,StnPres,StnPresMax,StnPresMaxTime,StnPresMin,StnPresMinTime,Tx,TxMaxAbs,TxMaxAbsTime,TxMinAbs,TxMinAbsTime,RH,RHMin,RHMinTime,WS,WD,WSGust,WDGust,WGustTime,Precp,AirTemperature.MaximumTimef,AirTemperature.Maximumf,AirTemperature.Meanf,AirTemperature.MinimumTimef,AirTemperature.Minimumf,GlobalSolarRadiation.Accumulationf,GlobalSolarRadiation.HourlyMaximumTimef,GlobalSolarRadiation.HourlyMaximumf,GloblRad,GloblRadMax,GloblRadMaxTime,PeakGust.Directionf,PeakGust.MaximumTimef,PeakGust.Maximumf,Precipitation.Accumulationf,Precipitation.HourlyMaximum,Precipitation.HourlyMaximumTime,Precipitation.HourlyMaximumTimef,Precipitation.HourlyMaximumf,Precipitation.MeltFlag,Precipitation.MeltFlagf,RelativeHumidity.Maximum,RelativeHumidity.MaximumTime,RelativeHumidity.MaximumTimef,RelativeHumidity.Maximumf,RelativeHumidity.Meanf,RelativeHumidity.MinimumTimef,RelativeHumidity.Minimumf,SoilTemperatureAt0cm.Maximum,SoilTemperatureAt0cm.MaximumTime,SoilTemperatureAt0cm.MaximumTimef,SoilTemperatureAt0cm.Maximumf,SoilTemperatureAt0cm.Meanf,SoilTemperatureAt0cm.Minimum,SoilTemperatureAt0cm.MinimumTime,SoilTemperatureAt0cm.MinimumTimef,SoilTemperatureAt0cm.Minimumf,SoilTemperatureAt100cm.Maximum,SoilTemperatureAt100cm.MaximumTime,SoilTemperatureAt100cm.MaximumTimef,SoilTemperatureAt100cm.Maximumf,SoilTemperatureAt100cm.Meanf,SoilTemperatureAt100cm.Minimum,SoilTemperatureAt100cm.MinimumTime,SoilTemperatureAt100cm.MinimumTimef,SoilTemperatureAt100cm.Minimumf,SoilTemperatureAt10cm.Maximum,SoilTemperatureAt10cm.MaximumTime,SoilTemperatureAt10cm.MaximumTimef,SoilTemperatureAt10cm.Maximumf,SoilTemperatureAt10cm.Meanf,SoilTemperatureAt10cm.Minimum,SoilTemperatureAt10cm.MinimumTime,SoilTemperatureAt10cm.MinimumTimef,SoilTemperatureAt10cm.Minimumf,SoilTemperatureAt20cm.Maximum,SoilTemperatureAt20cm.MaximumTime,SoilTemperatureAt20cm.MaximumTimef,SoilTemperatureAt20cm.Maximumf,SoilTemperatureAt20cm.Meanf,SoilTemperatureAt20cm.Minimum,SoilTemperatureAt20cm.MinimumTime,SoilTemperatureAt20cm.MinimumTimef,SoilTemperatureAt20cm.Minimumf,SoilTemperatureAt50cm.Maximum,SoilTemperatureAt50cm.MaximumTime,SoilTemperatureAt50cm.MaximumTimef,SoilTemperatureAt50cm.Maximumf,SoilTemperatureAt50cm.Meanf,SoilTemperatureAt50cm.Minimum,SoilTemperatureAt50cm.MinimumTime,SoilTemperatureAt50cm.MinimumTimef,SoilTemperatureAt50cm.Minimumf,SoilTemperatureAt5cm.Maximum,SoilTemperatureAt5cm.MaximumTime,SoilTemperatureAt5cm.MaximumTimef,SoilTemperatureAt5cm.Maximumf,SoilTemperatureAt5cm.Meanf,SoilTemperatureAt5cm.Minimum,SoilTemperatureAt5cm.MinimumTime,SoilTemperatureAt5cm.MinimumTimef,SoilTemperatureAt5cm.Minimumf,StationPressure.MaximumTimef,StationPressure.Maximumf,StationPressure.Meanf,StationPressure.MinimumTimef,StationPressure.Minimumf,SunShine,SunshineDuration.Totalf,TxSoil0cm,TxSoil100cm,TxSoil10cm,TxSoil20cm,TxSoil50cm,TxSoil5cm,WindDirection.Prevailingf,WindSpeed.Meanf
1996-01-01,994.2,,,,,11.2,,,,,,,,1.9,292.5,,,,0.0,,,,,,,,,,,,,,,,,,,,,,,,,,,,,,,,,,,,,,,,,,,,,,,,,,,,,,,,,,,,,,,,,,,,,,,,,,,,,,,,,,,,,,,,8.3,,,,,,,,,
1996-01-02,993.1,-9999.7,,-9999.7,,12.7,-99.7,,-99.7,,,-9997.0,,2.3,292.5,-99.7,-999.7,,0.0,,,,,,,,,,,,,,,,,,,,,,-9997.0,,,,,,,,,,,,,,,,,,,,,,,,,,,,,,,,,,,,,,,,,,,,,,,,,,,,,,,,,,,,,,,,,,7.6,,,,,,,,,
1996-01-03,995.5,-9999.7,,-9999.7,,13.0,-99.7,,-99.7,,,-9997.0,,2.2,315.0,-99.7,-999.7,,0.0,,,,,,,,,,,,,,,,,,,,,,-9997.0,,,,,,,,,,,,,,,,,,,,,,,,,,,,,,,,,,,,,,,,,,,,,,,,,,,,,,,,,,,,,,,,,,4.9,,,,,,,,,
1996-01-04,993.8,-9999.7,,-9999.7,,14.5,-99.7,,-99.7,,,-9997.0,,5.1,112.5,-99.7,-999.7,,0.0,,,,,,,,,,,,,,,,,,,,,,-9997.0,,,,,,,,,,,,,,,,,,,,,,,,,,,,,,,,,,,,,,,,,,,,,,,,,,,,,,,,,,,,,,,,,,4.4,,,,,,,,,
1996-01-05,990.0,-9999.7,,-9999.7,,15.8,-99.7,,-99.7,,,-9997.0,,1.6,292.5,-99.7,-999.7,,0.0,,,,,,,,,,,,,,,,,,,,,,-9997.0,,,,,,,,,,,,,,,,,,,,,,,,,,,,,,,,,,,,,,,,,,,,,,,,,,,,,,,,,,,,,,,,,,8.2,,,,,,,,,
1996-01-06,991.2,-9999.7,,-9999.7,,16.1,-99.7,,-99.7,,,-9997.0,,1.8,292.5,-99.7,-999.7,,0.0,,,,,,,,,,,,,,,,,,,,,,-9997.0,,,,,,,,,,,,,,,,,,,,,,,,,,,,,,,,,,,,,,,,,,,,,,,,,,,,,,,,,,,,,,,,,,8.7,,,,,,,,,
1996-01-07,991.6,-9999.7,,-9999.7,,17.1,-99.7,,-99.7,,,-9997.0,,1.5,292.5,-99.7,-999.7,,0.0,,,,,,,,,,,,,,,,,,,,,,-9997.0,,,,,,,,,,,,,,,,,,,,,,,,,,,,,,,,,,,,,,,,,,,,,,,,,,,,,,,,,,,,,,,,,,8.8,,,,,,,,,
1996-01-08,998.5,-9999.7,,-9999.7,,10.4,-99.7,,-99.7,,,-9997.0,,2.8,22.5,-99.7,-999.7,,31.0,,,,,,,,,,,,,,,,,,,,,,-9997.0,,,,,,,,,,,,,,,,,,,,,,,,,,,,,,,,,,,,,,,,,,,,,,,,,,,,,,,,,,,,,,,,,,0.0,,,,,,,,,
1996-01-09,997.2,-9999.7,,-9999.7,,9.1,-99.7,,-99.7,,,-9997.0,,1.7,67.5,-99.7,-999.7,,11.5,,,,,,,,,,,,,,,,,,,,,,-9997.0,,,,,,,,,,,,,,,,,,,,,,,,,,,,,,,,,,,,,,,,,,,,,,,,,,,,,,,,,,,,,,,,,,0.0,,,,,,,,,
1996-01-10,994.1,-9999.7,,-9999.7,,11.1,-99.7,,-99.7,,,-9997.0,,1.3,337.5,-99.7,-999.7,,45.0,,,,,,,,,,,,,,,,,,,,,,-9997.0,,,,,,,,,,,,,,,,,,,,,,,,,,,,,,,,,,,,,,,,,,,,,,,,,,,,,,,,,,,,,,,,,,0.0,,,,,,,,,
1996-01-11,993.4,-9999.7,,-9999.7,,12.8,-99.7,,-99.7,,,-9997.0,,1.7,112.5,-99.7,-999.7,,17.5,,,,,,,,,,,,,,,,,,,,,,-9997.0,,,,,,,,,,,,,,,,,,,,,,,,,,,,,,,,,,,,,,,,,,,,,,,,,,,,,,,,,,,,,,,,,,0.0,,,,,,,,,
1996-01-12,991.7,-9999.7,,-9999.7,,15.3,-99.7,,-99.7,,,-9997.0,,3.3,112.5,-99.7,-999.7,,16.0,,,,,,,,,,,,,,,,,,,,,,-9997.0,,,,,,,,,,,,,,,,,,,,,,,,,,,,,,,,,,,,,,,,,,,,,,,,,,,,,,,,,,,,,,,,,,0.0,,,,,,,,,
1996-01-13,988.8,-9999.7,,-9999.7,,17.1,-99.7,,-99.7,,,-9997.0,,1.5,315.0,-99.7,-999.7,,1.5,,,,,,,,,,,,,,,,,,,,,,-9997.0,,,,,,,,,,,,,,,,,,,,,,,,,,,,,,,,,,,,,,,,,,,,,,,,,,,,,,,,,,,,,,,,,,1.3,,,,,,,,,
1996-01-14,988.0,-9999.7,,-9999.7,,17.1,-99.7,,-99.7,,,-9997.0,,1.6,112.5,-99.7,-999.7,,0.5,,,,,,,,,,,,,,,,,,,,,,-9997.0,,,,,,,,,,,,,,,,,,,,,,,,,,,,,,,,,,,,,,,,,,,,,,,,,,,,,,,,,,,,,,,,,,0.0,,,,,,,,,
1996-01-15,988.8,-9999.7,,-9999.7,,16.3,-99.7,,-99.7,,,-9997.0,,2.1,292.5,-99.7,-999.7,,9.0,,,,,,,,,,,,,,,,,,,,,,-9997.0,,,,,,,,,,,,,,,,,,,,,,,,,,,,,,,,,,,,,,,,,,,,,,,,,,,,,,,,,,,,,,,,,,2.5,,,,,,,,,
1996-01-16,993.3,-9999.7,,-9999.7,,11.2,-99.7,,-99.7,,,-9997.0,,2.4,112.5,-99.7,-999.7,,26.0,,,,,,,,,,,,,,,,,,,,,,-9997.0,,,,,,,,,,,,,,,,,,,,,,,,,,,,,,,,,,,,,,,,,,,,,,,,,,,,,,,,,,,,,,,,,,0.0,,,,,,,,,
1996-01-17,990.1,-9999.7,,-9999.7,,15.0,-99.7,,-99.7,,,-9997.0,,1.8,135.0,-99.7,-999.7,,9.0,,,,,,,,,,,,,,,,,,,,,,-9997.0,,,,,,,,,,,,,,,,,,,,,,,,,,,,,,,,,,,,,,,,,,,,,,,,,,,,,,,,,,,,,,,,,,0.0,,,,,,,,,
1996-01-18,990.2,-9999.7,,-9999.7,,14.1,-99.7,,-99.7,,,-9997.0,,2.6,67.5,-99.7,-999.7,,20.0,,,,,,,,,,,,,,,,,,,,,,-9997.0,,,,,,,,,,,,,,,,,,,,,,,,,,,,,,,,,,,,,,,,,,,,,,,,,,,,,,,,,,,,,,,,,,0.0,,,,,,,,,
1996-01-19,989.4,-9999.7,,-9999.7,,12.5,-99.7,,-99.7,,,-9997.0,,1.5,360.0,-99.7,-999.7,,11.5,,,,,,,,,,,,,,,,,,,,,,-9997.0,,,,,,,,,,,,,,,,,,,,,,,,,,,,,,,,,,,,,,,,,,,,,,,,,,,,,,,,,,,,,,,,,,0.0,,,,,,,,,
1996-01-20,-9999.5,,,,,-99.5,,,,,,,,-99.5,-999.5,,,,0.0,,,,,,,,,,,,,,,,,,,,,,,,,,,,,,,,,,,,,,,,,,,,,,,,,,,,,,,,,,,,,,,,,,,,,,,,,,,,,,,,,,,,,,,,-99.5,,,,,,,,,
1996-01-21,-9999.5,,,,,-99.5,,,,,,,,-99.5,-999.5,,,,0.0,,,,,,,,,,,,,,,,,,,,,,,,,,,,,,,,,,,,,,,,,,,,,,,,,,,,,,,,,,,,,,,,,,,,,,,,,,,,,,,,,,,,,,,,-99.5,,,,,,,,,
1996-01-22,-9999.5,,,,,-99.7,,,,,,,,-99.7,-999.7,,,,0.0,,,,,,,,,,,,,,,,,,,,,,,,,,,,,,,,,,,,,,,,,,,,,,,,,,,,,,,,,,,,,,,,,,,,,,,,,,,,,,,,,,,,,,,,-99.6,,,,,,,,,
1996-01-23,-9999.5,,,,,-99.7,,,,,,,,-99.7,-999.7,,,,0.0,,,,,,,,,,,,,,,,,,,,,,,,,,,,,,,,,,,,,,,,,,,,,,,,,,,,,,,,,,,,,,,,,,,,,,,,,,,,,,,,,,,,,,,,-99.6,,,,,,,,,
1996-01-24,988.7,-9999.7,,-9999.7,,15.5,-99.7,,-99.7,,,-9997.0,,3.7,135.0,-99.7,-999.7,,68.5,,,,,,,,,,,,,,,,,,,,,,-9997.0,,,,,,,,,,,,,,,,,,,,,,,,,,,,,,,,,,,,,,,,,,,,,,,,,,,,,,,,,,,,,,,,,,0.0,,,,,,,,,
1996-01-25,989.2,-9999.7,,-9999.7,,12.8,-99.7,,-99.7,,,-9997.0,,3.0,315.0,-99.7,-999.7,,43.5,,,,,,,,,,,,,,,,,,,,,,-9997.0,,,,,,,,,,,,,,,,,,,,,,,,,,,,,,,,,,,,,,,,,,,,,,,,,,,,,,,,,,,,,,,,,,0.0,,,,,,,,,
1996-01-26,992.7,-9999.7,,-9999.7,,10.4,-99.7,,-99.7,,,-9997.0,,2.7,112.5,-99.7,-999.7,,21.5,,,,,,,,,,,,,,,,,,,,,,-9997.0,,,,,,,,,,,,,,,,,,,,,,,,,,,,,,,,,,,,,,,,,,,,,,,,,,,,,,,,,,,,,,,,,,0.0,,,,,,,,,
1996-01-27,993.3,-9999.7,,-9999.7,,11.0,-99.7,,-99.7,,,-9997.0,,1.5,67.5,-99.7,-999.7,,44.5,,,,,,,,,,,,,,,,,,,,,,-9997.0,,,,,,,,,,,,,,,,,,,,,,,,,,,,,,,,,,,,,,,,,,,,,,,,,,,,,,,,,,,,,,,,,,0.0,,,,,,,,,
1996-01-28,993.2,-9999.7,,-9999.7,,11.6,-99.7,,-99.7,,,-9997.0,,1.3,90.0,-99.7,-999.7,,16.0,,,,,,,,,,,,,,,,,,,,,,-9997.0,,,,,,,,,,,,,,,,,,,,,,,,,,,,,,,,,,,,,,,,,,,,,,,,,,,,,,,,,,,,,,,,,,0.0,,,,,,,,,
1996-01-29,994.2,-9999.7,,-9999.7,,11.5,-99.7,,-99.7,,,-9997.0,,1.0,90.0,-99.7,-999.7,,1.0,,,,,,,,,,,,,,,,,,,,,,-9997.0,,,,,,,,,,,,,,,,,,,,,,,,,,,,,,,,,,,,,,,,,,,,,,,,,,,,,,,,,,,,,,,,,,0.0,,,,,,,,,
1996-01-30,994.9,-9999.7,,-9999.7,,13.0,-99.7,,-99.7,,,-9997.0,,3.0,112.5,-99.7,-999.7,,0.5,,,,,,,,,,,,,,,,,,,,,,-9997.0,,,,,,,,,,,,,,,,,,,,,,,,,,,,,,,,,,,,,,,,,,,,,,,,,,,,,,,,,,,,,,,,,,0.0,,,,,,,,,
1996-01-31,993.6,-9999.7,,-9999.7,,13.8,-99.7,,-99.7,,,-9997.0,,3.4,315.0,-99.7,-999.7,,77.5,,,,,,,,,,,,,,,,,,,,,,-9997.0,,,,,,,,,,,,,,,,,,,,,,,,,,,,,,,,,,,,,,,,,,,,,,,,,,,,,,,,,,,,,,,,,,0.0,,,,,,,,,
1996-02-01,997.2,-9999.7,,-9999.7,,10.6,-99.7,,-99.7,,,-9997.0,,2.6,360.0,-99.7,-999.7,,54.5,,,,,,,,,,,,,,,,,,,,,,-9997.0,,,,,,,,,,,,,,,,,,,,,,,,,,,,,,,,,,,,,,,,,,,,,,,,,,,,,,,,,,,,,,,,,,0.0,,,,,,,,,
1996-02-02,999.9,-9999.7,,-9999.7,,8.4,-99.7,,-99.7,,,-9997.0,,2.1,360.0,-99.7,-999.7,,0.0,,,,,,,,,,,,,,,,,,,,,,-9997.0,,,,,,,,,,,,,,,,,,,,,,,,,,,,,,,,,,,,,,,,,,,,,,,,,,,,,,,,,,,,,,,,,,0.2,,,,,,,,,
1996-02-03,996.0,-9999.7,,-9999.7,,10.7,-99.7,,-99.7,,,-9997.0,,2.7,112.5,-99.7,-999.7,,0.0,,,,,,,,,,,,,,,,,,,,,,-9997.0,,,,,,,,,,,,,,,,,,,,,,,,,,,,,,,,,,,,,,,,,,,,,,,,,,,,,,,,,,,,,,,,,,0.5,,,,,,,,,
1996-02-04,991.6,-9999.7,,-9999.7,,13.6,-99.7,,-99.7,,,-9997.0,,2.5,337.5,-99.7,-999.7,,0.0,,,,,,,,,,,,,,,,,,,,,,-9997.0,,,,,,,,,,,,,,,,,,,,,,,,,,,,,,,,,,,,,,,,,,,,,,,,,,,,,,,,,,,,,,,,,,7.0,,,,,,,,,
1996-02-05,995.5,-9999.7,,-9999.7,,13.6,-99.7,,-99.7,,,-9997.0,,2.8,112.5,-99.7,-999.7,,0.0,,,,,,,,,,,,,,,,,,,,,,-9997.0,,,,,,,,,,,,,,,,,,,,,,,,,,,,,,,,,,,,,,,,,,,,,,,,,,,,,,,,,,,,,,,,,,0.0,,,,,,,,,
1996-02-06,998.8,-9999.7,,-9999.7,,12.2,-99.7,,-99.7,,,-9997.0,,6.0,112.5,-99.7,-999.7,,0.0,,,,,,,,,,,,,,,,,,,,,,-9997.0,,,,,,,,,,,,,,,,,,,,,,,,,,,,,,,,,,,,,,,,,,,,,,,,,,,,,,,,,,,,,,,,,,1.3,,,,,,,,,
1996-02-07,994.3,-9999.7,,-9999.7,,15.0,-99.7,,-99.7,,,-9997.0,,5.6,112.5,-99.7,-999.7,,0.0,,,,,,,,,,,,,,,,,,,,,,-9997.0,,,,,,,,,,,,,,,,,,,,,,,,,,,,,,,,,,,,,,,,,,,,,,,,,,,,,,,,,,,,,,,,,,1.8,,,,,,,,,
1996-02-08,992.3,-9999.7,,-9999.7,,15.6,-99.7,,-99.7,,,-9997.0,,3.2,292.5,-99.7,-999.7,,0.0,,,,,,,,,,,,,,,,,,,,,,-9997.0,,,,,,,,,,,,,,,,,,,,,,,,,,,,,,,,,,,,,,,,,,,,,,,,,,,,,,,,,,,,,,,,,,8.8,,,,,,,,,
1996-02-09,999.0,-9999.7,,-9999.7,,10.9,-99.7,,-99.7,,,-9997.0,,3.1,337.5,-99.7,-999.7,,0.0,,,,,,,,,,,,,,,,,,,,,,-9997.0,,,,,,,,,,,,,,,,,,,,,,,,,,,,,,,,,,,,,,,,,,,,,,,,,,,,,,,,,,,,,,,,,,1.5,,,,,,,,,
1996-02-10,999.8,-9999.7,,-9999.7,,9.0,-99.7,,-99.7,,,-9997.0,,3.3,112.5,-99.7,-999.7,,0.0,,,,,,,,,,,,,,,,,,,,,,-9997.0,,,,,,,,,,,,,,,,,,,,,,,,,,,,,,,,,,,,,,,,,,,,,,,,,,,,,,,,,,,,,,,,,,0.3,,,,,,,,,
1996-02-11,992.2,-9999.7,,-9999.7,,13.0,-99.7,,-99.7,,,-9997.0,,2.5,112.5,-99.7,-999.7,,0.0,,,,,,,,,,,,,,,,,,,,,,-9997.0,,,,,,,,,,,,,,,,,,,,,,,,,,,,,,,,,,,,,,,,,,,,,,,,,,,,,,,,,,,,,,,,,,9.6,,,,,,,,,
1996-02-12,986.4,-9999.7,,-9999.7,,14.7,-99.7,,-99.7,,,-9997.0,,1.9,292.5,-99.7,-999.7,,0.0,,,,,,,,,,,,,,,,,,,,,,-9997.0,,,,,,,,,,,,,,,,,,,,,,,,,,,,,,,,,,,,,,,,,,,,,,,,,,,,,,,,,,,,,,,,,,9.6,,,,,,,,,
1996-02-13,982.2,-9999.7,,-9999.7,,18.2,-99.7,,-99.7,,,-9997.0,,1.6,292.5,-99.7,-999.7,,0.0,,,,,,,,,,,,,,,,,,,,,,-9997.0,,,,,,,,,,,,,,,,,,,,,,,,,,,,,,,,,,,,,,,,,,,,,,,,,,,,,,,,,,,,,,,,,,2.3,,,,,,,,,
1996-02-14,979.4,-9999.7,,-9999.7,,19.8,-99.7,,-99.7,,,-9997.0,,2.2,112.5,-99.7,-999.7,,0.0,,,,,,,,,,,,,,,,,,,,,,-9997.0,,,,,,,,,,,,,,,,,,,,,,,,,,,,,,,,,,,,,,,,,,,,,,,,,,,,,,,,,,,,,,,,,,9.4,,,,,,,,,
1996-02-15,983.1,-9999.7,,-9999.7,,19.5,-99.7,,-99.7,,,-9997.0,,4.2,270.0,-99.7,-999.7,,7.0,,,,,,,,,,,,,,,,,,,,,,-9997.0,,,,,,,,,,,,,,,,,,,,,,,,,,,,,,,,,,,,,,,,,,,,,,,,,,,,,,,,,,,,,,,,,,3.7,,,,,,,,,
1996-02-16,988.7,-9999.7,,-9999.7,,15.5,-99.7,,-99.7,,,-9997.0,,1.3,135.0,-99.7,-999.7,,18.0,,,,,,,,,,,,,,,,4.0,1996-02-16T01:00:00,,,0.0,,-9997.0,,,,,,,,,,,,,,,,,,,,,,,,,,,,,,,,,,,,,,,,,,,,,,,,,,,,,,,,,,,,,,,,,,0.0,,,,,,,,,
1996-02-17,990.4,-9999.7,,-9999.7,,16.4,-99.7,,-99.7,,,-9997.0,,2.4,67.5,-99.7,-999.7,,-9999.6,,,,,,,,,,,,,,,,-9999.6,,,,0.0,,-9997.0,,,,,,,,,,,,,,,,,,,,,,,,,,,,,,,,,,,,,,,,,,,,,,,,,,,,,,,,,,,,,,,,,,-99.6,,,,,,,,,
1996-02-18,-9999.5,,,,,-99.7,,,,,,,,-99.7,-999.7,,,,-9999.6,,,,,,,,,,,,,,,,-9999.6,,,,0.0,,,,,,,,,,,,,,,,,,,,,,,,,,,,,,,,,,,,,,,,,,,,,,,,,,,,,,,,,,,,,,,,,,,,-99.6,,,,,,,,,
1996-02-19,-9999.5,,,,,-99.7,,,,,,,,-99.7,-999.7,,,,-9999.6,,,,,,,,,,,,,,,,-9999.6,,,,0.0,,,,,,,,,,,,,,,,,,,,,,,,,,,,,,,,,,,,,,,,,,,,,,,,,,,,,,,,,,,,,,,,,,,,-99.6,,,,,,,,,
1996-02-20,1001.5,-9999.7,,-9999.7,,8.3,-99.7,,-99.7,,,-9997.0,,3.2,22.5,-99.7,-999.7,,177.0,,,,,,,,,,,,,,,,-9999.6,,,,0.0,,-9997.0,,,,,,,,,,,,,,,,,,,,,,,,,,,,,,,,,,,,,,,,,,,,,,,,,,,,,,,,,,,,,,,,,,0.0,,,,,,,,,
1996-02-21,1000.5,-9999.7,,-9999.7,,8.7,-99.7,,-99.7,,,-9997.0,,2.3,360.0,-99.7,-999.7,,21.5,,,,,,,,,,,,,,,,2.0,1996-02-21T09:00:00,,,0.0,,-9997.0,,,,,,,,,,,,,,,,,,,,,,,,,,,,,,,,,,,,,,,,,,,,,,,,,,,,,,,,,,,,,,,,,,0.0,,,,,,,,,
1996-02-22,997.0,-9999.7,,-9999.7,,10.7,-99.7,,-99.7,,,-9997.0,,2.7,112.5,-99.7,-999.7,,74.5,,,,,,,,,,,,,,,,6.5,1996-02-22T16:00:00,,,0.0,,-9997.0,,,,,,,,,,,,,,,,,,,,,,,,,,,,,,,,,,,,,,,,,,,,,,,,,,,,,,,,,,,,,,,,,,0.0,,,,,,,,,
1996-02-23,994.7,-9999.7,,-9999.7,,12.5,-99.7,,-99.7,,,-9997.0,,2.4,112.5,-99.7,-999.7,,78.0,,,,,,,,,,,,,,,,7.0,1996-02-23T20:00:00,,,0.0,,-9997.0,,,,,,,,,,,,,,,,,,,,,,,,,,,,,,,,,,,,,,,,,,,,,,,,,,,,,,,,,,,,,,,,,,0.0,,,,,,,,,
1996-02-24,992.8,-9999.7,,-9999.7,,12.4,-99.7,,-99.7,,,-9997.0,,2.3,112.5,-99.7,-999.7,,35.5,,,,,,,,,,,,,,,,4.0,1996-02-24T03:00:00,,,0.0,,-9997.0,,,,,,,,,,,,,,,,,,,,,,,,,,,,,,,,,,,,,,,,,,,,,,,,,,,,,,,,,,,,,,,,,,0.0,,,,,,,,,
1996-02-25,-9999.5,,,,,-99.7,,,,,,,,-99.7,-999.7,,,,-9999.6,,,,,,,,,,,,,,,,-9999.6,,,,0.0,,,,,,,,,,,,,,,,,,,,,,,,,,,,,,,,,,,,,,,,,,,,,,,,,,,,,,,,,,,,,,,,,,,,-99.6,,,,,,,,,
1996-02-26,-9999.5,,,,,-99.7,,,,,,,,-99.7,-999.7,,,,-9999.6,,,,,,,,,,,,,,,,-9999.6,,,,0.0,,,,,,,,,,,,,,,,,,,,,,,,,,,,,,,,,,,,,,,,,,,,,,,,,,,,,,,,,,,,,,,,,,,,-99.6,,,,,,,,,
1996-02-27,993.7,,,,,11.4,,,,,,,,3.2,120.0,,,,207.0,,,,,,,,,,,,,,,,1.0,1996-02-27T20:00:00,,,0.0,,,,,,,,,,,,,,,,,,,,,,,,,,,,,,,,,,,,,,,,,,,,,,,,,,,,,,,,,,,,,,,,,,,,0.0,,,,,,,,,
1996-02-28,992.3,,,,,13.6,,,,,,,,2.5,130.0,,,,12.5,,,,,,,,,,,,,,,,3.0,1996-02-28T04:00:00,,,0.0,,,,,,,,,,,,,,,,,,,,,,,,,,,,,,,,,,,,,,,,,,,,,,,,,,,,,,,,,,,,,,,,,,,,0.0,,,,,,,,,
1996-02-29,989.9,-9999.7,,-9999.7,,15.7,-99.7,,-99.7,,,-9997.0,,2.4,315.0,-99.7,-999.7,,0.0,,,,,,,,,,,,,,,,,,,,,,-9997.0,,,,,,,,,,,,,,,,,,,,,,,,,,,,,,,,,,,,,,,,,,,,,,,,,,,,,,,,,,,,,,,,,,8.2,,,,,,,,,
1996-03-01,993.9,-9999.7,,-9999.7,,13.2,-99.7,,-99.7,,,-9997.0,,2.9,360.0,-99.7,-999.7,,15.5,,,,,,,,,,,,,,,,,,,,,,-9997.0,,,,,,,,,,,,,,,,,,,,,,,,,,,,,,,,,,,,,,,,,,,,,,,,,,,,,,,,,,,,,,,,,,0.0,,,,,,,,,
1996-03-02,992.2,-9999.7,,-9999.7,,13.0,-99.7,,-99.7,,,-9997.0,,4.8,112.5,-99.7,-999.7,,0.0,,,,,,,,,,,,,,,,,,,,,,-9997.0,,,,,,,,,,,,,,,,,,,,,,,,,,,,,,,,,,,,,,,,,,,,,,,,,,,,,,,,,,,,,,,,,,1.6,,,,,,,,,
1996-03-03,991.4,-9999.7,,-9999.7,,15.5,-99.7,,-99.7,,,-9997.0,,4.3,112.5,-99.7,-999.7,,0.0,,,,,,,,,,,,,,,,,,,,,,-9997.0,,,,,,,,,,,,,,,,,,,,,,,,,,,,,,,,,,,,,,,,,,,,,,,,,,,,,,,,,,,,,,,,,,8.5,,,,,,,,,
1996-03-04,992.7,-9999.7,,-9999.7,,15.7,-99.7,,-99.7,,,-9997.0,,4.6,112.5,-99.7,-999.7,,0.0,,,,,,,,,,,,,,,,,,,,,,-9997.0,,,,,,,,,,,,,,,,,,,,,,,,,,,,,,,,,,,,,,,,,,,,,,,,,,,,,,,,,,,,,,,,,,7.3,,,,,,,,,
1996-03-05,990.3,-9999.7,,-9999.7,,16.9,-99.7,,-99.7,,,-9997.0,,3.4,90.0,-99.7,-999.7,,0.0,,,,,,,,,,,,,,,,,,,,,,-9997.0,,,,,,,,,,,,,,,,,,,,,,,,,,,,,,,,,,,,,,,,,,,,,,,,,,,,,,,,,,,,,,,,,,10.0,,,,,,,,,
1996-03-06,987.8,-9999.7,,-9999.7,,17.6,-99.7,,-99.7,,,-9997.0,,1.2,135.0,-99.7,-999.7,,0.0,,,,,,,,,,,,,,,,,,,,,,-9997.0,,,,,,,,,,,,,,,,,,,,,,,,,,,,,,,,,,,,,,,,,,,,,,,,,,,,,,,,,,,,,,,,,,7.2,,,,,,,,,
1996-03-07,986.5,-9999.7,,-9999.7,,19.7,-99.7,,-99.7,,,-9997.0,,2.0,292.5,-99.7,-999.7,,0.0,,,,,,,,,,,,,,,,,,,,,,-9997.0,,,,,,,,,,,,,,,,,,,,,,,,,,,,,,,,,,,,,,,,,,,,,,,,,,,,,,,,,,,,,,,,,,8.3,,,,,,,,,
1996-03-08,989.4,-9999.7,,-9999.7,,15.6,-99.7,,-99.7,,,-9997.0,,1.5,292.5,-99.7,-999.7,,7.5,,,,,,,,,,,,,,,,,,,,,,-9997.0,,,,,,,,,,,,,,,,,,,,,,,,,,,,,,,,,,,,,,,,,,,,,,,,,,,,,,,,,,,,,,,,,,0.0,,,,,,,,,
1996-03-09,993.4,-9999.7,,-9999.7,,10.0,-99.7,,-99.7,,,-9997.0,,2.0,22.5,-99.7,-999.7,,28.0,,,,,,,,,,,,,,,,,,,,,,-9997.0,,,,,,,,,,,,,,,,,,,,,,,,,,,,,,,,,,,,,,,,,,,,,,,,,,,,,,,,,,,,,,,,,,0.0,,,,,,,,,
1996-03-10,991.5,-9999.7,,-9999.7,,10.0,-99.7,,-99.7,,,-9997.0,,2.6,315.0,-99.7,-999.7,,45.0,,,,,,,,,,,,,,,,,,,,,,-9997.0,,,,,,,,,,,,,,,,,,,,,,,,,,,,,,,,,,,,,,,,,,,,,,,,,,,,,,,,,,,,,,,,,,0.0,,,,,,,,,
1996-03-11,992.9,-9999.7,,-9999.7,,10.8,-99.7,,-99.7,,,-9997.0,,2.9,112.5,-99.7,-999.7,,10.5,,,,,,,,,,,,,,,,,,,,,,-9997.0,,,,,,,,,,,,,,,,,,,,,,,,,,,,,,,,,,,,,,,,,,,,,,,,,,,,,,,,,,,,,,,,,,0.0,,,,,,,,,
1996-03-12,991.2,-9999.7,,-9999.7,,13.1,-99.7,,-99.7,,,-9997.0,,3.7,157.5,-99.7,-999.7,,23.0,,,,,,,,,,,,,,,,,,,,,,-9997.0,,,,,,,,,,,,,,,,,,,,,,,,,,,,,,,,,,,,,,,,,,,,,,,,,,,,,,,,,,,,,,,,,,0.7,,,,,,,,,
1996-03-13,988.9,-9999.7,,-9999.7,,15.4,-99.7,,-99.7,,,-9997.0,,1.7,135.0,-99.7,-999.7,,5.5,,,,,,,,,,,,,,,,,,,,,,-9997.0,,,,,,,,,,,,,,,,,,,,,,,,,,,,,,,,,,,,,,,,,,,,,,,,,,,,,,,,,,,,,,,,,,0.0,,,,,,,,,
1996-03-14,984.7,-9999.7,,-9999.7,,18.9,-99.7,,-99.7,,,-9997.0,,1.6,315.0,-99.7,-999.7,,0.0,,,,,,,,,,,,,,,,,,,,,,-9997.0,,,,,,,,,,,,,,,,,,,,,,,,,,,,,,,,,,,,,,,,,,,,,,,,,,,,,,,,,,,,,,,,,,0.6,,,,,,,,,
1996-03-15,982.0,-9999.7,,-9999.7,,22.2,-99.7,,-99.7,,,-9997.0,,4.8,112.5,-99.7,-999.7,,0.0,,,,,,,,,,,,,,,,,,,,,,-9997.0,,,,,,,,,,,,,,,,,,,,,,,,,,,,,,,,,,,,,,,,,,,,,,,,,,,,,,,,,,,,,,,,,,7.6,,,,,,,,,
1996-03-16,982.1,-9999.7,,-9999.7,,21.8,-99.7,,-99.7,,,-9997.0,,1.3,90.0,-99.7,-999.7,,0.0,,,,,,,,,,,,,,,,,,,,,,-9997.0,,,,,,,,,,,,,,,,,,,,,,,,,,,,,,,,,,,,,,,,,,,,,,,,,,,,,,,,,,,,,,,,,,7.8,,,,,,,,,
1996-03-17,983.0,-9999.7,,-9999.7,,21.9,-99.7,,-99.7,,,-9997.0,,2.8,135.0,-99.7,-999.7,,10.0,,,,,,,,,,,,,,,,,,,,,,-9997.0,,,,,,,,,,,,,,,,,,,,,,,,,,,,,,,,,,,,,,,,,,,,,,,,,,,,,,,,,,,,,,,,,,4.6,,,,,,,,,
1996-03-18,987.5,-9999.7,,-9999.7,,13.3,-99.7,,-99.7,,,-9997.0,,2.1,22.5,-99.7,-999.7,,70.5,,,,,,,,,,,,,,,,,,,,,,-9997.0,,,,,,,,,,,,,,,,,,,,,,,,,,,,,,,,,,,,,,,,,,,,,,,,,,,,,,,,,,,,,,,,,,0.0,,,,,,,,,
1996-03-19,984.3,-9999.7,,-9999.7,,15.8,-99.7,,-99.7,,,-9997.0,,3.3,135.0,-99.7,-999.7,,52.5,,,,,,,,,,,,,,,,,,,,,,-9997.0,,,,,,,,,,,,,,,,,,,,,,,,,,,,,,,,,,,,,,,,,,,,,,,,,,,,,,,,,,,,,,,,,,0.0,,,,,,,,,
1996-03-20,984.6,-9999.7,,-9999.7,,14.0,-99.7,,-99.7,,,-9997.0,,1.6,292.5,-99.7,-999.7,,11.0,,,,,,,,,,,,,,,,,,,,,,-9997.0,,,,,,,,,,,,,,,,,,,,,,,,,,,,,,,,,,,,,,,,,,,,,,,,,,,,,,,,,,,,,,,,,,0.0,,,,,,,,,
1996-03-21,984.4,-9999.7,,-9999.7,,16.9,-99.7,,-99.7,,,-9997.0,,1.5,135.0,-99.7,-999.7,,0.0,,,,,,,,,,,,,,,,,,,,,,-9997.0,,,,,,,,,,,,,,,,,,,,,,,,,,,,,,,,,,,,,,,,,,,,,,,,,,,,,,,,,,,,,,,,,,1.3,,,,,,,,,
1996-03-22,989.9,-9999.7,,-9999.7,,15.1,-99.7,,-99.7,,,-9997.0,,3.2,112.5,-99.7,-999.7,,15.5,,,,,,,,,,,,,,,,,,,,,,-9997.0,,,,,,,,,,,,,,,,,,,,,,,,,,,,,,,,,,,,,,,,,,,,,,,,,,,,,,,,,,,,,,,,,,0.0,,,,,,,,,
1996-03-23,992.2,-9999.7,,-9999.7,,15.5,-99.7,,-99.7,,,-9997.0,,3.0,112.5,-99.7,-999.7,,16.5,,,,,,,,,,,,,,,,,,,,,,-9997.0,,,,,,,,,,,,,,,,,,,,,,,,,,,,,,,,,,,,,,,,,,,,,,,,,,,,,,,,,,,,,,,,,,0.0,,,,,,,,,
1996-03-24,990.1,-9999.7,,-9999.7,,15.8,-99.7,,-99.7,,,-9997.0,,2.9,135.0,-99.7,-999.7,,6.5,,,,,,,,,,,,,,,,,,,,,,-9997.0,,,,,,,,,,,,,,,,,,,,,,,,,,,,,,,,,,,,,,,,,,,,,,,,,,,,,,,,,,,,,,,,,,0.3,,,,,,,,,
1996-03-25,991.3,-9999.7,,-9999.7,,14.6,-99.7,,-99.7,,,-9997.0,,3.2,135.0,-99.7,-999.7,,22.5,,,,,,,,,,,,,,,,,,,,,,-9997.0,,,,,,,,,,,,,,,,,,,,,,,,,,,,,,,,,,,,,,,,,,,,,,,,,,,,,,,,,,,,,,,,,,0.0,,,,,,,,,
1996-03-26,990.1,-9999.7,,-9999.7,,16.8,-99.7,,-99.7,,,-9997.0,,3.2,135.0,-99.7,-999.7,,21.0,,,,,,,,,,,,,,,,,,,,,,-9997.0,,,,,,,,,,,,,,,,,,,,,,,,,,,,,,,,,,,,,,,,,,,,,,,,,,,,,,,,,,,,,,,,,,0.0,,,,,,,,,
1996-03-27,990.2,-9999.7,,-9999.7,,17.9,-99.7,,-99.7,,,-9997.0,,1.3,112.5,-99.7,-999.7,,30.0,,,,,,,,,,,,,,,,,,,,,,-9997.0,,,,,,,,,,,,,,,,,,,,,,,,,,,,,,,,,,,,,,,,,,,,,,,,,,,,,,,,,,,,,,,,,,0.0,,,,,,,,,
1996-03-28,987.5,-9999.7,,-9999.7,,18.9,-99.7,,-99.7,,,-9997.0,,3.4,315.0,-99.7,-999.7,,9.0,,,,,,,,,,,,,,,,,,,,,,-9997.0,,,,,,,,,,,,,,,,,,,,,,,,,,,,,,,,,,,,,,,,,,,,,,,,,,,,,,,,,,,,,,,,,,4.1,,,,,,,,,
1996-03-29,983.4,-9999.7,,-9999.7,,20.0,-99.7,,-99.7,,,-9997.0,,3.4,270.0,-99.7,-999.7,,4.0,,,,,,,,,,,,,,,,,,,,,,-9997.0,,,,,,,,,,,,,,,,,,,,,,,,,,,,,,,,,,,,,,,,,,,,,,,,,,,,,,,,,,,,,,,,,,3.8,,,,,,,,,
1996-03-30,982.5,-9999.7,,-9999.7,,19.1,-99.7,,-99.7,,,-9997.0,,2.9,292.5,-99.7,-999.7,,9.5,,,,,,,,,,,,,,,,,,,,,,-9997.0,,,,,,,,,,,,,,,,,,,,,,,,,,,,,,,,,,,,,,,,,,,,,,,,,,,,,,,,,,,,,,,,,,0.5,,,,,,,,,
1996-03-31,980.1,-9999.7,,-9999.7,,18.1,-99.7,,-99.7,,,-9997.0,,2.5,112.5,-99.7,-999.7,,42.0,,,,,,,,,,,,,,,,,,,,,,-9997.0,,,,,,,,,,,,,,,,,,,,,,,,,,,,,,,,,,,,,,,,,,,,,,,,,,,,,,,,,,,,,,,,,,0.1,,,,,,,,,
1996-04-01,986.5,-9999.7,,-9999.7,,11.2,-99.7,,-99.7,,,-9997.0,,3.1,337.5,-99.7,-999.7,,85.5,,,,,,,,,,,,,,,,,,,,,,-9997.0,,,,,,,,,,,,,,,,,,,,,,,,,,,,,,,,,,,,,,,,,,,,,,,,,,,,,,,,,,,,,,,,,,0.0,,,,,,,,,
1996-04-02,991.0,-9999.7,,-9999.7,,9.8,-99.7,,-99.7,,,-9997.0,,2.1,45.0,-99.7,-999.7,,23.5,,,,,,,,,,,,,,,,,,,,,,-9997.0,,,,,,,,,,,,,,,,,,,,,,,,,,,,,,,,,,,,,,,,,,,,,,,,,,,,,,,,,,,,,,,,,,0.0,,,,,,,,,
1996-04-03,991.3,-9999.7,,-9999.7,,10.3,-99.7,,-99.7,,,-9997.0,,2.1,135.0,-99.7,-999.7,,31.0,,,,,,,,,,,,,,,,,,,,,,-9997.0,,,,,,,,,,,,,,,,,,,,,,,,,,,,,,,,,,,,,,,,,,,,,,,,,,,,,,,,,,,,,,,,,,0.0,,,,,,,,,
1996-04-04,992.3,-9999.7,,-9999.7,,12.5,-99.7,,-99.7,,,-9997.0,,2.5,135.0,-99.7,-999.7,,18.5,,,,,,,,,,,,,,,,,,,,,,-9997.0,,,,,,,,,,,,,,,,,,,,,,,,,,,,,,,,,,,,,,,,,,,,,,,,,,,,,,,,,,,,,,,,,,0.0,,,,,,,,,
1996-04-05,989.2,-9999.7,,-9999.7,,17.5,-99.7,,-99.7,,,-9997.0,,4.0,135.0,-99.7,-999.7,,7.5,,,,,,,,,,,,,,,,,,,,,,-9997.0,,,,,,,,,,,,,,,,,,,,,,,,,,,,,,,,,,,,,,,,,,,,,,,,,,,,,,,,,,,,,,,,,,0.9,,,,,,,,,
1996-04-06,988.4,-9999.7,,-9999.7,,17.8,-99.7,,-99.7,,,-9997.0,,1.1,135.0,-99.7,-999.7,,13.5,,,,,,,,,,,,,,,,,,,,,,-9997.0,,,,,,,,,,,,,,,,,,,,,,,,,,,,,,,,,,,,,,,,,,,,,,,,,,,,,,,,,,,,,,,,,,0.5,,,,,,,,,
1996-04-07,987.9,-9999.7,,-9999.7,,18.7,-99.7,,-99.7,,,-9997.0,,2.6,135.0,-99.7,-999.7,,8.0,,,,,,,,,,,,,,,,,,,,,,-9997.0,,,,,,,,,,,,,,,,,,,,,,,,,,,,,,,,,,,,,,,,,,,,,,,,,,,,,,,,,,,,,,,,,,0.0,,,,,,,,,
1996-04-08,987.0,-9999.7,,-9999.7,,16.7,-99.7,,-99.7,,,-9997.0,,2.7,135.0,-99.7,-999.7,,23.0,,,,,,,,,,,,,,,,,,,,,,-9997.0,,,,,,,,,,,,,,,,,,,,,,,,,,,,,,,,,,,,,,,,,,,,,,,,,,,,,,,,,,,,,,,,,,0.0,,,,,,,,,
1996-04-09,983.9,-9999.7,,-9999.7,,16.2,-99.7,,-99.7,,,-9997.0,,3.2,135.0,-99.7,-999.7,,27.0,,,,,,,,,,,,,,,,,,,,,,-9997.0,,,,,,,,,,,,,,,,,,,,,,,,,,,,,,,,,,,,,,,,,,,,,,,,,,,,,,,,,,,,,,,,,,0.0,,,,,,,,,
1996-04-10,985.2,-9999.7,,-9999.7,,13.7,-99.7,,-99.7,,,-9997.0,,3.4,337.5,-99.7,-999.7,,92.0,,,,,,,,,,,,,,,,,,,,,,-9997.0,,,,,,,,,,,,,,,,,,,,,,,,,,,,,,,,,,,,,,,,,,,,,,,,,,,,,,,,,,,,,,,,,,0.0,,,,,,,,,
1996-04-11,991.0,-9999.7,,-9999.7,,13.5,-99.7,,-99.7,,,-9997.0,,2.7,45.0,-99.7,-999.7,,20.0,,,,,,,,,,,,,,,,,,,,,,-9997.0,,,,,,,,,,,,,,,,,,,,,,,,,,,,,,,,,,,,,,,,,,,,,,,,,,,,,,,,,,,,,,,,,,0.0,,,,,,,,,
1996-04-12,993.0,-9999.7,,-9999.7,,14.6,-99.7,,-99.7,,,-9997.0,,4.5,112.5,-99.7,-999.7,,25.0,,,,,,,,,,,,,,,,,,,,,,-9997.0,,,,,,,,,,,,,,,,,,,,,,,,,,,,,,,,,,,,,,,,,,,,,,,,,,,,,,,,,,,,,,,,,,0.0,,,,,,,,,
1996-04-13,992.7,-9999.7,,-9999.7,,16.6,-99.7,,-99.7,,,-9997.0,,2.5,112.5,-99.7,-999.7,,32.0,,,,,,,,,,,,,,,,,,,,,,-9997.0,,,,,,,,,,,,,,,,,,,,,,,,,,,,,,,,,,,,,,,,,,,,,,,,,,,,,,,,,,,,,,,,,,0.0,,,,,,,,,
1996-04-14,990.9,-9999.7,,-9999.7,,15.3,-99.7,,-99.7,,,-9997.0,,2.4,315.0,-99.7,-999.7,,2.0,,,,,,,,,,,,,,,,,,,,,,-9997.0,,,,,,,,,,,,,,,,,,,,,,,,,,,,,,,,,,,,,,,,,,,,,,,,,,,,,,,,,,,,,,,,,,0.0,,,,,,,,,
1996-04-15,985.4,-9999.7,,-9999.7,,16.1,-99.7,,-99.7,,,-9997.0,,3.1,135.0,-99.7,-999.7,,16.0,,,,,,,,,,,,,,,,,,,,,,-9997.0,,,,,,,,,,,,,,,,,,,,,,,,,,,,,,,,,,,,,,,,,,,,,,,,,,,,,,,,,,,,,,,,,,0.8,,,,,,,,,
1996-04-16,981.5,-9999.7,,-9999.7,,16.3,-99.7,,-99.7,,,-9997.0,,3.5,292.5,-99.7,-999.7,,0.0,,,,,,,,,,,,,,,,,,,,,,-9997.0,,,,,,,,,,,,,,,,,,,,,,,,,,,,,,,,,,,,,,,,,,,,,,,,,,,,,,,,,,,,,,,,,,5.4,,,,,,,,,
1996-04-17,982.6,-9999.7,,-9999.7,,20.6,-99.7,,-99.7,,,-9997.0,,1.7,315.0,-99.7,-999.7,,0.0,,,,,,,,,,,,,,,,,,,,,,-9997.0,,,,,,,,,,,,,,,,,,,,,,,,,,,,,,,,,,,,,,,,,,,,,,,,,,,,,,,,,,,,,,,,,,10.7,,,,,,,,,
1996-04-18,984.3,-9999.7,,-9999.7,,21.6,-99.7,,-99.7,,,-9997.0,,2.0,315.0,-99.7,-999.7,,0.0,,,,,,,,,,,,,,,,,,,,,,-9997.0,,,,,,,,,,,,,,,,,,,,,,,,,,,,,,,,,,,,,,,,,,,,,,,,,,,,,,,,,,,,,,,,,,10.0,,,,,,,,,
1996-04-19,982.8,-9999.7,,-9999.7,,17.5,-99.7,,-99.7,,,-9997.0,,2.8,315.0,-99.7,-999.7,,66.5,,,,,,,,,,,,,,,,,,,,,,-9997.0,,,,,,,,,,,,,,,,,,,,,,,,,,,,,,,,,,,,,,,,,,,,,,,,,,,,,,,,,,,,,,,,,,0.0,,,,,,,,,
1996-04-20,990.6,-9999.7,,-9999.7,,13.1,-99.7,,-99.7,,,-9997.0,,3.1,112.5,-99.7,-999.7,,34.0,,,,,,,,,,,,,,,,,,,,,,-9997.0,,,,,,,,,,,,,,,,,,,,,,,,,,,,,,,,,,,,,,,,,,,,,,,,,,,,,,,,,,,,,,,,,,0.2,,,,,,,,,
1996-04-21,993.9,-9999.7,,-9999.7,,14.4,-99.7,,-99.7,,,-9997.0,,2.7,112.5,-99.7,-999.7,,0.0,,,,,,,,,,,,,,,,,,,,,,-9997.0,,,,,,,,,,,,,,,,,,,,,,,,,,,,,,,,,,,,,,,,,,,,,,,,,,,,,,,,,,,,,,,,,,6.8,,,,,,,,,
1996-04-22,992.1,-9999.7,,-9999.7,,12.4,-99.7,,-99.7,,,-9997.0,,1.4,157.5,-99.7,-999.7,,12.5,,,,,,,,,,,,,,,,,,,,,,-9997.0,,,,,,,,,,,,,,,,,,,,,,,,,,,,,,,,,,,,,,,,,,,,,,,,,,,,,,,,,,,,,,,,,,0.0,,,,,,,,,
1996-04-23,988.8,-9999.7,,-9999.7,,17.4,-99.7,,-99.7,,,-9997.0,,2.8,135.0,-99.7,-999.7,,0.0,,,,,,,,,,,,,,,,,,,,,,-9997.0,,,,,,,,,,,,,,,,,,,,,,,,,,,,,,,,,,,,,,,,,,,,,,,,,,,,,,,,,,,,,,,,,,7.4,,,,,,,,,
1996-04-24,987.2,-9999.7,,-9999.7,,19.7,-99.7,,-99.7,,,-9997.0,,5.0,112.5,-99.7,-999.7,,0.0,,,,,,,,,,,,,,,,,,,,,,-9997.0,,,,,,,,,,,,,,,,,,,,,,,,,,,,,,,,,,,,,,,,,,,,,,,,,,,,,,,,,,,,,,,,,,10.4,,,,,,,,,
1996-04-25,985.9,-9999.7,,-9999.7,,20.4,-99.7,,-99.7,,,-9997.0,,2.8,112.5,-99.7,-999.7,,0.0,,,,,,,,,,,,,,,,,,,,,,-9997.0,,,,,,,,,,,,,,,,,,,,,,,,,,,,,,,,,,,,,,,,,,,,,,,,,,,,,,,,,,,,,,,,,,8.0,,,,,,,,,
1996-04-26,986.4,-9999.7,,-9999.7,,19.8,-99.7,,-99.7,,,-9997.0,,3.1,112.5,-99.7,-999.7,,0.0,,,,,,,,,,,,,,,,,,,,,,-9997.0,,,,,,,,,,,,,,,,,,,,,,,,,,,,,,,,,,,,,,,,,,,,,,,,,,,,,,,,,,,,,,,,,,10.7,,,,,,,,,
1996-04-27,985.8,-9999.7,,-9999.7,,20.6,-99.7,,-99.7,,,-9997.0,,2.8,90.0,-99.7,-999.7,,0.0,,,,,,,,,,,,,,,,,,,,,,-9997.0,,,,,,,,,,,,,,,,,,,,,,,,,,,,,,,,,,,,,,,,,,,,,,,,,,,,,,,,,,,,,,,,,,8.5,,,,,,,,,
1996-04-28,982.9,-9999.7,,-9999.7,,21.0,-99.7,,-99.7,,,-9997.0,,1.7,292.5,-99.7,-999.7,,0.0,,,,,,,,,,,,,,,,,,,,,,-9997.0,,,,,,,,,,,,,,,,,,,,,,,,,,,,,,,,,,,,,,,,,,,,,,,,,,,,,,,,,,,,,,,,,,6.0,,,,,,,,,
1996-04-29,979.4,-9999.7,,-9999.7,,22.0,-99.7,,-99.7,,,-9997.0,,1.8,292.5,-99.7,-999.7,,0.0,,,,,,,,,,,,,,,,,,,,,,-9997.0,,,,,,,,,,,,,,,,,,,,,,,,,,,,,,,,,,,,,,,,,,,,,,,,,,,,,,,,,,,,,,,,,,4.6,,,,,,,,,
1996-04-30,978.9,-9999.7,,-9999.7,,24.8,-99.7,,-99.7,,,-9997.0,,2.5,270.0,-99.7,-999.7,,0.0,,,,,,,,,,,,,,,,,,,,,,-9997.0,,,,,,,,,,,,,,,,,,,,,,,,,,,,,,,,,,,,,,,,,,,,,,,,,,,,,,,,,,,,,,,,,,1.1,,,,,,,,,
1996-05-01,982.2,-9999.7,,-9999.7,,22.6,-99.7,,-99.7,,,-9997.0,,1.2,315.0,-99.7,-999.7,,2.5,,,,,,,,,,,,,,,,,,,,,,-9997.0,,,,,,,,,,,,,,,,,,,,,,,,,,,,,,,,,,,,,,,,,,,,,,,,,,,,,,,,,,,,,,,,,,0.5,,,,,,,,,
1996-05-02,985.7,-9999.7,,-9999.7,,21.3,-99.7,,-99.7,,,-9997.0,,2.5,315.0,-99.7,-999.7,,6.0,,,,,,,,,,,,,,,,,,,,,,-9997.0,,,,,,,,,,,,,,,,,,,,,,,,,,,,,,,,,,,,,,,,,,,,,,,,,,,,,,,,,,,,,,,,,,0.0,,,,,,,,,
1996-05-03,984.2,-9999.7,,-9999.7,,22.9,-99.7,,-99.7,,,-9997.0,,1.6,112.5,-99.7,-999.7,,0.0,,,,,,,,,,,,,,,,,,,,,,-9997.0,,,,,,,,,,,,,,,,,,,,,,,,,,,,,,,,,,,,,,,,,,,,,,,,,,,,,,,,,,,,,,,,,,1.1,,,,,,,,,
1996-05-04,979.2,-9999.7,,-9999.7,,24.5,-99.7,,-99.7,,,-9997.0,,5.0,270.0,-99.7,-999.7,,107.5,,,,,,,,,,,,,,,,,,,,,,-9997.0,,,,,,,,,,,,,,,,,,,,,,,,,,,,,,,,,,,,,,,,,,,,,,,,,,,,,,,,,,,,,,,,,,0.1,,,,,,,,,
1996-05-05,983.4,-9999.7,,-9999.7,,16.5,-99.7,,-99.7,,,-9997.0,,2.4,112.5,-99.7,-999.7,,54.0,,,,,,,,,,,,,,,,,,,,,,-9997.0,,,,,,,,,,,,,,,,,,,,,,,,,,,,,,,,,,,,,,,,,,,,,,,,,,,,,,,,,,,,,,,,,,0.0,,,,,,,,,
1996-05-06,982.6,-9999.7,,-9999.7,,19.8,-99.7,,-99.7,,,-9997.0,,1.2,135.0,-99.7,-999.7,,4.5,,,,,,,,,,,,,,,,,,,,,,-9997.0,,,,,,,,,,,,,,,,,,,,,,,,,,,,,,,,,,,,,,,,,,,,,,,,,,,,,,,,,,,,,,,,,,0.0,,,,,,,,,
1996-05-07,978.5,-9999.7,,-9999.7,,23.5,-99.7,,-99.7,,,-9997.0,,1.9,270.0,-99.7,-999.7,,58.0,,,,,,,,,,,,,,,,,,,,,,-9997.0,,,,,,,,,,,,,,,,,,,,,,,,,,,,,,,,,,,,,,,,,,,,,,,,,,,,,,,,,,,,,,,,,,1.5,,,,,,,,,
1996-05-08,982.8,-9999.7,,-9999.7,,18.3,-99.7,,-99.7,,,-9997.0,,1.4,157.5,-99.7,-999.7,,25.0,,,,,,,,,,,,,,,,,,,,,,-9997.0,,,,,,,,,,,,,,,,,,,,,,,,,,,,,,,,,,,,,,,,,,,,,,,,,,,,,,,,,,,,,,,,,,0.0,,,,,,,,,
1996-05-09,985.0,-9999.7,,-9999.7,,19.2,-99.7,,-99.7,,,-9997.0,,4.4,135.0,-99.7,-999.7,,0.0,,,,,,,,,,,,,,,,,,,,,,-9997.0,,,,,,,,,,,,,,,,,,,,,,,,,,,,,,,,,,,,,,,,,,,,,,,,,,,,,,,,,,,,,,,,,,0.0,,,,,,,,,
1996-05-10,985.8,-9999.7,,-9999.7,,18.9,-99.7,,-99.7,,,-9997.0,,3.0,135.0,-99.7,-999.7,,15.5,,,,,,,,,,,,,,,,,,,,,,-9997.0,,,,,,,,,,,,,,,,,,,,,,,,,,,,,,,,,,,,,,,,,,,,,,,,,,,,,,,,,,,,,,,,,,0.0,,,,,,,,,
1996-05-11,986.6,-9999.7,,-9999.7,,19.6,-99.7,,-99.7,,,-9997.0,,1.8,337.5,-99.7,-999.7,,4.0,,,,,,,,,,,,,,,,,,,,,,-9997.0,,,,,,,,,,,,,,,,,,,,,,,,,,,,,,,,,,,,,,,,,,,,,,,,,,,,,,,,,,,,,,,,,,0.0,,,,,,,,,
1996-05-12,987.8,-9999.7,,-9999.7,,18.8,-99.7,,-99.7,,,-9997.0,,2.9,112.5,-99.7,-999.7,,1.0,,,,,,,,,,,,,,,,,,,,,,-9997.0,,,,,,,,,,,,,,,,,,,,,,,,,,,,,,,,,,,,,,,,,,,,,,,,,,,,,,,,,,,,,,,,,,3.9,,,,,,,,,
1996-05-13,986.0,-9999.7,,-9999.7,,19.4,-99.7,,-99.7,,,-9997.0,,4.1,135.0,-99.7,-999.7,,0.0,,,,,,,,,,,,,,,,,,,,,,-9997.0,,,,,,,,,,,,,,,,,,,,,,,,,,,,,,,,,,,,,,,,,,,,,,,,,,,,,,,,,,,,,,,,,,0.0,,,,,,,,,
1996-05-14,985.0,-9999.7,,-9999.7,,20.2,-99.7,,-99.7,,,-9997.0,,4.7,112.5,-99.7,-999.7,,0.0,,,,,,,,,,,,,,,,,,,,,,-9997.0,,,,,,,,,,,,,,,,,,,,,,,,,,,,,,,,,,,,,,,,,,,,,,,,,,,,,,,,,,,,,,,,,,0.0,,,,,,,,,
1996-05-15,985.2,-9999.7,,-9999.7,,20.3,-99.7,,-99.7,,,-9997.0,,4.9,112.5,-99.7,-999.7,,0.0,,,,,,,,,,,,,,,,,,,,,,-9997.0,,,,,,,,,,,,,,,,,,,,,,,,,,,,,,,,,,,,,,,,,,,,,,,,,,,,,,,,,,,,,,,,,,0.0,,,,,,,,,
1996-05-16,985.5,-9999.7,,-9999.7,,20.1,-99.7,,-99.7,,,-9997.0,,2.3,112.5,-99.7,-999.7,,4.5,,,,,,,,,,,,,,,,,,,,,,-9997.0,,,,,,,,,,,,,,,,,,,,,,,,,,,,,,,,,,,,,,,,,,,,,,,,,,,,,,,,,,,,,,,,,,0.0,,,,,,,,,
1996-05-17,985.2,-9999.7,,-9999.7,,19.7,-99.7,,-99.7,,,-9997.0,,2.3,45.0,-99.7,-999.7,,0.0,,,,,,,,,,,,,,,,,,,,,,-9997.0,,,,,,,,,,,,,,,,,,,,,,,,,,,,,,,,,,,,,,,,,,,,,,,,,,,,,,,,,,,,,,,,,,1.0,,,,,,,,,
1996-05-18,983.8,-9999.7,,-9999.7,,19.2,-99.7,,-99.7,,,-9997.0,,2.6,112.5,-99.7,-999.7,,0.0,,,,,,,,,,,,,,,,,,,,,,-9997.0,,,,,,,,,,,,,,,,,,,,,,,,,,,,,,,,,,,,,,,,,,,,,,,,,,,,,,,,,,,,,,,,,,3.4,,,,,,,,,
1996-05-19,982.1,-9999.7,,-9999.7,,21.5,-99.7,,-99.7,,,-9997.0,,2.7,112.5,-99.7,-999.7,,0.0,,,,,,,,,,,,,,,,,,,,,,-9997.0,,,,,,,,,,,,,,,,,,,,,,,,,,,,,,,,,,,,,,,,,,,,,,,,,,,,,,,,,,,,,,,,,,7.2,,,,,,,,,
1996-05-20,982.5,-9999.7,,-9999.7,,22.4,-99.7,,-99.7,,,-9997.0,,1.4,292.5,-99.7,-999.7,,0.0,,,,,,,,,,,,,,,,,,,,,,-9997.0,,,,,,,,,,,,,,,,,,,,,,,,,,,,,,,,,,,,,,,,,,,,,,,,,,,,,,,,,,,,,,,,,,4.4,,,,,,,,,
1996-05-21,982.8,-9999.7,,-9999.7,,21.3,-99.7,,-99.7,,,-9997.0,,1.5,135.0,-99.7,-999.7,,18.0,,,,,,,,,,,,,,,,,,,,,,-9997.0,,,,,,,,,,,,,,,,,,,,,,,,,,,,,,,,,,,,,,,,,,,,,,,,,,,,,,,,,,,,,,,,,,0.0,,,,,,,,,
1996-05-22,982.0,-9999.7,,-9999.7,,21.2,-99.7,,-99.7,,,-9997.0,,4.7,112.5,-99.7,-999.7,,4.0,,,,,,,,,,,,,,,,,,,,,,-9997.0,,,,,,,,,,,,,,,,,,,,,,,,,,,,,,,,,,,,,,,,,,,,,,,,,,,,,,,,,,,,,,,,,,0.0,,,,,,,,,
1996-05-23,981.0,-9999.7,,-9999.7,,19.6,-99.7,,-99.7,,,-9997.0,,4.1,112.5,-99.7,-999.7,,34.0,,,,,,,,,,,,,,,,,,,,,,-9997.0,,,,,,,,,,,,,,,,,,,,,,,,,,,,,,,,,,,,,,,,,,,,,,,,,,,,,,,,,,,,,,,,,,0.0,,,,,,,,,
1996-05-24,982.4,-9999.7,,-9999.7,,20.6,-99.7,,-99.7,,,-9997.0,,2.3,112.5,-99.7,-999.7,,0.0,,,,,,,,,,,,,,,,,,,,,,-9997.0,,,,,,,,,,,,,,,,,,,,,,,,,,,,,,,,,,,,,,,,,,,,,,,,,,,,,,,,,,,,,,,,,,7.4,,,,,,,,,
1996-05-25,983.7,-9999.7,,-9999.7,,21.9,-99.7,,-99.7,,,-9997.0,,1.2,315.0,-99.7,-999.7,,0.0,,,,,,,,,,,,,,,,,,,,,,-9997.0,,,,,,,,,,,,,,,,,,,,,,,,,,,,,,,,,,,,,,,,,,,,,,,,,,,,,,,,,,,,,,,,,,2.8,,,,,,,,,
1996-05-26,982.6,-9999.7,,-9999.7,,22.5,-99.7,,-99.7,,,-9997.0,,0.8,315.0,-99.7,-999.7,,34.0,,,,,,,,,,,,,,,,,,,,,,-9997.0,,,,,,,,,,,,,,,,,,,,,,,,,,,,,,,,,,,,,,,,,,,,,,,,,,,,,,,,,,,,,,,,,,0.0,,,,,,,,,
1996-05-27,980.5,-9999.7,,-9999.7,,22.5,-99.7,,-99.7,,,-9997.0,,0.8,292.5,-99.7,-999.7,,2.5,,,,,,,,,,,,,,,,,,,,,,-9997.0,,,,,,,,,,,,,,,,,,,,,,,,,,,,,,,,,,,,,,,,,,,,,,,,,,,,,,,,,,,,,,,,,,0.4,,,,,,,,,
1996-05-28,980.2,-9999.7,,-9999.7,,22.4,-99.7,,-99.7,,,-9997.0,,1.3,315.0,-99.7,-999.7,,58.5,,,,,,,,,,,,,,,,,,,,,,-9997.0,,,,,,,,,,,,,,,,,,,,,,,,,,,,,,,,,,,,,,,,,,,,,,,,,,,,,,,,,,,,,,,,,,0.0,,,,,,,,,
1996-05-29,982.8,-9999.7,,-9999.7,,20.6,-99.7,,-99.7,,,-9997.0,,1.4,157.5,-99.7,-999.7,,45.0,,,,,,,,,,,,,,,,,,,,,,-9997.0,,,,,,,,,,,,,,,,,,,,,,,,,,,,,,,,,,,,,,,,,,,,,,,,,,,,,,,,,,,,,,,,,,0.0,,,,,,,,,
1996-05-30,985.5,-9999.7,,-9999.7,,21.3,-99.7,,-99.7,,,-9997.0,,0.6,157.5,-99.7,-999.7,,8.0,,,,,,,,,,,,,,,,,,,,,,-9997.0,,,,,,,,,,,,,,,,,,,,,,,,,,,,,,,,,,,,,,,,,,,,,,,,,,,,,,,,,,,,,,,,,,0.0,,,,,,,,,
1996-05-31,984.9,-9999.7,,-9999.7,,23.2,-99.7,,-99.7,,,-9997.0,,1.6,292.5,-99.7,-999.7,,3.0,,,,,,,,,,,,,,,,,,,,,,-9997.0,,,,,,,,,,,,,,,,,,,,,,,,,,,,,,,,,,,,,,,,,,,,,,,,,,,,,,,,,,,,,,,,,,0.0,,,,,,,,,
1996-06-01,982.5,-9999.7,,-9999.7,,24.0,-99.7,,-99.7,,,-9997.0,,1.7,292.5,-99.7,-999.7,,0.0,,,,,,,,,,,,,,,,,,,,,,-9997.0,,,,,,,,,,,,,,,,,,,,,,,,,,,,,,,,,,,,,,,,,,,,,,,,,,,,,,,,,,,,,,,,,,1.5,,,,,,,,,
1996-06-02,982.2,-9999.7,,-9999.7,,23.9,-99.7,,-99.7,,,-9997.0,,1.0,135.0,-99.7,-999.7,,0.0,,,,,,,,,,,,,,,,,,,,,,-9997.0,,,,,,,,,,,,,,,,,,,,,,,,,,,,,,,,,,,,,,,,,,,,,,,,,,,,,,,,,,,,,,,,,,0.0,,,,,,,,,
1996-06-03,980.5,-9999.7,,-9999.7,,27.0,-99.7,,-99.7,,,-9997.0,,2.4,292.5,-99.7,-999.7,,0.0,,,,,,,,,,,,,,,,,,,,,,-9997.0,,,,,,,,,,,,,,,,,,,,,,,,,,,,,,,,,,,,,,,,,,,,,,,,,,,,,,,,,,,,,,,,,,8.5,,,,,,,,,
1996-06-04,979.1,-9999.7,,-9999.7,,27.8,-99.7,,-99.7,,,-9997.0,,4.5,270.0,-99.7,-999.7,,0.0,,,,,,,,,,,,,,,,,,,,,,-9997.0,,,,,,,,,,,,,,,,,,,,,,,,,,,,,,,,,,,,,,,,,,,,,,,,,,,,,,,,,,,,,,,,,,7.6,,,,,,,,,
1996-06-05,979.8,-9999.7,,-9999.7,,26.6,-99.7,,-99.7,,,-9997.0,,2.0,180.0,-99.7,-999.7,,0.0,,,,,,,,,,,,,,,,,,,,,,-9997.0,,,,,,,,,,,,,,,,,,,,,,,,,,,,,,,,,,,,,,,,,,,,,,,,,,,,,,,,,,,,,,,,,,7.4,,,,,,,,,
1996-06-06,983.0,-9999.7,,-9999.7,,25.7,-99.7,,-99.7,,,-9997.0,,1.1,135.0,-99.7,-999.7,,0.0,,,,,,,,,,,,,,,,,,,,,,-9997.0,,,,,,,,,,,,,,,,,,,,,,,,,,,,,,,,,,,,,,,,,,,,,,,,,,,,,,,,,,,,,,,,,,0.4,,,,,,,,,
1996-06-07,984.1,-9999.7,,-9999.7,,25.8,-99.7,,-99.7,,,-9997.0,,2.1,112.5,-99.7,-999.7,,0.0,,,,,,,,,,,,,,,,,,,,,,-9997.0,,,,,,,,,,,,,,,,,,,,,,,,,,,,,,,,,,,,,,,,,,,,,,,,,,,,,,,,,,,,,,,,,,1.8,,,,,,,,,
1996-06-08,985.1,-9999.7,,-9999.7,,25.9,-99.7,,-99.7,,,-9997.0,,1.5,292.5,-99.7,-999.7,,0.0,,,,,,,,,,,,,,,,,,,,,,-9997.0,,,,,,,,,,,,,,,,,,,,,,,,,,,,,,,,,,,,,,,,,,,,,,,,,,,,,,,,,,,,,,,,,,1.1,,,,,,,,,
1996-06-09,984.6,-9999.7,,-9999.7,,25.8,-99.7,,-99.7,,,-9997.0,,2.1,292.5,-99.7,-999.7,,0.0,,,,,,,,,,,,,,,,,,,,,,-9997.0,,,,,,,,,,,,,,,,,,,,,,,,,,,,,,,,,,,,,,,,,,,,,,,,,,,,,,,,,,,,,,,,,,4.9,,,,,,,,,
1996-06-10,984.6,-9999.7,,-9999.7,,25.9,-99.7,,-99.7,,,-9997.0,,1.7,292.5,-99.7,-999.7,,0.0,,,,,,,,,,,,,,,,,,,,,,-9997.0,,,,,,,,,,,,,,,,,,,,,,,,,,,,,,,,,,,,,,,,,,,,,,,,,,,,,,,,,,,,,,,,,,5.0,,,,,,,,,
1996-06-11,983.0,-9999.7,,-9999.7,,25.8,-99.7,,-99.7,,,-9997.0,,1.8,292.5,-99.7,-999.7,,0.0,,,,,,,,,,,,,,,,,,,,,,-9997.0,,,,,,,,,,,,,,,,,,,,,,,,,,,,,,,,,,,,,,,,,,,,,,,,,,,,,,,,,,,,,,,,,,2.7,,,,,,,,,
1996-06-12,981.4,-9999.7,,-9999.7,,26.0,-99.7,,-99.7,,,-9997.0,,1.7,112.5,-99.7,-999.7,,0.0,,,,,,,,,,,,,,,,,,,,,,-9997.0,,,,,,,,,,,,,,,,,,,,,,,,,,,,,,,,,,,,,,,,,,,,,,,,,,,,,,,,,,,,,,,,,,0.9,,,,,,,,,
1996-06-13,982.0,-9999.7,,-9999.7,,25.8,-99.7,,-99.7,,,-9997.0,,2.3,292.5,-99.7,-999.7,,0.0,,,,,,,,,,,,,,,,,,,,,,-9997.0,,,,,,,,,,,,,,,,,,,,,,,,,,,,,,,,,,,,,,,,,,,,,,,,,,,,,,,,,,,,,,,,,,3.9,,,,,,,,,
1996-06-14,983.4,-9999.7,,-9999.7,,26.3,-99.7,,-99.7,,,-9997.0,,1.4,292.5,-99.7,-999.7,,0.0,,,,,,,,,,,,,,,,,,,,,,-9997.0,,,,,,,,,,,,,,,,,,,,,,,,,,,,,,,,,,,,,,,,,,,,,,,,,,,,,,,,,,,,,,,,,,0.9,,,,,,,,,
1996-06-15,984.5,-9999.7,,-9999.7,,27.1,-99.7,,-99.7,,,-9997.0,,1.7,292.5,-99.7,-999.7,,0.0,,,,,,,,,,,,,,,,,,,,,,-9997.0,,,,,,,,,,,,,,,,,,,,,,,,,,,,,,,,,,,,,,,,,,,,,,,,,,,,,,,,,,,,,,,,,,8.6,,,,,,,,,
1996-06-16,984.5,-9999.7,,-9999.7,,26.5,-99.7,,-99.7,,,-9997.0,,1.6,292.5,-99.7,-999.7,,0.0,,,,,,,,,,,,,,,,,,,,,,-9997.0,,,,,,,,,,,,,,,,,,,,,,,,,,,,,,,,,,,,,,,,,,,,,,,,,,,,,,,,,,,,,,,,,,3.1,,,,,,,,,
1996-06-17,982.8,-9999.7,,-9999.7,,26.8,-99.7,,-99.7,,,-9997.0,,1.3,270.0,-99.7,-999.7,,0.0,,,,,,,,,,,,,,,,,,,,,,-9997.0,,,,,,,,,,,,,,,,,,,,,,,,,,,,,,,,,,,,,,,,,,,,,,,,,,,,,,,,,,,,,,,,,,2.0,,,,,,,,,
1996-06-18,980.3,-9999.7,,-9999.7,,29.4,-99.7,,-99.7,,,-9997.0,,3.3,270.0,-99.7,-999.7,,0.0,,,,,,,,,,,,,,,,,,,,,,-9997.0,,,,,,,,,,,,,,,,,,,,,,,,,,,,,,,,,,,,,,,,,,,,,,,,,,,,,,,,,,,,,,,,,,3.5,,,,,,,,,
1996-06-19,978.8,-9999.7,,-9999.7,,29.1,-99.7,,-99.7,,,-9997.0,,2.3,67.5,-99.7,-999.7,,0.0,,,,,,,,,,,,,,,,,,,,,,-9997.0,,,,,,,,,,,,,,,,,,,,,,,,,,,,,,,,,,,,,,,,,,,,,,,,,,,,,,,,,,,,,,,,,,10.2,,,,,,,,,
1996-06-20,977.1,-9999.7,,-9999.7,,29.5,-99.7,,-99.7,,,-9997.0,,4.1,270.0,-99.7,-999.7,,0.0,,,,,,,,,,,,,,,,,,,,,,-9997.0,,,,,,,,,,,,,,,,,,,,,,,,,,,,,,,,,,,,,,,,,,,,,,,,,,,,,,,,,,,,,,,,,,6.6,,,,,,,,,
1996-06-21,978.1,-9999.7,,-9999.7,,29.0,-99.7,,-99.7,,,-9997.0,,3.4,270.0,-99.7,-999.7,,0.0,,,,,,,,,,,,,,,,,,,,,,-9997.0,,,,,,,,,,,,,,,,,,,,,,,,,,,,,,,,,,,,,,,,,,,,,,,,,,,,,,,,,,,,,,,,,,1.3,,,,,,,,,
1996-06-22,980.9,-9999.7,,-9999.7,,25.9,-99.7,,-99.7,,,-9997.0,,1.3,315.0,-99.7,-999.7,,1.5,,,,,,,,,,,,,,,,,,,,,,-9997.0,,,,,,,,,,,,,,,,,,,,,,,,,,,,,,,,,,,,,,,,,,,,,,,,,,,,,,,,,,,,,,,,,,0.0,,,,,,,,,
1996-06-23,982.3,-9999.7,,-9999.7,,26.0,-99.7,,-99.7,,,-9997.0,,1.5,315.0,-99.7,-999.7,,6.5,,,,,,,,,,,,,,,,,,,,,,-9997.0,,,,,,,,,,,,,,,,,,,,,,,,,,,,,,,,,,,,,,,,,,,,,,,,,,,,,,,,,,,,,,,,,,1.2,,,,,,,,,
1996-06-24,982.2,-9999.7,,-9999.7,,25.5,-99.7,,-99.7,,,-9997.0,,1.4,292.5,-99.7,-999.7,,29.5,,,,,,,,,,,,,,,,,,,,,,-9997.0,,,,,,,,,,,,,,,,,,,,,,,,,,,,,,,,,,,,,,,,,,,,,,,,,,,,,,,,,,,,,,,,,,4.1,,,,,,,,,
1996-06-25,983.6,-9999.7,,-9999.7,,26.1,-99.7,,-99.7,,,-9997.0,,1.6,292.5,-99.7,-999.7,,1.5,,,,,,,,,,,,,,,,,,,,,,-9997.0,,,,,,,,,,,,,,,,,,,,,,,,,,,,,,,,,,,,,,,,,,,,,,,,,,,,,,,,,,,,,,,,,,4.1,,,,,,,,,
1996-06-26,985.3,-9999.7,,-9999.7,,26.4,-99.7,,-99.7,,,-9997.0,,1.9,292.5,-99.7,-999.7,,8.0,,,,,,,,,,,,,,,,,,,,,,-9997.0,,,,,,,,,,,,,,,,,,,,,,,,,,,,,,,,,,,,,,,,,,,,,,,,,,,,,,,,,,,,,,,,,,5.1,,,,,,,,,
1996-06-27,984.9,-9999.7,,-9999.7,,26.7,-99.7,,-99.7,,,-9997.0,,1.9,292.5,-99.7,-999.7,,0.0,,,,,,,,,,,,,,,,,,,,,,-9997.0,,,,,,,,,,,,,,,,,,,,,,,,,,,,,,,,,,,,,,,,,,,,,,,,,,,,,,,,,,,,,,,,,,5.1,,,,,,,,,
1996-06-28,984.6,-9999.7,,-9999.7,,26.0,-99.7,,-99.7,,,-9997.0,,1.5,292.5,-99.7,-999.7,,14.0,,,,,,,,,,,,,,,,,,,,,,-9997.0,,,,,,,,,,,,,,,,,,,,,,,,,,,,,,,,,,,,,,,,,,,,,,,,,,,,,,,,,,,,,,,,,,2.9,,,,,,,,,
1996-06-29,983.4,-9999.7,,-9999.7,,26.6,-99.7,,-99.7,,,-9997.0,,2.2,90.0,-99.7,-999.7,,0.0,,,,,,,,,,,,,,,,,,,,,,-9997.0,,,,,,,,,,,,,,,,,,,,,,,,,,,,,,,,,,,,,,,,,,,,,,,,,,,,,,,,,,,,,,,,,,5.3,,,,,,,,,
1996-06-30,981.6,-9999.7,,-9999.7,,27.7,-99.7,,-99.7,,,-9997.0,,1.9,45.0,-99.7,-999.7,,0.0,,,,,,,,,,,,,,,,,,,,,,-9997.0,,,,,,,,,,,,,,,,,,,,,,,,,,,,,,,,,,,,,,,,,,,,,,,,,,,,,,,,,,,,,,,,,,8.2,,,,,,,,,
1996-07-01,982.1,-9999.7,,-9999.7,,28.1,-99.7,,-99.7,,,-9997.0,,2.8,270.0,-99.7,-999.7,,0.0,,,,,,,,,,,,,,,,,,,,,,-9997.0,,,,,,,,,,,,,,,,,,,,,,,,,,,,,,,,,,,,,,,,,,,,,,,,,,,,,,,,,,,,,,,,,,5.3,,,,,,,,,
1996-07-02,985.4,-9999.7,,-9999.7,,26.5,-99.7,,-99.7,,,-9997.0,,1.6,292.5,-99.7,-999.7,,1.0,,,,,,,,,,,,,,,,,,,,,,-9997.0,,,,,,,,,,,,,,,,,,,,,,,,,,,,,,,,,,,,,,,,,,,,,,,,,,,,,,,,,,,,,,,,,,3.4,,,,,,,,,
1996-07-03,986.6,-9999.7,,-9999.7,,26.5,-99.7,,-99.7,,,-9997.0,,1.2,292.5,-99.7,-999.7,,0.0,,,,,,,,,,,,,,,,,,,,,,-9997.0,,,,,,,,,,,,,,,,,,,,,,,,,,,,,,,,,,,,,,,,,,,,,,,,,,,,,,,,,,,,,,,,,,0.9,,,,,,,,,
1996-07-04,984.6,-9999.7,,-9999.7,,27.0,-99.7,,-99.7,,,-9997.0,,1.8,292.5,-99.7,-999.7,,0.0,,,,,,,,,,,,,,,,,,,,,,-9997.0,,,,,,,,,,,,,,,,,,,,,,,,,,,,,,,,,,,,,,,,,,,,,,,,,,,,,,,,,,,,,,,,,,3.8,,,,,,,,,
1996-07-05,980.3,-9999.7,,-9999.7,,27.5,-99.7,,-99.7,,,-9997.0,,1.9,112.5,-99.7,-999.7,,0.0,,,,,,,,,,,,,,,,,,,,,,-9997.0,,,,,,,,,,,,,,,,,,,,,,,,,,,,,,,,,,,,,,,,,,,,,,,,,,,,,,,,,,,,,,,,,,2.7,,,,,,,,,
1996-07-06,979.1,-9999.7,,-9999.7,,26.9,-99.7,,-99.7,,,-9997.0,,1.5,112.5,-99.7,-999.7,,0.0,,,,,,,,,,,,,,,,,,,,,,-9997.0,,,,,,,,,,,,,,,,,,,,,,,,,,,,,,,,,,,,,,,,,,,,,,,,,,,,,,,,,,,,,,,,,,5.2,,,,,,,,,
1996-07-07,980.7,-9999.7,,-9999.7,,26.8,-99.7,,-99.7,,,-9997.0,,1.7,292.5,-99.7,-999.7,,0.0,,,,,,,,,,,,,,,,,,,,,,-9997.0,,,,,,,,,,,,,,,,,,,,,,,,,,,,,,,,,,,,,,,,,,,,,,,,,,,,,,,,,,,,,,,,,,4.6,,,,,,,,,
1996-07-08,981.5,-9999.7,,-9999.7,,26.3,-99.7,,-99.7,,,-9997.0,,2.2,292.5,-99.7,-999.7,,0.0,,,,,,,,,,,,,,,,,,,,,,-9997.0,,,,,,,,,,,,,,,,,,,,,,,,,,,,,,,,,,,,,,,,,,,,,,,,,,,,,,,,,,,,,,,,,,6.9,,,,,,,,,
1996-07-09,979.7,-9999.7,,-9999.7,,24.4,-99.7,,-99.7,,,-9997.0,,1.2,112.5,-99.7,-999.7,,73.0,,,,,,,,,,,,,,,,,,,,,,-9997.0,,,,,,,,,,,,,,,,,,,,,,,,,,,,,,,,,,,,,,,,,,,,,,,,,,,,,,,,,,,,,,,,,,0.0,,,,,,,,,
1996-07-10,977.6,-9999.7,,-9999.7,,25.4,-99.7,,-99.7,,,-9997.0,,1.4,292.5,-99.7,-999.7,,0.5,,,,,,,,,,,,,,,,,,,,,,-9997.0,,,,,,,,,,,,,,,,,,,,,,,,,,,,,,,,,,,,,,,,,,,,,,,,,,,,,,,,,,,,,,,,,,1.9,,,,,,,,,
1996-07-11,978.7,-9999.7,,-9999.7,,26.1,-99.7,,-99.7,,,-9997.0,,1.4,292.5,-99.7,-999.7,,0.0,,,,,,,,,,,,,,,,,,,,,,-9997.0,,,,,,,,,,,,,,,,,,,,,,,,,,,,,,,,,,,,,,,,,,,,,,,,,,,,,,,,,,,,,,,,,,3.6,,,,,,,,,
1996-07-12,981.9,-9999.7,,-9999.7,,27.4,-99.7,,-99.7,,,-9997.0,,1.7,292.5,-99.7,-999.7,,0.0,,,,,,,,,,,,,,,,,,,,,,-9997.0,,,,,,,,,,,,,,,,,,,,,,,,,,,,,,,,,,,,,,,,,,,,,,,,,,,,,,,,,,,,,,,,,,8.9,,,,,,,,,
1996-07-13,984.4,-9999.7,,-9999.7,,27.0,-99.7,,-99.7,,,-9997.0,,1.7,292.5,-99.7,-999.7,,0.0,,,,,,,,,,,,,,,,,,,,,,-9997.0,,,,,,,,,,,,,,,,,,,,,,,,,,,,,,,,,,,,,,,,,,,,,,,,,,,,,,,,,,,,,,,,,,4.9,,,,,,,,,
1996-07-14,984.1,-9999.7,,-9999.7,,27.4,-99.7,,-99.7,,,-9997.0,,1.8,292.5,-99.7,-999.7,,0.0,,,,,,,,,,,,,,,,,,,,,,-9997.0,,,,,,,,,,,,,,,,,,,,,,,,,,,,,,,,,,,,,,,,,,,,,,,,,,,,,,,,,,,,,,,,,,7.5,,,,,,,,,
1996-07-15,981.8,-9999.7,,-9999.7,,26.4,-99.7,,-99.7,,,-9997.0,,1.5,292.5,-99.7,-999.7,,0.0,,,,,,,,,,,,,,,,,,,,,,-9997.0,,,,,,,,,,,,,,,,,,,,,,,,,,,,,,,,,,,,,,,,,,,,,,,,,,,,,,,,,,,,,,,,,,3.5,,,,,,,,,
1996-07-16,980.9,-9999.7,,-9999.7,,26.8,-99.7,,-99.7,,,-9997.0,,1.2,292.5,-99.7,-999.7,,0.0,,,,,,,,,,,,,,,,,,,,,,-9997.0,,,,,,,,,,,,,,,,,,,,,,,,,,,,,,,,,,,,,,,,,,,,,,,,,,,,,,,,,,,,,,,,,,4.5,,,,,,,,,
1996-07-17,981.0,-9999.7,,-9999.7,,26.9,-99.7,,-99.7,,,-9997.0,,1.6,112.5,-99.7,-999.7,,0.5,,,,,,,,,,,,,,,,,,,,,,-9997.0,,,,,,,,,,,,,,,,,,,,,,,,,,,,,,,,,,,,,,,,,,,,,,,,,,,,,,,,,,,,,,,,,,5.2,,,,,,,,,
1996-07-18,981.3,-9999.7,,-9999.7,,28.1,-99.7,,-99.7,,,-9997.0,,1.7,112.5,-99.7,-999.7,,0.0,,,,,,,,,,,,,,,,,,,,,,-9997.0,,,,,,,,,,,,,,,,,,,,,,,,,,,,,,,,,,,,,,,,,,,,,,,,,,,,,,,,,,,,,,,,,,10.8,,,,,,,,,
1996-07-19,981.6,-9999.7,,-9999.7,,28.1,-99.7,,-99.7,,,-9997.0,,2.0,135.0,-99.7,-999.7,,0.0,,,,,,,,,,,,,,,,,,,,,,-9997.0,,,,,,,,,,,,,,,,,,,,,,,,,,,,,,,,,,,,,,,,,,,,,,,,,,,,,,,,,,,,,,,,,,5.8,,,,,,,,,
1996-07-20,980.0,-9999.7,,-9999.7,,29.3,-99.7,,-99.7,,,-9997.0,,2.5,112.5,-99.7,-999.7,,0.0,,,,,,,,,,,,,,,,,,,,,,-9997.0,,,,,,,,,,,,,,,,,,,,,,,,,,,,,,,,,,,,,,,,,,,,,,,,,,,,,,,,,,,,,,,,,,11.2,,,,,,,,,
1996-07-21,980.1,-9999.7,,-9999.7,,28.6,-99.7,,-99.7,,,-9997.0,,1.8,292.5,-99.7,-999.7,,0.0,,,,,,,,,,,,,,,,,,,,,,-9997.0,,,,,,,,,,,,,,,,,,,,,,,,,,,,,,,,,,,,,,,,,,,,,,,,,,,,,,,,,,,,,,,,,,10.1,,,,,,,,,
1996-07-22,980.3,-9999.7,,-9999.7,,29.1,-99.7,,-99.7,,,-9997.0,,2.8,112.5,-99.7,-999.7,,0.0,,,,,,,,,,,,,,,,,,,,,,-9997.0,,,,,,,,,,,,,,,,,,,,,,,,,,,,,,,,,,,,,,,,,,,,,,,,,,,,,,,,,,,,,,,,,,9.5,,,,,,,,,
1996-07-23,980.0,-9999.7,,-9999.7,,28.3,-99.7,,-99.7,,,-9997.0,,3.7,112.5,-99.7,-999.7,,0.0,,,,,,,,,,,,,,,,,,,,,,-9997.0,,,,,,,,,,,,,,,,,,,,,,,,,,,,,,,,,,,,,,,,,,,,,,,,,,,,,,,,,,,,,,,,,,11.1,,,,,,,,,
1996-07-24,978.2,-9999.7,,-9999.7,,27.6,-99.7,,-99.7,,,-9997.0,,6.6,112.5,-99.7,-999.7,,0.5,,,,,,,,,,,,,,,,,,,,,,-9997.0,,,,,,,,,,,,,,,,,,,,,,,,,,,,,,,,,,,,,,,,,,,,,,,,,,,,,,,,,,,,,,,,,,8.6,,,,,,,,,
1996-07-25,975.0,-9999.7,,-9999.7,,25.9,-99.7,,-99.7,,,-9997.0,,7.8,112.5,-99.7,-999.7,,11.0,,,,,,,,,,,,,,,,,,,,,,-9997.0,,,,,,,,,,,,,,,,,,,,,,,,,,,,,,,,,,,,,,,,,,,,,,,,,,,,,,,,,,,,,,,,,,0.3,,,,,,,,,
1996-07-26,968.3,-9999.7,,-9999.7,,25.6,-99.7,,-99.7,,,-9997.0,,11.0,112.5,-99.7,-999.7,,3.5,,,,,,,,,,,,,,,,,,,,,,-9997.0,,,,,,,,,,,,,,,,,,,,,,,,,,,,,,,,,,,,,,,,,,,,,,,,,,,,,,,,,,,,,,,,,,0.0,,,,,,,,,
1996-07-27,972.5,-9999.7,,-9999.7,,27.3,-99.7,,-99.7,,,-9997.0,,4.7,112.5,-99.7,-999.7,,2.5,,,,,,,,,,,,,,,,,,,,,,-9997.0,,,,,,,,,,,,,,,,,,,,,,,,,,,,,,,,,,,,,,,,,,,,,,,,,,,,,,,,,,,,,,,,,,1.2,,,,,,,,,
1996-07-28,977.4,-9999.7,,-9999.7,,26.9,-99.7,,-99.7,,,-9997.0,,1.2,135.0,-99.7,-999.7,,0.0,,,,,,,,,,,,,,,,,,,,,,-9997.0,,,,,,,,,,,,,,,,,,,,,,,,,,,,,,,,,,,,,,,,,,,,,,,,,,,,,,,,,,,,,,,,,,0.7,,,,,,,,,
1996-07-29,977.5,-9999.7,,-9999.7,,26.4,-99.7,,-99.7,,,-9997.0,,3.9,112.5,-99.7,-999.7,,0.5,,,,,,,,,,,,,,,,,,,,,,-9997.0,,,,,,,,,,,,,,,,,,,,,,,,,,,,,,,,,,,,,,,,,,,,,,,,,,,,,,,,,,,,,,,,,,1.4,,,,,,,,,
1996-07-30,973.9,-9999.7,,-9999.7,,26.0,-99.7,,-99.7,,,-9997.0,,2.5,337.5,-99.7,-999.7,,3.5,,,,,,,,,,,,,,,,,,,,,,-9997.0,,,,,,,,,,,,,,,,,,,,,,,,,,,,,,,,,,,,,,,,,,,,,,,,,,,,,,,,,,,,,,,,,,0.0,,,,,,,,,
1996-07-31,959.3,-9999.7,,-9999.7,,25.6,-99.7,,-99.7,,,-9997.0,,7.3,337.5,-99.7,-999.7,,194.0,,,,,,,,,,,,,,,,,,,,,,-9997.0,,,,,,,,,,,,,,,,,,,,,,,,,,,,,,,,,,,,,,,,,,,,,,,,,,,,,,,,,,,,,,,,,,0.0,,,,,,,,,
1996-08-01,959.9,-9999.7,,-9999.7,,26.5,-99.7,,-99.7,,,-9997.0,,5.0,157.5,-99.7,-999.7,,18.0,,,,,,,,,,,,,,,,,,,,,,-9997.0,,,,,,,,,,,,,,,,,,,,,,,,,,,,,,,,,,,,,,,,,,,,,,,,,,,,,,,,,,,,,,,,,,0.0,,,,,,,,,
1996-08-02,977.0,-9999.7,,-9999.7,,27.7,-99.7,,-99.7,,,-9997.0,,1.3,90.0,-99.7,-999.7,,0.0,,,,,,,,,,,,,,,,,,,,,,-9997.0,,,,,,,,,,,,,,,,,,,,,,,,,,,,,,,,,,,,,,,,,,,,,,,,,,,,,,,,,,,,,,,,,,5.9,,,,,,,,,
1996-08-03,980.3,-9999.7,,-9999.7,,26.7,-99.7,,-99.7,,,-9997.0,,3.5,112.5,-99.7,-999.7,,0.0,,,,,,,,,,,,,,,,,,,,,,-9997.0,,,,,,,,,,,,,,,,,,,,,,,,,,,,,,,,,,,,,,,,,,,,,,,,,,,,,,,,,,,,,,,,,,4.5,,,,,,,,,
1996-08-04,980.9,-9999.7,,-9999.7,,25.4,-99.7,,-99.7,,,-9997.0,,4.2,112.5,-99.7,-999.7,,0.0,,,,,,,,,,,,,,,,,,,,,,-9997.0,,,,,,,,,,,,,,,,,,,,,,,,,,,,,,,,,,,,,,,,,,,,,,,,,,,,,,,,,,,,,,,,,,8.0,,,,,,,,,
1996-08-05,979.7,-9999.7,,-9999.7,,25.1,-99.7,,-99.7,,,-9997.0,,1.1,135.0,-99.7,-999.7,,0.0,,,,,,,,,,,,,,,,,,,,,,-9997.0,,,,,,,,,,,,,,,,,,,,,,,,,,,,,,,,,,,,,,,,,,,,,,,,,,,,,,,,,,,,,,,,,,2.7,,,,,,,,,
1996-08-06,977.3,-9999.7,,-9999.7,,25.8,-99.7,,-99.7,,,-9997.0,,1.0,112.5,-99.7,-999.7,,0.0,,,,,,,,,,,,,,,,,,,,,,-9997.0,,,,,,,,,,,,,,,,,,,,,,,,,,,,,,,,,,,,,,,,,,,,,,,,,,,,,,,,,,,,,,,,,,3.1,,,,,,,,,
1996-08-07,975.4,-9999.7,,-9999.7,,26.2,-99.7,,-99.7,,,-9997.0,,1.9,292.5,-99.7,-999.7,,0.0,,,,,,,,,,,,,,,,,,,,,,-9997.0,,,,,,,,,,,,,,,,,,,,,,,,,,,,,,,,,,,,,,,,,,,,,,,,,,,,,,,,,,,,,,,,,,3.2,,,,,,,,,
1996-08-08,977.2,-9999.7,,-9999.7,,26.4,-99.7,,-99.7,,,-9997.0,,1.1,292.5,-99.7,-999.7,,0.0,,,,,,,,,,,,,,,,,,,,,,-9997.0,,,,,,,,,,,,,,,,,,,,,,,,,,,,,,,,,,,,,,,,,,,,,,,,,,,,,,,,,,,,,,,,,,1.5,,,,,,,,,
1996-08-09,978.3,-9999.7,,-9999.7,,26.3,-99.7,,-99.7,,,-9997.0,,1.0,112.5,-99.7,-999.7,,0.0,,,,,,,,,,,,,,,,,,,,,,-9997.0,,,,,,,,,,,,,,,,,,,,,,,,,,,,,,,,,,,,,,,,,,,,,,,,,,,,,,,,,,,,,,,,,,1.7,,,,,,,,,
1996-08-10,977.9,-9999.7,,-9999.7,,26.4,-99.7,,-99.7,,,-9997.0,,2.1,292.5,-99.7,-999.7,,0.0,,,,,,,,,,,,,,,,,,,,,,-9997.0,,,,,,,,,,,,,,,,,,,,,,,,,,,,,,,,,,,,,,,,,,,,,,,,,,,,,,,,,,,,,,,,,,10.3,,,,,,,,,
1996-08-11,976.5,-9999.7,,-9999.7,,26.8,-99.7,,-99.7,,,-9997.0,,3.8,315.0,-99.7,-999.7,,0.0,,,,,,,,,,,,,,,,,,,,,,-9997.0,,,,,,,,,,,,,,,,,,,,,,,,,,,,,,,,,,,,,,,,,,,,,,,,,,,,,,,,,,,,,,,,,,8.6,,,,,,,,,
1996-08-12,973.9,-9999.7,,-9999.7,,26.9,-99.7,,-99.7,,,-9997.0,,3.7,315.0,-99.7,-999.7,,17.0,,,,,,,,,,,,,,,,,,,,,,-9997.0,,,,,,,,,,,,,,,,,,,,,,,,,,,,,,,,,,,,,,,,,,,,,,,,,,,,,,,,,,,,,,,,,,5.7,,,,,,,,,
1996-08-13,974.7,-9999.7,,-9999.7,,27.5,-99.7,,-99.7,,,-9997.0,,2.6,292.5,-99.7,-999.7,,8.0,,,,,,,,,,,,,,,,,,,,,,-9997.0,,,,,,,,,,,,,,,,,,,,,,,,,,,,,,,,,,,,,,,,,,,,,,,,,,,,,,,,,,,,,,,,,,3.6,,,,,,,,,
1996-08-14,978.9,-9999.7,,-9999.7,,26.6,-99.7,,-99.7,,,-9997.0,,2.0,292.5,-99.7,-999.7,,9.5,,,,,,,,,,,,,,,,,,,,,,-9997.0,,,,,,,,,,,,,,,,,,,,,,,,,,,,,,,,,,,,,,,,,,,,,,,,,,,,,,,,,,,,,,,,,,4.0,,,,,,,,,
1996-08-15,982.3,-9999.7,,-9999.7,,25.2,-99.7,,-99.7,,,-9997.0,,1.6,292.5,-99.7,-999.7,,32.0,,,,,,,,,,,,,,,,,,,,,,-9997.0,,,,,,,,,,,,,,,,,,,,,,,,,,,,,,,,,,,,,,,,,,,,,,,,,,,,,,,,,,,,,,,,,,2.9,,,,,,,,,
1996-08-16,983.4,-9999.7,,-9999.7,,25.9,-99.7,,-99.7,,,-9997.0,,1.2,315.0,-99.7,-999.7,,31.0,,,,,,,,,,,,,,,,,,,,,,-9997.0,,,,,,,,,,,,,,,,,,,,,,,,,,,,,,,,,,,,,,,,,,,,,,,,,,,,,,,,,,,,,,,,,,1.7,,,,,,,,,
1996-08-17,983.9,-9999.7,,-9999.7,,25.7,-99.7,,-99.7,,,-9997.0,,1.6,315.0,-99.7,-999.7,,0.0,,,,,,,,,,,,,,,,,,,,,,-9997.0,,,,,,,,,,,,,,,,,,,,,,,,,,,,,,,,,,,,,,,,,,,,,,,,,,,,,,,,,,,,,,,,,,6.7,,,,,,,,,
1996-08-18,984.8,-9999.7,,-9999.7,,26.7,-99.7,,-99.7,,,-9997.0,,1.5,292.5,-99.7,-999.7,,0.0,,,,,,,,,,,,,,,,,,,,,,-9997.0,,,,,,,,,,,,,,,,,,,,,,,,,,,,,,,,,,,,,,,,,,,,,,,,,,,,,,,,,,,,,,,,,,8.8,,,,,,,,,
1996-08-19,984.3,-9999.7,,-9999.7,,26.1,-99.7,,-99.7,,,-9997.0,,3.9,112.5,-99.7,-999.7,,0.0,,,,,,,,,,,,,,,,,,,,,,-9997.0,,,,,,,,,,,,,,,,,,,,,,,,,,,,,,,,,,,,,,,,,,,,,,,,,,,,,,,,,,,,,,,,,,11.3,,,,,,,,,
1996-08-20,983.6,-9999.7,,-9999.7,,26.4,-99.7,,-99.7,,,-9997.0,,3.0,112.5,-99.7,-999.7,,0.0,,,,,,,,,,,,,,,,,,,,,,-9997.0,,,,,,,,,,,,,,,,,,,,,,,,,,,,,,,,,,,,,,,,,,,,,,,,,,,,,,,,,,,,,,,,,,9.5,,,,,,,,,
1996-08-21,983.6,-9999.7,,-9999.7,,25.6,-99.7,,-99.7,,,-9997.0,,1.8,292.5,-99.7,-999.7,,0.0,,,,,,,,,,,,,,,,,,,,,,-9997.0,,,,,,,,,,,,,,,,,,,,,,,,,,,,,,,,,,,,,,,,,,,,,,,,,,,,,,,,,,,,,,,,,,9.5,,,,,,,,,
1996-08-22,983.3,-9999.7,,-9999.7,,26.8,-99.7,,-99.7,,,-9997.0,,1.5,112.5,-99.7,-999.7,,0.0,,,,,,,,,,,,,,,,,,,,,,-9997.0,,,,,,,,,,,,,,,,,,,,,,,,,,,,,,,,,,,,,,,,,,,,,,,,,,,,,,,,,,,,,,,,,,4.3,,,,,,,,,
1996-08-23,981.4,-9999.7,,-9999.7,,26.8,-99.7,,-99.7,,,-9997.0,,1.3,270.0,-99.7,-999.7,,1.0,,,,,,,,,,,,,,,,,,,,,,-9997.0,,,,,,,,,,,,,,,,,,,,,,,,,,,,,,,,,,,,,,,,,,,,,,,,,,,,,,,,,,,,,,,,,,2.9,,,,,,,,,
1996-08-24,981.1,-9999.7,,-9999.7,,26.1,-99.7,,-99.7,,,-9997.0,,1.8,90.0,-99.7,-999.7,,0.0,,,,,,,,,,,,,,,,,,,,,,-9997.0,,,,,,,,,,,,,,,,,,,,,,,,,,,,,,,,,,,,,,,,,,,,,,,,,,,,,,,,,,,,,,,,,,6.4,,,,,,,,,
1996-08-25,983.8,-9999.7,,-9999.7,,25.1,-99.7,,-99.7,,,-9997.0,,1.1,292.5,-99.7,-999.7,,0.0,,,,,,,,,,,,,,,,,,,,,,-9997.0,,,,,,,,,,,,,,,,,,,,,,,,,,,,,,,,,,,,,,,,,,,,,,,,,,,,,,,,,,,,,,,,,,4.1,,,,,,,,,
1996-08-26,985.7,-9999.7,,-9999.7,,26.0,-99.7,,-99.7,,,-9997.0,,2.1,315.0,-99.7,-999.7,,0.0,,,,,,,,,,,,,,,,,,,,,,-9997.0,,,,,,,,,,,,,,,,,,,,,,,,,,,,,,,,,,,,,,,,,,,,,,,,,,,,,,,,,,,,,,,,,,8.5,,,,,,,,,
1996-08-27,984.2,-9999.7,,-9999.7,,26.1,-99.7,,-99.7,,,-9997.0,,1.9,292.5,-99.7,-999.7,,0.0,,,,,,,,,,,,,,,,,,,,,,-9997.0,,,,,,,,,,,,,,,,,,,,,,,,,,,,,,,,,,,,,,,,,,,,,,,,,,,,,,,,,,,,,,,,,,8.3,,,,,,,,,
1996-08-28,980.8,-9999.7,,-9999.7,,26.1,-99.7,,-99.7,,,-9997.0,,1.4,112.5,-99.7,-999.7,,0.0,,,,,,,,,,,,,,,,,,,,,,-9997.0,,,,,,,,,,,,,,,,,,,,,,,,,,,,,,,,,,,,,,,,,,,,,,,,,,,,,,,,,,,,,,,,,,6.3,,,,,,,,,
1996-08-29,979.5,-9999.7,,-9999.7,,25.3,-99.7,,-99.7,,,-9997.0,,1.6,292.5,-99.7,-999.7,,3.0,,,,,,,,,,,,,,,,,,,,,,-9997.0,,,,,,,,,,,,,,,,,,,,,,,,,,,,,,,,,,,,,,,,,,,,,,,,,,,,,,,,,,,,,,,,,,3.2,,,,,,,,,
1996-08-30,981.0,-9999.7,,-9999.7,,25.6,-99.7,,-99.7,,,-9997.0,,1.3,315.0,-99.7,-999.7,,3.0,,,,,,,,,,,,,,,,,,,,,,-9997.0,,,,,,,,,,,,,,,,,,,,,,,,,,,,,,,,,,,,,,,,,,,,,,,,,,,,,,,,,,,,,,,,,,0.1,,,,,,,,,
1996-08-31,982.5,-9999.7,,-9999.7,,26.8,-99.7,,-99.7,,,-9997.0,,2.2,270.0,-99.7,-999.7,,3.0,,,,,,,,,,,,,,,,,,,,,,-9997.0,,,,,,,,,,,,,,,,,,,,,,,,,,,,,,,,,,,,,,,,,,,,,,,,,,,,,,,,,,,,,,,,,,5.7,,,,,,,,,
1996-09-01,982.7,-9999.7,,-9999.7,,25.7,-99.7,,-99.7,,,-9997.0,,2.8,270.0,-99.7,-999.7,,28.0,,,,,,,,,,,,,,,,,,,,,,-9997.0,,,,,,,,,,,,,,,,,,,,,,,,,,,,,,,,,,,,,,,,,,,,,,,,,,,,,,,,,,,,,,,,,,1.6,,,,,,,,,
1996-09-02,983.0,-9999.7,,-9999.7,,24.0,-99.7,,-99.7,,,-9997.0,,1.0,90.0,-99.7,-999.7,,41.5,,,,,,,,,,,,,,,,,,,,,,-9997.0,,,,,,,,,,,,,,,,,,,,,,,,,,,,,,,,,,,,,,,,,,,,,,,,,,,,,,,,,,,,,,,,,,0.0,,,,,,,,,
1996-09-03,983.8,-9999.7,,-9999.7,,23.9,-99.7,,-99.7,,,-9997.0,,1.0,135.0,-99.7,-999.7,,54.5,,,,,,,,,,,,,,,,,,,,,,-9997.0,,,,,,,,,,,,,,,,,,,,,,,,,,,,,,,,,,,,,,,,,,,,,,,,,,,,,,,,,,,,,,,,,,0.1,,,,,,,,,
1996-09-04,984.7,-9999.7,,-9999.7,,25.2,-99.7,,-99.7,,,-9997.0,,2.6,112.5,-99.7,-999.7,,0.0,,,,,,,,,,,,,,,,,,,,,,-9997.0,,,,,,,,,,,,,,,,,,,,,,,,,,,,,,,,,,,,,,,,,,,,,,,,,,,,,,,,,,,,,,,,,,4.0,,,,,,,,,
1996-09-05,983.9,-9999.7,,-9999.7,,24.0,-99.7,,-99.7,,,-9997.0,,2.2,135.0,-99.7,-999.7,,10.0,,,,,,,,,,,,,,,,,,,,,,-9997.0,,,,,,,,,,,,,,,,,,,,,,,,,,,,,,,,,,,,,,,,,,,,,,,,,,,,,,,,,,,,,,,,,,2.4,,,,,,,,,
1996-09-06,981.8,-9999.7,,-9999.7,,25.0,-99.7,,-99.7,,,-9997.0,,2.9,112.5,-99.7,-999.7,,1.0,,,,,,,,,,,,,,,,,,,,,,-9997.0,,,,,,,,,,,,,,,,,,,,,,,,,,,,,,,,,,,,,,,,,,,,,,,,,,,,,,,,,,,,,,,,,,0.3,,,,,,,,,
1996-09-07,981.8,-9999.7,,-9999.7,,25.7,-99.7,,-99.7,,,-9997.0,,4.9,112.5,-99.7,-999.7,,0.0,,,,,,,,,,,,,,,,,,,,,,-9997.0,,,,,,,,,,,,,,,,,,,,,,,,,,,,,,,,,,,,,,,,,,,,,,,,,,,,,,,,,,,,,,,,,,8.2,,,,,,,,,
1996-09-08,980.7,-9999.7,,-9999.7,,26.4,-99.7,,-99.7,,,-9997.0,,7.3,112.5,-99.7,-999.7,,2.5,,,,,,,,,,,,,,,,,,,,,,-9997.0,,,,,,,,,,,,,,,,,,,,,,,,,,,,,,,,,,,,,,,,,,,,,,,,,,,,,,,,,,,,,,,,,,0.5,,,,,,,,,
1996-09-09,982.2,-9999.7,,-9999.7,,26.5,-99.7,,-99.7,,,-9997.0,,4.3,112.5,-99.7,-999.7,,0.0,,,,,,,,,,,,,,,,,,,,,,-9997.0,,,,,,,,,,,,,,,,,,,,,,,,,,,,,,,,,,,,,,,,,,,,,,,,,,,,,,,,,,,,,,,,,,7.0,,,,,,,,,
1996-09-10,982.5,-9999.7,,-9999.7,,26.2,-99.7,,-99.7,,,-9997.0,,4.9,112.5,-99.7,-999.7,,0.5,,,,,,,,,,,,,,,,,,,,,,-9997.0,,,,,,,,,,,,,,,,,,,,,,,,,,,,,,,,,,,,,,,,,,,,,,,,,,,,,,,,,,,,,,,,,,5.2,,,,,,,,,
1996-09-11,981.1,-9999.7,,-9999.7,,26.4,-99.7,,-99.7,,,-9997.0,,6.2,112.5,-99.7,-999.7,,0.0,,,,,,,,,,,,,,,,,,,,,,-9997.0,,,,,,,,,,,,,,,,,,,,,,,,,,,,,,,,,,,,,,,,,,,,,,,,,,,,,,,,,,,,,,,,,,7.7,,,,,,,,,
1996-09-12,979.7,-9999.7,,-9999.7,,26.6,-99.7,,-99.7,,,-9997.0,,5.2,112.5,-99.7,-999.7,,0.0,,,,,,,,,,,,,,,,,,,,,,-9997.0,,,,,,,,,,,,,,,,,,,,,,,,,,,,,,,,,,,,,,,,,,,,,,,,,,,,,,,,,,,,,,,,,,4.7,,,,,,,,,
1996-09-13,979.6,-9999.7,,-9999.7,,27.1,-99.7,,-99.7,,,-9997.0,,2.5,112.5,-99.7,-999.7,,0.0,,,,,,,,,,,,,,,,,,,,,,-9997.0,,,,,,,,,,,,,,,,,,,,,,,,,,,,,,,,,,,,,,,,,,,,,,,,,,,,,,,,,,,,,,,,,,10.1,,,,,,,,,
1996-09-14,980.6,-9999.7,,-9999.7,,26.1,-99.7,,-99.7,,,-9997.0,,4.4,112.5,-99.7,-999.7,,0.0,,,,,,,,,,,,,,,,,,,,,,-9997.0,,,,,,,,,,,,,,,,,,,,,,,,,,,,,,,,,,,,,,,,,,,,,,,,,,,,,,,,,,,,,,,,,,9.8,,,,,,,,,
1996-09-15,981.0,-9999.7,,-9999.7,,25.9,-99.7,,-99.7,,,-9997.0,,4.1,112.5,-99.7,-999.7,,0.0,,,,,,,,,,,,,,,,,,,,,,-9997.0,,,,,,,,,,,,,,,,,,,,,,,,,,,,,,,,,,,,,,,,,,,,,,,,,,,,,,,,,,,,,,,,,,5.4,,,,,,,,,
1996-09-16,979.3,-9999.7,,-9999.7,,25.6,-99.7,,-99.7,,,-9997.0,,2.0,90.0,-99.7,-999.7,,0.0,,,,,,,,,,,,,,,,,,,,,,-9997.0,,,,,,,,,,,,,,,,,,,,,,,,,,,,,,,,,,,,,,,,,,,,,,,,,,,,,,,,,,,,,,,,,,0.8,,,,,,,,,
1996-09-17,978.2,-9999.7,,-9999.7,,25.8,-99.7,,-99.7,,,-9997.0,,1.3,90.0,-99.7,-999.7,,0.5,,,,,,,,,,,,,,,,,,,,,,-9997.0,,,,,,,,,,,,,,,,,,,,,,,,,,,,,,,,,,,,,,,,,,,,,,,,,,,,,,,,,,,,,,,,,,1.3,,,,,,,,,
1996-09-18,978.5,-9999.7,,-9999.7,,25.0,-99.7,,-99.7,,,-9997.0,,1.8,292.5,-99.7,-999.7,,0.0,,,,,,,,,,,,,,,,,,,,,,-9997.0,,,,,,,,,,,,,,,,,,,,,,,,,,,,,,,,,,,,,,,,,,,,,,,,,,,,,,,,,,,,,,,,,,8.3,,,,,,,,,
1996-09-19,978.5,-9999.7,,-9999.7,,24.9,-99.7,,-99.7,,,-9997.0,,2.4,292.5,-99.7,-999.7,,0.0,,,,,,,,,,,,,,,,,,,,,,-9997.0,,,,,,,,,,,,,,,,,,,,,,,,,,,,,,,,,,,,,,,,,,,,,,,,,,,,,,,,,,,,,,,,,,10.4,,,,,,,,,
1996-09-20,981.1,-9999.7,,-9999.7,,24.9,-99.7,,-99.7,,,-9997.0,,2.5,337.5,-99.7,-999.7,,0.0,,,,,,,,,,,,,,,,,,,,,,-9997.0,,,,,,,,,,,,,,,,,,,,,,,,,,,,,,,,,,,,,,,,,,,,,,,,,,,,,,,,,,,,,,,,,,5.0,,,,,,,,,
1996-09-21,983.7,-9999.7,,-9999.7,,23.5,-99.7,,-99.7,,,-9997.0,,1.2,337.5,-99.7,-999.7,,0.0,,,,,,,,,,,,,,,,,,,,,,-9997.0,,,,,,,,,,,,,,,,,,,,,,,,,,,,,,,,,,,,,,,,,,,,,,,,,,,,,,,,,,,,,,,,,,0.0,,,,,,,,,
1996-09-22,983.5,-9999.7,,-9999.7,,23.0,-99.7,,-99.7,,,-9997.0,,2.2,112.5,-99.7,-999.7,,0.0,,,,,,,,,,,,,,,,,,,,,,-9997.0,,,,,,,,,,,,,,,,,,,,,,,,,,,,,,,,,,,,,,,,,,,,,,,,,,,,,,,,,,,,,,,,,,4.8,,,,,,,,,
1996-09-23,984.8,-9999.7,,-9999.7,,22.4,-99.7,,-99.7,,,-9997.0,,2.8,112.5,-99.7,-999.7,,12.5,,,,,,,,,,,,,,,,,,,,,,-9997.0,,,,,,,,,,,,,,,,,,,,,,,,,,,,,,,,,,,,,,,,,,,,,,,,,,,,,,,,,,,,,,,,,,0.0,,,,,,,,,
1996-09-24,985.0,-9999.7,,-9999.7,,24.1,-99.7,,-99.7,,,-9997.0,,3.7,112.5,-99.7,-999.7,,4.5,,,,,,,,,,,,,,,,,,,,,,-9997.0,,,,,,,,,,,,,,,,,,,,,,,,,,,,,,,,,,,,,,,,,,,,,,,,,,,,,,,,,,,,,,,,,,0.5,,,,,,,,,
1996-09-25,984.0,-9999.7,,-9999.7,,23.9,-99.7,,-99.7,,,-9997.0,,1.8,90.0,-99.7,-999.7,,50.5,,,,,,,,,,,,,,,,,,,,,,-9997.0,,,,,,,,,,,,,,,,,,,,,,,,,,,,,,,,,,,,,,,,,,,,,,,,,,,,,,,,,,,,,,,,,,2.1,,,,,,,,,
1996-09-26,984.1,-9999.7,,-9999.7,,24.2,-99.7,,-99.7,,,-9997.0,,1.7,90.0,-99.7,-999.7,,0.0,,,,,,,,,,,,,,,,,,,,,,-9997.0,,,,,,,,,,,,,,,,,,,,,,,,,,,,,,,,,,,,,,,,,,,,,,,,,,,,,,,,,,,,,,,,,,3.4,,,,,,,,,
1996-09-27,982.4,-9999.7,,-9999.7,,24.2,-99.7,,-99.7,,,-9997.0,,2.6,22.5,-99.7,-999.7,,63.5,,,,,,,,,,,,,,,,,,,,,,-9997.0,,,,,,,,,,,,,,,,,,,,,,,,,,,,,,,,,,,,,,,,,,,,,,,,,,,,,,,,,,,,,,,,,,0.4,,,,,,,,,
1996-09-28,978.3,-9999.7,,-9999.7,,23.6,-99.7,,-99.7,,,-9997.0,,3.5,360.0,-99.7,-999.7,,122.0,,,,,,,,,,,,,,,,,,,,,,-9997.0,,,,,,,,,,,,,,,,,,,,,,,,,,,,,,,,,,,,,,,,,,,,,,,,,,,,,,,,,,,,,,,,,,0.0,,,,,,,,,
1996-09-29,-9999.5,,,,,-99.7,,,,,,,,-99.7,-999.7,,,,0.0,,,,,,,,,,,,,,,,,,,,,,,,,,,,,,,,,,,,,,,,,,,,,,,,,,,,,,,,,,,,,,,,,,,,,,,,,,,,,,,,,,,,,,,,-99.6,,,,,,,,,
1996-09-30,-9999.5,,,,,-99.7,,,,,,,,-99.7,-999.7,,,,0.0,,,,,,,,,,,,,,,,,,,,,,,,,,,,,,,,,,,,,,,,,,,,,,,,,,,,,,,,,,,,,,,,,,,,,,,,,,,,,,,,,,,,,,,,-99.6,,,,,,,,,
1996-10-01,-9999.5,,,,,-99.7,,,,,,,,-99.7,-999.7,,,,0.0,,,,,,,,,,,,,,,,,,,,,,,,,,,,,,,,,,,,,,,,,,,,,,,,,,,,,,,,,,,,,,,,,,,,,,,,,,,,,,,,,,,,,,,,-99.6,,,,,,,,,
1996-10-02,-9999.5,,,,,-99.7,,,,,,,,-99.7,-999.7,,,,0.0,,,,,,,,,,,,,,,,,,,,,,,,,,,,,,,,,,,,,,,,,,,,,,,,,,,,,,,,,,,,,,,,,,,,,,,,,,,,,,,,,,,,,,,,-99.6,,,,,,,,,
1996-10-03,984.2,-9999.7,,-9999.7,,23.4,-99.7,,-99.7,,,-9997.0,,2.9,135.0,-99.7,-999.7,,0.0,,,,,,,,,,,,,,,,,,,,,,-9997.0,,,,,,,,,,,,,,,,,,,,,,,,,,,,,,,,,,,,,,,,,,,,,,,,,,,,,,,,,,,,,,,,,,0.0,,,,,,,,,
1996-10-04,986.1,-9999.7,,-9999.7,,23.3,-99.7,,-99.7,,,-9997.0,,3.7,112.5,-99.7,-999.7,,0.0,,,,,,,,,,,,,,,,,,,,,,-9997.0,,,,,,,,,,,,,,,,,,,,,,,,,,,,,,,,,,,,,,,,,,,,,,,,,,,,,,,,,,,,,,,,,,1.3,,,,,,,,,
1996-10-05,986.0,-9999.7,,-9999.7,,23.6,-99.7,,-99.7,,,-9997.0,,3.4,157.5,-99.7,-999.7,,0.0,,,,,,,,,,,,,,,,,,,,,,-9997.0,,,,,,,,,,,,,,,,,,,,,,,,,,,,,,,,,,,,,,,,,,,,,,,,,,,,,,,,,,,,,,,,,,10.1,,,,,,,,,
1996-10-06,986.3,-9999.7,,-9999.7,,23.4,-99.7,,-99.7,,,-9997.0,,1.7,292.5,-99.7,-999.7,,0.0,,,,,,,,,,,,,,,,,,,,,,-9997.0,,,,,,,,,,,,,,,,,,,,,,,,,,,,,,,,,,,,,,,,,,,,,,,,,,,,,,,,,,,,,,,,,,9.5,,,,,,,,,
1996-10-07,987.7,-9999.7,,-9999.7,,24.2,-99.7,,-99.7,,,-9997.0,,1.7,292.5,-99.7,-999.7,,0.0,,,,,,,,,,,,,,,,,,,,,,-9997.0,,,,,,,,,,,,,,,,,,,,,,,,,,,,,,,,,,,,,,,,,,,,,,,,,,,,,,,,,,,,,,,,,,8.5,,,,,,,,,
1996-10-08,988.5,-9999.7,,-9999.7,,23.3,-99.7,,-99.7,,,-9997.0,,1.6,90.0,-99.7,-999.7,,6.0,,,,,,,,,,,,,,,,,,,,,,-9997.0,,,,,,,,,,,,,,,,,,,,,,,,,,,,,,,,,,,,,,,,,,,,,,,,,,,,,,,,,,,,,,,,,,0.4,,,,,,,,,
1996-10-09,988.4,-9999.7,,-9999.7,,22.2,-99.7,,-99.7,,,-9997.0,,2.7,90.0,-99.7,-999.7,,9.5,,,,,,,,,,,,,,,,,,,,,,-9997.0,,,,,,,,,,,,,,,,,,,,,,,,,,,,,,,,,,,,,,,,,,,,,,,,,,,,,,,,,,,,,,,,,,0.0,,,,,,,,,
1996-10-10,987.7,-9999.7,,-9999.7,,22.3,-99.7,,-99.7,,,-9997.0,,3.0,112.5,-99.7,-999.7,,40.5,,,,,,,,,,,,,,,,,,,,,,-9997.0,,,,,,,,,,,,,,,,,,,,,,,,,,,,,,,,,,,,,,,,,,,,,,,,,,,,,,,,,,,,,,,,,,0.0,,,,,,,,,
1996-10-11,988.3,-9999.7,,-9999.7,,23.2,-99.7,,-99.7,,,-9997.0,,4.6,112.5,-99.7,-999.7,,93.0,,,,,,,,,,,,,,,,,,,,,,-9997.0,,,,,,,,,,,,,,,,,,,,,,,,,,,,,,,,,,,,,,,,,,,,,,,,,,,,,,,,,,,,,,,,,,0.6,,,,,,,,,
1996-10-12,987.7,-9999.7,,-9999.7,,23.2,-99.7,,-99.7,,,-9997.0,,3.6,112.5,-99.7,-999.7,,22.5,,,,,,,,,,,,,,,,,,,,,,-9997.0,,,,,,,,,,,,,,,,,,,,,,,,,,,,,,,,,,,,,,,,,,,,,,,,,,,,,,,,,,,,,,,,,,0.0,,,,,,,,,
1996-10-13,984.4,-9999.7,,-9999.7,,23.5,-99.7,,-99.7,,,-9997.0,,3.2,135.0,-99.7,-999.7,,5.0,,,,,,,,,,,,,,,,,,,,,,-9997.0,,,,,,,,,,,,,,,,,,,,,,,,,,,,,,,,,,,,,,,,,,,,,,,,,,,,,,,,,,,,,,,,,,0.5,,,,,,,,,
1996-10-14,985.2,-9999.7,,-9999.7,,22.1,-99.7,,-99.7,,,-9997.0,,1.6,337.5,-99.7,-999.7,,74.5,,,,,,,,,,,,,,,,,,,,,,-9997.0,,,,,,,,,,,,,,,,,,,,,,,,,,,,,,,,,,,,,,,,,,,,,,,,,,,,,,,,,,,,,,,,,,0.0,,,,,,,,,
1996-10-15,986.8,-9999.7,,-9999.7,,21.5,-99.7,,-99.7,,,-9997.0,,2.0,90.0,-99.7,-999.7,,0.0,,,,,,,,,,,,,,,,,,,,,,-9997.0,,,,,,,,,,,,,,,,,,,,,,,,,,,,,,,,,,,,,,,,,,,,,,,,,,,,,,,,,,,,,,,,,,1.0,,,,,,,,,
1996-10-16,989.3,-9999.7,,-9999.7,,22.1,-99.7,,-99.7,,,-9997.0,,6.7,112.5,-99.7,-999.7,,0.0,,,,,,,,,,,,,,,,,,,,,,-9997.0,,,,,,,,,,,,,,,,,,,,,,,,,,,,,,,,,,,,,,,,,,,,,,,,,,,,,,,,,,,,,,,,,,0.8,,,,,,,,,
1996-10-17,987.7,-9999.7,,-9999.7,,22.3,-99.7,,-99.7,,,-9997.0,,4.6,135.0,-99.7,-999.7,,0.0,,,,,,,,,,,,,,,,,,,,,,-9997.0,,,,,,,,,,,,,,,,,,,,,,,,,,,,,,,,,,,,,,,,,,,,,,,,,,,,,,,,,,,,,,,,,,5.3,,,,,,,,,
1996-10-18,987.1,-9999.7,,-9999.7,,21.8,-99.7,,-99.7,,,-9997.0,,3.4,135.0,-99.7,-999.7,,0.0,,,,,,,,,,,,,,,,,,,,,,-9997.0,,,,,,,,,,,,,,,,,,,,,,,,,,,,,,,,,,,,,,,,,,,,,,,,,,,,,,,,,,,,,,,,,,1.0,,,,,,,,,
1996-10-19,989.8,-9999.7,,-9999.7,,21.0,-99.7,,-99.7,,,-9997.0,,2.8,90.0,-99.7,-999.7,,2.5,,,,,,,,,,,,,,,,,,,,,,-9997.0,,,,,,,,,,,,,,,,,,,,,,,,,,,,,,,,,,,,,,,,,,,,,,,,,,,,,,,,,,,,,,,,,,0.0,,,,,,,,,
1996-10-20,989.4,-9999.7,,-9999.7,,19.7,-99.7,,-99.7,,,-9997.0,,2.9,112.5,-99.7,-999.7,,41.5,,,,,,,,,,,,,,,,,,,,,,-9997.0,,,,,,,,,,,,,,,,,,,,,,,,,,,,,,,,,,,,,,,,,,,,,,,,,,,,,,,,,,,,,,,,,,0.0,,,,,,,,,
1996-10-21,986.1,-9999.7,,-9999.7,,21.8,-99.7,,-99.7,,,-9997.0,,4.3,135.0,-99.7,-999.7,,9.0,,,,,,,,,,,,,,,,,,,,,,-9997.0,,,,,,,,,,,,,,,,,,,,,,,,,,,,,,,,,,,,,,,,,,,,,,,,,,,,,,,,,,,,,,,,,,3.6,,,,,,,,,
1996-10-22,987.2,-9999.7,,-9999.7,,21.6,-99.7,,-99.7,,,-9997.0,,2.4,112.5,-99.7,-999.7,,5.0,,,,,,,,,,,,,,,,,,,,,,-9997.0,,,,,,,,,,,,,,,,,,,,,,,,,,,,,,,,,,,,,,,,,,,,,,,,,,,,,,,,,,,,,,,,,,0.0,,,,,,,,,
1996-10-23,988.5,-9999.7,,-9999.7,,22.0,-99.7,,-99.7,,,-9997.0,,1.7,360.0,-99.7,-999.7,,2.5,,,,,,,,,,,,,,,,,,,,,,-9997.0,,,,,,,,,,,,,,,,,,,,,,,,,,,,,,,,,,,,,,,,,,,,,,,,,,,,,,,,,,,,,,,,,,1.4,,,,,,,,,
1996-10-24,986.9,-9999.7,,-9999.7,,22.0,-99.7,,-99.7,,,-9997.0,,1.9,90.0,-99.7,-999.7,,13.5,,,,,,,,,,,,,,,,,,,,,,-9997.0,,,,,,,,,,,,,,,,,,,,,,,,,,,,,,,,,,,,,,,,,,,,,,,,,,,,,,,,,,,,,,,,,,0.2,,,,,,,,,
1996-10-25,988.0,-9999.7,,-9999.7,,21.9,-99.7,,-99.7,,,-9997.0,,1.8,22.5,-99.7,-999.7,,7.0,,,,,,,,,,,,,,,,,,,,,,-9997.0,,,,,,,,,,,,,,,,,,,,,,,,,,,,,,,,,,,,,,,,,,,,,,,,,,,,,,,,,,,,,,,,,,1.0,,,,,,,,,
1996-10-26,992.0,-9999.7,,-9999.7,,19.7,-99.7,,-99.7,,,-9997.0,,2.5,22.5,-99.7,-999.7,,3.0,,,,,,,,,,,,,,,,,,,,,,-9997.0,,,,,,,,,,,,,,,,,,,,,,,,,,,,,,,,,,,,,,,,,,,,,,,,,,,,,,,,,,,,,,,,,,0.0,,,,,,,,,
1996-10-27,991.0,-9999.7,,-9999.7,,18.5,-99.7,,-99.7,,,-9997.0,,3.9,112.5,-99.7,-999.7,,6.0,,,,,,,,,,,,,,,,,,,,,,-9997.0,,,,,,,,,,,,,,,,,,,,,,,,,,,,,,,,,,,,,,,,,,,,,,,,,,,,,,,,,,,,,,,,,,0.0,,,,,,,,,
1996-10-28,989.0,-9999.7,,-9999.7,,21.1,-99.7,,-99.7,,,-9997.0,,1.4,337.5,-99.7,-999.7,,0.0,,,,,,,,,,,,,,,,,,,,,,-9997.0,,,,,,,,,,,,,,,,,,,,,,,,,,,,,,,,,,,,,,,,,,,,,,,,,,,,,,,,,,,,,,,,,,5.1,,,,,,,,,
1996-10-29,987.9,-9999.7,,-9999.7,,21.7,-99.7,,-99.7,,,-9997.0,,1.7,135.0,-99.7,-999.7,,0.0,,,,,,,,,,,,,,,,,,,,,,-9997.0,,,,,,,,,,,,,,,,,,,,,,,,,,,,,,,,,,,,,,,,,,,,,,,,,,,,,,,,,,,,,,,,,,0.0,,,,,,,,,
1996-10-30,985.8,-9999.7,,-9999.7,,23.2,-99.7,,-99.7,,,-9997.0,,1.2,135.0,-99.7,-999.7,,0.0,,,,,,,,,,,,,,,,,,,,,,-9997.0,,,,,,,,,,,,,,,,,,,,,,,,,,,,,,,,,,,,,,,,,,,,,,,,,,,,,,,,,,,,,,,,,,9.2,,,,,,,,,
1996-10-31,985.0,-9999.7,,-9999.7,,23.2,-99.7,,-99.7,,,-9997.0,,1.5,292.5,-99.7,-999.7,,0.0,,,,,,,,,,,,,,,,,,,,,,-9997.0,,,,,,,,,,,,,,,,,,,,,,,,,,,,,,,,,,,,,,,,,,,,,,,,,,,,,,,,,,,,,,,,,,9.4,,,,,,,,,
1996-11-01,983.7,-9999.7,,-9999.7,,22.6,-99.7,,-99.7,,,-9997.0,,1.7,292.5,-99.7,-999.7,,0.0,,,,,,,,,,,,,,,,,,,,,,-9997.0,,,,,,,,,,,,,,,,,,,,,,,,,,,,,,,,,,,,,,,,,,,,,,,,,,,,,,,,,,,,,,,,,,8.1,,,,,,,,,
1996-11-02,989.7,-9999.7,,-9999.7,,21.0,-99.7,,-99.7,,,-9997.0,,3.1,22.5,-99.7,-999.7,,5.0,,,,,,,,,,,,,,,,,,,,,,-9997.0,,,,,,,,,,,,,,,,,,,,,,,,,,,,,,,,,,,,,,,,,,,,,,,,,,,,,,,,,,,,,,,,,,0.0,,,,,,,,,
1996-11-03,991.8,-9999.7,,-9999.7,,21.5,-99.7,,-99.7,,,-9997.0,,5.7,112.5,-99.7,-999.7,,9.0,,,,,,,,,,,,,,,,,,,,,,-9997.0,,,,,,,,,,,,,,,,,,,,,,,,,,,,,,,,,,,,,,,,,,,,,,,,,,,,,,,,,,,,,,,,,,0.0,,,,,,,,,
1996-11-04,989.7,-9999.7,,-9999.7,,23.5,-99.7,,-99.7,,,-9997.0,,6.8,112.5,-99.7,-999.7,,0.0,,,,,,,,,,,,,,,,,,,,,,-9997.0,,,,,,,,,,,,,,,,,,,,,,,,,,,,,,,,,,,,,,,,,,,,,,,,,,,,,,,,,,,,,,,,,,5.3,,,,,,,,,
1996-11-05,987.6,-9999.7,,-9999.7,,23.4,-99.7,,-99.7,,,-9997.0,,5.9,112.5,-99.7,-999.7,,0.0,,,,,,,,,,,,,,,,,,,,,,-9997.0,,,,,,,,,,,,,,,,,,,,,,,,,,,,,,,,,,,,,,,,,,,,,,,,,,,,,,,,,,,,,,,,,,7.6,,,,,,,,,
1996-11-06,988.3,-9999.7,,-9999.7,,22.6,-99.7,,-99.7,,,-9997.0,,5.6,112.5,-99.7,-999.7,,10.0,,,,,,,,,,,,,,,,,,,,,,-9997.0,,,,,,,,,,,,,,,,,,,,,,,,,,,,,,,,,,,,,,,,,,,,,,,,,,,,,,,,,,,,,,,,,,0.0,,,,,,,,,
1996-11-07,987.1,-9999.7,,-9999.7,,23.4,-99.7,,-99.7,,,-9997.0,,6.9,112.5,-99.7,-999.7,,0.5,,,,,,,,,,,,,,,,,,,,,,-9997.0,,,,,,,,,,,,,,,,,,,,,,,,,,,,,,,,,,,,,,,,,,,,,,,,,,,,,,,,,,,,,,,,,,6.9,,,,,,,,,
1996-11-08,984.6,-9999.7,,-9999.7,,23.1,-99.7,,-99.7,,,-9997.0,,6.7,112.5,-99.7,-999.7,,0.0,,,,,,,,,,,,,,,,,,,,,,-9997.0,,,,,,,,,,,,,,,,,,,,,,,,,,,,,,,,,,,,,,,,,,,,,,,,,,,,,,,,,,,,,,,,,,4.9,,,,,,,,,
1996-11-09,982.0,-9999.7,,-9999.7,,21.6,-99.7,,-99.7,,,-9997.0,,6.1,112.5,-99.7,-999.7,,72.5,,,,,,,,,,,,,,,,,,,,,,-9997.0,,,,,,,,,,,,,,,,,,,,,,,,,,,,,,,,,,,,,,,,,,,,,,,,,,,,,,,,,,,,,,,,,,0.0,,,,,,,,,
1996-11-10,978.6,-9999.7,,-9999.7,,22.4,-99.7,,-99.7,,,-9997.0,,7.0,135.0,-99.7,-999.7,,14.5,,,,,,,,,,,,,,,,,,,,,,-9997.0,,,,,,,,,,,,,,,,,,,,,,,,,,,,,,,,,,,,,,,,,,,,,,,,,,,,,,,,,,,,,,,,,,0.1,,,,,,,,,
1996-11-11,978.3,-9999.7,,-9999.7,,22.4,-99.7,,-99.7,,,-9997.0,,3.1,135.0,-99.7,-999.7,,25.5,,,,,,,,,,,,,,,,,,,,,,-9997.0,,,,,,,,,,,,,,,,,,,,,,,,,,,,,,,,,,,,,,,,,,,,,,,,,,,,,,,,,,,,,,,,,,0.0,,,,,,,,,
1996-11-12,984.0,-9999.7,,-9999.7,,19.4,-99.7,,-99.7,,,-9997.0,,2.6,360.0,-99.7,-999.7,,11.0,,,,,,,,,,,,,,,,,,,,,,-9997.0,,,,,,,,,,,,,,,,,,,,,,,,,,,,,,,,,,,,,,,,,,,,,,,,,,,,,,,,,,,,,,,,,,0.0,,,,,,,,,
1996-11-13,990.7,-9999.7,,-9999.7,,17.5,-99.7,,-99.7,,,-9997.0,,2.9,22.5,-99.7,-999.7,,0.5,,,,,,,,,,,,,,,,,,,,,,-9997.0,,,,,,,,,,,,,,,,,,,,,,,,,,,,,,,,,,,,,,,,,,,,,,,,,,,,,,,,,,,,,,,,,,0.0,,,,,,,,,
1996-11-14,993.3,-9999.7,,-9999.7,,18.5,-99.7,,-99.7,,,-9997.0,,2.4,90.0,-99.7,-999.7,,16.5,,,,,,,,,,,,,,,,,,,,,,-9997.0,,,,,,,,,,,,,,,,,,,,,,,,,,,,,,,,,,,,,,,,,,,,,,,,,,,,,,,,,,,,,,,,,,0.0,,,,,,,,,
1996-11-15,995.1,-9999.7,,-9999.7,,17.7,-99.7,,-99.7,,,-9997.0,,3.2,67.5,-99.7,-999.7,,168.0,,,,,,,,,,,,,,,,,,,,,,-9997.0,,,,,,,,,,,,,,,,,,,,,,,,,,,,,,,,,,,,,,,,,,,,,,,,,,,,,,,,,,,,,,,,,,0.0,,,,,,,,,
1996-11-16,993.4,-9999.7,,-9999.7,,18.3,-99.7,,-99.7,,,-9997.0,,2.8,67.5,-99.7,-999.7,,49.0,,,,,,,,,,,,,,,,,,,,,,-9997.0,,,,,,,,,,,,,,,,,,,,,,,,,,,,,,,,,,,,,,,,,,,,,,,,,,,,,,,,,,,,,,,,,,0.0,,,,,,,,,
1996-11-17,993.4,-9999.7,,-9999.7,,17.8,-99.7,,-99.7,,,-9997.0,,3.1,337.5,-99.7,-999.7,,176.5,,,,,,,,,,,,,,,,,,,,,,-9997.0,,,,,,,,,,,,,,,,,,,,,,,,,,,,,,,,,,,,,,,,,,,,,,,,,,,,,,,,,,,,,,,,,,0.0,,,,,,,,,
1996-11-18,997.6,-9999.7,,-9999.7,,14.2,-99.7,,-99.7,,,-9997.0,,2.3,337.5,-99.7,-999.7,,1.0,,,,,,,,,,,,,,,,,,,,,,-9997.0,,,,,,,,,,,,,,,,,,,,,,,,,,,,,,,,,,,,,,,,,,,,,,,,,,,,,,,,,,,,,,,,,,0.0,,,,,,,,,
1996-11-19,996.5,-9999.7,,-9999.7,,16.6,-99.7,,-99.7,,,-9997.0,,3.3,112.5,-99.7,-999.7,,0.5,,,,,,,,,,,,,,,,,,,,,,-9997.0,,,,,,,,,,,,,,,,,,,,,,,,,,,,,,,,,,,,,,,,,,,,,,,,,,,,,,,,,,,,,,,,,,0.0,,,,,,,,,
1996-11-20,993.2,-9999.7,,-9999.7,,19.7,-99.7,,-99.7,,,-9997.0,,2.6,135.0,-99.7,-999.7,,0.0,,,,,,,,,,,,,,,,,,,,,,-9997.0,,,,,,,,,,,,,,,,,,,,,,,,,,,,,,,,,,,,,,,,,,,,,,,,,,,,,,,,,,,,,,,,,,2.8,,,,,,,,,
1996-11-21,991.7,-9999.7,,-9999.7,,19.6,-99.7,,-99.7,,,-9997.0,,1.9,67.5,-99.7,-999.7,,1.5,,,,,,,,,,,,,,,,,,,,,,-9997.0,,,,,,,,,,,,,,,,,,,,,,,,,,,,,,,,,,,,,,,,,,,,,,,,,,,,,,,,,,,,,,,,,,0.0,,,,,,,,,
1996-11-22,992.0,-9999.7,,-9999.7,,16.3,-99.7,,-99.7,,,-9997.0,,2.1,112.5,-99.7,-999.7,,71.0,,,,,,,,,,,,,,,,,,,,,,-9997.0,,,,,,,,,,,,,,,,,,,,,,,,,,,,,,,,,,,,,,,,,,,,,,,,,,,,,,,,,,,,,,,,,,0.0,,,,,,,,,
1996-11-23,990.4,-9999.7,,-9999.7,,17.7,-99.7,,-99.7,,,-9997.0,,1.5,360.0,-99.7,-999.7,,63.0,,,,,,,,,,,,,,,,,,,,,,-9997.0,,,,,,,,,,,,,,,,,,,,,,,,,,,,,,,,,,,,,,,,,,,,,,,,,,,,,,,,,,,,,,,,,,0.0,,,,,,,,,
1996-11-24,990.1,-9999.7,,-9999.7,,18.6,-99.7,,-99.7,,,-9997.0,,2.1,360.0,-99.7,-999.7,,3.0,,,,,,,,,,,,,,,,,,,,,,-9997.0,,,,,,,,,,,,,,,,,,,,,,,,,,,,,,,,,,,,,,,,,,,,,,,,,,,,,,,,,,,,,,,,,,0.0,,,,,,,,,
1996-11-25,989.7,-9999.7,,-9999.7,,19.8,-99.7,,-99.7,,,-9997.0,,3.2,135.0,-99.7,-999.7,,5.5,,,,,,,,,,,,,,,,,,,,,,-9997.0,,,,,,,,,,,,,,,,,,,,,,,,,,,,,,,,,,,,,,,,,,,,,,,,,,,,,,,,,,,,,,,,,,0.0,,,,,,,,,
1996-11-26,988.3,-9999.7,,-9999.7,,21.0,-99.7,,-99.7,,,-9997.0,,1.7,135.0,-99.7,-999.7,,39.5,,,,,,,,,,,,,,,,,,,,,,-9997.0,,,,,,,,,,,,,,,,,,,,,,,,,,,,,,,,,,,,,,,,,,,,,,,,,,,,,,,,,,,,,,,,,,2.1,,,,,,,,,
1996-11-27,990.8,-9999.7,,-9999.7,,17.7,-99.7,,-99.7,,,-9997.0,,1.9,90.0,-99.7,-999.7,,39.0,,,,,,,,,,,,,,,,,,,,,,-9997.0,,,,,,,,,,,,,,,,,,,,,,,,,,,,,,,,,,,,,,,,,,,,,,,,,,,,,,,,,,,,,,,,,,0.0,,,,,,,,,
1996-11-28,989.2,-9999.7,,-9999.7,,17.9,-99.7,,-99.7,,,-9997.0,,3.1,135.0,-99.7,-999.7,,6.0,,,,,,,,,,,,,,,,,,,,,,-9997.0,,,,,,,,,,,,,,,,,,,,,,,,,,,,,,,,,,,,,,,,,,,,,,,,,,,,,,,,,,,,,,,,,,0.0,,,,,,,,,
1996-11-29,989.9,-9999.7,,-9999.7,,16.6,-99.7,,-99.7,,,-9997.0,,2.9,315.0,-99.7,-999.7,,18.0,,,,,,,,,,,,,,,,,,,,,,-9997.0,,,,,,,,,,,,,,,,,,,,,,,,,,,,,,,,,,,,,,,,,,,,,,,,,,,,,,,,,,,,,,,,,,0.1,,,,,,,,,
1996-11-30,996.4,-9999.7,,-9999.7,,13.5,-99.7,,-99.7,,,-9997.0,,2.2,22.5,-99.7,-999.7,,5.0,,,,,,,,,,,,,,,,,,,,,,-9997.0,,,,,,,,,,,,,,,,,,,,,,,,,,,,,,,,,,,,,,,,,,,,,,,,,,,,,,,,,,,,,,,,,,1.0,,,,,,,,,
1996-12-01,999.0,-9999.7,,-9999.7,,11.8,-99.7,,-99.7,,,-9997.0,,2.6,22.5,-99.7,-999.7,,0.0,,,,,,,,,,,,,,,,,,,,,,-9997.0,,,,,,,,,,,,,,,,,,,,,,,,,,,,,,,,,,,,,,,,,,,,,,,,,,,,,,,,,,,,,,,,,,0.0,,,,,,,,,
1996-12-02,995.0,-9999.7,,-9999.7,,13.5,-99.7,,-99.7,,,-9997.0,,3.8,135.0,-99.7,-999.7,,14.5,,,,,,,,,,,,,,,,,,,,,,-9997.0,,,,,,,,,,,,,,,,,,,,,,,,,,,,,,,,,,,,,,,,,,,,,,,,,,,,,,,,,,,,,,,,,,0.0,,,,,,,,,
1996-12-03,991.0,-9999.7,,-9999.7,,16.8,-99.7,,-99.7,,,-9997.0,,1.3,135.0,-99.7,-999.7,,0.0,,,,,,,,,,,,,,,,,,,,,,-9997.0,,,,,,,,,,,,,,,,,,,,,,,,,,,,,,,,,,,,,,,,,,,,,,,,,,,,,,,,,,,,,,,,,,7.8,,,,,,,,,
1996-12-04,987.4,-9999.7,,-9999.7,,18.3,-99.7,,-99.7,,,-9997.0,,1.8,315.0,-99.7,-999.7,,0.0,,,,,,,,,,,,,,,,,,,,,,-9997.0,,,,,,,,,,,,,,,,,,,,,,,,,,,,,,,,,,,,,,,,,,,,,,,,,,,,,,,,,,,,,,,,,,9.0,,,,,,,,,
1996-12-05,990.4,-9999.7,,-9999.7,,14.4,-99.7,,-99.7,,,-9997.0,,3.6,337.5,-99.7,-999.7,,40.0,,,,,,,,,,,,,,,,,,,,,,-9997.0,,,,,,,,,,,,,,,,,,,,,,,,,,,,,,,,,,,,,,,,,,,,,,,,,,,,,,,,,,,,,,,,,,0.0,,,,,,,,,
1996-12-06,996.5,-9999.7,,-9999.7,,9.6,-99.7,,-99.7,,,-9997.0,,1.9,337.5,-99.7,-999.7,,0.0,,,,,,,,,,,,,,,,,,,,,,-9997.0,,,,,,,,,,,,,,,,,,,,,,,,,,,,,,,,,,,,,,,,,,,,,,,,,,,,,,,,,,,,,,,,,,1.1,,,,,,,,,
1996-12-07,998.4,-9999.7,,-9999.7,,11.1,-99.7,,-99.7,,,-9997.0,,2.7,112.5,-99.7,-999.7,,0.0,,,,,,,,,,,,,,,,,,,,,,-9997.0,,,,,,,,,,,,,,,,,,,,,,,,,,,,,,,,,,,,,,,,,,,,,,,,,,,,,,,,,,,,,,,,,,2.1,,,,,,,,,
1996-12-08,994.5,-9999.7,,-9999.7,,14.8,-99.7,,-99.7,,,-9997.0,,3.3,112.5,-99.7,-999.7,,0.0,,,,,,,,,,,,,,,,,,,,,,-9997.0,,,,,,,,,,,,,,,,,,,,,,,,,,,,,,,,,,,,,,,,,,,,,,,,,,,,,,,,,,,,,,,,,,1.0,,,,,,,,,
1996-12-09,992.1,-9999.7,,-9999.7,,16.3,-99.7,,-99.7,,,-9997.0,,1.9,315.0,-99.7,-999.7,,21.0,,,,,,,,,,,,,,,,,,,,,,-9997.0,,,,,,,,,,,,,,,,,,,,,,,,,,,,,,,,,,,,,,,,,,,,,,,,,,,,,,,,,,,,,,,,,,2.5,,,,,,,,,
1996-12-10,993.2,-9999.7,,-9999.7,,14.3,-99.7,,-99.7,,,-9997.0,,1.8,315.0,-99.7,-999.7,,1.5,,,,,,,,,,,,,,,,,,,,,,-9997.0,,,,,,,,,,,,,,,,,,,,,,,,,,,,,,,,,,,,,,,,,,,,,,,,,,,,,,,,,,,,,,,,,,0.0,,,,,,,,,
1996-12-11,993.9,-9999.7,,-9999.7,,14.5,-99.7,,-99.7,,,-9997.0,,2.3,135.0,-99.7,-999.7,,0.0,,,,,,,,,,,,,,,,,,,,,,-9997.0,,,,,,,,,,,,,,,,,,,,,,,,,,,,,,,,,,,,,,,,,,,,,,,,,,,,,,,,,,,,,,,,,,0.0,,,,,,,,,
1996-12-12,992.7,-9999.7,,-9999.7,,15.4,-99.7,,-99.7,,,-9997.0,,1.0,157.5,-99.7,-999.7,,0.0,,,,,,,,,,,,,,,,,,,,,,-9997.0,,,,,,,,,,,,,,,,,,,,,,,,,,,,,,,,,,,,,,,,,,,,,,,,,,,,,,,,,,,,,,,,,,0.0,,,,,,,,,
1996-12-13,992.3,-9999.7,,-9999.7,,15.6,-99.7,,-99.7,,,-9997.0,,1.2,135.0,-99.7,-999.7,,0.0,,,,,,,,,,,,,,,,,,,,,,-9997.0,,,,,,,,,,,,,,,,,,,,,,,,,,,,,,,,,,,,,,,,,,,,,,,,,,,,,,,,,,,,,,,,,,0.0,,,,,,,,,
1996-12-14,991.7,-9999.7,,-9999.7,,15.7,-99.7,,-99.7,,,-9997.0,,3.6,112.5,-99.7,-999.7,,0.0,,,,,,,,,,,,,,,,,,,,,,-9997.0,,,,,,,,,,,,,,,,,,,,,,,,,,,,,,,,,,,,,,,,,,,,,,,,,,,,,,,,,,,,,,,,,,0.2,,,,,,,,,
1996-12-15,989.8,-9999.7,,-9999.7,,17.8,-99.7,,-99.7,,,-9997.0,,4.2,135.0,-99.7,-999.7,,0.0,,,,,,,,,,,,,,,,,,,,,,-9997.0,,,,,,,,,,,,,,,,,,,,,,,,,,,,,,,,,,,,,,,,,,,,,,,,,,,,,,,,,,,,,,,,,,4.0,,,,,,,,,
1996-12-16,989.4,-9999.7,,-9999.7,,19.1,-99.7,,-99.7,,,-9997.0,,1.4,135.0,-99.7,-999.7,,0.0,,,,,,,,,,,,,,,,,,,,,,-9997.0,,,,,,,,,,,,,,,,,,,,,,,,,,,,,,,,,,,,,,,,,,,,,,,,,,,,,,,,,,,,,,,,,,7.4,,,,,,,,,
1996-12-17,992.8,-9999.7,,-9999.7,,17.4,-99.7,,-99.7,,,-9997.0,,1.9,337.5,-99.7,-999.7,,0.0,,,,,,,,,,,,,,,,,,,,,,-9997.0,,,,,,,,,,,,,,,,,,,,,,,,,,,,,,,,,,,,,,,,,,,,,,,,,,,,,,,,,,,,,,,,,,1.1,,,,,,,,,
1996-12-18,997.1,-9999.7,,-9999.7,,14.1,-99.7,,-99.7,,,-9997.0,,2.4,67.5,-99.7,-999.7,,2.0,,,,,,,,,,,,,,,,,,,,,,-9997.0,,,,,,,,,,,,,,,,,,,,,,,,,,,,,,,,,,,,,,,,,,,,,,,,,,,,,,,,,,,,,,,,,,0.0,,,,,,,,,
1996-12-19,997.7,-9999.7,,-9999.7,,12.6,-99.7,,-99.7,,,-9997.0,,1.5,22.5,-99.7,-999.7,,20.5,,,,,,,,,,,,,,,,,,,,,,-9997.0,,,,,,,,,,,,,,,,,,,,,,,,,,,,,,,,,,,,,,,,,,,,,,,,,,,,,,,,,,,,,,,,,,0.0,,,,,,,,,
1996-12-20,997.9,-9999.7,,-9999.7,,13.9,-99.7,,-99.7,,,-9997.0,,2.3,135.0,-99.7,-999.7,,0.0,,,,,,,,,,,,,,,,,,,,,,-9997.0,,,,,,,,,,,,,,,,,,,,,,,,,,,,,,,,,,,,,,,,,,,,,,,,,,,,,,,,,,,,,,,,,,0.0,,,,,,,,,
1996-12-21,995.3,-9999.7,,-9999.7,,14.6,-99.7,,-99.7,,,-9997.0,,1.6,112.5,-99.7,-999.7,,0.0,,,,,,,,,,,,,,,,,,,,,,-9997.0,,,,,,,,,,,,,,,,,,,,,,,,,,,,,,,,,,,,,,,,,,,,,,,,,,,,,,,,,,,,,,,,,,0.0,,,,,,,,,
1996-12-22,993.7,-9999.7,,-9999.7,,15.4,-99.7,,-99.7,,,-9997.0,,1.3,112.5,-99.7,-999.7,,0.0,,,,,,,,,,,,,,,,,,,,,,-9997.0,,,,,,,,,,,,,,,,,,,,,,,,,,,,,,,,,,,,,,,,,,,,,,,,,,,,,,,,,,,,,,,,,,2.2,,,,,,,,,
1996-12-23,994.8,-9999.7,,-9999.7,,14.3,-99.7,,-99.7,,,-9997.0,,3.7,135.0,-99.7,-999.7,,0.0,,,,,,,,,,,,,,,,,,,,,,-9997.0,,,,,,,,,,,,,,,,,,,,,,,,,,,,,,,,,,,,,,,,,,,,,,,,,,,,,,,,,,,,,,,,,,0.0,,,,,,,,,
1996-12-24,991.1,-9999.7,,-9999.7,,16.2,-99.7,,-99.7,,,-9997.0,,2.9,135.0,-99.7,-999.7,,1.0,,,,,,,,,,,,,,,,,,,,,,-9997.0,,,,,,,,,,,,,,,,,,,,,,,,,,,,,,,,,,,,,,,,,,,,,,,,,,,,,,,,,,,,,,,,,,4.0,,,,,,,,,
1996-12-25,990.0,-9999.7,,-9999.7,,16.7,-99.7,,-99.7,,,-9997.0,,1.5,67.5,-99.7,-999.7,,0.5,,,,,,,,,,,,,,,,,,,,,,-9997.0,,,,,,,,,,,,,,,,,,,,,,,,,,,,,,,,,,,,,,,,,,,,,,,,,,,,,,,,,,,,,,,,,,0.0,,,,,,,,,
1996-12-26,989.6,-9999.7,,-9999.7,,16.1,-99.7,,-99.7,,,-9997.0,,2.2,112.5,-99.7,-999.7,,14.0,,,,,,,,,,,,,,,,,,,,,,-9997.0,,,,,,,,,,,,,,,,,,,,,,,,,,,,,,,,,,,,,,,,,,,,,,,,,,,,,,,,,,,,,,,,,,0.0,,,,,,,,,
1996-12-27,991.9,-9999.7,,-9999.7,,16.6,-99.7,,-99.7,,,-9997.0,,2.2,135.0,-99.7,-999.7,,1.0,,,,,,,,,,,,,,,,,,,,,,-9997.0,,,,,,,,,,,,,,,,,,,,,,,,,,,,,,,,,,,,,,,,,,,,,,,,,,,,,,,,,,,,,,,,,,4.6,,,,,,,,,
1996-12-28,991.9,-9999.7,,-9999.7,,15.6,-99.7,,-99.7,,,-9997.0,,2.2,135.0,-99.7,-999.7,,0.0,,,,,,,,,,,,,,,,,,,,,,-9997.0,,,,,,,,,,,,,,,,,,,,,,,,,,,,,,,,,,,,,,,,,,,,,,,,,,,,,,,,,,,,,,,,,,3.3,,,,,,,,,
1996-12-29,990.3,-9999.7,,-9999.7,,15.6,-99.7,,-99.7,,,-9997.0,,1.3,112.5,-99.7,-999.7,,0.0,,,,,,,,,,,,,,,,,,,,,,-9997.0,,,,,,,,,,,,,,,,,,,,,,,,,,,,,,,,,,,,,,,,,,,,,,,,,,,,,,,,,,,,,,,,,,3.8,,,,,,,,,
1996-12-30,990.9,-9999.7,,-9999.7,,15.9,-99.7,,-99.7,,,-9997.0,,2.3,112.5,-99.7,-999.7,,0.0,,,,,,,,,,,,,,,,,,,,,,-9997.0,,,,,,,,,,,,,,,,,,,,,,,,,,,,,,,,,,,,,,,,,,,,,,,,,,,,,,,,,,,,,,,,,,7.9,,,,,,,,,
1996-12-31,990.4,-9999.7,,-9999.7,,17.5,-99.7,,-99.7,,,-9997.0,,2.4,135.0,-99.7,-999.7,,0.0,,,,,,,,,,,,,,,,,,,,,,-9997.0,,,,,,,,,,,,,,,,,,,,,,,,,,,,,,,,,,,,,,,,,,,,,,,,,,,,,,,,,,,,,,,,,,2.4,,,,,,,,,
