,StnPres,StnPresMax,StnPresMaxTime,StnPresMin,StnPresMinTime,Tx,TxMaxAbs,TxMaxAbsTime,TxMinAbs,TxMinAbsTime,RH,RHMin,RHMinTime,WS,WD,WSGust,WDGust,WGustTime,Precp,AirTemperature.MaximumTimef,AirTemperature.Maximumf,AirTemperature.Meanf,AirTemperature.MinimumTimef,AirTemperature.Minimumf,GlobalSolarRadiation.Accumulationf,GlobalSolarRadiation.HourlyMaximumTimef,GlobalSolarRadiation.HourlyMaximumf,GloblRad,GloblRadMax,GloblRadMaxTime,PeakGust.Directionf,PeakGust.MaximumTimef,PeakGust.Maximumf,Precipitation.Accumulationf,Precipitation.HourlyMaximum,Precipitation.HourlyMaximumTime,Precipitation.HourlyMaximumTimef,Precipitation.HourlyMaximumf,Precipitation.MeltFlag,Precipitation.MeltFlagf,RelativeHumidity.Maximum,RelativeHumidity.MaximumTime,RelativeHumidity.MaximumTimef,RelativeHumidity.Maximumf,RelativeHumidity.Meanf,RelativeHumidity.MinimumTimef,RelativeHumidity.Minimumf,SoilTemperatureAt0cm.Maximum,SoilTemperatureAt0cm.MaximumTime,SoilTemperatureAt0cm.MaximumTimef,SoilTemperatureAt0cm.Maximumf,SoilTemperatureAt0cm.Meanf,SoilTemperatureAt0cm.Minimum,SoilTemperatureAt0cm.MinimumTime,SoilTemperatureAt0cm.MinimumTimef,SoilTemperatureAt0cm.Minimumf,SoilTemperatureAt100cm.Maximum,SoilTemperatureAt100cm.MaximumTime,SoilTemperatureAt100cm.MaximumTimef,SoilTemperatureAt100cm.Maximumf,SoilTemperatureAt100cm.Meanf,SoilTemperatureAt100cm.Minimum,SoilTemperatureAt100cm.MinimumTime,SoilTemperatureAt100cm.MinimumTimef,SoilTemperatureAt100cm.Minimumf,SoilTemperatureAt10cm.Maximum,SoilTemperatureAt10cm.MaximumTime,SoilTemperatureAt10cm.MaximumTimef,SoilTemperatureAt10cm.Maximumf,SoilTemperatureAt10cm.Meanf,SoilTemperatureAt10cm.Minimum,SoilTemperatureAt10cm.MinimumTime,SoilTemperatureAt10cm.MinimumTimef,SoilTemperatureAt10cm.Minimumf,SoilTemperatureAt20cm.Maximum,SoilTemperatureAt20cm.MaximumTime,SoilTemperatureAt20cm.MaximumTimef,SoilTemperatureAt20cm.Maximumf,SoilTemperatureAt20cm.Meanf,SoilTemperatureAt20cm.Minimum,SoilTemperatureAt20cm.MinimumTime,SoilTemperatureAt20cm.MinimumTimef,SoilTemperatureAt20cm.Minimumf,SoilTemperatureAt50cm.Maximum,SoilTemperatureAt50cm.MaximumTime,SoilTemperatureAt50cm.MaximumTimef,SoilTemperatureAt50cm.Maximumf,SoilTemperatureAt50cm.Meanf,SoilTemperatureAt50cm.Minimum,SoilTemperatureAt50cm.MinimumTime,SoilTemperatureAt50cm.MinimumTimef,SoilTemperatureAt50cm.Minimumf,SoilTemperatureAt5cm.Maximum,SoilTemperatureAt5cm.MaximumTime,SoilTemperatureAt5cm.MaximumTimef,SoilTemperatureAt5cm.Maximumf,SoilTemperatureAt5cm.Meanf,SoilTemperatureAt5cm.Minimum,SoilTemperatureAt5cm.MinimumTime,SoilTemperatureAt5cm.MinimumTimef,SoilTemperatureAt5cm.Minimumf,StationPressure.MaximumTimef,StationPressure.Maximumf,StationPressure.Meanf,StationPressure.MinimumTimef,StationPressure.Minimumf,SunShine,SunshineDuration.Totalf,TxSoil0cm,TxSoil100cm,TxSoil10cm,TxSoil20cm,TxSoil50cm,TxSoil5cm,WindDirection.Prevailingf,WindSpeed.Meanf
1997-01-01,,-9999.7,,-9999.7,,18.6,-99.7,,-99.7,,,-9997,,1.2,67.5,-99.7,-999.7,,0.5,,,,,,,,,,,,,,,,,,,,,,-9997,,,,,,,,,,,,,,,,,,,,,,,,,,,,,,,,,,,,,,,,,,,,,,,,,,,,,,,,,,,,,,,,,,6.9,,,,,,,,,
1997-01-02,,-9999.7,,-9999.7,,16.1,-99.7,,-99.7,,,-9997,,3.7,45.0,-99.7,-999.7,,0.0,,,,,,,,,,,,,,,,,,,,,,-9997,,,,,,,,,,,,,,,,,,,,,,,,,,,,,,,,,,,,,,,,,,,,,,,,,,,,,,,,,,,,,,,,,,5.3,,,,,,,,,
1997-01-03,,-9999.7,,-9999.7,,19.1,-99.7,,-99.7,,,-9997,,1.4,247.5,-99.7,-999.7,,0.0,,,,,,,,,,,,,,,,,,,,,,-9997,,,,,,,,,,,,,,,,,,,,,,,,,,,,,,,,,,,,,,,,,,,,,,,,,,,,,,,,,,,,,,,,,,1.6,,,,,,,,,
1997-01-04,,-9999.7,,-9999.7,,17.2,-99.7,,-99.7,,,-9997,,1.0,22.5,-99.7,-999.7,,13.0,,,,,,,,,,,,,,,,,,,,,,-9997,,,,,,,,,,,,,,,,,,,,,,,,,,,,,,,,,,,,,,,,,,,,,,,,,,,,,,,,,,,,,,,,,,0.0,,,,,,,,,
1997-01-05,,-9999.7,,-9999.7,,14.2,-99.7,,-99.7,,,-9997,,2.1,45.0,-99.7,-999.7,,3.0,,,,,,,,,,,,,,,,,,,,,,-9997,,,,,,,,,,,,,,,,,,,,,,,,,,,,,,,,,,,,,,,,,,,,,,,,,,,,,,,,,,,,,,,,,,0.0,,,,,,,,,
1997-01-06,,-9999.7,,-9999.7,,13.3,-99.7,,-99.7,,,-9997,,2.6,67.5,-99.7,-999.7,,0.0,,,,,,,,,,,,,,,,,,,,,,-9997,,,,,,,,,,,,,,,,,,,,,,,,,,,,,,,,,,,,,,,,,,,,,,,,,,,,,,,,,,,,,,,,,,0.2,,,,,,,,,
1997-01-07,,-9999.7,,-9999.7,,13.8,-99.7,,-99.7,,,-9997,,2.3,67.5,-99.7,-999.7,,1.0,,,,,,,,,,,,,,,,,,,,,,-9997,,,,,,,,,,,,,,,,,,,,,,,,,,,,,,,,,,,,,,,,,,,,,,,,,,,,,,,,,,,,,,,,,,0.0,,,,,,,,,
1997-01-08,,-9999.7,,-9999.7,,11.2,-99.7,,-99.7,,,-9997,,1.9,67.5,-99.7,-999.7,,0.5,,,,,,,,,,,,,,,,,,,,,,-9997,,,,,,,,,,,,,,,,,,,,,,,,,,,,,,,,,,,,,,,,,,,,,,,,,,,,,,,,,,,,,,,,,,0.0,,,,,,,,,
1997-01-09,,-9999.7,,-9999.7,,12.8,-99.7,,-99.7,,,-9997,,1.3,45.0,-99.7,-999.7,,2.5,,,,,,,,,,,,,,,,,,,,,,-9997,,,,,,,,,,,,,,,,,,,,,,,,,,,,,,,,,,,,,,,,,,,,,,,,,,,,,,,,,,,,,,,,,,0.0,,,,,,,,,
1997-01-10,,-9999.7,,-9999.7,,12.0,-99.7,,-99.7,,,-9997,,0.6,22.5,-99.7,-999.7,,1.5,,,,,,,,,,,,,,,,,,,,,,-9997,,,,,,,,,,,,,,,,,,,,,,,,,,,,,,,,,,,,,,,,,,,,,,,,,,,,,,,,,,,,,,,,,,0.0,,,,,,,,,
1997-01-11,,-9999.7,,-9999.7,,11.2,-99.7,,-99.7,,,-9997,,0.9,45.0,-99.7,-999.7,,0.0,,,,,,,,,,,,,,,,,,,,,,-9997,,,,,,,,,,,,,,,,,,,,,,,,,,,,,,,,,,,,,,,,,,,,,,,,,,,,,,,,,,,,,,,,,,8.4,,,,,,,,,
1997-01-12,,-9999.7,,-9999.7,,13.3,-99.7,,-99.7,,,-9997,,3.1,45.0,-99.7,-999.7,,0.0,,,,,,,,,,,,,,,,,,,,,,-9997,,,,,,,,,,,,,,,,,,,,,,,,,,,,,,,,,,,,,,,,,,,,,,,,,,,,,,,,,,,,,,,,,,9.0,,,,,,,,,
1997-01-13,,-9999.7,,-9999.7,,16.4,-99.7,,-99.7,,,-9997,,2.3,45.0,-99.7,-999.7,,0.0,,,,,,,,,,,,,,,,,,,,,,-9997,,,,,,,,,,,,,,,,,,,,,,,,,,,,,,,,,,,,,,,,,,,,,,,,,,,,,,,,,,,,,,,,,,7.1,,,,,,,,,
1997-01-14,,-9999.7,,-9999.7,,15.0,-99.7,,-99.7,,,-9997,,0.7,247.5,-99.7,-999.7,,0.0,,,,,,,,,,,,,,,,,,,,,,-9997,,,,,,,,,,,,,,,,,,,,,,,,,,,,,,,,,,,,,,,,,,,,,,,,,,,,,,,,,,,,,,,,,,2.3,,,,,,,,,
1997-01-15,,-9999.7,,-9999.7,,17.4,-99.7,,-99.7,,,-9997,,2.0,22.5,-99.7,-999.7,,6.5,,,,,,,,,,,,,,,,,,,,,,-9997,,,,,,,,,,,,,,,,,,,,,,,,,,,,,,,,,,,,,,,,,,,,,,,,,,,,,,,,,,,,,,,,,,0.3,,,,,,,,,
1997-01-16,,-9999.7,,-9999.7,,18.0,-99.7,,-99.7,,,-9997,,1.0,22.5,-99.7,-999.7,,0.0,,,,,,,,,,,,,,,,,,,,,,-9997,,,,,,,,,,,,,,,,,,,,,,,,,,,,,,,,,,,,,,,,,,,,,,,,,,,,,,,,,,,,,,,,,,0.8,,,,,,,,,
1997-01-17,,-9999.7,,-9999.7,,19.6,-99.7,,-99.7,,,-9997,,2.1,45.0,-99.7,-999.7,,0.5,,,,,,,,,,,,,,,,,,,,,,-9997,,,,,,,,,,,,,,,,,,,,,,,,,,,,,,,,,,,,,,,,,,,,,,,,,,,,,,,,,,,,,,,,,,5.8,,,,,,,,,
1997-01-18,,-9999.7,,-9999.7,,17.4,-99.7,,-99.7,,,-9997,,1.6,45.0,-99.7,-999.7,,0.5,,,,,,,,,,,,,,,,,,,,,,-9997,,,,,,,,,,,,,,,,,,,,,,,,,,,,,,,,,,,,,,,,,,,,,,,,,,,,,,,,,,,,,,,,,,0.1,,,,,,,,,
1997-01-19,,-9999.7,,-9999.7,,17.9,-99.7,,-99.7,,,-9997,,1.9,22.5,-99.7,-999.7,,0.0,,,,,,,,,,,,,,,,,,,,,,-9997,,,,,,,,,,,,,,,,,,,,,,,,,,,,,,,,,,,,,,,,,,,,,,,,,,,,,,,,,,,,,,,,,,0.1,,,,,,,,,
1997-01-20,,-9999.7,,-9999.7,,18.1,-99.7,,-99.7,,,-9997,,0.8,22.5,-99.7,-999.7,,8.0,,,,,,,,,,,,,,,,,,,,,,-9997,,,,,,,,,,,,,,,,,,,,,,,,,,,,,,,,,,,,,,,,,,,,,,,,,,,,,,,,,,,,,,,,,,0.0,,,,,,,,,
1997-01-21,,-9999.7,,-9999.7,,16.8,-99.7,,-99.7,,,-9997,,2.0,22.5,-99.7,-999.7,,0.0,,,,,,,,,,,,,,,,,,,,,,-9997,,,,,,,,,,,,,,,,,,,,,,,,,,,,,,,,,,,,,,,,,,,,,,,,,,,,,,,,,,,,,,,,,,0.5,,,,,,,,,
1997-01-22,,-9999.7,,-9999.7,,14.9,-99.7,,-99.7,,,-9997,,3.5,67.5,-99.7,-999.7,,0.0,,,,,,,,,,,,,,,,,,,,,,-9997,,,,,,,,,,,,,,,,,,,,,,,,,,,,,,,,,,,,,,,,,,,,,,,,,,,,,,,,,,,,,,,,,,3.8,,,,,,,,,
1997-01-23,,-9999.7,,-9999.7,,16.4,-99.7,,-99.7,,,-9997,,0.9,22.5,-99.7,-999.7,,0.5,,,,,,,,,,,,,,,,,,,,,,-9997,,,,,,,,,,,,,,,,,,,,,,,,,,,,,,,,,,,,,,,,,,,,,,,,,,,,,,,,,,,,,,,,,,0.2,,,,,,,,,
1997-01-24,,-9999.7,,-9999.7,,11.1,-99.7,,-99.7,,,-9997,,2.3,22.5,-99.7,-999.7,,15.5,,,,,,,,,,,,,,,,,,,,,,-9997,,,,,,,,,,,,,,,,,,,,,,,,,,,,,,,,,,,,,,,,,,,,,,,,,,,,,,,,,,,,,,,,,,0.0,,,,,,,,,
1997-01-25,,-9999.7,,-9999.7,,10.9,-99.7,,-99.7,,,-9997,,1.2,22.5,-99.7,-999.7,,1.0,,,,,,,,,,,,,,,,,,,,,,-9997,,,,,,,,,,,,,,,,,,,,,,,,,,,,,,,,,,,,,,,,,,,,,,,,,,,,,,,,,,,,,,,,,,0.0,,,,,,,,,
1997-01-26,,-9999.7,,-9999.7,,13.4,-99.7,,-99.7,,,-9997,,0.4,22.5,-99.7,-999.7,,1.0,,,,,,,,,,,,,,,,,,,,,,-9997,,,,,,,,,,,,,,,,,,,,,,,,,,,,,,,,,,,,,,,,,,,,,,,,,,,,,,,,,,,,,,,,,,0.0,,,,,,,,,
1997-01-27,,-9999.7,,-9999.7,,14.4,-99.7,,-99.7,,,-9997,,1.4,67.5,-99.7,-999.7,,0.5,,,,,,,,,,,,,,,,,,,,,,-9997,,,,,,,,,,,,,,,,,,,,,,,,,,,,,,,,,,,,,,,,,,,,,,,,,,,,,,,,,,,,,,,,,,0.0,,,,,,,,,
1997-01-28,,-9999.7,,-9999.7,,15.5,-99.7,,-99.7,,,-9997,,2.1,22.5,-99.7,-999.7,,0.0,,,,,,,,,,,,,,,,,,,,,,-9997,,,,,,,,,,,,,,,,,,,,,,,,,,,,,,,,,,,,,,,,,,,,,,,,,,,,,,,,,,,,,,,,,,5.5,,,,,,,,,
1997-01-29,,-9999.7,,-9999.7,,16.9,-99.7,,-99.7,,,-9997,,1.3,45.0,-99.7,-999.7,,0.0,,,,,,,,,,,,,,,,,,,,,,-9997,,,,,,,,,,,,,,,,,,,,,,,,,,,,,,,,,,,,,,,,,,,,,,,,,,,,,,,,,,,,,,,,,,4.4,,,,,,,,,
1997-01-30,,-9999.7,,-9999.7,,17.9,-99.7,,-99.7,,,-9997,,1.1,270.0,-99.7,-999.7,,0.0,,,,,,,,,,,,,,,,,,,,,,-9997,,,,,,,,,,,,,,,,,,,,,,,,,,,,,,,,,,,,,,,,,,,,,,,,,,,,,,,,,,,,,,,,,,7.0,,,,,,,,,
1997-01-31,,-9999.7,,-9999.7,,17.5,-99.7,,-99.7,,,-9997,,1.9,67.5,-99.7,-999.7,,0.0,,,,,,,,,,,,,,,,,,,,,,-9997,,,,,,,,,,,,,,,,,,,,,,,,,,,,,,,,,,,,,,,,,,,,,,,,,,,,,,,,,,,,,,,,,,2.3,,,,,,,,,
1997-02-01,,-9999.7,,-9999.7,,20.1,-99.7,,-99.7,,,-9997,,2.7,22.5,-99.7,-999.7,,2.0,,,,,,,,,,,,,,,,,,,,,,-9997,,,,,,,,,,,,,,,,,,,,,,,,,,,,,,,,,,,,,,,,,,,,,,,,,,,,,,,,,,,,,,,,,,3.8,,,,,,,,,
1997-02-02,,-9999.7,,-9999.7,,16.1,-99.7,,-99.7,,,-9997,,0.8,22.5,-99.7,-999.7,,25.5,,,,,,,,,,,,,,,,,,,,,,-9997,,,,,,,,,,,,,,,,,,,,,,,,,,,,,,,,,,,,,,,,,,,,,,,,,,,,,,,,,,,,,,,,,,0.0,,,,,,,,,
1997-02-03,,-9999.7,,-9999.7,,14.5,-99.7,,-99.7,,,-9997,,2.9,67.5,-99.7,-999.7,,23.0,,,,,,,,,,,,,,,,,,,,,,-9997,,,,,,,,,,,,,,,,,,,,,,,,,,,,,,,,,,,,,,,,,,,,,,,,,,,,,,,,,,,,,,,,,,0.0,,,,,,,,,
1997-02-04,,-9999.7,,-9999.7,,16.3,-99.7,,-99.7,,,-9997,,1.4,45.0,-99.7,-999.7,,15.0,,,,,,,,,,,,,,,,,,,,,,-9997,,,,,,,,,,,,,,,,,,,,,,,,,,,,,,,,,,,,,,,,,,,,,,,,,,,,,,,,,,,,,,,,,,0.0,,,,,,,,,
1997-02-05,,-9999.7,,-9999.7,,16.6,-99.7,,-99.7,,,-9997,,1.6,45.0,-99.7,-999.7,,0.0,,,,,,,,,,,,,,,,,,,,,,-9997,,,,,,,,,,,,,,,,,,,,,,,,,,,,,,,,,,,,,,,,,,,,,,,,,,,,,,,,,,,,,,,,,,0.0,,,,,,,,,
1997-02-06,,-9999.7,,-9999.7,,15.6,-99.7,,-99.7,,,-9997,,3.6,45.0,-99.7,-999.7,,2.0,,,,,,,,,,,,,,,,,,,,,,-9997,,,,,,,,,,,,,,,,,,,,,,,,,,,,,,,,,,,,,,,,,,,,,,,,,,,,,,,,,,,,,,,,,,0.0,,,,,,,,,
1997-02-07,,-9999.7,,-9999.7,,17.0,-99.7,,-99.7,,,-9997,,1.4,247.5,-99.7,-999.7,,38.0,,,,,,,,,,,,,,,,,,,,,,-9997,,,,,,,,,,,,,,,,,,,,,,,,,,,,,,,,,,,,,,,,,,,,,,,,,,,,,,,,,,,,,,,,,,0.0,,,,,,,,,
1997-02-08,,-9999.7,,-9999.7,,15.8,-99.7,,-99.7,,,-9997,,0.1,45.0,-99.7,-999.7,,37.5,,,,,,,,,,,,,,,,,,,,,,-9997,,,,,,,,,,,,,,,,,,,,,,,,,,,,,,,,,,,,,,,,,,,,,,,,,,,,,,,,,,,,,,,,,,0.0,,,,,,,,,
1997-02-09,,-9999.7,,-9999.7,,15.2,-99.7,,-99.7,,,-9997,,0.3,22.5,-99.7,-999.7,,0.5,,,,,,,,,,,,,,,,,,,,,,-9997,,,,,,,,,,,,,,,,,,,,,,,,,,,,,,,,,,,,,,,,,,,,,,,,,,,,,,,,,,,,,,,,,,0.0,,,,,,,,,
1997-02-10,,-9999.7,,-9999.7,,13.9,-99.7,,-99.7,,,-9997,,0.3,45.0,-99.7,-999.7,,2.5,,,,,,,,,,,,,,,,,,,,,,-9997,,,,,,,,,,,,,,,,,,,,,,,,,,,,,,,,,,,,,,,,,,,,,,,,,,,,,,,,,,,,,,,,,,0.0,,,,,,,,,
1997-02-11,,-9999.7,,-9999.7,,11.3,-99.7,,-99.7,,,-9997,,1.2,67.5,-99.7,-999.7,,4.0,,,,,,,,,,,,,,,,,,,,,,-9997,,,,,,,,,,,,,,,,,,,,,,,,,,,,,,,,,,,,,,,,,,,,,,,,,,,,,,,,,,,,,,,,,,0.0,,,,,,,,,
1997-02-12,,-9999.7,,-9999.7,,12.2,-99.7,,-99.7,,,-9997,,2.5,67.5,-99.7,-999.7,,0.0,,,,,,,,,,,,,,,,,,,,,,-9997,,,,,,,,,,,,,,,,,,,,,,,,,,,,,,,,,,,,,,,,,,,,,,,,,,,,,,,,,,,,,,,,,,0.0,,,,,,,,,
1997-02-13,,-9999.7,,-9999.7,,13.4,-99.7,,-99.7,,,-9997,,2.9,45.0,-99.7,-999.7,,0.0,,,,,,,,,,,,,,,,,,,,,,-9997,,,,,,,,,,,,,,,,,,,,,,,,,,,,,,,,,,,,,,,,,,,,,,,,,,,,,,,,,,,,,,,,,,0.1,,,,,,,,,
1997-02-14,,-9999.7,,-9999.7,,16.0,-99.7,,-99.7,,,-9997,,3.4,45.0,-99.7,-999.7,,0.0,,,,,,,,,,,,,,,,,,,,,,-9997,,,,,,,,,,,,,,,,,,,,,,,,,,,,,,,,,,,,,,,,,,,,,,,,,,,,,,,,,,,,,,,,,,2.6,,,,,,,,,
1997-02-15,,-9999.7,,-9999.7,,14.9,-99.7,,-99.7,,,-9997,,0.8,247.5,-99.7,-999.7,,25.0,,,,,,,,,,,,,,,,,,,,,,-9997,,,,,,,,,,,,,,,,,,,,,,,,,,,,,,,,,,,,,,,,,,,,,,,,,,,,,,,,,,,,,,,,,,0.0,,,,,,,,,
1997-02-16,,-9999.7,,-9999.7,,12.3,-99.7,,-99.7,,,-9997,,2.2,67.5,-99.7,-999.7,,10.5,,,,,,,,,,,,,,,,,,,,,,-9997,,,,,,,,,,,,,,,,,,,,,,,,,,,,,,,,,,,,,,,,,,,,,,,,,,,,,,,,,,,,,,,,,,0.0,,,,,,,,,
1997-02-17,,-9999.7,,-9999.7,,11.5,-99.7,,-99.7,,,-9997,,1.9,67.5,-99.7,-999.7,,6.5,,,,,,,,,,,,,,,,,,,,,,-9997,,,,,,,,,,,,,,,,,,,,,,,,,,,,,,,,,,,,,,,,,,,,,,,,,,,,,,,,,,,,,,,,,,0.0,,,,,,,,,
1997-02-18,,-9999.7,,-9999.7,,11.4,-99.7,,-99.7,,,-9997,,1.4,45.0,-99.7,-999.7,,3.0,,,,,,,,,,,,,,,,,,,,,,-9997,,,,,,,,,,,,,,,,,,,,,,,,,,,,,,,,,,,,,,,,,,,,,,,,,,,,,,,,,,,,,,,,,,0.0,,,,,,,,,
1997-02-19,,-9999.7,,-9999.7,,14.0,-99.7,,-99.7,,,-9997,,3.3,67.5,-99.7,-999.7,,0.0,,,,,,,,,,,,,,,,,,,,,,-9997,,,,,,,,,,,,,,,,,,,,,,,,,,,,,,,,,,,,,,,,,,,,,,,,,,,,,,,,,,,,,,,,,,2.1,,,,,,,,,
1997-02-20,,-9999.7,,-9999.7,,16.8,-99.7,,-99.7,,,-9997,,1.5,22.5,-99.7,-999.7,,0.0,,,,,,,,,,,,,,,,,,,,,,-9997,,,,,,,,,,,,,,,,,,,,,,,,,,,,,,,,,,,,,,,,,,,,,,,,,,,,,,,,,,,,,,,,,,0.4,,,,,,,,,
1997-02-21,,-9999.7,,-9999.7,,16.3,-99.7,,-99.7,,,-9997,,1.8,67.5,-99.7,-999.7,,0.0,,,,,,,,,,,,,,,,,,,,,,-9997,,,,,,,,,,,,,,,,,,,,,,,,,,,,,,,,,,,,,,,,,,,,,,,,,,,,,,,,,,,,,,,,,,0.2,,,,,,,,,
1997-02-22,,-9999.7,,-9999.7,,16.7,-99.7,,-99.7,,,-9997,,3.6,67.5,-99.7,-999.7,,0.0,,,,,,,,,,,,,,,,,,,,,,-9997,,,,,,,,,,,,,,,,,,,,,,,,,,,,,,,,,,,,,,,,,,,,,,,,,,,,,,,,,,,,,,,,,,7.4,,,,,,,,,
1997-02-23,,-9999.7,,-9999.7,,19.4,-99.7,,-99.7,,,-9997,,3.0,45.0,-99.7,-999.7,,0.0,,,,,,,,,,,,,,,,,,,,,,-9997,,,,,,,,,,,,,,,,,,,,,,,,,,,,,,,,,,,,,,,,,,,,,,,,,,,,,,,,,,,,,,,,,,9.9,,,,,,,,,
1997-02-24,,-9999.7,,-9999.7,,19.1,-99.7,,-99.7,,,-9997,,1.0,225.0,-99.7,-999.7,,0.0,,,,,,,,,,,,,,,,,,,,,,-9997,,,,,,,,,,,,,,,,,,,,,,,,,,,,,,,,,,,,,,,,,,,,,,,,,,,,,,,,,,,,,,,,,,6.8,,,,,,,,,
1997-02-25,,-9999.7,,-9999.7,,19.1,-99.7,,-99.7,,,-9997,,0.7,247.5,-99.7,-999.7,,1.0,,,,,,,,,,,,,,,,,,,,,,-9997,,,,,,,,,,,,,,,,,,,,,,,,,,,,,,,,,,,,,,,,,,,,,,,,,,,,,,,,,,,,,,,,,,6.0,,,,,,,,,
1997-02-26,,-9999.7,,-9999.7,,19.3,-99.7,,-99.7,,,-9997,,0.9,247.5,-99.7,-999.7,,0.0,,,,,,,,,,,,,,,,,,,,,,-9997,,,,,,,,,,,,,,,,,,,,,,,,,,,,,,,,,,,,,,,,,,,,,,,,,,,,,,,,,,,,,,,,,,6.2,,,,,,,,,
1997-02-27,,-9999.7,,-9999.7,,23.2,-99.7,,-99.7,,,-9997,,2.1,22.5,-99.7,-999.7,,0.0,,,,,,,,,,,,,,,,,,,,,,-9997,,,,,,,,,,,,,,,,,,,,,,,,,,,,,,,,,,,,,,,,,,,,,,,,,,,,,,,,,,,,,,,,,,7.6,,,,,,,,,
1997-02-28,,-9999.7,,-9999.7,,20.2,-99.7,,-99.7,,,-9997,,0.5,247.5,-99.7,-999.7,,0.0,,,,,,,,,,,,,,,,,,,,,,-9997,,,,,,,,,,,,,,,,,,,,,,,,,,,,,,,,,,,,,,,,,,,,,,,,,,,,,,,,,,,,,,,,,,8.0,,,,,,,,,
1997-03-01,,-9999.7,,-9999.7,,17.2,-99.7,,-99.7,,,-9997,,1.9,67.5,-99.7,-999.7,,1.0,,,,,,,,,,,,,,,,,,,,,,-9997,,,,,,,,,,,,,,,,,,,,,,,,,,,,,,,,,,,,,,,,,,,,,,,,,,,,,,,,,,,,,,,,,,0.0,,,,,,,,,
1997-03-02,,-9999.7,,-9999.7,,14.1,-99.7,,-99.7,,,-9997,,1.5,45.0,-99.7,-999.7,,5.0,,,,,,,,,,,,,,,,,,,,,,-9997,,,,,,,,,,,,,,,,,,,,,,,,,,,,,,,,,,,,,,,,,,,,,,,,,,,,,,,,,,,,,,,,,,0.0,,,,,,,,,
1997-03-03,,-9999.7,,-9999.7,,15.0,-99.7,,-99.7,,,-9997,,3.3,45.0,-99.7,-999.7,,0.0,,,,,,,,,,,,,,,,,,,,,,-9997,,,,,,,,,,,,,,,,,,,,,,,,,,,,,,,,,,,,,,,,,,,,,,,,,,,,,,,,,,,,,,,,,,6.4,,,,,,,,,
1997-03-04,,-9999.7,,-9999.7,,17.3,-99.7,,-99.7,,,-9997,,3.3,22.5,-99.7,-999.7,,0.0,,,,,,,,,,,,,,,,,,,,,,-9997,,,,,,,,,,,,,,,,,,,,,,,,,,,,,,,,,,,,,,,,,,,,,,,,,,,,,,,,,,,,,,,,,,9.1,,,,,,,,,
1997-03-05,,-9999.7,,-9999.7,,18.4,-99.7,,-99.7,,,-9997,,0.8,247.5,-99.7,-999.7,,0.0,,,,,,,,,,,,,,,,,,,,,,-9997,,,,,,,,,,,,,,,,,,,,,,,,,,,,,,,,,,,,,,,,,,,,,,,,,,,,,,,,,,,,,,,,,,6.6,,,,,,,,,
1997-03-06,,-9999.7,,-9999.7,,19.7,-99.7,,-99.7,,,-9997,,0.7,270.0,-99.7,-999.7,,0.0,,,,,,,,,,,,,,,,,,,,,,-9997,,,,,,,,,,,,,,,,,,,,,,,,,,,,,,,,,,,,,,,,,,,,,,,,,,,,,,,,,,,,,,,,,,8.3,,,,,,,,,
1997-03-07,,-9999.7,,-9999.7,,20.1,-99.7,,-99.7,,,-9997,,0.5,112.5,-99.7,-999.7,,0.0,,,,,,,,,,,,,,,,,,,,,,-9997,,,,,,,,,,,,,,,,,,,,,,,,,,,,,,,,,,,,,,,,,,,,,,,,,,,,,,,,,,,,,,,,,,7.5,,,,,,,,,
1997-03-08,,-9999.7,,-9999.7,,20.9,-99.7,,-99.7,,,-9997,,1.3,247.5,-99.7,-999.7,,0.0,,,,,,,,,,,,,,,,,,,,,,-9997,,,,,,,,,,,,,,,,,,,,,,,,,,,,,,,,,,,,,,,,,,,,,,,,,,,,,,,,,,,,,,,,,,7.8,,,,,,,,,
1997-03-09,,-9999.7,,-9999.7,,21.1,-99.7,,-99.7,,,-9997,,1.0,247.5,-99.7,-999.7,,0.0,,,,,,,,,,,,,,,,,,,,,,-9997,,,,,,,,,,,,,,,,,,,,,,,,,,,,,,,,,,,,,,,,,,,,,,,,,,,,,,,,,,,,,,,,,,4.5,,,,,,,,,
1997-03-10,,-9999.7,,-9999.7,,20.9,-99.7,,-99.7,,,-9997,,0.8,247.5,-99.7,-999.7,,0.0,,,,,,,,,,,,,,,,,,,,,,-9997,,,,,,,,,,,,,,,,,,,,,,,,,,,,,,,,,,,,,,,,,,,,,,,,,,,,,,,,,,,,,,,,,,4.9,,,,,,,,,
1997-03-11,,-9999.7,,-9999.7,,21.5,-99.7,,-99.7,,,-9997,,0.5,247.5,-99.7,-999.7,,0.0,,,,,,,,,,,,,,,,,,,,,,-9997,,,,,,,,,,,,,,,,,,,,,,,,,,,,,,,,,,,,,,,,,,,,,,,,,,,,,,,,,,,,,,,,,,5.2,,,,,,,,,
1997-03-12,,-9999.7,,-9999.7,,22.0,-99.7,,-99.7,,,-9997,,0.5,270.0,-99.7,-999.7,,0.0,,,,,,,,,,,,,,,,,,,,,,-9997,,,,,,,,,,,,,,,,,,,,,,,,,,,,,,,,,,,,,,,,,,,,,,,,,,,,,,,,,,,,,,,,,,3.5,,,,,,,,,
1997-03-13,,-9999.7,,-9999.7,,23.0,-99.7,,-99.7,,,-9997,,0.8,247.5,-99.7,-999.7,,0.0,,,,,,,,,,,,,,,,,,,,,,-9997,,,,,,,,,,,,,,,,,,,,,,,,,,,,,,,,,,,,,,,,,,,,,,,,,,,,,,,,,,,,,,,,,,2.7,,,,,,,,,
1997-03-14,,-9999.7,,-9999.7,,23.5,-99.7,,-99.7,,,-9997,,1.2,270.0,-99.7,-999.7,,0.0,,,,,,,,,,,,,,,,,,,,,,-9997,,,,,,,,,,,,,,,,,,,,,,,,,,,,,,,,,,,,,,,,,,,,,,,,,,,,,,,,,,,,,,,,,,7.7,,,,,,,,,
1997-03-15,,-9999.7,,-9999.7,,22.0,-99.7,,-99.7,,,-9997,,1.5,45.0,-99.7,-999.7,,0.0,,,,,,,,,,,,,,,,,,,,,,-9997,,,,,,,,,,,,,,,,,,,,,,,,,,,,,,,,,,,,,,,,,,,,,,,,,,,,,,,,,,,,,,,,,,0.2,,,,,,,,,
1997-03-16,,-9999.7,,-9999.7,,17.7,-99.7,,-99.7,,,-9997,,2.8,67.5,-99.7,-999.7,,0.0,,,,,,,,,,,,,,,,,,,,,,-9997,,,,,,,,,,,,,,,,,,,,,,,,,,,,,,,,,,,,,,,,,,,,,,,,,,,,,,,,,,,,,,,,,,0.9,,,,,,,,,
1997-03-17,,-9999.7,,-9999.7,,16.1,-99.7,,-99.7,,,-9997,,2.3,67.5,-99.7,-999.7,,10.5,,,,,,,,,,,,,,,,,,,,,,-9997,,,,,,,,,,,,,,,,,,,,,,,,,,,,,,,,,,,,,,,,,,,,,,,,,,,,,,,,,,,,,,,,,,0.0,,,,,,,,,
1997-03-18,,-9999.7,,-9999.7,,19.8,-99.7,,-99.7,,,-9997,,2.6,45.0,-99.7,-999.7,,0.0,,,,,,,,,,,,,,,,,,,,,,-9997,,,,,,,,,,,,,,,,,,,,,,,,,,,,,,,,,,,,,,,,,,,,,,,,,,,,,,,,,,,,,,,,,,2.0,,,,,,,,,
1997-03-19,,-9999.7,,-9999.7,,19.5,-99.7,,-99.7,,,-9997,,0.6,247.5,-99.7,-999.7,,1.0,,,,,,,,,,,,,,,,,,,,,,-9997,,,,,,,,,,,,,,,,,,,,,,,,,,,,,,,,,,,,,,,,,,,,,,,,,,,,,,,,,,,,,,,,,,0.0,,,,,,,,,
1997-03-20,,-9999.7,,-9999.7,,16.2,-99.7,,-99.7,,,-9997,,1.6,45.0,-99.7,-999.7,,9.5,,,,,,,,,,,,,,,,,,,,,,-9997,,,,,,,,,,,,,,,,,,,,,,,,,,,,,,,,,,,,,,,,,,,,,,,,,,,,,,,,,,,,,,,,,,0.0,,,,,,,,,
1997-03-21,,-9999.7,,-9999.7,,19.1,-99.7,,-99.7,,,-9997,,1.1,22.5,-99.7,-999.7,,21.5,,,,,,,,,,,,,,,,,,,,,,-9997,,,,,,,,,,,,,,,,,,,,,,,,,,,,,,,,,,,,,,,,,,,,,,,,,,,,,,,,,,,,,,,,,,0.7,,,,,,,,,
1997-03-22,,-9999.7,,-9999.7,,18.3,-99.7,,-99.7,,,-9997,,1.3,45.0,-99.7,-999.7,,31.5,,,,,,,,,,,,,,,,,,,,,,-9997,,,,,,,,,,,,,,,,,,,,,,,,,,,,,,,,,,,,,,,,,,,,,,,,,,,,,,,,,,,,,,,,,,0.1,,,,,,,,,
1997-03-23,,-9999.7,,-9999.7,,14.7,-99.7,,-99.7,,,-9997,,2.2,67.5,-99.7,-999.7,,8.0,,,,,,,,,,,,,,,,,,,,,,-9997,,,,,,,,,,,,,,,,,,,,,,,,,,,,,,,,,,,,,,,,,,,,,,,,,,,,,,,,,,,,,,,,,,0.0,,,,,,,,,
1997-03-24,,-9999.7,,-9999.7,,15.5,-99.7,,-99.7,,,-9997,,3.3,67.5,-99.7,-999.7,,0.0,,,,,,,,,,,,,,,,,,,,,,-9997,,,,,,,,,,,,,,,,,,,,,,,,,,,,,,,,,,,,,,,,,,,,,,,,,,,,,,,,,,,,,,,,,,0.0,,,,,,,,,
1997-03-25,,-9999.7,,-9999.7,,17.7,-99.7,,-99.7,,,-9997,,0.9,360.0,-99.7,-999.7,,3.0,,,,,,,,,,,,,,,,,,,,,,-9997,,,,,,,,,,,,,,,,,,,,,,,,,,,,,,,,,,,,,,,,,,,,,,,,,,,,,,,,,,,,,,,,,,0.0,,,,,,,,,
1997-03-26,,-9999.7,,-9999.7,,18.4,-99.7,,-99.7,,,-9997,,1.2,67.5,-99.7,-999.7,,0.0,,,,,,,,,,,,,,,,,,,,,,-9997,,,,,,,,,,,,,,,,,,,,,,,,,,,,,,,,,,,,,,,,,,,,,,,,,,,,,,,,,,,,,,,,,,0.0,,,,,,,,,
1997-03-27,,-9999.7,,-9999.7,,19.8,-99.7,,-99.7,,,-9997,,3.7,22.5,-99.7,-999.7,,0.0,,,,,,,,,,,,,,,,,,,,,,-9997,,,,,,,,,,,,,,,,,,,,,,,,,,,,,,,,,,,,,,,,,,,,,,,,,,,,,,,,,,,,,,,,,,6.8,,,,,,,,,
1997-03-28,,-9999.7,,-9999.7,,21.9,-99.7,,-99.7,,,-9997,,0.8,270.0,-99.7,-999.7,,9.5,,,,,,,,,,,,,,,,,,,,,,-9997,,,,,,,,,,,,,,,,,,,,,,,,,,,,,,,,,,,,,,,,,,,,,,,,,,,,,,,,,,,,,,,,,,2.7,,,,,,,,,
1997-03-29,,-9999.7,,-9999.7,,20.7,-99.7,,-99.7,,,-9997,,1.2,270.0,-99.7,-999.7,,6.0,,,,,,,,,,,,,,,,,,,,,,-9997,,,,,,,,,,,,,,,,,,,,,,,,,,,,,,,,,,,,,,,,,,,,,,,,,,,,,,,,,,,,,,,,,,2.0,,,,,,,,,
1997-03-30,,-9999.7,,-9999.7,,21.8,-99.7,,-99.7,,,-9997,,2.9,45.0,-99.7,-999.7,,0.0,,,,,,,,,,,,,,,,,,,,,,-9997,,,,,,,,,,,,,,,,,,,,,,,,,,,,,,,,,,,,,,,,,,,,,,,,,,,,,,,,,,,,,,,,,,4.3,,,,,,,,,
1997-03-31,,-9999.7,,-9999.7,,23.3,-99.7,,-99.7,,,-9997,,3.4,22.5,-99.7,-999.7,,0.0,,,,,,,,,,,,,,,,,,,,,,-9997,,,,,,,,,,,,,,,,,,,,,,,,,,,,,,,,,,,,,,,,,,,,,,,,,,,,,,,,,,,,,,,,,,6.2,,,,,,,,,
1997-04-01,,-9999.7,,-9999.7,,22.5,-99.7,,-99.7,,,-9997,,1.2,270.0,-99.7,-999.7,,0.0,,,,,,,,,,,,,,,,,,,,,,-9997,,,,,,,,,,,,,,,,,,,,,,,,,,,,,,,,,,,,,,,,,,,,,,,,,,,,,,,,,,,,,,,,,,4.1,,,,,,,,,
1997-04-02,,-9999.7,,-9999.7,,24.0,-99.7,,-99.7,,,-9997,,0.8,247.5,-99.7,-999.7,,0.0,,,,,,,,,,,,,,,,,,,,,,-9997,,,,,,,,,,,,,,,,,,,,,,,,,,,,,,,,,,,,,,,,,,,,,,,,,,,,,,,,,,,,,,,,,,5.0,,,,,,,,,
1997-04-03,,-9999.7,,-9999.7,,24.4,-99.7,,-99.7,,,-9997,,0.8,270.0,-99.7,-999.7,,0.0,,,,,,,,,,,,,,,,,,,,,,-9997,,,,,,,,,,,,,,,,,,,,,,,,,,,,,,,,,,,,,,,,,,,,,,,,,,,,,,,,,,,,,,,,,,0.2,,,,,,,,,
1997-04-04,,-9999.7,,-9999.7,,24.2,-99.7,,-99.7,,,-9997,,0.8,270.0,-99.7,-999.7,,1.0,,,,,,,,,,,,,,,,,,,,,,-9997,,,,,,,,,,,,,,,,,,,,,,,,,,,,,,,,,,,,,,,,,,,,,,,,,,,,,,,,,,,,,,,,,,0.1,,,,,,,,,
1997-04-05,,-9999.7,,-9999.7,,21.0,-99.7,,-99.7,,,-9997,,1.9,45.0,-99.7,-999.7,,0.0,,,,,,,,,,,,,,,,,,,,,,-9997,,,,,,,,,,,,,,,,,,,,,,,,,,,,,,,,,,,,,,,,,,,,,,,,,,,,,,,,,,,,,,,,,,0.0,,,,,,,,,
1997-04-06,,-9999.7,,-9999.7,,18.5,-99.7,,-99.7,,,-9997,,1.9,67.5,-99.7,-999.7,,8.0,,,,,,,,,,,,,,,,,,,,,,-9997,,,,,,,,,,,,,,,,,,,,,,,,,,,,,,,,,,,,,,,,,,,,,,,,,,,,,,,,,,,,,,,,,,0.0,,,,,,,,,
1997-04-07,,-9999.7,,-9999.7,,22.0,-99.7,,-99.7,,,-9997,,1.6,45.0,-99.7,-999.7,,0.0,,,,,,,,,,,,,,,,,,,,,,-9997,,,,,,,,,,,,,,,,,,,,,,,,,,,,,,,,,,,,,,,,,,,,,,,,,,,,,,,,,,,,,,,,,,1.5,,,,,,,,,
1997-04-08,,-9999.7,,-9999.7,,24.9,-99.7,,-99.7,,,-9997,,1.0,247.5,-99.7,-999.7,,0.0,,,,,,,,,,,,,,,,,,,,,,-9997,,,,,,,,,,,,,,,,,,,,,,,,,,,,,,,,,,,,,,,,,,,,,,,,,,,,,,,,,,,,,,,,,,1.0,,,,,,,,,
1997-04-09,,-9999.7,,-9999.7,,19.8,-99.7,,-99.7,,,-9997,,2.2,67.5,-99.7,-999.7,,12.5,,,,,,,,,,,,,,,,,,,,,,-9997,,,,,,,,,,,,,,,,,,,,,,,,,,,,,,,,,,,,,,,,,,,,,,,,,,,,,,,,,,,,,,,,,,0.0,,,,,,,,,
1997-04-10,,-9999.7,,-9999.7,,18.1,-99.7,,-99.7,,,-9997,,2.8,22.5,-99.7,-999.7,,3.5,,,,,,,,,,,,,,,,,,,,,,-9997,,,,,,,,,,,,,,,,,,,,,,,,,,,,,,,,,,,,,,,,,,,,,,,,,,,,,,,,,,,,,,,,,,0.0,,,,,,,,,
1997-04-11,,-9999.7,,-9999.7,,19.1,-99.7,,-99.7,,,-9997,,1.8,45.0,-99.7,-999.7,,0.0,,,,,,,,,,,,,,,,,,,,,,-9997,,,,,,,,,,,,,,,,,,,,,,,,,,,,,,,,,,,,,,,,,,,,,,,,,,,,,,,,,,,,,,,,,,0.0,,,,,,,,,
1997-04-12,,-9999.7,,-9999.7,,21.4,-99.7,,-99.7,,,-9997,,2.5,45.0,-99.7,-999.7,,0.0,,,,,,,,,,,,,,,,,,,,,,-9997,,,,,,,,,,,,,,,,,,,,,,,,,,,,,,,,,,,,,,,,,,,,,,,,,,,,,,,,,,,,,,,,,,0.0,,,,,,,,,
1997-04-13,,-9999.7,,-9999.7,,21.6,-99.7,,-99.7,,,-9997,,0.3,90.0,-99.7,-999.7,,0.0,,,,,,,,,,,,,,,,,,,,,,-9997,,,,,,,,,,,,,,,,,,,,,,,,,,,,,,,,,,,,,,,,,,,,,,,,,,,,,,,,,,,,,,,,,,0.0,,,,,,,,,
1997-04-14,,-9999.7,,-9999.7,,22.9,-99.7,,-99.7,,,-9997,,0.6,112.5,-99.7,-999.7,,5.0,,,,,,,,,,,,,,,,,,,,,,-9997,,,,,,,,,,,,,,,,,,,,,,,,,,,,,,,,,,,,,,,,,,,,,,,,,,,,,,,,,,,,,,,,,,0.0,,,,,,,,,
1997-04-15,,-9999.7,,-9999.7,,21.0,-99.7,,-99.7,,,-9997,,1.0,67.5,-99.7,-999.7,,19.0,,,,,,,,,,,,,,,,,,,,,,-9997,,,,,,,,,,,,,,,,,,,,,,,,,,,,,,,,,,,,,,,,,,,,,,,,,,,,,,,,,,,,,,,,,,0.1,,,,,,,,,
1997-04-16,,-9999.7,,-9999.7,,20.4,-99.7,,-99.7,,,-9997,,2.6,45.0,-99.7,-999.7,,0.0,,,,,,,,,,,,,,,,,,,,,,-9997,,,,,,,,,,,,,,,,,,,,,,,,,,,,,,,,,,,,,,,,,,,,,,,,,,,,,,,,,,,,,,,,,,1.7,,,,,,,,,
1997-04-17,,-9999.7,,-9999.7,,24.1,-99.7,,-99.7,,,-9997,,1.2,22.5,-99.7,-999.7,,0.0,,,,,,,,,,,,,,,,,,,,,,-9997,,,,,,,,,,,,,,,,,,,,,,,,,,,,,,,,,,,,,,,,,,,,,,,,,,,,,,,,,,,,,,,,,,1.0,,,,,,,,,
1997-04-18,,-9999.7,,-9999.7,,22.4,-99.7,,-99.7,,,-9997,,0.9,247.5,-99.7,-999.7,,4.0,,,,,,,,,,,,,,,,,,,,,,-9997,,,,,,,,,,,,,,,,,,,,,,,,,,,,,,,,,,,,,,,,,,,,,,,,,,,,,,,,,,,,,,,,,,0.0,,,,,,,,,
1997-04-19,,-9999.7,,-9999.7,,20.8,-99.7,,-99.7,,,-9997,,2.3,67.5,-99.7,-999.7,,0.0,,,,,,,,,,,,,,,,,,,,,,-9997,,,,,,,,,,,,,,,,,,,,,,,,,,,,,,,,,,,,,,,,,,,,,,,,,,,,,,,,,,,,,,,,,,0.0,,,,,,,,,
1997-04-20,,-9999.7,,-9999.7,,23.1,-99.7,,-99.7,,,-9997,,1.0,22.5,-99.7,-999.7,,0.0,,,,,,,,,,,,,,,,,,,,,,-9997,,,,,,,,,,,,,,,,,,,,,,,,,,,,,,,,,,,,,,,,,,,,,,,,,,,,,,,,,,,,,,,,,,1.4,,,,,,,,,
1997-04-21,,-9999.7,,-9999.7,,24.5,-99.7,,-99.7,,,-9997,,0.8,247.5,-99.7,-999.7,,0.0,,,,,,,,,,,,,,,,,,,,,,-9997,,,,,,,,,,,,,,,,,,,,,,,,,,,,,,,,,,,,,,,,,,,,,,,,,,,,,,,,,,,,,,,,,,0.0,,,,,,,,,
1997-04-22,,-9999.7,,-9999.7,,20.5,-99.7,,-99.7,,,-9997,,1.7,67.5,-99.7,-999.7,,0.0,,,,,,,,,,,,,,,,,,,,,,-9997,,,,,,,,,,,,,,,,,,,,,,,,,,,,,,,,,,,,,,,,,,,,,,,,,,,,,,,,,,,,,,,,,,0.0,,,,,,,,,
1997-04-23,,-9999.7,,-9999.7,,19.3,-99.7,,-99.7,,,-9997,,2.3,67.5,-99.7,-999.7,,0.0,,,,,,,,,,,,,,,,,,,,,,-9997,,,,,,,,,,,,,,,,,,,,,,,,,,,,,,,,,,,,,,,,,,,,,,,,,,,,,,,,,,,,,,,,,,0.6,,,,,,,,,
1997-04-24,,-9999.7,,-9999.7,,20.1,-99.7,,-99.7,,,-9997,,3.0,67.5,-99.7,-999.7,,0.0,,,,,,,,,,,,,,,,,,,,,,-9997,,,,,,,,,,,,,,,,,,,,,,,,,,,,,,,,,,,,,,,,,,,,,,,,,,,,,,,,,,,,,,,,,,3.7,,,,,,,,,
1997-04-25,,-9999.7,,-9999.7,,20.5,-99.7,,-99.7,,,-9997,,3.1,45.0,-99.7,-999.7,,0.0,,,,,,,,,,,,,,,,,,,,,,-9997,,,,,,,,,,,,,,,,,,,,,,,,,,,,,,,,,,,,,,,,,,,,,,,,,,,,,,,,,,,,,,,,,,4.7,,,,,,,,,
1997-04-26,,-9999.7,,-9999.7,,21.7,-99.7,,-99.7,,,-9997,,2.2,45.0,-99.7,-999.7,,0.0,,,,,,,,,,,,,,,,,,,,,,-9997,,,,,,,,,,,,,,,,,,,,,,,,,,,,,,,,,,,,,,,,,,,,,,,,,,,,,,,,,,,,,,,,,,0.1,,,,,,,,,
1997-04-27,,-9999.7,,-9999.7,,22.6,-99.7,,-99.7,,,-9997,,0.4,270.0,-99.7,-999.7,,0.0,,,,,,,,,,,,,,,,,,,,,,-9997,,,,,,,,,,,,,,,,,,,,,,,,,,,,,,,,,,,,,,,,,,,,,,,,,,,,,,,,,,,,,,,,,,0.0,,,,,,,,,
1997-04-28,,-9999.7,,-9999.7,,25.4,-99.7,,-99.7,,,-9997,,0.6,67.5,-99.7,-999.7,,0.0,,,,,,,,,,,,,,,,,,,,,,-9997,,,,,,,,,,,,,,,,,,,,,,,,,,,,,,,,,,,,,,,,,,,,,,,,,,,,,,,,,,,,,,,,,,0.9,,,,,,,,,
1997-04-29,,-9999.7,,-9999.7,,24.9,-99.7,,-99.7,,,-9997,,0.9,247.5,-99.7,-999.7,,0.0,,,,,,,,,,,,,,,,,,,,,,-9997,,,,,,,,,,,,,,,,,,,,,,,,,,,,,,,,,,,,,,,,,,,,,,,,,,,,,,,,,,,,,,,,,,0.0,,,,,,,,,
1997-04-30,,-9999.7,,-9999.7,,25.5,-99.7,,-99.7,,,-9997,,1.0,247.5,-99.7,-999.7,,23.5,,,,,,,,,,,,,,,,,,,,,,-9997,,,,,,,,,,,,,,,,,,,,,,,,,,,,,,,,,,,,,,,,,,,,,,,,,,,,,,,,,,,,,,,,,,4.5,,,,,,,,,
1997-05-01,,-9999.7,,-9999.7,,25.9,-99.7,,-99.7,,,-9997,,1.1,247.5,-99.7,-999.7,,0.0,,,,,,,,,,,,,,,,,,,,,,-9997,,,,,,,,,,,,,,,,,,,,,,,,,,,,,,,,,,,,,,,,,,,,,,,,,,,,,,,,,,,,,,,,,,2.0,,,,,,,,,
1997-05-02,,-9999.7,,-9999.7,,26.7,-99.7,,-99.7,,,-9997,,2.0,270.0,-99.7,-999.7,,0.0,,,,,,,,,,,,,,,,,,,,,,-9997,,,,,,,,,,,,,,,,,,,,,,,,,,,,,,,,,,,,,,,,,,,,,,,,,,,,,,,,,,,,,,,,,,8.6,,,,,,,,,
1997-05-03,,-9999.7,,-9999.7,,26.5,-99.7,,-99.7,,,-9997,,1.0,270.0,-99.7,-999.7,,0.0,,,,,,,,,,,,,,,,,,,,,,-9997,,,,,,,,,,,,,,,,,,,,,,,,,,,,,,,,,,,,,,,,,,,,,,,,,,,,,,,,,,,,,,,,,,6.9,,,,,,,,,
1997-05-04,,-9999.7,,-9999.7,,26.2,-99.7,,-99.7,,,-9997,,0.8,247.5,-99.7,-999.7,,0.0,,,,,,,,,,,,,,,,,,,,,,-9997,,,,,,,,,,,,,,,,,,,,,,,,,,,,,,,,,,,,,,,,,,,,,,,,,,,,,,,,,,,,,,,,,,0.0,,,,,,,,,
1997-05-05,,-9999.7,,-9999.7,,25.7,-99.7,,-99.7,,,-9997,,0.8,270.0,-99.7,-999.7,,0.5,,,,,,,,,,,,,,,,,,,,,,-9997,,,,,,,,,,,,,,,,,,,,,,,,,,,,,,,,,,,,,,,,,,,,,,,,,,,,,,,,,,,,,,,,,,0.2,,,,,,,,,
1997-05-06,,-9999.7,,-9999.7,,25.3,-99.7,,-99.7,,,-9997,,0.6,270.0,-99.7,-999.7,,51.5,,,,,,,,,,,,,,,,,,,,,,-9997,,,,,,,,,,,,,,,,,,,,,,,,,,,,,,,,,,,,,,,,,,,,,,,,,,,,,,,,,,,,,,,,,,0.6,,,,,,,,,
1997-05-07,,-9999.7,,-9999.7,,24.8,-99.7,,-99.7,,,-9997,,0.5,247.5,-99.7,-999.7,,12.5,,,,,,,,,,,,,,,,,,,,,,-9997,,,,,,,,,,,,,,,,,,,,,,,,,,,,,,,,,,,,,,,,,,,,,,,,,,,,,,,,,,,,,,,,,,0.0,,,,,,,,,
1997-05-08,,-9999.7,,-9999.7,,25.9,-99.7,,-99.7,,,-9997,,0.7,270.0,-99.7,-999.7,,0.0,,,,,,,,,,,,,,,,,,,,,,-9997,,,,,,,,,,,,,,,,,,,,,,,,,,,,,,,,,,,,,,,,,,,,,,,,,,,,,,,,,,,,,,,,,,0.0,,,,,,,,,
1997-05-09,,-9999.7,,-9999.7,,20.3,-99.7,,-99.7,,,-9997,,3.1,45.0,-99.7,-999.7,,1.5,,,,,,,,,,,,,,,,,,,,,,-9997,,,,,,,,,,,,,,,,,,,,,,,,,,,,,,,,,,,,,,,,,,,,,,,,,,,,,,,,,,,,,,,,,,0.0,,,,,,,,,
1997-05-10,,-9999.7,,-9999.7,,24.2,-99.7,,-99.7,,,-9997,,1.3,247.5,-99.7,-999.7,,0.0,,,,,,,,,,,,,,,,,,,,,,-9997,,,,,,,,,,,,,,,,,,,,,,,,,,,,,,,,,,,,,,,,,,,,,,,,,,,,,,,,,,,,,,,,,,0.0,,,,,,,,,
1997-05-11,,-9999.7,,-9999.7,,26.3,-99.7,,-99.7,,,-9997,,0.3,225.0,-99.7,-999.7,,0.0,,,,,,,,,,,,,,,,,,,,,,-9997,,,,,,,,,,,,,,,,,,,,,,,,,,,,,,,,,,,,,,,,,,,,,,,,,,,,,,,,,,,,,,,,,,0.0,,,,,,,,,
1997-05-12,,-9999.7,,-9999.7,,27.2,-99.7,,-99.7,,,-9997,,0.7,247.5,-99.7,-999.7,,0.0,,,,,,,,,,,,,,,,,,,,,,-9997,,,,,,,,,,,,,,,,,,,,,,,,,,,,,,,,,,,,,,,,,,,,,,,,,,,,,,,,,,,,,,,,,,2.8,,,,,,,,,
1997-05-13,,-9999.7,,-9999.7,,27.6,-99.7,,-99.7,,,-9997,,1.0,247.5,-99.7,-999.7,,0.0,,,,,,,,,,,,,,,,,,,,,,-9997,,,,,,,,,,,,,,,,,,,,,,,,,,,,,,,,,,,,,,,,,,,,,,,,,,,,,,,,,,,,,,,,,,0.5,,,,,,,,,
1997-05-14,,-9999.7,,-9999.7,,28.1,-99.7,,-99.7,,,-9997,,1.4,247.5,-99.7,-999.7,,0.0,,,,,,,,,,,,,,,,,,,,,,-9997,,,,,,,,,,,,,,,,,,,,,,,,,,,,,,,,,,,,,,,,,,,,,,,,,,,,,,,,,,,,,,,,,,5.4,,,,,,,,,
1997-05-15,,-9999.7,,-9999.7,,29.0,-99.7,,-99.7,,,-9997,,1.3,247.5,-99.7,-999.7,,0.0,,,,,,,,,,,,,,,,,,,,,,-9997,,,,,,,,,,,,,,,,,,,,,,,,,,,,,,,,,,,,,,,,,,,,,,,,,,,,,,,,,,,,,,,,,,5.0,,,,,,,,,
1997-05-16,,-9999.7,,-9999.7,,28.7,-99.7,,-99.7,,,-9997,,1.7,247.5,-99.7,-999.7,,0.0,,,,,,,,,,,,,,,,,,,,,,-9997,,,,,,,,,,,,,,,,,,,,,,,,,,,,,,,,,,,,,,,,,,,,,,,,,,,,,,,,,,,,,,,,,,6.1,,,,,,,,,
1997-05-17,,-9999.7,,-9999.7,,24.5,-99.7,,-99.7,,,-9997,,0.7,22.5,-99.7,-999.7,,30.0,,,,,,,,,,,,,,,,,,,,,,-9997,,,,,,,,,,,,,,,,,,,,,,,,,,,,,,,,,,,,,,,,,,,,,,,,,,,,,,,,,,,,,,,,,,0.0,,,,,,,,,
1997-05-18,,-9999.7,,-9999.7,,25.0,-99.7,,-99.7,,,-9997,,0.5,247.5,-99.7,-999.7,,2.0,,,,,,,,,,,,,,,,,,,,,,-9997,,,,,,,,,,,,,,,,,,,,,,,,,,,,,,,,,,,,,,,,,,,,,,,,,,,,,,,,,,,,,,,,,,0.3,,,,,,,,,
1997-05-19,,-9999.7,,-9999.7,,25.6,-99.7,,-99.7,,,-9997,,1.6,247.5,-99.7,-999.7,,12.5,,,,,,,,,,,,,,,,,,,,,,-9997,,,,,,,,,,,,,,,,,,,,,,,,,,,,,,,,,,,,,,,,,,,,,,,,,,,,,,,,,,,,,,,,,,0.0,,,,,,,,,
1997-05-20,,-9999.7,,-9999.7,,24.9,-99.7,,-99.7,,,-9997,,2.4,22.5,-99.7,-999.7,,0.0,,,,,,,,,,,,,,,,,,,,,,-9997,,,,,,,,,,,,,,,,,,,,,,,,,,,,,,,,,,,,,,,,,,,,,,,,,,,,,,,,,,,,,,,,,,0.0,,,,,,,,,
1997-05-21,,-9999.7,,-9999.7,,24.0,-99.7,,-99.7,,,-9997,,3.3,45.0,-99.7,-999.7,,0.0,,,,,,,,,,,,,,,,,,,,,,-9997,,,,,,,,,,,,,,,,,,,,,,,,,,,,,,,,,,,,,,,,,,,,,,,,,,,,,,,,,,,,,,,,,,0.0,,,,,,,,,
1997-05-22,,-9999.7,,-9999.7,,21.1,-99.7,,-99.7,,,-9997,,2.8,45.0,-99.7,-999.7,,36.5,,,,,,,,,,,,,,,,,,,,,,-9997,,,,,,,,,,,,,,,,,,,,,,,,,,,,,,,,,,,,,,,,,,,,,,,,,,,,,,,,,,,,,,,,,,0.0,,,,,,,,,
1997-05-23,,-9999.7,,-9999.7,,21.7,-99.7,,-99.7,,,-9997,,1.0,22.5,-99.7,-999.7,,48.0,,,,,,,,,,,,,,,,,,,,,,-9997,,,,,,,,,,,,,,,,,,,,,,,,,,,,,,,,,,,,,,,,,,,,,,,,,,,,,,,,,,,,,,,,,,0.0,,,,,,,,,
1997-05-24,,-9999.7,,-9999.7,,23.3,-99.7,,-99.7,,,-9997,,1.6,45.0,-99.7,-999.7,,0.0,,,,,,,,,,,,,,,,,,,,,,-9997,,,,,,,,,,,,,,,,,,,,,,,,,,,,,,,,,,,,,,,,,,,,,,,,,,,,,,,,,,,,,,,,,,0.4,,,,,,,,,
1997-05-25,,-9999.7,,-9999.7,,23.6,-99.7,,-99.7,,,-9997,,2.9,45.0,-99.7,-999.7,,0.0,,,,,,,,,,,,,,,,,,,,,,-9997,,,,,,,,,,,,,,,,,,,,,,,,,,,,,,,,,,,,,,,,,,,,,,,,,,,,,,,,,,,,,,,,,,0.8,,,,,,,,,
1997-05-26,,-9999.7,,-9999.7,,25.7,-99.7,,-99.7,,,-9997,,2.7,22.5,-99.7,-999.7,,0.0,,,,,,,,,,,,,,,,,,,,,,-9997,,,,,,,,,,,,,,,,,,,,,,,,,,,,,,,,,,,,,,,,,,,,,,,,,,,,,,,,,,,,,,,,,,8.0,,,,,,,,,
1997-05-27,,-9999.7,,-9999.7,,25.5,-99.7,,-99.7,,,-9997,,2.3,45.0,-99.7,-999.7,,0.0,,,,,,,,,,,,,,,,,,,,,,-9997,,,,,,,,,,,,,,,,,,,,,,,,,,,,,,,,,,,,,,,,,,,,,,,,,,,,,,,,,,,,,,,,,,8.4,,,,,,,,,
1997-05-28,,-9999.7,,-9999.7,,26.1,-99.7,,-99.7,,,-9997,,1.9,45.0,-99.7,-999.7,,0.0,,,,,,,,,,,,,,,,,,,,,,-9997,,,,,,,,,,,,,,,,,,,,,,,,,,,,,,,,,,,,,,,,,,,,,,,,,,,,,,,,,,,,,,,,,,3.8,,,,,,,,,
1997-05-29,,-9999.7,,-9999.7,,26.1,-99.7,,-99.7,,,-9997,,1.4,22.5,-99.7,-999.7,,0.0,,,,,,,,,,,,,,,,,,,,,,-9997,,,,,,,,,,,,,,,,,,,,,,,,,,,,,,,,,,,,,,,,,,,,,,,,,,,,,,,,,,,,,,,,,,3.1,,,,,,,,,
1997-05-30,,-9999.7,,-9999.7,,25.5,-99.7,,-99.7,,,-9997,,0.5,270.0,-99.7,-999.7,,0.0,,,,,,,,,,,,,,,,,,,,,,-9997,,,,,,,,,,,,,,,,,,,,,,,,,,,,,,,,,,,,,,,,,,,,,,,,,,,,,,,,,,,,,,,,,,0.0,,,,,,,,,
1997-05-31,,-9999.7,,-9999.7,,26.1,-99.7,,-99.7,,,-9997,,1.0,247.5,-99.7,-999.7,,0.0,,,,,,,,,,,,,,,,,,,,,,-9997,,,,,,,,,,,,,,,,,,,,,,,,,,,,,,,,,,,,,,,,,,,,,,,,,,,,,,,,,,,,,,,,,,0.0,,,,,,,,,
1997-06-01,,-9999.7,,-9999.7,,27.3,-99.7,,-99.7,,,-9997,,0.8,247.5,-99.7,-999.7,,0.0,,,,,,,,,,,,,,,,,,,,,,-9997,,,,,,,,,,,,,,,,,,,,,,,,,,,,,,,,,,,,,,,,,,,,,,,,,,,,,,,,,,,,,,,,,,0.0,,,,,,,,,
1997-06-02,,-9999.7,,-9999.7,,25.6,-99.7,,-99.7,,,-9997,,0.6,22.5,-99.7,-999.7,,60.0,,,,,,,,,,,,,,,,,,,,,,-9997,,,,,,,,,,,,,,,,,,,,,,,,,,,,,,,,,,,,,,,,,,,,,,,,,,,,,,,,,,,,,,,,,,0.0,,,,,,,,,
1997-06-03,,-9999.7,,-9999.7,,26.5,-99.7,,-99.7,,,-9997,,0.5,270.0,-99.7,-999.7,,1.5,,,,,,,,,,,,,,,,,,,,,,-9997,,,,,,,,,,,,,,,,,,,,,,,,,,,,,,,,,,,,,,,,,,,,,,,,,,,,,,,,,,,,,,,,,,0.0,,,,,,,,,
1997-06-04,,-9999.7,,-9999.7,,24.9,-99.7,,-99.7,,,-9997,,0.7,247.5,-99.7,-999.7,,40.5,,,,,,,,,,,,,,,,,,,,,,-9997,,,,,,,,,,,,,,,,,,,,,,,,,,,,,,,,,,,,,,,,,,,,,,,,,,,,,,,,,,,,,,,,,,0.0,,,,,,,,,
1997-06-05,,-9999.7,,-9999.7,,25.2,-99.7,,-99.7,,,-9997,,0.5,22.5,-99.7,-999.7,,31.5,,,,,,,,,,,,,,,,,,,,,,-9997,,,,,,,,,,,,,,,,,,,,,,,,,,,,,,,,,,,,,,,,,,,,,,,,,,,,,,,,,,,,,,,,,,0.0,,,,,,,,,
1997-06-06,,-9999.7,,-9999.7,,27.4,-99.7,,-99.7,,,-9997,,0.8,247.5,-99.7,-999.7,,0.0,,,,,,,,,,,,,,,,,,,,,,-9997,,,,,,,,,,,,,,,,,,,,,,,,,,,,,,,,,,,,,,,,,,,,,,,,,,,,,,,,,,,,,,,,,,2.5,,,,,,,,,
1997-06-07,,-9999.7,,-9999.7,,26.5,-99.7,,-99.7,,,-9997,,0.7,247.5,-99.7,-999.7,,2.5,,,,,,,,,,,,,,,,,,,,,,-9997,,,,,,,,,,,,,,,,,,,,,,,,,,,,,,,,,,,,,,,,,,,,,,,,,,,,,,,,,,,,,,,,,,0.0,,,,,,,,,
1997-06-08,,-9999.7,,-9999.7,,28.9,-99.7,,-99.7,,,-9997,,2.5,247.5,-99.7,-999.7,,0.0,,,,,,,,,,,,,,,,,,,,,,-9997,,,,,,,,,,,,,,,,,,,,,,,,,,,,,,,,,,,,,,,,,,,,,,,,,,,,,,,,,,,,,,,,,,2.2,,,,,,,,,
1997-06-09,,-9999.7,,-9999.7,,28.7,-99.7,,-99.7,,,-9997,,2.6,247.5,-99.7,-999.7,,0.0,,,,,,,,,,,,,,,,,,,,,,-9997,,,,,,,,,,,,,,,,,,,,,,,,,,,,,,,,,,,,,,,,,,,,,,,,,,,,,,,,,,,,,,,,,,0.0,,,,,,,,,
1997-06-10,,-9999.7,,-9999.7,,27.0,-99.7,,-99.7,,,-9997,,2.2,247.5,-99.7,-999.7,,46.0,,,,,,,,,,,,,,,,,,,,,,-9997,,,,,,,,,,,,,,,,,,,,,,,,,,,,,,,,,,,,,,,,,,,,,,,,,,,,,,,,,,,,,,,,,,0.1,,,,,,,,,
1997-06-11,,-9999.7,,-9999.7,,23.3,-99.7,,-99.7,,,-9997,,1.2,45.0,-99.7,-999.7,,39.0,,,,,,,,,,,,,,,,,,,,,,-9997,,,,,,,,,,,,,,,,,,,,,,,,,,,,,,,,,,,,,,,,,,,,,,,,,,,,,,,,,,,,,,,,,,0.0,,,,,,,,,
1997-06-12,,-9999.7,,-9999.7,,22.1,-99.7,,-99.7,,,-9997,,2.3,22.5,-99.7,-999.7,,15.0,,,,,,,,,,,,,,,,,,,,,,-9997,,,,,,,,,,,,,,,,,,,,,,,,,,,,,,,,,,,,,,,,,,,,,,,,,,,,,,,,,,,,,,,,,,0.0,,,,,,,,,
1997-06-13,,-9999.7,,-9999.7,,23.4,-99.7,,-99.7,,,-9997,,2.4,22.5,-99.7,-999.7,,16.0,,,,,,,,,,,,,,,,,,,,,,-9997,,,,,,,,,,,,,,,,,,,,,,,,,,,,,,,,,,,,,,,,,,,,,,,,,,,,,,,,,,,,,,,,,,0.0,,,,,,,,,
1997-06-14,,-9999.7,,-9999.7,,21.8,-99.7,,-99.7,,,-9997,,1.6,22.5,-99.7,-999.7,,62.5,,,,,,,,,,,,,,,,,,,,,,-9997,,,,,,,,,,,,,,,,,,,,,,,,,,,,,,,,,,,,,,,,,,,,,,,,,,,,,,,,,,,,,,,,,,0.0,,,,,,,,,
1997-06-15,,-9999.7,,-9999.7,,21.0,-99.7,,-99.7,,,-9997,,2.2,22.5,-99.7,-999.7,,72.0,,,,,,,,,,,,,,,,,,,,,,-9997,,,,,,,,,,,,,,,,,,,,,,,,,,,,,,,,,,,,,,,,,,,,,,,,,,,,,,,,,,,,,,,,,,0.0,,,,,,,,,
1997-06-16,,-9999.7,,-9999.7,,21.5,-99.7,,-99.7,,,-9997,,2.0,22.5,-99.7,-999.7,,48.0,,,,,,,,,,,,,,,,,,,,,,-9997,,,,,,,,,,,,,,,,,,,,,,,,,,,,,,,,,,,,,,,,,,,,,,,,,,,,,,,,,,,,,,,,,,0.0,,,,,,,,,
1997-06-17,,-9999.7,,-9999.7,,25.6,-99.7,,-99.7,,,-9997,,2.9,45.0,-99.7,-999.7,,0.0,,,,,,,,,,,,,,,,,,,,,,-9997,,,,,,,,,,,,,,,,,,,,,,,,,,,,,,,,,,,,,,,,,,,,,,,,,,,,,,,,,,,,,,,,,,8.2,,,,,,,,,
1997-06-18,,-9999.7,,-9999.7,,24.6,-99.7,,-99.7,,,-9997,,1.2,22.5,-99.7,-999.7,,0.0,,,,,,,,,,,,,,,,,,,,,,-9997,,,,,,,,,,,,,,,,,,,,,,,,,,,,,,,,,,,,,,,,,,,,,,,,,,,,,,,,,,,,,,,,,,1.6,,,,,,,,,
1997-06-19,,-9999.7,,-9999.7,,25.2,-99.7,,-99.7,,,-9997,,0.6,247.5,-99.7,-999.7,,0.0,,,,,,,,,,,,,,,,,,,,,,-9997,,,,,,,,,,,,,,,,,,,,,,,,,,,,,,,,,,,,,,,,,,,,,,,,,,,,,,,,,,,,,,,,,,0.9,,,,,,,,,
1997-06-20,,-9999.7,,-9999.7,,26.8,-99.7,,-99.7,,,-9997,,0.8,247.5,-99.7,-999.7,,3.0,,,,,,,,,,,,,,,,,,,,,,-9997,,,,,,,,,,,,,,,,,,,,,,,,,,,,,,,,,,,,,,,,,,,,,,,,,,,,,,,,,,,,,,,,,,0.0,,,,,,,,,
1997-06-21,,-9999.7,,-9999.7,,26.6,-99.7,,-99.7,,,-9997,,0.5,247.5,-99.7,-999.7,,52.5,,,,,,,,,,,,,,,,,,,,,,-9997,,,,,,,,,,,,,,,,,,,,,,,,,,,,,,,,,,,,,,,,,,,,,,,,,,,,,,,,,,,,,,,,,,0.0,,,,,,,,,
1997-06-22,,-9999.7,,-9999.7,,26.2,-99.7,,-99.7,,,-9997,,0.5,247.5,-99.7,-999.7,,66.0,,,,,,,,,,,,,,,,,,,,,,-9997,,,,,,,,,,,,,,,,,,,,,,,,,,,,,,,,,,,,,,,,,,,,,,,,,,,,,,,,,,,,,,,,,,0.0,,,,,,,,,
1997-06-23,,-9999.7,,-9999.7,,26.7,-99.7,,-99.7,,,-9997,,0.7,22.5,-99.7,-999.7,,116.0,,,,,,,,,,,,,,,,,,,,,,-9997,,,,,,,,,,,,,,,,,,,,,,,,,,,,,,,,,,,,,,,,,,,,,,,,,,,,,,,,,,,,,,,,,,0.5,,,,,,,,,
1997-06-24,,-9999.7,,-9999.7,,27.1,-99.7,,-99.7,,,-9997,,0.6,22.5,-99.7,-999.7,,22.5,,,,,,,,,,,,,,,,,,,,,,-9997,,,,,,,,,,,,,,,,,,,,,,,,,,,,,,,,,,,,,,,,,,,,,,,,,,,,,,,,,,,,,,,,,,0.7,,,,,,,,,
1997-06-25,,-9999.7,,-9999.7,,28.0,-99.7,,-99.7,,,-9997,,0.6,45.0,-99.7,-999.7,,0.5,,,,,,,,,,,,,,,,,,,,,,-9997,,,,,,,,,,,,,,,,,,,,,,,,,,,,,,,,,,,,,,,,,,,,,,,,,,,,,,,,,,,,,,,,,,0.8,,,,,,,,,
1997-06-26,,-9999.7,,-9999.7,,28.7,-99.7,,-99.7,,,-9997,,1.4,45.0,-99.7,-999.7,,1.0,,,,,,,,,,,,,,,,,,,,,,-9997,,,,,,,,,,,,,,,,,,,,,,,,,,,,,,,,,,,,,,,,,,,,,,,,,,,,,,,,,,,,,,,,,,5.3,,,,,,,,,
1997-06-27,,-9999.7,,-9999.7,,27.3,-99.7,,-99.7,,,-9997,,1.6,270.0,-99.7,-999.7,,8.5,,,,,,,,,,,,,,,,,,,,,,-9997,,,,,,,,,,,,,,,,,,,,,,,,,,,,,,,,,,,,,,,,,,,,,,,,,,,,,,,,,,,,,,,,,,3.5,,,,,,,,,
1997-06-28,,-9999.7,,-9999.7,,26.5,-99.7,,-99.7,,,-9997,,0.5,292.5,-99.7,-999.7,,48.5,,,,,,,,,,,,,,,,,,,,,,-9997,,,,,,,,,,,,,,,,,,,,,,,,,,,,,,,,,,,,,,,,,,,,,,,,,,,,,,,,,,,,,,,,,,0.5,,,,,,,,,
1997-06-29,,-9999.7,,-9999.7,,26.4,-99.7,,-99.7,,,-9997,,0.5,270.0,-99.7,-999.7,,38.5,,,,,,,,,,,,,,,,,,,,,,-9997,,,,,,,,,,,,,,,,,,,,,,,,,,,,,,,,,,,,,,,,,,,,,,,,,,,,,,,,,,,,,,,,,,1.6,,,,,,,,,
1997-06-30,,-9999.7,,-9999.7,,26.2,-99.7,,-99.7,,,-9997,,0.5,247.5,-99.7,-999.7,,8.0,,,,,,,,,,,,,,,,,,,,,,-9997,,,,,,,,,,,,,,,,,,,,,,,,,,,,,,,,,,,,,,,,,,,,,,,,,,,,,,,,,,,,,,,,,,0.1,,,,,,,,,
1997-07-01,,-9999.7,,-9999.7,,26.6,-99.7,,-99.7,,,-9997,,0.6,247.5,-99.7,-999.7,,7.0,,,,,,,,,,,,,,,,,,,,,,-9997,,,,,,,,,,,,,,,,,,,,,,,,,,,,,,,,,,,,,,,,,,,,,,,,,,,,,,,,,,,,,,,,,,0.0,,,,,,,,,
1997-07-02,,-9999.7,,-9999.7,,25.6,-99.7,,-99.7,,,-9997,,1.0,22.5,-99.7,-999.7,,5.0,,,,,,,,,,,,,,,,,,,,,,-9997,,,,,,,,,,,,,,,,,,,,,,,,,,,,,,,,,,,,,,,,,,,,,,,,,,,,,,,,,,,,,,,,,,0.0,,,,,,,,,
1997-07-03,,-9999.7,,-9999.7,,26.2,-99.7,,-99.7,,,-9997,,0.7,247.5,-99.7,-999.7,,5.5,,,,,,,,,,,,,,,,,,,,,,-9997,,,,,,,,,,,,,,,,,,,,,,,,,,,,,,,,,,,,,,,,,,,,,,,,,,,,,,,,,,,,,,,,,,0.0,,,,,,,,,
1997-07-04,,-9999.7,,-9999.7,,26.5,-99.7,,-99.7,,,-9997,,0.8,360.0,-99.7,-999.7,,27.0,,,,,,,,,,,,,,,,,,,,,,-9997,,,,,,,,,,,,,,,,,,,,,,,,,,,,,,,,,,,,,,,,,,,,,,,,,,,,,,,,,,,,,,,,,,0.0,,,,,,,,,
1997-07-05,,-9999.7,,-9999.7,,26.8,-99.7,,-99.7,,,-9997,,1.0,247.5,-99.7,-999.7,,2.0,,,,,,,,,,,,,,,,,,,,,,-9997,,,,,,,,,,,,,,,,,,,,,,,,,,,,,,,,,,,,,,,,,,,,,,,,,,,,,,,,,,,,,,,,,,0.2,,,,,,,,,
1997-07-06,,-9999.7,,-9999.7,,27.7,-99.7,,-99.7,,,-9997,,0.6,247.5,-99.7,-999.7,,0.0,,,,,,,,,,,,,,,,,,,,,,-9997,,,,,,,,,,,,,,,,,,,,,,,,,,,,,,,,,,,,,,,,,,,,,,,,,,,,,,,,,,,,,,,,,,0.0,,,,,,,,,
1997-07-07,,-9999.7,,-9999.7,,27.5,-99.7,,-99.7,,,-9997,,0.5,22.5,-99.7,-999.7,,19.0,,,,,,,,,,,,,,,,,,,,,,-9997,,,,,,,,,,,,,,,,,,,,,,,,,,,,,,,,,,,,,,,,,,,,,,,,,,,,,,,,,,,,,,,,,,0.1,,,,,,,,,
1997-07-08,,-9999.7,,-9999.7,,27.8,-99.7,,-99.7,,,-9997,,0.7,22.5,-99.7,-999.7,,0.0,,,,,,,,,,,,,,,,,,,,,,-9997,,,,,,,,,,,,,,,,,,,,,,,,,,,,,,,,,,,,,,,,,,,,,,,,,,,,,,,,,,,,,,,,,,0.0,,,,,,,,,
1997-07-09,,-9999.7,,-9999.7,,26.7,-99.7,,-99.7,,,-9997,,0.5,225.0,-99.7,-999.7,,68.0,,,,,,,,,,,,,,,,,,,,,,-9997,,,,,,,,,,,,,,,,,,,,,,,,,,,,,,,,,,,,,,,,,,,,,,,,,,,,,,,,,,,,,,,,,,0.0,,,,,,,,,
1997-07-10,,-9999.7,,-9999.7,,26.9,-99.7,,-99.7,,,-9997,,0.4,225.0,-99.7,-999.7,,25.0,,,,,,,,,,,,,,,,,,,,,,-9997,,,,,,,,,,,,,,,,,,,,,,,,,,,,,,,,,,,,,,,,,,,,,,,,,,,,,,,,,,,,,,,,,,0.7,,,,,,,,,
1997-07-11,,-9999.7,,-9999.7,,28.1,-99.7,,-99.7,,,-9997,,0.6,45.0,-99.7,-999.7,,0.0,,,,,,,,,,,,,,,,,,,,,,-9997,,,,,,,,,,,,,,,,,,,,,,,,,,,,,,,,,,,,,,,,,,,,,,,,,,,,,,,,,,,,,,,,,,0.0,,,,,,,,,
1997-07-12,,-9999.7,,-9999.7,,27.8,-99.7,,-99.7,,,-9997,,0.8,270.0,-99.7,-999.7,,0.0,,,,,,,,,,,,,,,,,,,,,,-9997,,,,,,,,,,,,,,,,,,,,,,,,,,,,,,,,,,,,,,,,,,,,,,,,,,,,,,,,,,,,,,,,,,0.0,,,,,,,,,
1997-07-13,,-9999.7,,-9999.7,,27.0,-99.7,,-99.7,,,-9997,,0.4,247.5,-99.7,-999.7,,0.5,,,,,,,,,,,,,,,,,,,,,,-9997,,,,,,,,,,,,,,,,,,,,,,,,,,,,,,,,,,,,,,,,,,,,,,,,,,,,,,,,,,,,,,,,,,0.0,,,,,,,,,
1997-07-14,,-9999.7,,-9999.7,,28.3,-99.7,,-99.7,,,-9997,,1.1,247.5,-99.7,-999.7,,0.0,,,,,,,,,,,,,,,,,,,,,,-9997,,,,,,,,,,,,,,,,,,,,,,,,,,,,,,,,,,,,,,,,,,,,,,,,,,,,,,,,,,,,,,,,,,6.9,,,,,,,,,
1997-07-15,,-9999.7,,-9999.7,,26.7,-99.7,,-99.7,,,-9997,,1.0,247.5,-99.7,-999.7,,1.5,,,,,,,,,,,,,,,,,,,,,,-9997,,,,,,,,,,,,,,,,,,,,,,,,,,,,,,,,,,,,,,,,,,,,,,,,,,,,,,,,,,,,,,,,,,2.3,,,,,,,,,
1997-07-16,,-9999.7,,-9999.7,,27.9,-99.7,,-99.7,,,-9997,,1.0,22.5,-99.7,-999.7,,0.0,,,,,,,,,,,,,,,,,,,,,,-9997,,,,,,,,,,,,,,,,,,,,,,,,,,,,,,,,,,,,,,,,,,,,,,,,,,,,,,,,,,,,,,,,,,3.3,,,,,,,,,
1997-07-17,,-9999.7,,-9999.7,,27.9,-99.7,,-99.7,,,-9997,,1.1,247.5,-99.7,-999.7,,0.0,,,,,,,,,,,,,,,,,,,,,,-9997,,,,,,,,,,,,,,,,,,,,,,,,,,,,,,,,,,,,,,,,,,,,,,,,,,,,,,,,,,,,,,,,,,0.9,,,,,,,,,
1997-07-18,,-9999.7,,-9999.7,,27.8,-99.7,,-99.7,,,-9997,,0.8,247.5,-99.7,-999.7,,0.0,,,,,,,,,,,,,,,,,,,,,,-9997,,,,,,,,,,,,,,,,,,,,,,,,,,,,,,,,,,,,,,,,,,,,,,,,,,,,,,,,,,,,,,,,,,1.6,,,,,,,,,
1997-07-19,,-9999.7,,-9999.7,,28.8,-99.7,,-99.7,,,-9997,,1.1,247.5,-99.7,-999.7,,0.0,,,,,,,,,,,,,,,,,,,,,,-9997,,,,,,,,,,,,,,,,,,,,,,,,,,,,,,,,,,,,,,,,,,,,,,,,,,,,,,,,,,,,,,,,,,0.0,,,,,,,,,
1997-07-20,,-9999.7,,-9999.7,,28.8,-99.7,,-99.7,,,-9997,,1.2,270.0,-99.7,-999.7,,0.0,,,,,,,,,,,,,,,,,,,,,,-9997,,,,,,,,,,,,,,,,,,,,,,,,,,,,,,,,,,,,,,,,,,,,,,,,,,,,,,,,,,,,,,,,,,5.4,,,,,,,,,
1997-07-21,,-9999.7,,-9999.7,,28.8,-99.7,,-99.7,,,-9997,,0.7,292.5,-99.7,-999.7,,0.5,,,,,,,,,,,,,,,,,,,,,,-9997,,,,,,,,,,,,,,,,,,,,,,,,,,,,,,,,,,,,,,,,,,,,,,,,,,,,,,,,,,,,,,,,,,1.7,,,,,,,,,
1997-07-22,,-9999.7,,-9999.7,,29.3,-99.7,,-99.7,,,-9997,,1.5,67.5,-99.7,-999.7,,0.0,,,,,,,,,,,,,,,,,,,,,,-9997,,,,,,,,,,,,,,,,,,,,,,,,,,,,,,,,,,,,,,,,,,,,,,,,,,,,,,,,,,,,,,,,,,5.6,,,,,,,,,
1997-07-23,,-9999.7,,-9999.7,,29.4,-99.7,,-99.7,,,-9997,,1.3,45.0,-99.7,-999.7,,3.0,,,,,,,,,,,,,,,,,,,,,,-9997,,,,,,,,,,,,,,,,,,,,,,,,,,,,,,,,,,,,,,,,,,,,,,,,,,,,,,,,,,,,,,,,,,5.2,,,,,,,,,
1997-07-24,,-9999.7,,-9999.7,,28.5,-99.7,,-99.7,,,-9997,,0.9,45.0,-99.7,-999.7,,0.0,,,,,,,,,,,,,,,,,,,,,,-9997,,,,,,,,,,,,,,,,,,,,,,,,,,,,,,,,,,,,,,,,,,,,,,,,,,,,,,,,,,,,,,,,,,1.3,,,,,,,,,
1997-07-25,,-9999.7,,-9999.7,,27.9,-99.7,,-99.7,,,-9997,,1.2,22.5,-99.7,-999.7,,0.0,,,,,,,,,,,,,,,,,,,,,,-9997,,,,,,,,,,,,,,,,,,,,,,,,,,,,,,,,,,,,,,,,,,,,,,,,,,,,,,,,,,,,,,,,,,5.2,,,,,,,,,
1997-07-26,,-9999.7,,-9999.7,,28.0,-99.7,,-99.7,,,-9997,,1.0,247.5,-99.7,-999.7,,0.0,,,,,,,,,,,,,,,,,,,,,,-9997,,,,,,,,,,,,,,,,,,,,,,,,,,,,,,,,,,,,,,,,,,,,,,,,,,,,,,,,,,,,,,,,,,6.7,,,,,,,,,
1997-07-27,,-9999.7,,-9999.7,,28.9,-99.7,,-99.7,,,-9997,,1.1,247.5,-99.7,-999.7,,0.0,,,,,,,,,,,,,,,,,,,,,,-9997,,,,,,,,,,,,,,,,,,,,,,,,,,,,,,,,,,,,,,,,,,,,,,,,,,,,,,,,,,,,,,,,,,2.0,,,,,,,,,
1997-07-28,,-9999.7,,-9999.7,,29.0,-99.7,,-99.7,,,-9997,,0.7,247.5,-99.7,-999.7,,0.0,,,,,,,,,,,,,,,,,,,,,,-9997,,,,,,,,,,,,,,,,,,,,,,,,,,,,,,,,,,,,,,,,,,,,,,,,,,,,,,,,,,,,,,,,,,0.0,,,,,,,,,
1997-07-29,,-9999.7,,-9999.7,,29.7,-99.7,,-99.7,,,-9997,,0.7,247.5,-99.7,-999.7,,0.0,,,,,,,,,,,,,,,,,,,,,,-9997,,,,,,,,,,,,,,,,,,,,,,,,,,,,,,,,,,,,,,,,,,,,,,,,,,,,,,,,,,,,,,,,,,0.0,,,,,,,,,
1997-07-30,,-9999.7,,-9999.7,,30.3,-99.7,,-99.7,,,-9997,,1.0,22.5,-99.7,-999.7,,0.0,,,,,,,,,,,,,,,,,,,,,,-9997,,,,,,,,,,,,,,,,,,,,,,,,,,,,,,,,,,,,,,,,,,,,,,,,,,,,,,,,,,,,,,,,,,2.7,,,,,,,,,
1997-07-31,,-9999.7,,-9999.7,,29.6,-99.7,,-99.7,,,-9997,,0.7,247.5,-99.7,-999.7,,0.5,,,,,,,,,,,,,,,,,,,,,,-9997,,,,,,,,,,,,,,,,,,,,,,,,,,,,,,,,,,,,,,,,,,,,,,,,,,,,,,,,,,,,,,,,,,0.6,,,,,,,,,
1997-08-01,-9999.7,-9999.7,,-9999.7,,30.0,-99.7,,-99.7,,,-9997,,0.9,250.0,-99.7,-999.7,,0.0,,,,,,,,,,,,,,,,,,,,,,-9997,,,,,,,,,,,,,,,,,,,,,,,,,,,,,,,,,,,,,,,,,,,,,,,,,,,,,,,,,,,,,,,,,,2.4,,,,,,,,,
1997-08-02,-9999.7,-9999.7,,-9999.7,,29.2,-99.7,,-99.7,,,-9997,,1.7,30.0,-99.7,-999.7,,0.0,,,,,,,,,,,,,,,,,,,,,,-9997,,,,,,,,,,,,,,,,,,,,,,,,,,,,,,,,,,,,,,,,,,,,,,,,,,,,,,,,,,,,,,,,,,0.0,,,,,,,,,
1997-08-03,-9999.7,-9999.7,,-9999.7,,28.4,-99.7,,-99.7,,,-9997,,0.8,250.0,-99.7,-999.7,,2.0,,,,,,,,,,,,,,,,,,,,,,-9997,,,,,,,,,,,,,,,,,,,,,,,,,,,,,,,,,,,,,,,,,,,,,,,,,,,,,,,,,,,,,,,,,,0.0,,,,,,,,,
1997-08-04,-9999.7,-9999.7,,-9999.7,,28.5,-99.7,,-99.7,,,-9997,,0.8,250.0,-99.7,-999.7,,0.0,,,,,,,,,,,,,,,,,,,,,,-9997,,,,,,,,,,,,,,,,,,,,,,,,,,,,,,,,,,,,,,,,,,,,,,,,,,,,,,,,,,,,,,,,,,0.0,,,,,,,,,
1997-08-05,-9999.7,-9999.7,,-9999.7,,28.8,-99.7,,-99.7,,,-9997,,0.7,250.0,-99.7,-999.7,,1.0,,,,,,,,,,,,,,,,,,,,,,-9997,,,,,,,,,,,,,,,,,,,,,,,,,,,,,,,,,,,,,,,,,,,,,,,,,,,,,,,,,,,,,,,,,,0.2,,,,,,,,,
1997-08-06,-9999.7,-9999.7,,-9999.7,,30.0,-99.7,,-99.7,,,-9997,,1.8,260.0,-99.7,-999.7,,5.0,,,,,,,,,,,,,,,,,,,,,,-9997,,,,,,,,,,,,,,,,,,,,,,,,,,,,,,,,,,,,,,,,,,,,,,,,,,,,,,,,,,,,,,,,,,5.4,,,,,,,,,
1997-08-07,-9999.7,-9999.7,,-9999.7,,30.5,-99.7,,-99.7,,,-9997,,3.3,250.0,-99.7,-999.7,,0.0,,,,,,,,,,,,,,,,,,,,,,-9997,,,,,,,,,,,,,,,,,,,,,,,,,,,,,,,,,,,,,,,,,,,,,,,,,,,,,,,,,,,,,,,,,,1.3,,,,,,,,,
1997-08-08,-9999.7,-9999.7,,-9999.7,,30.7,-99.7,,-99.7,,,-9997,,2.8,250.0,-99.7,-999.7,,0.0,,,,,,,,,,,,,,,,,,,,,,-9997,,,,,,,,,,,,,,,,,,,,,,,,,,,,,,,,,,,,,,,,,,,,,,,,,,,,,,,,,,,,,,,,,,1.9,,,,,,,,,
1997-08-09,-9999.7,-9999.7,,-9999.7,,28.8,-99.7,,-99.7,,,-9997,,1.4,250.0,-99.7,-999.7,,0.0,,,,,,,,,,,,,,,,,,,,,,-9997,,,,,,,,,,,,,,,,,,,,,,,,,,,,,,,,,,,,,,,,,,,,,,,,,,,,,,,,,,,,,,,,,,0.0,,,,,,,,,
1997-08-10,-9999.7,-9999.7,,-9999.7,,27.2,-99.7,,-99.7,,,-9997,,1.0,250.0,-99.7,-999.7,,0.5,,,,,,,,,,,,,,,,,,,,,,-9997,,,,,,,,,,,,,,,,,,,,,,,,,,,,,,,,,,,,,,,,,,,,,,,,,,,,,,,,,,,,,,,,,,0.0,,,,,,,,,
1997-08-11,-9999.7,-9999.7,,-9999.7,,26.3,-99.7,,-99.7,,,-9997,,0.8,240.0,-99.7,-999.7,,4.5,,,,,,,,,,,,,,,,,,,,,,-9997,,,,,,,,,,,,,,,,,,,,,,,,,,,,,,,,,,,,,,,,,,,,,,,,,,,,,,,,,,,,,,,,,,0.0,,,,,,,,,
1997-08-12,-9999.7,-9999.7,,-9999.7,,28.9,-99.7,,-99.7,,,-9997,,1.2,250.0,-99.7,-999.7,,0.0,,,,,,,,,,,,,,,,,,,,,,-9997,,,,,,,,,,,,,,,,,,,,,,,,,,,,,,,,,,,,,,,,,,,,,,,,,,,,,,,,,,,,,,,,,,3.0,,,,,,,,,
1997-08-13,-9999.7,-9999.7,,-9999.7,,27.7,-99.7,,-99.7,,,-9997,,0.6,270.0,-99.7,-999.7,,7.0,,,,,,,,,,,,,,,,,,,,,,-9997,,,,,,,,,,,,,,,,,,,,,,,,,,,,,,,,,,,,,,,,,,,,,,,,,,,,,,,,,,,,,,,,,,0.0,,,,,,,,,
1997-08-14,-9999.7,-9999.7,,-9999.7,,28.0,-99.7,,-99.7,,,-9997,,0.8,240.0,-99.7,-999.7,,0.5,,,,,,,,,,,,,,,,,,,,,,-9997,,,,,,,,,,,,,,,,,,,,,,,,,,,,,,,,,,,,,,,,,,,,,,,,,,,,,,,,,,,,,,,,,,1.2,,,,,,,,,
1997-08-15,-9999.7,-9999.7,,-9999.7,,29.1,-99.7,,-99.7,,,-9997,,1.3,270.0,-99.7,-999.7,,0.0,,,,,,,,,,,,,,,,,,,,,,-9997,,,,,,,,,,,,,,,,,,,,,,,,,,,,,,,,,,,,,,,,,,,,,,,,,,,,,,,,,,,,,,,,,,3.6,,,,,,,,,
1997-08-16,-9999.7,-9999.7,,-9999.7,,27.6,-99.7,,-99.7,,,-9997,,1.0,290.0,-99.7,-999.7,,8.5,,,,,,,,,,,,,,,,,,,,,,-9997,,,,,,,,,,,,,,,,,,,,,,,,,,,,,,,,,,,,,,,,,,,,,,,,,,,,,,,,,,,,,,,,,,3.5,,,,,,,,,
1997-08-17,-9999.7,-9999.7,,-9999.7,,26.6,-99.7,,-99.7,,,-9997,,1.3,230.0,-99.7,-999.7,,25.5,,,,,,,,,,,,,,,,,,,,,,-9997,,,,,,,,,,,,,,,,,,,,,,,,,,,,,,,,,,,,,,,,,,,,,,,,,,,,,,,,,,,,,,,,,,0.0,,,,,,,,,
1997-08-18,-9999.7,-9999.7,,-9999.7,,25.0,-99.7,,-99.7,,,-9997,,4.7,260.0,-99.7,-999.7,,236.0,,,,,,,,,,,,,,,,,,,,,,-9997,,,,,,,,,,,,,,,,,,,,,,,,,,,,,,,,,,,,,,,,,,,,,,,,,,,,,,,,,,,,,,,,,,0.0,,,,,,,,,
1997-08-19,-9999.7,-9999.7,,-9999.7,,28.0,-99.7,,-99.7,,,-9997,,0.7,240.0,-99.7,-999.7,,1.0,,,,,,,,,,,,,,,,,,,,,,-9997,,,,,,,,,,,,,,,,,,,,,,,,,,,,,,,,,,,,,,,,,,,,,,,,,,,,,,,,,,,,,,,,,,0.4,,,,,,,,,
1997-08-20,-9999.7,-9999.7,,-9999.7,,28.7,-99.7,,-99.7,,,-9997,,1.0,50.0,-99.7,-999.7,,0.0,,,,,,,,,,,,,,,,,,,,,,-9997,,,,,,,,,,,,,,,,,,,,,,,,,,,,,,,,,,,,,,,,,,,,,,,,,,,,,,,,,,,,,,,,,,0.7,,,,,,,,,
1997-08-21,-9999.7,-9999.7,,-9999.7,,28.4,-99.7,,-99.7,,,-9997,,0.7,260.0,-99.7,-999.7,,0.0,,,,,,,,,,,,,,,,,,,,,,-9997,,,,,,,,,,,,,,,,,,,,,,,,,,,,,,,,,,,,,,,,,,,,,,,,,,,,,,,,,,,,,,,,,,1.5,,,,,,,,,
1997-08-22,-9999.7,-9999.7,,-9999.7,,28.6,-99.7,,-99.7,,,-9997,,0.8,240.0,-99.7,-999.7,,0.0,,,,,,,,,,,,,,,,,,,,,,-9997,,,,,,,,,,,,,,,,,,,,,,,,,,,,,,,,,,,,,,,,,,,,,,,,,,,,,,,,,,,,,,,,,,1.3,,,,,,,,,
1997-08-23,-9999.7,-9999.7,,-9999.7,,28.9,-99.7,,-99.7,,,-9997,,0.7,260.0,-99.7,-999.7,,0.0,,,,,,,,,,,,,,,,,,,,,,-9997,,,,,,,,,,,,,,,,,,,,,,,,,,,,,,,,,,,,,,,,,,,,,,,,,,,,,,,,,,,,,,,,,,2.4,,,,,,,,,
1997-08-24,-9999.7,-9999.7,,-9999.7,,28.5,-99.7,,-99.7,,,-9997,,0.7,250.0,-99.7,-999.7,,0.0,,,,,,,,,,,,,,,,,,,,,,-9997,,,,,,,,,,,,,,,,,,,,,,,,,,,,,,,,,,,,,,,,,,,,,,,,,,,,,,,,,,,,,,,,,,0.4,,,,,,,,,
1997-08-25,-9999.7,-9999.7,,-9999.7,,28.6,-99.7,,-99.7,,,-9997,,1.0,250.0,-99.7,-999.7,,0.0,,,,,,,,,,,,,,,,,,,,,,-9997,,,,,,,,,,,,,,,,,,,,,,,,,,,,,,,,,,,,,,,,,,,,,,,,,,,,,,,,,,,,,,,,,,3.0,,,,,,,,,
1997-08-26,-9999.7,-9999.7,,-9999.7,,29.1,-99.7,,-99.7,,,-9997,,1.9,250.0,-99.7,-999.7,,0.0,,,,,,,,,,,,,,,,,,,,,,-9997,,,,,,,,,,,,,,,,,,,,,,,,,,,,,,,,,,,,,,,,,,,,,,,,,,,,,,,,,,,,,,,,,,9.5,,,,,,,,,
1997-08-27,-9999.7,-9999.7,,-9999.7,,30.2,-99.7,,-99.7,,,-9997,,2.5,20.0,-99.7,-999.7,,0.0,,,,,,,,,,,,,,,,,,,,,,-9997,,,,,,,,,,,,,,,,,,,,,,,,,,,,,,,,,,,,,,,,,,,,,,,,,,,,,,,,,,,,,,,,,,8.1,,,,,,,,,
1997-08-28,-9999.7,-9999.7,,-9999.7,,30.0,-99.7,,-99.7,,,-9997,,3.2,50.0,-99.7,-999.7,,0.5,,,,,,,,,,,,,,,,,,,,,,-9997,,,,,,,,,,,,,,,,,,,,,,,,,,,,,,,,,,,,,,,,,,,,,,,,,,,,,,,,,,,,,,,,,,4.1,,,,,,,,,
1997-08-29,-9999.7,-9999.7,,-9999.7,,25.8,-99.7,,-99.7,,,-9997,,2.3,60.0,-99.7,-999.7,,83.0,,,,,,,,,,,,,,,,,,,,,,-9997,,,,,,,,,,,,,,,,,,,,,,,,,,,,,,,,,,,,,,,,,,,,,,,,,,,,,,,,,,,,,,,,,,0.0,,,,,,,,,
1997-08-30,-9999.7,-9999.7,,-9999.7,,28.8,-99.7,,-99.7,,,-9997,,0.8,250.0,-99.7,-999.7,,0.0,,,,,,,,,,,,,,,,,,,,,,-9997,,,,,,,,,,,,,,,,,,,,,,,,,,,,,,,,,,,,,,,,,,,,,,,,,,,,,,,,,,,,,,,,,,4.2,,,,,,,,,
1997-08-31,-9999.7,-9999.7,,-9999.7,,26.9,-99.7,,-99.7,,,-9997,,0.4,20.0,-99.7,-999.7,,53.5,,,,,,,,,,,,,,,,,,,,,,-9997,,,,,,,,,,,,,,,,,,,,,,,,,,,,,,,,,,,,,,,,,,,,,,,,,,,,,,,,,,,,,,,,,,2.3,,,,,,,,,
1997-09-01,,-9999.7,,-9999.7,,27.7,-99.7,,-99.7,,,-9997.0,,0.7,270.0,-99.7,-999.7,,5.5,,,,,,,,,,,,,,,,,,,,,,-9997.0,,,,,,,,,,,,,,,,,,,,,,,,,,,,,,,,,,,,,,,,,,,,,,,,,,,,,,,,,,,,,,,,,,4.6,,,,,,,,,
1997-09-02,,,,,,28.4,,,,,,,,0.8,247.5,,,,0.0,,,,,,,,,,,,,,,,,,,,,,,,,,,,,,,,,,,,,,,,,,,,,,,,,,,,,,,,,,,,,,,,,,,,,,,,,,,,,,,,,,,,,,,,1.6,,,,,,,,,
1997-09-03,,,,,,27.6,,,,,,,,0.8,247.5,,,,4.5,,,,,,,,,,,,,,,,,,,,,,,,,,,,,,,,,,,,,,,,,,,,,,,,,,,,,,,,,,,,,,,,,,,,,,,,,,,,,,,,,,,,,,,,4.2,,,,,,,,,
1997-09-04,,,,,,26.1,,,,,,,,0.5,247.5,,,,74.0,,,,,,,,,,,,,,,,,,,,,,,,,,,,,,,,,,,,,,,,,,,,,,,,,,,,,,,,,,,,,,,,,,,,,,,,,,,,,,,,,,,,,,,,2.2,,,,,,,,,
1997-09-05,,,,,,26.2,,,,,,,,0.6,22.5,,,,3.0,,,,,,,,,,,,,,,,,,,,,,,,,,,,,,,,,,,,,,,,,,,,,,,,,,,,,,,,,,,,,,,,,,,,,,,,,,,,,,,,,,,,,,,,0.0,,,,,,,,,
1997-09-06,,,,,,27.4,,,,,,,,0.4,22.5,,,,0.0,,,,,,,,,,,,,,,,,,,,,,,,,,,,,,,,,,,,,,,,,,,,,,,,,,,,,,,,,,,,,,,,,,,,,,,,,,,,,,,,,,,,,,,,0.0,,,,,,,,,
1997-09-07,,,,,,26.1,,,,,,,,0.7,247.5,,,,12.5,,,,,,,,,,,,,,,,,,,,,,,,,,,,,,,,,,,,,,,,,,,,,,,,,,,,,,,,,,,,,,,,,,,,,,,,,,,,,,,,,,,,,,,,0.4,,,,,,,,,
1997-09-08,,,,,,27.3,,,,,,,,0.9,22.5,,,,0.0,,,,,,,,,,,,,,,,,,,,,,,,,,,,,,,,,,,,,,,,,,,,,,,,,,,,,,,,,,,,,,,,,,,,,,,,,,,,,,,,,,,,,,,,2.7,,,,,,,,,
1997-09-09,,,,,,27.8,,,,,,,,1.2,270.0,,,,0.0,,,,,,,,,,,,,,,,,,,,,,,,,,,,,,,,,,,,,,,,,,,,,,,,,,,,,,,,,,,,,,,,,,,,,,,,,,,,,,,,,,,,,,,,2.6,,,,,,,,,
1997-09-10,,,,,,28.4,,,,,,,,0.7,270.0,,,,0.0,,,,,,,,,,,,,,,,,,,,,,,,,,,,,,,,,,,,,,,,,,,,,,,,,,,,,,,,,,,,,,,,,,,,,,,,,,,,,,,,,,,,,,,,7.1,,,,,,,,,
1997-09-11,,,,,,28.6,,,,,,,,0.7,360.0,,,,0.0,,,,,,,,,,,,,,,,,,,,,,,,,,,,,,,,,,,,,,,,,,,,,,,,,,,,,,,,,,,,,,,,,,,,,,,,,,,,,,,,,,,,,,,,8.5,,,,,,,,,
1997-09-12,,,,,,27.6,,,,,,,,1.1,22.5,,,,0.0,,,,,,,,,,,,,,,,,,,,,,,,,,,,,,,,,,,,,,,,,,,,,,,,,,,,,,,,,,,,,,,,,,,,,,,,,,,,,,,,,,,,,,,,5.9,,,,,,,,,
1997-09-13,,,,,,26.2,,,,,,,,0.9,270.0,,,,11.5,,,,,,,,,,,,,,,,,,,,,,,,,,,,,,,,,,,,,,,,,,,,,,,,,,,,,,,,,,,,,,,,,,,,,,,,,,,,,,,,,,,,,,,,1.3,,,,,,,,,
1997-09-14,,,,,,26.1,,,,,,,,1.3,22.5,,,,2.0,,,,,,,,,,,,,,,,,,,,,,,,,,,,,,,,,,,,,,,,,,,,,,,,,,,,,,,,,,,,,,,,,,,,,,,,,,,,,,,,,,,,,,,,3.0,,,,,,,,,
1997-09-15,,,,,,25.4,,,,,,,,1.3,22.5,,,,4.0,,,,,,,,,,,,,,,,,,,,,,,,,,,,,,,,,,,,,,,,,,,,,,,,,,,,,,,,,,,,,,,,,,,,,,,,,,,,,,,,,,,,,,,,7.6,,,,,,,,,
1997-09-16,,,,,,24.8,,,,,,,,1.4,22.5,,,,0.0,,,,,,,,,,,,,,,,,,,,,,,,,,,,,,,,,,,,,,,,,,,,,,,,,,,,,,,,,,,,,,,,,,,,,,,,,,,,,,,,,,,,,,,,7.5,,,,,,,,,
1997-09-17,,,,,,24.9,,,,,,,,1.0,22.5,,,,0.0,,,,,,,,,,,,,,,,,,,,,,,,,,,,,,,,,,,,,,,,,,,,,,,,,,,,,,,,,,,,,,,,,,,,,,,,,,,,,,,,,,,,,,,,4.5,,,,,,,,,
1997-09-18,,,,,,23.7,,,,,,,,0.6,45.0,,,,0.0,,,,,,,,,,,,,,,,,,,,,,,,,,,,,,,,,,,,,,,,,,,,,,,,,,,,,,,,,,,,,,,,,,,,,,,,,,,,,,,,,,,,,,,,1.1,,,,,,,,,
1997-09-19,,,,,,24.8,,,,,,,,1.6,67.5,,,,0.0,,,,,,,,,,,,,,,,,,,,,,,,,,,,,,,,,,,,,,,,,,,,,,,,,,,,,,,,,,,,,,,,,,,,,,,,,,,,,,,,,,,,,,,,7.4,,,,,,,,,
1997-09-20,,,,,,25.6,,,,,,,,2.0,45.0,,,,0.0,,,,,,,,,,,,,,,,,,,,,,,,,,,,,,,,,,,,,,,,,,,,,,,,,,,,,,,,,,,,,,,,,,,,,,,,,,,,,,,,,,,,,,,,5.9,,,,,,,,,
1997-09-21,,,,,,23.6,,,,,,,,1.5,45.0,,,,3.0,,,,,,,,,,,,,,,,,,,,,,,,,,,,,,,,,,,,,,,,,,,,,,,,,,,,,,,,,,,,,,,,,,,,,,,,,,,,,,,,,,,,,,,,0.0,,,,,,,,,
1997-09-22,,,,,,23.7,,,,,,,,1.5,67.5,,,,0.0,,,,,,,,,,,,,,,,,,,,,,,,,,,,,,,,,,,,,,,,,,,,,,,,,,,,,,,,,,,,,,,,,,,,,,,,,,,,,,,,,,,,,,,,0.1,,,,,,,,,
1997-09-23,,,,,,24.2,,,,,,,,2.3,45.0,,,,0.0,,,,,,,,,,,,,,,,,,,,,,,,,,,,,,,,,,,,,,,,,,,,,,,,,,,,,,,,,,,,,,,,,,,,,,,,,,,,,,,,,,,,,,,,3.3,,,,,,,,,
1997-09-24,,,,,,24.9,,,,,,,,2.6,45.0,,,,0.0,,,,,,,,,,,,,,,,,,,,,,,,,,,,,,,,,,,,,,,,,,,,,,,,,,,,,,,,,,,,,,,,,,,,,,,,,,,,,,,,,,,,,,,,9.5,,,,,,,,,
1997-09-25,,,,,,25.6,,,,,,,,0.6,247.5,,,,0.0,,,,,,,,,,,,,,,,,,,,,,,,,,,,,,,,,,,,,,,,,,,,,,,,,,,,,,,,,,,,,,,,,,,,,,,,,,,,,,,,,,,,,,,,8.3,,,,,,,,,
1997-09-26,,,,,,23.5,,,,,,,,0.6,67.5,,,,0.5,,,,,,,,,,,,,,,,,,,,,,,,,,,,,,,,,,,,,,,,,,,,,,,,,,,,,,,,,,,,,,,,,,,,,,,,,,,,,,,,,,,,,,,,1.2,,,,,,,,,
1997-09-27,,,,,,21.5,,,,,,,,1.5,45.0,,,,5.5,,,,,,,,,,,,,,,,,,,,,,,,,,,,,,,,,,,,,,,,,,,,,,,,,,,,,,,,,,,,,,,,,,,,,,,,,,,,,,,,,,,,,,,,0.0,,,,,,,,,
1997-09-28,,,,,,19.9,,,,,,,,2.3,22.5,,,,12.5,,,,,,,,,,,,,,,,,,,,,,,,,,,,,,,,,,,,,,,,,,,,,,,,,,,,,,,,,,,,,,,,,,,,,,,,,,,,,,,,,,,,,,,,0.0,,,,,,,,,
1997-09-29,,,,,,21.6,,,,,,,,2.4,22.5,,,,22.5,,,,,,,,,,,,,,,,,,,,,,,,,,,,,,,,,,,,,,,,,,,,,,,,,,,,,,,,,,,,,,,,,,,,,,,,,,,,,,,,,,,,,,,,0.0,,,,,,,,,
1997-09-30,,,,,,24.9,,,,,,,,2.4,22.5,,,,0.0,,,,,,,,,,,,,,,,,,,,,,,,,,,,,,,,,,,,,,,,,,,,,,,,,,,,,,,,,,,,,,,,,,,,,,,,,,,,,,,,,,,,,,,,1.3,,,,,,,,,
1997-10-01,,,,,,25.5,,,,,,,,0.9,22.5,,,,1.0,,,,,,,,,,,,,,,,,,,,,,,,,,,,,,,,,,,,,,,,,,,,,,,,,,,,,,,,,,,,,,,,,,,,,,,,,,,,,,,,,,,,,,,,0.0,,,,,,,,,
1997-10-02,,,,,,25.9,,,,,,,,1.5,22.5,,,,0.0,,,,,,,,,,,,,,,,,,,,,,,,,,,,,,,,,,,,,,,,,,,,,,,,,,,,,,,,,,,,,,,,,,,,,,,,,,,,,,,,,,,,,,,,1.7,,,,,,,,,
1997-10-03,,,,,,26.7,,,,,,,,1.8,22.5,,,,0.0,,,,,,,,,,,,,,,,,,,,,,,,,,,,,,,,,,,,,,,,,,,,,,,,,,,,,,,,,,,,,,,,,,,,,,,,,,,,,,,,,,,,,,,,9.5,,,,,,,,,
1997-10-04,,,,,,27.1,,,,,,,,0.7,270.0,,,,0.0,,,,,,,,,,,,,,,,,,,,,,,,,,,,,,,,,,,,,,,,,,,,,,,,,,,,,,,,,,,,,,,,,,,,,,,,,,,,,,,,,,,,,,,,7.3,,,,,,,,,
1997-10-05,,,,,,24.6,,,,,,,,1.6,67.5,,,,0.0,,,,,,,,,,,,,,,,,,,,,,,,,,,,,,,,,,,,,,,,,,,,,,,,,,,,,,,,,,,,,,,,,,,,,,,,,,,,,,,,,,,,,,,,0.6,,,,,,,,,
1997-10-06,,,,,,24.3,,,,,,,,2.6,45.0,,,,0.0,,,,,,,,,,,,,,,,,,,,,,,,,,,,,,,,,,,,,,,,,,,,,,,,,,,,,,,,,,,,,,,,,,,,,,,,,,,,,,,,,,,,,,,,2.9,,,,,,,,,
1997-10-07,,,,,,24.9,,,,,,,,2.8,45.0,,,,0.0,,,,,,,,,,,,,,,,,,,,,,,,,,,,,,,,,,,,,,,,,,,,,,,,,,,,,,,,,,,,,,,,,,,,,,,,,,,,,,,,,,,,,,,,6.7,,,,,,,,,
1997-10-08,,,,,,24.8,,,,,,,,3.0,45.0,,,,0.0,,,,,,,,,,,,,,,,,,,,,,,,,,,,,,,,,,,,,,,,,,,,,,,,,,,,,,,,,,,,,,,,,,,,,,,,,,,,,,,,,,,,,,,,7.5,,,,,,,,,
1997-10-09,,,,,,25.5,,,,,,,,2.0,45.0,,,,0.0,,,,,,,,,,,,,,,,,,,,,,,,,,,,,,,,,,,,,,,,,,,,,,,,,,,,,,,,,,,,,,,,,,,,,,,,,,,,,,,,,,,,,,,,0.5,,,,,,,,,
1997-10-10,,,,,,22.6,,,,,,,,1.1,247.5,,,,8.5,,,,,,,,,,,,,,,,,,,,,,,,,,,,,,,,,,,,,,,,,,,,,,,,,,,,,,,,,,,,,,,,,,,,,,,,,,,,,,,,,,,,,,,,0.0,,,,,,,,,
1997-10-11,,,,,,23.7,,,,,,,,1.2,45.0,,,,0.5,,,,,,,,,,,,,,,,,,,,,,,,,,,,,,,,,,,,,,,,,,,,,,,,,,,,,,,,,,,,,,,,,,,,,,,,,,,,,,,,,,,,,,,,0.5,,,,,,,,,
1997-10-12,,,,,,25.3,,,,,,,,2.6,22.5,,,,0.0,,,,,,,,,,,,,,,,,,,,,,,,,,,,,,,,,,,,,,,,,,,,,,,,,,,,,,,,,,,,,,,,,,,,,,,,,,,,,,,,,,,,,,,,4.1,,,,,,,,,
1997-10-13,,,,,,25.7,,,,,,,,0.4,247.5,,,,0.0,,,,,,,,,,,,,,,,,,,,,,,,,,,,,,,,,,,,,,,,,,,,,,,,,,,,,,,,,,,,,,,,,,,,,,,,,,,,,,,,,,,,,,,,6.5,,,,,,,,,
1997-10-14,,,,,,25.4,,,,,,,,0.2,337.5,,,,0.0,,,,,,,,,,,,,,,,,,,,,,,,,,,,,,,,,,,,,,,,,,,,,,,,,,,,,,,,,,,,,,,,,,,,,,,,,,,,,,,,,,,,,,,,0.2,,,,,,,,,
1997-10-15,,,,,,26.0,,,,,,,,0.4,247.5,,,,0.0,,,,,,,,,,,,,,,,,,,,,,,,,,,,,,,,,,,,,,,,,,,,,,,,,,,,,,,,,,,,,,,,,,,,,,,,,,,,,,,,,,,,,,,,7.1,,,,,,,,,
1997-10-16,,,,,,25.9,,,,,,,,2.8,45.0,,,,0.0,,,,,,,,,,,,,,,,,,,,,,,,,,,,,,,,,,,,,,,,,,,,,,,,,,,,,,,,,,,,,,,,,,,,,,,,,,,,,,,,,,,,,,,,8.4,,,,,,,,,
1997-10-17,,,,,,25.0,,,,,,,,3.0,45.0,,,,0.0,,,,,,,,,,,,,,,,,,,,,,,,,,,,,,,,,,,,,,,,,,,,,,,,,,,,,,,,,,,,,,,,,,,,,,,,,,,,,,,,,,,,,,,,1.3,,,,,,,,,
1997-10-18,,,,,,24.3,,,,,,,,3.0,45.0,,,,0.0,,,,,,,,,,,,,,,,,,,,,,,,,,,,,,,,,,,,,,,,,,,,,,,,,,,,,,,,,,,,,,,,,,,,,,,,,,,,,,,,,,,,,,,,5.7,,,,,,,,,
1997-10-19,,,,,,25.9,,,,,,,,3.2,45.0,,,,0.0,,,,,,,,,,,,,,,,,,,,,,,,,,,,,,,,,,,,,,,,,,,,,,,,,,,,,,,,,,,,,,,,,,,,,,,,,,,,,,,,,,,,,,,,9.2,,,,,,,,,
1997-10-20,,,,,,26.9,,,,,,,,3.0,45.0,,,,0.0,,,,,,,,,,,,,,,,,,,,,,,,,,,,,,,,,,,,,,,,,,,,,,,,,,,,,,,,,,,,,,,,,,,,,,,,,,,,,,,,,,,,,,,,8.3,,,,,,,,,
1997-10-21,,,,,,26.4,,,,,,,,2.7,45.0,,,,0.0,,,,,,,,,,,,,,,,,,,,,,,,,,,,,,,,,,,,,,,,,,,,,,,,,,,,,,,,,,,,,,,,,,,,,,,,,,,,,,,,,,,,,,,,0.5,,,,,,,,,
1997-10-22,,,,,,25.6,,,,,,,,1.3,22.5,,,,0.0,,,,,,,,,,,,,,,,,,,,,,,,,,,,,,,,,,,,,,,,,,,,,,,,,,,,,,,,,,,,,,,,,,,,,,,,,,,,,,,,,,,,,,,,6.4,,,,,,,,,
1997-10-23,,,,,,23.7,,,,,,,,1.2,22.5,,,,0.0,,,,,,,,,,,,,,,,,,,,,,,,,,,,,,,,,,,,,,,,,,,,,,,,,,,,,,,,,,,,,,,,,,,,,,,,,,,,,,,,,,,,,,,,8.5,,,,,,,,,
1997-10-24,,,,,,22.8,,,,,,,,1.5,270.0,,,,0.0,,,,,,,,,,,,,,,,,,,,,,,,,,,,,,,,,,,,,,,,,,,,,,,,,,,,,,,,,,,,,,,,,,,,,,,,,,,,,,,,,,,,,,,,9.1,,,,,,,,,
1997-10-25,,,,,,24.6,,,,,,,,2.0,45.0,,,,0.0,,,,,,,,,,,,,,,,,,,,,,,,,,,,,,,,,,,,,,,,,,,,,,,,,,,,,,,,,,,,,,,,,,,,,,,,,,,,,,,,,,,,,,,,9.0,,,,,,,,,
1997-10-26,,,,,,24.3,,,,,,,,1.4,22.5,,,,0.0,,,,,,,,,,,,,,,,,,,,,,,,,,,,,,,,,,,,,,,,,,,,,,,,,,,,,,,,,,,,,,,,,,,,,,,,,,,,,,,,,,,,,,,,5.5,,,,,,,,,
1997-10-27,,,,,,20.8,,,,,,,,2.0,67.5,,,,0.0,,,,,,,,,,,,,,,,,,,,,,,,,,,,,,,,,,,,,,,,,,,,,,,,,,,,,,,,,,,,,,,,,,,,,,,,,,,,,,,,,,,,,,,,0.0,,,,,,,,,
1997-10-28,,,,,,20.8,,,,,,,,2.2,45.0,,,,3.0,,,,,,,,,,,,,,,,,,,,,,,,,,,,,,,,,,,,,,,,,,,,,,,,,,,,,,,,,,,,,,,,,,,,,,,,,,,,,,,,,,,,,,,,0.0,,,,,,,,,
1997-10-29,,,,,,20.8,,,,,,,,1.5,45.0,,,,20.0,,,,,,,,,,,,,,,,,,,,,,,,,,,,,,,,,,,,,,,,,,,,,,,,,,,,,,,,,,,,,,,,,,,,,,,,,,,,,,,,,,,,,,,,0.0,,,,,,,,,
1997-10-30,,,,,,20.2,,,,,,,,1.6,67.5,,,,0.0,,,,,,,,,,,,,,,,,,,,,,,,,,,,,,,,,,,,,,,,,,,,,,,,,,,,,,,,,,,,,,,,,,,,,,,,,,,,,,,,,,,,,,,,0.4,,,,,,,,,
1997-10-31,,,,,,19.3,,,,,,,,1.6,67.5,,,,0.0,,,,,,,,,,,,,,,,,,,,,,,,,,,,,,,,,,,,,,,,,,,,,,,,,,,,,,,,,,,,,,,,,,,,,,,,,,,,,,,,,,,,,,,,0.0,,,,,,,,,
1997-11-01,,,,,,19.8,,,,,,,,2.2,67.5,,,,0.0,,,,,,,,,,,,,,,,,,,,,,,,,,,,,,,,,,,,,,,,,,,,,,,,,,,,,,,,,,,,,,,,,,,,,,,,,,,,,,,,,,,,,,,,1.9,,,,,,,,,
1997-11-02,,,,,,22.3,,,,,,,,2.7,45.0,,,,0.0,,,,,,,,,,,,,,,,,,,,,,,,,,,,,,,,,,,,,,,,,,,,,,,,,,,,,,,,,,,,,,,,,,,,,,,,,,,,,,,,,,,,,,,,9.1,,,,,,,,,
1997-11-03,,,,,,24.1,,,,,,,,2.6,45.0,,,,0.0,,,,,,,,,,,,,,,,,,,,,,,,,,,,,,,,,,,,,,,,,,,,,,,,,,,,,,,,,,,,,,,,,,,,,,,,,,,,,,,,,,,,,,,,8.9,,,,,,,,,
1997-11-04,,,,,,21.1,,,,,,,,1.2,22.5,,,,0.0,,,,,,,,,,,,,,,,,,,,,,,,,,,,,,,,,,,,,,,,,,,,,,,,,,,,,,,,,,,,,,,,,,,,,,,,,,,,,,,,,,,,,,,,0.0,,,,,,,,,
1997-11-05,,,,,,17.2,,,,,,,,1.4,45.0,,,,0.0,,,,,,,,,,,,,,,,,,,,,,,,,,,,,,,,,,,,,,,,,,,,,,,,,,,,,,,,,,,,,,,,,,,,,,,,,,,,,,,,,,,,,,,,5.6,,,,,,,,,
1997-11-06,,,,,,20.7,,,,,,,,2.2,22.5,,,,0.0,,,,,,,,,,,,,,,,,,,,,,,,,,,,,,,,,,,,,,,,,,,,,,,,,,,,,,,,,,,,,,,,,,,,,,,,,,,,,,,,,,,,,,,,7.3,,,,,,,,,
1997-11-07,,,,,,21.0,,,,,,,,1.8,22.5,,,,0.0,,,,,,,,,,,,,,,,,,,,,,,,,,,,,,,,,,,,,,,,,,,,,,,,,,,,,,,,,,,,,,,,,,,,,,,,,,,,,,,,,,,,,,,,8.1,,,,,,,,,
1997-11-08,,,,,,21.7,,,,,,,,2.2,45.0,,,,0.0,,,,,,,,,,,,,,,,,,,,,,,,,,,,,,,,,,,,,,,,,,,,,,,,,,,,,,,,,,,,,,,,,,,,,,,,,,,,,,,,,,,,,,,,8.7,,,,,,,,,
1997-11-09,,,,,,23.4,,,,,,,,2.3,45.0,,,,0.0,,,,,,,,,,,,,,,,,,,,,,,,,,,,,,,,,,,,,,,,,,,,,,,,,,,,,,,,,,,,,,,,,,,,,,,,,,,,,,,,,,,,,,,,7.4,,,,,,,,,
1997-11-10,,,,,,24.8,,,,,,,,2.1,45.0,,,,0.0,,,,,,,,,,,,,,,,,,,,,,,,,,,,,,,,,,,,,,,,,,,,,,,,,,,,,,,,,,,,,,,,,,,,,,,,,,,,,,,,,,,,,,,,9.9,,,,,,,,,
1997-11-11,,,,,,24.1,,,,,,,,1.3,247.5,,,,0.0,,,,,,,,,,,,,,,,,,,,,,,,,,,,,,,,,,,,,,,,,,,,,,,,,,,,,,,,,,,,,,,,,,,,,,,,,,,,,,,,,,,,,,,,9.4,,,,,,,,,
1997-11-12,,,,,,23.4,,,,,,,,0.7,270.0,,,,0.0,,,,,,,,,,,,,,,,,,,,,,,,,,,,,,,,,,,,,,,,,,,,,,,,,,,,,,,,,,,,,,,,,,,,,,,,,,,,,,,,,,,,,,,,9.7,,,,,,,,,
1997-11-13,,,,,,23.4,,,,,,,,0.4,247.5,,,,0.0,,,,,,,,,,,,,,,,,,,,,,,,,,,,,,,,,,,,,,,,,,,,,,,,,,,,,,,,,,,,,,,,,,,,,,,,,,,,,,,,,,,,,,,,9.2,,,,,,,,,
1997-11-14,,,,,,24.1,,,,,,,,0.7,225.0,,,,0.0,,,,,,,,,,,,,,,,,,,,,,,,,,,,,,,,,,,,,,,,,,,,,,,,,,,,,,,,,,,,,,,,,,,,,,,,,,,,,,,,,,,,,,,,5.6,,,,,,,,,
1997-11-15,,,,,,23.9,,,,,,,,0.9,247.5,,,,0.0,,,,,,,,,,,,,,,,,,,,,,,,,,,,,,,,,,,,,,,,,,,,,,,,,,,,,,,,,,,,,,,,,,,,,,,,,,,,,,,,,,,,,,,,1.2,,,,,,,,,
1997-11-16,,,,,,23.4,,,,,,,,1.1,247.5,,,,0.5,,,,,,,,,,,,,,,,,,,,,,,,,,,,,,,,,,,,,,,,,,,,,,,,,,,,,,,,,,,,,,,,,,,,,,,,,,,,,,,,,,,,,,,,5.0,,,,,,,,,
1997-11-17,,,,,,16.0,,,,,,,,2.4,67.5,,,,2.0,,,,,,,,,,,,,,,,,,,,,,,,,,,,,,,,,,,,,,,,,,,,,,,,,,,,,,,,,,,,,,,,,,,,,,,,,,,,,,,,,,,,,,,,0.0,,,,,,,,,
1997-11-18,,,,,,16.3,,,,,,,,2.0,67.5,,,,0.0,,,,,,,,,,,,,,,,,,,,,,,,,,,,,,,,,,,,,,,,,,,,,,,,,,,,,,,,,,,,,,,,,,,,,,,,,,,,,,,,,,,,,,,,0.0,,,,,,,,,
1997-11-19,,,,,,21.5,,,,,,,,2.5,45.0,,,,0.0,,,,,,,,,,,,,,,,,,,,,,,,,,,,,,,,,,,,,,,,,,,,,,,,,,,,,,,,,,,,,,,,,,,,,,,,,,,,,,,,,,,,,,,,8.6,,,,,,,,,
1997-11-20,,,,,,22.6,,,,,,,,1.4,22.5,,,,0.0,,,,,,,,,,,,,,,,,,,,,,,,,,,,,,,,,,,,,,,,,,,,,,,,,,,,,,,,,,,,,,,,,,,,,,,,,,,,,,,,,,,,,,,,7.3,,,,,,,,,
1997-11-21,,,,,,22.7,,,,,,,,1.0,270.0,,,,0.0,,,,,,,,,,,,,,,,,,,,,,,,,,,,,,,,,,,,,,,,,,,,,,,,,,,,,,,,,,,,,,,,,,,,,,,,,,,,,,,,,,,,,,,,7.0,,,,,,,,,
1997-11-22,,,,,,20.7,,,,,,,,1.0,67.5,,,,0.0,,,,,,,,,,,,,,,,,,,,,,,,,,,,,,,,,,,,,,,,,,,,,,,,,,,,,,,,,,,,,,,,,,,,,,,,,,,,,,,,,,,,,,,,0.4,,,,,,,,,
1997-11-23,,,,,,20.3,,,,,,,,2.0,67.5,,,,0.0,,,,,,,,,,,,,,,,,,,,,,,,,,,,,,,,,,,,,,,,,,,,,,,,,,,,,,,,,,,,,,,,,,,,,,,,,,,,,,,,,,,,,,,,0.2,,,,,,,,,
1997-11-24,,,,,,22.8,,,,,,,,0.7,247.5,,,,0.0,,,,,,,,,,,,,,,,,,,,,,,,,,,,,,,,,,,,,,,,,,,,,,,,,,,,,,,,,,,,,,,,,,,,,,,,,,,,,,,,,,,,,,,,4.2,,,,,,,,,
1997-11-25,,,,,,23.8,,,,,,,,0.5,247.5,,,,0.0,,,,,,,,,,,,,,,,,,,,,,,,,,,,,,,,,,,,,,,,,,,,,,,,,,,,,,,,,,,,,,,,,,,,,,,,,,,,,,,,,,,,,,,,4.9,,,,,,,,,
1997-11-26,,,,,,20.7,,,,,,,,1.1,22.5,,,,42.5,,,,,,,,,,,,,,,,,,,,,,,,,,,,,,,,,,,,,,,,,,,,,,,,,,,,,,,,,,,,,,,,,,,,,,,,,,,,,,,,,,,,,,,,0.4,,,,,,,,,
1997-11-27,,,,,,24.0,,,,,,,,2.4,22.5,,,,0.0,,,,,,,,,,,,,,,,,,,,,,,,,,,,,,,,,,,,,,,,,,,,,,,,,,,,,,,,,,,,,,,,,,,,,,,,,,,,,,,,,,,,,,,,7.6,,,,,,,,,
1997-11-28,,,,,,23.7,,,,,,,,0.7,247.5,,,,0.0,,,,,,,,,,,,,,,,,,,,,,,,,,,,,,,,,,,,,,,,,,,,,,,,,,,,,,,,,,,,,,,,,,,,,,,,,,,,,,,,,,,,,,,,5.3,,,,,,,,,
1997-11-29,,,,,,21.6,,,,,,,,1.3,67.5,,,,0.0,,,,,,,,,,,,,,,,,,,,,,,,,,,,,,,,,,,,,,,,,,,,,,,,,,,,,,,,,,,,,,,,,,,,,,,,,,,,,,,,,,,,,,,,0.5,,,,,,,,,
1997-11-30,,,,,,20.1,,,,,,,,3.7,22.5,,,,0.0,,,,,,,,,,,,,,,,,,,,,,,,,,,,,,,,,,,,,,,,,,,,,,,,,,,,,,,,,,,,,,,,,,,,,,,,,,,,,,,,,,,,,,,,2.1,,,,,,,,,
1997-12-01,,,,,,20.5,,,,,,,,1.9,22.5,,,,14.0,,,,,,,,,,,,,,,,,,,,,,,,,,,,,,,,,,,,,,,,,,,,,,,,,,,,,,,,,,,,,,,,,,,,,,,,,,,,,,,,,,,,,,,,0.1,,,,,,,,,
1997-12-02,,,,,,14.6,,,,,,,,1.9,67.5,,,,6.5,,,,,,,,,,,,,,,,,,,,,,,,,,,,,,,,,,,,,,,,,,,,,,,,,,,,,,,,,,,,,,,,,,,,,,,,,,,,,,,,,,,,,,,,0.0,,,,,,,,,
1997-12-03,,,,,,15.3,,,,,,,,2.7,45.0,,,,6.0,,,,,,,,,,,,,,,,,,,,,,,,,,,,,,,,,,,,,,,,,,,,,,,,,,,,,,,,,,,,,,,,,,,,,,,,,,,,,,,,,,,,,,,,0.0,,,,,,,,,
1997-12-04,,,,,,19.9,,,,,,,,1.3,22.5,,,,0.0,,,,,,,,,,,,,,,,,,,,,,,,,,,,,,,,,,,,,,,,,,,,,,,,,,,,,,,,,,,,,,,,,,,,,,,,,,,,,,,,,,,,,,,,2.8,,,,,,,,,
1997-12-05,,,,,,21.7,,,,,,,,1.0,270.0,,,,0.0,,,,,,,,,,,,,,,,,,,,,,,,,,,,,,,,,,,,,,,,,,,,,,,,,,,,,,,,,,,,,,,,,,,,,,,,,,,,,,,,,,,,,,,,8.4,,,,,,,,,
1997-12-06,,,,,,22.0,,,,,,,,0.6,270.0,,,,0.0,,,,,,,,,,,,,,,,,,,,,,,,,,,,,,,,,,,,,,,,,,,,,,,,,,,,,,,,,,,,,,,,,,,,,,,,,,,,,,,,,,,,,,,,6.8,,,,,,,,,
1997-12-07,,,,,,18.8,,,,,,,,1.1,67.5,,,,35.0,,,,,,,,,,,,,,,,,,,,,,,,,,,,,,,,,,,,,,,,,,,,,,,,,,,,,,,,,,,,,,,,,,,,,,,,,,,,,,,,,,,,,,,,0.0,,,,,,,,,
1997-12-08,,,,,,13.6,,,,,,,,1.6,22.5,,,,12.5,,,,,,,,,,,,,,,,,,,,,,,,,,,,,,,,,,,,,,,,,,,,,,,,,,,,,,,,,,,,,,,,,,,,,,,,,,,,,,,,,,,,,,,,0.0,,,,,,,,,
1997-12-09,,,,,,12.5,,,,,,,,0.9,67.5,,,,0.5,,,,,,,,,,,,,,,,,,,,,,,,,,,,,,,,,,,,,,,,,,,,,,,,,,,,,,,,,,,,,,,,,,,,,,,,,,,,,,,,,,,,,,,,0.0,,,,,,,,,
1997-12-10,,,,,,12.1,,,,,,,,0.9,67.5,,,,1.0,,,,,,,,,,,,,,,,,,,,,,,,,,,,,,,,,,,,,,,,,,,,,,,,,,,,,,,,,,,,,,,,,,,,,,,,,,,,,,,,,,,,,,,,0.0,,,,,,,,,
1997-12-11,,,,,,11.9,,,,,,,,2.2,67.5,,,,5.5,,,,,,,,,,,,,,,,,,,,,,,,,,,,,,,,,,,,,,,,,,,,,,,,,,,,,,,,,,,,,,,,,,,,,,,,,,,,,,,,,,,,,,,,0.0,,,,,,,,,
1997-12-12,,,,,,14.6,,,,,,,,2.1,45.0,,,,2.0,,,,,,,,,,,,,,,,,,,,,,,,,,,,,,,,,,,,,,,,,,,,,,,,,,,,,,,,,,,,,,,,,,,,,,,,,,,,,,,,,,,,,,,,0.0,,,,,,,,,
1997-12-13,,,,,,14.8,,,,,,,,1.1,45.0,,,,1.5,,,,,,,,,,,,,,,,,,,,,,,,,,,,,,,,,,,,,,,,,,,,,,,,,,,,,,,,,,,,,,,,,,,,,,,,,,,,,,,,,,,,,,,,0.0,,,,,,,,,
1997-12-14,,,,,,18.0,,,,,,,,1.8,45.0,,,,0.0,,,,,,,,,,,,,,,,,,,,,,,,,,,,,,,,,,,,,,,,,,,,,,,,,,,,,,,,,,,,,,,,,,,,,,,,,,,,,,,,,,,,,,,,0.1,,,,,,,,,
1997-12-15,,,,,,19.1,,,,,,,,2.1,45.0,,,,0.0,,,,,,,,,,,,,,,,,,,,,,,,,,,,,,,,,,,,,,,,,,,,,,,,,,,,,,,,,,,,,,,,,,,,,,,,,,,,,,,,,,,,,,,,0.4,,,,,,,,,
1997-12-16,,,,,,20.7,,,,,,,,0.5,22.5,,,,0.0,,,,,,,,,,,,,,,,,,,,,,,,,,,,,,,,,,,,,,,,,,,,,,,,,,,,,,,,,,,,,,,,,,,,,,,,,,,,,,,,,,,,,,,,7.5,,,,,,,,,
1997-12-17,,,,,,20.0,,,,,,,,0.5,67.5,,,,0.0,,,,,,,,,,,,,,,,,,,,,,,,,,,,,,,,,,,,,,,,,,,,,,,,,,,,,,,,,,,,,,,,,,,,,,,,,,,,,,,,,,,,,,,,1.0,,,,,,,,,
1997-12-18,,,,,,20.1,,,,,,,,3.0,45.0,,,,0.0,,,,,,,,,,,,,,,,,,,,,,,,,,,,,,,,,,,,,,,,,,,,,,,,,,,,,,,,,,,,,,,,,,,,,,,,,,,,,,,,,,,,,,,,2.4,,,,,,,,,
1997-12-19,,,,,,21.9,,,,,,,,0.3,247.5,,,,0.0,,,,,,,,,,,,,,,,,,,,,,,,,,,,,,,,,,,,,,,,,,,,,,,,,,,,,,,,,,,,,,,,,,,,,,,,,,,,,,,,,,,,,,,,5.0,,,,,,,,,
1997-12-20,,,,,,21.3,,,,,,,,1.0,45.0,,,,0.0,,,,,,,,,,,,,,,,,,,,,,,,,,,,,,,,,,,,,,,,,,,,,,,,,,,,,,,,,,,,,,,,,,,,,,,,,,,,,,,,,,,,,,,,1.4,,,,,,,,,
1997-12-21,,,,,,20.5,,,,,,,,2.2,45.0,,,,0.0,,,,,,,,,,,,,,,,,,,,,,,,,,,,,,,,,,,,,,,,,,,,,,,,,,,,,,,,,,,,,,,,,,,,,,,,,,,,,,,,,,,,,,,,2.0,,,,,,,,,
1997-12-22,,,,,,18.3,,,,,,,,0.8,67.5,,,,3.0,,,,,,,,,,,,,,,,,,,,,,,,,,,,,,,,,,,,,,,,,,,,,,,,,,,,,,,,,,,,,,,,,,,,,,,,,,,,,,,,,,,,,,,,0.0,,,,,,,,,
1997-12-23,,,,,,16.6,,,,,,,,0.6,22.5,,,,6.0,,,,,,,,,,,,,,,,,,,,,,,,,,,,,,,,,,,,,,,,,,,,,,,,,,,,,,,,,,,,,,,,,,,,,,,,,,,,,,,,,,,,,,,,0.0,,,,,,,,,
1997-12-24,,,,,,17.4,,,,,,,,0.7,67.5,,,,0.0,,,,,,,,,,,,,,,,,,,,,,,,,,,,,,,,,,,,,,,,,,,,,,,,,,,,,,,,,,,,,,,,,,,,,,,,,,,,,,,,,,,,,,,,1.3,,,,,,,,,
1997-12-25,,,,,,19.3,,,,,,,,1.9,45.0,,,,0.0,,,,,,,,,,,,,,,,,,,,,,,,,,,,,,,,,,,,,,,,,,,,,,,,,,,,,,,,,,,,,,,,,,,,,,,,,,,,,,,,,,,,,,,,4.4,,,,,,,,,
1997-12-26,,,,,,20.1,,,,,,,,0.8,22.5,,,,0.0,,,,,,,,,,,,,,,,,,,,,,,,,,,,,,,,,,,,,,,,,,,,,,,,,,,,,,,,,,,,,,,,,,,,,,,,,,,,,,,,,,,,,,,,8.5,,,,,,,,,
1997-12-27,,,,,,20.2,,,,,,,,1.7,67.5,,,,2.5,,,,,,,,,,,,,,,,,,,,,,,,,,,,,,,,,,,,,,,,,,,,,,,,,,,,,,,,,,,,,,,,,,,,,,,,,,,,,,,,,,,,,,,,6.7,,,,,,,,,
1997-12-28,,,,,,22.0,,,,,,,,2.1,22.5,,,,0.0,,,,,,,,,,,,,,,,,,,,,,,,,,,,,,,,,,,,,,,,,,,,,,,,,,,,,,,,,,,,,,,,,,,,,,,,,,,,,,,,,,,,,,,,4.4,,,,,,,,,
1997-12-29,,,,,,20.7,,,,,,,,0.6,270.0,,,,0.0,,,,,,,,,,,,,,,,,,,,,,,,,,,,,,,,,,,,,,,,,,,,,,,,,,,,,,,,,,,,,,,,,,,,,,,,,,,,,,,,,,,,,,,,3.3,,,,,,,,,
1997-12-30,,,,,,18.0,,,,,,,,1.3,67.5,,,,5.5,,,,,,,,,,,,,,,,,,,,,,,,,,,,,,,,,,,,,,,,,,,,,,,,,,,,,,,,,,,,,,,,,,,,,,,,,,,,,,,,,,,,,,,,0.0,,,,,,,,,
1997-12-31,,,,,,19.8,,,,,,,,1.9,45.0,,,,0.0,,,,,,,,,,,,,,,,,,,,,,,,,,,,,,,,,,,,,,,,,,,,,,,,,,,,,,,,,,,,,,,,,,,,,,,,,,,,,,,,,,,,,,,,8.6,,,,,,,,,
