,StnPres,Tx,RH,WS,WD,WSGust,WDGust,Precp,GloblRad,TxSoil0cm,TxSoil5cm,TxSoil20cm,TxSoil50cm,TxSoil100cm,AirTemperature.Instantaneousf,GlobalSolarRadiation.Accumulationf,PeakGust.Directionf,PeakGust.MaximumTime,PeakGust.MaximumTimef,PeakGust.Maximumf,Precipitation.Accumulationf,Precipitation.MeltFlag,Precipitation.MeltFlagf,RelativeHumidity.Instantaneousf,SoilTemperatureAt0cm.Instantaneousf,SoilTemperatureAt100cm.Instantaneousf,SoilTemperatureAt10cm.Instantaneousf,SoilTemperatureAt20cm.Instantaneousf,SoilTemperatureAt50cm.Instantaneousf,SoilTemperatureAt5cm.Instantaneousf,StationPressure.Instantaneousf,SunShine,SunshineDuration.Totalf,TxSoil10cm,WindDirection.Meanf,WindSpeed.Meanf
2017-01-01 01:00:00,1006.8,17.2,91.0,1.3,64.0,2.1,43.0,0.0,,,,,,,,,,2017-01-01T00:38:00,,,,,,,,,,,,,,,,,,
2017-01-01 02:00:00,1006.4,17.2,91.0,1.2,50.0,2.4,77.0,0.0,,,,,,,,,,2017-01-01T01:43:00,,,,,,,,,,,,,,,,,,
2017-01-01 03:00:00,1005.8,17.1,91.0,1.2,55.0,2.6,74.0,0.0,,,,,,,,,,2017-01-01T02:22:00,,,,,,,,,,,,,,,,,,
2017-01-01 04:00:00,1005.6,16.4,93.0,0.7,75.0,2.7,54.0,0.0,,,,,,,,,,2017-01-01T03:09:00,,,,,,,,,,,,,,,,,,
2017-01-01 05:00:00,1005.7,16.4,93.0,1.0,43.0,2.1,68.0,0.0,,,,,,,,,,2017-01-01T04:44:00,,,,,,,,,,,,,,,,,,
2017-01-01 06:00:00,1006.2,16.6,92.0,0.8,33.0,2.1,49.0,0.0,,,,,,,,,,2017-01-01T05:08:00,,,,,,,,,,,,,,,,,,
2017-01-01 07:00:00,1006.9,16.4,92.0,0.3,14.0,2.6,66.0,0.0,,,,,,,,,,2017-01-01T06:08:00,,,,,,,,,,,,,,,,,,
2017-01-01 08:00:00,1007.5,17.5,88.0,1.6,61.0,3.0,69.0,0.0,,,,,,,,,,2017-01-01T07:40:00,,,,,,,,,,,,,,,,,,
2017-01-01 09:00:00,1007.7,20.3,77.0,1.6,53.0,3.3,78.0,0.0,,,,,,,,,,2017-01-01T08:50:00,,,,,,,,,,,,,,,,,,
2017-01-01 10:00:00,1007.4,23.1,66.0,0.6,3.0,3.4,67.0,0.0,,,,,,,,,,2017-01-01T09:26:00,,,,,,,,,,,,,,,,,,
2017-01-01 11:00:00,1006.7,25.1,58.0,0.7,292.0,2.9,200.0,0.0,,,,,,,,,,2017-01-01T10:28:00,,,,,,,,,,,,,,,,,,
2017-01-01 12:00:00,1005.6,27.5,53.0,1.8,233.0,3.7,222.0,0.0,,,,,,,,,,2017-01-01T11:54:00,,,,,,,,,,,,,,,,,,
2017-01-01 13:00:00,1004.7,27.5,51.0,1.4,253.0,4.2,208.0,0.0,,,,,,,,,,2017-01-01T12:12:00,,,,,,,,,,,,,,,,,,
2017-01-01 14:00:00,1004.0,26.4,56.0,2.1,284.0,4.4,283.0,0.0,,,,,,,,,,2017-01-01T13:02:00,,,,,,,,,,,,,,,,,,
2017-01-01 15:00:00,1003.5,25.7,57.0,0.8,315.0,4.9,277.0,0.0,,,,,,,,,,2017-01-01T14:05:00,,,,,,,,,,,,,,,,,,
2017-01-01 16:00:00,1003.5,25.4,59.0,2.0,271.0,3.8,279.0,0.0,,,,,,,,,,2017-01-01T15:28:00,,,,,,,,,,,,,,,,,,
2017-01-01 17:00:00,1003.7,23.5,71.0,1.4,240.0,3.7,286.0,0.0,,,,,,,,,,2017-01-01T16:15:00,,,,,,,,,,,,,,,,,,
2017-01-01 18:00:00,1004.3,21.7,79.0,0.8,235.0,2.9,248.0,0.0,,,,,,,,,,2017-01-01T17:12:00,,,,,,,,,,,,,,,,,,
2017-01-01 19:00:00,1004.9,21.4,80.0,0.4,183.0,2.2,187.0,0.0,,,,,,,,,,2017-01-01T18:19:00,,,,,,,,,,,,,,,,,,
2017-01-01 20:00:00,1005.5,20.4,85.0,1.5,158.0,2.5,164.0,0.0,,,,,,,,,,2017-01-01T19:59:00,,,,,,,,,,,,,,,,,,
2017-01-01 21:00:00,1005.8,19.6,89.0,0.6,266.0,2.3,154.0,0.0,,,,,,,,,,2017-01-01T20:01:00,,,,,,,,,,,,,,,,,,
2017-01-01 22:00:00,1006.0,19.3,91.0,0.5,6.0,1.7,13.0,0.0,,,,,,,,,,2017-01-01T21:54:00,,,,,,,,,,,,,,,,,,
2017-01-01 23:00:00,1005.7,19.0,92.0,0.0,0.0,1.1,113.0,0.0,,,,,,,,,,2017-01-01T22:35:00,,,,,,,,,,,,,,,,,,
2017-01-02 00:00:00,1005.6,19.2,92.0,0.3,251.0,1.1,215.0,0.0,,,,,,,,,,2017-01-01T23:34:00,,,,,,,,,,,,,,,,,,
2017-01-02 01:00:00,1005.6,19.0,93.0,0.8,67.0,2.1,23.0,0.0,,,,,,,,,,2017-01-02T00:27:00,,,,,,,,,,,,,,,,,,
2017-01-02 02:00:00,1005.3,19.0,93.0,0.0,0.0,1.3,11.0,0.0,,,,,,,,,,2017-01-02T01:11:00,,,,,,,,,,,,,,,,,,
2017-01-02 03:00:00,1005.1,18.2,94.0,1.0,96.0,1.5,115.0,0.0,,,,,,,,,,2017-01-02T03:00:00,,,,,,,,,,,,,,,,,,
2017-01-02 04:00:00,1004.9,17.6,95.0,0.5,189.0,1.1,102.0,0.0,,,,,,,,,,2017-01-02T03:03:00,,,,,,,,,,,,,,,,,,
2017-01-02 05:00:00,1004.6,17.0,96.0,0.8,337.0,1.2,102.0,0.0,,,,,,,,,,2017-01-02T04:35:00,,,,,,,,,,,,,,,,,,
2017-01-02 06:00:00,1005.1,16.1,96.0,0.1,0.0,1.2,335.0,0.0,,,,,,,,,,2017-01-02T05:01:00,,,,,,,,,,,,,,,,,,
2017-01-02 07:00:00,1005.7,16.4,97.0,0.3,229.0,1.1,101.0,0.0,,,,,,,,,,2017-01-02T06:26:00,,,,,,,,,,,,,,,,,,
2017-01-02 08:00:00,1006.2,16.9,97.0,0.7,350.0,1.1,14.0,0.0,,,,,,,,,,2017-01-02T07:58:00,,,,,,,,,,,,,,,,,,
2017-01-02 09:00:00,1006.8,17.9,97.0,0.3,187.0,1.8,171.0,0.0,,,,,,,,,,2017-01-02T08:27:00,,,,,,,,,,,,,,,,,,
2017-01-02 10:00:00,1006.3,22.1,76.0,1.0,245.0,2.4,221.0,0.0,,,,,,,,,,2017-01-02T09:54:00,,,,,,,,,,,,,,,,,,
2017-01-02 11:00:00,1005.7,25.1,62.0,1.6,221.0,3.7,185.0,0.0,,,,,,,,,,2017-01-02T10:45:00,,,,,,,,,,,,,,,,,,
2017-01-02 12:00:00,1004.7,26.5,61.0,1.6,207.0,4.0,208.0,0.0,,,,,,,,,,2017-01-02T11:43:00,,,,,,,,,,,,,,,,,,
2017-01-02 13:00:00,1003.7,27.4,52.0,1.8,205.0,4.1,227.0,0.0,,,,,,,,,,2017-01-02T12:21:00,,,,,,,,,,,,,,,,,,
2017-01-02 14:00:00,1003.2,27.4,52.0,1.2,261.0,4.2,262.0,0.0,,,,,,,,,,2017-01-02T13:35:00,,,,,,,,,,,,,,,,,,
2017-01-02 15:00:00,1002.5,26.4,58.0,2.5,238.0,4.4,242.0,0.0,,,,,,,,,,2017-01-02T14:56:00,,,,,,,,,,,,,,,,,,
2017-01-02 16:00:00,1002.4,25.3,64.0,1.9,293.0,4.5,296.0,0.0,,,,,,,,,,2017-01-02T15:51:00,,,,,,,,,,,,,,,,,,
2017-01-02 17:00:00,1002.6,23.7,72.0,1.6,288.0,3.5,296.0,0.0,,,,,,,,,,2017-01-02T16:03:00,,,,,,,,,,,,,,,,,,
2017-01-02 18:00:00,1003.2,21.9,80.0,1.2,179.0,2.3,246.0,0.0,,,,,,,,,,2017-01-02T17:13:00,,,,,,,,,,,,,,,,,,
2017-01-02 19:00:00,1003.7,20.3,87.0,1.2,72.0,2.1,161.0,0.0,,,,,,,,,,2017-01-02T18:03:00,,,,,,,,,,,,,,,,,,
2017-01-02 20:00:00,1004.3,19.5,90.0,0.8,53.0,2.1,69.0,0.0,,,,,,,,,,2017-01-02T19:42:00,,,,,,,,,,,,,,,,,,
2017-01-02 21:00:00,1004.5,19.2,89.0,0.9,64.0,2.5,41.0,0.0,,,,,,,,,,2017-01-02T20:23:00,,,,,,,,,,,,,,,,,,
2017-01-02 22:00:00,1004.7,18.6,91.0,0.4,94.0,1.7,62.0,0.0,,,,,,,,,,2017-01-02T21:05:00,,,,,,,,,,,,,,,,,,
2017-01-02 23:00:00,1004.9,18.0,94.0,1.0,9.0,1.8,5.0,0.0,,,,,,,,,,2017-01-02T22:53:00,,,,,,,,,,,,,,,,,,
2017-01-03 00:00:00,1004.8,17.5,93.0,0.0,0.0,1.3,103.0,0.0,,,,,,,,,,2017-01-02T23:05:00,,,,,,,,,,,,,,,,,,
2017-01-03 01:00:00,1004.7,17.1,94.0,0.6,70.0,1.4,17.0,0.0,,,,,,,,,,2017-01-03T00:18:00,,,,,,,,,,,,,,,,,,
2017-01-03 02:00:00,1004.5,16.9,94.0,0.0,0.0,1.6,59.0,0.0,,,,,,,,,,2017-01-03T01:06:00,,,,,,,,,,,,,,,,,,
2017-01-03 03:00:00,1004.1,16.6,94.0,1.0,62.0,1.5,52.0,0.0,,,,,,,,,,2017-01-03T02:55:00,,,,,,,,,,,,,,,,,,
2017-01-03 04:00:00,1004.0,16.9,94.0,0.2,0.0,1.6,45.0,0.0,,,,,,,,,,2017-01-03T03:07:00,,,,,,,,,,,,,,,,,,
2017-01-03 05:00:00,1004.3,16.1,96.0,0.0,0.0,1.3,226.0,0.0,,,,,,,,,,2017-01-03T04:11:00,,,,,,,,,,,,,,,,,,
2017-01-03 06:00:00,1004.4,15.5,96.0,0.0,0.0,1.5,6.0,0.0,,,,,,,,,,2017-01-03T05:42:00,,,,,,,,,,,,,,,,,,
2017-01-03 07:00:00,1004.9,15.6,96.0,0.2,0.0,1.3,352.0,0.0,,,,,,,,,,2017-01-03T06:30:00,,,,,,,,,,,,,,,,,,
2017-01-03 08:00:00,1005.4,17.5,95.0,0.6,80.0,1.2,337.0,0.0,,,,,,,,,,2017-01-03T07:40:00,,,,,,,,,,,,,,,,,,
2017-01-03 09:00:00,1005.7,20.6,79.0,0.8,18.0,1.6,74.0,0.0,,,,,,,,,,2017-01-03T08:24:00,,,,,,,,,,,,,,,,,,
2017-01-03 10:00:00,1005.6,23.8,69.0,1.6,248.0,2.6,229.0,0.0,,,,,,,,,,2017-01-03T09:59:00,,,,,,,,,,,,,,,,,,
2017-01-03 11:00:00,1005.1,25.2,63.0,1.7,245.0,3.8,214.0,0.0,,,,,,,,,,2017-01-03T10:40:00,,,,,,,,,,,,,,,,,,
2017-01-03 12:00:00,1003.9,26.8,58.0,2.0,226.0,4.0,218.0,0.0,,,,,,,,,,2017-01-03T11:59:00,,,,,,,,,,,,,,,,,,
2017-01-03 13:00:00,1002.9,26.7,57.0,2.0,243.0,4.0,249.0,0.0,,,,,,,,,,2017-01-03T12:26:00,,,,,,,,,,,,,,,,,,
2017-01-03 14:00:00,1002.4,25.7,61.0,1.4,271.0,4.6,235.0,0.0,,,,,,,,,,2017-01-03T13:13:00,,,,,,,,,,,,,,,,,,
2017-01-03 15:00:00,1002.1,26.5,58.0,1.7,249.0,3.9,285.0,0.0,,,,,,,,,,2017-01-03T14:22:00,,,,,,,,,,,,,,,,,,
2017-01-03 16:00:00,1002.3,25.9,59.0,1.4,280.0,3.9,277.0,0.0,,,,,,,,,,2017-01-03T15:15:00,,,,,,,,,,,,,,,,,,
2017-01-03 17:00:00,1002.8,24.0,66.0,1.6,250.0,3.9,209.0,0.0,,,,,,,,,,2017-01-03T16:26:00,,,,,,,,,,,,,,,,,,
2017-01-03 18:00:00,1003.3,22.7,72.0,1.2,219.0,2.2,277.0,0.0,,,,,,,,,,2017-01-03T17:04:00,,,,,,,,,,,,,,,,,,
2017-01-03 19:00:00,1003.7,22.1,75.0,1.3,195.0,1.9,201.0,0.0,,,,,,,,,,2017-01-03T18:55:00,,,,,,,,,,,,,,,,,,
2017-01-03 20:00:00,1004.2,21.4,80.0,1.2,196.0,2.3,170.0,0.0,,,,,,,,,,2017-01-03T19:17:00,,,,,,,,,,,,,,,,,,
2017-01-03 21:00:00,1004.4,21.0,82.0,0.8,206.0,2.2,205.0,0.0,,,,,,,,,,2017-01-03T20:01:00,,,,,,,,,,,,,,,,,,
2017-01-03 22:00:00,1004.4,19.3,89.0,0.0,0.0,1.0,85.0,0.0,,,,,,,,,,2017-01-03T21:20:00,,,,,,,,,,,,,,,,,,
2017-01-03 23:00:00,1004.2,18.9,91.0,0.1,0.0,1.4,69.0,0.0,,,,,,,,,,2017-01-03T22:33:00,,,,,,,,,,,,,,,,,,
2017-01-04 00:00:00,1004.0,18.7,91.0,0.6,81.0,1.8,45.0,0.0,,,,,,,,,,2017-01-03T23:30:00,,,,,,,,,,,,,,,,,,
2017-01-04 01:00:00,1003.7,19.5,89.0,0.2,0.0,1.2,61.0,0.0,,,,,,,,,,2017-01-04T00:09:00,,,,,,,,,,,,,,,,,,
2017-01-04 02:00:00,1003.4,19.5,91.0,0.0,0.0,0.9,293.0,0.0,,,,,,,,,,2017-01-04T01:02:00,,,,,,,,,,,,,,,,,,
2017-01-04 03:00:00,1003.1,19.6,91.0,0.0,0.0,1.2,206.0,0.0,,,,,,,,,,2017-01-04T02:30:00,,,,,,,,,,,,,,,,,,
2017-01-04 04:00:00,1003.0,19.6,91.0,0.0,0.0,1.1,351.0,0.0,,,,,,,,,,2017-01-04T03:33:00,,,,,,,,,,,,,,,,,,
2017-01-04 05:00:00,1003.3,19.8,89.0,0.4,81.0,1.0,74.0,0.0,,,,,,,,,,2017-01-04T04:07:00,,,,,,,,,,,,,,,,,,
2017-01-04 06:00:00,1003.5,20.3,84.0,0.6,46.0,2.0,48.0,0.0,,,,,,,,,,2017-01-04T05:55:00,,,,,,,,,,,,,,,,,,
2017-01-04 07:00:00,1003.8,18.8,90.0,0.6,8.0,1.5,60.0,0.0,,,,,,,,,,2017-01-04T06:03:00,,,,,,,,,,,,,,,,,,
2017-01-04 08:00:00,1004.5,19.7,84.0,0.1,0.0,1.1,102.0,0.0,,,,,,,,,,2017-01-04T07:15:00,,,,,,,,,,,,,,,,,,
2017-01-04 09:00:00,1004.9,21.9,72.0,1.0,277.0,1.5,142.0,0.0,,,,,,,,,,2017-01-04T08:12:00,,,,,,,,,,,,,,,,,,
2017-01-04 10:00:00,1004.9,24.2,67.0,1.1,167.0,2.4,224.0,0.0,,,,,,,,,,2017-01-04T09:42:00,,,,,,,,,,,,,,,,,,
2017-01-04 11:00:00,1004.0,26.3,55.0,1.5,188.0,2.8,201.0,0.0,,,,,,,,,,2017-01-04T10:58:00,,,,,,,,,,,,,,,,,,
2017-01-04 12:00:00,1003.0,27.2,53.0,1.4,235.0,3.6,198.0,0.0,,,,,,,,,,2017-01-04T11:40:00,,,,,,,,,,,,,,,,,,
2017-01-04 13:00:00,1002.0,27.5,53.0,2.5,244.0,4.1,230.0,0.0,,,,,,,,,,2017-01-04T12:52:00,,,,,,,,,,,,,,,,,,
2017-01-04 14:00:00,1001.2,27.2,55.0,2.3,186.0,4.7,203.0,0.0,,,,,,,,,,2017-01-04T14:00:00,,,,,,,,,,,,,,,,,,
2017-01-04 15:00:00,1000.9,26.4,57.0,1.3,248.0,4.5,215.0,0.0,,,,,,,,,,2017-01-04T14:14:00,,,,,,,,,,,,,,,,,,
2017-01-04 16:00:00,1001.0,25.4,61.0,1.8,239.0,3.2,234.0,0.0,,,,,,,,,,2017-01-04T15:27:00,,,,,,,,,,,,,,,,,,
2017-01-04 17:00:00,1001.5,24.0,72.0,1.6,296.0,3.7,300.0,0.0,,,,,,,,,,2017-01-04T16:56:00,,,,,,,,,,,,,,,,,,
2017-01-04 18:00:00,1002.0,22.6,78.0,1.4,255.0,4.2,284.0,0.0,,,,,,,,,,2017-01-04T17:30:00,,,,,,,,,,,,,,,,,,
2017-01-04 19:00:00,1002.4,22.3,79.0,1.2,208.0,2.5,253.0,0.0,,,,,,,,,,2017-01-04T18:04:00,,,,,,,,,,,,,,,,,,
2017-01-04 20:00:00,1002.7,21.9,80.0,1.2,185.0,2.2,196.0,0.0,,,,,,,,,,2017-01-04T19:47:00,,,,,,,,,,,,,,,,,,
2017-01-04 21:00:00,1002.7,21.7,81.0,0.0,0.0,2.0,167.0,0.0,,,,,,,,,,2017-01-04T20:06:00,,,,,,,,,,,,,,,,,,
2017-01-04 22:00:00,1002.7,21.2,84.0,0.4,195.0,1.0,127.0,0.0,,,,,,,,,,2017-01-04T21:08:00,,,,,,,,,,,,,,,,,,
2017-01-04 23:00:00,1002.7,20.4,87.0,1.3,213.0,2.1,211.0,0.0,,,,,,,,,,2017-01-04T22:54:00,,,,,,,,,,,,,,,,,,
2017-01-05 00:00:00,1002.6,19.4,90.0,1.1,201.0,2.2,188.0,0.0,,,,,,,,,,2017-01-04T23:31:00,,,,,,,,,,,,,,,,,,
2017-01-05 01:00:00,1002.5,18.8,93.0,0.2,0.0,1.5,209.0,0.0,,,,,,,,,,2017-01-05T00:01:00,,,,,,,,,,,,,,,,,,
2017-01-05 02:00:00,1002.3,18.3,94.0,0.7,91.0,1.3,109.0,0.0,,,,,,,,,,2017-01-05T01:28:00,,,,,,,,,,,,,,,,,,
2017-01-05 03:00:00,1002.2,18.5,95.0,1.1,212.0,1.7,203.0,0.0,,,,,,,,,,2017-01-05T02:49:00,,,,,,,,,,,,,,,,,,
2017-01-05 04:00:00,1002.1,18.5,96.0,0.1,0.0,1.6,172.0,0.0,,,,,,,,,,2017-01-05T03:10:00,,,,,,,,,,,,,,,,,,
2017-01-05 05:00:00,1002.1,18.5,96.0,0.4,112.0,0.9,110.0,0.0,,,,,,,,,,2017-01-05T04:53:00,,,,,,,,,,,,,,,,,,
2017-01-05 06:00:00,1002.2,18.2,96.0,0.4,334.0,1.2,295.0,0.0,,,,,,,,,,2017-01-05T05:42:00,,,,,,,,,,,,,,,,,,
2017-01-05 07:00:00,1002.7,18.0,97.0,0.0,0.0,1.0,296.0,0.0,,,,,,,,,,2017-01-05T06:04:00,,,,,,,,,,,,,,,,,,
2017-01-05 08:00:00,1003.1,18.4,97.0,0.6,348.0,1.5,116.0,0.0,,,,,,,,,,2017-01-05T07:08:00,,,,,,,,,,,,,,,,,,
2017-01-05 09:00:00,1003.0,21.2,80.0,0.8,57.0,1.8,63.0,0.0,,,,,,,,,,2017-01-05T08:50:00,,,,,,,,,,,,,,,,,,
2017-01-05 10:00:00,1003.1,24.8,65.0,1.1,214.0,2.8,251.0,0.0,,,,,,,,,,2017-01-05T09:48:00,,,,,,,,,,,,,,,,,,
2017-01-05 11:00:00,1002.8,26.5,59.0,1.8,256.0,3.5,248.0,0.0,,,,,,,,,,2017-01-05T10:57:00,,,,,,,,,,,,,,,,,,
2017-01-05 12:00:00,1001.7,27.5,57.0,2.5,265.0,5.1,271.0,0.0,,,,,,,,,,2017-01-05T11:56:00,,,,,,,,,,,,,,,,,,
2017-01-05 13:00:00,1000.7,27.2,57.0,3.1,279.0,5.4,250.0,0.0,,,,,,,,,,2017-01-05T12:56:00,,,,,,,,,,,,,,,,,,
2017-01-05 14:00:00,1000.0,28.0,54.0,3.2,264.0,5.4,231.0,0.0,,,,,,,,,,2017-01-05T13:59:00,,,,,,,,,,,,,,,,,,
2017-01-05 15:00:00,999.3,26.6,59.0,2.1,271.0,5.0,232.0,0.0,,,,,,,,,,2017-01-05T14:15:00,,,,,,,,,,,,,,,,,,
2017-01-05 16:00:00,999.3,26.0,61.0,2.4,294.0,5.7,244.0,0.0,,,,,,,,,,2017-01-05T15:02:00,,,,,,,,,,,,,,,,,,
2017-01-05 17:00:00,999.9,24.7,64.0,0.9,299.0,4.4,288.0,0.0,,,,,,,,,,2017-01-05T16:03:00,,,,,,,,,,,,,,,,,,
2017-01-05 18:00:00,1000.5,23.5,65.0,0.4,10.0,3.9,277.0,0.0,,,,,,,,,,2017-01-05T17:08:00,,,,,,,,,,,,,,,,,,
2017-01-05 19:00:00,1001.2,23.2,68.0,0.5,95.0,1.3,1.0,0.0,,,,,,,,,,2017-01-05T18:11:00,,,,,,,,,,,,,,,,,,
2017-01-05 20:00:00,1001.7,21.8,75.0,0.0,0.0,2.0,290.0,0.0,,,,,,,,,,2017-01-05T19:17:00,,,,,,,,,,,,,,,,,,
2017-01-05 21:00:00,1002.1,20.9,79.0,1.1,66.0,1.7,71.0,0.0,,,,,,,,,,2017-01-05T21:00:00,,,,,,,,,,,,,,,,,,
2017-01-05 22:00:00,1002.6,19.5,86.0,0.0,0.0,2.0,62.0,0.0,,,,,,,,,,2017-01-05T21:15:00,,,,,,,,,,,,,,,,,,
2017-01-05 23:00:00,1002.3,18.7,89.0,0.2,0.0,1.5,74.0,0.0,,,,,,,,,,2017-01-05T22:12:00,,,,,,,,,,,,,,,,,,
2017-01-06 00:00:00,1001.9,18.0,91.0,1.0,61.0,1.3,66.0,0.0,,,,,,,,,,2017-01-06T00:00:00,,,,,,,,,,,,,,,,,,
2017-01-06 01:00:00,1002.0,17.2,93.0,1.1,87.0,1.4,66.0,0.0,,,,,,,,,,2017-01-06T00:01:00,,,,,,,,,,,,,,,,,,
2017-01-06 02:00:00,1001.8,16.9,94.0,1.0,87.0,1.7,77.0,0.0,,,,,,,,,,2017-01-06T02:00:00,,,,,,,,,,,,,,,,,,
2017-01-06 03:00:00,1001.4,16.8,94.0,0.2,0.0,1.9,65.0,0.0,,,,,,,,,,2017-01-06T02:03:00,,,,,,,,,,,,,,,,,,
2017-01-06 04:00:00,1001.2,17.1,94.0,0.6,28.0,1.7,61.0,0.0,,,,,,,,,,2017-01-06T03:12:00,,,,,,,,,,,,,,,,,,
2017-01-06 05:00:00,1001.2,16.9,94.0,0.5,68.0,1.5,58.0,0.0,,,,,,,,,,2017-01-06T04:21:00,,,,,,,,,,,,,,,,,,
2017-01-06 06:00:00,1001.2,16.5,94.0,0.8,189.0,1.4,343.0,0.0,,,,,,,,,,2017-01-06T05:05:00,,,,,,,,,,,,,,,,,,
2017-01-06 07:00:00,1001.8,16.3,95.0,0.8,9.0,1.4,6.0,0.0,,,,,,,,,,2017-01-06T07:00:00,,,,,,,,,,,,,,,,,,
2017-01-06 08:00:00,1002.0,18.3,87.0,0.9,60.0,1.8,75.0,0.0,,,,,,,,,,2017-01-06T07:57:00,,,,,,,,,,,,,,,,,,
2017-01-06 09:00:00,1002.5,21.8,74.0,0.2,0.0,1.8,4.0,0.0,,,,,,,,,,2017-01-06T08:08:00,,,,,,,,,,,,,,,,,,
2017-01-06 10:00:00,1001.9,24.4,65.0,0.5,283.0,1.8,277.0,0.0,,,,,,,,,,2017-01-06T09:39:00,,,,,,,,,,,,,,,,,,
2017-01-06 11:00:00,1001.2,27.0,55.0,1.9,218.0,3.5,228.0,0.0,,,,,,,,,,2017-01-06T10:57:00,,,,,,,,,,,,,,,,,,
2017-01-06 12:00:00,1000.4,27.8,54.0,2.3,245.0,4.8,223.0,0.0,,,,,,,,,,2017-01-06T11:11:00,,,,,,,,,,,,,,,,,,
2017-01-06 13:00:00,999.6,26.5,58.0,1.8,269.0,5.2,220.0,0.0,,,,,,,,,,2017-01-06T12:14:00,,,,,,,,,,,,,,,,,,
2017-01-06 14:00:00,998.6,26.6,53.0,1.5,261.0,4.2,288.0,0.0,,,,,,,,,,2017-01-06T13:13:00,,,,,,,,,,,,,,,,,,
2017-01-06 15:00:00,998.3,26.9,53.0,1.7,303.0,4.4,261.0,0.0,,,,,,,,,,2017-01-06T14:25:00,,,,,,,,,,,,,,,,,,
2017-01-06 16:00:00,998.6,26.5,56.0,1.5,302.0,4.4,289.0,0.0,,,,,,,,,,2017-01-06T15:08:00,,,,,,,,,,,,,,,,,,
2017-01-06 17:00:00,998.9,24.4,65.0,1.7,294.0,4.3,292.0,0.0,,,,,,,,,,2017-01-06T16:17:00,,,,,,,,,,,,,,,,,,
2017-01-06 18:00:00,999.4,21.8,79.0,1.5,188.0,3.2,283.0,0.0,,,,,,,,,,2017-01-06T17:21:00,,,,,,,,,,,,,,,,,,
2017-01-06 19:00:00,999.8,20.9,83.0,0.7,176.0,2.7,206.0,0.0,,,,,,,,,,2017-01-06T18:04:00,,,,,,,,,,,,,,,,,,
2017-01-06 20:00:00,1000.3,20.9,84.0,1.2,206.0,2.5,161.0,0.0,,,,,,,,,,2017-01-06T19:28:00,,,,,,,,,,,,,,,,,,
2017-01-06 21:00:00,1000.6,20.8,84.0,1.3,190.0,2.2,175.0,0.0,,,,,,,,,,2017-01-06T20:14:00,,,,,,,,,,,,,,,,,,
2017-01-06 22:00:00,1000.7,20.7,85.0,0.6,209.0,1.5,195.0,0.0,,,,,,,,,,2017-01-06T21:27:00,,,,,,,,,,,,,,,,,,
2017-01-06 23:00:00,1000.3,20.0,89.0,0.0,0.0,1.3,110.0,0.0,,,,,,,,,,2017-01-06T22:35:00,,,,,,,,,,,,,,,,,,
2017-01-07 00:00:00,1000.2,19.7,91.0,0.8,103.0,1.1,106.0,0.0,,,,,,,,,,2017-01-06T23:58:00,,,,,,,,,,,,,,,,,,
2017-01-07 01:00:00,1000.2,19.9,91.0,0.3,127.0,1.5,98.0,0.0,,,,,,,,,,2017-01-07T00:03:00,,,,,,,,,,,,,,,,,,
2017-01-07 02:00:00,999.8,19.9,91.0,0.0,0.0,0.9,215.0,0.0,,,,,,,,,,2017-01-07T01:48:00,,,,,,,,,,,,,,,,,,
2017-01-07 03:00:00,999.2,19.7,91.0,0.6,207.0,1.1,181.0,0.0,,,,,,,,,,2017-01-07T02:25:00,,,,,,,,,,,,,,,,,,
2017-01-07 04:00:00,999.2,18.5,93.0,0.5,110.0,1.1,126.0,0.0,,,,,,,,,,2017-01-07T03:27:00,,,,,,,,,,,,,,,,,,
2017-01-07 05:00:00,999.5,17.5,94.0,0.4,95.0,1.2,98.0,0.0,,,,,,,,,,2017-01-07T04:03:00,,,,,,,,,,,,,,,,,,
2017-01-07 06:00:00,1000.1,17.5,94.0,1.3,119.0,1.9,122.0,0.0,,,,,,,,,,2017-01-07T06:00:00,,,,,,,,,,,,,,,,,,
2017-01-07 07:00:00,999.9,17.4,93.0,0.8,71.0,1.7,7.0,0.0,,,,,,,,,,2017-01-07T06:31:00,,,,,,,,,,,,,,,,,,
2017-01-07 08:00:00,1000.4,18.9,87.0,0.8,6.0,1.8,67.0,0.0,,,,,,,,,,2017-01-07T07:31:00,,,,,,,,,,,,,,,,,,
2017-01-07 09:00:00,1000.5,21.9,72.0,1.0,3.0,2.4,55.0,0.0,,,,,,,,,,2017-01-07T08:14:00,,,,,,,,,,,,,,,,,,
2017-01-07 10:00:00,1000.4,26.1,55.0,1.6,182.0,2.7,143.0,0.0,,,,,,,,,,2017-01-07T09:57:00,,,,,,,,,,,,,,,,,,
2017-01-07 11:00:00,999.8,26.9,51.0,1.7,261.0,3.4,215.0,0.0,,,,,,,,,,2017-01-07T10:39:00,,,,,,,,,,,,,,,,,,
2017-01-07 12:00:00,998.8,27.6,46.0,0.9,317.0,4.3,181.0,0.0,,,,,,,,,,2017-01-07T11:33:00,,,,,,,,,,,,,,,,,,
2017-01-07 13:00:00,997.7,27.2,51.0,2.3,285.0,4.0,277.0,0.0,,,,,,,,,,2017-01-07T12:58:00,,,,,,,,,,,,,,,,,,
2017-01-07 14:00:00,996.9,27.1,56.0,1.9,288.0,4.7,295.0,0.0,,,,,,,,,,2017-01-07T13:48:00,,,,,,,,,,,,,,,,,,
2017-01-07 15:00:00,996.5,27.0,56.0,1.6,283.0,3.5,294.0,0.0,,,,,,,,,,2017-01-07T14:25:00,,,,,,,,,,,,,,,,,,
2017-01-07 16:00:00,996.5,27.5,55.0,2.0,225.0,3.9,264.0,0.0,,,,,,,,,,2017-01-07T15:51:00,,,,,,,,,,,,,,,,,,
2017-01-07 17:00:00,997.2,24.6,67.0,0.6,307.0,4.5,291.0,0.0,,,,,,,,,,2017-01-07T16:27:00,,,,,,,,,,,,,,,,,,
2017-01-07 18:00:00,997.7,23.0,75.0,0.6,88.0,1.6,326.0,0.0,,,,,,,,,,2017-01-07T17:04:00,,,,,,,,,,,,,,,,,,
2017-01-07 19:00:00,998.1,21.2,83.0,0.7,122.0,1.3,95.0,0.0,,,,,,,,,,2017-01-07T18:44:00,,,,,,,,,,,,,,,,,,
2017-01-07 20:00:00,998.4,21.4,82.0,1.2,59.0,2.0,57.0,0.0,,,,,,,,,,2017-01-07T19:53:00,,,,,,,,,,,,,,,,,,
2017-01-07 21:00:00,998.5,20.7,84.0,1.0,36.0,2.5,46.0,0.0,,,,,,,,,,2017-01-07T20:42:00,,,,,,,,,,,,,,,,,,
2017-01-07 22:00:00,998.6,19.6,88.0,0.8,46.0,2.6,56.0,0.0,,,,,,,,,,2017-01-07T21:42:00,,,,,,,,,,,,,,,,,,
2017-01-07 23:00:00,998.5,19.3,89.0,0.8,65.0,2.0,55.0,0.0,,,,,,,,,,2017-01-07T22:07:00,,,,,,,,,,,,,,,,,,
2017-01-08 00:00:00,998.7,19.3,89.0,1.1,30.0,2.1,16.0,0.0,,,,,,,,,,2017-01-07T23:52:00,,,,,,,,,,,,,,,,,,
2017-01-08 01:00:00,998.5,19.6,86.0,1.2,77.0,1.8,56.0,0.0,,,,,,,,,,2017-01-08T00:50:00,,,,,,,,,,,,,,,,,,
2017-01-08 02:00:00,998.0,18.9,91.0,0.0,0.0,1.6,85.0,0.0,,,,,,,,,,2017-01-08T01:01:00,,,,,,,,,,,,,,,,,,
2017-01-08 03:00:00,997.7,18.8,91.0,0.3,342.0,1.1,85.0,0.0,,,,,,,,,,2017-01-08T02:34:00,,,,,,,,,,,,,,,,,,
2017-01-08 04:00:00,997.5,18.0,93.0,0.5,353.0,1.3,66.0,0.0,,,,,,,,,,2017-01-08T03:16:00,,,,,,,,,,,,,,,,,,
2017-01-08 05:00:00,997.6,17.4,93.0,0.0,0.0,1.3,104.0,0.0,,,,,,,,,,2017-01-08T04:40:00,,,,,,,,,,,,,,,,,,
2017-01-08 06:00:00,998.0,17.3,93.0,0.4,39.0,1.1,86.0,0.0,,,,,,,,,,2017-01-08T05:29:00,,,,,,,,,,,,,,,,,,
2017-01-08 07:00:00,998.5,17.2,91.0,0.9,56.0,1.9,54.0,0.0,,,,,,,,,,2017-01-08T06:36:00,,,,,,,,,,,,,,,,,,
2017-01-08 08:00:00,998.8,19.5,81.0,0.9,71.0,2.2,81.0,0.0,,,,,,,,,,2017-01-08T07:32:00,,,,,,,,,,,,,,,,,,
2017-01-08 09:00:00,999.2,23.8,63.0,0.2,0.0,2.0,95.0,0.0,,,,,,,,,,2017-01-08T08:12:00,,,,,,,,,,,,,,,,,,
2017-01-08 10:00:00,999.3,26.4,57.0,1.5,212.0,2.8,198.0,0.0,,,,,,,,,,2017-01-08T09:52:00,,,,,,,,,,,,,,,,,,
2017-01-08 11:00:00,998.6,28.8,48.0,1.9,209.0,3.7,254.0,0.0,,,,,,,,,,2017-01-08T11:00:00,,,,,,,,,,,,,,,,,,
2017-01-08 12:00:00,997.6,29.0,47.0,2.3,266.0,4.4,291.0,0.0,,,,,,,,,,2017-01-08T11:19:00,,,,,,,,,,,,,,,,,,
2017-01-08 13:00:00,996.4,29.4,45.0,1.6,279.0,5.0,281.0,0.0,,,,,,,,,,2017-01-08T12:07:00,,,,,,,,,,,,,,,,,,
2017-01-08 14:00:00,995.5,29.6,43.0,1.1,278.0,3.6,245.0,0.0,,,,,,,,,,2017-01-08T13:39:00,,,,,,,,,,,,,,,,,,
2017-01-08 15:00:00,995.3,29.1,47.0,1.9,273.0,4.1,217.0,0.0,,,,,,,,,,2017-01-08T14:10:00,,,,,,,,,,,,,,,,,,
2017-01-08 16:00:00,995.4,28.5,51.0,2.0,293.0,4.1,291.0,0.0,,,,,,,,,,2017-01-08T15:13:00,,,,,,,,,,,,,,,,,,
2017-01-08 17:00:00,996.0,26.3,62.0,1.6,294.0,3.7,294.0,0.0,,,,,,,,,,2017-01-08T16:01:00,,,,,,,,,,,,,,,,,,
2017-01-08 18:00:00,996.9,23.7,72.0,0.9,223.0,4.0,289.0,0.0,,,,,,,,,,2017-01-08T17:15:00,,,,,,,,,,,,,,,,,,
2017-01-08 19:00:00,997.9,22.6,77.0,1.0,172.0,3.0,213.0,0.0,,,,,,,,,,2017-01-08T18:06:00,,,,,,,,,,,,,,,,,,
2017-01-08 20:00:00,998.6,21.1,84.0,0.3,49.0,2.2,170.0,0.0,,,,,,,,,,2017-01-08T19:01:00,,,,,,,,,,,,,,,,,,
2017-01-08 21:00:00,999.3,20.6,85.0,0.6,54.0,2.4,54.0,0.0,,,,,,,,,,2017-01-08T20:22:00,,,,,,,,,,,,,,,,,,
2017-01-08 22:00:00,999.6,19.7,90.0,1.2,351.0,2.3,1.0,0.0,,,,,,,,,,2017-01-08T21:56:00,,,,,,,,,,,,,,,,,,
2017-01-08 23:00:00,999.4,20.5,86.0,0.7,33.0,1.9,47.0,0.0,,,,,,,,,,2017-01-08T22:48:00,,,,,,,,,,,,,,,,,,
2017-01-09 00:00:00,998.7,21.1,82.0,1.4,51.0,2.9,64.0,0.0,,,,,,,,,,2017-01-08T23:20:00,,,,,,,,,,,,,,,,,,
2017-01-09 01:00:00,998.8,19.7,89.0,0.6,196.0,2.1,62.0,0.0,,,,,,,,,,2017-01-09T00:01:00,,,,,,,,,,,,,,,,,,
2017-01-09 02:00:00,998.6,18.6,92.0,0.0,0.0,1.5,360.0,0.0,,,,,,,,,,2017-01-09T01:25:00,,,,,,,,,,,,,,,,,,
2017-01-09 03:00:00,998.5,18.4,92.0,0.5,52.0,1.5,57.0,0.0,,,,,,,,,,2017-01-09T02:53:00,,,,,,,,,,,,,,,,,,
2017-01-09 04:00:00,998.6,17.9,91.0,0.6,89.0,2.1,36.0,0.0,,,,,,,,,,2017-01-09T03:46:00,,,,,,,,,,,,,,,,,,
2017-01-09 05:00:00,999.1,17.1,93.0,0.0,0.0,1.6,51.0,0.0,,,,,,,,,,2017-01-09T04:26:00,,,,,,,,,,,,,,,,,,
2017-01-09 06:00:00,1000.1,16.7,94.0,0.0,0.0,0.8,136.0,0.0,,,,,,,,,,2017-01-09T05:46:00,,,,,,,,,,,,,,,,,,
2017-01-09 07:00:00,1000.6,16.6,93.0,0.9,358.0,1.9,60.0,0.0,,,,,,,,,,2017-01-09T06:35:00,,,,,,,,,,,,,,,,,,
2017-01-09 08:00:00,1001.3,18.2,83.0,0.7,43.0,2.1,86.0,0.0,,,,,,,,,,2017-01-09T07:17:00,,,,,,,,,,,,,,,,,,
2017-01-09 09:00:00,1001.9,21.5,67.0,0.6,4.0,1.8,346.0,0.0,,,,,,,,,,2017-01-09T08:45:00,,,,,,,,,,,,,,,,,,
2017-01-09 10:00:00,1001.9,24.9,59.0,1.4,190.0,3.1,222.0,0.0,,,,,,,,,,2017-01-09T09:44:00,,,,,,,,,,,,,,,,,,
2017-01-09 11:00:00,1001.2,26.7,56.0,2.3,228.0,4.2,215.0,0.0,,,,,,,,,,2017-01-09T10:49:00,,,,,,,,,,,,,,,,,,
2017-01-09 12:00:00,1000.3,27.2,58.0,2.5,249.0,4.7,223.0,0.0,,,,,,,,,,2017-01-09T11:58:00,,,,,,,,,,,,,,,,,,
2017-01-09 13:00:00,999.3,28.1,54.0,1.9,244.0,5.0,243.0,0.0,,,,,,,,,,2017-01-09T12:09:00,,,,,,,,,,,,,,,,,,
2017-01-09 14:00:00,998.4,26.8,58.0,2.1,238.0,4.4,222.0,0.0,,,,,,,,,,2017-01-09T13:33:00,,,,,,,,,,,,,,,,,,
2017-01-09 15:00:00,998.0,26.8,58.0,1.5,285.0,4.3,268.0,0.0,,,,,,,,,,2017-01-09T14:12:00,,,,,,,,,,,,,,,,,,
2017-01-09 16:00:00,998.4,26.5,56.0,2.0,276.0,4.2,293.0,0.0,,,,,,,,,,2017-01-09T15:37:00,,,,,,,,,,,,,,,,,,
2017-01-09 17:00:00,999.1,23.7,64.0,2.2,294.0,5.2,286.0,0.0,,,,,,,,,,2017-01-09T16:59:00,,,,,,,,,,,,,,,,,,
2017-01-09 18:00:00,1000.1,21.9,70.0,1.0,213.0,5.0,296.0,0.0,,,,,,,,,,2017-01-09T17:02:00,,,,,,,,,,,,,,,,,,
2017-01-09 19:00:00,1000.8,20.8,75.0,0.6,157.0,2.9,197.0,0.0,,,,,,,,,,2017-01-09T18:34:00,,,,,,,,,,,,,,,,,,
2017-01-09 20:00:00,1001.6,20.1,77.0,1.1,165.0,2.0,160.0,0.0,,,,,,,,,,2017-01-09T19:36:00,,,,,,,,,,,,,,,,,,
2017-01-09 21:00:00,1001.9,19.4,82.0,1.6,174.0,2.2,172.0,0.0,,,,,,,,,,2017-01-09T20:58:00,,,,,,,,,,,,,,,,,,
2017-01-09 22:00:00,1002.1,18.9,83.0,0.1,0.0,2.3,176.0,0.0,,,,,,,,,,2017-01-09T21:02:00,,,,,,,,,,,,,,,,,,
2017-01-09 23:00:00,1002.3,18.4,87.0,0.0,0.0,0.9,203.0,0.0,,,,,,,,,,2017-01-09T22:16:00,,,,,,,,,,,,,,,,,,
2017-01-10 00:00:00,1002.2,18.2,87.0,0.6,91.0,1.1,113.0,0.0,,,,,,,,,,2017-01-09T23:10:00,,,,,,,,,,,,,,,,,,
2017-01-10 01:00:00,1001.9,18.4,89.0,0.3,348.0,1.1,296.0,0.0,,,,,,,,,,2017-01-10T00:48:00,,,,,,,,,,,,,,,,,,
2017-01-10 02:00:00,1001.5,18.4,89.0,0.2,0.0,1.1,300.0,0.0,,,,,,,,,,2017-01-10T01:09:00,,,,,,,,,,,,,,,,,,
2017-01-10 03:00:00,1001.3,18.5,89.0,0.0,0.0,1.2,206.0,0.0,,,,,,,,,,2017-01-10T02:15:00,,,,,,,,,,,,,,,,,,
2017-01-10 04:00:00,1001.3,17.6,93.0,0.1,0.0,0.8,102.0,0.0,,,,,,,,,,2017-01-10T03:13:00,,,,,,,,,,,,,,,,,,
2017-01-10 05:00:00,1001.7,17.3,94.0,0.3,290.0,1.0,286.0,0.0,,,,,,,,,,2017-01-10T04:51:00,,,,,,,,,,,,,,,,,,
2017-01-10 06:00:00,1002.5,16.9,94.0,0.6,78.0,1.5,59.0,0.0,,,,,,,,,,2017-01-10T05:42:00,,,,,,,,,,,,,,,,,,
2017-01-10 07:00:00,1003.1,16.5,90.0,1.0,82.0,2.1,37.0,0.0,,,,,,,,,,2017-01-10T06:33:00,,,,,,,,,,,,,,,,,,
2017-01-10 08:00:00,1004.0,17.8,82.0,1.6,59.0,2.6,48.0,0.0,,,,,,,,,,2017-01-10T07:49:00,,,,,,,,,,,,,,,,,,
2017-01-10 09:00:00,1004.5,20.9,70.0,0.2,0.0,2.6,56.0,0.0,,,,,,,,,,2017-01-10T08:01:00,,,,,,,,,,,,,,,,,,
2017-01-10 10:00:00,1004.6,23.8,63.0,2.0,221.0,3.2,212.0,0.0,,,,,,,,,,2017-01-10T09:54:00,,,,,,,,,,,,,,,,,,
2017-01-10 11:00:00,1003.9,25.1,60.0,2.2,233.0,3.8,252.0,0.0,,,,,,,,,,2017-01-10T10:28:00,,,,,,,,,,,,,,,,,,
2017-01-10 12:00:00,1003.2,25.4,58.0,3.3,261.0,5.6,265.0,0.0,,,,,,,,,,2017-01-10T11:56:00,,,,,,,,,,,,,,,,,,
2017-01-10 13:00:00,1002.3,25.3,57.0,1.4,317.0,6.5,235.0,0.0,,,,,,,,,,2017-01-10T12:07:00,,,,,,,,,,,,,,,,,,
2017-01-10 14:00:00,1001.2,26.4,53.0,1.8,290.0,5.3,261.0,0.0,,,,,,,,,,2017-01-10T13:34:00,,,,,,,,,,,,,,,,,,
2017-01-10 15:00:00,1001.2,26.0,53.0,1.5,300.0,4.7,254.0,0.0,,,,,,,,,,2017-01-10T14:17:00,,,,,,,,,,,,,,,,,,
2017-01-10 16:00:00,1001.4,26.0,51.0,1.9,236.0,3.9,264.0,0.0,,,,,,,,,,2017-01-10T15:04:00,,,,,,,,,,,,,,,,,,
2017-01-10 17:00:00,1002.0,24.1,60.0,1.0,279.0,3.4,278.0,0.0,,,,,,,,,,2017-01-10T16:08:00,,,,,,,,,,,,,,,,,,
2017-01-10 18:00:00,1002.5,22.1,69.0,1.6,159.0,2.6,165.0,0.0,,,,,,,,,,2017-01-10T17:58:00,,,,,,,,,,,,,,,,,,
2017-01-10 19:00:00,1003.2,21.3,72.0,0.1,0.0,3.7,176.0,0.0,,,,,,,,,,2017-01-10T18:46:00,,,,,,,,,,,,,,,,,,
2017-01-10 20:00:00,1003.7,19.3,84.0,0.8,11.0,1.5,344.0,0.0,,,,,,,,,,2017-01-10T19:33:00,,,,,,,,,,,,,,,,,,
2017-01-10 21:00:00,1004.1,18.5,87.0,0.5,32.0,1.5,78.0,0.0,,,,,,,,,,2017-01-10T20:04:00,,,,,,,,,,,,,,,,,,
2017-01-10 22:00:00,1004.3,17.8,90.0,1.4,64.0,1.8,62.0,0.0,,,,,,,,,,2017-01-10T21:57:00,,,,,,,,,,,,,,,,,,
2017-01-10 23:00:00,1004.3,17.4,90.0,0.6,86.0,1.9,49.0,0.0,,,,,,,,,,2017-01-10T22:28:00,,,,,,,,,,,,,,,,,,
2017-01-11 00:00:00,1003.8,16.9,92.0,0.8,125.0,1.4,353.0,0.0,,,,,,,,,,2017-01-10T23:33:00,,,,,,,,,,,,,,,,,,
2017-01-11 01:00:00,1003.7,16.3,93.0,0.8,99.0,2.1,119.0,0.0,,,,,,,,,,2017-01-11T00:48:00,,,,,,,,,,,,,,,,,,
2017-01-11 02:00:00,1003.2,16.1,93.0,0.7,115.0,1.9,49.0,0.0,,,,,,,,,,2017-01-11T01:19:00,,,,,,,,,,,,,,,,,,
2017-01-11 03:00:00,1002.9,15.6,94.0,0.1,0.0,1.8,49.0,0.0,,,,,,,,,,2017-01-11T02:16:00,,,,,,,,,,,,,,,,,,
2017-01-11 04:00:00,1002.7,15.5,94.0,0.4,7.0,1.8,72.0,0.0,,,,,,,,,,2017-01-11T03:47:00,,,,,,,,,,,,,,,,,,
2017-01-11 05:00:00,1002.8,15.8,93.0,1.2,57.0,2.0,62.0,0.0,,,,,,,,,,2017-01-11T04:56:00,,,,,,,,,,,,,,,,,,
2017-01-11 06:00:00,1003.5,15.7,91.0,0.2,0.0,2.2,10.0,0.0,,,,,,,,,,2017-01-11T05:47:00,,,,,,,,,,,,,,,,,,
2017-01-11 07:00:00,1003.9,15.4,92.0,0.0,0.0,1.8,74.0,0.0,,,,,,,,,,2017-01-11T06:03:00,,,,,,,,,,,,,,,,,,
2017-01-11 08:00:00,1004.4,17.0,85.0,1.1,39.0,2.1,360.0,0.0,,,,,,,,,,2017-01-11T07:42:00,,,,,,,,,,,,,,,,,,
2017-01-11 09:00:00,1004.9,20.1,68.0,0.9,78.0,2.6,73.0,0.0,,,,,,,,,,2017-01-11T08:58:00,,,,,,,,,,,,,,,,,,
2017-01-11 10:00:00,1004.7,22.8,61.0,1.3,218.0,2.5,226.0,0.0,,,,,,,,,,2017-01-11T09:56:00,,,,,,,,,,,,,,,,,,
2017-01-11 11:00:00,1003.7,24.7,57.0,1.1,226.0,3.0,209.0,0.0,,,,,,,,,,2017-01-11T10:10:00,,,,,,,,,,,,,,,,,,
2017-01-11 12:00:00,1002.5,26.7,51.0,2.3,204.0,4.0,205.0,0.0,,,,,,,,,,2017-01-11T11:29:00,,,,,,,,,,,,,,,,,,
2017-01-11 13:00:00,1001.1,27.2,50.0,2.3,274.0,4.8,208.0,0.0,,,,,,,,,,2017-01-11T12:42:00,,,,,,,,,,,,,,,,,,
2017-01-11 14:00:00,1000.5,26.2,55.0,2.5,268.0,4.6,232.0,0.0,,,,,,,,,,2017-01-11T13:02:00,,,,,,,,,,,,,,,,,,
2017-01-11 15:00:00,1000.0,26.5,52.0,2.0,243.0,4.0,269.0,0.0,,,,,,,,,,2017-01-11T14:33:00,,,,,,,,,,,,,,,,,,
2017-01-11 16:00:00,999.9,26.1,52.0,1.4,297.0,3.5,249.0,0.0,,,,,,,,,,2017-01-11T15:04:00,,,,,,,,,,,,,,,,,,
2017-01-11 17:00:00,1000.6,24.3,58.0,1.3,270.0,3.0,293.0,0.0,,,,,,,,,,2017-01-11T16:26:00,,,,,,,,,,,,,,,,,,
2017-01-11 18:00:00,1001.3,22.8,67.0,1.1,205.0,2.2,274.0,0.0,,,,,,,,,,2017-01-11T17:27:00,,,,,,,,,,,,,,,,,,
2017-01-11 19:00:00,1002.1,22.0,71.0,1.5,162.0,3.0,225.0,0.0,,,,,,,,,,2017-01-11T18:27:00,,,,,,,,,,,,,,,,,,
2017-01-11 20:00:00,1002.7,21.4,75.0,1.3,186.0,2.7,175.0,0.0,,,,,,,,,,2017-01-11T19:17:00,,,,,,,,,,,,,,,,,,
2017-01-11 21:00:00,1003.0,20.6,77.0,1.2,196.0,2.4,184.0,0.0,,,,,,,,,,2017-01-11T20:33:00,,,,,,,,,,,,,,,,,,
2017-01-11 22:00:00,1003.4,20.0,79.0,0.9,179.0,2.3,172.0,0.0,,,,,,,,,,2017-01-11T21:19:00,,,,,,,,,,,,,,,,,,
2017-01-11 23:00:00,1003.4,19.6,82.0,1.3,201.0,2.2,203.0,0.0,,,,,,,,,,2017-01-11T22:30:00,,,,,,,,,,,,,,,,,,
2017-01-12 00:00:00,1002.9,19.1,84.0,1.1,176.0,2.0,172.0,0.0,,,,,,,,,,2017-01-11T23:46:00,,,,,,,,,,,,,,,,,,
2017-01-12 01:00:00,1002.4,18.9,86.0,0.7,205.0,1.6,165.0,0.0,,,,,,,,,,2017-01-12T00:25:00,,,,,,,,,,,,,,,,,,
2017-01-12 02:00:00,1002.1,18.8,87.0,1.1,187.0,1.6,205.0,0.0,,,,,,,,,,2017-01-12T01:59:00,,,,,,,,,,,,,,,,,,
2017-01-12 03:00:00,1001.7,18.5,88.0,0.2,0.0,1.9,192.0,0.0,,,,,,,,,,2017-01-12T02:49:00,,,,,,,,,,,,,,,,,,
2017-01-12 04:00:00,1001.2,18.6,88.0,0.5,307.0,0.8,298.0,0.0,,,,,,,,,,2017-01-12T03:56:00,,,,,,,,,,,,,,,,,,
2017-01-12 05:00:00,1001.1,18.3,90.0,0.9,77.0,1.0,204.0,0.0,,,,,,,,,,2017-01-12T04:17:00,,,,,,,,,,,,,,,,,,
2017-01-12 06:00:00,1000.9,17.6,93.0,0.3,191.0,1.3,3.0,0.0,,,,,,,,,,2017-01-12T05:23:00,,,,,,,,,,,,,,,,,,
2017-01-12 07:00:00,1000.9,17.1,94.0,0.7,197.0,1.0,209.0,0.0,,,,,,,,,,2017-01-12T06:38:00,,,,,,,,,,,,,,,,,,
2017-01-12 08:00:00,1001.4,18.6,91.0,0.7,238.0,1.3,252.0,0.0,,,,,,,,,,2017-01-12T07:55:00,,,,,,,,,,,,,,,,,,
2017-01-12 09:00:00,1001.4,21.4,77.0,0.8,250.0,2.0,193.0,0.0,,,,,,,,,,2017-01-12T08:28:00,,,,,,,,,,,,,,,,,,
2017-01-12 10:00:00,1001.7,23.9,67.0,1.7,209.0,2.8,255.0,0.0,,,,,,,,,,2017-01-12T09:17:00,,,,,,,,,,,,,,,,,,
2017-01-12 11:00:00,1000.8,26.2,57.0,1.9,223.0,3.8,223.0,0.0,,,,,,,,,,2017-01-12T10:48:00,,,,,,,,,,,,,,,,,,
2017-01-12 12:00:00,999.9,26.5,56.0,2.0,235.0,4.4,223.0,0.0,,,,,,,,,,2017-01-12T11:14:00,,,,,,,,,,,,,,,,,,
2017-01-12 13:00:00,998.7,26.3,58.0,2.9,281.0,5.2,268.0,0.0,,,,,,,,,,2017-01-12T13:00:00,,,,,,,,,,,,,,,,,,
2017-01-12 14:00:00,997.9,26.3,56.0,2.0,252.0,4.4,263.0,0.0,,,,,,,,,,2017-01-12T13:32:00,,,,,,,,,,,,,,,,,,
2017-01-12 15:00:00,997.5,26.2,57.0,1.9,264.0,4.1,207.0,0.0,,,,,,,,,,2017-01-12T14:12:00,,,,,,,,,,,,,,,,,,
2017-01-12 16:00:00,997.6,25.1,61.0,2.2,280.0,3.9,260.0,0.0,,,,,,,,,,2017-01-12T15:02:00,,,,,,,,,,,,,,,,,,
2017-01-12 17:00:00,998.0,23.4,67.0,1.3,275.0,4.0,286.0,0.0,,,,,,,,,,2017-01-12T16:05:00,,,,,,,,,,,,,,,,,,
2017-01-12 18:00:00,998.2,22.1,73.0,1.4,211.0,2.1,274.0,0.0,,,,,,,,,,2017-01-12T17:01:00,,,,,,,,,,,,,,,,,,
2017-01-12 19:00:00,999.1,21.6,78.0,1.1,201.0,2.9,220.0,0.0,,,,,,,,,,2017-01-12T18:04:00,,,,,,,,,,,,,,,,,,
2017-01-12 20:00:00,999.7,21.2,81.0,0.5,179.0,2.2,191.0,0.0,,,,,,,,,,2017-01-12T19:36:00,,,,,,,,,,,,,,,,,,
2017-01-12 21:00:00,1000.1,20.9,83.0,1.8,203.0,3.0,196.0,0.0,,,,,,,,,,2017-01-12T21:00:00,,,,,,,,,,,,,,,,,,
2017-01-12 22:00:00,999.9,19.3,88.0,0.4,342.0,3.1,196.0,0.0,,,,,,,,,,2017-01-12T21:01:00,,,,,,,,,,,,,,,,,,
2017-01-12 23:00:00,999.8,18.5,91.0,1.1,193.0,2.0,183.0,0.0,,,,,,,,,,2017-01-12T22:33:00,,,,,,,,,,,,,,,,,,
2017-01-13 00:00:00,999.7,18.2,92.0,0.6,183.0,2.2,201.0,0.0,,,,,,,,,,2017-01-12T23:26:00,,,,,,,,,,,,,,,,,,
2017-01-13 01:00:00,998.8,18.0,93.0,0.6,3.0,1.6,175.0,0.0,,,,,,,,,,2017-01-13T00:03:00,,,,,,,,,,,,,,,,,,
2017-01-13 02:00:00,998.8,17.6,94.0,0.3,282.0,1.3,147.0,0.0,,,,,,,,,,2017-01-13T01:34:00,,,,,,,,,,,,,,,,,,
2017-01-13 03:00:00,998.9,17.3,95.0,1.2,214.0,1.6,200.0,0.0,,,,,,,,,,2017-01-13T03:00:00,,,,,,,,,,,,,,,,,,
2017-01-13 04:00:00,998.7,17.7,94.0,1.2,60.0,2.4,157.0,0.0,,,,,,,,,,2017-01-13T03:15:00,,,,,,,,,,,,,,,,,,
2017-01-13 05:00:00,998.0,17.3,95.0,0.7,70.0,1.9,1.0,0.0,,,,,,,,,,2017-01-13T04:22:00,,,,,,,,,,,,,,,,,,
2017-01-13 06:00:00,998.3,17.0,96.0,0.8,136.0,1.8,247.0,0.0,,,,,,,,,,2017-01-13T05:24:00,,,,,,,,,,,,,,,,,,
2017-01-13 07:00:00,998.9,16.6,96.0,0.7,72.0,1.4,81.0,0.0,,,,,,,,,,2017-01-13T06:23:00,,,,,,,,,,,,,,,,,,
2017-01-13 08:00:00,999.7,17.5,96.0,0.4,6.0,1.4,9.0,0.0,,,,,,,,,,2017-01-13T07:23:00,,,,,,,,,,,,,,,,,,
2017-01-13 09:00:00,999.9,20.9,81.0,0.9,292.0,2.0,275.0,0.0,,,,,,,,,,2017-01-13T08:51:00,,,,,,,,,,,,,,,,,,
2017-01-13 10:00:00,999.8,24.3,68.0,2.5,208.0,3.9,198.0,0.0,,,,,,,,,,2017-01-13T09:59:00,,,,,,,,,,,,,,,,,,
2017-01-13 11:00:00,999.2,26.5,61.0,2.7,187.0,4.6,225.0,0.0,,,,,,,,,,2017-01-13T10:36:00,,,,,,,,,,,,,,,,,,
2017-01-13 12:00:00,998.1,27.7,56.0,3.0,235.0,5.0,232.0,0.0,,,,,,,,,,2017-01-13T11:42:00,,,,,,,,,,,,,,,,,,
2017-01-13 13:00:00,997.5,28.2,54.0,2.5,242.0,5.4,243.0,0.0,,,,,,,,,,2017-01-13T12:02:00,,,,,,,,,,,,,,,,,,
2017-01-13 14:00:00,996.9,27.5,55.0,1.8,243.0,4.1,212.0,0.0,,,,,,,,,,2017-01-13T13:50:00,,,,,,,,,,,,,,,,,,
2017-01-13 15:00:00,996.8,25.6,63.0,1.9,295.0,4.2,217.0,0.0,,,,,,,,,,2017-01-13T14:12:00,,,,,,,,,,,,,,,,,,
2017-01-13 16:00:00,997.2,25.2,64.0,1.6,276.0,4.1,276.0,0.0,,,,,,,,,,2017-01-13T15:54:00,,,,,,,,,,,,,,,,,,
2017-01-13 17:00:00,997.7,24.2,68.0,1.2,199.0,3.9,293.0,0.0,,,,,,,,,,2017-01-13T16:13:00,,,,,,,,,,,,,,,,,,
2017-01-13 18:00:00,997.9,22.6,71.0,1.7,233.0,2.6,240.0,0.0,,,,,,,,,,2017-01-13T17:27:00,,,,,,,,,,,,,,,,,,
2017-01-13 19:00:00,998.6,21.4,73.0,2.1,190.0,3.7,198.0,0.0,,,,,,,,,,2017-01-13T18:25:00,,,,,,,,,,,,,,,,,,
2017-01-13 20:00:00,999.3,20.7,74.0,1.4,214.0,2.9,187.0,0.0,,,,,,,,,,2017-01-13T19:01:00,,,,,,,,,,,,,,,,,,
2017-01-13 21:00:00,999.8,19.7,76.0,1.5,218.0,3.4,205.0,0.0,,,,,,,,,,2017-01-13T20:17:00,,,,,,,,,,,,,,,,,,
2017-01-13 22:00:00,1000.1,19.7,77.0,1.1,215.0,1.8,207.0,0.0,,,,,,,,,,2017-01-13T21:01:00,,,,,,,,,,,,,,,,,,
2017-01-13 23:00:00,1000.1,19.4,79.0,1.1,230.0,2.1,181.0,0.0,,,,,,,,,,2017-01-13T22:22:00,,,,,,,,,,,,,,,,,,
2017-01-14 00:00:00,1000.1,18.8,80.0,1.7,193.0,3.1,187.0,0.0,,,,,,,,,,2017-01-13T23:49:00,,,,,,,,,,,,,,,,,,
2017-01-14 01:00:00,999.9,18.4,81.0,1.7,187.0,2.7,215.0,0.0,,,,,,,,,,2017-01-14T00:02:00,,,,,,,,,,,,,,,,,,
2017-01-14 02:00:00,999.6,17.9,83.0,0.8,223.0,3.0,183.0,0.0,,,,,,,,,,2017-01-14T01:20:00,,,,,,,,,,,,,,,,,,
2017-01-14 03:00:00,999.5,17.9,84.0,1.4,213.0,1.9,218.0,0.0,,,,,,,,,,2017-01-14T02:49:00,,,,,,,,,,,,,,,,,,
2017-01-14 04:00:00,999.4,17.9,84.0,0.8,185.0,1.9,227.0,0.0,,,,,,,,,,2017-01-14T03:09:00,,,,,,,,,,,,,,,,,,
2017-01-14 05:00:00,999.6,17.4,86.0,2.0,215.0,3.4,209.0,0.0,,,,,,,,,,2017-01-14T04:54:00,,,,,,,,,,,,,,,,,,
2017-01-14 06:00:00,999.9,17.2,87.0,1.1,267.0,2.5,202.0,0.0,,,,,,,,,,2017-01-14T05:01:00,,,,,,,,,,,,,,,,,,
2017-01-14 07:00:00,1000.8,17.0,87.0,0.5,83.0,3.4,211.0,0.0,,,,,,,,,,2017-01-14T06:17:00,,,,,,,,,,,,,,,,,,
2017-01-14 08:00:00,1001.7,17.2,86.0,2.1,199.0,2.9,199.0,0.0,,,,,,,,,,2017-01-14T07:47:00,,,,,,,,,,,,,,,,,,
2017-01-14 09:00:00,1002.2,17.9,85.0,0.4,242.0,3.0,178.0,0.0,,,,,,,,,,2017-01-14T08:04:00,,,,,,,,,,,,,,,,,,
2017-01-14 10:00:00,1002.6,18.7,81.0,1.9,202.0,3.1,199.0,0.0,,,,,,,,,,2017-01-14T10:00:00,,,,,,,,,,,,,,,,,,
2017-01-14 11:00:00,1002.1,18.2,84.0,1.7,190.0,3.9,206.0,0.0,,,,,,,,,,2017-01-14T10:15:00,,,,,,,,,,,,,,,,,,
2017-01-14 12:00:00,1001.5,17.5,89.0,1.6,206.0,3.4,174.0,0.0,,,,,,,,,,2017-01-14T11:22:00,,,,,,,,,,,,,,,,,,
2017-01-14 13:00:00,1000.8,17.5,89.0,1.4,191.0,2.6,196.0,0.0,,,,,,,,,,2017-01-14T12:14:00,,,,,,,,,,,,,,,,,,
2017-01-14 14:00:00,1000.3,18.8,83.0,1.2,231.0,2.3,143.0,0.0,,,,,,,,,,2017-01-14T13:04:00,,,,,,,,,,,,,,,,,,
2017-01-14 15:00:00,999.9,19.5,81.0,0.3,354.0,2.4,164.0,0.0,,,,,,,,,,2017-01-14T14:24:00,,,,,,,,,,,,,,,,,,
2017-01-14 16:00:00,1000.1,20.3,79.0,0.2,0.0,1.5,289.0,0.0,,,,,,,,,,2017-01-14T15:02:00,,,,,,,,,,,,,,,,,,
2017-01-14 17:00:00,1000.8,19.9,81.0,1.6,225.0,2.8,172.0,0.0,,,,,,,,,,2017-01-14T16:33:00,,,,,,,,,,,,,,,,,,
2017-01-14 18:00:00,1001.7,19.2,84.0,1.7,209.0,2.9,224.0,0.0,,,,,,,,,,2017-01-14T17:29:00,,,,,,,,,,,,,,,,,,
2017-01-14 19:00:00,1002.6,18.0,84.0,1.8,183.0,3.5,224.0,0.0,,,,,,,,,,2017-01-14T18:15:00,,,,,,,,,,,,,,,,,,
2017-01-14 20:00:00,1003.1,17.6,92.0,0.6,172.0,2.6,176.0,0.0,,,,,,,,,,2017-01-14T19:01:00,,,,,,,,,,,,,,,,,,
2017-01-14 21:00:00,1003.4,17.4,93.0,0.0,0.0,0.9,223.0,0.0,,,,,,,,,,2017-01-14T20:07:00,,,,,,,,,,,,,,,,,,
2017-01-14 22:00:00,1003.2,17.5,94.0,1.0,240.0,1.6,232.0,0.0,,,,,,,,,,2017-01-14T21:55:00,,,,,,,,,,,,,,,,,,
2017-01-14 23:00:00,1003.3,17.4,94.0,1.0,183.0,2.3,220.0,0.0,,,,,,,,,,2017-01-14T22:10:00,,,,,,,,,,,,,,,,,,
2017-01-15 00:00:00,1003.6,17.1,94.0,1.6,230.0,2.5,233.0,0.0,,,,,,,,,,2017-01-14T23:51:00,,,,,,,,,,,,,,,,,,
2017-01-15 01:00:00,1004.1,16.4,89.0,1.4,157.0,3.0,178.0,0.0,,,,,,,,,,2017-01-15T00:09:00,,,,,,,,,,,,,,,,,,
2017-01-15 02:00:00,1003.8,16.7,90.0,0.8,25.0,1.9,159.0,0.0,,,,,,,,,,2017-01-15T01:03:00,,,,,,,,,,,,,,,,,,
2017-01-15 03:00:00,1003.0,17.0,93.0,0.8,118.0,3.4,293.0,0.0,,,,,,,,,,2017-01-15T02:36:00,,,,,,,,,,,,,,,,,,
2017-01-15 04:00:00,1002.5,16.1,95.0,1.3,152.0,1.9,183.0,0.0,,,,,,,,,,2017-01-15T03:50:00,,,,,,,,,,,,,,,,,,
2017-01-15 05:00:00,1002.7,16.1,95.0,0.8,129.0,1.3,119.0,0.0,,,,,,,,,,2017-01-15T04:01:00,,,,,,,,,,,,,,,,,,
2017-01-15 06:00:00,1003.4,16.6,96.0,1.1,168.0,2.2,186.0,0.0,,,,,,,,,,2017-01-15T05:59:00,,,,,,,,,,,,,,,,,,
2017-01-15 07:00:00,1003.7,16.1,94.0,1.6,188.0,2.3,186.0,0.0,,,,,,,,,,2017-01-15T06:58:00,,,,,,,,,,,,,,,,,,
2017-01-15 08:00:00,1004.9,16.2,91.0,0.5,184.0,2.2,210.0,0.0,,,,,,,,,,2017-01-15T07:28:00,,,,,,,,,,,,,,,,,,
2017-01-15 09:00:00,1005.4,16.8,90.0,0.7,220.0,2.3,197.0,0.0,,,,,,,,,,2017-01-15T08:19:00,,,,,,,,,,,,,,,,,,
2017-01-15 10:00:00,1005.6,16.5,93.0,0.3,173.0,2.2,180.0,0.0,,,,,,,,,,2017-01-15T09:33:00,,,,,,,,,,,,,,,,,,
2017-01-15 11:00:00,1005.0,19.9,82.0,1.0,41.0,2.0,360.0,0.0,,,,,,,,,,2017-01-15T10:59:00,,,,,,,,,,,,,,,,,,
2017-01-15 12:00:00,1003.9,21.4,70.0,1.1,171.0,2.5,156.0,0.0,,,,,,,,,,2017-01-15T11:49:00,,,,,,,,,,,,,,,,,,
2017-01-15 13:00:00,1003.0,21.5,69.0,0.9,211.0,2.5,210.0,0.0,,,,,,,,,,2017-01-15T12:54:00,,,,,,,,,,,,,,,,,,
2017-01-15 14:00:00,1002.1,22.1,67.0,1.1,317.0,3.4,298.0,0.0,,,,,,,,,,2017-01-15T13:56:00,,,,,,,,,,,,,,,,,,
2017-01-15 15:00:00,1001.7,22.6,65.0,1.3,353.0,3.1,255.0,0.0,,,,,,,,,,2017-01-15T14:01:00,,,,,,,,,,,,,,,,,,
2017-01-15 16:00:00,1001.9,22.5,66.0,1.8,287.0,3.4,287.0,0.0,,,,,,,,,,2017-01-15T15:19:00,,,,,,,,,,,,,,,,,,
2017-01-15 17:00:00,1002.2,21.0,70.0,2.2,291.0,4.5,292.0,0.0,,,,,,,,,,2017-01-15T16:03:00,,,,,,,,,,,,,,,,,,
2017-01-15 18:00:00,1002.7,19.2,78.0,1.4,202.0,3.0,300.0,0.0,,,,,,,,,,2017-01-15T17:06:00,,,,,,,,,,,,,,,,,,
2017-01-15 19:00:00,1003.3,18.9,80.0,1.3,257.0,2.4,262.0,0.0,,,,,,,,,,2017-01-15T18:57:00,,,,,,,,,,,,,,,,,,
2017-01-15 20:00:00,1003.8,18.4,77.0,1.2,238.0,2.5,239.0,0.0,,,,,,,,,,2017-01-15T19:11:00,,,,,,,,,,,,,,,,,,
2017-01-15 21:00:00,1004.2,17.5,79.0,1.2,182.0,2.6,203.0,0.0,,,,,,,,,,2017-01-15T20:16:00,,,,,,,,,,,,,,,,,,
2017-01-15 22:00:00,1004.6,17.2,80.0,1.6,180.0,2.2,174.0,0.0,,,,,,,,,,2017-01-15T21:55:00,,,,,,,,,,,,,,,,,,
2017-01-15 23:00:00,1004.6,16.9,81.0,1.1,187.0,2.7,174.0,0.0,,,,,,,,,,2017-01-15T22:09:00,,,,,,,,,,,,,,,,,,
2017-01-16 00:00:00,1004.7,16.7,83.0,0.6,288.0,1.9,181.0,0.0,,,,,,,,,,2017-01-15T23:02:00,,,,,,,,,,,,,,,,,,
2017-01-16 01:00:00,1004.5,16.5,84.0,0.6,154.0,1.2,208.0,0.0,,,,,,,,,,2017-01-16T00:09:00,,,,,,,,,,,,,,,,,,
2017-01-16 02:00:00,1004.2,16.2,87.0,0.0,0.0,1.1,217.0,0.0,,,,,,,,,,2017-01-16T01:20:00,,,,,,,,,,,,,,,,,,
2017-01-16 03:00:00,1003.7,15.9,90.0,0.0,0.0,1.2,269.0,0.0,,,,,,,,,,2017-01-16T02:35:00,,,,,,,,,,,,,,,,,,
2017-01-16 04:00:00,1003.5,16.0,89.0,0.0,0.0,1.3,164.0,0.0,,,,,,,,,,2017-01-16T03:13:00,,,,,,,,,,,,,,,,,,
2017-01-16 05:00:00,1003.7,15.6,91.0,0.9,229.0,1.1,263.0,0.0,,,,,,,,,,2017-01-16T04:27:00,,,,,,,,,,,,,,,,,,
2017-01-16 06:00:00,1004.2,14.4,93.0,1.1,197.0,2.7,177.0,0.0,,,,,,,,,,2017-01-16T05:33:00,,,,,,,,,,,,,,,,,,
2017-01-16 07:00:00,1004.7,14.1,92.0,0.2,0.0,1.5,155.0,0.0,,,,,,,,,,2017-01-16T06:33:00,,,,,,,,,,,,,,,,,,
2017-01-16 08:00:00,1004.8,15.3,90.0,0.5,330.0,2.0,156.0,0.0,,,,,,,,,,2017-01-16T07:04:00,,,,,,,,,,,,,,,,,,
2017-01-16 09:00:00,1005.3,17.3,84.0,1.5,203.0,2.5,234.0,0.0,,,,,,,,,,2017-01-16T08:56:00,,,,,,,,,,,,,,,,,,
2017-01-16 10:00:00,1005.1,19.9,73.0,0.5,283.0,2.1,249.0,0.0,,,,,,,,,,2017-01-16T09:02:00,,,,,,,,,,,,,,,,,,
2017-01-16 11:00:00,1004.9,22.8,64.0,1.8,197.0,3.7,199.0,0.0,,,,,,,,,,2017-01-16T10:58:00,,,,,,,,,,,,,,,,,,
2017-01-16 12:00:00,1004.0,24.7,55.0,2.1,227.0,4.3,234.0,0.0,,,,,,,,,,2017-01-16T11:17:00,,,,,,,,,,,,,,,,,,
2017-01-16 13:00:00,1003.1,24.3,55.0,1.8,252.0,4.8,217.0,0.0,,,,,,,,,,2017-01-16T12:26:00,,,,,,,,,,,,,,,,,,
2017-01-16 14:00:00,1002.2,23.6,58.0,1.7,266.0,4.7,238.0,0.0,,,,,,,,,,2017-01-16T13:03:00,,,,,,,,,,,,,,,,,,
2017-01-16 15:00:00,1001.8,23.9,56.0,2.6,232.0,4.5,213.0,0.0,,,,,,,,,,2017-01-16T14:19:00,,,,,,,,,,,,,,,,,,
2017-01-16 16:00:00,1001.8,22.9,60.0,1.3,301.0,4.7,217.0,0.0,,,,,,,,,,2017-01-16T15:05:00,,,,,,,,,,,,,,,,,,
2017-01-16 17:00:00,1002.2,21.8,63.0,1.6,290.0,3.7,292.0,0.0,,,,,,,,,,2017-01-16T16:40:00,,,,,,,,,,,,,,,,,,
2017-01-16 18:00:00,1002.9,20.0,68.0,0.8,255.0,2.7,283.0,0.0,,,,,,,,,,2017-01-16T17:28:00,,,,,,,,,,,,,,,,,,
2017-01-16 19:00:00,1003.9,18.7,74.0,1.7,225.0,3.6,217.0,0.0,,,,,,,,,,2017-01-16T18:59:00,,,,,,,,,,,,,,,,,,
2017-01-16 20:00:00,1004.7,17.7,79.0,1.0,165.0,3.4,219.0,0.0,,,,,,,,,,2017-01-16T19:02:00,,,,,,,,,,,,,,,,,,
2017-01-16 21:00:00,1005.5,16.2,88.0,0.7,43.0,1.6,63.0,0.0,,,,,,,,,,2017-01-16T20:08:00,,,,,,,,,,,,,,,,,,
2017-01-16 22:00:00,1006.0,15.4,90.0,1.1,74.0,1.8,61.0,0.0,,,,,,,,,,2017-01-16T21:07:00,,,,,,,,,,,,,,,,,,
2017-01-16 23:00:00,1006.1,15.8,90.0,0.9,86.0,2.1,55.0,0.0,,,,,,,,,,2017-01-16T22:37:00,,,,,,,,,,,,,,,,,,
2017-01-17 00:00:00,1005.6,15.2,92.0,0.7,95.0,1.6,91.0,0.0,,,,,,,,,,2017-01-16T23:10:00,,,,,,,,,,,,,,,,,,
2017-01-17 01:00:00,1005.2,15.1,91.0,0.9,353.0,2.0,60.0,0.0,,,,,,,,,,2017-01-17T00:17:00,,,,,,,,,,,,,,,,,,
2017-01-17 02:00:00,1005.4,14.4,94.0,0.8,355.0,2.2,151.0,0.0,,,,,,,,,,2017-01-17T01:29:00,,,,,,,,,,,,,,,,,,
2017-01-17 03:00:00,1005.5,14.0,95.0,1.1,158.0,1.5,162.0,0.0,,,,,,,,,,2017-01-17T02:59:00,,,,,,,,,,,,,,,,,,
2017-01-17 04:00:00,1005.2,14.6,93.0,0.4,49.0,1.9,121.0,0.0,,,,,,,,,,2017-01-17T03:05:00,,,,,,,,,,,,,,,,,,
2017-01-17 05:00:00,1005.2,13.7,95.0,0.8,94.0,1.7,350.0,0.0,,,,,,,,,,2017-01-17T04:22:00,,,,,,,,,,,,,,,,,,
2017-01-17 06:00:00,1005.4,13.8,95.0,0.9,357.0,1.9,111.0,0.0,,,,,,,,,,2017-01-17T05:04:00,,,,,,,,,,,,,,,,,,
2017-01-17 07:00:00,1006.1,13.8,95.0,1.1,52.0,1.6,353.0,0.0,,,,,,,,,,2017-01-17T06:04:00,,,,,,,,,,,,,,,,,,
2017-01-17 08:00:00,1006.7,15.1,92.0,0.7,92.0,2.0,6.0,0.0,,,,,,,,,,2017-01-17T07:25:00,,,,,,,,,,,,,,,,,,
2017-01-17 09:00:00,1007.0,18.0,80.0,0.6,207.0,1.9,23.0,0.0,,,,,,,,,,2017-01-17T08:21:00,,,,,,,,,,,,,,,,,,
2017-01-17 10:00:00,1006.8,20.8,69.0,1.6,240.0,2.4,211.0,0.0,,,,,,,,,,2017-01-17T09:47:00,,,,,,,,,,,,,,,,,,
2017-01-17 11:00:00,1006.2,24.2,55.0,1.0,185.0,3.4,182.0,0.0,,,,,,,,,,2017-01-17T10:49:00,,,,,,,,,,,,,,,,,,
2017-01-17 12:00:00,1005.4,25.1,53.0,2.3,199.0,4.0,268.0,0.0,,,,,,,,,,2017-01-17T11:27:00,,,,,,,,,,,,,,,,,,
2017-01-17 13:00:00,1004.6,26.1,48.0,1.9,259.0,3.8,269.0,0.0,,,,,,,,,,2017-01-17T12:53:00,,,,,,,,,,,,,,,,,,
2017-01-17 14:00:00,1003.9,25.8,49.0,2.1,288.0,4.5,286.0,0.0,,,,,,,,,,2017-01-17T13:46:00,,,,,,,,,,,,,,,,,,
2017-01-17 15:00:00,1003.4,26.1,48.0,1.9,270.0,4.8,271.0,0.0,,,,,,,,,,2017-01-17T14:07:00,,,,,,,,,,,,,,,,,,
2017-01-17 16:00:00,1003.7,24.1,60.0,1.6,298.0,6.3,285.0,0.0,,,,,,,,,,2017-01-17T15:51:00,,,,,,,,,,,,,,,,,,
2017-01-17 17:00:00,1004.2,22.1,67.0,1.8,295.0,5.6,292.0,0.0,,,,,,,,,,2017-01-17T16:05:00,,,,,,,,,,,,,,,,,,
2017-01-17 18:00:00,1004.9,19.7,75.0,1.3,211.0,5.1,285.0,0.0,,,,,,,,,,2017-01-17T17:16:00,,,,,,,,,,,,,,,,,,
2017-01-17 19:00:00,1005.9,18.7,80.0,0.9,198.0,2.6,158.0,0.0,,,,,,,,,,2017-01-17T18:39:00,,,,,,,,,,,,,,,,,,
2017-01-17 20:00:00,1006.6,17.5,85.0,0.5,93.0,1.5,151.0,0.0,,,,,,,,,,2017-01-17T19:20:00,,,,,,,,,,,,,,,,,,
2017-01-17 21:00:00,1007.0,16.6,90.0,0.9,67.0,1.8,53.0,0.0,,,,,,,,,,2017-01-17T20:54:00,,,,,,,,,,,,,,,,,,
2017-01-17 22:00:00,1007.2,16.3,91.0,0.4,60.0,1.9,52.0,0.0,,,,,,,,,,2017-01-17T21:34:00,,,,,,,,,,,,,,,,,,
2017-01-17 23:00:00,1007.6,15.9,92.0,0.3,99.0,1.1,117.0,0.0,,,,,,,,,,2017-01-17T22:29:00,,,,,,,,,,,,,,,,,,
2017-01-18 00:00:00,1007.5,16.7,91.0,0.7,64.0,1.9,15.0,0.0,,,,,,,,,,2017-01-17T23:36:00,,,,,,,,,,,,,,,,,,
2017-01-18 01:00:00,1007.2,16.7,92.0,0.0,0.0,1.4,74.0,0.0,,,,,,,,,,2017-01-18T00:03:00,,,,,,,,,,,,,,,,,,
2017-01-18 02:00:00,1007.1,16.0,93.0,0.8,4.0,1.5,2.0,0.0,,,,,,,,,,2017-01-18T02:00:00,,,,,,,,,,,,,,,,,,
2017-01-18 03:00:00,1007.0,15.0,94.0,0.5,228.0,1.5,205.0,0.0,,,,,,,,,,2017-01-18T02:46:00,,,,,,,,,,,,,,,,,,
2017-01-18 04:00:00,1006.9,14.7,95.0,0.7,117.0,1.6,15.0,0.0,,,,,,,,,,2017-01-18T03:39:00,,,,,,,,,,,,,,,,,,
2017-01-18 05:00:00,1007.0,14.6,95.0,0.7,270.0,1.5,63.0,0.0,,,,,,,,,,2017-01-18T04:48:00,,,,,,,,,,,,,,,,,,
2017-01-18 06:00:00,1007.2,13.9,95.0,0.5,54.0,1.4,61.0,0.0,,,,,,,,,,2017-01-18T05:46:00,,,,,,,,,,,,,,,,,,
2017-01-18 07:00:00,1007.4,13.9,95.0,0.5,98.0,1.7,360.0,0.0,,,,,,,,,,2017-01-18T06:37:00,,,,,,,,,,,,,,,,,,
2017-01-18 08:00:00,1007.6,16.4,89.0,0.7,357.0,2.1,24.0,0.0,,,,,,,,,,2017-01-18T07:51:00,,,,,,,,,,,,,,,,,,
2017-01-18 09:00:00,1007.9,20.2,73.0,1.0,161.0,1.8,161.0,0.0,,,,,,,,,,2017-01-18T08:57:00,,,,,,,,,,,,,,,,,,
2017-01-18 10:00:00,1007.5,22.6,60.0,1.1,340.0,2.4,12.0,0.0,,,,,,,,,,2017-01-18T09:52:00,,,,,,,,,,,,,,,,,,
2017-01-18 11:00:00,1006.7,26.1,52.0,2.2,199.0,3.7,208.0,0.0,,,,,,,,,,2017-01-18T10:43:00,,,,,,,,,,,,,,,,,,
2017-01-18 12:00:00,1006.2,27.6,51.0,2.8,223.0,5.4,210.0,0.0,,,,,,,,,,2017-01-18T11:33:00,,,,,,,,,,,,,,,,,,
2017-01-18 13:00:00,1004.9,28.4,43.0,3.0,208.0,5.6,189.0,0.0,,,,,,,,,,2017-01-18T12:57:00,,,,,,,,,,,,,,,,,,
2017-01-18 14:00:00,1004.0,28.6,43.0,2.2,230.0,5.2,222.0,0.0,,,,,,,,,,2017-01-18T13:39:00,,,,,,,,,,,,,,,,,,
2017-01-18 15:00:00,1003.8,27.9,46.0,1.8,277.0,5.2,250.0,0.0,,,,,,,,,,2017-01-18T14:31:00,,,,,,,,,,,,,,,,,,
2017-01-18 16:00:00,1003.8,27.1,48.0,2.3,283.0,5.0,240.0,0.0,,,,,,,,,,2017-01-18T15:28:00,,,,,,,,,,,,,,,,,,
2017-01-18 17:00:00,1004.1,23.9,67.0,2.1,261.0,5.5,296.0,0.0,,,,,,,,,,2017-01-18T16:13:00,,,,,,,,,,,,,,,,,,
2017-01-18 18:00:00,1004.6,21.7,74.0,1.1,226.0,4.0,272.0,0.0,,,,,,,,,,2017-01-18T17:01:00,,,,,,,,,,,,,,,,,,
2017-01-18 19:00:00,1005.1,20.8,80.0,1.1,194.0,2.1,206.0,0.0,,,,,,,,,,2017-01-18T18:16:00,,,,,,,,,,,,,,,,,,
2017-01-18 20:00:00,1005.6,20.4,81.0,0.5,81.0,1.9,180.0,0.0,,,,,,,,,,2017-01-18T19:26:00,,,,,,,,,,,,,,,,,,
2017-01-18 21:00:00,1006.0,20.5,82.0,0.2,0.0,0.7,106.0,0.0,,,,,,,,,,2017-01-18T20:01:00,,,,,,,,,,,,,,,,,,
2017-01-18 22:00:00,1006.1,20.5,83.0,0.4,51.0,1.1,71.0,0.0,,,,,,,,,,2017-01-18T21:09:00,,,,,,,,,,,,,,,,,,
2017-01-18 23:00:00,1006.0,20.3,85.0,0.8,53.0,1.5,48.0,0.0,,,,,,,,,,2017-01-18T22:57:00,,,,,,,,,,,,,,,,,,
2017-01-19 00:00:00,1005.8,19.1,89.0,0.7,98.0,1.3,60.0,0.0,,,,,,,,,,2017-01-18T23:27:00,,,,,,,,,,,,,,,,,,
2017-01-19 01:00:00,1005.5,18.9,90.0,0.8,350.0,1.6,69.0,0.0,,,,,,,,,,2017-01-19T00:38:00,,,,,,,,,,,,,,,,,,
2017-01-19 02:00:00,1005.4,19.2,90.0,0.3,270.0,1.5,348.0,0.0,,,,,,,,,,2017-01-19T01:10:00,,,,,,,,,,,,,,,,,,
2017-01-19 03:00:00,1005.5,18.9,90.0,1.1,72.0,1.9,76.0,0.0,,,,,,,,,,2017-01-19T02:58:00,,,,,,,,,,,,,,,,,,
2017-01-19 04:00:00,1005.4,18.3,91.0,0.8,111.0,1.9,68.0,0.0,,,,,,,,,,2017-01-19T03:06:00,,,,,,,,,,,,,,,,,,
2017-01-19 05:00:00,1005.6,18.3,91.0,0.5,73.0,1.4,61.0,0.0,,,,,,,,,,2017-01-19T04:37:00,,,,,,,,,,,,,,,,,,
2017-01-19 06:00:00,1005.7,18.6,85.0,1.3,55.0,2.3,64.0,0.0,,,,,,,,,,2017-01-19T05:50:00,,,,,,,,,,,,,,,,,,
2017-01-19 07:00:00,1006.0,17.9,85.0,1.0,50.0,2.7,52.0,0.0,,,,,,,,,,2017-01-19T06:32:00,,,,,,,,,,,,,,,,,,
2017-01-19 08:00:00,1006.3,19.6,75.0,1.2,52.0,3.5,53.0,0.0,,,,,,,,,,2017-01-19T07:40:00,,,,,,,,,,,,,,,,,,
2017-01-19 09:00:00,1006.6,23.3,58.0,1.2,37.0,3.1,70.0,0.0,,,,,,,,,,2017-01-19T08:33:00,,,,,,,,,,,,,,,,,,
2017-01-19 10:00:00,1006.3,26.6,51.0,1.9,210.0,3.3,228.0,0.0,,,,,,,,,,2017-01-19T09:51:00,,,,,,,,,,,,,,,,,,
2017-01-19 11:00:00,1005.5,29.0,42.0,1.3,243.0,3.7,285.0,0.0,,,,,,,,,,2017-01-19T10:23:00,,,,,,,,,,,,,,,,,,
2017-01-19 12:00:00,1004.4,29.7,38.0,1.7,288.0,4.9,5.0,0.0,,,,,,,,,,2017-01-19T11:31:00,,,,,,,,,,,,,,,,,,
2017-01-19 13:00:00,1003.1,29.3,49.0,3.2,271.0,6.3,294.0,0.0,,,,,,,,,,2017-01-19T12:41:00,,,,,,,,,,,,,,,,,,
2017-01-19 14:00:00,1002.2,29.2,46.0,2.2,272.0,5.7,275.0,0.0,,,,,,,,,,2017-01-19T13:44:00,,,,,,,,,,,,,,,,,,
2017-01-19 15:00:00,1001.9,28.9,44.0,1.7,281.0,5.2,270.0,0.0,,,,,,,,,,2017-01-19T14:02:00,,,,,,,,,,,,,,,,,,
2017-01-19 16:00:00,1001.8,28.2,45.0,1.5,299.0,6.4,250.0,0.0,,,,,,,,,,2017-01-19T15:10:00,,,,,,,,,,,,,,,,,,
2017-01-19 17:00:00,1002.0,26.6,52.0,1.5,288.0,5.0,277.0,0.0,,,,,,,,,,2017-01-19T16:04:00,,,,,,,,,,,,,,,,,,
2017-01-19 18:00:00,1002.6,23.1,71.0,1.5,227.0,4.1,299.0,0.0,,,,,,,,,,2017-01-19T17:22:00,,,,,,,,,,,,,,,,,,
2017-01-19 19:00:00,1003.2,21.4,75.0,1.2,218.0,3.3,251.0,0.0,,,,,,,,,,2017-01-19T18:18:00,,,,,,,,,,,,,,,,,,
2017-01-19 20:00:00,1003.8,20.5,80.0,0.6,89.0,2.5,207.0,0.0,,,,,,,,,,2017-01-19T19:05:00,,,,,,,,,,,,,,,,,,
2017-01-19 21:00:00,1004.2,19.0,87.0,0.7,91.0,1.5,103.0,0.0,,,,,,,,,,2017-01-19T20:36:00,,,,,,,,,,,,,,,,,,
2017-01-19 22:00:00,1004.3,18.7,89.0,0.0,0.0,1.5,59.0,0.0,,,,,,,,,,2017-01-19T21:11:00,,,,,,,,,,,,,,,,,,
2017-01-19 23:00:00,1004.6,17.9,90.0,0.4,85.0,1.2,122.0,0.0,,,,,,,,,,2017-01-19T22:10:00,,,,,,,,,,,,,,,,,,
2017-01-20 00:00:00,1004.6,17.5,91.0,1.1,60.0,1.5,57.0,0.0,,,,,,,,,,2017-01-19T23:57:00,,,,,,,,,,,,,,,,,,
2017-01-20 01:00:00,1004.3,17.3,91.0,1.0,75.0,1.8,55.0,0.0,,,,,,,,,,2017-01-20T00:13:00,,,,,,,,,,,,,,,,,,
2017-01-20 02:00:00,1004.2,17.1,93.0,0.4,18.0,1.4,334.0,0.0,,,,,,,,,,2017-01-20T01:41:00,,,,,,,,,,,,,,,,,,
2017-01-20 03:00:00,1004.1,16.6,93.0,0.0,0.0,1.5,59.0,0.0,,,,,,,,,,2017-01-20T02:24:00,,,,,,,,,,,,,,,,,,
2017-01-20 04:00:00,1004.1,16.2,95.0,0.9,203.0,2.4,190.0,0.0,,,,,,,,,,2017-01-20T03:48:00,,,,,,,,,,,,,,,,,,
2017-01-20 05:00:00,1004.4,16.4,95.0,0.8,185.0,1.9,184.0,0.0,,,,,,,,,,2017-01-20T04:43:00,,,,,,,,,,,,,,,,,,
2017-01-20 06:00:00,1004.9,16.6,96.0,1.3,189.0,2.1,189.0,0.0,,,,,,,,,,2017-01-20T05:28:00,,,,,,,,,,,,,,,,,,
2017-01-20 07:00:00,1005.6,16.7,96.0,0.0,0.0,2.5,163.0,0.0,,,,,,,,,,2017-01-20T06:02:00,,,,,,,,,,,,,,,,,,
2017-01-20 08:00:00,1006.1,16.9,95.0,1.1,70.0,2.2,83.0,0.0,,,,,,,,,,2017-01-20T07:59:00,,,,,,,,,,,,,,,,,,
2017-01-20 09:00:00,1006.6,17.7,89.0,0.9,17.0,2.4,61.0,0.0,,,,,,,,,,2017-01-20T08:01:00,,,,,,,,,,,,,,,,,,
2017-01-20 10:00:00,1006.9,21.4,74.0,2.3,239.0,3.4,209.0,0.0,,,,,,,,,,2017-01-20T09:56:00,,,,,,,,,,,,,,,,,,
2017-01-20 11:00:00,1006.4,23.4,66.0,2.7,193.0,4.6,211.0,0.0,,,,,,,,,,2017-01-20T11:00:00,,,,,,,,,,,,,,,,,,
2017-01-20 12:00:00,1005.3,25.2,59.0,2.4,199.0,5.0,222.0,0.0,,,,,,,,,,2017-01-20T11:53:00,,,,,,,,,,,,,,,,,,
2017-01-20 13:00:00,1004.2,25.4,57.0,1.9,284.0,4.8,186.0,0.0,,,,,,,,,,2017-01-20T12:06:00,,,,,,,,,,,,,,,,,,
2017-01-20 14:00:00,1003.4,25.3,55.0,2.3,278.0,5.1,296.0,0.0,,,,,,,,,,2017-01-20T13:45:00,,,,,,,,,,,,,,,,,,
2017-01-20 15:00:00,1002.9,25.3,55.0,2.9,278.0,5.6,276.0,0.0,,,,,,,,,,2017-01-20T14:37:00,,,,,,,,,,,,,,,,,,
2017-01-20 16:00:00,1003.0,24.3,57.0,2.5,288.0,5.3,290.0,0.0,,,,,,,,,,2017-01-20T15:36:00,,,,,,,,,,,,,,,,,,
2017-01-20 17:00:00,1003.7,21.7,61.0,1.6,239.0,5.7,284.0,0.0,,,,,,,,,,2017-01-20T16:05:00,,,,,,,,,,,,,,,,,,
2017-01-20 18:00:00,1004.5,19.9,67.0,2.5,191.0,4.1,209.0,0.0,,,,,,,,,,2017-01-20T18:00:00,,,,,,,,,,,,,,,,,,
2017-01-20 19:00:00,1005.5,17.9,72.0,1.9,187.0,4.2,202.0,0.0,,,,,,,,,,2017-01-20T18:17:00,,,,,,,,,,,,,,,,,,
2017-01-20 20:00:00,1006.0,17.0,74.0,1.5,203.0,3.7,172.0,0.0,,,,,,,,,,2017-01-20T19:02:00,,,,,,,,,,,,,,,,,,
2017-01-20 21:00:00,1006.6,16.6,76.0,1.5,185.0,3.2,208.0,0.0,,,,,,,,,,2017-01-20T20:25:00,,,,,,,,,,,,,,,,,,
2017-01-20 22:00:00,1006.7,16.0,76.0,2.0,203.0,3.0,210.0,0.0,,,,,,,,,,2017-01-20T21:57:00,,,,,,,,,,,,,,,,,,
2017-01-20 23:00:00,1006.8,15.9,76.0,2.0,204.0,2.7,217.0,0.0,,,,,,,,,,2017-01-20T22:02:00,,,,,,,,,,,,,,,,,,
2017-01-21 00:00:00,1007.0,15.4,77.0,1.7,206.0,2.6,194.0,0.0,,,,,,,,,,2017-01-20T23:57:00,,,,,,,,,,,,,,,,,,
2017-01-21 01:00:00,1007.0,14.7,77.0,1.6,200.0,3.2,201.0,0.0,,,,,,,,,,2017-01-21T00:25:00,,,,,,,,,,,,,,,,,,
2017-01-21 02:00:00,1007.1,14.5,77.0,1.3,209.0,2.3,217.0,0.0,,,,,,,,,,2017-01-21T01:06:00,,,,,,,,,,,,,,,,,,
2017-01-21 03:00:00,1007.0,14.2,77.0,1.2,206.0,2.6,198.0,0.0,,,,,,,,,,2017-01-21T02:19:00,,,,,,,,,,,,,,,,,,
2017-01-21 04:00:00,1007.1,14.3,77.0,0.9,209.0,2.3,213.0,0.0,,,,,,,,,,2017-01-21T03:15:00,,,,,,,,,,,,,,,,,,
2017-01-21 05:00:00,1007.3,14.6,77.0,0.9,195.0,1.7,228.0,0.0,,,,,,,,,,2017-01-21T04:09:00,,,,,,,,,,,,,,,,,,
2017-01-21 06:00:00,1008.0,14.8,77.0,0.4,287.0,1.7,223.0,0.0,,,,,,,,,,2017-01-21T05:07:00,,,,,,,,,,,,,,,,,,
2017-01-21 07:00:00,1008.5,14.3,90.0,0.9,249.0,1.5,216.0,0.0,,,,,,,,,,2017-01-21T07:00:00,,,,,,,,,,,,,,,,,,
2017-01-21 08:00:00,1009.2,14.4,90.0,1.6,196.0,2.5,206.0,0.0,,,,,,,,,,2017-01-21T07:49:00,,,,,,,,,,,,,,,,,,
2017-01-21 09:00:00,1010.0,14.7,86.0,0.9,180.0,2.5,239.0,0.0,,,,,,,,,,2017-01-21T08:34:00,,,,,,,,,,,,,,,,,,
2017-01-21 10:00:00,1010.1,15.5,89.0,1.3,195.0,2.5,237.0,0.5,,,,,,,,,,2017-01-21T09:39:00,,,,,,,,,,,,,,,,,,
2017-01-21 11:00:00,1009.6,18.0,79.0,1.9,184.0,3.5,193.0,0.0,,,,,,,,,,2017-01-21T10:50:00,,,,,,,,,,,,,,,,,,
2017-01-21 12:00:00,1008.1,20.2,72.0,1.8,205.0,3.4,200.0,0.0,,,,,,,,,,2017-01-21T11:01:00,,,,,,,,,,,,,,,,,,
2017-01-21 13:00:00,1007.2,22.2,60.0,2.1,254.0,4.3,242.0,0.0,,,,,,,,,,2017-01-21T12:51:00,,,,,,,,,,,,,,,,,,
2017-01-21 14:00:00,1006.4,22.5,59.0,2.2,177.0,4.4,197.0,0.0,,,,,,,,,,2017-01-21T13:49:00,,,,,,,,,,,,,,,,,,
2017-01-21 15:00:00,1005.7,22.6,57.0,1.8,216.0,4.1,209.0,0.0,,,,,,,,,,2017-01-21T14:07:00,,,,,,,,,,,,,,,,,,
2017-01-21 16:00:00,1005.9,21.3,61.0,2.7,283.0,4.9,273.0,0.0,,,,,,,,,,2017-01-21T15:51:00,,,,,,,,,,,,,,,,,,
2017-01-21 17:00:00,1006.5,21.0,60.0,1.5,233.0,3.9,221.0,0.0,,,,,,,,,,2017-01-21T16:42:00,,,,,,,,,,,,,,,,,,
2017-01-21 18:00:00,1007.0,18.7,71.0,0.7,134.0,2.3,216.0,0.0,,,,,,,,,,2017-01-21T17:03:00,,,,,,,,,,,,,,,,,,
2017-01-21 19:00:00,1007.8,16.6,83.0,1.1,76.0,1.8,117.0,0.0,,,,,,,,,,2017-01-21T18:34:00,,,,,,,,,,,,,,,,,,
2017-01-21 20:00:00,1008.4,15.6,88.0,0.5,119.0,1.4,91.0,0.0,,,,,,,,,,2017-01-21T19:06:00,,,,,,,,,,,,,,,,,,
2017-01-21 21:00:00,1009.0,15.2,86.0,0.1,0.0,2.2,147.0,0.0,,,,,,,,,,2017-01-21T20:32:00,,,,,,,,,,,,,,,,,,
2017-01-21 22:00:00,1009.2,14.3,91.0,0.8,115.0,1.4,85.0,0.0,,,,,,,,,,2017-01-21T21:19:00,,,,,,,,,,,,,,,,,,
2017-01-21 23:00:00,1009.4,15.0,87.0,1.4,174.0,2.1,180.0,0.0,,,,,,,,,,2017-01-21T22:16:00,,,,,,,,,,,,,,,,,,
2017-01-22 00:00:00,1009.4,15.2,88.0,0.0,0.0,1.9,173.0,0.0,,,,,,,,,,2017-01-21T23:01:00,,,,,,,,,,,,,,,,,,
2017-01-22 01:00:00,1009.2,15.1,91.0,0.0,0.0,1.0,227.0,0.0,,,,,,,,,,2017-01-22T00:05:00,,,,,,,,,,,,,,,,,,
2017-01-22 02:00:00,1009.1,14.8,91.0,0.9,209.0,1.3,233.0,0.0,,,,,,,,,,2017-01-22T01:14:00,,,,,,,,,,,,,,,,,,
2017-01-22 03:00:00,1008.8,14.3,92.0,0.8,202.0,1.4,202.0,0.0,,,,,,,,,,2017-01-22T02:10:00,,,,,,,,,,,,,,,,,,
2017-01-22 04:00:00,1008.7,14.1,92.0,0.3,140.0,1.2,222.0,0.0,,,,,,,,,,2017-01-22T03:17:00,,,,,,,,,,,,,,,,,,
2017-01-22 05:00:00,1008.8,14.4,93.0,0.3,177.0,1.3,72.0,0.0,,,,,,,,,,2017-01-22T04:04:00,,,,,,,,,,,,,,,,,,
2017-01-22 06:00:00,1009.3,13.9,93.0,0.2,0.0,1.9,217.0,0.0,,,,,,,,,,2017-01-22T05:05:00,,,,,,,,,,,,,,,,,,
2017-01-22 07:00:00,1009.8,13.8,94.0,0.6,199.0,1.5,175.0,0.0,,,,,,,,,,2017-01-22T06:28:00,,,,,,,,,,,,,,,,,,
2017-01-22 08:00:00,1010.2,14.7,90.0,0.9,197.0,1.7,205.0,0.0,,,,,,,,,,2017-01-22T07:56:00,,,,,,,,,,,,,,,,,,
2017-01-22 09:00:00,1010.5,16.4,83.0,0.4,224.0,1.4,216.0,0.0,,,,,,,,,,2017-01-22T08:06:00,,,,,,,,,,,,,,,,,,
2017-01-22 10:00:00,1010.2,19.2,73.0,1.1,266.0,2.1,305.0,0.0,,,,,,,,,,2017-01-22T09:51:00,,,,,,,,,,,,,,,,,,
2017-01-22 11:00:00,1009.5,21.6,65.0,2.0,213.0,3.6,196.0,0.0,,,,,,,,,,2017-01-22T10:36:00,,,,,,,,,,,,,,,,,,
2017-01-22 12:00:00,1008.6,22.9,59.0,2.5,210.0,4.7,226.0,0.0,,,,,,,,,,2017-01-22T11:48:00,,,,,,,,,,,,,,,,,,
2017-01-22 13:00:00,1007.6,23.3,56.0,2.2,213.0,4.7,209.0,0.0,,,,,,,,,,2017-01-22T12:27:00,,,,,,,,,,,,,,,,,,
2017-01-22 14:00:00,1006.9,24.5,51.0,2.0,221.0,5.2,207.0,0.0,,,,,,,,,,2017-01-22T13:07:00,,,,,,,,,,,,,,,,,,
2017-01-22 15:00:00,1006.5,23.7,53.0,2.2,227.0,4.6,239.0,0.0,,,,,,,,,,2017-01-22T14:01:00,,,,,,,,,,,,,,,,,,
2017-01-22 16:00:00,1006.5,23.1,55.0,2.2,238.0,4.0,211.0,0.0,,,,,,,,,,2017-01-22T15:28:00,,,,,,,,,,,,,,,,,,
2017-01-22 17:00:00,1007.0,21.7,57.0,2.1,207.0,4.3,208.0,0.0,,,,,,,,,,2017-01-22T16:36:00,,,,,,,,,,,,,,,,,,
2017-01-22 18:00:00,1007.4,20.4,62.0,1.4,206.0,3.2,221.0,0.0,,,,,,,,,,2017-01-22T17:26:00,,,,,,,,,,,,,,,,,,
2017-01-22 19:00:00,1007.9,19.5,62.0,1.3,209.0,2.7,199.0,0.0,,,,,,,,,,2017-01-22T18:33:00,,,,,,,,,,,,,,,,,,
2017-01-22 20:00:00,1008.7,18.7,64.0,0.9,212.0,2.5,193.0,0.0,,,,,,,,,,2017-01-22T19:32:00,,,,,,,,,,,,,,,,,,
2017-01-22 21:00:00,1009.2,18.1,66.0,1.2,199.0,2.6,214.0,0.0,,,,,,,,,,2017-01-22T20:41:00,,,,,,,,,,,,,,,,,,
2017-01-22 22:00:00,1009.4,17.5,68.0,1.1,187.0,2.4,183.0,0.0,,,,,,,,,,2017-01-22T21:17:00,,,,,,,,,,,,,,,,,,
2017-01-22 23:00:00,1009.1,17.4,69.0,0.0,0.0,1.5,182.0,0.0,,,,,,,,,,2017-01-22T22:04:00,,,,,,,,,,,,,,,,,,
2017-01-23 00:00:00,1008.7,17.0,77.0,0.6,81.0,1.4,72.0,0.0,,,,,,,,,,2017-01-22T23:54:00,,,,,,,,,,,,,,,,,,
2017-01-23 01:00:00,1008.6,17.0,80.0,0.0,0.0,1.0,68.0,0.0,,,,,,,,,,2017-01-23T00:09:00,,,,,,,,,,,,,,,,,,
2017-01-23 02:00:00,1008.3,16.8,85.0,0.4,311.0,0.9,87.0,0.0,,,,,,,,,,2017-01-23T01:09:00,,,,,,,,,,,,,,,,,,
2017-01-23 03:00:00,1008.2,16.8,80.0,0.0,0.0,1.2,88.0,0.0,,,,,,,,,,2017-01-23T02:23:00,,,,,,,,,,,,,,,,,,
2017-01-23 04:00:00,1008.0,16.8,86.0,0.1,0.0,1.4,13.0,0.0,,,,,,,,,,2017-01-23T03:32:00,,,,,,,,,,,,,,,,,,
2017-01-23 05:00:00,1008.3,16.6,87.0,0.9,187.0,1.3,173.0,0.0,,,,,,,,,,2017-01-23T04:52:00,,,,,,,,,,,,,,,,,,
2017-01-23 06:00:00,1008.7,16.1,88.0,0.0,0.0,1.2,209.0,0.0,,,,,,,,,,2017-01-23T05:05:00,,,,,,,,,,,,,,,,,,
2017-01-23 07:00:00,1009.2,15.8,89.0,0.0,0.0,1.1,132.0,0.0,,,,,,,,,,2017-01-23T06:41:00,,,,,,,,,,,,,,,,,,
2017-01-23 08:00:00,1009.9,16.7,85.0,0.3,295.0,1.1,284.0,0.0,,,,,,,,,,2017-01-23T07:55:00,,,,,,,,,,,,,,,,,,
2017-01-23 09:00:00,1010.4,18.9,76.0,1.1,219.0,1.9,262.0,0.0,,,,,,,,,,2017-01-23T09:00:00,,,,,,,,,,,,,,,,,,
2017-01-23 10:00:00,1010.4,20.9,65.0,1.9,215.0,3.6,217.0,0.0,,,,,,,,,,2017-01-23T10:00:00,,,,,,,,,,,,,,,,,,
2017-01-23 11:00:00,1010.1,22.8,55.0,1.0,222.0,3.4,214.0,0.0,,,,,,,,,,2017-01-23T10:02:00,,,,,,,,,,,,,,,,,,
2017-01-23 12:00:00,1009.2,23.8,52.0,1.5,210.0,3.8,226.0,0.0,,,,,,,,,,2017-01-23T12:00:00,,,,,,,,,,,,,,,,,,
2017-01-23 13:00:00,1008.1,24.3,52.0,2.0,241.0,4.2,280.0,0.0,,,,,,,,,,2017-01-23T12:43:00,,,,,,,,,,,,,,,,,,
2017-01-23 14:00:00,1007.4,24.6,49.0,2.2,250.0,5.7,224.0,0.0,,,,,,,,,,2017-01-23T13:16:00,,,,,,,,,,,,,,,,,,
2017-01-23 15:00:00,1007.1,23.7,50.0,1.5,298.0,4.6,277.0,0.0,,,,,,,,,,2017-01-23T14:02:00,,,,,,,,,,,,,,,,,,
2017-01-23 16:00:00,1007.2,23.5,50.0,1.5,288.0,3.8,255.0,0.0,,,,,,,,,,2017-01-23T15:19:00,,,,,,,,,,,,,,,,,,
2017-01-23 17:00:00,1007.6,22.1,54.0,1.9,269.0,3.5,230.0,0.0,,,,,,,,,,2017-01-23T16:13:00,,,,,,,,,,,,,,,,,,
2017-01-23 18:00:00,1008.2,20.8,60.0,2.6,220.0,3.9,205.0,0.0,,,,,,,,,,2017-01-23T17:58:00,,,,,,,,,,,,,,,,,,
2017-01-23 19:00:00,1008.8,19.3,65.0,1.4,225.0,4.7,234.0,0.0,,,,,,,,,,2017-01-23T18:12:00,,,,,,,,,,,,,,,,,,
2017-01-23 20:00:00,1009.1,18.5,67.0,1.3,199.0,2.6,210.0,0.0,,,,,,,,,,2017-01-23T19:23:00,,,,,,,,,,,,,,,,,,
2017-01-23 21:00:00,1009.5,18.0,73.0,0.7,171.0,2.0,189.0,0.0,,,,,,,,,,2017-01-23T20:02:00,,,,,,,,,,,,,,,,,,
2017-01-23 22:00:00,1010.0,17.5,76.0,0.0,0.0,1.4,171.0,0.0,,,,,,,,,,2017-01-23T21:03:00,,,,,,,,,,,,,,,,,,
2017-01-23 23:00:00,1010.2,16.9,82.0,0.1,0.0,1.2,91.0,0.0,,,,,,,,,,2017-01-23T22:19:00,,,,,,,,,,,,,,,,,,
2017-01-24 00:00:00,1010.2,16.2,85.0,0.4,111.0,1.1,66.0,0.0,,,,,,,,,,2017-01-23T23:15:00,,,,,,,,,,,,,,,,,,
2017-01-24 01:00:00,1010.1,16.1,86.0,0.0,0.0,1.0,1.0,0.0,,,,,,,,,,2017-01-24T00:39:00,,,,,,,,,,,,,,,,,,
2017-01-24 02:00:00,1009.5,15.9,88.0,0.4,129.0,1.0,88.0,0.0,,,,,,,,,,2017-01-24T01:13:00,,,,,,,,,,,,,,,,,,
2017-01-24 03:00:00,1008.9,15.6,91.0,0.6,7.0,1.5,65.0,0.0,,,,,,,,,,2017-01-24T02:18:00,,,,,,,,,,,,,,,,,,
2017-01-24 04:00:00,1008.5,15.4,91.0,0.1,0.0,1.4,12.0,0.0,,,,,,,,,,2017-01-24T03:01:00,,,,,,,,,,,,,,,,,,
2017-01-24 05:00:00,1008.4,15.4,91.0,1.0,204.0,1.3,347.0,0.0,,,,,,,,,,2017-01-24T04:10:00,,,,,,,,,,,,,,,,,,
2017-01-24 06:00:00,1009.0,15.5,92.0,0.0,0.0,1.2,223.0,0.0,,,,,,,,,,2017-01-24T05:03:00,,,,,,,,,,,,,,,,,,
2017-01-24 07:00:00,1009.6,15.2,92.0,0.1,0.0,1.4,195.0,0.0,,,,,,,,,,2017-01-24T06:24:00,,,,,,,,,,,,,,,,,,
2017-01-24 08:00:00,1010.2,16.6,87.0,0.5,249.0,1.3,51.0,0.0,,,,,,,,,,2017-01-24T07:28:00,,,,,,,,,,,,,,,,,,
2017-01-24 09:00:00,1010.5,18.7,77.0,1.0,218.0,1.6,238.0,0.0,,,,,,,,,,2017-01-24T08:25:00,,,,,,,,,,,,,,,,,,
2017-01-24 10:00:00,1010.6,20.4,68.0,1.3,222.0,2.6,223.0,0.0,,,,,,,,,,2017-01-24T09:55:00,,,,,,,,,,,,,,,,,,
2017-01-24 11:00:00,1010.1,22.3,60.0,1.3,286.0,3.2,189.0,0.0,,,,,,,,,,2017-01-24T10:28:00,,,,,,,,,,,,,,,,,,
2017-01-24 12:00:00,1009.1,23.9,53.0,2.7,268.0,4.5,284.0,0.0,,,,,,,,,,2017-01-24T11:57:00,,,,,,,,,,,,,,,,,,
2017-01-24 13:00:00,1008.5,23.8,52.0,2.7,280.0,5.2,260.0,0.0,,,,,,,,,,2017-01-24T12:36:00,,,,,,,,,,,,,,,,,,
2017-01-24 14:00:00,1007.8,24.6,49.0,2.0,297.0,5.0,277.0,0.0,,,,,,,,,,2017-01-24T13:40:00,,,,,,,,,,,,,,,,,,
2017-01-24 15:00:00,1007.7,24.8,47.0,2.4,292.0,5.4,290.0,0.0,,,,,,,,,,2017-01-24T14:39:00,,,,,,,,,,,,,,,,,,
2017-01-24 16:00:00,1007.8,24.3,50.0,2.4,281.0,5.1,275.0,0.0,,,,,,,,,,2017-01-24T15:14:00,,,,,,,,,,,,,,,,,,
2017-01-24 17:00:00,1008.4,21.9,58.0,1.8,287.0,4.1,287.0,0.0,,,,,,,,,,2017-01-24T16:18:00,,,,,,,,,,,,,,,,,,
2017-01-24 18:00:00,1008.7,20.0,66.0,0.6,285.0,3.1,300.0,0.0,,,,,,,,,,2017-01-24T17:02:00,,,,,,,,,,,,,,,,,,
2017-01-24 19:00:00,1009.3,18.7,73.0,0.6,233.0,2.2,221.0,0.0,,,,,,,,,,2017-01-24T18:38:00,,,,,,,,,,,,,,,,,,
2017-01-24 20:00:00,1010.0,18.0,76.0,0.9,168.0,2.2,163.0,0.0,,,,,,,,,,2017-01-24T19:30:00,,,,,,,,,,,,,,,,,,
2017-01-24 21:00:00,1010.7,17.2,79.0,0.5,143.0,1.9,185.0,0.0,,,,,,,,,,2017-01-24T20:31:00,,,,,,,,,,,,,,,,,,
2017-01-24 22:00:00,1010.7,17.2,81.0,0.5,168.0,1.3,162.0,0.0,,,,,,,,,,2017-01-24T21:48:00,,,,,,,,,,,,,,,,,,
2017-01-24 23:00:00,1010.7,16.8,83.0,1.2,191.0,1.8,181.0,0.0,,,,,,,,,,2017-01-24T22:42:00,,,,,,,,,,,,,,,,,,
2017-01-25 00:00:00,1010.3,16.6,83.0,0.0,0.0,1.4,164.0,0.0,,,,,,,,,,2017-01-24T23:43:00,,,,,,,,,,,,,,,,,,
2017-01-25 01:00:00,1010.1,16.3,85.0,0.7,191.0,1.7,185.0,0.0,,,,,,,,,,2017-01-25T00:42:00,,,,,,,,,,,,,,,,,,
2017-01-25 02:00:00,1009.6,16.1,88.0,0.6,189.0,1.1,196.0,0.0,,,,,,,,,,2017-01-25T01:50:00,,,,,,,,,,,,,,,,,,
2017-01-25 03:00:00,1009.1,16.1,88.0,0.0,0.0,0.7,224.0,0.0,,,,,,,,,,2017-01-25T02:10:00,,,,,,,,,,,,,,,,,,
2017-01-25 04:00:00,1008.8,15.9,90.0,0.0,0.0,0.8,292.0,0.0,,,,,,,,,,2017-01-25T03:42:00,,,,,,,,,,,,,,,,,,
2017-01-25 05:00:00,1008.7,15.7,91.0,1.0,275.0,1.3,291.0,0.0,,,,,,,,,,2017-01-25T04:57:00,,,,,,,,,,,,,,,,,,
2017-01-25 06:00:00,1009.4,15.4,92.0,0.6,305.0,2.2,174.0,0.0,,,,,,,,,,2017-01-25T05:20:00,,,,,,,,,,,,,,,,,,
2017-01-25 07:00:00,1009.7,15.0,93.0,1.3,216.0,1.7,222.0,0.0,,,,,,,,,,2017-01-25T06:57:00,,,,,,,,,,,,,,,,,,
2017-01-25 08:00:00,1009.8,16.2,89.0,0.5,334.0,1.3,97.0,0.0,,,,,,,,,,2017-01-25T07:15:00,,,,,,,,,,,,,,,,,,
2017-01-25 09:00:00,1010.2,18.3,82.0,0.8,282.0,1.8,276.0,0.0,,,,,,,,,,2017-01-25T08:56:00,,,,,,,,,,,,,,,,,,
2017-01-25 10:00:00,1010.1,20.5,70.0,1.3,220.0,2.6,208.0,0.0,,,,,,,,,,2017-01-25T09:05:00,,,,,,,,,,,,,,,,,,
2017-01-25 11:00:00,1009.4,22.7,61.0,1.1,244.0,2.6,244.0,0.0,,,,,,,,,,2017-01-25T10:29:00,,,,,,,,,,,,,,,,,,
2017-01-25 12:00:00,1008.4,24.0,57.0,2.3,260.0,4.6,266.0,0.0,,,,,,,,,,2017-01-25T12:00:00,,,,,,,,,,,,,,,,,,
2017-01-25 13:00:00,1007.4,23.6,56.0,1.8,251.0,4.6,243.0,0.0,,,,,,,,,,2017-01-25T12:04:00,,,,,,,,,,,,,,,,,,
2017-01-25 14:00:00,1007.1,23.4,56.0,2.5,269.0,4.4,265.0,0.0,,,,,,,,,,2017-01-25T14:00:00,,,,,,,,,,,,,,,,,,
2017-01-25 15:00:00,1006.5,24.5,52.0,2.4,245.0,4.6,273.0,0.0,,,,,,,,,,2017-01-25T14:05:00,,,,,,,,,,,,,,,,,,
2017-01-25 16:00:00,1006.5,24.4,50.0,2.3,280.0,3.5,266.0,0.0,,,,,,,,,,2017-01-25T15:57:00,,,,,,,,,,,,,,,,,,
2017-01-25 17:00:00,1006.6,22.4,59.0,1.6,281.0,4.5,268.0,0.0,,,,,,,,,,2017-01-25T16:48:00,,,,,,,,,,,,,,,,,,
2017-01-25 18:00:00,1007.1,19.5,66.0,1.4,250.0,4.0,271.0,0.0,,,,,,,,,,2017-01-25T17:02:00,,,,,,,,,,,,,,,,,,
2017-01-25 19:00:00,1007.9,17.9,76.0,1.7,195.0,3.5,287.0,0.0,,,,,,,,,,2017-01-25T18:24:00,,,,,,,,,,,,,,,,,,
2017-01-25 20:00:00,1008.3,16.8,81.0,0.8,166.0,2.7,178.0,0.0,,,,,,,,,,2017-01-25T19:03:00,,,,,,,,,,,,,,,,,,
2017-01-25 21:00:00,1008.7,15.2,87.0,0.9,108.0,1.5,187.0,0.0,,,,,,,,,,2017-01-25T20:02:00,,,,,,,,,,,,,,,,,,
2017-01-25 22:00:00,1008.9,14.5,90.0,1.1,89.0,1.3,77.0,0.0,,,,,,,,,,2017-01-25T22:00:00,,,,,,,,,,,,,,,,,,
2017-01-25 23:00:00,1008.8,14.0,91.0,0.7,123.0,1.3,90.0,0.0,,,,,,,,,,2017-01-25T22:03:00,,,,,,,,,,,,,,,,,,
2017-01-26 00:00:00,1008.5,13.5,91.0,0.8,105.0,1.2,152.0,0.0,,,,,,,,,,2017-01-25T23:17:00,,,,,,,,,,,,,,,,,,
2017-01-26 01:00:00,1008.2,13.1,93.0,1.1,190.0,1.3,106.0,0.0,,,,,,,,,,2017-01-26T00:01:00,,,,,,,,,,,,,,,,,,
2017-01-26 02:00:00,1007.8,12.9,94.0,0.6,135.0,2.1,174.0,0.0,,,,,,,,,,2017-01-26T01:18:00,,,,,,,,,,,,,,,,,,
2017-01-26 03:00:00,1007.3,12.3,94.0,0.6,139.0,1.2,91.0,0.0,,,,,,,,,,2017-01-26T02:02:00,,,,,,,,,,,,,,,,,,
2017-01-26 04:00:00,1007.2,12.0,94.0,1.0,87.0,1.5,192.0,0.0,,,,,,,,,,2017-01-26T03:44:00,,,,,,,,,,,,,,,,,,
2017-01-26 05:00:00,1007.5,12.0,95.0,0.0,0.0,1.5,120.0,0.0,,,,,,,,,,2017-01-26T04:32:00,,,,,,,,,,,,,,,,,,
2017-01-26 06:00:00,1008.1,12.6,95.0,0.8,75.0,1.5,206.0,0.0,,,,,,,,,,2017-01-26T05:19:00,,,,,,,,,,,,,,,,,,
2017-01-26 07:00:00,1008.4,12.5,96.0,0.8,94.0,1.9,41.0,0.0,,,,,,,,,,2017-01-26T06:02:00,,,,,,,,,,,,,,,,,,
2017-01-26 08:00:00,1008.8,13.1,96.0,0.6,287.0,1.6,110.0,0.0,,,,,,,,,,2017-01-26T07:27:00,,,,,,,,,,,,,,,,,,
2017-01-26 09:00:00,1009.1,13.8,92.0,0.8,251.0,2.1,295.0,0.0,,,,,,,,,,2017-01-26T08:39:00,,,,,,,,,,,,,,,,,,
2017-01-26 10:00:00,1008.9,17.3,74.0,1.0,199.0,2.4,200.0,0.0,,,,,,,,,,2017-01-26T09:16:00,,,,,,,,,,,,,,,,,,
2017-01-26 11:00:00,1008.0,21.5,55.0,1.7,208.0,3.4,189.0,0.0,,,,,,,,,,2017-01-26T10:54:00,,,,,,,,,,,,,,,,,,
2017-01-26 12:00:00,1007.1,23.9,50.0,2.3,214.0,4.3,206.0,0.0,,,,,,,,,,2017-01-26T11:53:00,,,,,,,,,,,,,,,,,,
2017-01-26 13:00:00,1005.9,24.9,48.0,2.2,255.0,5.4,269.0,0.0,,,,,,,,,,2017-01-26T12:58:00,,,,,,,,,,,,,,,,,,
2017-01-26 14:00:00,1004.9,24.9,46.0,2.0,258.0,4.7,238.0,0.0,,,,,,,,,,2017-01-26T13:11:00,,,,,,,,,,,,,,,,,,
2017-01-26 15:00:00,1004.4,25.1,44.0,1.3,274.0,5.2,246.0,0.0,,,,,,,,,,2017-01-26T14:40:00,,,,,,,,,,,,,,,,,,
2017-01-26 16:00:00,1004.6,24.4,46.0,2.5,287.0,4.6,256.0,0.0,,,,,,,,,,2017-01-26T15:45:00,,,,,,,,,,,,,,,,,,
2017-01-26 17:00:00,1005.2,22.7,50.0,1.5,291.0,4.9,268.0,0.0,,,,,,,,,,2017-01-26T16:11:00,,,,,,,,,,,,,,,,,,
2017-01-26 18:00:00,1005.6,20.5,57.0,0.4,200.0,2.6,293.0,0.0,,,,,,,,,,2017-01-26T17:07:00,,,,,,,,,,,,,,,,,,
2017-01-26 19:00:00,1006.2,18.0,71.0,1.4,141.0,2.6,154.0,0.0,,,,,,,,,,2017-01-26T18:55:00,,,,,,,,,,,,,,,,,,
2017-01-26 20:00:00,1006.8,18.3,71.0,1.6,174.0,2.4,206.0,0.0,,,,,,,,,,2017-01-26T19:16:00,,,,,,,,,,,,,,,,,,
2017-01-26 21:00:00,1007.2,17.3,75.0,0.8,175.0,2.6,184.0,0.0,,,,,,,,,,2017-01-26T20:47:00,,,,,,,,,,,,,,,,,,
2017-01-26 22:00:00,1007.6,16.5,80.0,0.6,206.0,1.6,149.0,0.0,,,,,,,,,,2017-01-26T21:08:00,,,,,,,,,,,,,,,,,,
2017-01-26 23:00:00,1007.7,15.7,84.0,0.6,215.0,1.9,181.0,0.0,,,,,,,,,,2017-01-26T22:26:00,,,,,,,,,,,,,,,,,,
2017-01-27 00:00:00,1007.9,14.7,89.0,0.8,77.0,1.2,82.0,0.0,,,,,,,,,,2017-01-26T23:16:00,,,,,,,,,,,,,,,,,,
2017-01-27 01:00:00,1007.8,15.0,89.0,0.9,97.0,1.2,90.0,0.0,,,,,,,,,,2017-01-27T00:58:00,,,,,,,,,,,,,,,,,,
2017-01-27 02:00:00,1007.2,15.1,90.0,0.0,0.0,1.6,71.0,0.0,,,,,,,,,,2017-01-27T01:14:00,,,,,,,,,,,,,,,,,,
2017-01-27 03:00:00,1006.5,14.3,92.0,1.6,63.0,2.2,70.0,0.0,,,,,,,,,,2017-01-27T02:58:00,,,,,,,,,,,,,,,,,,
2017-01-27 04:00:00,1006.4,15.1,86.0,1.6,56.0,2.8,74.0,0.0,,,,,,,,,,2017-01-27T03:57:00,,,,,,,,,,,,,,,,,,
2017-01-27 05:00:00,1006.4,13.2,92.0,0.8,149.0,3.4,61.0,0.0,,,,,,,,,,2017-01-27T04:08:00,,,,,,,,,,,,,,,,,,
2017-01-27 06:00:00,1007.0,14.0,88.0,1.5,63.0,2.5,46.0,0.0,,,,,,,,,,2017-01-27T05:53:00,,,,,,,,,,,,,,,,,,
2017-01-27 07:00:00,1007.7,12.3,93.0,0.9,223.0,1.9,89.0,0.0,,,,,,,,,,2017-01-27T06:07:00,,,,,,,,,,,,,,,,,,
2017-01-27 08:00:00,1008.6,14.3,90.0,0.3,46.0,1.4,200.0,0.0,,,,,,,,,,2017-01-27T07:04:00,,,,,,,,,,,,,,,,,,
2017-01-27 09:00:00,1008.8,18.7,68.0,0.6,222.0,1.6,249.0,0.0,,,,,,,,,,2017-01-27T08:42:00,,,,,,,,,,,,,,,,,,
2017-01-27 10:00:00,1008.4,20.8,57.0,1.2,188.0,2.8,215.0,0.0,,,,,,,,,,2017-01-27T09:21:00,,,,,,,,,,,,,,,,,,
2017-01-27 11:00:00,1007.4,24.0,43.0,0.9,201.0,2.5,226.0,0.0,,,,,,,,,,2017-01-27T10:17:00,,,,,,,,,,,,,,,,,,
2017-01-27 12:00:00,1006.6,25.8,41.0,1.8,235.0,5.0,215.0,0.0,,,,,,,,,,2017-01-27T11:32:00,,,,,,,,,,,,,,,,,,
2017-01-27 13:00:00,1004.9,27.3,31.0,1.5,301.0,5.4,259.0,0.0,,,,,,,,,,2017-01-27T12:19:00,,,,,,,,,,,,,,,,,,
2017-01-27 14:00:00,1003.8,27.0,31.0,1.8,294.0,4.9,254.0,0.0,,,,,,,,,,2017-01-27T13:33:00,,,,,,,,,,,,,,,,,,
2017-01-27 15:00:00,1003.6,26.6,33.0,3.8,278.0,6.1,272.0,0.0,,,,,,,,,,2017-01-27T14:33:00,,,,,,,,,,,,,,,,,,
2017-01-27 16:00:00,1003.8,25.8,38.0,2.0,288.0,5.9,294.0,0.0,,,,,,,,,,2017-01-27T15:25:00,,,,,,,,,,,,,,,,,,
2017-01-27 17:00:00,1004.0,24.0,44.0,1.1,296.0,5.2,291.0,0.0,,,,,,,,,,2017-01-27T16:26:00,,,,,,,,,,,,,,,,,,
2017-01-27 18:00:00,1004.6,20.5,58.0,0.4,194.0,2.2,296.0,0.0,,,,,,,,,,2017-01-27T17:03:00,,,,,,,,,,,,,,,,,,
2017-01-27 19:00:00,1005.1,17.5,71.0,0.9,77.0,1.5,90.0,0.0,,,,,,,,,,2017-01-27T18:35:00,,,,,,,,,,,,,,,,,,
2017-01-27 20:00:00,1005.7,17.3,73.0,1.4,53.0,2.9,42.0,0.0,,,,,,,,,,2017-01-27T19:52:00,,,,,,,,,,,,,,,,,,
2017-01-27 21:00:00,1006.1,16.1,76.0,1.5,62.0,2.5,46.0,0.0,,,,,,,,,,2017-01-27T20:01:00,,,,,,,,,,,,,,,,,,
2017-01-27 22:00:00,1006.2,15.3,80.0,0.4,85.0,2.3,45.0,0.0,,,,,,,,,,2017-01-27T21:02:00,,,,,,,,,,,,,,,,,,
2017-01-27 23:00:00,1005.8,15.8,78.0,1.7,57.0,3.0,73.0,0.0,,,,,,,,,,2017-01-27T23:00:00,,,,,,,,,,,,,,,,,,
2017-01-28 00:00:00,1005.5,15.0,81.0,1.1,65.0,2.7,48.0,0.0,,,,,,,,,,2017-01-27T23:03:00,,,,,,,,,,,,,,,,,,
2017-01-28 01:00:00,1005.3,14.7,82.0,0.8,77.0,3.2,61.0,0.0,,,,,,,,,,2017-01-28T00:19:00,,,,,,,,,,,,,,,,,,
2017-01-28 02:00:00,1004.9,14.2,83.0,1.2,66.0,2.2,69.0,0.0,,,,,,,,,,2017-01-28T01:59:00,,,,,,,,,,,,,,,,,,
2017-01-28 03:00:00,1004.1,14.0,82.0,0.4,72.0,2.2,62.0,0.0,,,,,,,,,,2017-01-28T02:45:00,,,,,,,,,,,,,,,,,,
2017-01-28 04:00:00,1003.3,13.4,82.0,1.5,72.0,2.8,68.0,0.0,,,,,,,,,,2017-01-28T03:25:00,,,,,,,,,,,,,,,,,,
2017-01-28 05:00:00,1003.5,12.5,85.0,0.3,145.0,2.6,55.0,0.0,,,,,,,,,,2017-01-28T04:02:00,,,,,,,,,,,,,,,,,,
2017-01-28 06:00:00,1003.9,11.3,90.0,0.9,73.0,1.7,129.0,0.0,,,,,,,,,,2017-01-28T05:03:00,,,,,,,,,,,,,,,,,,
2017-01-28 07:00:00,1004.1,11.3,88.0,1.0,10.0,1.9,14.0,0.0,,,,,,,,,,2017-01-28T06:46:00,,,,,,,,,,,,,,,,,,
2017-01-28 08:00:00,1004.3,14.6,72.0,1.5,42.0,2.6,55.0,0.0,,,,,,,,,,2017-01-28T07:59:00,,,,,,,,,,,,,,,,,,
2017-01-28 09:00:00,1004.9,19.7,57.0,1.6,190.0,2.6,69.0,0.0,,,,,,,,,,2017-01-28T08:02:00,,,,,,,,,,,,,,,,,,
2017-01-28 10:00:00,1004.9,22.5,40.0,0.7,176.0,2.2,197.0,0.0,,,,,,,,,,2017-01-28T09:19:00,,,,,,,,,,,,,,,,,,
2017-01-28 11:00:00,1004.3,25.7,34.0,1.9,220.0,3.1,159.0,0.0,,,,,,,,,,2017-01-28T10:59:00,,,,,,,,,,,,,,,,,,
2017-01-28 12:00:00,1003.2,26.6,32.0,1.2,299.0,3.7,216.0,0.0,,,,,,,,,,2017-01-28T11:01:00,,,,,,,,,,,,,,,,,,
2017-01-28 13:00:00,1002.1,28.9,31.0,2.0,206.0,4.5,209.0,0.0,,,,,,,,,,2017-01-28T13:00:00,,,,,,,,,,,,,,,,,,
2017-01-28 14:00:00,1001.4,28.4,37.0,2.9,196.0,5.7,239.0,0.0,,,,,,,,,,2017-01-28T14:00:00,,,,,,,,,,,,,,,,,,
2017-01-28 15:00:00,1001.0,27.6,37.0,1.3,291.0,5.4,249.0,0.0,,,,,,,,,,2017-01-28T14:01:00,,,,,,,,,,,,,,,,,,
2017-01-28 16:00:00,1000.9,26.9,42.0,2.6,293.0,4.8,279.0,0.0,,,,,,,,,,2017-01-28T15:57:00,,,,,,,,,,,,,,,,,,
2017-01-28 17:00:00,1001.6,25.0,48.0,2.0,285.0,4.2,276.0,0.0,,,,,,,,,,2017-01-28T16:19:00,,,,,,,,,,,,,,,,,,
2017-01-28 18:00:00,1002.1,21.8,57.0,1.9,212.0,3.7,267.0,0.0,,,,,,,,,,2017-01-28T17:03:00,,,,,,,,,,,,,,,,,,
2017-01-28 19:00:00,1002.8,20.6,64.0,1.3,156.0,2.8,151.0,0.0,,,,,,,,,,2017-01-28T18:35:00,,,,,,,,,,,,,,,,,,
2017-01-28 20:00:00,1003.3,18.7,73.0,1.3,52.0,2.4,64.0,0.0,,,,,,,,,,2017-01-28T20:00:00,,,,,,,,,,,,,,,,,,
2017-01-28 21:00:00,1003.3,18.2,76.0,0.9,46.0,2.2,68.0,0.0,,,,,,,,,,2017-01-28T20:38:00,,,,,,,,,,,,,,,,,,
2017-01-28 22:00:00,1003.5,17.1,80.0,1.2,56.0,2.5,62.0,0.0,,,,,,,,,,2017-01-28T21:50:00,,,,,,,,,,,,,,,,,,
2017-01-28 23:00:00,1003.3,16.5,83.0,0.6,41.0,2.5,77.0,0.0,,,,,,,,,,2017-01-28T22:15:00,,,,,,,,,,,,,,,,,,
2017-01-29 00:00:00,1003.1,16.3,83.0,1.0,56.0,2.0,80.0,0.0,,,,,,,,,,2017-01-28T23:24:00,,,,,,,,,,,,,,,,,,
2017-01-29 01:00:00,1003.0,15.3,88.0,1.2,62.0,1.9,58.0,0.0,,,,,,,,,,2017-01-29T00:25:00,,,,,,,,,,,,,,,,,,
2017-01-29 02:00:00,1002.4,15.4,87.0,0.8,73.0,1.9,51.0,0.0,,,,,,,,,,2017-01-29T01:20:00,,,,,,,,,,,,,,,,,,
2017-01-29 03:00:00,1002.2,14.6,88.0,0.0,0.0,2.0,68.0,0.0,,,,,,,,,,2017-01-29T02:28:00,,,,,,,,,,,,,,,,,,
2017-01-29 04:00:00,1001.9,14.4,90.0,0.3,102.0,1.3,92.0,0.0,,,,,,,,,,2017-01-29T03:53:00,,,,,,,,,,,,,,,,,,
2017-01-29 05:00:00,1002.2,14.0,91.0,0.0,0.0,1.4,355.0,0.0,,,,,,,,,,2017-01-29T04:39:00,,,,,,,,,,,,,,,,,,
2017-01-29 06:00:00,1002.5,13.9,92.0,0.6,345.0,1.7,65.0,0.0,,,,,,,,,,2017-01-29T05:05:00,,,,,,,,,,,,,,,,,,
2017-01-29 07:00:00,1003.1,15.2,86.0,0.5,6.0,1.5,60.0,0.0,,,,,,,,,,2017-01-29T06:40:00,,,,,,,,,,,,,,,,,,
2017-01-29 08:00:00,1003.8,16.9,79.0,1.2,54.0,3.0,54.0,0.0,,,,,,,,,,2017-01-29T07:48:00,,,,,,,,,,,,,,,,,,
2017-01-29 09:00:00,1004.3,21.5,61.0,0.6,91.0,2.6,69.0,0.0,,,,,,,,,,2017-01-29T08:08:00,,,,,,,,,,,,,,,,,,
2017-01-29 10:00:00,1004.4,24.4,50.0,1.2,215.0,2.3,207.0,0.0,,,,,,,,,,2017-01-29T09:47:00,,,,,,,,,,,,,,,,,,
2017-01-29 11:00:00,1003.6,26.7,36.0,1.0,269.0,3.2,212.0,0.0,,,,,,,,,,2017-01-29T10:28:00,,,,,,,,,,,,,,,,,,
2017-01-29 12:00:00,1002.6,28.3,38.0,1.8,175.0,4.4,175.0,0.0,,,,,,,,,,2017-01-29T11:48:00,,,,,,,,,,,,,,,,,,
2017-01-29 13:00:00,1001.7,29.6,37.0,2.2,282.0,5.0,193.0,0.0,,,,,,,,,,2017-01-29T12:23:00,,,,,,,,,,,,,,,,,,
2017-01-29 14:00:00,1000.6,30.1,34.0,1.8,227.0,4.7,280.0,0.0,,,,,,,,,,2017-01-29T13:06:00,,,,,,,,,,,,,,,,,,
2017-01-29 15:00:00,1000.4,29.0,34.0,2.9,281.0,5.2,247.0,0.0,,,,,,,,,,2017-01-29T14:03:00,,,,,,,,,,,,,,,,,,
2017-01-29 16:00:00,1000.7,27.7,41.0,2.1,272.0,4.4,284.0,0.0,,,,,,,,,,2017-01-29T15:09:00,,,,,,,,,,,,,,,,,,
2017-01-29 17:00:00,1001.2,26.9,45.0,1.9,290.0,3.8,297.0,0.0,,,,,,,,,,2017-01-29T16:52:00,,,,,,,,,,,,,,,,,,
2017-01-29 18:00:00,1002.2,23.5,65.0,1.5,232.0,4.9,225.0,0.0,,,,,,,,,,2017-01-29T17:35:00,,,,,,,,,,,,,,,,,,
2017-01-29 19:00:00,1002.6,22.5,69.0,1.3,164.0,3.0,223.0,0.0,,,,,,,,,,2017-01-29T18:10:00,,,,,,,,,,,,,,,,,,
2017-01-29 20:00:00,1002.9,21.4,70.0,0.8,155.0,2.2,182.0,0.0,,,,,,,,,,2017-01-29T19:36:00,,,,,,,,,,,,,,,,,,
2017-01-29 21:00:00,1003.1,20.1,77.0,0.1,0.0,1.5,71.0,0.0,,,,,,,,,,2017-01-29T20:16:00,,,,,,,,,,,,,,,,,,
2017-01-29 22:00:00,1003.0,19.4,81.0,1.4,53.0,2.0,53.0,0.0,,,,,,,,,,2017-01-29T22:00:00,,,,,,,,,,,,,,,,,,
2017-01-29 23:00:00,1002.9,18.3,86.0,1.0,351.0,1.9,47.0,0.0,,,,,,,,,,2017-01-29T22:08:00,,,,,,,,,,,,,,,,,,
2017-01-30 00:00:00,1003.1,17.3,88.0,0.0,0.0,2.0,122.0,0.0,,,,,,,,,,2017-01-29T23:11:00,,,,,,,,,,,,,,,,,,
2017-01-30 01:00:00,1002.7,17.3,88.0,1.2,43.0,2.2,42.0,0.0,,,,,,,,,,2017-01-30T00:58:00,,,,,,,,,,,,,,,,,,
2017-01-30 02:00:00,1002.1,16.7,90.0,1.1,46.0,1.9,40.0,0.0,,,,,,,,,,2017-01-30T01:23:00,,,,,,,,,,,,,,,,,,
2017-01-30 03:00:00,1001.8,16.3,89.0,0.1,0.0,1.8,67.0,0.0,,,,,,,,,,2017-01-30T02:02:00,,,,,,,,,,,,,,,,,,
2017-01-30 04:00:00,1001.9,15.9,91.0,0.7,2.0,1.9,355.0,0.0,,,,,,,,,,2017-01-30T03:51:00,,,,,,,,,,,,,,,,,,
2017-01-30 05:00:00,1002.1,15.8,92.0,0.2,0.0,2.2,61.0,0.0,,,,,,,,,,2017-01-30T04:17:00,,,,,,,,,,,,,,,,,,
2017-01-30 06:00:00,1003.0,15.6,92.0,0.5,36.0,2.0,14.0,0.0,,,,,,,,,,2017-01-30T05:20:00,,,,,,,,,,,,,,,,,,
2017-01-30 07:00:00,1003.2,15.7,90.0,0.2,0.0,3.5,74.0,0.0,,,,,,,,,,2017-01-30T06:31:00,,,,,,,,,,,,,,,,,,
2017-01-30 08:00:00,1003.9,18.0,83.0,0.5,354.0,2.2,103.0,0.0,,,,,,,,,,2017-01-30T07:39:00,,,,,,,,,,,,,,,,,,
2017-01-30 09:00:00,1004.2,21.8,65.0,1.3,8.0,2.5,93.0,0.0,,,,,,,,,,2017-01-30T08:21:00,,,,,,,,,,,,,,,,,,
2017-01-30 10:00:00,1003.6,25.3,55.0,1.1,194.0,2.6,197.0,0.0,,,,,,,,,,2017-01-30T09:50:00,,,,,,,,,,,,,,,,,,
2017-01-30 11:00:00,1003.0,27.9,47.0,2.1,195.0,4.1,180.0,0.0,,,,,,,,,,2017-01-30T10:30:00,,,,,,,,,,,,,,,,,,
2017-01-30 12:00:00,1002.0,29.4,42.0,2.7,186.0,5.9,156.0,0.0,,,,,,,,,,2017-01-30T12:00:00,,,,,,,,,,,,,,,,,,
2017-01-30 13:00:00,1001.2,30.5,40.0,2.3,264.0,5.2,242.0,0.0,,,,,,,,,,2017-01-30T12:44:00,,,,,,,,,,,,,,,,,,
2017-01-30 14:00:00,1000.5,30.4,39.0,2.8,255.0,5.8,210.0,0.0,,,,,,,,,,2017-01-30T13:32:00,,,,,,,,,,,,,,,,,,
2017-01-30 15:00:00,1000.1,29.4,43.0,1.2,251.0,6.4,227.0,0.0,,,,,,,,,,2017-01-30T14:28:00,,,,,,,,,,,,,,,,,,
2017-01-30 16:00:00,1000.6,26.5,59.0,2.4,295.0,5.4,297.0,0.0,,,,,,,,,,2017-01-30T15:47:00,,,,,,,,,,,,,,,,,,
2017-01-30 17:00:00,1001.4,24.3,65.0,2.3,279.0,5.5,267.0,0.0,,,,,,,,,,2017-01-30T16:11:00,,,,,,,,,,,,,,,,,,
2017-01-30 18:00:00,1002.1,22.9,68.0,1.9,193.0,4.0,297.0,0.0,,,,,,,,,,2017-01-30T17:02:00,,,,,,,,,,,,,,,,,,
2017-01-30 19:00:00,1002.4,21.7,72.0,0.8,179.0,3.1,186.0,0.0,,,,,,,,,,2017-01-30T18:17:00,,,,,,,,,,,,,,,,,,
2017-01-30 20:00:00,1003.0,20.7,75.0,1.8,177.0,2.9,176.0,0.0,,,,,,,,,,2017-01-30T19:48:00,,,,,,,,,,,,,,,,,,
2017-01-30 21:00:00,1003.3,20.0,77.0,1.8,177.0,3.1,193.0,0.0,,,,,,,,,,2017-01-30T20:16:00,,,,,,,,,,,,,,,,,,
2017-01-30 22:00:00,1003.2,19.3,79.0,1.0,193.0,2.2,182.0,0.0,,,,,,,,,,2017-01-30T21:48:00,,,,,,,,,,,,,,,,,,
2017-01-30 23:00:00,1003.2,18.3,82.0,1.8,200.0,2.5,182.0,0.0,,,,,,,,,,2017-01-30T22:34:00,,,,,,,,,,,,,,,,,,
2017-01-31 00:00:00,1003.3,17.4,84.0,1.5,178.0,2.9,147.0,0.0,,,,,,,,,,2017-01-31T00:00:00,,,,,,,,,,,,,,,,,,
2017-01-31 01:00:00,1002.9,16.9,84.0,0.0,0.0,2.8,202.0,0.0,,,,,,,,,,2017-01-31T00:01:00,,,,,,,,,,,,,,,,,,
2017-01-31 02:00:00,1002.4,16.5,87.0,1.3,171.0,2.1,171.0,0.0,,,,,,,,,,2017-01-31T01:58:00,,,,,,,,,,,,,,,,,,
2017-01-31 03:00:00,1002.3,16.3,89.0,0.4,238.0,1.4,210.0,0.0,,,,,,,,,,2017-01-31T02:25:00,,,,,,,,,,,,,,,,,,
2017-01-31 04:00:00,1002.3,15.6,90.0,0.3,191.0,2.5,181.0,0.0,,,,,,,,,,2017-01-31T03:36:00,,,,,,,,,,,,,,,,,,
2017-01-31 05:00:00,1002.7,15.5,91.0,0.2,0.0,1.7,192.0,0.0,,,,,,,,,,2017-01-31T04:03:00,,,,,,,,,,,,,,,,,,
2017-01-31 06:00:00,1003.1,15.5,91.0,0.6,221.0,2.0,176.0,0.0,,,,,,,,,,2017-01-31T05:25:00,,,,,,,,,,,,,,,,,,
2017-01-31 07:00:00,1003.7,15.7,91.0,1.0,189.0,1.5,193.0,0.0,,,,,,,,,,2017-01-31T06:57:00,,,,,,,,,,,,,,,,,,
2017-01-31 08:00:00,1004.1,16.4,88.0,1.5,203.0,1.8,208.0,0.0,,,,,,,,,,2017-01-31T07:52:00,,,,,,,,,,,,,,,,,,
2017-01-31 09:00:00,1004.9,17.7,81.0,1.3,192.0,2.5,200.0,0.0,,,,,,,,,,2017-01-31T08:55:00,,,,,,,,,,,,,,,,,,
2017-01-31 10:00:00,-9999.7,-99.7,-9997.0,-99.7,-999.7,3.0,216.0,0.0,,,,,,,,,,2017-01-31T09:42:00,,,,,,,,,,,,,,,,,,
2017-01-31 11:00:00,1004.6,21.8,66.0,1.4,209.0,3.1,191.0,0.0,,,,,,,,,,2017-01-31T10:46:00,,,,,,,,,,,,,,,,,,
2017-01-31 12:00:00,1003.7,23.0,64.0,2.6,227.0,4.0,219.0,0.0,,,,,,,,,,2017-01-31T11:52:00,,,,,,,,,,,,,,,,,,
2017-01-31 13:00:00,1003.0,23.9,60.0,2.5,217.0,4.9,222.0,0.0,,,,,,,,,,2017-01-31T12:34:00,,,,,,,,,,,,,,,,,,
2017-01-31 14:00:00,1002.3,24.1,60.0,2.5,220.0,5.0,244.0,0.0,,,,,,,,,,2017-01-31T13:45:00,,,,,,,,,,,,,,,,,,
2017-01-31 15:00:00,1001.8,24.0,60.0,1.5,275.0,4.5,247.0,0.0,,,,,,,,,,2017-01-31T14:19:00,,,,,,,,,,,,,,,,,,
2017-01-31 16:00:00,1001.9,23.4,63.0,1.0,179.0,3.1,237.0,0.0,,,,,,,,,,2017-01-31T15:01:00,,,,,,,,,,,,,,,,,,
2017-01-31 17:00:00,1002.5,22.7,65.0,1.1,288.0,2.7,291.0,0.0,,,,,,,,,,2017-01-31T16:33:00,,,,,,,,,,,,,,,,,,
2017-01-31 18:00:00,1003.1,21.8,68.0,1.1,265.0,1.9,268.0,0.0,,,,,,,,,,2017-01-31T17:50:00,,,,,,,,,,,,,,,,,,
2017-01-31 19:00:00,1003.8,21.1,74.0,1.1,180.0,2.5,292.0,0.0,,,,,,,,,,2017-01-31T18:14:00,,,,,,,,,,,,,,,,,,
2017-01-31 20:00:00,1004.4,20.5,76.0,0.9,177.0,1.9,177.0,0.0,,,,,,,,,,2017-01-31T19:20:00,,,,,,,,,,,,,,,,,,
2017-01-31 21:00:00,1004.5,19.9,78.0,0.8,199.0,2.2,202.0,0.0,,,,,,,,,,2017-01-31T20:43:00,,,,,,,,,,,,,,,,,,
2017-01-31 22:00:00,1004.5,19.6,79.0,0.9,286.0,1.6,203.0,0.0,,,,,,,,,,2017-01-31T21:12:00,,,,,,,,,,,,,,,,,,
2017-01-31 23:00:00,1004.4,19.3,82.0,0.5,112.0,1.3,299.0,0.0,,,,,,,,,,2017-01-31T22:40:00,,,,,,,,,,,,,,,,,,
2017-02-01 00:00:00,1004.5,19.2,84.0,0.2,0.0,1.3,77.0,0.0,,,,,,,,,,2017-01-31T23:12:00,,,,,,,,,,,,,,,,,,
2017-02-01 01:00:00,1004.2,19.2,83.0,0.7,122.0,2.1,187.0,0.0,,,,,,,,,,2017-02-01T00:11:00,,,,,,,,,,,,,,,,,,
2017-02-01 02:00:00,1004.2,18.9,86.0,1.2,198.0,1.6,199.0,0.0,,,,,,,,,,2017-02-01T01:57:00,,,,,,,,,,,,,,,,,,
2017-02-01 03:00:00,1003.9,18.3,86.0,0.2,0.0,2.0,147.0,0.0,,,,,,,,,,2017-02-01T02:27:00,,,,,,,,,,,,,,,,,,
2017-02-01 04:00:00,1003.4,18.1,86.0,0.3,47.0,1.9,228.0,0.0,,,,,,,,,,2017-02-01T03:11:00,,,,,,,,,,,,,,,,,,
2017-02-01 05:00:00,1003.6,17.9,87.0,0.2,0.0,1.9,148.0,0.0,,,,,,,,,,2017-02-01T04:50:00,,,,,,,,,,,,,,,,,,
2017-02-01 06:00:00,1004.2,17.6,87.0,2.0,172.0,3.2,169.0,0.0,,,,,,,,,,2017-02-01T05:56:00,,,,,,,,,,,,,,,,,,
2017-02-01 07:00:00,1004.9,17.2,90.0,0.3,339.0,4.1,133.0,0.0,,,,,,,,,,2017-02-01T06:06:00,,,,,,,,,,,,,,,,,,
2017-02-01 08:00:00,1005.4,17.9,91.0,0.3,313.0,2.6,20.0,0.0,,,,,,,,,,2017-02-01T07:37:00,,,,,,,,,,,,,,,,,,
2017-02-01 09:00:00,1005.9,19.5,84.0,1.4,185.0,2.4,181.0,0.0,,,,,,,,,,2017-02-01T08:53:00,,,,,,,,,,,,,,,,,,
2017-02-01 10:00:00,1006.0,21.6,74.0,0.8,224.0,2.9,230.0,0.0,,,,,,,,,,2017-02-01T09:13:00,,,,,,,,,,,,,,,,,,
2017-02-01 11:00:00,1005.1,23.8,66.0,1.4,261.0,2.5,203.0,0.0,,,,,,,,,,2017-02-01T10:43:00,,,,,,,,,,,,,,,,,,
2017-02-01 12:00:00,1004.8,24.9,63.0,2.0,237.0,3.8,234.0,0.0,,,,,,,,,,2017-02-01T11:57:00,,,,,,,,,,,,,,,,,,
2017-02-01 13:00:00,1004.1,25.8,58.0,2.2,219.0,3.8,175.0,0.0,,,,,,,,,,2017-02-01T12:44:00,,,,,,,,,,,,,,,,,,
2017-02-01 14:00:00,1003.5,25.6,58.0,2.6,222.0,4.0,208.0,0.0,,,,,,,,,,2017-02-01T13:35:00,,,,,,,,,,,,,,,,,,
2017-02-01 15:00:00,1003.2,25.0,60.0,1.8,270.0,3.8,205.0,0.0,,,,,,,,,,2017-02-01T14:38:00,,,,,,,,,,,,,,,,,,
2017-02-01 16:00:00,1003.8,23.9,65.0,1.5,286.0,3.2,273.0,0.0,,,,,,,,,,2017-02-01T15:01:00,,,,,,,,,,,,,,,,,,
2017-02-01 17:00:00,1004.1,23.2,67.0,1.5,280.0,3.0,289.0,0.0,,,,,,,,,,2017-02-01T16:22:00,,,,,,,,,,,,,,,,,,
2017-02-01 18:00:00,1004.5,22.2,71.0,0.3,275.0,1.9,269.0,0.0,,,,,,,,,,2017-02-01T17:45:00,,,,,,,,,,,,,,,,,,
2017-02-01 19:00:00,1004.9,21.5,75.0,1.1,186.0,2.5,154.0,0.0,,,,,,,,,,2017-02-01T18:47:00,,,,,,,,,,,,,,,,,,
2017-02-01 20:00:00,1005.2,20.6,76.0,1.6,160.0,3.0,165.0,0.0,,,,,,,,,,2017-02-01T19:45:00,,,,,,,,,,,,,,,,,,
2017-02-01 21:00:00,1005.2,20.1,78.0,1.2,224.0,2.7,182.0,0.0,,,,,,,,,,2017-02-01T20:28:00,,,,,,,,,,,,,,,,,,
2017-02-01 22:00:00,1005.4,19.2,79.0,1.4,176.0,3.2,195.0,0.0,,,,,,,,,,2017-02-01T21:45:00,,,,,,,,,,,,,,,,,,
2017-02-01 23:00:00,1005.6,18.9,78.0,0.7,207.0,3.0,176.0,0.0,,,,,,,,,,2017-02-01T22:06:00,,,,,,,,,,,,,,,,,,
2017-02-02 00:00:00,1005.7,18.7,79.0,2.0,191.0,3.4,183.0,0.0,,,,,,,,,,2017-02-01T23:59:00,,,,,,,,,,,,,,,,,,
2017-02-02 01:00:00,1005.7,18.0,81.0,1.1,218.0,3.3,213.0,0.0,,,,,,,,,,2017-02-02T00:02:00,,,,,,,,,,,,,,,,,,
2017-02-02 02:00:00,1005.6,17.4,82.0,0.7,181.0,2.8,198.0,0.0,,,,,,,,,,2017-02-02T01:18:00,,,,,,,,,,,,,,,,,,
2017-02-02 03:00:00,1005.4,17.2,82.0,1.8,209.0,2.5,217.0,0.0,,,,,,,,,,2017-02-02T02:47:00,,,,,,,,,,,,,,,,,,
2017-02-02 04:00:00,1005.3,16.7,84.0,0.8,211.0,2.5,197.0,0.0,,,,,,,,,,2017-02-02T03:06:00,,,,,,,,,,,,,,,,,,
2017-02-02 05:00:00,1005.4,16.4,85.0,1.8,214.0,2.5,206.0,0.0,,,,,,,,,,2017-02-02T04:56:00,,,,,,,,,,,,,,,,,,
2017-02-02 06:00:00,1006.1,15.9,87.0,1.4,201.0,3.0,169.0,0.0,,,,,,,,,,2017-02-02T05:40:00,,,,,,,,,,,,,,,,,,
2017-02-02 07:00:00,1006.5,15.9,86.0,0.8,204.0,3.0,197.0,0.0,,,,,,,,,,2017-02-02T06:02:00,,,,,,,,,,,,,,,,,,
2017-02-02 08:00:00,1007.0,17.1,82.0,0.5,211.0,1.3,230.0,0.0,,,,,,,,,,2017-02-02T07:54:00,,,,,,,,,,,,,,,,,,
2017-02-02 09:00:00,1007.4,18.7,76.0,0.7,236.0,1.8,224.0,0.0,,,,,,,,,,2017-02-02T08:21:00,,,,,,,,,,,,,,,,,,
2017-02-02 10:00:00,1007.5,19.7,74.0,1.3,199.0,2.6,203.0,0.0,,,,,,,,,,2017-02-02T09:28:00,,,,,,,,,,,,,,,,,,
2017-02-02 11:00:00,1006.8,21.1,69.0,1.4,200.0,2.9,213.0,0.0,,,,,,,,,,2017-02-02T10:31:00,,,,,,,,,,,,,,,,,,
2017-02-02 12:00:00,1006.0,21.8,68.0,0.8,201.0,2.9,217.0,0.0,,,,,,,,,,2017-02-02T11:29:00,,,,,,,,,,,,,,,,,,
2017-02-02 13:00:00,1005.1,22.0,65.0,1.0,181.0,2.7,191.0,0.0,,,,,,,,,,2017-02-02T12:18:00,,,,,,,,,,,,,,,,,,
2017-02-02 14:00:00,1004.3,22.7,63.0,0.9,296.0,2.2,183.0,0.0,,,,,,,,,,2017-02-02T13:12:00,,,,,,,,,,,,,,,,,,
2017-02-02 15:00:00,1003.9,23.4,61.0,0.9,257.0,3.0,194.0,0.0,,,,,,,,,,2017-02-02T14:32:00,,,,,,,,,,,,,,,,,,
2017-02-02 16:00:00,1004.0,23.3,61.0,0.9,223.0,4.5,196.0,0.0,,,,,,,,,,2017-02-02T15:31:00,,,,,,,,,,,,,,,,,,
2017-02-02 17:00:00,1004.4,22.4,64.0,1.2,276.0,3.5,261.0,0.0,,,,,,,,,,2017-02-02T16:07:00,,,,,,,,,,,,,,,,,,
2017-02-02 18:00:00,1004.9,20.3,71.0,2.0,204.0,2.8,199.0,0.0,,,,,,,,,,2017-02-02T17:57:00,,,,,,,,,,,,,,,,,,
2017-02-02 19:00:00,1005.3,19.7,72.0,1.3,288.0,2.6,218.0,0.0,,,,,,,,,,2017-02-02T18:24:00,,,,,,,,,,,,,,,,,,
2017-02-02 20:00:00,1005.7,18.5,75.0,1.4,184.0,2.1,287.0,0.0,,,,,,,,,,2017-02-02T19:06:00,,,,,,,,,,,,,,,,,,
2017-02-02 21:00:00,1005.9,18.1,77.0,1.0,221.0,2.0,189.0,0.0,,,,,,,,,,2017-02-02T20:33:00,,,,,,,,,,,,,,,,,,
2017-02-02 22:00:00,1006.2,18.0,79.0,1.1,215.0,1.7,206.0,0.0,,,,,,,,,,2017-02-02T21:46:00,,,,,,,,,,,,,,,,,,
2017-02-02 23:00:00,1006.2,17.0,81.0,1.6,215.0,2.2,209.0,0.0,,,,,,,,,,2017-02-02T22:28:00,,,,,,,,,,,,,,,,,,
2017-02-03 00:00:00,1006.0,16.5,82.0,0.3,103.0,2.3,228.0,0.0,,,,,,,,,,2017-02-02T23:10:00,,,,,,,,,,,,,,,,,,
2017-02-03 01:00:00,1005.8,16.0,86.0,0.4,272.0,1.0,201.0,0.0,,,,,,,,,,2017-02-03T00:06:00,,,,,,,,,,,,,,,,,,
2017-02-03 02:00:00,1005.6,16.3,88.0,0.8,248.0,1.3,213.0,0.0,,,,,,,,,,2017-02-03T02:00:00,,,,,,,,,,,,,,,,,,
2017-02-03 03:00:00,1005.1,16.5,87.0,0.4,326.0,1.3,206.0,0.0,,,,,,,,,,2017-02-03T02:03:00,,,,,,,,,,,,,,,,,,
2017-02-03 04:00:00,1004.7,16.8,87.0,0.6,327.0,1.2,113.0,0.0,,,,,,,,,,2017-02-03T03:33:00,,,,,,,,,,,,,,,,,,
2017-02-03 05:00:00,1005.0,16.1,90.0,1.1,195.0,1.6,197.0,0.0,,,,,,,,,,2017-02-03T04:55:00,,,,,,,,,,,,,,,,,,
2017-02-03 06:00:00,1005.2,15.6,91.0,0.0,0.0,1.8,190.0,0.0,,,,,,,,,,2017-02-03T05:06:00,,,,,,,,,,,,,,,,,,
2017-02-03 07:00:00,1005.5,15.5,91.0,0.8,227.0,1.1,228.0,0.0,,,,,,,,,,2017-02-03T06:55:00,,,,,,,,,,,,,,,,,,
2017-02-03 08:00:00,1006.0,16.8,87.0,0.1,0.0,0.8,228.0,0.0,,,,,,,,,,2017-02-03T07:07:00,,,,,,,,,,,,,,,,,,
2017-02-03 09:00:00,1006.3,20.4,71.0,0.6,191.0,1.7,209.0,0.0,,,,,,,,,,2017-02-03T08:54:00,,,,,,,,,,,,,,,,,,
2017-02-03 10:00:00,1005.9,22.3,60.0,1.0,169.0,2.3,232.0,0.0,,,,,,,,,,2017-02-03T09:50:00,,,,,,,,,,,,,,,,,,
2017-02-03 11:00:00,1005.2,25.0,52.0,2.2,265.0,4.0,211.0,0.0,,,,,,,,,,2017-02-03T10:47:00,,,,,,,,,,,,,,,,,,
2017-02-03 12:00:00,1003.9,25.3,50.0,1.9,295.0,4.0,242.0,0.0,,,,,,,,,,2017-02-03T11:29:00,,,,,,,,,,,,,,,,,,
2017-02-03 13:00:00,1002.6,26.2,48.0,1.4,289.0,4.4,222.0,0.0,,,,,,,,,,2017-02-03T12:07:00,,,,,,,,,,,,,,,,,,
2017-02-03 14:00:00,1001.6,26.3,47.0,2.7,249.0,5.0,241.0,0.0,,,,,,,,,,2017-02-03T13:56:00,,,,,,,,,,,,,,,,,,
2017-02-03 15:00:00,1001.3,26.3,47.0,2.2,283.0,5.8,299.0,0.0,,,,,,,,,,2017-02-03T14:12:00,,,,,,,,,,,,,,,,,,
2017-02-03 16:00:00,1001.3,25.2,50.0,2.8,288.0,5.1,266.0,0.0,,,,,,,,,,2017-02-03T15:33:00,,,,,,,,,,,,,,,,,,
2017-02-03 17:00:00,1002.0,23.0,62.0,2.5,293.0,5.5,294.0,0.0,,,,,,,,,,2017-02-03T16:49:00,,,,,,,,,,,,,,,,,,
2017-02-03 18:00:00,1002.6,21.0,70.0,1.6,247.0,4.2,292.0,0.0,,,,,,,,,,2017-02-03T17:11:00,,,,,,,,,,,,,,,,,,
2017-02-03 19:00:00,1003.2,20.0,74.0,1.9,215.0,3.4,235.0,0.0,,,,,,,,,,2017-02-03T18:49:00,,,,,,,,,,,,,,,,,,
2017-02-03 20:00:00,1003.8,19.0,79.0,1.6,205.0,2.4,186.0,0.0,,,,,,,,,,2017-02-03T19:16:00,,,,,,,,,,,,,,,,,,
2017-02-03 21:00:00,1004.3,18.4,81.0,1.1,173.0,2.7,186.0,0.0,,,,,,,,,,2017-02-03T20:06:00,,,,,,,,,,,,,,,,,,
2017-02-03 22:00:00,1004.3,17.7,84.0,0.8,83.0,1.9,196.0,0.0,,,,,,,,,,2017-02-03T21:03:00,,,,,,,,,,,,,,,,,,
2017-02-03 23:00:00,1003.8,18.0,85.0,0.6,214.0,1.0,181.0,0.0,,,,,,,,,,2017-02-03T22:43:00,,,,,,,,,,,,,,,,,,
2017-02-04 00:00:00,1003.7,17.6,87.0,1.3,204.0,1.9,182.0,0.0,,,,,,,,,,2017-02-03T23:36:00,,,,,,,,,,,,,,,,,,
2017-02-04 01:00:00,1003.3,17.1,89.0,1.2,179.0,1.9,206.0,0.0,,,,,,,,,,2017-02-04T00:08:00,,,,,,,,,,,,,,,,,,
2017-02-04 02:00:00,1003.1,16.7,91.0,1.4,206.0,1.9,211.0,0.0,,,,,,,,,,2017-02-04T01:46:00,,,,,,,,,,,,,,,,,,
2017-02-04 03:00:00,1002.4,16.6,91.0,0.3,350.0,2.9,178.0,0.0,,,,,,,,,,2017-02-04T02:14:00,,,,,,,,,,,,,,,,,,
2017-02-04 04:00:00,1001.7,16.5,91.0,0.0,0.0,1.3,171.0,0.0,,,,,,,,,,2017-02-04T03:32:00,,,,,,,,,,,,,,,,,,
2017-02-04 05:00:00,1001.8,16.5,92.0,1.3,150.0,2.1,143.0,0.0,,,,,,,,,,2017-02-04T04:58:00,,,,,,,,,,,,,,,,,,
2017-02-04 06:00:00,1002.2,16.5,92.0,1.6,133.0,2.3,115.0,0.0,,,,,,,,,,2017-02-04T06:00:00,,,,,,,,,,,,,,,,,,
2017-02-04 07:00:00,1002.3,16.5,93.0,0.1,0.0,1.3,102.0,0.0,,,,,,,,,,2017-02-04T06:01:00,,,,,,,,,,,,,,,,,,
2017-02-04 08:00:00,1002.8,17.0,92.0,1.1,278.0,3.4,158.0,0.0,,,,,,,,,,2017-02-04T07:34:00,,,,,,,,,,,,,,,,,,
2017-02-04 09:00:00,1003.4,17.7,89.0,0.9,270.0,2.4,286.0,0.0,,,,,,,,,,2017-02-04T08:43:00,,,,,,,,,,,,,,,,,,
2017-02-04 10:00:00,1003.1,19.6,81.0,1.6,286.0,2.9,293.0,0.0,,,,,,,,,,2017-02-04T09:52:00,,,,,,,,,,,,,,,,,,
2017-02-04 11:00:00,1002.5,20.2,77.0,1.5,194.0,2.6,173.0,0.0,,,,,,,,,,2017-02-04T10:26:00,,,,,,,,,,,,,,,,,,
2017-02-04 12:00:00,1001.4,21.5,72.0,1.3,263.0,2.6,268.0,0.0,,,,,,,,,,2017-02-04T11:56:00,,,,,,,,,,,,,,,,,,
2017-02-04 13:00:00,1000.0,22.0,68.0,1.1,341.0,2.9,211.0,0.0,,,,,,,,,,2017-02-04T12:07:00,,,,,,,,,,,,,,,,,,
2017-02-04 14:00:00,998.8,23.1,62.0,0.5,54.0,3.0,298.0,0.0,,,,,,,,,,2017-02-04T13:18:00,,,,,,,,,,,,,,,,,,
2017-02-04 15:00:00,998.1,23.3,61.0,0.7,275.0,2.6,247.0,0.0,,,,,,,,,,2017-02-04T14:47:00,,,,,,,,,,,,,,,,,,
2017-02-04 16:00:00,998.2,22.9,63.0,1.6,272.0,2.5,255.0,0.0,,,,,,,,,,2017-02-04T15:35:00,,,,,,,,,,,,,,,,,,
2017-02-04 17:00:00,998.3,21.6,70.0,0.5,261.0,4.6,289.0,0.0,,,,,,,,,,2017-02-04T16:17:00,,,,,,,,,,,,,,,,,,
2017-02-04 18:00:00,998.7,20.6,75.0,0.9,162.0,1.8,289.0,0.0,,,,,,,,,,2017-02-04T17:23:00,,,,,,,,,,,,,,,,,,
2017-02-04 19:00:00,999.0,19.8,79.0,0.1,0.0,1.9,43.0,0.0,,,,,,,,,,2017-02-04T18:40:00,,,,,,,,,,,,,,,,,,
2017-02-04 20:00:00,999.6,19.4,82.0,0.9,54.0,1.5,121.0,0.0,,,,,,,,,,2017-02-04T19:38:00,,,,,,,,,,,,,,,,,,
2017-02-04 21:00:00,999.5,19.0,85.0,1.0,10.0,2.0,31.0,0.0,,,,,,,,,,2017-02-04T20:20:00,,,,,,,,,,,,,,,,,,
2017-02-04 22:00:00,999.9,18.9,83.0,0.5,20.0,2.1,7.0,0.0,,,,,,,,,,2017-02-04T21:04:00,,,,,,,,,,,,,,,,,,
2017-02-04 23:00:00,999.8,18.5,86.0,0.3,15.0,1.9,360.0,0.0,,,,,,,,,,2017-02-04T22:54:00,,,,,,,,,,,,,,,,,,
2017-02-05 00:00:00,999.8,18.1,87.0,0.6,70.0,1.2,97.0,0.0,,,,,,,,,,2017-02-05T00:00:00,,,,,,,,,,,,,,,,,,
2017-02-05 01:00:00,999.3,17.4,89.0,0.4,80.0,1.9,63.0,0.0,,,,,,,,,,2017-02-05T00:38:00,,,,,,,,,,,,,,,,,,
2017-02-05 02:00:00,998.5,16.5,91.0,0.4,109.0,1.3,56.0,0.0,,,,,,,,,,2017-02-05T01:34:00,,,,,,,,,,,,,,,,,,
2017-02-05 03:00:00,997.6,16.1,92.0,0.8,352.0,1.3,1.0,0.0,,,,,,,,,,2017-02-05T02:56:00,,,,,,,,,,,,,,,,,,
2017-02-05 04:00:00,997.6,15.1,94.0,0.8,82.0,1.9,148.0,0.0,,,,,,,,,,2017-02-05T03:06:00,,,,,,,,,,,,,,,,,,
2017-02-05 05:00:00,997.6,15.5,92.0,0.6,350.0,2.2,6.0,0.0,,,,,,,,,,2017-02-05T04:24:00,,,,,,,,,,,,,,,,,,
2017-02-05 06:00:00,998.5,15.0,93.0,0.7,341.0,1.5,85.0,0.0,,,,,,,,,,2017-02-05T05:26:00,,,,,,,,,,,,,,,,,,
2017-02-05 07:00:00,998.7,15.1,94.0,0.4,177.0,1.4,61.0,0.0,,,,,,,,,,2017-02-05T06:25:00,,,,,,,,,,,,,,,,,,
2017-02-05 08:00:00,999.2,17.8,84.0,1.2,21.0,1.8,3.0,0.0,,,,,,,,,,2017-02-05T07:59:00,,,,,,,,,,,,,,,,,,
2017-02-05 09:00:00,999.7,20.3,70.0,0.8,351.0,2.2,353.0,0.0,,,,,,,,,,2017-02-05T08:01:00,,,,,,,,,,,,,,,,,,
2017-02-05 10:00:00,999.6,23.2,61.0,0.9,163.0,1.9,259.0,0.0,,,,,,,,,,2017-02-05T09:22:00,,,,,,,,,,,,,,,,,,
2017-02-05 11:00:00,998.9,24.6,50.0,0.9,274.0,3.0,236.0,0.0,,,,,,,,,,2017-02-05T10:33:00,,,,,,,,,,,,,,,,,,
2017-02-05 12:00:00,998.5,25.0,52.0,2.2,249.0,3.4,240.0,0.0,,,,,,,,,,2017-02-05T11:55:00,,,,,,,,,,,,,,,,,,
2017-02-05 13:00:00,997.6,25.0,53.0,0.9,309.0,3.2,305.0,0.0,,,,,,,,,,2017-02-05T12:13:00,,,,,,,,,,,,,,,,,,
2017-02-05 14:00:00,996.3,25.8,51.0,0.8,226.0,3.0,189.0,0.0,,,,,,,,,,2017-02-05T13:48:00,,,,,,,,,,,,,,,,,,
2017-02-05 15:00:00,996.2,25.5,50.0,0.6,285.0,2.3,302.0,0.0,,,,,,,,,,2017-02-05T14:26:00,,,,,,,,,,,,,,,,,,
2017-02-05 16:00:00,995.5,25.0,57.0,1.2,315.0,4.0,275.0,0.0,,,,,,,,,,2017-02-05T15:24:00,,,,,,,,,,,,,,,,,,
2017-02-05 17:00:00,996.2,22.7,67.0,0.9,302.0,4.0,279.0,0.0,,,,,,,,,,2017-02-05T16:40:00,,,,,,,,,,,,,,,,,,
2017-02-05 18:00:00,996.1,21.7,72.0,1.1,264.0,2.6,158.0,0.0,,,,,,,,,,2017-02-05T17:16:00,,,,,,,,,,,,,,,,,,
2017-02-05 19:00:00,996.8,20.5,78.0,1.4,206.0,2.4,197.0,0.0,,,,,,,,,,2017-02-05T18:30:00,,,,,,,,,,,,,,,,,,
2017-02-05 20:00:00,997.2,19.8,82.0,0.4,264.0,2.4,293.0,0.0,,,,,,,,,,2017-02-05T19:37:00,,,,,,,,,,,,,,,,,,
2017-02-05 21:00:00,998.0,19.4,83.0,1.2,191.0,3.0,164.0,0.0,,,,,,,,,,2017-02-05T20:14:00,,,,,,,,,,,,,,,,,,
2017-02-05 22:00:00,998.5,19.0,87.0,0.4,106.0,1.5,212.0,0.0,,,,,,,,,,2017-02-05T21:01:00,,,,,,,,,,,,,,,,,,
2017-02-05 23:00:00,998.2,18.7,90.0,0.0,0.0,1.7,83.0,0.0,,,,,,,,,,2017-02-05T22:09:00,,,,,,,,,,,,,,,,,,
2017-02-06 00:00:00,998.2,18.4,89.0,0.0,0.0,1.4,65.0,0.0,,,,,,,,,,2017-02-05T23:38:00,,,,,,,,,,,,,,,,,,
2017-02-06 01:00:00,998.3,18.1,92.0,1.0,112.0,0.8,301.0,0.0,,,,,,,,,,2017-02-06T00:32:00,,,,,,,,,,,,,,,,,,
2017-02-06 02:00:00,997.8,18.0,91.0,0.6,336.0,1.9,121.0,0.0,,,,,,,,,,2017-02-06T01:04:00,,,,,,,,,,,,,,,,,,
2017-02-06 03:00:00,997.3,17.9,91.0,0.6,16.0,1.4,2.0,0.0,,,,,,,,,,2017-02-06T02:01:00,,,,,,,,,,,,,,,,,,
2017-02-06 04:00:00,997.4,16.9,92.0,0.9,62.0,1.5,3.0,0.0,,,,,,,,,,2017-02-06T03:06:00,,,,,,,,,,,,,,,,,,
2017-02-06 05:00:00,997.8,16.3,93.0,0.0,0.0,1.2,52.0,0.0,,,,,,,,,,2017-02-06T04:02:00,,,,,,,,,,,,,,,,,,
2017-02-06 06:00:00,998.3,15.8,95.0,0.7,354.0,1.3,99.0,0.0,,,,,,,,,,2017-02-06T05:30:00,,,,,,,,,,,,,,,,,,
2017-02-06 07:00:00,999.6,15.9,95.0,0.5,113.0,1.9,15.0,0.0,,,,,,,,,,2017-02-06T06:03:00,,,,,,,,,,,,,,,,,,
2017-02-06 08:00:00,1000.4,16.6,96.0,1.3,160.0,2.6,191.0,0.0,,,,,,,,,,2017-02-06T07:42:00,,,,,,,,,,,,,,,,,,
2017-02-06 09:00:00,1001.1,18.4,89.0,0.5,196.0,1.8,216.0,0.0,,,,,,,,,,2017-02-06T08:43:00,,,,,,,,,,,,,,,,,,
2017-02-06 10:00:00,1001.5,22.3,70.0,1.5,218.0,2.8,226.0,0.0,,,,,,,,,,2017-02-06T09:37:00,,,,,,,,,,,,,,,,,,
2017-02-06 11:00:00,1001.0,23.5,68.0,1.7,203.0,3.3,182.0,0.0,,,,,,,,,,2017-02-06T10:15:00,,,,,,,,,,,,,,,,,,
2017-02-06 12:00:00,999.9,26.3,55.0,1.3,220.0,4.3,215.0,0.0,,,,,,,,,,2017-02-06T11:38:00,,,,,,,,,,,,,,,,,,
2017-02-06 13:00:00,999.0,27.7,51.0,1.8,222.0,5.5,227.0,0.0,,,,,,,,,,2017-02-06T12:54:00,,,,,,,,,,,,,,,,,,
2017-02-06 14:00:00,998.4,27.4,51.0,2.1,231.0,4.9,248.0,0.0,,,,,,,,,,2017-02-06T13:01:00,,,,,,,,,,,,,,,,,,
2017-02-06 15:00:00,997.9,27.4,51.0,1.2,197.0,4.1,242.0,0.0,,,,,,,,,,2017-02-06T14:21:00,,,,,,,,,,,,,,,,,,
2017-02-06 16:00:00,998.0,27.5,51.0,1.8,238.0,4.5,222.0,0.0,,,,,,,,,,2017-02-06T15:14:00,,,,,,,,,,,,,,,,,,
2017-02-06 17:00:00,998.2,25.3,57.0,2.2,294.0,4.0,269.0,0.0,,,,,,,,,,2017-02-06T16:29:00,,,,,,,,,,,,,,,,,,
2017-02-06 18:00:00,998.9,22.6,68.0,3.6,169.0,6.4,156.0,0.0,,,,,,,,,,2017-02-06T17:35:00,,,,,,,,,,,,,,,,,,
2017-02-06 19:00:00,999.7,21.3,70.0,2.5,210.0,5.9,167.0,0.0,,,,,,,,,,2017-02-06T18:38:00,,,,,,,,,,,,,,,,,,
2017-02-06 20:00:00,1000.3,19.1,77.0,1.6,210.0,3.6,206.0,0.0,,,,,,,,,,2017-02-06T19:18:00,,,,,,,,,,,,,,,,,,
2017-02-06 21:00:00,1000.8,18.4,78.0,1.3,197.0,2.9,199.0,0.0,,,,,,,,,,2017-02-06T20:34:00,,,,,,,,,,,,,,,,,,
2017-02-06 22:00:00,1001.1,18.6,77.0,1.4,187.0,2.9,204.0,0.0,,,,,,,,,,2017-02-06T21:16:00,,,,,,,,,,,,,,,,,,
2017-02-06 23:00:00,1001.2,18.5,78.0,0.2,0.0,2.1,166.0,0.0,,,,,,,,,,2017-02-06T22:07:00,,,,,,,,,,,,,,,,,,
2017-02-07 00:00:00,1001.3,18.9,76.0,0.0,0.0,1.0,103.0,0.0,,,,,,,,,,2017-02-06T23:34:00,,,,,,,,,,,,,,,,,,
2017-02-07 01:00:00,1001.6,19.1,78.0,0.9,167.0,1.5,4.0,0.0,,,,,,,,,,2017-02-07T00:23:00,,,,,,,,,,,,,,,,,,
2017-02-07 02:00:00,1001.3,18.7,80.0,1.2,217.0,1.5,208.0,0.0,,,,,,,,,,2017-02-07T01:52:00,,,,,,,,,,,,,,,,,,
2017-02-07 03:00:00,1001.1,18.1,81.0,0.9,210.0,1.9,212.0,0.0,,,,,,,,,,2017-02-07T02:34:00,,,,,,,,,,,,,,,,,,
2017-02-07 04:00:00,1001.3,17.9,81.0,0.5,193.0,2.0,207.0,0.0,,,,,,,,,,2017-02-07T03:24:00,,,,,,,,,,,,,,,,,,
2017-02-07 05:00:00,1001.4,18.0,82.0,0.2,0.0,1.1,194.0,0.0,,,,,,,,,,2017-02-07T04:10:00,,,,,,,,,,,,,,,,,,
2017-02-07 06:00:00,1001.9,17.8,83.0,0.8,211.0,1.4,213.0,0.0,,,,,,,,,,2017-02-07T05:50:00,,,,,,,,,,,,,,,,,,
2017-02-07 07:00:00,1002.2,17.7,85.0,0.4,305.0,1.2,130.0,0.0,,,,,,,,,,2017-02-07T06:20:00,,,,,,,,,,,,,,,,,,
2017-02-07 08:00:00,1002.6,18.9,81.0,0.3,158.0,0.8,360.0,0.0,,,,,,,,,,2017-02-07T07:01:00,,,,,,,,,,,,,,,,,,
2017-02-07 09:00:00,1002.9,21.6,60.0,1.4,289.0,2.5,245.0,0.0,,,,,,,,,,2017-02-07T09:00:00,,,,,,,,,,,,,,,,,,
2017-02-07 10:00:00,1002.7,23.4,55.0,1.6,244.0,3.3,217.0,0.0,,,,,,,,,,2017-02-07T09:03:00,,,,,,,,,,,,,,,,,,
2017-02-07 11:00:00,1002.3,23.0,57.0,1.7,269.0,4.8,288.0,0.0,,,,,,,,,,2017-02-07T10:50:00,,,,,,,,,,,,,,,,,,
2017-02-07 12:00:00,1001.7,23.0,59.0,2.2,265.0,4.8,248.0,0.0,,,,,,,,,,2017-02-07T11:16:00,,,,,,,,,,,,,,,,,,
2017-02-07 13:00:00,1000.8,22.9,58.0,0.6,297.0,4.2,296.0,0.0,,,,,,,,,,2017-02-07T12:19:00,,,,,,,,,,,,,,,,,,
2017-02-07 14:00:00,1000.0,23.3,57.0,1.1,311.0,3.6,11.0,0.0,,,,,,,,,,2017-02-07T13:54:00,,,,,,,,,,,,,,,,,,
2017-02-07 15:00:00,999.8,23.7,55.0,1.3,270.0,3.3,12.0,0.0,,,,,,,,,,2017-02-07T14:29:00,,,,,,,,,,,,,,,,,,
2017-02-07 16:00:00,999.8,23.5,55.0,0.5,306.0,2.8,216.0,0.0,,,,,,,,,,2017-02-07T15:38:00,,,,,,,,,,,,,,,,,,
2017-02-07 17:00:00,999.9,22.7,59.0,1.1,268.0,2.6,282.0,0.0,,,,,,,,,,2017-02-07T16:13:00,,,,,,,,,,,,,,,,,,
2017-02-07 18:00:00,1000.2,21.3,67.0,0.8,220.0,1.9,296.0,0.0,,,,,,,,,,2017-02-07T17:06:00,,,,,,,,,,,,,,,,,,
2017-02-07 19:00:00,1000.6,20.2,70.0,1.9,218.0,2.9,170.0,0.0,,,,,,,,,,2017-02-07T18:10:00,,,,,,,,,,,,,,,,,,
2017-02-07 20:00:00,1001.1,18.9,76.0,1.5,167.0,3.7,231.0,0.0,,,,,,,,,,2017-02-07T19:02:00,,,,,,,,,,,,,,,,,,
2017-02-07 21:00:00,1001.2,18.1,83.0,0.5,169.0,1.9,169.0,0.0,,,,,,,,,,2017-02-07T20:01:00,,,,,,,,,,,,,,,,,,
2017-02-07 22:00:00,1001.2,17.7,82.0,0.6,133.0,1.5,164.0,0.0,,,,,,,,,,2017-02-07T21:02:00,,,,,,,,,,,,,,,,,,
2017-02-07 23:00:00,1001.3,17.8,84.0,1.1,186.0,1.5,180.0,0.0,,,,,,,,,,2017-02-07T22:57:00,,,,,,,,,,,,,,,,,,
2017-02-08 00:00:00,1001.2,17.8,83.0,1.0,168.0,2.2,208.0,0.0,,,,,,,,,,2017-02-07T23:12:00,,,,,,,,,,,,,,,,,,
2017-02-08 01:00:00,1001.3,17.8,84.0,0.6,286.0,1.6,216.0,0.0,,,,,,,,,,2017-02-08T00:15:00,,,,,,,,,,,,,,,,,,
2017-02-08 02:00:00,1001.3,17.8,85.0,1.1,196.0,1.5,191.0,0.0,,,,,,,,,,2017-02-08T01:56:00,,,,,,,,,,,,,,,,,,
2017-02-08 03:00:00,1000.8,17.4,85.0,0.9,219.0,2.0,188.0,0.0,,,,,,,,,,2017-02-08T02:11:00,,,,,,,,,,,,,,,,,,
2017-02-08 04:00:00,999.9,17.1,86.0,0.5,179.0,1.3,215.0,0.0,,,,,,,,,,2017-02-08T03:09:00,,,,,,,,,,,,,,,,,,
2017-02-08 05:00:00,1000.4,16.8,88.0,1.0,71.0,1.8,97.0,0.0,,,,,,,,,,2017-02-08T04:55:00,,,,,,,,,,,,,,,,,,
2017-02-08 06:00:00,1000.9,17.1,87.0,0.7,68.0,1.3,122.0,0.0,,,,,,,,,,2017-02-08T05:17:00,,,,,,,,,,,,,,,,,,
2017-02-08 07:00:00,1001.4,17.3,89.0,1.0,200.0,1.6,285.0,0.0,,,,,,,,,,2017-02-08T06:39:00,,,,,,,,,,,,,,,,,,
2017-02-08 08:00:00,1001.5,18.5,80.0,0.6,245.0,2.1,207.0,0.0,,,,,,,,,,2017-02-08T07:26:00,,,,,,,,,,,,,,,,,,
2017-02-08 09:00:00,1001.6,20.6,69.0,1.4,211.0,2.4,265.0,0.0,,,,,,,,,,2017-02-08T08:11:00,,,,,,,,,,,,,,,,,,
2017-02-08 10:00:00,1002.0,22.9,60.0,2.1,207.0,4.0,208.0,0.0,,,,,,,,,,2017-02-08T09:57:00,,,,,,,,,,,,,,,,,,
2017-02-08 11:00:00,1001.0,24.7,51.0,1.2,210.0,4.3,192.0,0.0,,,,,,,,,,2017-02-08T10:41:00,,,,,,,,,,,,,,,,,,
2017-02-08 12:00:00,1000.8,25.7,50.0,2.4,288.0,5.4,267.0,0.0,,,,,,,,,,2017-02-08T11:59:00,,,,,,,,,,,,,,,,,,
2017-02-08 13:00:00,1000.1,26.8,45.0,1.7,279.0,7.5,282.0,0.0,,,,,,,,,,2017-02-08T12:36:00,,,,,,,,,,,,,,,,,,
2017-02-08 14:00:00,999.4,25.2,46.0,1.9,348.0,6.5,288.0,0.0,,,,,,,,,,2017-02-08T13:14:00,,,,,,,,,,,,,,,,,,
2017-02-08 15:00:00,998.9,24.8,52.0,1.3,322.0,7.2,286.0,0.0,,,,,,,,,,2017-02-08T14:13:00,,,,,,,,,,,,,,,,,,
2017-02-08 16:00:00,998.8,24.1,53.0,2.3,357.0,7.1,6.0,0.0,,,,,,,,,,2017-02-08T15:19:00,,,,,,,,,,,,,,,,,,
2017-02-08 17:00:00,998.7,23.1,55.0,2.1,7.0,5.0,341.0,0.0,,,,,,,,,,2017-02-08T16:14:00,,,,,,,,,,,,,,,,,,
2017-02-08 18:00:00,998.9,21.0,63.0,1.2,320.0,3.7,295.0,0.0,,,,,,,,,,2017-02-08T17:34:00,,,,,,,,,,,,,,,,,,
2017-02-08 19:00:00,999.5,19.9,67.0,0.7,75.0,2.2,341.0,0.0,,,,,,,,,,2017-02-08T18:03:00,,,,,,,,,,,,,,,,,,
2017-02-08 20:00:00,999.7,17.8,77.0,1.3,77.0,2.7,15.0,0.0,,,,,,,,,,2017-02-08T19:04:00,,,,,,,,,,,,,,,,,,
2017-02-08 21:00:00,999.8,17.2,81.0,0.0,0.0,1.8,87.0,0.0,,,,,,,,,,2017-02-08T20:01:00,,,,,,,,,,,,,,,,,,
2017-02-08 22:00:00,1000.2,15.9,84.0,1.3,75.0,1.8,55.0,0.0,,,,,,,,,,2017-02-08T21:22:00,,,,,,,,,,,,,,,,,,
2017-02-08 23:00:00,1000.7,15.5,86.0,0.7,49.0,2.2,119.0,0.0,,,,,,,,,,2017-02-08T22:55:00,,,,,,,,,,,,,,,,,,
2017-02-09 00:00:00,1000.8,15.4,88.0,1.3,165.0,2.3,163.0,0.0,,,,,,,,,,2017-02-08T23:59:00,,,,,,,,,,,,,,,,,,
2017-02-09 01:00:00,1000.7,15.3,87.0,1.2,68.0,2.0,157.0,0.0,,,,,,,,,,2017-02-09T00:10:00,,,,,,,,,,,,,,,,,,
2017-02-09 02:00:00,1000.2,15.5,89.0,0.4,260.0,1.6,241.0,0.0,,,,,,,,,,2017-02-09T01:49:00,,,,,,,,,,,,,,,,,,
2017-02-09 03:00:00,999.8,15.7,88.0,0.0,0.0,1.5,93.0,0.0,,,,,,,,,,2017-02-09T02:49:00,,,,,,,,,,,,,,,,,,
2017-02-09 04:00:00,999.6,14.7,91.0,0.5,115.0,1.9,112.0,0.0,,,,,,,,,,2017-02-09T03:49:00,,,,,,,,,,,,,,,,,,
2017-02-09 05:00:00,-9999.7,-99.7,-9997.0,-99.7,-999.7,1.6,129.0,0.0,,,,,,,,,,2017-02-09T04:44:00,,,,,,,,,,,,,,,,,,
2017-02-09 06:00:00,1001.3,15.0,87.0,0.9,305.0,2.2,293.0,0.0,,,,,,,,,,2017-02-09T05:48:00,,,,,,,,,,,,,,,,,,
2017-02-09 07:00:00,1001.8,14.5,87.0,1.2,226.0,1.6,219.0,0.0,,,,,,,,,,2017-02-09T06:59:00,,,,,,,,,,,,,,,,,,
2017-02-09 08:00:00,1002.4,15.6,81.0,1.3,223.0,1.9,214.0,0.0,,,,,,,,,,2017-02-09T07:06:00,,,,,,,,,,,,,,,,,,
2017-02-09 09:00:00,1002.6,18.3,70.0,1.2,234.0,2.2,213.0,0.0,,,,,,,,,,2017-02-09T08:40:00,,,,,,,,,,,,,,,,,,
2017-02-09 10:00:00,1002.7,20.1,59.0,2.8,245.0,4.8,237.0,0.0,,,,,,,,,,2017-02-09T09:58:00,,,,,,,,,,,,,,,,,,
2017-02-09 11:00:00,1002.2,20.2,56.0,3.0,261.0,5.5,276.0,0.0,,,,,,,,,,2017-02-09T10:39:00,,,,,,,,,,,,,,,,,,
2017-02-09 12:00:00,1001.3,20.5,54.0,2.9,260.0,6.0,269.0,0.0,,,,,,,,,,2017-02-09T11:48:00,,,,,,,,,,,,,,,,,,
2017-02-09 13:00:00,1000.2,22.2,50.0,2.3,273.0,5.4,235.0,0.0,,,,,,,,,,2017-02-09T12:42:00,,,,,,,,,,,,,,,,,,
2017-02-09 14:00:00,999.0,22.8,49.0,3.6,210.0,5.2,281.0,0.0,,,,,,,,,,2017-02-09T13:01:00,,,,,,,,,,,,,,,,,,
2017-02-09 15:00:00,-9999.7,-99.7,-9997.0,-99.7,-999.7,6.2,263.0,0.0,,,,,,,,,,2017-02-09T14:47:00,,,,,,,,,,,,,,,,,,
2017-02-09 16:00:00,1000.5,17.6,60.0,2.4,297.0,7.7,293.0,0.0,,,,,,,,,,2017-02-09T15:20:00,,,,,,,,,,,,,,,,,,
2017-02-09 17:00:00,1000.7,17.0,60.0,1.7,282.0,4.3,292.0,0.0,,,,,,,,,,2017-02-09T16:01:00,,,,,,,,,,,,,,,,,,
2017-02-09 18:00:00,1000.9,15.6,62.0,2.4,271.0,4.6,231.0,0.0,,,,,,,,,,2017-02-09T17:40:00,,,,,,,,,,,,,,,,,,
2017-02-09 19:00:00,1001.7,15.0,64.0,2.1,241.0,3.5,215.0,0.0,,,,,,,,,,2017-02-09T18:33:00,,,,,,,,,,,,,,,,,,
2017-02-09 20:00:00,1002.4,14.3,65.0,2.3,231.0,4.0,207.0,0.0,,,,,,,,,,2017-02-09T19:31:00,,,,,,,,,,,,,,,,,,
2017-02-09 21:00:00,1002.8,13.8,67.0,1.6,186.0,3.1,250.0,0.0,,,,,,,,,,2017-02-09T20:18:00,,,,,,,,,,,,,,,,,,
2017-02-09 22:00:00,1003.0,13.5,69.0,1.8,198.0,2.7,197.0,0.0,,,,,,,,,,2017-02-09T21:41:00,,,,,,,,,,,,,,,,,,
2017-02-09 23:00:00,1003.4,13.1,69.0,2.1,207.0,3.8,179.0,0.0,,,,,,,,,,2017-02-09T22:33:00,,,,,,,,,,,,,,,,,,
2017-02-10 00:00:00,1003.6,12.9,70.0,2.1,191.0,3.3,191.0,0.0,,,,,,,,,,2017-02-09T23:09:00,,,,,,,,,,,,,,,,,,
2017-02-10 01:00:00,1003.6,12.5,70.0,1.5,193.0,3.4,192.0,0.0,,,,,,,,,,2017-02-10T00:09:00,,,,,,,,,,,,,,,,,,
2017-02-10 02:00:00,1003.3,12.4,71.0,1.4,194.0,2.6,187.0,0.0,,,,,,,,,,2017-02-10T01:03:00,,,,,,,,,,,,,,,,,,
2017-02-10 03:00:00,1003.1,12.3,72.0,2.1,214.0,2.8,213.0,0.0,,,,,,,,,,2017-02-10T02:59:00,,,,,,,,,,,,,,,,,,
2017-02-10 04:00:00,1003.4,12.2,71.0,1.5,188.0,2.7,211.0,0.0,,,,,,,,,,2017-02-10T03:39:00,,,,,,,,,,,,,,,,,,
2017-02-10 05:00:00,1003.2,12.4,72.0,0.9,203.0,1.8,171.0,0.0,,,,,,,,,,2017-02-10T04:07:00,,,,,,,,,,,,,,,,,,
2017-02-10 06:00:00,1003.7,12.4,73.0,0.7,234.0,1.3,196.0,0.0,,,,,,,,,,2017-02-10T05:04:00,,,,,,,,,,,,,,,,,,
2017-02-10 07:00:00,1004.4,12.4,73.0,2.2,205.0,3.4,208.0,0.0,,,,,,,,,,2017-02-10T06:53:00,,,,,,,,,,,,,,,,,,
2017-02-10 08:00:00,1005.2,12.4,64.0,2.5,193.0,3.8,188.0,0.0,,,,,,,,,,2017-02-10T07:55:00,,,,,,,,,,,,,,,,,,
2017-02-10 09:00:00,1005.9,13.7,61.0,1.5,194.0,4.0,187.0,0.0,,,,,,,,,,2017-02-10T08:03:00,,,,,,,,,,,,,,,,,,
2017-02-10 10:00:00,1005.9,16.5,55.0,1.2,198.0,2.4,227.0,0.0,,,,,,,,,,2017-02-10T09:38:00,,,,,,,,,,,,,,,,,,
2017-02-10 11:00:00,1005.8,17.8,53.0,1.5,245.0,3.8,227.0,0.0,,,,,,,,,,2017-02-10T10:36:00,,,,,,,,,,,,,,,,,,
2017-02-10 12:00:00,1005.4,18.5,51.0,2.2,250.0,4.5,286.0,0.0,,,,,,,,,,2017-02-10T11:09:00,,,,,,,,,,,,,,,,,,
2017-02-10 13:00:00,1004.1,18.3,51.0,1.7,257.0,4.6,256.0,0.0,,,,,,,,,,2017-02-10T12:29:00,,,,,,,,,,,,,,,,,,
2017-02-10 14:00:00,1003.5,19.1,50.0,2.3,229.0,4.8,223.0,0.0,,,,,,,,,,2017-02-10T13:58:00,,,,,,,,,,,,,,,,,,
2017-02-10 15:00:00,1003.4,18.1,53.0,1.6,223.0,4.0,240.0,0.0,,,,,,,,,,2017-02-10T14:32:00,,,,,,,,,,,,,,,,,,
2017-02-10 16:00:00,1003.9,17.1,57.0,2.1,265.0,3.8,284.0,0.0,,,,,,,,,,2017-02-10T15:59:00,,,,,,,,,,,,,,,,,,
2017-02-10 17:00:00,1004.4,16.2,58.0,1.4,276.0,3.8,278.0,0.0,,,,,,,,,,2017-02-10T16:33:00,,,,,,,,,,,,,,,,,,
2017-02-10 18:00:00,1004.8,15.9,61.0,1.6,261.0,2.8,236.0,0.0,,,,,,,,,,2017-02-10T17:57:00,,,,,,,,,,,,,,,,,,
2017-02-10 19:00:00,1005.5,14.8,70.0,1.7,171.0,3.6,298.0,0.0,,,,,,,,,,2017-02-10T18:03:00,,,,,,,,,,,,,,,,,,
2017-02-10 20:00:00,1006.0,13.9,85.0,0.0,0.0,2.0,173.0,0.0,,,,,,,,,,2017-02-10T19:02:00,,,,,,,,,,,,,,,,,,
2017-02-10 21:00:00,1006.5,13.8,87.0,0.9,72.0,1.1,91.0,0.0,,,,,,,,,,2017-02-10T20:59:00,,,,,,,,,,,,,,,,,,
2017-02-10 22:00:00,1006.9,13.7,90.0,0.9,70.0,1.5,81.0,0.0,,,,,,,,,,2017-02-10T22:00:00,,,,,,,,,,,,,,,,,,
2017-02-10 23:00:00,1007.0,14.1,89.0,0.5,20.0,1.5,73.0,0.0,,,,,,,,,,2017-02-10T22:07:00,,,,,,,,,,,,,,,,,,
2017-02-11 00:00:00,1006.6,14.0,88.0,0.4,137.0,1.7,38.0,0.0,,,,,,,,,,2017-02-10T23:29:00,,,,,,,,,,,,,,,,,,
2017-02-11 01:00:00,1006.5,14.3,82.0,0.5,84.0,1.7,91.0,0.0,,,,,,,,,,2017-02-11T00:21:00,,,,,,,,,,,,,,,,,,
2017-02-11 02:00:00,1006.4,13.7,90.0,1.3,166.0,2.4,160.0,0.0,,,,,,,,,,2017-02-11T01:53:00,,,,,,,,,,,,,,,,,,
2017-02-11 03:00:00,1006.4,13.0,87.0,1.2,210.0,2.4,157.0,0.0,,,,,,,,,,2017-02-11T02:02:00,,,,,,,,,,,,,,,,,,
2017-02-11 04:00:00,1006.4,12.7,82.0,1.2,193.0,2.2,184.0,0.0,,,,,,,,,,2017-02-11T03:52:00,,,,,,,,,,,,,,,,,,
2017-02-11 05:00:00,1006.9,12.4,83.0,1.2,197.0,2.7,172.0,0.0,,,,,,,,,,2017-02-11T04:21:00,,,,,,,,,,,,,,,,,,
2017-02-11 06:00:00,1007.6,12.5,86.0,0.9,186.0,1.6,214.0,0.0,,,,,,,,,,2017-02-11T05:02:00,,,,,,,,,,,,,,,,,,
2017-02-11 07:00:00,1008.2,12.8,87.0,0.4,127.0,1.0,124.0,0.0,,,,,,,,,,2017-02-11T06:28:00,,,,,,,,,,,,,,,,,,
2017-02-11 08:00:00,1008.6,13.3,84.0,0.4,188.0,1.8,228.0,0.0,,,,,,,,,,2017-02-11T07:10:00,,,,,,,,,,,,,,,,,,
2017-02-11 09:00:00,1009.2,14.4,83.0,1.3,217.0,1.8,221.0,0.0,,,,,,,,,,2017-02-11T08:56:00,,,,,,,,,,,,,,,,,,
2017-02-11 10:00:00,1009.6,14.2,83.0,1.7,214.0,2.3,201.0,0.0,,,,,,,,,,2017-02-11T09:51:00,,,,,,,,,,,,,,,,,,
2017-02-11 11:00:00,1009.5,14.6,82.0,2.4,217.0,3.2,217.0,0.0,,,,,,,,,,2017-02-11T10:45:00,,,,,,,,,,,,,,,,,,
2017-02-11 12:00:00,1009.0,14.6,81.0,1.8,194.0,3.7,212.0,0.0,,,,,,,,,,2017-02-11T11:11:00,,,,,,,,,,,,,,,,,,
2017-02-11 13:00:00,1008.2,15.2,79.0,1.3,187.0,2.8,191.0,0.0,,,,,,,,,,2017-02-11T12:06:00,,,,,,,,,,,,,,,,,,
2017-02-11 14:00:00,1007.6,15.3,79.0,1.4,198.0,2.5,205.0,0.0,,,,,,,,,,2017-02-11T13:26:00,,,,,,,,,,,,,,,,,,
2017-02-11 15:00:00,1007.5,14.9,82.0,0.9,215.0,1.8,208.0,0.0,,,,,,,,,,2017-02-11T14:12:00,,,,,,,,,,,,,,,,,,
2017-02-11 16:00:00,1007.8,14.9,85.0,0.8,149.0,1.3,153.0,0.0,,,,,,,,,,2017-02-11T15:51:00,,,,,,,,,,,,,,,,,,
2017-02-11 17:00:00,1008.5,13.9,93.0,1.8,207.0,3.1,203.0,0.0,,,,,,,,,,2017-02-11T16:54:00,,,,,,,,,,,,,,,,,,
2017-02-11 18:00:00,1008.7,13.3,94.0,0.8,216.0,2.5,173.0,0.0,,,,,,,,,,2017-02-11T17:04:00,,,,,,,,,,,,,,,,,,
2017-02-11 19:00:00,1009.0,13.2,95.0,0.9,185.0,1.6,222.0,0.0,,,,,,,,,,2017-02-11T18:21:00,,,,,,,,,,,,,,,,,,
2017-02-11 20:00:00,1009.4,13.3,94.0,0.4,208.0,1.3,174.0,0.0,,,,,,,,,,2017-02-11T19:01:00,,,,,,,,,,,,,,,,,,
2017-02-11 21:00:00,1009.8,13.3,94.0,0.8,191.0,1.5,175.0,0.0,,,,,,,,,,2017-02-11T20:38:00,,,,,,,,,,,,,,,,,,
2017-02-11 22:00:00,1009.9,13.4,94.0,0.2,0.0,1.1,202.0,0.0,,,,,,,,,,2017-02-11T21:06:00,,,,,,,,,,,,,,,,,,
2017-02-11 23:00:00,1010.2,13.5,94.0,0.0,0.0,1.1,223.0,0.0,,,,,,,,,,2017-02-11T22:30:00,,,,,,,,,,,,,,,,,,
2017-02-12 00:00:00,1010.3,13.7,95.0,0.0,0.0,1.2,343.0,0.5,,,,,,,,,,2017-02-11T23:40:00,,,,,,,,,,,,,,,,,,
2017-02-12 01:00:00,1009.9,13.7,96.0,0.5,89.0,1.0,111.0,0.0,,,,,,,,,,2017-02-12T00:37:00,,,,,,,,,,,,,,,,,,
2017-02-12 02:00:00,1009.5,13.7,96.0,0.1,0.0,0.7,110.0,0.0,,,,,,,,,,2017-02-12T01:01:00,,,,,,,,,,,,,,,,,,
2017-02-12 03:00:00,1009.3,13.7,96.0,0.0,0.0,1.0,304.0,0.0,,,,,,,,,,2017-02-12T02:11:00,,,,,,,,,,,,,,,,,,
2017-02-12 04:00:00,1009.1,13.6,96.0,0.7,66.0,1.4,198.0,0.0,,,,,,,,,,2017-02-12T03:10:00,,,,,,,,,,,,,,,,,,
2017-02-12 05:00:00,1009.3,13.9,95.0,0.7,4.0,1.3,63.0,0.0,,,,,,,,,,2017-02-12T04:27:00,,,,,,,,,,,,,,,,,,
2017-02-12 06:00:00,1009.4,13.7,95.0,0.0,0.0,1.9,70.0,0.0,,,,,,,,,,2017-02-12T05:30:00,,,,,,,,,,,,,,,,,,
2017-02-12 07:00:00,1009.9,13.3,96.0,0.2,0.0,2.1,189.0,0.0,,,,,,,,,,2017-02-12T06:38:00,,,,,,,,,,,,,,,,,,
2017-02-12 08:00:00,1010.6,14.0,95.0,0.5,111.0,1.3,106.0,0.0,,,,,,,,,,2017-02-12T07:51:00,,,,,,,,,,,,,,,,,,
2017-02-12 09:00:00,1011.0,15.7,90.0,0.7,225.0,1.9,217.0,0.5,,,,,,,,,,2017-02-12T08:48:00,,,,,,,,,,,,,,,,,,
2017-02-12 10:00:00,1011.0,16.9,80.0,0.6,262.0,2.3,219.0,0.0,,,,,,,,,,2017-02-12T09:51:00,,,,,,,,,,,,,,,,,,
2017-02-12 11:00:00,1010.6,19.3,69.0,1.3,233.0,3.0,242.0,0.0,,,,,,,,,,2017-02-12T11:00:00,,,,,,,,,,,,,,,,,,
2017-02-12 12:00:00,1010.0,20.5,59.0,1.7,177.0,3.9,184.0,0.0,,,,,,,,,,2017-02-12T11:40:00,,,,,,,,,,,,,,,,,,
2017-02-12 13:00:00,1008.9,20.8,58.0,2.4,201.0,3.7,226.0,0.0,,,,,,,,,,2017-02-12T12:48:00,,,,,,,,,,,,,,,,,,
2017-02-12 14:00:00,1008.2,19.9,57.0,2.2,295.0,4.6,286.0,0.0,,,,,,,,,,2017-02-12T13:56:00,,,,,,,,,,,,,,,,,,
2017-02-12 15:00:00,1007.6,21.0,52.0,1.4,281.0,4.8,290.0,0.0,,,,,,,,,,2017-02-12T14:02:00,,,,,,,,,,,,,,,,,,
2017-02-12 16:00:00,1007.9,19.5,55.0,2.2,283.0,4.4,302.0,0.0,,,,,,,,,,2017-02-12T15:47:00,,,,,,,,,,,,,,,,,,
2017-02-12 17:00:00,1008.0,18.6,57.0,0.7,301.0,3.6,283.0,0.0,,,,,,,,,,2017-02-12T16:07:00,,,,,,,,,,,,,,,,,,
2017-02-12 18:00:00,1008.5,17.7,60.0,0.7,272.0,2.8,285.0,0.0,,,,,,,,,,2017-02-12T17:15:00,,,,,,,,,,,,,,,,,,
2017-02-12 19:00:00,1008.9,17.0,66.0,0.3,129.0,1.9,226.0,0.0,,,,,,,,,,2017-02-12T18:28:00,,,,,,,,,,,,,,,,,,
2017-02-12 20:00:00,1009.4,16.1,73.0,0.3,106.0,1.1,186.0,0.0,,,,,,,,,,2017-02-12T19:14:00,,,,,,,,,,,,,,,,,,
2017-02-12 21:00:00,1010.0,13.9,85.0,1.2,64.0,1.9,123.0,0.0,,,,,,,,,,2017-02-12T20:29:00,,,,,,,,,,,,,,,,,,
2017-02-12 22:00:00,1010.4,14.6,83.0,0.2,0.0,1.7,63.0,0.0,,,,,,,,,,2017-02-12T21:28:00,,,,,,,,,,,,,,,,,,
2017-02-12 23:00:00,1010.5,14.5,83.0,0.6,68.0,1.9,83.0,0.0,,,,,,,,,,2017-02-12T22:04:00,,,,,,,,,,,,,,,,,,
2017-02-13 00:00:00,1010.2,14.3,88.0,1.1,68.0,1.3,64.0,0.0,,,,,,,,,,2017-02-12T23:56:00,,,,,,,,,,,,,,,,,,
2017-02-13 01:00:00,1010.0,13.3,92.0,0.0,0.0,1.5,57.0,0.0,,,,,,,,,,2017-02-13T00:31:00,,,,,,,,,,,,,,,,,,
2017-02-13 02:00:00,1009.7,12.7,91.0,0.6,47.0,1.2,141.0,0.0,,,,,,,,,,2017-02-13T01:09:00,,,,,,,,,,,,,,,,,,
2017-02-13 03:00:00,1009.4,12.1,94.0,1.1,355.0,1.6,9.0,0.0,,,,,,,,,,2017-02-13T03:00:00,,,,,,,,,,,,,,,,,,
2017-02-13 04:00:00,1009.4,11.5,94.0,0.5,71.0,1.4,5.0,0.0,,,,,,,,,,2017-02-13T03:01:00,,,,,,,,,,,,,,,,,,
2017-02-13 05:00:00,1009.7,11.1,94.0,0.0,0.0,1.3,58.0,0.0,,,,,,,,,,2017-02-13T04:34:00,,,,,,,,,,,,,,,,,,
2017-02-13 06:00:00,1010.4,11.3,94.0,0.9,24.0,1.9,51.0,0.0,,,,,,,,,,2017-02-13T05:25:00,,,,,,,,,,,,,,,,,,
2017-02-13 07:00:00,1010.9,11.7,94.0,0.9,37.0,1.8,61.0,0.0,,,,,,,,,,2017-02-13T06:59:00,,,,,,,,,,,,,,,,,,
2017-02-13 08:00:00,1011.4,14.0,86.0,0.2,0.0,2.5,66.0,0.0,,,,,,,,,,2017-02-13T07:11:00,,,,,,,,,,,,,,,,,,
2017-02-13 09:00:00,1011.7,18.4,67.0,0.9,190.0,1.8,55.0,0.0,,,,,,,,,,2017-02-13T08:33:00,,,,,,,,,,,,,,,,,,
2017-02-13 10:00:00,1011.6,21.8,52.0,1.4,263.0,2.9,251.0,0.0,,,,,,,,,,2017-02-13T09:48:00,,,,,,,,,,,,,,,,,,
2017-02-13 11:00:00,1011.1,23.4,47.0,1.5,195.0,4.7,204.0,0.0,,,,,,,,,,2017-02-13T10:49:00,,,,,,,,,,,,,,,,,,
2017-02-13 12:00:00,1010.5,25.2,40.0,2.5,241.0,4.3,192.0,0.0,,,,,,,,,,2017-02-13T11:08:00,,,,,,,,,,,,,,,,,,
2017-02-13 13:00:00,1009.7,25.2,40.0,2.3,278.0,6.0,239.0,0.0,,,,,,,,,,2017-02-13T12:40:00,,,,,,,,,,,,,,,,,,
2017-02-13 14:00:00,1008.9,25.7,39.0,2.6,272.0,6.3,223.0,0.0,,,,,,,,,,2017-02-13T13:54:00,,,,,,,,,,,,,,,,,,
2017-02-13 15:00:00,1008.5,25.4,38.0,2.0,291.0,5.2,270.0,0.0,,,,,,,,,,2017-02-13T14:19:00,,,,,,,,,,,,,,,,,,
2017-02-13 16:00:00,1008.7,24.7,40.0,1.9,297.0,6.0,278.0,0.0,,,,,,,,,,2017-02-13T15:48:00,,,,,,,,,,,,,,,,,,
2017-02-13 17:00:00,1009.4,22.6,47.0,2.7,295.0,5.0,285.0,0.0,,,,,,,,,,2017-02-13T16:59:00,,,,,,,,,,,,,,,,,,
2017-02-13 18:00:00,1010.2,19.8,59.0,1.2,270.0,4.6,286.0,0.0,,,,,,,,,,2017-02-13T17:10:00,,,,,,,,,,,,,,,,,,
2017-02-13 19:00:00,1010.6,17.6,69.0,0.9,109.0,2.3,266.0,0.0,,,,,,,,,,2017-02-13T18:01:00,,,,,,,,,,,,,,,,,,
2017-02-13 20:00:00,1011.5,16.8,75.0,0.8,100.0,1.1,140.0,0.0,,,,,,,,,,2017-02-13T19:02:00,,,,,,,,,,,,,,,,,,
2017-02-13 21:00:00,1012.1,15.6,81.0,0.6,58.0,1.8,44.0,0.0,,,,,,,,,,2017-02-13T20:23:00,,,,,,,,,,,,,,,,,,
2017-02-13 22:00:00,1012.4,14.8,85.0,1.3,69.0,2.0,56.0,0.0,,,,,,,,,,2017-02-13T22:00:00,,,,,,,,,,,,,,,,,,
2017-02-13 23:00:00,1012.2,15.5,82.0,1.3,43.0,3.3,29.0,0.0,,,,,,,,,,2017-02-13T22:30:00,,,,,,,,,,,,,,,,,,
2017-02-14 00:00:00,1012.1,14.4,87.0,0.3,48.0,3.0,71.0,0.0,,,,,,,,,,2017-02-13T23:05:00,,,,,,,,,,,,,,,,,,
2017-02-14 01:00:00,1012.5,14.2,87.0,1.4,56.0,2.5,69.0,0.0,,,,,,,,,,2017-02-14T00:52:00,,,,,,,,,,,,,,,,,,
2017-02-14 02:00:00,1012.2,13.8,87.0,1.3,63.0,2.7,59.0,0.0,,,,,,,,,,2017-02-14T01:30:00,,,,,,,,,,,,,,,,,,
2017-02-14 03:00:00,1012.0,13.1,89.0,1.2,67.0,2.5,49.0,0.0,,,,,,,,,,2017-02-14T02:05:00,,,,,,,,,,,,,,,,,,
2017-02-14 04:00:00,1011.8,13.3,87.0,1.1,58.0,2.4,51.0,0.0,,,,,,,,,,2017-02-14T03:42:00,,,,,,,,,,,,,,,,,,
2017-02-14 05:00:00,1011.9,12.8,88.0,0.9,52.0,2.3,58.0,0.0,,,,,,,,,,2017-02-14T04:04:00,,,,,,,,,,,,,,,,,,
2017-02-14 06:00:00,1012.4,12.8,87.0,1.2,46.0,2.1,60.0,0.0,,,,,,,,,,2017-02-14T05:55:00,,,,,,,,,,,,,,,,,,
2017-02-14 07:00:00,1013.0,12.7,85.0,1.2,49.0,2.7,41.0,0.0,,,,,,,,,,2017-02-14T06:55:00,,,,,,,,,,,,,,,,,,
2017-02-14 08:00:00,1013.5,15.0,74.0,1.5,48.0,3.0,73.0,0.0,,,,,,,,,,2017-02-14T07:56:00,,,,,,,,,,,,,,,,,,
2017-02-14 09:00:00,1013.7,19.6,51.0,1.1,7.0,3.3,68.0,0.0,,,,,,,,,,2017-02-14T08:10:00,,,,,,,,,,,,,,,,,,
2017-02-14 10:00:00,1013.4,22.1,44.0,1.2,345.0,2.7,329.0,0.0,,,,,,,,,,2017-02-14T09:59:00,,,,,,,,,,,,,,,,,,
2017-02-14 11:00:00,1012.9,25.2,38.0,1.6,230.0,3.4,246.0,0.0,,,,,,,,,,2017-02-14T10:28:00,,,,,,,,,,,,,,,,,,
2017-02-14 12:00:00,1012.2,26.8,32.0,2.1,236.0,4.9,259.0,0.0,,,,,,,,,,2017-02-14T11:54:00,,,,,,,,,,,,,,,,,,
2017-02-14 13:00:00,1011.0,28.0,28.0,2.6,243.0,5.0,268.0,0.0,,,,,,,,,,2017-02-14T12:42:00,,,,,,,,,,,,,,,,,,
2017-02-14 14:00:00,1010.4,26.1,32.0,1.9,293.0,5.8,271.0,0.0,,,,,,,,,,2017-02-14T13:28:00,,,,,,,,,,,,,,,,,,
2017-02-14 15:00:00,1010.3,24.2,42.0,2.1,300.0,5.8,275.0,0.0,,,,,,,,,,2017-02-14T14:13:00,,,,,,,,,,,,,,,,,,
2017-02-14 16:00:00,1010.4,22.8,49.0,1.7,297.0,7.1,281.0,0.0,,,,,,,,,,2017-02-14T15:29:00,,,,,,,,,,,,,,,,,,
2017-02-14 17:00:00,1010.8,22.0,51.0,1.0,278.0,3.8,289.0,0.0,,,,,,,,,,2017-02-14T16:17:00,,,,,,,,,,,,,,,,,,
2017-02-14 18:00:00,1011.4,20.5,56.0,1.7,223.0,2.9,215.0,0.0,,,,,,,,,,2017-02-14T18:00:00,,,,,,,,,,,,,,,,,,
2017-02-14 19:00:00,1012.1,19.3,61.0,2.0,202.0,3.1,224.0,0.0,,,,,,,,,,2017-02-14T18:04:00,,,,,,,,,,,,,,,,,,
2017-02-14 20:00:00,1012.7,17.9,66.0,0.8,113.0,2.6,199.0,0.0,,,,,,,,,,2017-02-14T19:02:00,,,,,,,,,,,,,,,,,,
2017-02-14 21:00:00,1013.0,16.2,75.0,0.3,60.0,1.3,95.0,0.0,,,,,,,,,,2017-02-14T20:02:00,,,,,,,,,,,,,,,,,,
2017-02-14 22:00:00,1013.3,14.8,82.0,0.9,70.0,1.7,99.0,0.0,,,,,,,,,,2017-02-14T21:15:00,,,,,,,,,,,,,,,,,,
2017-02-14 23:00:00,1013.4,14.4,85.0,0.6,67.0,1.5,90.0,0.0,,,,,,,,,,2017-02-14T23:00:00,,,,,,,,,,,,,,,,,,
2017-02-15 00:00:00,1013.2,13.8,88.0,0.4,85.0,1.4,93.0,0.0,,,,,,,,,,2017-02-14T23:01:00,,,,,,,,,,,,,,,,,,
2017-02-15 01:00:00,1012.8,13.3,90.0,0.0,0.0,1.5,89.0,0.0,,,,,,,,,,2017-02-15T00:04:00,,,,,,,,,,,,,,,,,,
2017-02-15 02:00:00,1012.1,12.9,92.0,0.0,0.0,1.3,30.0,0.0,,,,,,,,,,2017-02-15T01:39:00,,,,,,,,,,,,,,,,,,
2017-02-15 03:00:00,1011.5,13.1,90.0,1.0,72.0,1.4,70.0,0.0,,,,,,,,,,2017-02-15T02:18:00,,,,,,,,,,,,,,,,,,
2017-02-15 04:00:00,1011.3,12.6,91.0,0.9,78.0,1.7,74.0,0.0,,,,,,,,,,2017-02-15T03:47:00,,,,,,,,,,,,,,,,,,
2017-02-15 05:00:00,1011.4,12.5,90.0,1.2,78.0,1.8,61.0,0.0,,,,,,,,,,2017-02-15T04:06:00,,,,,,,,,,,,,,,,,,
2017-02-15 06:00:00,1012.0,11.9,92.0,0.2,0.0,2.0,77.0,0.0,,,,,,,,,,2017-02-15T05:21:00,,,,,,,,,,,,,,,,,,
2017-02-15 07:00:00,1012.6,11.5,92.0,1.3,71.0,1.7,69.0,0.0,,,,,,,,,,2017-02-15T06:57:00,,,,,,,,,,,,,,,,,,
2017-02-15 08:00:00,1012.8,15.0,77.0,0.4,3.0,2.2,67.0,0.0,,,,,,,,,,2017-02-15T07:29:00,,,,,,,,,,,,,,,,,,
2017-02-15 09:00:00,1012.6,18.7,58.0,1.0,341.0,2.2,59.0,0.0,,,,,,,,,,2017-02-15T08:30:00,,,,,,,,,,,,,,,,,,
2017-02-15 10:00:00,1012.3,22.6,45.0,0.9,193.0,2.3,205.0,0.0,,,,,,,,,,2017-02-15T09:48:00,,,,,,,,,,,,,,,,,,
2017-02-15 11:00:00,1011.7,24.8,39.0,2.1,232.0,3.7,212.0,0.0,,,,,,,,,,2017-02-15T10:48:00,,,,,,,,,,,,,,,,,,
2017-02-15 12:00:00,1010.8,26.3,40.0,2.2,241.0,4.7,259.0,0.0,,,,,,,,,,2017-02-15T11:17:00,,,,,,,,,,,,,,,,,,
2017-02-15 13:00:00,1009.6,26.0,40.0,2.8,276.0,5.1,275.0,0.0,,,,,,,,,,2017-02-15T12:24:00,,,,,,,,,,,,,,,,,,
2017-02-15 14:00:00,1008.6,26.0,40.0,1.9,309.0,5.8,300.0,0.0,,,,,,,,,,2017-02-15T14:00:00,,,,,,,,,,,,,,,,,,
2017-02-15 15:00:00,1008.0,25.1,44.0,3.1,290.0,7.8,293.0,0.0,,,,,,,,,,2017-02-15T14:07:00,,,,,,,,,,,,,,,,,,
2017-02-15 16:00:00,1007.8,24.0,46.0,3.6,298.0,7.5,295.0,0.0,,,,,,,,,,2017-02-15T15:58:00,,,,,,,,,,,,,,,,,,
2017-02-15 17:00:00,1008.2,22.5,49.0,2.0,294.0,6.7,256.0,0.0,,,,,,,,,,2017-02-15T16:02:00,,,,,,,,,,,,,,,,,,
2017-02-15 18:00:00,1008.6,20.8,56.0,0.6,291.0,3.7,289.0,0.0,,,,,,,,,,2017-02-15T17:02:00,,,,,,,,,,,,,,,,,,
2017-02-15 19:00:00,1008.9,20.0,60.0,1.1,255.0,2.0,227.0,0.0,,,,,,,,,,2017-02-15T18:56:00,,,,,,,,,,,,,,,,,,
2017-02-15 20:00:00,1009.4,19.1,63.0,0.9,213.0,2.2,207.0,0.0,,,,,,,,,,2017-02-15T19:22:00,,,,,,,,,,,,,,,,,,
2017-02-15 21:00:00,1009.8,18.4,67.0,1.1,193.0,2.3,163.0,0.0,,,,,,,,,,2017-02-15T20:35:00,,,,,,,,,,,,,,,,,,
2017-02-15 22:00:00,1009.7,17.7,68.0,0.2,0.0,1.5,163.0,0.0,,,,,,,,,,2017-02-15T21:31:00,,,,,,,,,,,,,,,,,,
2017-02-15 23:00:00,1009.5,16.1,78.0,0.0,0.0,1.4,80.0,0.0,,,,,,,,,,2017-02-15T22:06:00,,,,,,,,,,,,,,,,,,
2017-02-16 00:00:00,1009.1,14.6,83.0,0.5,52.0,1.6,60.0,0.0,,,,,,,,,,2017-02-15T23:54:00,,,,,,,,,,,,,,,,,,
2017-02-16 01:00:00,1008.9,14.0,85.0,0.3,40.0,1.8,37.0,0.0,,,,,,,,,,2017-02-16T00:14:00,,,,,,,,,,,,,,,,,,
2017-02-16 02:00:00,1008.4,13.5,84.0,1.0,78.0,2.1,56.0,0.0,,,,,,,,,,2017-02-16T01:32:00,,,,,,,,,,,,,,,,,,
2017-02-16 03:00:00,1007.9,12.8,86.0,0.0,0.0,2.0,62.0,0.0,,,,,,,,,,2017-02-16T02:36:00,,,,,,,,,,,,,,,,,,
2017-02-16 04:00:00,1007.2,12.9,81.0,1.0,63.0,2.1,71.0,0.0,,,,,,,,,,2017-02-16T03:27:00,,,,,,,,,,,,,,,,,,
2017-02-16 05:00:00,1006.9,11.6,89.0,0.0,0.0,1.8,55.0,0.0,,,,,,,,,,2017-02-16T04:03:00,,,,,,,,,,,,,,,,,,
2017-02-16 06:00:00,1006.9,11.2,90.0,0.8,123.0,1.5,68.0,0.0,,,,,,,,,,2017-02-16T05:31:00,,,,,,,,,,,,,,,,,,
2017-02-16 07:00:00,1007.5,11.2,90.0,0.0,0.0,1.4,2.0,0.0,,,,,,,,,,2017-02-16T06:29:00,,,,,,,,,,,,,,,,,,
2017-02-16 08:00:00,1007.7,14.8,77.0,0.5,212.0,2.1,57.0,0.0,,,,,,,,,,2017-02-16T07:39:00,,,,,,,,,,,,,,,,,,
2017-02-16 09:00:00,1007.9,18.5,59.0,0.7,356.0,1.6,354.0,0.0,,,,,,,,,,2017-02-16T08:42:00,,,,,,,,,,,,,,,,,,
2017-02-16 10:00:00,1007.7,23.7,40.0,1.5,239.0,2.4,206.0,0.0,,,,,,,,,,2017-02-16T09:34:00,,,,,,,,,,,,,,,,,,
2017-02-16 11:00:00,1007.2,25.5,36.0,2.3,182.0,4.1,181.0,0.0,,,,,,,,,,2017-02-16T10:58:00,,,,,,,,,,,,,,,,,,
2017-02-16 12:00:00,1006.5,26.6,35.0,2.8,265.0,4.9,246.0,0.0,,,,,,,,,,2017-02-16T11:58:00,,,,,,,,,,,,,,,,,,
2017-02-16 13:00:00,1005.6,26.5,33.0,1.3,310.0,4.2,262.0,0.0,,,,,,,,,,2017-02-16T12:27:00,,,,,,,,,,,,,,,,,,
2017-02-16 14:00:00,1004.7,27.5,31.0,1.6,267.0,4.9,285.0,0.0,,,,,,,,,,2017-02-16T13:32:00,,,,,,,,,,,,,,,,,,
2017-02-16 15:00:00,1004.2,27.3,32.0,2.3,276.0,5.2,268.0,0.0,,,,,,,,,,2017-02-16T14:50:00,,,,,,,,,,,,,,,,,,
2017-02-16 16:00:00,1004.2,26.6,34.0,2.2,290.0,4.5,261.0,0.0,,,,,,,,,,2017-02-16T15:14:00,,,,,,,,,,,,,,,,,,
2017-02-16 17:00:00,1004.5,25.1,39.0,1.2,308.0,4.0,297.0,0.0,,,,,,,,,,2017-02-16T16:09:00,,,,,,,,,,,,,,,,,,
2017-02-16 18:00:00,1005.0,21.8,52.0,0.9,287.0,5.0,295.0,0.0,,,,,,,,,,2017-02-16T17:38:00,,,,,,,,,,,,,,,,,,
2017-02-16 19:00:00,1005.8,20.2,56.0,1.5,204.0,3.3,210.0,0.0,,,,,,,,,,2017-02-16T18:23:00,,,,,,,,,,,,,,,,,,
2017-02-16 20:00:00,1006.6,18.6,61.0,0.9,112.0,3.0,181.0,0.0,,,,,,,,,,2017-02-16T19:09:00,,,,,,,,,,,,,,,,,,
2017-02-16 21:00:00,1007.2,16.8,72.0,1.1,59.0,1.9,55.0,0.0,,,,,,,,,,2017-02-16T20:18:00,,,,,,,,,,,,,,,,,,
2017-02-16 22:00:00,1007.2,16.1,75.0,1.3,64.0,2.4,69.0,0.0,,,,,,,,,,2017-02-16T21:27:00,,,,,,,,,,,,,,,,,,
2017-02-16 23:00:00,1006.9,15.7,77.0,1.4,58.0,2.3,71.0,0.0,,,,,,,,,,2017-02-16T22:56:00,,,,,,,,,,,,,,,,,,
2017-02-17 00:00:00,1006.4,15.8,76.0,1.7,42.0,3.8,30.0,0.0,,,,,,,,,,2017-02-16T23:47:00,,,,,,,,,,,,,,,,,,
2017-02-17 01:00:00,1005.9,16.0,75.0,0.6,38.0,4.1,74.0,0.0,,,,,,,,,,2017-02-17T00:11:00,,,,,,,,,,,,,,,,,,
2017-02-17 02:00:00,1005.7,14.6,80.0,1.5,64.0,2.5,204.0,0.0,,,,,,,,,,2017-02-17T01:05:00,,,,,,,,,,,,,,,,,,
2017-02-17 03:00:00,1005.3,14.0,84.0,0.7,67.0,2.7,71.0,0.0,,,,,,,,,,2017-02-17T02:06:00,,,,,,,,,,,,,,,,,,
2017-02-17 04:00:00,1005.5,13.3,87.0,0.0,0.0,1.9,360.0,0.0,,,,,,,,,,2017-02-17T03:14:00,,,,,,,,,,,,,,,,,,
2017-02-17 05:00:00,1005.6,12.9,88.0,0.6,337.0,1.6,355.0,0.0,,,,,,,,,,2017-02-17T04:40:00,,,,,,,,,,,,,,,,,,
2017-02-17 06:00:00,1006.0,12.9,85.0,0.4,359.0,1.7,55.0,0.0,,,,,,,,,,2017-02-17T05:48:00,,,,,,,,,,,,,,,,,,
2017-02-17 07:00:00,1006.8,12.8,87.0,0.0,0.0,1.3,54.0,0.0,,,,,,,,,,2017-02-17T06:19:00,,,,,,,,,,,,,,,,,,
2017-02-17 08:00:00,1007.5,16.9,66.0,0.9,50.0,1.6,30.0,0.0,,,,,,,,,,2017-02-17T07:53:00,,,,,,,,,,,,,,,,,,
2017-02-17 09:00:00,1007.9,21.1,48.0,1.0,43.0,2.3,48.0,0.0,,,,,,,,,,2017-02-17T08:08:00,,,,,,,,,,,,,,,,,,
2017-02-17 10:00:00,1007.6,25.1,41.0,2.0,227.0,2.7,247.0,0.0,,,,,,,,,,2017-02-17T09:55:00,,,,,,,,,,,,,,,,,,
2017-02-17 11:00:00,1006.8,27.5,38.0,1.6,217.0,3.3,211.0,0.0,,,,,,,,,,2017-02-17T10:53:00,,,,,,,,,,,,,,,,,,
2017-02-17 12:00:00,1005.9,28.1,33.0,1.6,285.0,6.4,300.0,0.0,,,,,,,,,,2017-02-17T11:51:00,,,,,,,,,,,,,,,,,,
2017-02-17 13:00:00,1005.0,28.4,33.0,2.7,284.0,6.3,296.0,0.0,,,,,,,,,,2017-02-17T12:56:00,,,,,,,,,,,,,,,,,,
2017-02-17 14:00:00,1004.2,28.7,32.0,3.1,288.0,5.6,296.0,0.0,,,,,,,,,,2017-02-17T13:46:00,,,,,,,,,,,,,,,,,,
2017-02-17 15:00:00,1004.0,28.6,32.0,2.3,281.0,6.3,290.0,0.0,,,,,,,,,,2017-02-17T14:11:00,,,,,,,,,,,,,,,,,,
2017-02-17 16:00:00,1003.9,27.4,35.0,1.7,305.0,5.1,289.0,0.0,,,,,,,,,,2017-02-17T15:40:00,,,,,,,,,,,,,,,,,,
2017-02-17 17:00:00,1004.1,24.9,47.0,2.0,297.0,5.0,279.0,0.0,,,,,,,,,,2017-02-17T16:37:00,,,,,,,,,,,,,,,,,,
2017-02-17 18:00:00,1004.5,23.1,54.0,0.4,41.0,2.6,282.0,0.0,,,,,,,,,,2017-02-17T17:01:00,,,,,,,,,,,,,,,,,,
2017-02-17 19:00:00,1005.2,20.3,66.0,1.1,104.0,1.5,243.0,0.0,,,,,,,,,,2017-02-17T18:11:00,,,,,,,,,,,,,,,,,,
2017-02-17 20:00:00,1006.1,20.0,67.0,0.6,17.0,1.8,120.0,0.0,,,,,,,,,,2017-02-17T19:08:00,,,,,,,,,,,,,,,,,,
2017-02-17 21:00:00,1006.8,19.1,72.0,1.2,59.0,2.6,17.0,0.0,,,,,,,,,,2017-02-17T20:12:00,,,,,,,,,,,,,,,,,,
2017-02-17 22:00:00,1007.1,18.4,74.0,0.6,43.0,2.4,66.0,0.0,,,,,,,,,,2017-02-17T21:15:00,,,,,,,,,,,,,,,,,,
2017-02-17 23:00:00,1007.1,17.7,76.0,0.7,48.0,2.7,57.0,0.0,,,,,,,,,,2017-02-17T22:18:00,,,,,,,,,,,,,,,,,,
2017-02-18 00:00:00,1006.9,17.8,75.0,1.8,49.0,2.8,53.0,0.0,,,,,,,,,,2017-02-17T23:40:00,,,,,,,,,,,,,,,,,,
2017-02-18 01:00:00,1006.5,17.3,76.0,1.6,42.0,3.7,31.0,0.0,,,,,,,,,,2017-02-18T00:30:00,,,,,,,,,,,,,,,,,,
2017-02-18 02:00:00,1006.2,16.6,77.0,1.0,78.0,3.3,66.0,0.0,,,,,,,,,,2017-02-18T01:08:00,,,,,,,,,,,,,,,,,,
2017-02-18 03:00:00,1005.9,15.3,85.0,0.6,141.0,1.6,66.0,0.0,,,,,,,,,,2017-02-18T02:11:00,,,,,,,,,,,,,,,,,,
2017-02-18 04:00:00,1005.6,15.1,87.0,0.9,343.0,2.3,292.0,0.0,,,,,,,,,,2017-02-18T03:43:00,,,,,,,,,,,,,,,,,,
2017-02-18 05:00:00,1005.6,14.7,84.0,0.2,0.0,2.5,51.0,0.0,,,,,,,,,,2017-02-18T04:16:00,,,,,,,,,,,,,,,,,,
2017-02-18 06:00:00,1006.2,13.9,88.0,0.5,93.0,2.3,59.0,0.0,,,,,,,,,,2017-02-18T05:07:00,,,,,,,,,,,,,,,,,,
2017-02-18 07:00:00,1006.7,13.2,90.0,0.2,0.0,1.4,60.0,0.0,,,,,,,,,,2017-02-18T06:38:00,,,,,,,,,,,,,,,,,,
2017-02-18 08:00:00,1007.1,16.7,78.0,1.9,193.0,2.6,221.0,0.0,,,,,,,,,,2017-02-18T07:41:00,,,,,,,,,,,,,,,,,,
2017-02-18 09:00:00,1007.4,21.1,62.0,1.8,202.0,2.8,176.0,0.0,,,,,,,,,,2017-02-18T08:25:00,,,,,,,,,,,,,,,,,,
2017-02-18 10:00:00,1007.4,24.3,51.0,2.7,207.0,3.9,196.0,0.0,,,,,,,,,,2017-02-18T10:00:00,,,,,,,,,,,,,,,,,,
2017-02-18 11:00:00,1006.7,26.9,45.0,2.8,207.0,4.6,198.0,0.0,,,,,,,,,,2017-02-18T10:37:00,,,,,,,,,,,,,,,,,,
2017-02-18 12:00:00,1005.7,29.3,37.0,3.3,206.0,5.9,231.0,0.0,,,,,,,,,,2017-02-18T12:00:00,,,,,,,,,,,,,,,,,,
2017-02-18 13:00:00,1004.6,29.6,33.0,1.9,276.0,5.1,205.0,0.0,,,,,,,,,,2017-02-18T12:01:00,,,,,,,,,,,,,,,,,,
2017-02-18 14:00:00,1003.7,29.5,37.0,2.8,260.0,5.8,268.0,0.0,,,,,,,,,,2017-02-18T13:51:00,,,,,,,,,,,,,,,,,,
2017-02-18 15:00:00,1003.1,29.1,36.0,2.8,269.0,5.5,267.0,0.0,,,,,,,,,,2017-02-18T14:32:00,,,,,,,,,,,,,,,,,,
2017-02-18 16:00:00,1003.3,27.4,48.0,3.0,292.0,5.6,287.0,0.0,,,,,,,,,,2017-02-18T16:00:00,,,,,,,,,,,,,,,,,,
2017-02-18 17:00:00,1004.1,24.7,58.0,2.2,288.0,6.1,270.0,0.0,,,,,,,,,,2017-02-18T16:27:00,,,,,,,,,,,,,,,,,,
2017-02-18 18:00:00,1004.6,22.8,64.0,1.3,276.0,3.8,261.0,0.0,,,,,,,,,,2017-02-18T17:07:00,,,,,,,,,,,,,,,,,,
2017-02-18 19:00:00,1005.3,21.8,69.0,1.9,200.0,3.5,199.0,0.0,,,,,,,,,,2017-02-18T18:40:00,,,,,,,,,,,,,,,,,,
2017-02-18 20:00:00,1005.7,21.0,73.0,1.3,203.0,2.6,206.0,0.0,,,,,,,,,,2017-02-18T19:02:00,,,,,,,,,,,,,,,,,,
2017-02-18 21:00:00,1005.9,19.5,79.0,0.8,192.0,1.9,185.0,0.0,,,,,,,,,,2017-02-18T20:07:00,,,,,,,,,,,,,,,,,,
2017-02-18 22:00:00,1005.9,18.0,86.0,1.1,77.0,1.8,94.0,0.0,,,,,,,,,,2017-02-18T21:50:00,,,,,,,,,,,,,,,,,,
2017-02-18 23:00:00,1005.7,17.7,89.0,0.1,0.0,1.5,65.0,0.0,,,,,,,,,,2017-02-18T22:04:00,,,,,,,,,,,,,,,,,,
2017-02-19 00:00:00,1005.8,17.0,89.0,0.3,52.0,1.7,71.0,0.0,,,,,,,,,,2017-02-18T23:15:00,,,,,,,,,,,,,,,,,,
2017-02-19 01:00:00,1005.5,16.4,90.0,0.3,233.0,1.4,355.0,0.0,,,,,,,,,,2017-02-19T00:24:00,,,,,,,,,,,,,,,,,,
2017-02-19 02:00:00,1005.4,15.9,91.0,0.2,0.0,1.1,193.0,0.0,,,,,,,,,,2017-02-19T01:53:00,,,,,,,,,,,,,,,,,,
2017-02-19 03:00:00,1005.3,16.1,93.0,0.2,0.0,1.7,197.0,0.0,,,,,,,,,,2017-02-19T02:33:00,,,,,,,,,,,,,,,,,,
2017-02-19 04:00:00,1004.9,15.2,94.0,0.4,93.0,1.5,79.0,0.0,,,,,,,,,,2017-02-19T03:48:00,,,,,,,,,,,,,,,,,,
2017-02-19 05:00:00,1004.6,14.6,94.0,0.1,0.0,1.0,76.0,0.0,,,,,,,,,,2017-02-19T04:08:00,,,,,,,,,,,,,,,,,,
2017-02-19 06:00:00,1004.7,14.8,94.0,0.6,50.0,1.6,5.0,0.0,,,,,,,,,,2017-02-19T05:48:00,,,,,,,,,,,,,,,,,,
2017-02-19 07:00:00,1004.9,14.6,94.0,0.0,0.0,1.5,49.0,0.0,,,,,,,,,,2017-02-19T06:11:00,,,,,,,,,,,,,,,,,,
2017-02-19 08:00:00,1005.3,17.2,88.0,0.4,41.0,1.5,63.0,0.0,,,,,,,,,,2017-02-19T07:32:00,,,,,,,,,,,,,,,,,,
2017-02-19 09:00:00,1005.3,20.9,66.0,0.3,5.0,1.7,327.0,0.0,,,,,,,,,,2017-02-19T08:25:00,,,,,,,,,,,,,,,,,,
2017-02-19 10:00:00,1004.6,24.9,55.0,2.6,213.0,3.7,212.0,0.0,,,,,,,,,,2017-02-19T09:55:00,,,,,,,,,,,,,,,,,,
2017-02-19 11:00:00,1004.0,26.5,52.0,2.1,229.0,4.8,206.0,0.0,,,,,,,,,,2017-02-19T10:22:00,,,,,,,,,,,,,,,,,,
2017-02-19 12:00:00,1002.9,27.9,46.0,2.3,203.0,4.5,227.0,0.0,,,,,,,,,,2017-02-19T11:02:00,,,,,,,,,,,,,,,,,,
2017-02-19 13:00:00,1001.7,28.6,42.0,2.4,260.0,5.8,227.0,0.0,,,,,,,,,,2017-02-19T12:10:00,,,,,,,,,,,,,,,,,,
2017-02-19 14:00:00,1000.4,28.3,44.0,2.6,251.0,4.1,251.0,0.0,,,,,,,,,,2017-02-19T13:59:00,,,,,,,,,,,,,,,,,,
2017-02-19 15:00:00,999.8,28.1,44.0,2.2,290.0,4.6,259.0,0.0,,,,,,,,,,2017-02-19T14:20:00,,,,,,,,,,,,,,,,,,
2017-02-19 16:00:00,999.6,25.9,50.0,0.8,325.0,5.2,282.0,0.0,,,,,,,,,,2017-02-19T15:01:00,,,,,,,,,,,,,,,,,,
2017-02-19 17:00:00,999.8,24.7,57.0,2.3,283.0,4.7,301.0,0.0,,,,,,,,,,2017-02-19T16:54:00,,,,,,,,,,,,,,,,,,
2017-02-19 18:00:00,999.9,22.5,66.0,2.1,247.0,3.8,274.0,0.0,,,,,,,,,,2017-02-19T17:25:00,,,,,,,,,,,,,,,,,,
2017-02-19 19:00:00,1000.4,22.1,68.0,1.9,203.0,3.6,214.0,0.0,,,,,,,,,,2017-02-19T18:11:00,,,,,,,,,,,,,,,,,,
2017-02-19 20:00:00,1000.8,21.7,70.0,1.1,214.0,2.3,206.0,0.0,,,,,,,,,,2017-02-19T19:55:00,,,,,,,,,,,,,,,,,,
2017-02-19 21:00:00,1000.8,21.1,72.0,1.3,207.0,3.1,188.0,0.0,,,,,,,,,,2017-02-19T20:13:00,,,,,,,,,,,,,,,,,,
2017-02-19 22:00:00,1000.7,20.7,75.0,0.8,185.0,1.7,246.0,0.0,,,,,,,,,,2017-02-19T21:01:00,,,,,,,,,,,,,,,,,,
2017-02-19 23:00:00,1000.7,19.8,80.0,0.0,0.0,1.5,111.0,0.0,,,,,,,,,,2017-02-19T22:32:00,,,,,,,,,,,,,,,,,,
2017-02-20 00:00:00,1000.5,19.6,83.0,0.0,0.0,1.2,95.0,0.0,,,,,,,,,,2017-02-19T23:06:00,,,,,,,,,,,,,,,,,,
2017-02-20 01:00:00,1000.1,20.0,81.0,1.0,6.0,2.6,9.0,0.0,,,,,,,,,,2017-02-20T00:56:00,,,,,,,,,,,,,,,,,,
2017-02-20 02:00:00,999.2,19.2,85.0,0.2,0.0,1.2,323.0,0.0,,,,,,,,,,2017-02-20T01:05:00,,,,,,,,,,,,,,,,,,
2017-02-20 03:00:00,999.1,18.8,87.0,0.8,93.0,1.1,98.0,0.0,,,,,,,,,,2017-02-20T02:05:00,,,,,,,,,,,,,,,,,,
2017-02-20 04:00:00,998.8,18.9,86.0,0.7,45.0,2.2,61.0,0.0,,,,,,,,,,2017-02-20T03:32:00,,,,,,,,,,,,,,,,,,
2017-02-20 05:00:00,999.2,19.0,84.0,1.3,48.0,2.3,68.0,0.0,,,,,,,,,,2017-02-20T04:59:00,,,,,,,,,,,,,,,,,,
2017-02-20 06:00:00,999.5,19.4,83.0,0.7,227.0,3.1,24.0,0.0,,,,,,,,,,2017-02-20T05:17:00,,,,,,,,,,,,,,,,,,
2017-02-20 07:00:00,1000.2,19.4,85.0,0.5,339.0,1.8,249.0,0.0,,,,,,,,,,2017-02-20T06:34:00,,,,,,,,,,,,,,,,,,
2017-02-20 08:00:00,1000.9,21.0,79.0,1.3,11.0,2.0,62.0,0.0,,,,,,,,,,2017-02-20T07:58:00,,,,,,,,,,,,,,,,,,
2017-02-20 09:00:00,1001.3,23.8,67.0,0.9,7.0,2.8,68.0,0.0,,,,,,,,,,2017-02-20T08:20:00,,,,,,,,,,,,,,,,,,
2017-02-20 10:00:00,1001.1,26.0,62.0,0.8,355.0,2.9,354.0,0.0,,,,,,,,,,2017-02-20T09:48:00,,,,,,,,,,,,,,,,,,
2017-02-20 11:00:00,1000.9,28.6,55.0,2.2,218.0,4.6,262.0,0.0,,,,,,,,,,2017-02-20T10:52:00,,,,,,,,,,,,,,,,,,
2017-02-20 12:00:00,1000.1,30.2,52.0,3.1,217.0,5.6,214.0,0.0,,,,,,,,,,2017-02-20T11:49:00,,,,,,,,,,,,,,,,,,
2017-02-20 13:00:00,999.0,31.5,50.0,1.9,207.0,5.7,240.0,0.0,,,,,,,,,,2017-02-20T12:16:00,,,,,,,,,,,,,,,,,,
2017-02-20 14:00:00,998.4,28.7,69.0,1.1,201.0,6.6,213.0,4.0,,,,,,,,,,2017-02-20T13:17:00,,,,,,,,,,,,,,,,,,
2017-02-20 15:00:00,998.2,28.7,66.0,2.0,213.0,3.9,207.0,0.0,,,,,,,,,,2017-02-20T14:35:00,,,,,,,,,,,,,,,,,,
2017-02-20 16:00:00,998.0,30.1,60.0,2.8,223.0,4.4,199.0,0.0,,,,,,,,,,2017-02-20T15:59:00,,,,,,,,,,,,,,,,,,
2017-02-20 17:00:00,998.4,28.7,64.0,2.2,224.0,3.9,223.0,0.0,,,,,,,,,,2017-02-20T16:22:00,,,,,,,,,,,,,,,,,,
2017-02-20 18:00:00,999.3,26.3,73.0,2.0,294.0,4.4,292.0,0.0,,,,,,,,,,2017-02-20T17:48:00,,,,,,,,,,,,,,,,,,
2017-02-20 19:00:00,1000.0,25.0,80.0,1.9,249.0,3.8,278.0,0.0,,,,,,,,,,2017-02-20T18:01:00,,,,,,,,,,,,,,,,,,
2017-02-20 20:00:00,1000.7,23.7,84.0,1.0,133.0,3.2,236.0,0.0,,,,,,,,,,2017-02-20T19:13:00,,,,,,,,,,,,,,,,,,
2017-02-20 21:00:00,1001.3,22.5,90.0,1.3,74.0,1.6,77.0,0.0,,,,,,,,,,2017-02-20T20:56:00,,,,,,,,,,,,,,,,,,
2017-02-20 22:00:00,1001.6,21.8,92.0,0.8,49.0,2.1,56.0,0.0,,,,,,,,,,2017-02-20T21:08:00,,,,,,,,,,,,,,,,,,
2017-02-20 23:00:00,1001.9,21.2,92.0,0.6,93.0,1.5,66.0,0.0,,,,,,,,,,2017-02-20T22:01:00,,,,,,,,,,,,,,,,,,
2017-02-21 00:00:00,1002.2,21.1,94.0,0.5,5.0,1.1,57.0,0.0,,,,,,,,,,2017-02-20T23:12:00,,,,,,,,,,,,,,,,,,
2017-02-21 01:00:00,1001.9,21.6,90.0,0.9,59.0,2.6,42.0,0.0,,,,,,,,,,2017-02-21T00:53:00,,,,,,,,,,,,,,,,,,
2017-02-21 02:00:00,1001.8,21.6,89.0,1.0,49.0,2.8,4.0,0.0,,,,,,,,,,2017-02-21T01:49:00,,,,,,,,,,,,,,,,,,
2017-02-21 03:00:00,1001.4,21.3,88.0,1.5,68.0,2.9,65.0,0.0,,,,,,,,,,2017-02-21T02:17:00,,,,,,,,,,,,,,,,,,
2017-02-21 04:00:00,1001.3,20.9,87.0,1.0,103.0,2.7,64.0,0.0,,,,,,,,,,2017-02-21T03:13:00,,,,,,,,,,,,,,,,,,
2017-02-21 05:00:00,1001.7,20.4,89.0,0.5,104.0,2.2,57.0,0.0,,,,,,,,,,2017-02-21T04:29:00,,,,,,,,,,,,,,,,,,
2017-02-21 06:00:00,1002.3,20.5,84.0,0.8,11.0,3.1,63.0,0.0,,,,,,,,,,2017-02-21T05:47:00,,,,,,,,,,,,,,,,,,
2017-02-21 07:00:00,1002.8,19.6,89.0,0.9,35.0,1.5,33.0,0.0,,,,,,,,,,2017-02-21T06:59:00,,,,,,,,,,,,,,,,,,
2017-02-21 08:00:00,1003.2,22.1,73.0,0.8,27.0,3.1,71.0,0.0,,,,,,,,,,2017-02-21T07:24:00,,,,,,,,,,,,,,,,,,
2017-02-21 09:00:00,1003.5,25.7,67.0,1.6,210.0,2.6,214.0,0.0,,,,,,,,,,2017-02-21T08:46:00,,,,,,,,,,,,,,,,,,
2017-02-21 10:00:00,1003.6,28.1,60.0,2.3,196.0,3.8,193.0,0.0,,,,,,,,,,2017-02-21T09:57:00,,,,,,,,,,,,,,,,,,
2017-02-21 11:00:00,1003.2,30.0,57.0,2.1,211.0,4.9,174.0,0.0,,,,,,,,,,2017-02-21T10:35:00,,,,,,,,,,,,,,,,,,
2017-02-21 12:00:00,1002.2,31.1,52.0,2.2,262.0,4.1,297.0,0.0,,,,,,,,,,2017-02-21T11:05:00,,,,,,,,,,,,,,,,,,
2017-02-21 13:00:00,1001.0,30.4,53.0,1.9,277.0,6.1,225.0,0.0,,,,,,,,,,2017-02-21T12:21:00,,,,,,,,,,,,,,,,,,
2017-02-21 14:00:00,1000.7,28.6,57.0,3.7,268.0,6.3,287.0,0.0,,,,,,,,,,2017-02-21T14:00:00,,,,,,,,,,,,,,,,,,
2017-02-21 15:00:00,1000.6,27.3,60.0,1.5,291.0,5.7,266.0,0.0,,,,,,,,,,2017-02-21T14:22:00,,,,,,,,,,,,,,,,,,
2017-02-21 16:00:00,1000.6,27.4,60.0,2.0,210.0,3.6,220.0,0.0,,,,,,,,,,2017-02-21T15:59:00,,,,,,,,,,,,,,,,,,
2017-02-21 17:00:00,1000.9,26.3,63.0,1.8,269.0,3.5,204.0,0.0,,,,,,,,,,2017-02-21T16:05:00,,,,,,,,,,,,,,,,,,
2017-02-21 18:00:00,1001.6,25.0,67.0,0.9,252.0,3.7,253.0,0.0,,,,,,,,,,2017-02-21T17:31:00,,,,,,,,,,,,,,,,,,
2017-02-21 19:00:00,1002.0,23.8,71.0,1.8,175.0,2.8,287.0,0.0,,,,,,,,,,2017-02-21T18:16:00,,,,,,,,,,,,,,,,,,
2017-02-21 20:00:00,1002.0,23.1,74.0,1.1,245.0,3.4,174.0,0.0,,,,,,,,,,2017-02-21T19:06:00,,,,,,,,,,,,,,,,,,
2017-02-21 21:00:00,1002.1,22.5,79.0,1.4,279.0,2.0,274.0,0.0,,,,,,,,,,2017-02-21T21:00:00,,,,,,,,,,,,,,,,,,
2017-02-21 22:00:00,1002.1,22.1,79.0,0.9,26.0,3.1,173.0,0.0,,,,,,,,,,2017-02-21T21:24:00,,,,,,,,,,,,,,,,,,
2017-02-21 23:00:00,1002.1,21.2,82.0,1.5,169.0,2.6,163.0,0.0,,,,,,,,,,2017-02-21T22:58:00,,,,,,,,,,,,,,,,,,
2017-02-22 00:00:00,1002.3,20.7,83.0,2.4,195.0,4.1,195.0,0.0,,,,,,,,,,2017-02-21T23:55:00,,,,,,,,,,,,,,,,,,
2017-02-22 01:00:00,1002.2,20.2,85.0,2.3,216.0,3.6,232.0,0.0,,,,,,,,,,2017-02-22T00:18:00,,,,,,,,,,,,,,,,,,
2017-02-22 02:00:00,1001.7,20.0,86.0,1.2,200.0,3.3,215.0,0.0,,,,,,,,,,2017-02-22T01:05:00,,,,,,,,,,,,,,,,,,
2017-02-22 03:00:00,1001.4,19.8,87.0,0.6,197.0,2.0,162.0,0.0,,,,,,,,,,2017-02-22T02:22:00,,,,,,,,,,,,,,,,,,
2017-02-22 04:00:00,1001.0,19.4,89.0,1.4,249.0,2.1,218.0,0.0,,,,,,,,,,2017-02-22T03:58:00,,,,,,,,,,,,,,,,,,
2017-02-22 05:00:00,1001.2,19.2,90.0,0.6,216.0,3.5,161.0,0.0,,,,,,,,,,2017-02-22T04:14:00,,,,,,,,,,,,,,,,,,
2017-02-22 06:00:00,1001.5,19.2,91.0,1.0,211.0,2.0,228.0,0.0,,,,,,,,,,2017-02-22T05:54:00,,,,,,,,,,,,,,,,,,
2017-02-22 07:00:00,1001.9,19.2,92.0,0.4,57.0,1.9,178.0,0.0,,,,,,,,,,2017-02-22T06:09:00,,,,,,,,,,,,,,,,,,
2017-02-22 08:00:00,1001.5,20.4,88.0,0.5,42.0,1.6,18.0,0.0,,,,,,,,,,2017-02-22T07:42:00,,,,,,,,,,,,,,,,,,
2017-02-22 09:00:00,1001.5,23.4,77.0,1.1,269.0,2.2,119.0,0.0,,,,,,,,,,2017-02-22T08:40:00,,,,,,,,,,,,,,,,,,
2017-02-22 10:00:00,1001.3,25.5,66.0,1.0,343.0,2.2,11.0,0.0,,,,,,,,,,2017-02-22T09:46:00,,,,,,,,,,,,,,,,,,
2017-02-22 11:00:00,1000.5,27.1,60.0,0.4,341.0,2.8,266.0,0.0,,,,,,,,,,2017-02-22T10:18:00,,,,,,,,,,,,,,,,,,
2017-02-22 12:00:00,1000.3,28.2,57.0,1.9,185.0,4.9,237.0,0.0,,,,,,,,,,2017-02-22T11:34:00,,,,,,,,,,,,,,,,,,
2017-02-22 13:00:00,999.8,28.2,60.0,1.3,224.0,3.5,213.0,0.0,,,,,,,,,,2017-02-22T12:10:00,,,,,,,,,,,,,,,,,,
2017-02-22 14:00:00,999.8,26.8,65.0,2.5,290.0,6.5,289.0,0.0,,,,,,,,,,2017-02-22T13:51:00,,,,,,,,,,,,,,,,,,
2017-02-22 15:00:00,999.5,26.1,67.0,1.1,239.0,6.2,292.0,0.0,,,,,,,,,,2017-02-22T14:23:00,,,,,,,,,,,,,,,,,,
2017-02-22 16:00:00,998.9,26.4,66.0,0.7,211.0,2.4,184.0,0.0,,,,,,,,,,2017-02-22T15:19:00,,,,,,,,,,,,,,,,,,
2017-02-22 17:00:00,998.9,27.9,61.0,1.1,201.0,2.7,156.0,0.0,,,,,,,,,,2017-02-22T16:51:00,,,,,,,,,,,,,,,,,,
2017-02-22 18:00:00,999.5,25.8,70.0,1.2,248.0,2.6,244.0,0.0,,,,,,,,,,2017-02-22T17:48:00,,,,,,,,,,,,,,,,,,
2017-02-22 19:00:00,999.4,24.0,82.0,1.5,110.0,2.4,133.0,0.0,,,,,,,,,,2017-02-22T19:00:00,,,,,,,,,,,,,,,,,,
2017-02-22 20:00:00,1000.4,23.5,84.0,0.4,96.0,2.0,149.0,0.0,,,,,,,,,,2017-02-22T19:01:00,,,,,,,,,,,,,,,,,,
2017-02-22 21:00:00,1000.8,23.1,86.0,0.8,61.0,1.5,65.0,0.0,,,,,,,,,,2017-02-22T20:12:00,,,,,,,,,,,,,,,,,,
2017-02-22 22:00:00,1001.2,22.9,87.0,0.8,66.0,1.4,73.0,0.0,,,,,,,,,,2017-02-22T21:18:00,,,,,,,,,,,,,,,,,,
2017-02-22 23:00:00,1001.3,22.8,86.0,0.8,57.0,2.3,54.0,0.0,,,,,,,,,,2017-02-22T22:38:00,,,,,,,,,,,,,,,,,,
2017-02-23 00:00:00,1001.0,22.9,86.0,0.9,55.0,1.8,68.0,0.0,,,,,,,,,,2017-02-22T23:58:00,,,,,,,,,,,,,,,,,,
2017-02-23 01:00:00,1000.6,23.0,85.0,0.9,39.0,1.9,44.0,0.0,,,,,,,,,,2017-02-23T00:45:00,,,,,,,,,,,,,,,,,,
2017-02-23 02:00:00,1000.5,22.7,87.0,0.1,0.0,2.0,79.0,0.0,,,,,,,,,,2017-02-23T01:21:00,,,,,,,,,,,,,,,,,,
2017-02-23 03:00:00,1000.1,22.5,88.0,0.7,49.0,1.5,55.0,0.0,,,,,,,,,,2017-02-23T02:54:00,,,,,,,,,,,,,,,,,,
2017-02-23 04:00:00,999.8,22.3,89.0,1.0,37.0,1.9,63.0,0.0,,,,,,,,,,2017-02-23T03:12:00,,,,,,,,,,,,,,,,,,
2017-02-23 05:00:00,999.9,22.4,88.0,0.2,0.0,2.1,82.0,0.0,,,,,,,,,,2017-02-23T04:34:00,,,,,,,,,,,,,,,,,,
2017-02-23 06:00:00,1000.5,21.3,91.0,0.8,90.0,1.7,62.0,0.0,,,,,,,,,,2017-02-23T05:25:00,,,,,,,,,,,,,,,,,,
2017-02-23 07:00:00,1000.8,21.4,90.0,0.5,19.0,2.2,62.0,0.0,,,,,,,,,,2017-02-23T06:04:00,,,,,,,,,,,,,,,,,,
2017-02-23 08:00:00,1000.9,23.0,84.0,0.6,64.0,2.3,61.0,0.0,,,,,,,,,,2017-02-23T07:07:00,,,,,,,,,,,,,,,,,,
2017-02-23 09:00:00,1001.1,27.3,66.0,1.4,231.0,2.1,248.0,0.0,,,,,,,,,,2017-02-23T08:57:00,,,,,,,,,,,,,,,,,,
2017-02-23 10:00:00,1001.2,28.3,63.0,2.2,188.0,3.8,230.0,0.0,,,,,,,,,,2017-02-23T09:45:00,,,,,,,,,,,,,,,,,,
2017-02-23 11:00:00,1001.1,29.6,59.0,1.7,276.0,4.6,276.0,0.0,,,,,,,,,,2017-02-23T10:53:00,,,,,,,,,,,,,,,,,,
2017-02-23 12:00:00,1000.6,31.2,54.0,2.2,258.0,4.6,294.0,0.0,,,,,,,,,,2017-02-23T11:46:00,,,,,,,,,,,,,,,,,,
2017-02-23 13:00:00,999.4,30.9,53.0,2.5,238.0,4.5,217.0,0.0,,,,,,,,,,2017-02-23T12:57:00,,,,,,,,,,,,,,,,,,
2017-02-23 14:00:00,998.5,32.2,48.0,2.9,245.0,5.4,267.0,0.0,,,,,,,,,,2017-02-23T13:57:00,,,,,,,,,,,,,,,,,,
2017-02-23 15:00:00,998.2,31.1,52.0,2.5,285.0,6.1,274.0,0.0,,,,,,,,,,2017-02-23T14:51:00,,,,,,,,,,,,,,,,,,
2017-02-23 16:00:00,998.7,27.6,62.0,3.5,297.0,7.7,289.0,0.0,,,,,,,,,,2017-02-23T15:38:00,,,,,,,,,,,,,,,,,,
2017-02-23 17:00:00,999.3,25.5,65.0,2.0,271.0,6.5,293.0,0.0,,,,,,,,,,2017-02-23T16:10:00,,,,,,,,,,,,,,,,,,
2017-02-23 18:00:00,1000.3,24.3,69.0,2.8,196.0,4.1,206.0,0.0,,,,,,,,,,2017-02-23T18:00:00,,,,,,,,,,,,,,,,,,
2017-02-23 19:00:00,1001.5,21.8,74.0,2.8,199.0,5.2,190.0,0.0,,,,,,,,,,2017-02-23T18:14:00,,,,,,,,,,,,,,,,,,
2017-02-23 20:00:00,1002.1,20.3,75.0,2.8,192.0,4.8,188.0,0.0,,,,,,,,,,2017-02-23T19:14:00,,,,,,,,,,,,,,,,,,
2017-02-23 21:00:00,1002.9,18.9,76.0,2.7,190.0,4.4,194.0,0.0,,,,,,,,,,2017-02-23T20:32:00,,,,,,,,,,,,,,,,,,
2017-02-23 22:00:00,1003.5,18.1,76.0,3.0,200.0,4.7,207.0,0.0,,,,,,,,,,2017-02-23T21:41:00,,,,,,,,,,,,,,,,,,
2017-02-23 23:00:00,1003.9,17.6,77.0,2.8,196.0,4.0,214.0,0.0,,,,,,,,,,2017-02-23T22:43:00,,,,,,,,,,,,,,,,,,
2017-02-24 00:00:00,1004.1,17.1,77.0,2.0,197.0,4.0,222.0,0.0,,,,,,,,,,2017-02-23T23:09:00,,,,,,,,,,,,,,,,,,
2017-02-24 01:00:00,1004.4,16.1,87.0,0.8,199.0,3.2,201.0,0.0,,,,,,,,,,2017-02-24T00:20:00,,,,,,,,,,,,,,,,,,
2017-02-24 02:00:00,1004.2,16.5,85.0,1.3,3.0,2.0,13.0,0.0,,,,,,,,,,2017-02-24T01:58:00,,,,,,,,,,,,,,,,,,
2017-02-24 03:00:00,1003.8,17.4,87.0,1.4,229.0,2.2,33.0,0.0,,,,,,,,,,2017-02-24T02:10:00,,,,,,,,,,,,,,,,,,
2017-02-24 04:00:00,1003.4,16.7,85.0,0.0,0.0,2.8,239.0,0.0,,,,,,,,,,2017-02-24T03:06:00,,,,,,,,,,,,,,,,,,
2017-02-24 05:00:00,1003.2,16.9,85.0,0.8,189.0,1.6,213.0,0.0,,,,,,,,,,2017-02-24T04:11:00,,,,,,,,,,,,,,,,,,
2017-02-24 06:00:00,1003.8,16.8,88.0,0.8,214.0,1.3,221.0,0.0,,,,,,,,,,2017-02-24T05:02:00,,,,,,,,,,,,,,,,,,
2017-02-24 07:00:00,1004.5,16.9,85.0,0.6,164.0,2.0,204.0,0.0,,,,,,,,,,2017-02-24T06:37:00,,,,,,,,,,,,,,,,,,
2017-02-24 08:00:00,1005.3,17.7,81.0,0.3,235.0,2.3,160.0,0.0,,,,,,,,,,2017-02-24T07:38:00,,,,,,,,,,,,,,,,,,
2017-02-24 09:00:00,1005.8,18.5,81.0,0.8,329.0,1.8,48.0,0.0,,,,,,,,,,2017-02-24T08:40:00,,,,,,,,,,,,,,,,,,
2017-02-24 10:00:00,1005.8,20.0,77.0,1.1,188.0,2.2,288.0,0.0,,,,,,,,,,2017-02-24T09:03:00,,,,,,,,,,,,,,,,,,
2017-02-24 11:00:00,1005.5,21.8,71.0,1.7,198.0,2.5,178.0,0.0,,,,,,,,,,2017-02-24T11:00:00,,,,,,,,,,,,,,,,,,
2017-02-24 12:00:00,1005.0,21.1,72.0,2.3,208.0,3.7,223.0,0.0,,,,,,,,,,2017-02-24T11:28:00,,,,,,,,,,,,,,,,,,
2017-02-24 13:00:00,1004.2,21.7,68.0,1.2,221.0,3.0,212.0,0.0,,,,,,,,,,2017-02-24T12:08:00,,,,,,,,,,,,,,,,,,
2017-02-24 14:00:00,1003.5,22.8,64.0,1.5,204.0,2.8,299.0,0.0,,,,,,,,,,2017-02-24T13:14:00,,,,,,,,,,,,,,,,,,
2017-02-24 15:00:00,1003.1,23.3,63.0,0.9,315.0,3.3,162.0,0.0,,,,,,,,,,2017-02-24T14:11:00,,,,,,,,,,,,,,,,,,
2017-02-24 16:00:00,1003.0,22.2,63.0,1.7,293.0,4.5,271.0,0.0,,,,,,,,,,2017-02-24T15:51:00,,,,,,,,,,,,,,,,,,
2017-02-24 17:00:00,1003.0,21.4,66.0,0.3,132.0,3.1,297.0,0.0,,,,,,,,,,2017-02-24T16:01:00,,,,,,,,,,,,,,,,,,
2017-02-24 18:00:00,1003.3,20.0,70.0,2.5,205.0,4.0,207.0,0.0,,,,,,,,,,2017-02-24T17:52:00,,,,,,,,,,,,,,,,,,
2017-02-24 19:00:00,1004.1,17.8,76.0,1.5,215.0,3.5,196.0,0.0,,,,,,,,,,2017-02-24T18:28:00,,,,,,,,,,,,,,,,,,
2017-02-24 20:00:00,1005.0,16.7,78.0,2.2,197.0,4.1,186.0,0.0,,,,,,,,,,2017-02-24T19:50:00,,,,,,,,,,,,,,,,,,
2017-02-24 21:00:00,1005.3,16.8,77.0,0.7,98.0,3.3,201.0,0.0,,,,,,,,,,2017-02-24T20:14:00,,,,,,,,,,,,,,,,,,
2017-02-24 22:00:00,1005.5,17.6,77.0,1.1,221.0,2.0,336.0,0.0,,,,,,,,,,2017-02-24T21:14:00,,,,,,,,,,,,,,,,,,
2017-02-24 23:00:00,1005.2,17.8,78.0,1.3,221.0,2.0,127.0,0.0,,,,,,,,,,2017-02-24T22:17:00,,,,,,,,,,,,,,,,,,
2017-02-25 00:00:00,1005.0,16.6,79.0,2.6,193.0,3.8,205.0,0.0,,,,,,,,,,2017-02-24T23:58:00,,,,,,,,,,,,,,,,,,
2017-02-25 01:00:00,1005.0,15.6,80.0,1.5,194.0,3.9,206.0,0.0,,,,,,,,,,2017-02-25T00:13:00,,,,,,,,,,,,,,,,,,
2017-02-25 02:00:00,1004.4,15.7,82.0,0.5,210.0,2.2,187.0,0.0,,,,,,,,,,2017-02-25T01:18:00,,,,,,,,,,,,,,,,,,
2017-02-25 03:00:00,1003.7,15.5,85.0,0.1,0.0,1.6,215.0,0.0,,,,,,,,,,2017-02-25T02:36:00,,,,,,,,,,,,,,,,,,
2017-02-25 04:00:00,1003.5,15.9,84.0,0.7,293.0,1.3,244.0,0.0,,,,,,,,,,2017-02-25T03:20:00,,,,,,,,,,,,,,,,,,
2017-02-25 05:00:00,1003.7,16.0,83.0,1.2,207.0,2.3,227.0,0.0,,,,,,,,,,2017-02-25T04:44:00,,,,,,,,,,,,,,,,,,
2017-02-25 06:00:00,1003.5,15.6,85.0,0.8,163.0,1.9,175.0,0.0,,,,,,,,,,2017-02-25T05:05:00,,,,,,,,,,,,,,,,,,
2017-02-25 07:00:00,1004.2,16.1,84.0,0.3,4.0,2.8,170.0,0.0,,,,,,,,,,2017-02-25T06:29:00,,,,,,,,,,,,,,,,,,
2017-02-25 08:00:00,1004.7,16.9,81.0,0.7,145.0,2.3,296.0,0.0,,,,,,,,,,2017-02-25T07:13:00,,,,,,,,,,,,,,,,,,
2017-02-25 09:00:00,1004.8,18.6,76.0,1.7,204.0,2.6,182.0,0.0,,,,,,,,,,2017-02-25T08:47:00,,,,,,,,,,,,,,,,,,
2017-02-25 10:00:00,1004.6,20.8,68.0,1.0,205.0,2.2,214.0,0.0,,,,,,,,,,2017-02-25T09:41:00,,,,,,,,,,,,,,,,,,
2017-02-25 11:00:00,1003.8,23.4,63.0,1.3,257.0,2.4,261.0,0.0,,,,,,,,,,2017-02-25T10:53:00,,,,,,,,,,,,,,,,,,
2017-02-25 12:00:00,1002.4,27.7,50.0,1.8,248.0,3.5,214.0,0.0,,,,,,,,,,2017-02-25T11:47:00,,,,,,,,,,,,,,,,,,
2017-02-25 13:00:00,1001.5,24.6,57.0,2.8,282.0,4.8,297.0,0.0,,,,,,,,,,2017-02-25T12:57:00,,,,,,,,,,,,,,,,,,
2017-02-25 14:00:00,1000.4,25.2,55.0,1.2,306.0,5.3,294.0,0.0,,,,,,,,,,2017-02-25T13:05:00,,,,,,,,,,,,,,,,,,
2017-02-25 15:00:00,1000.0,26.8,50.0,2.2,268.0,4.4,248.0,0.0,,,,,,,,,,2017-02-25T14:05:00,,,,,,,,,,,,,,,,,,
2017-02-25 16:00:00,1000.2,25.1,54.0,2.1,281.0,5.4,290.0,0.0,,,,,,,,,,2017-02-25T15:50:00,,,,,,,,,,,,,,,,,,
2017-02-25 17:00:00,1000.4,22.6,61.0,2.1,268.0,4.9,302.0,0.0,,,,,,,,,,2017-02-25T16:13:00,,,,,,,,,,,,,,,,,,
2017-02-25 18:00:00,1001.2,20.5,68.0,2.6,269.0,3.9,280.0,0.0,,,,,,,,,,2017-02-25T17:56:00,,,,,,,,,,,,,,,,,,
2017-02-25 19:00:00,1001.6,19.5,72.0,1.9,203.0,3.8,237.0,0.0,,,,,,,,,,2017-02-25T18:01:00,,,,,,,,,,,,,,,,,,
2017-02-25 20:00:00,1002.2,19.0,73.0,1.1,206.0,3.6,170.0,0.0,,,,,,,,,,2017-02-25T19:18:00,,,,,,,,,,,,,,,,,,
2017-02-25 21:00:00,1002.4,19.1,74.0,1.2,283.0,1.5,279.0,0.0,,,,,,,,,,2017-02-25T20:57:00,,,,,,,,,,,,,,,,,,
2017-02-25 22:00:00,1002.5,18.8,76.0,1.2,66.0,3.0,167.0,0.0,,,,,,,,,,2017-02-25T21:29:00,,,,,,,,,,,,,,,,,,
2017-02-25 23:00:00,1002.5,18.8,78.0,1.0,189.0,1.9,63.0,0.0,,,,,,,,,,2017-02-25T22:03:00,,,,,,,,,,,,,,,,,,
2017-02-26 00:00:00,1003.1,17.9,80.0,2.0,179.0,3.6,177.0,0.0,,,,,,,,,,2017-02-25T23:52:00,,,,,,,,,,,,,,,,,,
2017-02-26 01:00:00,1003.2,17.2,80.0,2.0,209.0,3.3,223.0,0.0,,,,,,,,,,2017-02-26T00:46:00,,,,,,,,,,,,,,,,,,
2017-02-26 02:00:00,1002.5,17.0,81.0,1.1,346.0,3.7,157.0,0.0,,,,,,,,,,2017-02-26T01:20:00,,,,,,,,,,,,,,,,,,
2017-02-26 03:00:00,1002.4,17.4,81.0,0.7,32.0,2.1,349.0,0.0,,,,,,,,,,2017-02-26T02:02:00,,,,,,,,,,,,,,,,,,
2017-02-26 04:00:00,1002.0,17.6,82.0,0.0,0.0,1.6,180.0,0.0,,,,,,,,,,2017-02-26T03:39:00,,,,,,,,,,,,,,,,,,
2017-02-26 05:00:00,1002.6,17.4,82.0,2.2,209.0,3.6,216.0,0.0,,,,,,,,,,2017-02-26T04:54:00,,,,,,,,,,,,,,,,,,
2017-02-26 06:00:00,1003.1,16.3,84.0,1.9,91.0,4.1,90.0,0.0,,,,,,,,,,2017-02-26T05:59:00,,,,,,,,,,,,,,,,,,
2017-02-26 07:00:00,1003.5,17.0,83.0,0.7,174.0,3.7,66.0,0.0,,,,,,,,,,2017-02-26T06:02:00,,,,,,,,,,,,,,,,,,
2017-02-26 08:00:00,1004.3,17.8,80.0,1.7,225.0,2.5,205.0,0.0,,,,,,,,,,2017-02-26T07:35:00,,,,,,,,,,,,,,,,,,
2017-02-26 09:00:00,1004.6,19.9,71.0,2.1,217.0,3.9,176.0,0.0,,,,,,,,,,2017-02-26T08:15:00,,,,,,,,,,,,,,,,,,
2017-02-26 10:00:00,1004.5,22.9,62.0,1.8,208.0,3.7,226.0,0.0,,,,,,,,,,2017-02-26T09:55:00,,,,,,,,,,,,,,,,,,
2017-02-26 11:00:00,1003.8,25.9,53.0,1.4,217.0,3.9,208.0,0.0,,,,,,,,,,2017-02-26T10:27:00,,,,,,,,,,,,,,,,,,
2017-02-26 12:00:00,1003.0,27.2,49.0,1.7,252.0,4.7,281.0,0.0,,,,,,,,,,2017-02-26T11:24:00,,,,,,,,,,,,,,,,,,
2017-02-26 13:00:00,1002.0,26.9,48.0,3.4,276.0,5.5,249.0,0.0,,,,,,,,,,2017-02-26T13:00:00,,,,,,,,,,,,,,,,,,
2017-02-26 14:00:00,1001.4,25.2,51.0,3.5,283.0,7.1,291.0,0.0,,,,,,,,,,2017-02-26T13:29:00,,,,,,,,,,,,,,,,,,
2017-02-26 15:00:00,1000.7,26.1,48.0,2.7,273.0,7.0,292.0,0.0,,,,,,,,,,2017-02-26T14:09:00,,,,,,,,,,,,,,,,,,
2017-02-26 16:00:00,1001.1,24.8,51.0,3.4,283.0,6.8,285.0,0.0,,,,,,,,,,2017-02-26T15:46:00,,,,,,,,,,,,,,,,,,
2017-02-26 17:00:00,1001.9,22.3,56.0,3.0,274.0,6.3,292.0,0.0,,,,,,,,,,2017-02-26T16:09:00,,,,,,,,,,,,,,,,,,
2017-02-26 18:00:00,1002.9,19.5,64.0,2.0,227.0,5.2,268.0,0.0,,,,,,,,,,2017-02-26T17:07:00,,,,,,,,,,,,,,,,,,
2017-02-26 19:00:00,1003.4,17.9,70.0,2.1,197.0,4.1,204.0,0.0,,,,,,,,,,2017-02-26T18:27:00,,,,,,,,,,,,,,,,,,
2017-02-26 20:00:00,1004.2,16.9,73.0,2.2,201.0,4.0,198.0,0.0,,,,,,,,,,2017-02-26T19:09:00,,,,,,,,,,,,,,,,,,
2017-02-26 21:00:00,1004.9,16.5,74.0,2.2,207.0,3.9,211.0,0.0,,,,,,,,,,2017-02-26T20:26:00,,,,,,,,,,,,,,,,,,
2017-02-26 22:00:00,1005.2,16.0,76.0,1.8,203.0,3.6,208.0,0.0,,,,,,,,,,2017-02-26T21:01:00,,,,,,,,,,,,,,,,,,
2017-02-26 23:00:00,1005.4,15.6,77.0,1.6,190.0,2.5,186.0,0.0,,,,,,,,,,2017-02-26T22:01:00,,,,,,,,,,,,,,,,,,
2017-02-27 00:00:00,1005.0,15.7,78.0,0.8,287.0,1.9,188.0,0.0,,,,,,,,,,2017-02-26T23:03:00,,,,,,,,,,,,,,,,,,
2017-02-27 01:00:00,1004.6,15.0,81.0,0.0,0.0,1.4,277.0,0.0,,,,,,,,,,2017-02-27T00:01:00,,,,,,,,,,,,,,,,,,
2017-02-27 02:00:00,1004.2,14.4,85.0,1.0,245.0,1.3,85.0,0.0,,,,,,,,,,2017-02-27T01:21:00,,,,,,,,,,,,,,,,,,
2017-02-27 03:00:00,1004.4,14.5,86.0,1.0,178.0,2.4,185.0,0.0,,,,,,,,,,2017-02-27T02:20:00,,,,,,,,,,,,,,,,,,
2017-02-27 04:00:00,1004.4,15.1,83.0,1.1,350.0,1.7,345.0,0.0,,,,,,,,,,2017-02-27T03:59:00,,,,,,,,,,,,,,,,,,
2017-02-27 05:00:00,1004.9,15.7,83.0,0.5,261.0,1.4,343.0,0.0,,,,,,,,,,2017-02-27T04:01:00,,,,,,,,,,,,,,,,,,
2017-02-27 06:00:00,1005.4,16.1,82.0,0.0,0.0,0.7,244.0,0.0,,,,,,,,,,2017-02-27T05:02:00,,,,,,,,,,,,,,,,,,
2017-02-27 07:00:00,1005.7,16.4,83.0,0.4,282.0,1.2,290.0,0.0,,,,,,,,,,2017-02-27T06:52:00,,,,,,,,,,,,,,,,,,
2017-02-27 08:00:00,1006.1,17.9,78.0,1.1,59.0,1.6,61.0,0.0,,,,,,,,,,2017-02-27T07:56:00,,,,,,,,,,,,,,,,,,
2017-02-27 09:00:00,1006.1,22.0,61.0,1.2,233.0,2.6,215.0,0.0,,,,,,,,,,2017-02-27T08:59:00,,,,,,,,,,,,,,,,,,
2017-02-27 10:00:00,1006.3,24.5,52.0,1.7,235.0,4.7,299.0,0.0,,,,,,,,,,2017-02-27T09:41:00,,,,,,,,,,,,,,,,,,
2017-02-27 11:00:00,1006.0,24.7,51.0,1.7,260.0,4.3,296.0,0.0,,,,,,,,,,2017-02-27T10:16:00,,,,,,,,,,,,,,,,,,
2017-02-27 12:00:00,1005.6,23.2,57.0,1.9,279.0,5.2,171.0,0.0,,,,,,,,,,2017-02-27T11:12:00,,,,,,,,,,,,,,,,,,
2017-02-27 13:00:00,1004.9,24.4,51.0,1.3,254.0,4.5,240.0,0.0,,,,,,,,,,2017-02-27T12:05:00,,,,,,,,,,,,,,,,,,
2017-02-27 14:00:00,1004.2,23.8,53.0,1.0,270.0,4.1,228.0,0.0,,,,,,,,,,2017-02-27T13:44:00,,,,,,,,,,,,,,,,,,
2017-02-27 15:00:00,1004.0,23.9,52.0,0.6,305.0,3.7,282.0,0.0,,,,,,,,,,2017-02-27T14:44:00,,,,,,,,,,,,,,,,,,
2017-02-27 16:00:00,1004.1,23.9,52.0,0.9,337.0,3.0,257.0,0.0,,,,,,,,,,2017-02-27T15:41:00,,,,,,,,,,,,,,,,,,
2017-02-27 17:00:00,1004.4,23.0,55.0,2.4,282.0,3.9,274.0,0.0,,,,,,,,,,2017-02-27T16:57:00,,,,,,,,,,,,,,,,,,
2017-02-27 18:00:00,1004.7,20.5,62.0,1.7,290.0,5.7,288.0,0.0,,,,,,,,,,2017-02-27T17:07:00,,,,,,,,,,,,,,,,,,
2017-02-27 19:00:00,1005.0,19.1,66.0,1.4,243.0,3.2,282.0,0.0,,,,,,,,,,2017-02-27T18:04:00,,,,,,,,,,,,,,,,,,
2017-02-27 20:00:00,1005.6,18.0,71.0,1.1,173.0,3.0,218.0,0.0,,,,,,,,,,2017-02-27T19:06:00,,,,,,,,,,,,,,,,,,
2017-02-27 21:00:00,1006.0,17.8,73.0,0.8,167.0,2.3,167.0,0.0,,,,,,,,,,2017-02-27T20:17:00,,,,,,,,,,,,,,,,,,
2017-02-27 22:00:00,1006.2,17.3,74.0,0.0,0.0,1.9,192.0,0.0,,,,,,,,,,2017-02-27T21:09:00,,,,,,,,,,,,,,,,,,
2017-02-27 23:00:00,1006.2,16.9,81.0,1.0,81.0,1.4,68.0,0.0,,,,,,,,,,2017-02-27T22:56:00,,,,,,,,,,,,,,,,,,
2017-02-28 00:00:00,1006.1,15.8,85.0,0.9,83.0,1.3,56.0,0.0,,,,,,,,,,2017-02-27T23:38:00,,,,,,,,,,,,,,,,,,
2017-02-28 01:00:00,1005.7,15.7,89.0,0.4,187.0,1.4,56.0,0.0,,,,,,,,,,2017-02-28T00:15:00,,,,,,,,,,,,,,,,,,
2017-02-28 02:00:00,1005.6,14.7,90.0,0.8,102.0,1.1,86.0,0.0,,,,,,,,,,2017-02-28T01:49:00,,,,,,,,,,,,,,,,,,
2017-02-28 03:00:00,1005.4,14.3,92.0,0.0,0.0,1.0,94.0,0.0,,,,,,,,,,2017-02-28T02:05:00,,,,,,,,,,,,,,,,,,
2017-02-28 04:00:00,1005.8,14.8,91.0,0.4,85.0,1.2,116.0,0.0,,,,,,,,,,2017-02-28T03:49:00,,,,,,,,,,,,,,,,,,
2017-02-28 05:00:00,1005.5,15.5,90.0,0.2,0.0,0.7,308.0,0.0,,,,,,,,,,2017-02-28T04:43:00,,,,,,,,,,,,,,,,,,
2017-02-28 06:00:00,1005.6,15.8,89.0,0.5,325.0,1.4,74.0,0.0,,,,,,,,,,2017-02-28T05:32:00,,,,,,,,,,,,,,,,,,
2017-02-28 07:00:00,1006.2,15.5,90.0,0.8,231.0,2.6,157.0,0.0,,,,,,,,,,2017-02-28T06:46:00,,,,,,,,,,,,,,,,,,
2017-02-28 08:00:00,1006.1,17.2,83.0,0.8,29.0,1.5,1.0,0.0,,,,,,,,,,2017-02-28T07:59:00,,,,,,,,,,,,,,,,,,
2017-02-28 09:00:00,1005.9,20.8,67.0,0.7,14.0,1.7,19.0,0.0,,,,,,,,,,2017-02-28T08:03:00,,,,,,,,,,,,,,,,,,
2017-02-28 10:00:00,1005.7,24.2,52.0,1.6,217.0,3.3,171.0,0.0,,,,,,,,,,2017-02-28T09:59:00,,,,,,,,,,,,,,,,,,
2017-02-28 11:00:00,1005.0,26.4,47.0,1.9,269.0,3.8,212.0,0.0,,,,,,,,,,2017-02-28T10:12:00,,,,,,,,,,,,,,,,,,
2017-02-28 12:00:00,1004.0,27.4,41.0,0.7,210.0,4.5,213.0,0.0,,,,,,,,,,2017-02-28T11:47:00,,,,,,,,,,,,,,,,,,
2017-02-28 13:00:00,1003.1,26.1,46.0,2.9,274.0,7.5,283.0,0.0,,,,,,,,,,2017-02-28T12:41:00,,,,,,,,,,,,,,,,,,
2017-02-28 14:00:00,1002.1,26.4,45.0,1.6,306.0,6.1,303.0,0.0,,,,,,,,,,2017-02-28T13:08:00,,,,,,,,,,,,,,,,,,
2017-02-28 15:00:00,1001.3,26.4,44.0,2.9,282.0,6.7,290.0,0.0,,,,,,,,,,2017-02-28T14:23:00,,,,,,,,,,,,,,,,,,
2017-02-28 16:00:00,1001.0,25.2,49.0,2.9,293.0,5.9,287.0,0.0,,,,,,,,,,2017-02-28T16:00:00,,,,,,,,,,,,,,,,,,
2017-02-28 17:00:00,1001.3,23.5,54.0,1.2,294.0,7.5,294.0,0.0,,,,,,,,,,2017-02-28T16:05:00,,,,,,,,,,,,,,,,,,
2017-02-28 18:00:00,1001.8,21.9,61.0,1.4,278.0,3.9,293.0,0.0,,,,,,,,,,2017-02-28T17:19:00,,,,,,,,,,,,,,,,,,
2017-02-28 19:00:00,1002.1,21.6,64.0,1.3,207.0,2.7,274.0,0.0,,,,,,,,,,2017-02-28T18:01:00,,,,,,,,,,,,,,,,,,
2017-02-28 20:00:00,1002.7,20.1,68.0,1.5,270.0,5.3,284.0,0.0,,,,,,,,,,2017-02-28T19:46:00,,,,,,,,,,,,,,,,,,
2017-02-28 21:00:00,1003.2,19.8,70.0,1.1,222.0,2.7,181.0,0.0,,,,,,,,,,2017-02-28T20:29:00,,,,,,,,,,,,,,,,,,
2017-02-28 22:00:00,1003.5,19.3,73.0,0.9,213.0,2.0,180.0,0.0,,,,,,,,,,2017-02-28T21:19:00,,,,,,,,,,,,,,,,,,
2017-02-28 23:00:00,1003.2,18.1,78.0,1.1,173.0,2.2,185.0,0.0,,,,,,,,,,2017-02-28T22:17:00,,,,,,,,,,,,,,,,,,
2017-03-01 00:00:00,1003.4,16.9,84.0,0.9,57.0,1.8,155.0,0.0,,,,,,,,,,2017-02-28T23:13:00,,,,,,,,,,,,,,,,,,
2017-03-01 01:00:00,1003.3,16.9,85.0,0.3,200.0,1.9,18.0,0.0,,,,,,,,,,2017-03-01T00:03:00,,,,,,,,,,,,,,,,,,
2017-03-01 02:00:00,1003.3,16.3,89.0,0.4,359.0,1.1,119.0,0.0,,,,,,,,,,2017-03-01T01:10:00,,,,,,,,,,,,,,,,,,
2017-03-01 03:00:00,1002.9,15.7,90.0,0.7,160.0,2.3,161.0,0.0,,,,,,,,,,2017-03-01T02:55:00,,,,,,,,,,,,,,,,,,
2017-03-01 04:00:00,1002.8,15.3,91.0,0.7,101.0,1.5,200.0,0.0,,,,,,,,,,2017-03-01T03:38:00,,,,,,,,,,,,,,,,,,
2017-03-01 05:00:00,1002.9,15.5,91.0,0.5,93.0,1.3,61.0,0.0,,,,,,,,,,2017-03-01T04:07:00,,,,,,,,,,,,,,,,,,
2017-03-01 06:00:00,1003.1,14.8,92.0,0.3,61.0,1.1,96.0,0.0,,,,,,,,,,2017-03-01T05:02:00,,,,,,,,,,,,,,,,,,
2017-03-01 07:00:00,1003.5,14.7,94.0,0.4,318.0,1.3,1.0,0.0,,,,,,,,,,2017-03-01T06:09:00,,,,,,,,,,,,,,,,,,
2017-03-01 08:00:00,1003.5,16.8,87.0,1.2,232.0,1.8,240.0,0.0,,,,,,,,,,2017-03-01T07:58:00,,,,,,,,,,,,,,,,,,
2017-03-01 09:00:00,1003.8,20.7,69.0,0.7,210.0,2.0,220.0,0.0,,,,,,,,,,2017-03-01T08:24:00,,,,,,,,,,,,,,,,,,
2017-03-01 10:00:00,1003.6,24.8,52.0,1.8,226.0,3.1,232.0,0.0,,,,,,,,,,2017-03-01T09:42:00,,,,,,,,,,,,,,,,,,
2017-03-01 11:00:00,1003.0,26.1,43.0,2.9,283.0,6.4,263.0,0.0,,,,,,,,,,2017-03-01T10:53:00,,,,,,,,,,,,,,,,,,
2017-03-01 12:00:00,1002.1,27.7,38.0,2.4,278.0,6.0,275.0,0.0,,,,,,,,,,2017-03-01T11:43:00,,,,,,,,,,,,,,,,,,
2017-03-01 13:00:00,1001.2,26.9,40.0,3.7,286.0,7.1,260.0,0.0,,,,,,,,,,2017-03-01T12:23:00,,,,,,,,,,,,,,,,,,
2017-03-01 14:00:00,1000.4,26.9,41.0,2.0,293.0,6.7,286.0,0.0,,,,,,,,,,2017-03-01T13:25:00,,,,,,,,,,,,,,,,,,
2017-03-01 15:00:00,999.9,26.5,46.0,2.9,283.0,6.7,268.0,0.0,,,,,,,,,,2017-03-01T14:28:00,,,,,,,,,,,,,,,,,,
2017-03-01 16:00:00,1000.2,25.3,48.0,2.1,294.0,6.7,289.0,0.0,,,,,,,,,,2017-03-01T15:16:00,,,,,,,,,,,,,,,,,,
2017-03-01 17:00:00,1000.4,23.7,53.0,2.1,292.0,5.9,288.0,0.0,,,,,,,,,,2017-03-01T16:07:00,,,,,,,,,,,,,,,,,,
2017-03-01 18:00:00,1000.9,21.3,61.0,2.4,292.0,4.7,285.0,0.0,,,,,,,,,,2017-03-01T17:59:00,,,,,,,,,,,,,,,,,,
2017-03-01 19:00:00,1001.6,19.6,68.0,1.4,189.0,5.0,300.0,0.0,,,,,,,,,,2017-03-01T18:03:00,,,,,,,,,,,,,,,,,,
2017-03-01 20:00:00,1001.8,18.4,72.0,0.6,119.0,1.7,195.0,0.0,,,,,,,,,,2017-03-01T19:05:00,,,,,,,,,,,,,,,,,,
2017-03-01 21:00:00,1002.1,17.1,80.0,0.7,101.0,1.3,106.0,0.0,,,,,,,,,,2017-03-01T20:48:00,,,,,,,,,,,,,,,,,,
2017-03-01 22:00:00,1002.5,16.5,82.0,0.0,0.0,1.2,56.0,0.0,,,,,,,,,,2017-03-01T21:10:00,,,,,,,,,,,,,,,,,,
2017-03-01 23:00:00,1002.3,15.9,84.0,1.1,77.0,2.1,49.0,0.0,,,,,,,,,,2017-03-01T22:46:00,,,,,,,,,,,,,,,,,,
2017-03-02 00:00:00,1002.2,15.4,87.0,0.8,244.0,1.6,339.0,0.0,,,,,,,,,,2017-03-01T23:13:00,,,,,,,,,,,,,,,,,,
2017-03-02 01:00:00,1002.0,14.9,89.0,1.1,88.0,1.5,92.0,0.0,,,,,,,,,,2017-03-02T00:58:00,,,,,,,,,,,,,,,,,,
2017-03-02 02:00:00,1001.3,15.1,89.0,0.5,65.0,2.1,13.0,0.0,,,,,,,,,,2017-03-02T01:30:00,,,,,,,,,,,,,,,,,,
2017-03-02 03:00:00,1001.0,14.5,92.0,0.5,341.0,1.2,57.0,0.0,,,,,,,,,,2017-03-02T02:05:00,,,,,,,,,,,,,,,,,,
2017-03-02 04:00:00,1000.7,13.8,92.0,0.5,90.0,1.3,82.0,0.0,,,,,,,,,,2017-03-02T03:19:00,,,,,,,,,,,,,,,,,,
2017-03-02 05:00:00,1001.0,13.6,93.0,0.3,74.0,1.6,56.0,0.0,,,,,,,,,,2017-03-02T04:46:00,,,,,,,,,,,,,,,,,,
2017-03-02 06:00:00,1001.7,13.8,93.0,0.6,339.0,1.6,64.0,0.0,,,,,,,,,,2017-03-02T05:14:00,,,,,,,,,,,,,,,,,,
2017-03-02 07:00:00,1002.4,14.2,92.0,0.2,0.0,1.2,334.0,0.0,,,,,,,,,,2017-03-02T06:01:00,,,,,,,,,,,,,,,,,,
2017-03-02 08:00:00,1003.1,16.1,83.0,0.8,182.0,1.5,302.0,0.0,,,,,,,,,,2017-03-02T07:17:00,,,,,,,,,,,,,,,,,,
2017-03-02 09:00:00,1003.6,19.5,61.0,0.8,226.0,2.1,208.0,0.0,,,,,,,,,,2017-03-02T08:34:00,,,,,,,,,,,,,,,,,,
2017-03-02 10:00:00,1003.5,23.3,48.0,1.6,226.0,3.2,212.0,0.0,,,,,,,,,,2017-03-02T09:53:00,,,,,,,,,,,,,,,,,,
2017-03-02 11:00:00,1002.9,24.9,45.0,2.0,221.0,3.8,193.0,0.0,,,,,,,,,,2017-03-02T10:53:00,,,,,,,,,,,,,,,,,,
2017-03-02 12:00:00,1002.1,26.5,41.0,2.1,223.0,4.8,206.0,0.0,,,,,,,,,,2017-03-02T11:38:00,,,,,,,,,,,,,,,,,,
2017-03-02 13:00:00,1001.2,26.1,39.0,1.4,325.0,4.5,180.0,0.0,,,,,,,,,,2017-03-02T12:04:00,,,,,,,,,,,,,,,,,,
2017-03-02 14:00:00,1000.4,27.1,36.0,2.4,269.0,5.2,309.0,0.0,,,,,,,,,,2017-03-02T13:53:00,,,,,,,,,,,,,,,,,,
2017-03-02 15:00:00,1000.2,26.6,37.0,2.4,270.0,6.2,271.0,0.0,,,,,,,,,,2017-03-02T14:02:00,,,,,,,,,,,,,,,,,,
2017-03-02 16:00:00,1000.2,25.6,40.0,2.5,283.0,5.6,268.0,0.0,,,,,,,,,,2017-03-02T15:08:00,,,,,,,,,,,,,,,,,,
2017-03-02 17:00:00,1000.7,22.7,49.0,2.0,296.0,5.7,300.0,0.0,,,,,,,,,,2017-03-02T16:20:00,,,,,,,,,,,,,,,,,,
2017-03-02 18:00:00,1001.4,21.5,52.0,2.6,272.0,4.9,278.0,0.0,,,,,,,,,,2017-03-02T17:01:00,,,,,,,,,,,,,,,,,,
2017-03-02 19:00:00,1002.2,20.0,57.0,1.3,250.0,4.2,283.0,0.0,,,,,,,,,,2017-03-02T18:06:00,,,,,,,,,,,,,,,,,,
2017-03-02 20:00:00,1002.8,18.7,62.0,1.5,210.0,3.5,198.0,0.0,,,,,,,,,,2017-03-02T19:25:00,,,,,,,,,,,,,,,,,,
2017-03-02 21:00:00,1003.1,17.7,66.0,1.0,167.0,2.1,213.0,0.0,,,,,,,,,,2017-03-02T20:01:00,,,,,,,,,,,,,,,,,,
2017-03-02 22:00:00,1003.2,16.1,73.0,0.9,86.0,2.2,169.0,0.0,,,,,,,,,,2017-03-02T21:12:00,,,,,,,,,,,,,,,,,,
2017-03-02 23:00:00,1003.1,15.2,82.0,0.0,0.0,1.2,87.0,0.0,,,,,,,,,,2017-03-02T22:23:00,,,,,,,,,,,,,,,,,,
2017-03-03 00:00:00,1003.1,14.6,85.0,0.1,0.0,1.0,117.0,0.0,,,,,,,,,,2017-03-02T23:08:00,,,,,,,,,,,,,,,,,,
2017-03-03 01:00:00,1002.9,14.0,86.0,0.6,87.0,1.4,67.0,0.0,,,,,,,,,,2017-03-03T00:48:00,,,,,,,,,,,,,,,,,,
2017-03-03 02:00:00,1002.6,14.0,87.0,0.2,0.0,1.3,12.0,0.0,,,,,,,,,,2017-03-03T01:38:00,,,,,,,,,,,,,,,,,,
2017-03-03 03:00:00,1002.2,13.9,88.0,0.6,321.0,1.1,86.0,0.0,,,,,,,,,,2017-03-03T02:11:00,,,,,,,,,,,,,,,,,,
2017-03-03 04:00:00,1001.9,13.9,89.0,1.2,75.0,1.6,56.0,0.0,,,,,,,,,,2017-03-03T03:58:00,,,,,,,,,,,,,,,,,,
2017-03-03 05:00:00,1001.9,13.7,88.0,0.3,69.0,1.4,70.0,0.0,,,,,,,,,,2017-03-03T04:02:00,,,,,,,,,,,,,,,,,,
2017-03-03 06:00:00,1002.0,13.6,91.0,0.3,330.0,1.4,70.0,0.0,,,,,,,,,,2017-03-03T05:21:00,,,,,,,,,,,,,,,,,,
2017-03-03 07:00:00,1002.7,14.3,89.0,0.1,0.0,0.8,204.0,0.0,,,,,,,,,,2017-03-03T06:54:00,,,,,,,,,,,,,,,,,,
2017-03-03 08:00:00,1002.9,16.2,81.0,0.2,0.0,1.2,1.0,0.0,,,,,,,,,,2017-03-03T07:30:00,,,,,,,,,,,,,,,,,,
2017-03-03 09:00:00,1002.9,20.1,64.0,0.9,187.0,1.6,90.0,0.0,,,,,,,,,,2017-03-03T08:09:00,,,,,,,,,,,,,,,,,,
2017-03-03 10:00:00,1002.8,23.3,49.0,2.2,237.0,3.6,249.0,0.0,,,,,,,,,,2017-03-03T09:58:00,,,,,,,,,,,,,,,,,,
2017-03-03 11:00:00,1002.7,23.0,51.0,2.0,253.0,4.5,219.0,0.0,,,,,,,,,,2017-03-03T10:10:00,,,,,,,,,,,,,,,,,,
2017-03-03 12:00:00,1001.8,25.3,44.0,1.3,247.0,4.3,179.0,0.0,,,,,,,,,,2017-03-03T11:26:00,,,,,,,,,,,,,,,,,,
2017-03-03 13:00:00,1000.9,25.4,43.0,2.1,284.0,4.7,254.0,0.0,,,,,,,,,,2017-03-03T12:54:00,,,,,,,,,,,,,,,,,,
2017-03-03 14:00:00,999.7,26.4,39.0,1.9,286.0,5.2,271.0,0.0,,,,,,,,,,2017-03-03T13:44:00,,,,,,,,,,,,,,,,,,
2017-03-03 15:00:00,999.1,26.0,41.0,2.7,298.0,6.9,259.0,0.0,,,,,,,,,,2017-03-03T14:27:00,,,,,,,,,,,,,,,,,,
2017-03-03 16:00:00,998.9,25.9,40.0,2.8,279.0,5.2,266.0,0.0,,,,,,,,,,2017-03-03T15:04:00,,,,,,,,,,,,,,,,,,
2017-03-03 17:00:00,999.0,23.3,47.0,1.4,291.0,3.7,291.0,0.0,,,,,,,,,,2017-03-03T16:55:00,,,,,,,,,,,,,,,,,,
2017-03-03 18:00:00,999.2,21.7,53.0,0.7,191.0,3.7,275.0,0.0,,,,,,,,,,2017-03-03T17:18:00,,,,,,,,,,,,,,,,,,
2017-03-03 19:00:00,999.8,19.9,61.0,0.2,0.0,2.4,124.0,0.0,,,,,,,,,,2017-03-03T18:32:00,,,,,,,,,,,,,,,,,,
2017-03-03 20:00:00,1000.3,20.2,64.0,1.4,129.0,2.8,144.0,0.0,,,,,,,,,,2017-03-03T19:49:00,,,,,,,,,,,,,,,,,,
2017-03-03 21:00:00,1000.9,20.3,65.0,0.3,53.0,2.3,148.0,0.0,,,,,,,,,,2017-03-03T20:04:00,,,,,,,,,,,,,,,,,,
2017-03-03 22:00:00,1001.1,19.8,68.0,0.9,116.0,2.2,118.0,0.0,,,,,,,,,,2017-03-03T21:54:00,,,,,,,,,,,,,,,,,,
2017-03-03 23:00:00,1001.0,19.4,74.0,0.0,0.0,1.8,164.0,0.0,,,,,,,,,,2017-03-03T22:01:00,,,,,,,,,,,,,,,,,,
2017-03-04 00:00:00,1001.0,19.0,76.0,0.6,351.0,1.2,353.0,0.0,,,,,,,,,,2017-03-03T23:55:00,,,,,,,,,,,,,,,,,,
2017-03-04 01:00:00,1000.8,18.9,75.0,0.9,64.0,1.4,63.0,0.0,,,,,,,,,,2017-03-04T00:24:00,,,,,,,,,,,,,,,,,,
2017-03-04 02:00:00,1000.7,18.6,78.0,0.8,76.0,2.1,16.0,0.0,,,,,,,,,,2017-03-04T01:14:00,,,,,,,,,,,,,,,,,,
2017-03-04 03:00:00,1000.4,18.8,77.0,0.7,40.0,2.0,58.0,0.0,,,,,,,,,,2017-03-04T02:15:00,,,,,,,,,,,,,,,,,,
2017-03-04 04:00:00,999.8,17.6,80.0,0.5,72.0,2.3,54.0,0.0,,,,,,,,,,2017-03-04T03:15:00,,,,,,,,,,,,,,,,,,
2017-03-04 05:00:00,1000.2,16.2,86.0,0.4,111.0,1.4,78.0,0.0,,,,,,,,,,2017-03-04T04:24:00,,,,,,,,,,,,,,,,,,
2017-03-04 06:00:00,1000.6,16.0,88.0,1.3,77.0,2.0,79.0,0.0,,,,,,,,,,2017-03-04T05:52:00,,,,,,,,,,,,,,,,,,
2017-03-04 07:00:00,1001.3,16.9,85.0,0.8,147.0,2.7,65.0,0.0,,,,,,,,,,2017-03-04T06:07:00,,,,,,,,,,,,,,,,,,
2017-03-04 08:00:00,1001.6,18.7,77.0,0.9,325.0,1.7,354.0,0.0,,,,,,,,,,2017-03-04T08:00:00,,,,,,,,,,,,,,,,,,
2017-03-04 09:00:00,1001.3,21.7,61.0,0.5,331.0,2.4,75.0,0.0,,,,,,,,,,2017-03-04T08:20:00,,,,,,,,,,,,,,,,,,
2017-03-04 10:00:00,1000.8,25.0,49.0,1.3,276.0,2.6,281.0,0.0,,,,,,,,,,2017-03-04T09:50:00,,,,,,,,,,,,,,,,,,
2017-03-04 11:00:00,1000.2,27.3,42.0,2.0,229.0,3.8,213.0,0.0,,,,,,,,,,2017-03-04T10:38:00,,,,,,,,,,,,,,,,,,
2017-03-04 12:00:00,999.3,28.8,37.0,2.0,195.0,5.1,214.0,0.0,,,,,,,,,,2017-03-04T11:59:00,,,,,,,,,,,,,,,,,,
2017-03-04 13:00:00,998.3,28.5,40.0,1.6,290.0,5.5,190.0,0.0,,,,,,,,,,2017-03-04T12:03:00,,,,,,,,,,,,,,,,,,
2017-03-04 14:00:00,997.4,30.0,35.0,1.9,237.0,5.2,245.0,0.0,,,,,,,,,,2017-03-04T13:51:00,,,,,,,,,,,,,,,,,,
2017-03-04 15:00:00,997.1,28.5,39.0,2.9,266.0,6.4,257.0,0.0,,,,,,,,,,2017-03-04T14:54:00,,,,,,,,,,,,,,,,,,
2017-03-04 16:00:00,997.4,27.3,42.0,1.8,287.0,5.6,233.0,0.0,,,,,,,,,,2017-03-04T15:12:00,,,,,,,,,,,,,,,,,,
2017-03-04 17:00:00,997.9,25.4,52.0,2.6,269.0,5.6,260.0,0.0,,,,,,,,,,2017-03-04T16:31:00,,,,,,,,,,,,,,,,,,
2017-03-04 18:00:00,998.6,23.3,58.0,1.7,258.0,4.4,272.0,0.0,,,,,,,,,,2017-03-04T17:11:00,,,,,,,,,,,,,,,,,,
2017-03-04 19:00:00,999.1,21.9,65.0,1.3,215.0,3.6,214.0,0.0,,,,,,,,,,2017-03-04T18:25:00,,,,,,,,,,,,,,,,,,
2017-03-04 20:00:00,999.5,20.6,72.0,0.1,0.0,1.9,214.0,0.0,,,,,,,,,,2017-03-04T19:05:00,,,,,,,,,,,,,,,,,,
2017-03-04 21:00:00,999.9,19.2,77.0,0.9,62.0,1.5,83.0,0.0,,,,,,,,,,2017-03-04T20:54:00,,,,,,,,,,,,,,,,,,
2017-03-04 22:00:00,999.9,18.7,79.0,0.9,57.0,2.1,66.0,0.0,,,,,,,,,,2017-03-04T21:23:00,,,,,,,,,,,,,,,,,,
2017-03-04 23:00:00,999.7,18.3,81.0,1.2,60.0,2.5,66.0,0.0,,,,,,,,,,2017-03-04T22:07:00,,,,,,,,,,,,,,,,,,
2017-03-05 00:00:00,999.8,17.4,85.0,1.4,67.0,2.0,59.0,0.0,,,,,,,,,,2017-03-04T23:02:00,,,,,,,,,,,,,,,,,,
2017-03-05 01:00:00,999.5,17.7,83.0,1.2,47.0,2.4,69.0,0.0,,,,,,,,,,2017-03-05T00:34:00,,,,,,,,,,,,,,,,,,
2017-03-05 02:00:00,998.9,17.0,86.0,0.9,97.0,2.4,65.0,0.0,,,,,,,,,,2017-03-05T01:18:00,,,,,,,,,,,,,,,,,,
2017-03-05 03:00:00,998.7,16.9,87.0,1.6,48.0,2.6,57.0,0.0,,,,,,,,,,2017-03-05T02:59:00,,,,,,,,,,,,,,,,,,
2017-03-05 04:00:00,998.8,16.8,86.0,1.0,85.0,3.1,58.0,0.0,,,,,,,,,,2017-03-05T03:02:00,,,,,,,,,,,,,,,,,,
2017-03-05 05:00:00,999.0,16.8,86.0,0.7,351.0,1.7,54.0,0.0,,,,,,,,,,2017-03-05T04:40:00,,,,,,,,,,,,,,,,,,
2017-03-05 06:00:00,999.5,16.0,90.0,0.7,69.0,1.4,71.0,0.0,,,,,,,,,,2017-03-05T05:59:00,,,,,,,,,,,,,,,,,,
2017-03-05 07:00:00,999.9,16.8,86.0,1.0,59.0,1.4,63.0,0.0,,,,,,,,,,2017-03-05T06:50:00,,,,,,,,,,,,,,,,,,
2017-03-05 08:00:00,1000.3,20.0,70.0,0.8,41.0,2.4,54.0,0.0,,,,,,,,,,2017-03-05T07:47:00,,,,,,,,,,,,,,,,,,
2017-03-05 09:00:00,1000.2,23.2,58.0,0.4,277.0,1.9,44.0,0.0,,,,,,,,,,2017-03-05T08:44:00,,,,,,,,,,,,,,,,,,
2017-03-05 10:00:00,999.7,26.3,50.0,1.3,206.0,3.1,215.0,0.0,,,,,,,,,,2017-03-05T09:55:00,,,,,,,,,,,,,,,,,,
2017-03-05 11:00:00,999.0,28.9,45.0,2.4,200.0,4.2,189.0,0.0,,,,,,,,,,2017-03-05T10:58:00,,,,,,,,,,,,,,,,,,
2017-03-05 12:00:00,997.8,30.0,41.0,2.7,188.0,4.5,211.0,0.0,,,,,,,,,,2017-03-05T11:36:00,,,,,,,,,,,,,,,,,,
2017-03-05 13:00:00,996.7,30.2,40.0,2.2,192.0,5.2,201.0,0.0,,,,,,,,,,2017-03-05T12:06:00,,,,,,,,,,,,,,,,,,
2017-03-05 14:00:00,995.7,31.6,36.0,2.8,199.0,5.7,207.0,0.0,,,,,,,,,,2017-03-05T13:47:00,,,,,,,,,,,,,,,,,,
2017-03-05 15:00:00,995.6,31.4,37.0,2.9,240.0,6.3,235.0,0.0,,,,,,,,,,2017-03-05T14:53:00,,,,,,,,,,,,,,,,,,
2017-03-05 16:00:00,995.6,30.2,40.0,2.6,229.0,6.0,247.0,0.0,,,,,,,,,,2017-03-05T15:45:00,,,,,,,,,,,,,,,,,,
2017-03-05 17:00:00,996.0,27.8,47.0,2.3,257.0,5.6,239.0,0.0,,,,,,,,,,2017-03-05T16:24:00,,,,,,,,,,,,,,,,,,
2017-03-05 18:00:00,996.5,25.4,55.0,1.1,266.0,4.1,224.0,0.0,,,,,,,,,,2017-03-05T17:04:00,,,,,,,,,,,,,,,,,,
2017-03-05 19:00:00,996.9,23.9,63.0,0.9,193.0,2.5,204.0,0.0,,,,,,,,,,2017-03-05T18:47:00,,,,,,,,,,,,,,,,,,
2017-03-05 20:00:00,996.9,22.6,67.0,0.9,229.0,1.6,164.0,0.0,,,,,,,,,,2017-03-05T19:22:00,,,,,,,,,,,,,,,,,,
2017-03-05 21:00:00,997.3,21.6,73.0,1.1,34.0,2.4,1.0,0.0,,,,,,,,,,2017-03-05T21:00:00,,,,,,,,,,,,,,,,,,
2017-03-05 22:00:00,997.5,20.6,78.0,0.9,42.0,3.1,9.0,0.0,,,,,,,,,,2017-03-05T21:23:00,,,,,,,,,,,,,,,,,,
2017-03-05 23:00:00,997.8,20.2,80.0,0.9,28.0,2.5,15.0,0.0,,,,,,,,,,2017-03-05T22:43:00,,,,,,,,,,,,,,,,,,
2017-03-06 00:00:00,997.8,20.5,79.0,1.5,39.0,3.3,46.0,0.0,,,,,,,,,,2017-03-05T23:35:00,,,,,,,,,,,,,,,,,,
2017-03-06 01:00:00,997.5,20.2,81.0,1.1,29.0,3.3,41.0,0.0,,,,,,,,,,2017-03-06T00:21:00,,,,,,,,,,,,,,,,,,
2017-03-06 02:00:00,997.5,20.9,76.0,1.9,65.0,3.4,61.0,0.0,,,,,,,,,,2017-03-06T01:41:00,,,,,,,,,,,,,,,,,,
2017-03-06 03:00:00,997.1,20.4,80.0,1.5,18.0,3.4,6.0,0.0,,,,,,,,,,2017-03-06T02:55:00,,,,,,,,,,,,,,,,,,
2017-03-06 04:00:00,996.8,20.3,77.0,1.7,15.0,2.7,2.0,0.0,,,,,,,,,,2017-03-06T03:57:00,,,,,,,,,,,,,,,,,,
2017-03-06 05:00:00,997.0,19.4,83.0,1.2,61.0,2.1,56.0,0.0,,,,,,,,,,2017-03-06T04:54:00,,,,,,,,,,,,,,,,,,
2017-03-06 06:00:00,997.4,19.0,85.0,0.9,2.0,2.1,78.0,0.0,,,,,,,,,,2017-03-06T05:39:00,,,,,,,,,,,,,,,,,,
2017-03-06 07:00:00,998.1,19.2,84.0,1.1,98.0,2.1,24.0,0.0,,,,,,,,,,2017-03-06T06:36:00,,,,,,,,,,,,,,,,,,
2017-03-06 08:00:00,998.1,22.3,72.0,0.1,0.0,1.4,110.0,0.0,,,,,,,,,,2017-03-06T07:04:00,,,,,,,,,,,,,,,,,,
2017-03-06 09:00:00,998.3,25.6,62.0,1.9,198.0,3.1,172.0,0.0,,,,,,,,,,2017-03-06T08:38:00,,,,,,,,,,,,,,,,,,
2017-03-06 10:00:00,998.3,27.6,57.0,2.3,281.0,5.7,293.0,0.0,,,,,,,,,,2017-03-06T09:40:00,,,,,,,,,,,,,,,,,,
2017-03-06 11:00:00,997.6,28.7,51.0,3.1,278.0,6.1,267.0,0.0,,,,,,,,,,2017-03-06T11:00:00,,,,,,,,,,,,,,,,,,
2017-03-06 12:00:00,996.6,29.6,47.0,2.9,283.0,6.2,308.0,0.0,,,,,,,,,,2017-03-06T11:32:00,,,,,,,,,,,,,,,,,,
2017-03-06 13:00:00,995.9,28.3,51.0,3.8,290.0,7.9,273.0,0.0,,,,,,,,,,2017-03-06T12:06:00,,,,,,,,,,,,,,,,,,
2017-03-06 14:00:00,995.5,28.3,51.0,3.3,282.0,8.0,290.0,0.0,,,,,,,,,,2017-03-06T13:15:00,,,,,,,,,,,,,,,,,,
2017-03-06 15:00:00,995.5,27.8,51.0,3.3,284.0,7.8,290.0,0.0,,,,,,,,,,2017-03-06T14:07:00,,,,,,,,,,,,,,,,,,
2017-03-06 16:00:00,995.8,25.3,57.0,2.5,286.0,6.4,271.0,0.0,,,,,,,,,,2017-03-06T15:26:00,,,,,,,,,,,,,,,,,,
2017-03-06 17:00:00,996.2,24.5,59.0,2.1,226.0,3.8,290.0,0.0,,,,,,,,,,2017-03-06T16:08:00,,,,,,,,,,,,,,,,,,
2017-03-06 18:00:00,996.9,22.8,64.0,1.9,192.0,3.4,263.0,0.0,,,,,,,,,,2017-03-06T17:05:00,,,,,,,,,,,,,,,,,,
2017-03-06 19:00:00,997.7,20.5,69.0,2.5,205.0,4.0,198.0,0.0,,,,,,,,,,2017-03-06T18:52:00,,,,,,,,,,,,,,,,,,
2017-03-06 20:00:00,998.5,19.5,72.0,1.7,193.0,4.7,182.0,0.0,,,,,,,,,,2017-03-06T19:32:00,,,,,,,,,,,,,,,,,,
2017-03-06 21:00:00,999.2,18.9,74.0,1.8,192.0,2.9,183.0,0.0,,,,,,,,,,2017-03-06T21:00:00,,,,,,,,,,,,,,,,,,
2017-03-06 22:00:00,999.6,18.7,74.0,1.1,210.0,3.0,192.0,0.0,,,,,,,,,,2017-03-06T21:02:00,,,,,,,,,,,,,,,,,,
2017-03-06 23:00:00,999.7,18.0,76.0,0.9,213.0,2.6,185.0,0.0,,,,,,,,,,2017-03-06T22:22:00,,,,,,,,,,,,,,,,,,
2017-03-07 00:00:00,999.7,17.9,78.0,1.2,190.0,1.6,206.0,0.0,,,,,,,,,,2017-03-07T00:00:00,,,,,,,,,,,,,,,,,,
2017-03-07 01:00:00,999.6,18.1,77.0,1.4,187.0,2.0,175.0,0.0,,,,,,,,,,2017-03-07T00:06:00,,,,,,,,,,,,,,,,,,
2017-03-07 02:00:00,999.1,17.9,78.0,1.4,199.0,2.5,213.0,0.0,,,,,,,,,,2017-03-07T01:47:00,,,,,,,,,,,,,,,,,,
2017-03-07 03:00:00,999.3,17.6,78.0,1.4,200.0,1.9,210.0,0.0,,,,,,,,,,2017-03-07T02:06:00,,,,,,,,,,,,,,,,,,
2017-03-07 04:00:00,999.0,17.3,80.0,1.0,169.0,2.6,160.0,0.0,,,,,,,,,,2017-03-07T03:05:00,,,,,,,,,,,,,,,,,,
2017-03-07 05:00:00,999.4,17.4,81.0,1.8,175.0,2.7,193.0,0.0,,,,,,,,,,2017-03-07T04:59:00,,,,,,,,,,,,,,,,,,
2017-03-07 06:00:00,1000.2,17.1,81.0,1.7,171.0,3.1,177.0,0.0,,,,,,,,,,2017-03-07T05:54:00,,,,,,,,,,,,,,,,,,
2017-03-07 07:00:00,1000.5,17.4,80.0,1.1,175.0,2.1,183.0,0.0,,,,,,,,,,2017-03-07T06:02:00,,,,,,,,,,,,,,,,,,
2017-03-07 08:00:00,1000.8,18.7,77.0,0.7,309.0,2.3,350.0,0.0,,,,,,,,,,2017-03-07T07:45:00,,,,,,,,,,,,,,,,,,
2017-03-07 09:00:00,1001.7,19.7,73.0,1.0,203.0,2.3,204.0,0.0,,,,,,,,,,2017-03-07T08:29:00,,,,,,,,,,,,,,,,,,
2017-03-07 10:00:00,1001.6,20.9,71.0,0.4,335.0,1.8,199.0,0.0,,,,,,,,,,2017-03-07T09:12:00,,,,,,,,,,,,,,,,,,
2017-03-07 11:00:00,1001.0,22.0,66.0,0.6,82.0,1.7,292.0,0.0,,,,,,,,,,2017-03-07T10:38:00,,,,,,,,,,,,,,,,,,
2017-03-07 12:00:00,1000.9,21.9,66.0,2.3,226.0,3.6,270.0,0.0,,,,,,,,,,2017-03-07T11:34:00,,,,,,,,,,,,,,,,,,
2017-03-07 13:00:00,1000.3,21.3,70.0,1.3,220.0,3.9,198.0,0.0,,,,,,,,,,2017-03-07T12:25:00,,,,,,,,,,,,,,,,,,
2017-03-07 14:00:00,999.6,19.8,82.0,1.6,12.0,2.6,172.0,0.0,,,,,,,,,,2017-03-07T13:05:00,,,,,,,,,,,,,,,,,,
2017-03-07 15:00:00,999.1,19.9,81.0,1.2,53.0,2.6,60.0,0.0,,,,,,,,,,2017-03-07T14:46:00,,,,,,,,,,,,,,,,,,
2017-03-07 16:00:00,999.1,20.1,79.0,1.0,358.0,2.2,48.0,0.0,,,,,,,,,,2017-03-07T15:09:00,,,,,,,,,,,,,,,,,,
2017-03-07 17:00:00,999.6,19.7,76.0,2.1,206.0,2.8,219.0,0.0,,,,,,,,,,2017-03-07T16:59:00,,,,,,,,,,,,,,,,,,
2017-03-07 18:00:00,1000.1,18.8,79.0,1.1,204.0,3.2,213.0,0.0,,,,,,,,,,2017-03-07T17:01:00,,,,,,,,,,,,,,,,,,
2017-03-07 19:00:00,1000.7,18.5,81.0,1.2,199.0,2.3,201.0,0.0,,,,,,,,,,2017-03-07T18:56:00,,,,,,,,,,,,,,,,,,
2017-03-07 20:00:00,1001.3,17.7,82.0,1.0,168.0,3.2,225.0,0.0,,,,,,,,,,2017-03-07T19:18:00,,,,,,,,,,,,,,,,,,
2017-03-07 21:00:00,1001.4,17.4,80.0,0.3,108.0,1.7,166.0,0.0,,,,,,,,,,2017-03-07T20:01:00,,,,,,,,,,,,,,,,,,
2017-03-07 22:00:00,1001.9,17.7,81.0,1.2,185.0,1.7,189.0,0.0,,,,,,,,,,2017-03-07T21:51:00,,,,,,,,,,,,,,,,,,
2017-03-07 23:00:00,1002.1,17.7,81.0,0.8,198.0,2.1,167.0,0.0,,,,,,,,,,2017-03-07T22:43:00,,,,,,,,,,,,,,,,,,
2017-03-08 00:00:00,1002.0,17.0,81.0,0.9,173.0,2.4,194.0,0.0,,,,,,,,,,2017-03-07T23:32:00,,,,,,,,,,,,,,,,,,
2017-03-08 01:00:00,1001.8,17.0,84.0,0.7,180.0,2.0,165.0,0.0,,,,,,,,,,2017-03-08T00:48:00,,,,,,,,,,,,,,,,,,
2017-03-08 02:00:00,1001.1,17.0,89.0,1.6,223.0,2.2,233.0,0.0,,,,,,,,,,2017-03-08T01:56:00,,,,,,,,,,,,,,,,,,
2017-03-08 03:00:00,1000.7,16.8,90.0,0.9,313.0,2.5,120.0,0.0,,,,,,,,,,2017-03-08T02:33:00,,,,,,,,,,,,,,,,,,
2017-03-08 04:00:00,1000.8,16.6,91.0,2.0,190.0,2.7,180.0,0.0,,,,,,,,,,2017-03-08T04:00:00,,,,,,,,,,,,,,,,,,
2017-03-08 05:00:00,1001.0,16.4,93.0,0.2,0.0,2.4,173.0,0.0,,,,,,,,,,2017-03-08T04:03:00,,,,,,,,,,,,,,,,,,
2017-03-08 06:00:00,1001.0,16.8,93.0,0.8,230.0,1.9,220.0,0.0,,,,,,,,,,2017-03-08T06:00:00,,,,,,,,,,,,,,,,,,
2017-03-08 07:00:00,1001.7,16.5,94.0,1.7,206.0,2.7,199.0,0.0,,,,,,,,,,2017-03-08T06:36:00,,,,,,,,,,,,,,,,,,
2017-03-08 08:00:00,1002.2,16.3,94.0,0.7,352.0,2.6,206.0,0.0,,,,,,,,,,2017-03-08T07:03:00,,,,,,,,,,,,,,,,,,
2017-03-08 09:00:00,1002.4,16.8,95.0,0.5,178.0,1.3,341.0,0.0,,,,,,,,,,2017-03-08T08:01:00,,,,,,,,,,,,,,,,,,
2017-03-08 10:00:00,1002.8,17.3,95.0,1.6,218.0,2.1,203.0,0.0,,,,,,,,,,2017-03-08T10:00:00,,,,,,,,,,,,,,,,,,
2017-03-08 11:00:00,1002.9,16.4,94.0,0.2,0.0,2.7,200.0,0.5,,,,,,,,,,2017-03-08T10:18:00,,,,,,,,,,,,,,,,,,
2017-03-08 12:00:00,1002.0,16.9,95.0,1.3,234.0,2.0,260.0,0.5,,,,,,,,,,2017-03-08T11:59:00,,,,,,,,,,,,,,,,,,
2017-03-08 13:00:00,1001.6,16.7,95.0,2.5,203.0,3.9,206.0,0.0,,,,,,,,,,2017-03-08T12:56:00,,,,,,,,,,,,,,,,,,
2017-03-08 14:00:00,1001.1,15.8,95.0,1.8,166.0,3.4,196.0,0.5,,,,,,,,,,2017-03-08T13:11:00,,,,,,,,,,,,,,,,,,
2017-03-08 15:00:00,1000.3,16.8,92.0,0.9,342.0,3.1,192.0,0.0,,,,,,,,,,2017-03-08T14:08:00,,,,,,,,,,,,,,,,,,
2017-03-08 16:00:00,1000.3,17.5,89.0,1.1,286.0,1.7,292.0,0.0,,,,,,,,,,2017-03-08T15:59:00,,,,,,,,,,,,,,,,,,
2017-03-08 17:00:00,999.9,18.0,89.0,0.2,0.0,1.4,336.0,0.0,,,,,,,,,,2017-03-08T16:44:00,,,,,,,,,,,,,,,,,,
2017-03-08 18:00:00,1000.4,18.0,90.0,0.6,223.0,1.6,211.0,0.0,,,,,,,,,,2017-03-08T17:13:00,,,,,,,,,,,,,,,,,,
2017-03-08 19:00:00,1001.1,17.3,92.0,1.5,195.0,2.4,220.0,0.0,,,,,,,,,,2017-03-08T18:47:00,,,,,,,,,,,,,,,,,,
2017-03-08 20:00:00,1002.2,16.4,93.0,1.7,206.0,3.1,199.0,0.0,,,,,,,,,,2017-03-08T19:28:00,,,,,,,,,,,,,,,,,,
2017-03-08 21:00:00,1002.2,16.2,93.0,0.1,0.0,2.5,197.0,0.0,,,,,,,,,,2017-03-08T20:17:00,,,,,,,,,,,,,,,,,,
2017-03-08 22:00:00,1002.2,16.4,94.0,0.9,111.0,1.3,88.0,0.0,,,,,,,,,,2017-03-08T21:55:00,,,,,,,,,,,,,,,,,,
2017-03-08 23:00:00,1002.3,16.7,95.0,0.5,354.0,2.2,299.0,0.0,,,,,,,,,,2017-03-08T22:20:00,,,,,,,,,,,,,,,,,,
2017-03-09 00:00:00,1002.8,16.4,95.0,1.5,197.0,4.9,274.0,0.0,,,,,,,,,,2017-03-08T23:19:00,,,,,,,,,,,,,,,,,,
2017-03-09 01:00:00,1002.5,16.0,95.0,0.2,0.0,3.3,183.0,0.0,,,,,,,,,,2017-03-09T00:10:00,,,,,,,,,,,,,,,,,,
2017-03-09 02:00:00,1002.1,16.4,95.0,0.8,70.0,2.3,67.0,0.0,,,,,,,,,,2017-03-09T01:54:00,,,,,,,,,,,,,,,,,,
2017-03-09 03:00:00,1001.9,16.6,95.0,1.0,203.0,2.2,48.0,0.0,,,,,,,,,,2017-03-09T02:13:00,,,,,,,,,,,,,,,,,,
2017-03-09 04:00:00,1001.9,16.5,96.0,0.2,0.0,1.5,167.0,0.0,,,,,,,,,,2017-03-09T03:01:00,,,,,,,,,,,,,,,,,,
2017-03-09 05:00:00,1001.6,16.7,96.0,0.3,49.0,1.6,62.0,0.0,,,,,,,,,,2017-03-09T04:40:00,,,,,,,,,,,,,,,,,,
2017-03-09 06:00:00,1001.2,16.7,96.0,0.6,273.0,1.3,71.0,0.0,,,,,,,,,,2017-03-09T05:10:00,,,,,,,,,,,,,,,,,,
2017-03-09 07:00:00,1001.3,16.3,97.0,0.8,87.0,1.7,147.0,0.0,,,,,,,,,,2017-03-09T06:47:00,,,,,,,,,,,,,,,,,,
2017-03-09 08:00:00,1001.6,18.8,86.0,0.8,50.0,2.5,82.0,0.0,,,,,,,,,,2017-03-09T07:47:00,,,,,,,,,,,,,,,,,,
2017-03-09 09:00:00,1002.0,22.2,73.0,2.1,218.0,3.4,199.0,0.0,,,,,,,,,,2017-03-09T08:55:00,,,,,,,,,,,,,,,,,,
2017-03-09 10:00:00,1002.1,23.3,66.0,2.2,188.0,4.2,217.0,0.0,,,,,,,,,,2017-03-09T09:32:00,,,,,,,,,,,,,,,,,,
2017-03-09 11:00:00,1001.5,25.5,59.0,2.3,245.0,4.2,149.0,0.0,,,,,,,,,,2017-03-09T10:19:00,,,,,,,,,,,,,,,,,,
2017-03-09 12:00:00,1001.2,23.6,62.0,1.9,280.0,3.9,257.0,0.0,,,,,,,,,,2017-03-09T11:26:00,,,,,,,,,,,,,,,,,,
2017-03-09 13:00:00,1000.8,23.3,62.0,1.5,303.0,4.7,292.0,0.0,,,,,,,,,,2017-03-09T12:38:00,,,,,,,,,,,,,,,,,,
2017-03-09 14:00:00,999.8,24.4,55.0,1.6,20.0,4.4,270.0,0.0,,,,,,,,,,2017-03-09T13:08:00,,,,,,,,,,,,,,,,,,
2017-03-09 15:00:00,998.9,26.1,51.0,2.3,232.0,3.8,226.0,0.0,,,,,,,,,,2017-03-09T14:58:00,,,,,,,,,,,,,,,,,,
2017-03-09 16:00:00,998.4,24.9,54.0,2.1,261.0,4.0,282.0,0.0,,,,,,,,,,2017-03-09T15:50:00,,,,,,,,,,,,,,,,,,
2017-03-09 17:00:00,998.8,23.0,62.0,1.3,304.0,3.7,297.0,0.0,,,,,,,,,,2017-03-09T16:36:00,,,,,,,,,,,,,,,,,,
2017-03-09 18:00:00,999.5,21.8,66.0,1.4,275.0,4.5,268.0,0.0,,,,,,,,,,2017-03-09T17:53:00,,,,,,,,,,,,,,,,,,
2017-03-09 19:00:00,999.5,20.6,75.0,0.7,214.0,2.7,239.0,0.0,,,,,,,,,,2017-03-09T18:13:00,,,,,,,,,,,,,,,,,,
2017-03-09 20:00:00,999.9,19.1,81.0,1.0,75.0,1.6,75.0,0.0,,,,,,,,,,2017-03-09T19:59:00,,,,,,,,,,,,,,,,,,
2017-03-09 21:00:00,1000.6,18.6,86.0,0.2,0.0,1.6,55.0,0.0,,,,,,,,,,2017-03-09T20:02:00,,,,,,,,,,,,,,,,,,
2017-03-09 22:00:00,1000.7,18.5,84.0,0.3,19.0,1.5,115.0,0.0,,,,,,,,,,2017-03-09T21:29:00,,,,,,,,,,,,,,,,,,
2017-03-09 23:00:00,1000.8,18.0,88.0,0.7,10.0,1.4,10.0,0.0,,,,,,,,,,2017-03-09T22:55:00,,,,,,,,,,,,,,,,,,
2017-03-10 00:00:00,1000.1,18.1,88.0,1.3,11.0,3.1,18.0,0.0,,,,,,,,,,2017-03-09T23:54:00,,,,,,,,,,,,,,,,,,
2017-03-10 01:00:00,999.4,18.5,86.0,0.6,33.0,2.6,75.0,0.0,,,,,,,,,,2017-03-10T00:31:00,,,,,,,,,,,,,,,,,,
2017-03-10 02:00:00,998.1,18.0,88.0,0.6,32.0,2.0,5.0,0.0,,,,,,,,,,2017-03-10T01:41:00,,,,,,,,,,,,,,,,,,
2017-03-10 03:00:00,997.4,17.7,89.0,0.7,348.0,3.2,62.0,0.0,,,,,,,,,,2017-03-10T02:33:00,,,,,,,,,,,,,,,,,,
2017-03-10 04:00:00,997.9,17.3,89.0,0.8,355.0,3.2,144.0,0.0,,,,,,,,,,2017-03-10T03:30:00,,,,,,,,,,,,,,,,,,
2017-03-10 05:00:00,998.7,17.7,88.0,1.1,29.0,2.2,85.0,0.0,,,,,,,,,,2017-03-10T04:33:00,,,,,,,,,,,,,,,,,,
2017-03-10 06:00:00,998.8,17.8,88.0,0.9,31.0,2.4,68.0,0.0,,,,,,,,,,2017-03-10T05:31:00,,,,,,,,,,,,,,,,,,
2017-03-10 07:00:00,999.2,17.8,89.0,0.5,100.0,1.9,55.0,0.0,,,,,,,,,,2017-03-10T06:06:00,,,,,,,,,,,,,,,,,,
2017-03-10 08:00:00,999.3,20.2,78.0,0.9,23.0,2.2,67.0,0.0,,,,,,,,,,2017-03-10T07:39:00,,,,,,,,,,,,,,,,,,
2017-03-10 09:00:00,999.7,23.3,64.0,0.9,86.0,2.4,72.0,0.0,,,,,,,,,,2017-03-10T08:54:00,,,,,,,,,,,,,,,,,,
2017-03-10 10:00:00,999.7,25.4,56.0,1.3,338.0,3.0,269.0,0.0,,,,,,,,,,2017-03-10T09:50:00,,,,,,,,,,,,,,,,,,
2017-03-10 11:00:00,999.4,25.8,55.0,1.2,68.0,2.5,279.0,0.0,,,,,,,,,,2017-03-10T10:03:00,,,,,,,,,,,,,,,,,,
2017-03-10 12:00:00,998.8,26.0,56.0,1.6,131.0,3.3,122.0,0.0,,,,,,,,,,2017-03-10T11:53:00,,,,,,,,,,,,,,,,,,
2017-03-10 13:00:00,997.3,28.7,49.0,1.1,249.0,3.2,102.0,0.0,,,,,,,,,,2017-03-10T12:20:00,,,,,,,,,,,,,,,,,,
2017-03-10 14:00:00,996.3,30.5,45.0,2.9,214.0,5.0,231.0,0.0,,,,,,,,,,2017-03-10T13:55:00,,,,,,,,,,,,,,,,,,
2017-03-10 15:00:00,995.8,28.8,51.0,4.0,201.0,6.5,209.0,0.0,,,,,,,,,,2017-03-10T14:59:00,,,,,,,,,,,,,,,,,,
2017-03-10 16:00:00,995.7,28.5,56.0,2.9,207.0,6.8,218.0,0.0,,,,,,,,,,2017-03-10T15:10:00,,,,,,,,,,,,,,,,,,
2017-03-10 17:00:00,996.1,26.7,64.0,3.5,211.0,6.6,185.0,0.0,,,,,,,,,,2017-03-10T16:23:00,,,,,,,,,,,,,,,,,,
2017-03-10 18:00:00,996.2,25.5,70.0,3.3,208.0,5.6,210.0,0.0,,,,,,,,,,2017-03-10T17:01:00,,,,,,,,,,,,,,,,,,
2017-03-10 19:00:00,996.5,24.9,75.0,2.7,196.0,5.5,195.0,0.0,,,,,,,,,,2017-03-10T18:51:00,,,,,,,,,,,,,,,,,,
2017-03-10 20:00:00,997.4,22.3,94.0,0.5,59.0,4.0,215.0,3.5,,,,,,,,,,2017-03-10T19:29:00,,,,,,,,,,,,,,,,,,
2017-03-10 21:00:00,998.1,22.0,94.0,1.0,199.0,2.8,207.0,0.0,,,,,,,,,,2017-03-10T20:06:00,,,,,,,,,,,,,,,,,,
2017-03-10 22:00:00,998.0,21.5,95.0,0.9,267.0,2.1,177.0,0.0,,,,,,,,,,2017-03-10T21:02:00,,,,,,,,,,,,,,,,,,
2017-03-10 23:00:00,997.9,20.9,95.0,1.0,242.0,2.2,202.0,0.0,,,,,,,,,,2017-03-10T22:07:00,,,,,,,,,,,,,,,,,,
2017-03-11 00:00:00,998.2,19.9,95.0,1.8,164.0,3.7,215.0,0.0,,,,,,,,,,2017-03-10T23:37:00,,,,,,,,,,,,,,,,,,
2017-03-11 01:00:00,998.2,19.6,95.0,0.2,0.0,2.8,203.0,0.0,,,,,,,,,,2017-03-11T00:09:00,,,,,,,,,,,,,,,,,,
2017-03-11 02:00:00,997.8,19.7,95.0,0.8,259.0,1.5,175.0,0.0,,,,,,,,,,2017-03-11T01:07:00,,,,,,,,,,,,,,,,,,
2017-03-11 03:00:00,997.9,19.7,95.0,0.9,137.0,2.7,162.0,0.0,,,,,,,,,,2017-03-11T02:11:00,,,,,,,,,,,,,,,,,,
2017-03-11 04:00:00,998.3,19.7,96.0,0.8,224.0,2.0,235.0,0.0,,,,,,,,,,2017-03-11T03:50:00,,,,,,,,,,,,,,,,,,
2017-03-11 05:00:00,998.6,19.4,97.0,0.8,30.0,2.0,173.0,0.0,,,,,,,,,,2017-03-11T04:11:00,,,,,,,,,,,,,,,,,,
2017-03-11 06:00:00,999.0,19.5,97.0,0.3,10.0,1.4,2.0,0.0,,,,,,,,,,2017-03-11T05:02:00,,,,,,,,,,,,,,,,,,
2017-03-11 07:00:00,999.3,19.6,98.0,1.2,281.0,1.9,280.0,0.0,,,,,,,,,,2017-03-11T07:00:00,,,,,,,,,,,,,,,,,,
2017-03-11 08:00:00,1000.3,19.1,98.0,1.8,187.0,3.7,181.0,0.0,,,,,,,,,,2017-03-11T07:32:00,,,,,,,,,,,,,,,,,,
2017-03-11 09:00:00,1000.6,19.7,98.0,0.5,265.0,2.6,209.0,0.0,,,,,,,,,,2017-03-11T08:01:00,,,,,,,,,,,,,,,,,,
2017-03-11 10:00:00,1000.4,22.8,84.0,1.6,220.0,3.2,247.0,0.0,,,,,,,,,,2017-03-11T09:52:00,,,,,,,,,,,,,,,,,,
2017-03-11 11:00:00,1000.4,22.6,84.0,2.6,204.0,4.4,204.0,0.0,,,,,,,,,,2017-03-11T10:28:00,,,,,,,,,,,,,,,,,,
2017-03-11 12:00:00,999.9,24.5,76.0,2.0,209.0,3.6,204.0,0.0,,,,,,,,,,2017-03-11T11:50:00,,,,,,,,,,,,,,,,,,
2017-03-11 13:00:00,999.4,25.0,72.0,1.3,315.0,3.9,170.0,0.0,,,,,,,,,,2017-03-11T12:15:00,,,,,,,,,,,,,,,,,,
2017-03-11 14:00:00,998.5,26.9,60.0,1.5,309.0,3.7,238.0,0.0,,,,,,,,,,2017-03-11T13:33:00,,,,,,,,,,,,,,,,,,
2017-03-11 15:00:00,998.2,28.1,57.0,2.3,268.0,5.3,302.0,0.0,,,,,,,,,,2017-03-11T14:35:00,,,,,,,,,,,,,,,,,,
2017-03-11 16:00:00,998.1,27.1,60.0,2.3,288.0,5.2,285.0,0.0,,,,,,,,,,2017-03-11T15:38:00,,,,,,,,,,,,,,,,,,
2017-03-11 17:00:00,998.2,25.7,64.0,1.3,300.0,4.3,275.0,0.0,,,,,,,,,,2017-03-11T16:19:00,,,,,,,,,,,,,,,,,,
2017-03-11 18:00:00,998.5,24.1,71.0,0.8,278.0,2.3,271.0,0.0,,,,,,,,,,2017-03-11T17:02:00,,,,,,,,,,,,,,,,,,
2017-03-11 19:00:00,999.2,22.2,78.0,1.2,263.0,2.6,227.0,0.0,,,,,,,,,,2017-03-11T18:44:00,,,,,,,,,,,,,,,,,,
2017-03-11 20:00:00,1000.0,21.4,85.0,1.1,181.0,2.8,282.0,0.0,,,,,,,,,,2017-03-11T19:02:00,,,,,,,,,,,,,,,,,,
2017-03-11 21:00:00,1000.7,21.4,85.0,0.7,167.0,1.9,185.0,0.0,,,,,,,,,,2017-03-11T20:18:00,,,,,,,,,,,,,,,,,,
2017-03-11 22:00:00,1001.3,21.1,87.0,0.9,194.0,1.6,215.0,0.0,,,,,,,,,,2017-03-11T21:46:00,,,,,,,,,,,,,,,,,,
2017-03-11 23:00:00,1001.4,21.1,87.0,0.1,0.0,1.8,160.0,0.0,,,,,,,,,,2017-03-11T22:13:00,,,,,,,,,,,,,,,,,,
2017-03-12 00:00:00,1000.9,20.7,89.0,0.6,200.0,1.3,142.0,0.0,,,,,,,,,,2017-03-11T23:16:00,,,,,,,,,,,,,,,,,,
2017-03-12 01:00:00,1000.5,20.6,90.0,0.0,0.0,1.1,198.0,0.0,,,,,,,,,,2017-03-12T00:33:00,,,,,,,,,,,,,,,,,,
2017-03-12 02:00:00,1000.2,20.6,90.0,0.0,0.0,0.7,106.0,0.0,,,,,,,,,,2017-03-12T01:24:00,,,,,,,,,,,,,,,,,,
2017-03-12 03:00:00,999.9,20.7,92.0,0.4,92.0,1.3,343.0,0.0,,,,,,,,,,2017-03-12T02:41:00,,,,,,,,,,,,,,,,,,
2017-03-12 04:00:00,999.8,20.1,94.0,0.0,0.0,0.9,302.0,0.0,,,,,,,,,,2017-03-12T03:13:00,,,,,,,,,,,,,,,,,,
2017-03-12 05:00:00,1000.4,20.5,94.0,0.4,18.0,1.2,111.0,0.0,,,,,,,,,,2017-03-12T04:19:00,,,,,,,,,,,,,,,,,,
2017-03-12 06:00:00,1001.0,20.7,92.0,0.3,75.0,2.0,80.0,0.0,,,,,,,,,,2017-03-12T05:41:00,,,,,,,,,,,,,,,,,,
2017-03-12 07:00:00,1001.0,20.8,92.0,0.4,342.0,1.0,353.0,0.0,,,,,,,,,,2017-03-12T06:50:00,,,,,,,,,,,,,,,,,,
2017-03-12 08:00:00,1001.2,22.2,84.0,0.6,329.0,1.5,280.0,0.0,,,,,,,,,,2017-03-12T07:17:00,,,,,,,,,,,,,,,,,,
2017-03-12 09:00:00,1000.9,24.1,74.0,0.6,7.0,2.5,2.0,0.0,,,,,,,,,,2017-03-12T08:52:00,,,,,,,,,,,,,,,,,,
2017-03-12 10:00:00,1000.6,27.9,59.0,2.0,220.0,3.8,203.0,0.0,,,,,,,,,,2017-03-12T09:59:00,,,,,,,,,,,,,,,,,,
2017-03-12 11:00:00,999.8,29.4,53.0,2.5,224.0,4.3,199.0,0.0,,,,,,,,,,2017-03-12T10:28:00,,,,,,,,,,,,,,,,,,
2017-03-12 12:00:00,998.7,31.0,45.0,2.2,228.0,6.2,207.0,0.0,,,,,,,,,,2017-03-12T11:17:00,,,,,,,,,,,,,,,,,,
2017-03-12 13:00:00,997.8,32.2,42.0,2.5,213.0,6.0,225.0,0.0,,,,,,,,,,2017-03-12T12:47:00,,,,,,,,,,,,,,,,,,
2017-03-12 14:00:00,997.0,30.0,54.0,3.3,251.0,6.0,260.0,0.0,,,,,,,,,,2017-03-12T13:58:00,,,,,,,,,,,,,,,,,,
2017-03-12 15:00:00,997.2,27.2,63.0,3.3,271.0,7.5,254.0,0.0,,,,,,,,,,2017-03-12T14:09:00,,,,,,,,,,,,,,,,,,
2017-03-12 16:00:00,997.5,25.2,69.0,1.9,296.0,5.6,249.0,0.0,,,,,,,,,,2017-03-12T15:05:00,,,,,,,,,,,,,,,,,,
2017-03-12 17:00:00,997.8,24.7,70.0,1.3,276.0,3.5,299.0,0.0,,,,,,,,,,2017-03-12T16:34:00,,,,,,,,,,,,,,,,,,
2017-03-12 18:00:00,997.5,24.4,71.0,0.9,226.0,2.9,239.0,0.0,,,,,,,,,,2017-03-12T17:07:00,,,,,,,,,,,,,,,,,,
2017-03-12 19:00:00,997.8,23.7,75.0,1.1,255.0,2.2,276.0,0.0,,,,,,,,,,2017-03-12T18:43:00,,,,,,,,,,,,,,,,,,
2017-03-12 20:00:00,998.4,22.8,80.0,0.5,113.0,2.5,264.0,0.0,,,,,,,,,,2017-03-12T19:22:00,,,,,,,,,,,,,,,,,,
2017-03-12 21:00:00,998.8,22.7,82.0,0.2,0.0,1.5,89.0,0.0,,,,,,,,,,2017-03-12T20:40:00,,,,,,,,,,,,,,,,,,
2017-03-12 22:00:00,999.0,21.7,86.0,1.1,174.0,2.2,186.0,0.0,,,,,,,,,,2017-03-12T21:55:00,,,,,,,,,,,,,,,,,,
2017-03-12 23:00:00,999.1,20.6,90.0,0.7,86.0,1.6,186.0,0.0,,,,,,,,,,2017-03-12T22:08:00,,,,,,,,,,,,,,,,,,
2017-03-13 00:00:00,999.5,20.3,91.0,0.8,82.0,1.7,70.0,0.0,,,,,,,,,,2017-03-12T23:40:00,,,,,,,,,,,,,,,,,,
2017-03-13 01:00:00,999.4,20.8,90.0,0.5,98.0,1.3,81.0,0.0,,,,,,,,,,2017-03-13T00:06:00,,,,,,,,,,,,,,,,,,
2017-03-13 02:00:00,999.0,20.9,90.0,0.7,8.0,1.1,256.0,0.0,,,,,,,,,,2017-03-13T01:10:00,,,,,,,,,,,,,,,,,,
2017-03-13 03:00:00,998.6,21.1,90.0,0.6,72.0,1.6,74.0,0.0,,,,,,,,,,2017-03-13T02:23:00,,,,,,,,,,,,,,,,,,
2017-03-13 04:00:00,998.2,20.9,90.0,0.2,0.0,0.9,309.0,0.0,,,,,,,,,,2017-03-13T03:15:00,,,,,,,,,,,,,,,,,,
2017-03-13 05:00:00,998.4,21.2,88.0,0.7,83.0,1.5,67.0,0.0,,,,,,,,,,2017-03-13T04:54:00,,,,,,,,,,,,,,,,,,
2017-03-13 06:00:00,998.4,21.4,85.0,1.3,57.0,2.6,74.0,0.0,,,,,,,,,,2017-03-13T05:48:00,,,,,,,,,,,,,,,,,,
2017-03-13 07:00:00,998.5,21.6,84.0,0.5,87.0,3.2,3.0,0.0,,,,,,,,,,2017-03-13T06:17:00,,,,,,,,,,,,,,,,,,
2017-03-13 08:00:00,998.8,24.3,70.0,1.1,49.0,2.0,52.0,0.0,,,,,,,,,,2017-03-13T07:57:00,,,,,,,,,,,,,,,,,,
2017-03-13 09:00:00,998.8,26.7,57.0,0.9,45.0,2.6,79.0,0.0,,,,,,,,,,2017-03-13T09:00:00,,,,,,,,,,,,,,,,,,
2017-03-13 10:00:00,998.0,29.6,50.0,1.7,266.0,2.8,10.0,0.0,,,,,,,,,,2017-03-13T09:34:00,,,,,,,,,,,,,,,,,,
2017-03-13 11:00:00,997.4,30.2,46.0,1.4,356.0,3.8,260.0,0.0,,,,,,,,,,2017-03-13T10:21:00,,,,,,,,,,,,,,,,,,
2017-03-13 12:00:00,996.3,33.2,40.0,1.4,196.0,3.5,213.0,0.0,,,,,,,,,,2017-03-13T11:55:00,,,,,,,,,,,,,,,,,,
2017-03-13 13:00:00,995.2,33.6,40.0,3.2,283.0,6.1,283.0,0.0,,,,,,,,,,2017-03-13T12:44:00,,,,,,,,,,,,,,,,,,
2017-03-13 14:00:00,994.4,33.2,42.0,2.6,299.0,7.5,292.0,0.0,,,,,,,,,,2017-03-13T13:19:00,,,,,,,,,,,,,,,,,,
2017-03-13 15:00:00,994.1,31.8,47.0,2.6,289.0,8.4,272.0,0.0,,,,,,,,,,2017-03-13T14:12:00,,,,,,,,,,,,,,,,,,
2017-03-13 16:00:00,994.5,31.0,49.0,3.6,271.0,7.1,286.0,0.0,,,,,,,,,,2017-03-13T15:21:00,,,,,,,,,,,,,,,,,,
2017-03-13 17:00:00,994.8,29.5,52.0,2.4,274.0,5.9,285.0,0.0,,,,,,,,,,2017-03-13T16:18:00,,,,,,,,,,,,,,,,,,
2017-03-13 18:00:00,995.3,26.9,59.0,1.5,294.0,5.5,304.0,0.0,,,,,,,,,,2017-03-13T17:27:00,,,,,,,,,,,,,,,,,,
2017-03-13 19:00:00,996.0,24.9,66.0,1.9,290.0,4.2,285.0,0.0,,,,,,,,,,2017-03-13T18:46:00,,,,,,,,,,,,,,,,,,
2017-03-13 20:00:00,996.7,23.8,78.0,1.5,193.0,2.8,271.0,0.0,,,,,,,,,,2017-03-13T19:01:00,,,,,,,,,,,,,,,,,,
2017-03-13 21:00:00,997.5,22.7,83.0,0.4,59.0,2.2,11.0,0.0,,,,,,,,,,2017-03-13T20:33:00,,,,,,,,,,,,,,,,,,
2017-03-13 22:00:00,997.6,22.4,86.0,0.5,178.0,1.8,113.0,0.0,,,,,,,,,,2017-03-13T21:15:00,,,,,,,,,,,,,,,,,,
2017-03-13 23:00:00,998.3,22.2,87.0,1.1,188.0,1.7,172.0,0.0,,,,,,,,,,2017-03-13T22:49:00,,,,,,,,,,,,,,,,,,
2017-03-14 00:00:00,998.4,22.0,89.0,0.6,345.0,1.6,151.0,0.0,,,,,,,,,,2017-03-13T23:15:00,,,,,,,,,,,,,,,,,,
2017-03-14 01:00:00,998.2,22.4,86.0,1.0,179.0,1.5,186.0,0.0,,,,,,,,,,2017-03-14T00:59:00,,,,,,,,,,,,,,,,,,
2017-03-14 02:00:00,998.0,21.5,87.0,0.5,223.0,1.5,200.0,0.0,,,,,,,,,,2017-03-14T01:03:00,,,,,,,,,,,,,,,,,,
2017-03-14 03:00:00,997.6,20.8,88.0,0.9,233.0,1.9,299.0,0.0,,,,,,,,,,2017-03-14T02:42:00,,,,,,,,,,,,,,,,,,
2017-03-14 04:00:00,997.5,20.8,88.0,0.8,214.0,1.4,140.0,0.0,,,,,,,,,,2017-03-14T03:37:00,,,,,,,,,,,,,,,,,,
2017-03-14 05:00:00,997.7,20.6,89.0,1.2,88.0,1.6,218.0,0.0,,,,,,,,,,2017-03-14T04:05:00,,,,,,,,,,,,,,,,,,
2017-03-14 06:00:00,998.3,20.7,90.0,1.4,233.0,2.1,212.0,0.0,,,,,,,,,,2017-03-14T05:59:00,,,,,,,,,,,,,,,,,,
2017-03-14 07:00:00,999.3,20.1,86.0,2.1,204.0,3.5,179.0,0.0,,,,,,,,,,2017-03-14T06:31:00,,,,,,,,,,,,,,,,,,
2017-03-14 08:00:00,1000.3,21.0,79.0,1.6,220.0,3.4,204.0,0.0,,,,,,,,,,2017-03-14T07:20:00,,,,,,,,,,,,,,,,,,
2017-03-14 09:00:00,1001.4,20.7,78.0,2.8,211.0,3.9,220.0,0.0,,,,,,,,,,2017-03-14T08:41:00,,,,,,,,,,,,,,,,,,
2017-03-14 10:00:00,1001.8,23.2,68.0,2.2,226.0,4.0,223.0,0.0,,,,,,,,,,2017-03-14T09:07:00,,,,,,,,,,,,,,,,,,
2017-03-14 11:00:00,1001.6,24.5,65.0,1.5,218.0,4.1,206.0,0.0,,,,,,,,,,2017-03-14T10:13:00,,,,,,,,,,,,,,,,,,
2017-03-14 12:00:00,1000.7,28.2,54.0,3.0,228.0,4.6,221.0,0.0,,,,,,,,,,2017-03-14T11:56:00,,,,,,,,,,,,,,,,,,
2017-03-14 13:00:00,1000.0,28.7,51.0,3.2,205.0,6.0,223.0,0.0,,,,,,,,,,2017-03-14T12:48:00,,,,,,,,,,,,,,,,,,
2017-03-14 14:00:00,999.3,29.0,52.0,3.1,209.0,6.2,181.0,0.0,,,,,,,,,,2017-03-14T13:49:00,,,,,,,,,,,,,,,,,,
2017-03-14 15:00:00,999.3,25.7,58.0,2.1,277.0,5.4,215.0,0.0,,,,,,,,,,2017-03-14T14:02:00,,,,,,,,,,,,,,,,,,
2017-03-14 16:00:00,999.3,25.1,60.0,2.0,204.0,3.9,240.0,0.0,,,,,,,,,,2017-03-14T15:18:00,,,,,,,,,,,,,,,,,,
2017-03-14 17:00:00,999.3,24.3,61.0,0.8,285.0,3.2,217.0,0.0,,,,,,,,,,2017-03-14T16:05:00,,,,,,,,,,,,,,,,,,
2017-03-14 18:00:00,1000.2,23.0,64.0,2.4,249.0,4.6,228.0,0.0,,,,,,,,,,2017-03-14T17:27:00,,,,,,,,,,,,,,,,,,
2017-03-14 19:00:00,1001.2,21.0,68.0,1.9,217.0,3.3,234.0,0.0,,,,,,,,,,2017-03-14T18:02:00,,,,,,,,,,,,,,,,,,
2017-03-14 20:00:00,1002.0,19.5,71.0,1.7,190.0,3.3,179.0,0.0,,,,,,,,,,2017-03-14T19:28:00,,,,,,,,,,,,,,,,,,
2017-03-14 21:00:00,1002.6,19.1,77.0,0.7,217.0,2.5,210.0,0.0,,,,,,,,,,2017-03-14T20:15:00,,,,,,,,,,,,,,,,,,
2017-03-14 22:00:00,1003.1,18.7,80.0,0.4,69.0,1.2,226.0,0.0,,,,,,,,,,2017-03-14T21:09:00,,,,,,,,,,,,,,,,,,
2017-03-14 23:00:00,1002.9,18.9,86.0,0.5,311.0,1.5,117.0,0.0,,,,,,,,,,2017-03-14T22:08:00,,,,,,,,,,,,,,,,,,
2017-03-15 00:00:00,1002.9,19.0,88.0,1.0,73.0,1.6,81.0,0.0,,,,,,,,,,2017-03-14T23:59:00,,,,,,,,,,,,,,,,,,
2017-03-15 01:00:00,1002.7,19.4,85.0,1.3,168.0,2.6,193.0,0.0,,,,,,,,,,2017-03-15T00:53:00,,,,,,,,,,,,,,,,,,
2017-03-15 02:00:00,1002.4,19.2,86.0,0.8,284.0,1.7,278.0,0.0,,,,,,,,,,2017-03-15T01:54:00,,,,,,,,,,,,,,,,,,
2017-03-15 03:00:00,1002.1,19.5,86.0,0.1,0.0,1.8,304.0,0.0,,,,,,,,,,2017-03-15T02:02:00,,,,,,,,,,,,,,,,,,
2017-03-15 04:00:00,1002.3,19.6,84.0,1.1,289.0,1.7,274.0,0.0,,,,,,,,,,2017-03-15T04:00:00,,,,,,,,,,,,,,,,,,
2017-03-15 05:00:00,1002.5,18.3,86.0,1.0,190.0,4.0,206.0,0.0,,,,,,,,,,2017-03-15T04:23:00,,,,,,,,,,,,,,,,,,
2017-03-15 06:00:00,1003.3,18.4,82.0,1.5,203.0,2.0,212.0,0.0,,,,,,,,,,2017-03-15T05:49:00,,,,,,,,,,,,,,,,,,
2017-03-15 07:00:00,1003.6,18.6,84.0,1.0,206.0,2.0,188.0,0.0,,,,,,,,,,2017-03-15T06:03:00,,,,,,,,,,,,,,,,,,
2017-03-15 08:00:00,1004.2,19.0,81.0,0.4,270.0,1.5,207.0,0.0,,,,,,,,,,2017-03-15T07:09:00,,,,,,,,,,,,,,,,,,
2017-03-15 09:00:00,1004.7,19.5,81.0,0.0,0.0,1.6,252.0,0.0,,,,,,,,,,2017-03-15T08:42:00,,,,,,,,,,,,,,,,,,
2017-03-15 10:00:00,1004.7,20.2,78.0,0.7,302.0,2.0,208.0,0.0,,,,,,,,,,2017-03-15T09:28:00,,,,,,,,,,,,,,,,,,
2017-03-15 11:00:00,1004.3,21.5,74.0,1.1,230.0,2.0,249.0,0.0,,,,,,,,,,2017-03-15T10:59:00,,,,,,,,,,,,,,,,,,
2017-03-15 12:00:00,1003.6,23.4,66.0,1.4,227.0,3.2,201.0,0.0,,,,,,,,,,2017-03-15T11:48:00,,,,,,,,,,,,,,,,,,
2017-03-15 13:00:00,1002.7,22.9,68.0,2.2,231.0,4.2,226.0,0.0,,,,,,,,,,2017-03-15T12:32:00,,,,,,,,,,,,,,,,,,
2017-03-15 14:00:00,1001.8,24.6,60.0,1.6,247.0,3.8,180.0,0.0,,,,,,,,,,2017-03-15T13:18:00,,,,,,,,,,,,,,,,,,
2017-03-15 15:00:00,1000.9,24.2,60.0,1.4,281.0,3.4,184.0,0.0,,,,,,,,,,2017-03-15T14:38:00,,,,,,,,,,,,,,,,,,
2017-03-15 16:00:00,1000.6,23.0,65.0,1.0,190.0,2.8,219.0,0.0,,,,,,,,,,2017-03-15T15:20:00,,,,,,,,,,,,,,,,,,
2017-03-15 17:00:00,1000.6,22.9,64.0,1.2,272.0,2.6,248.0,0.0,,,,,,,,,,2017-03-15T16:44:00,,,,,,,,,,,,,,,,,,
2017-03-15 18:00:00,1000.8,22.5,68.0,1.0,186.0,1.8,235.0,0.0,,,,,,,,,,2017-03-15T17:23:00,,,,,,,,,,,,,,,,,,
2017-03-15 19:00:00,1000.8,21.8,72.0,1.3,203.0,2.2,122.0,0.0,,,,,,,,,,2017-03-15T18:26:00,,,,,,,,,,,,,,,,,,
2017-03-15 20:00:00,1001.5,21.0,72.0,1.8,227.0,4.2,223.0,0.0,,,,,,,,,,2017-03-15T19:21:00,,,,,,,,,,,,,,,,,,
2017-03-15 21:00:00,1002.3,20.4,76.0,1.7,185.0,3.9,230.0,0.0,,,,,,,,,,2017-03-15T20:24:00,,,,,,,,,,,,,,,,,,
2017-03-15 22:00:00,1002.4,19.3,85.0,0.9,99.0,2.6,203.0,0.0,,,,,,,,,,2017-03-15T21:04:00,,,,,,,,,,,,,,,,,,
2017-03-15 23:00:00,1002.4,19.4,86.0,0.9,35.0,2.0,121.0,0.0,,,,,,,,,,2017-03-15T22:08:00,,,,,,,,,,,,,,,,,,
2017-03-16 00:00:00,1002.2,19.4,86.0,1.0,21.0,2.2,11.0,0.0,,,,,,,,,,2017-03-15T23:07:00,,,,,,,,,,,,,,,,,,
2017-03-16 01:00:00,1001.7,19.5,85.0,0.7,1.0,1.6,9.0,0.0,,,,,,,,,,2017-03-16T00:10:00,,,,,,,,,,,,,,,,,,
2017-03-16 02:00:00,1001.2,19.4,86.0,1.2,18.0,2.0,14.0,0.0,,,,,,,,,,2017-03-16T01:59:00,,,,,,,,,,,,,,,,,,
2017-03-16 03:00:00,1001.1,19.5,85.0,0.0,0.0,1.7,5.0,0.0,,,,,,,,,,2017-03-16T02:05:00,,,,,,,,,,,,,,,,,,
2017-03-16 04:00:00,1001.3,19.3,83.0,1.5,271.0,2.7,247.0,0.0,,,,,,,,,,2017-03-16T03:54:00,,,,,,,,,,,,,,,,,,
2017-03-16 05:00:00,1001.7,18.5,87.0,0.8,188.0,2.7,284.0,0.0,,,,,,,,,,2017-03-16T04:03:00,,,,,,,,,,,,,,,,,,
2017-03-16 06:00:00,1001.6,17.7,92.0,0.8,339.0,1.3,328.0,0.0,,,,,,,,,,2017-03-16T06:00:00,,,,,,,,,,,,,,,,,,
2017-03-16 07:00:00,1002.2,18.3,91.0,1.5,133.0,2.2,139.0,0.0,,,,,,,,,,2017-03-16T06:48:00,,,,,,,,,,,,,,,,,,
2017-03-16 08:00:00,1002.5,19.6,84.0,0.3,85.0,2.2,155.0,0.0,,,,,,,,,,2017-03-16T07:26:00,,,,,,,,,,,,,,,,,,
2017-03-16 09:00:00,1002.3,22.5,72.0,1.2,304.0,2.4,2.0,0.0,,,,,,,,,,2017-03-16T08:22:00,,,,,,,,,,,,,,,,,,
2017-03-16 10:00:00,1001.5,25.1,63.0,1.9,202.0,3.8,210.0,0.0,,,,,,,,,,2017-03-16T09:14:00,,,,,,,,,,,,,,,,,,
2017-03-16 11:00:00,1001.4,27.7,55.0,3.5,222.0,5.6,214.0,0.0,,,,,,,,,,2017-03-16T10:50:00,,,,,,,,,,,,,,,,,,
2017-03-16 12:00:00,1001.0,25.4,61.0,3.2,201.0,6.7,212.0,0.0,,,,,,,,,,2017-03-16T11:06:00,,,,,,,,,,,,,,,,,,
2017-03-16 13:00:00,1000.4,24.0,62.0,1.3,251.0,4.7,225.0,0.0,,,,,,,,,,2017-03-16T12:16:00,,,,,,,,,,,,,,,,,,
2017-03-16 14:00:00,1000.0,24.3,62.0,2.3,284.0,4.6,270.0,0.0,,,,,,,,,,2017-03-16T13:47:00,,,,,,,,,,,,,,,,,,
2017-03-16 15:00:00,999.3,25.3,59.0,1.7,232.0,4.5,276.0,0.0,,,,,,,,,,2017-03-16T14:07:00,,,,,,,,,,,,,,,,,,
2017-03-16 16:00:00,999.5,23.2,66.0,2.6,269.0,4.2,277.0,0.0,,,,,,,,,,2017-03-16T15:37:00,,,,,,,,,,,,,,,,,,
2017-03-16 17:00:00,999.9,22.7,67.0,2.1,260.0,4.5,245.0,0.0,,,,,,,,,,2017-03-16T16:07:00,,,,,,,,,,,,,,,,,,
2017-03-16 18:00:00,1000.7,21.8,72.0,2.2,274.0,4.2,297.0,0.0,,,,,,,,,,2017-03-16T17:21:00,,,,,,,,,,,,,,,,,,
2017-03-16 19:00:00,1001.1,21.0,75.0,1.4,262.0,3.7,268.0,0.0,,,,,,,,,,2017-03-16T18:12:00,,,,,,,,,,,,,,,,,,
2017-03-16 20:00:00,1001.9,20.8,77.0,0.9,214.0,2.1,258.0,0.0,,,,,,,,,,2017-03-16T19:02:00,,,,,,,,,,,,,,,,,,
2017-03-16 21:00:00,1002.3,20.7,78.0,1.2,189.0,1.9,209.0,0.0,,,,,,,,,,2017-03-16T20:42:00,,,,,,,,,,,,,,,,,,
2017-03-16 22:00:00,1002.7,20.5,78.0,0.0,0.0,1.9,184.0,0.0,,,,,,,,,,2017-03-16T21:17:00,,,,,,,,,,,,,,,,,,
2017-03-16 23:00:00,1002.7,20.3,79.0,0.7,216.0,1.8,221.0,0.0,,,,,,,,,,2017-03-16T22:47:00,,,,,,,,,,,,,,,,,,
2017-03-17 00:00:00,1002.8,20.0,81.0,1.1,152.0,1.6,146.0,0.0,,,,,,,,,,2017-03-16T23:55:00,,,,,,,,,,,,,,,,,,
2017-03-17 01:00:00,1002.5,20.1,82.0,0.7,262.0,1.1,126.0,0.0,,,,,,,,,,2017-03-17T00:02:00,,,,,,,,,,,,,,,,,,
2017-03-17 02:00:00,1002.0,19.5,84.0,1.0,186.0,2.1,194.0,0.0,,,,,,,,,,2017-03-17T01:36:00,,,,,,,,,,,,,,,,,,
2017-03-17 03:00:00,1002.1,19.0,85.0,1.0,260.0,1.9,202.0,0.0,,,,,,,,,,2017-03-17T02:37:00,,,,,,,,,,,,,,,,,,
2017-03-17 04:00:00,1002.0,18.8,84.0,0.5,81.0,1.9,163.0,0.0,,,,,,,,,,2017-03-17T03:14:00,,,,,,,,,,,,,,,,,,
2017-03-17 05:00:00,1002.0,18.9,88.0,0.9,9.0,1.4,57.0,0.0,,,,,,,,,,2017-03-17T04:28:00,,,,,,,,,,,,,,,,,,
2017-03-17 06:00:00,1002.5,19.0,88.0,0.1,0.0,1.3,116.0,0.0,,,,,,,,,,2017-03-17T05:06:00,,,,,,,,,,,,,,,,,,
2017-03-17 07:00:00,1003.0,19.5,87.0,0.3,232.0,1.5,3.0,0.0,,,,,,,,,,2017-03-17T06:35:00,,,,,,,,,,,,,,,,,,
2017-03-17 08:00:00,1003.4,20.8,82.0,0.2,0.0,1.1,292.0,0.0,,,,,,,,,,2017-03-17T07:34:00,,,,,,,,,,,,,,,,,,
2017-03-17 09:00:00,1003.3,23.6,68.0,1.3,6.0,2.0,7.0,0.0,,,,,,,,,,2017-03-17T08:50:00,,,,,,,,,,,,,,,,,,
2017-03-17 10:00:00,1003.2,26.2,59.0,2.1,209.0,3.4,210.0,0.0,,,,,,,,,,2017-03-17T09:50:00,,,,,,,,,,,,,,,,,,
2017-03-17 11:00:00,1002.7,26.9,55.0,0.7,204.0,3.4,199.0,0.0,,,,,,,,,,2017-03-17T10:04:00,,,,,,,,,,,,,,,,,,
2017-03-17 12:00:00,1002.2,26.4,55.0,1.3,290.0,3.7,208.0,0.0,,,,,,,,,,2017-03-17T11:24:00,,,,,,,,,,,,,,,,,,
2017-03-17 13:00:00,1001.7,25.5,59.0,1.9,273.0,3.6,280.0,0.0,,,,,,,,,,2017-03-17T12:18:00,,,,,,,,,,,,,,,,,,
2017-03-17 14:00:00,1000.9,25.8,59.0,1.1,322.0,3.2,258.0,0.0,,,,,,,,,,2017-03-17T13:18:00,,,,,,,,,,,,,,,,,,
2017-03-17 15:00:00,1000.5,25.8,58.0,1.2,330.0,4.7,281.0,0.0,,,,,,,,,,2017-03-17T14:19:00,,,,,,,,,,,,,,,,,,
2017-03-17 16:00:00,1000.4,26.0,56.0,1.3,45.0,3.2,16.0,0.0,,,,,,,,,,2017-03-17T15:13:00,,,,,,,,,,,,,,,,,,
2017-03-17 17:00:00,1000.6,25.8,60.0,2.6,290.0,4.1,277.0,0.0,,,,,,,,,,2017-03-17T16:46:00,,,,,,,,,,,,,,,,,,
2017-03-17 18:00:00,1001.2,23.4,69.0,2.8,298.0,5.4,293.0,0.0,,,,,,,,,,2017-03-17T17:59:00,,,,,,,,,,,,,,,,,,
2017-03-17 19:00:00,1002.1,22.8,71.0,1.1,227.0,5.0,290.0,0.0,,,,,,,,,,2017-03-17T18:05:00,,,,,,,,,,,,,,,,,,
2017-03-17 20:00:00,1003.1,22.0,73.0,1.0,248.0,2.9,197.0,0.0,,,,,,,,,,2017-03-17T19:26:00,,,,,,,,,,,,,,,,,,
2017-03-17 21:00:00,1004.0,21.4,78.0,1.4,193.0,2.7,206.0,0.0,,,,,,,,,,2017-03-17T20:46:00,,,,,,,,,,,,,,,,,,
2017-03-17 22:00:00,1004.4,21.1,79.0,1.1,167.0,2.6,184.0,0.0,,,,,,,,,,2017-03-17T21:33:00,,,,,,,,,,,,,,,,,,
2017-03-17 23:00:00,1004.0,20.9,81.0,0.7,186.0,1.8,195.0,0.0,,,,,,,,,,2017-03-17T22:05:00,,,,,,,,,,,,,,,,,,
2017-03-18 00:00:00,1003.9,20.3,84.0,0.2,0.0,1.3,86.0,0.0,,,,,,,,,,2017-03-17T23:37:00,,,,,,,,,,,,,,,,,,
2017-03-18 01:00:00,1003.6,20.6,83.0,0.0,0.0,1.5,145.0,0.0,,,,,,,,,,2017-03-18T00:22:00,,,,,,,,,,,,,,,,,,
2017-03-18 02:00:00,1003.1,19.8,87.0,0.9,88.0,1.9,13.0,0.0,,,,,,,,,,2017-03-18T01:19:00,,,,,,,,,,,,,,,,,,
2017-03-18 03:00:00,1003.0,19.3,89.0,0.5,210.0,1.7,43.0,0.0,,,,,,,,,,2017-03-18T02:17:00,,,,,,,,,,,,,,,,,,
2017-03-18 04:00:00,1002.8,19.3,89.0,1.1,8.0,1.7,7.0,0.0,,,,,,,,,,2017-03-18T03:58:00,,,,,,,,,,,,,,,,,,
2017-03-18 05:00:00,1003.0,19.2,89.0,0.0,0.0,2.1,360.0,0.0,,,,,,,,,,2017-03-18T04:05:00,,,,,,,,,,,,,,,,,,
2017-03-18 06:00:00,1003.2,18.9,91.0,0.0,0.0,1.5,84.0,0.0,,,,,,,,,,2017-03-18T05:50:00,,,,,,,,,,,,,,,,,,
2017-03-18 07:00:00,1003.9,19.9,88.0,0.7,66.0,1.9,69.0,0.0,,,,,,,,,,2017-03-18T06:51:00,,,,,,,,,,,,,,,,,,
2017-03-18 08:00:00,1004.9,21.3,83.0,1.4,184.0,2.1,21.0,0.0,,,,,,,,,,2017-03-18T07:13:00,,,,,,,,,,,,,,,,,,
2017-03-18 09:00:00,1005.0,22.9,76.0,0.6,297.0,2.0,188.0,0.0,,,,,,,,,,2017-03-18T08:03:00,,,,,,,,,,,,,,,,,,
2017-03-18 10:00:00,1004.9,24.9,68.0,1.8,203.0,2.8,208.0,0.0,,,,,,,,,,2017-03-18T09:47:00,,,,,,,,,,,,,,,,,,
2017-03-18 11:00:00,1004.4,28.6,55.0,2.1,244.0,3.7,217.0,0.0,,,,,,,,,,2017-03-18T10:57:00,,,,,,,,,,,,,,,,,,
2017-03-18 12:00:00,1003.7,29.0,52.0,2.5,195.0,4.4,228.0,0.0,,,,,,,,,,2017-03-18T11:07:00,,,,,,,,,,,,,,,,,,
2017-03-18 13:00:00,1002.6,30.9,47.0,2.7,194.0,4.6,220.0,0.0,,,,,,,,,,2017-03-18T12:52:00,,,,,,,,,,,,,,,,,,
2017-03-18 14:00:00,1002.1,29.6,50.0,2.8,264.0,7.5,248.0,0.0,,,,,,,,,,2017-03-18T13:25:00,,,,,,,,,,,,,,,,,,
2017-03-18 15:00:00,1001.6,28.5,53.0,1.4,217.0,5.2,245.0,0.0,,,,,,,,,,2017-03-18T14:03:00,,,,,,,,,,,,,,,,,,
2017-03-18 16:00:00,1001.7,27.2,57.0,1.4,265.0,3.7,221.0,0.0,,,,,,,,,,2017-03-18T15:01:00,,,,,,,,,,,,,,,,,,
2017-03-18 17:00:00,1002.0,25.5,63.0,2.8,202.0,4.6,211.0,0.0,,,,,,,,,,2017-03-18T16:46:00,,,,,,,,,,,,,,,,,,
2017-03-18 18:00:00,1001.9,24.8,66.0,1.7,197.0,4.3,204.0,0.0,,,,,,,,,,2017-03-18T17:13:00,,,,,,,,,,,,,,,,,,
2017-03-18 19:00:00,1002.4,24.1,68.0,0.6,233.0,2.7,255.0,0.0,,,,,,,,,,2017-03-18T18:21:00,,,,,,,,,,,,,,,,,,
2017-03-18 20:00:00,1003.0,24.1,70.0,0.5,243.0,1.8,160.0,0.0,,,,,,,,,,2017-03-18T19:33:00,,,,,,,,,,,,,,,,,,
2017-03-18 21:00:00,1003.2,23.6,75.0,0.4,265.0,1.3,263.0,0.0,,,,,,,,,,2017-03-18T20:34:00,,,,,,,,,,,,,,,,,,
2017-03-18 22:00:00,1003.3,23.2,78.0,0.4,101.0,1.0,346.0,0.0,,,,,,,,,,2017-03-18T21:15:00,,,,,,,,,,,,,,,,,,
2017-03-18 23:00:00,1003.3,22.9,79.0,0.5,99.0,1.3,122.0,0.0,,,,,,,,,,2017-03-18T22:42:00,,,,,,,,,,,,,,,,,,
2017-03-19 00:00:00,1003.4,22.5,82.0,0.4,123.0,1.1,81.0,0.0,,,,,,,,,,2017-03-18T23:10:00,,,,,,,,,,,,,,,,,,
2017-03-19 01:00:00,1003.2,22.1,85.0,0.3,214.0,1.3,215.0,0.0,,,,,,,,,,2017-03-19T00:43:00,,,,,,,,,,,,,,,,,,
2017-03-19 02:00:00,1003.1,22.1,84.0,0.5,4.0,1.5,157.0,0.0,,,,,,,,,,2017-03-19T01:29:00,,,,,,,,,,,,,,,,,,
2017-03-19 03:00:00,1003.3,22.0,86.0,0.5,271.0,1.3,86.0,0.0,,,,,,,,,,2017-03-19T02:13:00,,,,,,,,,,,,,,,,,,
2017-03-19 04:00:00,1003.0,21.0,89.0,0.1,0.0,1.2,5.0,0.0,,,,,,,,,,2017-03-19T03:47:00,,,,,,,,,,,,,,,,,,
2017-03-19 05:00:00,1003.4,20.5,91.0,0.5,345.0,1.7,115.0,0.0,,,,,,,,,,2017-03-19T04:27:00,,,,,,,,,,,,,,,,,,
2017-03-19 06:00:00,1004.0,20.0,91.0,0.8,66.0,1.5,114.0,0.0,,,,,,,,,,2017-03-19T05:19:00,,,,,,,,,,,,,,,,,,
2017-03-19 07:00:00,1004.4,20.9,89.0,1.2,55.0,1.8,68.0,0.0,,,,,,,,,,2017-03-19T06:56:00,,,,,,,,,,,,,,,,,,
2017-03-19 08:00:00,1004.7,22.8,80.0,1.2,355.0,1.9,2.0,0.0,,,,,,,,,,2017-03-19T07:58:00,,,,,,,,,,,,,,,,,,
2017-03-19 09:00:00,1004.1,24.6,74.0,1.0,327.0,1.9,120.0,0.0,,,,,,,,,,2017-03-19T08:35:00,,,,,,,,,,,,,,,,,,
2017-03-19 10:00:00,1003.2,26.1,68.0,1.3,244.0,2.7,215.0,0.0,,,,,,,,,,2017-03-19T10:00:00,,,,,,,,,,,,,,,,,,
2017-03-19 11:00:00,1002.2,30.5,50.0,2.4,227.0,5.8,249.0,0.0,,,,,,,,,,2017-03-19T10:52:00,,,,,,,,,,,,,,,,,,
2017-03-19 12:00:00,1002.2,32.0,45.0,2.5,210.0,5.1,235.0,0.0,,,,,,,,,,2017-03-19T11:22:00,,,,,,,,,,,,,,,,,,
2017-03-19 13:00:00,1001.5,25.8,67.0,3.7,288.0,7.1,265.0,0.0,,,,,,,,,,2017-03-19T12:36:00,,,,,,,,,,,,,,,,,,
2017-03-19 14:00:00,1001.4,25.8,68.0,2.5,291.0,4.7,298.0,0.0,,,,,,,,,,2017-03-19T13:55:00,,,,,,,,,,,,,,,,,,
2017-03-19 15:00:00,1001.0,27.9,60.0,2.4,283.0,5.0,281.0,0.0,,,,,,,,,,2017-03-19T14:08:00,,,,,,,,,,,,,,,,,,
2017-03-19 16:00:00,1001.5,27.0,62.0,1.5,279.0,3.7,293.0,0.0,,,,,,,,,,2017-03-19T15:47:00,,,,,,,,,,,,,,,,,,
2017-03-19 17:00:00,1002.1,25.9,66.0,1.5,273.0,3.5,238.0,0.0,,,,,,,,,,2017-03-19T16:39:00,,,,,,,,,,,,,,,,,,
2017-03-19 18:00:00,1002.5,25.1,69.0,0.4,295.0,4.0,298.0,0.0,,,,,,,,,,2017-03-19T17:07:00,,,,,,,,,,,,,,,,,,
2017-03-19 19:00:00,1002.9,24.3,74.0,1.0,171.0,1.3,171.0,0.0,,,,,,,,,,2017-03-19T18:26:00,,,,,,,,,,,,,,,,,,
2017-03-19 20:00:00,1003.3,23.8,76.0,0.5,120.0,1.2,125.0,0.0,,,,,,,,,,2017-03-19T19:17:00,,,,,,,,,,,,,,,,,,
2017-03-19 21:00:00,1003.6,23.1,81.0,0.4,15.0,1.3,64.0,0.0,,,,,,,,,,2017-03-19T20:12:00,,,,,,,,,,,,,,,,,,
2017-03-19 22:00:00,1003.6,23.1,80.0,0.6,20.0,1.4,78.0,0.0,,,,,,,,,,2017-03-19T21:44:00,,,,,,,,,,,,,,,,,,
2017-03-19 23:00:00,1003.5,22.7,82.0,0.8,167.0,2.1,176.0,0.0,,,,,,,,,,2017-03-19T22:32:00,,,,,,,,,,,,,,,,,,
2017-03-20 00:00:00,1002.9,22.1,86.0,0.5,341.0,1.1,159.0,0.0,,,,,,,,,,2017-03-19T23:01:00,,,,,,,,,,,,,,,,,,
2017-03-20 01:00:00,1001.7,22.0,86.0,0.4,3.0,1.1,135.0,0.0,,,,,,,,,,2017-03-20T00:22:00,,,,,,,,,,,,,,,,,,
2017-03-20 02:00:00,1001.4,21.4,88.0,0.4,352.0,1.1,81.0,0.0,,,,,,,,,,2017-03-20T01:39:00,,,,,,,,,,,,,,,,,,
2017-03-20 03:00:00,1000.7,21.5,89.0,0.6,5.0,1.9,61.0,0.0,,,,,,,,,,2017-03-20T02:40:00,,,,,,,,,,,,,,,,,,
2017-03-20 04:00:00,1000.1,21.1,90.0,0.5,5.0,2.7,33.0,0.0,,,,,,,,,,2017-03-20T03:21:00,,,,,,,,,,,,,,,,,,
2017-03-20 05:00:00,1000.4,21.2,89.0,0.2,0.0,2.5,123.0,0.0,,,,,,,,,,2017-03-20T04:11:00,,,,,,,,,,,,,,,,,,
2017-03-20 06:00:00,1000.4,21.1,88.0,1.0,96.0,3.0,338.0,0.0,,,,,,,,,,2017-03-20T05:34:00,,,,,,,,,,,,,,,,,,
2017-03-20 07:00:00,1001.2,21.4,88.0,0.9,103.0,1.5,111.0,0.0,,,,,,,,,,2017-03-20T06:59:00,,,,,,,,,,,,,,,,,,
2017-03-20 08:00:00,1001.7,24.5,73.0,0.8,75.0,3.1,51.0,0.0,,,,,,,,,,2017-03-20T07:30:00,,,,,,,,,,,,,,,,,,
2017-03-20 09:00:00,1001.8,27.8,61.0,1.8,239.0,3.1,220.0,0.0,,,,,,,,,,2017-03-20T08:54:00,,,,,,,,,,,,,,,,,,
2017-03-20 10:00:00,1001.4,28.6,58.0,1.5,286.0,4.0,275.0,0.0,,,,,,,,,,2017-03-20T09:40:00,,,,,,,,,,,,,,,,,,
2017-03-20 11:00:00,1000.7,31.5,50.0,1.7,260.0,5.2,277.0,0.0,,,,,,,,,,2017-03-20T10:39:00,,,,,,,,,,,,,,,,,,
2017-03-20 12:00:00,1000.2,29.5,56.0,2.5,294.0,6.0,248.0,0.0,,,,,,,,,,2017-03-20T11:42:00,,,,,,,,,,,,,,,,,,
2017-03-20 13:00:00,999.3,31.7,49.0,2.7,280.0,6.4,292.0,0.0,,,,,,,,,,2017-03-20T12:55:00,,,,,,,,,,,,,,,,,,
2017-03-20 14:00:00,998.6,30.0,54.0,2.9,303.0,6.4,288.0,0.0,,,,,,,,,,2017-03-20T13:27:00,,,,,,,,,,,,,,,,,,
2017-03-20 15:00:00,998.2,29.5,56.0,2.5,302.0,6.2,287.0,0.0,,,,,,,,,,2017-03-20T14:06:00,,,,,,,,,,,,,,,,,,
2017-03-20 16:00:00,998.1,29.1,56.0,1.8,296.0,6.1,3.0,0.0,,,,,,,,,,2017-03-20T15:09:00,,,,,,,,,,,,,,,,,,
2017-03-20 17:00:00,998.4,27.4,62.0,1.7,309.0,4.4,301.0,0.0,,,,,,,,,,2017-03-20T16:07:00,,,,,,,,,,,,,,,,,,
2017-03-20 18:00:00,998.7,26.5,66.0,0.5,308.0,3.1,298.0,0.0,,,,,,,,,,2017-03-20T17:17:00,,,,,,,,,,,,,,,,,,
2017-03-20 19:00:00,999.4,25.7,68.0,1.1,291.0,2.2,298.0,0.0,,,,,,,,,,2017-03-20T18:31:00,,,,,,,,,,,,,,,,,,
2017-03-20 20:00:00,999.9,24.7,71.0,1.2,157.0,2.1,151.0,0.0,,,,,,,,,,2017-03-20T19:49:00,,,,,,,,,,,,,,,,,,
2017-03-20 21:00:00,1000.5,24.4,73.0,1.0,183.0,2.0,161.0,0.0,,,,,,,,,,2017-03-20T20:07:00,,,,,,,,,,,,,,,,,,
2017-03-20 22:00:00,1000.7,23.6,77.0,1.0,181.0,2.4,168.0,0.0,,,,,,,,,,2017-03-20T21:27:00,,,,,,,,,,,,,,,,,,
2017-03-20 23:00:00,1000.9,23.6,76.0,1.1,185.0,2.5,159.0,0.0,,,,,,,,,,2017-03-20T22:16:00,,,,,,,,,,,,,,,,,,
2017-03-21 00:00:00,1000.7,23.0,80.0,0.9,12.0,1.3,6.0,0.0,,,,,,,,,,2017-03-20T23:56:00,,,,,,,,,,,,,,,,,,
2017-03-21 01:00:00,1000.4,22.2,84.0,0.9,82.0,1.2,56.0,0.0,,,,,,,,,,2017-03-21T00:55:00,,,,,,,,,,,,,,,,,,
2017-03-21 02:00:00,1000.0,21.9,87.0,0.4,11.0,1.5,110.0,0.0,,,,,,,,,,2017-03-21T01:05:00,,,,,,,,,,,,,,,,,,
2017-03-21 03:00:00,999.5,21.6,87.0,0.8,48.0,2.6,54.0,0.0,,,,,,,,,,2017-03-21T02:12:00,,,,,,,,,,,,,,,,,,
2017-03-21 04:00:00,999.8,20.7,90.0,0.5,338.0,1.4,65.0,0.0,,,,,,,,,,2017-03-21T03:28:00,,,,,,,,,,,,,,,,,,
2017-03-21 05:00:00,1000.2,21.0,90.0,0.7,352.0,1.7,62.0,0.0,,,,,,,,,,2017-03-21T04:48:00,,,,,,,,,,,,,,,,,,
2017-03-21 06:00:00,1000.7,21.2,90.0,0.9,350.0,1.5,120.0,0.0,,,,,,,,,,2017-03-21T05:28:00,,,,,,,,,,,,,,,,,,
2017-03-21 07:00:00,1001.4,21.9,87.0,0.3,95.0,1.9,85.0,0.0,,,,,,,,,,2017-03-21T06:32:00,,,,,,,,,,,,,,,,,,
2017-03-21 08:00:00,1001.7,24.0,73.0,0.7,343.0,1.6,3.0,0.0,,,,,,,,,,2017-03-21T07:32:00,,,,,,,,,,,,,,,,,,
2017-03-21 09:00:00,1001.2,27.4,61.0,0.9,200.0,2.1,204.0,0.0,,,,,,,,,,2017-03-21T08:59:00,,,,,,,,,,,,,,,,,,
2017-03-21 10:00:00,1001.0,30.1,50.0,1.3,212.0,3.9,205.0,0.0,,,,,,,,,,2017-03-21T09:35:00,,,,,,,,,,,,,,,,,,
2017-03-21 11:00:00,1000.5,30.1,50.0,1.2,210.0,4.8,206.0,0.0,,,,,,,,,,2017-03-21T10:18:00,,,,,,,,,,,,,,,,,,
2017-03-21 12:00:00,999.8,29.6,52.0,1.7,286.0,5.6,256.0,0.0,,,,,,,,,,2017-03-21T11:21:00,,,,,,,,,,,,,,,,,,
2017-03-21 13:00:00,998.8,32.9,44.0,1.8,199.0,4.9,171.0,0.0,,,,,,,,,,2017-03-21T12:42:00,,,,,,,,,,,,,,,,,,
2017-03-21 14:00:00,997.9,33.5,41.0,2.8,247.0,5.2,193.0,0.0,,,,,,,,,,2017-03-21T13:46:00,,,,,,,,,,,,,,,,,,
2017-03-21 15:00:00,997.5,31.8,46.0,3.2,211.0,5.6,244.0,0.0,,,,,,,,,,2017-03-21T14:01:00,,,,,,,,,,,,,,,,,,
2017-03-21 16:00:00,997.7,28.6,59.0,3.0,290.0,6.7,204.0,0.0,,,,,,,,,,2017-03-21T15:17:00,,,,,,,,,,,,,,,,,,
2017-03-21 17:00:00,998.4,26.9,64.0,2.5,279.0,6.0,294.0,0.0,,,,,,,,,,2017-03-21T16:01:00,,,,,,,,,,,,,,,,,,
2017-03-21 18:00:00,998.9,26.1,64.0,1.4,232.0,4.0,231.0,0.0,,,,,,,,,,2017-03-21T17:35:00,,,,,,,,,,,,,,,,,,
2017-03-21 19:00:00,999.7,25.5,63.0,1.4,247.0,2.8,262.0,0.0,,,,,,,,,,2017-03-21T18:03:00,,,,,,,,,,,,,,,,,,
2017-03-21 20:00:00,1000.5,24.3,68.0,0.6,264.0,2.6,272.0,0.0,,,,,,,,,,2017-03-21T19:17:00,,,,,,,,,,,,,,,,,,
2017-03-21 21:00:00,1001.0,24.1,72.0,1.4,203.0,2.1,174.0,0.0,,,,,,,,,,2017-03-21T20:29:00,,,,,,,,,,,,,,,,,,
2017-03-21 22:00:00,1001.1,23.3,73.0,1.3,204.0,2.5,183.0,0.0,,,,,,,,,,2017-03-21T21:24:00,,,,,,,,,,,,,,,,,,
2017-03-21 23:00:00,1000.9,23.0,74.0,0.2,0.0,2.2,201.0,0.0,,,,,,,,,,2017-03-21T22:02:00,,,,,,,,,,,,,,,,,,
2017-03-22 00:00:00,1000.5,22.8,77.0,0.9,214.0,1.9,186.0,0.0,,,,,,,,,,2017-03-21T23:35:00,,,,,,,,,,,,,,,,,,
2017-03-22 01:00:00,1000.1,21.9,78.0,1.4,197.0,3.0,201.0,0.0,,,,,,,,,,2017-03-22T00:46:00,,,,,,,,,,,,,,,,,,
2017-03-22 02:00:00,999.6,21.5,78.0,1.3,186.0,2.6,193.0,0.0,,,,,,,,,,2017-03-22T01:03:00,,,,,,,,,,,,,,,,,,
2017-03-22 03:00:00,999.4,21.2,79.0,1.5,213.0,2.2,190.0,0.0,,,,,,,,,,2017-03-22T02:12:00,,,,,,,,,,,,,,,,,,
2017-03-22 04:00:00,998.9,20.9,80.0,0.3,310.0,1.6,221.0,0.0,,,,,,,,,,2017-03-22T03:02:00,,,,,,,,,,,,,,,,,,
2017-03-22 05:00:00,999.1,21.0,81.0,1.2,154.0,1.7,150.0,0.0,,,,,,,,,,2017-03-22T04:57:00,,,,,,,,,,,,,,,,,,
2017-03-22 06:00:00,999.6,20.8,83.0,0.0,0.0,1.1,159.0,0.0,,,,,,,,,,2017-03-22T05:02:00,,,,,,,,,,,,,,,,,,
2017-03-22 07:00:00,999.6,21.1,82.0,0.4,267.0,1.6,224.0,0.0,,,,,,,,,,2017-03-22T06:36:00,,,,,,,,,,,,,,,,,,
2017-03-22 08:00:00,1000.1,24.1,71.0,0.7,267.0,1.4,282.0,0.0,,,,,,,,,,2017-03-22T07:50:00,,,,,,,,,,,,,,,,,,
2017-03-22 09:00:00,1000.4,26.7,61.0,2.3,213.0,3.6,211.0,0.0,,,,,,,,,,2017-03-22T08:52:00,,,,,,,,,,,,,,,,,,
2017-03-22 10:00:00,1000.1,28.6,53.0,1.5,256.0,3.8,218.0,0.0,,,,,,,,,,2017-03-22T09:21:00,,,,,,,,,,,,,,,,,,
2017-03-22 11:00:00,999.7,31.0,46.0,2.0,210.0,4.2,186.0,0.0,,,,,,,,,,2017-03-22T10:33:00,,,,,,,,,,,,,,,,,,
2017-03-22 12:00:00,998.8,32.1,44.0,2.9,200.0,6.0,221.0,0.0,,,,,,,,,,2017-03-22T11:46:00,,,,,,,,,,,,,,,,,,
2017-03-22 13:00:00,997.9,32.4,43.0,3.3,234.0,5.5,242.0,0.0,,,,,,,,,,2017-03-22T12:31:00,,,,,,,,,,,,,,,,,,
2017-03-22 14:00:00,997.1,32.8,42.0,1.5,253.0,5.8,206.0,0.0,,,,,,,,,,2017-03-22T13:19:00,,,,,,,,,,,,,,,,,,
2017-03-22 15:00:00,996.4,33.4,41.0,3.2,239.0,5.6,199.0,0.0,,,,,,,,,,2017-03-22T14:26:00,,,,,,,,,,,,,,,,,,
2017-03-22 16:00:00,996.7,29.9,49.0,2.8,241.0,6.8,266.0,0.0,,,,,,,,,,2017-03-22T15:20:00,,,,,,,,,,,,,,,,,,
2017-03-22 17:00:00,997.1,28.7,53.0,1.5,259.0,4.5,242.0,0.0,,,,,,,,,,2017-03-22T16:01:00,,,,,,,,,,,,,,,,,,
2017-03-22 18:00:00,997.8,25.9,63.0,2.6,275.0,4.9,204.0,0.0,,,,,,,,,,2017-03-22T17:23:00,,,,,,,,,,,,,,,,,,
2017-03-22 19:00:00,998.8,23.3,74.0,2.6,286.0,5.8,289.0,0.0,,,,,,,,,,2017-03-22T18:37:00,,,,,,,,,,,,,,,,,,
2017-03-22 20:00:00,999.3,22.8,75.0,1.8,260.0,4.9,290.0,0.0,,,,,,,,,,2017-03-22T19:03:00,,,,,,,,,,,,,,,,,,
2017-03-22 21:00:00,1000.2,22.7,75.0,1.4,211.0,3.6,299.0,0.0,,,,,,,,,,2017-03-22T20:07:00,,,,,,,,,,,,,,,,,,
2017-03-22 22:00:00,1000.9,22.7,76.0,1.2,228.0,1.8,217.0,0.0,,,,,,,,,,2017-03-22T21:57:00,,,,,,,,,,,,,,,,,,
2017-03-22 23:00:00,1000.8,21.3,82.0,0.4,178.0,3.0,263.0,0.0,,,,,,,,,,2017-03-22T22:30:00,,,,,,,,,,,,,,,,,,
2017-03-23 00:00:00,1000.3,21.4,84.0,1.1,282.0,1.7,287.0,0.0,,,,,,,,,,2017-03-22T23:58:00,,,,,,,,,,,,,,,,,,
2017-03-23 01:00:00,999.6,21.3,85.0,0.6,175.0,1.8,164.0,0.0,,,,,,,,,,2017-03-23T00:52:00,,,,,,,,,,,,,,,,,,
2017-03-23 02:00:00,999.1,21.0,87.0,1.2,221.0,1.5,274.0,0.0,,,,,,,,,,2017-03-23T01:08:00,,,,,,,,,,,,,,,,,,
2017-03-23 03:00:00,998.4,20.6,89.0,0.7,311.0,1.2,297.0,0.0,,,,,,,,,,2017-03-23T02:57:00,,,,,,,,,,,,,,,,,,
2017-03-23 04:00:00,997.6,20.1,90.0,0.5,321.0,1.5,117.0,0.0,,,,,,,,,,2017-03-23T03:44:00,,,,,,,,,,,,,,,,,,
2017-03-23 05:00:00,998.0,19.6,92.0,1.7,169.0,3.0,168.0,0.0,,,,,,,,,,2017-03-23T04:27:00,,,,,,,,,,,,,,,,,,
2017-03-23 06:00:00,998.4,20.1,91.0,0.3,295.0,2.2,167.0,0.0,,,,,,,,,,2017-03-23T05:08:00,,,,,,,,,,,,,,,,,,
2017-03-23 07:00:00,998.8,20.8,88.0,1.4,229.0,2.3,249.0,0.0,,,,,,,,,,2017-03-23T06:39:00,,,,,,,,,,,,,,,,,,
2017-03-23 08:00:00,999.2,24.8,73.0,1.3,231.0,2.4,180.0,0.0,,,,,,,,,,2017-03-23T07:28:00,,,,,,,,,,,,,,,,,,
2017-03-23 09:00:00,999.0,28.2,62.0,2.2,217.0,2.9,216.0,0.0,,,,,,,,,,2017-03-23T08:58:00,,,,,,,,,,,,,,,,,,
2017-03-23 10:00:00,998.9,31.4,48.0,2.9,252.0,4.9,259.0,0.0,,,,,,,,,,2017-03-23T09:58:00,,,,,,,,,,,,,,,,,,
2017-03-23 11:00:00,998.8,32.5,45.0,2.8,280.0,7.3,292.0,0.0,,,,,,,,,,2017-03-23T10:27:00,,,,,,,,,,,,,,,,,,
2017-03-23 12:00:00,998.5,31.5,44.0,2.7,309.0,7.8,299.0,0.0,,,,,,,,,,2017-03-23T11:42:00,,,,,,,,,,,,,,,,,,
2017-03-23 13:00:00,997.8,33.7,38.0,2.6,283.0,8.0,294.0,0.0,,,,,,,,,,2017-03-23T12:13:00,,,,,,,,,,,,,,,,,,
2017-03-23 14:00:00,996.9,33.1,36.0,2.8,307.0,7.5,271.0,0.0,,,,,,,,,,2017-03-23T13:01:00,,,,,,,,,,,,,,,,,,
2017-03-23 15:00:00,996.5,32.7,36.0,3.2,286.0,7.6,270.0,0.0,,,,,,,,,,2017-03-23T14:20:00,,,,,,,,,,,,,,,,,,
2017-03-23 16:00:00,996.5,33.1,34.0,2.2,288.0,6.6,290.0,0.0,,,,,,,,,,2017-03-23T15:31:00,,,,,,,,,,,,,,,,,,
2017-03-23 17:00:00,997.7,29.5,56.0,4.8,189.0,8.2,187.0,0.0,,,,,,,,,,2017-03-23T16:35:00,,,,,,,,,,,,,,,,,,
2017-03-23 18:00:00,998.8,26.8,66.0,4.1,195.0,7.1,204.0,0.0,,,,,,,,,,2017-03-23T18:00:00,,,,,,,,,,,,,,,,,,
2017-03-23 19:00:00,999.7,25.3,71.0,1.8,176.0,6.8,201.0,0.0,,,,,,,,,,2017-03-23T18:08:00,,,,,,,,,,,,,,,,,,
2017-03-23 20:00:00,1000.3,24.7,71.0,0.5,13.0,4.1,124.0,0.0,,,,,,,,,,2017-03-23T19:06:00,,,,,,,,,,,,,,,,,,
2017-03-23 21:00:00,1001.0,24.2,72.0,1.0,74.0,3.6,225.0,0.0,,,,,,,,,,2017-03-23T20:07:00,,,,,,,,,,,,,,,,,,
2017-03-23 22:00:00,1001.2,23.7,74.0,0.9,100.0,1.9,149.0,0.0,,,,,,,,,,2017-03-23T21:57:00,,,,,,,,,,,,,,,,,,
2017-03-23 23:00:00,1001.5,23.3,76.0,0.7,91.0,1.7,260.0,0.0,,,,,,,,,,2017-03-23T22:03:00,,,,,,,,,,,,,,,,,,
2017-03-24 00:00:00,1001.5,23.5,76.0,0.9,131.0,1.8,157.0,0.0,,,,,,,,,,2017-03-23T23:57:00,,,,,,,,,,,,,,,,,,
2017-03-24 01:00:00,1001.4,22.1,83.0,0.2,0.0,1.6,22.0,0.0,,,,,,,,,,2017-03-24T00:51:00,,,,,,,,,,,,,,,,,,
2017-03-24 02:00:00,1001.2,22.6,82.0,0.0,0.0,1.1,241.0,0.0,,,,,,,,,,2017-03-24T01:22:00,,,,,,,,,,,,,,,,,,
2017-03-24 03:00:00,1000.9,22.4,84.0,0.0,0.0,0.7,126.0,0.0,,,,,,,,,,2017-03-24T02:25:00,,,,,,,,,,,,,,,,,,
2017-03-24 04:00:00,1001.1,22.3,83.0,0.0,0.0,0.9,10.0,0.0,,,,,,,,,,2017-03-24T03:42:00,,,,,,,,,,,,,,,,,,
2017-03-24 05:00:00,1001.2,22.0,84.0,1.0,68.0,1.7,69.0,0.0,,,,,,,,,,2017-03-24T04:52:00,,,,,,,,,,,,,,,,,,
2017-03-24 06:00:00,1001.9,21.5,88.0,1.4,186.0,1.8,187.0,0.0,,,,,,,,,,2017-03-24T06:00:00,,,,,,,,,,,,,,,,,,
2017-03-24 07:00:00,1002.1,21.8,86.0,0.7,280.0,2.1,181.0,0.0,,,,,,,,,,2017-03-24T06:01:00,,,,,,,,,,,,,,,,,,
2017-03-24 08:00:00,1002.5,24.2,75.0,1.0,360.0,2.6,43.0,0.0,,,,,,,,,,2017-03-24T07:21:00,,,,,,,,,,,,,,,,,,
2017-03-24 09:00:00,1002.4,27.5,56.0,0.7,291.0,2.5,79.0,0.0,,,,,,,,,,2017-03-24T08:34:00,,,,,,,,,,,,,,,,,,
2017-03-24 10:00:00,1002.0,30.5,50.0,1.5,252.0,4.0,216.0,0.0,,,,,,,,,,2017-03-24T09:34:00,,,,,,,,,,,,,,,,,,
2017-03-24 11:00:00,1001.5,32.6,41.0,3.1,215.0,5.5,259.0,0.0,,,,,,,,,,2017-03-24T10:58:00,,,,,,,,,,,,,,,,,,
2017-03-24 12:00:00,1000.6,32.1,42.0,3.4,226.0,7.1,195.0,0.0,,,,,,,,,,2017-03-24T11:27:00,,,,,,,,,,,,,,,,,,
2017-03-24 13:00:00,999.9,31.0,43.0,2.9,242.0,5.8,263.0,0.0,,,,,,,,,,2017-03-24T12:59:00,,,,,,,,,,,,,,,,,,
2017-03-24 14:00:00,999.0,31.6,44.0,3.4,229.0,6.5,308.0,0.0,,,,,,,,,,2017-03-24T13:24:00,,,,,,,,,,,,,,,,,,
2017-03-24 15:00:00,998.5,31.1,47.0,3.5,227.0,7.1,255.0,0.0,,,,,,,,,,2017-03-24T14:10:00,,,,,,,,,,,,,,,,,,
2017-03-24 16:00:00,998.4,29.8,50.0,3.3,221.0,7.0,224.0,0.0,,,,,,,,,,2017-03-24T15:15:00,,,,,,,,,,,,,,,,,,
2017-03-24 17:00:00,998.9,27.1,59.0,3.2,231.0,6.8,241.0,0.0,,,,,,,,,,2017-03-24T16:07:00,,,,,,,,,,,,,,,,,,
2017-03-24 18:00:00,999.8,24.9,68.0,2.1,281.0,6.2,220.0,0.0,,,,,,,,,,2017-03-24T17:07:00,,,,,,,,,,,,,,,,,,
2017-03-24 19:00:00,1000.5,24.1,72.0,1.7,273.0,4.3,286.0,0.0,,,,,,,,,,2017-03-24T18:01:00,,,,,,,,,,,,,,,,,,
2017-03-24 20:00:00,1001.2,23.7,73.0,1.1,281.0,3.9,270.0,0.0,,,,,,,,,,2017-03-24T19:30:00,,,,,,,,,,,,,,,,,,
2017-03-24 21:00:00,1001.7,23.4,75.0,1.1,215.0,1.5,268.0,0.0,,,,,,,,,,2017-03-24T20:05:00,,,,,,,,,,,,,,,,,,
2017-03-24 22:00:00,1001.7,22.6,78.0,0.7,84.0,1.4,91.0,0.0,,,,,,,,,,2017-03-24T21:49:00,,,,,,,,,,,,,,,,,,
2017-03-24 23:00:00,1001.6,22.9,76.0,0.2,0.0,1.3,77.0,0.0,,,,,,,,,,2017-03-24T22:01:00,,,,,,,,,,,,,,,,,,
2017-03-25 00:00:00,1001.5,21.6,83.0,0.5,28.0,1.4,299.0,0.0,,,,,,,,,,2017-03-24T23:43:00,,,,,,,,,,,,,,,,,,
2017-03-25 01:00:00,1001.1,21.7,82.0,0.5,86.0,1.5,122.0,0.0,,,,,,,,,,2017-03-25T00:16:00,,,,,,,,,,,,,,,,,,
2017-03-25 02:00:00,1001.1,21.5,84.0,0.6,50.0,1.8,14.0,0.0,,,,,,,,,,2017-03-25T01:21:00,,,,,,,,,,,,,,,,,,
2017-03-25 03:00:00,1000.8,21.6,83.0,1.0,39.0,2.1,84.0,0.0,,,,,,,,,,2017-03-25T02:24:00,,,,,,,,,,,,,,,,,,
2017-03-25 04:00:00,1000.3,21.6,82.0,0.7,149.0,2.5,68.0,0.0,,,,,,,,,,2017-03-25T03:18:00,,,,,,,,,,,,,,,,,,
2017-03-25 05:00:00,1000.8,20.9,87.0,1.0,233.0,1.7,260.0,0.0,,,,,,,,,,2017-03-25T04:40:00,,,,,,,,,,,,,,,,,,
2017-03-25 06:00:00,1001.0,20.6,87.0,0.4,44.0,1.9,123.0,0.0,,,,,,,,,,2017-03-25T05:15:00,,,,,,,,,,,,,,,,,,
2017-03-25 07:00:00,1001.4,21.4,84.0,1.1,73.0,2.5,57.0,0.0,,,,,,,,,,2017-03-25T06:39:00,,,,,,,,,,,,,,,,,,
2017-03-25 08:00:00,1002.1,24.3,71.0,0.6,232.0,2.2,57.0,0.0,,,,,,,,,,2017-03-25T07:02:00,,,,,,,,,,,,,,,,,,
2017-03-25 09:00:00,1001.8,27.2,60.0,1.7,208.0,3.6,228.0,0.0,,,,,,,,,,2017-03-25T08:50:00,,,,,,,,,,,,,,,,,,
2017-03-25 10:00:00,1001.5,28.2,52.0,1.2,23.0,4.0,220.0,0.0,,,,,,,,,,2017-03-25T09:03:00,,,,,,,,,,,,,,,,,,
2017-03-25 11:00:00,1001.0,29.6,51.0,3.1,269.0,6.5,249.0,0.0,,,,,,,,,,2017-03-25T10:59:00,,,,,,,,,,,,,,,,,,
2017-03-25 12:00:00,1000.8,29.9,53.0,4.2,285.0,9.1,294.0,0.0,,,,,,,,,,2017-03-25T11:43:00,,,,,,,,,,,,,,,,,,
2017-03-25 13:00:00,1000.0,30.1,50.0,2.1,297.0,7.8,287.0,0.0,,,,,,,,,,2017-03-25T12:14:00,,,,,,,,,,,,,,,,,,
2017-03-25 14:00:00,999.9,29.3,52.0,3.0,289.0,9.7,267.0,0.0,,,,,,,,,,2017-03-25T13:27:00,,,,,,,,,,,,,,,,,,
2017-03-25 15:00:00,999.2,30.2,46.0,2.9,275.0,7.5,273.0,0.0,,,,,,,,,,2017-03-25T14:37:00,,,,,,,,,,,,,,,,,,
2017-03-25 16:00:00,999.1,29.1,50.0,3.1,292.0,8.0,278.0,0.0,,,,,,,,,,2017-03-25T15:21:00,,,,,,,,,,,,,,,,,,
2017-03-25 17:00:00,999.4,26.5,57.0,3.2,287.0,7.1,293.0,0.0,,,,,,,,,,2017-03-25T16:04:00,,,,,,,,,,,,,,,,,,
2017-03-25 18:00:00,1000.0,23.2,64.0,2.9,286.0,7.4,294.0,0.0,,,,,,,,,,2017-03-25T17:27:00,,,,,,,,,,,,,,,,,,
2017-03-25 19:00:00,1000.9,21.6,67.0,1.5,224.0,5.3,288.0,0.0,,,,,,,,,,2017-03-25T18:35:00,,,,,,,,,,,,,,,,,,
2017-03-25 20:00:00,1001.7,21.0,69.0,2.1,223.0,3.0,221.0,0.0,,,,,,,,,,2017-03-25T19:51:00,,,,,,,,,,,,,,,,,,
2017-03-25 21:00:00,1002.4,20.6,70.0,1.2,72.0,3.5,223.0,0.0,,,,,,,,,,2017-03-25T20:06:00,,,,,,,,,,,,,,,,,,
2017-03-25 22:00:00,1002.8,20.7,72.0,2.3,205.0,3.3,206.0,0.0,,,,,,,,,,2017-03-25T21:59:00,,,,,,,,,,,,,,,,,,
2017-03-25 23:00:00,1002.9,18.8,74.0,2.2,197.0,3.7,196.0,0.0,,,,,,,,,,2017-03-25T22:22:00,,,,,,,,,,,,,,,,,,
2017-03-26 00:00:00,1002.7,18.1,76.0,1.6,209.0,3.7,175.0,0.0,,,,,,,,,,2017-03-25T23:05:00,,,,,,,,,,,,,,,,,,
2017-03-26 01:00:00,,,,,,,,0.0,,,,,,,,,,,,,,,,,,,,,,,,,,,,
2017-03-26 02:00:00,,,,,,,,0.0,,,,,,,,,,,,,,,,,,,,,,,,,,,,
2017-03-26 03:00:00,,,,,,,,0.0,,,,,,,,,,,,,,,,,,,,,,,,,,,,
2017-03-26 04:00:00,,,,,,,,0.0,,,,,,,,,,,,,,,,,,,,,,,,,,,,
2017-03-26 05:00:00,,,,,,,,0.0,,,,,,,,,,,,,,,,,,,,,,,,,,,,
2017-03-26 06:00:00,,,,,,,,0.0,,,,,,,,,,,,,,,,,,,,,,,,,,,,
2017-03-26 07:00:00,,,,,,,,0.0,,,,,,,,,,,,,,,,,,,,,,,,,,,,
2017-03-26 08:00:00,,,,,,,,0.5,,,,,,,,,,,,,,,,,,,,,,,,,,,,
2017-03-26 09:00:00,,,,,,,,0.0,,,,,,,,,,,,,,,,,,,,,,,,,,,,
2017-03-26 10:00:00,,,,,,,,0.0,,,,,,,,,,,,,,,,,,,,,,,,,,,,
2017-03-26 11:00:00,,,,,,,,0.5,,,,,,,,,,,,,,,,,,,,,,,,,,,,
2017-03-26 12:00:00,,,,,,,,0.5,,,,,,,,,,,,,,,,,,,,,,,,,,,,
2017-03-26 13:00:00,,,,,,,,0.0,,,,,,,,,,,,,,,,,,,,,,,,,,,,
2017-03-26 14:00:00,,,,,,,,0.5,,,,,,,,,,,,,,,,,,,,,,,,,,,,
2017-03-26 15:00:00,,,,,,,,0.0,,,,,,,,,,,,,,,,,,,,,,,,,,,,
2017-03-26 16:00:00,,,,,,,,0.5,,,,,,,,,,,,,,,,,,,,,,,,,,,,
2017-03-26 17:00:00,,,,,,,,0.0,,,,,,,,,,,,,,,,,,,,,,,,,,,,
2017-03-26 18:00:00,,,,,,,,0.0,,,,,,,,,,,,,,,,,,,,,,,,,,,,
2017-03-26 19:00:00,,,,,,,,0.0,,,,,,,,,,,,,,,,,,,,,,,,,,,,
2017-03-26 20:00:00,,,,,,,,0.0,,,,,,,,,,,,,,,,,,,,,,,,,,,,
2017-03-26 21:00:00,,,,,,,,0.5,,,,,,,,,,,,,,,,,,,,,,,,,,,,
2017-03-26 22:00:00,,,,,,,,0.0,,,,,,,,,,,,,,,,,,,,,,,,,,,,
2017-03-26 23:00:00,,,,,,,,0.0,,,,,,,,,,,,,,,,,,,,,,,,,,,,
2017-03-27 00:00:00,,,,,,,,0.0,,,,,,,,,,,,,,,,,,,,,,,,,,,,
2017-03-27 01:00:00,1007.7,17.7,95.0,1.1,6.0,2.0,20.0,0.0,,,,,,,,,,2017-03-27T00:56:00,,,,,,,,,,,,,,,,,,
2017-03-27 02:00:00,1006.9,17.9,92.0,1.2,52.0,2.2,55.0,0.0,,,,,,,,,,2017-03-27T01:46:00,,,,,,,,,,,,,,,,,,
2017-03-27 03:00:00,1006.6,18.1,90.0,0.9,68.0,2.5,351.0,0.0,,,,,,,,,,2017-03-27T02:31:00,,,,,,,,,,,,,,,,,,
2017-03-27 04:00:00,1006.8,17.9,92.0,1.0,82.0,2.0,17.0,0.0,,,,,,,,,,2017-03-27T03:27:00,,,,,,,,,,,,,,,,,,
2017-03-27 05:00:00,1006.8,17.3,93.0,1.0,67.0,1.8,71.0,0.0,,,,,,,,,,2017-03-27T04:56:00,,,,,,,,,,,,,,,,,,
2017-03-27 06:00:00,1007.2,16.3,95.0,1.0,77.0,1.3,80.0,0.0,,,,,,,,,,2017-03-27T06:00:00,,,,,,,,,,,,,,,,,,
2017-03-27 07:00:00,1008.0,17.0,95.0,0.9,65.0,1.7,67.0,0.0,,,,,,,,,,2017-03-27T07:00:00,,,,,,,,,,,,,,,,,,
2017-03-27 08:00:00,1008.4,20.2,79.0,1.2,32.0,2.3,60.0,0.0,,,,,,,,,,2017-03-27T07:39:00,,,,,,,,,,,,,,,,,,
2017-03-27 09:00:00,1008.5,22.8,63.0,1.2,237.0,2.1,6.0,0.0,,,,,,,,,,2017-03-27T08:16:00,,,,,,,,,,,,,,,,,,
2017-03-27 10:00:00,1008.7,25.2,54.0,1.2,276.0,4.0,214.0,0.0,,,,,,,,,,2017-03-27T09:15:00,,,,,,,,,,,,,,,,,,
2017-03-27 11:00:00,1008.5,25.2,54.0,1.4,287.0,4.1,250.0,0.0,,,,,,,,,,2017-03-27T10:39:00,,,,,,,,,,,,,,,,,,
2017-03-27 12:00:00,1007.6,28.0,45.0,2.1,260.0,4.5,212.0,0.0,,,,,,,,,,2017-03-27T11:57:00,,,,,,,,,,,,,,,,,,
2017-03-27 13:00:00,1006.4,29.9,41.0,2.3,231.0,5.5,203.0,0.0,,,,,,,,,,2017-03-27T12:22:00,,,,,,,,,,,,,,,,,,
2017-03-27 14:00:00,1005.4,29.5,38.0,1.6,289.0,4.7,231.0,0.0,,,,,,,,,,2017-03-27T13:13:00,,,,,,,,,,,,,,,,,,
2017-03-27 15:00:00,1004.7,27.6,45.0,2.8,238.0,6.7,211.0,0.0,,,,,,,,,,2017-03-27T14:38:00,,,,,,,,,,,,,,,,,,
2017-03-27 16:00:00,1004.7,28.0,43.0,3.9,227.0,6.5,231.0,0.0,,,,,,,,,,2017-03-27T15:55:00,,,,,,,,,,,,,,,,,,
2017-03-27 17:00:00,1005.2,24.7,51.0,3.3,217.0,7.3,210.0,0.0,,,,,,,,,,2017-03-27T16:05:00,,,,,,,,,,,,,,,,,,
2017-03-27 18:00:00,1005.7,23.4,54.0,2.6,216.0,5.1,210.0,0.0,,,,,,,,,,2017-03-27T17:33:00,,,,,,,,,,,,,,,,,,
2017-03-27 19:00:00,1006.1,22.4,59.0,1.7,215.0,3.9,213.0,0.0,,,,,,,,,,2017-03-27T18:01:00,,,,,,,,,,,,,,,,,,
2017-03-27 20:00:00,1006.9,21.4,64.0,0.9,223.0,2.6,202.0,0.0,,,,,,,,,,2017-03-27T19:01:00,,,,,,,,,,,,,,,,,,
2017-03-27 21:00:00,1007.5,21.5,62.0,0.5,186.0,1.7,204.0,0.0,,,,,,,,,,2017-03-27T20:54:00,,,,,,,,,,,,,,,,,,
2017-03-27 22:00:00,1007.7,21.2,66.0,0.7,92.0,1.4,89.0,0.0,,,,,,,,,,2017-03-27T21:53:00,,,,,,,,,,,,,,,,,,
2017-03-27 23:00:00,1007.6,20.6,70.0,0.9,137.0,1.8,76.0,0.0,,,,,,,,,,2017-03-27T22:22:00,,,,,,,,,,,,,,,,,,
2017-03-28 00:00:00,1007.5,19.9,73.0,0.1,0.0,1.8,302.0,0.0,,,,,,,,,,2017-03-27T23:06:00,,,,,,,,,,,,,,,,,,
2017-03-28 01:00:00,1007.5,19.9,73.0,0.8,58.0,1.9,64.0,0.0,,,,,,,,,,2017-03-28T00:24:00,,,,,,,,,,,,,,,,,,
2017-03-28 02:00:00,1006.9,19.4,75.0,1.3,58.0,2.6,52.0,0.0,,,,,,,,,,2017-03-28T01:50:00,,,,,,,,,,,,,,,,,,
2017-03-28 03:00:00,1006.2,17.5,84.0,1.0,62.0,2.2,63.0,0.0,,,,,,,,,,2017-03-28T02:05:00,,,,,,,,,,,,,,,,,,
2017-03-28 04:00:00,1005.8,16.8,87.0,0.8,68.0,1.6,81.0,0.0,,,,,,,,,,2017-03-28T03:01:00,,,,,,,,,,,,,,,,,,
2017-03-28 05:00:00,1005.7,16.5,87.0,0.0,0.0,2.6,59.0,0.0,,,,,,,,,,2017-03-28T04:38:00,,,,,,,,,,,,,,,,,,
2017-03-28 06:00:00,1006.2,16.3,88.0,1.2,57.0,1.7,80.0,0.0,,,,,,,,,,2017-03-28T05:41:00,,,,,,,,,,,,,,,,,,
2017-03-28 07:00:00,1006.5,17.3,85.0,0.6,83.0,2.5,56.0,0.0,,,,,,,,,,2017-03-28T06:07:00,,,,,,,,,,,,,,,,,,
2017-03-28 08:00:00,1007.1,21.0,68.0,0.2,0.0,2.5,72.0,0.0,,,,,,,,,,2017-03-28T07:36:00,,,,,,,,,,,,,,,,,,
2017-03-28 09:00:00,1007.1,23.3,54.0,0.6,221.0,1.7,8.0,0.0,,,,,,,,,,2017-03-28T08:46:00,,,,,,,,,,,,,,,,,,
2017-03-28 10:00:00,1006.8,26.4,45.0,1.1,273.0,3.6,212.0,0.0,,,,,,,,,,2017-03-28T09:48:00,,,,,,,,,,,,,,,,,,
2017-03-28 11:00:00,1006.0,27.7,44.0,1.5,242.0,4.6,225.0,0.0,,,,,,,,,,2017-03-28T10:20:00,,,,,,,,,,,,,,,,,,
2017-03-28 12:00:00,1005.2,29.3,39.0,2.2,189.0,4.7,196.0,0.0,,,,,,,,,,2017-03-28T11:33:00,,,,,,,,,,,,,,,,,,
2017-03-28 13:00:00,1004.0,29.2,37.0,1.3,179.0,4.7,214.0,0.0,,,,,,,,,,2017-03-28T12:45:00,,,,,,,,,,,,,,,,,,
2017-03-28 14:00:00,1002.8,29.6,38.0,3.0,217.0,7.0,211.0,0.0,,,,,,,,,,2017-03-28T13:15:00,,,,,,,,,,,,,,,,,,
2017-03-28 15:00:00,1002.6,27.3,49.0,3.9,231.0,7.6,216.0,0.0,,,,,,,,,,2017-03-28T14:45:00,,,,,,,,,,,,,,,,,,
2017-03-28 16:00:00,1002.6,25.1,52.0,2.6,277.0,6.7,287.0,0.0,,,,,,,,,,2017-03-28T15:37:00,,,,,,,,,,,,,,,,,,
2017-03-28 17:00:00,1002.7,24.8,53.0,3.0,280.0,5.1,288.0,0.0,,,,,,,,,,2017-03-28T16:56:00,,,,,,,,,,,,,,,,,,
2017-03-28 18:00:00,1003.0,23.1,58.0,0.9,295.0,4.8,292.0,0.0,,,,,,,,,,2017-03-28T17:02:00,,,,,,,,,,,,,,,,,,
2017-03-28 19:00:00,1003.6,21.8,63.0,1.4,227.0,3.0,267.0,0.0,,,,,,,,,,2017-03-28T18:17:00,,,,,,,,,,,,,,,,,,
2017-03-28 20:00:00,1004.5,21.1,67.0,1.2,190.0,2.4,220.0,0.0,,,,,,,,,,2017-03-28T19:04:00,,,,,,,,,,,,,,,,,,
2017-03-28 21:00:00,1005.0,20.2,68.0,0.2,0.0,1.8,182.0,0.0,,,,,,,,,,2017-03-28T20:16:00,,,,,,,,,,,,,,,,,,
2017-03-28 22:00:00,1005.4,19.6,73.0,1.1,69.0,2.0,63.0,0.0,,,,,,,,,,2017-03-28T21:55:00,,,,,,,,,,,,,,,,,,
2017-03-28 23:00:00,1005.4,19.4,74.0,1.0,7.0,1.9,117.0,0.0,,,,,,,,,,2017-03-28T22:42:00,,,,,,,,,,,,,,,,,,
2017-03-29 00:00:00,1005.3,19.2,75.0,1.2,70.0,2.1,57.0,0.0,,,,,,,,,,2017-03-28T23:55:00,,,,,,,,,,,,,,,,,,
2017-03-29 01:00:00,1004.8,19.1,76.0,0.7,352.0,2.4,62.0,0.0,,,,,,,,,,2017-03-29T00:29:00,,,,,,,,,,,,,,,,,,
2017-03-29 02:00:00,1004.6,19.1,74.0,0.8,70.0,1.9,79.0,0.0,,,,,,,,,,2017-03-29T01:03:00,,,,,,,,,,,,,,,,,,
2017-03-29 03:00:00,1003.5,19.1,79.0,1.1,54.0,2.7,47.0,0.0,,,,,,,,,,2017-03-29T02:45:00,,,,,,,,,,,,,,,,,,
2017-03-29 04:00:00,1003.8,18.5,85.0,0.3,210.0,2.0,197.0,0.0,,,,,,,,,,2017-03-29T03:30:00,,,,,,,,,,,,,,,,,,
2017-03-29 05:00:00,1004.0,18.7,85.0,0.9,43.0,2.1,91.0,0.0,,,,,,,,,,2017-03-29T04:26:00,,,,,,,,,,,,,,,,,,
2017-03-29 06:00:00,1004.4,18.5,86.0,0.2,0.0,2.5,8.0,0.0,,,,,,,,,,2017-03-29T05:35:00,,,,,,,,,,,,,,,,,,
2017-03-29 07:00:00,1005.7,19.2,82.0,0.7,60.0,1.8,60.0,0.0,,,,,,,,,,2017-03-29T06:40:00,,,,,,,,,,,,,,,,,,
2017-03-29 08:00:00,1006.1,20.5,76.0,1.1,40.0,2.8,57.0,0.0,,,,,,,,,,2017-03-29T07:32:00,,,,,,,,,,,,,,,,,,
2017-03-29 09:00:00,1006.0,22.1,68.0,0.5,345.0,2.8,59.0,0.0,,,,,,,,,,2017-03-29T08:31:00,,,,,,,,,,,,,,,,,,
2017-03-29 10:00:00,1006.5,24.9,59.0,2.0,209.0,3.1,206.0,0.0,,,,,,,,,,2017-03-29T09:46:00,,,,,,,,,,,,,,,,,,
2017-03-29 11:00:00,1006.5,26.2,51.0,1.4,221.0,3.4,220.0,0.0,,,,,,,,,,2017-03-29T10:38:00,,,,,,,,,,,,,,,,,,
2017-03-29 12:00:00,1005.7,28.1,43.0,1.9,249.0,4.3,234.0,0.0,,,,,,,,,,2017-03-29T11:34:00,,,,,,,,,,,,,,,,,,
2017-03-29 13:00:00,1004.3,31.5,31.0,2.3,238.0,4.8,279.0,0.0,,,,,,,,,,2017-03-29T12:44:00,,,,,,,,,,,,,,,,,,
2017-03-29 14:00:00,1003.4,32.0,31.0,1.4,202.0,4.1,166.0,0.0,,,,,,,,,,2017-03-29T13:23:00,,,,,,,,,,,,,,,,,,
2017-03-29 15:00:00,1002.5,31.8,32.0,1.5,212.0,5.5,246.0,0.0,,,,,,,,,,2017-03-29T14:27:00,,,,,,,,,,,,,,,,,,
2017-03-29 16:00:00,1002.5,30.3,35.0,1.5,257.0,4.7,203.0,0.0,,,,,,,,,,2017-03-29T15:11:00,,,,,,,,,,,,,,,,,,
2017-03-29 17:00:00,1002.6,28.9,38.0,1.7,289.0,4.3,302.0,0.0,,,,,,,,,,2017-03-29T16:17:00,,,,,,,,,,,,,,,,,,
2017-03-29 18:00:00,1003.1,26.9,44.0,1.0,283.0,4.0,291.0,0.0,,,,,,,,,,2017-03-29T17:27:00,,,,,,,,,,,,,,,,,,
2017-03-29 19:00:00,1003.7,25.0,54.0,1.0,311.0,3.8,224.0,0.0,,,,,,,,,,2017-03-29T18:39:00,,,,,,,,,,,,,,,,,,
2017-03-29 20:00:00,1004.5,23.8,58.0,2.2,138.0,4.3,147.0,0.0,,,,,,,,,,2017-03-29T19:53:00,,,,,,,,,,,,,,,,,,
2017-03-29 21:00:00,1005.4,23.0,62.0,0.6,302.0,4.6,115.0,0.0,,,,,,,,,,2017-03-29T20:13:00,,,,,,,,,,,,,,,,,,
2017-03-29 22:00:00,1005.6,21.7,70.0,0.6,19.0,1.7,61.0,0.0,,,,,,,,,,2017-03-29T21:23:00,,,,,,,,,,,,,,,,,,
2017-03-29 23:00:00,1005.8,21.1,71.0,1.2,42.0,2.5,66.0,0.0,,,,,,,,,,2017-03-29T22:36:00,,,,,,,,,,,,,,,,,,
2017-03-30 00:00:00,1005.5,20.2,74.0,1.3,48.0,3.1,53.0,0.0,,,,,,,,,,2017-03-29T23:36:00,,,,,,,,,,,,,,,,,,
2017-03-30 01:00:00,1005.1,19.9,75.0,1.3,47.0,2.7,67.0,0.0,,,,,,,,,,2017-03-30T00:20:00,,,,,,,,,,,,,,,,,,
2017-03-30 02:00:00,1004.4,19.6,76.0,1.7,50.0,3.8,65.0,0.0,,,,,,,,,,2017-03-30T01:32:00,,,,,,,,,,,,,,,,,,
2017-03-30 03:00:00,1003.9,19.0,78.0,1.4,74.0,3.5,63.0,0.0,,,,,,,,,,2017-03-30T02:14:00,,,,,,,,,,,,,,,,,,
2017-03-30 04:00:00,1004.1,18.1,82.0,0.9,96.0,2.3,66.0,0.0,,,,,,,,,,2017-03-30T03:01:00,,,,,,,,,,,,,,,,,,
2017-03-30 05:00:00,1004.4,18.9,77.0,0.9,57.0,2.5,49.0,0.0,,,,,,,,,,2017-03-30T04:38:00,,,,,,,,,,,,,,,,,,
2017-03-30 06:00:00,1004.3,17.7,84.0,0.1,0.0,1.7,63.0,0.0,,,,,,,,,,2017-03-30T05:02:00,,,,,,,,,,,,,,,,,,
2017-03-30 07:00:00,1004.7,18.6,83.0,0.0,0.0,1.6,348.0,0.0,,,,,,,,,,2017-03-30T06:38:00,,,,,,,,,,,,,,,,,,
2017-03-30 08:00:00,1005.3,22.7,64.0,1.0,244.0,1.8,218.0,0.0,,,,,,,,,,2017-03-30T07:55:00,,,,,,,,,,,,,,,,,,
2017-03-30 09:00:00,1005.3,26.8,51.0,1.6,246.0,2.9,255.0,0.0,,,,,,,,,,2017-03-30T08:57:00,,,,,,,,,,,,,,,,,,
2017-03-30 10:00:00,1005.0,29.1,44.0,3.0,218.0,4.8,201.0,0.0,,,,,,,,,,2017-03-30T09:32:00,,,,,,,,,,,,,,,,,,
2017-03-30 11:00:00,1004.4,30.1,40.0,1.9,239.0,4.5,232.0,0.0,,,,,,,,,,2017-03-30T10:08:00,,,,,,,,,,,,,,,,,,
2017-03-30 12:00:00,1003.5,31.2,36.0,1.5,196.0,4.7,192.0,0.0,,,,,,,,,,2017-03-30T11:54:00,,,,,,,,,,,,,,,,,,
2017-03-30 13:00:00,1002.4,31.3,41.0,3.7,217.0,6.8,223.0,0.0,,,,,,,,,,2017-03-30T12:54:00,,,,,,,,,,,,,,,,,,
2017-03-30 14:00:00,1001.6,29.7,46.0,2.7,262.0,6.0,243.0,0.0,,,,,,,,,,2017-03-30T13:03:00,,,,,,,,,,,,,,,,,,
2017-03-30 15:00:00,1001.3,29.3,47.0,2.1,258.0,5.0,266.0,0.0,,,,,,,,,,2017-03-30T14:08:00,,,,,,,,,,,,,,,,,,
2017-03-30 16:00:00,1001.3,26.6,54.0,1.8,276.0,4.5,297.0,0.0,,,,,,,,,,2017-03-30T15:22:00,,,,,,,,,,,,,,,,,,
2017-03-30 17:00:00,1001.3,26.4,55.0,2.0,257.0,4.4,264.0,0.0,,,,,,,,,,2017-03-30T16:32:00,,,,,,,,,,,,,,,,,,
2017-03-30 18:00:00,1001.1,25.3,64.0,1.7,227.0,3.2,241.0,0.0,,,,,,,,,,2017-03-30T17:32:00,,,,,,,,,,,,,,,,,,
2017-03-30 19:00:00,1001.3,24.3,66.0,0.3,357.0,2.6,227.0,0.0,,,,,,,,,,2017-03-30T18:05:00,,,,,,,,,,,,,,,,,,
2017-03-30 20:00:00,1002.1,23.6,69.0,0.3,332.0,1.3,292.0,0.0,,,,,,,,,,2017-03-30T19:23:00,,,,,,,,,,,,,,,,,,
2017-03-30 21:00:00,1002.7,23.1,73.0,1.0,71.0,2.2,70.0,0.0,,,,,,,,,,2017-03-30T20:34:00,,,,,,,,,,,,,,,,,,
2017-03-30 22:00:00,1003.0,23.3,70.0,0.4,71.0,2.1,63.0,0.0,,,,,,,,,,2017-03-30T21:04:00,,,,,,,,,,,,,,,,,,
2017-03-30 23:00:00,1002.7,23.1,70.0,1.2,70.0,2.2,82.0,0.0,,,,,,,,,,2017-03-30T22:21:00,,,,,,,,,,,,,,,,,,
2017-03-31 00:00:00,1001.8,21.4,80.0,0.7,335.0,2.3,52.0,0.0,,,,,,,,,,2017-03-30T23:04:00,,,,,,,,,,,,,,,,,,
2017-03-31 01:00:00,1001.1,21.1,79.0,1.5,66.0,2.3,74.0,0.0,,,,,,,,,,2017-03-31T00:59:00,,,,,,,,,,,,,,,,,,
2017-03-31 02:00:00,1000.1,20.1,83.0,0.4,129.0,2.4,1.0,0.0,,,,,,,,,,2017-03-31T01:13:00,,,,,,,,,,,,,,,,,,
2017-03-31 03:00:00,999.1,19.9,85.0,1.0,64.0,2.7,351.0,0.0,,,,,,,,,,2017-03-31T02:45:00,,,,,,,,,,,,,,,,,,
2017-03-31 04:00:00,998.5,19.7,84.0,1.0,320.0,1.9,65.0,0.0,,,,,,,,,,2017-03-31T03:22:00,,,,,,,,,,,,,,,,,,
2017-03-31 05:00:00,998.7,19.7,82.0,1.1,46.0,2.7,20.0,0.0,,,,,,,,,,2017-03-31T04:06:00,,,,,,,,,,,,,,,,,,
2017-03-31 06:00:00,999.5,19.6,81.0,2.0,51.0,3.7,47.0,0.0,,,,,,,,,,2017-03-31T05:20:00,,,,,,,,,,,,,,,,,,
2017-03-31 07:00:00,1000.4,20.6,78.0,1.4,55.0,3.8,63.0,0.0,,,,,,,,,,2017-03-31T06:02:00,,,,,,,,,,,,,,,,,,
2017-03-31 08:00:00,1000.7,24.6,60.0,0.5,38.0,3.4,83.0,0.0,,,,,,,,,,2017-03-31T07:12:00,,,,,,,,,,,,,,,,,,
2017-03-31 09:00:00,1000.9,28.1,51.0,1.3,271.0,2.8,285.0,0.0,,,,,,,,,,2017-03-31T08:53:00,,,,,,,,,,,,,,,,,,
2017-03-31 10:00:00,1000.7,30.8,44.0,1.6,202.0,4.0,239.0,0.0,,,,,,,,,,2017-03-31T09:36:00,,,,,,,,,,,,,,,,,,
2017-03-31 11:00:00,999.6,31.6,41.0,1.2,310.0,4.2,216.0,0.0,,,,,,,,,,2017-03-31T10:20:00,,,,,,,,,,,,,,,,,,
2017-03-31 12:00:00,998.7,32.6,40.0,2.1,277.0,7.9,241.0,0.0,,,,,,,,,,2017-03-31T11:47:00,,,,,,,,,,,,,,,,,,
2017-03-31 13:00:00,997.9,34.3,39.0,3.3,250.0,6.5,296.0,0.0,,,,,,,,,,2017-03-31T12:23:00,,,,,,,,,,,,,,,,,,
2017-03-31 14:00:00,996.9,33.4,40.0,3.0,274.0,6.7,238.0,0.0,,,,,,,,,,2017-03-31T13:45:00,,,,,,,,,,,,,,,,,,
2017-03-31 15:00:00,996.4,31.7,48.0,2.4,278.0,6.9,284.0,0.0,,,,,,,,,,2017-03-31T14:06:00,,,,,,,,,,,,,,,,,,
2017-03-31 16:00:00,996.5,30.1,55.0,2.7,291.0,8.1,292.0,0.0,,,,,,,,,,2017-03-31T15:34:00,,,,,,,,,,,,,,,,,,
2017-03-31 17:00:00,996.9,28.2,60.0,1.5,309.0,7.9,295.0,0.0,,,,,,,,,,2017-03-31T16:06:00,,,,,,,,,,,,,,,,,,
2017-03-31 18:00:00,997.5,26.0,66.0,1.7,306.0,5.7,294.0,0.0,,,,,,,,,,2017-03-31T17:35:00,,,,,,,,,,,,,,,,,,
2017-03-31 19:00:00,998.0,25.3,71.0,1.3,299.0,5.3,292.0,0.0,,,,,,,,,,2017-03-31T18:05:00,,,,,,,,,,,,,,,,,,
2017-03-31 20:00:00,998.1,24.1,76.0,1.1,258.0,3.9,292.0,0.0,,,,,,,,,,2017-03-31T19:01:00,,,,,,,,,,,,,,,,,,
2017-03-31 21:00:00,998.7,23.1,79.0,1.3,147.0,2.5,146.0,0.0,,,,,,,,,,2017-03-31T20:54:00,,,,,,,,,,,,,,,,,,
2017-03-31 22:00:00,999.5,22.5,76.0,2.5,204.0,4.0,215.0,0.0,,,,,,,,,,2017-03-31T21:47:00,,,,,,,,,,,,,,,,,,
2017-03-31 23:00:00,1000.1,20.1,75.0,2.2,204.0,4.5,200.0,0.0,,,,,,,,,,2017-03-31T22:11:00,,,,,,,,,,,,,,,,,,
2017-04-01 00:00:00,1000.3,17.9,80.0,1.7,273.0,5.5,271.0,0.0,,,,,,,,,,2017-03-31T23:28:00,,,,,,,,,,,,,,,,,,
2017-04-01 01:00:00,1000.4,18.0,79.0,0.9,139.0,3.3,242.0,0.0,,,,,,,,,,2017-04-01T00:09:00,,,,,,,,,,,,,,,,,,
2017-04-01 02:00:00,999.7,18.1,77.0,1.7,50.0,3.5,59.0,0.0,,,,,,,,,,2017-04-01T01:54:00,,,,,,,,,,,,,,,,,,
2017-04-01 03:00:00,999.8,18.6,75.0,1.0,260.0,2.3,71.0,0.0,,,,,,,,,,2017-04-01T02:01:00,,,,,,,,,,,,,,,,,,
2017-04-01 04:00:00,1000.5,17.4,73.0,1.6,293.0,4.9,339.0,0.0,,,,,,,,,,2017-04-01T03:34:00,,,,,,,,,,,,,,,,,,
2017-04-01 05:00:00,1001.5,15.5,92.0,1.6,190.0,3.1,285.0,1.0,,,,,,,,,,2017-04-01T04:12:00,,,,,,,,,,,,,,,,,,
2017-04-01 06:00:00,1000.6,15.7,93.0,0.8,24.0,3.1,164.0,2.0,,,,,,,,,,2017-04-01T05:03:00,,,,,,,,,,,,,,,,,,
2017-04-01 07:00:00,1001.7,15.9,94.0,0.9,202.0,2.9,268.0,1.0,,,,,,,,,,2017-04-01T06:17:00,,,,,,,,,,,,,,,,,,
2017-04-01 08:00:00,1002.9,16.6,94.0,1.8,285.0,2.5,305.0,0.5,,,,,,,,,,2017-04-01T07:58:00,,,,,,,,,,,,,,,,,,
2017-04-01 09:00:00,1003.8,16.2,92.0,1.6,209.0,3.9,271.0,0.0,,,,,,,,,,2017-04-01T08:14:00,,,,,,,,,,,,,,,,,,
2017-04-01 10:00:00,1004.0,16.6,88.0,0.2,0.0,2.3,224.0,0.0,,,,,,,,,,2017-04-01T09:01:00,,,,,,,,,,,,,,,,,,
2017-04-01 11:00:00,1003.4,17.6,87.0,1.0,302.0,2.1,294.0,0.0,,,,,,,,,,2017-04-01T10:51:00,,,,,,,,,,,,,,,,,,
2017-04-01 12:00:00,1003.6,18.7,81.0,1.0,181.0,2.5,276.0,0.0,,,,,,,,,,2017-04-01T11:12:00,,,,,,,,,,,,,,,,,,
2017-04-01 13:00:00,1002.7,18.1,83.0,2.3,69.0,3.9,56.0,0.0,,,,,,,,,,2017-04-01T12:58:00,,,,,,,,,,,,,,,,,,
2017-04-01 14:00:00,1002.5,18.9,79.0,1.5,22.0,3.8,49.0,0.0,,,,,,,,,,2017-04-01T13:01:00,,,,,,,,,,,,,,,,,,
2017-04-01 15:00:00,1002.7,19.7,74.0,1.0,23.0,2.6,9.0,0.0,,,,,,,,,,2017-04-01T14:01:00,,,,,,,,,,,,,,,,,,
2017-04-01 16:00:00,1002.6,20.8,69.0,0.9,5.0,1.9,69.0,0.0,,,,,,,,,,2017-04-01T15:23:00,,,,,,,,,,,,,,,,,,
2017-04-01 17:00:00,1002.6,21.6,67.0,0.4,212.0,1.6,258.0,0.0,,,,,,,,,,2017-04-01T16:24:00,,,,,,,,,,,,,,,,,,
2017-04-01 18:00:00,1002.9,20.2,72.0,0.5,240.0,1.9,201.0,0.0,,,,,,,,,,2017-04-01T17:18:00,,,,,,,,,,,,,,,,,,
2017-04-01 19:00:00,1003.3,18.4,80.0,0.8,91.0,1.7,252.0,0.0,,,,,,,,,,2017-04-01T18:27:00,,,,,,,,,,,,,,,,,,
2017-04-01 20:00:00,1003.9,17.9,83.0,0.7,89.0,1.4,94.0,0.0,,,,,,,,,,2017-04-01T19:19:00,,,,,,,,,,,,,,,,,,
2017-04-01 21:00:00,1004.5,16.9,90.0,0.1,0.0,1.5,56.0,0.0,,,,,,,,,,2017-04-01T20:07:00,,,,,,,,,,,,,,,,,,
2017-04-01 22:00:00,1005.0,15.9,91.0,0.5,16.0,1.6,75.0,0.0,,,,,,,,,,2017-04-01T21:16:00,,,,,,,,,,,,,,,,,,
2017-04-01 23:00:00,1004.9,15.4,93.0,0.6,111.0,1.7,32.0,0.0,,,,,,,,,,2017-04-01T22:28:00,,,,,,,,,,,,,,,,,,
2017-04-02 00:00:00,1004.9,15.1,94.0,0.7,349.0,1.2,85.0,0.0,,,,,,,,,,2017-04-01T23:15:00,,,,,,,,,,,,,,,,,,
2017-04-02 01:00:00,1004.7,15.2,94.0,0.0,0.0,1.2,94.0,0.0,,,,,,,,,,2017-04-02T00:23:00,,,,,,,,,,,,,,,,,,
2017-04-02 02:00:00,1004.7,14.9,94.0,0.4,323.0,1.5,63.0,0.0,,,,,,,,,,2017-04-02T01:08:00,,,,,,,,,,,,,,,,,,
2017-04-02 03:00:00,1004.5,15.4,95.0,0.2,0.0,1.3,339.0,0.0,,,,,,,,,,2017-04-02T02:45:00,,,,,,,,,,,,,,,,,,
2017-04-02 04:00:00,1005.0,15.3,95.0,0.3,349.0,1.2,115.0,0.0,,,,,,,,,,2017-04-02T03:04:00,,,,,,,,,,,,,,,,,,
2017-04-02 05:00:00,1005.3,14.4,95.0,0.7,101.0,1.1,5.0,0.0,,,,,,,,,,2017-04-02T04:18:00,,,,,,,,,,,,,,,,,,
2017-04-02 06:00:00,1005.9,14.7,96.0,0.4,350.0,1.0,1.0,0.0,,,,,,,,,,2017-04-02T06:00:00,,,,,,,,,,,,,,,,,,
2017-04-02 07:00:00,1006.2,15.4,96.0,0.3,330.0,1.2,353.0,0.0,,,,,,,,,,2017-04-02T06:03:00,,,,,,,,,,,,,,,,,,
2017-04-02 08:00:00,1006.5,18.6,71.0,1.2,36.0,2.7,69.0,0.0,,,,,,,,,,2017-04-02T07:44:00,,,,,,,,,,,,,,,,,,
2017-04-02 09:00:00,1006.8,21.3,61.0,0.6,181.0,1.9,286.0,0.0,,,,,,,,,,2017-04-02T08:30:00,,,,,,,,,,,,,,,,,,
2017-04-02 10:00:00,1006.8,24.1,48.0,2.6,205.0,4.2,212.0,0.0,,,,,,,,,,2017-04-02T09:46:00,,,,,,,,,,,,,,,,,,
2017-04-02 11:00:00,1006.8,26.0,39.0,2.2,211.0,6.3,217.0,0.0,,,,,,,,,,2017-04-02T10:52:00,,,,,,,,,,,,,,,,,,
2017-04-02 12:00:00,1006.1,27.2,35.0,2.4,246.0,5.8,223.0,0.0,,,,,,,,,,2017-04-02T11:09:00,,,,,,,,,,,,,,,,,,
2017-04-02 13:00:00,1005.4,27.7,31.0,2.6,194.0,6.0,256.0,0.0,,,,,,,,,,2017-04-02T12:02:00,,,,,,,,,,,,,,,,,,
2017-04-02 14:00:00,1004.7,28.6,29.0,2.6,245.0,5.3,199.0,0.0,,,,,,,,,,2017-04-02T13:02:00,,,,,,,,,,,,,,,,,,
2017-04-02 15:00:00,1004.4,27.9,31.0,3.4,226.0,7.3,250.0,0.0,,,,,,,,,,2017-04-02T14:39:00,,,,,,,,,,,,,,,,,,
2017-04-02 16:00:00,1004.1,27.0,31.0,3.2,228.0,5.8,271.0,0.0,,,,,,,,,,2017-04-02T15:15:00,,,,,,,,,,,,,,,,,,
2017-04-02 17:00:00,1004.5,24.6,33.0,3.2,230.0,6.4,223.0,0.0,,,,,,,,,,2017-04-02T16:45:00,,,,,,,,,,,,,,,,,,
2017-04-02 18:00:00,1004.8,21.8,39.0,2.0,223.0,5.0,218.0,0.0,,,,,,,,,,2017-04-02T17:19:00,,,,,,,,,,,,,,,,,,
2017-04-02 19:00:00,1005.5,19.4,51.0,1.6,196.0,3.8,212.0,0.0,,,,,,,,,,2017-04-02T18:25:00,,,,,,,,,,,,,,,,,,
2017-04-02 20:00:00,1005.8,19.2,51.0,0.8,140.0,2.5,160.0,0.0,,,,,,,,,,2017-04-02T19:16:00,,,,,,,,,,,,,,,,,,
2017-04-02 21:00:00,1006.4,17.0,66.0,0.6,34.0,2.3,41.0,0.0,,,,,,,,,,2017-04-02T20:17:00,,,,,,,,,,,,,,,,,,
2017-04-02 22:00:00,1006.9,16.5,66.0,1.4,44.0,2.9,49.0,0.0,,,,,,,,,,2017-04-02T21:57:00,,,,,,,,,,,,,,,,,,
2017-04-02 23:00:00,1007.1,15.9,71.0,1.8,42.0,3.1,43.0,0.0,,,,,,,,,,2017-04-02T22:44:00,,,,,,,,,,,,,,,,,,
2017-04-03 00:00:00,1007.1,15.3,73.0,1.2,54.0,3.5,40.0,0.0,,,,,,,,,,2017-04-02T23:14:00,,,,,,,,,,,,,,,,,,
2017-04-03 01:00:00,1006.7,14.9,75.0,1.1,45.0,3.3,65.0,0.0,,,,,,,,,,2017-04-03T00:39:00,,,,,,,,,,,,,,,,,,
2017-04-03 02:00:00,1006.2,14.6,76.0,0.7,55.0,3.6,52.0,0.0,,,,,,,,,,2017-04-03T01:11:00,,,,,,,,,,,,,,,,,,
2017-04-03 03:00:00,1006.2,14.5,77.0,1.3,39.0,2.5,67.0,0.0,,,,,,,,,,2017-04-03T02:56:00,,,,,,,,,,,,,,,,,,
2017-04-03 04:00:00,1006.1,14.5,77.0,1.7,46.0,2.8,82.0,0.0,,,,,,,,,,2017-04-03T03:56:00,,,,,,,,,,,,,,,,,,
2017-04-03 05:00:00,1006.1,14.2,78.0,1.0,49.0,2.5,40.0,0.0,,,,,,,,,,2017-04-03T04:12:00,,,,,,,,,,,,,,,,,,
2017-04-03 06:00:00,1006.6,14.0,79.0,1.2,52.0,2.3,53.0,0.0,,,,,,,,,,2017-04-03T05:23:00,,,,,,,,,,,,,,,,,,
2017-04-03 07:00:00,1007.2,15.7,71.0,0.6,24.0,2.8,50.0,0.0,,,,,,,,,,2017-04-03T06:34:00,,,,,,,,,,,,,,,,,,
2017-04-03 08:00:00,1007.6,19.3,56.0,1.1,51.0,3.1,54.0,0.0,,,,,,,,,,2017-04-03T07:51:00,,,,,,,,,,,,,,,,,,
2017-04-03 09:00:00,1007.5,22.9,47.0,1.1,216.0,2.9,63.0,0.0,,,,,,,,,,2017-04-03T08:01:00,,,,,,,,,,,,,,,,,,
2017-04-03 10:00:00,1007.6,25.2,41.0,2.3,237.0,5.1,225.0,0.0,,,,,,,,,,2017-04-03T09:27:00,,,,,,,,,,,,,,,,,,
2017-04-03 11:00:00,1007.1,25.7,34.0,2.0,234.0,5.0,209.0,0.0,,,,,,,,,,2017-04-03T10:05:00,,,,,,,,,,,,,,,,,,
2017-04-03 12:00:00,1006.5,26.9,30.0,1.6,120.0,5.9,183.0,0.0,,,,,,,,,,2017-04-03T11:39:00,,,,,,,,,,,,,,,,,,
2017-04-03 13:00:00,1005.3,28.5,31.0,2.0,209.0,5.7,188.0,0.0,,,,,,,,,,2017-04-03T12:33:00,,,,,,,,,,,,,,,,,,
2017-04-03 14:00:00,1004.6,30.1,31.0,4.0,246.0,6.6,300.0,0.0,,,,,,,,,,2017-04-03T13:37:00,,,,,,,,,,,,,,,,,,
2017-04-03 15:00:00,1004.1,27.8,33.0,3.4,243.0,7.4,204.0,0.0,,,,,,,,,,2017-04-03T14:06:00,,,,,,,,,,,,,,,,,,
2017-04-03 16:00:00,1004.4,26.4,37.0,3.1,284.0,6.6,281.0,0.0,,,,,,,,,,2017-04-03T15:42:00,,,,,,,,,,,,,,,,,,
2017-04-03 17:00:00,1004.6,24.7,43.0,2.0,286.0,7.4,256.0,0.0,,,,,,,,,,2017-04-03T16:43:00,,,,,,,,,,,,,,,,,,
2017-04-03 18:00:00,1005.1,22.6,51.0,2.3,279.0,5.2,299.0,0.0,,,,,,,,,,2017-04-03T17:18:00,,,,,,,,,,,,,,,,,,
2017-04-03 19:00:00,1005.4,21.7,55.0,1.2,275.0,4.6,251.0,0.0,,,,,,,,,,2017-04-03T18:26:00,,,,,,,,,,,,,,,,,,
2017-04-03 20:00:00,1005.8,21.4,57.0,0.6,286.0,2.3,285.0,0.0,,,,,,,,,,2017-04-03T19:04:00,,,,,,,,,,,,,,,,,,
2017-04-03 21:00:00,1006.4,21.1,58.0,0.6,82.0,1.1,291.0,0.0,,,,,,,,,,2017-04-03T20:05:00,,,,,,,,,,,,,,,,,,
2017-04-03 22:00:00,1006.7,20.6,62.0,0.7,88.0,1.5,113.0,0.0,,,,,,,,,,2017-04-03T21:17:00,,,,,,,,,,,,,,,,,,
2017-04-03 23:00:00,1007.0,20.2,64.0,0.3,33.0,2.5,9.0,0.0,,,,,,,,,,2017-04-03T22:30:00,,,,,,,,,,,,,,,,,,
2017-04-04 00:00:00,1006.8,19.5,65.0,1.4,57.0,2.0,63.0,0.0,,,,,,,,,,2017-04-04T00:00:00,,,,,,,,,,,,,,,,,,
2017-04-04 01:00:00,1006.3,18.8,68.0,1.4,65.0,2.1,69.0,0.0,,,,,,,,,,2017-04-04T00:04:00,,,,,,,,,,,,,,,,,,
2017-04-04 02:00:00,1005.6,17.9,72.0,1.2,67.0,3.2,60.0,0.0,,,,,,,,,,2017-04-04T01:35:00,,,,,,,,,,,,,,,,,,
2017-04-04 03:00:00,1005.2,16.4,80.0,0.0,0.0,2.2,44.0,0.0,,,,,,,,,,2017-04-04T02:08:00,,,,,,,,,,,,,,,,,,
2017-04-04 04:00:00,1004.9,16.2,78.0,1.1,66.0,2.3,57.0,0.0,,,,,,,,,,2017-04-04T03:18:00,,,,,,,,,,,,,,,,,,
2017-04-04 05:00:00,1005.0,14.8,87.0,0.0,0.0,1.7,83.0,0.0,,,,,,,,,,2017-04-04T04:08:00,,,,,,,,,,,,,,,,,,
2017-04-04 06:00:00,1005.6,14.9,84.0,1.0,75.0,1.5,73.0,0.0,,,,,,,,,,2017-04-04T05:11:00,,,,,,,,,,,,,,,,,,
2017-04-04 07:00:00,1005.9,16.7,75.0,0.9,18.0,1.9,61.0,0.0,,,,,,,,,,2017-04-04T07:00:00,,,,,,,,,,,,,,,,,,
2017-04-04 08:00:00,1006.3,20.7,61.0,0.8,269.0,1.9,42.0,0.0,,,,,,,,,,2017-04-04T07:05:00,,,,,,,,,,,,,,,,,,
2017-04-04 09:00:00,1006.2,23.6,48.0,1.4,168.0,2.6,209.0,0.0,,,,,,,,,,2017-04-04T08:38:00,,,,,,,,,,,,,,,,,,
2017-04-04 10:00:00,1005.8,25.6,40.0,1.6,179.0,3.4,177.0,0.0,,,,,,,,,,2017-04-04T09:37:00,,,,,,,,,,,,,,,,,,
2017-04-04 11:00:00,1005.5,27.6,36.0,1.9,214.0,4.2,209.0,0.0,,,,,,,,,,2017-04-04T10:39:00,,,,,,,,,,,,,,,,,,
2017-04-04 12:00:00,1004.4,29.2,34.0,2.3,190.0,4.9,157.0,0.0,,,,,,,,,,2017-04-04T11:06:00,,,,,,,,,,,,,,,,,,
2017-04-04 13:00:00,1003.4,29.9,32.0,0.9,243.0,6.1,226.0,0.0,,,,,,,,,,2017-04-04T12:40:00,,,,,,,,,,,,,,,,,,
2017-04-04 14:00:00,1002.3,29.0,34.0,1.6,351.0,5.2,249.0,0.0,,,,,,,,,,2017-04-04T13:17:00,,,,,,,,,,,,,,,,,,
2017-04-04 15:00:00,1001.6,28.8,43.0,2.8,258.0,8.3,210.0,0.0,,,,,,,,,,2017-04-04T14:14:00,,,,,,,,,,,,,,,,,,
2017-04-04 16:00:00,1001.5,26.1,50.0,2.4,287.0,6.2,288.0,0.0,,,,,,,,,,2017-04-04T15:36:00,,,,,,,,,,,,,,,,,,
2017-04-04 17:00:00,1001.8,24.5,56.0,2.5,272.0,6.1,277.0,0.0,,,,,,,,,,2017-04-04T16:12:00,,,,,,,,,,,,,,,,,,
2017-04-04 18:00:00,1002.3,23.3,61.0,1.6,275.0,5.7,260.0,0.0,,,,,,,,,,2017-04-04T17:27:00,,,,,,,,,,,,,,,,,,
2017-04-04 19:00:00,1002.5,22.3,64.0,2.1,275.0,4.5,284.0,0.0,,,,,,,,,,2017-04-04T18:44:00,,,,,,,,,,,,,,,,,,
2017-04-04 20:00:00,1003.2,21.8,66.0,1.6,285.0,4.1,297.0,0.0,,,,,,,,,,2017-04-04T19:07:00,,,,,,,,,,,,,,,,,,
2017-04-04 21:00:00,1004.0,21.6,67.0,1.3,252.0,2.8,301.0,0.0,,,,,,,,,,2017-04-04T20:31:00,,,,,,,,,,,,,,,,,,
2017-04-04 22:00:00,1004.1,21.5,67.0,1.2,238.0,2.3,222.0,0.0,,,,,,,,,,2017-04-04T21:51:00,,,,,,,,,,,,,,,,,,
2017-04-04 23:00:00,1003.9,21.1,71.0,1.2,182.0,2.3,181.0,0.0,,,,,,,,,,2017-04-04T22:09:00,,,,,,,,,,,,,,,,,,
2017-04-05 00:00:00,1003.5,20.9,73.0,0.4,189.0,1.8,161.0,0.0,,,,,,,,,,2017-04-04T23:06:00,,,,,,,,,,,,,,,,,,
2017-04-05 01:00:00,1003.2,20.1,76.0,0.1,0.0,1.3,187.0,0.0,,,,,,,,,,2017-04-05T00:25:00,,,,,,,,,,,,,,,,,,
2017-04-05 02:00:00,1002.8,19.2,81.0,1.2,65.0,1.6,63.0,0.0,,,,,,,,,,2017-04-05T01:58:00,,,,,,,,,,,,,,,,,,
2017-04-05 03:00:00,1002.4,19.0,83.0,1.1,41.0,2.1,73.0,0.0,,,,,,,,,,2017-04-05T02:58:00,,,,,,,,,,,,,,,,,,
2017-04-05 04:00:00,1002.2,18.0,86.0,0.8,82.0,2.3,51.0,0.0,,,,,,,,,,2017-04-05T03:08:00,,,,,,,,,,,,,,,,,,
2017-04-05 05:00:00,1002.2,17.5,88.0,0.9,86.0,2.0,69.0,0.0,,,,,,,,,,2017-04-05T04:25:00,,,,,,,,,,,,,,,,,,
2017-04-05 06:00:00,1002.4,16.5,89.0,0.6,78.0,1.7,70.0,0.0,,,,,,,,,,2017-04-05T05:09:00,,,,,,,,,,,,,,,,,,
2017-04-05 07:00:00,1002.7,17.9,85.0,0.1,0.0,1.8,355.0,0.0,,,,,,,,,,2017-04-05T06:23:00,,,,,,,,,,,,,,,,,,
2017-04-05 08:00:00,1003.0,21.6,68.0,0.5,322.0,1.9,355.0,0.0,,,,,,,,,,2017-04-05T07:40:00,,,,,,,,,,,,,,,,,,
2017-04-05 09:00:00,1002.9,25.8,54.0,2.1,219.0,3.1,206.0,0.0,,,,,,,,,,2017-04-05T08:49:00,,,,,,,,,,,,,,,,,,
2017-04-05 10:00:00,1002.5,27.7,41.0,1.6,221.0,3.8,218.0,0.0,,,,,,,,,,2017-04-05T09:26:00,,,,,,,,,,,,,,,,,,
2017-04-05 11:00:00,1001.9,29.7,37.0,2.3,206.0,4.9,222.0,0.0,,,,,,,,,,2017-04-05T10:52:00,,,,,,,,,,,,,,,,,,
2017-04-05 12:00:00,1001.1,30.0,37.0,2.8,176.0,5.2,208.0,0.0,,,,,,,,,,2017-04-05T11:57:00,,,,,,,,,,,,,,,,,,
2017-04-05 13:00:00,999.8,31.4,34.0,2.5,209.0,5.8,202.0,0.0,,,,,,,,,,2017-04-05T12:13:00,,,,,,,,,,,,,,,,,,
2017-04-05 14:00:00,998.8,32.9,33.0,3.1,213.0,6.1,208.0,0.0,,,,,,,,,,2017-04-05T13:07:00,,,,,,,,,,,,,,,,,,
2017-04-05 15:00:00,998.2,31.2,37.0,5.3,208.0,8.5,197.0,0.0,,,,,,,,,,2017-04-05T14:58:00,,,,,,,,,,,,,,,,,,
2017-04-05 16:00:00,998.4,29.3,42.0,3.3,258.0,7.9,221.0,0.0,,,,,,,,,,2017-04-05T15:03:00,,,,,,,,,,,,,,,,,,
2017-04-05 17:00:00,998.6,27.7,46.0,2.0,267.0,6.3,276.0,0.0,,,,,,,,,,2017-04-05T16:02:00,,,,,,,,,,,,,,,,,,
2017-04-05 18:00:00,999.2,25.8,51.0,2.2,278.0,5.0,300.0,0.0,,,,,,,,,,2017-04-05T17:31:00,,,,,,,,,,,,,,,,,,
2017-04-05 19:00:00,999.8,24.5,53.0,1.1,281.0,4.9,289.0,0.0,,,,,,,,,,2017-04-05T18:02:00,,,,,,,,,,,,,,,,,,
2017-04-05 20:00:00,1000.4,22.6,61.0,1.1,203.0,2.9,287.0,0.0,,,,,,,,,,2017-04-05T19:29:00,,,,,,,,,,,,,,,,,,
2017-04-05 21:00:00,1000.7,21.3,65.0,1.6,64.0,2.1,165.0,0.0,,,,,,,,,,2017-04-05T20:13:00,,,,,,,,,,,,,,,,,,
2017-04-05 22:00:00,1000.7,20.6,68.0,0.6,77.0,2.4,56.0,0.0,,,,,,,,,,2017-04-05T21:18:00,,,,,,,,,,,,,,,,,,
2017-04-05 23:00:00,1000.7,19.8,73.0,1.3,64.0,2.0,58.0,0.0,,,,,,,,,,2017-04-05T22:47:00,,,,,,,,,,,,,,,,,,
2017-04-06 00:00:00,1000.3,19.1,77.0,0.5,84.0,1.9,67.0,0.0,,,,,,,,,,2017-04-05T23:44:00,,,,,,,,,,,,,,,,,,
2017-04-06 01:00:00,999.7,19.1,77.0,1.0,58.0,2.4,73.0,0.0,,,,,,,,,,2017-04-06T00:47:00,,,,,,,,,,,,,,,,,,
2017-04-06 02:00:00,999.1,17.8,83.0,0.9,95.0,1.9,51.0,0.0,,,,,,,,,,2017-04-06T01:13:00,,,,,,,,,,,,,,,,,,
2017-04-06 03:00:00,999.1,18.7,78.0,1.2,50.0,2.3,65.0,0.0,,,,,,,,,,2017-04-06T02:57:00,,,,,,,,,,,,,,,,,,
2017-04-06 04:00:00,999.0,17.4,85.0,1.2,74.0,2.2,65.0,0.0,,,,,,,,,,2017-04-06T03:05:00,,,,,,,,,,,,,,,,,,
2017-04-06 05:00:00,999.1,17.4,85.0,0.7,61.0,1.7,61.0,0.0,,,,,,,,,,2017-04-06T04:55:00,,,,,,,,,,,,,,,,,,
2017-04-06 06:00:00,999.8,18.2,82.0,1.0,58.0,2.4,75.0,0.0,,,,,,,,,,2017-04-06T05:19:00,,,,,,,,,,,,,,,,,,
2017-04-06 07:00:00,1000.3,19.6,77.0,0.9,64.0,2.1,86.0,0.0,,,,,,,,,,2017-04-06T06:13:00,,,,,,,,,,,,,,,,,,
2017-04-06 08:00:00,1000.9,22.1,72.0,1.0,219.0,1.5,221.0,0.0,,,,,,,,,,2017-04-06T07:53:00,,,,,,,,,,,,,,,,,,
2017-04-06 09:00:00,1001.0,26.6,53.0,1.0,204.0,2.5,209.0,0.0,,,,,,,,,,2017-04-06T08:51:00,,,,,,,,,,,,,,,,,,
2017-04-06 10:00:00,1000.8,28.5,44.0,1.5,266.0,3.2,223.0,0.0,,,,,,,,,,2017-04-06T09:37:00,,,,,,,,,,,,,,,,,,
2017-04-06 11:00:00,1000.3,30.9,39.0,1.6,229.0,4.7,213.0,0.0,,,,,,,,,,2017-04-06T10:40:00,,,,,,,,,,,,,,,,,,
2017-04-06 12:00:00,999.7,31.2,38.0,1.6,140.0,5.1,196.0,0.0,,,,,,,,,,2017-04-06T11:32:00,,,,,,,,,,,,,,,,,,
2017-04-06 13:00:00,998.9,31.5,39.0,1.6,325.0,6.5,216.0,0.0,,,,,,,,,,2017-04-06T12:42:00,,,,,,,,,,,,,,,,,,
2017-04-06 14:00:00,998.1,30.1,42.0,2.8,267.0,6.7,292.0,0.0,,,,,,,,,,2017-04-06T13:41:00,,,,,,,,,,,,,,,,,,
2017-04-06 15:00:00,997.4,31.6,43.0,3.0,256.0,5.8,234.0,0.0,,,,,,,,,,2017-04-06T14:46:00,,,,,,,,,,,,,,,,,,
2017-04-06 16:00:00,997.4,29.9,50.0,2.0,281.0,4.2,274.0,0.0,,,,,,,,,,2017-04-06T15:04:00,,,,,,,,,,,,,,,,,,
2017-04-06 17:00:00,997.6,29.1,50.0,2.1,293.0,6.3,271.0,0.0,,,,,,,,,,2017-04-06T16:53:00,,,,,,,,,,,,,,,,,,
2017-04-06 18:00:00,998.0,27.3,59.0,2.4,272.0,4.9,265.0,0.0,,,,,,,,,,2017-04-06T17:54:00,,,,,,,,,,,,,,,,,,
2017-04-06 19:00:00,998.3,25.5,67.0,1.7,276.0,4.4,285.0,0.0,,,,,,,,,,2017-04-06T18:17:00,,,,,,,,,,,,,,,,,,
2017-04-06 20:00:00,998.7,25.2,68.0,1.6,280.0,3.3,268.0,0.0,,,,,,,,,,2017-04-06T19:28:00,,,,,,,,,,,,,,,,,,
2017-04-06 21:00:00,999.4,24.7,71.0,0.8,290.0,2.9,288.0,0.0,,,,,,,,,,2017-04-06T20:12:00,,,,,,,,,,,,,,,,,,
2017-04-06 22:00:00,999.8,24.4,73.0,0.2,0.0,1.5,294.0,0.0,,,,,,,,,,2017-04-06T21:33:00,,,,,,,,,,,,,,,,,,
2017-04-06 23:00:00,999.9,24.1,75.0,0.9,20.0,2.4,5.0,0.0,,,,,,,,,,2017-04-06T22:45:00,,,,,,,,,,,,,,,,,,
2017-04-07 00:00:00,999.7,24.2,72.0,0.9,47.0,2.4,66.0,0.0,,,,,,,,,,2017-04-06T23:50:00,,,,,,,,,,,,,,,,,,
2017-04-07 01:00:00,999.1,23.4,75.0,1.4,70.0,2.6,61.0,0.0,,,,,,,,,,2017-04-07T00:38:00,,,,,,,,,,,,,,,,,,
2017-04-07 02:00:00,998.5,23.2,75.0,1.1,30.0,2.4,11.0,0.0,,,,,,,,,,2017-04-07T01:26:00,,,,,,,,,,,,,,,,,,
2017-04-07 03:00:00,998.1,22.6,76.0,0.9,3.0,2.7,2.0,0.0,,,,,,,,,,2017-04-07T02:06:00,,,,,,,,,,,,,,,,,,
2017-04-07 04:00:00,998.2,21.6,82.0,0.0,0.0,1.5,184.0,0.0,,,,,,,,,,2017-04-07T03:18:00,,,,,,,,,,,,,,,,,,
2017-04-07 05:00:00,998.6,21.6,82.0,0.7,87.0,1.7,360.0,0.0,,,,,,,,,,2017-04-07T04:14:00,,,,,,,,,,,,,,,,,,
2017-04-07 06:00:00,998.5,21.2,85.0,0.2,0.0,1.9,343.0,0.0,,,,,,,,,,2017-04-07T05:34:00,,,,,,,,,,,,,,,,,,
2017-04-07 07:00:00,997.9,23.2,78.0,1.4,107.0,3.7,115.0,0.0,,,,,,,,,,2017-04-07T06:46:00,,,,,,,,,,,,,,,,,,
2017-04-07 08:00:00,998.6,24.3,75.0,1.4,309.0,3.6,108.0,0.0,,,,,,,,,,2017-04-07T07:07:00,,,,,,,,,,,,,,,,,,
2017-04-07 09:00:00,999.7,25.6,67.0,1.4,17.0,3.6,40.0,0.0,,,,,,,,,,2017-04-07T08:41:00,,,,,,,,,,,,,,,,,,
2017-04-07 10:00:00,1000.2,26.5,62.0,1.7,316.0,4.4,350.0,0.0,,,,,,,,,,2017-04-07T09:41:00,,,,,,,,,,,,,,,,,,
2017-04-07 11:00:00,1000.8,27.3,62.0,1.6,304.0,6.3,269.0,0.0,,,,,,,,,,2017-04-07T10:42:00,,,,,,,,,,,,,,,,,,
2017-04-07 12:00:00,999.7,27.5,58.0,1.2,36.0,3.7,297.0,0.0,,,,,,,,,,2017-04-07T11:37:00,,,,,,,,,,,,,,,,,,
2017-04-07 13:00:00,999.2,30.7,49.0,1.9,283.0,5.2,260.0,0.0,,,,,,,,,,2017-04-07T12:54:00,,,,,,,,,,,,,,,,,,
2017-04-07 14:00:00,998.3,30.5,48.0,1.4,344.0,5.9,293.0,0.0,,,,,,,,,,2017-04-07T13:43:00,,,,,,,,,,,,,,,,,,
2017-04-07 15:00:00,997.3,30.3,49.0,2.0,270.0,5.1,288.0,0.0,,,,,,,,,,2017-04-07T14:12:00,,,,,,,,,,,,,,,,,,
2017-04-07 16:00:00,997.1,31.3,47.0,1.5,277.0,5.1,255.0,0.0,,,,,,,,,,2017-04-07T15:05:00,,,,,,,,,,,,,,,,,,
2017-04-07 17:00:00,997.4,29.9,54.0,2.4,266.0,4.5,264.0,0.0,,,,,,,,,,2017-04-07T16:33:00,,,,,,,,,,,,,,,,,,
2017-04-07 18:00:00,997.7,27.3,64.0,1.4,293.0,3.7,244.0,0.0,,,,,,,,,,2017-04-07T17:05:00,,,,,,,,,,,,,,,,,,
2017-04-07 19:00:00,998.3,25.2,69.0,1.7,217.0,3.4,254.0,0.0,,,,,,,,,,2017-04-07T18:16:00,,,,,,,,,,,,,,,,,,
2017-04-07 20:00:00,999.1,25.0,71.0,1.0,220.0,2.8,226.0,0.0,,,,,,,,,,2017-04-07T19:16:00,,,,,,,,,,,,,,,,,,
2017-04-07 21:00:00,999.3,24.6,72.0,0.6,349.0,1.5,172.0,0.0,,,,,,,,,,2017-04-07T20:11:00,,,,,,,,,,,,,,,,,,
2017-04-07 22:00:00,999.6,23.1,79.0,0.3,305.0,1.3,348.0,0.0,,,,,,,,,,2017-04-07T21:08:00,,,,,,,,,,,,,,,,,,
2017-04-07 23:00:00,999.7,22.6,81.0,0.8,49.0,1.9,51.0,0.0,,,,,,,,,,2017-04-07T22:47:00,,,,,,,,,,,,,,,,,,
2017-04-08 00:00:00,999.5,22.2,83.0,0.7,39.0,2.4,50.0,0.0,,,,,,,,,,2017-04-07T23:12:00,,,,,,,,,,,,,,,,,,
2017-04-08 01:00:00,999.3,21.7,85.0,1.5,48.0,2.8,41.0,0.0,,,,,,,,,,2017-04-08T00:57:00,,,,,,,,,,,,,,,,,,
2017-04-08 02:00:00,999.0,21.5,85.0,0.9,35.0,3.4,47.0,0.0,,,,,,,,,,2017-04-08T01:30:00,,,,,,,,,,,,,,,,,,
2017-04-08 03:00:00,998.6,21.6,85.0,1.1,46.0,2.8,48.0,0.0,,,,,,,,,,2017-04-08T02:20:00,,,,,,,,,,,,,,,,,,
2017-04-08 04:00:00,998.5,21.5,84.0,1.2,44.0,3.4,59.0,0.0,,,,,,,,,,2017-04-08T03:33:00,,,,,,,,,,,,,,,,,,
2017-04-08 05:00:00,999.1,20.9,86.0,1.2,71.0,2.0,69.0,0.0,,,,,,,,,,2017-04-08T04:27:00,,,,,,,,,,,,,,,,,,
2017-04-08 06:00:00,999.5,20.9,84.0,1.2,59.0,2.7,22.0,0.0,,,,,,,,,,2017-04-08T05:38:00,,,,,,,,,,,,,,,,,,
2017-04-08 07:00:00,1000.1,22.4,77.0,1.3,35.0,3.2,69.0,0.0,,,,,,,,,,2017-04-08T06:20:00,,,,,,,,,,,,,,,,,,
2017-04-08 08:00:00,1000.5,25.9,62.0,1.7,40.0,3.5,3.0,0.0,,,,,,,,,,2017-04-08T07:36:00,,,,,,,,,,,,,,,,,,
2017-04-08 09:00:00,1000.7,28.0,56.0,1.0,311.0,2.8,21.0,0.0,,,,,,,,,,2017-04-08T08:05:00,,,,,,,,,,,,,,,,,,
2017-04-08 10:00:00,1000.7,30.2,50.0,2.0,268.0,4.1,250.0,0.0,,,,,,,,,,2017-04-08T09:26:00,,,,,,,,,,,,,,,,,,
2017-04-08 11:00:00,1000.2,32.6,40.0,1.8,185.0,3.8,253.0,0.0,,,,,,,,,,2017-04-08T10:40:00,,,,,,,,,,,,,,,,,,
2017-04-08 12:00:00,999.2,32.6,37.0,1.4,339.0,4.1,296.0,0.0,,,,,,,,,,2017-04-08T11:14:00,,,,,,,,,,,,,,,,,,
2017-04-08 13:00:00,998.0,35.0,36.0,2.4,197.0,5.2,257.0,0.0,,,,,,,,,,2017-04-08T12:40:00,,,,,,,,,,,,,,,,,,
2017-04-08 14:00:00,997.0,35.8,36.0,2.7,219.0,6.4,255.0,0.0,,,,,,,,,,2017-04-08T13:48:00,,,,,,,,,,,,,,,,,,
2017-04-08 15:00:00,996.5,32.1,49.0,3.3,209.0,7.2,189.0,0.0,,,,,,,,,,2017-04-08T14:55:00,,,,,,,,,,,,,,,,,,
2017-04-08 16:00:00,996.2,32.5,48.0,3.1,207.0,6.2,205.0,0.0,,,,,,,,,,2017-04-08T15:51:00,,,,,,,,,,,,,,,,,,
2017-04-08 17:00:00,996.1,30.2,56.0,3.6,212.0,7.2,185.0,0.0,,,,,,,,,,2017-04-08T16:18:00,,,,,,,,,,,,,,,,,,
2017-04-08 18:00:00,996.6,28.3,62.0,3.1,221.0,5.1,226.0,0.0,,,,,,,,,,2017-04-08T18:00:00,,,,,,,,,,,,,,,,,,
2017-04-08 19:00:00,997.4,27.3,66.0,2.1,207.0,4.5,207.0,0.0,,,,,,,,,,2017-04-08T18:09:00,,,,,,,,,,,,,,,,,,
2017-04-08 20:00:00,997.8,25.8,74.0,0.7,221.0,3.4,198.0,0.0,,,,,,,,,,2017-04-08T19:09:00,,,,,,,,,,,,,,,,,,
2017-04-08 21:00:00,998.3,24.5,76.0,0.9,75.0,1.4,78.0,0.0,,,,,,,,,,2017-04-08T20:51:00,,,,,,,,,,,,,,,,,,
2017-04-08 22:00:00,998.7,23.8,80.0,0.6,67.0,1.3,1.0,0.0,,,,,,,,,,2017-04-08T21:20:00,,,,,,,,,,,,,,,,,,
2017-04-08 23:00:00,998.8,23.5,78.0,0.8,40.0,1.8,58.0,0.0,,,,,,,,,,2017-04-08T22:58:00,,,,,,,,,,,,,,,,,,
2017-04-09 00:00:00,998.5,23.1,79.0,1.2,50.0,2.2,55.0,0.0,,,,,,,,,,2017-04-08T23:48:00,,,,,,,,,,,,,,,,,,
2017-04-09 01:00:00,997.6,21.9,85.0,0.9,72.0,2.7,59.0,0.0,,,,,,,,,,2017-04-09T00:15:00,,,,,,,,,,,,,,,,,,
2017-04-09 02:00:00,996.8,21.8,84.0,0.7,67.0,2.1,60.0,0.0,,,,,,,,,,2017-04-09T01:34:00,,,,,,,,,,,,,,,,,,
2017-04-09 03:00:00,996.0,21.4,87.0,0.8,12.0,2.0,89.0,0.0,,,,,,,,,,2017-04-09T02:28:00,,,,,,,,,,,,,,,,,,
2017-04-09 04:00:00,995.9,22.1,83.0,1.1,35.0,3.0,55.0,0.0,,,,,,,,,,2017-04-09T03:33:00,,,,,,,,,,,,,,,,,,
2017-04-09 05:00:00,996.4,21.3,86.0,1.1,68.0,2.4,61.0,0.0,,,,,,,,,,2017-04-09T04:11:00,,,,,,,,,,,,,,,,,,
2017-04-09 06:00:00,996.7,21.3,86.0,0.6,86.0,2.8,78.0,0.0,,,,,,,,,,2017-04-09T05:34:00,,,,,,,,,,,,,,,,,,
2017-04-09 07:00:00,997.2,23.0,79.0,0.0,0.0,2.2,72.0,0.0,,,,,,,,,,2017-04-09T06:37:00,,,,,,,,,,,,,,,,,,
2017-04-09 08:00:00,997.7,25.0,72.0,1.6,277.0,2.2,267.0,0.0,,,,,,,,,,2017-04-09T07:56:00,,,,,,,,,,,,,,,,,,
2017-04-09 09:00:00,997.9,28.3,64.0,2.5,216.0,4.1,227.0,0.0,,,,,,,,,,2017-04-09T08:58:00,,,,,,,,,,,,,,,,,,
2017-04-09 10:00:00,997.9,30.1,60.0,3.0,219.0,6.1,190.0,0.0,,,,,,,,,,2017-04-09T09:31:00,,,,,,,,,,,,,,,,,,
2017-04-09 11:00:00,997.5,32.6,52.0,3.0,206.0,6.8,206.0,0.0,,,,,,,,,,2017-04-09T10:54:00,,,,,,,,,,,,,,,,,,
2017-04-09 12:00:00,996.7,33.7,47.0,3.2,203.0,6.0,199.0,0.0,,,,,,,,,,2017-04-09T11:12:00,,,,,,,,,,,,,,,,,,
2017-04-09 13:00:00,995.4,33.1,46.0,2.4,174.0,5.5,201.0,0.0,,,,,,,,,,2017-04-09T12:03:00,,,,,,,,,,,,,,,,,,
2017-04-09 14:00:00,994.3,34.1,43.0,3.4,207.0,5.7,211.0,0.0,,,,,,,,,,2017-04-09T13:02:00,,,,,,,,,,,,,,,,,,
2017-04-09 15:00:00,994.1,33.6,46.0,3.7,194.0,6.5,176.0,0.0,,,,,,,,,,2017-04-09T14:55:00,,,,,,,,,,,,,,,,,,
2017-04-09 16:00:00,993.9,32.8,50.0,4.0,229.0,7.5,230.0,0.0,,,,,,,,,,2017-04-09T15:55:00,,,,,,,,,,,,,,,,,,
2017-04-09 17:00:00,994.1,31.5,53.0,2.7,235.0,6.3,238.0,0.0,,,,,,,,,,2017-04-09T16:12:00,,,,,,,,,,,,,,,,,,
2017-04-09 18:00:00,994.7,27.8,67.0,2.4,254.0,5.6,247.0,0.0,,,,,,,,,,2017-04-09T17:01:00,,,,,,,,,,,,,,,,,,
2017-04-09 19:00:00,995.1,26.0,75.0,1.7,239.0,4.2,243.0,0.0,,,,,,,,,,2017-04-09T18:10:00,,,,,,,,,,,,,,,,,,
2017-04-09 20:00:00,996.0,25.2,78.0,0.8,281.0,2.2,252.0,0.0,,,,,,,,,,2017-04-09T19:01:00,,,,,,,,,,,,,,,,,,
2017-04-09 21:00:00,996.4,24.2,82.0,0.5,343.0,1.3,323.0,0.0,,,,,,,,,,2017-04-09T20:59:00,,,,,,,,,,,,,,,,,,
2017-04-09 22:00:00,997.0,23.3,86.0,0.7,86.0,1.2,66.0,0.0,,,,,,,,,,2017-04-09T21:19:00,,,,,,,,,,,,,,,,,,
2017-04-09 23:00:00,996.9,22.7,88.0,0.8,1.0,2.2,55.0,0.0,,,,,,,,,,2017-04-09T22:26:00,,,,,,,,,,,,,,,,,,
2017-04-10 00:00:00,996.7,22.5,88.0,0.6,64.0,1.7,71.0,0.0,,,,,,,,,,2017-04-09T23:26:00,,,,,,,,,,,,,,,,,,
2017-04-10 01:00:00,996.2,22.2,89.0,0.9,124.0,1.5,75.0,0.0,,,,,,,,,,2017-04-10T00:19:00,,,,,,,,,,,,,,,,,,
2017-04-10 02:00:00,995.4,22.1,89.0,0.2,0.0,1.9,67.0,0.0,,,,,,,,,,2017-04-10T01:17:00,,,,,,,,,,,,,,,,,,
2017-04-10 03:00:00,995.0,22.0,89.0,0.8,96.0,2.2,40.0,0.0,,,,,,,,,,2017-04-10T02:20:00,,,,,,,,,,,,,,,,,,
2017-04-10 04:00:00,994.8,21.9,88.0,1.4,351.0,2.1,11.0,0.0,,,,,,,,,,2017-04-10T03:57:00,,,,,,,,,,,,,,,,,,
2017-04-10 05:00:00,994.9,22.4,83.0,0.8,83.0,2.7,68.0,0.0,,,,,,,,,,2017-04-10T04:03:00,,,,,,,,,,,,,,,,,,
2017-04-10 06:00:00,995.3,22.8,82.0,0.9,141.0,2.5,296.0,0.0,,,,,,,,,,2017-04-10T05:29:00,,,,,,,,,,,,,,,,,,
2017-04-10 07:00:00,995.8,24.2,77.0,0.8,204.0,1.6,88.0,0.0,,,,,,,,,,2017-04-10T06:02:00,,,,,,,,,,,,,,,,,,
2017-04-10 08:00:00,996.5,28.3,56.0,0.2,0.0,1.8,177.0,0.0,,,,,,,,,,2017-04-10T07:53:00,,,,,,,,,,,,,,,,,,
2017-04-10 09:00:00,997.0,30.7,50.0,1.8,218.0,2.9,209.0,0.0,,,,,,,,,,2017-04-10T08:55:00,,,,,,,,,,,,,,,,,,
2017-04-10 10:00:00,996.6,32.5,44.0,1.6,161.0,4.5,206.0,0.0,,,,,,,,,,2017-04-10T09:35:00,,,,,,,,,,,,,,,,,,
2017-04-10 11:00:00,996.0,34.5,37.0,2.3,247.0,4.5,270.0,0.0,,,,,,,,,,2017-04-10T10:22:00,,,,,,,,,,,,,,,,,,
2017-04-10 12:00:00,995.3,35.6,36.0,3.1,247.0,5.9,216.0,0.0,,,,,,,,,,2017-04-10T11:53:00,,,,,,,,,,,,,,,,,,
2017-04-10 13:00:00,994.5,34.6,38.0,2.8,239.0,6.0,217.0,0.0,,,,,,,,,,2017-04-10T12:06:00,,,,,,,,,,,,,,,,,,
2017-04-10 14:00:00,993.8,36.4,33.0,3.8,232.0,7.4,225.0,0.0,,,,,,,,,,2017-04-10T13:24:00,,,,,,,,,,,,,,,,,,
2017-04-10 15:00:00,992.9,35.6,33.0,4.1,230.0,7.6,241.0,0.0,,,,,,,,,,2017-04-10T14:19:00,,,,,,,,,,,,,,,,,,
2017-04-10 16:00:00,992.5,34.5,36.0,3.2,244.0,7.3,215.0,0.0,,,,,,,,,,2017-04-10T15:29:00,,,,,,,,,,,,,,,,,,
2017-04-10 17:00:00,992.5,32.3,42.0,3.3,237.0,5.8,207.0,0.0,,,,,,,,,,2017-04-10T16:20:00,,,,,,,,,,,,,,,,,,
2017-04-10 18:00:00,992.9,29.8,50.0,2.2,219.0,5.0,219.0,0.0,,,,,,,,,,2017-04-10T17:35:00,,,,,,,,,,,,,,,,,,
2017-04-10 19:00:00,993.3,27.7,58.0,1.3,211.0,5.1,212.0,0.0,,,,,,,,,,2017-04-10T18:12:00,,,,,,,,,,,,,,,,,,
2017-04-10 20:00:00,993.8,26.5,63.0,0.7,107.0,2.1,214.0,0.0,,,,,,,,,,2017-04-10T19:10:00,,,,,,,,,,,,,,,,,,
2017-04-10 21:00:00,994.5,25.6,67.0,0.8,66.0,1.7,67.0,0.0,,,,,,,,,,2017-04-10T20:49:00,,,,,,,,,,,,,,,,,,
2017-04-10 22:00:00,995.5,24.4,74.0,0.3,124.0,1.7,2.0,0.0,,,,,,,,,,2017-04-10T21:43:00,,,,,,,,,,,,,,,,,,
2017-04-10 23:00:00,995.6,24.5,76.0,0.7,15.0,2.1,61.0,0.0,,,,,,,,,,2017-04-10T22:20:00,,,,,,,,,,,,,,,,,,
2017-04-11 00:00:00,995.5,24.1,78.0,0.7,348.0,2.1,2.0,0.0,,,,,,,,,,2017-04-10T23:47:00,,,,,,,,,,,,,,,,,,
2017-04-11 01:00:00,995.3,24.5,74.0,1.5,15.0,3.2,56.0,0.0,,,,,,,,,,2017-04-11T00:36:00,,,,,,,,,,,,,,,,,,
2017-04-11 02:00:00,994.8,24.0,76.0,1.3,43.0,2.8,12.0,0.0,,,,,,,,,,2017-04-11T01:08:00,,,,,,,,,,,,,,,,,,
2017-04-11 03:00:00,994.3,23.5,79.0,1.2,55.0,2.6,70.0,0.0,,,,,,,,,,2017-04-11T02:37:00,,,,,,,,,,,,,,,,,,
2017-04-11 04:00:00,994.2,23.2,80.0,1.6,71.0,2.7,64.0,0.0,,,,,,,,,,2017-04-11T03:06:00,,,,,,,,,,,,,,,,,,
2017-04-11 05:00:00,994.5,23.0,82.0,0.0,0.0,3.3,49.0,0.0,,,,,,,,,,2017-04-11T04:07:00,,,,,,,,,,,,,,,,,,
2017-04-11 06:00:00,994.9,22.7,83.0,0.8,33.0,1.4,87.0,0.0,,,,,,,,,,2017-04-11T05:27:00,,,,,,,,,,,,,,,,,,
2017-04-11 07:00:00,995.5,23.8,77.0,1.0,62.0,2.6,49.0,0.0,,,,,,,,,,2017-04-11T06:25:00,,,,,,,,,,,,,,,,,,
2017-04-11 08:00:00,996.3,27.0,64.0,1.1,38.0,2.6,19.0,0.0,,,,,,,,,,2017-04-11T07:37:00,,,,,,,,,,,,,,,,,,
2017-04-11 09:00:00,996.4,30.3,51.0,1.5,212.0,2.7,51.0,0.0,,,,,,,,,,2017-04-11T08:13:00,,,,,,,,,,,,,,,,,,
2017-04-11 10:00:00,996.0,32.2,47.0,2.1,273.0,3.7,274.0,0.0,,,,,,,,,,2017-04-11T09:58:00,,,,,,,,,,,,,,,,,,
2017-04-11 11:00:00,995.7,31.2,51.0,1.5,280.0,4.1,276.0,0.0,,,,,,,,,,2017-04-11T10:34:00,,,,,,,,,,,,,,,,,,
2017-04-11 12:00:00,995.6,29.6,58.0,1.4,284.0,3.8,267.0,0.0,,,,,,,,,,2017-04-11T11:27:00,,,,,,,,,,,,,,,,,,
2017-04-11 13:00:00,995.2,29.1,62.0,2.0,275.0,4.1,245.0,0.0,,,,,,,,,,2017-04-11T12:41:00,,,,,,,,,,,,,,,,,,
2017-04-11 14:00:00,994.6,28.8,64.0,2.2,238.0,4.8,242.0,0.0,,,,,,,,,,2017-04-11T13:36:00,,,,,,,,,,,,,,,,,,
2017-04-11 15:00:00,994.4,29.3,66.0,2.7,229.0,5.3,205.0,0.0,,,,,,,,,,2017-04-11T14:55:00,,,,,,,,,,,,,,,,,,
2017-04-11 16:00:00,994.2,28.5,68.0,2.9,247.0,5.2,240.0,0.0,,,,,,,,,,2017-04-11T15:34:00,,,,,,,,,,,,,,,,,,
2017-04-11 17:00:00,994.4,27.9,72.0,2.0,237.0,5.5,234.0,0.0,,,,,,,,,,2017-04-11T16:02:00,,,,,,,,,,,,,,,,,,
2017-04-11 18:00:00,995.0,26.0,80.0,2.2,216.0,5.3,194.0,0.0,,,,,,,,,,2017-04-11T17:35:00,,,,,,,,,,,,,,,,,,
2017-04-11 19:00:00,995.3,25.7,80.0,0.4,153.0,3.0,198.0,0.0,,,,,,,,,,2017-04-11T18:04:00,,,,,,,,,,,,,,,,,,
2017-04-11 20:00:00,995.6,25.8,81.0,1.0,282.0,1.3,294.0,0.0,,,,,,,,,,2017-04-11T19:56:00,,,,,,,,,,,,,,,,,,
2017-04-11 21:00:00,996.1,24.8,92.0,2.0,240.0,4.0,198.0,1.0,,,,,,,,,,2017-04-11T21:00:00,,,,,,,,,,,,,,,,,,
2017-04-11 22:00:00,996.7,24.8,91.0,1.1,219.0,3.7,211.0,0.0,,,,,,,,,,2017-04-11T21:01:00,,,,,,,,,,,,,,,,,,
2017-04-11 23:00:00,997.1,24.6,91.0,0.5,4.0,2.7,172.0,0.5,,,,,,,,,,2017-04-11T22:27:00,,,,,,,,,,,,,,,,,,
2017-04-12 00:00:00,997.1,25.0,89.0,0.6,287.0,3.0,181.0,0.0,,,,,,,,,,2017-04-11T23:46:00,,,,,,,,,,,,,,,,,,
2017-04-12 01:00:00,997.2,24.4,93.0,1.0,10.0,2.6,118.0,1.0,,,,,,,,,,2017-04-12T00:42:00,,,,,,,,,,,,,,,,,,
2017-04-12 02:00:00,996.8,24.1,94.0,1.5,57.0,3.1,21.0,4.5,,,,,,,,,,2017-04-12T01:04:00,,,,,,,,,,,,,,,,,,
2017-04-12 03:00:00,996.1,24.0,93.0,1.0,56.0,4.0,165.0,2.0,,,,,,,,,,2017-04-12T02:10:00,,,,,,,,,,,,,,,,,,
2017-04-12 04:00:00,995.7,23.8,93.0,0.0,0.0,1.8,13.0,0.5,,,,,,,,,,2017-04-12T03:19:00,,,,,,,,,,,,,,,,,,
2017-04-12 05:00:00,996.3,23.7,94.0,0.2,0.0,1.8,60.0,1.0,,,,,,,,,,2017-04-12T04:44:00,,,,,,,,,,,,,,,,,,
2017-04-12 06:00:00,996.4,23.6,95.0,0.5,53.0,1.9,346.0,0.0,,,,,,,,,,2017-04-12T05:29:00,,,,,,,,,,,,,,,,,,
2017-04-12 07:00:00,997.2,23.8,95.0,0.9,347.0,2.3,336.0,0.5,,,,,,,,,,2017-04-12T06:54:00,,,,,,,,,,,,,,,,,,
2017-04-12 08:00:00,997.8,23.7,95.0,1.2,155.0,2.3,140.0,6.0,,,,,,,,,,2017-04-12T07:55:00,,,,,,,,,,,,,,,,,,
2017-04-12 09:00:00,998.9,23.2,96.0,1.6,273.0,3.0,261.0,8.0,,,,,,,,,,2017-04-12T08:33:00,,,,,,,,,,,,,,,,,,
2017-04-12 10:00:00,998.9,23.4,95.0,0.1,0.0,2.9,197.0,8.5,,,,,,,,,,2017-04-12T09:21:00,,,,,,,,,,,,,,,,,,
2017-04-12 11:00:00,998.6,23.6,91.0,1.5,15.0,3.4,116.0,1.0,,,,,,,,,,2017-04-12T10:36:00,,,,,,,,,,,,,,,,,,
2017-04-12 12:00:00,998.2,22.9,94.0,1.0,22.0,3.8,12.0,6.5,,,,,,,,,,2017-04-12T11:51:00,,,,,,,,,,,,,,,,,,
2017-04-12 13:00:00,997.4,23.6,93.0,1.0,15.0,2.8,353.0,0.5,,,,,,,,,,2017-04-12T12:05:00,,,,,,,,,,,,,,,,,,
2017-04-12 14:00:00,997.4,22.4,95.0,0.7,177.0,3.1,260.0,9.0,,,,,,,,,,2017-04-12T13:16:00,,,,,,,,,,,,,,,,,,
2017-04-12 15:00:00,997.5,22.8,96.0,1.5,214.0,2.4,218.0,0.5,,,,,,,,,,2017-04-12T14:20:00,,,,,,,,,,,,,,,,,,
2017-04-12 16:00:00,997.5,22.6,96.0,0.7,60.0,2.1,210.0,0.0,,,,,,,,,,2017-04-12T15:11:00,,,,,,,,,,,,,,,,,,
2017-04-12 17:00:00,997.5,23.0,95.0,0.6,67.0,1.4,60.0,0.0,,,,,,,,,,2017-04-12T16:02:00,,,,,,,,,,,,,,,,,,
2017-04-12 18:00:00,997.8,23.2,95.0,1.0,248.0,2.0,269.0,0.0,,,,,,,,,,2017-04-12T17:43:00,,,,,,,,,,,,,,,,,,
2017-04-12 19:00:00,998.4,22.9,96.0,1.5,225.0,2.1,224.0,0.0,,,,,,,,,,2017-04-12T18:58:00,,,,,,,,,,,,,,,,,,
2017-04-12 20:00:00,999.0,22.6,96.0,0.8,210.0,1.7,229.0,0.0,,,,,,,,,,2017-04-12T19:03:00,,,,,,,,,,,,,,,,,,
2017-04-12 21:00:00,999.5,22.3,96.0,0.6,244.0,2.2,221.0,0.0,,,,,,,,,,2017-04-12T20:37:00,,,,,,,,,,,,,,,,,,
2017-04-12 22:00:00,999.8,22.0,96.0,1.0,184.0,2.6,209.0,0.0,,,,,,,,,,2017-04-12T21:42:00,,,,,,,,,,,,,,,,,,
2017-04-12 23:00:00,1000.5,21.8,96.0,1.8,204.0,2.9,227.0,0.0,,,,,,,,,,2017-04-12T22:42:00,,,,,,,,,,,,,,,,,,
2017-04-13 00:00:00,1001.1,20.1,96.0,1.9,223.0,4.8,193.0,0.0,,,,,,,,,,2017-04-12T23:12:00,,,,,,,,,,,,,,,,,,
2017-04-13 01:00:00,1001.9,18.7,94.0,1.1,186.0,5.4,291.0,0.0,,,,,,,,,,2017-04-13T00:21:00,,,,,,,,,,,,,,,,,,
2017-04-13 02:00:00,1001.1,19.6,94.0,1.1,71.0,3.9,56.0,1.5,,,,,,,,,,2017-04-13T01:41:00,,,,,,,,,,,,,,,,,,
2017-04-13 03:00:00,1000.2,19.9,95.0,0.8,356.0,3.4,12.0,3.0,,,,,,,,,,2017-04-13T02:19:00,,,,,,,,,,,,,,,,,,
2017-04-13 04:00:00,999.8,20.2,95.0,1.1,303.0,2.7,156.0,0.5,,,,,,,,,,2017-04-13T03:30:00,,,,,,,,,,,,,,,,,,
2017-04-13 05:00:00,1000.1,20.2,96.0,0.7,247.0,2.4,145.0,0.0,,,,,,,,,,2017-04-13T04:18:00,,,,,,,,,,,,,,,,,,
2017-04-13 06:00:00,1000.3,20.0,96.0,1.3,194.0,2.4,207.0,0.0,,,,,,,,,,2017-04-13T05:55:00,,,,,,,,,,,,,,,,,,
2017-04-13 07:00:00,1001.1,20.2,96.0,1.2,183.0,2.8,185.0,0.0,,,,,,,,,,2017-04-13T07:00:00,,,,,,,,,,,,,,,,,,
2017-04-13 08:00:00,1002.2,19.5,96.0,1.5,189.0,3.4,175.0,0.0,,,,,,,,,,2017-04-13T07:46:00,,,,,,,,,,,,,,,,,,
2017-04-13 09:00:00,1003.0,19.9,95.0,1.5,196.0,2.0,160.0,0.0,,,,,,,,,,2017-04-13T08:03:00,,,,,,,,,,,,,,,,,,
2017-04-13 10:00:00,1002.9,20.3,94.0,0.9,278.0,1.9,175.0,0.0,,,,,,,,,,2017-04-13T09:28:00,,,,,,,,,,,,,,,,,,
2017-04-13 11:00:00,1002.6,21.4,91.0,0.4,251.0,1.6,215.0,0.0,,,,,,,,,,2017-04-13T10:37:00,,,,,,,,,,,,,,,,,,
2017-04-13 12:00:00,1001.9,23.5,84.0,0.8,220.0,1.8,295.0,0.0,,,,,,,,,,2017-04-13T11:27:00,,,,,,,,,,,,,,,,,,
2017-04-13 13:00:00,1001.1,24.6,81.0,1.7,258.0,2.5,268.0,0.0,,,,,,,,,,2017-04-13T12:32:00,,,,,,,,,,,,,,,,,,
2017-04-13 14:00:00,1000.8,23.8,82.0,2.0,274.0,3.1,243.0,0.0,,,,,,,,,,2017-04-13T13:44:00,,,,,,,,,,,,,,,,,,
2017-04-13 15:00:00,1000.6,23.8,83.0,1.5,215.0,3.4,269.0,0.0,,,,,,,,,,2017-04-13T14:04:00,,,,,,,,,,,,,,,,,,
2017-04-13 16:00:00,1000.5,22.2,92.0,0.7,352.0,2.3,204.0,0.5,,,,,,,,,,2017-04-13T15:04:00,,,,,,,,,,,,,,,,,,
2017-04-13 17:00:00,1000.4,22.5,89.0,0.9,353.0,1.7,352.0,0.0,,,,,,,,,,2017-04-13T16:53:00,,,,,,,,,,,,,,,,,,
2017-04-13 18:00:00,1001.0,22.1,91.0,0.7,280.0,2.0,302.0,0.0,,,,,,,,,,2017-04-13T17:42:00,,,,,,,,,,,,,,,,,,
2017-04-13 19:00:00,1001.6,21.5,91.0,1.8,195.0,2.6,194.0,0.0,,,,,,,,,,2017-04-13T18:58:00,,,,,,,,,,,,,,,,,,
2017-04-13 20:00:00,1002.0,21.1,91.0,0.1,0.0,2.6,175.0,0.0,,,,,,,,,,2017-04-13T19:01:00,,,,,,,,,,,,,,,,,,
2017-04-13 21:00:00,1002.2,20.7,93.0,0.3,332.0,1.0,90.0,0.0,,,,,,,,,,2017-04-13T20:26:00,,,,,,,,,,,,,,,,,,
2017-04-13 22:00:00,1002.6,20.7,95.0,0.0,0.0,1.5,214.0,0.0,,,,,,,,,,2017-04-13T21:20:00,,,,,,,,,,,,,,,,,,
2017-04-13 23:00:00,1002.3,20.8,95.0,0.8,279.0,1.5,20.0,0.0,,,,,,,,,,2017-04-13T22:29:00,,,,,,,,,,,,,,,,,,
2017-04-14 00:00:00,1002.2,20.8,96.0,0.4,114.0,1.5,123.0,0.0,,,,,,,,,,2017-04-13T23:46:00,,,,,,,,,,,,,,,,,,
2017-04-14 01:00:00,1001.8,20.9,96.0,0.4,257.0,1.2,281.0,0.0,,,,,,,,,,2017-04-14T00:48:00,,,,,,,,,,,,,,,,,,
2017-04-14 02:00:00,1001.4,20.9,96.0,0.1,0.0,1.4,258.0,0.0,,,,,,,,,,2017-04-14T01:07:00,,,,,,,,,,,,,,,,,,
2017-04-14 03:00:00,1000.6,21.2,96.0,0.4,44.0,1.2,37.0,0.0,,,,,,,,,,2017-04-14T02:40:00,,,,,,,,,,,,,,,,,,
2017-04-14 04:00:00,1000.4,21.3,95.0,0.3,289.0,1.0,70.0,0.0,,,,,,,,,,2017-04-14T03:03:00,,,,,,,,,,,,,,,,,,
2017-04-14 05:00:00,1000.3,21.3,95.0,0.0,0.0,1.0,349.0,0.0,,,,,,,,,,2017-04-14T04:51:00,,,,,,,,,,,,,,,,,,
2017-04-14 06:00:00,1000.6,21.3,96.0,0.2,0.0,1.4,239.0,0.0,,,,,,,,,,2017-04-14T05:19:00,,,,,,,,,,,,,,,,,,
2017-04-14 07:00:00,1001.2,21.6,95.0,0.6,90.0,1.4,73.0,0.0,,,,,,,,,,2017-04-14T06:59:00,,,,,,,,,,,,,,,,,,
2017-04-14 08:00:00,1001.3,23.0,85.0,1.0,25.0,2.5,66.0,0.0,,,,,,,,,,2017-04-14T07:29:00,,,,,,,,,,,,,,,,,,
2017-04-14 09:00:00,1001.1,25.5,71.0,1.3,59.0,2.6,355.0,0.0,,,,,,,,,,2017-04-14T08:23:00,,,,,,,,,,,,,,,,,,
2017-04-14 10:00:00,1001.0,28.5,63.0,1.7,218.0,3.0,239.0,0.0,,,,,,,,,,2017-04-14T09:57:00,,,,,,,,,,,,,,,,,,
2017-04-14 11:00:00,1000.7,28.7,63.0,2.4,268.0,5.2,231.0,0.0,,,,,,,,,,2017-04-14T10:58:00,,,,,,,,,,,,,,,,,,
2017-04-14 12:00:00,1000.3,28.2,62.0,1.8,288.0,4.2,283.0,0.0,,,,,,,,,,2017-04-14T11:07:00,,,,,,,,,,,,,,,,,,
2017-04-14 13:00:00,999.6,29.0,61.0,1.1,262.0,2.7,264.0,0.0,,,,,,,,,,2017-04-14T12:51:00,,,,,,,,,,,,,,,,,,
2017-04-14 14:00:00,998.6,28.6,61.0,0.7,9.0,2.9,216.0,0.0,,,,,,,,,,2017-04-14T13:01:00,,,,,,,,,,,,,,,,,,
2017-04-14 15:00:00,998.2,29.7,57.0,1.3,317.0,3.3,313.0,0.0,,,,,,,,,,2017-04-14T14:26:00,,,,,,,,,,,,,,,,,,
2017-04-14 16:00:00,997.8,30.4,56.0,2.3,280.0,4.5,299.0,0.0,,,,,,,,,,2017-04-14T15:15:00,,,,,,,,,,,,,,,,,,
2017-04-14 17:00:00,998.1,28.1,64.0,1.9,282.0,4.0,281.0,0.0,,,,,,,,,,2017-04-14T16:04:00,,,,,,,,,,,,,,,,,,
2017-04-14 18:00:00,998.7,27.1,70.0,2.0,274.0,3.8,300.0,0.0,,,,,,,,,,2017-04-14T17:13:00,,,,,,,,,,,,,,,,,,
2017-04-14 19:00:00,999.1,25.0,80.0,1.4,204.0,3.3,279.0,0.0,,,,,,,,,,2017-04-14T18:01:00,,,,,,,,,,,,,,,,,,
2017-04-14 20:00:00,999.6,24.1,84.0,1.3,152.0,2.2,204.0,0.0,,,,,,,,,,2017-04-14T19:03:00,,,,,,,,,,,,,,,,,,
2017-04-14 21:00:00,1000.3,23.5,87.0,0.7,200.0,2.0,120.0,0.0,,,,,,,,,,2017-04-14T20:01:00,,,,,,,,,,,,,,,,,,
2017-04-14 22:00:00,1000.6,23.1,89.0,0.3,43.0,1.5,122.0,0.0,,,,,,,,,,2017-04-14T21:24:00,,,,,,,,,,,,,,,,,,
2017-04-14 23:00:00,1000.4,22.8,88.0,0.8,54.0,1.7,41.0,0.0,,,,,,,,,,2017-04-14T22:51:00,,,,,,,,,,,,,,,,,,
2017-04-15 00:00:00,1000.0,22.8,87.0,1.3,61.0,2.1,49.0,0.0,,,,,,,,,,2017-04-14T23:49:00,,,,,,,,,,,,,,,,,,
2017-04-15 01:00:00,999.7,22.4,88.0,0.6,68.0,2.1,20.0,0.0,,,,,,,,,,2017-04-15T00:43:00,,,,,,,,,,,,,,,,,,
2017-04-15 02:00:00,999.0,22.0,90.0,0.9,36.0,2.4,71.0,0.0,,,,,,,,,,2017-04-15T01:24:00,,,,,,,,,,,,,,,,,,
2017-04-15 03:00:00,998.8,21.3,92.0,0.4,12.0,2.0,72.0,0.0,,,,,,,,,,2017-04-15T02:03:00,,,,,,,,,,,,,,,,,,
2017-04-15 04:00:00,999.1,21.0,93.0,0.8,77.0,2.6,7.0,0.0,,,,,,,,,,2017-04-15T03:33:00,,,,,,,,,,,,,,,,,,
2017-04-15 05:00:00,999.1,20.9,93.0,1.1,67.0,2.1,64.0,0.0,,,,,,,,,,2017-04-15T04:49:00,,,,,,,,,,,,,,,,,,
2017-04-15 06:00:00,999.4,20.7,93.0,1.0,51.0,2.2,51.0,0.0,,,,,,,,,,2017-04-15T05:01:00,,,,,,,,,,,,,,,,,,
2017-04-15 07:00:00,1000.1,22.1,86.0,0.9,42.0,2.7,53.0,0.0,,,,,,,,,,2017-04-15T06:49:00,,,,,,,,,,,,,,,,,,
2017-04-15 08:00:00,1000.8,25.0,71.0,0.7,5.0,2.6,63.0,0.0,,,,,,,,,,2017-04-15T07:25:00,,,,,,,,,,,,,,,,,,
2017-04-15 09:00:00,1001.2,28.3,59.0,0.8,190.0,2.3,172.0,0.0,,,,,,,,,,2017-04-15T09:00:00,,,,,,,,,,,,,,,,,,
2017-04-15 10:00:00,1001.0,29.7,59.0,1.4,258.0,2.8,163.0,0.0,,,,,,,,,,2017-04-15T09:03:00,,,,,,,,,,,,,,,,,,
2017-04-15 11:00:00,1000.8,31.9,56.0,2.7,240.0,5.2,271.0,0.0,,,,,,,,,,2017-04-15T10:56:00,,,,,,,,,,,,,,,,,,
2017-04-15 12:00:00,1000.2,32.4,54.0,2.0,278.0,4.6,226.0,0.0,,,,,,,,,,2017-04-15T11:16:00,,,,,,,,,,,,,,,,,,
2017-04-15 13:00:00,999.5,32.9,51.0,2.5,282.0,5.8,200.0,0.0,,,,,,,,,,2017-04-15T12:24:00,,,,,,,,,,,,,,,,,,
2017-04-15 14:00:00,998.7,32.4,51.0,1.7,242.0,4.9,206.0,0.0,,,,,,,,,,2017-04-15T13:41:00,,,,,,,,,,,,,,,,,,
2017-04-15 15:00:00,998.4,31.5,52.0,1.5,279.0,5.5,253.0,0.0,,,,,,,,,,2017-04-15T14:37:00,,,,,,,,,,,,,,,,,,
2017-04-15 16:00:00,997.9,30.0,60.0,2.5,272.0,4.9,262.0,0.0,,,,,,,,,,2017-04-15T15:55:00,,,,,,,,,,,,,,,,,,
2017-04-15 17:00:00,997.9,29.0,64.0,1.9,285.0,4.6,226.0,0.0,,,,,,,,,,2017-04-15T16:05:00,,,,,,,,,,,,,,,,,,
2017-04-15 18:00:00,998.2,28.3,66.0,2.0,231.0,3.5,243.0,0.0,,,,,,,,,,2017-04-15T18:00:00,,,,,,,,,,,,,,,,,,
2017-04-15 19:00:00,998.6,27.1,73.0,1.2,215.0,3.9,242.0,0.0,,,,,,,,,,2017-04-15T18:01:00,,,,,,,,,,,,,,,,,,
2017-04-15 20:00:00,999.4,26.7,74.0,1.0,287.0,2.3,238.0,0.0,,,,,,,,,,2017-04-15T19:14:00,,,,,,,,,,,,,,,,,,
2017-04-15 21:00:00,999.7,26.2,78.0,1.3,218.0,2.2,296.0,0.0,,,,,,,,,,2017-04-15T20:03:00,,,,,,,,,,,,,,,,,,
2017-04-15 22:00:00,1000.0,25.7,80.0,1.3,173.0,1.9,164.0,0.0,,,,,,,,,,2017-04-15T22:00:00,,,,,,,,,,,,,,,,,,
2017-04-15 23:00:00,999.7,24.6,85.0,0.7,82.0,1.9,148.0,0.0,,,,,,,,,,2017-04-15T22:05:00,,,,,,,,,,,,,,,,,,
2017-04-16 00:00:00,999.6,23.8,90.0,0.1,0.0,1.2,84.0,0.0,,,,,,,,,,2017-04-15T23:16:00,,,,,,,,,,,,,,,,,,
2017-04-16 01:00:00,999.5,23.8,88.0,0.7,65.0,1.3,71.0,0.0,,,,,,,,,,2017-04-16T00:16:00,,,,,,,,,,,,,,,,,,
2017-04-16 02:00:00,999.1,23.4,91.0,0.8,69.0,1.7,73.0,0.0,,,,,,,,,,2017-04-16T01:52:00,,,,,,,,,,,,,,,,,,
2017-04-16 03:00:00,998.7,23.2,91.0,0.9,59.0,1.8,63.0,0.0,,,,,,,,,,2017-04-16T02:44:00,,,,,,,,,,,,,,,,,,
2017-04-16 04:00:00,998.7,22.8,91.0,0.7,50.0,1.9,68.0,0.0,,,,,,,,,,2017-04-16T03:50:00,,,,,,,,,,,,,,,,,,
2017-04-16 05:00:00,998.9,22.5,92.0,0.3,45.0,2.2,52.0,0.0,,,,,,,,,,2017-04-16T04:30:00,,,,,,,,,,,,,,,,,,
2017-04-16 06:00:00,999.3,22.4,91.0,0.6,115.0,1.7,64.0,0.0,,,,,,,,,,2017-04-16T05:33:00,,,,,,,,,,,,,,,,,,
2017-04-16 07:00:00,999.8,23.6,86.0,0.6,349.0,1.4,68.0,0.0,,,,,,,,,,2017-04-16T06:46:00,,,,,,,,,,,,,,,,,,
2017-04-16 08:00:00,1000.6,26.7,73.0,1.1,190.0,1.8,198.0,0.0,,,,,,,,,,2017-04-16T07:57:00,,,,,,,,,,,,,,,,,,
2017-04-16 09:00:00,1000.9,29.1,65.0,1.5,197.0,2.6,193.0,0.0,,,,,,,,,,2017-04-16T08:50:00,,,,,,,,,,,,,,,,,,
2017-04-16 10:00:00,1000.6,31.0,61.0,1.9,208.0,3.9,197.0,0.0,,,,,,,,,,2017-04-16T09:44:00,,,,,,,,,,,,,,,,,,
2017-04-16 11:00:00,1000.2,31.9,55.0,2.2,263.0,4.2,246.0,0.0,,,,,,,,,,2017-04-16T10:53:00,,,,,,,,,,,,,,,,,,
2017-04-16 12:00:00,999.7,32.5,51.0,1.9,243.0,4.3,208.0,0.0,,,,,,,,,,2017-04-16T11:25:00,,,,,,,,,,,,,,,,,,
2017-04-16 13:00:00,998.8,32.5,51.0,1.3,319.0,4.4,182.0,0.0,,,,,,,,,,2017-04-16T12:32:00,,,,,,,,,,,,,,,,,,
2017-04-16 14:00:00,998.4,31.8,56.0,2.5,267.0,5.7,172.0,0.0,,,,,,,,,,2017-04-16T13:07:00,,,,,,,,,,,,,,,,,,
2017-04-16 15:00:00,997.9,32.1,56.0,2.8,286.0,5.7,243.0,0.0,,,,,,,,,,2017-04-16T14:08:00,,,,,,,,,,,,,,,,,,
2017-04-16 16:00:00,997.6,31.0,60.0,3.0,300.0,6.3,293.0,0.0,,,,,,,,,,2017-04-16T15:56:00,,,,,,,,,,,,,,,,,,
2017-04-16 17:00:00,997.4,30.2,62.0,2.3,280.0,6.0,293.0,0.0,,,,,,,,,,2017-04-16T16:04:00,,,,,,,,,,,,,,,,,,
2017-04-16 18:00:00,997.9,28.3,68.0,1.4,277.0,4.2,304.0,0.0,,,,,,,,,,2017-04-16T17:34:00,,,,,,,,,,,,,,,,,,
2017-04-16 19:00:00,998.4,27.3,72.0,2.0,276.0,4.1,296.0,0.0,,,,,,,,,,2017-04-16T18:30:00,,,,,,,,,,,,,,,,,,
2017-04-16 20:00:00,998.7,26.5,75.0,1.2,263.0,3.4,291.0,0.0,,,,,,,,,,2017-04-16T19:01:00,,,,,,,,,,,,,,,,,,
2017-04-16 21:00:00,999.2,25.2,82.0,1.1,74.0,1.4,71.0,0.0,,,,,,,,,,2017-04-16T20:59:00,,,,,,,,,,,,,,,,,,
2017-04-16 22:00:00,999.7,24.5,85.0,0.3,343.0,1.6,71.0,0.0,,,,,,,,,,2017-04-16T21:03:00,,,,,,,,,,,,,,,,,,
2017-04-16 23:00:00,999.2,24.0,88.0,0.7,27.0,1.5,1.0,0.0,,,,,,,,,,2017-04-16T23:00:00,,,,,,,,,,,,,,,,,,
2017-04-17 00:00:00,999.1,23.3,90.0,0.7,58.0,1.8,90.0,0.0,,,,,,,,,,2017-04-16T23:23:00,,,,,,,,,,,,,,,,,,
2017-04-17 01:00:00,998.4,23.2,90.0,1.1,5.0,2.1,14.0,0.0,,,,,,,,,,2017-04-17T00:23:00,,,,,,,,,,,,,,,,,,
2017-04-17 02:00:00,997.6,22.6,91.0,0.5,92.0,1.7,61.0,0.0,,,,,,,,,,2017-04-17T01:38:00,,,,,,,,,,,,,,,,,,
2017-04-17 03:00:00,997.0,22.1,93.0,0.0,0.0,1.6,70.0,0.0,,,,,,,,,,2017-04-17T02:28:00,,,,,,,,,,,,,,,,,,
2017-04-17 04:00:00,997.2,21.9,94.0,0.7,49.0,1.4,56.0,0.0,,,,,,,,,,2017-04-17T03:58:00,,,,,,,,,,,,,,,,,,
2017-04-17 05:00:00,997.6,21.8,93.0,0.0,0.0,2.0,51.0,0.0,,,,,,,,,,2017-04-17T04:28:00,,,,,,,,,,,,,,,,,,
2017-04-17 06:00:00,997.9,21.8,92.0,0.7,16.0,1.6,63.0,0.0,,,,,,,,,,2017-04-17T05:31:00,,,,,,,,,,,,,,,,,,
2017-04-17 07:00:00,998.0,22.7,87.0,1.0,81.0,2.6,2.0,0.0,,,,,,,,,,2017-04-17T06:38:00,,,,,,,,,,,,,,,,,,
2017-04-17 08:00:00,998.1,26.1,69.0,1.6,32.0,3.3,66.0,0.0,,,,,,,,,,2017-04-17T07:29:00,,,,,,,,,,,,,,,,,,
2017-04-17 09:00:00,998.4,29.6,57.0,1.2,297.0,2.4,337.0,0.0,,,,,,,,,,2017-04-17T08:19:00,,,,,,,,,,,,,,,,,,
2017-04-17 10:00:00,998.1,32.3,55.0,2.9,215.0,5.1,221.0,0.0,,,,,,,,,,2017-04-17T09:54:00,,,,,,,,,,,,,,,,,,
2017-04-17 11:00:00,997.5,33.2,54.0,3.4,206.0,5.5,226.0,0.0,,,,,,,,,,2017-04-17T10:56:00,,,,,,,,,,,,,,,,,,
2017-04-17 12:00:00,996.6,34.3,51.0,2.5,193.0,5.8,217.0,0.0,,,,,,,,,,2017-04-17T11:13:00,,,,,,,,,,,,,,,,,,
2017-04-17 13:00:00,995.5,34.4,50.0,2.7,263.0,6.7,216.0,0.0,,,,,,,,,,2017-04-17T12:21:00,,,,,,,,,,,,,,,,,,
2017-04-17 14:00:00,994.6,34.5,51.0,2.8,220.0,7.0,196.0,0.0,,,,,,,,,,2017-04-17T13:31:00,,,,,,,,,,,,,,,,,,
2017-04-17 15:00:00,993.8,34.6,50.0,2.3,245.0,6.1,185.0,0.0,,,,,,,,,,2017-04-17T14:08:00,,,,,,,,,,,,,,,,,,
2017-04-17 16:00:00,993.6,34.0,52.0,2.6,257.0,6.4,215.0,0.0,,,,,,,,,,2017-04-17T15:43:00,,,,,,,,,,,,,,,,,,
2017-04-17 17:00:00,993.4,32.7,55.0,2.1,241.0,5.6,258.0,0.0,,,,,,,,,,2017-04-17T16:10:00,,,,,,,,,,,,,,,,,,
2017-04-17 18:00:00,993.7,30.3,62.0,2.1,250.0,4.0,229.0,0.0,,,,,,,,,,2017-04-17T17:16:00,,,,,,,,,,,,,,,,,,
2017-04-17 19:00:00,994.5,27.9,71.0,0.9,239.0,3.3,227.0,0.0,,,,,,,,,,2017-04-17T18:05:00,,,,,,,,,,,,,,,,,,
2017-04-17 20:00:00,995.1,27.5,73.0,1.1,170.0,2.0,214.0,0.0,,,,,,,,,,2017-04-17T19:23:00,,,,,,,,,,,,,,,,,,
2017-04-17 21:00:00,995.8,26.7,79.0,0.5,187.0,1.7,158.0,0.0,,,,,,,,,,2017-04-17T20:19:00,,,,,,,,,,,,,,,,,,
2017-04-17 22:00:00,995.9,25.9,81.0,0.0,0.0,1.5,218.0,0.0,,,,,,,,,,2017-04-17T21:18:00,,,,,,,,,,,,,,,,,,
2017-04-17 23:00:00,995.7,24.9,85.0,0.9,66.0,1.4,64.0,0.0,,,,,,,,,,2017-04-17T22:52:00,,,,,,,,,,,,,,,,,,
2017-04-18 00:00:00,995.1,24.1,88.0,1.2,72.0,1.9,62.0,0.0,,,,,,,,,,2017-04-17T23:41:00,,,,,,,,,,,,,,,,,,
2017-04-18 01:00:00,994.8,23.4,91.0,0.8,73.0,1.9,64.0,0.0,,,,,,,,,,2017-04-18T00:39:00,,,,,,,,,,,,,,,,,,
2017-04-18 02:00:00,994.7,23.4,90.0,1.4,64.0,2.2,48.0,0.0,,,,,,,,,,2017-04-18T01:48:00,,,,,,,,,,,,,,,,,,
2017-04-18 03:00:00,994.2,24.1,88.0,0.9,72.0,2.1,60.0,0.0,,,,,,,,,,2017-04-18T02:49:00,,,,,,,,,,,,,,,,,,
2017-04-18 04:00:00,993.9,23.7,90.0,1.0,358.0,2.3,49.0,0.0,,,,,,,,,,2017-04-18T03:24:00,,,,,,,,,,,,,,,,,,
2017-04-18 05:00:00,993.9,23.5,87.0,1.6,20.0,3.1,10.0,0.0,,,,,,,,,,2017-04-18T04:58:00,,,,,,,,,,,,,,,,,,
2017-04-18 06:00:00,994.2,22.6,89.0,0.9,119.0,2.0,7.0,0.0,,,,,,,,,,2017-04-18T05:07:00,,,,,,,,,,,,,,,,,,
2017-04-18 07:00:00,995.1,23.1,86.0,1.1,111.0,2.2,85.0,0.0,,,,,,,,,,2017-04-18T06:43:00,,,,,,,,,,,,,,,,,,
2017-04-18 08:00:00,995.4,27.1,69.0,1.0,329.0,2.4,2.0,0.0,,,,,,,,,,2017-04-18T07:26:00,,,,,,,,,,,,,,,,,,
2017-04-18 09:00:00,995.3,29.0,65.0,0.8,292.0,3.0,276.0,0.0,,,,,,,,,,2017-04-18T08:53:00,,,,,,,,,,,,,,,,,,
2017-04-18 10:00:00,995.2,30.3,56.0,0.9,11.0,3.0,265.0,0.0,,,,,,,,,,2017-04-18T09:03:00,,,,,,,,,,,,,,,,,,
2017-04-18 11:00:00,995.3,32.8,55.0,2.6,222.0,6.7,225.0,0.0,,,,,,,,,,2017-04-18T10:53:00,,,,,,,,,,,,,,,,,,
2017-04-18 12:00:00,995.0,32.6,56.0,2.3,252.0,5.3,231.0,0.0,,,,,,,,,,2017-04-18T11:59:00,,,,,,,,,,,,,,,,,,
2017-04-18 13:00:00,994.5,33.8,53.0,2.9,241.0,6.2,227.0,0.0,,,,,,,,,,2017-04-18T12:45:00,,,,,,,,,,,,,,,,,,
2017-04-18 14:00:00,993.7,34.3,50.0,3.1,246.0,5.8,227.0,0.0,,,,,,,,,,2017-04-18T13:50:00,,,,,,,,,,,,,,,,,,
2017-04-18 15:00:00,993.6,34.4,48.0,3.5,237.0,7.2,238.0,0.0,,,,,,,,,,2017-04-18T14:49:00,,,,,,,,,,,,,,,,,,
2017-04-18 16:00:00,993.6,33.5,52.0,2.4,243.0,6.4,212.0,0.0,,,,,,,,,,2017-04-18T15:12:00,,,,,,,,,,,,,,,,,,
2017-04-18 17:00:00,994.1,31.3,60.0,2.6,246.0,5.8,237.0,0.0,,,,,,,,,,2017-04-18T16:05:00,,,,,,,,,,,,,,,,,,
2017-04-18 18:00:00,994.8,28.9,69.0,1.7,232.0,5.2,242.0,0.0,,,,,,,,,,2017-04-18T17:06:00,,,,,,,,,,,,,,,,,,
2017-04-18 19:00:00,995.4,26.9,79.0,1.5,206.0,3.0,211.0,0.0,,,,,,,,,,2017-04-18T18:02:00,,,,,,,,,,,,,,,,,,
2017-04-18 20:00:00,995.8,26.0,83.0,1.3,199.0,2.7,183.0,0.0,,,,,,,,,,2017-04-18T19:44:00,,,,,,,,,,,,,,,,,,
2017-04-18 21:00:00,996.4,25.5,85.0,0.1,0.0,1.8,182.0,0.0,,,,,,,,,,2017-04-18T20:36:00,,,,,,,,,,,,,,,,,,
2017-04-18 22:00:00,996.7,24.6,88.0,1.0,77.0,1.5,79.0,0.0,,,,,,,,,,2017-04-18T21:43:00,,,,,,,,,,,,,,,,,,
2017-04-18 23:00:00,996.4,24.3,90.0,0.9,78.0,1.9,351.0,0.0,,,,,,,,,,2017-04-18T22:27:00,,,,,,,,,,,,,,,,,,
2017-04-19 00:00:00,995.8,24.3,89.0,1.1,70.0,2.1,51.0,0.0,,,,,,,,,,2017-04-18T23:40:00,,,,,,,,,,,,,,,,,,
2017-04-19 01:00:00,995.4,23.7,92.0,0.9,100.0,1.6,12.0,0.0,,,,,,,,,,2017-04-19T00:43:00,,,,,,,,,,,,,,,,,,
2017-04-19 02:00:00,995.2,23.9,90.0,1.2,30.0,1.8,74.0,0.0,,,,,,,,,,2017-04-19T01:12:00,,,,,,,,,,,,,,,,,,
2017-04-19 03:00:00,994.9,23.5,92.0,1.1,64.0,2.4,58.0,0.0,,,,,,,,,,2017-04-19T02:55:00,,,,,,,,,,,,,,,,,,
2017-04-19 04:00:00,995.0,23.1,92.0,0.7,205.0,1.7,59.0,0.0,,,,,,,,,,2017-04-19T03:07:00,,,,,,,,,,,,,,,,,,
2017-04-19 05:00:00,995.3,23.0,93.0,1.0,43.0,1.7,41.0,0.0,,,,,,,,,,2017-04-19T04:53:00,,,,,,,,,,,,,,,,,,
2017-04-19 06:00:00,995.4,22.9,90.0,1.6,55.0,2.9,52.0,0.0,,,,,,,,,,2017-04-19T05:57:00,,,,,,,,,,,,,,,,,,
2017-04-19 07:00:00,996.2,23.2,89.0,0.4,133.0,1.9,48.0,0.0,,,,,,,,,,2017-04-19T06:10:00,,,,,,,,,,,,,,,,,,
2017-04-19 08:00:00,997.3,26.9,75.0,0.8,258.0,2.3,281.0,0.0,,,,,,,,,,2017-04-19T07:53:00,,,,,,,,,,,,,,,,,,
2017-04-19 09:00:00,997.5,28.3,71.0,1.5,227.0,3.8,248.0,0.0,,,,,,,,,,2017-04-19T08:45:00,,,,,,,,,,,,,,,,,,
2017-04-19 10:00:00,997.1,31.2,60.0,2.2,201.0,3.7,201.0,0.0,,,,,,,,,,2017-04-19T09:58:00,,,,,,,,,,,,,,,,,,
2017-04-19 11:00:00,996.8,33.2,54.0,2.6,238.0,5.5,250.0,0.0,,,,,,,,,,2017-04-19T10:52:00,,,,,,,,,,,,,,,,,,
2017-04-19 12:00:00,996.1,34.4,46.0,2.7,212.0,5.1,218.0,0.0,,,,,,,,,,2017-04-19T11:48:00,,,,,,,,,,,,,,,,,,
2017-04-19 13:00:00,995.3,35.3,41.0,2.5,204.0,5.3,177.0,0.0,,,,,,,,,,2017-04-19T12:35:00,,,,,,,,,,,,,,,,,,
2017-04-19 14:00:00,994.4,35.4,38.0,2.9,191.0,6.3,177.0,0.0,,,,,,,,,,2017-04-19T13:53:00,,,,,,,,,,,,,,,,,,
2017-04-19 15:00:00,993.9,35.2,41.0,3.0,186.0,6.8,217.0,0.0,,,,,,,,,,2017-04-19T14:33:00,,,,,,,,,,,,,,,,,,
2017-04-19 16:00:00,993.8,34.0,43.0,3.8,205.0,8.2,185.0,0.0,,,,,,,,,,2017-04-19T15:05:00,,,,,,,,,,,,,,,,,,
2017-04-19 17:00:00,994.1,31.9,56.0,4.8,208.0,7.8,188.0,0.0,,,,,,,,,,2017-04-19T16:43:00,,,,,,,,,,,,,,,,,,
2017-04-19 18:00:00,995.5,29.2,64.0,2.2,220.0,7.2,224.0,0.0,,,,,,,,,,2017-04-19T17:02:00,,,,,,,,,,,,,,,,,,
2017-04-19 19:00:00,996.5,28.0,69.0,1.9,195.0,3.3,218.0,0.0,,,,,,,,,,2017-04-19T18:03:00,,,,,,,,,,,,,,,,,,
2017-04-19 20:00:00,997.4,27.8,71.0,0.2,0.0,2.6,146.0,0.0,,,,,,,,,,2017-04-19T19:02:00,,,,,,,,,,,,,,,,,,
2017-04-19 21:00:00,998.3,26.7,81.0,1.5,215.0,2.1,230.0,0.0,,,,,,,,,,2017-04-19T20:56:00,,,,,,,,,,,,,,,,,,
2017-04-19 22:00:00,999.1,24.1,88.0,0.0,0.0,3.9,214.0,2.5,,,,,,,,,,2017-04-19T21:34:00,,,,,,,,,,,,,,,,,,
2017-04-19 23:00:00,998.6,23.7,88.0,1.3,13.0,4.9,99.0,3.0,,,,,,,,,,2017-04-19T22:24:00,,,,,,,,,,,,,,,,,,
2017-04-20 00:00:00,997.9,23.4,84.0,1.3,46.0,2.9,60.0,0.0,,,,,,,,,,2017-04-19T23:37:00,,,,,,,,,,,,,,,,,,
2017-04-20 01:00:00,997.1,22.8,87.0,1.0,101.0,2.5,42.0,0.0,,,,,,,,,,2017-04-20T00:35:00,,,,,,,,,,,,,,,,,,
2017-04-20 02:00:00,996.5,23.1,89.0,0.0,0.0,1.7,114.0,0.0,,,,,,,,,,2017-04-20T01:03:00,,,,,,,,,,,,,,,,,,
2017-04-20 03:00:00,996.2,23.0,91.0,0.7,121.0,1.9,3.0,0.0,,,,,,,,,,2017-04-20T02:38:00,,,,,,,,,,,,,,,,,,
2017-04-20 04:00:00,995.9,22.9,92.0,0.0,0.0,1.5,215.0,0.0,,,,,,,,,,2017-04-20T03:14:00,,,,,,,,,,,,,,,,,,
2017-04-20 05:00:00,996.4,22.5,94.0,0.7,121.0,1.5,152.0,0.0,,,,,,,,,,2017-04-20T04:39:00,,,,,,,,,,,,,,,,,,
2017-04-20 06:00:00,996.5,23.0,92.0,0.7,75.0,2.0,61.0,0.0,,,,,,,,,,2017-04-20T05:58:00,,,,,,,,,,,,,,,,,,
2017-04-20 07:00:00,996.8,24.5,84.0,0.3,115.0,1.9,115.0,0.0,,,,,,,,,,2017-04-20T06:49:00,,,,,,,,,,,,,,,,,,
2017-04-20 08:00:00,997.2,28.4,69.0,1.6,199.0,2.3,180.0,0.0,,,,,,,,,,2017-04-20T07:57:00,,,,,,,,,,,,,,,,,,
2017-04-20 09:00:00,997.4,30.1,65.0,1.3,250.0,3.2,265.0,0.0,,,,,,,,,,2017-04-20T08:43:00,,,,,,,,,,,,,,,,,,
2017-04-20 10:00:00,-9999.7,-99.7,-9997.0,-99.7,-999.7,4.7,226.0,0.0,,,,,,,,,,2017-04-20T09:29:00,,,,,,,,,,,,,,,,,,
2017-04-20 11:00:00,997.1,31.1,59.0,2.2,275.0,4.7,255.0,0.0,,,,,,,,,,2017-04-20T10:43:00,,,,,,,,,,,,,,,,,,
2017-04-20 12:00:00,996.4,32.8,58.0,1.7,287.0,5.8,294.0,0.0,,,,,,,,,,2017-04-20T11:40:00,,,,,,,,,,,,,,,,,,
2017-04-20 13:00:00,995.6,32.5,59.0,2.3,289.0,7.0,305.0,0.0,,,,,,,,,,2017-04-20T12:50:00,,,,,,,,,,,,,,,,,,
2017-04-20 14:00:00,994.9,32.7,60.0,3.3,279.0,7.1,275.0,0.0,,,,,,,,,,2017-04-20T13:09:00,,,,,,,,,,,,,,,,,,
2017-04-20 15:00:00,994.8,31.4,61.0,1.8,322.0,7.5,296.0,0.0,,,,,,,,,,2017-04-20T14:17:00,,,,,,,,,,,,,,,,,,
2017-04-20 16:00:00,994.7,30.5,62.0,2.5,280.0,6.4,294.0,0.0,,,,,,,,,,2017-04-20T15:42:00,,,,,,,,,,,,,,,,,,
2017-04-20 17:00:00,995.1,30.0,63.0,2.2,280.0,5.4,279.0,0.0,,,,,,,,,,2017-04-20T16:18:00,,,,,,,,,,,,,,,,,,
2017-04-20 18:00:00,995.5,28.3,69.0,1.0,285.0,4.7,289.0,0.0,,,,,,,,,,2017-04-20T17:09:00,,,,,,,,,,,,,,,,,,
2017-04-20 19:00:00,996.5,27.5,70.0,2.0,286.0,3.1,276.0,0.0,,,,,,,,,,2017-04-20T18:59:00,,,,,,,,,,,,,,,,,,
2017-04-20 20:00:00,997.2,27.1,72.0,1.1,283.0,3.0,271.0,0.0,,,,,,,,,,2017-04-20T19:01:00,,,,,,,,,,,,,,,,,,
2017-04-20 21:00:00,996.9,26.4,75.0,0.6,109.0,1.9,288.0,0.0,,,,,,,,,,2017-04-20T20:02:00,,,,,,,,,,,,,,,,,,
2017-04-20 22:00:00,997.0,25.7,80.0,0.7,214.0,3.4,292.0,0.0,,,,,,,,,,2017-04-20T21:38:00,,,,,,,,,,,,,,,,,,
2017-04-20 23:00:00,997.7,25.5,82.0,0.3,212.0,1.6,167.0,0.0,,,,,,,,,,2017-04-20T22:07:00,,,,,,,,,,,,,,,,,,
2017-04-21 00:00:00,997.3,24.8,84.0,0.7,99.0,1.7,123.0,0.0,,,,,,,,,,2017-04-20T23:18:00,,,,,,,,,,,,,,,,,,
2017-04-21 01:00:00,997.0,24.3,86.0,0.4,96.0,1.4,120.0,0.0,,,,,,,,,,2017-04-21T00:41:00,,,,,,,,,,,,,,,,,,
2017-04-21 02:00:00,996.9,24.0,87.0,0.1,0.0,1.2,109.0,0.0,,,,,,,,,,2017-04-21T01:39:00,,,,,,,,,,,,,,,,,,
2017-04-21 03:00:00,996.2,24.0,89.0,0.5,306.0,2.0,52.0,0.0,,,,,,,,,,2017-04-21T02:28:00,,,,,,,,,,,,,,,,,,
2017-04-21 04:00:00,995.9,23.5,90.0,0.8,59.0,2.0,55.0,0.0,,,,,,,,,,2017-04-21T03:47:00,,,,,,,,,,,,,,,,,,
2017-04-21 05:00:00,995.7,23.4,89.0,1.0,62.0,1.6,66.0,0.0,,,,,,,,,,2017-04-21T04:52:00,,,,,,,,,,,,,,,,,,
2017-04-21 06:00:00,996.0,23.1,90.0,1.2,75.0,2.2,60.0,0.0,,,,,,,,,,2017-04-21T05:53:00,,,,,,,,,,,,,,,,,,
2017-04-21 07:00:00,996.5,24.1,86.0,0.7,358.0,2.2,74.0,0.0,,,,,,,,,,2017-04-21T06:07:00,,,,,,,,,,,,,,,,,,
2017-04-21 08:00:00,997.3,27.1,74.0,1.1,219.0,1.7,351.0,0.0,,,,,,,,,,2017-04-21T07:10:00,,,,,,,,,,,,,,,,,,
2017-04-21 09:00:00,997.7,28.7,66.0,1.4,208.0,2.4,261.0,0.0,,,,,,,,,,2017-04-21T08:44:00,,,,,,,,,,,,,,,,,,
2017-04-21 10:00:00,997.5,30.6,52.0,1.4,286.0,3.7,227.0,0.0,,,,,,,,,,2017-04-21T09:20:00,,,,,,,,,,,,,,,,,,
2017-04-21 11:00:00,997.0,32.1,50.0,1.0,214.0,3.7,206.0,0.0,,,,,,,,,,2017-04-21T11:00:00,,,,,,,,,,,,,,,,,,
2017-04-21 12:00:00,996.2,31.8,52.0,0.7,185.0,4.9,234.0,0.0,,,,,,,,,,2017-04-21T11:11:00,,,,,,,,,,,,,,,,,,
2017-04-21 13:00:00,995.0,32.1,50.0,1.2,286.0,5.5,230.0,0.0,,,,,,,,,,2017-04-21T12:30:00,,,,,,,,,,,,,,,,,,
2017-04-21 14:00:00,993.7,34.1,48.0,2.0,212.0,4.9,212.0,0.0,,,,,,,,,,2017-04-21T13:36:00,,,,,,,,,,,,,,,,,,
2017-04-21 15:00:00,993.4,32.7,52.0,2.5,231.0,5.6,210.0,0.0,,,,,,,,,,2017-04-21T14:01:00,,,,,,,,,,,,,,,,,,
2017-04-21 16:00:00,993.0,32.4,55.0,3.1,248.0,6.2,253.0,0.0,,,,,,,,,,2017-04-21T16:00:00,,,,,,,,,,,,,,,,,,
2017-04-21 17:00:00,993.5,29.1,65.0,3.2,257.0,6.0,221.0,0.0,,,,,,,,,,2017-04-21T16:32:00,,,,,,,,,,,,,,,,,,
2017-04-21 18:00:00,994.7,27.7,73.0,1.8,256.0,5.2,263.0,0.0,,,,,,,,,,2017-04-21T17:07:00,,,,,,,,,,,,,,,,,,
2017-04-21 19:00:00,995.5,27.1,75.0,2.3,244.0,4.0,229.0,0.0,,,,,,,,,,2017-04-21T18:16:00,,,,,,,,,,,,,,,,,,
2017-04-21 20:00:00,996.1,26.7,78.0,1.1,228.0,3.4,235.0,0.0,,,,,,,,,,2017-04-21T19:08:00,,,,,,,,,,,,,,,,,,
2017-04-21 21:00:00,996.7,26.6,77.0,0.4,112.0,1.9,217.0,0.0,,,,,,,,,,2017-04-21T20:04:00,,,,,,,,,,,,,,,,,,
2017-04-21 22:00:00,996.8,25.7,82.0,1.1,68.0,1.6,57.0,0.0,,,,,,,,,,2017-04-21T21:59:00,,,,,,,,,,,,,,,,,,
2017-04-21 23:00:00,996.2,25.6,84.0,1.1,1.0,1.7,21.0,0.0,,,,,,,,,,2017-04-21T23:00:00,,,,,,,,,,,,,,,,,,
2017-04-22 00:00:00,995.6,25.3,84.0,1.2,70.0,2.3,72.0,0.0,,,,,,,,,,2017-04-21T23:37:00,,,,,,,,,,,,,,,,,,
2017-04-22 01:00:00,995.8,24.2,93.0,0.5,164.0,2.7,113.0,9.5,,,,,,,,,,2017-04-22T01:00:00,,,,,,,,,,,,,,,,,,
2017-04-22 02:00:00,995.4,22.7,94.0,0.7,284.0,5.0,213.0,3.0,,,,,,,,,,2017-04-22T01:20:00,,,,,,,,,,,,,,,,,,
2017-04-22 03:00:00,994.8,23.3,83.0,1.0,47.0,3.1,55.0,0.0,,,,,,,,,,2017-04-22T02:59:00,,,,,,,,,,,,,,,,,,
2017-04-22 04:00:00,994.5,22.7,92.0,0.7,62.0,2.5,69.0,0.5,,,,,,,,,,2017-04-22T03:02:00,,,,,,,,,,,,,,,,,,
2017-04-22 05:00:00,994.2,22.9,94.0,0.7,359.0,1.7,224.0,0.0,,,,,,,,,,2017-04-22T04:40:00,,,,,,,,,,,,,,,,,,
2017-04-22 06:00:00,995.4,22.8,94.0,0.4,195.0,3.2,167.0,0.0,,,,,,,,,,2017-04-22T05:23:00,,,,,,,,,,,,,,,,,,
2017-04-22 07:00:00,996.0,23.3,93.0,1.4,212.0,2.2,165.0,0.0,,,,,,,,,,2017-04-22T06:35:00,,,,,,,,,,,,,,,,,,
2017-04-22 08:00:00,996.7,24.2,89.0,1.6,208.0,2.5,204.0,0.0,,,,,,,,,,2017-04-22T07:44:00,,,,,,,,,,,,,,,,,,
2017-04-22 09:00:00,997.5,25.2,83.0,1.0,266.0,2.8,211.0,0.0,,,,,,,,,,2017-04-22T08:05:00,,,,,,,,,,,,,,,,,,
2017-04-22 10:00:00,997.1,26.0,81.0,1.2,258.0,2.7,196.0,0.0,,,,,,,,,,2017-04-22T09:35:00,,,,,,,,,,,,,,,,,,
2017-04-22 11:00:00,997.1,26.4,77.0,1.2,274.0,3.2,288.0,0.0,,,,,,,,,,2017-04-22T10:42:00,,,,,,,,,,,,,,,,,,
2017-04-22 12:00:00,996.6,26.9,77.0,1.6,236.0,3.6,226.0,0.0,,,,,,,,,,2017-04-22T11:41:00,,,,,,,,,,,,,,,,,,
2017-04-22 13:00:00,995.9,26.9,79.0,2.3,228.0,3.9,248.0,0.0,,,,,,,,,,2017-04-22T13:00:00,,,,,,,,,,,,,,,,,,
2017-04-22 14:00:00,995.9,23.0,83.0,2.8,266.0,5.3,251.0,0.0,,,,,,,,,,2017-04-22T13:55:00,,,,,,,,,,,,,,,,,,
2017-04-22 15:00:00,996.0,22.8,82.0,2.3,182.0,4.9,268.0,0.0,,,,,,,,,,2017-04-22T14:05:00,,,,,,,,,,,,,,,,,,
2017-04-22 16:00:00,995.8,22.2,88.0,1.4,231.0,3.4,174.0,0.5,,,,,,,,,,2017-04-22T15:03:00,,,,,,,,,,,,,,,,,,
2017-04-22 17:00:00,996.3,20.9,94.0,1.6,203.0,4.6,162.0,8.0,,,,,,,,,,2017-04-22T16:40:00,,,,,,,,,,,,,,,,,,
2017-04-22 18:00:00,996.7,20.6,95.0,1.4,185.0,3.3,220.0,2.0,,,,,,,,,,2017-04-22T17:17:00,,,,,,,,,,,,,,,,,,
2017-04-22 19:00:00,997.2,20.6,95.0,2.1,204.0,2.7,204.0,0.0,,,,,,,,,,2017-04-22T18:55:00,,,,,,,,,,,,,,,,,,
2017-04-22 20:00:00,998.1,19.8,96.0,1.6,180.0,3.0,204.0,0.0,,,,,,,,,,2017-04-22T19:23:00,,,,,,,,,,,,,,,,,,
2017-04-22 21:00:00,998.8,20.0,96.0,0.3,268.0,2.8,158.0,1.0,,,,,,,,,,2017-04-22T20:03:00,,,,,,,,,,,,,,,,,,
2017-04-22 22:00:00,999.0,20.1,95.0,0.3,218.0,2.2,212.0,1.0,,,,,,,,,,2017-04-22T21:11:00,,,,,,,,,,,,,,,,,,
2017-04-22 23:00:00,999.3,19.9,95.0,0.6,207.0,2.8,222.0,0.5,,,,,,,,,,2017-04-22T22:34:00,,,,,,,,,,,,,,,,,,
2017-04-23 00:00:00,998.5,20.1,95.0,0.5,260.0,2.4,100.0,0.0,,,,,,,,,,2017-04-22T23:19:00,,,,,,,,,,,,,,,,,,
2017-04-23 01:00:00,998.2,20.3,95.0,1.1,174.0,1.8,169.0,0.0,,,,,,,,,,2017-04-23T00:44:00,,,,,,,,,,,,,,,,,,
2017-04-23 02:00:00,997.9,20.4,95.0,1.4,218.0,2.3,216.0,0.0,,,,,,,,,,2017-04-23T01:53:00,,,,,,,,,,,,,,,,,,
2017-04-23 03:00:00,997.8,19.8,95.0,1.4,235.0,3.0,241.0,0.0,,,,,,,,,,2017-04-23T02:36:00,,,,,,,,,,,,,,,,,,
2017-04-23 04:00:00,998.0,19.4,95.0,1.2,146.0,2.3,213.0,0.0,,,,,,,,,,2017-04-23T03:46:00,,,,,,,,,,,,,,,,,,
2017-04-23 05:00:00,997.9,19.9,95.0,1.3,12.0,2.6,110.0,0.0,,,,,,,,,,2017-04-23T04:11:00,,,,,,,,,,,,,,,,,,
2017-04-23 06:00:00,998.3,20.4,95.0,0.4,311.0,2.5,12.0,0.0,,,,,,,,,,2017-04-23T05:21:00,,,,,,,,,,,,,,,,,,
2017-04-23 07:00:00,999.2,20.7,95.0,0.0,0.0,1.8,140.0,0.0,,,,,,,,,,2017-04-23T06:21:00,,,,,,,,,,,,,,,,,,
2017-04-23 08:00:00,999.8,21.4,93.0,0.8,52.0,1.5,64.0,0.0,,,,,,,,,,2017-04-23T07:25:00,,,,,,,,,,,,,,,,,,
2017-04-23 09:00:00,1000.4,21.7,93.0,0.0,0.0,1.5,11.0,0.5,,,,,,,,,,2017-04-23T08:26:00,,,,,,,,,,,,,,,,,,
2017-04-23 10:00:00,1000.7,22.2,90.0,1.0,217.0,1.9,212.0,0.0,,,,,,,,,,2017-04-23T09:12:00,,,,,,,,,,,,,,,,,,
2017-04-23 11:00:00,1000.4,21.7,90.0,1.5,133.0,2.5,253.0,0.0,,,,,,,,,,2017-04-23T10:23:00,,,,,,,,,,,,,,,,,,
2017-04-23 12:00:00,1000.0,22.5,86.0,0.6,263.0,2.4,5.0,0.0,,,,,,,,,,2017-04-23T11:30:00,,,,,,,,,,,,,,,,,,
2017-04-23 13:00:00,999.5,22.6,85.0,0.3,120.0,2.6,210.0,0.0,,,,,,,,,,2017-04-23T12:03:00,,,,,,,,,,,,,,,,,,
2017-04-23 14:00:00,999.4,22.7,89.0,1.0,266.0,2.4,222.0,0.0,,,,,,,,,,2017-04-23T14:00:00,,,,,,,,,,,,,,,,,,
2017-04-23 15:00:00,999.1,21.9,90.0,1.0,178.0,2.4,211.0,0.0,,,,,,,,,,2017-04-23T14:10:00,,,,,,,,,,,,,,,,,,
2017-04-23 16:00:00,999.0,21.3,90.0,1.5,65.0,2.8,57.0,0.5,,,,,,,,,,2017-04-23T15:58:00,,,,,,,,,,,,,,,,,,
2017-04-23 17:00:00,999.0,21.1,92.0,1.0,37.0,2.6,67.0,0.0,,,,,,,,,,2017-04-23T16:17:00,,,,,,,,,,,,,,,,,,
2017-04-23 18:00:00,999.2,21.1,92.0,0.6,354.0,2.4,3.0,0.0,,,,,,,,,,2017-04-23T17:22:00,,,,,,,,,,,,,,,,,,
2017-04-23 19:00:00,1000.0,20.9,93.0,0.3,172.0,1.2,355.0,0.0,,,,,,,,,,2017-04-23T18:07:00,,,,,,,,,,,,,,,,,,
2017-04-23 20:00:00,1000.6,21.0,93.0,0.0,0.0,0.6,168.0,0.0,,,,,,,,,,2017-04-23T19:01:00,,,,,,,,,,,,,,,,,,
2017-04-23 21:00:00,1000.9,20.7,94.0,0.0,0.0,1.2,168.0,0.5,,,,,,,,,,2017-04-23T20:18:00,,,,,,,,,,,,,,,,,,
2017-04-23 22:00:00,1000.8,20.8,95.0,1.2,228.0,1.5,213.0,0.0,,,,,,,,,,2017-04-23T22:00:00,,,,,,,,,,,,,,,,,,
2017-04-23 23:00:00,1000.8,20.6,95.0,0.1,0.0,1.8,138.0,0.0,,,,,,,,,,2017-04-23T22:14:00,,,,,,,,,,,,,,,,,,
2017-04-24 00:00:00,1000.6,20.6,95.0,0.0,0.0,1.3,119.0,1.0,,,,,,,,,,2017-04-23T23:48:00,,,,,,,,,,,,,,,,,,
2017-04-24 01:00:00,1000.2,20.6,95.0,0.5,58.0,1.3,57.0,0.5,,,,,,,,,,2017-04-24T00:56:00,,,,,,,,,,,,,,,,,,
2017-04-24 02:00:00,999.5,20.7,95.0,0.5,282.0,1.0,282.0,0.0,,,,,,,,,,2017-04-24T01:55:00,,,,,,,,,,,,,,,,,,
2017-04-24 03:00:00,999.1,20.6,96.0,0.0,0.0,1.1,70.0,0.0,,,,,,,,,,2017-04-24T02:16:00,,,,,,,,,,,,,,,,,,
2017-04-24 04:00:00,999.5,20.7,96.0,1.0,215.0,1.5,120.0,0.0,,,,,,,,,,2017-04-24T03:40:00,,,,,,,,,,,,,,,,,,
2017-04-24 05:00:00,999.8,20.5,96.0,1.0,72.0,1.3,65.0,0.0,,,,,,,,,,2017-04-24T04:57:00,,,,,,,,,,,,,,,,,,
2017-04-24 06:00:00,999.7,20.6,96.0,0.1,0.0,1.8,64.0,0.0,,,,,,,,,,2017-04-24T05:13:00,,,,,,,,,,,,,,,,,,
2017-04-24 07:00:00,1000.4,21.0,96.0,0.9,249.0,1.8,205.0,0.0,,,,,,,,,,2017-04-24T06:34:00,,,,,,,,,,,,,,,,,,
2017-04-24 08:00:00,1001.2,21.6,94.0,0.8,183.0,1.7,204.0,0.0,,,,,,,,,,2017-04-24T07:02:00,,,,,,,,,,,,,,,,,,
2017-04-24 09:00:00,1001.6,22.2,89.0,0.3,352.0,1.7,66.0,0.0,,,,,,,,,,2017-04-24T08:44:00,,,,,,,,,,,,,,,,,,
2017-04-24 10:00:00,1001.3,23.2,83.0,0.7,75.0,1.2,112.0,0.0,,,,,,,,,,2017-04-24T09:58:00,,,,,,,,,,,,,,,,,,
2017-04-24 11:00:00,1001.1,24.2,77.0,1.1,356.0,2.0,12.0,0.0,,,,,,,,,,2017-04-24T10:13:00,,,,,,,,,,,,,,,,,,
2017-04-24 12:00:00,1000.4,26.9,66.0,1.1,164.0,2.5,226.0,0.0,,,,,,,,,,2017-04-24T11:59:00,,,,,,,,,,,,,,,,,,
2017-04-24 13:00:00,999.7,28.8,65.0,2.1,214.0,3.7,197.0,0.0,,,,,,,,,,2017-04-24T12:45:00,,,,,,,,,,,,,,,,,,
2017-04-24 14:00:00,999.1,29.0,64.0,1.0,228.0,3.9,256.0,0.0,,,,,,,,,,2017-04-24T13:59:00,,,,,,,,,,,,,,,,,,
2017-04-24 15:00:00,998.7,28.8,63.0,1.2,327.0,4.5,289.0,0.0,,,,,,,,,,2017-04-24T14:24:00,,,,,,,,,,,,,,,,,,
2017-04-24 16:00:00,998.4,29.5,58.0,2.3,284.0,4.5,269.0,0.0,,,,,,,,,,2017-04-24T15:16:00,,,,,,,,,,,,,,,,,,
2017-04-24 17:00:00,998.4,28.5,61.0,1.3,285.0,4.1,303.0,0.0,,,,,,,,,,2017-04-24T16:28:00,,,,,,,,,,,,,,,,,,
2017-04-24 18:00:00,998.5,26.3,69.0,1.1,284.0,2.8,254.0,0.0,,,,,,,,,,2017-04-24T17:39:00,,,,,,,,,,,,,,,,,,
2017-04-24 19:00:00,999.0,24.4,77.0,1.0,178.0,2.7,287.0,0.0,,,,,,,,,,2017-04-24T18:19:00,,,,,,,,,,,,,,,,,,
2017-04-24 20:00:00,999.7,23.6,82.0,0.6,131.0,1.6,196.0,0.0,,,,,,,,,,2017-04-24T19:17:00,,,,,,,,,,,,,,,,,,
2017-04-24 21:00:00,1000.3,23.0,85.0,0.8,37.0,1.6,58.0,0.0,,,,,,,,,,2017-04-24T21:00:00,,,,,,,,,,,,,,,,,,
2017-04-24 22:00:00,1000.6,22.4,89.0,0.6,37.0,1.8,57.0,0.0,,,,,,,,,,2017-04-24T21:03:00,,,,,,,,,,,,,,,,,,
2017-04-24 23:00:00,1000.8,22.0,91.0,0.6,345.0,1.8,1.0,0.0,,,,,,,,,,2017-04-24T22:05:00,,,,,,,,,,,,,,,,,,
2017-04-25 00:00:00,1000.4,21.5,92.0,1.0,60.0,1.5,67.0,0.0,,,,,,,,,,2017-04-24T23:55:00,,,,,,,,,,,,,,,,,,
2017-04-25 01:00:00,999.7,21.8,90.0,1.0,45.0,1.9,45.0,0.0,,,,,,,,,,2017-04-25T00:43:00,,,,,,,,,,,,,,,,,,
2017-04-25 02:00:00,999.2,21.9,91.0,0.1,0.0,2.3,53.0,0.0,,,,,,,,,,2017-04-25T01:05:00,,,,,,,,,,,,,,,,,,
2017-04-25 03:00:00,998.8,21.6,93.0,0.0,0.0,1.7,72.0,0.0,,,,,,,,,,2017-04-25T02:15:00,,,,,,,,,,,,,,,,,,
2017-04-25 04:00:00,998.6,21.5,94.0,0.6,31.0,1.2,199.0,0.0,,,,,,,,,,2017-04-25T03:16:00,,,,,,,,,,,,,,,,,,
2017-04-25 05:00:00,998.7,21.4,94.0,0.8,75.0,1.5,2.0,0.0,,,,,,,,,,2017-04-25T04:31:00,,,,,,,,,,,,,,,,,,
2017-04-25 06:00:00,998.7,21.9,90.0,1.1,50.0,2.1,54.0,0.0,,,,,,,,,,2017-04-25T05:42:00,,,,,,,,,,,,,,,,,,
2017-04-25 07:00:00,999.4,22.8,89.0,0.8,257.0,1.9,44.0,0.0,,,,,,,,,,2017-04-25T06:05:00,,,,,,,,,,,,,,,,,,
2017-04-25 08:00:00,1000.2,24.9,78.0,0.4,123.0,1.8,140.0,0.0,,,,,,,,,,2017-04-25T07:42:00,,,,,,,,,,,,,,,,,,
2017-04-25 09:00:00,1000.4,26.8,69.0,0.9,196.0,1.8,268.0,0.0,,,,,,,,,,2017-04-25T08:49:00,,,,,,,,,,,,,,,,,,
2017-04-25 10:00:00,1000.4,27.9,68.0,0.8,224.0,2.6,193.0,0.0,,,,,,,,,,2017-04-25T09:45:00,,,,,,,,,,,,,,,,,,
2017-04-25 11:00:00,999.8,29.3,62.0,1.5,305.0,3.0,285.0,0.0,,,,,,,,,,2017-04-25T10:52:00,,,,,,,,,,,,,,,,,,
2017-04-25 12:00:00,999.3,30.2,59.0,2.2,259.0,4.0,266.0,0.0,,,,,,,,,,2017-04-25T11:54:00,,,,,,,,,,,,,,,,,,
2017-04-25 13:00:00,998.3,31.7,57.0,2.3,224.0,4.5,246.0,0.0,,,,,,,,,,2017-04-25T12:31:00,,,,,,,,,,,,,,,,,,
2017-04-25 14:00:00,997.5,30.7,59.0,1.2,289.0,4.1,240.0,0.0,,,,,,,,,,2017-04-25T13:35:00,,,,,,,,,,,,,,,,,,
2017-04-25 15:00:00,997.2,30.1,59.0,1.0,272.0,3.9,269.0,0.0,,,,,,,,,,2017-04-25T14:02:00,,,,,,,,,,,,,,,,,,
2017-04-25 16:00:00,996.7,30.1,59.0,1.3,272.0,3.0,293.0,0.0,,,,,,,,,,2017-04-25T15:38:00,,,,,,,,,,,,,,,,,,
2017-04-25 17:00:00,996.6,29.8,62.0,1.5,276.0,3.4,241.0,0.0,,,,,,,,,,2017-04-25T16:20:00,,,,,,,,,,,,,,,,,,
2017-04-25 18:00:00,997.1,27.4,72.0,1.6,273.0,3.6,296.0,0.0,,,,,,,,,,2017-04-25T17:39:00,,,,,,,,,,,,,,,,,,
2017-04-25 19:00:00,997.5,26.5,77.0,1.0,176.0,2.6,245.0,0.0,,,,,,,,,,2017-04-25T18:11:00,,,,,,,,,,,,,,,,,,
2017-04-25 20:00:00,998.1,25.9,80.0,1.0,174.0,2.4,189.0,0.0,,,,,,,,,,2017-04-25T19:37:00,,,,,,,,,,,,,,,,,,
2017-04-25 21:00:00,999.3,25.3,83.0,0.8,158.0,2.5,190.0,0.0,,,,,,,,,,2017-04-25T20:14:00,,,,,,,,,,,,,,,,,,
2017-04-25 22:00:00,999.7,25.0,81.0,0.0,0.0,1.5,120.0,0.0,,,,,,,,,,2017-04-25T21:10:00,,,,,,,,,,,,,,,,,,
2017-04-25 23:00:00,999.7,24.2,87.0,0.5,210.0,1.2,80.0,0.0,,,,,,,,,,2017-04-25T22:25:00,,,,,,,,,,,,,,,,,,
2017-04-26 00:00:00,999.2,23.4,90.0,1.1,74.0,2.0,51.0,0.0,,,,,,,,,,2017-04-25T23:45:00,,,,,,,,,,,,,,,,,,
2017-04-26 01:00:00,998.5,23.0,91.0,0.5,54.0,1.7,59.0,0.0,,,,,,,,,,2017-04-26T00:09:00,,,,,,,,,,,,,,,,,,
2017-04-26 02:00:00,998.0,23.3,90.0,1.2,47.0,2.1,68.0,0.0,,,,,,,,,,2017-04-26T01:10:00,,,,,,,,,,,,,,,,,,
2017-04-26 03:00:00,997.2,23.7,89.0,0.3,46.0,2.6,69.0,0.0,,,,,,,,,,2017-04-26T02:13:00,,,,,,,,,,,,,,,,,,
2017-04-26 04:00:00,996.7,23.3,90.0,0.8,65.0,2.2,64.0,0.0,,,,,,,,,,2017-04-26T03:45:00,,,,,,,,,,,,,,,,,,
2017-04-26 05:00:00,996.5,23.1,91.0,0.3,354.0,1.9,84.0,0.0,,,,,,,,,,2017-04-26T04:33:00,,,,,,,,,,,,,,,,,,
2017-04-26 06:00:00,996.9,22.9,91.0,1.0,58.0,2.0,71.0,0.0,,,,,,,,,,2017-04-26T05:58:00,,,,,,,,,,,,,,,,,,
2017-04-26 07:00:00,997.2,23.8,87.0,0.6,99.0,2.0,52.0,0.0,,,,,,,,,,2017-04-26T06:06:00,,,,,,,,,,,,,,,,,,
2017-04-26 08:00:00,997.4,26.1,72.0,0.7,31.0,2.2,32.0,0.0,,,,,,,,,,2017-04-26T07:37:00,,,,,,,,,,,,,,,,,,
2017-04-26 09:00:00,997.8,27.6,67.0,1.1,17.0,2.6,346.0,0.0,,,,,,,,,,2017-04-26T08:37:00,,,,,,,,,,,,,,,,,,
2017-04-26 10:00:00,998.1,31.6,57.0,1.3,234.0,3.6,232.0,0.0,,,,,,,,,,2017-04-26T09:47:00,,,,,,,,,,,,,,,,,,
2017-04-26 11:00:00,997.6,32.7,55.0,2.0,204.0,4.3,253.0,0.0,,,,,,,,,,2017-04-26T10:09:00,,,,,,,,,,,,,,,,,,
2017-04-26 12:00:00,997.0,33.0,54.0,2.4,228.0,4.3,264.0,0.0,,,,,,,,,,2017-04-26T11:18:00,,,,,,,,,,,,,,,,,,
2017-04-26 13:00:00,996.2,31.4,58.0,1.7,284.0,4.5,240.0,0.0,,,,,,,,,,2017-04-26T12:24:00,,,,,,,,,,,,,,,,,,
2017-04-26 14:00:00,995.4,33.2,55.0,2.2,280.0,5.5,270.0,0.0,,,,,,,,,,2017-04-26T13:38:00,,,,,,,,,,,,,,,,,,
2017-04-26 15:00:00,994.8,32.4,58.0,3.0,282.0,6.4,301.0,0.0,,,,,,,,,,2017-04-26T14:39:00,,,,,,,,,,,,,,,,,,
2017-04-26 16:00:00,994.4,32.2,58.0,1.9,284.0,6.3,273.0,0.0,,,,,,,,,,2017-04-26T15:03:00,,,,,,,,,,,,,,,,,,
2017-04-26 17:00:00,994.4,30.8,61.0,1.3,313.0,6.0,266.0,0.0,,,,,,,,,,2017-04-26T16:02:00,,,,,,,,,,,,,,,,,,
2017-04-26 18:00:00,994.7,28.7,69.0,2.0,296.0,4.5,276.0,0.0,,,,,,,,,,2017-04-26T17:37:00,,,,,,,,,,,,,,,,,,
2017-04-26 19:00:00,995.5,27.0,77.0,0.9,295.0,5.0,300.0,0.0,,,,,,,,,,2017-04-26T18:06:00,,,,,,,,,,,,,,,,,,
2017-04-26 20:00:00,996.2,26.5,81.0,0.5,223.0,1.9,16.0,0.0,,,,,,,,,,2017-04-26T19:09:00,,,,,,,,,,,,,,,,,,
2017-04-26 21:00:00,997.0,26.3,81.0,0.4,353.0,1.7,23.0,0.0,,,,,,,,,,2017-04-26T20:34:00,,,,,,,,,,,,,,,,,,
2017-04-26 22:00:00,997.1,25.6,83.0,0.0,0.0,2.6,39.0,0.0,,,,,,,,,,2017-04-26T21:08:00,,,,,,,,,,,,,,,,,,
2017-04-26 23:00:00,997.0,25.1,84.0,1.3,189.0,2.4,125.0,0.0,,,,,,,,,,2017-04-26T22:29:00,,,,,,,,,,,,,,,,,,
2017-04-27 00:00:00,997.0,24.6,86.0,0.5,89.0,2.2,239.0,0.0,,,,,,,,,,2017-04-26T23:06:00,,,,,,,,,,,,,,,,,,
2017-04-27 01:00:00,996.5,24.1,89.0,0.5,84.0,1.9,66.0,0.0,,,,,,,,,,2017-04-27T00:26:00,,,,,,,,,,,,,,,,,,
2017-04-27 02:00:00,995.7,23.7,92.0,0.0,0.0,1.1,69.0,0.0,,,,,,,,,,2017-04-27T01:02:00,,,,,,,,,,,,,,,,,,
2017-04-27 03:00:00,995.2,23.1,91.0,1.1,78.0,1.4,105.0,0.0,,,,,,,,,,2017-04-27T02:06:00,,,,,,,,,,,,,,,,,,
2017-04-27 04:00:00,994.9,23.3,92.0,0.6,7.0,1.5,80.0,0.0,,,,,,,,,,2017-04-27T03:22:00,,,,,,,,,,,,,,,,,,
2017-04-27 05:00:00,995.3,23.0,92.0,0.9,56.0,1.9,54.0,0.0,,,,,,,,,,2017-04-27T04:52:00,,,,,,,,,,,,,,,,,,
2017-04-27 06:00:00,995.8,22.9,92.0,0.4,229.0,1.8,74.0,0.0,,,,,,,,,,2017-04-27T05:03:00,,,,,,,,,,,,,,,,,,
2017-04-27 07:00:00,996.5,24.2,89.0,0.4,13.0,1.3,11.0,0.0,,,,,,,,,,2017-04-27T07:00:00,,,,,,,,,,,,,,,,,,
2017-04-27 08:00:00,996.9,26.3,80.0,1.5,260.0,2.4,272.0,0.0,,,,,,,,,,2017-04-27T08:00:00,,,,,,,,,,,,,,,,,,
2017-04-27 09:00:00,997.2,26.9,77.0,0.7,277.0,2.2,236.0,0.0,,,,,,,,,,2017-04-27T08:04:00,,,,,,,,,,,,,,,,,,
2017-04-27 10:00:00,997.2,27.3,73.0,1.5,242.0,2.5,269.0,0.0,,,,,,,,,,2017-04-27T09:45:00,,,,,,,,,,,,,,,,,,
2017-04-27 11:00:00,997.0,26.5,78.0,0.9,304.0,3.4,277.0,0.0,,,,,,,,,,2017-04-27T10:41:00,,,,,,,,,,,,,,,,,,
2017-04-27 12:00:00,996.6,28.0,71.0,1.1,281.0,3.7,272.0,0.0,,,,,,,,,,2017-04-27T11:37:00,,,,,,,,,,,,,,,,,,
2017-04-27 13:00:00,996.1,27.6,72.0,2.1,270.0,3.7,259.0,0.0,,,,,,,,,,2017-04-27T12:35:00,,,,,,,,,,,,,,,,,,
2017-04-27 14:00:00,995.7,27.8,71.0,1.5,218.0,3.2,296.0,0.0,,,,,,,,,,2017-04-27T13:08:00,,,,,,,,,,,,,,,,,,
2017-04-27 15:00:00,995.5,27.1,73.0,1.6,247.0,3.3,216.0,0.0,,,,,,,,,,2017-04-27T14:10:00,,,,,,,,,,,,,,,,,,
2017-04-27 16:00:00,995.3,25.2,84.0,1.3,205.0,4.3,247.0,0.0,,,,,,,,,,2017-04-27T15:48:00,,,,,,,,,,,,,,,,,,
2017-04-27 17:00:00,995.4,24.5,85.0,1.6,227.0,2.8,248.0,0.0,,,,,,,,,,2017-04-27T16:37:00,,,,,,,,,,,,,,,,,,
2017-04-27 18:00:00,995.8,22.5,91.0,2.0,204.0,3.3,238.0,0.0,,,,,,,,,,2017-04-27T17:29:00,,,,,,,,,,,,,,,,,,
2017-04-27 19:00:00,996.4,20.5,93.0,2.4,205.0,4.1,186.0,0.5,,,,,,,,,,2017-04-27T18:46:00,,,,,,,,,,,,,,,,,,
2017-04-27 20:00:00,997.3,19.8,93.0,1.9,196.0,3.9,157.0,0.0,,,,,,,,,,2017-04-27T19:19:00,,,,,,,,,,,,,,,,,,
2017-04-27 21:00:00,998.1,19.2,94.0,2.3,221.0,4.2,216.0,0.0,,,,,,,,,,2017-04-27T20:55:00,,,,,,,,,,,,,,,,,,
2017-04-27 22:00:00,999.0,18.3,94.0,2.1,182.0,4.0,254.0,0.0,,,,,,,,,,2017-04-27T21:02:00,,,,,,,,,,,,,,,,,,
2017-04-27 23:00:00,998.8,18.6,93.0,1.0,278.0,2.5,157.0,0.0,,,,,,,,,,2017-04-27T22:03:00,,,,,,,,,,,,,,,,,,
2017-04-28 00:00:00,998.4,18.7,93.0,1.2,197.0,2.6,144.0,0.0,,,,,,,,,,2017-04-27T23:38:00,,,,,,,,,,,,,,,,,,
2017-04-28 01:00:00,997.9,18.5,94.0,1.8,221.0,3.3,191.0,0.0,,,,,,,,,,2017-04-28T00:57:00,,,,,,,,,,,,,,,,,,
2017-04-28 02:00:00,997.8,17.5,95.0,1.3,175.0,3.7,208.0,0.0,,,,,,,,,,2017-04-28T01:30:00,,,,,,,,,,,,,,,,,,
2017-04-28 03:00:00,997.6,18.0,95.0,1.8,221.0,2.6,193.0,0.5,,,,,,,,,,2017-04-28T02:08:00,,,,,,,,,,,,,,,,,,
2017-04-28 04:00:00,997.6,18.0,95.0,1.1,231.0,2.7,222.0,0.0,,,,,,,,,,2017-04-28T03:02:00,,,,,,,,,,,,,,,,,,
2017-04-28 05:00:00,998.0,17.7,95.0,1.6,192.0,2.8,221.0,0.0,,,,,,,,,,2017-04-28T04:33:00,,,,,,,,,,,,,,,,,,
2017-04-28 06:00:00,998.5,17.6,96.0,0.4,317.0,2.5,207.0,0.0,,,,,,,,,,2017-04-28T05:06:00,,,,,,,,,,,,,,,,,,
2017-04-28 07:00:00,999.1,18.1,96.0,0.1,0.0,1.0,225.0,0.0,,,,,,,,,,2017-04-28T06:54:00,,,,,,,,,,,,,,,,,,
2017-04-28 08:00:00,999.9,18.7,95.0,0.6,321.0,1.3,14.0,0.0,,,,,,,,,,2017-04-28T07:51:00,,,,,,,,,,,,,,,,,,
2017-04-28 09:00:00,1000.0,20.4,88.0,0.4,355.0,1.7,350.0,0.0,,,,,,,,,,2017-04-28T08:44:00,,,,,,,,,,,,,,,,,,
2017-04-28 10:00:00,999.9,22.5,78.0,0.4,135.0,1.7,241.0,0.0,,,,,,,,,,2017-04-28T09:32:00,,,,,,,,,,,,,,,,,,
2017-04-28 11:00:00,999.7,23.4,76.0,2.3,216.0,4.0,209.0,0.0,,,,,,,,,,2017-04-28T11:00:00,,,,,,,,,,,,,,,,,,
2017-04-28 12:00:00,999.3,24.5,71.0,2.3,204.0,4.0,211.0,0.0,,,,,,,,,,2017-04-28T11:53:00,,,,,,,,,,,,,,,,,,
2017-04-28 13:00:00,998.8,24.7,71.0,2.5,226.0,4.1,166.0,0.0,,,,,,,,,,2017-04-28T12:06:00,,,,,,,,,,,,,,,,,,
2017-04-28 14:00:00,998.1,25.1,69.0,1.4,221.0,4.0,231.0,0.0,,,,,,,,,,2017-04-28T13:16:00,,,,,,,,,,,,,,,,,,
2017-04-28 15:00:00,997.6,23.1,74.0,1.9,126.0,3.4,108.0,0.0,,,,,,,,,,2017-04-28T14:47:00,,,,,,,,,,,,,,,,,,
2017-04-28 16:00:00,997.3,23.1,75.0,1.4,113.0,3.0,142.0,0.0,,,,,,,,,,2017-04-28T15:21:00,,,,,,,,,,,,,,,,,,
2017-04-28 17:00:00,997.5,23.5,72.0,0.9,65.0,2.4,126.0,0.0,,,,,,,,,,2017-04-28T16:19:00,,,,,,,,,,,,,,,,,,
2017-04-28 18:00:00,997.8,22.9,79.0,0.9,349.0,1.6,347.0,0.0,,,,,,,,,,2017-04-28T17:41:00,,,,,,,,,,,,,,,,,,
2017-04-28 19:00:00,998.3,22.3,76.0,2.0,195.0,3.5,194.0,0.0,,,,,,,,,,2017-04-28T18:51:00,,,,,,,,,,,,,,,,,,
2017-04-28 20:00:00,999.0,21.8,78.0,0.9,219.0,4.5,184.0,0.0,,,,,,,,,,2017-04-28T19:09:00,,,,,,,,,,,,,,,,,,
2017-04-28 21:00:00,999.5,21.1,79.0,1.4,175.0,3.4,188.0,0.0,,,,,,,,,,2017-04-28T20:18:00,,,,,,,,,,,,,,,,,,
2017-04-28 22:00:00,999.7,20.7,83.0,0.5,349.0,2.0,66.0,0.0,,,,,,,,,,2017-04-28T21:33:00,,,,,,,,,,,,,,,,,,
2017-04-28 23:00:00,999.7,20.1,87.0,0.5,20.0,1.8,55.0,0.0,,,,,,,,,,2017-04-28T22:54:00,,,,,,,,,,,,,,,,,,
2017-04-29 00:00:00,999.2,19.8,88.0,0.1,0.0,2.1,9.0,0.0,,,,,,,,,,2017-04-28T23:42:00,,,,,,,,,,,,,,,,,,
2017-04-29 01:00:00,998.8,19.5,87.0,0.6,26.0,2.0,48.0,0.0,,,,,,,,,,2017-04-29T00:51:00,,,,,,,,,,,,,,,,,,
2017-04-29 02:00:00,998.5,19.6,90.0,0.0,0.0,1.6,1.0,0.0,,,,,,,,,,2017-04-29T01:07:00,,,,,,,,,,,,,,,,,,
2017-04-29 03:00:00,998.3,19.1,90.0,0.0,0.0,1.9,57.0,0.0,,,,,,,,,,2017-04-29T02:17:00,,,,,,,,,,,,,,,,,,
2017-04-29 04:00:00,998.5,18.8,91.0,0.7,49.0,1.5,61.0,0.0,,,,,,,,,,2017-04-29T03:18:00,,,,,,,,,,,,,,,,,,
2017-04-29 05:00:00,999.1,19.0,91.0,0.7,79.0,2.2,82.0,0.0,,,,,,,,,,2017-04-29T04:24:00,,,,,,,,,,,,,,,,,,
2017-04-29 06:00:00,999.2,19.1,89.0,0.9,50.0,1.4,76.0,0.0,,,,,,,,,,2017-04-29T05:36:00,,,,,,,,,,,,,,,,,,
2017-04-29 07:00:00,999.9,20.2,86.0,0.9,57.0,2.4,57.0,0.0,,,,,,,,,,2017-04-29T06:16:00,,,,,,,,,,,,,,,,,,
2017-04-29 08:00:00,1000.0,23.1,67.0,1.6,11.0,2.9,43.0,0.0,,,,,,,,,,2017-04-29T07:32:00,,,,,,,,,,,,,,,,,,
2017-04-29 09:00:00,1000.4,24.4,64.0,1.2,258.0,3.8,230.0,0.0,,,,,,,,,,2017-04-29T08:50:00,,,,,,,,,,,,,,,,,,
2017-04-29 10:00:00,1000.1,27.4,54.0,1.4,215.0,4.6,213.0,0.0,,,,,,,,,,2017-04-29T09:52:00,,,,,,,,,,,,,,,,,,
2017-04-29 11:00:00,999.9,28.8,51.0,2.1,231.0,5.2,229.0,0.0,,,,,,,,,,2017-04-29T10:50:00,,,,,,,,,,,,,,,,,,
2017-04-29 12:00:00,999.5,30.0,48.0,2.4,224.0,5.9,244.0,0.0,,,,,,,,,,2017-04-29T11:03:00,,,,,,,,,,,,,,,,,,
2017-04-29 13:00:00,998.7,30.1,46.0,3.4,222.0,5.6,199.0,0.0,,,,,,,,,,2017-04-29T12:43:00,,,,,,,,,,,,,,,,,,
2017-04-29 14:00:00,998.2,29.0,50.0,2.3,250.0,6.1,226.0,0.0,,,,,,,,,,2017-04-29T13:39:00,,,,,,,,,,,,,,,,,,
2017-04-29 15:00:00,997.8,28.6,50.0,3.3,249.0,5.6,269.0,0.0,,,,,,,,,,2017-04-29T14:57:00,,,,,,,,,,,,,,,,,,
2017-04-29 16:00:00,997.7,27.8,49.0,2.7,261.0,6.4,280.0,0.0,,,,,,,,,,2017-04-29T15:49:00,,,,,,,,,,,,,,,,,,
2017-04-29 17:00:00,997.9,27.2,48.0,3.2,232.0,6.0,251.0,0.0,,,,,,,,,,2017-04-29T16:17:00,,,,,,,,,,,,,,,,,,
2017-04-29 18:00:00,998.7,24.8,51.0,1.8,233.0,5.4,254.0,0.0,,,,,,,,,,2017-04-29T17:13:00,,,,,,,,,,,,,,,,,,
2017-04-29 19:00:00,999.2,22.8,58.0,0.7,117.0,3.4,255.0,0.0,,,,,,,,,,2017-04-29T18:09:00,,,,,,,,,,,,,,,,,,
2017-04-29 20:00:00,1000.1,20.8,70.0,0.9,61.0,1.5,81.0,0.0,,,,,,,,,,2017-04-29T19:28:00,,,,,,,,,,,,,,,,,,
2017-04-29 21:00:00,1000.2,20.6,72.0,1.0,49.0,2.1,47.0,0.0,,,,,,,,,,2017-04-29T20:41:00,,,,,,,,,,,,,,,,,,
2017-04-29 22:00:00,1000.6,20.0,75.0,1.3,57.0,2.8,85.0,0.0,,,,,,,,,,2017-04-29T22:00:00,,,,,,,,,,,,,,,,,,
2017-04-29 23:00:00,1000.6,19.4,80.0,0.3,21.0,2.3,65.0,0.0,,,,,,,,,,2017-04-29T22:28:00,,,,,,,,,,,,,,,,,,
2017-04-30 00:00:00,1000.1,19.2,80.0,1.6,56.0,3.6,56.0,0.0,,,,,,,,,,2017-04-29T23:47:00,,,,,,,,,,,,,,,,,,
2017-04-30 01:00:00,999.8,18.6,83.0,1.2,62.0,2.7,47.0,0.0,,,,,,,,,,2017-04-30T00:16:00,,,,,,,,,,,,,,,,,,
2017-04-30 02:00:00,999.4,18.3,84.0,1.2,71.0,2.5,75.0,0.0,,,,,,,,,,2017-04-30T01:22:00,,,,,,,,,,,,,,,,,,
2017-04-30 03:00:00,999.0,18.0,86.0,1.1,71.0,2.0,78.0,0.0,,,,,,,,,,2017-04-30T02:04:00,,,,,,,,,,,,,,,,,,
2017-04-30 04:00:00,999.2,17.8,87.0,1.0,74.0,2.3,65.0,0.0,,,,,,,,,,2017-04-30T03:12:00,,,,,,,,,,,,,,,,,,
2017-04-30 05:00:00,999.2,17.9,85.0,1.5,55.0,2.7,54.0,0.0,,,,,,,,,,2017-04-30T04:56:00,,,,,,,,,,,,,,,,,,
2017-04-30 06:00:00,999.6,17.6,87.0,0.4,64.0,2.9,58.0,0.0,,,,,,,,,,2017-04-30T05:10:00,,,,,,,,,,,,,,,,,,
2017-04-30 07:00:00,1000.2,21.0,72.0,0.5,36.0,2.2,90.0,0.0,,,,,,,,,,2017-04-30T06:48:00,,,,,,,,,,,,,,,,,,
2017-04-30 08:00:00,1000.2,23.8,58.0,1.3,360.0,2.6,324.0,0.0,,,,,,,,,,2017-04-30T07:55:00,,,,,,,,,,,,,,,,,,
2017-04-30 09:00:00,1000.0,27.4,52.0,1.6,227.0,2.4,300.0,0.0,,,,,,,,,,2017-04-30T09:00:00,,,,,,,,,,,,,,,,,,
2017-04-30 10:00:00,999.9,28.0,46.0,1.5,145.0,4.1,211.0,0.0,,,,,,,,,,2017-04-30T09:29:00,,,,,,,,,,,,,,,,,,
2017-04-30 11:00:00,999.5,30.5,46.0,2.0,216.0,4.0,218.0,0.0,,,,,,,,,,2017-04-30T10:14:00,,,,,,,,,,,,,,,,,,
2017-04-30 12:00:00,999.1,30.6,44.0,1.4,261.0,5.1,205.0,0.0,,,,,,,,,,2017-04-30T11:46:00,,,,,,,,,,,,,,,,,,
2017-04-30 13:00:00,998.6,30.7,43.0,2.9,253.0,6.1,289.0,0.0,,,,,,,,,,2017-04-30T12:44:00,,,,,,,,,,,,,,,,,,
2017-04-30 14:00:00,998.1,31.2,41.0,1.9,255.0,5.6,214.0,0.0,,,,,,,,,,2017-04-30T13:40:00,,,,,,,,,,,,,,,,,,
2017-04-30 15:00:00,997.7,31.2,39.0,2.4,274.0,5.8,301.0,0.0,,,,,,,,,,2017-04-30T14:01:00,,,,,,,,,,,,,,,,,,
2017-04-30 16:00:00,997.6,30.6,37.0,1.1,300.0,6.1,248.0,0.0,,,,,,,,,,2017-04-30T15:13:00,,,,,,,,,,,,,,,,,,
2017-04-30 17:00:00,997.7,29.5,36.0,1.5,294.0,4.2,279.0,0.0,,,,,,,,,,2017-04-30T16:15:00,,,,,,,,,,,,,,,,,,
2017-04-30 18:00:00,998.3,27.0,43.0,0.9,290.0,3.6,298.0,0.0,,,,,,,,,,2017-04-30T17:04:00,,,,,,,,,,,,,,,,,,
2017-04-30 19:00:00,998.9,24.4,53.0,1.5,249.0,3.0,268.0,0.0,,,,,,,,,,2017-04-30T18:55:00,,,,,,,,,,,,,,,,,,
2017-04-30 20:00:00,999.4,23.5,57.0,1.1,158.0,2.8,161.0,0.0,,,,,,,,,,2017-04-30T19:37:00,,,,,,,,,,,,,,,,,,
2017-04-30 21:00:00,999.9,21.7,70.0,1.1,72.0,2.0,142.0,0.0,,,,,,,,,,2017-04-30T20:05:00,,,,,,,,,,,,,,,,,,
2017-04-30 22:00:00,1000.4,21.0,72.0,0.5,62.0,2.6,49.0,0.0,,,,,,,,,,2017-04-30T21:05:00,,,,,,,,,,,,,,,,,,
2017-04-30 23:00:00,1000.7,20.2,78.0,0.0,0.0,1.9,87.0,0.0,,,,,,,,,,2017-04-30T22:44:00,,,,,,,,,,,,,,,,,,
2017-05-01 00:00:00,1000.5,20.3,78.0,1.4,58.0,2.7,67.0,0.0,,,,,,,,,,2017-04-30T23:49:00,,,,,,,,,,,,,,,,,,
2017-05-01 01:00:00,1000.2,20.0,80.0,1.1,58.0,2.5,61.0,0.0,,,,,,,,,,2017-05-01T00:46:00,,,,,,,,,,,,,,,,,,
2017-05-01 02:00:00,999.9,19.4,83.0,0.3,21.0,2.4,70.0,0.0,,,,,,,,,,2017-05-01T01:19:00,,,,,,,,,,,,,,,,,,
2017-05-01 03:00:00,999.7,18.9,85.0,1.1,68.0,2.2,50.0,0.0,,,,,,,,,,2017-05-01T02:33:00,,,,,,,,,,,,,,,,,,
2017-05-01 04:00:00,999.6,19.0,84.0,1.0,66.0,3.0,56.0,0.0,,,,,,,,,,2017-05-01T03:20:00,,,,,,,,,,,,,,,,,,
2017-05-01 05:00:00,999.8,19.0,83.0,0.6,68.0,2.7,70.0,0.0,,,,,,,,,,2017-05-01T04:21:00,,,,,,,,,,,,,,,,,,
2017-05-01 06:00:00,999.8,19.0,83.0,1.0,53.0,2.2,58.0,0.0,,,,,,,,,,2017-05-01T05:55:00,,,,,,,,,,,,,,,,,,
2017-05-01 07:00:00,1000.3,22.1,69.0,1.0,38.0,2.2,49.0,0.0,,,,,,,,,,2017-05-01T06:43:00,,,,,,,,,,,,,,,,,,
2017-05-01 08:00:00,1000.2,25.0,57.0,0.6,83.0,3.1,44.0,0.0,,,,,,,,,,2017-05-01T07:05:00,,,,,,,,,,,,,,,,,,
2017-05-01 09:00:00,1000.3,27.4,56.0,2.2,208.0,3.2,214.0,0.0,,,,,,,,,,2017-05-01T08:55:00,,,,,,,,,,,,,,,,,,
2017-05-01 10:00:00,1000.2,28.5,49.0,1.3,237.0,3.2,202.0,0.0,,,,,,,,,,2017-05-01T09:46:00,,,,,,,,,,,,,,,,,,
2017-05-01 11:00:00,999.8,30.6,44.0,1.9,212.0,4.9,227.0,0.0,,,,,,,,,,2017-05-01T10:32:00,,,,,,,,,,,,,,,,,,
2017-05-01 12:00:00,999.3,31.9,43.0,2.1,192.0,5.2,209.0,0.0,,,,,,,,,,2017-05-01T11:50:00,,,,,,,,,,,,,,,,,,
2017-05-01 13:00:00,998.6,32.2,42.0,1.9,226.0,5.2,192.0,0.0,,,,,,,,,,2017-05-01T12:19:00,,,,,,,,,,,,,,,,,,
2017-05-01 14:00:00,997.8,32.3,41.0,0.8,256.0,4.6,291.0,0.0,,,,,,,,,,2017-05-01T13:49:00,,,,,,,,,,,,,,,,,,
2017-05-01 15:00:00,997.8,30.6,47.0,2.0,288.0,5.3,278.0,0.0,,,,,,,,,,2017-05-01T14:34:00,,,,,,,,,,,,,,,,,,
2017-05-01 16:00:00,997.4,30.4,49.0,2.6,269.0,5.4,274.0,0.0,,,,,,,,,,2017-05-01T15:52:00,,,,,,,,,,,,,,,,,,
2017-05-01 17:00:00,997.3,29.1,52.0,2.8,276.0,5.1,273.0,0.0,,,,,,,,,,2017-05-01T16:10:00,,,,,,,,,,,,,,,,,,
2017-05-01 18:00:00,997.9,27.2,58.0,1.8,275.0,5.2,287.0,0.0,,,,,,,,,,2017-05-01T17:12:00,,,,,,,,,,,,,,,,,,
2017-05-01 19:00:00,998.4,25.1,68.0,1.6,211.0,4.0,262.0,0.0,,,,,,,,,,2017-05-01T18:12:00,,,,,,,,,,,,,,,,,,
2017-05-01 20:00:00,998.7,24.2,72.0,1.2,195.0,2.2,213.0,0.0,,,,,,,,,,2017-05-01T19:18:00,,,,,,,,,,,,,,,,,,
2017-05-01 21:00:00,999.3,23.5,76.0,0.5,25.0,1.5,66.0,0.0,,,,,,,,,,2017-05-01T20:30:00,,,,,,,,,,,,,,,,,,
2017-05-01 22:00:00,999.7,23.1,77.0,0.7,61.0,1.6,80.0,0.0,,,,,,,,,,2017-05-01T21:20:00,,,,,,,,,,,,,,,,,,
2017-05-01 23:00:00,999.8,22.6,79.0,0.9,42.0,2.1,64.0,0.0,,,,,,,,,,2017-05-01T22:49:00,,,,,,,,,,,,,,,,,,
2017-05-02 00:00:00,999.5,22.4,81.0,1.2,62.0,2.6,53.0,0.0,,,,,,,,,,2017-05-01T23:11:00,,,,,,,,,,,,,,,,,,
2017-05-02 01:00:00,999.4,21.9,83.0,1.0,68.0,1.7,66.0,0.0,,,,,,,,,,2017-05-02T00:01:00,,,,,,,,,,,,,,,,,,
2017-05-02 02:00:00,998.8,22.4,80.0,1.2,43.0,2.6,72.0,0.0,,,,,,,,,,2017-05-02T01:53:00,,,,,,,,,,,,,,,,,,
2017-05-02 03:00:00,998.2,21.6,85.0,0.8,77.0,3.0,56.0,0.0,,,,,,,,,,2017-05-02T02:04:00,,,,,,,,,,,,,,,,,,
2017-05-02 04:00:00,998.3,21.3,86.0,0.9,82.0,2.3,63.0,0.0,,,,,,,,,,2017-05-02T03:23:00,,,,,,,,,,,,,,,,,,
2017-05-02 05:00:00,998.3,21.9,83.0,1.4,46.0,2.6,47.0,0.0,,,,,,,,,,2017-05-02T04:54:00,,,,,,,,,,,,,,,,,,
2017-05-02 06:00:00,998.5,22.1,81.0,0.8,37.0,2.3,60.0,0.0,,,,,,,,,,2017-05-02T05:21:00,,,,,,,,,,,,,,,,,,
2017-05-02 07:00:00,999.1,24.0,78.0,0.5,283.0,1.5,68.0,0.0,,,,,,,,,,2017-05-02T06:07:00,,,,,,,,,,,,,,,,,,
2017-05-02 08:00:00,999.7,27.1,67.0,0.8,217.0,2.0,212.0,0.0,,,,,,,,,,2017-05-02T07:15:00,,,,,,,,,,,,,,,,,,
2017-05-02 09:00:00,1000.1,29.9,55.0,0.6,209.0,2.2,235.0,0.0,,,,,,,,,,2017-05-02T08:55:00,,,,,,,,,,,,,,,,,,
2017-05-02 10:00:00,999.7,31.7,50.0,2.2,211.0,4.4,263.0,0.0,,,,,,,,,,2017-05-02T09:53:00,,,,,,,,,,,,,,,,,,
2017-05-02 11:00:00,999.4,32.8,48.0,2.4,216.0,6.2,224.0,0.0,,,,,,,,,,2017-05-02T10:59:00,,,,,,,,,,,,,,,,,,
2017-05-02 12:00:00,998.6,33.0,47.0,3.0,192.0,5.4,219.0,0.0,,,,,,,,,,2017-05-02T11:49:00,,,,,,,,,,,,,,,,,,
2017-05-02 13:00:00,997.8,33.6,46.0,2.1,243.0,4.7,232.0,0.0,,,,,,,,,,2017-05-02T12:13:00,,,,,,,,,,,,,,,,,,
2017-05-02 14:00:00,997.4,31.5,52.0,2.6,252.0,4.0,240.0,0.0,,,,,,,,,,2017-05-02T13:57:00,,,,,,,,,,,,,,,,,,
2017-05-02 15:00:00,996.9,31.8,54.0,1.2,268.0,3.3,230.0,0.0,,,,,,,,,,2017-05-02T14:08:00,,,,,,,,,,,,,,,,,,
2017-05-02 16:00:00,996.9,31.0,53.0,1.1,295.0,3.6,255.0,0.0,,,,,,,,,,2017-05-02T15:16:00,,,,,,,,,,,,,,,,,,
2017-05-02 17:00:00,996.9,30.6,56.0,1.6,278.0,4.4,277.0,0.0,,,,,,,,,,2017-05-02T16:50:00,,,,,,,,,,,,,,,,,,
2017-05-02 18:00:00,997.2,28.7,63.0,2.0,268.0,4.0,253.0,0.0,,,,,,,,,,2017-05-02T17:29:00,,,,,,,,,,,,,,,,,,
2017-05-02 19:00:00,997.7,27.1,69.0,1.3,274.0,4.2,281.0,0.0,,,,,,,,,,2017-05-02T18:01:00,,,,,,,,,,,,,,,,,,
2017-05-02 20:00:00,998.2,25.7,77.0,1.0,192.0,2.3,269.0,0.0,,,,,,,,,,2017-05-02T19:10:00,,,,,,,,,,,,,,,,,,
2017-05-02 21:00:00,998.6,25.2,78.0,0.7,159.0,2.4,159.0,0.0,,,,,,,,,,2017-05-02T20:28:00,,,,,,,,,,,,,,,,,,
2017-05-02 22:00:00,999.2,24.6,81.0,0.9,53.0,1.5,44.0,0.0,,,,,,,,,,2017-05-02T21:56:00,,,,,,,,,,,,,,,,,,
2017-05-02 23:00:00,999.1,24.2,82.0,1.2,16.0,2.2,56.0,0.0,,,,,,,,,,2017-05-02T22:24:00,,,,,,,,,,,,,,,,,,
2017-05-03 00:00:00,999.0,23.7,85.0,0.4,34.0,2.5,64.0,0.0,,,,,,,,,,2017-05-02T23:29:00,,,,,,,,,,,,,,,,,,
2017-05-03 01:00:00,998.6,23.0,88.0,0.8,56.0,2.2,48.0,0.0,,,,,,,,,,2017-05-03T00:35:00,,,,,,,,,,,,,,,,,,
2017-05-03 02:00:00,998.1,23.0,88.0,1.1,46.0,2.2,72.0,0.0,,,,,,,,,,2017-05-03T01:58:00,,,,,,,,,,,,,,,,,,
2017-05-03 03:00:00,998.1,22.7,89.0,0.3,65.0,2.2,77.0,0.0,,,,,,,,,,2017-05-03T02:20:00,,,,,,,,,,,,,,,,,,
2017-05-03 04:00:00,998.4,22.7,88.0,1.7,54.0,2.7,36.0,0.0,,,,,,,,,,2017-05-03T03:57:00,,,,,,,,,,,,,,,,,,
2017-05-03 05:00:00,998.5,22.2,90.0,0.0,0.0,2.7,77.0,0.0,,,,,,,,,,2017-05-03T04:02:00,,,,,,,,,,,,,,,,,,
2017-05-03 06:00:00,999.1,22.2,90.0,1.0,66.0,1.9,68.0,0.0,,,,,,,,,,2017-05-03T05:49:00,,,,,,,,,,,,,,,,,,
2017-05-03 07:00:00,999.8,23.7,83.0,0.3,19.0,3.1,7.0,0.0,,,,,,,,,,2017-05-03T06:30:00,,,,,,,,,,,,,,,,,,
2017-05-03 08:00:00,999.9,25.8,74.0,0.4,8.0,2.3,36.0,0.0,,,,,,,,,,2017-05-03T07:32:00,,,,,,,,,,,,,,,,,,
2017-05-03 09:00:00,999.7,28.9,65.0,1.0,281.0,2.5,19.0,0.0,,,,,,,,,,2017-05-03T08:28:00,,,,,,,,,,,,,,,,,,
2017-05-03 10:00:00,999.4,31.3,57.0,1.1,204.0,3.2,233.0,0.0,,,,,,,,,,2017-05-03T09:53:00,,,,,,,,,,,,,,,,,,
2017-05-03 11:00:00,998.8,32.8,54.0,2.5,188.0,4.2,196.0,0.0,,,,,,,,,,2017-05-03T10:51:00,,,,,,,,,,,,,,,,,,
2017-05-03 12:00:00,998.2,34.2,49.0,2.4,248.0,4.5,216.0,0.0,,,,,,,,,,2017-05-03T11:24:00,,,,,,,,,,,,,,,,,,
2017-05-03 13:00:00,997.6,34.0,49.0,2.3,211.0,5.1,218.0,0.0,,,,,,,,,,2017-05-03T12:29:00,,,,,,,,,,,,,,,,,,
2017-05-03 14:00:00,996.9,33.4,51.0,2.9,247.0,4.7,258.0,0.0,,,,,,,,,,2017-05-03T13:58:00,,,,,,,,,,,,,,,,,,
2017-05-03 15:00:00,996.4,33.2,55.0,3.6,267.0,8.3,273.0,0.0,,,,,,,,,,2017-05-03T14:59:00,,,,,,,,,,,,,,,,,,
2017-05-03 16:00:00,996.7,30.6,61.0,3.2,275.0,7.9,267.0,0.0,,,,,,,,,,2017-05-03T15:12:00,,,,,,,,,,,,,,,,,,
2017-05-03 17:00:00,997.0,30.1,62.0,1.3,302.0,5.8,300.0,0.0,,,,,,,,,,2017-05-03T16:23:00,,,,,,,,,,,,,,,,,,
2017-05-03 18:00:00,997.6,28.4,68.0,1.3,284.0,3.9,283.0,0.0,,,,,,,,,,2017-05-03T17:47:00,,,,,,,,,,,,,,,,,,
2017-05-03 19:00:00,998.1,27.4,71.0,0.3,270.0,2.6,287.0,0.0,,,,,,,,,,2017-05-03T18:07:00,,,,,,,,,,,,,,,,,,
2017-05-03 20:00:00,998.6,26.6,76.0,0.2,0.0,1.8,121.0,0.0,,,,,,,,,,2017-05-03T19:44:00,,,,,,,,,,,,,,,,,,
2017-05-03 21:00:00,999.0,25.3,81.0,1.1,76.0,1.8,64.0,0.0,,,,,,,,,,2017-05-03T21:00:00,,,,,,,,,,,,,,,,,,
2017-05-03 22:00:00,999.1,24.9,83.0,0.3,103.0,2.5,39.0,0.0,,,,,,,,,,2017-05-03T21:18:00,,,,,,,,,,,,,,,,,,
2017-05-03 23:00:00,999.1,24.2,85.0,0.4,163.0,2.3,57.0,0.0,,,,,,,,,,2017-05-03T22:30:00,,,,,,,,,,,,,,,,,,
2017-05-04 00:00:00,999.0,23.8,87.0,0.9,78.0,1.6,6.0,0.0,,,,,,,,,,2017-05-03T23:33:00,,,,,,,,,,,,,,,,,,
2017-05-04 01:00:00,998.6,24.0,85.0,0.8,27.0,2.5,11.0,0.0,,,,,,,,,,2017-05-04T00:26:00,,,,,,,,,,,,,,,,,,
2017-05-04 02:00:00,998.0,23.8,85.0,0.8,79.0,3.4,4.0,0.0,,,,,,,,,,2017-05-04T01:12:00,,,,,,,,,,,,,,,,,,
2017-05-04 03:00:00,997.9,23.0,87.0,1.4,64.0,2.6,60.0,0.0,,,,,,,,,,2017-05-04T03:00:00,,,,,,,,,,,,,,,,,,
2017-05-04 04:00:00,998.3,23.2,85.0,1.0,39.0,2.3,63.0,0.0,,,,,,,,,,2017-05-04T04:00:00,,,,,,,,,,,,,,,,,,
2017-05-04 05:00:00,998.6,22.5,87.0,1.1,49.0,3.0,78.0,0.0,,,,,,,,,,2017-05-04T04:05:00,,,,,,,,,,,,,,,,,,
2017-05-04 06:00:00,999.0,22.7,84.0,1.1,55.0,2.5,66.0,0.0,,,,,,,,,,2017-05-04T05:16:00,,,,,,,,,,,,,,,,,,
2017-05-04 07:00:00,999.3,24.1,77.0,1.3,32.0,2.8,62.0,0.0,,,,,,,,,,2017-05-04T06:24:00,,,,,,,,,,,,,,,,,,
2017-05-04 08:00:00,998.9,27.1,64.0,1.7,39.0,3.4,49.0,0.0,,,,,,,,,,2017-05-04T07:32:00,,,,,,,,,,,,,,,,,,
2017-05-04 09:00:00,998.6,29.7,58.0,1.0,27.0,3.8,13.0,0.0,,,,,,,,,,2017-05-04T08:36:00,,,,,,,,,,,,,,,,,,
2017-05-04 10:00:00,998.8,32.0,56.0,1.9,210.0,3.7,201.0,0.0,,,,,,,,,,2017-05-04T09:50:00,,,,,,,,,,,,,,,,,,
2017-05-04 11:00:00,998.5,33.1,52.0,1.0,189.0,5.0,206.0,0.0,,,,,,,,,,2017-05-04T10:47:00,,,,,,,,,,,,,,,,,,
2017-05-04 12:00:00,997.7,34.0,49.0,2.4,214.0,5.2,213.0,0.0,,,,,,,,,,2017-05-04T11:30:00,,,,,,,,,,,,,,,,,,
2017-05-04 13:00:00,997.0,33.3,50.0,2.2,175.0,4.9,231.0,0.0,,,,,,,,,,2017-05-04T12:10:00,,,,,,,,,,,,,,,,,,
2017-05-04 14:00:00,996.9,33.0,53.0,1.8,193.0,5.0,187.0,0.0,,,,,,,,,,2017-05-04T13:32:00,,,,,,,,,,,,,,,,,,
2017-05-04 15:00:00,996.9,33.0,54.0,3.5,250.0,6.8,237.0,0.0,,,,,,,,,,2017-05-04T14:55:00,,,,,,,,,,,,,,,,,,
2017-05-04 16:00:00,997.1,31.2,59.0,3.6,242.0,6.3,252.0,0.0,,,,,,,,,,2017-05-04T16:00:00,,,,,,,,,,,,,,,,,,
2017-05-04 17:00:00,997.7,29.8,64.0,2.7,242.0,6.6,229.0,0.0,,,,,,,,,,2017-05-04T16:09:00,,,,,,,,,,,,,,,,,,
2017-05-04 18:00:00,998.1,28.5,70.0,1.4,252.0,5.5,206.0,0.0,,,,,,,,,,2017-05-04T17:02:00,,,,,,,,,,,,,,,,,,
2017-05-04 19:00:00,998.5,27.7,74.0,1.0,266.0,2.8,277.0,0.0,,,,,,,,,,2017-05-04T18:15:00,,,,,,,,,,,,,,,,,,
2017-05-04 20:00:00,998.9,27.1,78.0,1.1,197.0,2.0,228.0,0.0,,,,,,,,,,2017-05-04T19:19:00,,,,,,,,,,,,,,,,,,
2017-05-04 21:00:00,999.2,26.2,82.0,0.6,83.0,1.5,170.0,0.0,,,,,,,,,,2017-05-04T20:01:00,,,,,,,,,,,,,,,,,,
2017-05-04 22:00:00,999.6,26.0,83.0,0.9,81.0,1.4,85.0,0.0,,,,,,,,,,2017-05-04T21:22:00,,,,,,,,,,,,,,,,,,
2017-05-04 23:00:00,999.5,25.4,85.0,0.4,73.0,1.9,58.0,0.0,,,,,,,,,,2017-05-04T22:30:00,,,,,,,,,,,,,,,,,,
2017-05-05 00:00:00,998.9,24.5,88.0,0.6,66.0,1.8,104.0,0.0,,,,,,,,,,2017-05-04T23:36:00,,,,,,,,,,,,,,,,,,
2017-05-05 01:00:00,998.5,23.9,90.0,0.5,84.0,1.8,79.0,0.0,,,,,,,,,,2017-05-05T00:39:00,,,,,,,,,,,,,,,,,,
2017-05-05 02:00:00,998.6,23.5,91.0,0.0,0.0,1.8,88.0,0.0,,,,,,,,,,2017-05-05T01:39:00,,,,,,,,,,,,,,,,,,
2017-05-05 03:00:00,998.2,23.6,90.0,1.0,56.0,2.0,61.0,0.0,,,,,,,,,,2017-05-05T02:23:00,,,,,,,,,,,,,,,,,,
2017-05-05 04:00:00,998.8,23.0,91.0,0.2,0.0,2.6,65.0,0.0,,,,,,,,,,2017-05-05T03:08:00,,,,,,,,,,,,,,,,,,
2017-05-05 05:00:00,999.1,23.3,88.0,0.8,29.0,2.6,9.0,0.0,,,,,,,,,,2017-05-05T04:51:00,,,,,,,,,,,,,,,,,,
2017-05-05 06:00:00,999.3,23.1,86.0,0.9,69.0,2.5,20.0,0.0,,,,,,,,,,2017-05-05T05:40:00,,,,,,,,,,,,,,,,,,
2017-05-05 07:00:00,1000.0,25.6,74.0,0.9,33.0,2.3,43.0,0.0,,,,,,,,,,2017-05-05T06:46:00,,,,,,,,,,,,,,,,,,
2017-05-05 08:00:00,1000.3,28.0,59.0,0.6,18.0,3.0,43.0,0.0,,,,,,,,,,2017-05-05T07:30:00,,,,,,,,,,,,,,,,,,
2017-05-05 09:00:00,1000.7,30.6,59.0,2.0,226.0,3.7,220.0,0.0,,,,,,,,,,2017-05-05T08:46:00,,,,,,,,,,,,,,,,,,
2017-05-05 10:00:00,1000.7,32.1,54.0,1.2,188.0,3.4,187.0,0.0,,,,,,,,,,2017-05-05T09:04:00,,,,,,,,,,,,,,,,,,
2017-05-05 11:00:00,1000.4,33.0,52.0,1.6,208.0,4.9,230.0,0.0,,,,,,,,,,2017-05-05T10:46:00,,,,,,,,,,,,,,,,,,
2017-05-05 12:00:00,999.8,34.3,50.0,2.8,224.0,5.2,217.0,0.0,,,,,,,,,,2017-05-05T11:41:00,,,,,,,,,,,,,,,,,,
2017-05-05 13:00:00,999.0,34.4,49.0,2.9,226.0,5.6,230.0,0.0,,,,,,,,,,2017-05-05T12:44:00,,,,,,,,,,,,,,,,,,
2017-05-05 14:00:00,998.5,34.7,50.0,2.2,215.0,6.0,242.0,0.0,,,,,,,,,,2017-05-05T13:04:00,,,,,,,,,,,,,,,,,,
2017-05-05 15:00:00,998.1,33.1,56.0,2.1,268.0,5.4,232.0,0.0,,,,,,,,,,2017-05-05T14:16:00,,,,,,,,,,,,,,,,,,
2017-05-05 16:00:00,998.0,32.0,58.0,3.2,225.0,5.6,215.0,0.0,,,,,,,,,,2017-05-05T15:37:00,,,,,,,,,,,,,,,,,,
2017-05-05 17:00:00,998.5,30.7,61.0,2.7,221.0,6.1,246.0,0.0,,,,,,,,,,2017-05-05T16:14:00,,,,,,,,,,,,,,,,,,
2017-05-05 18:00:00,999.3,29.8,64.0,2.1,235.0,4.4,214.0,0.0,,,,,,,,,,2017-05-05T17:23:00,,,,,,,,,,,,,,,,,,
2017-05-05 19:00:00,1000.1,28.3,71.0,1.7,235.0,3.0,214.0,0.0,,,,,,,,,,2017-05-05T18:09:00,,,,,,,,,,,,,,,,,,
2017-05-05 20:00:00,1000.8,27.3,77.0,1.1,229.0,3.1,267.0,0.0,,,,,,,,,,2017-05-05T19:07:00,,,,,,,,,,,,,,,,,,
2017-05-05 21:00:00,1001.4,26.4,81.0,1.6,209.0,2.3,216.0,0.0,,,,,,,,,,2017-05-05T20:40:00,,,,,,,,,,,,,,,,,,
2017-05-05 22:00:00,1002.0,26.2,82.0,0.8,190.0,2.1,149.0,0.0,,,,,,,,,,2017-05-05T21:24:00,,,,,,,,,,,,,,,,,,
2017-05-05 23:00:00,1001.9,25.4,84.0,0.8,79.0,1.9,55.0,0.0,,,,,,,,,,2017-05-05T22:02:00,,,,,,,,,,,,,,,,,,
2017-05-06 00:00:00,1001.4,24.7,87.0,1.2,80.0,1.5,60.0,0.0,,,,,,,,,,2017-05-05T23:59:00,,,,,,,,,,,,,,,,,,
2017-05-06 01:00:00,1001.1,24.7,85.0,1.1,76.0,1.6,41.0,0.0,,,,,,,,,,2017-05-06T00:45:00,,,,,,,,,,,,,,,,,,
2017-05-06 02:00:00,1000.6,24.0,86.0,0.6,87.0,2.0,54.0,0.0,,,,,,,,,,2017-05-06T01:49:00,,,,,,,,,,,,,,,,,,
2017-05-06 03:00:00,1000.7,23.8,88.0,0.9,66.0,2.0,18.0,0.0,,,,,,,,,,2017-05-06T02:16:00,,,,,,,,,,,,,,,,,,
2017-05-06 04:00:00,1001.0,24.4,84.0,0.6,28.0,2.2,62.0,0.0,,,,,,,,,,2017-05-06T03:40:00,,,,,,,,,,,,,,,,,,
2017-05-06 05:00:00,1001.5,24.5,83.0,0.8,6.0,2.0,34.0,0.0,,,,,,,,,,2017-05-06T04:16:00,,,,,,,,,,,,,,,,,,
2017-05-06 06:00:00,1001.6,24.3,83.0,0.8,67.0,2.5,33.0,0.0,,,,,,,,,,2017-05-06T05:48:00,,,,,,,,,,,,,,,,,,
2017-05-06 07:00:00,1002.1,25.7,75.0,1.0,28.0,3.1,56.0,0.0,,,,,,,,,,2017-05-06T06:40:00,,,,,,,,,,,,,,,,,,
2017-05-06 08:00:00,1002.2,28.1,65.0,0.6,360.0,2.2,23.0,0.0,,,,,,,,,,2017-05-06T07:52:00,,,,,,,,,,,,,,,,,,
2017-05-06 09:00:00,1002.3,31.2,59.0,0.9,271.0,2.0,213.0,0.0,,,,,,,,,,2017-05-06T08:44:00,,,,,,,,,,,,,,,,,,
2017-05-06 10:00:00,1002.3,32.3,55.0,1.3,246.0,3.4,257.0,0.0,,,,,,,,,,2017-05-06T10:00:00,,,,,,,,,,,,,,,,,,
2017-05-06 11:00:00,1001.7,33.5,50.0,2.1,269.0,4.9,218.0,0.0,,,,,,,,,,2017-05-06T10:56:00,,,,,,,,,,,,,,,,,,
2017-05-06 12:00:00,1001.0,33.6,51.0,1.1,223.0,4.1,244.0,0.0,,,,,,,,,,2017-05-06T11:48:00,,,,,,,,,,,,,,,,,,
2017-05-06 13:00:00,1000.1,34.2,49.0,2.4,224.0,4.7,247.0,0.0,,,,,,,,,,2017-05-06T12:04:00,,,,,,,,,,,,,,,,,,
2017-05-06 14:00:00,998.9,34.7,48.0,1.5,305.0,4.4,257.0,0.0,,,,,,,,,,2017-05-06T13:30:00,,,,,,,,,,,,,,,,,,
2017-05-06 15:00:00,998.6,33.5,52.0,2.4,294.0,7.1,292.0,0.0,,,,,,,,,,2017-05-06T14:47:00,,,,,,,,,,,,,,,,,,
2017-05-06 16:00:00,998.5,32.7,57.0,3.0,280.0,6.2,270.0,0.0,,,,,,,,,,2017-05-06T15:45:00,,,,,,,,,,,,,,,,,,
2017-05-06 17:00:00,998.4,31.7,58.0,2.3,287.0,6.4,275.0,0.0,,,,,,,,,,2017-05-06T16:17:00,,,,,,,,,,,,,,,,,,
2017-05-06 18:00:00,999.1,29.7,62.0,2.8,180.0,5.0,257.0,0.0,,,,,,,,,,2017-05-06T17:19:00,,,,,,,,,,,,,,,,,,
2017-05-06 19:00:00,999.6,27.9,69.0,2.0,223.0,4.4,214.0,0.0,,,,,,,,,,2017-05-06T18:47:00,,,,,,,,,,,,,,,,,,
2017-05-06 20:00:00,1000.4,26.7,79.0,1.4,209.0,3.5,244.0,0.0,,,,,,,,,,2017-05-06T19:11:00,,,,,,,,,,,,,,,,,,
2017-05-06 21:00:00,1000.8,26.0,81.0,0.7,107.0,1.6,8.0,0.0,,,,,,,,,,2017-05-06T20:42:00,,,,,,,,,,,,,,,,,,
2017-05-06 22:00:00,1001.3,25.5,84.0,0.9,350.0,2.0,84.0,0.0,,,,,,,,,,2017-05-06T21:46:00,,,,,,,,,,,,,,,,,,
2017-05-06 23:00:00,1001.4,24.7,85.0,0.6,15.0,1.7,40.0,0.0,,,,,,,,,,2017-05-06T22:58:00,,,,,,,,,,,,,,,,,,
2017-05-07 00:00:00,1001.0,24.8,84.0,1.2,51.0,2.0,68.0,0.0,,,,,,,,,,2017-05-06T23:28:00,,,,,,,,,,,,,,,,,,
2017-05-07 01:00:00,1000.8,24.3,86.0,0.3,60.0,2.0,48.0,0.0,,,,,,,,,,2017-05-07T00:29:00,,,,,,,,,,,,,,,,,,
2017-05-07 02:00:00,1000.5,23.4,90.0,1.0,77.0,1.7,61.0,0.0,,,,,,,,,,2017-05-07T01:36:00,,,,,,,,,,,,,,,,,,
2017-05-07 03:00:00,1000.3,23.5,89.0,0.7,102.0,2.5,64.0,0.0,,,,,,,,,,2017-05-07T02:40:00,,,,,,,,,,,,,,,,,,
2017-05-07 04:00:00,1000.2,23.8,87.0,1.1,43.0,2.6,49.0,0.0,,,,,,,,,,2017-05-07T03:20:00,,,,,,,,,,,,,,,,,,
2017-05-07 05:00:00,1000.3,23.2,89.0,0.9,66.0,2.7,351.0,0.0,,,,,,,,,,2017-05-07T04:14:00,,,,,,,,,,,,,,,,,,
2017-05-07 06:00:00,1000.7,23.3,88.0,1.2,62.0,2.2,63.0,0.0,,,,,,,,,,2017-05-07T05:59:00,,,,,,,,,,,,,,,,,,
2017-05-07 07:00:00,1001.1,25.6,78.0,1.0,36.0,2.8,58.0,0.0,,,,,,,,,,2017-05-07T06:30:00,,,,,,,,,,,,,,,,,,
2017-05-07 08:00:00,1001.3,27.9,67.0,1.4,1.0,2.6,61.0,0.0,,,,,,,,,,2017-05-07T07:12:00,,,,,,,,,,,,,,,,,,
2017-05-07 09:00:00,1001.2,30.3,62.0,1.6,236.0,3.3,195.0,0.0,,,,,,,,,,2017-05-07T08:50:00,,,,,,,,,,,,,,,,,,
2017-05-07 10:00:00,1000.9,31.7,58.0,1.6,277.0,3.7,239.0,0.0,,,,,,,,,,2017-05-07T09:45:00,,,,,,,,,,,,,,,,,,
2017-05-07 11:00:00,1000.7,33.2,52.0,1.8,191.0,4.6,203.0,0.0,,,,,,,,,,2017-05-07T10:50:00,,,,,,,,,,,,,,,,,,
2017-05-07 12:00:00,1000.0,33.6,48.0,1.4,159.0,5.1,208.0,0.0,,,,,,,,,,2017-05-07T11:54:00,,,,,,,,,,,,,,,,,,
2017-05-07 13:00:00,999.0,33.1,52.0,2.1,257.0,5.1,276.0,0.0,,,,,,,,,,2017-05-07T12:12:00,,,,,,,,,,,,,,,,,,
2017-05-07 14:00:00,998.0,31.8,56.0,3.1,237.0,6.2,238.0,0.0,,,,,,,,,,2017-05-07T13:34:00,,,,,,,,,,,,,,,,,,
2017-05-07 15:00:00,997.7,32.2,57.0,3.5,240.0,7.4,221.0,0.0,,,,,,,,,,2017-05-07T14:43:00,,,,,,,,,,,,,,,,,,
2017-05-07 16:00:00,997.7,30.6,59.0,3.2,230.0,6.9,233.0,0.0,,,,,,,,,,2017-05-07T15:01:00,,,,,,,,,,,,,,,,,,
2017-05-07 17:00:00,998.0,30.1,61.0,3.3,222.0,6.1,218.0,0.0,,,,,,,,,,2017-05-07T16:24:00,,,,,,,,,,,,,,,,,,
2017-05-07 18:00:00,998.5,28.9,64.0,1.7,244.0,5.1,213.0,0.0,,,,,,,,,,2017-05-07T17:08:00,,,,,,,,,,,,,,,,,,
2017-05-07 19:00:00,999.3,28.0,66.0,1.7,232.0,4.1,234.0,0.0,,,,,,,,,,2017-05-07T18:06:00,,,,,,,,,,,,,,,,,,
2017-05-07 20:00:00,999.9,27.1,71.0,0.7,222.0,3.3,188.0,0.0,,,,,,,,,,2017-05-07T19:14:00,,,,,,,,,,,,,,,,,,
2017-05-07 21:00:00,1000.7,26.5,76.0,0.8,199.0,1.5,274.0,0.0,,,,,,,,,,2017-05-07T20:02:00,,,,,,,,,,,,,,,,,,
2017-05-07 22:00:00,1001.1,25.8,77.0,0.3,347.0,1.8,150.0,0.0,,,,,,,,,,2017-05-07T21:30:00,,,,,,,,,,,,,,,,,,
2017-05-07 23:00:00,1001.1,24.8,82.0,0.3,54.0,1.6,58.0,0.0,,,,,,,,,,2017-05-07T22:52:00,,,,,,,,,,,,,,,,,,
2017-05-08 00:00:00,1000.8,25.2,81.0,0.3,51.0,2.0,58.0,0.0,,,,,,,,,,2017-05-07T23:10:00,,,,,,,,,,,,,,,,,,
2017-05-08 01:00:00,1000.5,24.5,85.0,0.8,64.0,2.1,6.0,0.0,,,,,,,,,,2017-05-08T00:31:00,,,,,,,,,,,,,,,,,,
2017-05-08 02:00:00,999.6,24.0,87.0,0.8,46.0,1.6,75.0,0.0,,,,,,,,,,2017-05-08T01:27:00,,,,,,,,,,,,,,,,,,
2017-05-08 03:00:00,999.4,23.7,87.0,0.6,53.0,1.8,13.0,0.0,,,,,,,,,,2017-05-08T02:16:00,,,,,,,,,,,,,,,,,,
2017-05-08 04:00:00,999.1,23.2,91.0,0.3,22.0,1.3,79.0,0.0,,,,,,,,,,2017-05-08T03:03:00,,,,,,,,,,,,,,,,,,
2017-05-08 05:00:00,999.3,22.6,91.0,0.7,71.0,1.5,74.0,0.0,,,,,,,,,,2017-05-08T04:22:00,,,,,,,,,,,,,,,,,,
2017-05-08 06:00:00,999.2,23.0,91.0,0.7,348.0,1.6,6.0,0.0,,,,,,,,,,2017-05-08T06:00:00,,,,,,,,,,,,,,,,,,
2017-05-08 07:00:00,999.5,25.2,80.0,0.4,278.0,1.6,13.0,0.0,,,,,,,,,,2017-05-08T06:08:00,,,,,,,,,,,,,,,,,,
2017-05-08 08:00:00,999.5,27.7,71.0,1.2,235.0,2.0,273.0,0.0,,,,,,,,,,2017-05-08T07:58:00,,,,,,,,,,,,,,,,,,
2017-05-08 09:00:00,999.5,29.8,64.0,1.9,201.0,2.8,246.0,0.0,,,,,,,,,,2017-05-08T08:27:00,,,,,,,,,,,,,,,,,,
2017-05-08 10:00:00,999.2,30.9,60.0,1.1,203.0,4.4,251.0,0.0,,,,,,,,,,2017-05-08T09:26:00,,,,,,,,,,,,,,,,,,
2017-05-08 11:00:00,998.6,32.5,51.0,1.2,215.0,4.5,289.0,0.0,,,,,,,,,,2017-05-08T10:30:00,,,,,,,,,,,,,,,,,,
2017-05-08 12:00:00,997.7,33.0,49.0,2.1,183.0,4.5,281.0,0.0,,,,,,,,,,2017-05-08T11:39:00,,,,,,,,,,,,,,,,,,
2017-05-08 13:00:00,996.9,34.3,49.0,2.4,247.0,6.0,210.0,0.0,,,,,,,,,,2017-05-08T12:39:00,,,,,,,,,,,,,,,,,,
2017-05-08 14:00:00,996.0,34.6,50.0,3.2,214.0,6.7,230.0,0.0,,,,,,,,,,2017-05-08T13:12:00,,,,,,,,,,,,,,,,,,
2017-05-08 15:00:00,995.6,33.3,52.0,2.8,274.0,6.0,279.0,0.0,,,,,,,,,,2017-05-08T14:58:00,,,,,,,,,,,,,,,,,,
2017-05-08 16:00:00,995.4,32.4,55.0,3.9,256.0,6.9,244.0,0.0,,,,,,,,,,2017-05-08T15:25:00,,,,,,,,,,,,,,,,,,
2017-05-08 17:00:00,995.6,31.2,58.0,2.3,259.0,6.6,243.0,0.0,,,,,,,,,,2017-05-08T16:07:00,,,,,,,,,,,,,,,,,,
2017-05-08 18:00:00,995.9,29.2,67.0,1.8,261.0,5.1,267.0,0.0,,,,,,,,,,2017-05-08T17:11:00,,,,,,,,,,,,,,,,,,
2017-05-08 19:00:00,996.6,28.2,72.0,1.3,245.0,3.6,284.0,0.0,,,,,,,,,,2017-05-08T18:11:00,,,,,,,,,,,,,,,,,,
2017-05-08 20:00:00,997.3,26.8,79.0,1.3,228.0,2.8,224.0,0.0,,,,,,,,,,2017-05-08T19:27:00,,,,,,,,,,,,,,,,,,
2017-05-08 21:00:00,998.0,26.4,81.0,0.5,109.0,1.9,227.0,0.0,,,,,,,,,,2017-05-08T20:02:00,,,,,,,,,,,,,,,,,,
2017-05-08 22:00:00,998.7,25.3,84.0,1.0,88.0,1.5,83.0,0.0,,,,,,,,,,2017-05-08T21:57:00,,,,,,,,,,,,,,,,,,
2017-05-08 23:00:00,998.5,25.1,84.0,1.1,30.0,1.9,64.0,0.0,,,,,,,,,,2017-05-08T22:23:00,,,,,,,,,,,,,,,,,,
2017-05-09 00:00:00,998.3,24.7,84.0,1.2,52.0,2.0,56.0,0.0,,,,,,,,,,2017-05-09T00:00:00,,,,,,,,,,,,,,,,,,
2017-05-09 01:00:00,997.8,23.6,88.0,1.1,329.0,2.1,14.0,0.0,,,,,,,,,,2017-05-09T00:38:00,,,,,,,,,,,,,,,,,,
2017-05-09 02:00:00,997.8,23.6,88.0,0.8,14.0,2.2,21.0,0.0,,,,,,,,,,2017-05-09T01:07:00,,,,,,,,,,,,,,,,,,
2017-05-09 03:00:00,997.7,23.3,87.0,1.6,66.0,2.6,70.0,0.0,,,,,,,,,,2017-05-09T02:03:00,,,,,,,,,,,,,,,,,,
2017-05-09 04:00:00,997.6,23.6,85.0,0.7,27.0,2.8,73.0,0.0,,,,,,,,,,2017-05-09T03:11:00,,,,,,,,,,,,,,,,,,
2017-05-09 05:00:00,997.5,23.7,82.0,1.4,41.0,3.8,60.0,0.0,,,,,,,,,,2017-05-09T04:19:00,,,,,,,,,,,,,,,,,,
2017-05-09 06:00:00,998.1,23.5,82.0,1.7,36.0,3.5,56.0,0.0,,,,,,,,,,2017-05-09T05:33:00,,,,,,,,,,,,,,,,,,
2017-05-09 07:00:00,998.8,26.0,67.0,1.5,35.0,3.7,2.0,0.0,,,,,,,,,,2017-05-09T06:20:00,,,,,,,,,,,,,,,,,,
2017-05-09 08:00:00,998.6,28.7,55.0,2.0,14.0,4.1,353.0,0.0,,,,,,,,,,2017-05-09T07:36:00,,,,,,,,,,,,,,,,,,
2017-05-09 09:00:00,998.2,31.4,54.0,1.8,272.0,3.8,215.0,0.0,,,,,,,,,,2017-05-09T08:44:00,,,,,,,,,,,,,,,,,,
2017-05-09 10:00:00,998.3,33.1,50.0,2.3,220.0,4.4,215.0,0.0,,,,,,,,,,2017-05-09T09:31:00,,,,,,,,,,,,,,,,,,
2017-05-09 11:00:00,998.2,34.5,42.0,1.9,189.0,4.2,231.0,0.0,,,,,,,,,,2017-05-09T10:22:00,,,,,,,,,,,,,,,,,,
2017-05-09 12:00:00,997.9,34.8,43.0,3.0,265.0,6.1,249.0,0.0,,,,,,,,,,2017-05-09T11:58:00,,,,,,,,,,,,,,,,,,
2017-05-09 13:00:00,997.4,34.5,46.0,2.3,291.0,6.4,241.0,0.0,,,,,,,,,,2017-05-09T12:24:00,,,,,,,,,,,,,,,,,,
2017-05-09 14:00:00,996.9,35.6,44.0,2.0,280.0,6.6,298.0,0.0,,,,,,,,,,2017-05-09T13:05:00,,,,,,,,,,,,,,,,,,
2017-05-09 15:00:00,996.7,34.4,51.0,1.6,309.0,6.3,278.0,0.0,,,,,,,,,,2017-05-09T14:13:00,,,,,,,,,,,,,,,,,,
2017-05-09 16:00:00,996.7,33.3,54.0,3.0,285.0,6.5,273.0,0.0,,,,,,,,,,2017-05-09T15:46:00,,,,,,,,,,,,,,,,,,
2017-05-09 17:00:00,996.7,32.0,59.0,2.0,298.0,6.4,285.0,0.0,,,,,,,,,,2017-05-09T17:00:00,,,,,,,,,,,,,,,,,,
2017-05-09 18:00:00,997.1,29.6,65.0,1.1,302.0,5.7,290.0,0.0,,,,,,,,,,2017-05-09T17:01:00,,,,,,,,,,,,,,,,,,
2017-05-09 19:00:00,997.5,27.8,73.0,1.0,276.0,3.3,297.0,0.0,,,,,,,,,,2017-05-09T18:17:00,,,,,,,,,,,,,,,,,,
2017-05-09 20:00:00,998.3,27.0,77.0,0.9,281.0,1.6,264.0,0.0,,,,,,,,,,2017-05-09T19:04:00,,,,,,,,,,,,,,,,,,
2017-05-09 21:00:00,999.0,26.6,78.0,0.7,117.0,1.8,163.0,0.0,,,,,,,,,,2017-05-09T20:38:00,,,,,,,,,,,,,,,,,,
2017-05-09 22:00:00,999.3,25.3,84.0,1.0,76.0,1.6,69.0,0.0,,,,,,,,,,2017-05-09T21:54:00,,,,,,,,,,,,,,,,,,
2017-05-09 23:00:00,999.3,24.8,87.0,1.0,84.0,1.6,84.0,0.0,,,,,,,,,,2017-05-09T22:55:00,,,,,,,,,,,,,,,,,,
2017-05-10 00:00:00,998.9,24.4,89.0,0.9,70.0,1.7,125.0,0.0,,,,,,,,,,2017-05-10T00:00:00,,,,,,,,,,,,,,,,,,
2017-05-10 01:00:00,998.6,24.1,89.0,0.9,53.0,1.6,123.0,0.0,,,,,,,,,,2017-05-10T00:01:00,,,,,,,,,,,,,,,,,,
2017-05-10 02:00:00,998.5,23.5,91.0,0.9,75.0,2.1,80.0,0.0,,,,,,,,,,2017-05-10T01:39:00,,,,,,,,,,,,,,,,,,
2017-05-10 03:00:00,998.7,24.3,87.0,1.2,35.0,2.6,60.0,0.0,,,,,,,,,,2017-05-10T02:32:00,,,,,,,,,,,,,,,,,,
2017-05-10 04:00:00,998.9,23.9,85.0,1.4,47.0,2.8,70.0,0.0,,,,,,,,,,2017-05-10T03:05:00,,,,,,,,,,,,,,,,,,
2017-05-10 05:00:00,999.3,23.6,85.0,0.6,37.0,2.8,32.0,0.0,,,,,,,,,,2017-05-10T04:51:00,,,,,,,,,,,,,,,,,,
2017-05-10 06:00:00,999.7,23.3,84.0,1.2,57.0,2.5,60.0,0.0,,,,,,,,,,2017-05-10T05:30:00,,,,,,,,,,,,,,,,,,
2017-05-10 07:00:00,1000.1,25.8,73.0,1.1,23.0,2.8,51.0,0.0,,,,,,,,,,2017-05-10T06:04:00,,,,,,,,,,,,,,,,,,
2017-05-10 08:00:00,1000.5,28.4,61.0,0.7,354.0,3.5,53.0,0.0,,,,,,,,,,2017-05-10T07:03:00,,,,,,,,,,,,,,,,,,
2017-05-10 09:00:00,1000.8,30.5,61.0,1.6,252.0,3.1,248.0,0.0,,,,,,,,,,2017-05-10T09:00:00,,,,,,,,,,,,,,,,,,
2017-05-10 10:00:00,1000.8,32.1,57.0,1.0,245.0,3.8,260.0,0.0,,,,,,,,,,2017-05-10T09:23:00,,,,,,,,,,,,,,,,,,
2017-05-10 11:00:00,1000.6,33.2,52.0,2.1,214.0,3.7,233.0,0.0,,,,,,,,,,2017-05-10T10:26:00,,,,,,,,,,,,,,,,,,
2017-05-10 12:00:00,1000.2,34.2,51.0,3.2,196.0,6.1,212.0,0.0,,,,,,,,,,2017-05-10T11:41:00,,,,,,,,,,,,,,,,,,
2017-05-10 13:00:00,999.8,35.0,45.0,1.2,306.0,5.4,247.0,0.0,,,,,,,,,,2017-05-10T12:46:00,,,,,,,,,,,,,,,,,,
2017-05-10 14:00:00,999.4,32.1,59.0,3.2,287.0,7.3,271.0,0.0,,,,,,,,,,2017-05-10T13:54:00,,,,,,,,,,,,,,,,,,
2017-05-10 15:00:00,999.2,31.1,65.0,1.7,300.0,6.0,260.0,0.0,,,,,,,,,,2017-05-10T14:08:00,,,,,,,,,,,,,,,,,,
2017-05-10 16:00:00,999.2,30.6,65.0,1.1,288.0,5.8,284.0,0.0,,,,,,,,,,2017-05-10T15:31:00,,,,,,,,,,,,,,,,,,
2017-05-10 17:00:00,999.0,29.9,66.0,1.8,276.0,3.7,263.0,0.0,,,,,,,,,,2017-05-10T16:12:00,,,,,,,,,,,,,,,,,,
2017-05-10 18:00:00,999.7,29.2,68.0,1.6,251.0,3.4,265.0,0.0,,,,,,,,,,2017-05-10T17:08:00,,,,,,,,,,,,,,,,,,
2017-05-10 19:00:00,1000.3,28.2,73.0,1.0,204.0,2.6,235.0,0.0,,,,,,,,,,2017-05-10T18:24:00,,,,,,,,,,,,,,,,,,
2017-05-10 20:00:00,1000.9,27.9,74.0,0.0,0.0,1.7,222.0,0.0,,,,,,,,,,2017-05-10T19:01:00,,,,,,,,,,,,,,,,,,
2017-05-10 21:00:00,1001.6,27.5,78.0,0.6,225.0,1.1,213.0,0.0,,,,,,,,,,2017-05-10T20:49:00,,,,,,,,,,,,,,,,,,
2017-05-10 22:00:00,1001.7,26.6,80.0,0.8,7.0,1.3,84.0,0.0,,,,,,,,,,2017-05-10T21:44:00,,,,,,,,,,,,,,,,,,
2017-05-10 23:00:00,1001.5,25.6,82.0,1.2,63.0,2.2,9.0,0.0,,,,,,,,,,2017-05-10T22:16:00,,,,,,,,,,,,,,,,,,
2017-05-11 00:00:00,1001.1,25.1,86.0,0.1,0.0,1.9,80.0,0.0,,,,,,,,,,2017-05-10T23:04:00,,,,,,,,,,,,,,,,,,
2017-05-11 01:00:00,1000.5,24.9,85.0,0.2,0.0,1.7,86.0,0.0,,,,,,,,,,2017-05-11T00:13:00,,,,,,,,,,,,,,,,,,
2017-05-11 02:00:00,1000.2,25.1,85.0,0.9,17.0,2.0,60.0,0.0,,,,,,,,,,2017-05-11T01:47:00,,,,,,,,,,,,,,,,,,
2017-05-11 03:00:00,999.9,24.5,88.0,0.2,0.0,1.7,77.0,0.0,,,,,,,,,,2017-05-11T02:05:00,,,,,,,,,,,,,,,,,,
2017-05-11 04:00:00,999.9,24.6,88.0,1.0,360.0,1.8,57.0,0.0,,,,,,,,,,2017-05-11T03:42:00,,,,,,,,,,,,,,,,,,
2017-05-11 05:00:00,1000.5,24.7,86.0,1.3,57.0,2.2,62.0,0.0,,,,,,,,,,2017-05-11T04:23:00,,,,,,,,,,,,,,,,,,
2017-05-11 06:00:00,1000.9,24.9,85.0,1.3,64.0,2.4,49.0,0.0,,,,,,,,,,2017-05-11T05:58:00,,,,,,,,,,,,,,,,,,
2017-05-11 07:00:00,1001.1,25.7,82.0,0.5,12.0,2.6,8.0,0.0,,,,,,,,,,2017-05-11T06:42:00,,,,,,,,,,,,,,,,,,
2017-05-11 08:00:00,1001.4,27.9,72.0,0.5,84.0,1.5,355.0,0.0,,,,,,,,,,2017-05-11T07:04:00,,,,,,,,,,,,,,,,,,
2017-05-11 09:00:00,1001.3,31.2,60.0,1.9,201.0,3.0,252.0,0.0,,,,,,,,,,2017-05-11T09:00:00,,,,,,,,,,,,,,,,,,
2017-05-11 10:00:00,1001.2,32.4,56.0,1.4,208.0,3.7,192.0,0.0,,,,,,,,,,2017-05-11T09:27:00,,,,,,,,,,,,,,,,,,
2017-05-11 11:00:00,1000.8,33.8,51.0,1.9,248.0,4.4,249.0,0.0,,,,,,,,,,2017-05-11T10:55:00,,,,,,,,,,,,,,,,,,
2017-05-11 12:00:00,1000.4,34.1,48.0,2.6,258.0,4.6,221.0,0.0,,,,,,,,,,2017-05-11T11:22:00,,,,,,,,,,,,,,,,,,
2017-05-11 13:00:00,999.7,34.1,50.0,2.4,213.0,4.0,166.0,0.0,,,,,,,,,,2017-05-11T12:47:00,,,,,,,,,,,,,,,,,,
2017-05-11 14:00:00,999.2,32.7,54.0,4.0,230.0,6.0,250.0,0.0,,,,,,,,,,2017-05-11T13:56:00,,,,,,,,,,,,,,,,,,
2017-05-11 15:00:00,998.9,31.9,58.0,3.1,270.0,6.2,288.0,0.0,,,,,,,,,,2017-05-11T14:39:00,,,,,,,,,,,,,,,,,,
2017-05-11 16:00:00,998.4,32.0,57.0,2.1,284.0,5.7,289.0,0.0,,,,,,,,,,2017-05-11T15:55:00,,,,,,,,,,,,,,,,,,
2017-05-11 17:00:00,998.6,30.2,61.0,1.6,288.0,5.8,296.0,0.0,,,,,,,,,,2017-05-11T16:15:00,,,,,,,,,,,,,,,,,,
2017-05-11 18:00:00,999.0,29.1,65.0,2.3,274.0,4.7,281.0,0.0,,,,,,,,,,2017-05-11T17:06:00,,,,,,,,,,,,,,,,,,
2017-05-11 19:00:00,999.5,28.4,69.0,1.2,280.0,4.3,281.0,0.0,,,,,,,,,,2017-05-11T18:02:00,,,,,,,,,,,,,,,,,,
2017-05-11 20:00:00,999.8,27.8,72.0,0.8,103.0,2.1,281.0,0.0,,,,,,,,,,2017-05-11T19:01:00,,,,,,,,,,,,,,,,,,
2017-05-11 21:00:00,1000.2,26.4,78.0,1.0,68.0,1.5,75.0,0.0,,,,,,,,,,2017-05-11T20:19:00,,,,,,,,,,,,,,,,,,
2017-05-11 22:00:00,1000.5,25.9,80.0,0.1,0.0,2.1,83.0,0.0,,,,,,,,,,2017-05-11T21:40:00,,,,,,,,,,,,,,,,,,
2017-05-11 23:00:00,1000.3,24.8,85.0,1.1,76.0,1.9,94.0,0.0,,,,,,,,,,2017-05-11T22:50:00,,,,,,,,,,,,,,,,,,
2017-05-12 00:00:00,999.6,25.4,82.0,0.5,52.0,2.2,71.0,0.0,,,,,,,,,,2017-05-11T23:17:00,,,,,,,,,,,,,,,,,,
2017-05-12 01:00:00,999.1,24.7,85.0,0.4,73.0,1.9,22.0,0.0,,,,,,,,,,2017-05-12T00:04:00,,,,,,,,,,,,,,,,,,
2017-05-12 02:00:00,998.6,24.5,86.0,0.9,57.0,2.3,53.0,0.0,,,,,,,,,,2017-05-12T01:22:00,,,,,,,,,,,,,,,,,,
2017-05-12 03:00:00,997.7,24.1,88.0,0.0,0.0,2.3,44.0,0.0,,,,,,,,,,2017-05-12T02:19:00,,,,,,,,,,,,,,,,,,
2017-05-12 04:00:00,997.3,23.5,90.0,0.8,65.0,1.7,57.0,0.0,,,,,,,,,,2017-05-12T03:45:00,,,,,,,,,,,,,,,,,,
2017-05-12 05:00:00,997.3,23.4,90.0,0.5,56.0,1.5,61.0,0.0,,,,,,,,,,2017-05-12T04:29:00,,,,,,,,,,,,,,,,,,
2017-05-12 06:00:00,997.5,23.7,88.0,1.1,58.0,2.1,73.0,0.0,,,,,,,,,,2017-05-12T05:57:00,,,,,,,,,,,,,,,,,,
2017-05-12 07:00:00,998.1,25.8,80.0,0.8,87.0,1.9,84.0,0.0,,,,,,,,,,2017-05-12T06:53:00,,,,,,,,,,,,,,,,,,
2017-05-12 08:00:00,998.2,29.0,65.0,0.8,35.0,2.5,98.0,0.0,,,,,,,,,,2017-05-12T07:33:00,,,,,,,,,,,,,,,,,,
2017-05-12 09:00:00,998.3,31.2,59.0,1.6,247.0,3.5,210.0,0.0,,,,,,,,,,2017-05-12T08:58:00,,,,,,,,,,,,,,,,,,
2017-05-12 10:00:00,998.1,31.5,56.0,1.0,310.0,3.8,212.0,0.0,,,,,,,,,,2017-05-12T09:36:00,,,,,,,,,,,,,,,,,,
2017-05-12 11:00:00,997.8,34.4,48.0,3.6,217.0,5.7,221.0,0.0,,,,,,,,,,2017-05-12T10:54:00,,,,,,,,,,,,,,,,,,
2017-05-12 12:00:00,997.6,34.9,47.0,1.8,225.0,5.8,193.0,0.0,,,,,,,,,,2017-05-12T11:01:00,,,,,,,,,,,,,,,,,,
2017-05-12 13:00:00,996.4,35.4,45.0,4.0,222.0,6.6,223.0,0.0,,,,,,,,,,2017-05-12T12:58:00,,,,,,,,,,,,,,,,,,
2017-05-12 14:00:00,995.8,35.6,47.0,3.5,207.0,7.4,231.0,0.0,,,,,,,,,,2017-05-12T13:47:00,,,,,,,,,,,,,,,,,,
2017-05-12 15:00:00,995.1,34.9,46.0,5.3,212.0,9.1,222.0,0.0,,,,,,,,,,2017-05-12T14:40:00,,,,,,,,,,,,,,,,,,
2017-05-12 16:00:00,994.9,33.0,50.0,3.9,207.0,8.7,196.0,0.0,,,,,,,,,,2017-05-12T15:05:00,,,,,,,,,,,,,,,,,,
2017-05-12 17:00:00,995.1,31.0,62.0,3.8,192.0,7.8,193.0,0.0,,,,,,,,,,2017-05-12T16:38:00,,,,,,,,,,,,,,,,,,
2017-05-12 18:00:00,995.3,29.3,71.0,2.5,200.0,6.6,181.0,0.0,,,,,,,,,,2017-05-12T17:01:00,,,,,,,,,,,,,,,,,,
2017-05-12 19:00:00,995.4,28.4,74.0,1.3,190.0,5.5,203.0,0.0,,,,,,,,,,2017-05-12T18:14:00,,,,,,,,,,,,,,,,,,
2017-05-12 20:00:00,995.8,27.9,76.0,0.8,242.0,2.2,202.0,0.0,,,,,,,,,,2017-05-12T19:44:00,,,,,,,,,,,,,,,,,,
2017-05-12 21:00:00,996.3,27.5,78.0,0.4,199.0,3.9,211.0,0.0,,,,,,,,,,2017-05-12T20:48:00,,,,,,,,,,,,,,,,,,
2017-05-12 22:00:00,996.7,26.3,84.0,1.1,352.0,2.1,49.0,0.0,,,,,,,,,,2017-05-12T21:35:00,,,,,,,,,,,,,,,,,,
2017-05-12 23:00:00,996.6,25.8,86.0,1.0,63.0,1.9,62.0,0.0,,,,,,,,,,2017-05-12T22:58:00,,,,,,,,,,,,,,,,,,
2017-05-13 00:00:00,996.1,25.3,87.0,1.2,21.0,2.3,12.0,0.0,,,,,,,,,,2017-05-12T23:54:00,,,,,,,,,,,,,,,,,,
2017-05-13 01:00:00,995.8,25.2,86.0,1.1,39.0,2.7,66.0,0.0,,,,,,,,,,2017-05-13T00:27:00,,,,,,,,,,,,,,,,,,
2017-05-13 02:00:00,995.2,24.9,86.0,1.4,37.0,2.6,62.0,0.0,,,,,,,,,,2017-05-13T01:59:00,,,,,,,,,,,,,,,,,,
2017-05-13 03:00:00,995.1,24.1,88.0,1.2,72.0,2.3,68.0,0.0,,,,,,,,,,2017-05-13T02:15:00,,,,,,,,,,,,,,,,,,
2017-05-13 04:00:00,995.1,23.9,86.0,0.9,77.0,2.3,71.0,0.0,,,,,,,,,,2017-05-13T03:38:00,,,,,,,,,,,,,,,,,,
2017-05-13 05:00:00,995.0,24.2,80.0,0.9,52.0,2.5,47.0,0.0,,,,,,,,,,2017-05-13T04:54:00,,,,,,,,,,,,,,,,,,
2017-05-13 06:00:00,995.3,23.7,82.0,0.4,79.0,2.2,39.0,0.0,,,,,,,,,,2017-05-13T05:11:00,,,,,,,,,,,,,,,,,,
2017-05-13 07:00:00,995.7,25.5,70.0,1.4,61.0,2.8,52.0,0.0,,,,,,,,,,2017-05-13T07:00:00,,,,,,,,,,,,,,,,,,
2017-05-13 08:00:00,996.2,27.8,62.0,0.9,13.0,2.8,73.0,0.0,,,,,,,,,,2017-05-13T07:10:00,,,,,,,,,,,,,,,,,,
2017-05-13 09:00:00,996.0,30.7,63.0,0.7,110.0,2.3,261.0,0.0,,,,,,,,,,2017-05-13T08:43:00,,,,,,,,,,,,,,,,,,
2017-05-13 10:00:00,996.3,32.0,60.0,1.4,259.0,3.8,223.0,0.0,,,,,,,,,,2017-05-13T09:47:00,,,,,,,,,,,,,,,,,,
2017-05-13 11:00:00,995.9,33.2,54.0,1.8,267.0,3.9,290.0,0.0,,,,,,,,,,2017-05-13T10:56:00,,,,,,,,,,,,,,,,,,
2017-05-13 12:00:00,995.6,34.6,49.0,1.9,301.0,5.5,35.0,0.0,,,,,,,,,,2017-05-13T11:54:00,,,,,,,,,,,,,,,,,,
2017-05-13 13:00:00,995.0,35.1,46.0,2.4,287.0,6.2,292.0,0.0,,,,,,,,,,2017-05-13T12:50:00,,,,,,,,,,,,,,,,,,
2017-05-13 14:00:00,994.7,33.9,49.0,3.4,286.0,8.0,267.0,0.0,,,,,,,,,,2017-05-13T13:39:00,,,,,,,,,,,,,,,,,,
2017-05-13 15:00:00,994.2,33.0,49.0,2.1,294.0,8.0,285.0,0.0,,,,,,,,,,2017-05-13T14:26:00,,,,,,,,,,,,,,,,,,
2017-05-13 16:00:00,994.5,30.7,58.0,1.7,301.0,6.3,286.0,0.0,,,,,,,,,,2017-05-13T15:05:00,,,,,,,,,,,,,,,,,,
2017-05-13 17:00:00,994.7,29.9,59.0,1.2,288.0,4.9,292.0,0.0,,,,,,,,,,2017-05-13T16:26:00,,,,,,,,,,,,,,,,,,
2017-05-13 18:00:00,995.3,29.0,65.0,1.1,283.0,3.8,25.0,0.0,,,,,,,,,,2017-05-13T17:21:00,,,,,,,,,,,,,,,,,,
2017-05-13 19:00:00,995.7,28.0,71.0,0.8,88.0,4.2,285.0,0.0,,,,,,,,,,2017-05-13T18:11:00,,,,,,,,,,,,,,,,,,
2017-05-13 20:00:00,996.5,27.5,76.0,1.0,230.0,2.0,86.0,0.0,,,,,,,,,,2017-05-13T19:14:00,,,,,,,,,,,,,,,,,,
2017-05-13 21:00:00,997.1,27.1,79.0,0.9,153.0,1.6,250.0,0.0,,,,,,,,,,2017-05-13T20:14:00,,,,,,,,,,,,,,,,,,
2017-05-13 22:00:00,997.4,26.6,79.0,0.8,87.0,1.7,165.0,0.0,,,,,,,,,,2017-05-13T21:14:00,,,,,,,,,,,,,,,,,,
2017-05-13 23:00:00,997.2,26.5,77.0,0.5,62.0,2.2,61.0,0.0,,,,,,,,,,2017-05-13T22:18:00,,,,,,,,,,,,,,,,,,
2017-05-14 00:00:00,996.9,26.2,81.0,1.1,234.0,1.8,49.0,0.0,,,,,,,,,,2017-05-13T23:46:00,,,,,,,,,,,,,,,,,,
2017-05-14 01:00:00,996.4,25.9,82.0,0.9,2.0,2.2,4.0,0.0,,,,,,,,,,2017-05-14T00:51:00,,,,,,,,,,,,,,,,,,
2017-05-14 02:00:00,996.1,25.2,82.0,0.9,10.0,2.4,71.0,0.0,,,,,,,,,,2017-05-14T01:30:00,,,,,,,,,,,,,,,,,,
2017-05-14 03:00:00,996.0,26.7,56.0,1.5,62.0,4.4,7.0,0.0,,,,,,,,,,2017-05-14T02:36:00,,,,,,,,,,,,,,,,,,
2017-05-14 04:00:00,995.9,26.2,56.0,1.6,360.0,3.1,49.0,0.0,,,,,,,,,,2017-05-14T03:47:00,,,,,,,,,,,,,,,,,,
2017-05-14 05:00:00,995.9,26.0,56.0,1.3,28.0,4.1,61.0,0.0,,,,,,,,,,2017-05-14T04:45:00,,,,,,,,,,,,,,,,,,
2017-05-14 06:00:00,997.0,23.9,69.0,0.0,0.0,2.8,10.0,0.0,,,,,,,,,,2017-05-14T05:09:00,,,,,,,,,,,,,,,,,,
2017-05-14 07:00:00,997.2,26.6,57.0,0.7,357.0,2.5,77.0,0.0,,,,,,,,,,2017-05-14T06:24:00,,,,,,,,,,,,,,,,,,
2017-05-14 08:00:00,997.6,27.0,62.0,1.5,201.0,1.9,209.0,0.0,,,,,,,,,,2017-05-14T07:57:00,,,,,,,,,,,,,,,,,,
2017-05-14 09:00:00,997.8,30.0,50.0,0.9,66.0,2.8,60.0,0.0,,,,,,,,,,2017-05-14T09:00:00,,,,,,,,,,,,,,,,,,
2017-05-14 10:00:00,997.5,31.2,47.0,1.4,199.0,2.6,289.0,0.0,,,,,,,,,,2017-05-14T09:28:00,,,,,,,,,,,,,,,,,,
2017-05-14 11:00:00,996.9,34.2,38.0,2.7,294.0,5.7,291.0,0.0,,,,,,,,,,2017-05-14T10:48:00,,,,,,,,,,,,,,,,,,
2017-05-14 12:00:00,996.2,34.7,40.0,1.4,297.0,5.7,296.0,0.0,,,,,,,,,,2017-05-14T11:23:00,,,,,,,,,,,,,,,,,,
2017-05-14 13:00:00,995.3,35.4,36.0,2.2,340.0,7.2,262.0,0.0,,,,,,,,,,2017-05-14T12:05:00,,,,,,,,,,,,,,,,,,
2017-05-14 14:00:00,994.6,35.3,36.0,1.7,335.0,5.7,283.0,0.0,,,,,,,,,,2017-05-14T13:02:00,,,,,,,,,,,,,,,,,,
2017-05-14 15:00:00,994.0,35.4,39.0,2.3,308.0,7.2,286.0,0.0,,,,,,,,,,2017-05-14T14:45:00,,,,,,,,,,,,,,,,,,
2017-05-14 16:00:00,993.9,33.8,45.0,3.5,284.0,6.4,279.0,0.0,,,,,,,,,,2017-05-14T15:07:00,,,,,,,,,,,,,,,,,,
2017-05-14 17:00:00,994.2,32.1,48.0,2.1,298.0,7.2,270.0,0.0,,,,,,,,,,2017-05-14T16:04:00,,,,,,,,,,,,,,,,,,
2017-05-14 18:00:00,995.1,30.2,55.0,1.9,273.0,5.1,287.0,0.0,,,,,,,,,,2017-05-14T17:24:00,,,,,,,,,,,,,,,,,,
2017-05-14 19:00:00,995.8,28.7,63.0,1.3,258.0,4.0,271.0,0.0,,,,,,,,,,2017-05-14T18:09:00,,,,,,,,,,,,,,,,,,
2017-05-14 20:00:00,996.7,27.3,72.0,1.1,233.0,3.5,238.0,0.0,,,,,,,,,,2017-05-14T19:06:00,,,,,,,,,,,,,,,,,,
2017-05-14 21:00:00,997.4,27.0,69.0,0.7,108.0,2.3,158.0,0.0,,,,,,,,,,2017-05-14T20:20:00,,,,,,,,,,,,,,,,,,
2017-05-14 22:00:00,998.0,26.4,75.0,0.1,0.0,2.0,148.0,0.0,,,,,,,,,,2017-05-14T21:17:00,,,,,,,,,,,,,,,,,,
2017-05-14 23:00:00,998.0,25.3,80.0,0.6,82.0,1.7,60.0,0.0,,,,,,,,,,2017-05-14T22:20:00,,,,,,,,,,,,,,,,,,
2017-05-15 00:00:00,997.6,25.1,80.0,0.7,64.0,1.5,351.0,0.0,,,,,,,,,,2017-05-14T23:15:00,,,,,,,,,,,,,,,,,,
2017-05-15 01:00:00,997.0,24.5,82.0,1.4,64.0,2.0,72.0,0.0,,,,,,,,,,2017-05-15T00:54:00,,,,,,,,,,,,,,,,,,
2017-05-15 02:00:00,996.6,24.7,81.0,0.9,33.0,2.4,35.0,0.0,,,,,,,,,,2017-05-15T01:46:00,,,,,,,,,,,,,,,,,,
2017-05-15 03:00:00,996.5,24.1,84.0,0.6,10.0,2.2,45.0,0.0,,,,,,,,,,2017-05-15T02:17:00,,,,,,,,,,,,,,,,,,
2017-05-15 04:00:00,996.8,23.8,83.0,1.3,65.0,2.0,27.0,0.0,,,,,,,,,,2017-05-15T04:00:00,,,,,,,,,,,,,,,,,,
2017-05-15 05:00:00,996.8,23.6,84.0,0.5,40.0,2.9,64.0,0.0,,,,,,,,,,2017-05-15T04:36:00,,,,,,,,,,,,,,,,,,
2017-05-15 06:00:00,996.9,23.3,85.0,1.2,67.0,2.2,46.0,0.0,,,,,,,,,,2017-05-15T05:10:00,,,,,,,,,,,,,,,,,,
2017-05-15 07:00:00,997.0,26.2,73.0,1.3,37.0,2.4,47.0,0.0,,,,,,,,,,2017-05-15T06:44:00,,,,,,,,,,,,,,,,,,
2017-05-15 08:00:00,996.8,29.1,60.0,0.9,270.0,3.5,58.0,0.0,,,,,,,,,,2017-05-15T07:01:00,,,,,,,,,,,,,,,,,,
2017-05-15 09:00:00,996.9,31.3,55.0,1.5,245.0,3.3,259.0,0.0,,,,,,,,,,2017-05-15T08:53:00,,,,,,,,,,,,,,,,,,
2017-05-15 10:00:00,996.6,33.0,49.0,2.1,219.0,3.9,244.0,0.0,,,,,,,,,,2017-05-15T09:37:00,,,,,,,,,,,,,,,,,,
2017-05-15 11:00:00,996.1,32.4,49.0,2.0,262.0,4.4,224.0,0.0,,,,,,,,,,2017-05-15T10:06:00,,,,,,,,,,,,,,,,,,
2017-05-15 12:00:00,995.8,35.1,44.0,1.7,217.0,4.9,214.0,0.0,,,,,,,,,,2017-05-15T11:52:00,,,,,,,,,,,,,,,,,,
2017-05-15 13:00:00,994.6,32.6,53.0,2.6,197.0,4.4,210.0,0.0,,,,,,,,,,2017-05-15T12:47:00,,,,,,,,,,,,,,,,,,
2017-05-15 14:00:00,994.2,28.3,70.0,1.8,138.0,8.3,171.0,0.0,,,,,,,,,,2017-05-15T13:40:00,,,,,,,,,,,,,,,,,,
2017-05-15 15:00:00,994.3,24.8,78.0,2.2,20.0,6.9,10.0,1.0,,,,,,,,,,2017-05-15T14:47:00,,,,,,,,,,,,,,,,,,
2017-05-15 16:00:00,993.8,26.7,74.0,2.8,12.0,5.3,14.0,0.0,,,,,,,,,,2017-05-15T15:18:00,,,,,,,,,,,,,,,,,,
2017-05-15 17:00:00,994.3,26.7,74.0,1.6,18.0,3.8,6.0,0.0,,,,,,,,,,2017-05-15T16:11:00,,,,,,,,,,,,,,,,,,
2017-05-15 18:00:00,994.8,26.6,75.0,0.7,28.0,2.2,64.0,0.0,,,,,,,,,,2017-05-15T17:01:00,,,,,,,,,,,,,,,,,,
2017-05-15 19:00:00,995.2,25.9,81.0,1.2,79.0,2.6,54.0,0.0,,,,,,,,,,2017-05-15T18:51:00,,,,,,,,,,,,,,,,,,
2017-05-15 20:00:00,995.4,25.6,81.0,1.2,55.0,2.8,57.0,0.0,,,,,,,,,,2017-05-15T19:17:00,,,,,,,,,,,,,,,,,,
2017-05-15 21:00:00,995.6,25.5,82.0,0.6,47.0,2.8,85.0,0.0,,,,,,,,,,2017-05-15T20:21:00,,,,,,,,,,,,,,,,,,
2017-05-15 22:00:00,995.4,25.0,86.0,1.3,66.0,2.1,49.0,0.0,,,,,,,,,,2017-05-15T21:57:00,,,,,,,,,,,,,,,,,,
2017-05-15 23:00:00,995.5,24.7,88.0,0.6,100.0,2.2,61.0,0.0,,,,,,,,,,2017-05-15T22:02:00,,,,,,,,,,,,,,,,,,
2017-05-16 00:00:00,995.3,24.8,87.0,0.0,0.0,1.4,125.0,0.0,,,,,,,,,,2017-05-15T23:19:00,,,,,,,,,,,,,,,,,,
2017-05-16 01:00:00,995.0,24.5,89.0,0.8,66.0,1.6,83.0,0.0,,,,,,,,,,2017-05-16T00:45:00,,,,,,,,,,,,,,,,,,
2017-05-16 02:00:00,994.5,24.3,90.0,0.9,38.0,2.3,63.0,0.0,,,,,,,,,,2017-05-16T01:08:00,,,,,,,,,,,,,,,,,,
2017-05-16 03:00:00,993.8,24.3,89.0,1.8,34.0,3.5,61.0,0.0,,,,,,,,,,2017-05-16T02:59:00,,,,,,,,,,,,,,,,,,
2017-05-16 04:00:00,993.2,24.2,86.0,1.2,12.0,3.2,2.0,0.0,,,,,,,,,,2017-05-16T03:23:00,,,,,,,,,,,,,,,,,,
2017-05-16 05:00:00,993.1,23.8,87.0,1.7,10.0,3.8,5.0,0.5,,,,,,,,,,2017-05-16T04:54:00,,,,,,,,,,,,,,,,,,
2017-05-16 06:00:00,993.3,23.7,82.0,1.4,14.0,4.0,11.0,0.0,,,,,,,,,,2017-05-16T05:05:00,,,,,,,,,,,,,,,,,,
2017-05-16 07:00:00,993.8,23.9,84.0,0.7,106.0,2.2,39.0,0.0,,,,,,,,,,2017-05-16T06:14:00,,,,,,,,,,,,,,,,,,
2017-05-16 08:00:00,993.9,24.5,83.0,0.9,44.0,1.8,52.0,0.0,,,,,,,,,,2017-05-16T07:06:00,,,,,,,,,,,,,,,,,,
2017-05-16 09:00:00,994.0,25.5,74.0,0.9,79.0,2.6,360.0,0.0,,,,,,,,,,2017-05-16T08:13:00,,,,,,,,,,,,,,,,,,
2017-05-16 10:00:00,994.0,26.1,73.0,1.3,71.0,2.4,69.0,0.0,,,,,,,,,,2017-05-16T09:53:00,,,,,,,,,,,,,,,,,,
2017-05-16 11:00:00,993.7,27.2,71.0,1.1,8.0,2.9,1.0,0.0,,,,,,,,,,2017-05-16T10:43:00,,,,,,,,,,,,,,,,,,
2017-05-16 12:00:00,993.9,26.6,75.0,0.2,0.0,3.4,52.0,0.0,,,,,,,,,,2017-05-16T11:11:00,,,,,,,,,,,,,,,,,,
2017-05-16 13:00:00,993.4,25.5,85.0,1.3,45.0,3.0,52.0,1.0,,,,,,,,,,2017-05-16T12:44:00,,,,,,,,,,,,,,,,,,
2017-05-16 14:00:00,992.5,24.3,86.0,1.0,61.0,3.0,73.0,2.0,,,,,,,,,,2017-05-16T13:06:00,,,,,,,,,,,,,,,,,,
2017-05-16 15:00:00,992.2,23.7,93.0,0.8,290.0,2.5,280.0,5.5,,,,,,,,,,2017-05-16T14:53:00,,,,,,,,,,,,,,,,,,
2017-05-16 16:00:00,992.3,23.1,92.0,0.6,198.0,3.0,35.0,15.0,,,,,,,,,,2017-05-16T15:50:00,,,,,,,,,,,,,,,,,,
2017-05-16 17:00:00,992.1,23.8,87.0,2.2,209.0,6.7,231.0,2.0,,,,,,,,,,2017-05-16T16:54:00,,,,,,,,,,,,,,,,,,
2017-05-16 18:00:00,991.9,23.7,89.0,0.4,265.0,2.8,175.0,0.0,,,,,,,,,,2017-05-16T17:06:00,,,,,,,,,,,,,,,,,,
2017-05-16 19:00:00,992.0,23.9,87.0,2.8,174.0,8.4,156.0,1.5,,,,,,,,,,2017-05-16T18:14:00,,,,,,,,,,,,,,,,,,
2017-05-16 20:00:00,992.3,23.6,89.0,2.0,185.0,8.6,166.0,1.5,,,,,,,,,,2017-05-16T19:26:00,,,,,,,,,,,,,,,,,,
2017-05-16 21:00:00,992.5,23.7,88.0,2.8,207.0,8.5,195.0,0.0,,,,,,,,,,2017-05-16T20:17:00,,,,,,,,,,,,,,,,,,
2017-05-16 22:00:00,993.0,23.1,94.0,0.0,0.0,5.7,275.0,1.5,,,,,,,,,,2017-05-16T21:07:00,,,,,,,,,,,,,,,,,,
2017-05-16 23:00:00,993.1,23.2,95.0,0.0,0.0,1.1,283.0,0.0,,,,,,,,,,2017-05-16T22:17:00,,,,,,,,,,,,,,,,,,
2017-05-17 00:00:00,992.9,22.8,95.0,1.0,217.0,2.0,210.0,0.0,,,,,,,,,,2017-05-16T23:27:00,,,,,,,,,,,,,,,,,,
2017-05-17 01:00:00,992.5,22.8,95.0,0.0,0.0,1.1,217.0,0.0,,,,,,,,,,2017-05-17T00:01:00,,,,,,,,,,,,,,,,,,
2017-05-17 02:00:00,992.1,23.0,95.0,0.0,0.0,1.1,341.0,0.0,,,,,,,,,,2017-05-17T01:12:00,,,,,,,,,,,,,,,,,,
2017-05-17 03:00:00,992.0,23.1,96.0,1.0,214.0,1.3,221.0,2.0,,,,,,,,,,2017-05-17T02:58:00,,,,,,,,,,,,,,,,,,
2017-05-17 04:00:00,992.0,23.1,96.0,0.4,282.0,1.0,217.0,0.0,,,,,,,,,,2017-05-17T03:01:00,,,,,,,,,,,,,,,,,,
2017-05-17 05:00:00,992.3,22.4,96.0,2.0,211.0,2.9,203.0,0.0,,,,,,,,,,2017-05-17T04:48:00,,,,,,,,,,,,,,,,,,
2017-05-17 06:00:00,993.1,21.9,96.0,1.2,168.0,3.0,204.0,0.0,,,,,,,,,,2017-05-17T05:17:00,,,,,,,,,,,,,,,,,,
2017-05-17 07:00:00,993.5,22.3,96.0,1.4,233.0,2.1,152.0,1.0,,,,,,,,,,2017-05-17T06:05:00,,,,,,,,,,,,,,,,,,
2017-05-17 08:00:00,994.1,22.9,95.0,0.8,202.0,1.6,290.0,0.0,,,,,,,,,,2017-05-17T07:12:00,,,,,,,,,,,,,,,,,,
2017-05-17 09:00:00,994.7,24.3,89.0,0.9,288.0,1.8,246.0,0.0,,,,,,,,,,2017-05-17T08:13:00,,,,,,,,,,,,,,,,,,
2017-05-17 10:00:00,994.8,26.1,83.0,0.6,235.0,2.7,243.0,0.0,,,,,,,,,,2017-05-17T09:48:00,,,,,,,,,,,,,,,,,,
2017-05-17 11:00:00,994.4,27.7,76.0,2.6,214.0,4.4,212.0,0.0,,,,,,,,,,2017-05-17T10:33:00,,,,,,,,,,,,,,,,,,
2017-05-17 12:00:00,994.4,27.8,75.0,2.9,207.0,5.5,215.0,0.0,,,,,,,,,,2017-05-17T11:54:00,,,,,,,,,,,,,,,,,,
2017-05-17 13:00:00,994.3,26.5,78.0,1.2,274.0,6.2,159.0,0.0,,,,,,,,,,2017-05-17T12:10:00,,,,,,,,,,,,,,,,,,
2017-05-17 14:00:00,994.0,28.4,69.0,2.5,191.0,4.8,178.0,0.0,,,,,,,,,,2017-05-17T14:00:00,,,,,,,,,,,,,,,,,,
2017-05-17 15:00:00,993.9,28.7,68.0,2.4,212.0,4.9,214.0,0.0,,,,,,,,,,2017-05-17T14:31:00,,,,,,,,,,,,,,,,,,
2017-05-17 16:00:00,993.9,28.7,63.0,2.3,199.0,5.8,195.0,0.0,,,,,,,,,,2017-05-17T15:03:00,,,,,,,,,,,,,,,,,,
2017-05-17 17:00:00,994.1,27.6,69.0,2.9,187.0,4.7,205.0,0.0,,,,,,,,,,2017-05-17T16:58:00,,,,,,,,,,,,,,,,,,
2017-05-17 18:00:00,994.7,26.5,72.0,2.1,192.0,4.9,184.0,0.0,,,,,,,,,,2017-05-17T17:31:00,,,,,,,,,,,,,,,,,,
2017-05-17 19:00:00,995.8,25.5,78.0,2.2,184.0,4.5,159.0,0.0,,,,,,,,,,2017-05-17T18:29:00,,,,,,,,,,,,,,,,,,
2017-05-17 20:00:00,996.5,25.2,80.0,1.2,178.0,4.3,214.0,0.0,,,,,,,,,,2017-05-17T19:03:00,,,,,,,,,,,,,,,,,,
2017-05-17 21:00:00,996.7,24.9,82.0,0.7,118.0,2.2,168.0,0.0,,,,,,,,,,2017-05-17T20:03:00,,,,,,,,,,,,,,,,,,
2017-05-17 22:00:00,997.0,24.9,82.0,0.6,81.0,1.3,113.0,0.0,,,,,,,,,,2017-05-17T21:45:00,,,,,,,,,,,,,,,,,,
2017-05-17 23:00:00,997.3,23.7,91.0,0.9,36.0,1.3,344.0,0.0,,,,,,,,,,2017-05-17T22:18:00,,,,,,,,,,,,,,,,,,
2017-05-18 00:00:00,996.7,23.8,88.0,1.3,56.0,2.6,66.0,0.0,,,,,,,,,,2017-05-18T00:00:00,,,,,,,,,,,,,,,,,,
2017-05-18 01:00:00,996.3,23.7,88.0,0.5,20.0,2.3,62.0,0.0,,,,,,,,,,2017-05-18T00:19:00,,,,,,,,,,,,,,,,,,
2017-05-18 02:00:00,996.0,22.9,92.0,0.9,3.0,1.2,47.0,0.0,,,,,,,,,,2017-05-18T01:02:00,,,,,,,,,,,,,,,,,,
2017-05-18 03:00:00,995.7,22.3,93.0,1.0,82.0,1.4,77.0,0.0,,,,,,,,,,2017-05-18T02:47:00,,,,,,,,,,,,,,,,,,
2017-05-18 04:00:00,996.0,22.6,93.0,0.1,0.0,1.4,16.0,0.0,,,,,,,,,,2017-05-18T03:19:00,,,,,,,,,,,,,,,,,,
2017-05-18 05:00:00,996.6,22.6,94.0,0.7,353.0,1.3,60.0,0.0,,,,,,,,,,2017-05-18T04:02:00,,,,,,,,,,,,,,,,,,
2017-05-18 06:00:00,997.5,23.1,90.0,0.8,74.0,2.5,68.0,0.0,,,,,,,,,,2017-05-18T05:51:00,,,,,,,,,,,,,,,,,,
2017-05-18 07:00:00,997.9,24.6,85.0,0.7,284.0,2.2,41.0,0.0,,,,,,,,,,2017-05-18T06:09:00,,,,,,,,,,,,,,,,,,
2017-05-18 08:00:00,997.9,26.1,75.0,0.8,8.0,1.6,289.0,0.0,,,,,,,,,,2017-05-18T07:12:00,,,,,,,,,,,,,,,,,,
2017-05-18 09:00:00,998.0,27.5,69.0,0.4,228.0,1.8,215.0,0.0,,,,,,,,,,2017-05-18T08:33:00,,,,,,,,,,,,,,,,,,
2017-05-18 10:00:00,997.8,29.1,65.0,0.9,316.0,2.2,57.0,0.0,,,,,,,,,,2017-05-18T09:42:00,,,,,,,,,,,,,,,,,,
2017-05-18 11:00:00,997.6,30.0,61.0,1.6,206.0,2.6,217.0,0.0,,,,,,,,,,2017-05-18T10:56:00,,,,,,,,,,,,,,,,,,
2017-05-18 12:00:00,997.6,31.3,60.0,2.1,208.0,4.6,202.0,0.0,,,,,,,,,,2017-05-18T11:37:00,,,,,,,,,,,,,,,,,,
2017-05-18 13:00:00,997.2,31.1,60.0,1.4,228.0,5.3,204.0,0.0,,,,,,,,,,2017-05-18T12:22:00,,,,,,,,,,,,,,,,,,
2017-05-18 14:00:00,996.2,33.2,53.0,1.7,223.0,3.8,274.0,0.0,,,,,,,,,,2017-05-18T13:39:00,,,,,,,,,,,,,,,,,,
2017-05-18 15:00:00,996.5,30.9,60.0,2.9,241.0,5.0,299.0,0.0,,,,,,,,,,2017-05-18T14:33:00,,,,,,,,,,,,,,,,,,
2017-05-18 16:00:00,996.5,28.6,66.0,3.4,214.0,5.7,225.0,0.0,,,,,,,,,,2017-05-18T15:50:00,,,,,,,,,,,,,,,,,,
2017-05-18 17:00:00,996.7,26.9,75.0,1.8,200.0,4.6,216.0,0.0,,,,,,,,,,2017-05-18T16:09:00,,,,,,,,,,,,,,,,,,
2017-05-18 18:00:00,997.6,25.6,80.0,1.7,151.0,2.6,189.0,0.0,,,,,,,,,,2017-05-18T17:04:00,,,,,,,,,,,,,,,,,,
2017-05-18 19:00:00,998.1,24.7,85.0,1.6,59.0,2.6,154.0,0.5,,,,,,,,,,2017-05-18T18:08:00,,,,,,,,,,,,,,,,,,
2017-05-18 20:00:00,998.4,23.8,91.0,0.9,73.0,2.7,66.0,0.0,,,,,,,,,,2017-05-18T19:01:00,,,,,,,,,,,,,,,,,,
2017-05-18 21:00:00,999.0,23.9,92.0,0.0,0.0,1.9,79.0,0.5,,,,,,,,,,2017-05-18T20:05:00,,,,,,,,,,,,,,,,,,
2017-05-18 22:00:00,999.0,23.7,93.0,1.0,47.0,1.7,76.0,0.0,,,,,,,,,,2017-05-18T21:52:00,,,,,,,,,,,,,,,,,,
2017-05-18 23:00:00,998.8,23.4,93.0,0.7,54.0,1.5,79.0,0.0,,,,,,,,,,2017-05-18T22:47:00,,,,,,,,,,,,,,,,,,
2017-05-19 00:00:00,998.4,23.3,92.0,1.1,22.0,2.2,60.0,0.0,,,,,,,,,,2017-05-18T23:06:00,,,,,,,,,,,,,,,,,,
2017-05-19 01:00:00,997.6,23.2,90.0,0.8,35.0,3.0,6.0,0.0,,,,,,,,,,2017-05-19T00:50:00,,,,,,,,,,,,,,,,,,
2017-05-19 02:00:00,996.9,22.9,93.0,0.5,30.0,2.2,41.0,0.0,,,,,,,,,,2017-05-19T01:07:00,,,,,,,,,,,,,,,,,,
2017-05-19 03:00:00,996.6,22.8,93.0,0.2,0.0,1.8,75.0,0.0,,,,,,,,,,2017-05-19T02:40:00,,,,,,,,,,,,,,,,,,
2017-05-19 04:00:00,996.7,22.9,93.0,0.1,0.0,1.2,85.0,0.0,,,,,,,,,,2017-05-19T03:25:00,,,,,,,,,,,,,,,,,,
2017-05-19 05:00:00,997.0,22.7,93.0,0.9,22.0,2.1,6.0,0.0,,,,,,,,,,2017-05-19T04:43:00,,,,,,,,,,,,,,,,,,
2017-05-19 06:00:00,997.4,22.7,92.0,0.7,92.0,2.0,59.0,0.0,,,,,,,,,,2017-05-19T05:17:00,,,,,,,,,,,,,,,,,,
2017-05-19 07:00:00,998.1,23.5,89.0,1.0,85.0,1.8,87.0,0.0,,,,,,,,,,2017-05-19T06:52:00,,,,,,,,,,,,,,,,,,
2017-05-19 08:00:00,998.3,24.7,82.0,0.3,34.0,1.9,65.0,0.0,,,,,,,,,,2017-05-19T07:25:00,,,,,,,,,,,,,,,,,,
2017-05-19 09:00:00,998.4,26.1,78.0,0.6,273.0,1.5,1.0,0.0,,,,,,,,,,2017-05-19T08:23:00,,,,,,,,,,,,,,,,,,
2017-05-19 10:00:00,998.2,27.7,73.0,0.7,220.0,1.9,222.0,0.0,,,,,,,,,,2017-05-19T09:52:00,,,,,,,,,,,,,,,,,,
2017-05-19 11:00:00,997.3,28.7,61.0,0.9,30.0,2.3,61.0,0.0,,,,,,,,,,2017-05-19T10:54:00,,,,,,,,,,,,,,,,,,
2017-05-19 12:00:00,996.6,29.9,60.0,0.7,293.0,2.8,277.0,0.0,,,,,,,,,,2017-05-19T11:43:00,,,,,,,,,,,,,,,,,,
2017-05-19 13:00:00,996.4,28.8,67.0,1.6,285.0,3.3,237.0,0.0,,,,,,,,,,2017-05-19T12:30:00,,,,,,,,,,,,,,,,,,
2017-05-19 14:00:00,996.1,30.0,61.0,1.3,254.0,2.7,268.0,0.0,,,,,,,,,,2017-05-19T13:04:00,,,,,,,,,,,,,,,,,,
2017-05-19 15:00:00,995.5,29.3,62.0,0.8,278.0,2.9,261.0,0.0,,,,,,,,,,2017-05-19T14:01:00,,,,,,,,,,,,,,,,,,
2017-05-19 16:00:00,995.5,27.1,79.0,1.3,301.0,4.6,283.0,0.0,,,,,,,,,,2017-05-19T15:51:00,,,,,,,,,,,,,,,,,,
2017-05-19 17:00:00,995.6,25.1,83.0,1.1,7.0,3.7,276.0,0.0,,,,,,,,,,2017-05-19T16:01:00,,,,,,,,,,,,,,,,,,
2017-05-19 18:00:00,996.0,24.4,86.0,0.9,153.0,2.4,62.0,0.5,,,,,,,,,,2017-05-19T17:07:00,,,,,,,,,,,,,,,,,,
2017-05-19 19:00:00,996.1,24.0,89.0,1.0,75.0,1.7,198.0,0.0,,,,,,,,,,2017-05-19T18:15:00,,,,,,,,,,,,,,,,,,
2017-05-19 20:00:00,996.7,24.0,91.0,0.3,251.0,1.3,69.0,0.0,,,,,,,,,,2017-05-19T19:01:00,,,,,,,,,,,,,,,,,,
2017-05-19 21:00:00,997.3,23.7,92.0,0.0,0.0,1.2,138.0,0.0,,,,,,,,,,2017-05-19T20:14:00,,,,,,,,,,,,,,,,,,
2017-05-19 22:00:00,997.7,23.4,93.0,0.6,217.0,1.5,205.0,1.0,,,,,,,,,,2017-05-19T21:44:00,,,,,,,,,,,,,,,,,,
2017-05-19 23:00:00,997.3,23.1,94.0,0.1,0.0,1.5,45.0,2.0,,,,,,,,,,2017-05-19T22:31:00,,,,,,,,,,,,,,,,,,
2017-05-20 00:00:00,996.3,23.1,95.0,0.5,121.0,1.2,200.0,1.0,,,,,,,,,,2017-05-19T23:43:00,,,,,,,,,,,,,,,,,,
2017-05-20 01:00:00,995.2,23.1,95.0,0.1,0.0,1.5,66.0,0.0,,,,,,,,,,2017-05-20T00:25:00,,,,,,,,,,,,,,,,,,
2017-05-20 02:00:00,994.3,23.1,95.0,0.9,247.0,1.5,163.0,0.0,,,,,,,,,,2017-05-20T01:41:00,,,,,,,,,,,,,,,,,,
2017-05-20 03:00:00,993.9,23.0,96.0,0.5,200.0,1.7,209.0,0.0,,,,,,,,,,2017-05-20T02:43:00,,,,,,,,,,,,,,,,,,
2017-05-20 04:00:00,994.1,22.5,96.0,1.3,199.0,3.2,209.0,0.0,,,,,,,,,,2017-05-20T03:13:00,,,,,,,,,,,,,,,,,,
2017-05-20 05:00:00,994.3,22.5,96.0,0.2,0.0,1.7,203.0,0.0,,,,,,,,,,2017-05-20T04:16:00,,,,,,,,,,,,,,,,,,
2017-05-20 06:00:00,994.5,22.9,95.0,0.1,0.0,1.4,5.0,0.0,,,,,,,,,,2017-05-20T05:04:00,,,,,,,,,,,,,,,,,,
2017-05-20 07:00:00,995.0,23.7,94.0,1.0,219.0,1.5,187.0,0.0,,,,,,,,,,2017-05-20T06:38:00,,,,,,,,,,,,,,,,,,
2017-05-20 08:00:00,995.6,24.4,91.0,1.4,194.0,1.9,190.0,0.5,,,,,,,,,,2017-05-20T08:00:00,,,,,,,,,,,,,,,,,,
2017-05-20 09:00:00,996.0,24.5,92.0,2.0,218.0,3.5,225.0,0.0,,,,,,,,,,2017-05-20T08:35:00,,,,,,,,,,,,,,,,,,
2017-05-20 10:00:00,995.9,24.0,93.0,0.9,198.0,3.0,214.0,4.0,,,,,,,,,,2017-05-20T09:29:00,,,,,,,,,,,,,,,,,,
2017-05-20 11:00:00,995.5,24.9,91.0,1.6,56.0,2.9,57.0,2.0,,,,,,,,,,2017-05-20T11:00:00,,,,,,,,,,,,,,,,,,
2017-05-20 12:00:00,995.1,27.0,83.0,1.3,260.0,3.3,55.0,0.5,,,,,,,,,,2017-05-20T11:09:00,,,,,,,,,,,,,,,,,,
2017-05-20 13:00:00,994.4,27.2,80.0,1.2,255.0,3.2,233.0,0.0,,,,,,,,,,2017-05-20T12:42:00,,,,,,,,,,,,,,,,,,
2017-05-20 14:00:00,993.6,27.2,79.0,1.8,268.0,3.3,261.0,0.0,,,,,,,,,,2017-05-20T13:58:00,,,,,,,,,,,,,,,,,,
2017-05-20 15:00:00,993.3,27.2,78.0,1.4,266.0,3.1,269.0,0.0,,,,,,,,,,2017-05-20T14:18:00,,,,,,,,,,,,,,,,,,
2017-05-20 16:00:00,993.0,27.2,77.0,0.9,338.0,2.5,290.0,0.0,,,,,,,,,,2017-05-20T15:43:00,,,,,,,,,,,,,,,,,,
2017-05-20 17:00:00,992.9,26.8,79.0,1.2,281.0,2.2,297.0,0.0,,,,,,,,,,2017-05-20T16:53:00,,,,,,,,,,,,,,,,,,
2017-05-20 18:00:00,992.6,25.7,87.0,1.0,253.0,2.0,265.0,0.0,,,,,,,,,,2017-05-20T17:35:00,,,,,,,,,,,,,,,,,,
2017-05-20 19:00:00,993.1,24.3,88.0,1.0,138.0,4.0,303.0,0.0,,,,,,,,,,2017-05-20T18:24:00,,,,,,,,,,,,,,,,,,
2017-05-20 20:00:00,993.4,24.2,90.0,0.6,79.0,1.8,125.0,0.0,,,,,,,,,,2017-05-20T19:17:00,,,,,,,,,,,,,,,,,,
2017-05-20 21:00:00,993.6,23.6,93.0,0.0,0.0,1.0,263.0,0.0,,,,,,,,,,2017-05-20T20:13:00,,,,,,,,,,,,,,,,,,
2017-05-20 22:00:00,994.0,23.7,93.0,0.5,15.0,1.5,57.0,0.0,,,,,,,,,,2017-05-20T21:35:00,,,,,,,,,,,,,,,,,,
2017-05-20 23:00:00,994.1,23.1,95.0,0.6,203.0,2.2,2.0,0.0,,,,,,,,,,2017-05-20T22:08:00,,,,,,,,,,,,,,,,,,
2017-05-21 00:00:00,993.6,22.8,95.0,0.5,73.0,1.1,79.0,0.0,,,,,,,,,,2017-05-20T23:50:00,,,,,,,,,,,,,,,,,,
2017-05-21 01:00:00,993.1,23.0,95.0,0.3,278.0,1.2,75.0,0.0,,,,,,,,,,2017-05-21T00:14:00,,,,,,,,,,,,,,,,,,
2017-05-21 02:00:00,992.9,23.0,95.0,0.1,0.0,1.3,109.0,0.0,,,,,,,,,,2017-05-21T01:16:00,,,,,,,,,,,,,,,,,,
2017-05-21 03:00:00,992.7,22.9,95.0,0.0,0.0,0.8,345.0,0.0,,,,,,,,,,2017-05-21T02:19:00,,,,,,,,,,,,,,,,,,
2017-05-21 04:00:00,992.8,23.0,95.0,0.3,76.0,0.7,355.0,0.0,,,,,,,,,,2017-05-21T03:18:00,,,,,,,,,,,,,,,,,,
2017-05-21 05:00:00,992.7,22.7,96.0,0.7,349.0,1.4,348.0,0.0,,,,,,,,,,2017-05-21T04:41:00,,,,,,,,,,,,,,,,,,
2017-05-21 06:00:00,993.2,22.7,96.0,0.0,0.0,0.8,159.0,0.0,,,,,,,,,,2017-05-21T05:41:00,,,,,,,,,,,,,,,,,,
2017-05-21 07:00:00,993.5,25.3,82.0,0.4,43.0,1.5,360.0,0.0,,,,,,,,,,2017-05-21T06:28:00,,,,,,,,,,,,,,,,,,
2017-05-21 08:00:00,993.8,28.3,72.0,0.8,240.0,1.9,192.0,0.0,,,,,,,,,,2017-05-21T07:33:00,,,,,,,,,,,,,,,,,,
2017-05-21 09:00:00,993.9,29.1,69.0,1.3,208.0,3.0,189.0,0.0,,,,,,,,,,2017-05-21T08:49:00,,,,,,,,,,,,,,,,,,
2017-05-21 10:00:00,993.7,30.6,61.0,0.9,222.0,3.7,230.0,0.0,,,,,,,,,,2017-05-21T09:41:00,,,,,,,,,,,,,,,,,,
2017-05-21 11:00:00,993.6,32.0,61.0,2.5,201.0,4.7,222.0,0.0,,,,,,,,,,2017-05-21T10:38:00,,,,,,,,,,,,,,,,,,
2017-05-21 12:00:00,993.1,32.7,57.0,1.7,284.0,4.3,232.0,0.0,,,,,,,,,,2017-05-21T11:40:00,,,,,,,,,,,,,,,,,,
2017-05-21 13:00:00,992.2,32.0,56.0,1.2,274.0,4.3,283.0,0.0,,,,,,,,,,2017-05-21T12:21:00,,,,,,,,,,,,,,,,,,
2017-05-21 14:00:00,991.5,33.5,54.0,2.1,298.0,4.9,280.0,0.0,,,,,,,,,,2017-05-21T13:46:00,,,,,,,,,,,,,,,,,,
2017-05-21 15:00:00,991.2,32.7,56.0,1.2,311.0,5.4,294.0,0.0,,,,,,,,,,2017-05-21T14:34:00,,,,,,,,,,,,,,,,,,
2017-05-21 16:00:00,990.8,31.8,59.0,2.6,285.0,6.1,263.0,0.0,,,,,,,,,,2017-05-21T15:58:00,,,,,,,,,,,,,,,,,,
2017-05-21 17:00:00,991.0,31.1,61.0,2.2,281.0,5.5,298.0,0.0,,,,,,,,,,2017-05-21T16:13:00,,,,,,,,,,,,,,,,,,
2017-05-21 18:00:00,991.8,28.3,70.0,1.2,146.0,4.0,114.0,0.0,,,,,,,,,,2017-05-21T17:39:00,,,,,,,,,,,,,,,,,,
2017-05-21 19:00:00,992.7,27.2,75.0,1.3,149.0,3.9,115.0,0.0,,,,,,,,,,2017-05-21T18:51:00,,,,,,,,,,,,,,,,,,
2017-05-21 20:00:00,993.4,26.0,85.0,0.3,267.0,3.2,226.0,1.0,,,,,,,,,,2017-05-21T19:43:00,,,,,,,,,,,,,,,,,,
2017-05-21 21:00:00,994.0,25.7,89.0,0.5,21.0,2.5,14.0,0.0,,,,,,,,,,2017-05-21T20:26:00,,,,,,,,,,,,,,,,,,
2017-05-21 22:00:00,994.6,25.8,86.0,0.8,67.0,2.6,61.0,0.0,,,,,,,,,,2017-05-21T21:15:00,,,,,,,,,,,,,,,,,,
2017-05-21 23:00:00,994.5,26.0,82.0,0.6,52.0,1.6,116.0,0.0,,,,,,,,,,2017-05-21T22:21:00,,,,,,,,,,,,,,,,,,
2017-05-22 00:00:00,994.1,25.9,85.0,0.9,12.0,1.5,86.0,0.0,,,,,,,,,,2017-05-21T23:06:00,,,,,,,,,,,,,,,,,,
2017-05-22 01:00:00,993.9,25.5,87.0,0.6,357.0,1.5,77.0,0.0,,,,,,,,,,2017-05-22T00:08:00,,,,,,,,,,,,,,,,,,
2017-05-22 02:00:00,993.5,25.4,88.0,0.8,79.0,1.3,63.0,0.0,,,,,,,,,,2017-05-22T01:47:00,,,,,,,,,,,,,,,,,,
2017-05-22 03:00:00,993.1,25.4,88.0,0.8,3.0,1.8,13.0,0.0,,,,,,,,,,2017-05-22T02:29:00,,,,,,,,,,,,,,,,,,
2017-05-22 04:00:00,993.2,24.8,91.0,0.0,0.0,1.7,360.0,0.0,,,,,,,,,,2017-05-22T03:10:00,,,,,,,,,,,,,,,,,,
2017-05-22 05:00:00,993.4,24.5,91.0,0.7,38.0,2.2,48.0,0.0,,,,,,,,,,2017-05-22T04:29:00,,,,,,,,,,,,,,,,,,
2017-05-22 06:00:00,994.1,24.8,90.0,0.6,126.0,2.7,65.0,0.0,,,,,,,,,,2017-05-22T05:17:00,,,,,,,,,,,,,,,,,,
2017-05-22 07:00:00,994.8,25.8,85.0,0.7,357.0,1.6,57.0,0.0,,,,,,,,,,2017-05-22T06:07:00,,,,,,,,,,,,,,,,,,
2017-05-22 08:00:00,995.1,26.8,82.0,0.4,127.0,1.1,345.0,0.0,,,,,,,,,,2017-05-22T07:01:00,,,,,,,,,,,,,,,,,,
2017-05-22 09:00:00,995.1,29.0,72.0,0.7,87.0,1.9,353.0,0.0,,,,,,,,,,2017-05-22T08:22:00,,,,,,,,,,,,,,,,,,
2017-05-22 10:00:00,995.0,30.6,67.0,2.0,244.0,3.4,217.0,0.0,,,,,,,,,,2017-05-22T09:43:00,,,,,,,,,,,,,,,,,,
2017-05-22 11:00:00,994.6,31.7,61.0,1.1,317.0,3.4,250.0,0.0,,,,,,,,,,2017-05-22T10:01:00,,,,,,,,,,,,,,,,,,
2017-05-22 12:00:00,994.3,30.6,67.0,2.0,247.0,4.4,244.0,0.0,,,,,,,,,,2017-05-22T11:46:00,,,,,,,,,,,,,,,,,,
2017-05-22 13:00:00,993.9,31.5,63.0,2.3,284.0,5.7,290.0,0.0,,,,,,,,,,2017-05-22T12:28:00,,,,,,,,,,,,,,,,,,
2017-05-22 14:00:00,993.4,31.3,62.0,2.5,281.0,6.2,269.0,0.0,,,,,,,,,,2017-05-22T13:21:00,,,,,,,,,,,,,,,,,,
2017-05-22 15:00:00,993.1,31.9,61.0,3.3,275.0,6.3,264.0,0.0,,,,,,,,,,2017-05-22T14:51:00,,,,,,,,,,,,,,,,,,
2017-05-22 16:00:00,993.2,30.7,64.0,2.2,272.0,6.8,251.0,0.0,,,,,,,,,,2017-05-22T15:30:00,,,,,,,,,,,,,,,,,,
2017-05-22 17:00:00,993.3,30.0,64.0,2.1,277.0,5.0,273.0,0.0,,,,,,,,,,2017-05-22T16:13:00,,,,,,,,,,,,,,,,,,
2017-05-22 18:00:00,993.8,29.1,66.0,2.1,282.0,4.1,275.0,0.0,,,,,,,,,,2017-05-22T17:09:00,,,,,,,,,,,,,,,,,,
2017-05-22 19:00:00,994.7,27.9,73.0,1.3,282.0,3.4,260.0,0.0,,,,,,,,,,2017-05-22T18:01:00,,,,,,,,,,,,,,,,,,
2017-05-22 20:00:00,995.3,27.3,76.0,0.7,219.0,3.1,262.0,0.0,,,,,,,,,,2017-05-22T19:02:00,,,,,,,,,,,,,,,,,,
2017-05-22 21:00:00,995.8,26.4,79.0,1.4,167.0,2.2,167.0,0.0,,,,,,,,,,2017-05-22T20:32:00,,,,,,,,,,,,,,,,,,
2017-05-22 22:00:00,996.2,25.9,83.0,0.2,0.0,2.2,154.0,0.0,,,,,,,,,,2017-05-22T21:01:00,,,,,,,,,,,,,,,,,,
2017-05-22 23:00:00,996.3,25.2,86.0,1.3,65.0,2.0,71.0,0.0,,,,,,,,,,2017-05-22T23:00:00,,,,,,,,,,,,,,,,,,
2017-05-23 00:00:00,996.0,24.9,87.0,1.0,66.0,2.5,62.0,0.0,,,,,,,,,,2017-05-22T23:11:00,,,,,,,,,,,,,,,,,,
2017-05-23 01:00:00,995.7,25.1,87.0,0.9,34.0,1.9,51.0,0.0,,,,,,,,,,2017-05-23T00:34:00,,,,,,,,,,,,,,,,,,
2017-05-23 02:00:00,995.3,25.0,88.0,0.8,356.0,2.1,68.0,0.0,,,,,,,,,,2017-05-23T01:08:00,,,,,,,,,,,,,,,,,,
2017-05-23 03:00:00,995.0,24.0,90.0,0.9,71.0,1.5,78.0,0.0,,,,,,,,,,2017-05-23T02:33:00,,,,,,,,,,,,,,,,,,
2017-05-23 04:00:00,994.6,23.9,91.0,0.5,61.0,1.8,56.0,0.0,,,,,,,,,,2017-05-23T03:34:00,,,,,,,,,,,,,,,,,,
2017-05-23 05:00:00,994.7,23.4,92.0,0.7,75.0,1.9,61.0,0.0,,,,,,,,,,2017-05-23T04:41:00,,,,,,,,,,,,,,,,,,
2017-05-23 06:00:00,995.2,23.5,92.0,1.2,57.0,1.8,63.0,0.0,,,,,,,,,,2017-05-23T05:55:00,,,,,,,,,,,,,,,,,,
2017-05-23 07:00:00,995.6,26.2,80.0,1.2,52.0,3.0,29.0,0.0,,,,,,,,,,2017-05-23T06:15:00,,,,,,,,,,,,,,,,,,
2017-05-23 08:00:00,995.8,27.9,71.0,1.0,11.0,2.4,72.0,0.0,,,,,,,,,,2017-05-23T07:01:00,,,,,,,,,,,,,,,,,,
2017-05-23 09:00:00,995.8,30.3,64.0,1.3,190.0,2.9,288.0,0.0,,,,,,,,,,2017-05-23T08:32:00,,,,,,,,,,,,,,,,,,
2017-05-23 10:00:00,995.7,31.9,59.0,1.3,253.0,2.7,184.0,0.0,,,,,,,,,,2017-05-23T09:32:00,,,,,,,,,,,,,,,,,,
2017-05-23 11:00:00,995.2,32.1,57.0,1.1,293.0,3.6,212.0,0.0,,,,,,,,,,2017-05-23T10:43:00,,,,,,,,,,,,,,,,,,
2017-05-23 12:00:00,994.7,33.1,56.0,1.5,264.0,7.1,243.0,0.0,,,,,,,,,,2017-05-23T11:49:00,,,,,,,,,,,,,,,,,,
2017-05-23 13:00:00,994.3,31.1,65.0,1.3,285.0,4.7,311.0,0.0,,,,,,,,,,2017-05-23T12:15:00,,,,,,,,,,,,,,,,,,
2017-05-23 14:00:00,993.8,30.6,73.0,1.2,275.0,5.7,284.0,0.5,,,,,,,,,,2017-05-23T13:34:00,,,,,,,,,,,,,,,,,,
2017-05-23 15:00:00,993.0,31.4,66.0,1.8,306.0,4.9,251.0,0.0,,,,,,,,,,2017-05-23T14:21:00,,,,,,,,,,,,,,,,,,
2017-05-23 16:00:00,992.7,32.7,61.0,1.2,309.0,5.8,300.0,0.0,,,,,,,,,,2017-05-23T15:08:00,,,,,,,,,,,,,,,,,,
2017-05-23 17:00:00,992.5,30.9,65.0,1.3,346.0,4.0,296.0,0.0,,,,,,,,,,2017-05-23T16:23:00,,,,,,,,,,,,,,,,,,
2017-05-23 18:00:00,992.9,29.3,71.0,1.1,350.0,4.3,281.0,0.0,,,,,,,,,,2017-05-23T17:05:00,,,,,,,,,,,,,,,,,,
2017-05-23 19:00:00,993.3,28.4,73.0,0.4,237.0,2.4,301.0,0.0,,,,,,,,,,2017-05-23T18:17:00,,,,,,,,,,,,,,,,,,
2017-05-23 20:00:00,994.0,27.4,80.0,1.5,203.0,2.6,218.0,0.0,,,,,,,,,,2017-05-23T19:40:00,,,,,,,,,,,,,,,,,,
2017-05-23 21:00:00,994.3,26.8,83.0,1.7,199.0,3.3,207.0,0.0,,,,,,,,,,2017-05-23T20:27:00,,,,,,,,,,,,,,,,,,
2017-05-23 22:00:00,994.4,26.6,84.0,1.4,171.0,2.4,200.0,0.0,,,,,,,,,,2017-05-23T21:01:00,,,,,,,,,,,,,,,,,,
2017-05-23 23:00:00,994.7,26.6,85.0,0.8,185.0,1.3,211.0,0.0,,,,,,,,,,2017-05-23T22:14:00,,,,,,,,,,,,,,,,,,
2017-05-24 00:00:00,994.6,26.3,89.0,0.5,340.0,1.2,2.0,0.0,,,,,,,,,,2017-05-23T23:53:00,,,,,,,,,,,,,,,,,,
2017-05-24 01:00:00,994.0,26.1,88.0,0.1,0.0,1.7,86.0,0.0,,,,,,,,,,2017-05-24T00:20:00,,,,,,,,,,,,,,,,,,
2017-05-24 02:00:00,993.5,26.1,88.0,0.7,46.0,1.5,9.0,0.0,,,,,,,,,,2017-05-24T01:40:00,,,,,,,,,,,,,,,,,,
2017-05-24 03:00:00,992.9,25.9,90.0,0.1,0.0,1.7,77.0,0.0,,,,,,,,,,2017-05-24T02:01:00,,,,,,,,,,,,,,,,,,
2017-05-24 04:00:00,992.9,25.8,92.0,0.3,89.0,1.5,48.0,0.0,,,,,,,,,,2017-05-24T03:34:00,,,,,,,,,,,,,,,,,,
2017-05-24 05:00:00,993.1,25.6,93.0,0.0,0.0,1.1,63.0,0.0,,,,,,,,,,2017-05-24T04:43:00,,,,,,,,,,,,,,,,,,
2017-05-24 06:00:00,993.3,25.8,92.0,0.9,50.0,1.7,67.0,0.0,,,,,,,,,,2017-05-24T05:44:00,,,,,,,,,,,,,,,,,,
2017-05-24 07:00:00,993.9,25.9,93.0,1.2,190.0,1.9,189.0,0.0,,,,,,,,,,2017-05-24T06:57:00,,,,,,,,,,,,,,,,,,
2017-05-24 08:00:00,994.2,28.2,79.0,0.6,102.0,2.6,226.0,0.0,,,,,,,,,,2017-05-24T07:29:00,,,,,,,,,,,,,,,,,,
2017-05-24 09:00:00,994.1,29.0,74.0,1.7,155.0,3.0,164.0,0.0,,,,,,,,,,2017-05-24T08:57:00,,,,,,,,,,,,,,,,,,
2017-05-24 10:00:00,994.0,30.3,68.0,1.3,270.0,2.4,106.0,0.0,,,,,,,,,,2017-05-24T09:20:00,,,,,,,,,,,,,,,,,,
2017-05-24 11:00:00,993.6,31.1,69.0,1.9,223.0,3.2,199.0,0.0,,,,,,,,,,2017-05-24T10:59:00,,,,,,,,,,,,,,,,,,
2017-05-24 12:00:00,993.3,30.9,69.0,4.8,219.0,3.9,227.0,0.0,,,,,,,,,,2017-05-24T11:03:00,,,,,,,,,,,,,,,,,,
2017-05-24 13:00:00,993.1,29.3,77.0,2.1,223.0,6.6,261.0,0.0,,,,,,,,,,2017-05-24T12:02:00,,,,,,,,,,,,,,,,,,
2017-05-24 14:00:00,992.2,29.7,73.0,2.7,216.0,4.7,249.0,0.0,,,,,,,,,,2017-05-24T14:00:00,,,,,,,,,,,,,,,,,,
2017-05-24 15:00:00,991.9,29.2,75.0,2.4,227.0,6.6,262.0,0.0,,,,,,,,,,2017-05-24T14:03:00,,,,,,,,,,,,,,,,,,
2017-05-24 16:00:00,992.0,25.5,93.0,2.0,44.0,5.1,332.0,12.0,,,,,,,,,,2017-05-24T15:21:00,,,,,,,,,,,,,,,,,,
2017-05-24 17:00:00,992.1,25.9,90.0,1.9,60.0,4.0,69.0,3.0,,,,,,,,,,2017-05-24T16:17:00,,,,,,,,,,,,,,,,,,
2017-05-24 18:00:00,992.7,26.0,90.0,0.9,38.0,3.4,245.0,0.0,,,,,,,,,,2017-05-24T17:02:00,,,,,,,,,,,,,,,,,,
2017-05-24 19:00:00,993.1,25.4,92.0,1.0,70.0,2.3,73.0,0.0,,,,,,,,,,2017-05-24T18:43:00,,,,,,,,,,,,,,,,,,
2017-05-24 20:00:00,993.3,25.5,91.0,0.2,0.0,2.2,14.0,0.0,,,,,,,,,,2017-05-24T19:37:00,,,,,,,,,,,,,,,,,,
2017-05-24 21:00:00,993.6,25.1,91.0,0.4,64.0,1.9,73.0,0.0,,,,,,,,,,2017-05-24T20:26:00,,,,,,,,,,,,,,,,,,
2017-05-24 22:00:00,993.6,24.7,94.0,0.5,307.0,2.3,88.0,0.0,,,,,,,,,,2017-05-24T21:13:00,,,,,,,,,,,,,,,,,,
2017-05-24 23:00:00,993.3,24.1,94.0,1.0,70.0,2.1,96.0,0.0,,,,,,,,,,2017-05-24T22:51:00,,,,,,,,,,,,,,,,,,
2017-05-25 00:00:00,992.8,24.2,93.0,0.6,35.0,2.1,56.0,0.0,,,,,,,,,,2017-05-24T23:24:00,,,,,,,,,,,,,,,,,,
2017-05-25 01:00:00,992.8,23.9,95.0,1.0,64.0,2.1,64.0,0.0,,,,,,,,,,2017-05-25T00:51:00,,,,,,,,,,,,,,,,,,
2017-05-25 02:00:00,992.5,24.0,94.0,0.6,30.0,2.4,51.0,0.0,,,,,,,,,,2017-05-25T01:31:00,,,,,,,,,,,,,,,,,,
2017-05-25 03:00:00,992.4,24.1,93.0,0.0,0.0,2.3,20.0,0.0,,,,,,,,,,2017-05-25T02:16:00,,,,,,,,,,,,,,,,,,
2017-05-25 04:00:00,992.5,24.3,92.0,0.5,9.0,1.7,21.0,0.0,,,,,,,,,,2017-05-25T03:52:00,,,,,,,,,,,,,,,,,,
2017-05-25 05:00:00,992.6,24.3,92.0,1.4,62.0,2.6,57.0,0.0,,,,,,,,,,2017-05-25T04:54:00,,,,,,,,,,,,,,,,,,
2017-05-25 06:00:00,992.8,24.5,93.0,0.4,11.0,1.7,75.0,0.0,,,,,,,,,,2017-05-25T05:01:00,,,,,,,,,,,,,,,,,,
2017-05-25 07:00:00,993.5,25.2,89.0,0.5,135.0,1.3,135.0,0.0,,,,,,,,,,2017-05-25T06:39:00,,,,,,,,,,,,,,,,,,
2017-05-25 08:00:00,993.6,26.6,83.0,0.9,7.0,2.2,1.0,0.0,,,,,,,,,,2017-05-25T07:32:00,,,,,,,,,,,,,,,,,,
2017-05-25 09:00:00,994.0,27.1,81.0,0.4,193.0,2.0,81.0,0.0,,,,,,,,,,2017-05-25T08:14:00,,,,,,,,,,,,,,,,,,
2017-05-25 10:00:00,994.3,28.6,74.0,0.5,80.0,1.3,102.0,0.0,,,,,,,,,,2017-05-25T10:00:00,,,,,,,,,,,,,,,,,,
2017-05-25 11:00:00,994.1,26.1,87.0,2.8,200.0,7.3,201.0,0.5,,,,,,,,,,2017-05-25T10:42:00,,,,,,,,,,,,,,,,,,
2017-05-25 12:00:00,994.0,28.2,81.0,1.5,130.0,4.3,249.0,0.5,,,,,,,,,,2017-05-25T11:02:00,,,,,,,,,,,,,,,,,,
2017-05-25 13:00:00,993.3,28.6,75.0,1.8,12.0,3.2,156.0,0.0,,,,,,,,,,2017-05-25T12:04:00,,,,,,,,,,,,,,,,,,
2017-05-25 14:00:00,992.6,28.9,75.0,0.9,318.0,2.9,28.0,0.0,,,,,,,,,,2017-05-25T13:02:00,,,,,,,,,,,,,,,,,,
2017-05-25 15:00:00,992.7,25.4,94.0,1.1,308.0,6.0,243.0,14.5,,,,,,,,,,2017-05-25T14:45:00,,,,,,,,,,,,,,,,,,
2017-05-25 16:00:00,992.4,25.4,92.0,0.9,46.0,2.7,350.0,2.0,,,,,,,,,,2017-05-25T15:14:00,,,,,,,,,,,,,,,,,,
2017-05-25 17:00:00,992.3,26.3,87.0,1.3,45.0,3.3,11.0,0.0,,,,,,,,,,2017-05-25T16:45:00,,,,,,,,,,,,,,,,,,
2017-05-25 18:00:00,992.9,26.3,90.0,0.5,197.0,2.2,4.0,0.0,,,,,,,,,,2017-05-25T17:26:00,,,,,,,,,,,,,,,,,,
2017-05-25 19:00:00,993.7,25.1,94.0,1.0,255.0,3.8,271.0,7.0,,,,,,,,,,2017-05-25T18:22:00,,,,,,,,,,,,,,,,,,
2017-05-25 20:00:00,994.5,24.6,95.0,1.6,193.0,4.2,216.0,0.0,,,,,,,,,,2017-05-25T19:12:00,,,,,,,,,,,,,,,,,,
2017-05-25 21:00:00,994.9,24.8,94.0,0.6,157.0,3.0,195.0,0.0,,,,,,,,,,2017-05-25T20:03:00,,,,,,,,,,,,,,,,,,
2017-05-25 22:00:00,995.5,25.0,94.0,0.4,344.0,1.5,144.0,0.5,,,,,,,,,,2017-05-25T21:11:00,,,,,,,,,,,,,,,,,,
2017-05-25 23:00:00,995.2,24.8,95.0,0.0,0.0,1.0,99.0,0.5,,,,,,,,,,2017-05-25T22:20:00,,,,,,,,,,,,,,,,,,
2017-05-26 00:00:00,994.8,24.6,95.0,0.2,0.0,2.1,153.0,0.0,,,,,,,,,,2017-05-25T23:30:00,,,,,,,,,,,,,,,,,,
2017-05-26 01:00:00,994.3,24.5,95.0,0.8,356.0,1.9,299.0,0.0,,,,,,,,,,2017-05-26T00:19:00,,,,,,,,,,,,,,,,,,
2017-05-26 02:00:00,994.0,24.4,96.0,0.2,0.0,1.1,7.0,0.0,,,,,,,,,,2017-05-26T01:06:00,,,,,,,,,,,,,,,,,,
2017-05-26 03:00:00,993.6,24.3,96.0,0.0,0.0,0.4,345.0,0.0,,,,,,,,,,2017-05-26T02:02:00,,,,,,,,,,,,,,,,,,
2017-05-26 04:00:00,993.5,24.3,96.0,0.2,0.0,1.5,67.0,0.0,,,,,,,,,,2017-05-26T03:47:00,,,,,,,,,,,,,,,,,,
2017-05-26 05:00:00,993.4,24.4,95.0,0.5,175.0,1.0,1.0,0.0,,,,,,,,,,2017-05-26T04:26:00,,,,,,,,,,,,,,,,,,
2017-05-26 06:00:00,993.8,24.3,95.0,0.5,18.0,1.3,14.0,0.0,,,,,,,,,,2017-05-26T05:29:00,,,,,,,,,,,,,,,,,,
2017-05-26 07:00:00,994.4,24.5,95.0,0.3,114.0,1.5,349.0,0.5,,,,,,,,,,2017-05-26T06:14:00,,,,,,,,,,,,,,,,,,
2017-05-26 08:00:00,995.1,24.3,95.0,0.4,136.0,1.7,193.0,1.5,,,,,,,,,,2017-05-26T07:50:00,,,,,,,,,,,,,,,,,,
2017-05-26 09:00:00,995.2,24.9,92.0,1.8,12.0,2.6,10.0,0.5,,,,,,,,,,2017-05-26T08:56:00,,,,,,,,,,,,,,,,,,
2017-05-26 10:00:00,995.3,27.4,79.0,1.4,53.0,2.5,70.0,0.0,,,,,,,,,,2017-05-26T10:00:00,,,,,,,,,,,,,,,,,,
2017-05-26 11:00:00,995.3,29.2,74.0,1.1,246.0,2.6,60.0,0.0,,,,,,,,,,2017-05-26T10:14:00,,,,,,,,,,,,,,,,,,
2017-05-26 12:00:00,994.8,30.8,66.0,1.2,264.0,3.2,240.0,0.0,,,,,,,,,,2017-05-26T11:50:00,,,,,,,,,,,,,,,,,,
2017-05-26 13:00:00,994.7,30.3,69.0,1.7,222.0,4.2,186.0,0.0,,,,,,,,,,2017-05-26T12:36:00,,,,,,,,,,,,,,,,,,
2017-05-26 14:00:00,994.3,28.1,82.0,1.2,77.0,7.0,205.0,0.5,,,,,,,,,,2017-05-26T13:16:00,,,,,,,,,,,,,,,,,,
2017-05-26 15:00:00,993.9,28.8,75.0,1.0,65.0,2.8,96.0,0.0,,,,,,,,,,2017-05-26T14:26:00,,,,,,,,,,,,,,,,,,
2017-05-26 16:00:00,993.7,28.8,70.0,0.5,23.0,4.0,21.0,0.0,,,,,,,,,,2017-05-26T15:07:00,,,,,,,,,,,,,,,,,,
2017-05-26 17:00:00,994.0,28.3,69.0,0.8,272.0,3.6,225.0,0.0,,,,,,,,,,2017-05-26T16:14:00,,,,,,,,,,,,,,,,,,
2017-05-26 18:00:00,994.5,27.8,75.0,0.3,65.0,1.9,294.0,0.0,,,,,,,,,,2017-05-26T17:14:00,,,,,,,,,,,,,,,,,,
2017-05-26 19:00:00,995.1,26.5,81.0,1.5,162.0,2.2,152.0,0.0,,,,,,,,,,2017-05-26T18:59:00,,,,,,,,,,,,,,,,,,
2017-05-26 20:00:00,995.5,25.8,83.0,0.9,88.0,1.9,157.0,0.0,,,,,,,,,,2017-05-26T19:01:00,,,,,,,,,,,,,,,,,,
2017-05-26 21:00:00,995.6,25.5,89.0,0.0,0.0,1.3,121.0,0.0,,,,,,,,,,2017-05-26T20:09:00,,,,,,,,,,,,,,,,,,
2017-05-26 22:00:00,996.0,25.2,90.0,0.6,8.0,1.5,294.0,0.0,,,,,,,,,,2017-05-26T21:20:00,,,,,,,,,,,,,,,,,,
2017-05-26 23:00:00,996.0,24.9,89.0,0.3,63.0,1.5,10.0,0.0,,,,,,,,,,2017-05-26T22:13:00,,,,,,,,,,,,,,,,,,
2017-05-27 00:00:00,995.2,24.9,88.0,0.0,0.0,1.3,55.0,0.0,,,,,,,,,,2017-05-26T23:53:00,,,,,,,,,,,,,,,,,,
2017-05-27 01:00:00,994.7,24.0,92.0,0.3,104.0,1.8,62.0,0.0,,,,,,,,,,2017-05-27T00:18:00,,,,,,,,,,,,,,,,,,
2017-05-27 02:00:00,994.5,23.8,93.0,0.3,63.0,1.4,60.0,0.0,,,,,,,,,,2017-05-27T01:52:00,,,,,,,,,,,,,,,,,,
2017-05-27 03:00:00,994.5,23.8,94.0,0.4,3.0,1.6,79.0,0.0,,,,,,,,,,2017-05-27T02:15:00,,,,,,,,,,,,,,,,,,
2017-05-27 04:00:00,994.1,24.0,91.0,0.9,51.0,2.0,55.0,0.0,,,,,,,,,,2017-05-27T03:54:00,,,,,,,,,,,,,,,,,,
2017-05-27 05:00:00,993.9,23.6,92.0,1.1,60.0,2.1,30.0,0.0,,,,,,,,,,2017-05-27T04:07:00,,,,,,,,,,,,,,,,,,
2017-05-27 06:00:00,994.3,23.6,93.0,0.6,46.0,2.0,65.0,0.0,,,,,,,,,,2017-05-27T05:06:00,,,,,,,,,,,,,,,,,,
2017-05-27 07:00:00,994.9,25.0,86.0,0.5,359.0,1.2,90.0,0.0,,,,,,,,,,2017-05-27T06:39:00,,,,,,,,,,,,,,,,,,
2017-05-27 08:00:00,995.3,25.8,84.0,1.1,348.0,2.0,4.0,0.0,,,,,,,,,,2017-05-27T07:24:00,,,,,,,,,,,,,,,,,,
2017-05-27 09:00:00,995.7,28.5,72.0,0.4,240.0,2.9,237.0,0.0,,,,,,,,,,2017-05-27T08:52:00,,,,,,,,,,,,,,,,,,
2017-05-27 10:00:00,996.1,28.3,72.0,0.9,349.0,2.6,274.0,0.0,,,,,,,,,,2017-05-27T09:06:00,,,,,,,,,,,,,,,,,,
2017-05-27 11:00:00,996.0,29.9,68.0,1.1,299.0,3.3,246.0,0.0,,,,,,,,,,2017-05-27T10:52:00,,,,,,,,,,,,,,,,,,
2017-05-27 12:00:00,995.6,28.2,78.0,2.0,292.0,3.8,296.0,0.0,,,,,,,,,,2017-05-27T11:55:00,,,,,,,,,,,,,,,,,,
2017-05-27 13:00:00,995.0,31.5,63.0,1.2,282.0,3.7,282.0,0.0,,,,,,,,,,2017-05-27T12:02:00,,,,,,,,,,,,,,,,,,
2017-05-27 14:00:00,994.4,30.4,67.0,1.6,297.0,4.3,294.0,0.0,,,,,,,,,,2017-05-27T13:29:00,,,,,,,,,,,,,,,,,,
2017-05-27 15:00:00,994.4,30.0,67.0,2.0,290.0,6.1,288.0,0.0,,,,,,,,,,2017-05-27T14:25:00,,,,,,,,,,,,,,,,,,
2017-05-27 16:00:00,993.9,29.8,70.0,1.6,294.0,4.7,291.0,0.0,,,,,,,,,,2017-05-27T15:08:00,,,,,,,,,,,,,,,,,,
2017-05-27 17:00:00,994.1,28.0,72.0,0.9,311.0,4.9,295.0,0.0,,,,,,,,,,2017-05-27T16:02:00,,,,,,,,,,,,,,,,,,
2017-05-27 18:00:00,994.3,27.5,76.0,0.9,246.0,2.0,257.0,0.0,,,,,,,,,,2017-05-27T17:04:00,,,,,,,,,,,,,,,,,,
2017-05-27 19:00:00,994.7,26.7,75.0,1.1,157.0,2.3,150.0,0.0,,,,,,,,,,2017-05-27T18:38:00,,,,,,,,,,,,,,,,,,
2017-05-27 20:00:00,994.8,25.8,83.0,0.9,82.0,1.7,150.0,0.0,,,,,,,,,,2017-05-27T19:13:00,,,,,,,,,,,,,,,,,,
2017-05-27 21:00:00,995.1,25.6,85.0,0.3,353.0,1.8,22.0,0.0,,,,,,,,,,2017-05-27T20:38:00,,,,,,,,,,,,,,,,,,
2017-05-27 22:00:00,995.6,25.1,88.0,0.7,346.0,1.7,137.0,0.0,,,,,,,,,,2017-05-27T21:20:00,,,,,,,,,,,,,,,,,,
2017-05-27 23:00:00,995.5,24.5,90.0,0.7,80.0,2.0,7.0,0.0,,,,,,,,,,2017-05-27T22:28:00,,,,,,,,,,,,,,,,,,
2017-05-28 00:00:00,995.2,24.5,89.0,0.9,7.0,1.6,355.0,0.0,,,,,,,,,,2017-05-27T23:58:00,,,,,,,,,,,,,,,,,,
2017-05-28 01:00:00,994.4,24.5,89.0,0.9,57.0,2.4,31.0,0.0,,,,,,,,,,2017-05-28T00:18:00,,,,,,,,,,,,,,,,,,
2017-05-28 02:00:00,994.0,24.2,91.0,0.9,82.0,1.5,49.0,0.0,,,,,,,,,,2017-05-28T01:07:00,,,,,,,,,,,,,,,,,,
2017-05-28 03:00:00,993.6,24.2,90.0,0.7,61.0,1.3,93.0,0.0,,,,,,,,,,2017-05-28T02:33:00,,,,,,,,,,,,,,,,,,
2017-05-28 04:00:00,993.6,23.8,93.0,0.0,0.0,1.3,73.0,0.0,,,,,,,,,,2017-05-28T03:30:00,,,,,,,,,,,,,,,,,,
2017-05-28 05:00:00,994.0,23.5,94.0,0.2,0.0,1.2,123.0,0.0,,,,,,,,,,2017-05-28T04:53:00,,,,,,,,,,,,,,,,,,
2017-05-28 06:00:00,994.1,23.7,93.0,0.1,0.0,1.5,56.0,0.0,,,,,,,,,,2017-05-28T05:17:00,,,,,,,,,,,,,,,,,,
2017-05-28 07:00:00,994.3,24.9,88.0,0.4,22.0,1.7,49.0,0.0,,,,,,,,,,2017-05-28T06:40:00,,,,,,,,,,,,,,,,,,
2017-05-28 08:00:00,994.6,26.9,81.0,1.6,258.0,2.8,239.0,0.0,,,,,,,,,,2017-05-28T08:00:00,,,,,,,,,,,,,,,,,,
2017-05-28 09:00:00,995.2,28.1,75.0,1.1,223.0,3.3,209.0,0.0,,,,,,,,,,2017-05-28T08:47:00,,,,,,,,,,,,,,,,,,
2017-05-28 10:00:00,995.2,29.0,70.0,1.1,195.0,2.8,201.0,0.0,,,,,,,,,,2017-05-28T09:50:00,,,,,,,,,,,,,,,,,,
2017-05-28 11:00:00,995.0,30.5,67.0,1.3,244.0,3.9,229.0,0.0,,,,,,,,,,2017-05-28T10:41:00,,,,,,,,,,,,,,,,,,
2017-05-28 12:00:00,994.8,30.3,68.0,1.3,259.0,3.7,251.0,0.0,,,,,,,,,,2017-05-28T11:09:00,,,,,,,,,,,,,,,,,,
2017-05-28 13:00:00,994.5,30.4,68.0,1.9,269.0,3.4,263.0,0.0,,,,,,,,,,2017-05-28T13:00:00,,,,,,,,,,,,,,,,,,
2017-05-28 14:00:00,994.0,30.1,68.0,0.8,300.0,3.5,299.0,0.0,,,,,,,,,,2017-05-28T13:37:00,,,,,,,,,,,,,,,,,,
2017-05-28 15:00:00,993.6,30.6,68.0,1.5,265.0,3.3,257.0,0.0,,,,,,,,,,2017-05-28T14:56:00,,,,,,,,,,,,,,,,,,
2017-05-28 16:00:00,993.3,30.7,64.0,2.5,230.0,3.3,212.0,0.0,,,,,,,,,,2017-05-28T15:27:00,,,,,,,,,,,,,,,,,,
2017-05-28 17:00:00,993.6,28.6,73.0,1.5,173.0,3.9,206.0,0.0,,,,,,,,,,2017-05-28T16:31:00,,,,,,,,,,,,,,,,,,
2017-05-28 18:00:00,994.1,28.0,74.0,1.3,163.0,3.5,195.0,0.0,,,,,,,,,,2017-05-28T17:07:00,,,,,,,,,,,,,,,,,,
2017-05-28 19:00:00,994.4,27.0,81.0,1.2,181.0,2.6,155.0,0.0,,,,,,,,,,2017-05-28T18:10:00,,,,,,,,,,,,,,,,,,
2017-05-28 20:00:00,994.8,26.3,81.0,1.6,221.0,3.1,221.0,0.0,,,,,,,,,,2017-05-28T19:38:00,,,,,,,,,,,,,,,,,,
2017-05-28 21:00:00,995.2,26.2,81.0,0.7,187.0,3.1,255.0,0.0,,,,,,,,,,2017-05-28T20:14:00,,,,,,,,,,,,,,,,,,
2017-05-28 22:00:00,995.9,26.0,80.0,1.5,128.0,2.5,117.0,0.0,,,,,,,,,,2017-05-28T22:00:00,,,,,,,,,,,,,,,,,,
2017-05-28 23:00:00,995.9,25.7,80.0,0.8,118.0,3.4,115.0,0.0,,,,,,,,,,2017-05-28T22:10:00,,,,,,,,,,,,,,,,,,
2017-05-29 00:00:00,995.5,25.6,80.0,0.8,106.0,2.4,88.0,0.0,,,,,,,,,,2017-05-28T23:07:00,,,,,,,,,,,,,,,,,,
2017-05-29 01:00:00,994.9,25.4,84.0,0.4,353.0,1.7,208.0,0.0,,,,,,,,,,2017-05-29T00:10:00,,,,,,,,,,,,,,,,,,
2017-05-29 02:00:00,995.0,25.0,83.0,0.6,98.0,1.4,82.0,0.0,,,,,,,,,,2017-05-29T01:37:00,,,,,,,,,,,,,,,,,,
2017-05-29 03:00:00,995.0,24.9,85.0,0.6,92.0,1.4,103.0,0.0,,,,,,,,,,2017-05-29T02:04:00,,,,,,,,,,,,,,,,,,
2017-05-29 04:00:00,994.9,24.8,88.0,0.5,18.0,1.8,73.0,0.0,,,,,,,,,,2017-05-29T03:16:00,,,,,,,,,,,,,,,,,,
2017-05-29 05:00:00,995.1,24.4,88.0,0.4,76.0,1.6,43.0,0.0,,,,,,,,,,2017-05-29T04:15:00,,,,,,,,,,,,,,,,,,
2017-05-29 06:00:00,995.4,25.0,86.0,0.8,63.0,1.8,86.0,0.0,,,,,,,,,,2017-05-29T05:53:00,,,,,,,,,,,,,,,,,,
2017-05-29 07:00:00,996.0,25.8,81.0,0.5,64.0,1.4,64.0,0.0,,,,,,,,,,2017-05-29T06:54:00,,,,,,,,,,,,,,,,,,
2017-05-29 08:00:00,996.2,27.4,75.0,0.8,332.0,1.7,353.0,0.0,,,,,,,,,,2017-05-29T07:43:00,,,,,,,,,,,,,,,,,,
2017-05-29 09:00:00,996.2,29.6,62.0,0.9,16.0,2.0,290.0,0.0,,,,,,,,,,2017-05-29T08:19:00,,,,,,,,,,,,,,,,,,
2017-05-29 10:00:00,996.1,30.6,59.0,1.0,73.0,2.6,215.0,0.0,,,,,,,,,,2017-05-29T09:21:00,,,,,,,,,,,,,,,,,,
2017-05-29 11:00:00,995.8,31.8,59.0,0.9,262.0,3.5,250.0,0.0,,,,,,,,,,2017-05-29T10:14:00,,,,,,,,,,,,,,,,,,
2017-05-29 12:00:00,995.2,33.1,57.0,1.5,294.0,4.1,236.0,0.0,,,,,,,,,,2017-05-29T11:23:00,,,,,,,,,,,,,,,,,,
2017-05-29 13:00:00,994.5,32.5,57.0,1.7,335.0,3.5,261.0,0.0,,,,,,,,,,2017-05-29T12:06:00,,,,,,,,,,,,,,,,,,
2017-05-29 14:00:00,994.3,31.7,60.0,1.4,210.0,3.5,266.0,0.0,,,,,,,,,,2017-05-29T13:08:00,,,,,,,,,,,,,,,,,,
2017-05-29 15:00:00,993.9,29.3,75.0,2.5,191.0,6.8,177.0,0.5,,,,,,,,,,2017-05-29T14:17:00,,,,,,,,,,,,,,,,,,
2017-05-29 16:00:00,994.0,29.4,69.0,2.5,184.0,5.5,165.0,0.0,,,,,,,,,,2017-05-29T15:18:00,,,,,,,,,,,,,,,,,,
2017-05-29 17:00:00,994.4,28.2,71.0,1.7,218.0,5.3,161.0,0.0,,,,,,,,,,2017-05-29T16:23:00,,,,,,,,,,,,,,,,,,
2017-05-29 18:00:00,995.0,27.2,72.0,2.1,220.0,4.3,195.0,0.0,,,,,,,,,,2017-05-29T17:06:00,,,,,,,,,,,,,,,,,,
2017-05-29 19:00:00,995.5,26.7,77.0,0.9,166.0,2.9,184.0,0.0,,,,,,,,,,2017-05-29T18:24:00,,,,,,,,,,,,,,,,,,
2017-05-29 20:00:00,996.3,25.9,85.0,1.3,63.0,2.3,49.0,0.0,,,,,,,,,,2017-05-29T19:50:00,,,,,,,,,,,,,,,,,,
2017-05-29 21:00:00,996.6,25.7,86.0,1.0,41.0,2.8,68.0,0.0,,,,,,,,,,2017-05-29T20:50:00,,,,,,,,,,,,,,,,,,
2017-05-29 22:00:00,996.9,25.5,87.0,0.7,1.0,2.4,353.0,0.0,,,,,,,,,,2017-05-29T21:16:00,,,,,,,,,,,,,,,,,,
2017-05-29 23:00:00,997.1,25.2,89.0,0.6,87.0,1.4,84.0,0.0,,,,,,,,,,2017-05-29T22:24:00,,,,,,,,,,,,,,,,,,
2017-05-30 00:00:00,996.9,25.0,89.0,0.8,74.0,1.6,54.0,0.0,,,,,,,,,,2017-05-29T23:17:00,,,,,,,,,,,,,,,,,,
2017-05-30 01:00:00,996.3,25.4,87.0,0.9,52.0,1.8,39.0,0.0,,,,,,,,,,2017-05-30T00:54:00,,,,,,,,,,,,,,,,,,
2017-05-30 02:00:00,996.0,24.6,92.0,0.4,72.0,1.9,75.0,0.0,,,,,,,,,,2017-05-30T01:01:00,,,,,,,,,,,,,,,,,,
2017-05-30 03:00:00,995.7,24.0,93.0,0.0,0.0,1.3,123.0,0.0,,,,,,,,,,2017-05-30T02:07:00,,,,,,,,,,,,,,,,,,
2017-05-30 04:00:00,996.0,23.9,93.0,0.4,91.0,1.5,74.0,0.0,,,,,,,,,,2017-05-30T03:50:00,,,,,,,,,,,,,,,,,,
2017-05-30 05:00:00,996.0,24.1,95.0,0.4,41.0,2.1,198.0,2.5,,,,,,,,,,2017-05-30T04:26:00,,,,,,,,,,,,,,,,,,
2017-05-30 06:00:00,996.1,24.0,95.0,1.6,12.0,2.6,1.0,0.5,,,,,,,,,,2017-05-30T06:00:00,,,,,,,,,,,,,,,,,,
2017-05-30 07:00:00,996.3,24.4,93.0,1.1,43.0,2.7,4.0,0.0,,,,,,,,,,2017-05-30T06:03:00,,,,,,,,,,,,,,,,,,
2017-05-30 08:00:00,996.6,26.2,83.0,1.0,31.0,2.3,60.0,0.0,,,,,,,,,,2017-05-30T07:22:00,,,,,,,,,,,,,,,,,,
2017-05-30 09:00:00,997.2,25.3,92.0,0.3,162.0,2.9,237.0,3.0,,,,,,,,,,2017-05-30T08:27:00,,,,,,,,,,,,,,,,,,
2017-05-30 10:00:00,997.0,26.4,87.0,1.0,5.0,2.8,69.0,0.0,,,,,,,,,,2017-05-30T09:31:00,,,,,,,,,,,,,,,,,,
2017-05-30 11:00:00,996.7,28.5,75.0,0.7,332.0,2.8,351.0,0.0,,,,,,,,,,2017-05-30T10:05:00,,,,,,,,,,,,,,,,,,
2017-05-30 12:00:00,996.3,26.9,88.0,1.0,287.0,2.8,16.0,2.0,,,,,,,,,,2017-05-30T11:08:00,,,,,,,,,,,,,,,,,,
2017-05-30 13:00:00,995.6,25.6,93.0,1.2,55.0,2.3,269.0,3.5,,,,,,,,,,2017-05-30T12:29:00,,,,,,,,,,,,,,,,,,
2017-05-30 14:00:00,995.4,25.0,94.0,0.9,23.0,3.5,7.0,5.0,,,,,,,,,,2017-05-30T13:07:00,,,,,,,,,,,,,,,,,,
2017-05-30 15:00:00,995.1,25.0,94.0,0.5,14.0,2.6,17.0,5.0,,,,,,,,,,2017-05-30T14:34:00,,,,,,,,,,,,,,,,,,
2017-05-30 16:00:00,994.6,25.9,90.0,0.4,31.0,2.2,12.0,0.5,,,,,,,,,,2017-05-30T15:01:00,,,,,,,,,,,,,,,,,,
2017-05-30 17:00:00,994.5,26.3,87.0,0.7,114.0,2.3,139.0,0.5,,,,,,,,,,2017-05-30T16:45:00,,,,,,,,,,,,,,,,,,
2017-05-30 18:00:00,994.6,25.8,90.0,0.7,91.0,2.2,12.0,0.0,,,,,,,,,,2017-05-30T17:25:00,,,,,,,,,,,,,,,,,,
2017-05-30 19:00:00,994.9,25.2,94.0,0.8,77.0,2.2,57.0,0.0,,,,,,,,,,2017-05-30T18:55:00,,,,,,,,,,,,,,,,,,
2017-05-30 20:00:00,995.4,25.4,92.0,0.7,223.0,3.1,106.0,0.0,,,,,,,,,,2017-05-30T19:02:00,,,,,,,,,,,,,,,,,,
2017-05-30 21:00:00,995.8,25.5,92.0,1.1,34.0,2.3,24.0,0.0,,,,,,,,,,2017-05-30T20:27:00,,,,,,,,,,,,,,,,,,
2017-05-30 22:00:00,995.4,25.3,92.0,1.3,50.0,2.6,44.0,0.0,,,,,,,,,,2017-05-30T21:55:00,,,,,,,,,,,,,,,,,,
2017-05-30 23:00:00,994.9,25.1,93.0,0.9,2.0,2.4,17.0,0.0,,,,,,,,,,2017-05-30T22:29:00,,,,,,,,,,,,,,,,,,
2017-05-31 00:00:00,994.4,24.6,94.0,0.9,74.0,2.6,68.0,0.0,,,,,,,,,,2017-05-30T23:49:00,,,,,,,,,,,,,,,,,,
2017-05-31 01:00:00,993.8,24.3,95.0,1.1,60.0,2.2,45.0,0.0,,,,,,,,,,2017-05-31T00:58:00,,,,,,,,,,,,,,,,,,
2017-05-31 02:00:00,993.7,24.4,94.0,1.5,56.0,2.7,14.0,0.0,,,,,,,,,,2017-05-31T01:57:00,,,,,,,,,,,,,,,,,,
2017-05-31 03:00:00,993.4,24.6,93.0,1.2,51.0,2.7,51.0,0.0,,,,,,,,,,2017-05-31T02:16:00,,,,,,,,,,,,,,,,,,
2017-05-31 04:00:00,993.2,24.6,93.0,0.2,0.0,2.5,11.0,0.0,,,,,,,,,,2017-05-31T03:23:00,,,,,,,,,,,,,,,,,,
2017-05-31 05:00:00,993.6,24.5,93.0,0.5,31.0,2.0,61.0,0.0,,,,,,,,,,2017-05-31T04:29:00,,,,,,,,,,,,,,,,,,
2017-05-31 06:00:00,994.4,24.6,92.0,1.2,67.0,1.9,81.0,0.0,,,,,,,,,,2017-05-31T05:58:00,,,,,,,,,,,,,,,,,,
2017-05-31 07:00:00,994.7,25.6,87.0,1.1,9.0,2.1,60.0,0.0,,,,,,,,,,2017-05-31T06:43:00,,,,,,,,,,,,,,,,,,
2017-05-31 08:00:00,994.7,28.1,78.0,0.3,358.0,1.3,63.0,0.0,,,,,,,,,,2017-05-31T07:12:00,,,,,,,,,,,,,,,,,,
2017-05-31 09:00:00,994.5,29.6,73.0,1.1,325.0,2.3,163.0,0.0,,,,,,,,,,2017-05-31T08:40:00,,,,,,,,,,,,,,,,,,
2017-05-31 10:00:00,994.3,30.9,70.0,2.0,266.0,3.8,272.0,0.0,,,,,,,,,,2017-05-31T09:55:00,,,,,,,,,,,,,,,,,,
2017-05-31 11:00:00,993.7,30.8,71.0,1.8,239.0,4.3,243.0,0.0,,,,,,,,,,2017-05-31T10:37:00,,,,,,,,,,,,,,,,,,
2017-05-31 12:00:00,993.4,31.8,69.0,2.4,232.0,8.2,212.0,0.0,,,,,,,,,,2017-05-31T11:13:00,,,,,,,,,,,,,,,,,,
2017-05-31 13:00:00,992.8,32.3,66.0,2.5,198.0,4.6,196.0,0.0,,,,,,,,,,2017-05-31T12:37:00,,,,,,,,,,,,,,,,,,
2017-05-31 14:00:00,992.1,33.2,64.0,3.2,258.0,5.3,223.0,0.0,,,,,,,,,,2017-05-31T13:36:00,,,,,,,,,,,,,,,,,,
2017-05-31 15:00:00,991.8,32.6,64.0,2.7,242.0,5.8,242.0,0.0,,,,,,,,,,2017-05-31T14:51:00,,,,,,,,,,,,,,,,,,
2017-05-31 16:00:00,991.5,33.0,60.0,3.1,236.0,6.2,221.0,0.0,,,,,,,,,,2017-05-31T15:20:00,,,,,,,,,,,,,,,,,,
2017-05-31 17:00:00,991.3,31.7,61.0,2.6,218.0,5.8,214.0,0.0,,,,,,,,,,2017-05-31T16:33:00,,,,,,,,,,,,,,,,,,
2017-05-31 18:00:00,990.8,31.5,61.0,1.1,221.0,4.2,225.0,0.0,,,,,,,,,,2017-05-31T17:11:00,,,,,,,,,,,,,,,,,,
2017-05-31 19:00:00,990.8,27.6,75.0,1.2,220.0,2.2,223.0,0.0,,,,,,,,,,2017-05-31T18:11:00,,,,,,,,,,,,,,,,,,
2017-05-31 20:00:00,991.1,26.8,78.0,0.0,0.0,1.9,163.0,0.0,,,,,,,,,,2017-05-31T19:13:00,,,,,,,,,,,,,,,,,,
2017-05-31 21:00:00,992.3,25.6,84.0,0.7,55.0,1.4,57.0,0.0,,,,,,,,,,2017-05-31T20:52:00,,,,,,,,,,,,,,,,,,
2017-05-31 22:00:00,992.8,25.7,84.0,0.0,0.0,1.3,48.0,0.0,,,,,,,,,,2017-05-31T21:02:00,,,,,,,,,,,,,,,,,,
2017-05-31 23:00:00,992.8,25.2,89.0,0.3,339.0,2.5,10.0,0.0,,,,,,,,,,2017-05-31T22:29:00,,,,,,,,,,,,,,,,,,
2017-06-01 00:00:00,992.3,25.3,87.0,0.7,18.0,2.0,11.0,0.0,,,,,,,,,,2017-05-31T23:50:00,,,,,,,,,,,,,,,,,,
2017-06-01 01:00:00,991.5,25.4,88.0,0.3,7.0,2.0,9.0,0.0,,,,,,,,,,2017-06-01T00:46:00,,,,,,,,,,,,,,,,,,
2017-06-01 02:00:00,991.6,25.0,91.0,0.9,24.0,1.8,350.0,0.0,,,,,,,,,,2017-06-01T01:10:00,,,,,,,,,,,,,,,,,,
2017-06-01 03:00:00,991.7,25.3,90.0,0.7,332.0,1.9,2.0,0.0,,,,,,,,,,2017-06-01T02:50:00,,,,,,,,,,,,,,,,,,
2017-06-01 04:00:00,991.6,24.9,91.0,0.4,31.0,1.6,64.0,0.0,,,,,,,,,,2017-06-01T03:26:00,,,,,,,,,,,,,,,,,,
2017-06-01 05:00:00,991.8,24.8,89.0,1.0,47.0,2.6,48.0,0.0,,,,,,,,,,2017-06-01T04:52:00,,,,,,,,,,,,,,,,,,
2017-06-01 06:00:00,992.2,24.9,89.0,1.0,67.0,1.9,63.0,0.0,,,,,,,,,,2017-06-01T06:00:00,,,,,,,,,,,,,,,,,,
2017-06-01 07:00:00,992.5,25.5,85.0,0.7,61.0,2.5,60.0,0.0,,,,,,,,,,2017-06-01T06:28:00,,,,,,,,,,,,,,,,,,
2017-06-01 08:00:00,992.5,26.9,79.0,1.6,44.0,3.2,54.0,0.0,,,,,,,,,,2017-06-01T07:56:00,,,,,,,,,,,,,,,,,,
2017-06-01 09:00:00,992.6,26.0,90.0,2.8,209.0,4.4,206.0,0.5,,,,,,,,,,2017-06-01T09:00:00,,,,,,,,,,,,,,,,,,
2017-06-01 10:00:00,993.2,25.0,94.0,1.8,19.0,4.7,211.0,5.0,,,,,,,,,,2017-06-01T09:01:00,,,,,,,,,,,,,,,,,,
2017-06-01 11:00:00,993.2,26.4,88.0,2.1,55.0,4.1,57.0,1.0,,,,,,,,,,2017-06-01T10:57:00,,,,,,,,,,,,,,,,,,
2017-06-01 12:00:00,992.3,26.9,85.0,1.4,23.0,4.9,42.0,0.0,,,,,,,,,,2017-06-01T11:02:00,,,,,,,,,,,,,,,,,,
2017-06-01 13:00:00,991.6,25.8,89.0,1.3,36.0,3.6,18.0,2.5,,,,,,,,,,2017-06-01T12:24:00,,,,,,,,,,,,,,,,,,
2017-06-01 14:00:00,992.1,24.6,95.0,0.4,16.0,2.6,274.0,14.5,,,,,,,,,,2017-06-01T13:31:00,,,,,,,,,,,,,,,,,,
2017-06-01 15:00:00,991.6,25.5,94.0,0.8,30.0,2.7,8.0,3.5,,,,,,,,,,2017-06-01T14:44:00,,,,,,,,,,,,,,,,,,
2017-06-01 16:00:00,990.9,25.1,95.0,1.4,59.0,3.9,56.0,15.0,,,,,,,,,,2017-06-01T15:45:00,,,,,,,,,,,,,,,,,,
2017-06-01 17:00:00,990.3,25.7,93.0,0.4,72.0,2.6,68.0,2.0,,,,,,,,,,2017-06-01T16:09:00,,,,,,,,,,,,,,,,,,
2017-06-01 18:00:00,990.4,25.2,95.0,0.7,44.0,2.4,192.0,6.5,,,,,,,,,,2017-06-01T17:29:00,,,,,,,,,,,,,,,,,,
2017-06-01 19:00:00,990.7,25.1,96.0,1.3,175.0,2.9,81.0,10.0,,,,,,,,,,2017-06-01T18:15:00,,,,,,,,,,,,,,,,,,
2017-06-01 20:00:00,991.7,25.9,96.0,2.2,197.0,3.7,200.0,3.5,,,,,,,,,,2017-06-01T19:55:00,,,,,,,,,,,,,,,,,,
2017-06-01 21:00:00,992.1,26.1,95.0,1.2,202.0,3.9,177.0,1.0,,,,,,,,,,2017-06-01T20:20:00,,,,,,,,,,,,,,,,,,
2017-06-01 22:00:00,992.7,26.2,93.0,1.7,198.0,2.8,190.0,0.0,,,,,,,,,,2017-06-01T21:57:00,,,,,,,,,,,,,,,,,,
2017-06-01 23:00:00,992.2,26.2,94.0,0.9,57.0,2.8,222.0,0.0,,,,,,,,,,2017-06-01T22:05:00,,,,,,,,,,,,,,,,,,
2017-06-02 00:00:00,992.0,25.9,95.0,1.7,210.0,3.2,287.0,1.0,,,,,,,,,,2017-06-01T23:24:00,,,,,,,,,,,,,,,,,,
2017-06-02 01:00:00,991.5,26.0,95.0,2.2,210.0,4.7,188.0,4.5,,,,,,,,,,2017-06-02T00:39:00,,,,,,,,,,,,,,,,,,
2017-06-02 02:00:00,990.9,26.1,95.0,2.2,199.0,4.4,192.0,0.5,,,,,,,,,,2017-06-02T01:55:00,,,,,,,,,,,,,,,,,,
2017-06-02 03:00:00,990.6,25.7,95.0,1.8,183.0,6.8,198.0,4.0,,,,,,,,,,2017-06-02T02:48:00,,,,,,,,,,,,,,,,,,
2017-06-02 04:00:00,991.0,25.9,95.0,1.7,188.0,4.0,175.0,0.0,,,,,,,,,,2017-06-02T03:02:00,,,,,,,,,,,,,,,,,,
2017-06-02 05:00:00,991.4,26.0,94.0,1.4,193.0,5.4,205.0,1.0,,,,,,,,,,2017-06-02T04:48:00,,,,,,,,,,,,,,,,,,
2017-06-02 06:00:00,991.9,26.1,94.0,1.1,192.0,3.3,211.0,0.5,,,,,,,,,,2017-06-02T05:14:00,,,,,,,,,,,,,,,,,,
2017-06-02 07:00:00,991.8,26.5,92.0,2.0,198.0,3.5,215.0,0.0,,,,,,,,,,2017-06-02T06:41:00,,,,,,,,,,,,,,,,,,
2017-06-02 08:00:00,991.8,26.4,94.0,1.1,253.0,4.4,188.0,2.5,,,,,,,,,,2017-06-02T07:06:00,,,,,,,,,,,,,,,,,,
2017-06-02 09:00:00,991.7,27.0,93.0,2.5,226.0,4.9,200.0,1.5,,,,,,,,,,2017-06-02T08:30:00,,,,,,,,,,,,,,,,,,
2017-06-02 10:00:00,992.3,27.4,91.0,4.1,221.0,7.5,223.0,0.5,,,,,,,,,,2017-06-02T09:19:00,,,,,,,,,,,,,,,,,,
2017-06-02 11:00:00,991.7,27.5,91.0,4.0,226.0,8.1,248.0,0.5,,,,,,,,,,2017-06-02T10:45:00,,,,,,,,,,,,,,,,,,
2017-06-02 12:00:00,991.0,27.5,89.0,4.7,242.0,9.5,221.0,1.5,,,,,,,,,,2017-06-02T11:05:00,,,,,,,,,,,,,,,,,,
2017-06-02 13:00:00,991.2,28.3,85.0,4.7,241.0,9.4,216.0,0.0,,,,,,,,,,2017-06-02T12:57:00,,,,,,,,,,,,,,,,,,
2017-06-02 14:00:00,990.5,26.7,93.0,4.5,258.0,10.0,252.0,6.0,,,,,,,,,,2017-06-02T13:03:00,,,,,,,,,,,,,,,,,,
2017-06-02 15:00:00,990.3,28.0,85.0,4.5,245.0,11.8,228.0,1.0,,,,,,,,,,2017-06-02T14:02:00,,,,,,,,,,,,,,,,,,
2017-06-02 16:00:00,990.6,27.6,87.0,2.4,242.0,8.5,235.0,1.5,,,,,,,,,,2017-06-02T15:34:00,,,,,,,,,,,,,,,,,,
2017-06-02 17:00:00,990.5,26.9,90.0,3.0,250.0,9.8,223.0,2.0,,,,,,,,,,2017-06-02T16:46:00,,,,,,,,,,,,,,,,,,
2017-06-02 18:00:00,991.1,27.2,89.0,2.7,232.0,9.2,267.0,0.0,,,,,,,,,,2017-06-02T17:03:00,,,,,,,,,,,,,,,,,,
2017-06-02 19:00:00,991.5,26.5,93.0,2.3,215.0,6.5,216.0,1.5,,,,,,,,,,2017-06-02T18:07:00,,,,,,,,,,,,,,,,,,
2017-06-02 20:00:00,992.0,26.6,94.0,1.6,205.0,5.1,222.0,0.0,,,,,,,,,,2017-06-02T19:31:00,,,,,,,,,,,,,,,,,,
2017-06-02 21:00:00,992.3,26.3,94.0,1.5,192.0,6.0,178.0,0.0,,,,,,,,,,2017-06-02T20:11:00,,,,,,,,,,,,,,,,,,
2017-06-02 22:00:00,992.1,26.7,93.0,0.9,264.0,3.2,156.0,0.5,,,,,,,,,,2017-06-02T21:10:00,,,,,,,,,,,,,,,,,,
2017-06-02 23:00:00,991.3,26.5,94.0,2.5,216.0,3.9,211.0,0.5,,,,,,,,,,2017-06-02T22:58:00,,,,,,,,,,,,,,,,,,
2017-06-03 00:00:00,990.9,26.4,95.0,2.9,214.0,5.7,224.0,4.0,,,,,,,,,,2017-06-02T23:22:00,,,,,,,,,,,,,,,,,,
2017-06-03 01:00:00,990.4,26.5,95.0,3.5,211.0,5.4,231.0,2.5,,,,,,,,,,2017-06-03T00:39:00,,,,,,,,,,,,,,,,,,
2017-06-03 02:00:00,990.3,26.4,95.0,3.9,213.0,7.0,209.0,4.0,,,,,,,,,,2017-06-03T02:00:00,,,,,,,,,,,,,,,,,,
2017-06-03 03:00:00,990.8,26.6,95.0,2.3,204.0,6.9,236.0,0.0,,,,,,,,,,2017-06-03T02:12:00,,,,,,,,,,,,,,,,,,
2017-06-03 04:00:00,990.3,26.4,95.0,3.2,199.0,6.1,192.0,2.0,,,,,,,,,,2017-06-03T03:54:00,,,,,,,,,,,,,,,,,,
2017-06-03 05:00:00,991.4,25.6,94.0,1.3,206.0,6.7,217.0,0.5,,,,,,,,,,2017-06-03T04:42:00,,,,,,,,,,,,,,,,,,
2017-06-03 06:00:00,991.6,25.9,95.0,0.5,231.0,1.7,106.0,1.0,,,,,,,,,,2017-06-03T05:40:00,,,,,,,,,,,,,,,,,,
2017-06-03 07:00:00,992.1,26.6,95.0,0.9,230.0,2.5,236.0,1.0,,,,,,,,,,2017-06-03T06:50:00,,,,,,,,,,,,,,,,,,
2017-06-03 08:00:00,992.3,26.2,95.0,2.8,229.0,7.1,228.0,18.5,,,,,,,,,,2017-06-03T07:55:00,,,,,,,,,,,,,,,,,,
2017-06-03 09:00:00,992.4,27.1,96.0,2.7,200.0,5.6,281.0,4.5,,,,,,,,,,2017-06-03T08:01:00,,,,,,,,,,,,,,,,,,
2017-06-03 10:00:00,992.3,28.7,88.0,3.5,200.0,7.0,200.0,0.0,,,,,,,,,,2017-06-03T09:46:00,,,,,,,,,,,,,,,,,,
2017-06-03 11:00:00,991.8,29.7,85.0,4.0,212.0,7.1,220.0,0.5,,,,,,,,,,2017-06-03T10:47:00,,,,,,,,,,,,,,,,,,
2017-06-03 12:00:00,991.4,28.0,91.0,4.3,223.0,8.8,213.0,2.0,,,,,,,,,,2017-06-03T11:06:00,,,,,,,,,,,,,,,,,,
2017-06-03 13:00:00,990.7,27.2,93.0,3.7,213.0,8.6,235.0,2.0,,,,,,,,,,2017-06-03T12:23:00,,,,,,,,,,,,,,,,,,
2017-06-03 14:00:00,990.5,27.8,89.0,4.0,219.0,9.2,222.0,0.0,,,,,,,,,,2017-06-03T13:52:00,,,,,,,,,,,,,,,,,,
2017-06-03 15:00:00,990.5,28.1,88.0,4.0,223.0,9.0,207.0,0.0,,,,,,,,,,2017-06-03T14:31:00,,,,,,,,,,,,,,,,,,
2017-06-03 16:00:00,990.6,28.0,88.0,3.7,219.0,7.4,222.0,0.0,,,,,,,,,,2017-06-03T15:15:00,,,,,,,,,,,,,,,,,,
2017-06-03 17:00:00,990.6,27.3,92.0,2.7,208.0,6.4,201.0,0.0,,,,,,,,,,2017-06-03T16:02:00,,,,,,,,,,,,,,,,,,
2017-06-03 18:00:00,990.5,27.1,92.0,2.2,204.0,5.7,223.0,1.0,,,,,,,,,,2017-06-03T17:21:00,,,,,,,,,,,,,,,,,,
2017-06-03 19:00:00,991.1,25.1,94.0,1.9,167.0,8.3,230.0,6.5,,,,,,,,,,2017-06-03T18:40:00,,,,,,,,,,,,,,,,,,
2017-06-03 20:00:00,991.5,26.6,96.0,3.4,209.0,5.5,206.0,1.0,,,,,,,,,,2017-06-03T19:38:00,,,,,,,,,,,,,,,,,,
2017-06-03 21:00:00,991.8,26.8,94.0,3.0,204.0,6.3,208.0,1.0,,,,,,,,,,2017-06-03T20:35:00,,,,,,,,,,,,,,,,,,
2017-06-03 22:00:00,991.8,25.9,96.0,2.2,224.0,10.0,230.0,19.0,,,,,,,,,,2017-06-03T21:40:00,,,,,,,,,,,,,,,,,,
2017-06-03 23:00:00,991.8,26.7,95.0,4.4,205.0,7.4,199.0,0.5,,,,,,,,,,2017-06-03T22:56:00,,,,,,,,,,,,,,,,,,
2017-06-04 00:00:00,992.7,25.6,92.0,4.0,276.0,9.6,205.0,11.5,,,,,,,,,,2017-06-03T23:10:00,,,,,,,,,,,,,,,,,,
2017-06-04 01:00:00,992.5,25.0,91.0,1.6,60.0,7.1,288.0,0.0,,,,,,,,,,2017-06-04T00:04:00,,,,,,,,,,,,,,,,,,
2017-06-04 02:00:00,991.3,24.6,92.0,0.9,331.0,4.1,54.0,0.0,,,,,,,,,,2017-06-04T01:15:00,,,,,,,,,,,,,,,,,,
2017-06-04 03:00:00,992.4,23.9,96.0,1.5,136.0,3.0,115.0,27.0,,,,,,,,,,2017-06-04T02:49:00,,,,,,,,,,,,,,,,,,
2017-06-04 04:00:00,992.2,24.1,96.0,2.1,40.0,4.2,55.0,14.5,,,,,,,,,,2017-06-04T03:56:00,,,,,,,,,,,,,,,,,,
2017-06-04 05:00:00,992.1,24.1,96.0,0.1,0.0,4.1,68.0,3.0,,,,,,,,,,2017-06-04T04:03:00,,,,,,,,,,,,,,,,,,
2017-06-04 06:00:00,992.9,24.3,96.0,0.5,99.0,1.4,2.0,0.5,,,,,,,,,,2017-06-04T05:02:00,,,,,,,,,,,,,,,,,,
2017-06-04 07:00:00,993.3,24.6,95.0,1.1,11.0,1.9,52.0,0.0,,,,,,,,,,2017-06-04T06:27:00,,,,,,,,,,,,,,,,,,
2017-06-04 08:00:00,993.0,25.8,92.0,1.8,14.0,3.0,13.0,4.0,,,,,,,,,,2017-06-04T07:57:00,,,,,,,,,,,,,,,,,,
2017-06-04 09:00:00,993.5,25.4,93.0,0.7,236.0,5.8,216.0,8.5,,,,,,,,,,2017-06-04T08:48:00,,,,,,,,,,,,,,,,,,
2017-06-04 10:00:00,994.2,25.5,95.0,0.0,0.0,2.5,13.0,3.5,,,,,,,,,,2017-06-04T09:04:00,,,,,,,,,,,,,,,,,,
2017-06-04 11:00:00,993.9,25.4,95.0,0.5,53.0,2.3,7.0,3.0,,,,,,,,,,2017-06-04T10:42:00,,,,,,,,,,,,,,,,,,
2017-06-04 12:00:00,993.5,25.8,90.0,2.5,11.0,3.9,4.0,0.0,,,,,,,,,,2017-06-04T11:55:00,,,,,,,,,,,,,,,,,,
2017-06-04 13:00:00,993.1,27.6,81.0,0.7,13.0,3.3,29.0,0.0,,,,,,,,,,2017-06-04T12:25:00,,,,,,,,,,,,,,,,,,
2017-06-04 14:00:00,992.1,28.6,79.0,1.5,16.0,3.4,10.0,0.5,,,,,,,,,,2017-06-04T13:42:00,,,,,,,,,,,,,,,,,,
2017-06-04 15:00:00,992.1,28.6,83.0,1.0,280.0,3.7,355.0,0.0,,,,,,,,,,2017-06-04T14:06:00,,,,,,,,,,,,,,,,,,
2017-06-04 16:00:00,992.8,26.4,93.0,1.2,206.0,3.5,238.0,4.0,,,,,,,,,,2017-06-04T15:38:00,,,,,,,,,,,,,,,,,,
2017-06-04 17:00:00,993.0,26.0,95.0,0.3,132.0,1.5,170.0,4.0,,,,,,,,,,2017-06-04T16:20:00,,,,,,,,,,,,,,,,,,
2017-06-04 18:00:00,993.2,25.9,93.0,1.2,21.0,1.9,81.0,0.5,,,,,,,,,,2017-06-04T17:33:00,,,,,,,,,,,,,,,,,,
2017-06-04 19:00:00,993.4,25.7,93.0,0.9,74.0,2.5,18.0,0.0,,,,,,,,,,2017-06-04T18:03:00,,,,,,,,,,,,,,,,,,
2017-06-04 20:00:00,993.8,25.0,93.0,0.9,136.0,2.5,43.0,0.0,,,,,,,,,,2017-06-04T19:10:00,,,,,,,,,,,,,,,,,,
2017-06-04 21:00:00,994.6,24.5,93.0,1.3,21.0,2.8,9.0,0.0,,,,,,,,,,2017-06-04T20:52:00,,,,,,,,,,,,,,,,,,
2017-06-04 22:00:00,994.9,24.5,91.0,2.0,11.0,3.0,19.0,0.0,,,,,,,,,,2017-06-04T21:57:00,,,,,,,,,,,,,,,,,,
2017-06-04 23:00:00,995.3,24.1,94.0,0.5,59.0,2.6,17.0,0.0,,,,,,,,,,2017-06-04T22:01:00,,,,,,,,,,,,,,,,,,
2017-06-05 00:00:00,994.9,24.1,92.0,0.9,54.0,2.6,55.0,0.0,,,,,,,,,,2017-06-04T23:44:00,,,,,,,,,,,,,,,,,,
2017-06-05 01:00:00,994.4,23.8,93.0,1.0,64.0,2.4,43.0,0.0,,,,,,,,,,2017-06-05T01:00:00,,,,,,,,,,,,,,,,,,
2017-06-05 02:00:00,993.9,23.8,90.0,0.0,0.0,3.0,70.0,0.0,,,,,,,,,,2017-06-05T01:35:00,,,,,,,,,,,,,,,,,,
2017-06-05 03:00:00,-9999.7,-99.7,-9997.0,-99.7,-999.7,2.0,193.0,0.0,,,,,,,,,,2017-06-05T02:23:00,,,,,,,,,,,,,,,,,,
2017-06-05 04:00:00,994.7,23.6,94.0,0.8,2.0,1.6,2.0,0.0,,,,,,,,,,2017-06-05T03:54:00,,,,,,,,,,,,,,,,,,
2017-06-05 05:00:00,994.6,23.8,91.0,0.9,15.0,2.4,17.0,0.0,,,,,,,,,,2017-06-05T04:50:00,,,,,,,,,,,,,,,,,,
2017-06-05 06:00:00,995.2,24.1,89.0,0.9,37.0,2.1,58.0,0.0,,,,,,,,,,2017-06-05T05:01:00,,,,,,,,,,,,,,,,,,
2017-06-05 07:00:00,995.7,25.5,82.0,1.3,48.0,3.0,68.0,0.0,,,,,,,,,,2017-06-05T06:40:00,,,,,,,,,,,,,,,,,,
2017-06-05 08:00:00,996.6,27.5,76.0,0.8,56.0,2.6,9.0,0.0,,,,,,,,,,2017-06-05T07:08:00,,,,,,,,,,,,,,,,,,
2017-06-05 09:00:00,996.4,29.6,69.0,0.9,1.0,3.1,9.0,0.0,,,,,,,,,,2017-06-05T08:33:00,,,,,,,,,,,,,,,,,,
2017-06-05 10:00:00,995.4,31.9,68.0,1.7,253.0,3.0,206.0,0.0,,,,,,,,,,2017-06-05T09:49:00,,,,,,,,,,,,,,,,,,
2017-06-05 11:00:00,995.5,32.0,68.0,2.1,238.0,4.5,236.0,0.0,,,,,,,,,,2017-06-05T10:42:00,,,,,,,,,,,,,,,,,,
2017-06-05 12:00:00,995.1,34.0,62.0,2.4,214.0,4.4,239.0,0.0,,,,,,,,,,2017-06-05T11:59:00,,,,,,,,,,,,,,,,,,
2017-06-05 13:00:00,994.7,33.0,66.0,2.4,284.0,4.5,231.0,0.0,,,,,,,,,,2017-06-05T12:25:00,,,,,,,,,,,,,,,,,,
2017-06-05 14:00:00,994.2,33.4,64.0,2.4,227.0,5.0,243.0,0.0,,,,,,,,,,2017-06-05T13:16:00,,,,,,,,,,,,,,,,,,
2017-06-05 15:00:00,994.0,33.6,62.0,2.5,263.0,4.6,272.0,0.0,,,,,,,,,,2017-06-05T14:59:00,,,,,,,,,,,,,,,,,,
2017-06-05 16:00:00,993.9,32.6,65.0,2.9,286.0,5.5,280.0,0.0,,,,,,,,,,2017-06-05T15:54:00,,,,,,,,,,,,,,,,,,
2017-06-05 17:00:00,994.0,33.1,62.0,2.4,252.0,5.1,296.0,0.0,,,,,,,,,,2017-06-05T16:09:00,,,,,,,,,,,,,,,,,,
2017-06-05 18:00:00,994.3,30.8,69.0,1.5,230.0,3.9,232.0,0.0,,,,,,,,,,2017-06-05T17:02:00,,,,,,,,,,,,,,,,,,
2017-06-05 19:00:00,994.6,29.4,75.0,1.3,144.0,3.4,134.0,0.0,,,,,,,,,,2017-06-05T18:54:00,,,,,,,,,,,,,,,,,,
2017-06-05 20:00:00,995.5,27.7,84.0,1.0,60.0,2.0,162.0,0.0,,,,,,,,,,2017-06-05T19:01:00,,,,,,,,,,,,,,,,,,
2017-06-05 21:00:00,996.3,26.9,84.0,1.2,64.0,2.0,353.0,0.0,,,,,,,,,,2017-06-05T20:45:00,,,,,,,,,,,,,,,,,,
2017-06-05 22:00:00,996.8,26.2,87.0,1.1,69.0,2.2,51.0,0.0,,,,,,,,,,2017-06-05T21:06:00,,,,,,,,,,,,,,,,,,
2017-06-05 23:00:00,997.3,26.2,89.0,1.3,32.0,2.2,56.0,0.0,,,,,,,,,,2017-06-05T22:59:00,,,,,,,,,,,,,,,,,,
2017-06-06 00:00:00,997.2,25.8,89.0,0.8,24.0,2.3,11.0,0.0,,,,,,,,,,2017-06-05T23:50:00,,,,,,,,,,,,,,,,,,
2017-06-06 01:00:00,997.3,25.2,91.0,1.0,56.0,2.6,61.0,0.0,,,,,,,,,,2017-06-06T00:54:00,,,,,,,,,,,,,,,,,,
2017-06-06 02:00:00,996.7,24.9,90.0,1.2,34.0,2.4,7.0,0.0,,,,,,,,,,2017-06-06T01:59:00,,,,,,,,,,,,,,,,,,
2017-06-06 03:00:00,996.2,24.8,89.0,2.1,15.0,3.2,8.0,0.0,,,,,,,,,,2017-06-06T02:56:00,,,,,,,,,,,,,,,,,,
2017-06-06 04:00:00,996.7,24.7,89.0,1.1,44.0,2.9,56.0,0.0,,,,,,,,,,2017-06-06T03:29:00,,,,,,,,,,,,,,,,,,
2017-06-06 05:00:00,997.5,24.0,90.0,1.3,79.0,3.0,64.0,0.0,,,,,,,,,,2017-06-06T04:12:00,,,,,,,,,,,,,,,,,,
2017-06-06 06:00:00,997.8,24.3,88.0,0.7,35.0,3.5,65.0,0.0,,,,,,,,,,2017-06-06T05:25:00,,,,,,,,,,,,,,,,,,
2017-06-06 07:00:00,997.9,25.5,82.0,1.4,41.0,3.4,63.0,0.0,,,,,,,,,,2017-06-06T06:47:00,,,,,,,,,,,,,,,,,,
2017-06-06 08:00:00,998.0,28.2,69.0,1.5,21.0,3.6,355.0,0.0,,,,,,,,,,2017-06-06T07:36:00,,,,,,,,,,,,,,,,,,
2017-06-06 09:00:00,998.0,30.4,64.0,1.1,346.0,2.8,50.0,0.0,,,,,,,,,,2017-06-06T08:04:00,,,,,,,,,,,,,,,,,,
2017-06-06 10:00:00,997.8,31.8,63.0,1.2,255.0,3.0,290.0,0.0,,,,,,,,,,2017-06-06T09:58:00,,,,,,,,,,,,,,,,,,
2017-06-06 11:00:00,997.7,31.9,66.0,2.0,206.0,4.0,205.0,0.0,,,,,,,,,,2017-06-06T10:18:00,,,,,,,,,,,,,,,,,,
2017-06-06 12:00:00,997.1,32.9,58.0,0.7,47.0,3.0,222.0,0.0,,,,,,,,,,2017-06-06T11:29:00,,,,,,,,,,,,,,,,,,
2017-06-06 13:00:00,996.3,34.9,55.0,2.6,238.0,5.2,246.0,0.0,,,,,,,,,,2017-06-06T12:05:00,,,,,,,,,,,,,,,,,,
2017-06-06 14:00:00,995.7,32.8,64.0,2.0,268.0,4.1,234.0,0.0,,,,,,,,,,2017-06-06T13:02:00,,,,,,,,,,,,,,,,,,
2017-06-06 15:00:00,995.4,34.2,61.0,2.1,233.0,5.8,234.0,0.0,,,,,,,,,,2017-06-06T14:46:00,,,,,,,,,,,,,,,,,,
2017-06-06 16:00:00,995.3,33.8,58.0,2.3,274.0,5.5,253.0,0.0,,,,,,,,,,2017-06-06T15:28:00,,,,,,,,,,,,,,,,,,
2017-06-06 17:00:00,995.6,33.0,60.0,2.4,253.0,5.7,246.0,0.0,,,,,,,,,,2017-06-06T16:15:00,,,,,,,,,,,,,,,,,,
2017-06-06 18:00:00,996.0,32.1,64.0,1.7,249.0,3.8,257.0,0.0,,,,,,,,,,2017-06-06T17:08:00,,,,,,,,,,,,,,,,,,
2017-06-06 19:00:00,996.1,29.6,73.0,0.9,223.0,2.5,262.0,0.0,,,,,,,,,,2017-06-06T18:01:00,,,,,,,,,,,,,,,,,,
2017-06-06 20:00:00,997.0,28.7,80.0,1.2,225.0,1.5,182.0,0.0,,,,,,,,,,2017-06-06T19:32:00,,,,,,,,,,,,,,,,,,
2017-06-06 21:00:00,997.6,27.9,84.0,0.5,306.0,1.9,177.0,0.0,,,,,,,,,,2017-06-06T20:07:00,,,,,,,,,,,,,,,,,,
2017-06-06 22:00:00,998.0,27.2,87.0,0.2,0.0,1.8,71.0,0.0,,,,,,,,,,2017-06-06T21:45:00,,,,,,,,,,,,,,,,,,
2017-06-06 23:00:00,998.1,26.7,89.0,1.2,43.0,2.6,53.0,0.0,,,,,,,,,,2017-06-06T22:56:00,,,,,,,,,,,,,,,,,,
2017-06-07 00:00:00,997.9,26.0,91.0,0.7,102.0,2.0,67.0,0.0,,,,,,,,,,2017-06-06T23:04:00,,,,,,,,,,,,,,,,,,
2017-06-07 01:00:00,997.7,25.8,91.0,0.6,44.0,1.8,53.0,0.0,,,,,,,,,,2017-06-07T00:36:00,,,,,,,,,,,,,,,,,,
2017-06-07 02:00:00,-9999.7,-99.7,-9997.0,-99.7,-999.7,1.6,32.0,0.0,,,,,,,,,,2017-06-07T01:32:00,,,,,,,,,,,,,,,,,,
2017-06-07 03:00:00,997.4,25.5,91.0,1.1,58.0,2.3,58.0,0.0,,,,,,,,,,2017-06-07T02:49:00,,,,,,,,,,,,,,,,,,
2017-06-07 04:00:00,996.9,25.4,91.0,0.6,16.0,2.8,59.0,0.0,,,,,,,,,,2017-06-07T03:31:00,,,,,,,,,,,,,,,,,,
2017-06-07 05:00:00,997.3,24.8,93.0,1.1,59.0,1.8,66.0,0.0,,,,,,,,,,2017-06-07T04:31:00,,,,,,,,,,,,,,,,,,
2017-06-07 06:00:00,997.6,25.6,88.0,0.9,25.0,3.1,72.0,0.0,,,,,,,,,,2017-06-07T05:37:00,,,,,,,,,,,,,,,,,,
2017-06-07 07:00:00,998.2,27.8,79.0,1.3,42.0,3.4,47.0,0.0,,,,,,,,,,2017-06-07T06:34:00,,,,,,,,,,,,,,,,,,
2017-06-07 08:00:00,998.5,29.6,72.0,1.2,7.0,3.1,73.0,0.0,,,,,,,,,,2017-06-07T07:08:00,,,,,,,,,,,,,,,,,,
2017-06-07 09:00:00,998.4,31.3,69.0,0.9,200.0,2.4,265.0,0.0,,,,,,,,,,2017-06-07T08:26:00,,,,,,,,,,,,,,,,,,
2017-06-07 10:00:00,998.1,32.3,63.0,1.3,180.0,3.3,227.0,0.0,,,,,,,,,,2017-06-07T09:32:00,,,,,,,,,,,,,,,,,,
2017-06-07 11:00:00,997.7,33.3,62.0,2.4,229.0,4.1,252.0,0.0,,,,,,,,,,2017-06-07T10:43:00,,,,,,,,,,,,,,,,,,
2017-06-07 12:00:00,997.3,34.4,58.0,2.0,210.0,4.8,219.0,0.0,,,,,,,,,,2017-06-07T11:19:00,,,,,,,,,,,,,,,,,,
2017-06-07 13:00:00,996.5,35.1,56.0,1.8,195.0,4.6,184.0,0.0,,,,,,,,,,2017-06-07T12:50:00,,,,,,,,,,,,,,,,,,
2017-06-07 14:00:00,995.8,34.7,63.0,3.3,250.0,6.6,234.0,0.0,,,,,,,,,,2017-06-07T13:50:00,,,,,,,,,,,,,,,,,,
2017-06-07 15:00:00,995.3,33.4,66.0,3.8,224.0,7.3,224.0,0.0,,,,,,,,,,2017-06-07T14:57:00,,,,,,,,,,,,,,,,,,
2017-06-07 16:00:00,995.2,32.7,67.0,3.0,268.0,6.5,255.0,0.0,,,,,,,,,,2017-06-07T15:08:00,,,,,,,,,,,,,,,,,,
2017-06-07 17:00:00,995.7,26.5,90.0,1.9,38.0,9.2,108.0,1.5,,,,,,,,,,2017-06-07T16:20:00,,,,,,,,,,,,,,,,,,
2017-06-07 18:00:00,996.0,27.6,89.0,0.6,53.0,3.8,68.0,0.0,,,,,,,,,,2017-06-07T17:02:00,,,,,,,,,,,,,,,,,,
2017-06-07 19:00:00,996.4,27.1,90.0,0.7,18.0,2.4,48.0,0.0,,,,,,,,,,2017-06-07T18:07:00,,,,,,,,,,,,,,,,,,
2017-06-07 20:00:00,996.7,26.3,91.0,0.5,62.0,1.8,63.0,0.0,,,,,,,,,,2017-06-07T19:11:00,,,,,,,,,,,,,,,,,,
2017-06-07 21:00:00,997.4,26.3,93.0,0.3,7.0,1.8,75.0,0.0,,,,,,,,,,2017-06-07T20:25:00,,,,,,,,,,,,,,,,,,
2017-06-07 22:00:00,998.1,26.1,93.0,0.1,0.0,1.7,20.0,0.0,,,,,,,,,,2017-06-07T21:13:00,,,,,,,,,,,,,,,,,,
2017-06-07 23:00:00,998.6,26.0,92.0,1.3,63.0,2.1,87.0,0.0,,,,,,,,,,2017-06-07T22:51:00,,,,,,,,,,,,,,,,,,
2017-06-08 00:00:00,998.7,25.8,92.0,0.4,152.0,2.9,70.0,0.0,,,,,,,,,,2017-06-07T23:06:00,,,,,,,,,,,,,,,,,,
2017-06-08 01:00:00,998.0,26.0,92.0,0.7,49.0,3.2,10.0,0.0,,,,,,,,,,2017-06-08T00:43:00,,,,,,,,,,,,,,,,,,
2017-06-08 02:00:00,997.3,25.7,92.0,0.8,42.0,2.5,1.0,0.0,,,,,,,,,,2017-06-08T01:34:00,,,,,,,,,,,,,,,,,,
2017-06-08 03:00:00,997.2,25.6,92.0,1.2,59.0,2.0,60.0,0.0,,,,,,,,,,2017-06-08T02:43:00,,,,,,,,,,,,,,,,,,
2017-06-08 04:00:00,997.3,25.5,92.0,1.1,27.0,2.3,54.0,0.0,,,,,,,,,,2017-06-08T03:57:00,,,,,,,,,,,,,,,,,,
2017-06-08 05:00:00,997.0,25.6,91.0,0.9,33.0,2.3,80.0,0.0,,,,,,,,,,2017-06-08T04:29:00,,,,,,,,,,,,,,,,,,
2017-06-08 06:00:00,997.4,25.9,90.0,1.0,10.0,2.0,50.0,0.0,,,,,,,,,,2017-06-08T05:22:00,,,,,,,,,,,,,,,,,,
2017-06-08 07:00:00,998.0,27.0,84.0,1.3,29.0,3.3,58.0,0.0,,,,,,,,,,2017-06-08T06:46:00,,,,,,,,,,,,,,,,,,
2017-06-08 08:00:00,998.1,29.1,77.0,0.9,79.0,2.9,1.0,0.0,,,,,,,,,,2017-06-08T07:21:00,,,,,,,,,,,,,,,,,,
2017-06-08 09:00:00,998.2,30.0,77.0,0.9,270.0,2.2,260.0,0.0,,,,,,,,,,2017-06-08T08:54:00,,,,,,,,,,,,,,,,,,
2017-06-08 10:00:00,998.5,30.4,76.0,1.3,255.0,3.7,278.0,0.0,,,,,,,,,,2017-06-08T09:16:00,,,,,,,,,,,,,,,,,,
2017-06-08 11:00:00,998.0,31.1,72.0,2.0,264.0,5.1,226.0,0.0,,,,,,,,,,2017-06-08T10:27:00,,,,,,,,,,,,,,,,,,
2017-06-08 12:00:00,997.2,33.0,66.0,1.4,250.0,4.7,250.0,0.0,,,,,,,,,,2017-06-08T11:23:00,,,,,,,,,,,,,,,,,,
2017-06-08 13:00:00,996.7,32.5,66.0,0.9,301.0,3.8,262.0,0.0,,,,,,,,,,2017-06-08T12:47:00,,,,,,,,,,,,,,,,,,
2017-06-08 14:00:00,996.0,33.9,63.0,1.7,286.0,6.6,268.0,0.0,,,,,,,,,,2017-06-08T13:48:00,,,,,,,,,,,,,,,,,,
2017-06-08 15:00:00,995.5,33.2,63.0,2.9,280.0,5.5,265.0,0.0,,,,,,,,,,2017-06-08T14:19:00,,,,,,,,,,,,,,,,,,
2017-06-08 16:00:00,995.5,31.5,71.0,1.7,282.0,4.9,298.0,0.0,,,,,,,,,,2017-06-08T15:13:00,,,,,,,,,,,,,,,,,,
2017-06-08 17:00:00,995.9,27.0,92.0,1.1,336.0,4.0,179.0,7.0,,,,,,,,,,2017-06-08T16:40:00,,,,,,,,,,,,,,,,,,
2017-06-08 18:00:00,997.0,24.1,94.0,2.2,66.0,8.2,353.0,23.5,,,,,,,,,,2017-06-08T17:15:00,,,,,,,,,,,,,,,,,,
2017-06-08 19:00:00,996.9,24.7,94.0,0.3,339.0,2.7,3.0,0.5,,,,,,,,,,2017-06-08T18:06:00,,,,,,,,,,,,,,,,,,
2017-06-08 20:00:00,997.5,24.9,92.0,0.7,34.0,2.3,3.0,0.0,,,,,,,,,,2017-06-08T19:42:00,,,,,,,,,,,,,,,,,,
2017-06-08 21:00:00,997.8,24.6,93.0,1.2,47.0,2.0,1.0,0.0,,,,,,,,,,2017-06-08T20:15:00,,,,,,,,,,,,,,,,,,
2017-06-08 22:00:00,998.5,24.5,93.0,0.7,105.0,2.7,11.0,0.0,,,,,,,,,,2017-06-08T21:10:00,,,,,,,,,,,,,,,,,,
2017-06-08 23:00:00,998.3,24.1,93.0,0.8,80.0,2.3,61.0,0.0,,,,,,,,,,2017-06-08T22:40:00,,,,,,,,,,,,,,,,,,
2017-06-09 00:00:00,998.4,24.0,94.0,0.8,61.0,1.9,12.0,0.0,,,,,,,,,,2017-06-08T23:19:00,,,,,,,,,,,,,,,,,,
2017-06-09 01:00:00,997.7,24.3,92.0,1.2,49.0,2.5,64.0,0.0,,,,,,,,,,2017-06-09T00:56:00,,,,,,,,,,,,,,,,,,
2017-06-09 02:00:00,997.2,24.1,92.0,0.5,36.0,2.2,60.0,0.0,,,,,,,,,,2017-06-09T01:01:00,,,,,,,,,,,,,,,,,,
2017-06-09 03:00:00,996.9,24.0,92.0,1.1,82.0,2.6,50.0,0.0,,,,,,,,,,2017-06-09T02:26:00,,,,,,,,,,,,,,,,,,
2017-06-09 04:00:00,996.9,24.0,92.0,1.0,51.0,2.5,61.0,0.0,,,,,,,,,,2017-06-09T03:15:00,,,,,,,,,,,,,,,,,,
2017-06-09 05:00:00,996.7,23.9,91.0,0.9,46.0,2.3,74.0,0.0,,,,,,,,,,2017-06-09T04:18:00,,,,,,,,,,,,,,,,,,
2017-06-09 06:00:00,997.0,24.0,92.0,0.7,80.0,1.6,19.0,0.0,,,,,,,,,,2017-06-09T05:10:00,,,,,,,,,,,,,,,,,,
2017-06-09 07:00:00,997.2,27.0,78.0,0.8,61.0,2.8,48.0,0.0,,,,,,,,,,2017-06-09T06:53:00,,,,,,,,,,,,,,,,,,
2017-06-09 08:00:00,997.4,29.4,69.0,0.3,347.0,2.2,6.0,0.0,,,,,,,,,,2017-06-09T07:12:00,,,,,,,,,,,,,,,,,,
2017-06-09 09:00:00,997.4,32.1,59.0,0.5,6.0,1.3,332.0,0.0,,,,,,,,,,2017-06-09T08:03:00,,,,,,,,,,,,,,,,,,
2017-06-09 10:00:00,997.0,32.9,57.0,1.0,298.0,2.7,239.0,0.0,,,,,,,,,,2017-06-09T09:46:00,,,,,,,,,,,,,,,,,,
2017-06-09 11:00:00,996.7,33.6,57.0,1.8,212.0,3.6,243.0,0.0,,,,,,,,,,2017-06-09T10:12:00,,,,,,,,,,,,,,,,,,
2017-06-09 12:00:00,996.5,34.2,57.0,1.4,182.0,3.8,216.0,0.0,,,,,,,,,,2017-06-09T11:10:00,,,,,,,,,,,,,,,,,,
2017-06-09 13:00:00,996.1,34.7,55.0,1.4,257.0,4.4,250.0,0.0,,,,,,,,,,2017-06-09T13:00:00,,,,,,,,,,,,,,,,,,
2017-06-09 14:00:00,995.4,33.6,62.0,3.0,286.0,5.6,281.0,0.0,,,,,,,,,,2017-06-09T13:57:00,,,,,,,,,,,,,,,,,,
2017-06-09 15:00:00,995.0,32.4,68.0,2.7,241.0,6.1,266.0,0.0,,,,,,,,,,2017-06-09T14:17:00,,,,,,,,,,,,,,,,,,
2017-06-09 16:00:00,995.1,32.6,65.0,2.1,266.0,4.8,203.0,0.0,,,,,,,,,,2017-06-09T15:02:00,,,,,,,,,,,,,,,,,,
2017-06-09 17:00:00,995.8,26.2,86.0,1.5,185.0,8.1,185.0,0.5,,,,,,,,,,2017-06-09T16:21:00,,,,,,,,,,,,,,,,,,
2017-06-09 18:00:00,996.2,26.1,92.0,1.1,279.0,2.2,206.0,2.0,,,,,,,,,,2017-06-09T17:49:00,,,,,,,,,,,,,,,,,,
2017-06-09 19:00:00,996.2,26.0,91.0,0.0,0.0,1.2,148.0,0.0,,,,,,,,,,2017-06-09T18:24:00,,,,,,,,,,,,,,,,,,
2017-06-09 20:00:00,996.6,26.1,92.0,1.1,57.0,2.1,59.0,0.0,,,,,,,,,,2017-06-09T19:56:00,,,,,,,,,,,,,,,,,,
2017-06-09 21:00:00,997.3,26.1,91.0,0.4,14.0,2.6,16.0,0.0,,,,,,,,,,2017-06-09T20:23:00,,,,,,,,,,,,,,,,,,
2017-06-09 22:00:00,997.8,25.6,92.0,0.2,0.0,1.8,89.0,0.0,,,,,,,,,,2017-06-09T21:26:00,,,,,,,,,,,,,,,,,,
2017-06-09 23:00:00,998.0,25.6,92.0,0.8,43.0,2.5,56.0,0.0,,,,,,,,,,2017-06-09T22:49:00,,,,,,,,,,,,,,,,,,
2017-06-10 00:00:00,997.7,25.7,91.0,1.5,45.0,2.6,59.0,0.0,,,,,,,,,,2017-06-09T23:58:00,,,,,,,,,,,,,,,,,,
2017-06-10 01:00:00,997.1,25.0,92.0,1.6,71.0,3.0,69.0,0.0,,,,,,,,,,2017-06-10T00:05:00,,,,,,,,,,,,,,,,,,
2017-06-10 02:00:00,996.5,24.9,92.0,0.5,349.0,2.6,61.0,0.0,,,,,,,,,,2017-06-10T01:10:00,,,,,,,,,,,,,,,,,,
2017-06-10 03:00:00,995.9,24.3,94.0,0.8,61.0,2.1,18.0,0.0,,,,,,,,,,2017-06-10T02:05:00,,,,,,,,,,,,,,,,,,
2017-06-10 04:00:00,995.6,24.0,94.0,0.4,5.0,1.0,360.0,0.0,,,,,,,,,,2017-06-10T03:17:00,,,,,,,,,,,,,,,,,,
2017-06-10 05:00:00,995.7,23.8,95.0,0.7,351.0,1.4,347.0,0.0,,,,,,,,,,2017-06-10T04:57:00,,,,,,,,,,,,,,,,,,
2017-06-10 06:00:00,996.0,24.0,94.0,1.0,45.0,2.3,67.0,0.0,,,,,,,,,,2017-06-10T05:50:00,,,,,,,,,,,,,,,,,,
2017-06-10 07:00:00,996.3,28.2,75.0,1.2,84.0,2.3,58.0,0.0,,,,,,,,,,2017-06-10T06:16:00,,,,,,,,,,,,,,,,,,
2017-06-10 08:00:00,996.1,29.9,67.0,1.3,42.0,2.5,64.0,0.0,,,,,,,,,,2017-06-10T07:57:00,,,,,,,,,,,,,,,,,,
2017-06-10 09:00:00,996.0,31.8,64.0,0.9,275.0,2.4,15.0,0.0,,,,,,,,,,2017-06-10T08:11:00,,,,,,,,,,,,,,,,,,
2017-06-10 10:00:00,996.2,33.1,59.0,2.2,203.0,3.5,210.0,0.0,,,,,,,,,,2017-06-10T09:23:00,,,,,,,,,,,,,,,,,,
2017-06-10 11:00:00,996.1,33.8,59.0,2.1,222.0,4.6,208.0,0.0,,,,,,,,,,2017-06-10T10:53:00,,,,,,,,,,,,,,,,,,
2017-06-10 12:00:00,995.9,34.2,58.0,2.7,214.0,6.1,210.0,0.0,,,,,,,,,,2017-06-10T11:53:00,,,,,,,,,,,,,,,,,,
2017-06-10 13:00:00,995.3,34.7,57.0,2.9,231.0,4.9,216.0,0.0,,,,,,,,,,2017-06-10T12:02:00,,,,,,,,,,,,,,,,,,
2017-06-10 14:00:00,994.8,32.2,66.0,3.6,139.0,7.3,146.0,0.0,,,,,,,,,,2017-06-10T13:56:00,,,,,,,,,,,,,,,,,,
2017-06-10 15:00:00,994.6,33.0,61.0,3.3,174.0,7.2,174.0,0.0,,,,,,,,,,2017-06-10T14:48:00,,,,,,,,,,,,,,,,,,
2017-06-10 16:00:00,994.6,31.6,63.0,2.5,187.0,7.5,197.0,0.0,,,,,,,,,,2017-06-10T15:16:00,,,,,,,,,,,,,,,,,,
2017-06-10 17:00:00,994.7,31.3,65.0,1.9,177.0,3.9,161.0,0.0,,,,,,,,,,2017-06-10T16:54:00,,,,,,,,,,,,,,,,,,
2017-06-10 18:00:00,995.1,30.7,68.0,1.9,180.0,4.0,165.0,0.0,,,,,,,,,,2017-06-10T17:16:00,,,,,,,,,,,,,,,,,,
2017-06-10 19:00:00,995.3,29.4,72.0,1.0,125.0,2.9,119.0,0.0,,,,,,,,,,2017-06-10T18:06:00,,,,,,,,,,,,,,,,,,
2017-06-10 20:00:00,995.4,27.9,83.0,1.1,347.0,2.1,181.0,0.0,,,,,,,,,,2017-06-10T19:14:00,,,,,,,,,,,,,,,,,,
2017-06-10 21:00:00,995.5,27.4,85.0,0.8,20.0,1.9,62.0,0.0,,,,,,,,,,2017-06-10T20:26:00,,,,,,,,,,,,,,,,,,
2017-06-10 22:00:00,995.7,27.1,86.0,0.7,27.0,2.6,47.0,0.0,,,,,,,,,,2017-06-10T21:32:00,,,,,,,,,,,,,,,,,,
2017-06-10 23:00:00,995.7,26.6,88.0,0.8,45.0,2.3,61.0,0.0,,,,,,,,,,2017-06-10T22:03:00,,,,,,,,,,,,,,,,,,
2017-06-11 00:00:00,995.3,26.1,90.0,0.7,43.0,1.6,40.0,0.0,,,,,,,,,,2017-06-10T23:55:00,,,,,,,,,,,,,,,,,,
2017-06-11 01:00:00,995.0,25.5,91.0,1.2,72.0,1.7,82.0,0.0,,,,,,,,,,2017-06-11T00:05:00,,,,,,,,,,,,,,,,,,
2017-06-11 02:00:00,994.7,25.3,90.0,0.6,28.0,2.1,57.0,0.0,,,,,,,,,,2017-06-11T01:32:00,,,,,,,,,,,,,,,,,,
2017-06-11 03:00:00,994.4,25.0,91.0,1.3,57.0,2.4,53.0,0.0,,,,,,,,,,2017-06-11T02:58:00,,,,,,,,,,,,,,,,,,
2017-06-11 04:00:00,994.1,24.7,89.0,0.3,334.0,2.1,63.0,0.0,,,,,,,,,,2017-06-11T03:01:00,,,,,,,,,,,,,,,,,,
2017-06-11 05:00:00,994.3,24.1,93.0,0.4,324.0,1.5,151.0,0.0,,,,,,,,,,2017-06-11T04:17:00,,,,,,,,,,,,,,,,,,
2017-06-11 06:00:00,994.6,24.6,88.0,1.3,52.0,3.6,53.0,0.0,,,,,,,,,,2017-06-11T05:50:00,,,,,,,,,,,,,,,,,,
2017-06-11 07:00:00,995.0,27.8,71.0,1.2,36.0,3.4,15.0,0.0,,,,,,,,,,2017-06-11T06:38:00,,,,,,,,,,,,,,,,,,
2017-06-11 08:00:00,995.3,30.2,61.0,1.0,26.0,2.9,11.0,0.0,,,,,,,,,,2017-06-11T07:54:00,,,,,,,,,,,,,,,,,,
2017-06-11 09:00:00,995.2,32.6,59.0,0.5,262.0,2.6,54.0,0.0,,,,,,,,,,2017-06-11T08:01:00,,,,,,,,,,,,,,,,,,
2017-06-11 10:00:00,995.3,32.6,61.0,3.2,231.0,5.5,240.0,0.0,,,,,,,,,,2017-06-11T09:57:00,,,,,,,,,,,,,,,,,,
2017-06-11 11:00:00,995.1,33.3,61.0,1.6,211.0,6.8,261.0,0.0,,,,,,,,,,2017-06-11T10:19:00,,,,,,,,,,,,,,,,,,
2017-06-11 12:00:00,994.8,33.5,61.0,2.4,230.0,5.2,223.0,0.0,,,,,,,,,,2017-06-11T11:31:00,,,,,,,,,,,,,,,,,,
2017-06-11 13:00:00,994.4,34.6,61.0,2.2,207.0,6.4,192.0,0.0,,,,,,,,,,2017-06-11T12:52:00,,,,,,,,,,,,,,,,,,
2017-06-11 14:00:00,994.1,34.6,57.0,4.4,216.0,8.7,231.0,0.0,,,,,,,,,,2017-06-11T13:52:00,,,,,,,,,,,,,,,,,,
2017-06-11 15:00:00,993.8,34.3,61.0,3.4,191.0,8.1,207.0,0.0,,,,,,,,,,2017-06-11T14:21:00,,,,,,,,,,,,,,,,,,
2017-06-11 16:00:00,993.2,33.8,60.0,3.8,184.0,7.3,181.0,0.0,,,,,,,,,,2017-06-11T15:38:00,,,,,,,,,,,,,,,,,,
2017-06-11 17:00:00,993.4,33.0,63.0,4.1,192.0,7.5,186.0,0.0,,,,,,,,,,2017-06-11T16:13:00,,,,,,,,,,,,,,,,,,
2017-06-11 18:00:00,994.1,30.9,70.0,3.5,200.0,8.2,217.0,0.0,,,,,,,,,,2017-06-11T17:13:00,,,,,,,,,,,,,,,,,,
2017-06-11 19:00:00,995.2,29.8,77.0,2.1,202.0,6.4,209.0,0.0,,,,,,,,,,2017-06-11T18:11:00,,,,,,,,,,,,,,,,,,
2017-06-11 20:00:00,995.5,29.5,80.0,1.2,188.0,3.5,209.0,0.0,,,,,,,,,,2017-06-11T19:10:00,,,,,,,,,,,,,,,,,,
2017-06-11 21:00:00,-9999.7,-99.7,-9997.0,-99.7,-999.7,2.5,146.0,0.0,,,,,,,,,,2017-06-11T20:42:00,,,,,,,,,,,,,,,,,,
2017-06-11 22:00:00,996.2,28.6,83.0,0.5,75.0,1.9,159.0,0.0,,,,,,,,,,2017-06-11T21:27:00,,,,,,,,,,,,,,,,,,
2017-06-11 23:00:00,995.9,28.1,86.0,0.9,64.0,1.8,350.0,0.0,,,,,,,,,,2017-06-11T22:41:00,,,,,,,,,,,,,,,,,,
2017-06-12 00:00:00,995.9,27.7,88.0,0.9,76.0,1.4,74.0,0.0,,,,,,,,,,2017-06-11T23:56:00,,,,,,,,,,,,,,,,,,
2017-06-12 01:00:00,995.7,28.0,82.0,0.7,55.0,1.9,204.0,0.0,,,,,,,,,,2017-06-12T00:45:00,,,,,,,,,,,,,,,,,,
2017-06-12 02:00:00,995.4,27.8,84.0,0.3,59.0,2.0,24.0,0.0,,,,,,,,,,2017-06-12T01:48:00,,,,,,,,,,,,,,,,,,
2017-06-12 03:00:00,995.3,27.5,84.0,1.0,54.0,2.0,59.0,0.0,,,,,,,,,,2017-06-12T02:15:00,,,,,,,,,,,,,,,,,,
2017-06-12 04:00:00,995.0,26.9,84.0,1.1,62.0,2.2,59.0,0.0,,,,,,,,,,2017-06-12T03:09:00,,,,,,,,,,,,,,,,,,
2017-06-12 05:00:00,995.3,26.4,86.0,1.3,60.0,3.1,61.0,0.0,,,,,,,,,,2017-06-12T04:52:00,,,,,,,,,,,,,,,,,,
2017-06-12 06:00:00,995.9,26.4,85.0,1.2,59.0,2.9,49.0,0.0,,,,,,,,,,2017-06-12T05:48:00,,,,,,,,,,,,,,,,,,
2017-06-12 07:00:00,996.3,27.7,78.0,0.3,20.0,2.7,3.0,0.0,,,,,,,,,,2017-06-12T06:45:00,,,,,,,,,,,,,,,,,,
2017-06-12 08:00:00,996.4,31.2,64.0,1.6,173.0,2.9,186.0,0.0,,,,,,,,,,2017-06-12T07:59:00,,,,,,,,,,,,,,,,,,
2017-06-12 09:00:00,995.8,33.0,57.0,2.8,172.0,5.0,112.0,0.0,,,,,,,,,,2017-06-12T08:07:00,,,,,,,,,,,,,,,,,,
2017-06-12 10:00:00,995.7,33.2,57.0,1.1,168.0,7.6,214.0,0.0,,,,,,,,,,2017-06-12T09:20:00,,,,,,,,,,,,,,,,,,
2017-06-12 11:00:00,995.1,34.4,58.0,3.8,218.0,6.4,211.0,0.0,,,,,,,,,,2017-06-12T10:58:00,,,,,,,,,,,,,,,,,,
2017-06-12 12:00:00,995.3,34.0,59.0,4.9,211.0,8.0,210.0,0.0,,,,,,,,,,2017-06-12T11:23:00,,,,,,,,,,,,,,,,,,
2017-06-12 13:00:00,995.4,34.4,60.0,6.0,201.0,10.0,211.0,0.0,,,,,,,,,,2017-06-12T12:41:00,,,,,,,,,,,,,,,,,,
2017-06-12 14:00:00,994.6,34.7,56.0,3.7,180.0,9.3,206.0,0.0,,,,,,,,,,2017-06-12T13:11:00,,,,,,,,,,,,,,,,,,
2017-06-12 15:00:00,994.2,34.7,52.0,5.0,196.0,9.4,203.0,0.0,,,,,,,,,,2017-06-12T14:32:00,,,,,,,,,,,,,,,,,,
2017-06-12 16:00:00,993.9,33.4,54.0,5.2,202.0,11.0,217.0,0.0,,,,,,,,,,2017-06-12T15:43:00,,,,,,,,,,,,,,,,,,
2017-06-12 17:00:00,994.4,32.5,60.0,3.5,195.0,9.2,210.0,0.0,,,,,,,,,,2017-06-12T16:07:00,,,,,,,,,,,,,,,,,,
2017-06-12 18:00:00,994.8,31.8,59.0,2.4,174.0,7.3,216.0,0.0,,,,,,,,,,2017-06-12T17:43:00,,,,,,,,,,,,,,,,,,
2017-06-12 19:00:00,995.7,30.2,65.0,2.9,178.0,8.1,198.0,0.0,,,,,,,,,,2017-06-12T18:23:00,,,,,,,,,,,,,,,,,,
2017-06-12 20:00:00,996.3,29.6,68.0,1.9,158.0,6.2,208.0,0.0,,,,,,,,,,2017-06-12T19:32:00,,,,,,,,,,,,,,,,,,
2017-06-12 21:00:00,997.0,29.1,70.0,1.8,180.0,5.6,209.0,0.0,,,,,,,,,,2017-06-12T20:06:00,,,,,,,,,,,,,,,,,,
2017-06-12 22:00:00,997.3,29.0,69.0,2.7,200.0,5.1,132.0,0.0,,,,,,,,,,2017-06-12T21:06:00,,,,,,,,,,,,,,,,,,
2017-06-12 23:00:00,999.1,25.4,94.0,1.4,262.0,7.1,210.0,3.5,,,,,,,,,,2017-06-12T22:36:00,,,,,,,,,,,,,,,,,,
2017-06-13 00:00:00,998.4,25.5,93.0,1.0,44.0,4.3,168.0,3.0,,,,,,,,,,2017-06-12T23:08:00,,,,,,,,,,,,,,,,,,
2017-06-13 01:00:00,997.6,25.4,92.0,1.0,84.0,1.8,9.0,0.0,,,,,,,,,,2017-06-13T00:08:00,,,,,,,,,,,,,,,,,,
2017-06-13 02:00:00,997.2,25.3,91.0,1.4,65.0,2.5,68.0,0.0,,,,,,,,,,2017-06-13T01:57:00,,,,,,,,,,,,,,,,,,
2017-06-13 03:00:00,996.5,25.3,91.0,1.1,332.0,2.7,55.0,0.0,,,,,,,,,,2017-06-13T02:17:00,,,,,,,,,,,,,,,,,,
2017-06-13 04:00:00,996.7,25.4,91.0,0.8,37.0,2.1,7.0,0.0,,,,,,,,,,2017-06-13T03:51:00,,,,,,,,,,,,,,,,,,
2017-06-13 05:00:00,996.9,25.2,91.0,2.2,10.0,3.4,17.0,0.0,,,,,,,,,,2017-06-13T04:56:00,,,,,,,,,,,,,,,,,,
2017-06-13 06:00:00,996.8,25.6,89.0,2.1,11.0,3.4,4.0,0.0,,,,,,,,,,2017-06-13T05:56:00,,,,,,,,,,,,,,,,,,
2017-06-13 07:00:00,996.7,27.9,77.0,0.6,11.0,3.5,7.0,0.0,,,,,,,,,,2017-06-13T06:20:00,,,,,,,,,,,,,,,,,,
2017-06-13 08:00:00,996.7,31.3,59.0,2.3,133.0,4.4,149.0,0.0,,,,,,,,,,2017-06-13T07:56:00,,,,,,,,,,,,,,,,,,
2017-06-13 09:00:00,997.1,32.1,56.0,3.0,132.0,7.3,163.0,0.0,,,,,,,,,,2017-06-13T08:30:00,,,,,,,,,,,,,,,,,,
2017-06-13 10:00:00,997.0,34.0,52.0,0.8,191.0,5.5,130.0,0.0,,,,,,,,,,2017-06-13T09:06:00,,,,,,,,,,,,,,,,,,
2017-06-13 11:00:00,997.1,33.6,55.0,4.0,180.0,7.1,203.0,0.0,,,,,,,,,,2017-06-13T10:12:00,,,,,,,,,,,,,,,,,,
2017-06-13 12:00:00,996.8,34.2,54.0,4.2,199.0,8.3,194.0,0.0,,,,,,,,,,2017-06-13T11:29:00,,,,,,,,,,,,,,,,,,
2017-06-13 13:00:00,996.5,34.4,54.0,4.2,196.0,8.6,166.0,0.0,,,,,,,,,,2017-06-13T12:18:00,,,,,,,,,,,,,,,,,,
2017-06-13 14:00:00,996.1,33.9,56.0,3.8,211.0,8.6,201.0,0.0,,,,,,,,,,2017-06-13T13:42:00,,,,,,,,,,,,,,,,,,
2017-06-13 15:00:00,996.1,33.1,58.0,4.7,201.0,7.9,211.0,0.0,,,,,,,,,,2017-06-13T14:47:00,,,,,,,,,,,,,,,,,,
2017-06-13 16:00:00,996.4,31.0,63.0,3.2,200.0,8.5,195.0,0.0,,,,,,,,,,2017-06-13T15:07:00,,,,,,,,,,,,,,,,,,
2017-06-13 17:00:00,996.1,30.8,63.0,3.8,182.0,7.2,201.0,0.0,,,,,,,,,,2017-06-13T17:00:00,,,,,,,,,,,,,,,,,,
2017-06-13 18:00:00,996.6,27.0,89.0,1.1,139.0,5.7,192.0,0.5,,,,,,,,,,2017-06-13T17:01:00,,,,,,,,,,,,,,,,,,
2017-06-13 19:00:00,997.4,27.0,87.0,0.8,121.0,2.7,197.0,0.0,,,,,,,,,,2017-06-13T18:39:00,,,,,,,,,,,,,,,,,,
2017-06-13 20:00:00,997.6,26.3,89.0,1.5,37.0,3.5,343.0,0.5,,,,,,,,,,2017-06-13T19:21:00,,,,,,,,,,,,,,,,,,
2017-06-13 21:00:00,997.8,26.0,91.0,0.9,295.0,2.2,44.0,0.0,,,,,,,,,,2017-06-13T20:13:00,,,,,,,,,,,,,,,,,,
2017-06-13 22:00:00,997.9,25.7,90.0,1.2,71.0,3.0,71.0,0.5,,,,,,,,,,2017-06-13T21:07:00,,,,,,,,,,,,,,,,,,
2017-06-13 23:00:00,997.6,25.7,90.0,1.2,26.0,3.2,5.0,0.0,,,,,,,,,,2017-06-13T22:20:00,,,,,,,,,,,,,,,,,,
2017-06-14 00:00:00,997.5,25.3,89.0,1.4,11.0,2.2,351.0,0.0,,,,,,,,,,2017-06-13T23:05:00,,,,,,,,,,,,,,,,,,
2017-06-14 01:00:00,997.1,25.5,87.0,1.5,55.0,3.1,49.0,0.0,,,,,,,,,,2017-06-14T00:28:00,,,,,,,,,,,,,,,,,,
2017-06-14 02:00:00,996.4,25.2,89.0,1.0,11.0,2.8,13.0,0.0,,,,,,,,,,2017-06-14T01:51:00,,,,,,,,,,,,,,,,,,
2017-06-14 03:00:00,996.4,24.7,93.0,1.5,51.0,3.9,198.0,1.0,,,,,,,,,,2017-06-14T02:36:00,,,,,,,,,,,,,,,,,,
2017-06-14 04:00:00,996.4,24.8,91.0,0.9,162.0,3.0,13.0,0.0,,,,,,,,,,2017-06-14T03:49:00,,,,,,,,,,,,,,,,,,
2017-06-14 05:00:00,996.3,24.7,91.0,1.0,248.0,2.5,73.0,0.0,,,,,,,,,,2017-06-14T04:40:00,,,,,,,,,,,,,,,,,,
2017-06-14 06:00:00,996.2,25.1,90.0,1.3,340.0,3.7,34.0,0.0,,,,,,,,,,2017-06-14T05:29:00,,,,,,,,,,,,,,,,,,
2017-06-14 07:00:00,996.7,25.7,89.0,1.0,332.0,2.5,19.0,0.0,,,,,,,,,,2017-06-14T06:23:00,,,,,,,,,,,,,,,,,,
2017-06-14 08:00:00,997.4,25.9,90.0,1.7,60.0,2.3,16.0,1.0,,,,,,,,,,2017-06-14T07:44:00,,,,,,,,,,,,,,,,,,
2017-06-14 09:00:00,997.7,25.0,92.0,1.8,39.0,4.9,66.0,5.0,,,,,,,,,,2017-06-14T08:24:00,,,,,,,,,,,,,,,,,,
2017-06-14 10:00:00,997.9,25.6,93.0,1.8,71.0,3.5,60.0,4.0,,,,,,,,,,2017-06-14T09:09:00,,,,,,,,,,,,,,,,,,
2017-06-14 11:00:00,998.0,25.7,93.0,0.8,33.0,2.9,55.0,4.0,,,,,,,,,,2017-06-14T10:01:00,,,,,,,,,,,,,,,,,,
2017-06-14 12:00:00,997.3,25.4,92.0,3.0,219.0,6.0,199.0,8.0,,,,,,,,,,2017-06-14T11:44:00,,,,,,,,,,,,,,,,,,
2017-06-14 13:00:00,997.1,26.0,93.0,0.8,130.0,3.6,243.0,5.0,,,,,,,,,,2017-06-14T12:03:00,,,,,,,,,,,,,,,,,,
2017-06-14 14:00:00,997.0,27.3,87.0,1.3,90.0,3.2,225.0,0.0,,,,,,,,,,2017-06-14T13:23:00,,,,,,,,,,,,,,,,,,
2017-06-14 15:00:00,996.9,27.5,84.0,1.7,64.0,3.7,59.0,0.0,,,,,,,,,,2017-06-14T14:51:00,,,,,,,,,,,,,,,,,,
2017-06-14 16:00:00,995.9,27.0,85.0,3.2,163.0,4.0,47.0,3.0,,,,,,,,,,2017-06-14T15:24:00,,,,,,,,,,,,,,,,,,
2017-06-14 17:00:00,996.6,24.4,96.0,1.4,67.0,5.3,121.0,23.0,,,,,,,,,,2017-06-14T16:01:00,,,,,,,,,,,,,,,,,,
2017-06-14 18:00:00,996.5,24.3,95.0,1.8,67.0,4.4,65.0,7.0,,,,,,,,,,2017-06-14T17:49:00,,,,,,,,,,,,,,,,,,
2017-06-14 19:00:00,997.5,24.0,94.0,1.4,56.0,4.2,153.0,20.0,,,,,,,,,,2017-06-14T18:11:00,,,,,,,,,,,,,,,,,,
2017-06-14 20:00:00,998.0,24.0,93.0,0.8,9.0,3.4,68.0,1.0,,,,,,,,,,2017-06-14T19:03:00,,,,,,,,,,,,,,,,,,
2017-06-14 21:00:00,998.0,24.3,93.0,0.6,60.0,2.0,28.0,0.0,,,,,,,,,,2017-06-14T20:08:00,,,,,,,,,,,,,,,,,,
2017-06-14 22:00:00,998.0,24.0,94.0,1.2,71.0,2.5,48.0,0.0,,,,,,,,,,2017-06-14T21:56:00,,,,,,,,,,,,,,,,,,
2017-06-14 23:00:00,997.6,23.9,93.0,1.5,67.0,2.5,12.0,0.0,,,,,,,,,,2017-06-14T22:11:00,,,,,,,,,,,,,,,,,,
2017-06-15 00:00:00,997.0,23.8,93.0,1.0,30.0,3.1,63.0,0.0,,,,,,,,,,2017-06-14T23:34:00,,,,,,,,,,,,,,,,,,
2017-06-15 01:00:00,996.5,23.7,93.0,1.5,56.0,2.4,66.0,0.0,,,,,,,,,,2017-06-15T00:59:00,,,,,,,,,,,,,,,,,,
2017-06-15 02:00:00,996.0,23.9,91.0,0.9,78.0,2.3,44.0,0.0,,,,,,,,,,2017-06-15T01:01:00,,,,,,,,,,,,,,,,,,
2017-06-15 03:00:00,995.7,23.7,91.0,0.8,77.0,2.5,66.0,0.0,,,,,,,,,,2017-06-15T02:24:00,,,,,,,,,,,,,,,,,,
2017-06-15 04:00:00,995.6,23.6,92.0,0.0,0.0,1.5,77.0,0.0,,,,,,,,,,2017-06-15T03:12:00,,,,,,,,,,,,,,,,,,
2017-06-15 05:00:00,995.6,23.6,92.0,0.4,48.0,1.8,69.0,0.0,,,,,,,,,,2017-06-15T04:41:00,,,,,,,,,,,,,,,,,,
2017-06-15 06:00:00,995.8,23.7,94.0,1.1,170.0,3.1,203.0,0.0,,,,,,,,,,2017-06-15T05:40:00,,,,,,,,,,,,,,,,,,
2017-06-15 07:00:00,995.7,24.4,89.0,1.0,59.0,2.4,67.0,0.0,,,,,,,,,,2017-06-15T06:30:00,,,,,,,,,,,,,,,,,,
2017-06-15 08:00:00,996.5,25.0,87.0,0.2,0.0,1.7,6.0,0.0,,,,,,,,,,2017-06-15T07:10:00,,,,,,,,,,,,,,,,,,
2017-06-15 09:00:00,997.1,25.2,88.0,1.3,181.0,2.4,55.0,0.5,,,,,,,,,,2017-06-15T08:41:00,,,,,,,,,,,,,,,,,,
2017-06-15 10:00:00,996.8,24.3,90.0,0.4,353.0,3.4,145.0,3.5,,,,,,,,,,2017-06-15T09:27:00,,,,,,,,,,,,,,,,,,
2017-06-15 11:00:00,997.1,23.5,93.0,2.3,11.0,4.1,33.0,8.5,,,,,,,,,,2017-06-15T10:09:00,,,,,,,,,,,,,,,,,,
2017-06-15 12:00:00,996.8,23.2,94.0,2.4,14.0,4.6,54.0,11.0,,,,,,,,,,2017-06-15T11:20:00,,,,,,,,,,,,,,,,,,
2017-06-15 13:00:00,996.4,23.4,94.0,1.8,58.0,5.5,360.0,8.0,,,,,,,,,,2017-06-15T12:14:00,,,,,,,,,,,,,,,,,,
2017-06-15 14:00:00,996.1,23.7,95.0,1.5,11.0,3.9,57.0,9.0,,,,,,,,,,2017-06-15T13:03:00,,,,,,,,,,,,,,,,,,
2017-06-15 15:00:00,996.1,24.4,94.0,0.2,0.0,2.6,3.0,3.5,,,,,,,,,,2017-06-15T14:23:00,,,,,,,,,,,,,,,,,,
2017-06-15 16:00:00,995.5,25.0,92.0,1.0,7.0,3.1,79.0,0.5,,,,,,,,,,2017-06-15T15:04:00,,,,,,,,,,,,,,,,,,
2017-06-15 17:00:00,995.3,24.7,93.0,1.8,15.0,2.8,4.0,3.5,,,,,,,,,,2017-06-15T16:59:00,,,,,,,,,,,,,,,,,,
2017-06-15 18:00:00,995.5,24.7,93.0,0.3,19.0,3.0,59.0,0.5,,,,,,,,,,2017-06-15T17:15:00,,,,,,,,,,,,,,,,,,
2017-06-15 19:00:00,995.7,24.5,93.0,0.8,17.0,2.5,60.0,0.0,,,,,,,,,,2017-06-15T18:32:00,,,,,,,,,,,,,,,,,,
2017-06-15 20:00:00,995.9,24.3,93.0,1.4,43.0,3.1,64.0,1.5,,,,,,,,,,2017-06-15T19:47:00,,,,,,,,,,,,,,,,,,
2017-06-15 21:00:00,996.4,24.2,94.0,1.1,54.0,3.3,15.0,0.5,,,,,,,,,,2017-06-15T20:06:00,,,,,,,,,,,,,,,,,,
2017-06-15 22:00:00,996.9,24.2,93.0,0.9,58.0,2.7,39.0,0.0,,,,,,,,,,2017-06-15T21:04:00,,,,,,,,,,,,,,,,,,
2017-06-15 23:00:00,997.0,24.1,93.0,0.4,41.0,2.2,54.0,0.0,,,,,,,,,,2017-06-15T22:10:00,,,,,,,,,,,,,,,,,,
2017-06-16 00:00:00,996.1,23.9,93.0,1.2,14.0,2.4,56.0,0.5,,,,,,,,,,2017-06-15T23:26:00,,,,,,,,,,,,,,,,,,
2017-06-16 01:00:00,995.4,23.6,94.0,1.3,16.0,1.8,5.0,0.0,,,,,,,,,,2017-06-16T00:56:00,,,,,,,,,,,,,,,,,,
2017-06-16 02:00:00,995.1,23.6,94.0,0.1,0.0,1.7,62.0,0.0,,,,,,,,,,2017-06-16T01:49:00,,,,,,,,,,,,,,,,,,
2017-06-16 03:00:00,994.6,23.8,89.0,2.0,15.0,4.7,56.0,0.0,,,,,,,,,,2017-06-16T02:39:00,,,,,,,,,,,,,,,,,,
2017-06-16 04:00:00,994.6,23.5,88.0,1.5,17.0,3.5,9.0,0.0,,,,,,,,,,2017-06-16T03:41:00,,,,,,,,,,,,,,,,,,
2017-06-16 05:00:00,994.4,23.2,87.0,0.7,31.0,3.7,1.0,0.0,,,,,,,,,,2017-06-16T04:17:00,,,,,,,,,,,,,,,,,,
2017-06-16 06:00:00,994.7,23.0,90.0,0.8,124.0,3.8,2.0,0.0,,,,,,,,,,2017-06-16T05:42:00,,,,,,,,,,,,,,,,,,
2017-06-16 07:00:00,995.6,22.8,94.0,1.7,74.0,2.3,57.0,5.0,,,,,,,,,,2017-06-16T06:58:00,,,,,,,,,,,,,,,,,,
2017-06-16 08:00:00,995.8,23.9,89.0,1.8,15.0,4.1,13.0,0.0,,,,,,,,,,2017-06-16T07:30:00,,,,,,,,,,,,,,,,,,
2017-06-16 09:00:00,995.8,27.5,77.0,1.9,19.0,4.7,14.0,0.0,,,,,,,,,,2017-06-16T08:33:00,,,,,,,,,,,,,,,,,,
2017-06-16 10:00:00,995.4,29.2,71.0,1.2,59.0,5.0,1.0,0.0,,,,,,,,,,2017-06-16T09:31:00,,,,,,,,,,,,,,,,,,
2017-06-16 11:00:00,995.3,27.6,76.0,1.6,28.0,8.0,198.0,12.5,,,,,,,,,,2017-06-16T10:12:00,,,,,,,,,,,,,,,,,,
2017-06-16 12:00:00,994.6,29.3,74.0,1.1,359.0,2.7,17.0,0.0,,,,,,,,,,2017-06-16T11:11:00,,,,,,,,,,,,,,,,,,
2017-06-16 13:00:00,994.4,26.7,90.0,1.5,30.0,3.7,20.0,10.0,,,,,,,,,,2017-06-16T12:33:00,,,,,,,,,,,,,,,,,,
2017-06-16 14:00:00,993.9,28.2,83.0,1.6,36.0,2.9,23.0,0.5,,,,,,,,,,2017-06-16T13:59:00,,,,,,,,,,,,,,,,,,
2017-06-16 15:00:00,994.1,26.0,90.0,1.8,107.0,3.8,12.0,2.0,,,,,,,,,,2017-06-16T14:21:00,,,,,,,,,,,,,,,,,,
2017-06-16 16:00:00,993.3,26.3,89.0,1.8,19.0,4.0,41.0,0.5,,,,,,,,,,2017-06-16T15:08:00,,,,,,,,,,,,,,,,,,
2017-06-16 17:00:00,993.4,24.9,93.0,1.9,44.0,4.3,42.0,10.5,,,,,,,,,,2017-06-16T16:57:00,,,,,,,,,,,,,,,,,,
2017-06-16 18:00:00,993.4,25.1,93.0,0.4,291.0,4.5,4.0,2.5,,,,,,,,,,2017-06-16T17:09:00,,,,,,,,,,,,,,,,,,
2017-06-16 19:00:00,993.7,24.5,94.0,1.3,18.0,4.7,1.0,4.5,,,,,,,,,,2017-06-16T18:53:00,,,,,,,,,,,,,,,,,,
2017-06-16 20:00:00,993.9,24.6,92.0,2.2,15.0,3.9,5.0,1.0,,,,,,,,,,2017-06-16T19:54:00,,,,,,,,,,,,,,,,,,
2017-06-16 21:00:00,993.9,24.4,93.0,0.6,271.0,3.4,77.0,1.0,,,,,,,,,,2017-06-16T20:01:00,,,,,,,,,,,,,,,,,,
2017-06-16 22:00:00,993.8,24.4,93.0,0.7,34.0,2.7,346.0,1.0,,,,,,,,,,2017-06-16T21:49:00,,,,,,,,,,,,,,,,,,
2017-06-16 23:00:00,993.6,24.1,93.0,0.6,10.0,2.6,15.0,1.0,,,,,,,,,,2017-06-16T22:07:00,,,,,,,,,,,,,,,,,,
2017-06-17 00:00:00,992.9,23.9,94.0,0.8,53.0,2.7,77.0,5.5,,,,,,,,,,2017-06-16T23:26:00,,,,,,,,,,,,,,,,,,
2017-06-17 01:00:00,992.5,23.7,94.0,0.7,54.0,3.0,12.0,3.5,,,,,,,,,,2017-06-17T00:09:00,,,,,,,,,,,,,,,,,,
2017-06-17 02:00:00,992.2,23.8,94.0,0.9,57.0,3.3,4.0,0.5,,,,,,,,,,2017-06-17T01:24:00,,,,,,,,,,,,,,,,,,
2017-06-17 03:00:00,991.9,23.7,95.0,1.1,33.0,2.7,3.0,2.0,,,,,,,,,,2017-06-17T02:46:00,,,,,,,,,,,,,,,,,,
2017-06-17 04:00:00,991.7,23.9,95.0,1.0,28.0,3.4,58.0,2.5,,,,,,,,,,2017-06-17T03:30:00,,,,,,,,,,,,,,,,,,
2017-06-17 05:00:00,991.1,24.1,95.0,1.3,9.0,3.2,49.0,1.0,,,,,,,,,,2017-06-17T04:29:00,,,,,,,,,,,,,,,,,,
2017-06-17 06:00:00,992.0,24.3,96.0,1.2,113.0,4.9,283.0,14.0,,,,,,,,,,2017-06-17T05:12:00,,,,,,,,,,,,,,,,,,
2017-06-17 07:00:00,992.2,24.0,96.0,1.7,101.0,5.4,13.0,27.5,,,,,,,,,,2017-06-17T06:25:00,,,,,,,,,,,,,,,,,,
2017-06-17 08:00:00,992.2,24.3,96.0,1.5,15.0,2.9,2.0,5.5,,,,,,,,,,2017-06-17T07:51:00,,,,,,,,,,,,,,,,,,
2017-06-17 09:00:00,992.9,24.7,96.0,0.9,96.0,4.2,6.0,21.5,,,,,,,,,,2017-06-17T08:48:00,,,,,,,,,,,,,,,,,,
2017-06-17 10:00:00,993.2,25.0,96.0,0.3,195.0,2.5,123.0,3.5,,,,,,,,,,2017-06-17T09:07:00,,,,,,,,,,,,,,,,,,
2017-06-17 11:00:00,993.2,25.8,92.0,0.5,39.0,2.8,51.0,1.0,,,,,,,,,,2017-06-17T10:24:00,,,,,,,,,,,,,,,,,,
2017-06-17 12:00:00,992.7,25.1,93.0,0.5,117.0,3.7,67.0,3.0,,,,,,,,,,2017-06-17T11:17:00,,,,,,,,,,,,,,,,,,
2017-06-17 13:00:00,992.6,25.1,95.0,1.8,92.0,3.4,21.0,11.5,,,,,,,,,,2017-06-17T12:10:00,,,,,,,,,,,,,,,,,,
2017-06-17 14:00:00,992.3,25.9,91.0,0.3,12.0,3.0,6.0,3.5,,,,,,,,,,2017-06-17T13:36:00,,,,,,,,,,,,,,,,,,
2017-06-17 15:00:00,992.6,25.3,95.0,0.6,183.0,2.4,346.0,7.5,,,,,,,,,,2017-06-17T14:41:00,,,,,,,,,,,,,,,,,,
2017-06-17 16:00:00,992.4,25.3,93.0,0.4,335.0,2.2,58.0,1.5,,,,,,,,,,2017-06-17T15:19:00,,,,,,,,,,,,,,,,,,
2017-06-17 17:00:00,992.5,25.5,94.0,0.6,249.0,2.8,90.0,0.5,,,,,,,,,,2017-06-17T16:41:00,,,,,,,,,,,,,,,,,,
2017-06-17 18:00:00,993.0,25.3,95.0,0.3,46.0,2.6,360.0,6.0,,,,,,,,,,2017-06-17T17:09:00,,,,,,,,,,,,,,,,,,
2017-06-17 19:00:00,993.4,24.9,94.0,0.8,27.0,2.6,4.0,0.0,,,,,,,,,,2017-06-17T18:32:00,,,,,,,,,,,,,,,,,,
2017-06-17 20:00:00,993.5,24.5,93.0,0.1,0.0,2.2,60.0,0.0,,,,,,,,,,2017-06-17T19:35:00,,,,,,,,,,,,,,,,,,
2017-06-17 21:00:00,993.9,24.5,94.0,0.4,351.0,2.3,61.0,2.5,,,,,,,,,,2017-06-17T20:23:00,,,,,,,,,,,,,,,,,,
2017-06-17 22:00:00,994.6,24.4,94.0,1.3,28.0,3.8,59.0,0.5,,,,,,,,,,2017-06-17T21:27:00,,,,,,,,,,,,,,,,,,
2017-06-17 23:00:00,994.7,24.3,94.0,1.3,75.0,3.3,12.0,1.0,,,,,,,,,,2017-06-17T22:19:00,,,,,,,,,,,,,,,,,,
2017-06-18 00:00:00,994.1,24.0,94.0,0.7,5.0,3.2,56.0,0.5,,,,,,,,,,2017-06-17T23:13:00,,,,,,,,,,,,,,,,,,
2017-06-18 01:00:00,993.2,24.0,94.0,0.8,28.0,2.9,76.0,0.0,,,,,,,,,,2017-06-18T00:35:00,,,,,,,,,,,,,,,,,,
2017-06-18 02:00:00,993.1,23.7,95.0,0.9,88.0,2.0,5.0,3.5,,,,,,,,,,2017-06-18T01:01:00,,,,,,,,,,,,,,,,,,
2017-06-18 03:00:00,993.2,23.6,95.0,0.6,5.0,1.7,58.0,0.0,,,,,,,,,,2017-06-18T02:37:00,,,,,,,,,,,,,,,,,,
2017-06-18 04:00:00,993.2,23.5,95.0,1.0,20.0,2.0,67.0,0.0,,,,,,,,,,2017-06-18T03:55:00,,,,,,,,,,,,,,,,,,
2017-06-18 05:00:00,993.5,23.6,94.0,0.5,29.0,2.2,10.0,0.0,,,,,,,,,,2017-06-18T04:49:00,,,,,,,,,,,,,,,,,,
2017-06-18 06:00:00,994.3,23.6,95.0,0.9,20.0,1.9,52.0,5.0,,,,,,,,,,2017-06-18T05:26:00,,,,,,,,,,,,,,,,,,
2017-06-18 07:00:00,994.1,23.8,94.0,1.5,17.0,3.2,55.0,0.0,,,,,,,,,,2017-06-18T06:30:00,,,,,,,,,,,,,,,,,,
2017-06-18 08:00:00,993.9,24.7,90.0,0.8,33.0,2.3,3.0,0.5,,,,,,,,,,2017-06-18T07:03:00,,,,,,,,,,,,,,,,,,
2017-06-18 09:00:00,994.3,25.8,88.0,0.7,113.0,2.8,5.0,0.0,,,,,,,,,,2017-06-18T08:41:00,,,,,,,,,,,,,,,,,,
2017-06-18 10:00:00,994.1,27.9,78.0,1.3,186.0,3.9,105.0,0.0,,,,,,,,,,2017-06-18T09:45:00,,,,,,,,,,,,,,,,,,
2017-06-18 11:00:00,994.2,29.3,75.0,2.5,174.0,6.0,154.0,0.0,,,,,,,,,,2017-06-18T10:30:00,,,,,,,,,,,,,,,,,,
2017-06-18 12:00:00,993.8,30.0,75.0,3.3,165.0,6.8,155.0,0.0,,,,,,,,,,2017-06-18T11:44:00,,,,,,,,,,,,,,,,,,
2017-06-18 13:00:00,993.4,29.5,77.0,2.6,155.0,9.3,119.0,0.5,,,,,,,,,,2017-06-18T12:10:00,,,,,,,,,,,,,,,,,,
2017-06-18 14:00:00,993.1,31.0,72.0,4.4,198.0,8.4,192.0,0.0,,,,,,,,,,2017-06-18T13:57:00,,,,,,,,,,,,,,,,,,
2017-06-18 15:00:00,993.3,30.2,71.0,3.7,197.0,8.1,213.0,0.0,,,,,,,,,,2017-06-18T14:36:00,,,,,,,,,,,,,,,,,,
2017-06-18 16:00:00,993.8,29.1,75.0,2.2,197.0,6.0,207.0,0.0,,,,,,,,,,2017-06-18T15:07:00,,,,,,,,,,,,,,,,,,
2017-06-18 17:00:00,994.0,29.2,74.0,1.0,164.0,3.4,204.0,0.0,,,,,,,,,,2017-06-18T16:02:00,,,,,,,,,,,,,,,,,,
2017-06-18 18:00:00,993.9,28.2,80.0,0.8,90.0,1.5,141.0,0.0,,,,,,,,,,2017-06-18T17:17:00,,,,,,,,,,,,,,,,,,
2017-06-18 19:00:00,994.1,26.9,87.0,0.3,346.0,1.5,103.0,0.0,,,,,,,,,,2017-06-18T18:24:00,,,,,,,,,,,,,,,,,,
2017-06-18 20:00:00,994.6,25.9,89.0,0.9,76.0,1.7,22.0,0.0,,,,,,,,,,2017-06-18T19:04:00,,,,,,,,,,,,,,,,,,
2017-06-18 21:00:00,995.1,25.7,86.0,0.8,7.0,2.9,72.0,0.0,,,,,,,,,,2017-06-18T20:26:00,,,,,,,,,,,,,,,,,,
2017-06-18 22:00:00,995.7,25.3,85.0,1.1,24.0,2.7,66.0,0.0,,,,,,,,,,2017-06-18T21:10:00,,,,,,,,,,,,,,,,,,
2017-06-18 23:00:00,995.8,25.2,83.0,1.2,29.0,2.6,52.0,0.0,,,,,,,,,,2017-06-18T22:55:00,,,,,,,,,,,,,,,,,,
2017-06-19 00:00:00,995.2,25.0,80.0,1.6,45.0,3.2,42.0,0.0,,,,,,,,,,2017-06-18T23:52:00,,,,,,,,,,,,,,,,,,
2017-06-19 01:00:00,994.8,24.4,84.0,1.2,29.0,2.3,79.0,0.0,,,,,,,,,,2017-06-19T00:52:00,,,,,,,,,,,,,,,,,,
2017-06-19 02:00:00,994.4,24.5,79.0,1.4,24.0,3.4,2.0,0.0,,,,,,,,,,2017-06-19T01:16:00,,,,,,,,,,,,,,,,,,
2017-06-19 03:00:00,994.2,24.2,81.0,1.7,9.0,3.1,57.0,0.0,,,,,,,,,,2017-06-19T02:03:00,,,,,,,,,,,,,,,,,,
2017-06-19 04:00:00,994.2,24.0,81.0,1.4,61.0,3.8,6.0,0.0,,,,,,,,,,2017-06-19T03:20:00,,,,,,,,,,,,,,,,,,
2017-06-19 05:00:00,994.0,23.6,82.0,1.4,39.0,3.8,61.0,0.0,,,,,,,,,,2017-06-19T04:49:00,,,,,,,,,,,,,,,,,,
2017-06-19 06:00:00,993.9,23.6,81.0,1.3,53.0,3.6,63.0,0.0,,,,,,,,,,2017-06-19T05:01:00,,,,,,,,,,,,,,,,,,
2017-06-19 07:00:00,994.4,25.1,77.0,0.8,33.0,2.7,20.0,0.0,,,,,,,,,,2017-06-19T06:37:00,,,,,,,,,,,,,,,,,,
2017-06-19 08:00:00,995.3,28.8,65.0,1.2,339.0,2.8,6.0,0.0,,,,,,,,,,2017-06-19T07:23:00,,,,,,,,,,,,,,,,,,
2017-06-19 09:00:00,995.5,30.0,67.0,2.7,199.0,6.5,196.0,0.0,,,,,,,,,,2017-06-19T08:23:00,,,,,,,,,,,,,,,,,,
2017-06-19 10:00:00,995.6,30.7,65.0,0.5,216.0,4.4,163.0,0.0,,,,,,,,,,2017-06-19T09:33:00,,,,,,,,,,,,,,,,,,
2017-06-19 11:00:00,995.2,32.0,62.0,1.0,188.0,3.0,218.0,0.0,,,,,,,,,,2017-06-19T10:42:00,,,,,,,,,,,,,,,,,,
2017-06-19 12:00:00,994.8,32.9,57.0,1.3,167.0,4.7,205.0,0.0,,,,,,,,,,2017-06-19T11:35:00,,,,,,,,,,,,,,,,,,
2017-06-19 13:00:00,994.5,32.2,60.0,1.7,217.0,3.8,141.0,0.0,,,,,,,,,,2017-06-19T12:08:00,,,,,,,,,,,,,,,,,,
2017-06-19 14:00:00,994.0,31.3,65.0,2.0,236.0,3.8,217.0,0.0,,,,,,,,,,2017-06-19T13:40:00,,,,,,,,,,,,,,,,,,
2017-06-19 15:00:00,994.0,31.0,69.0,2.2,249.0,4.1,248.0,0.0,,,,,,,,,,2017-06-19T14:56:00,,,,,,,,,,,,,,,,,,
2017-06-19 16:00:00,993.7,30.3,68.0,1.7,254.0,4.5,238.0,0.0,,,,,,,,,,2017-06-19T15:40:00,,,,,,,,,,,,,,,,,,
2017-06-19 17:00:00,993.8,29.7,69.0,1.4,218.0,3.8,254.0,0.0,,,,,,,,,,2017-06-19T16:06:00,,,,,,,,,,,,,,,,,,
2017-06-19 18:00:00,994.1,28.6,75.0,0.4,98.0,2.2,232.0,0.0,,,,,,,,,,2017-06-19T17:11:00,,,,,,,,,,,,,,,,,,
2017-06-19 19:00:00,994.5,26.9,81.0,1.1,82.0,1.9,67.0,0.0,,,,,,,,,,2017-06-19T18:44:00,,,,,,,,,,,,,,,,,,
2017-06-19 20:00:00,994.8,26.3,85.0,1.0,58.0,1.6,68.0,0.0,,,,,,,,,,2017-06-19T19:46:00,,,,,,,,,,,,,,,,,,
2017-06-19 21:00:00,995.2,26.2,86.0,0.9,35.0,2.0,58.0,0.0,,,,,,,,,,2017-06-19T21:00:00,,,,,,,,,,,,,,,,,,
2017-06-19 22:00:00,995.4,26.0,87.0,1.3,28.0,2.3,37.0,0.0,,,,,,,,,,2017-06-19T21:10:00,,,,,,,,,,,,,,,,,,
2017-06-19 23:00:00,995.4,25.5,90.0,0.7,349.0,1.7,16.0,0.0,,,,,,,,,,2017-06-19T22:04:00,,,,,,,,,,,,,,,,,,
2017-06-20 00:00:00,994.7,25.2,90.0,1.0,59.0,1.8,74.0,0.0,,,,,,,,,,2017-06-19T23:53:00,,,,,,,,,,,,,,,,,,
2017-06-20 01:00:00,994.4,25.1,91.0,0.9,347.0,1.9,43.0,0.0,,,,,,,,,,2017-06-20T00:32:00,,,,,,,,,,,,,,,,,,
2017-06-20 02:00:00,993.9,25.2,88.0,1.3,54.0,2.5,57.0,0.0,,,,,,,,,,2017-06-20T01:58:00,,,,,,,,,,,,,,,,,,
2017-06-20 03:00:00,993.0,24.6,90.0,1.3,62.0,2.6,70.0,0.0,,,,,,,,,,2017-06-20T02:25:00,,,,,,,,,,,,,,,,,,
2017-06-20 04:00:00,992.7,24.4,87.0,1.3,48.0,3.1,64.0,0.0,,,,,,,,,,2017-06-20T03:20:00,,,,,,,,,,,,,,,,,,
2017-06-20 05:00:00,993.4,23.8,89.0,0.8,87.0,2.2,39.0,0.0,,,,,,,,,,2017-06-20T04:14:00,,,,,,,,,,,,,,,,,,
2017-06-20 06:00:00,994.2,24.2,86.0,1.3,28.0,2.2,31.0,0.0,,,,,,,,,,2017-06-20T05:58:00,,,,,,,,,,,,,,,,,,
2017-06-20 07:00:00,994.8,26.0,80.0,2.1,6.0,3.2,9.0,0.0,,,,,,,,,,2017-06-20T06:19:00,,,,,,,,,,,,,,,,,,
2017-06-20 08:00:00,995.3,28.2,73.0,0.8,26.0,3.1,3.0,0.0,,,,,,,,,,2017-06-20T07:27:00,,,,,,,,,,,,,,,,,,
2017-06-20 09:00:00,995.4,30.3,68.0,0.7,81.0,2.2,19.0,0.0,,,,,,,,,,2017-06-20T08:10:00,,,,,,,,,,,,,,,,,,
2017-06-20 10:00:00,995.1,30.9,66.0,1.3,251.0,2.6,225.0,0.0,,,,,,,,,,2017-06-20T09:10:00,,,,,,,,,,,,,,,,,,
2017-06-20 11:00:00,995.0,31.4,60.0,1.1,235.0,3.8,203.0,0.0,,,,,,,,,,2017-06-20T10:40:00,,,,,,,,,,,,,,,,,,
2017-06-20 12:00:00,994.6,31.8,56.0,1.8,221.0,3.2,199.0,0.0,,,,,,,,,,2017-06-20T11:29:00,,,,,,,,,,,,,,,,,,
2017-06-20 13:00:00,994.3,32.6,60.0,2.8,223.0,4.3,222.0,0.0,,,,,,,,,,2017-06-20T12:54:00,,,,,,,,,,,,,,,,,,
2017-06-20 14:00:00,993.8,31.7,60.0,1.8,256.0,5.4,200.0,0.0,,,,,,,,,,2017-06-20T13:04:00,,,,,,,,,,,,,,,,,,
2017-06-20 15:00:00,993.5,31.5,63.0,2.0,213.0,3.9,218.0,0.0,,,,,,,,,,2017-06-20T14:21:00,,,,,,,,,,,,,,,,,,
2017-06-20 16:00:00,993.0,32.1,54.0,2.6,214.0,4.4,245.0,0.0,,,,,,,,,,2017-06-20T15:18:00,,,,,,,,,,,,,,,,,,
2017-06-20 17:00:00,992.7,32.8,51.0,2.3,244.0,4.2,225.0,0.0,,,,,,,,,,2017-06-20T16:47:00,,,,,,,,,,,,,,,,,,
2017-06-20 18:00:00,992.6,29.7,66.0,1.5,226.0,4.0,223.0,0.0,,,,,,,,,,2017-06-20T17:06:00,,,,,,,,,,,,,,,,,,
2017-06-20 19:00:00,993.3,27.8,75.0,1.1,68.0,2.2,237.0,0.0,,,,,,,,,,2017-06-20T18:06:00,,,,,,,,,,,,,,,,,,
2017-06-20 20:00:00,993.7,26.3,81.0,1.1,61.0,1.8,72.0,0.0,,,,,,,,,,2017-06-20T19:55:00,,,,,,,,,,,,,,,,,,
2017-06-20 21:00:00,994.7,26.1,83.0,0.9,54.0,2.2,63.0,0.0,,,,,,,,,,2017-06-20T20:25:00,,,,,,,,,,,,,,,,,,
2017-06-20 22:00:00,995.1,25.7,83.0,1.5,57.0,3.0,80.0,0.0,,,,,,,,,,2017-06-20T21:53:00,,,,,,,,,,,,,,,,,,
2017-06-20 23:00:00,995.2,25.0,87.0,1.1,75.0,3.0,74.0,0.0,,,,,,,,,,2017-06-20T22:05:00,,,,,,,,,,,,,,,,,,
2017-06-21 00:00:00,995.0,24.8,87.0,1.3,48.0,2.9,72.0,0.0,,,,,,,,,,2017-06-20T23:28:00,,,,,,,,,,,,,,,,,,
2017-06-21 01:00:00,994.8,24.5,88.0,1.2,61.0,2.7,57.0,0.0,,,,,,,,,,2017-06-21T00:15:00,,,,,,,,,,,,,,,,,,
2017-06-21 02:00:00,995.0,24.5,87.0,1.2,52.0,2.9,59.0,0.0,,,,,,,,,,2017-06-21T01:17:00,,,,,,,,,,,,,,,,,,
2017-06-21 03:00:00,994.5,24.4,86.0,1.1,39.0,2.4,61.0,0.0,,,,,,,,,,2017-06-21T02:49:00,,,,,,,,,,,,,,,,,,
2017-06-21 04:00:00,994.0,24.5,83.0,0.7,25.0,2.6,52.0,0.0,,,,,,,,,,2017-06-21T03:11:00,,,,,,,,,,,,,,,,,,
2017-06-21 05:00:00,993.7,24.3,82.0,0.9,51.0,2.2,85.0,0.0,,,,,,,,,,2017-06-21T04:55:00,,,,,,,,,,,,,,,,,,
2017-06-21 06:00:00,994.1,24.4,81.0,0.9,33.0,2.4,45.0,0.0,,,,,,,,,,2017-06-21T05:55:00,,,,,,,,,,,,,,,,,,
2017-06-21 07:00:00,994.7,25.3,76.0,1.6,44.0,2.9,56.0,0.0,,,,,,,,,,2017-06-21T07:00:00,,,,,,,,,,,,,,,,,,
2017-06-21 08:00:00,995.1,28.4,63.0,1.2,40.0,3.4,39.0,0.0,,,,,,,,,,2017-06-21T07:35:00,,,,,,,,,,,,,,,,,,
2017-06-21 09:00:00,995.3,32.1,54.0,1.1,254.0,2.6,36.0,0.0,,,,,,,,,,2017-06-21T08:05:00,,,,,,,,,,,,,,,,,,
2017-06-21 10:00:00,995.2,32.5,56.0,1.9,194.0,4.8,223.0,0.0,,,,,,,,,,2017-06-21T09:31:00,,,,,,,,,,,,,,,,,,
2017-06-21 11:00:00,994.9,33.6,56.0,1.6,237.0,5.3,204.0,0.0,,,,,,,,,,2017-06-21T10:10:00,,,,,,,,,,,,,,,,,,
2017-06-21 12:00:00,994.4,33.6,53.0,2.0,115.0,5.1,205.0,0.0,,,,,,,,,,2017-06-21T11:32:00,,,,,,,,,,,,,,,,,,
2017-06-21 13:00:00,993.8,33.3,59.0,2.6,209.0,6.4,222.0,0.0,,,,,,,,,,2017-06-21T12:45:00,,,,,,,,,,,,,,,,,,
2017-06-21 14:00:00,993.5,33.7,62.0,3.8,219.0,7.2,229.0,0.0,,,,,,,,,,2017-06-21T13:24:00,,,,,,,,,,,,,,,,,,
2017-06-21 15:00:00,993.2,32.0,64.0,2.8,238.0,7.2,222.0,0.0,,,,,,,,,,2017-06-21T14:12:00,,,,,,,,,,,,,,,,,,
2017-06-21 16:00:00,992.8,34.0,57.0,2.7,231.0,6.4,242.0,0.0,,,,,,,,,,2017-06-21T16:00:00,,,,,,,,,,,,,,,,,,
2017-06-21 17:00:00,993.0,32.7,61.0,3.0,209.0,6.0,222.0,0.0,,,,,,,,,,2017-06-21T16:38:00,,,,,,,,,,,,,,,,,,
2017-06-21 18:00:00,993.6,30.3,65.0,1.5,245.0,5.6,240.0,0.0,,,,,,,,,,2017-06-21T17:06:00,,,,,,,,,,,,,,,,,,
2017-06-21 19:00:00,994.3,28.7,70.0,1.3,200.0,3.6,231.0,0.0,,,,,,,,,,2017-06-21T18:17:00,,,,,,,,,,,,,,,,,,
2017-06-21 20:00:00,995.3,27.2,78.0,1.5,69.0,2.1,60.0,0.0,,,,,,,,,,2017-06-21T19:58:00,,,,,,,,,,,,,,,,,,
2017-06-21 21:00:00,996.2,26.8,82.0,0.3,22.0,2.4,56.0,0.0,,,,,,,,,,2017-06-21T20:49:00,,,,,,,,,,,,,,,,,,
2017-06-21 22:00:00,996.8,25.8,86.0,1.0,54.0,2.7,49.0,0.0,,,,,,,,,,2017-06-21T21:37:00,,,,,,,,,,,,,,,,,,
2017-06-21 23:00:00,996.9,25.5,88.0,0.2,0.0,2.6,56.0,0.0,,,,,,,,,,2017-06-21T22:09:00,,,,,,,,,,,,,,,,,,
2017-06-22 00:00:00,996.7,25.2,88.0,1.1,62.0,2.4,48.0,0.0,,,,,,,,,,2017-06-21T23:15:00,,,,,,,,,,,,,,,,,,
2017-06-22 01:00:00,996.2,25.3,87.0,0.9,32.0,2.9,50.0,0.0,,,,,,,,,,2017-06-22T00:15:00,,,,,,,,,,,,,,,,,,
2017-06-22 02:00:00,996.2,25.1,87.0,1.7,40.0,3.3,49.0,0.0,,,,,,,,,,2017-06-22T02:00:00,,,,,,,,,,,,,,,,,,
2017-06-22 03:00:00,995.6,24.8,87.0,1.1,37.0,3.9,53.0,0.0,,,,,,,,,,2017-06-22T02:02:00,,,,,,,,,,,,,,,,,,
2017-06-22 04:00:00,995.1,24.5,87.0,1.1,52.0,3.5,71.0,0.0,,,,,,,,,,2017-06-22T03:48:00,,,,,,,,,,,,,,,,,,
2017-06-22 05:00:00,995.3,23.8,88.0,1.0,74.0,2.7,50.0,0.0,,,,,,,,,,2017-06-22T04:16:00,,,,,,,,,,,,,,,,,,
2017-06-22 06:00:00,996.1,24.2,84.0,1.6,51.0,3.1,38.0,0.0,,,,,,,,,,2017-06-22T05:57:00,,,,,,,,,,,,,,,,,,
2017-06-22 07:00:00,996.4,27.4,70.0,1.8,61.0,2.9,65.0,0.0,,,,,,,,,,2017-06-22T06:37:00,,,,,,,,,,,,,,,,,,
2017-06-22 08:00:00,996.7,29.5,62.0,1.0,4.0,2.7,63.0,0.0,,,,,,,,,,2017-06-22T07:02:00,,,,,,,,,,,,,,,,,,
2017-06-22 09:00:00,997.2,31.3,61.0,1.4,213.0,3.1,223.0,0.0,,,,,,,,,,2017-06-22T08:54:00,,,,,,,,,,,,,,,,,,
2017-06-22 10:00:00,997.2,33.2,57.0,1.8,215.0,3.2,202.0,0.0,,,,,,,,,,2017-06-22T09:02:00,,,,,,,,,,,,,,,,,,
2017-06-22 11:00:00,996.7,33.5,56.0,2.3,245.0,4.5,219.0,0.0,,,,,,,,,,2017-06-22T10:25:00,,,,,,,,,,,,,,,,,,
2017-06-22 12:00:00,996.1,34.6,54.0,2.2,214.0,5.2,227.0,0.0,,,,,,,,,,2017-06-22T11:39:00,,,,,,,,,,,,,,,,,,
2017-06-22 13:00:00,995.6,35.0,50.0,0.6,250.0,6.0,221.0,0.0,,,,,,,,,,2017-06-22T12:24:00,,,,,,,,,,,,,,,,,,
2017-06-22 14:00:00,995.0,35.6,52.0,1.3,275.0,5.3,256.0,0.0,,,,,,,,,,2017-06-22T13:25:00,,,,,,,,,,,,,,,,,,
2017-06-22 15:00:00,994.8,35.2,54.0,3.2,244.0,6.1,244.0,0.0,,,,,,,,,,2017-06-22T14:52:00,,,,,,,,,,,,,,,,,,
2017-06-22 16:00:00,994.8,33.8,57.0,2.8,246.0,6.0,237.0,0.0,,,,,,,,,,2017-06-22T15:17:00,,,,,,,,,,,,,,,,,,
2017-06-22 17:00:00,995.1,32.1,62.0,2.0,277.0,4.4,263.0,0.0,,,,,,,,,,2017-06-22T16:27:00,,,,,,,,,,,,,,,,,,
2017-06-22 18:00:00,995.3,31.0,66.0,1.7,280.0,3.4,258.0,0.0,,,,,,,,,,2017-06-22T17:49:00,,,,,,,,,,,,,,,,,,
2017-06-22 19:00:00,996.1,29.7,72.0,1.1,278.0,2.8,271.0,0.0,,,,,,,,,,2017-06-22T18:10:00,,,,,,,,,,,,,,,,,,
2017-06-22 20:00:00,996.8,28.9,79.0,1.2,183.0,1.8,258.0,0.0,,,,,,,,,,2017-06-22T19:24:00,,,,,,,,,,,,,,,,,,
2017-06-22 21:00:00,997.3,28.2,82.0,0.4,172.0,1.4,203.0,0.0,,,,,,,,,,2017-06-22T20:04:00,,,,,,,,,,,,,,,,,,
2017-06-22 22:00:00,997.6,27.3,87.0,0.6,36.0,1.3,199.0,0.0,,,,,,,,,,2017-06-22T21:18:00,,,,,,,,,,,,,,,,,,
2017-06-22 23:00:00,997.6,26.7,88.0,1.0,57.0,2.6,68.0,0.0,,,,,,,,,,2017-06-22T22:32:00,,,,,,,,,,,,,,,,,,
2017-06-23 00:00:00,997.1,26.1,90.0,1.1,64.0,2.7,70.0,0.0,,,,,,,,,,2017-06-22T23:24:00,,,,,,,,,,,,,,,,,,
2017-06-23 01:00:00,996.3,26.1,88.0,0.8,38.0,2.4,63.0,0.0,,,,,,,,,,2017-06-23T00:15:00,,,,,,,,,,,,,,,,,,
2017-06-23 02:00:00,996.1,25.2,91.0,0.9,77.0,2.2,11.0,0.0,,,,,,,,,,2017-06-23T01:07:00,,,,,,,,,,,,,,,,,,
2017-06-23 03:00:00,996.0,25.0,91.0,0.9,81.0,2.3,71.0,0.0,,,,,,,,,,2017-06-23T02:07:00,,,,,,,,,,,,,,,,,,
2017-06-23 04:00:00,995.8,24.7,91.0,1.0,84.0,1.7,32.0,0.0,,,,,,,,,,2017-06-23T03:34:00,,,,,,,,,,,,,,,,,,
2017-06-23 05:00:00,995.8,24.7,90.0,0.3,19.0,1.8,71.0,0.0,,,,,,,,,,2017-06-23T04:12:00,,,,,,,,,,,,,,,,,,
2017-06-23 06:00:00,995.9,24.7,90.0,0.9,102.0,2.0,70.0,0.0,,,,,,,,,,2017-06-23T05:15:00,,,,,,,,,,,,,,,,,,
2017-06-23 07:00:00,996.2,27.9,74.0,0.5,14.0,2.2,16.0,0.0,,,,,,,,,,2017-06-23T06:20:00,,,,,,,,,,,,,,,,,,
2017-06-23 08:00:00,996.2,29.5,69.0,1.0,354.0,2.1,344.0,0.0,,,,,,,,,,2017-06-23T07:51:00,,,,,,,,,,,,,,,,,,
2017-06-23 09:00:00,996.0,32.0,60.0,1.4,275.0,2.8,281.0,0.0,,,,,,,,,,2017-06-23T08:58:00,,,,,,,,,,,,,,,,,,
2017-06-23 10:00:00,995.8,32.3,60.0,2.4,243.0,3.6,227.0,0.0,,,,,,,,,,2017-06-23T10:00:00,,,,,,,,,,,,,,,,,,
2017-06-23 11:00:00,995.7,33.9,55.0,2.3,216.0,5.2,196.0,0.0,,,,,,,,,,2017-06-23T10:53:00,,,,,,,,,,,,,,,,,,
2017-06-23 12:00:00,995.3,34.4,56.0,1.5,187.0,4.7,237.0,0.0,,,,,,,,,,2017-06-23T11:35:00,,,,,,,,,,,,,,,,,,
2017-06-23 13:00:00,994.4,34.5,57.0,2.2,265.0,4.5,284.0,0.0,,,,,,,,,,2017-06-23T12:51:00,,,,,,,,,,,,,,,,,,
2017-06-23 14:00:00,994.3,33.8,60.0,3.5,258.0,6.9,232.0,0.0,,,,,,,,,,2017-06-23T13:48:00,,,,,,,,,,,,,,,,,,
2017-06-23 15:00:00,993.9,33.6,61.0,3.6,258.0,7.9,258.0,0.0,,,,,,,,,,2017-06-23T14:49:00,,,,,,,,,,,,,,,,,,
2017-06-23 16:00:00,993.9,31.1,68.0,2.4,233.0,7.1,241.0,0.0,,,,,,,,,,2017-06-23T15:06:00,,,,,,,,,,,,,,,,,,
2017-06-23 17:00:00,994.0,30.0,71.0,2.1,230.0,5.0,215.0,0.0,,,,,,,,,,2017-06-23T16:01:00,,,,,,,,,,,,,,,,,,
2017-06-23 18:00:00,994.3,29.6,75.0,1.3,274.0,3.7,220.0,0.0,,,,,,,,,,2017-06-23T17:09:00,,,,,,,,,,,,,,,,,,
2017-06-23 19:00:00,994.7,28.1,81.0,1.0,71.0,3.2,269.0,0.0,,,,,,,,,,2017-06-23T18:16:00,,,,,,,,,,,,,,,,,,
2017-06-23 20:00:00,994.9,27.3,86.0,0.9,68.0,1.9,79.0,0.0,,,,,,,,,,2017-06-23T19:50:00,,,,,,,,,,,,,,,,,,
2017-06-23 21:00:00,995.1,26.6,87.0,1.0,64.0,2.5,56.0,0.0,,,,,,,,,,2017-06-23T20:28:00,,,,,,,,,,,,,,,,,,
2017-06-23 22:00:00,995.4,26.3,88.0,0.3,86.0,1.9,75.0,0.0,,,,,,,,,,2017-06-23T21:03:00,,,,,,,,,,,,,,,,,,
2017-06-23 23:00:00,995.6,25.5,91.0,0.9,77.0,2.0,65.0,0.0,,,,,,,,,,2017-06-23T22:31:00,,,,,,,,,,,,,,,,,,
2017-06-24 00:00:00,995.2,25.4,90.0,0.9,65.0,1.9,61.0,0.0,,,,,,,,,,2017-06-23T23:39:00,,,,,,,,,,,,,,,,,,
2017-06-24 01:00:00,994.9,25.0,91.0,1.0,75.0,2.0,64.0,0.0,,,,,,,,,,2017-06-24T00:43:00,,,,,,,,,,,,,,,,,,
2017-06-24 02:00:00,994.2,25.3,89.0,0.9,40.0,2.7,71.0,0.0,,,,,,,,,,2017-06-24T01:45:00,,,,,,,,,,,,,,,,,,
2017-06-24 03:00:00,993.8,24.9,90.0,0.6,59.0,2.1,74.0,0.0,,,,,,,,,,2017-06-24T02:25:00,,,,,,,,,,,,,,,,,,
2017-06-24 04:00:00,993.5,24.4,91.0,1.2,66.0,2.6,45.0,0.0,,,,,,,,,,2017-06-24T03:32:00,,,,,,,,,,,,,,,,,,
2017-06-24 05:00:00,993.4,24.0,91.0,1.2,60.0,2.3,63.0,0.0,,,,,,,,,,2017-06-24T04:35:00,,,,,,,,,,,,,,,,,,
2017-06-24 06:00:00,993.7,24.4,89.0,1.0,76.0,2.1,20.0,0.0,,,,,,,,,,2017-06-24T05:07:00,,,,,,,,,,,,,,,,,,
2017-06-24 07:00:00,994.6,27.1,75.0,1.2,35.0,2.2,343.0,0.0,,,,,,,,,,2017-06-24T06:50:00,,,,,,,,,,,,,,,,,,
2017-06-24 08:00:00,995.4,29.5,67.0,1.0,340.0,2.3,58.0,0.0,,,,,,,,,,2017-06-24T07:31:00,,,,,,,,,,,,,,,,,,
2017-06-24 09:00:00,995.1,31.6,65.0,2.0,226.0,3.3,220.0,0.0,,,,,,,,,,2017-06-24T08:56:00,,,,,,,,,,,,,,,,,,
2017-06-24 10:00:00,994.8,32.8,59.0,0.5,292.0,4.6,216.0,0.0,,,,,,,,,,2017-06-24T09:21:00,,,,,,,,,,,,,,,,,,
2017-06-24 11:00:00,994.1,32.8,60.0,1.5,219.0,2.6,288.0,0.0,,,,,,,,,,2017-06-24T10:25:00,,,,,,,,,,,,,,,,,,
2017-06-24 12:00:00,993.4,33.4,57.0,1.0,295.0,3.5,263.0,0.0,,,,,,,,,,2017-06-24T11:44:00,,,,,,,,,,,,,,,,,,
2017-06-24 13:00:00,992.9,33.4,57.0,2.1,248.0,5.7,250.0,0.0,,,,,,,,,,2017-06-24T12:53:00,,,,,,,,,,,,,,,,,,
2017-06-24 14:00:00,992.9,31.5,69.0,2.1,264.0,5.8,235.0,0.0,,,,,,,,,,2017-06-24T13:12:00,,,,,,,,,,,,,,,,,,
2017-06-24 15:00:00,992.6,31.0,70.0,2.9,254.0,6.3,235.0,0.0,,,,,,,,,,2017-06-24T14:52:00,,,,,,,,,,,,,,,,,,
2017-06-24 16:00:00,992.5,31.3,64.0,2.7,259.0,6.8,226.0,0.0,,,,,,,,,,2017-06-24T15:04:00,,,,,,,,,,,,,,,,,,
2017-06-24 17:00:00,993.0,31.1,67.0,3.5,231.0,4.5,263.0,0.0,,,,,,,,,,2017-06-24T16:12:00,,,,,,,,,,,,,,,,,,
2017-06-24 18:00:00,993.3,29.6,74.0,2.0,238.0,5.0,244.0,0.0,,,,,,,,,,2017-06-24T17:06:00,,,,,,,,,,,,,,,,,,
2017-06-24 19:00:00,993.9,28.4,77.0,1.0,188.0,3.4,237.0,0.0,,,,,,,,,,2017-06-24T18:02:00,,,,,,,,,,,,,,,,,,
2017-06-24 20:00:00,994.6,27.3,81.0,0.8,77.0,1.6,154.0,0.0,,,,,,,,,,2017-06-24T19:12:00,,,,,,,,,,,,,,,,,,
2017-06-24 21:00:00,995.4,26.6,83.0,1.1,77.0,1.7,63.0,0.0,,,,,,,,,,2017-06-24T20:16:00,,,,,,,,,,,,,,,,,,
2017-06-24 22:00:00,995.6,26.2,88.0,0.9,59.0,1.6,57.0,0.0,,,,,,,,,,2017-06-24T21:39:00,,,,,,,,,,,,,,,,,,
2017-06-24 23:00:00,995.5,25.6,88.0,0.5,92.0,1.9,6.0,0.0,,,,,,,,,,2017-06-24T22:17:00,,,,,,,,,,,,,,,,,,
2017-06-25 00:00:00,995.4,25.2,89.0,1.2,70.0,1.8,65.0,0.0,,,,,,,,,,2017-06-24T23:56:00,,,,,,,,,,,,,,,,,,
2017-06-25 01:00:00,994.9,25.3,89.0,1.1,14.0,2.6,55.0,0.0,,,,,,,,,,2017-06-25T00:30:00,,,,,,,,,,,,,,,,,,
2017-06-25 02:00:00,994.5,25.2,88.0,1.2,58.0,2.5,70.0,0.0,,,,,,,,,,2017-06-25T01:16:00,,,,,,,,,,,,,,,,,,
2017-06-25 03:00:00,994.2,24.7,89.0,1.1,64.0,2.7,77.0,0.0,,,,,,,,,,2017-06-25T02:46:00,,,,,,,,,,,,,,,,,,
2017-06-25 04:00:00,994.1,24.6,89.0,1.2,53.0,2.4,47.0,0.0,,,,,,,,,,2017-06-25T03:58:00,,,,,,,,,,,,,,,,,,
2017-06-25 05:00:00,994.1,24.6,87.0,0.0,0.0,3.2,75.0,0.0,,,,,,,,,,2017-06-25T04:26:00,,,,,,,,,,,,,,,,,,
2017-06-25 06:00:00,994.1,24.6,87.0,1.3,54.0,2.2,49.0,0.0,,,,,,,,,,2017-06-25T05:57:00,,,,,,,,,,,,,,,,,,
2017-06-25 07:00:00,994.2,27.8,72.0,1.4,48.0,2.8,4.0,0.0,,,,,,,,,,2017-06-25T06:42:00,,,,,,,,,,,,,,,,,,
2017-06-25 08:00:00,994.7,29.7,67.0,0.4,169.0,2.8,52.0,0.0,,,,,,,,,,2017-06-25T07:01:00,,,,,,,,,,,,,,,,,,
2017-06-25 09:00:00,995.0,31.9,61.0,1.7,257.0,2.6,226.0,0.0,,,,,,,,,,2017-06-25T08:46:00,,,,,,,,,,,,,,,,,,
2017-06-25 10:00:00,995.1,32.9,59.0,1.0,127.0,3.3,220.0,0.0,,,,,,,,,,2017-06-25T09:04:00,,,,,,,,,,,,,,,,,,
2017-06-25 11:00:00,995.0,32.4,60.0,1.6,288.0,4.0,240.0,0.0,,,,,,,,,,2017-06-25T10:15:00,,,,,,,,,,,,,,,,,,
2017-06-25 12:00:00,994.6,33.2,58.0,1.6,324.0,4.3,289.0,0.0,,,,,,,,,,2017-06-25T11:42:00,,,,,,,,,,,,,,,,,,
2017-06-25 13:00:00,994.2,33.6,57.0,2.0,299.0,5.4,258.0,0.0,,,,,,,,,,2017-06-25T12:15:00,,,,,,,,,,,,,,,,,,
2017-06-25 14:00:00,994.0,33.9,58.0,2.5,274.0,6.1,256.0,0.0,,,,,,,,,,2017-06-25T13:36:00,,,,,,,,,,,,,,,,,,
2017-06-25 15:00:00,994.0,33.6,58.0,2.9,264.0,6.1,285.0,0.0,,,,,,,,,,2017-06-25T14:43:00,,,,,,,,,,,,,,,,,,
2017-06-25 16:00:00,993.5,32.8,58.0,2.8,240.0,7.0,271.0,0.0,,,,,,,,,,2017-06-25T15:14:00,,,,,,,,,,,,,,,,,,
2017-06-25 17:00:00,993.8,31.8,60.0,2.5,248.0,5.5,240.0,0.0,,,,,,,,,,2017-06-25T16:10:00,,,,,,,,,,,,,,,,,,
2017-06-25 18:00:00,994.3,30.4,65.0,1.7,267.0,4.1,243.0,0.0,,,,,,,,,,2017-06-25T17:01:00,,,,,,,,,,,,,,,,,,
2017-06-25 19:00:00,994.7,28.9,74.0,1.0,243.0,2.8,268.0,0.0,,,,,,,,,,2017-06-25T18:05:00,,,,,,,,,,,,,,,,,,
2017-06-25 20:00:00,995.5,27.7,78.0,1.0,78.0,1.5,70.0,0.0,,,,,,,,,,2017-06-25T19:55:00,,,,,,,,,,,,,,,,,,
2017-06-25 21:00:00,996.1,26.8,79.0,1.3,63.0,1.9,68.0,0.0,,,,,,,,,,2017-06-25T20:33:00,,,,,,,,,,,,,,,,,,
2017-06-25 22:00:00,996.5,26.3,83.0,0.6,45.0,2.0,69.0,0.0,,,,,,,,,,2017-06-25T21:49:00,,,,,,,,,,,,,,,,,,
2017-06-25 23:00:00,996.7,25.5,88.0,1.1,85.0,1.9,49.0,0.0,,,,,,,,,,2017-06-25T22:19:00,,,,,,,,,,,,,,,,,,
2017-06-26 00:00:00,996.5,25.5,88.0,0.1,0.0,2.4,43.0,0.0,,,,,,,,,,2017-06-25T23:14:00,,,,,,,,,,,,,,,,,,
2017-06-26 01:00:00,996.4,25.2,88.0,1.1,63.0,1.9,65.0,0.0,,,,,,,,,,2017-06-26T00:46:00,,,,,,,,,,,,,,,,,,
2017-06-26 02:00:00,996.2,25.5,87.0,1.1,33.0,2.4,49.0,0.0,,,,,,,,,,2017-06-26T01:43:00,,,,,,,,,,,,,,,,,,
2017-06-26 03:00:00,996.1,25.2,88.0,0.6,51.0,3.0,49.0,0.0,,,,,,,,,,2017-06-26T02:40:00,,,,,,,,,,,,,,,,,,
2017-06-26 04:00:00,996.1,24.7,90.0,1.2,67.0,2.2,74.0,0.0,,,,,,,,,,2017-06-26T03:18:00,,,,,,,,,,,,,,,,,,
2017-06-26 05:00:00,995.9,24.9,87.0,1.0,47.0,3.0,77.0,0.0,,,,,,,,,,2017-06-26T04:29:00,,,,,,,,,,,,,,,,,,
2017-06-26 06:00:00,996.1,24.6,89.0,0.7,84.0,2.3,64.0,0.0,,,,,,,,,,2017-06-26T05:45:00,,,,,,,,,,,,,,,,,,
2017-06-26 07:00:00,996.3,27.4,75.0,1.2,89.0,2.1,52.0,0.0,,,,,,,,,,2017-06-26T06:16:00,,,,,,,,,,,,,,,,,,
2017-06-26 08:00:00,996.5,30.3,64.0,1.0,336.0,2.1,7.0,0.0,,,,,,,,,,2017-06-26T07:36:00,,,,,,,,,,,,,,,,,,
2017-06-26 09:00:00,996.2,31.8,58.0,1.0,125.0,2.3,279.0,0.0,,,,,,,,,,2017-06-26T08:41:00,,,,,,,,,,,,,,,,,,
2017-06-26 10:00:00,996.1,33.2,56.0,1.2,263.0,3.3,276.0,0.0,,,,,,,,,,2017-06-26T09:41:00,,,,,,,,,,,,,,,,,,
2017-06-26 11:00:00,996.1,34.2,53.0,1.8,310.0,4.1,200.0,0.0,,,,,,,,,,2017-06-26T10:25:00,,,,,,,,,,,,,,,,,,
2017-06-26 12:00:00,995.8,34.3,54.0,1.9,301.0,6.0,286.0,0.0,,,,,,,,,,2017-06-26T11:42:00,,,,,,,,,,,,,,,,,,
2017-06-26 13:00:00,995.4,34.7,55.0,2.3,285.0,5.4,261.0,0.0,,,,,,,,,,2017-06-26T12:48:00,,,,,,,,,,,,,,,,,,
2017-06-26 14:00:00,995.0,35.1,58.0,1.8,277.0,5.7,264.0,0.0,,,,,,,,,,2017-06-26T13:46:00,,,,,,,,,,,,,,,,,,
2017-06-26 15:00:00,994.4,34.7,57.0,3.7,258.0,6.3,286.0,0.0,,,,,,,,,,2017-06-26T14:36:00,,,,,,,,,,,,,,,,,,
2017-06-26 16:00:00,994.6,34.0,57.0,2.6,281.0,6.6,238.0,0.0,,,,,,,,,,2017-06-26T15:37:00,,,,,,,,,,,,,,,,,,
2017-06-26 17:00:00,995.1,33.1,58.0,2.4,272.0,5.3,283.0,0.0,,,,,,,,,,2017-06-26T16:09:00,,,,,,,,,,,,,,,,,,
2017-06-26 18:00:00,995.4,31.5,65.0,1.4,287.0,4.5,260.0,0.0,,,,,,,,,,2017-06-26T17:01:00,,,,,,,,,,,,,,,,,,
2017-06-26 19:00:00,995.9,29.5,73.0,0.4,320.0,3.4,275.0,0.0,,,,,,,,,,2017-06-26T18:13:00,,,,,,,,,,,,,,,,,,
2017-06-26 20:00:00,996.5,28.2,81.0,1.0,203.0,2.1,187.0,0.0,,,,,,,,,,2017-06-26T19:35:00,,,,,,,,,,,,,,,,,,
2017-06-26 21:00:00,996.9,27.7,84.0,0.1,0.0,1.5,203.0,0.0,,,,,,,,,,2017-06-26T20:08:00,,,,,,,,,,,,,,,,,,
2017-06-26 22:00:00,997.4,26.8,86.0,0.9,67.0,1.9,61.0,0.0,,,,,,,,,,2017-06-26T21:23:00,,,,,,,,,,,,,,,,,,
2017-06-26 23:00:00,997.3,26.3,88.0,1.1,55.0,2.2,73.0,0.0,,,,,,,,,,2017-06-26T22:52:00,,,,,,,,,,,,,,,,,,
2017-06-27 00:00:00,996.8,25.9,89.0,0.9,66.0,1.7,64.0,0.0,,,,,,,,,,2017-06-26T23:01:00,,,,,,,,,,,,,,,,,,
2017-06-27 01:00:00,996.9,25.4,91.0,0.6,63.0,1.7,86.0,0.0,,,,,,,,,,2017-06-27T00:32:00,,,,,,,,,,,,,,,,,,
2017-06-27 02:00:00,996.6,25.2,91.0,1.1,61.0,1.8,349.0,0.0,,,,,,,,,,2017-06-27T01:13:00,,,,,,,,,,,,,,,,,,
2017-06-27 03:00:00,996.5,25.4,89.0,1.1,31.0,2.5,38.0,0.0,,,,,,,,,,2017-06-27T03:00:00,,,,,,,,,,,,,,,,,,
2017-06-27 04:00:00,996.6,25.1,89.0,1.3,57.0,2.4,56.0,0.0,,,,,,,,,,2017-06-27T03:13:00,,,,,,,,,,,,,,,,,,
2017-06-27 05:00:00,996.8,24.6,90.0,1.1,61.0,2.3,57.0,0.0,,,,,,,,,,2017-06-27T04:43:00,,,,,,,,,,,,,,,,,,
2017-06-27 06:00:00,996.9,25.0,87.0,0.9,29.0,2.7,61.0,0.0,,,,,,,,,,2017-06-27T05:33:00,,,,,,,,,,,,,,,,,,
2017-06-27 07:00:00,997.3,26.2,79.0,1.3,32.0,2.8,52.0,0.0,,,,,,,,,,2017-06-27T06:44:00,,,,,,,,,,,,,,,,,,
2017-06-27 08:00:00,997.7,28.1,70.0,1.2,3.0,2.4,8.0,0.0,,,,,,,,,,2017-06-27T07:21:00,,,,,,,,,,,,,,,,,,
2017-06-27 09:00:00,997.3,31.4,62.0,1.2,225.0,2.6,5.0,0.0,,,,,,,,,,2017-06-27T08:02:00,,,,,,,,,,,,,,,,,,
2017-06-27 10:00:00,997.2,31.1,65.0,1.0,187.0,3.8,221.0,0.0,,,,,,,,,,2017-06-27T09:52:00,,,,,,,,,,,,,,,,,,
2017-06-27 11:00:00,996.9,32.9,55.0,1.4,40.0,3.4,258.0,0.0,,,,,,,,,,2017-06-27T10:33:00,,,,,,,,,,,,,,,,,,
2017-06-27 12:00:00,996.3,34.1,55.0,1.6,342.0,3.7,233.0,0.0,,,,,,,,,,2017-06-27T12:00:00,,,,,,,,,,,,,,,,,,
2017-06-27 13:00:00,995.8,35.4,54.0,1.7,280.0,4.1,353.0,0.0,,,,,,,,,,2017-06-27T12:37:00,,,,,,,,,,,,,,,,,,
2017-06-27 14:00:00,995.4,35.4,55.0,1.9,297.0,6.6,258.0,0.0,,,,,,,,,,2017-06-27T13:04:00,,,,,,,,,,,,,,,,,,
2017-06-27 15:00:00,995.1,35.3,57.0,0.9,306.0,5.2,299.0,0.0,,,,,,,,,,2017-06-27T14:32:00,,,,,,,,,,,,,,,,,,
2017-06-27 16:00:00,994.9,34.5,59.0,2.0,280.0,6.0,250.0,0.0,,,,,,,,,,2017-06-27T15:57:00,,,,,,,,,,,,,,,,,,
2017-06-27 17:00:00,995.5,32.9,62.0,1.7,297.0,6.4,283.0,0.0,,,,,,,,,,2017-06-27T16:14:00,,,,,,,,,,,,,,,,,,
2017-06-27 18:00:00,996.1,31.3,67.0,1.7,291.0,4.7,263.0,0.0,,,,,,,,,,2017-06-27T17:43:00,,,,,,,,,,,,,,,,,,
2017-06-27 19:00:00,996.6,29.3,75.0,1.0,294.0,3.1,298.0,0.0,,,,,,,,,,2017-06-27T18:10:00,,,,,,,,,,,,,,,,,,
2017-06-27 20:00:00,997.4,28.7,78.0,1.3,177.0,2.0,160.0,0.0,,,,,,,,,,2017-06-27T19:43:00,,,,,,,,,,,,,,,,,,
2017-06-27 21:00:00,997.8,27.9,82.0,0.8,199.0,2.2,205.0,0.0,,,,,,,,,,2017-06-27T20:12:00,,,,,,,,,,,,,,,,,,
2017-06-27 22:00:00,998.4,27.0,85.0,1.1,72.0,2.1,65.0,0.0,,,,,,,,,,2017-06-27T21:29:00,,,,,,,,,,,,,,,,,,
2017-06-27 23:00:00,998.5,26.7,89.0,0.1,0.0,1.7,70.0,0.0,,,,,,,,,,2017-06-27T22:19:00,,,,,,,,,,,,,,,,,,
2017-06-28 00:00:00,997.8,26.8,86.0,1.0,82.0,1.7,92.0,0.0,,,,,,,,,,2017-06-27T23:56:00,,,,,,,,,,,,,,,,,,
2017-06-28 01:00:00,997.1,26.3,90.0,0.9,93.0,1.9,111.0,0.0,,,,,,,,,,2017-06-28T00:55:00,,,,,,,,,,,,,,,,,,
2017-06-28 02:00:00,996.8,26.8,89.0,0.5,277.0,1.5,99.0,0.0,,,,,,,,,,2017-06-28T01:05:00,,,,,,,,,,,,,,,,,,
2017-06-28 03:00:00,996.7,26.7,89.0,0.5,113.0,1.0,135.0,0.0,,,,,,,,,,2017-06-28T02:58:00,,,,,,,,,,,,,,,,,,
2017-06-28 04:00:00,996.6,26.5,89.0,1.3,80.0,1.8,335.0,0.0,,,,,,,,,,2017-06-28T03:32:00,,,,,,,,,,,,,,,,,,
2017-06-28 05:00:00,996.6,26.4,89.0,1.1,3.0,1.7,12.0,0.0,,,,,,,,,,2017-06-28T04:49:00,,,,,,,,,,,,,,,,,,
2017-06-28 06:00:00,996.8,26.8,88.0,0.5,93.0,1.5,6.0,0.0,,,,,,,,,,2017-06-28T05:01:00,,,,,,,,,,,,,,,,,,
2017-06-28 07:00:00,997.1,28.8,75.0,0.5,2.0,2.2,51.0,0.0,,,,,,,,,,2017-06-28T06:25:00,,,,,,,,,,,,,,,,,,
2017-06-28 08:00:00,997.2,29.9,71.0,1.1,157.0,1.8,159.0,0.0,,,,,,,,,,2017-06-28T07:56:00,,,,,,,,,,,,,,,,,,
2017-06-28 09:00:00,997.0,30.4,69.0,1.3,221.0,3.3,216.0,0.0,,,,,,,,,,2017-06-28T08:30:00,,,,,,,,,,,,,,,,,,
2017-06-28 10:00:00,997.0,32.4,63.0,1.5,277.0,4.2,217.0,0.0,,,,,,,,,,2017-06-28T09:40:00,,,,,,,,,,,,,,,,,,
2017-06-28 11:00:00,997.1,33.7,56.0,1.1,221.0,3.4,235.0,0.0,,,,,,,,,,2017-06-28T10:29:00,,,,,,,,,,,,,,,,,,
2017-06-28 12:00:00,997.1,34.3,54.0,1.5,280.0,4.9,186.0,0.0,,,,,,,,,,2017-06-28T11:11:00,,,,,,,,,,,,,,,,,,
2017-06-28 13:00:00,996.7,35.4,51.0,1.7,272.0,4.7,268.0,0.0,,,,,,,,,,2017-06-28T12:29:00,,,,,,,,,,,,,,,,,,
2017-06-28 14:00:00,996.1,35.6,54.0,2.5,283.0,5.6,269.0,0.0,,,,,,,,,,2017-06-28T13:45:00,,,,,,,,,,,,,,,,,,
2017-06-28 15:00:00,995.7,35.0,57.0,2.2,300.0,6.0,263.0,0.0,,,,,,,,,,2017-06-28T14:05:00,,,,,,,,,,,,,,,,,,
2017-06-28 16:00:00,995.8,34.2,58.0,3.4,259.0,6.7,244.0,0.0,,,,,,,,,,2017-06-28T15:38:00,,,,,,,,,,,,,,,,,,
2017-06-28 17:00:00,996.9,26.5,74.0,2.6,71.0,8.3,36.0,0.0,,,,,,,,,,2017-06-28T16:48:00,,,,,,,,,,,,,,,,,,
2017-06-28 18:00:00,997.0,26.8,67.0,1.9,30.0,5.2,360.0,0.0,,,,,,,,,,2017-06-28T17:49:00,,,,,,,,,,,,,,,,,,
2017-06-28 19:00:00,996.9,26.6,74.0,1.7,8.0,3.9,36.0,0.0,,,,,,,,,,2017-06-28T18:23:00,,,,,,,,,,,,,,,,,,
2017-06-28 20:00:00,997.7,26.3,77.0,1.3,28.0,4.0,30.0,0.0,,,,,,,,,,2017-06-28T19:32:00,,,,,,,,,,,,,,,,,,
2017-06-28 21:00:00,998.1,25.9,78.0,1.5,58.0,3.6,11.0,0.0,,,,,,,,,,2017-06-28T20:05:00,,,,,,,,,,,,,,,,,,
2017-06-28 22:00:00,998.5,25.4,82.0,1.2,62.0,2.6,65.0,0.0,,,,,,,,,,2017-06-28T21:01:00,,,,,,,,,,,,,,,,,,
2017-06-28 23:00:00,998.4,24.7,85.0,1.3,61.0,2.8,50.0,0.0,,,,,,,,,,2017-06-28T22:37:00,,,,,,,,,,,,,,,,,,
2017-06-29 00:00:00,998.1,24.6,86.0,1.8,67.0,3.0,52.0,0.0,,,,,,,,,,2017-06-29T00:00:00,,,,,,,,,,,,,,,,,,
2017-06-29 01:00:00,997.5,24.4,85.0,0.8,33.0,2.7,48.0,0.0,,,,,,,,,,2017-06-29T00:01:00,,,,,,,,,,,,,,,,,,
2017-06-29 02:00:00,997.1,24.8,81.0,1.5,12.0,2.8,1.0,0.0,,,,,,,,,,2017-06-29T01:52:00,,,,,,,,,,,,,,,,,,
2017-06-29 03:00:00,996.7,25.0,78.0,1.6,42.0,3.0,67.0,0.0,,,,,,,,,,2017-06-29T02:57:00,,,,,,,,,,,,,,,,,,
2017-06-29 04:00:00,996.2,23.6,81.0,0.9,58.0,3.0,45.0,0.0,,,,,,,,,,2017-06-29T03:03:00,,,,,,,,,,,,,,,,,,
2017-06-29 05:00:00,996.2,23.2,83.0,1.2,71.0,3.0,7.0,0.0,,,,,,,,,,2017-06-29T04:10:00,,,,,,,,,,,,,,,,,,
2017-06-29 06:00:00,997.0,23.5,82.0,0.9,83.0,2.7,89.0,0.0,,,,,,,,,,2017-06-29T05:04:00,,,,,,,,,,,,,,,,,,
2017-06-29 07:00:00,997.1,26.7,68.0,1.2,72.0,3.3,6.0,0.0,,,,,,,,,,2017-06-29T06:32:00,,,,,,,,,,,,,,,,,,
2017-06-29 08:00:00,997.4,30.1,51.0,0.9,29.0,2.7,337.0,0.0,,,,,,,,,,2017-06-29T07:14:00,,,,,,,,,,,,,,,,,,
2017-06-29 09:00:00,997.6,32.2,51.0,0.6,280.0,3.2,78.0,0.0,,,,,,,,,,2017-06-29T08:02:00,,,,,,,,,,,,,,,,,,
2017-06-29 10:00:00,997.5,33.1,55.0,1.5,258.0,3.3,263.0,0.0,,,,,,,,,,2017-06-29T09:51:00,,,,,,,,,,,,,,,,,,
2017-06-29 11:00:00,997.2,33.2,57.0,1.7,270.0,4.6,238.0,0.0,,,,,,,,,,2017-06-29T10:11:00,,,,,,,,,,,,,,,,,,
2017-06-29 12:00:00,996.6,33.4,58.0,2.4,233.0,4.1,248.0,0.0,,,,,,,,,,2017-06-29T12:00:00,,,,,,,,,,,,,,,,,,
2017-06-29 13:00:00,995.9,35.3,52.0,1.9,267.0,4.5,221.0,0.0,,,,,,,,,,2017-06-29T12:36:00,,,,,,,,,,,,,,,,,,
2017-06-29 14:00:00,995.5,33.4,58.0,1.5,247.0,5.2,247.0,0.0,,,,,,,,,,2017-06-29T13:04:00,,,,,,,,,,,,,,,,,,
2017-06-29 15:00:00,996.1,24.2,91.0,6.2,204.0,13.0,223.0,2.0,,,,,,,,,,2017-06-29T14:32:00,,,,,,,,,,,,,,,,,,
2017-06-29 16:00:00,997.6,24.1,92.0,1.9,16.0,7.5,196.0,16.5,,,,,,,,,,2017-06-29T15:02:00,,,,,,,,,,,,,,,,,,
2017-06-29 17:00:00,995.8,24.4,87.0,2.4,12.0,5.9,73.0,0.0,,,,,,,,,,2017-06-29T16:05:00,,,,,,,,,,,,,,,,,,
2017-06-29 18:00:00,995.7,24.6,82.0,1.1,26.0,3.8,10.0,0.0,,,,,,,,,,2017-06-29T17:01:00,,,,,,,,,,,,,,,,,,
2017-06-29 19:00:00,995.9,23.8,90.0,0.7,108.0,2.6,62.0,0.0,,,,,,,,,,2017-06-29T18:06:00,,,,,,,,,,,,,,,,,,
2017-06-29 20:00:00,996.4,23.6,90.0,0.8,2.0,2.6,76.0,0.0,,,,,,,,,,2017-06-29T19:31:00,,,,,,,,,,,,,,,,,,
2017-06-29 21:00:00,996.8,23.2,91.0,1.4,67.0,2.5,70.0,0.0,,,,,,,,,,2017-06-29T20:16:00,,,,,,,,,,,,,,,,,,
2017-06-29 22:00:00,997.5,23.3,93.0,0.4,187.0,1.9,60.0,0.0,,,,,,,,,,2017-06-29T21:02:00,,,,,,,,,,,,,,,,,,
2017-06-29 23:00:00,997.7,23.3,92.0,1.0,83.0,1.8,72.0,0.5,,,,,,,,,,2017-06-29T22:52:00,,,,,,,,,,,,,,,,,,
2017-06-30 00:00:00,997.7,23.6,90.0,1.0,359.0,2.2,91.0,0.0,,,,,,,,,,2017-06-29T23:23:00,,,,,,,,,,,,,,,,,,
2017-06-30 01:00:00,997.2,23.3,89.0,1.5,47.0,2.6,70.0,0.0,,,,,,,,,,2017-06-30T00:12:00,,,,,,,,,,,,,,,,,,
2017-06-30 02:00:00,996.5,23.5,87.0,1.5,21.0,3.0,60.0,0.0,,,,,,,,,,2017-06-30T01:36:00,,,,,,,,,,,,,,,,,,
2017-06-30 03:00:00,996.4,23.2,87.0,0.8,59.0,2.8,59.0,0.0,,,,,,,,,,2017-06-30T02:04:00,,,,,,,,,,,,,,,,,,
2017-06-30 04:00:00,996.0,23.1,87.0,1.4,51.0,3.2,72.0,0.0,,,,,,,,,,2017-06-30T03:24:00,,,,,,,,,,,,,,,,,,
2017-06-30 05:00:00,996.0,22.6,88.0,1.0,69.0,2.6,67.0,0.0,,,,,,,,,,2017-06-30T04:01:00,,,,,,,,,,,,,,,,,,
2017-06-30 06:00:00,995.9,23.0,86.0,0.8,80.0,3.2,65.0,0.0,,,,,,,,,,2017-06-30T05:32:00,,,,,,,,,,,,,,,,,,
2017-06-30 07:00:00,996.1,25.9,74.0,1.4,25.0,2.7,63.0,0.0,,,,,,,,,,2017-06-30T06:46:00,,,,,,,,,,,,,,,,,,
2017-06-30 08:00:00,996.4,29.3,60.0,0.5,94.0,3.5,66.0,0.0,,,,,,,,,,2017-06-30T07:15:00,,,,,,,,,,,,,,,,,,
2017-06-30 09:00:00,996.4,30.5,60.0,0.6,294.0,1.6,4.0,0.0,,,,,,,,,,2017-06-30T08:55:00,,,,,,,,,,,,,,,,,,
2017-06-30 10:00:00,996.3,31.8,60.0,1.0,256.0,2.3,259.0,0.0,,,,,,,,,,2017-06-30T09:11:00,,,,,,,,,,,,,,,,,,
2017-06-30 11:00:00,995.3,32.5,55.0,1.2,2.0,3.2,360.0,0.0,,,,,,,,,,2017-06-30T10:48:00,,,,,,,,,,,,,,,,,,
2017-06-30 12:00:00,995.2,33.8,55.0,1.4,325.0,5.5,260.0,0.0,,,,,,,,,,2017-06-30T11:40:00,,,,,,,,,,,,,,,,,,
2017-06-30 13:00:00,994.9,34.9,53.0,1.4,246.0,4.6,269.0,0.0,,,,,,,,,,2017-06-30T12:29:00,,,,,,,,,,,,,,,,,,
2017-06-30 14:00:00,994.4,35.1,54.0,2.3,223.0,4.6,253.0,0.0,,,,,,,,,,2017-06-30T13:35:00,,,,,,,,,,,,,,,,,,
2017-06-30 15:00:00,995.2,23.3,96.0,1.7,17.0,18.1,149.0,19.0,,,,,,,,,,2017-06-30T14:27:00,,,,,,,,,,,,,,,,,,
2017-06-30 16:00:00,994.1,24.0,97.0,1.1,11.0,4.2,38.0,0.0,,,,,,,,,,2017-06-30T15:14:00,,,,,,,,,,,,,,,,,,
2017-06-30 17:00:00,994.9,25.7,86.0,1.4,51.0,3.1,3.0,0.0,,,,,,,,,,2017-06-30T16:19:00,,,,,,,,,,,,,,,,,,
2017-06-30 18:00:00,995.1,26.1,84.0,1.1,22.0,2.8,51.0,0.0,,,,,,,,,,2017-06-30T17:13:00,,,,,,,,,,,,,,,,,,
2017-06-30 19:00:00,995.4,25.9,87.0,1.0,21.0,2.8,64.0,0.0,,,,,,,,,,2017-06-30T18:29:00,,,,,,,,,,,,,,,,,,
2017-06-30 20:00:00,995.8,25.7,88.0,1.5,60.0,2.1,54.0,0.0,,,,,,,,,,2017-06-30T19:58:00,,,,,,,,,,,,,,,,,,
2017-06-30 21:00:00,996.3,25.3,90.0,1.0,56.0,3.1,59.0,0.0,,,,,,,,,,2017-06-30T20:17:00,,,,,,,,,,,,,,,,,,
2017-06-30 22:00:00,996.5,25.6,89.0,0.4,32.0,2.4,73.0,0.0,,,,,,,,,,2017-06-30T21:24:00,,,,,,,,,,,,,,,,,,
2017-06-30 23:00:00,996.4,25.2,90.0,1.0,77.0,2.0,74.0,0.0,,,,,,,,,,2017-06-30T22:28:00,,,,,,,,,,,,,,,,,,
2017-07-01 00:00:00,996.2,25.5,88.0,0.8,14.0,3.1,47.0,0.0,,,,,,,,,,2017-06-30T23:31:00,,,,,,,,,,,,,,,,,,
2017-07-01 01:00:00,995.3,25.2,87.0,1.0,64.0,2.7,37.0,0.0,,,,,,,,,,2017-07-01T00:47:00,,,,,,,,,,,,,,,,,,
2017-07-01 02:00:00,994.8,24.7,90.0,1.4,53.0,2.5,43.0,0.0,,,,,,,,,,2017-07-01T01:58:00,,,,,,,,,,,,,,,,,,
2017-07-01 03:00:00,994.5,24.4,89.0,0.5,20.0,3.0,69.0,0.0,,,,,,,,,,2017-07-01T02:36:00,,,,,,,,,,,,,,,,,,
2017-07-01 04:00:00,994.2,23.8,90.0,0.9,61.0,2.5,53.0,0.0,,,,,,,,,,2017-07-01T03:32:00,,,,,,,,,,,,,,,,,,
2017-07-01 05:00:00,994.5,23.2,91.0,1.2,70.0,2.2,53.0,0.0,,,,,,,,,,2017-07-01T04:05:00,,,,,,,,,,,,,,,,,,
2017-07-01 06:00:00,995.0,23.9,86.0,0.8,25.0,2.6,69.0,0.0,,,,,,,,,,2017-07-01T05:20:00,,,,,,,,,,,,,,,,,,
2017-07-01 07:00:00,995.4,26.7,74.0,0.9,69.0,2.9,67.0,0.0,,,,,,,,,,2017-07-01T06:49:00,,,,,,,,,,,,,,,,,,
2017-07-01 08:00:00,995.7,29.0,64.0,1.1,40.0,2.8,65.0,0.0,,,,,,,,,,2017-07-01T07:12:00,,,,,,,,,,,,,,,,,,
2017-07-01 09:00:00,995.2,31.6,57.0,0.7,305.0,2.3,26.0,0.0,,,,,,,,,,2017-07-01T08:19:00,,,,,,,,,,,,,,,,,,
2017-07-01 10:00:00,995.0,32.2,60.0,2.5,226.0,4.5,230.0,0.0,,,,,,,,,,2017-07-01T09:55:00,,,,,,,,,,,,,,,,,,
2017-07-01 11:00:00,994.8,33.1,56.0,0.9,183.0,5.6,222.0,0.0,,,,,,,,,,2017-07-01T10:21:00,,,,,,,,,,,,,,,,,,
2017-07-01 12:00:00,994.5,34.0,59.0,2.9,203.0,5.4,201.0,0.0,,,,,,,,,,2017-07-01T11:12:00,,,,,,,,,,,,,,,,,,
2017-07-01 13:00:00,994.1,33.7,58.0,4.8,211.0,7.9,219.0,0.0,,,,,,,,,,2017-07-01T12:53:00,,,,,,,,,,,,,,,,,,
2017-07-01 14:00:00,993.6,34.1,57.0,4.9,218.0,9.3,196.0,0.0,,,,,,,,,,2017-07-01T13:52:00,,,,,,,,,,,,,,,,,,
2017-07-01 15:00:00,993.2,33.8,59.0,5.9,209.0,9.6,216.0,0.0,,,,,,,,,,2017-07-01T14:02:00,,,,,,,,,,,,,,,,,,
2017-07-01 16:00:00,992.8,33.2,58.0,4.6,200.0,10.1,182.0,0.0,,,,,,,,,,2017-07-01T15:09:00,,,,,,,,,,,,,,,,,,
2017-07-01 17:00:00,993.7,31.2,60.0,3.1,197.0,8.3,207.0,0.0,,,,,,,,,,2017-07-01T16:24:00,,,,,,,,,,,,,,,,,,
2017-07-01 18:00:00,995.2,30.5,65.0,2.7,186.0,5.6,196.0,0.0,,,,,,,,,,2017-07-01T17:43:00,,,,,,,,,,,,,,,,,,
2017-07-01 19:00:00,995.3,29.7,65.0,1.8,159.0,4.7,197.0,0.0,,,,,,,,,,2017-07-01T18:17:00,,,,,,,,,,,,,,,,,,
2017-07-01 20:00:00,995.4,27.8,73.0,1.2,12.0,3.1,201.0,0.0,,,,,,,,,,2017-07-01T19:09:00,,,,,,,,,,,,,,,,,,
2017-07-01 21:00:00,995.7,27.2,76.0,0.6,21.0,2.3,8.0,0.0,,,,,,,,,,2017-07-01T20:22:00,,,,,,,,,,,,,,,,,,
2017-07-01 22:00:00,996.1,26.5,81.0,1.8,60.0,3.1,4.0,0.0,,,,,,,,,,2017-07-01T21:20:00,,,,,,,,,,,,,,,,,,
2017-07-01 23:00:00,996.2,26.3,82.0,0.7,12.0,3.2,66.0,0.0,,,,,,,,,,2017-07-01T22:31:00,,,,,,,,,,,,,,,,,,
2017-07-02 00:00:00,995.9,25.8,84.0,1.0,37.0,3.3,45.0,0.0,,,,,,,,,,2017-07-01T23:15:00,,,,,,,,,,,,,,,,,,
2017-07-02 01:00:00,995.4,25.5,84.0,1.5,66.0,4.0,56.0,0.0,,,,,,,,,,2017-07-02T00:15:00,,,,,,,,,,,,,,,,,,
2017-07-02 02:00:00,995.0,25.4,83.0,1.3,34.0,3.5,9.0,0.0,,,,,,,,,,2017-07-02T01:33:00,,,,,,,,,,,,,,,,,,
2017-07-02 03:00:00,994.6,25.1,83.0,1.8,57.0,3.5,1.0,0.0,,,,,,,,,,2017-07-02T02:35:00,,,,,,,,,,,,,,,,,,
2017-07-02 04:00:00,994.4,24.8,83.0,1.2,49.0,3.0,72.0,0.0,,,,,,,,,,2017-07-02T03:13:00,,,,,,,,,,,,,,,,,,
2017-07-02 05:00:00,994.7,24.5,82.0,1.1,42.0,3.4,18.0,0.0,,,,,,,,,,2017-07-02T04:09:00,,,,,,,,,,,,,,,,,,
2017-07-02 06:00:00,994.9,24.6,82.0,1.5,35.0,2.8,9.0,0.0,,,,,,,,,,2017-07-02T05:44:00,,,,,,,,,,,,,,,,,,
2017-07-02 07:00:00,995.2,27.7,66.0,1.2,13.0,3.3,63.0,0.0,,,,,,,,,,2017-07-02T06:25:00,,,,,,,,,,,,,,,,,,
2017-07-02 08:00:00,995.3,30.0,59.0,1.1,79.0,3.1,59.0,0.0,,,,,,,,,,2017-07-02T07:41:00,,,,,,,,,,,,,,,,,,
2017-07-02 09:00:00,995.2,32.3,59.0,1.5,258.0,2.8,255.0,0.0,,,,,,,,,,2017-07-02T08:59:00,,,,,,,,,,,,,,,,,,
2017-07-02 10:00:00,995.4,32.8,57.0,0.9,6.0,3.7,260.0,0.0,,,,,,,,,,2017-07-02T09:17:00,,,,,,,,,,,,,,,,,,
2017-07-02 11:00:00,995.4,31.9,60.0,1.3,353.0,4.9,214.0,0.0,,,,,,,,,,2017-07-02T10:28:00,,,,,,,,,,,,,,,,,,
2017-07-02 12:00:00,994.5,34.3,56.0,1.2,286.0,2.9,235.0,0.0,,,,,,,,,,2017-07-02T11:39:00,,,,,,,,,,,,,,,,,,
2017-07-02 13:00:00,994.0,32.7,64.0,1.5,303.0,5.2,300.0,0.0,,,,,,,,,,2017-07-02T13:00:00,,,,,,,,,,,,,,,,,,
2017-07-02 14:00:00,993.5,28.5,85.0,0.6,303.0,5.8,290.0,2.5,,,,,,,,,,2017-07-02T13:02:00,,,,,,,,,,,,,,,,,,
2017-07-02 15:00:00,993.5,28.1,80.0,1.7,230.0,4.2,270.0,0.0,,,,,,,,,,2017-07-02T14:12:00,,,,,,,,,,,,,,,,,,
2017-07-02 16:00:00,993.7,26.3,91.0,2.4,198.0,3.8,216.0,1.5,,,,,,,,,,2017-07-02T16:00:00,,,,,,,,,,,,,,,,,,
2017-07-02 17:00:00,993.9,25.9,91.0,1.3,60.0,4.1,207.0,1.0,,,,,,,,,,2017-07-02T16:01:00,,,,,,,,,,,,,,,,,,
2017-07-02 18:00:00,994.6,26.3,91.0,2.3,13.0,3.6,7.0,0.0,,,,,,,,,,2017-07-02T18:00:00,,,,,,,,,,,,,,,,,,
2017-07-02 19:00:00,995.3,25.1,87.0,2.4,16.0,5.2,12.0,0.5,,,,,,,,,,2017-07-02T18:18:00,,,,,,,,,,,,,,,,,,
2017-07-02 20:00:00,996.1,24.4,91.0,0.6,78.0,4.2,5.0,0.0,,,,,,,,,,2017-07-02T19:19:00,,,,,,,,,,,,,,,,,,
2017-07-02 21:00:00,996.5,24.7,89.0,1.7,60.0,2.8,67.0,0.5,,,,,,,,,,2017-07-02T20:57:00,,,,,,,,,,,,,,,,,,
2017-07-02 22:00:00,996.9,24.6,90.0,1.6,24.0,3.9,13.0,2.0,,,,,,,,,,2017-07-02T21:39:00,,,,,,,,,,,,,,,,,,
2017-07-02 23:00:00,996.4,24.4,91.0,0.0,0.0,3.2,360.0,0.5,,,,,,,,,,2017-07-02T22:08:00,,,,,,,,,,,,,,,,,,
2017-07-03 00:00:00,995.8,24.3,92.0,1.1,68.0,2.3,10.0,0.0,,,,,,,,,,2017-07-02T23:09:00,,,,,,,,,,,,,,,,,,
2017-07-03 01:00:00,995.4,23.8,92.0,1.1,68.0,2.4,74.0,0.0,,,,,,,,,,2017-07-03T00:36:00,,,,,,,,,,,,,,,,,,
2017-07-03 02:00:00,994.6,24.1,90.0,1.4,19.0,2.8,16.0,0.0,,,,,,,,,,2017-07-03T01:24:00,,,,,,,,,,,,,,,,,,
2017-07-03 03:00:00,994.3,23.4,92.0,1.0,87.0,2.6,14.0,0.0,,,,,,,,,,2017-07-03T02:03:00,,,,,,,,,,,,,,,,,,
2017-07-03 04:00:00,994.4,23.7,90.0,1.4,69.0,2.9,56.0,0.0,,,,,,,,,,2017-07-03T03:21:00,,,,,,,,,,,,,,,,,,
2017-07-03 05:00:00,994.2,23.3,91.0,0.7,87.0,2.4,12.0,0.0,,,,,,,,,,2017-07-03T04:37:00,,,,,,,,,,,,,,,,,,
2017-07-03 06:00:00,994.7,23.5,90.0,1.3,51.0,2.5,83.0,0.0,,,,,,,,,,2017-07-03T05:51:00,,,,,,,,,,,,,,,,,,
2017-07-03 07:00:00,995.1,26.6,76.0,1.3,47.0,3.7,69.0,0.0,,,,,,,,,,2017-07-03T06:06:00,,,,,,,,,,,,,,,,,,
2017-07-03 08:00:00,995.0,29.3,68.0,0.6,70.0,2.3,38.0,0.0,,,,,,,,,,2017-07-03T07:07:00,,,,,,,,,,,,,,,,,,
2017-07-03 09:00:00,995.1,31.0,65.0,1.5,272.0,2.2,249.0,0.0,,,,,,,,,,2017-07-03T08:58:00,,,,,,,,,,,,,,,,,,
2017-07-03 10:00:00,995.4,31.9,62.0,1.0,244.0,3.5,160.0,0.0,,,,,,,,,,2017-07-03T10:00:00,,,,,,,,,,,,,,,,,,
2017-07-03 11:00:00,995.8,32.9,60.0,1.9,238.0,4.0,260.0,0.0,,,,,,,,,,2017-07-03T10:52:00,,,,,,,,,,,,,,,,,,
2017-07-03 12:00:00,995.2,32.8,58.0,1.1,167.0,5.5,233.0,0.0,,,,,,,,,,2017-07-03T11:20:00,,,,,,,,,,,,,,,,,,
2017-07-03 13:00:00,994.8,33.4,58.0,2.6,219.0,4.7,218.0,0.0,,,,,,,,,,2017-07-03T12:55:00,,,,,,,,,,,,,,,,,,
2017-07-03 14:00:00,994.4,32.6,65.0,3.2,251.0,5.1,260.0,0.0,,,,,,,,,,2017-07-03T13:55:00,,,,,,,,,,,,,,,,,,
2017-07-03 15:00:00,993.6,33.2,66.0,1.2,312.0,5.4,257.0,0.0,,,,,,,,,,2017-07-03T14:08:00,,,,,,,,,,,,,,,,,,
2017-07-03 16:00:00,994.0,27.4,80.0,3.3,101.0,8.7,108.0,0.0,,,,,,,,,,2017-07-03T16:00:00,,,,,,,,,,,,,,,,,,
2017-07-03 17:00:00,994.2,25.4,89.0,1.3,11.0,9.0,117.0,9.0,,,,,,,,,,2017-07-03T16:05:00,,,,,,,,,,,,,,,,,,
2017-07-03 18:00:00,995.0,25.8,87.0,1.2,61.0,4.1,61.0,0.0,,,,,,,,,,2017-07-03T17:17:00,,,,,,,,,,,,,,,,,,
2017-07-03 19:00:00,996.0,25.6,89.0,0.5,351.0,3.0,55.0,0.0,,,,,,,,,,2017-07-03T18:40:00,,,,,,,,,,,,,,,,,,
2017-07-03 20:00:00,996.4,25.5,90.0,1.0,13.0,2.4,87.0,0.0,,,,,,,,,,2017-07-03T19:09:00,,,,,,,,,,,,,,,,,,
2017-07-03 21:00:00,997.3,25.7,90.0,1.4,58.0,3.0,7.0,0.0,,,,,,,,,,2017-07-03T20:49:00,,,,,,,,,,,,,,,,,,
2017-07-03 22:00:00,997.6,25.4,91.0,0.4,95.0,2.5,62.0,0.0,,,,,,,,,,2017-07-03T21:24:00,,,,,,,,,,,,,,,,,,
2017-07-03 23:00:00,997.4,25.9,90.0,0.9,42.0,2.6,9.0,0.0,,,,,,,,,,2017-07-03T22:29:00,,,,,,,,,,,,,,,,,,
2017-07-04 00:00:00,996.8,25.7,90.0,0.2,0.0,2.6,69.0,0.0,,,,,,,,,,2017-07-03T23:33:00,,,,,,,,,,,,,,,,,,
2017-07-04 01:00:00,996.1,25.3,91.0,1.2,55.0,2.7,58.0,0.0,,,,,,,,,,2017-07-04T00:47:00,,,,,,,,,,,,,,,,,,
2017-07-04 02:00:00,995.6,24.9,92.0,1.5,69.0,3.1,71.0,0.0,,,,,,,,,,2017-07-04T01:46:00,,,,,,,,,,,,,,,,,,
2017-07-04 03:00:00,995.0,24.8,91.0,1.0,63.0,3.1,58.0,0.0,,,,,,,,,,2017-07-04T02:09:00,,,,,,,,,,,,,,,,,,
2017-07-04 04:00:00,994.8,24.3,92.0,1.1,79.0,1.9,63.0,0.0,,,,,,,,,,2017-07-04T03:10:00,,,,,,,,,,,,,,,,,,
2017-07-04 05:00:00,995.0,24.1,92.0,0.9,78.0,2.8,35.0,0.0,,,,,,,,,,2017-07-04T04:25:00,,,,,,,,,,,,,,,,,,
2017-07-04 06:00:00,996.0,24.2,92.0,0.4,87.0,1.7,84.0,0.0,,,,,,,,,,2017-07-04T05:53:00,,,,,,,,,,,,,,,,,,
2017-07-04 07:00:00,996.7,26.8,79.0,0.7,50.0,2.5,2.0,0.0,,,,,,,,,,2017-07-04T06:24:00,,,,,,,,,,,,,,,,,,
2017-07-04 08:00:00,997.1,29.4,66.0,0.9,12.0,2.2,354.0,0.0,,,,,,,,,,2017-07-04T07:44:00,,,,,,,,,,,,,,,,,,
2017-07-04 09:00:00,997.2,31.1,59.0,0.4,347.0,2.2,11.0,0.0,,,,,,,,,,2017-07-04T08:03:00,,,,,,,,,,,,,,,,,,
2017-07-04 10:00:00,997.3,32.7,59.0,1.6,288.0,3.0,270.0,0.0,,,,,,,,,,2017-07-04T09:45:00,,,,,,,,,,,,,,,,,,
2017-07-04 11:00:00,997.0,33.0,61.0,1.2,280.0,4.1,301.0,0.0,,,,,,,,,,2017-07-04T11:00:00,,,,,,,,,,,,,,,,,,
2017-07-04 12:00:00,996.2,34.3,57.0,1.0,199.0,3.5,279.0,0.0,,,,,,,,,,2017-07-04T11:17:00,,,,,,,,,,,,,,,,,,
2017-07-04 13:00:00,995.7,33.0,62.0,3.1,283.0,7.3,276.0,0.0,,,,,,,,,,2017-07-04T12:58:00,,,,,,,,,,,,,,,,,,
2017-07-04 14:00:00,996.3,27.7,79.0,1.0,230.0,7.9,211.0,0.0,,,,,,,,,,2017-07-04T13:34:00,,,,,,,,,,,,,,,,,,
2017-07-04 15:00:00,997.2,26.1,87.0,0.8,261.0,5.5,95.0,1.5,,,,,,,,,,2017-07-04T14:30:00,,,,,,,,,,,,,,,,,,
2017-07-04 16:00:00,996.6,25.8,90.0,1.1,40.0,4.3,34.0,0.5,,,,,,,,,,2017-07-04T15:28:00,,,,,,,,,,,,,,,,,,
2017-07-04 17:00:00,996.6,25.6,87.0,1.7,28.0,4.4,10.0,0.0,,,,,,,,,,2017-07-04T16:28:00,,,,,,,,,,,,,,,,,,
2017-07-04 18:00:00,996.8,25.5,89.0,0.8,77.0,3.8,10.0,0.0,,,,,,,,,,2017-07-04T17:08:00,,,,,,,,,,,,,,,,,,
2017-07-04 19:00:00,996.9,25.3,91.0,1.8,52.0,3.5,17.0,1.0,,,,,,,,,,2017-07-04T18:39:00,,,,,,,,,,,,,,,,,,
2017-07-04 20:00:00,997.2,25.1,92.0,0.8,116.0,2.8,30.0,0.0,,,,,,,,,,2017-07-04T19:01:00,,,,,,,,,,,,,,,,,,
2017-07-04 21:00:00,997.3,24.9,93.0,0.7,39.0,1.7,57.0,0.0,,,,,,,,,,2017-07-04T20:30:00,,,,,,,,,,,,,,,,,,
2017-07-04 22:00:00,997.5,24.5,93.0,0.1,0.0,2.2,42.0,0.0,,,,,,,,,,2017-07-04T21:18:00,,,,,,,,,,,,,,,,,,
2017-07-04 23:00:00,997.3,24.1,94.0,0.0,0.0,1.4,118.0,0.0,,,,,,,,,,2017-07-04T22:43:00,,,,,,,,,,,,,,,,,,
2017-07-05 00:00:00,997.3,23.8,94.0,0.3,115.0,1.9,118.0,0.0,,,,,,,,,,2017-07-04T23:48:00,,,,,,,,,,,,,,,,,,
2017-07-05 01:00:00,997.1,24.2,91.0,1.0,9.0,2.3,63.0,0.0,,,,,,,,,,2017-07-05T00:19:00,,,,,,,,,,,,,,,,,,
2017-07-05 02:00:00,996.6,23.9,91.0,1.1,50.0,2.7,51.0,0.0,,,,,,,,,,2017-07-05T01:35:00,,,,,,,,,,,,,,,,,,
2017-07-05 03:00:00,996.6,23.6,90.0,0.8,67.0,2.8,67.0,0.0,,,,,,,,,,2017-07-05T02:12:00,,,,,,,,,,,,,,,,,,
2017-07-05 04:00:00,997.1,23.3,91.0,0.4,59.0,1.6,81.0,0.0,,,,,,,,,,2017-07-05T03:09:00,,,,,,,,,,,,,,,,,,
2017-07-05 05:00:00,997.3,23.0,91.0,1.1,52.0,2.2,59.0,0.0,,,,,,,,,,2017-07-05T04:54:00,,,,,,,,,,,,,,,,,,
2017-07-05 06:00:00,997.4,23.6,87.0,1.4,46.0,3.4,53.0,0.0,,,,,,,,,,2017-07-05T05:51:00,,,,,,,,,,,,,,,,,,
2017-07-05 07:00:00,997.7,26.3,75.0,0.6,58.0,3.0,63.0,0.0,,,,,,,,,,2017-07-05T06:25:00,,,,,,,,,,,,,,,,,,
2017-07-05 08:00:00,997.8,28.6,66.0,0.9,345.0,1.9,61.0,0.0,,,,,,,,,,2017-07-05T07:30:00,,,,,,,,,,,,,,,,,,
2017-07-05 09:00:00,998.1,31.3,59.0,0.8,217.0,1.9,226.0,0.0,,,,,,,,,,2017-07-05T08:58:00,,,,,,,,,,,,,,,,,,
2017-07-05 10:00:00,998.4,31.7,60.0,1.6,188.0,3.4,197.0,0.0,,,,,,,,,,2017-07-05T09:19:00,,,,,,,,,,,,,,,,,,
2017-07-05 11:00:00,998.8,32.6,61.0,1.8,190.0,4.3,258.0,0.0,,,,,,,,,,2017-07-05T10:25:00,,,,,,,,,,,,,,,,,,
2017-07-05 12:00:00,998.6,33.4,59.0,1.1,214.0,4.3,230.0,0.0,,,,,,,,,,2017-07-05T11:08:00,,,,,,,,,,,,,,,,,,
2017-07-05 13:00:00,998.2,33.1,58.0,1.4,280.0,3.0,286.0,0.0,,,,,,,,,,2017-07-05T12:55:00,,,,,,,,,,,,,,,,,,
2017-07-05 14:00:00,997.5,32.8,57.0,1.5,318.0,3.0,348.0,0.0,,,,,,,,,,2017-07-05T13:43:00,,,,,,,,,,,,,,,,,,
2017-07-05 15:00:00,996.3,33.8,55.0,1.0,261.0,2.9,277.0,0.0,,,,,,,,,,2017-07-05T14:27:00,,,,,,,,,,,,,,,,,,
2017-07-05 16:00:00,995.8,33.8,56.0,1.1,306.0,3.1,12.0,0.0,,,,,,,,,,2017-07-05T15:42:00,,,,,,,,,,,,,,,,,,
2017-07-05 17:00:00,995.8,33.1,62.0,1.9,279.0,4.0,254.0,0.0,,,,,,,,,,2017-07-05T16:53:00,,,,,,,,,,,,,,,,,,
2017-07-05 18:00:00,996.0,31.2,68.0,0.7,310.0,3.4,285.0,0.0,,,,,,,,,,2017-07-05T17:10:00,,,,,,,,,,,,,,,,,,
2017-07-05 19:00:00,996.9,29.8,72.0,0.6,302.0,1.9,284.0,0.0,,,,,,,,,,2017-07-05T18:24:00,,,,,,,,,,,,,,,,,,
2017-07-05 20:00:00,997.5,28.5,79.0,1.3,107.0,2.4,339.0,0.0,,,,,,,,,,2017-07-05T19:28:00,,,,,,,,,,,,,,,,,,
2017-07-05 21:00:00,998.0,27.7,82.0,0.6,139.0,1.9,56.0,0.0,,,,,,,,,,2017-07-05T20:22:00,,,,,,,,,,,,,,,,,,
2017-07-05 22:00:00,998.6,27.5,86.0,0.5,359.0,1.5,58.0,0.0,,,,,,,,,,2017-07-05T21:40:00,,,,,,,,,,,,,,,,,,
2017-07-05 23:00:00,998.5,27.0,86.0,0.7,326.0,2.0,50.0,0.0,,,,,,,,,,2017-07-05T22:46:00,,,,,,,,,,,,,,,,,,
2017-07-06 00:00:00,998.6,26.2,91.0,0.8,354.0,1.8,68.0,0.0,,,,,,,,,,2017-07-05T23:27:00,,,,,,,,,,,,,,,,,,
2017-07-06 01:00:00,998.5,26.0,90.0,0.9,281.0,1.9,63.0,0.0,,,,,,,,,,2017-07-06T00:14:00,,,,,,,,,,,,,,,,,,
2017-07-06 02:00:00,998.2,25.4,92.0,0.9,78.0,1.4,29.0,0.0,,,,,,,,,,2017-07-06T01:08:00,,,,,,,,,,,,,,,,,,
2017-07-06 03:00:00,997.6,25.3,92.0,0.7,126.0,2.2,34.0,0.0,,,,,,,,,,2017-07-06T02:09:00,,,,,,,,,,,,,,,,,,
2017-07-06 04:00:00,997.2,25.5,91.0,0.4,26.0,3.3,1.0,0.0,,,,,,,,,,2017-07-06T03:37:00,,,,,,,,,,,,,,,,,,
2017-07-06 05:00:00,997.3,25.7,89.0,1.4,13.0,2.2,4.0,0.0,,,,,,,,,,2017-07-06T04:58:00,,,,,,,,,,,,,,,,,,
2017-07-06 06:00:00,997.7,25.7,88.0,1.0,41.0,2.5,3.0,0.0,,,,,,,,,,2017-07-06T05:02:00,,,,,,,,,,,,,,,,,,
2017-07-06 07:00:00,997.6,27.7,77.0,1.0,59.0,3.2,67.0,0.0,,,,,,,,,,2017-07-06T06:37:00,,,,,,,,,,,,,,,,,,
2017-07-06 08:00:00,997.5,29.6,69.0,0.8,47.0,3.1,41.0,0.0,,,,,,,,,,2017-07-06T07:40:00,,,,,,,,,,,,,,,,,,
2017-07-06 09:00:00,997.6,31.5,66.0,0.9,276.0,2.7,244.0,0.0,,,,,,,,,,2017-07-06T08:42:00,,,,,,,,,,,,,,,,,,
2017-07-06 10:00:00,997.8,32.5,62.0,1.4,186.0,3.2,221.0,0.0,,,,,,,,,,2017-07-06T09:06:00,,,,,,,,,,,,,,,,,,
2017-07-06 11:00:00,997.5,33.2,60.0,1.4,350.0,3.9,297.0,0.0,,,,,,,,,,2017-07-06T10:37:00,,,,,,,,,,,,,,,,,,
2017-07-06 12:00:00,997.1,33.4,61.0,1.7,288.0,4.8,293.0,0.0,,,,,,,,,,2017-07-06T11:54:00,,,,,,,,,,,,,,,,,,
2017-07-06 13:00:00,996.5,34.5,59.0,1.4,289.0,5.2,14.0,0.0,,,,,,,,,,2017-07-06T12:10:00,,,,,,,,,,,,,,,,,,
2017-07-06 14:00:00,995.2,34.0,61.0,2.4,281.0,5.2,287.0,0.0,,,,,,,,,,2017-07-06T13:45:00,,,,,,,,,,,,,,,,,,
2017-07-06 15:00:00,997.7,24.4,93.0,4.1,20.0,11.9,184.0,28.5,,,,,,,,,,2017-07-06T14:29:00,,,,,,,,,,,,,,,,,,
2017-07-06 16:00:00,997.2,24.4,94.0,2.7,14.0,7.4,13.0,14.5,,,,,,,,,,2017-07-06T15:02:00,,,,,,,,,,,,,,,,,,
2017-07-06 17:00:00,997.0,24.4,93.0,0.7,67.0,4.7,54.0,1.5,,,,,,,,,,2017-07-06T16:36:00,,,,,,,,,,,,,,,,,,
2017-07-06 18:00:00,997.3,24.5,92.0,1.1,42.0,3.0,31.0,1.5,,,,,,,,,,2017-07-06T17:49:00,,,,,,,,,,,,,,,,,,
2017-07-06 19:00:00,997.7,24.7,91.0,1.3,29.0,2.6,63.0,0.5,,,,,,,,,,2017-07-06T18:58:00,,,,,,,,,,,,,,,,,,
2017-07-06 20:00:00,998.6,24.5,91.0,1.6,53.0,3.2,173.0,0.0,,,,,,,,,,2017-07-06T19:08:00,,,,,,,,,,,,,,,,,,
2017-07-06 21:00:00,999.1,24.8,89.0,1.4,29.0,4.2,63.0,0.0,,,,,,,,,,2017-07-06T20:45:00,,,,,,,,,,,,,,,,,,
2017-07-06 22:00:00,999.6,24.5,90.0,0.9,83.0,2.9,58.0,0.0,,,,,,,,,,2017-07-06T21:31:00,,,,,,,,,,,,,,,,,,
2017-07-06 23:00:00,999.2,24.4,91.0,0.6,31.0,2.8,27.0,0.0,,,,,,,,,,2017-07-06T22:38:00,,,,,,,,,,,,,,,,,,
2017-07-07 00:00:00,998.9,24.3,91.0,0.6,352.0,2.2,343.0,0.0,,,,,,,,,,2017-07-06T23:34:00,,,,,,,,,,,,,,,,,,
2017-07-07 01:00:00,998.6,24.0,91.0,1.4,67.0,2.4,15.0,0.0,,,,,,,,,,2017-07-07T00:14:00,,,,,,,,,,,,,,,,,,
2017-07-07 02:00:00,998.1,24.1,90.0,1.4,35.0,3.4,41.0,0.0,,,,,,,,,,2017-07-07T01:46:00,,,,,,,,,,,,,,,,,,
2017-07-07 03:00:00,997.3,23.7,91.0,0.9,51.0,3.7,65.0,0.0,,,,,,,,,,2017-07-07T02:15:00,,,,,,,,,,,,,,,,,,
2017-07-07 04:00:00,996.8,23.3,92.0,1.0,59.0,2.2,60.0,0.0,,,,,,,,,,2017-07-07T03:38:00,,,,,,,,,,,,,,,,,,
2017-07-07 05:00:00,997.0,23.6,90.0,1.2,18.0,3.4,29.0,0.0,,,,,,,,,,2017-07-07T04:48:00,,,,,,,,,,,,,,,,,,
2017-07-07 06:00:00,997.6,23.7,89.0,2.1,54.0,4.1,53.0,0.0,,,,,,,,,,2017-07-07T05:57:00,,,,,,,,,,,,,,,,,,
2017-07-07 07:00:00,997.7,24.5,86.0,1.7,31.0,4.3,61.0,0.0,,,,,,,,,,2017-07-07T06:07:00,,,,,,,,,,,,,,,,,,
2017-07-07 08:00:00,997.7,26.9,75.0,0.7,29.0,3.8,13.0,0.0,,,,,,,,,,2017-07-07T07:22:00,,,,,,,,,,,,,,,,,,
2017-07-07 09:00:00,998.0,28.1,75.0,0.9,43.0,2.2,59.0,0.5,,,,,,,,,,2017-07-07T08:38:00,,,,,,,,,,,,,,,,,,
2017-07-07 10:00:00,997.7,30.2,68.0,0.9,301.0,2.8,11.0,0.0,,,,,,,,,,2017-07-07T09:13:00,,,,,,,,,,,,,,,,,,
2017-07-07 11:00:00,997.9,31.7,64.0,0.4,220.0,4.1,208.0,0.0,,,,,,,,,,2017-07-07T10:42:00,,,,,,,,,,,,,,,,,,
2017-07-07 12:00:00,997.9,33.0,62.0,1.1,274.0,3.0,152.0,0.0,,,,,,,,,,2017-07-07T11:01:00,,,,,,,,,,,,,,,,,,
2017-07-07 13:00:00,997.5,32.5,65.0,4.4,213.0,7.5,210.0,0.0,,,,,,,,,,2017-07-07T13:00:00,,,,,,,,,,,,,,,,,,
2017-07-07 14:00:00,997.0,33.2,61.0,4.6,217.0,9.3,209.0,0.0,,,,,,,,,,2017-07-07T13:24:00,,,,,,,,,,,,,,,,,,
2017-07-07 15:00:00,997.3,30.2,64.0,2.7,114.0,8.3,207.0,0.0,,,,,,,,,,2017-07-07T14:17:00,,,,,,,,,,,,,,,,,,
2017-07-07 16:00:00,997.5,27.4,70.0,1.8,65.0,6.3,65.0,0.0,,,,,,,,,,2017-07-07T15:06:00,,,,,,,,,,,,,,,,,,
2017-07-07 17:00:00,997.6,25.7,85.0,1.8,19.0,4.8,60.0,0.5,,,,,,,,,,2017-07-07T16:21:00,,,,,,,,,,,,,,,,,,
2017-07-07 18:00:00,998.7,23.5,91.0,2.6,101.0,7.7,121.0,8.5,,,,,,,,,,2017-07-07T17:53:00,,,,,,,,,,,,,,,,,,
2017-07-07 19:00:00,999.0,23.4,93.0,1.4,30.0,5.1,58.0,9.0,,,,,,,,,,2017-07-07T18:01:00,,,,,,,,,,,,,,,,,,
2017-07-07 20:00:00,999.4,23.8,91.0,1.2,21.0,3.9,58.0,1.0,,,,,,,,,,2017-07-07T19:02:00,,,,,,,,,,,,,,,,,,
2017-07-07 21:00:00,999.5,24.2,91.0,1.5,24.0,3.2,33.0,0.0,,,,,,,,,,2017-07-07T20:17:00,,,,,,,,,,,,,,,,,,
2017-07-07 22:00:00,1000.6,24.3,91.0,1.2,23.0,3.8,56.0,0.0,,,,,,,,,,2017-07-07T21:40:00,,,,,,,,,,,,,,,,,,
2017-07-07 23:00:00,1000.6,24.4,89.0,1.5,30.0,3.1,2.0,0.0,,,,,,,,,,2017-07-07T22:36:00,,,,,,,,,,,,,,,,,,
2017-07-08 00:00:00,1000.2,24.6,87.0,1.5,24.0,3.5,52.0,0.0,,,,,,,,,,2017-07-07T23:32:00,,,,,,,,,,,,,,,,,,
2017-07-08 01:00:00,999.6,24.3,87.0,1.3,56.0,3.0,16.0,0.0,,,,,,,,,,2017-07-08T00:01:00,,,,,,,,,,,,,,,,,,
2017-07-08 02:00:00,999.1,23.9,88.0,1.0,59.0,2.3,58.0,0.0,,,,,,,,,,2017-07-08T01:08:00,,,,,,,,,,,,,,,,,,
2017-07-08 03:00:00,998.4,24.0,88.0,1.0,31.0,2.3,70.0,0.0,,,,,,,,,,2017-07-08T02:45:00,,,,,,,,,,,,,,,,,,
2017-07-08 04:00:00,998.0,23.9,87.0,1.2,45.0,3.0,85.0,0.0,,,,,,,,,,2017-07-08T03:48:00,,,,,,,,,,,,,,,,,,
2017-07-08 05:00:00,997.7,23.6,88.0,1.3,58.0,2.7,71.0,0.0,,,,,,,,,,2017-07-08T04:58:00,,,,,,,,,,,,,,,,,,
2017-07-08 06:00:00,997.5,23.8,87.0,1.3,59.0,2.5,74.0,0.0,,,,,,,,,,2017-07-08T05:56:00,,,,,,,,,,,,,,,,,,
2017-07-08 07:00:00,997.8,24.8,82.0,0.9,38.0,2.4,46.0,0.0,,,,,,,,,,2017-07-08T06:51:00,,,,,,,,,,,,,,,,,,
2017-07-08 08:00:00,998.0,26.3,75.0,1.7,55.0,3.7,61.0,0.0,,,,,,,,,,2017-07-08T07:41:00,,,,,,,,,,,,,,,,,,
2017-07-08 09:00:00,998.4,28.5,65.0,1.2,14.0,3.0,59.0,0.0,,,,,,,,,,2017-07-08T08:37:00,,,,,,,,,,,,,,,,,,
2017-07-08 10:00:00,998.2,31.5,62.0,1.0,336.0,2.3,20.0,0.0,,,,,,,,,,2017-07-08T09:37:00,,,,,,,,,,,,,,,,,,
2017-07-08 11:00:00,998.0,32.4,64.0,1.4,256.0,3.4,261.0,0.0,,,,,,,,,,2017-07-08T10:44:00,,,,,,,,,,,,,,,,,,
2017-07-08 12:00:00,997.8,32.9,58.0,1.9,285.0,4.8,290.0,0.0,,,,,,,,,,2017-07-08T11:27:00,,,,,,,,,,,,,,,,,,
2017-07-08 13:00:00,997.4,33.8,60.0,1.6,268.0,3.9,239.0,0.0,,,,,,,,,,2017-07-08T12:15:00,,,,,,,,,,,,,,,,,,
2017-07-08 14:00:00,996.9,33.2,63.0,1.0,308.0,4.1,2.0,0.0,,,,,,,,,,2017-07-08T13:33:00,,,,,,,,,,,,,,,,,,
2017-07-08 15:00:00,995.9,32.6,65.0,2.0,289.0,4.5,18.0,0.0,,,,,,,,,,2017-07-08T14:53:00,,,,,,,,,,,,,,,,,,
2017-07-08 16:00:00,996.1,28.1,87.0,1.2,315.0,4.6,3.0,10.5,,,,,,,,,,2017-07-08T15:14:00,,,,,,,,,,,,,,,,,,
2017-07-08 17:00:00,996.2,27.8,89.0,1.4,75.0,3.2,21.0,4.5,,,,,,,,,,2017-07-08T16:09:00,,,,,,,,,,,,,,,,,,
2017-07-08 18:00:00,996.9,28.0,83.0,1.5,8.0,4.7,350.0,0.0,,,,,,,,,,2017-07-08T18:00:00,,,,,,,,,,,,,,,,,,
2017-07-08 19:00:00,998.2,24.0,95.0,1.5,27.0,7.0,68.0,37.5,,,,,,,,,,2017-07-08T18:26:00,,,,,,,,,,,,,,,,,,
2017-07-08 20:00:00,998.6,24.2,95.0,0.9,7.0,3.3,10.0,0.5,,,,,,,,,,2017-07-08T19:04:00,,,,,,,,,,,,,,,,,,
2017-07-08 21:00:00,999.1,24.5,94.0,0.4,16.0,2.1,61.0,0.0,,,,,,,,,,2017-07-08T20:35:00,,,,,,,,,,,,,,,,,,
2017-07-08 22:00:00,999.5,24.4,94.0,0.2,0.0,1.5,69.0,0.0,,,,,,,,,,2017-07-08T21:30:00,,,,,,,,,,,,,,,,,,
2017-07-08 23:00:00,999.5,24.2,94.0,0.5,47.0,1.6,57.0,0.0,,,,,,,,,,2017-07-08T22:56:00,,,,,,,,,,,,,,,,,,
2017-07-09 00:00:00,999.2,24.3,92.0,1.2,67.0,2.3,64.0,0.0,,,,,,,,,,2017-07-08T23:53:00,,,,,,,,,,,,,,,,,,
2017-07-09 01:00:00,998.8,24.2,92.0,1.3,65.0,2.6,68.0,0.0,,,,,,,,,,2017-07-09T00:07:00,,,,,,,,,,,,,,,,,,
2017-07-09 02:00:00,998.2,23.8,93.0,1.0,80.0,1.9,66.0,0.0,,,,,,,,,,2017-07-09T01:33:00,,,,,,,,,,,,,,,,,,
2017-07-09 03:00:00,998.0,24.1,92.0,0.7,31.0,1.9,70.0,0.0,,,,,,,,,,2017-07-09T02:18:00,,,,,,,,,,,,,,,,,,
2017-07-09 04:00:00,997.7,23.7,92.0,0.6,65.0,2.3,45.0,0.0,,,,,,,,,,2017-07-09T03:28:00,,,,,,,,,,,,,,,,,,
2017-07-09 05:00:00,997.6,23.4,93.0,0.0,0.0,2.2,65.0,0.0,,,,,,,,,,2017-07-09T04:10:00,,,,,,,,,,,,,,,,,,
2017-07-09 06:00:00,997.6,23.7,93.0,0.7,42.0,2.1,52.0,0.0,,,,,,,,,,2017-07-09T05:25:00,,,,,,,,,,,,,,,,,,
2017-07-09 07:00:00,997.9,25.3,85.0,1.1,69.0,2.4,75.0,0.0,,,,,,,,,,2017-07-09T06:03:00,,,,,,,,,,,,,,,,,,
2017-07-09 08:00:00,997.8,27.8,73.0,1.1,33.0,2.6,45.0,0.0,,,,,,,,,,2017-07-09T07:27:00,,,,,,,,,,,,,,,,,,
2017-07-09 09:00:00,998.0,30.0,63.0,0.6,80.0,2.1,8.0,0.0,,,,,,,,,,2017-07-09T08:04:00,,,,,,,,,,,,,,,,,,
2017-07-09 10:00:00,997.9,31.3,61.0,0.7,357.0,2.6,213.0,0.0,,,,,,,,,,2017-07-09T09:19:00,,,,,,,,,,,,,,,,,,
2017-07-09 11:00:00,997.6,32.4,61.0,1.5,269.0,3.0,240.0,0.0,,,,,,,,,,2017-07-09T11:00:00,,,,,,,,,,,,,,,,,,
2017-07-09 12:00:00,997.2,33.3,60.0,2.0,248.0,3.2,269.0,0.0,,,,,,,,,,2017-07-09T11:15:00,,,,,,,,,,,,,,,,,,
2017-07-09 13:00:00,996.8,33.0,57.0,0.3,159.0,3.1,268.0,0.0,,,,,,,,,,2017-07-09T12:02:00,,,,,,,,,,,,,,,,,,
2017-07-09 14:00:00,996.1,33.0,57.0,1.2,27.0,2.9,18.0,0.0,,,,,,,,,,2017-07-09T13:50:00,,,,,,,,,,,,,,,,,,
2017-07-09 15:00:00,995.8,33.1,62.0,1.5,281.0,4.0,360.0,0.0,,,,,,,,,,2017-07-09T14:05:00,,,,,,,,,,,,,,,,,,
2017-07-09 16:00:00,995.4,30.9,74.0,2.3,236.0,5.0,231.0,0.5,,,,,,,,,,2017-07-09T15:40:00,,,,,,,,,,,,,,,,,,
2017-07-09 17:00:00,995.5,28.2,82.0,0.4,164.0,5.0,195.0,1.5,,,,,,,,,,2017-07-09T16:36:00,,,,,,,,,,,,,,,,,,
2017-07-09 18:00:00,995.8,28.0,85.0,1.0,69.0,3.2,18.0,0.0,,,,,,,,,,2017-07-09T17:26:00,,,,,,,,,,,,,,,,,,
2017-07-09 19:00:00,996.3,27.7,86.0,0.6,56.0,3.5,53.0,0.0,,,,,,,,,,2017-07-09T18:12:00,,,,,,,,,,,,,,,,,,
2017-07-09 20:00:00,997.0,27.2,88.0,1.9,56.0,3.0,49.0,0.0,,,,,,,,,,2017-07-09T19:56:00,,,,,,,,,,,,,,,,,,
2017-07-09 21:00:00,997.3,26.8,90.0,0.7,341.0,3.3,40.0,0.0,,,,,,,,,,2017-07-09T20:10:00,,,,,,,,,,,,,,,,,,
2017-07-09 22:00:00,997.6,26.7,91.0,0.6,346.0,2.4,21.0,0.0,,,,,,,,,,2017-07-09T21:01:00,,,,,,,,,,,,,,,,,,
2017-07-09 23:00:00,997.4,26.3,92.0,1.4,65.0,2.8,40.0,0.0,,,,,,,,,,2017-07-09T22:31:00,,,,,,,,,,,,,,,,,,
2017-07-10 00:00:00,997.1,26.1,92.0,1.0,65.0,3.0,57.0,0.0,,,,,,,,,,2017-07-09T23:14:00,,,,,,,,,,,,,,,,,,
2017-07-10 01:00:00,996.3,25.9,92.0,1.1,52.0,2.9,60.0,0.0,,,,,,,,,,2017-07-10T00:21:00,,,,,,,,,,,,,,,,,,
2017-07-10 02:00:00,995.8,25.5,91.0,1.4,55.0,3.2,49.0,0.0,,,,,,,,,,2017-07-10T01:13:00,,,,,,,,,,,,,,,,,,
2017-07-10 03:00:00,995.4,24.8,93.0,0.8,79.0,1.9,56.0,0.0,,,,,,,,,,2017-07-10T02:01:00,,,,,,,,,,,,,,,,,,
2017-07-10 04:00:00,995.3,24.9,93.0,0.8,27.0,2.6,62.0,0.0,,,,,,,,,,2017-07-10T03:17:00,,,,,,,,,,,,,,,,,,
2017-07-10 05:00:00,995.5,24.6,92.0,1.4,55.0,2.9,29.0,0.0,,,,,,,,,,2017-07-10T04:53:00,,,,,,,,,,,,,,,,,,
2017-07-10 06:00:00,995.8,24.7,91.0,1.1,45.0,2.5,44.0,0.0,,,,,,,,,,2017-07-10T05:51:00,,,,,,,,,,,,,,,,,,
2017-07-10 07:00:00,996.3,26.1,84.0,0.8,31.0,2.8,65.0,0.0,,,,,,,,,,2017-07-10T06:19:00,,,,,,,,,,,,,,,,,,
2017-07-10 08:00:00,996.5,27.6,77.0,1.7,50.0,3.5,70.0,0.0,,,,,,,,,,2017-07-10T07:13:00,,,,,,,,,,,,,,,,,,
2017-07-10 09:00:00,996.2,29.9,68.0,1.5,359.0,3.0,61.0,0.0,,,,,,,,,,2017-07-10T08:12:00,,,,,,,,,,,,,,,,,,
2017-07-10 10:00:00,996.1,31.7,65.0,1.3,217.0,3.5,202.0,0.0,,,,,,,,,,2017-07-10T09:50:00,,,,,,,,,,,,,,,,,,
2017-07-10 11:00:00,996.2,32.6,65.0,1.7,217.0,4.8,218.0,0.0,,,,,,,,,,2017-07-10T10:07:00,,,,,,,,,,,,,,,,,,
2017-07-10 12:00:00,996.0,33.6,61.0,2.6,192.0,5.5,167.0,0.0,,,,,,,,,,2017-07-10T11:29:00,,,,,,,,,,,,,,,,,,
2017-07-10 13:00:00,995.7,33.0,64.0,1.8,174.0,4.9,202.0,0.0,,,,,,,,,,2017-07-10T12:21:00,,,,,,,,,,,,,,,,,,
2017-07-10 14:00:00,995.7,27.0,86.0,2.2,108.0,6.1,91.0,6.5,,,,,,,,,,2017-07-10T13:36:00,,,,,,,,,,,,,,,,,,
2017-07-10 15:00:00,995.5,28.3,82.0,2.6,135.0,5.0,124.0,1.0,,,,,,,,,,2017-07-10T14:56:00,,,,,,,,,,,,,,,,,,
2017-07-10 16:00:00,995.3,29.7,78.0,2.0,75.0,5.6,150.0,0.0,,,,,,,,,,2017-07-10T15:01:00,,,,,,,,,,,,,,,,,,
2017-07-10 17:00:00,995.1,30.6,70.0,1.8,208.0,3.9,181.0,0.0,,,,,,,,,,2017-07-10T16:50:00,,,,,,,,,,,,,,,,,,
2017-07-10 18:00:00,995.5,30.4,70.0,0.5,163.0,4.1,200.0,0.0,,,,,,,,,,2017-07-10T17:36:00,,,,,,,,,,,,,,,,,,
2017-07-10 19:00:00,995.8,28.7,77.0,0.0,0.0,2.9,256.0,0.0,,,,,,,,,,2017-07-10T18:10:00,,,,,,,,,,,,,,,,,,
2017-07-10 20:00:00,996.3,27.3,85.0,0.7,45.0,1.7,64.0,0.0,,,,,,,,,,2017-07-10T19:48:00,,,,,,,,,,,,,,,,,,
2017-07-10 21:00:00,996.7,26.5,87.0,0.9,55.0,1.7,51.0,0.0,,,,,,,,,,2017-07-10T20:05:00,,,,,,,,,,,,,,,,,,
2017-07-10 22:00:00,997.7,26.3,90.0,0.9,56.0,2.1,11.0,0.0,,,,,,,,,,2017-07-10T21:31:00,,,,,,,,,,,,,,,,,,
2017-07-10 23:00:00,997.8,25.8,91.0,0.8,53.0,2.8,57.0,0.0,,,,,,,,,,2017-07-10T22:43:00,,,,,,,,,,,,,,,,,,
2017-07-11 00:00:00,997.6,26.2,90.0,0.4,41.0,2.1,49.0,0.0,,,,,,,,,,2017-07-10T23:32:00,,,,,,,,,,,,,,,,,,
2017-07-11 01:00:00,997.3,26.0,90.0,1.0,13.0,2.0,2.0,0.0,,,,,,,,,,2017-07-11T00:49:00,,,,,,,,,,,,,,,,,,
2017-07-11 02:00:00,996.7,25.7,91.0,1.5,55.0,2.7,78.0,0.0,,,,,,,,,,2017-07-11T01:58:00,,,,,,,,,,,,,,,,,,
2017-07-11 03:00:00,996.2,25.2,91.0,1.2,61.0,2.6,70.0,0.0,,,,,,,,,,2017-07-11T02:32:00,,,,,,,,,,,,,,,,,,
2017-07-11 04:00:00,996.0,25.0,91.0,1.5,61.0,2.8,58.0,0.0,,,,,,,,,,2017-07-11T03:56:00,,,,,,,,,,,,,,,,,,
2017-07-11 05:00:00,996.4,24.1,93.0,0.4,90.0,2.4,47.0,0.0,,,,,,,,,,2017-07-11T04:07:00,,,,,,,,,,,,,,,,,,
2017-07-11 06:00:00,997.0,24.0,93.0,0.8,68.0,1.2,82.0,0.0,,,,,,,,,,2017-07-11T05:10:00,,,,,,,,,,,,,,,,,,
2017-07-11 07:00:00,997.3,27.4,76.0,1.6,36.0,2.4,70.0,0.0,,,,,,,,,,2017-07-11T06:55:00,,,,,,,,,,,,,,,,,,
2017-07-11 08:00:00,997.8,30.2,63.0,0.3,87.0,2.6,72.0,0.0,,,,,,,,,,2017-07-11T07:36:00,,,,,,,,,,,,,,,,,,
2017-07-11 09:00:00,997.9,31.2,62.0,0.7,338.0,2.2,334.0,0.0,,,,,,,,,,2017-07-11T08:39:00,,,,,,,,,,,,,,,,,,
2017-07-11 10:00:00,997.9,32.7,57.0,1.3,306.0,2.9,260.0,0.0,,,,,,,,,,2017-07-11T09:36:00,,,,,,,,,,,,,,,,,,
2017-07-11 11:00:00,997.7,33.0,57.0,0.9,360.0,2.3,275.0,0.0,,,,,,,,,,2017-07-11T10:07:00,,,,,,,,,,,,,,,,,,
2017-07-11 12:00:00,997.6,34.0,57.0,1.0,243.0,3.5,218.0,0.0,,,,,,,,,,2017-07-11T11:15:00,,,,,,,,,,,,,,,,,,
2017-07-11 13:00:00,997.3,34.7,53.0,1.2,258.0,3.9,260.0,0.0,,,,,,,,,,2017-07-11T12:24:00,,,,,,,,,,,,,,,,,,
2017-07-11 14:00:00,996.9,34.8,54.0,2.3,256.0,3.9,277.0,0.0,,,,,,,,,,2017-07-11T13:55:00,,,,,,,,,,,,,,,,,,
2017-07-11 15:00:00,996.2,35.2,55.0,1.0,329.0,4.5,282.0,0.0,,,,,,,,,,2017-07-11T14:47:00,,,,,,,,,,,,,,,,,,
2017-07-11 16:00:00,995.7,33.3,64.0,2.9,272.0,5.5,273.0,0.0,,,,,,,,,,2017-07-11T15:54:00,,,,,,,,,,,,,,,,,,
2017-07-11 17:00:00,996.7,26.0,88.0,2.8,54.0,9.3,187.0,7.0,,,,,,,,,,2017-07-11T16:09:00,,,,,,,,,,,,,,,,,,
2017-07-11 18:00:00,997.7,26.2,77.0,1.8,25.0,6.8,52.0,0.5,,,,,,,,,,2017-07-11T17:32:00,,,,,,,,,,,,,,,,,,
2017-07-11 19:00:00,997.7,25.7,84.0,2.0,65.0,3.4,41.0,0.0,,,,,,,,,,2017-07-11T18:48:00,,,,,,,,,,,,,,,,,,
2017-07-11 20:00:00,997.9,25.5,86.0,0.6,67.0,3.6,58.0,0.0,,,,,,,,,,2017-07-11T19:04:00,,,,,,,,,,,,,,,,,,
2017-07-11 21:00:00,998.6,25.2,89.0,0.9,98.0,2.4,1.0,0.0,,,,,,,,,,2017-07-11T20:04:00,,,,,,,,,,,,,,,,,,
2017-07-11 22:00:00,999.8,25.9,84.0,1.0,39.0,2.3,47.0,0.0,,,,,,,,,,2017-07-11T21:20:00,,,,,,,,,,,,,,,,,,
2017-07-11 23:00:00,999.8,25.6,86.0,1.0,60.0,2.7,64.0,0.0,,,,,,,,,,2017-07-11T22:12:00,,,,,,,,,,,,,,,,,,
2017-07-12 00:00:00,999.5,25.1,90.0,0.4,13.0,3.1,45.0,0.0,,,,,,,,,,2017-07-11T23:24:00,,,,,,,,,,,,,,,,,,
2017-07-12 01:00:00,999.1,25.0,89.0,1.5,44.0,2.9,44.0,0.0,,,,,,,,,,2017-07-12T00:55:00,,,,,,,,,,,,,,,,,,
2017-07-12 02:00:00,998.6,24.6,89.0,1.1,64.0,1.9,37.0,0.0,,,,,,,,,,2017-07-12T01:01:00,,,,,,,,,,,,,,,,,,
2017-07-12 03:00:00,998.6,24.2,91.0,0.9,78.0,1.9,51.0,0.0,,,,,,,,,,2017-07-12T02:21:00,,,,,,,,,,,,,,,,,,
2017-07-12 04:00:00,998.5,24.0,92.0,0.7,12.0,2.0,81.0,0.0,,,,,,,,,,2017-07-12T03:34:00,,,,,,,,,,,,,,,,,,
2017-07-12 05:00:00,998.7,23.9,90.0,0.9,78.0,2.1,42.0,0.0,,,,,,,,,,2017-07-12T04:07:00,,,,,,,,,,,,,,,,,,
2017-07-12 06:00:00,998.8,23.9,90.0,0.6,65.0,2.4,60.0,0.0,,,,,,,,,,2017-07-12T05:30:00,,,,,,,,,,,,,,,,,,
2017-07-12 07:00:00,998.9,27.3,75.0,0.9,81.0,2.8,73.0,0.0,,,,,,,,,,2017-07-12T06:21:00,,,,,,,,,,,,,,,,,,
2017-07-12 08:00:00,998.8,29.3,65.0,1.6,61.0,2.6,73.0,0.0,,,,,,,,,,2017-07-12T07:49:00,,,,,,,,,,,,,,,,,,
2017-07-12 09:00:00,998.7,31.3,58.0,0.9,334.0,2.4,104.0,0.0,,,,,,,,,,2017-07-12T08:02:00,,,,,,,,,,,,,,,,,,
2017-07-12 10:00:00,998.7,33.0,56.0,1.2,294.0,2.5,208.0,0.0,,,,,,,,,,2017-07-12T09:18:00,,,,,,,,,,,,,,,,,,
2017-07-12 11:00:00,998.7,33.3,53.0,1.0,282.0,3.1,210.0,0.0,,,,,,,,,,2017-07-12T10:51:00,,,,,,,,,,,,,,,,,,
2017-07-12 12:00:00,998.4,34.1,57.0,1.5,271.0,3.0,19.0,0.0,,,,,,,,,,2017-07-12T11:36:00,,,,,,,,,,,,,,,,,,
2017-07-12 13:00:00,998.1,34.9,53.0,1.9,282.0,4.1,263.0,0.0,,,,,,,,,,2017-07-12T12:30:00,,,,,,,,,,,,,,,,,,
2017-07-12 14:00:00,997.2,34.5,57.0,1.1,328.0,4.3,299.0,0.0,,,,,,,,,,2017-07-12T13:24:00,,,,,,,,,,,,,,,,,,
2017-07-12 15:00:00,997.2,34.7,57.0,1.4,308.0,5.2,289.0,0.0,,,,,,,,,,2017-07-12T14:11:00,,,,,,,,,,,,,,,,,,
2017-07-12 16:00:00,997.7,28.8,67.0,6.4,16.0,11.8,17.0,0.0,,,,,,,,,,2017-07-12T15:59:00,,,,,,,,,,,,,,,,,,
2017-07-12 17:00:00,998.0,25.1,83.0,1.8,37.0,10.3,9.0,0.0,,,,,,,,,,2017-07-12T16:01:00,,,,,,,,,,,,,,,,,,
2017-07-12 18:00:00,997.9,24.5,91.0,0.7,298.0,3.1,1.0,0.5,,,,,,,,,,2017-07-12T17:01:00,,,,,,,,,,,,,,,,,,
2017-07-12 19:00:00,998.0,24.7,93.0,0.8,35.0,2.2,89.0,0.0,,,,,,,,,,2017-07-12T18:39:00,,,,,,,,,,,,,,,,,,
2017-07-12 20:00:00,998.7,24.8,92.0,1.5,110.0,2.7,272.0,0.0,,,,,,,,,,2017-07-12T19:30:00,,,,,,,,,,,,,,,,,,
2017-07-12 21:00:00,999.0,25.1,92.0,0.8,3.0,2.6,98.0,0.0,,,,,,,,,,2017-07-12T20:03:00,,,,,,,,,,,,,,,,,,
2017-07-12 22:00:00,999.1,24.8,92.0,1.2,75.0,2.2,81.0,0.0,,,,,,,,,,2017-07-12T21:42:00,,,,,,,,,,,,,,,,,,
2017-07-12 23:00:00,998.8,24.9,91.0,1.5,49.0,2.5,69.0,0.0,,,,,,,,,,2017-07-12T22:27:00,,,,,,,,,,,,,,,,,,
2017-07-13 00:00:00,998.0,24.2,92.0,0.8,57.0,2.7,57.0,0.0,,,,,,,,,,2017-07-12T23:12:00,,,,,,,,,,,,,,,,,,
2017-07-13 01:00:00,997.4,23.7,92.0,0.5,95.0,1.7,79.0,0.0,,,,,,,,,,2017-07-13T00:23:00,,,,,,,,,,,,,,,,,,
2017-07-13 02:00:00,997.0,23.5,90.0,0.4,76.0,2.6,66.0,0.0,,,,,,,,,,2017-07-13T01:18:00,,,,,,,,,,,,,,,,,,
2017-07-13 03:00:00,996.5,23.6,88.0,1.1,29.0,2.6,64.0,0.0,,,,,,,,,,2017-07-13T02:29:00,,,,,,,,,,,,,,,,,,
2017-07-13 04:00:00,996.7,22.8,92.0,0.4,24.0,1.9,68.0,0.0,,,,,,,,,,2017-07-13T03:06:00,,,,,,,,,,,,,,,,,,
2017-07-13 05:00:00,996.8,22.7,89.0,0.7,46.0,3.3,56.0,0.0,,,,,,,,,,2017-07-13T04:42:00,,,,,,,,,,,,,,,,,,
2017-07-13 06:00:00,997.3,22.7,89.0,1.1,72.0,2.3,65.0,0.0,,,,,,,,,,2017-07-13T05:32:00,,,,,,,,,,,,,,,,,,
2017-07-13 07:00:00,997.6,25.4,78.0,0.6,40.0,1.6,72.0,0.0,,,,,,,,,,2017-07-13T06:18:00,,,,,,,,,,,,,,,,,,
2017-07-13 08:00:00,997.7,27.8,67.0,1.4,65.0,2.7,102.0,0.0,,,,,,,,,,2017-07-13T07:59:00,,,,,,,,,,,,,,,,,,
2017-07-13 09:00:00,997.3,30.7,57.0,1.1,122.0,2.1,60.0,0.0,,,,,,,,,,2017-07-13T08:07:00,,,,,,,,,,,,,,,,,,
2017-07-13 10:00:00,996.8,32.4,55.0,0.5,272.0,2.5,222.0,0.0,,,,,,,,,,2017-07-13T09:46:00,,,,,,,,,,,,,,,,,,
2017-07-13 11:00:00,996.4,33.0,58.0,1.4,239.0,3.2,277.0,0.0,,,,,,,,,,2017-07-13T10:05:00,,,,,,,,,,,,,,,,,,
2017-07-13 12:00:00,996.0,33.8,55.0,1.5,263.0,3.4,199.0,0.0,,,,,,,,,,2017-07-13T11:04:00,,,,,,,,,,,,,,,,,,
2017-07-13 13:00:00,995.7,34.7,54.0,1.0,274.0,4.2,223.0,0.0,,,,,,,,,,2017-07-13T12:14:00,,,,,,,,,,,,,,,,,,
2017-07-13 14:00:00,995.3,34.8,53.0,1.4,286.0,4.6,210.0,0.0,,,,,,,,,,2017-07-13T13:05:00,,,,,,,,,,,,,,,,,,
2017-07-13 15:00:00,994.9,35.2,49.0,1.1,278.0,4.5,298.0,0.0,,,,,,,,,,2017-07-13T14:13:00,,,,,,,,,,,,,,,,,,
2017-07-13 16:00:00,994.5,33.3,64.0,2.7,273.0,6.0,264.0,0.0,,,,,,,,,,2017-07-13T16:00:00,,,,,,,,,,,,,,,,,,
2017-07-13 17:00:00,994.8,25.6,87.0,1.9,63.0,5.9,287.0,12.5,,,,,,,,,,2017-07-13T16:07:00,,,,,,,,,,,,,,,,,,
2017-07-13 18:00:00,995.5,26.5,88.0,1.8,55.0,4.5,60.0,0.5,,,,,,,,,,2017-07-13T17:31:00,,,,,,,,,,,,,,,,,,
2017-07-13 19:00:00,995.8,26.1,87.0,0.8,58.0,3.5,16.0,0.0,,,,,,,,,,2017-07-13T18:16:00,,,,,,,,,,,,,,,,,,
2017-07-13 20:00:00,996.7,26.0,86.0,0.8,8.0,2.6,5.0,0.0,,,,,,,,,,2017-07-13T19:11:00,,,,,,,,,,,,,,,,,,
2017-07-13 21:00:00,996.9,25.9,89.0,1.4,60.0,2.6,85.0,0.0,,,,,,,,,,2017-07-13T20:20:00,,,,,,,,,,,,,,,,,,
2017-07-13 22:00:00,996.7,25.6,90.0,0.7,23.0,2.6,66.0,0.0,,,,,,,,,,2017-07-13T21:46:00,,,,,,,,,,,,,,,,,,
2017-07-13 23:00:00,996.7,25.0,91.0,0.6,93.0,2.6,48.0,0.0,,,,,,,,,,2017-07-13T22:20:00,,,,,,,,,,,,,,,,,,
2017-07-14 00:00:00,996.5,25.2,92.0,0.7,29.0,1.9,59.0,0.0,,,,,,,,,,2017-07-13T23:13:00,,,,,,,,,,,,,,,,,,
2017-07-14 01:00:00,996.1,24.9,91.0,0.3,53.0,2.9,61.0,0.0,,,,,,,,,,2017-07-14T00:48:00,,,,,,,,,,,,,,,,,,
2017-07-14 02:00:00,995.7,24.5,92.0,0.8,73.0,2.1,78.0,0.0,,,,,,,,,,2017-07-14T01:39:00,,,,,,,,,,,,,,,,,,
2017-07-14 03:00:00,995.4,24.6,91.0,0.8,57.0,2.9,63.0,0.0,,,,,,,,,,2017-07-14T02:40:00,,,,,,,,,,,,,,,,,,
2017-07-14 04:00:00,995.1,23.9,93.0,1.1,85.0,2.1,76.0,0.0,,,,,,,,,,2017-07-14T03:17:00,,,,,,,,,,,,,,,,,,
2017-07-14 05:00:00,995.3,23.9,93.0,0.0,0.0,1.7,79.0,0.0,,,,,,,,,,2017-07-14T04:02:00,,,,,,,,,,,,,,,,,,
2017-07-14 06:00:00,995.8,23.6,93.0,0.2,0.0,1.6,112.0,0.0,,,,,,,,,,2017-07-14T05:52:00,,,,,,,,,,,,,,,,,,
2017-07-14 07:00:00,996.0,25.8,82.0,1.7,9.0,3.2,354.0,0.0,,,,,,,,,,2017-07-14T06:48:00,,,,,,,,,,,,,,,,,,
2017-07-14 08:00:00,996.2,28.8,70.0,0.3,239.0,2.2,82.0,0.0,,,,,,,,,,2017-07-14T07:37:00,,,,,,,,,,,,,,,,,,
2017-07-14 09:00:00,996.4,30.2,66.0,0.6,217.0,1.3,7.0,0.0,,,,,,,,,,2017-07-14T08:29:00,,,,,,,,,,,,,,,,,,
2017-07-14 10:00:00,996.0,31.6,65.0,1.3,271.0,2.6,290.0,0.0,,,,,,,,,,2017-07-14T09:52:00,,,,,,,,,,,,,,,,,,
2017-07-14 11:00:00,995.8,32.7,63.0,1.5,237.0,3.1,252.0,0.0,,,,,,,,,,2017-07-14T10:27:00,,,,,,,,,,,,,,,,,,
2017-07-14 12:00:00,995.6,32.8,62.0,1.1,250.0,3.7,240.0,0.0,,,,,,,,,,2017-07-14T11:27:00,,,,,,,,,,,,,,,,,,
2017-07-14 13:00:00,995.3,33.5,63.0,1.9,261.0,4.3,264.0,0.0,,,,,,,,,,2017-07-14T12:24:00,,,,,,,,,,,,,,,,,,
2017-07-14 14:00:00,994.8,34.5,59.0,1.1,301.0,2.9,265.0,0.0,,,,,,,,,,2017-07-14T13:08:00,,,,,,,,,,,,,,,,,,
2017-07-14 15:00:00,994.6,28.6,79.0,2.3,237.0,7.3,244.0,0.0,,,,,,,,,,2017-07-14T14:37:00,,,,,,,,,,,,,,,,,,
2017-07-14 16:00:00,995.3,27.6,78.0,1.8,55.0,4.4,212.0,0.0,,,,,,,,,,2017-07-14T15:01:00,,,,,,,,,,,,,,,,,,
2017-07-14 17:00:00,995.1,26.1,84.0,1.9,57.0,5.4,52.0,1.0,,,,,,,,,,2017-07-14T16:26:00,,,,,,,,,,,,,,,,,,
2017-07-14 18:00:00,994.7,26.5,82.0,1.2,5.0,4.0,36.0,0.0,,,,,,,,,,2017-07-14T17:09:00,,,,,,,,,,,,,,,,,,
2017-07-14 19:00:00,995.1,26.1,85.0,0.8,76.0,2.2,81.0,0.0,,,,,,,,,,2017-07-14T18:44:00,,,,,,,,,,,,,,,,,,
2017-07-14 20:00:00,996.3,26.0,88.0,1.2,68.0,2.2,59.0,0.0,,,,,,,,,,2017-07-14T19:40:00,,,,,,,,,,,,,,,,,,
2017-07-14 21:00:00,996.5,25.8,86.0,1.3,73.0,2.3,53.0,0.0,,,,,,,,,,2017-07-14T20:36:00,,,,,,,,,,,,,,,,,,
2017-07-14 22:00:00,996.9,25.6,88.0,1.3,66.0,2.8,61.0,0.0,,,,,,,,,,2017-07-14T21:35:00,,,,,,,,,,,,,,,,,,
2017-07-14 23:00:00,996.9,25.2,89.0,0.4,38.0,3.2,57.0,0.0,,,,,,,,,,2017-07-14T22:14:00,,,,,,,,,,,,,,,,,,
2017-07-15 00:00:00,996.4,24.5,92.0,1.0,63.0,1.9,98.0,0.0,,,,,,,,,,2017-07-14T23:45:00,,,,,,,,,,,,,,,,,,
2017-07-15 01:00:00,996.2,24.2,92.0,0.6,93.0,1.3,5.0,0.0,,,,,,,,,,2017-07-15T00:36:00,,,,,,,,,,,,,,,,,,
2017-07-15 02:00:00,995.9,23.9,93.0,0.7,87.0,1.9,64.0,0.0,,,,,,,,,,2017-07-15T01:48:00,,,,,,,,,,,,,,,,,,
2017-07-15 03:00:00,995.7,23.8,93.0,1.0,70.0,1.9,71.0,0.0,,,,,,,,,,2017-07-15T02:14:00,,,,,,,,,,,,,,,,,,
2017-07-15 04:00:00,995.8,24.0,91.0,1.3,68.0,1.9,69.0,0.0,,,,,,,,,,2017-07-15T03:15:00,,,,,,,,,,,,,,,,,,
2017-07-15 05:00:00,995.9,23.8,91.0,1.0,69.0,2.1,69.0,0.0,,,,,,,,,,2017-07-15T04:41:00,,,,,,,,,,,,,,,,,,
2017-07-15 06:00:00,996.3,23.5,94.0,0.0,0.0,1.7,64.0,0.0,,,,,,,,,,2017-07-15T05:05:00,,,,,,,,,,,,,,,,,,
2017-07-15 07:00:00,996.6,26.7,78.0,0.8,69.0,2.7,69.0,0.0,,,,,,,,,,2017-07-15T06:49:00,,,,,,,,,,,,,,,,,,
2017-07-15 08:00:00,996.4,29.1,70.0,0.0,0.0,2.2,41.0,0.0,,,,,,,,,,2017-07-15T07:14:00,,,,,,,,,,,,,,,,,,
2017-07-15 09:00:00,996.2,31.4,61.0,0.6,194.0,2.0,105.0,0.0,,,,,,,,,,2017-07-15T08:18:00,,,,,,,,,,,,,,,,,,
2017-07-15 10:00:00,996.2,32.6,59.0,0.9,272.0,2.9,264.0,0.0,,,,,,,,,,2017-07-15T09:56:00,,,,,,,,,,,,,,,,,,
2017-07-15 11:00:00,996.0,33.4,61.0,0.9,259.0,3.6,239.0,0.0,,,,,,,,,,2017-07-15T10:52:00,,,,,,,,,,,,,,,,,,
2017-07-15 12:00:00,995.7,33.2,60.0,1.8,276.0,4.1,239.0,0.0,,,,,,,,,,2017-07-15T11:19:00,,,,,,,,,,,,,,,,,,
2017-07-15 13:00:00,995.3,34.5,59.0,1.2,287.0,3.9,261.0,0.0,,,,,,,,,,2017-07-15T12:03:00,,,,,,,,,,,,,,,,,,
2017-07-15 14:00:00,994.8,34.3,60.0,0.8,283.0,3.7,268.0,0.0,,,,,,,,,,2017-07-15T13:28:00,,,,,,,,,,,,,,,,,,
2017-07-15 15:00:00,994.7,30.1,73.0,2.5,254.0,7.0,249.0,0.0,,,,,,,,,,2017-07-15T14:43:00,,,,,,,,,,,,,,,,,,
2017-07-15 16:00:00,995.3,25.6,92.0,1.4,100.0,6.9,236.0,12.0,,,,,,,,,,2017-07-15T15:06:00,,,,,,,,,,,,,,,,,,
2017-07-15 17:00:00,995.9,26.5,91.0,0.4,59.0,2.7,72.0,1.5,,,,,,,,,,2017-07-15T16:14:00,,,,,,,,,,,,,,,,,,
2017-07-15 18:00:00,995.8,26.5,90.0,0.9,25.0,2.5,11.0,0.0,,,,,,,,,,2017-07-15T17:53:00,,,,,,,,,,,,,,,,,,
2017-07-15 19:00:00,996.7,26.4,88.0,0.2,0.0,2.6,21.0,0.0,,,,,,,,,,2017-07-15T18:42:00,,,,,,,,,,,,,,,,,,
2017-07-15 20:00:00,996.9,26.0,89.0,1.2,71.0,2.6,83.0,0.0,,,,,,,,,,2017-07-15T19:55:00,,,,,,,,,,,,,,,,,,
2017-07-15 21:00:00,997.1,25.6,91.0,0.2,0.0,3.3,43.0,0.0,,,,,,,,,,2017-07-15T20:07:00,,,,,,,,,,,,,,,,,,
2017-07-15 22:00:00,997.5,25.2,93.0,1.2,85.0,1.9,81.0,0.0,,,,,,,,,,2017-07-15T21:59:00,,,,,,,,,,,,,,,,,,
2017-07-15 23:00:00,998.1,25.1,92.0,0.8,138.0,2.2,71.0,0.0,,,,,,,,,,2017-07-15T22:04:00,,,,,,,,,,,,,,,,,,
2017-07-16 00:00:00,997.6,25.1,92.0,1.0,19.0,1.9,62.0,0.0,,,,,,,,,,2017-07-15T23:34:00,,,,,,,,,,,,,,,,,,
2017-07-16 01:00:00,996.8,24.7,93.0,0.3,12.0,2.0,2.0,0.0,,,,,,,,,,2017-07-16T00:44:00,,,,,,,,,,,,,,,,,,
2017-07-16 02:00:00,996.7,24.4,93.0,0.5,26.0,2.0,50.0,0.0,,,,,,,,,,2017-07-16T02:00:00,,,,,,,,,,,,,,,,,,
2017-07-16 03:00:00,996.4,24.2,93.0,0.6,136.0,3.6,38.0,0.0,,,,,,,,,,2017-07-16T02:11:00,,,,,,,,,,,,,,,,,,
2017-07-16 04:00:00,996.6,24.0,94.0,1.4,65.0,2.0,89.0,0.0,,,,,,,,,,2017-07-16T04:00:00,,,,,,,,,,,,,,,,,,
2017-07-16 05:00:00,996.5,24.2,92.0,0.9,41.0,2.9,10.0,0.0,,,,,,,,,,2017-07-16T04:27:00,,,,,,,,,,,,,,,,,,
2017-07-16 06:00:00,996.8,24.1,92.0,0.8,10.0,2.6,1.0,0.0,,,,,,,,,,2017-07-16T05:46:00,,,,,,,,,,,,,,,,,,
2017-07-16 07:00:00,996.7,26.5,81.0,1.0,41.0,3.9,64.0,0.0,,,,,,,,,,2017-07-16T06:46:00,,,,,,,,,,,,,,,,,,
2017-07-16 08:00:00,996.6,28.8,71.0,1.8,20.0,2.5,88.0,0.0,,,,,,,,,,2017-07-16T07:06:00,,,,,,,,,,,,,,,,,,
2017-07-16 09:00:00,996.6,31.3,65.0,0.3,213.0,3.0,60.0,0.0,,,,,,,,,,2017-07-16T08:01:00,,,,,,,,,,,,,,,,,,
2017-07-16 10:00:00,996.4,31.9,62.0,1.5,141.0,3.0,184.0,0.0,,,,,,,,,,2017-07-16T09:55:00,,,,,,,,,,,,,,,,,,
2017-07-16 11:00:00,996.4,33.2,64.0,2.3,235.0,3.9,225.0,0.0,,,,,,,,,,2017-07-16T10:55:00,,,,,,,,,,,,,,,,,,
2017-07-16 12:00:00,995.9,33.9,60.0,2.5,219.0,4.4,217.0,0.0,,,,,,,,,,2017-07-16T11:58:00,,,,,,,,,,,,,,,,,,
2017-07-16 13:00:00,995.6,34.0,60.0,1.7,266.0,4.5,220.0,0.0,,,,,,,,,,2017-07-16T12:13:00,,,,,,,,,,,,,,,,,,
2017-07-16 14:00:00,994.8,33.3,67.0,2.6,216.0,5.4,220.0,0.0,,,,,,,,,,2017-07-16T13:41:00,,,,,,,,,,,,,,,,,,
2017-07-16 15:00:00,996.1,26.9,83.0,2.4,220.0,8.8,226.0,0.0,,,,,,,,,,2017-07-16T14:22:00,,,,,,,,,,,,,,,,,,
2017-07-16 16:00:00,996.6,26.8,80.0,1.2,25.0,3.8,187.0,0.0,,,,,,,,,,2017-07-16T15:07:00,,,,,,,,,,,,,,,,,,
2017-07-16 17:00:00,996.0,26.7,84.0,0.9,359.0,3.0,355.0,0.0,,,,,,,,,,2017-07-16T16:53:00,,,,,,,,,,,,,,,,,,
2017-07-16 18:00:00,997.4,26.8,85.0,0.6,317.0,1.9,353.0,0.0,,,,,,,,,,2017-07-16T17:02:00,,,,,,,,,,,,,,,,,,
2017-07-16 19:00:00,997.5,26.1,90.0,1.4,61.0,2.4,209.0,0.0,,,,,,,,,,2017-07-16T18:27:00,,,,,,,,,,,,,,,,,,
2017-07-16 20:00:00,997.7,25.9,91.0,0.4,312.0,2.7,61.0,0.0,,,,,,,,,,2017-07-16T19:19:00,,,,,,,,,,,,,,,,,,
2017-07-16 21:00:00,997.5,25.6,91.0,1.2,57.0,2.3,156.0,0.0,,,,,,,,,,2017-07-16T20:42:00,,,,,,,,,,,,,,,,,,
2017-07-16 22:00:00,997.8,25.3,92.0,0.7,88.0,1.9,34.0,0.0,,,,,,,,,,2017-07-16T21:04:00,,,,,,,,,,,,,,,,,,
2017-07-16 23:00:00,997.6,25.3,94.0,1.5,176.0,3.0,195.0,0.5,,,,,,,,,,2017-07-16T22:40:00,,,,,,,,,,,,,,,,,,
2017-07-17 00:00:00,996.1,25.1,88.0,1.6,193.0,3.5,66.0,0.0,,,,,,,,,,2017-07-16T23:40:00,,,,,,,,,,,,,,,,,,
2017-07-17 01:00:00,996.6,24.7,92.0,1.3,172.0,3.9,61.0,0.0,,,,,,,,,,2017-07-17T00:11:00,,,,,,,,,,,,,,,,,,
2017-07-17 02:00:00,996.9,24.6,92.0,0.4,69.0,2.8,162.0,0.0,,,,,,,,,,2017-07-17T01:01:00,,,,,,,,,,,,,,,,,,
2017-07-17 03:00:00,997.0,24.3,90.0,1.1,74.0,2.2,79.0,0.0,,,,,,,,,,2017-07-17T02:39:00,,,,,,,,,,,,,,,,,,
2017-07-17 04:00:00,997.0,24.5,90.0,1.2,62.0,2.6,1.0,0.0,,,,,,,,,,2017-07-17T03:27:00,,,,,,,,,,,,,,,,,,
2017-07-17 05:00:00,997.3,24.5,85.0,0.7,116.0,3.3,348.0,0.0,,,,,,,,,,2017-07-17T04:22:00,,,,,,,,,,,,,,,,,,
2017-07-17 06:00:00,998.8,24.1,91.0,0.9,207.0,1.8,46.0,0.0,,,,,,,,,,2017-07-17T05:36:00,,,,,,,,,,,,,,,,,,
2017-07-17 07:00:00,999.3,24.0,90.0,1.6,12.0,2.6,354.0,0.0,,,,,,,,,,2017-07-17T06:59:00,,,,,,,,,,,,,,,,,,
2017-07-17 08:00:00,999.2,24.3,86.0,0.9,57.0,4.0,27.0,0.5,,,,,,,,,,2017-07-17T07:18:00,,,,,,,,,,,,,,,,,,
2017-07-17 09:00:00,999.4,25.5,82.0,0.8,82.0,2.3,71.0,0.0,,,,,,,,,,2017-07-17T08:44:00,,,,,,,,,,,,,,,,,,
2017-07-17 10:00:00,999.2,27.8,72.0,0.9,32.0,2.8,43.0,0.0,,,,,,,,,,2017-07-17T09:35:00,,,,,,,,,,,,,,,,,,
2017-07-17 11:00:00,999.0,29.8,65.0,0.9,38.0,2.6,21.0,0.0,,,,,,,,,,2017-07-17T10:17:00,,,,,,,,,,,,,,,,,,
2017-07-17 12:00:00,998.4,31.2,62.0,1.1,261.0,2.0,59.0,0.0,,,,,,,,,,2017-07-17T11:08:00,,,,,,,,,,,,,,,,,,
2017-07-17 13:00:00,998.2,32.2,61.0,0.7,260.0,2.2,282.0,0.0,,,,,,,,,,2017-07-17T12:21:00,,,,,,,,,,,,,,,,,,
2017-07-17 14:00:00,998.6,31.4,63.0,1.6,282.0,3.1,256.0,0.0,,,,,,,,,,2017-07-17T13:21:00,,,,,,,,,,,,,,,,,,
2017-07-17 15:00:00,998.8,31.2,70.0,1.2,274.0,3.6,273.0,0.0,,,,,,,,,,2017-07-17T14:14:00,,,,,,,,,,,,,,,,,,
2017-07-17 16:00:00,998.4,30.9,69.0,1.2,297.0,2.8,297.0,0.0,,,,,,,,,,2017-07-17T15:08:00,,,,,,,,,,,,,,,,,,
2017-07-17 17:00:00,998.0,30.1,70.0,0.2,0.0,2.3,294.0,0.0,,,,,,,,,,2017-07-17T16:27:00,,,,,,,,,,,,,,,,,,
2017-07-17 18:00:00,998.5,29.0,77.0,0.5,104.0,1.6,99.0,0.0,,,,,,,,,,2017-07-17T17:43:00,,,,,,,,,,,,,,,,,,
2017-07-17 19:00:00,999.2,28.0,84.0,1.0,100.0,1.3,80.0,0.0,,,,,,,,,,2017-07-17T18:58:00,,,,,,,,,,,,,,,,,,
2017-07-17 20:00:00,999.5,27.2,84.0,0.6,72.0,1.5,91.0,0.0,,,,,,,,,,2017-07-17T19:28:00,,,,,,,,,,,,,,,,,,
2017-07-17 21:00:00,999.8,26.5,90.0,1.0,85.0,1.4,68.0,0.0,,,,,,,,,,2017-07-17T21:00:00,,,,,,,,,,,,,,,,,,
2017-07-17 22:00:00,1000.0,26.3,88.0,1.2,62.0,2.0,57.0,0.0,,,,,,,,,,2017-07-17T21:28:00,,,,,,,,,,,,,,,,,,
2017-07-17 23:00:00,999.9,25.9,89.0,1.0,65.0,2.6,52.0,0.0,,,,,,,,,,2017-07-17T22:43:00,,,,,,,,,,,,,,,,,,
2017-07-18 00:00:00,999.6,25.8,89.0,0.6,92.0,1.8,66.0,0.0,,,,,,,,,,2017-07-17T23:14:00,,,,,,,,,,,,,,,,,,
2017-07-18 01:00:00,999.4,25.5,90.0,0.7,54.0,2.4,58.0,0.0,,,,,,,,,,2017-07-18T00:22:00,,,,,,,,,,,,,,,,,,
2017-07-18 02:00:00,999.2,25.5,91.0,0.6,17.0,1.4,114.0,0.0,,,,,,,,,,2017-07-18T01:08:00,,,,,,,,,,,,,,,,,,
2017-07-18 03:00:00,999.0,25.1,91.0,1.0,71.0,2.2,57.0,0.0,,,,,,,,,,2017-07-18T02:05:00,,,,,,,,,,,,,,,,,,
2017-07-18 04:00:00,999.1,25.0,89.0,0.8,74.0,2.2,37.0,0.0,,,,,,,,,,2017-07-18T03:20:00,,,,,,,,,,,,,,,,,,
2017-07-18 05:00:00,999.1,24.8,90.0,1.1,63.0,1.8,56.0,0.0,,,,,,,,,,2017-07-18T04:57:00,,,,,,,,,,,,,,,,,,
2017-07-18 06:00:00,999.1,25.0,87.0,0.8,34.0,2.0,63.0,0.0,,,,,,,,,,2017-07-18T05:39:00,,,,,,,,,,,,,,,,,,
2017-07-18 07:00:00,999.3,26.0,82.0,0.9,47.0,2.6,47.0,0.0,,,,,,,,,,2017-07-18T06:12:00,,,,,,,,,,,,,,,,,,
2017-07-18 08:00:00,999.7,27.8,73.0,1.2,70.0,2.2,45.0,0.0,,,,,,,,,,2017-07-18T07:37:00,,,,,,,,,,,,,,,,,,
2017-07-18 09:00:00,999.4,30.4,62.0,1.1,347.0,2.3,75.0,0.0,,,,,,,,,,2017-07-18T08:07:00,,,,,,,,,,,,,,,,,,
2017-07-18 10:00:00,999.2,32.3,61.0,0.3,258.0,2.0,21.0,0.0,,,,,,,,,,2017-07-18T09:12:00,,,,,,,,,,,,,,,,,,
2017-07-18 11:00:00,998.9,33.4,60.0,1.4,284.0,3.4,221.0,0.0,,,,,,,,,,2017-07-18T10:18:00,,,,,,,,,,,,,,,,,,
2017-07-18 12:00:00,998.4,33.7,60.0,2.3,221.0,3.7,262.0,0.0,,,,,,,,,,2017-07-18T11:33:00,,,,,,,,,,,,,,,,,,
2017-07-18 13:00:00,998.1,34.3,57.0,1.2,284.0,5.0,222.0,0.0,,,,,,,,,,2017-07-18T12:10:00,,,,,,,,,,,,,,,,,,
2017-07-18 14:00:00,997.5,34.7,59.0,2.2,266.0,4.0,226.0,0.0,,,,,,,,,,2017-07-18T13:12:00,,,,,,,,,,,,,,,,,,
2017-07-18 15:00:00,997.2,33.8,63.0,2.0,277.0,4.4,251.0,0.0,,,,,,,,,,2017-07-18T15:00:00,,,,,,,,,,,,,,,,,,
2017-07-18 16:00:00,997.0,32.2,66.0,2.5,291.0,5.0,292.0,0.0,,,,,,,,,,2017-07-18T15:56:00,,,,,,,,,,,,,,,,,,
2017-07-18 17:00:00,997.5,30.3,72.0,1.4,290.0,5.5,336.0,0.0,,,,,,,,,,2017-07-18T17:00:00,,,,,,,,,,,,,,,,,,
2017-07-18 18:00:00,997.8,26.4,80.0,1.1,87.0,5.3,64.0,0.0,,,,,,,,,,2017-07-18T17:13:00,,,,,,,,,,,,,,,,,,
2017-07-18 19:00:00,998.3,26.6,80.0,1.0,75.0,2.7,106.0,0.0,,,,,,,,,,2017-07-18T18:16:00,,,,,,,,,,,,,,,,,,
2017-07-18 20:00:00,999.4,27.0,76.0,1.1,67.0,2.5,82.0,0.0,,,,,,,,,,2017-07-18T19:42:00,,,,,,,,,,,,,,,,,,
2017-07-18 21:00:00,1000.0,26.8,81.0,0.8,51.0,2.6,68.0,0.0,,,,,,,,,,2017-07-18T20:45:00,,,,,,,,,,,,,,,,,,
2017-07-18 22:00:00,1000.0,25.8,85.0,1.2,68.0,2.5,15.0,0.0,,,,,,,,,,2017-07-18T21:08:00,,,,,,,,,,,,,,,,,,
2017-07-18 23:00:00,999.7,25.4,89.0,1.2,72.0,2.7,54.0,0.0,,,,,,,,,,2017-07-18T22:24:00,,,,,,,,,,,,,,,,,,
2017-07-19 00:00:00,999.5,24.8,91.0,0.2,0.0,1.9,70.0,0.0,,,,,,,,,,2017-07-18T23:12:00,,,,,,,,,,,,,,,,,,
2017-07-19 01:00:00,999.1,24.8,89.0,1.1,63.0,1.9,57.0,0.0,,,,,,,,,,2017-07-19T00:29:00,,,,,,,,,,,,,,,,,,
2017-07-19 02:00:00,998.2,24.4,90.0,1.2,67.0,2.4,17.0,0.0,,,,,,,,,,2017-07-19T01:10:00,,,,,,,,,,,,,,,,,,
2017-07-19 03:00:00,997.8,24.1,92.0,0.1,0.0,2.0,61.0,0.0,,,,,,,,,,2017-07-19T02:17:00,,,,,,,,,,,,,,,,,,
2017-07-19 04:00:00,997.2,24.4,89.0,0.9,32.0,2.6,52.0,0.0,,,,,,,,,,2017-07-19T03:46:00,,,,,,,,,,,,,,,,,,
2017-07-19 05:00:00,996.9,24.0,89.0,1.3,52.0,2.8,70.0,0.0,,,,,,,,,,2017-07-19T04:51:00,,,,,,,,,,,,,,,,,,
2017-07-19 06:00:00,996.8,24.3,87.0,1.1,58.0,2.8,76.0,0.0,,,,,,,,,,2017-07-19T05:12:00,,,,,,,,,,,,,,,,,,
2017-07-19 07:00:00,997.1,27.4,74.0,0.9,52.0,2.3,72.0,0.0,,,,,,,,,,2017-07-19T06:41:00,,,,,,,,,,,,,,,,,,
2017-07-19 08:00:00,997.2,29.4,66.0,0.8,329.0,2.4,360.0,0.0,,,,,,,,,,2017-07-19T07:37:00,,,,,,,,,,,,,,,,,,
2017-07-19 09:00:00,997.2,32.0,57.0,0.7,239.0,1.8,355.0,0.0,,,,,,,,,,2017-07-19T08:07:00,,,,,,,,,,,,,,,,,,
2017-07-19 10:00:00,997.0,32.3,60.0,1.2,211.0,3.5,213.0,0.0,,,,,,,,,,2017-07-19T09:47:00,,,,,,,,,,,,,,,,,,
2017-07-19 11:00:00,997.1,33.2,58.0,1.4,269.0,3.9,265.0,0.0,,,,,,,,,,2017-07-19T10:33:00,,,,,,,,,,,,,,,,,,
2017-07-19 12:00:00,996.8,33.6,59.0,1.4,289.0,4.7,274.0,0.0,,,,,,,,,,2017-07-19T11:47:00,,,,,,,,,,,,,,,,,,
2017-07-19 13:00:00,996.2,33.9,55.0,1.3,306.0,4.0,295.0,0.0,,,,,,,,,,2017-07-19T12:53:00,,,,,,,,,,,,,,,,,,
2017-07-19 14:00:00,995.9,32.4,63.0,3.2,261.0,5.8,273.0,0.0,,,,,,,,,,2017-07-19T13:41:00,,,,,,,,,,,,,,,,,,
2017-07-19 15:00:00,995.3,33.9,60.0,2.5,277.0,6.3,245.0,0.0,,,,,,,,,,2017-07-19T14:14:00,,,,,,,,,,,,,,,,,,
2017-07-19 16:00:00,995.2,31.2,65.0,1.5,298.0,5.2,269.0,0.0,,,,,,,,,,2017-07-19T15:28:00,,,,,,,,,,,,,,,,,,
2017-07-19 17:00:00,995.4,30.2,67.0,0.7,356.0,3.8,10.0,0.0,,,,,,,,,,2017-07-19T16:53:00,,,,,,,,,,,,,,,,,,
2017-07-19 18:00:00,994.8,29.3,73.0,0.8,282.0,2.6,333.0,0.0,,,,,,,,,,2017-07-19T17:02:00,,,,,,,,,,,,,,,,,,
2017-07-19 19:00:00,995.7,28.4,70.0,0.8,10.0,2.3,70.0,0.0,,,,,,,,,,2017-07-19T18:25:00,,,,,,,,,,,,,,,,,,
2017-07-19 20:00:00,996.5,27.6,75.0,0.0,0.0,2.8,77.0,0.0,,,,,,,,,,2017-07-19T19:33:00,,,,,,,,,,,,,,,,,,
2017-07-19 21:00:00,996.7,27.0,79.0,1.3,72.0,2.3,39.0,0.0,,,,,,,,,,2017-07-19T20:58:00,,,,,,,,,,,,,,,,,,
2017-07-19 22:00:00,997.0,26.2,84.0,1.2,67.0,2.1,67.0,0.0,,,,,,,,,,2017-07-19T21:24:00,,,,,,,,,,,,,,,,,,
2017-07-19 23:00:00,996.7,25.9,84.0,1.1,71.0,2.7,5.0,0.0,,,,,,,,,,2017-07-19T22:26:00,,,,,,,,,,,,,,,,,,
2017-07-20 00:00:00,996.2,25.4,85.0,1.1,77.0,2.9,56.0,0.0,,,,,,,,,,2017-07-19T23:31:00,,,,,,,,,,,,,,,,,,
2017-07-20 01:00:00,995.9,24.6,89.0,1.0,88.0,2.6,53.0,0.0,,,,,,,,,,2017-07-20T00:10:00,,,,,,,,,,,,,,,,,,
2017-07-20 02:00:00,995.2,24.2,90.0,1.0,76.0,2.3,61.0,0.0,,,,,,,,,,2017-07-20T01:27:00,,,,,,,,,,,,,,,,,,
2017-07-20 03:00:00,995.0,24.4,88.0,0.6,29.0,2.0,57.0,0.0,,,,,,,,,,2017-07-20T02:23:00,,,,,,,,,,,,,,,,,,
2017-07-20 04:00:00,995.1,24.3,88.0,0.5,17.0,3.0,55.0,0.0,,,,,,,,,,2017-07-20T03:05:00,,,,,,,,,,,,,,,,,,
2017-07-20 05:00:00,995.2,23.7,89.0,0.8,56.0,2.5,52.0,0.0,,,,,,,,,,2017-07-20T04:04:00,,,,,,,,,,,,,,,,,,
2017-07-20 06:00:00,995.6,24.1,86.0,1.1,44.0,2.2,90.0,0.0,,,,,,,,,,2017-07-20T05:12:00,,,,,,,,,,,,,,,,,,
2017-07-20 07:00:00,996.4,26.4,76.0,0.4,129.0,1.5,64.0,0.0,,,,,,,,,,2017-07-20T06:09:00,,,,,,,,,,,,,,,,,,
2017-07-20 08:00:00,996.9,29.0,63.0,0.5,343.0,1.9,23.0,0.0,,,,,,,,,,2017-07-20T07:48:00,,,,,,,,,,,,,,,,,,
2017-07-20 09:00:00,997.2,30.6,62.0,1.1,2.0,2.0,360.0,0.0,,,,,,,,,,2017-07-20T08:56:00,,,,,,,,,,,,,,,,,,
2017-07-20 10:00:00,997.2,32.5,60.0,1.0,224.0,3.3,241.0,0.0,,,,,,,,,,2017-07-20T09:39:00,,,,,,,,,,,,,,,,,,
2017-07-20 11:00:00,997.0,33.3,61.0,1.5,216.0,4.9,212.0,0.0,,,,,,,,,,2017-07-20T10:21:00,,,,,,,,,,,,,,,,,,
2017-07-20 12:00:00,996.3,33.4,56.0,1.6,119.0,3.9,221.0,0.0,,,,,,,,,,2017-07-20T11:12:00,,,,,,,,,,,,,,,,,,
2017-07-20 13:00:00,995.5,33.8,56.0,1.5,269.0,4.8,221.0,0.0,,,,,,,,,,2017-07-20T12:51:00,,,,,,,,,,,,,,,,,,
2017-07-20 14:00:00,995.0,34.8,55.0,2.1,260.0,3.8,264.0,0.0,,,,,,,,,,2017-07-20T13:43:00,,,,,,,,,,,,,,,,,,
2017-07-20 15:00:00,994.8,33.8,60.0,3.0,286.0,7.0,291.0,0.0,,,,,,,,,,2017-07-20T15:00:00,,,,,,,,,,,,,,,,,,
2017-07-20 16:00:00,994.8,32.4,60.0,2.4,278.0,6.4,283.0,0.0,,,,,,,,,,2017-07-20T15:09:00,,,,,,,,,,,,,,,,,,
2017-07-20 17:00:00,995.1,30.1,67.0,0.9,283.0,3.4,256.0,0.0,,,,,,,,,,2017-07-20T16:14:00,,,,,,,,,,,,,,,,,,
2017-07-20 18:00:00,995.4,29.2,76.0,1.2,7.0,2.4,349.0,0.0,,,,,,,,,,2017-07-20T17:43:00,,,,,,,,,,,,,,,,,,
2017-07-20 19:00:00,995.6,28.2,80.0,0.8,108.0,2.2,62.0,0.0,,,,,,,,,,2017-07-20T18:02:00,,,,,,,,,,,,,,,,,,
2017-07-20 20:00:00,996.4,27.8,83.0,1.2,81.0,1.9,66.0,0.0,,,,,,,,,,2017-07-20T19:33:00,,,,,,,,,,,,,,,,,,
2017-07-20 21:00:00,996.8,27.3,81.0,0.9,63.0,1.8,63.0,0.0,,,,,,,,,,2017-07-20T20:27:00,,,,,,,,,,,,,,,,,,
2017-07-20 22:00:00,996.7,26.4,87.0,1.1,65.0,2.6,60.0,0.0,,,,,,,,,,2017-07-20T21:43:00,,,,,,,,,,,,,,,,,,
2017-07-20 23:00:00,996.7,26.2,84.0,0.9,61.0,2.0,71.0,0.0,,,,,,,,,,2017-07-20T22:05:00,,,,,,,,,,,,,,,,,,
2017-07-21 00:00:00,996.9,25.4,89.0,0.2,0.0,1.5,95.0,0.0,,,,,,,,,,2017-07-20T23:21:00,,,,,,,,,,,,,,,,,,
2017-07-21 01:00:00,996.3,25.3,89.0,0.8,5.0,2.8,48.0,0.0,,,,,,,,,,2017-07-21T00:25:00,,,,,,,,,,,,,,,,,,
2017-07-21 02:00:00,996.0,24.7,90.0,1.2,80.0,2.2,48.0,0.0,,,,,,,,,,2017-07-21T01:36:00,,,,,,,,,,,,,,,,,,
2017-07-21 03:00:00,996.0,24.6,91.0,1.1,73.0,1.9,81.0,0.0,,,,,,,,,,2017-07-21T02:12:00,,,,,,,,,,,,,,,,,,
2017-07-21 04:00:00,996.1,24.6,90.0,1.0,55.0,2.0,53.0,0.0,,,,,,,,,,2017-07-21T03:08:00,,,,,,,,,,,,,,,,,,
2017-07-21 05:00:00,996.3,24.7,88.0,0.9,53.0,2.1,57.0,0.0,,,,,,,,,,2017-07-21T04:48:00,,,,,,,,,,,,,,,,,,
2017-07-21 06:00:00,997.0,24.7,88.0,0.9,65.0,1.8,48.0,0.0,,,,,,,,,,2017-07-21T05:11:00,,,,,,,,,,,,,,,,,,
2017-07-21 07:00:00,997.3,26.3,79.0,1.1,34.0,2.1,62.0,0.0,,,,,,,,,,2017-07-21T06:11:00,,,,,,,,,,,,,,,,,,
2017-07-21 08:00:00,997.4,28.9,68.0,1.3,19.0,2.4,44.0,0.0,,,,,,,,,,2017-07-21T07:45:00,,,,,,,,,,,,,,,,,,
2017-07-21 09:00:00,997.5,31.2,62.0,0.6,295.0,2.6,77.0,0.0,,,,,,,,,,2017-07-21T08:08:00,,,,,,,,,,,,,,,,,,
2017-07-21 10:00:00,997.5,32.3,61.0,1.2,278.0,3.1,208.0,0.0,,,,,,,,,,2017-07-21T09:24:00,,,,,,,,,,,,,,,,,,
2017-07-21 11:00:00,997.4,33.2,61.0,1.5,239.0,4.0,259.0,0.0,,,,,,,,,,2017-07-21T10:52:00,,,,,,,,,,,,,,,,,,
2017-07-21 12:00:00,996.7,34.2,61.0,1.6,230.0,4.1,240.0,0.0,,,,,,,,,,2017-07-21T11:24:00,,,,,,,,,,,,,,,,,,
2017-07-21 13:00:00,995.9,34.2,61.0,1.0,288.0,3.9,292.0,0.0,,,,,,,,,,2017-07-21T12:59:00,,,,,,,,,,,,,,,,,,
2017-07-21 14:00:00,995.3,35.3,57.0,2.0,291.0,5.0,284.0,0.0,,,,,,,,,,2017-07-21T13:39:00,,,,,,,,,,,,,,,,,,
2017-07-21 15:00:00,994.9,33.5,57.0,2.7,285.0,5.2,258.0,0.0,,,,,,,,,,2017-07-21T14:03:00,,,,,,,,,,,,,,,,,,
2017-07-21 16:00:00,994.7,32.1,66.0,1.1,280.0,4.5,294.0,0.0,,,,,,,,,,2017-07-21T15:06:00,,,,,,,,,,,,,,,,,,
2017-07-21 17:00:00,995.0,30.6,75.0,1.6,157.0,5.0,184.0,0.0,,,,,,,,,,2017-07-21T16:39:00,,,,,,,,,,,,,,,,,,
2017-07-21 18:00:00,995.5,29.7,75.0,1.7,151.0,4.8,144.0,0.0,,,,,,,,,,2017-07-21T17:21:00,,,,,,,,,,,,,,,,,,
2017-07-21 19:00:00,996.4,28.2,80.0,1.9,230.0,4.8,249.0,0.0,,,,,,,,,,2017-07-21T18:46:00,,,,,,,,,,,,,,,,,,
2017-07-21 20:00:00,996.8,26.8,84.0,1.2,230.0,3.3,187.0,0.0,,,,,,,,,,2017-07-21T19:04:00,,,,,,,,,,,,,,,,,,
2017-07-21 21:00:00,997.0,26.3,86.0,0.6,76.0,1.7,90.0,0.0,,,,,,,,,,2017-07-21T20:54:00,,,,,,,,,,,,,,,,,,
2017-07-21 22:00:00,997.4,26.2,88.0,0.9,108.0,1.7,57.0,0.0,,,,,,,,,,2017-07-21T21:01:00,,,,,,,,,,,,,,,,,,
2017-07-21 23:00:00,997.9,26.7,88.0,0.9,359.0,1.9,65.0,0.0,,,,,,,,,,2017-07-21T22:08:00,,,,,,,,,,,,,,,,,,
2017-07-22 00:00:00,997.2,26.2,89.0,0.2,0.0,2.4,6.0,0.0,,,,,,,,,,2017-07-21T23:03:00,,,,,,,,,,,,,,,,,,
2017-07-22 01:00:00,996.4,26.0,90.0,1.2,64.0,2.4,67.0,0.0,,,,,,,,,,2017-07-22T00:56:00,,,,,,,,,,,,,,,,,,
2017-07-22 02:00:00,996.2,26.5,87.0,0.7,10.0,2.1,12.0,0.0,,,,,,,,,,2017-07-22T01:26:00,,,,,,,,,,,,,,,,,,
2017-07-22 03:00:00,995.2,26.2,88.0,0.8,78.0,2.8,3.0,0.0,,,,,,,,,,2017-07-22T02:31:00,,,,,,,,,,,,,,,,,,
2017-07-22 04:00:00,995.3,26.1,90.0,0.7,343.0,2.3,61.0,0.0,,,,,,,,,,2017-07-22T03:07:00,,,,,,,,,,,,,,,,,,
2017-07-22 05:00:00,995.2,25.5,92.0,0.4,198.0,2.5,91.0,0.0,,,,,,,,,,2017-07-22T04:11:00,,,,,,,,,,,,,,,,,,
2017-07-22 06:00:00,995.3,25.5,92.0,0.8,65.0,1.5,353.0,0.0,,,,,,,,,,2017-07-22T05:13:00,,,,,,,,,,,,,,,,,,
2017-07-22 07:00:00,995.8,27.0,86.0,0.4,69.0,1.9,8.0,0.0,,,,,,,,,,2017-07-22T06:16:00,,,,,,,,,,,,,,,,,,
2017-07-22 08:00:00,995.3,28.5,77.0,0.5,347.0,3.2,19.0,0.0,,,,,,,,,,2017-07-22T07:48:00,,,,,,,,,,,,,,,,,,
2017-07-22 09:00:00,995.8,29.6,73.0,1.1,203.0,2.2,203.0,0.0,,,,,,,,,,2017-07-22T08:55:00,,,,,,,,,,,,,,,,,,
2017-07-22 10:00:00,995.8,29.4,79.0,1.8,198.0,2.7,200.0,0.0,,,,,,,,,,2017-07-22T09:54:00,,,,,,,,,,,,,,,,,,
2017-07-22 11:00:00,996.2,29.5,81.0,2.1,222.0,3.7,191.0,0.0,,,,,,,,,,2017-07-22T10:46:00,,,,,,,,,,,,,,,,,,
2017-07-22 12:00:00,995.5,30.0,79.0,0.9,255.0,3.1,241.0,0.0,,,,,,,,,,2017-07-22T11:10:00,,,,,,,,,,,,,,,,,,
2017-07-22 13:00:00,995.3,30.9,72.0,0.8,256.0,2.2,298.0,0.0,,,,,,,,,,2017-07-22T12:29:00,,,,,,,,,,,,,,,,,,
2017-07-22 14:00:00,995.2,30.9,78.0,0.6,224.0,2.3,157.0,0.0,,,,,,,,,,2017-07-22T13:49:00,,,,,,,,,,,,,,,,,,
2017-07-22 15:00:00,994.6,31.2,69.0,0.5,62.0,2.2,59.0,0.0,,,,,,,,,,2017-07-22T14:46:00,,,,,,,,,,,,,,,,,,
2017-07-22 16:00:00,994.2,30.4,75.0,1.1,131.0,2.1,61.0,0.0,,,,,,,,,,2017-07-22T15:02:00,,,,,,,,,,,,,,,,,,
2017-07-22 17:00:00,994.4,30.3,75.0,0.7,99.0,1.8,122.0,0.0,,,,,,,,,,2017-07-22T16:21:00,,,,,,,,,,,,,,,,,,
2017-07-22 18:00:00,994.8,29.6,78.0,0.5,104.0,1.5,119.0,0.0,,,,,,,,,,2017-07-22T17:50:00,,,,,,,,,,,,,,,,,,
2017-07-22 19:00:00,995.1,28.5,78.0,0.8,272.0,2.7,238.0,0.0,,,,,,,,,,2017-07-22T18:42:00,,,,,,,,,,,,,,,,,,
2017-07-22 20:00:00,995.1,27.4,88.0,0.1,0.0,1.6,57.0,0.0,,,,,,,,,,2017-07-22T19:27:00,,,,,,,,,,,,,,,,,,
2017-07-22 21:00:00,995.0,27.1,86.0,0.5,33.0,2.6,62.0,0.0,,,,,,,,,,2017-07-22T20:28:00,,,,,,,,,,,,,,,,,,
2017-07-22 22:00:00,995.7,26.8,90.0,0.8,78.0,1.3,80.0,0.0,,,,,,,,,,2017-07-22T21:10:00,,,,,,,,,,,,,,,,,,
2017-07-22 23:00:00,996.0,26.5,86.0,0.7,27.0,2.3,51.0,0.0,,,,,,,,,,2017-07-22T22:55:00,,,,,,,,,,,,,,,,,,
2017-07-23 00:00:00,996.0,26.6,85.0,1.1,49.0,3.0,56.0,0.0,,,,,,,,,,2017-07-22T23:53:00,,,,,,,,,,,,,,,,,,
2017-07-23 01:00:00,995.4,26.3,87.0,0.7,96.0,3.1,13.0,0.0,,,,,,,,,,2017-07-23T00:31:00,,,,,,,,,,,,,,,,,,
2017-07-23 02:00:00,995.0,26.0,89.0,0.7,84.0,1.4,81.0,0.0,,,,,,,,,,2017-07-23T01:39:00,,,,,,,,,,,,,,,,,,
2017-07-23 03:00:00,994.5,26.3,85.0,0.5,14.0,2.0,56.0,0.0,,,,,,,,,,2017-07-23T02:17:00,,,,,,,,,,,,,,,,,,
2017-07-23 04:00:00,994.3,25.9,87.0,1.4,60.0,2.5,58.0,0.0,,,,,,,,,,2017-07-23T03:12:00,,,,,,,,,,,,,,,,,,
2017-07-23 05:00:00,994.2,26.2,85.0,1.2,68.0,2.0,69.0,0.0,,,,,,,,,,2017-07-23T04:06:00,,,,,,,,,,,,,,,,,,
2017-07-23 06:00:00,994.5,25.9,88.0,0.0,0.0,2.8,66.0,0.0,,,,,,,,,,2017-07-23T05:20:00,,,,,,,,,,,,,,,,,,
2017-07-23 07:00:00,995.0,26.6,85.0,0.8,41.0,1.8,40.0,0.0,,,,,,,,,,2017-07-23T06:05:00,,,,,,,,,,,,,,,,,,
2017-07-23 08:00:00,995.4,29.2,76.0,0.9,288.0,1.9,350.0,0.0,,,,,,,,,,2017-07-23T07:40:00,,,,,,,,,,,,,,,,,,
2017-07-23 09:00:00,995.6,30.7,71.0,1.4,216.0,3.4,226.0,0.0,,,,,,,,,,2017-07-23T08:34:00,,,,,,,,,,,,,,,,,,
2017-07-23 10:00:00,995.6,31.3,66.0,1.0,96.0,2.9,277.0,0.0,,,,,,,,,,2017-07-23T09:32:00,,,,,,,,,,,,,,,,,,
2017-07-23 11:00:00,995.3,33.2,63.0,1.6,223.0,3.5,275.0,0.0,,,,,,,,,,2017-07-23T10:58:00,,,,,,,,,,,,,,,,,,
2017-07-23 12:00:00,994.9,33.1,63.0,0.7,257.0,4.3,241.0,0.0,,,,,,,,,,2017-07-23T11:14:00,,,,,,,,,,,,,,,,,,
2017-07-23 13:00:00,994.1,34.2,61.0,1.6,253.0,4.0,213.0,0.0,,,,,,,,,,2017-07-23T12:50:00,,,,,,,,,,,,,,,,,,
2017-07-23 14:00:00,993.6,31.1,76.0,4.8,214.0,6.5,212.0,0.0,,,,,,,,,,2017-07-23T13:59:00,,,,,,,,,,,,,,,,,,
2017-07-23 15:00:00,993.6,30.0,80.0,1.8,260.0,7.2,213.0,0.5,,,,,,,,,,2017-07-23T14:01:00,,,,,,,,,,,,,,,,,,
2017-07-23 16:00:00,993.9,27.9,86.0,1.9,60.0,4.1,93.0,0.5,,,,,,,,,,2017-07-23T15:54:00,,,,,,,,,,,,,,,,,,
2017-07-23 17:00:00,993.6,26.9,93.0,1.1,72.0,5.2,47.0,12.0,,,,,,,,,,2017-07-23T16:03:00,,,,,,,,,,,,,,,,,,
2017-07-23 18:00:00,993.6,27.2,90.0,0.9,70.0,2.9,18.0,0.0,,,,,,,,,,2017-07-23T17:14:00,,,,,,,,,,,,,,,,,,
2017-07-23 19:00:00,994.0,26.9,93.0,0.5,320.0,1.7,107.0,0.0,,,,,,,,,,2017-07-23T18:01:00,,,,,,,,,,,,,,,,,,
2017-07-23 20:00:00,994.4,26.6,94.0,0.0,0.0,1.7,76.0,0.0,,,,,,,,,,2017-07-23T19:20:00,,,,,,,,,,,,,,,,,,
2017-07-23 21:00:00,994.9,26.6,94.0,0.0,0.0,1.7,60.0,0.0,,,,,,,,,,2017-07-23T20:42:00,,,,,,,,,,,,,,,,,,
2017-07-23 22:00:00,994.9,26.3,94.0,0.7,76.0,1.7,6.0,0.0,,,,,,,,,,2017-07-23T21:22:00,,,,,,,,,,,,,,,,,,
2017-07-23 23:00:00,994.6,25.9,95.0,0.2,0.0,1.6,86.0,0.0,,,,,,,,,,2017-07-23T22:14:00,,,,,,,,,,,,,,,,,,
2017-07-24 00:00:00,994.5,25.9,95.0,0.7,74.0,2.1,60.0,0.0,,,,,,,,,,2017-07-23T23:44:00,,,,,,,,,,,,,,,,,,
2017-07-24 01:00:00,994.1,25.7,94.0,1.0,71.0,1.7,61.0,0.0,,,,,,,,,,2017-07-24T00:59:00,,,,,,,,,,,,,,,,,,
2017-07-24 02:00:00,993.6,25.4,95.0,0.2,0.0,1.8,48.0,0.0,,,,,,,,,,2017-07-24T01:10:00,,,,,,,,,,,,,,,,,,
2017-07-24 03:00:00,993.2,25.4,95.0,1.1,63.0,1.9,64.0,0.0,,,,,,,,,,2017-07-24T02:58:00,,,,,,,,,,,,,,,,,,
2017-07-24 04:00:00,993.0,24.9,95.0,1.1,73.0,1.4,89.0,0.0,,,,,,,,,,2017-07-24T03:19:00,,,,,,,,,,,,,,,,,,
2017-07-24 05:00:00,993.3,24.9,95.0,1.1,65.0,2.0,66.0,0.0,,,,,,,,,,2017-07-24T04:20:00,,,,,,,,,,,,,,,,,,
2017-07-24 06:00:00,993.7,24.8,95.0,1.0,73.0,1.9,94.0,0.0,,,,,,,,,,2017-07-24T05:25:00,,,,,,,,,,,,,,,,,,
2017-07-24 07:00:00,993.8,26.3,89.0,0.8,36.0,2.1,52.0,0.0,,,,,,,,,,2017-07-24T06:35:00,,,,,,,,,,,,,,,,,,
2017-07-24 08:00:00,993.9,28.9,77.0,0.5,300.0,1.8,339.0,0.0,,,,,,,,,,2017-07-24T07:38:00,,,,,,,,,,,,,,,,,,
2017-07-24 09:00:00,993.8,31.1,71.0,0.9,250.0,2.1,230.0,0.0,,,,,,,,,,2017-07-24T08:50:00,,,,,,,,,,,,,,,,,,
2017-07-24 10:00:00,993.6,32.0,68.0,1.3,240.0,3.4,229.0,0.0,,,,,,,,,,2017-07-24T09:38:00,,,,,,,,,,,,,,,,,,
2017-07-24 11:00:00,993.3,32.9,65.0,1.3,258.0,3.4,262.0,0.0,,,,,,,,,,2017-07-24T10:31:00,,,,,,,,,,,,,,,,,,
2017-07-24 12:00:00,992.6,34.1,63.0,1.0,269.0,4.9,213.0,0.0,,,,,,,,,,2017-07-24T11:02:00,,,,,,,,,,,,,,,,,,
2017-07-24 13:00:00,992.1,34.4,62.0,1.4,281.0,4.3,273.0,0.0,,,,,,,,,,2017-07-24T12:41:00,,,,,,,,,,,,,,,,,,
2017-07-24 14:00:00,991.3,34.3,67.0,2.0,290.0,5.6,288.0,0.0,,,,,,,,,,2017-07-24T13:49:00,,,,,,,,,,,,,,,,,,
2017-07-24 15:00:00,991.2,27.7,89.0,1.0,268.0,6.7,302.0,5.5,,,,,,,,,,2017-07-24T14:11:00,,,,,,,,,,,,,,,,,,
2017-07-24 16:00:00,991.8,25.1,90.0,4.9,129.0,9.5,103.0,6.0,,,,,,,,,,2017-07-24T15:55:00,,,,,,,,,,,,,,,,,,
2017-07-24 17:00:00,992.5,24.4,91.0,1.4,40.0,6.6,144.0,8.5,,,,,,,,,,2017-07-24T16:21:00,,,,,,,,,,,,,,,,,,
2017-07-24 18:00:00,992.3,24.2,92.0,2.1,70.0,4.3,10.0,0.5,,,,,,,,,,2017-07-24T17:20:00,,,,,,,,,,,,,,,,,,
2017-07-24 19:00:00,992.6,24.4,90.0,1.2,48.0,4.6,349.0,0.5,,,,,,,,,,2017-07-24T18:19:00,,,,,,,,,,,,,,,,,,
2017-07-24 20:00:00,992.9,24.6,92.0,1.0,54.0,3.3,98.0,0.0,,,,,,,,,,2017-07-24T19:23:00,,,,,,,,,,,,,,,,,,
2017-07-24 21:00:00,992.9,24.3,93.0,1.2,9.0,2.5,14.0,0.0,,,,,,,,,,2017-07-24T20:50:00,,,,,,,,,,,,,,,,,,
2017-07-24 22:00:00,993.7,24.3,92.0,1.5,8.0,2.3,6.0,0.0,,,,,,,,,,2017-07-24T21:07:00,,,,,,,,,,,,,,,,,,
2017-07-24 23:00:00,994.0,24.5,91.0,0.4,22.0,2.6,62.0,0.0,,,,,,,,,,2017-07-24T22:20:00,,,,,,,,,,,,,,,,,,
2017-07-25 00:00:00,993.6,24.1,93.0,1.0,57.0,2.1,72.0,0.0,,,,,,,,,,2017-07-24T23:56:00,,,,,,,,,,,,,,,,,,
2017-07-25 01:00:00,993.3,24.1,92.0,0.8,55.0,2.7,49.0,0.0,,,,,,,,,,2017-07-25T00:49:00,,,,,,,,,,,,,,,,,,
2017-07-25 02:00:00,992.7,23.9,91.0,0.6,25.0,2.5,47.0,0.0,,,,,,,,,,2017-07-25T01:42:00,,,,,,,,,,,,,,,,,,
2017-07-25 03:00:00,992.1,23.6,91.0,1.1,53.0,2.9,67.0,0.0,,,,,,,,,,2017-07-25T02:54:00,,,,,,,,,,,,,,,,,,
2017-07-25 04:00:00,992.2,23.1,92.0,1.4,70.0,3.0,52.0,0.0,,,,,,,,,,2017-07-25T03:08:00,,,,,,,,,,,,,,,,,,
2017-07-25 05:00:00,992.0,23.3,90.0,1.5,55.0,3.0,52.0,0.0,,,,,,,,,,2017-07-25T04:43:00,,,,,,,,,,,,,,,,,,
2017-07-25 06:00:00,992.6,23.3,89.0,1.5,49.0,2.6,64.0,0.0,,,,,,,,,,2017-07-25T05:01:00,,,,,,,,,,,,,,,,,,
2017-07-25 07:00:00,992.6,25.2,82.0,0.8,55.0,3.3,60.0,0.0,,,,,,,,,,2017-07-25T06:09:00,,,,,,,,,,,,,,,,,,
2017-07-25 08:00:00,992.7,28.5,69.0,0.7,54.0,2.0,30.0,0.0,,,,,,,,,,2017-07-25T07:07:00,,,,,,,,,,,,,,,,,,
2017-07-25 09:00:00,992.6,30.4,61.0,0.8,350.0,1.9,352.0,0.0,,,,,,,,,,2017-07-25T08:54:00,,,,,,,,,,,,,,,,,,
2017-07-25 10:00:00,992.6,31.7,60.0,1.4,188.0,2.5,189.0,0.0,,,,,,,,,,2017-07-25T09:55:00,,,,,,,,,,,,,,,,,,
2017-07-25 11:00:00,992.5,32.4,62.0,0.9,249.0,4.2,224.0,0.0,,,,,,,,,,2017-07-25T10:31:00,,,,,,,,,,,,,,,,,,
2017-07-25 12:00:00,992.4,32.7,63.0,2.6,205.0,4.1,206.0,0.0,,,,,,,,,,2017-07-25T11:06:00,,,,,,,,,,,,,,,,,,
2017-07-25 13:00:00,991.9,33.7,63.0,2.1,256.0,3.7,210.0,0.0,,,,,,,,,,2017-07-25T12:26:00,,,,,,,,,,,,,,,,,,
2017-07-25 14:00:00,991.2,34.2,60.0,1.3,265.0,4.1,286.0,0.0,,,,,,,,,,2017-07-25T13:10:00,,,,,,,,,,,,,,,,,,
2017-07-25 15:00:00,990.7,32.5,65.0,1.7,285.0,4.5,246.0,0.0,,,,,,,,,,2017-07-25T14:35:00,,,,,,,,,,,,,,,,,,
2017-07-25 16:00:00,991.4,26.4,88.0,4.5,191.0,12.0,205.0,11.0,,,,,,,,,,2017-07-25T15:55:00,,,,,,,,,,,,,,,,,,
2017-07-25 17:00:00,992.4,24.8,88.0,1.7,80.0,6.6,14.0,13.5,,,,,,,,,,2017-07-25T16:44:00,,,,,,,,,,,,,,,,,,
2017-07-25 18:00:00,992.2,23.9,91.0,1.6,79.0,5.7,46.0,3.0,,,,,,,,,,2017-07-25T17:44:00,,,,,,,,,,,,,,,,,,
2017-07-25 19:00:00,991.4,24.0,91.0,1.0,15.0,3.3,3.0,0.0,,,,,,,,,,2017-07-25T18:37:00,,,,,,,,,,,,,,,,,,
2017-07-25 20:00:00,992.0,23.7,93.0,0.5,97.0,2.0,45.0,0.0,,,,,,,,,,2017-07-25T19:48:00,,,,,,,,,,,,,,,,,,
2017-07-25 21:00:00,992.9,24.1,91.0,1.0,45.0,2.5,16.0,0.0,,,,,,,,,,2017-07-25T20:19:00,,,,,,,,,,,,,,,,,,
2017-07-25 22:00:00,994.0,23.8,92.0,0.8,72.0,2.5,64.0,0.0,,,,,,,,,,2017-07-25T21:51:00,,,,,,,,,,,,,,,,,,
2017-07-25 23:00:00,993.6,24.1,90.0,1.8,55.0,2.7,68.0,0.0,,,,,,,,,,2017-07-25T23:00:00,,,,,,,,,,,,,,,,,,
2017-07-26 00:00:00,993.1,23.9,93.0,0.5,109.0,2.6,65.0,0.0,,,,,,,,,,2017-07-25T23:02:00,,,,,,,,,,,,,,,,,,
2017-07-26 01:00:00,992.4,23.9,93.0,0.2,0.0,1.4,78.0,0.0,,,,,,,,,,2017-07-26T00:44:00,,,,,,,,,,,,,,,,,,
2017-07-26 02:00:00,991.9,23.9,92.0,0.4,68.0,2.3,38.0,0.0,,,,,,,,,,2017-07-26T01:28:00,,,,,,,,,,,,,,,,,,
2017-07-26 03:00:00,991.3,24.1,91.0,1.0,56.0,2.3,53.0,0.0,,,,,,,,,,2017-07-26T02:58:00,,,,,,,,,,,,,,,,,,
2017-07-26 04:00:00,990.9,23.9,91.0,0.9,75.0,2.4,53.0,0.0,,,,,,,,,,2017-07-26T03:09:00,,,,,,,,,,,,,,,,,,
2017-07-26 05:00:00,990.8,23.5,92.0,1.1,80.0,2.3,62.0,0.0,,,,,,,,,,2017-07-26T04:12:00,,,,,,,,,,,,,,,,,,
2017-07-26 06:00:00,991.1,23.9,90.0,1.2,39.0,2.4,66.0,0.0,,,,,,,,,,2017-07-26T05:25:00,,,,,,,,,,,,,,,,,,
2017-07-26 07:00:00,991.8,26.4,79.0,1.3,59.0,2.5,63.0,0.0,,,,,,,,,,2017-07-26T07:00:00,,,,,,,,,,,,,,,,,,
2017-07-26 08:00:00,991.8,28.4,71.0,0.8,48.0,2.7,88.0,0.0,,,,,,,,,,2017-07-26T07:10:00,,,,,,,,,,,,,,,,,,
2017-07-26 09:00:00,992.0,31.1,65.0,0.5,223.0,1.6,1.0,0.0,,,,,,,,,,2017-07-26T08:01:00,,,,,,,,,,,,,,,,,,
2017-07-26 10:00:00,992.2,31.9,63.0,1.4,255.0,3.1,244.0,0.0,,,,,,,,,,2017-07-26T09:58:00,,,,,,,,,,,,,,,,,,
2017-07-26 11:00:00,992.0,33.2,57.0,0.6,174.0,3.0,243.0,0.0,,,,,,,,,,2017-07-26T10:22:00,,,,,,,,,,,,,,,,,,
2017-07-26 12:00:00,991.8,33.6,60.0,0.8,264.0,3.4,286.0,0.0,,,,,,,,,,2017-07-26T11:32:00,,,,,,,,,,,,,,,,,,
2017-07-26 13:00:00,991.2,31.9,68.0,2.0,230.0,5.6,198.0,0.0,,,,,,,,,,2017-07-26T12:38:00,,,,,,,,,,,,,,,,,,
2017-07-26 14:00:00,990.5,32.7,63.0,0.7,268.0,5.0,234.0,0.0,,,,,,,,,,2017-07-26T13:16:00,,,,,,,,,,,,,,,,,,
2017-07-26 15:00:00,990.8,26.5,91.0,5.4,209.0,8.5,231.0,5.0,,,,,,,,,,2017-07-26T14:59:00,,,,,,,,,,,,,,,,,,
2017-07-26 16:00:00,992.4,24.7,96.0,0.3,305.0,6.8,217.0,63.0,,,,,,,,,,2017-07-26T15:05:00,,,,,,,,,,,,,,,,,,
2017-07-26 17:00:00,991.7,24.5,96.0,0.8,65.0,2.6,116.0,3.5,,,,,,,,,,2017-07-26T16:38:00,,,,,,,,,,,,,,,,,,
2017-07-26 18:00:00,991.7,24.8,95.0,1.5,10.0,2.9,7.0,2.5,,,,,,,,,,2017-07-26T17:31:00,,,,,,,,,,,,,,,,,,
2017-07-26 19:00:00,991.3,24.7,95.0,1.3,81.0,2.2,62.0,0.5,,,,,,,,,,2017-07-26T19:00:00,,,,,,,,,,,,,,,,,,
2017-07-26 20:00:00,991.8,24.8,95.0,0.5,65.0,1.8,64.0,0.0,,,,,,,,,,2017-07-26T19:07:00,,,,,,,,,,,,,,,,,,
2017-07-26 21:00:00,992.2,24.6,95.0,0.4,120.0,2.2,70.0,0.0,,,,,,,,,,2017-07-26T20:31:00,,,,,,,,,,,,,,,,,,
2017-07-26 22:00:00,992.4,24.6,95.0,0.6,26.0,2.1,70.0,0.0,,,,,,,,,,2017-07-26T21:22:00,,,,,,,,,,,,,,,,,,
2017-07-26 23:00:00,992.4,24.3,94.0,0.2,0.0,2.8,61.0,0.0,,,,,,,,,,2017-07-26T22:29:00,,,,,,,,,,,,,,,,,,
2017-07-27 00:00:00,992.2,24.2,95.0,1.1,51.0,2.1,69.0,0.0,,,,,,,,,,2017-07-26T23:26:00,,,,,,,,,,,,,,,,,,
2017-07-27 01:00:00,991.7,24.0,94.0,1.3,69.0,2.7,68.0,0.0,,,,,,,,,,2017-07-27T00:15:00,,,,,,,,,,,,,,,,,,
2017-07-27 02:00:00,991.3,23.8,95.0,0.8,60.0,1.6,74.0,0.0,,,,,,,,,,2017-07-27T01:58:00,,,,,,,,,,,,,,,,,,
2017-07-27 03:00:00,991.0,23.6,94.0,0.8,26.0,2.4,56.0,0.0,,,,,,,,,,2017-07-27T02:41:00,,,,,,,,,,,,,,,,,,
2017-07-27 04:00:00,990.8,23.5,93.0,1.0,68.0,2.7,54.0,0.0,,,,,,,,,,2017-07-27T03:21:00,,,,,,,,,,,,,,,,,,
2017-07-27 05:00:00,991.4,23.3,94.0,0.8,5.0,2.5,70.0,0.0,,,,,,,,,,2017-07-27T04:35:00,,,,,,,,,,,,,,,,,,
2017-07-27 06:00:00,992.2,23.3,95.0,0.9,73.0,1.6,66.0,0.0,,,,,,,,,,2017-07-27T05:51:00,,,,,,,,,,,,,,,,,,
2017-07-27 07:00:00,992.4,25.7,84.0,0.9,21.0,2.2,77.0,0.0,,,,,,,,,,2017-07-27T06:30:00,,,,,,,,,,,,,,,,,,
2017-07-27 08:00:00,992.5,27.8,77.0,1.1,20.0,2.4,54.0,0.0,,,,,,,,,,2017-07-27T07:04:00,,,,,,,,,,,,,,,,,,
2017-07-27 09:00:00,992.1,30.7,66.0,0.9,112.0,3.0,70.0,0.0,,,,,,,,,,2017-07-27T08:02:00,,,,,,,,,,,,,,,,,,
2017-07-27 10:00:00,991.8,32.1,65.0,0.9,239.0,2.5,276.0,0.0,,,,,,,,,,2017-07-27T09:51:00,,,,,,,,,,,,,,,,,,
2017-07-27 11:00:00,991.5,31.9,64.0,1.2,297.0,3.1,224.0,0.0,,,,,,,,,,2017-07-27T10:23:00,,,,,,,,,,,,,,,,,,
2017-07-27 12:00:00,990.9,33.2,64.0,2.1,278.0,4.4,269.0,0.0,,,,,,,,,,2017-07-27T11:26:00,,,,,,,,,,,,,,,,,,
2017-07-27 13:00:00,990.4,33.8,62.0,1.2,295.0,5.5,296.0,0.0,,,,,,,,,,2017-07-27T12:02:00,,,,,,,,,,,,,,,,,,
2017-07-27 14:00:00,990.2,34.5,56.0,1.1,301.0,3.7,298.0,0.0,,,,,,,,,,2017-07-27T13:30:00,,,,,,,,,,,,,,,,,,
2017-07-27 15:00:00,989.7,34.1,58.0,0.9,318.0,3.8,266.0,0.0,,,,,,,,,,2017-07-27T14:22:00,,,,,,,,,,,,,,,,,,
2017-07-27 16:00:00,989.6,32.2,68.0,1.0,296.0,5.0,256.0,0.0,,,,,,,,,,2017-07-27T15:18:00,,,,,,,,,,,,,,,,,,
2017-07-27 17:00:00,990.1,26.3,95.0,2.8,232.0,10.5,211.0,20.5,,,,,,,,,,2017-07-27T16:47:00,,,,,,,,,,,,,,,,,,
2017-07-27 18:00:00,990.9,26.7,93.0,0.8,90.0,3.5,147.0,0.0,,,,,,,,,,2017-07-27T17:06:00,,,,,,,,,,,,,,,,,,
2017-07-27 19:00:00,991.2,27.0,93.0,0.5,103.0,2.1,15.0,0.0,,,,,,,,,,2017-07-27T18:32:00,,,,,,,,,,,,,,,,,,
2017-07-27 20:00:00,991.7,26.8,94.0,0.0,0.0,1.5,65.0,0.0,,,,,,,,,,2017-07-27T19:20:00,,,,,,,,,,,,,,,,,,
2017-07-27 21:00:00,992.1,26.9,94.0,1.0,59.0,1.5,89.0,0.0,,,,,,,,,,2017-07-27T20:12:00,,,,,,,,,,,,,,,,,,
2017-07-27 22:00:00,992.0,26.5,95.0,0.7,10.0,1.8,60.0,0.0,,,,,,,,,,2017-07-27T21:16:00,,,,,,,,,,,,,,,,,,
2017-07-27 23:00:00,991.9,26.2,95.0,0.7,58.0,1.5,286.0,0.0,,,,,,,,,,2017-07-27T22:25:00,,,,,,,,,,,,,,,,,,
2017-07-28 00:00:00,991.6,25.8,94.0,0.4,28.0,1.5,57.0,0.0,,,,,,,,,,2017-07-27T23:05:00,,,,,,,,,,,,,,,,,,
2017-07-28 01:00:00,991.2,25.3,95.0,0.4,221.0,1.6,68.0,0.0,,,,,,,,,,2017-07-28T00:10:00,,,,,,,,,,,,,,,,,,
2017-07-28 02:00:00,990.5,25.0,95.0,0.7,54.0,1.5,54.0,0.0,,,,,,,,,,2017-07-28T01:55:00,,,,,,,,,,,,,,,,,,
2017-07-28 03:00:00,990.4,25.2,95.0,0.0,0.0,2.0,64.0,0.0,,,,,,,,,,2017-07-28T02:03:00,,,,,,,,,,,,,,,,,,
2017-07-28 04:00:00,990.6,25.4,94.0,0.7,7.0,1.3,69.0,0.0,,,,,,,,,,2017-07-28T03:28:00,,,,,,,,,,,,,,,,,,
2017-07-28 05:00:00,990.3,25.2,95.0,1.1,64.0,2.2,59.0,0.0,,,,,,,,,,2017-07-28T04:49:00,,,,,,,,,,,,,,,,,,
2017-07-28 06:00:00,990.6,25.0,95.0,0.8,50.0,1.9,61.0,0.0,,,,,,,,,,2017-07-28T05:02:00,,,,,,,,,,,,,,,,,,
2017-07-28 07:00:00,990.9,26.6,89.0,0.8,18.0,2.1,2.0,0.0,,,,,,,,,,2017-07-28T06:54:00,,,,,,,,,,,,,,,,,,
2017-07-28 08:00:00,990.6,28.8,81.0,0.7,224.0,2.6,63.0,0.0,,,,,,,,,,2017-07-28T07:04:00,,,,,,,,,,,,,,,,,,
2017-07-28 09:00:00,990.6,30.6,75.0,1.5,264.0,2.8,287.0,0.0,,,,,,,,,,2017-07-28T08:57:00,,,,,,,,,,,,,,,,,,
2017-07-28 10:00:00,990.5,31.2,75.0,1.6,219.0,3.9,219.0,0.0,,,,,,,,,,2017-07-28T09:43:00,,,,,,,,,,,,,,,,,,
2017-07-28 11:00:00,990.3,31.0,75.0,2.1,210.0,4.3,206.0,0.0,,,,,,,,,,2017-07-28T10:23:00,,,,,,,,,,,,,,,,,,
2017-07-28 12:00:00,990.2,31.5,70.0,2.1,130.0,4.7,89.0,0.0,,,,,,,,,,2017-07-28T11:48:00,,,,,,,,,,,,,,,,,,
2017-07-28 13:00:00,989.5,32.3,66.0,0.7,185.0,3.8,115.0,0.0,,,,,,,,,,2017-07-28T12:01:00,,,,,,,,,,,,,,,,,,
2017-07-28 14:00:00,988.3,31.9,72.0,2.3,260.0,4.8,251.0,0.0,,,,,,,,,,2017-07-28T14:00:00,,,,,,,,,,,,,,,,,,
2017-07-28 15:00:00,988.0,31.5,75.0,2.1,283.0,4.6,264.0,0.0,,,,,,,,,,2017-07-28T14:45:00,,,,,,,,,,,,,,,,,,
2017-07-28 16:00:00,987.7,32.2,70.0,2.7,283.0,5.0,252.0,0.0,,,,,,,,,,2017-07-28T15:29:00,,,,,,,,,,,,,,,,,,
2017-07-28 17:00:00,987.3,32.7,66.0,1.0,306.0,4.5,260.0,0.0,,,,,,,,,,2017-07-28T16:16:00,,,,,,,,,,,,,,,,,,
2017-07-28 18:00:00,987.7,30.4,76.0,1.3,277.0,3.1,239.0,0.0,,,,,,,,,,2017-07-28T17:17:00,,,,,,,,,,,,,,,,,,
2017-07-28 19:00:00,987.9,29.7,78.0,1.5,228.0,2.5,259.0,0.0,,,,,,,,,,2017-07-28T18:14:00,,,,,,,,,,,,,,,,,,
2017-07-28 20:00:00,987.9,29.3,84.0,0.2,0.0,2.1,220.0,0.0,,,,,,,,,,2017-07-28T19:05:00,,,,,,,,,,,,,,,,,,
2017-07-28 21:00:00,988.5,28.6,85.0,2.2,191.0,3.5,188.0,0.0,,,,,,,,,,2017-07-28T20:58:00,,,,,,,,,,,,,,,,,,
2017-07-28 22:00:00,988.7,28.3,84.0,1.0,133.0,4.1,200.0,0.0,,,,,,,,,,2017-07-28T21:18:00,,,,,,,,,,,,,,,,,,
2017-07-28 23:00:00,988.7,28.0,84.0,1.3,159.0,2.7,119.0,0.0,,,,,,,,,,2017-07-28T22:31:00,,,,,,,,,,,,,,,,,,
2017-07-29 00:00:00,988.0,27.8,88.0,0.1,0.0,1.7,163.0,0.0,,,,,,,,,,2017-07-28T23:07:00,,,,,,,,,,,,,,,,,,
2017-07-29 01:00:00,987.7,27.5,90.0,0.2,0.0,1.7,348.0,0.0,,,,,,,,,,2017-07-29T00:17:00,,,,,,,,,,,,,,,,,,
2017-07-29 02:00:00,986.8,27.2,91.0,0.6,320.0,1.3,349.0,0.0,,,,,,,,,,2017-07-29T01:45:00,,,,,,,,,,,,,,,,,,
2017-07-29 03:00:00,986.4,27.0,92.0,0.5,19.0,1.5,14.0,0.0,,,,,,,,,,2017-07-29T02:27:00,,,,,,,,,,,,,,,,,,
2017-07-29 04:00:00,986.2,26.9,92.0,0.6,17.0,1.5,331.0,0.0,,,,,,,,,,2017-07-29T03:37:00,,,,,,,,,,,,,,,,,,
2017-07-29 05:00:00,985.8,26.7,94.0,0.7,6.0,1.1,95.0,0.0,,,,,,,,,,2017-07-29T04:02:00,,,,,,,,,,,,,,,,,,
2017-07-29 06:00:00,985.9,26.6,93.0,0.8,352.0,1.4,46.0,0.0,,,,,,,,,,2017-07-29T05:18:00,,,,,,,,,,,,,,,,,,
2017-07-29 07:00:00,985.7,27.4,90.0,1.0,76.0,1.6,77.0,0.0,,,,,,,,,,2017-07-29T06:57:00,,,,,,,,,,,,,,,,,,
2017-07-29 08:00:00,985.5,28.9,80.0,0.3,96.0,1.7,82.0,0.0,,,,,,,,,,2017-07-29T07:10:00,,,,,,,,,,,,,,,,,,
2017-07-29 09:00:00,985.5,28.9,81.0,0.7,149.0,1.5,144.0,0.0,,,,,,,,,,2017-07-29T08:52:00,,,,,,,,,,,,,,,,,,
2017-07-29 10:00:00,984.7,29.3,81.0,0.7,212.0,1.8,229.0,0.0,,,,,,,,,,2017-07-29T09:11:00,,,,,,,,,,,,,,,,,,
2017-07-29 11:00:00,984.6,29.2,80.0,0.2,0.0,2.1,276.0,0.0,,,,,,,,,,2017-07-29T10:08:00,,,,,,,,,,,,,,,,,,
2017-07-29 12:00:00,983.7,28.0,84.0,1.0,93.0,2.2,72.0,0.0,,,,,,,,,,2017-07-29T11:52:00,,,,,,,,,,,,,,,,,,
2017-07-29 13:00:00,983.0,28.0,87.0,1.2,173.0,2.3,93.0,0.5,,,,,,,,,,2017-07-29T12:20:00,,,,,,,,,,,,,,,,,,
2017-07-29 14:00:00,982.0,28.1,84.0,0.8,118.0,1.8,69.0,0.0,,,,,,,,,,2017-07-29T13:40:00,,,,,,,,,,,,,,,,,,
2017-07-29 15:00:00,981.4,27.5,84.0,1.7,183.0,5.4,221.0,0.0,,,,,,,,,,2017-07-29T15:00:00,,,,,,,,,,,,,,,,,,
2017-07-29 16:00:00,981.3,26.0,88.0,4.4,155.0,10.0,155.0,0.5,,,,,,,,,,2017-07-29T15:43:00,,,,,,,,,,,,,,,,,,
2017-07-29 17:00:00,980.5,24.8,91.0,4.3,173.0,14.0,152.0,2.5,,,,,,,,,,2017-07-29T16:12:00,,,,,,,,,,,,,,,,,,
2017-07-29 18:00:00,980.1,25.2,92.0,1.0,254.0,6.2,185.0,2.5,,,,,,,,,,2017-07-29T17:26:00,,,,,,,,,,,,,,,,,,
2017-07-29 19:00:00,980.3,26.3,91.0,5.1,176.0,10.0,162.0,0.0,,,,,,,,,,2017-07-29T18:48:00,,,,,,,,,,,,,,,,,,
2017-07-29 20:00:00,980.4,25.1,91.0,6.2,164.0,16.9,150.0,0.5,,,,,,,,,,2017-07-29T19:52:00,,,,,,,,,,,,,,,,,,
2017-07-29 21:00:00,980.9,24.7,95.0,5.0,165.0,13.2,170.0,34.0,,,,,,,,,,2017-07-29T20:33:00,,,,,,,,,,,,,,,,,,
2017-07-29 22:00:00,982.1,25.8,95.0,4.4,173.0,9.6,165.0,0.0,,,,,,,,,,2017-07-29T21:53:00,,,,,,,,,,,,,,,,,,
2017-07-29 23:00:00,982.6,26.1,94.0,4.1,194.0,8.7,182.0,6.5,,,,,,,,,,2017-07-29T22:02:00,,,,,,,,,,,,,,,,,,
2017-07-30 00:00:00,982.6,25.8,96.0,2.1,232.0,6.6,198.0,8.0,,,,,,,,,,2017-07-29T23:10:00,,,,,,,,,,,,,,,,,,
2017-07-30 01:00:00,983.4,25.4,96.0,2.3,200.0,4.7,193.0,0.5,,,,,,,,,,2017-07-30T00:49:00,,,,,,,,,,,,,,,,,,
2017-07-30 02:00:00,983.9,24.6,97.0,1.5,210.0,11.4,201.0,21.0,,,,,,,,,,2017-07-30T01:19:00,,,,,,,,,,,,,,,,,,
2017-07-30 03:00:00,983.7,24.8,98.0,0.4,301.0,4.6,218.0,4.0,,,,,,,,,,2017-07-30T02:26:00,,,,,,,,,,,,,,,,,,
2017-07-30 04:00:00,982.8,26.1,91.0,2.8,140.0,7.4,116.0,0.5,,,,,,,,,,2017-07-30T03:56:00,,,,,,,,,,,,,,,,,,
2017-07-30 05:00:00,981.9,26.5,84.0,3.5,188.0,11.6,157.0,2.0,,,,,,,,,,2017-07-30T04:26:00,,,,,,,,,,,,,,,,,,
2017-07-30 06:00:00,981.7,27.0,77.0,5.6,179.0,13.9,199.0,0.0,,,,,,,,,,2017-07-30T05:45:00,,,,,,,,,,,,,,,,,,
2017-07-30 07:00:00,981.6,27.9,75.0,1.9,341.0,9.2,169.0,0.0,,,,,,,,,,2017-07-30T06:16:00,,,,,,,,,,,,,,,,,,
2017-07-30 08:00:00,981.5,29.6,71.0,4.0,186.0,7.8,200.0,0.0,,,,,,,,,,2017-07-30T07:59:00,,,,,,,,,,,,,,,,,,
2017-07-30 09:00:00,981.2,30.1,70.0,4.8,188.0,9.0,182.0,0.0,,,,,,,,,,2017-07-30T08:50:00,,,,,,,,,,,,,,,,,,
2017-07-30 10:00:00,980.4,32.4,65.0,2.4,217.0,7.9,167.0,0.0,,,,,,,,,,2017-07-30T09:09:00,,,,,,,,,,,,,,,,,,
2017-07-30 11:00:00,979.5,34.2,59.0,1.8,239.0,5.2,248.0,0.0,,,,,,,,,,2017-07-30T10:26:00,,,,,,,,,,,,,,,,,,
2017-07-30 12:00:00,978.5,32.6,67.0,1.3,310.0,3.4,237.0,0.0,,,,,,,,,,2017-07-30T11:02:00,,,,,,,,,,,,,,,,,,
2017-07-30 13:00:00,979.2,31.9,72.0,0.9,317.0,3.6,294.0,0.0,,,,,,,,,,2017-07-30T12:20:00,,,,,,,,,,,,,,,,,,
2017-07-30 14:00:00,978.3,29.9,75.0,1.7,11.0,3.4,355.0,0.0,,,,,,,,,,2017-07-30T13:06:00,,,,,,,,,,,,,,,,,,
2017-07-30 15:00:00,976.7,31.3,67.0,3.3,16.0,6.7,12.0,0.0,,,,,,,,,,2017-07-30T14:58:00,,,,,,,,,,,,,,,,,,
2017-07-30 16:00:00,974.6,31.3,67.0,3.0,13.0,9.2,355.0,0.0,,,,,,,,,,2017-07-30T15:43:00,,,,,,,,,,,,,,,,,,
2017-07-30 17:00:00,973.8,29.9,68.0,3.7,12.0,9.6,33.0,0.0,,,,,,,,,,2017-07-30T16:43:00,,,,,,,,,,,,,,,,,,
2017-07-30 18:00:00,974.7,27.4,84.0,2.5,22.0,10.2,7.0,3.0,,,,,,,,,,2017-07-30T17:05:00,,,,,,,,,,,,,,,,,,
2017-07-30 19:00:00,975.6,27.0,85.0,3.6,25.0,8.2,12.0,2.5,,,,,,,,,,2017-07-30T18:49:00,,,,,,,,,,,,,,,,,,
2017-07-30 20:00:00,977.1,26.3,90.0,1.0,206.0,10.3,17.0,5.5,,,,,,,,,,2017-07-30T19:33:00,,,,,,,,,,,,,,,,,,
2017-07-30 21:00:00,978.1,25.7,93.0,0.6,162.0,6.4,27.0,18.0,,,,,,,,,,2017-07-30T20:16:00,,,,,,,,,,,,,,,,,,
2017-07-30 22:00:00,981.4,24.7,97.0,2.2,238.0,9.7,221.0,42.5,,,,,,,,,,2017-07-30T21:35:00,,,,,,,,,,,,,,,,,,
2017-07-30 23:00:00,982.6,24.9,97.0,1.7,207.0,7.1,230.0,25.0,,,,,,,,,,2017-07-30T22:11:00,,,,,,,,,,,,,,,,,,
2017-07-31 00:00:00,982.9,25.0,93.0,4.1,155.0,9.9,139.0,2.0,,,,,,,,,,2017-07-31T00:00:00,,,,,,,,,,,,,,,,,,
2017-07-31 01:00:00,982.8,24.6,93.0,8.6,167.0,19.5,161.0,23.0,,,,,,,,,,2017-07-31T00:57:00,,,,,,,,,,,,,,,,,,
2017-07-31 02:00:00,985.5,23.7,99.0,4.8,214.0,20.1,161.0,31.0,,,,,,,,,,2017-07-31T01:01:00,,,,,,,,,,,,,,,,,,
2017-07-31 03:00:00,986.2,23.0,99.0,2.0,153.0,12.7,164.0,18.5,,,,,,,,,,2017-07-31T02:16:00,,,,,,,,,,,,,,,,,,
2017-07-31 04:00:00,985.7,23.3,99.0,0.6,43.0,4.4,58.0,5.5,,,,,,,,,,2017-07-31T03:08:00,,,,,,,,,,,,,,,,,,
2017-07-31 05:00:00,985.8,23.5,99.0,2.3,98.0,6.1,120.0,2.0,,,,,,,,,,2017-07-31T04:57:00,,,,,,,,,,,,,,,,,,
2017-07-31 06:00:00,987.3,23.7,99.0,2.9,135.0,10.6,147.0,15.0,,,,,,,,,,2017-07-31T05:20:00,,,,,,,,,,,,,,,,,,
2017-07-31 07:00:00,989.1,22.8,99.0,2.2,54.0,10.4,176.0,26.5,,,,,,,,,,2017-07-31T06:08:00,,,,,,,,,,,,,,,,,,
2017-07-31 08:00:00,987.6,23.4,97.0,2.0,14.0,4.6,51.0,6.0,,,,,,,,,,2017-07-31T07:50:00,,,,,,,,,,,,,,,,,,
2017-07-31 09:00:00,988.0,23.7,96.0,1.2,23.0,4.9,3.0,8.0,,,,,,,,,,2017-07-31T08:04:00,,,,,,,,,,,,,,,,,,
2017-07-31 10:00:00,988.0,25.1,98.0,4.9,197.0,10.3,187.0,27.0,,,,,,,,,,2017-07-31T09:51:00,,,,,,,,,,,,,,,,,,
2017-07-31 11:00:00,988.8,27.2,90.0,5.6,185.0,13.3,165.0,1.5,,,,,,,,,,2017-07-31T10:28:00,,,,,,,,,,,,,,,,,,
2017-07-31 12:00:00,988.8,26.9,92.0,5.0,184.0,12.8,163.0,5.5,,,,,,,,,,2017-07-31T11:15:00,,,,,,,,,,,,,,,,,,
2017-07-31 13:00:00,989.4,27.2,92.0,4.4,200.0,11.7,200.0,1.0,,,,,,,,,,2017-07-31T12:37:00,,,,,,,,,,,,,,,,,,
2017-07-31 14:00:00,989.0,27.6,88.0,4.1,177.0,9.1,143.0,0.5,,,,,,,,,,2017-07-31T13:32:00,,,,,,,,,,,,,,,,,,
2017-07-31 15:00:00,988.2,27.9,86.0,2.0,149.0,7.5,170.0,0.5,,,,,,,,,,2017-07-31T14:03:00,,,,,,,,,,,,,,,,,,
2017-07-31 16:00:00,988.2,27.9,88.0,2.3,190.0,8.2,200.0,1.5,,,,,,,,,,2017-07-31T15:19:00,,,,,,,,,,,,,,,,,,
2017-07-31 17:00:00,988.5,27.1,92.0,2.4,191.0,5.4,174.0,4.0,,,,,,,,,,2017-07-31T16:34:00,,,,,,,,,,,,,,,,,,
2017-07-31 18:00:00,988.8,27.3,90.0,2.5,185.0,6.8,196.0,1.0,,,,,,,,,,2017-07-31T17:55:00,,,,,,,,,,,,,,,,,,
2017-07-31 19:00:00,989.4,27.1,90.0,3.2,184.0,6.4,191.0,0.5,,,,,,,,,,2017-07-31T18:43:00,,,,,,,,,,,,,,,,,,
2017-07-31 20:00:00,990.5,27.2,88.0,3.2,194.0,8.8,166.0,0.5,,,,,,,,,,2017-07-31T19:09:00,,,,,,,,,,,,,,,,,,
2017-07-31 21:00:00,991.1,26.4,94.0,1.8,207.0,9.0,150.0,3.0,,,,,,,,,,2017-07-31T20:07:00,,,,,,,,,,,,,,,,,,
2017-07-31 22:00:00,991.7,26.3,91.0,2.9,172.0,8.6,217.0,3.5,,,,,,,,,,2017-07-31T21:52:00,,,,,,,,,,,,,,,,,,
2017-07-31 23:00:00,991.4,25.4,95.0,2.0,66.0,5.9,183.0,24.5,,,,,,,,,,2017-07-31T22:44:00,,,,,,,,,,,,,,,,,,
2017-08-01 00:00:00,991.3,26.0,95.0,1.8,224.0,6.9,43.0,30.5,,,,,,,,,,2017-07-31T23:36:00,,,,,,,,,,,,,,,,,,
2017-08-01 01:00:00,990.8,26.5,91.0,3.9,165.0,10.5,146.0,12.5,,,,,,,,,,2017-08-01T00:41:00,,,,,,,,,,,,,,,,,,
2017-08-01 02:00:00,990.9,26.6,90.0,3.3,172.0,11.6,187.0,4.0,,,,,,,,,,2017-08-01T01:29:00,,,,,,,,,,,,,,,,,,
2017-08-01 03:00:00,990.6,25.7,90.0,2.1,153.0,9.0,167.0,9.5,,,,,,,,,,2017-08-01T02:03:00,,,,,,,,,,,,,,,,,,
2017-08-01 04:00:00,990.9,26.4,88.0,2.5,147.0,11.5,226.0,6.0,,,,,,,,,,2017-08-01T03:02:00,,,,,,,,,,,,,,,,,,
2017-08-01 05:00:00,990.8,26.9,81.0,3.7,170.0,9.5,123.0,0.0,,,,,,,,,,2017-08-01T04:29:00,,,,,,,,,,,,,,,,,,
2017-08-01 06:00:00,992.0,24.8,89.0,0.9,20.0,7.9,210.0,2.5,,,,,,,,,,2017-08-01T05:08:00,,,,,,,,,,,,,,,,,,
2017-08-01 07:00:00,991.7,25.0,92.0,0.9,34.0,2.8,341.0,0.5,,,,,,,,,,2017-08-01T06:13:00,,,,,,,,,,,,,,,,,,
2017-08-01 08:00:00,992.1,26.5,88.0,0.7,257.0,3.9,220.0,1.0,,,,,,,,,,2017-08-01T07:46:00,,,,,,,,,,,,,,,,,,
2017-08-01 09:00:00,992.6,26.9,90.0,1.0,356.0,2.6,24.0,0.0,,,,,,,,,,2017-08-01T08:05:00,,,,,,,,,,,,,,,,,,
2017-08-01 10:00:00,992.9,25.6,92.0,2.4,134.0,9.2,106.0,7.0,,,,,,,,,,2017-08-01T09:43:00,,,,,,,,,,,,,,,,,,
2017-08-01 11:00:00,992.7,26.7,91.0,1.0,289.0,2.8,19.0,1.5,,,,,,,,,,2017-08-01T10:23:00,,,,,,,,,,,,,,,,,,
2017-08-01 12:00:00,992.8,25.2,96.0,0.1,0.0,4.2,96.0,16.5,,,,,,,,,,2017-08-01T11:44:00,,,,,,,,,,,,,,,,,,
2017-08-01 13:00:00,991.9,27.3,91.0,0.5,13.0,2.4,11.0,0.5,,,,,,,,,,2017-08-01T12:48:00,,,,,,,,,,,,,,,,,,
2017-08-01 14:00:00,991.5,27.4,89.0,1.4,167.0,3.0,17.0,1.5,,,,,,,,,,2017-08-01T13:26:00,,,,,,,,,,,,,,,,,,
2017-08-01 15:00:00,992.4,24.4,96.0,1.3,118.0,7.9,235.0,38.0,,,,,,,,,,2017-08-01T14:13:00,,,,,,,,,,,,,,,,,,
2017-08-01 16:00:00,992.3,24.7,96.0,0.8,7.0,3.1,53.0,6.0,,,,,,,,,,2017-08-01T15:09:00,,,,,,,,,,,,,,,,,,
2017-08-01 17:00:00,991.4,24.9,96.0,1.0,359.0,1.9,355.0,1.5,,,,,,,,,,2017-08-01T16:56:00,,,,,,,,,,,,,,,,,,
2017-08-01 18:00:00,991.1,25.2,95.0,0.3,93.0,2.9,11.0,0.0,,,,,,,,,,2017-08-01T17:03:00,,,,,,,,,,,,,,,,,,
2017-08-01 19:00:00,991.7,24.9,96.0,0.0,0.0,2.4,153.0,0.0,,,,,,,,,,2017-08-01T18:37:00,,,,,,,,,,,,,,,,,,
2017-08-01 20:00:00,991.8,24.6,96.0,0.4,356.0,2.5,95.0,0.0,,,,,,,,,,2017-08-01T19:26:00,,,,,,,,,,,,,,,,,,
2017-08-01 21:00:00,992.5,24.5,96.0,0.9,62.0,1.8,30.0,0.0,,,,,,,,,,2017-08-01T20:48:00,,,,,,,,,,,,,,,,,,
2017-08-01 22:00:00,993.3,24.3,95.0,1.1,327.0,3.0,82.0,0.0,,,,,,,,,,2017-08-01T21:30:00,,,,,,,,,,,,,,,,,,
2017-08-01 23:00:00,993.3,24.7,93.0,1.3,2.0,2.4,26.0,0.0,,,,,,,,,,2017-08-01T22:59:00,,,,,,,,,,,,,,,,,,
2017-08-02 00:00:00,992.7,24.8,92.0,0.7,1.0,2.6,53.0,0.0,,,,,,,,,,2017-08-01T23:45:00,,,,,,,,,,,,,,,,,,
2017-08-02 01:00:00,991.7,24.5,94.0,1.6,63.0,3.0,66.0,0.5,,,,,,,,,,2017-08-02T00:50:00,,,,,,,,,,,,,,,,,,
2017-08-02 02:00:00,991.2,24.4,94.0,0.3,69.0,2.9,63.0,0.0,,,,,,,,,,2017-08-02T01:12:00,,,,,,,,,,,,,,,,,,
2017-08-02 03:00:00,991.6,24.4,96.0,0.7,82.0,4.4,187.0,0.0,,,,,,,,,,2017-08-02T02:13:00,,,,,,,,,,,,,,,,,,
2017-08-02 04:00:00,991.6,24.7,94.0,0.5,116.0,3.3,52.0,0.5,,,,,,,,,,2017-08-02T03:32:00,,,,,,,,,,,,,,,,,,
2017-08-02 05:00:00,991.9,24.4,96.0,0.7,68.0,2.4,93.0,5.0,,,,,,,,,,2017-08-02T04:55:00,,,,,,,,,,,,,,,,,,
2017-08-02 06:00:00,992.0,24.5,94.0,1.0,21.0,3.8,128.0,2.0,,,,,,,,,,2017-08-02T05:06:00,,,,,,,,,,,,,,,,,,
2017-08-02 07:00:00,991.9,24.6,95.0,0.8,325.0,2.2,95.0,0.5,,,,,,,,,,2017-08-02T06:42:00,,,,,,,,,,,,,,,,,,
2017-08-02 08:00:00,992.1,26.4,87.0,0.7,56.0,2.5,57.0,0.0,,,,,,,,,,2017-08-02T07:45:00,,,,,,,,,,,,,,,,,,
2017-08-02 09:00:00,992.6,26.9,88.0,0.2,0.0,2.5,61.0,0.0,,,,,,,,,,2017-08-02T08:14:00,,,,,,,,,,,,,,,,,,
2017-08-02 10:00:00,992.5,27.2,84.0,0.8,70.0,2.4,78.0,0.0,,,,,,,,,,2017-08-02T09:51:00,,,,,,,,,,,,,,,,,,
2017-08-02 11:00:00,992.6,28.2,82.0,0.5,320.0,2.1,269.0,0.0,,,,,,,,,,2017-08-02T10:28:00,,,,,,,,,,,,,,,,,,
2017-08-02 12:00:00,992.3,28.5,79.0,1.5,277.0,2.2,279.0,0.0,,,,,,,,,,2017-08-02T11:56:00,,,,,,,,,,,,,,,,,,
2017-08-02 13:00:00,991.5,29.0,80.0,1.1,190.0,2.3,155.0,0.0,,,,,,,,,,2017-08-02T12:42:00,,,,,,,,,,,,,,,,,,
2017-08-02 14:00:00,990.7,28.8,83.0,2.1,195.0,3.9,222.0,0.0,,,,,,,,,,2017-08-02T13:44:00,,,,,,,,,,,,,,,,,,
2017-08-02 15:00:00,989.6,29.8,79.0,2.3,229.0,3.7,228.0,0.0,,,,,,,,,,2017-08-02T14:21:00,,,,,,,,,,,,,,,,,,
2017-08-02 16:00:00,988.5,29.5,78.0,0.8,286.0,3.9,217.0,0.0,,,,,,,,,,2017-08-02T15:07:00,,,,,,,,,,,,,,,,,,
2017-08-02 17:00:00,988.3,29.2,78.0,1.5,254.0,2.6,239.0,0.0,,,,,,,,,,2017-08-02T17:00:00,,,,,,,,,,,,,,,,,,
2017-08-02 18:00:00,989.2,28.2,86.0,1.3,210.0,2.4,254.0,0.0,,,,,,,,,,2017-08-02T17:09:00,,,,,,,,,,,,,,,,,,
2017-08-02 19:00:00,990.0,27.5,88.0,0.2,0.0,1.6,197.0,0.0,,,,,,,,,,2017-08-02T18:02:00,,,,,,,,,,,,,,,,,,
2017-08-02 20:00:00,990.3,27.0,91.0,0.6,45.0,2.5,54.0,0.0,,,,,,,,,,2017-08-02T19:25:00,,,,,,,,,,,,,,,,,,
2017-08-02 21:00:00,990.9,26.2,92.0,0.4,92.0,1.3,95.0,0.0,,,,,,,,,,2017-08-02T20:50:00,,,,,,,,,,,,,,,,,,
2017-08-02 22:00:00,991.4,25.8,92.0,0.7,38.0,2.3,78.0,0.0,,,,,,,,,,2017-08-02T21:46:00,,,,,,,,,,,,,,,,,,
2017-08-02 23:00:00,991.2,25.8,93.0,0.5,20.0,2.2,9.0,0.0,,,,,,,,,,2017-08-02T22:45:00,,,,,,,,,,,,,,,,,,
2017-08-03 00:00:00,991.0,24.9,94.0,0.9,104.0,1.5,102.0,0.0,,,,,,,,,,2017-08-02T23:06:00,,,,,,,,,,,,,,,,,,
2017-08-03 01:00:00,990.4,25.0,94.0,0.7,21.0,1.7,56.0,0.0,,,,,,,,,,2017-08-03T00:10:00,,,,,,,,,,,,,,,,,,
2017-08-03 02:00:00,989.6,24.5,94.0,0.0,0.0,1.6,37.0,0.0,,,,,,,,,,2017-08-03T01:08:00,,,,,,,,,,,,,,,,,,
2017-08-03 03:00:00,989.5,24.5,94.0,0.6,35.0,2.5,77.0,0.0,,,,,,,,,,2017-08-03T02:36:00,,,,,,,,,,,,,,,,,,
2017-08-03 04:00:00,989.2,24.4,92.0,1.2,60.0,3.1,52.0,0.0,,,,,,,,,,2017-08-03T03:39:00,,,,,,,,,,,,,,,,,,
2017-08-03 05:00:00,989.3,24.1,92.0,0.6,67.0,2.3,85.0,0.0,,,,,,,,,,2017-08-03T04:10:00,,,,,,,,,,,,,,,,,,
2017-08-03 06:00:00,989.7,24.1,93.0,1.5,61.0,2.6,58.0,0.0,,,,,,,,,,2017-08-03T05:59:00,,,,,,,,,,,,,,,,,,
2017-08-03 07:00:00,990.4,26.8,81.0,0.6,97.0,2.3,75.0,0.0,,,,,,,,,,2017-08-03T06:06:00,,,,,,,,,,,,,,,,,,
2017-08-03 08:00:00,990.5,29.6,70.0,0.6,109.0,2.5,83.0,0.0,,,,,,,,,,2017-08-03T07:12:00,,,,,,,,,,,,,,,,,,
2017-08-03 09:00:00,990.8,31.6,65.0,0.6,204.0,1.9,97.0,0.0,,,,,,,,,,2017-08-03T08:01:00,,,,,,,,,,,,,,,,,,
2017-08-03 10:00:00,990.7,31.5,67.0,1.1,217.0,3.7,216.0,0.0,,,,,,,,,,2017-08-03T09:25:00,,,,,,,,,,,,,,,,,,
2017-08-03 11:00:00,990.1,32.6,60.0,1.0,67.0,4.0,184.0,0.0,,,,,,,,,,2017-08-03T10:10:00,,,,,,,,,,,,,,,,,,
2017-08-03 12:00:00,989.5,33.5,62.0,1.4,274.0,2.9,210.0,0.0,,,,,,,,,,2017-08-03T11:39:00,,,,,,,,,,,,,,,,,,
2017-08-03 13:00:00,988.9,34.1,57.0,1.1,276.0,3.4,207.0,0.0,,,,,,,,,,2017-08-03T12:16:00,,,,,,,,,,,,,,,,,,
2017-08-03 14:00:00,988.0,33.4,59.0,1.0,225.0,3.6,236.0,0.0,,,,,,,,,,2017-08-03T13:28:00,,,,,,,,,,,,,,,,,,
2017-08-03 15:00:00,988.0,29.4,81.0,3.0,159.0,5.8,266.0,0.0,,,,,,,,,,2017-08-03T14:16:00,,,,,,,,,,,,,,,,,,
2017-08-03 16:00:00,988.0,27.5,89.0,2.9,120.0,5.4,156.0,7.5,,,,,,,,,,2017-08-03T16:00:00,,,,,,,,,,,,,,,,,,
2017-08-03 17:00:00,988.1,26.7,89.0,1.3,135.0,5.1,139.0,1.5,,,,,,,,,,2017-08-03T16:07:00,,,,,,,,,,,,,,,,,,
2017-08-03 18:00:00,988.5,25.7,91.0,1.2,102.0,5.8,114.0,3.5,,,,,,,,,,2017-08-03T17:32:00,,,,,,,,,,,,,,,,,,
2017-08-03 19:00:00,989.3,25.7,92.0,0.9,59.0,2.6,70.0,0.0,,,,,,,,,,2017-08-03T18:28:00,,,,,,,,,,,,,,,,,,
2017-08-03 20:00:00,990.2,25.8,94.0,1.1,141.0,2.4,155.0,0.0,,,,,,,,,,2017-08-03T19:53:00,,,,,,,,,,,,,,,,,,
2017-08-03 21:00:00,991.0,25.7,91.0,0.9,25.0,2.3,11.0,0.0,,,,,,,,,,2017-08-03T20:51:00,,,,,,,,,,,,,,,,,,
2017-08-03 22:00:00,991.5,25.2,93.0,0.5,88.0,2.3,17.0,0.0,,,,,,,,,,2017-08-03T21:06:00,,,,,,,,,,,,,,,,,,
2017-08-03 23:00:00,991.7,25.2,93.0,1.0,80.0,1.5,75.0,0.0,,,,,,,,,,2017-08-03T22:55:00,,,,,,,,,,,,,,,,,,
2017-08-04 00:00:00,990.8,25.4,92.0,1.3,71.0,2.0,89.0,0.0,,,,,,,,,,2017-08-03T23:10:00,,,,,,,,,,,,,,,,,,
2017-08-04 01:00:00,990.5,25.4,93.0,0.7,82.0,1.9,81.0,0.0,,,,,,,,,,2017-08-04T00:08:00,,,,,,,,,,,,,,,,,,
2017-08-04 02:00:00,990.0,25.3,94.0,0.9,92.0,1.2,90.0,0.0,,,,,,,,,,2017-08-04T02:00:00,,,,,,,,,,,,,,,,,,
2017-08-04 03:00:00,989.6,25.0,94.0,1.1,72.0,1.9,17.0,0.0,,,,,,,,,,2017-08-04T02:34:00,,,,,,,,,,,,,,,,,,
2017-08-04 04:00:00,989.7,25.0,94.0,1.1,42.0,2.1,62.0,0.0,,,,,,,,,,2017-08-04T04:00:00,,,,,,,,,,,,,,,,,,
2017-08-04 05:00:00,989.6,24.5,94.0,0.8,60.0,1.8,52.0,0.0,,,,,,,,,,2017-08-04T04:04:00,,,,,,,,,,,,,,,,,,
2017-08-04 06:00:00,990.2,24.6,94.0,0.7,14.0,1.8,62.0,0.0,,,,,,,,,,2017-08-04T05:47:00,,,,,,,,,,,,,,,,,,
2017-08-04 07:00:00,990.8,26.7,84.0,0.9,57.0,2.5,58.0,0.0,,,,,,,,,,2017-08-04T06:19:00,,,,,,,,,,,,,,,,,,
2017-08-04 08:00:00,991.0,29.0,74.0,1.5,8.0,3.3,64.0,0.0,,,,,,,,,,2017-08-04T07:37:00,,,,,,,,,,,,,,,,,,
2017-08-04 09:00:00,991.3,31.0,72.0,1.3,202.0,3.0,178.0,0.0,,,,,,,,,,2017-08-04T08:59:00,,,,,,,,,,,,,,,,,,
2017-08-04 10:00:00,991.4,31.8,71.0,1.8,204.0,3.7,223.0,0.0,,,,,,,,,,2017-08-04T09:37:00,,,,,,,,,,,,,,,,,,
2017-08-04 11:00:00,991.4,31.9,69.0,2.1,225.0,4.9,259.0,0.0,,,,,,,,,,2017-08-04T10:55:00,,,,,,,,,,,,,,,,,,
2017-08-04 12:00:00,991.1,33.1,68.0,2.6,256.0,5.3,229.0,0.0,,,,,,,,,,2017-08-04T11:51:00,,,,,,,,,,,,,,,,,,
2017-08-04 13:00:00,990.8,31.0,73.0,2.7,235.0,4.9,260.0,0.0,,,,,,,,,,2017-08-04T12:09:00,,,,,,,,,,,,,,,,,,
2017-08-04 14:00:00,990.4,32.7,69.0,1.7,250.0,5.2,193.0,0.0,,,,,,,,,,2017-08-04T13:15:00,,,,,,,,,,,,,,,,,,
2017-08-04 15:00:00,990.4,28.7,80.0,2.7,160.0,7.9,213.0,0.0,,,,,,,,,,2017-08-04T14:41:00,,,,,,,,,,,,,,,,,,
2017-08-04 16:00:00,990.0,29.4,79.0,2.2,155.0,6.4,168.0,0.0,,,,,,,,,,2017-08-04T15:01:00,,,,,,,,,,,,,,,,,,
2017-08-04 17:00:00,990.2,29.4,80.0,1.2,109.0,4.7,164.0,0.0,,,,,,,,,,2017-08-04T16:05:00,,,,,,,,,,,,,,,,,,
2017-08-04 18:00:00,990.9,28.4,85.0,0.7,345.0,2.4,352.0,0.0,,,,,,,,,,2017-08-04T17:46:00,,,,,,,,,,,,,,,,,,
2017-08-04 19:00:00,991.4,28.0,86.0,1.2,42.0,2.6,58.0,0.0,,,,,,,,,,2017-08-04T18:50:00,,,,,,,,,,,,,,,,,,
2017-08-04 20:00:00,991.5,27.5,89.0,1.2,18.0,3.0,22.0,0.0,,,,,,,,,,2017-08-04T19:44:00,,,,,,,,,,,,,,,,,,
2017-08-04 21:00:00,992.0,26.8,88.0,1.0,70.0,2.4,66.0,0.0,,,,,,,,,,2017-08-04T20:13:00,,,,,,,,,,,,,,,,,,
2017-08-04 22:00:00,992.4,26.2,89.0,0.3,360.0,2.0,55.0,0.0,,,,,,,,,,2017-08-04T21:02:00,,,,,,,,,,,,,,,,,,
2017-08-04 23:00:00,992.5,25.8,92.0,0.9,31.0,1.7,43.0,0.0,,,,,,,,,,2017-08-04T22:54:00,,,,,,,,,,,,,,,,,,
2017-08-05 00:00:00,992.3,25.3,92.0,1.0,70.0,2.4,350.0,0.0,,,,,,,,,,2017-08-04T23:12:00,,,,,,,,,,,,,,,,,,
2017-08-05 01:00:00,991.9,25.3,91.0,1.2,46.0,2.6,53.0,0.0,,,,,,,,,,2017-08-05T00:58:00,,,,,,,,,,,,,,,,,,
2017-08-05 02:00:00,991.8,25.2,90.0,1.1,63.0,2.4,61.0,0.0,,,,,,,,,,2017-08-05T01:02:00,,,,,,,,,,,,,,,,,,
2017-08-05 03:00:00,991.6,25.1,90.0,1.4,37.0,2.7,80.0,0.0,,,,,,,,,,2017-08-05T02:10:00,,,,,,,,,,,,,,,,,,
2017-08-05 04:00:00,992.0,24.5,92.0,1.2,68.0,2.3,56.0,0.0,,,,,,,,,,2017-08-05T03:01:00,,,,,,,,,,,,,,,,,,
2017-08-05 05:00:00,991.7,24.2,92.0,1.2,76.0,2.1,58.0,0.0,,,,,,,,,,2017-08-05T04:11:00,,,,,,,,,,,,,,,,,,
2017-08-05 06:00:00,992.3,24.3,92.0,0.0,0.0,2.0,85.0,0.0,,,,,,,,,,2017-08-05T05:38:00,,,,,,,,,,,,,,,,,,
2017-08-05 07:00:00,992.7,26.6,82.0,0.8,72.0,2.6,62.0,0.0,,,,,,,,,,2017-08-05T06:12:00,,,,,,,,,,,,,,,,,,
2017-08-05 08:00:00,993.1,28.6,71.0,1.1,8.0,2.9,62.0,0.0,,,,,,,,,,2017-08-05T07:05:00,,,,,,,,,,,,,,,,,,
2017-08-05 09:00:00,993.2,30.9,67.0,0.7,165.0,1.5,87.0,0.0,,,,,,,,,,2017-08-05T08:28:00,,,,,,,,,,,,,,,,,,
2017-08-05 10:00:00,993.1,31.6,64.0,0.8,358.0,1.9,35.0,0.0,,,,,,,,,,2017-08-05T09:50:00,,,,,,,,,,,,,,,,,,
2017-08-05 11:00:00,993.2,32.7,62.0,1.8,273.0,3.7,210.0,0.0,,,,,,,,,,2017-08-05T11:00:00,,,,,,,,,,,,,,,,,,
2017-08-05 12:00:00,993.0,31.5,70.0,2.1,281.0,4.3,277.0,0.0,,,,,,,,,,2017-08-05T11:40:00,,,,,,,,,,,,,,,,,,
2017-08-05 13:00:00,992.6,33.9,64.0,2.1,273.0,4.0,276.0,0.0,,,,,,,,,,2017-08-05T12:45:00,,,,,,,,,,,,,,,,,,
2017-08-05 14:00:00,992.2,33.7,63.0,2.2,287.0,5.5,272.0,0.0,,,,,,,,,,2017-08-05T13:45:00,,,,,,,,,,,,,,,,,,
2017-08-05 15:00:00,991.8,33.4,65.0,2.3,260.0,5.6,269.0,0.0,,,,,,,,,,2017-08-05T14:39:00,,,,,,,,,,,,,,,,,,
2017-08-05 16:00:00,991.6,32.5,66.0,1.7,289.0,5.1,280.0,0.0,,,,,,,,,,2017-08-05T15:13:00,,,,,,,,,,,,,,,,,,
2017-08-05 17:00:00,991.8,30.8,73.0,2.3,254.0,4.5,258.0,0.0,,,,,,,,,,2017-08-05T16:01:00,,,,,,,,,,,,,,,,,,
2017-08-05 18:00:00,992.0,30.5,74.0,1.5,275.0,3.2,248.0,0.0,,,,,,,,,,2017-08-05T17:23:00,,,,,,,,,,,,,,,,,,
2017-08-05 19:00:00,992.4,29.5,78.0,0.7,288.0,2.6,299.0,0.0,,,,,,,,,,2017-08-05T18:03:00,,,,,,,,,,,,,,,,,,
2017-08-05 20:00:00,993.0,28.3,85.0,1.2,202.0,2.1,284.0,0.0,,,,,,,,,,2017-08-05T19:15:00,,,,,,,,,,,,,,,,,,
2017-08-05 21:00:00,993.5,27.8,89.0,0.3,353.0,1.8,206.0,0.0,,,,,,,,,,2017-08-05T20:02:00,,,,,,,,,,,,,,,,,,
2017-08-05 22:00:00,993.5,27.2,91.0,1.1,359.0,2.1,19.0,0.0,,,,,,,,,,2017-08-05T22:00:00,,,,,,,,,,,,,,,,,,
2017-08-05 23:00:00,993.9,26.7,92.0,0.0,0.0,1.8,15.0,0.0,,,,,,,,,,2017-08-05T22:01:00,,,,,,,,,,,,,,,,,,
2017-08-06 00:00:00,994.0,26.9,92.0,0.7,321.0,1.6,74.0,0.0,,,,,,,,,,2017-08-05T23:17:00,,,,,,,,,,,,,,,,,,
2017-08-06 01:00:00,993.5,26.7,92.0,0.8,45.0,1.7,49.0,0.0,,,,,,,,,,2017-08-06T00:58:00,,,,,,,,,,,,,,,,,,
2017-08-06 02:00:00,993.1,26.5,93.0,0.5,359.0,1.8,60.0,0.0,,,,,,,,,,2017-08-06T01:01:00,,,,,,,,,,,,,,,,,,
2017-08-06 03:00:00,993.3,26.4,93.0,0.4,71.0,1.4,64.0,0.0,,,,,,,,,,2017-08-06T02:07:00,,,,,,,,,,,,,,,,,,
2017-08-06 04:00:00,992.9,26.0,93.0,0.8,73.0,1.9,49.0,0.0,,,,,,,,,,2017-08-06T03:47:00,,,,,,,,,,,,,,,,,,
2017-08-06 05:00:00,992.8,25.7,94.0,1.2,38.0,2.2,41.0,0.0,,,,,,,,,,2017-08-06T05:00:00,,,,,,,,,,,,,,,,,,
2017-08-06 06:00:00,993.7,25.6,94.0,1.3,58.0,1.9,22.0,0.0,,,,,,,,,,2017-08-06T05:30:00,,,,,,,,,,,,,,,,,,
2017-08-06 07:00:00,994.0,27.2,86.0,1.2,64.0,2.2,58.0,0.0,,,,,,,,,,2017-08-06T06:42:00,,,,,,,,,,,,,,,,,,
2017-08-06 08:00:00,994.3,29.6,73.0,0.7,64.0,2.1,58.0,0.0,,,,,,,,,,2017-08-06T07:23:00,,,,,,,,,,,,,,,,,,
2017-08-06 09:00:00,994.6,31.6,67.0,1.0,62.0,2.4,198.0,0.0,,,,,,,,,,2017-08-06T08:57:00,,,,,,,,,,,,,,,,,,
2017-08-06 10:00:00,994.4,32.8,61.0,0.6,284.0,2.4,298.0,0.0,,,,,,,,,,2017-08-06T09:16:00,,,,,,,,,,,,,,,,,,
2017-08-06 11:00:00,993.9,33.6,62.0,1.9,264.0,3.3,252.0,0.0,,,,,,,,,,2017-08-06T10:32:00,,,,,,,,,,,,,,,,,,
2017-08-06 12:00:00,993.5,33.9,64.0,1.9,276.0,5.2,234.0,0.0,,,,,,,,,,2017-08-06T11:50:00,,,,,,,,,,,,,,,,,,
2017-08-06 13:00:00,992.9,33.4,64.0,2.3,281.0,6.0,281.0,0.0,,,,,,,,,,2017-08-06T12:18:00,,,,,,,,,,,,,,,,,,
2017-08-06 14:00:00,992.4,32.8,64.0,1.6,286.0,5.9,275.0,0.0,,,,,,,,,,2017-08-06T13:25:00,,,,,,,,,,,,,,,,,,
2017-08-06 15:00:00,991.8,33.7,62.0,2.0,289.0,5.5,251.0,0.0,,,,,,,,,,2017-08-06T14:03:00,,,,,,,,,,,,,,,,,,
2017-08-06 16:00:00,991.5,32.4,66.0,1.6,302.0,5.1,247.0,0.0,,,,,,,,,,2017-08-06T15:24:00,,,,,,,,,,,,,,,,,,
2017-08-06 17:00:00,991.5,31.2,70.0,2.2,259.0,4.3,302.0,0.0,,,,,,,,,,2017-08-06T16:11:00,,,,,,,,,,,,,,,,,,
2017-08-06 18:00:00,991.9,30.2,74.0,1.5,242.0,4.5,280.0,0.0,,,,,,,,,,2017-08-06T17:36:00,,,,,,,,,,,,,,,,,,
2017-08-06 19:00:00,992.6,29.1,80.0,2.0,231.0,3.6,211.0,0.0,,,,,,,,,,2017-08-06T18:28:00,,,,,,,,,,,,,,,,,,
2017-08-06 20:00:00,993.1,28.6,81.0,0.6,144.0,2.3,231.0,0.0,,,,,,,,,,2017-08-06T19:03:00,,,,,,,,,,,,,,,,,,
2017-08-06 21:00:00,993.5,27.9,85.0,1.0,71.0,1.7,95.0,0.0,,,,,,,,,,2017-08-06T20:18:00,,,,,,,,,,,,,,,,,,
2017-08-06 22:00:00,994.0,26.9,88.0,1.3,65.0,2.0,62.0,0.0,,,,,,,,,,2017-08-06T22:00:00,,,,,,,,,,,,,,,,,,
2017-08-06 23:00:00,993.6,26.8,90.0,0.6,65.0,2.0,53.0,0.0,,,,,,,,,,2017-08-06T22:02:00,,,,,,,,,,,,,,,,,,
2017-08-07 00:00:00,993.2,26.2,90.0,1.0,88.0,1.4,88.0,0.0,,,,,,,,,,2017-08-06T23:55:00,,,,,,,,,,,,,,,,,,
2017-08-07 01:00:00,993.1,26.1,93.0,0.0,0.0,1.4,10.0,0.0,,,,,,,,,,2017-08-07T00:33:00,,,,,,,,,,,,,,,,,,
2017-08-07 02:00:00,992.9,25.6,93.0,0.8,80.0,1.3,79.0,0.0,,,,,,,,,,2017-08-07T01:51:00,,,,,,,,,,,,,,,,,,
2017-08-07 03:00:00,992.7,25.7,92.0,1.0,4.0,2.0,74.0,0.0,,,,,,,,,,2017-08-07T02:21:00,,,,,,,,,,,,,,,,,,
2017-08-07 04:00:00,993.2,25.7,91.0,1.1,65.0,2.5,36.0,0.0,,,,,,,,,,2017-08-07T03:42:00,,,,,,,,,,,,,,,,,,
2017-08-07 05:00:00,993.6,26.0,89.0,0.8,56.0,2.9,64.0,0.0,,,,,,,,,,2017-08-07T04:16:00,,,,,,,,,,,,,,,,,,
2017-08-07 06:00:00,993.9,26.0,89.0,0.4,49.0,2.1,45.0,0.0,,,,,,,,,,2017-08-07T05:26:00,,,,,,,,,,,,,,,,,,
2017-08-07 07:00:00,994.4,26.7,87.0,1.0,85.0,2.3,104.0,0.0,,,,,,,,,,2017-08-07T06:52:00,,,,,,,,,,,,,,,,,,
2017-08-07 08:00:00,994.4,29.8,71.0,0.6,348.0,2.0,91.0,0.0,,,,,,,,,,2017-08-07T07:02:00,,,,,,,,,,,,,,,,,,
2017-08-07 09:00:00,994.7,31.4,69.0,1.3,218.0,2.7,255.0,0.0,,,,,,,,,,2017-08-07T08:29:00,,,,,,,,,,,,,,,,,,
2017-08-07 10:00:00,994.6,32.2,66.0,0.8,325.0,2.6,188.0,0.0,,,,,,,,,,2017-08-07T09:10:00,,,,,,,,,,,,,,,,,,
2017-08-07 11:00:00,994.3,32.3,62.0,1.1,22.0,3.5,219.0,0.0,,,,,,,,,,2017-08-07T10:21:00,,,,,,,,,,,,,,,,,,
2017-08-07 12:00:00,993.8,32.8,69.0,2.2,233.0,4.4,269.0,0.0,,,,,,,,,,2017-08-07T11:12:00,,,,,,,,,,,,,,,,,,
2017-08-07 13:00:00,993.2,32.5,68.0,2.6,238.0,5.7,226.0,0.0,,,,,,,,,,2017-08-07T12:03:00,,,,,,,,,,,,,,,,,,
2017-08-07 14:00:00,992.8,33.1,66.0,2.0,254.0,4.4,258.0,0.0,,,,,,,,,,2017-08-07T13:38:00,,,,,,,,,,,,,,,,,,
2017-08-07 15:00:00,992.3,34.0,64.0,2.8,256.0,5.8,262.0,0.0,,,,,,,,,,2017-08-07T14:24:00,,,,,,,,,,,,,,,,,,
2017-08-07 16:00:00,992.1,33.2,65.0,3.2,233.0,6.2,292.0,0.0,,,,,,,,,,2017-08-07T15:38:00,,,,,,,,,,,,,,,,,,
2017-08-07 17:00:00,992.7,30.7,71.0,2.4,176.0,7.9,219.0,0.0,,,,,,,,,,2017-08-07T16:25:00,,,,,,,,,,,,,,,,,,
2017-08-07 18:00:00,993.1,29.5,74.0,2.0,160.0,5.8,154.0,0.0,,,,,,,,,,2017-08-07T17:06:00,,,,,,,,,,,,,,,,,,
2017-08-07 19:00:00,993.4,28.7,78.0,1.4,143.0,4.4,151.0,0.0,,,,,,,,,,2017-08-07T18:10:00,,,,,,,,,,,,,,,,,,
2017-08-07 20:00:00,994.0,28.3,82.0,0.9,83.0,1.9,104.0,0.0,,,,,,,,,,2017-08-07T19:03:00,,,,,,,,,,,,,,,,,,
2017-08-07 21:00:00,994.3,27.7,88.0,0.7,308.0,1.1,336.0,0.0,,,,,,,,,,2017-08-07T20:48:00,,,,,,,,,,,,,,,,,,
2017-08-07 22:00:00,994.8,27.1,90.0,0.2,0.0,1.7,354.0,0.0,,,,,,,,,,2017-08-07T21:04:00,,,,,,,,,,,,,,,,,,
2017-08-07 23:00:00,995.1,26.9,91.0,0.4,34.0,1.8,61.0,0.0,,,,,,,,,,2017-08-07T22:51:00,,,,,,,,,,,,,,,,,,
2017-08-08 00:00:00,995.0,26.6,91.0,0.9,85.0,3.4,11.0,0.0,,,,,,,,,,2017-08-07T23:03:00,,,,,,,,,,,,,,,,,,
2017-08-08 01:00:00,994.9,26.4,91.0,1.0,66.0,2.5,87.0,0.0,,,,,,,,,,2017-08-08T00:50:00,,,,,,,,,,,,,,,,,,
2017-08-08 02:00:00,994.6,26.2,91.0,0.3,42.0,2.6,7.0,0.0,,,,,,,,,,2017-08-08T01:36:00,,,,,,,,,,,,,,,,,,
2017-08-08 03:00:00,994.3,26.2,89.0,0.9,35.0,2.3,61.0,0.0,,,,,,,,,,2017-08-08T02:12:00,,,,,,,,,,,,,,,,,,
2017-08-08 04:00:00,994.1,25.7,91.0,1.3,53.0,2.2,42.0,0.0,,,,,,,,,,2017-08-08T03:26:00,,,,,,,,,,,,,,,,,,
2017-08-08 05:00:00,994.4,25.6,90.0,1.1,29.0,2.5,11.0,0.0,,,,,,,,,,2017-08-08T04:53:00,,,,,,,,,,,,,,,,,,
2017-08-08 06:00:00,994.6,25.5,89.0,1.5,53.0,2.8,60.0,0.0,,,,,,,,,,2017-08-08T05:55:00,,,,,,,,,,,,,,,,,,
2017-08-08 07:00:00,995.0,26.9,82.0,1.0,30.0,2.9,57.0,0.0,,,,,,,,,,2017-08-08T06:32:00,,,,,,,,,,,,,,,,,,
2017-08-08 08:00:00,995.2,29.0,73.0,0.9,9.0,2.5,66.0,0.0,,,,,,,,,,2017-08-08T07:04:00,,,,,,,,,,,,,,,,,,
2017-08-08 09:00:00,995.4,31.6,67.0,1.2,290.0,2.1,304.0,0.0,,,,,,,,,,2017-08-08T08:55:00,,,,,,,,,,,,,,,,,,
2017-08-08 10:00:00,995.2,32.7,64.0,2.0,160.0,3.5,145.0,0.0,,,,,,,,,,2017-08-08T09:58:00,,,,,,,,,,,,,,,,,,
2017-08-08 11:00:00,995.0,33.4,64.0,2.0,209.0,4.0,210.0,0.0,,,,,,,,,,2017-08-08T10:52:00,,,,,,,,,,,,,,,,,,
2017-08-08 12:00:00,994.8,32.1,68.0,2.1,212.0,4.7,231.0,0.0,,,,,,,,,,2017-08-08T11:44:00,,,,,,,,,,,,,,,,,,
2017-08-08 13:00:00,994.4,33.6,64.0,3.3,215.0,6.3,211.0,0.0,,,,,,,,,,2017-08-08T12:49:00,,,,,,,,,,,,,,,,,,
2017-08-08 14:00:00,993.8,33.7,63.0,3.0,256.0,6.3,225.0,0.0,,,,,,,,,,2017-08-08T13:44:00,,,,,,,,,,,,,,,,,,
2017-08-08 15:00:00,993.6,33.3,64.0,2.8,256.0,7.2,238.0,0.0,,,,,,,,,,2017-08-08T14:45:00,,,,,,,,,,,,,,,,,,
2017-08-08 16:00:00,993.6,32.1,67.0,1.5,280.0,6.5,228.0,0.0,,,,,,,,,,2017-08-08T15:12:00,,,,,,,,,,,,,,,,,,
2017-08-08 17:00:00,993.9,31.1,68.0,2.1,256.0,6.2,249.0,0.0,,,,,,,,,,2017-08-08T16:26:00,,,,,,,,,,,,,,,,,,
2017-08-08 18:00:00,994.1,29.8,76.0,2.0,241.0,4.1,256.0,0.0,,,,,,,,,,2017-08-08T17:08:00,,,,,,,,,,,,,,,,,,
2017-08-08 19:00:00,994.5,28.7,82.0,1.4,202.0,4.0,239.0,0.0,,,,,,,,,,2017-08-08T18:07:00,,,,,,,,,,,,,,,,,,
2017-08-08 20:00:00,995.1,28.0,84.0,1.1,57.0,2.2,144.0,0.0,,,,,,,,,,2017-08-08T19:21:00,,,,,,,,,,,,,,,,,,
2017-08-08 21:00:00,995.4,27.0,88.0,1.1,57.0,2.3,71.0,0.0,,,,,,,,,,2017-08-08T20:50:00,,,,,,,,,,,,,,,,,,
2017-08-08 22:00:00,995.4,26.4,89.0,1.0,99.0,2.0,74.0,0.0,,,,,,,,,,2017-08-08T21:03:00,,,,,,,,,,,,,,,,,,
2017-08-08 23:00:00,995.1,26.2,90.0,0.9,82.0,1.8,76.0,0.0,,,,,,,,,,2017-08-08T22:01:00,,,,,,,,,,,,,,,,,,
2017-08-09 00:00:00,994.5,26.2,89.0,1.3,56.0,3.0,65.0,0.0,,,,,,,,,,2017-08-08T23:44:00,,,,,,,,,,,,,,,,,,
2017-08-09 01:00:00,994.3,25.8,90.0,0.8,38.0,2.4,69.0,0.0,,,,,,,,,,2017-08-09T00:01:00,,,,,,,,,,,,,,,,,,
2017-08-09 02:00:00,994.1,25.6,89.0,0.6,37.0,2.3,62.0,0.0,,,,,,,,,,2017-08-09T01:49:00,,,,,,,,,,,,,,,,,,
2017-08-09 03:00:00,994.1,25.4,88.0,1.3,54.0,2.8,68.0,0.0,,,,,,,,,,2017-08-09T02:18:00,,,,,,,,,,,,,,,,,,
2017-08-09 04:00:00,994.6,25.0,89.0,1.5,66.0,2.8,49.0,0.0,,,,,,,,,,2017-08-09T03:24:00,,,,,,,,,,,,,,,,,,
2017-08-09 05:00:00,994.9,25.0,88.0,1.3,43.0,2.8,55.0,0.0,,,,,,,,,,2017-08-09T04:42:00,,,,,,,,,,,,,,,,,,
2017-08-09 06:00:00,994.6,24.9,87.0,0.7,42.0,2.8,49.0,0.0,,,,,,,,,,2017-08-09T05:10:00,,,,,,,,,,,,,,,,,,
2017-08-09 07:00:00,994.9,27.0,77.0,1.5,71.0,2.8,57.0,0.0,,,,,,,,,,2017-08-09T06:58:00,,,,,,,,,,,,,,,,,,
2017-08-09 08:00:00,994.9,29.0,68.0,1.2,58.0,2.9,72.0,0.0,,,,,,,,,,2017-08-09T07:07:00,,,,,,,,,,,,,,,,,,
2017-08-09 09:00:00,995.0,31.1,63.0,1.0,328.0,2.4,70.0,0.0,,,,,,,,,,2017-08-09T08:06:00,,,,,,,,,,,,,,,,,,
2017-08-09 10:00:00,995.0,32.1,62.0,0.7,274.0,2.5,228.0,0.0,,,,,,,,,,2017-08-09T09:25:00,,,,,,,,,,,,,,,,,,
2017-08-09 11:00:00,994.6,33.6,57.0,1.2,257.0,3.0,299.0,0.0,,,,,,,,,,2017-08-09T10:20:00,,,,,,,,,,,,,,,,,,
2017-08-09 12:00:00,994.4,31.5,67.0,2.7,264.0,4.7,224.0,0.0,,,,,,,,,,2017-08-09T11:09:00,,,,,,,,,,,,,,,,,,
2017-08-09 13:00:00,994.0,33.6,66.0,1.8,264.0,4.8,268.0,0.0,,,,,,,,,,2017-08-09T12:06:00,,,,,,,,,,,,,,,,,,
2017-08-09 14:00:00,993.3,32.1,66.0,1.7,285.0,5.2,223.0,0.0,,,,,,,,,,2017-08-09T13:38:00,,,,,,,,,,,,,,,,,,
2017-08-09 15:00:00,993.0,34.1,58.0,2.6,259.0,5.8,253.0,0.0,,,,,,,,,,2017-08-09T14:18:00,,,,,,,,,,,,,,,,,,
2017-08-09 16:00:00,992.8,33.9,61.0,2.3,271.0,6.3,243.0,0.0,,,,,,,,,,2017-08-09T15:46:00,,,,,,,,,,,,,,,,,,
2017-08-09 17:00:00,992.8,32.7,64.0,2.4,246.0,5.3,250.0,0.0,,,,,,,,,,2017-08-09T16:29:00,,,,,,,,,,,,,,,,,,
2017-08-09 18:00:00,993.2,31.0,69.0,1.7,253.0,4.2,298.0,0.0,,,,,,,,,,2017-08-09T17:26:00,,,,,,,,,,,,,,,,,,
2017-08-09 19:00:00,993.9,29.1,78.0,1.3,224.0,3.4,237.0,0.0,,,,,,,,,,2017-08-09T18:01:00,,,,,,,,,,,,,,,,,,
2017-08-09 20:00:00,994.2,28.2,83.0,0.8,128.0,1.8,218.0,0.0,,,,,,,,,,2017-08-09T19:06:00,,,,,,,,,,,,,,,,,,
2017-08-09 21:00:00,994.3,27.1,87.0,1.0,74.0,1.6,99.0,0.0,,,,,,,,,,2017-08-09T20:32:00,,,,,,,,,,,,,,,,,,
2017-08-09 22:00:00,994.5,26.7,89.0,1.0,61.0,1.8,71.0,0.0,,,,,,,,,,2017-08-09T21:53:00,,,,,,,,,,,,,,,,,,
2017-08-09 23:00:00,994.5,26.6,90.0,1.4,55.0,2.2,68.0,0.0,,,,,,,,,,2017-08-09T22:58:00,,,,,,,,,,,,,,,,,,
2017-08-10 00:00:00,994.7,25.9,91.0,1.0,84.0,1.9,41.0,0.0,,,,,,,,,,2017-08-09T23:08:00,,,,,,,,,,,,,,,,,,
2017-08-10 01:00:00,994.7,25.5,92.0,1.3,68.0,1.7,55.0,0.0,,,,,,,,,,2017-08-10T00:53:00,,,,,,,,,,,,,,,,,,
2017-08-10 02:00:00,994.0,26.2,90.0,1.6,16.0,2.5,12.0,0.0,,,,,,,,,,2017-08-10T01:59:00,,,,,,,,,,,,,,,,,,
2017-08-10 03:00:00,994.0,26.4,89.0,0.6,33.0,2.3,16.0,0.0,,,,,,,,,,2017-08-10T02:04:00,,,,,,,,,,,,,,,,,,
2017-08-10 04:00:00,994.4,25.7,93.0,0.7,92.0,1.6,90.0,0.0,,,,,,,,,,2017-08-10T03:54:00,,,,,,,,,,,,,,,,,,
2017-08-10 05:00:00,994.5,25.8,92.0,0.8,82.0,2.1,64.0,0.0,,,,,,,,,,2017-08-10T04:13:00,,,,,,,,,,,,,,,,,,
2017-08-10 06:00:00,994.6,25.6,90.0,1.4,64.0,1.9,80.0,0.0,,,,,,,,,,2017-08-10T05:44:00,,,,,,,,,,,,,,,,,,
2017-08-10 07:00:00,994.7,27.9,76.0,1.2,55.0,2.5,80.0,0.0,,,,,,,,,,2017-08-10T06:51:00,,,,,,,,,,,,,,,,,,
2017-08-10 08:00:00,995.0,30.1,68.0,1.2,57.0,3.1,18.0,0.0,,,,,,,,,,2017-08-10T07:22:00,,,,,,,,,,,,,,,,,,
2017-08-10 09:00:00,995.4,30.7,66.0,0.9,5.0,3.3,9.0,0.0,,,,,,,,,,2017-08-10T08:14:00,,,,,,,,,,,,,,,,,,
2017-08-10 10:00:00,995.8,30.5,74.0,4.6,222.0,7.4,220.0,0.0,,,,,,,,,,2017-08-10T09:56:00,,,,,,,,,,,,,,,,,,
2017-08-10 11:00:00,995.9,27.9,87.0,0.9,261.0,5.7,217.0,0.5,,,,,,,,,,2017-08-10T10:01:00,,,,,,,,,,,,,,,,,,
2017-08-10 12:00:00,995.0,31.5,76.0,1.1,202.0,2.5,241.0,0.5,,,,,,,,,,2017-08-10T11:39:00,,,,,,,,,,,,,,,,,,
2017-08-10 13:00:00,994.7,29.1,83.0,1.2,61.0,4.1,296.0,0.5,,,,,,,,,,2017-08-10T12:07:00,,,,,,,,,,,,,,,,,,
2017-08-10 14:00:00,993.9,32.1,65.0,1.0,32.0,3.4,86.0,0.0,,,,,,,,,,2017-08-10T13:38:00,,,,,,,,,,,,,,,,,,
2017-08-10 15:00:00,993.4,33.4,62.0,1.5,284.0,3.4,298.0,0.0,,,,,,,,,,2017-08-10T14:58:00,,,,,,,,,,,,,,,,,,
2017-08-10 16:00:00,992.8,33.1,63.0,2.3,263.0,4.2,242.0,0.0,,,,,,,,,,2017-08-10T15:38:00,,,,,,,,,,,,,,,,,,
2017-08-10 17:00:00,993.2,32.0,67.0,2.5,246.0,4.5,208.0,0.0,,,,,,,,,,2017-08-10T16:12:00,,,,,,,,,,,,,,,,,,
2017-08-10 18:00:00,994.1,30.7,72.0,1.8,241.0,5.1,265.0,0.0,,,,,,,,,,2017-08-10T17:12:00,,,,,,,,,,,,,,,,,,
2017-08-10 19:00:00,994.6,29.0,80.0,0.8,223.0,3.4,237.0,0.0,,,,,,,,,,2017-08-10T18:07:00,,,,,,,,,,,,,,,,,,
2017-08-10 20:00:00,994.8,28.0,85.0,0.8,83.0,1.5,187.0,0.0,,,,,,,,,,2017-08-10T19:09:00,,,,,,,,,,,,,,,,,,
2017-08-10 21:00:00,994.8,27.1,87.0,1.2,59.0,1.9,61.0,0.0,,,,,,,,,,2017-08-10T20:19:00,,,,,,,,,,,,,,,,,,
2017-08-10 22:00:00,994.8,26.4,89.0,0.0,0.0,2.3,58.0,0.0,,,,,,,,,,2017-08-10T21:46:00,,,,,,,,,,,,,,,,,,
2017-08-10 23:00:00,995.1,26.0,92.0,1.0,108.0,1.4,346.0,0.0,,,,,,,,,,2017-08-10T22:11:00,,,,,,,,,,,,,,,,,,
2017-08-11 00:00:00,995.2,25.7,92.0,0.3,56.0,2.2,63.0,0.0,,,,,,,,,,2017-08-10T23:40:00,,,,,,,,,,,,,,,,,,
2017-08-11 01:00:00,995.7,25.6,92.0,1.2,65.0,2.1,56.0,0.0,,,,,,,,,,2017-08-11T00:57:00,,,,,,,,,,,,,,,,,,
2017-08-11 02:00:00,995.4,25.4,92.0,1.1,61.0,2.9,53.0,0.0,,,,,,,,,,2017-08-11T01:27:00,,,,,,,,,,,,,,,,,,
2017-08-11 03:00:00,995.3,25.5,91.0,0.9,85.0,2.4,347.0,0.0,,,,,,,,,,2017-08-11T02:12:00,,,,,,,,,,,,,,,,,,
2017-08-11 04:00:00,995.3,25.8,89.0,1.9,16.0,3.0,13.0,0.0,,,,,,,,,,2017-08-11T03:59:00,,,,,,,,,,,,,,,,,,
2017-08-11 05:00:00,995.6,25.2,92.0,1.0,80.0,2.3,360.0,0.0,,,,,,,,,,2017-08-11T04:01:00,,,,,,,,,,,,,,,,,,
2017-08-11 06:00:00,995.9,25.4,90.0,1.1,8.0,2.7,66.0,0.0,,,,,,,,,,2017-08-11T05:31:00,,,,,,,,,,,,,,,,,,
2017-08-11 07:00:00,996.3,27.2,79.0,1.8,19.0,2.8,57.0,0.0,,,,,,,,,,2017-08-11T06:38:00,,,,,,,,,,,,,,,,,,
2017-08-11 08:00:00,996.4,29.6,69.0,0.9,353.0,3.6,19.0,0.0,,,,,,,,,,2017-08-11T07:40:00,,,,,,,,,,,,,,,,,,
2017-08-11 09:00:00,996.6,31.5,65.0,0.8,283.0,2.2,352.0,0.0,,,,,,,,,,2017-08-11T08:16:00,,,,,,,,,,,,,,,,,,
2017-08-11 10:00:00,-9999.7,-99.7,-9997.0,-99.7,-999.7,2.2,247.0,0.0,,,,,,,,,,2017-08-11T09:14:00,,,,,,,,,,,,,,,,,,
2017-08-11 11:00:00,995.8,34.0,59.0,1.5,255.0,3.3,2.0,0.0,,,,,,,,,,2017-08-11T10:22:00,,,,,,,,,,,,,,,,,,
2017-08-11 12:00:00,995.3,33.5,63.0,2.7,256.0,5.5,245.0,0.0,,,,,,,,,,2017-08-11T11:55:00,,,,,,,,,,,,,,,,,,
2017-08-11 13:00:00,995.0,34.8,58.0,1.8,283.0,4.9,255.0,0.0,,,,,,,,,,2017-08-11T12:29:00,,,,,,,,,,,,,,,,,,
2017-08-11 14:00:00,994.4,34.4,63.0,3.2,266.0,6.0,255.0,0.0,,,,,,,,,,2017-08-11T13:37:00,,,,,,,,,,,,,,,,,,
2017-08-11 15:00:00,994.0,34.4,63.0,2.6,282.0,6.3,266.0,0.0,,,,,,,,,,2017-08-11T14:07:00,,,,,,,,,,,,,,,,,,
2017-08-11 16:00:00,993.8,33.7,63.0,1.3,297.0,6.3,283.0,0.0,,,,,,,,,,2017-08-11T15:25:00,,,,,,,,,,,,,,,,,,
2017-08-11 17:00:00,993.5,32.0,69.0,1.8,273.0,5.2,239.0,0.0,,,,,,,,,,2017-08-11T16:46:00,,,,,,,,,,,,,,,,,,
2017-08-11 18:00:00,993.8,30.2,76.0,2.0,274.0,5.3,278.0,0.0,,,,,,,,,,2017-08-11T17:22:00,,,,,,,,,,,,,,,,,,
2017-08-11 19:00:00,994.4,29.4,79.0,1.3,284.0,4.2,265.0,0.0,,,,,,,,,,2017-08-11T18:05:00,,,,,,,,,,,,,,,,,,
2017-08-11 20:00:00,995.0,28.9,81.0,0.9,249.0,2.1,292.0,0.0,,,,,,,,,,2017-08-11T19:08:00,,,,,,,,,,,,,,,,,,
2017-08-11 21:00:00,995.9,28.6,84.0,1.3,210.0,2.2,241.0,0.0,,,,,,,,,,2017-08-11T20:34:00,,,,,,,,,,,,,,,,,,
2017-08-11 22:00:00,996.4,28.0,86.0,0.9,172.0,2.4,156.0,0.0,,,,,,,,,,2017-08-11T21:09:00,,,,,,,,,,,,,,,,,,
2017-08-11 23:00:00,996.6,27.1,90.0,0.6,81.0,1.7,65.0,0.0,,,,,,,,,,2017-08-11T22:14:00,,,,,,,,,,,,,,,,,,
2017-08-12 00:00:00,996.2,26.7,91.0,1.4,66.0,3.0,64.0,0.0,,,,,,,,,,2017-08-11T23:55:00,,,,,,,,,,,,,,,,,,
2017-08-12 01:00:00,995.6,26.4,91.0,1.1,76.0,2.1,43.0,0.0,,,,,,,,,,2017-08-12T00:37:00,,,,,,,,,,,,,,,,,,
2017-08-12 02:00:00,995.3,26.2,91.0,1.0,79.0,1.4,74.0,0.0,,,,,,,,,,2017-08-12T01:53:00,,,,,,,,,,,,,,,,,,
2017-08-12 03:00:00,995.5,26.4,92.0,0.3,357.0,1.6,76.0,0.0,,,,,,,,,,2017-08-12T02:32:00,,,,,,,,,,,,,,,,,,
2017-08-12 04:00:00,995.6,26.5,91.0,0.4,12.0,1.8,43.0,0.0,,,,,,,,,,2017-08-12T03:16:00,,,,,,,,,,,,,,,,,,
2017-08-12 05:00:00,996.0,26.7,91.0,1.2,72.0,1.7,60.0,0.0,,,,,,,,,,2017-08-12T04:59:00,,,,,,,,,,,,,,,,,,
2017-08-12 06:00:00,996.5,27.1,88.0,1.0,30.0,2.6,41.0,0.0,,,,,,,,,,2017-08-12T05:39:00,,,,,,,,,,,,,,,,,,
2017-08-12 07:00:00,996.6,27.5,87.0,0.7,24.0,2.4,70.0,0.0,,,,,,,,,,2017-08-12T06:21:00,,,,,,,,,,,,,,,,,,
2017-08-12 08:00:00,996.9,29.3,79.0,0.0,0.0,2.4,9.0,0.0,,,,,,,,,,2017-08-12T07:07:00,,,,,,,,,,,,,,,,,,
2017-08-12 09:00:00,997.0,31.5,69.0,0.8,121.0,2.9,86.0,0.0,,,,,,,,,,2017-08-12T08:50:00,,,,,,,,,,,,,,,,,,
2017-08-12 10:00:00,996.8,33.4,61.0,0.9,268.0,3.4,266.0,0.0,,,,,,,,,,2017-08-12T09:50:00,,,,,,,,,,,,,,,,,,
2017-08-12 11:00:00,996.6,33.5,62.0,2.5,282.0,4.9,283.0,0.0,,,,,,,,,,2017-08-12T10:21:00,,,,,,,,,,,,,,,,,,
2017-08-12 12:00:00,996.1,34.6,61.0,2.7,252.0,4.9,260.0,0.0,,,,,,,,,,2017-08-12T11:47:00,,,,,,,,,,,,,,,,,,
2017-08-12 13:00:00,996.1,32.8,67.0,3.4,275.0,6.4,279.0,0.0,,,,,,,,,,2017-08-12T12:17:00,,,,,,,,,,,,,,,,,,
2017-08-12 14:00:00,995.6,34.7,59.0,1.9,317.0,6.0,251.0,0.0,,,,,,,,,,2017-08-12T13:30:00,,,,,,,,,,,,,,,,,,
2017-08-12 15:00:00,995.2,33.0,63.0,1.8,286.0,6.4,272.0,0.0,,,,,,,,,,2017-08-12T14:11:00,,,,,,,,,,,,,,,,,,
2017-08-12 16:00:00,995.1,33.3,60.0,1.5,302.0,5.2,301.0,0.0,,,,,,,,,,2017-08-12T15:02:00,,,,,,,,,,,,,,,,,,
2017-08-12 17:00:00,994.8,33.1,61.0,1.1,302.0,4.8,254.0,0.0,,,,,,,,,,2017-08-12T16:25:00,,,,,,,,,,,,,,,,,,
2017-08-12 18:00:00,994.9,31.4,65.0,0.5,313.0,3.1,293.0,0.0,,,,,,,,,,2017-08-12T17:08:00,,,,,,,,,,,,,,,,,,
2017-08-12 19:00:00,995.1,30.0,72.0,0.8,287.0,1.7,286.0,0.0,,,,,,,,,,2017-08-12T18:04:00,,,,,,,,,,,,,,,,,,
2017-08-12 20:00:00,995.7,28.7,78.0,0.4,196.0,1.9,250.0,0.0,,,,,,,,,,2017-08-12T19:20:00,,,,,,,,,,,,,,,,,,
2017-08-12 21:00:00,996.7,28.0,84.0,1.0,222.0,1.9,199.0,0.0,,,,,,,,,,2017-08-12T20:41:00,,,,,,,,,,,,,,,,,,
2017-08-12 22:00:00,997.0,28.1,84.0,1.3,168.0,2.2,163.0,0.0,,,,,,,,,,2017-08-12T21:56:00,,,,,,,,,,,,,,,,,,
2017-08-12 23:00:00,997.1,27.8,85.0,0.7,79.0,1.6,181.0,0.0,,,,,,,,,,2017-08-12T22:01:00,,,,,,,,,,,,,,,,,,
2017-08-13 00:00:00,996.9,27.4,87.0,0.9,77.0,1.4,333.0,0.0,,,,,,,,,,2017-08-12T23:15:00,,,,,,,,,,,,,,,,,,
2017-08-13 01:00:00,996.6,26.8,90.0,0.4,67.0,1.6,81.0,0.0,,,,,,,,,,2017-08-13T00:46:00,,,,,,,,,,,,,,,,,,
2017-08-13 02:00:00,996.0,26.2,91.0,1.2,73.0,1.6,67.0,0.0,,,,,,,,,,2017-08-13T01:56:00,,,,,,,,,,,,,,,,,,
2017-08-13 03:00:00,995.7,25.9,92.0,0.6,71.0,2.1,88.0,0.0,,,,,,,,,,2017-08-13T02:29:00,,,,,,,,,,,,,,,,,,
2017-08-13 04:00:00,995.8,25.7,93.0,0.5,6.0,1.6,15.0,0.0,,,,,,,,,,2017-08-13T03:59:00,,,,,,,,,,,,,,,,,,
2017-08-13 05:00:00,995.7,25.4,93.0,0.3,352.0,2.0,53.0,0.0,,,,,,,,,,2017-08-13T04:17:00,,,,,,,,,,,,,,,,,,
2017-08-13 06:00:00,996.1,25.7,92.0,1.1,47.0,2.2,83.0,0.0,,,,,,,,,,2017-08-13T06:00:00,,,,,,,,,,,,,,,,,,
2017-08-13 07:00:00,996.6,27.4,84.0,0.5,86.0,2.4,43.0,0.0,,,,,,,,,,2017-08-13T06:01:00,,,,,,,,,,,,,,,,,,
2017-08-13 08:00:00,996.7,28.6,81.0,0.8,98.0,1.8,95.0,0.0,,,,,,,,,,2017-08-13T07:42:00,,,,,,,,,,,,,,,,,,
2017-08-13 09:00:00,996.7,30.3,75.0,1.1,251.0,2.6,275.0,0.0,,,,,,,,,,2017-08-13T08:39:00,,,,,,,,,,,,,,,,,,
2017-08-13 10:00:00,996.6,31.1,69.0,1.0,237.0,2.9,246.0,0.0,,,,,,,,,,2017-08-13T09:53:00,,,,,,,,,,,,,,,,,,
2017-08-13 11:00:00,996.8,32.6,62.0,1.6,183.0,3.3,234.0,0.0,,,,,,,,,,2017-08-13T10:33:00,,,,,,,,,,,,,,,,,,
2017-08-13 12:00:00,996.4,34.0,61.0,3.4,240.0,5.1,214.0,0.0,,,,,,,,,,2017-08-13T11:54:00,,,,,,,,,,,,,,,,,,
2017-08-13 13:00:00,995.8,33.4,63.0,2.5,248.0,5.3,209.0,0.0,,,,,,,,,,2017-08-13T12:33:00,,,,,,,,,,,,,,,,,,
2017-08-13 14:00:00,995.1,33.2,62.0,1.9,247.0,5.5,226.0,0.0,,,,,,,,,,2017-08-13T13:35:00,,,,,,,,,,,,,,,,,,
2017-08-13 15:00:00,994.8,33.9,62.0,2.7,254.0,6.1,237.0,0.0,,,,,,,,,,2017-08-13T14:14:00,,,,,,,,,,,,,,,,,,
2017-08-13 16:00:00,995.0,32.7,65.0,3.0,255.0,6.1,248.0,0.0,,,,,,,,,,2017-08-13T15:48:00,,,,,,,,,,,,,,,,,,
2017-08-13 17:00:00,995.4,31.3,68.0,2.3,261.0,6.2,221.0,0.0,,,,,,,,,,2017-08-13T16:29:00,,,,,,,,,,,,,,,,,,
2017-08-13 18:00:00,995.8,29.9,72.0,1.2,258.0,4.6,269.0,0.0,,,,,,,,,,2017-08-13T17:16:00,,,,,,,,,,,,,,,,,,
2017-08-13 19:00:00,996.0,29.2,75.0,1.3,235.0,3.3,251.0,0.0,,,,,,,,,,2017-08-13T18:07:00,,,,,,,,,,,,,,,,,,
2017-08-13 20:00:00,996.2,28.8,77.0,1.2,220.0,3.4,205.0,0.0,,,,,,,,,,2017-08-13T19:18:00,,,,,,,,,,,,,,,,,,
2017-08-13 21:00:00,996.7,28.5,80.0,1.3,171.0,2.4,199.0,0.0,,,,,,,,,,2017-08-13T20:06:00,,,,,,,,,,,,,,,,,,
2017-08-13 22:00:00,997.0,28.3,81.0,0.8,127.0,2.0,154.0,0.0,,,,,,,,,,2017-08-13T21:06:00,,,,,,,,,,,,,,,,,,
2017-08-13 23:00:00,997.1,27.6,85.0,1.1,85.0,1.6,82.0,0.0,,,,,,,,,,2017-08-13T22:18:00,,,,,,,,,,,,,,,,,,
2017-08-14 00:00:00,996.6,26.6,89.0,1.0,85.0,1.9,70.0,0.0,,,,,,,,,,2017-08-13T23:17:00,,,,,,,,,,,,,,,,,,
2017-08-14 01:00:00,996.5,26.0,90.0,1.3,71.0,1.9,73.0,0.0,,,,,,,,,,2017-08-14T00:56:00,,,,,,,,,,,,,,,,,,
2017-08-14 02:00:00,996.2,27.0,81.0,0.8,45.0,2.4,39.0,0.0,,,,,,,,,,2017-08-14T01:30:00,,,,,,,,,,,,,,,,,,
2017-08-14 03:00:00,995.9,26.4,86.0,0.1,0.0,1.9,53.0,0.0,,,,,,,,,,2017-08-14T02:15:00,,,,,,,,,,,,,,,,,,
2017-08-14 04:00:00,995.7,25.3,88.0,1.2,83.0,1.8,58.0,0.0,,,,,,,,,,2017-08-14T03:24:00,,,,,,,,,,,,,,,,,,
2017-08-14 05:00:00,995.8,24.2,89.0,0.7,97.0,1.7,69.0,0.0,,,,,,,,,,2017-08-14T04:12:00,,,,,,,,,,,,,,,,,,
2017-08-14 06:00:00,996.2,23.7,90.0,1.5,75.0,2.3,66.0,0.0,,,,,,,,,,2017-08-14T05:57:00,,,,,,,,,,,,,,,,,,
2017-08-14 07:00:00,996.6,26.4,77.0,1.3,70.0,2.4,86.0,0.0,,,,,,,,,,2017-08-14T06:02:00,,,,,,,,,,,,,,,,,,
2017-08-14 08:00:00,996.9,29.2,68.0,1.0,106.0,2.7,78.0,0.0,,,,,,,,,,2017-08-14T07:27:00,,,,,,,,,,,,,,,,,,
2017-08-14 09:00:00,997.1,31.1,60.0,0.7,266.0,2.9,234.0,0.0,,,,,,,,,,2017-08-14T08:54:00,,,,,,,,,,,,,,,,,,
2017-08-14 10:00:00,997.2,32.4,54.0,1.1,130.0,3.1,148.0,0.0,,,,,,,,,,2017-08-14T09:53:00,,,,,,,,,,,,,,,,,,
2017-08-14 11:00:00,996.5,33.7,52.0,1.9,176.0,3.6,64.0,0.0,,,,,,,,,,2017-08-14T10:44:00,,,,,,,,,,,,,,,,,,
2017-08-14 12:00:00,996.0,35.0,51.0,2.7,234.0,4.6,235.0,0.0,,,,,,,,,,2017-08-14T12:00:00,,,,,,,,,,,,,,,,,,
2017-08-14 13:00:00,995.4,35.1,52.0,2.1,264.0,5.5,246.0,0.0,,,,,,,,,,2017-08-14T12:49:00,,,,,,,,,,,,,,,,,,
2017-08-14 14:00:00,994.9,35.0,55.0,2.8,253.0,5.3,278.0,0.0,,,,,,,,,,2017-08-14T13:55:00,,,,,,,,,,,,,,,,,,
2017-08-14 15:00:00,994.6,33.8,58.0,1.4,288.0,6.0,264.0,0.0,,,,,,,,,,2017-08-14T14:29:00,,,,,,,,,,,,,,,,,,
2017-08-14 16:00:00,994.4,33.6,60.0,3.1,270.0,5.4,260.0,0.0,,,,,,,,,,2017-08-14T15:55:00,,,,,,,,,,,,,,,,,,
2017-08-14 17:00:00,994.4,33.2,62.0,2.1,266.0,5.2,269.0,0.0,,,,,,,,,,2017-08-14T16:33:00,,,,,,,,,,,,,,,,,,
2017-08-14 18:00:00,994.5,30.7,70.0,2.0,277.0,4.0,264.0,0.0,,,,,,,,,,2017-08-14T17:01:00,,,,,,,,,,,,,,,,,,
2017-08-14 19:00:00,994.9,29.4,74.0,0.9,289.0,3.2,271.0,0.0,,,,,,,,,,2017-08-14T18:27:00,,,,,,,,,,,,,,,,,,
2017-08-14 20:00:00,995.2,28.9,77.0,1.0,278.0,2.3,286.0,0.0,,,,,,,,,,2017-08-14T19:19:00,,,,,,,,,,,,,,,,,,
2017-08-14 21:00:00,996.2,28.4,81.0,1.3,222.0,2.4,255.0,0.0,,,,,,,,,,2017-08-14T20:22:00,,,,,,,,,,,,,,,,,,
2017-08-14 22:00:00,997.0,28.5,81.0,0.8,200.0,2.1,183.0,0.0,,,,,,,,,,2017-08-14T21:36:00,,,,,,,,,,,,,,,,,,
2017-08-14 23:00:00,996.8,28.2,84.0,0.5,353.0,1.5,353.0,0.0,,,,,,,,,,2017-08-14T22:53:00,,,,,,,,,,,,,,,,,,
2017-08-15 00:00:00,996.2,27.3,87.0,0.8,98.0,1.7,76.0,0.0,,,,,,,,,,2017-08-14T23:41:00,,,,,,,,,,,,,,,,,,
2017-08-15 01:00:00,995.8,26.9,89.0,0.5,38.0,1.8,60.0,0.0,,,,,,,,,,2017-08-15T00:19:00,,,,,,,,,,,,,,,,,,
2017-08-15 02:00:00,995.3,25.8,91.0,0.8,84.0,1.5,336.0,0.0,,,,,,,,,,2017-08-15T01:18:00,,,,,,,,,,,,,,,,,,
2017-08-15 03:00:00,994.9,25.5,90.0,1.2,65.0,2.0,68.0,0.0,,,,,,,,,,2017-08-15T02:53:00,,,,,,,,,,,,,,,,,,
2017-08-15 04:00:00,994.6,25.2,90.0,1.4,73.0,2.5,85.0,0.0,,,,,,,,,,2017-08-15T03:16:00,,,,,,,,,,,,,,,,,,
2017-08-15 05:00:00,994.7,25.1,90.0,1.2,45.0,2.1,59.0,0.0,,,,,,,,,,2017-08-15T04:06:00,,,,,,,,,,,,,,,,,,
2017-08-15 06:00:00,995.2,25.0,89.0,0.9,34.0,2.3,41.0,0.0,,,,,,,,,,2017-08-15T05:21:00,,,,,,,,,,,,,,,,,,
2017-08-15 07:00:00,995.8,26.9,81.0,0.7,83.0,2.0,9.0,0.0,,,,,,,,,,2017-08-15T06:40:00,,,,,,,,,,,,,,,,,,
2017-08-15 08:00:00,996.4,29.4,69.0,0.7,143.0,2.2,51.0,0.0,,,,,,,,,,2017-08-15T07:07:00,,,,,,,,,,,,,,,,,,
2017-08-15 09:00:00,996.9,31.5,62.0,0.7,224.0,2.5,254.0,0.0,,,,,,,,,,2017-08-15T08:26:00,,,,,,,,,,,,,,,,,,
2017-08-15 10:00:00,996.8,32.7,60.0,1.5,207.0,4.9,245.0,0.0,,,,,,,,,,2017-08-15T09:55:00,,,,,,,,,,,,,,,,,,
2017-08-15 11:00:00,996.5,32.6,56.0,2.5,240.0,4.8,190.0,0.0,,,,,,,,,,2017-08-15T10:34:00,,,,,,,,,,,,,,,,,,
2017-08-15 12:00:00,995.8,34.6,55.0,1.8,246.0,4.2,273.0,0.0,,,,,,,,,,2017-08-15T11:50:00,,,,,,,,,,,,,,,,,,
2017-08-15 13:00:00,995.1,33.6,59.0,2.0,258.0,5.1,231.0,0.0,,,,,,,,,,2017-08-15T12:03:00,,,,,,,,,,,,,,,,,,
2017-08-15 14:00:00,994.3,35.0,53.0,1.6,283.0,5.4,277.0,0.0,,,,,,,,,,2017-08-15T13:15:00,,,,,,,,,,,,,,,,,,
2017-08-15 15:00:00,993.6,33.7,59.0,2.6,274.0,4.6,238.0,0.0,,,,,,,,,,2017-08-15T14:45:00,,,,,,,,,,,,,,,,,,
2017-08-15 16:00:00,993.5,33.8,60.0,2.3,278.0,5.9,293.0,0.0,,,,,,,,,,2017-08-15T15:16:00,,,,,,,,,,,,,,,,,,
2017-08-15 17:00:00,993.4,31.6,65.0,2.4,273.0,5.8,264.0,0.0,,,,,,,,,,2017-08-15T16:24:00,,,,,,,,,,,,,,,,,,
2017-08-15 18:00:00,993.7,30.2,70.0,1.4,293.0,3.3,302.0,0.0,,,,,,,,,,2017-08-15T17:09:00,,,,,,,,,,,,,,,,,,
2017-08-15 19:00:00,994.1,29.5,74.0,0.5,283.0,3.4,270.0,0.0,,,,,,,,,,2017-08-15T18:22:00,,,,,,,,,,,,,,,,,,
2017-08-15 20:00:00,994.6,29.0,76.0,0.9,277.0,3.6,265.0,0.0,,,,,,,,,,2017-08-15T19:26:00,,,,,,,,,,,,,,,,,,
2017-08-15 21:00:00,995.2,28.8,79.0,0.1,0.0,1.3,266.0,0.0,,,,,,,,,,2017-08-15T20:01:00,,,,,,,,,,,,,,,,,,
2017-08-15 22:00:00,995.8,28.3,82.0,0.5,148.0,1.5,174.0,0.0,,,,,,,,,,2017-08-15T21:16:00,,,,,,,,,,,,,,,,,,
2017-08-15 23:00:00,995.9,27.7,83.0,1.2,68.0,1.9,69.0,0.0,,,,,,,,,,2017-08-15T22:57:00,,,,,,,,,,,,,,,,,,
2017-08-16 00:00:00,995.7,27.1,86.0,1.0,84.0,1.5,79.0,0.0,,,,,,,,,,2017-08-15T23:14:00,,,,,,,,,,,,,,,,,,
2017-08-16 01:00:00,995.4,26.8,87.0,0.3,11.0,2.3,9.0,0.0,,,,,,,,,,2017-08-16T00:51:00,,,,,,,,,,,,,,,,,,
2017-08-16 02:00:00,995.3,25.8,90.0,0.0,0.0,1.9,90.0,0.0,,,,,,,,,,2017-08-16T01:14:00,,,,,,,,,,,,,,,,,,
2017-08-16 03:00:00,994.9,25.8,90.0,1.0,33.0,1.8,71.0,0.0,,,,,,,,,,2017-08-16T02:29:00,,,,,,,,,,,,,,,,,,
2017-08-16 04:00:00,994.5,25.3,91.0,0.7,75.0,1.8,17.0,0.0,,,,,,,,,,2017-08-16T03:01:00,,,,,,,,,,,,,,,,,,
2017-08-16 05:00:00,994.6,24.9,92.0,0.7,58.0,1.9,44.0,0.0,,,,,,,,,,2017-08-16T04:08:00,,,,,,,,,,,,,,,,,,
2017-08-16 06:00:00,995.0,24.8,91.0,0.8,7.0,1.6,89.0,0.0,,,,,,,,,,2017-08-16T05:46:00,,,,,,,,,,,,,,,,,,
2017-08-16 07:00:00,995.5,26.9,80.0,1.3,77.0,2.3,68.0,0.0,,,,,,,,,,2017-08-16T06:47:00,,,,,,,,,,,,,,,,,,
2017-08-16 08:00:00,995.6,29.9,63.0,0.8,104.0,2.8,75.0,0.0,,,,,,,,,,2017-08-16T07:08:00,,,,,,,,,,,,,,,,,,
2017-08-16 09:00:00,995.8,31.6,63.0,1.4,223.0,3.0,223.0,0.0,,,,,,,,,,2017-08-16T08:54:00,,,,,,,,,,,,,,,,,,
2017-08-16 10:00:00,995.7,32.7,59.0,1.8,230.0,5.0,234.0,0.0,,,,,,,,,,2017-08-16T09:21:00,,,,,,,,,,,,,,,,,,
2017-08-16 11:00:00,995.5,32.7,60.0,0.9,290.0,3.7,222.0,0.0,,,,,,,,,,2017-08-16T10:10:00,,,,,,,,,,,,,,,,,,
2017-08-16 12:00:00,995.1,33.7,55.0,1.1,292.0,3.7,199.0,0.0,,,,,,,,,,2017-08-16T11:16:00,,,,,,,,,,,,,,,,,,
2017-08-16 13:00:00,994.3,32.8,61.0,2.0,259.0,4.1,231.0,0.0,,,,,,,,,,2017-08-16T12:46:00,,,,,,,,,,,,,,,,,,
2017-08-16 14:00:00,993.7,33.5,60.0,2.7,261.0,4.8,248.0,0.0,,,,,,,,,,2017-08-16T13:53:00,,,,,,,,,,,,,,,,,,
2017-08-16 15:00:00,993.7,31.8,66.0,3.0,255.0,6.5,248.0,0.0,,,,,,,,,,2017-08-16T14:47:00,,,,,,,,,,,,,,,,,,
2017-08-16 16:00:00,994.1,29.2,69.0,2.3,216.0,7.6,221.0,0.0,,,,,,,,,,2017-08-16T15:39:00,,,,,,,,,,,,,,,,,,
2017-08-16 17:00:00,994.5,27.9,72.0,1.8,29.0,7.0,231.0,0.0,,,,,,,,,,2017-08-16T16:07:00,,,,,,,,,,,,,,,,,,
2017-08-16 18:00:00,994.9,28.0,70.0,1.8,34.0,4.9,73.0,0.0,,,,,,,,,,2017-08-16T17:30:00,,,,,,,,,,,,,,,,,,
2017-08-16 19:00:00,994.6,27.1,74.0,1.2,25.0,3.0,29.0,0.0,,,,,,,,,,2017-08-16T18:03:00,,,,,,,,,,,,,,,,,,
2017-08-16 20:00:00,995.5,26.7,78.0,1.9,53.0,3.7,33.0,0.0,,,,,,,,,,2017-08-16T19:31:00,,,,,,,,,,,,,,,,,,
2017-08-16 21:00:00,996.3,26.9,74.0,1.1,77.0,2.7,7.0,0.0,,,,,,,,,,2017-08-16T20:30:00,,,,,,,,,,,,,,,,,,
2017-08-16 22:00:00,996.6,26.6,77.0,0.9,57.0,2.1,74.0,0.0,,,,,,,,,,2017-08-16T21:08:00,,,,,,,,,,,,,,,,,,
2017-08-16 23:00:00,996.7,26.3,78.0,0.4,1.0,2.4,28.0,0.0,,,,,,,,,,2017-08-16T22:50:00,,,,,,,,,,,,,,,,,,
2017-08-17 00:00:00,996.5,25.3,82.0,1.4,65.0,2.6,54.0,0.0,,,,,,,,,,2017-08-16T23:23:00,,,,,,,,,,,,,,,,,,
2017-08-17 01:00:00,996.0,25.3,81.0,1.1,41.0,2.7,34.0,0.0,,,,,,,,,,2017-08-17T00:39:00,,,,,,,,,,,,,,,,,,
2017-08-17 02:00:00,995.4,24.5,83.0,1.3,75.0,2.7,52.0,0.0,,,,,,,,,,2017-08-17T01:02:00,,,,,,,,,,,,,,,,,,
2017-08-17 03:00:00,995.3,24.2,84.0,1.2,63.0,2.2,29.0,0.0,,,,,,,,,,2017-08-17T02:09:00,,,,,,,,,,,,,,,,,,
2017-08-17 04:00:00,995.1,23.9,85.0,1.0,71.0,2.4,83.0,0.0,,,,,,,,,,2017-08-17T03:29:00,,,,,,,,,,,,,,,,,,
2017-08-17 05:00:00,995.3,23.2,87.0,1.1,67.0,2.1,75.0,0.0,,,,,,,,,,2017-08-17T04:51:00,,,,,,,,,,,,,,,,,,
2017-08-17 06:00:00,995.9,23.2,85.0,1.3,73.0,2.5,67.0,0.0,,,,,,,,,,2017-08-17T05:50:00,,,,,,,,,,,,,,,,,,
2017-08-17 07:00:00,996.3,26.0,74.0,1.2,80.0,2.8,53.0,0.0,,,,,,,,,,2017-08-17T06:24:00,,,,,,,,,,,,,,,,,,
2017-08-17 08:00:00,996.4,28.6,62.0,1.3,7.0,2.3,80.0,0.0,,,,,,,,,,2017-08-17T07:12:00,,,,,,,,,,,,,,,,,,
2017-08-17 09:00:00,996.5,31.2,53.0,0.8,290.0,2.0,14.0,0.0,,,,,,,,,,2017-08-17T08:43:00,,,,,,,,,,,,,,,,,,
2017-08-17 10:00:00,996.6,32.6,55.0,2.1,198.0,3.7,203.0,0.0,,,,,,,,,,2017-08-17T09:43:00,,,,,,,,,,,,,,,,,,
2017-08-17 11:00:00,996.5,33.0,52.0,1.9,8.0,4.0,241.0,0.0,,,,,,,,,,2017-08-17T10:18:00,,,,,,,,,,,,,,,,,,
2017-08-17 12:00:00,996.3,34.3,53.0,2.1,287.0,4.4,242.0,0.0,,,,,,,,,,2017-08-17T11:38:00,,,,,,,,,,,,,,,,,,
2017-08-17 13:00:00,995.9,34.0,54.0,1.1,248.0,4.8,250.0,0.0,,,,,,,,,,2017-08-17T12:08:00,,,,,,,,,,,,,,,,,,
2017-08-17 14:00:00,995.3,36.0,44.0,1.0,277.0,4.5,276.0,0.0,,,,,,,,,,2017-08-17T13:35:00,,,,,,,,,,,,,,,,,,
2017-08-17 15:00:00,994.8,36.4,48.0,2.6,248.0,4.3,261.0,0.0,,,,,,,,,,2017-08-17T14:48:00,,,,,,,,,,,,,,,,,,
2017-08-17 16:00:00,994.3,34.7,54.0,0.8,285.0,4.2,218.0,0.0,,,,,,,,,,2017-08-17T15:04:00,,,,,,,,,,,,,,,,,,
2017-08-17 17:00:00,994.6,32.5,63.0,2.9,255.0,5.4,244.0,0.0,,,,,,,,,,2017-08-17T16:52:00,,,,,,,,,,,,,,,,,,
2017-08-17 18:00:00,995.6,28.3,83.0,2.0,118.0,6.6,145.0,0.0,,,,,,,,,,2017-08-17T17:24:00,,,,,,,,,,,,,,,,,,
2017-08-17 19:00:00,996.2,27.9,83.0,1.5,44.0,3.3,71.0,0.0,,,,,,,,,,2017-08-17T18:39:00,,,,,,,,,,,,,,,,,,
2017-08-17 20:00:00,996.6,26.9,82.0,1.5,65.0,3.5,62.0,0.0,,,,,,,,,,2017-08-17T19:36:00,,,,,,,,,,,,,,,,,,
2017-08-17 21:00:00,997.3,27.0,83.0,1.0,40.0,3.4,80.0,0.0,,,,,,,,,,2017-08-17T20:05:00,,,,,,,,,,,,,,,,,,
2017-08-17 22:00:00,997.7,26.9,86.0,1.3,63.0,2.7,68.0,0.0,,,,,,,,,,2017-08-17T21:22:00,,,,,,,,,,,,,,,,,,
2017-08-17 23:00:00,998.0,26.9,85.0,1.4,79.0,3.4,6.0,0.0,,,,,,,,,,2017-08-17T22:21:00,,,,,,,,,,,,,,,,,,
2017-08-18 00:00:00,997.8,27.0,85.0,1.5,57.0,3.0,67.0,0.0,,,,,,,,,,2017-08-17T23:18:00,,,,,,,,,,,,,,,,,,
2017-08-18 01:00:00,997.2,26.3,90.0,1.0,95.0,2.7,23.0,0.0,,,,,,,,,,2017-08-18T00:11:00,,,,,,,,,,,,,,,,,,
2017-08-18 02:00:00,996.8,25.7,91.0,1.0,72.0,2.3,54.0,0.0,,,,,,,,,,2017-08-18T01:34:00,,,,,,,,,,,,,,,,,,
2017-08-18 03:00:00,996.6,25.7,91.0,0.7,54.0,2.0,54.0,0.0,,,,,,,,,,2017-08-18T03:00:00,,,,,,,,,,,,,,,,,,
2017-08-18 04:00:00,996.2,25.7,90.0,0.1,0.0,2.2,63.0,0.0,,,,,,,,,,2017-08-18T03:22:00,,,,,,,,,,,,,,,,,,
2017-08-18 05:00:00,996.5,25.0,92.0,0.7,80.0,1.3,67.0,0.0,,,,,,,,,,2017-08-18T04:08:00,,,,,,,,,,,,,,,,,,
2017-08-18 06:00:00,997.1,25.0,92.0,0.9,94.0,1.4,78.0,0.0,,,,,,,,,,2017-08-18T05:35:00,,,,,,,,,,,,,,,,,,
2017-08-18 07:00:00,997.3,27.0,85.0,0.9,78.0,2.3,54.0,0.0,,,,,,,,,,2017-08-18T06:33:00,,,,,,,,,,,,,,,,,,
2017-08-18 08:00:00,997.7,29.6,72.0,0.7,88.0,2.3,98.0,0.0,,,,,,,,,,2017-08-18T07:45:00,,,,,,,,,,,,,,,,,,
2017-08-18 09:00:00,997.9,31.2,64.0,0.9,143.0,1.7,355.0,0.0,,,,,,,,,,2017-08-18T08:11:00,,,,,,,,,,,,,,,,,,
2017-08-18 10:00:00,997.8,33.4,57.0,0.9,249.0,3.7,252.0,0.0,,,,,,,,,,2017-08-18T09:50:00,,,,,,,,,,,,,,,,,,
2017-08-18 11:00:00,997.3,34.9,54.0,2.4,247.0,3.8,265.0,0.0,,,,,,,,,,2017-08-18T10:49:00,,,,,,,,,,,,,,,,,,
2017-08-18 12:00:00,997.0,33.8,57.0,1.8,260.0,3.3,229.0,0.0,,,,,,,,,,2017-08-18T11:59:00,,,,,,,,,,,,,,,,,,
2017-08-18 13:00:00,996.7,36.2,48.0,2.3,257.0,4.9,274.0,0.0,,,,,,,,,,2017-08-18T12:16:00,,,,,,,,,,,,,,,,,,
2017-08-18 14:00:00,996.2,34.6,55.0,2.3,273.0,4.4,256.0,0.0,,,,,,,,,,2017-08-18T13:51:00,,,,,,,,,,,,,,,,,,
2017-08-18 15:00:00,995.9,34.6,56.0,3.4,278.0,7.1,276.0,0.0,,,,,,,,,,2017-08-18T14:57:00,,,,,,,,,,,,,,,,,,
2017-08-18 16:00:00,995.8,34.0,57.0,1.7,270.0,5.9,285.0,0.0,,,,,,,,,,2017-08-18T15:16:00,,,,,,,,,,,,,,,,,,
2017-08-18 17:00:00,995.9,32.6,62.0,1.7,310.0,5.2,292.0,0.0,,,,,,,,,,2017-08-18T16:04:00,,,,,,,,,,,,,,,,,,
2017-08-18 18:00:00,995.9,31.6,63.0,0.7,315.0,4.3,283.0,0.0,,,,,,,,,,2017-08-18T17:18:00,,,,,,,,,,,,,,,,,,
2017-08-18 19:00:00,996.7,30.0,68.0,1.2,265.0,2.6,288.0,0.0,,,,,,,,,,2017-08-18T18:19:00,,,,,,,,,,,,,,,,,,
2017-08-18 20:00:00,997.4,28.7,77.0,0.3,71.0,1.8,289.0,0.0,,,,,,,,,,2017-08-18T19:07:00,,,,,,,,,,,,,,,,,,
2017-08-18 21:00:00,998.1,28.2,78.0,1.0,106.0,2.3,166.0,0.0,,,,,,,,,,2017-08-18T20:39:00,,,,,,,,,,,,,,,,,,
2017-08-18 22:00:00,998.5,28.0,80.0,0.9,82.0,1.7,163.0,0.0,,,,,,,,,,2017-08-18T21:30:00,,,,,,,,,,,,,,,,,,
2017-08-18 23:00:00,998.4,26.7,85.0,1.5,61.0,2.1,54.0,0.0,,,,,,,,,,2017-08-18T22:57:00,,,,,,,,,,,,,,,,,,
2017-08-19 00:00:00,998.2,26.7,87.0,0.9,90.0,2.1,63.0,0.0,,,,,,,,,,2017-08-18T23:03:00,,,,,,,,,,,,,,,,,,
2017-08-19 01:00:00,997.6,26.2,88.0,1.0,79.0,2.0,66.0,0.0,,,,,,,,,,2017-08-19T00:15:00,,,,,,,,,,,,,,,,,,
2017-08-19 02:00:00,997.5,25.9,90.0,1.5,66.0,2.0,64.0,0.0,,,,,,,,,,2017-08-19T01:54:00,,,,,,,,,,,,,,,,,,
2017-08-19 03:00:00,997.1,26.6,86.0,1.1,52.0,3.0,63.0,0.0,,,,,,,,,,2017-08-19T02:15:00,,,,,,,,,,,,,,,,,,
2017-08-19 04:00:00,996.9,26.3,87.0,1.2,73.0,2.6,38.0,0.0,,,,,,,,,,2017-08-19T03:21:00,,,,,,,,,,,,,,,,,,
2017-08-19 05:00:00,997.0,26.6,86.0,0.6,66.0,2.9,70.0,0.0,,,,,,,,,,2017-08-19T04:23:00,,,,,,,,,,,,,,,,,,
2017-08-19 06:00:00,997.1,26.6,86.0,0.6,29.0,2.6,60.0,0.0,,,,,,,,,,2017-08-19T05:16:00,,,,,,,,,,,,,,,,,,
2017-08-19 07:00:00,997.2,27.8,80.0,1.5,26.0,3.0,74.0,0.0,,,,,,,,,,2017-08-19T06:48:00,,,,,,,,,,,,,,,,,,
2017-08-19 08:00:00,997.3,30.6,67.0,0.9,66.0,2.2,67.0,0.0,,,,,,,,,,2017-08-19T07:34:00,,,,,,,,,,,,,,,,,,
2017-08-19 09:00:00,997.1,31.9,60.0,0.5,89.0,2.1,35.0,0.0,,,,,,,,,,2017-08-19T08:44:00,,,,,,,,,,,,,,,,,,
2017-08-19 10:00:00,996.9,33.9,51.0,0.8,299.0,3.7,255.0,0.0,,,,,,,,,,2017-08-19T09:40:00,,,,,,,,,,,,,,,,,,
2017-08-19 11:00:00,996.6,34.9,50.0,1.3,289.0,4.4,284.0,0.0,,,,,,,,,,2017-08-19T10:52:00,,,,,,,,,,,,,,,,,,
2017-08-19 12:00:00,996.2,35.5,48.0,1.9,288.0,5.2,246.0,0.0,,,,,,,,,,2017-08-19T11:09:00,,,,,,,,,,,,,,,,,,
2017-08-19 13:00:00,995.5,35.8,48.0,2.5,279.0,5.7,271.0,0.0,,,,,,,,,,2017-08-19T12:41:00,,,,,,,,,,,,,,,,,,
2017-08-19 14:00:00,995.0,36.8,45.0,2.2,290.0,5.7,279.0,0.0,,,,,,,,,,2017-08-19T13:09:00,,,,,,,,,,,,,,,,,,
2017-08-19 15:00:00,994.3,35.5,51.0,2.2,289.0,5.8,292.0,0.0,,,,,,,,,,2017-08-19T14:36:00,,,,,,,,,,,,,,,,,,
2017-08-19 16:00:00,994.3,35.1,53.0,1.1,321.0,5.3,283.0,0.0,,,,,,,,,,2017-08-19T15:31:00,,,,,,,,,,,,,,,,,,
2017-08-19 17:00:00,994.1,33.7,57.0,2.0,2.0,4.4,299.0,0.0,,,,,,,,,,2017-08-19T16:18:00,,,,,,,,,,,,,,,,,,
2017-08-19 18:00:00,994.6,32.2,62.0,0.9,290.0,4.1,28.0,0.0,,,,,,,,,,2017-08-19T17:06:00,,,,,,,,,,,,,,,,,,
2017-08-19 19:00:00,995.2,29.3,74.0,2.5,139.0,6.5,163.0,0.0,,,,,,,,,,2017-08-19T18:38:00,,,,,,,,,,,,,,,,,,
2017-08-19 20:00:00,995.7,28.9,76.0,1.7,128.0,4.0,121.0,0.0,,,,,,,,,,2017-08-19T19:05:00,,,,,,,,,,,,,,,,,,
2017-08-19 21:00:00,996.1,28.6,79.0,1.5,149.0,3.3,149.0,0.0,,,,,,,,,,2017-08-19T20:01:00,,,,,,,,,,,,,,,,,,
2017-08-19 22:00:00,996.4,28.1,82.0,0.9,81.0,2.1,150.0,0.0,,,,,,,,,,2017-08-19T21:01:00,,,,,,,,,,,,,,,,,,
2017-08-19 23:00:00,996.3,27.3,86.0,1.2,78.0,2.0,76.0,0.0,,,,,,,,,,2017-08-19T22:34:00,,,,,,,,,,,,,,,,,,
2017-08-20 00:00:00,996.1,26.9,88.0,1.2,79.0,2.4,62.0,0.0,,,,,,,,,,2017-08-19T23:18:00,,,,,,,,,,,,,,,,,,
2017-08-20 01:00:00,995.8,27.5,85.0,0.3,351.0,2.3,51.0,0.0,,,,,,,,,,2017-08-20T00:29:00,,,,,,,,,,,,,,,,,,
2017-08-20 02:00:00,995.0,27.0,88.0,0.9,72.0,2.1,59.0,0.0,,,,,,,,,,2017-08-20T01:42:00,,,,,,,,,,,,,,,,,,
2017-08-20 03:00:00,994.3,26.9,88.0,0.8,22.0,2.0,71.0,0.0,,,,,,,,,,2017-08-20T02:26:00,,,,,,,,,,,,,,,,,,
2017-08-20 04:00:00,994.5,26.8,89.0,0.5,40.0,1.7,82.0,0.0,,,,,,,,,,2017-08-20T03:21:00,,,,,,,,,,,,,,,,,,
2017-08-20 05:00:00,994.8,27.1,86.0,0.9,72.0,2.2,2.0,0.0,,,,,,,,,,2017-08-20T04:41:00,,,,,,,,,,,,,,,,,,
2017-08-20 06:00:00,994.9,26.9,88.0,0.8,84.0,2.2,36.0,0.0,,,,,,,,,,2017-08-20T05:40:00,,,,,,,,,,,,,,,,,,
2017-08-20 07:00:00,995.1,27.0,88.0,0.6,58.0,3.6,45.0,0.0,,,,,,,,,,2017-08-20T06:46:00,,,,,,,,,,,,,,,,,,
2017-08-20 08:00:00,995.1,29.4,78.0,1.0,71.0,2.3,81.0,0.0,,,,,,,,,,2017-08-20T07:49:00,,,,,,,,,,,,,,,,,,
2017-08-20 09:00:00,994.8,30.9,69.0,0.8,328.0,2.3,287.0,0.0,,,,,,,,,,2017-08-20T08:51:00,,,,,,,,,,,,,,,,,,
2017-08-20 10:00:00,994.6,33.0,58.0,1.5,337.0,4.1,360.0,0.0,,,,,,,,,,2017-08-20T09:44:00,,,,,,,,,,,,,,,,,,
2017-08-20 11:00:00,994.0,33.8,52.0,1.4,341.0,5.3,3.0,0.0,,,,,,,,,,2017-08-20T10:41:00,,,,,,,,,,,,,,,,,,
2017-08-20 12:00:00,993.2,35.2,49.0,1.4,311.0,4.4,279.0,0.0,,,,,,,,,,2017-08-20T11:55:00,,,,,,,,,,,,,,,,,,
2017-08-20 13:00:00,992.6,36.2,48.0,1.5,308.0,6.5,32.0,0.0,,,,,,,,,,2017-08-20T12:10:00,,,,,,,,,,,,,,,,,,
2017-08-20 14:00:00,992.0,36.2,49.0,2.1,284.0,6.2,272.0,0.0,,,,,,,,,,2017-08-20T13:26:00,,,,,,,,,,,,,,,,,,
2017-08-20 15:00:00,991.3,36.1,52.0,1.6,309.0,6.1,289.0,0.0,,,,,,,,,,2017-08-20T14:13:00,,,,,,,,,,,,,,,,,,
2017-08-20 16:00:00,990.6,34.9,53.0,1.2,302.0,7.0,296.0,0.0,,,,,,,,,,2017-08-20T15:17:00,,,,,,,,,,,,,,,,,,
2017-08-20 17:00:00,990.6,32.9,57.0,1.5,291.0,5.7,291.0,0.0,,,,,,,,,,2017-08-20T16:13:00,,,,,,,,,,,,,,,,,,
2017-08-20 18:00:00,991.0,31.4,63.0,1.9,247.0,3.7,293.0,0.0,,,,,,,,,,2017-08-20T17:22:00,,,,,,,,,,,,,,,,,,
2017-08-20 19:00:00,991.6,29.7,72.0,2.4,213.0,3.4,206.0,0.0,,,,,,,,,,2017-08-20T18:55:00,,,,,,,,,,,,,,,,,,
2017-08-20 20:00:00,991.9,28.6,77.0,1.5,202.0,3.3,242.0,0.0,,,,,,,,,,2017-08-20T19:27:00,,,,,,,,,,,,,,,,,,
2017-08-20 21:00:00,992.2,28.5,78.0,0.5,307.0,2.0,220.0,0.0,,,,,,,,,,2017-08-20T20:03:00,,,,,,,,,,,,,,,,,,
2017-08-20 22:00:00,992.0,27.4,84.0,0.5,118.0,1.6,98.0,0.0,,,,,,,,,,2017-08-20T21:40:00,,,,,,,,,,,,,,,,,,
2017-08-20 23:00:00,992.1,27.1,85.0,1.2,108.0,1.9,102.0,0.0,,,,,,,,,,2017-08-20T22:57:00,,,,,,,,,,,,,,,,,,
2017-08-21 00:00:00,992.0,27.2,85.0,0.6,319.0,2.1,4.0,0.0,,,,,,,,,,2017-08-20T23:44:00,,,,,,,,,,,,,,,,,,
2017-08-21 01:00:00,991.6,27.2,86.0,0.3,168.0,1.5,160.0,0.0,,,,,,,,,,2017-08-21T00:30:00,,,,,,,,,,,,,,,,,,
2017-08-21 02:00:00,991.2,26.6,88.0,0.8,67.0,1.9,105.0,0.0,,,,,,,,,,2017-08-21T01:05:00,,,,,,,,,,,,,,,,,,
2017-08-21 03:00:00,990.6,26.3,89.0,0.6,115.0,1.8,4.0,0.0,,,,,,,,,,2017-08-21T02:21:00,,,,,,,,,,,,,,,,,,
2017-08-21 04:00:00,989.9,26.4,90.0,1.1,90.0,1.6,287.0,0.0,,,,,,,,,,2017-08-21T03:37:00,,,,,,,,,,,,,,,,,,
2017-08-21 05:00:00,989.5,25.9,91.0,0.4,339.0,1.9,82.0,0.0,,,,,,,,,,2017-08-21T04:05:00,,,,,,,,,,,,,,,,,,
2017-08-21 06:00:00,989.4,25.5,92.0,0.5,106.0,1.3,1.0,0.0,,,,,,,,,,2017-08-21T05:33:00,,,,,,,,,,,,,,,,,,
2017-08-21 07:00:00,990.0,27.1,85.0,1.0,65.0,1.9,92.0,0.0,,,,,,,,,,2017-08-21T06:05:00,,,,,,,,,,,,,,,,,,
2017-08-21 08:00:00,990.2,28.3,77.0,0.8,9.0,1.9,351.0,0.0,,,,,,,,,,2017-08-21T07:12:00,,,,,,,,,,,,,,,,,,
2017-08-21 09:00:00,990.0,29.7,73.0,0.6,301.0,2.1,92.0,0.0,,,,,,,,,,2017-08-21T08:15:00,,,,,,,,,,,,,,,,,,
2017-08-21 10:00:00,989.5,31.6,64.0,0.8,300.0,2.2,154.0,0.0,,,,,,,,,,2017-08-21T09:47:00,,,,,,,,,,,,,,,,,,
2017-08-21 11:00:00,989.2,30.6,68.0,1.4,185.0,3.2,199.0,0.0,,,,,,,,,,2017-08-21T10:59:00,,,,,,,,,,,,,,,,,,
2017-08-21 12:00:00,988.6,31.0,68.0,1.2,117.0,3.5,121.0,0.0,,,,,,,,,,2017-08-21T11:32:00,,,,,,,,,,,,,,,,,,
2017-08-21 13:00:00,987.4,30.6,71.0,2.3,206.0,3.6,216.0,0.0,,,,,,,,,,2017-08-21T12:54:00,,,,,,,,,,,,,,,,,,
2017-08-21 14:00:00,986.8,31.3,68.0,1.2,170.0,2.9,180.0,0.0,,,,,,,,,,2017-08-21T14:00:00,,,,,,,,,,,,,,,,,,
2017-08-21 15:00:00,985.8,32.9,63.0,2.0,233.0,3.2,176.0,0.0,,,,,,,,,,2017-08-21T14:01:00,,,,,,,,,,,,,,,,,,
2017-08-21 16:00:00,985.1,33.6,55.0,1.3,329.0,3.1,285.0,0.0,,,,,,,,,,2017-08-21T15:45:00,,,,,,,,,,,,,,,,,,
2017-08-21 17:00:00,984.6,31.8,66.0,0.8,293.0,3.7,269.0,0.0,,,,,,,,,,2017-08-21T16:18:00,,,,,,,,,,,,,,,,,,
2017-08-21 18:00:00,984.3,30.8,71.0,0.5,61.0,3.0,281.0,0.0,,,,,,,,,,2017-08-21T17:01:00,,,,,,,,,,,,,,,,,,
2017-08-21 19:00:00,984.5,29.4,80.0,0.8,118.0,1.9,106.0,0.0,,,,,,,,,,2017-08-21T18:19:00,,,,,,,,,,,,,,,,,,
2017-08-21 20:00:00,984.8,28.3,83.0,1.0,88.0,1.6,99.0,0.0,,,,,,,,,,2017-08-21T19:53:00,,,,,,,,,,,,,,,,,,
2017-08-21 21:00:00,985.0,28.0,82.0,0.5,10.0,1.9,52.0,0.0,,,,,,,,,,2017-08-21T20:28:00,,,,,,,,,,,,,,,,,,
2017-08-21 22:00:00,985.4,27.7,83.0,0.7,62.0,1.5,61.0,0.0,,,,,,,,,,2017-08-21T21:43:00,,,,,,,,,,,,,,,,,,
2017-08-21 23:00:00,984.8,27.3,84.0,1.3,27.0,3.4,354.0,0.0,,,,,,,,,,2017-08-21T22:51:00,,,,,,,,,,,,,,,,,,
2017-08-22 00:00:00,984.0,27.2,84.0,1.4,50.0,3.7,58.0,0.0,,,,,,,,,,2017-08-21T23:02:00,,,,,,,,,,,,,,,,,,
2017-08-22 01:00:00,982.5,27.1,85.0,0.9,40.0,3.0,71.0,0.0,,,,,,,,,,2017-08-22T00:08:00,,,,,,,,,,,,,,,,,,
2017-08-22 02:00:00,981.9,27.1,84.0,1.2,15.0,3.2,77.0,0.0,,,,,,,,,,2017-08-22T01:06:00,,,,,,,,,,,,,,,,,,
2017-08-22 03:00:00,981.8,26.6,86.0,1.3,50.0,2.9,16.0,0.0,,,,,,,,,,2017-08-22T02:23:00,,,,,,,,,,,,,,,,,,
2017-08-22 04:00:00,982.4,26.6,88.0,0.8,43.0,2.4,71.0,0.0,,,,,,,,,,2017-08-22T03:03:00,,,,,,,,,,,,,,,,,,
2017-08-22 05:00:00,982.3,26.6,86.0,0.5,338.0,3.0,61.0,0.0,,,,,,,,,,2017-08-22T04:38:00,,,,,,,,,,,,,,,,,,
2017-08-22 06:00:00,983.3,25.9,92.0,1.2,196.0,2.5,220.0,0.0,,,,,,,,,,2017-08-22T05:42:00,,,,,,,,,,,,,,,,,,
2017-08-22 07:00:00,984.1,26.3,89.0,0.5,295.0,2.6,53.0,0.0,,,,,,,,,,2017-08-22T06:28:00,,,,,,,,,,,,,,,,,,
2017-08-22 08:00:00,985.1,28.1,80.0,0.9,64.0,2.8,66.0,0.0,,,,,,,,,,2017-08-22T07:39:00,,,,,,,,,,,,,,,,,,
2017-08-22 09:00:00,985.3,30.8,72.0,2.5,215.0,4.5,206.0,0.0,,,,,,,,,,2017-08-22T08:57:00,,,,,,,,,,,,,,,,,,
2017-08-22 10:00:00,985.3,31.2,69.0,1.0,170.0,3.6,187.0,0.0,,,,,,,,,,2017-08-22T09:07:00,,,,,,,,,,,,,,,,,,
2017-08-22 11:00:00,985.7,31.1,67.0,2.0,204.0,3.7,240.0,0.0,,,,,,,,,,2017-08-22T10:40:00,,,,,,,,,,,,,,,,,,
2017-08-22 12:00:00,985.9,29.6,79.0,2.6,208.0,4.8,207.0,0.0,,,,,,,,,,2017-08-22T11:56:00,,,,,,,,,,,,,,,,,,
2017-08-22 13:00:00,986.1,31.4,66.0,1.1,86.0,5.2,223.0,0.0,,,,,,,,,,2017-08-22T12:16:00,,,,,,,,,,,,,,,,,,
2017-08-22 14:00:00,985.3,33.2,63.0,1.3,359.0,3.8,3.0,0.0,,,,,,,,,,2017-08-22T13:38:00,,,,,,,,,,,,,,,,,,
2017-08-22 15:00:00,986.4,30.6,67.0,5.3,195.0,9.8,225.0,0.0,,,,,,,,,,2017-08-22T14:52:00,,,,,,,,,,,,,,,,,,
2017-08-22 16:00:00,986.7,27.6,76.0,2.5,242.0,8.7,214.0,0.0,,,,,,,,,,2017-08-22T15:18:00,,,,,,,,,,,,,,,,,,
2017-08-22 17:00:00,987.2,25.6,89.0,0.2,0.0,3.6,267.0,1.5,,,,,,,,,,2017-08-22T16:01:00,,,,,,,,,,,,,,,,,,
2017-08-22 18:00:00,987.9,25.5,92.0,0.8,235.0,3.4,13.0,1.5,,,,,,,,,,2017-08-22T17:36:00,,,,,,,,,,,,,,,,,,
2017-08-22 19:00:00,989.1,25.4,94.0,0.9,195.0,1.8,212.0,1.0,,,,,,,,,,2017-08-22T18:40:00,,,,,,,,,,,,,,,,,,
2017-08-22 20:00:00,989.2,25.4,93.0,1.3,57.0,3.1,4.0,0.0,,,,,,,,,,2017-08-22T19:36:00,,,,,,,,,,,,,,,,,,
2017-08-22 21:00:00,989.9,25.1,94.0,1.9,194.0,2.6,208.0,0.0,,,,,,,,,,2017-08-22T20:57:00,,,,,,,,,,,,,,,,,,
2017-08-22 22:00:00,990.1,25.3,93.0,1.3,15.0,2.1,7.0,0.0,,,,,,,,,,2017-08-22T21:59:00,,,,,,,,,,,,,,,,,,
2017-08-22 23:00:00,990.9,25.2,94.0,1.3,19.0,2.3,7.0,0.5,,,,,,,,,,2017-08-22T22:57:00,,,,,,,,,,,,,,,,,,
2017-08-23 00:00:00,990.4,25.0,92.0,1.2,54.0,2.9,43.0,0.0,,,,,,,,,,2017-08-22T23:54:00,,,,,,,,,,,,,,,,,,
2017-08-23 01:00:00,990.8,24.4,92.0,0.7,279.0,2.8,39.0,0.0,,,,,,,,,,2017-08-23T00:02:00,,,,,,,,,,,,,,,,,,
2017-08-23 02:00:00,991.1,24.4,92.0,1.4,159.0,3.5,80.0,0.0,,,,,,,,,,2017-08-23T01:45:00,,,,,,,,,,,,,,,,,,
2017-08-23 03:00:00,991.8,25.0,90.0,1.5,20.0,2.5,355.0,0.0,,,,,,,,,,2017-08-23T02:58:00,,,,,,,,,,,,,,,,,,
2017-08-23 04:00:00,991.3,24.8,89.0,1.9,65.0,3.7,56.0,0.0,,,,,,,,,,2017-08-23T03:11:00,,,,,,,,,,,,,,,,,,
2017-08-23 05:00:00,991.1,24.8,89.0,0.8,36.0,3.6,60.0,0.0,,,,,,,,,,2017-08-23T04:07:00,,,,,,,,,,,,,,,,,,
2017-08-23 06:00:00,991.5,25.0,85.0,1.9,43.0,4.0,33.0,0.0,,,,,,,,,,2017-08-23T05:21:00,,,,,,,,,,,,,,,,,,
2017-08-23 07:00:00,992.5,26.4,83.0,0.6,232.0,2.8,54.0,0.0,,,,,,,,,,2017-08-23T06:01:00,,,,,,,,,,,,,,,,,,
2017-08-23 08:00:00,993.4,27.1,79.0,1.2,56.0,2.4,17.0,0.0,,,,,,,,,,2017-08-23T07:10:00,,,,,,,,,,,,,,,,,,
2017-08-23 09:00:00,993.7,29.4,72.0,0.9,63.0,2.3,26.0,0.0,,,,,,,,,,2017-08-23T08:08:00,,,,,,,,,,,,,,,,,,
2017-08-23 10:00:00,993.8,30.1,70.0,0.9,343.0,2.2,86.0,0.0,,,,,,,,,,2017-08-23T09:25:00,,,,,,,,,,,,,,,,,,
2017-08-23 11:00:00,994.0,29.2,77.0,0.8,128.0,2.0,59.0,0.0,,,,,,,,,,2017-08-23T10:30:00,,,,,,,,,,,,,,,,,,
2017-08-23 12:00:00,994.1,31.7,65.0,1.8,8.0,2.9,225.0,0.0,,,,,,,,,,2017-08-23T11:42:00,,,,,,,,,,,,,,,,,,
2017-08-23 13:00:00,993.9,31.6,61.0,3.2,184.0,5.6,192.0,0.0,,,,,,,,,,2017-08-23T12:54:00,,,,,,,,,,,,,,,,,,
2017-08-23 14:00:00,993.0,31.6,62.0,0.5,238.0,7.0,206.0,0.0,,,,,,,,,,2017-08-23T13:02:00,,,,,,,,,,,,,,,,,,
2017-08-23 15:00:00,992.8,33.6,57.0,2.2,242.0,4.8,230.0,0.0,,,,,,,,,,2017-08-23T15:00:00,,,,,,,,,,,,,,,,,,
2017-08-23 16:00:00,993.2,32.2,58.0,1.0,238.0,5.2,223.0,0.0,,,,,,,,,,2017-08-23T15:02:00,,,,,,,,,,,,,,,,,,
2017-08-23 17:00:00,993.0,32.9,59.0,2.0,252.0,3.7,217.0,0.0,,,,,,,,,,2017-08-23T16:46:00,,,,,,,,,,,,,,,,,,
2017-08-23 18:00:00,993.7,30.2,65.0,3.0,218.0,4.6,225.0,0.0,,,,,,,,,,2017-08-23T17:46:00,,,,,,,,,,,,,,,,,,
2017-08-23 19:00:00,994.8,28.9,72.0,1.7,211.0,4.2,195.0,0.0,,,,,,,,,,2017-08-23T18:13:00,,,,,,,,,,,,,,,,,,
2017-08-23 20:00:00,995.7,27.8,81.0,1.1,80.0,2.2,218.0,0.0,,,,,,,,,,2017-08-23T19:03:00,,,,,,,,,,,,,,,,,,
2017-08-23 21:00:00,996.1,27.2,82.0,0.8,48.0,2.4,69.0,0.0,,,,,,,,,,2017-08-23T20:44:00,,,,,,,,,,,,,,,,,,
2017-08-23 22:00:00,996.8,27.2,82.0,0.6,44.0,2.6,60.0,0.0,,,,,,,,,,2017-08-23T21:02:00,,,,,,,,,,,,,,,,,,
2017-08-23 23:00:00,997.2,27.0,83.0,0.7,56.0,2.3,38.0,0.0,,,,,,,,,,2017-08-23T22:46:00,,,,,,,,,,,,,,,,,,
2017-08-24 00:00:00,997.2,26.6,84.0,1.4,67.0,2.4,73.0,0.0,,,,,,,,,,2017-08-23T23:53:00,,,,,,,,,,,,,,,,,,
2017-08-24 01:00:00,996.9,26.5,84.0,0.8,65.0,2.3,93.0,0.0,,,,,,,,,,2017-08-24T00:20:00,,,,,,,,,,,,,,,,,,
2017-08-24 02:00:00,996.4,26.3,86.0,1.1,66.0,2.4,73.0,0.0,,,,,,,,,,2017-08-24T01:15:00,,,,,,,,,,,,,,,,,,
2017-08-24 03:00:00,996.4,26.0,87.0,1.2,81.0,2.6,81.0,0.0,,,,,,,,,,2017-08-24T02:34:00,,,,,,,,,,,,,,,,,,
2017-08-24 04:00:00,996.4,26.4,84.0,0.1,0.0,2.6,63.0,0.0,,,,,,,,,,2017-08-24T03:28:00,,,,,,,,,,,,,,,,,,
2017-08-24 05:00:00,996.8,25.7,89.0,1.0,189.0,1.8,213.0,0.0,,,,,,,,,,2017-08-24T04:54:00,,,,,,,,,,,,,,,,,,
2017-08-24 06:00:00,997.4,25.8,91.0,0.6,30.0,1.5,73.0,0.0,,,,,,,,,,2017-08-24T06:00:00,,,,,,,,,,,,,,,,,,
2017-08-24 07:00:00,997.3,25.4,94.0,0.5,7.0,2.1,63.0,3.0,,,,,,,,,,2017-08-24T06:05:00,,,,,,,,,,,,,,,,,,
2017-08-24 08:00:00,997.7,26.1,93.0,0.3,327.0,2.2,149.0,0.5,,,,,,,,,,2017-08-24T07:23:00,,,,,,,,,,,,,,,,,,
2017-08-24 09:00:00,997.3,28.5,83.0,1.3,222.0,2.0,207.0,0.0,,,,,,,,,,2017-08-24T08:57:00,,,,,,,,,,,,,,,,,,
2017-08-24 10:00:00,997.3,29.7,79.0,2.4,214.0,3.9,224.0,0.0,,,,,,,,,,2017-08-24T09:12:00,,,,,,,,,,,,,,,,,,
2017-08-24 11:00:00,997.4,30.5,76.0,2.5,220.0,4.5,231.0,0.0,,,,,,,,,,2017-08-24T10:07:00,,,,,,,,,,,,,,,,,,
2017-08-24 12:00:00,997.0,31.4,74.0,2.0,211.0,4.7,195.0,0.0,,,,,,,,,,2017-08-24T11:30:00,,,,,,,,,,,,,,,,,,
2017-08-24 13:00:00,996.5,32.8,68.0,2.4,196.0,5.0,244.0,0.0,,,,,,,,,,2017-08-24T12:01:00,,,,,,,,,,,,,,,,,,
2017-08-24 14:00:00,995.7,30.9,71.0,2.8,220.0,4.6,210.0,0.0,,,,,,,,,,2017-08-24T13:29:00,,,,,,,,,,,,,,,,,,
2017-08-24 15:00:00,996.1,27.7,79.0,1.2,10.0,4.5,351.0,1.0,,,,,,,,,,2017-08-24T14:50:00,,,,,,,,,,,,,,,,,,
2017-08-24 16:00:00,996.5,24.7,94.0,1.8,233.0,7.9,263.0,29.0,,,,,,,,,,2017-08-24T15:31:00,,,,,,,,,,,,,,,,,,
2017-08-24 17:00:00,996.8,24.6,94.0,2.0,67.0,3.3,62.0,5.5,,,,,,,,,,2017-08-24T16:57:00,,,,,,,,,,,,,,,,,,
2017-08-24 18:00:00,996.6,24.7,94.0,0.1,0.0,3.0,52.0,4.0,,,,,,,,,,2017-08-24T17:01:00,,,,,,,,,,,,,,,,,,
2017-08-24 19:00:00,996.3,24.6,94.0,1.2,204.0,1.7,146.0,0.0,,,,,,,,,,2017-08-24T18:06:00,,,,,,,,,,,,,,,,,,
2017-08-24 20:00:00,996.7,24.5,95.0,0.0,0.0,1.8,224.0,0.0,,,,,,,,,,2017-08-24T19:02:00,,,,,,,,,,,,,,,,,,
2017-08-24 21:00:00,997.4,24.8,95.0,0.9,73.0,2.0,9.0,0.0,,,,,,,,,,2017-08-24T20:34:00,,,,,,,,,,,,,,,,,,
2017-08-24 22:00:00,997.8,24.7,95.0,1.0,97.0,1.4,146.0,0.0,,,,,,,,,,2017-08-24T21:03:00,,,,,,,,,,,,,,,,,,
2017-08-24 23:00:00,997.7,24.6,95.0,0.6,74.0,1.4,98.0,0.0,,,,,,,,,,2017-08-24T22:02:00,,,,,,,,,,,,,,,,,,
2017-08-25 00:00:00,997.0,24.2,96.0,0.2,0.0,1.6,62.0,0.0,,,,,,,,,,2017-08-24T23:24:00,,,,,,,,,,,,,,,,,,
2017-08-25 01:00:00,997.0,24.0,96.0,1.2,79.0,1.6,89.0,0.0,,,,,,,,,,2017-08-25T01:00:00,,,,,,,,,,,,,,,,,,
2017-08-25 02:00:00,996.1,24.2,94.0,0.8,44.0,2.1,68.0,0.0,,,,,,,,,,2017-08-25T01:32:00,,,,,,,,,,,,,,,,,,
2017-08-25 03:00:00,995.7,23.7,95.0,0.7,94.0,1.4,345.0,0.0,,,,,,,,,,2017-08-25T02:08:00,,,,,,,,,,,,,,,,,,
2017-08-25 04:00:00,995.1,23.5,94.0,1.3,64.0,2.0,10.0,0.0,,,,,,,,,,2017-08-25T03:15:00,,,,,,,,,,,,,,,,,,
2017-08-25 05:00:00,995.1,23.4,95.0,0.8,56.0,1.9,54.0,0.0,,,,,,,,,,2017-08-25T04:03:00,,,,,,,,,,,,,,,,,,
2017-08-25 06:00:00,995.3,23.1,95.0,0.3,95.0,1.8,11.0,0.0,,,,,,,,,,2017-08-25T05:25:00,,,,,,,,,,,,,,,,,,
2017-08-25 07:00:00,995.8,24.2,91.0,0.8,356.0,1.7,327.0,0.0,,,,,,,,,,2017-08-25T06:51:00,,,,,,,,,,,,,,,,,,
2017-08-25 08:00:00,996.3,27.5,77.0,0.9,110.0,2.2,4.0,0.0,,,,,,,,,,2017-08-25T07:32:00,,,,,,,,,,,,,,,,,,
2017-08-25 09:00:00,996.2,29.2,70.0,1.1,304.0,2.3,258.0,0.0,,,,,,,,,,2017-08-25T08:58:00,,,,,,,,,,,,,,,,,,
2017-08-25 10:00:00,996.1,30.3,72.0,2.3,226.0,4.1,256.0,0.0,,,,,,,,,,2017-08-25T09:51:00,,,,,,,,,,,,,,,,,,
2017-08-25 11:00:00,995.5,30.3,70.0,1.3,216.0,4.4,229.0,0.0,,,,,,,,,,2017-08-25T10:12:00,,,,,,,,,,,,,,,,,,
2017-08-25 12:00:00,994.8,32.5,63.0,1.9,261.0,3.5,301.0,0.0,,,,,,,,,,2017-08-25T11:21:00,,,,,,,,,,,,,,,,,,
2017-08-25 13:00:00,994.2,33.3,58.0,0.7,221.0,3.8,241.0,0.0,,,,,,,,,,2017-08-25T12:41:00,,,,,,,,,,,,,,,,,,
2017-08-25 14:00:00,993.5,34.5,57.0,1.4,243.0,4.0,258.0,0.0,,,,,,,,,,2017-08-25T13:52:00,,,,,,,,,,,,,,,,,,
2017-08-25 15:00:00,993.2,33.3,60.0,0.7,292.0,3.9,296.0,0.0,,,,,,,,,,2017-08-25T14:11:00,,,,,,,,,,,,,,,,,,
2017-08-25 16:00:00,992.6,33.6,65.0,2.7,285.0,5.2,293.0,0.0,,,,,,,,,,2017-08-25T15:58:00,,,,,,,,,,,,,,,,,,
2017-08-25 17:00:00,992.8,30.9,75.0,0.7,315.0,5.5,281.0,0.0,,,,,,,,,,2017-08-25T16:28:00,,,,,,,,,,,,,,,,,,
2017-08-25 18:00:00,993.2,29.4,81.0,0.9,166.0,3.2,3.0,0.0,,,,,,,,,,2017-08-25T17:14:00,,,,,,,,,,,,,,,,,,
2017-08-25 19:00:00,993.6,28.6,85.0,1.0,193.0,2.2,200.0,0.0,,,,,,,,,,2017-08-25T18:45:00,,,,,,,,,,,,,,,,,,
2017-08-25 20:00:00,994.7,28.2,86.0,1.4,116.0,2.2,182.0,0.0,,,,,,,,,,2017-08-25T19:37:00,,,,,,,,,,,,,,,,,,
2017-08-25 21:00:00,995.5,27.8,86.0,0.7,106.0,2.0,159.0,0.0,,,,,,,,,,2017-08-25T20:35:00,,,,,,,,,,,,,,,,,,
2017-08-25 22:00:00,995.7,27.4,87.0,0.8,90.0,2.1,60.0,0.0,,,,,,,,,,2017-08-25T21:23:00,,,,,,,,,,,,,,,,,,
2017-08-25 23:00:00,995.4,26.9,89.0,0.5,29.0,2.4,12.0,0.0,,,,,,,,,,2017-08-25T22:50:00,,,,,,,,,,,,,,,,,,
2017-08-26 00:00:00,994.6,26.3,90.0,0.9,76.0,2.7,65.0,0.0,,,,,,,,,,2017-08-25T23:07:00,,,,,,,,,,,,,,,,,,
2017-08-26 01:00:00,994.3,25.8,91.0,0.8,165.0,2.3,96.0,0.0,,,,,,,,,,2017-08-26T00:37:00,,,,,,,,,,,,,,,,,,
2017-08-26 02:00:00,994.2,25.7,93.0,0.0,0.0,1.8,141.0,0.0,,,,,,,,,,2017-08-26T01:28:00,,,,,,,,,,,,,,,,,,
2017-08-26 03:00:00,994.0,25.8,91.0,1.1,39.0,2.0,59.0,0.0,,,,,,,,,,2017-08-26T02:55:00,,,,,,,,,,,,,,,,,,
2017-08-26 04:00:00,993.6,25.6,92.0,1.0,52.0,2.7,346.0,0.0,,,,,,,,,,2017-08-26T03:43:00,,,,,,,,,,,,,,,,,,
2017-08-26 05:00:00,993.8,25.5,93.0,1.1,98.0,2.5,13.0,0.0,,,,,,,,,,2017-08-26T04:08:00,,,,,,,,,,,,,,,,,,
2017-08-26 06:00:00,994.0,25.4,94.0,1.2,78.0,2.1,173.0,0.5,,,,,,,,,,2017-08-26T05:09:00,,,,,,,,,,,,,,,,,,
2017-08-26 07:00:00,994.2,25.9,92.0,0.7,64.0,2.2,3.0,0.0,,,,,,,,,,2017-08-26T06:38:00,,,,,,,,,,,,,,,,,,
2017-08-26 08:00:00,994.8,28.4,80.0,0.6,3.0,3.0,5.0,0.0,,,,,,,,,,2017-08-26T07:42:00,,,,,,,,,,,,,,,,,,
2017-08-26 09:00:00,994.9,29.8,73.0,0.3,135.0,2.8,354.0,0.0,,,,,,,,,,2017-08-26T08:14:00,,,,,,,,,,,,,,,,,,
2017-08-26 10:00:00,994.8,31.8,70.0,2.0,223.0,3.9,217.0,0.0,,,,,,,,,,2017-08-26T09:58:00,,,,,,,,,,,,,,,,,,
2017-08-26 11:00:00,994.7,31.8,70.0,2.3,202.0,4.5,218.0,0.0,,,,,,,,,,2017-08-26T10:28:00,,,,,,,,,,,,,,,,,,
2017-08-26 12:00:00,994.3,31.4,71.0,2.1,194.0,5.2,213.0,0.0,,,,,,,,,,2017-08-26T11:19:00,,,,,,,,,,,,,,,,,,
2017-08-26 13:00:00,993.5,31.7,70.0,2.1,243.0,4.2,245.0,0.0,,,,,,,,,,2017-08-26T12:21:00,,,,,,,,,,,,,,,,,,
2017-08-26 14:00:00,992.9,31.3,73.0,1.2,227.0,3.4,220.0,0.0,,,,,,,,,,2017-08-26T13:22:00,,,,,,,,,,,,,,,,,,
2017-08-26 15:00:00,993.5,31.7,75.0,2.1,233.0,4.6,238.0,0.0,,,,,,,,,,2017-08-26T15:00:00,,,,,,,,,,,,,,,,,,
2017-08-26 16:00:00,993.3,29.9,82.0,2.5,231.0,4.6,221.0,0.0,,,,,,,,,,2017-08-26T15:51:00,,,,,,,,,,,,,,,,,,
2017-08-26 17:00:00,993.5,30.3,77.0,1.6,262.0,4.4,238.0,0.0,,,,,,,,,,2017-08-26T16:10:00,,,,,,,,,,,,,,,,,,
2017-08-26 18:00:00,993.7,29.6,80.0,1.1,279.0,3.5,239.0,0.0,,,,,,,,,,2017-08-26T17:09:00,,,,,,,,,,,,,,,,,,
2017-08-26 19:00:00,994.2,28.1,82.0,0.5,227.0,2.6,279.0,0.0,,,,,,,,,,2017-08-26T18:18:00,,,,,,,,,,,,,,,,,,
2017-08-26 20:00:00,994.5,27.4,88.0,1.0,139.0,1.7,64.0,0.0,,,,,,,,,,2017-08-26T19:36:00,,,,,,,,,,,,,,,,,,
2017-08-26 21:00:00,995.5,27.4,88.0,0.1,0.0,1.9,156.0,0.0,,,,,,,,,,2017-08-26T20:01:00,,,,,,,,,,,,,,,,,,
2017-08-26 22:00:00,996.1,27.3,90.0,0.7,203.0,2.1,88.0,0.0,,,,,,,,,,2017-08-26T21:18:00,,,,,,,,,,,,,,,,,,
2017-08-26 23:00:00,995.7,27.0,90.0,1.1,21.0,1.7,360.0,0.0,,,,,,,,,,2017-08-26T22:56:00,,,,,,,,,,,,,,,,,,
2017-08-27 00:00:00,995.5,26.4,92.0,0.7,15.0,1.8,2.0,0.0,,,,,,,,,,2017-08-26T23:02:00,,,,,,,,,,,,,,,,,,
2017-08-27 01:00:00,995.5,26.0,92.0,0.9,88.0,1.6,98.0,0.0,,,,,,,,,,2017-08-27T00:07:00,,,,,,,,,,,,,,,,,,
2017-08-27 02:00:00,995.4,25.8,93.0,0.8,358.0,1.9,73.0,0.0,,,,,,,,,,2017-08-27T01:16:00,,,,,,,,,,,,,,,,,,
2017-08-27 03:00:00,995.5,25.7,93.0,0.9,77.0,1.9,62.0,0.0,,,,,,,,,,2017-08-27T02:25:00,,,,,,,,,,,,,,,,,,
2017-08-27 04:00:00,995.6,25.4,94.0,1.0,339.0,1.8,65.0,0.0,,,,,,,,,,2017-08-27T03:52:00,,,,,,,,,,,,,,,,,,
2017-08-27 05:00:00,996.4,25.3,95.0,1.0,181.0,1.6,296.0,0.0,,,,,,,,,,2017-08-27T04:23:00,,,,,,,,,,,,,,,,,,
2017-08-27 06:00:00,997.2,25.6,94.0,1.2,34.0,2.6,5.0,0.0,,,,,,,,,,2017-08-27T05:47:00,,,,,,,,,,,,,,,,,,
2017-08-27 07:00:00,997.9,26.4,91.0,0.0,0.0,1.9,65.0,0.0,,,,,,,,,,2017-08-27T06:04:00,,,,,,,,,,,,,,,,,,
2017-08-27 08:00:00,998.4,27.5,88.0,0.7,248.0,1.9,214.0,0.0,,,,,,,,,,2017-08-27T07:17:00,,,,,,,,,,,,,,,,,,
2017-08-27 09:00:00,997.9,28.7,82.0,0.7,255.0,2.2,75.0,0.0,,,,,,,,,,2017-08-27T08:26:00,,,,,,,,,,,,,,,,,,
2017-08-27 10:00:00,997.7,30.0,78.0,1.1,234.0,2.6,210.0,0.0,,,,,,,,,,2017-08-27T09:36:00,,,,,,,,,,,,,,,,,,
2017-08-27 11:00:00,997.6,32.0,70.0,1.8,230.0,3.6,241.0,0.0,,,,,,,,,,2017-08-27T10:30:00,,,,,,,,,,,,,,,,,,
2017-08-27 12:00:00,997.3,32.2,69.0,2.0,226.0,3.5,176.0,0.0,,,,,,,,,,2017-08-27T11:59:00,,,,,,,,,,,,,,,,,,
2017-08-27 13:00:00,996.6,34.3,62.0,1.1,230.0,4.7,210.0,0.0,,,,,,,,,,2017-08-27T12:06:00,,,,,,,,,,,,,,,,,,
2017-08-27 14:00:00,996.0,33.7,60.0,1.9,273.0,4.0,294.0,0.0,,,,,,,,,,2017-08-27T13:33:00,,,,,,,,,,,,,,,,,,
2017-08-27 15:00:00,995.5,32.3,67.0,2.5,273.0,4.2,252.0,0.0,,,,,,,,,,2017-08-27T14:39:00,,,,,,,,,,,,,,,,,,
2017-08-27 16:00:00,996.7,27.2,90.0,0.8,295.0,4.7,289.0,17.5,,,,,,,,,,2017-08-27T15:55:00,,,,,,,,,,,,,,,,,,
2017-08-27 17:00:00,997.7,25.5,91.0,1.8,46.0,5.2,52.0,18.5,,,,,,,,,,2017-08-27T16:42:00,,,,,,,,,,,,,,,,,,
2017-08-27 18:00:00,998.1,25.6,92.0,0.6,162.0,3.4,80.0,0.5,,,,,,,,,,2017-08-27T17:03:00,,,,,,,,,,,,,,,,,,
2017-08-27 19:00:00,999.1,25.2,93.0,0.1,0.0,1.8,91.0,0.0,,,,,,,,,,2017-08-27T18:31:00,,,,,,,,,,,,,,,,,,
2017-08-27 20:00:00,999.8,25.2,93.0,0.8,147.0,1.9,165.0,0.0,,,,,,,,,,2017-08-27T19:53:00,,,,,,,,,,,,,,,,,,
2017-08-27 21:00:00,1000.1,24.8,94.0,1.4,76.0,1.9,83.0,0.0,,,,,,,,,,2017-08-27T21:00:00,,,,,,,,,,,,,,,,,,
2017-08-27 22:00:00,1000.5,24.6,94.0,1.6,67.0,2.2,79.0,0.0,,,,,,,,,,2017-08-27T21:01:00,,,,,,,,,,,,,,,,,,
2017-08-27 23:00:00,1000.6,24.9,91.0,0.9,53.0,3.0,355.0,0.0,,,,,,,,,,2017-08-27T22:26:00,,,,,,,,,,,,,,,,,,
2017-08-28 00:00:00,1000.0,24.8,92.0,0.9,54.0,2.5,91.0,0.0,,,,,,,,,,2017-08-27T23:21:00,,,,,,,,,,,,,,,,,,
2017-08-28 01:00:00,999.2,24.5,91.0,0.9,45.0,2.4,62.0,0.0,,,,,,,,,,2017-08-28T00:50:00,,,,,,,,,,,,,,,,,,
2017-08-28 02:00:00,998.6,24.3,91.0,0.9,43.0,3.2,69.0,0.0,,,,,,,,,,2017-08-28T01:11:00,,,,,,,,,,,,,,,,,,
2017-08-28 03:00:00,998.1,23.6,94.0,1.4,74.0,2.0,85.0,0.0,,,,,,,,,,2017-08-28T02:03:00,,,,,,,,,,,,,,,,,,
2017-08-28 04:00:00,997.8,23.9,89.0,1.2,40.0,2.5,52.0,0.0,,,,,,,,,,2017-08-28T03:38:00,,,,,,,,,,,,,,,,,,
2017-08-28 05:00:00,997.5,24.0,85.0,1.9,15.0,3.0,24.0,0.0,,,,,,,,,,2017-08-28T04:57:00,,,,,,,,,,,,,,,,,,
2017-08-28 06:00:00,997.7,22.9,92.0,1.1,75.0,2.3,12.0,0.0,,,,,,,,,,2017-08-28T05:09:00,,,,,,,,,,,,,,,,,,
2017-08-28 07:00:00,997.9,25.0,82.0,0.9,52.0,2.2,87.0,0.0,,,,,,,,,,2017-08-28T06:26:00,,,,,,,,,,,,,,,,,,
2017-08-28 08:00:00,997.8,28.8,63.0,0.7,45.0,3.0,39.0,0.0,,,,,,,,,,2017-08-28T07:10:00,,,,,,,,,,,,,,,,,,
2017-08-28 09:00:00,997.3,30.2,64.0,1.2,192.0,2.2,67.0,0.0,,,,,,,,,,2017-08-28T08:21:00,,,,,,,,,,,,,,,,,,
2017-08-28 10:00:00,997.2,31.9,63.0,1.9,224.0,3.6,209.0,0.0,,,,,,,,,,2017-08-28T09:41:00,,,,,,,,,,,,,,,,,,
2017-08-28 11:00:00,996.7,33.3,58.0,1.5,201.0,4.1,225.0,0.0,,,,,,,,,,2017-08-28T11:00:00,,,,,,,,,,,,,,,,,,
2017-08-28 12:00:00,995.9,33.9,58.0,1.1,247.0,4.5,232.0,0.0,,,,,,,,,,2017-08-28T11:40:00,,,,,,,,,,,,,,,,,,
2017-08-28 13:00:00,995.5,33.0,58.0,2.7,283.0,5.0,275.0,0.0,,,,,,,,,,2017-08-28T12:29:00,,,,,,,,,,,,,,,,,,
2017-08-28 14:00:00,995.2,33.9,61.0,2.1,282.0,5.2,264.0,0.0,,,,,,,,,,2017-08-28T13:59:00,,,,,,,,,,,,,,,,,,
2017-08-28 15:00:00,994.8,34.4,59.0,2.3,284.0,4.6,288.0,0.0,,,,,,,,,,2017-08-28T14:12:00,,,,,,,,,,,,,,,,,,
2017-08-28 16:00:00,994.4,31.8,71.0,1.1,321.0,5.3,289.0,0.0,,,,,,,,,,2017-08-28T15:06:00,,,,,,,,,,,,,,,,,,
2017-08-28 17:00:00,995.2,28.1,70.0,2.0,20.0,6.7,38.0,0.0,,,,,,,,,,2017-08-28T16:51:00,,,,,,,,,,,,,,,,,,
2017-08-28 18:00:00,996.8,26.0,84.0,1.2,76.0,3.5,90.0,0.0,,,,,,,,,,2017-08-28T17:04:00,,,,,,,,,,,,,,,,,,
2017-08-28 19:00:00,996.7,25.3,88.0,0.2,0.0,3.3,338.0,0.5,,,,,,,,,,2017-08-28T18:23:00,,,,,,,,,,,,,,,,,,
2017-08-28 20:00:00,997.2,25.2,89.0,1.3,74.0,2.3,92.0,0.0,,,,,,,,,,2017-08-28T19:06:00,,,,,,,,,,,,,,,,,,
2017-08-28 21:00:00,997.7,25.3,88.0,0.8,43.0,2.6,66.0,0.0,,,,,,,,,,2017-08-28T20:38:00,,,,,,,,,,,,,,,,,,
2017-08-28 22:00:00,997.7,25.3,89.0,0.4,62.0,2.3,69.0,0.0,,,,,,,,,,2017-08-28T21:47:00,,,,,,,,,,,,,,,,,,
2017-08-28 23:00:00,997.5,25.0,91.0,0.8,28.0,2.2,104.0,0.0,,,,,,,,,,2017-08-28T22:48:00,,,,,,,,,,,,,,,,,,
2017-08-29 00:00:00,997.0,25.0,91.0,0.8,57.0,2.0,70.0,0.0,,,,,,,,,,2017-08-28T23:16:00,,,,,,,,,,,,,,,,,,
2017-08-29 01:00:00,996.6,24.4,91.0,1.3,72.0,2.4,57.0,0.0,,,,,,,,,,2017-08-29T00:56:00,,,,,,,,,,,,,,,,,,
2017-08-29 02:00:00,996.1,24.5,90.0,1.5,65.0,2.4,45.0,0.0,,,,,,,,,,2017-08-29T01:59:00,,,,,,,,,,,,,,,,,,
2017-08-29 03:00:00,995.8,24.3,91.0,0.9,48.0,2.1,67.0,0.0,,,,,,,,,,2017-08-29T02:57:00,,,,,,,,,,,,,,,,,,
2017-08-29 04:00:00,995.5,23.7,92.0,0.8,85.0,2.2,91.0,0.0,,,,,,,,,,2017-08-29T03:25:00,,,,,,,,,,,,,,,,,,
2017-08-29 05:00:00,995.6,23.5,91.0,1.1,71.0,2.4,74.0,0.0,,,,,,,,,,2017-08-29T04:14:00,,,,,,,,,,,,,,,,,,
2017-08-29 06:00:00,995.9,23.4,91.0,0.1,0.0,1.9,75.0,0.0,,,,,,,,,,2017-08-29T05:39:00,,,,,,,,,,,,,,,,,,
2017-08-29 07:00:00,996.1,24.8,86.0,0.7,7.0,1.9,62.0,0.0,,,,,,,,,,2017-08-29T06:09:00,,,,,,,,,,,,,,,,,,
2017-08-29 08:00:00,995.9,28.0,68.0,0.8,50.0,2.3,73.0,0.0,,,,,,,,,,2017-08-29T07:28:00,,,,,,,,,,,,,,,,,,
2017-08-29 09:00:00,996.1,30.1,65.0,0.3,230.0,1.9,37.0,0.0,,,,,,,,,,2017-08-29T08:07:00,,,,,,,,,,,,,,,,,,
2017-08-29 10:00:00,995.3,31.6,64.0,1.6,181.0,3.4,205.0,0.0,,,,,,,,,,2017-08-29T10:00:00,,,,,,,,,,,,,,,,,,
2017-08-29 11:00:00,995.0,32.8,64.0,2.3,205.0,4.2,195.0,0.0,,,,,,,,,,2017-08-29T10:56:00,,,,,,,,,,,,,,,,,,
2017-08-29 12:00:00,994.2,31.8,68.0,2.3,223.0,4.3,204.0,0.0,,,,,,,,,,2017-08-29T11:09:00,,,,,,,,,,,,,,,,,,
2017-08-29 13:00:00,993.3,34.0,60.0,1.3,238.0,4.0,206.0,0.0,,,,,,,,,,2017-08-29T12:52:00,,,,,,,,,,,,,,,,,,
2017-08-29 14:00:00,992.9,33.9,58.0,2.1,221.0,4.0,232.0,0.0,,,,,,,,,,2017-08-29T13:57:00,,,,,,,,,,,,,,,,,,
2017-08-29 15:00:00,992.7,34.1,62.0,2.7,259.0,5.3,234.0,0.0,,,,,,,,,,2017-08-29T14:52:00,,,,,,,,,,,,,,,,,,
2017-08-29 16:00:00,992.8,31.9,71.0,1.8,263.0,6.3,242.0,0.0,,,,,,,,,,2017-08-29T15:12:00,,,,,,,,,,,,,,,,,,
2017-08-29 17:00:00,992.8,32.9,66.0,1.2,287.0,4.1,221.0,0.0,,,,,,,,,,2017-08-29T16:03:00,,,,,,,,,,,,,,,,,,
2017-08-29 18:00:00,993.7,28.9,81.0,2.4,203.0,5.9,186.0,0.0,,,,,,,,,,2017-08-29T17:44:00,,,,,,,,,,,,,,,,,,
2017-08-29 19:00:00,994.1,28.2,86.0,0.9,220.0,3.6,217.0,0.0,,,,,,,,,,2017-08-29T18:01:00,,,,,,,,,,,,,,,,,,
2017-08-29 20:00:00,994.9,28.0,87.0,0.0,0.0,2.2,274.0,0.0,,,,,,,,,,2017-08-29T19:19:00,,,,,,,,,,,,,,,,,,
2017-08-29 21:00:00,995.4,27.7,88.0,1.0,95.0,1.9,76.0,0.0,,,,,,,,,,2017-08-29T20:47:00,,,,,,,,,,,,,,,,,,
2017-08-29 22:00:00,995.3,27.1,89.0,1.1,73.0,2.1,88.0,0.0,,,,,,,,,,2017-08-29T21:52:00,,,,,,,,,,,,,,,,,,
2017-08-29 23:00:00,995.2,26.8,86.0,0.7,75.0,1.5,88.0,0.0,,,,,,,,,,2017-08-29T22:09:00,,,,,,,,,,,,,,,,,,
2017-08-30 00:00:00,995.1,25.8,88.0,1.0,69.0,1.9,89.0,0.0,,,,,,,,,,2017-08-29T23:09:00,,,,,,,,,,,,,,,,,,
2017-08-30 01:00:00,994.6,25.3,88.0,1.3,52.0,2.1,349.0,0.0,,,,,,,,,,2017-08-30T00:07:00,,,,,,,,,,,,,,,,,,
2017-08-30 02:00:00,994.2,25.0,90.0,0.8,78.0,3.3,73.0,0.0,,,,,,,,,,2017-08-30T01:52:00,,,,,,,,,,,,,,,,,,
2017-08-30 03:00:00,994.0,25.3,89.0,1.2,2.0,2.4,55.0,0.0,,,,,,,,,,2017-08-30T02:41:00,,,,,,,,,,,,,,,,,,
2017-08-30 04:00:00,993.6,25.0,90.0,0.8,43.0,2.0,94.0,0.0,,,,,,,,,,2017-08-30T03:10:00,,,,,,,,,,,,,,,,,,
2017-08-30 05:00:00,993.5,24.6,91.0,0.9,69.0,2.5,353.0,0.0,,,,,,,,,,2017-08-30T04:17:00,,,,,,,,,,,,,,,,,,
2017-08-30 06:00:00,993.5,25.1,89.0,0.7,38.0,1.6,74.0,0.0,,,,,,,,,,2017-08-30T05:58:00,,,,,,,,,,,,,,,,,,
2017-08-30 07:00:00,993.5,26.5,83.0,0.6,141.0,2.3,94.0,0.0,,,,,,,,,,2017-08-30T06:03:00,,,,,,,,,,,,,,,,,,
2017-08-30 08:00:00,993.2,29.6,69.0,1.1,78.0,2.3,73.0,0.0,,,,,,,,,,2017-08-30T07:23:00,,,,,,,,,,,,,,,,,,
2017-08-30 09:00:00,992.9,31.3,63.0,1.2,203.0,2.1,249.0,0.0,,,,,,,,,,2017-08-30T08:52:00,,,,,,,,,,,,,,,,,,
2017-08-30 10:00:00,992.7,33.1,57.0,0.9,263.0,3.7,238.0,0.0,,,,,,,,,,2017-08-30T09:15:00,,,,,,,,,,,,,,,,,,
2017-08-30 11:00:00,992.6,33.6,55.0,2.4,236.0,4.4,192.0,0.0,,,,,,,,,,2017-08-30T10:58:00,,,,,,,,,,,,,,,,,,
2017-08-30 12:00:00,992.1,33.5,58.0,1.7,266.0,4.9,271.0,0.0,,,,,,,,,,2017-08-30T11:51:00,,,,,,,,,,,,,,,,,,
2017-08-30 13:00:00,991.4,32.8,58.0,0.9,336.0,4.0,250.0,0.0,,,,,,,,,,2017-08-30T12:01:00,,,,,,,,,,,,,,,,,,
2017-08-30 14:00:00,991.1,32.9,61.0,1.5,279.0,2.8,292.0,0.0,,,,,,,,,,2017-08-30T13:33:00,,,,,,,,,,,,,,,,,,
2017-08-30 15:00:00,991.3,32.2,64.0,1.8,262.0,2.6,259.0,0.0,,,,,,,,,,2017-08-30T14:57:00,,,,,,,,,,,,,,,,,,
2017-08-30 16:00:00,991.6,29.9,78.0,3.1,229.0,4.9,249.0,0.0,,,,,,,,,,2017-08-30T15:13:00,,,,,,,,,,,,,,,,,,
2017-08-30 17:00:00,992.3,27.8,86.0,2.0,207.0,5.8,228.0,0.0,,,,,,,,,,2017-08-30T16:13:00,,,,,,,,,,,,,,,,,,
2017-08-30 18:00:00,992.9,28.0,85.0,1.3,253.0,3.8,177.0,0.0,,,,,,,,,,2017-08-30T17:31:00,,,,,,,,,,,,,,,,,,
2017-08-30 19:00:00,992.9,27.5,87.0,1.1,108.0,2.2,230.0,0.0,,,,,,,,,,2017-08-30T18:28:00,,,,,,,,,,,,,,,,,,
2017-08-30 20:00:00,993.3,27.4,89.0,0.6,26.0,1.9,17.0,0.0,,,,,,,,,,2017-08-30T19:47:00,,,,,,,,,,,,,,,,,,
2017-08-30 21:00:00,993.1,26.5,91.0,1.4,82.0,2.2,51.0,0.0,,,,,,,,,,2017-08-30T20:59:00,,,,,,,,,,,,,,,,,,
2017-08-30 22:00:00,992.6,26.8,91.0,0.4,2.0,2.7,71.0,0.0,,,,,,,,,,2017-08-30T21:02:00,,,,,,,,,,,,,,,,,,
2017-08-30 23:00:00,992.3,26.9,89.0,0.8,26.0,2.9,45.0,0.0,,,,,,,,,,2017-08-30T22:11:00,,,,,,,,,,,,,,,,,,
2017-08-31 00:00:00,992.6,26.5,92.0,0.6,4.0,1.5,106.0,0.0,,,,,,,,,,2017-08-30T23:01:00,,,,,,,,,,,,,,,,,,
2017-08-31 01:00:00,992.4,26.1,91.0,0.8,134.0,1.8,12.0,0.0,,,,,,,,,,2017-08-31T00:38:00,,,,,,,,,,,,,,,,,,
2017-08-31 02:00:00,992.0,26.1,92.0,0.6,14.0,1.5,9.0,0.0,,,,,,,,,,2017-08-31T01:28:00,,,,,,,,,,,,,,,,,,
2017-08-31 03:00:00,991.9,25.8,92.0,0.8,78.0,1.7,86.0,0.0,,,,,,,,,,2017-08-31T02:09:00,,,,,,,,,,,,,,,,,,
2017-08-31 04:00:00,991.6,25.7,93.0,1.2,67.0,1.6,60.0,0.0,,,,,,,,,,2017-08-31T03:04:00,,,,,,,,,,,,,,,,,,
2017-08-31 05:00:00,991.4,25.6,91.0,0.9,3.0,2.2,64.0,0.0,,,,,,,,,,2017-08-31T04:07:00,,,,,,,,,,,,,,,,,,
2017-08-31 06:00:00,991.6,25.5,89.0,1.0,45.0,2.3,74.0,0.0,,,,,,,,,,2017-08-31T05:46:00,,,,,,,,,,,,,,,,,,
2017-08-31 07:00:00,992.3,25.8,85.0,0.8,74.0,2.3,59.0,0.0,,,,,,,,,,2017-08-31T06:40:00,,,,,,,,,,,,,,,,,,
2017-08-31 08:00:00,992.6,26.9,82.0,1.2,84.0,2.2,2.0,0.0,,,,,,,,,,2017-08-31T07:16:00,,,,,,,,,,,,,,,,,,
2017-08-31 09:00:00,992.9,27.7,76.0,1.2,70.0,2.2,51.0,0.0,,,,,,,,,,2017-08-31T08:48:00,,,,,,,,,,,,,,,,,,
2017-08-31 10:00:00,992.8,28.3,77.0,0.2,0.0,2.0,18.0,0.0,,,,,,,,,,2017-08-31T09:33:00,,,,,,,,,,,,,,,,,,
2017-08-31 11:00:00,992.7,28.9,74.0,1.1,61.0,2.2,84.0,0.0,,,,,,,,,,2017-08-31T10:58:00,,,,,,,,,,,,,,,,,,
2017-08-31 12:00:00,992.4,29.4,68.0,1.3,23.0,3.2,11.0,0.0,,,,,,,,,,2017-08-31T11:33:00,,,,,,,,,,,,,,,,,,
2017-08-31 13:00:00,992.1,28.7,77.0,1.1,137.0,2.2,68.0,0.0,,,,,,,,,,2017-08-31T12:12:00,,,,,,,,,,,,,,,,,,
2017-08-31 14:00:00,990.9,29.6,73.0,0.4,122.0,2.1,146.0,0.0,,,,,,,,,,2017-08-31T13:10:00,,,,,,,,,,,,,,,,,,
2017-08-31 15:00:00,990.3,29.8,71.0,0.8,353.0,2.1,297.0,0.0,,,,,,,,,,2017-08-31T14:33:00,,,,,,,,,,,,,,,,,,
2017-08-31 16:00:00,989.9,29.4,77.0,0.7,124.0,1.9,81.0,0.0,,,,,,,,,,2017-08-31T15:26:00,,,,,,,,,,,,,,,,,,
2017-08-31 17:00:00,990.2,28.8,81.0,1.1,197.0,1.9,206.0,0.0,,,,,,,,,,2017-08-31T16:36:00,,,,,,,,,,,,,,,,,,
2017-08-31 18:00:00,990.1,27.7,89.0,1.7,188.0,2.9,205.0,0.0,,,,,,,,,,2017-08-31T17:36:00,,,,,,,,,,,,,,,,,,
2017-08-31 19:00:00,990.3,27.3,90.0,0.9,122.0,2.1,209.0,0.0,,,,,,,,,,2017-08-31T18:01:00,,,,,,,,,,,,,,,,,,
2017-08-31 20:00:00,990.9,27.0,91.0,0.6,88.0,1.5,162.0,0.0,,,,,,,,,,2017-08-31T19:06:00,,,,,,,,,,,,,,,,,,
2017-08-31 21:00:00,991.4,26.9,91.0,0.1,0.0,1.5,108.0,0.0,,,,,,,,,,2017-08-31T20:23:00,,,,,,,,,,,,,,,,,,
2017-08-31 22:00:00,991.6,26.6,92.0,0.5,110.0,1.4,123.0,0.0,,,,,,,,,,2017-08-31T21:19:00,,,,,,,,,,,,,,,,,,
2017-08-31 23:00:00,991.5,26.4,92.0,0.0,0.0,1.9,202.0,0.0,,,,,,,,,,2017-08-31T22:49:00,,,,,,,,,,,,,,,,,,
2017-09-01 00:00:00,991.1,26.4,87.0,1.0,38.0,1.8,54.0,0.0,,,,,,,,,,2017-08-31T23:44:00,,,,,,,,,,,,,,,,,,
2017-09-01 01:00:00,990.1,26.1,86.0,1.9,17.0,3.2,4.0,0.0,,,,,,,,,,2017-09-01T00:56:00,,,,,,,,,,,,,,,,,,
2017-09-01 02:00:00,989.1,25.3,88.0,0.5,118.0,3.9,88.0,0.0,,,,,,,,,,2017-09-01T01:07:00,,,,,,,,,,,,,,,,,,
2017-09-01 03:00:00,989.4,25.1,93.0,1.0,17.0,2.6,156.0,0.5,,,,,,,,,,2017-09-01T02:15:00,,,,,,,,,,,,,,,,,,
2017-09-01 04:00:00,989.5,24.5,92.0,1.4,39.0,3.1,18.0,1.0,,,,,,,,,,2017-09-01T03:50:00,,,,,,,,,,,,,,,,,,
2017-09-01 05:00:00,989.0,24.0,90.0,1.9,15.0,3.4,1.0,2.0,,,,,,,,,,2017-09-01T04:55:00,,,,,,,,,,,,,,,,,,
2017-09-01 06:00:00,988.7,23.8,91.0,1.0,79.0,4.4,63.0,2.5,,,,,,,,,,2017-09-01T05:28:00,,,,,,,,,,,,,,,,,,
2017-09-01 07:00:00,990.1,23.5,93.0,2.2,19.0,4.2,1.0,3.0,,,,,,,,,,2017-09-01T07:00:00,,,,,,,,,,,,,,,,,,
2017-09-01 08:00:00,990.1,23.5,93.0,1.0,134.0,4.6,6.0,3.5,,,,,,,,,,2017-09-01T07:07:00,,,,,,,,,,,,,,,,,,
2017-09-01 09:00:00,989.9,23.8,92.0,1.2,38.0,2.8,104.0,1.0,,,,,,,,,,2017-09-01T08:34:00,,,,,,,,,,,,,,,,,,
2017-09-01 10:00:00,990.5,24.8,92.0,0.5,324.0,3.7,222.0,0.0,,,,,,,,,,2017-09-01T09:11:00,,,,,,,,,,,,,,,,,,
2017-09-01 11:00:00,990.5,25.8,88.0,1.0,297.0,3.4,54.0,0.0,,,,,,,,,,2017-09-01T10:12:00,,,,,,,,,,,,,,,,,,
2017-09-01 12:00:00,990.1,26.1,90.0,2.1,226.0,3.3,225.0,0.0,,,,,,,,,,2017-09-01T11:57:00,,,,,,,,,,,,,,,,,,
2017-09-01 13:00:00,989.3,27.5,82.0,0.5,15.0,3.2,203.0,0.0,,,,,,,,,,2017-09-01T12:20:00,,,,,,,,,,,,,,,,,,
2017-09-01 14:00:00,988.6,28.5,78.0,0.8,125.0,2.8,236.0,0.0,,,,,,,,,,2017-09-01T13:07:00,,,,,,,,,,,,,,,,,,
2017-09-01 15:00:00,988.6,28.5,80.0,1.2,229.0,1.9,214.0,0.0,,,,,,,,,,2017-09-01T14:42:00,,,,,,,,,,,,,,,,,,
2017-09-01 16:00:00,988.7,27.7,84.0,1.3,189.0,3.0,199.0,0.0,,,,,,,,,,2017-09-01T15:41:00,,,,,,,,,,,,,,,,,,
2017-09-01 17:00:00,988.3,28.2,80.0,1.2,74.0,1.5,71.0,0.0,,,,,,,,,,2017-09-01T16:57:00,,,,,,,,,,,,,,,,,,
2017-09-01 18:00:00,988.6,27.4,86.0,0.2,0.0,1.8,38.0,0.0,,,,,,,,,,2017-09-01T17:14:00,,,,,,,,,,,,,,,,,,
2017-09-01 19:00:00,989.0,26.6,89.0,1.3,75.0,2.0,67.0,0.0,,,,,,,,,,2017-09-01T18:48:00,,,,,,,,,,,,,,,,,,
2017-09-01 20:00:00,989.2,26.3,93.0,0.0,0.0,2.1,83.0,0.0,,,,,,,,,,2017-09-01T19:01:00,,,,,,,,,,,,,,,,,,
2017-09-01 21:00:00,990.5,25.8,93.0,0.6,88.0,3.0,210.0,0.0,,,,,,,,,,2017-09-01T20:06:00,,,,,,,,,,,,,,,,,,
2017-09-01 22:00:00,989.9,25.9,93.0,0.4,83.0,2.1,9.0,0.0,,,,,,,,,,2017-09-01T21:23:00,,,,,,,,,,,,,,,,,,
2017-09-01 23:00:00,990.3,25.5,94.0,0.0,0.0,2.0,223.0,0.0,,,,,,,,,,2017-09-01T22:10:00,,,,,,,,,,,,,,,,,,
2017-09-02 00:00:00,989.7,25.3,94.0,0.7,98.0,1.6,80.0,0.0,,,,,,,,,,2017-09-01T23:42:00,,,,,,,,,,,,,,,,,,
2017-09-02 01:00:00,989.7,25.0,94.0,0.5,259.0,1.8,57.0,0.0,,,,,,,,,,2017-09-02T00:36:00,,,,,,,,,,,,,,,,,,
2017-09-02 02:00:00,989.2,24.9,94.0,1.4,69.0,2.5,68.0,0.0,,,,,,,,,,2017-09-02T01:57:00,,,,,,,,,,,,,,,,,,
2017-09-02 03:00:00,988.5,25.0,90.0,0.7,69.0,2.8,58.0,0.0,,,,,,,,,,2017-09-02T02:05:00,,,,,,,,,,,,,,,,,,
2017-09-02 04:00:00,989.1,25.0,93.0,0.2,0.0,1.1,81.0,0.0,,,,,,,,,,2017-09-02T03:04:00,,,,,,,,,,,,,,,,,,
2017-09-02 05:00:00,989.4,25.0,90.0,1.4,49.0,2.9,9.0,0.0,,,,,,,,,,2017-09-02T04:42:00,,,,,,,,,,,,,,,,,,
2017-09-02 06:00:00,989.7,24.5,93.0,0.8,101.0,2.1,60.0,0.0,,,,,,,,,,2017-09-02T05:02:00,,,,,,,,,,,,,,,,,,
2017-09-02 07:00:00,990.8,25.4,90.0,0.9,69.0,2.2,83.0,0.5,,,,,,,,,,2017-09-02T06:08:00,,,,,,,,,,,,,,,,,,
2017-09-02 08:00:00,991.1,25.4,92.0,1.4,15.0,2.4,4.0,2.0,,,,,,,,,,2017-09-02T07:55:00,,,,,,,,,,,,,,,,,,
2017-09-02 09:00:00,991.5,26.8,88.0,1.1,251.0,2.3,24.0,0.0,,,,,,,,,,2017-09-02T08:03:00,,,,,,,,,,,,,,,,,,
2017-09-02 10:00:00,991.8,29.1,81.0,1.5,225.0,2.2,201.0,0.0,,,,,,,,,,2017-09-02T09:01:00,,,,,,,,,,,,,,,,,,
2017-09-02 11:00:00,992.1,28.8,80.0,0.8,202.0,2.6,221.0,0.0,,,,,,,,,,2017-09-02T10:07:00,,,,,,,,,,,,,,,,,,
2017-09-02 12:00:00,991.5,28.6,83.0,1.4,112.0,2.6,120.0,0.0,,,,,,,,,,2017-09-02T11:57:00,,,,,,,,,,,,,,,,,,
2017-09-02 13:00:00,991.2,29.1,78.0,2.2,123.0,4.1,155.0,0.5,,,,,,,,,,2017-09-02T12:47:00,,,,,,,,,,,,,,,,,,
2017-09-02 14:00:00,990.4,30.1,71.0,1.7,139.0,4.1,122.0,0.0,,,,,,,,,,2017-09-02T13:04:00,,,,,,,,,,,,,,,,,,
2017-09-02 15:00:00,990.5,32.1,64.0,2.1,107.0,4.1,119.0,0.0,,,,,,,,,,2017-09-02T14:59:00,,,,,,,,,,,,,,,,,,
2017-09-02 16:00:00,990.6,30.3,68.0,1.2,149.0,4.0,188.0,0.0,,,,,,,,,,2017-09-02T15:19:00,,,,,,,,,,,,,,,,,,
2017-09-02 17:00:00,990.9,27.1,87.0,1.1,7.0,5.6,212.0,2.0,,,,,,,,,,2017-09-02T16:39:00,,,,,,,,,,,,,,,,,,
2017-09-02 18:00:00,991.5,27.3,87.0,0.7,41.0,1.9,41.0,0.0,,,,,,,,,,2017-09-02T17:52:00,,,,,,,,,,,,,,,,,,
2017-09-02 19:00:00,992.2,26.7,92.0,0.9,21.0,1.9,22.0,0.0,,,,,,,,,,2017-09-02T18:44:00,,,,,,,,,,,,,,,,,,
2017-09-02 20:00:00,993.0,26.2,93.0,0.8,66.0,1.5,26.0,0.0,,,,,,,,,,2017-09-02T19:16:00,,,,,,,,,,,,,,,,,,
2017-09-02 21:00:00,993.1,25.8,90.0,1.3,66.0,2.4,61.0,0.0,,,,,,,,,,2017-09-02T20:42:00,,,,,,,,,,,,,,,,,,
2017-09-02 22:00:00,993.7,25.8,92.0,0.8,65.0,1.9,9.0,0.0,,,,,,,,,,2017-09-02T21:36:00,,,,,,,,,,,,,,,,,,
2017-09-02 23:00:00,993.9,25.9,90.0,1.1,42.0,2.3,45.0,0.0,,,,,,,,,,2017-09-02T22:10:00,,,,,,,,,,,,,,,,,,
2017-09-03 00:00:00,993.3,25.4,91.0,1.3,74.0,2.4,71.0,0.0,,,,,,,,,,2017-09-02T23:58:00,,,,,,,,,,,,,,,,,,
2017-09-03 01:00:00,993.1,25.1,91.0,0.4,36.0,2.6,63.0,0.0,,,,,,,,,,2017-09-03T00:13:00,,,,,,,,,,,,,,,,,,
2017-09-03 02:00:00,992.4,24.7,92.0,1.0,333.0,2.4,65.0,0.0,,,,,,,,,,2017-09-03T01:13:00,,,,,,,,,,,,,,,,,,
2017-09-03 03:00:00,992.4,24.6,92.0,1.1,51.0,3.0,15.0,0.0,,,,,,,,,,2017-09-03T02:27:00,,,,,,,,,,,,,,,,,,
2017-09-03 04:00:00,992.8,24.5,91.0,1.6,52.0,3.1,57.0,0.0,,,,,,,,,,2017-09-03T03:57:00,,,,,,,,,,,,,,,,,,
2017-09-03 05:00:00,993.2,24.2,92.0,1.1,43.0,2.8,49.0,0.0,,,,,,,,,,2017-09-03T04:15:00,,,,,,,,,,,,,,,,,,
2017-09-03 06:00:00,993.7,24.5,89.0,1.5,37.0,3.4,48.0,0.0,,,,,,,,,,2017-09-03T05:48:00,,,,,,,,,,,,,,,,,,
2017-09-03 07:00:00,994.1,25.3,87.0,1.5,35.0,2.9,57.0,0.0,,,,,,,,,,2017-09-03T06:47:00,,,,,,,,,,,,,,,,,,
2017-09-03 08:00:00,994.5,28.6,73.0,1.1,22.0,3.0,49.0,0.0,,,,,,,,,,2017-09-03T07:01:00,,,,,,,,,,,,,,,,,,
2017-09-03 09:00:00,995.0,30.7,62.0,2.5,162.0,4.6,163.0,0.0,,,,,,,,,,2017-09-03T09:00:00,,,,,,,,,,,,,,,,,,
2017-09-03 10:00:00,995.2,31.6,63.0,2.9,196.0,6.8,199.0,0.0,,,,,,,,,,2017-09-03T09:31:00,,,,,,,,,,,,,,,,,,
2017-09-03 11:00:00,995.0,32.4,63.0,3.8,198.0,7.9,208.0,0.0,,,,,,,,,,2017-09-03T10:58:00,,,,,,,,,,,,,,,,,,
2017-09-03 12:00:00,994.9,31.3,64.0,2.6,184.0,7.7,208.0,0.0,,,,,,,,,,2017-09-03T11:10:00,,,,,,,,,,,,,,,,,,
2017-09-03 13:00:00,994.4,32.3,64.0,2.0,187.0,7.2,227.0,0.0,,,,,,,,,,2017-09-03T12:05:00,,,,,,,,,,,,,,,,,,
2017-09-03 14:00:00,994.1,31.8,67.0,3.1,209.0,6.5,208.0,0.0,,,,,,,,,,2017-09-03T13:12:00,,,,,,,,,,,,,,,,,,
2017-09-03 15:00:00,994.1,30.3,71.0,4.3,211.0,8.9,227.0,0.0,,,,,,,,,,2017-09-03T14:34:00,,,,,,,,,,,,,,,,,,
2017-09-03 16:00:00,994.0,30.0,72.0,2.2,185.0,6.8,206.0,0.0,,,,,,,,,,2017-09-03T15:05:00,,,,,,,,,,,,,,,,,,
2017-09-03 17:00:00,994.4,29.8,71.0,2.7,191.0,5.3,209.0,0.0,,,,,,,,,,2017-09-03T16:49:00,,,,,,,,,,,,,,,,,,
2017-09-03 18:00:00,994.8,28.8,76.0,2.7,177.0,5.5,179.0,0.0,,,,,,,,,,2017-09-03T17:52:00,,,,,,,,,,,,,,,,,,
2017-09-03 19:00:00,995.4,28.4,78.0,1.5,139.0,5.2,191.0,0.0,,,,,,,,,,2017-09-03T18:03:00,,,,,,,,,,,,,,,,,,
2017-09-03 20:00:00,996.1,28.0,79.0,1.7,195.0,3.9,182.0,0.0,,,,,,,,,,2017-09-03T19:42:00,,,,,,,,,,,,,,,,,,
2017-09-03 21:00:00,996.9,27.7,80.0,1.0,130.0,4.2,139.0,0.0,,,,,,,,,,2017-09-03T20:05:00,,,,,,,,,,,,,,,,,,
2017-09-03 22:00:00,997.1,27.2,84.0,1.1,75.0,2.3,63.0,0.0,,,,,,,,,,2017-09-03T21:14:00,,,,,,,,,,,,,,,,,,
2017-09-03 23:00:00,997.1,26.6,87.0,0.4,24.0,1.8,88.0,0.0,,,,,,,,,,2017-09-03T22:04:00,,,,,,,,,,,,,,,,,,
2017-09-04 00:00:00,997.0,26.0,89.0,1.5,2.0,2.0,10.0,0.0,,,,,,,,,,2017-09-03T23:58:00,,,,,,,,,,,,,,,,,,
2017-09-04 01:00:00,996.6,26.0,89.0,1.5,81.0,2.2,26.0,0.0,,,,,,,,,,2017-09-04T00:03:00,,,,,,,,,,,,,,,,,,
2017-09-04 02:00:00,996.2,26.1,88.0,1.0,55.0,2.0,62.0,0.0,,,,,,,,,,2017-09-04T01:01:00,,,,,,,,,,,,,,,,,,
2017-09-04 03:00:00,995.7,25.7,89.0,1.4,62.0,2.6,51.0,0.0,,,,,,,,,,2017-09-04T02:55:00,,,,,,,,,,,,,,,,,,
2017-09-04 04:00:00,995.5,25.7,89.0,0.7,329.0,2.7,14.0,0.0,,,,,,,,,,2017-09-04T03:11:00,,,,,,,,,,,,,,,,,,
2017-09-04 05:00:00,995.9,25.8,88.0,1.1,24.0,2.6,55.0,0.0,,,,,,,,,,2017-09-04T04:37:00,,,,,,,,,,,,,,,,,,
2017-09-04 06:00:00,996.3,25.1,91.0,0.4,109.0,2.0,74.0,0.0,,,,,,,,,,2017-09-04T05:22:00,,,,,,,,,,,,,,,,,,
2017-09-04 07:00:00,996.6,26.0,87.0,0.9,57.0,2.8,65.0,0.0,,,,,,,,,,2017-09-04T06:34:00,,,,,,,,,,,,,,,,,,
2017-09-04 08:00:00,996.6,28.4,74.0,1.5,22.0,3.2,8.0,0.0,,,,,,,,,,2017-09-04T07:33:00,,,,,,,,,,,,,,,,,,
2017-09-04 09:00:00,996.9,31.1,65.0,0.9,269.0,2.3,74.0,0.0,,,,,,,,,,2017-09-04T08:07:00,,,,,,,,,,,,,,,,,,
2017-09-04 10:00:00,996.7,32.1,64.0,0.8,219.0,3.7,216.0,0.0,,,,,,,,,,2017-09-04T09:29:00,,,,,,,,,,,,,,,,,,
2017-09-04 11:00:00,996.3,32.8,62.0,1.5,159.0,3.7,167.0,0.0,,,,,,,,,,2017-09-04T10:10:00,,,,,,,,,,,,,,,,,,
2017-09-04 12:00:00,995.9,34.2,57.0,1.5,245.0,3.6,206.0,0.0,,,,,,,,,,2017-09-04T11:33:00,,,,,,,,,,,,,,,,,,
2017-09-04 13:00:00,995.2,34.1,58.0,1.4,200.0,4.7,233.0,0.0,,,,,,,,,,2017-09-04T12:08:00,,,,,,,,,,,,,,,,,,
2017-09-04 14:00:00,994.7,33.5,60.0,2.1,226.0,4.9,239.0,0.0,,,,,,,,,,2017-09-04T13:22:00,,,,,,,,,,,,,,,,,,
2017-09-04 15:00:00,994.1,34.1,64.0,3.5,238.0,5.4,247.0,0.0,,,,,,,,,,2017-09-04T14:28:00,,,,,,,,,,,,,,,,,,
2017-09-04 16:00:00,994.3,33.2,64.0,2.5,260.0,6.4,259.0,0.0,,,,,,,,,,2017-09-04T15:01:00,,,,,,,,,,,,,,,,,,
2017-09-04 17:00:00,994.6,26.7,87.0,4.9,135.0,8.7,145.0,4.5,,,,,,,,,,2017-09-04T16:59:00,,,,,,,,,,,,,,,,,,
2017-09-04 18:00:00,995.4,25.9,92.0,3.1,15.0,9.5,109.0,4.0,,,,,,,,,,2017-09-04T17:09:00,,,,,,,,,,,,,,,,,,
2017-09-04 19:00:00,996.2,25.4,93.0,1.5,34.0,5.3,9.0,2.0,,,,,,,,,,2017-09-04T18:01:00,,,,,,,,,,,,,,,,,,
2017-09-04 20:00:00,997.1,24.8,94.0,1.6,105.0,3.6,71.0,7.5,,,,,,,,,,2017-09-04T19:26:00,,,,,,,,,,,,,,,,,,
2017-09-04 21:00:00,998.0,24.9,95.0,0.3,344.0,2.8,268.0,23.5,,,,,,,,,,2017-09-04T20:10:00,,,,,,,,,,,,,,,,,,
2017-09-04 22:00:00,998.4,24.8,95.0,1.0,70.0,2.0,72.0,1.5,,,,,,,,,,2017-09-04T21:38:00,,,,,,,,,,,,,,,,,,
2017-09-04 23:00:00,997.8,25.0,95.0,1.5,9.0,2.6,18.0,0.0,,,,,,,,,,2017-09-04T23:00:00,,,,,,,,,,,,,,,,,,
2017-09-05 00:00:00,997.2,25.0,95.0,0.8,84.0,2.6,7.0,0.0,,,,,,,,,,2017-09-04T23:01:00,,,,,,,,,,,,,,,,,,
2017-09-05 01:00:00,996.5,25.0,95.0,0.6,78.0,2.2,80.0,0.0,,,,,,,,,,2017-09-05T00:41:00,,,,,,,,,,,,,,,,,,
2017-09-05 02:00:00,995.7,25.2,95.0,1.2,12.0,2.1,73.0,0.0,,,,,,,,,,2017-09-05T01:09:00,,,,,,,,,,,,,,,,,,
2017-09-05 03:00:00,995.7,24.5,95.0,1.0,93.0,1.7,79.0,0.0,,,,,,,,,,2017-09-05T02:23:00,,,,,,,,,,,,,,,,,,
2017-09-05 04:00:00,995.4,24.3,94.0,0.0,0.0,2.0,66.0,0.0,,,,,,,,,,2017-09-05T03:37:00,,,,,,,,,,,,,,,,,,
2017-09-05 05:00:00,995.4,23.9,95.0,0.8,82.0,1.6,112.0,0.0,,,,,,,,,,2017-09-05T04:26:00,,,,,,,,,,,,,,,,,,
2017-09-05 06:00:00,995.6,23.6,95.0,0.4,36.0,1.3,79.0,0.0,,,,,,,,,,2017-09-05T05:51:00,,,,,,,,,,,,,,,,,,
2017-09-05 07:00:00,996.0,24.7,94.0,1.0,101.0,1.4,1.0,0.0,,,,,,,,,,2017-09-05T06:07:00,,,,,,,,,,,,,,,,,,
2017-09-05 08:00:00,996.2,27.8,79.0,0.4,71.0,1.7,111.0,0.0,,,,,,,,,,2017-09-05T07:50:00,,,,,,,,,,,,,,,,,,
2017-09-05 09:00:00,996.3,30.1,71.0,1.2,280.0,2.2,278.0,0.0,,,,,,,,,,2017-09-05T08:59:00,,,,,,,,,,,,,,,,,,
2017-09-05 10:00:00,996.1,31.3,67.0,1.4,261.0,3.0,285.0,0.0,,,,,,,,,,2017-09-05T09:42:00,,,,,,,,,,,,,,,,,,
2017-09-05 11:00:00,995.8,32.5,67.0,1.3,263.0,3.0,208.0,0.0,,,,,,,,,,2017-09-05T10:14:00,,,,,,,,,,,,,,,,,,
2017-09-05 12:00:00,995.4,33.0,65.0,1.1,232.0,4.2,219.0,0.0,,,,,,,,,,2017-09-05T11:08:00,,,,,,,,,,,,,,,,,,
2017-09-05 13:00:00,994.5,33.6,61.0,1.2,266.0,4.3,273.0,0.0,,,,,,,,,,2017-09-05T12:43:00,,,,,,,,,,,,,,,,,,
2017-09-05 14:00:00,993.8,33.4,64.0,1.2,291.0,4.6,292.0,0.0,,,,,,,,,,2017-09-05T13:49:00,,,,,,,,,,,,,,,,,,
2017-09-05 15:00:00,993.0,33.2,64.0,1.0,302.0,5.6,271.0,0.0,,,,,,,,,,2017-09-05T14:46:00,,,,,,,,,,,,,,,,,,
2017-09-05 16:00:00,992.8,32.7,67.0,2.0,300.0,6.0,296.0,0.0,,,,,,,,,,2017-09-05T15:23:00,,,,,,,,,,,,,,,,,,
2017-09-05 17:00:00,992.9,31.7,69.0,1.3,296.0,5.8,296.0,0.0,,,,,,,,,,2017-09-05T16:11:00,,,,,,,,,,,,,,,,,,
2017-09-05 18:00:00,993.4,30.1,72.0,1.4,7.0,3.0,285.0,0.0,,,,,,,,,,2017-09-05T17:02:00,,,,,,,,,,,,,,,,,,
2017-09-05 19:00:00,993.9,29.0,77.0,0.8,275.0,2.5,12.0,0.0,,,,,,,,,,2017-09-05T18:04:00,,,,,,,,,,,,,,,,,,
2017-09-05 20:00:00,994.3,27.5,85.0,1.0,71.0,1.6,110.0,0.0,,,,,,,,,,2017-09-05T19:30:00,,,,,,,,,,,,,,,,,,
2017-09-05 21:00:00,994.8,27.1,87.0,0.4,55.0,1.4,113.0,0.0,,,,,,,,,,2017-09-05T20:25:00,,,,,,,,,,,,,,,,,,
2017-09-05 22:00:00,994.5,26.8,90.0,1.2,54.0,1.7,78.0,0.0,,,,,,,,,,2017-09-05T21:46:00,,,,,,,,,,,,,,,,,,
2017-09-05 23:00:00,994.6,26.3,92.0,0.4,89.0,2.0,81.0,0.0,,,,,,,,,,2017-09-05T22:01:00,,,,,,,,,,,,,,,,,,
2017-09-06 00:00:00,994.6,25.8,93.0,1.1,85.0,1.5,72.0,0.0,,,,,,,,,,2017-09-06T00:00:00,,,,,,,,,,,,,,,,,,
2017-09-06 01:00:00,993.6,25.5,93.0,1.0,77.0,2.2,9.0,0.0,,,,,,,,,,2017-09-06T00:31:00,,,,,,,,,,,,,,,,,,
2017-09-06 02:00:00,993.1,25.3,94.0,0.1,0.0,1.7,80.0,0.0,,,,,,,,,,2017-09-06T01:49:00,,,,,,,,,,,,,,,,,,
2017-09-06 03:00:00,993.1,25.3,94.0,1.0,16.0,1.8,57.0,0.0,,,,,,,,,,2017-09-06T02:46:00,,,,,,,,,,,,,,,,,,
2017-09-06 04:00:00,992.7,25.3,94.0,0.8,28.0,1.9,7.0,0.0,,,,,,,,,,2017-09-06T03:28:00,,,,,,,,,,,,,,,,,,
2017-09-06 05:00:00,992.5,25.1,94.0,1.1,64.0,1.8,61.0,0.0,,,,,,,,,,2017-09-06T04:51:00,,,,,,,,,,,,,,,,,,
2017-09-06 06:00:00,992.4,25.0,94.0,0.2,0.0,1.6,251.0,0.0,,,,,,,,,,2017-09-06T05:39:00,,,,,,,,,,,,,,,,,,
2017-09-06 07:00:00,993.0,26.1,92.0,0.0,0.0,1.4,99.0,0.0,,,,,,,,,,2017-09-06T06:21:00,,,,,,,,,,,,,,,,,,
2017-09-06 08:00:00,993.2,28.8,78.0,0.5,205.0,1.6,11.0,0.0,,,,,,,,,,2017-09-06T07:43:00,,,,,,,,,,,,,,,,,,
2017-09-06 09:00:00,992.9,29.3,79.0,2.5,218.0,3.8,216.0,0.0,,,,,,,,,,2017-09-06T08:57:00,,,,,,,,,,,,,,,,,,
2017-09-06 10:00:00,993.9,31.3,72.0,2.3,194.0,4.9,183.0,0.0,,,,,,,,,,2017-09-06T09:45:00,,,,,,,,,,,,,,,,,,
2017-09-06 11:00:00,993.7,32.4,67.0,1.6,163.0,5.6,154.0,0.0,,,,,,,,,,2017-09-06T10:16:00,,,,,,,,,,,,,,,,,,
2017-09-06 12:00:00,992.9,33.3,64.0,2.4,188.0,5.1,194.0,0.0,,,,,,,,,,2017-09-06T11:53:00,,,,,,,,,,,,,,,,,,
2017-09-06 13:00:00,992.7,31.9,74.0,3.1,232.0,6.4,218.0,0.0,,,,,,,,,,2017-09-06T12:51:00,,,,,,,,,,,,,,,,,,
2017-09-06 14:00:00,992.3,32.5,69.0,1.9,277.0,5.3,249.0,0.0,,,,,,,,,,2017-09-06T13:13:00,,,,,,,,,,,,,,,,,,
2017-09-06 15:00:00,991.9,31.8,69.0,2.3,283.0,4.5,247.0,0.0,,,,,,,,,,2017-09-06T14:12:00,,,,,,,,,,,,,,,,,,
2017-09-06 16:00:00,992.1,32.1,69.0,0.7,318.0,4.7,285.0,0.0,,,,,,,,,,2017-09-06T15:02:00,,,,,,,,,,,,,,,,,,
2017-09-06 17:00:00,992.6,30.5,75.0,0.7,308.0,3.6,284.0,0.0,,,,,,,,,,2017-09-06T16:30:00,,,,,,,,,,,,,,,,,,
2017-09-06 18:00:00,992.9,29.3,78.0,0.7,339.0,3.0,279.0,0.0,,,,,,,,,,2017-09-06T17:02:00,,,,,,,,,,,,,,,,,,
2017-09-06 19:00:00,993.7,28.6,82.0,0.5,68.0,2.0,293.0,0.0,,,,,,,,,,2017-09-06T18:21:00,,,,,,,,,,,,,,,,,,
2017-09-06 20:00:00,994.7,28.1,86.0,0.9,87.0,1.9,56.0,0.0,,,,,,,,,,2017-09-06T19:39:00,,,,,,,,,,,,,,,,,,
2017-09-06 21:00:00,995.2,27.6,87.0,0.8,112.0,2.3,63.0,0.0,,,,,,,,,,2017-09-06T20:44:00,,,,,,,,,,,,,,,,,,
2017-09-06 22:00:00,995.0,27.3,87.0,0.9,71.0,1.5,71.0,0.0,,,,,,,,,,2017-09-06T22:00:00,,,,,,,,,,,,,,,,,,
2017-09-06 23:00:00,994.7,26.8,91.0,0.7,29.0,1.6,68.0,0.0,,,,,,,,,,2017-09-06T22:07:00,,,,,,,,,,,,,,,,,,
2017-09-07 00:00:00,994.5,26.6,92.0,0.3,323.0,1.7,1.0,0.0,,,,,,,,,,2017-09-06T23:03:00,,,,,,,,,,,,,,,,,,
2017-09-07 01:00:00,994.5,26.5,92.0,0.6,4.0,2.0,66.0,0.0,,,,,,,,,,2017-09-07T00:24:00,,,,,,,,,,,,,,,,,,
2017-09-07 02:00:00,994.3,26.6,92.0,0.3,108.0,1.3,89.0,0.0,,,,,,,,,,2017-09-07T01:15:00,,,,,,,,,,,,,,,,,,
2017-09-07 03:00:00,994.2,26.7,92.0,0.7,15.0,1.7,20.0,0.0,,,,,,,,,,2017-09-07T02:55:00,,,,,,,,,,,,,,,,,,
2017-09-07 04:00:00,994.4,26.5,92.0,1.1,28.0,1.9,78.0,0.0,,,,,,,,,,2017-09-07T03:12:00,,,,,,,,,,,,,,,,,,
2017-09-07 05:00:00,994.7,26.5,88.0,1.8,194.0,3.7,203.0,0.0,,,,,,,,,,2017-09-07T04:57:00,,,,,,,,,,,,,,,,,,
2017-09-07 06:00:00,995.2,26.6,85.0,0.7,222.0,4.1,208.0,0.0,,,,,,,,,,2017-09-07T05:12:00,,,,,,,,,,,,,,,,,,
2017-09-07 07:00:00,996.1,26.0,88.0,3.0,219.0,8.4,201.0,0.0,,,,,,,,,,2017-09-07T06:24:00,,,,,,,,,,,,,,,,,,
2017-09-07 08:00:00,996.6,28.3,78.0,2.4,149.0,6.7,163.0,0.0,,,,,,,,,,2017-09-07T07:49:00,,,,,,,,,,,,,,,,,,
2017-09-07 09:00:00,996.5,30.2,71.0,1.1,205.0,4.2,254.0,0.0,,,,,,,,,,2017-09-07T08:40:00,,,,,,,,,,,,,,,,,,
2017-09-07 10:00:00,996.3,31.5,70.0,3.3,206.0,7.0,217.0,0.0,,,,,,,,,,2017-09-07T09:06:00,,,,,,,,,,,,,,,,,,
2017-09-07 11:00:00,996.2,32.3,68.0,3.5,195.0,7.1,206.0,0.0,,,,,,,,,,2017-09-07T10:42:00,,,,,,,,,,,,,,,,,,
2017-09-07 12:00:00,996.4,29.6,76.0,3.9,224.0,10.1,221.0,0.0,,,,,,,,,,2017-09-07T11:39:00,,,,,,,,,,,,,,,,,,
2017-09-07 13:00:00,995.7,31.4,71.0,4.2,220.0,9.0,261.0,0.0,,,,,,,,,,2017-09-07T12:51:00,,,,,,,,,,,,,,,,,,
2017-09-07 14:00:00,995.6,32.2,67.0,4.5,213.0,8.3,226.0,0.0,,,,,,,,,,2017-09-07T13:18:00,,,,,,,,,,,,,,,,,,
2017-09-07 15:00:00,995.2,29.8,74.0,2.3,145.0,7.0,168.0,0.0,,,,,,,,,,2017-09-07T14:34:00,,,,,,,,,,,,,,,,,,
2017-09-07 16:00:00,995.1,29.7,72.0,1.3,159.0,4.9,155.0,0.0,,,,,,,,,,2017-09-07T15:07:00,,,,,,,,,,,,,,,,,,
2017-09-07 17:00:00,995.2,29.7,73.0,2.8,196.0,4.0,171.0,0.0,,,,,,,,,,2017-09-07T16:56:00,,,,,,,,,,,,,,,,,,
2017-09-07 18:00:00,995.6,28.7,75.0,2.3,215.0,5.3,179.0,0.0,,,,,,,,,,2017-09-07T17:13:00,,,,,,,,,,,,,,,,,,
2017-09-07 19:00:00,996.4,27.7,80.0,1.0,175.0,3.8,215.0,0.0,,,,,,,,,,2017-09-07T18:01:00,,,,,,,,,,,,,,,,,,
2017-09-07 20:00:00,997.3,27.6,84.0,0.6,216.0,1.8,184.0,0.0,,,,,,,,,,2017-09-07T19:02:00,,,,,,,,,,,,,,,,,,
2017-09-07 21:00:00,997.6,27.2,86.0,0.6,355.0,1.4,248.0,0.0,,,,,,,,,,2017-09-07T20:15:00,,,,,,,,,,,,,,,,,,
2017-09-07 22:00:00,998.0,26.8,90.0,1.1,210.0,2.3,234.0,0.0,,,,,,,,,,2017-09-07T21:12:00,,,,,,,,,,,,,,,,,,
2017-09-07 23:00:00,998.2,26.5,91.0,0.2,0.0,1.8,213.0,0.0,,,,,,,,,,2017-09-07T22:04:00,,,,,,,,,,,,,,,,,,
2017-09-08 00:00:00,997.5,26.0,93.0,0.6,178.0,2.1,206.0,0.0,,,,,,,,,,2017-09-07T23:38:00,,,,,,,,,,,,,,,,,,
2017-09-08 01:00:00,997.0,26.0,92.0,0.5,226.0,2.2,80.0,0.0,,,,,,,,,,2017-09-08T00:29:00,,,,,,,,,,,,,,,,,,
2017-09-08 02:00:00,997.1,25.2,92.0,1.3,73.0,2.4,70.0,0.0,,,,,,,,,,2017-09-08T01:41:00,,,,,,,,,,,,,,,,,,
2017-09-08 03:00:00,996.6,24.9,92.0,0.5,127.0,2.5,61.0,0.0,,,,,,,,,,2017-09-08T02:12:00,,,,,,,,,,,,,,,,,,
2017-09-08 04:00:00,996.6,24.6,93.0,0.4,116.0,1.7,74.0,0.0,,,,,,,,,,2017-09-08T03:35:00,,,,,,,,,,,,,,,,,,
2017-09-08 05:00:00,997.2,24.7,92.0,0.9,341.0,1.7,70.0,0.0,,,,,,,,,,2017-09-08T04:13:00,,,,,,,,,,,,,,,,,,
2017-09-08 06:00:00,997.5,24.5,92.0,0.6,69.0,2.1,79.0,0.0,,,,,,,,,,2017-09-08T05:54:00,,,,,,,,,,,,,,,,,,
2017-09-08 07:00:00,998.0,25.6,87.0,1.2,36.0,2.5,66.0,0.0,,,,,,,,,,2017-09-08T06:38:00,,,,,,,,,,,,,,,,,,
2017-09-08 08:00:00,998.2,28.0,80.0,0.2,0.0,2.5,47.0,0.0,,,,,,,,,,2017-09-08T07:06:00,,,,,,,,,,,,,,,,,,
2017-09-08 09:00:00,998.4,29.6,75.0,1.7,241.0,3.6,235.0,0.0,,,,,,,,,,2017-09-08T08:47:00,,,,,,,,,,,,,,,,,,
2017-09-08 10:00:00,998.3,31.2,69.0,1.3,218.0,3.9,221.0,0.0,,,,,,,,,,2017-09-08T09:14:00,,,,,,,,,,,,,,,,,,
2017-09-08 11:00:00,997.9,30.9,66.0,0.8,78.0,2.8,154.0,0.0,,,,,,,,,,2017-09-08T10:36:00,,,,,,,,,,,,,,,,,,
2017-09-08 12:00:00,997.2,31.6,65.0,1.0,284.0,2.5,250.0,0.0,,,,,,,,,,2017-09-08T11:27:00,,,,,,,,,,,,,,,,,,
2017-09-08 13:00:00,996.4,32.6,68.0,3.1,235.0,4.8,253.0,0.0,,,,,,,,,,2017-09-08T12:50:00,,,,,,,,,,,,,,,,,,
2017-09-08 14:00:00,995.6,32.5,66.0,1.2,288.0,4.7,240.0,0.0,,,,,,,,,,2017-09-08T13:12:00,,,,,,,,,,,,,,,,,,
2017-09-08 15:00:00,995.3,31.0,70.0,2.4,273.0,4.3,281.0,0.0,,,,,,,,,,2017-09-08T14:56:00,,,,,,,,,,,,,,,,,,
2017-09-08 16:00:00,995.3,30.3,75.0,1.0,360.0,4.3,286.0,0.0,,,,,,,,,,2017-09-08T15:11:00,,,,,,,,,,,,,,,,,,
2017-09-08 17:00:00,995.1,29.8,78.0,0.2,0.0,2.3,280.0,0.0,,,,,,,,,,2017-09-08T16:43:00,,,,,,,,,,,,,,,,,,
2017-09-08 18:00:00,995.6,26.8,92.0,1.7,101.0,5.4,139.0,3.0,,,,,,,,,,2017-09-08T17:38:00,,,,,,,,,,,,,,,,,,
2017-09-08 19:00:00,995.9,26.9,92.0,1.2,64.0,2.4,115.0,0.5,,,,,,,,,,2017-09-08T18:01:00,,,,,,,,,,,,,,,,,,
2017-09-08 20:00:00,996.3,26.8,93.0,0.8,24.0,2.2,13.0,0.0,,,,,,,,,,2017-09-08T19:53:00,,,,,,,,,,,,,,,,,,
2017-09-08 21:00:00,996.9,26.6,93.0,1.0,84.0,1.9,81.0,0.0,,,,,,,,,,2017-09-08T20:54:00,,,,,,,,,,,,,,,,,,
2017-09-08 22:00:00,997.5,26.5,93.0,0.0,0.0,1.2,80.0,0.0,,,,,,,,,,2017-09-08T21:06:00,,,,,,,,,,,,,,,,,,
2017-09-08 23:00:00,997.6,26.3,94.0,0.7,62.0,1.7,58.0,0.0,,,,,,,,,,2017-09-08T22:22:00,,,,,,,,,,,,,,,,,,
2017-09-09 00:00:00,997.5,26.6,93.0,0.4,302.0,2.0,66.0,0.0,,,,,,,,,,2017-09-08T23:41:00,,,,,,,,,,,,,,,,,,
2017-09-09 01:00:00,997.1,25.9,94.0,0.9,80.0,1.6,5.0,0.0,,,,,,,,,,2017-09-09T00:33:00,,,,,,,,,,,,,,,,,,
2017-09-09 02:00:00,996.4,26.0,94.0,0.6,96.0,1.2,51.0,0.0,,,,,,,,,,2017-09-09T01:17:00,,,,,,,,,,,,,,,,,,
2017-09-09 03:00:00,995.9,25.7,94.0,0.0,0.0,1.1,57.0,0.0,,,,,,,,,,2017-09-09T02:38:00,,,,,,,,,,,,,,,,,,
2017-09-09 04:00:00,996.2,25.4,95.0,0.8,117.0,1.5,118.0,0.0,,,,,,,,,,2017-09-09T03:39:00,,,,,,,,,,,,,,,,,,
2017-09-09 05:00:00,996.4,25.3,94.0,1.0,67.0,2.0,68.0,0.0,,,,,,,,,,2017-09-09T04:49:00,,,,,,,,,,,,,,,,,,
2017-09-09 06:00:00,996.6,25.0,94.0,1.2,61.0,2.0,61.0,0.0,,,,,,,,,,2017-09-09T05:57:00,,,,,,,,,,,,,,,,,,
2017-09-09 07:00:00,996.7,25.9,93.0,1.0,73.0,2.0,58.0,0.0,,,,,,,,,,2017-09-09T06:11:00,,,,,,,,,,,,,,,,,,
2017-09-09 08:00:00,997.1,29.0,78.0,0.6,343.0,2.0,350.0,0.0,,,,,,,,,,2017-09-09T07:09:00,,,,,,,,,,,,,,,,,,
2017-09-09 09:00:00,997.6,29.4,78.0,1.1,238.0,2.5,241.0,0.0,,,,,,,,,,2017-09-09T08:52:00,,,,,,,,,,,,,,,,,,
2017-09-09 10:00:00,997.5,31.2,72.0,0.8,252.0,2.4,249.0,0.0,,,,,,,,,,2017-09-09T09:39:00,,,,,,,,,,,,,,,,,,
2017-09-09 11:00:00,997.1,31.8,67.0,0.7,270.0,3.5,180.0,0.0,,,,,,,,,,2017-09-09T10:31:00,,,,,,,,,,,,,,,,,,
2017-09-09 12:00:00,996.8,32.9,63.0,1.9,161.0,3.6,190.0,0.0,,,,,,,,,,2017-09-09T11:59:00,,,,,,,,,,,,,,,,,,
2017-09-09 13:00:00,996.2,31.9,64.0,1.2,273.0,4.3,123.0,0.0,,,,,,,,,,2017-09-09T12:15:00,,,,,,,,,,,,,,,,,,
2017-09-09 14:00:00,995.8,31.9,71.0,2.0,286.0,4.6,218.0,0.0,,,,,,,,,,2017-09-09T13:04:00,,,,,,,,,,,,,,,,,,
2017-09-09 15:00:00,995.3,30.0,80.0,1.0,51.0,3.7,288.0,2.5,,,,,,,,,,2017-09-09T14:01:00,,,,,,,,,,,,,,,,,,
2017-09-09 16:00:00,995.4,27.1,91.0,3.1,207.0,6.6,160.0,16.0,,,,,,,,,,2017-09-09T15:22:00,,,,,,,,,,,,,,,,,,
2017-09-09 17:00:00,995.1,27.5,91.0,0.8,55.0,3.6,222.0,1.5,,,,,,,,,,2017-09-09T16:08:00,,,,,,,,,,,,,,,,,,
2017-09-09 18:00:00,995.6,27.4,91.0,0.8,74.0,1.9,85.0,0.0,,,,,,,,,,2017-09-09T17:47:00,,,,,,,,,,,,,,,,,,
2017-09-09 19:00:00,995.9,26.9,92.0,1.1,66.0,1.8,71.0,0.0,,,,,,,,,,2017-09-09T19:00:00,,,,,,,,,,,,,,,,,,
2017-09-09 20:00:00,996.6,26.4,92.0,0.3,63.0,1.9,50.0,0.0,,,,,,,,,,2017-09-09T19:12:00,,,,,,,,,,,,,,,,,,
2017-09-09 21:00:00,997.3,26.2,93.0,0.1,0.0,1.8,69.0,0.0,,,,,,,,,,2017-09-09T20:08:00,,,,,,,,,,,,,,,,,,
2017-09-09 22:00:00,997.8,26.1,93.0,0.4,50.0,1.5,20.0,0.0,,,,,,,,,,2017-09-09T21:45:00,,,,,,,,,,,,,,,,,,
2017-09-09 23:00:00,997.9,25.7,93.0,0.4,83.0,1.8,62.0,0.0,,,,,,,,,,2017-09-09T22:03:00,,,,,,,,,,,,,,,,,,
2017-09-10 00:00:00,997.5,25.5,94.0,0.6,115.0,1.8,79.0,0.0,,,,,,,,,,2017-09-09T23:35:00,,,,,,,,,,,,,,,,,,
2017-09-10 01:00:00,997.6,25.3,94.0,1.2,53.0,2.1,51.0,0.0,,,,,,,,,,2017-09-10T01:00:00,,,,,,,,,,,,,,,,,,
2017-09-10 02:00:00,997.2,25.1,94.0,0.8,39.0,2.2,61.0,0.0,,,,,,,,,,2017-09-10T01:01:00,,,,,,,,,,,,,,,,,,
2017-09-10 03:00:00,996.7,25.1,93.0,0.8,24.0,2.0,74.0,0.0,,,,,,,,,,2017-09-10T02:08:00,,,,,,,,,,,,,,,,,,
2017-09-10 04:00:00,996.7,24.8,94.0,1.0,65.0,1.5,70.0,0.0,,,,,,,,,,2017-09-10T03:08:00,,,,,,,,,,,,,,,,,,
2017-09-10 05:00:00,996.8,24.4,95.0,0.5,57.0,1.8,49.0,0.0,,,,,,,,,,2017-09-10T04:40:00,,,,,,,,,,,,,,,,,,
2017-09-10 06:00:00,997.3,24.2,95.0,1.2,69.0,1.9,83.0,0.0,,,,,,,,,,2017-09-10T05:44:00,,,,,,,,,,,,,,,,,,
2017-09-10 07:00:00,997.7,25.5,90.0,0.5,28.0,2.3,47.0,0.0,,,,,,,,,,2017-09-10T06:13:00,,,,,,,,,,,,,,,,,,
2017-09-10 08:00:00,997.7,28.4,78.0,0.6,97.0,2.1,78.0,0.0,,,,,,,,,,2017-09-10T07:36:00,,,,,,,,,,,,,,,,,,
2017-09-10 09:00:00,997.8,30.3,68.0,0.9,308.0,1.9,290.0,0.0,,,,,,,,,,2017-09-10T08:55:00,,,,,,,,,,,,,,,,,,
2017-09-10 10:00:00,997.6,30.8,69.0,1.4,281.0,4.3,230.0,0.0,,,,,,,,,,2017-09-10T09:48:00,,,,,,,,,,,,,,,,,,
2017-09-10 11:00:00,997.4,32.3,65.0,1.2,267.0,3.6,279.0,0.0,,,,,,,,,,2017-09-10T10:58:00,,,,,,,,,,,,,,,,,,
2017-09-10 12:00:00,997.3,33.1,63.0,1.8,278.0,4.0,288.0,0.0,,,,,,,,,,2017-09-10T11:06:00,,,,,,,,,,,,,,,,,,
2017-09-10 13:00:00,996.8,32.3,66.0,2.2,274.0,5.2,288.0,0.0,,,,,,,,,,2017-09-10T12:48:00,,,,,,,,,,,,,,,,,,
2017-09-10 14:00:00,996.2,32.2,67.0,1.5,301.0,6.0,261.0,0.0,,,,,,,,,,2017-09-10T13:40:00,,,,,,,,,,,,,,,,,,
2017-09-10 15:00:00,995.8,32.8,63.0,1.2,337.0,5.9,271.0,0.0,,,,,,,,,,2017-09-10T14:42:00,,,,,,,,,,,,,,,,,,
2017-09-10 16:00:00,995.9,32.6,66.0,1.0,313.0,5.6,293.0,0.0,,,,,,,,,,2017-09-10T15:14:00,,,,,,,,,,,,,,,,,,
2017-09-10 17:00:00,996.2,30.4,72.0,1.6,294.0,5.3,279.0,0.0,,,,,,,,,,2017-09-10T16:14:00,,,,,,,,,,,,,,,,,,
2017-09-10 18:00:00,996.6,29.3,72.0,0.7,331.0,4.2,295.0,0.0,,,,,,,,,,2017-09-10T17:03:00,,,,,,,,,,,,,,,,,,
2017-09-10 19:00:00,997.1,27.2,88.0,0.9,215.0,5.0,172.0,0.0,,,,,,,,,,2017-09-10T18:40:00,,,,,,,,,,,,,,,,,,
2017-09-10 20:00:00,997.8,27.4,87.0,0.1,0.0,2.6,144.0,0.0,,,,,,,,,,2017-09-10T19:06:00,,,,,,,,,,,,,,,,,,
2017-09-10 21:00:00,998.4,27.1,88.0,0.8,95.0,1.8,85.0,0.0,,,,,,,,,,2017-09-10T20:16:00,,,,,,,,,,,,,,,,,,
2017-09-10 22:00:00,998.4,26.3,90.0,1.0,70.0,1.7,51.0,0.0,,,,,,,,,,2017-09-10T21:37:00,,,,,,,,,,,,,,,,,,
2017-09-10 23:00:00,997.7,25.8,92.0,0.6,84.0,1.3,123.0,0.0,,,,,,,,,,2017-09-10T22:10:00,,,,,,,,,,,,,,,,,,
2017-09-11 00:00:00,997.2,25.7,92.0,1.2,27.0,2.1,34.0,0.0,,,,,,,,,,2017-09-10T23:54:00,,,,,,,,,,,,,,,,,,
2017-09-11 01:00:00,996.5,25.0,93.0,0.8,64.0,2.1,74.0,0.0,,,,,,,,,,2017-09-11T00:11:00,,,,,,,,,,,,,,,,,,
2017-09-11 02:00:00,996.0,24.9,93.0,1.4,64.0,2.1,56.0,0.0,,,,,,,,,,2017-09-11T01:58:00,,,,,,,,,,,,,,,,,,
2017-09-11 03:00:00,996.0,24.7,93.0,1.2,73.0,2.1,64.0,0.0,,,,,,,,,,2017-09-11T02:02:00,,,,,,,,,,,,,,,,,,
2017-09-11 04:00:00,995.7,24.8,93.0,0.3,28.0,1.7,62.0,0.0,,,,,,,,,,2017-09-11T03:04:00,,,,,,,,,,,,,,,,,,
2017-09-11 05:00:00,995.3,24.5,92.0,0.4,89.0,2.0,13.0,0.0,,,,,,,,,,2017-09-11T04:35:00,,,,,,,,,,,,,,,,,,
2017-09-11 06:00:00,995.6,23.9,94.0,1.1,75.0,1.5,71.0,0.0,,,,,,,,,,2017-09-11T05:23:00,,,,,,,,,,,,,,,,,,
2017-09-11 07:00:00,996.2,25.2,89.0,1.0,83.0,1.9,70.0,0.0,,,,,,,,,,2017-09-11T06:56:00,,,,,,,,,,,,,,,,,,
2017-09-11 08:00:00,996.7,26.6,84.0,0.5,186.0,2.2,52.0,0.0,,,,,,,,,,2017-09-11T07:07:00,,,,,,,,,,,,,,,,,,
2017-09-11 09:00:00,997.0,28.8,75.0,0.7,185.0,1.9,173.0,0.0,,,,,,,,,,2017-09-11T08:57:00,,,,,,,,,,,,,,,,,,
2017-09-11 10:00:00,996.8,30.9,65.0,1.1,241.0,2.6,276.0,0.0,,,,,,,,,,2017-09-11T09:43:00,,,,,,,,,,,,,,,,,,
2017-09-11 11:00:00,996.6,31.8,64.0,0.9,236.0,3.6,231.0,0.0,,,,,,,,,,2017-09-11T10:50:00,,,,,,,,,,,,,,,,,,
2017-09-11 12:00:00,996.3,31.5,63.0,2.0,272.0,3.5,278.0,0.0,,,,,,,,,,2017-09-11T11:30:00,,,,,,,,,,,,,,,,,,
2017-09-11 13:00:00,995.6,32.5,62.0,1.2,287.0,2.8,258.0,0.0,,,,,,,,,,2017-09-11T12:48:00,,,,,,,,,,,,,,,,,,
2017-09-11 14:00:00,995.0,32.8,62.0,1.4,337.0,4.6,285.0,0.0,,,,,,,,,,2017-09-11T13:40:00,,,,,,,,,,,,,,,,,,
2017-09-11 15:00:00,994.5,33.0,60.0,1.2,283.0,5.3,290.0,0.0,,,,,,,,,,2017-09-11T14:11:00,,,,,,,,,,,,,,,,,,
2017-09-11 16:00:00,994.0,33.0,61.0,0.9,304.0,4.6,11.0,0.0,,,,,,,,,,2017-09-11T15:29:00,,,,,,,,,,,,,,,,,,
2017-09-11 17:00:00,994.2,32.2,63.0,1.1,304.0,4.1,331.0,0.0,,,,,,,,,,2017-09-11T16:07:00,,,,,,,,,,,,,,,,,,
2017-09-11 18:00:00,994.5,29.7,73.0,1.0,276.0,2.5,11.0,0.0,,,,,,,,,,2017-09-11T17:24:00,,,,,,,,,,,,,,,,,,
2017-09-11 19:00:00,995.1,28.3,81.0,1.0,189.0,1.7,268.0,0.0,,,,,,,,,,2017-09-11T18:18:00,,,,,,,,,,,,,,,,,,
2017-09-11 20:00:00,996.0,27.0,86.0,0.6,73.0,1.5,168.0,0.0,,,,,,,,,,2017-09-11T19:01:00,,,,,,,,,,,,,,,,,,
2017-09-11 21:00:00,996.8,26.4,88.0,1.2,67.0,1.8,76.0,0.0,,,,,,,,,,2017-09-11T20:44:00,,,,,,,,,,,,,,,,,,
2017-09-11 22:00:00,997.1,26.0,90.0,0.0,0.0,1.9,73.0,0.0,,,,,,,,,,2017-09-11T21:03:00,,,,,,,,,,,,,,,,,,
2017-09-11 23:00:00,996.5,25.5,92.0,1.2,75.0,1.9,81.0,0.0,,,,,,,,,,2017-09-11T22:37:00,,,,,,,,,,,,,,,,,,
2017-09-12 00:00:00,996.3,25.7,91.0,1.2,70.0,2.1,69.0,0.0,,,,,,,,,,2017-09-11T23:25:00,,,,,,,,,,,,,,,,,,
2017-09-12 01:00:00,996.0,25.2,92.0,0.8,91.0,1.8,55.0,0.0,,,,,,,,,,2017-09-12T00:02:00,,,,,,,,,,,,,,,,,,
2017-09-12 02:00:00,995.6,25.3,92.0,0.7,355.0,1.9,61.0,0.0,,,,,,,,,,2017-09-12T01:40:00,,,,,,,,,,,,,,,,,,
2017-09-12 03:00:00,995.6,25.0,93.0,0.7,75.0,1.5,83.0,0.0,,,,,,,,,,2017-09-12T02:07:00,,,,,,,,,,,,,,,,,,
2017-09-12 04:00:00,995.5,25.3,91.0,0.5,83.0,1.5,88.0,0.0,,,,,,,,,,2017-09-12T03:30:00,,,,,,,,,,,,,,,,,,
2017-09-12 05:00:00,995.6,25.1,93.0,0.0,0.0,1.8,122.0,0.0,,,,,,,,,,2017-09-12T04:40:00,,,,,,,,,,,,,,,,,,
2017-09-12 06:00:00,996.0,25.0,93.0,0.2,0.0,1.3,299.0,0.0,,,,,,,,,,2017-09-12T05:42:00,,,,,,,,,,,,,,,,,,
2017-09-12 07:00:00,996.4,25.7,92.0,0.6,17.0,1.1,355.0,0.0,,,,,,,,,,2017-09-12T06:57:00,,,,,,,,,,,,,,,,,,
2017-09-12 08:00:00,996.5,28.2,78.0,0.8,350.0,1.9,11.0,0.0,,,,,,,,,,2017-09-12T07:46:00,,,,,,,,,,,,,,,,,,
2017-09-12 09:00:00,996.5,30.7,69.0,1.0,261.0,1.9,355.0,0.0,,,,,,,,,,2017-09-12T08:23:00,,,,,,,,,,,,,,,,,,
2017-09-12 10:00:00,996.1,31.8,65.0,1.0,290.0,3.4,250.0,0.0,,,,,,,,,,2017-09-12T09:58:00,,,,,,,,,,,,,,,,,,
2017-09-12 11:00:00,995.7,32.8,62.0,1.3,301.0,4.1,290.0,0.0,,,,,,,,,,2017-09-12T10:21:00,,,,,,,,,,,,,,,,,,
2017-09-12 12:00:00,995.0,33.4,56.0,1.1,350.0,4.5,295.0,0.0,,,,,,,,,,2017-09-12T11:05:00,,,,,,,,,,,,,,,,,,
2017-09-12 13:00:00,994.4,33.8,57.0,1.7,282.0,5.0,260.0,0.0,,,,,,,,,,2017-09-12T12:42:00,,,,,,,,,,,,,,,,,,
2017-09-12 14:00:00,993.6,34.3,57.0,2.5,264.0,5.4,259.0,0.0,,,,,,,,,,2017-09-12T13:32:00,,,,,,,,,,,,,,,,,,
2017-09-12 15:00:00,993.0,34.2,56.0,2.7,275.0,5.4,268.0,0.0,,,,,,,,,,2017-09-12T14:59:00,,,,,,,,,,,,,,,,,,
2017-09-12 16:00:00,993.1,34.1,57.0,1.0,290.0,4.1,291.0,0.0,,,,,,,,,,2017-09-12T15:07:00,,,,,,,,,,,,,,,,,,
2017-09-12 17:00:00,993.1,32.5,63.0,1.2,302.0,4.4,265.0,0.0,,,,,,,,,,2017-09-12T16:37:00,,,,,,,,,,,,,,,,,,
2017-09-12 18:00:00,993.1,29.9,74.0,1.1,274.0,4.5,287.0,0.0,,,,,,,,,,2017-09-12T17:39:00,,,,,,,,,,,,,,,,,,
2017-09-12 19:00:00,993.7,29.1,78.0,1.5,218.0,2.5,246.0,0.0,,,,,,,,,,2017-09-12T18:36:00,,,,,,,,,,,,,,,,,,
2017-09-12 20:00:00,994.7,29.0,79.0,1.2,178.0,2.5,226.0,0.0,,,,,,,,,,2017-09-12T19:23:00,,,,,,,,,,,,,,,,,,
2017-09-12 21:00:00,994.9,28.7,76.0,1.6,107.0,4.5,103.0,0.0,,,,,,,,,,2017-09-12T20:59:00,,,,,,,,,,,,,,,,,,
2017-09-12 22:00:00,995.1,28.5,76.0,0.6,100.0,5.0,116.0,0.0,,,,,,,,,,2017-09-12T21:05:00,,,,,,,,,,,,,,,,,,
2017-09-12 23:00:00,995.4,27.6,84.0,0.4,206.0,2.2,122.0,0.0,,,,,,,,,,2017-09-12T22:16:00,,,,,,,,,,,,,,,,,,
2017-09-13 00:00:00,995.2,27.4,84.0,0.6,92.0,1.2,94.0,0.0,,,,,,,,,,2017-09-12T23:54:00,,,,,,,,,,,,,,,,,,
2017-09-13 01:00:00,994.5,27.0,85.0,0.4,8.0,1.8,54.0,0.0,,,,,,,,,,2017-09-13T00:47:00,,,,,,,,,,,,,,,,,,
2017-09-13 02:00:00,994.2,26.7,88.0,0.3,177.0,1.9,10.0,0.0,,,,,,,,,,2017-09-13T01:04:00,,,,,,,,,,,,,,,,,,
2017-09-13 03:00:00,994.2,26.5,87.0,0.8,67.0,1.8,74.0,0.0,,,,,,,,,,2017-09-13T02:46:00,,,,,,,,,,,,,,,,,,
2017-09-13 04:00:00,994.3,26.6,88.0,0.9,63.0,1.8,354.0,0.0,,,,,,,,,,2017-09-13T03:34:00,,,,,,,,,,,,,,,,,,
2017-09-13 05:00:00,994.7,26.5,89.0,1.0,61.0,1.8,71.0,0.0,,,,,,,,,,2017-09-13T04:19:00,,,,,,,,,,,,,,,,,,
2017-09-13 06:00:00,995.1,26.2,89.0,0.0,0.0,2.4,35.0,0.0,,,,,,,,,,2017-09-13T05:15:00,,,,,,,,,,,,,,,,,,
2017-09-13 07:00:00,995.6,26.9,85.0,1.0,40.0,1.7,55.0,0.0,,,,,,,,,,2017-09-13T06:56:00,,,,,,,,,,,,,,,,,,
2017-09-13 08:00:00,996.3,28.4,77.0,1.1,62.0,2.3,51.0,0.0,,,,,,,,,,2017-09-13T07:50:00,,,,,,,,,,,,,,,,,,
2017-09-13 09:00:00,996.2,30.8,65.0,1.1,31.0,3.1,43.0,0.0,,,,,,,,,,2017-09-13T08:33:00,,,,,,,,,,,,,,,,,,
2017-09-13 10:00:00,996.2,32.5,58.0,1.0,178.0,2.8,91.0,0.0,,,,,,,,,,2017-09-13T09:21:00,,,,,,,,,,,,,,,,,,
2017-09-13 11:00:00,995.3,33.5,58.0,1.3,230.0,3.9,270.0,0.0,,,,,,,,,,2017-09-13T10:40:00,,,,,,,,,,,,,,,,,,
2017-09-13 12:00:00,994.2,33.3,61.0,2.0,275.0,4.9,288.0,0.0,,,,,,,,,,2017-09-13T11:54:00,,,,,,,,,,,,,,,,,,
2017-09-13 13:00:00,993.6,34.6,55.0,2.0,313.0,4.4,287.0,0.0,,,,,,,,,,2017-09-13T12:56:00,,,,,,,,,,,,,,,,,,
2017-09-13 14:00:00,993.3,34.3,56.0,1.9,268.0,3.7,287.0,0.0,,,,,,,,,,2017-09-13T13:26:00,,,,,,,,,,,,,,,,,,
2017-09-13 15:00:00,992.8,33.8,59.0,1.2,288.0,4.4,257.0,0.0,,,,,,,,,,2017-09-13T14:08:00,,,,,,,,,,,,,,,,,,
2017-09-13 16:00:00,992.6,33.7,58.0,1.2,290.0,3.5,275.0,0.0,,,,,,,,,,2017-09-13T15:38:00,,,,,,,,,,,,,,,,,,
2017-09-13 17:00:00,992.8,32.5,64.0,1.9,237.0,3.5,263.0,0.0,,,,,,,,,,2017-09-13T16:43:00,,,,,,,,,,,,,,,,,,
2017-09-13 18:00:00,993.6,29.2,72.0,1.3,154.0,6.2,147.0,0.0,,,,,,,,,,2017-09-13T17:38:00,,,,,,,,,,,,,,,,,,
2017-09-13 19:00:00,994.5,29.0,73.0,1.5,290.0,4.4,164.0,0.0,,,,,,,,,,2017-09-13T18:24:00,,,,,,,,,,,,,,,,,,
2017-09-13 20:00:00,995.2,28.9,76.0,1.0,13.0,2.4,349.0,0.0,,,,,,,,,,2017-09-13T19:06:00,,,,,,,,,,,,,,,,,,
2017-09-13 21:00:00,995.5,28.5,79.0,0.4,69.0,3.2,215.0,0.0,,,,,,,,,,2017-09-13T20:34:00,,,,,,,,,,,,,,,,,,
2017-09-13 22:00:00,995.3,27.9,82.0,1.4,56.0,2.1,65.0,0.0,,,,,,,,,,2017-09-13T21:56:00,,,,,,,,,,,,,,,,,,
2017-09-13 23:00:00,995.2,27.3,85.0,0.6,16.0,3.1,58.0,0.0,,,,,,,,,,2017-09-13T22:12:00,,,,,,,,,,,,,,,,,,
2017-09-14 00:00:00,994.9,26.7,87.0,1.0,53.0,1.8,343.0,0.0,,,,,,,,,,2017-09-13T23:12:00,,,,,,,,,,,,,,,,,,
2017-09-14 01:00:00,994.4,25.8,90.0,0.8,64.0,2.3,67.0,0.0,,,,,,,,,,2017-09-14T00:37:00,,,,,,,,,,,,,,,,,,
2017-09-14 02:00:00,993.7,26.0,87.0,1.2,45.0,3.4,54.0,0.0,,,,,,,,,,2017-09-14T01:49:00,,,,,,,,,,,,,,,,,,
2017-09-14 03:00:00,993.3,25.8,88.0,1.1,38.0,2.8,38.0,0.0,,,,,,,,,,2017-09-14T02:53:00,,,,,,,,,,,,,,,,,,
2017-09-14 04:00:00,993.5,25.6,87.0,1.5,59.0,2.8,61.0,0.0,,,,,,,,,,2017-09-14T03:55:00,,,,,,,,,,,,,,,,,,
2017-09-14 05:00:00,993.7,25.9,85.0,0.6,38.0,3.3,63.0,0.0,,,,,,,,,,2017-09-14T04:10:00,,,,,,,,,,,,,,,,,,
2017-09-14 06:00:00,993.7,24.9,89.0,0.5,165.0,2.2,11.0,0.0,,,,,,,,,,2017-09-14T05:32:00,,,,,,,,,,,,,,,,,,
2017-09-14 07:00:00,994.0,25.6,85.0,1.0,18.0,3.0,9.0,0.0,,,,,,,,,,2017-09-14T06:45:00,,,,,,,,,,,,,,,,,,
2017-09-14 08:00:00,993.9,28.4,70.0,1.7,23.0,2.9,355.0,0.0,,,,,,,,,,2017-09-14T07:58:00,,,,,,,,,,,,,,,,,,
2017-09-14 09:00:00,994.0,30.2,65.0,0.8,8.0,3.4,74.0,0.0,,,,,,,,,,2017-09-14T08:03:00,,,,,,,,,,,,,,,,,,
2017-09-14 10:00:00,994.1,32.3,63.0,1.3,268.0,3.5,281.0,0.0,,,,,,,,,,2017-09-14T09:43:00,,,,,,,,,,,,,,,,,,
2017-09-14 11:00:00,993.8,33.0,60.0,0.5,296.0,4.1,268.0,0.0,,,,,,,,,,2017-09-14T10:42:00,,,,,,,,,,,,,,,,,,
2017-09-14 12:00:00,993.1,33.6,60.0,2.3,273.0,4.2,294.0,0.0,,,,,,,,,,2017-09-14T11:59:00,,,,,,,,,,,,,,,,,,
2017-09-14 13:00:00,992.5,34.2,56.0,1.3,283.0,4.1,261.0,0.0,,,,,,,,,,2017-09-14T12:16:00,,,,,,,,,,,,,,,,,,
2017-09-14 14:00:00,991.9,34.4,55.0,2.4,292.0,6.4,288.0,0.0,,,,,,,,,,2017-09-14T13:33:00,,,,,,,,,,,,,,,,,,
2017-09-14 15:00:00,991.3,34.7,56.0,1.0,311.0,5.9,279.0,0.0,,,,,,,,,,2017-09-14T14:05:00,,,,,,,,,,,,,,,,,,
2017-09-14 16:00:00,991.2,34.2,57.0,2.1,286.0,5.2,283.0,0.0,,,,,,,,,,2017-09-14T15:18:00,,,,,,,,,,,,,,,,,,
2017-09-14 17:00:00,991.5,32.8,62.0,1.2,284.0,4.5,288.0,0.0,,,,,,,,,,2017-09-14T16:12:00,,,,,,,,,,,,,,,,,,
2017-09-14 18:00:00,991.9,30.8,69.0,0.7,279.0,3.1,290.0,0.0,,,,,,,,,,2017-09-14T17:01:00,,,,,,,,,,,,,,,,,,
2017-09-14 19:00:00,992.9,28.9,77.0,1.5,217.0,2.2,223.0,0.0,,,,,,,,,,2017-09-14T18:49:00,,,,,,,,,,,,,,,,,,
2017-09-14 20:00:00,993.7,28.5,80.0,0.9,112.0,2.3,210.0,0.0,,,,,,,,,,2017-09-14T19:03:00,,,,,,,,,,,,,,,,,,
2017-09-14 21:00:00,994.4,28.1,80.0,0.8,31.0,1.7,110.0,0.0,,,,,,,,,,2017-09-14T20:09:00,,,,,,,,,,,,,,,,,,
2017-09-14 22:00:00,994.9,27.0,86.0,0.8,211.0,2.1,100.0,0.0,,,,,,,,,,2017-09-14T21:09:00,,,,,,,,,,,,,,,,,,
2017-09-14 23:00:00,995.0,26.6,88.0,0.9,98.0,1.4,233.0,0.0,,,,,,,,,,2017-09-14T22:04:00,,,,,,,,,,,,,,,,,,
2017-09-15 00:00:00,995.1,26.4,90.0,1.4,2.0,2.2,12.0,0.0,,,,,,,,,,2017-09-15T00:00:00,,,,,,,,,,,,,,,,,,
2017-09-15 01:00:00,994.8,26.1,91.0,0.6,347.0,1.8,9.0,0.0,,,,,,,,,,2017-09-15T00:01:00,,,,,,,,,,,,,,,,,,
2017-09-15 02:00:00,994.5,26.5,90.0,0.5,254.0,2.1,354.0,0.0,,,,,,,,,,2017-09-15T01:45:00,,,,,,,,,,,,,,,,,,
2017-09-15 03:00:00,994.3,26.1,91.0,1.0,355.0,1.5,267.0,0.0,,,,,,,,,,2017-09-15T02:43:00,,,,,,,,,,,,,,,,,,
2017-09-15 04:00:00,994.3,26.3,91.0,0.7,340.0,1.6,346.0,0.0,,,,,,,,,,2017-09-15T03:01:00,,,,,,,,,,,,,,,,,,
2017-09-15 05:00:00,994.7,26.4,90.0,0.3,327.0,1.1,330.0,0.0,,,,,,,,,,2017-09-15T04:04:00,,,,,,,,,,,,,,,,,,
2017-09-15 06:00:00,995.0,26.0,91.0,1.2,75.0,1.8,66.0,0.0,,,,,,,,,,2017-09-15T05:59:00,,,,,,,,,,,,,,,,,,
2017-09-15 07:00:00,995.3,26.9,88.0,1.2,6.0,1.9,360.0,0.0,,,,,,,,,,2017-09-15T06:56:00,,,,,,,,,,,,,,,,,,
2017-09-15 08:00:00,995.7,28.6,80.0,0.8,355.0,1.9,76.0,0.0,,,,,,,,,,2017-09-15T07:05:00,,,,,,,,,,,,,,,,,,
2017-09-15 09:00:00,995.8,29.9,74.0,0.7,234.0,2.5,251.0,0.0,,,,,,,,,,2017-09-15T08:45:00,,,,,,,,,,,,,,,,,,
2017-09-15 10:00:00,995.6,31.1,68.0,1.2,285.0,3.7,32.0,0.0,,,,,,,,,,2017-09-15T09:31:00,,,,,,,,,,,,,,,,,,
2017-09-15 11:00:00,995.0,32.9,60.0,1.0,324.0,5.6,352.0,0.0,,,,,,,,,,2017-09-15T10:31:00,,,,,,,,,,,,,,,,,,
2017-09-15 12:00:00,994.5,33.7,60.0,2.5,282.0,5.4,18.0,0.0,,,,,,,,,,2017-09-15T11:02:00,,,,,,,,,,,,,,,,,,
2017-09-15 13:00:00,993.6,34.4,54.0,2.0,324.0,5.4,291.0,0.0,,,,,,,,,,2017-09-15T12:38:00,,,,,,,,,,,,,,,,,,
2017-09-15 14:00:00,992.8,33.9,50.0,1.9,353.0,6.8,331.0,0.0,,,,,,,,,,2017-09-15T13:51:00,,,,,,,,,,,,,,,,,,
2017-09-15 15:00:00,992.2,34.4,51.0,1.3,315.0,8.6,1.0,0.0,,,,,,,,,,2017-09-15T14:05:00,,,,,,,,,,,,,,,,,,
2017-09-15 16:00:00,992.4,33.7,51.0,1.4,330.0,6.2,353.0,0.0,,,,,,,,,,2017-09-15T15:23:00,,,,,,,,,,,,,,,,,,
2017-09-15 17:00:00,992.6,32.4,54.0,1.4,322.0,5.8,303.0,0.0,,,,,,,,,,2017-09-15T16:51:00,,,,,,,,,,,,,,,,,,
2017-09-15 18:00:00,993.4,30.0,61.0,1.9,292.0,5.3,360.0,0.0,,,,,,,,,,2017-09-15T17:07:00,,,,,,,,,,,,,,,,,,
2017-09-15 19:00:00,994.3,28.7,67.0,0.4,328.0,3.2,273.0,0.0,,,,,,,,,,2017-09-15T18:28:00,,,,,,,,,,,,,,,,,,
2017-09-15 20:00:00,995.1,27.5,74.0,0.8,114.0,3.8,12.0,0.0,,,,,,,,,,2017-09-15T19:09:00,,,,,,,,,,,,,,,,,,
2017-09-15 21:00:00,995.8,25.9,80.0,0.7,72.0,1.7,81.0,0.0,,,,,,,,,,2017-09-15T20:53:00,,,,,,,,,,,,,,,,,,
2017-09-15 22:00:00,996.0,25.5,83.0,0.8,56.0,1.7,75.0,0.0,,,,,,,,,,2017-09-15T21:48:00,,,,,,,,,,,,,,,,,,
2017-09-15 23:00:00,995.9,25.2,84.0,1.0,66.0,2.8,53.0,0.0,,,,,,,,,,2017-09-15T22:43:00,,,,,,,,,,,,,,,,,,
2017-09-16 00:00:00,996.0,25.3,83.0,1.3,52.0,2.4,62.0,0.0,,,,,,,,,,2017-09-15T23:46:00,,,,,,,,,,,,,,,,,,
2017-09-16 01:00:00,995.9,24.5,88.0,0.5,333.0,2.9,51.0,0.0,,,,,,,,,,2017-09-16T00:05:00,,,,,,,,,,,,,,,,,,
2017-09-16 02:00:00,995.5,24.1,88.0,1.0,83.0,1.7,57.0,0.0,,,,,,,,,,2017-09-16T01:35:00,,,,,,,,,,,,,,,,,,
2017-09-16 03:00:00,995.0,23.8,90.0,0.5,322.0,1.4,67.0,0.0,,,,,,,,,,2017-09-16T02:19:00,,,,,,,,,,,,,,,,,,
2017-09-16 04:00:00,994.7,23.3,92.0,0.4,307.0,1.2,13.0,0.0,,,,,,,,,,2017-09-16T03:05:00,,,,,,,,,,,,,,,,,,
2017-09-16 05:00:00,995.0,22.9,93.0,0.9,101.0,1.5,99.0,0.0,,,,,,,,,,2017-09-16T04:47:00,,,,,,,,,,,,,,,,,,
2017-09-16 06:00:00,995.2,23.3,91.0,1.2,61.0,1.6,12.0,0.0,,,,,,,,,,2017-09-16T05:02:00,,,,,,,,,,,,,,,,,,
2017-09-16 07:00:00,995.8,24.5,85.0,1.5,63.0,2.5,65.0,0.0,,,,,,,,,,2017-09-16T06:10:00,,,,,,,,,,,,,,,,,,
2017-09-16 08:00:00,996.3,27.9,72.0,0.5,144.0,2.4,26.0,0.0,,,,,,,,,,2017-09-16T07:22:00,,,,,,,,,,,,,,,,,,
2017-09-16 09:00:00,996.2,30.2,58.0,0.7,126.0,1.6,159.0,0.0,,,,,,,,,,2017-09-16T08:28:00,,,,,,,,,,,,,,,,,,
2017-09-16 10:00:00,996.0,31.2,56.0,1.2,162.0,3.3,275.0,0.0,,,,,,,,,,2017-09-16T09:38:00,,,,,,,,,,,,,,,,,,
2017-09-16 11:00:00,995.2,33.0,52.0,1.7,275.0,4.0,48.0,0.0,,,,,,,,,,2017-09-16T10:08:00,,,,,,,,,,,,,,,,,,
2017-09-16 12:00:00,994.2,33.7,51.0,0.9,202.0,4.1,266.0,0.0,,,,,,,,,,2017-09-16T11:04:00,,,,,,,,,,,,,,,,,,
2017-09-16 13:00:00,993.2,34.4,50.0,2.8,276.0,5.9,260.0,0.0,,,,,,,,,,2017-09-16T12:56:00,,,,,,,,,,,,,,,,,,
2017-09-16 14:00:00,992.5,35.3,47.0,1.5,278.0,5.4,273.0,0.0,,,,,,,,,,2017-09-16T13:43:00,,,,,,,,,,,,,,,,,,
2017-09-16 15:00:00,992.0,35.1,45.0,1.6,301.0,5.4,284.0,0.0,,,,,,,,,,2017-09-16T14:40:00,,,,,,,,,,,,,,,,,,
2017-09-16 16:00:00,992.1,33.0,60.0,2.6,278.0,6.4,277.0,0.0,,,,,,,,,,2017-09-16T15:55:00,,,,,,,,,,,,,,,,,,
2017-09-16 17:00:00,992.5,32.2,63.0,1.7,282.0,6.1,269.0,0.0,,,,,,,,,,2017-09-16T16:13:00,,,,,,,,,,,,,,,,,,
2017-09-16 18:00:00,993.0,29.9,71.0,1.6,284.0,4.5,291.0,0.0,,,,,,,,,,2017-09-16T17:01:00,,,,,,,,,,,,,,,,,,
2017-09-16 19:00:00,993.5,28.8,76.0,0.4,285.0,4.1,287.0,0.0,,,,,,,,,,2017-09-16T18:06:00,,,,,,,,,,,,,,,,,,
2017-09-16 20:00:00,994.2,28.1,80.0,1.1,267.0,1.9,275.0,0.0,,,,,,,,,,2017-09-16T19:56:00,,,,,,,,,,,,,,,,,,
2017-09-16 21:00:00,995.1,27.5,84.0,1.0,162.0,2.0,198.0,0.0,,,,,,,,,,2017-09-16T20:37:00,,,,,,,,,,,,,,,,,,
2017-09-16 22:00:00,995.5,26.5,88.0,1.2,74.0,1.8,165.0,0.0,,,,,,,,,,2017-09-16T21:14:00,,,,,,,,,,,,,,,,,,
2017-09-16 23:00:00,995.3,26.3,89.0,1.3,68.0,2.2,75.0,0.0,,,,,,,,,,2017-09-16T22:45:00,,,,,,,,,,,,,,,,,,
2017-09-17 00:00:00,995.1,26.0,89.0,1.1,69.0,2.3,59.0,0.0,,,,,,,,,,2017-09-16T23:37:00,,,,,,,,,,,,,,,,,,
2017-09-17 01:00:00,994.7,25.6,90.0,0.3,89.0,1.9,61.0,0.0,,,,,,,,,,2017-09-17T00:14:00,,,,,,,,,,,,,,,,,,
2017-09-17 02:00:00,994.5,25.2,91.0,0.8,88.0,1.7,60.0,0.0,,,,,,,,,,2017-09-17T01:46:00,,,,,,,,,,,,,,,,,,
2017-09-17 03:00:00,994.2,25.0,92.0,0.0,0.0,0.9,110.0,0.0,,,,,,,,,,2017-09-17T02:01:00,,,,,,,,,,,,,,,,,,
2017-09-17 04:00:00,994.1,24.8,93.0,0.1,0.0,1.1,108.0,0.0,,,,,,,,,,2017-09-17T03:26:00,,,,,,,,,,,,,,,,,,
2017-09-17 05:00:00,994.4,24.5,93.0,1.1,82.0,1.5,334.0,0.0,,,,,,,,,,2017-09-17T04:15:00,,,,,,,,,,,,,,,,,,
2017-09-17 06:00:00,994.6,24.6,91.0,1.2,65.0,2.5,63.0,0.0,,,,,,,,,,2017-09-17T05:52:00,,,,,,,,,,,,,,,,,,
2017-09-17 07:00:00,995.2,25.2,88.0,0.9,12.0,2.2,8.0,0.0,,,,,,,,,,2017-09-17T06:05:00,,,,,,,,,,,,,,,,,,
2017-09-17 08:00:00,995.7,28.2,73.0,0.6,73.0,2.0,79.0,0.0,,,,,,,,,,2017-09-17T07:47:00,,,,,,,,,,,,,,,,,,
2017-09-17 09:00:00,996.0,30.0,64.0,0.5,336.0,2.7,80.0,0.0,,,,,,,,,,2017-09-17T08:13:00,,,,,,,,,,,,,,,,,,
2017-09-17 10:00:00,995.9,31.3,61.0,1.5,274.0,3.1,294.0,0.0,,,,,,,,,,2017-09-17T09:46:00,,,,,,,,,,,,,,,,,,
2017-09-17 11:00:00,995.7,31.0,63.0,1.2,228.0,4.0,257.0,0.0,,,,,,,,,,2017-09-17T10:41:00,,,,,,,,,,,,,,,,,,
2017-09-17 12:00:00,995.0,34.0,53.0,1.2,233.0,3.5,286.0,0.0,,,,,,,,,,2017-09-17T11:45:00,,,,,,,,,,,,,,,,,,
2017-09-17 13:00:00,994.2,34.2,50.0,1.8,250.0,4.6,235.0,0.0,,,,,,,,,,2017-09-17T12:12:00,,,,,,,,,,,,,,,,,,
2017-09-17 14:00:00,993.4,34.2,49.0,2.1,238.0,4.2,269.0,0.0,,,,,,,,,,2017-09-17T13:43:00,,,,,,,,,,,,,,,,,,
2017-09-17 15:00:00,993.1,34.9,44.0,1.5,278.0,7.2,271.0,0.0,,,,,,,,,,2017-09-17T14:43:00,,,,,,,,,,,,,,,,,,
2017-09-17 16:00:00,993.0,34.4,43.0,1.5,274.0,4.5,226.0,0.0,,,,,,,,,,2017-09-17T15:04:00,,,,,,,,,,,,,,,,,,
2017-09-17 17:00:00,993.6,31.6,63.0,2.3,180.0,5.5,202.0,0.0,,,,,,,,,,2017-09-17T16:35:00,,,,,,,,,,,,,,,,,,
2017-09-17 18:00:00,994.4,30.1,67.0,0.8,195.0,4.9,172.0,0.0,,,,,,,,,,2017-09-17T17:12:00,,,,,,,,,,,,,,,,,,
2017-09-17 19:00:00,995.0,29.3,67.0,1.9,153.0,4.7,184.0,0.0,,,,,,,,,,2017-09-17T18:38:00,,,,,,,,,,,,,,,,,,
2017-09-17 20:00:00,996.0,28.4,71.0,0.3,144.0,3.5,137.0,0.0,,,,,,,,,,2017-09-17T19:11:00,,,,,,,,,,,,,,,,,,
2017-09-17 21:00:00,996.7,28.0,76.0,0.5,350.0,1.6,360.0,0.0,,,,,,,,,,2017-09-17T20:51:00,,,,,,,,,,,,,,,,,,
2017-09-17 22:00:00,996.9,27.3,81.0,0.9,354.0,1.6,353.0,0.0,,,,,,,,,,2017-09-17T21:50:00,,,,,,,,,,,,,,,,,,
2017-09-17 23:00:00,996.7,27.0,85.0,0.2,0.0,1.5,75.0,0.0,,,,,,,,,,2017-09-17T22:44:00,,,,,,,,,,,,,,,,,,
2017-09-18 00:00:00,996.3,26.3,88.0,1.0,88.0,1.5,64.0,0.0,,,,,,,,,,2017-09-17T23:45:00,,,,,,,,,,,,,,,,,,
2017-09-18 01:00:00,996.0,25.8,88.0,1.2,80.0,2.4,48.0,0.0,,,,,,,,,,2017-09-18T00:27:00,,,,,,,,,,,,,,,,,,
2017-09-18 02:00:00,995.7,25.7,89.0,0.7,75.0,2.2,68.0,0.0,,,,,,,,,,2017-09-18T01:34:00,,,,,,,,,,,,,,,,,,
2017-09-18 03:00:00,995.5,26.0,87.0,1.1,71.0,2.1,102.0,0.0,,,,,,,,,,2017-09-18T02:09:00,,,,,,,,,,,,,,,,,,
2017-09-18 04:00:00,995.5,25.6,88.0,0.8,74.0,2.1,64.0,0.0,,,,,,,,,,2017-09-18T03:13:00,,,,,,,,,,,,,,,,,,
2017-09-18 05:00:00,995.7,25.1,90.0,0.9,89.0,2.2,71.0,0.0,,,,,,,,,,2017-09-18T04:40:00,,,,,,,,,,,,,,,,,,
2017-09-18 06:00:00,996.2,25.1,89.0,1.1,81.0,1.9,58.0,0.0,,,,,,,,,,2017-09-18T05:48:00,,,,,,,,,,,,,,,,,,
2017-09-18 07:00:00,996.7,26.3,84.0,1.0,40.0,2.6,61.0,0.0,,,,,,,,,,2017-09-18T06:42:00,,,,,,,,,,,,,,,,,,
2017-09-18 08:00:00,997.0,28.3,73.0,1.5,54.0,2.9,65.0,0.0,,,,,,,,,,2017-09-18T07:59:00,,,,,,,,,,,,,,,,,,
2017-09-18 09:00:00,997.0,30.3,68.0,1.1,208.0,2.2,220.0,0.0,,,,,,,,,,2017-09-18T08:57:00,,,,,,,,,,,,,,,,,,
2017-09-18 10:00:00,997.0,30.4,66.0,1.5,222.0,3.3,162.0,0.0,,,,,,,,,,2017-09-18T09:10:00,,,,,,,,,,,,,,,,,,
2017-09-18 11:00:00,996.8,31.3,63.0,1.0,253.0,3.5,243.0,0.0,,,,,,,,,,2017-09-18T10:31:00,,,,,,,,,,,,,,,,,,
2017-09-18 12:00:00,996.0,33.4,55.0,1.9,210.0,4.1,223.0,0.0,,,,,,,,,,2017-09-18T11:57:00,,,,,,,,,,,,,,,,,,
2017-09-18 13:00:00,995.1,32.5,53.0,0.9,49.0,4.2,210.0,0.0,,,,,,,,,,2017-09-18T12:04:00,,,,,,,,,,,,,,,,,,
2017-09-18 14:00:00,994.6,33.0,54.0,2.3,254.0,5.5,218.0,0.0,,,,,,,,,,2017-09-18T13:22:00,,,,,,,,,,,,,,,,,,
2017-09-18 15:00:00,994.1,34.3,51.0,2.2,252.0,4.4,278.0,0.0,,,,,,,,,,2017-09-18T14:10:00,,,,,,,,,,,,,,,,,,
2017-09-18 16:00:00,994.3,32.8,53.0,3.2,243.0,5.8,217.0,0.0,,,,,,,,,,2017-09-18T15:13:00,,,,,,,,,,,,,,,,,,
2017-09-18 17:00:00,994.7,31.3,52.0,2.8,231.0,5.4,223.0,0.0,,,,,,,,,,2017-09-18T17:00:00,,,,,,,,,,,,,,,,,,
2017-09-18 18:00:00,995.2,29.5,57.0,1.5,197.0,5.4,208.0,0.0,,,,,,,,,,2017-09-18T17:04:00,,,,,,,,,,,,,,,,,,
2017-09-18 19:00:00,995.8,28.6,59.0,1.3,170.0,2.4,178.0,0.0,,,,,,,,,,2017-09-18T18:02:00,,,,,,,,,,,,,,,,,,
2017-09-18 20:00:00,996.6,27.8,67.0,0.6,92.0,2.0,157.0,0.0,,,,,,,,,,2017-09-18T19:03:00,,,,,,,,,,,,,,,,,,
2017-09-18 21:00:00,997.2,26.2,72.0,1.1,61.0,1.9,70.0,0.0,,,,,,,,,,2017-09-18T20:30:00,,,,,,,,,,,,,,,,,,
2017-09-18 22:00:00,997.4,25.1,75.0,1.0,60.0,2.6,49.0,0.0,,,,,,,,,,2017-09-18T21:24:00,,,,,,,,,,,,,,,,,,
2017-09-18 23:00:00,997.5,25.0,78.0,1.4,64.0,2.4,360.0,0.0,,,,,,,,,,2017-09-18T22:38:00,,,,,,,,,,,,,,,,,,
2017-09-19 00:00:00,997.3,25.2,76.0,1.6,58.0,2.7,78.0,0.0,,,,,,,,,,2017-09-18T23:52:00,,,,,,,,,,,,,,,,,,
2017-09-19 01:00:00,996.9,24.3,81.0,1.2,70.0,3.1,66.0,0.0,,,,,,,,,,2017-09-19T00:57:00,,,,,,,,,,,,,,,,,,
2017-09-19 02:00:00,996.4,24.5,81.0,0.9,88.0,2.9,64.0,0.0,,,,,,,,,,2017-09-19T01:30:00,,,,,,,,,,,,,,,,,,
2017-09-19 03:00:00,996.5,23.8,86.0,1.2,88.0,2.0,73.0,0.0,,,,,,,,,,2017-09-19T02:18:00,,,,,,,,,,,,,,,,,,
2017-09-19 04:00:00,996.5,24.3,82.0,1.0,25.0,2.3,42.0,0.0,,,,,,,,,,2017-09-19T03:45:00,,,,,,,,,,,,,,,,,,
2017-09-19 05:00:00,996.4,23.5,87.0,1.3,87.0,2.7,13.0,0.0,,,,,,,,,,2017-09-19T04:19:00,,,,,,,,,,,,,,,,,,
2017-09-19 06:00:00,996.6,23.9,86.0,1.1,73.0,2.1,81.0,0.0,,,,,,,,,,2017-09-19T05:04:00,,,,,,,,,,,,,,,,,,
2017-09-19 07:00:00,997.3,25.1,82.0,1.0,107.0,1.8,110.0,0.0,,,,,,,,,,2017-09-19T06:59:00,,,,,,,,,,,,,,,,,,
2017-09-19 08:00:00,997.5,28.4,68.0,0.5,95.0,2.1,61.0,0.0,,,,,,,,,,2017-09-19T07:50:00,,,,,,,,,,,,,,,,,,
2017-09-19 09:00:00,997.3,30.0,64.0,0.8,127.0,2.3,70.0,0.0,,,,,,,,,,2017-09-19T08:19:00,,,,,,,,,,,,,,,,,,
2017-09-19 10:00:00,997.2,31.9,55.0,1.4,218.0,3.2,239.0,0.0,,,,,,,,,,2017-09-19T09:53:00,,,,,,,,,,,,,,,,,,
2017-09-19 11:00:00,997.0,33.2,53.0,1.0,330.0,4.1,284.0,0.0,,,,,,,,,,2017-09-19T10:18:00,,,,,,,,,,,,,,,,,,
2017-09-19 12:00:00,996.3,32.3,56.0,1.4,276.0,3.7,291.0,0.0,,,,,,,,,,2017-09-19T11:10:00,,,,,,,,,,,,,,,,,,
2017-09-19 13:00:00,995.7,32.3,56.0,1.1,280.0,3.7,294.0,0.0,,,,,,,,,,2017-09-19T12:13:00,,,,,,,,,,,,,,,,,,
2017-09-19 14:00:00,995.4,31.7,60.0,1.9,130.0,4.0,316.0,0.0,,,,,,,,,,2017-09-19T13:17:00,,,,,,,,,,,,,,,,,,
2017-09-19 15:00:00,995.2,30.4,65.0,2.7,193.0,4.4,209.0,0.0,,,,,,,,,,2017-09-19T14:59:00,,,,,,,,,,,,,,,,,,
2017-09-19 16:00:00,995.6,28.8,73.0,2.3,227.0,5.5,205.0,0.0,,,,,,,,,,2017-09-19T15:34:00,,,,,,,,,,,,,,,,,,
2017-09-19 17:00:00,996.0,29.0,70.0,0.6,293.0,3.4,239.0,0.0,,,,,,,,,,2017-09-19T16:09:00,,,,,,,,,,,,,,,,,,
2017-09-19 18:00:00,996.5,28.2,71.0,0.0,0.0,1.5,263.0,0.0,,,,,,,,,,2017-09-19T17:27:00,,,,,,,,,,,,,,,,,,
2017-09-19 19:00:00,997.7,27.2,78.0,0.6,174.0,1.2,202.0,0.0,,,,,,,,,,2017-09-19T19:00:00,,,,,,,,,,,,,,,,,,
2017-09-19 20:00:00,997.1,26.8,78.0,1.2,64.0,2.3,3.0,0.0,,,,,,,,,,2017-09-19T19:41:00,,,,,,,,,,,,,,,,,,
2017-09-19 21:00:00,997.1,26.0,86.0,0.3,331.0,1.9,78.0,0.0,,,,,,,,,,2017-09-19T20:27:00,,,,,,,,,,,,,,,,,,
2017-09-19 22:00:00,997.7,25.2,88.0,0.2,0.0,1.5,87.0,0.0,,,,,,,,,,2017-09-19T21:34:00,,,,,,,,,,,,,,,,,,
2017-09-19 23:00:00,997.7,25.3,86.0,0.3,5.0,1.9,10.0,0.0,,,,,,,,,,2017-09-19T22:19:00,,,,,,,,,,,,,,,,,,
2017-09-20 00:00:00,997.5,24.7,86.0,1.2,69.0,2.2,112.0,0.0,,,,,,,,,,2017-09-19T23:28:00,,,,,,,,,,,,,,,,,,
2017-09-20 01:00:00,996.8,25.2,85.0,0.7,72.0,3.0,360.0,0.0,,,,,,,,,,2017-09-20T00:07:00,,,,,,,,,,,,,,,,,,
2017-09-20 02:00:00,996.5,24.9,88.0,1.1,6.0,1.7,151.0,0.0,,,,,,,,,,2017-09-20T01:28:00,,,,,,,,,,,,,,,,,,
2017-09-20 03:00:00,995.4,24.5,90.0,1.3,84.0,1.9,86.0,0.0,,,,,,,,,,2017-09-20T02:56:00,,,,,,,,,,,,,,,,,,
2017-09-20 04:00:00,995.2,24.6,90.0,0.4,318.0,1.7,72.0,0.0,,,,,,,,,,2017-09-20T03:02:00,,,,,,,,,,,,,,,,,,
2017-09-20 05:00:00,995.2,24.3,92.0,0.9,87.0,1.5,122.0,0.0,,,,,,,,,,2017-09-20T04:42:00,,,,,,,,,,,,,,,,,,
2017-09-20 06:00:00,995.9,24.3,92.0,0.0,0.0,1.5,87.0,0.0,,,,,,,,,,2017-09-20T05:10:00,,,,,,,,,,,,,,,,,,
2017-09-20 07:00:00,996.5,25.2,90.0,0.1,0.0,1.6,353.0,0.0,,,,,,,,,,2017-09-20T06:37:00,,,,,,,,,,,,,,,,,,
2017-09-20 08:00:00,997.1,26.7,82.0,0.7,86.0,1.4,103.0,0.0,,,,,,,,,,2017-09-20T07:35:00,,,,,,,,,,,,,,,,,,
2017-09-20 09:00:00,997.1,28.6,68.0,0.8,93.0,1.9,110.0,0.0,,,,,,,,,,2017-09-20T08:51:00,,,,,,,,,,,,,,,,,,
2017-09-20 10:00:00,996.9,30.7,62.0,1.0,251.0,2.2,293.0,0.0,,,,,,,,,,2017-09-20T09:58:00,,,,,,,,,,,,,,,,,,
2017-09-20 11:00:00,996.1,31.5,56.0,2.2,229.0,3.4,236.0,0.0,,,,,,,,,,2017-09-20T10:47:00,,,,,,,,,,,,,,,,,,
2017-09-20 12:00:00,995.2,32.9,50.0,2.1,284.0,3.9,297.0,0.0,,,,,,,,,,2017-09-20T11:41:00,,,,,,,,,,,,,,,,,,
2017-09-20 13:00:00,994.4,34.5,42.0,1.4,24.0,3.3,263.0,0.0,,,,,,,,,,2017-09-20T12:28:00,,,,,,,,,,,,,,,,,,
2017-09-20 14:00:00,993.4,34.9,41.0,0.8,357.0,4.7,9.0,0.0,,,,,,,,,,2017-09-20T13:54:00,,,,,,,,,,,,,,,,,,
2017-09-20 15:00:00,993.4,34.3,48.0,1.8,273.0,5.4,270.0,0.0,,,,,,,,,,2017-09-20T14:34:00,,,,,,,,,,,,,,,,,,
2017-09-20 16:00:00,993.7,32.8,52.0,2.3,277.0,4.3,280.0,0.0,,,,,,,,,,2017-09-20T15:09:00,,,,,,,,,,,,,,,,,,
2017-09-20 17:00:00,993.9,30.7,69.0,1.7,77.0,2.9,78.0,0.0,,,,,,,,,,2017-09-20T16:58:00,,,,,,,,,,,,,,,,,,
2017-09-20 18:00:00,994.4,28.0,82.0,1.2,76.0,3.0,88.0,0.0,,,,,,,,,,2017-09-20T17:16:00,,,,,,,,,,,,,,,,,,
2017-09-20 19:00:00,995.4,27.4,79.0,1.2,59.0,2.3,98.0,0.0,,,,,,,,,,2017-09-20T18:55:00,,,,,,,,,,,,,,,,,,
2017-09-20 20:00:00,996.1,28.1,77.0,1.5,56.0,3.9,157.0,0.0,,,,,,,,,,2017-09-20T19:23:00,,,,,,,,,,,,,,,,,,
2017-09-20 21:00:00,996.2,26.9,83.0,1.0,72.0,2.7,11.0,0.0,,,,,,,,,,2017-09-20T20:33:00,,,,,,,,,,,,,,,,,,
2017-09-20 22:00:00,996.4,26.7,83.0,1.0,69.0,2.2,59.0,0.0,,,,,,,,,,2017-09-20T21:08:00,,,,,,,,,,,,,,,,,,
2017-09-20 23:00:00,997.1,26.0,89.0,0.5,36.0,2.7,199.0,1.0,,,,,,,,,,2017-09-20T22:31:00,,,,,,,,,,,,,,,,,,
2017-09-21 00:00:00,996.4,25.6,91.0,0.0,0.0,2.8,10.0,0.5,,,,,,,,,,2017-09-20T23:40:00,,,,,,,,,,,,,,,,,,
2017-09-21 01:00:00,995.6,25.7,90.0,1.3,21.0,3.1,59.0,0.0,,,,,,,,,,2017-09-21T00:15:00,,,,,,,,,,,,,,,,,,
2017-09-21 02:00:00,994.8,25.6,90.0,1.3,10.0,2.8,50.0,0.0,,,,,,,,,,2017-09-21T01:04:00,,,,,,,,,,,,,,,,,,
2017-09-21 03:00:00,994.5,24.7,92.0,0.9,88.0,1.7,35.0,0.0,,,,,,,,,,2017-09-21T02:08:00,,,,,,,,,,,,,,,,,,
2017-09-21 04:00:00,994.6,24.3,92.0,0.6,46.0,1.7,62.0,0.0,,,,,,,,,,2017-09-21T03:55:00,,,,,,,,,,,,,,,,,,
2017-09-21 05:00:00,995.3,24.0,93.0,0.3,326.0,1.9,115.0,0.0,,,,,,,,,,2017-09-21T04:22:00,,,,,,,,,,,,,,,,,,
2017-09-21 06:00:00,995.2,23.7,92.0,0.6,50.0,2.1,72.0,0.0,,,,,,,,,,2017-09-21T05:47:00,,,,,,,,,,,,,,,,,,
2017-09-21 07:00:00,995.7,24.9,88.0,1.2,89.0,1.5,77.0,0.0,,,,,,,,,,2017-09-21T06:47:00,,,,,,,,,,,,,,,,,,
2017-09-21 08:00:00,995.9,28.5,69.0,0.5,109.0,2.5,83.0,0.0,,,,,,,,,,2017-09-21T07:38:00,,,,,,,,,,,,,,,,,,
2017-09-21 09:00:00,996.2,30.8,64.0,0.8,194.0,2.2,210.0,0.0,,,,,,,,,,2017-09-21T08:53:00,,,,,,,,,,,,,,,,,,
2017-09-21 10:00:00,996.0,32.2,59.0,0.9,257.0,3.8,260.0,0.0,,,,,,,,,,2017-09-21T09:33:00,,,,,,,,,,,,,,,,,,
2017-09-21 11:00:00,995.6,33.2,59.0,2.2,228.0,3.9,247.0,0.0,,,,,,,,,,2017-09-21T10:50:00,,,,,,,,,,,,,,,,,,
2017-09-21 12:00:00,994.9,34.5,56.0,2.0,224.0,4.9,209.0,0.0,,,,,,,,,,2017-09-21T11:54:00,,,,,,,,,,,,,,,,,,
2017-09-21 13:00:00,994.3,33.1,56.0,0.8,305.0,3.8,301.0,0.0,,,,,,,,,,2017-09-21T12:17:00,,,,,,,,,,,,,,,,,,
2017-09-21 14:00:00,993.8,32.3,64.0,2.2,267.0,5.2,308.0,0.0,,,,,,,,,,2017-09-21T13:11:00,,,,,,,,,,,,,,,,,,
2017-09-21 15:00:00,993.5,32.8,60.0,0.9,324.0,4.8,261.0,0.0,,,,,,,,,,2017-09-21T14:02:00,,,,,,,,,,,,,,,,,,
2017-09-21 16:00:00,993.1,33.0,57.0,1.7,290.0,3.9,345.0,0.0,,,,,,,,,,2017-09-21T15:30:00,,,,,,,,,,,,,,,,,,
2017-09-21 17:00:00,993.8,31.2,64.0,1.7,290.0,4.3,278.0,0.0,,,,,,,,,,2017-09-21T16:13:00,,,,,,,,,,,,,,,,,,
2017-09-21 18:00:00,994.6,30.1,68.0,0.9,279.0,3.1,298.0,0.0,,,,,,,,,,2017-09-21T17:07:00,,,,,,,,,,,,,,,,,,
2017-09-21 19:00:00,994.9,29.0,73.0,1.0,218.0,2.3,204.0,0.0,,,,,,,,,,2017-09-21T18:47:00,,,,,,,,,,,,,,,,,,
2017-09-21 20:00:00,995.5,28.2,79.0,0.6,64.0,1.5,209.0,0.0,,,,,,,,,,2017-09-21T19:04:00,,,,,,,,,,,,,,,,,,
2017-09-21 21:00:00,995.8,26.8,86.0,0.8,103.0,1.8,75.0,0.0,,,,,,,,,,2017-09-21T20:02:00,,,,,,,,,,,,,,,,,,
2017-09-21 22:00:00,996.3,26.9,86.0,1.2,36.0,1.7,55.0,0.0,,,,,,,,,,2017-09-21T22:00:00,,,,,,,,,,,,,,,,,,
2017-09-21 23:00:00,996.6,26.6,86.0,0.9,52.0,1.9,86.0,0.0,,,,,,,,,,2017-09-21T22:02:00,,,,,,,,,,,,,,,,,,
2017-09-22 00:00:00,996.8,26.2,88.0,0.5,37.0,2.2,102.0,0.0,,,,,,,,,,2017-09-21T23:06:00,,,,,,,,,,,,,,,,,,
2017-09-22 01:00:00,996.6,25.9,88.0,1.1,69.0,2.0,62.0,0.0,,,,,,,,,,2017-09-22T00:04:00,,,,,,,,,,,,,,,,,,
2017-09-22 02:00:00,996.4,25.8,89.0,0.9,78.0,2.0,49.0,0.0,,,,,,,,,,2017-09-22T01:32:00,,,,,,,,,,,,,,,,,,
2017-09-22 03:00:00,996.1,25.6,90.0,0.7,64.0,1.7,64.0,0.0,,,,,,,,,,2017-09-22T02:44:00,,,,,,,,,,,,,,,,,,
2017-09-22 04:00:00,996.1,25.2,91.0,0.0,0.0,1.9,91.0,0.0,,,,,,,,,,2017-09-22T03:30:00,,,,,,,,,,,,,,,,,,
2017-09-22 05:00:00,996.2,25.0,92.0,0.6,29.0,1.4,68.0,0.0,,,,,,,,,,2017-09-22T04:53:00,,,,,,,,,,,,,,,,,,
2017-09-22 06:00:00,996.6,25.0,91.0,0.6,48.0,1.6,7.0,0.0,,,,,,,,,,2017-09-22T05:47:00,,,,,,,,,,,,,,,,,,
2017-09-22 07:00:00,997.1,26.2,88.0,0.0,0.0,1.9,38.0,0.0,,,,,,,,,,2017-09-22T06:26:00,,,,,,,,,,,,,,,,,,
2017-09-22 08:00:00,997.5,29.5,73.0,0.0,0.0,1.6,327.0,0.0,,,,,,,,,,2017-09-22T07:30:00,,,,,,,,,,,,,,,,,,
2017-09-22 09:00:00,997.7,31.6,66.0,1.9,202.0,2.9,210.0,0.0,,,,,,,,,,2017-09-22T08:57:00,,,,,,,,,,,,,,,,,,
2017-09-22 10:00:00,997.5,32.2,63.0,0.5,207.0,2.7,225.0,0.0,,,,,,,,,,2017-09-22T09:05:00,,,,,,,,,,,,,,,,,,
2017-09-22 11:00:00,997.3,32.4,64.0,1.3,234.0,4.4,249.0,0.0,,,,,,,,,,2017-09-22T10:33:00,,,,,,,,,,,,,,,,,,
2017-09-22 12:00:00,996.7,33.2,61.0,1.7,252.0,4.1,237.0,0.0,,,,,,,,,,2017-09-22T11:03:00,,,,,,,,,,,,,,,,,,
2017-09-22 13:00:00,996.0,33.6,60.0,1.6,257.0,4.6,232.0,0.0,,,,,,,,,,2017-09-22T12:42:00,,,,,,,,,,,,,,,,,,
2017-09-22 14:00:00,995.5,35.0,56.0,2.0,254.0,4.2,231.0,0.0,,,,,,,,,,2017-09-22T14:00:00,,,,,,,,,,,,,,,,,,
2017-09-22 15:00:00,995.1,33.5,60.0,1.1,296.0,4.7,268.0,0.0,,,,,,,,,,2017-09-22T14:40:00,,,,,,,,,,,,,,,,,,
2017-09-22 16:00:00,995.7,29.6,77.0,3.2,188.0,6.0,165.0,5.0,,,,,,,,,,2017-09-22T15:58:00,,,,,,,,,,,,,,,,,,
2017-09-22 17:00:00,996.2,26.2,94.0,0.8,15.0,6.1,119.0,20.0,,,,,,,,,,2017-09-22T16:06:00,,,,,,,,,,,,,,,,,,
2017-09-22 18:00:00,996.3,26.6,93.0,0.8,110.0,3.3,12.0,0.0,,,,,,,,,,2017-09-22T17:05:00,,,,,,,,,,,,,,,,,,
2017-09-22 19:00:00,996.7,26.5,93.0,0.5,70.0,1.5,31.0,0.0,,,,,,,,,,2017-09-22T18:24:00,,,,,,,,,,,,,,,,,,
2017-09-22 20:00:00,997.4,26.5,94.0,0.7,100.0,1.6,16.0,0.0,,,,,,,,,,2017-09-22T19:41:00,,,,,,,,,,,,,,,,,,
2017-09-22 21:00:00,998.0,26.3,94.0,0.5,77.0,1.6,62.0,0.0,,,,,,,,,,2017-09-22T20:34:00,,,,,,,,,,,,,,,,,,
2017-09-22 22:00:00,998.2,26.1,94.0,1.2,70.0,1.6,72.0,0.0,,,,,,,,,,2017-09-22T22:00:00,,,,,,,,,,,,,,,,,,
2017-09-22 23:00:00,998.4,25.8,94.0,0.8,73.0,2.0,348.0,0.0,,,,,,,,,,2017-09-22T22:21:00,,,,,,,,,,,,,,,,,,
2017-09-23 00:00:00,998.8,25.6,94.0,1.3,65.0,1.9,75.0,0.0,,,,,,,,,,2017-09-22T23:55:00,,,,,,,,,,,,,,,,,,
2017-09-23 01:00:00,998.2,25.8,92.0,1.3,46.0,2.5,56.0,0.0,,,,,,,,,,2017-09-23T00:57:00,,,,,,,,,,,,,,,,,,
2017-09-23 02:00:00,998.1,25.6,92.0,0.0,0.0,2.5,58.0,0.0,,,,,,,,,,2017-09-23T01:22:00,,,,,,,,,,,,,,,,,,
2017-09-23 03:00:00,997.8,25.2,93.0,0.9,46.0,2.4,78.0,0.0,,,,,,,,,,2017-09-23T02:15:00,,,,,,,,,,,,,,,,,,
2017-09-23 04:00:00,997.6,25.2,92.0,1.1,62.0,3.1,18.0,0.0,,,,,,,,,,2017-09-23T03:08:00,,,,,,,,,,,,,,,,,,
2017-09-23 05:00:00,997.6,24.9,93.0,0.9,56.0,2.5,66.0,0.0,,,,,,,,,,2017-09-23T04:06:00,,,,,,,,,,,,,,,,,,
2017-09-23 06:00:00,997.8,24.8,92.0,0.6,62.0,2.5,66.0,0.0,,,,,,,,,,2017-09-23T05:46:00,,,,,,,,,,,,,,,,,,
2017-09-23 07:00:00,998.5,25.2,91.0,1.4,35.0,2.1,72.0,0.0,,,,,,,,,,2017-09-23T06:34:00,,,,,,,,,,,,,,,,,,
2017-09-23 08:00:00,999.1,28.1,78.0,1.0,81.0,2.4,77.0,0.0,,,,,,,,,,2017-09-23T07:02:00,,,,,,,,,,,,,,,,,,
2017-09-23 09:00:00,999.2,29.9,75.0,0.6,243.0,3.0,221.0,0.0,,,,,,,,,,2017-09-23T08:36:00,,,,,,,,,,,,,,,,,,
2017-09-23 10:00:00,998.9,31.9,66.0,0.7,195.0,2.7,198.0,0.0,,,,,,,,,,2017-09-23T09:29:00,,,,,,,,,,,,,,,,,,
2017-09-23 11:00:00,998.3,32.5,63.0,0.8,4.0,2.8,269.0,0.0,,,,,,,,,,2017-09-23T10:14:00,,,,,,,,,,,,,,,,,,
2017-09-23 12:00:00,997.8,33.2,64.0,1.8,248.0,4.5,277.0,0.0,,,,,,,,,,2017-09-23T11:12:00,,,,,,,,,,,,,,,,,,
2017-09-23 13:00:00,997.1,34.1,58.0,2.5,237.0,5.0,225.0,0.0,,,,,,,,,,2017-09-23T13:00:00,,,,,,,,,,,,,,,,,,
2017-09-23 14:00:00,996.4,34.8,55.0,1.1,300.0,4.2,254.0,0.0,,,,,,,,,,2017-09-23T13:22:00,,,,,,,,,,,,,,,,,,
2017-09-23 15:00:00,996.1,35.6,54.0,1.1,282.0,4.5,245.0,0.0,,,,,,,,,,2017-09-23T14:03:00,,,,,,,,,,,,,,,,,,
2017-09-23 16:00:00,996.2,33.9,61.0,1.6,286.0,4.3,247.0,0.0,,,,,,,,,,2017-09-23T15:22:00,,,,,,,,,,,,,,,,,,
2017-09-23 17:00:00,996.5,32.5,67.0,2.1,217.0,4.5,283.0,0.0,,,,,,,,,,2017-09-23T16:41:00,,,,,,,,,,,,,,,,,,
2017-09-23 18:00:00,996.6,30.4,75.0,1.5,228.0,4.4,228.0,0.0,,,,,,,,,,2017-09-23T17:14:00,,,,,,,,,,,,,,,,,,
2017-09-23 19:00:00,997.1,29.5,79.0,1.6,211.0,3.0,224.0,0.0,,,,,,,,,,2017-09-23T18:16:00,,,,,,,,,,,,,,,,,,
2017-09-23 20:00:00,997.7,29.1,81.0,1.2,185.0,2.8,178.0,0.0,,,,,,,,,,2017-09-23T19:25:00,,,,,,,,,,,,,,,,,,
2017-09-23 21:00:00,998.8,28.6,82.0,1.3,167.0,2.5,167.0,0.0,,,,,,,,,,2017-09-23T20:10:00,,,,,,,,,,,,,,,,,,
2017-09-23 22:00:00,999.0,27.4,86.0,0.6,88.0,2.0,159.0,0.0,,,,,,,,,,2017-09-23T21:02:00,,,,,,,,,,,,,,,,,,
2017-09-23 23:00:00,999.1,26.7,89.0,1.2,79.0,1.7,68.0,0.0,,,,,,,,,,2017-09-23T22:26:00,,,,,,,,,,,,,,,,,,
2017-09-24 00:00:00,998.9,26.8,90.0,1.0,86.0,2.5,64.0,0.0,,,,,,,,,,2017-09-23T23:48:00,,,,,,,,,,,,,,,,,,
2017-09-24 01:00:00,998.4,27.0,87.0,1.5,57.0,2.2,67.0,0.0,,,,,,,,,,2017-09-24T00:55:00,,,,,,,,,,,,,,,,,,
2017-09-24 02:00:00,998.0,26.3,90.0,1.6,75.0,2.5,55.0,0.0,,,,,,,,,,2017-09-24T01:50:00,,,,,,,,,,,,,,,,,,
2017-09-24 03:00:00,997.5,26.3,90.0,1.1,44.0,2.7,73.0,0.0,,,,,,,,,,2017-09-24T02:19:00,,,,,,,,,,,,,,,,,,
2017-09-24 04:00:00,997.3,26.3,90.0,0.9,15.0,2.6,55.0,0.0,,,,,,,,,,2017-09-24T03:20:00,,,,,,,,,,,,,,,,,,
2017-09-24 05:00:00,997.4,25.6,91.0,1.0,56.0,2.1,56.0,0.0,,,,,,,,,,2017-09-24T04:01:00,,,,,,,,,,,,,,,,,,
2017-09-24 06:00:00,997.7,25.4,89.0,1.6,62.0,2.5,65.0,0.0,,,,,,,,,,2017-09-24T05:59:00,,,,,,,,,,,,,,,,,,
2017-09-24 07:00:00,998.3,26.4,84.0,0.4,113.0,2.2,72.0,0.0,,,,,,,,,,2017-09-24T06:19:00,,,,,,,,,,,,,,,,,,
2017-09-24 08:00:00,998.8,29.3,69.0,1.4,88.0,2.3,60.0,0.0,,,,,,,,,,2017-09-24T07:40:00,,,,,,,,,,,,,,,,,,
2017-09-24 09:00:00,998.7,31.1,62.0,0.9,138.0,2.3,56.0,0.0,,,,,,,,,,2017-09-24T08:12:00,,,,,,,,,,,,,,,,,,
2017-09-24 10:00:00,998.2,32.8,64.0,1.2,259.0,2.5,244.0,0.0,,,,,,,,,,2017-09-24T09:38:00,,,,,,,,,,,,,,,,,,
2017-09-24 11:00:00,997.7,33.7,61.0,1.7,296.0,3.6,268.0,0.0,,,,,,,,,,2017-09-24T10:45:00,,,,,,,,,,,,,,,,,,
2017-09-24 12:00:00,997.1,34.5,58.0,1.2,290.0,4.0,262.0,0.0,,,,,,,,,,2017-09-24T11:01:00,,,,,,,,,,,,,,,,,,
2017-09-24 13:00:00,996.5,35.1,58.0,1.5,257.0,4.5,281.0,0.0,,,,,,,,,,2017-09-24T12:33:00,,,,,,,,,,,,,,,,,,
2017-09-24 14:00:00,996.0,35.0,54.0,1.6,234.0,3.6,232.0,0.0,,,,,,,,,,2017-09-24T13:06:00,,,,,,,,,,,,,,,,,,
2017-09-24 15:00:00,995.9,33.6,67.0,2.9,255.0,6.2,272.0,0.0,,,,,,,,,,2017-09-24T14:33:00,,,,,,,,,,,,,,,,,,
2017-09-24 16:00:00,996.5,31.6,67.0,2.0,283.0,5.6,256.0,0.0,,,,,,,,,,2017-09-24T15:11:00,,,,,,,,,,,,,,,,,,
2017-09-24 17:00:00,996.8,30.9,73.0,2.0,254.0,4.0,265.0,0.0,,,,,,,,,,2017-09-24T16:34:00,,,,,,,,,,,,,,,,,,
2017-09-24 18:00:00,997.2,30.0,77.0,1.0,246.0,3.3,267.0,0.0,,,,,,,,,,2017-09-24T17:15:00,,,,,,,,,,,,,,,,,,
2017-09-24 19:00:00,997.8,29.6,77.0,1.2,250.0,2.2,278.0,0.0,,,,,,,,,,2017-09-24T18:10:00,,,,,,,,,,,,,,,,,,
2017-09-24 20:00:00,998.4,28.9,82.0,0.8,196.0,1.9,248.0,0.0,,,,,,,,,,2017-09-24T19:43:00,,,,,,,,,,,,,,,,,,
2017-09-24 21:00:00,998.8,28.9,82.0,0.7,17.0,2.1,268.0,0.0,,,,,,,,,,2017-09-24T20:35:00,,,,,,,,,,,,,,,,,,
2017-09-24 22:00:00,998.8,27.9,87.0,0.9,76.0,1.5,63.0,0.0,,,,,,,,,,2017-09-24T21:22:00,,,,,,,,,,,,,,,,,,
2017-09-24 23:00:00,998.9,27.4,88.0,1.3,78.0,1.6,73.0,0.0,,,,,,,,,,2017-09-24T22:52:00,,,,,,,,,,,,,,,,,,
2017-09-25 00:00:00,998.8,26.9,91.0,1.3,70.0,2.1,78.0,0.0,,,,,,,,,,2017-09-24T23:38:00,,,,,,,,,,,,,,,,,,
2017-09-25 01:00:00,998.5,26.5,91.0,1.1,90.0,2.4,61.0,0.0,,,,,,,,,,2017-09-25T00:11:00,,,,,,,,,,,,,,,,,,
2017-09-25 02:00:00,998.1,26.2,92.0,0.6,60.0,1.4,94.0,0.0,,,,,,,,,,2017-09-25T01:02:00,,,,,,,,,,,,,,,,,,
2017-09-25 03:00:00,997.7,26.0,92.0,1.2,76.0,2.4,59.0,0.0,,,,,,,,,,2017-09-25T02:07:00,,,,,,,,,,,,,,,,,,
2017-09-25 04:00:00,997.7,25.7,92.0,0.1,0.0,1.3,10.0,0.0,,,,,,,,,,2017-09-25T03:02:00,,,,,,,,,,,,,,,,,,
2017-09-25 05:00:00,997.9,25.4,93.0,1.2,78.0,2.0,70.0,0.0,,,,,,,,,,2017-09-25T04:52:00,,,,,,,,,,,,,,,,,,
2017-09-25 06:00:00,998.2,25.2,90.0,1.3,71.0,1.9,57.0,0.0,,,,,,,,,,2017-09-25T05:16:00,,,,,,,,,,,,,,,,,,
2017-09-25 07:00:00,998.5,26.4,84.0,0.7,42.0,2.0,73.0,0.0,,,,,,,,,,2017-09-25T06:08:00,,,,,,,,,,,,,,,,,,
2017-09-25 08:00:00,998.9,29.3,72.0,0.6,88.0,2.1,80.0,0.0,,,,,,,,,,2017-09-25T07:17:00,,,,,,,,,,,,,,,,,,
2017-09-25 09:00:00,999.0,31.4,59.0,0.6,358.0,1.8,8.0,0.0,,,,,,,,,,2017-09-25T08:55:00,,,,,,,,,,,,,,,,,,
2017-09-25 10:00:00,999.0,33.0,59.0,0.9,280.0,2.6,212.0,0.0,,,,,,,,,,2017-09-25T09:27:00,,,,,,,,,,,,,,,,,,
2017-09-25 11:00:00,-9999.7,-99.7,-9997.0,-99.7,-999.7,3.4,221.0,0.0,,,,,,,,,,2017-09-25T10:34:00,,,,,,,,,,,,,,,,,,
2017-09-25 12:00:00,998.0,34.8,56.0,1.6,282.0,4.9,236.0,0.0,,,,,,,,,,2017-09-25T11:33:00,,,,,,,,,,,,,,,,,,
2017-09-25 13:00:00,997.0,35.1,54.0,1.5,259.0,3.2,283.0,0.0,,,,,,,,,,2017-09-25T12:03:00,,,,,,,,,,,,,,,,,,
2017-09-25 14:00:00,996.1,34.7,56.0,2.1,285.0,4.2,283.0,0.0,,,,,,,,,,2017-09-25T13:55:00,,,,,,,,,,,,,,,,,,
2017-09-25 15:00:00,995.9,32.9,66.0,1.9,290.0,5.1,267.0,0.0,,,,,,,,,,2017-09-25T14:34:00,,,,,,,,,,,,,,,,,,
2017-09-25 16:00:00,996.0,31.9,70.0,2.0,277.0,4.1,279.0,0.0,,,,,,,,,,2017-09-25T15:46:00,,,,,,,,,,,,,,,,,,
2017-09-25 17:00:00,996.6,28.8,85.0,2.7,200.0,5.7,208.0,0.0,,,,,,,,,,2017-09-25T16:53:00,,,,,,,,,,,,,,,,,,
2017-09-25 18:00:00,997.6,27.5,94.0,2.4,194.0,4.7,200.0,9.5,,,,,,,,,,2017-09-25T17:04:00,,,,,,,,,,,,,,,,,,
2017-09-25 19:00:00,997.8,27.1,93.0,0.6,184.0,3.6,205.0,0.0,,,,,,,,,,2017-09-25T18:05:00,,,,,,,,,,,,,,,,,,
2017-09-25 20:00:00,998.4,27.2,93.0,1.2,76.0,1.5,68.0,0.0,,,,,,,,,,2017-09-25T19:57:00,,,,,,,,,,,,,,,,,,
2017-09-25 21:00:00,999.0,27.2,93.0,0.2,0.0,1.6,97.0,0.0,,,,,,,,,,2017-09-25T20:03:00,,,,,,,,,,,,,,,,,,
2017-09-25 22:00:00,999.4,27.0,94.0,0.6,111.0,1.6,73.0,0.0,,,,,,,,,,2017-09-25T21:05:00,,,,,,,,,,,,,,,,,,
2017-09-25 23:00:00,998.9,26.7,94.0,0.9,125.0,1.2,119.0,0.0,,,,,,,,,,2017-09-25T22:58:00,,,,,,,,,,,,,,,,,,
2017-09-26 00:00:00,998.6,26.7,95.0,0.5,43.0,1.4,80.0,0.0,,,,,,,,,,2017-09-25T23:37:00,,,,,,,,,,,,,,,,,,
2017-09-26 01:00:00,997.8,26.5,94.0,0.3,97.0,2.1,2.0,0.0,,,,,,,,,,2017-09-26T00:15:00,,,,,,,,,,,,,,,,,,
2017-09-26 02:00:00,997.4,26.6,95.0,0.2,0.0,1.3,11.0,0.0,,,,,,,,,,2017-09-26T01:29:00,,,,,,,,,,,,,,,,,,
2017-09-26 03:00:00,997.0,26.4,95.0,0.9,358.0,1.5,350.0,0.0,,,,,,,,,,2017-09-26T02:55:00,,,,,,,,,,,,,,,,,,
2017-09-26 04:00:00,996.7,26.0,94.0,0.0,0.0,2.1,2.0,0.0,,,,,,,,,,2017-09-26T03:40:00,,,,,,,,,,,,,,,,,,
2017-09-26 05:00:00,997.2,25.5,95.0,0.9,77.0,1.5,80.0,0.0,,,,,,,,,,2017-09-26T04:34:00,,,,,,,,,,,,,,,,,,
2017-09-26 06:00:00,997.5,25.4,94.0,0.9,81.0,2.0,354.0,0.0,,,,,,,,,,2017-09-26T05:44:00,,,,,,,,,,,,,,,,,,
2017-09-26 07:00:00,998.2,26.0,85.0,1.1,44.0,2.0,57.0,0.0,,,,,,,,,,2017-09-26T07:00:00,,,,,,,,,,,,,,,,,,
2017-09-26 08:00:00,998.5,28.9,76.0,0.8,80.0,2.4,19.0,0.0,,,,,,,,,,2017-09-26T07:16:00,,,,,,,,,,,,,,,,,,
2017-09-26 09:00:00,998.8,30.5,70.0,0.9,274.0,1.9,268.0,0.0,,,,,,,,,,2017-09-26T08:54:00,,,,,,,,,,,,,,,,,,
2017-09-26 10:00:00,998.7,31.8,70.0,1.7,222.0,3.8,223.0,0.0,,,,,,,,,,2017-09-26T09:37:00,,,,,,,,,,,,,,,,,,
2017-09-26 11:00:00,998.2,33.0,65.0,1.2,213.0,3.8,229.0,0.0,,,,,,,,,,2017-09-26T10:44:00,,,,,,,,,,,,,,,,,,
2017-09-26 12:00:00,997.5,33.7,64.0,2.9,227.0,4.3,225.0,0.0,,,,,,,,,,2017-09-26T11:45:00,,,,,,,,,,,,,,,,,,
2017-09-26 13:00:00,996.9,33.5,58.0,1.0,329.0,4.3,188.0,0.0,,,,,,,,,,2017-09-26T12:17:00,,,,,,,,,,,,,,,,,,
2017-09-26 14:00:00,996.0,34.6,56.0,1.6,328.0,4.1,288.0,0.0,,,,,,,,,,2017-09-26T13:58:00,,,,,,,,,,,,,,,,,,
2017-09-26 15:00:00,995.7,34.5,62.0,1.7,294.0,4.8,292.0,0.0,,,,,,,,,,2017-09-26T14:41:00,,,,,,,,,,,,,,,,,,
2017-09-26 16:00:00,995.6,33.7,65.0,2.1,284.0,4.9,284.0,0.0,,,,,,,,,,2017-09-26T15:12:00,,,,,,,,,,,,,,,,,,
2017-09-26 17:00:00,995.8,31.8,71.0,1.6,276.0,4.4,264.0,0.0,,,,,,,,,,2017-09-26T16:51:00,,,,,,,,,,,,,,,,,,
2017-09-26 18:00:00,996.1,29.8,77.0,1.4,259.0,4.1,263.0,0.0,,,,,,,,,,2017-09-26T17:47:00,,,,,,,,,,,,,,,,,,
2017-09-26 19:00:00,996.6,29.0,79.0,1.2,250.0,3.3,262.0,0.0,,,,,,,,,,2017-09-26T18:13:00,,,,,,,,,,,,,,,,,,
2017-09-26 20:00:00,997.1,28.6,80.0,1.3,195.0,2.0,223.0,0.0,,,,,,,,,,2017-09-26T19:43:00,,,,,,,,,,,,,,,,,,
2017-09-26 21:00:00,997.7,28.1,84.0,1.3,182.0,2.0,152.0,0.0,,,,,,,,,,2017-09-26T20:08:00,,,,,,,,,,,,,,,,,,
2017-09-26 22:00:00,998.1,27.5,84.0,1.0,163.0,2.1,156.0,0.0,,,,,,,,,,2017-09-26T21:50:00,,,,,,,,,,,,,,,,,,
2017-09-26 23:00:00,998.0,27.4,85.0,0.9,166.0,2.0,160.0,0.0,,,,,,,,,,2017-09-26T22:16:00,,,,,,,,,,,,,,,,,,
2017-09-27 00:00:00,997.9,27.2,87.0,0.7,86.0,1.2,266.0,0.0,,,,,,,,,,2017-09-26T23:20:00,,,,,,,,,,,,,,,,,,
2017-09-27 01:00:00,997.4,27.0,89.0,0.8,89.0,1.6,108.0,0.0,,,,,,,,,,2017-09-27T00:07:00,,,,,,,,,,,,,,,,,,
2017-09-27 02:00:00,997.2,26.6,91.0,0.8,88.0,1.3,89.0,0.0,,,,,,,,,,2017-09-27T01:14:00,,,,,,,,,,,,,,,,,,
2017-09-27 03:00:00,996.5,26.1,93.0,0.8,75.0,1.8,77.0,0.0,,,,,,,,,,2017-09-27T02:17:00,,,,,,,,,,,,,,,,,,
2017-09-27 04:00:00,996.2,25.6,94.0,0.1,0.0,1.7,67.0,0.0,,,,,,,,,,2017-09-27T03:01:00,,,,,,,,,,,,,,,,,,
2017-09-27 05:00:00,996.5,25.5,94.0,0.9,58.0,1.7,55.0,0.0,,,,,,,,,,2017-09-27T04:54:00,,,,,,,,,,,,,,,,,,
2017-09-27 06:00:00,996.6,25.4,93.0,0.3,56.0,1.6,91.0,0.0,,,,,,,,,,2017-09-27T05:05:00,,,,,,,,,,,,,,,,,,
2017-09-27 07:00:00,997.3,26.4,91.0,0.3,83.0,1.6,1.0,0.0,,,,,,,,,,2017-09-27T06:02:00,,,,,,,,,,,,,,,,,,
2017-09-27 08:00:00,997.8,27.9,83.0,0.9,89.0,1.9,80.0,0.0,,,,,,,,,,2017-09-27T07:20:00,,,,,,,,,,,,,,,,,,
2017-09-27 09:00:00,997.7,30.5,71.0,0.7,84.0,1.7,81.0,0.0,,,,,,,,,,2017-09-27T08:53:00,,,,,,,,,,,,,,,,,,
2017-09-27 10:00:00,997.2,31.4,69.0,0.8,214.0,2.3,246.0,0.0,,,,,,,,,,2017-09-27T09:42:00,,,,,,,,,,,,,,,,,,
2017-09-27 11:00:00,996.5,32.7,66.0,1.2,191.0,3.7,242.0,0.0,,,,,,,,,,2017-09-27T10:30:00,,,,,,,,,,,,,,,,,,
2017-09-27 12:00:00,995.6,34.1,58.0,1.4,284.0,3.6,254.0,0.0,,,,,,,,,,2017-09-27T11:01:00,,,,,,,,,,,,,,,,,,
2017-09-27 13:00:00,994.7,33.8,60.0,2.3,266.0,3.8,232.0,0.0,,,,,,,,,,2017-09-27T12:59:00,,,,,,,,,,,,,,,,,,
2017-09-27 14:00:00,993.9,35.2,54.0,1.3,292.0,4.4,289.0,0.0,,,,,,,,,,2017-09-27T13:04:00,,,,,,,,,,,,,,,,,,
2017-09-27 15:00:00,993.7,35.3,52.0,1.5,285.0,3.9,270.0,0.0,,,,,,,,,,2017-09-27T14:50:00,,,,,,,,,,,,,,,,,,
2017-09-27 16:00:00,993.6,34.7,54.0,1.2,308.0,3.9,280.0,0.0,,,,,,,,,,2017-09-27T15:10:00,,,,,,,,,,,,,,,,,,
2017-09-27 17:00:00,993.8,32.6,66.0,1.7,294.0,4.4,259.0,0.0,,,,,,,,,,2017-09-27T16:39:00,,,,,,,,,,,,,,,,,,
2017-09-27 18:00:00,994.1,30.1,73.0,1.4,261.0,3.5,271.0,0.0,,,,,,,,,,2017-09-27T17:12:00,,,,,,,,,,,,,,,,,,
2017-09-27 19:00:00,995.0,29.4,79.0,1.4,206.0,3.1,206.0,0.0,,,,,,,,,,2017-09-27T18:37:00,,,,,,,,,,,,,,,,,,
2017-09-27 20:00:00,995.8,28.4,85.0,2.2,193.0,3.6,200.0,0.0,,,,,,,,,,2017-09-27T19:18:00,,,,,,,,,,,,,,,,,,
2017-09-27 21:00:00,996.6,27.9,86.0,1.1,178.0,3.3,213.0,0.0,,,,,,,,,,2017-09-27T20:01:00,,,,,,,,,,,,,,,,,,
2017-09-27 22:00:00,997.1,27.6,88.0,0.3,274.0,2.1,193.0,0.0,,,,,,,,,,2017-09-27T21:30:00,,,,,,,,,,,,,,,,,,
2017-09-27 23:00:00,997.0,27.5,89.0,0.6,34.0,1.3,11.0,0.0,,,,,,,,,,2017-09-27T23:00:00,,,,,,,,,,,,,,,,,,
2017-09-28 00:00:00,996.5,27.4,90.0,1.0,23.0,1.8,17.0,0.0,,,,,,,,,,2017-09-27T23:56:00,,,,,,,,,,,,,,,,,,
2017-09-28 01:00:00,996.2,27.6,91.0,0.6,202.0,1.4,103.0,0.0,,,,,,,,,,2017-09-28T00:16:00,,,,,,,,,,,,,,,,,,
2017-09-28 02:00:00,995.8,26.8,93.0,1.1,83.0,1.7,92.0,0.0,,,,,,,,,,2017-09-28T01:49:00,,,,,,,,,,,,,,,,,,
2017-09-28 03:00:00,995.0,26.3,93.0,0.7,42.0,1.8,55.0,0.0,,,,,,,,,,2017-09-28T02:08:00,,,,,,,,,,,,,,,,,,
2017-09-28 04:00:00,995.2,25.8,94.0,0.5,94.0,1.4,2.0,0.0,,,,,,,,,,2017-09-28T03:07:00,,,,,,,,,,,,,,,,,,
2017-09-28 05:00:00,995.4,25.8,93.0,1.2,52.0,1.5,76.0,0.0,,,,,,,,,,2017-09-28T04:58:00,,,,,,,,,,,,,,,,,,
2017-09-28 06:00:00,995.7,25.5,93.0,0.5,105.0,2.5,13.0,0.0,,,,,,,,,,2017-09-28T05:29:00,,,,,,,,,,,,,,,,,,
2017-09-28 07:00:00,996.4,26.2,87.0,1.3,70.0,2.7,63.0,0.0,,,,,,,,,,2017-09-28T06:53:00,,,,,,,,,,,,,,,,,,
2017-09-28 08:00:00,996.8,28.6,75.0,0.6,350.0,2.6,68.0,0.0,,,,,,,,,,2017-09-28T07:37:00,,,,,,,,,,,,,,,,,,
2017-09-28 09:00:00,997.3,31.0,70.0,1.3,230.0,2.8,285.0,0.0,,,,,,,,,,2017-09-28T08:58:00,,,,,,,,,,,,,,,,,,
2017-09-28 10:00:00,997.5,32.0,65.0,1.8,255.0,3.5,242.0,0.0,,,,,,,,,,2017-09-28T10:00:00,,,,,,,,,,,,,,,,,,
2017-09-28 11:00:00,997.1,32.4,64.0,1.9,263.0,3.4,297.0,0.0,,,,,,,,,,2017-09-28T10:27:00,,,,,,,,,,,,,,,,,,
2017-09-28 12:00:00,996.4,33.1,60.0,1.1,235.0,4.2,226.0,0.0,,,,,,,,,,2017-09-28T11:08:00,,,,,,,,,,,,,,,,,,
2017-09-28 13:00:00,995.6,34.1,62.0,2.3,264.0,4.2,260.0,0.0,,,,,,,,,,2017-09-28T12:51:00,,,,,,,,,,,,,,,,,,
2017-09-28 14:00:00,995.0,34.1,59.0,2.1,293.0,5.0,290.0,0.0,,,,,,,,,,2017-09-28T13:51:00,,,,,,,,,,,,,,,,,,
2017-09-28 15:00:00,994.5,33.6,61.0,2.5,277.0,5.1,265.0,0.0,,,,,,,,,,2017-09-28T14:28:00,,,,,,,,,,,,,,,,,,
2017-09-28 16:00:00,994.5,32.9,61.0,1.8,285.0,4.6,301.0,0.0,,,,,,,,,,2017-09-28T15:51:00,,,,,,,,,,,,,,,,,,
2017-09-28 17:00:00,994.9,31.8,66.0,1.4,286.0,4.7,291.0,0.0,,,,,,,,,,2017-09-28T16:34:00,,,,,,,,,,,,,,,,,,
2017-09-28 18:00:00,995.9,29.9,74.0,1.0,346.0,3.3,320.0,0.0,,,,,,,,,,2017-09-28T17:53:00,,,,,,,,,,,,,,,,,,
2017-09-28 19:00:00,996.7,28.8,80.0,1.1,210.0,3.0,301.0,0.0,,,,,,,,,,2017-09-28T18:04:00,,,,,,,,,,,,,,,,,,
2017-09-28 20:00:00,997.1,28.0,85.0,1.4,217.0,2.2,292.0,0.0,,,,,,,,,,2017-09-28T19:15:00,,,,,,,,,,,,,,,,,,
2017-09-28 21:00:00,997.3,27.9,85.0,0.2,0.0,2.2,229.0,0.0,,,,,,,,,,2017-09-28T20:03:00,,,,,,,,,,,,,,,,,,
2017-09-28 22:00:00,997.5,27.1,88.0,0.4,251.0,1.6,146.0,0.0,,,,,,,,,,2017-09-28T21:18:00,,,,,,,,,,,,,,,,,,
2017-09-28 23:00:00,998.0,26.6,90.0,0.8,89.0,1.1,87.0,0.0,,,,,,,,,,2017-09-28T22:50:00,,,,,,,,,,,,,,,,,,
2017-09-29 00:00:00,998.1,26.6,89.0,0.8,49.0,1.8,101.0,0.0,,,,,,,,,,2017-09-28T23:38:00,,,,,,,,,,,,,,,,,,
2017-09-29 01:00:00,997.8,26.3,91.0,1.0,213.0,1.6,103.0,0.0,,,,,,,,,,2017-09-29T00:08:00,,,,,,,,,,,,,,,,,,
2017-09-29 02:00:00,997.7,26.4,91.0,1.2,101.0,2.0,99.0,0.0,,,,,,,,,,2017-09-29T01:46:00,,,,,,,,,,,,,,,,,,
2017-09-29 03:00:00,997.3,26.6,90.0,0.9,70.0,2.2,97.0,0.0,,,,,,,,,,2017-09-29T02:09:00,,,,,,,,,,,,,,,,,,
2017-09-29 04:00:00,997.4,26.5,90.0,1.2,345.0,2.6,68.0,0.0,,,,,,,,,,2017-09-29T03:12:00,,,,,,,,,,,,,,,,,,
2017-09-29 05:00:00,997.7,26.8,89.0,0.8,42.0,2.6,80.0,0.0,,,,,,,,,,2017-09-29T04:08:00,,,,,,,,,,,,,,,,,,
2017-09-29 06:00:00,998.3,25.9,92.0,0.0,0.0,1.9,68.0,0.0,,,,,,,,,,2017-09-29T05:18:00,,,,,,,,,,,,,,,,,,
2017-09-29 07:00:00,998.9,26.3,92.0,0.0,0.0,1.3,119.0,0.0,,,,,,,,,,2017-09-29T06:29:00,,,,,,,,,,,,,,,,,,
2017-09-29 08:00:00,999.1,29.6,74.0,0.7,83.0,1.9,98.0,0.0,,,,,,,,,,2017-09-29T07:24:00,,,,,,,,,,,,,,,,,,
2017-09-29 09:00:00,999.3,30.2,75.0,1.3,266.0,2.3,281.0,0.0,,,,,,,,,,2017-09-29T08:39:00,,,,,,,,,,,,,,,,,,
2017-09-29 10:00:00,999.5,30.8,71.0,1.2,215.0,3.5,242.0,0.0,,,,,,,,,,2017-09-29T09:18:00,,,,,,,,,,,,,,,,,,
2017-09-29 11:00:00,999.3,32.5,67.0,2.0,216.0,4.3,205.0,0.0,,,,,,,,,,2017-09-29T10:43:00,,,,,,,,,,,,,,,,,,
2017-09-29 12:00:00,998.8,32.2,67.0,2.2,220.0,4.5,253.0,0.0,,,,,,,,,,2017-09-29T11:04:00,,,,,,,,,,,,,,,,,,
2017-09-29 13:00:00,997.9,34.4,60.0,1.4,238.0,4.2,239.0,0.0,,,,,,,,,,2017-09-29T12:11:00,,,,,,,,,,,,,,,,,,
2017-09-29 14:00:00,997.4,32.0,67.0,1.4,234.0,3.9,224.0,0.0,,,,,,,,,,2017-09-29T13:46:00,,,,,,,,,,,,,,,,,,
2017-09-29 15:00:00,998.1,25.7,92.0,2.5,77.0,10.5,193.0,35.5,,,,,,,,,,2017-09-29T14:15:00,,,,,,,,,,,,,,,,,,
2017-09-29 16:00:00,999.5,24.8,94.0,1.1,28.0,6.4,22.0,18.5,,,,,,,,,,2017-09-29T15:13:00,,,,,,,,,,,,,,,,,,
2017-09-29 17:00:00,999.7,24.0,94.0,2.2,73.0,5.7,51.0,10.5,,,,,,,,,,2017-09-29T16:40:00,,,,,,,,,,,,,,,,,,
2017-09-29 18:00:00,999.0,24.9,89.0,1.2,25.0,3.7,55.0,0.0,,,,,,,,,,2017-09-29T17:02:00,,,,,,,,,,,,,,,,,,
2017-09-29 19:00:00,999.6,24.5,91.0,1.4,79.0,3.8,65.0,0.0,,,,,,,,,,2017-09-29T18:31:00,,,,,,,,,,,,,,,,,,
2017-09-29 20:00:00,1000.3,24.4,91.0,1.9,83.0,2.8,98.0,0.0,,,,,,,,,,2017-09-29T19:58:00,,,,,,,,,,,,,,,,,,
2017-09-29 21:00:00,1001.2,24.0,93.0,0.7,152.0,2.5,80.0,0.0,,,,,,,,,,2017-09-29T20:03:00,,,,,,,,,,,,,,,,,,
2017-09-29 22:00:00,1001.1,23.8,94.0,0.9,182.0,1.8,53.0,0.0,,,,,,,,,,2017-09-29T21:16:00,,,,,,,,,,,,,,,,,,
2017-09-29 23:00:00,1001.6,23.6,94.0,1.0,72.0,1.8,79.0,0.0,,,,,,,,,,2017-09-29T22:54:00,,,,,,,,,,,,,,,,,,
2017-09-30 00:00:00,1001.0,24.0,92.0,1.3,53.0,3.0,50.0,0.0,,,,,,,,,,2017-09-29T23:54:00,,,,,,,,,,,,,,,,,,
2017-09-30 01:00:00,999.5,24.3,89.0,0.9,23.0,4.1,56.0,0.0,,,,,,,,,,2017-09-30T00:25:00,,,,,,,,,,,,,,,,,,
2017-09-30 02:00:00,999.1,23.6,91.0,0.5,119.0,2.0,82.0,0.0,,,,,,,,,,2017-09-30T01:06:00,,,,,,,,,,,,,,,,,,
2017-09-30 03:00:00,999.1,23.7,92.0,0.7,356.0,2.2,35.0,0.0,,,,,,,,,,2017-09-30T02:08:00,,,,,,,,,,,,,,,,,,
2017-09-30 04:00:00,999.3,23.6,92.0,0.8,93.0,2.1,53.0,0.0,,,,,,,,,,2017-09-30T03:43:00,,,,,,,,,,,,,,,,,,
2017-09-30 05:00:00,999.6,23.7,92.0,0.8,44.0,2.4,60.0,0.0,,,,,,,,,,2017-09-30T04:53:00,,,,,,,,,,,,,,,,,,
2017-09-30 06:00:00,999.6,23.7,89.0,1.4,58.0,3.0,47.0,0.0,,,,,,,,,,2017-09-30T05:54:00,,,,,,,,,,,,,,,,,,
2017-09-30 07:00:00,1000.0,24.0,89.0,1.0,71.0,2.5,66.0,0.0,,,,,,,,,,2017-09-30T06:07:00,,,,,,,,,,,,,,,,,,
2017-09-30 08:00:00,1001.0,26.5,76.0,1.2,52.0,2.1,52.0,0.0,,,,,,,,,,2017-09-30T07:39:00,,,,,,,,,,,,,,,,,,
2017-09-30 09:00:00,1001.2,29.7,68.0,0.8,342.0,2.4,8.0,0.0,,,,,,,,,,2017-09-30T08:26:00,,,,,,,,,,,,,,,,,,
2017-09-30 10:00:00,1001.2,31.5,66.0,1.5,241.0,3.4,274.0,0.0,,,,,,,,,,2017-09-30T09:57:00,,,,,,,,,,,,,,,,,,
2017-09-30 11:00:00,1000.9,31.4,67.0,2.3,277.0,6.8,226.0,0.0,,,,,,,,,,2017-09-30T10:10:00,,,,,,,,,,,,,,,,,,
2017-09-30 12:00:00,1000.2,32.5,62.0,1.1,232.0,3.4,265.0,0.0,,,,,,,,,,2017-09-30T11:26:00,,,,,,,,,,,,,,,,,,
2017-09-30 13:00:00,999.4,33.4,60.0,2.0,258.0,5.1,263.0,0.0,,,,,,,,,,2017-09-30T12:29:00,,,,,,,,,,,,,,,,,,
2017-09-30 14:00:00,998.7,32.6,63.0,2.2,253.0,4.1,244.0,0.0,,,,,,,,,,2017-09-30T13:01:00,,,,,,,,,,,,,,,,,,
2017-09-30 15:00:00,998.2,33.3,59.0,0.7,302.0,4.5,269.0,0.0,,,,,,,,,,2017-09-30T14:29:00,,,,,,,,,,,,,,,,,,
2017-09-30 16:00:00,998.7,31.2,68.0,0.7,306.0,3.5,301.0,0.0,,,,,,,,,,2017-09-30T15:05:00,,,,,,,,,,,,,,,,,,
2017-09-30 17:00:00,998.8,31.1,68.0,1.0,288.0,3.0,250.0,0.0,,,,,,,,,,2017-09-30T16:46:00,,,,,,,,,,,,,,,,,,
2017-09-30 18:00:00,999.2,29.2,76.0,1.8,213.0,3.1,194.0,0.0,,,,,,,,,,2017-09-30T17:56:00,,,,,,,,,,,,,,,,,,
2017-09-30 19:00:00,999.7,28.4,79.0,1.1,194.0,4.3,195.0,0.0,,,,,,,,,,2017-09-30T18:26:00,,,,,,,,,,,,,,,,,,
2017-09-30 20:00:00,1000.5,28.0,82.0,0.0,0.0,1.5,170.0,0.0,,,,,,,,,,2017-09-30T19:23:00,,,,,,,,,,,,,,,,,,
2017-09-30 21:00:00,1000.9,27.3,87.0,1.0,77.0,2.0,46.0,0.0,,,,,,,,,,2017-09-30T20:17:00,,,,,,,,,,,,,,,,,,
2017-09-30 22:00:00,1001.0,26.4,90.0,1.3,79.0,1.7,62.0,0.0,,,,,,,,,,2017-09-30T21:09:00,,,,,,,,,,,,,,,,,,
2017-09-30 23:00:00,1000.9,25.9,91.0,0.5,51.0,1.7,88.0,0.0,,,,,,,,,,2017-09-30T22:02:00,,,,,,,,,,,,,,,,,,
2017-10-01 00:00:00,1000.2,25.3,92.0,1.1,70.0,1.5,30.0,0.0,,,,,,,,,,2017-09-30T23:07:00,,,,,,,,,,,,,,,,,,
2017-10-01 01:00:00,1000.0,25.6,92.0,1.2,89.0,1.8,88.0,0.0,,,,,,,,,,2017-10-01T00:57:00,,,,,,,,,,,,,,,,,,
2017-10-01 02:00:00,999.8,25.9,91.0,0.7,38.0,1.6,78.0,0.0,,,,,,,,,,2017-10-01T01:07:00,,,,,,,,,,,,,,,,,,
2017-10-01 03:00:00,999.2,25.8,90.0,0.8,113.0,1.3,78.0,0.0,,,,,,,,,,2017-10-01T02:19:00,,,,,,,,,,,,,,,,,,
2017-10-01 04:00:00,998.7,25.6,92.0,0.5,43.0,1.8,100.0,0.0,,,,,,,,,,2017-10-01T03:11:00,,,,,,,,,,,,,,,,,,
2017-10-01 05:00:00,999.1,24.8,94.0,0.7,76.0,1.3,145.0,0.0,,,,,,,,,,2017-10-01T04:10:00,,,,,,,,,,,,,,,,,,
2017-10-01 06:00:00,999.4,24.7,93.0,1.1,54.0,2.0,57.0,0.0,,,,,,,,,,2017-10-01T05:58:00,,,,,,,,,,,,,,,,,,
2017-10-01 07:00:00,1000.0,25.8,87.0,0.9,36.0,2.3,72.0,0.0,,,,,,,,,,2017-10-01T06:14:00,,,,,,,,,,,,,,,,,,
2017-10-01 08:00:00,1000.3,28.7,71.0,1.0,18.0,2.5,3.0,0.0,,,,,,,,,,2017-10-01T07:53:00,,,,,,,,,,,,,,,,,,
2017-10-01 09:00:00,1000.6,30.8,63.0,0.3,25.0,1.9,6.0,0.0,,,,,,,,,,2017-10-01T08:03:00,,,,,,,,,,,,,,,,,,
2017-10-01 10:00:00,1000.1,32.3,60.0,1.3,256.0,2.5,257.0,0.0,,,,,,,,,,2017-10-01T09:57:00,,,,,,,,,,,,,,,,,,
2017-10-01 11:00:00,999.0,33.3,58.0,1.2,239.0,3.7,246.0,0.0,,,,,,,,,,2017-10-01T10:40:00,,,,,,,,,,,,,,,,,,
2017-10-01 12:00:00,997.8,33.8,53.0,1.3,301.0,4.4,301.0,0.0,,,,,,,,,,2017-10-01T11:48:00,,,,,,,,,,,,,,,,,,
2017-10-01 13:00:00,996.9,34.1,55.0,2.6,279.0,5.1,274.0,0.0,,,,,,,,,,2017-10-01T12:46:00,,,,,,,,,,,,,,,,,,
2017-10-01 14:00:00,996.3,34.6,56.0,2.1,279.0,5.4,276.0,0.0,,,,,,,,,,2017-10-01T13:08:00,,,,,,,,,,,,,,,,,,
2017-10-01 15:00:00,996.0,34.6,55.0,2.0,281.0,4.6,292.0,0.0,,,,,,,,,,2017-10-01T14:55:00,,,,,,,,,,,,,,,,,,
2017-10-01 16:00:00,996.0,33.2,61.0,2.6,277.0,4.8,264.0,0.0,,,,,,,,,,2017-10-01T15:20:00,,,,,,,,,,,,,,,,,,
2017-10-01 17:00:00,996.4,29.1,82.0,5.4,180.0,10.4,157.0,8.0,,,,,,,,,,2017-10-01T16:56:00,,,,,,,,,,,,,,,,,,
2017-10-01 18:00:00,997.2,27.2,93.0,2.1,27.0,5.3,208.0,14.0,,,,,,,,,,2017-10-01T17:01:00,,,,,,,,,,,,,,,,,,
2017-10-01 19:00:00,997.7,26.3,89.0,1.2,49.0,4.9,80.0,0.0,,,,,,,,,,2017-10-01T18:12:00,,,,,,,,,,,,,,,,,,
2017-10-01 20:00:00,998.6,26.1,93.0,0.6,15.0,3.2,52.0,1.0,,,,,,,,,,2017-10-01T19:18:00,,,,,,,,,,,,,,,,,,
2017-10-01 21:00:00,999.4,26.3,91.0,0.8,16.0,2.4,1.0,0.0,,,,,,,,,,2017-10-01T20:48:00,,,,,,,,,,,,,,,,,,
2017-10-01 22:00:00,999.7,26.4,92.0,0.9,59.0,2.3,7.0,0.0,,,,,,,,,,2017-10-01T21:40:00,,,,,,,,,,,,,,,,,,
2017-10-01 23:00:00,999.8,26.2,93.0,1.1,67.0,2.5,14.0,0.0,,,,,,,,,,2017-10-01T22:19:00,,,,,,,,,,,,,,,,,,
2017-10-02 00:00:00,999.3,26.3,92.0,1.3,67.0,2.2,78.0,0.0,,,,,,,,,,2017-10-01T23:54:00,,,,,,,,,,,,,,,,,,
2017-10-02 01:00:00,998.6,26.1,93.0,1.6,61.0,2.4,48.0,0.0,,,,,,,,,,2017-10-02T00:56:00,,,,,,,,,,,,,,,,,,
2017-10-02 02:00:00,997.9,25.8,93.0,0.3,63.0,2.3,63.0,0.0,,,,,,,,,,2017-10-02T01:05:00,,,,,,,,,,,,,,,,,,
2017-10-02 03:00:00,997.6,25.5,94.0,0.8,64.0,1.7,70.0,0.0,,,,,,,,,,2017-10-02T02:46:00,,,,,,,,,,,,,,,,,,
2017-10-02 04:00:00,997.4,25.0,94.0,0.8,89.0,1.9,49.0,0.0,,,,,,,,,,2017-10-02T03:16:00,,,,,,,,,,,,,,,,,,
2017-10-02 05:00:00,997.3,24.8,94.0,1.3,67.0,2.2,73.0,0.0,,,,,,,,,,2017-10-02T04:59:00,,,,,,,,,,,,,,,,,,
2017-10-02 06:00:00,997.7,24.4,93.0,0.5,45.0,2.6,72.0,0.0,,,,,,,,,,2017-10-02T05:13:00,,,,,,,,,,,,,,,,,,
2017-10-02 07:00:00,998.3,25.3,90.0,1.6,72.0,2.3,62.0,0.0,,,,,,,,,,2017-10-02T06:59:00,,,,,,,,,,,,,,,,,,
2017-10-02 08:00:00,999.0,28.0,78.0,1.3,65.0,2.6,65.0,0.0,,,,,,,,,,2017-10-02T07:02:00,,,,,,,,,,,,,,,,,,
2017-10-02 09:00:00,999.0,30.6,69.0,0.6,150.0,2.1,108.0,0.0,,,,,,,,,,2017-10-02T08:05:00,,,,,,,,,,,,,,,,,,
2017-10-02 10:00:00,999.0,32.0,67.0,1.6,271.0,2.6,268.0,0.0,,,,,,,,,,2017-10-02T09:57:00,,,,,,,,,,,,,,,,,,
2017-10-02 11:00:00,998.5,33.1,63.0,1.5,249.0,3.8,276.0,0.0,,,,,,,,,,2017-10-02T10:51:00,,,,,,,,,,,,,,,,,,
2017-10-02 12:00:00,997.9,34.1,61.0,1.6,220.0,3.4,247.0,0.0,,,,,,,,,,2017-10-02T11:01:00,,,,,,,,,,,,,,,,,,
2017-10-02 13:00:00,997.0,34.0,57.0,2.1,272.0,3.7,224.0,0.0,,,,,,,,,,2017-10-02T12:48:00,,,,,,,,,,,,,,,,,,
2017-10-02 14:00:00,996.3,34.7,53.0,1.5,254.0,3.8,239.0,0.0,,,,,,,,,,2017-10-02T13:07:00,,,,,,,,,,,,,,,,,,
2017-10-02 15:00:00,995.6,34.6,53.0,1.6,352.0,3.4,20.0,0.0,,,,,,,,,,2017-10-02T15:00:00,,,,,,,,,,,,,,,,,,
2017-10-02 16:00:00,995.7,32.6,68.0,2.3,273.0,4.9,284.0,0.0,,,,,,,,,,2017-10-02T15:32:00,,,,,,,,,,,,,,,,,,
2017-10-02 17:00:00,996.4,30.5,74.0,2.4,260.0,4.8,297.0,0.0,,,,,,,,,,2017-10-02T16:10:00,,,,,,,,,,,,,,,,,,
2017-10-02 18:00:00,997.5,25.6,91.0,0.3,99.0,5.4,229.0,6.0,,,,,,,,,,2017-10-02T17:01:00,,,,,,,,,,,,,,,,,,
2017-10-02 19:00:00,997.8,25.7,92.0,1.2,132.0,2.4,78.0,0.0,,,,,,,,,,2017-10-02T18:32:00,,,,,,,,,,,,,,,,,,
2017-10-02 20:00:00,998.6,25.7,92.0,0.1,0.0,2.2,159.0,0.0,,,,,,,,,,2017-10-02T19:01:00,,,,,,,,,,,,,,,,,,
2017-10-02 21:00:00,999.1,25.5,93.0,0.6,119.0,1.7,54.0,0.0,,,,,,,,,,2017-10-02T20:24:00,,,,,,,,,,,,,,,,,,
2017-10-02 22:00:00,999.5,25.3,93.0,0.7,60.0,1.6,349.0,0.0,,,,,,,,,,2017-10-02T21:43:00,,,,,,,,,,,,,,,,,,
2017-10-02 23:00:00,999.4,25.3,94.0,1.1,68.0,1.8,82.0,0.0,,,,,,,,,,2017-10-02T22:44:00,,,,,,,,,,,,,,,,,,
2017-10-03 00:00:00,999.3,25.3,94.0,0.0,0.0,2.0,68.0,0.0,,,,,,,,,,2017-10-02T23:08:00,,,,,,,,,,,,,,,,,,
2017-10-03 01:00:00,998.9,25.5,92.0,0.5,40.0,2.0,74.0,0.0,,,,,,,,,,2017-10-03T00:25:00,,,,,,,,,,,,,,,,,,
2017-10-03 02:00:00,998.4,25.5,91.0,0.8,66.0,2.0,87.0,0.0,,,,,,,,,,2017-10-03T01:03:00,,,,,,,,,,,,,,,,,,
2017-10-03 03:00:00,998.1,25.8,89.0,0.7,43.0,2.3,67.0,0.0,,,,,,,,,,2017-10-03T02:44:00,,,,,,,,,,,,,,,,,,
2017-10-03 04:00:00,998.1,25.4,91.0,1.0,74.0,2.0,59.0,0.0,,,,,,,,,,2017-10-03T03:02:00,,,,,,,,,,,,,,,,,,
2017-10-03 05:00:00,998.4,25.3,91.0,0.7,76.0,1.9,70.0,0.0,,,,,,,,,,2017-10-03T04:22:00,,,,,,,,,,,,,,,,,,
2017-10-03 06:00:00,998.5,25.1,91.0,1.2,70.0,1.6,42.0,0.0,,,,,,,,,,2017-10-03T05:07:00,,,,,,,,,,,,,,,,,,
2017-10-03 07:00:00,998.7,26.0,89.0,0.9,91.0,2.0,73.0,0.0,,,,,,,,,,2017-10-03T06:27:00,,,,,,,,,,,,,,,,,,
2017-10-03 08:00:00,999.3,28.5,76.0,0.6,62.0,2.4,14.0,0.0,,,,,,,,,,2017-10-03T07:24:00,,,,,,,,,,,,,,,,,,
2017-10-03 09:00:00,999.5,30.5,70.0,0.6,84.0,2.4,343.0,0.0,,,,,,,,,,2017-10-03T08:03:00,,,,,,,,,,,,,,,,,,
2017-10-03 10:00:00,999.6,31.9,68.0,1.7,259.0,2.7,256.0,0.0,,,,,,,,,,2017-10-03T09:59:00,,,,,,,,,,,,,,,,,,
2017-10-03 11:00:00,999.3,32.4,67.0,1.7,283.0,3.7,265.0,0.0,,,,,,,,,,2017-10-03T10:27:00,,,,,,,,,,,,,,,,,,
2017-10-03 12:00:00,998.8,32.8,65.0,1.1,244.0,3.4,270.0,0.0,,,,,,,,,,2017-10-03T11:26:00,,,,,,,,,,,,,,,,,,
2017-10-03 13:00:00,997.9,32.9,67.0,2.1,274.0,4.5,239.0,0.0,,,,,,,,,,2017-10-03T13:00:00,,,,,,,,,,,,,,,,,,
2017-10-03 14:00:00,997.3,32.1,67.0,1.0,287.0,3.8,279.0,0.0,,,,,,,,,,2017-10-03T13:01:00,,,,,,,,,,,,,,,,,,
2017-10-03 15:00:00,997.1,32.2,65.0,1.9,97.0,3.9,119.0,0.0,,,,,,,,,,2017-10-03T14:58:00,,,,,,,,,,,,,,,,,,
2017-10-03 16:00:00,997.8,28.3,83.0,2.0,183.0,7.6,186.0,0.0,,,,,,,,,,2017-10-03T15:16:00,,,,,,,,,,,,,,,,,,
2017-10-03 17:00:00,998.2,27.9,84.0,1.2,198.0,3.5,227.0,0.0,,,,,,,,,,2017-10-03T16:13:00,,,,,,,,,,,,,,,,,,
2017-10-03 18:00:00,998.3,27.4,88.0,0.3,168.0,2.5,158.0,0.0,,,,,,,,,,2017-10-03T17:11:00,,,,,,,,,,,,,,,,,,
2017-10-03 19:00:00,998.7,26.8,90.0,0.8,225.0,1.9,71.0,0.0,,,,,,,,,,2017-10-03T18:24:00,,,,,,,,,,,,,,,,,,
2017-10-03 20:00:00,999.2,26.6,91.0,0.3,94.0,1.0,230.0,0.0,,,,,,,,,,2017-10-03T19:08:00,,,,,,,,,,,,,,,,,,
2017-10-03 21:00:00,1000.3,26.3,91.0,1.0,58.0,1.7,78.0,0.0,,,,,,,,,,2017-10-03T20:20:00,,,,,,,,,,,,,,,,,,
2017-10-03 22:00:00,1000.8,26.3,89.0,1.0,31.0,2.9,39.0,0.0,,,,,,,,,,2017-10-03T21:47:00,,,,,,,,,,,,,,,,,,
2017-10-03 23:00:00,1000.6,25.9,91.0,1.1,76.0,3.0,65.0,0.0,,,,,,,,,,2017-10-03T22:28:00,,,,,,,,,,,,,,,,,,
2017-10-04 00:00:00,1000.0,26.1,90.0,0.6,26.0,2.8,68.0,0.0,,,,,,,,,,2017-10-03T23:16:00,,,,,,,,,,,,,,,,,,
2017-10-04 01:00:00,999.3,25.6,92.0,0.8,106.0,2.5,60.0,0.0,,,,,,,,,,2017-10-04T00:27:00,,,,,,,,,,,,,,,,,,
2017-10-04 02:00:00,998.6,25.7,90.0,0.5,38.0,2.9,46.0,0.0,,,,,,,,,,2017-10-04T01:37:00,,,,,,,,,,,,,,,,,,
2017-10-04 03:00:00,998.6,25.7,90.0,0.9,63.0,2.3,16.0,0.0,,,,,,,,,,2017-10-04T02:38:00,,,,,,,,,,,,,,,,,,
2017-10-04 04:00:00,998.6,25.3,91.0,0.2,0.0,2.3,31.0,0.0,,,,,,,,,,2017-10-04T03:29:00,,,,,,,,,,,,,,,,,,
2017-10-04 05:00:00,998.7,25.0,92.0,0.1,0.0,2.3,43.0,0.0,,,,,,,,,,2017-10-04T04:08:00,,,,,,,,,,,,,,,,,,
2017-10-04 06:00:00,999.1,25.1,92.0,1.0,58.0,2.3,12.0,0.0,,,,,,,,,,2017-10-04T05:19:00,,,,,,,,,,,,,,,,,,
2017-10-04 07:00:00,999.4,26.0,89.0,0.4,47.0,2.5,76.0,0.0,,,,,,,,,,2017-10-04T06:07:00,,,,,,,,,,,,,,,,,,
2017-10-04 08:00:00,1000.1,27.6,81.0,0.9,14.0,2.3,55.0,0.0,,,,,,,,,,2017-10-04T07:41:00,,,,,,,,,,,,,,,,,,
2017-10-04 09:00:00,1000.7,30.9,67.0,0.4,44.0,3.0,20.0,0.0,,,,,,,,,,2017-10-04T08:20:00,,,,,,,,,,,,,,,,,,
2017-10-04 10:00:00,-9999.7,-99.7,-9997.0,-99.7,-999.7,1.8,239.0,0.0,,,,,,,,,,2017-10-04T09:19:00,,,,,,,,,,,,,,,,,,
2017-10-04 11:00:00,1000.2,32.2,64.0,1.4,253.0,3.5,217.0,0.0,,,,,,,,,,2017-10-04T10:07:00,,,,,,,,,,,,,,,,,,
2017-10-04 12:00:00,999.7,33.2,65.0,2.0,254.0,3.7,274.0,0.0,,,,,,,,,,2017-10-04T11:52:00,,,,,,,,,,,,,,,,,,
2017-10-04 13:00:00,998.7,32.7,63.0,0.8,297.0,4.0,258.0,0.0,,,,,,,,,,2017-10-04T12:43:00,,,,,,,,,,,,,,,,,,
2017-10-04 14:00:00,997.8,33.2,61.0,0.8,273.0,3.3,242.0,0.0,,,,,,,,,,2017-10-04T13:16:00,,,,,,,,,,,,,,,,,,
2017-10-04 15:00:00,997.5,32.8,64.0,1.9,282.0,3.9,256.0,0.0,,,,,,,,,,2017-10-04T14:07:00,,,,,,,,,,,,,,,,,,
2017-10-04 16:00:00,997.3,32.2,66.0,1.8,278.0,4.1,290.0,0.0,,,,,,,,,,2017-10-04T15:20:00,,,,,,,,,,,,,,,,,,
2017-10-04 17:00:00,997.2,31.6,71.0,0.6,281.0,3.3,265.0,0.0,,,,,,,,,,2017-10-04T16:04:00,,,,,,,,,,,,,,,,,,
2017-10-04 18:00:00,998.2,26.9,94.0,1.9,168.0,5.5,148.0,14.5,,,,,,,,,,2017-10-04T17:33:00,,,,,,,,,,,,,,,,,,
2017-10-04 19:00:00,998.6,27.4,92.0,1.2,25.0,2.8,191.0,0.0,,,,,,,,,,2017-10-04T18:05:00,,,,,,,,,,,,,,,,,,
2017-10-04 20:00:00,999.4,27.2,94.0,1.0,101.0,2.3,11.0,0.0,,,,,,,,,,2017-10-04T19:01:00,,,,,,,,,,,,,,,,,,
2017-10-04 21:00:00,999.8,27.0,94.0,0.5,91.0,1.7,117.0,0.0,,,,,,,,,,2017-10-04T20:24:00,,,,,,,,,,,,,,,,,,
2017-10-04 22:00:00,1000.1,27.0,94.0,0.7,338.0,1.5,65.0,0.0,,,,,,,,,,2017-10-04T21:08:00,,,,,,,,,,,,,,,,,,
2017-10-04 23:00:00,-9999.7,-99.7,-9997.0,-99.7,-999.7,1.8,7.0,0.0,,,,,,,,,,2017-10-04T22:46:00,,,,,,,,,,,,,,,,,,
2017-10-05 00:00:00,1000.2,26.3,95.0,0.7,48.0,1.7,62.0,0.0,,,,,,,,,,2017-10-04T23:38:00,,,,,,,,,,,,,,,,,,
2017-10-05 01:00:00,1000.0,26.1,95.0,0.5,88.0,1.8,100.0,0.0,,,,,,,,,,2017-10-05T00:50:00,,,,,,,,,,,,,,,,,,
2017-10-05 02:00:00,999.4,26.0,94.0,1.1,36.0,2.3,29.0,0.0,,,,,,,,,,2017-10-05T01:29:00,,,,,,,,,,,,,,,,,,
2017-10-05 03:00:00,998.3,25.6,94.0,0.9,59.0,2.5,9.0,0.0,,,,,,,,,,2017-10-05T02:03:00,,,,,,,,,,,,,,,,,,
2017-10-05 04:00:00,998.2,25.4,93.0,0.6,113.0,2.6,62.0,0.0,,,,,,,,,,2017-10-05T03:38:00,,,,,,,,,,,,,,,,,,
2017-10-05 05:00:00,998.2,25.1,94.0,1.3,59.0,2.2,75.0,0.0,,,,,,,,,,2017-10-05T04:56:00,,,,,,,,,,,,,,,,,,
2017-10-05 06:00:00,998.4,25.0,94.0,0.0,0.0,2.1,79.0,0.0,,,,,,,,,,2017-10-05T05:08:00,,,,,,,,,,,,,,,,,,
2017-10-05 07:00:00,998.9,25.4,93.0,0.5,89.0,1.7,86.0,0.0,,,,,,,,,,2017-10-05T06:47:00,,,,,,,,,,,,,,,,,,
2017-10-05 08:00:00,999.2,28.5,80.0,0.6,188.0,2.8,13.0,0.0,,,,,,,,,,2017-10-05T07:17:00,,,,,,,,,,,,,,,,,,
2017-10-05 09:00:00,999.5,30.3,75.0,1.5,204.0,2.6,2.0,0.0,,,,,,,,,,2017-10-05T08:15:00,,,,,,,,,,,,,,,,,,
2017-10-05 10:00:00,999.2,32.0,72.0,2.5,216.0,3.4,221.0,0.0,,,,,,,,,,2017-10-05T09:18:00,,,,,,,,,,,,,,,,,,
2017-10-05 11:00:00,999.0,33.0,62.0,1.8,190.0,4.7,208.0,0.0,,,,,,,,,,2017-10-05T10:53:00,,,,,,,,,,,,,,,,,,
2017-10-05 12:00:00,998.4,32.9,61.0,1.3,178.0,3.0,225.0,0.0,,,,,,,,,,2017-10-05T11:28:00,,,,,,,,,,,,,,,,,,
2017-10-05 13:00:00,997.6,33.8,60.0,0.9,331.0,3.0,231.0,0.0,,,,,,,,,,2017-10-05T12:14:00,,,,,,,,,,,,,,,,,,
2017-10-05 14:00:00,997.2,33.6,61.0,1.4,266.0,4.2,285.0,0.0,,,,,,,,,,2017-10-05T13:06:00,,,,,,,,,,,,,,,,,,
2017-10-05 15:00:00,997.0,31.2,66.0,1.9,268.0,5.9,257.0,0.0,,,,,,,,,,2017-10-05T14:28:00,,,,,,,,,,,,,,,,,,
2017-10-05 16:00:00,997.0,31.2,66.0,1.7,207.0,3.7,260.0,0.0,,,,,,,,,,2017-10-05T15:17:00,,,,,,,,,,,,,,,,,,
2017-10-05 17:00:00,997.2,30.2,69.0,1.3,176.0,3.0,210.0,0.0,,,,,,,,,,2017-10-05T16:08:00,,,,,,,,,,,,,,,,,,
2017-10-05 18:00:00,997.9,29.3,73.0,1.2,193.0,2.6,170.0,0.0,,,,,,,,,,2017-10-05T17:24:00,,,,,,,,,,,,,,,,,,
2017-10-05 19:00:00,998.7,28.7,76.0,0.4,198.0,2.1,205.0,0.0,,,,,,,,,,2017-10-05T18:40:00,,,,,,,,,,,,,,,,,,
2017-10-05 20:00:00,999.2,27.7,84.0,0.1,0.0,2.2,161.0,0.0,,,,,,,,,,2017-10-05T19:10:00,,,,,,,,,,,,,,,,,,
2017-10-05 21:00:00,999.7,26.9,87.0,1.2,68.0,1.7,73.0,0.0,,,,,,,,,,2017-10-05T20:58:00,,,,,,,,,,,,,,,,,,
2017-10-05 22:00:00,999.9,26.4,90.0,1.1,81.0,1.6,90.0,0.0,,,,,,,,,,2017-10-05T22:00:00,,,,,,,,,,,,,,,,,,
2017-10-05 23:00:00,1000.0,26.1,91.0,0.1,0.0,1.1,138.0,0.0,,,,,,,,,,2017-10-05T22:02:00,,,,,,,,,,,,,,,,,,
2017-10-06 00:00:00,999.9,26.0,91.0,1.2,79.0,1.9,68.0,0.0,,,,,,,,,,2017-10-05T23:43:00,,,,,,,,,,,,,,,,,,
2017-10-06 01:00:00,999.5,25.5,92.0,0.8,65.0,2.2,48.0,0.0,,,,,,,,,,2017-10-06T00:21:00,,,,,,,,,,,,,,,,,,
2017-10-06 02:00:00,999.0,25.4,92.0,0.7,43.0,1.7,69.0,0.0,,,,,,,,,,2017-10-06T01:04:00,,,,,,,,,,,,,,,,,,
2017-10-06 03:00:00,998.7,25.1,93.0,0.1,0.0,2.3,85.0,0.0,,,,,,,,,,2017-10-06T02:28:00,,,,,,,,,,,,,,,,,,
2017-10-06 04:00:00,998.7,24.7,93.0,0.1,0.0,1.9,61.0,0.0,,,,,,,,,,2017-10-06T03:35:00,,,,,,,,,,,,,,,,,,
2017-10-06 05:00:00,998.8,24.3,94.0,1.1,84.0,1.6,93.0,0.0,,,,,,,,,,2017-10-06T04:50:00,,,,,,,,,,,,,,,,,,
2017-10-06 06:00:00,999.2,24.2,93.0,1.2,76.0,1.9,43.0,0.0,,,,,,,,,,2017-10-06T05:09:00,,,,,,,,,,,,,,,,,,
2017-10-06 07:00:00,999.6,25.2,88.0,1.5,56.0,2.4,56.0,0.0,,,,,,,,,,2017-10-06T06:57:00,,,,,,,,,,,,,,,,,,
2017-10-06 08:00:00,999.6,27.5,75.0,1.4,58.0,3.7,63.0,0.0,,,,,,,,,,2017-10-06T07:34:00,,,,,,,,,,,,,,,,,,
2017-10-06 09:00:00,999.3,29.8,67.0,0.2,0.0,3.8,85.0,0.0,,,,,,,,,,2017-10-06T08:26:00,,,,,,,,,,,,,,,,,,
2017-10-06 10:00:00,999.1,31.1,66.0,1.6,276.0,2.8,217.0,0.0,,,,,,,,,,2017-10-06T09:58:00,,,,,,,,,,,,,,,,,,
2017-10-06 11:00:00,998.8,32.8,62.0,2.0,204.0,4.6,197.0,0.0,,,,,,,,,,2017-10-06T10:54:00,,,,,,,,,,,,,,,,,,
2017-10-06 12:00:00,998.1,33.9,58.0,1.5,263.0,5.0,214.0,0.0,,,,,,,,,,2017-10-06T11:37:00,,,,,,,,,,,,,,,,,,
2017-10-06 13:00:00,997.6,33.7,59.0,1.8,266.0,4.9,281.0,0.0,,,,,,,,,,2017-10-06T12:19:00,,,,,,,,,,,,,,,,,,
2017-10-06 14:00:00,997.1,34.0,60.0,2.8,239.0,4.7,219.0,0.0,,,,,,,,,,2017-10-06T13:57:00,,,,,,,,,,,,,,,,,,
2017-10-06 15:00:00,996.9,33.1,63.0,2.2,266.0,4.7,274.0,0.0,,,,,,,,,,2017-10-06T14:43:00,,,,,,,,,,,,,,,,,,
2017-10-06 16:00:00,996.8,32.5,67.0,2.8,269.0,5.0,252.0,0.0,,,,,,,,,,2017-10-06T15:02:00,,,,,,,,,,,,,,,,,,
2017-10-06 17:00:00,997.1,30.1,75.0,3.1,179.0,7.1,178.0,0.0,,,,,,,,,,2017-10-06T17:00:00,,,,,,,,,,,,,,,,,,
2017-10-06 18:00:00,997.8,25.9,95.0,1.3,39.0,8.1,167.0,44.0,,,,,,,,,,2017-10-06T17:04:00,,,,,,,,,,,,,,,,,,
2017-10-06 19:00:00,998.6,26.2,92.0,1.1,23.0,2.9,81.0,0.0,,,,,,,,,,2017-10-06T18:04:00,,,,,,,,,,,,,,,,,,
2017-10-06 20:00:00,999.0,26.0,93.0,1.9,86.0,2.8,92.0,0.5,,,,,,,,,,2017-10-06T19:55:00,,,,,,,,,,,,,,,,,,
2017-10-06 21:00:00,999.6,25.8,93.0,1.3,78.0,2.2,67.0,0.0,,,,,,,,,,2017-10-06T20:03:00,,,,,,,,,,,,,,,,,,
2017-10-06 22:00:00,999.4,25.6,94.0,0.7,92.0,1.8,61.0,0.0,,,,,,,,,,2017-10-06T21:36:00,,,,,,,,,,,,,,,,,,
2017-10-06 23:00:00,999.4,25.4,94.0,1.2,75.0,2.3,65.0,0.0,,,,,,,,,,2017-10-06T22:51:00,,,,,,,,,,,,,,,,,,
2017-10-07 00:00:00,999.2,25.4,94.0,0.1,0.0,1.9,54.0,0.0,,,,,,,,,,2017-10-06T23:37:00,,,,,,,,,,,,,,,,,,
2017-10-07 01:00:00,998.9,25.1,94.0,1.4,73.0,2.2,68.0,0.0,,,,,,,,,,2017-10-07T00:30:00,,,,,,,,,,,,,,,,,,
2017-10-07 02:00:00,998.6,25.0,92.0,1.5,68.0,2.6,70.0,0.0,,,,,,,,,,2017-10-07T01:35:00,,,,,,,,,,,,,,,,,,
2017-10-07 03:00:00,998.0,24.3,93.0,1.0,94.0,2.1,61.0,0.0,,,,,,,,,,2017-10-07T02:05:00,,,,,,,,,,,,,,,,,,
2017-10-07 04:00:00,997.8,24.1,93.0,1.0,83.0,2.2,56.0,0.0,,,,,,,,,,2017-10-07T03:39:00,,,,,,,,,,,,,,,,,,
2017-10-07 05:00:00,997.7,24.2,92.0,0.7,46.0,2.6,61.0,0.0,,,,,,,,,,2017-10-07T04:42:00,,,,,,,,,,,,,,,,,,
2017-10-07 06:00:00,998.0,24.2,91.0,0.7,41.0,2.4,6.0,0.0,,,,,,,,,,2017-10-07T05:09:00,,,,,,,,,,,,,,,,,,
2017-10-07 07:00:00,998.4,24.1,92.0,1.1,96.0,2.6,82.0,0.0,,,,,,,,,,2017-10-07T06:18:00,,,,,,,,,,,,,,,,,,
2017-10-07 08:00:00,998.9,26.7,81.0,0.5,198.0,1.9,77.0,0.0,,,,,,,,,,2017-10-07T07:11:00,,,,,,,,,,,,,,,,,,
2017-10-07 09:00:00,999.1,29.2,73.0,1.5,218.0,3.2,221.0,0.0,,,,,,,,,,2017-10-07T08:57:00,,,,,,,,,,,,,,,,,,
2017-10-07 10:00:00,999.1,31.2,67.0,1.2,202.0,3.1,212.0,0.0,,,,,,,,,,2017-10-07T09:15:00,,,,,,,,,,,,,,,,,,
2017-10-07 11:00:00,998.6,32.1,62.0,1.2,146.0,3.5,177.0,0.0,,,,,,,,,,2017-10-07T10:29:00,,,,,,,,,,,,,,,,,,
2017-10-07 12:00:00,997.7,33.1,64.0,1.6,259.0,3.2,254.0,0.0,,,,,,,,,,2017-10-07T11:51:00,,,,,,,,,,,,,,,,,,
2017-10-07 13:00:00,997.0,32.6,64.0,2.4,252.0,4.2,246.0,0.0,,,,,,,,,,2017-10-07T12:57:00,,,,,,,,,,,,,,,,,,
2017-10-07 14:00:00,996.5,33.9,58.0,1.3,230.0,4.8,247.0,0.0,,,,,,,,,,2017-10-07T13:24:00,,,,,,,,,,,,,,,,,,
2017-10-07 15:00:00,996.0,33.0,66.0,1.9,256.0,5.4,241.0,0.0,,,,,,,,,,2017-10-07T14:48:00,,,,,,,,,,,,,,,,,,
2017-10-07 16:00:00,996.0,32.2,70.0,2.2,255.0,5.0,246.0,0.0,,,,,,,,,,2017-10-07T15:38:00,,,,,,,,,,,,,,,,,,
2017-10-07 17:00:00,995.8,30.2,75.0,2.0,249.0,4.0,273.0,0.0,,,,,,,,,,2017-10-07T16:20:00,,,,,,,,,,,,,,,,,,
2017-10-07 18:00:00,996.7,28.8,80.0,1.9,211.0,4.1,221.0,0.0,,,,,,,,,,2017-10-07T17:18:00,,,,,,,,,,,,,,,,,,
2017-10-07 19:00:00,997.5,28.6,79.0,1.1,259.0,3.5,217.0,0.0,,,,,,,,,,2017-10-07T18:11:00,,,,,,,,,,,,,,,,,,
2017-10-07 20:00:00,997.9,28.0,83.0,0.0,0.0,1.8,212.0,0.0,,,,,,,,,,2017-10-07T19:07:00,,,,,,,,,,,,,,,,,,
2017-10-07 21:00:00,998.3,27.7,86.0,0.8,87.0,2.2,95.0,0.0,,,,,,,,,,2017-10-07T20:45:00,,,,,,,,,,,,,,,,,,
2017-10-07 22:00:00,998.0,27.0,90.0,1.0,29.0,1.8,13.0,0.0,,,,,,,,,,2017-10-07T21:50:00,,,,,,,,,,,,,,,,,,
2017-10-07 23:00:00,998.2,26.5,90.0,0.9,110.0,2.1,79.0,0.0,,,,,,,,,,2017-10-07T22:04:00,,,,,,,,,,,,,,,,,,
2017-10-08 00:00:00,998.4,26.1,92.0,0.0,0.0,2.2,90.0,0.0,,,,,,,,,,2017-10-07T23:39:00,,,,,,,,,,,,,,,,,,
2017-10-08 01:00:00,997.6,26.2,91.0,0.7,105.0,2.4,2.0,0.0,,,,,,,,,,2017-10-08T00:40:00,,,,,,,,,,,,,,,,,,
2017-10-08 02:00:00,998.0,25.6,91.0,0.7,7.0,1.8,63.0,0.0,,,,,,,,,,2017-10-08T01:51:00,,,,,,,,,,,,,,,,,,
2017-10-08 03:00:00,996.6,25.1,92.0,1.0,77.0,2.6,119.0,0.0,,,,,,,,,,2017-10-08T02:48:00,,,,,,,,,,,,,,,,,,
2017-10-08 04:00:00,996.1,25.5,91.0,1.6,65.0,2.7,97.0,0.0,,,,,,,,,,2017-10-08T03:37:00,,,,,,,,,,,,,,,,,,
2017-10-08 05:00:00,996.6,25.5,90.0,0.9,7.0,2.9,75.0,0.0,,,,,,,,,,2017-10-08T04:03:00,,,,,,,,,,,,,,,,,,
2017-10-08 06:00:00,996.6,24.9,92.0,0.7,123.0,2.4,61.0,0.0,,,,,,,,,,2017-10-08T05:44:00,,,,,,,,,,,,,,,,,,
2017-10-08 07:00:00,996.9,25.7,89.0,0.8,55.0,1.8,79.0,0.0,,,,,,,,,,2017-10-08T06:16:00,,,,,,,,,,,,,,,,,,
2017-10-08 08:00:00,997.4,27.1,83.0,0.5,338.0,2.9,65.0,0.0,,,,,,,,,,2017-10-08T07:25:00,,,,,,,,,,,,,,,,,,
2017-10-08 09:00:00,997.4,28.7,81.0,1.5,209.0,2.6,213.0,0.0,,,,,,,,,,2017-10-08T08:41:00,,,,,,,,,,,,,,,,,,
2017-10-08 10:00:00,996.6,29.6,73.0,0.6,117.0,2.7,230.0,0.0,,,,,,,,,,2017-10-08T09:18:00,,,,,,,,,,,,,,,,,,
2017-10-08 11:00:00,996.1,30.9,72.0,1.7,198.0,3.7,190.0,0.0,,,,,,,,,,2017-10-08T10:55:00,,,,,,,,,,,,,,,,,,
2017-10-08 12:00:00,995.7,31.4,72.0,2.0,203.0,3.5,201.0,0.0,,,,,,,,,,2017-10-08T11:26:00,,,,,,,,,,,,,,,,,,
2017-10-08 13:00:00,995.3,30.8,75.0,2.5,208.0,4.2,206.0,0.0,,,,,,,,,,2017-10-08T12:58:00,,,,,,,,,,,,,,,,,,
2017-10-08 14:00:00,994.9,32.9,67.0,1.2,230.0,4.0,208.0,0.0,,,,,,,,,,2017-10-08T13:32:00,,,,,,,,,,,,,,,,,,
2017-10-08 15:00:00,994.7,31.3,72.0,1.8,242.0,3.0,188.0,0.0,,,,,,,,,,2017-10-08T14:01:00,,,,,,,,,,,,,,,,,,
2017-10-08 16:00:00,994.7,30.3,75.0,0.6,97.0,3.0,206.0,0.0,,,,,,,,,,2017-10-08T15:01:00,,,,,,,,,,,,,,,,,,
2017-10-08 17:00:00,994.7,29.9,79.0,0.8,321.0,2.2,211.0,0.0,,,,,,,,,,2017-10-08T16:21:00,,,,,,,,,,,,,,,,,,
2017-10-08 18:00:00,995.1,28.2,86.0,1.4,221.0,3.2,186.0,0.0,,,,,,,,,,2017-10-08T17:37:00,,,,,,,,,,,,,,,,,,
2017-10-08 19:00:00,995.7,27.7,87.0,1.4,213.0,4.0,211.0,0.0,,,,,,,,,,2017-10-08T18:41:00,,,,,,,,,,,,,,,,,,
2017-10-08 20:00:00,996.3,27.7,88.0,0.5,326.0,2.7,172.0,0.0,,,,,,,,,,2017-10-08T19:12:00,,,,,,,,,,,,,,,,,,
2017-10-08 21:00:00,997.2,27.3,89.0,0.6,297.0,2.0,2.0,0.0,,,,,,,,,,2017-10-08T20:47:00,,,,,,,,,,,,,,,,,,
2017-10-08 22:00:00,998.1,27.5,90.0,1.1,57.0,2.3,21.0,0.0,,,,,,,,,,2017-10-08T21:42:00,,,,,,,,,,,,,,,,,,
2017-10-08 23:00:00,998.3,26.7,93.0,0.9,120.0,1.8,179.0,0.0,,,,,,,,,,2017-10-08T22:49:00,,,,,,,,,,,,,,,,,,
2017-10-09 00:00:00,998.1,26.3,92.0,1.0,73.0,2.4,89.0,0.0,,,,,,,,,,2017-10-08T23:21:00,,,,,,,,,,,,,,,,,,
2017-10-09 01:00:00,997.2,26.2,92.0,1.3,67.0,3.1,10.0,0.0,,,,,,,,,,2017-10-09T00:09:00,,,,,,,,,,,,,,,,,,
2017-10-09 02:00:00,997.3,26.2,90.0,1.2,50.0,2.6,86.0,0.0,,,,,,,,,,2017-10-09T01:14:00,,,,,,,,,,,,,,,,,,
2017-10-09 03:00:00,996.3,25.7,91.0,1.3,74.0,2.7,57.0,0.0,,,,,,,,,,2017-10-09T02:12:00,,,,,,,,,,,,,,,,,,
2017-10-09 04:00:00,996.6,25.4,92.0,0.3,99.0,2.1,111.0,0.0,,,,,,,,,,2017-10-09T03:31:00,,,,,,,,,,,,,,,,,,
2017-10-09 05:00:00,996.7,24.9,94.0,0.8,348.0,1.8,103.0,0.0,,,,,,,,,,2017-10-09T04:33:00,,,,,,,,,,,,,,,,,,
2017-10-09 06:00:00,996.3,25.4,88.0,1.4,48.0,3.6,60.0,0.0,,,,,,,,,,2017-10-09T05:27:00,,,,,,,,,,,,,,,,,,
2017-10-09 07:00:00,996.4,25.5,87.0,1.9,72.0,3.6,74.0,0.0,,,,,,,,,,2017-10-09T06:10:00,,,,,,,,,,,,,,,,,,
2017-10-09 08:00:00,997.0,28.3,71.0,0.8,75.0,2.4,91.0,0.0,,,,,,,,,,2017-10-09T07:02:00,,,,,,,,,,,,,,,,,,
2017-10-09 09:00:00,997.5,31.3,65.0,1.1,235.0,2.0,198.0,0.0,,,,,,,,,,2017-10-09T08:39:00,,,,,,,,,,,,,,,,,,
2017-10-09 10:00:00,997.7,32.2,62.0,0.9,227.0,2.3,230.0,0.0,,,,,,,,,,2017-10-09T09:54:00,,,,,,,,,,,,,,,,,,
2017-10-09 11:00:00,997.1,33.3,58.0,0.9,279.0,3.5,217.0,0.0,,,,,,,,,,2017-10-09T10:27:00,,,,,,,,,,,,,,,,,,
2017-10-09 12:00:00,996.2,34.0,59.0,1.2,263.0,3.6,274.0,0.0,,,,,,,,,,2017-10-09T11:47:00,,,,,,,,,,,,,,,,,,
2017-10-09 13:00:00,995.7,34.5,57.0,1.4,258.0,4.1,350.0,0.0,,,,,,,,,,2017-10-09T12:45:00,,,,,,,,,,,,,,,,,,
2017-10-09 14:00:00,995.4,32.7,64.0,1.6,282.0,4.3,289.0,0.0,,,,,,,,,,2017-10-09T13:38:00,,,,,,,,,,,,,,,,,,
2017-10-09 15:00:00,994.9,32.7,64.0,2.0,281.0,4.5,267.0,0.0,,,,,,,,,,2017-10-09T14:11:00,,,,,,,,,,,,,,,,,,
2017-10-09 16:00:00,995.1,31.6,65.0,2.2,275.0,4.9,270.0,0.0,,,,,,,,,,2017-10-09T15:03:00,,,,,,,,,,,,,,,,,,
2017-10-09 17:00:00,995.5,30.5,69.0,1.4,267.0,3.5,264.0,0.0,,,,,,,,,,2017-10-09T16:12:00,,,,,,,,,,,,,,,,,,
2017-10-09 18:00:00,995.9,29.0,76.0,0.8,257.0,2.6,285.0,0.0,,,,,,,,,,2017-10-09T17:32:00,,,,,,,,,,,,,,,,,,
2017-10-09 19:00:00,996.9,28.5,77.0,1.2,231.0,2.0,293.0,0.0,,,,,,,,,,2017-10-09T18:15:00,,,,,,,,,,,,,,,,,,
2017-10-09 20:00:00,997.6,27.9,80.0,1.4,67.0,2.3,215.0,0.0,,,,,,,,,,2017-10-09T19:10:00,,,,,,,,,,,,,,,,,,
2017-10-09 21:00:00,997.9,27.2,82.0,1.2,44.0,2.2,81.0,0.0,,,,,,,,,,2017-10-09T20:23:00,,,,,,,,,,,,,,,,,,
2017-10-09 22:00:00,997.9,25.9,88.0,1.1,354.0,2.4,71.0,0.0,,,,,,,,,,2017-10-09T21:06:00,,,,,,,,,,,,,,,,,,
2017-10-09 23:00:00,997.7,25.6,90.0,0.5,113.0,1.9,65.0,0.0,,,,,,,,,,2017-10-09T22:41:00,,,,,,,,,,,,,,,,,,
2017-10-10 00:00:00,997.2,25.6,90.0,1.3,142.0,2.0,63.0,0.0,,,,,,,,,,2017-10-09T23:15:00,,,,,,,,,,,,,,,,,,
2017-10-10 01:00:00,997.1,25.6,91.0,1.1,44.0,2.3,64.0,0.0,,,,,,,,,,2017-10-10T01:00:00,,,,,,,,,,,,,,,,,,
2017-10-10 02:00:00,996.8,25.7,90.0,0.8,25.0,2.4,75.0,0.0,,,,,,,,,,2017-10-10T01:06:00,,,,,,,,,,,,,,,,,,
2017-10-10 03:00:00,996.4,25.3,91.0,0.7,42.0,2.4,91.0,0.0,,,,,,,,,,2017-10-10T02:44:00,,,,,,,,,,,,,,,,,,
2017-10-10 04:00:00,996.2,24.8,93.0,1.0,90.0,2.1,74.0,0.0,,,,,,,,,,2017-10-10T03:41:00,,,,,,,,,,,,,,,,,,
2017-10-10 05:00:00,996.3,24.7,91.0,0.6,71.0,2.2,55.0,0.0,,,,,,,,,,2017-10-10T04:09:00,,,,,,,,,,,,,,,,,,
2017-10-10 06:00:00,996.4,24.9,87.0,0.6,83.0,2.7,57.0,0.0,,,,,,,,,,2017-10-10T05:36:00,,,,,,,,,,,,,,,,,,
2017-10-10 07:00:00,997.3,25.6,85.0,0.6,100.0,2.3,35.0,0.0,,,,,,,,,,2017-10-10T06:33:00,,,,,,,,,,,,,,,,,,
2017-10-10 08:00:00,997.7,28.5,71.0,1.1,2.0,2.6,46.0,0.0,,,,,,,,,,2017-10-10T07:36:00,,,,,,,,,,,,,,,,,,
2017-10-10 09:00:00,997.9,31.0,62.0,0.7,180.0,3.0,59.0,0.0,,,,,,,,,,2017-10-10T08:30:00,,,,,,,,,,,,,,,,,,
2017-10-10 10:00:00,997.8,32.8,57.0,0.5,145.0,3.2,203.0,0.0,,,,,,,,,,2017-10-10T09:35:00,,,,,,,,,,,,,,,,,,
2017-10-10 11:00:00,997.5,34.1,57.0,2.3,259.0,4.1,274.0,0.0,,,,,,,,,,2017-10-10T10:59:00,,,,,,,,,,,,,,,,,,
2017-10-10 12:00:00,996.8,34.9,52.0,1.6,293.0,4.9,296.0,0.0,,,,,,,,,,2017-10-10T11:39:00,,,,,,,,,,,,,,,,,,
2017-10-10 13:00:00,996.3,34.9,53.0,1.7,281.0,5.0,289.0,0.0,,,,,,,,,,2017-10-10T12:34:00,,,,,,,,,,,,,,,,,,
2017-10-10 14:00:00,995.3,34.8,53.0,1.0,298.0,5.3,271.0,0.0,,,,,,,,,,2017-10-10T13:04:00,,,,,,,,,,,,,,,,,,
2017-10-10 15:00:00,995.1,34.9,53.0,1.4,284.0,5.1,302.0,0.0,,,,,,,,,,2017-10-10T14:26:00,,,,,,,,,,,,,,,,,,
2017-10-10 16:00:00,995.1,34.6,52.0,1.2,310.0,4.9,294.0,0.0,,,,,,,,,,2017-10-10T15:07:00,,,,,,,,,,,,,,,,,,
2017-10-10 17:00:00,995.2,34.0,56.0,1.4,288.0,2.8,298.0,0.0,,,,,,,,,,2017-10-10T16:09:00,,,,,,,,,,,,,,,,,,
2017-10-10 18:00:00,995.9,30.5,70.0,2.1,182.0,3.8,181.0,0.0,,,,,,,,,,2017-10-10T17:51:00,,,,,,,,,,,,,,,,,,
2017-10-10 19:00:00,996.5,29.3,75.0,1.1,126.0,3.4,181.0,0.0,,,,,,,,,,2017-10-10T18:35:00,,,,,,,,,,,,,,,,,,
2017-10-10 20:00:00,996.9,28.6,79.0,0.5,11.0,2.6,121.0,0.0,,,,,,,,,,2017-10-10T19:17:00,,,,,,,,,,,,,,,,,,
2017-10-10 21:00:00,997.0,27.8,83.0,0.4,162.0,2.2,78.0,0.0,,,,,,,,,,2017-10-10T20:28:00,,,,,,,,,,,,,,,,,,
2017-10-10 22:00:00,997.0,27.7,83.0,0.6,64.0,1.7,1.0,0.0,,,,,,,,,,2017-10-10T21:09:00,,,,,,,,,,,,,,,,,,
2017-10-10 23:00:00,997.0,27.1,86.0,0.8,56.0,2.1,78.0,0.0,,,,,,,,,,2017-10-10T22:53:00,,,,,,,,,,,,,,,,,,
2017-10-11 00:00:00,997.0,26.3,88.0,0.8,117.0,2.2,83.0,0.0,,,,,,,,,,2017-10-10T23:28:00,,,,,,,,,,,,,,,,,,
2017-10-11 01:00:00,996.4,26.2,88.0,1.3,22.0,2.6,24.0,0.0,,,,,,,,,,2017-10-11T01:00:00,,,,,,,,,,,,,,,,,,
2017-10-11 02:00:00,996.1,25.5,91.0,0.1,0.0,1.5,58.0,0.0,,,,,,,,,,2017-10-11T01:03:00,,,,,,,,,,,,,,,,,,
2017-10-11 03:00:00,996.0,25.0,91.0,0.7,67.0,2.2,4.0,0.0,,,,,,,,,,2017-10-11T02:16:00,,,,,,,,,,,,,,,,,,
2017-10-11 04:00:00,995.9,25.0,91.0,1.0,113.0,1.8,84.0,0.0,,,,,,,,,,2017-10-11T03:24:00,,,,,,,,,,,,,,,,,,
2017-10-11 05:00:00,996.4,24.4,92.0,1.1,104.0,2.0,354.0,0.0,,,,,,,,,,2017-10-11T04:05:00,,,,,,,,,,,,,,,,,,
2017-10-11 06:00:00,996.9,24.5,92.0,1.0,92.0,2.4,33.0,0.0,,,,,,,,,,2017-10-11T05:47:00,,,,,,,,,,,,,,,,,,
2017-10-11 07:00:00,997.6,25.4,88.0,0.7,45.0,2.2,58.0,0.0,,,,,,,,,,2017-10-11T06:52:00,,,,,,,,,,,,,,,,,,
2017-10-11 08:00:00,998.0,28.3,75.0,1.1,40.0,3.7,59.0,0.0,,,,,,,,,,2017-10-11T07:25:00,,,,,,,,,,,,,,,,,,
2017-10-11 09:00:00,997.9,30.9,64.0,1.9,12.0,2.9,337.0,0.0,,,,,,,,,,2017-10-11T08:57:00,,,,,,,,,,,,,,,,,,
2017-10-11 10:00:00,997.0,31.8,60.0,1.1,134.0,2.8,187.0,0.0,,,,,,,,,,2017-10-11T09:40:00,,,,,,,,,,,,,,,,,,
2017-10-11 11:00:00,996.3,33.6,57.0,1.1,274.0,3.7,20.0,0.0,,,,,,,,,,2017-10-11T10:46:00,,,,,,,,,,,,,,,,,,
2017-10-11 12:00:00,995.4,34.5,53.0,1.5,257.0,4.5,230.0,0.0,,,,,,,,,,2017-10-11T11:43:00,,,,,,,,,,,,,,,,,,
2017-10-11 13:00:00,994.5,35.1,47.0,1.5,313.0,4.8,288.0,0.0,,,,,,,,,,2017-10-11T12:59:00,,,,,,,,,,,,,,,,,,
2017-10-11 14:00:00,993.8,35.4,49.0,1.2,294.0,4.8,288.0,0.0,,,,,,,,,,2017-10-11T13:36:00,,,,,,,,,,,,,,,,,,
2017-10-11 15:00:00,993.6,33.9,61.0,2.8,276.0,5.5,284.0,0.0,,,,,,,,,,2017-10-11T14:03:00,,,,,,,,,,,,,,,,,,
2017-10-11 16:00:00,993.9,33.9,61.0,1.3,292.0,5.6,266.0,0.0,,,,,,,,,,2017-10-11T15:01:00,,,,,,,,,,,,,,,,,,
2017-10-11 17:00:00,995.0,25.5,86.0,1.2,213.0,6.4,167.0,15.0,,,,,,,,,,2017-10-11T16:25:00,,,,,,,,,,,,,,,,,,
2017-10-11 18:00:00,995.5,25.8,89.0,0.4,10.0,3.5,300.0,0.0,,,,,,,,,,2017-10-11T17:17:00,,,,,,,,,,,,,,,,,,
2017-10-11 19:00:00,996.0,25.8,91.0,1.2,343.0,3.6,5.0,0.0,,,,,,,,,,2017-10-11T18:08:00,,,,,,,,,,,,,,,,,,
2017-10-11 20:00:00,996.2,25.6,92.0,1.4,92.0,3.1,108.0,0.0,,,,,,,,,,2017-10-11T19:51:00,,,,,,,,,,,,,,,,,,
2017-10-11 21:00:00,996.3,25.8,90.0,0.2,0.0,2.5,91.0,0.0,,,,,,,,,,2017-10-11T20:35:00,,,,,,,,,,,,,,,,,,
2017-10-11 22:00:00,996.4,25.2,92.0,1.4,81.0,2.6,79.0,0.0,,,,,,,,,,2017-10-11T21:56:00,,,,,,,,,,,,,,,,,,
2017-10-11 23:00:00,996.3,25.3,92.0,1.1,74.0,2.2,77.0,0.0,,,,,,,,,,2017-10-11T22:41:00,,,,,,,,,,,,,,,,,,
2017-10-12 00:00:00,996.1,25.2,92.0,0.6,338.0,2.6,6.0,0.0,,,,,,,,,,2017-10-11T23:39:00,,,,,,,,,,,,,,,,,,
2017-10-12 01:00:00,995.7,25.5,89.0,0.8,60.0,2.9,55.0,0.0,,,,,,,,,,2017-10-12T00:23:00,,,,,,,,,,,,,,,,,,
2017-10-12 02:00:00,995.4,25.1,92.0,1.3,50.0,2.2,60.0,0.0,,,,,,,,,,2017-10-12T02:00:00,,,,,,,,,,,,,,,,,,
2017-10-12 03:00:00,995.1,25.2,91.0,0.9,51.0,2.7,65.0,0.0,,,,,,,,,,2017-10-12T02:05:00,,,,,,,,,,,,,,,,,,
2017-10-12 04:00:00,994.7,25.4,89.0,1.5,15.0,2.8,47.0,0.0,,,,,,,,,,2017-10-12T03:37:00,,,,,,,,,,,,,,,,,,
2017-10-12 05:00:00,994.9,25.0,91.0,1.2,74.0,2.8,71.0,0.0,,,,,,,,,,2017-10-12T04:51:00,,,,,,,,,,,,,,,,,,
2017-10-12 06:00:00,995.3,25.2,90.0,0.0,0.0,1.9,75.0,0.0,,,,,,,,,,2017-10-12T05:26:00,,,,,,,,,,,,,,,,,,
2017-10-12 07:00:00,995.4,25.7,89.0,1.3,65.0,2.4,70.0,0.0,,,,,,,,,,2017-10-12T06:52:00,,,,,,,,,,,,,,,,,,
2017-10-12 08:00:00,995.4,26.6,85.0,0.5,116.0,2.2,67.0,0.0,,,,,,,,,,2017-10-12T07:01:00,,,,,,,,,,,,,,,,,,
2017-10-12 09:00:00,995.1,28.0,79.0,1.3,81.0,2.0,87.0,0.0,,,,,,,,,,2017-10-12T08:52:00,,,,,,,,,,,,,,,,,,
2017-10-12 10:00:00,994.5,29.8,69.0,0.3,251.0,2.3,3.0,0.0,,,,,,,,,,2017-10-12T09:17:00,,,,,,,,,,,,,,,,,,
2017-10-12 11:00:00,993.8,31.1,68.0,2.0,186.0,3.2,178.0,0.0,,,,,,,,,,2017-10-12T10:57:00,,,,,,,,,,,,,,,,,,
2017-10-12 12:00:00,992.7,32.7,64.0,1.1,207.0,3.8,209.0,0.0,,,,,,,,,,2017-10-12T11:39:00,,,,,,,,,,,,,,,,,,
2017-10-12 13:00:00,991.9,32.0,61.0,2.2,273.0,3.7,144.0,0.0,,,,,,,,,,2017-10-12T12:05:00,,,,,,,,,,,,,,,,,,
2017-10-12 14:00:00,990.9,33.8,52.0,1.7,273.0,3.9,260.0,0.0,,,,,,,,,,2017-10-12T13:14:00,,,,,,,,,,,,,,,,,,
2017-10-12 15:00:00,990.6,34.1,52.0,1.5,273.0,3.9,246.0,0.0,,,,,,,,,,2017-10-12T14:27:00,,,,,,,,,,,,,,,,,,
2017-10-12 16:00:00,990.7,33.3,60.0,1.5,246.0,5.3,200.0,0.0,,,,,,,,,,2017-10-12T15:10:00,,,,,,,,,,,,,,,,,,
2017-10-12 17:00:00,990.8,31.6,64.0,0.9,259.0,2.7,259.0,0.0,,,,,,,,,,2017-10-12T16:33:00,,,,,,,,,,,,,,,,,,
2017-10-12 18:00:00,991.1,29.8,73.0,1.0,298.0,1.9,270.0,0.0,,,,,,,,,,2017-10-12T17:08:00,,,,,,,,,,,,,,,,,,
2017-10-12 19:00:00,991.2,29.2,76.0,1.3,106.0,2.7,157.0,0.0,,,,,,,,,,2017-10-12T18:29:00,,,,,,,,,,,,,,,,,,
2017-10-12 20:00:00,991.9,28.6,76.0,0.7,88.0,2.7,117.0,0.0,,,,,,,,,,2017-10-12T19:17:00,,,,,,,,,,,,,,,,,,
2017-10-12 21:00:00,992.5,28.0,82.0,1.4,45.0,2.2,82.0,0.0,,,,,,,,,,2017-10-12T20:24:00,,,,,,,,,,,,,,,,,,
2017-10-12 22:00:00,992.1,26.9,88.0,0.9,102.0,2.0,11.0,0.0,,,,,,,,,,2017-10-12T21:37:00,,,,,,,,,,,,,,,,,,
2017-10-12 23:00:00,991.8,26.8,87.0,1.0,69.0,2.4,81.0,0.0,,,,,,,,,,2017-10-12T22:08:00,,,,,,,,,,,,,,,,,,
2017-10-13 00:00:00,991.2,26.3,90.0,0.9,254.0,1.8,65.0,0.0,,,,,,,,,,2017-10-12T23:01:00,,,,,,,,,,,,,,,,,,
2017-10-13 01:00:00,990.4,26.1,90.0,0.7,78.0,2.5,94.0,0.0,,,,,,,,,,2017-10-13T00:34:00,,,,,,,,,,,,,,,,,,
2017-10-13 02:00:00,990.3,26.0,91.0,0.4,130.0,1.9,18.0,0.0,,,,,,,,,,2017-10-13T01:29:00,,,,,,,,,,,,,,,,,,
2017-10-13 03:00:00,989.9,26.1,91.0,0.4,177.0,1.5,107.0,0.0,,,,,,,,,,2017-10-13T02:40:00,,,,,,,,,,,,,,,,,,
2017-10-13 04:00:00,989.8,25.7,93.0,0.9,21.0,1.9,61.0,0.0,,,,,,,,,,2017-10-13T03:44:00,,,,,,,,,,,,,,,,,,
2017-10-13 05:00:00,989.5,25.7,92.0,1.3,58.0,2.2,50.0,0.0,,,,,,,,,,2017-10-13T04:57:00,,,,,,,,,,,,,,,,,,
2017-10-13 06:00:00,989.8,25.4,92.0,1.0,114.0,1.8,2.0,0.0,,,,,,,,,,2017-10-13T05:25:00,,,,,,,,,,,,,,,,,,
2017-10-13 07:00:00,989.6,26.1,89.0,0.6,38.0,2.2,28.0,0.0,,,,,,,,,,2017-10-13T06:07:00,,,,,,,,,,,,,,,,,,
2017-10-13 08:00:00,990.4,26.7,89.0,1.5,251.0,2.6,225.0,0.0,,,,,,,,,,2017-10-13T07:58:00,,,,,,,,,,,,,,,,,,
2017-10-13 09:00:00,990.9,26.7,90.0,1.5,218.0,2.2,205.0,0.0,,,,,,,,,,2017-10-13T09:00:00,,,,,,,,,,,,,,,,,,
2017-10-13 10:00:00,990.7,26.2,91.0,1.2,155.0,3.0,211.0,0.0,,,,,,,,,,2017-10-13T09:06:00,,,,,,,,,,,,,,,,,,
2017-10-13 11:00:00,989.9,26.2,91.0,1.6,212.0,2.9,222.0,0.0,,,,,,,,,,2017-10-13T10:35:00,,,,,,,,,,,,,,,,,,
2017-10-13 12:00:00,989.1,26.0,92.0,1.1,204.0,2.7,193.0,0.5,,,,,,,,,,2017-10-13T11:10:00,,,,,,,,,,,,,,,,,,
2017-10-13 13:00:00,988.5,25.7,94.0,1.3,191.0,2.9,182.0,0.0,,,,,,,,,,2017-10-13T12:46:00,,,,,,,,,,,,,,,,,,
2017-10-13 14:00:00,987.4,25.7,93.0,0.6,223.0,2.4,223.0,0.0,,,,,,,,,,2017-10-13T13:09:00,,,,,,,,,,,,,,,,,,
2017-10-13 15:00:00,987.0,25.6,93.0,0.8,173.0,2.2,182.0,0.0,,,,,,,,,,2017-10-13T14:06:00,,,,,,,,,,,,,,,,,,
2017-10-13 16:00:00,986.8,25.4,94.0,0.3,215.0,2.1,220.0,0.0,,,,,,,,,,2017-10-13T15:05:00,,,,,,,,,,,,,,,,,,
2017-10-13 17:00:00,986.7,25.3,95.0,0.2,0.0,1.7,262.0,0.5,,,,,,,,,,2017-10-13T16:51:00,,,,,,,,,,,,,,,,,,
2017-10-13 18:00:00,987.0,25.3,95.0,0.1,0.0,2.2,155.0,0.0,,,,,,,,,,2017-10-13T17:42:00,,,,,,,,,,,,,,,,,,
2017-10-13 19:00:00,988.3,25.3,96.0,0.6,355.0,1.8,231.0,1.5,,,,,,,,,,2017-10-13T18:22:00,,,,,,,,,,,,,,,,,,
2017-10-13 20:00:00,989.3,24.3,94.0,1.2,33.0,2.4,50.0,3.0,,,,,,,,,,2017-10-13T19:56:00,,,,,,,,,,,,,,,,,,
2017-10-13 21:00:00,989.8,24.1,94.0,0.1,0.0,2.4,53.0,1.5,,,,,,,,,,2017-10-13T20:02:00,,,,,,,,,,,,,,,,,,
2017-10-13 22:00:00,989.5,23.7,94.0,0.7,18.0,2.9,3.0,1.5,,,,,,,,,,2017-10-13T21:47:00,,,,,,,,,,,,,,,,,,
2017-10-13 23:00:00,989.4,23.6,93.0,1.1,23.0,2.0,22.0,0.0,,,,,,,,,,2017-10-13T22:02:00,,,,,,,,,,,,,,,,,,
2017-10-14 00:00:00,988.4,23.5,94.0,0.9,209.0,2.4,66.0,0.0,,,,,,,,,,2017-10-13T23:15:00,,,,,,,,,,,,,,,,,,
2017-10-14 01:00:00,988.3,23.4,94.0,0.8,104.0,1.9,149.0,2.0,,,,,,,,,,2017-10-14T00:14:00,,,,,,,,,,,,,,,,,,
2017-10-14 02:00:00,987.2,23.3,95.0,0.1,0.0,2.4,16.0,0.5,,,,,,,,,,2017-10-14T01:50:00,,,,,,,,,,,,,,,,,,
2017-10-14 03:00:00,987.2,23.3,95.0,0.3,107.0,1.8,96.0,1.5,,,,,,,,,,2017-10-14T02:38:00,,,,,,,,,,,,,,,,,,
2017-10-14 04:00:00,987.0,23.2,95.0,0.4,226.0,2.1,65.0,3.5,,,,,,,,,,2017-10-14T03:27:00,,,,,,,,,,,,,,,,,,
2017-10-14 05:00:00,986.5,23.1,95.0,1.1,81.0,2.6,2.0,3.5,,,,,,,,,,2017-10-14T04:32:00,,,,,,,,,,,,,,,,,,
2017-10-14 06:00:00,986.8,23.2,96.0,0.9,52.0,1.8,236.0,0.0,,,,,,,,,,2017-10-14T05:39:00,,,,,,,,,,,,,,,,,,
2017-10-14 07:00:00,987.5,23.6,96.0,0.5,286.0,1.7,159.0,0.0,,,,,,,,,,2017-10-14T06:04:00,,,,,,,,,,,,,,,,,,
2017-10-14 08:00:00,988.6,23.9,95.0,0.1,0.0,1.8,219.0,0.5,,,,,,,,,,2017-10-14T07:40:00,,,,,,,,,,,,,,,,,,
2017-10-14 09:00:00,988.7,25.0,94.0,1.3,179.0,2.0,312.0,1.5,,,,,,,,,,2017-10-14T08:10:00,,,,,,,,,,,,,,,,,,
2017-10-14 10:00:00,989.6,24.5,94.0,1.1,190.0,2.7,221.0,3.5,,,,,,,,,,2017-10-14T09:10:00,,,,,,,,,,,,,,,,,,
2017-10-14 11:00:00,990.1,24.1,96.0,0.6,158.0,2.1,173.0,4.5,,,,,,,,,,2017-10-14T10:54:00,,,,,,,,,,,,,,,,,,
2017-10-14 12:00:00,988.6,24.5,96.0,0.9,39.0,3.4,4.0,4.5,,,,,,,,,,2017-10-14T11:16:00,,,,,,,,,,,,,,,,,,
2017-10-14 13:00:00,987.7,25.2,92.0,1.3,12.0,3.1,3.0,1.5,,,,,,,,,,2017-10-14T13:00:00,,,,,,,,,,,,,,,,,,
2017-10-14 14:00:00,987.1,26.2,88.0,0.9,109.0,3.6,4.0,0.0,,,,,,,,,,2017-10-14T13:06:00,,,,,,,,,,,,,,,,,,
2017-10-14 15:00:00,987.6,25.2,93.0,0.7,30.0,3.4,72.0,1.5,,,,,,,,,,2017-10-14T14:09:00,,,,,,,,,,,,,,,,,,
2017-10-14 16:00:00,987.7,25.5,93.0,0.4,273.0,1.7,352.0,0.5,,,,,,,,,,2017-10-14T15:14:00,,,,,,,,,,,,,,,,,,
2017-10-14 17:00:00,987.9,25.4,93.0,1.1,83.0,1.4,154.0,0.5,,,,,,,,,,2017-10-14T16:31:00,,,,,,,,,,,,,,,,,,
2017-10-14 18:00:00,988.1,25.1,94.0,0.6,210.0,1.6,62.0,0.0,,,,,,,,,,2017-10-14T17:21:00,,,,,,,,,,,,,,,,,,
2017-10-14 19:00:00,988.6,24.6,95.0,1.6,189.0,2.4,192.0,0.0,,,,,,,,,,2017-10-14T18:55:00,,,,,,,,,,,,,,,,,,
2017-10-14 20:00:00,989.4,24.5,95.0,1.0,91.0,1.6,209.0,0.0,,,,,,,,,,2017-10-14T19:11:00,,,,,,,,,,,,,,,,,,
2017-10-14 21:00:00,989.9,24.6,95.0,0.4,98.0,1.9,31.0,0.5,,,,,,,,,,2017-10-14T20:29:00,,,,,,,,,,,,,,,,,,
2017-10-14 22:00:00,990.3,24.5,96.0,0.0,0.0,1.2,77.0,0.5,,,,,,,,,,2017-10-14T21:16:00,,,,,,,,,,,,,,,,,,
2017-10-14 23:00:00,990.3,24.4,96.0,0.7,110.0,1.6,65.0,1.0,,,,,,,,,,2017-10-14T22:48:00,,,,,,,,,,,,,,,,,,
2017-10-15 00:00:00,990.4,24.3,96.0,1.2,50.0,2.2,56.0,2.5,,,,,,,,,,2017-10-14T23:56:00,,,,,,,,,,,,,,,,,,
2017-10-15 01:00:00,990.3,24.0,95.0,0.6,90.0,3.0,7.0,4.0,,,,,,,,,,2017-10-15T00:09:00,,,,,,,,,,,,,,,,,,
2017-10-15 02:00:00,989.6,23.7,96.0,0.6,34.0,3.2,7.0,15.5,,,,,,,,,,2017-10-15T01:32:00,,,,,,,,,,,,,,,,,,
2017-10-15 03:00:00,989.7,23.7,96.0,0.9,203.0,2.3,80.0,0.5,,,,,,,,,,2017-10-15T02:32:00,,,,,,,,,,,,,,,,,,
2017-10-15 04:00:00,990.0,23.7,96.0,0.8,82.0,1.8,82.0,2.5,,,,,,,,,,2017-10-15T03:52:00,,,,,,,,,,,,,,,,,,
2017-10-15 05:00:00,990.2,23.7,96.0,1.4,72.0,2.5,17.0,3.5,,,,,,,,,,2017-10-15T04:23:00,,,,,,,,,,,,,,,,,,
2017-10-15 06:00:00,991.1,23.8,95.0,0.8,56.0,2.9,56.0,2.5,,,,,,,,,,2017-10-15T05:28:00,,,,,,,,,,,,,,,,,,
2017-10-15 07:00:00,992.5,23.7,96.0,1.2,69.0,2.3,68.0,8.5,,,,,,,,,,2017-10-15T06:57:00,,,,,,,,,,,,,,,,,,
2017-10-15 08:00:00,993.1,23.9,95.0,1.7,67.0,4.7,61.0,3.0,,,,,,,,,,2017-10-15T07:30:00,,,,,,,,,,,,,,,,,,
2017-10-15 09:00:00,993.8,24.3,93.0,1.1,31.0,2.8,14.0,1.5,,,,,,,,,,2017-10-15T08:21:00,,,,,,,,,,,,,,,,,,
2017-10-15 10:00:00,993.8,24.3,94.0,0.9,34.0,4.1,52.0,4.0,,,,,,,,,,2017-10-15T09:43:00,,,,,,,,,,,,,,,,,,
2017-10-15 11:00:00,994.1,24.4,95.0,1.6,15.0,2.9,47.0,6.0,,,,,,,,,,2017-10-15T10:27:00,,,,,,,,,,,,,,,,,,
2017-10-15 12:00:00,993.5,24.8,94.0,1.2,23.0,3.3,52.0,2.5,,,,,,,,,,2017-10-15T11:28:00,,,,,,,,,,,,,,,,,,
2017-10-15 13:00:00,993.4,24.7,94.0,0.9,34.0,2.3,60.0,4.5,,,,,,,,,,2017-10-15T12:07:00,,,,,,,,,,,,,,,,,,
2017-10-15 14:00:00,992.9,24.8,94.0,1.1,25.0,2.7,26.0,1.5,,,,,,,,,,2017-10-15T13:55:00,,,,,,,,,,,,,,,,,,
2017-10-15 15:00:00,992.6,24.8,94.0,1.8,20.0,2.6,32.0,2.0,,,,,,,,,,2017-10-15T14:57:00,,,,,,,,,,,,,,,,,,
2017-10-15 16:00:00,993.3,24.9,93.0,0.6,17.0,2.2,43.0,1.0,,,,,,,,,,2017-10-15T15:06:00,,,,,,,,,,,,,,,,,,
2017-10-15 17:00:00,993.7,24.8,94.0,1.2,76.0,2.2,47.0,1.0,,,,,,,,,,2017-10-15T16:44:00,,,,,,,,,,,,,,,,,,
2017-10-15 18:00:00,994.1,24.7,95.0,1.1,23.0,2.2,1.0,0.5,,,,,,,,,,2017-10-15T17:38:00,,,,,,,,,,,,,,,,,,
2017-10-15 19:00:00,994.6,24.5,95.0,1.3,74.0,2.2,61.0,0.0,,,,,,,,,,2017-10-15T18:57:00,,,,,,,,,,,,,,,,,,
2017-10-15 20:00:00,995.4,24.4,95.0,0.0,0.0,2.1,85.0,0.5,,,,,,,,,,2017-10-15T19:06:00,,,,,,,,,,,,,,,,,,
2017-10-15 21:00:00,996.1,24.4,94.0,0.6,78.0,2.7,69.0,0.0,,,,,,,,,,2017-10-15T20:18:00,,,,,,,,,,,,,,,,,,
2017-10-15 22:00:00,996.5,24.3,94.0,0.7,17.0,1.9,91.0,0.0,,,,,,,,,,2017-10-15T21:20:00,,,,,,,,,,,,,,,,,,
2017-10-15 23:00:00,996.1,24.1,94.0,0.6,54.0,2.0,97.0,0.0,,,,,,,,,,2017-10-15T22:32:00,,,,,,,,,,,,,,,,,,
2017-10-16 00:00:00,996.1,24.0,95.0,1.0,34.0,1.7,256.0,0.0,,,,,,,,,,2017-10-15T23:12:00,,,,,,,,,,,,,,,,,,
2017-10-16 01:00:00,996.0,23.9,95.0,0.3,65.0,2.0,86.0,0.5,,,,,,,,,,2017-10-16T00:50:00,,,,,,,,,,,,,,,,,,
2017-10-16 02:00:00,995.7,23.8,95.0,0.5,82.0,1.9,16.0,0.0,,,,,,,,,,2017-10-16T01:09:00,,,,,,,,,,,,,,,,,,
2017-10-16 03:00:00,995.6,23.7,95.0,0.0,0.0,1.2,16.0,0.0,,,,,,,,,,2017-10-16T02:25:00,,,,,,,,,,,,,,,,,,
2017-10-16 04:00:00,995.7,23.8,96.0,0.7,23.0,1.6,17.0,0.0,,,,,,,,,,2017-10-16T03:50:00,,,,,,,,,,,,,,,,,,
2017-10-16 05:00:00,996.2,23.8,96.0,0.7,14.0,1.3,85.0,0.0,,,,,,,,,,2017-10-16T04:06:00,,,,,,,,,,,,,,,,,,
2017-10-16 06:00:00,996.7,23.7,96.0,1.1,85.0,1.4,88.0,0.0,,,,,,,,,,2017-10-16T05:51:00,,,,,,,,,,,,,,,,,,
2017-10-16 07:00:00,997.5,24.1,96.0,0.7,7.0,1.3,85.0,0.0,,,,,,,,,,2017-10-16T06:01:00,,,,,,,,,,,,,,,,,,
2017-10-16 08:00:00,997.8,25.5,89.0,0.8,14.0,1.7,44.0,0.0,,,,,,,,,,2017-10-16T07:29:00,,,,,,,,,,,,,,,,,,
2017-10-16 09:00:00,998.0,28.6,76.0,0.6,300.0,1.4,65.0,0.0,,,,,,,,,,2017-10-16T08:25:00,,,,,,,,,,,,,,,,,,
2017-10-16 10:00:00,997.5,29.7,75.0,1.0,286.0,2.5,12.0,0.0,,,,,,,,,,2017-10-16T09:11:00,,,,,,,,,,,,,,,,,,
2017-10-16 11:00:00,996.9,31.2,70.0,1.7,242.0,3.3,191.0,0.0,,,,,,,,,,2017-10-16T10:48:00,,,,,,,,,,,,,,,,,,
2017-10-16 12:00:00,996.2,31.9,67.0,2.1,237.0,4.1,248.0,0.0,,,,,,,,,,2017-10-16T11:54:00,,,,,,,,,,,,,,,,,,
2017-10-16 13:00:00,995.4,30.3,72.0,1.2,333.0,4.2,280.0,0.0,,,,,,,,,,2017-10-16T12:18:00,,,,,,,,,,,,,,,,,,
2017-10-16 14:00:00,994.9,31.1,70.0,1.5,260.0,3.8,290.0,0.0,,,,,,,,,,2017-10-16T13:06:00,,,,,,,,,,,,,,,,,,
2017-10-16 15:00:00,994.6,33.2,62.0,1.5,278.0,5.2,266.0,0.0,,,,,,,,,,2017-10-16T14:25:00,,,,,,,,,,,,,,,,,,
2017-10-16 16:00:00,994.8,32.9,66.0,2.1,277.0,4.5,293.0,0.0,,,,,,,,,,2017-10-16T15:59:00,,,,,,,,,,,,,,,,,,
2017-10-16 17:00:00,995.2,31.1,74.0,1.1,302.0,4.6,290.0,0.0,,,,,,,,,,2017-10-16T16:18:00,,,,,,,,,,,,,,,,,,
2017-10-16 18:00:00,995.6,28.8,84.0,1.3,257.0,2.6,252.0,0.0,,,,,,,,,,2017-10-16T17:49:00,,,,,,,,,,,,,,,,,,
2017-10-16 19:00:00,996.5,26.9,93.0,0.4,151.0,3.1,143.0,11.0,,,,,,,,,,2017-10-16T18:45:00,,,,,,,,,,,,,,,,,,
2017-10-16 20:00:00,997.4,26.8,94.0,1.0,135.0,1.8,148.0,0.0,,,,,,,,,,2017-10-16T19:58:00,,,,,,,,,,,,,,,,,,
2017-10-16 21:00:00,997.9,26.4,94.0,1.1,175.0,2.2,144.0,0.0,,,,,,,,,,2017-10-16T20:35:00,,,,,,,,,,,,,,,,,,
2017-10-16 22:00:00,998.2,26.1,94.0,0.5,211.0,1.6,180.0,0.0,,,,,,,,,,2017-10-16T21:38:00,,,,,,,,,,,,,,,,,,
2017-10-16 23:00:00,998.3,26.0,95.0,0.0,0.0,1.0,106.0,0.0,,,,,,,,,,2017-10-16T22:24:00,,,,,,,,,,,,,,,,,,
2017-10-17 00:00:00,998.3,25.9,95.0,0.7,135.0,1.2,122.0,0.0,,,,,,,,,,2017-10-16T23:10:00,,,,,,,,,,,,,,,,,,
2017-10-17 01:00:00,998.0,25.6,95.0,0.7,103.0,1.4,5.0,0.0,,,,,,,,,,2017-10-17T00:35:00,,,,,,,,,,,,,,,,,,
2017-10-17 02:00:00,997.7,25.1,96.0,0.8,86.0,1.0,85.0,0.0,,,,,,,,,,2017-10-17T01:56:00,,,,,,,,,,,,,,,,,,
2017-10-17 03:00:00,997.4,24.8,96.0,0.3,16.0,1.3,62.0,0.0,,,,,,,,,,2017-10-17T02:17:00,,,,,,,,,,,,,,,,,,
2017-10-17 04:00:00,997.0,24.5,95.0,0.1,0.0,2.6,40.0,0.0,,,,,,,,,,2017-10-17T03:36:00,,,,,,,,,,,,,,,,,,
2017-10-17 05:00:00,997.5,24.4,95.0,0.3,136.0,1.6,62.0,0.0,,,,,,,,,,2017-10-17T04:49:00,,,,,,,,,,,,,,,,,,
2017-10-17 06:00:00,997.8,24.2,95.0,0.7,211.0,1.8,64.0,0.0,,,,,,,,,,2017-10-17T05:33:00,,,,,,,,,,,,,,,,,,
2017-10-17 07:00:00,998.3,24.5,94.0,0.8,93.0,2.0,59.0,0.0,,,,,,,,,,2017-10-17T06:46:00,,,,,,,,,,,,,,,,,,
2017-10-17 08:00:00,998.7,26.6,81.0,0.7,51.0,2.5,77.0,0.0,,,,,,,,,,2017-10-17T07:23:00,,,,,,,,,,,,,,,,,,
2017-10-17 09:00:00,998.9,29.3,71.0,0.7,146.0,2.6,85.0,0.0,,,,,,,,,,2017-10-17T08:01:00,,,,,,,,,,,,,,,,,,
2017-10-17 10:00:00,998.5,30.6,72.0,0.9,208.0,2.8,231.0,0.0,,,,,,,,,,2017-10-17T09:23:00,,,,,,,,,,,,,,,,,,
2017-10-17 11:00:00,997.7,30.9,68.0,0.9,288.0,2.9,263.0,0.0,,,,,,,,,,2017-10-17T10:37:00,,,,,,,,,,,,,,,,,,
2017-10-17 12:00:00,996.8,32.6,60.0,1.1,275.0,3.4,270.0,0.0,,,,,,,,,,2017-10-17T11:49:00,,,,,,,,,,,,,,,,,,
2017-10-17 13:00:00,995.8,32.9,63.0,2.2,280.0,4.0,258.0,0.0,,,,,,,,,,2017-10-17T12:30:00,,,,,,,,,,,,,,,,,,
2017-10-17 14:00:00,995.0,33.2,62.0,1.8,249.0,4.0,206.0,0.0,,,,,,,,,,2017-10-17T13:44:00,,,,,,,,,,,,,,,,,,
2017-10-17 15:00:00,994.6,33.2,61.0,2.3,279.0,4.6,242.0,0.0,,,,,,,,,,2017-10-17T14:23:00,,,,,,,,,,,,,,,,,,
2017-10-17 16:00:00,994.8,32.0,68.0,0.9,303.0,4.9,289.0,0.0,,,,,,,,,,2017-10-17T15:15:00,,,,,,,,,,,,,,,,,,
2017-10-17 17:00:00,994.9,30.3,73.0,0.9,267.0,3.5,299.0,0.0,,,,,,,,,,2017-10-17T16:35:00,,,,,,,,,,,,,,,,,,
2017-10-17 18:00:00,995.4,28.9,77.0,2.4,188.0,6.3,203.0,0.0,,,,,,,,,,2017-10-17T17:55:00,,,,,,,,,,,,,,,,,,
2017-10-17 19:00:00,996.1,28.2,78.0,2.3,193.0,5.0,206.0,0.0,,,,,,,,,,2017-10-17T18:16:00,,,,,,,,,,,,,,,,,,
2017-10-17 20:00:00,996.9,27.6,80.0,1.2,138.0,5.1,194.0,0.0,,,,,,,,,,2017-10-17T19:02:00,,,,,,,,,,,,,,,,,,
2017-10-17 21:00:00,997.4,26.7,88.0,0.8,7.0,2.7,121.0,0.0,,,,,,,,,,2017-10-17T20:04:00,,,,,,,,,,,,,,,,,,
2017-10-17 22:00:00,997.7,26.4,90.0,0.8,236.0,1.5,212.0,0.0,,,,,,,,,,2017-10-17T22:00:00,,,,,,,,,,,,,,,,,,
2017-10-17 23:00:00,997.8,26.0,91.0,1.2,199.0,1.9,197.0,0.0,,,,,,,,,,2017-10-17T22:50:00,,,,,,,,,,,,,,,,,,
2017-10-18 00:00:00,997.6,25.8,92.0,0.1,0.0,1.8,191.0,0.0,,,,,,,,,,2017-10-17T23:20:00,,,,,,,,,,,,,,,,,,
2017-10-18 01:00:00,997.0,25.7,93.0,0.8,113.0,1.4,99.0,0.0,,,,,,,,,,2017-10-18T00:34:00,,,,,,,,,,,,,,,,,,
2017-10-18 02:00:00,996.7,25.5,93.0,0.4,6.0,1.3,80.0,0.0,,,,,,,,,,2017-10-18T01:12:00,,,,,,,,,,,,,,,,,,
2017-10-18 03:00:00,996.4,24.9,93.0,0.8,91.0,1.6,73.0,0.0,,,,,,,,,,2017-10-18T02:22:00,,,,,,,,,,,,,,,,,,
2017-10-18 04:00:00,996.0,24.6,94.0,0.9,85.0,1.5,63.0,0.0,,,,,,,,,,2017-10-18T03:15:00,,,,,,,,,,,,,,,,,,
2017-10-18 05:00:00,996.2,24.2,94.0,0.0,0.0,1.7,71.0,0.0,,,,,,,,,,2017-10-18T04:18:00,,,,,,,,,,,,,,,,,,
2017-10-18 06:00:00,996.7,23.8,94.0,0.3,140.0,0.7,172.0,0.0,,,,,,,,,,2017-10-18T05:59:00,,,,,,,,,,,,,,,,,,
2017-10-18 07:00:00,997.2,24.5,95.0,0.3,209.0,1.1,211.0,0.0,,,,,,,,,,2017-10-18T06:07:00,,,,,,,,,,,,,,,,,,
2017-10-18 08:00:00,997.5,27.0,75.0,0.7,332.0,1.8,37.0,0.0,,,,,,,,,,2017-10-18T08:00:00,,,,,,,,,,,,,,,,,,
2017-10-18 09:00:00,997.7,29.0,65.0,0.6,124.0,2.3,74.0,0.0,,,,,,,,,,2017-10-18T08:33:00,,,,,,,,,,,,,,,,,,
2017-10-18 10:00:00,997.7,30.2,67.0,0.9,221.0,3.4,204.0,0.0,,,,,,,,,,2017-10-18T09:46:00,,,,,,,,,,,,,,,,,,
2017-10-18 11:00:00,997.2,30.3,72.0,2.0,227.0,5.6,187.0,0.0,,,,,,,,,,2017-10-18T10:35:00,,,,,,,,,,,,,,,,,,
2017-10-18 12:00:00,996.3,31.1,68.0,1.7,272.0,3.5,284.0,0.0,,,,,,,,,,2017-10-18T11:54:00,,,,,,,,,,,,,,,,,,
2017-10-18 13:00:00,995.7,32.0,64.0,1.6,291.0,3.8,224.0,0.0,,,,,,,,,,2017-10-18T12:13:00,,,,,,,,,,,,,,,,,,
2017-10-18 14:00:00,995.0,31.1,68.0,2.2,251.0,3.9,279.0,0.0,,,,,,,,,,2017-10-18T13:46:00,,,,,,,,,,,,,,,,,,
2017-10-18 15:00:00,994.9,30.7,67.0,2.1,283.0,5.0,293.0,0.0,,,,,,,,,,2017-10-18T14:21:00,,,,,,,,,,,,,,,,,,
2017-10-18 16:00:00,994.9,30.6,68.0,1.6,284.0,5.0,274.0,0.0,,,,,,,,,,2017-10-18T15:10:00,,,,,,,,,,,,,,,,,,
2017-10-18 17:00:00,994.9,28.9,75.0,1.6,285.0,4.9,291.0,0.0,,,,,,,,,,2017-10-18T16:09:00,,,,,,,,,,,,,,,,,,
2017-10-18 18:00:00,995.1,27.3,81.0,0.6,252.0,2.1,296.0,0.0,,,,,,,,,,2017-10-18T17:15:00,,,,,,,,,,,,,,,,,,
2017-10-18 19:00:00,995.7,27.1,82.0,1.3,177.0,3.0,232.0,0.0,,,,,,,,,,2017-10-18T18:31:00,,,,,,,,,,,,,,,,,,
2017-10-18 20:00:00,996.3,26.6,84.0,0.4,116.0,2.3,200.0,0.0,,,,,,,,,,2017-10-18T19:08:00,,,,,,,,,,,,,,,,,,
2017-10-18 21:00:00,996.5,26.4,86.0,0.0,0.0,1.4,184.0,0.0,,,,,,,,,,2017-10-18T20:13:00,,,,,,,,,,,,,,,,,,
2017-10-18 22:00:00,996.5,26.2,89.0,0.9,199.0,1.9,204.0,0.0,,,,,,,,,,2017-10-18T21:33:00,,,,,,,,,,,,,,,,,,
2017-10-18 23:00:00,996.3,25.8,90.0,0.6,151.0,1.5,209.0,0.0,,,,,,,,,,2017-10-18T22:14:00,,,,,,,,,,,,,,,,,,
2017-10-19 00:00:00,996.0,25.9,91.0,0.0,0.0,1.1,219.0,0.0,,,,,,,,,,2017-10-18T23:27:00,,,,,,,,,,,,,,,,,,
2017-10-19 01:00:00,995.4,25.6,92.0,0.3,170.0,1.3,153.0,0.0,,,,,,,,,,2017-10-19T00:53:00,,,,,,,,,,,,,,,,,,
2017-10-19 02:00:00,994.8,25.5,93.0,0.0,0.0,1.1,216.0,0.0,,,,,,,,,,2017-10-19T01:15:00,,,,,,,,,,,,,,,,,,
2017-10-19 03:00:00,994.4,25.2,93.0,0.0,0.0,1.0,90.0,0.0,,,,,,,,,,2017-10-19T02:04:00,,,,,,,,,,,,,,,,,,
2017-10-19 04:00:00,993.9,25.0,93.0,0.8,79.0,1.0,86.0,0.0,,,,,,,,,,2017-10-19T04:00:00,,,,,,,,,,,,,,,,,,
2017-10-19 05:00:00,994.1,24.4,93.0,1.4,68.0,1.8,72.0,0.0,,,,,,,,,,2017-10-19T04:59:00,,,,,,,,,,,,,,,,,,
2017-10-19 06:00:00,994.4,24.4,91.0,0.4,66.0,2.0,70.0,0.0,,,,,,,,,,2017-10-19T05:43:00,,,,,,,,,,,,,,,,,,
2017-10-19 07:00:00,995.1,25.0,90.0,0.6,86.0,1.9,79.0,0.0,,,,,,,,,,2017-10-19T06:23:00,,,,,,,,,,,,,,,,,,
2017-10-19 08:00:00,995.7,27.2,81.0,0.8,201.0,1.8,217.0,0.0,,,,,,,,,,2017-10-19T07:44:00,,,,,,,,,,,,,,,,,,
2017-10-19 09:00:00,995.6,29.4,74.0,1.8,220.0,3.1,211.0,0.0,,,,,,,,,,2017-10-19T08:55:00,,,,,,,,,,,,,,,,,,
2017-10-19 10:00:00,995.4,29.1,75.0,2.2,253.0,4.6,222.0,0.0,,,,,,,,,,2017-10-19T09:31:00,,,,,,,,,,,,,,,,,,
2017-10-19 11:00:00,994.8,30.3,70.0,1.9,271.0,4.3,246.0,0.0,,,,,,,,,,2017-10-19T10:50:00,,,,,,,,,,,,,,,,,,
2017-10-19 12:00:00,994.0,30.5,68.0,2.6,261.0,4.5,231.0,0.0,,,,,,,,,,2017-10-19T11:59:00,,,,,,,,,,,,,,,,,,
2017-10-19 13:00:00,993.2,31.2,65.0,2.9,273.0,4.9,271.0,0.0,,,,,,,,,,2017-10-19T12:58:00,,,,,,,,,,,,,,,,,,
2017-10-19 14:00:00,992.6,30.8,65.0,1.7,284.0,4.4,269.0,0.0,,,,,,,,,,2017-10-19T13:11:00,,,,,,,,,,,,,,,,,,
2017-10-19 15:00:00,992.5,30.8,64.0,2.0,271.0,3.7,243.0,0.0,,,,,,,,,,2017-10-19T14:51:00,,,,,,,,,,,,,,,,,,
2017-10-19 16:00:00,992.4,30.1,66.0,0.9,292.0,3.9,282.0,0.0,,,,,,,,,,2017-10-19T15:04:00,,,,,,,,,,,,,,,,,,
2017-10-19 17:00:00,992.5,28.5,73.0,0.8,279.0,3.0,273.0,0.0,,,,,,,,,,2017-10-19T16:44:00,,,,,,,,,,,,,,,,,,
2017-10-19 18:00:00,992.7,27.4,78.0,0.8,243.0,2.2,226.0,0.0,,,,,,,,,,2017-10-19T17:03:00,,,,,,,,,,,,,,,,,,
2017-10-19 19:00:00,992.9,26.7,82.0,0.9,193.0,2.3,174.0,0.0,,,,,,,,,,2017-10-19T18:54:00,,,,,,,,,,,,,,,,,,
2017-10-19 20:00:00,993.4,25.7,87.0,1.1,191.0,2.1,190.0,0.0,,,,,,,,,,2017-10-19T19:41:00,,,,,,,,,,,,,,,,,,
2017-10-19 21:00:00,994.1,25.1,88.0,1.2,193.0,2.9,190.0,0.0,,,,,,,,,,2017-10-19T20:43:00,,,,,,,,,,,,,,,,,,
2017-10-19 22:00:00,994.0,25.0,88.0,0.4,84.0,2.2,169.0,0.0,,,,,,,,,,2017-10-19T21:01:00,,,,,,,,,,,,,,,,,,
2017-10-19 23:00:00,993.8,24.5,91.0,0.0,0.0,1.8,83.0,0.0,,,,,,,,,,2017-10-19T22:24:00,,,,,,,,,,,,,,,,,,
2017-10-20 00:00:00,993.4,24.2,93.0,0.8,66.0,1.5,199.0,0.0,,,,,,,,,,2017-10-19T23:13:00,,,,,,,,,,,,,,,,,,
2017-10-20 01:00:00,993.1,24.2,93.0,0.8,104.0,1.2,291.0,0.0,,,,,,,,,,2017-10-20T00:25:00,,,,,,,,,,,,,,,,,,
2017-10-20 02:00:00,992.7,24.0,94.0,0.2,0.0,1.3,83.0,0.0,,,,,,,,,,2017-10-20T01:18:00,,,,,,,,,,,,,,,,,,
2017-10-20 03:00:00,992.4,23.7,94.0,0.9,110.0,1.5,103.0,0.0,,,,,,,,,,2017-10-20T02:52:00,,,,,,,,,,,,,,,,,,
2017-10-20 04:00:00,992.2,23.9,94.0,0.5,271.0,1.5,3.0,0.0,,,,,,,,,,2017-10-20T03:46:00,,,,,,,,,,,,,,,,,,
2017-10-20 05:00:00,992.6,23.5,95.0,0.1,0.0,1.1,113.0,0.0,,,,,,,,,,2017-10-20T04:19:00,,,,,,,,,,,,,,,,,,
2017-10-20 06:00:00,993.3,23.2,95.0,0.8,105.0,1.0,119.0,0.0,,,,,,,,,,2017-10-20T05:59:00,,,,,,,,,,,,,,,,,,
2017-10-20 07:00:00,993.9,23.8,95.0,0.8,178.0,1.3,228.0,0.0,,,,,,,,,,2017-10-20T06:43:00,,,,,,,,,,,,,,,,,,
2017-10-20 08:00:00,994.3,25.2,92.0,1.4,226.0,1.9,229.0,0.0,,,,,,,,,,2017-10-20T07:48:00,,,,,,,,,,,,,,,,,,
2017-10-20 09:00:00,994.4,27.1,84.0,1.0,229.0,2.0,206.0,0.0,,,,,,,,,,2017-10-20T08:54:00,,,,,,,,,,,,,,,,,,
2017-10-20 10:00:00,994.3,29.1,76.0,2.4,208.0,3.4,186.0,0.0,,,,,,,,,,2017-10-20T09:58:00,,,,,,,,,,,,,,,,,,
2017-10-20 11:00:00,993.6,30.2,68.0,1.1,222.0,4.0,233.0,0.0,,,,,,,,,,2017-10-20T10:45:00,,,,,,,,,,,,,,,,,,
2017-10-20 12:00:00,992.9,30.5,67.0,0.9,283.0,3.7,245.0,0.0,,,,,,,,,,2017-10-20T11:20:00,,,,,,,,,,,,,,,,,,
2017-10-20 13:00:00,992.0,30.7,67.0,2.2,259.0,4.1,238.0,0.0,,,,,,,,,,2017-10-20T12:58:00,,,,,,,,,,,,,,,,,,
2017-10-20 14:00:00,991.4,31.6,64.0,1.6,270.0,4.4,245.0,0.0,,,,,,,,,,2017-10-20T13:08:00,,,,,,,,,,,,,,,,,,
2017-10-20 15:00:00,991.4,30.4,66.0,2.0,297.0,4.9,291.0,0.0,,,,,,,,,,2017-10-20T14:26:00,,,,,,,,,,,,,,,,,,
2017-10-20 16:00:00,991.2,29.8,69.0,1.8,287.0,4.8,273.0,0.0,,,,,,,,,,2017-10-20T15:05:00,,,,,,,,,,,,,,,,,,
2017-10-20 17:00:00,991.4,27.5,74.0,1.2,291.0,4.3,287.0,0.0,,,,,,,,,,2017-10-20T16:30:00,,,,,,,,,,,,,,,,,,
2017-10-20 18:00:00,991.8,26.0,79.0,1.3,225.0,2.4,283.0,0.0,,,,,,,,,,2017-10-20T17:01:00,,,,,,,,,,,,,,,,,,
2017-10-20 19:00:00,992.6,25.6,79.0,1.5,183.0,3.1,246.0,0.0,,,,,,,,,,2017-10-20T18:39:00,,,,,,,,,,,,,,,,,,
2017-10-20 20:00:00,993.5,24.9,80.0,1.6,189.0,2.9,220.0,0.0,,,,,,,,,,2017-10-20T19:26:00,,,,,,,,,,,,,,,,,,
2017-10-20 21:00:00,994.0,24.3,81.0,2.0,186.0,3.1,196.0,0.0,,,,,,,,,,2017-10-20T20:04:00,,,,,,,,,,,,,,,,,,
2017-10-20 22:00:00,993.9,24.1,82.0,1.1,190.0,2.7,182.0,0.0,,,,,,,,,,2017-10-20T21:17:00,,,,,,,,,,,,,,,,,,
2017-10-20 23:00:00,993.8,23.4,84.0,1.8,201.0,3.3,209.0,0.0,,,,,,,,,,2017-10-20T22:53:00,,,,,,,,,,,,,,,,,,
2017-10-21 00:00:00,993.6,23.0,85.0,1.3,183.0,2.7,193.0,0.0,,,,,,,,,,2017-10-20T23:04:00,,,,,,,,,,,,,,,,,,
2017-10-21 01:00:00,993.1,22.4,87.0,1.4,187.0,2.8,215.0,0.0,,,,,,,,,,2017-10-21T00:24:00,,,,,,,,,,,,,,,,,,
2017-10-21 02:00:00,992.7,21.9,89.0,1.1,187.0,2.0,208.0,0.0,,,,,,,,,,2017-10-21T01:04:00,,,,,,,,,,,,,,,,,,
2017-10-21 03:00:00,992.4,21.6,92.0,0.7,203.0,2.3,221.0,0.0,,,,,,,,,,2017-10-21T02:39:00,,,,,,,,,,,,,,,,,,
2017-10-21 04:00:00,992.4,21.8,91.0,0.7,182.0,1.9,190.0,0.0,,,,,,,,,,2017-10-21T03:34:00,,,,,,,,,,,,,,,,,,
2017-10-21 05:00:00,992.3,21.9,92.0,0.8,213.0,1.3,212.0,0.0,,,,,,,,,,2017-10-21T04:50:00,,,,,,,,,,,,,,,,,,
2017-10-21 06:00:00,992.6,21.9,92.0,1.4,212.0,2.0,209.0,0.0,,,,,,,,,,2017-10-21T05:50:00,,,,,,,,,,,,,,,,,,
2017-10-21 07:00:00,993.4,21.9,89.0,1.5,194.0,2.7,203.0,0.0,,,,,,,,,,2017-10-21T06:55:00,,,,,,,,,,,,,,,,,,
2017-10-21 08:00:00,994.0,22.3,86.0,1.8,199.0,2.4,211.0,0.0,,,,,,,,,,2017-10-21T07:35:00,,,,,,,,,,,,,,,,,,
2017-10-21 09:00:00,994.6,22.8,83.0,2.1,193.0,3.0,207.0,0.0,,,,,,,,,,2017-10-21T08:43:00,,,,,,,,,,,,,,,,,,
2017-10-21 10:00:00,994.8,24.2,78.0,1.7,251.0,3.9,245.0,0.0,,,,,,,,,,2017-10-21T09:34:00,,,,,,,,,,,,,,,,,,
2017-10-21 11:00:00,994.3,24.3,77.0,0.7,288.0,3.6,226.0,0.0,,,,,,,,,,2017-10-21T10:02:00,,,,,,,,,,,,,,,,,,
2017-10-21 12:00:00,993.7,24.4,75.0,0.8,299.0,2.4,284.0,0.0,,,,,,,,,,2017-10-21T11:36:00,,,,,,,,,,,,,,,,,,
2017-10-21 13:00:00,993.1,25.2,73.0,1.3,66.0,2.8,36.0,0.0,,,,,,,,,,2017-10-21T12:53:00,,,,,,,,,,,,,,,,,,
2017-10-21 14:00:00,992.4,26.1,69.0,0.4,100.0,2.7,110.0,0.0,,,,,,,,,,2017-10-21T13:13:00,,,,,,,,,,,,,,,,,,
2017-10-21 15:00:00,992.0,25.7,69.0,0.6,339.0,3.1,303.0,0.0,,,,,,,,,,2017-10-21T14:16:00,,,,,,,,,,,,,,,,,,
2017-10-21 16:00:00,992.0,24.8,73.0,0.9,297.0,3.6,290.0,0.0,,,,,,,,,,2017-10-21T15:16:00,,,,,,,,,,,,,,,,,,
2017-10-21 17:00:00,992.5,24.5,74.0,0.8,273.0,3.0,289.0,0.0,,,,,,,,,,2017-10-21T16:01:00,,,,,,,,,,,,,,,,,,
2017-10-21 18:00:00,992.5,23.6,77.0,1.0,239.0,1.8,254.0,0.0,,,,,,,,,,2017-10-21T17:05:00,,,,,,,,,,,,,,,,,,
2017-10-21 19:00:00,992.8,23.0,77.0,1.2,218.0,1.8,212.0,0.0,,,,,,,,,,2017-10-21T18:36:00,,,,,,,,,,,,,,,,,,
2017-10-21 20:00:00,993.1,22.7,77.0,1.4,195.0,2.5,225.0,0.0,,,,,,,,,,2017-10-21T19:41:00,,,,,,,,,,,,,,,,,,
2017-10-21 21:00:00,993.6,22.3,77.0,1.0,165.0,2.0,181.0,0.0,,,,,,,,,,2017-10-21T20:07:00,,,,,,,,,,,,,,,,,,
2017-10-21 22:00:00,994.1,22.0,80.0,0.9,183.0,2.0,180.0,0.0,,,,,,,,,,2017-10-21T21:18:00,,,,,,,,,,,,,,,,,,
2017-10-21 23:00:00,994.4,21.7,81.0,1.3,192.0,1.9,182.0,0.0,,,,,,,,,,2017-10-21T23:00:00,,,,,,,,,,,,,,,,,,
2017-10-22 00:00:00,994.3,21.2,84.0,0.6,172.0,2.3,206.0,0.0,,,,,,,,,,2017-10-21T23:16:00,,,,,,,,,,,,,,,,,,
2017-10-22 01:00:00,994.2,21.2,85.0,0.6,192.0,1.8,187.0,0.0,,,,,,,,,,2017-10-22T00:03:00,,,,,,,,,,,,,,,,,,
2017-10-22 02:00:00,993.8,21.3,86.0,0.0,0.0,1.5,203.0,0.0,,,,,,,,,,2017-10-22T01:18:00,,,,,,,,,,,,,,,,,,
2017-10-22 03:00:00,993.7,21.1,88.0,0.7,223.0,1.9,197.0,0.0,,,,,,,,,,2017-10-22T02:18:00,,,,,,,,,,,,,,,,,,
2017-10-22 04:00:00,993.8,20.4,89.0,1.0,186.0,1.7,189.0,0.0,,,,,,,,,,2017-10-22T03:45:00,,,,,,,,,,,,,,,,,,
2017-10-22 05:00:00,993.8,19.6,91.0,0.7,116.0,1.5,198.0,0.0,,,,,,,,,,2017-10-22T04:07:00,,,,,,,,,,,,,,,,,,
2017-10-22 06:00:00,994.6,19.5,91.0,0.3,169.0,1.9,213.0,0.0,,,,,,,,,,2017-10-22T05:38:00,,,,,,,,,,,,,,,,,,
2017-10-22 07:00:00,994.9,20.0,89.0,0.7,205.0,1.4,184.0,0.0,,,,,,,,,,2017-10-22T06:03:00,,,,,,,,,,,,,,,,,,
2017-10-22 08:00:00,995.4,22.5,80.0,0.8,182.0,1.6,207.0,0.0,,,,,,,,,,2017-10-22T07:42:00,,,,,,,,,,,,,,,,,,
2017-10-22 09:00:00,995.7,24.9,74.0,1.5,229.0,2.4,197.0,0.0,,,,,,,,,,2017-10-22T08:50:00,,,,,,,,,,,,,,,,,,
2017-10-22 10:00:00,995.7,27.1,68.0,2.0,212.0,3.1,212.0,0.0,,,,,,,,,,2017-10-22T09:58:00,,,,,,,,,,,,,,,,,,
2017-10-22 11:00:00,995.1,28.7,62.0,2.7,234.0,5.0,264.0,0.0,,,,,,,,,,2017-10-22T10:56:00,,,,,,,,,,,,,,,,,,
2017-10-22 12:00:00,994.6,28.7,57.0,1.6,277.0,5.6,205.0,0.0,,,,,,,,,,2017-10-22T11:49:00,,,,,,,,,,,,,,,,,,
2017-10-22 13:00:00,993.9,28.5,56.0,1.8,272.0,5.4,249.0,0.0,,,,,,,,,,2017-10-22T12:44:00,,,,,,,,,,,,,,,,,,
2017-10-22 14:00:00,993.3,28.5,55.0,2.3,263.0,5.7,266.0,0.0,,,,,,,,,,2017-10-22T13:11:00,,,,,,,,,,,,,,,,,,
2017-10-22 15:00:00,993.2,28.6,53.0,1.2,288.0,4.1,235.0,0.0,,,,,,,,,,2017-10-22T14:04:00,,,,,,,,,,,,,,,,,,
2017-10-22 16:00:00,993.6,27.5,56.0,2.0,287.0,4.1,257.0,0.0,,,,,,,,,,2017-10-22T15:07:00,,,,,,,,,,,,,,,,,,
2017-10-22 17:00:00,993.8,25.8,63.0,1.0,285.0,3.6,283.0,0.0,,,,,,,,,,2017-10-22T16:16:00,,,,,,,,,,,,,,,,,,
2017-10-22 18:00:00,994.8,24.3,70.0,0.9,177.0,1.6,285.0,0.0,,,,,,,,,,2017-10-22T17:06:00,,,,,,,,,,,,,,,,,,
2017-10-22 19:00:00,995.7,23.7,72.0,1.6,207.0,2.4,208.0,0.0,,,,,,,,,,2017-10-22T18:44:00,,,,,,,,,,,,,,,,,,
2017-10-22 20:00:00,996.4,23.0,73.0,1.3,169.0,2.2,212.0,0.0,,,,,,,,,,2017-10-22T19:21:00,,,,,,,,,,,,,,,,,,
2017-10-22 21:00:00,997.2,22.4,78.0,0.6,188.0,2.1,167.0,0.0,,,,,,,,,,2017-10-22T20:09:00,,,,,,,,,,,,,,,,,,
2017-10-22 22:00:00,997.7,22.3,81.0,0.1,0.0,1.5,192.0,0.0,,,,,,,,,,2017-10-22T21:13:00,,,,,,,,,,,,,,,,,,
2017-10-22 23:00:00,997.9,21.9,83.0,1.0,206.0,1.5,205.0,0.0,,,,,,,,,,2017-10-22T22:35:00,,,,,,,,,,,,,,,,,,
2017-10-23 00:00:00,997.7,21.6,85.0,0.8,220.0,1.5,199.0,0.0,,,,,,,,,,2017-10-22T23:40:00,,,,,,,,,,,,,,,,,,
2017-10-23 01:00:00,997.5,20.3,88.0,1.0,209.0,1.5,219.0,0.0,,,,,,,,,,2017-10-23T00:18:00,,,,,,,,,,,,,,,,,,
2017-10-23 02:00:00,997.4,19.8,89.0,0.0,0.0,1.1,195.0,0.0,,,,,,,,,,2017-10-23T01:06:00,,,,,,,,,,,,,,,,,,
2017-10-23 03:00:00,997.3,19.7,91.0,0.0,0.0,0.7,109.0,0.0,,,,,,,,,,2017-10-23T02:25:00,,,,,,,,,,,,,,,,,,
2017-10-23 04:00:00,997.1,19.5,93.0,0.2,0.0,1.0,90.0,0.0,,,,,,,,,,2017-10-23T03:55:00,,,,,,,,,,,,,,,,,,
2017-10-23 05:00:00,997.5,19.1,94.0,0.7,190.0,0.8,309.0,0.0,,,,,,,,,,2017-10-23T04:01:00,,,,,,,,,,,,,,,,,,
2017-10-23 06:00:00,998.5,18.9,94.0,0.1,0.0,0.9,144.0,0.0,,,,,,,,,,2017-10-23T05:51:00,,,,,,,,,,,,,,,,,,
2017-10-23 07:00:00,999.2,19.7,94.0,0.8,354.0,1.5,342.0,0.0,,,,,,,,,,2017-10-23T06:41:00,,,,,,,,,,,,,,,,,,
2017-10-23 08:00:00,999.8,21.5,89.0,1.1,292.0,2.0,280.0,0.0,,,,,,,,,,2017-10-23T08:00:00,,,,,,,,,,,,,,,,,,
2017-10-23 09:00:00,1000.2,24.9,73.0,0.6,223.0,2.4,242.0,0.0,,,,,,,,,,2017-10-23T08:03:00,,,,,,,,,,,,,,,,,,
2017-10-23 10:00:00,1000.0,27.0,63.0,0.9,213.0,2.5,222.0,0.0,,,,,,,,,,2017-10-23T09:53:00,,,,,,,,,,,,,,,,,,
2017-10-23 11:00:00,999.6,27.5,58.0,1.8,189.0,4.3,200.0,0.0,,,,,,,,,,2017-10-23T10:40:00,,,,,,,,,,,,,,,,,,
2017-10-23 12:00:00,999.0,29.3,52.0,1.8,243.0,4.2,204.0,0.0,,,,,,,,,,2017-10-23T12:00:00,,,,,,,,,,,,,,,,,,
2017-10-23 13:00:00,998.4,30.2,52.0,2.4,239.0,5.4,260.0,0.0,,,,,,,,,,2017-10-23T12:33:00,,,,,,,,,,,,,,,,,,
2017-10-23 14:00:00,998.1,28.0,57.0,2.6,273.0,5.2,271.0,0.0,,,,,,,,,,2017-10-23T13:01:00,,,,,,,,,,,,,,,,,,
2017-10-23 15:00:00,998.5,27.9,56.0,1.0,283.0,3.3,286.0,0.0,,,,,,,,,,2017-10-23T14:23:00,,,,,,,,,,,,,,,,,,
2017-10-23 16:00:00,998.8,28.4,53.0,1.9,271.0,3.8,263.0,0.0,,,,,,,,,,2017-10-23T15:23:00,,,,,,,,,,,,,,,,,,
2017-10-23 17:00:00,999.2,26.4,60.0,2.5,205.0,4.4,201.0,0.0,,,,,,,,,,2017-10-23T16:58:00,,,,,,,,,,,,,,,,,,
2017-10-23 18:00:00,999.9,24.3,69.0,1.7,137.0,3.7,204.0,0.0,,,,,,,,,,2017-10-23T17:02:00,,,,,,,,,,,,,,,,,,
2017-10-23 19:00:00,1000.7,23.9,69.0,1.0,8.0,2.2,146.0,0.0,,,,,,,,,,2017-10-23T18:02:00,,,,,,,,,,,,,,,,,,
2017-10-23 20:00:00,1001.6,22.7,76.0,0.7,285.0,2.1,335.0,0.0,,,,,,,,,,2017-10-23T19:40:00,,,,,,,,,,,,,,,,,,
2017-10-23 21:00:00,1001.9,22.6,79.0,0.7,58.0,1.9,351.0,0.0,,,,,,,,,,2017-10-23T20:15:00,,,,,,,,,,,,,,,,,,
2017-10-23 22:00:00,1002.2,22.0,83.0,1.0,69.0,2.2,87.0,0.0,,,,,,,,,,2017-10-23T21:52:00,,,,,,,,,,,,,,,,,,
2017-10-23 23:00:00,1002.3,21.3,86.0,0.7,65.0,2.9,65.0,0.0,,,,,,,,,,2017-10-23T22:49:00,,,,,,,,,,,,,,,,,,
2017-10-24 00:00:00,1002.2,21.3,85.0,0.9,10.0,2.4,54.0,0.0,,,,,,,,,,2017-10-23T23:36:00,,,,,,,,,,,,,,,,,,
2017-10-24 01:00:00,1002.0,21.3,85.0,1.5,53.0,3.0,48.0,0.0,,,,,,,,,,2017-10-24T00:06:00,,,,,,,,,,,,,,,,,,
2017-10-24 02:00:00,1002.0,21.0,86.0,1.2,74.0,3.2,87.0,0.0,,,,,,,,,,2017-10-24T01:08:00,,,,,,,,,,,,,,,,,,
2017-10-24 03:00:00,1002.0,20.6,88.0,1.3,63.0,2.6,86.0,0.0,,,,,,,,,,2017-10-24T02:34:00,,,,,,,,,,,,,,,,,,
2017-10-24 04:00:00,1001.9,19.9,90.0,1.3,78.0,2.9,65.0,0.0,,,,,,,,,,2017-10-24T03:13:00,,,,,,,,,,,,,,,,,,
2017-10-24 05:00:00,1002.2,20.1,89.0,1.7,60.0,2.6,77.0,0.0,,,,,,,,,,2017-10-24T04:30:00,,,,,,,,,,,,,,,,,,
2017-10-24 06:00:00,1002.7,20.1,88.0,1.7,54.0,3.1,54.0,0.0,,,,,,,,,,2017-10-24T05:49:00,,,,,,,,,,,,,,,,,,
2017-10-24 07:00:00,1003.4,20.8,85.0,0.6,20.0,3.0,45.0,0.0,,,,,,,,,,2017-10-24T06:05:00,,,,,,,,,,,,,,,,,,
2017-10-24 08:00:00,1003.9,23.5,73.0,0.9,50.0,2.5,37.0,0.0,,,,,,,,,,2017-10-24T07:33:00,,,,,,,,,,,,,,,,,,
2017-10-24 09:00:00,1004.0,26.4,64.0,0.9,132.0,2.0,71.0,0.0,,,,,,,,,,2017-10-24T08:06:00,,,,,,,,,,,,,,,,,,
2017-10-24 10:00:00,1003.7,28.0,57.0,1.7,238.0,3.1,250.0,0.0,,,,,,,,,,2017-10-24T09:40:00,,,,,,,,,,,,,,,,,,
2017-10-24 11:00:00,1003.0,29.2,54.0,1.5,230.0,4.0,218.0,0.0,,,,,,,,,,2017-10-24T10:52:00,,,,,,,,,,,,,,,,,,
2017-10-24 12:00:00,1002.2,29.4,50.0,1.6,287.0,4.5,226.0,0.0,,,,,,,,,,2017-10-24T11:01:00,,,,,,,,,,,,,,,,,,
2017-10-24 13:00:00,1001.5,30.1,49.0,3.0,263.0,4.9,267.0,0.0,,,,,,,,,,2017-10-24T12:58:00,,,,,,,,,,,,,,,,,,
2017-10-24 14:00:00,1000.9,30.4,48.0,2.2,255.0,4.7,260.0,0.0,,,,,,,,,,2017-10-24T13:01:00,,,,,,,,,,,,,,,,,,
2017-10-24 15:00:00,1000.7,30.1,48.0,1.1,267.0,4.3,248.0,0.0,,,,,,,,,,2017-10-24T14:02:00,,,,,,,,,,,,,,,,,,
2017-10-24 16:00:00,1000.6,29.4,52.0,0.8,301.0,5.2,249.0,0.0,,,,,,,,,,2017-10-24T15:14:00,,,,,,,,,,,,,,,,,,
2017-10-24 17:00:00,1000.9,27.5,60.0,1.4,278.0,3.7,286.0,0.0,,,,,,,,,,2017-10-24T16:28:00,,,,,,,,,,,,,,,,,,
2017-10-24 18:00:00,1001.6,25.7,63.0,2.3,141.0,4.5,137.0,0.0,,,,,,,,,,2017-10-24T17:51:00,,,,,,,,,,,,,,,,,,
2017-10-24 19:00:00,1002.2,24.8,68.0,1.8,236.0,3.9,142.0,0.0,,,,,,,,,,2017-10-24T18:01:00,,,,,,,,,,,,,,,,,,
2017-10-24 20:00:00,1003.2,24.5,71.0,1.1,7.0,3.7,214.0,0.0,,,,,,,,,,2017-10-24T19:01:00,,,,,,,,,,,,,,,,,,
2017-10-24 21:00:00,1003.4,23.9,75.0,1.1,73.0,2.0,76.0,0.0,,,,,,,,,,2017-10-24T20:51:00,,,,,,,,,,,,,,,,,,
2017-10-24 22:00:00,1003.3,23.7,76.0,1.3,71.0,1.9,64.0,0.0,,,,,,,,,,2017-10-24T21:45:00,,,,,,,,,,,,,,,,,,
2017-10-24 23:00:00,1003.5,23.1,80.0,0.8,82.0,1.8,65.0,0.0,,,,,,,,,,2017-10-24T22:09:00,,,,,,,,,,,,,,,,,,
2017-10-25 00:00:00,1003.2,22.8,81.0,1.0,92.0,1.8,62.0,0.0,,,,,,,,,,2017-10-24T23:31:00,,,,,,,,,,,,,,,,,,
2017-10-25 01:00:00,1002.9,21.4,85.0,1.0,90.0,2.0,76.0,0.0,,,,,,,,,,2017-10-25T00:10:00,,,,,,,,,,,,,,,,,,
2017-10-25 02:00:00,1002.5,20.6,89.0,0.6,85.0,1.5,61.0,0.0,,,,,,,,,,2017-10-25T01:03:00,,,,,,,,,,,,,,,,,,
2017-10-25 03:00:00,1002.2,20.3,89.0,0.9,79.0,1.6,73.0,0.0,,,,,,,,,,2017-10-25T02:37:00,,,,,,,,,,,,,,,,,,
2017-10-25 04:00:00,1002.1,20.5,89.0,1.3,79.0,2.5,56.0,0.0,,,,,,,,,,2017-10-25T03:43:00,,,,,,,,,,,,,,,,,,
2017-10-25 05:00:00,1002.3,19.8,91.0,1.2,105.0,2.0,78.0,0.0,,,,,,,,,,2017-10-25T04:26:00,,,,,,,,,,,,,,,,,,
2017-10-25 06:00:00,1002.5,19.5,91.0,1.1,91.0,2.1,93.0,0.0,,,,,,,,,,2017-10-25T05:15:00,,,,,,,,,,,,,,,,,,
2017-10-25 07:00:00,1003.0,20.6,87.0,1.5,65.0,2.8,75.0,0.0,,,,,,,,,,2017-10-25T06:57:00,,,,,,,,,,,,,,,,,,
2017-10-25 08:00:00,1003.4,23.9,74.0,0.7,126.0,2.6,76.0,0.0,,,,,,,,,,2017-10-25T07:06:00,,,,,,,,,,,,,,,,,,
2017-10-25 09:00:00,1003.9,26.1,68.0,1.0,201.0,2.1,217.0,0.0,,,,,,,,,,2017-10-25T08:48:00,,,,,,,,,,,,,,,,,,
2017-10-25 10:00:00,1003.8,27.7,61.0,1.8,199.0,3.3,225.0,0.0,,,,,,,,,,2017-10-25T09:10:00,,,,,,,,,,,,,,,,,,
2017-10-25 11:00:00,1003.2,29.0,55.0,1.8,265.0,3.7,212.0,0.0,,,,,,,,,,2017-10-25T10:05:00,,,,,,,,,,,,,,,,,,
2017-10-25 12:00:00,1002.5,30.2,52.0,1.9,261.0,5.3,229.0,0.0,,,,,,,,,,2017-10-25T11:34:00,,,,,,,,,,,,,,,,,,
2017-10-25 13:00:00,1001.7,30.1,52.0,2.3,255.0,4.4,268.0,0.0,,,,,,,,,,2017-10-25T12:56:00,,,,,,,,,,,,,,,,,,
2017-10-25 14:00:00,1001.0,29.9,52.0,2.0,280.0,4.6,279.0,0.0,,,,,,,,,,2017-10-25T13:39:00,,,,,,,,,,,,,,,,,,
2017-10-25 15:00:00,1000.6,29.9,52.0,1.3,304.0,4.4,281.0,0.0,,,,,,,,,,2017-10-25T14:41:00,,,,,,,,,,,,,,,,,,
2017-10-25 16:00:00,1000.6,29.2,53.0,1.2,299.0,4.1,280.0,0.0,,,,,,,,,,2017-10-25T15:07:00,,,,,,,,,,,,,,,,,,
2017-10-25 17:00:00,1000.8,27.6,59.0,1.7,292.0,3.8,291.0,0.0,,,,,,,,,,2017-10-25T16:07:00,,,,,,,,,,,,,,,,,,
2017-10-25 18:00:00,1001.0,25.4,68.0,1.1,277.0,3.4,287.0,0.0,,,,,,,,,,2017-10-25T17:02:00,,,,,,,,,,,,,,,,,,
2017-10-25 19:00:00,1001.4,24.2,72.0,0.3,171.0,2.2,292.0,0.0,,,,,,,,,,2017-10-25T18:02:00,,,,,,,,,,,,,,,,,,
2017-10-25 20:00:00,1002.3,23.9,77.0,0.6,349.0,1.9,192.0,0.0,,,,,,,,,,2017-10-25T19:08:00,,,,,,,,,,,,,,,,,,
2017-10-25 21:00:00,1002.3,23.1,83.0,0.8,342.0,1.5,94.0,0.0,,,,,,,,,,2017-10-25T20:10:00,,,,,,,,,,,,,,,,,,
2017-10-25 22:00:00,1002.3,22.4,87.0,0.8,336.0,1.6,26.0,0.0,,,,,,,,,,2017-10-25T21:36:00,,,,,,,,,,,,,,,,,,
2017-10-25 23:00:00,1002.2,22.1,85.0,1.2,23.0,2.4,10.0,0.0,,,,,,,,,,2017-10-25T22:58:00,,,,,,,,,,,,,,,,,,
2017-10-26 00:00:00,1001.8,21.6,86.0,1.5,69.0,2.7,70.0,0.0,,,,,,,,,,2017-10-26T00:00:00,,,,,,,,,,,,,,,,,,
2017-10-26 01:00:00,1001.2,21.8,85.0,1.6,35.0,3.5,57.0,0.0,,,,,,,,,,2017-10-26T00:57:00,,,,,,,,,,,,,,,,,,
2017-10-26 02:00:00,1000.6,21.2,86.0,1.8,60.0,3.2,62.0,0.0,,,,,,,,,,2017-10-26T01:53:00,,,,,,,,,,,,,,,,,,
2017-10-26 03:00:00,1000.0,20.8,87.0,1.5,60.0,3.1,77.0,0.0,,,,,,,,,,2017-10-26T02:46:00,,,,,,,,,,,,,,,,,,
2017-10-26 04:00:00,999.8,20.7,87.0,1.4,61.0,2.9,70.0,0.0,,,,,,,,,,2017-10-26T03:05:00,,,,,,,,,,,,,,,,,,
2017-10-26 05:00:00,1000.2,20.3,88.0,0.9,50.0,2.8,34.0,0.0,,,,,,,,,,2017-10-26T04:12:00,,,,,,,,,,,,,,,,,,
2017-10-26 06:00:00,1000.8,20.1,88.0,1.1,50.0,2.6,63.0,0.0,,,,,,,,,,2017-10-26T05:53:00,,,,,,,,,,,,,,,,,,
2017-10-26 07:00:00,1001.1,20.6,86.0,0.3,58.0,2.4,71.0,0.0,,,,,,,,,,2017-10-26T06:07:00,,,,,,,,,,,,,,,,,,
2017-10-26 08:00:00,1001.6,23.3,75.0,1.4,57.0,3.6,77.0,0.0,,,,,,,,,,2017-10-26T07:21:00,,,,,,,,,,,,,,,,,,
2017-10-26 09:00:00,1002.0,26.1,65.0,1.1,80.0,3.4,78.0,0.0,,,,,,,,,,2017-10-26T08:10:00,,,,,,,,,,,,,,,,,,
2017-10-26 10:00:00,1001.6,27.5,63.0,2.3,174.0,3.4,219.0,0.0,,,,,,,,,,2017-10-26T09:57:00,,,,,,,,,,,,,,,,,,
2017-10-26 11:00:00,1000.7,29.4,55.0,1.8,214.0,4.5,232.0,0.0,,,,,,,,,,2017-10-26T10:31:00,,,,,,,,,,,,,,,,,,
2017-10-26 12:00:00,999.8,29.8,52.0,1.2,281.0,4.1,217.0,0.0,,,,,,,,,,2017-10-26T11:10:00,,,,,,,,,,,,,,,,,,
2017-10-26 13:00:00,998.6,28.4,58.0,0.8,268.0,4.3,272.0,0.0,,,,,,,,,,2017-10-26T12:09:00,,,,,,,,,,,,,,,,,,
2017-10-26 14:00:00,997.6,28.6,57.0,1.7,269.0,4.0,238.0,0.0,,,,,,,,,,2017-10-26T13:50:00,,,,,,,,,,,,,,,,,,
2017-10-26 15:00:00,997.4,27.2,62.0,1.9,250.0,5.6,225.0,0.0,,,,,,,,,,2017-10-26T14:34:00,,,,,,,,,,,,,,,,,,
2017-10-26 16:00:00,997.3,27.5,59.0,2.0,259.0,5.2,249.0,0.0,,,,,,,,,,2017-10-26T15:47:00,,,,,,,,,,,,,,,,,,
2017-10-26 17:00:00,997.7,26.5,62.0,1.9,240.0,3.4,241.0,0.0,,,,,,,,,,2017-10-26T16:22:00,,,,,,,,,,,,,,,,,,
2017-10-26 18:00:00,998.0,25.1,66.0,2.3,191.0,5.1,198.0,0.0,,,,,,,,,,2017-10-26T17:44:00,,,,,,,,,,,,,,,,,,
2017-10-26 19:00:00,998.5,23.8,74.0,1.0,220.0,3.7,183.0,0.0,,,,,,,,,,2017-10-26T18:04:00,,,,,,,,,,,,,,,,,,
2017-10-26 20:00:00,999.1,23.9,74.0,0.7,332.0,1.7,261.0,0.0,,,,,,,,,,2017-10-26T19:07:00,,,,,,,,,,,,,,,,,,
2017-10-26 21:00:00,999.2,23.6,80.0,0.2,0.0,1.5,72.0,0.0,,,,,,,,,,2017-10-26T20:31:00,,,,,,,,,,,,,,,,,,
2017-10-26 22:00:00,999.1,23.3,82.0,0.7,104.0,1.9,6.0,0.0,,,,,,,,,,2017-10-26T21:19:00,,,,,,,,,,,,,,,,,,
2017-10-26 23:00:00,998.9,22.8,84.0,0.0,0.0,1.5,94.0,0.0,,,,,,,,,,2017-10-26T22:36:00,,,,,,,,,,,,,,,,,,
2017-10-27 00:00:00,998.6,22.6,86.0,0.5,110.0,1.4,76.0,0.0,,,,,,,,,,2017-10-26T23:30:00,,,,,,,,,,,,,,,,,,
2017-10-27 01:00:00,998.2,22.2,85.0,0.3,346.0,1.6,113.0,0.0,,,,,,,,,,2017-10-27T00:34:00,,,,,,,,,,,,,,,,,,
2017-10-27 02:00:00,997.5,21.2,89.0,0.1,0.0,1.6,93.0,0.0,,,,,,,,,,2017-10-27T01:05:00,,,,,,,,,,,,,,,,,,
2017-10-27 03:00:00,997.3,20.5,91.0,0.7,113.0,1.1,113.0,0.0,,,,,,,,,,2017-10-27T02:57:00,,,,,,,,,,,,,,,,,,
2017-10-27 04:00:00,997.1,20.4,92.0,0.0,0.0,1.1,352.0,0.0,,,,,,,,,,2017-10-27T03:52:00,,,,,,,,,,,,,,,,,,
2017-10-27 05:00:00,997.3,19.9,93.0,0.3,43.0,1.1,98.0,0.0,,,,,,,,,,2017-10-27T04:19:00,,,,,,,,,,,,,,,,,,
2017-10-27 06:00:00,997.7,19.3,93.0,0.8,76.0,1.2,90.0,0.0,,,,,,,,,,2017-10-27T06:00:00,,,,,,,,,,,,,,,,,,
2017-10-27 07:00:00,998.0,20.2,92.0,1.1,88.0,1.8,67.0,0.0,,,,,,,,,,2017-10-27T06:55:00,,,,,,,,,,,,,,,,,,
2017-10-27 08:00:00,998.3,22.8,79.0,1.0,89.0,2.0,62.0,0.0,,,,,,,,,,2017-10-27T07:18:00,,,,,,,,,,,,,,,,,,
2017-10-27 09:00:00,998.4,25.6,68.0,0.4,241.0,2.0,94.0,0.0,,,,,,,,,,2017-10-27T08:17:00,,,,,,,,,,,,,,,,,,
2017-10-27 10:00:00,997.9,27.4,63.0,1.7,210.0,3.4,227.0,0.0,,,,,,,,,,2017-10-27T09:55:00,,,,,,,,,,,,,,,,,,
2017-10-27 11:00:00,997.0,28.0,61.0,1.7,286.0,5.5,292.0,0.0,,,,,,,,,,2017-10-27T10:56:00,,,,,,,,,,,,,,,,,,
2017-10-27 12:00:00,996.1,28.6,57.0,2.3,267.0,5.2,260.0,0.0,,,,,,,,,,2017-10-27T11:03:00,,,,,,,,,,,,,,,,,,
2017-10-27 13:00:00,995.2,28.9,53.0,2.0,275.0,5.2,265.0,0.0,,,,,,,,,,2017-10-27T12:48:00,,,,,,,,,,,,,,,,,,
2017-10-27 14:00:00,994.6,28.5,51.0,1.5,306.0,4.9,292.0,0.0,,,,,,,,,,2017-10-27T13:54:00,,,,,,,,,,,,,,,,,,
2017-10-27 15:00:00,994.5,28.8,50.0,1.7,286.0,4.1,254.0,0.0,,,,,,,,,,2017-10-27T14:04:00,,,,,,,,,,,,,,,,,,
2017-10-27 16:00:00,994.5,27.9,55.0,2.1,282.0,4.0,291.0,0.0,,,,,,,,,,2017-10-27T15:58:00,,,,,,,,,,,,,,,,,,
2017-10-27 17:00:00,995.0,25.9,64.0,0.5,288.0,3.9,290.0,0.0,,,,,,,,,,2017-10-27T16:04:00,,,,,,,,,,,,,,,,,,
2017-10-27 18:00:00,995.4,24.1,72.0,1.5,220.0,2.2,268.0,0.0,,,,,,,,,,2017-10-27T17:31:00,,,,,,,,,,,,,,,,,,
2017-10-27 19:00:00,996.0,23.5,73.0,1.5,265.0,3.1,241.0,0.0,,,,,,,,,,2017-10-27T18:30:00,,,,,,,,,,,,,,,,,,
2017-10-27 20:00:00,996.7,22.6,79.0,1.4,196.0,2.2,294.0,0.0,,,,,,,,,,2017-10-27T19:07:00,,,,,,,,,,,,,,,,,,
2017-10-27 21:00:00,997.1,21.7,82.0,0.8,192.0,2.2,192.0,0.0,,,,,,,,,,2017-10-27T20:21:00,,,,,,,,,,,,,,,,,,
2017-10-27 22:00:00,997.2,21.5,83.0,0.0,0.0,1.6,154.0,0.0,,,,,,,,,,2017-10-27T21:18:00,,,,,,,,,,,,,,,,,,
2017-10-27 23:00:00,996.8,21.4,84.0,1.1,177.0,1.5,176.0,0.0,,,,,,,,,,2017-10-27T22:21:00,,,,,,,,,,,,,,,,,,
2017-10-28 00:00:00,996.3,21.0,87.0,0.9,202.0,1.4,156.0,0.0,,,,,,,,,,2017-10-27T23:02:00,,,,,,,,,,,,,,,,,,
2017-10-28 01:00:00,996.0,20.4,89.0,0.1,0.0,1.1,176.0,0.0,,,,,,,,,,2017-10-28T00:07:00,,,,,,,,,,,,,,,,,,
2017-10-28 02:00:00,995.7,19.8,92.0,0.3,78.0,1.1,78.0,0.0,,,,,,,,,,2017-10-28T01:43:00,,,,,,,,,,,,,,,,,,
2017-10-28 03:00:00,995.6,19.3,92.0,0.9,86.0,1.1,91.0,0.0,,,,,,,,,,2017-10-28T02:50:00,,,,,,,,,,,,,,,,,,
2017-10-28 04:00:00,995.7,19.1,93.0,0.4,101.0,1.4,77.0,0.0,,,,,,,,,,2017-10-28T03:09:00,,,,,,,,,,,,,,,,,,
2017-10-28 05:00:00,996.5,19.3,93.0,0.4,152.0,1.2,68.0,0.0,,,,,,,,,,2017-10-28T04:47:00,,,,,,,,,,,,,,,,,,
2017-10-28 06:00:00,997.3,19.7,93.0,0.7,102.0,1.0,96.0,0.0,,,,,,,,,,2017-10-28T05:17:00,,,,,,,,,,,,,,,,,,
2017-10-28 07:00:00,998.1,20.7,92.0,0.2,0.0,1.0,81.0,0.0,,,,,,,,,,2017-10-28T06:15:00,,,,,,,,,,,,,,,,,,
2017-10-28 08:00:00,998.6,22.7,81.0,1.0,74.0,1.7,87.0,0.0,,,,,,,,,,2017-10-28T07:25:00,,,,,,,,,,,,,,,,,,
2017-10-28 09:00:00,998.8,25.6,66.0,1.2,62.0,2.9,64.0,0.0,,,,,,,,,,2017-10-28T08:59:00,,,,,,,,,,,,,,,,,,
2017-10-28 10:00:00,998.6,27.6,60.0,1.8,258.0,3.2,265.0,0.0,,,,,,,,,,2017-10-28T09:58:00,,,,,,,,,,,,,,,,,,
2017-10-28 11:00:00,998.2,27.8,61.0,1.4,290.0,4.5,239.0,0.0,,,,,,,,,,2017-10-28T10:22:00,,,,,,,,,,,,,,,,,,
2017-10-28 12:00:00,997.4,29.3,55.0,2.1,283.0,4.5,293.0,0.0,,,,,,,,,,2017-10-28T11:09:00,,,,,,,,,,,,,,,,,,
2017-10-28 13:00:00,996.3,29.2,54.0,2.5,281.0,6.3,271.0,0.0,,,,,,,,,,2017-10-28T12:37:00,,,,,,,,,,,,,,,,,,
2017-10-28 14:00:00,995.7,28.7,55.0,2.6,279.0,6.1,278.0,0.0,,,,,,,,,,2017-10-28T13:25:00,,,,,,,,,,,,,,,,,,
2017-10-28 15:00:00,995.7,28.3,57.0,2.4,286.0,5.7,264.0,0.0,,,,,,,,,,2017-10-28T14:03:00,,,,,,,,,,,,,,,,,,
2017-10-28 16:00:00,996.2,27.7,59.0,0.9,294.0,4.2,300.0,0.0,,,,,,,,,,2017-10-28T15:22:00,,,,,,,,,,,,,,,,,,
2017-10-28 17:00:00,996.8,25.6,67.0,1.1,281.0,3.5,283.0,0.0,,,,,,,,,,2017-10-28T16:02:00,,,,,,,,,,,,,,,,,,
2017-10-28 18:00:00,997.4,23.6,73.0,0.8,261.0,2.2,299.0,0.0,,,,,,,,,,2017-10-28T17:07:00,,,,,,,,,,,,,,,,,,
2017-10-28 19:00:00,998.4,22.2,82.0,1.6,65.0,2.3,67.0,0.0,,,,,,,,,,2017-10-28T18:56:00,,,,,,,,,,,,,,,,,,
2017-10-28 20:00:00,999.3,21.7,85.0,0.1,0.0,2.0,78.0,0.0,,,,,,,,,,2017-10-28T19:04:00,,,,,,,,,,,,,,,,,,
2017-10-28 21:00:00,999.6,21.5,85.0,0.9,64.0,1.8,56.0,0.0,,,,,,,,,,2017-10-28T20:55:00,,,,,,,,,,,,,,,,,,
2017-10-28 22:00:00,1000.0,21.6,87.0,0.6,225.0,1.6,82.0,0.0,,,,,,,,,,2017-10-28T21:01:00,,,,,,,,,,,,,,,,,,
2017-10-28 23:00:00,1000.3,21.2,88.0,0.5,89.0,1.5,93.0,0.0,,,,,,,,,,2017-10-28T22:20:00,,,,,,,,,,,,,,,,,,
2017-10-29 00:00:00,1000.1,21.0,89.0,0.8,31.0,1.9,87.0,0.0,,,,,,,,,,2017-10-28T23:47:00,,,,,,,,,,,,,,,,,,
2017-10-29 01:00:00,1000.0,20.5,89.0,0.2,0.0,2.2,52.0,0.0,,,,,,,,,,2017-10-29T00:22:00,,,,,,,,,,,,,,,,,,
2017-10-29 02:00:00,999.7,20.2,90.0,1.0,74.0,1.9,84.0,0.0,,,,,,,,,,2017-10-29T01:36:00,,,,,,,,,,,,,,,,,,
2017-10-29 03:00:00,999.6,20.1,89.0,0.8,49.0,1.9,74.0,0.0,,,,,,,,,,2017-10-29T02:20:00,,,,,,,,,,,,,,,,,,
2017-10-29 04:00:00,999.7,20.3,87.0,0.9,58.0,2.1,32.0,0.0,,,,,,,,,,2017-10-29T03:12:00,,,,,,,,,,,,,,,,,,
2017-10-29 05:00:00,1000.1,20.1,88.0,0.2,0.0,1.9,65.0,0.0,,,,,,,,,,2017-10-29T04:16:00,,,,,,,,,,,,,,,,,,
2017-10-29 06:00:00,1000.8,19.8,87.0,0.8,57.0,2.9,68.0,0.0,,,,,,,,,,2017-10-29T05:35:00,,,,,,,,,,,,,,,,,,
2017-10-29 07:00:00,1001.5,20.5,84.0,1.1,77.0,2.2,65.0,0.0,,,,,,,,,,2017-10-29T06:35:00,,,,,,,,,,,,,,,,,,
2017-10-29 08:00:00,1002.0,23.8,69.0,1.4,38.0,3.2,75.0,0.0,,,,,,,,,,2017-10-29T07:55:00,,,,,,,,,,,,,,,,,,
2017-10-29 09:00:00,1002.1,26.6,59.0,1.3,76.0,3.0,7.0,0.0,,,,,,,,,,2017-10-29T08:14:00,,,,,,,,,,,,,,,,,,
2017-10-29 10:00:00,1001.8,28.4,54.0,1.5,256.0,3.2,254.0,0.0,,,,,,,,,,2017-10-29T09:53:00,,,,,,,,,,,,,,,,,,
2017-10-29 11:00:00,1001.4,28.7,56.0,1.5,221.0,4.1,264.0,0.0,,,,,,,,,,2017-10-29T10:04:00,,,,,,,,,,,,,,,,,,
2017-10-29 12:00:00,1000.9,30.1,51.0,0.8,312.0,4.2,279.0,0.0,,,,,,,,,,2017-10-29T11:38:00,,,,,,,,,,,,,,,,,,
2017-10-29 13:00:00,1000.3,29.5,54.0,1.5,272.0,3.8,255.0,0.0,,,,,,,,,,2017-10-29T12:34:00,,,,,,,,,,,,,,,,,,
2017-10-29 14:00:00,999.8,30.2,51.0,1.8,250.0,4.3,256.0,0.0,,,,,,,,,,2017-10-29T13:24:00,,,,,,,,,,,,,,,,,,
2017-10-29 15:00:00,999.8,30.1,50.0,1.9,280.0,4.7,278.0,0.0,,,,,,,,,,2017-10-29T14:49:00,,,,,,,,,,,,,,,,,,
2017-10-29 16:00:00,1000.1,28.8,55.0,1.5,291.0,4.1,288.0,0.0,,,,,,,,,,2017-10-29T16:00:00,,,,,,,,,,,,,,,,,,
2017-10-29 17:00:00,1000.7,26.4,61.0,1.0,285.0,4.4,275.0,0.0,,,,,,,,,,2017-10-29T16:03:00,,,,,,,,,,,,,,,,,,
2017-10-29 18:00:00,1001.5,24.6,66.0,0.4,357.0,2.3,207.0,0.0,,,,,,,,,,2017-10-29T17:05:00,,,,,,,,,,,,,,,,,,
2017-10-29 19:00:00,1002.2,23.3,73.0,1.0,206.0,2.4,199.0,0.0,,,,,,,,,,2017-10-29T18:11:00,,,,,,,,,,,,,,,,,,
2017-10-29 20:00:00,1002.8,22.7,79.0,0.8,289.0,2.3,209.0,0.0,,,,,,,,,,2017-10-29T19:05:00,,,,,,,,,,,,,,,,,,
2017-10-29 21:00:00,1003.1,22.5,82.0,0.8,99.0,2.0,249.0,0.0,,,,,,,,,,2017-10-29T20:50:00,,,,,,,,,,,,,,,,,,
2017-10-29 22:00:00,1003.2,21.7,87.0,0.6,162.0,1.9,199.0,0.0,,,,,,,,,,2017-10-29T21:24:00,,,,,,,,,,,,,,,,,,
2017-10-29 23:00:00,1003.4,20.3,87.0,1.2,198.0,1.8,208.0,0.0,,,,,,,,,,2017-10-29T22:05:00,,,,,,,,,,,,,,,,,,
2017-10-30 00:00:00,1003.5,19.9,86.0,0.7,76.0,2.2,207.0,0.0,,,,,,,,,,2017-10-29T23:07:00,,,,,,,,,,,,,,,,,,
2017-10-30 01:00:00,1003.5,19.7,89.0,0.6,332.0,1.5,61.0,0.0,,,,,,,,,,2017-10-30T00:18:00,,,,,,,,,,,,,,,,,,
2017-10-30 02:00:00,1003.3,19.7,92.0,0.9,360.0,1.6,74.0,0.0,,,,,,,,,,2017-10-30T01:37:00,,,,,,,,,,,,,,,,,,
2017-10-30 03:00:00,1003.2,19.4,91.0,1.3,88.0,1.9,92.0,0.0,,,,,,,,,,2017-10-30T02:08:00,,,,,,,,,,,,,,,,,,
2017-10-30 04:00:00,1003.2,19.2,91.0,1.3,79.0,2.4,82.0,0.0,,,,,,,,,,2017-10-30T03:17:00,,,,,,,,,,,,,,,,,,
2017-10-30 05:00:00,1003.7,19.4,90.0,0.8,352.0,2.5,61.0,0.0,,,,,,,,,,2017-10-30T04:42:00,,,,,,,,,,,,,,,,,,
2017-10-30 06:00:00,1004.4,18.7,92.0,0.2,0.0,1.8,36.0,0.0,,,,,,,,,,2017-10-30T05:02:00,,,,,,,,,,,,,,,,,,
2017-10-30 07:00:00,1005.1,19.6,90.0,0.7,84.0,2.4,67.0,0.0,,,,,,,,,,2017-10-30T06:28:00,,,,,,,,,,,,,,,,,,
2017-10-30 08:00:00,1005.3,22.4,81.0,0.5,254.0,1.8,66.0,0.0,,,,,,,,,,2017-10-30T07:01:00,,,,,,,,,,,,,,,,,,
2017-10-30 09:00:00,1005.5,25.8,69.0,1.7,231.0,2.6,212.0,0.0,,,,,,,,,,2017-10-30T08:50:00,,,,,,,,,,,,,,,,,,
2017-10-30 10:00:00,1005.1,27.4,59.0,1.7,233.0,3.6,187.0,0.0,,,,,,,,,,2017-10-30T09:23:00,,,,,,,,,,,,,,,,,,
2017-10-30 11:00:00,1004.3,28.8,53.0,2.0,228.0,4.3,245.0,0.0,,,,,,,,,,2017-10-30T11:00:00,,,,,,,,,,,,,,,,,,
2017-10-30 12:00:00,1003.6,29.3,50.0,2.4,289.0,5.1,293.0,0.0,,,,,,,,,,2017-10-30T11:56:00,,,,,,,,,,,,,,,,,,
2017-10-30 13:00:00,1003.0,29.0,51.0,3.0,272.0,5.7,254.0,0.0,,,,,,,,,,2017-10-30T12:56:00,,,,,,,,,,,,,,,,,,
2017-10-30 14:00:00,1002.2,28.8,51.0,2.2,268.0,5.6,242.0,0.0,,,,,,,,,,2017-10-30T13:30:00,,,,,,,,,,,,,,,,,,
2017-10-30 15:00:00,1001.8,28.3,51.0,1.9,295.0,5.3,242.0,0.0,,,,,,,,,,2017-10-30T14:01:00,,,,,,,,,,,,,,,,,,
2017-10-30 16:00:00,1001.8,26.7,54.0,1.8,284.0,5.2,277.0,0.0,,,,,,,,,,2017-10-30T15:34:00,,,,,,,,,,,,,,,,,,
2017-10-30 17:00:00,1002.3,24.4,60.0,1.4,273.0,4.2,280.0,0.0,,,,,,,,,,2017-10-30T16:01:00,,,,,,,,,,,,,,,,,,
2017-10-30 18:00:00,1002.7,22.2,67.0,1.9,220.0,3.0,291.0,0.0,,,,,,,,,,2017-10-30T17:16:00,,,,,,,,,,,,,,,,,,
2017-10-30 19:00:00,1003.1,22.2,68.0,1.3,189.0,2.6,160.0,0.0,,,,,,,,,,2017-10-30T18:39:00,,,,,,,,,,,,,,,,,,
2017-10-30 20:00:00,1003.8,21.6,70.0,1.2,166.0,2.3,217.0,0.0,,,,,,,,,,2017-10-30T19:25:00,,,,,,,,,,,,,,,,,,
2017-10-30 21:00:00,1004.1,21.2,71.0,0.9,189.0,2.6,188.0,0.0,,,,,,,,,,2017-10-30T20:09:00,,,,,,,,,,,,,,,,,,
2017-10-30 22:00:00,1004.2,20.5,77.0,1.2,214.0,1.9,210.0,0.0,,,,,,,,,,2017-10-30T21:20:00,,,,,,,,,,,,,,,,,,
2017-10-30 23:00:00,1004.1,19.6,79.0,0.9,186.0,2.5,210.0,0.0,,,,,,,,,,2017-10-30T22:26:00,,,,,,,,,,,,,,,,,,
2017-10-31 00:00:00,1003.9,19.6,80.0,0.0,0.0,1.5,257.0,0.0,,,,,,,,,,2017-10-30T23:03:00,,,,,,,,,,,,,,,,,,
2017-10-31 01:00:00,1003.8,19.4,83.0,0.7,101.0,1.0,261.0,0.0,,,,,,,,,,2017-10-31T00:14:00,,,,,,,,,,,,,,,,,,
2017-10-31 02:00:00,1003.3,18.9,86.0,0.1,0.0,0.9,302.0,0.0,,,,,,,,,,2017-10-31T01:24:00,,,,,,,,,,,,,,,,,,
2017-10-31 03:00:00,1003.1,18.7,90.0,0.0,0.0,1.2,75.0,0.0,,,,,,,,,,2017-10-31T02:33:00,,,,,,,,,,,,,,,,,,
2017-10-31 04:00:00,1003.2,17.8,90.0,0.8,73.0,1.5,56.0,0.0,,,,,,,,,,2017-10-31T03:57:00,,,,,,,,,,,,,,,,,,
2017-10-31 05:00:00,1003.4,17.6,89.0,1.1,62.0,1.7,61.0,0.0,,,,,,,,,,2017-10-31T04:46:00,,,,,,,,,,,,,,,,,,
2017-10-31 06:00:00,1003.9,17.8,87.0,1.3,59.0,2.8,75.0,0.0,,,,,,,,,,2017-10-31T05:33:00,,,,,,,,,,,,,,,,,,
2017-10-31 07:00:00,1004.5,18.5,84.0,1.4,40.0,3.0,53.0,0.0,,,,,,,,,,2017-10-31T06:39:00,,,,,,,,,,,,,,,,,,
2017-10-31 08:00:00,1004.8,21.8,71.0,1.1,77.0,3.4,54.0,0.0,,,,,,,,,,2017-10-31T07:09:00,,,,,,,,,,,,,,,,,,
2017-10-31 09:00:00,1004.9,24.6,58.0,1.6,81.0,3.2,35.0,0.0,,,,,,,,,,2017-10-31T08:38:00,,,,,,,,,,,,,,,,,,
2017-10-31 10:00:00,1004.5,25.9,51.0,0.5,346.0,2.5,348.0,0.0,,,,,,,,,,2017-10-31T09:18:00,,,,,,,,,,,,,,,,,,
2017-10-31 11:00:00,1003.8,27.7,49.0,2.3,244.0,3.4,264.0,0.0,,,,,,,,,,2017-10-31T10:41:00,,,,,,,,,,,,,,,,,,
2017-10-31 12:00:00,1002.8,28.9,47.0,2.3,257.0,5.0,242.0,0.0,,,,,,,,,,2017-10-31T11:59:00,,,,,,,,,,,,,,,,,,
2017-10-31 13:00:00,1001.9,29.1,44.0,2.2,286.0,5.0,257.0,0.0,,,,,,,,,,2017-10-31T13:00:00,,,,,,,,,,,,,,,,,,
2017-10-31 14:00:00,1001.4,28.6,46.0,1.0,307.0,5.4,211.0,0.0,,,,,,,,,,2017-10-31T13:26:00,,,,,,,,,,,,,,,,,,
2017-10-31 15:00:00,1001.2,27.1,51.0,1.7,287.0,3.4,293.0,0.0,,,,,,,,,,2017-10-31T14:20:00,,,,,,,,,,,,,,,,,,
2017-10-31 16:00:00,1001.3,26.0,56.0,1.3,275.0,3.3,262.0,0.0,,,,,,,,,,2017-10-31T15:28:00,,,,,,,,,,,,,,,,,,
2017-10-31 17:00:00,1001.7,25.0,59.0,1.5,284.0,4.7,282.0,0.0,,,,,,,,,,2017-10-31T16:29:00,,,,,,,,,,,,,,,,,,
2017-10-31 18:00:00,1002.3,23.8,63.0,1.6,251.0,3.1,273.0,0.0,,,,,,,,,,2017-10-31T17:15:00,,,,,,,,,,,,,,,,,,
2017-10-31 19:00:00,1003.3,22.8,71.0,1.4,200.0,2.5,241.0,0.0,,,,,,,,,,2017-10-31T18:03:00,,,,,,,,,,,,,,,,,,
2017-10-31 20:00:00,1004.0,22.1,74.0,0.5,327.0,2.5,211.0,0.0,,,,,,,,,,2017-10-31T19:14:00,,,,,,,,,,,,,,,,,,
2017-10-31 21:00:00,1004.7,20.5,81.0,1.2,69.0,1.9,64.0,0.0,,,,,,,,,,2017-10-31T20:44:00,,,,,,,,,,,,,,,,,,
2017-10-31 22:00:00,1004.6,19.9,83.0,1.1,89.0,2.2,65.0,0.0,,,,,,,,,,2017-10-31T21:09:00,,,,,,,,,,,,,,,,,,
2017-10-31 23:00:00,1004.2,19.3,87.0,1.4,70.0,2.4,68.0,0.0,,,,,,,,,,2017-10-31T22:55:00,,,,,,,,,,,,,,,,,,
2017-11-01 00:00:00,1003.7,19.3,86.0,1.2,57.0,3.0,30.0,0.0,,,,,,,,,,2017-10-31T23:48:00,,,,,,,,,,,,,,,,,,
2017-11-01 01:00:00,1003.2,18.8,87.0,1.2,73.0,2.6,76.0,0.0,,,,,,,,,,2017-11-01T00:17:00,,,,,,,,,,,,,,,,,,
2017-11-01 02:00:00,1002.6,18.4,88.0,1.1,76.0,2.1,57.0,0.0,,,,,,,,,,2017-11-01T01:48:00,,,,,,,,,,,,,,,,,,
2017-11-01 03:00:00,1002.1,18.0,89.0,0.2,0.0,1.6,66.0,0.0,,,,,,,,,,2017-11-01T02:24:00,,,,,,,,,,,,,,,,,,
2017-11-01 04:00:00,1001.7,17.8,90.0,1.5,85.0,2.6,49.0,0.0,,,,,,,,,,2017-11-01T03:52:00,,,,,,,,,,,,,,,,,,
2017-11-01 05:00:00,1001.6,17.7,89.0,1.1,64.0,3.0,77.0,0.0,,,,,,,,,,2017-11-01T04:36:00,,,,,,,,,,,,,,,,,,
2017-11-01 06:00:00,1001.6,17.5,88.0,1.4,97.0,2.6,65.0,0.0,,,,,,,,,,2017-11-01T05:22:00,,,,,,,,,,,,,,,,,,
2017-11-01 07:00:00,1001.6,18.2,85.0,1.0,89.0,3.0,93.0,0.0,,,,,,,,,,2017-11-01T06:29:00,,,,,,,,,,,,,,,,,,
2017-11-01 08:00:00,1002.6,20.6,76.0,0.3,302.0,2.5,214.0,0.0,,,,,,,,,,2017-11-01T07:23:00,,,,,,,,,,,,,,,,,,
2017-11-01 09:00:00,1003.1,24.3,63.0,1.5,255.0,2.4,264.0,0.0,,,,,,,,,,2017-11-01T08:58:00,,,,,,,,,,,,,,,,,,
2017-11-01 10:00:00,1003.1,26.4,55.0,2.2,233.0,3.1,233.0,0.0,,,,,,,,,,2017-11-01T09:57:00,,,,,,,,,,,,,,,,,,
2017-11-01 11:00:00,1002.4,27.7,47.0,0.7,226.0,3.5,211.0,0.0,,,,,,,,,,2017-11-01T10:40:00,,,,,,,,,,,,,,,,,,
2017-11-01 12:00:00,1001.5,28.5,47.0,1.3,6.0,3.5,263.0,0.0,,,,,,,,,,2017-11-01T11:28:00,,,,,,,,,,,,,,,,,,
2017-11-01 13:00:00,1000.7,28.4,48.0,1.3,260.0,3.6,237.0,0.0,,,,,,,,,,2017-11-01T12:28:00,,,,,,,,,,,,,,,,,,
2017-11-01 14:00:00,999.9,29.1,46.0,1.2,286.0,4.6,258.0,0.0,,,,,,,,,,2017-11-01T13:33:00,,,,,,,,,,,,,,,,,,
2017-11-01 15:00:00,999.5,29.3,45.0,2.2,276.0,4.6,257.0,0.0,,,,,,,,,,2017-11-01T14:09:00,,,,,,,,,,,,,,,,,,
2017-11-01 16:00:00,999.6,28.3,52.0,1.4,295.0,4.9,280.0,0.0,,,,,,,,,,2017-11-01T15:37:00,,,,,,,,,,,,,,,,,,
2017-11-01 17:00:00,999.7,26.0,63.0,1.1,306.0,3.9,293.0,0.0,,,,,,,,,,2017-11-01T16:47:00,,,,,,,,,,,,,,,,,,
2017-11-01 18:00:00,1000.1,23.7,76.0,0.7,90.0,2.3,44.0,0.0,,,,,,,,,,2017-11-01T17:03:00,,,,,,,,,,,,,,,,,,
2017-11-01 19:00:00,1000.7,22.8,79.0,0.7,125.0,1.6,81.0,0.0,,,,,,,,,,2017-11-01T18:04:00,,,,,,,,,,,,,,,,,,
2017-11-01 20:00:00,1001.1,21.9,83.0,1.4,74.0,2.1,80.0,0.0,,,,,,,,,,2017-11-01T19:47:00,,,,,,,,,,,,,,,,,,
2017-11-01 21:00:00,1001.3,21.3,84.0,1.0,67.0,1.8,66.0,0.0,,,,,,,,,,2017-11-01T20:16:00,,,,,,,,,,,,,,,,,,
2017-11-01 22:00:00,1001.4,21.1,86.0,1.1,13.0,2.2,4.0,0.0,,,,,,,,,,2017-11-01T21:55:00,,,,,,,,,,,,,,,,,,
2017-11-01 23:00:00,1001.4,21.2,84.0,0.9,51.0,2.2,71.0,0.0,,,,,,,,,,2017-11-01T22:12:00,,,,,,,,,,,,,,,,,,
2017-11-02 00:00:00,1001.1,20.4,88.0,0.9,85.0,1.8,55.0,0.0,,,,,,,,,,2017-11-01T23:09:00,,,,,,,,,,,,,,,,,,
2017-11-02 01:00:00,1000.1,20.4,86.0,0.6,71.0,1.9,60.0,0.0,,,,,,,,,,2017-11-02T00:27:00,,,,,,,,,,,,,,,,,,
2017-11-02 02:00:00,998.7,20.9,81.0,0.6,53.0,2.0,52.0,0.0,,,,,,,,,,2017-11-02T01:20:00,,,,,,,,,,,,,,,,,,
2017-11-02 03:00:00,997.4,21.4,75.0,0.6,103.0,3.9,70.0,0.0,,,,,,,,,,2017-11-02T02:24:00,,,,,,,,,,,,,,,,,,
2017-11-02 04:00:00,997.4,20.1,79.0,1.5,66.0,2.2,121.0,0.0,,,,,,,,,,2017-11-02T03:16:00,,,,,,,,,,,,,,,,,,
2017-11-02 05:00:00,997.7,19.2,86.0,0.6,118.0,2.3,26.0,0.0,,,,,,,,,,2017-11-02T04:10:00,,,,,,,,,,,,,,,,,,
2017-11-02 06:00:00,998.6,18.8,87.0,0.8,196.0,2.5,23.0,0.0,,,,,,,,,,2017-11-02T05:29:00,,,,,,,,,,,,,,,,,,
2017-11-02 07:00:00,999.4,19.3,84.0,1.1,356.0,1.8,12.0,0.0,,,,,,,,,,2017-11-02T07:00:00,,,,,,,,,,,,,,,,,,
2017-11-02 08:00:00,999.6,22.3,69.0,1.7,63.0,2.9,93.0,0.0,,,,,,,,,,2017-11-02T07:58:00,,,,,,,,,,,,,,,,,,
2017-11-02 09:00:00,999.9,25.7,57.0,1.1,58.0,2.6,64.0,0.0,,,,,,,,,,2017-11-02T08:36:00,,,,,,,,,,,,,,,,,,
2017-11-02 10:00:00,999.5,28.7,51.0,1.3,239.0,2.5,58.0,0.0,,,,,,,,,,2017-11-02T09:23:00,,,,,,,,,,,,,,,,,,
2017-11-02 11:00:00,998.8,29.4,52.0,1.8,219.0,3.6,223.0,0.0,,,,,,,,,,2017-11-02T10:55:00,,,,,,,,,,,,,,,,,,
2017-11-02 12:00:00,998.1,29.3,53.0,1.9,251.0,4.3,246.0,0.0,,,,,,,,,,2017-11-02T11:17:00,,,,,,,,,,,,,,,,,,
2017-11-02 13:00:00,997.4,30.4,50.0,1.7,170.0,4.2,218.0,0.0,,,,,,,,,,2017-11-02T12:14:00,,,,,,,,,,,,,,,,,,
2017-11-02 14:00:00,997.4,28.7,54.0,1.3,137.0,3.7,112.0,0.0,,,,,,,,,,2017-11-02T13:16:00,,,,,,,,,,,,,,,,,,
2017-11-02 15:00:00,997.6,27.1,59.0,1.5,190.0,5.2,206.0,0.0,,,,,,,,,,2017-11-02T14:37:00,,,,,,,,,,,,,,,,,,
2017-11-02 16:00:00,998.0,26.4,64.0,1.3,108.0,3.0,204.0,0.0,,,,,,,,,,2017-11-02T15:03:00,,,,,,,,,,,,,,,,,,
2017-11-02 17:00:00,998.6,25.5,68.0,0.2,0.0,4.1,114.0,0.0,,,,,,,,,,2017-11-02T16:07:00,,,,,,,,,,,,,,,,,,
2017-11-02 18:00:00,999.0,23.9,77.0,1.4,68.0,2.3,261.0,0.0,,,,,,,,,,2017-11-02T17:07:00,,,,,,,,,,,,,,,,,,
2017-11-02 19:00:00,999.7,23.5,80.0,0.9,109.0,1.7,69.0,0.0,,,,,,,,,,2017-11-02T18:02:00,,,,,,,,,,,,,,,,,,
2017-11-02 20:00:00,999.8,23.1,82.0,0.7,47.0,1.5,63.0,0.0,,,,,,,,,,2017-11-02T19:49:00,,,,,,,,,,,,,,,,,,
2017-11-02 21:00:00,1000.1,22.6,84.0,1.0,66.0,2.4,71.0,0.0,,,,,,,,,,2017-11-02T20:25:00,,,,,,,,,,,,,,,,,,
2017-11-02 22:00:00,1000.1,22.4,87.0,0.8,85.0,1.7,67.0,0.0,,,,,,,,,,2017-11-02T21:14:00,,,,,,,,,,,,,,,,,,
2017-11-02 23:00:00,999.9,22.2,89.0,0.9,87.0,1.5,107.0,0.0,,,,,,,,,,2017-11-02T22:36:00,,,,,,,,,,,,,,,,,,
2017-11-03 00:00:00,999.8,22.0,91.0,0.1,0.0,1.4,65.0,0.0,,,,,,,,,,2017-11-02T23:01:00,,,,,,,,,,,,,,,,,,
2017-11-03 01:00:00,999.6,22.0,93.0,0.8,8.0,1.1,157.0,0.0,,,,,,,,,,2017-11-03T00:10:00,,,,,,,,,,,,,,,,,,
2017-11-03 02:00:00,999.1,21.8,93.0,0.6,3.0,1.8,87.0,0.0,,,,,,,,,,2017-11-03T01:15:00,,,,,,,,,,,,,,,,,,
2017-11-03 03:00:00,998.5,21.7,93.0,0.9,69.0,1.7,68.0,0.0,,,,,,,,,,2017-11-03T02:54:00,,,,,,,,,,,,,,,,,,
2017-11-03 04:00:00,998.1,21.7,94.0,0.2,0.0,1.3,72.0,0.0,,,,,,,,,,2017-11-03T03:04:00,,,,,,,,,,,,,,,,,,
2017-11-03 05:00:00,998.5,21.5,94.0,0.0,0.0,1.3,88.0,0.0,,,,,,,,,,2017-11-03T04:36:00,,,,,,,,,,,,,,,,,,
2017-11-03 06:00:00,999.2,21.6,94.0,0.1,0.0,1.1,52.0,0.0,,,,,,,,,,2017-11-03T05:50:00,,,,,,,,,,,,,,,,,,
2017-11-03 07:00:00,999.7,21.8,94.0,0.5,70.0,2.0,49.0,0.0,,,,,,,,,,2017-11-03T06:29:00,,,,,,,,,,,,,,,,,,
2017-11-03 08:00:00,1000.0,23.1,91.0,0.4,343.0,2.0,80.0,0.0,,,,,,,,,,2017-11-03T07:16:00,,,,,,,,,,,,,,,,,,
2017-11-03 09:00:00,1000.6,24.7,84.0,1.6,210.0,3.2,221.0,0.0,,,,,,,,,,2017-11-03T08:38:00,,,,,,,,,,,,,,,,,,
2017-11-03 10:00:00,1000.4,28.1,71.0,1.3,233.0,3.0,202.0,0.0,,,,,,,,,,2017-11-03T09:52:00,,,,,,,,,,,,,,,,,,
2017-11-03 11:00:00,999.9,30.1,65.0,1.5,225.0,3.6,221.0,0.0,,,,,,,,,,2017-11-03T11:00:00,,,,,,,,,,,,,,,,,,
2017-11-03 12:00:00,999.4,29.7,63.0,2.6,197.0,5.1,194.0,0.0,,,,,,,,,,2017-11-03T11:58:00,,,,,,,,,,,,,,,,,,
2017-11-03 13:00:00,998.8,30.5,62.0,1.5,250.0,5.0,209.0,0.0,,,,,,,,,,2017-11-03T12:03:00,,,,,,,,,,,,,,,,,,
2017-11-03 14:00:00,998.4,30.5,64.0,1.8,265.0,3.8,234.0,0.0,,,,,,,,,,2017-11-03T13:21:00,,,,,,,,,,,,,,,,,,
2017-11-03 15:00:00,998.2,30.2,64.0,1.6,278.0,4.5,234.0,0.0,,,,,,,,,,2017-11-03T14:24:00,,,,,,,,,,,,,,,,,,
2017-11-03 16:00:00,998.4,29.5,66.0,1.2,281.0,3.0,267.0,0.0,,,,,,,,,,2017-11-03T15:23:00,,,,,,,,,,,,,,,,,,
2017-11-03 17:00:00,999.0,27.1,75.0,1.3,283.0,3.3,269.0,0.0,,,,,,,,,,2017-11-03T16:36:00,,,,,,,,,,,,,,,,,,
2017-11-03 18:00:00,999.7,26.3,79.0,1.6,185.0,3.0,154.0,0.0,,,,,,,,,,2017-11-03T17:39:00,,,,,,,,,,,,,,,,,,
2017-11-03 19:00:00,1000.5,25.6,80.0,0.1,0.0,3.7,165.0,0.0,,,,,,,,,,2017-11-03T18:07:00,,,,,,,,,,,,,,,,,,
2017-11-03 20:00:00,1000.9,25.1,83.0,1.2,195.0,1.8,177.0,0.0,,,,,,,,,,2017-11-03T19:55:00,,,,,,,,,,,,,,,,,,
2017-11-03 21:00:00,1001.4,24.4,85.0,0.8,263.0,2.2,203.0,0.0,,,,,,,,,,2017-11-03T20:02:00,,,,,,,,,,,,,,,,,,
2017-11-03 22:00:00,1001.6,24.1,88.0,0.3,343.0,1.5,221.0,0.0,,,,,,,,,,2017-11-03T21:02:00,,,,,,,,,,,,,,,,,,
2017-11-03 23:00:00,1001.3,23.8,87.0,0.7,298.0,1.7,204.0,0.0,,,,,,,,,,2017-11-03T22:14:00,,,,,,,,,,,,,,,,,,
2017-11-04 00:00:00,1001.0,23.1,89.0,1.8,202.0,3.0,200.0,0.0,,,,,,,,,,2017-11-03T23:54:00,,,,,,,,,,,,,,,,,,
2017-11-04 01:00:00,1000.8,22.3,89.0,1.3,191.0,3.0,209.0,0.0,,,,,,,,,,2017-11-04T00:10:00,,,,,,,,,,,,,,,,,,
2017-11-04 02:00:00,1000.6,22.2,89.0,0.6,261.0,1.9,174.0,0.0,,,,,,,,,,2017-11-04T01:30:00,,,,,,,,,,,,,,,,,,
2017-11-04 03:00:00,1000.6,22.5,89.0,0.0,0.0,1.0,204.0,0.0,,,,,,,,,,2017-11-04T02:07:00,,,,,,,,,,,,,,,,,,
2017-11-04 04:00:00,1000.4,22.4,90.0,0.6,5.0,1.6,123.0,0.0,,,,,,,,,,2017-11-04T03:16:00,,,,,,,,,,,,,,,,,,
2017-11-04 05:00:00,1000.2,22.7,91.0,0.1,0.0,1.5,6.0,0.0,,,,,,,,,,2017-11-04T04:46:00,,,,,,,,,,,,,,,,,,
2017-11-04 06:00:00,1000.7,22.1,93.0,1.3,207.0,2.0,227.0,0.0,,,,,,,,,,2017-11-04T05:30:00,,,,,,,,,,,,,,,,,,
2017-11-04 07:00:00,1001.6,22.2,92.0,0.9,187.0,2.1,218.0,0.0,,,,,,,,,,2017-11-04T06:07:00,,,,,,,,,,,,,,,,,,
2017-11-04 08:00:00,1002.1,23.0,89.0,0.3,226.0,2.1,212.0,0.0,,,,,,,,,,2017-11-04T07:36:00,,,,,,,,,,,,,,,,,,
2017-11-04 09:00:00,1002.5,25.4,81.0,0.6,237.0,2.0,254.0,0.0,,,,,,,,,,2017-11-04T08:48:00,,,,,,,,,,,,,,,,,,
2017-11-04 10:00:00,1001.8,27.8,73.0,2.5,203.0,3.9,194.0,0.0,,,,,,,,,,2017-11-04T09:52:00,,,,,,,,,,,,,,,,,,
2017-11-04 11:00:00,1001.8,27.6,74.0,2.4,225.0,4.9,224.0,0.0,,,,,,,,,,2017-11-04T10:15:00,,,,,,,,,,,,,,,,,,
2017-11-04 12:00:00,1001.0,30.2,63.0,1.7,245.0,4.7,217.0,0.0,,,,,,,,,,2017-11-04T11:03:00,,,,,,,,,,,,,,,,,,
2017-11-04 13:00:00,1000.0,29.5,65.0,1.4,274.0,4.3,244.0,0.0,,,,,,,,,,2017-11-04T12:25:00,,,,,,,,,,,,,,,,,,
2017-11-04 14:00:00,999.9,29.0,64.0,2.3,270.0,4.9,245.0,0.0,,,,,,,,,,2017-11-04T13:51:00,,,,,,,,,,,,,,,,,,
2017-11-04 15:00:00,999.9,29.1,61.0,2.1,281.0,4.5,247.0,0.0,,,,,,,,,,2017-11-04T14:12:00,,,,,,,,,,,,,,,,,,
2017-11-04 16:00:00,1000.1,27.3,65.0,2.1,291.0,4.4,258.0,0.0,,,,,,,,,,2017-11-04T15:19:00,,,,,,,,,,,,,,,,,,
2017-11-04 17:00:00,1000.8,26.0,68.0,1.1,211.0,3.7,299.0,0.0,,,,,,,,,,2017-11-04T16:01:00,,,,,,,,,,,,,,,,,,
2017-11-04 18:00:00,1001.2,24.8,70.0,1.0,245.0,2.4,252.0,0.0,,,,,,,,,,2017-11-04T17:33:00,,,,,,,,,,,,,,,,,,
2017-11-04 19:00:00,1001.7,23.5,75.0,0.8,194.0,2.2,194.0,0.0,,,,,,,,,,2017-11-04T18:17:00,,,,,,,,,,,,,,,,,,
2017-11-04 20:00:00,1002.4,22.3,76.0,1.1,188.0,2.6,175.0,0.0,,,,,,,,,,2017-11-04T19:17:00,,,,,,,,,,,,,,,,,,
2017-11-04 21:00:00,1002.7,21.6,80.0,0.6,219.0,1.7,176.0,0.0,,,,,,,,,,2017-11-04T20:07:00,,,,,,,,,,,,,,,,,,
2017-11-04 22:00:00,1002.9,20.8,82.0,0.5,169.0,1.5,207.0,0.0,,,,,,,,,,2017-11-04T21:44:00,,,,,,,,,,,,,,,,,,
2017-11-04 23:00:00,1002.9,20.5,86.0,0.9,126.0,1.1,113.0,0.0,,,,,,,,,,2017-11-04T23:00:00,,,,,,,,,,,,,,,,,,
2017-11-05 00:00:00,1002.9,20.1,89.0,0.5,312.0,1.4,97.0,0.0,,,,,,,,,,2017-11-04T23:02:00,,,,,,,,,,,,,,,,,,
2017-11-05 01:00:00,1002.5,19.8,91.0,0.0,0.0,,,0.0,,,,,,,,,,,,,,,,,,,,,,,,,,,,
2017-11-05 02:00:00,1002.0,19.8,92.0,0.3,196.0,,,0.0,,,,,,,,,,,,,,,,,,,,,,,,,,,,
2017-11-05 03:00:00,1001.3,19.6,93.0,0.3,252.0,,,0.0,,,,,,,,,,,,,,,,,,,,,,,,,,,,
2017-11-05 04:00:00,1000.8,19.6,93.0,0.0,0.0,,,0.0,,,,,,,,,,,,,,,,,,,,,,,,,,,,
2017-11-05 05:00:00,1001.2,19.6,94.0,1.1,206.0,,,0.0,,,,,,,,,,,,,,,,,,,,,,,,,,,,
2017-11-05 06:00:00,1002.1,19.5,94.0,0.1,0.0,,,0.0,,,,,,,,,,,,,,,,,,,,,,,,,,,,
2017-11-05 07:00:00,1002.9,20.1,93.0,0.9,88.0,,,0.0,,,,,,,,,,,,,,,,,,,,,,,,,,,,
2017-11-05 08:00:00,1003.1,22.3,88.0,0.8,83.0,,,0.0,,,,,,,,,,,,,,,,,,,,,,,,,,,,
2017-11-05 09:00:00,1003.3,25.6,74.0,0.8,253.0,,,0.0,,,,,,,,,,,,,,,,,,,,,,,,,,,,
2017-11-05 10:00:00,1003.2,26.9,69.0,2.3,209.0,,,0.0,,,,,,,,,,,,,,,,,,,,,,,,,,,,
2017-11-05 11:00:00,1002.6,26.7,68.0,2.5,229.0,,,0.0,,,,,,,,,,,,,,,,,,,,,,,,,,,,
2017-11-05 12:00:00,1001.9,26.7,68.0,1.2,269.0,,,0.0,,,,,,,,,,,,,,,,,,,,,,,,,,,,
2017-11-05 13:00:00,1001.2,28.4,63.0,2.0,269.0,,,0.0,,,,,,,,,,,,,,,,,,,,,,,,,,,,
2017-11-05 14:00:00,1000.9,28.5,61.0,2.0,264.0,,,0.0,,,,,,,,,,,,,,,,,,,,,,,,,,,,
2017-11-05 15:00:00,1000.8,27.7,64.0,1.4,203.0,,,0.0,,,,,,,,,,,,,,,,,,,,,,,,,,,,
2017-11-05 16:00:00,1001.1,27.4,64.0,0.7,159.0,,,0.0,,,,,,,,,,,,,,,,,,,,,,,,,,,,
2017-11-05 17:00:00,1001.6,26.0,70.0,0.8,279.0,,,0.0,,,,,,,,,,,,,,,,,,,,,,,,,,,,
2017-11-05 18:00:00,1001.3,24.9,79.0,0.6,79.0,,,0.0,,,,,,,,,,,,,,,,,,,,,,,,,,,,
2017-11-05 19:00:00,1001.6,23.6,86.0,0.1,0.0,,,0.0,,,,,,,,,,,,,,,,,,,,,,,,,,,,
2017-11-05 20:00:00,1002.3,22.7,87.0,1.2,197.0,,,0.0,,,,,,,,,,,,,,,,,,,,,,,,,,,,
2017-11-05 21:00:00,1002.6,22.3,86.0,0.7,149.0,,,0.0,,,,,,,,,,,,,,,,,,,,,,,,,,,,
2017-11-05 22:00:00,1002.7,22.2,89.0,1.4,94.0,,,0.0,,,,,,,,,,,,,,,,,,,,,,,,,,,,
2017-11-05 23:00:00,1002.7,21.9,91.0,0.4,347.0,,,0.0,,,,,,,,,,,,,,,,,,,,,,,,,,,,
2017-11-06 00:00:00,1002.4,21.5,91.0,0.3,309.0,,,0.0,,,,,,,,,,,,,,,,,,,,,,,,,,,,
2017-11-06 01:00:00,1002.2,21.2,92.0,0.9,65.0,1.8,79.0,0.0,,,,,,,,,,2017-11-06T00:47:00,,,,,,,,,,,,,,,,,,
2017-11-06 02:00:00,1001.5,20.9,92.0,0.1,0.0,1.1,109.0,0.0,,,,,,,,,,2017-11-06T01:29:00,,,,,,,,,,,,,,,,,,
2017-11-06 03:00:00,1001.1,21.0,92.0,0.9,10.0,1.5,70.0,0.0,,,,,,,,,,2017-11-06T02:12:00,,,,,,,,,,,,,,,,,,
2017-11-06 04:00:00,1001.3,21.0,93.0,0.6,341.0,1.5,19.0,0.0,,,,,,,,,,2017-11-06T03:01:00,,,,,,,,,,,,,,,,,,
2017-11-06 05:00:00,1001.3,20.9,93.0,0.7,81.0,1.9,73.0,0.0,,,,,,,,,,2017-11-06T04:40:00,,,,,,,,,,,,,,,,,,
2017-11-06 06:00:00,1001.6,21.1,93.0,1.2,107.0,1.9,76.0,0.0,,,,,,,,,,2017-11-06T05:33:00,,,,,,,,,,,,,,,,,,
2017-11-06 07:00:00,1002.1,21.7,91.0,0.8,60.0,1.7,98.0,0.0,,,,,,,,,,2017-11-06T06:05:00,,,,,,,,,,,,,,,,,,
2017-11-06 08:00:00,1002.6,22.9,88.0,0.6,86.0,2.4,59.0,0.0,,,,,,,,,,2017-11-06T07:09:00,,,,,,,,,,,,,,,,,,
2017-11-06 09:00:00,1003.2,24.0,83.0,0.0,0.0,1.6,15.0,0.0,,,,,,,,,,2017-11-06T08:14:00,,,,,,,,,,,,,,,,,,
2017-11-06 10:00:00,1003.2,24.6,82.0,0.3,178.0,2.0,216.0,0.0,,,,,,,,,,2017-11-06T09:16:00,,,,,,,,,,,,,,,,,,
2017-11-06 11:00:00,1002.1,26.0,74.0,1.0,16.0,2.3,22.0,0.0,,,,,,,,,,2017-11-06T10:47:00,,,,,,,,,,,,,,,,,,
2017-11-06 12:00:00,1001.0,27.5,64.0,0.7,350.0,2.8,78.0,0.0,,,,,,,,,,2017-11-06T11:17:00,,,,,,,,,,,,,,,,,,
2017-11-06 13:00:00,1000.2,28.1,66.0,2.0,218.0,3.4,232.0,0.0,,,,,,,,,,2017-11-06T12:52:00,,,,,,,,,,,,,,,,,,
2017-11-06 14:00:00,1000.0,27.2,74.0,1.6,261.0,4.6,229.0,0.0,,,,,,,,,,2017-11-06T13:28:00,,,,,,,,,,,,,,,,,,
2017-11-06 15:00:00,999.3,26.9,73.0,1.0,347.0,2.2,271.0,0.0,,,,,,,,,,2017-11-06T14:06:00,,,,,,,,,,,,,,,,,,
2017-11-06 16:00:00,999.1,26.9,75.0,1.1,54.0,3.0,2.0,0.0,,,,,,,,,,2017-11-06T15:41:00,,,,,,,,,,,,,,,,,,
2017-11-06 17:00:00,999.7,25.8,81.0,1.3,180.0,2.6,242.0,0.0,,,,,,,,,,2017-11-06T16:22:00,,,,,,,,,,,,,,,,,,
2017-11-06 18:00:00,1000.1,24.8,83.0,1.2,142.0,2.7,151.0,0.0,,,,,,,,,,2017-11-06T17:04:00,,,,,,,,,,,,,,,,,,
2017-11-06 19:00:00,1000.9,24.5,84.0,0.0,0.0,1.8,215.0,0.0,,,,,,,,,,2017-11-06T18:04:00,,,,,,,,,,,,,,,,,,
2017-11-06 20:00:00,1001.6,24.2,86.0,0.0,0.0,1.4,20.0,0.0,,,,,,,,,,2017-11-06T19:26:00,,,,,,,,,,,,,,,,,,
2017-11-06 21:00:00,1001.6,23.4,89.0,0.6,273.0,1.0,298.0,0.0,,,,,,,,,,2017-11-06T20:59:00,,,,,,,,,,,,,,,,,,
2017-11-06 22:00:00,1001.5,23.2,91.0,0.7,94.0,1.1,95.0,0.0,,,,,,,,,,2017-11-06T21:53:00,,,,,,,,,,,,,,,,,,
2017-11-06 23:00:00,1001.5,22.5,92.0,0.9,68.0,1.2,79.0,0.0,,,,,,,,,,2017-11-06T22:03:00,,,,,,,,,,,,,,,,,,
2017-11-07 00:00:00,1001.7,22.0,94.0,0.3,136.0,1.5,65.0,0.0,,,,,,,,,,2017-11-06T23:21:00,,,,,,,,,,,,,,,,,,
2017-11-07 01:00:00,1001.6,21.5,94.0,0.6,103.0,1.4,66.0,0.0,,,,,,,,,,2017-11-07T00:25:00,,,,,,,,,,,,,,,,,,
2017-11-07 02:00:00,1001.2,21.4,95.0,0.7,350.0,1.5,1.0,0.0,,,,,,,,,,2017-11-07T01:54:00,,,,,,,,,,,,,,,,,,
2017-11-07 03:00:00,1001.0,21.0,95.0,0.1,0.0,1.0,102.0,0.0,,,,,,,,,,2017-11-07T02:20:00,,,,,,,,,,,,,,,,,,
2017-11-07 04:00:00,1000.7,20.6,96.0,0.0,0.0,1.1,107.0,0.0,,,,,,,,,,2017-11-07T03:24:00,,,,,,,,,,,,,,,,,,
2017-11-07 05:00:00,1001.0,20.3,96.0,0.8,77.0,1.1,108.0,0.0,,,,,,,,,,2017-11-07T04:22:00,,,,,,,,,,,,,,,,,,
2017-11-07 06:00:00,1001.3,20.3,97.0,0.2,0.0,1.5,70.0,0.0,,,,,,,,,,2017-11-07T05:51:00,,,,,,,,,,,,,,,,,,
2017-11-07 07:00:00,1001.7,20.5,97.0,0.8,353.0,1.4,1.0,0.0,,,,,,,,,,2017-11-07T06:54:00,,,,,,,,,,,,,,,,,,
2017-11-07 08:00:00,1002.0,22.8,87.0,0.6,85.0,2.6,81.0,0.0,,,,,,,,,,2017-11-07T07:41:00,,,,,,,,,,,,,,,,,,
2017-11-07 09:00:00,1002.5,26.4,69.0,0.1,0.0,1.6,340.0,0.0,,,,,,,,,,2017-11-07T08:13:00,,,,,,,,,,,,,,,,,,
2017-11-07 10:00:00,1002.0,28.6,62.0,1.5,170.0,2.8,178.0,0.0,,,,,,,,,,2017-11-07T09:52:00,,,,,,,,,,,,,,,,,,
2017-11-07 11:00:00,1001.2,29.5,62.0,1.7,188.0,3.1,157.0,0.0,,,,,,,,,,2017-11-07T10:48:00,,,,,,,,,,,,,,,,,,
2017-11-07 12:00:00,1000.5,31.6,58.0,1.8,265.0,3.7,244.0,0.0,,,,,,,,,,2017-11-07T11:51:00,,,,,,,,,,,,,,,,,,
2017-11-07 13:00:00,999.9,31.5,55.0,2.6,261.0,4.3,252.0,0.0,,,,,,,,,,2017-11-07T12:07:00,,,,,,,,,,,,,,,,,,
2017-11-07 14:00:00,999.6,31.6,53.0,2.2,287.0,4.5,268.0,0.0,,,,,,,,,,2017-11-07T13:25:00,,,,,,,,,,,,,,,,,,
2017-11-07 15:00:00,999.5,31.0,57.0,2.5,291.0,5.7,282.0,0.0,,,,,,,,,,2017-11-07T14:47:00,,,,,,,,,,,,,,,,,,
2017-11-07 16:00:00,999.4,29.8,60.0,1.0,299.0,5.2,291.0,0.0,,,,,,,,,,2017-11-07T15:04:00,,,,,,,,,,,,,,,,,,
2017-11-07 17:00:00,1000.1,27.5,70.0,1.1,295.0,4.1,301.0,0.0,,,,,,,,,,2017-11-07T16:09:00,,,,,,,,,,,,,,,,,,
2017-11-07 18:00:00,1000.8,26.1,76.0,0.6,280.0,3.0,302.0,0.0,,,,,,,,,,2017-11-07T17:11:00,,,,,,,,,,,,,,,,,,
2017-11-07 19:00:00,1001.2,25.7,79.0,1.0,190.0,1.5,182.0,0.0,,,,,,,,,,2017-11-07T18:53:00,,,,,,,,,,,,,,,,,,
2017-11-07 20:00:00,1001.7,24.6,84.0,1.0,105.0,1.5,108.0,0.0,,,,,,,,,,2017-11-07T19:59:00,,,,,,,,,,,,,,,,,,
2017-11-07 21:00:00,1002.0,23.7,89.0,0.5,333.0,1.3,103.0,0.0,,,,,,,,,,2017-11-07T20:01:00,,,,,,,,,,,,,,,,,,
2017-11-07 22:00:00,1002.2,23.3,89.0,1.0,171.0,1.6,170.0,0.0,,,,,,,,,,2017-11-07T21:54:00,,,,,,,,,,,,,,,,,,
2017-11-07 23:00:00,1002.1,22.6,91.0,0.7,185.0,1.7,212.0,0.0,,,,,,,,,,2017-11-07T22:24:00,,,,,,,,,,,,,,,,,,
2017-11-08 00:00:00,1001.7,22.1,93.0,0.8,86.0,1.2,106.0,0.0,,,,,,,,,,2017-11-07T23:22:00,,,,,,,,,,,,,,,,,,
2017-11-08 01:00:00,1001.4,21.6,94.0,0.4,219.0,1.2,111.0,0.0,,,,,,,,,,2017-11-08T00:13:00,,,,,,,,,,,,,,,,,,
2017-11-08 02:00:00,1001.1,22.0,95.0,0.7,210.0,1.4,215.0,0.0,,,,,,,,,,2017-11-08T01:40:00,,,,,,,,,,,,,,,,,,
2017-11-08 03:00:00,1000.5,21.6,96.0,0.8,11.0,1.6,20.0,0.0,,,,,,,,,,2017-11-08T02:49:00,,,,,,,,,,,,,,,,,,
2017-11-08 04:00:00,1000.1,21.1,96.0,0.0,0.0,,,0.0,,,,,,,,,,,,,,,,,,,,,,,,,,,,
2017-11-08 05:00:00,1000.0,20.9,96.0,0.1,0.0,1.1,341.0,0.0,,,,,,,,,,2017-11-08T04:09:00,,,,,,,,,,,,,,,,,,
2017-11-08 06:00:00,1000.2,20.8,95.0,0.0,0.0,1.1,54.0,0.0,,,,,,,,,,2017-11-08T05:43:00,,,,,,,,,,,,,,,,,,
2017-11-08 07:00:00,1000.9,21.1,95.0,0.6,355.0,0.7,336.0,0.0,,,,,,,,,,2017-11-08T06:50:00,,,,,,,,,,,,,,,,,,
2017-11-08 08:00:00,1001.3,23.3,86.0,0.5,274.0,1.4,291.0,0.0,,,,,,,,,,2017-11-08T07:54:00,,,,,,,,,,,,,,,,,,
2017-11-08 09:00:00,1001.6,26.9,72.0,0.6,174.0,2.0,186.0,0.0,,,,,,,,,,2017-11-08T08:53:00,,,,,,,,,,,,,,,,,,
2017-11-08 10:00:00,1001.5,29.2,65.0,2.1,199.0,4.0,208.0,0.0,,,,,,,,,,2017-11-08T09:57:00,,,,,,,,,,,,,,,,,,
2017-11-08 11:00:00,1000.9,30.8,58.0,2.0,233.0,4.5,209.0,0.0,,,,,,,,,,2017-11-08T10:15:00,,,,,,,,,,,,,,,,,,
2017-11-08 12:00:00,1000.3,31.5,56.0,2.1,224.0,4.5,257.0,0.0,,,,,,,,,,2017-11-08T11:30:00,,,,,,,,,,,,,,,,,,
2017-11-08 13:00:00,999.3,32.0,55.0,2.0,261.0,4.2,214.0,0.0,,,,,,,,,,2017-11-08T12:17:00,,,,,,,,,,,,,,,,,,
2017-11-08 14:00:00,998.6,31.7,53.0,1.4,255.0,3.9,274.0,0.0,,,,,,,,,,2017-11-08T13:30:00,,,,,,,,,,,,,,,,,,
2017-11-08 15:00:00,998.4,31.9,54.0,2.0,254.0,4.3,241.0,0.0,,,,,,,,,,2017-11-08T14:35:00,,,,,,,,,,,,,,,,,,
2017-11-08 16:00:00,998.3,30.8,57.0,1.0,278.0,4.0,264.0,0.0,,,,,,,,,,2017-11-08T15:19:00,,,,,,,,,,,,,,,,,,
2017-11-08 17:00:00,998.5,28.3,69.0,1.5,270.0,3.7,267.0,0.0,,,,,,,,,,2017-11-08T16:52:00,,,,,,,,,,,,,,,,,,
2017-11-08 18:00:00,998.9,26.9,75.0,2.1,192.0,3.5,244.0,0.0,,,,,,,,,,2017-11-08T17:02:00,,,,,,,,,,,,,,,,,,
2017-11-08 19:00:00,999.8,26.1,77.0,1.9,168.0,4.2,171.0,0.0,,,,,,,,,,2017-11-08T18:59:00,,,,,,,,,,,,,,,,,,
2017-11-08 20:00:00,1000.5,25.6,79.0,0.5,233.0,3.2,143.0,0.0,,,,,,,,,,2017-11-08T19:10:00,,,,,,,,,,,,,,,,,,
2017-11-08 21:00:00,1000.6,25.3,81.0,0.6,88.0,1.8,14.0,0.0,,,,,,,,,,2017-11-08T20:24:00,,,,,,,,,,,,,,,,,,
2017-11-08 22:00:00,1000.6,24.6,85.0,0.1,0.0,2.0,146.0,0.0,,,,,,,,,,2017-11-08T21:24:00,,,,,,,,,,,,,,,,,,
2017-11-08 23:00:00,1000.5,23.6,89.0,0.0,0.0,1.4,75.0,0.0,,,,,,,,,,2017-11-08T22:30:00,,,,,,,,,,,,,,,,,,
2017-11-09 00:00:00,1000.3,23.7,91.0,0.9,228.0,1.1,3.0,0.0,,,,,,,,,,2017-11-08T23:16:00,,,,,,,,,,,,,,,,,,
2017-11-09 01:00:00,1000.0,23.7,90.0,0.8,110.0,1.3,86.0,0.0,,,,,,,,,,2017-11-09T00:38:00,,,,,,,,,,,,,,,,,,
2017-11-09 02:00:00,999.6,23.6,91.0,0.0,0.0,1.1,259.0,0.0,,,,,,,,,,2017-11-09T01:46:00,,,,,,,,,,,,,,,,,,
2017-11-09 03:00:00,999.6,23.7,92.0,0.3,283.0,0.9,209.0,0.0,,,,,,,,,,2017-11-09T02:17:00,,,,,,,,,,,,,,,,,,
2017-11-09 04:00:00,999.3,23.7,92.0,0.9,85.0,1.5,80.0,0.0,,,,,,,,,,2017-11-09T03:52:00,,,,,,,,,,,,,,,,,,
2017-11-09 05:00:00,999.3,23.9,91.0,0.3,80.0,1.3,72.0,0.0,,,,,,,,,,2017-11-09T04:09:00,,,,,,,,,,,,,,,,,,
2017-11-09 06:00:00,1000.0,23.8,91.0,0.6,102.0,1.1,113.0,0.0,,,,,,,,,,2017-11-09T05:55:00,,,,,,,,,,,,,,,,,,
2017-11-09 07:00:00,1000.4,24.0,86.0,0.4,79.0,1.6,73.0,0.0,,,,,,,,,,2017-11-09T06:08:00,,,,,,,,,,,,,,,,,,
2017-11-09 08:00:00,1000.7,24.9,88.0,0.7,197.0,1.6,200.0,0.0,,,,,,,,,,2017-11-09T07:27:00,,,,,,,,,,,,,,,,,,
2017-11-09 09:00:00,1001.0,26.6,79.0,1.3,217.0,2.0,188.0,0.0,,,,,,,,,,2017-11-09T08:59:00,,,,,,,,,,,,,,,,,,
2017-11-09 10:00:00,1000.7,29.5,63.0,2.0,200.0,2.9,162.0,0.0,,,,,,,,,,2017-11-09T09:58:00,,,,,,,,,,,,,,,,,,
2017-11-09 11:00:00,1000.3,30.0,60.0,1.6,189.0,4.4,169.0,0.0,,,,,,,,,,2017-11-09T10:42:00,,,,,,,,,,,,,,,,,,
2017-11-09 12:00:00,999.8,30.0,60.0,1.6,255.0,3.9,269.0,0.0,,,,,,,,,,2017-11-09T11:13:00,,,,,,,,,,,,,,,,,,
2017-11-09 13:00:00,998.8,29.8,60.0,1.1,292.0,5.0,254.0,0.0,,,,,,,,,,2017-11-09T12:24:00,,,,,,,,,,,,,,,,,,
2017-11-09 14:00:00,998.7,30.2,61.0,2.7,232.0,4.4,234.0,0.0,,,,,,,,,,2017-11-09T13:53:00,,,,,,,,,,,,,,,,,,
2017-11-09 15:00:00,998.6,29.9,62.0,2.2,245.0,4.5,236.0,0.0,,,,,,,,,,2017-11-09T14:51:00,,,,,,,,,,,,,,,,,,
2017-11-09 16:00:00,998.9,28.7,66.0,2.1,242.0,4.1,228.0,0.0,,,,,,,,,,2017-11-09T15:24:00,,,,,,,,,,,,,,,,,,
2017-11-09 17:00:00,999.4,27.4,70.0,1.1,157.0,3.6,194.0,0.0,,,,,,,,,,2017-11-09T16:04:00,,,,,,,,,,,,,,,,,,
2017-11-09 18:00:00,999.6,26.3,74.0,1.3,128.0,3.1,122.0,0.0,,,,,,,,,,2017-11-09T17:46:00,,,,,,,,,,,,,,,,,,
2017-11-09 19:00:00,1000.0,25.6,77.0,0.8,107.0,2.8,142.0,0.0,,,,,,,,,,2017-11-09T18:04:00,,,,,,,,,,,,,,,,,,
2017-11-09 20:00:00,1000.2,25.2,81.0,0.6,355.0,1.4,327.0,0.0,,,,,,,,,,2017-11-09T19:44:00,,,,,,,,,,,,,,,,,,
2017-11-09 21:00:00,1000.5,24.4,85.0,0.5,33.0,1.3,353.0,0.0,,,,,,,,,,2017-11-09T20:07:00,,,,,,,,,,,,,,,,,,
2017-11-09 22:00:00,1000.6,24.3,85.0,0.9,110.0,1.5,68.0,0.0,,,,,,,,,,2017-11-09T21:20:00,,,,,,,,,,,,,,,,,,
2017-11-09 23:00:00,1000.3,24.6,85.0,0.4,2.0,1.5,90.0,0.0,,,,,,,,,,2017-11-09T22:01:00,,,,,,,,,,,,,,,,,,
2017-11-10 00:00:00,1000.0,24.5,86.0,0.0,0.0,0.9,117.0,0.0,,,,,,,,,,2017-11-09T23:20:00,,,,,,,,,,,,,,,,,,
2017-11-10 01:00:00,1000.0,24.5,85.0,0.7,26.0,1.8,15.0,0.0,,,,,,,,,,2017-11-10T00:36:00,,,,,,,,,,,,,,,,,,
2017-11-10 02:00:00,999.8,24.2,88.0,0.0,0.0,1.4,89.0,0.0,,,,,,,,,,2017-11-10T01:11:00,,,,,,,,,,,,,,,,,,
2017-11-10 03:00:00,999.4,24.2,88.0,0.6,94.0,1.1,115.0,0.0,,,,,,,,,,2017-11-10T02:52:00,,,,,,,,,,,,,,,,,,
2017-11-10 04:00:00,998.9,23.8,88.0,0.6,351.0,1.6,66.0,0.0,,,,,,,,,,2017-11-10T03:10:00,,,,,,,,,,,,,,,,,,
2017-11-10 05:00:00,999.4,22.6,92.0,0.0,0.0,1.2,80.0,0.0,,,,,,,,,,2017-11-10T04:17:00,,,,,,,,,,,,,,,,,,
2017-11-10 06:00:00,1000.2,22.1,93.0,0.8,27.0,1.3,90.0,0.0,,,,,,,,,,2017-11-10T05:32:00,,,,,,,,,,,,,,,,,,
2017-11-10 07:00:00,1000.8,22.3,93.0,0.7,3.0,1.6,75.0,0.0,,,,,,,,,,2017-11-10T06:14:00,,,,,,,,,,,,,,,,,,
2017-11-10 08:00:00,1001.2,24.1,84.0,0.5,351.0,1.5,82.0,0.0,,,,,,,,,,2017-11-10T07:16:00,,,,,,,,,,,,,,,,,,
2017-11-10 09:00:00,1001.5,26.7,73.0,0.4,181.0,1.9,226.0,0.0,,,,,,,,,,2017-11-10T08:48:00,,,,,,,,,,,,,,,,,,
2017-11-10 10:00:00,1000.8,28.4,66.0,0.9,320.0,2.9,281.0,0.0,,,,,,,,,,2017-11-10T09:33:00,,,,,,,,,,,,,,,,,,
2017-11-10 11:00:00,1000.1,29.4,66.0,1.8,240.0,3.4,210.0,0.0,,,,,,,,,,2017-11-10T10:25:00,,,,,,,,,,,,,,,,,,
2017-11-10 12:00:00,999.7,29.0,67.0,0.6,263.0,4.2,232.0,0.0,,,,,,,,,,2017-11-10T11:22:00,,,,,,,,,,,,,,,,,,
2017-11-10 13:00:00,999.0,29.2,67.0,1.8,281.0,3.7,260.0,0.0,,,,,,,,,,2017-11-10T12:56:00,,,,,,,,,,,,,,,,,,
2017-11-10 14:00:00,998.5,28.4,70.0,0.6,304.0,3.8,280.0,0.0,,,,,,,,,,2017-11-10T13:11:00,,,,,,,,,,,,,,,,,,
2017-11-10 15:00:00,998.5,28.0,71.0,1.6,276.0,3.7,294.0,0.0,,,,,,,,,,2017-11-10T14:33:00,,,,,,,,,,,,,,,,,,
2017-11-10 16:00:00,999.0,27.1,75.0,1.5,252.0,3.0,239.0,0.0,,,,,,,,,,2017-11-10T15:14:00,,,,,,,,,,,,,,,,,,
2017-11-10 17:00:00,999.6,26.6,77.0,1.0,195.0,2.1,282.0,0.0,,,,,,,,,,2017-11-10T16:03:00,,,,,,,,,,,,,,,,,,
2017-11-10 18:00:00,999.7,25.7,81.0,0.8,84.0,2.3,163.0,0.0,,,,,,,,,,2017-11-10T17:02:00,,,,,,,,,,,,,,,,,,
2017-11-10 19:00:00,1000.3,25.4,84.0,0.8,244.0,1.2,69.0,0.0,,,,,,,,,,2017-11-10T18:01:00,,,,,,,,,,,,,,,,,,
2017-11-10 20:00:00,1000.6,25.3,82.0,1.1,106.0,1.8,99.0,0.0,,,,,,,,,,2017-11-10T19:56:00,,,,,,,,,,,,,,,,,,
2017-11-10 21:00:00,1000.7,24.8,87.0,0.4,239.0,1.8,70.0,0.0,,,,,,,,,,2017-11-10T20:28:00,,,,,,,,,,,,,,,,,,
2017-11-10 22:00:00,1000.9,24.5,90.0,0.0,0.0,1.3,218.0,0.0,,,,,,,,,,2017-11-10T21:02:00,,,,,,,,,,,,,,,,,,
2017-11-10 23:00:00,1000.4,24.2,91.0,0.2,0.0,1.7,83.0,0.0,,,,,,,,,,2017-11-10T22:30:00,,,,,,,,,,,,,,,,,,
2017-11-11 00:00:00,999.5,24.0,92.0,0.8,92.0,1.6,1.0,0.0,,,,,,,,,,2017-11-10T23:06:00,,,,,,,,,,,,,,,,,,
2017-11-11 01:00:00,999.5,23.9,94.0,0.5,200.0,1.5,190.0,0.0,,,,,,,,,,2017-11-11T00:19:00,,,,,,,,,,,,,,,,,,
2017-11-11 02:00:00,999.2,23.7,95.0,0.8,75.0,1.5,170.0,0.0,,,,,,,,,,2017-11-11T01:17:00,,,,,,,,,,,,,,,,,,
2017-11-11 03:00:00,999.1,23.8,95.0,0.2,0.0,1.2,83.0,0.0,,,,,,,,,,2017-11-11T02:03:00,,,,,,,,,,,,,,,,,,
2017-11-11 04:00:00,999.0,23.5,96.0,0.0,0.0,1.3,115.0,0.0,,,,,,,,,,2017-11-11T03:32:00,,,,,,,,,,,,,,,,,,
2017-11-11 05:00:00,999.0,23.5,96.0,0.3,168.0,1.4,179.0,0.0,,,,,,,,,,2017-11-11T04:46:00,,,,,,,,,,,,,,,,,,
2017-11-11 06:00:00,999.4,23.6,97.0,0.0,0.0,1.1,261.0,0.0,,,,,,,,,,2017-11-11T05:44:00,,,,,,,,,,,,,,,,,,
2017-11-11 07:00:00,999.5,23.6,98.0,0.0,0.0,0.9,340.0,0.0,,,,,,,,,,2017-11-11T06:15:00,,,,,,,,,,,,,,,,,,
2017-11-11 08:00:00,1000.1,24.2,96.0,1.9,214.0,2.7,222.0,0.0,,,,,,,,,,2017-11-11T07:59:00,,,,,,,,,,,,,,,,,,
2017-11-11 09:00:00,1000.6,24.9,91.0,1.1,222.0,3.0,216.0,0.0,,,,,,,,,,2017-11-11T08:05:00,,,,,,,,,,,,,,,,,,
2017-11-11 10:00:00,1000.9,25.2,90.0,1.5,204.0,2.4,178.0,0.0,,,,,,,,,,2017-11-11T09:46:00,,,,,,,,,,,,,,,,,,
2017-11-11 11:00:00,1000.8,25.6,91.0,1.3,246.0,2.6,201.0,0.0,,,,,,,,,,2017-11-11T10:06:00,,,,,,,,,,,,,,,,,,
2017-11-11 12:00:00,1000.2,25.8,90.0,0.5,304.0,2.4,288.0,0.0,,,,,,,,,,2017-11-11T11:45:00,,,,,,,,,,,,,,,,,,
2017-11-11 13:00:00,999.1,26.7,84.0,1.1,259.0,2.3,264.0,0.0,,,,,,,,,,2017-11-11T12:45:00,,,,,,,,,,,,,,,,,,
2017-11-11 14:00:00,998.5,26.7,82.0,1.7,274.0,2.6,294.0,0.0,,,,,,,,,,2017-11-11T13:33:00,,,,,,,,,,,,,,,,,,
2017-11-11 15:00:00,998.4,25.8,85.0,1.1,290.0,3.0,237.0,0.0,,,,,,,,,,2017-11-11T14:01:00,,,,,,,,,,,,,,,,,,
2017-11-11 16:00:00,998.6,25.2,91.0,1.2,228.0,2.1,286.0,0.0,,,,,,,,,,2017-11-11T15:03:00,,,,,,,,,,,,,,,,,,
2017-11-11 17:00:00,998.8,24.4,91.0,0.2,0.0,2.1,224.0,0.0,,,,,,,,,,2017-11-11T16:19:00,,,,,,,,,,,,,,,,,,
2017-11-11 18:00:00,999.0,24.0,92.0,0.9,163.0,1.5,155.0,0.0,,,,,,,,,,2017-11-11T17:45:00,,,,,,,,,,,,,,,,,,
2017-11-11 19:00:00,999.1,23.7,93.0,1.2,182.0,1.9,182.0,0.0,,,,,,,,,,2017-11-11T18:50:00,,,,,,,,,,,,,,,,,,
2017-11-11 20:00:00,999.4,23.3,91.0,0.6,81.0,1.5,99.0,0.0,,,,,,,,,,2017-11-11T19:47:00,,,,,,,,,,,,,,,,,,
2017-11-11 21:00:00,999.7,23.3,93.0,0.6,194.0,0.9,83.0,0.0,,,,,,,,,,2017-11-11T20:28:00,,,,,,,,,,,,,,,,,,
2017-11-11 22:00:00,999.7,23.2,95.0,0.2,0.0,1.0,205.0,0.0,,,,,,,,,,2017-11-11T21:02:00,,,,,,,,,,,,,,,,,,
2017-11-11 23:00:00,999.5,22.9,96.0,0.6,214.0,2.1,176.0,0.0,,,,,,,,,,2017-11-11T22:25:00,,,,,,,,,,,,,,,,,,
2017-11-12 00:00:00,999.2,22.7,97.0,1.1,183.0,1.6,213.0,0.0,,,,,,,,,,2017-11-11T23:41:00,,,,,,,,,,,,,,,,,,
2017-11-12 01:00:00,999.3,22.5,98.0,0.8,168.0,2.2,216.0,0.0,,,,,,,,,,2017-11-12T00:15:00,,,,,,,,,,,,,,,,,,
2017-11-12 02:00:00,999.0,22.6,98.0,0.4,104.0,1.2,168.0,0.5,,,,,,,,,,2017-11-12T01:03:00,,,,,,,,,,,,,,,,,,
2017-11-12 03:00:00,998.6,22.7,98.0,0.1,0.0,1.7,98.0,2.0,,,,,,,,,,2017-11-12T02:16:00,,,,,,,,,,,,,,,,,,
2017-11-12 04:00:00,998.0,22.8,99.0,0.0,0.0,1.1,33.0,1.5,,,,,,,,,,2017-11-12T03:02:00,,,,,,,,,,,,,,,,,,
2017-11-12 05:00:00,997.8,22.7,99.0,1.5,226.0,1.9,231.0,0.5,,,,,,,,,,2017-11-12T04:58:00,,,,,,,,,,,,,,,,,,
2017-11-12 06:00:00,998.4,22.7,99.0,0.0,0.0,1.7,227.0,0.0,,,,,,,,,,2017-11-12T05:01:00,,,,,,,,,,,,,,,,,,
2017-11-12 07:00:00,998.7,22.8,99.0,0.8,70.0,2.2,58.0,0.5,,,,,,,,,,2017-11-12T06:21:00,,,,,,,,,,,,,,,,,,
2017-11-12 08:00:00,999.6,23.1,99.0,1.9,213.0,2.6,206.0,0.0,,,,,,,,,,2017-11-12T07:59:00,,,,,,,,,,,,,,,,,,
2017-11-12 09:00:00,1000.2,23.0,98.0,1.6,214.0,2.9,197.0,0.0,,,,,,,,,,2017-11-12T08:02:00,,,,,,,,,,,,,,,,,,
2017-11-12 10:00:00,1000.3,23.3,95.0,1.1,185.0,2.7,186.0,0.0,,,,,,,,,,2017-11-12T09:08:00,,,,,,,,,,,,,,,,,,
2017-11-12 11:00:00,999.5,23.9,93.0,0.3,238.0,2.1,223.0,0.0,,,,,,,,,,2017-11-12T10:22:00,,,,,,,,,,,,,,,,,,
2017-11-12 12:00:00,998.8,25.4,92.0,2.0,215.0,3.3,214.0,0.5,,,,,,,,,,2017-11-12T12:00:00,,,,,,,,,,,,,,,,,,
2017-11-12 13:00:00,997.9,25.6,87.0,1.5,209.0,3.1,211.0,0.0,,,,,,,,,,2017-11-12T12:01:00,,,,,,,,,,,,,,,,,,
2017-11-12 14:00:00,997.4,26.6,82.0,2.4,223.0,4.0,209.0,0.0,,,,,,,,,,2017-11-12T13:56:00,,,,,,,,,,,,,,,,,,
2017-11-12 15:00:00,997.3,26.0,82.0,1.9,208.0,3.7,226.0,0.0,,,,,,,,,,2017-11-12T14:10:00,,,,,,,,,,,,,,,,,,
2017-11-12 16:00:00,997.4,25.5,83.0,0.8,271.0,2.6,236.0,0.0,,,,,,,,,,2017-11-12T15:01:00,,,,,,,,,,,,,,,,,,
2017-11-12 17:00:00,997.6,24.2,90.0,0.5,310.0,3.4,280.0,0.0,,,,,,,,,,2017-11-12T16:49:00,,,,,,,,,,,,,,,,,,
2017-11-12 18:00:00,998.0,23.9,92.0,0.5,279.0,2.2,288.0,0.0,,,,,,,,,,2017-11-12T17:04:00,,,,,,,,,,,,,,,,,,
2017-11-12 19:00:00,998.6,23.6,93.0,0.6,270.0,1.2,221.0,0.0,,,,,,,,,,2017-11-12T18:12:00,,,,,,,,,,,,,,,,,,
2017-11-12 20:00:00,999.1,23.6,95.0,0.0,0.0,1.8,222.0,0.0,,,,,,,,,,2017-11-12T19:35:00,,,,,,,,,,,,,,,,,,
2017-11-12 21:00:00,999.4,23.3,96.0,1.2,194.0,1.9,181.0,0.0,,,,,,,,,,2017-11-12T20:57:00,,,,,,,,,,,,,,,,,,
2017-11-12 22:00:00,999.6,23.2,96.0,0.9,238.0,1.4,195.0,0.0,,,,,,,,,,2017-11-12T21:03:00,,,,,,,,,,,,,,,,,,
2017-11-12 23:00:00,999.3,23.3,97.0,0.2,0.0,0.8,241.0,0.0,,,,,,,,,,2017-11-12T22:01:00,,,,,,,,,,,,,,,,,,
2017-11-13 00:00:00,998.9,23.1,97.0,0.2,0.0,2.2,214.0,0.0,,,,,,,,,,2017-11-12T23:49:00,,,,,,,,,,,,,,,,,,
2017-11-13 01:00:00,998.4,23.0,98.0,0.4,224.0,1.7,167.0,0.0,,,,,,,,,,2017-11-13T00:06:00,,,,,,,,,,,,,,,,,,
2017-11-13 02:00:00,997.8,23.1,98.0,0.0,0.0,1.7,222.0,0.0,,,,,,,,,,2017-11-13T01:05:00,,,,,,,,,,,,,,,,,,
2017-11-13 03:00:00,997.6,23.1,99.0,0.7,58.0,1.3,105.0,0.0,,,,,,,,,,2017-11-13T02:09:00,,,,,,,,,,,,,,,,,,
2017-11-13 04:00:00,997.2,23.0,99.0,0.3,320.0,1.5,92.0,0.0,,,,,,,,,,2017-11-13T03:09:00,,,,,,,,,,,,,,,,,,
2017-11-13 05:00:00,997.2,23.0,99.0,0.5,76.0,1.1,77.0,0.0,,,,,,,,,,2017-11-13T04:53:00,,,,,,,,,,,,,,,,,,
2017-11-13 06:00:00,997.8,23.0,99.0,0.9,207.0,1.9,192.0,0.0,,,,,,,,,,2017-11-13T05:48:00,,,,,,,,,,,,,,,,,,
2017-11-13 07:00:00,998.2,22.1,99.0,1.6,199.0,3.3,205.0,0.0,,,,,,,,,,2017-11-13T06:49:00,,,,,,,,,,,,,,,,,,
2017-11-13 08:00:00,998.9,22.5,99.0,0.4,112.0,3.1,204.0,0.0,,,,,,,,,,2017-11-13T07:06:00,,,,,,,,,,,,,,,,,,
2017-11-13 09:00:00,999.4,24.7,93.0,0.7,239.0,1.8,150.0,0.0,,,,,,,,,,2017-11-13T08:17:00,,,,,,,,,,,,,,,,,,
2017-11-13 10:00:00,999.3,27.1,78.0,1.4,222.0,2.8,223.0,0.0,,,,,,,,,,2017-11-13T09:59:00,,,,,,,,,,,,,,,,,,
2017-11-13 11:00:00,999.0,27.9,76.0,1.6,214.0,3.5,239.0,0.0,,,,,,,,,,2017-11-13T10:39:00,,,,,,,,,,,,,,,,,,
2017-11-13 12:00:00,998.2,27.8,76.0,2.2,233.0,4.1,245.0,0.0,,,,,,,,,,2017-11-13T11:59:00,,,,,,,,,,,,,,,,,,
2017-11-13 13:00:00,997.3,26.7,81.0,0.9,301.0,4.9,236.0,0.0,,,,,,,,,,2017-11-13T12:04:00,,,,,,,,,,,,,,,,,,
2017-11-13 14:00:00,996.6,26.8,78.0,1.7,244.0,2.8,252.0,0.0,,,,,,,,,,2017-11-13T14:00:00,,,,,,,,,,,,,,,,,,
2017-11-13 15:00:00,996.3,26.7,78.0,0.9,226.0,2.7,270.0,0.0,,,,,,,,,,2017-11-13T14:03:00,,,,,,,,,,,,,,,,,,
2017-11-13 16:00:00,996.4,26.3,81.0,1.7,171.0,2.6,161.0,0.0,,,,,,,,,,2017-11-13T15:57:00,,,,,,,,,,,,,,,,,,
2017-11-13 17:00:00,996.8,25.4,86.0,0.9,250.0,2.2,178.0,0.0,,,,,,,,,,2017-11-13T16:02:00,,,,,,,,,,,,,,,,,,
2017-11-13 18:00:00,997.6,24.9,89.0,0.8,187.0,1.8,194.0,0.0,,,,,,,,,,2017-11-13T17:36:00,,,,,,,,,,,,,,,,,,
2017-11-13 19:00:00,998.3,24.8,89.0,0.4,113.0,1.4,163.0,0.0,,,,,,,,,,2017-11-13T18:44:00,,,,,,,,,,,,,,,,,,
2017-11-13 20:00:00,998.4,24.3,92.0,0.0,0.0,1.3,2.0,0.0,,,,,,,,,,2017-11-13T19:33:00,,,,,,,,,,,,,,,,,,
2017-11-13 21:00:00,998.7,23.6,95.0,0.4,184.0,1.1,228.0,0.0,,,,,,,,,,2017-11-13T20:40:00,,,,,,,,,,,,,,,,,,
2017-11-13 22:00:00,999.0,23.0,96.0,0.9,77.0,1.5,65.0,0.0,,,,,,,,,,2017-11-13T21:39:00,,,,,,,,,,,,,,,,,,
2017-11-13 23:00:00,998.7,23.0,96.0,1.0,350.0,1.9,61.0,0.0,,,,,,,,,,2017-11-13T22:11:00,,,,,,,,,,,,,,,,,,
2017-11-14 00:00:00,998.7,22.9,96.0,0.0,0.0,1.4,20.0,0.0,,,,,,,,,,2017-11-13T23:03:00,,,,,,,,,,,,,,,,,,
2017-11-14 01:00:00,998.6,23.1,96.0,0.1,0.0,2.4,52.0,0.0,,,,,,,,,,2017-11-14T00:29:00,,,,,,,,,,,,,,,,,,
2017-11-14 02:00:00,998.4,22.9,97.0,0.3,212.0,1.5,195.0,0.0,,,,,,,,,,2017-11-14T01:13:00,,,,,,,,,,,,,,,,,,
2017-11-14 03:00:00,998.3,22.9,98.0,0.4,76.0,1.1,231.0,0.0,,,,,,,,,,2017-11-14T02:07:00,,,,,,,,,,,,,,,,,,
2017-11-14 04:00:00,998.3,22.7,98.0,0.3,220.0,1.4,88.0,0.0,,,,,,,,,,2017-11-14T03:30:00,,,,,,,,,,,,,,,,,,
2017-11-14 05:00:00,998.5,22.5,99.0,0.8,291.0,1.6,289.0,0.0,,,,,,,,,,2017-11-14T04:54:00,,,,,,,,,,,,,,,,,,
2017-11-14 06:00:00,999.2,22.5,99.0,0.3,290.0,1.1,139.0,0.0,,,,,,,,,,2017-11-14T05:36:00,,,,,,,,,,,,,,,,,,
2017-11-14 07:00:00,999.9,22.8,99.0,0.9,196.0,1.4,188.0,0.0,,,,,,,,,,2017-11-14T06:51:00,,,,,,,,,,,,,,,,,,
2017-11-14 08:00:00,1000.9,23.3,99.0,0.8,216.0,1.5,212.0,0.0,,,,,,,,,,2017-11-14T07:04:00,,,,,,,,,,,,,,,,,,
2017-11-14 09:00:00,1001.1,25.1,90.0,0.9,278.0,1.7,284.0,0.0,,,,,,,,,,2017-11-14T08:55:00,,,,,,,,,,,,,,,,,,
2017-11-14 10:00:00,1000.9,26.8,79.0,1.2,269.0,2.9,268.0,0.0,,,,,,,,,,2017-11-14T09:46:00,,,,,,,,,,,,,,,,,,
2017-11-14 11:00:00,1000.3,29.1,69.0,2.3,208.0,3.9,206.0,0.0,,,,,,,,,,2017-11-14T10:32:00,,,,,,,,,,,,,,,,,,
2017-11-14 12:00:00,999.4,29.5,68.0,2.1,216.0,5.0,194.0,0.0,,,,,,,,,,2017-11-14T11:34:00,,,,,,,,,,,,,,,,,,
2017-11-14 13:00:00,998.4,28.3,72.0,2.1,252.0,4.4,241.0,0.0,,,,,,,,,,2017-11-14T12:11:00,,,,,,,,,,,,,,,,,,
2017-11-14 14:00:00,997.8,29.7,65.0,1.6,267.0,4.5,272.0,0.0,,,,,,,,,,2017-11-14T13:30:00,,,,,,,,,,,,,,,,,,
2017-11-14 15:00:00,997.6,30.0,64.0,2.3,255.0,4.4,266.0,0.0,,,,,,,,,,2017-11-14T14:20:00,,,,,,,,,,,,,,,,,,
2017-11-14 16:00:00,997.9,28.5,71.0,1.9,276.0,4.8,295.0,0.0,,,,,,,,,,2017-11-14T15:49:00,,,,,,,,,,,,,,,,,,
2017-11-14 17:00:00,998.3,27.0,76.0,1.4,288.0,5.1,266.0,0.0,,,,,,,,,,2017-11-14T16:07:00,,,,,,,,,,,,,,,,,,
2017-11-14 18:00:00,998.9,25.4,81.0,1.3,207.0,3.2,265.0,0.0,,,,,,,,,,2017-11-14T17:01:00,,,,,,,,,,,,,,,,,,
2017-11-14 19:00:00,999.8,24.6,85.0,1.1,215.0,2.8,245.0,0.0,,,,,,,,,,2017-11-14T18:01:00,,,,,,,,,,,,,,,,,,
2017-11-14 20:00:00,1000.1,23.9,88.0,0.5,131.0,2.0,167.0,0.0,,,,,,,,,,2017-11-14T19:11:00,,,,,,,,,,,,,,,,,,
2017-11-14 21:00:00,1000.5,23.4,92.0,0.2,0.0,1.1,91.0,0.0,,,,,,,,,,2017-11-14T20:46:00,,,,,,,,,,,,,,,,,,
2017-11-14 22:00:00,1000.7,23.6,93.0,0.6,206.0,1.8,197.0,0.0,,,,,,,,,,2017-11-14T21:34:00,,,,,,,,,,,,,,,,,,
2017-11-14 23:00:00,1000.6,23.6,93.0,0.4,284.0,1.5,350.0,0.0,,,,,,,,,,2017-11-14T22:42:00,,,,,,,,,,,,,,,,,,
2017-11-15 00:00:00,1000.7,23.7,93.0,0.4,65.0,1.5,104.0,0.0,,,,,,,,,,2017-11-14T23:41:00,,,,,,,,,,,,,,,,,,
2017-11-15 01:00:00,1000.3,23.6,93.0,0.3,85.0,1.9,348.0,0.0,,,,,,,,,,2017-11-15T00:20:00,,,,,,,,,,,,,,,,,,
2017-11-15 02:00:00,1000.0,23.4,95.0,0.9,137.0,1.2,123.0,0.0,,,,,,,,,,2017-11-15T01:58:00,,,,,,,,,,,,,,,,,,
2017-11-15 03:00:00,999.8,23.5,94.0,0.9,343.0,1.5,7.0,0.0,,,,,,,,,,2017-11-15T02:58:00,,,,,,,,,,,,,,,,,,
2017-11-15 04:00:00,999.8,23.4,94.0,1.0,84.0,1.4,344.0,0.0,,,,,,,,,,2017-11-15T03:01:00,,,,,,,,,,,,,,,,,,
2017-11-15 05:00:00,999.9,23.4,91.0,1.0,79.0,1.8,64.0,0.0,,,,,,,,,,2017-11-15T04:36:00,,,,,,,,,,,,,,,,,,
2017-11-15 06:00:00,1000.5,22.6,91.0,0.0,0.0,1.9,35.0,0.0,,,,,,,,,,2017-11-15T05:03:00,,,,,,,,,,,,,,,,,,
2017-11-15 07:00:00,1001.1,22.4,93.0,0.9,20.0,1.5,4.0,0.0,,,,,,,,,,2017-11-15T06:51:00,,,,,,,,,,,,,,,,,,
2017-11-15 08:00:00,1001.7,23.9,83.0,1.3,74.0,2.4,15.0,0.0,,,,,,,,,,2017-11-15T07:01:00,,,,,,,,,,,,,,,,,,
2017-11-15 09:00:00,1001.7,26.9,70.0,0.7,115.0,2.7,69.0,0.0,,,,,,,,,,2017-11-15T08:07:00,,,,,,,,,,,,,,,,,,
2017-11-15 10:00:00,1001.7,27.5,72.0,1.5,235.0,2.6,260.0,0.0,,,,,,,,,,2017-11-15T09:50:00,,,,,,,,,,,,,,,,,,
2017-11-15 11:00:00,1001.8,25.8,80.0,1.7,270.0,3.7,291.0,0.0,,,,,,,,,,2017-11-15T10:34:00,,,,,,,,,,,,,,,,,,
2017-11-15 12:00:00,1001.1,26.8,73.0,0.2,0.0,3.3,268.0,0.0,,,,,,,,,,2017-11-15T11:03:00,,,,,,,,,,,,,,,,,,
2017-11-15 13:00:00,1000.1,27.4,73.0,1.1,243.0,2.2,83.0,0.0,,,,,,,,,,2017-11-15T12:14:00,,,,,,,,,,,,,,,,,,
2017-11-15 14:00:00,999.8,28.9,66.0,1.1,193.0,2.4,90.0,0.0,,,,,,,,,,2017-11-15T14:00:00,,,,,,,,,,,,,,,,,,
2017-11-15 15:00:00,999.4,28.9,66.0,0.7,320.0,2.3,11.0,0.0,,,,,,,,,,2017-11-15T14:05:00,,,,,,,,,,,,,,,,,,
2017-11-15 16:00:00,999.2,27.9,69.0,0.5,69.0,2.2,354.0,0.0,,,,,,,,,,2017-11-15T15:17:00,,,,,,,,,,,,,,,,,,
2017-11-15 17:00:00,999.5,27.1,75.0,0.8,276.0,1.9,279.0,0.0,,,,,,,,,,2017-11-15T16:06:00,,,,,,,,,,,,,,,,,,
2017-11-15 18:00:00,999.9,24.9,86.0,0.5,76.0,1.4,151.0,0.0,,,,,,,,,,2017-11-15T17:31:00,,,,,,,,,,,,,,,,,,
2017-11-15 19:00:00,1000.6,24.0,89.0,1.1,65.0,2.0,89.0,0.0,,,,,,,,,,2017-11-15T18:40:00,,,,,,,,,,,,,,,,,,
2017-11-15 20:00:00,1001.3,23.6,89.0,0.4,305.0,2.2,57.0,0.0,,,,,,,,,,2017-11-15T19:46:00,,,,,,,,,,,,,,,,,,
2017-11-15 21:00:00,1001.5,23.1,91.0,0.3,32.0,1.6,350.0,0.0,,,,,,,,,,2017-11-15T20:28:00,,,,,,,,,,,,,,,,,,
2017-11-15 22:00:00,1001.8,22.8,92.0,0.9,52.0,2.5,58.0,0.0,,,,,,,,,,2017-11-15T21:36:00,,,,,,,,,,,,,,,,,,
2017-11-15 23:00:00,1001.7,22.7,92.0,0.8,55.0,2.4,76.0,0.0,,,,,,,,,,2017-11-15T22:15:00,,,,,,,,,,,,,,,,,,
2017-11-16 00:00:00,1001.3,22.3,93.0,1.6,61.0,2.9,76.0,0.0,,,,,,,,,,2017-11-15T23:54:00,,,,,,,,,,,,,,,,,,
2017-11-16 01:00:00,1001.0,22.2,92.0,1.2,52.0,2.4,50.0,0.0,,,,,,,,,,2017-11-16T00:02:00,,,,,,,,,,,,,,,,,,
2017-11-16 02:00:00,1000.5,21.8,94.0,1.0,12.0,2.4,70.0,0.0,,,,,,,,,,2017-11-16T01:27:00,,,,,,,,,,,,,,,,,,
2017-11-16 03:00:00,1000.4,21.5,94.0,1.2,41.0,2.3,70.0,0.0,,,,,,,,,,2017-11-16T02:59:00,,,,,,,,,,,,,,,,,,
2017-11-16 04:00:00,1000.5,21.1,93.0,1.2,73.0,2.2,93.0,0.0,,,,,,,,,,2017-11-16T03:27:00,,,,,,,,,,,,,,,,,,
2017-11-16 05:00:00,1000.2,21.0,92.0,0.8,47.0,2.4,81.0,0.0,,,,,,,,,,2017-11-16T04:12:00,,,,,,,,,,,,,,,,,,
2017-11-16 06:00:00,1000.6,20.8,92.0,1.3,56.0,2.0,72.0,0.0,,,,,,,,,,2017-11-16T06:00:00,,,,,,,,,,,,,,,,,,
2017-11-16 07:00:00,1001.3,21.0,93.0,0.1,0.0,2.2,54.0,0.0,,,,,,,,,,2017-11-16T06:04:00,,,,,,,,,,,,,,,,,,
2017-11-16 08:00:00,1001.8,22.5,88.0,0.0,0.0,1.8,185.0,0.0,,,,,,,,,,2017-11-16T07:31:00,,,,,,,,,,,,,,,,,,
2017-11-16 09:00:00,1002.1,26.0,69.0,0.5,264.0,1.7,64.0,0.0,,,,,,,,,,2017-11-16T08:15:00,,,,,,,,,,,,,,,,,,
2017-11-16 10:00:00,1002.0,27.9,64.0,1.0,266.0,2.6,280.0,0.0,,,,,,,,,,2017-11-16T09:34:00,,,,,,,,,,,,,,,,,,
2017-11-16 11:00:00,1001.2,29.7,60.0,0.9,191.0,3.8,203.0,0.0,,,,,,,,,,2017-11-16T10:32:00,,,,,,,,,,,,,,,,,,
2017-11-16 12:00:00,999.8,30.9,57.0,1.8,241.0,3.8,262.0,0.0,,,,,,,,,,2017-11-16T11:21:00,,,,,,,,,,,,,,,,,,
2017-11-16 13:00:00,998.9,31.2,61.0,2.8,247.0,4.7,261.0,0.0,,,,,,,,,,2017-11-16T12:59:00,,,,,,,,,,,,,,,,,,
2017-11-16 14:00:00,998.3,31.5,56.0,1.9,276.0,4.7,277.0,0.0,,,,,,,,,,2017-11-16T13:43:00,,,,,,,,,,,,,,,,,,
2017-11-16 15:00:00,998.1,30.9,55.0,2.1,263.0,4.4,287.0,0.0,,,,,,,,,,2017-11-16T14:20:00,,,,,,,,,,,,,,,,,,
2017-11-16 16:00:00,998.0,29.6,65.0,2.8,221.0,4.9,219.0,0.0,,,,,,,,,,2017-11-16T15:55:00,,,,,,,,,,,,,,,,,,
2017-11-16 17:00:00,998.5,27.4,72.0,3.0,224.0,4.5,210.0,0.0,,,,,,,,,,2017-11-16T16:57:00,,,,,,,,,,,,,,,,,,
2017-11-16 18:00:00,999.1,26.1,76.0,2.0,237.0,4.5,246.0,0.0,,,,,,,,,,2017-11-16T17:07:00,,,,,,,,,,,,,,,,,,
2017-11-16 19:00:00,999.8,25.4,78.0,1.5,203.0,3.3,259.0,0.0,,,,,,,,,,2017-11-16T18:27:00,,,,,,,,,,,,,,,,,,
2017-11-16 20:00:00,1000.2,25.0,81.0,0.7,126.0,2.0,153.0,0.0,,,,,,,,,,2017-11-16T19:24:00,,,,,,,,,,,,,,,,,,
2017-11-16 21:00:00,1000.5,24.4,84.0,0.5,160.0,1.3,93.0,0.0,,,,,,,,,,2017-11-16T20:14:00,,,,,,,,,,,,,,,,,,
2017-11-16 22:00:00,1000.6,23.3,89.0,1.1,77.0,1.7,74.0,0.0,,,,,,,,,,2017-11-16T21:51:00,,,,,,,,,,,,,,,,,,
2017-11-16 23:00:00,1000.0,22.9,90.0,0.3,22.0,1.6,58.0,0.0,,,,,,,,,,2017-11-16T22:02:00,,,,,,,,,,,,,,,,,,
2017-11-17 00:00:00,999.5,22.7,91.0,1.5,70.0,3.0,77.0,0.0,,,,,,,,,,2017-11-16T23:54:00,,,,,,,,,,,,,,,,,,
2017-11-17 01:00:00,999.0,22.6,91.0,1.3,46.0,2.6,59.0,0.0,,,,,,,,,,2017-11-17T01:00:00,,,,,,,,,,,,,,,,,,
2017-11-17 02:00:00,998.6,22.1,91.0,0.6,91.0,3.4,57.0,0.0,,,,,,,,,,2017-11-17T01:15:00,,,,,,,,,,,,,,,,,,
2017-11-17 03:00:00,998.3,21.6,92.0,0.7,105.0,1.9,78.0,0.0,,,,,,,,,,2017-11-17T02:19:00,,,,,,,,,,,,,,,,,,
2017-11-17 04:00:00,998.2,21.3,93.0,0.3,37.0,1.2,38.0,0.0,,,,,,,,,,2017-11-17T03:38:00,,,,,,,,,,,,,,,,,,
2017-11-17 05:00:00,998.2,20.7,94.0,0.5,35.0,0.8,35.0,0.0,,,,,,,,,,2017-11-17T04:16:00,,,,,,,,,,,,,,,,,,
2017-11-17 06:00:00,998.7,20.5,95.0,0.0,0.0,0.9,35.0,0.0,,,,,,,,,,2017-11-17T05:08:00,,,,,,,,,,,,,,,,,,
2017-11-17 07:00:00,999.1,20.8,95.0,0.9,46.0,1.3,66.0,0.0,,,,,,,,,,2017-11-17T06:59:00,,,,,,,,,,,,,,,,,,
2017-11-17 08:00:00,999.4,22.9,84.0,1.4,74.0,2.2,72.0,0.0,,,,,,,,,,2017-11-17T07:56:00,,,,,,,,,,,,,,,,,,
2017-11-17 09:00:00,999.4,25.9,67.0,1.3,23.0,2.5,53.0,0.0,,,,,,,,,,2017-11-17T08:48:00,,,,,,,,,,,,,,,,,,
2017-11-17 10:00:00,999.0,28.3,59.0,0.5,353.0,2.6,1.0,0.0,,,,,,,,,,2017-11-17T09:03:00,,,,,,,,,,,,,,,,,,
2017-11-17 11:00:00,998.2,30.8,54.0,1.4,290.0,2.6,294.0,0.0,,,,,,,,,,2017-11-17T10:56:00,,,,,,,,,,,,,,,,,,
2017-11-17 12:00:00,997.2,31.1,52.0,1.1,286.0,2.9,256.0,0.0,,,,,,,,,,2017-11-17T11:13:00,,,,,,,,,,,,,,,,,,
2017-11-17 13:00:00,995.8,32.1,47.0,0.7,271.0,3.4,203.0,0.0,,,,,,,,,,2017-11-17T12:49:00,,,,,,,,,,,,,,,,,,
2017-11-17 14:00:00,995.1,32.3,50.0,2.6,237.0,5.1,220.0,0.0,,,,,,,,,,2017-11-17T13:23:00,,,,,,,,,,,,,,,,,,
2017-11-17 15:00:00,994.8,31.4,54.0,1.8,223.0,4.6,217.0,0.0,,,,,,,,,,2017-11-17T14:35:00,,,,,,,,,,,,,,,,,,
2017-11-17 16:00:00,994.9,29.6,63.0,2.7,234.0,5.1,230.0,0.0,,,,,,,,,,2017-11-17T15:48:00,,,,,,,,,,,,,,,,,,
2017-11-17 17:00:00,995.4,27.8,65.0,1.9,233.0,4.4,230.0,0.0,,,,,,,,,,2017-11-17T16:09:00,,,,,,,,,,,,,,,,,,
2017-11-17 18:00:00,996.0,26.3,72.0,1.4,205.0,3.4,234.0,0.0,,,,,,,,,,2017-11-17T17:18:00,,,,,,,,,,,,,,,,,,
2017-11-17 19:00:00,996.3,24.6,81.0,1.0,84.0,2.2,201.0,0.0,,,,,,,,,,2017-11-17T18:03:00,,,,,,,,,,,,,,,,,,
2017-11-17 20:00:00,996.7,24.0,84.0,1.3,83.0,1.8,73.0,0.0,,,,,,,,,,2017-11-17T19:59:00,,,,,,,,,,,,,,,,,,
2017-11-17 21:00:00,997.0,23.6,85.0,1.5,64.0,2.4,60.0,0.0,,,,,,,,,,2017-11-17T20:49:00,,,,,,,,,,,,,,,,,,
2017-11-17 22:00:00,997.1,23.1,88.0,0.8,23.0,2.6,54.0,0.0,,,,,,,,,,2017-11-17T21:15:00,,,,,,,,,,,,,,,,,,
2017-11-17 23:00:00,997.1,23.4,86.0,1.4,64.0,2.3,71.0,0.0,,,,,,,,,,2017-11-17T23:00:00,,,,,,,,,,,,,,,,,,
2017-11-18 00:00:00,996.7,23.4,86.0,1.0,33.0,2.5,65.0,0.0,,,,,,,,,,2017-11-17T23:04:00,,,,,,,,,,,,,,,,,,
2017-11-18 01:00:00,996.6,23.5,86.0,1.3,54.0,2.2,46.0,0.0,,,,,,,,,,2017-11-18T00:58:00,,,,,,,,,,,,,,,,,,
2017-11-18 02:00:00,996.3,23.4,86.0,1.2,63.0,2.4,70.0,0.0,,,,,,,,,,2017-11-18T01:29:00,,,,,,,,,,,,,,,,,,
2017-11-18 03:00:00,995.9,23.8,84.0,1.5,17.0,2.6,52.0,0.0,,,,,,,,,,2017-11-18T02:45:00,,,,,,,,,,,,,,,,,,
2017-11-18 04:00:00,996.0,23.2,85.0,0.5,93.0,2.8,51.0,0.0,,,,,,,,,,2017-11-18T03:16:00,,,,,,,,,,,,,,,,,,
2017-11-18 05:00:00,996.1,22.5,89.0,0.8,37.0,1.6,71.0,0.0,,,,,,,,,,2017-11-18T04:21:00,,,,,,,,,,,,,,,,,,
2017-11-18 06:00:00,996.4,23.1,80.0,1.5,16.0,3.3,352.0,0.0,,,,,,,,,,2017-11-18T05:51:00,,,,,,,,,,,,,,,,,,
2017-11-18 07:00:00,996.5,23.6,75.0,1.9,9.0,3.6,14.0,0.0,,,,,,,,,,2017-11-18T06:40:00,,,,,,,,,,,,,,,,,,
2017-11-18 08:00:00,996.5,25.5,66.0,2.3,51.0,4.1,19.0,0.0,,,,,,,,,,2017-11-18T07:33:00,,,,,,,,,,,,,,,,,,
2017-11-18 09:00:00,996.9,28.3,57.0,1.7,46.0,4.9,75.0,0.0,,,,,,,,,,2017-11-18T08:10:00,,,,,,,,,,,,,,,,,,
2017-11-18 10:00:00,997.0,31.1,52.0,2.8,279.0,4.9,293.0,0.0,,,,,,,,,,2017-11-18T09:56:00,,,,,,,,,,,,,,,,,,
2017-11-18 11:00:00,996.6,30.9,55.0,1.4,335.0,6.1,2.0,0.0,,,,,,,,,,2017-11-18T10:49:00,,,,,,,,,,,,,,,,,,
2017-11-18 12:00:00,995.9,31.5,51.0,2.2,336.0,6.1,36.0,0.0,,,,,,,,,,2017-11-18T11:27:00,,,,,,,,,,,,,,,,,,
2017-11-18 13:00:00,994.9,32.0,51.0,1.2,343.0,5.6,276.0,0.0,,,,,,,,,,2017-11-18T12:28:00,,,,,,,,,,,,,,,,,,
2017-11-18 14:00:00,994.4,31.8,51.0,1.3,342.0,4.2,350.0,0.0,,,,,,,,,,2017-11-18T13:12:00,,,,,,,,,,,,,,,,,,
2017-11-18 15:00:00,994.5,30.4,62.0,3.1,286.0,5.6,286.0,0.0,,,,,,,,,,2017-11-18T14:53:00,,,,,,,,,,,,,,,,,,
2017-11-18 16:00:00,995.1,28.9,64.0,3.2,278.0,5.4,275.0,0.0,,,,,,,,,,2017-11-18T15:58:00,,,,,,,,,,,,,,,,,,
2017-11-18 17:00:00,995.9,26.6,69.0,1.6,231.0,6.7,291.0,0.0,,,,,,,,,,2017-11-18T16:02:00,,,,,,,,,,,,,,,,,,
2017-11-18 18:00:00,996.8,25.5,73.0,1.9,187.0,3.3,198.0,0.0,,,,,,,,,,2017-11-18T17:59:00,,,,,,,,,,,,,,,,,,
2017-11-18 19:00:00,997.5,24.2,77.0,2.0,198.0,3.7,185.0,0.0,,,,,,,,,,2017-11-18T18:19:00,,,,,,,,,,,,,,,,,,
2017-11-18 20:00:00,998.5,22.9,79.0,1.9,190.0,3.3,205.0,0.0,,,,,,,,,,2017-11-18T19:24:00,,,,,,,,,,,,,,,,,,
2017-11-18 21:00:00,999.0,22.5,81.0,1.2,173.0,3.1,198.0,0.0,,,,,,,,,,2017-11-18T20:04:00,,,,,,,,,,,,,,,,,,
2017-11-18 22:00:00,999.7,21.7,83.0,1.1,192.0,2.4,207.0,0.0,,,,,,,,,,2017-11-18T21:33:00,,,,,,,,,,,,,,,,,,
2017-11-18 23:00:00,1000.0,21.0,85.0,1.8,192.0,3.0,189.0,0.0,,,,,,,,,,2017-11-18T22:58:00,,,,,,,,,,,,,,,,,,
2017-11-19 00:00:00,1000.0,20.5,86.0,0.8,203.0,2.4,194.0,0.0,,,,,,,,,,2017-11-18T23:33:00,,,,,,,,,,,,,,,,,,
2017-11-19 01:00:00,1000.3,20.3,87.0,1.2,189.0,2.4,182.0,0.0,,,,,,,,,,2017-11-19T00:30:00,,,,,,,,,,,,,,,,,,
2017-11-19 02:00:00,1000.2,20.6,86.0,0.4,319.0,2.3,192.0,0.0,,,,,,,,,,2017-11-19T01:05:00,,,,,,,,,,,,,,,,,,
2017-11-19 03:00:00,1000.2,20.3,88.0,0.8,203.0,1.5,204.0,0.0,,,,,,,,,,2017-11-19T02:51:00,,,,,,,,,,,,,,,,,,
2017-11-19 04:00:00,1000.5,20.4,88.0,1.6,186.0,2.2,187.0,0.0,,,,,,,,,,2017-11-19T03:57:00,,,,,,,,,,,,,,,,,,
2017-11-19 05:00:00,1000.6,20.4,89.0,0.4,262.0,1.8,185.0,0.0,,,,,,,,,,2017-11-19T04:04:00,,,,,,,,,,,,,,,,,,
2017-11-19 06:00:00,1001.4,19.9,89.0,1.4,198.0,3.0,192.0,0.0,,,,,,,,,,2017-11-19T05:36:00,,,,,,,,,,,,,,,,,,
2017-11-19 07:00:00,1002.0,19.5,85.0,0.8,180.0,3.0,182.0,0.0,,,,,,,,,,2017-11-19T06:04:00,,,,,,,,,,,,,,,,,,
2017-11-19 08:00:00,1002.6,20.7,83.0,0.3,282.0,1.2,199.0,0.0,,,,,,,,,,2017-11-19T07:05:00,,,,,,,,,,,,,,,,,,
2017-11-19 09:00:00,1002.9,23.8,73.0,1.2,254.0,2.2,246.0,0.0,,,,,,,,,,2017-11-19T08:56:00,,,,,,,,,,,,,,,,,,
2017-11-19 10:00:00,1002.6,26.5,66.0,1.9,223.0,2.6,279.0,0.0,,,,,,,,,,2017-11-19T09:38:00,,,,,,,,,,,,,,,,,,
2017-11-19 11:00:00,1002.3,27.1,60.0,2.8,208.0,5.5,237.0,0.0,,,,,,,,,,2017-11-19T10:45:00,,,,,,,,,,,,,,,,,,
2017-11-19 12:00:00,1001.4,27.5,60.0,2.8,217.0,5.9,231.0,0.0,,,,,,,,,,2017-11-19T11:31:00,,,,,,,,,,,,,,,,,,
2017-11-19 13:00:00,1000.8,27.8,60.0,2.1,197.0,5.5,210.0,0.0,,,,,,,,,,2017-11-19T12:02:00,,,,,,,,,,,,,,,,,,
2017-11-19 14:00:00,1000.1,26.8,61.0,1.8,178.0,4.0,176.0,0.0,,,,,,,,,,2017-11-19T13:05:00,,,,,,,,,,,,,,,,,,
2017-11-19 15:00:00,999.7,25.8,66.0,2.3,251.0,3.8,243.0,0.0,,,,,,,,,,2017-11-19T14:24:00,,,,,,,,,,,,,,,,,,
2017-11-19 16:00:00,1000.0,24.6,68.0,1.8,236.0,4.5,217.0,0.0,,,,,,,,,,2017-11-19T15:39:00,,,,,,,,,,,,,,,,,,
2017-11-19 17:00:00,1000.8,23.7,70.0,2.1,229.0,4.1,228.0,0.0,,,,,,,,,,2017-11-19T16:47:00,,,,,,,,,,,,,,,,,,
2017-11-19 18:00:00,1001.1,23.5,73.0,0.7,284.0,3.0,228.0,0.0,,,,,,,,,,2017-11-19T17:04:00,,,,,,,,,,,,,,,,,,
2017-11-19 19:00:00,1002.3,23.2,75.0,1.1,161.0,1.7,210.0,0.0,,,,,,,,,,2017-11-19T18:21:00,,,,,,,,,,,,,,,,,,
2017-11-19 20:00:00,1003.0,23.1,77.0,0.8,61.0,2.1,172.0,0.0,,,,,,,,,,2017-11-19T19:12:00,,,,,,,,,,,,,,,,,,
2017-11-19 21:00:00,1003.3,23.0,78.0,0.6,1.0,2.0,360.0,0.0,,,,,,,,,,2017-11-19T20:46:00,,,,,,,,,,,,,,,,,,
2017-11-19 22:00:00,1003.7,22.6,83.0,0.6,199.0,1.4,218.0,0.0,,,,,,,,,,2017-11-19T21:30:00,,,,,,,,,,,,,,,,,,
2017-11-19 23:00:00,1003.6,22.5,83.0,0.6,101.0,1.7,75.0,0.0,,,,,,,,,,2017-11-19T22:39:00,,,,,,,,,,,,,,,,,,
2017-11-20 00:00:00,1003.6,22.5,84.0,0.7,82.0,1.7,74.0,0.0,,,,,,,,,,2017-11-19T23:41:00,,,,,,,,,,,,,,,,,,
2017-11-20 01:00:00,1003.0,22.6,81.0,1.4,66.0,2.2,68.0,0.0,,,,,,,,,,2017-11-20T00:55:00,,,,,,,,,,,,,,,,,,
2017-11-20 02:00:00,1002.2,21.5,86.0,0.0,0.0,2.4,74.0,0.0,,,,,,,,,,2017-11-20T01:12:00,,,,,,,,,,,,,,,,,,
2017-11-20 03:00:00,1001.7,20.6,91.0,0.9,1.0,1.9,163.0,0.0,,,,,,,,,,2017-11-20T02:11:00,,,,,,,,,,,,,,,,,,
2017-11-20 04:00:00,1001.6,20.0,92.0,0.5,115.0,1.9,148.0,0.0,,,,,,,,,,2017-11-20T03:39:00,,,,,,,,,,,,,,,,,,
2017-11-20 05:00:00,1001.6,20.2,92.0,0.3,5.0,1.0,63.0,0.0,,,,,,,,,,2017-11-20T04:01:00,,,,,,,,,,,,,,,,,,
2017-11-20 06:00:00,1002.4,20.0,93.0,1.1,196.0,2.1,159.0,0.0,,,,,,,,,,2017-11-20T06:00:00,,,,,,,,,,,,,,,,,,
2017-11-20 07:00:00,1002.9,19.9,92.0,0.7,169.0,2.1,159.0,0.0,,,,,,,,,,2017-11-20T06:27:00,,,,,,,,,,,,,,,,,,
2017-11-20 08:00:00,1003.2,21.1,85.0,1.1,157.0,2.4,181.0,0.0,,,,,,,,,,2017-11-20T07:21:00,,,,,,,,,,,,,,,,,,
2017-11-20 09:00:00,1003.3,24.8,73.0,1.6,256.0,2.8,252.0,0.0,,,,,,,,,,2017-11-20T08:54:00,,,,,,,,,,,,,,,,,,
2017-11-20 10:00:00,1003.2,25.3,71.0,1.2,261.0,3.3,234.0,0.0,,,,,,,,,,2017-11-20T09:04:00,,,,,,,,,,,,,,,,,,
2017-11-20 11:00:00,1002.6,26.7,67.0,2.0,255.0,4.2,244.0,0.0,,,,,,,,,,2017-11-20T10:56:00,,,,,,,,,,,,,,,,,,
2017-11-20 12:00:00,1001.7,27.8,63.0,2.4,267.0,4.8,266.0,0.0,,,,,,,,,,2017-11-20T11:52:00,,,,,,,,,,,,,,,,,,
2017-11-20 13:00:00,1000.8,28.3,61.0,1.6,202.0,3.8,268.0,0.0,,,,,,,,,,2017-11-20T12:01:00,,,,,,,,,,,,,,,,,,
2017-11-20 14:00:00,1000.3,28.2,62.0,1.2,234.0,3.9,281.0,0.0,,,,,,,,,,2017-11-20T13:46:00,,,,,,,,,,,,,,,,,,
2017-11-20 15:00:00,999.9,28.8,60.0,1.8,265.0,3.7,217.0,0.0,,,,,,,,,,2017-11-20T14:16:00,,,,,,,,,,,,,,,,,,
2017-11-20 16:00:00,1000.2,27.4,63.0,2.0,277.0,3.8,243.0,0.0,,,,,,,,,,2017-11-20T15:36:00,,,,,,,,,,,,,,,,,,
2017-11-20 17:00:00,1000.7,24.9,71.0,0.9,263.0,5.7,256.0,0.0,,,,,,,,,,2017-11-20T16:28:00,,,,,,,,,,,,,,,,,,
2017-11-20 18:00:00,1001.4,23.6,77.0,1.4,192.0,3.0,293.0,0.0,,,,,,,,,,2017-11-20T17:26:00,,,,,,,,,,,,,,,,,,
2017-11-20 19:00:00,1002.2,22.4,80.0,1.2,193.0,3.4,197.0,0.0,,,,,,,,,,2017-11-20T18:04:00,,,,,,,,,,,,,,,,,,
2017-11-20 20:00:00,1002.7,22.2,81.0,1.2,187.0,2.4,205.0,0.0,,,,,,,,,,2017-11-20T19:16:00,,,,,,,,,,,,,,,,,,
2017-11-20 21:00:00,1003.1,21.4,84.0,0.8,166.0,2.7,196.0,0.0,,,,,,,,,,2017-11-20T20:27:00,,,,,,,,,,,,,,,,,,
2017-11-20 22:00:00,1003.2,21.1,84.0,1.0,192.0,2.3,214.0,0.0,,,,,,,,,,2017-11-20T21:15:00,,,,,,,,,,,,,,,,,,
2017-11-20 23:00:00,1003.5,21.0,86.0,1.0,217.0,2.0,198.0,0.0,,,,,,,,,,2017-11-20T22:03:00,,,,,,,,,,,,,,,,,,
2017-11-21 00:00:00,1003.3,21.1,85.0,0.0,0.0,1.3,213.0,0.0,,,,,,,,,,2017-11-20T23:03:00,,,,,,,,,,,,,,,,,,
2017-11-21 01:00:00,1002.7,21.1,86.0,0.2,0.0,1.3,88.0,0.0,,,,,,,,,,2017-11-21T00:25:00,,,,,,,,,,,,,,,,,,
2017-11-21 02:00:00,1002.0,20.3,90.0,0.0,0.0,0.8,224.0,0.0,,,,,,,,,,2017-11-21T01:41:00,,,,,,,,,,,,,,,,,,
2017-11-21 03:00:00,1001.7,20.0,92.0,0.1,0.0,1.4,192.0,0.0,,,,,,,,,,2017-11-21T02:23:00,,,,,,,,,,,,,,,,,,
2017-11-21 04:00:00,1001.1,19.8,93.0,0.0,0.0,1.5,360.0,0.0,,,,,,,,,,2017-11-21T03:49:00,,,,,,,,,,,,,,,,,,
2017-11-21 05:00:00,1001.2,19.6,94.0,0.6,111.0,1.3,180.0,0.0,,,,,,,,,,2017-11-21T04:39:00,,,,,,,,,,,,,,,,,,
2017-11-21 06:00:00,1001.8,19.5,95.0,0.9,126.0,1.2,104.0,0.0,,,,,,,,,,2017-11-21T05:59:00,,,,,,,,,,,,,,,,,,
2017-11-21 07:00:00,1002.4,19.8,95.0,0.9,69.0,1.5,103.0,0.0,,,,,,,,,,2017-11-21T06:04:00,,,,,,,,,,,,,,,,,,
2017-11-21 08:00:00,1002.7,22.0,88.0,1.1,235.0,1.9,355.0,0.0,,,,,,,,,,2017-11-21T07:09:00,,,,,,,,,,,,,,,,,,
2017-11-21 09:00:00,1002.7,24.1,79.0,1.4,227.0,2.4,236.0,0.0,,,,,,,,,,2017-11-21T08:58:00,,,,,,,,,,,,,,,,,,
2017-11-21 10:00:00,1002.4,27.4,65.0,1.8,221.0,3.1,234.0,0.0,,,,,,,,,,2017-11-21T09:55:00,,,,,,,,,,,,,,,,,,
2017-11-21 11:00:00,1001.5,28.6,62.0,1.6,231.0,3.7,194.0,0.0,,,,,,,,,,2017-11-21T10:44:00,,,,,,,,,,,,,,,,,,
2017-11-21 12:00:00,1000.6,29.5,59.0,2.1,249.0,4.5,230.0,0.0,,,,,,,,,,2017-11-21T11:08:00,,,,,,,,,,,,,,,,,,
2017-11-21 13:00:00,999.8,30.2,56.0,2.1,227.0,4.5,185.0,0.0,,,,,,,,,,2017-11-21T12:30:00,,,,,,,,,,,,,,,,,,
2017-11-21 14:00:00,999.0,29.8,55.0,1.2,259.0,4.6,225.0,0.0,,,,,,,,,,2017-11-21T13:05:00,,,,,,,,,,,,,,,,,,
2017-11-21 15:00:00,998.7,29.5,57.0,1.8,295.0,3.9,254.0,0.0,,,,,,,,,,2017-11-21T14:01:00,,,,,,,,,,,,,,,,,,
2017-11-21 16:00:00,998.9,28.5,60.0,2.0,272.0,3.9,268.0,0.0,,,,,,,,,,2017-11-21T15:10:00,,,,,,,,,,,,,,,,,,
2017-11-21 17:00:00,999.5,25.8,72.0,1.7,276.0,3.9,268.0,0.0,,,,,,,,,,2017-11-21T16:38:00,,,,,,,,,,,,,,,,,,
2017-11-21 18:00:00,1000.0,24.5,79.0,1.3,180.0,2.8,236.0,0.0,,,,,,,,,,2017-11-21T17:33:00,,,,,,,,,,,,,,,,,,
2017-11-21 19:00:00,1000.4,23.9,80.0,0.5,187.0,2.7,156.0,0.0,,,,,,,,,,2017-11-21T18:12:00,,,,,,,,,,,,,,,,,,
2017-11-21 20:00:00,1000.9,22.8,85.0,1.1,182.0,2.4,193.0,0.0,,,,,,,,,,2017-11-21T19:34:00,,,,,,,,,,,,,,,,,,
2017-11-21 21:00:00,1001.5,22.2,87.0,0.0,0.0,1.7,160.0,0.0,,,,,,,,,,2017-11-21T20:22:00,,,,,,,,,,,,,,,,,,
2017-11-21 22:00:00,1001.5,21.5,90.0,0.4,89.0,1.4,103.0,0.0,,,,,,,,,,2017-11-21T21:23:00,,,,,,,,,,,,,,,,,,
2017-11-21 23:00:00,1001.2,21.6,92.0,0.0,0.0,1.4,69.0,0.0,,,,,,,,,,2017-11-21T22:23:00,,,,,,,,,,,,,,,,,,
2017-11-22 00:00:00,1000.8,21.2,92.0,1.1,97.0,1.5,105.0,0.0,,,,,,,,,,2017-11-21T23:56:00,,,,,,,,,,,,,,,,,,
2017-11-22 01:00:00,1000.2,21.4,94.0,0.0,0.0,1.4,89.0,0.0,,,,,,,,,,2017-11-22T00:04:00,,,,,,,,,,,,,,,,,,
2017-11-22 02:00:00,999.8,21.3,94.0,0.7,235.0,0.9,327.0,0.0,,,,,,,,,,2017-11-22T01:06:00,,,,,,,,,,,,,,,,,,
2017-11-22 03:00:00,999.5,21.0,93.0,0.7,175.0,2.3,277.0,0.0,,,,,,,,,,2017-11-22T02:25:00,,,,,,,,,,,,,,,,,,
2017-11-22 04:00:00,998.9,20.9,94.0,0.6,112.0,1.5,195.0,0.0,,,,,,,,,,2017-11-22T03:16:00,,,,,,,,,,,,,,,,,,
2017-11-22 05:00:00,998.8,20.9,95.0,0.9,140.0,2.0,276.0,0.0,,,,,,,,,,2017-11-22T04:32:00,,,,,,,,,,,,,,,,,,
2017-11-22 06:00:00,999.6,20.9,95.0,0.8,198.0,2.2,204.0,0.0,,,,,,,,,,2017-11-22T05:17:00,,,,,,,,,,,,,,,,,,
2017-11-22 07:00:00,1000.3,21.2,95.0,0.8,162.0,2.2,197.0,0.0,,,,,,,,,,2017-11-22T06:23:00,,,,,,,,,,,,,,,,,,
2017-11-22 08:00:00,1000.8,22.6,90.0,2.1,237.0,3.7,239.0,0.0,,,,,,,,,,2017-11-22T08:00:00,,,,,,,,,,,,,,,,,,
2017-11-22 09:00:00,1001.4,23.2,85.0,2.0,200.0,3.0,186.0,0.0,,,,,,,,,,2017-11-22T08:59:00,,,,,,,,,,,,,,,,,,
2017-11-22 10:00:00,1001.0,23.9,78.0,0.7,270.0,3.2,220.0,0.0,,,,,,,,,,2017-11-22T09:04:00,,,,,,,,,,,,,,,,,,
2017-11-22 11:00:00,1000.0,25.5,72.0,1.2,255.0,2.6,201.0,0.0,,,,,,,,,,2017-11-22T10:11:00,,,,,,,,,,,,,,,,,,
2017-11-22 12:00:00,999.0,28.5,64.0,2.9,232.0,4.9,218.0,0.0,,,,,,,,,,2017-11-22T11:56:00,,,,,,,,,,,,,,,,,,
2017-11-22 13:00:00,997.8,27.5,67.0,1.8,252.0,4.7,291.0,0.0,,,,,,,,,,2017-11-22T12:13:00,,,,,,,,,,,,,,,,,,
2017-11-22 14:00:00,997.1,27.9,65.0,1.5,283.0,3.6,264.0,0.0,,,,,,,,,,2017-11-22T13:07:00,,,,,,,,,,,,,,,,,,
2017-11-22 15:00:00,997.1,27.4,68.0,2.1,252.0,4.1,249.0,0.0,,,,,,,,,,2017-11-22T14:06:00,,,,,,,,,,,,,,,,,,
2017-11-22 16:00:00,997.3,26.8,69.0,1.5,291.0,3.8,274.0,0.0,,,,,,,,,,2017-11-22T15:14:00,,,,,,,,,,,,,,,,,,
2017-11-22 17:00:00,997.6,25.5,74.0,1.5,282.0,2.9,293.0,0.0,,,,,,,,,,2017-11-22T16:56:00,,,,,,,,,,,,,,,,,,
2017-11-22 18:00:00,998.4,23.1,79.0,2.2,226.0,3.8,288.0,0.0,,,,,,,,,,2017-11-22T17:29:00,,,,,,,,,,,,,,,,,,
2017-11-22 19:00:00,999.1,21.7,83.0,1.4,225.0,3.4,224.0,0.0,,,,,,,,,,2017-11-22T18:06:00,,,,,,,,,,,,,,,,,,
2017-11-22 20:00:00,1000.0,21.8,82.0,0.8,178.0,3.4,180.0,0.0,,,,,,,,,,2017-11-22T19:13:00,,,,,,,,,,,,,,,,,,
2017-11-22 21:00:00,1000.5,21.6,83.0,1.3,198.0,2.5,183.0,0.0,,,,,,,,,,2017-11-22T21:00:00,,,,,,,,,,,,,,,,,,
2017-11-22 22:00:00,1000.5,21.3,84.0,1.1,190.0,2.4,181.0,0.0,,,,,,,,,,2017-11-22T21:02:00,,,,,,,,,,,,,,,,,,
2017-11-22 23:00:00,1000.7,20.0,87.0,1.5,190.0,2.5,210.0,0.0,,,,,,,,,,2017-11-22T22:54:00,,,,,,,,,,,,,,,,,,
2017-11-23 00:00:00,1000.7,19.1,89.0,1.7,196.0,2.7,200.0,0.0,,,,,,,,,,2017-11-22T23:57:00,,,,,,,,,,,,,,,,,,
2017-11-23 01:00:00,1000.6,18.8,89.0,1.4,196.0,3.0,188.0,0.0,,,,,,,,,,2017-11-23T00:02:00,,,,,,,,,,,,,,,,,,
2017-11-23 02:00:00,1000.4,19.2,88.0,0.9,206.0,2.4,169.0,0.0,,,,,,,,,,2017-11-23T01:31:00,,,,,,,,,,,,,,,,,,
2017-11-23 03:00:00,1000.5,18.8,88.0,1.3,182.0,2.5,186.0,0.0,,,,,,,,,,2017-11-23T02:35:00,,,,,,,,,,,,,,,,,,
2017-11-23 04:00:00,1000.5,18.5,90.0,0.7,204.0,2.4,189.0,0.0,,,,,,,,,,2017-11-23T03:05:00,,,,,,,,,,,,,,,,,,
2017-11-23 05:00:00,1000.9,18.2,90.0,0.9,195.0,2.1,168.0,0.0,,,,,,,,,,2017-11-23T04:44:00,,,,,,,,,,,,,,,,,,
2017-11-23 06:00:00,1001.7,18.2,89.0,1.2,176.0,2.3,165.0,0.0,,,,,,,,,,2017-11-23T05:24:00,,,,,,,,,,,,,,,,,,
2017-11-23 07:00:00,1002.4,18.3,87.0,1.7,196.0,3.0,191.0,0.0,,,,,,,,,,2017-11-23T06:45:00,,,,,,,,,,,,,,,,,,
2017-11-23 08:00:00,1003.0,19.2,83.0,0.7,173.0,2.8,183.0,0.0,,,,,,,,,,2017-11-23T07:21:00,,,,,,,,,,,,,,,,,,
2017-11-23 09:00:00,1003.1,20.8,78.0,0.3,44.0,1.5,78.0,0.0,,,,,,,,,,2017-11-23T08:19:00,,,,,,,,,,,,,,,,,,
2017-11-23 10:00:00,1003.2,23.1,73.0,1.9,257.0,3.3,286.0,0.0,,,,,,,,,,2017-11-23T09:51:00,,,,,,,,,,,,,,,,,,
2017-11-23 11:00:00,1002.7,23.0,74.0,1.4,245.0,3.4,222.0,0.0,,,,,,,,,,2017-11-23T10:30:00,,,,,,,,,,,,,,,,,,
2017-11-23 12:00:00,1002.4,23.2,72.0,1.1,209.0,2.9,173.0,0.0,,,,,,,,,,2017-11-23T11:45:00,,,,,,,,,,,,,,,,,,
2017-11-23 13:00:00,1001.3,24.3,69.0,0.6,164.0,3.3,235.0,0.0,,,,,,,,,,2017-11-23T12:27:00,,,,,,,,,,,,,,,,,,
2017-11-23 14:00:00,1000.9,24.6,68.0,1.9,249.0,3.8,229.0,0.0,,,,,,,,,,2017-11-23T13:44:00,,,,,,,,,,,,,,,,,,
2017-11-23 15:00:00,1001.0,23.4,70.0,0.8,326.0,3.6,217.0,0.0,,,,,,,,,,2017-11-23T14:25:00,,,,,,,,,,,,,,,,,,
2017-11-23 16:00:00,1001.0,23.3,70.0,1.0,253.0,2.4,289.0,0.0,,,,,,,,,,2017-11-23T15:06:00,,,,,,,,,,,,,,,,,,
2017-11-23 17:00:00,1001.5,22.2,70.0,0.7,255.0,2.6,239.0,0.0,,,,,,,,,,2017-11-23T16:32:00,,,,,,,,,,,,,,,,,,
2017-11-23 18:00:00,1002.3,21.3,74.0,1.1,179.0,2.0,190.0,0.0,,,,,,,,,,2017-11-23T17:42:00,,,,,,,,,,,,,,,,,,
2017-11-23 19:00:00,1003.0,19.9,80.0,1.1,206.0,2.1,189.0,0.0,,,,,,,,,,2017-11-23T19:00:00,,,,,,,,,,,,,,,,,,
2017-11-23 20:00:00,1003.7,19.0,83.0,0.9,194.0,2.4,191.0,0.0,,,,,,,,,,2017-11-23T19:01:00,,,,,,,,,,,,,,,,,,
2017-11-23 21:00:00,1004.0,18.5,83.0,0.8,149.0,1.4,143.0,0.0,,,,,,,,,,2017-11-23T20:55:00,,,,,,,,,,,,,,,,,,
2017-11-23 22:00:00,1004.3,18.6,84.0,0.8,151.0,1.3,153.0,0.0,,,,,,,,,,2017-11-23T21:54:00,,,,,,,,,,,,,,,,,,
2017-11-23 23:00:00,1004.1,18.6,84.0,0.6,228.0,1.8,230.0,0.0,,,,,,,,,,2017-11-23T22:32:00,,,,,,,,,,,,,,,,,,
2017-11-24 00:00:00,1003.9,19.2,81.0,0.2,0.0,1.4,160.0,0.0,,,,,,,,,,2017-11-23T23:15:00,,,,,,,,,,,,,,,,,,
2017-11-24 01:00:00,1004.0,18.8,85.0,1.4,207.0,2.1,201.0,0.0,,,,,,,,,,2017-11-24T00:55:00,,,,,,,,,,,,,,,,,,
2017-11-24 02:00:00,1004.1,18.1,82.0,1.1,156.0,2.2,219.0,0.0,,,,,,,,,,2017-11-24T01:06:00,,,,,,,,,,,,,,,,,,
2017-11-24 03:00:00,1003.7,18.2,86.0,0.1,0.0,2.1,120.0,0.0,,,,,,,,,,2017-11-24T02:03:00,,,,,,,,,,,,,,,,,,
2017-11-24 04:00:00,1003.6,18.8,87.0,0.6,262.0,1.6,342.0,0.0,,,,,,,,,,2017-11-24T03:45:00,,,,,,,,,,,,,,,,,,
2017-11-24 05:00:00,1004.0,18.1,87.0,1.9,200.0,2.8,210.0,0.0,,,,,,,,,,2017-11-24T04:57:00,,,,,,,,,,,,,,,,,,
2017-11-24 06:00:00,1004.7,17.8,88.0,0.9,178.0,2.6,196.0,0.0,,,,,,,,,,2017-11-24T05:01:00,,,,,,,,,,,,,,,,,,
2017-11-24 07:00:00,1005.5,17.9,88.0,0.8,194.0,1.6,189.0,0.0,,,,,,,,,,2017-11-24T06:15:00,,,,,,,,,,,,,,,,,,
2017-11-24 08:00:00,1005.8,19.1,83.0,1.1,213.0,1.5,214.0,0.0,,,,,,,,,,2017-11-24T07:55:00,,,,,,,,,,,,,,,,,,
2017-11-24 09:00:00,1006.8,20.0,81.0,1.9,231.0,2.7,230.0,0.0,,,,,,,,,,2017-11-24T08:51:00,,,,,,,,,,,,,,,,,,
2017-11-24 10:00:00,1006.8,20.8,77.0,2.2,215.0,4.0,196.0,0.0,,,,,,,,,,2017-11-24T09:42:00,,,,,,,,,,,,,,,,,,
2017-11-24 11:00:00,1006.2,23.1,68.0,1.9,208.0,5.1,189.0,0.0,,,,,,,,,,2017-11-24T10:46:00,,,,,,,,,,,,,,,,,,
2017-11-24 12:00:00,1005.4,23.4,68.0,2.2,204.0,3.9,203.0,0.0,,,,,,,,,,2017-11-24T11:56:00,,,,,,,,,,,,,,,,,,
2017-11-24 13:00:00,1004.2,23.1,70.0,1.7,192.0,3.9,193.0,0.0,,,,,,,,,,2017-11-24T12:01:00,,,,,,,,,,,,,,,,,,
2017-11-24 14:00:00,1003.4,23.8,67.0,1.5,249.0,3.5,207.0,0.0,,,,,,,,,,2017-11-24T13:18:00,,,,,,,,,,,,,,,,,,
2017-11-24 15:00:00,1003.3,23.0,69.0,1.6,264.0,3.5,218.0,0.0,,,,,,,,,,2017-11-24T14:45:00,,,,,,,,,,,,,,,,,,
2017-11-24 16:00:00,1003.3,21.9,78.0,0.7,118.0,3.2,247.0,0.0,,,,,,,,,,2017-11-24T15:09:00,,,,,,,,,,,,,,,,,,
2017-11-24 17:00:00,1003.3,21.4,79.0,1.2,206.0,1.9,214.0,0.0,,,,,,,,,,2017-11-24T16:57:00,,,,,,,,,,,,,,,,,,
2017-11-24 18:00:00,1004.1,20.6,78.0,1.3,192.0,3.0,206.0,0.0,,,,,,,,,,2017-11-24T17:30:00,,,,,,,,,,,,,,,,,,
2017-11-24 19:00:00,1005.1,20.0,79.0,0.7,178.0,2.6,214.0,0.0,,,,,,,,,,2017-11-24T18:04:00,,,,,,,,,,,,,,,,,,
2017-11-24 20:00:00,1005.1,19.6,84.0,1.0,207.0,1.9,142.0,0.0,,,,,,,,,,2017-11-24T19:32:00,,,,,,,,,,,,,,,,,,
2017-11-24 21:00:00,1005.7,19.2,83.0,1.0,192.0,1.9,194.0,0.0,,,,,,,,,,2017-11-24T20:40:00,,,,,,,,,,,,,,,,,,
2017-11-24 22:00:00,1005.8,18.7,84.0,0.7,196.0,1.5,187.0,0.0,,,,,,,,,,2017-11-24T21:34:00,,,,,,,,,,,,,,,,,,
2017-11-24 23:00:00,1005.7,18.6,83.0,0.8,79.0,1.5,227.0,0.0,,,,,,,,,,2017-11-24T22:06:00,,,,,,,,,,,,,,,,,,
2017-11-25 00:00:00,1005.3,18.6,86.0,0.8,272.0,1.4,260.0,0.0,,,,,,,,,,2017-11-25T00:00:00,,,,,,,,,,,,,,,,,,
2017-11-25 01:00:00,1005.2,18.6,88.0,0.9,216.0,1.4,188.0,0.0,,,,,,,,,,2017-11-25T00:14:00,,,,,,,,,,,,,,,,,,
2017-11-25 02:00:00,1005.4,18.2,88.0,0.3,224.0,1.6,212.0,0.0,,,,,,,,,,2017-11-25T01:44:00,,,,,,,,,,,,,,,,,,
2017-11-25 03:00:00,1004.7,17.8,90.0,0.2,0.0,1.8,146.0,0.0,,,,,,,,,,2017-11-25T02:24:00,,,,,,,,,,,,,,,,,,
2017-11-25 04:00:00,1004.9,17.6,92.0,1.2,179.0,2.2,166.0,0.0,,,,,,,,,,2017-11-25T03:21:00,,,,,,,,,,,,,,,,,,
2017-11-25 05:00:00,1005.2,17.5,92.0,0.0,0.0,1.7,219.0,0.0,,,,,,,,,,2017-11-25T04:13:00,,,,,,,,,,,,,,,,,,
2017-11-25 06:00:00,1005.6,17.6,92.0,0.7,284.0,1.9,123.0,0.0,,,,,,,,,,2017-11-25T05:12:00,,,,,,,,,,,,,,,,,,
2017-11-25 07:00:00,1006.2,17.5,92.0,0.7,163.0,2.1,181.0,0.0,,,,,,,,,,2017-11-25T06:16:00,,,,,,,,,,,,,,,,,,
2017-11-25 08:00:00,1006.5,19.2,85.0,0.5,249.0,2.0,171.0,0.0,,,,,,,,,,2017-11-25T07:07:00,,,,,,,,,,,,,,,,,,
2017-11-25 09:00:00,1006.4,22.6,73.0,1.1,199.0,2.2,248.0,0.0,,,,,,,,,,2017-11-25T08:15:00,,,,,,,,,,,,,,,,,,
2017-11-25 10:00:00,1005.8,24.2,67.0,1.4,190.0,3.4,258.0,0.0,,,,,,,,,,2017-11-25T09:35:00,,,,,,,,,,,,,,,,,,
2017-11-25 11:00:00,1005.1,26.5,59.0,1.0,239.0,3.1,238.0,0.0,,,,,,,,,,2017-11-25T10:43:00,,,,,,,,,,,,,,,,,,
2017-11-25 12:00:00,1004.0,27.4,54.0,0.6,219.0,4.5,270.0,0.0,,,,,,,,,,2017-11-25T11:25:00,,,,,,,,,,,,,,,,,,
2017-11-25 13:00:00,1003.1,27.4,56.0,1.8,297.0,6.7,290.0,0.0,,,,,,,,,,2017-11-25T12:44:00,,,,,,,,,,,,,,,,,,
2017-11-25 14:00:00,1002.6,28.0,56.0,2.2,275.0,6.6,280.0,0.0,,,,,,,,,,2017-11-25T13:15:00,,,,,,,,,,,,,,,,,,
2017-11-25 15:00:00,1002.7,26.2,61.0,1.7,276.0,5.0,291.0,0.0,,,,,,,,,,2017-11-25T14:02:00,,,,,,,,,,,,,,,,,,
2017-11-25 16:00:00,1002.8,25.7,63.0,1.0,289.0,4.0,265.0,0.0,,,,,,,,,,2017-11-25T15:18:00,,,,,,,,,,,,,,,,,,
2017-11-25 17:00:00,1003.5,24.7,66.0,0.7,273.0,3.4,284.0,0.0,,,,,,,,,,2017-11-25T16:04:00,,,,,,,,,,,,,,,,,,
2017-11-25 18:00:00,1004.2,23.6,73.0,0.9,194.0,1.5,195.0,0.0,,,,,,,,,,2017-11-25T17:06:00,,,,,,,,,,,,,,,,,,
2017-11-25 19:00:00,1005.1,22.9,76.0,0.9,197.0,2.0,269.0,0.0,,,,,,,,,,2017-11-25T18:26:00,,,,,,,,,,,,,,,,,,
2017-11-25 20:00:00,1005.8,22.0,78.0,1.0,174.0,2.0,142.0,0.0,,,,,,,,,,2017-11-25T19:32:00,,,,,,,,,,,,,,,,,,
2017-11-25 21:00:00,1005.8,20.5,87.0,1.0,88.0,1.9,168.0,0.0,,,,,,,,,,2017-11-25T20:01:00,,,,,,,,,,,,,,,,,,
2017-11-25 22:00:00,1006.0,20.3,89.0,0.0,0.0,1.1,95.0,0.0,,,,,,,,,,2017-11-25T21:01:00,,,,,,,,,,,,,,,,,,
2017-11-25 23:00:00,1005.8,20.3,87.0,0.9,215.0,1.7,168.0,0.0,,,,,,,,,,2017-11-25T22:46:00,,,,,,,,,,,,,,,,,,
2017-11-26 00:00:00,1005.5,20.3,87.0,0.7,117.0,1.1,225.0,0.0,,,,,,,,,,2017-11-25T23:02:00,,,,,,,,,,,,,,,,,,
2017-11-26 01:00:00,1005.4,20.5,88.0,0.6,273.0,1.1,88.0,0.0,,,,,,,,,,2017-11-26T00:09:00,,,,,,,,,,,,,,,,,,
2017-11-26 02:00:00,1004.8,20.7,89.0,0.0,0.0,1.0,187.0,0.0,,,,,,,,,,2017-11-26T01:07:00,,,,,,,,,,,,,,,,,,
2017-11-26 03:00:00,1004.3,20.4,91.0,0.0,0.0,0.8,15.0,0.0,,,,,,,,,,2017-11-26T02:07:00,,,,,,,,,,,,,,,,,,
2017-11-26 04:00:00,1004.3,20.2,92.0,1.0,228.0,2.0,147.0,0.0,,,,,,,,,,2017-11-26T03:25:00,,,,,,,,,,,,,,,,,,
2017-11-26 05:00:00,1004.5,19.8,92.0,1.7,191.0,2.4,199.0,0.0,,,,,,,,,,2017-11-26T04:59:00,,,,,,,,,,,,,,,,,,
2017-11-26 06:00:00,1004.8,19.2,92.0,0.0,0.0,2.2,212.0,0.0,,,,,,,,,,2017-11-26T05:03:00,,,,,,,,,,,,,,,,,,
2017-11-26 07:00:00,1005.2,19.6,93.0,1.0,355.0,1.8,293.0,0.0,,,,,,,,,,2017-11-26T06:47:00,,,,,,,,,,,,,,,,,,
2017-11-26 08:00:00,1005.5,21.3,88.0,0.9,356.0,1.6,88.0,0.0,,,,,,,,,,2017-11-26T07:26:00,,,,,,,,,,,,,,,,,,
2017-11-26 09:00:00,1005.5,24.0,75.0,0.9,300.0,2.2,11.0,0.0,,,,,,,,,,2017-11-26T08:14:00,,,,,,,,,,,,,,,,,,
2017-11-26 10:00:00,1005.2,26.3,66.0,0.5,228.0,2.9,218.0,0.0,,,,,,,,,,2017-11-26T09:44:00,,,,,,,,,,,,,,,,,,
2017-11-26 11:00:00,1004.4,27.9,56.0,0.5,89.0,2.5,200.0,0.0,,,,,,,,,,2017-11-26T10:25:00,,,,,,,,,,,,,,,,,,
2017-11-26 12:00:00,1003.7,29.2,54.0,1.5,204.0,3.3,223.0,0.0,,,,,,,,,,2017-11-26T11:57:00,,,,,,,,,,,,,,,,,,
2017-11-26 13:00:00,1002.5,29.0,56.0,2.5,210.0,4.1,205.0,0.0,,,,,,,,,,2017-11-26T12:53:00,,,,,,,,,,,,,,,,,,
2017-11-26 14:00:00,1002.1,28.4,55.0,1.4,271.0,5.0,199.0,0.0,,,,,,,,,,2017-11-26T13:10:00,,,,,,,,,,,,,,,,,,
2017-11-26 15:00:00,1001.7,28.0,58.0,1.6,299.0,5.1,256.0,0.0,,,,,,,,,,2017-11-26T14:18:00,,,,,,,,,,,,,,,,,,
2017-11-26 16:00:00,1001.7,27.8,57.0,0.6,277.0,3.0,62.0,0.0,,,,,,,,,,2017-11-26T15:30:00,,,,,,,,,,,,,,,,,,
2017-11-26 17:00:00,1002.1,25.1,66.0,0.5,287.0,2.4,259.0,0.0,,,,,,,,,,2017-11-26T16:33:00,,,,,,,,,,,,,,,,,,
2017-11-26 18:00:00,1002.5,24.2,70.0,0.2,0.0,3.7,253.0,0.0,,,,,,,,,,2017-11-26T17:22:00,,,,,,,,,,,,,,,,,,
2017-11-26 19:00:00,1003.0,23.7,76.0,0.7,94.0,1.6,173.0,0.0,,,,,,,,,,2017-11-26T18:42:00,,,,,,,,,,,,,,,,,,
2017-11-26 20:00:00,1003.4,23.1,79.0,0.5,121.0,1.9,198.0,0.0,,,,,,,,,,2017-11-26T19:17:00,,,,,,,,,,,,,,,,,,
2017-11-26 21:00:00,1003.5,22.9,84.0,1.0,4.0,1.9,63.0,0.0,,,,,,,,,,2017-11-26T20:22:00,,,,,,,,,,,,,,,,,,
2017-11-26 22:00:00,1003.4,22.5,87.0,0.4,281.0,1.9,68.0,0.0,,,,,,,,,,2017-11-26T21:10:00,,,,,,,,,,,,,,,,,,
2017-11-26 23:00:00,1003.5,22.3,88.0,0.4,288.0,1.8,157.0,0.0,,,,,,,,,,2017-11-26T22:26:00,,,,,,,,,,,,,,,,,,
2017-11-27 00:00:00,1003.2,21.2,92.0,1.1,199.0,2.0,224.0,0.0,,,,,,,,,,2017-11-26T23:18:00,,,,,,,,,,,,,,,,,,
2017-11-27 01:00:00,1003.0,21.1,91.0,0.7,53.0,2.0,145.0,0.0,,,,,,,,,,2017-11-27T00:14:00,,,,,,,,,,,,,,,,,,
2017-11-27 02:00:00,1002.8,21.0,94.0,0.6,209.0,2.2,9.0,0.0,,,,,,,,,,2017-11-27T01:04:00,,,,,,,,,,,,,,,,,,
2017-11-27 03:00:00,1002.3,20.9,95.0,0.6,339.0,1.5,4.0,0.0,,,,,,,,,,2017-11-27T02:50:00,,,,,,,,,,,,,,,,,,
2017-11-27 04:00:00,1002.1,20.5,96.0,0.5,20.0,1.5,212.0,0.0,,,,,,,,,,2017-11-27T03:41:00,,,,,,,,,,,,,,,,,,
2017-11-27 05:00:00,1002.1,19.9,96.0,0.6,202.0,1.2,209.0,0.0,,,,,,,,,,2017-11-27T04:20:00,,,,,,,,,,,,,,,,,,
2017-11-27 06:00:00,1002.5,19.9,97.0,1.1,207.0,2.2,178.0,0.0,,,,,,,,,,2017-11-27T05:30:00,,,,,,,,,,,,,,,,,,
2017-11-27 07:00:00,1002.9,19.8,98.0,0.1,0.0,1.8,175.0,0.0,,,,,,,,,,2017-11-27T06:23:00,,,,,,,,,,,,,,,,,,
2017-11-27 08:00:00,1003.4,20.6,98.0,0.6,205.0,1.5,146.0,0.0,,,,,,,,,,2017-11-27T07:30:00,,,,,,,,,,,,,,,,,,
2017-11-27 09:00:00,1003.8,23.3,86.0,0.7,312.0,2.3,4.0,0.0,,,,,,,,,,2017-11-27T08:37:00,,,,,,,,,,,,,,,,,,
2017-11-27 10:00:00,1003.2,26.8,69.0,1.2,245.0,2.6,248.0,0.0,,,,,,,,,,2017-11-27T09:36:00,,,,,,,,,,,,,,,,,,
2017-11-27 11:00:00,1002.2,29.2,60.0,1.5,201.0,3.6,198.0,0.0,,,,,,,,,,2017-11-27T11:00:00,,,,,,,,,,,,,,,,,,
2017-11-27 12:00:00,1001.6,29.1,61.0,2.3,213.0,5.2,212.0,0.0,,,,,,,,,,2017-11-27T11:29:00,,,,,,,,,,,,,,,,,,
2017-11-27 13:00:00,1000.6,29.5,58.0,2.3,263.0,4.5,232.0,0.0,,,,,,,,,,2017-11-27T12:15:00,,,,,,,,,,,,,,,,,,
2017-11-27 14:00:00,1000.0,29.9,58.0,1.8,203.0,5.0,224.0,0.0,,,,,,,,,,2017-11-27T13:46:00,,,,,,,,,,,,,,,,,,
2017-11-27 15:00:00,999.7,28.6,62.0,1.8,234.0,4.0,217.0,0.0,,,,,,,,,,2017-11-27T14:23:00,,,,,,,,,,,,,,,,,,
2017-11-27 16:00:00,999.8,28.5,61.0,1.6,266.0,3.5,267.0,0.0,,,,,,,,,,2017-11-27T15:45:00,,,,,,,,,,,,,,,,,,
2017-11-27 17:00:00,1000.4,26.7,67.0,1.4,238.0,2.6,276.0,0.0,,,,,,,,,,2017-11-27T16:04:00,,,,,,,,,,,,,,,,,,
2017-11-27 18:00:00,1001.0,24.9,74.0,2.4,213.0,4.5,182.0,0.0,,,,,,,,,,2017-11-27T17:19:00,,,,,,,,,,,,,,,,,,
2017-11-27 19:00:00,1001.7,23.8,78.0,1.3,206.0,3.9,203.0,0.0,,,,,,,,,,2017-11-27T18:02:00,,,,,,,,,,,,,,,,,,
2017-11-27 20:00:00,1002.0,23.2,83.0,0.0,0.0,1.7,201.0,0.0,,,,,,,,,,2017-11-27T19:14:00,,,,,,,,,,,,,,,,,,
2017-11-27 21:00:00,1002.1,22.3,87.0,0.2,0.0,1.7,89.0,0.0,,,,,,,,,,2017-11-27T20:40:00,,,,,,,,,,,,,,,,,,
2017-11-27 22:00:00,1002.2,21.5,90.0,0.5,83.0,1.5,78.0,0.0,,,,,,,,,,2017-11-27T21:31:00,,,,,,,,,,,,,,,,,,
2017-11-27 23:00:00,1002.2,21.3,91.0,0.3,43.0,1.7,75.0,0.0,,,,,,,,,,2017-11-27T22:40:00,,,,,,,,,,,,,,,,,,
2017-11-28 00:00:00,1002.1,20.8,92.0,0.1,0.0,1.4,68.0,0.0,,,,,,,,,,2017-11-27T23:14:00,,,,,,,,,,,,,,,,,,
2017-11-28 01:00:00,1001.9,20.3,93.0,0.6,101.0,1.2,87.0,0.0,,,,,,,,,,2017-11-28T00:21:00,,,,,,,,,,,,,,,,,,
2017-11-28 02:00:00,1001.6,20.1,94.0,1.2,74.0,1.6,75.0,0.0,,,,,,,,,,2017-11-28T01:59:00,,,,,,,,,,,,,,,,,,
2017-11-28 03:00:00,1001.4,20.5,93.0,1.1,60.0,1.9,77.0,0.0,,,,,,,,,,2017-11-28T02:01:00,,,,,,,,,,,,,,,,,,
2017-11-28 04:00:00,1001.3,20.0,94.0,0.8,73.0,1.5,55.0,0.0,,,,,,,,,,2017-11-28T03:01:00,,,,,,,,,,,,,,,,,,
2017-11-28 05:00:00,1001.7,19.5,95.0,0.3,148.0,1.8,58.0,0.0,,,,,,,,,,2017-11-28T04:08:00,,,,,,,,,,,,,,,,,,
2017-11-28 06:00:00,1002.3,19.6,96.0,0.6,312.0,1.0,312.0,0.0,,,,,,,,,,2017-11-28T05:56:00,,,,,,,,,,,,,,,,,,
2017-11-28 07:00:00,1003.1,19.6,96.0,1.0,76.0,1.5,90.0,0.0,,,,,,,,,,2017-11-28T06:35:00,,,,,,,,,,,,,,,,,,
2017-11-28 08:00:00,1003.7,21.8,90.0,1.0,348.0,1.7,338.0,0.0,,,,,,,,,,2017-11-28T07:57:00,,,,,,,,,,,,,,,,,,
2017-11-28 09:00:00,1004.0,24.7,76.0,0.3,267.0,1.8,272.0,0.0,,,,,,,,,,2017-11-28T08:51:00,,,,,,,,,,,,,,,,,,
2017-11-28 10:00:00,1003.9,27.6,66.0,1.1,202.0,2.9,222.0,0.0,,,,,,,,,,2017-11-28T09:54:00,,,,,,,,,,,,,,,,,,
2017-11-28 11:00:00,1003.1,29.2,60.0,1.2,196.0,3.2,260.0,0.0,,,,,,,,,,2017-11-28T10:27:00,,,,,,,,,,,,,,,,,,
2017-11-28 12:00:00,1002.2,30.7,56.0,1.5,212.0,3.3,221.0,0.0,,,,,,,,,,2017-11-28T11:02:00,,,,,,,,,,,,,,,,,,
2017-11-28 13:00:00,1001.2,31.3,53.0,2.0,218.0,4.7,226.0,0.0,,,,,,,,,,2017-11-28T12:48:00,,,,,,,,,,,,,,,,,,
2017-11-28 14:00:00,1000.7,31.0,54.0,1.9,273.0,4.4,244.0,0.0,,,,,,,,,,2017-11-28T13:17:00,,,,,,,,,,,,,,,,,,
2017-11-28 15:00:00,1000.5,30.7,54.0,1.9,270.0,4.2,276.0,0.0,,,,,,,,,,2017-11-28T14:24:00,,,,,,,,,,,,,,,,,,
2017-11-28 16:00:00,1000.7,29.6,60.0,2.5,242.0,3.8,258.0,0.0,,,,,,,,,,2017-11-28T15:57:00,,,,,,,,,,,,,,,,,,
2017-11-28 17:00:00,1001.2,26.8,72.0,1.9,207.0,3.7,261.0,0.0,,,,,,,,,,2017-11-28T16:06:00,,,,,,,,,,,,,,,,,,
2017-11-28 18:00:00,1001.9,25.2,78.0,2.1,198.0,2.9,207.0,0.0,,,,,,,,,,2017-11-28T17:42:00,,,,,,,,,,,,,,,,,,
2017-11-28 19:00:00,1002.5,24.2,84.0,0.4,88.0,2.5,204.0,0.0,,,,,,,,,,2017-11-28T18:01:00,,,,,,,,,,,,,,,,,,
2017-11-28 20:00:00,1002.9,22.9,89.0,1.0,64.0,1.7,70.0,0.0,,,,,,,,,,2017-11-28T19:51:00,,,,,,,,,,,,,,,,,,
2017-11-28 21:00:00,1002.8,22.3,91.0,0.8,85.0,2.0,77.0,0.0,,,,,,,,,,2017-11-28T20:45:00,,,,,,,,,,,,,,,,,,
2017-11-28 22:00:00,1002.8,21.9,92.0,0.3,80.0,1.6,74.0,0.0,,,,,,,,,,2017-11-28T21:22:00,,,,,,,,,,,,,,,,,,
2017-11-28 23:00:00,1002.8,21.2,93.0,0.4,132.0,1.6,64.0,0.0,,,,,,,,,,2017-11-28T22:12:00,,,,,,,,,,,,,,,,,,
2017-11-29 00:00:00,1002.9,21.0,94.0,0.3,59.0,1.8,61.0,0.0,,,,,,,,,,2017-11-28T23:42:00,,,,,,,,,,,,,,,,,,
2017-11-29 01:00:00,1002.8,20.5,95.0,0.5,98.0,1.4,88.0,0.0,,,,,,,,,,2017-11-29T00:21:00,,,,,,,,,,,,,,,,,,
2017-11-29 02:00:00,1002.2,20.3,95.0,0.2,0.0,1.5,58.0,0.0,,,,,,,,,,2017-11-29T01:54:00,,,,,,,,,,,,,,,,,,
2017-11-29 03:00:00,1002.4,20.5,94.0,0.7,42.0,2.5,59.0,0.0,,,,,,,,,,2017-11-29T02:35:00,,,,,,,,,,,,,,,,,,
2017-11-29 04:00:00,1002.7,19.9,93.0,0.6,136.0,2.1,56.0,0.0,,,,,,,,,,2017-11-29T03:14:00,,,,,,,,,,,,,,,,,,
2017-11-29 05:00:00,1002.6,20.5,91.0,1.1,31.0,2.0,352.0,0.0,,,,,,,,,,2017-11-29T04:53:00,,,,,,,,,,,,,,,,,,
2017-11-29 06:00:00,1003.1,20.1,91.0,1.4,57.0,2.4,74.0,0.0,,,,,,,,,,2017-11-29T05:07:00,,,,,,,,,,,,,,,,,,
2017-11-29 07:00:00,1003.6,19.7,90.0,1.1,70.0,2.8,68.0,0.0,,,,,,,,,,2017-11-29T06:03:00,,,,,,,,,,,,,,,,,,
2017-11-29 08:00:00,1004.0,21.5,84.0,1.0,85.0,2.3,86.0,0.0,,,,,,,,,,2017-11-29T07:39:00,,,,,,,,,,,,,,,,,,
2017-11-29 09:00:00,1004.0,24.0,75.0,0.6,290.0,1.9,354.0,0.0,,,,,,,,,,2017-11-29T08:33:00,,,,,,,,,,,,,,,,,,
2017-11-29 10:00:00,1003.6,26.9,68.0,1.4,208.0,2.7,208.0,0.0,,,,,,,,,,2017-11-29T09:45:00,,,,,,,,,,,,,,,,,,
2017-11-29 11:00:00,1003.1,28.6,63.0,1.9,232.0,3.8,197.0,0.0,,,,,,,,,,2017-11-29T10:36:00,,,,,,,,,,,,,,,,,,
2017-11-29 12:00:00,1002.7,29.1,61.0,3.1,236.0,5.0,227.0,0.0,,,,,,,,,,2017-11-29T11:58:00,,,,,,,,,,,,,,,,,,
2017-11-29 13:00:00,1001.3,29.7,57.0,2.2,255.0,4.1,289.0,0.0,,,,,,,,,,2017-11-29T12:11:00,,,,,,,,,,,,,,,,,,
2017-11-29 14:00:00,1000.3,29.7,58.0,2.6,267.0,4.6,158.0,0.0,,,,,,,,,,2017-11-29T13:47:00,,,,,,,,,,,,,,,,,,
2017-11-29 15:00:00,999.7,29.5,59.0,1.4,293.0,4.4,253.0,0.0,,,,,,,,,,2017-11-29T14:36:00,,,,,,,,,,,,,,,,,,
2017-11-29 16:00:00,1000.0,28.2,63.0,1.6,289.0,4.5,280.0,0.0,,,,,,,,,,2017-11-29T15:48:00,,,,,,,,,,,,,,,,,,
2017-11-29 17:00:00,1000.6,26.1,71.0,1.5,280.0,4.8,291.0,0.0,,,,,,,,,,2017-11-29T16:10:00,,,,,,,,,,,,,,,,,,
2017-11-29 18:00:00,1001.2,24.3,77.0,0.7,260.0,2.2,231.0,0.0,,,,,,,,,,2017-11-29T17:35:00,,,,,,,,,,,,,,,,,,
2017-11-29 19:00:00,1001.9,22.8,85.0,0.8,95.0,1.3,248.0,0.0,,,,,,,,,,2017-11-29T18:01:00,,,,,,,,,,,,,,,,,,
2017-11-29 20:00:00,1002.3,22.0,89.0,0.3,350.0,1.7,59.0,0.0,,,,,,,,,,2017-11-29T19:09:00,,,,,,,,,,,,,,,,,,
2017-11-29 21:00:00,1002.7,21.3,91.0,1.1,70.0,1.4,87.0,0.0,,,,,,,,,,2017-11-29T20:13:00,,,,,,,,,,,,,,,,,,
2017-11-29 22:00:00,1002.7,21.0,92.0,0.7,355.0,1.8,61.0,0.0,,,,,,,,,,2017-11-29T21:24:00,,,,,,,,,,,,,,,,,,
2017-11-29 23:00:00,1002.5,20.6,93.0,0.2,0.0,1.7,106.0,0.0,,,,,,,,,,2017-11-29T22:19:00,,,,,,,,,,,,,,,,,,
2017-11-30 00:00:00,1002.0,20.2,93.0,0.7,92.0,1.5,72.0,0.0,,,,,,,,,,2017-11-29T23:21:00,,,,,,,,,,,,,,,,,,
2017-11-30 01:00:00,1001.6,20.1,94.0,0.7,356.0,1.6,12.0,0.0,,,,,,,,,,2017-11-30T00:39:00,,,,,,,,,,,,,,,,,,
2017-11-30 02:00:00,1001.2,19.7,95.0,0.0,0.0,1.5,119.0,0.0,,,,,,,,,,2017-11-30T01:07:00,,,,,,,,,,,,,,,,,,
2017-11-30 03:00:00,1000.8,19.7,95.0,0.1,0.0,1.1,119.0,0.0,,,,,,,,,,2017-11-30T02:07:00,,,,,,,,,,,,,,,,,,
2017-11-30 04:00:00,1000.7,20.0,96.0,0.2,0.0,1.1,103.0,0.0,,,,,,,,,,2017-11-30T03:41:00,,,,,,,,,,,,,,,,,,
2017-11-30 05:00:00,1000.9,20.1,97.0,1.0,25.0,1.5,8.0,0.0,,,,,,,,,,2017-11-30T04:58:00,,,,,,,,,,,,,,,,,,
2017-11-30 06:00:00,1001.2,20.1,98.0,1.2,73.0,2.2,66.0,0.0,,,,,,,,,,2017-11-30T05:59:00,,,,,,,,,,,,,,,,,,
2017-11-30 07:00:00,1001.6,20.0,97.0,1.1,18.0,2.6,5.0,0.0,,,,,,,,,,2017-11-30T06:13:00,,,,,,,,,,,,,,,,,,
2017-11-30 08:00:00,1002.1,20.2,97.0,1.0,38.0,2.4,63.0,0.0,,,,,,,,,,2017-11-30T07:04:00,,,,,,,,,,,,,,,,,,
2017-11-30 09:00:00,1002.5,21.3,91.0,1.0,157.0,2.0,74.0,0.0,,,,,,,,,,2017-11-30T08:03:00,,,,,,,,,,,,,,,,,,
2017-11-30 10:00:00,1002.3,25.7,74.0,1.8,217.0,3.3,234.0,0.0,,,,,,,,,,2017-11-30T09:57:00,,,,,,,,,,,,,,,,,,
2017-11-30 11:00:00,1001.7,26.4,71.0,1.0,220.0,3.7,226.0,0.0,,,,,,,,,,2017-11-30T10:52:00,,,,,,,,,,,,,,,,,,
2017-11-30 12:00:00,1000.7,28.1,67.0,2.3,208.0,4.3,197.0,0.0,,,,,,,,,,2017-11-30T11:09:00,,,,,,,,,,,,,,,,,,
2017-11-30 13:00:00,999.6,28.2,65.0,1.5,234.0,4.9,216.0,0.0,,,,,,,,,,2017-11-30T12:09:00,,,,,,,,,,,,,,,,,,
2017-11-30 14:00:00,998.9,28.8,61.0,1.8,215.0,4.0,241.0,0.0,,,,,,,,,,2017-11-30T13:31:00,,,,,,,,,,,,,,,,,,
2017-11-30 15:00:00,998.3,28.4,63.0,2.3,239.0,4.1,209.0,0.0,,,,,,,,,,2017-11-30T14:03:00,,,,,,,,,,,,,,,,,,
2017-11-30 16:00:00,998.6,27.7,64.0,1.9,249.0,3.7,242.0,0.0,,,,,,,,,,2017-11-30T15:35:00,,,,,,,,,,,,,,,,,,
2017-11-30 17:00:00,999.1,25.4,72.0,1.1,267.0,3.3,221.0,0.0,,,,,,,,,,2017-11-30T16:01:00,,,,,,,,,,,,,,,,,,
2017-11-30 18:00:00,999.6,23.8,80.0,0.4,189.0,1.9,285.0,0.0,,,,,,,,,,2017-11-30T17:01:00,,,,,,,,,,,,,,,,,,
2017-11-30 19:00:00,1000.4,22.2,87.0,0.9,92.0,1.3,72.0,0.0,,,,,,,,,,2017-11-30T18:43:00,,,,,,,,,,,,,,,,,,
2017-11-30 20:00:00,1000.7,22.0,87.0,0.5,176.0,1.7,158.0,0.0,,,,,,,,,,2017-11-30T19:24:00,,,,,,,,,,,,,,,,,,
2017-11-30 21:00:00,1001.0,21.0,91.0,0.7,90.0,1.4,111.0,0.0,,,,,,,,,,2017-11-30T20:48:00,,,,,,,,,,,,,,,,,,
2017-11-30 22:00:00,1001.1,20.7,92.0,0.8,155.0,1.3,235.0,0.0,,,,,,,,,,2017-11-30T21:25:00,,,,,,,,,,,,,,,,,,
2017-11-30 23:00:00,1001.0,20.4,93.0,0.3,162.0,1.7,150.0,0.0,,,,,,,,,,2017-11-30T22:33:00,,,,,,,,,,,,,,,,,,
2017-12-01 00:00:00,1000.7,19.9,94.0,0.2,0.0,1.0,128.0,0.0,,,,,,,,,,2017-11-30T23:54:00,,,,,,,,,,,,,,,,,,
2017-12-01 01:00:00,1000.4,19.6,94.0,0.0,0.0,1.0,325.0,0.0,,,,,,,,,,2017-12-01T00:34:00,,,,,,,,,,,,,,,,,,
2017-12-01 02:00:00,1000.4,19.5,95.0,0.6,186.0,1.1,190.0,0.0,,,,,,,,,,2017-12-01T01:43:00,,,,,,,,,,,,,,,,,,
2017-12-01 03:00:00,1000.0,19.9,96.0,0.4,221.0,1.1,242.0,0.0,,,,,,,,,,2017-12-01T02:41:00,,,,,,,,,,,,,,,,,,
2017-12-01 04:00:00,999.8,19.9,96.0,0.8,287.0,1.4,288.0,0.0,,,,,,,,,,2017-12-01T03:56:00,,,,,,,,,,,,,,,,,,
2017-12-01 05:00:00,999.9,19.8,97.0,0.6,80.0,1.0,339.0,0.0,,,,,,,,,,2017-12-01T04:10:00,,,,,,,,,,,,,,,,,,
2017-12-01 06:00:00,1000.5,20.0,97.0,0.0,0.0,0.8,105.0,0.0,,,,,,,,,,2017-12-01T05:08:00,,,,,,,,,,,,,,,,,,
2017-12-01 07:00:00,1001.0,20.1,97.0,0.5,217.0,1.8,160.0,0.0,,,,,,,,,,2017-12-01T06:25:00,,,,,,,,,,,,,,,,,,
2017-12-01 08:00:00,1001.6,20.4,96.0,0.6,211.0,1.7,333.0,0.0,,,,,,,,,,2017-12-01T07:46:00,,,,,,,,,,,,,,,,,,
2017-12-01 09:00:00,1002.1,21.5,91.0,1.1,262.0,1.6,267.0,0.0,,,,,,,,,,2017-12-01T08:57:00,,,,,,,,,,,,,,,,,,
2017-12-01 10:00:00,1002.4,22.7,85.0,1.6,202.0,2.9,187.0,0.0,,,,,,,,,,2017-12-01T09:56:00,,,,,,,,,,,,,,,,,,
2017-12-01 11:00:00,1001.7,25.7,73.0,2.1,207.0,3.6,220.0,0.0,,,,,,,,,,2017-12-01T10:50:00,,,,,,,,,,,,,,,,,,
2017-12-01 12:00:00,1001.3,25.8,71.0,2.3,197.0,3.9,151.0,0.0,,,,,,,,,,2017-12-01T11:36:00,,,,,,,,,,,,,,,,,,
2017-12-01 13:00:00,1000.8,25.9,69.0,2.7,228.0,4.1,215.0,0.0,,,,,,,,,,2017-12-01T12:43:00,,,,,,,,,,,,,,,,,,
2017-12-01 14:00:00,1000.2,26.3,67.0,1.3,280.0,4.5,221.0,0.0,,,,,,,,,,2017-12-01T13:20:00,,,,,,,,,,,,,,,,,,
2017-12-01 15:00:00,1000.2,25.7,70.0,1.0,261.0,2.9,253.0,0.0,,,,,,,,,,2017-12-01T14:05:00,,,,,,,,,,,,,,,,,,
2017-12-01 16:00:00,1000.5,24.7,72.0,1.0,276.0,2.4,234.0,0.0,,,,,,,,,,2017-12-01T15:45:00,,,,,,,,,,,,,,,,,,
2017-12-01 17:00:00,1000.9,24.2,74.0,0.8,279.0,1.7,276.0,0.0,,,,,,,,,,2017-12-01T16:02:00,,,,,,,,,,,,,,,,,,
2017-12-01 18:00:00,1001.2,23.3,77.0,0.8,181.0,1.5,260.0,0.0,,,,,,,,,,2017-12-01T17:39:00,,,,,,,,,,,,,,,,,,
2017-12-01 19:00:00,1001.9,22.0,82.0,1.9,205.0,2.8,194.0,0.0,,,,,,,,,,2017-12-01T18:56:00,,,,,,,,,,,,,,,,,,
2017-12-01 20:00:00,1002.2,21.7,82.0,0.3,155.0,2.4,210.0,0.0,,,,,,,,,,2017-12-01T19:04:00,,,,,,,,,,,,,,,,,,
2017-12-01 21:00:00,1002.6,21.5,83.0,0.8,192.0,1.4,222.0,0.0,,,,,,,,,,2017-12-01T20:42:00,,,,,,,,,,,,,,,,,,
2017-12-01 22:00:00,1002.7,21.4,83.0,1.0,174.0,1.7,182.0,0.0,,,,,,,,,,2017-12-01T21:54:00,,,,,,,,,,,,,,,,,,
2017-12-01 23:00:00,1002.6,21.2,84.0,1.1,191.0,1.8,194.0,0.0,,,,,,,,,,2017-12-01T22:40:00,,,,,,,,,,,,,,,,,,
2017-12-02 00:00:00,1002.3,21.1,84.0,0.6,293.0,1.3,197.0,0.0,,,,,,,,,,2017-12-01T23:03:00,,,,,,,,,,,,,,,,,,
2017-12-02 01:00:00,1002.2,21.0,84.0,0.7,84.0,1.8,197.0,0.0,,,,,,,,,,2017-12-02T00:25:00,,,,,,,,,,,,,,,,,,
2017-12-02 02:00:00,1001.8,21.1,86.0,0.9,230.0,1.7,78.0,0.0,,,,,,,,,,2017-12-02T01:08:00,,,,,,,,,,,,,,,,,,
2017-12-02 03:00:00,1001.6,20.6,89.0,1.0,222.0,1.4,228.0,0.0,,,,,,,,,,2017-12-02T02:57:00,,,,,,,,,,,,,,,,,,
2017-12-02 04:00:00,1001.1,20.9,87.0,0.7,74.0,1.5,79.0,0.0,,,,,,,,,,2017-12-02T03:51:00,,,,,,,,,,,,,,,,,,
2017-12-02 05:00:00,1001.2,20.9,88.0,0.3,312.0,1.0,91.0,0.0,,,,,,,,,,2017-12-02T04:32:00,,,,,,,,,,,,,,,,,,
2017-12-02 06:00:00,1001.8,19.9,92.0,0.0,0.0,1.2,187.0,0.0,,,,,,,,,,2017-12-02T05:34:00,,,,,,,,,,,,,,,,,,
2017-12-02 07:00:00,1002.2,20.1,94.0,0.2,0.0,1.2,258.0,0.0,,,,,,,,,,2017-12-02T06:14:00,,,,,,,,,,,,,,,,,,
2017-12-02 08:00:00,1002.9,22.1,86.0,1.0,187.0,2.2,208.0,0.0,,,,,,,,,,2017-12-02T07:53:00,,,,,,,,,,,,,,,,,,
2017-12-02 09:00:00,1003.0,25.5,72.0,1.9,220.0,3.2,215.0,0.0,,,,,,,,,,2017-12-02T08:55:00,,,,,,,,,,,,,,,,,,
2017-12-02 10:00:00,1002.8,24.4,75.0,2.9,227.0,4.7,222.0,0.0,,,,,,,,,,2017-12-02T09:56:00,,,,,,,,,,,,,,,,,,
2017-12-02 11:00:00,1002.4,25.1,71.0,1.6,219.0,4.2,224.0,0.0,,,,,,,,,,2017-12-02T10:04:00,,,,,,,,,,,,,,,,,,
2017-12-02 12:00:00,1001.6,28.5,61.0,2.1,259.0,3.8,216.0,0.0,,,,,,,,,,2017-12-02T12:00:00,,,,,,,,,,,,,,,,,,
2017-12-02 13:00:00,1000.3,28.8,59.0,1.9,220.0,3.9,198.0,0.0,,,,,,,,,,2017-12-02T12:10:00,,,,,,,,,,,,,,,,,,
2017-12-02 14:00:00,999.8,27.9,61.0,2.2,244.0,4.1,282.0,0.0,,,,,,,,,,2017-12-02T13:21:00,,,,,,,,,,,,,,,,,,
2017-12-02 15:00:00,1000.0,26.8,63.0,1.8,259.0,3.9,235.0,0.0,,,,,,,,,,2017-12-02T14:35:00,,,,,,,,,,,,,,,,,,
2017-12-02 16:00:00,1000.1,25.6,67.0,1.7,278.0,3.1,281.0,0.0,,,,,,,,,,2017-12-02T15:43:00,,,,,,,,,,,,,,,,,,
2017-12-02 17:00:00,1000.6,24.5,71.0,1.0,262.0,2.6,244.0,0.0,,,,,,,,,,2017-12-02T16:14:00,,,,,,,,,,,,,,,,,,
2017-12-02 18:00:00,1000.8,23.6,75.0,0.1,0.0,1.9,270.0,0.0,,,,,,,,,,2017-12-02T17:09:00,,,,,,,,,,,,,,,,,,
2017-12-02 19:00:00,1001.2,23.0,81.0,1.4,224.0,1.7,221.0,0.0,,,,,,,,,,2017-12-02T18:38:00,,,,,,,,,,,,,,,,,,
2017-12-02 20:00:00,1001.5,22.1,83.0,1.5,201.0,2.1,212.0,0.0,,,,,,,,,,2017-12-02T19:56:00,,,,,,,,,,,,,,,,,,
2017-12-02 21:00:00,1001.5,20.9,86.0,1.0,221.0,2.5,150.0,0.0,,,,,,,,,,2017-12-02T20:09:00,,,,,,,,,,,,,,,,,,
2017-12-02 22:00:00,1001.7,20.3,88.0,0.9,208.0,2.4,142.0,0.0,,,,,,,,,,2017-12-02T21:32:00,,,,,,,,,,,,,,,,,,
2017-12-02 23:00:00,1001.8,19.8,89.0,1.4,185.0,2.2,199.0,0.0,,,,,,,,,,2017-12-02T22:08:00,,,,,,,,,,,,,,,,,,
2017-12-03 00:00:00,1001.5,19.7,90.0,0.5,150.0,1.8,208.0,0.0,,,,,,,,,,2017-12-02T23:01:00,,,,,,,,,,,,,,,,,,
2017-12-03 01:00:00,1001.3,19.9,90.0,0.4,213.0,1.3,205.0,0.0,,,,,,,,,,2017-12-03T00:44:00,,,,,,,,,,,,,,,,,,
2017-12-03 02:00:00,1000.9,20.0,91.0,0.5,185.0,1.5,205.0,0.0,,,,,,,,,,2017-12-03T02:00:00,,,,,,,,,,,,,,,,,,
2017-12-03 03:00:00,1000.3,19.9,91.0,1.1,201.0,1.7,204.0,0.0,,,,,,,,,,2017-12-03T02:59:00,,,,,,,,,,,,,,,,,,
2017-12-03 04:00:00,1000.3,19.7,92.0,0.2,0.0,2.0,191.0,0.0,,,,,,,,,,2017-12-03T03:32:00,,,,,,,,,,,,,,,,,,
2017-12-03 05:00:00,1000.5,19.4,92.0,1.2,190.0,1.5,191.0,0.0,,,,,,,,,,2017-12-03T04:59:00,,,,,,,,,,,,,,,,,,
2017-12-03 06:00:00,1001.1,19.1,93.0,0.1,0.0,1.8,161.0,0.0,,,,,,,,,,2017-12-03T05:04:00,,,,,,,,,,,,,,,,,,
2017-12-03 07:00:00,1001.6,19.6,94.0,0.5,326.0,1.2,98.0,0.0,,,,,,,,,,2017-12-03T06:28:00,,,,,,,,,,,,,,,,,,
2017-12-03 08:00:00,1001.8,20.5,90.0,0.7,69.0,1.7,80.0,0.0,,,,,,,,,,2017-12-03T07:53:00,,,,,,,,,,,,,,,,,,
2017-12-03 09:00:00,1002.2,22.1,85.0,1.4,222.0,2.2,200.0,0.0,,,,,,,,,,2017-12-03T08:31:00,,,,,,,,,,,,,,,,,,
2017-12-03 10:00:00,1001.8,25.7,71.0,2.5,205.0,4.1,219.0,0.0,,,,,,,,,,2017-12-03T09:57:00,,,,,,,,,,,,,,,,,,
2017-12-03 11:00:00,1001.4,25.7,71.0,2.8,202.0,4.6,210.0,0.0,,,,,,,,,,2017-12-03T10:13:00,,,,,,,,,,,,,,,,,,
2017-12-03 12:00:00,1000.7,25.4,71.0,2.2,220.0,4.6,188.0,0.0,,,,,,,,,,2017-12-03T11:24:00,,,,,,,,,,,,,,,,,,
2017-12-03 13:00:00,999.7,25.9,70.0,2.1,215.0,3.6,206.0,0.0,,,,,,,,,,2017-12-03T12:10:00,,,,,,,,,,,,,,,,,,
2017-12-03 14:00:00,998.7,27.2,67.0,1.9,256.0,3.8,215.0,0.0,,,,,,,,,,2017-12-03T13:09:00,,,,,,,,,,,,,,,,,,
2017-12-03 15:00:00,998.2,27.6,66.0,1.4,275.0,3.0,275.0,0.0,,,,,,,,,,2017-12-03T14:53:00,,,,,,,,,,,,,,,,,,
2017-12-03 16:00:00,998.1,26.2,71.0,1.3,231.0,2.9,293.0,0.0,,,,,,,,,,2017-12-03T15:03:00,,,,,,,,,,,,,,,,,,
2017-12-03 17:00:00,998.5,24.9,76.0,1.1,179.0,2.7,225.0,0.0,,,,,,,,,,2017-12-03T16:28:00,,,,,,,,,,,,,,,,,,
2017-12-03 18:00:00,999.1,23.7,80.0,1.4,206.0,2.9,180.0,0.0,,,,,,,,,,2017-12-03T17:09:00,,,,,,,,,,,,,,,,,,
2017-12-03 19:00:00,999.6,23.0,83.0,0.9,187.0,2.3,184.0,0.0,,,,,,,,,,2017-12-03T18:23:00,,,,,,,,,,,,,,,,,,
2017-12-03 20:00:00,999.9,22.5,84.0,1.0,171.0,2.2,168.0,0.0,,,,,,,,,,2017-12-03T19:38:00,,,,,,,,,,,,,,,,,,
2017-12-03 21:00:00,1000.5,21.4,87.0,1.0,175.0,2.3,155.0,0.0,,,,,,,,,,2017-12-03T20:46:00,,,,,,,,,,,,,,,,,,
2017-12-03 22:00:00,1000.8,20.7,90.0,0.0,0.0,2.3,146.0,0.0,,,,,,,,,,2017-12-03T21:36:00,,,,,,,,,,,,,,,,,,
2017-12-03 23:00:00,1000.9,19.9,92.0,1.1,174.0,1.9,163.0,0.0,,,,,,,,,,2017-12-03T22:59:00,,,,,,,,,,,,,,,,,,
2017-12-04 00:00:00,1000.8,19.4,93.0,0.8,181.0,1.9,174.0,0.0,,,,,,,,,,2017-12-03T23:46:00,,,,,,,,,,,,,,,,,,
2017-12-04 01:00:00,1001.0,19.1,94.0,0.3,100.0,1.5,124.0,0.0,,,,,,,,,,2017-12-04T00:47:00,,,,,,,,,,,,,,,,,,
2017-12-04 02:00:00,1000.8,19.4,95.0,0.3,120.0,1.1,118.0,0.0,,,,,,,,,,2017-12-04T01:52:00,,,,,,,,,,,,,,,,,,
2017-12-04 03:00:00,1000.4,19.4,96.0,0.5,177.0,1.2,178.0,0.0,,,,,,,,,,2017-12-04T02:57:00,,,,,,,,,,,,,,,,,,
2017-12-04 04:00:00,1000.6,18.8,96.0,0.7,231.0,1.2,215.0,0.0,,,,,,,,,,2017-12-04T03:54:00,,,,,,,,,,,,,,,,,,
2017-12-04 05:00:00,1000.6,18.7,96.0,1.0,127.0,1.4,360.0,0.0,,,,,,,,,,2017-12-04T04:23:00,,,,,,,,,,,,,,,,,,
2017-12-04 06:00:00,1000.9,18.9,97.0,0.4,215.0,1.3,126.0,0.0,,,,,,,,,,2017-12-04T05:09:00,,,,,,,,,,,,,,,,,,
2017-12-04 07:00:00,1001.4,19.0,98.0,0.5,73.0,1.3,115.0,0.0,,,,,,,,,,2017-12-04T06:31:00,,,,,,,,,,,,,,,,,,
2017-12-04 08:00:00,1001.6,19.3,98.0,0.4,190.0,1.5,83.0,0.0,,,,,,,,,,2017-12-04T07:01:00,,,,,,,,,,,,,,,,,,
2017-12-04 09:00:00,1002.0,20.2,97.0,1.6,250.0,2.2,215.0,0.0,,,,,,,,,,2017-12-04T08:57:00,,,,,,,,,,,,,,,,,,
2017-12-04 10:00:00,1002.1,20.5,93.0,2.2,223.0,4.3,230.0,0.0,,,,,,,,,,2017-12-04T09:46:00,,,,,,,,,,,,,,,,,,
2017-12-04 11:00:00,1001.5,23.2,79.0,1.7,181.0,4.6,222.0,0.0,,,,,,,,,,2017-12-04T10:01:00,,,,,,,,,,,,,,,,,,
2017-12-04 12:00:00,1001.1,24.8,69.0,1.5,228.0,3.3,203.0,0.0,,,,,,,,,,2017-12-04T11:12:00,,,,,,,,,,,,,,,,,,
2017-12-04 13:00:00,999.9,26.7,61.0,2.0,220.0,4.1,272.0,0.0,,,,,,,,,,2017-12-04T12:46:00,,,,,,,,,,,,,,,,,,
2017-12-04 14:00:00,999.1,27.1,59.0,1.5,243.0,4.1,256.0,0.0,,,,,,,,,,2017-12-04T13:01:00,,,,,,,,,,,,,,,,,,
2017-12-04 15:00:00,998.8,27.2,56.0,1.4,234.0,4.0,254.0,0.0,,,,,,,,,,2017-12-04T14:25:00,,,,,,,,,,,,,,,,,,
2017-12-04 16:00:00,999.0,25.5,57.0,1.5,288.0,4.5,293.0,0.0,,,,,,,,,,2017-12-04T15:53:00,,,,,,,,,,,,,,,,,,
2017-12-04 17:00:00,999.6,22.5,64.0,1.5,271.0,5.0,248.0,0.0,,,,,,,,,,2017-12-04T16:26:00,,,,,,,,,,,,,,,,,,
2017-12-04 18:00:00,1000.2,20.9,73.0,1.1,173.0,3.3,233.0,0.0,,,,,,,,,,2017-12-04T17:07:00,,,,,,,,,,,,,,,,,,
2017-12-04 19:00:00,1000.8,20.1,76.0,0.7,97.0,2.1,190.0,0.0,,,,,,,,,,2017-12-04T18:32:00,,,,,,,,,,,,,,,,,,
2017-12-04 20:00:00,1001.1,19.3,83.0,0.7,76.0,1.4,102.0,0.0,,,,,,,,,,2017-12-04T19:43:00,,,,,,,,,,,,,,,,,,
2017-12-04 21:00:00,1001.6,18.5,87.0,1.4,188.0,2.3,210.0,0.0,,,,,,,,,,2017-12-04T20:58:00,,,,,,,,,,,,,,,,,,
2017-12-04 22:00:00,1001.7,17.9,87.0,0.4,168.0,1.9,176.0,0.0,,,,,,,,,,2017-12-04T21:01:00,,,,,,,,,,,,,,,,,,
2017-12-04 23:00:00,1001.7,17.5,88.0,0.0,0.0,1.1,153.0,0.0,,,,,,,,,,2017-12-04T22:19:00,,,,,,,,,,,,,,,,,,
2017-12-05 00:00:00,1002.2,17.2,91.0,0.3,69.0,1.2,59.0,0.0,,,,,,,,,,2017-12-04T23:55:00,,,,,,,,,,,,,,,,,,
2017-12-05 01:00:00,1002.2,17.0,93.0,0.0,0.0,0.9,120.0,0.0,,,,,,,,,,2017-12-05T00:05:00,,,,,,,,,,,,,,,,,,
2017-12-05 02:00:00,1002.0,17.0,93.0,0.7,94.0,1.2,86.0,0.0,,,,,,,,,,2017-12-05T01:50:00,,,,,,,,,,,,,,,,,,
2017-12-05 03:00:00,1002.3,17.5,94.0,0.0,0.0,1.8,350.0,0.0,,,,,,,,,,2017-12-05T02:26:00,,,,,,,,,,,,,,,,,,
2017-12-05 04:00:00,1002.2,17.2,94.0,0.0,0.0,1.3,252.0,0.0,,,,,,,,,,2017-12-05T03:20:00,,,,,,,,,,,,,,,,,,
2017-12-05 05:00:00,1003.0,16.9,95.0,0.7,103.0,1.5,179.0,0.0,,,,,,,,,,2017-12-05T04:40:00,,,,,,,,,,,,,,,,,,
2017-12-05 06:00:00,1003.5,17.7,95.0,0.2,0.0,1.6,341.0,0.0,,,,,,,,,,2017-12-05T05:52:00,,,,,,,,,,,,,,,,,,
2017-12-05 07:00:00,1004.2,17.6,95.0,0.7,100.0,1.0,216.0,0.0,,,,,,,,,,2017-12-05T06:32:00,,,,,,,,,,,,,,,,,,
2017-12-05 08:00:00,1005.2,18.6,94.0,1.3,177.0,2.1,167.0,0.0,,,,,,,,,,2017-12-05T07:57:00,,,,,,,,,,,,,,,,,,
2017-12-05 09:00:00,1005.5,19.6,88.0,0.4,298.0,2.4,214.0,0.0,,,,,,,,,,2017-12-05T08:11:00,,,,,,,,,,,,,,,,,,
2017-12-05 10:00:00,1005.0,22.3,77.0,2.3,195.0,3.9,177.0,0.0,,,,,,,,,,2017-12-05T09:55:00,,,,,,,,,,,,,,,,,,
2017-12-05 11:00:00,1004.2,24.7,65.0,1.2,219.0,3.4,194.0,0.0,,,,,,,,,,2017-12-05T10:11:00,,,,,,,,,,,,,,,,,,
2017-12-05 12:00:00,1003.1,25.6,56.0,2.3,263.0,4.7,300.0,0.0,,,,,,,,,,2017-12-05T11:09:00,,,,,,,,,,,,,,,,,,
2017-12-05 13:00:00,1002.4,25.8,52.0,2.9,268.0,5.9,247.0,0.0,,,,,,,,,,2017-12-05T12:58:00,,,,,,,,,,,,,,,,,,
2017-12-05 14:00:00,1001.9,25.5,50.0,1.6,304.0,5.0,282.0,0.0,,,,,,,,,,2017-12-05T13:14:00,,,,,,,,,,,,,,,,,,
2017-12-05 15:00:00,1001.3,24.8,52.0,2.4,281.0,5.3,288.0,0.0,,,,,,,,,,2017-12-05T14:54:00,,,,,,,,,,,,,,,,,,
2017-12-05 16:00:00,1001.2,23.5,55.0,1.9,281.0,4.9,285.0,0.0,,,,,,,,,,2017-12-05T15:08:00,,,,,,,,,,,,,,,,,,
2017-12-05 17:00:00,1001.3,21.0,65.0,1.7,219.0,3.7,272.0,0.0,,,,,,,,,,2017-12-05T16:25:00,,,,,,,,,,,,,,,,,,
2017-12-05 18:00:00,1002.0,19.7,72.0,1.4,198.0,2.6,223.0,0.0,,,,,,,,,,2017-12-05T17:15:00,,,,,,,,,,,,,,,,,,
2017-12-05 19:00:00,1002.5,19.0,72.0,0.3,86.0,2.6,176.0,0.0,,,,,,,,,,2017-12-05T18:36:00,,,,,,,,,,,,,,,,,,
2017-12-05 20:00:00,1002.8,17.4,83.0,1.0,107.0,1.5,110.0,0.0,,,,,,,,,,2017-12-05T19:55:00,,,,,,,,,,,,,,,,,,
2017-12-05 21:00:00,1003.0,16.4,86.0,0.6,104.0,1.5,112.0,0.0,,,,,,,,,,2017-12-05T20:10:00,,,,,,,,,,,,,,,,,,
2017-12-05 22:00:00,1002.8,15.8,89.0,0.3,72.0,1.2,98.0,0.0,,,,,,,,,,2017-12-05T21:26:00,,,,,,,,,,,,,,,,,,
2017-12-05 23:00:00,1002.3,15.1,91.0,0.4,104.0,1.3,93.0,0.0,,,,,,,,,,2017-12-05T22:12:00,,,,,,,,,,,,,,,,,,
2017-12-06 00:00:00,1002.1,15.0,93.0,0.1,0.0,1.4,347.0,0.0,,,,,,,,,,2017-12-05T23:05:00,,,,,,,,,,,,,,,,,,
2017-12-06 01:00:00,1001.7,14.9,94.0,0.1,0.0,1.6,106.0,0.0,,,,,,,,,,2017-12-06T00:08:00,,,,,,,,,,,,,,,,,,
2017-12-06 02:00:00,1001.5,15.0,94.0,0.5,210.0,1.1,196.0,0.0,,,,,,,,,,2017-12-06T01:01:00,,,,,,,,,,,,,,,,,,
2017-12-06 03:00:00,1001.3,15.4,93.0,0.8,28.0,1.4,105.0,0.0,,,,,,,,,,2017-12-06T02:40:00,,,,,,,,,,,,,,,,,,
2017-12-06 04:00:00,1001.5,15.5,94.0,0.4,85.0,1.7,65.0,0.0,,,,,,,,,,2017-12-06T03:11:00,,,,,,,,,,,,,,,,,,
2017-12-06 05:00:00,1001.8,15.3,95.0,0.0,0.0,1.0,223.0,0.0,,,,,,,,,,2017-12-06T04:09:00,,,,,,,,,,,,,,,,,,
2017-12-06 06:00:00,1002.7,15.4,95.0,0.7,206.0,1.1,204.0,0.0,,,,,,,,,,2017-12-06T05:57:00,,,,,,,,,,,,,,,,,,
2017-12-06 07:00:00,1003.0,15.6,95.0,0.2,0.0,1.1,120.0,0.0,,,,,,,,,,2017-12-06T06:47:00,,,,,,,,,,,,,,,,,,
2017-12-06 08:00:00,1003.4,17.0,93.0,0.9,277.0,1.6,261.0,0.0,,,,,,,,,,2017-12-06T07:57:00,,,,,,,,,,,,,,,,,,
2017-12-06 09:00:00,1003.3,18.9,80.0,0.5,82.0,1.6,210.0,0.0,,,,,,,,,,2017-12-06T08:16:00,,,,,,,,,,,,,,,,,,
2017-12-06 10:00:00,1003.6,20.5,74.0,0.7,226.0,2.1,202.0,0.0,,,,,,,,,,2017-12-06T09:31:00,,,,,,,,,,,,,,,,,,
2017-12-06 11:00:00,1003.2,22.4,65.0,1.5,209.0,2.4,205.0,0.0,,,,,,,,,,2017-12-06T10:55:00,,,,,,,,,,,,,,,,,,
2017-12-06 12:00:00,1002.5,24.5,58.0,1.9,285.0,4.6,251.0,0.0,,,,,,,,,,2017-12-06T11:59:00,,,,,,,,,,,,,,,,,,
2017-12-06 13:00:00,1001.6,24.3,56.0,2.6,283.0,6.1,268.0,0.0,,,,,,,,,,2017-12-06T12:59:00,,,,,,,,,,,,,,,,,,
2017-12-06 14:00:00,1001.6,22.6,60.0,1.8,289.0,5.7,289.0,0.0,,,,,,,,,,2017-12-06T13:01:00,,,,,,,,,,,,,,,,,,
2017-12-06 15:00:00,1001.4,22.4,60.0,1.2,299.0,4.4,297.0,0.0,,,,,,,,,,2017-12-06T14:27:00,,,,,,,,,,,,,,,,,,
2017-12-06 16:00:00,1001.7,21.2,65.0,1.0,257.0,2.9,54.0,0.0,,,,,,,,,,2017-12-06T15:24:00,,,,,,,,,,,,,,,,,,
2017-12-06 17:00:00,1002.5,20.1,70.0,1.2,274.0,2.6,273.0,0.0,,,,,,,,,,2017-12-06T16:34:00,,,,,,,,,,,,,,,,,,
2017-12-06 18:00:00,1002.8,19.4,73.0,0.6,276.0,2.2,258.0,0.0,,,,,,,,,,2017-12-06T17:54:00,,,,,,,,,,,,,,,,,,
2017-12-06 19:00:00,1002.8,19.3,75.0,0.9,119.0,1.9,171.0,0.0,,,,,,,,,,2017-12-06T18:30:00,,,,,,,,,,,,,,,,,,
2017-12-06 20:00:00,1003.0,19.3,77.0,0.5,337.0,1.6,119.0,0.0,,,,,,,,,,2017-12-06T19:04:00,,,,,,,,,,,,,,,,,,
2017-12-06 21:00:00,1003.2,18.9,79.0,0.3,257.0,1.6,166.0,0.0,,,,,,,,,,2017-12-06T20:26:00,,,,,,,,,,,,,,,,,,
2017-12-06 22:00:00,1002.8,18.8,81.0,0.5,65.0,1.3,86.0,0.0,,,,,,,,,,2017-12-06T22:00:00,,,,,,,,,,,,,,,,,,
2017-12-06 23:00:00,1002.6,18.2,86.0,0.0,0.0,2.2,67.0,0.0,,,,,,,,,,2017-12-06T22:03:00,,,,,,,,,,,,,,,,,,
2017-12-07 00:00:00,1002.3,18.1,87.0,0.3,1.0,1.5,109.0,0.0,,,,,,,,,,2017-12-06T23:20:00,,,,,,,,,,,,,,,,,,
2017-12-07 01:00:00,1002.1,18.1,82.0,0.4,9.0,2.6,111.0,0.0,,,,,,,,,,2017-12-07T00:20:00,,,,,,,,,,,,,,,,,,
2017-12-07 02:00:00,1001.8,17.3,89.0,1.4,210.0,1.8,182.0,0.0,,,,,,,,,,2017-12-07T01:41:00,,,,,,,,,,,,,,,,,,
2017-12-07 03:00:00,1001.6,16.6,90.0,0.2,0.0,2.4,220.0,0.0,,,,,,,,,,2017-12-07T02:02:00,,,,,,,,,,,,,,,,,,
2017-12-07 04:00:00,1001.6,16.4,92.0,0.2,0.0,1.5,244.0,0.0,,,,,,,,,,2017-12-07T03:34:00,,,,,,,,,,,,,,,,,,
2017-12-07 05:00:00,1002.0,16.6,90.0,0.7,96.0,1.1,86.0,0.0,,,,,,,,,,2017-12-07T04:47:00,,,,,,,,,,,,,,,,,,
2017-12-07 06:00:00,1002.3,15.6,94.0,1.0,251.0,1.3,92.0,0.0,,,,,,,,,,2017-12-07T05:35:00,,,,,,,,,,,,,,,,,,
2017-12-07 07:00:00,-9999.7,-99.7,-9997.0,-99.7,-999.7,1.7,110.0,0.0,,,,,,,,,,2017-12-07T06:16:00,,,,,,,,,,,,,,,,,,
2017-12-07 08:00:00,1002.4,17.2,90.0,0.6,72.0,1.5,111.0,0.0,,,,,,,,,,2017-12-07T07:27:00,,,,,,,,,,,,,,,,,,
2017-12-07 09:00:00,1002.2,19.8,75.0,0.5,232.0,1.9,294.0,0.0,,,,,,,,,,2017-12-07T08:29:00,,,,,,,,,,,,,,,,,,
2017-12-07 10:00:00,1001.8,23.7,59.0,1.4,234.0,3.0,251.0,0.0,,,,,,,,,,2017-12-07T09:58:00,,,,,,,,,,,,,,,,,,
2017-12-07 11:00:00,1001.2,25.7,53.0,1.7,237.0,4.0,246.0,0.0,,,,,,,,,,2017-12-07T10:52:00,,,,,,,,,,,,,,,,,,
2017-12-07 12:00:00,1000.3,26.4,47.0,1.2,298.0,5.7,206.0,0.0,,,,,,,,,,2017-12-07T11:26:00,,,,,,,,,,,,,,,,,,
2017-12-07 13:00:00,999.2,27.7,45.0,1.5,292.0,4.8,240.0,0.0,,,,,,,,,,2017-12-07T12:28:00,,,,,,,,,,,,,,,,,,
2017-12-07 14:00:00,998.8,26.5,51.0,1.7,283.0,6.1,278.0,0.0,,,,,,,,,,2017-12-07T13:43:00,,,,,,,,,,,,,,,,,,
2017-12-07 15:00:00,998.6,24.3,55.0,3.0,291.0,6.9,293.0,0.0,,,,,,,,,,2017-12-07T14:49:00,,,,,,,,,,,,,,,,,,
2017-12-07 16:00:00,999.0,22.8,62.0,0.7,308.0,5.8,296.0,0.0,,,,,,,,,,2017-12-07T15:21:00,,,,,,,,,,,,,,,,,,
2017-12-07 17:00:00,999.4,22.2,64.0,0.5,324.0,2.6,316.0,0.0,,,,,,,,,,2017-12-07T16:12:00,,,,,,,,,,,,,,,,,,
2017-12-07 18:00:00,999.8,20.6,72.0,0.7,102.0,2.0,125.0,0.0,,,,,,,,,,2017-12-07T17:27:00,,,,,,,,,,,,,,,,,,
2017-12-07 19:00:00,1000.7,20.0,77.0,1.0,173.0,2.2,159.0,0.0,,,,,,,,,,2017-12-07T18:50:00,,,,,,,,,,,,,,,,,,
2017-12-07 20:00:00,1001.2,19.4,81.0,0.7,86.0,1.6,180.0,0.0,,,,,,,,,,2017-12-07T19:03:00,,,,,,,,,,,,,,,,,,
2017-12-07 21:00:00,1001.3,19.5,82.0,0.4,194.0,2.3,220.0,0.0,,,,,,,,,,2017-12-07T20:45:00,,,,,,,,,,,,,,,,,,
2017-12-07 22:00:00,1001.7,19.2,81.0,2.1,247.0,3.7,260.0,0.0,,,,,,,,,,2017-12-07T21:59:00,,,,,,,,,,,,,,,,,,
2017-12-07 23:00:00,1001.7,18.7,84.0,0.8,123.0,3.4,243.0,0.0,,,,,,,,,,2017-12-07T22:07:00,,,,,,,,,,,,,,,,,,
2017-12-08 00:00:00,1001.9,18.9,84.0,0.5,85.0,1.4,207.0,0.0,,,,,,,,,,2017-12-07T23:06:00,,,,,,,,,,,,,,,,,,
2017-12-08 01:00:00,1002.1,18.9,86.0,1.1,274.0,1.9,258.0,0.0,,,,,,,,,,2017-12-08T00:57:00,,,,,,,,,,,,,,,,,,
2017-12-08 02:00:00,1001.9,18.8,87.0,1.1,170.0,1.6,206.0,0.0,,,,,,,,,,2017-12-08T01:38:00,,,,,,,,,,,,,,,,,,
2017-12-08 03:00:00,1002.1,18.3,83.0,1.3,293.0,2.7,223.0,0.0,,,,,,,,,,2017-12-08T02:23:00,,,,,,,,,,,,,,,,,,
2017-12-08 04:00:00,1001.7,17.8,86.0,0.7,255.0,1.6,282.0,0.0,,,,,,,,,,2017-12-08T03:01:00,,,,,,,,,,,,,,,,,,
2017-12-08 05:00:00,1001.4,17.1,88.0,1.1,244.0,1.9,252.0,0.0,,,,,,,,,,2017-12-08T05:00:00,,,,,,,,,,,,,,,,,,
2017-12-08 06:00:00,1001.8,16.8,88.0,1.4,195.0,2.5,192.0,0.0,,,,,,,,,,2017-12-08T05:53:00,,,,,,,,,,,,,,,,,,
2017-12-08 07:00:00,1002.4,16.6,87.0,1.0,182.0,2.9,195.0,0.0,,,,,,,,,,2017-12-08T06:28:00,,,,,,,,,,,,,,,,,,
2017-12-08 08:00:00,1002.9,17.2,86.0,1.7,193.0,2.8,222.0,0.0,,,,,,,,,,2017-12-08T07:53:00,,,,,,,,,,,,,,,,,,
2017-12-08 09:00:00,1003.3,17.8,83.0,0.9,192.0,2.6,181.0,0.0,,,,,,,,,,2017-12-08T08:17:00,,,,,,,,,,,,,,,,,,
2017-12-08 10:00:00,1003.1,19.1,78.0,1.7,206.0,3.8,210.0,0.0,,,,,,,,,,2017-12-08T09:17:00,,,,,,,,,,,,,,,,,,
2017-12-08 11:00:00,1002.4,20.1,73.0,2.5,196.0,4.5,209.0,0.0,,,,,,,,,,2017-12-08T11:00:00,,,,,,,,,,,,,,,,,,
2017-12-08 12:00:00,1001.7,20.3,72.0,2.9,213.0,4.4,214.0,0.0,,,,,,,,,,2017-12-08T11:58:00,,,,,,,,,,,,,,,,,,
2017-12-08 13:00:00,1001.0,20.8,70.0,2.7,209.0,4.5,187.0,0.0,,,,,,,,,,2017-12-08T12:01:00,,,,,,,,,,,,,,,,,,
2017-12-08 14:00:00,1000.8,19.4,71.0,1.8,275.0,4.7,220.0,0.0,,,,,,,,,,2017-12-08T13:42:00,,,,,,,,,,,,,,,,,,
2017-12-08 15:00:00,1000.8,18.6,71.0,1.4,287.0,4.2,268.0,0.0,,,,,,,,,,2017-12-08T14:24:00,,,,,,,,,,,,,,,,,,
2017-12-08 16:00:00,1000.9,18.1,73.0,0.9,269.0,2.4,258.0,0.0,,,,,,,,,,2017-12-08T15:18:00,,,,,,,,,,,,,,,,,,
2017-12-08 17:00:00,1001.7,16.9,75.0,2.5,200.0,3.6,188.0,0.0,,,,,,,,,,2017-12-08T17:00:00,,,,,,,,,,,,,,,,,,
2017-12-08 18:00:00,1002.5,16.2,76.0,2.1,209.0,3.6,196.0,0.0,,,,,,,,,,2017-12-08T17:57:00,,,,,,,,,,,,,,,,,,
2017-12-08 19:00:00,1003.2,15.9,75.0,1.3,195.0,2.7,214.0,0.0,,,,,,,,,,2017-12-08T18:12:00,,,,,,,,,,,,,,,,,,
2017-12-08 20:00:00,1003.3,16.1,79.0,0.8,221.0,1.5,181.0,0.0,,,,,,,,,,2017-12-08T19:01:00,,,,,,,,,,,,,,,,,,
2017-12-08 21:00:00,1003.5,15.4,79.0,1.9,209.0,3.4,203.0,0.0,,,,,,,,,,2017-12-08T20:33:00,,,,,,,,,,,,,,,,,,
2017-12-08 22:00:00,1003.5,14.7,82.0,1.3,196.0,3.1,214.0,0.0,,,,,,,,,,2017-12-08T21:01:00,,,,,,,,,,,,,,,,,,
2017-12-08 23:00:00,1003.5,14.4,84.0,1.5,191.0,2.8,217.0,0.0,,,,,,,,,,2017-12-08T22:20:00,,,,,,,,,,,,,,,,,,
2017-12-09 00:00:00,1003.3,14.3,85.0,1.1,208.0,2.3,203.0,0.0,,,,,,,,,,2017-12-08T23:01:00,,,,,,,,,,,,,,,,,,
2017-12-09 01:00:00,1003.2,14.3,87.0,1.3,213.0,1.5,215.0,0.0,,,,,,,,,,2017-12-09T00:55:00,,,,,,,,,,,,,,,,,,
2017-12-09 02:00:00,1003.0,14.4,87.0,1.1,207.0,1.5,220.0,0.0,,,,,,,,,,2017-12-09T01:17:00,,,,,,,,,,,,,,,,,,
2017-12-09 03:00:00,1002.7,13.9,87.0,1.5,201.0,2.5,182.0,0.0,,,,,,,,,,2017-12-09T02:45:00,,,,,,,,,,,,,,,,,,
2017-12-09 04:00:00,1002.7,14.0,88.0,0.0,0.0,2.2,218.0,0.0,,,,,,,,,,2017-12-09T03:02:00,,,,,,,,,,,,,,,,,,
2017-12-09 05:00:00,1002.9,14.3,88.0,0.5,203.0,1.5,213.0,0.0,,,,,,,,,,2017-12-09T04:40:00,,,,,,,,,,,,,,,,,,
2017-12-09 06:00:00,1003.4,14.3,89.0,1.2,216.0,1.6,174.0,0.0,,,,,,,,,,2017-12-09T06:00:00,,,,,,,,,,,,,,,,,,
2017-12-09 07:00:00,1004.1,14.6,88.0,0.8,319.0,2.3,161.0,0.0,,,,,,,,,,2017-12-09T06:22:00,,,,,,,,,,,,,,,,,,
2017-12-09 08:00:00,1004.3,15.4,85.0,0.9,356.0,1.7,1.0,0.0,,,,,,,,,,2017-12-09T07:56:00,,,,,,,,,,,,,,,,,,
2017-12-09 09:00:00,1004.3,17.0,84.0,0.1,0.0,1.6,20.0,0.0,,,,,,,,,,2017-12-09T08:02:00,,,,,,,,,,,,,,,,,,
2017-12-09 10:00:00,1004.3,18.2,76.0,0.7,58.0,2.6,78.0,0.0,,,,,,,,,,2017-12-09T09:25:00,,,,,,,,,,,,,,,,,,
2017-12-09 11:00:00,1004.1,18.7,79.0,0.6,352.0,2.5,10.0,0.0,,,,,,,,,,2017-12-09T10:40:00,,,,,,,,,,,,,,,,,,
2017-12-09 12:00:00,1003.3,18.8,77.0,0.5,7.0,1.6,345.0,0.0,,,,,,,,,,2017-12-09T11:04:00,,,,,,,,,,,,,,,,,,
2017-12-09 13:00:00,1002.4,17.4,82.0,1.5,189.0,3.3,173.0,0.0,,,,,,,,,,2017-12-09T12:54:00,,,,,,,,,,,,,,,,,,
2017-12-09 14:00:00,1001.2,18.8,76.0,1.0,314.0,3.0,154.0,0.0,,,,,,,,,,2017-12-09T13:12:00,,,,,,,,,,,,,,,,,,
2017-12-09 15:00:00,1000.7,20.3,71.0,1.4,217.0,2.3,218.0,0.0,,,,,,,,,,2017-12-09T14:56:00,,,,,,,,,,,,,,,,,,
2017-12-09 16:00:00,1000.9,20.3,70.0,1.7,282.0,3.7,300.0,0.0,,,,,,,,,,2017-12-09T15:57:00,,,,,,,,,,,,,,,,,,
2017-12-09 17:00:00,1001.4,18.7,77.0,1.3,234.0,3.4,258.0,0.0,,,,,,,,,,2017-12-09T16:05:00,,,,,,,,,,,,,,,,,,
2017-12-09 18:00:00,1001.7,16.8,86.0,0.7,95.0,1.2,278.0,0.0,,,,,,,,,,2017-12-09T17:08:00,,,,,,,,,,,,,,,,,,
2017-12-09 19:00:00,1002.2,15.6,90.0,0.6,146.0,1.5,91.0,0.0,,,,,,,,,,2017-12-09T18:13:00,,,,,,,,,,,,,,,,,,
2017-12-09 20:00:00,1002.7,14.8,92.0,0.8,92.0,1.3,154.0,0.0,,,,,,,,,,2017-12-09T20:00:00,,,,,,,,,,,,,,,,,,
2017-12-09 21:00:00,1002.6,14.8,93.0,0.9,29.0,2.1,19.0,0.0,,,,,,,,,,2017-12-09T20:54:00,,,,,,,,,,,,,,,,,,
2017-12-09 22:00:00,1002.3,14.3,94.0,0.9,348.0,1.9,93.0,0.0,,,,,,,,,,2017-12-09T21:04:00,,,,,,,,,,,,,,,,,,
2017-12-09 23:00:00,1002.4,13.7,94.0,0.4,138.0,1.9,8.0,0.0,,,,,,,,,,2017-12-09T22:13:00,,,,,,,,,,,,,,,,,,
2017-12-10 00:00:00,1002.1,13.3,95.0,0.8,45.0,1.6,52.0,0.0,,,,,,,,,,2017-12-10T00:00:00,,,,,,,,,,,,,,,,,,
2017-12-10 01:00:00,1001.7,13.3,95.0,1.2,6.0,2.0,73.0,0.0,,,,,,,,,,2017-12-10T00:05:00,,,,,,,,,,,,,,,,,,
2017-12-10 02:00:00,1001.4,13.3,95.0,0.1,0.0,2.0,73.0,0.0,,,,,,,,,,2017-12-10T01:17:00,,,,,,,,,,,,,,,,,,
2017-12-10 03:00:00,1001.4,13.2,95.0,1.2,74.0,2.5,66.0,0.0,,,,,,,,,,2017-12-10T02:32:00,,,,,,,,,,,,,,,,,,
2017-12-10 04:00:00,1001.4,12.8,95.0,0.0,0.0,2.1,85.0,0.0,,,,,,,,,,2017-12-10T03:17:00,,,,,,,,,,,,,,,,,,
2017-12-10 05:00:00,1001.4,12.4,95.0,1.2,77.0,1.7,7.0,0.0,,,,,,,,,,2017-12-10T04:31:00,,,,,,,,,,,,,,,,,,
2017-12-10 06:00:00,1001.9,12.3,95.0,0.6,31.0,2.2,12.0,0.0,,,,,,,,,,2017-12-10T05:50:00,,,,,,,,,,,,,,,,,,
2017-12-10 07:00:00,1002.7,12.4,94.0,0.4,48.0,2.3,3.0,0.0,,,,,,,,,,2017-12-10T06:47:00,,,,,,,,,,,,,,,,,,
2017-12-10 08:00:00,1003.2,15.0,89.0,0.3,102.0,1.7,353.0,0.0,,,,,,,,,,2017-12-10T07:16:00,,,,,,,,,,,,,,,,,,
2017-12-10 09:00:00,1003.3,18.2,75.0,0.9,213.0,1.6,181.0,0.0,,,,,,,,,,2017-12-10T08:56:00,,,,,,,,,,,,,,,,,,
2017-12-10 10:00:00,1003.1,21.5,62.0,1.8,214.0,3.0,213.0,0.0,,,,,,,,,,2017-12-10T09:59:00,,,,,,,,,,,,,,,,,,
2017-12-10 11:00:00,1002.6,23.5,57.0,2.0,213.0,5.1,241.0,0.0,,,,,,,,,,2017-12-10T10:30:00,,,,,,,,,,,,,,,,,,
2017-12-10 12:00:00,1001.8,24.8,51.0,2.0,214.0,4.9,214.0,0.0,,,,,,,,,,2017-12-10T11:40:00,,,,,,,,,,,,,,,,,,
2017-12-10 13:00:00,1000.9,25.3,49.0,2.3,262.0,4.9,264.0,0.0,,,,,,,,,,2017-12-10T12:45:00,,,,,,,,,,,,,,,,,,
2017-12-10 14:00:00,1000.1,25.1,49.0,2.5,277.0,5.9,265.0,0.0,,,,,,,,,,2017-12-10T13:01:00,,,,,,,,,,,,,,,,,,
2017-12-10 15:00:00,1000.0,25.0,51.0,1.9,276.0,4.8,262.0,0.0,,,,,,,,,,2017-12-10T14:44:00,,,,,,,,,,,,,,,,,,
2017-12-10 16:00:00,1000.2,23.3,61.0,1.9,284.0,5.0,294.0,0.0,,,,,,,,,,2017-12-10T15:22:00,,,,,,,,,,,,,,,,,,
2017-12-10 17:00:00,1000.8,20.7,70.0,0.9,278.0,4.9,260.0,0.0,,,,,,,,,,2017-12-10T16:04:00,,,,,,,,,,,,,,,,,,
2017-12-10 18:00:00,1001.6,18.2,81.0,1.3,91.0,1.8,78.0,0.0,,,,,,,,,,2017-12-10T17:55:00,,,,,,,,,,,,,,,,,,
2017-12-10 19:00:00,1002.2,16.9,87.0,0.7,48.0,1.4,77.0,0.0,,,,,,,,,,2017-12-10T18:03:00,,,,,,,,,,,,,,,,,,
2017-12-10 20:00:00,1002.5,16.4,89.0,1.5,23.0,2.7,12.0,0.0,,,,,,,,,,2017-12-10T19:59:00,,,,,,,,,,,,,,,,,,
2017-12-10 21:00:00,1002.7,16.2,90.0,0.9,38.0,2.6,62.0,0.0,,,,,,,,,,2017-12-10T20:39:00,,,,,,,,,,,,,,,,,,
2017-12-10 22:00:00,1002.5,15.5,91.0,0.8,92.0,2.3,92.0,0.0,,,,,,,,,,2017-12-10T21:15:00,,,,,,,,,,,,,,,,,,
2017-12-10 23:00:00,1002.3,15.3,92.0,0.2,0.0,2.5,16.0,0.0,,,,,,,,,,2017-12-10T22:15:00,,,,,,,,,,,,,,,,,,
2017-12-11 00:00:00,1002.3,14.5,94.0,0.0,0.0,1.1,180.0,0.0,,,,,,,,,,2017-12-10T23:22:00,,,,,,,,,,,,,,,,,,
2017-12-11 01:00:00,1002.3,14.6,94.0,0.5,21.0,2.0,83.0,0.0,,,,,,,,,,2017-12-11T00:19:00,,,,,,,,,,,,,,,,,,
2017-12-11 02:00:00,1002.0,14.3,94.0,1.2,56.0,1.8,60.0,0.0,,,,,,,,,,2017-12-11T01:49:00,,,,,,,,,,,,,,,,,,
2017-12-11 03:00:00,1001.7,13.8,94.0,0.6,16.0,1.8,70.0,0.0,,,,,,,,,,2017-12-11T02:07:00,,,,,,,,,,,,,,,,,,
2017-12-11 04:00:00,1001.7,13.4,94.0,0.8,82.0,1.8,69.0,0.0,,,,,,,,,,2017-12-11T03:05:00,,,,,,,,,,,,,,,,,,
2017-12-11 05:00:00,1001.4,13.5,95.0,0.0,0.0,1.6,10.0,0.0,,,,,,,,,,2017-12-11T04:29:00,,,,,,,,,,,,,,,,,,
2017-12-11 06:00:00,1001.4,13.8,95.0,0.6,60.0,1.7,68.0,0.0,,,,,,,,,,2017-12-11T05:53:00,,,,,,,,,,,,,,,,,,
2017-12-11 07:00:00,1001.6,14.8,94.0,1.5,259.0,2.2,55.0,0.0,,,,,,,,,,2017-12-11T06:08:00,,,,,,,,,,,,,,,,,,
2017-12-11 08:00:00,1002.4,15.4,93.0,0.2,0.0,1.7,212.0,0.0,,,,,,,,,,2017-12-11T07:29:00,,,,,,,,,,,,,,,,,,
2017-12-11 09:00:00,1002.9,19.1,73.0,0.0,0.0,2.2,210.0,0.0,,,,,,,,,,2017-12-11T08:10:00,,,,,,,,,,,,,,,,,,
2017-12-11 10:00:00,1002.5,23.5,57.0,0.7,119.0,2.1,2.0,0.0,,,,,,,,,,2017-12-11T09:19:00,,,,,,,,,,,,,,,,,,
2017-12-11 11:00:00,1001.8,26.4,50.0,1.9,230.0,3.5,257.0,0.0,,,,,,,,,,2017-12-11T10:45:00,,,,,,,,,,,,,,,,,,
2017-12-11 12:00:00,1000.8,28.3,41.0,2.3,227.0,4.5,198.0,0.0,,,,,,,,,,2017-12-11T11:45:00,,,,,,,,,,,,,,,,,,
2017-12-11 13:00:00,999.7,28.3,37.0,1.7,238.0,6.2,204.0,0.0,,,,,,,,,,2017-12-11T12:48:00,,,,,,,,,,,,,,,,,,
2017-12-11 14:00:00,999.6,26.5,48.0,2.4,248.0,4.9,211.0,0.0,,,,,,,,,,2017-12-11T13:19:00,,,,,,,,,,,,,,,,,,
2017-12-11 15:00:00,999.6,25.9,47.0,1.1,276.0,4.5,289.0,0.0,,,,,,,,,,2017-12-11T14:07:00,,,,,,,,,,,,,,,,,,
2017-12-11 16:00:00,999.7,24.3,50.0,1.7,285.0,3.3,276.0,0.0,,,,,,,,,,2017-12-11T15:50:00,,,,,,,,,,,,,,,,,,
2017-12-11 17:00:00,1000.1,23.0,57.0,1.7,216.0,2.6,289.0,0.0,,,,,,,,,,2017-12-11T16:02:00,,,,,,,,,,,,,,,,,,
2017-12-11 18:00:00,1001.0,21.4,63.0,1.3,173.0,2.8,249.0,0.0,,,,,,,,,,2017-12-11T17:04:00,,,,,,,,,,,,,,,,,,
2017-12-11 19:00:00,1001.6,20.4,67.0,0.3,208.0,2.1,191.0,0.0,,,,,,,,,,2017-12-11T18:01:00,,,,,,,,,,,,,,,,,,
2017-12-11 20:00:00,1001.8,19.3,73.0,0.8,76.0,1.4,207.0,0.0,,,,,,,,,,2017-12-11T19:04:00,,,,,,,,,,,,,,,,,,
2017-12-11 21:00:00,1002.3,18.5,80.0,0.6,97.0,1.1,192.0,0.0,,,,,,,,,,2017-12-11T20:35:00,,,,,,,,,,,,,,,,,,
2017-12-11 22:00:00,1002.3,18.7,83.0,0.5,355.0,1.5,339.0,0.0,,,,,,,,,,2017-12-11T21:43:00,,,,,,,,,,,,,,,,,,
2017-12-11 23:00:00,1002.1,18.7,84.0,0.8,261.0,1.8,195.0,0.0,,,,,,,,,,2017-12-11T22:10:00,,,,,,,,,,,,,,,,,,
2017-12-12 00:00:00,1002.0,18.4,86.0,0.0,0.0,1.1,256.0,0.0,,,,,,,,,,2017-12-11T23:01:00,,,,,,,,,,,,,,,,,,
2017-12-12 01:00:00,1001.8,18.3,87.0,0.0,0.0,1.7,211.0,0.0,,,,,,,,,,2017-12-12T00:15:00,,,,,,,,,,,,,,,,,,
2017-12-12 02:00:00,1002.1,18.0,85.0,1.2,232.0,1.8,218.0,0.0,,,,,,,,,,2017-12-12T01:58:00,,,,,,,,,,,,,,,,,,
2017-12-12 03:00:00,1001.6,17.7,85.0,0.0,0.0,1.9,199.0,0.0,,,,,,,,,,2017-12-12T02:05:00,,,,,,,,,,,,,,,,,,
2017-12-12 04:00:00,1001.3,17.5,87.0,0.5,117.0,1.0,128.0,0.0,,,,,,,,,,2017-12-12T03:50:00,,,,,,,,,,,,,,,,,,
2017-12-12 05:00:00,1001.2,17.7,88.0,0.5,57.0,1.2,92.0,0.0,,,,,,,,,,2017-12-12T04:40:00,,,,,,,,,,,,,,,,,,
2017-12-12 06:00:00,1002.0,17.5,90.0,0.2,0.0,2.2,171.0,0.0,,,,,,,,,,2017-12-12T05:38:00,,,,,,,,,,,,,,,,,,
2017-12-12 07:00:00,1003.2,17.8,91.0,0.3,305.0,1.8,118.0,0.0,,,,,,,,,,2017-12-12T06:25:00,,,,,,,,,,,,,,,,,,
2017-12-12 08:00:00,1003.7,18.5,89.0,0.9,199.0,1.7,360.0,0.0,,,,,,,,,,2017-12-12T07:05:00,,,,,,,,,,,,,,,,,,
2017-12-12 09:00:00,1004.4,20.0,82.0,1.3,212.0,1.8,203.0,0.0,,,,,,,,,,2017-12-12T08:57:00,,,,,,,,,,,,,,,,,,
2017-12-12 10:00:00,1004.3,20.5,75.0,1.5,207.0,2.7,210.0,0.0,,,,,,,,,,2017-12-12T09:57:00,,,,,,,,,,,,,,,,,,
2017-12-12 11:00:00,1003.9,22.2,66.0,0.6,194.0,3.1,194.0,0.0,,,,,,,,,,2017-12-12T10:12:00,,,,,,,,,,,,,,,,,,
2017-12-12 12:00:00,-9999.7,-99.7,-9997.0,-99.7,-999.7,,,0.0,,,,,,,,,,,,,,,,,,,,,,,,,,,,
2017-12-12 13:00:00,1002.4,21.6,62.0,1.0,288.0,2.8,298.0,0.0,,,,,,,,,,2017-12-12T12:26:00,,,,,,,,,,,,,,,,,,
2017-12-12 14:00:00,1002.0,21.5,60.0,0.6,326.0,4.2,344.0,0.0,,,,,,,,,,2017-12-12T13:33:00,,,,,,,,,,,,,,,,,,
2017-12-12 15:00:00,1001.8,21.7,61.0,0.5,350.0,2.5,274.0,0.0,,,,,,,,,,2017-12-12T14:40:00,,,,,,,,,,,,,,,,,,
2017-12-12 16:00:00,1001.6,21.2,67.0,1.0,116.0,2.4,84.0,0.0,,,,,,,,,,2017-12-12T15:35:00,,,,,,,,,,,,,,,,,,
2017-12-12 17:00:00,1001.7,20.7,72.0,0.7,95.0,1.6,123.0,0.0,,,,,,,,,,2017-12-12T16:01:00,,,,,,,,,,,,,,,,,,
2017-12-12 18:00:00,1001.8,19.7,79.0,0.9,217.0,1.3,218.0,0.0,,,,,,,,,,2017-12-12T17:58:00,,,,,,,,,,,,,,,,,,
2017-12-12 19:00:00,1002.1,19.5,76.0,0.4,299.0,2.3,143.0,0.0,,,,,,,,,,2017-12-12T18:23:00,,,,,,,,,,,,,,,,,,
2017-12-12 20:00:00,1002.3,18.5,79.0,1.2,157.0,2.1,163.0,0.0,,,,,,,,,,2017-12-12T19:48:00,,,,,,,,,,,,,,,,,,
2017-12-12 21:00:00,1002.8,18.2,81.0,0.3,159.0,2.2,133.0,0.0,,,,,,,,,,2017-12-12T20:01:00,,,,,,,,,,,,,,,,,,
2017-12-12 22:00:00,1003.1,18.0,84.0,1.0,186.0,1.7,191.0,0.0,,,,,,,,,,2017-12-12T21:49:00,,,,,,,,,,,,,,,,,,
2017-12-12 23:00:00,1002.4,17.7,87.0,0.1,0.0,1.8,207.0,0.0,,,,,,,,,,2017-12-12T22:31:00,,,,,,,,,,,,,,,,,,
2017-12-13 00:00:00,1002.6,17.4,89.0,0.9,122.0,1.7,122.0,0.0,,,,,,,,,,2017-12-12T23:52:00,,,,,,,,,,,,,,,,,,
2017-12-13 01:00:00,1002.2,17.5,90.0,0.6,261.0,2.0,223.0,0.0,,,,,,,,,,2017-12-13T00:46:00,,,,,,,,,,,,,,,,,,
2017-12-13 02:00:00,1001.8,17.4,90.0,1.0,59.0,1.8,71.0,0.0,,,,,,,,,,2017-12-13T01:55:00,,,,,,,,,,,,,,,,,,
2017-12-13 03:00:00,1002.1,17.3,92.0,0.2,0.0,1.5,75.0,0.0,,,,,,,,,,2017-12-13T02:30:00,,,,,,,,,,,,,,,,,,
2017-12-13 04:00:00,1002.1,17.3,95.0,0.1,0.0,1.3,67.0,0.0,,,,,,,,,,2017-12-13T03:52:00,,,,,,,,,,,,,,,,,,
2017-12-13 05:00:00,1001.5,16.9,95.0,0.7,29.0,1.9,6.0,0.0,,,,,,,,,,2017-12-13T04:20:00,,,,,,,,,,,,,,,,,,
2017-12-13 06:00:00,1002.1,16.2,97.0,0.0,0.0,1.6,87.0,0.0,,,,,,,,,,2017-12-13T05:10:00,,,,,,,,,,,,,,,,,,
2017-12-13 07:00:00,1002.6,16.2,97.0,0.9,124.0,2.5,106.0,0.0,,,,,,,,,,2017-12-13T06:22:00,,,,,,,,,,,,,,,,,,
2017-12-13 08:00:00,1003.0,17.5,95.0,1.2,200.0,1.9,204.0,0.0,,,,,,,,,,2017-12-13T07:54:00,,,,,,,,,,,,,,,,,,
2017-12-13 09:00:00,1003.3,20.7,78.0,0.7,333.0,2.2,330.0,0.0,,,,,,,,,,2017-12-13T08:55:00,,,,,,,,,,,,,,,,,,
2017-12-13 10:00:00,1003.0,24.8,61.0,1.6,231.0,2.7,241.0,0.0,,,,,,,,,,2017-12-13T09:50:00,,,,,,,,,,,,,,,,,,
2017-12-13 11:00:00,1002.9,26.5,57.0,2.9,211.0,4.5,175.0,0.0,,,,,,,,,,2017-12-13T10:37:00,,,,,,,,,,,,,,,,,,
2017-12-13 12:00:00,1002.1,28.5,47.0,3.0,222.0,4.5,228.0,0.0,,,,,,,,,,2017-12-13T11:12:00,,,,,,,,,,,,,,,,,,
2017-12-13 13:00:00,1001.3,27.8,48.0,2.9,229.0,5.7,235.0,0.0,,,,,,,,,,2017-12-13T12:06:00,,,,,,,,,,,,,,,,,,
2017-12-13 14:00:00,1000.8,26.5,49.0,1.1,180.0,5.1,251.0,0.0,,,,,,,,,,2017-12-13T13:04:00,,,,,,,,,,,,,,,,,,
2017-12-13 15:00:00,1000.5,26.4,51.0,1.0,147.0,3.5,239.0,0.0,,,,,,,,,,2017-12-13T14:40:00,,,,,,,,,,,,,,,,,,
2017-12-13 16:00:00,1000.7,24.5,62.0,2.9,217.0,4.7,209.0,0.0,,,,,,,,,,2017-12-13T15:13:00,,,,,,,,,,,,,,,,,,
2017-12-13 17:00:00,1001.4,22.8,67.0,2.2,223.0,3.9,223.0,0.0,,,,,,,,,,2017-12-13T16:45:00,,,,,,,,,,,,,,,,,,
2017-12-13 18:00:00,1001.8,21.8,68.0,1.2,200.0,3.3,221.0,0.0,,,,,,,,,,2017-12-13T17:03:00,,,,,,,,,,,,,,,,,,
2017-12-13 19:00:00,1002.1,21.2,72.0,0.5,209.0,1.7,162.0,0.0,,,,,,,,,,2017-12-13T18:22:00,,,,,,,,,,,,,,,,,,
2017-12-13 20:00:00,1002.1,20.0,79.0,0.1,0.0,1.5,92.0,0.0,,,,,,,,,,2017-12-13T19:47:00,,,,,,,,,,,,,,,,,,
2017-12-13 21:00:00,1002.2,19.7,83.0,0.0,0.0,0.9,147.0,0.0,,,,,,,,,,2017-12-13T20:30:00,,,,,,,,,,,,,,,,,,
2017-12-13 22:00:00,1002.4,19.1,87.0,0.4,136.0,1.2,95.0,0.0,,,,,,,,,,2017-12-13T21:20:00,,,,,,,,,,,,,,,,,,
2017-12-13 23:00:00,1002.6,18.4,90.0,0.4,69.0,1.6,64.0,0.0,,,,,,,,,,2017-12-13T22:34:00,,,,,,,,,,,,,,,,,,
2017-12-14 00:00:00,1002.4,18.4,89.0,1.7,68.0,2.3,74.0,0.0,,,,,,,,,,2017-12-13T23:59:00,,,,,,,,,,,,,,,,,,
2017-12-14 01:00:00,1002.2,18.6,89.0,0.9,348.0,1.7,16.0,0.0,,,,,,,,,,2017-12-14T01:00:00,,,,,,,,,,,,,,,,,,
2017-12-14 02:00:00,1002.0,18.8,87.0,0.4,120.0,1.7,81.0,0.0,,,,,,,,,,2017-12-14T01:17:00,,,,,,,,,,,,,,,,,,
2017-12-14 03:00:00,1001.8,18.2,90.0,0.8,96.0,1.2,345.0,0.0,,,,,,,,,,2017-12-14T02:31:00,,,,,,,,,,,,,,,,,,
2017-12-14 04:00:00,1001.8,18.1,91.0,1.1,77.0,1.5,52.0,0.0,,,,,,,,,,2017-12-14T04:00:00,,,,,,,,,,,,,,,,,,
2017-12-14 05:00:00,1001.8,17.8,92.0,0.1,0.0,1.8,55.0,0.0,,,,,,,,,,2017-12-14T04:05:00,,,,,,,,,,,,,,,,,,
2017-12-14 06:00:00,1002.1,17.7,92.0,0.6,238.0,1.9,64.0,0.0,,,,,,,,,,2017-12-14T05:20:00,,,,,,,,,,,,,,,,,,
2017-12-14 07:00:00,1002.6,17.0,94.0,0.0,0.0,0.8,237.0,0.0,,,,,,,,,,2017-12-14T06:04:00,,,,,,,,,,,,,,,,,,
2017-12-14 08:00:00,1003.4,18.6,90.0,0.4,232.0,0.7,232.0,0.0,,,,,,,,,,2017-12-14T07:57:00,,,,,,,,,,,,,,,,,,
2017-12-14 09:00:00,1004.1,22.3,73.0,1.4,228.0,2.6,234.0,0.0,,,,,,,,,,2017-12-14T08:41:00,,,,,,,,,,,,,,,,,,
2017-12-14 10:00:00,1003.9,24.9,62.0,1.1,211.0,2.8,234.0,0.0,,,,,,,,,,2017-12-14T09:40:00,,,,,,,,,,,,,,,,,,
2017-12-14 11:00:00,1003.5,27.2,54.0,1.9,204.0,3.8,211.0,0.0,,,,,,,,,,2017-12-14T10:43:00,,,,,,,,,,,,,,,,,,
2017-12-14 12:00:00,1002.6,27.5,52.0,2.3,263.0,4.4,244.0,0.0,,,,,,,,,,2017-12-14T11:14:00,,,,,,,,,,,,,,,,,,
2017-12-14 13:00:00,1001.9,25.4,57.0,2.0,281.0,5.0,269.0,0.0,,,,,,,,,,2017-12-14T12:48:00,,,,,,,,,,,,,,,,,,
2017-12-14 14:00:00,1001.4,24.8,58.0,2.0,283.0,4.4,287.0,0.0,,,,,,,,,,2017-12-14T13:56:00,,,,,,,,,,,,,,,,,,
2017-12-14 15:00:00,-9999.7,-99.7,-9997.0,-99.7,-999.7,4.1,252.0,0.0,,,,,,,,,,2017-12-14T14:46:00,,,,,,,,,,,,,,,,,,
2017-12-14 16:00:00,1001.9,24.1,58.0,1.5,248.0,3.0,281.0,0.0,,,,,,,,,,2017-12-14T15:05:00,,,,,,,,,,,,,,,,,,
2017-12-14 17:00:00,1002.3,22.8,67.0,1.5,121.0,3.4,114.0,0.0,,,,,,,,,,2017-12-14T16:55:00,,,,,,,,,,,,,,,,,,
2017-12-14 18:00:00,1002.8,21.0,74.0,1.2,66.0,2.8,105.0,0.0,,,,,,,,,,2017-12-14T17:14:00,,,,,,,,,,,,,,,,,,
2017-12-14 19:00:00,1003.1,19.2,83.0,0.3,40.0,1.6,63.0,0.0,,,,,,,,,,2017-12-14T18:01:00,,,,,,,,,,,,,,,,,,
2017-12-14 20:00:00,1003.5,18.4,86.0,0.9,22.0,1.7,71.0,0.0,,,,,,,,,,2017-12-14T19:17:00,,,,,,,,,,,,,,,,,,
2017-12-14 21:00:00,1003.8,18.3,87.0,0.4,2.0,2.6,98.0,0.0,,,,,,,,,,2017-12-14T20:31:00,,,,,,,,,,,,,,,,,,
2017-12-14 22:00:00,1003.8,18.3,88.0,0.9,48.0,2.2,71.0,0.0,,,,,,,,,,2017-12-14T21:40:00,,,,,,,,,,,,,,,,,,
2017-12-14 23:00:00,1003.6,17.6,89.0,0.4,15.0,2.2,66.0,0.0,,,,,,,,,,2017-12-14T22:30:00,,,,,,,,,,,,,,,,,,
2017-12-15 00:00:00,1003.3,17.6,89.0,1.1,45.0,3.2,41.0,0.0,,,,,,,,,,2017-12-14T23:54:00,,,,,,,,,,,,,,,,,,
2017-12-15 01:00:00,1003.1,17.2,90.0,1.3,54.0,2.3,57.0,0.0,,,,,,,,,,2017-12-15T00:45:00,,,,,,,,,,,,,,,,,,
2017-12-15 02:00:00,1002.9,16.6,92.0,1.2,76.0,2.2,71.0,0.0,,,,,,,,,,2017-12-15T01:22:00,,,,,,,,,,,,,,,,,,
2017-12-15 03:00:00,1002.8,16.9,91.0,0.6,81.0,2.1,69.0,0.0,,,,,,,,,,2017-12-15T02:39:00,,,,,,,,,,,,,,,,,,
2017-12-15 04:00:00,1002.3,16.6,91.0,1.2,73.0,2.4,76.0,0.0,,,,,,,,,,2017-12-15T03:27:00,,,,,,,,,,,,,,,,,,
2017-12-15 05:00:00,1002.6,16.1,93.0,1.4,70.0,1.9,71.0,0.0,,,,,,,,,,2017-12-15T04:56:00,,,,,,,,,,,,,,,,,,
2017-12-15 06:00:00,1003.1,15.9,93.0,0.7,26.0,2.2,71.0,0.0,,,,,,,,,,2017-12-15T05:35:00,,,,,,,,,,,,,,,,,,
2017-12-15 07:00:00,1003.6,16.4,90.0,0.6,52.0,2.3,61.0,0.0,,,,,,,,,,2017-12-15T06:44:00,,,,,,,,,,,,,,,,,,
2017-12-15 08:00:00,1004.1,18.3,83.0,1.4,66.0,2.3,56.0,0.0,,,,,,,,,,2017-12-15T07:56:00,,,,,,,,,,,,,,,,,,
2017-12-15 09:00:00,1004.4,20.9,72.0,0.9,354.0,2.1,61.0,0.0,,,,,,,,,,2017-12-15T08:11:00,,,,,,,,,,,,,,,,,,
2017-12-15 10:00:00,1004.5,25.4,60.0,1.7,237.0,2.6,224.0,0.0,,,,,,,,,,2017-12-15T09:49:00,,,,,,,,,,,,,,,,,,
2017-12-15 11:00:00,1004.0,27.4,51.0,2.3,230.0,4.1,225.0,0.0,,,,,,,,,,2017-12-15T10:47:00,,,,,,,,,,,,,,,,,,
2017-12-15 12:00:00,1003.1,27.4,48.0,1.1,280.0,4.6,235.0,0.0,,,,,,,,,,2017-12-15T11:31:00,,,,,,,,,,,,,,,,,,
2017-12-15 13:00:00,1002.0,27.3,53.0,2.3,223.0,5.0,224.0,0.0,,,,,,,,,,2017-12-15T12:34:00,,,,,,,,,,,,,,,,,,
2017-12-15 14:00:00,1001.4,26.3,56.0,2.6,248.0,4.5,219.0,0.0,,,,,,,,,,2017-12-15T13:13:00,,,,,,,,,,,,,,,,,,
2017-12-15 15:00:00,1001.2,25.9,58.0,2.5,257.0,4.9,265.0,0.0,,,,,,,,,,2017-12-15T14:49:00,,,,,,,,,,,,,,,,,,
2017-12-15 16:00:00,1001.4,25.3,59.0,1.7,265.0,4.7,235.0,0.0,,,,,,,,,,2017-12-15T15:04:00,,,,,,,,,,,,,,,,,,
2017-12-15 17:00:00,1002.5,21.5,75.0,1.9,295.0,6.4,282.0,0.0,,,,,,,,,,2017-12-15T16:54:00,,,,,,,,,,,,,,,,,,
2017-12-15 18:00:00,1003.3,20.7,77.0,0.7,265.0,4.8,299.0,0.0,,,,,,,,,,2017-12-15T17:04:00,,,,,,,,,,,,,,,,,,
2017-12-15 19:00:00,1003.8,20.0,81.0,0.4,192.0,1.6,186.0,0.0,,,,,,,,,,2017-12-15T18:37:00,,,,,,,,,,,,,,,,,,
2017-12-15 20:00:00,1003.7,18.9,86.0,1.0,68.0,2.2,164.0,0.0,,,,,,,,,,2017-12-15T19:08:00,,,,,,,,,,,,,,,,,,
2017-12-15 21:00:00,1003.7,18.0,91.0,1.1,124.0,1.7,86.0,0.0,,,,,,,,,,2017-12-15T20:06:00,,,,,,,,,,,,,,,,,,
2017-12-15 22:00:00,1003.9,17.5,93.0,0.0,0.0,1.5,120.0,0.0,,,,,,,,,,2017-12-15T21:01:00,,,,,,,,,,,,,,,,,,
2017-12-15 23:00:00,1004.2,18.2,93.0,1.0,216.0,1.6,121.0,0.0,,,,,,,,,,2017-12-15T22:40:00,,,,,,,,,,,,,,,,,,
2017-12-16 00:00:00,1004.3,18.7,91.0,0.0,0.0,1.8,214.0,0.0,,,,,,,,,,2017-12-15T23:31:00,,,,,,,,,,,,,,,,,,
2017-12-16 01:00:00,1003.9,18.8,91.0,0.2,0.0,1.4,124.0,0.0,,,,,,,,,,2017-12-16T00:13:00,,,,,,,,,,,,,,,,,,
2017-12-16 02:00:00,1004.0,18.9,91.0,0.7,235.0,1.0,226.0,0.0,,,,,,,,,,2017-12-16T01:49:00,,,,,,,,,,,,,,,,,,
2017-12-16 03:00:00,1003.9,18.8,91.0,0.3,307.0,1.0,234.0,0.0,,,,,,,,,,2017-12-16T02:14:00,,,,,,,,,,,,,,,,,,
2017-12-16 04:00:00,1003.8,18.9,92.0,0.0,0.0,1.0,343.0,0.0,,,,,,,,,,2017-12-16T03:15:00,,,,,,,,,,,,,,,,,,
2017-12-16 05:00:00,1003.7,18.3,93.0,0.1,0.0,1.4,18.0,0.0,,,,,,,,,,2017-12-16T04:16:00,,,,,,,,,,,,,,,,,,
2017-12-16 06:00:00,1004.1,17.0,95.0,0.6,92.0,1.3,98.0,0.0,,,,,,,,,,2017-12-16T05:45:00,,,,,,,,,,,,,,,,,,
2017-12-16 07:00:00,1004.4,16.9,96.0,0.2,0.0,1.8,88.0,0.0,,,,,,,,,,2017-12-16T06:15:00,,,,,,,,,,,,,,,,,,
2017-12-16 08:00:00,1005.3,18.5,94.0,1.0,178.0,1.8,162.0,0.0,,,,,,,,,,2017-12-16T07:56:00,,,,,,,,,,,,,,,,,,
2017-12-16 09:00:00,1005.6,20.4,83.0,0.8,222.0,1.9,192.0,0.0,,,,,,,,,,2017-12-16T08:10:00,,,,,,,,,,,,,,,,,,
2017-12-16 10:00:00,1005.5,21.7,75.0,1.7,266.0,3.0,258.0,0.0,,,,,,,,,,2017-12-16T09:56:00,,,,,,,,,,,,,,,,,,
2017-12-16 11:00:00,1004.8,23.5,66.0,1.2,263.0,2.6,249.0,0.0,,,,,,,,,,2017-12-16T10:12:00,,,,,,,,,,,,,,,,,,
2017-12-16 12:00:00,1004.0,22.0,72.0,1.9,293.0,3.7,291.0,0.0,,,,,,,,,,2017-12-16T11:50:00,,,,,,,,,,,,,,,,,,
2017-12-16 13:00:00,1003.0,21.8,74.0,0.9,324.0,4.5,290.0,0.0,,,,,,,,,,2017-12-16T12:08:00,,,,,,,,,,,,,,,,,,
2017-12-16 14:00:00,1002.4,21.9,73.0,0.9,298.0,4.5,9.0,0.0,,,,,,,,,,2017-12-16T13:14:00,,,,,,,,,,,,,,,,,,
2017-12-16 15:00:00,1002.1,22.8,68.0,1.8,286.0,4.0,272.0,0.0,,,,,,,,,,2017-12-16T14:18:00,,,,,,,,,,,,,,,,,,
2017-12-16 16:00:00,1002.4,21.9,71.0,1.0,263.0,3.6,264.0,0.0,,,,,,,,,,2017-12-16T15:12:00,,,,,,,,,,,,,,,,,,
2017-12-16 17:00:00,1003.0,20.2,78.0,1.6,277.0,3.4,273.0,0.0,,,,,,,,,,2017-12-16T16:18:00,,,,,,,,,,,,,,,,,,
2017-12-16 18:00:00,1003.7,19.0,80.0,1.9,236.0,3.0,240.0,0.0,,,,,,,,,,2017-12-16T17:58:00,,,,,,,,,,,,,,,,,,
2017-12-16 19:00:00,1004.1,18.3,79.0,2.3,255.0,4.1,221.0,0.0,,,,,,,,,,2017-12-16T18:43:00,,,,,,,,,,,,,,,,,,
2017-12-16 20:00:00,1004.8,17.5,80.0,1.7,186.0,3.0,244.0,0.0,,,,,,,,,,2017-12-16T19:04:00,,,,,,,,,,,,,,,,,,
2017-12-16 21:00:00,1004.9,16.9,81.0,1.7,197.0,3.5,213.0,0.0,,,,,,,,,,2017-12-16T20:27:00,,,,,,,,,,,,,,,,,,
2017-12-16 22:00:00,1005.1,16.5,82.0,1.7,198.0,3.6,183.0,0.0,,,,,,,,,,2017-12-16T21:45:00,,,,,,,,,,,,,,,,,,
2017-12-16 23:00:00,1005.0,16.3,82.0,1.6,202.0,2.9,175.0,0.0,,,,,,,,,,2017-12-16T22:05:00,,,,,,,,,,,,,,,,,,
2017-12-17 00:00:00,1005.2,16.0,83.0,2.2,198.0,3.2,173.0,0.0,,,,,,,,,,2017-12-16T23:27:00,,,,,,,,,,,,,,,,,,
2017-12-17 01:00:00,1005.5,15.7,83.0,2.3,210.0,3.2,197.0,0.0,,,,,,,,,,2017-12-17T00:02:00,,,,,,,,,,,,,,,,,,
2017-12-17 02:00:00,1005.4,15.7,82.0,1.4,208.0,3.0,210.0,0.0,,,,,,,,,,2017-12-17T01:10:00,,,,,,,,,,,,,,,,,,
2017-12-17 03:00:00,1005.6,15.5,82.0,1.4,189.0,3.2,194.0,0.0,,,,,,,,,,2017-12-17T02:27:00,,,,,,,,,,,,,,,,,,
2017-12-17 04:00:00,1005.8,15.3,83.0,1.1,202.0,2.2,204.0,0.0,,,,,,,,,,2017-12-17T03:46:00,,,,,,,,,,,,,,,,,,
2017-12-17 05:00:00,1005.9,14.8,85.0,0.9,214.0,2.0,179.0,0.0,,,,,,,,,,2017-12-17T04:10:00,,,,,,,,,,,,,,,,,,
2017-12-17 06:00:00,1006.3,14.5,87.0,0.5,208.0,2.0,157.0,0.0,,,,,,,,,,2017-12-17T05:27:00,,,,,,,,,,,,,,,,,,
2017-12-17 07:00:00,1006.8,13.9,88.0,1.1,167.0,2.5,158.0,0.0,,,,,,,,,,2017-12-17T06:52:00,,,,,,,,,,,,,,,,,,
2017-12-17 08:00:00,1007.2,15.4,81.0,1.3,192.0,2.2,161.0,0.0,,,,,,,,,,2017-12-17T07:01:00,,,,,,,,,,,,,,,,,,
2017-12-17 09:00:00,1007.5,18.0,72.0,1.5,196.0,2.7,217.0,0.0,,,,,,,,,,2017-12-17T08:23:00,,,,,,,,,,,,,,,,,,
2017-12-17 10:00:00,1007.7,19.5,68.0,2.3,218.0,3.9,219.0,0.0,,,,,,,,,,2017-12-17T09:56:00,,,,,,,,,,,,,,,,,,
2017-12-17 11:00:00,1007.5,20.2,65.0,1.7,212.0,3.8,215.0,0.0,,,,,,,,,,2017-12-17T10:55:00,,,,,,,,,,,,,,,,,,
2017-12-17 12:00:00,1007.3,19.9,65.0,1.4,248.0,3.7,214.0,0.0,,,,,,,,,,2017-12-17T11:08:00,,,,,,,,,,,,,,,,,,
2017-12-17 13:00:00,1006.2,19.5,66.0,1.2,228.0,3.5,235.0,0.0,,,,,,,,,,2017-12-17T12:18:00,,,,,,,,,,,,,,,,,,
2017-12-17 14:00:00,1005.4,19.6,66.0,1.1,233.0,2.5,213.0,0.0,,,,,,,,,,2017-12-17T13:14:00,,,,,,,,,,,,,,,,,,
2017-12-17 15:00:00,1005.1,19.5,69.0,1.1,215.0,2.4,185.0,0.0,,,,,,,,,,2017-12-17T14:03:00,,,,,,,,,,,,,,,,,,
2017-12-17 16:00:00,1005.3,19.0,72.0,1.5,215.0,2.7,223.0,0.0,,,,,,,,,,2017-12-17T15:37:00,,,,,,,,,,,,,,,,,,
2017-12-17 17:00:00,1005.8,17.6,76.0,1.9,204.0,3.1,204.0,0.0,,,,,,,,,,2017-12-17T16:10:00,,,,,,,,,,,,,,,,,,
2017-12-17 18:00:00,1006.6,16.7,76.0,1.8,214.0,3.1,213.0,0.0,,,,,,,,,,2017-12-17T17:39:00,,,,,,,,,,,,,,,,,,
2017-12-17 19:00:00,1007.2,16.2,75.0,1.5,203.0,3.6,207.0,0.0,,,,,,,,,,2017-12-17T18:07:00,,,,,,,,,,,,,,,,,,
2017-12-17 20:00:00,1007.5,15.9,76.0,1.3,201.0,2.5,186.0,0.0,,,,,,,,,,2017-12-17T19:05:00,,,,,,,,,,,,,,,,,,
2017-12-17 21:00:00,1007.7,15.5,77.0,1.1,184.0,2.9,198.0,0.0,,,,,,,,,,2017-12-17T20:27:00,,,,,,,,,,,,,,,,,,
2017-12-17 22:00:00,1007.6,15.4,78.0,1.1,197.0,2.0,212.0,0.0,,,,,,,,,,2017-12-17T21:46:00,,,,,,,,,,,,,,,,,,
2017-12-17 23:00:00,1007.6,15.0,80.0,1.7,209.0,2.4,206.0,0.0,,,,,,,,,,2017-12-17T22:57:00,,,,,,,,,,,,,,,,,,
2017-12-18 00:00:00,1007.2,14.8,82.0,0.6,205.0,2.8,201.0,0.0,,,,,,,,,,2017-12-17T23:09:00,,,,,,,,,,,,,,,,,,
2017-12-18 01:00:00,1007.1,14.4,83.0,1.1,153.0,2.6,222.0,0.0,,,,,,,,,,2017-12-18T00:32:00,,,,,,,,,,,,,,,,,,
2017-12-18 02:00:00,1006.7,14.6,83.0,0.5,325.0,1.6,145.0,0.0,,,,,,,,,,2017-12-18T01:01:00,,,,,,,,,,,,,,,,,,
2017-12-18 03:00:00,1006.3,14.3,86.0,1.0,142.0,1.7,168.0,0.0,,,,,,,,,,2017-12-18T02:48:00,,,,,,,,,,,,,,,,,,
2017-12-18 04:00:00,1006.1,14.6,85.0,0.0,0.0,1.2,127.0,0.0,,,,,,,,,,2017-12-18T03:03:00,,,,,,,,,,,,,,,,,,
2017-12-18 05:00:00,1006.0,14.6,87.0,1.0,221.0,1.5,207.0,0.0,,,,,,,,,,2017-12-18T04:43:00,,,,,,,,,,,,,,,,,,
2017-12-18 06:00:00,1006.4,14.2,88.0,1.8,189.0,2.6,217.0,0.0,,,,,,,,,,2017-12-18T06:00:00,,,,,,,,,,,,,,,,,,
2017-12-18 07:00:00,1007.0,14.3,86.0,0.5,209.0,2.6,171.0,0.0,,,,,,,,,,2017-12-18T06:19:00,,,,,,,,,,,,,,,,,,
2017-12-18 08:00:00,1007.8,15.4,81.0,0.9,186.0,1.9,183.0,0.0,,,,,,,,,,2017-12-18T07:50:00,,,,,,,,,,,,,,,,,,
2017-12-18 09:00:00,1007.9,17.3,75.0,0.9,286.0,1.6,299.0,0.0,,,,,,,,,,2017-12-18T08:55:00,,,,,,,,,,,,,,,,,,
2017-12-18 10:00:00,1007.5,20.0,66.0,1.4,212.0,2.5,225.0,0.0,,,,,,,,,,2017-12-18T09:32:00,,,,,,,,,,,,,,,,,,
2017-12-18 11:00:00,1006.6,22.8,59.0,1.6,238.0,3.6,258.0,0.0,,,,,,,,,,2017-12-18T10:57:00,,,,,,,,,,,,,,,,,,
2017-12-18 12:00:00,1005.6,22.8,56.0,2.4,216.0,4.6,225.0,0.0,,,,,,,,,,2017-12-18T11:32:00,,,,,,,,,,,,,,,,,,
2017-12-18 13:00:00,1004.5,23.3,52.0,2.3,271.0,4.4,286.0,0.0,,,,,,,,,,2017-12-18T12:34:00,,,,,,,,,,,,,,,,,,
2017-12-18 14:00:00,1003.9,23.4,52.0,2.1,259.0,5.2,233.0,0.0,,,,,,,,,,2017-12-18T13:54:00,,,,,,,,,,,,,,,,,,
2017-12-18 15:00:00,1003.6,22.7,54.0,1.8,264.0,4.1,265.0,0.0,,,,,,,,,,2017-12-18T14:06:00,,,,,,,,,,,,,,,,,,
2017-12-18 16:00:00,1003.6,22.1,56.0,1.5,282.0,3.6,287.0,0.0,,,,,,,,,,2017-12-18T15:20:00,,,,,,,,,,,,,,,,,,
2017-12-18 17:00:00,1004.1,20.6,61.0,2.0,286.0,3.7,282.0,0.0,,,,,,,,,,2017-12-18T16:28:00,,,,,,,,,,,,,,,,,,
2017-12-18 18:00:00,1004.6,19.2,69.0,1.1,222.0,4.4,286.0,0.0,,,,,,,,,,2017-12-18T17:09:00,,,,,,,,,,,,,,,,,,
2017-12-18 19:00:00,1005.3,18.4,73.0,1.2,185.0,2.3,190.0,0.0,,,,,,,,,,2017-12-18T18:42:00,,,,,,,,,,,,,,,,,,
2017-12-18 20:00:00,1005.8,18.1,75.0,0.8,187.0,1.6,198.0,0.0,,,,,,,,,,2017-12-18T19:09:00,,,,,,,,,,,,,,,,,,
2017-12-18 21:00:00,1006.1,16.9,80.0,1.1,176.0,1.8,179.0,0.0,,,,,,,,,,2017-12-18T20:31:00,,,,,,,,,,,,,,,,,,
2017-12-18 22:00:00,1006.3,16.0,86.0,0.7,97.0,2.0,147.0,0.0,,,,,,,,,,2017-12-18T21:01:00,,,,,,,,,,,,,,,,,,
2017-12-18 23:00:00,1006.1,15.8,90.0,1.0,106.0,1.3,65.0,0.0,,,,,,,,,,2017-12-18T22:24:00,,,,,,,,,,,,,,,,,,
2017-12-19 00:00:00,1006.0,15.7,90.0,0.0,0.0,1.3,109.0,0.0,,,,,,,,,,2017-12-18T23:01:00,,,,,,,,,,,,,,,,,,
2017-12-19 01:00:00,1005.9,15.7,87.0,1.2,174.0,2.2,176.0,0.0,,,,,,,,,,2017-12-19T00:51:00,,,,,,,,,,,,,,,,,,
2017-12-19 02:00:00,1005.7,15.7,86.0,1.0,190.0,1.6,206.0,0.0,,,,,,,,,,2017-12-19T01:09:00,,,,,,,,,,,,,,,,,,
2017-12-19 03:00:00,1005.3,15.5,87.0,1.1,206.0,1.9,211.0,0.0,,,,,,,,,,2017-12-19T02:55:00,,,,,,,,,,,,,,,,,,
2017-12-19 04:00:00,1005.2,15.3,86.0,1.6,212.0,2.6,207.0,0.0,,,,,,,,,,2017-12-19T03:46:00,,,,,,,,,,,,,,,,,,
2017-12-19 05:00:00,1005.5,15.2,86.0,1.0,189.0,2.5,213.0,0.0,,,,,,,,,,2017-12-19T04:35:00,,,,,,,,,,,,,,,,,,
2017-12-19 06:00:00,1006.0,15.2,85.0,0.7,189.0,2.2,196.0,0.0,,,,,,,,,,2017-12-19T05:13:00,,,,,,,,,,,,,,,,,,
2017-12-19 07:00:00,1006.4,15.3,84.0,0.8,158.0,1.7,204.0,0.0,,,,,,,,,,2017-12-19T06:19:00,,,,,,,,,,,,,,,,,,
2017-12-19 08:00:00,1006.6,16.5,80.0,0.8,240.0,1.5,185.0,0.0,,,,,,,,,,2017-12-19T07:20:00,,,,,,,,,,,,,,,,,,
2017-12-19 09:00:00,1007.2,17.6,76.0,1.4,174.0,2.4,188.0,0.0,,,,,,,,,,2017-12-19T08:55:00,,,,,,,,,,,,,,,,,,
2017-12-19 10:00:00,1007.1,20.6,65.0,1.2,246.0,2.7,276.0,0.0,,,,,,,,,,2017-12-19T09:43:00,,,,,,,,,,,,,,,,,,
2017-12-19 11:00:00,1006.5,21.3,63.0,1.3,83.0,2.9,253.0,0.0,,,,,,,,,,2017-12-19T10:18:00,,,,,,,,,,,,,,,,,,
2017-12-19 12:00:00,1005.3,24.3,55.0,2.0,229.0,3.6,206.0,0.0,,,,,,,,,,2017-12-19T11:53:00,,,,,,,,,,,,,,,,,,
2017-12-19 13:00:00,1004.3,24.4,54.0,3.0,259.0,5.6,277.0,0.0,,,,,,,,,,2017-12-19T12:32:00,,,,,,,,,,,,,,,,,,
2017-12-19 14:00:00,1003.7,24.8,53.0,1.4,189.0,4.1,212.0,0.0,,,,,,,,,,2017-12-19T13:53:00,,,,,,,,,,,,,,,,,,
2017-12-19 15:00:00,1003.6,22.6,57.0,1.6,282.0,4.0,286.0,0.0,,,,,,,,,,2017-12-19T14:05:00,,,,,,,,,,,,,,,,,,
2017-12-19 16:00:00,1003.9,21.6,61.0,1.9,272.0,3.5,254.0,0.0,,,,,,,,,,2017-12-19T15:41:00,,,,,,,,,,,,,,,,,,
2017-12-19 17:00:00,1005.0,19.8,68.0,2.4,206.0,3.7,225.0,0.0,,,,,,,,,,2017-12-19T16:32:00,,,,,,,,,,,,,,,,,,
2017-12-19 18:00:00,1005.3,18.8,71.0,1.7,195.0,3.5,195.0,0.0,,,,,,,,,,2017-12-19T17:42:00,,,,,,,,,,,,,,,,,,
2017-12-19 19:00:00,1006.0,18.4,72.0,1.7,211.0,2.8,217.0,0.0,,,,,,,,,,2017-12-19T18:05:00,,,,,,,,,,,,,,,,,,
2017-12-19 20:00:00,1006.7,17.5,73.0,1.1,183.0,3.1,198.0,0.0,,,,,,,,,,2017-12-19T19:06:00,,,,,,,,,,,,,,,,,,
2017-12-19 21:00:00,1007.1,17.2,74.0,1.2,200.0,3.4,217.0,0.0,,,,,,,,,,2017-12-19T20:26:00,,,,,,,,,,,,,,,,,,
2017-12-19 22:00:00,1007.5,16.7,76.0,1.4,196.0,2.7,177.0,0.0,,,,,,,,,,2017-12-19T21:30:00,,,,,,,,,,,,,,,,,,
2017-12-19 23:00:00,1008.0,16.3,78.0,1.6,202.0,3.3,205.0,0.0,,,,,,,,,,2017-12-19T22:17:00,,,,,,,,,,,,,,,,,,
2017-12-20 00:00:00,1008.2,16.2,79.0,1.2,210.0,2.9,195.0,0.0,,,,,,,,,,2017-12-19T23:21:00,,,,,,,,,,,,,,,,,,
2017-12-20 01:00:00,1008.3,16.0,80.0,0.6,271.0,1.8,154.0,0.0,,,,,,,,,,2017-12-20T00:11:00,,,,,,,,,,,,,,,,,,
2017-12-20 02:00:00,1008.4,15.7,83.0,1.1,184.0,2.2,213.0,0.0,,,,,,,,,,2017-12-20T01:14:00,,,,,,,,,,,,,,,,,,
2017-12-20 03:00:00,1008.6,15.4,87.0,0.8,195.0,2.1,196.0,0.0,,,,,,,,,,2017-12-20T02:26:00,,,,,,,,,,,,,,,,,,
2017-12-20 04:00:00,1008.5,15.1,92.0,0.7,154.0,1.4,228.0,0.0,,,,,,,,,,2017-12-20T03:02:00,,,,,,,,,,,,,,,,,,
2017-12-20 05:00:00,1008.5,15.1,93.0,0.0,0.0,1.3,215.0,0.0,,,,,,,,,,2017-12-20T04:42:00,,,,,,,,,,,,,,,,,,
2017-12-20 06:00:00,1009.1,15.2,94.0,0.9,196.0,1.7,213.0,0.5,,,,,,,,,,2017-12-20T05:48:00,,,,,,,,,,,,,,,,,,
2017-12-20 07:00:00,1009.5,15.1,95.0,1.8,224.0,2.4,226.0,0.5,,,,,,,,,,2017-12-20T06:56:00,,,,,,,,,,,,,,,,,,
2017-12-20 08:00:00,1010.2,15.1,94.0,0.6,108.0,3.1,209.0,0.0,,,,,,,,,,2017-12-20T07:20:00,,,,,,,,,,,,,,,,,,
2017-12-20 09:00:00,1010.7,16.4,90.0,0.4,59.0,2.3,2.0,0.0,,,,,,,,,,2017-12-20T08:29:00,,,,,,,,,,,,,,,,,,
2017-12-20 10:00:00,1010.7,18.9,83.0,0.8,293.0,2.2,80.0,0.0,,,,,,,,,,2017-12-20T09:14:00,,,,,,,,,,,,,,,,,,
2017-12-20 11:00:00,1009.9,21.0,73.0,0.8,250.0,3.5,151.0,0.0,,,,,,,,,,2017-12-20T10:42:00,,,,,,,,,,,,,,,,,,
2017-12-20 12:00:00,1008.9,22.1,67.0,1.5,246.0,3.3,251.0,0.0,,,,,,,,,,2017-12-20T11:06:00,,,,,,,,,,,,,,,,,,
2017-12-20 13:00:00,1008.0,22.7,67.0,1.5,264.0,4.6,255.0,0.0,,,,,,,,,,2017-12-20T12:43:00,,,,,,,,,,,,,,,,,,
2017-12-20 14:00:00,1007.5,22.5,66.0,2.2,266.0,3.2,267.0,0.0,,,,,,,,,,2017-12-20T13:48:00,,,,,,,,,,,,,,,,,,
2017-12-20 15:00:00,1007.2,22.2,64.0,1.3,291.0,4.4,283.0,0.0,,,,,,,,,,2017-12-20T14:42:00,,,,,,,,,,,,,,,,,,
2017-12-20 16:00:00,1007.3,21.8,64.0,1.6,279.0,3.7,254.0,0.0,,,,,,,,,,2017-12-20T15:18:00,,,,,,,,,,,,,,,,,,
2017-12-20 17:00:00,1008.2,19.8,65.0,0.8,289.0,3.9,292.0,0.0,,,,,,,,,,2017-12-20T16:27:00,,,,,,,,,,,,,,,,,,
2017-12-20 18:00:00,1008.7,18.3,72.0,0.8,136.0,1.7,292.0,0.0,,,,,,,,,,2017-12-20T17:03:00,,,,,,,,,,,,,,,,,,
2017-12-20 19:00:00,1009.0,17.1,82.0,1.1,223.0,1.6,93.0,0.0,,,,,,,,,,2017-12-20T18:18:00,,,,,,,,,,,,,,,,,,
2017-12-20 20:00:00,1009.3,16.6,75.0,1.3,185.0,2.6,194.0,0.0,,,,,,,,,,2017-12-20T19:41:00,,,,,,,,,,,,,,,,,,
2017-12-20 21:00:00,1009.6,15.9,75.0,1.3,178.0,3.5,195.0,0.0,,,,,,,,,,2017-12-20T20:02:00,,,,,,,,,,,,,,,,,,
2017-12-20 22:00:00,1009.8,15.9,77.0,1.4,218.0,1.9,191.0,0.0,,,,,,,,,,2017-12-20T21:44:00,,,,,,,,,,,,,,,,,,
2017-12-20 23:00:00,1010.1,15.5,79.0,1.5,219.0,2.1,208.0,0.0,,,,,,,,,,2017-12-20T22:10:00,,,,,,,,,,,,,,,,,,
2017-12-21 00:00:00,1010.0,15.0,81.0,0.7,156.0,1.9,219.0,0.0,,,,,,,,,,2017-12-20T23:05:00,,,,,,,,,,,,,,,,,,
2017-12-21 01:00:00,1010.0,15.0,83.0,0.3,117.0,1.2,277.0,0.0,,,,,,,,,,2017-12-21T00:20:00,,,,,,,,,,,,,,,,,,
2017-12-21 02:00:00,1009.5,15.2,82.0,0.3,328.0,1.0,276.0,0.0,,,,,,,,,,2017-12-21T01:33:00,,,,,,,,,,,,,,,,,,
2017-12-21 03:00:00,1009.1,15.2,85.0,1.0,213.0,1.4,217.0,0.0,,,,,,,,,,2017-12-21T03:00:00,,,,,,,,,,,,,,,,,,
2017-12-21 04:00:00,1008.7,14.5,87.0,0.6,221.0,2.2,218.0,0.0,,,,,,,,,,2017-12-21T03:36:00,,,,,,,,,,,,,,,,,,
2017-12-21 05:00:00,1008.8,14.6,87.0,0.4,120.0,0.9,275.0,0.0,,,,,,,,,,2017-12-21T04:23:00,,,,,,,,,,,,,,,,,,
2017-12-21 06:00:00,1009.1,14.3,91.0,0.0,0.0,1.0,106.0,0.0,,,,,,,,,,2017-12-21T05:01:00,,,,,,,,,,,,,,,,,,
2017-12-21 07:00:00,1009.7,13.8,93.0,0.5,212.0,0.9,102.0,0.0,,,,,,,,,,2017-12-21T06:25:00,,,,,,,,,,,,,,,,,,
2017-12-21 08:00:00,1010.0,15.3,89.0,0.2,0.0,0.8,196.0,0.0,,,,,,,,,,2017-12-21T07:06:00,,,,,,,,,,,,,,,,,,
2017-12-21 09:00:00,1010.1,19.4,67.0,0.7,102.0,1.9,87.0,0.0,,,,,,,,,,2017-12-21T08:51:00,,,,,,,,,,,,,,,,,,
2017-12-21 10:00:00,1010.0,20.6,60.0,1.7,199.0,3.2,197.0,0.0,,,,,,,,,,2017-12-21T09:59:00,,,,,,,,,,,,,,,,,,
2017-12-21 11:00:00,1009.2,22.5,54.0,2.1,249.0,3.9,259.0,0.0,,,,,,,,,,2017-12-21T10:52:00,,,,,,,,,,,,,,,,,,
2017-12-21 12:00:00,1008.4,24.2,49.0,2.2,223.0,4.7,213.0,0.0,,,,,,,,,,2017-12-21T11:58:00,,,,,,,,,,,,,,,,,,
2017-12-21 13:00:00,1007.3,24.5,47.0,2.0,268.0,4.5,200.0,0.0,,,,,,,,,,2017-12-21T12:35:00,,,,,,,,,,,,,,,,,,
2017-12-21 14:00:00,1006.7,24.4,48.0,2.0,237.0,5.6,256.0,0.0,,,,,,,,,,2017-12-21T13:42:00,,,,,,,,,,,,,,,,,,
2017-12-21 15:00:00,1006.3,23.4,49.0,1.8,240.0,4.7,253.0,0.0,,,,,,,,,,2017-12-21T14:12:00,,,,,,,,,,,,,,,,,,
2017-12-21 16:00:00,1006.4,22.7,52.0,2.1,284.0,4.1,276.0,0.0,,,,,,,,,,2017-12-21T15:45:00,,,,,,,,,,,,,,,,,,
2017-12-21 17:00:00,1006.7,21.2,55.0,2.2,253.0,4.0,283.0,0.0,,,,,,,,,,2017-12-21T16:42:00,,,,,,,,,,,,,,,,,,
2017-12-21 18:00:00,1007.1,19.7,63.0,2.0,216.0,3.9,218.0,0.0,,,,,,,,,,2017-12-21T17:39:00,,,,,,,,,,,,,,,,,,
2017-12-21 19:00:00,1007.7,19.1,65.0,2.1,212.0,3.8,207.0,0.0,,,,,,,,,,2017-12-21T18:08:00,,,,,,,,,,,,,,,,,,
2017-12-21 20:00:00,1008.2,18.7,62.0,1.3,232.0,3.3,218.0,0.0,,,,,,,,,,2017-12-21T19:03:00,,,,,,,,,,,,,,,,,,
2017-12-21 21:00:00,1008.3,18.4,65.0,0.3,153.0,1.7,224.0,0.0,,,,,,,,,,2017-12-21T20:02:00,,,,,,,,,,,,,,,,,,
2017-12-21 22:00:00,1008.6,17.9,72.0,1.2,12.0,1.5,19.0,0.0,,,,,,,,,,2017-12-21T21:59:00,,,,,,,,,,,,,,,,,,
2017-12-21 23:00:00,1008.2,17.4,76.0,0.4,52.0,1.8,95.0,0.0,,,,,,,,,,2017-12-21T22:15:00,,,,,,,,,,,,,,,,,,
2017-12-22 00:00:00,1007.8,15.4,86.0,0.9,66.0,1.4,1.0,0.0,,,,,,,,,,2017-12-21T23:04:00,,,,,,,,,,,,,,,,,,
2017-12-22 01:00:00,1007.4,14.3,88.0,1.0,66.0,1.4,58.0,0.0,,,,,,,,,,2017-12-22T00:59:00,,,,,,,,,,,,,,,,,,
2017-12-22 02:00:00,1007.0,14.0,91.0,0.5,65.0,1.3,53.0,0.0,,,,,,,,,,2017-12-22T01:29:00,,,,,,,,,,,,,,,,,,
2017-12-22 03:00:00,1006.6,13.7,93.0,0.0,0.0,1.4,65.0,0.0,,,,,,,,,,2017-12-22T02:03:00,,,,,,,,,,,,,,,,,,
2017-12-22 04:00:00,1006.7,13.4,93.0,1.0,65.0,1.6,65.0,0.0,,,,,,,,,,2017-12-22T03:59:00,,,,,,,,,,,,,,,,,,
2017-12-22 05:00:00,1006.7,13.1,94.0,0.9,65.0,2.6,35.0,0.0,,,,,,,,,,2017-12-22T04:09:00,,,,,,,,,,,,,,,,,,
2017-12-22 06:00:00,1007.1,13.0,93.0,1.3,70.0,2.0,64.0,0.0,,,,,,,,,,2017-12-22T05:25:00,,,,,,,,,,,,,,,,,,
2017-12-22 07:00:00,1007.4,12.3,95.0,0.8,120.0,1.5,63.0,0.0,,,,,,,,,,2017-12-22T06:02:00,,,,,,,,,,,,,,,,,,
2017-12-22 08:00:00,1007.3,15.3,83.0,1.5,56.0,2.5,42.0,0.0,,,,,,,,,,2017-12-22T07:56:00,,,,,,,,,,,,,,,,,,
2017-12-22 09:00:00,1007.4,18.6,68.0,0.7,329.0,2.5,20.0,0.0,,,,,,,,,,2017-12-22T08:16:00,,,,,,,,,,,,,,,,,,
2017-12-22 10:00:00,1006.7,22.0,58.0,1.3,228.0,2.7,211.0,0.0,,,,,,,,,,2017-12-22T09:45:00,,,,,,,,,,,,,,,,,,
2017-12-22 11:00:00,1005.8,23.8,49.0,1.7,228.0,3.3,211.0,0.0,,,,,,,,,,2017-12-22T10:21:00,,,,,,,,,,,,,,,,,,
2017-12-22 12:00:00,1005.1,24.4,48.0,1.6,308.0,4.8,280.0,0.0,,,,,,,,,,2017-12-22T11:32:00,,,,,,,,,,,,,,,,,,
2017-12-22 13:00:00,1003.9,25.4,45.0,1.8,272.0,5.1,256.0,0.0,,,,,,,,,,2017-12-22T12:44:00,,,,,,,,,,,,,,,,,,
2017-12-22 14:00:00,1003.3,24.9,46.0,1.3,309.0,4.6,263.0,0.0,,,,,,,,,,2017-12-22T13:05:00,,,,,,,,,,,,,,,,,,
2017-12-22 15:00:00,1003.0,25.5,47.0,1.8,224.0,4.4,210.0,0.0,,,,,,,,,,2017-12-22T14:04:00,,,,,,,,,,,,,,,,,,
2017-12-22 16:00:00,1002.9,24.7,49.0,1.8,246.0,3.6,239.0,0.0,,,,,,,,,,2017-12-22T15:38:00,,,,,,,,,,,,,,,,,,
2017-12-22 17:00:00,1003.1,21.4,60.0,1.7,294.0,5.1,292.0,0.0,,,,,,,,,,2017-12-22T16:47:00,,,,,,,,,,,,,,,,,,
2017-12-22 18:00:00,1003.6,19.3,69.0,1.9,222.0,4.0,257.0,0.0,,,,,,,,,,2017-12-22T17:38:00,,,,,,,,,,,,,,,,,,
2017-12-22 19:00:00,1004.1,17.9,74.0,0.7,35.0,2.7,230.0,0.0,,,,,,,,,,2017-12-22T18:12:00,,,,,,,,,,,,,,,,,,
2017-12-22 20:00:00,1004.6,16.3,83.0,1.2,56.0,1.8,101.0,0.0,,,,,,,,,,2017-12-22T19:30:00,,,,,,,,,,,,,,,,,,
2017-12-22 21:00:00,1004.6,16.0,85.0,1.0,43.0,2.1,1.0,0.0,,,,,,,,,,2017-12-22T20:33:00,,,,,,,,,,,,,,,,,,
2017-12-22 22:00:00,1004.8,15.6,87.0,1.1,52.0,2.1,74.0,0.0,,,,,,,,,,2017-12-22T21:29:00,,,,,,,,,,,,,,,,,,
2017-12-22 23:00:00,1004.8,14.8,91.0,0.0,0.0,2.0,73.0,0.0,,,,,,,,,,2017-12-22T22:03:00,,,,,,,,,,,,,,,,,,
2017-12-23 00:00:00,1004.4,14.7,90.0,0.8,60.0,1.7,71.0,0.0,,,,,,,,,,2017-12-22T23:43:00,,,,,,,,,,,,,,,,,,
2017-12-23 01:00:00,1004.0,14.5,91.0,0.5,66.0,1.9,69.0,0.0,,,,,,,,,,2017-12-23T00:15:00,,,,,,,,,,,,,,,,,,
2017-12-23 02:00:00,1003.7,14.8,90.0,0.8,53.0,2.6,77.0,0.0,,,,,,,,,,2017-12-23T01:44:00,,,,,,,,,,,,,,,,,,
2017-12-23 03:00:00,1003.2,14.9,89.0,1.3,53.0,2.1,71.0,0.0,,,,,,,,,,2017-12-23T02:55:00,,,,,,,,,,,,,,,,,,
2017-12-23 04:00:00,1003.2,13.4,93.0,0.0,0.0,1.7,47.0,0.0,,,,,,,,,,2017-12-23T03:01:00,,,,,,,,,,,,,,,,,,
2017-12-23 05:00:00,1003.2,12.9,94.0,0.4,97.0,1.3,101.0,0.0,,,,,,,,,,2017-12-23T04:52:00,,,,,,,,,,,,,,,,,,
2017-12-23 06:00:00,1003.8,12.9,95.0,0.1,0.0,1.7,341.0,0.0,,,,,,,,,,2017-12-23T05:12:00,,,,,,,,,,,,,,,,,,
2017-12-23 07:00:00,1004.0,12.7,95.0,0.1,0.0,1.7,343.0,0.0,,,,,,,,,,2017-12-23T06:27:00,,,,,,,,,,,,,,,,,,
2017-12-23 08:00:00,1004.3,15.6,89.0,1.0,348.0,2.3,88.0,0.0,,,,,,,,,,2017-12-23T07:11:00,,,,,,,,,,,,,,,,,,
2017-12-23 09:00:00,1004.1,19.1,71.0,0.7,65.0,2.2,43.0,0.0,,,,,,,,,,2017-12-23T08:18:00,,,,,,,,,,,,,,,,,,
2017-12-23 10:00:00,1003.7,22.8,57.0,1.1,153.0,2.2,171.0,0.0,,,,,,,,,,2017-12-23T09:40:00,,,,,,,,,,,,,,,,,,
2017-12-23 11:00:00,1002.9,24.9,47.0,2.0,278.0,4.4,246.0,0.0,,,,,,,,,,2017-12-23T10:29:00,,,,,,,,,,,,,,,,,,
2017-12-23 12:00:00,1001.8,26.0,44.0,2.6,272.0,5.6,285.0,0.0,,,,,,,,,,2017-12-23T11:58:00,,,,,,,,,,,,,,,,,,
2017-12-23 13:00:00,1000.6,25.9,43.0,2.4,288.0,6.4,282.0,0.0,,,,,,,,,,2017-12-23T12:09:00,,,,,,,,,,,,,,,,,,
2017-12-23 14:00:00,999.9,26.0,43.0,1.4,281.0,5.5,293.0,0.0,,,,,,,,,,2017-12-23T13:08:00,,,,,,,,,,,,,,,,,,
2017-12-23 15:00:00,999.6,25.4,42.0,1.9,298.0,5.0,286.0,0.0,,,,,,,,,,2017-12-23T14:37:00,,,,,,,,,,,,,,,,,,
2017-12-23 16:00:00,999.9,24.4,41.0,1.9,290.0,4.4,263.0,0.0,,,,,,,,,,2017-12-23T15:17:00,,,,,,,,,,,,,,,,,,
2017-12-23 17:00:00,1000.6,22.4,54.0,1.2,281.0,4.5,260.0,0.0,,,,,,,,,,2017-12-23T16:33:00,,,,,,,,,,,,,,,,,,
2017-12-23 18:00:00,1000.8,20.0,66.0,0.9,197.0,2.4,236.0,0.0,,,,,,,,,,2017-12-23T17:12:00,,,,,,,,,,,,,,,,,,
2017-12-23 19:00:00,1001.1,17.2,79.0,1.1,78.0,2.0,83.0,0.0,,,,,,,,,,2017-12-23T18:38:00,,,,,,,,,,,,,,,,,,
2017-12-23 20:00:00,1001.7,16.5,83.0,0.0,0.0,1.8,340.0,0.0,,,,,,,,,,2017-12-23T19:22:00,,,,,,,,,,,,,,,,,,
2017-12-23 21:00:00,1002.2,16.0,85.0,0.2,0.0,2.1,65.0,0.0,,,,,,,,,,2017-12-23T20:11:00,,,,,,,,,,,,,,,,,,
2017-12-23 22:00:00,1002.4,15.3,86.0,1.0,71.0,1.9,63.0,0.0,,,,,,,,,,2017-12-23T21:48:00,,,,,,,,,,,,,,,,,,
2017-12-23 23:00:00,1002.5,14.9,86.0,1.3,61.0,2.2,60.0,0.0,,,,,,,,,,2017-12-23T22:39:00,,,,,,,,,,,,,,,,,,
2017-12-24 00:00:00,1002.6,15.0,86.0,0.8,8.0,2.6,60.0,0.0,,,,,,,,,,2017-12-23T23:31:00,,,,,,,,,,,,,,,,,,
2017-12-24 01:00:00,1002.5,13.8,90.0,0.1,0.0,1.9,71.0,0.0,,,,,,,,,,2017-12-24T00:22:00,,,,,,,,,,,,,,,,,,
2017-12-24 02:00:00,1002.4,14.0,89.0,0.1,0.0,1.9,54.0,0.0,,,,,,,,,,2017-12-24T01:08:00,,,,,,,,,,,,,,,,,,
2017-12-24 03:00:00,1002.2,13.7,90.0,0.5,37.0,1.6,62.0,0.0,,,,,,,,,,2017-12-24T02:46:00,,,,,,,,,,,,,,,,,,
2017-12-24 04:00:00,1002.2,13.5,90.0,0.3,10.0,1.6,70.0,0.0,,,,,,,,,,2017-12-24T03:23:00,,,,,,,,,,,,,,,,,,
2017-12-24 05:00:00,1002.4,13.4,92.0,0.8,65.0,2.3,60.0,0.0,,,,,,,,,,2017-12-24T04:10:00,,,,,,,,,,,,,,,,,,
2017-12-24 06:00:00,1002.5,14.4,89.0,0.4,314.0,1.8,74.0,0.0,,,,,,,,,,2017-12-24T05:28:00,,,,,,,,,,,,,,,,,,
2017-12-24 07:00:00,1002.6,14.2,89.0,0.6,97.0,2.2,55.0,0.0,,,,,,,,,,2017-12-24T06:42:00,,,,,,,,,,,,,,,,,,
2017-12-24 08:00:00,1003.0,16.6,83.0,0.2,0.0,2.7,113.0,0.0,,,,,,,,,,2017-12-24T07:50:00,,,,,,,,,,,,,,,,,,
2017-12-24 09:00:00,1003.1,22.3,64.0,1.3,236.0,1.9,239.0,0.0,,,,,,,,,,2017-12-24T08:43:00,,,,,,,,,,,,,,,,,,
2017-12-24 10:00:00,1003.0,22.1,61.0,1.4,195.0,3.4,207.0,0.0,,,,,,,,,,2017-12-24T09:26:00,,,,,,,,,,,,,,,,,,
2017-12-24 11:00:00,1002.3,24.9,53.0,1.4,203.0,4.0,228.0,0.0,,,,,,,,,,2017-12-24T10:24:00,,,,,,,,,,,,,,,,,,
2017-12-24 12:00:00,1001.0,27.7,44.0,2.5,214.0,4.3,237.0,0.0,,,,,,,,,,2017-12-24T11:54:00,,,,,,,,,,,,,,,,,,
2017-12-24 13:00:00,999.7,28.3,39.0,2.5,272.0,4.7,275.0,0.0,,,,,,,,,,2017-12-24T12:38:00,,,,,,,,,,,,,,,,,,
2017-12-24 14:00:00,998.9,27.6,40.0,3.2,281.0,5.9,276.0,0.0,,,,,,,,,,2017-12-24T13:49:00,,,,,,,,,,,,,,,,,,
2017-12-24 15:00:00,998.6,27.2,42.0,2.6,278.0,5.5,293.0,0.0,,,,,,,,,,2017-12-24T14:11:00,,,,,,,,,,,,,,,,,,
2017-12-24 16:00:00,998.7,26.4,47.0,1.6,282.0,4.0,289.0,0.0,,,,,,,,,,2017-12-24T15:15:00,,,,,,,,,,,,,,,,,,
2017-12-24 17:00:00,999.6,24.9,54.0,1.2,292.0,3.4,288.0,0.0,,,,,,,,,,2017-12-24T16:06:00,,,,,,,,,,,,,,,,,,
2017-12-24 18:00:00,1000.2,23.3,60.0,1.0,200.0,2.1,298.0,0.0,,,,,,,,,,2017-12-24T17:01:00,,,,,,,,,,,,,,,,,,
2017-12-24 19:00:00,1000.9,21.9,66.0,1.4,174.0,2.5,158.0,0.0,,,,,,,,,,2017-12-24T18:59:00,,,,,,,,,,,,,,,,,,
2017-12-24 20:00:00,1001.3,20.5,71.0,0.1,0.0,2.0,163.0,0.0,,,,,,,,,,2017-12-24T19:12:00,,,,,,,,,,,,,,,,,,
2017-12-24 21:00:00,1001.7,19.3,79.0,1.0,94.0,1.3,74.0,0.0,,,,,,,,,,2017-12-24T20:35:00,,,,,,,,,,,,,,,,,,
2017-12-24 22:00:00,1002.0,19.2,78.0,0.1,0.0,1.6,191.0,0.0,,,,,,,,,,2017-12-24T21:22:00,,,,,,,,,,,,,,,,,,
2017-12-24 23:00:00,1002.0,19.0,80.0,0.1,0.0,1.5,138.0,0.0,,,,,,,,,,2017-12-24T22:15:00,,,,,,,,,,,,,,,,,,
2017-12-25 00:00:00,1001.8,19.0,79.0,0.0,0.0,1.6,44.0,0.0,,,,,,,,,,2017-12-24T23:46:00,,,,,,,,,,,,,,,,,,
2017-12-25 01:00:00,1001.5,19.0,85.0,0.0,0.0,1.7,73.0,0.0,,,,,,,,,,2017-12-25T00:22:00,,,,,,,,,,,,,,,,,,
2017-12-25 02:00:00,1001.4,18.8,83.0,0.1,0.0,1.6,220.0,0.0,,,,,,,,,,2017-12-25T01:20:00,,,,,,,,,,,,,,,,,,
2017-12-25 03:00:00,1001.2,18.8,86.0,0.1,0.0,1.1,205.0,0.0,,,,,,,,,,2017-12-25T02:04:00,,,,,,,,,,,,,,,,,,
2017-12-25 04:00:00,1001.1,18.6,90.0,0.5,198.0,1.0,249.0,0.0,,,,,,,,,,2017-12-25T03:09:00,,,,,,,,,,,,,,,,,,
2017-12-25 05:00:00,1001.4,18.3,92.0,0.5,246.0,1.4,63.0,0.0,,,,,,,,,,2017-12-25T04:24:00,,,,,,,,,,,,,,,,,,
2017-12-25 06:00:00,1002.4,17.9,93.0,1.8,197.0,2.7,204.0,0.0,,,,,,,,,,2017-12-25T05:57:00,,,,,,,,,,,,,,,,,,
2017-12-25 07:00:00,1003.1,17.6,94.0,0.0,0.0,2.3,190.0,0.0,,,,,,,,,,2017-12-25T06:01:00,,,,,,,,,,,,,,,,,,
2017-12-25 08:00:00,1003.7,17.9,93.0,0.2,0.0,2.1,208.0,0.0,,,,,,,,,,2017-12-25T07:15:00,,,,,,,,,,,,,,,,,,
2017-12-25 09:00:00,1004.2,18.9,89.0,0.3,202.0,1.5,288.0,0.0,,,,,,,,,,2017-12-25T08:18:00,,,,,,,,,,,,,,,,,,
2017-12-25 10:00:00,1004.2,21.2,82.0,1.2,227.0,2.3,214.0,0.0,,,,,,,,,,2017-12-25T09:53:00,,,,,,,,,,,,,,,,,,
2017-12-25 11:00:00,1003.9,22.9,74.0,2.0,219.0,3.6,218.0,0.0,,,,,,,,,,2017-12-25T10:54:00,,,,,,,,,,,,,,,,,,
2017-12-25 12:00:00,1003.5,21.8,72.0,2.1,236.0,4.5,204.0,0.0,,,,,,,,,,2017-12-25T11:19:00,,,,,,,,,,,,,,,,,,
2017-12-25 13:00:00,1002.7,21.4,72.0,1.2,236.0,3.0,228.0,0.0,,,,,,,,,,2017-12-25T12:15:00,,,,,,,,,,,,,,,,,,
2017-12-25 14:00:00,1002.5,21.5,70.0,0.5,196.0,2.3,267.0,0.0,,,,,,,,,,2017-12-25T13:05:00,,,,,,,,,,,,,,,,,,
2017-12-25 15:00:00,1002.4,21.0,73.0,0.5,120.0,1.8,113.0,0.0,,,,,,,,,,2017-12-25T14:54:00,,,,,,,,,,,,,,,,,,
2017-12-25 16:00:00,1002.7,20.1,82.0,1.7,171.0,3.2,204.0,0.0,,,,,,,,,,2017-12-25T15:41:00,,,,,,,,,,,,,,,,,,
2017-12-25 17:00:00,1003.2,19.8,82.0,1.9,190.0,3.2,198.0,0.0,,,,,,,,,,2017-12-25T16:44:00,,,,,,,,,,,,,,,,,,
2017-12-25 18:00:00,1003.8,19.3,84.0,0.7,124.0,3.2,149.0,0.0,,,,,,,,,,2017-12-25T17:26:00,,,,,,,,,,,,,,,,,,
2017-12-25 19:00:00,1004.4,19.1,83.0,0.8,41.0,2.2,107.0,0.0,,,,,,,,,,2017-12-25T18:34:00,,,,,,,,,,,,,,,,,,
2017-12-25 20:00:00,1004.7,19.3,85.0,0.3,246.0,1.7,61.0,0.0,,,,,,,,,,2017-12-25T19:18:00,,,,,,,,,,,,,,,,,,
2017-12-25 21:00:00,1005.0,19.1,87.0,1.3,11.0,1.8,13.0,0.0,,,,,,,,,,2017-12-25T20:51:00,,,,,,,,,,,,,,,,,,
2017-12-25 22:00:00,1005.1,19.0,87.0,0.4,18.0,1.9,21.0,0.0,,,,,,,,,,2017-12-25T21:37:00,,,,,,,,,,,,,,,,,,
2017-12-25 23:00:00,1005.1,19.0,88.0,0.2,0.0,1.7,84.0,0.0,,,,,,,,,,2017-12-25T22:26:00,,,,,,,,,,,,,,,,,,
2017-12-26 00:00:00,1004.7,18.9,89.0,0.5,324.0,0.8,324.0,0.0,,,,,,,,,,2017-12-26T00:00:00,,,,,,,,,,,,,,,,,,
2017-12-26 01:00:00,1004.5,18.8,90.0,0.0,0.0,1.0,87.0,0.0,,,,,,,,,,2017-12-26T00:28:00,,,,,,,,,,,,,,,,,,
2017-12-26 02:00:00,1004.6,18.7,90.0,0.2,0.0,1.4,186.0,0.0,,,,,,,,,,2017-12-26T01:43:00,,,,,,,,,,,,,,,,,,
2017-12-26 03:00:00,1004.4,18.7,90.0,0.0,0.0,0.7,95.0,0.0,,,,,,,,,,2017-12-26T02:40:00,,,,,,,,,,,,,,,,,,
2017-12-26 04:00:00,1004.5,18.7,92.0,0.9,69.0,1.6,63.0,0.0,,,,,,,,,,2017-12-26T03:55:00,,,,,,,,,,,,,,,,,,
2017-12-26 05:00:00,1004.8,18.6,93.0,0.2,0.0,1.1,85.0,0.0,,,,,,,,,,2017-12-26T04:05:00,,,,,,,,,,,,,,,,,,
2017-12-26 06:00:00,1005.3,18.6,92.0,0.0,0.0,1.3,78.0,0.0,,,,,,,,,,2017-12-26T05:15:00,,,,,,,,,,,,,,,,,,
2017-12-26 07:00:00,1005.7,18.6,91.0,0.6,67.0,1.4,80.0,0.0,,,,,,,,,,2017-12-26T06:29:00,,,,,,,,,,,,,,,,,,
2017-12-26 08:00:00,1006.1,19.3,88.0,0.8,77.0,1.2,91.0,0.0,,,,,,,,,,2017-12-26T07:38:00,,,,,,,,,,,,,,,,,,
2017-12-26 09:00:00,1006.6,21.5,76.0,0.6,202.0,1.2,98.0,0.0,,,,,,,,,,2017-12-26T08:03:00,,,,,,,,,,,,,,,,,,
2017-12-26 10:00:00,1006.5,23.7,66.0,1.5,148.0,2.6,142.0,0.0,,,,,,,,,,2017-12-26T09:54:00,,,,,,,,,,,,,,,,,,
2017-12-26 11:00:00,1005.9,24.0,61.0,0.8,302.0,3.1,182.0,0.0,,,,,,,,,,2017-12-26T10:23:00,,,,,,,,,,,,,,,,,,
2017-12-26 12:00:00,1005.0,25.7,58.0,1.9,254.0,4.2,259.0,0.0,,,,,,,,,,2017-12-26T11:55:00,,,,,,,,,,,,,,,,,,
2017-12-26 13:00:00,1004.0,26.5,53.0,0.8,265.0,3.5,259.0,0.0,,,,,,,,,,2017-12-26T12:46:00,,,,,,,,,,,,,,,,,,
2017-12-26 14:00:00,1003.3,26.3,52.0,1.9,280.0,4.6,289.0,0.0,,,,,,,,,,2017-12-26T13:52:00,,,,,,,,,,,,,,,,,,
2017-12-26 15:00:00,1003.0,26.1,52.0,1.5,281.0,4.7,241.0,0.0,,,,,,,,,,2017-12-26T14:47:00,,,,,,,,,,,,,,,,,,
2017-12-26 16:00:00,1003.3,25.0,55.0,1.6,286.0,4.2,273.0,0.0,,,,,,,,,,2017-12-26T15:25:00,,,,,,,,,,,,,,,,,,
2017-12-26 17:00:00,1003.6,23.9,58.0,1.1,285.0,3.4,283.0,0.0,,,,,,,,,,2017-12-26T16:17:00,,,,,,,,,,,,,,,,,,
2017-12-26 18:00:00,1004.3,22.0,66.0,1.3,225.0,3.5,250.0,0.0,,,,,,,,,,2017-12-26T17:40:00,,,,,,,,,,,,,,,,,,
2017-12-26 19:00:00,1005.2,20.1,73.0,1.1,194.0,3.0,176.0,0.0,,,,,,,,,,2017-12-26T18:02:00,,,,,,,,,,,,,,,,,,
2017-12-26 20:00:00,1005.7,19.0,78.0,0.8,204.0,3.1,202.0,0.0,,,,,,,,,,2017-12-26T19:19:00,,,,,,,,,,,,,,,,,,
2017-12-26 21:00:00,1006.2,18.8,78.0,1.0,183.0,2.6,190.0,0.0,,,,,,,,,,2017-12-26T20:22:00,,,,,,,,,,,,,,,,,,
2017-12-26 22:00:00,1006.4,18.1,82.0,1.0,101.0,1.4,160.0,0.0,,,,,,,,,,2017-12-26T21:03:00,,,,,,,,,,,,,,,,,,
2017-12-26 23:00:00,1006.1,18.2,85.0,0.7,327.0,1.4,110.0,0.0,,,,,,,,,,2017-12-26T22:10:00,,,,,,,,,,,,,,,,,,
2017-12-27 00:00:00,1005.9,17.4,88.0,0.0,0.0,1.1,198.0,0.0,,,,,,,,,,2017-12-26T23:46:00,,,,,,,,,,,,,,,,,,
2017-12-27 01:00:00,1005.7,18.1,87.0,0.0,0.0,0.9,95.0,0.0,,,,,,,,,,2017-12-27T00:23:00,,,,,,,,,,,,,,,,,,
2017-12-27 02:00:00,1005.3,17.9,88.0,0.4,289.0,0.9,224.0,0.0,,,,,,,,,,2017-12-27T01:16:00,,,,,,,,,,,,,,,,,,
2017-12-27 03:00:00,1005.0,17.6,89.0,0.0,0.0,0.7,236.0,0.0,,,,,,,,,,2017-12-27T02:12:00,,,,,,,,,,,,,,,,,,
2017-12-27 04:00:00,1005.2,16.3,93.0,0.0,0.0,0.3,281.0,0.0,,,,,,,,,,2017-12-27T03:01:00,,,,,,,,,,,,,,,,,,
2017-12-27 05:00:00,1005.6,15.8,95.0,1.2,222.0,1.7,235.0,0.0,,,,,,,,,,2017-12-27T04:55:00,,,,,,,,,,,,,,,,,,
2017-12-27 06:00:00,1005.7,15.6,95.0,0.0,0.0,1.9,187.0,0.0,,,,,,,,,,2017-12-27T05:10:00,,,,,,,,,,,,,,,,,,
2017-12-27 07:00:00,1005.9,15.2,95.0,0.3,77.0,1.0,73.0,0.0,,,,,,,,,,2017-12-27T06:48:00,,,,,,,,,,,,,,,,,,
2017-12-27 08:00:00,1006.2,16.9,92.0,0.0,0.0,1.6,346.0,0.0,,,,,,,,,,2017-12-27T07:43:00,,,,,,,,,,,,,,,,,,
2017-12-27 09:00:00,1006.7,19.9,78.0,0.7,236.0,1.3,220.0,0.0,,,,,,,,,,2017-12-27T08:39:00,,,,,,,,,,,,,,,,,,
2017-12-27 10:00:00,1006.5,23.3,66.0,2.2,205.0,3.3,217.0,0.0,,,,,,,,,,2017-12-27T09:57:00,,,,,,,,,,,,,,,,,,
2017-12-27 11:00:00,1006.1,22.4,64.0,1.5,150.0,3.5,191.0,0.0,,,,,,,,,,2017-12-27T10:05:00,,,,,,,,,,,,,,,,,,
2017-12-27 12:00:00,1004.9,25.7,52.0,2.0,274.0,4.9,289.0,0.0,,,,,,,,,,2017-12-27T11:51:00,,,,,,,,,,,,,,,,,,
2017-12-27 13:00:00,1003.9,24.6,55.0,1.5,257.0,4.1,259.0,0.0,,,,,,,,,,2017-12-27T12:01:00,,,,,,,,,,,,,,,,,,
2017-12-27 14:00:00,1003.6,24.3,56.0,1.4,305.0,3.7,269.0,0.0,,,,,,,,,,2017-12-27T13:28:00,,,,,,,,,,,,,,,,,,
2017-12-27 15:00:00,1003.3,24.1,56.0,1.2,293.0,3.1,290.0,0.0,,,,,,,,,,2017-12-27T14:01:00,,,,,,,,,,,,,,,,,,
2017-12-27 16:00:00,1003.7,24.4,54.0,1.1,298.0,3.7,284.0,0.0,,,,,,,,,,2017-12-27T15:10:00,,,,,,,,,,,,,,,,,,
2017-12-27 17:00:00,1004.0,22.3,60.0,1.7,287.0,4.3,293.0,0.0,,,,,,,,,,2017-12-27T16:33:00,,,,,,,,,,,,,,,,,,
2017-12-27 18:00:00,1004.7,21.3,66.0,1.0,250.0,4.0,268.0,0.0,,,,,,,,,,2017-12-27T17:07:00,,,,,,,,,,,,,,,,,,
2017-12-27 19:00:00,1005.2,19.7,73.0,1.0,242.0,2.0,191.0,0.0,,,,,,,,,,2017-12-27T18:14:00,,,,,,,,,,,,,,,,,,
2017-12-27 20:00:00,1005.7,19.6,76.0,1.0,175.0,2.2,158.0,0.0,,,,,,,,,,2017-12-27T19:19:00,,,,,,,,,,,,,,,,,,
2017-12-27 21:00:00,1006.1,18.8,79.0,0.9,169.0,1.9,204.0,0.0,,,,,,,,,,2017-12-27T20:10:00,,,,,,,,,,,,,,,,,,
2017-12-27 22:00:00,1006.4,18.4,82.0,1.1,186.0,1.7,178.0,0.0,,,,,,,,,,2017-12-27T21:39:00,,,,,,,,,,,,,,,,,,
2017-12-27 23:00:00,1006.4,18.2,84.0,0.6,96.0,1.1,249.0,0.0,,,,,,,,,,2017-12-27T22:14:00,,,,,,,,,,,,,,,,,,
2017-12-28 00:00:00,1006.3,17.9,85.0,0.9,72.0,1.5,75.0,0.0,,,,,,,,,,2017-12-27T23:49:00,,,,,,,,,,,,,,,,,,
2017-12-28 01:00:00,1006.3,17.2,89.0,0.4,83.0,1.1,70.0,0.0,,,,,,,,,,2017-12-28T00:01:00,,,,,,,,,,,,,,,,,,
2017-12-28 02:00:00,1005.7,16.4,92.0,0.8,92.0,1.3,64.0,0.0,,,,,,,,,,2017-12-28T01:16:00,,,,,,,,,,,,,,,,,,
2017-12-28 03:00:00,1005.3,16.9,90.0,1.1,77.0,1.8,70.0,0.0,,,,,,,,,,2017-12-28T03:00:00,,,,,,,,,,,,,,,,,,
2017-12-28 04:00:00,1004.7,17.4,88.0,0.5,108.0,2.2,53.0,0.0,,,,,,,,,,2017-12-28T03:23:00,,,,,,,,,,,,,,,,,,
2017-12-28 05:00:00,1004.8,17.3,88.0,0.7,173.0,1.2,105.0,0.0,,,,,,,,,,2017-12-28T04:08:00,,,,,,,,,,,,,,,,,,
2017-12-28 06:00:00,1004.8,17.0,91.0,0.8,101.0,1.7,196.0,0.0,,,,,,,,,,2017-12-28T05:13:00,,,,,,,,,,,,,,,,,,
2017-12-28 07:00:00,1005.4,16.9,91.0,1.4,89.0,2.9,120.0,0.0,,,,,,,,,,2017-12-28T06:44:00,,,,,,,,,,,,,,,,,,
2017-12-28 08:00:00,1006.0,18.1,85.0,0.4,348.0,2.2,27.0,0.0,,,,,,,,,,2017-12-28T07:40:00,,,,,,,,,,,,,,,,,,
2017-12-28 09:00:00,1006.2,21.6,70.0,1.4,226.0,2.2,239.0,0.0,,,,,,,,,,2017-12-28T08:54:00,,,,,,,,,,,,,,,,,,
2017-12-28 10:00:00,1006.4,23.4,62.0,1.7,183.0,3.6,204.0,0.0,,,,,,,,,,2017-12-28T09:31:00,,,,,,,,,,,,,,,,,,
2017-12-28 11:00:00,1006.1,25.3,56.0,2.4,204.0,5.2,212.0,0.0,,,,,,,,,,2017-12-28T10:51:00,,,,,,,,,,,,,,,,,,
2017-12-28 12:00:00,1004.8,26.7,48.0,1.8,245.0,4.1,195.0,0.0,,,,,,,,,,2017-12-28T11:08:00,,,,,,,,,,,,,,,,,,
2017-12-28 13:00:00,1003.3,26.6,45.0,1.4,305.0,3.3,249.0,0.0,,,,,,,,,,2017-12-28T12:46:00,,,,,,,,,,,,,,,,,,
2017-12-28 14:00:00,1003.4,25.8,51.0,1.8,271.0,5.3,229.0,0.0,,,,,,,,,,2017-12-28T13:18:00,,,,,,,,,,,,,,,,,,
2017-12-28 15:00:00,1003.5,24.5,54.0,1.0,294.0,4.1,292.0,0.0,,,,,,,,,,2017-12-28T14:15:00,,,,,,,,,,,,,,,,,,
2017-12-28 16:00:00,1003.9,23.4,62.0,2.2,287.0,4.3,296.0,0.0,,,,,,,,,,2017-12-28T15:59:00,,,,,,,,,,,,,,,,,,
2017-12-28 17:00:00,1004.4,21.8,71.0,2.2,286.0,4.4,300.0,0.0,,,,,,,,,,2017-12-28T16:23:00,,,,,,,,,,,,,,,,,,
2017-12-28 18:00:00,1004.9,21.0,76.0,1.0,281.0,4.3,265.0,0.0,,,,,,,,,,2017-12-28T17:21:00,,,,,,,,,,,,,,,,,,
2017-12-28 19:00:00,1005.4,20.8,77.0,0.8,143.0,1.9,276.0,0.0,,,,,,,,,,2017-12-28T18:11:00,,,,,,,,,,,,,,,,,,
2017-12-28 20:00:00,1005.8,20.4,78.0,0.6,112.0,1.7,149.0,0.0,,,,,,,,,,2017-12-28T19:35:00,,,,,,,,,,,,,,,,,,
2017-12-28 21:00:00,1006.0,20.2,81.0,0.9,12.0,1.7,9.0,0.0,,,,,,,,,,2017-12-28T20:49:00,,,,,,,,,,,,,,,,,,
2017-12-28 22:00:00,1006.3,19.8,82.0,1.3,79.0,1.7,55.0,0.0,,,,,,,,,,2017-12-28T21:57:00,,,,,,,,,,,,,,,,,,
2017-12-28 23:00:00,1005.8,19.9,81.0,0.1,0.0,2.0,79.0,0.0,,,,,,,,,,2017-12-28T22:03:00,,,,,,,,,,,,,,,,,,
2017-12-29 00:00:00,1005.6,19.6,83.0,0.8,98.0,2.8,284.0,0.0,,,,,,,,,,2017-12-28T23:20:00,,,,,,,,,,,,,,,,,,
2017-12-29 01:00:00,1005.3,19.6,84.0,0.2,0.0,1.2,246.0,0.0,,,,,,,,,,2017-12-29T00:27:00,,,,,,,,,,,,,,,,,,
2017-12-29 02:00:00,1004.8,19.3,82.0,1.1,100.0,1.5,88.0,0.0,,,,,,,,,,2017-12-29T01:29:00,,,,,,,,,,,,,,,,,,
2017-12-29 03:00:00,1004.3,19.2,83.0,1.2,162.0,2.1,144.0,0.0,,,,,,,,,,2017-12-29T02:51:00,,,,,,,,,,,,,,,,,,
2017-12-29 04:00:00,1004.3,18.1,88.0,0.7,170.0,1.9,190.0,0.0,,,,,,,,,,2017-12-29T03:03:00,,,,,,,,,,,,,,,,,,
2017-12-29 05:00:00,1004.8,17.1,91.0,0.7,170.0,1.9,222.0,0.0,,,,,,,,,,2017-12-29T04:28:00,,,,,,,,,,,,,,,,,,
2017-12-29 06:00:00,1005.2,15.6,93.0,1.1,116.0,1.4,85.0,0.0,,,,,,,,,,2017-12-29T05:10:00,,,,,,,,,,,,,,,,,,
2017-12-29 07:00:00,1006.0,15.2,94.0,0.3,80.0,1.3,86.0,0.0,,,,,,,,,,2017-12-29T06:45:00,,,,,,,,,,,,,,,,,,
2017-12-29 08:00:00,1006.9,17.0,90.0,0.1,0.0,1.1,83.0,0.0,,,,,,,,,,2017-12-29T07:51:00,,,,,,,,,,,,,,,,,,
2017-12-29 09:00:00,1007.5,20.4,76.0,1.2,189.0,2.0,208.0,0.0,,,,,,,,,,2017-12-29T08:32:00,,,,,,,,,,,,,,,,,,
2017-12-29 10:00:00,1007.1,22.0,68.0,0.4,240.0,2.7,186.0,0.0,,,,,,,,,,2017-12-29T09:44:00,,,,,,,,,,,,,,,,,,
2017-12-29 11:00:00,1006.2,24.9,60.0,1.8,206.0,3.9,198.0,0.0,,,,,,,,,,2017-12-29T10:47:00,,,,,,,,,,,,,,,,,,
2017-12-29 12:00:00,1005.1,25.6,57.0,2.6,253.0,5.0,247.0,0.0,,,,,,,,,,2017-12-29T11:49:00,,,,,,,,,,,,,,,,,,
2017-12-29 13:00:00,1004.2,27.2,50.0,1.9,237.0,5.2,219.0,0.0,,,,,,,,,,2017-12-29T12:15:00,,,,,,,,,,,,,,,,,,
2017-12-29 14:00:00,1003.7,27.9,47.0,2.4,233.0,4.9,221.0,0.0,,,,,,,,,,2017-12-29T13:14:00,,,,,,,,,,,,,,,,,,
2017-12-29 15:00:00,1003.2,25.8,51.0,1.4,349.0,4.5,247.0,0.0,,,,,,,,,,2017-12-29T14:26:00,,,,,,,,,,,,,,,,,,
2017-12-29 16:00:00,1003.3,25.6,53.0,1.4,277.0,4.0,283.0,0.0,,,,,,,,,,2017-12-29T15:19:00,,,,,,,,,,,,,,,,,,
2017-12-29 17:00:00,1003.8,23.6,63.0,1.4,297.0,3.7,241.0,0.0,,,,,,,,,,2017-12-29T16:01:00,,,,,,,,,,,,,,,,,,
2017-12-29 18:00:00,1004.4,21.8,71.0,1.6,228.0,4.1,285.0,0.0,,,,,,,,,,2017-12-29T17:01:00,,,,,,,,,,,,,,,,,,
2017-12-29 19:00:00,1005.0,21.1,74.0,1.2,182.0,3.1,238.0,0.0,,,,,,,,,,2017-12-29T18:01:00,,,,,,,,,,,,,,,,,,
2017-12-29 20:00:00,1005.7,20.3,76.0,1.1,190.0,3.2,214.0,0.0,,,,,,,,,,2017-12-29T19:07:00,,,,,,,,,,,,,,,,,,
2017-12-29 21:00:00,1006.1,19.8,80.0,1.0,199.0,2.4,179.0,0.0,,,,,,,,,,2017-12-29T20:19:00,,,,,,,,,,,,,,,,,,
2017-12-29 22:00:00,1006.4,19.3,81.0,1.0,187.0,2.4,234.0,0.0,,,,,,,,,,2017-12-29T21:08:00,,,,,,,,,,,,,,,,,,
2017-12-29 23:00:00,1006.8,19.0,83.0,1.0,185.0,2.0,190.0,0.0,,,,,,,,,,2017-12-29T22:06:00,,,,,,,,,,,,,,,,,,
2017-12-30 00:00:00,1006.9,18.3,87.0,0.6,78.0,1.6,184.0,0.0,,,,,,,,,,2017-12-29T23:05:00,,,,,,,,,,,,,,,,,,
2017-12-30 01:00:00,1006.7,18.6,88.0,0.0,0.0,0.7,78.0,0.0,,,,,,,,,,2017-12-30T00:07:00,,,,,,,,,,,,,,,,,,
2017-12-30 02:00:00,1006.5,18.5,88.0,0.0,0.0,0.5,32.0,0.0,,,,,,,,,,2017-12-30T01:11:00,,,,,,,,,,,,,,,,,,
2017-12-30 03:00:00,1006.2,18.5,88.0,0.3,345.0,1.0,183.0,0.0,,,,,,,,,,2017-12-30T02:05:00,,,,,,,,,,,,,,,,,,
2017-12-30 04:00:00,1006.0,18.0,91.0,0.8,127.0,1.8,149.0,0.0,,,,,,,,,,2017-12-30T03:43:00,,,,,,,,,,,,,,,,,,
2017-12-30 05:00:00,1006.1,17.6,92.0,0.0,0.0,1.1,104.0,0.0,,,,,,,,,,2017-12-30T04:06:00,,,,,,,,,,,,,,,,,,
2017-12-30 06:00:00,1006.4,16.6,94.0,0.0,0.0,1.0,1.0,0.0,,,,,,,,,,2017-12-30T05:28:00,,,,,,,,,,,,,,,,,,
2017-12-30 07:00:00,1006.9,16.3,95.0,0.6,328.0,1.4,85.0,0.0,,,,,,,,,,2017-12-30T06:43:00,,,,,,,,,,,,,,,,,,
2017-12-30 08:00:00,1007.5,17.2,93.0,1.4,63.0,2.0,59.0,0.0,,,,,,,,,,2017-12-30T07:46:00,,,,,,,,,,,,,,,,,,
2017-12-30 09:00:00,1007.6,20.0,79.0,0.5,302.0,1.9,82.0,0.0,,,,,,,,,,2017-12-30T08:02:00,,,,,,,,,,,,,,,,,,
2017-12-30 10:00:00,1007.3,23.0,67.0,1.4,225.0,2.6,204.0,0.0,,,,,,,,,,2017-12-30T10:00:00,,,,,,,,,,,,,,,,,,
2017-12-30 11:00:00,1006.8,26.0,55.0,1.9,226.0,4.5,254.0,0.0,,,,,,,,,,2017-12-30T10:36:00,,,,,,,,,,,,,,,,,,
2017-12-30 12:00:00,1005.7,26.8,48.0,1.5,216.0,4.3,268.0,0.0,,,,,,,,,,2017-12-30T11:05:00,,,,,,,,,,,,,,,,,,
2017-12-30 13:00:00,1004.6,27.5,44.0,2.5,236.0,5.3,215.0,0.0,,,,,,,,,,2017-12-30T12:28:00,,,,,,,,,,,,,,,,,,
2017-12-30 14:00:00,1003.5,26.0,46.0,1.7,220.0,5.5,270.0,0.0,,,,,,,,,,2017-12-30T13:45:00,,,,,,,,,,,,,,,,,,
2017-12-30 15:00:00,1003.2,25.7,52.0,2.1,290.0,5.2,272.0,0.0,,,,,,,,,,2017-12-30T14:13:00,,,,,,,,,,,,,,,,,,
2017-12-30 16:00:00,1003.5,23.7,58.0,1.7,293.0,5.2,297.0,0.0,,,,,,,,,,2017-12-30T15:45:00,,,,,,,,,,,,,,,,,,
2017-12-30 17:00:00,1004.0,21.3,73.0,0.7,311.0,7.1,258.0,0.0,,,,,,,,,,2017-12-30T16:26:00,,,,,,,,,,,,,,,,,,
2017-12-30 18:00:00,1004.7,19.7,78.0,1.1,155.0,2.6,263.0,0.0,,,,,,,,,,2017-12-30T17:19:00,,,,,,,,,,,,,,,,,,
2017-12-30 19:00:00,1005.2,19.4,81.0,0.3,206.0,2.3,90.0,0.0,,,,,,,,,,2017-12-30T18:09:00,,,,,,,,,,,,,,,,,,
2017-12-30 20:00:00,1005.3,18.3,86.0,0.8,94.0,1.7,98.0,0.0,,,,,,,,,,2017-12-30T19:12:00,,,,,,,,,,,,,,,,,,
2017-12-30 21:00:00,1005.9,17.4,89.0,0.6,110.0,1.7,107.0,0.0,,,,,,,,,,2017-12-30T20:44:00,,,,,,,,,,,,,,,,,,
2017-12-30 22:00:00,1005.9,17.1,91.0,1.3,13.0,2.0,3.0,0.0,,,,,,,,,,2017-12-30T21:57:00,,,,,,,,,,,,,,,,,,
2017-12-30 23:00:00,1005.5,16.7,92.0,0.3,122.0,1.7,355.0,0.0,,,,,,,,,,2017-12-30T22:05:00,,,,,,,,,,,,,,,,,,
2017-12-31 00:00:00,1005.6,15.9,93.0,0.1,0.0,1.3,333.0,0.0,,,,,,,,,,2017-12-30T23:18:00,,,,,,,,,,,,,,,,,,
2017-12-31 01:00:00,1005.3,16.1,93.0,0.3,91.0,1.4,346.0,0.0,,,,,,,,,,2017-12-31T00:40:00,,,,,,,,,,,,,,,,,,
2017-12-31 02:00:00,1005.0,15.4,94.0,0.7,75.0,1.0,119.0,0.0,,,,,,,,,,2017-12-31T01:06:00,,,,,,,,,,,,,,,,,,
2017-12-31 03:00:00,1004.7,15.6,94.0,0.3,81.0,1.8,1.0,0.0,,,,,,,,,,2017-12-31T02:37:00,,,,,,,,,,,,,,,,,,
2017-12-31 04:00:00,1004.2,15.6,94.0,0.7,42.0,2.0,72.0,0.0,,,,,,,,,,2017-12-31T03:14:00,,,,,,,,,,,,,,,,,,
2017-12-31 05:00:00,1004.2,14.8,95.0,0.0,0.0,1.4,1.0,0.0,,,,,,,,,,2017-12-31T04:10:00,,,,,,,,,,,,,,,,,,
2017-12-31 06:00:00,1004.8,15.2,96.0,0.3,117.0,1.3,140.0,0.0,,,,,,,,,,2017-12-31T05:04:00,,,,,,,,,,,,,,,,,,
2017-12-31 07:00:00,1005.3,15.1,96.0,0.8,56.0,1.6,98.0,0.0,,,,,,,,,,2017-12-31T06:47:00,,,,,,,,,,,,,,,,,,
2017-12-31 08:00:00,1005.9,15.3,98.0,0.9,73.0,1.8,2.0,0.0,,,,,,,,,,2017-12-31T07:21:00,,,,,,,,,,,,,,,,,,
2017-12-31 09:00:00,1006.6,18.6,83.0,1.7,202.0,2.4,210.0,0.0,,,,,,,,,,2017-12-31T08:47:00,,,,,,,,,,,,,,,,,,
2017-12-31 10:00:00,1006.5,21.1,73.0,1.7,236.0,2.9,217.0,0.0,,,,,,,,,,2017-12-31T09:41:00,,,,,,,,,,,,,,,,,,
2017-12-31 11:00:00,1005.7,24.0,62.0,2.0,216.0,3.7,217.0,0.0,,,,,,,,,,2017-12-31T10:48:00,,,,,,,,,,,,,,,,,,
2017-12-31 12:00:00,1004.9,25.0,58.0,2.0,248.0,4.6,198.0,0.0,,,,,,,,,,2017-12-31T11:07:00,,,,,,,,,,,,,,,,,,
2017-12-31 13:00:00,1003.7,24.4,55.0,2.2,231.0,5.1,260.0,0.0,,,,,,,,,,2017-12-31T12:02:00,,,,,,,,,,,,,,,,,,
2017-12-31 14:00:00,1003.2,23.0,60.0,1.7,294.0,4.0,272.0,0.0,,,,,,,,,,2017-12-31T13:39:00,,,,,,,,,,,,,,,,,,
2017-12-31 15:00:00,1002.7,22.0,64.0,1.4,287.0,5.3,288.0,0.0,,,,,,,,,,2017-12-31T14:15:00,,,,,,,,,,,,,,,,,,
2017-12-31 16:00:00,1002.7,22.0,65.0,1.2,279.0,3.6,282.0,0.0,,,,,,,,,,2017-12-31T15:05:00,,,,,,,,,,,,,,,,,,
2017-12-31 17:00:00,1003.1,20.6,68.0,1.6,271.0,3.4,309.0,0.0,,,,,,,,,,2017-12-31T16:11:00,,,,,,,,,,,,,,,,,,
2017-12-31 18:00:00,1003.5,19.7,71.0,1.2,213.0,2.1,223.0,0.0,,,,,,,,,,2017-12-31T17:33:00,,,,,,,,,,,,,,,,,,
2017-12-31 19:00:00,1004.0,17.9,79.0,0.8,157.0,2.1,193.0,0.0,,,,,,,,,,2017-12-31T18:14:00,,,,,,,,,,,,,,,,,,
2017-12-31 20:00:00,1004.6,17.0,83.0,0.7,102.0,1.7,168.0,0.0,,,,,,,,,,2017-12-31T19:07:00,,,,,,,,,,,,,,,,,,
2017-12-31 21:00:00,1005.0,17.0,80.0,1.1,178.0,1.8,185.0,0.0,,,,,,,,,,2017-12-31T20:39:00,,,,,,,,,,,,,,,,,,
2017-12-31 22:00:00,1005.1,15.8,84.0,0.9,220.0,2.0,159.0,0.0,,,,,,,,,,2017-12-31T21:17:00,,,,,,,,,,,,,,,,,,
2017-12-31 23:00:00,1005.1,14.8,87.0,0.6,202.0,1.6,172.0,0.0,,,,,,,,,,2017-12-31T22:20:00,,,,,,,,,,,,,,,,,,
2018-01-01 00:00:00,1004.9,14.0,91.0,0.4,102.0,1.1,113.0,0.0,,,,,,,,,,2017-12-31T23:48:00,,,,,,,,,,,,,,,,,,
