,StnPres,SeaPres,Tx,Td,RH,WS,WD,WSGust,WDGust,Precp,PrecpHour,SunShine,GloblRad,TxSoil0cm,TxSoil5cm,TxSoil10cm,TxSoil20cm,TxSoil50cm,TxSoil100cm,AirTemperature.Instantaneousf,CloudAmount,DewPointTemperature.Instantaneousf,GlobalSolarRadiation.Accumulationf,PeakGust.Directionf,PeakGust.Maximumf,Precipitation.Accumulationf,PrecipitationDuration.Totalf,RelativeHumidity.Instantaneousf,SeaLevelPressure.Instantaneousf,SoilTemperatureAt0cm.Instantaneousf,SoilTemperatureAt100cm.Instantaneousf,SoilTemperatureAt10cm.Instantaneousf,SoilTemperatureAt20cm.Instantaneousf,SoilTemperatureAt30cm.Instantaneousf,SoilTemperatureAt50cm.Instantaneousf,SoilTemperatureAt5cm.Instantaneousf,StationPressure.Instantaneousf,SunshineDuration.Totalf,TotalCloudAmount.Instantaneousf,TotalCloudAmount.SatRetrieved,TotalCloudAmount.SatRetrievedf,TxSoil30cm,UVI,UVIndex.Accumulationf,Visb,Visibility.AutoMean,Visibility.AutoMeanf,Visibility.Instantaneousf,WindDirection.Meanf,WindDirection.TenMinutelyMaximum,WindDirection.TenMinutelyMaximumf,WindSpeed.Meanf,WindSpeed.TenMinutelyMaximum,WindSpeed.TenMinutelyMaximumf
1992-01-01 01:00:00,,,,,,,,,,0.5,,,,,,,,,,,,,,,,,,,,,,,,,,,,,,,,,,,,,,,,,,,,
1992-01-01 02:00:00,1016.7,1020.2,16.0,15.8,99.0,2.8,22.5,,,3.5,1.0,,,,,,,,,,10.0,,,,,,,,,,,,,,,,,,,,,,,,8.0,,,,,,,,,
1992-01-01 03:00:00,,,,,,,,,,2.4,,,,,,,,,,,,,,,,,,,,,,,,,,,,,,,,,,,,,,,,,,,,
1992-01-01 04:00:00,,,,,,,,,,0.0,,,,,,,,,,,,,,,,,,,,,,,,,,,,,,,,,,,,,,,,,,,,
1992-01-01 05:00:00,1016.3,1019.8,16.5,16.0,97.0,3.2,45.0,,,0.0,0.0,,,16.3,16.1,16.5,16.5,,,,10.0,,,,,,,,,,,,,,,,,,,,,16.5,,,8.0,,,,,,,,,
1992-01-01 06:00:00,,,,,,,,,,1.6,,,,,,,,,,,,,,,,,,,,,,,,,,,,,,,,,,,,,,,,,,,,
1992-01-01 07:00:00,,,,,,,,,,0.8,,,,,,,,,,,,,,,,,,,,,,,,,,,,,,,,,,,,,,,,,,,,
1992-01-01 08:00:00,1018.3,1021.8,15.8,15.7,99.0,1.6,45.0,,,3.6,1.0,0.0,,,,,,,,,10.0,,,,,,,,,,,,,,,,,,,,,,,,8.0,,,,,,,,,
1992-01-01 09:00:00,1018.7,1022.2,16.4,16.2,99.0,2.8,45.0,,,1.8,0.7,0.0,,,,,,,,,10.0,,,,,,,,,,,,,,,,,,,,,,,,8.0,,,,,,,,,
1992-01-01 10:00:00,,,,,,,,,,1.3,,,,,,,,,,,,,,,,,,,,,,,,,,,,,,,,,,,,,,,,,,,,
1992-01-01 11:00:00,1018.2,1021.7,16.4,16.1,98.0,3.2,22.5,,,3.2,1.0,0.0,,,,,,,,,10.0,,,,,,,,,,,,,,,,,,,,,,,,5.0,,,,,,,,,
1992-01-01 12:00:00,,,,,,,,,,6.4,,,,,,,,,,,,,,,,,,,,,,,,,,,,,,,,,,,,,,,,,,,,
1992-01-01 13:00:00,,,,,,,,,,1.5,,,,,,,,,,,,,,,,,,,,,,,,,,,,,,,,,,,,,,,,,,,,
1992-01-01 14:00:00,1015.8,1019.3,16.8,16.3,97.0,3.2,45.0,,,1.0,1.0,0.0,,17.6,16.8,17.0,16.7,,,,10.0,,,,,,,,,,,,,,,,,,,,,16.6,,,5.0,,,,,,,,,
1992-01-01 15:00:00,,,,,,,,,,1.0,,,,,,,,,,,,,,,,,,,,,,,,,,,,,,,,,,,,,,,,,,,,
1992-01-01 16:00:00,,,,,,,,,,3.8,,,,,,,,,,,,,,,,,,,,,,,,,,,,,,,,,,,,,,,,,,,,
1992-01-01 17:00:00,1017.0,1020.5,15.8,15.4,97.0,3.9,45.0,,,0.5,0.4,0.0,,,,,,,,,10.0,,,,,,,,,,,,,,,,,,,,,,,,6.0,,,,,,,,,
1992-01-01 18:00:00,,,,,,,,,,0.3,,,,,,,,,,,,,,,,,,,,,,,,,,,,,,,,,,,,,,,,,,,,
1992-01-01 19:00:00,,,,,,,,,,2.6,,,,,,,,,,,,,,,,,,,,,,,,,,,,,,,,,,,,,,,,,,,,
1992-01-01 20:00:00,1018.2,1021.7,16.2,15.5,96.0,2.4,45.0,,,0.3,0.2,,,,,,,,,,10.0,,,,,,,,,,,,,,,,,,,,,,,,8.0,,,,,,,,,
1992-01-01 21:00:00,1018.3,1021.8,15.9,15.4,97.0,3.5,22.5,,,0.2,0.2,,,16.7,16.3,17.0,16.9,,,,10.0,,,,,,,,,,,,,,,,,,,,,16.8,,,8.0,,,,,,,,,
1992-01-01 22:00:00,,,,,,,,,,0.3,,,,,,,,,,,,,,,,,,,,,,,,,,,,,,,,,,,,,,,,,,,,
1992-01-01 23:00:00,1018.5,1022.0,15.7,15.5,99.0,3.0,45.0,,,6.7,0.8,,,,,,,,,,10.0,,,,,,,,,,,,,,,,,,,,,,,,8.0,,,,,,,,,
1992-01-02 00:00:00,,,,,,,,,,0.8,,,,,,,,,,,,,,,,,,,,,,,,,,,,,,,,,,,,,,,,,,,,
1992-01-02 01:00:00,,,,,,,,,,1.7,,,,,,,,,,,,,,,,,,,,,,,,,,,,,,,,,,,,,,,,,,,,
1992-01-02 02:00:00,1018.7,1022.2,15.7,15.2,97.0,2.8,360.0,,,0.6,0.3,,,,,,,,,,10.0,,,,,,,,,,,,,,,,,,,,,,,,8.0,,,,,,,,,
1992-01-02 03:00:00,,,,,,,,,,0.2,,,,,,,,,,,,,,,,,,,,,,,,,,,,,,,,,,,,,,,,,,,,
1992-01-02 04:00:00,,,,,,,,,,-9.8,,,,,,,,,,,,,,,,,,,,,,,,,,,,,,,,,,,,,,,,,,,,
1992-01-02 05:00:00,1018.8,1022.3,15.0,14.5,97.0,3.6,22.5,,,0.5,0.3,,,16.6,16.1,16.7,16.8,,,,10.0,,,,,,,,,,,,,,,,,,,,,16.8,,,10.0,,,,,,,,,
1992-01-02 06:00:00,,,,,,,,,,0.0,,,,,,,,,,,,,,,,,,,,,,,,,,,,,,,,,,,,,,,,,,,,
1992-01-02 07:00:00,,,,,,,,,,0.0,,,,,,,,,,,,,,,,,,,,,,,,,,,,,,,,,,,,,,,,,,,,
1992-01-02 08:00:00,1020.4,1023.9,15.5,14.5,94.0,3.6,45.0,,,0.0,0.0,0.0,,,,,,,,,10.0,,,,,,,,,,,,,,,,,,,,,,,,10.0,,,,,,,,,
1992-01-02 09:00:00,1021.1,1024.6,16.1,14.7,91.0,4.4,22.5,,,0.0,0.0,0.0,,,,,,,,,10.0,,,,,,,,,,,,,,,,,,,,,,,,10.0,,,,,,,,,
1992-01-02 10:00:00,,,,,,,,,,0.0,,,,,,,,,,,,,,,,,,,,,,,,,,,,,,,,,,,,,,,,,,,,
1992-01-02 11:00:00,1020.9,1024.4,16.6,14.8,89.0,5.4,45.0,,,0.0,0.0,0.0,,,,,,,,,10.0,,,,,,,,,,,,,,,,,,,,,,,,10.0,,,,,,,,,
1992-01-02 12:00:00,,,,,,,,,,0.0,,,,,,,,,,,,,,,,,,,,,,,,,,,,,,,,,,,,,,,,,,,,
1992-01-02 13:00:00,,,,,,,,,,0.0,,,,,,,,,,,,,,,,,,,,,,,,,,,,,,,,,,,,,,,,,,,,
1992-01-02 14:00:00,1017.5,1021.0,18.5,15.3,82.0,5.7,45.0,,,0.0,0.0,0.2,,18.2,17.1,17.2,17.1,,,,8.0,,,,,,,,,,,,,,,,,,,,,17.0,,,12.0,,,,,,,,,
1992-01-02 15:00:00,,,,,,,,,,0.0,,,,,,,,,,,,,,,,,,,,,,,,,,,,,,,,,,,,,,,,,,,,
1992-01-02 16:00:00,,,,,,,,,,0.0,,,,,,,,,,,,,,,,,,,,,,,,,,,,,,,,,,,,,,,,,,,,
1992-01-02 17:00:00,1018.7,1022.2,17.2,14.8,86.0,3.9,67.5,,,0.0,0.0,0.0,,,,,,,,,10.0,,,,,,,,,,,,,,,,,,,,,,,,10.0,,,,,,,,,
1992-01-02 18:00:00,,,,,,,,,,0.0,,,,,,,,,,,,,,,,,,,,,,,,,,,,,,,,,,,,,,,,,,,,
1992-01-02 19:00:00,,,,,,,,,,0.0,,,,,,,,,,,,,,,,,,,,,,,,,,,,,,,,,,,,,,,,,,,,
1992-01-02 20:00:00,1018.2,1021.7,16.5,14.8,90.0,2.4,90.0,,,0.0,0.0,,,,,,,,,,7.0,,,,,,,,,,,,,,,,,,,,,,,,10.0,,,,,,,,,
1992-01-02 21:00:00,1018.8,1022.3,16.4,14.8,90.0,0.1,0.0,,,0.0,0.0,,,16.9,16.6,17.3,17.3,,,,7.0,,,,,,,,,,,,,,,,,,,,,17.2,,,10.0,,,,,,,,,
1992-01-02 22:00:00,,,,,,,,,,0.0,,,,,,,,,,,,,,,,,,,,,,,,,,,,,,,,,,,,,,,,,,,,
1992-01-02 23:00:00,1019.5,1023.0,17.1,15.8,92.0,3.5,45.0,,,0.0,0.0,,,,,,,,,,8.0,,,,,,,,,,,,,,,,,,,,,,,,10.0,,,,,,,,,
1992-01-03 00:00:00,,,,,,,,,,0.0,,,,,,,,,,,,,,,,,,,,,,,,,,,,,,,,,,,,,,,,,,,,
1992-01-03 01:00:00,,,,,,,,,,0.0,,,,,,,,,,,,,,,,,,,,,,,,,,,,,,,,,,,,,,,,,,,,
1992-01-03 02:00:00,1018.4,1021.9,17.3,16.2,93.0,0.1,0.0,,,0.0,0.0,,,,,,,,,,9.0,,,,,,,,,,,,,,,,,,,,,,,,10.0,,,,,,,,,
1992-01-03 03:00:00,,,,,,,,,,0.0,,,,,,,,,,,,,,,,,,,,,,,,,,,,,,,,,,,,,,,,,,,,
1992-01-03 04:00:00,,,,,,,,,,0.0,,,,,,,,,,,,,,,,,,,,,,,,,,,,,,,,,,,,,,,,,,,,
1992-01-03 05:00:00,1019.3,1022.8,17.5,16.6,94.0,2.4,45.0,,,0.0,0.0,,,17.1,16.8,17.2,17.2,,,,10.0,,,,,,,,,,,,,,,,,,,,,17.3,,,10.0,,,,,,,,,
1992-01-03 06:00:00,,,,,,,,,,0.0,,,,,,,,,,,,,,,,,,,,,,,,,,,,,,,,,,,,,,,,,,,,
1992-01-03 07:00:00,,,,,,,,,,0.0,,,,,,,,,,,,,,,,,,,,,,,,,,,,,,,,,,,,,,,,,,,,
1992-01-03 08:00:00,1020.8,1024.3,17.3,16.7,96.0,1.9,45.0,,,0.0,0.0,0.0,,,,,,,,,10.0,,,,,,,,,,,,,,,,,,,,,,,,3.0,,,,,,,,,
1992-01-03 09:00:00,1021.1,1024.6,18.1,17.1,94.0,2.2,45.0,,,0.0,0.0,0.0,,,,,,,,,10.0,,,,,,,,,,,,,,,,,,,,,,,,3.0,,,,,,,,,
1992-01-03 10:00:00,,,,,,,,,,0.0,,,,,,,,,,,,,,,,,,,,,,,,,,,,,,,,,,,,,,,,,,,,
1992-01-03 11:00:00,1021.2,1024.7,19.0,17.5,91.0,3.4,337.5,,,0.0,0.0,0.0,,,,,,,,,10.0,,,,,,,,,,,,,,,,,,,,,,,,3.0,,,,,,,,,
1992-01-03 12:00:00,,,,,,,,,,0.0,,,,,,,,,,,,,,,,,,,,,,,,,,,,,,,,,,,,,,,,,,,,
1992-01-03 13:00:00,,,,,,,,,,0.0,,,,,,,,,,,,,,,,,,,,,,,,,,,,,,,,,,,,,,,,,,,,
1992-01-03 14:00:00,1019.2,1022.7,18.0,17.0,94.0,3.1,45.0,,,0.0,0.0,0.0,,18.6,17.8,18.0,17.7,,,,10.0,,,,,,,,,,,,,,,,,,,,,17.5,,,5.0,,,,,,,,,
1992-01-03 15:00:00,,,,,,,,,,0.0,,,,,,,,,,,,,,,,,,,,,,,,,,,,,,,,,,,,,,,,,,,,
1992-01-03 16:00:00,,,,,,,,,,0.0,,,,,,,,,,,,,,,,,,,,,,,,,,,,,,,,,,,,,,,,,,,,
1992-01-03 17:00:00,1020.1,1023.6,16.4,16.0,97.0,4.1,22.5,,,0.0,0.0,0.0,,,,,,,,,10.0,,,,,,,,,,,,,,,,,,,,,,,,3.0,,,,,,,,,
1992-01-03 18:00:00,,,,,,,,,,0.0,,,,,,,,,,,,,,,,,,,,,,,,,,,,,,,,,,,,,,,,,,,,
1992-01-03 19:00:00,,,,,,,,,,0.0,,,,,,,,,,,,,,,,,,,,,,,,,,,,,,,,,,,,,,,,,,,,
1992-01-03 20:00:00,1020.8,1024.3,16.1,15.7,97.0,5.2,22.5,,,0.0,0.0,,,,,,,,,,10.0,,,,,,,,,,,,,,,,,,,,,,,,3.0,,,,,,,,,
1992-01-03 21:00:00,1020.8,1024.3,16.2,15.7,97.0,5.6,45.0,,,0.0,0.0,,,17.3,17.3,17.7,17.7,,,,10.0,,,,,,,,,,,,,,,,,,,,,17.7,,,3.0,,,,,,,,,
1992-01-03 22:00:00,,,,,,,,,,0.0,,,,,,,,,,,,,,,,,,,,,,,,,,,,,,,,,,,,,,,,,,,,
1992-01-03 23:00:00,1020.3,1023.8,16.8,16.1,96.0,5.4,45.0,,,0.0,0.0,,,,,,,,,,10.0,,,,,,,,,,,,,,,,,,,,,,,,5.0,,,,,,,,,
1992-01-04 00:00:00,,,,,,,,,,0.0,,,,,,,,,,,,,,,,,,,,,,,,,,,,,,,,,,,,,,,,,,,,
1992-01-04 01:00:00,,,,,,,,,,0.0,,,,,,,,,,,,,,,,,,,,,,,,,,,,,,,,,,,,,,,,,,,,
1992-01-04 02:00:00,1020.2,1023.7,16.5,15.6,94.0,6.0,45.0,,,0.0,0.0,,,,,,,,,,10.0,,,,,,,,,,,,,,,,,,,,,,,,6.0,,,,,,,,,
1992-01-04 03:00:00,,,,,,,,,,0.0,,,,,,,,,,,,,,,,,,,,,,,,,,,,,,,,,,,,,,,,,,,,
1992-01-04 04:00:00,,,,,,,,,,-9.8,,,,,,,,,,,,,,,,,,,,,,,,,,,,,,,,,,,,,,,,,,,,
1992-01-04 05:00:00,1020.3,1023.8,15.5,14.9,96.0,5.9,45.0,,,0.1,1.0,,,17.1,17.1,17.5,17.5,,,,10.0,,,,,,,,,,,,,,,,,,,,,17.8,,,6.0,,,,,,,,,
1992-01-04 06:00:00,,,,,,,,,,-9.8,,,,,,,,,,,,,,,,,,,,,,,,,,,,,,,,,,,,,,,,,,,,
1992-01-04 07:00:00,,,,,,,,,,0.0,,,,,,,,,,,,,,,,,,,,,,,,,,,,,,,,,,,,,,,,,,,,
1992-01-04 08:00:00,1019.7,1023.2,17.5,15.3,87.0,4.8,67.5,,,0.0,0.0,0.0,,,,,,,,,10.0,,,,,,,,,,,,,,,,,,,,,,,,15.0,,,,,,,,,
1992-01-04 09:00:00,1019.9,1023.4,18.4,15.9,85.0,7.6,45.0,,,0.0,0.0,0.5,,,,,,,,,6.0,,,,,,,,,,,,,,,,,,,,,,,,15.0,,,,,,,,,
1992-01-04 10:00:00,,,,,,,,,,0.0,,,,,,,,,,,,,,,,,,,,,,,,,,,,,,,,,,,,,,,,,,,,
1992-01-04 11:00:00,1018.4,1021.8,21.0,16.8,77.0,7.8,67.5,,,0.0,0.0,1.0,,,,,,,,,6.0,,,,,,,,,,,,,,,,,,,,,,,,15.0,,,,,,,,,
1992-01-04 12:00:00,,,,,,,,,,0.0,,,,,,,,,,,,,,,,,,,,,,,,,,,,,,,,,,,,,,,,,,,,
1992-01-04 13:00:00,,,,,,,,,,0.0,,,,,,,,,,,,,,,,,,,,,,,,,,,,,,,,,,,,,,,,,,,,
1992-01-04 14:00:00,1015.8,1019.2,19.5,16.5,83.0,7.1,45.0,,,0.0,0.0,0.1,,19.8,18.9,18.7,18.0,,,,8.0,,,,,,,,,,,,,,,,,,,,,17.8,,,15.0,,,,,,,,,
1992-01-04 15:00:00,,,,,,,,,,0.0,,,,,,,,,,,,,,,,,,,,,,,,,,,,,,,,,,,,,,,,,,,,
1992-01-04 16:00:00,,,,,,,,,,0.0,,,,,,,,,,,,,,,,,,,,,,,,,,,,,,,,,,,,,,,,,,,,
1992-01-04 17:00:00,1014.7,1018.1,18.8,15.9,83.0,8.3,67.5,,,0.0,0.0,0.1,,,,,,,,,9.0,,,,,,,,,,,,,,,,,,,,,,,,15.0,,,,,,,,,
1992-01-04 18:00:00,,,,,,,,,,0.0,,,,,,,,,,,,,,,,,,,,,,,,,,,,,,,,,,,,,,,,,,,,
1992-01-04 19:00:00,,,,,,,,,,0.0,,,,,,,,,,,,,,,,,,,,,,,,,,,,,,,,,,,,,,,,,,,,
1992-01-04 20:00:00,1013.2,1016.6,19.8,15.8,78.0,5.9,90.0,,,0.0,0.0,,,,,,,,,,3.0,,,,,,,,,,,,,,,,,,,,,,,,12.0,,,,,,,,,
1992-01-04 21:00:00,1013.4,1016.8,19.8,16.0,79.0,4.9,67.5,,,0.0,0.0,,,18.1,17.8,18.5,18.4,,,,5.0,,,,,,,,,,,,,,,,,,,,,18.2,,,15.0,,,,,,,,,
1992-01-04 22:00:00,,,,,,,,,,0.0,,,,,,,,,,,,,,,,,,,,,,,,,,,,,,,,,,,,,,,,,,,,
1992-01-04 23:00:00,1013.1,1016.5,18.9,16.4,85.0,1.7,157.5,,,0.0,0.0,,,,,,,,,,1.0,,,,,,,,,,,,,,,,,,,,,,,,15.0,,,,,,,,,
1992-01-05 00:00:00,,,,,,,,,,0.0,,,,,,,,,,,,,,,,,,,,,,,,,,,,,,,,,,,,,,,,,,,,
1992-01-05 01:00:00,,,,,,,,,,0.0,,,,,,,,,,,,,,,,,,,,,,,,,,,,,,,,,,,,,,,,,,,,
1992-01-05 02:00:00,1011.3,1014.8,16.0,15.2,95.0,1.6,135.0,,,0.0,0.0,,,,,,,,,,0.0,,,,,,,,,,,,,,,,,,,,,,,,15.0,,,,,,,,,
1992-01-05 03:00:00,,,,,,,,,,0.0,,,,,,,,,,,,,,,,,,,,,,,,,,,,,,,,,,,,,,,,,,,,
1992-01-05 04:00:00,,,,,,,,,,0.0,,,,,,,,,,,,,,,,,,,,,,,,,,,,,,,,,,,,,,,,,,,,
1992-01-05 05:00:00,1011.1,1014.6,16.0,15.3,96.0,1.4,157.5,,,0.0,0.0,,,17.3,17.1,17.9,17.9,,,,10.0,,,,,,,,,,,,,,,,,,,,,18.2,,,10.0,,,,,,,,,
1992-01-05 06:00:00,,,,,,,,,,0.0,,,,,,,,,,,,,,,,,,,,,,,,,,,,,,,,,,,,,,,,,,,,
1992-01-05 07:00:00,,,,,,,,,,0.0,,,,,,,,,,,,,,,,,,,,,,,,,,,,,,,,,,,,,,,,,,,,
1992-01-05 08:00:00,1012.7,1016.1,18.3,17.6,96.0,1.7,225.0,,,0.0,0.0,0.0,,,,,,,,,10.0,,,,,,,,,,,,,,,,,,,,,,,,4.0,,,,,,,,,
1992-01-05 09:00:00,1013.2,1016.6,18.6,17.5,93.0,1.7,247.5,,,0.0,0.0,0.0,,,,,,,,,10.0,,,,,,,,,,,,,,,,,,,,,,,,4.0,,,,,,,,,
1992-01-05 10:00:00,,,,,,,,,,0.0,,,,,,,,,,,,,,,,,,,,,,,,,,,,,,,,,,,,,,,,,,,,
1992-01-05 11:00:00,1013.2,1016.7,16.0,15.5,97.0,3.3,360.0,,,0.0,0.0,0.0,,,,,,,,,10.0,,,,,,,,,,,,,,,,,,,,,,,,6.0,,,,,,,,,
1992-01-05 12:00:00,,,,,,,,,,0.0,,,,,,,,,,,,,,,,,,,,,,,,,,,,,,,,,,,,,,,,,,,,
1992-01-05 13:00:00,,,,,,,,,,0.1,,,,,,,,,,,,,,,,,,,,,,,,,,,,,,,,,,,,,,,,,,,,
1992-01-05 14:00:00,1012.0,1015.5,14.2,13.8,97.0,3.6,22.5,,,0.2,1.0,0.0,,17.6,17.4,18.0,17.9,,,,10.0,,,,,,,,,,,,,,,,,,,,,18.0,,,8.0,,,,,,,,,
1992-01-05 15:00:00,,,,,,,,,,0.1,,,,,,,,,,,,,,,,,,,,,,,,,,,,,,,,,,,,,,,,,,,,
1992-01-05 16:00:00,,,,,,,,,,0.1,,,,,,,,,,,,,,,,,,,,,,,,,,,,,,,,,,,,,,,,,,,,
1992-01-05 17:00:00,1013.6,1017.1,14.6,13.4,93.0,1.1,45.0,,,0.0,0.0,0.0,,,,,,,,,10.0,,,,,,,,,,,,,,,,,,,,,,,,12.0,,,,,,,,,
1992-01-05 18:00:00,,,,,,,,,,1.2,,,,,,,,,,,,,,,,,,,,,,,,,,,,,,,,,,,,,,,,,,,,
1992-01-05 19:00:00,,,,,,,,,,0.9,,,,,,,,,,,,,,,,,,,,,,,,,,,,,,,,,,,,,,,,,,,,
1992-01-05 20:00:00,1013.9,1017.4,15.2,14.3,94.0,2.7,135.0,,,0.6,1.0,,,,,,,,,,10.0,,,,,,,,,,,,,,,,,,,,,,,,8.0,,,,,,,,,
1992-01-05 21:00:00,1014.0,1017.5,15.2,14.7,97.0,2.2,112.5,,,1.3,1.0,,,16.9,16.8,17.5,17.6,,,,10.0,,,,,,,,,,,,,,,,,,,,,17.9,,,8.0,,,,,,,,,
1992-01-05 22:00:00,,,,,,,,,,0.2,,,,,,,,,,,,,,,,,,,,,,,,,,,,,,,,,,,,,,,,,,,,
1992-01-05 23:00:00,1012.9,1016.4,16.2,14.8,91.0,2.3,112.5,,,0.0,0.0,,,,,,,,,,10.0,,,,,,,,,,,,,,,,,,,,,,,,12.0,,,,,,,,,
1992-01-06 00:00:00,,,,,,,,,,0.0,,,,,,,,,,,,,,,,,,,,,,,,,,,,,,,,,,,,,,,,,,,,
1992-01-06 01:00:00,,,,,,,,,,1.0,,,,,,,,,,,,,,,,,,,,,,,,,,,,,,,,,,,,,,,,,,,,
1992-01-06 02:00:00,1013.8,1017.3,15.1,14.8,98.0,0.8,360.0,,,0.0,0.0,,,,,,,,,,10.0,,,,,,,,,,,,,,,,,,,,,,,,12.0,,,,,,,,,
1992-01-06 03:00:00,,,,,,,,,,0.0,,,,,,,,,,,,,,,,,,,,,,,,,,,,,,,,,,,,,,,,,,,,
1992-01-06 04:00:00,,,,,,,,,,0.0,,,,,,,,,,,,,,,,,,,,,,,,,,,,,,,,,,,,,,,,,,,,
1992-01-06 05:00:00,1015.4,1018.9,15.9,15.2,96.0,3.2,22.5,,,0.0,0.0,,,16.9,16.6,17.2,17.4,,,,10.0,,,,,,,,,,,,,,,,,,,,,17.7,,,12.0,,,,,,,,,
1992-01-06 06:00:00,,,,,,,,,,0.0,,,,,,,,,,,,,,,,,,,,,,,,,,,,,,,,,,,,,,,,,,,,
1992-01-06 07:00:00,,,,,,,,,,0.0,,,,,,,,,,,,,,,,,,,,,,,,,,,,,,,,,,,,,,,,,,,,
1992-01-06 08:00:00,1017.5,1021.0,15.9,14.8,93.0,2.7,67.5,,,-9.8,0.2,0.0,,,,,,,,,10.0,,,,,,,,,,,,,,,,,,,,,,,,12.0,,,,,,,,,
1992-01-06 09:00:00,1017.6,1021.1,16.0,14.8,93.0,3.7,67.5,,,0.7,1.0,0.0,,,,,,,,,10.0,,,,,,,,,,,,,,,,,,,,,,,,12.0,,,,,,,,,
1992-01-06 10:00:00,,,,,,,,,,0.1,,,,,,,,,,,,,,,,,,,,,,,,,,,,,,,,,,,,,,,,,,,,
1992-01-06 11:00:00,1018.2,1021.7,16.0,14.4,90.0,2.5,67.5,,,0.0,0.0,0.0,,,,,,,,,10.0,,,,,,,,,,,,,,,,,,,,,,,,12.0,,,,,,,,,
1992-01-06 12:00:00,,,,,,,,,,0.0,,,,,,,,,,,,,,,,,,,,,,,,,,,,,,,,,,,,,,,,,,,,
1992-01-06 13:00:00,,,,,,,,,,0.0,,,,,,,,,,,,,,,,,,,,,,,,,,,,,,,,,,,,,,,,,,,,
1992-01-06 14:00:00,1015.6,1019.1,17.9,15.1,84.0,3.6,90.0,,,0.0,0.0,0.0,,18.1,17.8,17.5,17.5,,,,10.0,,,,,,,,,,,,,,,,,,,,,17.5,,,15.0,,,,,,,,,
1992-01-06 15:00:00,,,,,,,,,,0.0,,,,,,,,,,,,,,,,,,,,,,,,,,,,,,,,,,,,,,,,,,,,
1992-01-06 16:00:00,,,,,,,,,,0.0,,,,,,,,,,,,,,,,,,,,,,,,,,,,,,,,,,,,,,,,,,,,
1992-01-06 17:00:00,1017.1,1020.6,16.8,14.7,87.0,4.1,45.0,,,0.0,0.0,0.0,,,,,,,,,10.0,,,,,,,,,,,,,,,,,,,,,,,,15.0,,,,,,,,,
1992-01-06 18:00:00,,,,,,,,,,0.0,,,,,,,,,,,,,,,,,,,,,,,,,,,,,,,,,,,,,,,,,,,,
1992-01-06 19:00:00,,,,,,,,,,0.0,,,,,,,,,,,,,,,,,,,,,,,,,,,,,,,,,,,,,,,,,,,,
1992-01-06 20:00:00,1019.0,1022.5,15.7,14.1,90.0,7.7,22.5,,,0.0,0.0,,,,,,,,,,10.0,,,,,,,,,,,,,,,,,,,,,,,,12.0,,,,,,,,,
1992-01-06 21:00:00,1019.4,1022.9,15.6,13.6,88.0,7.4,45.0,,,0.0,0.0,,,16.8,16.8,17.5,17.5,,,,10.0,,,,,,,,,,,,,,,,,,,,,17.5,,,12.0,,,,,,,,,
1992-01-06 22:00:00,,,,,,,,,,0.0,,,,,,,,,,,,,,,,,,,,,,,,,,,,,,,,,,,,,,,,,,,,
1992-01-06 23:00:00,1018.8,1022.3,15.1,13.9,93.0,5.7,45.0,,,0.0,0.0,,,,,,,,,,10.0,,,,,,,,,,,,,,,,,,,,,,,,12.0,,,,,,,,,
1992-01-07 00:00:00,,,,,,,,,,0.0,,,,,,,,,,,,,,,,,,,,,,,,,,,,,,,,,,,,,,,,,,,,
1992-01-07 01:00:00,,,,,,,,,,0.0,,,,,,,,,,,,,,,,,,,,,,,,,,,,,,,,,,,,,,,,,,,,
1992-01-07 02:00:00,1017.5,1021.0,15.2,14.0,93.0,6.6,45.0,,,0.0,0.0,,,,,,,,,,8.0,,,,,,,,,,,,,,,,,,,,,,,,12.0,,,,,,,,,
1992-01-07 03:00:00,,,,,,,,,,0.0,,,,,,,,,,,,,,,,,,,,,,,,,,,,,,,,,,,,,,,,,,,,
1992-01-07 04:00:00,,,,,,,,,,0.0,,,,,,,,,,,,,,,,,,,,,,,,,,,,,,,,,,,,,,,,,,,,
1992-01-07 05:00:00,1017.2,1020.7,14.1,12.6,91.0,8.7,67.5,,,0.0,0.0,,,16.1,16.1,17.0,17.1,,,,6.0,,,,,,,,,,,,,,,,,,,,,17.3,,,12.0,,,,,,,,,
1992-01-07 06:00:00,,,,,,,,,,0.0,,,,,,,,,,,,,,,,,,,,,,,,,,,,,,,,,,,,,,,,,,,,
1992-01-07 07:00:00,,,,,,,,,,0.0,,,,,,,,,,,,,,,,,,,,,,,,,,,,,,,,,,,,,,,,,,,,
1992-01-07 08:00:00,1020.1,1023.6,14.6,12.5,87.0,7.0,67.5,,,0.0,0.0,0.0,,,,,,,,,10.0,,,,,,,,,,,,,,,,,,,,,,,,12.0,,,,,,,,,
1992-01-07 09:00:00,1020.0,1023.5,15.2,12.6,84.0,9.3,45.0,,,0.0,0.0,0.0,,,,,,,,,9.0,,,,,,,,,,,,,,,,,,,,,,,,12.0,,,,,,,,,
1992-01-07 10:00:00,,,,,,,,,,0.0,,,,,,,,,,,,,,,,,,,,,,,,,,,,,,,,,,,,,,,,,,,,
1992-01-07 11:00:00,1019.4,1022.9,16.8,13.3,80.0,10.0,45.0,,,0.0,0.0,0.4,,,,,,,,,8.0,,,,,,,,,,,,,,,,,,,,,,,,15.0,,,,,,,,,
1992-01-07 12:00:00,,,,,,,,,,0.0,,,,,,,,,,,,,,,,,,,,,,,,,,,,,,,,,,,,,,,,,,,,
1992-01-07 13:00:00,,,,,,,,,,0.0,,,,,,,,,,,,,,,,,,,,,,,,,,,,,,,,,,,,,,,,,,,,
1992-01-07 14:00:00,1017.6,1021.1,16.0,13.1,83.0,7.7,45.0,,,0.0,0.0,0.0,,17.4,16.8,17.3,17.2,,,,10.0,,,,,,,,,,,,,,,,,,,,,17.3,,,12.0,,,,,,,,,
1992-01-07 15:00:00,,,,,,,,,,0.0,,,,,,,,,,,,,,,,,,,,,,,,,,,,,,,,,,,,,,,,,,,,
1992-01-07 16:00:00,,,,,,,,,,0.0,,,,,,,,,,,,,,,,,,,,,,,,,,,,,,,,,,,,,,,,,,,,
1992-01-07 17:00:00,1017.3,1020.8,15.5,13.3,87.0,7.0,45.0,,,0.0,0.0,0.0,,,,,,,,,9.0,,,,,,,,,,,,,,,,,,,,,,,,12.0,,,,,,,,,
1992-01-07 18:00:00,,,,,,,,,,0.0,,,,,,,,,,,,,,,,,,,,,,,,,,,,,,,,,,,,,,,,,,,,
1992-01-07 19:00:00,,,,,,,,,,0.0,,,,,,,,,,,,,,,,,,,,,,,,,,,,,,,,,,,,,,,,,,,,
1992-01-07 20:00:00,1016.2,1019.7,16.6,13.2,80.0,8.4,67.5,,,0.0,0.0,,,,,,,,,,5.0,,,,,,,,,,,,,,,,,,,,,,,,12.0,,,,,,,,,
1992-01-07 21:00:00,1016.1,1019.6,16.0,13.7,86.0,8.9,45.0,,,0.0,0.0,,,16.1,16.1,16.9,17.1,,,,4.0,,,,,,,,,,,,,,,,,,,,,17.3,,,15.0,,,,,,,,,
1992-01-07 22:00:00,,,,,,,,,,0.0,,,,,,,,,,,,,,,,,,,,,,,,,,,,,,,,,,,,,,,,,,,,
1992-01-07 23:00:00,1014.3,1017.8,16.6,13.5,82.0,6.5,45.0,,,0.0,0.0,,,,,,,,,,2.0,,,,,,,,,,,,,,,,,,,,,,,,15.0,,,,,,,,,
1992-01-08 00:00:00,,,,,,,,,,0.0,,,,,,,,,,,,,,,,,,,,,,,,,,,,,,,,,,,,,,,,,,,,
1992-01-08 01:00:00,,,,,,,,,,0.0,,,,,,,,,,,,,,,,,,,,,,,,,,,,,,,,,,,,,,,,,,,,
1992-01-08 02:00:00,1014.5,1018.0,17.4,14.4,83.0,3.5,22.5,,,0.0,0.0,,,,,,,,,,8.0,,,,,,,,,,,,,,,,,,,,,,,,15.0,,,,,,,,,
1992-01-08 03:00:00,,,,,,,,,,0.0,,,,,,,,,,,,,,,,,,,,,,,,,,,,,,,,,,,,,,,,,,,,
1992-01-08 04:00:00,,,,,,,,,,0.3,,,,,,,,,,,,,,,,,,,,,,,,,,,,,,,,,,,,,,,,,,,,
1992-01-08 05:00:00,1018.1,1021.6,12.8,12.2,96.0,3.7,22.5,,,0.8,1.0,,,16.0,16.0,16.8,16.9,,,,10.0,,,,,,,,,,,,,,,,,,,,,17.1,,,5.0,,,,,,,,,
1992-01-08 06:00:00,,,,,,,,,,0.3,,,,,,,,,,,,,,,,,,,,,,,,,,,,,,,,,,,,,,,,,,,,
1992-01-08 07:00:00,,,,,,,,,,0.2,,,,,,,,,,,,,,,,,,,,,,,,,,,,,,,,,,,,,,,,,,,,
1992-01-08 08:00:00,1018.8,1022.3,13.0,12.4,96.0,4.1,45.0,,,0.0,0.0,0.0,,,,,,,,,10.0,,,,,,,,,,,,,,,,,,,,,,,,5.0,,,,,,,,,
1992-01-08 09:00:00,1018.2,1021.7,14.0,13.1,94.0,5.7,45.0,,,0.0,0.0,0.0,,,,,,,,,10.0,,,,,,,,,,,,,,,,,,,,,,,,8.0,,,,,,,,,
1992-01-08 10:00:00,,,,,,,,,,2.2,,,,,,,,,,,,,,,,,,,,,,,,,,,,,,,,,,,,,,,,,,,,
1992-01-08 11:00:00,1018.6,1022.1,14.9,14.1,95.0,2.1,67.5,,,1.9,1.0,0.0,,,,,,,,,10.0,,,,,,,,,,,,,,,,,,,,,,,,60.0,,,,,,,,,
1992-01-08 12:00:00,,,,,,,,,,0.9,,,,,,,,,,,,,,,,,,,,,,,,,,,,,,,,,,,,,,,,,,,,
1992-01-08 13:00:00,,,,,,,,,,3.4,,,,,,,,,,,,,,,,,,,,,,,,,,,,,,,,,,,,,,,,,,,,
1992-01-08 14:00:00,1017.2,1020.7,13.7,13.1,96.0,5.6,22.5,,,1.1,1.0,0.0,,16.4,16.1,16.5,16.7,,,,10.0,,,,,,,,,,,,,,,,,,,,,16.9,,,6.0,,,,,,,,,
1992-01-08 15:00:00,,,,,,,,,,1.3,,,,,,,,,,,,,,,,,,,,,,,,,,,,,,,,,,,,,,,,,,,,
1992-01-08 16:00:00,,,,,,,,,,0.3,,,,,,,,,,,,,,,,,,,,,,,,,,,,,,,,,,,,,,,,,,,,
1992-01-08 17:00:00,1017.6,1021.1,14.6,13.5,93.0,3.1,45.0,,,0.0,0.0,0.0,,,,,,,,,10.0,,,,,,,,,,,,,,,,,,,,,,,,12.0,,,,,,,,,
1992-01-08 18:00:00,,,,,,,,,,0.0,,,,,,,,,,,,,,,,,,,,,,,,,,,,,,,,,,,,,,,,,,,,
1992-01-08 19:00:00,,,,,,,,,,0.0,,,,,,,,,,,,,,,,,,,,,,,,,,,,,,,,,,,,,,,,,,,,
1992-01-08 20:00:00,1019.2,1022.7,13.6,13.2,97.0,5.1,22.5,,,0.3,0.8,,,,,,,,,,10.0,,,,,,,,,,,,,,,,,,,,,,,,6.0,,,,,,,,,
1992-01-08 21:00:00,1019.5,1023.0,14.0,13.1,94.0,4.3,45.0,,,-9.8,0.2,,,15.8,15.8,16.4,16.6,,,,10.0,,,,,,,,,,,,,,,,,,,,,16.8,,,10.0,,,,,,,,,
1992-01-08 22:00:00,,,,,,,,,,0.0,,,,,,,,,,,,,,,,,,,,,,,,,,,,,,,,,,,,,,,,,,,,
1992-01-08 23:00:00,1019.1,1022.6,14.0,12.1,88.0,4.3,45.0,,,0.0,0.0,,,,,,,,,,10.0,,,,,,,,,,,,,,,,,,,,,,,,12.0,,,,,,,,,
1992-01-09 00:00:00,,,,,,,,,,0.0,,,,,,,,,,,,,,,,,,,,,,,,,,,,,,,,,,,,,,,,,,,,
1992-01-09 01:00:00,,,,,,,,,,0.0,,,,,,,,,,,,,,,,,,,,,,,,,,,,,,,,,,,,,,,,,,,,
1992-01-09 02:00:00,1019.1,1022.6,13.7,11.5,87.0,5.1,45.0,,,0.0,0.0,,,,,,,,,,10.0,,,,,,,,,,,,,,,,,,,,,,,,12.0,,,,,,,,,
1992-01-09 03:00:00,,,,,,,,,,0.0,,,,,,,,,,,,,,,,,,,,,,,,,,,,,,,,,,,,,,,,,,,,
1992-01-09 04:00:00,,,,,,,,,,0.0,,,,,,,,,,,,,,,,,,,,,,,,,,,,,,,,,,,,,,,,,,,,
1992-01-09 05:00:00,1020.2,1023.7,12.5,9.1,80.0,7.6,45.0,,,0.0,0.0,,,14.9,15.0,15.8,16.2,,,,10.0,,,,,,,,,,,,,,,,,,,,,16.6,,,12.0,,,,,,,,,
1992-01-09 06:00:00,,,,,,,,,,0.0,,,,,,,,,,,,,,,,,,,,,,,,,,,,,,,,,,,,,,,,,,,,
1992-01-09 07:00:00,,,,,,,,,,0.0,,,,,,,,,,,,,,,,,,,,,,,,,,,,,,,,,,,,,,,,,,,,
1992-01-09 08:00:00,1021.9,1025.4,12.5,8.8,78.0,6.4,22.5,,,0.0,0.0,0.0,,,,,,,,,10.0,,,,,,,,,,,,,,,,,,,,,,,,12.0,,,,,,,,,
1992-01-09 09:00:00,1022.4,1025.9,12.5,8.8,78.0,7.0,45.0,,,0.0,0.0,0.0,,,,,,,,,10.0,,,,,,,,,,,,,,,,,,,,,,,,12.0,,,,,,,,,
1992-01-09 10:00:00,,,,,,,,,,0.0,,,,,,,,,,,,,,,,,,,,,,,,,,,,,,,,,,,,,,,,,,,,
1992-01-09 11:00:00,1022.2,1025.7,12.4,8.6,78.0,7.1,45.0,,,0.0,0.0,0.0,,,,,,,,,10.0,,,,,,,,,,,,,,,,,,,,,,,,12.0,,,,,,,,,
1992-01-09 12:00:00,,,,,,,,,,0.0,,,,,,,,,,,,,,,,,,,,,,,,,,,,,,,,,,,,,,,,,,,,
1992-01-09 13:00:00,,,,,,,,,,0.0,,,,,,,,,,,,,,,,,,,,,,,,,,,,,,,,,,,,,,,,,,,,
1992-01-09 14:00:00,1021.2,1024.7,12.1,8.1,77.0,6.9,45.0,,,0.0,0.0,0.0,,14.6,14.5,15.2,15.7,,,,10.0,,,,,,,,,,,,,,,,,,,,,16.5,,,12.0,,,,,,,,,
1992-01-09 15:00:00,,,,,,,,,,0.0,,,,,,,,,,,,,,,,,,,,,,,,,,,,,,,,,,,,,,,,,,,,
1992-01-09 16:00:00,,,,,,,,,,0.0,,,,,,,,,,,,,,,,,,,,,,,,,,,,,,,,,,,,,,,,,,,,
1992-01-09 17:00:00,1022.3,1025.8,12.1,8.3,78.0,6.2,67.5,,,0.0,0.0,0.0,,,,,,,,,10.0,,,,,,,,,,,,,,,,,,,,,,,,12.0,,,,,,,,,
1992-01-09 18:00:00,,,,,,,,,,0.0,,,,,,,,,,,,,,,,,,,,,,,,,,,,,,,,,,,,,,,,,,,,
1992-01-09 19:00:00,,,,,,,,,,0.0,,,,,,,,,,,,,,,,,,,,,,,,,,,,,,,,,,,,,,,,,,,,
1992-01-09 20:00:00,1023.6,1027.1,12.3,7.9,74.0,5.9,67.5,,,0.0,0.0,,,,,,,,,,10.0,,,,,,,,,,,,,,,,,,,,,,,,12.0,,,,,,,,,
1992-01-09 21:00:00,1023.7,1027.3,12.0,7.2,72.0,6.6,45.0,,,0.0,0.0,,,13.7,13.8,14.7,15.4,,,,7.0,,,,,,,,,,,,,,,,,,,,,16.0,,,12.0,,,,,,,,,
1992-01-09 22:00:00,,,,,,,,,,0.0,,,,,,,,,,,,,,,,,,,,,,,,,,,,,,,,,,,,,,,,,,,,
1992-01-09 23:00:00,1023.4,1027.0,11.7,7.4,75.0,6.4,45.0,,,0.0,0.0,,,,,,,,,,2.0,,,,,,,,,,,,,,,,,,,,,,,,12.0,,,,,,,,,
1992-01-10 00:00:00,,,,,,,,,,0.0,,,,,,,,,,,,,,,,,,,,,,,,,,,,,,,,,,,,,,,,,,,,
1992-01-10 01:00:00,,,,,,,,,,0.0,,,,,,,,,,,,,,,,,,,,,,,,,,,,,,,,,,,,,,,,,,,,
1992-01-10 02:00:00,1023.1,1026.7,11.6,7.1,74.0,6.4,45.0,,,0.0,0.0,,,,,,,,,,0.0,,,,,,,,,,,,,,,,,,,,,,,,12.0,,,,,,,,,
1992-01-10 03:00:00,,,,,,,,,,0.0,,,,,,,,,,,,,,,,,,,,,,,,,,,,,,,,,,,,,,,,,,,,
1992-01-10 04:00:00,,,,,,,,,,0.0,,,,,,,,,,,,,,,,,,,,,,,,,,,,,,,,,,,,,,,,,,,,
1992-01-10 05:00:00,1022.7,1026.3,11.8,7.5,75.0,5.9,45.0,,,0.0,0.0,,,13.0,13.0,14.0,14.7,,,,10.0,,,,,,,,,,,,,,,,,,,,,15.4,,,12.0,,,,,,,,,
1992-01-10 06:00:00,,,,,,,,,,0.0,,,,,,,,,,,,,,,,,,,,,,,,,,,,,,,,,,,,,,,,,,,,
1992-01-10 07:00:00,,,,,,,,,,0.0,,,,,,,,,,,,,,,,,,,,,,,,,,,,,,,,,,,,,,,,,,,,
1992-01-10 08:00:00,1024.1,1027.7,12.4,6.9,69.0,7.5,45.0,,,0.0,0.0,0.0,,,,,,,,,7.0,,,,,,,,,,,,,,,,,,,,,,,,12.0,,,,,,,,,
1992-01-10 09:00:00,1024.9,1028.4,13.1,7.0,66.0,6.8,45.0,,,0.0,0.0,0.0,,,,,,,,,7.0,,,,,,,,,,,,,,,,,,,,,,,,12.0,,,,,,,,,
1992-01-10 10:00:00,,,,,,,,,,0.0,,,,,,,,,,,,,,,,,,,,,,,,,,,,,,,,,,,,,,,,,,,,
1992-01-10 11:00:00,1023.9,1027.4,15.0,7.9,62.0,8.3,67.5,,,0.0,0.0,0.5,,,,,,,,,5.0,,,,,,,,,,,,,,,,,,,,,,,,12.0,,,,,,,,,
1992-01-10 12:00:00,,,,,,,,,,0.0,,,,,,,,,,,,,,,,,,,,,,,,,,,,,,,,,,,,,,,,,,,,
1992-01-10 13:00:00,,,,,,,,,,0.0,,,,,,,,,,,,,,,,,,,,,,,,,,,,,,,,,,,,,,,,,,,,
1992-01-10 14:00:00,1021.2,1024.7,16.0,8.6,61.0,7.5,45.0,,,0.0,0.0,0.2,,14.9,14.5,14.8,14.8,,,,9.0,,,,,,,,,,,,,,,,,,,,,15.2,,,11.0,,,,,,,,,
1992-01-10 15:00:00,,,,,,,,,,0.0,,,,,,,,,,,,,,,,,,,,,,,,,,,,,,,,,,,,,,,,,,,,
1992-01-10 16:00:00,,,,,,,,,,0.0,,,,,,,,,,,,,,,,,,,,,,,,,,,,,,,,,,,,,,,,,,,,
1992-01-10 17:00:00,1021.9,1025.4,14.2,8.6,69.0,5.2,67.5,,,0.0,0.0,0.0,,,,,,,,,9.0,,,,,,,,,,,,,,,,,,,,,,,,7.0,,,,,,,,,
1992-01-10 18:00:00,,,,,,,,,,0.0,,,,,,,,,,,,,,,,,,,,,,,,,,,,,,,,,,,,,,,,,,,,
1992-01-10 19:00:00,,,,,,,,,,0.0,,,,,,,,,,,,,,,,,,,,,,,,,,,,,,,,,,,,,,,,,,,,
1992-01-10 20:00:00,1023.3,1026.8,13.9,9.2,73.0,4.1,45.0,,,0.0,0.0,,,,,,,,,,9.0,,,,,,,,,,,,,,,,,,,,,,,,6.0,,,,,,,,,
1992-01-10 21:00:00,1023.0,1026.5,13.8,9.5,75.0,3.8,45.0,,,0.0,0.0,,,14.1,14.0,14.7,15.0,,,,9.0,,,,,,,,,,,,,,,,,,,,,15.4,,,6.0,,,,,,,,,
1992-01-10 22:00:00,,,,,,,,,,0.0,,,,,,,,,,,,,,,,,,,,,,,,,,,,,,,,,,,,,,,,,,,,
1992-01-10 23:00:00,1021.9,1025.4,13.9,9.6,75.0,3.6,45.0,,,0.0,0.0,,,,,,,,,,5.0,,,,,,,,,,,,,,,,,,,,,,,,6.0,,,,,,,,,
1992-01-11 00:00:00,,,,,,,,,,0.0,,,,,,,,,,,,,,,,,,,,,,,,,,,,,,,,,,,,,,,,,,,,
1992-01-11 01:00:00,,,,,,,,,,0.0,,,,,,,,,,,,,,,,,,,,,,,,,,,,,,,,,,,,,,,,,,,,
1992-01-11 02:00:00,1021.0,1024.5,13.5,9.9,79.0,3.1,45.0,,,0.0,0.0,,,,,,,,,,7.0,,,,,,,,,,,,,,,,,,,,,,,,6.0,,,,,,,,,
1992-01-11 03:00:00,,,,,,,,,,0.0,,,,,,,,,,,,,,,,,,,,,,,,,,,,,,,,,,,,,,,,,,,,
1992-01-11 04:00:00,,,,,,,,,,0.0,,,,,,,,,,,,,,,,,,,,,,,,,,,,,,,,,,,,,,,,,,,,
1992-01-11 05:00:00,1020.9,1024.4,13.8,10.7,82.0,1.7,67.5,,,0.0,0.0,,,14.1,13.9,14.7,14.9,,,,9.0,,,,,,,,,,,,,,,,,,,,,15.3,,,6.0,,,,,,,,,
1992-01-11 06:00:00,,,,,,,,,,0.0,,,,,,,,,,,,,,,,,,,,,,,,,,,,,,,,,,,,,,,,,,,,
1992-01-11 07:00:00,,,,,,,,,,0.0,,,,,,,,,,,,,,,,,,,,,,,,,,,,,,,,,,,,,,,,,,,,
1992-01-11 08:00:00,1022.0,1025.5,14.0,11.5,85.0,0.0,0.0,,,0.0,0.0,0.1,,,,,,,,,7.0,,,,,,,,,,,,,,,,,,,,,,,,7.0,,,,,,,,,
1992-01-11 09:00:00,1022.5,1026.0,15.5,11.7,78.0,2.3,45.0,,,0.0,0.0,0.3,,,,,,,,,8.0,,,,,,,,,,,,,,,,,,,,,,,,12.0,,,,,,,,,
1992-01-11 10:00:00,,,,,,,,,,0.0,,,,,,,,,,,,,,,,,,,,,,,,,,,,,,,,,,,,,,,,,,,,
1992-01-11 11:00:00,1021.6,1025.1,18.1,12.4,69.0,4.8,22.5,,,0.0,0.0,0.4,,,,,,,,,9.0,,,,,,,,,,,,,,,,,,,,,,,,15.0,,,,,,,,,
1992-01-11 12:00:00,,,,,,,,,,0.0,,,,,,,,,,,,,,,,,,,,,,,,,,,,,,,,,,,,,,,,,,,,
1992-01-11 13:00:00,,,,,,,,,,0.0,,,,,,,,,,,,,,,,,,,,,,,,,,,,,,,,,,,,,,,,,,,,
1992-01-11 14:00:00,1018.8,1022.3,18.6,12.9,69.0,4.9,22.5,,,0.0,0.0,0.2,,17.1,16.1,16.0,15.7,,,,8.0,,,,,,,,,,,,,,,,,,,,,15.7,,,15.0,,,,,,,,,
1992-01-11 15:00:00,,,,,,,,,,0.0,,,,,,,,,,,,,,,,,,,,,,,,,,,,,,,,,,,,,,,,,,,,
1992-01-11 16:00:00,,,,,,,,,,0.0,,,,,,,,,,,,,,,,,,,,,,,,,,,,,,,,,,,,,,,,,,,,
1992-01-11 17:00:00,1019.1,1022.6,17.3,13.0,76.0,3.5,22.5,,,0.0,0.0,0.2,,,,,,,,,10.0,,,,,,,,,,,,,,,,,,,,,,,,12.0,,,,,,,,,
1992-01-11 18:00:00,,,,,,,,,,0.0,,,,,,,,,,,,,,,,,,,,,,,,,,,,,,,,,,,,,,,,,,,,
1992-01-11 19:00:00,,,,,,,,,,0.0,,,,,,,,,,,,,,,,,,,,,,,,,,,,,,,,,,,,,,,,,,,,
1992-01-11 20:00:00,1020.0,1023.5,14.1,12.2,88.0,1.3,45.0,,,0.0,0.0,,,,,,,,,,3.0,,,,,,,,,,,,,,,,,,,,,,,,12.0,,,,,,,,,
1992-01-11 21:00:00,1020.1,1023.6,13.9,12.1,89.0,0.8,90.0,,,0.0,0.0,,,15.1,15.3,16.0,16.0,,,,2.0,,,,,,,,,,,,,,,,,,,,,16.0,,,12.0,,,,,,,,,
1992-01-11 22:00:00,,,,,,,,,,0.0,,,,,,,,,,,,,,,,,,,,,,,,,,,,,,,,,,,,,,,,,,,,
1992-01-11 23:00:00,1020.2,1023.7,12.2,11.5,95.0,0.1,0.0,,,0.0,0.0,,,,,,,,,,2.0,,,,,,,,,,,,,,,,,,,,,,,,12.0,,,,,,,,,
1992-01-12 00:00:00,,,,,,,,,,0.0,,,,,,,,,,,,,,,,,,,,,,,,,,,,,,,,,,,,,,,,,,,,
1992-01-12 01:00:00,,,,,,,,,,0.0,,,,,,,,,,,,,,,,,,,,,,,,,,,,,,,,,,,,,,,,,,,,
1992-01-12 02:00:00,1019.3,1022.9,10.7,10.5,99.0,0.2,0.0,,,0.0,0.0,,,,,,,,,,1.0,,,,,,,,,,,,,,,,,,,,,,,,12.0,,,,,,,,,
1992-01-12 03:00:00,,,,,,,,,,0.0,,,,,,,,,,,,,,,,,,,,,,,,,,,,,,,,,,,,,,,,,,,,
1992-01-12 04:00:00,,,,,,,,,,0.0,,,,,,,,,,,,,,,,,,,,,,,,,,,,,,,,,,,,,,,,,,,,
1992-01-12 05:00:00,1019.5,1023.1,10.0,9.8,99.0,0.5,90.0,,,0.0,0.0,,,12.8,14.0,15.0,15.2,,,,2.0,,,,,,,,,,,,,,,,,,,,,15.8,,,12.0,,,,,,,,,
1992-01-12 06:00:00,,,,,,,,,,0.0,,,,,,,,,,,,,,,,,,,,,,,,,,,,,,,,,,,,,,,,,,,,
1992-01-12 07:00:00,,,,,,,,,,0.0,,,,,,,,,,,,,,,,,,,,,,,,,,,,,,,,,,,,,,,,,,,,
1992-01-12 08:00:00,1021.2,1024.7,12.0,12.0,100.0,1.4,112.5,,,0.0,0.0,0.4,,,,,,,,,7.0,,,,,,,,,,,,,,,,,,,,,,,,12.0,,,,,,,,,
1992-01-12 09:00:00,1021.6,1025.1,14.4,12.9,91.0,0.9,112.5,,,0.0,0.0,0.4,,,,,,,,,9.0,,,,,,,,,,,,,,,,,,,,,,,,8.0,,,,,,,,,
1992-01-12 10:00:00,,,,,,,,,,0.0,,,,,,,,,,,,,,,,,,,,,,,,,,,,,,,,,,,,,,,,,,,,
1992-01-12 11:00:00,1020.2,1023.7,17.7,14.3,80.0,4.4,22.5,,,0.0,0.0,0.1,,,,,,,,,9.0,,,,,,,,,,,,,,,,,,,,,,,,8.0,,,,,,,,,
1992-01-12 12:00:00,,,,,,,,,,0.0,,,,,,,,,,,,,,,,,,,,,,,,,,,,,,,,,,,,,,,,,,,,
1992-01-12 13:00:00,,,,,,,,,,0.0,,,,,,,,,,,,,,,,,,,,,,,,,,,,,,,,,,,,,,,,,,,,
1992-01-12 14:00:00,1016.1,1019.5,21.2,15.5,70.0,2.6,360.0,,,0.0,0.0,0.8,,18.1,16.7,16.2,15.8,,,,5.0,,,,,,,,,,,,,,,,,,,,,15.8,,,8.0,,,,,,,,,
1992-01-12 15:00:00,,,,,,,,,,0.0,,,,,,,,,,,,,,,,,,,,,,,,,,,,,,,,,,,,,,,,,,,,
1992-01-12 16:00:00,,,,,,,,,,0.0,,,,,,,,,,,,,,,,,,,,,,,,,,,,,,,,,,,,,,,,,,,,
1992-01-12 17:00:00,1016.4,1019.8,19.5,15.6,78.0,2.0,337.5,,,0.0,0.0,0.0,,,,,,,,,10.0,,,,,,,,,,,,,,,,,,,,,,,,8.0,,,,,,,,,
1992-01-12 18:00:00,,,,,,,,,,0.0,,,,,,,,,,,,,,,,,,,,,,,,,,,,,,,,,,,,,,,,,,,,
1992-01-12 19:00:00,,,,,,,,,,0.0,,,,,,,,,,,,,,,,,,,,,,,,,,,,,,,,,,,,,,,,,,,,
1992-01-12 20:00:00,1018.0,1021.5,17.1,15.2,89.0,2.0,90.0,,,0.0,0.0,,,,,,,,,,9.0,,,,,,,,,,,,,,,,,,,,,,,,6.0,,,,,,,,,
1992-01-12 21:00:00,1017.9,1021.4,16.6,14.8,89.0,1.5,112.5,,,0.0,0.0,,,16.7,16.6,17.0,16.8,,,,9.0,,,,,,,,,,,,,,,,,,,,,16.3,,,6.0,,,,,,,,,
1992-01-12 22:00:00,,,,,,,,,,0.0,,,,,,,,,,,,,,,,,,,,,,,,,,,,,,,,,,,,,,,,,,,,
1992-01-12 23:00:00,1017.7,1021.2,16.4,14.6,89.0,1.4,135.0,,,0.0,0.0,,,,,,,,,,7.0,,,,,,,,,,,,,,,,,,,,,,,,6.0,,,,,,,,,
1992-01-13 00:00:00,,,,,,,,,,0.0,,,,,,,,,,,,,,,,,,,,,,,,,,,,,,,,,,,,,,,,,,,,
1992-01-13 01:00:00,,,,,,,,,,0.0,,,,,,,,,,,,,,,,,,,,,,,,,,,,,,,,,,,,,,,,,,,,
1992-01-13 02:00:00,1017.2,1020.7,14.1,13.3,95.0,1.1,112.5,,,0.0,0.0,,,,,,,,,,4.0,,,,,,,,,,,,,,,,,,,,,,,,6.0,,,,,,,,,
1992-01-13 03:00:00,,,,,,,,,,0.0,,,,,,,,,,,,,,,,,,,,,,,,,,,,,,,,,,,,,,,,,,,,
1992-01-13 04:00:00,,,,,,,,,,0.0,,,,,,,,,,,,,,,,,,,,,,,,,,,,,,,,,,,,,,,,,,,,
1992-01-13 05:00:00,1017.3,1020.8,12.0,11.8,99.0,0.3,90.0,,,0.0,0.0,,,15.2,15.4,16.1,16.3,,,,8.0,,,,,,,,,,,,,,,,,,,,,16.5,,,4.0,,,,,,,,,
1992-01-13 06:00:00,,,,,,,,,,0.0,,,,,,,,,,,,,,,,,,,,,,,,,,,,,,,,,,,,,,,,,,,,
1992-01-13 07:00:00,,,,,,,,,,0.0,,,,,,,,,,,,,,,,,,,,,,,,,,,,,,,,,,,,,,,,,,,,
1992-01-13 08:00:00,1019.1,1022.6,13.5,12.7,95.0,1.6,112.5,,,0.0,0.0,0.0,,,,,,,,,9.0,,,,,,,,,,,,,,,,,,,,,,,,4.0,,,,,,,,,
1992-01-13 09:00:00,1019.4,1022.9,14.9,13.0,88.0,1.6,112.5,,,0.0,0.0,0.0,,,,,,,,,8.0,,,,,,,,,,,,,,,,,,,,,,,,6.0,,,,,,,,,
1992-01-13 10:00:00,,,,,,,,,,0.0,,,,,,,,,,,,,,,,,,,,,,,,,,,,,,,,,,,,,,,,,,,,
1992-01-13 11:00:00,1018.6,1022.1,17.9,14.7,82.0,4.4,22.5,,,0.0,0.0,0.3,,,,,,,,,9.0,,,,,,,,,,,,,,,,,,,,,,,,8.0,,,,,,,,,
1992-01-13 12:00:00,,,,,,,,,,0.0,,,,,,,,,,,,,,,,,,,,,,,,,,,,,,,,,,,,,,,,,,,,
1992-01-13 13:00:00,,,,,,,,,,0.0,,,,,,,,,,,,,,,,,,,,,,,,,,,,,,,,,,,,,,,,,,,,
1992-01-13 14:00:00,1017.3,1020.8,16.7,13.6,82.0,6.5,22.5,,,0.0,0.0,0.4,,17.8,17.1,17.0,16.7,,,,10.0,,,,,,,,,,,,,,,,,,,,,16.4,,,5.0,,,,,,,,,
1992-01-13 15:00:00,,,,,,,,,,0.0,,,,,,,,,,,,,,,,,,,,,,,,,,,,,,,,,,,,,,,,,,,,
1992-01-13 16:00:00,,,,,,,,,,0.0,,,,,,,,,,,,,,,,,,,,,,,,,,,,,,,,,,,,,,,,,,,,
1992-01-13 17:00:00,1020.1,1023.6,13.2,11.2,88.0,7.3,45.0,,,0.0,0.0,0.0,,,,,,,,,10.0,,,,,,,,,,,,,,,,,,,,,,,,5.0,,,,,,,,,
1992-01-13 18:00:00,,,,,,,,,,0.0,,,,,,,,,,,,,,,,,,,,,,,,,,,,,,,,,,,,,,,,,,,,
1992-01-13 19:00:00,,,,,,,,,,0.0,,,,,,,,,,,,,,,,,,,,,,,,,,,,,,,,,,,,,,,,,,,,
1992-01-13 20:00:00,1023.1,1026.7,11.8,9.8,88.0,5.6,45.0,,,0.0,0.0,,,,,,,,,,10.0,,,,,,,,,,,,,,,,,,,,,,,,8.0,,,,,,,,,
1992-01-13 21:00:00,1023.4,1027.0,11.7,9.0,83.0,4.8,45.0,,,0.0,0.0,,,15.1,15.3,16.3,16.4,,,,10.0,,,,,,,,,,,,,,,,,,,,,16.5,,,10.0,,,,,,,,,
1992-01-13 22:00:00,,,,,,,,,,0.0,,,,,,,,,,,,,,,,,,,,,,,,,,,,,,,,,,,,,,,,,,,,
1992-01-13 23:00:00,1023.4,1027.0,11.8,7.5,75.0,5.0,67.5,,,0.0,0.0,,,,,,,,,,10.0,,,,,,,,,,,,,,,,,,,,,,,,10.0,,,,,,,,,
1992-01-14 00:00:00,,,,,,,,,,0.0,,,,,,,,,,,,,,,,,,,,,,,,,,,,,,,,,,,,,,,,,,,,
1992-01-14 01:00:00,,,,,,,,,,0.0,,,,,,,,,,,,,,,,,,,,,,,,,,,,,,,,,,,,,,,,,,,,
1992-01-14 02:00:00,1022.2,1025.8,10.7,3.7,62.0,7.5,45.0,,,0.0,0.0,,,,,,,,,,10.0,,,,,,,,,,,,,,,,,,,,,,,,10.0,,,,,,,,,
1992-01-14 03:00:00,,,,,,,,,,0.0,,,,,,,,,,,,,,,,,,,,,,,,,,,,,,,,,,,,,,,,,,,,
1992-01-14 04:00:00,,,,,,,,,,0.0,,,,,,,,,,,,,,,,,,,,,,,,,,,,,,,,,,,,,,,,,,,,
1992-01-14 05:00:00,1022.1,1025.7,9.9,4.1,67.0,8.9,45.0,,,0.0,0.0,,,13.3,13.6,14.8,15.4,,,,10.0,,,,,,,,,,,,,,,,,,,,,16.1,,,12.0,,,,,,,,,
1992-01-14 06:00:00,,,,,,,,,,0.0,,,,,,,,,,,,,,,,,,,,,,,,,,,,,,,,,,,,,,,,,,,,
1992-01-14 07:00:00,,,,,,,,,,0.0,,,,,,,,,,,,,,,,,,,,,,,,,,,,,,,,,,,,,,,,,,,,
1992-01-14 08:00:00,1025.0,1028.6,9.3,3.5,67.0,8.0,45.0,,,0.0,0.0,0.0,,,,,,,,,10.0,,,,,,,,,,,,,,,,,,,,,,,,10.0,,,,,,,,,
1992-01-14 09:00:00,1025.7,1029.3,9.2,4.2,71.0,5.9,45.0,,,0.0,0.0,0.0,,,,,,,,,10.0,,,,,,,,,,,,,,,,,,,,,,,,8.0,,,,,,,,,
1992-01-14 10:00:00,,,,,,,,,,0.0,,,,,,,,,,,,,,,,,,,,,,,,,,,,,,,,,,,,,,,,,,,,
1992-01-14 11:00:00,1024.2,1027.8,9.3,5.3,76.0,4.2,67.5,,,-9.8,0.5,0.0,,,,,,,,,10.0,,,,,,,,,,,,,,,,,,,,,,,,7.0,,,,,,,,,
1992-01-14 12:00:00,,,,,,,,,,-9.8,,,,,,,,,,,,,,,,,,,,,,,,,,,,,,,,,,,,,,,,,,,,
1992-01-14 13:00:00,,,,,,,,,,0.1,,,,,,,,,,,,,,,,,,,,,,,,,,,,,,,,,,,,,,,,,,,,
1992-01-14 14:00:00,1022.3,1025.9,8.3,5.2,81.0,6.4,45.0,,,0.1,1.0,0.0,,12.7,12.9,13.8,14.5,,,,10.0,,,,,,,,,,,,,,,,,,,,,15.2,,,8.0,,,,,,,,,
1992-01-14 15:00:00,,,,,,,,,,-9.8,,,,,,,,,,,,,,,,,,,,,,,,,,,,,,,,,,,,,,,,,,,,
1992-01-14 16:00:00,,,,,,,,,,0.0,,,,,,,,,,,,,,,,,,,,,,,,,,,,,,,,,,,,,,,,,,,,
1992-01-14 17:00:00,1023.1,1026.7,8.4,4.7,78.0,5.2,45.0,,,0.0,0.0,0.0,,,,,,,,,10.0,,,,,,,,,,,,,,,,,,,,,,,,8.0,,,,,,,,,
1992-01-14 18:00:00,,,,,,,,,,0.0,,,,,,,,,,,,,,,,,,,,,,,,,,,,,,,,,,,,,,,,,,,,
1992-01-14 19:00:00,,,,,,,,,,0.0,,,,,,,,,,,,,,,,,,,,,,,,,,,,,,,,,,,,,,,,,,,,
1992-01-14 20:00:00,1023.1,1026.7,8.9,6.1,83.0,4.1,67.5,,,0.0,0.0,,,,,,,,,,10.0,,,,,,,,,,,,,,,,,,,,,,,,7.0,,,,,,,,,
1992-01-14 21:00:00,1022.8,1026.4,9.2,6.2,81.0,3.3,67.5,,,0.0,0.0,,,12.1,12.3,13.3,14.0,,,,9.0,,,,,,,,,,,,,,,,,,,,,14.8,,,10.0,,,,,,,,,
1992-01-14 22:00:00,,,,,,,,,,0.0,,,,,,,,,,,,,,,,,,,,,,,,,,,,,,,,,,,,,,,,,,,,
1992-01-14 23:00:00,1023.2,1026.8,9.7,5.6,76.0,3.6,45.0,,,0.0,0.0,,,,,,,,,,10.0,,,,,,,,,,,,,,,,,,,,,,,,10.0,,,,,,,,,
1992-01-15 00:00:00,,,,,,,,,,0.0,,,,,,,,,,,,,,,,,,,,,,,,,,,,,,,,,,,,,,,,,,,,
1992-01-15 01:00:00,,,,,,,,,,0.0,,,,,,,,,,,,,,,,,,,,,,,,,,,,,,,,,,,,,,,,,,,,
1992-01-15 02:00:00,1022.2,1025.8,9.6,4.9,72.0,6.4,22.5,,,0.0,0.0,,,,,,,,,,10.0,,,,,,,,,,,,,,,,,,,,,,,,10.0,,,,,,,,,
1992-01-15 03:00:00,,,,,,,,,,0.0,,,,,,,,,,,,,,,,,,,,,,,,,,,,,,,,,,,,,,,,,,,,
1992-01-15 04:00:00,,,,,,,,,,0.0,,,,,,,,,,,,,,,,,,,,,,,,,,,,,,,,,,,,,,,,,,,,
1992-01-15 05:00:00,1022.1,1025.7,8.8,5.0,77.0,6.5,45.0,,,0.0,0.0,,,11.8,11.8,13.0,13.5,,,,10.0,,,,,,,,,,,,,,,,,,,,,14.3,,,10.0,,,,,,,,,
1992-01-15 06:00:00,,,,,,,,,,0.0,,,,,,,,,,,,,,,,,,,,,,,,,,,,,,,,,,,,,,,,,,,,
1992-01-15 07:00:00,,,,,,,,,,0.0,,,,,,,,,,,,,,,,,,,,,,,,,,,,,,,,,,,,,,,,,,,,
1992-01-15 08:00:00,1023.3,1026.9,8.7,5.0,78.0,7.1,45.0,,,0.0,0.0,0.0,,,,,,,,,10.0,,,,,,,,,,,,,,,,,,,,,,,,10.0,,,,,,,,,
1992-01-15 09:00:00,1023.2,1026.8,9.0,5.0,76.0,6.5,22.5,,,0.0,0.0,0.0,,,,,,,,,10.0,,,,,,,,,,,,,,,,,,,,,,,,10.0,,,,,,,,,
1992-01-15 10:00:00,,,,,,,,,,0.0,,,,,,,,,,,,,,,,,,,,,,,,,,,,,,,,,,,,,,,,,,,,
1992-01-15 11:00:00,1021.9,1025.5,10.3,5.7,73.0,6.0,22.5,,,0.0,0.0,0.0,,,,,,,,,10.0,,,,,,,,,,,,,,,,,,,,,,,,12.0,,,,,,,,,
1992-01-15 12:00:00,,,,,,,,,,0.0,,,,,,,,,,,,,,,,,,,,,,,,,,,,,,,,,,,,,,,,,,,,
1992-01-15 13:00:00,,,,,,,,,,0.0,,,,,,,,,,,,,,,,,,,,,,,,,,,,,,,,,,,,,,,,,,,,
1992-01-15 14:00:00,1020.0,1023.6,10.3,6.1,75.0,5.2,22.5,,,0.0,0.0,0.0,,12.7,12.5,13.0,13.5,,,,10.0,,,,,,,,,,,,,,,,,,,,,14.1,,,12.0,,,,,,,,,
1992-01-15 15:00:00,,,,,,,,,,0.0,,,,,,,,,,,,,,,,,,,,,,,,,,,,,,,,,,,,,,,,,,,,
1992-01-15 16:00:00,,,,,,,,,,0.0,,,,,,,,,,,,,,,,,,,,,,,,,,,,,,,,,,,,,,,,,,,,
1992-01-15 17:00:00,1020.5,1024.1,10.9,7.4,79.0,2.9,45.0,,,0.0,0.0,0.0,,,,,,,,,10.0,,,,,,,,,,,,,,,,,,,,,,,,12.0,,,,,,,,,
1992-01-15 18:00:00,,,,,,,,,,0.0,,,,,,,,,,,,,,,,,,,,,,,,,,,,,,,,,,,,,,,,,,,,
1992-01-15 19:00:00,,,,,,,,,,0.0,,,,,,,,,,,,,,,,,,,,,,,,,,,,,,,,,,,,,,,,,,,,
1992-01-15 20:00:00,1021.2,1024.8,11.2,7.1,76.0,4.0,67.5,,,0.0,0.0,,,,,,,,,,10.0,,,,,,,,,,,,,,,,,,,,,,,,12.0,,,,,,,,,
1992-01-15 21:00:00,1021.2,1024.8,11.4,7.0,74.0,4.2,67.5,,,0.0,0.0,,,12.5,12.5,13.1,13.6,,,,10.0,,,,,,,,,,,,,,,,,,,,,14.1,,,12.0,,,,,,,,,
1992-01-15 22:00:00,,,,,,,,,,0.0,,,,,,,,,,,,,,,,,,,,,,,,,,,,,,,,,,,,,,,,,,,,
1992-01-15 23:00:00,1021.3,1024.9,11.6,7.1,74.0,3.5,67.5,,,0.0,0.0,,,,,,,,,,10.0,,,,,,,,,,,,,,,,,,,,,,,,12.0,,,,,,,,,
1992-01-16 00:00:00,,,,,,,,,,0.0,,,,,,,,,,,,,,,,,,,,,,,,,,,,,,,,,,,,,,,,,,,,
1992-01-16 01:00:00,,,,,,,,,,0.0,,,,,,,,,,,,,,,,,,,,,,,,,,,,,,,,,,,,,,,,,,,,
1992-01-16 02:00:00,1020.3,1023.9,10.7,6.9,77.0,2.1,45.0,,,0.0,0.0,,,,,,,,,,10.0,,,,,,,,,,,,,,,,,,,,,,,,12.0,,,,,,,,,
1992-01-16 03:00:00,,,,,,,,,,0.0,,,,,,,,,,,,,,,,,,,,,,,,,,,,,,,,,,,,,,,,,,,,
1992-01-16 04:00:00,,,,,,,,,,0.0,,,,,,,,,,,,,,,,,,,,,,,,,,,,,,,,,,,,,,,,,,,,
1992-01-16 05:00:00,1020.1,1023.7,11.1,6.9,75.0,1.6,45.0,,,0.0,0.0,,,12.3,12.2,13.0,13.5,,,,10.0,,,,,,,,,,,,,,,,,,,,,14.0,,,12.0,,,,,,,,,
1992-01-16 06:00:00,,,,,,,,,,0.0,,,,,,,,,,,,,,,,,,,,,,,,,,,,,,,,,,,,,,,,,,,,
1992-01-16 07:00:00,,,,,,,,,,0.0,,,,,,,,,,,,,,,,,,,,,,,,,,,,,,,,,,,,,,,,,,,,
1992-01-16 08:00:00,1021.1,1024.6,11.9,6.7,70.0,4.0,45.0,,,0.0,0.0,0.0,,,,,,,,,7.0,,,,,,,,,,,,,,,,,,,,,,,,12.0,,,,,,,,,
1992-01-16 09:00:00,1022.3,1025.8,13.3,6.8,65.0,5.9,45.0,,,0.0,0.0,0.8,,,,,,,,,8.0,,,,,,,,,,,,,,,,,,,,,,,,12.0,,,,,,,,,
1992-01-16 10:00:00,,,,,,,,,,0.0,,,,,,,,,,,,,,,,,,,,,,,,,,,,,,,,,,,,,,,,,,,,
1992-01-16 11:00:00,1020.9,1024.4,15.3,7.2,58.0,6.6,45.0,,,0.0,0.0,0.9,,,,,,,,,5.0,,,,,,,,,,,,,,,,,,,,,,,,12.0,,,,,,,,,
1992-01-16 12:00:00,,,,,,,,,,0.0,,,,,,,,,,,,,,,,,,,,,,,,,,,,,,,,,,,,,,,,,,,,
1992-01-16 13:00:00,,,,,,,,,,0.0,,,,,,,,,,,,,,,,,,,,,,,,,,,,,,,,,,,,,,,,,,,,
1992-01-16 14:00:00,1019.0,1022.5,14.9,6.9,59.0,6.1,22.5,,,0.0,0.0,0.0,,15.1,14.3,14.3,14.0,,,,8.0,,,,,,,,,,,,,,,,,,,,,14.0,,,12.0,,,,,,,,,
1992-01-16 15:00:00,,,,,,,,,,0.0,,,,,,,,,,,,,,,,,,,,,,,,,,,,,,,,,,,,,,,,,,,,
1992-01-16 16:00:00,,,,,,,,,,0.0,,,,,,,,,,,,,,,,,,,,,,,,,,,,,,,,,,,,,,,,,,,,
1992-01-16 17:00:00,1019.7,1023.2,13.2,7.0,66.0,4.6,22.5,,,0.0,0.0,0.0,,,,,,,,,10.0,,,,,,,,,,,,,,,,,,,,,,,,12.0,,,,,,,,,
1992-01-16 18:00:00,,,,,,,,,,0.0,,,,,,,,,,,,,,,,,,,,,,,,,,,,,,,,,,,,,,,,,,,,
1992-01-16 19:00:00,,,,,,,,,,0.0,,,,,,,,,,,,,,,,,,,,,,,,,,,,,,,,,,,,,,,,,,,,
1992-01-16 20:00:00,1019.8,1023.3,12.0,6.1,67.0,4.6,45.0,,,0.0,0.0,,,,,,,,,,5.0,,,,,,,,,,,,,,,,,,,,,,,,12.0,,,,,,,,,
1992-01-16 21:00:00,1019.9,1023.4,11.3,5.9,69.0,3.6,45.0,,,0.0,0.0,,,12.8,13.0,14.0,14.2,,,,3.0,,,,,,,,,,,,,,,,,,,,,14.3,,,12.0,,,,,,,,,
1992-01-16 22:00:00,,,,,,,,,,0.0,,,,,,,,,,,,,,,,,,,,,,,,,,,,,,,,,,,,,,,,,,,,
1992-01-16 23:00:00,1019.9,1023.4,11.3,6.1,70.0,4.8,45.0,,,0.0,0.0,,,,,,,,,,2.0,,,,,,,,,,,,,,,,,,,,,,,,12.0,,,,,,,,,
1992-01-17 00:00:00,,,,,,,,,,0.0,,,,,,,,,,,,,,,,,,,,,,,,,,,,,,,,,,,,,,,,,,,,
1992-01-17 01:00:00,,,,,,,,,,0.0,,,,,,,,,,,,,,,,,,,,,,,,,,,,,,,,,,,,,,,,,,,,
1992-01-17 02:00:00,1019.1,1022.6,11.1,6.2,72.0,3.6,45.0,,,0.0,0.0,,,,,,,,,,1.0,,,,,,,,,,,,,,,,,,,,,,,,12.0,,,,,,,,,
1992-01-17 03:00:00,,,,,,,,,,0.0,,,,,,,,,,,,,,,,,,,,,,,,,,,,,,,,,,,,,,,,,,,,
1992-01-17 04:00:00,,,,,,,,,,0.0,,,,,,,,,,,,,,,,,,,,,,,,,,,,,,,,,,,,,,,,,,,,
1992-01-17 05:00:00,1018.6,1022.2,10.7,5.6,71.0,4.7,45.0,,,0.0,0.0,,,12.0,12.2,13.0,13.5,,,,1.0,,,,,,,,,,,,,,,,,,,,,14.0,,,12.0,,,,,,,,,
1992-01-17 06:00:00,,,,,,,,,,0.0,,,,,,,,,,,,,,,,,,,,,,,,,,,,,,,,,,,,,,,,,,,,
1992-01-17 07:00:00,,,,,,,,,,0.0,,,,,,,,,,,,,,,,,,,,,,,,,,,,,,,,,,,,,,,,,,,,
1992-01-17 08:00:00,1020.5,1024.0,12.5,6.1,65.0,5.9,45.0,,,0.0,0.0,0.7,,,,,,,,,2.0,,,,,,,,,,,,,,,,,,,,,,,,12.0,,,,,,,,,
1992-01-17 09:00:00,1021.1,1024.6,14.3,6.6,60.0,7.0,45.0,,,0.0,0.0,0.9,,,,,,,,,2.0,,,,,,,,,,,,,,,,,,,,,,,,15.0,,,,,,,,,
1992-01-17 10:00:00,,,,,,,,,,0.0,,,,,,,,,,,,,,,,,,,,,,,,,,,,,,,,,,,,,,,,,,,,
1992-01-17 11:00:00,1020.7,1024.2,16.2,7.2,55.0,8.7,67.5,,,0.0,0.0,1.0,,,,,,,,,3.0,,,,,,,,,,,,,,,,,,,,,,,,15.0,,,,,,,,,
1992-01-17 12:00:00,,,,,,,,,,0.0,,,,,,,,,,,,,,,,,,,,,,,,,,,,,,,,,,,,,,,,,,,,
1992-01-17 13:00:00,,,,,,,,,,0.0,,,,,,,,,,,,,,,,,,,,,,,,,,,,,,,,,,,,,,,,,,,,
1992-01-17 14:00:00,1019.2,1022.7,16.0,7.3,56.0,7.3,45.0,,,0.0,0.0,1.0,,14.8,14.1,14.0,13.8,,,,4.0,,,,,,,,,,,,,,,,,,,,,14.0,,,15.0,,,,,,,,,
1992-01-17 15:00:00,,,,,,,,,,0.0,,,,,,,,,,,,,,,,,,,,,,,,,,,,,,,,,,,,,,,,,,,,
1992-01-17 16:00:00,,,,,,,,,,0.0,,,,,,,,,,,,,,,,,,,,,,,,,,,,,,,,,,,,,,,,,,,,
1992-01-17 17:00:00,1020.9,1024.4,12.8,6.7,66.0,6.5,22.5,,,0.0,0.0,0.5,,,,,,,,,2.0,,,,,,,,,,,,,,,,,,,,,,,,15.0,,,,,,,,,
1992-01-17 18:00:00,,,,,,,,,,0.0,,,,,,,,,,,,,,,,,,,,,,,,,,,,,,,,,,,,,,,,,,,,
1992-01-17 19:00:00,,,,,,,,,,0.0,,,,,,,,,,,,,,,,,,,,,,,,,,,,,,,,,,,,,,,,,,,,
1992-01-17 20:00:00,1023.0,1026.6,11.2,5.6,68.0,5.9,45.0,,,0.0,0.0,,,,,,,,,,2.0,,,,,,,,,,,,,,,,,,,,,,,,10.0,,,,,,,,,
1992-01-17 21:00:00,1023.4,1027.0,11.2,5.1,66.0,6.6,45.0,,,0.0,0.0,,,12.4,12.6,13.7,14.2,,,,6.0,,,,,,,,,,,,,,,,,,,,,14.3,,,10.0,,,,,,,,,
1992-01-17 22:00:00,,,,,,,,,,0.0,,,,,,,,,,,,,,,,,,,,,,,,,,,,,,,,,,,,,,,,,,,,
1992-01-17 23:00:00,1023.5,1027.1,10.6,4.6,66.0,5.7,45.0,,,0.0,0.0,,,,,,,,,,4.0,,,,,,,,,,,,,,,,,,,,,,,,10.0,,,,,,,,,
1992-01-18 00:00:00,,,,,,,,,,0.0,,,,,,,,,,,,,,,,,,,,,,,,,,,,,,,,,,,,,,,,,,,,
1992-01-18 01:00:00,,,,,,,,,,0.0,,,,,,,,,,,,,,,,,,,,,,,,,,,,,,,,,,,,,,,,,,,,
1992-01-18 02:00:00,1023.1,1026.7,10.3,4.5,67.0,6.6,45.0,,,0.0,0.0,,,,,,,,,,8.0,,,,,,,,,,,,,,,,,,,,,,,,10.0,,,,,,,,,
1992-01-18 03:00:00,,,,,,,,,,0.0,,,,,,,,,,,,,,,,,,,,,,,,,,,,,,,,,,,,,,,,,,,,
1992-01-18 04:00:00,,,,,,,,,,0.0,,,,,,,,,,,,,,,,,,,,,,,,,,,,,,,,,,,,,,,,,,,,
1992-01-18 05:00:00,1023.2,1026.8,10.2,3.8,64.0,6.7,45.0,,,0.0,0.0,,,11.4,11.5,12.7,13.3,,,,6.0,,,,,,,,,,,,,,,,,,,,,13.9,,,10.0,,,,,,,,,
1992-01-18 06:00:00,,,,,,,,,,0.0,,,,,,,,,,,,,,,,,,,,,,,,,,,,,,,,,,,,,,,,,,,,
1992-01-18 07:00:00,,,,,,,,,,0.0,,,,,,,,,,,,,,,,,,,,,,,,,,,,,,,,,,,,,,,,,,,,
1992-01-18 08:00:00,1024.7,1028.3,11.3,4.3,62.0,6.3,45.0,,,0.0,0.0,0.0,,,,,,,,,8.0,,,,,,,,,,,,,,,,,,,,,,,,15.0,,,,,,,,,
1992-01-18 09:00:00,1025.3,1028.9,12.1,4.9,61.0,8.3,45.0,,,0.0,0.0,0.0,,,,,,,,,8.0,,,,,,,,,,,,,,,,,,,,,,,,12.0,,,,,,,,,
1992-01-18 10:00:00,,,,,,,,,,0.0,,,,,,,,,,,,,,,,,,,,,,,,,,,,,,,,,,,,,,,,,,,,
1992-01-18 11:00:00,1024.9,1028.4,13.2,5.1,58.0,8.6,45.0,,,0.0,0.0,0.0,,,,,,,,,8.0,,,,,,,,,,,,,,,,,,,,,,,,15.0,,,,,,,,,
1992-01-18 12:00:00,,,,,,,,,,0.0,,,,,,,,,,,,,,,,,,,,,,,,,,,,,,,,,,,,,,,,,,,,
1992-01-18 13:00:00,,,,,,,,,,0.0,,,,,,,,,,,,,,,,,,,,,,,,,,,,,,,,,,,,,,,,,,,,
1992-01-18 14:00:00,1022.3,1025.8,14.1,6.1,59.0,6.3,67.5,,,0.0,0.0,0.0,,13.6,12.9,13.2,13.4,,,,10.0,,,,,,,,,,,,,,,,,,,,,13.6,,,12.0,,,,,,,,,
1992-01-18 15:00:00,,,,,,,,,,0.0,,,,,,,,,,,,,,,,,,,,,,,,,,,,,,,,,,,,,,,,,,,,
1992-01-18 16:00:00,,,,,,,,,,0.0,,,,,,,,,,,,,,,,,,,,,,,,,,,,,,,,,,,,,,,,,,,,
1992-01-18 17:00:00,1021.8,1025.3,12.5,5.3,61.0,7.9,67.5,,,0.0,0.0,0.0,,,,,,,,,10.0,,,,,,,,,,,,,,,,,,,,,,,,12.0,,,,,,,,,
1992-01-18 18:00:00,,,,,,,,,,0.0,,,,,,,,,,,,,,,,,,,,,,,,,,,,,,,,,,,,,,,,,,,,
1992-01-18 19:00:00,,,,,,,,,,0.0,,,,,,,,,,,,,,,,,,,,,,,,,,,,,,,,,,,,,,,,,,,,
1992-01-18 20:00:00,1023.0,1026.6,11.7,5.5,66.0,6.7,45.0,,,0.0,0.0,,,,,,,,,,10.0,,,,,,,,,,,,,,,,,,,,,,,,10.0,,,,,,,,,
1992-01-18 21:00:00,1022.9,1026.5,11.9,6.1,68.0,5.9,45.0,,,0.0,0.0,,,12.2,12.3,13.3,13.6,,,,10.0,,,,,,,,,,,,,,,,,,,,,13.8,,,12.0,,,,,,,,,
1992-01-18 22:00:00,,,,,,,,,,0.0,,,,,,,,,,,,,,,,,,,,,,,,,,,,,,,,,,,,,,,,,,,,
1992-01-18 23:00:00,1021.6,1025.1,12.1,7.1,71.0,6.1,45.0,,,0.0,0.0,,,,,,,,,,10.0,,,,,,,,,,,,,,,,,,,,,,,,12.0,,,,,,,,,
1992-01-19 00:00:00,,,,,,,,,,0.0,,,,,,,,,,,,,,,,,,,,,,,,,,,,,,,,,,,,,,,,,,,,
1992-01-19 01:00:00,,,,,,,,,,0.0,,,,,,,,,,,,,,,,,,,,,,,,,,,,,,,,,,,,,,,,,,,,
1992-01-19 02:00:00,1020.6,1024.1,13.4,7.4,67.0,8.1,45.0,,,0.0,0.0,,,,,,,,,,10.0,,,,,,,,,,,,,,,,,,,,,,,,12.0,,,,,,,,,
1992-01-19 03:00:00,,,,,,,,,,0.0,,,,,,,,,,,,,,,,,,,,,,,,,,,,,,,,,,,,,,,,,,,,
1992-01-19 04:00:00,,,,,,,,,,0.0,,,,,,,,,,,,,,,,,,,,,,,,,,,,,,,,,,,,,,,,,,,,
1992-01-19 05:00:00,1020.3,1023.8,13.3,8.6,73.0,5.7,45.0,,,0.0,0.0,,,12.4,12.2,13.0,13.4,,,,10.0,,,,,,,,,,,,,,,,,,,,,13.8,,,15.0,,,,,,,,,
1992-01-19 06:00:00,,,,,,,,,,0.0,,,,,,,,,,,,,,,,,,,,,,,,,,,,,,,,,,,,,,,,,,,,
1992-01-19 07:00:00,,,,,,,,,,0.0,,,,,,,,,,,,,,,,,,,,,,,,,,,,,,,,,,,,,,,,,,,,
1992-01-19 08:00:00,1022.1,1025.6,13.3,10.2,81.0,3.7,90.0,,,0.2,0.2,0.0,,,,,,,,,10.0,,,,,,,,,,,,,,,,,,,,,,,,12.0,,,,,,,,,
1992-01-19 09:00:00,1022.9,1026.4,13.0,11.4,90.0,3.6,67.5,,,0.9,1.0,0.0,,,,,,,,,10.0,,,,,,,,,,,,,,,,,,,,,,,,12.0,,,,,,,,,
1992-01-19 10:00:00,,,,,,,,,,0.1,,,,,,,,,,,,,,,,,,,,,,,,,,,,,,,,,,,,,,,,,,,,
1992-01-19 11:00:00,1021.5,1025.0,14.6,12.1,85.0,2.0,45.0,,,-9.8,0.1,0.0,,,,,,,,,10.0,,,,,,,,,,,,,,,,,,,,,,,,12.0,,,,,,,,,
1992-01-19 12:00:00,,,,,,,,,,0.1,,,,,,,,,,,,,,,,,,,,,,,,,,,,,,,,,,,,,,,,,,,,
1992-01-19 13:00:00,,,,,,,,,,0.3,,,,,,,,,,,,,,,,,,,,,,,,,,,,,,,,,,,,,,,,,,,,
1992-01-19 14:00:00,1020.4,1023.9,15.5,12.7,83.0,5.7,45.0,,,0.0,0.0,0.0,,14.7,13.8,14.0,13.8,,,,10.0,,,,,,,,,,,,,,,,,,,,,13.9,,,12.0,,,,,,,,,
1992-01-19 15:00:00,,,,,,,,,,0.0,,,,,,,,,,,,,,,,,,,,,,,,,,,,,,,,,,,,,,,,,,,,
1992-01-19 16:00:00,,,,,,,,,,0.0,,,,,,,,,,,,,,,,,,,,,,,,,,,,,,,,,,,,,,,,,,,,
1992-01-19 17:00:00,1019.6,1023.1,14.7,12.3,86.0,4.5,22.5,,,0.0,0.0,0.0,,,,,,,,,10.0,,,,,,,,,,,,,,,,,,,,,,,,12.0,,,,,,,,,
1992-01-19 18:00:00,,,,,,,,,,-9.8,,,,,,,,,,,,,,,,,,,,,,,,,,,,,,,,,,,,,,,,,,,,
1992-01-19 19:00:00,,,,,,,,,,0.7,,,,,,,,,,,,,,,,,,,,,,,,,,,,,,,,,,,,,,,,,,,,
1992-01-19 20:00:00,1022.9,1026.4,13.6,12.8,95.0,2.4,45.0,,,0.8,1.0,,,,,,,,,,10.0,,,,,,,,,,,,,,,,,,,,,,,,12.0,,,,,,,,,
1992-01-19 21:00:00,1022.8,1026.3,13.4,12.7,96.0,1.5,67.5,,,0.9,1.0,,,14.1,13.8,14.3,14.4,,,,10.0,,,,,,,,,,,,,,,,,,,,,14.3,,,12.0,,,,,,,,,
1992-01-19 22:00:00,,,,,,,,,,1.0,,,,,,,,,,,,,,,,,,,,,,,,,,,,,,,,,,,,,,,,,,,,
1992-01-19 23:00:00,1021.1,1024.6,13.3,12.9,97.0,0.7,45.0,,,1.8,1.0,,,,,,,,,,10.0,,,,,,,,,,,,,,,,,,,,,,,,12.0,,,,,,,,,
1992-01-20 00:00:00,,,,,,,,,,0.3,,,,,,,,,,,,,,,,,,,,,,,,,,,,,,,,,,,,,,,,,,,,
1992-01-20 01:00:00,,,,,,,,,,-9.8,,,,,,,,,,,,,,,,,,,,,,,,,,,,,,,,,,,,,,,,,,,,
1992-01-20 02:00:00,1021.3,1024.8,13.4,12.6,95.0,2.6,22.5,,,0.0,0.0,,,,,,,,,,10.0,,,,,,,,,,,,,,,,,,,,,,,,12.0,,,,,,,,,
1992-01-20 03:00:00,,,,,,,,,,0.0,,,,,,,,,,,,,,,,,,,,,,,,,,,,,,,,,,,,,,,,,,,,
1992-01-20 04:00:00,,,,,,,,,,0.0,,,,,,,,,,,,,,,,,,,,,,,,,,,,,,,,,,,,,,,,,,,,
1992-01-20 05:00:00,1020.7,1024.2,14.0,13.4,96.0,2.8,22.5,,,-9.8,0.3,,,14.1,13.7,14.3,14.3,,,,10.0,,,,,,,,,,,,,,,,,,,,,14.4,,,12.0,,,,,,,,,
1992-01-20 06:00:00,,,,,,,,,,0.2,,,,,,,,,,,,,,,,,,,,,,,,,,,,,,,,,,,,,,,,,,,,
1992-01-20 07:00:00,,,,,,,,,,0.6,,,,,,,,,,,,,,,,,,,,,,,,,,,,,,,,,,,,,,,,,,,,
1992-01-20 08:00:00,1022.9,1026.4,13.7,13.0,96.0,1.9,67.5,,,0.2,1.0,0.0,,,,,,,,,10.0,,,,,,,,,,,,,,,,,,,,,,,,12.0,,,,,,,,,
1992-01-20 09:00:00,1023.4,1026.9,13.1,12.5,96.0,3.9,22.5,,,0.2,1.0,0.0,,,,,,,,,10.0,,,,,,,,,,,,,,,,,,,,,,,,6.0,,,,,,,,,
1992-01-20 10:00:00,,,,,,,,,,-9.8,,,,,,,,,,,,,,,,,,,,,,,,,,,,,,,,,,,,,,,,,,,,
1992-01-20 11:00:00,1023.0,1026.5,12.8,12.2,96.0,4.4,22.5,,,-9.8,1.0,0.0,,,,,,,,,10.0,,,,,,,,,,,,,,,,,,,,,,,,5.0,,,,,,,,,
1992-01-20 12:00:00,,,,,,,,,,-9.8,,,,,,,,,,,,,,,,,,,,,,,,,,,,,,,,,,,,,,,,,,,,
1992-01-20 13:00:00,,,,,,,,,,-9.8,,,,,,,,,,,,,,,,,,,,,,,,,,,,,,,,,,,,,,,,,,,,
1992-01-20 14:00:00,1020.9,1024.4,13.4,12.6,95.0,4.3,22.5,,,-9.8,1.0,0.0,,14.3,14.3,14.5,14.5,,,,10.0,,,,,,,,,,,,,,,,,,,,,14.3,,,5.0,,,,,,,,,
1992-01-20 15:00:00,,,,,,,,,,-9.8,,,,,,,,,,,,,,,,,,,,,,,,,,,,,,,,,,,,,,,,,,,,
1992-01-20 16:00:00,,,,,,,,,,-9.8,,,,,,,,,,,,,,,,,,,,,,,,,,,,,,,,,,,,,,,,,,,,
1992-01-20 17:00:00,1021.6,1025.1,13.4,12.4,94.0,4.1,22.5,,,-9.8,1.0,0.0,,,,,,,,,10.0,,,,,,,,,,,,,,,,,,,,,,,,3.0,,,,,,,,,
1992-01-20 18:00:00,,,,,,,,,,0.2,,,,,,,,,,,,,,,,,,,,,,,,,,,,,,,,,,,,,,,,,,,,
1992-01-20 19:00:00,,,,,,,,,,0.1,,,,,,,,,,,,,,,,,,,,,,,,,,,,,,,,,,,,,,,,,,,,
1992-01-20 20:00:00,1022.5,1026.0,13.5,12.1,91.0,4.7,22.5,,,-9.8,1.0,,,,,,,,,,10.0,,,,,,,,,,,,,,,,,,,,,,,,3.0,,,,,,,,,
1992-01-20 21:00:00,1022.3,1025.8,13.5,12.0,91.0,5.2,45.0,,,-9.8,1.0,,,14.0,14.0,14.4,14.6,,,,10.0,,,,,,,,,,,,,,,,,,,,,14.8,,,4.0,,,,,,,,,
1992-01-20 22:00:00,,,,,,,,,,-9.8,,,,,,,,,,,,,,,,,,,,,,,,,,,,,,,,,,,,,,,,,,,,
1992-01-20 23:00:00,1022.2,1025.7,13.5,11.7,89.0,5.6,22.5,,,-9.8,1.0,,,,,,,,,,10.0,,,,,,,,,,,,,,,,,,,,,,,,4.0,,,,,,,,,
1992-01-21 00:00:00,,,,,,,,,,-9.8,,,,,,,,,,,,,,,,,,,,,,,,,,,,,,,,,,,,,,,,,,,,
1992-01-21 01:00:00,,,,,,,,,,0.0,,,,,,,,,,,,,,,,,,,,,,,,,,,,,,,,,,,,,,,,,,,,
1992-01-21 02:00:00,1021.5,1025.0,13.1,10.4,84.0,5.6,22.5,,,0.0,0.0,,,,,,,,,,10.0,,,,,,,,,,,,,,,,,,,,,,,,5.0,,,,,,,,,
1992-01-21 03:00:00,,,,,,,,,,0.0,,,,,,,,,,,,,,,,,,,,,,,,,,,,,,,,,,,,,,,,,,,,
1992-01-21 04:00:00,,,,,,,,,,0.0,,,,,,,,,,,,,,,,,,,,,,,,,,,,,,,,,,,,,,,,,,,,
1992-01-21 05:00:00,1021.0,1024.5,12.8,10.2,84.0,6.5,22.5,,,0.0,0.0,,,13.6,13.7,14.2,14.3,,,,7.0,,,,,,,,,,,,,,,,,,,,,14.5,,,8.0,,,,,,,,,
1992-01-21 06:00:00,,,,,,,,,,0.0,,,,,,,,,,,,,,,,,,,,,,,,,,,,,,,,,,,,,,,,,,,,
1992-01-21 07:00:00,,,,,,,,,,0.0,,,,,,,,,,,,,,,,,,,,,,,,,,,,,,,,,,,,,,,,,,,,
1992-01-21 08:00:00,1021.8,1025.3,12.9,10.2,84.0,6.9,45.0,,,0.0,0.0,0.0,,,,,,,,,9.0,,,,,,,,,,,,,,,,,,,,,,,,8.0,,,,,,,,,
1992-01-21 09:00:00,1022.1,1025.6,13.8,10.7,82.0,6.6,45.0,,,0.0,0.0,0.1,,,,,,,,,7.0,,,,,,,,,,,,,,,,,,,,,,,,10.0,,,,,,,,,
1992-01-21 10:00:00,,,,,,,,,,0.0,,,,,,,,,,,,,,,,,,,,,,,,,,,,,,,,,,,,,,,,,,,,
1992-01-21 11:00:00,1021.5,1025.0,15.9,10.8,72.0,7.6,22.5,,,0.0,0.0,0.4,,,,,,,,,6.0,,,,,,,,,,,,,,,,,,,,,,,,12.0,,,,,,,,,
1992-01-21 12:00:00,,,,,,,,,,0.0,,,,,,,,,,,,,,,,,,,,,,,,,,,,,,,,,,,,,,,,,,,,
1992-01-21 13:00:00,,,,,,,,,,0.0,,,,,,,,,,,,,,,,,,,,,,,,,,,,,,,,,,,,,,,,,,,,
1992-01-21 14:00:00,1019.8,1023.3,17.2,10.5,65.0,7.0,22.5,,,0.0,0.0,1.0,,16.1,15.1,15.0,14.7,,,,2.0,,,,,,,,,,,,,,,,,,,,,14.5,,,15.0,,,,,,,,,
1992-01-21 15:00:00,,,,,,,,,,0.0,,,,,,,,,,,,,,,,,,,,,,,,,,,,,,,,,,,,,,,,,,,,
1992-01-21 16:00:00,,,,,,,,,,0.0,,,,,,,,,,,,,,,,,,,,,,,,,,,,,,,,,,,,,,,,,,,,
1992-01-21 17:00:00,1020.5,1024.0,14.2,10.7,79.0,7.2,22.5,,,0.0,0.0,0.6,,,,,,,,,2.0,,,,,,,,,,,,,,,,,,,,,,,,12.0,,,,,,,,,
1992-01-21 18:00:00,,,,,,,,,,0.0,,,,,,,,,,,,,,,,,,,,,,,,,,,,,,,,,,,,,,,,,,,,
1992-01-21 19:00:00,,,,,,,,,,0.0,,,,,,,,,,,,,,,,,,,,,,,,,,,,,,,,,,,,,,,,,,,,
1992-01-21 20:00:00,1021.9,1025.4,12.7,10.6,87.0,3.5,45.0,,,0.0,0.0,,,,,,,,,,3.0,,,,,,,,,,,,,,,,,,,,,,,,10.0,,,,,,,,,
1992-01-21 21:00:00,1021.8,1025.3,13.3,9.7,79.0,3.4,45.0,,,0.0,0.0,,,14.1,14.1,14.8,14.8,,,,6.0,,,,,,,,,,,,,,,,,,,,,14.8,,,10.0,,,,,,,,,
1992-01-21 22:00:00,,,,,,,,,,0.0,,,,,,,,,,,,,,,,,,,,,,,,,,,,,,,,,,,,,,,,,,,,
1992-01-21 23:00:00,1021.6,1025.1,13.5,9.5,77.0,4.8,45.0,,,0.0,0.0,,,,,,,,,,8.0,,,,,,,,,,,,,,,,,,,,,,,,10.0,,,,,,,,,
1992-01-22 00:00:00,,,,,,,,,,0.0,,,,,,,,,,,,,,,,,,,,,,,,,,,,,,,,,,,,,,,,,,,,
1992-01-22 01:00:00,,,,,,,,,,0.0,,,,,,,,,,,,,,,,,,,,,,,,,,,,,,,,,,,,,,,,,,,,
1992-01-22 02:00:00,1021.0,1024.5,12.9,8.4,74.0,3.9,45.0,,,0.0,0.0,,,,,,,,,,8.0,,,,,,,,,,,,,,,,,,,,,,,,10.0,,,,,,,,,
1992-01-22 03:00:00,,,,,,,,,,0.0,,,,,,,,,,,,,,,,,,,,,,,,,,,,,,,,,,,,,,,,,,,,
1992-01-22 04:00:00,,,,,,,,,,0.0,,,,,,,,,,,,,,,,,,,,,,,,,,,,,,,,,,,,,,,,,,,,
1992-01-22 05:00:00,1020.9,1024.4,13.2,8.0,71.0,4.5,45.0,,,0.0,0.0,,,13.5,13.4,14.2,14.3,,,,9.0,,,,,,,,,,,,,,,,,,,,,14.8,,,10.0,,,,,,,,,
1992-01-22 06:00:00,,,,,,,,,,0.0,,,,,,,,,,,,,,,,,,,,,,,,,,,,,,,,,,,,,,,,,,,,
1992-01-22 07:00:00,,,,,,,,,,0.0,,,,,,,,,,,,,,,,,,,,,,,,,,,,,,,,,,,,,,,,,,,,
1992-01-22 08:00:00,1021.9,1025.4,13.5,8.2,70.0,4.7,45.0,,,0.0,0.0,0.0,,,,,,,,,8.0,,,,,,,,,,,,,,,,,,,,,,,,12.0,,,,,,,,,
1992-01-22 09:00:00,1022.3,1025.8,14.5,8.4,67.0,5.8,45.0,,,0.0,0.0,0.3,,,,,,,,,7.0,,,,,,,,,,,,,,,,,,,,,,,,15.0,,,,,,,,,
1992-01-22 10:00:00,,,,,,,,,,0.0,,,,,,,,,,,,,,,,,,,,,,,,,,,,,,,,,,,,,,,,,,,,
1992-01-22 11:00:00,1022.1,1025.6,16.4,7.9,57.0,6.5,67.5,,,0.0,0.0,1.0,,,,,,,,,0.0,,,,,,,,,,,,,,,,,,,,,,,,12.0,,,,,,,,,
1992-01-22 12:00:00,,,,,,,,,,0.0,,,,,,,,,,,,,,,,,,,,,,,,,,,,,,,,,,,,,,,,,,,,
1992-01-22 13:00:00,,,,,,,,,,0.0,,,,,,,,,,,,,,,,,,,,,,,,,,,,,,,,,,,,,,,,,,,,
1992-01-22 14:00:00,1019.6,1023.1,17.0,8.2,56.0,7.4,67.5,,,0.0,0.0,1.0,,15.8,15.3,15.0,14.8,,,,0.0,,,,,,,,,,,,,,,,,,,,,14.7,,,15.0,,,,,,,,,
1992-01-22 15:00:00,,,,,,,,,,0.0,,,,,,,,,,,,,,,,,,,,,,,,,,,,,,,,,,,,,,,,,,,,
1992-01-22 16:00:00,,,,,,,,,,0.0,,,,,,,,,,,,,,,,,,,,,,,,,,,,,,,,,,,,,,,,,,,,
1992-01-22 17:00:00,1019.6,1023.1,14.8,7.6,62.0,5.4,67.5,,,0.0,0.0,0.8,,,,,,,,,1.0,,,,,,,,,,,,,,,,,,,,,,,,12.0,,,,,,,,,
1992-01-22 18:00:00,,,,,,,,,,0.0,,,,,,,,,,,,,,,,,,,,,,,,,,,,,,,,,,,,,,,,,,,,
1992-01-22 19:00:00,,,,,,,,,,0.0,,,,,,,,,,,,,,,,,,,,,,,,,,,,,,,,,,,,,,,,,,,,
1992-01-22 20:00:00,1020.3,1023.8,12.7,8.0,73.0,3.0,45.0,,,0.0,0.0,,,,,,,,,,0.0,,,,,,,,,,,,,,,,,,,,,,,,10.0,,,,,,,,,
1992-01-22 21:00:00,1020.3,1023.8,12.3,8.2,76.0,2.4,22.5,,,0.0,0.0,,,13.6,13.8,14.8,15.0,,,,0.0,,,,,,,,,,,,,,,,,,,,,15.0,,,10.0,,,,,,,,,
1992-01-22 22:00:00,,,,,,,,,,0.0,,,,,,,,,,,,,,,,,,,,,,,,,,,,,,,,,,,,,,,,,,,,
1992-01-22 23:00:00,1019.4,1022.9,12.4,8.8,79.0,2.1,22.5,,,0.0,0.0,,,,,,,,,,6.0,,,,,,,,,,,,,,,,,,,,,,,,10.0,,,,,,,,,
1992-01-23 00:00:00,,,,,,,,,,0.0,,,,,,,,,,,,,,,,,,,,,,,,,,,,,,,,,,,,,,,,,,,,
1992-01-23 01:00:00,,,,,,,,,,0.0,,,,,,,,,,,,,,,,,,,,,,,,,,,,,,,,,,,,,,,,,,,,
1992-01-23 02:00:00,1018.1,1021.6,11.8,9.4,85.0,0.0,0.0,,,0.0,0.0,,,,,,,,,,9.0,,,,,,,,,,,,,,,,,,,,,,,,10.0,,,,,,,,,
1992-01-23 03:00:00,,,,,,,,,,0.0,,,,,,,,,,,,,,,,,,,,,,,,,,,,,,,,,,,,,,,,,,,,
1992-01-23 04:00:00,,,,,,,,,,0.0,,,,,,,,,,,,,,,,,,,,,,,,,,,,,,,,,,,,,,,,,,,,
1992-01-23 05:00:00,1018.1,1021.7,10.6,9.4,92.0,0.6,180.0,,,0.0,0.0,,,12.8,12.9,13.9,14.3,,,,5.0,,,,,,,,,,,,,,,,,,,,,14.5,,,10.0,,,,,,,,,
1992-01-23 06:00:00,,,,,,,,,,0.0,,,,,,,,,,,,,,,,,,,,,,,,,,,,,,,,,,,,,,,,,,,,
1992-01-23 07:00:00,,,,,,,,,,0.0,,,,,,,,,,,,,,,,,,,,,,,,,,,,,,,,,,,,,,,,,,,,
1992-01-23 08:00:00,1019.1,1022.6,11.6,10.7,94.0,0.4,67.5,,,0.0,0.0,0.1,,,,,,,,,10.0,,,,,,,,,,,,,,,,,,,,,,,,10.0,,,,,,,,,
1992-01-23 09:00:00,1019.3,1022.8,13.9,11.5,85.0,0.0,0.0,,,0.0,0.0,0.6,,,,,,,,,6.0,,,,,,,,,,,,,,,,,,,,,,,,12.0,,,,,,,,,
1992-01-23 10:00:00,,,,,,,,,,0.0,,,,,,,,,,,,,,,,,,,,,,,,,,,,,,,,,,,,,,,,,,,,
1992-01-23 11:00:00,1018.2,1021.7,17.8,12.0,69.0,0.1,0.0,,,0.0,0.0,0.4,,,,,,,,,8.0,,,,,,,,,,,,,,,,,,,,,,,,12.0,,,,,,,,,
1992-01-23 12:00:00,,,,,,,,,,0.0,,,,,,,,,,,,,,,,,,,,,,,,,,,,,,,,,,,,,,,,,,,,
1992-01-23 13:00:00,,,,,,,,,,0.0,,,,,,,,,,,,,,,,,,,,,,,,,,,,,,,,,,,,,,,,,,,,
1992-01-23 14:00:00,1016.3,1019.7,19.5,12.6,64.0,4.7,360.0,,,0.0,0.0,0.6,,17.5,16.3,15.6,14.9,,,,9.0,,,,,,,,,,,,,,,,,,,,,14.7,,,12.0,,,,,,,,,
1992-01-23 15:00:00,,,,,,,,,,0.0,,,,,,,,,,,,,,,,,,,,,,,,,,,,,,,,,,,,,,,,,,,,
1992-01-23 16:00:00,,,,,,,,,,0.0,,,,,,,,,,,,,,,,,,,,,,,,,,,,,,,,,,,,,,,,,,,,
1992-01-23 17:00:00,1017.3,1020.8,17.1,12.2,73.0,5.5,360.0,,,0.0,0.0,0.0,,,,,,,,,9.0,,,,,,,,,,,,,,,,,,,,,,,,12.0,,,,,,,,,
1992-01-23 18:00:00,,,,,,,,,,0.0,,,,,,,,,,,,,,,,,,,,,,,,,,,,,,,,,,,,,,,,,,,,
1992-01-23 19:00:00,,,,,,,,,,0.0,,,,,,,,,,,,,,,,,,,,,,,,,,,,,,,,,,,,,,,,,,,,
1992-01-23 20:00:00,1017.8,1021.3,15.3,12.8,85.0,2.3,22.5,,,0.0,0.0,,,,,,,,,,10.0,,,,,,,,,,,,,,,,,,,,,,,,10.0,,,,,,,,,
1992-01-23 21:00:00,1017.8,1021.3,15.1,13.0,87.0,0.0,0.0,,,0.0,0.0,,,15.5,15.3,15.8,15.7,,,,10.0,,,,,,,,,,,,,,,,,,,,,15.3,,,10.0,,,,,,,,,
1992-01-23 22:00:00,,,,,,,,,,0.0,,,,,,,,,,,,,,,,,,,,,,,,,,,,,,,,,,,,,,,,,,,,
1992-01-23 23:00:00,1017.6,1021.1,15.2,13.3,88.0,2.7,22.5,,,0.0,0.0,,,,,,,,,,10.0,,,,,,,,,,,,,,,,,,,,,,,,10.0,,,,,,,,,
1992-01-24 00:00:00,,,,,,,,,,0.0,,,,,,,,,,,,,,,,,,,,,,,,,,,,,,,,,,,,,,,,,,,,
1992-01-24 01:00:00,,,,,,,,,,0.0,,,,,,,,,,,,,,,,,,,,,,,,,,,,,,,,,,,,,,,,,,,,
1992-01-24 02:00:00,1016.7,1020.2,14.8,13.2,90.0,2.3,45.0,,,0.0,0.0,,,,,,,,,,10.0,,,,,,,,,,,,,,,,,,,,,,,,10.0,,,,,,,,,
1992-01-24 03:00:00,,,,,,,,,,0.0,,,,,,,,,,,,,,,,,,,,,,,,,,,,,,,,,,,,,,,,,,,,
1992-01-24 04:00:00,,,,,,,,,,0.0,,,,,,,,,,,,,,,,,,,,,,,,,,,,,,,,,,,,,,,,,,,,
1992-01-24 05:00:00,1016.6,1020.1,15.0,12.9,87.0,3.6,45.0,,,0.0,0.0,,,15.0,14.8,15.4,15.5,,,,10.0,,,,,,,,,,,,,,,,,,,,,15.4,,,10.0,,,,,,,,,
1992-01-24 06:00:00,,,,,,,,,,0.0,,,,,,,,,,,,,,,,,,,,,,,,,,,,,,,,,,,,,,,,,,,,
1992-01-24 07:00:00,,,,,,,,,,0.0,,,,,,,,,,,,,,,,,,,,,,,,,,,,,,,,,,,,,,,,,,,,
1992-01-24 08:00:00,1017.0,1020.5,15.6,12.7,83.0,5.5,45.0,,,0.0,0.0,0.0,,,,,,,,,10.0,,,,,,,,,,,,,,,,,,,,,,,,12.0,,,,,,,,,
1992-01-24 09:00:00,1017.0,1020.5,17.2,13.2,77.0,4.4,67.5,,,0.0,0.0,0.4,,,,,,,,,7.0,,,,,,,,,,,,,,,,,,,,,,,,12.0,,,,,,,,,
1992-01-24 10:00:00,,,,,,,,,,0.0,,,,,,,,,,,,,,,,,,,,,,,,,,,,,,,,,,,,,,,,,,,,
1992-01-24 11:00:00,1015.4,1018.8,18.8,13.1,69.0,7.5,67.5,,,0.0,0.0,0.5,,,,,,,,,9.0,,,,,,,,,,,,,,,,,,,,,,,,10.0,,,,,,,,,
1992-01-24 12:00:00,,,,,,,,,,0.0,,,,,,,,,,,,,,,,,,,,,,,,,,,,,,,,,,,,,,,,,,,,
1992-01-24 13:00:00,,,,,,,,,,0.0,,,,,,,,,,,,,,,,,,,,,,,,,,,,,,,,,,,,,,,,,,,,
1992-01-24 14:00:00,1011.1,1014.5,20.0,13.9,68.0,8.4,45.0,,,0.0,0.0,0.4,,18.8,16.7,16.5,15.9,,,,9.0,,,,,,,,,,,,,,,,,,,,,15.5,,,12.0,,,,,,,,,
1992-01-24 15:00:00,,,,,,,,,,0.2,,,,,,,,,,,,,,,,,,,,,,,,,,,,,,,,,,,,,,,,,,,,
1992-01-24 16:00:00,,,,,,,,,,0.7,,,,,,,,,,,,,,,,,,,,,,,,,,,,,,,,,,,,,,,,,,,,
1992-01-24 17:00:00,1012.1,1015.6,17.0,15.1,89.0,4.3,67.5,,,0.0,0.0,0.0,,,,,,,,,9.0,,,,,,,,,,,,,,,,,,,,,,,,10.0,,,,,,,,,
1992-01-24 18:00:00,,,,,,,,,,0.6,,,,,,,,,,,,,,,,,,,,,,,,,,,,,,,,,,,,,,,,,,,,
1992-01-24 19:00:00,,,,,,,,,,0.4,,,,,,,,,,,,,,,,,,,,,,,,,,,,,,,,,,,,,,,,,,,,
1992-01-24 20:00:00,1013.1,1016.6,16.6,15.5,93.0,0.2,0.0,,,0.5,1.0,,,,,,,,,,9.0,,,,,,,,,,,,,,,,,,,,,,,,6.0,,,,,,,,,
1992-01-24 21:00:00,1013.5,1017.0,16.6,15.8,95.0,0.7,337.5,,,0.2,0.2,,,16.2,16.3,16.6,16.3,,,,10.0,,,,,,,,,,,,,,,,,,,,,16.0,,,6.0,,,,,,,,,
1992-01-24 22:00:00,,,,,,,,,,0.3,,,,,,,,,,,,,,,,,,,,,,,,,,,,,,,,,,,,,,,,,,,,
1992-01-24 23:00:00,1013.8,1017.3,16.1,16.0,99.0,1.5,135.0,,,0.2,0.8,,,,,,,,,,10.0,,,,,,,,,,,,,,,,,,,,,,,,2.0,,,,,,,,,
1992-01-25 00:00:00,,,,,,,,,,0.0,,,,,,,,,,,,,,,,,,,,,,,,,,,,,,,,,,,,,,,,,,,,
1992-01-25 01:00:00,,,,,,,,,,0.0,,,,,,,,,,,,,,,,,,,,,,,,,,,,,,,,,,,,,,,,,,,,
1992-01-25 02:00:00,1013.2,1016.7,15.7,15.5,99.0,1.1,360.0,,,0.0,0.0,,,,,,,,,,10.0,,,,,,,,,,,,,,,,,,,,,,,,2.0,,,,,,,,,
1992-01-25 03:00:00,,,,,,,,,,-9.8,,,,,,,,,,,,,,,,,,,,,,,,,,,,,,,,,,,,,,,,,,,,
1992-01-25 04:00:00,,,,,,,,,,-9.8,,,,,,,,,,,,,,,,,,,,,,,,,,,,,,,,,,,,,,,,,,,,
1992-01-25 05:00:00,1013.4,1016.9,14.3,13.5,95.0,4.9,22.5,,,-9.8,1.0,,,15.9,16.0,16.0,16.1,,,,10.0,,,,,,,,,,,,,,,,,,,,,16.1,,,2.0,,,,,,,,,
1992-01-25 06:00:00,,,,,,,,,,0.1,,,,,,,,,,,,,,,,,,,,,,,,,,,,,,,,,,,,,,,,,,,,
1992-01-25 07:00:00,,,,,,,,,,0.1,,,,,,,,,,,,,,,,,,,,,,,,,,,,,,,,,,,,,,,,,,,,
1992-01-25 08:00:00,1015.3,1018.8,14.0,13.4,96.0,4.2,360.0,,,0.1,1.0,0.0,,,,,,,,,10.0,,,,,,,,,,,,,,,,,,,,,,,,2.0,,,,,,,,,
1992-01-25 09:00:00,1015.8,1019.3,14.1,13.4,96.0,4.1,22.5,,,-9.8,1.0,0.0,,,,,,,,,10.0,,,,,,,,,,,,,,,,,,,,,,,,4.0,,,,,,,,,
1992-01-25 10:00:00,,,,,,,,,,0.3,,,,,,,,,,,,,,,,,,,,,,,,,,,,,,,,,,,,,,,,,,,,
1992-01-25 11:00:00,1015.8,1019.3,14.3,13.7,96.0,2.5,22.5,,,0.2,1.0,0.0,,,,,,,,,10.0,,,,,,,,,,,,,,,,,,,,,,,,4.0,,,,,,,,,
1992-01-25 12:00:00,,,,,,,,,,0.3,,,,,,,,,,,,,,,,,,,,,,,,,,,,,,,,,,,,,,,,,,,,
1992-01-25 13:00:00,,,,,,,,,,0.1,,,,,,,,,,,,,,,,,,,,,,,,,,,,,,,,,,,,,,,,,,,,
1992-01-25 14:00:00,1013.6,1017.1,13.7,13.2,97.0,5.2,22.5,,,0.2,1.0,0.0,,15.6,15.6,16.0,16.0,,,,10.0,,,,,,,,,,,,,,,,,,,,,16.0,,,3.0,,,,,,,,,
1992-01-25 15:00:00,,,,,,,,,,0.2,,,,,,,,,,,,,,,,,,,,,,,,,,,,,,,,,,,,,,,,,,,,
1992-01-25 16:00:00,,,,,,,,,,-9.8,,,,,,,,,,,,,,,,,,,,,,,,,,,,,,,,,,,,,,,,,,,,
1992-01-25 17:00:00,1014.8,1018.3,13.5,12.9,96.0,4.0,45.0,,,-9.8,0.5,0.0,,,,,,,,,10.0,,,,,,,,,,,,,,,,,,,,,,,,5.0,,,,,,,,,
1992-01-25 18:00:00,,,,,,,,,,0.0,,,,,,,,,,,,,,,,,,,,,,,,,,,,,,,,,,,,,,,,,,,,
1992-01-25 19:00:00,,,,,,,,,,0.0,,,,,,,,,,,,,,,,,,,,,,,,,,,,,,,,,,,,,,,,,,,,
1992-01-25 20:00:00,1016.5,1020.0,13.8,13.0,95.0,3.4,45.0,,,0.0,0.0,,,,,,,,,,10.0,,,,,,,,,,,,,,,,,,,,,,,,8.0,,,,,,,,,
1992-01-25 21:00:00,1016.9,1020.4,14.2,12.7,91.0,1.7,67.5,,,0.0,0.0,,,15.1,15.1,15.7,15.8,,,,10.0,,,,,,,,,,,,,,,,,,,,,15.9,,,8.0,,,,,,,,,
1992-01-25 22:00:00,,,,,,,,,,0.0,,,,,,,,,,,,,,,,,,,,,,,,,,,,,,,,,,,,,,,,,,,,
1992-01-25 23:00:00,1017.2,1020.7,14.4,13.2,92.0,2.4,45.0,,,0.0,0.0,,,,,,,,,,10.0,,,,,,,,,,,,,,,,,,,,,,,,8.0,,,,,,,,,
1992-01-26 00:00:00,,,,,,,,,,0.0,,,,,,,,,,,,,,,,,,,,,,,,,,,,,,,,,,,,,,,,,,,,
1992-01-26 01:00:00,,,,,,,,,,0.0,,,,,,,,,,,,,,,,,,,,,,,,,,,,,,,,,,,,,,,,,,,,
1992-01-26 02:00:00,1016.7,1020.2,13.5,12.3,92.0,1.9,67.5,,,0.0,0.0,,,,,,,,,,10.0,,,,,,,,,,,,,,,,,,,,,,,,8.0,,,,,,,,,
1992-01-26 03:00:00,,,,,,,,,,0.0,,,,,,,,,,,,,,,,,,,,,,,,,,,,,,,,,,,,,,,,,,,,
1992-01-26 04:00:00,,,,,,,,,,0.0,,,,,,,,,,,,,,,,,,,,,,,,,,,,,,,,,,,,,,,,,,,,
1992-01-26 05:00:00,1016.7,1020.2,12.1,9.5,84.0,1.7,45.0,,,0.0,0.0,,,14.3,14.3,15.2,15.5,,,,2.0,,,,,,,,,,,,,,,,,,,,,15.8,,,10.0,,,,,,,,,
1992-01-26 06:00:00,,,,,,,,,,0.0,,,,,,,,,,,,,,,,,,,,,,,,,,,,,,,,,,,,,,,,,,,,
1992-01-26 07:00:00,,,,,,,,,,0.0,,,,,,,,,,,,,,,,,,,,,,,,,,,,,,,,,,,,,,,,,,,,
1992-01-26 08:00:00,1018.4,1021.9,13.1,10.5,84.0,1.3,90.0,,,0.0,0.0,0.5,,,,,,,,,2.0,,,,,,,,,,,,,,,,,,,,,,,,10.0,,,,,,,,,
1992-01-26 09:00:00,1018.8,1022.3,15.7,10.4,71.0,4.7,67.5,,,0.0,0.0,1.0,,,,,,,,,2.0,,,,,,,,,,,,,,,,,,,,,,,,12.0,,,,,,,,,
1992-01-26 10:00:00,,,,,,,,,,0.0,,,,,,,,,,,,,,,,,,,,,,,,,,,,,,,,,,,,,,,,,,,,
1992-01-26 11:00:00,1018.6,1022.1,17.3,10.1,63.0,5.8,45.0,,,0.0,0.0,1.0,,,,,,,,,4.0,,,,,,,,,,,,,,,,,,,,,,,,15.0,,,,,,,,,
1992-01-26 12:00:00,,,,,,,,,,0.0,,,,,,,,,,,,,,,,,,,,,,,,,,,,,,,,,,,,,,,,,,,,
1992-01-26 13:00:00,,,,,,,,,,0.0,,,,,,,,,,,,,,,,,,,,,,,,,,,,,,,,,,,,,,,,,,,,
1992-01-26 14:00:00,1016.8,1020.3,17.5,11.4,67.0,5.8,22.5,,,0.0,0.0,1.0,,17.1,16.3,16.0,15.7,,,,8.0,,,,,,,,,,,,,,,,,,,,,15.7,,,12.0,,,,,,,,,
1992-01-26 15:00:00,,,,,,,,,,0.0,,,,,,,,,,,,,,,,,,,,,,,,,,,,,,,,,,,,,,,,,,,,
1992-01-26 16:00:00,,,,,,,,,,0.0,,,,,,,,,,,,,,,,,,,,,,,,,,,,,,,,,,,,,,,,,,,,
1992-01-26 17:00:00,1017.2,1020.7,15.3,9.3,67.0,3.9,45.0,,,0.0,0.0,0.7,,,,,,,,,6.0,,,,,,,,,,,,,,,,,,,,,,,,12.0,,,,,,,,,
1992-01-26 18:00:00,,,,,,,,,,0.0,,,,,,,,,,,,,,,,,,,,,,,,,,,,,,,,,,,,,,,,,,,,
1992-01-26 19:00:00,,,,,,,,,,0.0,,,,,,,,,,,,,,,,,,,,,,,,,,,,,,,,,,,,,,,,,,,,
1992-01-26 20:00:00,1019.0,1022.5,13.6,9.1,74.0,3.6,90.0,,,0.0,0.0,,,,,,,,,,4.0,,,,,,,,,,,,,,,,,,,,,,,,12.0,,,,,,,,,
1992-01-26 21:00:00,1019.4,1022.9,13.4,9.0,75.0,3.1,67.5,,,0.0,0.0,,,14.8,14.8,15.7,15.8,,,,5.0,,,,,,,,,,,,,,,,,,,,,15.8,,,12.0,,,,,,,,,
1992-01-26 22:00:00,,,,,,,,,,0.0,,,,,,,,,,,,,,,,,,,,,,,,,,,,,,,,,,,,,,,,,,,,
1992-01-26 23:00:00,1019.6,1023.1,12.2,8.7,79.0,1.4,135.0,,,0.0,0.0,,,,,,,,,,2.0,,,,,,,,,,,,,,,,,,,,,,,,12.0,,,,,,,,,
1992-01-27 00:00:00,,,,,,,,,,0.0,,,,,,,,,,,,,,,,,,,,,,,,,,,,,,,,,,,,,,,,,,,,
1992-01-27 01:00:00,,,,,,,,,,0.0,,,,,,,,,,,,,,,,,,,,,,,,,,,,,,,,,,,,,,,,,,,,
1992-01-27 02:00:00,1018.5,1022.1,9.0,8.0,93.0,1.6,45.0,,,0.0,0.0,,,,,,,,,,1.0,,,,,,,,,,,,,,,,,,,,,,,,12.0,,,,,,,,,
1992-01-27 03:00:00,,,,,,,,,,0.0,,,,,,,,,,,,,,,,,,,,,,,,,,,,,,,,,,,,,,,,,,,,
1992-01-27 04:00:00,,,,,,,,,,0.0,,,,,,,,,,,,,,,,,,,,,,,,,,,,,,,,,,,,,,,,,,,,
1992-01-27 05:00:00,1018.3,1021.9,8.0,7.3,95.0,1.5,112.5,,,0.0,0.0,,,12.1,13.3,14.2,15.0,,,,2.0,,,,,,,,,,,,,,,,,,,,,15.3,,,12.0,,,,,,,,,
1992-01-27 06:00:00,,,,,,,,,,0.0,,,,,,,,,,,,,,,,,,,,,,,,,,,,,,,,,,,,,,,,,,,,
1992-01-27 07:00:00,,,,,,,,,,0.0,,,,,,,,,,,,,,,,,,,,,,,,,,,,,,,,,,,,,,,,,,,,
1992-01-27 08:00:00,1020.6,1024.2,9.5,8.3,92.0,1.6,112.5,,,0.0,0.0,0.6,,,,,,,,,6.0,,,,,,,,,,,,,,,,,,,,,,,,12.0,,,,,,,,,
1992-01-27 09:00:00,1020.8,1024.3,12.8,10.2,84.0,0.1,0.0,,,0.0,0.0,0.6,,,,,,,,,8.0,,,,,,,,,,,,,,,,,,,,,,,,12.0,,,,,,,,,
1992-01-27 10:00:00,,,,,,,,,,0.0,,,,,,,,,,,,,,,,,,,,,,,,,,,,,,,,,,,,,,,,,,,,
1992-01-27 11:00:00,1020.3,1023.8,18.8,10.3,58.0,3.5,22.5,,,0.0,0.0,0.7,,,,,,,,,10.0,,,,,,,,,,,,,,,,,,,,,,,,12.0,,,,,,,,,
1992-01-27 12:00:00,,,,,,,,,,0.0,,,,,,,,,,,,,,,,,,,,,,,,,,,,,,,,,,,,,,,,,,,,
1992-01-27 13:00:00,,,,,,,,,,0.0,,,,,,,,,,,,,,,,,,,,,,,,,,,,,,,,,,,,,,,,,,,,
1992-01-27 14:00:00,1017.7,1021.1,20.6,11.1,54.0,4.0,22.5,,,0.0,0.0,0.6,,17.1,16.0,15.7,15.2,,,,8.0,,,,,,,,,,,,,,,,,,,,,15.2,,,15.0,,,,,,,,,
1992-01-27 15:00:00,,,,,,,,,,0.0,,,,,,,,,,,,,,,,,,,,,,,,,,,,,,,,,,,,,,,,,,,,
1992-01-27 16:00:00,,,,,,,,,,0.0,,,,,,,,,,,,,,,,,,,,,,,,,,,,,,,,,,,,,,,,,,,,
1992-01-27 17:00:00,1017.9,1021.3,19.0,10.2,57.0,2.5,67.5,,,0.0,0.0,0.1,,,,,,,,,9.0,,,,,,,,,,,,,,,,,,,,,,,,10.0,,,,,,,,,
1992-01-27 18:00:00,,,,,,,,,,0.0,,,,,,,,,,,,,,,,,,,,,,,,,,,,,,,,,,,,,,,,,,,,
1992-01-27 19:00:00,,,,,,,,,,0.0,,,,,,,,,,,,,,,,,,,,,,,,,,,,,,,,,,,,,,,,,,,,
1992-01-27 20:00:00,1018.7,1022.2,16.3,10.1,67.0,0.6,135.0,,,0.0,0.0,,,,,,,,,,4.0,,,,,,,,,,,,,,,,,,,,,,,,8.0,,,,,,,,,
1992-01-27 21:00:00,1018.8,1022.3,14.8,10.0,73.0,1.2,90.0,,,0.0,0.0,,,15.3,15.4,16.0,16.0,,,,0.0,,,,,,,,,,,,,,,,,,,,,15.6,,,8.0,,,,,,,,,
1992-01-27 22:00:00,,,,,,,,,,0.0,,,,,,,,,,,,,,,,,,,,,,,,,,,,,,,,,,,,,,,,,,,,
1992-01-27 23:00:00,1018.5,1022.0,14.7,9.9,73.0,2.2,112.5,,,0.0,0.0,,,,,,,,,,0.0,,,,,,,,,,,,,,,,,,,,,,,,8.0,,,,,,,,,
1992-01-28 00:00:00,,,,,,,,,,0.0,,,,,,,,,,,,,,,,,,,,,,,,,,,,,,,,,,,,,,,,,,,,
1992-01-28 01:00:00,,,,,,,,,,0.0,,,,,,,,,,,,,,,,,,,,,,,,,,,,,,,,,,,,,,,,,,,,
1992-01-28 02:00:00,1017.8,1021.3,12.4,9.9,85.0,0.6,157.5,,,0.0,0.0,,,,,,,,,,0.0,,,,,,,,,,,,,,,,,,,,,,,,8.0,,,,,,,,,
1992-01-28 03:00:00,,,,,,,,,,0.0,,,,,,,,,,,,,,,,,,,,,,,,,,,,,,,,,,,,,,,,,,,,
1992-01-28 04:00:00,,,,,,,,,,0.0,,,,,,,,,,,,,,,,,,,,,,,,,,,,,,,,,,,,,,,,,,,,
1992-01-28 05:00:00,1018.2,1021.7,12.7,10.4,86.0,1.1,135.0,,,0.0,0.0,,,14.3,14.8,15.5,15.3,,,,9.0,,,,,,,,,,,,,,,,,,,,,15.0,,,8.0,,,,,,,,,
1992-01-28 06:00:00,,,,,,,,,,0.0,,,,,,,,,,,,,,,,,,,,,,,,,,,,,,,,,,,,,,,,,,,,
1992-01-28 07:00:00,,,,,,,,,,0.0,,,,,,,,,,,,,,,,,,,,,,,,,,,,,,,,,,,,,,,,,,,,
1992-01-28 08:00:00,1020.4,1023.9,14.7,11.1,79.0,1.3,135.0,,,0.0,0.0,0.0,,,,,,,,,10.0,,,,,,,,,,,,,,,,,,,,,,,,12.0,,,,,,,,,
1992-01-28 09:00:00,1020.8,1024.3,16.2,12.4,78.0,1.0,135.0,,,0.0,0.0,0.0,,,,,,,,,10.0,,,,,,,,,,,,,,,,,,,,,,,,12.0,,,,,,,,,
1992-01-28 10:00:00,,,,,,,,,,0.0,,,,,,,,,,,,,,,,,,,,,,,,,,,,,,,,,,,,,,,,,,,,
1992-01-28 11:00:00,1020.1,1023.6,19.3,14.6,74.0,1.6,202.5,,,0.0,0.0,0.6,,,,,,,,,6.0,,,,,,,,,,,,,,,,,,,,,,,,12.0,,,,,,,,,
1992-01-28 12:00:00,,,,,,,,,,0.0,,,,,,,,,,,,,,,,,,,,,,,,,,,,,,,,,,,,,,,,,,,,
1992-01-28 13:00:00,,,,,,,,,,0.0,,,,,,,,,,,,,,,,,,,,,,,,,,,,,,,,,,,,,,,,,,,,
1992-01-28 14:00:00,1016.8,1020.2,21.6,9.0,44.0,1.9,292.5,,,0.0,0.0,1.0,,18.9,17.7,16.8,16.1,,,,2.0,,,,,,,,,,,,,,,,,,,,,15.8,,,15.0,,,,,,,,,
1992-01-28 15:00:00,,,,,,,,,,0.0,,,,,,,,,,,,,,,,,,,,,,,,,,,,,,,,,,,,,,,,,,,,
1992-01-28 16:00:00,,,,,,,,,,0.0,,,,,,,,,,,,,,,,,,,,,,,,,,,,,,,,,,,,,,,,,,,,
1992-01-28 17:00:00,1015.9,1019.3,20.1,11.9,59.0,2.9,45.0,,,0.0,0.0,0.8,,,,,,,,,0.0,,,,,,,,,,,,,,,,,,,,,,,,12.0,,,,,,,,,
1992-01-28 18:00:00,,,,,,,,,,0.0,,,,,,,,,,,,,,,,,,,,,,,,,,,,,,,,,,,,,,,,,,,,
1992-01-28 19:00:00,,,,,,,,,,0.0,,,,,,,,,,,,,,,,,,,,,,,,,,,,,,,,,,,,,,,,,,,,
1992-01-28 20:00:00,1017.4,1020.9,15.5,11.5,77.0,1.3,90.0,,,0.0,0.0,,,,,,,,,,0.0,,,,,,,,,,,,,,,,,,,,,,,,12.0,,,,,,,,,
1992-01-28 21:00:00,1017.8,1021.3,14.4,11.3,82.0,1.0,112.5,,,0.0,0.0,,,16.1,16.3,17.0,16.8,,,,0.0,,,,,,,,,,,,,,,,,,,,,16.3,,,10.0,,,,,,,,,
1992-01-28 22:00:00,,,,,,,,,,0.0,,,,,,,,,,,,,,,,,,,,,,,,,,,,,,,,,,,,,,,,,,,,
1992-01-28 23:00:00,1018.2,1021.7,13.2,11.2,88.0,0.3,90.0,,,0.0,0.0,,,,,,,,,,0.0,,,,,,,,,,,,,,,,,,,,,,,,10.0,,,,,,,,,
1992-01-29 00:00:00,,,,,,,,,,0.0,,,,,,,,,,,,,,,,,,,,,,,,,,,,,,,,,,,,,,,,,,,,
1992-01-29 01:00:00,,,,,,,,,,0.0,,,,,,,,,,,,,,,,,,,,,,,,,,,,,,,,,,,,,,,,,,,,
1992-01-29 02:00:00,1017.7,1021.2,11.3,10.1,92.0,1.0,112.5,,,0.0,0.0,,,,,,,,,,0.0,,,,,,,,,,,,,,,,,,,,,,,,10.0,,,,,,,,,
1992-01-29 03:00:00,,,,,,,,,,0.0,,,,,,,,,,,,,,,,,,,,,,,,,,,,,,,,,,,,,,,,,,,,
1992-01-29 04:00:00,,,,,,,,,,0.0,,,,,,,,,,,,,,,,,,,,,,,,,,,,,,,,,,,,,,,,,,,,
1992-01-29 05:00:00,1018.0,1021.5,10.8,10.1,95.0,1.3,45.0,,,0.0,0.0,,,14.6,14.6,15.5,15.9,,,,10.0,,,,,,,,,,,,,,,,,,,,,16.1,,,10.0,,,,,,,,,
1992-01-29 06:00:00,,,,,,,,,,0.0,,,,,,,,,,,,,,,,,,,,,,,,,,,,,,,,,,,,,,,,,,,,
1992-01-29 07:00:00,,,,,,,,,,0.0,,,,,,,,,,,,,,,,,,,,,,,,,,,,,,,,,,,,,,,,,,,,
1992-01-29 08:00:00,1019.0,1022.5,13.5,11.6,88.0,1.9,112.5,,,0.0,0.0,0.0,,,,,,,,,10.0,,,,,,,,,,,,,,,,,,,,,,,,12.0,,,,,,,,,
1992-01-29 09:00:00,1019.2,1022.7,16.2,12.7,80.0,0.2,0.0,,,0.0,0.0,0.2,,,,,,,,,8.0,,,,,,,,,,,,,,,,,,,,,,,,15.0,,,,,,,,,
1992-01-29 10:00:00,,,,,,,,,,0.0,,,,,,,,,,,,,,,,,,,,,,,,,,,,,,,,,,,,,,,,,,,,
1992-01-29 11:00:00,1018.7,1022.2,19.0,13.1,69.0,1.7,270.0,,,0.0,0.0,0.0,,,,,,,,,10.0,,,,,,,,,,,,,,,,,,,,,,,,6.0,,,,,,,,,
1992-01-29 12:00:00,,,,,,,,,,0.0,,,,,,,,,,,,,,,,,,,,,,,,,,,,,,,,,,,,,,,,,,,,
1992-01-29 13:00:00,,,,,,,,,,0.0,,,,,,,,,,,,,,,,,,,,,,,,,,,,,,,,,,,,,,,,,,,,
1992-01-29 14:00:00,1015.3,1018.7,22.0,13.7,59.0,1.4,270.0,,,0.0,0.0,1.0,,19.2,18.0,17.2,16.4,,,,0.0,,,,,,,,,,,,,,,,,,,,,16.1,,,8.0,,,,,,,,,
1992-01-29 15:00:00,,,,,,,,,,0.0,,,,,,,,,,,,,,,,,,,,,,,,,,,,,,,,,,,,,,,,,,,,
1992-01-29 16:00:00,,,,,,,,,,0.0,,,,,,,,,,,,,,,,,,,,,,,,,,,,,,,,,,,,,,,,,,,,
1992-01-29 17:00:00,1015.2,1018.6,20.2,12.1,60.0,2.2,315.0,,,0.0,0.0,1.0,,,,,,,,,0.0,,,,,,,,,,,,,,,,,,,,,,,,8.0,,,,,,,,,
1992-01-29 18:00:00,,,,,,,,,,0.0,,,,,,,,,,,,,,,,,,,,,,,,,,,,,,,,,,,,,,,,,,,,
1992-01-29 19:00:00,,,,,,,,,,0.0,,,,,,,,,,,,,,,,,,,,,,,,,,,,,,,,,,,,,,,,,,,,
1992-01-29 20:00:00,1016.2,1019.7,15.7,12.4,81.0,1.2,90.0,,,0.0,0.0,,,,,,,,,,0.0,,,,,,,,,,,,,,,,,,,,,,,,8.0,,,,,,,,,
1992-01-29 21:00:00,1016.2,1019.7,15.1,12.0,82.0,1.2,90.0,,,0.0,0.0,,,16.7,16.8,17.4,17.1,,,,0.0,,,,,,,,,,,,,,,,,,,,,16.8,,,6.0,,,,,,,,,
1992-01-29 22:00:00,,,,,,,,,,0.0,,,,,,,,,,,,,,,,,,,,,,,,,,,,,,,,,,,,,,,,,,,,
1992-01-29 23:00:00,1016.0,1019.5,14.6,11.7,83.0,1.4,67.5,,,0.0,0.0,,,,,,,,,,0.0,,,,,,,,,,,,,,,,,,,,,,,,6.0,,,,,,,,,
1992-01-30 00:00:00,,,,,,,,,,0.0,,,,,,,,,,,,,,,,,,,,,,,,,,,,,,,,,,,,,,,,,,,,
1992-01-30 01:00:00,,,,,,,,,,0.0,,,,,,,,,,,,,,,,,,,,,,,,,,,,,,,,,,,,,,,,,,,,
1992-01-30 02:00:00,1014.9,1018.4,13.6,11.4,87.0,1.5,90.0,,,0.0,0.0,,,,,,,,,,0.0,,,,,,,,,,,,,,,,,,,,,,,,6.0,,,,,,,,,
1992-01-30 03:00:00,,,,,,,,,,0.0,,,,,,,,,,,,,,,,,,,,,,,,,,,,,,,,,,,,,,,,,,,,
1992-01-30 04:00:00,,,,,,,,,,0.0,,,,,,,,,,,,,,,,,,,,,,,,,,,,,,,,,,,,,,,,,,,,
1992-01-30 05:00:00,1014.0,1017.5,13.0,11.2,89.0,0.0,0.0,,,0.0,0.0,,,15.1,15.3,16.0,16.3,,,,0.0,,,,,,,,,,,,,,,,,,,,,16.5,,,6.0,,,,,,,,,
1992-01-30 06:00:00,,,,,,,,,,0.0,,,,,,,,,,,,,,,,,,,,,,,,,,,,,,,,,,,,,,,,,,,,
1992-01-30 07:00:00,,,,,,,,,,0.0,,,,,,,,,,,,,,,,,,,,,,,,,,,,,,,,,,,,,,,,,,,,
1992-01-30 08:00:00,1014.7,1018.2,15.7,12.1,79.0,1.7,90.0,,,0.0,0.0,0.5,,,,,,,,,3.0,,,,,,,,,,,,,,,,,,,,,,,,8.0,,,,,,,,,
1992-01-30 09:00:00,1014.7,1018.1,19.3,13.0,67.0,2.4,112.5,,,0.0,0.0,1.0,,,,,,,,,5.0,,,,,,,,,,,,,,,,,,,,,,,,10.0,,,,,,,,,
1992-01-30 10:00:00,,,,,,,,,,0.0,,,,,,,,,,,,,,,,,,,,,,,,,,,,,,,,,,,,,,,,,,,,
1992-01-30 11:00:00,1013.0,1016.4,23.7,14.6,57.0,2.4,225.0,,,0.0,0.0,1.0,,,,,,,,,6.0,,,,,,,,,,,,,,,,,,,,,,,,10.0,,,,,,,,,
1992-01-30 12:00:00,,,,,,,,,,0.0,,,,,,,,,,,,,,,,,,,,,,,,,,,,,,,,,,,,,,,,,,,,
1992-01-30 13:00:00,,,,,,,,,,0.0,,,,,,,,,,,,,,,,,,,,,,,,,,,,,,,,,,,,,,,,,,,,
1992-01-30 14:00:00,1009.6,1013.0,24.0,15.9,61.0,4.1,247.5,,,0.0,0.0,1.0,,19.7,18.6,18.0,17.0,,,,3.0,,,,,,,,,,,,,,,,,,,,,16.5,,,12.0,,,,,,,,,
1992-01-30 15:00:00,,,,,,,,,,0.0,,,,,,,,,,,,,,,,,,,,,,,,,,,,,,,,,,,,,,,,,,,,
1992-01-30 16:00:00,,,,,,,,,,0.0,,,,,,,,,,,,,,,,,,,,,,,,,,,,,,,,,,,,,,,,,,,,
1992-01-30 17:00:00,1009.2,1012.6,21.0,16.8,77.0,2.8,270.0,,,0.0,0.0,0.6,,,,,,,,,8.0,,,,,,,,,,,,,,,,,,,,,,,,8.0,,,,,,,,,
1992-01-30 18:00:00,,,,,,,,,,0.0,,,,,,,,,,,,,,,,,,,,,,,,,,,,,,,,,,,,,,,,,,,,
1992-01-30 19:00:00,,,,,,,,,,0.0,,,,,,,,,,,,,,,,,,,,,,,,,,,,,,,,,,,,,,,,,,,,
1992-01-30 20:00:00,1010.6,1014.0,19.9,17.3,85.0,1.3,157.5,,,0.0,0.0,,,,,,,,,,6.0,,,,,,,,,,,,,,,,,,,,,,,,8.0,,,,,,,,,
1992-01-30 21:00:00,1010.5,1013.9,18.9,17.0,89.0,0.9,22.5,,,0.0,0.0,,,18.3,17.8,18.2,17.8,,,,9.0,,,,,,,,,,,,,,,,,,,,,17.2,,,8.0,,,,,,,,,
1992-01-30 22:00:00,,,,,,,,,,0.0,,,,,,,,,,,,,,,,,,,,,,,,,,,,,,,,,,,,,,,,,,,,
1992-01-30 23:00:00,1010.5,1013.9,18.5,16.5,88.0,2.4,360.0,,,0.0,0.0,,,,,,,,,,10.0,,,,,,,,,,,,,,,,,,,,,,,,8.0,,,,,,,,,
1992-01-31 00:00:00,,,,,,,,,,0.0,,,,,,,,,,,,,,,,,,,,,,,,,,,,,,,,,,,,,,,,,,,,
1992-01-31 01:00:00,,,,,,,,,,0.0,,,,,,,,,,,,,,,,,,,,,,,,,,,,,,,,,,,,,,,,,,,,
1992-01-31 02:00:00,1009.6,1013.1,15.8,14.8,94.0,3.0,45.0,,,0.0,0.0,,,,,,,,,,10.0,,,,,,,,,,,,,,,,,,,,,,,,6.0,,,,,,,,,
1992-01-31 03:00:00,,,,,,,,,,0.0,,,,,,,,,,,,,,,,,,,,,,,,,,,,,,,,,,,,,,,,,,,,
1992-01-31 04:00:00,,,,,,,,,,0.0,,,,,,,,,,,,,,,,,,,,,,,,,,,,,,,,,,,,,,,,,,,,
1992-01-31 05:00:00,1010.0,1013.5,14.4,13.5,94.0,2.4,360.0,,,0.1,0.7,,,17.3,17.0,17.6,17.5,,,,10.0,,,,,,,,,,,,,,,,,,,,,17.3,,,6.0,,,,,,,,,
1992-01-31 06:00:00,,,,,,,,,,-9.8,,,,,,,,,,,,,,,,,,,,,,,,,,,,,,,,,,,,,,,,,,,,
1992-01-31 07:00:00,,,,,,,,,,2.6,,,,,,,,,,,,,,,,,,,,,,,,,,,,,,,,,,,,,,,,,,,,
1992-01-31 08:00:00,1016.8,1020.3,11.1,10.3,95.0,2.5,90.0,,,3.4,1.0,0.0,,,,,,,,,10.0,,,,,,,,,,,,,,,,,,,,,,,,3.0,,,,,,,,,
1992-01-31 09:00:00,1017.3,1020.8,11.2,10.7,97.0,2.1,67.5,,,9.5,1.0,0.0,,,,,,,,,10.0,,,,,,,,,,,,,,,,,,,,,,,,3.0,,,,,,,,,
1992-01-31 10:00:00,,,,,,,,,,0.5,,,,,,,,,,,,,,,,,,,,,,,,,,,,,,,,,,,,,,,,,,,,
1992-01-31 11:00:00,1016.4,1019.9,10.9,9.2,89.0,6.6,45.0,,,0.0,0.0,0.0,,,,,,,,,10.0,,,,,,,,,,,,,,,,,,,,,,,,8.0,,,,,,,,,
1992-01-31 12:00:00,,,,,,,,,,0.0,,,,,,,,,,,,,,,,,,,,,,,,,,,,,,,,,,,,,,,,,,,,
1992-01-31 13:00:00,,,,,,,,,,0.0,,,,,,,,,,,,,,,,,,,,,,,,,,,,,,,,,,,,,,,,,,,,
1992-01-31 14:00:00,1016.2,1019.7,11.8,8.1,78.0,6.3,22.5,,,0.0,0.0,0.0,,15.6,15.6,16.3,16.6,,,,10.0,,,,,,,,,,,,,,,,,,,,,16.8,,,8.0,,,,,,,,,
1992-01-31 15:00:00,,,,,,,,,,0.0,,,,,,,,,,,,,,,,,,,,,,,,,,,,,,,,,,,,,,,,,,,,
1992-01-31 16:00:00,,,,,,,,,,0.0,,,,,,,,,,,,,,,,,,,,,,,,,,,,,,,,,,,,,,,,,,,,
1992-01-31 17:00:00,1017.7,1021.2,10.8,6.7,76.0,7.2,45.0,,,0.0,0.0,0.0,,,,,,,,,10.0,,,,,,,,,,,,,,,,,,,,,,,,12.0,,,,,,,,,
1992-01-31 18:00:00,,,,,,,,,,0.0,,,,,,,,,,,,,,,,,,,,,,,,,,,,,,,,,,,,,,,,,,,,
1992-01-31 19:00:00,,,,,,,,,,0.0,,,,,,,,,,,,,,,,,,,,,,,,,,,,,,,,,,,,,,,,,,,,
1992-01-31 20:00:00,1019.8,1023.4,9.6,5.3,75.0,5.1,67.5,,,0.0,0.0,,,,,,,,,,6.0,,,,,,,,,,,,,,,,,,,,,,,,12.0,,,,,,,,,
1992-01-31 21:00:00,1019.9,1023.5,9.3,4.5,72.0,4.7,67.5,,,0.0,0.0,,,13.6,14.2,15.2,15.7,,,,3.0,,,,,,,,,,,,,,,,,,,,,16.4,,,12.0,,,,,,,,,
1992-01-31 22:00:00,,,,,,,,,,0.0,,,,,,,,,,,,,,,,,,,,,,,,,,,,,,,,,,,,,,,,,,,,
1992-01-31 23:00:00,1022.0,1025.6,9.7,5.2,74.0,4.7,67.5,,,0.0,0.0,,,,,,,,,,8.0,,,,,,,,,,,,,,,,,,,,,,,,12.0,,,,,,,,,
1992-02-01 00:00:00,,,,,,,,,,0.0,,,,,,,,,,,,,,,,,,,,,,,,,,,,,,,,,,,,,,,,,,,,
1992-02-01 01:00:00,,,,,,,,,,0.0,,,,,,,,,,,,,,,,,,,,,,,,,,,,,,,,,,,,,,,,,,,,
1992-02-01 02:00:00,1020.7,1024.3,9.7,4.5,70.0,5.6,67.5,,,0.0,0.0,,,,,,,,,,10.0,,,,,,,,,,,,,,,,,,,,,,,,12.0,,,,,,,,,
1992-02-01 03:00:00,,,,,,,,,,0.0,,,,,,,,,,,,,,,,,,,,,,,,,,,,,,,,,,,,,,,,,,,,
1992-02-01 04:00:00,,,,,,,,,,0.0,,,,,,,,,,,,,,,,,,,,,,,,,,,,,,,,,,,,,,,,,,,,
1992-02-01 05:00:00,1020.6,1024.2,8.8,3.4,69.0,5.3,67.5,,,0.0,0.0,,,12.7,12.7,14.0,14.6,,,,10.0,,,,,,,,,,,,,,,,,,,,,14.6,,,12.0,,,,,,,,,
1992-02-01 06:00:00,,,,,,,,,,0.0,,,,,,,,,,,,,,,,,,,,,,,,,,,,,,,,,,,,,,,,,,,,
1992-02-01 07:00:00,,,,,,,,,,0.0,,,,,,,,,,,,,,,,,,,,,,,,,,,,,,,,,,,,,,,,,,,,
1992-02-01 08:00:00,1021.7,1025.3,9.2,4.3,71.0,6.4,45.0,,,0.0,0.0,0.0,,,,,,,,,10.0,,,,,,,,,,,,,,,,,,,,,,,,15.0,,,,,,,,,
1992-02-01 09:00:00,1021.9,1025.5,10.5,3.5,62.0,6.9,45.0,,,0.0,0.0,0.1,,,,,,,,,9.0,,,,,,,,,,,,,,,,,,,,,,,,15.0,,,,,,,,,
1992-02-01 10:00:00,,,,,,,,,,0.0,,,,,,,,,,,,,,,,,,,,,,,,,,,,,,,,,,,,,,,,,,,,
1992-02-01 11:00:00,1021.3,1024.8,12.1,4.6,60.0,8.1,67.5,,,0.0,0.0,0.0,,,,,,,,,10.0,,,,,,,,,,,,,,,,,,,,,,,,15.0,,,,,,,,,
1992-02-01 12:00:00,,,,,,,,,,0.0,,,,,,,,,,,,,,,,,,,,,,,,,,,,,,,,,,,,,,,,,,,,
1992-02-01 13:00:00,,,,,,,,,,0.0,,,,,,,,,,,,,,,,,,,,,,,,,,,,,,,,,,,,,,,,,,,,
1992-02-01 14:00:00,1018.7,1022.2,13.2,6.0,62.0,8.3,67.5,,,0.0,0.0,0.0,,14.2,13.5,13.9,14.3,,,,9.0,,,,,,,,,,,,,,,,,,,,,14.8,,,15.0,,,,,,,,,
1992-02-01 15:00:00,,,,,,,,,,0.0,,,,,,,,,,,,,,,,,,,,,,,,,,,,,,,,,,,,,,,,,,,,
1992-02-01 16:00:00,,,,,,,,,,0.0,,,,,,,,,,,,,,,,,,,,,,,,,,,,,,,,,,,,,,,,,,,,
1992-02-01 17:00:00,1019.1,1022.6,12.3,6.1,66.0,5.4,67.5,,,0.0,0.0,0.1,,,,,,,,,6.0,,,,,,,,,,,,,,,,,,,,,,,,12.0,,,,,,,,,
1992-02-01 18:00:00,,,,,,,,,,0.0,,,,,,,,,,,,,,,,,,,,,,,,,,,,,,,,,,,,,,,,,,,,
1992-02-01 19:00:00,,,,,,,,,,0.0,,,,,,,,,,,,,,,,,,,,,,,,,,,,,,,,,,,,,,,,,,,,
1992-02-01 20:00:00,1019.6,1023.1,12.1,7.1,71.0,2.0,67.5,,,0.0,0.0,,,,,,,,,,9.0,,,,,,,,,,,,,,,,,,,,,,,,10.0,,,,,,,,,
1992-02-01 21:00:00,1019.8,1023.3,12.1,7.2,72.0,0.0,0.0,,,0.0,0.0,,,13.3,13.3,13.9,14.4,,,,9.0,,,,,,,,,,,,,,,,,,,,,14.8,,,10.0,,,,,,,,,
1992-02-01 22:00:00,,,,,,,,,,0.0,,,,,,,,,,,,,,,,,,,,,,,,,,,,,,,,,,,,,,,,,,,,
1992-02-01 23:00:00,1020.1,1023.6,11.8,7.8,76.0,0.4,270.0,,,0.0,0.0,,,,,,,,,,10.0,,,,,,,,,,,,,,,,,,,,,,,,10.0,,,,,,,,,
1992-02-02 00:00:00,,,,,,,,,,0.0,,,,,,,,,,,,,,,,,,,,,,,,,,,,,,,,,,,,,,,,,,,,
1992-02-02 01:00:00,,,,,,,,,,0.0,,,,,,,,,,,,,,,,,,,,,,,,,,,,,,,,,,,,,,,,,,,,
1992-02-02 02:00:00,1019.4,1022.9,11.8,9.0,83.0,0.0,0.0,,,0.0,0.0,,,,,,,,,,10.0,,,,,,,,,,,,,,,,,,,,,,,,10.0,,,,,,,,,
1992-02-02 03:00:00,,,,,,,,,,0.0,,,,,,,,,,,,,,,,,,,,,,,,,,,,,,,,,,,,,,,,,,,,
1992-02-02 04:00:00,,,,,,,,,,0.0,,,,,,,,,,,,,,,,,,,,,,,,,,,,,,,,,,,,,,,,,,,,
1992-02-02 05:00:00,1018.5,1022.0,12.0,9.8,86.0,0.4,112.5,,,0.0,0.0,,,13.6,13.3,14.0,14.3,,,,10.0,,,,,,,,,,,,,,,,,,,,,14.6,,,10.0,,,,,,,,,
1992-02-02 06:00:00,,,,,,,,,,0.0,,,,,,,,,,,,,,,,,,,,,,,,,,,,,,,,,,,,,,,,,,,,
1992-02-02 07:00:00,,,,,,,,,,0.0,,,,,,,,,,,,,,,,,,,,,,,,,,,,,,,,,,,,,,,,,,,,
1992-02-02 08:00:00,1019.9,1023.4,12.5,10.4,87.0,0.8,135.0,,,0.0,0.0,0.0,,,,,,,,,10.0,,,,,,,,,,,,,,,,,,,,,,,,10.0,,,,,,,,,
1992-02-02 09:00:00,1020.4,1023.9,13.3,10.8,85.0,0.7,112.5,,,0.0,0.0,0.0,,,,,,,,,10.0,,,,,,,,,,,,,,,,,,,,,,,,10.0,,,,,,,,,
1992-02-02 10:00:00,,,,,,,,,,0.0,,,,,,,,,,,,,,,,,,,,,,,,,,,,,,,,,,,,,,,,,,,,
1992-02-02 11:00:00,1019.7,1023.2,15.4,10.9,75.0,0.1,0.0,,,0.0,0.0,0.0,,,,,,,,,10.0,,,,,,,,,,,,,,,,,,,,,,,,12.0,,,,,,,,,
1992-02-02 12:00:00,,,,,,,,,,0.0,,,,,,,,,,,,,,,,,,,,,,,,,,,,,,,,,,,,,,,,,,,,
1992-02-02 13:00:00,,,,,,,,,,0.0,,,,,,,,,,,,,,,,,,,,,,,,,,,,,,,,,,,,,,,,,,,,
1992-02-02 14:00:00,1016.2,1019.6,18.6,12.0,65.0,2.1,337.5,,,0.0,0.0,0.5,,17.0,15.7,15.2,15.0,,,,9.0,,,,,,,,,,,,,,,,,,,,,15.0,,,12.0,,,,,,,,,
1992-02-02 15:00:00,,,,,,,,,,0.0,,,,,,,,,,,,,,,,,,,,,,,,,,,,,,,,,,,,,,,,,,,,
1992-02-02 16:00:00,,,,,,,,,,0.0,,,,,,,,,,,,,,,,,,,,,,,,,,,,,,,,,,,,,,,,,,,,
1992-02-02 17:00:00,1017.0,1020.5,14.6,12.5,87.0,3.9,360.0,,,0.0,0.0,0.0,,,,,,,,,10.0,,,,,,,,,,,,,,,,,,,,,,,,12.0,,,,,,,,,
1992-02-02 18:00:00,,,,,,,,,,0.0,,,,,,,,,,,,,,,,,,,,,,,,,,,,,,,,,,,,,,,,,,,,
1992-02-02 19:00:00,,,,,,,,,,0.0,,,,,,,,,,,,,,,,,,,,,,,,,,,,,,,,,,,,,,,,,,,,
1992-02-02 20:00:00,1016.6,1020.1,14.1,12.6,91.0,1.6,22.5,,,0.0,0.0,,,,,,,,,,10.0,,,,,,,,,,,,,,,,,,,,,,,,10.0,,,,,,,,,
1992-02-02 21:00:00,1016.6,1020.1,13.6,12.4,92.0,1.5,22.5,,,0.0,0.0,,,15.3,15.1,15.7,15.6,,,,7.0,,,,,,,,,,,,,,,,,,,,,15.4,,,8.0,,,,,,,,,
1992-02-02 22:00:00,,,,,,,,,,0.0,,,,,,,,,,,,,,,,,,,,,,,,,,,,,,,,,,,,,,,,,,,,
1992-02-02 23:00:00,1015.9,1019.4,12.3,11.6,95.0,1.9,45.0,,,0.0,0.0,,,,,,,,,,5.0,,,,,,,,,,,,,,,,,,,,,,,,5.0,,,,,,,,,
1992-02-03 00:00:00,,,,,,,,,,0.0,,,,,,,,,,,,,,,,,,,,,,,,,,,,,,,,,,,,,,,,,,,,
1992-02-03 01:00:00,,,,,,,,,,0.0,,,,,,,,,,,,,,,,,,,,,,,,,,,,,,,,,,,,,,,,,,,,
1992-02-03 02:00:00,1015.5,1019.0,11.4,11.4,100.0,1.5,112.5,,,0.0,0.0,,,,,,,,,,10.0,,,,,,,,,,,,,,,,,,,,,,,,0.8,,,,,,,,,
1992-02-03 03:00:00,,,,,,,,,,0.0,,,,,,,,,,,,,,,,,,,,,,,,,,,,,,,,,,,,,,,,,,,,
1992-02-03 04:00:00,,,,,,,,,,0.0,,,,,,,,,,,,,,,,,,,,,,,,,,,,,,,,,,,,,,,,,,,,
1992-02-03 05:00:00,1013.4,1016.9,11.3,11.1,99.0,1.5,112.5,,,0.0,0.0,,,14.1,14.1,14.8,15.2,,,,2.0,,,,,,,,,,,,,,,,,,,,,15.4,,,7.0,,,,,,,,,
1992-02-03 06:00:00,,,,,,,,,,0.0,,,,,,,,,,,,,,,,,,,,,,,,,,,,,,,,,,,,,,,,,,,,
1992-02-03 07:00:00,,,,,,,,,,0.0,,,,,,,,,,,,,,,,,,,,,,,,,,,,,,,,,,,,,,,,,,,,
1992-02-03 08:00:00,1014.3,1017.8,13.3,12.6,96.0,1.2,90.0,,,0.0,0.0,0.2,,,,,,,,,6.0,,,,,,,,,,,,,,,,,,,,,,,,12.0,,,,,,,,,
1992-02-03 09:00:00,1014.6,1018.1,16.3,13.8,85.0,0.9,90.0,,,0.0,0.0,0.9,,,,,,,,,2.0,,,,,,,,,,,,,,,,,,,,,,,,12.0,,,,,,,,,
1992-02-03 10:00:00,,,,,,,,,,0.0,,,,,,,,,,,,,,,,,,,,,,,,,,,,,,,,,,,,,,,,,,,,
1992-02-03 11:00:00,1014.2,1017.6,19.2,14.7,75.0,1.7,270.0,,,0.0,0.0,1.0,,,,,,,,,0.0,,,,,,,,,,,,,,,,,,,,,,,,5.0,,,,,,,,,
1992-02-03 12:00:00,,,,,,,,,,0.0,,,,,,,,,,,,,,,,,,,,,,,,,,,,,,,,,,,,,,,,,,,,
1992-02-03 13:00:00,,,,,,,,,,0.0,,,,,,,,,,,,,,,,,,,,,,,,,,,,,,,,,,,,,,,,,,,,
1992-02-03 14:00:00,1011.3,1014.7,20.4,16.1,76.0,2.4,270.0,,,0.0,0.0,1.0,,18.8,17.6,16.8,15.8,,,,1.0,,,,,,,,,,,,,,,,,,,,,15.5,,,4.0,,,,,,,,,
1992-02-03 15:00:00,,,,,,,,,,0.0,,,,,,,,,,,,,,,,,,,,,,,,,,,,,,,,,,,,,,,,,,,,
1992-02-03 16:00:00,,,,,,,,,,0.0,,,,,,,,,,,,,,,,,,,,,,,,,,,,,,,,,,,,,,,,,,,,
1992-02-03 17:00:00,1011.4,1014.8,20.6,17.2,81.0,2.0,270.0,,,0.0,0.0,0.4,,,,,,,,,9.0,,,,,,,,,,,,,,,,,,,,,,,,4.0,,,,,,,,,
1992-02-03 18:00:00,,,,,,,,,,0.0,,,,,,,,,,,,,,,,,,,,,,,,,,,,,,,,,,,,,,,,,,,,
1992-02-03 19:00:00,,,,,,,,,,0.0,,,,,,,,,,,,,,,,,,,,,,,,,,,,,,,,,,,,,,,,,,,,
1992-02-03 20:00:00,1012.4,1015.8,17.6,16.2,92.0,0.4,90.0,,,0.0,0.0,,,,,,,,,,6.0,,,,,,,,,,,,,,,,,,,,,,,,4.0,,,,,,,,,
1992-02-03 21:00:00,1012.6,1016.1,17.0,15.9,93.0,0.9,67.5,,,0.0,0.0,,,16.9,17.2,17.3,16.9,,,,6.0,,,,,,,,,,,,,,,,,,,,,16.5,,,3.0,,,,,,,,,
1992-02-03 22:00:00,,,,,,,,,,0.0,,,,,,,,,,,,,,,,,,,,,,,,,,,,,,,,,,,,,,,,,,,,
1992-02-03 23:00:00,1012.7,1016.2,17.2,15.8,91.0,1.9,135.0,,,0.0,0.0,,,,,,,,,,5.0,,,,,,,,,,,,,,,,,,,,,,,,3.0,,,,,,,,,
1992-02-04 00:00:00,,,,,,,,,,0.0,,,,,,,,,,,,,,,,,,,,,,,,,,,,,,,,,,,,,,,,,,,,
1992-02-04 01:00:00,,,,,,,,,,0.0,,,,,,,,,,,,,,,,,,,,,,,,,,,,,,,,,,,,,,,,,,,,
1992-02-04 02:00:00,1013.1,1016.6,16.1,15.2,94.0,2.2,67.5,,,0.0,0.0,,,,,,,,,,10.0,,,,,,,,,,,,,,,,,,,,,,,,3.0,,,,,,,,,
1992-02-04 03:00:00,,,,,,,,,,0.0,,,,,,,,,,,,,,,,,,,,,,,,,,,,,,,,,,,,,,,,,,,,
1992-02-04 04:00:00,,,,,,,,,,1.8,,,,,,,,,,,,,,,,,,,,,,,,,,,,,,,,,,,,,,,,,,,,
1992-02-04 05:00:00,1013.8,1017.3,16.5,16.3,99.0,2.4,22.5,,,2.6,1.0,,,16.9,16.5,17.0,16.6,,,,10.0,,,,,,,,,,,,,,,,,,,,,16.4,,,3.0,,,,,,,,,
1992-02-04 06:00:00,,,,,,,,,,0.6,,,,,,,,,,,,,,,,,,,,,,,,,,,,,,,,,,,,,,,,,,,,
1992-02-04 07:00:00,,,,,,,,,,-9.8,,,,,,,,,,,,,,,,,,,,,,,,,,,,,,,,,,,,,,,,,,,,
1992-02-04 08:00:00,1015.6,1019.1,14.7,13.9,95.0,1.9,45.0,,,0.0,0.0,0.0,,,,,,,,,10.0,,,,,,,,,,,,,,,,,,,,,,,,3.0,,,,,,,,,
1992-02-04 09:00:00,1015.8,1019.3,14.6,13.7,94.0,4.8,22.5,,,0.0,0.0,0.0,,,,,,,,,10.0,,,,,,,,,,,,,,,,,,,,,,,,5.0,,,,,,,,,
1992-02-04 10:00:00,,,,,,,,,,0.0,,,,,,,,,,,,,,,,,,,,,,,,,,,,,,,,,,,,,,,,,,,,
1992-02-04 11:00:00,1015.4,1018.9,14.3,13.3,94.0,4.9,22.5,,,0.0,0.0,0.0,,,,,,,,,10.0,,,,,,,,,,,,,,,,,,,,,,,,5.0,,,,,,,,,
1992-02-04 12:00:00,,,,,,,,,,0.0,,,,,,,,,,,,,,,,,,,,,,,,,,,,,,,,,,,,,,,,,,,,
1992-02-04 13:00:00,,,,,,,,,,0.0,,,,,,,,,,,,,,,,,,,,,,,,,,,,,,,,,,,,,,,,,,,,
1992-02-04 14:00:00,1013.3,1016.8,13.7,12.6,93.0,5.0,22.5,,,0.0,0.0,0.0,,16.0,16.0,16.5,16.5,,,,10.0,,,,,,,,,,,,,,,,,,,,,16.7,,,5.0,,,,,,,,,
1992-02-04 15:00:00,,,,,,,,,,0.0,,,,,,,,,,,,,,,,,,,,,,,,,,,,,,,,,,,,,,,,,,,,
1992-02-04 16:00:00,,,,,,,,,,0.0,,,,,,,,,,,,,,,,,,,,,,,,,,,,,,,,,,,,,,,,,,,,
1992-02-04 17:00:00,1013.4,1016.9,12.9,11.9,94.0,4.4,45.0,,,0.0,0.0,0.0,,,,,,,,,10.0,,,,,,,,,,,,,,,,,,,,,,,,4.0,,,,,,,,,
1992-02-04 18:00:00,,,,,,,,,,0.0,,,,,,,,,,,,,,,,,,,,,,,,,,,,,,,,,,,,,,,,,,,,
1992-02-04 19:00:00,,,,,,,,,,0.0,,,,,,,,,,,,,,,,,,,,,,,,,,,,,,,,,,,,,,,,,,,,
1992-02-04 20:00:00,1015.4,1018.9,12.4,11.4,94.0,5.4,45.0,,,0.0,0.0,,,,,,,,,,10.0,,,,,,,,,,,,,,,,,,,,,,,,4.0,,,,,,,,,
1992-02-04 21:00:00,1015.8,1019.3,12.3,11.3,94.0,5.3,45.0,,,0.0,0.0,,,15.1,15.1,15.7,16.0,,,,10.0,,,,,,,,,,,,,,,,,,,,,16.3,,,5.0,,,,,,,,,
1992-02-04 22:00:00,,,,,,,,,,0.0,,,,,,,,,,,,,,,,,,,,,,,,,,,,,,,,,,,,,,,,,,,,
1992-02-04 23:00:00,1015.7,1019.2,12.4,11.5,94.0,4.7,45.0,,,0.0,0.0,,,,,,,,,,10.0,,,,,,,,,,,,,,,,,,,,,,,,6.0,,,,,,,,,
1992-02-05 00:00:00,,,,,,,,,,0.0,,,,,,,,,,,,,,,,,,,,,,,,,,,,,,,,,,,,,,,,,,,,
1992-02-05 01:00:00,,,,,,,,,,0.0,,,,,,,,,,,,,,,,,,,,,,,,,,,,,,,,,,,,,,,,,,,,
1992-02-05 02:00:00,1016.0,1019.5,12.0,11.3,95.0,5.6,22.5,,,0.0,0.0,,,,,,,,,,10.0,,,,,,,,,,,,,,,,,,,,,,,,6.0,,,,,,,,,
1992-02-05 03:00:00,,,,,,,,,,0.0,,,,,,,,,,,,,,,,,,,,,,,,,,,,,,,,,,,,,,,,,,,,
1992-02-05 04:00:00,,,,,,,,,,-9.8,,,,,,,,,,,,,,,,,,,,,,,,,,,,,,,,,,,,,,,,,,,,
1992-02-05 05:00:00,1016.3,1019.8,11.9,11.0,94.0,4.6,45.0,,,0.6,0.6,,,14.6,14.6,15.2,15.5,,,,10.0,,,,,,,,,,,,,,,,,,,,,16.0,,,8.0,,,,,,,,,
1992-02-05 06:00:00,,,,,,,,,,0.9,,,,,,,,,,,,,,,,,,,,,,,,,,,,,,,,,,,,,,,,,,,,
1992-02-05 07:00:00,,,,,,,,,,-9.8,,,,,,,,,,,,,,,,,,,,,,,,,,,,,,,,,,,,,,,,,,,,
1992-02-05 08:00:00,1017.3,1020.8,11.7,10.7,94.0,4.4,45.0,,,0.7,0.3,0.0,,,,,,,,,10.0,,,,,,,,,,,,,,,,,,,,,,,,6.0,,,,,,,,,
1992-02-05 09:00:00,1017.2,1020.7,12.0,11.1,94.0,2.8,45.0,,,1.1,1.0,0.0,,,,,,,,,10.0,,,,,,,,,,,,,,,,,,,,,,,,8.0,,,,,,,,,
1992-02-05 10:00:00,,,,,,,,,,0.6,,,,,,,,,,,,,,,,,,,,,,,,,,,,,,,,,,,,,,,,,,,,
1992-02-05 11:00:00,1017.7,1021.2,12.4,11.6,95.0,3.8,45.0,,,0.9,1.0,0.0,,,,,,,,,10.0,,,,,,,,,,,,,,,,,,,,,,,,6.0,,,,,,,,,
1992-02-05 12:00:00,,,,,,,,,,1.5,,,,,,,,,,,,,,,,,,,,,,,,,,,,,,,,,,,,,,,,,,,,
1992-02-05 13:00:00,,,,,,,,,,0.1,,,,,,,,,,,,,,,,,,,,,,,,,,,,,,,,,,,,,,,,,,,,
1992-02-05 14:00:00,1015.1,1018.6,12.4,11.4,94.0,5.8,22.5,,,-9.8,1.0,0.0,,14.6,14.5,15.5,15.3,,,,10.0,,,,,,,,,,,,,,,,,,,,,15.4,,,6.0,,,,,,,,,
1992-02-05 15:00:00,,,,,,,,,,-9.8,,,,,,,,,,,,,,,,,,,,,,,,,,,,,,,,,,,,,,,,,,,,
1992-02-05 16:00:00,,,,,,,,,,0.0,,,,,,,,,,,,,,,,,,,,,,,,,,,,,,,,,,,,,,,,,,,,
1992-02-05 17:00:00,1016.0,1019.5,12.3,11.3,94.0,5.2,22.5,,,0.0,0.0,0.0,,,,,,,,,10.0,,,,,,,,,,,,,,,,,,,,,,,,6.0,,,,,,,,,
1992-02-05 18:00:00,,,,,,,,,,0.0,,,,,,,,,,,,,,,,,,,,,,,,,,,,,,,,,,,,,,,,,,,,
1992-02-05 19:00:00,,,,,,,,,,0.0,,,,,,,,,,,,,,,,,,,,,,,,,,,,,,,,,,,,,,,,,,,,
1992-02-05 20:00:00,1017.4,1020.9,12.3,11.5,95.0,3.3,22.5,,,0.0,0.0,,,,,,,,,,10.0,,,,,,,,,,,,,,,,,,,,,,,,4.0,,,,,,,,,
1992-02-05 21:00:00,1017.5,1021.0,12.9,12.0,94.0,3.2,45.0,,,0.4,0.4,,,14.5,14.5,14.8,15.1,,,,10.0,,,,,,,,,,,,,,,,,,,,,15.3,,,4.0,,,,,,,,,
1992-02-05 22:00:00,,,,,,,,,,0.1,,,,,,,,,,,,,,,,,,,,,,,,,,,,,,,,,,,,,,,,,,,,
1992-02-05 23:00:00,1017.7,1021.2,13.0,12.3,96.0,3.8,45.0,,,0.0,0.0,,,,,,,,,,10.0,,,,,,,,,,,,,,,,,,,,,,,,4.0,,,,,,,,,
1992-02-06 00:00:00,,,,,,,,,,0.6,,,,,,,,,,,,,,,,,,,,,,,,,,,,,,,,,,,,,,,,,,,,
1992-02-06 01:00:00,,,,,,,,,,1.2,,,,,,,,,,,,,,,,,,,,,,,,,,,,,,,,,,,,,,,,,,,,
1992-02-06 02:00:00,1016.7,1020.2,12.7,12.1,96.0,4.2,22.5,,,2.3,1.0,,,,,,,,,,10.0,,,,,,,,,,,,,,,,,,,,,,,,4.0,,,,,,,,,
1992-02-06 03:00:00,,,,,,,,,,1.8,,,,,,,,,,,,,,,,,,,,,,,,,,,,,,,,,,,,,,,,,,,,
1992-02-06 04:00:00,,,,,,,,,,1.0,,,,,,,,,,,,,,,,,,,,,,,,,,,,,,,,,,,,,,,,,,,,
1992-02-06 05:00:00,1016.5,1020.0,12.8,12.3,97.0,3.5,45.0,,,0.2,1.0,,,14.2,14.2,14.7,15.0,,,,10.0,,,,,,,,,,,,,,,,,,,,,15.2,,,6.0,,,,,,,,,
1992-02-06 06:00:00,,,,,,,,,,0.2,,,,,,,,,,,,,,,,,,,,,,,,,,,,,,,,,,,,,,,,,,,,
1992-02-06 07:00:00,,,,,,,,,,0.5,,,,,,,,,,,,,,,,,,,,,,,,,,,,,,,,,,,,,,,,,,,,
1992-02-06 08:00:00,1019.6,1023.1,12.3,11.6,95.0,4.8,22.5,,,4.1,1.0,0.0,,,,,,,,,10.0,,,,,,,,,,,,,,,,,,,,,,,,6.0,,,,,,,,,
1992-02-06 09:00:00,1020.3,1023.8,12.1,11.4,95.0,4.2,45.0,,,2.4,1.0,0.0,,,,,,,,,10.0,,,,,,,,,,,,,,,,,,,,,,,,8.0,,,,,,,,,
1992-02-06 10:00:00,,,,,,,,,,1.0,,,,,,,,,,,,,,,,,,,,,,,,,,,,,,,,,,,,,,,,,,,,
1992-02-06 11:00:00,1020.2,1023.7,12.1,11.2,94.0,6.1,45.0,,,0.9,1.0,0.0,,,,,,,,,10.0,,,,,,,,,,,,,,,,,,,,,,,,10.0,,,,,,,,,
1992-02-06 12:00:00,,,,,,,,,,1.0,,,,,,,,,,,,,,,,,,,,,,,,,,,,,,,,,,,,,,,,,,,,
1992-02-06 13:00:00,,,,,,,,,,0.3,,,,,,,,,,,,,,,,,,,,,,,,,,,,,,,,,,,,,,,,,,,,
1992-02-06 14:00:00,1017.8,1021.3,12.8,11.5,92.0,7.3,45.0,,,0.1,0.3,0.0,,14.6,14.1,14.6,14.8,,,,10.0,,,,,,,,,,,,,,,,,,,,,15.0,,,10.0,,,,,,,,,
1992-02-06 15:00:00,,,,,,,,,,0.0,,,,,,,,,,,,,,,,,,,,,,,,,,,,,,,,,,,,,,,,,,,,
1992-02-06 16:00:00,,,,,,,,,,0.0,,,,,,,,,,,,,,,,,,,,,,,,,,,,,,,,,,,,,,,,,,,,
1992-02-06 17:00:00,1017.4,1020.9,12.6,11.7,94.0,5.3,45.0,,,0.0,0.0,0.0,,,,,,,,,10.0,,,,,,,,,,,,,,,,,,,,,,,,8.0,,,,,,,,,
1992-02-06 18:00:00,,,,,,,,,,0.0,,,,,,,,,,,,,,,,,,,,,,,,,,,,,,,,,,,,,,,,,,,,
1992-02-06 19:00:00,,,,,,,,,,0.0,,,,,,,,,,,,,,,,,,,,,,,,,,,,,,,,,,,,,,,,,,,,
1992-02-06 20:00:00,1017.4,1020.9,13.4,12.1,92.0,3.5,45.0,,,0.0,0.0,,,,,,,,,,8.0,,,,,,,,,,,,,,,,,,,,,,,,8.0,,,,,,,,,
1992-02-06 21:00:00,1016.9,1020.4,13.6,12.1,91.0,4.4,45.0,,,0.0,0.0,,,14.3,14.1,14.6,14.7,,,,8.0,,,,,,,,,,,,,,,,,,,,,14.9,,,8.0,,,,,,,,,
1992-02-06 22:00:00,,,,,,,,,,0.0,,,,,,,,,,,,,,,,,,,,,,,,,,,,,,,,,,,,,,,,,,,,
1992-02-06 23:00:00,1015.9,1019.4,14.2,12.0,87.0,4.8,67.5,,,0.0,0.0,,,,,,,,,,6.0,,,,,,,,,,,,,,,,,,,,,,,,10.0,,,,,,,,,
1992-02-07 00:00:00,,,,,,,,,,0.0,,,,,,,,,,,,,,,,,,,,,,,,,,,,,,,,,,,,,,,,,,,,
1992-02-07 01:00:00,,,,,,,,,,0.0,,,,,,,,,,,,,,,,,,,,,,,,,,,,,,,,,,,,,,,,,,,,
1992-02-07 02:00:00,1015.1,1018.6,14.1,12.6,91.0,3.9,45.0,,,0.0,0.0,,,,,,,,,,10.0,,,,,,,,,,,,,,,,,,,,,,,,10.0,,,,,,,,,
1992-02-07 03:00:00,,,,,,,,,,0.0,,,,,,,,,,,,,,,,,,,,,,,,,,,,,,,,,,,,,,,,,,,,
1992-02-07 04:00:00,,,,,,,,,,0.0,,,,,,,,,,,,,,,,,,,,,,,,,,,,,,,,,,,,,,,,,,,,
1992-02-07 05:00:00,1015.3,1018.8,13.6,12.9,96.0,3.1,45.0,,,0.2,0.5,,,14.4,14.1,14.7,14.7,,,,10.0,,,,,,,,,,,,,,,,,,,,,14.9,,,10.0,,,,,,,,,
1992-02-07 06:00:00,,,,,,,,,,0.1,,,,,,,,,,,,,,,,,,,,,,,,,,,,,,,,,,,,,,,,,,,,
1992-02-07 07:00:00,,,,,,,,,,-9.8,,,,,,,,,,,,,,,,,,,,,,,,,,,,,,,,,,,,,,,,,,,,
1992-02-07 08:00:00,1016.0,1019.5,12.5,11.7,95.0,5.9,45.0,,,0.2,1.0,0.0,,,,,,,,,10.0,,,,,,,,,,,,,,,,,,,,,,,,10.0,,,,,,,,,
1992-02-07 09:00:00,1015.5,1019.0,13.1,12.2,94.0,4.2,45.0,,,-9.8,0.2,0.0,,,,,,,,,10.0,,,,,,,,,,,,,,,,,,,,,,,,10.0,,,,,,,,,
1992-02-07 10:00:00,,,,,,,,,,0.0,,,,,,,,,,,,,,,,,,,,,,,,,,,,,,,,,,,,,,,,,,,,
1992-02-07 11:00:00,1013.6,1017.1,15.3,13.6,90.0,3.7,22.5,,,0.0,0.0,0.0,,,,,,,,,10.0,,,,,,,,,,,,,,,,,,,,,,,,12.0,,,,,,,,,
1992-02-07 12:00:00,,,,,,,,,,0.0,,,,,,,,,,,,,,,,,,,,,,,,,,,,,,,,,,,,,,,,,,,,
1992-02-07 13:00:00,,,,,,,,,,0.0,,,,,,,,,,,,,,,,,,,,,,,,,,,,,,,,,,,,,,,,,,,,
1992-02-07 14:00:00,1012.1,1015.6,14.1,12.9,92.0,5.4,22.5,,,0.0,0.0,0.0,,15.2,14.8,15.1,15.0,,,,10.0,,,,,,,,,,,,,,,,,,,,,14.9,,,12.0,,,,,,,,,
1992-02-07 15:00:00,,,,,,,,,,0.0,,,,,,,,,,,,,,,,,,,,,,,,,,,,,,,,,,,,,,,,,,,,
1992-02-07 16:00:00,,,,,,,,,,0.1,,,,,,,,,,,,,,,,,,,,,,,,,,,,,,,,,,,,,,,,,,,,
1992-02-07 17:00:00,1013.8,1017.3,11.6,11.4,99.0,5.2,360.0,,,1.2,1.0,0.0,,,,,,,,,10.0,,,,,,,,,,,,,,,,,,,,,,,,8.0,,,,,,,,,
1992-02-07 18:00:00,,,,,,,,,,4.8,,,,,,,,,,,,,,,,,,,,,,,,,,,,,,,,,,,,,,,,,,,,
1992-02-07 19:00:00,,,,,,,,,,4.5,,,,,,,,,,,,,,,,,,,,,,,,,,,,,,,,,,,,,,,,,,,,
1992-02-07 20:00:00,1017.4,1021.0,9.8,9.8,100.0,5.5,112.5,,,2.4,1.0,,,,,,,,,,10.0,,,,,,,,,,,,,,,,,,,,,,,,8.0,,,,,,,,,
1992-02-07 21:00:00,1015.2,1018.8,10.3,9.4,94.0,3.7,67.5,,,1.2,1.0,,,12.8,13.1,14.3,14.7,,,,10.0,,,,,,,,,,,,,,,,,,,,,14.6,,,8.0,,,,,,,,,
1992-02-07 22:00:00,,,,,,,,,,1.1,,,,,,,,,,,,,,,,,,,,,,,,,,,,,,,,,,,,,,,,,,,,
1992-02-07 23:00:00,1016.4,1019.9,10.8,9.9,94.0,6.0,22.5,,,0.3,0.6,,,,,,,,,,10.0,,,,,,,,,,,,,,,,,,,,,,,,10.0,,,,,,,,,
1992-02-08 00:00:00,,,,,,,,,,0.0,,,,,,,,,,,,,,,,,,,,,,,,,,,,,,,,,,,,,,,,,,,,
1992-02-08 01:00:00,,,,,,,,,,-9.8,,,,,,,,,,,,,,,,,,,,,,,,,,,,,,,,,,,,,,,,,,,,
1992-02-08 02:00:00,1018.3,1021.9,10.5,10.0,96.0,4.5,22.5,,,0.7,1.0,,,,,,,,,,10.0,,,,,,,,,,,,,,,,,,,,,,,,10.0,,,,,,,,,
1992-02-08 03:00:00,,,,,,,,,,0.1,,,,,,,,,,,,,,,,,,,,,,,,,,,,,,,,,,,,,,,,,,,,
1992-02-08 04:00:00,,,,,,,,,,0.1,,,,,,,,,,,,,,,,,,,,,,,,,,,,,,,,,,,,,,,,,,,,
1992-02-08 05:00:00,1018.6,1022.2,10.6,9.9,95.0,3.9,67.5,,,-9.8,0.3,,,13.1,13.0,13.9,14.2,,,,10.0,,,,,,,,,,,,,,,,,,,,,14.4,,,10.0,,,,,,,,,
1992-02-08 06:00:00,,,,,,,,,,0.0,,,,,,,,,,,,,,,,,,,,,,,,,,,,,,,,,,,,,,,,,,,,
1992-02-08 07:00:00,,,,,,,,,,0.0,,,,,,,,,,,,,,,,,,,,,,,,,,,,,,,,,,,,,,,,,,,,
1992-02-08 08:00:00,1018.3,1021.8,12.8,11.0,89.0,5.5,45.0,,,0.0,0.0,0.9,,,,,,,,,3.0,,,,,,,,,,,,,,,,,,,,,,,,15.0,,,,,,,,,
1992-02-08 09:00:00,1018.2,1021.7,13.9,11.2,84.0,7.3,45.0,,,0.0,0.0,0.7,,,,,,,,,6.0,,,,,,,,,,,,,,,,,,,,,,,,15.0,,,,,,,,,
1992-02-08 10:00:00,,,,,,,,,,0.0,,,,,,,,,,,,,,,,,,,,,,,,,,,,,,,,,,,,,,,,,,,,
1992-02-08 11:00:00,1018.5,1022.0,15.0,11.1,77.0,8.3,45.0,,,0.0,0.0,0.1,,,,,,,,,10.0,,,,,,,,,,,,,,,,,,,,,,,,15.0,,,,,,,,,
1992-02-08 12:00:00,,,,,,,,,,0.0,,,,,,,,,,,,,,,,,,,,,,,,,,,,,,,,,,,,,,,,,,,,
1992-02-08 13:00:00,,,,,,,,,,0.0,,,,,,,,,,,,,,,,,,,,,,,,,,,,,,,,,,,,,,,,,,,,
1992-02-08 14:00:00,1017.6,1021.1,13.5,11.7,89.0,7.1,22.5,,,0.0,0.0,0.0,,14.5,14.4,14.4,14.3,,,,10.0,,,,,,,,,,,,,,,,,,,,,14.5,,,10.0,,,,,,,,,
1992-02-08 15:00:00,,,,,,,,,,0.0,,,,,,,,,,,,,,,,,,,,,,,,,,,,,,,,,,,,,,,,,,,,
1992-02-08 16:00:00,,,,,,,,,,0.0,,,,,,,,,,,,,,,,,,,,,,,,,,,,,,,,,,,,,,,,,,,,
1992-02-08 17:00:00,1017.7,1021.2,12.0,10.8,92.0,6.7,45.0,,,0.0,0.0,0.0,,,,,,,,,9.0,,,,,,,,,,,,,,,,,,,,,,,,12.0,,,,,,,,,
1992-02-08 18:00:00,,,,,,,,,,0.0,,,,,,,,,,,,,,,,,,,,,,,,,,,,,,,,,,,,,,,,,,,,
1992-02-08 19:00:00,,,,,,,,,,0.0,,,,,,,,,,,,,,,,,,,,,,,,,,,,,,,,,,,,,,,,,,,,
1992-02-08 20:00:00,1015.8,1019.3,11.7,9.7,88.0,0.2,0.0,,,0.0,0.0,,,,,,,,,,2.0,,,,,,,,,,,,,,,,,,,,,,,,15.0,,,,,,,,,
1992-02-08 21:00:00,1016.3,1019.8,12.0,10.3,89.0,2.7,360.0,,,0.0,0.0,,,13.3,13.5,14.2,14.4,,,,2.0,,,,,,,,,,,,,,,,,,,,,14.6,,,12.0,,,,,,,,,
1992-02-08 22:00:00,,,,,,,,,,0.0,,,,,,,,,,,,,,,,,,,,,,,,,,,,,,,,,,,,,,,,,,,,
1992-02-08 23:00:00,1015.9,1019.4,11.1,10.1,94.0,2.2,90.0,,,0.0,0.0,,,,,,,,,,3.0,,,,,,,,,,,,,,,,,,,,,,,,12.0,,,,,,,,,
1992-02-09 00:00:00,,,,,,,,,,0.0,,,,,,,,,,,,,,,,,,,,,,,,,,,,,,,,,,,,,,,,,,,,
1992-02-09 01:00:00,,,,,,,,,,0.0,,,,,,,,,,,,,,,,,,,,,,,,,,,,,,,,,,,,,,,,,,,,
1992-02-09 02:00:00,1016.1,1019.6,11.9,10.6,92.0,0.5,90.0,,,0.0,0.0,,,,,,,,,,9.0,,,,,,,,,,,,,,,,,,,,,,,,12.0,,,,,,,,,
1992-02-09 03:00:00,,,,,,,,,,0.0,,,,,,,,,,,,,,,,,,,,,,,,,,,,,,,,,,,,,,,,,,,,
1992-02-09 04:00:00,,,,,,,,,,0.0,,,,,,,,,,,,,,,,,,,,,,,,,,,,,,,,,,,,,,,,,,,,
1992-02-09 05:00:00,1015.4,1018.9,12.1,11.0,93.0,1.3,135.0,,,0.0,0.0,,,13.5,13.5,13.8,14.1,,,,10.0,,,,,,,,,,,,,,,,,,,,,14.4,,,12.0,,,,,,,,,
1992-02-09 06:00:00,,,,,,,,,,0.0,,,,,,,,,,,,,,,,,,,,,,,,,,,,,,,,,,,,,,,,,,,,
1992-02-09 07:00:00,,,,,,,,,,0.0,,,,,,,,,,,,,,,,,,,,,,,,,,,,,,,,,,,,,,,,,,,,
1992-02-09 08:00:00,1015.9,1019.4,13.1,11.9,92.0,2.0,135.0,,,0.0,0.0,0.0,,,,,,,,,10.0,,,,,,,,,,,,,,,,,,,,,,,,5.0,,,,,,,,,
1992-02-09 09:00:00,1016.6,1020.1,13.9,12.1,89.0,0.4,360.0,,,0.0,0.0,0.0,,,,,,,,,10.0,,,,,,,,,,,,,,,,,,,,,,,,8.0,,,,,,,,,
1992-02-09 10:00:00,,,,,,,,,,0.0,,,,,,,,,,,,,,,,,,,,,,,,,,,,,,,,,,,,,,,,,,,,
1992-02-09 11:00:00,1015.5,1019.0,15.4,13.7,90.0,2.1,360.0,,,0.0,0.0,0.0,,,,,,,,,10.0,,,,,,,,,,,,,,,,,,,,,,,,8.0,,,,,,,,,
1992-02-09 12:00:00,,,,,,,,,,0.0,,,,,,,,,,,,,,,,,,,,,,,,,,,,,,,,,,,,,,,,,,,,
1992-02-09 13:00:00,,,,,,,,,,0.0,,,,,,,,,,,,,,,,,,,,,,,,,,,,,,,,,,,,,,,,,,,,
1992-02-09 14:00:00,1014.0,1017.5,14.2,13.2,94.0,4.8,360.0,,,-9.8,0.4,0.0,,14.8,14.4,14.6,14.5,,,,10.0,,,,,,,,,,,,,,,,,,,,,14.4,,,8.0,,,,,,,,,
1992-02-09 15:00:00,,,,,,,,,,0.1,,,,,,,,,,,,,,,,,,,,,,,,,,,,,,,,,,,,,,,,,,,,
1992-02-09 16:00:00,,,,,,,,,,0.4,,,,,,,,,,,,,,,,,,,,,,,,,,,,,,,,,,,,,,,,,,,,
1992-02-09 17:00:00,1013.7,1017.2,13.4,12.5,94.0,4.4,45.0,,,0.6,1.0,0.0,,,,,,,,,10.0,,,,,,,,,,,,,,,,,,,,,,,,8.0,,,,,,,,,
1992-02-09 18:00:00,,,,,,,,,,0.6,,,,,,,,,,,,,,,,,,,,,,,,,,,,,,,,,,,,,,,,,,,,
1992-02-09 19:00:00,,,,,,,,,,1.0,,,,,,,,,,,,,,,,,,,,,,,,,,,,,,,,,,,,,,,,,,,,
1992-02-09 20:00:00,1014.5,1018.0,13.5,12.7,95.0,3.6,22.5,,,1.6,1.0,,,,,,,,,,10.0,,,,,,,,,,,,,,,,,,,,,,,,8.0,,,,,,,,,
1992-02-09 21:00:00,1015.4,1018.9,13.6,12.8,95.0,3.5,45.0,,,3.1,1.0,,,14.3,14.0,14.6,14.6,,,,10.0,,,,,,,,,,,,,,,,,,,,,14.5,,,8.0,,,,,,,,,
1992-02-09 22:00:00,,,,,,,,,,1.0,,,,,,,,,,,,,,,,,,,,,,,,,,,,,,,,,,,,,,,,,,,,
1992-02-09 23:00:00,1015.2,1018.7,13.6,12.8,95.0,3.5,22.5,,,3.7,1.0,,,,,,,,,,10.0,,,,,,,,,,,,,,,,,,,,,,,,6.0,,,,,,,,,
1992-02-10 00:00:00,,,,,,,,,,2.7,,,,,,,,,,,,,,,,,,,,,,,,,,,,,,,,,,,,,,,,,,,,
1992-02-10 01:00:00,,,,,,,,,,4.6,,,,,,,,,,,,,,,,,,,,,,,,,,,,,,,,,,,,,,,,,,,,
1992-02-10 02:00:00,1015.5,1019.0,13.0,12.2,95.0,3.4,22.5,,,2.3,1.0,,,,,,,,,,10.0,,,,,,,,,,,,,,,,,,,,,,,,6.0,,,,,,,,,
1992-02-10 03:00:00,,,,,,,,,,0.4,,,,,,,,,,,,,,,,,,,,,,,,,,,,,,,,,,,,,,,,,,,,
1992-02-10 04:00:00,,,,,,,,,,0.0,,,,,,,,,,,,,,,,,,,,,,,,,,,,,,,,,,,,,,,,,,,,
1992-02-10 05:00:00,1014.8,1018.3,12.6,12.0,96.0,2.7,45.0,,,0.0,0.0,,,14.1,13.8,14.4,14.5,,,,10.0,,,,,,,,,,,,,,,,,,,,,14.4,,,8.0,,,,,,,,,
1992-02-10 06:00:00,,,,,,,,,,0.0,,,,,,,,,,,,,,,,,,,,,,,,,,,,,,,,,,,,,,,,,,,,
1992-02-10 07:00:00,,,,,,,,,,-9.8,,,,,,,,,,,,,,,,,,,,,,,,,,,,,,,,,,,,,,,,,,,,
1992-02-10 08:00:00,1015.7,1019.2,13.4,12.8,96.0,4.2,22.5,,,0.1,0.6,0.0,,,,,,,,,10.0,,,,,,,,,,,,,,,,,,,,,,,,8.0,,,,,,,,,
1992-02-10 09:00:00,1015.5,1019.0,14.2,13.1,93.0,5.1,45.0,,,0.0,0.0,0.0,,,,,,,,,10.0,,,,,,,,,,,,,,,,,,,,,,,,12.0,,,,,,,,,
1992-02-10 10:00:00,,,,,,,,,,0.0,,,,,,,,,,,,,,,,,,,,,,,,,,,,,,,,,,,,,,,,,,,,
1992-02-10 11:00:00,1015.8,1019.3,13.8,12.6,92.0,6.6,22.5,,,0.0,0.0,0.0,,,,,,,,,10.0,,,,,,,,,,,,,,,,,,,,,,,,8.0,,,,,,,,,
1992-02-10 12:00:00,,,,,,,,,,0.1,,,,,,,,,,,,,,,,,,,,,,,,,,,,,,,,,,,,,,,,,,,,
1992-02-10 13:00:00,,,,,,,,,,0.1,,,,,,,,,,,,,,,,,,,,,,,,,,,,,,,,,,,,,,,,,,,,
1992-02-10 14:00:00,1013.6,1017.1,13.2,12.3,94.0,5.3,45.0,,,0.1,1.0,0.0,,14.6,14.3,14.7,14.7,,,,10.0,,,,,,,,,,,,,,,,,,,,,14.7,,,8.0,,,,,,,,,
1992-02-10 15:00:00,,,,,,,,,,0.1,,,,,,,,,,,,,,,,,,,,,,,,,,,,,,,,,,,,,,,,,,,,
1992-02-10 16:00:00,,,,,,,,,,0.1,,,,,,,,,,,,,,,,,,,,,,,,,,,,,,,,,,,,,,,,,,,,
1992-02-10 17:00:00,1014.4,1017.9,13.5,12.7,95.0,5.7,22.5,,,1.5,1.0,0.0,,,,,,,,,10.0,,,,,,,,,,,,,,,,,,,,,,,,6.0,,,,,,,,,
1992-02-10 18:00:00,,,,,,,,,,6.1,,,,,,,,,,,,,,,,,,,,,,,,,,,,,,,,,,,,,,,,,,,,
1992-02-10 19:00:00,,,,,,,,,,2.0,,,,,,,,,,,,,,,,,,,,,,,,,,,,,,,,,,,,,,,,,,,,
1992-02-10 20:00:00,1013.9,1017.4,13.8,13.1,96.0,4.7,22.5,,,0.5,1.0,,,,,,,,,,10.0,,,,,,,,,,,,,,,,,,,,,,,,6.0,,,,,,,,,
1992-02-10 21:00:00,1013.6,1017.1,13.8,12.9,94.0,4.1,45.0,,,0.3,1.0,,,14.4,14.3,14.5,14.6,,,,10.0,,,,,,,,,,,,,,,,,,,,,14.6,,,8.0,,,,,,,,,
1992-02-10 22:00:00,,,,,,,,,,3.9,,,,,,,,,,,,,,,,,,,,,,,,,,,,,,,,,,,,,,,,,,,,
1992-02-10 23:00:00,1014.2,1017.7,14.1,13.5,96.0,3.5,22.5,,,2.1,1.0,,,,,,,,,,10.0,,,,,,,,,,,,,,,,,,,,,,,,8.0,,,,,,,,,
1992-02-11 00:00:00,,,,,,,,,,1.6,,,,,,,,,,,,,,,,,,,,,,,,,,,,,,,,,,,,,,,,,,,,
1992-02-11 01:00:00,,,,,,,,,,1.6,,,,,,,,,,,,,,,,,,,,,,,,,,,,,,,,,,,,,,,,,,,,
1992-02-11 02:00:00,1013.0,1016.5,14.0,13.3,96.0,2.9,360.0,,,0.8,1.0,,,,,,,,,,10.0,,,,,,,,,,,,,,,,,,,,,,,,8.0,,,,,,,,,
1992-02-11 03:00:00,,,,,,,,,,1.8,,,,,,,,,,,,,,,,,,,,,,,,,,,,,,,,,,,,,,,,,,,,
1992-02-11 04:00:00,,,,,,,,,,2.0,,,,,,,,,,,,,,,,,,,,,,,,,,,,,,,,,,,,,,,,,,,,
1992-02-11 05:00:00,1013.0,1016.5,14.2,13.5,96.0,3.2,360.0,,,2.6,1.0,,,14.4,14.3,14.6,14.6,,,,10.0,,,,,,,,,,,,,,,,,,,,,14.6,,,8.0,,,,,,,,,
1992-02-11 06:00:00,,,,,,,,,,3.5,,,,,,,,,,,,,,,,,,,,,,,,,,,,,,,,,,,,,,,,,,,,
1992-02-11 07:00:00,,,,,,,,,,4.7,,,,,,,,,,,,,,,,,,,,,,,,,,,,,,,,,,,,,,,,,,,,
1992-02-11 08:00:00,1013.9,1017.4,13.7,12.9,95.0,3.1,45.0,,,3.3,1.0,0.0,,,,,,,,,10.0,,,,,,,,,,,,,,,,,,,,,,,,6.0,,,,,,,,,
1992-02-11 09:00:00,1013.0,1016.5,13.8,13.1,96.0,5.1,22.5,,,1.1,1.0,0.0,,,,,,,,,10.0,,,,,,,,,,,,,,,,,,,,,,,,8.0,,,,,,,,,
1992-02-11 10:00:00,,,,,,,,,,0.2,,,,,,,,,,,,,,,,,,,,,,,,,,,,,,,,,,,,,,,,,,,,
1992-02-11 11:00:00,1013.5,1017.0,14.6,13.9,96.0,3.2,22.5,,,0.1,0.3,0.0,,,,,,,,,10.0,,,,,,,,,,,,,,,,,,,,,,,,8.0,,,,,,,,,
1992-02-11 12:00:00,,,,,,,,,,0.0,,,,,,,,,,,,,,,,,,,,,,,,,,,,,,,,,,,,,,,,,,,,
1992-02-11 13:00:00,,,,,,,,,,0.0,,,,,,,,,,,,,,,,,,,,,,,,,,,,,,,,,,,,,,,,,,,,
1992-02-11 14:00:00,1010.8,1014.3,13.4,12.4,94.0,6.5,22.5,,,0.0,0.0,0.0,,14.6,14.3,14.8,14.5,,,,10.0,,,,,,,,,,,,,,,,,,,,,14.4,,,8.0,,,,,,,,,
1992-02-11 15:00:00,,,,,,,,,,2.7,,,,,,,,,,,,,,,,,,,,,,,,,,,,,,,,,,,,,,,,,,,,
1992-02-11 16:00:00,,,,,,,,,,2.5,,,,,,,,,,,,,,,,,,,,,,,,,,,,,,,,,,,,,,,,,,,,
1992-02-11 17:00:00,1012.9,1016.4,12.6,11.8,95.0,2.3,67.5,,,3.9,1.0,0.0,,,,,,,,,10.0,,,,,,,,,,,,,,,,,,,,,,,,6.0,,,,,,,,,
1992-02-11 18:00:00,,,,,,,,,,3.5,,,,,,,,,,,,,,,,,,,,,,,,,,,,,,,,,,,,,,,,,,,,
1992-02-11 19:00:00,,,,,,,,,,2.7,,,,,,,,,,,,,,,,,,,,,,,,,,,,,,,,,,,,,,,,,,,,
1992-02-11 20:00:00,1013.9,1017.4,13.0,12.3,96.0,2.7,67.5,,,4.0,1.0,,,,,,,,,,10.0,,,,,,,,,,,,,,,,,,,,,,,,6.0,,,,,,,,,
1992-02-11 21:00:00,1013.1,1016.6,13.2,12.7,97.0,0.6,22.5,,,2.8,1.0,,,13.9,13.6,14.4,14.5,,,,10.0,,,,,,,,,,,,,,,,,,,,,14.3,,,6.0,,,,,,,,,
1992-02-11 22:00:00,,,,,,,,,,2.4,,,,,,,,,,,,,,,,,,,,,,,,,,,,,,,,,,,,,,,,,,,,
1992-02-11 23:00:00,1013.8,1017.3,13.7,13.0,96.0,2.1,22.5,,,0.8,1.0,,,,,,,,,,10.0,,,,,,,,,,,,,,,,,,,,,,,,6.0,,,,,,,,,
1992-02-12 00:00:00,,,,,,,,,,2.7,,,,,,,,,,,,,,,,,,,,,,,,,,,,,,,,,,,,,,,,,,,,
1992-02-12 01:00:00,,,,,,,,,,2.1,,,,,,,,,,,,,,,,,,,,,,,,,,,,,,,,,,,,,,,,,,,,
1992-02-12 02:00:00,1013.4,1016.9,13.4,12.9,97.0,1.9,22.5,,,2.8,1.0,,,,,,,,,,10.0,,,,,,,,,,,,,,,,,,,,,,,,6.0,,,,,,,,,
1992-02-12 03:00:00,,,,,,,,,,2.5,,,,,,,,,,,,,,,,,,,,,,,,,,,,,,,,,,,,,,,,,,,,
1992-02-12 04:00:00,,,,,,,,,,1.1,,,,,,,,,,,,,,,,,,,,,,,,,,,,,,,,,,,,,,,,,,,,
1992-02-12 05:00:00,1012.3,1015.8,13.3,12.6,96.0,4.1,22.5,,,0.4,0.4,,,14.1,13.8,14.4,14.4,,,,10.0,,,,,,,,,,,,,,,,,,,,,14.2,,,6.0,,,,,,,,,
1992-02-12 06:00:00,,,,,,,,,,0.2,,,,,,,,,,,,,,,,,,,,,,,,,,,,,,,,,,,,,,,,,,,,
1992-02-12 07:00:00,,,,,,,,,,0.4,,,,,,,,,,,,,,,,,,,,,,,,,,,,,,,,,,,,,,,,,,,,
1992-02-12 08:00:00,1013.4,1016.9,13.3,12.4,94.0,4.5,112.5,,,0.6,1.0,0.0,,,,,,,,,10.0,,,,,,,,,,,,,,,,,,,,,,,,6.0,,,,,,,,,
1992-02-12 09:00:00,1015.4,1018.9,13.5,12.6,94.0,3.5,360.0,,,0.8,1.0,0.0,,,,,,,,,10.0,,,,,,,,,,,,,,,,,,,,,,,,6.0,,,,,,,,,
1992-02-12 10:00:00,,,,,,,,,,0.1,,,,,,,,,,,,,,,,,,,,,,,,,,,,,,,,,,,,,,,,,,,,
1992-02-12 11:00:00,1014.4,1017.9,13.5,12.5,94.0,4.4,22.5,,,0.0,0.0,0.0,,,,,,,,,10.0,,,,,,,,,,,,,,,,,,,,,,,,8.0,,,,,,,,,
1992-02-12 12:00:00,,,,,,,,,,0.0,,,,,,,,,,,,,,,,,,,,,,,,,,,,,,,,,,,,,,,,,,,,
1992-02-12 13:00:00,,,,,,,,,,0.0,,,,,,,,,,,,,,,,,,,,,,,,,,,,,,,,,,,,,,,,,,,,
1992-02-12 14:00:00,1012.1,1015.6,13.2,12.5,96.0,5.5,22.5,,,-9.8,0.2,0.0,,14.6,14.0,14.5,14.4,,,,10.0,,,,,,,,,,,,,,,,,,,,,14.3,,,6.0,,,,,,,,,
1992-02-12 15:00:00,,,,,,,,,,-9.8,,,,,,,,,,,,,,,,,,,,,,,,,,,,,,,,,,,,,,,,,,,,
1992-02-12 16:00:00,,,,,,,,,,0.1,,,,,,,,,,,,,,,,,,,,,,,,,,,,,,,,,,,,,,,,,,,,
1992-02-12 17:00:00,1013.3,1016.8,12.0,11.3,95.0,4.7,22.5,,,0.1,1.0,0.0,,,,,,,,,10.0,,,,,,,,,,,,,,,,,,,,,,,,6.0,,,,,,,,,
1992-02-12 18:00:00,,,,,,,,,,1.4,,,,,,,,,,,,,,,,,,,,,,,,,,,,,,,,,,,,,,,,,,,,
1992-02-12 19:00:00,,,,,,,,,,2.1,,,,,,,,,,,,,,,,,,,,,,,,,,,,,,,,,,,,,,,,,,,,
1992-02-12 20:00:00,1013.4,1016.9,12.6,12.0,96.0,2.0,90.0,,,0.8,1.0,,,,,,,,,,10.0,,,,,,,,,,,,,,,,,,,,,,,,6.0,,,,,,,,,
1992-02-12 21:00:00,1013.3,1016.8,13.0,12.1,94.0,4.5,360.0,,,1.4,1.0,,,13.7,13.6,14.2,14.3,,,,10.0,,,,,,,,,,,,,,,,,,,,,14.1,,,6.0,,,,,,,,,
1992-02-12 22:00:00,,,,,,,,,,1.1,,,,,,,,,,,,,,,,,,,,,,,,,,,,,,,,,,,,,,,,,,,,
1992-02-12 23:00:00,1014.3,1017.8,13.2,12.3,94.0,5.4,360.0,,,0.5,1.0,,,,,,,,,,10.0,,,,,,,,,,,,,,,,,,,,,,,,6.0,,,,,,,,,
1992-02-13 00:00:00,,,,,,,,,,1.7,,,,,,,,,,,,,,,,,,,,,,,,,,,,,,,,,,,,,,,,,,,,
1992-02-13 01:00:00,,,,,,,,,,1.6,,,,,,,,,,,,,,,,,,,,,,,,,,,,,,,,,,,,,,,,,,,,
1992-02-13 02:00:00,1014.2,1017.7,12.9,12.1,95.0,4.8,22.5,,,0.2,0.4,,,,,,,,,,10.0,,,,,,,,,,,,,,,,,,,,,,,,6.0,,,,,,,,,
1992-02-13 03:00:00,,,,,,,,,,0.1,,,,,,,,,,,,,,,,,,,,,,,,,,,,,,,,,,,,,,,,,,,,
1992-02-13 04:00:00,,,,,,,,,,0.0,,,,,,,,,,,,,,,,,,,,,,,,,,,,,,,,,,,,,,,,,,,,
1992-02-13 05:00:00,1015.1,1018.6,11.0,9.1,88.0,4.7,45.0,,,0.0,0.0,,,13.4,13.3,14.0,14.1,,,,10.0,,,,,,,,,,,,,,,,,,,,,13.8,,,8.0,,,,,,,,,
1992-02-13 06:00:00,,,,,,,,,,0.0,,,,,,,,,,,,,,,,,,,,,,,,,,,,,,,,,,,,,,,,,,,,
1992-02-13 07:00:00,,,,,,,,,,0.0,,,,,,,,,,,,,,,,,,,,,,,,,,,,,,,,,,,,,,,,,,,,
1992-02-13 08:00:00,1016.6,1020.1,10.9,10.3,96.0,5.9,22.5,,,0.2,0.5,0.0,,,,,,,,,10.0,,,,,,,,,,,,,,,,,,,,,,,,8.0,,,,,,,,,
1992-02-13 09:00:00,1017.5,1021.0,11.0,10.3,95.0,4.0,22.5,,,0.2,1.0,0.0,,,,,,,,,10.0,,,,,,,,,,,,,,,,,,,,,,,,6.0,,,,,,,,,
1992-02-13 10:00:00,,,,,,,,,,0.5,,,,,,,,,,,,,,,,,,,,,,,,,,,,,,,,,,,,,,,,,,,,
1992-02-13 11:00:00,1016.2,1019.7,12.1,10.6,91.0,4.5,45.0,,,0.2,0.3,0.0,,,,,,,,,10.0,,,,,,,,,,,,,,,,,,,,,,,,8.0,,,,,,,,,
1992-02-13 12:00:00,,,,,,,,,,0.0,,,,,,,,,,,,,,,,,,,,,,,,,,,,,,,,,,,,,,,,,,,,
1992-02-13 13:00:00,,,,,,,,,,0.0,,,,,,,,,,,,,,,,,,,,,,,,,,,,,,,,,,,,,,,,,,,,
1992-02-13 14:00:00,1014.4,1017.9,13.0,9.6,80.0,5.9,45.0,,,0.0,0.0,0.0,,14.1,13.5,14.0,13.9,,,,10.0,,,,,,,,,,,,,,,,,,,,,13.8,,,8.0,,,,,,,,,
1992-02-13 15:00:00,,,,,,,,,,0.0,,,,,,,,,,,,,,,,,,,,,,,,,,,,,,,,,,,,,,,,,,,,
1992-02-13 16:00:00,,,,,,,,,,1.2,,,,,,,,,,,,,,,,,,,,,,,,,,,,,,,,,,,,,,,,,,,,
1992-02-13 17:00:00,1014.8,1018.3,12.2,10.4,89.0,4.0,22.5,,,-9.8,0.6,0.0,,,,,,,,,10.0,,,,,,,,,,,,,,,,,,,,,,,,8.0,,,,,,,,,
1992-02-13 18:00:00,,,,,,,,,,1.7,,,,,,,,,,,,,,,,,,,,,,,,,,,,,,,,,,,,,,,,,,,,
1992-02-13 19:00:00,,,,,,,,,,-9.8,,,,,,,,,,,,,,,,,,,,,,,,,,,,,,,,,,,,,,,,,,,,
1992-02-13 20:00:00,1016.0,1019.5,12.1,11.3,95.0,2.5,45.0,,,0.6,0.5,,,,,,,,,,10.0,,,,,,,,,,,,,,,,,,,,,,,,7.0,,,,,,,,,
1992-02-13 21:00:00,1015.3,1018.8,12.4,11.3,93.0,3.2,45.0,,,0.5,1.0,,,13.3,13.2,13.7,13.8,,,,10.0,,,,,,,,,,,,,,,,,,,,,13.9,,,7.0,,,,,,,,,
1992-02-13 22:00:00,,,,,,,,,,2.2,,,,,,,,,,,,,,,,,,,,,,,,,,,,,,,,,,,,,,,,,,,,
1992-02-13 23:00:00,1014.9,1018.4,12.3,9.9,85.0,2.5,45.0,,,0.8,0.4,,,,,,,,,,9.0,,,,,,,,,,,,,,,,,,,,,,,,7.0,,,,,,,,,
1992-02-14 00:00:00,,,,,,,,,,-9.8,,,,,,,,,,,,,,,,,,,,,,,,,,,,,,,,,,,,,,,,,,,,
1992-02-14 01:00:00,,,,,,,,,,0.0,,,,,,,,,,,,,,,,,,,,,,,,,,,,,,,,,,,,,,,,,,,,
1992-02-14 02:00:00,1013.9,1017.4,11.9,11.3,96.0,0.1,0.0,,,0.0,0.0,,,,,,,,,,10.0,,,,,,,,,,,,,,,,,,,,,,,,8.0,,,,,,,,,
1992-02-14 03:00:00,,,,,,,,,,0.0,,,,,,,,,,,,,,,,,,,,,,,,,,,,,,,,,,,,,,,,,,,,
1992-02-14 04:00:00,,,,,,,,,,0.0,,,,,,,,,,,,,,,,,,,,,,,,,,,,,,,,,,,,,,,,,,,,
1992-02-14 05:00:00,1014.1,1017.6,11.9,11.5,97.0,1.2,135.0,,,0.0,0.0,,,13.4,12.8,13.3,13.7,,,,9.0,,,,,,,,,,,,,,,,,,,,,13.5,,,8.0,,,,,,,,,
1992-02-14 06:00:00,,,,,,,,,,0.0,,,,,,,,,,,,,,,,,,,,,,,,,,,,,,,,,,,,,,,,,,,,
1992-02-14 07:00:00,,,,,,,,,,0.0,,,,,,,,,,,,,,,,,,,,,,,,,,,,,,,,,,,,,,,,,,,,
1992-02-14 08:00:00,1014.5,1018.0,12.9,12.4,97.0,0.6,157.5,,,0.0,0.0,0.5,,,,,,,,,7.0,,,,,,,,,,,,,,,,,,,,,,,,10.0,,,,,,,,,
1992-02-14 09:00:00,1014.4,1017.9,16.1,13.8,86.0,0.7,157.5,,,0.0,0.0,1.0,,,,,,,,,1.0,,,,,,,,,,,,,,,,,,,,,,,,12.0,,,,,,,,,
1992-02-14 10:00:00,,,,,,,,,,0.0,,,,,,,,,,,,,,,,,,,,,,,,,,,,,,,,,,,,,,,,,,,,
1992-02-14 11:00:00,1014.7,1018.1,18.3,14.1,76.0,2.2,270.0,,,0.0,0.0,1.0,,,,,,,,,2.0,,,,,,,,,,,,,,,,,,,,,,,,10.0,,,,,,,,,
1992-02-14 12:00:00,,,,,,,,,,0.0,,,,,,,,,,,,,,,,,,,,,,,,,,,,,,,,,,,,,,,,,,,,
1992-02-14 13:00:00,,,,,,,,,,0.0,,,,,,,,,,,,,,,,,,,,,,,,,,,,,,,,,,,,,,,,,,,,
1992-02-14 14:00:00,1012.2,1015.6,18.2,15.1,82.0,3.0,360.0,,,0.0,0.0,0.3,,17.1,16.0,15.5,14.6,,,,8.0,,,,,,,,,,,,,,,,,,,,,13.8,,,10.0,,,,,,,,,
1992-02-14 15:00:00,,,,,,,,,,0.0,,,,,,,,,,,,,,,,,,,,,,,,,,,,,,,,,,,,,,,,,,,,
1992-02-14 16:00:00,,,,,,,,,,0.0,,,,,,,,,,,,,,,,,,,,,,,,,,,,,,,,,,,,,,,,,,,,
1992-02-14 17:00:00,1010.6,1014.1,16.7,14.7,88.0,2.4,22.5,,,0.0,0.0,0.0,,,,,,,,,10.0,,,,,,,,,,,,,,,,,,,,,,,,6.0,,,,,,,,,
1992-02-14 18:00:00,,,,,,,,,,0.0,,,,,,,,,,,,,,,,,,,,,,,,,,,,,,,,,,,,,,,,,,,,
1992-02-14 19:00:00,,,,,,,,,,-9.8,,,,,,,,,,,,,,,,,,,,,,,,,,,,,,,,,,,,,,,,,,,,
1992-02-14 20:00:00,1009.1,1012.6,16.3,15.4,94.0,2.0,292.5,,,2.7,1.0,,,,,,,,,,10.0,,,,,,,,,,,,,,,,,,,,,,,,5.0,,,,,,,,,
1992-02-14 21:00:00,1008.6,1012.0,16.4,15.5,94.0,0.1,0.0,,,0.1,1.0,,,16.1,15.8,15.5,15.5,,,,10.0,,,,,,,,,,,,,,,,,,,,,14.8,,,5.0,,,,,,,,,
1992-02-14 22:00:00,,,,,,,,,,0.4,,,,,,,,,,,,,,,,,,,,,,,,,,,,,,,,,,,,,,,,,,,,
1992-02-14 23:00:00,1009.4,1012.9,16.3,15.7,96.0,1.5,337.5,,,0.7,1.0,,,,,,,,,,10.0,,,,,,,,,,,,,,,,,,,,,,,,5.0,,,,,,,,,
1992-02-15 00:00:00,,,,,,,,,,3.2,,,,,,,,,,,,,,,,,,,,,,,,,,,,,,,,,,,,,,,,,,,,
1992-02-15 01:00:00,,,,,,,,,,1.9,,,,,,,,,,,,,,,,,,,,,,,,,,,,,,,,,,,,,,,,,,,,
1992-02-15 02:00:00,1006.4,1009.8,15.7,15.4,98.0,1.4,22.5,,,3.6,1.0,,,,,,,,,,10.0,,,,,,,,,,,,,,,,,,,,,,,,5.0,,,,,,,,,
1992-02-15 03:00:00,,,,,,,,,,7.2,,,,,,,,,,,,,,,,,,,,,,,,,,,,,,,,,,,,,,,,,,,,
1992-02-15 04:00:00,,,,,,,,,,11.7,,,,,,,,,,,,,,,,,,,,,,,,,,,,,,,,,,,,,,,,,,,,
1992-02-15 05:00:00,1006.8,1010.3,15.1,14.5,96.0,1.4,22.5,,,9.1,1.0,,,15.7,15.5,15.7,15.5,,,,10.0,,,,,,,,,,,,,,,,,,,,,15.1,,,5.0,,,,,,,,,
1992-02-15 06:00:00,,,,,,,,,,2.9,,,,,,,,,,,,,,,,,,,,,,,,,,,,,,,,,,,,,,,,,,,,
1992-02-15 07:00:00,,,,,,,,,,1.6,,,,,,,,,,,,,,,,,,,,,,,,,,,,,,,,,,,,,,,,,,,,
1992-02-15 08:00:00,1009.6,1013.1,14.2,13.6,96.0,3.2,360.0,,,8.2,1.0,0.0,,,,,,,,,10.0,,,,,,,,,,,,,,,,,,,,,,,,5.0,,,,,,,,,
1992-02-15 09:00:00,1010.9,1014.4,14.2,13.4,95.0,0.6,45.0,,,5.0,1.0,0.0,,,,,,,,,10.0,,,,,,,,,,,,,,,,,,,,,,,,5.0,,,,,,,,,
1992-02-15 10:00:00,,,,,,,,,,2.5,,,,,,,,,,,,,,,,,,,,,,,,,,,,,,,,,,,,,,,,,,,,
1992-02-15 11:00:00,1009.9,1013.4,14.4,13.4,94.0,0.6,67.5,,,1.5,1.0,0.0,,,,,,,,,10.0,,,,,,,,,,,,,,,,,,,,,,,,8.0,,,,,,,,,
1992-02-15 12:00:00,,,,,,,,,,0.6,,,,,,,,,,,,,,,,,,,,,,,,,,,,,,,,,,,,,,,,,,,,
1992-02-15 13:00:00,,,,,,,,,,0.3,,,,,,,,,,,,,,,,,,,,,,,,,,,,,,,,,,,,,,,,,,,,
1992-02-15 14:00:00,1009.4,1012.9,12.7,11.9,95.0,4.9,22.5,,,1.5,1.0,0.0,,15.1,15.1,15.3,15.3,,,,10.0,,,,,,,,,,,,,,,,,,,,,15.3,,,8.0,,,,,,,,,
1992-02-15 15:00:00,,,,,,,,,,0.4,,,,,,,,,,,,,,,,,,,,,,,,,,,,,,,,,,,,,,,,,,,,
1992-02-15 16:00:00,,,,,,,,,,-9.8,,,,,,,,,,,,,,,,,,,,,,,,,,,,,,,,,,,,,,,,,,,,
1992-02-15 17:00:00,1011.0,1014.5,12.0,10.4,90.0,4.6,45.0,,,0.0,0.0,0.0,,,,,,,,,10.0,,,,,,,,,,,,,,,,,,,,,,,,6.0,,,,,,,,,
1992-02-15 18:00:00,,,,,,,,,,0.0,,,,,,,,,,,,,,,,,,,,,,,,,,,,,,,,,,,,,,,,,,,,
1992-02-15 19:00:00,,,,,,,,,,0.0,,,,,,,,,,,,,,,,,,,,,,,,,,,,,,,,,,,,,,,,,,,,
1992-02-15 20:00:00,1013.1,1016.6,12.6,10.5,87.0,2.0,90.0,,,0.0,0.0,,,,,,,,,,10.0,,,,,,,,,,,,,,,,,,,,,,,,6.0,,,,,,,,,
1992-02-15 21:00:00,1013.3,1016.8,12.8,10.6,86.0,2.4,67.5,,,0.0,0.0,,,14.1,14.1,14.7,14.8,,,,10.0,,,,,,,,,,,,,,,,,,,,,14.9,,,6.0,,,,,,,,,
1992-02-15 22:00:00,,,,,,,,,,0.0,,,,,,,,,,,,,,,,,,,,,,,,,,,,,,,,,,,,,,,,,,,,
1992-02-15 23:00:00,1012.7,1016.2,12.9,10.8,87.0,4.8,67.5,,,0.2,0.3,,,,,,,,,,10.0,,,,,,,,,,,,,,,,,,,,,,,,6.0,,,,,,,,,
1992-02-16 00:00:00,,,,,,,,,,0.2,,,,,,,,,,,,,,,,,,,,,,,,,,,,,,,,,,,,,,,,,,,,
1992-02-16 01:00:00,,,,,,,,,,0.0,,,,,,,,,,,,,,,,,,,,,,,,,,,,,,,,,,,,,,,,,,,,
1992-02-16 02:00:00,1012.8,1016.3,12.7,10.1,84.0,5.6,45.0,,,0.0,0.0,,,,,,,,,,10.0,,,,,,,,,,,,,,,,,,,,,,,,6.0,,,,,,,,,
1992-02-16 03:00:00,,,,,,,,,,0.0,,,,,,,,,,,,,,,,,,,,,,,,,,,,,,,,,,,,,,,,,,,,
1992-02-16 04:00:00,,,,,,,,,,0.0,,,,,,,,,,,,,,,,,,,,,,,,,,,,,,,,,,,,,,,,,,,,
1992-02-16 05:00:00,1014.6,1018.1,11.9,9.6,86.0,3.3,45.0,,,0.8,0.5,,,13.3,13.3,14.1,14.3,,,,10.0,,,,,,,,,,,,,,,,,,,,,14.4,,,6.0,,,,,,,,,
1992-02-16 06:00:00,,,,,,,,,,-9.8,,,,,,,,,,,,,,,,,,,,,,,,,,,,,,,,,,,,,,,,,,,,
1992-02-16 07:00:00,,,,,,,,,,0.0,,,,,,,,,,,,,,,,,,,,,,,,,,,,,,,,,,,,,,,,,,,,
1992-02-16 08:00:00,1015.7,1019.2,12.3,7.3,71.0,3.9,22.5,,,0.0,0.0,0.0,,,,,,,,,10.0,,,,,,,,,,,,,,,,,,,,,,,,8.0,,,,,,,,,
1992-02-16 09:00:00,1015.8,1019.3,13.0,7.6,70.0,6.3,67.5,,,0.0,0.0,0.0,,,,,,,,,10.0,,,,,,,,,,,,,,,,,,,,,,,,8.0,,,,,,,,,
1992-02-16 10:00:00,,,,,,,,,,0.0,,,,,,,,,,,,,,,,,,,,,,,,,,,,,,,,,,,,,,,,,,,,
1992-02-16 11:00:00,1015.3,1018.8,13.7,7.6,67.0,6.0,45.0,,,0.0,0.0,0.0,,,,,,,,,10.0,,,,,,,,,,,,,,,,,,,,,,,,8.0,,,,,,,,,
1992-02-16 12:00:00,,,,,,,,,,0.0,,,,,,,,,,,,,,,,,,,,,,,,,,,,,,,,,,,,,,,,,,,,
1992-02-16 13:00:00,,,,,,,,,,0.0,,,,,,,,,,,,,,,,,,,,,,,,,,,,,,,,,,,,,,,,,,,,
1992-02-16 14:00:00,1013.9,1017.4,13.9,8.5,70.0,5.4,45.0,,,0.0,0.0,0.0,,13.8,13.8,14.1,14.1,,,,10.0,,,,,,,,,,,,,,,,,,,,,14.3,,,10.0,,,,,,,,,
1992-02-16 15:00:00,,,,,,,,,,-9.8,,,,,,,,,,,,,,,,,,,,,,,,,,,,,,,,,,,,,,,,,,,,
1992-02-16 16:00:00,,,,,,,,,,0.2,,,,,,,,,,,,,,,,,,,,,,,,,,,,,,,,,,,,,,,,,,,,
1992-02-16 17:00:00,1013.2,1016.7,12.9,9.5,80.0,6.6,67.5,,,0.0,0.0,0.0,,,,,,,,,10.0,,,,,,,,,,,,,,,,,,,,,,,,10.0,,,,,,,,,
1992-02-16 18:00:00,,,,,,,,,,0.0,,,,,,,,,,,,,,,,,,,,,,,,,,,,,,,,,,,,,,,,,,,,
1992-02-16 19:00:00,,,,,,,,,,0.0,,,,,,,,,,,,,,,,,,,,,,,,,,,,,,,,,,,,,,,,,,,,
1992-02-16 20:00:00,1014.1,1017.6,13.0,10.1,83.0,4.5,45.0,,,0.0,0.0,,,,,,,,,,10.0,,,,,,,,,,,,,,,,,,,,,,,,10.0,,,,,,,,,
1992-02-16 21:00:00,1014.3,1017.8,12.4,10.7,89.0,3.6,45.0,,,0.9,1.0,,,13.4,13.4,13.8,14.0,,,,10.0,,,,,,,,,,,,,,,,,,,,,14.1,,,6.0,,,,,,,,,
1992-02-16 22:00:00,,,,,,,,,,0.6,,,,,,,,,,,,,,,,,,,,,,,,,,,,,,,,,,,,,,,,,,,,
1992-02-16 23:00:00,1013.3,1016.8,12.7,11.0,89.0,3.8,67.5,,,-9.8,1.0,,,,,,,,,,10.0,,,,,,,,,,,,,,,,,,,,,,,,6.0,,,,,,,,,
1992-02-17 00:00:00,,,,,,,,,,0.5,,,,,,,,,,,,,,,,,,,,,,,,,,,,,,,,,,,,,,,,,,,,
1992-02-17 01:00:00,,,,,,,,,,-9.8,,,,,,,,,,,,,,,,,,,,,,,,,,,,,,,,,,,,,,,,,,,,
1992-02-17 02:00:00,1013.6,1017.1,12.6,11.5,93.0,1.7,360.0,,,-9.8,1.0,,,,,,,,,,10.0,,,,,,,,,,,,,,,,,,,,,,,,6.0,,,,,,,,,
1992-02-17 03:00:00,,,,,,,,,,-9.8,,,,,,,,,,,,,,,,,,,,,,,,,,,,,,,,,,,,,,,,,,,,
1992-02-17 04:00:00,,,,,,,,,,-9.8,,,,,,,,,,,,,,,,,,,,,,,,,,,,,,,,,,,,,,,,,,,,
1992-02-17 05:00:00,1013.3,1016.8,12.8,12.0,95.0,1.0,45.0,,,0.4,1.0,,,13.4,13.4,13.7,13.9,,,,10.0,,,,,,,,,,,,,,,,,,,,,14.1,,,6.0,,,,,,,,,
1992-02-17 06:00:00,,,,,,,,,,-9.8,,,,,,,,,,,,,,,,,,,,,,,,,,,,,,,,,,,,,,,,,,,,
1992-02-17 07:00:00,,,,,,,,,,-9.8,,,,,,,,,,,,,,,,,,,,,,,,,,,,,,,,,,,,,,,,,,,,
1992-02-17 08:00:00,1014.0,1017.5,13.1,12.5,96.0,2.1,90.0,,,1.2,1.0,0.0,,,,,,,,,10.0,,,,,,,,,,,,,,,,,,,,,,,,6.0,,,,,,,,,
1992-02-17 09:00:00,1013.6,1017.1,13.4,12.4,94.0,2.4,112.5,,,0.9,1.0,0.0,,,,,,,,,10.0,,,,,,,,,,,,,,,,,,,,,,,,8.0,,,,,,,,,
1992-02-17 10:00:00,,,,,,,,,,0.1,,,,,,,,,,,,,,,,,,,,,,,,,,,,,,,,,,,,,,,,,,,,
1992-02-17 11:00:00,1013.3,1016.8,15.1,13.6,91.0,2.9,360.0,,,0.0,0.0,0.0,,,,,,,,,10.0,,,,,,,,,,,,,,,,,,,,,,,,12.0,,,,,,,,,
1992-02-17 12:00:00,,,,,,,,,,0.0,,,,,,,,,,,,,,,,,,,,,,,,,,,,,,,,,,,,,,,,,,,,
1992-02-17 13:00:00,,,,,,,,,,0.0,,,,,,,,,,,,,,,,,,,,,,,,,,,,,,,,,,,,,,,,,,,,
1992-02-17 14:00:00,1011.6,1015.1,15.7,14.3,91.0,2.5,45.0,,,0.8,0.3,0.0,,15.2,14.6,14.6,14.3,,,,10.0,,,,,,,,,,,,,,,,,,,,,14.0,,,10.0,,,,,,,,,
1992-02-17 15:00:00,,,,,,,,,,0.2,,,,,,,,,,,,,,,,,,,,,,,,,,,,,,,,,,,,,,,,,,,,
1992-02-17 16:00:00,,,,,,,,,,0.0,,,,,,,,,,,,,,,,,,,,,,,,,,,,,,,,,,,,,,,,,,,,
1992-02-17 17:00:00,1010.7,1014.2,16.5,14.6,89.0,2.6,45.0,,,0.0,0.0,0.0,,,,,,,,,10.0,,,,,,,,,,,,,,,,,,,,,,,,10.0,,,,,,,,,
1992-02-17 18:00:00,,,,,,,,,,0.0,,,,,,,,,,,,,,,,,,,,,,,,,,,,,,,,,,,,,,,,,,,,
1992-02-17 19:00:00,,,,,,,,,,0.0,,,,,,,,,,,,,,,,,,,,,,,,,,,,,,,,,,,,,,,,,,,,
1992-02-17 20:00:00,1011.0,1014.5,15.8,14.6,93.0,1.8,22.5,,,0.0,0.0,,,,,,,,,,10.0,,,,,,,,,,,,,,,,,,,,,,,,10.0,,,,,,,,,
1992-02-17 21:00:00,1010.7,1014.2,16.1,14.7,91.0,1.0,360.0,,,0.0,0.0,,,15.3,14.8,15.1,14.9,,,,10.0,,,,,,,,,,,,,,,,,,,,,14.4,,,10.0,,,,,,,,,
1992-02-17 22:00:00,,,,,,,,,,0.0,,,,,,,,,,,,,,,,,,,,,,,,,,,,,,,,,,,,,,,,,,,,
1992-02-17 23:00:00,1010.5,1014.0,15.3,14.5,95.0,1.3,112.5,,,0.0,0.0,,,,,,,,,,10.0,,,,,,,,,,,,,,,,,,,,,,,,8.0,,,,,,,,,
1992-02-18 00:00:00,,,,,,,,,,0.0,,,,,,,,,,,,,,,,,,,,,,,,,,,,,,,,,,,,,,,,,,,,
1992-02-18 01:00:00,,,,,,,,,,0.0,,,,,,,,,,,,,,,,,,,,,,,,,,,,,,,,,,,,,,,,,,,,
1992-02-18 02:00:00,1010.3,1013.8,14.8,14.1,96.0,1.1,135.0,,,0.0,0.0,,,,,,,,,,10.0,,,,,,,,,,,,,,,,,,,,,,,,8.0,,,,,,,,,
1992-02-18 03:00:00,,,,,,,,,,0.0,,,,,,,,,,,,,,,,,,,,,,,,,,,,,,,,,,,,,,,,,,,,
1992-02-18 04:00:00,,,,,,,,,,4.2,,,,,,,,,,,,,,,,,,,,,,,,,,,,,,,,,,,,,,,,,,,,
1992-02-18 05:00:00,1011.5,1015.0,14.8,14.5,98.0,1.1,90.0,,,3.3,1.0,,,15.1,14.7,15.1,14.9,,,,10.0,,,,,,,,,,,,,,,,,,,,,14.6,,,8.0,,,,,,,,,
1992-02-18 06:00:00,,,,,,,,,,2.5,,,,,,,,,,,,,,,,,,,,,,,,,,,,,,,,,,,,,,,,,,,,
1992-02-18 07:00:00,,,,,,,,,,0.2,,,,,,,,,,,,,,,,,,,,,,,,,,,,,,,,,,,,,,,,,,,,
1992-02-18 08:00:00,1013.0,1016.5,15.3,14.8,97.0,2.6,360.0,,,-9.8,0.2,0.0,,,,,,,,,10.0,,,,,,,,,,,,,,,,,,,,,,,,8.0,,,,,,,,,
1992-02-18 09:00:00,1013.6,1017.1,14.3,13.6,96.0,4.3,22.5,,,0.2,0.9,0.0,,,,,,,,,10.0,,,,,,,,,,,,,,,,,,,,,,,,5.0,,,,,,,,,
1992-02-18 10:00:00,,,,,,,,,,2.3,,,,,,,,,,,,,,,,,,,,,,,,,,,,,,,,,,,,,,,,,,,,
1992-02-18 11:00:00,1014.3,1017.8,14.7,14.1,96.0,1.6,22.5,,,1.3,1.0,0.0,,,,,,,,,10.0,,,,,,,,,,,,,,,,,,,,,,,,5.0,,,,,,,,,
1992-02-18 12:00:00,,,,,,,,,,0.4,,,,,,,,,,,,,,,,,,,,,,,,,,,,,,,,,,,,,,,,,,,,
1992-02-18 13:00:00,,,,,,,,,,0.0,,,,,,,,,,,,,,,,,,,,,,,,,,,,,,,,,,,,,,,,,,,,
1992-02-18 14:00:00,1011.9,1015.4,16.0,14.6,91.0,2.6,360.0,,,0.0,0.0,0.0,,15.6,15.3,15.3,15.0,,,,10.0,,,,,,,,,,,,,,,,,,,,,14.8,,,8.0,,,,,,,,,
1992-02-18 15:00:00,,,,,,,,,,0.0,,,,,,,,,,,,,,,,,,,,,,,,,,,,,,,,,,,,,,,,,,,,
1992-02-18 16:00:00,,,,,,,,,,0.0,,,,,,,,,,,,,,,,,,,,,,,,,,,,,,,,,,,,,,,,,,,,
1992-02-18 17:00:00,1013.0,1016.5,15.6,14.7,94.0,3.4,22.5,,,0.0,0.0,0.0,,,,,,,,,10.0,,,,,,,,,,,,,,,,,,,,,,,,5.0,,,,,,,,,
1992-02-18 18:00:00,,,,,,,,,,0.0,,,,,,,,,,,,,,,,,,,,,,,,,,,,,,,,,,,,,,,,,,,,
1992-02-18 19:00:00,,,,,,,,,,0.0,,,,,,,,,,,,,,,,,,,,,,,,,,,,,,,,,,,,,,,,,,,,
1992-02-18 20:00:00,1012.7,1016.2,15.8,14.7,93.0,3.5,22.5,,,0.0,0.0,,,,,,,,,,10.0,,,,,,,,,,,,,,,,,,,,,,,,6.0,,,,,,,,,
1992-02-18 21:00:00,1013.2,1016.7,16.0,14.8,93.0,3.8,22.5,,,0.0,0.0,,,15.6,15.5,15.5,15.2,,,,10.0,,,,,,,,,,,,,,,,,,,,,14.8,,,6.0,,,,,,,,,
1992-02-18 22:00:00,,,,,,,,,,0.0,,,,,,,,,,,,,,,,,,,,,,,,,,,,,,,,,,,,,,,,,,,,
1992-02-18 23:00:00,1013.8,1017.3,16.0,15.0,94.0,4.2,22.5,,,0.8,0.6,,,,,,,,,,10.0,,,,,,,,,,,,,,,,,,,,,,,,5.0,,,,,,,,,
1992-02-19 00:00:00,,,,,,,,,,0.4,,,,,,,,,,,,,,,,,,,,,,,,,,,,,,,,,,,,,,,,,,,,
1992-02-19 01:00:00,,,,,,,,,,-9.8,,,,,,,,,,,,,,,,,,,,,,,,,,,,,,,,,,,,,,,,,,,,
1992-02-19 02:00:00,1011.7,1015.2,15.7,14.8,94.0,3.0,22.5,,,0.4,1.0,,,,,,,,,,10.0,,,,,,,,,,,,,,,,,,,,,,,,5.0,,,,,,,,,
1992-02-19 03:00:00,,,,,,,,,,2.4,,,,,,,,,,,,,,,,,,,,,,,,,,,,,,,,,,,,,,,,,,,,
1992-02-19 04:00:00,,,,,,,,,,2.0,,,,,,,,,,,,,,,,,,,,,,,,,,,,,,,,,,,,,,,,,,,,
1992-02-19 05:00:00,1011.1,1014.6,15.2,14.3,94.0,4.2,45.0,,,0.2,1.0,,,15.5,15.3,15.2,15.0,,,,10.0,,,,,,,,,,,,,,,,,,,,,14.8,,,5.0,,,,,,,,,
1992-02-19 06:00:00,,,,,,,,,,-9.8,,,,,,,,,,,,,,,,,,,,,,,,,,,,,,,,,,,,,,,,,,,,
1992-02-19 07:00:00,,,,,,,,,,-9.8,,,,,,,,,,,,,,,,,,,,,,,,,,,,,,,,,,,,,,,,,,,,
1992-02-19 08:00:00,1012.8,1016.3,14.2,13.3,94.0,5.8,22.5,,,2.9,1.0,0.0,,,,,,,,,10.0,,,,,,,,,,,,,,,,,,,,,,,,6.0,,,,,,,,,
1992-02-19 09:00:00,1013.1,1016.6,14.0,12.7,92.0,6.9,45.0,,,-9.8,0.2,0.0,,,,,,,,,10.0,,,,,,,,,,,,,,,,,,,,,,,,8.0,,,,,,,,,
1992-02-19 10:00:00,,,,,,,,,,0.7,,,,,,,,,,,,,,,,,,,,,,,,,,,,,,,,,,,,,,,,,,,,
1992-02-19 11:00:00,1012.8,1016.3,14.0,12.6,91.0,5.1,45.0,,,-9.8,0.2,0.0,,,,,,,,,10.0,,,,,,,,,,,,,,,,,,,,,,,,12.0,,,,,,,,,
1992-02-19 12:00:00,,,,,,,,,,0.8,,,,,,,,,,,,,,,,,,,,,,,,,,,,,,,,,,,,,,,,,,,,
1992-02-19 13:00:00,,,,,,,,,,0.4,,,,,,,,,,,,,,,,,,,,,,,,,,,,,,,,,,,,,,,,,,,,
1992-02-19 14:00:00,1010.4,1013.9,14.4,13.2,92.0,5.2,22.5,,,0.0,0.0,0.0,,15.1,14.8,15.1,15.2,,,,10.0,,,,,,,,,,,,,,,,,,,,,14.9,,,12.0,,,,,,,,,
1992-02-19 15:00:00,,,,,,,,,,2.1,,,,,,,,,,,,,,,,,,,,,,,,,,,,,,,,,,,,,,,,,,,,
1992-02-19 16:00:00,,,,,,,,,,0.7,,,,,,,,,,,,,,,,,,,,,,,,,,,,,,,,,,,,,,,,,,,,
1992-02-19 17:00:00,1010.2,1013.7,13.4,12.4,94.0,6.2,22.5,,,4.7,1.0,0.0,,,,,,,,,10.0,,,,,,,,,,,,,,,,,,,,,,,,8.0,,,,,,,,,
1992-02-19 18:00:00,,,,,,,,,,2.9,,,,,,,,,,,,,,,,,,,,,,,,,,,,,,,,,,,,,,,,,,,,
1992-02-19 19:00:00,,,,,,,,,,0.3,,,,,,,,,,,,,,,,,,,,,,,,,,,,,,,,,,,,,,,,,,,,
1992-02-19 20:00:00,1011.4,1014.9,12.5,11.3,92.0,8.6,45.0,,,0.7,0.3,,,,,,,,,,10.0,,,,,,,,,,,,,,,,,,,,,,,,8.0,,,,,,,,,
1992-02-19 21:00:00,1011.9,1015.4,12.2,11.0,92.0,9.0,22.5,,,1.0,1.0,,,14.0,13.9,14.7,14.9,,,,10.0,,,,,,,,,,,,,,,,,,,,,14.7,,,8.0,,,,,,,,,
1992-02-19 22:00:00,,,,,,,,,,1.4,,,,,,,,,,,,,,,,,,,,,,,,,,,,,,,,,,,,,,,,,,,,
1992-02-19 23:00:00,1012.5,1016.0,11.7,10.7,94.0,8.3,22.5,,,3.1,1.0,,,,,,,,,,10.0,,,,,,,,,,,,,,,,,,,,,,,,8.0,,,,,,,,,
1992-02-20 00:00:00,,,,,,,,,,1.8,,,,,,,,,,,,,,,,,,,,,,,,,,,,,,,,,,,,,,,,,,,,
1992-02-20 01:00:00,,,,,,,,,,1.0,,,,,,,,,,,,,,,,,,,,,,,,,,,,,,,,,,,,,,,,,,,,
1992-02-20 02:00:00,1013.8,1017.3,11.6,11.0,96.0,5.5,45.0,,,3.7,1.0,,,,,,,,,,10.0,,,,,,,,,,,,,,,,,,,,,,,,6.0,,,,,,,,,
1992-02-20 03:00:00,,,,,,,,,,1.3,,,,,,,,,,,,,,,,,,,,,,,,,,,,,,,,,,,,,,,,,,,,
1992-02-20 04:00:00,,,,,,,,,,1.1,,,,,,,,,,,,,,,,,,,,,,,,,,,,,,,,,,,,,,,,,,,,
1992-02-20 05:00:00,1014.3,1017.8,11.0,10.9,99.0,6.2,22.5,,,0.2,1.0,,,13.0,12.9,13.9,14.2,,,,10.0,,,,,,,,,,,,,,,,,,,,,14.2,,,5.0,,,,,,,,,
1992-02-20 06:00:00,,,,,,,,,,0.2,,,,,,,,,,,,,,,,,,,,,,,,,,,,,,,,,,,,,,,,,,,,
1992-02-20 07:00:00,,,,,,,,,,0.2,,,,,,,,,,,,,,,,,,,,,,,,,,,,,,,,,,,,,,,,,,,,
1992-02-20 08:00:00,1016.3,1019.8,10.6,10.1,96.0,7.6,22.5,,,0.2,1.0,0.0,,,,,,,,,10.0,,,,,,,,,,,,,,,,,,,,,,,,8.0,,,,,,,,,
1992-02-20 09:00:00,1017.9,1021.5,9.9,9.3,96.0,7.8,22.5,,,1.1,1.0,0.0,,,,,,,,,10.0,,,,,,,,,,,,,,,,,,,,,,,,5.0,,,,,,,,,
1992-02-20 10:00:00,,,,,,,,,,0.5,,,,,,,,,,,,,,,,,,,,,,,,,,,,,,,,,,,,,,,,,,,,
1992-02-20 11:00:00,1017.9,1021.4,10.4,9.3,93.0,6.3,45.0,,,0.5,1.0,0.0,,,,,,,,,10.0,,,,,,,,,,,,,,,,,,,,,,,,5.0,,,,,,,,,
1992-02-20 12:00:00,,,,,,,,,,-9.8,,,,,,,,,,,,,,,,,,,,,,,,,,,,,,,,,,,,,,,,,,,,
1992-02-20 13:00:00,,,,,,,,,,-9.8,,,,,,,,,,,,,,,,,,,,,,,,,,,,,,,,,,,,,,,,,,,,
1992-02-20 14:00:00,1016.5,1020.0,12.3,10.6,89.0,6.7,45.0,,,-9.8,1.0,0.0,,14.1,13.3,13.7,13.8,,,,10.0,,,,,,,,,,,,,,,,,,,,,13.9,,,6.0,,,,,,,,,
1992-02-20 15:00:00,,,,,,,,,,-9.8,,,,,,,,,,,,,,,,,,,,,,,,,,,,,,,,,,,,,,,,,,,,
1992-02-20 16:00:00,,,,,,,,,,-9.8,,,,,,,,,,,,,,,,,,,,,,,,,,,,,,,,,,,,,,,,,,,,
1992-02-20 17:00:00,1017.7,1021.2,12.1,9.2,82.0,6.2,45.0,,,0.0,0.0,0.0,,,,,,,,,10.0,,,,,,,,,,,,,,,,,,,,,,,,12.0,,,,,,,,,
1992-02-20 18:00:00,,,,,,,,,,0.0,,,,,,,,,,,,,,,,,,,,,,,,,,,,,,,,,,,,,,,,,,,,
1992-02-20 19:00:00,,,,,,,,,,0.0,,,,,,,,,,,,,,,,,,,,,,,,,,,,,,,,,,,,,,,,,,,,
1992-02-20 20:00:00,1019.0,1022.5,11.5,9.6,88.0,5.8,67.5,,,0.0,0.0,,,,,,,,,,10.0,,,,,,,,,,,,,,,,,,,,,,,,8.0,,,,,,,,,
1992-02-20 21:00:00,1019.6,1023.1,11.5,9.7,89.0,6.1,45.0,,,0.0,0.0,,,12.9,13.0,13.7,13.8,,,,10.0,,,,,,,,,,,,,,,,,,,,,13.9,,,8.0,,,,,,,,,
1992-02-20 22:00:00,,,,,,,,,,0.0,,,,,,,,,,,,,,,,,,,,,,,,,,,,,,,,,,,,,,,,,,,,
1992-02-20 23:00:00,1018.5,1022.0,11.8,8.8,82.0,7.6,45.0,,,0.0,0.0,,,,,,,,,,8.0,,,,,,,,,,,,,,,,,,,,,,,,10.0,,,,,,,,,
1992-02-21 00:00:00,,,,,,,,,,0.0,,,,,,,,,,,,,,,,,,,,,,,,,,,,,,,,,,,,,,,,,,,,
1992-02-21 01:00:00,,,,,,,,,,0.0,,,,,,,,,,,,,,,,,,,,,,,,,,,,,,,,,,,,,,,,,,,,
1992-02-21 02:00:00,1018.2,1021.7,12.4,8.4,77.0,7.3,45.0,,,0.0,0.0,,,,,,,,,,10.0,,,,,,,,,,,,,,,,,,,,,,,,12.0,,,,,,,,,
1992-02-21 03:00:00,,,,,,,,,,0.0,,,,,,,,,,,,,,,,,,,,,,,,,,,,,,,,,,,,,,,,,,,,
1992-02-21 04:00:00,,,,,,,,,,0.0,,,,,,,,,,,,,,,,,,,,,,,,,,,,,,,,,,,,,,,,,,,,
1992-02-21 05:00:00,1018.2,1021.7,13.0,7.3,68.0,7.4,45.0,,,0.0,0.0,,,12.5,12.5,13.0,13.3,,,,10.0,,,,,,,,,,,,,,,,,,,,,13.6,,,12.0,,,,,,,,,
1992-02-21 06:00:00,,,,,,,,,,0.0,,,,,,,,,,,,,,,,,,,,,,,,,,,,,,,,,,,,,,,,,,,,
1992-02-21 07:00:00,,,,,,,,,,0.0,,,,,,,,,,,,,,,,,,,,,,,,,,,,,,,,,,,,,,,,,,,,
1992-02-21 08:00:00,1020.5,1024.0,13.3,7.7,69.0,6.9,45.0,,,0.0,0.0,0.0,,,,,,,,,10.0,,,,,,,,,,,,,,,,,,,,,,,,15.0,,,,,,,,,
1992-02-21 09:00:00,1020.9,1024.4,13.6,7.9,68.0,6.8,45.0,,,0.0,0.0,0.0,,,,,,,,,10.0,,,,,,,,,,,,,,,,,,,,,,,,15.0,,,,,,,,,
1992-02-21 10:00:00,,,,,,,,,,0.0,,,,,,,,,,,,,,,,,,,,,,,,,,,,,,,,,,,,,,,,,,,,
1992-02-21 11:00:00,1021.1,1024.6,14.2,8.0,66.0,7.9,45.0,,,0.0,0.0,0.0,,,,,,,,,10.0,,,,,,,,,,,,,,,,,,,,,,,,15.0,,,,,,,,,
1992-02-21 12:00:00,,,,,,,,,,0.0,,,,,,,,,,,,,,,,,,,,,,,,,,,,,,,,,,,,,,,,,,,,
1992-02-21 13:00:00,,,,,,,,,,0.0,,,,,,,,,,,,,,,,,,,,,,,,,,,,,,,,,,,,,,,,,,,,
1992-02-21 14:00:00,1019.4,1022.9,14.5,8.7,68.0,5.7,45.0,,,0.0,0.0,0.1,,14.3,13.8,13.8,13.6,,,,10.0,,,,,,,,,,,,,,,,,,,,,13.5,,,18.0,,,,,,,,,
1992-02-21 15:00:00,,,,,,,,,,0.0,,,,,,,,,,,,,,,,,,,,,,,,,,,,,,,,,,,,,,,,,,,,
1992-02-21 16:00:00,,,,,,,,,,0.0,,,,,,,,,,,,,,,,,,,,,,,,,,,,,,,,,,,,,,,,,,,,
1992-02-21 17:00:00,1019.7,1023.2,13.0,9.1,77.0,5.8,45.0,,,0.0,0.0,0.0,,,,,,,,,10.0,,,,,,,,,,,,,,,,,,,,,,,,12.0,,,,,,,,,
1992-02-21 18:00:00,,,,,,,,,,0.0,,,,,,,,,,,,,,,,,,,,,,,,,,,,,,,,,,,,,,,,,,,,
1992-02-21 19:00:00,,,,,,,,,,0.0,,,,,,,,,,,,,,,,,,,,,,,,,,,,,,,,,,,,,,,,,,,,
1992-02-21 20:00:00,1020.7,1024.2,12.9,9.0,77.0,5.6,67.5,,,0.0,0.0,,,,,,,,,,10.0,,,,,,,,,,,,,,,,,,,,,,,,12.0,,,,,,,,,
1992-02-21 21:00:00,1021.4,1024.9,12.7,9.3,80.0,4.7,45.0,,,0.0,0.0,,,13.3,13.1,13.7,13.8,,,,10.0,,,,,,,,,,,,,,,,,,,,,13.8,,,12.0,,,,,,,,,
1992-02-21 22:00:00,,,,,,,,,,0.0,,,,,,,,,,,,,,,,,,,,,,,,,,,,,,,,,,,,,,,,,,,,
1992-02-21 23:00:00,1020.7,1024.2,12.9,9.3,79.0,4.1,67.5,,,0.0,0.0,,,,,,,,,,10.0,,,,,,,,,,,,,,,,,,,,,,,,12.0,,,,,,,,,
1992-02-22 00:00:00,,,,,,,,,,0.0,,,,,,,,,,,,,,,,,,,,,,,,,,,,,,,,,,,,,,,,,,,,
1992-02-22 01:00:00,,,,,,,,,,0.0,,,,,,,,,,,,,,,,,,,,,,,,,,,,,,,,,,,,,,,,,,,,
1992-02-22 02:00:00,1018.8,1022.3,12.8,9.5,80.0,2.7,45.0,,,0.0,0.0,,,,,,,,,,10.0,,,,,,,,,,,,,,,,,,,,,,,,12.0,,,,,,,,,
1992-02-22 03:00:00,,,,,,,,,,0.0,,,,,,,,,,,,,,,,,,,,,,,,,,,,,,,,,,,,,,,,,,,,
1992-02-22 04:00:00,,,,,,,,,,0.0,,,,,,,,,,,,,,,,,,,,,,,,,,,,,,,,,,,,,,,,,,,,
1992-02-22 05:00:00,1019.2,1022.7,12.0,10.7,92.0,1.7,45.0,,,0.6,0.9,,,13.1,13.0,13.5,13.7,,,,10.0,,,,,,,,,,,,,,,,,,,,,13.7,,,8.0,,,,,,,,,
1992-02-22 06:00:00,,,,,,,,,,1.8,,,,,,,,,,,,,,,,,,,,,,,,,,,,,,,,,,,,,,,,,,,,
1992-02-22 07:00:00,,,,,,,,,,2.4,,,,,,,,,,,,,,,,,,,,,,,,,,,,,,,,,,,,,,,,,,,,
1992-02-22 08:00:00,1021.3,1024.8,12.0,11.3,95.0,2.8,45.0,,,1.8,1.0,0.0,,,,,,,,,10.0,,,,,,,,,,,,,,,,,,,,,,,,5.0,,,,,,,,,
1992-02-22 09:00:00,1021.9,1025.4,12.5,11.3,92.0,2.3,360.0,,,0.3,1.0,0.0,,,,,,,,,10.0,,,,,,,,,,,,,,,,,,,,,,,,8.0,,,,,,,,,
1992-02-22 10:00:00,,,,,,,,,,0.6,,,,,,,,,,,,,,,,,,,,,,,,,,,,,,,,,,,,,,,,,,,,
1992-02-22 11:00:00,1020.7,1024.2,13.2,12.4,95.0,0.4,45.0,,,0.2,1.0,0.0,,,,,,,,,10.0,,,,,,,,,,,,,,,,,,,,,,,,8.0,,,,,,,,,
1992-02-22 12:00:00,,,,,,,,,,-9.8,,,,,,,,,,,,,,,,,,,,,,,,,,,,,,,,,,,,,,,,,,,,
1992-02-22 13:00:00,,,,,,,,,,-9.8,,,,,,,,,,,,,,,,,,,,,,,,,,,,,,,,,,,,,,,,,,,,
1992-02-22 14:00:00,1019.2,1022.7,13.9,12.6,92.0,0.3,67.5,,,0.2,1.0,0.0,,14.1,13.5,13.7,13.6,,,,10.0,,,,,,,,,,,,,,,,,,,,,13.5,,,8.0,,,,,,,,,
1992-02-22 15:00:00,,,,,,,,,,0.4,,,,,,,,,,,,,,,,,,,,,,,,,,,,,,,,,,,,,,,,,,,,
1992-02-22 16:00:00,,,,,,,,,,-9.8,,,,,,,,,,,,,,,,,,,,,,,,,,,,,,,,,,,,,,,,,,,,
1992-02-22 17:00:00,1019.4,1022.9,13.6,13.0,96.0,0.8,90.0,,,-9.8,0.1,0.0,,,,,,,,,10.0,,,,,,,,,,,,,,,,,,,,,,,,5.0,,,,,,,,,
1992-02-22 18:00:00,,,,,,,,,,0.4,,,,,,,,,,,,,,,,,,,,,,,,,,,,,,,,,,,,,,,,,,,,
1992-02-22 19:00:00,,,,,,,,,,-9.8,,,,,,,,,,,,,,,,,,,,,,,,,,,,,,,,,,,,,,,,,,,,
1992-02-22 20:00:00,1020.1,1023.6,13.4,12.5,94.0,3.4,45.0,,,-9.8,0.1,,,,,,,,,,10.0,,,,,,,,,,,,,,,,,,,,,,,,4.0,,,,,,,,,
1992-02-22 21:00:00,1020.2,1023.7,13.3,12.2,93.0,3.7,22.5,,,0.0,0.0,,,14.0,13.6,14.0,13.9,,,,10.0,,,,,,,,,,,,,,,,,,,,,13.6,,,4.0,,,,,,,,,
1992-02-22 22:00:00,,,,,,,,,,0.0,,,,,,,,,,,,,,,,,,,,,,,,,,,,,,,,,,,,,,,,,,,,
1992-02-22 23:00:00,1020.7,1024.2,13.7,12.7,94.0,1.6,22.5,,,0.4,0.8,,,,,,,,,,10.0,,,,,,,,,,,,,,,,,,,,,,,,5.0,,,,,,,,,
1992-02-23 00:00:00,,,,,,,,,,0.6,,,,,,,,,,,,,,,,,,,,,,,,,,,,,,,,,,,,,,,,,,,,
1992-02-23 01:00:00,,,,,,,,,,1.0,,,,,,,,,,,,,,,,,,,,,,,,,,,,,,,,,,,,,,,,,,,,
1992-02-23 02:00:00,1019.6,1023.1,13.5,12.9,96.0,2.0,67.5,,,0.9,1.0,,,,,,,,,,10.0,,,,,,,,,,,,,,,,,,,,,,,,5.0,,,,,,,,,
1992-02-23 03:00:00,,,,,,,,,,0.4,,,,,,,,,,,,,,,,,,,,,,,,,,,,,,,,,,,,,,,,,,,,
1992-02-23 04:00:00,,,,,,,,,,0.9,,,,,,,,,,,,,,,,,,,,,,,,,,,,,,,,,,,,,,,,,,,,
1992-02-23 05:00:00,1019.4,1022.9,13.5,12.9,96.0,2.9,360.0,,,1.3,1.0,,,14.0,13.6,14.0,14.0,,,,10.0,,,,,,,,,,,,,,,,,,,,,13.8,,,5.0,,,,,,,,,
1992-02-23 06:00:00,,,,,,,,,,2.0,,,,,,,,,,,,,,,,,,,,,,,,,,,,,,,,,,,,,,,,,,,,
1992-02-23 07:00:00,,,,,,,,,,0.8,,,,,,,,,,,,,,,,,,,,,,,,,,,,,,,,,,,,,,,,,,,,
1992-02-23 08:00:00,1020.2,1023.7,13.4,12.8,96.0,2.2,22.5,,,0.7,1.0,0.0,,,,,,,,,10.0,,,,,,,,,,,,,,,,,,,,,,,,5.0,,,,,,,,,
1992-02-23 09:00:00,1020.3,1023.8,13.5,12.8,96.0,2.8,22.5,,,0.1,1.0,0.0,,,,,,,,,10.0,,,,,,,,,,,,,,,,,,,,,,,,5.0,,,,,,,,,
1992-02-23 10:00:00,,,,,,,,,,-9.8,,,,,,,,,,,,,,,,,,,,,,,,,,,,,,,,,,,,,,,,,,,,
1992-02-23 11:00:00,1020.3,1023.8,13.0,12.6,97.0,3.3,22.5,,,-9.8,1.0,0.0,,,,,,,,,10.0,,,,,,,,,,,,,,,,,,,,,,,,3.0,,,,,,,,,
1992-02-23 12:00:00,,,,,,,,,,0.4,,,,,,,,,,,,,,,,,,,,,,,,,,,,,,,,,,,,,,,,,,,,
1992-02-23 13:00:00,,,,,,,,,,-9.8,,,,,,,,,,,,,,,,,,,,,,,,,,,,,,,,,,,,,,,,,,,,
1992-02-23 14:00:00,1018.8,1022.3,12.4,11.5,94.0,3.9,22.5,,,-9.8,1.0,0.0,,14.1,14.0,14.1,14.1,,,,10.0,,,,,,,,,,,,,,,,,,,,,14.0,,,3.0,,,,,,,,,
1992-02-23 15:00:00,,,,,,,,,,-9.8,,,,,,,,,,,,,,,,,,,,,,,,,,,,,,,,,,,,,,,,,,,,
1992-02-23 16:00:00,,,,,,,,,,0.0,,,,,,,,,,,,,,,,,,,,,,,,,,,,,,,,,,,,,,,,,,,,
1992-02-23 17:00:00,1019.1,1022.6,12.7,11.0,89.0,1.4,67.5,,,0.0,0.0,0.0,,,,,,,,,10.0,,,,,,,,,,,,,,,,,,,,,,,,8.0,,,,,,,,,
1992-02-23 18:00:00,,,,,,,,,,0.0,,,,,,,,,,,,,,,,,,,,,,,,,,,,,,,,,,,,,,,,,,,,
1992-02-23 19:00:00,,,,,,,,,,0.0,,,,,,,,,,,,,,,,,,,,,,,,,,,,,,,,,,,,,,,,,,,,
1992-02-23 20:00:00,1020.6,1024.1,12.2,10.5,89.0,2.4,112.5,,,0.0,0.0,,,,,,,,,,10.0,,,,,,,,,,,,,,,,,,,,,,,,8.0,,,,,,,,,
1992-02-23 21:00:00,1020.8,1024.3,12.3,10.6,89.0,2.5,112.5,,,0.0,0.0,,,13.5,13.6,14.0,14.0,,,,7.0,,,,,,,,,,,,,,,,,,,,,13.9,,,8.0,,,,,,,,,
1992-02-23 22:00:00,,,,,,,,,,0.0,,,,,,,,,,,,,,,,,,,,,,,,,,,,,,,,,,,,,,,,,,,,
1992-02-23 23:00:00,1021.4,1024.9,11.7,9.9,89.0,1.6,90.0,,,0.0,0.0,,,,,,,,,,2.0,,,,,,,,,,,,,,,,,,,,,,,,12.0,,,,,,,,,
1992-02-24 00:00:00,,,,,,,,,,0.0,,,,,,,,,,,,,,,,,,,,,,,,,,,,,,,,,,,,,,,,,,,,
1992-02-24 01:00:00,,,,,,,,,,0.0,,,,,,,,,,,,,,,,,,,,,,,,,,,,,,,,,,,,,,,,,,,,
1992-02-24 02:00:00,1021.4,1024.9,11.9,9.0,82.0,3.2,90.0,,,0.0,0.0,,,,,,,,,,6.0,,,,,,,,,,,,,,,,,,,,,,,,12.0,,,,,,,,,
1992-02-24 03:00:00,,,,,,,,,,0.0,,,,,,,,,,,,,,,,,,,,,,,,,,,,,,,,,,,,,,,,,,,,
1992-02-24 04:00:00,,,,,,,,,,0.0,,,,,,,,,,,,,,,,,,,,,,,,,,,,,,,,,,,,,,,,,,,,
1992-02-24 05:00:00,1022.5,1026.1,9.5,7.1,85.0,1.9,67.5,,,0.0,0.0,,,12.3,12.5,13.1,13.6,,,,0.0,,,,,,,,,,,,,,,,,,,,,13.7,,,12.0,,,,,,,,,
1992-02-24 06:00:00,,,,,,,,,,0.0,,,,,,,,,,,,,,,,,,,,,,,,,,,,,,,,,,,,,,,,,,,,
1992-02-24 07:00:00,,,,,,,,,,0.0,,,,,,,,,,,,,,,,,,,,,,,,,,,,,,,,,,,,,,,,,,,,
1992-02-24 08:00:00,1024.1,1027.7,12.4,8.1,75.0,6.2,67.5,,,0.0,0.0,0.0,,,,,,,,,1.0,,,,,,,,,,,,,,,,,,,,,,,,12.0,,,,,,,,,
1992-02-24 09:00:00,1024.4,1027.9,13.4,8.6,73.0,6.9,67.5,,,0.0,0.0,0.8,,,,,,,,,2.0,,,,,,,,,,,,,,,,,,,,,,,,12.0,,,,,,,,,
1992-02-24 10:00:00,,,,,,,,,,0.0,,,,,,,,,,,,,,,,,,,,,,,,,,,,,,,,,,,,,,,,,,,,
1992-02-24 11:00:00,1023.8,1027.3,15.8,7.3,57.0,7.3,67.5,,,0.0,0.0,1.0,,,,,,,,,5.0,,,,,,,,,,,,,,,,,,,,,,,,15.0,,,,,,,,,
1992-02-24 12:00:00,,,,,,,,,,0.0,,,,,,,,,,,,,,,,,,,,,,,,,,,,,,,,,,,,,,,,,,,,
1992-02-24 13:00:00,,,,,,,,,,0.0,,,,,,,,,,,,,,,,,,,,,,,,,,,,,,,,,,,,,,,,,,,,
1992-02-24 14:00:00,1022.1,1025.6,15.0,6.3,56.0,8.3,22.5,,,0.0,0.0,1.0,,15.6,14.8,14.5,13.9,,,,0.0,,,,,,,,,,,,,,,,,,,,,13.6,,,15.0,,,,,,,,,
1992-02-24 15:00:00,,,,,,,,,,0.0,,,,,,,,,,,,,,,,,,,,,,,,,,,,,,,,,,,,,,,,,,,,
1992-02-24 16:00:00,,,,,,,,,,0.0,,,,,,,,,,,,,,,,,,,,,,,,,,,,,,,,,,,,,,,,,,,,
1992-02-24 17:00:00,1022.0,1025.5,13.0,5.2,59.0,7.1,22.5,,,0.0,0.0,0.9,,,,,,,,,0.0,,,,,,,,,,,,,,,,,,,,,,,,15.0,,,,,,,,,
1992-02-24 18:00:00,,,,,,,,,,0.0,,,,,,,,,,,,,,,,,,,,,,,,,,,,,,,,,,,,,,,,,,,,
1992-02-24 19:00:00,,,,,,,,,,0.0,,,,,,,,,,,,,,,,,,,,,,,,,,,,,,,,,,,,,,,,,,,,
1992-02-24 20:00:00,1023.2,1026.8,10.2,5.0,70.0,3.2,45.0,,,0.0,0.0,,,,,,,,,,0.0,,,,,,,,,,,,,,,,,,,,,,,,12.0,,,,,,,,,
1992-02-24 21:00:00,1022.9,1026.5,10.2,4.6,68.0,2.5,67.5,,,0.0,0.0,,,12.8,12.8,13.8,14.0,,,,0.0,,,,,,,,,,,,,,,,,,,,,13.8,,,12.0,,,,,,,,,
1992-02-24 22:00:00,,,,,,,,,,0.0,,,,,,,,,,,,,,,,,,,,,,,,,,,,,,,,,,,,,,,,,,,,
1992-02-24 23:00:00,1022.7,1026.3,9.0,4.6,74.0,2.0,67.5,,,0.0,0.0,,,,,,,,,,0.0,,,,,,,,,,,,,,,,,,,,,,,,12.0,,,,,,,,,
1992-02-25 00:00:00,,,,,,,,,,0.0,,,,,,,,,,,,,,,,,,,,,,,,,,,,,,,,,,,,,,,,,,,,
1992-02-25 01:00:00,,,,,,,,,,0.0,,,,,,,,,,,,,,,,,,,,,,,,,,,,,,,,,,,,,,,,,,,,
1992-02-25 02:00:00,1021.3,1024.9,9.1,4.6,73.0,1.9,90.0,,,0.0,0.0,,,,,,,,,,4.0,,,,,,,,,,,,,,,,,,,,,,,,12.0,,,,,,,,,
1992-02-25 03:00:00,,,,,,,,,,0.0,,,,,,,,,,,,,,,,,,,,,,,,,,,,,,,,,,,,,,,,,,,,
1992-02-25 04:00:00,,,,,,,,,,0.0,,,,,,,,,,,,,,,,,,,,,,,,,,,,,,,,,,,,,,,,,,,,
1992-02-25 05:00:00,1020.7,1024.3,7.4,4.1,80.0,1.5,112.5,,,0.0,0.0,,,11.2,11.3,12.4,13.0,,,,2.0,,,,,,,,,,,,,,,,,,,,,13.7,,,12.0,,,,,,,,,
1992-02-25 06:00:00,,,,,,,,,,0.0,,,,,,,,,,,,,,,,,,,,,,,,,,,,,,,,,,,,,,,,,,,,
1992-02-25 07:00:00,,,,,,,,,,0.0,,,,,,,,,,,,,,,,,,,,,,,,,,,,,,,,,,,,,,,,,,,,
1992-02-25 08:00:00,1021.3,1024.8,12.1,2.2,51.0,3.3,112.5,,,0.0,0.0,0.9,,,,,,,,,0.0,,,,,,,,,,,,,,,,,,,,,,,,20.0,,,,,,,,,
1992-02-25 09:00:00,1021.7,1025.2,15.0,3.6,46.0,2.2,112.5,,,0.0,0.0,1.0,,,,,,,,,2.0,,,,,,,,,,,,,,,,,,,,,,,,18.0,,,,,,,,,
1992-02-25 10:00:00,,,,,,,,,,0.0,,,,,,,,,,,,,,,,,,,,,,,,,,,,,,,,,,,,,,,,,,,,
1992-02-25 11:00:00,1020.7,1024.2,19.4,4.5,37.0,4.7,45.0,,,0.0,0.0,1.0,,,,,,,,,2.0,,,,,,,,,,,,,,,,,,,,,,,,20.0,,,,,,,,,
1992-02-25 12:00:00,,,,,,,,,,0.0,,,,,,,,,,,,,,,,,,,,,,,,,,,,,,,,,,,,,,,,,,,,
1992-02-25 13:00:00,,,,,,,,,,0.0,,,,,,,,,,,,,,,,,,,,,,,,,,,,,,,,,,,,,,,,,,,,
1992-02-25 14:00:00,1018.9,1022.3,21.4,6.7,39.0,4.5,360.0,,,0.0,0.0,1.0,,16.7,15.3,14.5,13.6,,,,2.0,,,,,,,,,,,,,,,,,,,,,13.3,,,20.0,,,,,,,,,
1992-02-25 15:00:00,,,,,,,,,,0.0,,,,,,,,,,,,,,,,,,,,,,,,,,,,,,,,,,,,,,,,,,,,
1992-02-25 16:00:00,,,,,,,,,,0.0,,,,,,,,,,,,,,,,,,,,,,,,,,,,,,,,,,,,,,,,,,,,
1992-02-25 17:00:00,1019.2,1022.7,18.3,8.6,53.0,4.0,22.5,,,0.0,0.0,1.0,,,,,,,,,2.0,,,,,,,,,,,,,,,,,,,,,,,,20.0,,,,,,,,,
1992-02-25 18:00:00,,,,,,,,,,0.0,,,,,,,,,,,,,,,,,,,,,,,,,,,,,,,,,,,,,,,,,,,,
1992-02-25 19:00:00,,,,,,,,,,0.0,,,,,,,,,,,,,,,,,,,,,,,,,,,,,,,,,,,,,,,,,,,,
1992-02-25 20:00:00,1020.6,1024.1,14.4,8.8,69.0,3.2,90.0,,,0.0,0.0,,,,,,,,,,1.0,,,,,,,,,,,,,,,,,,,,,,,,15.0,,,,,,,,,
1992-02-25 21:00:00,1020.6,1024.1,13.1,9.1,76.0,2.5,90.0,,,0.0,0.0,,,13.6,13.8,14.5,14.5,,,,1.0,,,,,,,,,,,,,,,,,,,,,13.8,,,15.0,,,,,,,,,
1992-02-25 22:00:00,,,,,,,,,,0.0,,,,,,,,,,,,,,,,,,,,,,,,,,,,,,,,,,,,,,,,,,,,
1992-02-25 23:00:00,1020.3,1023.8,11.4,9.0,85.0,1.7,135.0,,,0.0,0.0,,,,,,,,,,1.0,,,,,,,,,,,,,,,,,,,,,,,,15.0,,,,,,,,,
1992-02-26 00:00:00,,,,,,,,,,0.0,,,,,,,,,,,,,,,,,,,,,,,,,,,,,,,,,,,,,,,,,,,,
1992-02-26 01:00:00,,,,,,,,,,0.0,,,,,,,,,,,,,,,,,,,,,,,,,,,,,,,,,,,,,,,,,,,,
1992-02-26 02:00:00,1020.5,1024.1,10.0,8.0,87.0,0.7,90.0,,,0.0,0.0,,,,,,,,,,2.0,,,,,,,,,,,,,,,,,,,,,,,,12.0,,,,,,,,,
1992-02-26 03:00:00,,,,,,,,,,0.0,,,,,,,,,,,,,,,,,,,,,,,,,,,,,,,,,,,,,,,,,,,,
1992-02-26 04:00:00,,,,,,,,,,0.0,,,,,,,,,,,,,,,,,,,,,,,,,,,,,,,,,,,,,,,,,,,,
1992-02-26 05:00:00,1019.7,1023.3,9.4,7.5,88.0,1.0,90.0,,,0.0,0.0,,,12.1,12.1,13.1,13.5,,,,2.0,,,,,,,,,,,,,,,,,,,,,13.8,,,12.0,,,,,,,,,
1992-02-26 06:00:00,,,,,,,,,,0.0,,,,,,,,,,,,,,,,,,,,,,,,,,,,,,,,,,,,,,,,,,,,
1992-02-26 07:00:00,,,,,,,,,,0.0,,,,,,,,,,,,,,,,,,,,,,,,,,,,,,,,,,,,,,,,,,,,
1992-02-26 08:00:00,1019.9,1023.4,12.0,9.0,82.0,0.7,90.0,,,0.0,0.0,0.0,,,,,,,,,4.0,,,,,,,,,,,,,,,,,,,,,,,,15.0,,,,,,,,,
1992-02-26 09:00:00,1020.2,1023.7,15.2,10.1,72.0,0.9,135.0,,,0.0,0.0,0.9,,,,,,,,,1.0,,,,,,,,,,,,,,,,,,,,,,,,12.0,,,,,,,,,
1992-02-26 10:00:00,,,,,,,,,,0.0,,,,,,,,,,,,,,,,,,,,,,,,,,,,,,,,,,,,,,,,,,,,
1992-02-26 11:00:00,1019.5,1023.0,18.3,12.1,67.0,1.9,270.0,,,0.0,0.0,1.0,,,,,,,,,4.0,,,,,,,,,,,,,,,,,,,,,,,,8.0,,,,,,,,,
1992-02-26 12:00:00,,,,,,,,,,0.0,,,,,,,,,,,,,,,,,,,,,,,,,,,,,,,,,,,,,,,,,,,,
1992-02-26 13:00:00,,,,,,,,,,0.0,,,,,,,,,,,,,,,,,,,,,,,,,,,,,,,,,,,,,,,,,,,,
1992-02-26 14:00:00,1016.7,1020.1,19.1,12.0,63.0,3.1,315.0,,,0.0,0.0,1.0,,18.3,16.6,15.5,14.5,,,,0.0,,,,,,,,,,,,,,,,,,,,,14.0,,,10.0,,,,,,,,,
1992-02-26 15:00:00,,,,,,,,,,0.0,,,,,,,,,,,,,,,,,,,,,,,,,,,,,,,,,,,,,,,,,,,,
1992-02-26 16:00:00,,,,,,,,,,0.0,,,,,,,,,,,,,,,,,,,,,,,,,,,,,,,,,,,,,,,,,,,,
1992-02-26 17:00:00,1017.0,1020.5,17.9,8.2,53.0,1.0,292.5,,,0.0,0.0,0.5,,,,,,,,,0.0,,,,,,,,,,,,,,,,,,,,,,,,8.0,,,,,,,,,
1992-02-26 18:00:00,,,,,,,,,,0.0,,,,,,,,,,,,,,,,,,,,,,,,,,,,,,,,,,,,,,,,,,,,
1992-02-26 19:00:00,,,,,,,,,,0.0,,,,,,,,,,,,,,,,,,,,,,,,,,,,,,,,,,,,,,,,,,,,
1992-02-26 20:00:00,1018.5,1022.0,14.8,10.9,77.0,0.8,112.5,,,0.0,0.0,,,,,,,,,,0.0,,,,,,,,,,,,,,,,,,,,,,,,8.0,,,,,,,,,
1992-02-26 21:00:00,1018.4,1021.9,13.9,11.0,83.0,1.2,90.0,,,0.0,0.0,,,15.4,15.2,15.7,15.6,,,,0.0,,,,,,,,,,,,,,,,,,,,,14.8,,,8.0,,,,,,,,,
1992-02-26 22:00:00,,,,,,,,,,0.0,,,,,,,,,,,,,,,,,,,,,,,,,,,,,,,,,,,,,,,,,,,,
1992-02-26 23:00:00,1018.3,1021.8,12.5,10.9,90.0,0.5,90.0,,,0.0,0.0,,,,,,,,,,0.0,,,,,,,,,,,,,,,,,,,,,,,,8.0,,,,,,,,,
1992-02-27 00:00:00,,,,,,,,,,0.0,,,,,,,,,,,,,,,,,,,,,,,,,,,,,,,,,,,,,,,,,,,,
1992-02-27 01:00:00,,,,,,,,,,0.0,,,,,,,,,,,,,,,,,,,,,,,,,,,,,,,,,,,,,,,,,,,,
1992-02-27 02:00:00,1016.9,1020.4,11.8,10.3,91.0,2.1,90.0,,,0.0,0.0,,,,,,,,,,0.0,,,,,,,,,,,,,,,,,,,,,,,,8.0,,,,,,,,,
1992-02-27 03:00:00,,,,,,,,,,0.0,,,,,,,,,,,,,,,,,,,,,,,,,,,,,,,,,,,,,,,,,,,,
1992-02-27 04:00:00,,,,,,,,,,0.0,,,,,,,,,,,,,,,,,,,,,,,,,,,,,,,,,,,,,,,,,,,,
1992-02-27 05:00:00,1016.6,1020.1,11.3,9.3,87.0,1.5,90.0,,,0.0,0.0,,,13.9,13.6,14.6,14.7,,,,0.0,,,,,,,,,,,,,,,,,,,,,14.6,,,8.0,,,,,,,,,
1992-02-27 06:00:00,,,,,,,,,,0.0,,,,,,,,,,,,,,,,,,,,,,,,,,,,,,,,,,,,,,,,,,,,
1992-02-27 07:00:00,,,,,,,,,,0.0,,,,,,,,,,,,,,,,,,,,,,,,,,,,,,,,,,,,,,,,,,,,
1992-02-27 08:00:00,1017.9,1021.4,14.6,10.2,75.0,1.9,112.5,,,0.0,0.0,0.9,,,,,,,,,0.0,,,,,,,,,,,,,,,,,,,,,,,,10.0,,,,,,,,,
1992-02-27 09:00:00,1018.1,1021.6,17.2,11.4,69.0,1.4,112.5,,,0.0,0.0,1.0,,,,,,,,,0.0,,,,,,,,,,,,,,,,,,,,,,,,12.0,,,,,,,,,
1992-02-27 10:00:00,,,,,,,,,,0.0,,,,,,,,,,,,,,,,,,,,,,,,,,,,,,,,,,,,,,,,,,,,
1992-02-27 11:00:00,1017.0,1020.4,21.5,10.1,48.0,1.6,315.0,,,0.0,0.0,1.0,,,,,,,,,0.0,,,,,,,,,,,,,,,,,,,,,,,,12.0,,,,,,,,,
1992-02-27 12:00:00,,,,,,,,,,0.0,,,,,,,,,,,,,,,,,,,,,,,,,,,,,,,,,,,,,,,,,,,,
1992-02-27 13:00:00,,,,,,,,,,0.0,,,,,,,,,,,,,,,,,,,,,,,,,,,,,,,,,,,,,,,,,,,,
1992-02-27 14:00:00,1015.1,1018.5,22.1,11.6,51.0,3.5,292.5,,,0.0,0.0,1.0,,19.5,17.9,16.7,15.6,,,,0.0,,,,,,,,,,,,,,,,,,,,,14.8,,,15.0,,,,,,,,,
1992-02-27 15:00:00,,,,,,,,,,0.0,,,,,,,,,,,,,,,,,,,,,,,,,,,,,,,,,,,,,,,,,,,,
1992-02-27 16:00:00,,,,,,,,,,0.0,,,,,,,,,,,,,,,,,,,,,,,,,,,,,,,,,,,,,,,,,,,,
1992-02-27 17:00:00,1014.3,1017.7,19.8,12.4,62.0,1.9,315.0,,,0.0,0.0,0.6,,,,,,,,,0.0,,,,,,,,,,,,,,,,,,,,,,,,15.0,,,,,,,,,
1992-02-27 18:00:00,,,,,,,,,,0.0,,,,,,,,,,,,,,,,,,,,,,,,,,,,,,,,,,,,,,,,,,,,
1992-02-27 19:00:00,,,,,,,,,,0.0,,,,,,,,,,,,,,,,,,,,,,,,,,,,,,,,,,,,,,,,,,,,
1992-02-27 20:00:00,1015.2,1018.7,16.7,12.4,76.0,1.8,112.5,,,0.0,0.0,,,,,,,,,,0.0,,,,,,,,,,,,,,,,,,,,,,,,12.0,,,,,,,,,
1992-02-27 21:00:00,1015.1,1018.6,15.7,11.9,78.0,1.6,90.0,,,0.0,0.0,,,16.7,16.4,17.0,16.5,,,,0.0,,,,,,,,,,,,,,,,,,,,,15.6,,,12.0,,,,,,,,,
1992-02-27 22:00:00,,,,,,,,,,0.0,,,,,,,,,,,,,,,,,,,,,,,,,,,,,,,,,,,,,,,,,,,,
1992-02-27 23:00:00,1014.8,1018.3,15.2,11.8,80.0,1.3,112.5,,,0.0,0.0,,,,,,,,,,0.0,,,,,,,,,,,,,,,,,,,,,,,,12.0,,,,,,,,,
1992-02-28 00:00:00,,,,,,,,,,0.0,,,,,,,,,,,,,,,,,,,,,,,,,,,,,,,,,,,,,,,,,,,,
1992-02-28 01:00:00,,,,,,,,,,0.0,,,,,,,,,,,,,,,,,,,,,,,,,,,,,,,,,,,,,,,,,,,,
1992-02-28 02:00:00,1014.0,1017.5,13.5,11.5,88.0,1.0,45.0,,,0.0,0.0,,,,,,,,,,0.0,,,,,,,,,,,,,,,,,,,,,,,,8.0,,,,,,,,,
1992-02-28 03:00:00,,,,,,,,,,0.0,,,,,,,,,,,,,,,,,,,,,,,,,,,,,,,,,,,,,,,,,,,,
1992-02-28 04:00:00,,,,,,,,,,0.0,,,,,,,,,,,,,,,,,,,,,,,,,,,,,,,,,,,,,,,,,,,,
1992-02-28 05:00:00,1014.2,1017.7,13.0,11.4,90.0,1.6,112.5,,,0.0,0.0,,,15.1,14.9,15.6,15.7,,,,8.0,,,,,,,,,,,,,,,,,,,,,15.5,,,8.0,,,,,,,,,
1992-02-28 06:00:00,,,,,,,,,,0.0,,,,,,,,,,,,,,,,,,,,,,,,,,,,,,,,,,,,,,,,,,,,
1992-02-28 07:00:00,,,,,,,,,,0.0,,,,,,,,,,,,,,,,,,,,,,,,,,,,,,,,,,,,,,,,,,,,
1992-02-28 08:00:00,1015.0,1018.5,16.6,13.4,81.0,0.7,90.0,,,0.0,0.0,0.3,,,,,,,,,8.0,,,,,,,,,,,,,,,,,,,,,,,,12.0,,,,,,,,,
1992-02-28 09:00:00,1015.2,1018.6,19.7,14.0,70.0,1.0,135.0,,,0.0,0.0,1.0,,,,,,,,,7.0,,,,,,,,,,,,,,,,,,,,,,,,12.0,,,,,,,,,
1992-02-28 10:00:00,,,,,,,,,,0.0,,,,,,,,,,,,,,,,,,,,,,,,,,,,,,,,,,,,,,,,,,,,
1992-02-28 11:00:00,1014.7,1018.1,23.6,14.3,56.0,1.4,337.5,,,0.0,0.0,1.0,,,,,,,,,8.0,,,,,,,,,,,,,,,,,,,,,,,,12.0,,,,,,,,,
1992-02-28 12:00:00,,,,,,,,,,0.0,,,,,,,,,,,,,,,,,,,,,,,,,,,,,,,,,,,,,,,,,,,,
1992-02-28 13:00:00,,,,,,,,,,0.0,,,,,,,,,,,,,,,,,,,,,,,,,,,,,,,,,,,,,,,,,,,,
1992-02-28 14:00:00,1012.3,1015.7,24.5,14.0,52.0,2.5,337.5,,,0.0,0.0,1.0,,22.2,19.4,18.0,16.7,,,,5.0,,,,,,,,,,,,,,,,,,,,,15.8,,,12.0,,,,,,,,,
1992-02-28 15:00:00,,,,,,,,,,0.0,,,,,,,,,,,,,,,,,,,,,,,,,,,,,,,,,,,,,,,,,,,,
1992-02-28 16:00:00,,,,,,,,,,0.0,,,,,,,,,,,,,,,,,,,,,,,,,,,,,,,,,,,,,,,,,,,,
1992-02-28 17:00:00,1012.0,1015.4,24.6,12.2,46.0,2.3,90.0,,,0.0,0.0,0.7,,,,,,,,,3.0,,,,,,,,,,,,,,,,,,,,,,,,12.0,,,,,,,,,
1992-02-28 18:00:00,,,,,,,,,,0.0,,,,,,,,,,,,,,,,,,,,,,,,,,,,,,,,,,,,,,,,,,,,
1992-02-28 19:00:00,,,,,,,,,,0.0,,,,,,,,,,,,,,,,,,,,,,,,,,,,,,,,,,,,,,,,,,,,
1992-02-28 20:00:00,1013.4,1016.8,20.1,13.8,67.0,0.9,90.0,,,0.0,0.0,,,,,,,,,,5.0,,,,,,,,,,,,,,,,,,,,,,,,10.0,,,,,,,,,
1992-02-28 21:00:00,1013.8,1017.2,18.7,14.2,75.0,2.2,112.5,,,0.0,0.0,,,18.1,17.8,18.2,17.7,,,,3.0,,,,,,,,,,,,,,,,,,,,,16.9,,,10.0,,,,,,,,,
1992-02-28 22:00:00,,,,,,,,,,0.0,,,,,,,,,,,,,,,,,,,,,,,,,,,,,,,,,,,,,,,,,,,,
1992-02-28 23:00:00,1013.8,1017.2,18.4,14.3,77.0,1.7,112.5,,,0.0,0.0,,,,,,,,,,7.0,,,,,,,,,,,,,,,,,,,,,,,,10.0,,,,,,,,,
1992-02-29 00:00:00,,,,,,,,,,0.0,,,,,,,,,,,,,,,,,,,,,,,,,,,,,,,,,,,,,,,,,,,,
1992-02-29 01:00:00,,,,,,,,,,0.0,,,,,,,,,,,,,,,,,,,,,,,,,,,,,,,,,,,,,,,,,,,,
1992-02-29 02:00:00,1013.1,1016.6,17.4,13.8,79.0,2.6,90.0,,,0.0,0.0,,,,,,,,,,0.0,,,,,,,,,,,,,,,,,,,,,,,,10.0,,,,,,,,,
1992-02-29 03:00:00,,,,,,,,,,0.0,,,,,,,,,,,,,,,,,,,,,,,,,,,,,,,,,,,,,,,,,,,,
1992-02-29 04:00:00,,,,,,,,,,0.0,,,,,,,,,,,,,,,,,,,,,,,,,,,,,,,,,,,,,,,,,,,,
1992-02-29 05:00:00,1012.8,1016.2,17.5,12.9,74.0,1.5,112.5,,,0.0,0.0,,,16.6,16.6,17.1,17.0,,,,0.0,,,,,,,,,,,,,,,,,,,,,16.8,,,10.0,,,,,,,,,
1992-02-29 06:00:00,,,,,,,,,,0.0,,,,,,,,,,,,,,,,,,,,,,,,,,,,,,,,,,,,,,,,,,,,
1992-02-29 07:00:00,,,,,,,,,,0.0,,,,,,,,,,,,,,,,,,,,,,,,,,,,,,,,,,,,,,,,,,,,
1992-02-29 08:00:00,1014.0,1017.4,20.4,14.2,68.0,1.7,90.0,,,0.0,0.0,1.0,,,,,,,,,0.0,,,,,,,,,,,,,,,,,,,,,,,,10.0,,,,,,,,,
1992-02-29 09:00:00,1014.4,1017.8,23.3,14.6,58.0,2.3,112.5,,,0.0,0.0,1.0,,,,,,,,,1.0,,,,,,,,,,,,,,,,,,,,,,,,12.0,,,,,,,,,
1992-02-29 10:00:00,,,,,,,,,,0.0,,,,,,,,,,,,,,,,,,,,,,,,,,,,,,,,,,,,,,,,,,,,
1992-02-29 11:00:00,1014.3,1017.7,26.0,16.4,55.0,3.4,292.5,,,0.0,0.0,1.0,,,,,,,,,1.0,,,,,,,,,,,,,,,,,,,,,,,,15.0,,,,,,,,,
1992-02-29 12:00:00,,,,,,,,,,0.0,,,,,,,,,,,,,,,,,,,,,,,,,,,,,,,,,,,,,,,,,,,,
1992-02-29 13:00:00,,,,,,,,,,0.0,,,,,,,,,,,,,,,,,,,,,,,,,,,,,,,,,,,,,,,,,,,,
1992-02-29 14:00:00,1012.0,1015.4,25.8,18.6,64.0,3.4,292.5,,,0.0,0.0,1.0,,23.1,21.1,19.6,18.0,,,,3.0,,,,,,,,,,,,,,,,,,,,,17.0,,,15.0,,,,,,,,,
1992-02-29 15:00:00,,,,,,,,,,0.0,,,,,,,,,,,,,,,,,,,,,,,,,,,,,,,,,,,,,,,,,,,,
1992-02-29 16:00:00,,,,,,,,,,0.0,,,,,,,,,,,,,,,,,,,,,,,,,,,,,,,,,,,,,,,,,,,,
1992-02-29 17:00:00,1012.9,1016.3,23.2,17.1,69.0,2.5,337.5,,,0.0,0.0,0.0,,,,,,,,,10.0,,,,,,,,,,,,,,,,,,,,,,,,8.0,,,,,,,,,
1992-02-29 18:00:00,,,,,,,,,,0.0,,,,,,,,,,,,,,,,,,,,,,,,,,,,,,,,,,,,,,,,,,,,
1992-02-29 19:00:00,,,,,,,,,,0.0,,,,,,,,,,,,,,,,,,,,,,,,,,,,,,,,,,,,,,,,,,,,
1992-02-29 20:00:00,1014.4,1017.8,21.9,18.2,80.0,1.8,67.5,,,0.0,0.0,,,,,,,,,,10.0,,,,,,,,,,,,,,,,,,,,,,,,6.0,,,,,,,,,
1992-02-29 21:00:00,1014.8,1018.2,21.9,18.1,79.0,1.2,90.0,,,0.0,0.0,,,20.2,19.6,19.9,19.0,,,,10.0,,,,,,,,,,,,,,,,,,,,,18.0,,,6.0,,,,,,,,,
1992-02-29 22:00:00,,,,,,,,,,0.0,,,,,,,,,,,,,,,,,,,,,,,,,,,,,,,,,,,,,,,,,,,,
1992-02-29 23:00:00,1014.9,1018.3,21.1,17.8,81.0,0.3,112.5,,,0.0,0.0,,,,,,,,,,10.0,,,,,,,,,,,,,,,,,,,,,,,,6.0,,,,,,,,,
1992-03-01 00:00:00,,,,,,,,,,0.0,,,,,,,,,,,,,,,,,,,,,,,,,,,,,,,,,,,,,,,,,,,,
1992-03-01 01:00:00,,,,,,,,,,0.0,,,,,,,,,,,,,,,,,,,,,,,,,,,,,,,,,,,,,,,,,,,,
1992-03-01 02:00:00,1013.1,1016.5,20.4,17.8,85.0,0.6,90.0,,,0.0,0.0,,,,,,,,,,10.0,,,,,,,,,,,,,,,,,,,,,,,,6.0,,,,,,,,,
1992-03-01 03:00:00,,,,,,,,,,0.0,,,,,,,,,,,,,,,,,,,,,,,,,,,,,,,,,,,,,,,,,,,,
1992-03-01 04:00:00,,,,,,,,,,0.0,,,,,,,,,,,,,,,,,,,,,,,,,,,,,,,,,,,,,,,,,,,,
1992-03-01 05:00:00,1012.2,1015.6,19.8,17.3,86.0,1.0,90.0,,,0.0,0.0,,,19.3,18.9,19.2,18.7,,,,10.0,,,,,,,,,,,,,,,,,,,,,18.0,,,8.0,,,,,,,,,
1992-03-01 06:00:00,,,,,,,,,,0.0,,,,,,,,,,,,,,,,,,,,,,,,,,,,,,,,,,,,,,,,,,,,
1992-03-01 07:00:00,,,,,,,,,,0.0,,,,,,,,,,,,,,,,,,,,,,,,,,,,,,,,,,,,,,,,,,,,
1992-03-01 08:00:00,1013.9,1017.3,18.8,16.5,86.0,4.8,45.0,,,0.0,0.0,0.0,,,,,,,,,10.0,,,,,,,,,,,,,,,,,,,,,,,,8.0,,,,,,,,,
1992-03-01 09:00:00,1014.2,1017.6,19.5,15.8,79.0,3.7,67.5,,,0.0,0.0,0.0,,,,,,,,,10.0,,,,,,,,,,,,,,,,,,,,,,,,12.0,,,,,,,,,
1992-03-01 10:00:00,,,,,,,,,,0.0,,,,,,,,,,,,,,,,,,,,,,,,,,,,,,,,,,,,,,,,,,,,
1992-03-01 11:00:00,1015.3,1018.7,19.5,16.0,80.0,3.8,360.0,,,0.0,0.0,0.0,,,,,,,,,10.0,,,,,,,,,,,,,,,,,,,,,,,,8.0,,,,,,,,,
1992-03-01 12:00:00,,,,,,,,,,0.0,,,,,,,,,,,,,,,,,,,,,,,,,,,,,,,,,,,,,,,,,,,,
1992-03-01 13:00:00,,,,,,,,,,0.2,,,,,,,,,,,,,,,,,,,,,,,,,,,,,,,,,,,,,,,,,,,,
1992-03-01 14:00:00,1012.9,1016.3,18.1,16.4,90.0,1.7,45.0,,,1.3,1.0,0.0,,19.1,18.5,18.8,18.4,,,,10.0,,,,,,,,,,,,,,,,,,,,,18.0,,,6.0,,,,,,,,,
1992-03-01 15:00:00,,,,,,,,,,1.3,,,,,,,,,,,,,,,,,,,,,,,,,,,,,,,,,,,,,,,,,,,,
1992-03-01 16:00:00,,,,,,,,,,0.3,,,,,,,,,,,,,,,,,,,,,,,,,,,,,,,,,,,,,,,,,,,,
1992-03-01 17:00:00,1009.4,1012.8,19.8,16.5,81.0,3.8,90.0,,,0.0,0.0,0.6,,,,,,,,,5.0,,,,,,,,,,,,,,,,,,,,,,,,12.0,,,,,,,,,
1992-03-01 18:00:00,,,,,,,,,,0.0,,,,,,,,,,,,,,,,,,,,,,,,,,,,,,,,,,,,,,,,,,,,
1992-03-01 19:00:00,,,,,,,,,,0.0,,,,,,,,,,,,,,,,,,,,,,,,,,,,,,,,,,,,,,,,,,,,
1992-03-01 20:00:00,1011.0,1014.4,18.2,15.8,86.0,0.7,67.5,,,0.0,0.0,,,,,,,,,,8.0,,,,,,,,,,,,,,,,,,,,,,,,12.0,,,,,,,,,
1992-03-01 21:00:00,1011.4,1014.8,18.3,15.6,84.0,2.0,135.0,,,0.0,0.0,,,18.6,18.0,18.5,18.3,,,,9.0,,,,,,,,,,,,,,,,,,,,,18.1,,,12.0,,,,,,,,,
1992-03-01 22:00:00,,,,,,,,,,0.0,,,,,,,,,,,,,,,,,,,,,,,,,,,,,,,,,,,,,,,,,,,,
1992-03-01 23:00:00,1011.5,1014.9,18.5,16.4,88.0,1.5,67.5,,,0.0,0.0,,,,,,,,,,10.0,,,,,,,,,,,,,,,,,,,,,,,,12.0,,,,,,,,,
1992-03-02 00:00:00,,,,,,,,,,0.0,,,,,,,,,,,,,,,,,,,,,,,,,,,,,,,,,,,,,,,,,,,,
1992-03-02 01:00:00,,,,,,,,,,0.0,,,,,,,,,,,,,,,,,,,,,,,,,,,,,,,,,,,,,,,,,,,,
1992-03-02 02:00:00,1010.8,1014.2,18.5,17.3,93.0,0.4,90.0,,,0.0,0.0,,,,,,,,,,10.0,,,,,,,,,,,,,,,,,,,,,,,,8.0,,,,,,,,,
1992-03-02 03:00:00,,,,,,,,,,0.6,,,,,,,,,,,,,,,,,,,,,,,,,,,,,,,,,,,,,,,,,,,,
1992-03-02 04:00:00,,,,,,,,,,3.5,,,,,,,,,,,,,,,,,,,,,,,,,,,,,,,,,,,,,,,,,,,,
1992-03-02 05:00:00,1010.0,1013.4,18.4,17.8,96.0,1.3,112.5,,,0.0,0.0,,,18.3,18.3,18.2,18.0,,,,10.0,,,,,,,,,,,,,,,,,,,,,18.0,,,6.0,,,,,,,,,
1992-03-02 06:00:00,,,,,,,,,,0.0,,,,,,,,,,,,,,,,,,,,,,,,,,,,,,,,,,,,,,,,,,,,
1992-03-02 07:00:00,,,,,,,,,,1.2,,,,,,,,,,,,,,,,,,,,,,,,,,,,,,,,,,,,,,,,,,,,
1992-03-02 08:00:00,1011.2,1014.6,18.6,17.9,96.0,0.2,0.0,,,1.4,1.0,0.0,,,,,,,,,10.0,,,,,,,,,,,,,,,,,,,,,,,,6.0,,,,,,,,,
1992-03-02 09:00:00,1011.8,1015.2,18.5,17.9,96.0,1.0,45.0,,,7.1,1.0,0.0,,,,,,,,,10.0,,,,,,,,,,,,,,,,,,,,,,,,2.0,,,,,,,,,
1992-03-02 10:00:00,,,,,,,,,,2.8,,,,,,,,,,,,,,,,,,,,,,,,,,,,,,,,,,,,,,,,,,,,
1992-03-02 11:00:00,1010.8,1014.2,21.2,20.0,93.0,1.0,90.0,,,0.0,0.0,0.0,,,,,,,,,10.0,,,,,,,,,,,,,,,,,,,,,,,,6.0,,,,,,,,,
1992-03-02 12:00:00,,,,,,,,,,0.0,,,,,,,,,,,,,,,,,,,,,,,,,,,,,,,,,,,,,,,,,,,,
1992-03-02 13:00:00,,,,,,,,,,0.0,,,,,,,,,,,,,,,,,,,,,,,,,,,,,,,,,,,,,,,,,,,,
1992-03-02 14:00:00,1008.9,1012.3,22.5,18.7,79.0,3.8,315.0,,,0.0,0.0,0.0,,22.1,20.8,20.0,18.8,,,,10.0,,,,,,,,,,,,,,,,,,,,,18.2,,,10.0,,,,,,,,,
1992-03-02 15:00:00,,,,,,,,,,0.0,,,,,,,,,,,,,,,,,,,,,,,,,,,,,,,,,,,,,,,,,,,,
1992-03-02 16:00:00,,,,,,,,,,0.0,,,,,,,,,,,,,,,,,,,,,,,,,,,,,,,,,,,,,,,,,,,,
1992-03-02 17:00:00,1009.1,1012.5,22.2,18.8,81.0,1.6,157.5,,,0.0,0.0,0.2,,,,,,,,,10.0,,,,,,,,,,,,,,,,,,,,,,,,10.0,,,,,,,,,
1992-03-02 18:00:00,,,,,,,,,,0.0,,,,,,,,,,,,,,,,,,,,,,,,,,,,,,,,,,,,,,,,,,,,
1992-03-02 19:00:00,,,,,,,,,,0.0,,,,,,,,,,,,,,,,,,,,,,,,,,,,,,,,,,,,,,,,,,,,
1992-03-02 20:00:00,1010.6,1014.0,20.7,18.9,89.0,2.2,22.5,,,0.0,0.0,,,,,,,,,,9.0,,,,,,,,,,,,,,,,,,,,,,,,8.0,,,,,,,,,
1992-03-02 21:00:00,1010.8,1014.2,20.0,18.6,92.0,2.1,45.0,,,0.0,0.0,,,20.4,20.0,20.1,19.5,,,,8.0,,,,,,,,,,,,,,,,,,,,,19.6,,,8.0,,,,,,,,,
1992-03-02 22:00:00,,,,,,,,,,0.0,,,,,,,,,,,,,,,,,,,,,,,,,,,,,,,,,,,,,,,,,,,,
1992-03-02 23:00:00,1011.2,1014.6,19.5,17.9,90.0,2.5,22.5,,,0.0,0.0,,,,,,,,,,9.0,,,,,,,,,,,,,,,,,,,,,,,,6.0,,,,,,,,,
1992-03-03 00:00:00,,,,,,,,,,0.0,,,,,,,,,,,,,,,,,,,,,,,,,,,,,,,,,,,,,,,,,,,,
1992-03-03 01:00:00,,,,,,,,,,0.0,,,,,,,,,,,,,,,,,,,,,,,,,,,,,,,,,,,,,,,,,,,,
1992-03-03 02:00:00,1010.1,1013.5,19.0,17.7,92.0,1.2,22.5,,,0.0,0.0,,,,,,,,,,10.0,,,,,,,,,,,,,,,,,,,,,,,,6.0,,,,,,,,,
1992-03-03 03:00:00,,,,,,,,,,0.0,,,,,,,,,,,,,,,,,,,,,,,,,,,,,,,,,,,,,,,,,,,,
1992-03-03 04:00:00,,,,,,,,,,0.0,,,,,,,,,,,,,,,,,,,,,,,,,,,,,,,,,,,,,,,,,,,,
1992-03-03 05:00:00,1009.6,1013.0,19.5,17.9,90.0,1.2,67.5,,,0.0,0.0,,,19.5,19.1,19.4,19.0,,,,10.0,,,,,,,,,,,,,,,,,,,,,18.8,,,8.0,,,,,,,,,
1992-03-03 06:00:00,,,,,,,,,,0.0,,,,,,,,,,,,,,,,,,,,,,,,,,,,,,,,,,,,,,,,,,,,
1992-03-03 07:00:00,,,,,,,,,,0.0,,,,,,,,,,,,,,,,,,,,,,,,,,,,,,,,,,,,,,,,,,,,
1992-03-03 08:00:00,1011.3,1014.7,20.0,18.1,89.0,2.3,22.5,,,0.0,0.0,0.1,,,,,,,,,9.0,,,,,,,,,,,,,,,,,,,,,,,,8.0,,,,,,,,,
1992-03-03 09:00:00,1011.7,1015.1,21.1,18.6,86.0,2.0,22.5,,,0.0,0.0,0.1,,,,,,,,,10.0,,,,,,,,,,,,,,,,,,,,,,,,8.0,,,,,,,,,
1992-03-03 10:00:00,,,,,,,,,,0.0,,,,,,,,,,,,,,,,,,,,,,,,,,,,,,,,,,,,,,,,,,,,
1992-03-03 11:00:00,1012.1,1015.5,20.4,18.1,87.0,3.9,360.0,,,0.0,0.0,0.0,,,,,,,,,10.0,,,,,,,,,,,,,,,,,,,,,,,,8.0,,,,,,,,,
1992-03-03 12:00:00,,,,,,,,,,0.0,,,,,,,,,,,,,,,,,,,,,,,,,,,,,,,,,,,,,,,,,,,,
1992-03-03 13:00:00,,,,,,,,,,-9.8,,,,,,,,,,,,,,,,,,,,,,,,,,,,,,,,,,,,,,,,,,,,
1992-03-03 14:00:00,1011.5,1015.0,16.5,15.3,93.0,4.5,45.0,,,0.1,0.4,0.0,,19.6,19.2,19.5,19.2,,,,10.0,,,,,,,,,,,,,,,,,,,,,18.8,,,8.0,,,,,,,,,
1992-03-03 15:00:00,,,,,,,,,,0.3,,,,,,,,,,,,,,,,,,,,,,,,,,,,,,,,,,,,,,,,,,,,
1992-03-03 16:00:00,,,,,,,,,,0.0,,,,,,,,,,,,,,,,,,,,,,,,,,,,,,,,,,,,,,,,,,,,
1992-03-03 17:00:00,1010.4,1013.9,16.2,15.1,93.0,3.1,45.0,,,0.0,0.0,0.0,,,,,,,,,10.0,,,,,,,,,,,,,,,,,,,,,,,,8.0,,,,,,,,,
1992-03-03 18:00:00,,,,,,,,,,0.0,,,,,,,,,,,,,,,,,,,,,,,,,,,,,,,,,,,,,,,,,,,,
1992-03-03 19:00:00,,,,,,,,,,0.0,,,,,,,,,,,,,,,,,,,,,,,,,,,,,,,,,,,,,,,,,,,,
1992-03-03 20:00:00,1011.8,1015.3,16.5,15.8,96.0,1.3,112.5,,,0.4,0.7,,,,,,,,,,10.0,,,,,,,,,,,,,,,,,,,,,,,,8.0,,,,,,,,,
1992-03-03 21:00:00,1012.5,1016.0,16.7,15.9,95.0,0.0,0.0,,,-9.8,0.3,,,18.8,18.3,18.8,18.7,,,,10.0,,,,,,,,,,,,,,,,,,,,,18.6,,,8.0,,,,,,,,,
1992-03-03 22:00:00,,,,,,,,,,0.0,,,,,,,,,,,,,,,,,,,,,,,,,,,,,,,,,,,,,,,,,,,,
1992-03-03 23:00:00,1011.4,1014.8,17.4,16.3,93.0,1.0,90.0,,,0.0,0.0,,,,,,,,,,10.0,,,,,,,,,,,,,,,,,,,,,,,,8.0,,,,,,,,,
1992-03-04 00:00:00,,,,,,,,,,0.0,,,,,,,,,,,,,,,,,,,,,,,,,,,,,,,,,,,,,,,,,,,,
1992-03-04 01:00:00,,,,,,,,,,0.0,,,,,,,,,,,,,,,,,,,,,,,,,,,,,,,,,,,,,,,,,,,,
1992-03-04 02:00:00,1010.5,1013.9,17.4,16.8,96.0,2.0,67.5,,,0.0,0.0,,,,,,,,,,10.0,,,,,,,,,,,,,,,,,,,,,,,,8.0,,,,,,,,,
1992-03-04 03:00:00,,,,,,,,,,-9.8,,,,,,,,,,,,,,,,,,,,,,,,,,,,,,,,,,,,,,,,,,,,
1992-03-04 04:00:00,,,,,,,,,,0.2,,,,,,,,,,,,,,,,,,,,,,,,,,,,,,,,,,,,,,,,,,,,
1992-03-04 05:00:00,1010.2,1013.6,17.4,16.8,96.0,2.0,22.5,,,0.8,1.0,,,18.6,18.2,18.5,18.5,,,,10.0,,,,,,,,,,,,,,,,,,,,,18.4,,,8.0,,,,,,,,,
1992-03-04 06:00:00,,,,,,,,,,0.9,,,,,,,,,,,,,,,,,,,,,,,,,,,,,,,,,,,,,,,,,,,,
1992-03-04 07:00:00,,,,,,,,,,3.5,,,,,,,,,,,,,,,,,,,,,,,,,,,,,,,,,,,,,,,,,,,,
1992-03-04 08:00:00,1012.2,1015.6,17.7,17.3,98.0,0.8,180.0,,,2.5,0.5,0.0,,,,,,,,,10.0,,,,,,,,,,,,,,,,,,,,,,,,8.0,,,,,,,,,
1992-03-04 09:00:00,1011.9,1015.3,17.9,17.1,95.0,1.1,22.5,,,1.0,1.0,0.0,,,,,,,,,10.0,,,,,,,,,,,,,,,,,,,,,,,,5.0,,,,,,,,,
1992-03-04 10:00:00,,,,,,,,,,4.2,,,,,,,,,,,,,,,,,,,,,,,,,,,,,,,,,,,,,,,,,,,,
1992-03-04 11:00:00,1012.2,1015.6,18.5,17.1,92.0,2.0,360.0,,,0.3,0.2,0.0,,,,,,,,,10.0,,,,,,,,,,,,,,,,,,,,,,,,6.0,,,,,,,,,
1992-03-04 12:00:00,,,,,,,,,,0.0,,,,,,,,,,,,,,,,,,,,,,,,,,,,,,,,,,,,,,,,,,,,
1992-03-04 13:00:00,,,,,,,,,,0.0,,,,,,,,,,,,,,,,,,,,,,,,,,,,,,,,,,,,,,,,,,,,
1992-03-04 14:00:00,1009.8,1013.2,17.4,16.3,93.0,3.1,22.5,,,0.0,0.0,0.0,,19.2,18.6,18.8,18.5,,,,10.0,,,,,,,,,,,,,,,,,,,,,18.2,,,6.0,,,,,,,,,
1992-03-04 15:00:00,,,,,,,,,,0.0,,,,,,,,,,,,,,,,,,,,,,,,,,,,,,,,,,,,,,,,,,,,
1992-03-04 16:00:00,,,,,,,,,,0.0,,,,,,,,,,,,,,,,,,,,,,,,,,,,,,,,,,,,,,,,,,,,
1992-03-04 17:00:00,1010.2,1013.7,16.2,15.4,95.0,2.7,45.0,,,0.0,0.0,0.0,,,,,,,,,10.0,,,,,,,,,,,,,,,,,,,,,,,,4.0,,,,,,,,,
1992-03-04 18:00:00,,,,,,,,,,0.0,,,,,,,,,,,,,,,,,,,,,,,,,,,,,,,,,,,,,,,,,,,,
1992-03-04 19:00:00,,,,,,,,,,0.0,,,,,,,,,,,,,,,,,,,,,,,,,,,,,,,,,,,,,,,,,,,,
1992-03-04 20:00:00,1009.6,1013.1,16.3,15.0,92.0,2.4,22.5,,,0.0,0.0,,,,,,,,,,10.0,,,,,,,,,,,,,,,,,,,,,,,,4.0,,,,,,,,,
1992-03-04 21:00:00,1010.2,1013.7,15.9,15.1,95.0,3.2,22.5,,,0.2,0.3,,,18.1,17.8,18.3,18.3,,,,10.0,,,,,,,,,,,,,,,,,,,,,18.3,,,4.0,,,,,,,,,
1992-03-04 22:00:00,,,,,,,,,,0.1,,,,,,,,,,,,,,,,,,,,,,,,,,,,,,,,,,,,,,,,,,,,
1992-03-04 23:00:00,1010.1,1013.6,16.2,15.4,95.0,2.0,90.0,,,0.2,1.0,,,,,,,,,,10.0,,,,,,,,,,,,,,,,,,,,,,,,4.0,,,,,,,,,
1992-03-05 00:00:00,,,,,,,,,,0.7,,,,,,,,,,,,,,,,,,,,,,,,,,,,,,,,,,,,,,,,,,,,
1992-03-05 01:00:00,,,,,,,,,,1.5,,,,,,,,,,,,,,,,,,,,,,,,,,,,,,,,,,,,,,,,,,,,
1992-03-05 02:00:00,1009.7,1013.2,16.4,15.4,94.0,2.0,45.0,,,1.2,1.0,,,,,,,,,,10.0,,,,,,,,,,,,,,,,,,,,,,,,4.0,,,,,,,,,
1992-03-05 03:00:00,,,,,,,,,,1.0,,,,,,,,,,,,,,,,,,,,,,,,,,,,,,,,,,,,,,,,,,,,
1992-03-05 04:00:00,,,,,,,,,,1.9,,,,,,,,,,,,,,,,,,,,,,,,,,,,,,,,,,,,,,,,,,,,
1992-03-05 05:00:00,1010.9,1014.4,15.2,14.1,93.0,3.4,45.0,,,2.3,1.0,,,17.3,17.3,17.9,17.9,,,,10.0,,,,,,,,,,,,,,,,,,,,,17.9,,,4.0,,,,,,,,,
1992-03-05 06:00:00,,,,,,,,,,0.4,,,,,,,,,,,,,,,,,,,,,,,,,,,,,,,,,,,,,,,,,,,,
1992-03-05 07:00:00,,,,,,,,,,2.2,,,,,,,,,,,,,,,,,,,,,,,,,,,,,,,,,,,,,,,,,,,,
1992-03-05 08:00:00,1012.4,1015.9,14.6,13.5,93.0,4.1,22.5,,,0.0,0.0,0.0,,,,,,,,,10.0,,,,,,,,,,,,,,,,,,,,,,,,8.0,,,,,,,,,
1992-03-05 09:00:00,1013.4,1016.9,14.2,13.2,94.0,4.1,67.5,,,0.9,0.3,0.0,,,,,,,,,10.0,,,,,,,,,,,,,,,,,,,,,,,,4.0,,,,,,,,,
1992-03-05 10:00:00,,,,,,,,,,-9.8,,,,,,,,,,,,,,,,,,,,,,,,,,,,,,,,,,,,,,,,,,,,
1992-03-05 11:00:00,1014.7,1018.2,13.8,12.4,91.0,5.1,22.5,,,0.0,0.0,0.0,,,,,,,,,10.0,,,,,,,,,,,,,,,,,,,,,,,,4.0,,,,,,,,,
1992-03-05 12:00:00,,,,,,,,,,0.2,,,,,,,,,,,,,,,,,,,,,,,,,,,,,,,,,,,,,,,,,,,,
1992-03-05 13:00:00,,,,,,,,,,-9.8,,,,,,,,,,,,,,,,,,,,,,,,,,,,,,,,,,,,,,,,,,,,
1992-03-05 14:00:00,1013.2,1016.7,13.0,11.8,92.0,4.6,45.0,,,-9.8,1.0,0.0,,16.7,16.8,17.1,17.3,,,,10.0,,,,,,,,,,,,,,,,,,,,,17.3,,,4.0,,,,,,,,,
1992-03-05 15:00:00,,,,,,,,,,-9.8,,,,,,,,,,,,,,,,,,,,,,,,,,,,,,,,,,,,,,,,,,,,
1992-03-05 16:00:00,,,,,,,,,,0.2,,,,,,,,,,,,,,,,,,,,,,,,,,,,,,,,,,,,,,,,,,,,
1992-03-05 17:00:00,1014.5,1018.0,12.2,11.2,94.0,6.2,45.0,,,0.2,1.0,0.0,,,,,,,,,10.0,,,,,,,,,,,,,,,,,,,,,,,,3.0,,,,,,,,,
1992-03-05 18:00:00,,,,,,,,,,2.2,,,,,,,,,,,,,,,,,,,,,,,,,,,,,,,,,,,,,,,,,,,,
1992-03-05 19:00:00,,,,,,,,,,3.8,,,,,,,,,,,,,,,,,,,,,,,,,,,,,,,,,,,,,,,,,,,,
1992-03-05 20:00:00,1016.0,1019.5,11.4,10.1,92.0,6.5,45.0,,,2.0,1.0,,,,,,,,,,10.0,,,,,,,,,,,,,,,,,,,,,,,,3.0,,,,,,,,,
1992-03-05 21:00:00,1016.4,1019.9,11.4,10.1,92.0,5.7,45.0,,,1.3,1.0,,,14.5,14.8,16.2,16.7,,,,10.0,,,,,,,,,,,,,,,,,,,,,16.8,,,3.0,,,,,,,,,
1992-03-05 22:00:00,,,,,,,,,,0.2,,,,,,,,,,,,,,,,,,,,,,,,,,,,,,,,,,,,,,,,,,,,
1992-03-05 23:00:00,1016.4,1019.9,11.7,9.7,88.0,5.8,45.0,,,0.2,1.0,,,,,,,,,,10.0,,,,,,,,,,,,,,,,,,,,,,,,4.0,,,,,,,,,
1992-03-06 00:00:00,,,,,,,,,,0.0,,,,,,,,,,,,,,,,,,,,,,,,,,,,,,,,,,,,,,,,,,,,
1992-03-06 01:00:00,,,,,,,,,,0.0,,,,,,,,,,,,,,,,,,,,,,,,,,,,,,,,,,,,,,,,,,,,
1992-03-06 02:00:00,1016.9,1020.4,11.8,9.9,88.0,6.2,45.0,,,0.0,0.0,,,,,,,,,,10.0,,,,,,,,,,,,,,,,,,,,,,,,4.0,,,,,,,,,
1992-03-06 03:00:00,,,,,,,,,,0.0,,,,,,,,,,,,,,,,,,,,,,,,,,,,,,,,,,,,,,,,,,,,
1992-03-06 04:00:00,,,,,,,,,,0.0,,,,,,,,,,,,,,,,,,,,,,,,,,,,,,,,,,,,,,,,,,,,
1992-03-06 05:00:00,1017.0,1020.5,11.7,9.5,86.0,6.4,45.0,,,0.0,0.0,,,14.5,14.5,16.2,16.7,,,,10.0,,,,,,,,,,,,,,,,,,,,,16.8,,,4.0,,,,,,,,,
1992-03-06 06:00:00,,,,,,,,,,-9.8,,,,,,,,,,,,,,,,,,,,,,,,,,,,,,,,,,,,,,,,,,,,
1992-03-06 07:00:00,,,,,,,,,,0.1,,,,,,,,,,,,,,,,,,,,,,,,,,,,,,,,,,,,,,,,,,,,
1992-03-06 08:00:00,1019.1,1022.7,10.7,8.6,87.0,8.8,22.5,,,0.1,1.0,0.0,,,,,,,,,10.0,,,,,,,,,,,,,,,,,,,,,,,,5.0,,,,,,,,,
1992-03-06 09:00:00,1019.4,1023.0,10.5,8.6,88.0,5.0,67.5,,,0.6,1.0,0.0,,,,,,,,,10.0,,,,,,,,,,,,,,,,,,,,,,,,5.0,,,,,,,,,
1992-03-06 10:00:00,,,,,,,,,,0.4,,,,,,,,,,,,,,,,,,,,,,,,,,,,,,,,,,,,,,,,,,,,
1992-03-06 11:00:00,1018.5,1022.1,10.7,8.3,85.0,8.6,22.5,,,0.2,1.0,0.0,,,,,,,,,10.0,,,,,,,,,,,,,,,,,,,,,,,,5.0,,,,,,,,,
1992-03-06 12:00:00,,,,,,,,,,0.1,,,,,,,,,,,,,,,,,,,,,,,,,,,,,,,,,,,,,,,,,,,,
1992-03-06 13:00:00,,,,,,,,,,-9.8,,,,,,,,,,,,,,,,,,,,,,,,,,,,,,,,,,,,,,,,,,,,
1992-03-06 14:00:00,1018.5,1022.1,10.2,7.2,82.0,6.9,45.0,,,0.1,1.0,0.0,,14.1,14.1,14.5,15.0,,,,10.0,,,,,,,,,,,,,,,,,,,,,15.6,,,5.0,,,,,,,,,
1992-03-06 15:00:00,,,,,,,,,,0.1,,,,,,,,,,,,,,,,,,,,,,,,,,,,,,,,,,,,,,,,,,,,
1992-03-06 16:00:00,,,,,,,,,,0.1,,,,,,,,,,,,,,,,,,,,,,,,,,,,,,,,,,,,,,,,,,,,
1992-03-06 17:00:00,1018.8,1022.4,9.2,6.9,86.0,6.5,45.0,,,0.1,1.0,0.0,,,,,,,,,10.0,,,,,,,,,,,,,,,,,,,,,,,,5.0,,,,,,,,,
1992-03-06 18:00:00,,,,,,,,,,-9.8,,,,,,,,,,,,,,,,,,,,,,,,,,,,,,,,,,,,,,,,,,,,
1992-03-06 19:00:00,,,,,,,,,,0.1,,,,,,,,,,,,,,,,,,,,,,,,,,,,,,,,,,,,,,,,,,,,
1992-03-06 20:00:00,1019.7,1023.3,9.3,8.0,92.0,6.0,45.0,,,0.2,1.0,,,,,,,,,,10.0,,,,,,,,,,,,,,,,,,,,,,,,4.0,,,,,,,,,
1992-03-06 21:00:00,1019.7,1023.3,9.6,8.3,92.0,6.5,45.0,,,0.9,1.0,,,12.6,12.8,13.7,14.5,,,,10.0,,,,,,,,,,,,,,,,,,,,,14.9,,,4.0,,,,,,,,,
1992-03-06 22:00:00,,,,,,,,,,1.0,,,,,,,,,,,,,,,,,,,,,,,,,,,,,,,,,,,,,,,,,,,,
1992-03-06 23:00:00,1018.8,1022.4,9.9,8.8,93.0,6.7,45.0,,,1.5,1.0,,,,,,,,,,10.0,,,,,,,,,,,,,,,,,,,,,,,,4.0,,,,,,,,,
1992-03-07 00:00:00,,,,,,,,,,1.9,,,,,,,,,,,,,,,,,,,,,,,,,,,,,,,,,,,,,,,,,,,,
1992-03-07 01:00:00,,,,,,,,,,1.5,,,,,,,,,,,,,,,,,,,,,,,,,,,,,,,,,,,,,,,,,,,,
1992-03-07 02:00:00,1019.6,1023.2,10.0,8.8,92.0,7.5,45.0,,,2.0,1.0,,,,,,,,,,10.0,,,,,,,,,,,,,,,,,,,,,,,,3.0,,,,,,,,,
1992-03-07 03:00:00,,,,,,,,,,2.0,,,,,,,,,,,,,,,,,,,,,,,,,,,,,,,,,,,,,,,,,,,,
1992-03-07 04:00:00,,,,,,,,,,1.7,,,,,,,,,,,,,,,,,,,,,,,,,,,,,,,,,,,,,,,,,,,,
1992-03-07 05:00:00,1018.8,1022.4,10.2,9.1,93.0,3.9,45.0,,,1.4,1.0,,,12.9,13.1,14.0,14.8,,,,10.0,,,,,,,,,,,,,,,,,,,,,14.9,,,3.0,,,,,,,,,
1992-03-07 06:00:00,,,,,,,,,,1.1,,,,,,,,,,,,,,,,,,,,,,,,,,,,,,,,,,,,,,,,,,,,
1992-03-07 07:00:00,,,,,,,,,,1.0,,,,,,,,,,,,,,,,,,,,,,,,,,,,,,,,,,,,,,,,,,,,
1992-03-07 08:00:00,1019.3,1022.9,11.0,9.5,90.0,4.5,67.5,,,0.6,1.0,0.0,,,,,,,,,10.0,,,,,,,,,,,,,,,,,,,,,,,,5.0,,,,,,,,,
1992-03-07 09:00:00,1019.5,1023.0,11.2,9.9,92.0,5.7,67.5,,,0.2,1.0,0.0,,,,,,,,,10.0,,,,,,,,,,,,,,,,,,,,,,,,8.0,,,,,,,,,
1992-03-07 10:00:00,,,,,,,,,,-9.8,,,,,,,,,,,,,,,,,,,,,,,,,,,,,,,,,,,,,,,,,,,,
1992-03-07 11:00:00,1019.1,1022.6,12.2,10.6,90.0,4.2,67.5,,,-9.8,0.5,0.0,,,,,,,,,10.0,,,,,,,,,,,,,,,,,,,,,,,,8.0,,,,,,,,,
1992-03-07 12:00:00,,,,,,,,,,0.3,,,,,,,,,,,,,,,,,,,,,,,,,,,,,,,,,,,,,,,,,,,,
1992-03-07 13:00:00,,,,,,,,,,0.2,,,,,,,,,,,,,,,,,,,,,,,,,,,,,,,,,,,,,,,,,,,,
1992-03-07 14:00:00,1017.5,1021.0,12.1,11.6,97.0,2.6,45.0,,,0.5,1.0,0.0,,13.3,12.8,13.6,13.8,,,,10.0,,,,,,,,,,,,,,,,,,,,,13.9,,,4.0,,,,,,,,,
1992-03-07 15:00:00,,,,,,,,,,1.3,,,,,,,,,,,,,,,,,,,,,,,,,,,,,,,,,,,,,,,,,,,,
1992-03-07 16:00:00,,,,,,,,,,0.6,,,,,,,,,,,,,,,,,,,,,,,,,,,,,,,,,,,,,,,,,,,,
1992-03-07 17:00:00,1016.3,1019.8,12.6,11.7,94.0,1.7,45.0,,,0.9,1.0,0.0,,,,,,,,,10.0,,,,,,,,,,,,,,,,,,,,,,,,5.0,,,,,,,,,
1992-03-07 18:00:00,,,,,,,,,,0.8,,,,,,,,,,,,,,,,,,,,,,,,,,,,,,,,,,,,,,,,,,,,
1992-03-07 19:00:00,,,,,,,,,,0.5,,,,,,,,,,,,,,,,,,,,,,,,,,,,,,,,,,,,,,,,,,,,
1992-03-07 20:00:00,1016.7,1020.2,12.7,12.2,97.0,2.1,22.5,,,0.1,1.0,,,,,,,,,,10.0,,,,,,,,,,,,,,,,,,,,,,,,5.0,,,,,,,,,
1992-03-07 21:00:00,1017.4,1020.9,13.1,12.3,95.0,1.8,67.5,,,0.1,0.3,,,13.6,13.2,13.8,14.0,,,,10.0,,,,,,,,,,,,,,,,,,,,,14.0,,,5.0,,,,,,,,,
1992-03-07 22:00:00,,,,,,,,,,0.4,,,,,,,,,,,,,,,,,,,,,,,,,,,,,,,,,,,,,,,,,,,,
1992-03-07 23:00:00,1017.0,1020.5,13.2,12.6,96.0,0.4,90.0,,,-9.8,1.0,,,,,,,,,,10.0,,,,,,,,,,,,,,,,,,,,,,,,5.0,,,,,,,,,
1992-03-08 00:00:00,,,,,,,,,,-9.8,,,,,,,,,,,,,,,,,,,,,,,,,,,,,,,,,,,,,,,,,,,,
1992-03-08 01:00:00,,,,,,,,,,-9.8,,,,,,,,,,,,,,,,,,,,,,,,,,,,,,,,,,,,,,,,,,,,
1992-03-08 02:00:00,1016.8,1020.3,13.0,12.7,98.0,1.1,135.0,,,0.4,0.8,,,,,,,,,,10.0,,,,,,,,,,,,,,,,,,,,,,,,5.0,,,,,,,,,
1992-03-08 03:00:00,,,,,,,,,,0.3,,,,,,,,,,,,,,,,,,,,,,,,,,,,,,,,,,,,,,,,,,,,
1992-03-08 04:00:00,,,,,,,,,,0.4,,,,,,,,,,,,,,,,,,,,,,,,,,,,,,,,,,,,,,,,,,,,
1992-03-08 05:00:00,1016.2,1019.7,13.0,12.7,98.0,1.1,112.5,,,-9.8,0.2,,,14.1,13.6,14.0,14.1,,,,10.0,,,,,,,,,,,,,,,,,,,,,14.3,,,6.0,,,,,,,,,
1992-03-08 06:00:00,,,,,,,,,,-9.8,,,,,,,,,,,,,,,,,,,,,,,,,,,,,,,,,,,,,,,,,,,,
1992-03-08 07:00:00,,,,,,,,,,-9.8,,,,,,,,,,,,,,,,,,,,,,,,,,,,,,,,,,,,,,,,,,,,
1992-03-08 08:00:00,1016.7,1020.2,13.6,13.2,97.0,1.5,90.0,,,0.0,0.0,0.0,,,,,,,,,10.0,,,,,,,,,,,,,,,,,,,,,,,,2.5,,,,,,,,,
1992-03-08 09:00:00,1017.1,1020.6,13.8,13.5,98.0,1.3,90.0,,,0.0,0.0,0.0,,,,,,,,,10.0,,,,,,,,,,,,,,,,,,,,,,,,2.5,,,,,,,,,
1992-03-08 10:00:00,,,,,,,,,,-9.8,,,,,,,,,,,,,,,,,,,,,,,,,,,,,,,,,,,,,,,,,,,,
1992-03-08 11:00:00,1016.7,1020.2,14.8,14.3,97.0,3.0,22.5,,,-9.8,1.0,0.0,,,,,,,,,10.0,,,,,,,,,,,,,,,,,,,,,,,,3.0,,,,,,,,,
1992-03-08 12:00:00,,,,,,,,,,-9.8,,,,,,,,,,,,,,,,,,,,,,,,,,,,,,,,,,,,,,,,,,,,
1992-03-08 13:00:00,,,,,,,,,,0.0,,,,,,,,,,,,,,,,,,,,,,,,,,,,,,,,,,,,,,,,,,,,
1992-03-08 14:00:00,1014.9,1018.4,14.6,13.8,95.0,2.5,360.0,,,-9.8,0.2,0.0,,14.7,14.6,14.6,14.6,,,,10.0,,,,,,,,,,,,,,,,,,,,,14.5,,,3.0,,,,,,,,,
1992-03-08 15:00:00,,,,,,,,,,0.8,,,,,,,,,,,,,,,,,,,,,,,,,,,,,,,,,,,,,,,,,,,,
1992-03-08 16:00:00,,,,,,,,,,0.8,,,,,,,,,,,,,,,,,,,,,,,,,,,,,,,,,,,,,,,,,,,,
1992-03-08 17:00:00,1013.9,1017.4,14.4,13.6,95.0,2.4,45.0,,,0.1,1.0,0.0,,,,,,,,,10.0,,,,,,,,,,,,,,,,,,,,,,,,3.0,,,,,,,,,
1992-03-08 18:00:00,,,,,,,,,,0.8,,,,,,,,,,,,,,,,,,,,,,,,,,,,,,,,,,,,,,,,,,,,
1992-03-08 19:00:00,,,,,,,,,,0.0,,,,,,,,,,,,,,,,,,,,,,,,,,,,,,,,,,,,,,,,,,,,
1992-03-08 20:00:00,1014.6,1018.1,14.4,13.6,95.0,4.0,45.0,,,0.1,0.5,,,,,,,,,,10.0,,,,,,,,,,,,,,,,,,,,,,,,3.0,,,,,,,,,
1992-03-08 21:00:00,1014.3,1017.8,14.3,13.4,94.0,4.3,45.0,,,-9.8,1.0,,,14.6,14.6,14.6,14.6,,,,10.0,,,,,,,,,,,,,,,,,,,,,14.5,,,3.0,,,,,,,,,
1992-03-08 22:00:00,,,,,,,,,,0.4,,,,,,,,,,,,,,,,,,,,,,,,,,,,,,,,,,,,,,,,,,,,
1992-03-08 23:00:00,1014.2,1017.7,14.3,13.7,96.0,1.2,90.0,,,0.6,1.0,,,,,,,,,,10.0,,,,,,,,,,,,,,,,,,,,,,,,3.0,,,,,,,,,
1992-03-09 00:00:00,,,,,,,,,,0.2,,,,,,,,,,,,,,,,,,,,,,,,,,,,,,,,,,,,,,,,,,,,
1992-03-09 01:00:00,,,,,,,,,,1.3,,,,,,,,,,,,,,,,,,,,,,,,,,,,,,,,,,,,,,,,,,,,
1992-03-09 02:00:00,1014.4,1017.9,14.7,14.1,96.0,3.0,360.0,,,4.2,1.0,,,,,,,,,,10.0,,,,,,,,,,,,,,,,,,,,,,,,3.0,,,,,,,,,
1992-03-09 03:00:00,,,,,,,,,,9.9,,,,,,,,,,,,,,,,,,,,,,,,,,,,,,,,,,,,,,,,,,,,
1992-03-09 04:00:00,,,,,,,,,,0.4,,,,,,,,,,,,,,,,,,,,,,,,,,,,,,,,,,,,,,,,,,,,
1992-03-09 05:00:00,1013.4,1016.9,14.4,14.1,98.0,1.5,135.0,,,1.8,1.0,,,14.5,14.6,14.6,14.6,,,,10.0,,,,,,,,,,,,,,,,,,,,,14.6,,,3.0,,,,,,,,,
1992-03-09 06:00:00,,,,,,,,,,0.1,,,,,,,,,,,,,,,,,,,,,,,,,,,,,,,,,,,,,,,,,,,,
1992-03-09 07:00:00,,,,,,,,,,0.0,,,,,,,,,,,,,,,,,,,,,,,,,,,,,,,,,,,,,,,,,,,,
1992-03-09 08:00:00,1013.7,1017.2,15.3,14.5,95.0,2.6,22.5,,,0.0,0.0,0.0,,,,,,,,,10.0,,,,,,,,,,,,,,,,,,,,,,,,4.0,,,,,,,,,
1992-03-09 09:00:00,1015.0,1018.5,15.1,14.3,95.0,3.5,45.0,,,0.0,0.0,0.0,,,,,,,,,10.0,,,,,,,,,,,,,,,,,,,,,,,,5.0,,,,,,,,,
1992-03-09 10:00:00,,,,,,,,,,0.0,,,,,,,,,,,,,,,,,,,,,,,,,,,,,,,,,,,,,,,,,,,,
1992-03-09 11:00:00,1015.0,1018.5,15.5,14.5,94.0,3.1,22.5,,,0.0,0.0,0.0,,,,,,,,,10.0,,,,,,,,,,,,,,,,,,,,,,,,5.0,,,,,,,,,
1992-03-09 12:00:00,,,,,,,,,,0.0,,,,,,,,,,,,,,,,,,,,,,,,,,,,,,,,,,,,,,,,,,,,
1992-03-09 13:00:00,,,,,,,,,,0.0,,,,,,,,,,,,,,,,,,,,,,,,,,,,,,,,,,,,,,,,,,,,
1992-03-09 14:00:00,1013.1,1016.6,15.2,14.3,94.0,3.6,45.0,,,0.9,0.4,0.0,,15.7,15.2,15.3,15.2,,,,10.0,,,,,,,,,,,,,,,,,,,,,14.8,,,6.0,,,,,,,,,
1992-03-09 15:00:00,,,,,,,,,,0.5,,,,,,,,,,,,,,,,,,,,,,,,,,,,,,,,,,,,,,,,,,,,
1992-03-09 16:00:00,,,,,,,,,,0.2,,,,,,,,,,,,,,,,,,,,,,,,,,,,,,,,,,,,,,,,,,,,
1992-03-09 17:00:00,1013.3,1016.8,15.3,14.3,94.0,2.5,67.5,,,0.1,0.5,0.0,,,,,,,,,10.0,,,,,,,,,,,,,,,,,,,,,,,,6.0,,,,,,,,,
1992-03-09 18:00:00,,,,,,,,,,0.0,,,,,,,,,,,,,,,,,,,,,,,,,,,,,,,,,,,,,,,,,,,,
1992-03-09 19:00:00,,,,,,,,,,0.0,,,,,,,,,,,,,,,,,,,,,,,,,,,,,,,,,,,,,,,,,,,,
1992-03-09 20:00:00,1014.8,1018.3,15.2,14.3,94.0,3.1,22.5,,,0.0,0.0,,,,,,,,,,10.0,,,,,,,,,,,,,,,,,,,,,,,,6.0,,,,,,,,,
1992-03-09 21:00:00,1014.8,1018.3,15.3,14.3,94.0,2.4,45.0,,,0.0,0.0,,,15.4,15.2,15.2,15.3,,,,10.0,,,,,,,,,,,,,,,,,,,,,15.1,,,8.0,,,,,,,,,
1992-03-09 22:00:00,,,,,,,,,,0.0,,,,,,,,,,,,,,,,,,,,,,,,,,,,,,,,,,,,,,,,,,,,
1992-03-09 23:00:00,1015.4,1018.9,15.3,14.3,94.0,2.1,22.5,,,0.0,0.0,,,,,,,,,,10.0,,,,,,,,,,,,,,,,,,,,,,,,8.0,,,,,,,,,
1992-03-10 00:00:00,,,,,,,,,,0.0,,,,,,,,,,,,,,,,,,,,,,,,,,,,,,,,,,,,,,,,,,,,
1992-03-10 01:00:00,,,,,,,,,,0.0,,,,,,,,,,,,,,,,,,,,,,,,,,,,,,,,,,,,,,,,,,,,
1992-03-10 02:00:00,1014.5,1018.0,15.4,14.7,96.0,2.6,22.5,,,0.0,0.0,,,,,,,,,,10.0,,,,,,,,,,,,,,,,,,,,,,,,8.0,,,,,,,,,
1992-03-10 03:00:00,,,,,,,,,,0.8,,,,,,,,,,,,,,,,,,,,,,,,,,,,,,,,,,,,,,,,,,,,
1992-03-10 04:00:00,,,,,,,,,,7.6,,,,,,,,,,,,,,,,,,,,,,,,,,,,,,,,,,,,,,,,,,,,
1992-03-10 05:00:00,1013.4,1016.9,15.4,14.7,96.0,2.6,67.5,,,2.8,1.0,,,15.3,15.0,15.3,15.3,,,,10.0,,,,,,,,,,,,,,,,,,,,,15.2,,,5.0,,,,,,,,,
1992-03-10 06:00:00,,,,,,,,,,3.0,,,,,,,,,,,,,,,,,,,,,,,,,,,,,,,,,,,,,,,,,,,,
1992-03-10 07:00:00,,,,,,,,,,0.8,,,,,,,,,,,,,,,,,,,,,,,,,,,,,,,,,,,,,,,,,,,,
1992-03-10 08:00:00,1015.2,1018.7,15.4,14.6,95.0,3.9,45.0,,,1.9,1.0,0.0,,,,,,,,,10.0,,,,,,,,,,,,,,,,,,,,,,,,7.0,,,,,,,,,
1992-03-10 09:00:00,1016.2,1019.7,15.4,14.5,94.0,3.5,22.5,,,0.2,1.0,0.0,,,,,,,,,10.0,,,,,,,,,,,,,,,,,,,,,,,,5.0,,,,,,,,,
1992-03-10 10:00:00,,,,,,,,,,3.4,,,,,,,,,,,,,,,,,,,,,,,,,,,,,,,,,,,,,,,,,,,,
1992-03-10 11:00:00,1015.6,1019.1,15.6,14.5,93.0,2.0,45.0,,,3.6,1.0,0.0,,,,,,,,,10.0,,,,,,,,,,,,,,,,,,,,,,,,7.0,,,,,,,,,
1992-03-10 12:00:00,,,,,,,,,,5.8,,,,,,,,,,,,,,,,,,,,,,,,,,,,,,,,,,,,,,,,,,,,
1992-03-10 13:00:00,,,,,,,,,,1.6,,,,,,,,,,,,,,,,,,,,,,,,,,,,,,,,,,,,,,,,,,,,
1992-03-10 14:00:00,1013.9,1017.4,15.4,14.3,93.0,4.0,22.5,,,6.6,1.0,0.0,,16.3,15.5,15.8,15.5,,,,10.0,,,,,,,,,,,,,,,,,,,,,15.5,,,8.0,,,,,,,,,
1992-03-10 15:00:00,,,,,,,,,,0.1,,,,,,,,,,,,,,,,,,,,,,,,,,,,,,,,,,,,,,,,,,,,
1992-03-10 16:00:00,,,,,,,,,,0.0,,,,,,,,,,,,,,,,,,,,,,,,,,,,,,,,,,,,,,,,,,,,
1992-03-10 17:00:00,1014.1,1017.6,14.9,13.9,94.0,3.1,45.0,,,0.2,0.2,0.0,,,,,,,,,10.0,,,,,,,,,,,,,,,,,,,,,,,,8.0,,,,,,,,,
1992-03-10 18:00:00,,,,,,,,,,1.8,,,,,,,,,,,,,,,,,,,,,,,,,,,,,,,,,,,,,,,,,,,,
1992-03-10 19:00:00,,,,,,,,,,1.0,,,,,,,,,,,,,,,,,,,,,,,,,,,,,,,,,,,,,,,,,,,,
1992-03-10 20:00:00,1015.4,1018.9,14.0,13.1,94.0,3.6,45.0,,,2.5,1.0,,,,,,,,,,10.0,,,,,,,,,,,,,,,,,,,,,,,,6.0,,,,,,,,,
1992-03-10 21:00:00,1015.8,1019.3,14.2,13.0,92.0,4.5,22.5,,,0.3,1.0,,,15.3,15.3,15.6,15.5,,,,10.0,,,,,,,,,,,,,,,,,,,,,15.5,,,6.0,,,,,,,,,
1992-03-10 22:00:00,,,,,,,,,,-9.8,,,,,,,,,,,,,,,,,,,,,,,,,,,,,,,,,,,,,,,,,,,,
1992-03-10 23:00:00,1015.6,1019.1,14.7,13.7,94.0,2.3,45.0,,,0.5,1.0,,,,,,,,,,10.0,,,,,,,,,,,,,,,,,,,,,,,,6.0,,,,,,,,,
1992-03-11 00:00:00,,,,,,,,,,0.4,,,,,,,,,,,,,,,,,,,,,,,,,,,,,,,,,,,,,,,,,,,,
1992-03-11 01:00:00,,,,,,,,,,0.6,,,,,,,,,,,,,,,,,,,,,,,,,,,,,,,,,,,,,,,,,,,,
1992-03-11 02:00:00,1014.6,1018.1,15.0,14.0,94.0,2.1,45.0,,,0.5,1.0,,,,,,,,,,10.0,,,,,,,,,,,,,,,,,,,,,,,,6.0,,,,,,,,,
1992-03-11 03:00:00,,,,,,,,,,2.4,,,,,,,,,,,,,,,,,,,,,,,,,,,,,,,,,,,,,,,,,,,,
1992-03-11 04:00:00,,,,,,,,,,0.2,,,,,,,,,,,,,,,,,,,,,,,,,,,,,,,,,,,,,,,,,,,,
1992-03-11 05:00:00,1014.9,1018.4,15.5,14.9,96.0,0.5,360.0,,,0.5,1.0,,,15.4,15.4,15.5,15.5,,,,10.0,,,,,,,,,,,,,,,,,,,,,15.6,,,6.0,,,,,,,,,
1992-03-11 06:00:00,,,,,,,,,,0.8,,,,,,,,,,,,,,,,,,,,,,,,,,,,,,,,,,,,,,,,,,,,
1992-03-11 07:00:00,,,,,,,,,,0.2,,,,,,,,,,,,,,,,,,,,,,,,,,,,,,,,,,,,,,,,,,,,
1992-03-11 08:00:00,1016.7,1020.2,15.4,15.0,97.0,0.5,90.0,,,1.8,1.0,0.0,,,,,,,,,10.0,,,,,,,,,,,,,,,,,,,,,,,,0.5,,,,,,,,,
1992-03-11 09:00:00,1017.1,1020.6,16.0,15.4,96.0,1.1,337.5,,,-9.8,0.1,0.0,,,,,,,,,10.0,,,,,,,,,,,,,,,,,,,,,,,,2.0,,,,,,,,,
1992-03-11 10:00:00,,,,,,,,,,0.0,,,,,,,,,,,,,,,,,,,,,,,,,,,,,,,,,,,,,,,,,,,,
1992-03-11 11:00:00,1017.5,1021.0,16.6,15.9,96.0,2.1,45.0,,,0.0,0.0,0.0,,,,,,,,,10.0,,,,,,,,,,,,,,,,,,,,,,,,5.0,,,,,,,,,
1992-03-11 12:00:00,,,,,,,,,,0.0,,,,,,,,,,,,,,,,,,,,,,,,,,,,,,,,,,,,,,,,,,,,
1992-03-11 13:00:00,,,,,,,,,,0.0,,,,,,,,,,,,,,,,,,,,,,,,,,,,,,,,,,,,,,,,,,,,
1992-03-11 14:00:00,1015.7,1019.2,16.9,16.2,96.0,2.1,360.0,,,-9.8,0.8,0.0,,16.8,16.9,17.2,16.7,,,,10.0,,,,,,,,,,,,,,,,,,,,,16.3,,,2.5,,,,,,,,,
1992-03-11 15:00:00,,,,,,,,,,-9.8,,,,,,,,,,,,,,,,,,,,,,,,,,,,,,,,,,,,,,,,,,,,
1992-03-11 16:00:00,,,,,,,,,,0.0,,,,,,,,,,,,,,,,,,,,,,,,,,,,,,,,,,,,,,,,,,,,
1992-03-11 17:00:00,1015.9,1019.4,16.4,15.6,95.0,2.7,45.0,,,0.0,0.0,0.0,,,,,,,,,10.0,,,,,,,,,,,,,,,,,,,,,,,,2.5,,,,,,,,,
1992-03-11 18:00:00,,,,,,,,,,0.0,,,,,,,,,,,,,,,,,,,,,,,,,,,,,,,,,,,,,,,,,,,,
1992-03-11 19:00:00,,,,,,,,,,0.0,,,,,,,,,,,,,,,,,,,,,,,,,,,,,,,,,,,,,,,,,,,,
1992-03-11 20:00:00,1016.8,1020.3,16.2,15.1,93.0,2.1,45.0,,,0.0,0.0,,,,,,,,,,10.0,,,,,,,,,,,,,,,,,,,,,,,,3.0,,,,,,,,,
1992-03-11 21:00:00,1017.0,1020.5,16.1,14.9,93.0,1.2,90.0,,,0.0,0.0,,,16.4,15.9,16.3,16.0,,,,5.0,,,,,,,,,,,,,,,,,,,,,16.5,,,7.0,,,,,,,,,
1992-03-11 22:00:00,,,,,,,,,,0.0,,,,,,,,,,,,,,,,,,,,,,,,,,,,,,,,,,,,,,,,,,,,
1992-03-11 23:00:00,1017.0,1020.5,16.3,15.3,94.0,1.8,45.0,,,0.0,0.0,,,,,,,,,,9.0,,,,,,,,,,,,,,,,,,,,,,,,6.0,,,,,,,,,
1992-03-12 00:00:00,,,,,,,,,,0.0,,,,,,,,,,,,,,,,,,,,,,,,,,,,,,,,,,,,,,,,,,,,
1992-03-12 01:00:00,,,,,,,,,,0.0,,,,,,,,,,,,,,,,,,,,,,,,,,,,,,,,,,,,,,,,,,,,
1992-03-12 02:00:00,1017.2,1020.7,16.3,15.6,96.0,1.2,67.5,,,0.0,0.0,,,,,,,,,,6.0,,,,,,,,,,,,,,,,,,,,,,,,6.0,,,,,,,,,
1992-03-12 03:00:00,,,,,,,,,,0.0,,,,,,,,,,,,,,,,,,,,,,,,,,,,,,,,,,,,,,,,,,,,
1992-03-12 04:00:00,,,,,,,,,,0.0,,,,,,,,,,,,,,,,,,,,,,,,,,,,,,,,,,,,,,,,,,,,
1992-03-12 05:00:00,1016.7,1020.2,16.3,15.8,97.0,0.7,90.0,,,0.0,0.0,,,16.3,15.8,16.2,16.0,,,,10.0,,,,,,,,,,,,,,,,,,,,,15.7,,,5.0,,,,,,,,,
1992-03-12 06:00:00,,,,,,,,,,0.0,,,,,,,,,,,,,,,,,,,,,,,,,,,,,,,,,,,,,,,,,,,,
1992-03-12 07:00:00,,,,,,,,,,0.0,,,,,,,,,,,,,,,,,,,,,,,,,,,,,,,,,,,,,,,,,,,,
1992-03-12 08:00:00,1016.7,1020.2,18.2,16.5,90.0,1.5,135.0,,,0.0,0.0,0.0,,,,,,,,,4.0,,,,,,,,,,,,,,,,,,,,,,,,6.0,,,,,,,,,
1992-03-12 09:00:00,1017.1,1020.5,19.5,16.8,84.0,3.5,360.0,,,0.0,0.0,0.8,,,,,,,,,7.0,,,,,,,,,,,,,,,,,,,,,,,,6.0,,,,,,,,,
1992-03-12 10:00:00,,,,,,,,,,0.0,,,,,,,,,,,,,,,,,,,,,,,,,,,,,,,,,,,,,,,,,,,,
1992-03-12 11:00:00,1017.2,1020.6,20.9,17.9,83.0,3.1,360.0,,,0.0,0.0,0.7,,,,,,,,,3.0,,,,,,,,,,,,,,,,,,,,,,,,6.0,,,,,,,,,
1992-03-12 12:00:00,,,,,,,,,,0.0,,,,,,,,,,,,,,,,,,,,,,,,,,,,,,,,,,,,,,,,,,,,
1992-03-12 13:00:00,,,,,,,,,,0.0,,,,,,,,,,,,,,,,,,,,,,,,,,,,,,,,,,,,,,,,,,,,
1992-03-12 14:00:00,1015.3,1018.7,20.7,17.7,83.0,5.3,22.5,,,0.0,0.0,0.9,,20.9,19.5,17.5,17.3,,,,0.0,,,,,,,,,,,,,,,,,,,,,16.2,,,6.0,,,,,,,,,
1992-03-12 15:00:00,,,,,,,,,,0.0,,,,,,,,,,,,,,,,,,,,,,,,,,,,,,,,,,,,,,,,,,,,
1992-03-12 16:00:00,,,,,,,,,,0.0,,,,,,,,,,,,,,,,,,,,,,,,,,,,,,,,,,,,,,,,,,,,
1992-03-12 17:00:00,1015.0,1018.4,20.0,17.2,84.0,4.9,22.5,,,0.0,0.0,0.1,,,,,,,,,9.0,,,,,,,,,,,,,,,,,,,,,,,,6.0,,,,,,,,,
1992-03-12 18:00:00,,,,,,,,,,0.0,,,,,,,,,,,,,,,,,,,,,,,,,,,,,,,,,,,,,,,,,,,,
1992-03-12 19:00:00,,,,,,,,,,0.0,,,,,,,,,,,,,,,,,,,,,,,,,,,,,,,,,,,,,,,,,,,,
1992-03-12 20:00:00,1016.5,1020.0,18.5,17.0,91.0,2.3,22.5,,,0.0,0.0,,,,,,,,,,4.0,,,,,,,,,,,,,,,,,,,,,,,,5.0,,,,,,,,,
1992-03-12 21:00:00,1017.2,1020.7,18.7,17.3,92.0,2.7,22.5,,,0.0,0.0,,,18.6,18.5,18.2,18.1,,,,10.0,,,,,,,,,,,,,,,,,,,,,17.5,,,4.0,,,,,,,,,
1992-03-12 22:00:00,,,,,,,,,,0.0,,,,,,,,,,,,,,,,,,,,,,,,,,,,,,,,,,,,,,,,,,,,
1992-03-12 23:00:00,1017.1,1020.5,18.8,17.4,92.0,1.5,22.5,,,0.0,0.0,,,,,,,,,,10.0,,,,,,,,,,,,,,,,,,,,,,,,4.0,,,,,,,,,
1992-03-13 00:00:00,,,,,,,,,,0.0,,,,,,,,,,,,,,,,,,,,,,,,,,,,,,,,,,,,,,,,,,,,
1992-03-13 01:00:00,,,,,,,,,,0.0,,,,,,,,,,,,,,,,,,,,,,,,,,,,,,,,,,,,,,,,,,,,
1992-03-13 02:00:00,1016.0,1019.5,18.0,17.1,94.0,3.3,22.5,,,0.0,0.0,,,,,,,,,,10.0,,,,,,,,,,,,,,,,,,,,,,,,4.0,,,,,,,,,
1992-03-13 03:00:00,,,,,,,,,,0.0,,,,,,,,,,,,,,,,,,,,,,,,,,,,,,,,,,,,,,,,,,,,
1992-03-13 04:00:00,,,,,,,,,,0.0,,,,,,,,,,,,,,,,,,,,,,,,,,,,,,,,,,,,,,,,,,,,
1992-03-13 05:00:00,1016.1,1019.6,17.9,16.9,94.0,1.6,337.5,,,0.0,0.0,,,18.1,18.0,18.2,18.0,,,,10.0,,,,,,,,,,,,,,,,,,,,,17.4,,,3.0,,,,,,,,,
1992-03-13 06:00:00,,,,,,,,,,0.0,,,,,,,,,,,,,,,,,,,,,,,,,,,,,,,,,,,,,,,,,,,,
1992-03-13 07:00:00,,,,,,,,,,0.0,,,,,,,,,,,,,,,,,,,,,,,,,,,,,,,,,,,,,,,,,,,,
1992-03-13 08:00:00,1018.8,1022.3,16.8,16.1,96.0,4.2,22.5,,,0.0,0.0,0.0,,,,,,,,,10.0,,,,,,,,,,,,,,,,,,,,,,,,0.1,,,,,,,,,
1992-03-13 09:00:00,1018.7,1022.2,16.4,15.5,94.0,4.7,45.0,,,0.0,0.0,0.0,,,,,,,,,10.0,,,,,,,,,,,,,,,,,,,,,,,,4.0,,,,,,,,,
1992-03-13 10:00:00,,,,,,,,,,0.0,,,,,,,,,,,,,,,,,,,,,,,,,,,,,,,,,,,,,,,,,,,,
1992-03-13 11:00:00,1017.3,1020.7,20.8,17.2,80.0,2.5,135.0,,,0.0,0.0,0.0,,,,,,,,,10.0,,,,,,,,,,,,,,,,,,,,,,,,6.0,,,,,,,,,
1992-03-13 12:00:00,,,,,,,,,,0.0,,,,,,,,,,,,,,,,,,,,,,,,,,,,,,,,,,,,,,,,,,,,
1992-03-13 13:00:00,,,,,,,,,,0.0,,,,,,,,,,,,,,,,,,,,,,,,,,,,,,,,,,,,,,,,,,,,
1992-03-13 14:00:00,1014.0,1017.4,25.7,16.8,58.0,1.5,202.5,,,0.0,0.0,0.9,,22.2,20.7,19.4,18.3,,,,3.0,,,,,,,,,,,,,,,,,,,,,17.6,,,12.0,,,,,,,,,
1992-03-13 15:00:00,,,,,,,,,,0.0,,,,,,,,,,,,,,,,,,,,,,,,,,,,,,,,,,,,,,,,,,,,
1992-03-13 16:00:00,,,,,,,,,,0.0,,,,,,,,,,,,,,,,,,,,,,,,,,,,,,,,,,,,,,,,,,,,
1992-03-13 17:00:00,1013.1,1016.5,25.4,16.0,56.0,0.9,270.0,,,0.0,0.0,0.3,,,,,,,,,2.0,,,,,,,,,,,,,,,,,,,,,,,,15.0,,,,,,,,,
1992-03-13 18:00:00,,,,,,,,,,0.0,,,,,,,,,,,,,,,,,,,,,,,,,,,,,,,,,,,,,,,,,,,,
1992-03-13 19:00:00,,,,,,,,,,0.0,,,,,,,,,,,,,,,,,,,,,,,,,,,,,,,,,,,,,,,,,,,,
1992-03-13 20:00:00,1014.8,1018.2,22.0,18.5,81.0,1.9,112.5,,,0.0,0.0,,,,,,,,,,8.0,,,,,,,,,,,,,,,,,,,,,,,,10.0,,,,,,,,,
1992-03-13 21:00:00,1015.0,1018.4,20.4,18.1,87.0,1.0,90.0,,,0.0,0.0,,,20.1,19.8,20.0,19.3,,,,3.0,,,,,,,,,,,,,,,,,,,,,18.3,,,6.0,,,,,,,,,
1992-03-13 22:00:00,,,,,,,,,,0.0,,,,,,,,,,,,,,,,,,,,,,,,,,,,,,,,,,,,,,,,,,,,
1992-03-13 23:00:00,1015.2,1018.6,19.6,17.7,89.0,1.2,112.5,,,0.0,0.0,,,,,,,,,,1.0,,,,,,,,,,,,,,,,,,,,,,,,6.0,,,,,,,,,
1992-03-14 00:00:00,,,,,,,,,,0.0,,,,,,,,,,,,,,,,,,,,,,,,,,,,,,,,,,,,,,,,,,,,
1992-03-14 01:00:00,,,,,,,,,,0.0,,,,,,,,,,,,,,,,,,,,,,,,,,,,,,,,,,,,,,,,,,,,
1992-03-14 02:00:00,1013.9,1017.3,18.3,16.8,91.0,1.4,90.0,,,0.0,0.0,,,,,,,,,,0.0,,,,,,,,,,,,,,,,,,,,,,,,6.0,,,,,,,,,
1992-03-14 03:00:00,,,,,,,,,,0.0,,,,,,,,,,,,,,,,,,,,,,,,,,,,,,,,,,,,,,,,,,,,
1992-03-14 04:00:00,,,,,,,,,,0.0,,,,,,,,,,,,,,,,,,,,,,,,,,,,,,,,,,,,,,,,,,,,
1992-03-14 05:00:00,1014.1,1017.6,17.8,16.3,91.0,2.0,90.0,,,0.0,0.0,,,19.1,18.9,18.7,18.7,,,,10.0,,,,,,,,,,,,,,,,,,,,,18.5,,,6.0,,,,,,,,,
1992-03-14 06:00:00,,,,,,,,,,0.0,,,,,,,,,,,,,,,,,,,,,,,,,,,,,,,,,,,,,,,,,,,,
1992-03-14 07:00:00,,,,,,,,,,0.0,,,,,,,,,,,,,,,,,,,,,,,,,,,,,,,,,,,,,,,,,,,,
1992-03-14 08:00:00,1015.5,1018.9,20.1,17.0,82.0,1.5,90.0,,,0.0,0.0,0.2,,,,,,,,,2.0,,,,,,,,,,,,,,,,,,,,,,,,5.0,,,,,,,,,
1992-03-14 09:00:00,1015.4,1018.8,22.6,18.7,79.0,0.1,0.0,,,0.0,0.0,1.0,,,,,,,,,4.0,,,,,,,,,,,,,,,,,,,,,,,,5.0,,,,,,,,,
1992-03-14 10:00:00,,,,,,,,,,0.0,,,,,,,,,,,,,,,,,,,,,,,,,,,,,,,,,,,,,,,,,,,,
1992-03-14 11:00:00,1014.2,1017.6,25.8,19.2,67.0,1.7,270.0,,,0.0,0.0,1.0,,,,,,,,,3.0,,,,,,,,,,,,,,,,,,,,,,,,5.0,,,,,,,,,
1992-03-14 12:00:00,,,,,,,,,,0.0,,,,,,,,,,,,,,,,,,,,,,,,,,,,,,,,,,,,,,,,,,,,
1992-03-14 13:00:00,,,,,,,,,,0.0,,,,,,,,,,,,,,,,,,,,,,,,,,,,,,,,,,,,,,,,,,,,
1992-03-14 14:00:00,1011.3,1014.6,25.8,19.0,66.0,3.2,292.5,,,0.0,0.0,1.0,,23.5,22.4,21.1,19.5,,,,3.0,,,,,,,,,,,,,,,,,,,,,18.7,,,8.0,,,,,,,,,
1992-03-14 15:00:00,,,,,,,,,,0.0,,,,,,,,,,,,,,,,,,,,,,,,,,,,,,,,,,,,,,,,,,,,
1992-03-14 16:00:00,,,,,,,,,,0.0,,,,,,,,,,,,,,,,,,,,,,,,,,,,,,,,,,,,,,,,,,,,
1992-03-14 17:00:00,1010.3,1013.7,24.9,18.1,66.0,2.9,270.0,,,0.0,0.0,0.0,,,,,,,,,7.0,,,,,,,,,,,,,,,,,,,,,,,,12.0,,,,,,,,,
1992-03-14 18:00:00,,,,,,,,,,0.0,,,,,,,,,,,,,,,,,,,,,,,,,,,,,,,,,,,,,,,,,,,,
1992-03-14 19:00:00,,,,,,,,,,0.0,,,,,,,,,,,,,,,,,,,,,,,,,,,,,,,,,,,,,,,,,,,,
1992-03-14 20:00:00,1011.6,1015.0,22.9,19.6,82.0,0.4,90.0,,,0.0,0.0,,,,,,,,,,10.0,,,,,,,,,,,,,,,,,,,,,,,,12.0,,,,,,,,,
1992-03-14 21:00:00,1012.1,1015.5,22.6,19.9,85.0,1.3,112.5,,,0.0,0.0,,,21.5,21.2,21.1,20.5,,,,10.0,,,,,,,,,,,,,,,,,,,,,19.4,,,8.0,,,,,,,,,
1992-03-14 22:00:00,,,,,,,,,,0.0,,,,,,,,,,,,,,,,,,,,,,,,,,,,,,,,,,,,,,,,,,,,
1992-03-14 23:00:00,1012.2,1015.6,22.0,19.6,86.0,0.9,157.5,,,0.0,0.0,,,,,,,,,,10.0,,,,,,,,,,,,,,,,,,,,,,,,5.0,,,,,,,,,
1992-03-15 00:00:00,,,,,,,,,,0.0,,,,,,,,,,,,,,,,,,,,,,,,,,,,,,,,,,,,,,,,,,,,
1992-03-15 01:00:00,,,,,,,,,,0.0,,,,,,,,,,,,,,,,,,,,,,,,,,,,,,,,,,,,,,,,,,,,
1992-03-15 02:00:00,1011.4,1014.8,20.5,18.5,88.0,2.0,112.5,,,0.0,0.0,,,,,,,,,,9.0,,,,,,,,,,,,,,,,,,,,,,,,5.0,,,,,,,,,
1992-03-15 03:00:00,,,,,,,,,,0.0,,,,,,,,,,,,,,,,,,,,,,,,,,,,,,,,,,,,,,,,,,,,
1992-03-15 04:00:00,,,,,,,,,,0.0,,,,,,,,,,,,,,,,,,,,,,,,,,,,,,,,,,,,,,,,,,,,
1992-03-15 05:00:00,1011.8,1015.2,19.6,16.7,83.0,2.1,135.0,,,0.0,0.0,,,19.6,19.6,20.1,19.8,,,,3.0,,,,,,,,,,,,,,,,,,,,,19.4,,,8.0,,,,,,,,,
1992-03-15 06:00:00,,,,,,,,,,0.0,,,,,,,,,,,,,,,,,,,,,,,,,,,,,,,,,,,,,,,,,,,,
1992-03-15 07:00:00,,,,,,,,,,0.0,,,,,,,,,,,,,,,,,,,,,,,,,,,,,,,,,,,,,,,,,,,,
1992-03-15 08:00:00,1013.2,1016.6,20.7,18.5,87.0,1.8,45.0,,,0.0,0.0,1.0,,,,,,,,,3.0,,,,,,,,,,,,,,,,,,,,,,,,5.0,,,,,,,,,
1992-03-15 09:00:00,1013.0,1016.4,23.0,19.2,79.0,0.6,45.0,,,0.0,0.0,1.0,,,,,,,,,0.0,,,,,,,,,,,,,,,,,,,,,,,,10.0,,,,,,,,,
1992-03-15 10:00:00,,,,,,,,,,0.0,,,,,,,,,,,,,,,,,,,,,,,,,,,,,,,,,,,,,,,,,,,,
1992-03-15 11:00:00,1011.8,1015.2,25.7,20.3,72.0,2.9,315.0,,,0.0,0.0,1.0,,,,,,,,,0.0,,,,,,,,,,,,,,,,,,,,,,,,8.0,,,,,,,,,
1992-03-15 12:00:00,,,,,,,,,,0.0,,,,,,,,,,,,,,,,,,,,,,,,,,,,,,,,,,,,,,,,,,,,
1992-03-15 13:00:00,,,,,,,,,,0.0,,,,,,,,,,,,,,,,,,,,,,,,,,,,,,,,,,,,,,,,,,,,
1992-03-15 14:00:00,1009.1,1012.5,24.7,21.1,80.0,3.3,315.0,,,0.0,0.0,0.8,,25.4,23.9,22.0,20.6,,,,5.0,,,,,,,,,,,,,,,,,,,,,19.6,,,10.0,,,,,,,,,
1992-03-15 15:00:00,,,,,,,,,,0.0,,,,,,,,,,,,,,,,,,,,,,,,,,,,,,,,,,,,,,,,,,,,
1992-03-15 16:00:00,,,,,,,,,,0.0,,,,,,,,,,,,,,,,,,,,,,,,,,,,,,,,,,,,,,,,,,,,
1992-03-15 17:00:00,1009.0,1012.4,22.6,20.3,87.0,2.1,270.0,,,0.0,0.0,0.0,,,,,,,,,10.0,,,,,,,,,,,,,,,,,,,,,,,,7.0,,,,,,,,,
1992-03-15 18:00:00,,,,,,,,,,0.0,,,,,,,,,,,,,,,,,,,,,,,,,,,,,,,,,,,,,,,,,,,,
1992-03-15 19:00:00,,,,,,,,,,0.0,,,,,,,,,,,,,,,,,,,,,,,,,,,,,,,,,,,,,,,,,,,,
1992-03-15 20:00:00,1009.4,1012.8,22.9,21.1,90.0,1.9,247.5,,,0.0,0.0,,,,,,,,,,10.0,,,,,,,,,,,,,,,,,,,,,,,,7.0,,,,,,,,,
1992-03-15 21:00:00,1009.6,1013.0,22.9,21.3,91.0,0.8,292.5,,,0.0,0.0,,,22.3,21.8,22.0,21.3,,,,10.0,,,,,,,,,,,,,,,,,,,,,20.2,,,8.0,,,,,,,,,
1992-03-15 22:00:00,,,,,,,,,,0.0,,,,,,,,,,,,,,,,,,,,,,,,,,,,,,,,,,,,,,,,,,,,
1992-03-15 23:00:00,1010.0,1013.4,23.0,22.0,94.0,4.3,247.5,,,0.0,0.0,,,,,,,,,,10.0,,,,,,,,,,,,,,,,,,,,,,,,8.0,,,,,,,,,
1992-03-16 00:00:00,,,,,,,,,,0.0,,,,,,,,,,,,,,,,,,,,,,,,,,,,,,,,,,,,,,,,,,,,
1992-03-16 01:00:00,,,,,,,,,,0.0,,,,,,,,,,,,,,,,,,,,,,,,,,,,,,,,,,,,,,,,,,,,
1992-03-16 02:00:00,1009.9,1013.3,22.7,21.5,93.0,4.3,247.5,,,0.0,0.0,,,,,,,,,,10.0,,,,,,,,,,,,,,,,,,,,,,,,8.0,,,,,,,,,
1992-03-16 03:00:00,,,,,,,,,,0.0,,,,,,,,,,,,,,,,,,,,,,,,,,,,,,,,,,,,,,,,,,,,
1992-03-16 04:00:00,,,,,,,,,,0.0,,,,,,,,,,,,,,,,,,,,,,,,,,,,,,,,,,,,,,,,,,,,
1992-03-16 05:00:00,1009.9,1013.3,20.2,17.2,83.0,1.5,135.0,,,0.0,0.0,,,21.5,21.1,21.5,21.0,,,,0.0,,,,,,,,,,,,,,,,,,,,,20.3,,,8.0,,,,,,,,,
1992-03-16 06:00:00,,,,,,,,,,0.0,,,,,,,,,,,,,,,,,,,,,,,,,,,,,,,,,,,,,,,,,,,,
1992-03-16 07:00:00,,,,,,,,,,0.0,,,,,,,,,,,,,,,,,,,,,,,,,,,,,,,,,,,,,,,,,,,,
1992-03-16 08:00:00,1011.5,1014.9,22.0,17.6,76.0,0.9,112.5,,,0.0,0.0,1.0,,,,,,,,,6.0,,,,,,,,,,,,,,,,,,,,,,,,10.0,,,,,,,,,
1992-03-16 09:00:00,1011.8,1015.2,24.5,19.9,76.0,3.9,270.0,,,0.0,0.0,1.0,,,,,,,,,8.0,,,,,,,,,,,,,,,,,,,,,,,,12.0,,,,,,,,,
1992-03-16 10:00:00,,,,,,,,,,0.0,,,,,,,,,,,,,,,,,,,,,,,,,,,,,,,,,,,,,,,,,,,,
1992-03-16 11:00:00,1011.6,1014.9,26.3,20.6,71.0,4.4,270.0,,,0.0,0.0,1.0,,,,,,,,,4.0,,,,,,,,,,,,,,,,,,,,,,,,15.0,,,,,,,,,
1992-03-16 12:00:00,,,,,,,,,,0.0,,,,,,,,,,,,,,,,,,,,,,,,,,,,,,,,,,,,,,,,,,,,
1992-03-16 13:00:00,,,,,,,,,,0.0,,,,,,,,,,,,,,,,,,,,,,,,,,,,,,,,,,,,,,,,,,,,
1992-03-16 14:00:00,1009.5,1012.8,26.6,21.0,71.0,3.7,270.0,,,0.0,0.0,1.0,,25.6,24.0,22.7,21.5,,,,2.0,,,,,,,,,,,,,,,,,,,,,20.5,,,15.0,,,,,,,,,
1992-03-16 15:00:00,,,,,,,,,,0.0,,,,,,,,,,,,,,,,,,,,,,,,,,,,,,,,,,,,,,,,,,,,
1992-03-16 16:00:00,,,,,,,,,,0.0,,,,,,,,,,,,,,,,,,,,,,,,,,,,,,,,,,,,,,,,,,,,
1992-03-16 17:00:00,1010.8,1014.2,24.4,19.4,74.0,2.8,315.0,,,0.0,0.0,1.0,,,,,,,,,7.0,,,,,,,,,,,,,,,,,,,,,,,,15.0,,,,,,,,,
1992-03-16 18:00:00,,,,,,,,,,0.0,,,,,,,,,,,,,,,,,,,,,,,,,,,,,,,,,,,,,,,,,,,,
1992-03-16 19:00:00,,,,,,,,,,0.0,,,,,,,,,,,,,,,,,,,,,,,,,,,,,,,,,,,,,,,,,,,,
1992-03-16 20:00:00,1013.3,1016.7,20.7,18.4,87.0,3.0,22.5,,,0.0,0.0,,,,,,,,,,2.0,,,,,,,,,,,,,,,,,,,,,,,,8.0,,,,,,,,,
1992-03-16 21:00:00,1014.2,1017.6,19.6,17.7,89.0,5.7,22.5,,,0.0,0.0,,,22.2,22.0,22.5,22.0,,,,10.0,,,,,,,,,,,,,,,,,,,,,21.2,,,8.0,,,,,,,,,
1992-03-16 22:00:00,,,,,,,,,,0.0,,,,,,,,,,,,,,,,,,,,,,,,,,,,,,,,,,,,,,,,,,,,
1992-03-16 23:00:00,1014.7,1018.2,17.9,16.2,90.0,6.2,45.0,,,0.0,0.0,,,,,,,,,,10.0,,,,,,,,,,,,,,,,,,,,,,,,8.0,,,,,,,,,
1992-03-17 00:00:00,,,,,,,,,,0.0,,,,,,,,,,,,,,,,,,,,,,,,,,,,,,,,,,,,,,,,,,,,
1992-03-17 01:00:00,,,,,,,,,,0.0,,,,,,,,,,,,,,,,,,,,,,,,,,,,,,,,,,,,,,,,,,,,
1992-03-17 02:00:00,1014.0,1017.5,15.4,14.0,91.0,6.2,45.0,,,0.0,0.0,,,,,,,,,,10.0,,,,,,,,,,,,,,,,,,,,,,,,8.0,,,,,,,,,
1992-03-17 03:00:00,,,,,,,,,,0.0,,,,,,,,,,,,,,,,,,,,,,,,,,,,,,,,,,,,,,,,,,,,
1992-03-17 04:00:00,,,,,,,,,,0.0,,,,,,,,,,,,,,,,,,,,,,,,,,,,,,,,,,,,,,,,,,,,
1992-03-17 05:00:00,1013.8,1017.3,15.6,13.2,86.0,4.3,45.0,,,0.0,0.0,,,20.1,20.0,20.7,20.8,,,,10.0,,,,,,,,,,,,,,,,,,,,,20.8,,,10.0,,,,,,,,,
1992-03-17 06:00:00,,,,,,,,,,0.0,,,,,,,,,,,,,,,,,,,,,,,,,,,,,,,,,,,,,,,,,,,,
1992-03-17 07:00:00,,,,,,,,,,0.0,,,,,,,,,,,,,,,,,,,,,,,,,,,,,,,,,,,,,,,,,,,,
1992-03-17 08:00:00,1014.9,1018.4,16.8,13.2,79.0,4.9,45.0,,,0.0,0.0,0.0,,,,,,,,,10.0,,,,,,,,,,,,,,,,,,,,,,,,15.0,,,,,,,,,
1992-03-17 09:00:00,1014.7,1018.1,18.3,14.0,76.0,4.0,90.0,,,0.0,0.0,0.0,,,,,,,,,9.0,,,,,,,,,,,,,,,,,,,,,,,,15.0,,,,,,,,,
1992-03-17 10:00:00,,,,,,,,,,0.0,,,,,,,,,,,,,,,,,,,,,,,,,,,,,,,,,,,,,,,,,,,,
1992-03-17 11:00:00,1013.9,1017.3,20.5,15.2,72.0,4.3,45.0,,,0.0,0.0,0.2,,,,,,,,,8.0,,,,,,,,,,,,,,,,,,,,,,,,15.0,,,,,,,,,
1992-03-17 12:00:00,,,,,,,,,,0.0,,,,,,,,,,,,,,,,,,,,,,,,,,,,,,,,,,,,,,,,,,,,
1992-03-17 13:00:00,,,,,,,,,,0.0,,,,,,,,,,,,,,,,,,,,,,,,,,,,,,,,,,,,,,,,,,,,
1992-03-17 14:00:00,1011.9,1015.3,18.1,15.2,83.0,5.9,22.5,,,0.0,0.0,0.0,,20.9,20.6,20.6,20.4,,,,10.0,,,,,,,,,,,,,,,,,,,,,20.3,,,12.0,,,,,,,,,
1992-03-17 15:00:00,,,,,,,,,,0.0,,,,,,,,,,,,,,,,,,,,,,,,,,,,,,,,,,,,,,,,,,,,
1992-03-17 16:00:00,,,,,,,,,,0.0,,,,,,,,,,,,,,,,,,,,,,,,,,,,,,,,,,,,,,,,,,,,
1992-03-17 17:00:00,1012.5,1015.9,18.3,15.3,83.0,4.9,22.5,,,0.0,0.0,0.0,,,,,,,,,10.0,,,,,,,,,,,,,,,,,,,,,,,,10.0,,,,,,,,,
1992-03-17 18:00:00,,,,,,,,,,0.0,,,,,,,,,,,,,,,,,,,,,,,,,,,,,,,,,,,,,,,,,,,,
1992-03-17 19:00:00,,,,,,,,,,-9.8,,,,,,,,,,,,,,,,,,,,,,,,,,,,,,,,,,,,,,,,,,,,
1992-03-17 20:00:00,1017.8,1021.3,14.7,13.5,93.0,3.3,22.5,,,0.3,1.0,,,,,,,,,,10.0,,,,,,,,,,,,,,,,,,,,,,,,5.0,,,,,,,,,
1992-03-17 21:00:00,1017.1,1020.6,14.9,13.3,90.0,3.4,90.0,,,-9.8,0.3,,,19.7,19.8,20.3,20.3,,,,10.0,,,,,,,,,,,,,,,,,,,,,20.3,,,5.0,,,,,,,,,
1992-03-17 22:00:00,,,,,,,,,,0.0,,,,,,,,,,,,,,,,,,,,,,,,,,,,,,,,,,,,,,,,,,,,
1992-03-17 23:00:00,1014.0,1017.5,15.2,13.6,90.0,2.9,135.0,,,0.0,0.0,,,,,,,,,,10.0,,,,,,,,,,,,,,,,,,,,,,,,5.0,,,,,,,,,
1992-03-18 00:00:00,,,,,,,,,,0.0,,,,,,,,,,,,,,,,,,,,,,,,,,,,,,,,,,,,,,,,,,,,
1992-03-18 01:00:00,,,,,,,,,,0.0,,,,,,,,,,,,,,,,,,,,,,,,,,,,,,,,,,,,,,,,,,,,
1992-03-18 02:00:00,1014.6,1018.1,16.4,14.9,91.0,3.7,22.5,,,0.0,0.0,,,,,,,,,,10.0,,,,,,,,,,,,,,,,,,,,,,,,5.0,,,,,,,,,
1992-03-18 03:00:00,,,,,,,,,,0.0,,,,,,,,,,,,,,,,,,,,,,,,,,,,,,,,,,,,,,,,,,,,
1992-03-18 04:00:00,,,,,,,,,,0.0,,,,,,,,,,,,,,,,,,,,,,,,,,,,,,,,,,,,,,,,,,,,
1992-03-18 05:00:00,1014.4,1017.9,15.2,13.8,91.0,3.9,45.0,,,0.0,0.0,,,19.7,19.7,18.3,18.6,,,,10.0,,,,,,,,,,,,,,,,,,,,,20.0,,,5.0,,,,,,,,,
1992-03-18 06:00:00,,,,,,,,,,0.0,,,,,,,,,,,,,,,,,,,,,,,,,,,,,,,,,,,,,,,,,,,,
1992-03-18 07:00:00,,,,,,,,,,0.0,,,,,,,,,,,,,,,,,,,,,,,,,,,,,,,,,,,,,,,,,,,,
1992-03-18 08:00:00,1016.4,1019.9,15.9,13.9,88.0,3.2,22.5,,,0.0,0.0,0.0,,,,,,,,,10.0,,,,,,,,,,,,,,,,,,,,,,,,5.0,,,,,,,,,
1992-03-18 09:00:00,1017.0,1020.5,16.1,14.1,88.0,3.8,45.0,,,0.0,0.0,0.0,,,,,,,,,10.0,,,,,,,,,,,,,,,,,,,,,,,,8.0,,,,,,,,,
1992-03-18 10:00:00,,,,,,,,,,0.0,,,,,,,,,,,,,,,,,,,,,,,,,,,,,,,,,,,,,,,,,,,,
1992-03-18 11:00:00,1017.7,1021.2,15.9,13.8,87.0,6.3,45.0,,,0.0,0.0,0.0,,,,,,,,,10.0,,,,,,,,,,,,,,,,,,,,,,,,8.0,,,,,,,,,
1992-03-18 12:00:00,,,,,,,,,,0.0,,,,,,,,,,,,,,,,,,,,,,,,,,,,,,,,,,,,,,,,,,,,
1992-03-18 13:00:00,,,,,,,,,,0.0,,,,,,,,,,,,,,,,,,,,,,,,,,,,,,,,,,,,,,,,,,,,
1992-03-18 14:00:00,1014.2,1017.6,18.6,14.2,76.0,4.8,67.5,,,0.0,0.0,0.1,,19.4,18.7,19.0,19.0,,,,9.0,,,,,,,,,,,,,,,,,,,,,19.3,,,12.0,,,,,,,,,
1992-03-18 15:00:00,,,,,,,,,,0.0,,,,,,,,,,,,,,,,,,,,,,,,,,,,,,,,,,,,,,,,,,,,
1992-03-18 16:00:00,,,,,,,,,,0.0,,,,,,,,,,,,,,,,,,,,,,,,,,,,,,,,,,,,,,,,,,,,
1992-03-18 17:00:00,1014.6,1018.1,16.9,13.1,78.0,6.3,67.5,,,0.0,0.0,0.0,,,,,,,,,10.0,,,,,,,,,,,,,,,,,,,,,,,,10.0,,,,,,,,,
1992-03-18 18:00:00,,,,,,,,,,0.0,,,,,,,,,,,,,,,,,,,,,,,,,,,,,,,,,,,,,,,,,,,,
1992-03-18 19:00:00,,,,,,,,,,0.0,,,,,,,,,,,,,,,,,,,,,,,,,,,,,,,,,,,,,,,,,,,,
1992-03-18 20:00:00,1015.7,1019.2,15.2,12.3,83.0,4.0,67.5,,,0.0,0.0,,,,,,,,,,4.0,,,,,,,,,,,,,,,,,,,,,,,,12.0,,,,,,,,,
1992-03-18 21:00:00,1016.3,1019.8,15.1,12.4,84.0,2.5,45.0,,,0.0,0.0,,,18.3,18.3,19.0,19.1,,,,9.0,,,,,,,,,,,,,,,,,,,,,19.2,,,12.0,,,,,,,,,
1992-03-18 22:00:00,,,,,,,,,,0.0,,,,,,,,,,,,,,,,,,,,,,,,,,,,,,,,,,,,,,,,,,,,
1992-03-18 23:00:00,1016.7,1020.2,14.9,12.6,86.0,1.6,90.0,,,0.0,0.0,,,,,,,,,,9.0,,,,,,,,,,,,,,,,,,,,,,,,12.0,,,,,,,,,
1992-03-19 00:00:00,,,,,,,,,,0.0,,,,,,,,,,,,,,,,,,,,,,,,,,,,,,,,,,,,,,,,,,,,
1992-03-19 01:00:00,,,,,,,,,,0.0,,,,,,,,,,,,,,,,,,,,,,,,,,,,,,,,,,,,,,,,,,,,
1992-03-19 02:00:00,1015.4,1018.9,15.1,13.0,87.0,0.9,45.0,,,0.0,0.0,,,,,,,,,,10.0,,,,,,,,,,,,,,,,,,,,,,,,12.0,,,,,,,,,
1992-03-19 03:00:00,,,,,,,,,,0.0,,,,,,,,,,,,,,,,,,,,,,,,,,,,,,,,,,,,,,,,,,,,
1992-03-19 04:00:00,,,,,,,,,,0.0,,,,,,,,,,,,,,,,,,,,,,,,,,,,,,,,,,,,,,,,,,,,
1992-03-19 05:00:00,1014.9,1018.4,15.6,13.9,90.0,0.8,180.0,,,0.0,0.0,,,17.8,17.8,18.2,18.5,,,,10.0,,,,,,,,,,,,,,,,,,,,,18.8,,,12.0,,,,,,,,,
1992-03-19 06:00:00,,,,,,,,,,0.0,,,,,,,,,,,,,,,,,,,,,,,,,,,,,,,,,,,,,,,,,,,,
1992-03-19 07:00:00,,,,,,,,,,0.0,,,,,,,,,,,,,,,,,,,,,,,,,,,,,,,,,,,,,,,,,,,,
1992-03-19 08:00:00,1017.6,1021.1,16.7,14.9,89.0,0.5,135.0,,,0.0,0.0,0.0,,,,,,,,,10.0,,,,,,,,,,,,,,,,,,,,,,,,5.0,,,,,,,,,
1992-03-19 09:00:00,1018.0,1021.5,17.0,14.9,87.0,0.8,135.0,,,0.0,0.0,0.0,,,,,,,,,10.0,,,,,,,,,,,,,,,,,,,,,,,,5.0,,,,,,,,,
1992-03-19 10:00:00,,,,,,,,,,-9.8,,,,,,,,,,,,,,,,,,,,,,,,,,,,,,,,,,,,,,,,,,,,
1992-03-19 11:00:00,1018.4,1021.9,15.6,14.6,94.0,4.1,22.5,,,-9.8,1.0,0.0,,,,,,,,,10.0,,,,,,,,,,,,,,,,,,,,,,,,2.5,,,,,,,,,
1992-03-19 12:00:00,,,,,,,,,,-9.8,,,,,,,,,,,,,,,,,,,,,,,,,,,,,,,,,,,,,,,,,,,,
1992-03-19 13:00:00,,,,,,,,,,-9.8,,,,,,,,,,,,,,,,,,,,,,,,,,,,,,,,,,,,,,,,,,,,
1992-03-19 14:00:00,1016.8,1020.3,16.0,15.0,94.0,4.4,67.5,,,0.0,0.0,0.0,,18.5,18.0,18.5,18.5,,,,10.0,,,,,,,,,,,,,,,,,,,,,18.6,,,3.0,,,,,,,,,
1992-03-19 15:00:00,,,,,,,,,,0.0,,,,,,,,,,,,,,,,,,,,,,,,,,,,,,,,,,,,,,,,,,,,
1992-03-19 16:00:00,,,,,,,,,,0.0,,,,,,,,,,,,,,,,,,,,,,,,,,,,,,,,,,,,,,,,,,,,
1992-03-19 17:00:00,1015.6,1019.1,18.0,15.8,87.0,3.3,22.5,,,0.0,0.0,0.4,,,,,,,,,10.0,,,,,,,,,,,,,,,,,,,,,,,,3.0,,,,,,,,,
1992-03-19 18:00:00,,,,,,,,,,0.0,,,,,,,,,,,,,,,,,,,,,,,,,,,,,,,,,,,,,,,,,,,,
1992-03-19 19:00:00,,,,,,,,,,0.0,,,,,,,,,,,,,,,,,,,,,,,,,,,,,,,,,,,,,,,,,,,,
1992-03-19 20:00:00,1016.7,1020.2,17.9,16.2,90.0,3.2,45.0,,,0.0,0.0,,,,,,,,,,10.0,,,,,,,,,,,,,,,,,,,,,,,,6.0,,,,,,,,,
1992-03-19 21:00:00,1017.3,1020.8,18.0,16.4,90.0,2.4,22.5,,,0.0,0.0,,,18.6,18.0,18.6,18.5,,,,10.0,,,,,,,,,,,,,,,,,,,,,18.5,,,6.0,,,,,,,,,
1992-03-19 22:00:00,,,,,,,,,,0.0,,,,,,,,,,,,,,,,,,,,,,,,,,,,,,,,,,,,,,,,,,,,
1992-03-19 23:00:00,1017.3,1020.8,17.5,16.3,93.0,3.4,22.5,,,0.0,0.0,,,,,,,,,,10.0,,,,,,,,,,,,,,,,,,,,,,,,6.0,,,,,,,,,
1992-03-20 00:00:00,,,,,,,,,,0.0,,,,,,,,,,,,,,,,,,,,,,,,,,,,,,,,,,,,,,,,,,,,
1992-03-20 01:00:00,,,,,,,,,,0.0,,,,,,,,,,,,,,,,,,,,,,,,,,,,,,,,,,,,,,,,,,,,
1992-03-20 02:00:00,1015.4,1018.9,17.7,16.6,93.0,1.2,22.5,,,0.0,0.0,,,,,,,,,,10.0,,,,,,,,,,,,,,,,,,,,,,,,6.0,,,,,,,,,
1992-03-20 03:00:00,,,,,,,,,,0.0,,,,,,,,,,,,,,,,,,,,,,,,,,,,,,,,,,,,,,,,,,,,
1992-03-20 04:00:00,,,,,,,,,,0.0,,,,,,,,,,,,,,,,,,,,,,,,,,,,,,,,,,,,,,,,,,,,
1992-03-20 05:00:00,1014.0,1017.4,17.8,17.0,95.0,1.1,67.5,,,0.0,0.0,,,18.5,18.0,18.6,18.5,,,,10.0,,,,,,,,,,,,,,,,,,,,,18.5,,,2.5,,,,,,,,,
1992-03-20 06:00:00,,,,,,,,,,0.0,,,,,,,,,,,,,,,,,,,,,,,,,,,,,,,,,,,,,,,,,,,,
1992-03-20 07:00:00,,,,,,,,,,0.0,,,,,,,,,,,,,,,,,,,,,,,,,,,,,,,,,,,,,,,,,,,,
1992-03-20 08:00:00,1014.5,1017.9,18.1,17.5,96.0,3.0,22.5,,,0.0,0.0,0.0,,,,,,,,,10.0,,,,,,,,,,,,,,,,,,,,,,,,1.8,,,,,,,,,
1992-03-20 09:00:00,1014.5,1017.9,18.1,17.6,97.0,1.1,135.0,,,0.0,0.0,0.0,,,,,,,,,10.0,,,,,,,,,,,,,,,,,,,,,,,,1.5,,,,,,,,,
1992-03-20 10:00:00,,,,,,,,,,0.0,,,,,,,,,,,,,,,,,,,,,,,,,,,,,,,,,,,,,,,,,,,,
1992-03-20 11:00:00,1013.7,1017.1,20.1,18.7,92.0,1.3,292.5,,,0.0,0.0,0.0,,,,,,,,,10.0,,,,,,,,,,,,,,,,,,,,,,,,5.0,,,,,,,,,
1992-03-20 12:00:00,,,,,,,,,,0.0,,,,,,,,,,,,,,,,,,,,,,,,,,,,,,,,,,,,,,,,,,,,
1992-03-20 13:00:00,,,,,,,,,,0.0,,,,,,,,,,,,,,,,,,,,,,,,,,,,,,,,,,,,,,,,,,,,
1992-03-20 14:00:00,1012.1,1015.5,18.3,17.0,92.0,3.6,360.0,,,0.0,0.0,0.0,,20.6,20.0,19.7,19.1,,,,10.0,,,,,,,,,,,,,,,,,,,,,18.7,,,8.0,,,,,,,,,
1992-03-20 15:00:00,,,,,,,,,,0.0,,,,,,,,,,,,,,,,,,,,,,,,,,,,,,,,,,,,,,,,,,,,
1992-03-20 16:00:00,,,,,,,,,,0.0,,,,,,,,,,,,,,,,,,,,,,,,,,,,,,,,,,,,,,,,,,,,
1992-03-20 17:00:00,1013.6,1017.0,17.7,16.4,92.0,1.6,315.0,,,0.0,0.0,0.0,,,,,,,,,10.0,,,,,,,,,,,,,,,,,,,,,,,,8.0,,,,,,,,,
1992-03-20 18:00:00,,,,,,,,,,0.0,,,,,,,,,,,,,,,,,,,,,,,,,,,,,,,,,,,,,,,,,,,,
1992-03-20 19:00:00,,,,,,,,,,0.0,,,,,,,,,,,,,,,,,,,,,,,,,,,,,,,,,,,,,,,,,,,,
1992-03-20 20:00:00,1014.4,1017.8,19.7,17.7,88.0,1.4,135.0,,,0.0,0.0,,,,,,,,,,10.0,,,,,,,,,,,,,,,,,,,,,,,,8.0,,,,,,,,,
1992-03-20 21:00:00,1014.4,1017.8,20.1,17.5,85.0,2.1,135.0,,,0.0,0.0,,,19.6,19.3,19.7,19.4,,,,7.0,,,,,,,,,,,,,,,,,,,,,19.1,,,8.0,,,,,,,,,
1992-03-20 22:00:00,,,,,,,,,,0.0,,,,,,,,,,,,,,,,,,,,,,,,,,,,,,,,,,,,,,,,,,,,
1992-03-20 23:00:00,1014.4,1017.8,19.6,17.7,89.0,1.1,112.5,,,0.0,0.0,,,,,,,,,,2.0,,,,,,,,,,,,,,,,,,,,,,,,12.0,,,,,,,,,
1992-03-21 00:00:00,,,,,,,,,,0.0,,,,,,,,,,,,,,,,,,,,,,,,,,,,,,,,,,,,,,,,,,,,
1992-03-21 01:00:00,,,,,,,,,,0.0,,,,,,,,,,,,,,,,,,,,,,,,,,,,,,,,,,,,,,,,,,,,
1992-03-21 02:00:00,1014.8,1018.2,19.5,17.9,90.0,1.3,67.5,,,0.0,0.0,,,,,,,,,,10.0,,,,,,,,,,,,,,,,,,,,,,,,12.0,,,,,,,,,
1992-03-21 03:00:00,,,,,,,,,,0.0,,,,,,,,,,,,,,,,,,,,,,,,,,,,,,,,,,,,,,,,,,,,
1992-03-21 04:00:00,,,,,,,,,,0.0,,,,,,,,,,,,,,,,,,,,,,,,,,,,,,,,,,,,,,,,,,,,
1992-03-21 05:00:00,1015.9,1019.3,19.7,17.2,85.0,2.4,45.0,,,0.0,0.0,,,19.4,18.9,19.4,19.2,,,,10.0,,,,,,,,,,,,,,,,,,,,,19.1,,,12.0,,,,,,,,,
1992-03-21 06:00:00,,,,,,,,,,0.0,,,,,,,,,,,,,,,,,,,,,,,,,,,,,,,,,,,,,,,,,,,,
1992-03-21 07:00:00,,,,,,,,,,0.0,,,,,,,,,,,,,,,,,,,,,,,,,,,,,,,,,,,,,,,,,,,,
1992-03-21 08:00:00,1017.6,1021.1,17.9,14.4,80.0,6.8,67.5,,,0.0,0.0,0.0,,,,,,,,,9.0,,,,,,,,,,,,,,,,,,,,,,,,12.0,,,,,,,,,
1992-03-21 09:00:00,1017.8,1021.3,18.4,13.9,75.0,6.0,45.0,,,0.0,0.0,0.4,,,,,,,,,9.0,,,,,,,,,,,,,,,,,,,,,,,,15.0,,,,,,,,,
1992-03-21 10:00:00,,,,,,,,,,0.0,,,,,,,,,,,,,,,,,,,,,,,,,,,,,,,,,,,,,,,,,,,,
1992-03-21 11:00:00,1018.7,1022.2,17.6,12.2,71.0,8.7,67.5,,,0.0,0.0,0.2,,,,,,,,,9.0,,,,,,,,,,,,,,,,,,,,,,,,15.0,,,,,,,,,
1992-03-21 12:00:00,,,,,,,,,,0.0,,,,,,,,,,,,,,,,,,,,,,,,,,,,,,,,,,,,,,,,,,,,
1992-03-21 13:00:00,,,,,,,,,,0.0,,,,,,,,,,,,,,,,,,,,,,,,,,,,,,,,,,,,,,,,,,,,
1992-03-21 14:00:00,1016.9,1020.4,17.0,11.4,70.0,8.7,67.5,,,0.0,0.0,0.1,,19.2,19.2,19.4,19.3,,,,9.0,,,,,,,,,,,,,,,,,,,,,19.0,,,15.0,,,,,,,,,
1992-03-21 15:00:00,,,,,,,,,,0.0,,,,,,,,,,,,,,,,,,,,,,,,,,,,,,,,,,,,,,,,,,,,
1992-03-21 16:00:00,,,,,,,,,,0.0,,,,,,,,,,,,,,,,,,,,,,,,,,,,,,,,,,,,,,,,,,,,
1992-03-21 17:00:00,1016.6,1020.1,15.5,10.7,73.0,9.0,45.0,,,0.0,0.0,0.0,,,,,,,,,9.0,,,,,,,,,,,,,,,,,,,,,,,,15.0,,,,,,,,,
1992-03-21 18:00:00,,,,,,,,,,0.0,,,,,,,,,,,,,,,,,,,,,,,,,,,,,,,,,,,,,,,,,,,,
1992-03-21 19:00:00,,,,,,,,,,0.0,,,,,,,,,,,,,,,,,,,,,,,,,,,,,,,,,,,,,,,,,,,,
1992-03-21 20:00:00,1017.9,1021.4,15.0,11.5,80.0,6.1,45.0,,,0.0,0.0,,,,,,,,,,9.0,,,,,,,,,,,,,,,,,,,,,,,,12.0,,,,,,,,,
1992-03-21 21:00:00,1018.7,1022.2,15.2,11.5,79.0,5.1,45.0,,,0.0,0.0,,,17.4,17.6,18.5,18.9,,,,8.0,,,,,,,,,,,,,,,,,,,,,19.0,,,12.0,,,,,,,,,
1992-03-21 22:00:00,,,,,,,,,,0.0,,,,,,,,,,,,,,,,,,,,,,,,,,,,,,,,,,,,,,,,,,,,
1992-03-21 23:00:00,1018.4,1021.9,15.6,12.0,79.0,5.6,45.0,,,0.0,0.0,,,,,,,,,,10.0,,,,,,,,,,,,,,,,,,,,,,,,12.0,,,,,,,,,
1992-03-22 00:00:00,,,,,,,,,,0.0,,,,,,,,,,,,,,,,,,,,,,,,,,,,,,,,,,,,,,,,,,,,
1992-03-22 01:00:00,,,,,,,,,,0.0,,,,,,,,,,,,,,,,,,,,,,,,,,,,,,,,,,,,,,,,,,,,
1992-03-22 02:00:00,1019.3,1022.8,15.7,12.8,83.0,5.8,22.5,,,0.0,0.0,,,,,,,,,,10.0,,,,,,,,,,,,,,,,,,,,,,,,12.0,,,,,,,,,
1992-03-22 03:00:00,,,,,,,,,,0.0,,,,,,,,,,,,,,,,,,,,,,,,,,,,,,,,,,,,,,,,,,,,
1992-03-22 04:00:00,,,,,,,,,,0.0,,,,,,,,,,,,,,,,,,,,,,,,,,,,,,,,,,,,,,,,,,,,
1992-03-22 05:00:00,1018.5,1022.0,15.6,13.2,86.0,3.6,45.0,,,0.0,0.0,,,17.7,17.8,18.2,18.6,,,,10.0,,,,,,,,,,,,,,,,,,,,,18.9,,,12.0,,,,,,,,,
1992-03-22 06:00:00,,,,,,,,,,0.0,,,,,,,,,,,,,,,,,,,,,,,,,,,,,,,,,,,,,,,,,,,,
1992-03-22 07:00:00,,,,,,,,,,0.0,,,,,,,,,,,,,,,,,,,,,,,,,,,,,,,,,,,,,,,,,,,,
1992-03-22 08:00:00,1017.8,1021.3,17.6,14.0,79.0,3.3,45.0,,,0.0,0.0,0.5,,,,,,,,,9.0,,,,,,,,,,,,,,,,,,,,,,,,12.0,,,,,,,,,
1992-03-22 09:00:00,1018.2,1021.7,18.6,14.6,78.0,4.5,45.0,,,0.0,0.0,0.9,,,,,,,,,6.0,,,,,,,,,,,,,,,,,,,,,,,,12.0,,,,,,,,,
1992-03-22 10:00:00,,,,,,,,,,0.0,,,,,,,,,,,,,,,,,,,,,,,,,,,,,,,,,,,,,,,,,,,,
1992-03-22 11:00:00,1018.2,1021.6,19.7,15.7,78.0,5.6,360.0,,,0.0,0.0,0.1,,,,,,,,,10.0,,,,,,,,,,,,,,,,,,,,,,,,12.0,,,,,,,,,
1992-03-22 12:00:00,,,,,,,,,,0.0,,,,,,,,,,,,,,,,,,,,,,,,,,,,,,,,,,,,,,,,,,,,
1992-03-22 13:00:00,,,,,,,,,,0.0,,,,,,,,,,,,,,,,,,,,,,,,,,,,,,,,,,,,,,,,,,,,
1992-03-22 14:00:00,1014.1,1017.5,22.7,17.4,72.0,2.5,67.5,,,0.0,0.0,0.9,,20.9,19.8,19.2,18.8,,,,6.0,,,,,,,,,,,,,,,,,,,,,18.6,,,12.0,,,,,,,,,
1992-03-22 15:00:00,,,,,,,,,,0.0,,,,,,,,,,,,,,,,,,,,,,,,,,,,,,,,,,,,,,,,,,,,
1992-03-22 16:00:00,,,,,,,,,,0.0,,,,,,,,,,,,,,,,,,,,,,,,,,,,,,,,,,,,,,,,,,,,
1992-03-22 17:00:00,1013.9,1017.3,19.2,16.7,85.0,5.6,22.5,,,0.0,0.0,0.0,,,,,,,,,10.0,,,,,,,,,,,,,,,,,,,,,,,,10.0,,,,,,,,,
1992-03-22 18:00:00,,,,,,,,,,0.0,,,,,,,,,,,,,,,,,,,,,,,,,,,,,,,,,,,,,,,,,,,,
1992-03-22 19:00:00,,,,,,,,,,0.0,,,,,,,,,,,,,,,,,,,,,,,,,,,,,,,,,,,,,,,,,,,,
1992-03-22 20:00:00,1015.1,1018.6,17.2,16.2,94.0,4.4,22.5,,,0.0,0.0,,,,,,,,,,10.0,,,,,,,,,,,,,,,,,,,,,,,,6.0,,,,,,,,,
1992-03-22 21:00:00,1015.5,1019.0,16.9,16.0,94.0,4.0,22.5,,,0.0,0.0,,,19.3,19.4,19.7,19.5,,,,10.0,,,,,,,,,,,,,,,,,,,,,19.0,,,6.0,,,,,,,,,
1992-03-22 22:00:00,,,,,,,,,,0.0,,,,,,,,,,,,,,,,,,,,,,,,,,,,,,,,,,,,,,,,,,,,
1992-03-22 23:00:00,1016.6,1020.1,16.9,16.1,95.0,2.5,360.0,,,0.0,0.0,,,,,,,,,,10.0,,,,,,,,,,,,,,,,,,,,,,,,6.0,,,,,,,,,
1992-03-23 00:00:00,,,,,,,,,,0.0,,,,,,,,,,,,,,,,,,,,,,,,,,,,,,,,,,,,,,,,,,,,
1992-03-23 01:00:00,,,,,,,,,,0.0,,,,,,,,,,,,,,,,,,,,,,,,,,,,,,,,,,,,,,,,,,,,
1992-03-23 02:00:00,1014.7,1018.2,17.3,16.2,93.0,0.1,0.0,,,0.0,0.0,,,,,,,,,,10.0,,,,,,,,,,,,,,,,,,,,,,,,6.0,,,,,,,,,
1992-03-23 03:00:00,,,,,,,,,,0.0,,,,,,,,,,,,,,,,,,,,,,,,,,,,,,,,,,,,,,,,,,,,
1992-03-23 04:00:00,,,,,,,,,,0.0,,,,,,,,,,,,,,,,,,,,,,,,,,,,,,,,,,,,,,,,,,,,
1992-03-23 05:00:00,1014.3,1017.8,16.7,16.1,96.0,2.1,45.0,,,0.0,0.0,,,18.9,18.8,19.2,19.2,,,,10.0,,,,,,,,,,,,,,,,,,,,,19.1,,,4.0,,,,,,,,,
1992-03-23 06:00:00,,,,,,,,,,0.0,,,,,,,,,,,,,,,,,,,,,,,,,,,,,,,,,,,,,,,,,,,,
1992-03-23 07:00:00,,,,,,,,,,0.0,,,,,,,,,,,,,,,,,,,,,,,,,,,,,,,,,,,,,,,,,,,,
1992-03-23 08:00:00,1014.5,1018.0,17.6,16.4,93.0,3.3,360.0,,,0.0,0.0,0.0,,,,,,,,,10.0,,,,,,,,,,,,,,,,,,,,,,,,3.0,,,,,,,,,
1992-03-23 09:00:00,1015.5,1019.0,18.2,16.8,92.0,3.7,22.5,,,0.0,0.0,0.0,,,,,,,,,10.0,,,,,,,,,,,,,,,,,,,,,,,,3.0,,,,,,,,,
1992-03-23 10:00:00,,,,,,,,,,0.0,,,,,,,,,,,,,,,,,,,,,,,,,,,,,,,,,,,,,,,,,,,,
1992-03-23 11:00:00,1016.3,1019.8,17.3,15.9,91.0,5.1,22.5,,,0.0,0.0,0.0,,,,,,,,,10.0,,,,,,,,,,,,,,,,,,,,,,,,3.0,,,,,,,,,
1992-03-23 12:00:00,,,,,,,,,,0.0,,,,,,,,,,,,,,,,,,,,,,,,,,,,,,,,,,,,,,,,,,,,
1992-03-23 13:00:00,,,,,,,,,,0.0,,,,,,,,,,,,,,,,,,,,,,,,,,,,,,,,,,,,,,,,,,,,
1992-03-23 14:00:00,1012.8,1016.2,22.0,17.8,77.0,3.3,45.0,,,0.0,0.0,0.1,,21.5,20.2,19.8,19.4,,,,10.0,,,,,,,,,,,,,,,,,,,,,19.1,,,5.0,,,,,,,,,
1992-03-23 15:00:00,,,,,,,,,,0.0,,,,,,,,,,,,,,,,,,,,,,,,,,,,,,,,,,,,,,,,,,,,
1992-03-23 16:00:00,,,,,,,,,,0.0,,,,,,,,,,,,,,,,,,,,,,,,,,,,,,,,,,,,,,,,,,,,
1992-03-23 17:00:00,1012.7,1016.1,19.4,15.8,80.0,3.7,67.5,,,0.0,0.0,0.0,,,,,,,,,10.0,,,,,,,,,,,,,,,,,,,,,,,,8.0,,,,,,,,,
1992-03-23 18:00:00,,,,,,,,,,0.0,,,,,,,,,,,,,,,,,,,,,,,,,,,,,,,,,,,,,,,,,,,,
1992-03-23 19:00:00,,,,,,,,,,0.0,,,,,,,,,,,,,,,,,,,,,,,,,,,,,,,,,,,,,,,,,,,,
1992-03-23 20:00:00,1013.4,1016.9,17.6,15.0,85.0,4.2,90.0,,,0.0,0.0,,,,,,,,,,10.0,,,,,,,,,,,,,,,,,,,,,,,,6.0,,,,,,,,,
1992-03-23 21:00:00,1013.4,1016.9,17.4,14.9,85.0,3.4,90.0,,,0.0,0.0,,,19.6,19.6,20.0,19.8,,,,10.0,,,,,,,,,,,,,,,,,,,,,19.5,,,7.0,,,,,,,,,
1992-03-23 22:00:00,,,,,,,,,,0.0,,,,,,,,,,,,,,,,,,,,,,,,,,,,,,,,,,,,,,,,,,,,
1992-03-23 23:00:00,1012.7,1016.1,17.6,15.1,85.0,1.8,90.0,,,0.0,0.0,,,,,,,,,,10.0,,,,,,,,,,,,,,,,,,,,,,,,6.0,,,,,,,,,
1992-03-24 00:00:00,,,,,,,,,,0.0,,,,,,,,,,,,,,,,,,,,,,,,,,,,,,,,,,,,,,,,,,,,
1992-03-24 01:00:00,,,,,,,,,,0.0,,,,,,,,,,,,,,,,,,,,,,,,,,,,,,,,,,,,,,,,,,,,
1992-03-24 02:00:00,1010.6,1014.0,17.6,15.5,87.0,2.9,67.5,,,0.0,0.0,,,,,,,,,,10.0,,,,,,,,,,,,,,,,,,,,,,,,6.0,,,,,,,,,
1992-03-24 03:00:00,,,,,,,,,,0.0,,,,,,,,,,,,,,,,,,,,,,,,,,,,,,,,,,,,,,,,,,,,
1992-03-24 04:00:00,,,,,,,,,,0.0,,,,,,,,,,,,,,,,,,,,,,,,,,,,,,,,,,,,,,,,,,,,
1992-03-24 05:00:00,1010.0,1013.4,17.7,15.8,89.0,1.6,112.5,,,0.0,0.0,,,19.1,19.1,19.3,19.3,,,,10.0,,,,,,,,,,,,,,,,,,,,,19.3,,,6.0,,,,,,,,,
1992-03-24 06:00:00,,,,,,,,,,0.0,,,,,,,,,,,,,,,,,,,,,,,,,,,,,,,,,,,,,,,,,,,,
1992-03-24 07:00:00,,,,,,,,,,0.0,,,,,,,,,,,,,,,,,,,,,,,,,,,,,,,,,,,,,,,,,,,,
1992-03-24 08:00:00,1011.3,1014.7,18.3,16.1,87.0,1.1,157.5,,,0.0,0.0,0.0,,,,,,,,,10.0,,,,,,,,,,,,,,,,,,,,,,,,5.0,,,,,,,,,
1992-03-24 09:00:00,1011.1,1014.5,19.8,17.3,86.0,0.4,90.0,,,0.0,0.0,0.0,,,,,,,,,8.0,,,,,,,,,,,,,,,,,,,,,,,,5.0,,,,,,,,,
1992-03-24 10:00:00,,,,,,,,,,0.0,,,,,,,,,,,,,,,,,,,,,,,,,,,,,,,,,,,,,,,,,,,,
1992-03-24 11:00:00,1011.0,1014.4,22.0,18.6,81.0,3.5,315.0,,,0.0,0.0,0.8,,,,,,,,,10.0,,,,,,,,,,,,,,,,,,,,,,,,5.0,,,,,,,,,
1992-03-24 12:00:00,,,,,,,,,,0.0,,,,,,,,,,,,,,,,,,,,,,,,,,,,,,,,,,,,,,,,,,,,
1992-03-24 13:00:00,,,,,,,,,,0.0,,,,,,,,,,,,,,,,,,,,,,,,,,,,,,,,,,,,,,,,,,,,
1992-03-24 14:00:00,1010.4,1013.8,17.4,16.1,92.0,3.6,22.5,,,-9.8,0.9,0.0,,20.3,20.1,20.3,19.8,,,,10.0,,,,,,,,,,,,,,,,,,,,,19.4,,,5.0,,,,,,,,,
1992-03-24 15:00:00,,,,,,,,,,-9.8,,,,,,,,,,,,,,,,,,,,,,,,,,,,,,,,,,,,,,,,,,,,
1992-03-24 16:00:00,,,,,,,,,,0.1,,,,,,,,,,,,,,,,,,,,,,,,,,,,,,,,,,,,,,,,,,,,
1992-03-24 17:00:00,1012.9,1016.4,15.8,14.7,93.0,4.0,45.0,,,0.1,0.7,0.0,,,,,,,,,10.0,,,,,,,,,,,,,,,,,,,,,,,,5.0,,,,,,,,,
1992-03-24 18:00:00,,,,,,,,,,0.0,,,,,,,,,,,,,,,,,,,,,,,,,,,,,,,,,,,,,,,,,,,,
1992-03-24 19:00:00,,,,,,,,,,0.0,,,,,,,,,,,,,,,,,,,,,,,,,,,,,,,,,,,,,,,,,,,,
1992-03-24 20:00:00,1012.0,1015.5,17.2,15.2,88.0,2.9,112.5,,,0.0,0.0,,,,,,,,,,9.0,,,,,,,,,,,,,,,,,,,,,,,,6.0,,,,,,,,,
1992-03-24 21:00:00,1012.0,1015.4,17.6,15.6,88.0,3.1,112.5,,,0.0,0.0,,,19.1,18.8,19.5,19.5,,,,9.0,,,,,,,,,,,,,,,,,,,,,19.5,,,8.0,,,,,,,,,
1992-03-24 22:00:00,,,,,,,,,,0.0,,,,,,,,,,,,,,,,,,,,,,,,,,,,,,,,,,,,,,,,,,,,
1992-03-24 23:00:00,1012.4,1015.8,18.4,16.6,89.0,2.7,360.0,,,0.0,0.0,,,,,,,,,,10.0,,,,,,,,,,,,,,,,,,,,,,,,5.0,,,,,,,,,
1992-03-25 00:00:00,,,,,,,,,,0.0,,,,,,,,,,,,,,,,,,,,,,,,,,,,,,,,,,,,,,,,,,,,
1992-03-25 01:00:00,,,,,,,,,,0.0,,,,,,,,,,,,,,,,,,,,,,,,,,,,,,,,,,,,,,,,,,,,
1992-03-25 02:00:00,1011.5,1014.9,17.9,16.6,92.0,2.7,22.5,,,0.0,0.0,,,,,,,,,,9.0,,,,,,,,,,,,,,,,,,,,,,,,5.0,,,,,,,,,
1992-03-25 03:00:00,,,,,,,,,,0.0,,,,,,,,,,,,,,,,,,,,,,,,,,,,,,,,,,,,,,,,,,,,
1992-03-25 04:00:00,,,,,,,,,,0.0,,,,,,,,,,,,,,,,,,,,,,,,,,,,,,,,,,,,,,,,,,,,
1992-03-25 05:00:00,1011.5,1014.9,18.1,16.8,92.0,2.3,22.5,,,0.0,0.0,,,19.1,18.7,19.3,19.1,,,,10.0,,,,,,,,,,,,,,,,,,,,,19.0,,,5.0,,,,,,,,,
1992-03-25 06:00:00,,,,,,,,,,0.0,,,,,,,,,,,,,,,,,,,,,,,,,,,,,,,,,,,,,,,,,,,,
1992-03-25 07:00:00,,,,,,,,,,0.0,,,,,,,,,,,,,,,,,,,,,,,,,,,,,,,,,,,,,,,,,,,,
1992-03-25 08:00:00,1012.4,1015.8,17.4,16.3,93.0,3.8,67.5,,,0.0,0.0,0.0,,,,,,,,,10.0,,,,,,,,,,,,,,,,,,,,,,,,7.0,,,,,,,,,
1992-03-25 09:00:00,1010.9,1014.3,19.7,17.6,88.0,3.4,112.5,,,0.0,0.0,0.2,,,,,,,,,8.0,,,,,,,,,,,,,,,,,,,,,,,,12.0,,,,,,,,,
1992-03-25 10:00:00,,,,,,,,,,0.0,,,,,,,,,,,,,,,,,,,,,,,,,,,,,,,,,,,,,,,,,,,,
1992-03-25 11:00:00,1010.0,1013.4,23.4,19.4,78.0,1.7,270.0,,,0.0,0.0,1.0,,,,,,,,,9.0,,,,,,,,,,,,,,,,,,,,,,,,12.0,,,,,,,,,
1992-03-25 12:00:00,,,,,,,,,,0.0,,,,,,,,,,,,,,,,,,,,,,,,,,,,,,,,,,,,,,,,,,,,
1992-03-25 13:00:00,,,,,,,,,,0.0,,,,,,,,,,,,,,,,,,,,,,,,,,,,,,,,,,,,,,,,,,,,
1992-03-25 14:00:00,1009.1,1012.5,21.1,18.1,83.0,5.6,337.5,,,0.0,0.0,0.2,,22.1,21.9,21.0,20.1,,,,10.0,,,,,,,,,,,,,,,,,,,,,19.5,,,12.0,,,,,,,,,
1992-03-25 15:00:00,,,,,,,,,,0.0,,,,,,,,,,,,,,,,,,,,,,,,,,,,,,,,,,,,,,,,,,,,
1992-03-25 16:00:00,,,,,,,,,,0.0,,,,,,,,,,,,,,,,,,,,,,,,,,,,,,,,,,,,,,,,,,,,
1992-03-25 17:00:00,1010.9,1014.3,17.5,16.3,93.0,5.4,360.0,,,-9.8,0.3,0.0,,,,,,,,,10.0,,,,,,,,,,,,,,,,,,,,,,,,8.0,,,,,,,,,
1992-03-25 18:00:00,,,,,,,,,,-9.8,,,,,,,,,,,,,,,,,,,,,,,,,,,,,,,,,,,,,,,,,,,,
1992-03-25 19:00:00,,,,,,,,,,0.0,,,,,,,,,,,,,,,,,,,,,,,,,,,,,,,,,,,,,,,,,,,,
1992-03-25 20:00:00,1009.9,1013.4,15.9,14.5,91.0,2.5,67.5,,,0.0,0.0,,,,,,,,,,4.0,,,,,,,,,,,,,,,,,,,,,,,,8.0,,,,,,,,,
1992-03-25 21:00:00,1010.9,1014.4,16.7,14.9,89.0,0.5,67.5,,,0.0,0.0,,,19.7,19.7,20.3,20.2,,,,8.0,,,,,,,,,,,,,,,,,,,,,19.9,,,8.0,,,,,,,,,
1992-03-25 22:00:00,,,,,,,,,,0.0,,,,,,,,,,,,,,,,,,,,,,,,,,,,,,,,,,,,,,,,,,,,
1992-03-25 23:00:00,1012.5,1015.9,17.7,15.9,89.0,0.0,0.0,,,0.0,0.0,,,,,,,,,,10.0,,,,,,,,,,,,,,,,,,,,,,,,8.0,,,,,,,,,
1992-03-26 00:00:00,,,,,,,,,,0.0,,,,,,,,,,,,,,,,,,,,,,,,,,,,,,,,,,,,,,,,,,,,
1992-03-26 01:00:00,,,,,,,,,,0.0,,,,,,,,,,,,,,,,,,,,,,,,,,,,,,,,,,,,,,,,,,,,
1992-03-26 02:00:00,1010.6,1014.0,17.6,16.2,92.0,0.6,90.0,,,0.0,0.0,,,,,,,,,,7.0,,,,,,,,,,,,,,,,,,,,,,,,8.0,,,,,,,,,
1992-03-26 03:00:00,,,,,,,,,,0.0,,,,,,,,,,,,,,,,,,,,,,,,,,,,,,,,,,,,,,,,,,,,
1992-03-26 04:00:00,,,,,,,,,,0.0,,,,,,,,,,,,,,,,,,,,,,,,,,,,,,,,,,,,,,,,,,,,
1992-03-26 05:00:00,1009.5,1012.9,17.9,16.6,92.0,1.7,360.0,,,0.0,0.0,,,19.0,18.9,19.6,19.6,,,,3.0,,,,,,,,,,,,,,,,,,,,,19.9,,,8.0,,,,,,,,,
1992-03-26 06:00:00,,,,,,,,,,0.0,,,,,,,,,,,,,,,,,,,,,,,,,,,,,,,,,,,,,,,,,,,,
1992-03-26 07:00:00,,,,,,,,,,0.0,,,,,,,,,,,,,,,,,,,,,,,,,,,,,,,,,,,,,,,,,,,,
1992-03-26 08:00:00,1013.9,1017.4,17.1,16.3,95.0,4.4,22.5,,,0.0,0.0,0.0,,,,,,,,,10.0,,,,,,,,,,,,,,,,,,,,,,,,5.0,,,,,,,,,
1992-03-26 09:00:00,1014.3,1017.8,17.1,16.3,95.0,3.2,45.0,,,-9.8,0.9,0.0,,,,,,,,,10.0,,,,,,,,,,,,,,,,,,,,,,,,3.0,,,,,,,,,
1992-03-26 10:00:00,,,,,,,,,,-9.8,,,,,,,,,,,,,,,,,,,,,,,,,,,,,,,,,,,,,,,,,,,,
1992-03-26 11:00:00,1010.3,1013.7,20.0,17.6,86.0,3.5,90.0,,,0.0,0.0,0.0,,,,,,,,,10.0,,,,,,,,,,,,,,,,,,,,,,,,4.0,,,,,,,,,
1992-03-26 12:00:00,,,,,,,,,,0.0,,,,,,,,,,,,,,,,,,,,,,,,,,,,,,,,,,,,,,,,,,,,
1992-03-26 13:00:00,,,,,,,,,,0.0,,,,,,,,,,,,,,,,,,,,,,,,,,,,,,,,,,,,,,,,,,,,
1992-03-26 14:00:00,1009.6,1013.0,20.1,17.4,84.0,5.4,22.5,,,0.0,0.0,0.5,,22.2,20.7,20.2,19.8,,,,8.0,,,,,,,,,,,,,,,,,,,,,19.6,,,5.0,,,,,,,,,
1992-03-26 15:00:00,,,,,,,,,,0.0,,,,,,,,,,,,,,,,,,,,,,,,,,,,,,,,,,,,,,,,,,,,
1992-03-26 16:00:00,,,,,,,,,,0.0,,,,,,,,,,,,,,,,,,,,,,,,,,,,,,,,,,,,,,,,,,,,
1992-03-26 17:00:00,1011.9,1015.3,18.5,16.2,86.0,3.2,135.0,,,0.0,0.0,0.0,,,,,,,,,10.0,,,,,,,,,,,,,,,,,,,,,,,,12.0,,,,,,,,,
1992-03-26 18:00:00,,,,,,,,,,0.0,,,,,,,,,,,,,,,,,,,,,,,,,,,,,,,,,,,,,,,,,,,,
1992-03-26 19:00:00,,,,,,,,,,0.0,,,,,,,,,,,,,,,,,,,,,,,,,,,,,,,,,,,,,,,,,,,,
1992-03-26 20:00:00,1010.2,1013.6,18.3,16.6,90.0,4.4,67.5,,,0.0,0.0,,,,,,,,,,10.0,,,,,,,,,,,,,,,,,,,,,,,,6.0,,,,,,,,,
1992-03-26 21:00:00,1011.3,1014.7,18.3,16.4,89.0,2.3,45.0,,,0.0,0.0,,,19.5,19.5,20.0,19.8,,,,10.0,,,,,,,,,,,,,,,,,,,,,19.7,,,6.0,,,,,,,,,
1992-03-26 22:00:00,,,,,,,,,,0.0,,,,,,,,,,,,,,,,,,,,,,,,,,,,,,,,,,,,,,,,,,,,
1992-03-26 23:00:00,1012.5,1015.9,17.6,16.2,92.0,4.3,22.5,,,0.0,0.0,,,,,,,,,,10.0,,,,,,,,,,,,,,,,,,,,,,,,6.0,,,,,,,,,
1992-03-27 00:00:00,,,,,,,,,,0.0,,,,,,,,,,,,,,,,,,,,,,,,,,,,,,,,,,,,,,,,,,,,
1992-03-27 01:00:00,,,,,,,,,,0.0,,,,,,,,,,,,,,,,,,,,,,,,,,,,,,,,,,,,,,,,,,,,
1992-03-27 02:00:00,1013.2,1016.7,15.4,14.2,93.0,5.4,22.5,,,0.0,0.0,,,,,,,,,,10.0,,,,,,,,,,,,,,,,,,,,,,,,6.0,,,,,,,,,
1992-03-27 03:00:00,,,,,,,,,,0.0,,,,,,,,,,,,,,,,,,,,,,,,,,,,,,,,,,,,,,,,,,,,
1992-03-27 04:00:00,,,,,,,,,,0.0,,,,,,,,,,,,,,,,,,,,,,,,,,,,,,,,,,,,,,,,,,,,
1992-03-27 05:00:00,1012.4,1015.9,15.0,14.0,94.0,3.9,45.0,,,0.0,0.0,,,18.5,18.6,19.3,19.5,,,,10.0,,,,,,,,,,,,,,,,,,,,,19.6,,,5.0,,,,,,,,,
1992-03-27 06:00:00,,,,,,,,,,0.0,,,,,,,,,,,,,,,,,,,,,,,,,,,,,,,,,,,,,,,,,,,,
1992-03-27 07:00:00,,,,,,,,,,0.0,,,,,,,,,,,,,,,,,,,,,,,,,,,,,,,,,,,,,,,,,,,,
1992-03-27 08:00:00,1012.3,1015.8,16.4,14.5,89.0,4.9,90.0,,,0.0,0.0,0.0,,,,,,,,,10.0,,,,,,,,,,,,,,,,,,,,,,,,7.0,,,,,,,,,
1992-03-27 09:00:00,1013.5,1017.0,17.5,15.0,85.0,3.8,360.0,,,0.0,0.0,0.0,,,,,,,,,10.0,,,,,,,,,,,,,,,,,,,,,,,,8.0,,,,,,,,,
1992-03-27 10:00:00,,,,,,,,,,0.0,,,,,,,,,,,,,,,,,,,,,,,,,,,,,,,,,,,,,,,,,,,,
1992-03-27 11:00:00,1016.0,1019.5,16.9,14.4,85.0,4.9,22.5,,,0.0,0.0,0.0,,,,,,,,,10.0,,,,,,,,,,,,,,,,,,,,,,,,8.0,,,,,,,,,
1992-03-27 12:00:00,,,,,,,,,,0.0,,,,,,,,,,,,,,,,,,,,,,,,,,,,,,,,,,,,,,,,,,,,
1992-03-27 13:00:00,,,,,,,,,,0.0,,,,,,,,,,,,,,,,,,,,,,,,,,,,,,,,,,,,,,,,,,,,
1992-03-27 14:00:00,1011.2,1014.6,17.3,14.8,85.0,3.5,45.0,,,0.0,0.0,0.0,,19.3,18.8,19.2,19.2,,,,10.0,,,,,,,,,,,,,,,,,,,,,19.4,,,5.0,,,,,,,,,
1992-03-27 15:00:00,,,,,,,,,,0.0,,,,,,,,,,,,,,,,,,,,,,,,,,,,,,,,,,,,,,,,,,,,
1992-03-27 16:00:00,,,,,,,,,,0.0,,,,,,,,,,,,,,,,,,,,,,,,,,,,,,,,,,,,,,,,,,,,
1992-03-27 17:00:00,1010.4,1013.9,16.4,14.1,86.0,4.4,67.5,,,0.0,0.0,0.0,,,,,,,,,10.0,,,,,,,,,,,,,,,,,,,,,,,,5.0,,,,,,,,,
1992-03-27 18:00:00,,,,,,,,,,0.0,,,,,,,,,,,,,,,,,,,,,,,,,,,,,,,,,,,,,,,,,,,,
1992-03-27 19:00:00,,,,,,,,,,0.0,,,,,,,,,,,,,,,,,,,,,,,,,,,,,,,,,,,,,,,,,,,,
1992-03-27 20:00:00,1010.1,1013.5,16.7,14.4,86.0,2.4,67.5,,,0.0,0.0,,,,,,,,,,10.0,,,,,,,,,,,,,,,,,,,,,,,,6.0,,,,,,,,,
1992-03-27 21:00:00,1010.3,1013.8,16.6,14.7,89.0,2.6,67.5,,,0.0,0.0,,,18.4,18.3,19.0,19.0,,,,10.0,,,,,,,,,,,,,,,,,,,,,19.1,,,6.0,,,,,,,,,
1992-03-27 22:00:00,,,,,,,,,,0.0,,,,,,,,,,,,,,,,,,,,,,,,,,,,,,,,,,,,,,,,,,,,
1992-03-27 23:00:00,1011.4,1014.9,16.9,15.0,89.0,0.7,337.5,,,0.0,0.0,,,,,,,,,,10.0,,,,,,,,,,,,,,,,,,,,,,,,6.0,,,,,,,,,
1992-03-28 00:00:00,,,,,,,,,,0.0,,,,,,,,,,,,,,,,,,,,,,,,,,,,,,,,,,,,,,,,,,,,
1992-03-28 01:00:00,,,,,,,,,,0.0,,,,,,,,,,,,,,,,,,,,,,,,,,,,,,,,,,,,,,,,,,,,
1992-03-28 02:00:00,1010.6,1014.0,17.0,15.3,90.0,1.4,67.5,,,0.0,0.0,,,,,,,,,,10.0,,,,,,,,,,,,,,,,,,,,,,,,8.0,,,,,,,,,
1992-03-28 03:00:00,,,,,,,,,,0.0,,,,,,,,,,,,,,,,,,,,,,,,,,,,,,,,,,,,,,,,,,,,
1992-03-28 04:00:00,,,,,,,,,,0.0,,,,,,,,,,,,,,,,,,,,,,,,,,,,,,,,,,,,,,,,,,,,
1992-03-28 05:00:00,1011.3,1014.7,17.1,16.4,96.0,0.9,112.5,,,0.1,0.7,,,18.6,18.4,18.8,18.8,,,,10.0,,,,,,,,,,,,,,,,,,,,,19.0,,,5.0,,,,,,,,,
1992-03-28 06:00:00,,,,,,,,,,-9.8,,,,,,,,,,,,,,,,,,,,,,,,,,,,,,,,,,,,,,,,,,,,
1992-03-28 07:00:00,,,,,,,,,,0.0,,,,,,,,,,,,,,,,,,,,,,,,,,,,,,,,,,,,,,,,,,,,
1992-03-28 08:00:00,1011.6,1015.0,18.1,16.6,91.0,1.8,90.0,,,0.0,0.0,0.0,,,,,,,,,10.0,,,,,,,,,,,,,,,,,,,,,,,,8.0,,,,,,,,,
1992-03-28 09:00:00,1011.4,1014.8,19.4,17.3,88.0,1.4,135.0,,,0.0,0.0,0.0,,,,,,,,,10.0,,,,,,,,,,,,,,,,,,,,,,,,8.0,,,,,,,,,
1992-03-28 10:00:00,,,,,,,,,,0.0,,,,,,,,,,,,,,,,,,,,,,,,,,,,,,,,,,,,,,,,,,,,
1992-03-28 11:00:00,1012.0,1015.4,20.4,17.7,84.0,2.7,337.5,,,0.0,0.0,0.0,,,,,,,,,10.0,,,,,,,,,,,,,,,,,,,,,,,,3.0,,,,,,,,,
1992-03-28 12:00:00,,,,,,,,,,0.0,,,,,,,,,,,,,,,,,,,,,,,,,,,,,,,,,,,,,,,,,,,,
1992-03-28 13:00:00,,,,,,,,,,0.0,,,,,,,,,,,,,,,,,,,,,,,,,,,,,,,,,,,,,,,,,,,,
1992-03-28 14:00:00,1010.6,1014.0,20.0,18.3,90.0,2.8,22.5,,,0.0,0.0,0.0,,20.7,19.6,19.8,19.3,,,,10.0,,,,,,,,,,,,,,,,,,,,,19.1,,,3.0,,,,,,,,,
1992-03-28 15:00:00,,,,,,,,,,2.3,,,,,,,,,,,,,,,,,,,,,,,,,,,,,,,,,,,,,,,,,,,,
1992-03-28 16:00:00,,,,,,,,,,0.3,,,,,,,,,,,,,,,,,,,,,,,,,,,,,,,,,,,,,,,,,,,,
1992-03-28 17:00:00,1010.2,1013.6,16.9,15.6,92.0,5.0,45.0,,,-9.8,1.0,0.0,,,,,,,,,10.0,,,,,,,,,,,,,,,,,,,,,,,,3.0,,,,,,,,,
1992-03-28 18:00:00,,,,,,,,,,1.8,,,,,,,,,,,,,,,,,,,,,,,,,,,,,,,,,,,,,,,,,,,,
1992-03-28 19:00:00,,,,,,,,,,2.8,,,,,,,,,,,,,,,,,,,,,,,,,,,,,,,,,,,,,,,,,,,,
1992-03-28 20:00:00,1011.5,1014.9,17.3,16.1,93.0,2.5,90.0,,,1.2,1.0,,,,,,,,,,10.0,,,,,,,,,,,,,,,,,,,,,,,,3.0,,,,,,,,,
1992-03-28 21:00:00,1009.8,1013.2,17.9,16.8,93.0,2.8,112.5,,,2.1,1.0,,,19.1,19.1,19.4,19.3,,,,10.0,,,,,,,,,,,,,,,,,,,,,19.3,,,5.0,,,,,,,,,
1992-03-28 22:00:00,,,,,,,,,,0.6,,,,,,,,,,,,,,,,,,,,,,,,,,,,,,,,,,,,,,,,,,,,
1992-03-28 23:00:00,1011.5,1014.9,17.4,16.4,94.0,3.2,45.0,,,1.1,1.0,,,,,,,,,,10.0,,,,,,,,,,,,,,,,,,,,,,,,5.0,,,,,,,,,
1992-03-29 00:00:00,,,,,,,,,,2.4,,,,,,,,,,,,,,,,,,,,,,,,,,,,,,,,,,,,,,,,,,,,
1992-03-29 01:00:00,,,,,,,,,,0.2,,,,,,,,,,,,,,,,,,,,,,,,,,,,,,,,,,,,,,,,,,,,
1992-03-29 02:00:00,1009.0,1012.4,17.1,16.1,94.0,2.2,112.5,,,0.0,0.0,,,,,,,,,,10.0,,,,,,,,,,,,,,,,,,,,,,,,5.0,,,,,,,,,
1992-03-29 03:00:00,,,,,,,,,,0.0,,,,,,,,,,,,,,,,,,,,,,,,,,,,,,,,,,,,,,,,,,,,
1992-03-29 04:00:00,,,,,,,,,,2.5,,,,,,,,,,,,,,,,,,,,,,,,,,,,,,,,,,,,,,,,,,,,
1992-03-29 05:00:00,1011.0,1014.5,15.9,14.4,91.0,5.7,22.5,,,0.0,0.0,,,18.6,18.3,19.0,19.0,,,,10.0,,,,,,,,,,,,,,,,,,,,,19.1,,,5.0,,,,,,,,,
1992-03-29 06:00:00,,,,,,,,,,0.1,,,,,,,,,,,,,,,,,,,,,,,,,,,,,,,,,,,,,,,,,,,,
1992-03-29 07:00:00,,,,,,,,,,0.2,,,,,,,,,,,,,,,,,,,,,,,,,,,,,,,,,,,,,,,,,,,,
1992-03-29 08:00:00,1014.0,1017.5,14.2,13.0,92.0,4.4,45.0,,,0.2,1.0,0.0,,,,,,,,,10.0,,,,,,,,,,,,,,,,,,,,,,,,5.0,,,,,,,,,
1992-03-29 09:00:00,1015.0,1018.5,14.3,13.3,94.0,3.8,45.0,,,3.7,1.0,0.0,,,,,,,,,10.0,,,,,,,,,,,,,,,,,,,,,,,,5.0,,,,,,,,,
1992-03-29 10:00:00,,,,,,,,,,0.1,,,,,,,,,,,,,,,,,,,,,,,,,,,,,,,,,,,,,,,,,,,,
1992-03-29 11:00:00,1014.7,1018.2,15.5,13.6,88.0,4.8,45.0,,,0.0,0.0,0.0,,,,,,,,,10.0,,,,,,,,,,,,,,,,,,,,,,,,10.0,,,,,,,,,
1992-03-29 12:00:00,,,,,,,,,,0.0,,,,,,,,,,,,,,,,,,,,,,,,,,,,,,,,,,,,,,,,,,,,
1992-03-29 13:00:00,,,,,,,,,,0.0,,,,,,,,,,,,,,,,,,,,,,,,,,,,,,,,,,,,,,,,,,,,
1992-03-29 14:00:00,1012.0,1015.5,15.2,12.9,86.0,5.4,45.0,,,-9.8,0.3,0.0,,18.5,18.1,18.6,18.7,,,,10.0,,,,,,,,,,,,,,,,,,,,,18.8,,,8.0,,,,,,,,,
1992-03-29 15:00:00,,,,,,,,,,-9.8,,,,,,,,,,,,,,,,,,,,,,,,,,,,,,,,,,,,,,,,,,,,
1992-03-29 16:00:00,,,,,,,,,,0.5,,,,,,,,,,,,,,,,,,,,,,,,,,,,,,,,,,,,,,,,,,,,
1992-03-29 17:00:00,1012.0,1015.5,14.5,12.8,90.0,4.6,45.0,,,0.0,0.0,0.0,,,,,,,,,10.0,,,,,,,,,,,,,,,,,,,,,,,,6.0,,,,,,,,,
1992-03-29 18:00:00,,,,,,,,,,0.0,,,,,,,,,,,,,,,,,,,,,,,,,,,,,,,,,,,,,,,,,,,,
1992-03-29 19:00:00,,,,,,,,,,0.0,,,,,,,,,,,,,,,,,,,,,,,,,,,,,,,,,,,,,,,,,,,,
1992-03-29 20:00:00,1013.3,1016.8,14.6,12.2,86.0,4.4,45.0,,,0.0,0.0,,,,,,,,,,10.0,,,,,,,,,,,,,,,,,,,,,,,,6.0,,,,,,,,,
1992-03-29 21:00:00,1013.4,1016.9,14.7,12.3,86.0,2.9,45.0,,,0.0,0.0,,,17.5,17.3,18.1,18.3,,,,10.0,,,,,,,,,,,,,,,,,,,,,18.6,,,7.0,,,,,,,,,
1992-03-29 22:00:00,,,,,,,,,,0.0,,,,,,,,,,,,,,,,,,,,,,,,,,,,,,,,,,,,,,,,,,,,
1992-03-29 23:00:00,1013.6,1017.1,14.6,12.2,86.0,3.4,45.0,,,0.0,0.0,,,,,,,,,,7.0,,,,,,,,,,,,,,,,,,,,,,,,7.0,,,,,,,,,
1992-03-30 00:00:00,,,,,,,,,,0.0,,,,,,,,,,,,,,,,,,,,,,,,,,,,,,,,,,,,,,,,,,,,
1992-03-30 01:00:00,,,,,,,,,,0.0,,,,,,,,,,,,,,,,,,,,,,,,,,,,,,,,,,,,,,,,,,,,
1992-03-30 02:00:00,1011.6,1015.1,15.1,12.3,83.0,3.0,45.0,,,0.0,0.0,,,,,,,,,,7.0,,,,,,,,,,,,,,,,,,,,,,,,8.0,,,,,,,,,
1992-03-30 03:00:00,,,,,,,,,,0.0,,,,,,,,,,,,,,,,,,,,,,,,,,,,,,,,,,,,,,,,,,,,
1992-03-30 04:00:00,,,,,,,,,,0.0,,,,,,,,,,,,,,,,,,,,,,,,,,,,,,,,,,,,,,,,,,,,
1992-03-30 05:00:00,1011.1,1014.6,15.6,13.2,86.0,1.9,22.5,,,0.0,0.0,,,17.3,17.3,17.8,18.0,,,,9.0,,,,,,,,,,,,,,,,,,,,,18.3,,,8.0,,,,,,,,,
1992-03-30 06:00:00,,,,,,,,,,0.0,,,,,,,,,,,,,,,,,,,,,,,,,,,,,,,,,,,,,,,,,,,,
1992-03-30 07:00:00,,,,,,,,,,0.0,,,,,,,,,,,,,,,,,,,,,,,,,,,,,,,,,,,,,,,,,,,,
1992-03-30 08:00:00,1013.1,1016.6,16.9,14.4,85.0,2.6,45.0,,,0.0,0.0,0.0,,,,,,,,,10.0,,,,,,,,,,,,,,,,,,,,,,,,6.0,,,,,,,,,
1992-03-30 09:00:00,1013.5,1017.0,17.1,14.4,84.0,3.5,22.5,,,0.0,0.0,0.0,,,,,,,,,10.0,,,,,,,,,,,,,,,,,,,,,,,,6.0,,,,,,,,,
1992-03-30 10:00:00,,,,,,,,,,0.0,,,,,,,,,,,,,,,,,,,,,,,,,,,,,,,,,,,,,,,,,,,,
1992-03-30 11:00:00,1014.6,1018.1,17.5,14.9,85.0,4.4,22.5,,,0.0,0.0,0.0,,,,,,,,,10.0,,,,,,,,,,,,,,,,,,,,,,,,8.0,,,,,,,,,
1992-03-30 12:00:00,,,,,,,,,,0.0,,,,,,,,,,,,,,,,,,,,,,,,,,,,,,,,,,,,,,,,,,,,
1992-03-30 13:00:00,,,,,,,,,,0.0,,,,,,,,,,,,,,,,,,,,,,,,,,,,,,,,,,,,,,,,,,,,
1992-03-30 14:00:00,1011.1,1014.5,17.5,15.4,87.0,3.0,112.5,,,0.0,0.0,0.0,,17.8,17.5,18.0,17.9,,,,10.0,,,,,,,,,,,,,,,,,,,,,18.1,,,12.0,,,,,,,,,
1992-03-30 15:00:00,,,,,,,,,,0.0,,,,,,,,,,,,,,,,,,,,,,,,,,,,,,,,,,,,,,,,,,,,
1992-03-30 16:00:00,,,,,,,,,,0.0,,,,,,,,,,,,,,,,,,,,,,,,,,,,,,,,,,,,,,,,,,,,
1992-03-30 17:00:00,1008.5,1011.9,19.9,16.9,83.0,1.9,360.0,,,0.0,0.0,0.0,,,,,,,,,9.0,,,,,,,,,,,,,,,,,,,,,,,,12.0,,,,,,,,,
1992-03-30 18:00:00,,,,,,,,,,0.0,,,,,,,,,,,,,,,,,,,,,,,,,,,,,,,,,,,,,,,,,,,,
1992-03-30 19:00:00,,,,,,,,,,0.0,,,,,,,,,,,,,,,,,,,,,,,,,,,,,,,,,,,,,,,,,,,,
1992-03-30 20:00:00,1011.4,1014.8,18.6,16.4,87.0,0.8,45.0,,,0.0,0.0,,,,,,,,,,10.0,,,,,,,,,,,,,,,,,,,,,,,,12.0,,,,,,,,,
1992-03-30 21:00:00,1012.4,1015.8,17.7,16.6,93.0,3.8,22.5,,,-9.8,0.3,,,18.3,17.9,18.4,18.2,,,,10.0,,,,,,,,,,,,,,,,,,,,,18.3,,,8.0,,,,,,,,,
1992-03-30 22:00:00,,,,,,,,,,-9.8,,,,,,,,,,,,,,,,,,,,,,,,,,,,,,,,,,,,,,,,,,,,
1992-03-30 23:00:00,1012.4,1015.9,17.3,16.5,95.0,1.4,90.0,,,1.1,1.0,,,,,,,,,,10.0,,,,,,,,,,,,,,,,,,,,,,,,6.0,,,,,,,,,
1992-03-31 00:00:00,,,,,,,,,,0.2,,,,,,,,,,,,,,,,,,,,,,,,,,,,,,,,,,,,,,,,,,,,
1992-03-31 01:00:00,,,,,,,,,,0.2,,,,,,,,,,,,,,,,,,,,,,,,,,,,,,,,,,,,,,,,,,,,
1992-03-31 02:00:00,1011.7,1015.1,17.3,16.7,96.0,2.2,45.0,,,0.0,0.0,,,,,,,,,,10.0,,,,,,,,,,,,,,,,,,,,,,,,6.0,,,,,,,,,
1992-03-31 03:00:00,,,,,,,,,,0.5,,,,,,,,,,,,,,,,,,,,,,,,,,,,,,,,,,,,,,,,,,,,
1992-03-31 04:00:00,,,,,,,,,,0.0,,,,,,,,,,,,,,,,,,,,,,,,,,,,,,,,,,,,,,,,,,,,
1992-03-31 05:00:00,1008.9,1012.3,17.6,16.8,95.0,1.9,135.0,,,1.0,0.4,,,18.3,17.9,18.4,18.3,,,,9.0,,,,,,,,,,,,,,,,,,,,,18.4,,,6.0,,,,,,,,,
1992-03-31 06:00:00,,,,,,,,,,0.0,,,,,,,,,,,,,,,,,,,,,,,,,,,,,,,,,,,,,,,,,,,,
1992-03-31 07:00:00,,,,,,,,,,0.0,,,,,,,,,,,,,,,,,,,,,,,,,,,,,,,,,,,,,,,,,,,,
1992-03-31 08:00:00,1011.8,1015.2,17.4,16.5,94.0,3.4,337.5,,,0.0,0.0,0.0,,,,,,,,,10.0,,,,,,,,,,,,,,,,,,,,,,,,6.0,,,,,,,,,
1992-03-31 09:00:00,1011.2,1014.6,17.1,16.5,96.0,0.3,315.0,,,0.0,0.0,0.0,,,,,,,,,10.0,,,,,,,,,,,,,,,,,,,,,,,,3.0,,,,,,,,,
1992-03-31 10:00:00,,,,,,,,,,0.0,,,,,,,,,,,,,,,,,,,,,,,,,,,,,,,,,,,,,,,,,,,,
1992-03-31 11:00:00,1008.6,1012.0,18.5,17.4,93.0,4.0,360.0,,,0.0,0.0,0.1,,,,,,,,,10.0,,,,,,,,,,,,,,,,,,,,,,,,3.0,,,,,,,,,
1992-03-31 12:00:00,,,,,,,,,,0.0,,,,,,,,,,,,,,,,,,,,,,,,,,,,,,,,,,,,,,,,,,,,
1992-03-31 13:00:00,,,,,,,,,,0.0,,,,,,,,,,,,,,,,,,,,,,,,,,,,,,,,,,,,,,,,,,,,
1992-03-31 14:00:00,1006.8,1010.2,19.0,17.6,92.0,0.4,22.5,,,0.0,0.0,0.0,,19.1,18.6,18.9,18.5,,,,10.0,,,,,,,,,,,,,,,,,,,,,18.5,,,0.2,,,,,,,,,
1992-03-31 15:00:00,,,,,,,,,,0.0,,,,,,,,,,,,,,,,,,,,,,,,,,,,,,,,,,,,,,,,,,,,
1992-03-31 16:00:00,,,,,,,,,,0.0,,,,,,,,,,,,,,,,,,,,,,,,,,,,,,,,,,,,,,,,,,,,
1992-03-31 17:00:00,1007.0,1010.4,18.8,17.3,91.0,3.0,360.0,,,0.0,0.0,0.0,,,,,,,,,10.0,,,,,,,,,,,,,,,,,,,,,,,,0.2,,,,,,,,,
1992-03-31 18:00:00,,,,,,,,,,0.2,,,,,,,,,,,,,,,,,,,,,,,,,,,,,,,,,,,,,,,,,,,,
1992-03-31 19:00:00,,,,,,,,,,0.5,,,,,,,,,,,,,,,,,,,,,,,,,,,,,,,,,,,,,,,,,,,,
1992-03-31 20:00:00,1008.0,1011.4,18.6,17.8,95.0,1.2,202.5,,,0.2,0.7,,,,,,,,,,10.0,,,,,,,,,,,,,,,,,,,,,,,,0.2,,,,,,,,,
1992-03-31 21:00:00,1008.9,1012.3,18.7,17.9,95.0,1.1,90.0,,,-9.8,0.1,,,19.0,19.0,19.1,18.5,,,,10.0,,,,,,,,,,,,,,,,,,,,,18.7,,,0.2,,,,,,,,,
1992-03-31 22:00:00,,,,,,,,,,0.0,,,,,,,,,,,,,,,,,,,,,,,,,,,,,,,,,,,,,,,,,,,,
1992-03-31 23:00:00,1009.0,1012.4,18.6,18.0,96.0,0.7,292.5,,,0.0,0.0,,,,,,,,,,10.0,,,,,,,,,,,,,,,,,,,,,,,,0.2,,,,,,,,,
1992-04-01 00:00:00,,,,,,,,,,0.0,,,,,,,,,,,,,,,,,,,,,,,,,,,,,,,,,,,,,,,,,,,,
1992-04-01 01:00:00,,,,,,,,,,0.0,,,,,,,,,,,,,,,,,,,,,,,,,,,,,,,,,,,,,,,,,,,,
1992-04-01 02:00:00,1007.6,1011.0,19.1,18.4,96.0,2.5,360.0,,,0.0,0.0,,,,,,,,,,10.0,,,,,,,,,,,,,,,,,,,,,,,,0.2,,,,,,,,,
1992-04-01 03:00:00,,,,,,,,,,0.0,,,,,,,,,,,,,,,,,,,,,,,,,,,,,,,,,,,,,,,,,,,,
1992-04-01 04:00:00,,,,,,,,,,0.0,,,,,,,,,,,,,,,,,,,,,,,,,,,,,,,,,,,,,,,,,,,,
1992-04-01 05:00:00,1007.5,1010.9,18.9,18.2,96.0,0.3,135.0,,,0.2,0.8,,,19.0,19.0,19.1,19.0,,,,10.0,,,,,,,,,,,,,,,,,,,,,18.8,,,0.2,,,,,,,,,
1992-04-01 06:00:00,,,,,,,,,,0.8,,,,,,,,,,,,,,,,,,,,,,,,,,,,,,,,,,,,,,,,,,,,
1992-04-01 07:00:00,,,,,,,,,,0.8,,,,,,,,,,,,,,,,,,,,,,,,,,,,,,,,,,,,,,,,,,,,
1992-04-01 08:00:00,1009.2,1012.6,19.2,19.0,99.0,0.1,0.0,,,0.3,1.0,0.0,,,,,,,,,10.0,,,,,,,,,,,,,,,,,,,,,,,,0.0,,,,,,,,,
1992-04-01 09:00:00,1009.4,1012.8,19.6,19.4,99.0,1.1,112.5,,,0.8,1.0,0.0,,,,,,,,,10.0,,,,,,,,,,,,,,,,,,,,,,,,0.0,,,,,,,,,
1992-04-01 10:00:00,,,,,,,,,,0.3,,,,,,,,,,,,,,,,,,,,,,,,,,,,,,,,,,,,,,,,,,,,
1992-04-01 11:00:00,1009.1,1012.5,20.7,19.6,93.0,1.4,315.0,,,0.0,0.0,0.0,,,,,,,,,10.0,,,,,,,,,,,,,,,,,,,,,,,,0.2,,,,,,,,,
1992-04-01 12:00:00,,,,,,,,,,0.0,,,,,,,,,,,,,,,,,,,,,,,,,,,,,,,,,,,,,,,,,,,,
1992-04-01 13:00:00,,,,,,,,,,0.0,,,,,,,,,,,,,,,,,,,,,,,,,,,,,,,,,,,,,,,,,,,,
1992-04-01 14:00:00,1007.8,1011.2,21.2,18.7,86.0,2.7,22.5,,,0.0,0.0,0.0,,20.8,19.0,18.9,19.3,,,,10.0,,,,,,,,,,,,,,,,,,,,,19.3,,,0.3,,,,,,,,,
1992-04-01 15:00:00,,,,,,,,,,0.0,,,,,,,,,,,,,,,,,,,,,,,,,,,,,,,,,,,,,,,,,,,,
1992-04-01 16:00:00,,,,,,,,,,0.0,,,,,,,,,,,,,,,,,,,,,,,,,,,,,,,,,,,,,,,,,,,,
1992-04-01 17:00:00,1007.5,1010.9,20.4,18.5,89.0,2.4,337.5,,,0.0,0.0,0.0,,,,,,,,,10.0,,,,,,,,,,,,,,,,,,,,,,,,5.0,,,,,,,,,
1992-04-01 18:00:00,,,,,,,,,,0.0,,,,,,,,,,,,,,,,,,,,,,,,,,,,,,,,,,,,,,,,,,,,
1992-04-01 19:00:00,,,,,,,,,,0.0,,,,,,,,,,,,,,,,,,,,,,,,,,,,,,,,,,,,,,,,,,,,
1992-04-01 20:00:00,1009.4,1012.8,18.3,16.9,92.0,3.8,67.5,,,0.0,0.0,,,,,,,,,,10.0,,,,,,,,,,,,,,,,,,,,,,,,4.0,,,,,,,,,
1992-04-01 21:00:00,1009.9,1013.3,18.1,16.9,93.0,3.0,45.0,,,0.0,0.0,,,19.7,19.4,19.9,19.5,,,,10.0,,,,,,,,,,,,,,,,,,,,,19.5,,,3.0,,,,,,,,,
1992-04-01 22:00:00,,,,,,,,,,0.0,,,,,,,,,,,,,,,,,,,,,,,,,,,,,,,,,,,,,,,,,,,,
1992-04-01 23:00:00,1010.5,1013.9,17.4,16.2,93.0,3.3,45.0,,,0.0,0.0,,,,,,,,,,10.0,,,,,,,,,,,,,,,,,,,,,,,,3.0,,,,,,,,,
1992-04-02 00:00:00,,,,,,,,,,0.0,,,,,,,,,,,,,,,,,,,,,,,,,,,,,,,,,,,,,,,,,,,,
1992-04-02 01:00:00,,,,,,,,,,0.0,,,,,,,,,,,,,,,,,,,,,,,,,,,,,,,,,,,,,,,,,,,,
1992-04-02 02:00:00,1009.8,1013.2,17.2,15.7,91.0,2.9,45.0,,,0.0,0.0,,,,,,,,,,10.0,,,,,,,,,,,,,,,,,,,,,,,,3.0,,,,,,,,,
1992-04-02 03:00:00,,,,,,,,,,0.0,,,,,,,,,,,,,,,,,,,,,,,,,,,,,,,,,,,,,,,,,,,,
1992-04-02 04:00:00,,,,,,,,,,0.0,,,,,,,,,,,,,,,,,,,,,,,,,,,,,,,,,,,,,,,,,,,,
1992-04-02 05:00:00,1009.8,1013.3,16.4,14.7,90.0,4.0,45.0,,,0.0,0.0,,,19.1,18.8,20.4,20.2,,,,10.0,,,,,,,,,,,,,,,,,,,,,20.3,,,6.0,,,,,,,,,
1992-04-02 06:00:00,,,,,,,,,,0.0,,,,,,,,,,,,,,,,,,,,,,,,,,,,,,,,,,,,,,,,,,,,
1992-04-02 07:00:00,,,,,,,,,,0.0,,,,,,,,,,,,,,,,,,,,,,,,,,,,,,,,,,,,,,,,,,,,
1992-04-02 08:00:00,1013.1,1016.6,16.1,14.3,89.0,3.6,22.5,,,0.0,0.0,0.0,,,,,,,,,10.0,,,,,,,,,,,,,,,,,,,,,,,,6.0,,,,,,,,,
1992-04-02 09:00:00,1012.8,1016.3,15.7,14.5,93.0,3.3,45.0,,,0.0,0.0,0.0,,,,,,,,,10.0,,,,,,,,,,,,,,,,,,,,,,,,6.0,,,,,,,,,
1992-04-02 10:00:00,,,,,,,,,,0.0,,,,,,,,,,,,,,,,,,,,,,,,,,,,,,,,,,,,,,,,,,,,
1992-04-02 11:00:00,1013.0,1016.5,15.9,14.8,93.0,3.6,45.0,,,0.2,0.5,0.0,,,,,,,,,10.0,,,,,,,,,,,,,,,,,,,,,,,,6.0,,,,,,,,,
1992-04-02 12:00:00,,,,,,,,,,0.3,,,,,,,,,,,,,,,,,,,,,,,,,,,,,,,,,,,,,,,,,,,,
1992-04-02 13:00:00,,,,,,,,,,2.9,,,,,,,,,,,,,,,,,,,,,,,,,,,,,,,,,,,,,,,,,,,,
1992-04-02 14:00:00,1010.9,1014.4,16.0,14.8,93.0,4.4,45.0,,,0.5,1.0,0.0,,18.5,18.4,18.8,18.8,,,,10.0,,,,,,,,,,,,,,,,,,,,,18.3,,,6.0,,,,,,,,,
1992-04-02 15:00:00,,,,,,,,,,0.3,,,,,,,,,,,,,,,,,,,,,,,,,,,,,,,,,,,,,,,,,,,,
1992-04-02 16:00:00,,,,,,,,,,7.2,,,,,,,,,,,,,,,,,,,,,,,,,,,,,,,,,,,,,,,,,,,,
1992-04-02 17:00:00,1011.1,1014.6,15.3,14.4,94.0,3.1,45.0,,,2.7,1.0,0.0,,,,,,,,,10.0,,,,,,,,,,,,,,,,,,,,,,,,4.0,,,,,,,,,
1992-04-02 18:00:00,,,,,,,,,,0.9,,,,,,,,,,,,,,,,,,,,,,,,,,,,,,,,,,,,,,,,,,,,
1992-04-02 19:00:00,,,,,,,,,,6.4,,,,,,,,,,,,,,,,,,,,,,,,,,,,,,,,,,,,,,,,,,,,
1992-04-02 20:00:00,1011.6,1015.1,15.3,14.3,94.0,2.6,90.0,,,4.0,1.0,,,,,,,,,,10.0,,,,,,,,,,,,,,,,,,,,,,,,4.0,,,,,,,,,
1992-04-02 21:00:00,1011.7,1015.2,15.6,14.3,92.0,3.4,22.5,,,0.6,1.0,,,17.5,17.6,18.0,18.3,,,,10.0,,,,,,,,,,,,,,,,,,,,,18.3,,,4.0,,,,,,,,,
1992-04-02 22:00:00,,,,,,,,,,4.1,,,,,,,,,,,,,,,,,,,,,,,,,,,,,,,,,,,,,,,,,,,,
1992-04-02 23:00:00,1011.7,1015.2,15.6,14.7,94.0,0.2,0.0,,,2.3,1.0,,,,,,,,,,10.0,,,,,,,,,,,,,,,,,,,,,,,,4.0,,,,,,,,,
1992-04-03 00:00:00,,,,,,,,,,2.8,,,,,,,,,,,,,,,,,,,,,,,,,,,,,,,,,,,,,,,,,,,,
1992-04-03 01:00:00,,,,,,,,,,1.1,,,,,,,,,,,,,,,,,,,,,,,,,,,,,,,,,,,,,,,,,,,,
1992-04-03 02:00:00,1009.6,1013.1,16.0,15.1,94.0,1.1,67.5,,,0.1,0.5,,,,,,,,,,10.0,,,,,,,,,,,,,,,,,,,,,,,,6.0,,,,,,,,,
1992-04-03 03:00:00,,,,,,,,,,0.1,,,,,,,,,,,,,,,,,,,,,,,,,,,,,,,,,,,,,,,,,,,,
1992-04-03 04:00:00,,,,,,,,,,0.2,,,,,,,,,,,,,,,,,,,,,,,,,,,,,,,,,,,,,,,,,,,,
1992-04-03 05:00:00,1008.2,1011.6,16.2,15.6,96.0,2.0,360.0,,,0.0,0.0,,,17.6,17.1,17.8,18.0,,,,10.0,,,,,,,,,,,,,,,,,,,,,18.3,,,6.0,,,,,,,,,
1992-04-03 06:00:00,,,,,,,,,,0.0,,,,,,,,,,,,,,,,,,,,,,,,,,,,,,,,,,,,,,,,,,,,
1992-04-03 07:00:00,,,,,,,,,,0.0,,,,,,,,,,,,,,,,,,,,,,,,,,,,,,,,,,,,,,,,,,,,
1992-04-03 08:00:00,1011.1,1014.6,16.6,16.0,96.0,1.3,157.5,,,0.1,0.8,0.0,,,,,,,,,10.0,,,,,,,,,,,,,,,,,,,,,,,,1.0,,,,,,,,,
1992-04-03 09:00:00,1011.1,1014.6,16.5,16.1,97.0,0.0,0.0,,,0.2,1.0,0.0,,,,,,,,,10.0,,,,,,,,,,,,,,,,,,,,,,,,1.0,,,,,,,,,
1992-04-03 10:00:00,,,,,,,,,,-9.8,,,,,,,,,,,,,,,,,,,,,,,,,,,,,,,,,,,,,,,,,,,,
1992-04-03 11:00:00,1009.6,1013.0,17.7,16.9,95.0,3.4,22.5,,,0.0,0.0,0.0,,,,,,,,,10.0,,,,,,,,,,,,,,,,,,,,,,,,15.0,,,,,,,,,
1992-04-03 12:00:00,,,,,,,,,,0.0,,,,,,,,,,,,,,,,,,,,,,,,,,,,,,,,,,,,,,,,,,,,
1992-04-03 13:00:00,,,,,,,,,,0.0,,,,,,,,,,,,,,,,,,,,,,,,,,,,,,,,,,,,,,,,,,,,
1992-04-03 14:00:00,1008.0,1011.4,17.9,16.3,90.0,3.2,22.5,,,0.0,0.0,0.0,,18.6,18.0,18.3,18.1,,,,10.0,,,,,,,,,,,,,,,,,,,,,18.2,,,15.0,,,,,,,,,
1992-04-03 15:00:00,,,,,,,,,,0.0,,,,,,,,,,,,,,,,,,,,,,,,,,,,,,,,,,,,,,,,,,,,
1992-04-03 16:00:00,,,,,,,,,,0.0,,,,,,,,,,,,,,,,,,,,,,,,,,,,,,,,,,,,,,,,,,,,
1992-04-03 17:00:00,1007.0,1010.4,17.9,16.3,90.0,2.7,45.0,,,0.0,0.0,0.0,,,,,,,,,10.0,,,,,,,,,,,,,,,,,,,,,,,,15.0,,,,,,,,,
1992-04-03 18:00:00,,,,,,,,,,0.0,,,,,,,,,,,,,,,,,,,,,,,,,,,,,,,,,,,,,,,,,,,,
1992-04-03 19:00:00,,,,,,,,,,8.1,,,,,,,,,,,,,,,,,,,,,,,,,,,,,,,,,,,,,,,,,,,,
1992-04-03 20:00:00,1008.9,1012.3,17.1,16.2,94.0,2.3,135.0,,,4.6,1.0,,,,,,,,,,10.0,,,,,,,,,,,,,,,,,,,,,,,,1.5,,,,,,,,,
1992-04-03 21:00:00,1009.1,1012.5,17.3,16.4,94.0,1.6,135.0,,,0.6,0.4,,,18.1,17.8,18.3,18.3,,,,9.0,,,,,,,,,,,,,,,,,,,,,18.3,,,2.5,,,,,,,,,
1992-04-03 22:00:00,,,,,,,,,,-9.8,,,,,,,,,,,,,,,,,,,,,,,,,,,,,,,,,,,,,,,,,,,,
1992-04-03 23:00:00,1009.4,1012.8,17.0,16.4,96.0,1.8,315.0,,,2.0,1.0,,,,,,,,,,10.0,,,,,,,,,,,,,,,,,,,,,,,,2.0,,,,,,,,,
1992-04-04 00:00:00,,,,,,,,,,0.3,,,,,,,,,,,,,,,,,,,,,,,,,,,,,,,,,,,,,,,,,,,,
1992-04-04 01:00:00,,,,,,,,,,7.7,,,,,,,,,,,,,,,,,,,,,,,,,,,,,,,,,,,,,,,,,,,,
1992-04-04 02:00:00,1008.0,1011.4,17.3,16.8,97.0,0.1,0.0,,,5.1,1.0,,,,,,,,,,10.0,,,,,,,,,,,,,,,,,,,,,,,,2.0,,,,,,,,,
1992-04-04 03:00:00,,,,,,,,,,4.3,,,,,,,,,,,,,,,,,,,,,,,,,,,,,,,,,,,,,,,,,,,,
1992-04-04 04:00:00,,,,,,,,,,0.3,,,,,,,,,,,,,,,,,,,,,,,,,,,,,,,,,,,,,,,,,,,,
1992-04-04 05:00:00,1008.0,1011.4,17.2,16.8,97.0,0.9,180.0,,,0.2,1.0,,,18.1,17.6,18.2,18.2,,,,10.0,,,,,,,,,,,,,,,,,,,,,18.3,,,2.0,,,,,,,,,
1992-04-04 06:00:00,,,,,,,,,,0.1,,,,,,,,,,,,,,,,,,,,,,,,,,,,,,,,,,,,,,,,,,,,
1992-04-04 07:00:00,,,,,,,,,,0.1,,,,,,,,,,,,,,,,,,,,,,,,,,,,,,,,,,,,,,,,,,,,
1992-04-04 08:00:00,1009.4,1012.8,17.3,16.4,94.0,2.8,360.0,,,0.0,0.0,0.0,,,,,,,,,10.0,,,,,,,,,,,,,,,,,,,,,,,,4.0,,,,,,,,,
1992-04-04 09:00:00,1010.0,1013.4,17.9,16.6,92.0,1.8,22.5,,,0.0,0.0,0.0,,,,,,,,,10.0,,,,,,,,,,,,,,,,,,,,,,,,7.0,,,,,,,,,
1992-04-04 10:00:00,,,,,,,,,,0.0,,,,,,,,,,,,,,,,,,,,,,,,,,,,,,,,,,,,,,,,,,,,
1992-04-04 11:00:00,1010.2,1013.6,17.8,16.6,93.0,1.9,360.0,,,-9.8,0.2,0.0,,,,,,,,,10.0,,,,,,,,,,,,,,,,,,,,,,,,7.0,,,,,,,,,
1992-04-04 12:00:00,,,,,,,,,,0.0,,,,,,,,,,,,,,,,,,,,,,,,,,,,,,,,,,,,,,,,,,,,
1992-04-04 13:00:00,,,,,,,,,,0.0,,,,,,,,,,,,,,,,,,,,,,,,,,,,,,,,,,,,,,,,,,,,
1992-04-04 14:00:00,1008.5,1011.9,18.2,17.0,93.0,1.3,45.0,,,0.0,0.0,0.0,,19.1,18.4,18.6,18.5,,,,10.0,,,,,,,,,,,,,,,,,,,,,18.3,,,8.0,,,,,,,,,
1992-04-04 15:00:00,,,,,,,,,,0.0,,,,,,,,,,,,,,,,,,,,,,,,,,,,,,,,,,,,,,,,,,,,
1992-04-04 16:00:00,,,,,,,,,,0.0,,,,,,,,,,,,,,,,,,,,,,,,,,,,,,,,,,,,,,,,,,,,
1992-04-04 17:00:00,1008.3,1011.7,18.8,17.4,92.0,2.0,112.5,,,0.0,0.0,0.0,,,,,,,,,10.0,,,,,,,,,,,,,,,,,,,,,,,,8.0,,,,,,,,,
1992-04-04 18:00:00,,,,,,,,,,0.0,,,,,,,,,,,,,,,,,,,,,,,,,,,,,,,,,,,,,,,,,,,,
1992-04-04 19:00:00,,,,,,,,,,0.0,,,,,,,,,,,,,,,,,,,,,,,,,,,,,,,,,,,,,,,,,,,,
1992-04-04 20:00:00,1009.4,1012.8,18.7,17.1,90.0,2.3,112.5,,,0.0,0.0,,,,,,,,,,10.0,,,,,,,,,,,,,,,,,,,,,,,,8.0,,,,,,,,,
1992-04-04 21:00:00,1009.7,1013.1,18.9,17.0,89.0,2.9,112.5,,,0.0,0.0,,,18.8,18.5,18.9,18.6,,,,10.0,,,,,,,,,,,,,,,,,,,,,18.5,,,8.0,,,,,,,,,
1992-04-04 22:00:00,,,,,,,,,,0.0,,,,,,,,,,,,,,,,,,,,,,,,,,,,,,,,,,,,,,,,,,,,
1992-04-04 23:00:00,1009.2,1012.6,18.8,17.2,90.0,1.4,360.0,,,0.0,0.0,,,,,,,,,,10.0,,,,,,,,,,,,,,,,,,,,,,,,8.0,,,,,,,,,
1992-04-05 00:00:00,,,,,,,,,,0.0,,,,,,,,,,,,,,,,,,,,,,,,,,,,,,,,,,,,,,,,,,,,
1992-04-05 01:00:00,,,,,,,,,,0.0,,,,,,,,,,,,,,,,,,,,,,,,,,,,,,,,,,,,,,,,,,,,
1992-04-05 02:00:00,1008.0,1011.4,18.3,16.0,86.0,3.1,90.0,,,0.0,0.0,,,,,,,,,,10.0,,,,,,,,,,,,,,,,,,,,,,,,8.0,,,,,,,,,
1992-04-05 03:00:00,,,,,,,,,,0.0,,,,,,,,,,,,,,,,,,,,,,,,,,,,,,,,,,,,,,,,,,,,
1992-04-05 04:00:00,,,,,,,,,,0.0,,,,,,,,,,,,,,,,,,,,,,,,,,,,,,,,,,,,,,,,,,,,
1992-04-05 05:00:00,1008.3,1011.7,18.6,16.1,85.0,2.6,90.0,,,0.0,0.0,,,18.6,18.2,18.7,18.5,,,,10.0,,,,,,,,,,,,,,,,,,,,,18.6,,,8.0,,,,,,,,,
1992-04-05 06:00:00,,,,,,,,,,0.0,,,,,,,,,,,,,,,,,,,,,,,,,,,,,,,,,,,,,,,,,,,,
1992-04-05 07:00:00,,,,,,,,,,0.0,,,,,,,,,,,,,,,,,,,,,,,,,,,,,,,,,,,,,,,,,,,,
1992-04-05 08:00:00,1009.6,1013.0,19.4,16.6,84.0,1.5,90.0,,,0.0,0.0,0.0,,,,,,,,,10.0,,,,,,,,,,,,,,,,,,,,,,,,12.0,,,,,,,,,
1992-04-05 09:00:00,1010.1,1013.5,20.0,17.0,83.0,1.0,45.0,,,0.0,0.0,0.0,,,,,,,,,10.0,,,,,,,,,,,,,,,,,,,,,,,,12.0,,,,,,,,,
1992-04-05 10:00:00,,,,,,,,,,0.0,,,,,,,,,,,,,,,,,,,,,,,,,,,,,,,,,,,,,,,,,,,,
1992-04-05 11:00:00,1009.3,1012.7,21.9,17.6,77.0,1.5,67.5,,,0.0,0.0,0.0,,,,,,,,,10.0,,,,,,,,,,,,,,,,,,,,,,,,10.0,,,,,,,,,
1992-04-05 12:00:00,,,,,,,,,,0.0,,,,,,,,,,,,,,,,,,,,,,,,,,,,,,,,,,,,,,,,,,,,
1992-04-05 13:00:00,,,,,,,,,,0.0,,,,,,,,,,,,,,,,,,,,,,,,,,,,,,,,,,,,,,,,,,,,
1992-04-05 14:00:00,1006.9,1010.3,23.7,18.4,72.0,3.4,112.5,,,0.0,0.0,0.3,,20.5,19.7,19.5,19.1,,,,8.0,,,,,,,,,,,,,,,,,,,,,18.8,,,12.0,,,,,,,,,
1992-04-05 15:00:00,,,,,,,,,,0.0,,,,,,,,,,,,,,,,,,,,,,,,,,,,,,,,,,,,,,,,,,,,
1992-04-05 16:00:00,,,,,,,,,,0.0,,,,,,,,,,,,,,,,,,,,,,,,,,,,,,,,,,,,,,,,,,,,
1992-04-05 17:00:00,1006.6,1010.0,23.2,18.3,74.0,2.4,112.5,,,0.0,0.0,0.0,,,,,,,,,8.0,,,,,,,,,,,,,,,,,,,,,,,,12.0,,,,,,,,,
1992-04-05 18:00:00,,,,,,,,,,0.0,,,,,,,,,,,,,,,,,,,,,,,,,,,,,,,,,,,,,,,,,,,,
1992-04-05 19:00:00,,,,,,,,,,0.0,,,,,,,,,,,,,,,,,,,,,,,,,,,,,,,,,,,,,,,,,,,,
1992-04-05 20:00:00,1007.0,1010.4,20.8,18.1,85.0,2.1,90.0,,,0.0,0.0,,,,,,,,,,10.0,,,,,,,,,,,,,,,,,,,,,,,,6.0,,,,,,,,,
1992-04-05 21:00:00,1008.4,1011.8,20.4,18.1,87.0,0.5,225.0,,,0.0,0.0,,,20.1,19.7,20.2,19.8,,,,10.0,,,,,,,,,,,,,,,,,,,,,19.2,,,6.0,,,,,,,,,
1992-04-05 22:00:00,,,,,,,,,,0.0,,,,,,,,,,,,,,,,,,,,,,,,,,,,,,,,,,,,,,,,,,,,
1992-04-05 23:00:00,1007.9,1011.3,19.9,18.1,89.0,1.2,67.5,,,0.0,0.0,,,,,,,,,,4.0,,,,,,,,,,,,,,,,,,,,,,,,6.0,,,,,,,,,
1992-04-06 00:00:00,,,,,,,,,,0.0,,,,,,,,,,,,,,,,,,,,,,,,,,,,,,,,,,,,,,,,,,,,
1992-04-06 01:00:00,,,,,,,,,,0.0,,,,,,,,,,,,,,,,,,,,,,,,,,,,,,,,,,,,,,,,,,,,
1992-04-06 02:00:00,1008.4,1011.8,20.2,19.2,94.0,0.2,0.0,,,0.0,0.0,,,,,,,,,,10.0,,,,,,,,,,,,,,,,,,,,,,,,6.0,,,,,,,,,
1992-04-06 03:00:00,,,,,,,,,,0.0,,,,,,,,,,,,,,,,,,,,,,,,,,,,,,,,,,,,,,,,,,,,
1992-04-06 04:00:00,,,,,,,,,,0.0,,,,,,,,,,,,,,,,,,,,,,,,,,,,,,,,,,,,,,,,,,,,
1992-04-06 05:00:00,1006.6,1010.0,19.6,18.6,94.0,1.5,202.5,,,0.0,0.0,,,19.9,19.7,19.9,19.5,,,,10.0,,,,,,,,,,,,,,,,,,,,,19.4,,,3.0,,,,,,,,,
1992-04-06 06:00:00,,,,,,,,,,0.0,,,,,,,,,,,,,,,,,,,,,,,,,,,,,,,,,,,,,,,,,,,,
1992-04-06 07:00:00,,,,,,,,,,0.0,,,,,,,,,,,,,,,,,,,,,,,,,,,,,,,,,,,,,,,,,,,,
1992-04-06 08:00:00,1008.0,1011.4,20.0,18.8,93.0,1.9,337.5,,,0.0,0.0,0.0,,,,,,,,,10.0,,,,,,,,,,,,,,,,,,,,,,,,15.0,,,,,,,,,
1992-04-06 09:00:00,1008.1,1011.5,19.7,18.0,90.0,2.4,360.0,,,0.0,0.0,0.0,,,,,,,,,10.0,,,,,,,,,,,,,,,,,,,,,,,,3.0,,,,,,,,,
1992-04-06 10:00:00,,,,,,,,,,0.0,,,,,,,,,,,,,,,,,,,,,,,,,,,,,,,,,,,,,,,,,,,,
1992-04-06 11:00:00,1008.6,1012.0,19.5,18.2,92.0,0.5,45.0,,,0.2,0.3,0.0,,,,,,,,,10.0,,,,,,,,,,,,,,,,,,,,,,,,3.0,,,,,,,,,
1992-04-06 12:00:00,,,,,,,,,,-9.8,,,,,,,,,,,,,,,,,,,,,,,,,,,,,,,,,,,,,,,,,,,,
1992-04-06 13:00:00,,,,,,,,,,0.0,,,,,,,,,,,,,,,,,,,,,,,,,,,,,,,,,,,,,,,,,,,,
1992-04-06 14:00:00,1005.5,1008.9,20.1,19.0,93.0,2.5,135.0,,,0.1,0.2,0.0,,20.3,20.2,20.0,19.7,,,,10.0,,,,,,,,,,,,,,,,,,,,,19.4,,,3.0,,,,,,,,,
1992-04-06 15:00:00,,,,,,,,,,0.0,,,,,,,,,,,,,,,,,,,,,,,,,,,,,,,,,,,,,,,,,,,,
1992-04-06 16:00:00,,,,,,,,,,0.0,,,,,,,,,,,,,,,,,,,,,,,,,,,,,,,,,,,,,,,,,,,,
1992-04-06 17:00:00,1006.1,1009.5,21.1,19.1,88.0,0.4,270.0,,,0.0,0.0,0.0,,,,,,,,,10.0,,,,,,,,,,,,,,,,,,,,,,,,4.0,,,,,,,,,
1992-04-06 18:00:00,,,,,,,,,,0.0,,,,,,,,,,,,,,,,,,,,,,,,,,,,,,,,,,,,,,,,,,,,
1992-04-06 19:00:00,,,,,,,,,,0.0,,,,,,,,,,,,,,,,,,,,,,,,,,,,,,,,,,,,,,,,,,,,
1992-04-06 20:00:00,1007.6,1011.0,20.4,19.3,93.0,0.1,0.0,,,0.2,0.5,,,,,,,,,,10.0,,,,,,,,,,,,,,,,,,,,,,,,4.0,,,,,,,,,
1992-04-06 21:00:00,1008.3,1011.7,20.4,19.4,94.0,1.0,67.5,,,0.0,0.0,,,20.3,20.2,20.2,19.8,,,,10.0,,,,,,,,,,,,,,,,,,,,,19.6,,,4.0,,,,,,,,,
1992-04-06 22:00:00,,,,,,,,,,0.0,,,,,,,,,,,,,,,,,,,,,,,,,,,,,,,,,,,,,,,,,,,,
1992-04-06 23:00:00,1009.0,1012.4,20.1,19.2,95.0,0.5,157.5,,,0.0,0.0,,,,,,,,,,10.0,,,,,,,,,,,,,,,,,,,,,,,,5.0,,,,,,,,,
1992-04-07 00:00:00,,,,,,,,,,0.0,,,,,,,,,,,,,,,,,,,,,,,,,,,,,,,,,,,,,,,,,,,,
1992-04-07 01:00:00,,,,,,,,,,0.0,,,,,,,,,,,,,,,,,,,,,,,,,,,,,,,,,,,,,,,,,,,,
1992-04-07 02:00:00,1008.0,1011.4,19.9,18.8,93.0,3.0,45.0,,,0.0,0.0,,,,,,,,,,10.0,,,,,,,,,,,,,,,,,,,,,,,,5.0,,,,,,,,,
1992-04-07 03:00:00,,,,,,,,,,0.0,,,,,,,,,,,,,,,,,,,,,,,,,,,,,,,,,,,,,,,,,,,,
1992-04-07 04:00:00,,,,,,,,,,0.0,,,,,,,,,,,,,,,,,,,,,,,,,,,,,,,,,,,,,,,,,,,,
1992-04-07 05:00:00,1008.6,1012.0,18.2,17.2,94.0,3.0,45.0,,,0.0,0.0,,,19.8,19.8,20.0,19.8,,,,10.0,,,,,,,,,,,,,,,,,,,,,19.6,,,5.0,,,,,,,,,
1992-04-07 06:00:00,,,,,,,,,,0.0,,,,,,,,,,,,,,,,,,,,,,,,,,,,,,,,,,,,,,,,,,,,
1992-04-07 07:00:00,,,,,,,,,,0.0,,,,,,,,,,,,,,,,,,,,,,,,,,,,,,,,,,,,,,,,,,,,
1992-04-07 08:00:00,1010.1,1013.5,19.7,17.1,85.0,3.3,22.5,,,0.0,0.0,0.1,,,,,,,,,10.0,,,,,,,,,,,,,,,,,,,,,,,,6.0,,,,,,,,,
1992-04-07 09:00:00,1010.8,1014.2,20.0,17.3,84.0,3.7,22.5,,,0.0,0.0,0.0,,,,,,,,,10.0,,,,,,,,,,,,,,,,,,,,,,,,8.0,,,,,,,,,
1992-04-07 10:00:00,,,,,,,,,,0.0,,,,,,,,,,,,,,,,,,,,,,,,,,,,,,,,,,,,,,,,,,,,
1992-04-07 11:00:00,1011.8,1015.2,19.1,16.5,85.0,4.5,45.0,,,0.0,0.0,0.0,,,,,,,,,10.0,,,,,,,,,,,,,,,,,,,,,,,,12.0,,,,,,,,,
1992-04-07 12:00:00,,,,,,,,,,0.0,,,,,,,,,,,,,,,,,,,,,,,,,,,,,,,,,,,,,,,,,,,,
1992-04-07 13:00:00,,,,,,,,,,0.0,,,,,,,,,,,,,,,,,,,,,,,,,,,,,,,,,,,,,,,,,,,,
1992-04-07 14:00:00,1009.4,1012.8,20.8,17.3,80.0,4.5,45.0,,,0.0,0.0,0.2,,21.0,20.9,20.5,20.0,,,,10.0,,,,,,,,,,,,,,,,,,,,,19.7,,,12.0,,,,,,,,,
1992-04-07 15:00:00,,,,,,,,,,0.0,,,,,,,,,,,,,,,,,,,,,,,,,,,,,,,,,,,,,,,,,,,,
1992-04-07 16:00:00,,,,,,,,,,0.0,,,,,,,,,,,,,,,,,,,,,,,,,,,,,,,,,,,,,,,,,,,,
1992-04-07 17:00:00,1009.7,1013.1,18.4,15.9,85.0,4.2,22.5,,,0.0,0.0,0.0,,,,,,,,,10.0,,,,,,,,,,,,,,,,,,,,,,,,12.0,,,,,,,,,
1992-04-07 18:00:00,,,,,,,,,,0.0,,,,,,,,,,,,,,,,,,,,,,,,,,,,,,,,,,,,,,,,,,,,
1992-04-07 19:00:00,,,,,,,,,,0.0,,,,,,,,,,,,,,,,,,,,,,,,,,,,,,,,,,,,,,,,,,,,
1992-04-07 20:00:00,1011.3,1014.7,17.9,15.9,88.0,4.1,22.5,,,0.0,0.0,,,,,,,,,,10.0,,,,,,,,,,,,,,,,,,,,,,,,8.0,,,,,,,,,
1992-04-07 21:00:00,1011.9,1015.3,18.0,16.0,88.0,3.5,45.0,,,0.0,0.0,,,20.3,20.0,20.5,20.4,,,,10.0,,,,,,,,,,,,,,,,,,,,,20.0,,,8.0,,,,,,,,,
1992-04-07 22:00:00,,,,,,,,,,0.0,,,,,,,,,,,,,,,,,,,,,,,,,,,,,,,,,,,,,,,,,,,,
1992-04-07 23:00:00,1012.1,1015.5,18.0,16.0,88.0,3.0,45.0,,,0.0,0.0,,,,,,,,,,10.0,,,,,,,,,,,,,,,,,,,,,,,,8.0,,,,,,,,,
1992-04-08 00:00:00,,,,,,,,,,0.0,,,,,,,,,,,,,,,,,,,,,,,,,,,,,,,,,,,,,,,,,,,,
1992-04-08 01:00:00,,,,,,,,,,0.0,,,,,,,,,,,,,,,,,,,,,,,,,,,,,,,,,,,,,,,,,,,,
1992-04-08 02:00:00,1010.8,1014.2,18.0,16.3,90.0,2.1,22.5,,,0.0,0.0,,,,,,,,,,10.0,,,,,,,,,,,,,,,,,,,,,,,,8.0,,,,,,,,,
1992-04-08 03:00:00,,,,,,,,,,0.0,,,,,,,,,,,,,,,,,,,,,,,,,,,,,,,,,,,,,,,,,,,,
1992-04-08 04:00:00,,,,,,,,,,0.0,,,,,,,,,,,,,,,,,,,,,,,,,,,,,,,,,,,,,,,,,,,,
1992-04-08 05:00:00,1011.7,1015.1,18.1,16.4,90.0,0.8,22.5,,,0.0,0.0,,,19.8,19.5,20.0,19.9,,,,10.0,,,,,,,,,,,,,,,,,,,,,19.9,,,6.0,,,,,,,,,
1992-04-08 06:00:00,,,,,,,,,,0.0,,,,,,,,,,,,,,,,,,,,,,,,,,,,,,,,,,,,,,,,,,,,
1992-04-08 07:00:00,,,,,,,,,,0.0,,,,,,,,,,,,,,,,,,,,,,,,,,,,,,,,,,,,,,,,,,,,
1992-04-08 08:00:00,1011.8,1015.2,19.3,17.1,87.0,2.8,90.0,,,0.0,0.0,0.0,,,,,,,,,10.0,,,,,,,,,,,,,,,,,,,,,,,,4.0,,,,,,,,,
1992-04-08 09:00:00,1012.4,1015.8,20.8,17.9,83.0,1.2,315.0,,,0.0,0.0,0.2,,,,,,,,,10.0,,,,,,,,,,,,,,,,,,,,,,,,5.0,,,,,,,,,
1992-04-08 10:00:00,,,,,,,,,,0.0,,,,,,,,,,,,,,,,,,,,,,,,,,,,,,,,,,,,,,,,,,,,
1992-04-08 11:00:00,1011.8,1015.2,21.3,18.1,82.0,3.3,360.0,,,0.0,0.0,0.2,,,,,,,,,10.0,,,,,,,,,,,,,,,,,,,,,,,,4.0,,,,,,,,,
1992-04-08 12:00:00,,,,,,,,,,0.0,,,,,,,,,,,,,,,,,,,,,,,,,,,,,,,,,,,,,,,,,,,,
1992-04-08 13:00:00,,,,,,,,,,0.0,,,,,,,,,,,,,,,,,,,,,,,,,,,,,,,,,,,,,,,,,,,,
1992-04-08 14:00:00,1009.8,1013.2,22.1,19.1,83.0,3.3,360.0,,,0.0,0.0,0.2,,22.1,21.1,20.9,20.4,,,,10.0,,,,,,,,,,,,,,,,,,,,,20.0,,,5.0,,,,,,,,,
1992-04-08 15:00:00,,,,,,,,,,0.0,,,,,,,,,,,,,,,,,,,,,,,,,,,,,,,,,,,,,,,,,,,,
1992-04-08 16:00:00,,,,,,,,,,0.0,,,,,,,,,,,,,,,,,,,,,,,,,,,,,,,,,,,,,,,,,,,,
1992-04-08 17:00:00,1009.2,1012.6,20.2,18.2,88.0,3.2,45.0,,,0.0,0.0,0.0,,,,,,,,,9.0,,,,,,,,,,,,,,,,,,,,,,,,4.0,,,,,,,,,
1992-04-08 18:00:00,,,,,,,,,,0.0,,,,,,,,,,,,,,,,,,,,,,,,,,,,,,,,,,,,,,,,,,,,
1992-04-08 19:00:00,,,,,,,,,,0.0,,,,,,,,,,,,,,,,,,,,,,,,,,,,,,,,,,,,,,,,,,,,
1992-04-08 20:00:00,1010.0,1013.4,19.6,18.2,92.0,1.7,360.0,,,0.0,0.0,,,,,,,,,,10.0,,,,,,,,,,,,,,,,,,,,,,,,4.0,,,,,,,,,
1992-04-08 21:00:00,1010.7,1014.1,19.3,18.0,92.0,2.5,22.5,,,0.0,0.0,,,20.9,20.5,21.0,20.7,,,,7.0,,,,,,,,,,,,,,,,,,,,,20.3,,,4.0,,,,,,,,,
1992-04-08 22:00:00,,,,,,,,,,0.0,,,,,,,,,,,,,,,,,,,,,,,,,,,,,,,,,,,,,,,,,,,,
1992-04-08 23:00:00,1010.1,1013.5,18.8,18.1,96.0,0.8,45.0,,,0.0,0.0,,,,,,,,,,4.0,,,,,,,,,,,,,,,,,,,,,,,,4.0,,,,,,,,,
1992-04-09 00:00:00,,,,,,,,,,0.0,,,,,,,,,,,,,,,,,,,,,,,,,,,,,,,,,,,,,,,,,,,,
1992-04-09 01:00:00,,,,,,,,,,0.0,,,,,,,,,,,,,,,,,,,,,,,,,,,,,,,,,,,,,,,,,,,,
1992-04-09 02:00:00,1008.6,1012.0,18.6,18.2,98.0,0.1,0.0,,,0.0,0.0,,,,,,,,,,10.0,,,,,,,,,,,,,,,,,,,,,,,,3.0,,,,,,,,,
1992-04-09 03:00:00,,,,,,,,,,0.0,,,,,,,,,,,,,,,,,,,,,,,,,,,,,,,,,,,,,,,,,,,,
1992-04-09 04:00:00,,,,,,,,,,0.0,,,,,,,,,,,,,,,,,,,,,,,,,,,,,,,,,,,,,,,,,,,,
1992-04-09 05:00:00,1008.3,1011.7,18.5,18.5,100.0,0.3,999.9,,,0.0,0.0,,,20.6,20.2,20.5,20.4,,,,10.0,,,,,,,,,,,,,,,,,,,,,20.3,,,0.8,,,,,,,,,
1992-04-09 06:00:00,,,,,,,,,,0.0,,,,,,,,,,,,,,,,,,,,,,,,,,,,,,,,,,,,,,,,,,,,
1992-04-09 07:00:00,,,,,,,,,,0.0,,,,,,,,,,,,,,,,,,,,,,,,,,,,,,,,,,,,,,,,,,,,
1992-04-09 08:00:00,1009.4,1012.8,19.2,19.1,99.0,0.0,0.0,,,0.0,0.0,0.0,,,,,,,,,10.0,,,,,,,,,,,,,,,,,,,,,,,,0.8,,,,,,,,,
1992-04-09 09:00:00,1011.8,1015.2,19.7,19.7,99.0,4.3,270.0,,,-9.8,0.1,0.0,,,,,,,,,10.0,,,,,,,,,,,,,,,,,,,,,,,,0.8,,,,,,,,,
1992-04-09 10:00:00,,,,,,,,,,9.0,,,,,,,,,,,,,,,,,,,,,,,,,,,,,,,,,,,,,,,,,,,,
1992-04-09 11:00:00,1008.9,1012.3,21.9,19.8,88.0,2.3,135.0,,,2.0,0.3,0.0,,,,,,,,,10.0,,,,,,,,,,,,,,,,,,,,,,,,12.0,,,,,,,,,
1992-04-09 12:00:00,,,,,,,,,,0.0,,,,,,,,,,,,,,,,,,,,,,,,,,,,,,,,,,,,,,,,,,,,
1992-04-09 13:00:00,,,,,,,,,,0.0,,,,,,,,,,,,,,,,,,,,,,,,,,,,,,,,,,,,,,,,,,,,
1992-04-09 14:00:00,1005.3,1008.6,26.6,20.9,71.0,3.3,247.5,,,0.0,0.0,0.7,,22.1,21.4,21.0,20.5,,,,6.0,,,,,,,,,,,,,,,,,,,,,20.5,,,12.0,,,,,,,,,
1992-04-09 15:00:00,,,,,,,,,,0.0,,,,,,,,,,,,,,,,,,,,,,,,,,,,,,,,,,,,,,,,,,,,
1992-04-09 16:00:00,,,,,,,,,,0.0,,,,,,,,,,,,,,,,,,,,,,,,,,,,,,,,,,,,,,,,,,,,
1992-04-09 17:00:00,1005.0,1008.4,22.8,20.7,88.0,3.3,247.5,,,0.0,0.0,0.0,,,,,,,,,10.0,,,,,,,,,,,,,,,,,,,,,,,,8.0,,,,,,,,,
1992-04-09 18:00:00,,,,,,,,,,0.0,,,,,,,,,,,,,,,,,,,,,,,,,,,,,,,,,,,,,,,,,,,,
1992-04-09 19:00:00,,,,,,,,,,0.0,,,,,,,,,,,,,,,,,,,,,,,,,,,,,,,,,,,,,,,,,,,,
1992-04-09 20:00:00,1005.3,1008.7,23.6,19.8,79.0,2.5,270.0,,,0.0,0.0,,,,,,,,,,7.0,,,,,,,,,,,,,,,,,,,,,,,,8.0,,,,,,,,,
1992-04-09 21:00:00,1005.6,1009.0,22.1,19.6,86.0,0.4,135.0,,,0.0,0.0,,,21.6,21.5,21.5,21.1,,,,9.0,,,,,,,,,,,,,,,,,,,,,20.7,,,8.0,,,,,,,,,
1992-04-09 22:00:00,,,,,,,,,,0.0,,,,,,,,,,,,,,,,,,,,,,,,,,,,,,,,,,,,,,,,,,,,
1992-04-09 23:00:00,1006.1,1009.5,21.9,19.6,87.0,1.6,180.0,,,0.0,0.0,,,,,,,,,,9.0,,,,,,,,,,,,,,,,,,,,,,,,8.0,,,,,,,,,
1992-04-10 00:00:00,,,,,,,,,,0.0,,,,,,,,,,,,,,,,,,,,,,,,,,,,,,,,,,,,,,,,,,,,
1992-04-10 01:00:00,,,,,,,,,,0.0,,,,,,,,,,,,,,,,,,,,,,,,,,,,,,,,,,,,,,,,,,,,
1992-04-10 02:00:00,1004.7,1008.1,20.2,18.7,91.0,1.2,90.0,,,0.0,0.0,,,,,,,,,,10.0,,,,,,,,,,,,,,,,,,,,,,,,6.0,,,,,,,,,
1992-04-10 03:00:00,,,,,,,,,,0.0,,,,,,,,,,,,,,,,,,,,,,,,,,,,,,,,,,,,,,,,,,,,
1992-04-10 04:00:00,,,,,,,,,,0.0,,,,,,,,,,,,,,,,,,,,,,,,,,,,,,,,,,,,,,,,,,,,
1992-04-10 05:00:00,1005.4,1008.8,21.4,18.7,85.0,5.3,202.5,,,1.0,1.0,,,21.1,21.0,21.0,20.8,,,,10.0,,,,,,,,,,,,,,,,,,,,,20.8,,,6.0,,,,,,,,,
1992-04-10 06:00:00,,,,,,,,,,-9.8,,,,,,,,,,,,,,,,,,,,,,,,,,,,,,,,,,,,,,,,,,,,
1992-04-10 07:00:00,,,,,,,,,,0.0,,,,,,,,,,,,,,,,,,,,,,,,,,,,,,,,,,,,,,,,,,,,
1992-04-10 08:00:00,1006.5,1009.9,22.7,19.8,84.0,0.7,112.5,,,0.0,0.0,0.1,,,,,,,,,9.0,,,,,,,,,,,,,,,,,,,,,,,,15.0,,,,,,,,,
1992-04-10 09:00:00,1007.5,1010.9,23.1,19.8,82.0,1.4,180.0,,,0.0,0.0,0.0,,,,,,,,,9.0,,,,,,,,,,,,,,,,,,,,,,,,15.0,,,,,,,,,
1992-04-10 10:00:00,,,,,,,,,,0.0,,,,,,,,,,,,,,,,,,,,,,,,,,,,,,,,,,,,,,,,,,,,
1992-04-10 11:00:00,1007.5,1010.8,25.6,20.9,75.0,3.2,270.0,,,0.0,0.0,0.1,,,,,,,,,9.0,,,,,,,,,,,,,,,,,,,,,,,,12.0,,,,,,,,,
1992-04-10 12:00:00,,,,,,,,,,0.0,,,,,,,,,,,,,,,,,,,,,,,,,,,,,,,,,,,,,,,,,,,,
1992-04-10 13:00:00,,,,,,,,,,0.0,,,,,,,,,,,,,,,,,,,,,,,,,,,,,,,,,,,,,,,,,,,,
1992-04-10 14:00:00,1004.6,1007.9,24.5,21.5,83.0,6.3,315.0,,,0.0,0.0,0.6,,24.4,23.2,22.3,21.5,,,,9.0,,,,,,,,,,,,,,,,,,,,,20.8,,,10.0,,,,,,,,,
1992-04-10 15:00:00,,,,,,,,,,0.0,,,,,,,,,,,,,,,,,,,,,,,,,,,,,,,,,,,,,,,,,,,,
1992-04-10 16:00:00,,,,,,,,,,0.0,,,,,,,,,,,,,,,,,,,,,,,,,,,,,,,,,,,,,,,,,,,,
1992-04-10 17:00:00,1006.4,1009.8,21.7,19.1,85.0,2.6,22.5,,,-9.8,0.1,0.0,,,,,,,,,10.0,,,,,,,,,,,,,,,,,,,,,,,,10.0,,,,,,,,,
1992-04-10 18:00:00,,,,,,,,,,0.3,,,,,,,,,,,,,,,,,,,,,,,,,,,,,,,,,,,,,,,,,,,,
1992-04-10 19:00:00,,,,,,,,,,1.4,,,,,,,,,,,,,,,,,,,,,,,,,,,,,,,,,,,,,,,,,,,,
1992-04-10 20:00:00,1007.4,1010.8,20.9,19.5,92.0,1.0,112.5,,,0.1,0.2,,,,,,,,,,10.0,,,,,,,,,,,,,,,,,,,,,,,,6.0,,,,,,,,,
1992-04-10 21:00:00,1008.2,1011.6,21.2,19.5,90.0,1.1,90.0,,,0.0,0.0,,,22.4,22.1,22.3,22.0,,,,10.0,,,,,,,,,,,,,,,,,,,,,21.4,,,5.0,,,,,,,,,
1992-04-10 22:00:00,,,,,,,,,,0.0,,,,,,,,,,,,,,,,,,,,,,,,,,,,,,,,,,,,,,,,,,,,
1992-04-10 23:00:00,1007.7,1011.1,20.4,18.6,89.0,1.1,90.0,,,0.1,0.1,,,,,,,,,,10.0,,,,,,,,,,,,,,,,,,,,,,,,5.0,,,,,,,,,
1992-04-11 00:00:00,,,,,,,,,,7.6,,,,,,,,,,,,,,,,,,,,,,,,,,,,,,,,,,,,,,,,,,,,
1992-04-11 01:00:00,,,,,,,,,,1.6,,,,,,,,,,,,,,,,,,,,,,,,,,,,,,,,,,,,,,,,,,,,
1992-04-11 02:00:00,1006.3,1009.7,19.5,18.5,94.0,2.4,112.5,,,0.0,0.0,,,,,,,,,,10.0,,,,,,,,,,,,,,,,,,,,,,,,5.0,,,,,,,,,
1992-04-11 03:00:00,,,,,,,,,,0.0,,,,,,,,,,,,,,,,,,,,,,,,,,,,,,,,,,,,,,,,,,,,
1992-04-11 04:00:00,,,,,,,,,,0.3,,,,,,,,,,,,,,,,,,,,,,,,,,,,,,,,,,,,,,,,,,,,
1992-04-11 05:00:00,1005.5,1008.9,18.9,17.9,94.0,2.8,22.5,,,3.7,1.0,,,21.2,21.2,21.6,21.4,,,,10.0,,,,,,,,,,,,,,,,,,,,,21.3,,,5.0,,,,,,,,,
1992-04-11 06:00:00,,,,,,,,,,3.9,,,,,,,,,,,,,,,,,,,,,,,,,,,,,,,,,,,,,,,,,,,,
1992-04-11 07:00:00,,,,,,,,,,4.0,,,,,,,,,,,,,,,,,,,,,,,,,,,,,,,,,,,,,,,,,,,,
1992-04-11 08:00:00,1006.9,1010.3,19.4,18.1,92.0,3.5,22.5,,,-9.8,0.2,0.0,,,,,,,,,10.0,,,,,,,,,,,,,,,,,,,,,,,,5.0,,,,,,,,,
1992-04-11 09:00:00,1007.9,1011.3,18.2,16.7,91.0,6.8,45.0,,,0.1,1.0,0.0,,,,,,,,,10.0,,,,,,,,,,,,,,,,,,,,,,,,5.0,,,,,,,,,
1992-04-11 10:00:00,,,,,,,,,,3.2,,,,,,,,,,,,,,,,,,,,,,,,,,,,,,,,,,,,,,,,,,,,
1992-04-11 11:00:00,1008.2,1011.6,16.6,15.4,93.0,5.8,45.0,,,7.0,1.0,0.0,,,,,,,,,10.0,,,,,,,,,,,,,,,,,,,,,,,,5.0,,,,,,,,,
1992-04-11 12:00:00,,,,,,,,,,6.8,,,,,,,,,,,,,,,,,,,,,,,,,,,,,,,,,,,,,,,,,,,,
1992-04-11 13:00:00,,,,,,,,,,3.4,,,,,,,,,,,,,,,,,,,,,,,,,,,,,,,,,,,,,,,,,,,,
1992-04-11 14:00:00,1006.8,1010.2,16.4,14.9,91.0,5.5,67.5,,,0.8,1.0,0.0,,19.7,19.7,20.4,20.7,,,,10.0,,,,,,,,,,,,,,,,,,,,,20.9,,,6.0,,,,,,,,,
1992-04-11 15:00:00,,,,,,,,,,2.6,,,,,,,,,,,,,,,,,,,,,,,,,,,,,,,,,,,,,,,,,,,,
1992-04-11 16:00:00,,,,,,,,,,5.2,,,,,,,,,,,,,,,,,,,,,,,,,,,,,,,,,,,,,,,,,,,,
1992-04-11 17:00:00,1008.8,1012.3,15.6,14.0,90.0,6.3,45.0,,,1.2,1.0,0.0,,,,,,,,,10.0,,,,,,,,,,,,,,,,,,,,,,,,6.0,,,,,,,,,
1992-04-11 18:00:00,,,,,,,,,,2.0,,,,,,,,,,,,,,,,,,,,,,,,,,,,,,,,,,,,,,,,,,,,
1992-04-11 19:00:00,,,,,,,,,,0.4,,,,,,,,,,,,,,,,,,,,,,,,,,,,,,,,,,,,,,,,,,,,
1992-04-11 20:00:00,1009.8,1013.3,15.9,14.0,88.0,4.3,90.0,,,0.0,0.0,,,,,,,,,,10.0,,,,,,,,,,,,,,,,,,,,,,,,8.0,,,,,,,,,
1992-04-11 21:00:00,1010.4,1013.9,16.3,13.2,82.0,2.8,45.0,,,0.0,0.0,,,18.9,18.9,19.7,20.0,,,,10.0,,,,,,,,,,,,,,,,,,,,,20.1,,,10.0,,,,,,,,,
1992-04-11 22:00:00,,,,,,,,,,0.0,,,,,,,,,,,,,,,,,,,,,,,,,,,,,,,,,,,,,,,,,,,,
1992-04-11 23:00:00,1011.2,1014.7,16.1,13.4,84.0,3.7,67.5,,,0.0,0.0,,,,,,,,,,10.0,,,,,,,,,,,,,,,,,,,,,,,,10.0,,,,,,,,,
1992-04-12 00:00:00,,,,,,,,,,0.0,,,,,,,,,,,,,,,,,,,,,,,,,,,,,,,,,,,,,,,,,,,,
1992-04-12 01:00:00,,,,,,,,,,0.0,,,,,,,,,,,,,,,,,,,,,,,,,,,,,,,,,,,,,,,,,,,,
1992-04-12 02:00:00,1009.5,1012.9,17.0,12.3,74.0,5.0,45.0,,,0.0,0.0,,,,,,,,,,10.0,,,,,,,,,,,,,,,,,,,,,,,,10.0,,,,,,,,,
1992-04-12 03:00:00,,,,,,,,,,0.0,,,,,,,,,,,,,,,,,,,,,,,,,,,,,,,,,,,,,,,,,,,,
1992-04-12 04:00:00,,,,,,,,,,0.0,,,,,,,,,,,,,,,,,,,,,,,,,,,,,,,,,,,,,,,,,,,,
1992-04-12 05:00:00,1008.3,1011.7,17.0,12.0,72.0,6.4,67.5,,,0.0,0.0,,,18.6,18.6,19.0,19.4,,,,10.0,,,,,,,,,,,,,,,,,,,,,19.9,,,10.0,,,,,,,,,
1992-04-12 06:00:00,,,,,,,,,,0.0,,,,,,,,,,,,,,,,,,,,,,,,,,,,,,,,,,,,,,,,,,,,
1992-04-12 07:00:00,,,,,,,,,,0.0,,,,,,,,,,,,,,,,,,,,,,,,,,,,,,,,,,,,,,,,,,,,
1992-04-12 08:00:00,1009.6,1013.0,18.0,12.7,71.0,7.0,67.5,,,0.0,0.0,0.0,,,,,,,,,10.0,,,,,,,,,,,,,,,,,,,,,,,,12.0,,,,,,,,,
1992-04-12 09:00:00,1009.5,1012.9,18.2,13.1,72.0,6.9,67.5,,,0.0,0.0,0.0,,,,,,,,,10.0,,,,,,,,,,,,,,,,,,,,,,,,12.0,,,,,,,,,
1992-04-12 10:00:00,,,,,,,,,,0.3,,,,,,,,,,,,,,,,,,,,,,,,,,,,,,,,,,,,,,,,,,,,
1992-04-12 11:00:00,1009.0,1012.4,17.9,13.9,77.0,7.6,45.0,,,0.0,0.0,0.0,,,,,,,,,10.0,,,,,,,,,,,,,,,,,,,,,,,,8.0,,,,,,,,,
1992-04-12 12:00:00,,,,,,,,,,0.0,,,,,,,,,,,,,,,,,,,,,,,,,,,,,,,,,,,,,,,,,,,,
1992-04-12 13:00:00,,,,,,,,,,0.0,,,,,,,,,,,,,,,,,,,,,,,,,,,,,,,,,,,,,,,,,,,,
1992-04-12 14:00:00,1008.0,1011.4,16.8,13.1,79.0,6.8,67.5,,,0.0,0.0,0.0,,18.5,18.5,18.9,19.0,,,,10.0,,,,,,,,,,,,,,,,,,,,,19.5,,,6.0,,,,,,,,,
1992-04-12 15:00:00,,,,,,,,,,0.2,,,,,,,,,,,,,,,,,,,,,,,,,,,,,,,,,,,,,,,,,,,,
1992-04-12 16:00:00,,,,,,,,,,0.7,,,,,,,,,,,,,,,,,,,,,,,,,,,,,,,,,,,,,,,,,,,,
1992-04-12 17:00:00,1008.2,1011.7,16.1,11.5,74.0,6.6,67.5,,,0.1,0.1,0.0,,,,,,,,,10.0,,,,,,,,,,,,,,,,,,,,,,,,8.0,,,,,,,,,
1992-04-12 18:00:00,,,,,,,,,,0.0,,,,,,,,,,,,,,,,,,,,,,,,,,,,,,,,,,,,,,,,,,,,
1992-04-12 19:00:00,,,,,,,,,,0.0,,,,,,,,,,,,,,,,,,,,,,,,,,,,,,,,,,,,,,,,,,,,
1992-04-12 20:00:00,1009.7,1013.2,15.4,11.5,78.0,6.3,90.0,,,0.0,0.0,,,,,,,,,,10.0,,,,,,,,,,,,,,,,,,,,,,,,8.0,,,,,,,,,
1992-04-12 21:00:00,1011.8,1015.3,14.9,11.0,77.0,4.0,90.0,,,0.7,0.3,,,17.6,18.2,18.3,18.6,,,,10.0,,,,,,,,,,,,,,,,,,,,,19.1,,,8.0,,,,,,,,,
1992-04-12 22:00:00,,,,,,,,,,-9.8,,,,,,,,,,,,,,,,,,,,,,,,,,,,,,,,,,,,,,,,,,,,
1992-04-12 23:00:00,1011.2,1014.7,14.5,11.3,81.0,4.0,67.5,,,1.0,1.0,,,,,,,,,,10.0,,,,,,,,,,,,,,,,,,,,,,,,8.0,,,,,,,,,
1992-04-13 00:00:00,,,,,,,,,,0.2,,,,,,,,,,,,,,,,,,,,,,,,,,,,,,,,,,,,,,,,,,,,
1992-04-13 01:00:00,,,,,,,,,,0.0,,,,,,,,,,,,,,,,,,,,,,,,,,,,,,,,,,,,,,,,,,,,
1992-04-13 02:00:00,1009.6,1013.1,15.9,10.3,69.0,5.4,67.5,,,0.0,0.0,,,,,,,,,,10.0,,,,,,,,,,,,,,,,,,,,,,,,8.0,,,,,,,,,
1992-04-13 03:00:00,,,,,,,,,,0.0,,,,,,,,,,,,,,,,,,,,,,,,,,,,,,,,,,,,,,,,,,,,
1992-04-13 04:00:00,,,,,,,,,,0.0,,,,,,,,,,,,,,,,,,,,,,,,,,,,,,,,,,,,,,,,,,,,
1992-04-13 05:00:00,1011.3,1014.8,16.6,10.6,68.0,5.9,45.0,,,0.0,0.0,,,17.3,17.3,18.0,18.1,,,,10.0,,,,,,,,,,,,,,,,,,,,,18.8,,,12.0,,,,,,,,,
1992-04-13 06:00:00,,,,,,,,,,0.0,,,,,,,,,,,,,,,,,,,,,,,,,,,,,,,,,,,,,,,,,,,,
1992-04-13 07:00:00,,,,,,,,,,0.0,,,,,,,,,,,,,,,,,,,,,,,,,,,,,,,,,,,,,,,,,,,,
1992-04-13 08:00:00,1011.3,1014.7,18.8,11.3,62.0,7.4,67.5,,,0.0,0.0,0.5,,,,,,,,,4.0,,,,,,,,,,,,,,,,,,,,,,,,15.0,,,,,,,,,
1992-04-13 09:00:00,1011.2,1014.6,20.1,9.6,51.0,9.5,67.5,,,0.0,0.0,1.0,,,,,,,,,5.0,,,,,,,,,,,,,,,,,,,,,,,,15.0,,,,,,,,,
1992-04-13 10:00:00,,,,,,,,,,0.0,,,,,,,,,,,,,,,,,,,,,,,,,,,,,,,,,,,,,,,,,,,,
1992-04-13 11:00:00,1010.4,1013.8,22.4,8.3,40.0,9.1,45.0,,,0.0,0.0,1.0,,,,,,,,,1.0,,,,,,,,,,,,,,,,,,,,,,,,15.0,,,,,,,,,
1992-04-13 12:00:00,,,,,,,,,,0.0,,,,,,,,,,,,,,,,,,,,,,,,,,,,,,,,,,,,,,,,,,,,
1992-04-13 13:00:00,,,,,,,,,,0.0,,,,,,,,,,,,,,,,,,,,,,,,,,,,,,,,,,,,,,,,,,,,
1992-04-13 14:00:00,1009.5,1012.9,23.2,9.4,41.0,8.1,67.5,,,0.0,0.0,1.0,,20.6,20.1,19.2,19.0,,,,6.0,,,,,,,,,,,,,,,,,,,,,18.8,,,18.0,,,,,,,,,
1992-04-13 15:00:00,,,,,,,,,,0.0,,,,,,,,,,,,,,,,,,,,,,,,,,,,,,,,,,,,,,,,,,,,
1992-04-13 16:00:00,,,,,,,,,,0.0,,,,,,,,,,,,,,,,,,,,,,,,,,,,,,,,,,,,,,,,,,,,
1992-04-13 17:00:00,1009.2,1012.6,20.7,10.5,52.0,6.9,67.5,,,0.0,0.0,0.1,,,,,,,,,9.0,,,,,,,,,,,,,,,,,,,,,,,,12.0,,,,,,,,,
1992-04-13 18:00:00,,,,,,,,,,0.0,,,,,,,,,,,,,,,,,,,,,,,,,,,,,,,,,,,,,,,,,,,,
1992-04-13 19:00:00,,,,,,,,,,0.0,,,,,,,,,,,,,,,,,,,,,,,,,,,,,,,,,,,,,,,,,,,,
1992-04-13 20:00:00,1012.0,1015.4,19.0,10.2,57.0,6.1,45.0,,,0.0,0.0,,,,,,,,,,9.0,,,,,,,,,,,,,,,,,,,,,,,,8.0,,,,,,,,,
1992-04-13 21:00:00,1011.7,1015.1,18.8,9.0,53.0,7.1,67.5,,,0.0,0.0,,,18.7,18.5,19.3,19.3,,,,9.0,,,,,,,,,,,,,,,,,,,,,19.3,,,8.0,,,,,,,,,
1992-04-13 22:00:00,,,,,,,,,,0.0,,,,,,,,,,,,,,,,,,,,,,,,,,,,,,,,,,,,,,,,,,,,
1992-04-13 23:00:00,1011.6,1015.0,18.0,9.5,58.0,4.4,67.5,,,0.0,0.0,,,,,,,,,,10.0,,,,,,,,,,,,,,,,,,,,,,,,8.0,,,,,,,,,
1992-04-14 00:00:00,,,,,,,,,,0.0,,,,,,,,,,,,,,,,,,,,,,,,,,,,,,,,,,,,,,,,,,,,
1992-04-14 01:00:00,,,,,,,,,,0.0,,,,,,,,,,,,,,,,,,,,,,,,,,,,,,,,,,,,,,,,,,,,
1992-04-14 02:00:00,1011.1,1014.5,17.2,9.4,60.0,3.1,67.5,,,0.0,0.0,,,,,,,,,,10.0,,,,,,,,,,,,,,,,,,,,,,,,8.0,,,,,,,,,
1992-04-14 03:00:00,,,,,,,,,,0.0,,,,,,,,,,,,,,,,,,,,,,,,,,,,,,,,,,,,,,,,,,,,
1992-04-14 04:00:00,,,,,,,,,,0.0,,,,,,,,,,,,,,,,,,,,,,,,,,,,,,,,,,,,,,,,,,,,
1992-04-14 05:00:00,1011.8,1015.3,15.7,8.7,63.0,3.0,67.5,,,0.0,0.0,,,17.6,17.5,18.5,18.7,,,,4.0,,,,,,,,,,,,,,,,,,,,,19.2,,,10.0,,,,,,,,,
1992-04-14 06:00:00,,,,,,,,,,0.0,,,,,,,,,,,,,,,,,,,,,,,,,,,,,,,,,,,,,,,,,,,,
1992-04-14 07:00:00,,,,,,,,,,0.0,,,,,,,,,,,,,,,,,,,,,,,,,,,,,,,,,,,,,,,,,,,,
1992-04-14 08:00:00,1012.8,1016.2,19.6,9.2,51.0,4.2,45.0,,,0.0,0.0,1.0,,,,,,,,,0.0,,,,,,,,,,,,,,,,,,,,,,,,12.0,,,,,,,,,
1992-04-14 09:00:00,1013.2,1016.6,21.0,8.9,46.0,6.8,45.0,,,0.0,0.0,1.0,,,,,,,,,0.0,,,,,,,,,,,,,,,,,,,,,,,,15.0,,,,,,,,,
1992-04-14 10:00:00,,,,,,,,,,0.0,,,,,,,,,,,,,,,,,,,,,,,,,,,,,,,,,,,,,,,,,,,,
1992-04-14 11:00:00,1012.8,1016.2,22.9,7.1,36.0,7.7,22.5,,,0.0,0.0,1.0,,,,,,,,,1.0,,,,,,,,,,,,,,,,,,,,,,,,15.0,,,,,,,,,
1992-04-14 12:00:00,,,,,,,,,,0.0,,,,,,,,,,,,,,,,,,,,,,,,,,,,,,,,,,,,,,,,,,,,
1992-04-14 13:00:00,,,,,,,,,,0.0,,,,,,,,,,,,,,,,,,,,,,,,,,,,,,,,,,,,,,,,,,,,
1992-04-14 14:00:00,1010.6,1014.0,21.3,11.4,53.0,6.9,22.5,,,0.0,0.0,1.0,,21.2,20.6,19.8,19.3,,,,2.0,,,,,,,,,,,,,,,,,,,,,19.1,,,15.0,,,,,,,,,
1992-04-14 15:00:00,,,,,,,,,,0.0,,,,,,,,,,,,,,,,,,,,,,,,,,,,,,,,,,,,,,,,,,,,
1992-04-14 16:00:00,,,,,,,,,,0.0,,,,,,,,,,,,,,,,,,,,,,,,,,,,,,,,,,,,,,,,,,,,
1992-04-14 17:00:00,1010.2,1013.6,19.5,11.0,58.0,5.6,22.5,,,0.0,0.0,0.8,,,,,,,,,7.0,,,,,,,,,,,,,,,,,,,,,,,,15.0,,,,,,,,,
1992-04-14 18:00:00,,,,,,,,,,0.0,,,,,,,,,,,,,,,,,,,,,,,,,,,,,,,,,,,,,,,,,,,,
1992-04-14 19:00:00,,,,,,,,,,0.0,,,,,,,,,,,,,,,,,,,,,,,,,,,,,,,,,,,,,,,,,,,,
1992-04-14 20:00:00,1011.3,1014.8,17.0,10.6,66.0,1.7,45.0,,,0.0,0.0,,,,,,,,,,3.0,,,,,,,,,,,,,,,,,,,,,,,,15.0,,,,,,,,,
1992-04-14 21:00:00,1011.8,1015.3,16.5,11.1,70.0,2.1,45.0,,,0.0,0.0,,,19.0,18.9,19.7,19.7,,,,5.0,,,,,,,,,,,,,,,,,,,,,19.5,,,15.0,,,,,,,,,
1992-04-14 22:00:00,,,,,,,,,,0.0,,,,,,,,,,,,,,,,,,,,,,,,,,,,,,,,,,,,,,,,,,,,
1992-04-14 23:00:00,1012.0,1015.5,15.6,11.4,76.0,1.2,67.5,,,0.0,0.0,,,,,,,,,,7.0,,,,,,,,,,,,,,,,,,,,,,,,15.0,,,,,,,,,
1992-04-15 00:00:00,,,,,,,,,,0.0,,,,,,,,,,,,,,,,,,,,,,,,,,,,,,,,,,,,,,,,,,,,
1992-04-15 01:00:00,,,,,,,,,,0.0,,,,,,,,,,,,,,,,,,,,,,,,,,,,,,,,,,,,,,,,,,,,
1992-04-15 02:00:00,1011.1,1014.6,14.3,12.1,87.0,1.7,45.0,,,0.0,0.0,,,,,,,,,,6.0,,,,,,,,,,,,,,,,,,,,,,,,12.0,,,,,,,,,
1992-04-15 03:00:00,,,,,,,,,,0.0,,,,,,,,,,,,,,,,,,,,,,,,,,,,,,,,,,,,,,,,,,,,
1992-04-15 04:00:00,,,,,,,,,,0.0,,,,,,,,,,,,,,,,,,,,,,,,,,,,,,,,,,,,,,,,,,,,
1992-04-15 05:00:00,1010.4,1013.9,14.0,11.9,87.0,1.1,90.0,,,0.0,0.0,,,18.2,18.0,18.8,19.0,,,,7.0,,,,,,,,,,,,,,,,,,,,,19.4,,,12.0,,,,,,,,,
1992-04-15 06:00:00,,,,,,,,,,0.0,,,,,,,,,,,,,,,,,,,,,,,,,,,,,,,,,,,,,,,,,,,,
1992-04-15 07:00:00,,,,,,,,,,0.0,,,,,,,,,,,,,,,,,,,,,,,,,,,,,,,,,,,,,,,,,,,,
1992-04-15 08:00:00,1012.7,1016.1,18.4,14.4,78.0,0.1,0.0,,,0.0,0.0,1.0,,,,,,,,,3.0,,,,,,,,,,,,,,,,,,,,,,,,12.0,,,,,,,,,
1992-04-15 09:00:00,1012.6,1016.0,22.1,14.5,62.0,2.0,90.0,,,0.0,0.0,1.0,,,,,,,,,3.0,,,,,,,,,,,,,,,,,,,,,,,,14.0,,,,,,,,,
1992-04-15 10:00:00,,,,,,,,,,0.0,,,,,,,,,,,,,,,,,,,,,,,,,,,,,,,,,,,,,,,,,,,,
1992-04-15 11:00:00,1011.9,1015.3,24.1,17.3,66.0,4.0,22.5,,,0.0,0.0,0.9,,,,,,,,,6.0,,,,,,,,,,,,,,,,,,,,,,,,12.0,,,,,,,,,
1992-04-15 12:00:00,,,,,,,,,,0.0,,,,,,,,,,,,,,,,,,,,,,,,,,,,,,,,,,,,,,,,,,,,
1992-04-15 13:00:00,,,,,,,,,,0.0,,,,,,,,,,,,,,,,,,,,,,,,,,,,,,,,,,,,,,,,,,,,
1992-04-15 14:00:00,1010.6,1014.0,22.7,16.4,68.0,5.7,22.5,,,0.0,0.0,0.5,,22.1,21.3,20.6,19.8,,,,10.0,,,,,,,,,,,,,,,,,,,,,19.6,,,12.0,,,,,,,,,
1992-04-15 15:00:00,,,,,,,,,,0.0,,,,,,,,,,,,,,,,,,,,,,,,,,,,,,,,,,,,,,,,,,,,
1992-04-15 16:00:00,,,,,,,,,,0.0,,,,,,,,,,,,,,,,,,,,,,,,,,,,,,,,,,,,,,,,,,,,
1992-04-15 17:00:00,1010.6,1014.0,21.8,16.7,73.0,3.2,22.5,,,0.0,0.0,0.0,,,,,,,,,9.0,,,,,,,,,,,,,,,,,,,,,,,,12.0,,,,,,,,,
1992-04-15 18:00:00,,,,,,,,,,0.0,,,,,,,,,,,,,,,,,,,,,,,,,,,,,,,,,,,,,,,,,,,,
1992-04-15 19:00:00,,,,,,,,,,0.0,,,,,,,,,,,,,,,,,,,,,,,,,,,,,,,,,,,,,,,,,,,,
1992-04-15 20:00:00,1012.4,1015.8,19.2,15.0,77.0,3.8,45.0,,,0.0,0.0,,,,,,,,,,3.0,,,,,,,,,,,,,,,,,,,,,,,,12.0,,,,,,,,,
1992-04-15 21:00:00,1012.5,1015.9,19.0,13.5,70.0,5.0,90.0,,,0.0,0.0,,,20.1,20.1,20.5,20.5,,,,2.0,,,,,,,,,,,,,,,,,,,,,19.9,,,15.0,,,,,,,,,
1992-04-15 22:00:00,,,,,,,,,,0.0,,,,,,,,,,,,,,,,,,,,,,,,,,,,,,,,,,,,,,,,,,,,
1992-04-15 23:00:00,1013.2,1016.7,17.4,13.6,78.0,3.9,45.0,,,0.0,0.0,,,,,,,,,,2.0,,,,,,,,,,,,,,,,,,,,,,,,12.0,,,,,,,,,
1992-04-16 00:00:00,,,,,,,,,,0.0,,,,,,,,,,,,,,,,,,,,,,,,,,,,,,,,,,,,,,,,,,,,
1992-04-16 01:00:00,,,,,,,,,,0.0,,,,,,,,,,,,,,,,,,,,,,,,,,,,,,,,,,,,,,,,,,,,
1992-04-16 02:00:00,1012.4,1015.9,16.9,13.8,82.0,4.2,45.0,,,0.0,0.0,,,,,,,,,,1.0,,,,,,,,,,,,,,,,,,,,,,,,10.0,,,,,,,,,
1992-04-16 03:00:00,,,,,,,,,,0.0,,,,,,,,,,,,,,,,,,,,,,,,,,,,,,,,,,,,,,,,,,,,
1992-04-16 04:00:00,,,,,,,,,,0.0,,,,,,,,,,,,,,,,,,,,,,,,,,,,,,,,,,,,,,,,,,,,
1992-04-16 05:00:00,1012.8,1016.3,15.6,12.5,82.0,3.8,67.5,,,0.0,0.0,,,18.9,19.0,19.5,19.7,,,,2.0,,,,,,,,,,,,,,,,,,,,,19.9,,,10.0,,,,,,,,,
1992-04-16 06:00:00,,,,,,,,,,0.0,,,,,,,,,,,,,,,,,,,,,,,,,,,,,,,,,,,,,,,,,,,,
1992-04-16 07:00:00,,,,,,,,,,0.0,,,,,,,,,,,,,,,,,,,,,,,,,,,,,,,,,,,,,,,,,,,,
1992-04-16 08:00:00,1014.5,1017.9,18.6,13.3,71.0,4.5,45.0,,,0.0,0.0,1.0,,,,,,,,,1.0,,,,,,,,,,,,,,,,,,,,,,,,10.0,,,,,,,,,
1992-04-16 09:00:00,1014.8,1018.2,20.0,13.1,64.0,4.8,67.5,,,0.0,0.0,1.0,,,,,,,,,1.0,,,,,,,,,,,,,,,,,,,,,,,,12.0,,,,,,,,,
1992-04-16 10:00:00,,,,,,,,,,0.0,,,,,,,,,,,,,,,,,,,,,,,,,,,,,,,,,,,,,,,,,,,,
1992-04-16 11:00:00,1014.4,1017.8,21.3,13.9,63.0,5.6,22.5,,,0.0,0.0,1.0,,,,,,,,,2.0,,,,,,,,,,,,,,,,,,,,,,,,12.0,,,,,,,,,
1992-04-16 12:00:00,,,,,,,,,,0.0,,,,,,,,,,,,,,,,,,,,,,,,,,,,,,,,,,,,,,,,,,,,
1992-04-16 13:00:00,,,,,,,,,,0.0,,,,,,,,,,,,,,,,,,,,,,,,,,,,,,,,,,,,,,,,,,,,
1992-04-16 14:00:00,1012.5,1015.9,21.4,14.1,63.0,6.3,22.5,,,0.0,0.0,1.0,,22.6,21.8,20.6,20.2,,,,0.0,,,,,,,,,,,,,,,,,,,,,19.8,,,15.0,,,,,,,,,
1992-04-16 15:00:00,,,,,,,,,,0.0,,,,,,,,,,,,,,,,,,,,,,,,,,,,,,,,,,,,,,,,,,,,
1992-04-16 16:00:00,,,,,,,,,,0.0,,,,,,,,,,,,,,,,,,,,,,,,,,,,,,,,,,,,,,,,,,,,
1992-04-16 17:00:00,1011.5,1014.9,20.2,13.5,65.0,4.5,22.5,,,0.0,0.0,1.0,,,,,,,,,4.0,,,,,,,,,,,,,,,,,,,,,,,,15.0,,,,,,,,,
1992-04-16 18:00:00,,,,,,,,,,0.0,,,,,,,,,,,,,,,,,,,,,,,,,,,,,,,,,,,,,,,,,,,,
1992-04-16 19:00:00,,,,,,,,,,0.0,,,,,,,,,,,,,,,,,,,,,,,,,,,,,,,,,,,,,,,,,,,,
1992-04-16 20:00:00,1011.9,1015.3,18.0,12.7,71.0,3.3,112.5,,,0.0,0.0,,,,,,,,,,3.0,,,,,,,,,,,,,,,,,,,,,,,,10.0,,,,,,,,,
1992-04-16 21:00:00,1012.4,1015.9,17.3,12.8,75.0,3.1,112.5,,,0.0,0.0,,,19.9,19.8,20.5,20.5,,,,1.0,,,,,,,,,,,,,,,,,,,,,20.8,,,10.0,,,,,,,,,
1992-04-16 22:00:00,,,,,,,,,,0.0,,,,,,,,,,,,,,,,,,,,,,,,,,,,,,,,,,,,,,,,,,,,
1992-04-16 23:00:00,1012.5,1016.0,16.4,12.3,77.0,4.0,112.5,,,0.0,0.0,,,,,,,,,,2.0,,,,,,,,,,,,,,,,,,,,,,,,10.0,,,,,,,,,
1992-04-17 00:00:00,,,,,,,,,,0.0,,,,,,,,,,,,,,,,,,,,,,,,,,,,,,,,,,,,,,,,,,,,
1992-04-17 01:00:00,,,,,,,,,,0.0,,,,,,,,,,,,,,,,,,,,,,,,,,,,,,,,,,,,,,,,,,,,
1992-04-17 02:00:00,1010.7,1014.2,14.8,8.6,66.0,3.2,90.0,,,0.0,0.0,,,,,,,,,,2.0,,,,,,,,,,,,,,,,,,,,,,,,10.0,,,,,,,,,
1992-04-17 03:00:00,,,,,,,,,,0.0,,,,,,,,,,,,,,,,,,,,,,,,,,,,,,,,,,,,,,,,,,,,
1992-04-17 04:00:00,,,,,,,,,,0.0,,,,,,,,,,,,,,,,,,,,,,,,,,,,,,,,,,,,,,,,,,,,
1992-04-17 05:00:00,1011.1,1014.6,12.2,7.9,75.0,1.7,90.0,,,0.0,0.0,,,18.1,18.1,19.2,19.6,,,,4.0,,,,,,,,,,,,,,,,,,,,,20.0,,,10.0,,,,,,,,,
1992-04-17 06:00:00,,,,,,,,,,0.0,,,,,,,,,,,,,,,,,,,,,,,,,,,,,,,,,,,,,,,,,,,,
1992-04-17 07:00:00,,,,,,,,,,0.0,,,,,,,,,,,,,,,,,,,,,,,,,,,,,,,,,,,,,,,,,,,,
1992-04-17 08:00:00,1012.2,1015.6,18.0,10.4,61.0,1.2,90.0,,,0.0,0.0,1.0,,,,,,,,,2.0,,,,,,,,,,,,,,,,,,,,,,,,12.0,,,,,,,,,
1992-04-17 09:00:00,1012.5,1015.9,21.3,13.9,63.0,1.0,112.5,,,0.0,0.0,1.0,,,,,,,,,4.0,,,,,,,,,,,,,,,,,,,,,,,,12.0,,,,,,,,,
1992-04-17 10:00:00,,,,,,,,,,0.0,,,,,,,,,,,,,,,,,,,,,,,,,,,,,,,,,,,,,,,,,,,,
1992-04-17 11:00:00,1011.7,1015.1,23.1,17.2,69.0,2.8,337.5,,,0.0,0.0,1.0,,,,,,,,,6.0,,,,,,,,,,,,,,,,,,,,,,,,8.0,,,,,,,,,
1992-04-17 12:00:00,,,,,,,,,,0.0,,,,,,,,,,,,,,,,,,,,,,,,,,,,,,,,,,,,,,,,,,,,
1992-04-17 13:00:00,,,,,,,,,,0.0,,,,,,,,,,,,,,,,,,,,,,,,,,,,,,,,,,,,,,,,,,,,
1992-04-17 14:00:00,1009.9,1013.3,23.0,17.4,71.0,3.1,292.5,,,0.0,0.0,1.0,,24.6,23.5,21.6,20.3,,,,8.0,,,,,,,,,,,,,,,,,,,,,19.8,,,8.0,,,,,,,,,
1992-04-17 15:00:00,,,,,,,,,,0.0,,,,,,,,,,,,,,,,,,,,,,,,,,,,,,,,,,,,,,,,,,,,
1992-04-17 16:00:00,,,,,,,,,,0.0,,,,,,,,,,,,,,,,,,,,,,,,,,,,,,,,,,,,,,,,,,,,
1992-04-17 17:00:00,1007.9,1011.3,22.7,15.7,65.0,1.9,337.5,,,0.0,0.0,0.6,,,,,,,,,8.0,,,,,,,,,,,,,,,,,,,,,,,,8.0,,,,,,,,,
1992-04-17 18:00:00,,,,,,,,,,0.0,,,,,,,,,,,,,,,,,,,,,,,,,,,,,,,,,,,,,,,,,,,,
1992-04-17 19:00:00,,,,,,,,,,0.0,,,,,,,,,,,,,,,,,,,,,,,,,,,,,,,,,,,,,,,,,,,,
1992-04-17 20:00:00,1009.1,1012.5,19.7,15.8,78.0,1.4,90.0,,,0.0,0.0,,,,,,,,,,3.0,,,,,,,,,,,,,,,,,,,,,,,,8.0,,,,,,,,,
1992-04-17 21:00:00,1009.4,1012.8,19.3,15.2,77.0,1.0,90.0,,,0.0,0.0,,,21.3,21.3,21.7,21.2,,,,9.0,,,,,,,,,,,,,,,,,,,,,20.5,,,8.0,,,,,,,,,
1992-04-17 22:00:00,,,,,,,,,,0.0,,,,,,,,,,,,,,,,,,,,,,,,,,,,,,,,,,,,,,,,,,,,
1992-04-17 23:00:00,1008.5,1011.9,18.4,15.2,82.0,1.8,90.0,,,0.0,0.0,,,,,,,,,,10.0,,,,,,,,,,,,,,,,,,,,,,,,8.0,,,,,,,,,
1992-04-18 00:00:00,,,,,,,,,,0.0,,,,,,,,,,,,,,,,,,,,,,,,,,,,,,,,,,,,,,,,,,,,
1992-04-18 01:00:00,,,,,,,,,,0.0,,,,,,,,,,,,,,,,,,,,,,,,,,,,,,,,,,,,,,,,,,,,
1992-04-18 02:00:00,1007.2,1010.6,18.4,15.4,83.0,1.8,90.0,,,0.0,0.0,,,,,,,,,,8.0,,,,,,,,,,,,,,,,,,,,,,,,8.0,,,,,,,,,
1992-04-18 03:00:00,,,,,,,,,,0.0,,,,,,,,,,,,,,,,,,,,,,,,,,,,,,,,,,,,,,,,,,,,
1992-04-18 04:00:00,,,,,,,,,,0.0,,,,,,,,,,,,,,,,,,,,,,,,,,,,,,,,,,,,,,,,,,,,
1992-04-18 05:00:00,1006.0,1009.4,18.8,14.8,78.0,2.3,112.5,,,0.0,0.0,,,20.3,20.3,20.6,20.5,,,,10.0,,,,,,,,,,,,,,,,,,,,,20.5,,,8.0,,,,,,,,,
1992-04-18 06:00:00,,,,,,,,,,0.0,,,,,,,,,,,,,,,,,,,,,,,,,,,,,,,,,,,,,,,,,,,,
1992-04-18 07:00:00,,,,,,,,,,0.0,,,,,,,,,,,,,,,,,,,,,,,,,,,,,,,,,,,,,,,,,,,,
1992-04-18 08:00:00,1006.7,1010.1,22.1,16.9,72.0,1.5,112.5,,,0.0,0.0,0.5,,,,,,,,,10.0,,,,,,,,,,,,,,,,,,,,,,,,8.0,,,,,,,,,
1992-04-18 09:00:00,1006.5,1009.8,24.8,17.5,64.0,1.2,22.5,,,0.0,0.0,1.0,,,,,,,,,2.0,,,,,,,,,,,,,,,,,,,,,,,,8.0,,,,,,,,,
1992-04-18 10:00:00,,,,,,,,,,0.0,,,,,,,,,,,,,,,,,,,,,,,,,,,,,,,,,,,,,,,,,,,,
1992-04-18 11:00:00,1006.1,1009.4,27.8,18.7,58.0,5.2,270.0,,,0.0,0.0,0.8,,,,,,,,,9.0,,,,,,,,,,,,,,,,,,,,,,,,8.0,,,,,,,,,
1992-04-18 12:00:00,,,,,,,,,,0.0,,,,,,,,,,,,,,,,,,,,,,,,,,,,,,,,,,,,,,,,,,,,
1992-04-18 13:00:00,,,,,,,,,,0.0,,,,,,,,,,,,,,,,,,,,,,,,,,,,,,,,,,,,,,,,,,,,
1992-04-18 14:00:00,1004.3,1007.6,26.1,20.5,71.0,6.2,270.0,,,0.0,0.0,0.0,,22.7,22.5,22.1,21.3,,,,10.0,,,,,,,,,,,,,,,,,,,,,20.8,,,5.0,,,,,,,,,
1992-04-18 15:00:00,,,,,,,,,,0.0,,,,,,,,,,,,,,,,,,,,,,,,,,,,,,,,,,,,,,,,,,,,
1992-04-18 16:00:00,,,,,,,,,,0.0,,,,,,,,,,,,,,,,,,,,,,,,,,,,,,,,,,,,,,,,,,,,
1992-04-18 17:00:00,1004.7,1008.0,24.9,21.3,80.0,6.2,247.5,,,0.0,0.0,0.0,,,,,,,,,10.0,,,,,,,,,,,,,,,,,,,,,,,,5.0,,,,,,,,,
1992-04-18 18:00:00,,,,,,,,,,0.0,,,,,,,,,,,,,,,,,,,,,,,,,,,,,,,,,,,,,,,,,,,,
1992-04-18 19:00:00,,,,,,,,,,0.0,,,,,,,,,,,,,,,,,,,,,,,,,,,,,,,,,,,,,,,,,,,,
1992-04-18 20:00:00,1005.6,1008.9,24.4,21.1,82.0,4.8,247.5,,,0.0,0.0,,,,,,,,,,6.0,,,,,,,,,,,,,,,,,,,,,,,,8.0,,,,,,,,,
1992-04-18 21:00:00,1006.1,1009.4,24.3,21.2,83.0,4.2,247.5,,,0.0,0.0,,,22.3,22.0,22.3,21.7,,,,5.0,,,,,,,,,,,,,,,,,,,,,21.3,,,8.0,,,,,,,,,
1992-04-18 22:00:00,,,,,,,,,,0.0,,,,,,,,,,,,,,,,,,,,,,,,,,,,,,,,,,,,,,,,,,,,
1992-04-18 23:00:00,1006.1,1009.5,24.0,21.2,84.0,4.4,270.0,,,0.0,0.0,,,,,,,,,,9.0,,,,,,,,,,,,,,,,,,,,,,,,5.0,,,,,,,,,
1992-04-19 00:00:00,,,,,,,,,,0.0,,,,,,,,,,,,,,,,,,,,,,,,,,,,,,,,,,,,,,,,,,,,
1992-04-19 01:00:00,,,,,,,,,,0.0,,,,,,,,,,,,,,,,,,,,,,,,,,,,,,,,,,,,,,,,,,,,
1992-04-19 02:00:00,1005.5,1008.8,24.4,20.2,77.0,7.1,270.0,,,0.0,0.0,,,,,,,,,,10.0,,,,,,,,,,,,,,,,,,,,,,,,8.0,,,,,,,,,
1992-04-19 03:00:00,,,,,,,,,,0.0,,,,,,,,,,,,,,,,,,,,,,,,,,,,,,,,,,,,,,,,,,,,
1992-04-19 04:00:00,,,,,,,,,,0.0,,,,,,,,,,,,,,,,,,,,,,,,,,,,,,,,,,,,,,,,,,,,
1992-04-19 05:00:00,1006.7,1010.1,21.8,19.7,88.0,5.2,337.5,,,-9.8,0.2,,,22.1,21.7,22.0,21.5,,,,10.0,,,,,,,,,,,,,,,,,,,,,21.3,,,5.0,,,,,,,,,
1992-04-19 06:00:00,,,,,,,,,,4.7,,,,,,,,,,,,,,,,,,,,,,,,,,,,,,,,,,,,,,,,,,,,
1992-04-19 07:00:00,,,,,,,,,,0.4,,,,,,,,,,,,,,,,,,,,,,,,,,,,,,,,,,,,,,,,,,,,
1992-04-19 08:00:00,1008.0,1011.4,20.7,18.6,88.0,1.3,45.0,,,0.0,0.0,0.0,,,,,,,,,10.0,,,,,,,,,,,,,,,,,,,,,,,,10.0,,,,,,,,,
1992-04-19 09:00:00,1008.8,1012.2,21.1,18.5,85.0,1.8,112.5,,,0.1,0.1,0.0,,,,,,,,,10.0,,,,,,,,,,,,,,,,,,,,,,,,12.0,,,,,,,,,
1992-04-19 10:00:00,,,,,,,,,,0.4,,,,,,,,,,,,,,,,,,,,,,,,,,,,,,,,,,,,,,,,,,,,
1992-04-19 11:00:00,1008.9,1012.3,20.7,18.7,88.0,0.2,0.0,,,0.4,1.0,0.0,,,,,,,,,10.0,,,,,,,,,,,,,,,,,,,,,,,,12.0,,,,,,,,,
1992-04-19 12:00:00,,,,,,,,,,0.6,,,,,,,,,,,,,,,,,,,,,,,,,,,,,,,,,,,,,,,,,,,,
1992-04-19 13:00:00,,,,,,,,,,0.0,,,,,,,,,,,,,,,,,,,,,,,,,,,,,,,,,,,,,,,,,,,,
1992-04-19 14:00:00,1007.3,1010.7,20.5,18.7,89.0,4.5,45.0,,,-9.8,0.2,0.0,,22.4,22.0,21.9,21.6,,,,10.0,,,,,,,,,,,,,,,,,,,,,21.3,,,8.0,,,,,,,,,
1992-04-19 15:00:00,,,,,,,,,,2.0,,,,,,,,,,,,,,,,,,,,,,,,,,,,,,,,,,,,,,,,,,,,
1992-04-19 16:00:00,,,,,,,,,,3.7,,,,,,,,,,,,,,,,,,,,,,,,,,,,,,,,,,,,,,,,,,,,
1992-04-19 17:00:00,1007.2,1010.6,20.0,18.5,91.0,2.0,90.0,,,2.3,1.0,0.0,,,,,,,,,10.0,,,,,,,,,,,,,,,,,,,,,,,,8.0,,,,,,,,,
1992-04-19 18:00:00,,,,,,,,,,0.8,,,,,,,,,,,,,,,,,,,,,,,,,,,,,,,,,,,,,,,,,,,,
1992-04-19 19:00:00,,,,,,,,,,0.2,,,,,,,,,,,,,,,,,,,,,,,,,,,,,,,,,,,,,,,,,,,,
1992-04-19 20:00:00,1009.7,1013.1,19.6,18.4,93.0,0.8,22.5,,,1.5,1.0,,,,,,,,,,10.0,,,,,,,,,,,,,,,,,,,,,,,,8.0,,,,,,,,,
1992-04-19 21:00:00,1010.0,1013.4,19.8,18.6,93.0,1.7,22.5,,,0.1,0.3,,,21.6,21.2,21.6,21.5,,,,10.0,,,,,,,,,,,,,,,,,,,,,21.4,,,8.0,,,,,,,,,
1992-04-19 22:00:00,,,,,,,,,,0.0,,,,,,,,,,,,,,,,,,,,,,,,,,,,,,,,,,,,,,,,,,,,
1992-04-19 23:00:00,1010.7,1014.1,19.5,18.0,91.0,1.5,67.5,,,0.0,0.0,,,,,,,,,,10.0,,,,,,,,,,,,,,,,,,,,,,,,8.0,,,,,,,,,
1992-04-20 00:00:00,,,,,,,,,,0.0,,,,,,,,,,,,,,,,,,,,,,,,,,,,,,,,,,,,,,,,,,,,
1992-04-20 01:00:00,,,,,,,,,,0.0,,,,,,,,,,,,,,,,,,,,,,,,,,,,,,,,,,,,,,,,,,,,
1992-04-20 02:00:00,1009.4,1012.8,19.4,18.1,92.0,1.2,45.0,,,0.0,0.0,,,,,,,,,,10.0,,,,,,,,,,,,,,,,,,,,,,,,8.0,,,,,,,,,
1992-04-20 03:00:00,,,,,,,,,,0.0,,,,,,,,,,,,,,,,,,,,,,,,,,,,,,,,,,,,,,,,,,,,
1992-04-20 04:00:00,,,,,,,,,,1.0,,,,,,,,,,,,,,,,,,,,,,,,,,,,,,,,,,,,,,,,,,,,
1992-04-20 05:00:00,1009.5,1012.9,19.3,18.4,95.0,1.5,22.5,,,0.2,0.5,,,21.2,20.8,21.3,21.4,,,,10.0,,,,,,,,,,,,,,,,,,,,,21.3,,,8.0,,,,,,,,,
1992-04-20 06:00:00,,,,,,,,,,0.0,,,,,,,,,,,,,,,,,,,,,,,,,,,,,,,,,,,,,,,,,,,,
1992-04-20 07:00:00,,,,,,,,,,0.0,,,,,,,,,,,,,,,,,,,,,,,,,,,,,,,,,,,,,,,,,,,,
1992-04-20 08:00:00,1010.9,1014.3,20.2,18.9,92.0,0.0,0.0,,,0.0,0.0,0.0,,,,,,,,,10.0,,,,,,,,,,,,,,,,,,,,,,,,4.0,,,,,,,,,
1992-04-20 09:00:00,1011.6,1015.0,21.3,19.6,90.0,0.1,0.0,,,0.0,0.0,0.0,,,,,,,,,10.0,,,,,,,,,,,,,,,,,,,,,,,,4.0,,,,,,,,,
1992-04-20 10:00:00,,,,,,,,,,0.0,,,,,,,,,,,,,,,,,,,,,,,,,,,,,,,,,,,,,,,,,,,,
1992-04-20 11:00:00,1011.4,1014.8,22.4,19.8,85.0,1.3,67.5,,,0.0,0.0,0.0,,,,,,,,,10.0,,,,,,,,,,,,,,,,,,,,,,,,3.0,,,,,,,,,
1992-04-20 12:00:00,,,,,,,,,,0.0,,,,,,,,,,,,,,,,,,,,,,,,,,,,,,,,,,,,,,,,,,,,
1992-04-20 13:00:00,,,,,,,,,,0.0,,,,,,,,,,,,,,,,,,,,,,,,,,,,,,,,,,,,,,,,,,,,
1992-04-20 14:00:00,1009.0,1012.4,24.1,20.5,80.0,1.0,135.0,,,0.0,0.0,0.0,,22.7,22.0,21.8,21.4,,,,10.0,,,,,,,,,,,,,,,,,,,,,21.1,,,4.0,,,,,,,,,
1992-04-20 15:00:00,,,,,,,,,,0.0,,,,,,,,,,,,,,,,,,,,,,,,,,,,,,,,,,,,,,,,,,,,
1992-04-20 16:00:00,,,,,,,,,,0.0,,,,,,,,,,,,,,,,,,,,,,,,,,,,,,,,,,,,,,,,,,,,
1992-04-20 17:00:00,1007.8,1011.2,24.0,20.5,81.0,1.5,112.5,,,0.0,0.0,0.0,,,,,,,,,10.0,,,,,,,,,,,,,,,,,,,,,,,,5.0,,,,,,,,,
1992-04-20 18:00:00,,,,,,,,,,0.0,,,,,,,,,,,,,,,,,,,,,,,,,,,,,,,,,,,,,,,,,,,,
1992-04-20 19:00:00,,,,,,,,,,0.0,,,,,,,,,,,,,,,,,,,,,,,,,,,,,,,,,,,,,,,,,,,,
1992-04-20 20:00:00,1008.3,1011.7,22.4,20.5,89.0,1.1,112.5,,,0.0,0.0,,,,,,,,,,4.0,,,,,,,,,,,,,,,,,,,,,,,,5.0,,,,,,,,,
1992-04-20 21:00:00,1009.0,1012.4,22.0,20.4,91.0,0.6,112.5,,,0.0,0.0,,,22.2,21.8,22.2,21.9,,,,3.0,,,,,,,,,,,,,,,,,,,,,21.4,,,6.0,,,,,,,,,
1992-04-20 22:00:00,,,,,,,,,,0.0,,,,,,,,,,,,,,,,,,,,,,,,,,,,,,,,,,,,,,,,,,,,
1992-04-20 23:00:00,1008.9,1012.3,21.8,20.4,92.0,0.4,135.0,,,0.0,0.0,,,,,,,,,,9.0,,,,,,,,,,,,,,,,,,,,,,,,7.0,,,,,,,,,
1992-04-21 00:00:00,,,,,,,,,,0.2,,,,,,,,,,,,,,,,,,,,,,,,,,,,,,,,,,,,,,,,,,,,
1992-04-21 01:00:00,,,,,,,,,,0.0,,,,,,,,,,,,,,,,,,,,,,,,,,,,,,,,,,,,,,,,,,,,
1992-04-21 02:00:00,1007.7,1011.1,22.1,20.6,91.0,0.5,157.5,,,0.0,0.0,,,,,,,,,,10.0,,,,,,,,,,,,,,,,,,,,,,,,3.0,,,,,,,,,
1992-04-21 03:00:00,,,,,,,,,,19.5,,,,,,,,,,,,,,,,,,,,,,,,,,,,,,,,,,,,,,,,,,,,
1992-04-21 04:00:00,,,,,,,,,,0.0,,,,,,,,,,,,,,,,,,,,,,,,,,,,,,,,,,,,,,,,,,,,
1992-04-21 05:00:00,1006.3,1009.7,21.3,20.0,92.0,1.7,135.0,,,0.0,0.0,,,21.9,21.4,21.8,21.6,,,,5.0,,,,,,,,,,,,,,,,,,,,,21.4,,,8.0,,,,,,,,,
1992-04-21 06:00:00,,,,,,,,,,0.0,,,,,,,,,,,,,,,,,,,,,,,,,,,,,,,,,,,,,,,,,,,,
1992-04-21 07:00:00,,,,,,,,,,0.0,,,,,,,,,,,,,,,,,,,,,,,,,,,,,,,,,,,,,,,,,,,,
1992-04-21 08:00:00,1005.7,1009.0,24.5,22.3,88.0,1.6,90.0,,,0.0,0.0,0.0,,,,,,,,,0.0,,,,,,,,,,,,,,,,,,,,,,,,8.0,,,,,,,,,
1992-04-21 09:00:00,1005.5,1008.8,27.4,23.9,81.0,0.5,45.0,,,0.0,0.0,0.7,,,,,,,,,1.0,,,,,,,,,,,,,,,,,,,,,,,,8.0,,,,,,,,,
1992-04-21 10:00:00,,,,,,,,,,0.0,,,,,,,,,,,,,,,,,,,,,,,,,,,,,,,,,,,,,,,,,,,,
1992-04-21 11:00:00,1004.6,1007.9,28.9,23.3,72.0,7.2,270.0,,,0.0,0.0,1.0,,,,,,,,,8.0,,,,,,,,,,,,,,,,,,,,,,,,10.0,,,,,,,,,
1992-04-21 12:00:00,,,,,,,,,,0.0,,,,,,,,,,,,,,,,,,,,,,,,,,,,,,,,,,,,,,,,,,,,
1992-04-21 13:00:00,,,,,,,,,,0.0,,,,,,,,,,,,,,,,,,,,,,,,,,,,,,,,,,,,,,,,,,,,
1992-04-21 14:00:00,1001.6,1004.9,28.8,22.7,70.0,9.5,270.0,,,0.0,0.0,1.0,,25.9,25.0,23.8,22.7,,,,6.0,,,,,,,,,,,,,,,,,,,,,22.0,,,15.0,,,,,,,,,
1992-04-21 15:00:00,,,,,,,,,,0.0,,,,,,,,,,,,,,,,,,,,,,,,,,,,,,,,,,,,,,,,,,,,
1992-04-21 16:00:00,,,,,,,,,,0.0,,,,,,,,,,,,,,,,,,,,,,,,,,,,,,,,,,,,,,,,,,,,
1992-04-21 17:00:00,1000.9,1004.2,28.5,21.9,68.0,7.8,247.5,,,0.0,0.0,0.0,,,,,,,,,8.0,,,,,,,,,,,,,,,,,,,,,,,,12.0,,,,,,,,,
1992-04-21 18:00:00,,,,,,,,,,0.0,,,,,,,,,,,,,,,,,,,,,,,,,,,,,,,,,,,,,,,,,,,,
1992-04-21 19:00:00,,,,,,,,,,0.0,,,,,,,,,,,,,,,,,,,,,,,,,,,,,,,,,,,,,,,,,,,,
1992-04-21 20:00:00,1002.1,1005.4,27.6,21.2,68.0,4.6,247.5,,,0.0,0.0,,,,,,,,,,6.0,,,,,,,,,,,,,,,,,,,,,,,,10.0,,,,,,,,,
1992-04-21 21:00:00,1002.7,1006.0,27.5,20.9,67.0,5.7,247.5,,,0.0,0.0,,,23.8,23.5,23.7,23.2,,,,5.0,,,,,,,,,,,,,,,,,,,,,22.5,,,10.0,,,,,,,,,
1992-04-21 22:00:00,,,,,,,,,,0.0,,,,,,,,,,,,,,,,,,,,,,,,,,,,,,,,,,,,,,,,,,,,
1992-04-21 23:00:00,1003.6,1006.9,28.2,20.3,62.0,4.8,225.0,,,0.0,0.0,,,,,,,,,,10.0,,,,,,,,,,,,,,,,,,,,,,,,10.0,,,,,,,,,
1992-04-22 00:00:00,,,,,,,,,,0.0,,,,,,,,,,,,,,,,,,,,,,,,,,,,,,,,,,,,,,,,,,,,
1992-04-22 01:00:00,,,,,,,,,,0.0,,,,,,,,,,,,,,,,,,,,,,,,,,,,,,,,,,,,,,,,,,,,
1992-04-22 02:00:00,1005.4,1008.8,19.3,18.9,97.0,5.0,337.5,,,20.8,0.3,,,,,,,,,,10.0,,,,,,,,,,,,,,,,,,,,,,,,3.0,,,,,,,,,
1992-04-22 03:00:00,,,,,,,,,,37.8,,,,,,,,,,,,,,,,,,,,,,,,,,,,,,,,,,,,,,,,,,,,
1992-04-22 04:00:00,,,,,,,,,,8.7,,,,,,,,,,,,,,,,,,,,,,,,,,,,,,,,,,,,,,,,,,,,
1992-04-22 05:00:00,1006.0,1009.4,19.1,18.7,97.0,2.9,135.0,,,3.1,1.0,,,21.3,21.5,22.3,22.5,,,,10.0,,,,,,,,,,,,,,,,,,,,,22.3,,,4.0,,,,,,,,,
1992-04-22 06:00:00,,,,,,,,,,1.9,,,,,,,,,,,,,,,,,,,,,,,,,,,,,,,,,,,,,,,,,,,,
1992-04-22 07:00:00,,,,,,,,,,0.3,,,,,,,,,,,,,,,,,,,,,,,,,,,,,,,,,,,,,,,,,,,,
1992-04-22 08:00:00,1006.1,1009.5,22.7,19.9,84.0,0.0,0.0,,,0.0,0.0,0.0,,,,,,,,,10.0,,,,,,,,,,,,,,,,,,,,,,,,15.0,,,,,,,,,
1992-04-22 09:00:00,1007.0,1010.4,23.4,20.4,83.0,1.6,135.0,,,0.0,0.0,0.0,,,,,,,,,10.0,,,,,,,,,,,,,,,,,,,,,,,,15.0,,,,,,,,,
1992-04-22 10:00:00,,,,,,,,,,0.0,,,,,,,,,,,,,,,,,,,,,,,,,,,,,,,,,,,,,,,,,,,,
1992-04-22 11:00:00,1008.6,1011.9,24.9,20.9,78.0,2.7,22.5,,,0.0,0.0,0.0,,,,,,,,,10.0,,,,,,,,,,,,,,,,,,,,,,,,18.0,,,,,,,,,
1992-04-22 12:00:00,,,,,,,,,,0.0,,,,,,,,,,,,,,,,,,,,,,,,,,,,,,,,,,,,,,,,,,,,
1992-04-22 13:00:00,,,,,,,,,,0.0,,,,,,,,,,,,,,,,,,,,,,,,,,,,,,,,,,,,,,,,,,,,
1992-04-22 14:00:00,1007.2,1010.6,21.5,18.9,85.0,5.5,45.0,,,0.0,0.0,0.0,,23.6,22.8,23.0,22.3,,,,10.0,,,,,,,,,,,,,,,,,,,,,22.3,,,8.0,,,,,,,,,
1992-04-22 15:00:00,,,,,,,,,,0.0,,,,,,,,,,,,,,,,,,,,,,,,,,,,,,,,,,,,,,,,,,,,
1992-04-22 16:00:00,,,,,,,,,,0.0,,,,,,,,,,,,,,,,,,,,,,,,,,,,,,,,,,,,,,,,,,,,
1992-04-22 17:00:00,1007.4,1010.8,20.4,16.7,79.0,4.0,67.5,,,0.0,0.0,0.0,,,,,,,,,10.0,,,,,,,,,,,,,,,,,,,,,,,,6.0,,,,,,,,,
1992-04-22 18:00:00,,,,,,,,,,0.0,,,,,,,,,,,,,,,,,,,,,,,,,,,,,,,,,,,,,,,,,,,,
1992-04-22 19:00:00,,,,,,,,,,0.0,,,,,,,,,,,,,,,,,,,,,,,,,,,,,,,,,,,,,,,,,,,,
1992-04-22 20:00:00,1008.8,1012.2,19.6,16.8,84.0,2.5,45.0,,,0.0,0.0,,,,,,,,,,10.0,,,,,,,,,,,,,,,,,,,,,,,,6.0,,,,,,,,,
1992-04-22 21:00:00,1009.4,1012.8,19.7,16.6,82.0,3.0,45.0,,,0.0,0.0,,,21.8,21.9,22.3,22.3,,,,10.0,,,,,,,,,,,,,,,,,,,,,22.3,,,6.0,,,,,,,,,
1992-04-22 22:00:00,,,,,,,,,,0.0,,,,,,,,,,,,,,,,,,,,,,,,,,,,,,,,,,,,,,,,,,,,
1992-04-22 23:00:00,1010.0,1013.4,19.7,16.9,84.0,1.1,45.0,,,0.0,0.0,,,,,,,,,,10.0,,,,,,,,,,,,,,,,,,,,,,,,6.0,,,,,,,,,
1992-04-23 00:00:00,,,,,,,,,,0.0,,,,,,,,,,,,,,,,,,,,,,,,,,,,,,,,,,,,,,,,,,,,
1992-04-23 01:00:00,,,,,,,,,,0.0,,,,,,,,,,,,,,,,,,,,,,,,,,,,,,,,,,,,,,,,,,,,
1992-04-23 02:00:00,1009.5,1012.9,19.7,17.4,87.0,1.9,67.5,,,0.0,0.0,,,,,,,,,,10.0,,,,,,,,,,,,,,,,,,,,,,,,5.0,,,,,,,,,
1992-04-23 03:00:00,,,,,,,,,,0.0,,,,,,,,,,,,,,,,,,,,,,,,,,,,,,,,,,,,,,,,,,,,
1992-04-23 04:00:00,,,,,,,,,,0.0,,,,,,,,,,,,,,,,,,,,,,,,,,,,,,,,,,,,,,,,,,,,
1992-04-23 05:00:00,1009.2,1012.6,19.6,17.9,90.0,1.4,112.5,,,0.0,0.0,,,21.3,21.3,21.7,21.8,,,,10.0,,,,,,,,,,,,,,,,,,,,,21.9,,,8.0,,,,,,,,,
1992-04-23 06:00:00,,,,,,,,,,0.0,,,,,,,,,,,,,,,,,,,,,,,,,,,,,,,,,,,,,,,,,,,,
1992-04-23 07:00:00,,,,,,,,,,0.0,,,,,,,,,,,,,,,,,,,,,,,,,,,,,,,,,,,,,,,,,,,,
1992-04-23 08:00:00,1011.6,1015.0,20.8,18.4,86.0,0.8,292.5,,,0.0,0.0,0.0,,,,,,,,,10.0,,,,,,,,,,,,,,,,,,,,,,,,3.0,,,,,,,,,
1992-04-23 09:00:00,1011.5,1014.9,21.2,18.5,85.0,1.3,45.0,,,0.0,0.0,0.0,,,,,,,,,10.0,,,,,,,,,,,,,,,,,,,,,,,,5.0,,,,,,,,,
1992-04-23 10:00:00,,,,,,,,,,0.0,,,,,,,,,,,,,,,,,,,,,,,,,,,,,,,,,,,,,,,,,,,,
1992-04-23 11:00:00,1010.8,1014.2,23.7,19.7,78.0,1.4,22.5,,,0.0,0.0,0.1,,,,,,,,,10.0,,,,,,,,,,,,,,,,,,,,,,,,5.0,,,,,,,,,
1992-04-23 12:00:00,,,,,,,,,,0.0,,,,,,,,,,,,,,,,,,,,,,,,,,,,,,,,,,,,,,,,,,,,
1992-04-23 13:00:00,,,,,,,,,,0.0,,,,,,,,,,,,,,,,,,,,,,,,,,,,,,,,,,,,,,,,,,,,
1992-04-23 14:00:00,1009.1,1012.5,24.3,20.1,77.0,2.9,22.5,,,0.0,0.0,0.1,,24.3,23.3,23.0,22.4,,,,10.0,,,,,,,,,,,,,,,,,,,,,21.9,,,5.0,,,,,,,,,
1992-04-23 15:00:00,,,,,,,,,,0.0,,,,,,,,,,,,,,,,,,,,,,,,,,,,,,,,,,,,,,,,,,,,
1992-04-23 16:00:00,,,,,,,,,,0.0,,,,,,,,,,,,,,,,,,,,,,,,,,,,,,,,,,,,,,,,,,,,
1992-04-23 17:00:00,1008.3,1011.6,25.1,20.5,76.0,0.2,0.0,,,0.0,0.0,0.0,,,,,,,,,9.0,,,,,,,,,,,,,,,,,,,,,,,,5.0,,,,,,,,,
1992-04-23 18:00:00,,,,,,,,,,0.0,,,,,,,,,,,,,,,,,,,,,,,,,,,,,,,,,,,,,,,,,,,,
1992-04-23 19:00:00,,,,,,,,,,0.0,,,,,,,,,,,,,,,,,,,,,,,,,,,,,,,,,,,,,,,,,,,,
1992-04-23 20:00:00,1009.4,1012.8,23.0,20.5,86.0,0.6,135.0,,,0.0,0.0,,,,,,,,,,4.0,,,,,,,,,,,,,,,,,,,,,,,,5.0,,,,,,,,,
1992-04-23 21:00:00,1009.9,1013.3,22.3,19.8,86.0,0.0,0.0,,,0.0,0.0,,,23.0,22.8,23.2,22.7,,,,3.0,,,,,,,,,,,,,,,,,,,,,22.2,,,6.0,,,,,,,,,
1992-04-23 22:00:00,,,,,,,,,,0.0,,,,,,,,,,,,,,,,,,,,,,,,,,,,,,,,,,,,,,,,,,,,
1992-04-23 23:00:00,1009.9,1013.3,21.6,20.2,92.0,1.0,112.5,,,0.0,0.0,,,,,,,,,,9.0,,,,,,,,,,,,,,,,,,,,,,,,6.0,,,,,,,,,
1992-04-24 00:00:00,,,,,,,,,,0.0,,,,,,,,,,,,,,,,,,,,,,,,,,,,,,,,,,,,,,,,,,,,
1992-04-24 01:00:00,,,,,,,,,,0.0,,,,,,,,,,,,,,,,,,,,,,,,,,,,,,,,,,,,,,,,,,,,
1992-04-24 02:00:00,1009.4,1012.8,21.7,19.8,89.0,2.0,112.5,,,0.0,0.0,,,,,,,,,,10.0,,,,,,,,,,,,,,,,,,,,,,,,6.0,,,,,,,,,
1992-04-24 03:00:00,,,,,,,,,,0.0,,,,,,,,,,,,,,,,,,,,,,,,,,,,,,,,,,,,,,,,,,,,
1992-04-24 04:00:00,,,,,,,,,,0.0,,,,,,,,,,,,,,,,,,,,,,,,,,,,,,,,,,,,,,,,,,,,
1992-04-24 05:00:00,1010.0,1013.4,21.0,17.5,80.0,1.6,135.0,,,0.0,0.0,,,22.3,22.0,22.5,22.5,,,,10.0,,,,,,,,,,,,,,,,,,,,,22.3,,,8.0,,,,,,,,,
1992-04-24 06:00:00,,,,,,,,,,0.0,,,,,,,,,,,,,,,,,,,,,,,,,,,,,,,,,,,,,,,,,,,,
1992-04-24 07:00:00,,,,,,,,,,0.0,,,,,,,,,,,,,,,,,,,,,,,,,,,,,,,,,,,,,,,,,,,,
1992-04-24 08:00:00,1015.0,1018.4,21.1,19.9,93.0,3.7,180.0,,,9.3,0.7,0.0,,,,,,,,,10.0,,,,,,,,,,,,,,,,,,,,,,,,3.0,,,,,,,,,
1992-04-24 09:00:00,1013.6,1017.0,20.9,19.4,91.0,2.0,112.5,,,6.1,1.0,0.0,,,,,,,,,10.0,,,,,,,,,,,,,,,,,,,,,,,,3.0,,,,,,,,,
1992-04-24 10:00:00,,,,,,,,,,2.0,,,,,,,,,,,,,,,,,,,,,,,,,,,,,,,,,,,,,,,,,,,,
1992-04-24 11:00:00,1012.8,1016.2,21.9,20.3,91.0,2.4,135.0,,,1.6,0.6,0.0,,,,,,,,,10.0,,,,,,,,,,,,,,,,,,,,,,,,10.0,,,,,,,,,
1992-04-24 12:00:00,,,,,,,,,,0.0,,,,,,,,,,,,,,,,,,,,,,,,,,,,,,,,,,,,,,,,,,,,
1992-04-24 13:00:00,,,,,,,,,,0.0,,,,,,,,,,,,,,,,,,,,,,,,,,,,,,,,,,,,,,,,,,,,
1992-04-24 14:00:00,1010.6,1013.9,25.8,21.7,78.0,1.6,90.0,,,0.0,0.0,0.3,,24.0,22.8,22.5,22.2,,,,8.0,,,,,,,,,,,,,,,,,,,,,22.2,,,12.0,,,,,,,,,
1992-04-24 15:00:00,,,,,,,,,,0.0,,,,,,,,,,,,,,,,,,,,,,,,,,,,,,,,,,,,,,,,,,,,
1992-04-24 16:00:00,,,,,,,,,,0.0,,,,,,,,,,,,,,,,,,,,,,,,,,,,,,,,,,,,,,,,,,,,
1992-04-24 17:00:00,1011.2,1014.6,24.9,19.8,73.0,0.5,270.0,,,0.0,0.0,0.0,,,,,,,,,10.0,,,,,,,,,,,,,,,,,,,,,,,,12.0,,,,,,,,,
1992-04-24 18:00:00,,,,,,,,,,0.0,,,,,,,,,,,,,,,,,,,,,,,,,,,,,,,,,,,,,,,,,,,,
1992-04-24 19:00:00,,,,,,,,,,0.0,,,,,,,,,,,,,,,,,,,,,,,,,,,,,,,,,,,,,,,,,,,,
1992-04-24 20:00:00,1012.7,1016.1,23.2,20.8,86.0,1.7,45.0,,,0.0,0.0,,,,,,,,,,10.0,,,,,,,,,,,,,,,,,,,,,,,,10.0,,,,,,,,,
1992-04-24 21:00:00,1013.3,1016.7,23.3,20.8,86.0,1.3,157.5,,,0.0,0.0,,,23.1,22.8,23.0,22.7,,,,10.0,,,,,,,,,,,,,,,,,,,,,22.4,,,6.0,,,,,,,,,
1992-04-24 22:00:00,,,,,,,,,,0.2,,,,,,,,,,,,,,,,,,,,,,,,,,,,,,,,,,,,,,,,,,,,
1992-04-24 23:00:00,1013.8,1017.2,22.4,20.9,91.0,0.2,0.0,,,0.0,0.0,,,,,,,,,,10.0,,,,,,,,,,,,,,,,,,,,,,,,4.0,,,,,,,,,
1992-04-25 00:00:00,,,,,,,,,,0.0,,,,,,,,,,,,,,,,,,,,,,,,,,,,,,,,,,,,,,,,,,,,
1992-04-25 01:00:00,,,,,,,,,,0.0,,,,,,,,,,,,,,,,,,,,,,,,,,,,,,,,,,,,,,,,,,,,
1992-04-25 02:00:00,1012.8,1016.2,22.1,20.2,89.0,1.2,112.5,,,0.0,0.0,,,,,,,,,,10.0,,,,,,,,,,,,,,,,,,,,,,,,4.0,,,,,,,,,
1992-04-25 03:00:00,,,,,,,,,,0.0,,,,,,,,,,,,,,,,,,,,,,,,,,,,,,,,,,,,,,,,,,,,
1992-04-25 04:00:00,,,,,,,,,,0.0,,,,,,,,,,,,,,,,,,,,,,,,,,,,,,,,,,,,,,,,,,,,
1992-04-25 05:00:00,1013.8,1017.2,21.9,20.1,90.0,0.2,0.0,,,0.0,0.0,,,22.7,22.3,22.7,22.5,,,,10.0,,,,,,,,,,,,,,,,,,,,,22.3,,,6.0,,,,,,,,,
1992-04-25 06:00:00,,,,,,,,,,0.0,,,,,,,,,,,,,,,,,,,,,,,,,,,,,,,,,,,,,,,,,,,,
1992-04-25 07:00:00,,,,,,,,,,0.0,,,,,,,,,,,,,,,,,,,,,,,,,,,,,,,,,,,,,,,,,,,,
1992-04-25 08:00:00,1015.0,1018.4,23.2,20.7,86.0,0.6,90.0,,,0.0,0.0,0.0,,,,,,,,,10.0,,,,,,,,,,,,,,,,,,,,,,,,6.0,,,,,,,,,
1992-04-25 09:00:00,1015.1,1018.5,23.7,21.0,85.0,0.8,22.5,,,0.0,0.0,0.0,,,,,,,,,10.0,,,,,,,,,,,,,,,,,,,,,,,,6.0,,,,,,,,,
1992-04-25 10:00:00,,,,,,,,,,0.0,,,,,,,,,,,,,,,,,,,,,,,,,,,,,,,,,,,,,,,,,,,,
1992-04-25 11:00:00,1014.4,1017.8,23.3,21.0,87.0,3.2,22.5,,,0.0,0.0,0.0,,,,,,,,,10.0,,,,,,,,,,,,,,,,,,,,,,,,6.0,,,,,,,,,
1992-04-25 12:00:00,,,,,,,,,,0.0,,,,,,,,,,,,,,,,,,,,,,,,,,,,,,,,,,,,,,,,,,,,
1992-04-25 13:00:00,,,,,,,,,,0.0,,,,,,,,,,,,,,,,,,,,,,,,,,,,,,,,,,,,,,,,,,,,
1992-04-25 14:00:00,1012.6,1016.0,23.5,20.9,85.0,5.1,22.5,,,0.0,0.0,0.0,,24.3,23.7,23.5,22.8,,,,10.0,,,,,,,,,,,,,,,,,,,,,22.5,,,6.0,,,,,,,,,
1992-04-25 15:00:00,,,,,,,,,,0.0,,,,,,,,,,,,,,,,,,,,,,,,,,,,,,,,,,,,,,,,,,,,
1992-04-25 16:00:00,,,,,,,,,,0.0,,,,,,,,,,,,,,,,,,,,,,,,,,,,,,,,,,,,,,,,,,,,
1992-04-25 17:00:00,1012.7,1016.1,22.1,20.1,88.0,3.2,22.5,,,0.0,0.0,0.0,,,,,,,,,10.0,,,,,,,,,,,,,,,,,,,,,,,,6.0,,,,,,,,,
1992-04-25 18:00:00,,,,,,,,,,0.0,,,,,,,,,,,,,,,,,,,,,,,,,,,,,,,,,,,,,,,,,,,,
1992-04-25 19:00:00,,,,,,,,,,0.0,,,,,,,,,,,,,,,,,,,,,,,,,,,,,,,,,,,,,,,,,,,,
1992-04-25 20:00:00,1013.7,1017.1,20.8,19.9,95.0,1.7,45.0,,,0.1,0.5,,,,,,,,,,10.0,,,,,,,,,,,,,,,,,,,,,,,,4.0,,,,,,,,,
1992-04-25 21:00:00,1013.9,1017.3,20.7,19.7,94.0,2.4,67.5,,,0.1,0.3,,,23.1,22.8,23.2,23.0,,,,10.0,,,,,,,,,,,,,,,,,,,,,22.7,,,6.0,,,,,,,,,
1992-04-25 22:00:00,,,,,,,,,,0.0,,,,,,,,,,,,,,,,,,,,,,,,,,,,,,,,,,,,,,,,,,,,
1992-04-25 23:00:00,1013.6,1017.0,20.8,19.7,93.0,1.6,90.0,,,0.0,0.0,,,,,,,,,,10.0,,,,,,,,,,,,,,,,,,,,,,,,6.0,,,,,,,,,
1992-04-26 00:00:00,,,,,,,,,,0.0,,,,,,,,,,,,,,,,,,,,,,,,,,,,,,,,,,,,,,,,,,,,
1992-04-26 01:00:00,,,,,,,,,,0.0,,,,,,,,,,,,,,,,,,,,,,,,,,,,,,,,,,,,,,,,,,,,
1992-04-26 02:00:00,1011.2,1014.6,20.9,19.7,93.0,1.1,90.0,,,0.0,0.0,,,,,,,,,,10.0,,,,,,,,,,,,,,,,,,,,,,,,6.0,,,,,,,,,
1992-04-26 03:00:00,,,,,,,,,,0.0,,,,,,,,,,,,,,,,,,,,,,,,,,,,,,,,,,,,,,,,,,,,
1992-04-26 04:00:00,,,,,,,,,,0.0,,,,,,,,,,,,,,,,,,,,,,,,,,,,,,,,,,,,,,,,,,,,
1992-04-26 05:00:00,1010.0,1013.4,21.1,19.8,92.0,1.2,45.0,,,0.0,0.0,,,22.6,22.3,22.7,22.7,,,,10.0,,,,,,,,,,,,,,,,,,,,,22.6,,,6.0,,,,,,,,,
1992-04-26 06:00:00,,,,,,,,,,0.0,,,,,,,,,,,,,,,,,,,,,,,,,,,,,,,,,,,,,,,,,,,,
1992-04-26 07:00:00,,,,,,,,,,0.0,,,,,,,,,,,,,,,,,,,,,,,,,,,,,,,,,,,,,,,,,,,,
1992-04-26 08:00:00,1011.9,1015.3,21.4,20.4,94.0,0.0,0.0,,,0.0,0.0,0.0,,,,,,,,,10.0,,,,,,,,,,,,,,,,,,,,,,,,1.5,,,,,,,,,
1992-04-26 09:00:00,1011.8,1015.2,22.4,20.7,90.0,1.7,360.0,,,0.0,0.0,0.0,,,,,,,,,10.0,,,,,,,,,,,,,,,,,,,,,,,,1.5,,,,,,,,,
1992-04-26 10:00:00,,,,,,,,,,0.0,,,,,,,,,,,,,,,,,,,,,,,,,,,,,,,,,,,,,,,,,,,,
1992-04-26 11:00:00,1010.7,1014.1,24.8,21.7,83.0,1.2,337.5,,,0.0,0.0,0.3,,,,,,,,,10.0,,,,,,,,,,,,,,,,,,,,,,,,5.0,,,,,,,,,
1992-04-26 12:00:00,,,,,,,,,,0.0,,,,,,,,,,,,,,,,,,,,,,,,,,,,,,,,,,,,,,,,,,,,
1992-04-26 13:00:00,,,,,,,,,,0.0,,,,,,,,,,,,,,,,,,,,,,,,,,,,,,,,,,,,,,,,,,,,
1992-04-26 14:00:00,1009.4,1012.8,22.8,20.5,87.0,3.1,315.0,,,0.0,0.0,0.0,,24.6,24.3,24.0,23.2,,,,10.0,,,,,,,,,,,,,,,,,,,,,22.6,,,8.0,,,,,,,,,
1992-04-26 15:00:00,,,,,,,,,,0.0,,,,,,,,,,,,,,,,,,,,,,,,,,,,,,,,,,,,,,,,,,,,
1992-04-26 16:00:00,,,,,,,,,,0.0,,,,,,,,,,,,,,,,,,,,,,,,,,,,,,,,,,,,,,,,,,,,
1992-04-26 17:00:00,1008.2,1011.6,22.4,20.0,86.0,0.0,0.0,,,0.0,0.0,0.0,,,,,,,,,10.0,,,,,,,,,,,,,,,,,,,,,,,,8.0,,,,,,,,,
1992-04-26 18:00:00,,,,,,,,,,0.0,,,,,,,,,,,,,,,,,,,,,,,,,,,,,,,,,,,,,,,,,,,,
1992-04-26 19:00:00,,,,,,,,,,0.0,,,,,,,,,,,,,,,,,,,,,,,,,,,,,,,,,,,,,,,,,,,,
1992-04-26 20:00:00,1009.4,1012.8,22.1,20.4,90.0,1.1,112.5,,,0.0,0.0,,,,,,,,,,10.0,,,,,,,,,,,,,,,,,,,,,,,,8.0,,,,,,,,,
1992-04-26 21:00:00,1009.0,1012.4,21.9,20.5,92.0,0.6,135.0,,,0.0,0.0,,,23.3,23.0,23.4,23.2,,,,9.0,,,,,,,,,,,,,,,,,,,,,22.9,,,8.0,,,,,,,,,
1992-04-26 22:00:00,,,,,,,,,,0.0,,,,,,,,,,,,,,,,,,,,,,,,,,,,,,,,,,,,,,,,,,,,
1992-04-26 23:00:00,1008.0,1011.4,21.6,20.3,92.0,2.0,360.0,,,0.0,0.0,,,,,,,,,,7.0,,,,,,,,,,,,,,,,,,,,,,,,8.0,,,,,,,,,
1992-04-27 00:00:00,,,,,,,,,,0.0,,,,,,,,,,,,,,,,,,,,,,,,,,,,,,,,,,,,,,,,,,,,
1992-04-27 01:00:00,,,,,,,,,,0.0,,,,,,,,,,,,,,,,,,,,,,,,,,,,,,,,,,,,,,,,,,,,
1992-04-27 02:00:00,1006.6,1010.0,21.7,20.4,92.0,1.3,135.0,,,0.0,0.0,,,,,,,,,,10.0,,,,,,,,,,,,,,,,,,,,,,,,6.0,,,,,,,,,
1992-04-27 03:00:00,,,,,,,,,,0.0,,,,,,,,,,,,,,,,,,,,,,,,,,,,,,,,,,,,,,,,,,,,
1992-04-27 04:00:00,,,,,,,,,,0.0,,,,,,,,,,,,,,,,,,,,,,,,,,,,,,,,,,,,,,,,,,,,
1992-04-27 05:00:00,1007.6,1011.0,21.9,20.8,93.0,1.7,337.5,,,0.0,0.0,,,22.8,22.5,22.9,22.8,,,,10.0,,,,,,,,,,,,,,,,,,,,,22.8,,,6.0,,,,,,,,,
1992-04-27 06:00:00,,,,,,,,,,0.0,,,,,,,,,,,,,,,,,,,,,,,,,,,,,,,,,,,,,,,,,,,,
1992-04-27 07:00:00,,,,,,,,,,0.0,,,,,,,,,,,,,,,,,,,,,,,,,,,,,,,,,,,,,,,,,,,,
1992-04-27 08:00:00,1007.1,1010.5,22.3,20.9,92.0,0.5,157.5,,,0.0,0.0,0.0,,,,,,,,,10.0,,,,,,,,,,,,,,,,,,,,,,,,6.0,,,,,,,,,
1992-04-27 09:00:00,1006.9,1010.3,23.4,21.3,88.0,0.0,0.0,,,0.0,0.0,0.0,,,,,,,,,10.0,,,,,,,,,,,,,,,,,,,,,,,,6.0,,,,,,,,,
1992-04-27 10:00:00,,,,,,,,,,0.0,,,,,,,,,,,,,,,,,,,,,,,,,,,,,,,,,,,,,,,,,,,,
1992-04-27 11:00:00,1007.0,1010.4,24.4,21.6,84.0,2.6,292.5,,,0.0,0.0,0.0,,,,,,,,,10.0,,,,,,,,,,,,,,,,,,,,,,,,4.0,,,,,,,,,
1992-04-27 12:00:00,,,,,,,,,,0.0,,,,,,,,,,,,,,,,,,,,,,,,,,,,,,,,,,,,,,,,,,,,
1992-04-27 13:00:00,,,,,,,,,,0.0,,,,,,,,,,,,,,,,,,,,,,,,,,,,,,,,,,,,,,,,,,,,
1992-04-27 14:00:00,1005.1,1008.4,24.0,21.9,88.0,2.5,270.0,,,0.0,0.0,0.0,,24.1,23.8,23.7,23.2,,,,10.0,,,,,,,,,,,,,,,,,,,,,22.8,,,4.0,,,,,,,,,
1992-04-27 15:00:00,,,,,,,,,,0.0,,,,,,,,,,,,,,,,,,,,,,,,,,,,,,,,,,,,,,,,,,,,
1992-04-27 16:00:00,,,,,,,,,,0.0,,,,,,,,,,,,,,,,,,,,,,,,,,,,,,,,,,,,,,,,,,,,
1992-04-27 17:00:00,1004.8,1008.1,23.9,21.6,87.0,2.5,270.0,,,0.0,0.0,0.0,,,,,,,,,10.0,,,,,,,,,,,,,,,,,,,,,,,,4.0,,,,,,,,,
1992-04-27 18:00:00,,,,,,,,,,0.0,,,,,,,,,,,,,,,,,,,,,,,,,,,,,,,,,,,,,,,,,,,,
1992-04-27 19:00:00,,,,,,,,,,0.0,,,,,,,,,,,,,,,,,,,,,,,,,,,,,,,,,,,,,,,,,,,,
1992-04-27 20:00:00,1006.7,1010.1,24.3,21.5,84.0,2.6,247.5,,,0.0,0.0,,,,,,,,,,10.0,,,,,,,,,,,,,,,,,,,,,,,,5.0,,,,,,,,,
1992-04-27 21:00:00,1007.6,1011.0,24.5,21.6,84.0,3.9,270.0,,,0.0,0.0,,,23.6,23.5,23.3,23.1,,,,10.0,,,,,,,,,,,,,,,,,,,,,22.8,,,5.0,,,,,,,,,
1992-04-27 22:00:00,,,,,,,,,,0.0,,,,,,,,,,,,,,,,,,,,,,,,,,,,,,,,,,,,,,,,,,,,
1992-04-27 23:00:00,1006.4,1009.8,23.9,21.5,86.0,1.0,270.0,,,0.0,0.0,,,,,,,,,,10.0,,,,,,,,,,,,,,,,,,,,,,,,5.0,,,,,,,,,
1992-04-28 00:00:00,,,,,,,,,,0.0,,,,,,,,,,,,,,,,,,,,,,,,,,,,,,,,,,,,,,,,,,,,
1992-04-28 01:00:00,,,,,,,,,,0.0,,,,,,,,,,,,,,,,,,,,,,,,,,,,,,,,,,,,,,,,,,,,
1992-04-28 02:00:00,1004.7,1008.1,22.4,21.4,94.0,0.1,0.0,,,0.0,0.0,,,,,,,,,,10.0,,,,,,,,,,,,,,,,,,,,,,,,5.0,,,,,,,,,
1992-04-28 03:00:00,,,,,,,,,,0.0,,,,,,,,,,,,,,,,,,,,,,,,,,,,,,,,,,,,,,,,,,,,
1992-04-28 04:00:00,,,,,,,,,,0.0,,,,,,,,,,,,,,,,,,,,,,,,,,,,,,,,,,,,,,,,,,,,
1992-04-28 05:00:00,1004.3,1007.7,21.6,20.6,94.0,1.9,157.5,,,0.0,0.0,,,22.8,22.6,23.0,22.8,,,,8.0,,,,,,,,,,,,,,,,,,,,,22.8,,,8.0,,,,,,,,,
1992-04-28 06:00:00,,,,,,,,,,0.0,,,,,,,,,,,,,,,,,,,,,,,,,,,,,,,,,,,,,,,,,,,,
1992-04-28 07:00:00,,,,,,,,,,0.0,,,,,,,,,,,,,,,,,,,,,,,,,,,,,,,,,,,,,,,,,,,,
1992-04-28 08:00:00,1006.3,1009.6,24.7,21.6,83.0,0.8,157.5,,,0.0,0.0,0.1,,,,,,,,,9.0,,,,,,,,,,,,,,,,,,,,,,,,8.0,,,,,,,,,
1992-04-28 09:00:00,1006.6,1009.9,25.9,21.5,77.0,1.1,202.5,,,0.0,0.0,0.3,,,,,,,,,8.0,,,,,,,,,,,,,,,,,,,,,,,,8.0,,,,,,,,,
1992-04-28 10:00:00,,,,,,,,,,0.0,,,,,,,,,,,,,,,,,,,,,,,,,,,,,,,,,,,,,,,,,,,,
1992-04-28 11:00:00,1006.7,1010.0,26.7,21.8,75.0,4.2,270.0,,,0.0,0.0,0.3,,,,,,,,,9.0,,,,,,,,,,,,,,,,,,,,,,,,10.0,,,,,,,,,
1992-04-28 12:00:00,,,,,,,,,,0.0,,,,,,,,,,,,,,,,,,,,,,,,,,,,,,,,,,,,,,,,,,,,
1992-04-28 13:00:00,,,,,,,,,,0.0,,,,,,,,,,,,,,,,,,,,,,,,,,,,,,,,,,,,,,,,,,,,
1992-04-28 14:00:00,1005.6,1008.9,25.9,22.4,81.0,4.9,270.0,,,0.0,0.0,0.0,,25.6,24.9,24.4,23.5,,,,10.0,,,,,,,,,,,,,,,,,,,,,23.0,,,10.0,,,,,,,,,
1992-04-28 15:00:00,,,,,,,,,,0.0,,,,,,,,,,,,,,,,,,,,,,,,,,,,,,,,,,,,,,,,,,,,
1992-04-28 16:00:00,,,,,,,,,,0.0,,,,,,,,,,,,,,,,,,,,,,,,,,,,,,,,,,,,,,,,,,,,
1992-04-28 17:00:00,1004.7,1008.0,25.8,22.1,80.0,4.2,270.0,,,0.0,0.0,0.0,,,,,,,,,10.0,,,,,,,,,,,,,,,,,,,,,,,,10.0,,,,,,,,,
1992-04-28 18:00:00,,,,,,,,,,0.0,,,,,,,,,,,,,,,,,,,,,,,,,,,,,,,,,,,,,,,,,,,,
1992-04-28 19:00:00,,,,,,,,,,0.0,,,,,,,,,,,,,,,,,,,,,,,,,,,,,,,,,,,,,,,,,,,,
1992-04-28 20:00:00,1006.2,1009.5,25.5,22.7,85.0,1.1,157.5,,,0.0,0.0,,,,,,,,,,10.0,,,,,,,,,,,,,,,,,,,,,,,,8.0,,,,,,,,,
1992-04-28 21:00:00,1007.1,1010.4,24.8,22.6,88.0,1.5,45.0,,,0.0,0.0,,,24.4,24.0,24.2,23.8,,,,9.0,,,,,,,,,,,,,,,,,,,,,23.3,,,8.0,,,,,,,,,
1992-04-28 22:00:00,,,,,,,,,,0.0,,,,,,,,,,,,,,,,,,,,,,,,,,,,,,,,,,,,,,,,,,,,
1992-04-28 23:00:00,1007.4,1010.8,23.4,22.1,92.0,1.2,112.5,,,0.0,0.0,,,,,,,,,,4.0,,,,,,,,,,,,,,,,,,,,,,,,8.0,,,,,,,,,
1992-04-29 00:00:00,,,,,,,,,,0.0,,,,,,,,,,,,,,,,,,,,,,,,,,,,,,,,,,,,,,,,,,,,
1992-04-29 01:00:00,,,,,,,,,,0.0,,,,,,,,,,,,,,,,,,,,,,,,,,,,,,,,,,,,,,,,,,,,
1992-04-29 02:00:00,1006.1,1009.5,21.4,18.0,81.0,1.7,135.0,,,0.0,0.0,,,,,,,,,,7.0,,,,,,,,,,,,,,,,,,,,,,,,8.0,,,,,,,,,
1992-04-29 03:00:00,,,,,,,,,,0.0,,,,,,,,,,,,,,,,,,,,,,,,,,,,,,,,,,,,,,,,,,,,
1992-04-29 04:00:00,,,,,,,,,,0.0,,,,,,,,,,,,,,,,,,,,,,,,,,,,,,,,,,,,,,,,,,,,
1992-04-29 05:00:00,1006.6,1010.0,19.9,17.5,86.0,2.1,135.0,,,0.0,0.0,,,22.7,22.6,23.3,23.3,,,,4.0,,,,,,,,,,,,,,,,,,,,,23.2,,,10.0,,,,,,,,,
1992-04-29 06:00:00,,,,,,,,,,0.0,,,,,,,,,,,,,,,,,,,,,,,,,,,,,,,,,,,,,,,,,,,,
1992-04-29 07:00:00,,,,,,,,,,0.0,,,,,,,,,,,,,,,,,,,,,,,,,,,,,,,,,,,,,,,,,,,,
1992-04-29 08:00:00,1007.3,1010.7,23.7,18.6,73.0,1.8,135.0,,,0.0,0.0,1.0,,,,,,,,,3.0,,,,,,,,,,,,,,,,,,,,,,,,10.0,,,,,,,,,
1992-04-29 09:00:00,1007.6,1010.9,27.3,22.1,73.0,2.7,247.5,,,0.0,0.0,1.0,,,,,,,,,1.0,,,,,,,,,,,,,,,,,,,,,,,,10.0,,,,,,,,,
1992-04-29 10:00:00,,,,,,,,,,0.0,,,,,,,,,,,,,,,,,,,,,,,,,,,,,,,,,,,,,,,,,,,,
1992-04-29 11:00:00,1006.2,1009.5,28.5,21.9,68.0,8.0,270.0,,,0.0,0.0,1.0,,,,,,,,,1.0,,,,,,,,,,,,,,,,,,,,,,,,10.0,,,,,,,,,
1992-04-29 12:00:00,,,,,,,,,,0.0,,,,,,,,,,,,,,,,,,,,,,,,,,,,,,,,,,,,,,,,,,,,
1992-04-29 13:00:00,,,,,,,,,,0.0,,,,,,,,,,,,,,,,,,,,,,,,,,,,,,,,,,,,,,,,,,,,
1992-04-29 14:00:00,1003.2,1006.5,28.0,22.7,73.0,9.6,247.5,,,0.0,0.0,1.0,,27.5,26.3,25.0,25.0,,,,1.0,,,,,,,,,,,,,,,,,,,,,23.3,,,12.0,,,,,,,,,
1992-04-29 15:00:00,,,,,,,,,,0.0,,,,,,,,,,,,,,,,,,,,,,,,,,,,,,,,,,,,,,,,,,,,
1992-04-29 16:00:00,,,,,,,,,,0.0,,,,,,,,,,,,,,,,,,,,,,,,,,,,,,,,,,,,,,,,,,,,
1992-04-29 17:00:00,1000.9,1004.2,28.1,21.8,69.0,7.7,270.0,,,0.0,0.0,0.7,,,,,,,,,4.0,,,,,,,,,,,,,,,,,,,,,,,,12.0,,,,,,,,,
1992-04-29 18:00:00,,,,,,,,,,0.0,,,,,,,,,,,,,,,,,,,,,,,,,,,,,,,,,,,,,,,,,,,,
1992-04-29 19:00:00,,,,,,,,,,0.0,,,,,,,,,,,,,,,,,,,,,,,,,,,,,,,,,,,,,,,,,,,,
1992-04-29 20:00:00,1002.5,1005.8,26.5,21.0,72.0,6.0,247.5,,,0.0,0.0,,,,,,,,,,1.0,,,,,,,,,,,,,,,,,,,,,,,,12.0,,,,,,,,,
1992-04-29 21:00:00,1004.1,1007.4,26.6,20.0,67.0,9.7,270.0,,,0.0,0.0,,,24.5,24.3,24.7,24.4,,,,1.0,,,,,,,,,,,,,,,,,,,,,23.8,,,15.0,,,,,,,,,
1992-04-29 22:00:00,,,,,,,,,,0.0,,,,,,,,,,,,,,,,,,,,,,,,,,,,,,,,,,,,,,,,,,,,
1992-04-29 23:00:00,1005.3,1008.6,26.4,19.0,64.0,7.1,247.5,,,0.0,0.0,,,,,,,,,,1.0,,,,,,,,,,,,,,,,,,,,,,,,15.0,,,,,,,,,
1992-04-30 00:00:00,,,,,,,,,,0.0,,,,,,,,,,,,,,,,,,,,,,,,,,,,,,,,,,,,,,,,,,,,
1992-04-30 01:00:00,,,,,,,,,,0.0,,,,,,,,,,,,,,,,,,,,,,,,,,,,,,,,,,,,,,,,,,,,
1992-04-30 02:00:00,1003.5,1006.8,26.2,18.0,61.0,6.0,247.5,,,0.0,0.0,,,,,,,,,,0.0,,,,,,,,,,,,,,,,,,,,,,,,15.0,,,,,,,,,
1992-04-30 03:00:00,,,,,,,,,,0.0,,,,,,,,,,,,,,,,,,,,,,,,,,,,,,,,,,,,,,,,,,,,
1992-04-30 04:00:00,,,,,,,,,,0.0,,,,,,,,,,,,,,,,,,,,,,,,,,,,,,,,,,,,,,,,,,,,
1992-04-30 05:00:00,1004.9,1008.2,27.0,19.0,62.0,4.8,247.5,,,0.0,0.0,,,23.1,23.1,23.7,23.7,,,,5.0,,,,,,,,,,,,,,,,,,,,,23.6,,,15.0,,,,,,,,,
1992-04-30 06:00:00,,,,,,,,,,0.0,,,,,,,,,,,,,,,,,,,,,,,,,,,,,,,,,,,,,,,,,,,,
1992-04-30 07:00:00,,,,,,,,,,0.0,,,,,,,,,,,,,,,,,,,,,,,,,,,,,,,,,,,,,,,,,,,,
1992-04-30 08:00:00,1006.4,1009.7,27.2,20.2,66.0,4.6,247.5,,,0.0,0.0,0.1,,,,,,,,,8.0,,,,,,,,,,,,,,,,,,,,,,,,15.0,,,,,,,,,
1992-04-30 09:00:00,1006.9,1010.2,28.3,21.5,67.0,7.7,270.0,,,0.0,0.0,0.8,,,,,,,,,7.0,,,,,,,,,,,,,,,,,,,,,,,,15.0,,,,,,,,,
1992-04-30 10:00:00,,,,,,,,,,0.0,,,,,,,,,,,,,,,,,,,,,,,,,,,,,,,,,,,,,,,,,,,,
1992-04-30 11:00:00,1007.4,1010.7,28.2,21.7,68.0,6.5,270.0,,,0.0,0.0,0.3,,,,,,,,,9.0,,,,,,,,,,,,,,,,,,,,,,,,15.0,,,,,,,,,
1992-04-30 12:00:00,,,,,,,,,,0.0,,,,,,,,,,,,,,,,,,,,,,,,,,,,,,,,,,,,,,,,,,,,
1992-04-30 13:00:00,,,,,,,,,,0.0,,,,,,,,,,,,,,,,,,,,,,,,,,,,,,,,,,,,,,,,,,,,
1992-04-30 14:00:00,1006.6,1009.9,26.9,23.5,82.0,4.7,270.0,,,0.0,0.0,0.0,,25.9,25.3,24.8,24.1,,,,10.0,,,,,,,,,,,,,,,,,,,,,23.5,,,12.0,,,,,,,,,
1992-04-30 15:00:00,,,,,,,,,,0.0,,,,,,,,,,,,,,,,,,,,,,,,,,,,,,,,,,,,,,,,,,,,
1992-04-30 16:00:00,,,,,,,,,,0.0,,,,,,,,,,,,,,,,,,,,,,,,,,,,,,,,,,,,,,,,,,,,
1992-04-30 17:00:00,1007.1,1010.4,24.5,21.9,85.0,4.3,360.0,,,0.0,0.0,0.0,,,,,,,,,10.0,,,,,,,,,,,,,,,,,,,,,,,,8.0,,,,,,,,,
1992-04-30 18:00:00,,,,,,,,,,0.0,,,,,,,,,,,,,,,,,,,,,,,,,,,,,,,,,,,,,,,,,,,,
1992-04-30 19:00:00,,,,,,,,,,0.0,,,,,,,,,,,,,,,,,,,,,,,,,,,,,,,,,,,,,,,,,,,,
1992-04-30 20:00:00,1009.2,1012.6,24.1,21.4,85.0,2.3,90.0,,,0.0,0.0,,,,,,,,,,10.0,,,,,,,,,,,,,,,,,,,,,,,,8.0,,,,,,,,,
1992-04-30 21:00:00,1009.8,1013.2,23.4,21.0,86.0,2.1,90.0,,,0.0,0.0,,,24.5,24.2,24.5,24.2,,,,10.0,,,,,,,,,,,,,,,,,,,,,23.8,,,6.0,,,,,,,,,
1992-04-30 22:00:00,,,,,,,,,,0.0,,,,,,,,,,,,,,,,,,,,,,,,,,,,,,,,,,,,,,,,,,,,
1992-04-30 23:00:00,1008.8,1012.2,22.7,21.2,91.0,1.7,135.0,,,0.2,0.3,,,,,,,,,,10.0,,,,,,,,,,,,,,,,,,,,,,,,6.0,,,,,,,,,
1992-05-01 00:00:00,,,,,,,,,,0.0,,,,,,,,,,,,,,,,,,,,,,,,,,,,,,,,,,,,,,,,,,,,
1992-05-01 01:00:00,,,,,,,,,,0.0,,,,,,,,,,,,,,,,,,,,,,,,,,,,,,,,,,,,,,,,,,,,
1992-05-01 02:00:00,1007.4,1010.8,22.7,21.1,91.0,1.9,90.0,,,0.0,0.0,,,,,,,,,,10.0,,,,,,,,,,,,,,,,,,,,,,,,6.0,,,,,,,,,
1992-05-01 03:00:00,,,,,,,,,,0.0,,,,,,,,,,,,,,,,,,,,,,,,,,,,,,,,,,,,,,,,,,,,
1992-05-01 04:00:00,,,,,,,,,,0.0,,,,,,,,,,,,,,,,,,,,,,,,,,,,,,,,,,,,,,,,,,,,
1992-05-01 05:00:00,1007.5,1010.9,22.5,21.0,91.0,0.7,90.0,,,0.0,0.0,,,23.9,23.6,24.0,23.8,,,,10.0,,,,,,,,,,,,,,,,,,,,,23.8,,,6.0,,,,,,,,,
1992-05-01 06:00:00,,,,,,,,,,0.0,,,,,,,,,,,,,,,,,,,,,,,,,,,,,,,,,,,,,,,,,,,,
1992-05-01 07:00:00,,,,,,,,,,0.0,,,,,,,,,,,,,,,,,,,,,,,,,,,,,,,,,,,,,,,,,,,,
1992-05-01 08:00:00,1009.2,1012.6,24.1,22.3,90.0,1.7,112.5,,,0.0,0.0,0.0,,,,,,,,,10.0,,,,,,,,,,,,,,,,,,,,,,,,6.0,,,,,,,,,
1992-05-01 09:00:00,1009.4,1012.7,25.7,23.2,86.0,0.4,135.0,,,0.0,0.0,0.2,,,,,,,,,10.0,,,,,,,,,,,,,,,,,,,,,,,,8.0,,,,,,,,,
1992-05-01 10:00:00,,,,,,,,,,0.0,,,,,,,,,,,,,,,,,,,,,,,,,,,,,,,,,,,,,,,,,,,,
1992-05-01 11:00:00,1008.9,1012.2,28.2,23.6,76.0,2.5,270.0,,,0.0,0.0,0.4,,,,,,,,,6.0,,,,,,,,,,,,,,,,,,,,,,,,12.0,,,,,,,,,
1992-05-01 12:00:00,,,,,,,,,,0.0,,,,,,,,,,,,,,,,,,,,,,,,,,,,,,,,,,,,,,,,,,,,
1992-05-01 13:00:00,,,,,,,,,,0.0,,,,,,,,,,,,,,,,,,,,,,,,,,,,,,,,,,,,,,,,,,,,
1992-05-01 14:00:00,1006.3,1009.6,27.8,22.1,71.0,3.3,315.0,,,0.0,0.0,0.5,,28.6,27.1,25.7,24.7,,,,10.0,,,,,,,,,,,,,,,,,,,,,24.0,,,12.0,,,,,,,,,
1992-05-01 15:00:00,,,,,,,,,,0.0,,,,,,,,,,,,,,,,,,,,,,,,,,,,,,,,,,,,,,,,,,,,
1992-05-01 16:00:00,,,,,,,,,,0.0,,,,,,,,,,,,,,,,,,,,,,,,,,,,,,,,,,,,,,,,,,,,
1992-05-01 17:00:00,1005.5,1008.8,27.0,21.7,73.0,0.5,45.0,,,0.0,0.0,0.0,,,,,,,,,10.0,,,,,,,,,,,,,,,,,,,,,,,,12.0,,,,,,,,,
1992-05-01 18:00:00,,,,,,,,,,0.0,,,,,,,,,,,,,,,,,,,,,,,,,,,,,,,,,,,,,,,,,,,,
1992-05-01 19:00:00,,,,,,,,,,0.0,,,,,,,,,,,,,,,,,,,,,,,,,,,,,,,,,,,,,,,,,,,,
1992-05-01 20:00:00,1007.2,1010.6,24.2,20.2,78.0,2.9,112.5,,,0.0,0.0,,,,,,,,,,9.0,,,,,,,,,,,,,,,,,,,,,,,,12.0,,,,,,,,,
1992-05-01 21:00:00,1006.9,1010.3,23.8,20.1,80.0,2.1,90.0,,,0.0,0.0,,,25.1,25.0,25.4,25.2,,,,9.0,,,,,,,,,,,,,,,,,,,,,24.4,,,12.0,,,,,,,,,
1992-05-01 22:00:00,,,,,,,,,,0.0,,,,,,,,,,,,,,,,,,,,,,,,,,,,,,,,,,,,,,,,,,,,
1992-05-01 23:00:00,1007.7,1011.1,23.6,20.2,81.0,0.4,112.5,,,0.0,0.0,,,,,,,,,,9.0,,,,,,,,,,,,,,,,,,,,,,,,12.0,,,,,,,,,
1992-05-02 00:00:00,,,,,,,,,,0.0,,,,,,,,,,,,,,,,,,,,,,,,,,,,,,,,,,,,,,,,,,,,
1992-05-02 01:00:00,,,,,,,,,,0.0,,,,,,,,,,,,,,,,,,,,,,,,,,,,,,,,,,,,,,,,,,,,
1992-05-02 02:00:00,1006.3,1009.6,22.9,21.9,94.0,1.5,315.0,,,0.5,0.7,,,,,,,,,,10.0,,,,,,,,,,,,,,,,,,,,,,,,8.0,,,,,,,,,
1992-05-02 03:00:00,,,,,,,,,,0.2,,,,,,,,,,,,,,,,,,,,,,,,,,,,,,,,,,,,,,,,,,,,
1992-05-02 04:00:00,,,,,,,,,,0.0,,,,,,,,,,,,,,,,,,,,,,,,,,,,,,,,,,,,,,,,,,,,
1992-05-02 05:00:00,1006.4,1009.8,22.7,21.7,94.0,1.8,45.0,,,0.0,0.0,,,24.4,24.1,24.5,24.5,,,,10.0,,,,,,,,,,,,,,,,,,,,,24.3,,,8.0,,,,,,,,,
1992-05-02 06:00:00,,,,,,,,,,0.0,,,,,,,,,,,,,,,,,,,,,,,,,,,,,,,,,,,,,,,,,,,,
1992-05-02 07:00:00,,,,,,,,,,0.0,,,,,,,,,,,,,,,,,,,,,,,,,,,,,,,,,,,,,,,,,,,,
1992-05-02 08:00:00,1007.4,1010.7,24.0,21.6,86.0,2.2,45.0,,,0.0,0.0,0.0,,,,,,,,,10.0,,,,,,,,,,,,,,,,,,,,,,,,12.0,,,,,,,,,
1992-05-02 09:00:00,1007.6,1011.0,24.6,21.5,88.0,0.7,45.0,,,0.0,0.0,0.0,,,,,,,,,10.0,,,,,,,,,,,,,,,,,,,,,,,,8.0,,,,,,,,,
1992-05-02 10:00:00,,,,,,,,,,0.0,,,,,,,,,,,,,,,,,,,,,,,,,,,,,,,,,,,,,,,,,,,,
1992-05-02 11:00:00,1008.3,1011.7,26.0,23.0,83.0,2.2,315.0,,,0.0,0.0,0.0,,,,,,,,,10.0,,,,,,,,,,,,,,,,,,,,,,,,8.0,,,,,,,,,
1992-05-02 12:00:00,,,,,,,,,,0.0,,,,,,,,,,,,,,,,,,,,,,,,,,,,,,,,,,,,,,,,,,,,
1992-05-02 13:00:00,,,,,,,,,,0.0,,,,,,,,,,,,,,,,,,,,,,,,,,,,,,,,,,,,,,,,,,,,
1992-05-02 14:00:00,1006.8,1010.1,26.2,22.6,81.0,4.5,315.0,,,0.0,0.0,0.0,,27.4,26.3,25.5,24.8,,,,10.0,,,,,,,,,,,,,,,,,,,,,24.3,,,12.0,,,,,,,,,
1992-05-02 15:00:00,,,,,,,,,,0.0,,,,,,,,,,,,,,,,,,,,,,,,,,,,,,,,,,,,,,,,,,,,
1992-05-02 16:00:00,,,,,,,,,,0.0,,,,,,,,,,,,,,,,,,,,,,,,,,,,,,,,,,,,,,,,,,,,
1992-05-02 17:00:00,1007.5,1010.8,24.0,21.9,89.0,3.5,360.0,,,0.0,0.0,0.0,,,,,,,,,10.0,,,,,,,,,,,,,,,,,,,,,,,,10.0,,,,,,,,,
1992-05-02 18:00:00,,,,,,,,,,0.0,,,,,,,,,,,,,,,,,,,,,,,,,,,,,,,,,,,,,,,,,,,,
1992-05-02 19:00:00,,,,,,,,,,0.0,,,,,,,,,,,,,,,,,,,,,,,,,,,,,,,,,,,,,,,,,,,,
1992-05-02 20:00:00,1008.9,1012.2,23.6,21.6,89.0,3.0,67.5,,,0.0,0.0,,,,,,,,,,10.0,,,,,,,,,,,,,,,,,,,,,,,,8.0,,,,,,,,,
1992-05-02 21:00:00,1009.0,1012.4,23.6,21.5,88.0,3.0,90.0,,,0.0,0.0,,,25.1,24.8,25.0,24.8,,,,10.0,,,,,,,,,,,,,,,,,,,,,24.4,,,8.0,,,,,,,,,
1992-05-02 22:00:00,,,,,,,,,,0.0,,,,,,,,,,,,,,,,,,,,,,,,,,,,,,,,,,,,,,,,,,,,
1992-05-02 23:00:00,1008.8,1012.2,22.6,19.7,84.0,3.0,90.0,,,0.0,0.0,,,,,,,,,,10.0,,,,,,,,,,,,,,,,,,,,,,,,8.0,,,,,,,,,
1992-05-03 00:00:00,,,,,,,,,,0.0,,,,,,,,,,,,,,,,,,,,,,,,,,,,,,,,,,,,,,,,,,,,
1992-05-03 01:00:00,,,,,,,,,,0.0,,,,,,,,,,,,,,,,,,,,,,,,,,,,,,,,,,,,,,,,,,,,
1992-05-03 02:00:00,1006.7,1010.1,23.2,18.1,77.0,2.0,112.5,,,0.0,0.0,,,,,,,,,,10.0,,,,,,,,,,,,,,,,,,,,,,,,8.0,,,,,,,,,
1992-05-03 03:00:00,,,,,,,,,,0.0,,,,,,,,,,,,,,,,,,,,,,,,,,,,,,,,,,,,,,,,,,,,
1992-05-03 04:00:00,,,,,,,,,,0.0,,,,,,,,,,,,,,,,,,,,,,,,,,,,,,,,,,,,,,,,,,,,
1992-05-03 05:00:00,1006.1,1009.5,22.8,19.3,80.0,2.2,112.5,,,0.0,0.0,,,23.6,23.6,24.2,24.3,,,,10.0,,,,,,,,,,,,,,,,,,,,,24.3,,,15.0,,,,,,,,,
1992-05-03 06:00:00,,,,,,,,,,0.0,,,,,,,,,,,,,,,,,,,,,,,,,,,,,,,,,,,,,,,,,,,,
1992-05-03 07:00:00,,,,,,,,,,0.0,,,,,,,,,,,,,,,,,,,,,,,,,,,,,,,,,,,,,,,,,,,,
1992-05-03 08:00:00,1007.7,1011.0,24.0,19.6,76.0,2.2,135.0,,,0.0,0.0,0.5,,,,,,,,,10.0,,,,,,,,,,,,,,,,,,,,,,,,15.0,,,,,,,,,
1992-05-03 09:00:00,1009.2,1012.5,26.1,20.2,70.0,2.1,202.5,,,0.0,0.0,0.2,,,,,,,,,6.0,,,,,,,,,,,,,,,,,,,,,,,,10.0,,,,,,,,,
1992-05-03 10:00:00,,,,,,,,,,0.0,,,,,,,,,,,,,,,,,,,,,,,,,,,,,,,,,,,,,,,,,,,,
1992-05-03 11:00:00,1009.4,1012.7,27.7,23.1,76.0,2.4,270.0,,,0.0,0.0,0.9,,,,,,,,,6.0,,,,,,,,,,,,,,,,,,,,,,,,10.0,,,,,,,,,
1992-05-03 12:00:00,,,,,,,,,,0.0,,,,,,,,,,,,,,,,,,,,,,,,,,,,,,,,,,,,,,,,,,,,
1992-05-03 13:00:00,,,,,,,,,,0.0,,,,,,,,,,,,,,,,,,,,,,,,,,,,,,,,,,,,,,,,,,,,
1992-05-03 14:00:00,1008.7,1012.0,28.4,23.4,74.0,2.0,292.5,,,0.0,0.0,0.3,,27.6,26.4,25.8,24.9,,,,8.0,,,,,,,,,,,,,,,,,,,,,24.3,,,7.0,,,,,,,,,
1992-05-03 15:00:00,,,,,,,,,,0.0,,,,,,,,,,,,,,,,,,,,,,,,,,,,,,,,,,,,,,,,,,,,
1992-05-03 16:00:00,,,,,,,,,,0.0,,,,,,,,,,,,,,,,,,,,,,,,,,,,,,,,,,,,,,,,,,,,
1992-05-03 17:00:00,1008.3,1011.6,28.0,23.0,74.0,1.5,157.5,,,0.0,0.0,0.2,,,,,,,,,9.0,,,,,,,,,,,,,,,,,,,,,,,,7.0,,,,,,,,,
1992-05-03 18:00:00,,,,,,,,,,0.0,,,,,,,,,,,,,,,,,,,,,,,,,,,,,,,,,,,,,,,,,,,,
1992-05-03 19:00:00,,,,,,,,,,0.0,,,,,,,,,,,,,,,,,,,,,,,,,,,,,,,,,,,,,,,,,,,,
1992-05-03 20:00:00,1010.1,1013.4,26.0,22.6,82.0,1.4,112.5,,,0.0,0.0,,,,,,,,,,9.0,,,,,,,,,,,,,,,,,,,,,,,,7.0,,,,,,,,,
1992-05-03 21:00:00,1010.4,1013.8,25.4,22.1,82.0,1.1,157.5,,,0.0,0.0,,,25.8,25.7,25.9,25.4,,,,6.0,,,,,,,,,,,,,,,,,,,,,24.6,,,7.0,,,,,,,,,
1992-05-03 22:00:00,,,,,,,,,,0.0,,,,,,,,,,,,,,,,,,,,,,,,,,,,,,,,,,,,,,,,,,,,
1992-05-03 23:00:00,1010.4,1013.8,23.8,21.9,89.0,0.8,157.5,,,0.0,0.0,,,,,,,,,,5.0,,,,,,,,,,,,,,,,,,,,,,,,7.0,,,,,,,,,
1992-05-04 00:00:00,,,,,,,,,,0.0,,,,,,,,,,,,,,,,,,,,,,,,,,,,,,,,,,,,,,,,,,,,
1992-05-04 01:00:00,,,,,,,,,,0.0,,,,,,,,,,,,,,,,,,,,,,,,,,,,,,,,,,,,,,,,,,,,
1992-05-04 02:00:00,1009.4,1012.8,22.6,21.9,96.0,1.3,90.0,,,0.0,0.0,,,,,,,,,,10.0,,,,,,,,,,,,,,,,,,,,,,,,6.0,,,,,,,,,
1992-05-04 03:00:00,,,,,,,,,,0.0,,,,,,,,,,,,,,,,,,,,,,,,,,,,,,,,,,,,,,,,,,,,
1992-05-04 04:00:00,,,,,,,,,,0.0,,,,,,,,,,,,,,,,,,,,,,,,,,,,,,,,,,,,,,,,,,,,
1992-05-04 05:00:00,1010.2,1013.6,21.7,21.1,96.0,1.4,135.0,,,0.0,0.0,,,24.3,24.3,24.9,24.9,,,,6.0,,,,,,,,,,,,,,,,,,,,,24.7,,,4.0,,,,,,,,,
1992-05-04 06:00:00,,,,,,,,,,0.0,,,,,,,,,,,,,,,,,,,,,,,,,,,,,,,,,,,,,,,,,,,,
1992-05-04 07:00:00,,,,,,,,,,0.0,,,,,,,,,,,,,,,,,,,,,,,,,,,,,,,,,,,,,,,,,,,,
1992-05-04 08:00:00,1011.6,1015.0,24.7,22.1,85.0,1.2,135.0,,,0.0,0.0,0.4,,,,,,,,,7.0,,,,,,,,,,,,,,,,,,,,,,,,5.0,,,,,,,,,
1992-05-04 09:00:00,1011.7,1015.0,26.4,22.6,80.0,1.1,135.0,,,0.0,0.0,0.6,,,,,,,,,7.0,,,,,,,,,,,,,,,,,,,,,,,,6.0,,,,,,,,,
1992-05-04 10:00:00,,,,,,,,,,0.0,,,,,,,,,,,,,,,,,,,,,,,,,,,,,,,,,,,,,,,,,,,,
1992-05-04 11:00:00,1011.6,1014.9,27.2,24.3,84.0,1.9,315.0,,,0.0,0.0,0.7,,,,,,,,,6.0,,,,,,,,,,,,,,,,,,,,,,,,6.0,,,,,,,,,
1992-05-04 12:00:00,,,,,,,,,,0.0,,,,,,,,,,,,,,,,,,,,,,,,,,,,,,,,,,,,,,,,,,,,
1992-05-04 13:00:00,,,,,,,,,,0.0,,,,,,,,,,,,,,,,,,,,,,,,,,,,,,,,,,,,,,,,,,,,
1992-05-04 14:00:00,1010.3,1013.6,25.8,23.1,85.0,4.1,315.0,,,0.0,0.0,0.7,,29.8,28.5,26.6,25.6,,,,8.0,,,,,,,,,,,,,,,,,,,,,24.8,,,10.0,,,,,,,,,
1992-05-04 15:00:00,,,,,,,,,,0.0,,,,,,,,,,,,,,,,,,,,,,,,,,,,,,,,,,,,,,,,,,,,
1992-05-04 16:00:00,,,,,,,,,,0.0,,,,,,,,,,,,,,,,,,,,,,,,,,,,,,,,,,,,,,,,,,,,
1992-05-04 17:00:00,1010.7,1014.1,25.4,22.1,82.0,1.5,315.0,,,0.0,0.0,0.0,,,,,,,,,10.0,,,,,,,,,,,,,,,,,,,,,,,,8.0,,,,,,,,,
1992-05-04 18:00:00,,,,,,,,,,0.0,,,,,,,,,,,,,,,,,,,,,,,,,,,,,,,,,,,,,,,,,,,,
1992-05-04 19:00:00,,,,,,,,,,0.0,,,,,,,,,,,,,,,,,,,,,,,,,,,,,,,,,,,,,,,,,,,,
1992-05-04 20:00:00,1011.5,1014.9,24.1,22.8,92.0,0.6,90.0,,,0.0,0.0,,,,,,,,,,2.0,,,,,,,,,,,,,,,,,,,,,,,,4.0,,,,,,,,,
1992-05-04 21:00:00,1011.8,1015.2,23.8,22.9,95.0,1.3,112.5,,,0.0,0.0,,,26.0,25.8,26.3,26.0,,,,1.0,,,,,,,,,,,,,,,,,,,,,25.2,,,4.0,,,,,,,,,
1992-05-04 22:00:00,,,,,,,,,,0.0,,,,,,,,,,,,,,,,,,,,,,,,,,,,,,,,,,,,,,,,,,,,
1992-05-04 23:00:00,1011.8,1015.2,23.2,22.4,95.0,1.3,90.0,,,0.0,0.0,,,,,,,,,,1.0,,,,,,,,,,,,,,,,,,,,,,,,4.0,,,,,,,,,
1992-05-05 00:00:00,,,,,,,,,,0.0,,,,,,,,,,,,,,,,,,,,,,,,,,,,,,,,,,,,,,,,,,,,
1992-05-05 01:00:00,,,,,,,,,,0.0,,,,,,,,,,,,,,,,,,,,,,,,,,,,,,,,,,,,,,,,,,,,
1992-05-05 02:00:00,1010.1,1013.5,22.2,21.3,95.0,1.8,112.5,,,0.0,0.0,,,,,,,,,,4.0,,,,,,,,,,,,,,,,,,,,,,,,4.0,,,,,,,,,
1992-05-05 03:00:00,,,,,,,,,,0.0,,,,,,,,,,,,,,,,,,,,,,,,,,,,,,,,,,,,,,,,,,,,
1992-05-05 04:00:00,,,,,,,,,,0.0,,,,,,,,,,,,,,,,,,,,,,,,,,,,,,,,,,,,,,,,,,,,
1992-05-05 05:00:00,1010.2,1013.6,21.3,20.2,93.0,1.8,90.0,,,0.0,0.0,,,24.8,24.5,25.0,25.1,,,,3.0,,,,,,,,,,,,,,,,,,,,,25.0,,,8.0,,,,,,,,,
1992-05-05 06:00:00,,,,,,,,,,0.0,,,,,,,,,,,,,,,,,,,,,,,,,,,,,,,,,,,,,,,,,,,,
1992-05-05 07:00:00,,,,,,,,,,0.0,,,,,,,,,,,,,,,,,,,,,,,,,,,,,,,,,,,,,,,,,,,,
1992-05-05 08:00:00,1011.2,1014.6,25.3,19.8,72.0,1.7,112.5,,,0.0,0.0,1.0,,,,,,,,,4.0,,,,,,,,,,,,,,,,,,,,,,,,10.0,,,,,,,,,
1992-05-05 09:00:00,1011.3,1014.6,27.6,20.8,67.0,0.9,157.5,,,0.0,0.0,1.0,,,,,,,,,6.0,,,,,,,,,,,,,,,,,,,,,,,,15.0,,,,,,,,,
1992-05-05 10:00:00,,,,,,,,,,0.0,,,,,,,,,,,,,,,,,,,,,,,,,,,,,,,,,,,,,,,,,,,,
1992-05-05 11:00:00,1011.0,1014.3,28.9,23.9,74.0,1.9,315.0,,,0.0,0.0,0.7,,,,,,,,,9.0,,,,,,,,,,,,,,,,,,,,,,,,12.0,,,,,,,,,
1992-05-05 12:00:00,,,,,,,,,,0.0,,,,,,,,,,,,,,,,,,,,,,,,,,,,,,,,,,,,,,,,,,,,
1992-05-05 13:00:00,,,,,,,,,,0.0,,,,,,,,,,,,,,,,,,,,,,,,,,,,,,,,,,,,,,,,,,,,
1992-05-05 14:00:00,1009.0,1012.3,29.0,23.0,70.0,3.9,292.5,,,0.0,0.0,1.0,,30.3,28.6,27.0,26.0,,,,9.0,,,,,,,,,,,,,,,,,,,,,25.2,,,12.0,,,,,,,,,
1992-05-05 15:00:00,,,,,,,,,,0.0,,,,,,,,,,,,,,,,,,,,,,,,,,,,,,,,,,,,,,,,,,,,
1992-05-05 16:00:00,,,,,,,,,,0.0,,,,,,,,,,,,,,,,,,,,,,,,,,,,,,,,,,,,,,,,,,,,
1992-05-05 17:00:00,1008.1,1011.4,28.8,22.2,68.0,1.6,292.5,,,0.0,0.0,1.0,,,,,,,,,6.0,,,,,,,,,,,,,,,,,,,,,,,,12.0,,,,,,,,,
1992-05-05 18:00:00,,,,,,,,,,0.0,,,,,,,,,,,,,,,,,,,,,,,,,,,,,,,,,,,,,,,,,,,,
1992-05-05 19:00:00,,,,,,,,,,0.0,,,,,,,,,,,,,,,,,,,,,,,,,,,,,,,,,,,,,,,,,,,,
1992-05-05 20:00:00,1009.3,1012.6,26.4,22.7,80.0,0.2,0.0,,,0.0,0.0,,,,,,,,,,3.0,,,,,,,,,,,,,,,,,,,,,,,,12.0,,,,,,,,,
1992-05-05 21:00:00,1009.8,1013.1,25.3,23.7,91.0,1.6,112.5,,,0.0,0.0,,,26.8,26.6,26.8,26.5,,,,4.0,,,,,,,,,,,,,,,,,,,,,25.5,,,12.0,,,,,,,,,
1992-05-05 22:00:00,,,,,,,,,,0.0,,,,,,,,,,,,,,,,,,,,,,,,,,,,,,,,,,,,,,,,,,,,
1992-05-05 23:00:00,1009.5,1012.9,24.8,23.4,92.0,1.4,90.0,,,0.0,0.0,,,,,,,,,,10.0,,,,,,,,,,,,,,,,,,,,,,,,8.0,,,,,,,,,
1992-05-06 00:00:00,,,,,,,,,,0.0,,,,,,,,,,,,,,,,,,,,,,,,,,,,,,,,,,,,,,,,,,,,
1992-05-06 01:00:00,,,,,,,,,,0.0,,,,,,,,,,,,,,,,,,,,,,,,,,,,,,,,,,,,,,,,,,,,
1992-05-06 02:00:00,1008.4,1011.8,24.7,22.4,87.0,1.8,112.5,,,0.0,0.0,,,,,,,,,,10.0,,,,,,,,,,,,,,,,,,,,,,,,8.0,,,,,,,,,
1992-05-06 03:00:00,,,,,,,,,,0.0,,,,,,,,,,,,,,,,,,,,,,,,,,,,,,,,,,,,,,,,,,,,
1992-05-06 04:00:00,,,,,,,,,,0.0,,,,,,,,,,,,,,,,,,,,,,,,,,,,,,,,,,,,,,,,,,,,
1992-05-06 05:00:00,1007.7,1011.1,24.1,22.5,91.0,1.8,90.0,,,0.0,0.0,,,25.7,25.5,25.9,26.0,,,,10.0,,,,,,,,,,,,,,,,,,,,,25.6,,,8.0,,,,,,,,,
1992-05-06 06:00:00,,,,,,,,,,0.0,,,,,,,,,,,,,,,,,,,,,,,,,,,,,,,,,,,,,,,,,,,,
1992-05-06 07:00:00,,,,,,,,,,0.0,,,,,,,,,,,,,,,,,,,,,,,,,,,,,,,,,,,,,,,,,,,,
1992-05-06 08:00:00,1008.2,1011.5,26.1,22.7,82.0,2.1,112.5,,,0.0,0.0,0.0,,,,,,,,,10.0,,,,,,,,,,,,,,,,,,,,,,,,8.0,,,,,,,,,
1992-05-06 09:00:00,1007.9,1011.2,28.5,23.8,76.0,1.7,112.5,,,0.0,0.0,0.7,,,,,,,,,7.0,,,,,,,,,,,,,,,,,,,,,,,,8.0,,,,,,,,,
1992-05-06 10:00:00,,,,,,,,,,0.0,,,,,,,,,,,,,,,,,,,,,,,,,,,,,,,,,,,,,,,,,,,,
1992-05-06 11:00:00,1007.9,1011.2,28.2,24.3,79.0,3.6,292.5,,,0.0,0.0,0.1,,,,,,,,,10.0,,,,,,,,,,,,,,,,,,,,,,,,8.0,,,,,,,,,
1992-05-06 12:00:00,,,,,,,,,,0.0,,,,,,,,,,,,,,,,,,,,,,,,,,,,,,,,,,,,,,,,,,,,
1992-05-06 13:00:00,,,,,,,,,,0.0,,,,,,,,,,,,,,,,,,,,,,,,,,,,,,,,,,,,,,,,,,,,
1992-05-06 14:00:00,1005.9,1009.2,29.0,23.5,72.0,4.5,247.5,,,0.0,0.0,0.0,,28.3,27.6,27.0,26.3,,,,10.0,,,,,,,,,,,,,,,,,,,,,25.5,,,12.0,,,,,,,,,
1992-05-06 15:00:00,,,,,,,,,,0.0,,,,,,,,,,,,,,,,,,,,,,,,,,,,,,,,,,,,,,,,,,,,
1992-05-06 16:00:00,,,,,,,,,,0.0,,,,,,,,,,,,,,,,,,,,,,,,,,,,,,,,,,,,,,,,,,,,
1992-05-06 17:00:00,1004.8,1008.1,28.0,24.2,80.0,4.5,247.5,,,0.0,0.0,0.4,,,,,,,,,6.0,,,,,,,,,,,,,,,,,,,,,,,,15.0,,,,,,,,,
1992-05-06 18:00:00,,,,,,,,,,0.0,,,,,,,,,,,,,,,,,,,,,,,,,,,,,,,,,,,,,,,,,,,,
1992-05-06 19:00:00,,,,,,,,,,0.0,,,,,,,,,,,,,,,,,,,,,,,,,,,,,,,,,,,,,,,,,,,,
1992-05-06 20:00:00,1006.0,1009.3,27.1,23.8,82.0,1.0,202.5,,,0.0,0.0,,,,,,,,,,10.0,,,,,,,,,,,,,,,,,,,,,,,,12.0,,,,,,,,,
1992-05-06 21:00:00,1006.2,1009.5,26.8,24.0,85.0,1.2,180.0,,,0.0,0.0,,,26.6,26.5,26.7,26.4,,,,8.0,,,,,,,,,,,,,,,,,,,,,26.0,,,10.0,,,,,,,,,
1992-05-06 22:00:00,,,,,,,,,,0.0,,,,,,,,,,,,,,,,,,,,,,,,,,,,,,,,,,,,,,,,,,,,
1992-05-06 23:00:00,1006.5,1009.8,25.5,24.0,91.0,0.0,0.0,,,0.0,0.0,,,,,,,,,,9.0,,,,,,,,,,,,,,,,,,,,,,,,8.0,,,,,,,,,
1992-05-07 00:00:00,,,,,,,,,,0.0,,,,,,,,,,,,,,,,,,,,,,,,,,,,,,,,,,,,,,,,,,,,
1992-05-07 01:00:00,,,,,,,,,,0.0,,,,,,,,,,,,,,,,,,,,,,,,,,,,,,,,,,,,,,,,,,,,
1992-05-07 02:00:00,1004.3,1007.6,23.8,23.2,96.0,1.3,90.0,,,0.0,0.0,,,,,,,,,,8.0,,,,,,,,,,,,,,,,,,,,,,,,6.0,,,,,,,,,
1992-05-07 03:00:00,,,,,,,,,,0.0,,,,,,,,,,,,,,,,,,,,,,,,,,,,,,,,,,,,,,,,,,,,
1992-05-07 04:00:00,,,,,,,,,,0.0,,,,,,,,,,,,,,,,,,,,,,,,,,,,,,,,,,,,,,,,,,,,
1992-05-07 05:00:00,1004.3,1007.7,23.0,22.1,95.0,1.0,135.0,,,0.0,0.0,,,25.3,25.0,25.7,25.8,,,,2.0,,,,,,,,,,,,,,,,,,,,,25.6,,,6.0,,,,,,,,,
1992-05-07 06:00:00,,,,,,,,,,0.0,,,,,,,,,,,,,,,,,,,,,,,,,,,,,,,,,,,,,,,,,,,,
1992-05-07 07:00:00,,,,,,,,,,0.0,,,,,,,,,,,,,,,,,,,,,,,,,,,,,,,,,,,,,,,,,,,,
1992-05-07 08:00:00,1004.5,1007.8,26.6,22.4,78.0,1.0,112.5,,,0.0,0.0,1.0,,,,,,,,,8.0,,,,,,,,,,,,,,,,,,,,,,,,8.0,,,,,,,,,
1992-05-07 09:00:00,1004.2,1007.5,29.0,22.0,66.0,1.7,202.5,,,0.0,0.0,0.7,,,,,,,,,10.0,,,,,,,,,,,,,,,,,,,,,,,,10.0,,,,,,,,,
1992-05-07 10:00:00,,,,,,,,,,0.0,,,,,,,,,,,,,,,,,,,,,,,,,,,,,,,,,,,,,,,,,,,,
1992-05-07 11:00:00,1004.3,1007.6,29.5,22.7,67.0,7.2,270.0,,,0.0,0.0,1.0,,,,,,,,,9.0,,,,,,,,,,,,,,,,,,,,,,,,15.0,,,,,,,,,
1992-05-07 12:00:00,,,,,,,,,,0.0,,,,,,,,,,,,,,,,,,,,,,,,,,,,,,,,,,,,,,,,,,,,
1992-05-07 13:00:00,,,,,,,,,,0.0,,,,,,,,,,,,,,,,,,,,,,,,,,,,,,,,,,,,,,,,,,,,
1992-05-07 14:00:00,1002.7,1006.0,28.5,24.6,79.0,5.7,270.0,,,0.0,0.0,0.2,,28.3,27.6,26.9,26.3,,,,9.0,,,,,,,,,,,,,,,,,,,,,25.5,,,15.0,,,,,,,,,
1992-05-07 15:00:00,,,,,,,,,,0.0,,,,,,,,,,,,,,,,,,,,,,,,,,,,,,,,,,,,,,,,,,,,
1992-05-07 16:00:00,,,,,,,,,,0.0,,,,,,,,,,,,,,,,,,,,,,,,,,,,,,,,,,,,,,,,,,,,
1992-05-07 17:00:00,1002.5,1005.8,27.0,25.0,89.0,7.0,270.0,,,0.0,0.0,0.0,,,,,,,,,10.0,,,,,,,,,,,,,,,,,,,,,,,,12.0,,,,,,,,,
1992-05-07 18:00:00,,,,,,,,,,0.0,,,,,,,,,,,,,,,,,,,,,,,,,,,,,,,,,,,,,,,,,,,,
1992-05-07 19:00:00,,,,,,,,,,0.0,,,,,,,,,,,,,,,,,,,,,,,,,,,,,,,,,,,,,,,,,,,,
1992-05-07 20:00:00,1002.7,1006.0,27.1,22.3,75.0,3.7,225.0,,,0.0,0.0,,,,,,,,,,7.0,,,,,,,,,,,,,,,,,,,,,,,,10.0,,,,,,,,,
1992-05-07 21:00:00,1002.9,1006.2,27.1,20.4,67.0,1.6,225.0,,,0.0,0.0,,,26.0,25.8,26.5,26.4,,,,5.0,,,,,,,,,,,,,,,,,,,,,25.7,,,12.0,,,,,,,,,
1992-05-07 22:00:00,,,,,,,,,,0.0,,,,,,,,,,,,,,,,,,,,,,,,,,,,,,,,,,,,,,,,,,,,
1992-05-07 23:00:00,1002.5,1005.8,27.1,19.4,63.0,1.8,225.0,,,0.0,0.0,,,,,,,,,,9.0,,,,,,,,,,,,,,,,,,,,,,,,10.0,,,,,,,,,
1992-05-08 00:00:00,,,,,,,,,,0.0,,,,,,,,,,,,,,,,,,,,,,,,,,,,,,,,,,,,,,,,,,,,
1992-05-08 01:00:00,,,,,,,,,,0.0,,,,,,,,,,,,,,,,,,,,,,,,,,,,,,,,,,,,,,,,,,,,
1992-05-08 02:00:00,1002.4,1005.7,25.0,20.9,78.0,0.9,202.5,,,0.0,0.0,,,,,,,,,,9.0,,,,,,,,,,,,,,,,,,,,,,,,10.0,,,,,,,,,
1992-05-08 03:00:00,,,,,,,,,,0.0,,,,,,,,,,,,,,,,,,,,,,,,,,,,,,,,,,,,,,,,,,,,
1992-05-08 04:00:00,,,,,,,,,,0.0,,,,,,,,,,,,,,,,,,,,,,,,,,,,,,,,,,,,,,,,,,,,
1992-05-08 05:00:00,1002.9,1006.2,23.9,21.6,87.0,2.1,112.5,,,0.0,0.0,,,25.3,25.1,25.6,25.7,,,,10.0,,,,,,,,,,,,,,,,,,,,,25.5,,,12.0,,,,,,,,,
1992-05-08 06:00:00,,,,,,,,,,1.9,,,,,,,,,,,,,,,,,,,,,,,,,,,,,,,,,,,,,,,,,,,,
1992-05-08 07:00:00,,,,,,,,,,4.9,,,,,,,,,,,,,,,,,,,,,,,,,,,,,,,,,,,,,,,,,,,,
1992-05-08 08:00:00,1003.7,1007.0,23.8,22.7,94.0,3.4,157.5,,,0.6,0.3,0.5,,,,,,,,,5.0,,,,,,,,,,,,,,,,,,,,,,,,15.0,,,,,,,,,
1992-05-08 09:00:00,1003.4,1006.7,26.5,21.9,76.0,5.3,270.0,,,0.0,0.0,0.8,,,,,,,,,6.0,,,,,,,,,,,,,,,,,,,,,,,,15.0,,,,,,,,,
1992-05-08 10:00:00,,,,,,,,,,0.0,,,,,,,,,,,,,,,,,,,,,,,,,,,,,,,,,,,,,,,,,,,,
1992-05-08 11:00:00,1003.7,1007.0,25.0,21.9,83.0,6.6,270.0,,,-9.8,0.2,0.0,,,,,,,,,10.0,,,,,,,,,,,,,,,,,,,,,,,,15.0,,,,,,,,,
1992-05-08 12:00:00,,,,,,,,,,0.3,,,,,,,,,,,,,,,,,,,,,,,,,,,,,,,,,,,,,,,,,,,,
1992-05-08 13:00:00,,,,,,,,,,1.1,,,,,,,,,,,,,,,,,,,,,,,,,,,,,,,,,,,,,,,,,,,,
1992-05-08 14:00:00,1002.7,1006.0,26.7,22.2,76.0,3.2,202.5,,,0.0,0.0,0.2,,26.4,25.8,25.7,25.6,,,,10.0,,,,,,,,,,,,,,,,,,,,,25.4,,,15.0,,,,,,,,,
1992-05-08 15:00:00,,,,,,,,,,0.0,,,,,,,,,,,,,,,,,,,,,,,,,,,,,,,,,,,,,,,,,,,,
1992-05-08 16:00:00,,,,,,,,,,5.3,,,,,,,,,,,,,,,,,,,,,,,,,,,,,,,,,,,,,,,,,,,,
1992-05-08 17:00:00,1004.0,1007.4,21.9,21.9,98.0,1.7,157.5,,,5.0,1.0,0.0,,,,,,,,,10.0,,,,,,,,,,,,,,,,,,,,,,,,15.0,,,,,,,,,
1992-05-08 18:00:00,,,,,,,,,,1.1,,,,,,,,,,,,,,,,,,,,,,,,,,,,,,,,,,,,,,,,,,,,
1992-05-08 19:00:00,,,,,,,,,,0.0,,,,,,,,,,,,,,,,,,,,,,,,,,,,,,,,,,,,,,,,,,,,
1992-05-08 20:00:00,1004.3,1007.7,22.7,22.1,97.0,1.4,135.0,,,-9.8,0.2,,,,,,,,,,10.0,,,,,,,,,,,,,,,,,,,,,,,,12.0,,,,,,,,,
1992-05-08 21:00:00,1004.6,1008.0,23.0,22.0,94.0,2.2,135.0,,,0.1,0.2,,,24.8,24.5,25.1,25.2,,,,10.0,,,,,,,,,,,,,,,,,,,,,25.1,,,12.0,,,,,,,,,
1992-05-08 22:00:00,,,,,,,,,,0.0,,,,,,,,,,,,,,,,,,,,,,,,,,,,,,,,,,,,,,,,,,,,
1992-05-08 23:00:00,1005.4,1008.8,22.8,22.0,95.0,2.7,90.0,,,0.0,0.0,,,,,,,,,,10.0,,,,,,,,,,,,,,,,,,,,,,,,12.0,,,,,,,,,
1992-05-09 00:00:00,,,,,,,,,,0.0,,,,,,,,,,,,,,,,,,,,,,,,,,,,,,,,,,,,,,,,,,,,
1992-05-09 01:00:00,,,,,,,,,,0.2,,,,,,,,,,,,,,,,,,,,,,,,,,,,,,,,,,,,,,,,,,,,
1992-05-09 02:00:00,1003.5,1006.9,22.5,21.7,95.0,1.9,112.5,,,0.0,0.0,,,,,,,,,,10.0,,,,,,,,,,,,,,,,,,,,,,,,12.0,,,,,,,,,
1992-05-09 03:00:00,,,,,,,,,,0.0,,,,,,,,,,,,,,,,,,,,,,,,,,,,,,,,,,,,,,,,,,,,
1992-05-09 04:00:00,,,,,,,,,,0.0,,,,,,,,,,,,,,,,,,,,,,,,,,,,,,,,,,,,,,,,,,,,
1992-05-09 05:00:00,1005.0,1008.4,22.1,20.9,93.0,1.9,90.0,,,0.0,0.0,,,24.3,24.2,24.6,24.8,,,,10.0,,,,,,,,,,,,,,,,,,,,,25.0,,,12.0,,,,,,,,,
1992-05-09 06:00:00,,,,,,,,,,0.1,,,,,,,,,,,,,,,,,,,,,,,,,,,,,,,,,,,,,,,,,,,,
1992-05-09 07:00:00,,,,,,,,,,1.5,,,,,,,,,,,,,,,,,,,,,,,,,,,,,,,,,,,,,,,,,,,,
1992-05-09 08:00:00,1007.1,1010.5,21.8,21.5,98.0,2.3,157.5,,,2.0,1.0,0.0,,,,,,,,,10.0,,,,,,,,,,,,,,,,,,,,,,,,8.0,,,,,,,,,
1992-05-09 09:00:00,1007.7,1011.1,21.4,21.3,99.0,2.3,180.0,,,4.9,1.0,0.0,,,,,,,,,10.0,,,,,,,,,,,,,,,,,,,,,,,,8.0,,,,,,,,,
1992-05-09 10:00:00,,,,,,,,,,0.1,,,,,,,,,,,,,,,,,,,,,,,,,,,,,,,,,,,,,,,,,,,,
1992-05-09 11:00:00,1007.2,1010.6,23.5,23.3,99.0,1.9,45.0,,,2.6,1.0,0.0,,,,,,,,,10.0,,,,,,,,,,,,,,,,,,,,,,,,5.0,,,,,,,,,
1992-05-09 12:00:00,,,,,,,,,,1.8,,,,,,,,,,,,,,,,,,,,,,,,,,,,,,,,,,,,,,,,,,,,
1992-05-09 13:00:00,,,,,,,,,,0.7,,,,,,,,,,,,,,,,,,,,,,,,,,,,,,,,,,,,,,,,,,,,
1992-05-09 14:00:00,1007.0,1010.4,22.1,22.0,99.0,1.0,247.5,,,3.6,1.0,0.0,,24.4,24.4,24.5,24.6,,,,10.0,,,,,,,,,,,,,,,,,,,,,24.6,,,3.0,,,,,,,,,
1992-05-09 15:00:00,,,,,,,,,,10.4,,,,,,,,,,,,,,,,,,,,,,,,,,,,,,,,,,,,,,,,,,,,
1992-05-09 16:00:00,,,,,,,,,,0.2,,,,,,,,,,,,,,,,,,,,,,,,,,,,,,,,,,,,,,,,,,,,
1992-05-09 17:00:00,1008.7,1012.1,19.5,19.2,98.0,5.3,45.0,,,0.3,1.0,0.0,,,,,,,,,10.0,,,,,,,,,,,,,,,,,,,,,,,,5.0,,,,,,,,,
1992-05-09 18:00:00,,,,,,,,,,0.3,,,,,,,,,,,,,,,,,,,,,,,,,,,,,,,,,,,,,,,,,,,,
1992-05-09 19:00:00,,,,,,,,,,0.0,,,,,,,,,,,,,,,,,,,,,,,,,,,,,,,,,,,,,,,,,,,,
1992-05-09 20:00:00,1010.8,1014.2,18.8,17.7,93.0,6.1,67.5,,,0.0,0.0,,,,,,,,,,10.0,,,,,,,,,,,,,,,,,,,,,,,,12.0,,,,,,,,,
1992-05-09 21:00:00,1011.3,1014.7,18.9,17.8,93.0,6.3,67.5,,,0.0,0.0,,,23.1,23.1,23.8,24.2,,,,10.0,,,,,,,,,,,,,,,,,,,,,24.3,,,12.0,,,,,,,,,
1992-05-09 22:00:00,,,,,,,,,,0.0,,,,,,,,,,,,,,,,,,,,,,,,,,,,,,,,,,,,,,,,,,,,
1992-05-09 23:00:00,1011.7,1015.1,18.9,16.9,88.0,6.0,67.5,,,0.0,0.0,,,,,,,,,,10.0,,,,,,,,,,,,,,,,,,,,,,,,12.0,,,,,,,,,
1992-05-10 00:00:00,,,,,,,,,,0.0,,,,,,,,,,,,,,,,,,,,,,,,,,,,,,,,,,,,,,,,,,,,
1992-05-10 01:00:00,,,,,,,,,,0.0,,,,,,,,,,,,,,,,,,,,,,,,,,,,,,,,,,,,,,,,,,,,
1992-05-10 02:00:00,1010.3,1013.7,18.6,16.4,87.0,5.1,45.0,,,0.0,0.0,,,,,,,,,,10.0,,,,,,,,,,,,,,,,,,,,,,,,12.0,,,,,,,,,
1992-05-10 03:00:00,,,,,,,,,,0.0,,,,,,,,,,,,,,,,,,,,,,,,,,,,,,,,,,,,,,,,,,,,
1992-05-10 04:00:00,,,,,,,,,,0.0,,,,,,,,,,,,,,,,,,,,,,,,,,,,,,,,,,,,,,,,,,,,
1992-05-10 05:00:00,1011.0,1014.4,18.8,16.0,84.0,3.9,67.5,,,0.0,0.0,,,22.1,22.4,23.0,23.5,,,,10.0,,,,,,,,,,,,,,,,,,,,,24.0,,,12.0,,,,,,,,,
1992-05-10 06:00:00,,,,,,,,,,0.0,,,,,,,,,,,,,,,,,,,,,,,,,,,,,,,,,,,,,,,,,,,,
1992-05-10 07:00:00,,,,,,,,,,0.0,,,,,,,,,,,,,,,,,,,,,,,,,,,,,,,,,,,,,,,,,,,,
1992-05-10 08:00:00,1012.2,1015.6,17.4,14.6,84.0,6.7,45.0,,,0.0,0.0,0.0,,,,,,,,,10.0,,,,,,,,,,,,,,,,,,,,,,,,10.0,,,,,,,,,
1992-05-10 09:00:00,1012.7,1016.1,19.4,14.5,73.0,5.6,45.0,,,0.0,0.0,0.0,,,,,,,,,10.0,,,,,,,,,,,,,,,,,,,,,,,,12.0,,,,,,,,,
1992-05-10 10:00:00,,,,,,,,,,0.0,,,,,,,,,,,,,,,,,,,,,,,,,,,,,,,,,,,,,,,,,,,,
1992-05-10 11:00:00,1012.7,1016.1,19.9,15.0,73.0,5.1,45.0,,,0.0,0.0,0.0,,,,,,,,,10.0,,,,,,,,,,,,,,,,,,,,,,,,12.0,,,,,,,,,
1992-05-10 12:00:00,,,,,,,,,,0.0,,,,,,,,,,,,,,,,,,,,,,,,,,,,,,,,,,,,,,,,,,,,
1992-05-10 13:00:00,,,,,,,,,,0.0,,,,,,,,,,,,,,,,,,,,,,,,,,,,,,,,,,,,,,,,,,,,
1992-05-10 14:00:00,1011.6,1015.0,19.5,14.8,74.0,7.0,45.0,,,0.0,0.0,0.0,,22.6,22.4,22.9,23.1,,,,10.0,,,,,,,,,,,,,,,,,,,,,23.5,,,15.0,,,,,,,,,
1992-05-10 15:00:00,,,,,,,,,,0.0,,,,,,,,,,,,,,,,,,,,,,,,,,,,,,,,,,,,,,,,,,,,
1992-05-10 16:00:00,,,,,,,,,,0.0,,,,,,,,,,,,,,,,,,,,,,,,,,,,,,,,,,,,,,,,,,,,
1992-05-10 17:00:00,1011.5,1014.9,19.7,14.0,70.0,6.9,67.5,,,0.0,0.0,0.2,,,,,,,,,9.0,,,,,,,,,,,,,,,,,,,,,,,,15.0,,,,,,,,,
1992-05-10 18:00:00,,,,,,,,,,0.0,,,,,,,,,,,,,,,,,,,,,,,,,,,,,,,,,,,,,,,,,,,,
1992-05-10 19:00:00,,,,,,,,,,0.0,,,,,,,,,,,,,,,,,,,,,,,,,,,,,,,,,,,,,,,,,,,,
1992-05-10 20:00:00,1013.1,1016.5,18.6,13.8,74.0,5.2,45.0,,,0.0,0.0,,,,,,,,,,8.0,,,,,,,,,,,,,,,,,,,,,,,,15.0,,,,,,,,,
1992-05-10 21:00:00,1013.4,1016.8,18.6,13.8,74.0,3.4,67.5,,,0.0,0.0,,,21.6,21.6,22.5,23.0,,,,9.0,,,,,,,,,,,,,,,,,,,,,23.3,,,15.0,,,,,,,,,
1992-05-10 22:00:00,,,,,,,,,,0.0,,,,,,,,,,,,,,,,,,,,,,,,,,,,,,,,,,,,,,,,,,,,
1992-05-10 23:00:00,1013.0,1016.4,18.8,13.7,72.0,5.2,45.0,,,0.0,0.0,,,,,,,,,,10.0,,,,,,,,,,,,,,,,,,,,,,,,15.0,,,,,,,,,
1992-05-11 00:00:00,,,,,,,,,,0.0,,,,,,,,,,,,,,,,,,,,,,,,,,,,,,,,,,,,,,,,,,,,
1992-05-11 01:00:00,,,,,,,,,,0.0,,,,,,,,,,,,,,,,,,,,,,,,,,,,,,,,,,,,,,,,,,,,
1992-05-11 02:00:00,1012.1,1015.5,18.9,15.2,79.0,3.9,45.0,,,0.0,0.0,,,,,,,,,,10.0,,,,,,,,,,,,,,,,,,,,,,,,12.0,,,,,,,,,
1992-05-11 03:00:00,,,,,,,,,,0.0,,,,,,,,,,,,,,,,,,,,,,,,,,,,,,,,,,,,,,,,,,,,
1992-05-11 04:00:00,,,,,,,,,,0.0,,,,,,,,,,,,,,,,,,,,,,,,,,,,,,,,,,,,,,,,,,,,
1992-05-11 05:00:00,1012.1,1015.5,19.1,15.6,80.0,3.4,45.0,,,0.0,0.0,,,21.4,21.3,22.0,22.5,,,,10.0,,,,,,,,,,,,,,,,,,,,,23.0,,,15.0,,,,,,,,,
1992-05-11 06:00:00,,,,,,,,,,0.0,,,,,,,,,,,,,,,,,,,,,,,,,,,,,,,,,,,,,,,,,,,,
1992-05-11 07:00:00,,,,,,,,,,0.0,,,,,,,,,,,,,,,,,,,,,,,,,,,,,,,,,,,,,,,,,,,,
1992-05-11 08:00:00,1013.4,1016.8,20.3,16.3,78.0,5.3,45.0,,,0.0,0.0,0.0,,,,,,,,,10.0,,,,,,,,,,,,,,,,,,,,,,,,15.0,,,,,,,,,
1992-05-11 09:00:00,1013.5,1016.9,21.4,16.8,75.0,5.8,45.0,,,0.0,0.0,0.0,,,,,,,,,10.0,,,,,,,,,,,,,,,,,,,,,,,,15.0,,,,,,,,,
1992-05-11 10:00:00,,,,,,,,,,0.0,,,,,,,,,,,,,,,,,,,,,,,,,,,,,,,,,,,,,,,,,,,,
1992-05-11 11:00:00,1012.8,1016.2,22.9,17.5,72.0,7.2,22.5,,,0.0,0.0,0.6,,,,,,,,,4.0,,,,,,,,,,,,,,,,,,,,,,,,15.0,,,,,,,,,
1992-05-11 12:00:00,,,,,,,,,,0.0,,,,,,,,,,,,,,,,,,,,,,,,,,,,,,,,,,,,,,,,,,,,
1992-05-11 13:00:00,,,,,,,,,,0.0,,,,,,,,,,,,,,,,,,,,,,,,,,,,,,,,,,,,,,,,,,,,
1992-05-11 14:00:00,1011.6,1015.0,23.6,17.7,70.0,6.2,22.5,,,0.0,0.0,0.9,,25.6,24.4,24.5,23.1,,,,5.0,,,,,,,,,,,,,,,,,,,,,23.0,,,15.0,,,,,,,,,
1992-05-11 15:00:00,,,,,,,,,,0.0,,,,,,,,,,,,,,,,,,,,,,,,,,,,,,,,,,,,,,,,,,,,
1992-05-11 16:00:00,,,,,,,,,,0.0,,,,,,,,,,,,,,,,,,,,,,,,,,,,,,,,,,,,,,,,,,,,
1992-05-11 17:00:00,1011.0,1014.4,22.2,17.3,74.0,5.0,45.0,,,0.0,0.0,0.1,,,,,,,,,4.0,,,,,,,,,,,,,,,,,,,,,,,,12.0,,,,,,,,,
1992-05-11 18:00:00,,,,,,,,,,0.0,,,,,,,,,,,,,,,,,,,,,,,,,,,,,,,,,,,,,,,,,,,,
1992-05-11 19:00:00,,,,,,,,,,0.0,,,,,,,,,,,,,,,,,,,,,,,,,,,,,,,,,,,,,,,,,,,,
1992-05-11 20:00:00,1012.1,1015.5,19.7,17.2,85.0,3.2,45.0,,,0.0,0.0,,,,,,,,,,0.0,,,,,,,,,,,,,,,,,,,,,,,,12.0,,,,,,,,,
1992-05-11 21:00:00,1012.2,1015.6,19.3,17.1,87.0,2.3,45.0,,,0.0,0.0,,,22.7,22.8,23.5,23.5,,,,0.0,,,,,,,,,,,,,,,,,,,,,23.3,,,12.0,,,,,,,,,
1992-05-11 22:00:00,,,,,,,,,,0.0,,,,,,,,,,,,,,,,,,,,,,,,,,,,,,,,,,,,,,,,,,,,
1992-05-11 23:00:00,1012.1,1015.5,19.1,17.5,90.0,2.8,45.0,,,0.0,0.0,,,,,,,,,,0.0,,,,,,,,,,,,,,,,,,,,,,,,12.0,,,,,,,,,
1992-05-12 00:00:00,,,,,,,,,,0.0,,,,,,,,,,,,,,,,,,,,,,,,,,,,,,,,,,,,,,,,,,,,
1992-05-12 01:00:00,,,,,,,,,,0.0,,,,,,,,,,,,,,,,,,,,,,,,,,,,,,,,,,,,,,,,,,,,
1992-05-12 02:00:00,1010.1,1013.5,18.7,17.6,93.0,1.0,67.5,,,0.0,0.0,,,,,,,,,,0.0,,,,,,,,,,,,,,,,,,,,,,,,12.0,,,,,,,,,
1992-05-12 03:00:00,,,,,,,,,,0.0,,,,,,,,,,,,,,,,,,,,,,,,,,,,,,,,,,,,,,,,,,,,
1992-05-12 04:00:00,,,,,,,,,,0.0,,,,,,,,,,,,,,,,,,,,,,,,,,,,,,,,,,,,,,,,,,,,
1992-05-12 05:00:00,1010.3,1013.7,18.6,18.0,96.0,0.9,135.0,,,0.0,0.0,,,22.3,22.0,22.7,23.0,,,,10.0,,,,,,,,,,,,,,,,,,,,,23.2,,,10.0,,,,,,,,,
1992-05-12 06:00:00,,,,,,,,,,0.0,,,,,,,,,,,,,,,,,,,,,,,,,,,,,,,,,,,,,,,,,,,,
1992-05-12 07:00:00,,,,,,,,,,0.0,,,,,,,,,,,,,,,,,,,,,,,,,,,,,,,,,,,,,,,,,,,,
1992-05-12 08:00:00,1011.4,1014.8,21.7,19.8,89.0,0.5,45.0,,,0.0,0.0,0.0,,,,,,,,,7.0,,,,,,,,,,,,,,,,,,,,,,,,8.0,,,,,,,,,
1992-05-12 09:00:00,1011.5,1014.9,23.6,20.5,83.0,1.0,45.0,,,0.0,0.0,0.4,,,,,,,,,7.0,,,,,,,,,,,,,,,,,,,,,,,,10.0,,,,,,,,,
1992-05-12 10:00:00,,,,,,,,,,0.0,,,,,,,,,,,,,,,,,,,,,,,,,,,,,,,,,,,,,,,,,,,,
1992-05-12 11:00:00,1011.2,1014.6,25.6,21.4,78.0,3.3,360.0,,,0.0,0.0,0.5,,,,,,,,,10.0,,,,,,,,,,,,,,,,,,,,,,,,10.0,,,,,,,,,
1992-05-12 12:00:00,,,,,,,,,,0.0,,,,,,,,,,,,,,,,,,,,,,,,,,,,,,,,,,,,,,,,,,,,
1992-05-12 13:00:00,,,,,,,,,,0.0,,,,,,,,,,,,,,,,,,,,,,,,,,,,,,,,,,,,,,,,,,,,
1992-05-12 14:00:00,1009.5,1012.8,25.8,21.6,78.0,4.0,22.5,,,0.0,0.0,0.1,,26.2,25.3,24.7,23.7,,,,10.0,,,,,,,,,,,,,,,,,,,,,23.5,,,12.0,,,,,,,,,
1992-05-12 15:00:00,,,,,,,,,,0.0,,,,,,,,,,,,,,,,,,,,,,,,,,,,,,,,,,,,,,,,,,,,
1992-05-12 16:00:00,,,,,,,,,,0.0,,,,,,,,,,,,,,,,,,,,,,,,,,,,,,,,,,,,,,,,,,,,
1992-05-12 17:00:00,1009.2,1012.6,24.8,21.6,82.0,3.7,22.5,,,0.0,0.0,0.0,,,,,,,,,10.0,,,,,,,,,,,,,,,,,,,,,,,,12.0,,,,,,,,,
1992-05-12 18:00:00,,,,,,,,,,0.0,,,,,,,,,,,,,,,,,,,,,,,,,,,,,,,,,,,,,,,,,,,,
1992-05-12 19:00:00,,,,,,,,,,0.0,,,,,,,,,,,,,,,,,,,,,,,,,,,,,,,,,,,,,,,,,,,,
1992-05-12 20:00:00,1010.4,1013.8,23.0,21.6,92.0,1.7,45.0,,,0.0,0.0,,,,,,,,,,4.0,,,,,,,,,,,,,,,,,,,,,,,,12.0,,,,,,,,,
1992-05-12 21:00:00,1010.7,1014.1,22.5,21.5,94.0,1.8,45.0,,,0.0,0.0,,,23.4,24.2,24.6,24.4,,,,5.0,,,,,,,,,,,,,,,,,,,,,23.8,,,12.0,,,,,,,,,
1992-05-12 22:00:00,,,,,,,,,,0.0,,,,,,,,,,,,,,,,,,,,,,,,,,,,,,,,,,,,,,,,,,,,
1992-05-12 23:00:00,1011.0,1014.4,21.7,21.1,96.0,0.9,90.0,,,0.0,0.0,,,,,,,,,,3.0,,,,,,,,,,,,,,,,,,,,,,,,12.0,,,,,,,,,
1992-05-13 00:00:00,,,,,,,,,,0.0,,,,,,,,,,,,,,,,,,,,,,,,,,,,,,,,,,,,,,,,,,,,
1992-05-13 01:00:00,,,,,,,,,,0.0,,,,,,,,,,,,,,,,,,,,,,,,,,,,,,,,,,,,,,,,,,,,
1992-05-13 02:00:00,1009.8,1013.2,20.5,20.3,99.0,1.2,67.5,,,0.0,0.0,,,,,,,,,,10.0,,,,,,,,,,,,,,,,,,,,,,,,10.0,,,,,,,,,
1992-05-13 03:00:00,,,,,,,,,,0.0,,,,,,,,,,,,,,,,,,,,,,,,,,,,,,,,,,,,,,,,,,,,
1992-05-13 04:00:00,,,,,,,,,,0.0,,,,,,,,,,,,,,,,,,,,,,,,,,,,,,,,,,,,,,,,,,,,
1992-05-13 05:00:00,1009.8,1013.2,20.9,20.2,96.0,1.0,90.0,,,0.0,0.0,,,23.4,23.4,23.7,23.9,,,,10.0,,,,,,,,,,,,,,,,,,,,,23.9,,,12.0,,,,,,,,,
1992-05-13 06:00:00,,,,,,,,,,0.0,,,,,,,,,,,,,,,,,,,,,,,,,,,,,,,,,,,,,,,,,,,,
1992-05-13 07:00:00,,,,,,,,,,0.0,,,,,,,,,,,,,,,,,,,,,,,,,,,,,,,,,,,,,,,,,,,,
1992-05-13 08:00:00,1011.2,1014.6,24.1,21.4,85.0,1.4,157.5,,,0.0,0.0,0.2,,,,,,,,,4.0,,,,,,,,,,,,,,,,,,,,,,,,6.0,,,,,,,,,
1992-05-13 09:00:00,1011.4,1014.7,26.4,22.1,77.0,0.7,112.5,,,0.0,0.0,1.0,,,,,,,,,0.0,,,,,,,,,,,,,,,,,,,,,,,,5.0,,,,,,,,,
1992-05-13 10:00:00,,,,,,,,,,0.0,,,,,,,,,,,,,,,,,,,,,,,,,,,,,,,,,,,,,,,,,,,,
1992-05-13 11:00:00,1011.1,1014.4,28.5,23.4,74.0,3.2,292.5,,,0.0,0.0,1.0,,,,,,,,,3.0,,,,,,,,,,,,,,,,,,,,,,,,5.0,,,,,,,,,
1992-05-13 12:00:00,,,,,,,,,,0.0,,,,,,,,,,,,,,,,,,,,,,,,,,,,,,,,,,,,,,,,,,,,
1992-05-13 13:00:00,,,,,,,,,,0.0,,,,,,,,,,,,,,,,,,,,,,,,,,,,,,,,,,,,,,,,,,,,
1992-05-13 14:00:00,1009.6,1012.9,29.8,24.0,71.0,2.9,22.5,,,0.0,0.0,0.9,,28.7,27.3,26.0,24.8,,,,0.0,,,,,,,,,,,,,,,,,,,,,24.2,,,7.0,,,,,,,,,
1992-05-13 15:00:00,,,,,,,,,,0.0,,,,,,,,,,,,,,,,,,,,,,,,,,,,,,,,,,,,,,,,,,,,
1992-05-13 16:00:00,,,,,,,,,,0.0,,,,,,,,,,,,,,,,,,,,,,,,,,,,,,,,,,,,,,,,,,,,
1992-05-13 17:00:00,1009.2,1012.5,27.4,22.7,76.0,3.9,22.5,,,0.0,0.0,0.6,,,,,,,,,0.0,,,,,,,,,,,,,,,,,,,,,,,,8.0,,,,,,,,,
1992-05-13 18:00:00,,,,,,,,,,0.0,,,,,,,,,,,,,,,,,,,,,,,,,,,,,,,,,,,,,,,,,,,,
1992-05-13 19:00:00,,,,,,,,,,0.0,,,,,,,,,,,,,,,,,,,,,,,,,,,,,,,,,,,,,,,,,,,,
1992-05-13 20:00:00,1010.7,1014.1,24.6,22.8,90.0,2.2,22.5,,,0.0,0.0,,,,,,,,,,2.0,,,,,,,,,,,,,,,,,,,,,,,,4.0,,,,,,,,,
1992-05-13 21:00:00,1011.5,1014.9,24.2,22.8,92.0,1.7,45.0,,,0.0,0.0,,,24.6,24.6,25.0,25.6,,,,0.0,,,,,,,,,,,,,,,,,,,,,24.8,,,3.0,,,,,,,,,
1992-05-13 22:00:00,,,,,,,,,,0.0,,,,,,,,,,,,,,,,,,,,,,,,,,,,,,,,,,,,,,,,,,,,
1992-05-13 23:00:00,1012.0,1015.4,23.9,22.0,89.0,2.5,22.5,,,0.0,0.0,,,,,,,,,,0.0,,,,,,,,,,,,,,,,,,,,,,,,3.0,,,,,,,,,
1992-05-14 00:00:00,,,,,,,,,,0.0,,,,,,,,,,,,,,,,,,,,,,,,,,,,,,,,,,,,,,,,,,,,
1992-05-14 01:00:00,,,,,,,,,,0.0,,,,,,,,,,,,,,,,,,,,,,,,,,,,,,,,,,,,,,,,,,,,
1992-05-14 02:00:00,1010.7,1014.1,23.7,22.4,92.0,2.8,22.5,,,0.0,0.0,,,,,,,,,,0.0,,,,,,,,,,,,,,,,,,,,,,,,3.0,,,,,,,,,
1992-05-14 03:00:00,,,,,,,,,,0.0,,,,,,,,,,,,,,,,,,,,,,,,,,,,,,,,,,,,,,,,,,,,
1992-05-14 04:00:00,,,,,,,,,,0.0,,,,,,,,,,,,,,,,,,,,,,,,,,,,,,,,,,,,,,,,,,,,
1992-05-14 05:00:00,1010.4,1013.8,23.5,22.3,93.0,2.1,22.5,,,0.0,0.0,,,24.6,24.6,25.0,25.0,,,,9.0,,,,,,,,,,,,,,,,,,,,,24.8,,,3.0,,,,,,,,,
1992-05-14 06:00:00,,,,,,,,,,0.0,,,,,,,,,,,,,,,,,,,,,,,,,,,,,,,,,,,,,,,,,,,,
1992-05-14 07:00:00,,,,,,,,,,0.0,,,,,,,,,,,,,,,,,,,,,,,,,,,,,,,,,,,,,,,,,,,,
1992-05-14 08:00:00,1011.3,1014.7,24.0,22.0,89.0,3.2,22.5,,,0.0,0.0,0.0,,,,,,,,,10.0,,,,,,,,,,,,,,,,,,,,,,,,6.0,,,,,,,,,
1992-05-14 09:00:00,1011.6,1015.0,24.4,22.2,88.0,2.7,22.5,,,0.0,0.0,0.0,,,,,,,,,10.0,,,,,,,,,,,,,,,,,,,,,,,,8.0,,,,,,,,,
1992-05-14 10:00:00,,,,,,,,,,0.0,,,,,,,,,,,,,,,,,,,,,,,,,,,,,,,,,,,,,,,,,,,,
1992-05-14 11:00:00,1010.9,1014.2,26.5,23.1,82.0,2.4,22.5,,,0.0,0.0,0.0,,,,,,,,,10.0,,,,,,,,,,,,,,,,,,,,,,,,5.0,,,,,,,,,
1992-05-14 12:00:00,,,,,,,,,,0.0,,,,,,,,,,,,,,,,,,,,,,,,,,,,,,,,,,,,,,,,,,,,
1992-05-14 13:00:00,,,,,,,,,,0.0,,,,,,,,,,,,,,,,,,,,,,,,,,,,,,,,,,,,,,,,,,,,
1992-05-14 14:00:00,1008.8,1012.1,26.5,23.1,82.0,4.8,360.0,,,0.0,0.0,0.2,,28.2,27.0,26.3,25.4,,,,10.0,,,,,,,,,,,,,,,,,,,,,24.8,,,6.0,,,,,,,,,
1992-05-14 15:00:00,,,,,,,,,,0.0,,,,,,,,,,,,,,,,,,,,,,,,,,,,,,,,,,,,,,,,,,,,
1992-05-14 16:00:00,,,,,,,,,,0.0,,,,,,,,,,,,,,,,,,,,,,,,,,,,,,,,,,,,,,,,,,,,
1992-05-14 17:00:00,1008.0,1011.3,24.8,22.5,87.0,4.1,45.0,,,0.0,0.0,0.0,,,,,,,,,8.0,,,,,,,,,,,,,,,,,,,,,,,,5.0,,,,,,,,,
1992-05-14 18:00:00,,,,,,,,,,0.0,,,,,,,,,,,,,,,,,,,,,,,,,,,,,,,,,,,,,,,,,,,,
1992-05-14 19:00:00,,,,,,,,,,0.0,,,,,,,,,,,,,,,,,,,,,,,,,,,,,,,,,,,,,,,,,,,,
1992-05-14 20:00:00,1008.3,1011.7,23.8,22.5,92.0,2.0,22.5,,,0.0,0.0,,,,,,,,,,1.0,,,,,,,,,,,,,,,,,,,,,,,,5.0,,,,,,,,,
1992-05-14 21:00:00,1009.1,1012.5,23.7,22.6,94.0,2.3,360.0,,,0.0,0.0,,,25.5,25.3,25.7,25.5,,,,4.0,,,,,,,,,,,,,,,,,,,,,25.3,,,5.0,,,,,,,,,
1992-05-14 22:00:00,,,,,,,,,,0.0,,,,,,,,,,,,,,,,,,,,,,,,,,,,,,,,,,,,,,,,,,,,
1992-05-14 23:00:00,1009.7,1013.1,23.6,22.5,94.0,0.8,112.5,,,0.0,0.0,,,,,,,,,,10.0,,,,,,,,,,,,,,,,,,,,,,,,6.0,,,,,,,,,
1992-05-15 00:00:00,,,,,,,,,,0.0,,,,,,,,,,,,,,,,,,,,,,,,,,,,,,,,,,,,,,,,,,,,
1992-05-15 01:00:00,,,,,,,,,,0.0,,,,,,,,,,,,,,,,,,,,,,,,,,,,,,,,,,,,,,,,,,,,
1992-05-15 02:00:00,1007.9,1011.3,23.6,22.7,95.0,0.5,112.5,,,0.0,0.0,,,,,,,,,,10.0,,,,,,,,,,,,,,,,,,,,,,,,6.0,,,,,,,,,
1992-05-15 03:00:00,,,,,,,,,,0.0,,,,,,,,,,,,,,,,,,,,,,,,,,,,,,,,,,,,,,,,,,,,
1992-05-15 04:00:00,,,,,,,,,,0.0,,,,,,,,,,,,,,,,,,,,,,,,,,,,,,,,,,,,,,,,,,,,
1992-05-15 05:00:00,1008.2,1011.6,23.7,22.8,95.0,0.2,0.0,,,0.0,0.0,,,25.1,24.9,25.3,25.3,,,,10.0,,,,,,,,,,,,,,,,,,,,,25.1,,,4.0,,,,,,,,,
1992-05-15 06:00:00,,,,,,,,,,-9.8,,,,,,,,,,,,,,,,,,,,,,,,,,,,,,,,,,,,,,,,,,,,
1992-05-15 07:00:00,,,,,,,,,,-9.8,,,,,,,,,,,,,,,,,,,,,,,,,,,,,,,,,,,,,,,,,,,,
1992-05-15 08:00:00,1008.9,1012.3,23.4,22.8,96.0,0.8,360.0,,,0.7,1.0,0.0,,,,,,,,,10.0,,,,,,,,,,,,,,,,,,,,,,,,2.0,,,,,,,,,
1992-05-15 09:00:00,1009.3,1012.7,23.4,22.7,96.0,2.4,22.5,,,1.1,0.6,0.0,,,,,,,,,10.0,,,,,,,,,,,,,,,,,,,,,,,,5.0,,,,,,,,,
1992-05-15 10:00:00,,,,,,,,,,0.9,,,,,,,,,,,,,,,,,,,,,,,,,,,,,,,,,,,,,,,,,,,,
1992-05-15 11:00:00,1010.4,1013.8,21.8,21.3,97.0,1.8,247.5,,,21.5,1.0,0.0,,,,,,,,,10.0,,,,,,,,,,,,,,,,,,,,,,,,5.0,,,,,,,,,
1992-05-15 12:00:00,,,,,,,,,,3.1,,,,,,,,,,,,,,,,,,,,,,,,,,,,,,,,,,,,,,,,,,,,
1992-05-15 13:00:00,,,,,,,,,,0.2,,,,,,,,,,,,,,,,,,,,,,,,,,,,,,,,,,,,,,,,,,,,
1992-05-15 14:00:00,1006.7,1010.0,25.9,22.0,79.0,0.4,135.0,,,0.0,0.0,0.0,,25.6,24.7,24.7,24.8,,,,10.0,,,,,,,,,,,,,,,,,,,,,24.8,,,12.0,,,,,,,,,
1992-05-15 15:00:00,,,,,,,,,,0.0,,,,,,,,,,,,,,,,,,,,,,,,,,,,,,,,,,,,,,,,,,,,
1992-05-15 16:00:00,,,,,,,,,,0.0,,,,,,,,,,,,,,,,,,,,,,,,,,,,,,,,,,,,,,,,,,,,
1992-05-15 17:00:00,1006.6,1009.9,24.7,21.3,81.0,2.3,315.0,,,0.0,0.0,0.0,,,,,,,,,10.0,,,,,,,,,,,,,,,,,,,,,,,,12.0,,,,,,,,,
1992-05-15 18:00:00,,,,,,,,,,0.0,,,,,,,,,,,,,,,,,,,,,,,,,,,,,,,,,,,,,,,,,,,,
1992-05-15 19:00:00,,,,,,,,,,0.0,,,,,,,,,,,,,,,,,,,,,,,,,,,,,,,,,,,,,,,,,,,,
1992-05-15 20:00:00,1007.6,1011.0,23.0,22.0,94.0,0.8,67.5,,,0.0,0.0,,,,,,,,,,8.0,,,,,,,,,,,,,,,,,,,,,,,,12.0,,,,,,,,,
1992-05-15 21:00:00,1007.8,1011.2,23.1,21.9,93.0,1.6,112.5,,,0.0,0.0,,,25.0,24.8,25.1,25.0,,,,8.0,,,,,,,,,,,,,,,,,,,,,24.8,,,12.0,,,,,,,,,
1992-05-15 22:00:00,,,,,,,,,,0.0,,,,,,,,,,,,,,,,,,,,,,,,,,,,,,,,,,,,,,,,,,,,
1992-05-15 23:00:00,1007.5,1010.9,23.4,21.4,89.0,2.6,112.5,,,0.0,0.0,,,,,,,,,,6.0,,,,,,,,,,,,,,,,,,,,,,,,12.0,,,,,,,,,
1992-05-16 00:00:00,,,,,,,,,,0.0,,,,,,,,,,,,,,,,,,,,,,,,,,,,,,,,,,,,,,,,,,,,
1992-05-16 01:00:00,,,,,,,,,,0.0,,,,,,,,,,,,,,,,,,,,,,,,,,,,,,,,,,,,,,,,,,,,
1992-05-16 02:00:00,1006.6,1010.0,22.8,21.7,94.0,0.8,135.0,,,0.0,0.0,,,,,,,,,,10.0,,,,,,,,,,,,,,,,,,,,,,,,12.0,,,,,,,,,
1992-05-16 03:00:00,,,,,,,,,,0.0,,,,,,,,,,,,,,,,,,,,,,,,,,,,,,,,,,,,,,,,,,,,
1992-05-16 04:00:00,,,,,,,,,,0.0,,,,,,,,,,,,,,,,,,,,,,,,,,,,,,,,,,,,,,,,,,,,
1992-05-16 05:00:00,1006.8,1010.2,22.3,21.7,96.0,0.6,45.0,,,0.0,0.0,,,24.4,24.0,24.5,24.7,,,,10.0,,,,,,,,,,,,,,,,,,,,,24.7,,,6.0,,,,,,,,,
1992-05-16 06:00:00,,,,,,,,,,0.0,,,,,,,,,,,,,,,,,,,,,,,,,,,,,,,,,,,,,,,,,,,,
1992-05-16 07:00:00,,,,,,,,,,0.0,,,,,,,,,,,,,,,,,,,,,,,,,,,,,,,,,,,,,,,,,,,,
1992-05-16 08:00:00,1008.2,1011.6,24.0,22.2,90.0,0.8,112.5,,,0.0,0.0,0.0,,,,,,,,,10.0,,,,,,,,,,,,,,,,,,,,,,,,8.0,,,,,,,,,
1992-05-16 09:00:00,1008.2,1011.5,25.3,22.9,87.0,1.3,112.5,,,0.0,0.0,0.0,,,,,,,,,10.0,,,,,,,,,,,,,,,,,,,,,,,,8.0,,,,,,,,,
1992-05-16 10:00:00,,,,,,,,,,0.0,,,,,,,,,,,,,,,,,,,,,,,,,,,,,,,,,,,,,,,,,,,,
1992-05-16 11:00:00,1007.3,1010.6,28.4,23.1,73.0,1.7,112.5,,,0.0,0.0,0.6,,,,,,,,,6.0,,,,,,,,,,,,,,,,,,,,,,,,10.0,,,,,,,,,
1992-05-16 12:00:00,,,,,,,,,,0.0,,,,,,,,,,,,,,,,,,,,,,,,,,,,,,,,,,,,,,,,,,,,
1992-05-16 13:00:00,,,,,,,,,,0.0,,,,,,,,,,,,,,,,,,,,,,,,,,,,,,,,,,,,,,,,,,,,
1992-05-16 14:00:00,1005.2,1008.5,29.3,24.1,74.0,2.9,337.5,,,0.0,0.0,1.0,,29.3,27.6,26.4,25.4,,,,7.0,,,,,,,,,,,,,,,,,,,,,24.9,,,10.0,,,,,,,,,
1992-05-16 15:00:00,,,,,,,,,,0.0,,,,,,,,,,,,,,,,,,,,,,,,,,,,,,,,,,,,,,,,,,,,
1992-05-16 16:00:00,,,,,,,,,,0.0,,,,,,,,,,,,,,,,,,,,,,,,,,,,,,,,,,,,,,,,,,,,
1992-05-16 17:00:00,1004.5,1007.8,28.6,22.5,70.0,2.0,292.5,,,0.0,0.0,0.8,,,,,,,,,5.0,,,,,,,,,,,,,,,,,,,,,,,,12.0,,,,,,,,,
1992-05-16 18:00:00,,,,,,,,,,0.0,,,,,,,,,,,,,,,,,,,,,,,,,,,,,,,,,,,,,,,,,,,,
1992-05-16 19:00:00,,,,,,,,,,0.0,,,,,,,,,,,,,,,,,,,,,,,,,,,,,,,,,,,,,,,,,,,,
1992-05-16 20:00:00,1006.1,1009.4,25.7,23.1,86.0,0.0,0.0,,,0.0,0.0,,,,,,,,,,6.0,,,,,,,,,,,,,,,,,,,,,,,,6.0,,,,,,,,,
1992-05-16 21:00:00,1006.0,1009.3,25.2,22.8,87.0,1.0,112.5,,,0.0,0.0,,,26.6,26.6,26.6,26.1,,,,7.0,,,,,,,,,,,,,,,,,,,,,25.3,,,5.0,,,,,,,,,
1992-05-16 22:00:00,,,,,,,,,,0.0,,,,,,,,,,,,,,,,,,,,,,,,,,,,,,,,,,,,,,,,,,,,
1992-05-16 23:00:00,1005.6,1008.9,24.9,23.2,90.0,1.1,90.0,,,0.0,0.0,,,,,,,,,,10.0,,,,,,,,,,,,,,,,,,,,,,,,5.0,,,,,,,,,
1992-05-17 00:00:00,,,,,,,,,,0.0,,,,,,,,,,,,,,,,,,,,,,,,,,,,,,,,,,,,,,,,,,,,
1992-05-17 01:00:00,,,,,,,,,,0.0,,,,,,,,,,,,,,,,,,,,,,,,,,,,,,,,,,,,,,,,,,,,
1992-05-17 02:00:00,1003.9,1007.2,23.9,22.8,94.0,0.9,157.5,,,0.0,0.0,,,,,,,,,,10.0,,,,,,,,,,,,,,,,,,,,,,,,4.0,,,,,,,,,
1992-05-17 03:00:00,,,,,,,,,,0.0,,,,,,,,,,,,,,,,,,,,,,,,,,,,,,,,,,,,,,,,,,,,
1992-05-17 04:00:00,,,,,,,,,,0.0,,,,,,,,,,,,,,,,,,,,,,,,,,,,,,,,,,,,,,,,,,,,
1992-05-17 05:00:00,1002.5,1005.8,23.2,22.1,94.0,1.2,157.5,,,0.0,0.0,,,25.4,25.4,25.7,25.7,,,,9.0,,,,,,,,,,,,,,,,,,,,,25.5,,,4.0,,,,,,,,,
1992-05-17 06:00:00,,,,,,,,,,0.0,,,,,,,,,,,,,,,,,,,,,,,,,,,,,,,,,,,,,,,,,,,,
1992-05-17 07:00:00,,,,,,,,,,0.0,,,,,,,,,,,,,,,,,,,,,,,,,,,,,,,,,,,,,,,,,,,,
1992-05-17 08:00:00,1003.1,1006.4,25.7,22.6,83.0,0.9,90.0,,,0.0,0.0,0.0,,,,,,,,,10.0,,,,,,,,,,,,,,,,,,,,,,,,5.0,,,,,,,,,
1992-05-17 09:00:00,1003.5,1006.8,26.7,22.7,79.0,0.9,112.5,,,0.0,0.0,0.0,,,,,,,,,10.0,,,,,,,,,,,,,,,,,,,,,,,,8.0,,,,,,,,,
1992-05-17 10:00:00,,,,,,,,,,0.1,,,,,,,,,,,,,,,,,,,,,,,,,,,,,,,,,,,,,,,,,,,,
1992-05-17 11:00:00,1003.8,1007.1,26.3,22.7,81.0,2.7,225.0,,,1.2,1.0,0.0,,,,,,,,,10.0,,,,,,,,,,,,,,,,,,,,,,,,7.0,,,,,,,,,
1992-05-17 12:00:00,,,,,,,,,,0.8,,,,,,,,,,,,,,,,,,,,,,,,,,,,,,,,,,,,,,,,,,,,
1992-05-17 13:00:00,,,,,,,,,,0.0,,,,,,,,,,,,,,,,,,,,,,,,,,,,,,,,,,,,,,,,,,,,
1992-05-17 14:00:00,1001.3,1004.6,26.8,21.8,74.0,4.3,247.5,,,-9.8,0.5,0.0,,26.1,25.8,25.8,25.7,,,,10.0,,,,,,,,,,,,,,,,,,,,,25.3,,,10.0,,,,,,,,,
1992-05-17 15:00:00,,,,,,,,,,0.8,,,,,,,,,,,,,,,,,,,,,,,,,,,,,,,,,,,,,,,,,,,,
1992-05-17 16:00:00,,,,,,,,,,2.2,,,,,,,,,,,,,,,,,,,,,,,,,,,,,,,,,,,,,,,,,,,,
1992-05-17 17:00:00,1001.0,1004.3,25.8,22.2,81.0,3.3,247.5,,,0.0,0.0,0.1,,,,,,,,,10.0,,,,,,,,,,,,,,,,,,,,,,,,15.0,,,,,,,,,
1992-05-17 18:00:00,,,,,,,,,,0.0,,,,,,,,,,,,,,,,,,,,,,,,,,,,,,,,,,,,,,,,,,,,
1992-05-17 19:00:00,,,,,,,,,,1.0,,,,,,,,,,,,,,,,,,,,,,,,,,,,,,,,,,,,,,,,,,,,
1992-05-17 20:00:00,1003.6,1007.0,23.1,22.3,95.0,2.9,292.5,,,3.9,1.0,,,,,,,,,,10.0,,,,,,,,,,,,,,,,,,,,,,,,7.0,,,,,,,,,
1992-05-17 21:00:00,1003.3,1006.6,23.4,22.7,96.0,1.7,247.5,,,2.0,1.0,,,25.1,25.0,25.4,25.4,,,,10.0,,,,,,,,,,,,,,,,,,,,,25.3,,,8.0,,,,,,,,,
1992-05-17 22:00:00,,,,,,,,,,1.8,,,,,,,,,,,,,,,,,,,,,,,,,,,,,,,,,,,,,,,,,,,,
1992-05-17 23:00:00,1005.0,1008.4,22.3,21.3,94.0,4.5,180.0,,,10.4,1.0,,,,,,,,,,10.0,,,,,,,,,,,,,,,,,,,,,,,,8.0,,,,,,,,,
1992-05-18 00:00:00,,,,,,,,,,1.8,,,,,,,,,,,,,,,,,,,,,,,,,,,,,,,,,,,,,,,,,,,,
1992-05-18 01:00:00,,,,,,,,,,0.8,,,,,,,,,,,,,,,,,,,,,,,,,,,,,,,,,,,,,,,,,,,,
1992-05-18 02:00:00,1002.4,1005.8,22.0,21.4,96.0,0.6,135.0,,,0.2,0.2,,,,,,,,,,10.0,,,,,,,,,,,,,,,,,,,,,,,,10.0,,,,,,,,,
1992-05-18 03:00:00,,,,,,,,,,0.0,,,,,,,,,,,,,,,,,,,,,,,,,,,,,,,,,,,,,,,,,,,,
1992-05-18 04:00:00,,,,,,,,,,0.0,,,,,,,,,,,,,,,,,,,,,,,,,,,,,,,,,,,,,,,,,,,,
1992-05-18 05:00:00,1004.3,1007.7,22.2,21.6,96.0,1.5,90.0,,,0.0,0.0,,,24.2,24.0,24.7,24.8,,,,10.0,,,,,,,,,,,,,,,,,,,,,25.0,,,10.0,,,,,,,,,
1992-05-18 06:00:00,,,,,,,,,,0.0,,,,,,,,,,,,,,,,,,,,,,,,,,,,,,,,,,,,,,,,,,,,
1992-05-18 07:00:00,,,,,,,,,,0.2,,,,,,,,,,,,,,,,,,,,,,,,,,,,,,,,,,,,,,,,,,,,
1992-05-18 08:00:00,1006.0,1009.4,21.3,20.7,96.0,2.2,67.5,,,1.6,1.0,0.0,,,,,,,,,10.0,,,,,,,,,,,,,,,,,,,,,,,,8.0,,,,,,,,,
1992-05-18 09:00:00,1006.2,1009.6,21.3,20.6,96.0,2.3,45.0,,,0.8,0.7,0.0,,,,,,,,,10.0,,,,,,,,,,,,,,,,,,,,,,,,6.0,,,,,,,,,
1992-05-18 10:00:00,,,,,,,,,,2.0,,,,,,,,,,,,,,,,,,,,,,,,,,,,,,,,,,,,,,,,,,,,
1992-05-18 11:00:00,1006.5,1009.9,21.1,20.2,95.0,4.6,45.0,,,0.7,0.6,0.0,,,,,,,,,10.0,,,,,,,,,,,,,,,,,,,,,,,,8.0,,,,,,,,,
1992-05-18 12:00:00,,,,,,,,,,0.1,,,,,,,,,,,,,,,,,,,,,,,,,,,,,,,,,,,,,,,,,,,,
1992-05-18 13:00:00,,,,,,,,,,0.1,,,,,,,,,,,,,,,,,,,,,,,,,,,,,,,,,,,,,,,,,,,,
1992-05-18 14:00:00,1005.5,1008.9,20.4,19.8,96.0,3.9,67.5,,,1.9,1.0,0.0,,24.6,23.8,24.3,24.5,,,,10.0,,,,,,,,,,,,,,,,,,,,,24.6,,,4.0,,,,,,,,,
1992-05-18 15:00:00,,,,,,,,,,0.8,,,,,,,,,,,,,,,,,,,,,,,,,,,,,,,,,,,,,,,,,,,,
1992-05-18 16:00:00,,,,,,,,,,0.6,,,,,,,,,,,,,,,,,,,,,,,,,,,,,,,,,,,,,,,,,,,,
1992-05-18 17:00:00,1005.5,1008.9,19.8,18.6,93.0,4.2,45.0,,,1.7,1.0,0.0,,,,,,,,,10.0,,,,,,,,,,,,,,,,,,,,,,,,6.0,,,,,,,,,
1992-05-18 18:00:00,,,,,,,,,,-9.8,,,,,,,,,,,,,,,,,,,,,,,,,,,,,,,,,,,,,,,,,,,,
1992-05-18 19:00:00,,,,,,,,,,0.0,,,,,,,,,,,,,,,,,,,,,,,,,,,,,,,,,,,,,,,,,,,,
1992-05-18 20:00:00,1006.6,1010.0,19.7,18.5,93.0,3.7,45.0,,,0.0,0.0,,,,,,,,,,10.0,,,,,,,,,,,,,,,,,,,,,,,,6.0,,,,,,,,,
1992-05-18 21:00:00,1007.0,1010.4,19.8,18.5,92.0,2.0,45.0,,,0.0,0.0,,,23.3,23.3,23.8,24.1,,,,10.0,,,,,,,,,,,,,,,,,,,,,24.3,,,6.0,,,,,,,,,
1992-05-18 22:00:00,,,,,,,,,,0.0,,,,,,,,,,,,,,,,,,,,,,,,,,,,,,,,,,,,,,,,,,,,
1992-05-18 23:00:00,1007.2,1010.6,19.6,18.6,94.0,2.6,67.5,,,0.0,0.0,,,,,,,,,,10.0,,,,,,,,,,,,,,,,,,,,,,,,6.0,,,,,,,,,
1992-05-19 00:00:00,,,,,,,,,,0.0,,,,,,,,,,,,,,,,,,,,,,,,,,,,,,,,,,,,,,,,,,,,
1992-05-19 01:00:00,,,,,,,,,,0.0,,,,,,,,,,,,,,,,,,,,,,,,,,,,,,,,,,,,,,,,,,,,
1992-05-19 02:00:00,1005.4,1008.8,19.2,18.4,95.0,2.5,45.0,,,0.4,0.4,,,,,,,,,,10.0,,,,,,,,,,,,,,,,,,,,,,,,6.0,,,,,,,,,
1992-05-19 03:00:00,,,,,,,,,,0.3,,,,,,,,,,,,,,,,,,,,,,,,,,,,,,,,,,,,,,,,,,,,
1992-05-19 04:00:00,,,,,,,,,,1.2,,,,,,,,,,,,,,,,,,,,,,,,,,,,,,,,,,,,,,,,,,,,
1992-05-19 05:00:00,1006.4,1009.8,19.0,18.0,94.0,2.6,67.5,,,0.2,0.2,,,22.8,22.8,23.2,23.6,,,,10.0,,,,,,,,,,,,,,,,,,,,,23.9,,,6.0,,,,,,,,,
1992-05-19 06:00:00,,,,,,,,,,0.2,,,,,,,,,,,,,,,,,,,,,,,,,,,,,,,,,,,,,,,,,,,,
1992-05-19 07:00:00,,,,,,,,,,1.3,,,,,,,,,,,,,,,,,,,,,,,,,,,,,,,,,,,,,,,,,,,,
1992-05-19 08:00:00,1007.3,1010.7,19.1,18.5,96.0,1.6,90.0,,,1.2,1.0,0.0,,,,,,,,,10.0,,,,,,,,,,,,,,,,,,,,,,,,6.0,,,,,,,,,
1992-05-19 09:00:00,1007.7,1011.1,19.5,18.6,95.0,2.4,90.0,,,0.3,1.0,0.0,,,,,,,,,10.0,,,,,,,,,,,,,,,,,,,,,,,,6.0,,,,,,,,,
1992-05-19 10:00:00,,,,,,,,,,-9.8,,,,,,,,,,,,,,,,,,,,,,,,,,,,,,,,,,,,,,,,,,,,
1992-05-19 11:00:00,1007.7,1011.1,21.4,18.4,83.0,2.4,90.0,,,0.0,0.0,0.0,,,,,,,,,10.0,,,,,,,,,,,,,,,,,,,,,,,,12.0,,,,,,,,,
1992-05-19 12:00:00,,,,,,,,,,0.0,,,,,,,,,,,,,,,,,,,,,,,,,,,,,,,,,,,,,,,,,,,,
1992-05-19 13:00:00,,,,,,,,,,0.0,,,,,,,,,,,,,,,,,,,,,,,,,,,,,,,,,,,,,,,,,,,,
1992-05-19 14:00:00,1006.5,1009.9,21.2,17.7,80.0,2.4,112.5,,,0.0,0.0,0.0,,23.9,23.5,23.7,23.6,,,,10.0,,,,,,,,,,,,,,,,,,,,,23.8,,,12.0,,,,,,,,,
1992-05-19 15:00:00,,,,,,,,,,0.0,,,,,,,,,,,,,,,,,,,,,,,,,,,,,,,,,,,,,,,,,,,,
1992-05-19 16:00:00,,,,,,,,,,0.0,,,,,,,,,,,,,,,,,,,,,,,,,,,,,,,,,,,,,,,,,,,,
1992-05-19 17:00:00,1006.4,1009.8,20.9,17.2,79.0,2.1,112.5,,,0.0,0.0,0.0,,,,,,,,,10.0,,,,,,,,,,,,,,,,,,,,,,,,12.0,,,,,,,,,
1992-05-19 18:00:00,,,,,,,,,,0.0,,,,,,,,,,,,,,,,,,,,,,,,,,,,,,,,,,,,,,,,,,,,
1992-05-19 19:00:00,,,,,,,,,,0.0,,,,,,,,,,,,,,,,,,,,,,,,,,,,,,,,,,,,,,,,,,,,
1992-05-19 20:00:00,1007.3,1010.7,20.0,17.0,83.0,1.5,112.5,,,0.0,0.0,,,,,,,,,,9.0,,,,,,,,,,,,,,,,,,,,,,,,12.0,,,,,,,,,
1992-05-19 21:00:00,1007.9,1011.3,20.1,17.0,82.0,0.8,90.0,,,0.0,0.0,,,22.9,22.8,23.5,23.7,,,,9.0,,,,,,,,,,,,,,,,,,,,,23.8,,,12.0,,,,,,,,,
1992-05-19 22:00:00,,,,,,,,,,0.0,,,,,,,,,,,,,,,,,,,,,,,,,,,,,,,,,,,,,,,,,,,,
1992-05-19 23:00:00,1007.4,1010.8,19.7,17.4,87.0,1.0,112.5,,,0.0,0.0,,,,,,,,,,10.0,,,,,,,,,,,,,,,,,,,,,,,,12.0,,,,,,,,,
1992-05-20 00:00:00,,,,,,,,,,0.0,,,,,,,,,,,,,,,,,,,,,,,,,,,,,,,,,,,,,,,,,,,,
1992-05-20 01:00:00,,,,,,,,,,0.0,,,,,,,,,,,,,,,,,,,,,,,,,,,,,,,,,,,,,,,,,,,,
1992-05-20 02:00:00,1006.7,1010.1,19.5,17.7,89.0,0.3,112.5,,,0.0,0.0,,,,,,,,,,10.0,,,,,,,,,,,,,,,,,,,,,,,,12.0,,,,,,,,,
1992-05-20 03:00:00,,,,,,,,,,0.0,,,,,,,,,,,,,,,,,,,,,,,,,,,,,,,,,,,,,,,,,,,,
1992-05-20 04:00:00,,,,,,,,,,0.0,,,,,,,,,,,,,,,,,,,,,,,,,,,,,,,,,,,,,,,,,,,,
1992-05-20 05:00:00,1007.1,1010.5,19.4,17.6,89.0,0.5,112.5,,,0.0,0.0,,,22.6,22.4,23.0,23.3,,,,10.0,,,,,,,,,,,,,,,,,,,,,23.6,,,12.0,,,,,,,,,
1992-05-20 06:00:00,,,,,,,,,,0.0,,,,,,,,,,,,,,,,,,,,,,,,,,,,,,,,,,,,,,,,,,,,
1992-05-20 07:00:00,,,,,,,,,,0.0,,,,,,,,,,,,,,,,,,,,,,,,,,,,,,,,,,,,,,,,,,,,
1992-05-20 08:00:00,1007.9,1011.3,20.7,17.6,82.0,1.0,45.0,,,0.0,0.0,0.0,,,,,,,,,10.0,,,,,,,,,,,,,,,,,,,,,,,,12.0,,,,,,,,,
1992-05-20 09:00:00,1008.0,1011.4,21.3,17.5,79.0,0.7,157.5,,,0.0,0.0,0.0,,,,,,,,,10.0,,,,,,,,,,,,,,,,,,,,,,,,12.0,,,,,,,,,
1992-05-20 10:00:00,,,,,,,,,,0.0,,,,,,,,,,,,,,,,,,,,,,,,,,,,,,,,,,,,,,,,,,,,
1992-05-20 11:00:00,1007.6,1011.0,23.3,16.6,66.0,3.3,45.0,,,0.0,0.0,0.0,,,,,,,,,10.0,,,,,,,,,,,,,,,,,,,,,,,,12.0,,,,,,,,,
1992-05-20 12:00:00,,,,,,,,,,0.0,,,,,,,,,,,,,,,,,,,,,,,,,,,,,,,,,,,,,,,,,,,,
1992-05-20 13:00:00,,,,,,,,,,0.0,,,,,,,,,,,,,,,,,,,,,,,,,,,,,,,,,,,,,,,,,,,,
1992-05-20 14:00:00,1006.7,1010.1,23.7,16.8,65.0,2.1,22.5,,,0.0,0.0,0.0,,25.1,23.8,23.7,23.5,,,,10.0,,,,,,,,,,,,,,,,,,,,,23.5,,,12.0,,,,,,,,,
1992-05-20 15:00:00,,,,,,,,,,0.0,,,,,,,,,,,,,,,,,,,,,,,,,,,,,,,,,,,,,,,,,,,,
1992-05-20 16:00:00,,,,,,,,,,0.0,,,,,,,,,,,,,,,,,,,,,,,,,,,,,,,,,,,,,,,,,,,,
1992-05-20 17:00:00,1006.6,1010.0,23.0,17.3,70.0,2.9,45.0,,,0.0,0.0,0.0,,,,,,,,,10.0,,,,,,,,,,,,,,,,,,,,,,,,12.0,,,,,,,,,
1992-05-20 18:00:00,,,,,,,,,,0.0,,,,,,,,,,,,,,,,,,,,,,,,,,,,,,,,,,,,,,,,,,,,
1992-05-20 19:00:00,,,,,,,,,,0.0,,,,,,,,,,,,,,,,,,,,,,,,,,,,,,,,,,,,,,,,,,,,
1992-05-20 20:00:00,1008.0,1011.4,21.7,17.7,78.0,0.9,90.0,,,0.0,0.0,,,,,,,,,,10.0,,,,,,,,,,,,,,,,,,,,,,,,12.0,,,,,,,,,
1992-05-20 21:00:00,1008.3,1011.7,21.2,18.1,82.0,1.1,67.5,,,0.0,0.0,,,23.6,23.6,23.8,23.8,,,,10.0,,,,,,,,,,,,,,,,,,,,,23.8,,,12.0,,,,,,,,,
1992-05-20 22:00:00,,,,,,,,,,0.0,,,,,,,,,,,,,,,,,,,,,,,,,,,,,,,,,,,,,,,,,,,,
1992-05-20 23:00:00,1008.5,1011.9,21.0,18.0,83.0,1.9,112.5,,,0.0,0.0,,,,,,,,,,10.0,,,,,,,,,,,,,,,,,,,,,,,,12.0,,,,,,,,,
1992-05-21 00:00:00,,,,,,,,,,0.0,,,,,,,,,,,,,,,,,,,,,,,,,,,,,,,,,,,,,,,,,,,,
1992-05-21 01:00:00,,,,,,,,,,0.0,,,,,,,,,,,,,,,,,,,,,,,,,,,,,,,,,,,,,,,,,,,,
1992-05-21 02:00:00,1006.9,1010.3,20.4,18.1,87.0,1.0,90.0,,,0.0,0.0,,,,,,,,,,10.0,,,,,,,,,,,,,,,,,,,,,,,,12.0,,,,,,,,,
1992-05-21 03:00:00,,,,,,,,,,0.0,,,,,,,,,,,,,,,,,,,,,,,,,,,,,,,,,,,,,,,,,,,,
1992-05-21 04:00:00,,,,,,,,,,0.0,,,,,,,,,,,,,,,,,,,,,,,,,,,,,,,,,,,,,,,,,,,,
1992-05-21 05:00:00,1007.7,1011.1,20.3,18.1,87.0,1.2,90.0,,,0.0,0.0,,,22.9,22.9,23.3,23.5,,,,10.0,,,,,,,,,,,,,,,,,,,,,23.6,,,10.0,,,,,,,,,
1992-05-21 06:00:00,,,,,,,,,,0.0,,,,,,,,,,,,,,,,,,,,,,,,,,,,,,,,,,,,,,,,,,,,
1992-05-21 07:00:00,,,,,,,,,,0.0,,,,,,,,,,,,,,,,,,,,,,,,,,,,,,,,,,,,,,,,,,,,
1992-05-21 08:00:00,1008.9,1012.3,20.9,17.5,81.0,3.3,112.5,,,0.0,0.0,0.0,,,,,,,,,10.0,,,,,,,,,,,,,,,,,,,,,,,,8.0,,,,,,,,,
1992-05-21 09:00:00,1009.2,1012.6,21.4,16.1,72.0,2.8,112.5,,,0.0,0.0,0.0,,,,,,,,,10.0,,,,,,,,,,,,,,,,,,,,,,,,10.0,,,,,,,,,
1992-05-21 10:00:00,,,,,,,,,,0.0,,,,,,,,,,,,,,,,,,,,,,,,,,,,,,,,,,,,,,,,,,,,
1992-05-21 11:00:00,1009.2,1012.6,19.1,15.8,81.0,4.8,22.5,,,-9.8,0.5,0.0,,,,,,,,,10.0,,,,,,,,,,,,,,,,,,,,,,,,10.0,,,,,,,,,
1992-05-21 12:00:00,,,,,,,,,,0.4,,,,,,,,,,,,,,,,,,,,,,,,,,,,,,,,,,,,,,,,,,,,
1992-05-21 13:00:00,,,,,,,,,,0.3,,,,,,,,,,,,,,,,,,,,,,,,,,,,,,,,,,,,,,,,,,,,
1992-05-21 14:00:00,1007.9,1011.3,18.2,16.1,88.0,3.4,90.0,,,0.0,0.0,0.0,,22.3,22.2,22.9,23.2,,,,10.0,,,,,,,,,,,,,,,,,,,,,23.5,,,10.0,,,,,,,,,
1992-05-21 15:00:00,,,,,,,,,,0.0,,,,,,,,,,,,,,,,,,,,,,,,,,,,,,,,,,,,,,,,,,,,
1992-05-21 16:00:00,,,,,,,,,,0.0,,,,,,,,,,,,,,,,,,,,,,,,,,,,,,,,,,,,,,,,,,,,
1992-05-21 17:00:00,1007.2,1010.6,18.1,16.2,89.0,3.0,22.5,,,0.6,0.3,0.0,,,,,,,,,10.0,,,,,,,,,,,,,,,,,,,,,,,,6.0,,,,,,,,,
1992-05-21 18:00:00,,,,,,,,,,2.0,,,,,,,,,,,,,,,,,,,,,,,,,,,,,,,,,,,,,,,,,,,,
1992-05-21 19:00:00,,,,,,,,,,1.4,,,,,,,,,,,,,,,,,,,,,,,,,,,,,,,,,,,,,,,,,,,,
1992-05-21 20:00:00,1008.2,1011.6,16.4,15.7,96.0,2.0,67.5,,,2.9,1.0,,,,,,,,,,10.0,,,,,,,,,,,,,,,,,,,,,,,,5.0,,,,,,,,,
1992-05-21 21:00:00,1008.4,1011.8,16.4,15.9,97.0,2.0,112.5,,,5.5,1.0,,,20.4,21.1,22.2,22.7,,,,10.0,,,,,,,,,,,,,,,,,,,,,23.2,,,5.0,,,,,,,,,
1992-05-21 22:00:00,,,,,,,,,,3.3,,,,,,,,,,,,,,,,,,,,,,,,,,,,,,,,,,,,,,,,,,,,
1992-05-21 23:00:00,1007.2,1010.6,16.7,16.2,97.0,1.8,67.5,,,3.5,1.0,,,,,,,,,,10.0,,,,,,,,,,,,,,,,,,,,,,,,5.0,,,,,,,,,
1992-05-22 00:00:00,,,,,,,,,,4.0,,,,,,,,,,,,,,,,,,,,,,,,,,,,,,,,,,,,,,,,,,,,
1992-05-22 01:00:00,,,,,,,,,,4.4,,,,,,,,,,,,,,,,,,,,,,,,,,,,,,,,,,,,,,,,,,,,
1992-05-22 02:00:00,1005.8,1009.2,16.8,16.8,100.0,0.7,90.0,,,9.4,1.0,,,,,,,,,,10.0,,,,,,,,,,,,,,,,,,,,,,,,3.0,,,,,,,,,
1992-05-22 03:00:00,,,,,,,,,,5.2,,,,,,,,,,,,,,,,,,,,,,,,,,,,,,,,,,,,,,,,,,,,
1992-05-22 04:00:00,,,,,,,,,,5.1,,,,,,,,,,,,,,,,,,,,,,,,,,,,,,,,,,,,,,,,,,,,
1992-05-22 05:00:00,1005.8,1009.2,17.0,16.6,97.0,1.3,67.5,,,10.1,1.0,,,19.3,19.4,21.2,21.6,,,,10.0,,,,,,,,,,,,,,,,,,,,,22.1,,,5.0,,,,,,,,,
1992-05-22 06:00:00,,,,,,,,,,3.4,,,,,,,,,,,,,,,,,,,,,,,,,,,,,,,,,,,,,,,,,,,,
1992-05-22 07:00:00,,,,,,,,,,3.7,,,,,,,,,,,,,,,,,,,,,,,,,,,,,,,,,,,,,,,,,,,,
1992-05-22 08:00:00,1006.4,1009.8,17.9,17.8,99.0,1.3,67.5,,,6.1,1.0,0.0,,,,,,,,,10.0,,,,,,,,,,,,,,,,,,,,,,,,8.0,,,,,,,,,
1992-05-22 09:00:00,1006.6,1010.0,18.6,18.3,98.0,0.6,45.0,,,2.6,1.0,0.0,,,,,,,,,10.0,,,,,,,,,,,,,,,,,,,,,,,,4.0,,,,,,,,,
1992-05-22 10:00:00,,,,,,,,,,4.4,,,,,,,,,,,,,,,,,,,,,,,,,,,,,,,,,,,,,,,,,,,,
1992-05-22 11:00:00,1006.2,1009.6,19.5,18.8,96.0,1.7,112.5,,,1.2,1.0,0.0,,,,,,,,,10.0,,,,,,,,,,,,,,,,,,,,,,,,4.0,,,,,,,,,
1992-05-22 12:00:00,,,,,,,,,,5.7,,,,,,,,,,,,,,,,,,,,,,,,,,,,,,,,,,,,,,,,,,,,
1992-05-22 13:00:00,,,,,,,,,,0.9,,,,,,,,,,,,,,,,,,,,,,,,,,,,,,,,,,,,,,,,,,,,
1992-05-22 14:00:00,1004.9,1008.3,20.3,19.6,96.0,1.6,112.5,,,1.4,1.0,0.0,,20.3,20.3,20.8,21.3,,,,10.0,,,,,,,,,,,,,,,,,,,,,21.5,,,7.0,,,,,,,,,
1992-05-22 15:00:00,,,,,,,,,,0.1,,,,,,,,,,,,,,,,,,,,,,,,,,,,,,,,,,,,,,,,,,,,
1992-05-22 16:00:00,,,,,,,,,,0.0,,,,,,,,,,,,,,,,,,,,,,,,,,,,,,,,,,,,,,,,,,,,
1992-05-22 17:00:00,1004.2,1007.6,21.1,19.8,92.0,1.7,67.5,,,0.0,0.0,0.0,,,,,,,,,10.0,,,,,,,,,,,,,,,,,,,,,,,,6.0,,,,,,,,,
1992-05-22 18:00:00,,,,,,,,,,4.1,,,,,,,,,,,,,,,,,,,,,,,,,,,,,,,,,,,,,,,,,,,,
1992-05-22 19:00:00,,,,,,,,,,0.5,,,,,,,,,,,,,,,,,,,,,,,,,,,,,,,,,,,,,,,,,,,,
1992-05-22 20:00:00,1005.0,1008.4,20.2,19.9,98.0,1.4,112.5,,,0.3,1.0,,,,,,,,,,10.0,,,,,,,,,,,,,,,,,,,,,,,,3.0,,,,,,,,,
1992-05-22 21:00:00,1005.1,1008.5,20.2,19.5,96.0,1.2,67.5,,,0.2,1.0,,,20.3,20.7,21.2,21.4,,,,10.0,,,,,,,,,,,,,,,,,,,,,21.6,,,3.0,,,,,,,,,
1992-05-22 22:00:00,,,,,,,,,,-9.8,,,,,,,,,,,,,,,,,,,,,,,,,,,,,,,,,,,,,,,,,,,,
1992-05-22 23:00:00,1004.7,1008.1,20.2,19.5,96.0,0.3,135.0,,,0.0,0.0,,,,,,,,,,10.0,,,,,,,,,,,,,,,,,,,,,,,,3.0,,,,,,,,,
1992-05-23 00:00:00,,,,,,,,,,0.0,,,,,,,,,,,,,,,,,,,,,,,,,,,,,,,,,,,,,,,,,,,,
1992-05-23 01:00:00,,,,,,,,,,0.0,,,,,,,,,,,,,,,,,,,,,,,,,,,,,,,,,,,,,,,,,,,,
1992-05-23 02:00:00,1003.3,1006.7,19.8,19.5,98.0,0.0,0.0,,,0.0,0.0,,,,,,,,,,10.0,,,,,,,,,,,,,,,,,,,,,,,,3.0,,,,,,,,,
1992-05-23 03:00:00,,,,,,,,,,0.0,,,,,,,,,,,,,,,,,,,,,,,,,,,,,,,,,,,,,,,,,,,,
1992-05-23 04:00:00,,,,,,,,,,0.0,,,,,,,,,,,,,,,,,,,,,,,,,,,,,,,,,,,,,,,,,,,,
1992-05-23 05:00:00,1003.8,1007.2,19.9,19.5,98.0,0.8,90.0,,,0.0,0.0,,,20.8,20.8,21.2,21.5,,,,10.0,,,,,,,,,,,,,,,,,,,,,21.6,,,3.0,,,,,,,,,
1992-05-23 06:00:00,,,,,,,,,,0.0,,,,,,,,,,,,,,,,,,,,,,,,,,,,,,,,,,,,,,,,,,,,
1992-05-23 07:00:00,,,,,,,,,,0.0,,,,,,,,,,,,,,,,,,,,,,,,,,,,,,,,,,,,,,,,,,,,
1992-05-23 08:00:00,1005.5,1008.9,20.9,20.4,97.0,1.1,135.0,,,0.1,0.2,0.0,,,,,,,,,10.0,,,,,,,,,,,,,,,,,,,,,,,,4.0,,,,,,,,,
1992-05-23 09:00:00,1005.8,1009.2,21.3,20.5,95.0,1.2,112.5,,,0.0,0.0,0.0,,,,,,,,,10.0,,,,,,,,,,,,,,,,,,,,,,,,4.0,,,,,,,,,
1992-05-23 10:00:00,,,,,,,,,,0.0,,,,,,,,,,,,,,,,,,,,,,,,,,,,,,,,,,,,,,,,,,,,
1992-05-23 11:00:00,1005.4,1008.7,24.1,21.4,85.0,2.6,90.0,,,0.0,0.0,0.2,,,,,,,,,7.0,,,,,,,,,,,,,,,,,,,,,,,,10.0,,,,,,,,,
1992-05-23 12:00:00,,,,,,,,,,0.0,,,,,,,,,,,,,,,,,,,,,,,,,,,,,,,,,,,,,,,,,,,,
1992-05-23 13:00:00,,,,,,,,,,0.0,,,,,,,,,,,,,,,,,,,,,,,,,,,,,,,,,,,,,,,,,,,,
1992-05-23 14:00:00,1003.5,1006.8,26.4,20.2,69.0,3.5,22.5,,,0.0,0.0,0.3,,25.0,23.6,22.9,22.3,,,,8.0,,,,,,,,,,,,,,,,,,,,,22.0,,,10.0,,,,,,,,,
1992-05-23 15:00:00,,,,,,,,,,0.0,,,,,,,,,,,,,,,,,,,,,,,,,,,,,,,,,,,,,,,,,,,,
1992-05-23 16:00:00,,,,,,,,,,0.0,,,,,,,,,,,,,,,,,,,,,,,,,,,,,,,,,,,,,,,,,,,,
1992-05-23 17:00:00,1003.0,1006.3,26.1,21.5,76.0,3.7,22.5,,,0.0,0.0,1.0,,,,,,,,,8.0,,,,,,,,,,,,,,,,,,,,,,,,10.0,,,,,,,,,
1992-05-23 18:00:00,,,,,,,,,,0.0,,,,,,,,,,,,,,,,,,,,,,,,,,,,,,,,,,,,,,,,,,,,
1992-05-23 19:00:00,,,,,,,,,,0.0,,,,,,,,,,,,,,,,,,,,,,,,,,,,,,,,,,,,,,,,,,,,
1992-05-23 20:00:00,1004.3,1007.7,22.3,20.1,87.0,3.7,45.0,,,0.0,0.0,,,,,,,,,,0.0,,,,,,,,,,,,,,,,,,,,,,,,8.0,,,,,,,,,
1992-05-23 21:00:00,1004.8,1008.2,21.6,19.8,90.0,1.4,90.0,,,0.0,0.0,,,23.1,22.8,23.5,23.0,,,,0.0,,,,,,,,,,,,,,,,,,,,,22.5,,,8.0,,,,,,,,,
1992-05-23 22:00:00,,,,,,,,,,0.0,,,,,,,,,,,,,,,,,,,,,,,,,,,,,,,,,,,,,,,,,,,,
1992-05-23 23:00:00,1004.4,1007.8,18.5,15.4,82.0,2.3,157.5,,,0.0,0.0,,,,,,,,,,0.0,,,,,,,,,,,,,,,,,,,,,,,,5.0,,,,,,,,,
1992-05-24 00:00:00,,,,,,,,,,0.0,,,,,,,,,,,,,,,,,,,,,,,,,,,,,,,,,,,,,,,,,,,,
1992-05-24 01:00:00,,,,,,,,,,0.0,,,,,,,,,,,,,,,,,,,,,,,,,,,,,,,,,,,,,,,,,,,,
1992-05-24 02:00:00,1003.3,1006.7,19.5,11.0,58.0,2.0,67.5,,,0.0,0.0,,,,,,,,,,0.0,,,,,,,,,,,,,,,,,,,,,,,,5.0,,,,,,,,,
1992-05-24 03:00:00,,,,,,,,,,0.0,,,,,,,,,,,,,,,,,,,,,,,,,,,,,,,,,,,,,,,,,,,,
1992-05-24 04:00:00,,,,,,,,,,0.0,,,,,,,,,,,,,,,,,,,,,,,,,,,,,,,,,,,,,,,,,,,,
1992-05-24 05:00:00,1004.4,1007.8,16.9,12.1,73.0,1.3,112.5,,,0.0,0.0,,,21.1,21.1,22.0,22.4,,,,1.0,,,,,,,,,,,,,,,,,,,,,22.5,,,10.0,,,,,,,,,
1992-05-24 06:00:00,,,,,,,,,,0.0,,,,,,,,,,,,,,,,,,,,,,,,,,,,,,,,,,,,,,,,,,,,
1992-05-24 07:00:00,,,,,,,,,,0.0,,,,,,,,,,,,,,,,,,,,,,,,,,,,,,,,,,,,,,,,,,,,
1992-05-24 08:00:00,1006.1,1009.5,21.4,14.1,63.0,1.5,157.5,,,0.0,0.0,0.0,,,,,,,,,2.0,,,,,,,,,,,,,,,,,,,,,,,,12.0,,,,,,,,,
1992-05-24 09:00:00,1006.4,1009.8,24.0,17.0,65.0,0.9,90.0,,,0.0,0.0,0.7,,,,,,,,,2.0,,,,,,,,,,,,,,,,,,,,,,,,12.0,,,,,,,,,
1992-05-24 10:00:00,,,,,,,,,,0.0,,,,,,,,,,,,,,,,,,,,,,,,,,,,,,,,,,,,,,,,,,,,
1992-05-24 11:00:00,1006.2,1009.5,27.4,19.7,63.0,0.6,315.0,,,0.0,0.0,1.0,,,,,,,,,4.0,,,,,,,,,,,,,,,,,,,,,,,,12.0,,,,,,,,,
1992-05-24 12:00:00,,,,,,,,,,0.0,,,,,,,,,,,,,,,,,,,,,,,,,,,,,,,,,,,,,,,,,,,,
1992-05-24 13:00:00,,,,,,,,,,0.0,,,,,,,,,,,,,,,,,,,,,,,,,,,,,,,,,,,,,,,,,,,,
1992-05-24 14:00:00,1005.2,1008.5,28.9,21.4,64.0,3.0,315.0,,,0.0,0.0,1.0,,26.3,25.6,24.5,23.2,,,,3.0,,,,,,,,,,,,,,,,,,,,,22.6,,,12.0,,,,,,,,,
1992-05-24 15:00:00,,,,,,,,,,0.0,,,,,,,,,,,,,,,,,,,,,,,,,,,,,,,,,,,,,,,,,,,,
1992-05-24 16:00:00,,,,,,,,,,0.0,,,,,,,,,,,,,,,,,,,,,,,,,,,,,,,,,,,,,,,,,,,,
1992-05-24 17:00:00,1004.9,1008.2,27.1,21.0,69.0,2.1,360.0,,,0.0,0.0,0.0,,,,,,,,,2.0,,,,,,,,,,,,,,,,,,,,,,,,12.0,,,,,,,,,
1992-05-24 18:00:00,,,,,,,,,,0.0,,,,,,,,,,,,,,,,,,,,,,,,,,,,,,,,,,,,,,,,,,,,
1992-05-24 19:00:00,,,,,,,,,,0.0,,,,,,,,,,,,,,,,,,,,,,,,,,,,,,,,,,,,,,,,,,,,
1992-05-24 20:00:00,1005.9,1009.3,23.9,21.2,85.0,0.6,90.0,,,0.0,0.0,,,,,,,,,,4.0,,,,,,,,,,,,,,,,,,,,,,,,12.0,,,,,,,,,
1992-05-24 21:00:00,1006.7,1010.1,23.1,21.0,88.0,1.4,112.5,,,0.0,0.0,,,24.6,24.6,24.7,24.2,,,,2.0,,,,,,,,,,,,,,,,,,,,,23.6,,,12.0,,,,,,,,,
1992-05-24 22:00:00,,,,,,,,,,0.0,,,,,,,,,,,,,,,,,,,,,,,,,,,,,,,,,,,,,,,,,,,,
1992-05-24 23:00:00,1007.4,1010.8,22.2,20.6,91.0,1.9,135.0,,,0.0,0.0,,,,,,,,,,2.0,,,,,,,,,,,,,,,,,,,,,,,,12.0,,,,,,,,,
1992-05-25 00:00:00,,,,,,,,,,0.0,,,,,,,,,,,,,,,,,,,,,,,,,,,,,,,,,,,,,,,,,,,,
1992-05-25 01:00:00,,,,,,,,,,0.0,,,,,,,,,,,,,,,,,,,,,,,,,,,,,,,,,,,,,,,,,,,,
1992-05-25 02:00:00,1005.5,1008.9,20.8,17.8,83.0,1.0,112.5,,,0.0,0.0,,,,,,,,,,3.0,,,,,,,,,,,,,,,,,,,,,,,,12.0,,,,,,,,,
1992-05-25 03:00:00,,,,,,,,,,0.0,,,,,,,,,,,,,,,,,,,,,,,,,,,,,,,,,,,,,,,,,,,,
1992-05-25 04:00:00,,,,,,,,,,0.0,,,,,,,,,,,,,,,,,,,,,,,,,,,,,,,,,,,,,,,,,,,,
1992-05-25 05:00:00,1005.9,1009.3,19.6,16.4,82.0,1.0,112.5,,,0.0,0.0,,,23.1,23.1,23.5,23.6,,,,4.0,,,,,,,,,,,,,,,,,,,,,23.6,,,12.0,,,,,,,,,
1992-05-25 06:00:00,,,,,,,,,,0.0,,,,,,,,,,,,,,,,,,,,,,,,,,,,,,,,,,,,,,,,,,,,
1992-05-25 07:00:00,,,,,,,,,,0.0,,,,,,,,,,,,,,,,,,,,,,,,,,,,,,,,,,,,,,,,,,,,
1992-05-25 08:00:00,1006.7,1010.1,23.8,17.8,69.0,2.2,112.5,,,0.0,0.0,0.0,,,,,,,,,3.0,,,,,,,,,,,,,,,,,,,,,,,,12.0,,,,,,,,,
1992-05-25 09:00:00,1006.6,1009.9,26.1,20.2,70.0,0.2,0.0,,,0.0,0.0,0.1,,,,,,,,,5.0,,,,,,,,,,,,,,,,,,,,,,,,12.0,,,,,,,,,
1992-05-25 10:00:00,,,,,,,,,,0.0,,,,,,,,,,,,,,,,,,,,,,,,,,,,,,,,,,,,,,,,,,,,
1992-05-25 11:00:00,1006.0,1009.3,27.0,20.4,67.0,3.1,270.0,,,0.0,0.0,0.1,,,,,,,,,10.0,,,,,,,,,,,,,,,,,,,,,,,,12.0,,,,,,,,,
1992-05-25 12:00:00,,,,,,,,,,0.0,,,,,,,,,,,,,,,,,,,,,,,,,,,,,,,,,,,,,,,,,,,,
1992-05-25 13:00:00,,,,,,,,,,0.0,,,,,,,,,,,,,,,,,,,,,,,,,,,,,,,,,,,,,,,,,,,,
1992-05-25 14:00:00,1005.4,1008.7,26.1,21.4,75.0,3.6,270.0,,,0.0,0.0,0.0,,25.1,24.6,24.5,23.9,,,,10.0,,,,,,,,,,,,,,,,,,,,,23.5,,,12.0,,,,,,,,,
1992-05-25 15:00:00,,,,,,,,,,0.0,,,,,,,,,,,,,,,,,,,,,,,,,,,,,,,,,,,,,,,,,,,,
1992-05-25 16:00:00,,,,,,,,,,0.0,,,,,,,,,,,,,,,,,,,,,,,,,,,,,,,,,,,,,,,,,,,,
1992-05-25 17:00:00,1005.1,1008.4,24.5,22.3,88.0,2.2,315.0,,,0.0,0.0,0.0,,,,,,,,,10.0,,,,,,,,,,,,,,,,,,,,,,,,8.0,,,,,,,,,
1992-05-25 18:00:00,,,,,,,,,,0.0,,,,,,,,,,,,,,,,,,,,,,,,,,,,,,,,,,,,,,,,,,,,
1992-05-25 19:00:00,,,,,,,,,,0.0,,,,,,,,,,,,,,,,,,,,,,,,,,,,,,,,,,,,,,,,,,,,
1992-05-25 20:00:00,1006.7,1010.1,23.8,22.0,90.0,0.4,22.5,,,0.0,0.0,,,,,,,,,,10.0,,,,,,,,,,,,,,,,,,,,,,,,8.0,,,,,,,,,
1992-05-25 21:00:00,1007.2,1010.6,23.8,21.7,88.0,0.7,315.0,,,0.0,0.0,,,24.5,24.1,24.3,24.2,,,,10.0,,,,,,,,,,,,,,,,,,,,,23.9,,,8.0,,,,,,,,,
1992-05-25 22:00:00,,,,,,,,,,0.0,,,,,,,,,,,,,,,,,,,,,,,,,,,,,,,,,,,,,,,,,,,,
1992-05-25 23:00:00,1006.9,1010.3,23.6,21.5,88.0,0.1,0.0,,,0.0,0.0,,,,,,,,,,10.0,,,,,,,,,,,,,,,,,,,,,,,,8.0,,,,,,,,,
1992-05-26 00:00:00,,,,,,,,,,0.0,,,,,,,,,,,,,,,,,,,,,,,,,,,,,,,,,,,,,,,,,,,,
1992-05-26 01:00:00,,,,,,,,,,0.0,,,,,,,,,,,,,,,,,,,,,,,,,,,,,,,,,,,,,,,,,,,,
1992-05-26 02:00:00,1005.4,1008.8,22.4,21.6,95.0,1.1,90.0,,,0.0,0.0,,,,,,,,,,10.0,,,,,,,,,,,,,,,,,,,,,,,,4.0,,,,,,,,,
1992-05-26 03:00:00,,,,,,,,,,0.0,,,,,,,,,,,,,,,,,,,,,,,,,,,,,,,,,,,,,,,,,,,,
1992-05-26 04:00:00,,,,,,,,,,0.1,,,,,,,,,,,,,,,,,,,,,,,,,,,,,,,,,,,,,,,,,,,,
1992-05-26 05:00:00,1005.4,1008.8,22.1,21.3,95.0,1.7,112.5,,,0.2,1.0,,,23.9,23.5,24.0,23.9,,,,10.0,,,,,,,,,,,,,,,,,,,,,23.8,,,3.0,,,,,,,,,
1992-05-26 06:00:00,,,,,,,,,,0.3,,,,,,,,,,,,,,,,,,,,,,,,,,,,,,,,,,,,,,,,,,,,
1992-05-26 07:00:00,,,,,,,,,,0.1,,,,,,,,,,,,,,,,,,,,,,,,,,,,,,,,,,,,,,,,,,,,
1992-05-26 08:00:00,1006.2,1009.6,22.3,20.5,90.0,1.5,112.5,,,0.0,0.0,0.0,,,,,,,,,10.0,,,,,,,,,,,,,,,,,,,,,,,,4.0,,,,,,,,,
1992-05-26 09:00:00,1006.6,1010.0,22.6,20.9,90.0,1.3,135.0,,,0.2,0.9,0.0,,,,,,,,,10.0,,,,,,,,,,,,,,,,,,,,,,,,4.0,,,,,,,,,
1992-05-26 10:00:00,,,,,,,,,,0.3,,,,,,,,,,,,,,,,,,,,,,,,,,,,,,,,,,,,,,,,,,,,
1992-05-26 11:00:00,1006.9,1010.3,23.8,20.2,80.0,0.9,157.5,,,-9.8,1.0,0.0,,,,,,,,,10.0,,,,,,,,,,,,,,,,,,,,,,,,6.0,,,,,,,,,
1992-05-26 12:00:00,,,,,,,,,,-9.8,,,,,,,,,,,,,,,,,,,,,,,,,,,,,,,,,,,,,,,,,,,,
1992-05-26 13:00:00,,,,,,,,,,-9.8,,,,,,,,,,,,,,,,,,,,,,,,,,,,,,,,,,,,,,,,,,,,
1992-05-26 14:00:00,1006.1,1009.5,24.1,19.5,76.0,0.3,202.5,,,-9.8,1.0,0.0,,24.8,24.2,24.5,24.0,,,,10.0,,,,,,,,,,,,,,,,,,,,,23.6,,,6.0,,,,,,,,,
1992-05-26 15:00:00,,,,,,,,,,0.1,,,,,,,,,,,,,,,,,,,,,,,,,,,,,,,,,,,,,,,,,,,,
1992-05-26 16:00:00,,,,,,,,,,0.0,,,,,,,,,,,,,,,,,,,,,,,,,,,,,,,,,,,,,,,,,,,,
1992-05-26 17:00:00,1005.4,1008.7,24.1,19.8,77.0,1.4,180.0,,,0.0,0.0,0.0,,,,,,,,,10.0,,,,,,,,,,,,,,,,,,,,,,,,10.0,,,,,,,,,
1992-05-26 18:00:00,,,,,,,,,,0.4,,,,,,,,,,,,,,,,,,,,,,,,,,,,,,,,,,,,,,,,,,,,
1992-05-26 19:00:00,,,,,,,,,,0.0,,,,,,,,,,,,,,,,,,,,,,,,,,,,,,,,,,,,,,,,,,,,
1992-05-26 20:00:00,1006.5,1009.9,21.8,19.2,85.0,1.5,112.5,,,0.0,0.0,,,,,,,,,,10.0,,,,,,,,,,,,,,,,,,,,,,,,6.0,,,,,,,,,
1992-05-26 21:00:00,1006.8,1010.2,21.8,19.7,88.0,1.3,112.5,,,0.0,0.0,,,23.7,23.7,24.1,24.0,,,,10.0,,,,,,,,,,,,,,,,,,,,,23.8,,,5.0,,,,,,,,,
1992-05-26 22:00:00,,,,,,,,,,0.0,,,,,,,,,,,,,,,,,,,,,,,,,,,,,,,,,,,,,,,,,,,,
1992-05-26 23:00:00,1006.6,1010.0,21.6,19.6,88.0,1.5,112.5,,,0.0,0.0,,,,,,,,,,10.0,,,,,,,,,,,,,,,,,,,,,,,,5.0,,,,,,,,,
1992-05-27 00:00:00,,,,,,,,,,0.0,,,,,,,,,,,,,,,,,,,,,,,,,,,,,,,,,,,,,,,,,,,,
1992-05-27 01:00:00,,,,,,,,,,0.0,,,,,,,,,,,,,,,,,,,,,,,,,,,,,,,,,,,,,,,,,,,,
1992-05-27 02:00:00,1005.4,1008.8,20.8,18.9,89.0,1.0,112.5,,,0.0,0.0,,,,,,,,,,10.0,,,,,,,,,,,,,,,,,,,,,,,,5.0,,,,,,,,,
1992-05-27 03:00:00,,,,,,,,,,0.0,,,,,,,,,,,,,,,,,,,,,,,,,,,,,,,,,,,,,,,,,,,,
1992-05-27 04:00:00,,,,,,,,,,0.0,,,,,,,,,,,,,,,,,,,,,,,,,,,,,,,,,,,,,,,,,,,,
1992-05-27 05:00:00,1005.5,1008.9,20.4,18.8,91.0,0.9,67.5,,,0.0,0.0,,,22.9,22.9,23.5,23.6,,,,8.0,,,,,,,,,,,,,,,,,,,,,23.7,,,5.0,,,,,,,,,
1992-05-27 06:00:00,,,,,,,,,,0.0,,,,,,,,,,,,,,,,,,,,,,,,,,,,,,,,,,,,,,,,,,,,
1992-05-27 07:00:00,,,,,,,,,,0.0,,,,,,,,,,,,,,,,,,,,,,,,,,,,,,,,,,,,,,,,,,,,
1992-05-27 08:00:00,1006.6,1010.0,24.0,18.6,72.0,4.0,112.5,,,0.0,0.0,0.0,,,,,,,,,9.0,,,,,,,,,,,,,,,,,,,,,,,,10.0,,,,,,,,,
1992-05-27 09:00:00,1007.0,1010.3,26.0,18.4,63.0,4.9,45.0,,,0.0,0.0,0.5,,,,,,,,,4.0,,,,,,,,,,,,,,,,,,,,,,,,12.0,,,,,,,,,
1992-05-27 10:00:00,,,,,,,,,,0.0,,,,,,,,,,,,,,,,,,,,,,,,,,,,,,,,,,,,,,,,,,,,
1992-05-27 11:00:00,1007.5,1010.8,26.7,20.4,68.0,6.4,22.5,,,0.0,0.0,1.0,,,,,,,,,3.0,,,,,,,,,,,,,,,,,,,,,,,,12.0,,,,,,,,,
1992-05-27 12:00:00,,,,,,,,,,0.0,,,,,,,,,,,,,,,,,,,,,,,,,,,,,,,,,,,,,,,,,,,,
1992-05-27 13:00:00,,,,,,,,,,0.0,,,,,,,,,,,,,,,,,,,,,,,,,,,,,,,,,,,,,,,,,,,,
1992-05-27 14:00:00,1006.5,1009.8,26.7,19.2,63.0,7.6,45.0,,,0.0,0.0,1.0,,27.1,26.1,25.2,24.4,,,,2.0,,,,,,,,,,,,,,,,,,,,,23.8,,,15.0,,,,,,,,,
1992-05-27 15:00:00,,,,,,,,,,0.0,,,,,,,,,,,,,,,,,,,,,,,,,,,,,,,,,,,,,,,,,,,,
1992-05-27 16:00:00,,,,,,,,,,0.0,,,,,,,,,,,,,,,,,,,,,,,,,,,,,,,,,,,,,,,,,,,,
1992-05-27 17:00:00,1006.5,1009.8,25.0,19.1,70.0,6.9,45.0,,,0.0,0.0,1.0,,,,,,,,,1.0,,,,,,,,,,,,,,,,,,,,,,,,15.0,,,,,,,,,
1992-05-27 18:00:00,,,,,,,,,,0.0,,,,,,,,,,,,,,,,,,,,,,,,,,,,,,,,,,,,,,,,,,,,
1992-05-27 19:00:00,,,,,,,,,,0.0,,,,,,,,,,,,,,,,,,,,,,,,,,,,,,,,,,,,,,,,,,,,
1992-05-27 20:00:00,1008.3,1011.7,22.3,17.2,73.0,3.7,45.0,,,0.0,0.0,,,,,,,,,,1.0,,,,,,,,,,,,,,,,,,,,,,,,12.0,,,,,,,,,
1992-05-27 21:00:00,1009.0,1012.4,22.1,15.7,67.0,4.1,67.5,,,0.0,0.0,,,24.2,24.2,24.8,24.8,,,,0.0,,,,,,,,,,,,,,,,,,,,,24.3,,,12.0,,,,,,,,,
1992-05-27 22:00:00,,,,,,,,,,0.0,,,,,,,,,,,,,,,,,,,,,,,,,,,,,,,,,,,,,,,,,,,,
1992-05-27 23:00:00,1009.5,1012.9,22.1,13.8,59.0,3.2,90.0,,,0.0,0.0,,,,,,,,,,0.0,,,,,,,,,,,,,,,,,,,,,,,,12.0,,,,,,,,,
1992-05-28 00:00:00,,,,,,,,,,0.0,,,,,,,,,,,,,,,,,,,,,,,,,,,,,,,,,,,,,,,,,,,,
1992-05-28 01:00:00,,,,,,,,,,0.0,,,,,,,,,,,,,,,,,,,,,,,,,,,,,,,,,,,,,,,,,,,,
1992-05-28 02:00:00,1009.5,1012.9,20.0,13.6,67.0,3.8,90.0,,,0.0,0.0,,,,,,,,,,0.0,,,,,,,,,,,,,,,,,,,,,,,,12.0,,,,,,,,,
1992-05-28 03:00:00,,,,,,,,,,0.0,,,,,,,,,,,,,,,,,,,,,,,,,,,,,,,,,,,,,,,,,,,,
1992-05-28 04:00:00,,,,,,,,,,0.0,,,,,,,,,,,,,,,,,,,,,,,,,,,,,,,,,,,,,,,,,,,,
1992-05-28 05:00:00,1009.8,1013.2,19.1,10.6,58.0,3.8,112.5,,,0.0,0.0,,,21.8,22.0,23.2,23.7,,,,2.0,,,,,,,,,,,,,,,,,,,,,24.0,,,15.0,,,,,,,,,
1992-05-28 06:00:00,,,,,,,,,,0.0,,,,,,,,,,,,,,,,,,,,,,,,,,,,,,,,,,,,,,,,,,,,
1992-05-28 07:00:00,,,,,,,,,,0.0,,,,,,,,,,,,,,,,,,,,,,,,,,,,,,,,,,,,,,,,,,,,
1992-05-28 08:00:00,1009.7,1013.0,25.6,8.1,33.0,5.8,67.5,,,0.0,0.0,1.0,,,,,,,,,0.0,,,,,,,,,,,,,,,,,,,,,,,,15.0,,,,,,,,,
1992-05-28 09:00:00,1009.7,1013.0,26.4,7.6,30.0,6.9,45.0,,,0.0,0.0,1.0,,,,,,,,,0.0,,,,,,,,,,,,,,,,,,,,,,,,15.0,,,,,,,,,
1992-05-28 10:00:00,,,,,,,,,,0.0,,,,,,,,,,,,,,,,,,,,,,,,,,,,,,,,,,,,,,,,,,,,
1992-05-28 11:00:00,1009.0,1012.3,28.3,9.5,31.0,5.3,45.0,,,0.0,0.0,1.0,,,,,,,,,0.0,,,,,,,,,,,,,,,,,,,,,,,,15.0,,,,,,,,,
1992-05-28 12:00:00,,,,,,,,,,0.0,,,,,,,,,,,,,,,,,,,,,,,,,,,,,,,,,,,,,,,,,,,,
1992-05-28 13:00:00,,,,,,,,,,0.0,,,,,,,,,,,,,,,,,,,,,,,,,,,,,,,,,,,,,,,,,,,,
1992-05-28 14:00:00,1007.3,1010.6,28.3,14.2,42.0,5.8,360.0,,,0.0,0.0,1.0,,26.9,25.8,24.7,24.1,,,,3.0,,,,,,,,,,,,,,,,,,,,,23.8,,,15.0,,,,,,,,,
1992-05-28 15:00:00,,,,,,,,,,0.0,,,,,,,,,,,,,,,,,,,,,,,,,,,,,,,,,,,,,,,,,,,,
1992-05-28 16:00:00,,,,,,,,,,0.0,,,,,,,,,,,,,,,,,,,,,,,,,,,,,,,,,,,,,,,,,,,,
1992-05-28 17:00:00,1006.5,1009.8,27.1,15.7,50.0,3.3,22.5,,,0.0,0.0,0.1,,,,,,,,,4.0,,,,,,,,,,,,,,,,,,,,,,,,15.0,,,,,,,,,
1992-05-28 18:00:00,,,,,,,,,,0.0,,,,,,,,,,,,,,,,,,,,,,,,,,,,,,,,,,,,,,,,,,,,
1992-05-28 19:00:00,,,,,,,,,,0.0,,,,,,,,,,,,,,,,,,,,,,,,,,,,,,,,,,,,,,,,,,,,
1992-05-28 20:00:00,1007.4,1010.8,23.1,12.5,51.0,1.9,90.0,,,0.0,0.0,,,,,,,,,,1.0,,,,,,,,,,,,,,,,,,,,,,,,15.0,,,,,,,,,
1992-05-28 21:00:00,1007.7,1011.1,21.4,13.4,60.0,1.7,90.0,,,0.0,0.0,,,23.7,23.8,24.5,24.5,,,,1.0,,,,,,,,,,,,,,,,,,,,,24.1,,,15.0,,,,,,,,,
1992-05-28 22:00:00,,,,,,,,,,0.0,,,,,,,,,,,,,,,,,,,,,,,,,,,,,,,,,,,,,,,,,,,,
1992-05-28 23:00:00,1008.0,1011.4,20.2,14.3,69.0,1.7,90.0,,,0.0,0.0,,,,,,,,,,0.0,,,,,,,,,,,,,,,,,,,,,,,,12.0,,,,,,,,,
1992-05-29 00:00:00,,,,,,,,,,0.0,,,,,,,,,,,,,,,,,,,,,,,,,,,,,,,,,,,,,,,,,,,,
1992-05-29 01:00:00,,,,,,,,,,0.0,,,,,,,,,,,,,,,,,,,,,,,,,,,,,,,,,,,,,,,,,,,,
1992-05-29 02:00:00,1006.6,1010.0,19.2,15.7,80.0,1.1,90.0,,,0.0,0.0,,,,,,,,,,0.0,,,,,,,,,,,,,,,,,,,,,,,,12.0,,,,,,,,,
1992-05-29 03:00:00,,,,,,,,,,0.0,,,,,,,,,,,,,,,,,,,,,,,,,,,,,,,,,,,,,,,,,,,,
1992-05-29 04:00:00,,,,,,,,,,0.0,,,,,,,,,,,,,,,,,,,,,,,,,,,,,,,,,,,,,,,,,,,,
1992-05-29 05:00:00,1006.7,1010.1,19.3,16.1,82.0,1.5,112.5,,,0.0,0.0,,,22.6,22.5,23.4,23.7,,,,5.0,,,,,,,,,,,,,,,,,,,,,23.9,,,12.0,,,,,,,,,
1992-05-29 06:00:00,,,,,,,,,,0.0,,,,,,,,,,,,,,,,,,,,,,,,,,,,,,,,,,,,,,,,,,,,
1992-05-29 07:00:00,,,,,,,,,,0.0,,,,,,,,,,,,,,,,,,,,,,,,,,,,,,,,,,,,,,,,,,,,
1992-05-29 08:00:00,1007.9,1011.3,24.6,19.1,71.0,4.7,247.5,,,0.0,0.0,0.2,,,,,,,,,5.0,,,,,,,,,,,,,,,,,,,,,,,,12.0,,,,,,,,,
1992-05-29 09:00:00,1008.0,1011.3,25.2,18.6,67.0,6.0,270.0,,,0.0,0.0,0.9,,,,,,,,,7.0,,,,,,,,,,,,,,,,,,,,,,,,15.0,,,,,,,,,
1992-05-29 10:00:00,,,,,,,,,,0.0,,,,,,,,,,,,,,,,,,,,,,,,,,,,,,,,,,,,,,,,,,,,
1992-05-29 11:00:00,1007.8,1011.1,25.2,19.5,71.0,3.7,270.0,,,0.0,0.0,0.9,,,,,,,,,7.0,,,,,,,,,,,,,,,,,,,,,,,,15.0,,,,,,,,,
1992-05-29 12:00:00,,,,,,,,,,0.0,,,,,,,,,,,,,,,,,,,,,,,,,,,,,,,,,,,,,,,,,,,,
1992-05-29 13:00:00,,,,,,,,,,0.0,,,,,,,,,,,,,,,,,,,,,,,,,,,,,,,,,,,,,,,,,,,,
1992-05-29 14:00:00,1005.7,1009.0,26.1,18.2,62.0,3.1,292.5,,,0.0,0.0,1.0,,27.6,26.2,24.7,24.3,,,,6.0,,,,,,,,,,,,,,,,,,,,,23.9,,,12.0,,,,,,,,,
1992-05-29 15:00:00,,,,,,,,,,0.0,,,,,,,,,,,,,,,,,,,,,,,,,,,,,,,,,,,,,,,,,,,,
1992-05-29 16:00:00,,,,,,,,,,0.0,,,,,,,,,,,,,,,,,,,,,,,,,,,,,,,,,,,,,,,,,,,,
1992-05-29 17:00:00,1004.6,1007.9,24.8,17.7,65.0,2.8,315.0,,,0.0,0.0,0.1,,,,,,,,,7.0,,,,,,,,,,,,,,,,,,,,,,,,12.0,,,,,,,,,
1992-05-29 18:00:00,,,,,,,,,,0.0,,,,,,,,,,,,,,,,,,,,,,,,,,,,,,,,,,,,,,,,,,,,
1992-05-29 19:00:00,,,,,,,,,,0.0,,,,,,,,,,,,,,,,,,,,,,,,,,,,,,,,,,,,,,,,,,,,
1992-05-29 20:00:00,1005.2,1008.6,22.4,18.1,77.0,0.7,90.0,,,0.0,0.0,,,,,,,,,,6.0,,,,,,,,,,,,,,,,,,,,,,,,12.0,,,,,,,,,
1992-05-29 21:00:00,1005.4,1008.8,21.4,18.3,83.0,1.6,90.0,,,0.0,0.0,,,24.6,24.8,25.0,24.8,,,,6.0,,,,,,,,,,,,,,,,,,,,,24.4,,,12.0,,,,,,,,,
1992-05-29 22:00:00,,,,,,,,,,0.0,,,,,,,,,,,,,,,,,,,,,,,,,,,,,,,,,,,,,,,,,,,,
1992-05-29 23:00:00,1005.5,1008.9,20.6,18.1,86.0,1.6,90.0,,,0.0,0.0,,,,,,,,,,7.0,,,,,,,,,,,,,,,,,,,,,,,,12.0,,,,,,,,,
1992-05-30 00:00:00,,,,,,,,,,0.0,,,,,,,,,,,,,,,,,,,,,,,,,,,,,,,,,,,,,,,,,,,,
1992-05-30 01:00:00,,,,,,,,,,0.0,,,,,,,,,,,,,,,,,,,,,,,,,,,,,,,,,,,,,,,,,,,,
1992-05-30 02:00:00,1003.4,1006.8,19.4,16.5,83.0,1.4,90.0,,,0.0,0.0,,,,,,,,,,4.0,,,,,,,,,,,,,,,,,,,,,,,,12.0,,,,,,,,,
1992-05-30 03:00:00,,,,,,,,,,0.0,,,,,,,,,,,,,,,,,,,,,,,,,,,,,,,,,,,,,,,,,,,,
1992-05-30 04:00:00,,,,,,,,,,0.0,,,,,,,,,,,,,,,,,,,,,,,,,,,,,,,,,,,,,,,,,,,,
1992-05-30 05:00:00,1002.6,1006.0,20.1,15.6,75.0,0.9,90.0,,,0.0,0.0,,,23.1,23.1,24.0,24.2,,,,10.0,,,,,,,,,,,,,,,,,,,,,24.3,,,12.0,,,,,,,,,
1992-05-30 06:00:00,,,,,,,,,,0.0,,,,,,,,,,,,,,,,,,,,,,,,,,,,,,,,,,,,,,,,,,,,
1992-05-30 07:00:00,,,,,,,,,,0.0,,,,,,,,,,,,,,,,,,,,,,,,,,,,,,,,,,,,,,,,,,,,
1992-05-30 08:00:00,1004.1,1007.5,22.7,17.3,72.0,1.5,90.0,,,0.0,0.0,0.0,,,,,,,,,10.0,,,,,,,,,,,,,,,,,,,,,,,,15.0,,,,,,,,,
1992-05-30 09:00:00,1004.1,1007.4,23.9,17.9,69.0,1.7,112.5,,,0.0,0.0,0.0,,,,,,,,,10.0,,,,,,,,,,,,,,,,,,,,,,,,12.0,,,,,,,,,
1992-05-30 10:00:00,,,,,,,,,,0.0,,,,,,,,,,,,,,,,,,,,,,,,,,,,,,,,,,,,,,,,,,,,
1992-05-30 11:00:00,1005.0,1008.4,23.1,13.7,55.0,0.0,0.0,,,0.5,0.7,0.0,,,,,,,,,10.0,,,,,,,,,,,,,,,,,,,,,,,,8.0,,,,,,,,,
1992-05-30 12:00:00,,,,,,,,,,0.2,,,,,,,,,,,,,,,,,,,,,,,,,,,,,,,,,,,,,,,,,,,,
1992-05-30 13:00:00,,,,,,,,,,-9.8,,,,,,,,,,,,,,,,,,,,,,,,,,,,,,,,,,,,,,,,,,,,
1992-05-30 14:00:00,1002.6,1006.0,19.0,17.7,92.0,3.4,67.5,,,6.3,1.0,0.0,,23.6,23.8,24.1,24.1,,,,10.0,,,,,,,,,,,,,,,,,,,,,25.0,,,4.0,,,,,,,,,
1992-05-30 15:00:00,,,,,,,,,,3.8,,,,,,,,,,,,,,,,,,,,,,,,,,,,,,,,,,,,,,,,,,,,
1992-05-30 16:00:00,,,,,,,,,,0.3,,,,,,,,,,,,,,,,,,,,,,,,,,,,,,,,,,,,,,,,,,,,
1992-05-30 17:00:00,999.2,1002.6,21.4,18.9,86.0,2.5,90.0,,,0.0,0.0,0.0,,,,,,,,,10.0,,,,,,,,,,,,,,,,,,,,,,,,5.0,,,,,,,,,
1992-05-30 18:00:00,,,,,,,,,,0.0,,,,,,,,,,,,,,,,,,,,,,,,,,,,,,,,,,,,,,,,,,,,
1992-05-30 19:00:00,,,,,,,,,,0.0,,,,,,,,,,,,,,,,,,,,,,,,,,,,,,,,,,,,,,,,,,,,
1992-05-30 20:00:00,999.8,1003.2,20.6,18.5,88.0,2.9,90.0,,,-9.8,0.2,,,,,,,,,,8.0,,,,,,,,,,,,,,,,,,,,,,,,5.0,,,,,,,,,
1992-05-30 21:00:00,1000.2,1003.6,20.8,17.5,81.0,3.9,112.5,,,0.0,0.0,,,23.2,23.0,23.7,23.8,,,,8.0,,,,,,,,,,,,,,,,,,,,,23.8,,,7.0,,,,,,,,,
1992-05-30 22:00:00,,,,,,,,,,0.0,,,,,,,,,,,,,,,,,,,,,,,,,,,,,,,,,,,,,,,,,,,,
1992-05-30 23:00:00,1000.3,1003.7,20.9,17.7,82.0,2.9,112.5,,,0.0,0.0,,,,,,,,,,8.0,,,,,,,,,,,,,,,,,,,,,,,,7.0,,,,,,,,,
1992-05-31 00:00:00,,,,,,,,,,0.0,,,,,,,,,,,,,,,,,,,,,,,,,,,,,,,,,,,,,,,,,,,,
1992-05-31 01:00:00,,,,,,,,,,0.0,,,,,,,,,,,,,,,,,,,,,,,,,,,,,,,,,,,,,,,,,,,,
1992-05-31 02:00:00,998.4,1001.8,21.6,18.6,83.0,2.7,112.5,,,0.0,0.0,,,,,,,,,,9.0,,,,,,,,,,,,,,,,,,,,,,,,8.0,,,,,,,,,
1992-05-31 03:00:00,,,,,,,,,,0.0,,,,,,,,,,,,,,,,,,,,,,,,,,,,,,,,,,,,,,,,,,,,
1992-05-31 04:00:00,,,,,,,,,,0.0,,,,,,,,,,,,,,,,,,,,,,,,,,,,,,,,,,,,,,,,,,,,
1992-05-31 05:00:00,998.1,1001.5,21.3,19.5,89.0,1.3,67.5,,,0.6,0.9,,,22.4,22.1,22.8,23.4,,,,10.0,,,,,,,,,,,,,,,,,,,,,23.6,,,6.0,,,,,,,,,
1992-05-31 06:00:00,,,,,,,,,,0.2,,,,,,,,,,,,,,,,,,,,,,,,,,,,,,,,,,,,,,,,,,,,
1992-05-31 07:00:00,,,,,,,,,,0.2,,,,,,,,,,,,,,,,,,,,,,,,,,,,,,,,,,,,,,,,,,,,
1992-05-31 08:00:00,999.2,1002.5,23.3,21.0,87.0,1.7,67.5,,,0.0,0.0,0.0,,,,,,,,,9.0,,,,,,,,,,,,,,,,,,,,,,,,8.0,,,,,,,,,
1992-05-31 09:00:00,999.5,1002.8,25.5,21.6,79.0,0.3,22.5,,,0.0,0.0,0.5,,,,,,,,,9.0,,,,,,,,,,,,,,,,,,,,,,,,8.0,,,,,,,,,
1992-05-31 10:00:00,,,,,,,,,,0.0,,,,,,,,,,,,,,,,,,,,,,,,,,,,,,,,,,,,,,,,,,,,
1992-05-31 11:00:00,999.5,1002.8,27.4,21.7,71.0,2.2,22.5,,,0.0,0.0,0.0,,,,,,,,,10.0,,,,,,,,,,,,,,,,,,,,,,,,8.0,,,,,,,,,
1992-05-31 12:00:00,,,,,,,,,,0.0,,,,,,,,,,,,,,,,,,,,,,,,,,,,,,,,,,,,,,,,,,,,
1992-05-31 13:00:00,,,,,,,,,,0.0,,,,,,,,,,,,,,,,,,,,,,,,,,,,,,,,,,,,,,,,,,,,
1992-05-31 14:00:00,998.2,1001.5,24.6,21.5,83.0,4.5,337.5,,,1.4,0.2,0.0,,25.8,25.1,25.0,24.2,,,,10.0,,,,,,,,,,,,,,,,,,,,,23.6,,,6.0,,,,,,,,,
1992-05-31 15:00:00,,,,,,,,,,-9.8,,,,,,,,,,,,,,,,,,,,,,,,,,,,,,,,,,,,,,,,,,,,
1992-05-31 16:00:00,,,,,,,,,,0.0,,,,,,,,,,,,,,,,,,,,,,,,,,,,,,,,,,,,,,,,,,,,
1992-05-31 17:00:00,998.3,1001.6,23.5,20.3,82.0,3.7,90.0,,,0.0,0.0,0.0,,,,,,,,,10.0,,,,,,,,,,,,,,,,,,,,,,,,12.0,,,,,,,,,
1992-05-31 18:00:00,,,,,,,,,,0.0,,,,,,,,,,,,,,,,,,,,,,,,,,,,,,,,,,,,,,,,,,,,
1992-05-31 19:00:00,,,,,,,,,,0.0,,,,,,,,,,,,,,,,,,,,,,,,,,,,,,,,,,,,,,,,,,,,
1992-05-31 20:00:00,1000.0,1003.4,21.5,19.0,86.0,3.7,90.0,,,0.0,0.0,,,,,,,,,,10.0,,,,,,,,,,,,,,,,,,,,,,,,12.0,,,,,,,,,
1992-05-31 21:00:00,1000.7,1004.1,20.9,18.9,88.0,3.1,112.5,,,0.3,0.2,,,24.0,24.0,24.5,24.3,,,,10.0,,,,,,,,,,,,,,,,,,,,,23.8,,,12.0,,,,,,,,,
1992-05-31 22:00:00,,,,,,,,,,0.7,,,,,,,,,,,,,,,,,,,,,,,,,,,,,,,,,,,,,,,,,,,,
1992-05-31 23:00:00,1000.5,1003.9,21.3,19.3,88.0,3.8,112.5,,,0.0,0.0,,,,,,,,,,10.0,,,,,,,,,,,,,,,,,,,,,,,,12.0,,,,,,,,,
1992-06-01 00:00:00,,,,,,,,,,0.0,,,,,,,,,,,,,,,,,,,,,,,,,,,,,,,,,,,,,,,,,,,,
1992-06-01 01:00:00,,,,,,,,,,0.5,,,,,,,,,,,,,,,,,,,,,,,,,,,,,,,,,,,,,,,,,,,,
1992-06-01 02:00:00,1000.2,1003.6,20.3,19.3,94.0,2.0,45.0,,,0.0,0.0,,,,,,,,,,2.0,,,,,,,,,,,,,,,,,,,,,,,,10.0,,,,,,,,,
1992-06-01 03:00:00,,,,,,,,,,0.0,,,,,,,,,,,,,,,,,,,,,,,,,,,,,,,,,,,,,,,,,,,,
1992-06-01 04:00:00,,,,,,,,,,0.0,,,,,,,,,,,,,,,,,,,,,,,,,,,,,,,,,,,,,,,,,,,,
1992-06-01 05:00:00,1000.8,1004.2,21.1,19.5,91.0,2.1,90.0,,,0.0,0.0,,,22.6,23.0,23.7,23.8,,,,3.0,,,,,,,,,,,,,,,,,,,,,24.0,,,10.0,,,,,,,,,
1992-06-01 06:00:00,,,,,,,,,,0.0,,,,,,,,,,,,,,,,,,,,,,,,,,,,,,,,,,,,,,,,,,,,
1992-06-01 07:00:00,,,,,,,,,,0.0,,,,,,,,,,,,,,,,,,,,,,,,,,,,,,,,,,,,,,,,,,,,
1992-06-01 08:00:00,1002.4,1005.7,25.5,19.0,67.0,4.0,90.0,,,0.0,0.0,1.0,,,,,,,,,4.0,,,,,,,,,,,,,,,,,,,,,,,,15.0,,,,,,,,,
1992-06-01 09:00:00,1002.8,1006.1,27.1,19.0,61.0,4.1,90.0,,,0.0,0.0,1.0,,,,,,,,,3.0,,,,,,,,,,,,,,,,,,,,,,,,18.0,,,,,,,,,
1992-06-01 10:00:00,,,,,,,,,,0.0,,,,,,,,,,,,,,,,,,,,,,,,,,,,,,,,,,,,,,,,,,,,
1992-06-01 11:00:00,1003.2,1006.5,28.3,20.2,62.0,4.7,45.0,,,0.0,0.0,1.0,,,,,,,,,5.0,,,,,,,,,,,,,,,,,,,,,,,,18.0,,,,,,,,,
1992-06-01 12:00:00,,,,,,,,,,0.0,,,,,,,,,,,,,,,,,,,,,,,,,,,,,,,,,,,,,,,,,,,,
1992-06-01 13:00:00,,,,,,,,,,0.0,,,,,,,,,,,,,,,,,,,,,,,,,,,,,,,,,,,,,,,,,,,,
1992-06-01 14:00:00,1001.9,1005.2,29.3,20.6,60.0,7.6,45.0,,,0.0,0.0,1.0,,28.3,27.2,25.8,24.8,,,,1.0,,,,,,,,,,,,,,,,,,,,,24.2,,,18.0,,,,,,,,,
1992-06-01 15:00:00,,,,,,,,,,0.0,,,,,,,,,,,,,,,,,,,,,,,,,,,,,,,,,,,,,,,,,,,,
1992-06-01 16:00:00,,,,,,,,,,0.0,,,,,,,,,,,,,,,,,,,,,,,,,,,,,,,,,,,,,,,,,,,,
1992-06-01 17:00:00,1001.3,1004.6,28.2,19.3,59.0,5.2,45.0,,,0.0,0.0,1.0,,,,,,,,,1.0,,,,,,,,,,,,,,,,,,,,,,,,20.0,,,,,,,,,
1992-06-01 18:00:00,,,,,,,,,,0.0,,,,,,,,,,,,,,,,,,,,,,,,,,,,,,,,,,,,,,,,,,,,
1992-06-01 19:00:00,,,,,,,,,,0.0,,,,,,,,,,,,,,,,,,,,,,,,,,,,,,,,,,,,,,,,,,,,
1992-06-01 20:00:00,1003.4,1006.7,24.0,16.0,61.0,2.8,45.0,,,0.0,0.0,,,,,,,,,,0.0,,,,,,,,,,,,,,,,,,,,,,,,18.0,,,,,,,,,
1992-06-01 21:00:00,1004.1,1007.4,23.8,16.6,64.0,0.8,90.0,,,0.0,0.0,,,27.8,25.8,25.5,25.3,,,,0.0,,,,,,,,,,,,,,,,,,,,,24.7,,,15.0,,,,,,,,,
1992-06-01 22:00:00,,,,,,,,,,0.0,,,,,,,,,,,,,,,,,,,,,,,,,,,,,,,,,,,,,,,,,,,,
1992-06-01 23:00:00,1005.1,1008.5,21.9,17.6,77.0,1.2,90.0,,,0.0,0.0,,,,,,,,,,0.0,,,,,,,,,,,,,,,,,,,,,,,,15.0,,,,,,,,,
1992-06-02 00:00:00,,,,,,,,,,0.0,,,,,,,,,,,,,,,,,,,,,,,,,,,,,,,,,,,,,,,,,,,,
1992-06-02 01:00:00,,,,,,,,,,0.0,,,,,,,,,,,,,,,,,,,,,,,,,,,,,,,,,,,,,,,,,,,,
1992-06-02 02:00:00,1004.6,1008.0,21.6,17.4,77.0,1.7,112.5,,,0.0,0.0,,,,,,,,,,0.0,,,,,,,,,,,,,,,,,,,,,,,,15.0,,,,,,,,,
1992-06-02 03:00:00,,,,,,,,,,0.0,,,,,,,,,,,,,,,,,,,,,,,,,,,,,,,,,,,,,,,,,,,,
1992-06-02 04:00:00,,,,,,,,,,0.0,,,,,,,,,,,,,,,,,,,,,,,,,,,,,,,,,,,,,,,,,,,,
1992-06-02 05:00:00,1005.3,1008.7,21.5,16.7,74.0,0.8,90.0,,,0.0,0.0,,,23.4,23.8,24.5,24.6,,,,7.0,,,,,,,,,,,,,,,,,,,,,24.6,,,15.0,,,,,,,,,
1992-06-02 06:00:00,,,,,,,,,,0.0,,,,,,,,,,,,,,,,,,,,,,,,,,,,,,,,,,,,,,,,,,,,
1992-06-02 07:00:00,,,,,,,,,,0.0,,,,,,,,,,,,,,,,,,,,,,,,,,,,,,,,,,,,,,,,,,,,
1992-06-02 08:00:00,1006.9,1010.2,25.0,18.4,67.0,2.0,90.0,,,0.0,0.0,0.6,,,,,,,,,9.0,,,,,,,,,,,,,,,,,,,,,,,,15.0,,,,,,,,,
1992-06-02 09:00:00,1007.0,1010.3,26.5,18.7,62.0,1.8,112.5,,,0.0,0.0,0.0,,,,,,,,,9.0,,,,,,,,,,,,,,,,,,,,,,,,15.0,,,,,,,,,
1992-06-02 10:00:00,,,,,,,,,,0.0,,,,,,,,,,,,,,,,,,,,,,,,,,,,,,,,,,,,,,,,,,,,
1992-06-02 11:00:00,1006.7,1010.0,29.6,20.3,57.0,2.2,315.0,,,0.0,0.0,1.0,,,,,,,,,1.0,,,,,,,,,,,,,,,,,,,,,,,,15.0,,,,,,,,,
1992-06-02 12:00:00,,,,,,,,,,0.0,,,,,,,,,,,,,,,,,,,,,,,,,,,,,,,,,,,,,,,,,,,,
1992-06-02 13:00:00,,,,,,,,,,0.0,,,,,,,,,,,,,,,,,,,,,,,,,,,,,,,,,,,,,,,,,,,,
1992-06-02 14:00:00,1005.1,1008.4,31.1,21.2,56.0,3.8,315.0,,,0.0,0.0,1.0,,29.1,27.8,26.3,25.4,,,,1.0,,,,,,,,,,,,,,,,,,,,,24.8,,,15.0,,,,,,,,,
1992-06-02 15:00:00,,,,,,,,,,0.0,,,,,,,,,,,,,,,,,,,,,,,,,,,,,,,,,,,,,,,,,,,,
1992-06-02 16:00:00,,,,,,,,,,0.0,,,,,,,,,,,,,,,,,,,,,,,,,,,,,,,,,,,,,,,,,,,,
1992-06-02 17:00:00,1004.1,1007.4,30.2,19.3,52.0,4.1,360.0,,,0.0,0.0,1.0,,,,,,,,,2.0,,,,,,,,,,,,,,,,,,,,,,,,15.0,,,,,,,,,
1992-06-02 18:00:00,,,,,,,,,,0.0,,,,,,,,,,,,,,,,,,,,,,,,,,,,,,,,,,,,,,,,,,,,
1992-06-02 19:00:00,,,,,,,,,,0.0,,,,,,,,,,,,,,,,,,,,,,,,,,,,,,,,,,,,,,,,,,,,
1992-06-02 20:00:00,1005.8,1009.1,26.8,18.3,60.0,2.1,90.0,,,0.0,0.0,,,,,,,,,,1.0,,,,,,,,,,,,,,,,,,,,,,,,12.0,,,,,,,,,
1992-06-02 21:00:00,1006.5,1009.8,25.4,18.4,65.0,2.5,112.5,,,0.0,0.0,,,26.0,26.0,26.5,26.0,,,,1.0,,,,,,,,,,,,,,,,,,,,,25.3,,,12.0,,,,,,,,,
1992-06-02 22:00:00,,,,,,,,,,0.0,,,,,,,,,,,,,,,,,,,,,,,,,,,,,,,,,,,,,,,,,,,,
1992-06-02 23:00:00,1006.7,1010.1,24.0,19.7,77.0,1.7,90.0,,,0.0,0.0,,,,,,,,,,0.0,,,,,,,,,,,,,,,,,,,,,,,,12.0,,,,,,,,,
1992-06-03 00:00:00,,,,,,,,,,0.0,,,,,,,,,,,,,,,,,,,,,,,,,,,,,,,,,,,,,,,,,,,,
1992-06-03 01:00:00,,,,,,,,,,0.0,,,,,,,,,,,,,,,,,,,,,,,,,,,,,,,,,,,,,,,,,,,,
1992-06-03 02:00:00,1005.7,1009.1,22.6,20.4,87.0,0.1,0.0,,,0.0,0.0,,,,,,,,,,0.0,,,,,,,,,,,,,,,,,,,,,,,,12.0,,,,,,,,,
1992-06-03 03:00:00,,,,,,,,,,0.0,,,,,,,,,,,,,,,,,,,,,,,,,,,,,,,,,,,,,,,,,,,,
1992-06-03 04:00:00,,,,,,,,,,0.0,,,,,,,,,,,,,,,,,,,,,,,,,,,,,,,,,,,,,,,,,,,,
1992-06-03 05:00:00,1006.3,1009.7,22.3,20.4,89.0,1.3,112.5,,,0.0,0.0,,,24.9,24.7,25.2,25.3,,,,1.0,,,,,,,,,,,,,,,,,,,,,25.3,,,8.0,,,,,,,,,
1992-06-03 06:00:00,,,,,,,,,,0.0,,,,,,,,,,,,,,,,,,,,,,,,,,,,,,,,,,,,,,,,,,,,
1992-06-03 07:00:00,,,,,,,,,,0.0,,,,,,,,,,,,,,,,,,,,,,,,,,,,,,,,,,,,,,,,,,,,
1992-06-03 08:00:00,1006.8,1010.1,27.4,22.5,75.0,1.7,202.5,,,0.0,0.0,1.0,,,,,,,,,2.0,,,,,,,,,,,,,,,,,,,,,,,,8.0,,,,,,,,,
1992-06-03 09:00:00,1006.9,1010.2,26.2,22.9,82.0,3.3,337.5,,,0.0,0.0,0.5,,,,,,,,,10.0,,,,,,,,,,,,,,,,,,,,,,,,8.0,,,,,,,,,
1992-06-03 10:00:00,,,,,,,,,,0.0,,,,,,,,,,,,,,,,,,,,,,,,,,,,,,,,,,,,,,,,,,,,
1992-06-03 11:00:00,1007.2,1010.5,27.3,23.1,78.0,3.1,292.5,,,0.0,0.0,0.4,,,,,,,,,10.0,,,,,,,,,,,,,,,,,,,,,,,,10.0,,,,,,,,,
1992-06-03 12:00:00,,,,,,,,,,0.0,,,,,,,,,,,,,,,,,,,,,,,,,,,,,,,,,,,,,,,,,,,,
1992-06-03 13:00:00,,,,,,,,,,0.0,,,,,,,,,,,,,,,,,,,,,,,,,,,,,,,,,,,,,,,,,,,,
1992-06-03 14:00:00,1005.7,1009.0,26.9,22.3,76.0,2.9,292.5,,,0.0,0.0,0.5,,30.6,27.8,26.7,26.0,,,,10.0,,,,,,,,,,,,,,,,,,,,,25.3,,,10.0,,,,,,,,,
1992-06-03 15:00:00,,,,,,,,,,0.0,,,,,,,,,,,,,,,,,,,,,,,,,,,,,,,,,,,,,,,,,,,,
1992-06-03 16:00:00,,,,,,,,,,0.0,,,,,,,,,,,,,,,,,,,,,,,,,,,,,,,,,,,,,,,,,,,,
1992-06-03 17:00:00,1004.6,1007.9,27.4,21.9,72.0,1.6,270.0,,,0.0,0.0,1.0,,,,,,,,,3.0,,,,,,,,,,,,,,,,,,,,,,,,12.0,,,,,,,,,
1992-06-03 18:00:00,,,,,,,,,,0.0,,,,,,,,,,,,,,,,,,,,,,,,,,,,,,,,,,,,,,,,,,,,
1992-06-03 19:00:00,,,,,,,,,,0.0,,,,,,,,,,,,,,,,,,,,,,,,,,,,,,,,,,,,,,,,,,,,
1992-06-03 20:00:00,1005.1,1008.4,25.1,21.6,81.0,1.0,315.0,,,0.0,0.0,,,,,,,,,,2.0,,,,,,,,,,,,,,,,,,,,,,,,12.0,,,,,,,,,
1992-06-03 21:00:00,1005.4,1008.7,24.4,21.8,85.0,1.7,112.5,,,0.0,0.0,,,26.3,26.3,25.0,26.3,,,,2.0,,,,,,,,,,,,,,,,,,,,,25.8,,,12.0,,,,,,,,,
1992-06-03 22:00:00,,,,,,,,,,0.0,,,,,,,,,,,,,,,,,,,,,,,,,,,,,,,,,,,,,,,,,,,,
1992-06-03 23:00:00,1005.7,1009.1,23.5,21.6,89.0,1.1,112.5,,,0.0,0.0,,,,,,,,,,3.0,,,,,,,,,,,,,,,,,,,,,,,,12.0,,,,,,,,,
1992-06-04 00:00:00,,,,,,,,,,0.0,,,,,,,,,,,,,,,,,,,,,,,,,,,,,,,,,,,,,,,,,,,,
1992-06-04 01:00:00,,,,,,,,,,0.0,,,,,,,,,,,,,,,,,,,,,,,,,,,,,,,,,,,,,,,,,,,,
1992-06-04 02:00:00,1004.3,1007.7,22.5,20.6,89.0,1.1,90.0,,,0.0,0.0,,,,,,,,,,1.0,,,,,,,,,,,,,,,,,,,,,,,,12.0,,,,,,,,,
1992-06-04 03:00:00,,,,,,,,,,0.0,,,,,,,,,,,,,,,,,,,,,,,,,,,,,,,,,,,,,,,,,,,,
1992-06-04 04:00:00,,,,,,,,,,0.0,,,,,,,,,,,,,,,,,,,,,,,,,,,,,,,,,,,,,,,,,,,,
1992-06-04 05:00:00,1004.8,1008.2,22.7,20.1,85.0,1.7,112.5,,,0.0,0.0,,,25.1,25.1,25.0,25.6,,,,10.0,,,,,,,,,,,,,,,,,,,,,25.6,,,12.0,,,,,,,,,
1992-06-04 06:00:00,,,,,,,,,,0.0,,,,,,,,,,,,,,,,,,,,,,,,,,,,,,,,,,,,,,,,,,,,
1992-06-04 07:00:00,,,,,,,,,,0.0,,,,,,,,,,,,,,,,,,,,,,,,,,,,,,,,,,,,,,,,,,,,
1992-06-04 08:00:00,1005.1,1008.4,26.0,21.5,76.0,1.0,180.0,,,0.0,0.0,0.0,,,,,,,,,10.0,,,,,,,,,,,,,,,,,,,,,,,,12.0,,,,,,,,,
1992-06-04 09:00:00,1005.4,1008.7,27.3,22.0,73.0,3.7,270.0,,,0.0,0.0,0.5,,,,,,,,,8.0,,,,,,,,,,,,,,,,,,,,,,,,12.0,,,,,,,,,
1992-06-04 10:00:00,,,,,,,,,,0.0,,,,,,,,,,,,,,,,,,,,,,,,,,,,,,,,,,,,,,,,,,,,
1992-06-04 11:00:00,1004.8,1008.1,28.7,22.9,71.0,5.1,270.0,,,0.0,0.0,0.2,,,,,,,,,10.0,,,,,,,,,,,,,,,,,,,,,,,,8.0,,,,,,,,,
1992-06-04 12:00:00,,,,,,,,,,0.0,,,,,,,,,,,,,,,,,,,,,,,,,,,,,,,,,,,,,,,,,,,,
1992-06-04 13:00:00,,,,,,,,,,0.0,,,,,,,,,,,,,,,,,,,,,,,,,,,,,,,,,,,,,,,,,,,,
1992-06-04 14:00:00,1002.9,1006.2,29.4,22.3,66.0,7.5,270.0,,,0.0,0.0,1.0,,28.7,27.9,26.7,26.1,,,,3.0,,,,,,,,,,,,,,,,,,,,,25.5,,,10.0,,,,,,,,,
1992-06-04 15:00:00,,,,,,,,,,0.0,,,,,,,,,,,,,,,,,,,,,,,,,,,,,,,,,,,,,,,,,,,,
1992-06-04 16:00:00,,,,,,,,,,0.0,,,,,,,,,,,,,,,,,,,,,,,,,,,,,,,,,,,,,,,,,,,,
1992-06-04 17:00:00,1002.7,1006.0,28.1,23.3,75.0,4.8,270.0,,,0.0,0.0,1.0,,,,,,,,,3.0,,,,,,,,,,,,,,,,,,,,,,,,10.0,,,,,,,,,
1992-06-04 18:00:00,,,,,,,,,,0.0,,,,,,,,,,,,,,,,,,,,,,,,,,,,,,,,,,,,,,,,,,,,
1992-06-04 19:00:00,,,,,,,,,,0.0,,,,,,,,,,,,,,,,,,,,,,,,,,,,,,,,,,,,,,,,,,,,
1992-06-04 20:00:00,1003.4,1006.7,26.9,22.7,78.0,0.2,0.0,,,0.0,0.0,,,,,,,,,,2.0,,,,,,,,,,,,,,,,,,,,,,,,6.0,,,,,,,,,
1992-06-04 21:00:00,1004.4,1007.7,26.3,22.8,81.0,0.8,337.5,,,0.0,0.0,,,26.3,26.3,26.6,26.3,,,,0.0,,,,,,,,,,,,,,,,,,,,,25.8,,,6.0,,,,,,,,,
1992-06-04 22:00:00,,,,,,,,,,0.0,,,,,,,,,,,,,,,,,,,,,,,,,,,,,,,,,,,,,,,,,,,,
1992-06-04 23:00:00,1004.4,1007.7,25.3,22.7,86.0,2.0,180.0,,,0.0,0.0,,,,,,,,,,0.0,,,,,,,,,,,,,,,,,,,,,,,,6.0,,,,,,,,,
1992-06-05 00:00:00,,,,,,,,,,0.0,,,,,,,,,,,,,,,,,,,,,,,,,,,,,,,,,,,,,,,,,,,,
1992-06-05 01:00:00,,,,,,,,,,0.0,,,,,,,,,,,,,,,,,,,,,,,,,,,,,,,,,,,,,,,,,,,,
1992-06-05 02:00:00,1003.6,1006.9,25.1,22.9,88.0,1.3,135.0,,,0.0,0.0,,,,,,,,,,9.0,,,,,,,,,,,,,,,,,,,,,,,,6.0,,,,,,,,,
1992-06-05 03:00:00,,,,,,,,,,0.0,,,,,,,,,,,,,,,,,,,,,,,,,,,,,,,,,,,,,,,,,,,,
1992-06-05 04:00:00,,,,,,,,,,0.0,,,,,,,,,,,,,,,,,,,,,,,,,,,,,,,,,,,,,,,,,,,,
1992-06-05 05:00:00,1004.3,1007.6,24.7,22.0,85.0,1.6,157.5,,,0.0,0.0,,,25.8,25.6,26.0,25.9,,,,10.0,,,,,,,,,,,,,,,,,,,,,25.7,,,6.0,,,,,,,,,
1992-06-05 06:00:00,,,,,,,,,,0.0,,,,,,,,,,,,,,,,,,,,,,,,,,,,,,,,,,,,,,,,,,,,
1992-06-05 07:00:00,,,,,,,,,,0.0,,,,,,,,,,,,,,,,,,,,,,,,,,,,,,,,,,,,,,,,,,,,
1992-06-05 08:00:00,1005.2,1008.5,26.7,22.8,79.0,1.2,135.0,,,0.0,0.0,0.0,,,,,,,,,10.0,,,,,,,,,,,,,,,,,,,,,,,,6.0,,,,,,,,,
1992-06-05 09:00:00,1005.4,1008.7,27.9,23.7,78.0,4.8,270.0,,,0.0,0.0,0.0,,,,,,,,,10.0,,,,,,,,,,,,,,,,,,,,,,,,10.0,,,,,,,,,
1992-06-05 10:00:00,,,,,,,,,,0.0,,,,,,,,,,,,,,,,,,,,,,,,,,,,,,,,,,,,,,,,,,,,
1992-06-05 11:00:00,1005.3,1008.6,29.0,24.5,77.0,4.2,270.0,,,0.0,0.0,0.6,,,,,,,,,9.0,,,,,,,,,,,,,,,,,,,,,,,,12.0,,,,,,,,,
1992-06-05 12:00:00,,,,,,,,,,0.0,,,,,,,,,,,,,,,,,,,,,,,,,,,,,,,,,,,,,,,,,,,,
1992-06-05 13:00:00,,,,,,,,,,0.0,,,,,,,,,,,,,,,,,,,,,,,,,,,,,,,,,,,,,,,,,,,,
1992-06-05 14:00:00,1004.2,1007.5,29.1,24.5,76.0,4.1,292.5,,,0.0,0.0,0.6,,29.4,28.3,27.2,26.5,,,,10.0,,,,,,,,,,,,,,,,,,,,,26.1,,,15.0,,,,,,,,,
1992-06-05 15:00:00,,,,,,,,,,0.0,,,,,,,,,,,,,,,,,,,,,,,,,,,,,,,,,,,,,,,,,,,,
1992-06-05 16:00:00,,,,,,,,,,0.0,,,,,,,,,,,,,,,,,,,,,,,,,,,,,,,,,,,,,,,,,,,,
1992-06-05 17:00:00,1004.0,1007.3,27.3,23.5,80.0,1.1,315.0,,,0.0,0.0,0.0,,,,,,,,,10.0,,,,,,,,,,,,,,,,,,,,,,,,15.0,,,,,,,,,
1992-06-05 18:00:00,,,,,,,,,,0.0,,,,,,,,,,,,,,,,,,,,,,,,,,,,,,,,,,,,,,,,,,,,
1992-06-05 19:00:00,,,,,,,,,,0.0,,,,,,,,,,,,,,,,,,,,,,,,,,,,,,,,,,,,,,,,,,,,
1992-06-05 20:00:00,1004.6,1007.9,26.4,23.3,83.0,0.8,270.0,,,0.0,0.0,,,,,,,,,,4.0,,,,,,,,,,,,,,,,,,,,,,,,12.0,,,,,,,,,
1992-06-05 21:00:00,1005.0,1008.3,26.2,23.2,84.0,0.4,315.0,,,0.0,0.0,,,27.1,27.1,27.4,26.8,,,,4.0,,,,,,,,,,,,,,,,,,,,,26.2,,,12.0,,,,,,,,,
1992-06-05 22:00:00,,,,,,,,,,0.0,,,,,,,,,,,,,,,,,,,,,,,,,,,,,,,,,,,,,,,,,,,,
1992-06-05 23:00:00,1005.5,1008.8,25.6,23.6,89.0,1.3,112.5,,,0.0,0.0,,,,,,,,,,10.0,,,,,,,,,,,,,,,,,,,,,,,,12.0,,,,,,,,,
1992-06-06 00:00:00,,,,,,,,,,0.0,,,,,,,,,,,,,,,,,,,,,,,,,,,,,,,,,,,,,,,,,,,,
1992-06-06 01:00:00,,,,,,,,,,0.0,,,,,,,,,,,,,,,,,,,,,,,,,,,,,,,,,,,,,,,,,,,,
1992-06-06 02:00:00,1003.7,1007.0,25.4,23.4,89.0,1.4,135.0,,,0.0,0.0,,,,,,,,,,10.0,,,,,,,,,,,,,,,,,,,,,,,,12.0,,,,,,,,,
1992-06-06 03:00:00,,,,,,,,,,0.0,,,,,,,,,,,,,,,,,,,,,,,,,,,,,,,,,,,,,,,,,,,,
1992-06-06 04:00:00,,,,,,,,,,0.0,,,,,,,,,,,,,,,,,,,,,,,,,,,,,,,,,,,,,,,,,,,,
1992-06-06 05:00:00,1003.4,1006.7,24.7,22.4,87.0,2.2,112.5,,,0.0,0.0,,,26.3,26.3,26.5,26.5,,,,10.0,,,,,,,,,,,,,,,,,,,,,26.3,,,10.0,,,,,,,,,
1992-06-06 06:00:00,,,,,,,,,,0.0,,,,,,,,,,,,,,,,,,,,,,,,,,,,,,,,,,,,,,,,,,,,
1992-06-06 07:00:00,,,,,,,,,,0.0,,,,,,,,,,,,,,,,,,,,,,,,,,,,,,,,,,,,,,,,,,,,
1992-06-06 08:00:00,1004.7,1008.0,27.4,23.3,78.0,2.9,247.5,,,0.0,0.0,0.6,,,,,,,,,8.0,,,,,,,,,,,,,,,,,,,,,,,,12.0,,,,,,,,,
1992-06-06 09:00:00,1004.7,1008.0,28.7,23.8,75.0,4.5,247.5,,,0.0,0.0,0.6,,,,,,,,,7.0,,,,,,,,,,,,,,,,,,,,,,,,12.0,,,,,,,,,
1992-06-06 10:00:00,,,,,,,,,,0.0,,,,,,,,,,,,,,,,,,,,,,,,,,,,,,,,,,,,,,,,,,,,
1992-06-06 11:00:00,1003.4,1006.7,29.4,24.2,74.0,5.0,270.0,,,0.0,0.0,1.0,,,,,,,,,3.0,,,,,,,,,,,,,,,,,,,,,,,,12.0,,,,,,,,,
1992-06-06 12:00:00,,,,,,,,,,0.0,,,,,,,,,,,,,,,,,,,,,,,,,,,,,,,,,,,,,,,,,,,,
1992-06-06 13:00:00,,,,,,,,,,0.0,,,,,,,,,,,,,,,,,,,,,,,,,,,,,,,,,,,,,,,,,,,,
1992-06-06 14:00:00,1001.3,1004.6,29.7,23.8,71.0,7.7,270.0,,,0.0,0.0,1.0,,29.3,28.8,27.7,27.0,,,,1.0,,,,,,,,,,,,,,,,,,,,,26.3,,,12.0,,,,,,,,,
1992-06-06 15:00:00,,,,,,,,,,0.0,,,,,,,,,,,,,,,,,,,,,,,,,,,,,,,,,,,,,,,,,,,,
1992-06-06 16:00:00,,,,,,,,,,0.0,,,,,,,,,,,,,,,,,,,,,,,,,,,,,,,,,,,,,,,,,,,,
1992-06-06 17:00:00,1000.1,1003.4,29.3,24.2,74.0,7.9,270.0,,,0.0,0.0,1.0,,,,,,,,,8.0,,,,,,,,,,,,,,,,,,,,,,,,12.0,,,,,,,,,
1992-06-06 18:00:00,,,,,,,,,,0.0,,,,,,,,,,,,,,,,,,,,,,,,,,,,,,,,,,,,,,,,,,,,
1992-06-06 19:00:00,,,,,,,,,,0.0,,,,,,,,,,,,,,,,,,,,,,,,,,,,,,,,,,,,,,,,,,,,
1992-06-06 20:00:00,1002.2,1005.5,28.0,23.9,78.0,4.7,247.5,,,0.0,0.0,,,,,,,,,,6.0,,,,,,,,,,,,,,,,,,,,,,,,12.0,,,,,,,,,
1992-06-06 21:00:00,1002.3,1005.6,28.0,24.0,79.0,4.4,247.5,,,0.0,0.0,,,27.1,27.2,27.3,27.2,,,,8.0,,,,,,,,,,,,,,,,,,,,,26.6,,,12.0,,,,,,,,,
1992-06-06 22:00:00,,,,,,,,,,0.0,,,,,,,,,,,,,,,,,,,,,,,,,,,,,,,,,,,,,,,,,,,,
1992-06-06 23:00:00,1002.7,1006.0,28.6,22.7,70.0,5.0,247.5,,,0.0,0.0,,,,,,,,,,9.0,,,,,,,,,,,,,,,,,,,,,,,,12.0,,,,,,,,,
1992-06-07 00:00:00,,,,,,,,,,0.0,,,,,,,,,,,,,,,,,,,,,,,,,,,,,,,,,,,,,,,,,,,,
1992-06-07 01:00:00,,,,,,,,,,0.0,,,,,,,,,,,,,,,,,,,,,,,,,,,,,,,,,,,,,,,,,,,,
1992-06-07 02:00:00,1001.1,1004.4,28.1,21.4,67.0,4.6,247.5,,,0.0,0.0,,,,,,,,,,2.0,,,,,,,,,,,,,,,,,,,,,,,,12.0,,,,,,,,,
1992-06-07 03:00:00,,,,,,,,,,0.0,,,,,,,,,,,,,,,,,,,,,,,,,,,,,,,,,,,,,,,,,,,,
1992-06-07 04:00:00,,,,,,,,,,0.0,,,,,,,,,,,,,,,,,,,,,,,,,,,,,,,,,,,,,,,,,,,,
1992-06-07 05:00:00,1001.0,1004.3,28.0,20.9,65.0,4.4,247.5,,,0.0,0.0,,,26.0,26.0,26.2,26.6,,,,4.0,,,,,,,,,,,,,,,,,,,,,26.5,,,15.0,,,,,,,,,
1992-06-07 06:00:00,,,,,,,,,,0.0,,,,,,,,,,,,,,,,,,,,,,,,,,,,,,,,,,,,,,,,,,,,
1992-06-07 07:00:00,,,,,,,,,,0.0,,,,,,,,,,,,,,,,,,,,,,,,,,,,,,,,,,,,,,,,,,,,
1992-06-07 08:00:00,1002.3,1005.6,28.5,22.0,68.0,5.1,270.0,,,0.0,0.0,0.2,,,,,,,,,9.0,,,,,,,,,,,,,,,,,,,,,,,,15.0,,,,,,,,,
1992-06-07 09:00:00,1004.2,1007.5,24.9,22.3,86.0,6.2,270.0,,,2.4,0.7,0.0,,,,,,,,,10.0,,,,,,,,,,,,,,,,,,,,,,,,15.0,,,,,,,,,
1992-06-07 10:00:00,,,,,,,,,,19.8,,,,,,,,,,,,,,,,,,,,,,,,,,,,,,,,,,,,,,,,,,,,
1992-06-07 11:00:00,1003.5,1006.8,25.1,22.9,88.0,3.2,225.0,,,0.0,0.0,0.0,,,,,,,,,10.0,,,,,,,,,,,,,,,,,,,,,,,,15.0,,,,,,,,,
1992-06-07 12:00:00,,,,,,,,,,33.7,,,,,,,,,,,,,,,,,,,,,,,,,,,,,,,,,,,,,,,,,,,,
1992-06-07 13:00:00,,,,,,,,,,1.9,,,,,,,,,,,,,,,,,,,,,,,,,,,,,,,,,,,,,,,,,,,,
1992-06-07 14:00:00,1002.6,1005.9,24.8,23.9,95.0,2.9,292.5,,,2.5,1.0,0.0,,26.1,26.1,25.8,26.0,,,,10.0,,,,,,,,,,,,,,,,,,,,,26.0,,,8.0,,,,,,,,,
1992-06-07 15:00:00,,,,,,,,,,3.0,,,,,,,,,,,,,,,,,,,,,,,,,,,,,,,,,,,,,,,,,,,,
1992-06-07 16:00:00,,,,,,,,,,0.8,,,,,,,,,,,,,,,,,,,,,,,,,,,,,,,,,,,,,,,,,,,,
1992-06-07 17:00:00,1002.8,1006.1,26.1,23.2,84.0,2.2,225.0,,,2.6,0.7,0.0,,,,,,,,,10.0,,,,,,,,,,,,,,,,,,,,,,,,12.0,,,,,,,,,
1992-06-07 18:00:00,,,,,,,,,,-9.8,,,,,,,,,,,,,,,,,,,,,,,,,,,,,,,,,,,,,,,,,,,,
1992-06-07 19:00:00,,,,,,,,,,3.1,,,,,,,,,,,,,,,,,,,,,,,,,,,,,,,,,,,,,,,,,,,,
1992-06-07 20:00:00,1005.3,1008.7,20.8,19.4,92.0,7.7,22.5,,,9.4,1.0,,,,,,,,,,10.0,,,,,,,,,,,,,,,,,,,,,,,,10.0,,,,,,,,,
1992-06-07 21:00:00,1006.1,1009.5,19.6,19.6,100.0,5.9,45.0,,,11.2,1.0,,,24.4,24.6,25.4,25.8,,,,10.0,,,,,,,,,,,,,,,,,,,,,25.8,,,10.0,,,,,,,,,
1992-06-07 22:00:00,,,,,,,,,,0.8,,,,,,,,,,,,,,,,,,,,,,,,,,,,,,,,,,,,,,,,,,,,
1992-06-07 23:00:00,1006.9,1010.3,17.8,17.6,99.0,5.1,67.5,,,2.4,1.0,,,,,,,,,,10.0,,,,,,,,,,,,,,,,,,,,,,,,8.0,,,,,,,,,
1992-06-08 00:00:00,,,,,,,,,,0.2,,,,,,,,,,,,,,,,,,,,,,,,,,,,,,,,,,,,,,,,,,,,
1992-06-08 01:00:00,,,,,,,,,,0.2,,,,,,,,,,,,,,,,,,,,,,,,,,,,,,,,,,,,,,,,,,,,
1992-06-08 02:00:00,1004.3,1007.7,19.0,17.2,89.0,2.1,67.5,,,0.0,0.0,,,,,,,,,,10.0,,,,,,,,,,,,,,,,,,,,,,,,8.0,,,,,,,,,
1992-06-08 03:00:00,,,,,,,,,,0.4,,,,,,,,,,,,,,,,,,,,,,,,,,,,,,,,,,,,,,,,,,,,
1992-06-08 04:00:00,,,,,,,,,,1.2,,,,,,,,,,,,,,,,,,,,,,,,,,,,,,,,,,,,,,,,,,,,
1992-06-08 05:00:00,1005.5,1008.9,17.7,17.6,99.0,2.5,45.0,,,0.8,1.0,,,23.6,23.7,24.2,24.8,,,,10.0,,,,,,,,,,,,,,,,,,,,,25.2,,,8.0,,,,,,,,,
1992-06-08 06:00:00,,,,,,,,,,4.9,,,,,,,,,,,,,,,,,,,,,,,,,,,,,,,,,,,,,,,,,,,,
1992-06-08 07:00:00,,,,,,,,,,7.9,,,,,,,,,,,,,,,,,,,,,,,,,,,,,,,,,,,,,,,,,,,,
1992-06-08 08:00:00,1005.8,1009.2,18.9,18.8,99.0,1.8,90.0,,,1.0,1.0,0.0,,,,,,,,,10.0,,,,,,,,,,,,,,,,,,,,,,,,8.0,,,,,,,,,
1992-06-08 09:00:00,1005.6,1009.0,19.5,19.3,99.0,0.8,67.5,,,1.8,1.0,0.0,,,,,,,,,10.0,,,,,,,,,,,,,,,,,,,,,,,,8.0,,,,,,,,,
1992-06-08 10:00:00,,,,,,,,,,1.3,,,,,,,,,,,,,,,,,,,,,,,,,,,,,,,,,,,,,,,,,,,,
1992-06-08 11:00:00,1005.4,1008.8,19.0,18.8,99.0,4.0,22.5,,,8.1,1.0,0.0,,,,,,,,,10.0,,,,,,,,,,,,,,,,,,,,,,,,6.0,,,,,,,,,
1992-06-08 12:00:00,,,,,,,,,,7.2,,,,,,,,,,,,,,,,,,,,,,,,,,,,,,,,,,,,,,,,,,,,
1992-06-08 13:00:00,,,,,,,,,,1.4,,,,,,,,,,,,,,,,,,,,,,,,,,,,,,,,,,,,,,,,,,,,
1992-06-08 14:00:00,1005.5,1008.9,19.6,19.5,99.0,1.2,90.0,,,2.1,1.0,0.0,,22.8,22.6,23.4,24.0,,,,10.0,,,,,,,,,,,,,,,,,,,,,24.3,,,8.0,,,,,,,,,
1992-06-08 15:00:00,,,,,,,,,,6.8,,,,,,,,,,,,,,,,,,,,,,,,,,,,,,,,,,,,,,,,,,,,
1992-06-08 16:00:00,,,,,,,,,,1.7,,,,,,,,,,,,,,,,,,,,,,,,,,,,,,,,,,,,,,,,,,,,
1992-06-08 17:00:00,1004.3,1007.7,19.5,19.5,100.0,1.9,112.5,,,7.8,1.0,0.0,,,,,,,,,10.0,,,,,,,,,,,,,,,,,,,,,,,,8.0,,,,,,,,,
1992-06-08 18:00:00,,,,,,,,,,13.3,,,,,,,,,,,,,,,,,,,,,,,,,,,,,,,,,,,,,,,,,,,,
1992-06-08 19:00:00,,,,,,,,,,5.9,,,,,,,,,,,,,,,,,,,,,,,,,,,,,,,,,,,,,,,,,,,,
1992-06-08 20:00:00,1006.9,1010.3,19.6,19.6,100.0,1.4,180.0,,,5.1,1.0,,,,,,,,,,10.0,,,,,,,,,,,,,,,,,,,,,,,,8.0,,,,,,,,,
1992-06-08 21:00:00,1006.6,1010.0,19.6,19.1,97.0,1.0,90.0,,,11.3,1.0,,,21.7,21.6,22.7,23.5,,,,10.0,,,,,,,,,,,,,,,,,,,,,23.9,,,8.0,,,,,,,,,
1992-06-08 22:00:00,,,,,,,,,,15.6,,,,,,,,,,,,,,,,,,,,,,,,,,,,,,,,,,,,,,,,,,,,
1992-06-08 23:00:00,1006.6,1010.0,19.8,18.1,90.0,1.4,112.5,,,15.6,1.0,,,,,,,,,,10.0,,,,,,,,,,,,,,,,,,,,,,,,6.0,,,,,,,,,
1992-06-09 00:00:00,,,,,,,,,,6.9,,,,,,,,,,,,,,,,,,,,,,,,,,,,,,,,,,,,,,,,,,,,
1992-06-09 01:00:00,,,,,,,,,,1.1,,,,,,,,,,,,,,,,,,,,,,,,,,,,,,,,,,,,,,,,,,,,
1992-06-09 02:00:00,1004.2,1007.6,20.3,18.6,90.0,0.7,90.0,,,1.7,1.0,,,,,,,,,,10.0,,,,,,,,,,,,,,,,,,,,,,,,6.0,,,,,,,,,
1992-06-09 03:00:00,,,,,,,,,,0.7,,,,,,,,,,,,,,,,,,,,,,,,,,,,,,,,,,,,,,,,,,,,
1992-06-09 04:00:00,,,,,,,,,,0.4,,,,,,,,,,,,,,,,,,,,,,,,,,,,,,,,,,,,,,,,,,,,
1992-06-09 05:00:00,1005.0,1008.4,20.7,19.3,92.0,1.1,157.5,,,0.2,0.4,,,21.8,21.3,22.2,22.8,,,,10.0,,,,,,,,,,,,,,,,,,,,,23.3,,,6.0,,,,,,,,,
1992-06-09 06:00:00,,,,,,,,,,0.8,,,,,,,,,,,,,,,,,,,,,,,,,,,,,,,,,,,,,,,,,,,,
1992-06-09 07:00:00,,,,,,,,,,0.7,,,,,,,,,,,,,,,,,,,,,,,,,,,,,,,,,,,,,,,,,,,,
1992-06-09 08:00:00,1006.0,1009.4,21.4,20.2,93.0,0.0,0.0,,,-9.8,0.3,0.0,,,,,,,,,10.0,,,,,,,,,,,,,,,,,,,,,,,,6.0,,,,,,,,,
1992-06-09 09:00:00,1006.2,1009.6,22.5,21.0,91.0,0.7,67.5,,,0.0,0.0,0.0,,,,,,,,,10.0,,,,,,,,,,,,,,,,,,,,,,,,8.0,,,,,,,,,
1992-06-09 10:00:00,,,,,,,,,,0.0,,,,,,,,,,,,,,,,,,,,,,,,,,,,,,,,,,,,,,,,,,,,
1992-06-09 11:00:00,1005.9,1009.2,24.6,22.1,86.0,0.2,0.0,,,0.0,0.0,0.0,,,,,,,,,10.0,,,,,,,,,,,,,,,,,,,,,,,,9.0,,,,,,,,,
1992-06-09 12:00:00,,,,,,,,,,0.0,,,,,,,,,,,,,,,,,,,,,,,,,,,,,,,,,,,,,,,,,,,,
1992-06-09 13:00:00,,,,,,,,,,0.0,,,,,,,,,,,,,,,,,,,,,,,,,,,,,,,,,,,,,,,,,,,,
1992-06-09 14:00:00,1005.0,1008.3,26.0,22.8,83.0,2.0,270.0,,,0.0,0.0,0.0,,25.3,24.0,23.8,23.5,,,,10.0,,,,,,,,,,,,,,,,,,,,,23.4,,,7.0,,,,,,,,,
1992-06-09 15:00:00,,,,,,,,,,0.0,,,,,,,,,,,,,,,,,,,,,,,,,,,,,,,,,,,,,,,,,,,,
1992-06-09 16:00:00,,,,,,,,,,0.0,,,,,,,,,,,,,,,,,,,,,,,,,,,,,,,,,,,,,,,,,,,,
1992-06-09 17:00:00,1004.3,1007.6,27.8,22.0,71.0,4.5,270.0,,,0.0,0.0,0.0,,,,,,,,,10.0,,,,,,,,,,,,,,,,,,,,,,,,15.0,,,,,,,,,
1992-06-09 18:00:00,,,,,,,,,,0.0,,,,,,,,,,,,,,,,,,,,,,,,,,,,,,,,,,,,,,,,,,,,
1992-06-09 19:00:00,,,,,,,,,,0.0,,,,,,,,,,,,,,,,,,,,,,,,,,,,,,,,,,,,,,,,,,,,
1992-06-09 20:00:00,1005.4,1008.7,26.2,22.2,79.0,0.2,0.0,,,0.0,0.0,,,,,,,,,,10.0,,,,,,,,,,,,,,,,,,,,,,,,10.0,,,,,,,,,
1992-06-09 21:00:00,1006.0,1009.3,25.8,22.2,81.0,0.7,270.0,,,0.0,0.0,,,24.3,23.8,24.3,24.0,,,,10.0,,,,,,,,,,,,,,,,,,,,,23.6,,,10.0,,,,,,,,,
1992-06-09 22:00:00,,,,,,,,,,0.0,,,,,,,,,,,,,,,,,,,,,,,,,,,,,,,,,,,,,,,,,,,,
1992-06-09 23:00:00,1006.8,1010.1,24.5,22.3,88.0,1.5,90.0,,,0.0,0.0,,,,,,,,,,9.0,,,,,,,,,,,,,,,,,,,,,,,,10.0,,,,,,,,,
1992-06-10 00:00:00,,,,,,,,,,0.0,,,,,,,,,,,,,,,,,,,,,,,,,,,,,,,,,,,,,,,,,,,,
1992-06-10 01:00:00,,,,,,,,,,0.0,,,,,,,,,,,,,,,,,,,,,,,,,,,,,,,,,,,,,,,,,,,,
1992-06-10 02:00:00,1006.2,1009.6,23.8,22.0,90.0,0.9,112.5,,,0.0,0.0,,,,,,,,,,10.0,,,,,,,,,,,,,,,,,,,,,,,,10.0,,,,,,,,,
1992-06-10 03:00:00,,,,,,,,,,0.0,,,,,,,,,,,,,,,,,,,,,,,,,,,,,,,,,,,,,,,,,,,,
1992-06-10 04:00:00,,,,,,,,,,0.0,,,,,,,,,,,,,,,,,,,,,,,,,,,,,,,,,,,,,,,,,,,,
1992-06-10 05:00:00,1007.3,1010.7,24.1,22.8,92.0,1.3,202.5,,,1.3,0.7,,,24.1,23.8,24.1,24.1,,,,10.0,,,,,,,,,,,,,,,,,,,,,24.1,,,10.0,,,,,,,,,
1992-06-10 06:00:00,,,,,,,,,,1.1,,,,,,,,,,,,,,,,,,,,,,,,,,,,,,,,,,,,,,,,,,,,
1992-06-10 07:00:00,,,,,,,,,,1.7,,,,,,,,,,,,,,,,,,,,,,,,,,,,,,,,,,,,,,,,,,,,
1992-06-10 08:00:00,1007.3,1010.7,24.1,22.9,93.0,0.9,157.5,,,0.2,0.2,0.0,,,,,,,,,10.0,,,,,,,,,,,,,,,,,,,,,,,,12.0,,,,,,,,,
1992-06-10 09:00:00,1007.5,1010.8,25.1,22.8,87.0,1.2,180.0,,,0.0,0.0,0.0,,,,,,,,,10.0,,,,,,,,,,,,,,,,,,,,,,,,12.0,,,,,,,,,
1992-06-10 10:00:00,,,,,,,,,,0.3,,,,,,,,,,,,,,,,,,,,,,,,,,,,,,,,,,,,,,,,,,,,
1992-06-10 11:00:00,1008.3,1011.6,26.1,22.6,81.0,1.4,270.0,,,0.0,0.0,0.0,,,,,,,,,10.0,,,,,,,,,,,,,,,,,,,,,,,,12.0,,,,,,,,,
1992-06-10 12:00:00,,,,,,,,,,3.1,,,,,,,,,,,,,,,,,,,,,,,,,,,,,,,,,,,,,,,,,,,,
1992-06-10 13:00:00,,,,,,,,,,4.2,,,,,,,,,,,,,,,,,,,,,,,,,,,,,,,,,,,,,,,,,,,,
1992-06-10 14:00:00,1007.1,1010.5,24.0,22.5,91.0,1.7,202.5,,,3.1,1.0,0.0,,24.8,24.3,24.5,24.2,,,,10.0,,,,,,,,,,,,,,,,,,,,,24.2,,,8.0,,,,,,,,,
1992-06-10 15:00:00,,,,,,,,,,0.1,,,,,,,,,,,,,,,,,,,,,,,,,,,,,,,,,,,,,,,,,,,,
1992-06-10 16:00:00,,,,,,,,,,0.0,,,,,,,,,,,,,,,,,,,,,,,,,,,,,,,,,,,,,,,,,,,,
1992-06-10 17:00:00,1005.8,1009.1,26.0,23.7,87.0,3.1,247.5,,,0.1,0.1,0.0,,,,,,,,,10.0,,,,,,,,,,,,,,,,,,,,,,,,12.0,,,,,,,,,
1992-06-10 18:00:00,,,,,,,,,,0.0,,,,,,,,,,,,,,,,,,,,,,,,,,,,,,,,,,,,,,,,,,,,
1992-06-10 19:00:00,,,,,,,,,,0.0,,,,,,,,,,,,,,,,,,,,,,,,,,,,,,,,,,,,,,,,,,,,
1992-06-10 20:00:00,1007.4,1010.7,25.1,22.7,87.0,0.4,22.5,,,0.0,0.0,,,,,,,,,,10.0,,,,,,,,,,,,,,,,,,,,,,,,12.0,,,,,,,,,
1992-06-10 21:00:00,1008.3,1011.6,24.8,22.8,89.0,0.5,157.5,,,0.0,0.0,,,25.1,24.8,24.8,24.7,,,,10.0,,,,,,,,,,,,,,,,,,,,,24.3,,,12.0,,,,,,,,,
1992-06-10 22:00:00,,,,,,,,,,0.0,,,,,,,,,,,,,,,,,,,,,,,,,,,,,,,,,,,,,,,,,,,,
1992-06-10 23:00:00,1008.3,1011.7,24.2,22.2,89.0,1.9,135.0,,,0.0,0.0,,,,,,,,,,10.0,,,,,,,,,,,,,,,,,,,,,,,,10.0,,,,,,,,,
1992-06-11 00:00:00,,,,,,,,,,0.0,,,,,,,,,,,,,,,,,,,,,,,,,,,,,,,,,,,,,,,,,,,,
1992-06-11 01:00:00,,,,,,,,,,0.0,,,,,,,,,,,,,,,,,,,,,,,,,,,,,,,,,,,,,,,,,,,,
1992-06-11 02:00:00,1006.0,1009.4,23.0,22.0,94.0,0.3,90.0,,,0.0,0.0,,,,,,,,,,10.0,,,,,,,,,,,,,,,,,,,,,,,,10.0,,,,,,,,,
1992-06-11 03:00:00,,,,,,,,,,0.0,,,,,,,,,,,,,,,,,,,,,,,,,,,,,,,,,,,,,,,,,,,,
1992-06-11 04:00:00,,,,,,,,,,0.0,,,,,,,,,,,,,,,,,,,,,,,,,,,,,,,,,,,,,,,,,,,,
1992-06-11 05:00:00,1006.4,1009.8,22.3,20.4,89.0,2.3,112.5,,,0.0,0.0,,,24.1,23.8,24.3,24.4,,,,10.0,,,,,,,,,,,,,,,,,,,,,24.4,,,12.0,,,,,,,,,
1992-06-11 06:00:00,,,,,,,,,,0.0,,,,,,,,,,,,,,,,,,,,,,,,,,,,,,,,,,,,,,,,,,,,
1992-06-11 07:00:00,,,,,,,,,,0.0,,,,,,,,,,,,,,,,,,,,,,,,,,,,,,,,,,,,,,,,,,,,
1992-06-11 08:00:00,1007.8,1011.1,24.7,22.3,87.0,0.3,112.5,,,0.0,0.0,0.0,,,,,,,,,10.0,,,,,,,,,,,,,,,,,,,,,,,,15.0,,,,,,,,,
1992-06-11 09:00:00,1007.9,1011.2,26.7,22.2,76.0,0.6,112.5,,,0.0,0.0,0.0,,,,,,,,,9.0,,,,,,,,,,,,,,,,,,,,,,,,15.0,,,,,,,,,
1992-06-11 10:00:00,,,,,,,,,,0.0,,,,,,,,,,,,,,,,,,,,,,,,,,,,,,,,,,,,,,,,,,,,
1992-06-11 11:00:00,1007.9,1011.2,28.2,21.1,65.0,3.2,315.0,,,0.0,0.0,0.0,,,,,,,,,9.0,,,,,,,,,,,,,,,,,,,,,,,,15.0,,,,,,,,,
1992-06-11 12:00:00,,,,,,,,,,0.0,,,,,,,,,,,,,,,,,,,,,,,,,,,,,,,,,,,,,,,,,,,,
1992-06-11 13:00:00,,,,,,,,,,0.0,,,,,,,,,,,,,,,,,,,,,,,,,,,,,,,,,,,,,,,,,,,,
1992-06-11 14:00:00,1006.7,1010.0,27.6,23.1,77.0,4.0,315.0,,,0.0,0.0,0.0,,28.8,27.6,26.3,25.2,,,,9.0,,,,,,,,,,,,,,,,,,,,,24.6,,,15.0,,,,,,,,,
1992-06-11 15:00:00,,,,,,,,,,0.0,,,,,,,,,,,,,,,,,,,,,,,,,,,,,,,,,,,,,,,,,,,,
1992-06-11 16:00:00,,,,,,,,,,0.0,,,,,,,,,,,,,,,,,,,,,,,,,,,,,,,,,,,,,,,,,,,,
1992-06-11 17:00:00,1005.5,1008.8,26.9,23.2,80.0,1.9,315.0,,,0.0,0.0,0.0,,,,,,,,,9.0,,,,,,,,,,,,,,,,,,,,,,,,12.0,,,,,,,,,
1992-06-11 18:00:00,,,,,,,,,,0.0,,,,,,,,,,,,,,,,,,,,,,,,,,,,,,,,,,,,,,,,,,,,
1992-06-11 19:00:00,,,,,,,,,,0.0,,,,,,,,,,,,,,,,,,,,,,,,,,,,,,,,,,,,,,,,,,,,
1992-06-11 20:00:00,1007.1,1010.4,25.5,23.0,86.0,1.1,315.0,,,0.0,0.0,,,,,,,,,,6.0,,,,,,,,,,,,,,,,,,,,,,,,10.0,,,,,,,,,
1992-06-11 21:00:00,1007.6,1010.9,25.6,22.8,85.0,1.9,360.0,,,0.0,0.0,,,26.6,26.5,26.5,26.1,,,,9.0,,,,,,,,,,,,,,,,,,,,,25.1,,,10.0,,,,,,,,,
1992-06-11 22:00:00,,,,,,,,,,0.0,,,,,,,,,,,,,,,,,,,,,,,,,,,,,,,,,,,,,,,,,,,,
1992-06-11 23:00:00,1007.5,1010.8,24.7,22.6,88.0,1.3,112.5,,,0.0,0.0,,,,,,,,,,10.0,,,,,,,,,,,,,,,,,,,,,,,,10.0,,,,,,,,,
1992-06-12 00:00:00,,,,,,,,,,0.0,,,,,,,,,,,,,,,,,,,,,,,,,,,,,,,,,,,,,,,,,,,,
1992-06-12 01:00:00,,,,,,,,,,0.0,,,,,,,,,,,,,,,,,,,,,,,,,,,,,,,,,,,,,,,,,,,,
1992-06-12 02:00:00,1005.5,1008.9,23.9,22.2,90.0,1.2,67.5,,,0.1,0.1,,,,,,,,,,10.0,,,,,,,,,,,,,,,,,,,,,,,,10.0,,,,,,,,,
1992-06-12 03:00:00,,,,,,,,,,0.0,,,,,,,,,,,,,,,,,,,,,,,,,,,,,,,,,,,,,,,,,,,,
1992-06-12 04:00:00,,,,,,,,,,0.0,,,,,,,,,,,,,,,,,,,,,,,,,,,,,,,,,,,,,,,,,,,,
1992-06-12 05:00:00,1006.0,1009.4,23.4,21.8,91.0,1.1,90.0,,,0.0,0.0,,,25.2,25.2,25.5,25.5,,,,10.0,,,,,,,,,,,,,,,,,,,,,25.7,,,10.0,,,,,,,,,
1992-06-12 06:00:00,,,,,,,,,,0.0,,,,,,,,,,,,,,,,,,,,,,,,,,,,,,,,,,,,,,,,,,,,
1992-06-12 07:00:00,,,,,,,,,,0.0,,,,,,,,,,,,,,,,,,,,,,,,,,,,,,,,,,,,,,,,,,,,
1992-06-12 08:00:00,1006.9,1010.2,27.0,23.4,81.0,0.3,112.5,,,0.0,0.0,0.1,,,,,,,,,8.0,,,,,,,,,,,,,,,,,,,,,,,,10.0,,,,,,,,,
1992-06-12 09:00:00,1007.1,1010.4,28.0,23.4,76.0,0.6,337.5,,,0.0,0.0,0.4,,,,,,,,,10.0,,,,,,,,,,,,,,,,,,,,,,,,12.0,,,,,,,,,
1992-06-12 10:00:00,,,,,,,,,,0.0,,,,,,,,,,,,,,,,,,,,,,,,,,,,,,,,,,,,,,,,,,,,
1992-06-12 11:00:00,1007.0,1010.3,28.1,23.0,74.0,3.1,315.0,,,0.0,0.0,0.2,,,,,,,,,10.0,,,,,,,,,,,,,,,,,,,,,,,,12.0,,,,,,,,,
1992-06-12 12:00:00,,,,,,,,,,0.0,,,,,,,,,,,,,,,,,,,,,,,,,,,,,,,,,,,,,,,,,,,,
1992-06-12 13:00:00,,,,,,,,,,0.0,,,,,,,,,,,,,,,,,,,,,,,,,,,,,,,,,,,,,,,,,,,,
1992-06-12 14:00:00,1005.5,1008.8,28.0,23.0,74.0,2.9,315.0,,,0.0,0.0,0.0,,29.8,28.6,27.5,26.3,,,,10.0,,,,,,,,,,,,,,,,,,,,,25.5,,,12.0,,,,,,,,,
1992-06-12 15:00:00,,,,,,,,,,0.0,,,,,,,,,,,,,,,,,,,,,,,,,,,,,,,,,,,,,,,,,,,,
1992-06-12 16:00:00,,,,,,,,,,0.0,,,,,,,,,,,,,,,,,,,,,,,,,,,,,,,,,,,,,,,,,,,,
1992-06-12 17:00:00,1004.4,1007.7,28.4,23.1,73.0,1.4,292.5,,,0.0,0.0,0.0,,,,,,,,,10.0,,,,,,,,,,,,,,,,,,,,,,,,12.0,,,,,,,,,
1992-06-12 18:00:00,,,,,,,,,,0.0,,,,,,,,,,,,,,,,,,,,,,,,,,,,,,,,,,,,,,,,,,,,
1992-06-12 19:00:00,,,,,,,,,,0.0,,,,,,,,,,,,,,,,,,,,,,,,,,,,,,,,,,,,,,,,,,,,
1992-06-12 20:00:00,1005.8,1009.1,27.2,24.3,84.0,0.0,0.0,,,-9.8,0.2,,,,,,,,,,10.0,,,,,,,,,,,,,,,,,,,,,,,,8.0,,,,,,,,,
1992-06-12 21:00:00,1006.1,1009.4,26.4,24.2,88.0,0.8,135.0,,,0.0,0.0,,,27.6,27.4,27.4,26.9,,,,10.0,,,,,,,,,,,,,,,,,,,,,26.0,,,8.0,,,,,,,,,
1992-06-12 22:00:00,,,,,,,,,,0.0,,,,,,,,,,,,,,,,,,,,,,,,,,,,,,,,,,,,,,,,,,,,
1992-06-12 23:00:00,1006.7,1010.0,25.8,23.7,88.0,1.1,135.0,,,0.0,0.0,,,,,,,,,,10.0,,,,,,,,,,,,,,,,,,,,,,,,8.0,,,,,,,,,
1992-06-13 00:00:00,,,,,,,,,,0.0,,,,,,,,,,,,,,,,,,,,,,,,,,,,,,,,,,,,,,,,,,,,
1992-06-13 01:00:00,,,,,,,,,,0.0,,,,,,,,,,,,,,,,,,,,,,,,,,,,,,,,,,,,,,,,,,,,
1992-06-13 02:00:00,1005.6,1008.9,24.8,22.9,89.0,1.6,157.5,,,0.0,0.0,,,,,,,,,,10.0,,,,,,,,,,,,,,,,,,,,,,,,8.0,,,,,,,,,
1992-06-13 03:00:00,,,,,,,,,,0.0,,,,,,,,,,,,,,,,,,,,,,,,,,,,,,,,,,,,,,,,,,,,
1992-06-13 04:00:00,,,,,,,,,,0.0,,,,,,,,,,,,,,,,,,,,,,,,,,,,,,,,,,,,,,,,,,,,
1992-06-13 05:00:00,1005.1,1008.4,24.3,21.7,85.0,1.7,112.5,,,0.0,0.0,,,26.1,25.9,26.1,26.3,,,,9.0,,,,,,,,,,,,,,,,,,,,,26.0,,,8.0,,,,,,,,,
1992-06-13 06:00:00,,,,,,,,,,0.0,,,,,,,,,,,,,,,,,,,,,,,,,,,,,,,,,,,,,,,,,,,,
1992-06-13 07:00:00,,,,,,,,,,0.0,,,,,,,,,,,,,,,,,,,,,,,,,,,,,,,,,,,,,,,,,,,,
1992-06-13 08:00:00,1006.4,1009.7,26.4,22.7,80.0,0.7,90.0,,,0.0,0.0,0.0,,,,,,,,,10.0,,,,,,,,,,,,,,,,,,,,,,,,10.0,,,,,,,,,
1992-06-13 09:00:00,1006.5,1009.8,27.8,23.2,76.0,1.2,135.0,,,0.0,0.0,0.0,,,,,,,,,10.0,,,,,,,,,,,,,,,,,,,,,,,,10.0,,,,,,,,,
1992-06-13 10:00:00,,,,,,,,,,0.0,,,,,,,,,,,,,,,,,,,,,,,,,,,,,,,,,,,,,,,,,,,,
1992-06-13 11:00:00,1007.1,1010.4,28.9,24.5,77.0,2.9,270.0,,,0.0,0.0,0.0,,,,,,,,,10.0,,,,,,,,,,,,,,,,,,,,,,,,8.0,,,,,,,,,
1992-06-13 12:00:00,,,,,,,,,,0.8,,,,,,,,,,,,,,,,,,,,,,,,,,,,,,,,,,,,,,,,,,,,
1992-06-13 13:00:00,,,,,,,,,,2.0,,,,,,,,,,,,,,,,,,,,,,,,,,,,,,,,,,,,,,,,,,,,
1992-06-13 14:00:00,1006.5,1009.8,27.1,23.4,80.0,3.7,270.0,,,0.1,0.2,0.0,,28.3,27.5,27.1,26.6,,,,10.0,,,,,,,,,,,,,,,,,,,,,26.1,,,15.0,,,,,,,,,
1992-06-13 15:00:00,,,,,,,,,,0.0,,,,,,,,,,,,,,,,,,,,,,,,,,,,,,,,,,,,,,,,,,,,
1992-06-13 16:00:00,,,,,,,,,,0.0,,,,,,,,,,,,,,,,,,,,,,,,,,,,,,,,,,,,,,,,,,,,
1992-06-13 17:00:00,1005.4,1008.7,27.1,23.7,82.0,2.6,270.0,,,0.0,0.0,0.0,,,,,,,,,10.0,,,,,,,,,,,,,,,,,,,,,,,,15.0,,,,,,,,,
1992-06-13 18:00:00,,,,,,,,,,0.0,,,,,,,,,,,,,,,,,,,,,,,,,,,,,,,,,,,,,,,,,,,,
1992-06-13 19:00:00,,,,,,,,,,0.0,,,,,,,,,,,,,,,,,,,,,,,,,,,,,,,,,,,,,,,,,,,,
1992-06-13 20:00:00,1006.0,1009.3,26.1,23.9,88.0,1.2,90.0,,,0.0,0.0,,,,,,,,,,10.0,,,,,,,,,,,,,,,,,,,,,,,,12.0,,,,,,,,,
1992-06-13 21:00:00,1006.6,1009.9,25.7,23.6,88.0,1.9,90.0,,,0.0,0.0,,,27.4,26.6,26.7,26.7,,,,10.0,,,,,,,,,,,,,,,,,,,,,26.3,,,12.0,,,,,,,,,
1992-06-13 22:00:00,,,,,,,,,,0.0,,,,,,,,,,,,,,,,,,,,,,,,,,,,,,,,,,,,,,,,,,,,
1992-06-13 23:00:00,1007.0,1010.3,25.1,23.3,90.0,1.7,135.0,,,0.0,0.0,,,,,,,,,,10.0,,,,,,,,,,,,,,,,,,,,,,,,12.0,,,,,,,,,
1992-06-14 00:00:00,,,,,,,,,,0.0,,,,,,,,,,,,,,,,,,,,,,,,,,,,,,,,,,,,,,,,,,,,
1992-06-14 01:00:00,,,,,,,,,,0.0,,,,,,,,,,,,,,,,,,,,,,,,,,,,,,,,,,,,,,,,,,,,
1992-06-14 02:00:00,1005.8,1009.2,23.8,22.0,90.0,1.6,112.5,,,0.0,0.0,,,,,,,,,,8.0,,,,,,,,,,,,,,,,,,,,,,,,12.0,,,,,,,,,
1992-06-14 03:00:00,,,,,,,,,,0.0,,,,,,,,,,,,,,,,,,,,,,,,,,,,,,,,,,,,,,,,,,,,
1992-06-14 04:00:00,,,,,,,,,,0.0,,,,,,,,,,,,,,,,,,,,,,,,,,,,,,,,,,,,,,,,,,,,
1992-06-14 05:00:00,1005.9,1009.3,23.3,20.9,86.0,1.8,112.5,,,0.0,0.0,,,25.2,25.5,25.8,26.0,,,,9.0,,,,,,,,,,,,,,,,,,,,,26.0,,,12.0,,,,,,,,,
1992-06-14 06:00:00,,,,,,,,,,0.0,,,,,,,,,,,,,,,,,,,,,,,,,,,,,,,,,,,,,,,,,,,,
1992-06-14 07:00:00,,,,,,,,,,0.0,,,,,,,,,,,,,,,,,,,,,,,,,,,,,,,,,,,,,,,,,,,,
1992-06-14 08:00:00,1006.6,1009.9,26.5,22.5,79.0,1.2,157.5,,,0.0,0.0,0.4,,,,,,,,,8.0,,,,,,,,,,,,,,,,,,,,,,,,15.0,,,,,,,,,
1992-06-14 09:00:00,1006.7,1010.0,27.8,23.2,76.0,0.2,0.0,,,0.0,0.0,0.0,,,,,,,,,9.0,,,,,,,,,,,,,,,,,,,,,,,,15.0,,,,,,,,,
1992-06-14 10:00:00,,,,,,,,,,0.0,,,,,,,,,,,,,,,,,,,,,,,,,,,,,,,,,,,,,,,,,,,,
1992-06-14 11:00:00,1006.2,1009.5,29.9,24.4,72.0,4.5,270.0,,,0.0,0.0,0.3,,,,,,,,,9.0,,,,,,,,,,,,,,,,,,,,,,,,15.0,,,,,,,,,
1992-06-14 12:00:00,,,,,,,,,,0.0,,,,,,,,,,,,,,,,,,,,,,,,,,,,,,,,,,,,,,,,,,,,
1992-06-14 13:00:00,,,,,,,,,,0.0,,,,,,,,,,,,,,,,,,,,,,,,,,,,,,,,,,,,,,,,,,,,
1992-06-14 14:00:00,1004.5,1007.8,29.8,25.2,76.0,7.6,270.0,,,0.0,0.0,0.6,,30.6,30.1,28.5,27.0,,,,8.0,,,,,,,,,,,,,,,,,,,,,26.2,,,18.0,,,,,,,,,
1992-06-14 15:00:00,,,,,,,,,,0.0,,,,,,,,,,,,,,,,,,,,,,,,,,,,,,,,,,,,,,,,,,,,
1992-06-14 16:00:00,,,,,,,,,,0.0,,,,,,,,,,,,,,,,,,,,,,,,,,,,,,,,,,,,,,,,,,,,
1992-06-14 17:00:00,1004.0,1007.3,28.9,21.1,63.0,3.8,247.5,,,0.0,0.0,0.0,,,,,,,,,8.0,,,,,,,,,,,,,,,,,,,,,,,,20.0,,,,,,,,,
1992-06-14 18:00:00,,,,,,,,,,0.0,,,,,,,,,,,,,,,,,,,,,,,,,,,,,,,,,,,,,,,,,,,,
1992-06-14 19:00:00,,,,,,,,,,0.0,,,,,,,,,,,,,,,,,,,,,,,,,,,,,,,,,,,,,,,,,,,,
1992-06-14 20:00:00,1005.7,1009.0,27.8,24.8,84.0,5.6,247.5,,,0.0,0.0,,,,,,,,,,8.0,,,,,,,,,,,,,,,,,,,,,,,,15.0,,,,,,,,,
1992-06-14 21:00:00,1006.5,1009.8,27.8,24.6,83.0,6.1,247.5,,,0.0,0.0,,,27.5,27.7,27.4,27.4,,,,3.0,,,,,,,,,,,,,,,,,,,,,26.7,,,15.0,,,,,,,,,
1992-06-14 22:00:00,,,,,,,,,,0.0,,,,,,,,,,,,,,,,,,,,,,,,,,,,,,,,,,,,,,,,,,,,
1992-06-14 23:00:00,1006.8,1010.1,27.5,23.9,81.0,4.6,247.5,,,0.0,0.0,,,,,,,,,,4.0,,,,,,,,,,,,,,,,,,,,,,,,12.0,,,,,,,,,
1992-06-15 00:00:00,,,,,,,,,,0.0,,,,,,,,,,,,,,,,,,,,,,,,,,,,,,,,,,,,,,,,,,,,
1992-06-15 01:00:00,,,,,,,,,,0.0,,,,,,,,,,,,,,,,,,,,,,,,,,,,,,,,,,,,,,,,,,,,
1992-06-15 02:00:00,1004.0,1007.3,27.0,22.5,76.0,1.6,225.0,,,0.0,0.0,,,,,,,,,,10.0,,,,,,,,,,,,,,,,,,,,,,,,12.0,,,,,,,,,
1992-06-15 03:00:00,,,,,,,,,,0.0,,,,,,,,,,,,,,,,,,,,,,,,,,,,,,,,,,,,,,,,,,,,
1992-06-15 04:00:00,,,,,,,,,,0.0,,,,,,,,,,,,,,,,,,,,,,,,,,,,,,,,,,,,,,,,,,,,
1992-06-15 05:00:00,1004.5,1007.8,25.8,22.5,82.0,1.3,225.0,,,0.0,0.0,,,26.1,26.0,26.5,26.7,,,,9.0,,,,,,,,,,,,,,,,,,,,,26.4,,,15.0,,,,,,,,,
1992-06-15 06:00:00,,,,,,,,,,0.0,,,,,,,,,,,,,,,,,,,,,,,,,,,,,,,,,,,,,,,,,,,,
1992-06-15 07:00:00,,,,,,,,,,0.0,,,,,,,,,,,,,,,,,,,,,,,,,,,,,,,,,,,,,,,,,,,,
1992-06-15 08:00:00,1005.8,1009.1,28.6,22.5,70.0,4.1,247.5,,,0.0,0.0,0.7,,,,,,,,,8.0,,,,,,,,,,,,,,,,,,,,,,,,20.0,,,,,,,,,
1992-06-15 09:00:00,1005.7,1009.0,29.7,22.8,67.0,4.3,247.5,,,0.0,0.0,0.5,,,,,,,,,8.0,,,,,,,,,,,,,,,,,,,,,,,,20.0,,,,,,,,,
1992-06-15 10:00:00,,,,,,,,,,0.0,,,,,,,,,,,,,,,,,,,,,,,,,,,,,,,,,,,,,,,,,,,,
1992-06-15 11:00:00,1005.4,1008.7,29.9,23.9,70.0,6.4,270.0,,,0.0,0.0,0.5,,,,,,,,,9.0,,,,,,,,,,,,,,,,,,,,,,,,18.0,,,,,,,,,
1992-06-15 12:00:00,,,,,,,,,,0.0,,,,,,,,,,,,,,,,,,,,,,,,,,,,,,,,,,,,,,,,,,,,
1992-06-15 13:00:00,,,,,,,,,,0.0,,,,,,,,,,,,,,,,,,,,,,,,,,,,,,,,,,,,,,,,,,,,
1992-06-15 14:00:00,1004.0,1007.3,29.9,24.3,72.0,7.6,270.0,,,0.0,0.0,0.8,,32.1,30.5,29.0,27.5,,,,8.0,,,,,,,,,,,,,,,,,,,,,26.8,,,15.0,,,,,,,,,
1992-06-15 15:00:00,,,,,,,,,,0.0,,,,,,,,,,,,,,,,,,,,,,,,,,,,,,,,,,,,,,,,,,,,
1992-06-15 16:00:00,,,,,,,,,,0.0,,,,,,,,,,,,,,,,,,,,,,,,,,,,,,,,,,,,,,,,,,,,
1992-06-15 17:00:00,1003.8,1007.1,28.9,24.2,76.0,4.6,247.5,,,0.0,0.0,0.7,,,,,,,,,8.0,,,,,,,,,,,,,,,,,,,,,,,,18.0,,,,,,,,,
1992-06-15 18:00:00,,,,,,,,,,0.0,,,,,,,,,,,,,,,,,,,,,,,,,,,,,,,,,,,,,,,,,,,,
1992-06-15 19:00:00,,,,,,,,,,0.0,,,,,,,,,,,,,,,,,,,,,,,,,,,,,,,,,,,,,,,,,,,,
1992-06-15 20:00:00,1004.4,1007.7,27.8,23.9,79.0,4.3,247.5,,,0.0,0.0,,,,,,,,,,8.0,,,,,,,,,,,,,,,,,,,,,,,,12.0,,,,,,,,,
1992-06-15 21:00:00,1005.0,1008.3,27.9,23.0,75.0,4.1,270.0,,,0.0,0.0,,,28.1,28.1,28.2,27.8,,,,10.0,,,,,,,,,,,,,,,,,,,,,27.0,,,12.0,,,,,,,,,
1992-06-15 22:00:00,,,,,,,,,,0.0,,,,,,,,,,,,,,,,,,,,,,,,,,,,,,,,,,,,,,,,,,,,
1992-06-15 23:00:00,1005.4,1008.7,27.7,21.9,71.0,2.9,247.5,,,0.0,0.0,,,,,,,,,,10.0,,,,,,,,,,,,,,,,,,,,,,,,12.0,,,,,,,,,
1992-06-16 00:00:00,,,,,,,,,,0.0,,,,,,,,,,,,,,,,,,,,,,,,,,,,,,,,,,,,,,,,,,,,
1992-06-16 01:00:00,,,,,,,,,,0.0,,,,,,,,,,,,,,,,,,,,,,,,,,,,,,,,,,,,,,,,,,,,
1992-06-16 02:00:00,1003.9,1007.2,25.1,22.0,83.0,1.6,157.5,,,0.0,0.0,,,,,,,,,,10.0,,,,,,,,,,,,,,,,,,,,,,,,12.0,,,,,,,,,
1992-06-16 03:00:00,,,,,,,,,,0.0,,,,,,,,,,,,,,,,,,,,,,,,,,,,,,,,,,,,,,,,,,,,
1992-06-16 04:00:00,,,,,,,,,,0.0,,,,,,,,,,,,,,,,,,,,,,,,,,,,,,,,,,,,,,,,,,,,
1992-06-16 05:00:00,1003.6,1006.9,24.4,21.3,83.0,1.3,157.5,,,0.0,0.0,,,26.2,26.2,26.7,27.0,,,,10.0,,,,,,,,,,,,,,,,,,,,,26.8,,,12.0,,,,,,,,,
1992-06-16 06:00:00,,,,,,,,,,0.0,,,,,,,,,,,,,,,,,,,,,,,,,,,,,,,,,,,,,,,,,,,,
1992-06-16 07:00:00,,,,,,,,,,0.0,,,,,,,,,,,,,,,,,,,,,,,,,,,,,,,,,,,,,,,,,,,,
1992-06-16 08:00:00,1004.2,1007.5,28.3,22.7,72.0,2.8,247.5,,,0.0,0.0,0.5,,,,,,,,,9.0,,,,,,,,,,,,,,,,,,,,,,,,12.0,,,,,,,,,
1992-06-16 09:00:00,1004.2,1007.5,29.5,23.5,70.0,3.4,247.5,,,0.0,0.0,0.2,,,,,,,,,9.0,,,,,,,,,,,,,,,,,,,,,,,,15.0,,,,,,,,,
1992-06-16 10:00:00,,,,,,,,,,0.0,,,,,,,,,,,,,,,,,,,,,,,,,,,,,,,,,,,,,,,,,,,,
1992-06-16 11:00:00,1004.2,1007.5,29.7,23.6,70.0,5.8,270.0,,,0.0,0.0,0.0,,,,,,,,,10.0,,,,,,,,,,,,,,,,,,,,,,,,15.0,,,,,,,,,
1992-06-16 12:00:00,,,,,,,,,,0.0,,,,,,,,,,,,,,,,,,,,,,,,,,,,,,,,,,,,,,,,,,,,
1992-06-16 13:00:00,,,,,,,,,,0.0,,,,,,,,,,,,,,,,,,,,,,,,,,,,,,,,,,,,,,,,,,,,
1992-06-16 14:00:00,1002.8,1006.1,30.5,24.7,71.0,5.0,247.5,,,0.0,0.0,0.7,,30.6,29.2,27.9,27.2,,,,9.0,,,,,,,,,,,,,,,,,,,,,26.7,,,15.0,,,,,,,,,
1992-06-16 15:00:00,,,,,,,,,,0.0,,,,,,,,,,,,,,,,,,,,,,,,,,,,,,,,,,,,,,,,,,,,
1992-06-16 16:00:00,,,,,,,,,,0.0,,,,,,,,,,,,,,,,,,,,,,,,,,,,,,,,,,,,,,,,,,,,
1992-06-16 17:00:00,1001.8,1005.1,28.9,23.8,74.0,6.2,247.5,,,0.0,0.0,0.1,,,,,,,,,10.0,,,,,,,,,,,,,,,,,,,,,,,,15.0,,,,,,,,,
1992-06-16 18:00:00,,,,,,,,,,0.0,,,,,,,,,,,,,,,,,,,,,,,,,,,,,,,,,,,,,,,,,,,,
1992-06-16 19:00:00,,,,,,,,,,0.0,,,,,,,,,,,,,,,,,,,,,,,,,,,,,,,,,,,,,,,,,,,,
1992-06-16 20:00:00,1002.9,1006.2,28.0,23.1,75.0,3.9,247.5,,,0.0,0.0,,,,,,,,,,9.0,,,,,,,,,,,,,,,,,,,,,,,,15.0,,,,,,,,,
1992-06-16 21:00:00,1002.8,1006.1,28.0,23.0,74.0,4.5,270.0,,,0.0,0.0,,,27.5,27.4,27.5,27.5,,,,9.0,,,,,,,,,,,,,,,,,,,,,26.9,,,15.0,,,,,,,,,
1992-06-16 22:00:00,,,,,,,,,,0.0,,,,,,,,,,,,,,,,,,,,,,,,,,,,,,,,,,,,,,,,,,,,
1992-06-16 23:00:00,1002.2,1005.5,28.5,21.1,64.0,4.4,247.5,,,0.0,0.0,,,,,,,,,,9.0,,,,,,,,,,,,,,,,,,,,,,,,15.0,,,,,,,,,
1992-06-17 00:00:00,,,,,,,,,,0.0,,,,,,,,,,,,,,,,,,,,,,,,,,,,,,,,,,,,,,,,,,,,
1992-06-17 01:00:00,,,,,,,,,,0.0,,,,,,,,,,,,,,,,,,,,,,,,,,,,,,,,,,,,,,,,,,,,
1992-06-17 02:00:00,1001.0,1004.3,27.5,22.2,73.0,3.2,247.5,,,0.0,0.0,,,,,,,,,,10.0,,,,,,,,,,,,,,,,,,,,,,,,15.0,,,,,,,,,
1992-06-17 03:00:00,,,,,,,,,,0.0,,,,,,,,,,,,,,,,,,,,,,,,,,,,,,,,,,,,,,,,,,,,
1992-06-17 04:00:00,,,,,,,,,,0.0,,,,,,,,,,,,,,,,,,,,,,,,,,,,,,,,,,,,,,,,,,,,
1992-06-17 05:00:00,1000.7,1004.0,28.1,20.7,64.0,4.6,270.0,,,0.0,0.0,,,26.1,26.1,26.6,26.7,,,,10.0,,,,,,,,,,,,,,,,,,,,,26.8,,,15.0,,,,,,,,,
1992-06-17 06:00:00,,,,,,,,,,0.0,,,,,,,,,,,,,,,,,,,,,,,,,,,,,,,,,,,,,,,,,,,,
1992-06-17 07:00:00,,,,,,,,,,0.0,,,,,,,,,,,,,,,,,,,,,,,,,,,,,,,,,,,,,,,,,,,,
1992-06-17 08:00:00,1001.6,1004.9,29.3,21.4,63.0,7.5,247.5,,,0.0,0.0,0.3,,,,,,,,,9.0,,,,,,,,,,,,,,,,,,,,,,,,18.0,,,,,,,,,
1992-06-17 09:00:00,1001.7,1005.0,30.6,22.0,60.0,6.0,247.5,,,0.0,0.0,0.9,,,,,,,,,7.0,,,,,,,,,,,,,,,,,,,,,,,,20.0,,,,,,,,,
1992-06-17 10:00:00,,,,,,,,,,0.0,,,,,,,,,,,,,,,,,,,,,,,,,,,,,,,,,,,,,,,,,,,,
1992-06-17 11:00:00,1001.5,1004.7,32.4,22.2,55.0,7.5,247.5,,,0.0,0.0,1.0,,,,,,,,,8.0,,,,,,,,,,,,,,,,,,,,,,,,20.0,,,,,,,,,
1992-06-17 12:00:00,,,,,,,,,,0.0,,,,,,,,,,,,,,,,,,,,,,,,,,,,,,,,,,,,,,,,,,,,
1992-06-17 13:00:00,,,,,,,,,,0.0,,,,,,,,,,,,,,,,,,,,,,,,,,,,,,,,,,,,,,,,,,,,
1992-06-17 14:00:00,1001.9,1005.2,31.5,24.0,65.0,7.0,247.5,,,0.0,0.0,0.9,,32.1,30.6,28.8,27.5,,,,9.0,,,,,,,,,,,,,,,,,,,,,26.8,,,25.0,,,,,,,,,
1992-06-17 15:00:00,,,,,,,,,,0.0,,,,,,,,,,,,,,,,,,,,,,,,,,,,,,,,,,,,,,,,,,,,
1992-06-17 16:00:00,,,,,,,,,,0.0,,,,,,,,,,,,,,,,,,,,,,,,,,,,,,,,,,,,,,,,,,,,
1992-06-17 17:00:00,1001.4,1004.7,29.3,23.3,70.0,4.8,247.5,,,0.0,0.0,0.0,,,,,,,,,10.0,,,,,,,,,,,,,,,,,,,,,,,,18.0,,,,,,,,,
1992-06-17 18:00:00,,,,,,,,,,0.0,,,,,,,,,,,,,,,,,,,,,,,,,,,,,,,,,,,,,,,,,,,,
1992-06-17 19:00:00,,,,,,,,,,0.0,,,,,,,,,,,,,,,,,,,,,,,,,,,,,,,,,,,,,,,,,,,,
1992-06-17 20:00:00,1002.6,1005.9,28.8,23.7,74.0,5.1,247.5,,,0.0,0.0,,,,,,,,,,9.0,,,,,,,,,,,,,,,,,,,,,,,,10.0,,,,,,,,,
1992-06-17 21:00:00,1002.6,1005.9,28.5,22.8,71.0,4.6,270.0,,,-9.8,0.1,,,27.8,27.8,27.9,27.7,,,,10.0,,,,,,,,,,,,,,,,,,,,,27.2,,,10.0,,,,,,,,,
1992-06-17 22:00:00,,,,,,,,,,-9.8,,,,,,,,,,,,,,,,,,,,,,,,,,,,,,,,,,,,,,,,,,,,
1992-06-17 23:00:00,1003.9,1007.2,28.5,22.5,70.0,6.6,270.0,,,0.0,0.0,,,,,,,,,,10.0,,,,,,,,,,,,,,,,,,,,,,,,10.0,,,,,,,,,
1992-06-18 00:00:00,,,,,,,,,,0.0,,,,,,,,,,,,,,,,,,,,,,,,,,,,,,,,,,,,,,,,,,,,
1992-06-18 01:00:00,,,,,,,,,,0.6,,,,,,,,,,,,,,,,,,,,,,,,,,,,,,,,,,,,,,,,,,,,
1992-06-18 02:00:00,1004.4,1007.7,25.5,23.0,86.0,2.7,292.5,,,-9.8,0.2,,,,,,,,,,10.0,,,,,,,,,,,,,,,,,,,,,,,,10.0,,,,,,,,,
1992-06-18 03:00:00,,,,,,,,,,0.0,,,,,,,,,,,,,,,,,,,,,,,,,,,,,,,,,,,,,,,,,,,,
1992-06-18 04:00:00,,,,,,,,,,0.0,,,,,,,,,,,,,,,,,,,,,,,,,,,,,,,,,,,,,,,,,,,,
1992-06-18 05:00:00,1005.3,1008.6,24.8,22.5,87.0,1.7,315.0,,,0.0,0.0,,,26.1,26.4,26.8,27.0,,,,10.0,,,,,,,,,,,,,,,,,,,,,26.8,,,15.0,,,,,,,,,
1992-06-18 06:00:00,,,,,,,,,,0.0,,,,,,,,,,,,,,,,,,,,,,,,,,,,,,,,,,,,,,,,,,,,
1992-06-18 07:00:00,,,,,,,,,,0.0,,,,,,,,,,,,,,,,,,,,,,,,,,,,,,,,,,,,,,,,,,,,
1992-06-18 08:00:00,1007.4,1010.7,25.5,22.9,86.0,0.9,90.0,,,-9.8,0.2,0.0,,,,,,,,,10.0,,,,,,,,,,,,,,,,,,,,,,,,10.0,,,,,,,,,
1992-06-18 09:00:00,1007.7,1011.0,25.7,23.0,85.0,3.2,22.5,,,0.1,0.3,0.0,,,,,,,,,10.0,,,,,,,,,,,,,,,,,,,,,,,,10.0,,,,,,,,,
1992-06-18 10:00:00,,,,,,,,,,0.0,,,,,,,,,,,,,,,,,,,,,,,,,,,,,,,,,,,,,,,,,,,,
1992-06-18 11:00:00,1008.2,1011.5,25.7,23.0,85.0,3.4,22.5,,,0.0,0.0,0.0,,,,,,,,,10.0,,,,,,,,,,,,,,,,,,,,,,,,12.0,,,,,,,,,
1992-06-18 12:00:00,,,,,,,,,,4.8,,,,,,,,,,,,,,,,,,,,,,,,,,,,,,,,,,,,,,,,,,,,
1992-06-18 13:00:00,,,,,,,,,,0.3,,,,,,,,,,,,,,,,,,,,,,,,,,,,,,,,,,,,,,,,,,,,
1992-06-18 14:00:00,1007.2,1010.5,26.1,23.0,83.0,4.6,45.0,,,0.0,0.0,0.0,,28.7,28.0,27.6,27.1,,,,10.0,,,,,,,,,,,,,,,,,,,,,26.9,,,12.0,,,,,,,,,
1992-06-18 15:00:00,,,,,,,,,,0.0,,,,,,,,,,,,,,,,,,,,,,,,,,,,,,,,,,,,,,,,,,,,
1992-06-18 16:00:00,,,,,,,,,,0.0,,,,,,,,,,,,,,,,,,,,,,,,,,,,,,,,,,,,,,,,,,,,
1992-06-18 17:00:00,1006.9,1010.2,25.3,21.9,81.0,3.4,90.0,,,0.0,0.0,0.0,,,,,,,,,10.0,,,,,,,,,,,,,,,,,,,,,,,,12.0,,,,,,,,,
1992-06-18 18:00:00,,,,,,,,,,0.0,,,,,,,,,,,,,,,,,,,,,,,,,,,,,,,,,,,,,,,,,,,,
1992-06-18 19:00:00,,,,,,,,,,0.0,,,,,,,,,,,,,,,,,,,,,,,,,,,,,,,,,,,,,,,,,,,,
1992-06-18 20:00:00,1007.7,1011.1,24.3,21.0,82.0,1.2,90.0,,,0.0,0.0,,,,,,,,,,10.0,,,,,,,,,,,,,,,,,,,,,,,,12.0,,,,,,,,,
1992-06-18 21:00:00,1008.3,1011.7,24.5,20.9,80.0,2.4,112.5,,,0.0,0.0,,,26.6,26.7,27.1,27.2,,,,10.0,,,,,,,,,,,,,,,,,,,,,26.9,,,12.0,,,,,,,,,
1992-06-18 22:00:00,,,,,,,,,,0.0,,,,,,,,,,,,,,,,,,,,,,,,,,,,,,,,,,,,,,,,,,,,
1992-06-18 23:00:00,1008.7,1012.1,24.4,21.0,81.0,1.4,90.0,,,0.0,0.0,,,,,,,,,,10.0,,,,,,,,,,,,,,,,,,,,,,,,12.0,,,,,,,,,
1992-06-19 00:00:00,,,,,,,,,,0.0,,,,,,,,,,,,,,,,,,,,,,,,,,,,,,,,,,,,,,,,,,,,
1992-06-19 01:00:00,,,,,,,,,,0.0,,,,,,,,,,,,,,,,,,,,,,,,,,,,,,,,,,,,,,,,,,,,
1992-06-19 02:00:00,1008.1,1011.5,23.7,21.2,86.0,1.3,90.0,,,0.0,0.0,,,,,,,,,,10.0,,,,,,,,,,,,,,,,,,,,,,,,10.0,,,,,,,,,
1992-06-19 03:00:00,,,,,,,,,,0.0,,,,,,,,,,,,,,,,,,,,,,,,,,,,,,,,,,,,,,,,,,,,
1992-06-19 04:00:00,,,,,,,,,,0.5,,,,,,,,,,,,,,,,,,,,,,,,,,,,,,,,,,,,,,,,,,,,
1992-06-19 05:00:00,1008.3,1011.7,23.4,21.8,91.0,0.9,45.0,,,0.0,0.0,,,26.0,25.8,26.2,26.6,,,,10.0,,,,,,,,,,,,,,,,,,,,,26.6,,,8.0,,,,,,,,,
1992-06-19 06:00:00,,,,,,,,,,0.0,,,,,,,,,,,,,,,,,,,,,,,,,,,,,,,,,,,,,,,,,,,,
1992-06-19 07:00:00,,,,,,,,,,0.0,,,,,,,,,,,,,,,,,,,,,,,,,,,,,,,,,,,,,,,,,,,,
1992-06-19 08:00:00,1009.4,1012.8,24.5,22.3,88.0,0.9,22.5,,,0.2,0.3,0.0,,,,,,,,,10.0,,,,,,,,,,,,,,,,,,,,,,,,8.0,,,,,,,,,
1992-06-19 09:00:00,1009.4,1012.7,25.2,22.7,86.0,2.7,22.5,,,0.1,0.2,0.0,,,,,,,,,10.0,,,,,,,,,,,,,,,,,,,,,,,,8.0,,,,,,,,,
1992-06-19 10:00:00,,,,,,,,,,0.0,,,,,,,,,,,,,,,,,,,,,,,,,,,,,,,,,,,,,,,,,,,,
1992-06-19 11:00:00,1009.0,1012.3,27.3,23.2,78.0,4.2,45.0,,,0.0,0.0,0.0,,,,,,,,,10.0,,,,,,,,,,,,,,,,,,,,,,,,10.0,,,,,,,,,
1992-06-19 12:00:00,,,,,,,,,,0.0,,,,,,,,,,,,,,,,,,,,,,,,,,,,,,,,,,,,,,,,,,,,
1992-06-19 13:00:00,,,,,,,,,,0.0,,,,,,,,,,,,,,,,,,,,,,,,,,,,,,,,,,,,,,,,,,,,
1992-06-19 14:00:00,1007.2,1010.5,28.4,22.2,69.0,4.5,22.5,,,0.0,0.0,0.2,,29.8,29.2,27.9,26.9,,,,10.0,,,,,,,,,,,,,,,,,,,,,26.5,,,10.0,,,,,,,,,
1992-06-19 15:00:00,,,,,,,,,,0.0,,,,,,,,,,,,,,,,,,,,,,,,,,,,,,,,,,,,,,,,,,,,
1992-06-19 16:00:00,,,,,,,,,,0.0,,,,,,,,,,,,,,,,,,,,,,,,,,,,,,,,,,,,,,,,,,,,
1992-06-19 17:00:00,1008.2,1011.5,25.4,21.3,78.0,4.4,22.5,,,0.0,0.0,0.0,,,,,,,,,10.0,,,,,,,,,,,,,,,,,,,,,,,,10.0,,,,,,,,,
1992-06-19 18:00:00,,,,,,,,,,0.0,,,,,,,,,,,,,,,,,,,,,,,,,,,,,,,,,,,,,,,,,,,,
1992-06-19 19:00:00,,,,,,,,,,0.0,,,,,,,,,,,,,,,,,,,,,,,,,,,,,,,,,,,,,,,,,,,,
1992-06-19 20:00:00,1008.9,1012.3,24.1,21.1,83.0,1.9,45.0,,,0.0,0.0,,,,,,,,,,10.0,,,,,,,,,,,,,,,,,,,,,,,,8.0,,,,,,,,,
1992-06-19 21:00:00,1009.5,1012.9,24.1,20.9,82.0,0.5,360.0,,,0.0,0.0,,,26.6,26.5,27.0,27.1,,,,10.0,,,,,,,,,,,,,,,,,,,,,26.8,,,8.0,,,,,,,,,
1992-06-19 22:00:00,,,,,,,,,,0.0,,,,,,,,,,,,,,,,,,,,,,,,,,,,,,,,,,,,,,,,,,,,
1992-06-19 23:00:00,1009.1,1012.5,23.9,21.2,85.0,2.1,360.0,,,0.0,0.0,,,,,,,,,,10.0,,,,,,,,,,,,,,,,,,,,,,,,8.0,,,,,,,,,
1992-06-20 00:00:00,,,,,,,,,,0.0,,,,,,,,,,,,,,,,,,,,,,,,,,,,,,,,,,,,,,,,,,,,
1992-06-20 01:00:00,,,,,,,,,,0.0,,,,,,,,,,,,,,,,,,,,,,,,,,,,,,,,,,,,,,,,,,,,
1992-06-20 02:00:00,1008.5,1011.9,23.5,21.2,87.0,0.2,0.0,,,0.0,0.0,,,,,,,,,,10.0,,,,,,,,,,,,,,,,,,,,,,,,6.0,,,,,,,,,
1992-06-20 03:00:00,,,,,,,,,,0.0,,,,,,,,,,,,,,,,,,,,,,,,,,,,,,,,,,,,,,,,,,,,
1992-06-20 04:00:00,,,,,,,,,,0.0,,,,,,,,,,,,,,,,,,,,,,,,,,,,,,,,,,,,,,,,,,,,
1992-06-20 05:00:00,1008.8,1012.2,23.5,21.3,87.0,1.0,67.5,,,0.0,0.0,,,25.8,25.6,26.2,26.4,,,,10.0,,,,,,,,,,,,,,,,,,,,,26.8,,,6.0,,,,,,,,,
1992-06-20 06:00:00,,,,,,,,,,0.0,,,,,,,,,,,,,,,,,,,,,,,,,,,,,,,,,,,,,,,,,,,,
1992-06-20 07:00:00,,,,,,,,,,0.0,,,,,,,,,,,,,,,,,,,,,,,,,,,,,,,,,,,,,,,,,,,,
1992-06-20 08:00:00,1009.4,1012.7,25.2,21.9,82.0,3.7,45.0,,,0.0,0.0,0.0,,,,,,,,,10.0,,,,,,,,,,,,,,,,,,,,,,,,6.0,,,,,,,,,
1992-06-20 09:00:00,1009.4,1012.7,26.6,22.2,77.0,2.8,67.5,,,0.0,0.0,0.0,,,,,,,,,10.0,,,,,,,,,,,,,,,,,,,,,,,,8.0,,,,,,,,,
1992-06-20 10:00:00,,,,,,,,,,0.0,,,,,,,,,,,,,,,,,,,,,,,,,,,,,,,,,,,,,,,,,,,,
1992-06-20 11:00:00,1008.8,1012.1,27.1,22.7,77.0,3.1,45.0,,,0.0,0.0,0.0,,,,,,,,,10.0,,,,,,,,,,,,,,,,,,,,,,,,5.0,,,,,,,,,
1992-06-20 12:00:00,,,,,,,,,,0.0,,,,,,,,,,,,,,,,,,,,,,,,,,,,,,,,,,,,,,,,,,,,
1992-06-20 13:00:00,,,,,,,,,,0.0,,,,,,,,,,,,,,,,,,,,,,,,,,,,,,,,,,,,,,,,,,,,
1992-06-20 14:00:00,1007.7,1011.0,28.0,22.8,73.0,4.9,22.5,,,0.0,0.0,0.1,,29.7,28.8,27.8,27.1,,,,10.0,,,,,,,,,,,,,,,,,,,,,26.6,,,6.0,,,,,,,,,
1992-06-20 15:00:00,,,,,,,,,,0.0,,,,,,,,,,,,,,,,,,,,,,,,,,,,,,,,,,,,,,,,,,,,
1992-06-20 16:00:00,,,,,,,,,,0.0,,,,,,,,,,,,,,,,,,,,,,,,,,,,,,,,,,,,,,,,,,,,
1992-06-20 17:00:00,1007.4,1010.7,25.5,22.4,83.0,5.6,22.5,,,-9.8,0.3,0.0,,,,,,,,,10.0,,,,,,,,,,,,,,,,,,,,,,,,4.0,,,,,,,,,
1992-06-20 18:00:00,,,,,,,,,,-9.8,,,,,,,,,,,,,,,,,,,,,,,,,,,,,,,,,,,,,,,,,,,,
1992-06-20 19:00:00,,,,,,,,,,0.0,,,,,,,,,,,,,,,,,,,,,,,,,,,,,,,,,,,,,,,,,,,,
1992-06-20 20:00:00,1007.6,1010.9,24.9,21.7,82.0,2.9,67.5,,,0.0,0.0,,,,,,,,,,9.0,,,,,,,,,,,,,,,,,,,,,,,,6.0,,,,,,,,,
1992-06-20 21:00:00,1007.3,1010.6,24.7,21.6,83.0,1.4,67.5,,,0.0,0.0,,,26.7,26.8,27.2,27.2,,,,10.0,,,,,,,,,,,,,,,,,,,,,26.8,,,6.0,,,,,,,,,
1992-06-20 22:00:00,,,,,,,,,,0.0,,,,,,,,,,,,,,,,,,,,,,,,,,,,,,,,,,,,,,,,,,,,
1992-06-20 23:00:00,1007.4,1010.8,23.7,21.4,87.0,2.4,45.0,,,0.0,0.0,,,,,,,,,,7.0,,,,,,,,,,,,,,,,,,,,,,,,5.0,,,,,,,,,
1992-06-21 00:00:00,,,,,,,,,,0.0,,,,,,,,,,,,,,,,,,,,,,,,,,,,,,,,,,,,,,,,,,,,
1992-06-21 01:00:00,,,,,,,,,,0.0,,,,,,,,,,,,,,,,,,,,,,,,,,,,,,,,,,,,,,,,,,,,
1992-06-21 02:00:00,1006.3,1009.7,23.5,21.6,89.0,1.5,157.5,,,0.0,0.0,,,,,,,,,,7.0,,,,,,,,,,,,,,,,,,,,,,,,6.0,,,,,,,,,
1992-06-21 03:00:00,,,,,,,,,,0.0,,,,,,,,,,,,,,,,,,,,,,,,,,,,,,,,,,,,,,,,,,,,
1992-06-21 04:00:00,,,,,,,,,,0.0,,,,,,,,,,,,,,,,,,,,,,,,,,,,,,,,,,,,,,,,,,,,
1992-06-21 05:00:00,1006.0,1009.4,23.0,21.6,92.0,1.6,90.0,,,0.0,0.0,,,25.7,25.5,26.2,26.4,,,,7.0,,,,,,,,,,,,,,,,,,,,,26.4,,,4.0,,,,,,,,,
1992-06-21 06:00:00,,,,,,,,,,0.0,,,,,,,,,,,,,,,,,,,,,,,,,,,,,,,,,,,,,,,,,,,,
1992-06-21 07:00:00,,,,,,,,,,0.0,,,,,,,,,,,,,,,,,,,,,,,,,,,,,,,,,,,,,,,,,,,,
1992-06-21 08:00:00,1006.8,1010.1,24.9,22.0,84.0,0.9,135.0,,,0.0,0.0,0.0,,,,,,,,,10.0,,,,,,,,,,,,,,,,,,,,,,,,5.0,,,,,,,,,
1992-06-21 09:00:00,1006.7,1010.0,26.4,22.5,79.0,1.5,135.0,,,0.0,0.0,0.0,,,,,,,,,10.0,,,,,,,,,,,,,,,,,,,,,,,,5.0,,,,,,,,,
1992-06-21 10:00:00,,,,,,,,,,0.0,,,,,,,,,,,,,,,,,,,,,,,,,,,,,,,,,,,,,,,,,,,,
1992-06-21 11:00:00,1005.9,1009.2,28.4,23.4,74.0,1.8,315.0,,,0.0,0.0,0.3,,,,,,,,,10.0,,,,,,,,,,,,,,,,,,,,,,,,5.0,,,,,,,,,
1992-06-21 12:00:00,,,,,,,,,,0.0,,,,,,,,,,,,,,,,,,,,,,,,,,,,,,,,,,,,,,,,,,,,
1992-06-21 13:00:00,,,,,,,,,,0.0,,,,,,,,,,,,,,,,,,,,,,,,,,,,,,,,,,,,,,,,,,,,
1992-06-21 14:00:00,1004.1,1007.4,28.8,24.2,76.0,3.7,315.0,,,0.0,0.0,0.3,,31.5,30.1,28.5,27.2,,,,10.0,,,,,,,,,,,,,,,,,,,,,26.6,,,8.0,,,,,,,,,
1992-06-21 15:00:00,,,,,,,,,,0.0,,,,,,,,,,,,,,,,,,,,,,,,,,,,,,,,,,,,,,,,,,,,
1992-06-21 16:00:00,,,,,,,,,,0.0,,,,,,,,,,,,,,,,,,,,,,,,,,,,,,,,,,,,,,,,,,,,
1992-06-21 17:00:00,1003.0,1006.3,27.6,23.4,78.0,2.3,292.5,,,0.0,0.0,0.0,,,,,,,,,3.0,,,,,,,,,,,,,,,,,,,,,,,,8.0,,,,,,,,,
1992-06-21 18:00:00,,,,,,,,,,0.0,,,,,,,,,,,,,,,,,,,,,,,,,,,,,,,,,,,,,,,,,,,,
1992-06-21 19:00:00,,,,,,,,,,0.0,,,,,,,,,,,,,,,,,,,,,,,,,,,,,,,,,,,,,,,,,,,,
1992-06-21 20:00:00,1004.3,1007.6,26.4,23.0,82.0,1.0,292.5,,,0.0,0.0,,,,,,,,,,8.0,,,,,,,,,,,,,,,,,,,,,,,,5.0,,,,,,,,,
1992-06-21 21:00:00,1004.1,1007.4,26.2,22.9,82.0,1.4,180.0,,,0.0,0.0,,,28.1,28.1,28.2,27.9,,,,5.0,,,,,,,,,,,,,,,,,,,,,27.2,,,5.0,,,,,,,,,
1992-06-21 22:00:00,,,,,,,,,,0.0,,,,,,,,,,,,,,,,,,,,,,,,,,,,,,,,,,,,,,,,,,,,
1992-06-21 23:00:00,1003.0,1006.3,25.1,23.0,88.0,1.3,112.5,,,0.0,0.0,,,,,,,,,,4.0,,,,,,,,,,,,,,,,,,,,,,,,4.0,,,,,,,,,
1992-06-22 00:00:00,,,,,,,,,,0.0,,,,,,,,,,,,,,,,,,,,,,,,,,,,,,,,,,,,,,,,,,,,
1992-06-22 01:00:00,,,,,,,,,,0.0,,,,,,,,,,,,,,,,,,,,,,,,,,,,,,,,,,,,,,,,,,,,
1992-06-22 02:00:00,1001.4,1004.7,24.1,22.6,91.0,1.3,135.0,,,0.0,0.0,,,,,,,,,,0.0,,,,,,,,,,,,,,,,,,,,,,,,3.0,,,,,,,,,
1992-06-22 03:00:00,,,,,,,,,,0.0,,,,,,,,,,,,,,,,,,,,,,,,,,,,,,,,,,,,,,,,,,,,
1992-06-22 04:00:00,,,,,,,,,,0.0,,,,,,,,,,,,,,,,,,,,,,,,,,,,,,,,,,,,,,,,,,,,
1992-06-22 05:00:00,1001.0,1004.3,23.8,22.0,90.0,1.0,180.0,,,0.0,0.0,,,27.2,27.0,27.5,27.1,,,,1.0,,,,,,,,,,,,,,,,,,,,,26.9,,,3.0,,,,,,,,,
1992-06-22 06:00:00,,,,,,,,,,0.0,,,,,,,,,,,,,,,,,,,,,,,,,,,,,,,,,,,,,,,,,,,,
1992-06-22 07:00:00,,,,,,,,,,0.0,,,,,,,,,,,,,,,,,,,,,,,,,,,,,,,,,,,,,,,,,,,,
1992-06-22 08:00:00,1001.5,1004.8,27.2,23.0,78.0,2.8,247.5,,,0.0,0.0,0.8,,,,,,,,,6.0,,,,,,,,,,,,,,,,,,,,,,,,5.0,,,,,,,,,
1992-06-22 09:00:00,1001.1,1004.4,28.7,22.8,70.0,5.1,247.5,,,0.0,0.0,0.7,,,,,,,,,9.0,,,,,,,,,,,,,,,,,,,,,,,,6.0,,,,,,,,,
1992-06-22 10:00:00,,,,,,,,,,0.0,,,,,,,,,,,,,,,,,,,,,,,,,,,,,,,,,,,,,,,,,,,,
1992-06-22 11:00:00,1000.8,1004.1,29.1,24.5,76.0,5.6,270.0,,,0.0,0.0,0.8,,,,,,,,,10.0,,,,,,,,,,,,,,,,,,,,,,,,6.0,,,,,,,,,
1992-06-22 12:00:00,,,,,,,,,,0.0,,,,,,,,,,,,,,,,,,,,,,,,,,,,,,,,,,,,,,,,,,,,
1992-06-22 13:00:00,,,,,,,,,,0.0,,,,,,,,,,,,,,,,,,,,,,,,,,,,,,,,,,,,,,,,,,,,
1992-06-22 14:00:00,998.7,1002.0,30.1,24.5,72.0,5.9,270.0,,,0.0,0.0,1.0,,31.9,30.5,28.7,27.6,,,,9.0,,,,,,,,,,,,,,,,,,,,,27.1,,,8.0,,,,,,,,,
1992-06-22 15:00:00,,,,,,,,,,0.0,,,,,,,,,,,,,,,,,,,,,,,,,,,,,,,,,,,,,,,,,,,,
1992-06-22 16:00:00,,,,,,,,,,0.0,,,,,,,,,,,,,,,,,,,,,,,,,,,,,,,,,,,,,,,,,,,,
1992-06-22 17:00:00,997.7,1001.0,29.4,23.5,71.0,7.3,270.0,,,0.0,0.0,1.0,,,,,,,,,5.0,,,,,,,,,,,,,,,,,,,,,,,,8.0,,,,,,,,,
1992-06-22 18:00:00,,,,,,,,,,0.0,,,,,,,,,,,,,,,,,,,,,,,,,,,,,,,,,,,,,,,,,,,,
1992-06-22 19:00:00,,,,,,,,,,0.0,,,,,,,,,,,,,,,,,,,,,,,,,,,,,,,,,,,,,,,,,,,,
1992-06-22 20:00:00,998.8,1002.1,28.2,23.0,73.0,4.3,247.5,,,0.0,0.0,,,,,,,,,,4.0,,,,,,,,,,,,,,,,,,,,,,,,8.0,,,,,,,,,
1992-06-22 21:00:00,998.9,1002.2,28.0,23.0,74.0,3.7,202.5,,,0.0,0.0,,,27.9,28.1,28.3,28.1,,,,3.0,,,,,,,,,,,,,,,,,,,,,27.5,,,8.0,,,,,,,,,
1992-06-22 22:00:00,,,,,,,,,,0.0,,,,,,,,,,,,,,,,,,,,,,,,,,,,,,,,,,,,,,,,,,,,
1992-06-22 23:00:00,998.5,1001.8,28.9,21.4,64.0,3.9,270.0,,,0.0,0.0,,,,,,,,,,3.0,,,,,,,,,,,,,,,,,,,,,,,,12.0,,,,,,,,,
1992-06-23 00:00:00,,,,,,,,,,0.0,,,,,,,,,,,,,,,,,,,,,,,,,,,,,,,,,,,,,,,,,,,,
1992-06-23 01:00:00,,,,,,,,,,0.0,,,,,,,,,,,,,,,,,,,,,,,,,,,,,,,,,,,,,,,,,,,,
1992-06-23 02:00:00,997.3,1000.6,27.4,20.6,66.0,7.2,270.0,,,0.0,0.0,,,,,,,,,,2.0,,,,,,,,,,,,,,,,,,,,,,,,12.0,,,,,,,,,
1992-06-23 03:00:00,,,,,,,,,,0.0,,,,,,,,,,,,,,,,,,,,,,,,,,,,,,,,,,,,,,,,,,,,
1992-06-23 04:00:00,,,,,,,,,,0.0,,,,,,,,,,,,,,,,,,,,,,,,,,,,,,,,,,,,,,,,,,,,
1992-06-23 05:00:00,997.4,1000.7,27.3,18.7,59.0,4.8,270.0,,,0.0,0.0,,,25.9,26.1,26.8,27.2,,,,9.0,,,,,,,,,,,,,,,,,,,,,27.3,,,15.0,,,,,,,,,
1992-06-23 06:00:00,,,,,,,,,,0.0,,,,,,,,,,,,,,,,,,,,,,,,,,,,,,,,,,,,,,,,,,,,
1992-06-23 07:00:00,,,,,,,,,,0.0,,,,,,,,,,,,,,,,,,,,,,,,,,,,,,,,,,,,,,,,,,,,
1992-06-23 08:00:00,998.0,1001.3,28.7,20.5,61.0,5.5,247.5,,,0.0,0.0,0.6,,,,,,,,,9.0,,,,,,,,,,,,,,,,,,,,,,,,18.0,,,,,,,,,
1992-06-23 09:00:00,998.4,1001.7,29.6,21.2,61.0,6.8,270.0,,,0.0,0.0,0.6,,,,,,,,,9.0,,,,,,,,,,,,,,,,,,,,,,,,18.0,,,,,,,,,
1992-06-23 10:00:00,,,,,,,,,,0.0,,,,,,,,,,,,,,,,,,,,,,,,,,,,,,,,,,,,,,,,,,,,
1992-06-23 11:00:00,998.8,1002.0,31.4,22.6,60.0,8.2,270.0,,,0.0,0.0,1.0,,,,,,,,,6.0,,,,,,,,,,,,,,,,,,,,,,,,18.0,,,,,,,,,
1992-06-23 12:00:00,,,,,,,,,,0.0,,,,,,,,,,,,,,,,,,,,,,,,,,,,,,,,,,,,,,,,,,,,
1992-06-23 13:00:00,,,,,,,,,,0.0,,,,,,,,,,,,,,,,,,,,,,,,,,,,,,,,,,,,,,,,,,,,
1992-06-23 14:00:00,998.3,1001.6,30.4,22.7,64.0,8.5,270.0,,,0.0,0.0,0.9,,31.4,30.5,28.7,27.6,,,,9.0,,,,,,,,,,,,,,,,,,,,,27.1,,,15.0,,,,,,,,,
1992-06-23 15:00:00,,,,,,,,,,0.0,,,,,,,,,,,,,,,,,,,,,,,,,,,,,,,,,,,,,,,,,,,,
1992-06-23 16:00:00,,,,,,,,,,0.0,,,,,,,,,,,,,,,,,,,,,,,,,,,,,,,,,,,,,,,,,,,,
1992-06-23 17:00:00,997.5,1000.7,30.8,21.7,58.0,3.5,247.5,,,0.0,0.0,0.3,,,,,,,,,10.0,,,,,,,,,,,,,,,,,,,,,,,,15.0,,,,,,,,,
1992-06-23 18:00:00,,,,,,,,,,0.0,,,,,,,,,,,,,,,,,,,,,,,,,,,,,,,,,,,,,,,,,,,,
1992-06-23 19:00:00,,,,,,,,,,0.0,,,,,,,,,,,,,,,,,,,,,,,,,,,,,,,,,,,,,,,,,,,,
1992-06-23 20:00:00,999.1,1002.4,28.4,23.9,77.0,1.2,270.0,,,0.0,0.0,,,,,,,,,,4.0,,,,,,,,,,,,,,,,,,,,,,,,15.0,,,,,,,,,
1992-06-23 21:00:00,1000.3,1003.6,27.8,24.0,80.0,0.3,270.0,,,0.0,0.0,,,27.7,27.8,27.9,27.8,,,,2.0,,,,,,,,,,,,,,,,,,,,,27.4,,,12.0,,,,,,,,,
1992-06-23 22:00:00,,,,,,,,,,0.0,,,,,,,,,,,,,,,,,,,,,,,,,,,,,,,,,,,,,,,,,,,,
1992-06-23 23:00:00,1001.4,1004.7,27.4,24.4,84.0,1.4,292.5,,,0.0,0.0,,,,,,,,,,8.0,,,,,,,,,,,,,,,,,,,,,,,,12.0,,,,,,,,,
1992-06-24 00:00:00,,,,,,,,,,0.0,,,,,,,,,,,,,,,,,,,,,,,,,,,,,,,,,,,,,,,,,,,,
1992-06-24 01:00:00,,,,,,,,,,0.0,,,,,,,,,,,,,,,,,,,,,,,,,,,,,,,,,,,,,,,,,,,,
1992-06-24 02:00:00,1000.4,1003.7,26.2,24.2,89.0,1.6,315.0,,,0.0,0.0,,,,,,,,,,10.0,,,,,,,,,,,,,,,,,,,,,,,,10.0,,,,,,,,,
1992-06-24 03:00:00,,,,,,,,,,0.0,,,,,,,,,,,,,,,,,,,,,,,,,,,,,,,,,,,,,,,,,,,,
1992-06-24 04:00:00,,,,,,,,,,0.0,,,,,,,,,,,,,,,,,,,,,,,,,,,,,,,,,,,,,,,,,,,,
1992-06-24 05:00:00,1000.4,1003.7,26.0,24.5,91.0,1.1,112.5,,,-9.8,0.1,,,27.1,26.9,27.3,27.4,,,,10.0,,,,,,,,,,,,,,,,,,,,,27.2,,,12.0,,,,,,,,,
1992-06-24 06:00:00,,,,,,,,,,0.0,,,,,,,,,,,,,,,,,,,,,,,,,,,,,,,,,,,,,,,,,,,,
1992-06-24 07:00:00,,,,,,,,,,0.0,,,,,,,,,,,,,,,,,,,,,,,,,,,,,,,,,,,,,,,,,,,,
1992-06-24 08:00:00,1001.9,1005.2,28.1,25.0,83.0,1.3,135.0,,,0.0,0.0,0.4,,,,,,,,,8.0,,,,,,,,,,,,,,,,,,,,,,,,12.0,,,,,,,,,
1992-06-24 09:00:00,1002.1,1005.4,28.3,24.6,80.0,2.0,315.0,,,0.0,0.0,0.5,,,,,,,,,8.0,,,,,,,,,,,,,,,,,,,,,,,,12.0,,,,,,,,,
1992-06-24 10:00:00,,,,,,,,,,0.0,,,,,,,,,,,,,,,,,,,,,,,,,,,,,,,,,,,,,,,,,,,,
1992-06-24 11:00:00,1001.4,1004.7,30.4,24.7,72.0,2.2,292.5,,,0.0,0.0,1.0,,,,,,,,,8.0,,,,,,,,,,,,,,,,,,,,,,,,15.0,,,,,,,,,
1992-06-24 12:00:00,,,,,,,,,,0.0,,,,,,,,,,,,,,,,,,,,,,,,,,,,,,,,,,,,,,,,,,,,
1992-06-24 13:00:00,,,,,,,,,,0.0,,,,,,,,,,,,,,,,,,,,,,,,,,,,,,,,,,,,,,,,,,,,
1992-06-24 14:00:00,1001.2,1004.5,29.5,24.4,74.0,2.8,337.5,,,0.0,0.0,0.0,,32.3,31.2,29.7,28.3,,,,10.0,,,,,,,,,,,,,,,,,,,,,27.5,,,15.0,,,,,,,,,
1992-06-24 15:00:00,,,,,,,,,,0.0,,,,,,,,,,,,,,,,,,,,,,,,,,,,,,,,,,,,,,,,,,,,
1992-06-24 16:00:00,,,,,,,,,,0.0,,,,,,,,,,,,,,,,,,,,,,,,,,,,,,,,,,,,,,,,,,,,
1992-06-24 17:00:00,1001.3,1004.6,28.7,23.6,74.0,2.6,315.0,,,0.0,0.0,0.2,,,,,,,,,10.0,,,,,,,,,,,,,,,,,,,,,,,,15.0,,,,,,,,,
1992-06-24 18:00:00,,,,,,,,,,0.0,,,,,,,,,,,,,,,,,,,,,,,,,,,,,,,,,,,,,,,,,,,,
1992-06-24 19:00:00,,,,,,,,,,0.0,,,,,,,,,,,,,,,,,,,,,,,,,,,,,,,,,,,,,,,,,,,,
1992-06-24 20:00:00,1002.3,1005.6,27.0,23.8,83.0,1.5,67.5,,,0.0,0.0,,,,,,,,,,10.0,,,,,,,,,,,,,,,,,,,,,,,,12.0,,,,,,,,,
1992-06-24 21:00:00,1002.4,1005.7,26.4,23.8,86.0,1.8,45.0,,,0.0,0.0,,,28.6,28.6,28.8,28.7,,,,8.0,,,,,,,,,,,,,,,,,,,,,28.0,,,10.0,,,,,,,,,
1992-06-24 22:00:00,,,,,,,,,,0.0,,,,,,,,,,,,,,,,,,,,,,,,,,,,,,,,,,,,,,,,,,,,
1992-06-24 23:00:00,1001.6,1004.9,26.0,23.7,87.0,1.4,112.5,,,0.0,0.0,,,,,,,,,,6.0,,,,,,,,,,,,,,,,,,,,,,,,10.0,,,,,,,,,
1992-06-25 00:00:00,,,,,,,,,,0.0,,,,,,,,,,,,,,,,,,,,,,,,,,,,,,,,,,,,,,,,,,,,
1992-06-25 01:00:00,,,,,,,,,,0.0,,,,,,,,,,,,,,,,,,,,,,,,,,,,,,,,,,,,,,,,,,,,
1992-06-25 02:00:00,1000.6,1003.9,24.9,23.2,90.0,1.5,135.0,,,0.0,0.0,,,,,,,,,,2.0,,,,,,,,,,,,,,,,,,,,,,,,8.0,,,,,,,,,
1992-06-25 03:00:00,,,,,,,,,,0.0,,,,,,,,,,,,,,,,,,,,,,,,,,,,,,,,,,,,,,,,,,,,
1992-06-25 04:00:00,,,,,,,,,,0.0,,,,,,,,,,,,,,,,,,,,,,,,,,,,,,,,,,,,,,,,,,,,
1992-06-25 05:00:00,1000.8,1004.1,24.2,21.6,85.0,1.6,112.5,,,0.0,0.0,,,26.7,26.8,27.5,27.8,,,,6.0,,,,,,,,,,,,,,,,,,,,,27.6,,,6.0,,,,,,,,,
1992-06-25 06:00:00,,,,,,,,,,0.0,,,,,,,,,,,,,,,,,,,,,,,,,,,,,,,,,,,,,,,,,,,,
1992-06-25 07:00:00,,,,,,,,,,0.0,,,,,,,,,,,,,,,,,,,,,,,,,,,,,,,,,,,,,,,,,,,,
1992-06-25 08:00:00,1001.8,1005.1,27.8,23.8,79.0,1.3,112.5,,,0.0,0.0,0.4,,,,,,,,,7.0,,,,,,,,,,,,,,,,,,,,,,,,6.0,,,,,,,,,
1992-06-25 09:00:00,1001.9,1005.2,29.3,25.0,78.0,1.8,292.5,,,0.0,0.0,1.0,,,,,,,,,8.0,,,,,,,,,,,,,,,,,,,,,,,,8.0,,,,,,,,,
1992-06-25 10:00:00,,,,,,,,,,0.0,,,,,,,,,,,,,,,,,,,,,,,,,,,,,,,,,,,,,,,,,,,,
1992-06-25 11:00:00,1001.8,1005.1,30.3,25.5,76.0,2.5,292.5,,,0.0,0.0,1.0,,,,,,,,,8.0,,,,,,,,,,,,,,,,,,,,,,,,8.0,,,,,,,,,
1992-06-25 12:00:00,,,,,,,,,,0.0,,,,,,,,,,,,,,,,,,,,,,,,,,,,,,,,,,,,,,,,,,,,
1992-06-25 13:00:00,,,,,,,,,,0.0,,,,,,,,,,,,,,,,,,,,,,,,,,,,,,,,,,,,,,,,,,,,
1992-06-25 14:00:00,1000.4,1003.6,31.7,25.3,69.0,4.0,337.5,,,0.0,0.0,1.0,,35.2,33.1,30.7,29.8,,,,7.0,,,,,,,,,,,,,,,,,,,,,28.2,,,8.0,,,,,,,,,
1992-06-25 15:00:00,,,,,,,,,,0.0,,,,,,,,,,,,,,,,,,,,,,,,,,,,,,,,,,,,,,,,,,,,
1992-06-25 16:00:00,,,,,,,,,,0.0,,,,,,,,,,,,,,,,,,,,,,,,,,,,,,,,,,,,,,,,,,,,
1992-06-25 17:00:00,1000.5,1003.8,29.8,25.1,76.0,2.8,22.5,,,0.0,0.0,0.5,,,,,,,,,9.0,,,,,,,,,,,,,,,,,,,,,,,,8.0,,,,,,,,,
1992-06-25 18:00:00,,,,,,,,,,0.0,,,,,,,,,,,,,,,,,,,,,,,,,,,,,,,,,,,,,,,,,,,,
1992-06-25 19:00:00,,,,,,,,,,0.0,,,,,,,,,,,,,,,,,,,,,,,,,,,,,,,,,,,,,,,,,,,,
1992-06-25 20:00:00,1001.8,1005.1,27.4,24.6,85.0,1.9,45.0,,,0.0,0.0,,,,,,,,,,7.0,,,,,,,,,,,,,,,,,,,,,,,,8.0,,,,,,,,,
1992-06-25 21:00:00,1002.3,1005.6,27.2,24.4,85.0,2.4,45.0,,,0.0,0.0,,,29.6,29.6,29.7,29.5,,,,6.0,,,,,,,,,,,,,,,,,,,,,28.5,,,8.0,,,,,,,,,
1992-06-25 22:00:00,,,,,,,,,,0.0,,,,,,,,,,,,,,,,,,,,,,,,,,,,,,,,,,,,,,,,,,,,
1992-06-25 23:00:00,1001.9,1005.2,26.8,24.4,87.0,0.5,90.0,,,0.0,0.0,,,,,,,,,,3.0,,,,,,,,,,,,,,,,,,,,,,,,6.0,,,,,,,,,
1992-06-26 00:00:00,,,,,,,,,,0.0,,,,,,,,,,,,,,,,,,,,,,,,,,,,,,,,,,,,,,,,,,,,
1992-06-26 01:00:00,,,,,,,,,,0.0,,,,,,,,,,,,,,,,,,,,,,,,,,,,,,,,,,,,,,,,,,,,
1992-06-26 02:00:00,1000.6,1003.9,26.3,24.6,90.0,0.9,337.5,,,0.0,0.0,,,,,,,,,,9.0,,,,,,,,,,,,,,,,,,,,,,,,6.0,,,,,,,,,
1992-06-26 03:00:00,,,,,,,,,,0.0,,,,,,,,,,,,,,,,,,,,,,,,,,,,,,,,,,,,,,,,,,,,
1992-06-26 04:00:00,,,,,,,,,,0.0,,,,,,,,,,,,,,,,,,,,,,,,,,,,,,,,,,,,,,,,,,,,
1992-06-26 05:00:00,1000.2,1003.5,26.2,24.8,92.0,1.0,67.5,,,0.0,0.0,,,27.8,27.8,27.2,27.5,,,,9.0,,,,,,,,,,,,,,,,,,,,,28.3,,,5.0,,,,,,,,,
1992-06-26 06:00:00,,,,,,,,,,0.0,,,,,,,,,,,,,,,,,,,,,,,,,,,,,,,,,,,,,,,,,,,,
1992-06-26 07:00:00,,,,,,,,,,0.0,,,,,,,,,,,,,,,,,,,,,,,,,,,,,,,,,,,,,,,,,,,,
1992-06-26 08:00:00,1000.4,1003.7,28.5,25.6,84.0,3.4,22.5,,,0.0,0.0,0.2,,,,,,,,,9.0,,,,,,,,,,,,,,,,,,,,,,,,5.0,,,,,,,,,
1992-06-26 09:00:00,1000.3,1003.6,29.7,25.6,79.0,3.5,22.5,,,0.0,0.0,0.9,,,,,,,,,2.0,,,,,,,,,,,,,,,,,,,,,,,,8.0,,,,,,,,,
1992-06-26 10:00:00,,,,,,,,,,0.0,,,,,,,,,,,,,,,,,,,,,,,,,,,,,,,,,,,,,,,,,,,,
1992-06-26 11:00:00,1000.3,1003.6,30.7,26.2,77.0,4.6,22.5,,,0.0,0.0,1.0,,,,,,,,,2.0,,,,,,,,,,,,,,,,,,,,,,,,8.0,,,,,,,,,
1992-06-26 12:00:00,,,,,,,,,,0.0,,,,,,,,,,,,,,,,,,,,,,,,,,,,,,,,,,,,,,,,,,,,
1992-06-26 13:00:00,,,,,,,,,,0.0,,,,,,,,,,,,,,,,,,,,,,,,,,,,,,,,,,,,,,,,,,,,
1992-06-26 14:00:00,999.3,1002.6,29.7,25.5,78.0,6.1,360.0,,,0.0,0.0,0.9,,33.9,31.8,31.0,29.5,,,,2.0,,,,,,,,,,,,,,,,,,,,,28.5,,,10.0,,,,,,,,,
1992-06-26 15:00:00,,,,,,,,,,0.0,,,,,,,,,,,,,,,,,,,,,,,,,,,,,,,,,,,,,,,,,,,,
1992-06-26 16:00:00,,,,,,,,,,0.0,,,,,,,,,,,,,,,,,,,,,,,,,,,,,,,,,,,,,,,,,,,,
1992-06-26 17:00:00,998.8,1002.1,27.7,25.1,86.0,4.7,22.5,,,0.0,0.0,0.0,,,,,,,,,10.0,,,,,,,,,,,,,,,,,,,,,,,,4.0,,,,,,,,,
1992-06-26 18:00:00,,,,,,,,,,0.0,,,,,,,,,,,,,,,,,,,,,,,,,,,,,,,,,,,,,,,,,,,,
1992-06-26 19:00:00,,,,,,,,,,0.0,,,,,,,,,,,,,,,,,,,,,,,,,,,,,,,,,,,,,,,,,,,,
1992-06-26 20:00:00,999.3,1002.6,26.9,25.3,91.0,3.0,22.5,,,0.0,0.0,,,,,,,,,,10.0,,,,,,,,,,,,,,,,,,,,,,,,3.0,,,,,,,,,
1992-06-26 21:00:00,999.5,1002.8,27.4,25.5,89.0,2.8,45.0,,,0.0,0.0,,,29.3,29.3,29.5,29.6,,,,10.0,,,,,,,,,,,,,,,,,,,,,28.8,,,3.0,,,,,,,,,
1992-06-26 22:00:00,,,,,,,,,,0.0,,,,,,,,,,,,,,,,,,,,,,,,,,,,,,,,,,,,,,,,,,,,
1992-06-26 23:00:00,999.1,1002.4,27.5,25.4,88.0,1.6,22.5,,,0.0,0.0,,,,,,,,,,6.0,,,,,,,,,,,,,,,,,,,,,,,,4.0,,,,,,,,,
1992-06-27 00:00:00,,,,,,,,,,0.0,,,,,,,,,,,,,,,,,,,,,,,,,,,,,,,,,,,,,,,,,,,,
1992-06-27 01:00:00,,,,,,,,,,0.0,,,,,,,,,,,,,,,,,,,,,,,,,,,,,,,,,,,,,,,,,,,,
1992-06-27 02:00:00,997.9,1001.2,26.3,22.6,80.0,1.3,67.5,,,0.0,0.0,,,,,,,,,,8.0,,,,,,,,,,,,,,,,,,,,,,,,5.0,,,,,,,,,
1992-06-27 03:00:00,,,,,,,,,,0.0,,,,,,,,,,,,,,,,,,,,,,,,,,,,,,,,,,,,,,,,,,,,
1992-06-27 04:00:00,,,,,,,,,,0.0,,,,,,,,,,,,,,,,,,,,,,,,,,,,,,,,,,,,,,,,,,,,
1992-06-27 05:00:00,998.0,1001.3,25.3,22.9,87.0,1.9,67.5,,,0.0,0.0,,,27.8,27.9,28.4,28.8,,,,4.0,,,,,,,,,,,,,,,,,,,,,28.6,,,6.0,,,,,,,,,
1992-06-27 06:00:00,,1002.0,26.3,24.0,87.0,,,,,0.0,,,,,,,,,,,,,,,,,,,,,,,,,,,,,,,,,,,,,,,,,,,,
1992-06-27 07:00:00,,1002.4,26.8,24.4,87.0,,,,,0.0,,,,,,,,,,,,,,,,,,,,,,,,,,,,,,,,,,,,,,,,,,,,
1992-06-27 08:00:00,999.4,1002.7,27.5,25.0,86.0,5.6,45.0,,,0.0,0.0,0.0,,,,,,,,,9.0,,,,,,,,,,,,,,,,,,,,,,,,10.0,,,,,,,,,
1992-06-27 09:00:00,999.1,1002.4,27.8,24.9,84.0,7.3,22.5,,,0.0,0.0,0.1,,,,,,,,,9.0,,,,,,,,,,,,,,,,,,,,,,,,10.0,,,,,,,,,
1992-06-27 10:00:00,,1002.0,28.9,25.4,81.0,,,,,0.0,,,,,,,,,,,,,,,,,,,,,,,,,,,,,,,,,,,,,,,,,,,,
1992-06-27 11:00:00,997.9,1001.2,29.1,25.1,79.0,9.5,22.5,,,0.0,0.0,0.8,,,,,,,,,4.0,,,,,,,,,,,,,,,,,,,,,,,,12.0,,,,,,,,,
1992-06-27 12:00:00,,1000.5,29.5,25.0,77.0,,,,,0.0,,,,,,,,,,,,,,,,,,,,,,,,,,,,,,,,,,,,,,,,,,,,
1992-06-27 13:00:00,,999.6,29.8,25.1,76.0,,,,,0.0,,,,,,,,,,,,,,,,,,,,,,,,,,,,,,,,,,,,,,,,,,,,
1992-06-27 14:00:00,996.3,999.5,30.0,24.9,74.0,11.0,45.0,,,0.0,0.0,1.0,,33.0,32.0,30.2,29.5,,,,2.0,,,,,,,,,,,,,,,,,,,,,28.8,,,18.0,,,,,,,,,
1992-06-27 15:00:00,,999.7,29.0,24.5,77.0,,,,,0.0,,,,,,,,,,,,,,,,,,,,,,,,,,,,,,,,,,,,,,,,,,,,
1992-06-27 16:00:00,,1000.3,28.2,24.3,79.0,,,,,0.0,,,,,,,,,,,,,,,,,,,,,,,,,,,,,,,,,,,,,,,,,,,,
1992-06-27 17:00:00,997.5,1000.8,27.1,24.0,83.0,9.6,45.0,,,0.0,0.0,0.9,,,,,,,,,6.0,,,,,,,,,,,,,,,,,,,,,,,,12.0,,,,,,,,,
1992-06-27 18:00:00,,1001.5,26.1,23.7,87.0,,,,,0.0,,,,,,,,,,,,,,,,,,,,,,,,,,,,,,,,,,,,,,,,,,,,
1992-06-27 19:00:00,,1002.4,25.4,23.6,90.0,,,,,-9.8,,,,,,,,,,,,,,,,,,,,,,,,,,,,,,,,,,,,,,,,,,,,
1992-06-27 20:00:00,999.5,1002.8,25.8,23.7,88.0,6.9,45.0,,,-9.8,0.8,,,,,,,,,,9.0,,,,,,,,,,,,,,,,,,,,,,,,6.0,,,,,,,,,
1992-06-27 21:00:00,999.8,1003.1,25.4,23.9,91.0,6.3,45.0,,,0.0,0.0,,,28.4,28.6,29.2,29.3,,,,10.0,,,,,,,,,,,,,,,,,,,,,28.8,,,6.0,,,,,,,,,
1992-06-27 22:00:00,,1003.2,25.4,23.8,91.0,,,,,0.1,,,,,,,,,,,,,,,,,,,,,,,,,,,,,,,,,,,,,,,,,,,,
1992-06-27 23:00:00,1000.1,1003.4,25.4,23.9,91.0,9.0,22.5,,,-9.8,0.2,,,,,,,,,,10.0,,,,,,,,,,,,,,,,,,,,,,,,6.0,,,,,,,,,
1992-06-28 00:00:00,,1003.1,24.9,23.6,92.0,,,,,0.5,,,,,,,,,,,,,,,,,,,,,,,,,,,,,,,,,,,,,,,,,,,,
1992-06-28 01:00:00,,1002.9,25.1,23.7,93.0,,,,,0.2,,,,,,,,,,,,,,,,,,,,,,,,,,,,,,,,,,,,,,,,,,,,
1992-06-28 02:00:00,999.3,1002.6,25.1,23.5,91.0,5.6,45.0,,,-9.8,0.2,,,,,,,,,,10.0,,,,,,,,,,,,,,,,,,,,,,,,6.0,,,,,,,,,
1992-06-28 03:00:00,,1002.7,24.9,23.5,92.0,,,,,0.1,,,,,,,,,,,,,,,,,,,,,,,,,,,,,,,,,,,,,,,,,,,,
1992-06-28 04:00:00,,1003.0,24.6,23.6,95.0,,,,,0.2,,,,,,,,,,,,,,,,,,,,,,,,,,,,,,,,,,,,,,,,,,,,
1992-06-28 05:00:00,1000.1,1003.4,24.4,23.8,96.0,3.8,22.5,,,0.5,1.0,,,27.4,27.4,28.0,28.5,,,,10.0,,,,,,,,,,,,,,,,,,,,,28.4,,,5.0,,,,,,,,,
1992-06-28 06:00:00,,1003.9,24.5,23.1,92.0,,,,,0.1,,,,,,,,,,,,,,,,,,,,,,,,,,,,,,,,,,,,,,,,,,,,
1992-06-28 07:00:00,,1004.2,24.6,23.2,92.0,,,,,0.1,,,,,,,,,,,,,,,,,,,,,,,,,,,,,,,,,,,,,,,,,,,,
1992-06-28 08:00:00,1001.6,1004.9,24.5,23.3,93.0,3.9,22.5,,,-9.8,0.2,0.0,,,,,,,,,10.0,,,,,,,,,,,,,,,,,,,,,,,,8.0,,,,,,,,,
1992-06-28 09:00:00,1002.2,1005.5,24.5,23.1,92.0,4.6,22.5,,,-9.8,1.0,0.0,,,,,,,,,10.0,,,,,,,,,,,,,,,,,,,,,,,,6.0,,,,,,,,,
1992-06-28 10:00:00,,1005.6,24.3,24.2,99.0,,,,,0.2,,,,,,,,,,,,,,,,,,,,,,,,,,,,,,,,,,,,,,,,,,,,
1992-06-28 11:00:00,1002.3,1005.6,24.8,23.8,94.0,5.0,45.0,,,-9.8,0.2,0.0,,,,,,,,,10.0,,,,,,,,,,,,,,,,,,,,,,,,10.0,,,,,,,,,
1992-06-28 12:00:00,,1005.5,24.4,23.7,96.0,,,,,0.0,,,,,,,,,,,,,,,,,,,,,,,,,,,,,,,,,,,,,,,,,,,,
1992-06-28 13:00:00,,1005.4,24.6,23.7,95.0,,,,,0.0,,,,,,,,,,,,,,,,,,,,,,,,,,,,,,,,,,,,,,,,,,,,
1992-06-28 14:00:00,1002.0,1005.3,24.5,23.5,94.0,2.1,22.5,,,0.0,0.0,0.0,,27.6,27.5,27.7,27.9,,,,10.0,,,,,,,,,,,,,,,,,,,,,28.0,,,8.0,,,,,,,,,
1992-06-28 15:00:00,,,,,,,,,,0.0,,,,,,,,,,,,,,,,,,,,,,,,,,,,,,,,,,,,,,,,,,,,
1992-06-28 16:00:00,,,,,,,,,,0.0,,,,,,,,,,,,,,,,,,,,,,,,,,,,,,,,,,,,,,,,,,,,
1992-06-28 17:00:00,1001.8,1005.1,25.1,22.1,83.0,3.0,22.5,,,0.0,0.0,0.0,,,,,,,,,10.0,,,,,,,,,,,,,,,,,,,,,,,,10.0,,,,,,,,,
1992-06-28 18:00:00,,,,,,,,,,0.0,,,,,,,,,,,,,,,,,,,,,,,,,,,,,,,,,,,,,,,,,,,,
1992-06-28 19:00:00,,,,,,,,,,0.0,,,,,,,,,,,,,,,,,,,,,,,,,,,,,,,,,,,,,,,,,,,,
1992-06-28 20:00:00,1003.2,1006.5,24.1,21.8,87.0,0.9,90.0,,,0.0,0.0,,,,,,,,,,10.0,,,,,,,,,,,,,,,,,,,,,,,,10.0,,,,,,,,,
1992-06-28 21:00:00,1003.8,1007.1,23.8,21.7,88.0,1.3,67.5,,,0.0,0.0,,,26.6,26.6,27.2,27.7,,,,5.0,,,,,,,,,,,,,,,,,,,,,27.8,,,8.0,,,,,,,,,
1992-06-28 22:00:00,,,,,,,,,,0.0,,,,,,,,,,,,,,,,,,,,,,,,,,,,,,,,,,,,,,,,,,,,
1992-06-28 23:00:00,1004.0,1007.4,23.3,21.6,90.0,1.8,90.0,,,0.0,0.0,,,,,,,,,,8.0,,,,,,,,,,,,,,,,,,,,,,,,8.0,,,,,,,,,
1992-06-29 00:00:00,,,,,,,,,,0.0,,,,,,,,,,,,,,,,,,,,,,,,,,,,,,,,,,,,,,,,,,,,
1992-06-29 01:00:00,,,,,,,,,,0.0,,,,,,,,,,,,,,,,,,,,,,,,,,,,,,,,,,,,,,,,,,,,
1992-06-29 02:00:00,1002.7,1006.0,23.9,21.9,89.0,1.4,67.5,,,0.0,0.0,,,,,,,,,,10.0,,,,,,,,,,,,,,,,,,,,,,,,8.0,,,,,,,,,
1992-06-29 03:00:00,,,,,,,,,,0.0,,,,,,,,,,,,,,,,,,,,,,,,,,,,,,,,,,,,,,,,,,,,
1992-06-29 04:00:00,,,,,,,,,,0.0,,,,,,,,,,,,,,,,,,,,,,,,,,,,,,,,,,,,,,,,,,,,
1992-06-29 05:00:00,1002.9,1006.2,24.0,21.9,88.0,0.4,112.5,,,0.0,0.0,,,26.1,26.0,26.7,27.2,,,,8.0,,,,,,,,,,,,,,,,,,,,,27.2,,,10.0,,,,,,,,,
1992-06-29 06:00:00,,,,,,,,,,0.0,,,,,,,,,,,,,,,,,,,,,,,,,,,,,,,,,,,,,,,,,,,,
1992-06-29 07:00:00,,,,,,,,,,0.0,,,,,,,,,,,,,,,,,,,,,,,,,,,,,,,,,,,,,,,,,,,,
1992-06-29 08:00:00,1004.2,1007.5,25.5,22.3,83.0,1.6,22.5,,,0.0,0.0,0.0,,,,,,,,,10.0,,,,,,,,,,,,,,,,,,,,,,,,10.0,,,,,,,,,
1992-06-29 09:00:00,1004.3,1007.6,25.8,22.2,81.0,1.7,45.0,,,0.0,0.0,0.0,,,,,,,,,10.0,,,,,,,,,,,,,,,,,,,,,,,,10.0,,,,,,,,,
1992-06-29 10:00:00,,,,,,,,,,0.0,,,,,,,,,,,,,,,,,,,,,,,,,,,,,,,,,,,,,,,,,,,,
1992-06-29 11:00:00,1004.2,1007.5,26.2,22.6,81.0,2.8,45.0,,,0.0,0.0,0.0,,,,,,,,,10.0,,,,,,,,,,,,,,,,,,,,,,,,10.0,,,,,,,,,
1992-06-29 12:00:00,,,,,,,,,,0.0,,,,,,,,,,,,,,,,,,,,,,,,,,,,,,,,,,,,,,,,,,,,
1992-06-29 13:00:00,,,,,,,,,,0.0,,,,,,,,,,,,,,,,,,,,,,,,,,,,,,,,,,,,,,,,,,,,
1992-06-29 14:00:00,1002.7,1006.0,27.7,23.3,77.0,1.7,67.5,,,0.0,0.0,0.0,,28.7,28.0,27.8,27.5,,,,10.0,,,,,,,,,,,,,,,,,,,,,27.3,,,10.0,,,,,,,,,
1992-06-29 15:00:00,,,,,,,,,,0.0,,,,,,,,,,,,,,,,,,,,,,,,,,,,,,,,,,,,,,,,,,,,
1992-06-29 16:00:00,,,,,,,,,,0.0,,,,,,,,,,,,,,,,,,,,,,,,,,,,,,,,,,,,,,,,,,,,
1992-06-29 17:00:00,1002.0,1005.3,28.8,24.0,75.0,2.0,360.0,,,0.0,0.0,1.0,,,,,,,,,4.0,,,,,,,,,,,,,,,,,,,,,,,,10.0,,,,,,,,,
1992-06-29 18:00:00,,,,,,,,,,0.0,,,,,,,,,,,,,,,,,,,,,,,,,,,,,,,,,,,,,,,,,,,,
1992-06-29 19:00:00,,,,,,,,,,0.0,,,,,,,,,,,,,,,,,,,,,,,,,,,,,,,,,,,,,,,,,,,,
1992-06-29 20:00:00,1003.4,1006.7,26.6,23.2,82.0,0.3,157.5,,,0.0,0.0,,,,,,,,,,3.0,,,,,,,,,,,,,,,,,,,,,,,,6.0,,,,,,,,,
1992-06-29 21:00:00,1004.0,1007.3,26.2,23.1,83.0,0.6,135.0,,,0.0,0.0,,,27.3,27.5,27.9,28.0,,,,3.0,,,,,,,,,,,,,,,,,,,,,27.5,,,8.0,,,,,,,,,
1992-06-29 22:00:00,,,,,,,,,,0.0,,,,,,,,,,,,,,,,,,,,,,,,,,,,,,,,,,,,,,,,,,,,
1992-06-29 23:00:00,1004.1,1007.4,24.7,23.0,90.0,1.3,67.5,,,0.0,0.0,,,,,,,,,,1.0,,,,,,,,,,,,,,,,,,,,,,,,8.0,,,,,,,,,
1992-06-30 00:00:00,,,,,,,,,,0.0,,,,,,,,,,,,,,,,,,,,,,,,,,,,,,,,,,,,,,,,,,,,
1992-06-30 01:00:00,,,,,,,,,,0.0,,,,,,,,,,,,,,,,,,,,,,,,,,,,,,,,,,,,,,,,,,,,
1992-06-30 02:00:00,1002.6,1005.9,24.8,23.1,90.0,0.5,67.5,,,0.0,0.0,,,,,,,,,,9.0,,,,,,,,,,,,,,,,,,,,,,,,8.0,,,,,,,,,
1992-06-30 03:00:00,,,,,,,,,,0.0,,,,,,,,,,,,,,,,,,,,,,,,,,,,,,,,,,,,,,,,,,,,
1992-06-30 04:00:00,,,,,,,,,,0.0,,,,,,,,,,,,,,,,,,,,,,,,,,,,,,,,,,,,,,,,,,,,
1992-06-30 05:00:00,1002.3,1005.6,24.7,22.9,90.0,1.0,135.0,,,0.0,0.0,,,26.6,26.6,27.4,27.5,,,,6.0,,,,,,,,,,,,,,,,,,,,,27.4,,,10.0,,,,,,,,,
1992-06-30 06:00:00,,,,,,,,,,0.0,,,,,,,,,,,,,,,,,,,,,,,,,,,,,,,,,,,,,,,,,,,,
1992-06-30 07:00:00,,,,,,,,,,0.0,,,,,,,,,,,,,,,,,,,,,,,,,,,,,,,,,,,,,,,,,,,,
1992-06-30 08:00:00,1002.8,1006.1,29.4,24.3,74.0,2.0,225.0,,,0.0,0.0,0.9,,,,,,,,,5.0,,,,,,,,,,,,,,,,,,,,,,,,10.0,,,,,,,,,
1992-06-30 09:00:00,1003.0,1006.3,29.4,24.5,75.0,4.0,247.5,,,0.0,0.0,0.0,,,,,,,,,9.0,,,,,,,,,,,,,,,,,,,,,,,,10.0,,,,,,,,,
1992-06-30 10:00:00,,,,,,,,,,0.0,,,,,,,,,,,,,,,,,,,,,,,,,,,,,,,,,,,,,,,,,,,,
1992-06-30 11:00:00,1002.9,1006.2,30.6,23.7,67.0,4.5,270.0,,,0.0,0.0,0.4,,,,,,,,,6.0,,,,,,,,,,,,,,,,,,,,,,,,12.0,,,,,,,,,
1992-06-30 12:00:00,,,,,,,,,,0.0,,,,,,,,,,,,,,,,,,,,,,,,,,,,,,,,,,,,,,,,,,,,
1992-06-30 13:00:00,,,,,,,,,,0.0,,,,,,,,,,,,,,,,,,,,,,,,,,,,,,,,,,,,,,,,,,,,
1992-06-30 14:00:00,1001.4,1004.7,30.9,23.7,66.0,3.5,270.0,,,0.0,0.0,1.0,,33.3,31.8,29.5,28.3,,,,4.0,,,,,,,,,,,,,,,,,,,,,27.6,,,15.0,,,,,,,,,
1992-06-30 15:00:00,,,,,,,,,,0.0,,,,,,,,,,,,,,,,,,,,,,,,,,,,,,,,,,,,,,,,,,,,
1992-06-30 16:00:00,,,,,,,,,,0.0,,,,,,,,,,,,,,,,,,,,,,,,,,,,,,,,,,,,,,,,,,,,
1992-06-30 17:00:00,1000.6,1003.9,29.9,23.8,70.0,4.9,247.5,,,0.0,0.0,0.8,,,,,,,,,7.0,,,,,,,,,,,,,,,,,,,,,,,,15.0,,,,,,,,,
1992-06-30 18:00:00,,,,,,,,,,0.0,,,,,,,,,,,,,,,,,,,,,,,,,,,,,,,,,,,,,,,,,,,,
1992-06-30 19:00:00,,,,,,,,,,0.0,,,,,,,,,,,,,,,,,,,,,,,,,,,,,,,,,,,,,,,,,,,,
1992-06-30 20:00:00,1001.7,1005.0,28.5,23.4,74.0,3.2,270.0,,,0.0,0.0,,,,,,,,,,3.0,,,,,,,,,,,,,,,,,,,,,,,,12.0,,,,,,,,,
1992-06-30 21:00:00,1002.2,1005.5,28.1,23.0,74.0,0.9,247.5,,,0.0,0.0,,,28.6,28.7,28.9,28.7,,,,4.0,,,,,,,,,,,,,,,,,,,,,28.1,,,12.0,,,,,,,,,
1992-06-30 22:00:00,,,,,,,,,,0.0,,,,,,,,,,,,,,,,,,,,,,,,,,,,,,,,,,,,,,,,,,,,
1992-06-30 23:00:00,1003.0,1006.3,26.5,23.7,85.0,0.0,0.0,,,0.0,0.0,,,,,,,,,,3.0,,,,,,,,,,,,,,,,,,,,,,,,12.0,,,,,,,,,
1992-07-01 00:00:00,,,,,,,,,,0.0,,,,,,,,,,,,,,,,,,,,,,,,,,,,,,,,,,,,,,,,,,,,
1992-07-01 01:00:00,,,,,,,,,,0.0,,,,,,,,,,,,,,,,,,,,,,,,,,,,,,,,,,,,,,,,,,,,
1992-07-01 02:00:00,1001.7,1005.0,25.4,23.2,88.0,1.1,135.0,,,0.0,0.0,,,,,,,,,,2.0,,,,,,,,,,,,,,,,,,,,,,,,12.0,,,,,,,,,
1992-07-01 03:00:00,,,,,,,,,,0.0,,,,,,,,,,,,,,,,,,,,,,,,,,,,,,,,,,,,,,,,,,,,
1992-07-01 04:00:00,,,,,,,,,,0.0,,,,,,,,,,,,,,,,,,,,,,,,,,,,,,,,,,,,,,,,,,,,
1992-07-01 05:00:00,1001.7,1005.0,27.3,22.5,75.0,3.0,202.5,,,0.0,0.0,,,27.1,27.1,27.8,27.9,,,,3.0,,,,,,,,,,,,,,,,,,,,,27.9,,,12.0,,,,,,,,,
1992-07-01 06:00:00,,,,,,,,,,0.0,,,,,,,,,,,,,,,,,,,,,,,,,,,,,,,,,,,,,,,,,,,,
1992-07-01 07:00:00,,,,,,,,,,0.0,,,,,,,,,,,,,,,,,,,,,,,,,,,,,,,,,,,,,,,,,,,,
1992-07-01 08:00:00,1002.1,1005.4,30.2,23.5,67.0,4.1,247.5,,,0.0,0.0,1.0,,,,,,,,,3.0,,,,,,,,,,,,,,,,,,,,,,,,12.0,,,,,,,,,
1992-07-01 09:00:00,1002.0,1005.3,30.1,24.0,70.0,6.1,270.0,,,0.0,0.0,1.0,,,,,,,,,4.0,,,,,,,,,,,,,,,,,,,,,,,,15.0,,,,,,,,,
1992-07-01 10:00:00,,,,,,,,,,0.0,,,,,,,,,,,,,,,,,,,,,,,,,,,,,,,,,,,,,,,,,,,,
1992-07-01 11:00:00,1002.3,1005.6,30.8,24.8,70.0,7.4,270.0,,,0.0,0.0,1.0,,,,,,,,,8.0,,,,,,,,,,,,,,,,,,,,,,,,12.0,,,,,,,,,
1992-07-01 12:00:00,,,,,,,,,,0.0,,,,,,,,,,,,,,,,,,,,,,,,,,,,,,,,,,,,,,,,,,,,
1992-07-01 13:00:00,,,,,,,,,,0.0,,,,,,,,,,,,,,,,,,,,,,,,,,,,,,,,,,,,,,,,,,,,
1992-07-01 14:00:00,1001.1,1004.4,30.6,24.1,68.0,8.8,270.0,,,0.0,0.0,1.0,,32.8,31.8,30.0,28.7,,,,8.0,,,,,,,,,,,,,,,,,,,,,28.3,,,15.0,,,,,,,,,
1992-07-01 15:00:00,,,,,,,,,,0.0,,,,,,,,,,,,,,,,,,,,,,,,,,,,,,,,,,,,,,,,,,,,
1992-07-01 16:00:00,,,,,,,,,,0.0,,,,,,,,,,,,,,,,,,,,,,,,,,,,,,,,,,,,,,,,,,,,
1992-07-01 17:00:00,1000.3,1003.6,30.3,24.0,69.0,7.0,270.0,,,0.0,0.0,1.0,,,,,,,,,4.0,,,,,,,,,,,,,,,,,,,,,,,,15.0,,,,,,,,,
1992-07-01 18:00:00,,,,,,,,,,0.0,,,,,,,,,,,,,,,,,,,,,,,,,,,,,,,,,,,,,,,,,,,,
1992-07-01 19:00:00,,,,,,,,,,0.0,,,,,,,,,,,,,,,,,,,,,,,,,,,,,,,,,,,,,,,,,,,,
1992-07-01 20:00:00,1001.6,1004.9,28.4,23.9,77.0,3.1,247.5,,,0.0,0.0,,,,,,,,,,2.0,,,,,,,,,,,,,,,,,,,,,,,,12.0,,,,,,,,,
1992-07-01 21:00:00,1002.6,1005.9,28.3,24.0,78.0,2.1,225.0,,,0.0,0.0,,,29.1,29.3,29.2,29.0,,,,2.0,,,,,,,,,,,,,,,,,,,,,28.5,,,12.0,,,,,,,,,
1992-07-01 22:00:00,,,,,,,,,,0.0,,,,,,,,,,,,,,,,,,,,,,,,,,,,,,,,,,,,,,,,,,,,
1992-07-01 23:00:00,1003.1,1006.4,27.9,23.9,79.0,0.8,225.0,,,0.0,0.0,,,,,,,,,,2.0,,,,,,,,,,,,,,,,,,,,,,,,12.0,,,,,,,,,
1992-07-02 00:00:00,,,,,,,,,,0.0,,,,,,,,,,,,,,,,,,,,,,,,,,,,,,,,,,,,,,,,,,,,
1992-07-02 01:00:00,,,,,,,,,,0.0,,,,,,,,,,,,,,,,,,,,,,,,,,,,,,,,,,,,,,,,,,,,
1992-07-02 02:00:00,1001.8,1005.1,25.9,23.9,89.0,0.3,90.0,,,0.0,0.0,,,,,,,,,,6.0,,,,,,,,,,,,,,,,,,,,,,,,12.0,,,,,,,,,
1992-07-02 03:00:00,,,,,,,,,,0.0,,,,,,,,,,,,,,,,,,,,,,,,,,,,,,,,,,,,,,,,,,,,
1992-07-02 04:00:00,,,,,,,,,,0.0,,,,,,,,,,,,,,,,,,,,,,,,,,,,,,,,,,,,,,,,,,,,
1992-07-02 05:00:00,1002.2,1005.5,25.2,23.0,88.0,1.3,135.0,,,0.0,0.0,,,27.3,27.3,28.0,28.3,,,,8.0,,,,,,,,,,,,,,,,,,,,,28.3,,,15.0,,,,,,,,,
1992-07-02 06:00:00,,,,,,,,,,0.0,,,,,,,,,,,,,,,,,,,,,,,,,,,,,,,,,,,,,,,,,,,,
1992-07-02 07:00:00,,,,,,,,,,0.0,,,,,,,,,,,,,,,,,,,,,,,,,,,,,,,,,,,,,,,,,,,,
1992-07-02 08:00:00,1002.2,1005.5,30.0,24.2,71.0,4.6,247.5,,,0.0,0.0,1.0,,,,,,,,,8.0,,,,,,,,,,,,,,,,,,,,,,,,15.0,,,,,,,,,
1992-07-02 09:00:00,1001.7,1005.0,31.2,24.4,67.0,4.5,247.5,,,0.0,0.0,1.0,,,,,,,,,6.0,,,,,,,,,,,,,,,,,,,,,,,,15.0,,,,,,,,,
1992-07-02 10:00:00,,,,,,,,,,0.0,,,,,,,,,,,,,,,,,,,,,,,,,,,,,,,,,,,,,,,,,,,,
1992-07-02 11:00:00,1001.5,1004.8,31.0,25.4,72.0,5.5,270.0,,,0.0,0.0,1.0,,,,,,,,,4.0,,,,,,,,,,,,,,,,,,,,,,,,15.0,,,,,,,,,
1992-07-02 12:00:00,,,,,,,,,,0.0,,,,,,,,,,,,,,,,,,,,,,,,,,,,,,,,,,,,,,,,,,,,
1992-07-02 13:00:00,,,,,,,,,,0.0,,,,,,,,,,,,,,,,,,,,,,,,,,,,,,,,,,,,,,,,,,,,
1992-07-02 14:00:00,1000.8,1004.1,30.3,24.3,70.0,6.4,270.0,,,0.0,0.0,1.0,,33.6,32.5,31.5,29.1,,,,3.0,,,,,,,,,,,,,,,,,,,,,28.4,,,15.0,,,,,,,,,
1992-07-02 15:00:00,,,,,,,,,,0.0,,,,,,,,,,,,,,,,,,,,,,,,,,,,,,,,,,,,,,,,,,,,
1992-07-02 16:00:00,,,,,,,,,,0.0,,,,,,,,,,,,,,,,,,,,,,,,,,,,,,,,,,,,,,,,,,,,
1992-07-02 17:00:00,1000.6,1003.9,30.0,24.2,71.0,4.6,247.5,,,0.0,0.0,0.9,,,,,,,,,4.0,,,,,,,,,,,,,,,,,,,,,,,,15.0,,,,,,,,,
1992-07-02 18:00:00,,,,,,,,,,0.0,,,,,,,,,,,,,,,,,,,,,,,,,,,,,,,,,,,,,,,,,,,,
1992-07-02 19:00:00,,,,,,,,,,0.0,,,,,,,,,,,,,,,,,,,,,,,,,,,,,,,,,,,,,,,,,,,,
1992-07-02 20:00:00,1001.3,1004.6,28.3,24.8,81.0,1.4,157.5,,,0.0,0.0,,,,,,,,,,0.0,,,,,,,,,,,,,,,,,,,,,,,,15.0,,,,,,,,,
1992-07-02 21:00:00,1001.7,1005.0,27.7,24.6,83.0,1.7,112.5,,,0.0,0.0,,,29.6,29.7,29.8,29.6,,,,2.0,,,,,,,,,,,,,,,,,,,,,28.9,,,12.0,,,,,,,,,
1992-07-02 22:00:00,,,,,,,,,,0.0,,,,,,,,,,,,,,,,,,,,,,,,,,,,,,,,,,,,,,,,,,,,
1992-07-02 23:00:00,1002.2,1005.5,27.2,24.2,84.0,0.5,135.0,,,0.0,0.0,,,,,,,,,,2.0,,,,,,,,,,,,,,,,,,,,,,,,12.0,,,,,,,,,
1992-07-03 00:00:00,,,,,,,,,,0.0,,,,,,,,,,,,,,,,,,,,,,,,,,,,,,,,,,,,,,,,,,,,
1992-07-03 01:00:00,,,,,,,,,,0.0,,,,,,,,,,,,,,,,,,,,,,,,,,,,,,,,,,,,,,,,,,,,
1992-07-03 02:00:00,1000.6,1003.9,27.9,24.5,82.0,3.1,247.5,,,0.0,0.0,,,,,,,,,,3.0,,,,,,,,,,,,,,,,,,,,,,,,12.0,,,,,,,,,
1992-07-03 03:00:00,,,,,,,,,,0.0,,,,,,,,,,,,,,,,,,,,,,,,,,,,,,,,,,,,,,,,,,,,
1992-07-03 04:00:00,,,,,,,,,,0.0,,,,,,,,,,,,,,,,,,,,,,,,,,,,,,,,,,,,,,,,,,,,
1992-07-03 05:00:00,1000.4,1003.7,27.5,23.5,79.0,3.4,247.5,,,0.0,0.0,,,28.0,27.9,28.5,28.8,,,,7.0,,,,,,,,,,,,,,,,,,,,,28.7,,,12.0,,,,,,,,,
1992-07-03 06:00:00,,,,,,,,,,0.0,,,,,,,,,,,,,,,,,,,,,,,,,,,,,,,,,,,,,,,,,,,,
1992-07-03 07:00:00,,,,,,,,,,0.0,,,,,,,,,,,,,,,,,,,,,,,,,,,,,,,,,,,,,,,,,,,,
1992-07-03 08:00:00,1000.9,1004.2,29.8,23.8,70.0,4.0,247.5,,,0.0,0.0,1.0,,,,,,,,,7.0,,,,,,,,,,,,,,,,,,,,,,,,15.0,,,,,,,,,
1992-07-03 09:00:00,1001.0,1004.3,30.9,24.2,68.0,4.9,270.0,,,0.0,0.0,1.0,,,,,,,,,7.0,,,,,,,,,,,,,,,,,,,,,,,,20.0,,,,,,,,,
1992-07-03 10:00:00,,,,,,,,,,0.0,,,,,,,,,,,,,,,,,,,,,,,,,,,,,,,,,,,,,,,,,,,,
1992-07-03 11:00:00,1001.1,1004.4,31.3,24.5,67.0,7.7,270.0,,,0.0,0.0,0.8,,,,,,,,,8.0,,,,,,,,,,,,,,,,,,,,,,,,20.0,,,,,,,,,
1992-07-03 12:00:00,,,,,,,,,,0.0,,,,,,,,,,,,,,,,,,,,,,,,,,,,,,,,,,,,,,,,,,,,
1992-07-03 13:00:00,,,,,,,,,,0.0,,,,,,,,,,,,,,,,,,,,,,,,,,,,,,,,,,,,,,,,,,,,
1992-07-03 14:00:00,1000.1,1003.4,30.6,24.4,70.0,9.8,270.0,,,0.0,0.0,1.0,,33.7,32.6,30.7,29.3,,,,9.0,,,,,,,,,,,,,,,,,,,,,28.6,,,20.0,,,,,,,,,
1992-07-03 15:00:00,,,,,,,,,,0.0,,,,,,,,,,,,,,,,,,,,,,,,,,,,,,,,,,,,,,,,,,,,
1992-07-03 16:00:00,,,,,,,,,,0.0,,,,,,,,,,,,,,,,,,,,,,,,,,,,,,,,,,,,,,,,,,,,
1992-07-03 17:00:00,999.2,1002.5,31.0,24.6,69.0,5.1,247.5,,,0.0,0.0,0.9,,,,,,,,,6.0,,,,,,,,,,,,,,,,,,,,,,,,18.0,,,,,,,,,
1992-07-03 18:00:00,,,,,,,,,,0.0,,,,,,,,,,,,,,,,,,,,,,,,,,,,,,,,,,,,,,,,,,,,
1992-07-03 19:00:00,,,,,,,,,,0.0,,,,,,,,,,,,,,,,,,,,,,,,,,,,,,,,,,,,,,,,,,,,
1992-07-03 20:00:00,999.5,1002.8,29.9,23.1,67.0,2.4,247.5,,,0.0,0.0,,,,,,,,,,6.0,,,,,,,,,,,,,,,,,,,,,,,,12.0,,,,,,,,,
1992-07-03 21:00:00,1000.1,1003.4,29.0,23.9,74.0,3.5,270.0,,,0.0,0.0,,,29.3,29.6,29.8,29.7,,,,8.0,,,,,,,,,,,,,,,,,,,,,29.1,,,12.0,,,,,,,,,
1992-07-03 22:00:00,,,,,,,,,,0.0,,,,,,,,,,,,,,,,,,,,,,,,,,,,,,,,,,,,,,,,,,,,
1992-07-03 23:00:00,1000.7,1004.0,27.2,23.1,78.0,0.7,112.5,,,0.0,0.0,,,,,,,,,,7.0,,,,,,,,,,,,,,,,,,,,,,,,12.0,,,,,,,,,
1992-07-04 00:00:00,,,,,,,,,,0.0,,,,,,,,,,,,,,,,,,,,,,,,,,,,,,,,,,,,,,,,,,,,
1992-07-04 01:00:00,,,,,,,,,,0.0,,,,,,,,,,,,,,,,,,,,,,,,,,,,,,,,,,,,,,,,,,,,
1992-07-04 02:00:00,1000.3,1003.6,27.7,23.0,76.0,2.8,202.5,,,0.0,0.0,,,,,,,,,,4.0,,,,,,,,,,,,,,,,,,,,,,,,12.0,,,,,,,,,
1992-07-04 03:00:00,,,,,,,,,,0.0,,,,,,,,,,,,,,,,,,,,,,,,,,,,,,,,,,,,,,,,,,,,
1992-07-04 04:00:00,,,,,,,,,,0.0,,,,,,,,,,,,,,,,,,,,,,,,,,,,,,,,,,,,,,,,,,,,
1992-07-04 05:00:00,999.9,1003.2,27.7,23.2,77.0,3.1,202.5,,,0.0,0.0,,,27.8,27.8,28.5,28.8,,,,9.0,,,,,,,,,,,,,,,,,,,,,28.8,,,15.0,,,,,,,,,
1992-07-04 06:00:00,,,,,,,,,,0.0,,,,,,,,,,,,,,,,,,,,,,,,,,,,,,,,,,,,,,,,,,,,
1992-07-04 07:00:00,,,,,,,,,,0.0,,,,,,,,,,,,,,,,,,,,,,,,,,,,,,,,,,,,,,,,,,,,
1992-07-04 08:00:00,1001.0,1004.3,29.5,23.5,70.0,3.0,202.5,,,0.0,0.0,0.7,,,,,,,,,10.0,,,,,,,,,,,,,,,,,,,,,,,,20.0,,,,,,,,,
1992-07-04 09:00:00,1001.2,1004.5,30.8,24.4,69.0,4.8,247.5,,,0.0,0.0,0.7,,,,,,,,,10.0,,,,,,,,,,,,,,,,,,,,,,,,20.0,,,,,,,,,
1992-07-04 10:00:00,,,,,,,,,,0.0,,,,,,,,,,,,,,,,,,,,,,,,,,,,,,,,,,,,,,,,,,,,
1992-07-04 11:00:00,1001.6,1004.9,29.1,23.1,70.0,5.5,225.0,,,0.0,0.0,0.5,,,,,,,,,10.0,,,,,,,,,,,,,,,,,,,,,,,,20.0,,,,,,,,,
1992-07-04 12:00:00,,,,,,,,,,0.0,,,,,,,,,,,,,,,,,,,,,,,,,,,,,,,,,,,,,,,,,,,,
1992-07-04 13:00:00,,,,,,,,,,0.0,,,,,,,,,,,,,,,,,,,,,,,,,,,,,,,,,,,,,,,,,,,,
1992-07-04 14:00:00,1000.8,1004.1,29.1,22.7,68.0,5.6,202.5,,,0.0,0.0,0.0,,30.6,30.1,29.8,29.2,,,,9.0,,,,,,,,,,,,,,,,,,,,,28.8,,,15.0,,,,,,,,,
1992-07-04 15:00:00,,,,,,,,,,0.0,,,,,,,,,,,,,,,,,,,,,,,,,,,,,,,,,,,,,,,,,,,,
1992-07-04 16:00:00,,,,,,,,,,0.0,,,,,,,,,,,,,,,,,,,,,,,,,,,,,,,,,,,,,,,,,,,,
1992-07-04 17:00:00,999.6,1002.9,31.0,22.5,61.0,5.5,225.0,,,0.0,0.0,0.3,,,,,,,,,9.0,,,,,,,,,,,,,,,,,,,,,,,,18.0,,,,,,,,,
1992-07-04 18:00:00,,,,,,,,,,0.0,,,,,,,,,,,,,,,,,,,,,,,,,,,,,,,,,,,,,,,,,,,,
1992-07-04 19:00:00,,,,,,,,,,0.0,,,,,,,,,,,,,,,,,,,,,,,,,,,,,,,,,,,,,,,,,,,,
1992-07-04 20:00:00,1000.7,1004.0,29.1,21.3,63.0,3.6,225.0,,,0.0,0.0,,,,,,,,,,9.0,,,,,,,,,,,,,,,,,,,,,,,,12.0,,,,,,,,,
1992-07-04 21:00:00,1000.6,1003.9,29.4,21.0,61.0,5.3,247.5,,,0.0,0.0,,,28.3,28.6,29.0,29.1,,,,9.0,,,,,,,,,,,,,,,,,,,,,28.8,,,12.0,,,,,,,,,
1992-07-04 22:00:00,,,,,,,,,,0.0,,,,,,,,,,,,,,,,,,,,,,,,,,,,,,,,,,,,,,,,,,,,
1992-07-04 23:00:00,1000.9,1004.2,29.4,20.9,60.0,5.8,247.5,,,0.0,0.0,,,,,,,,,,9.0,,,,,,,,,,,,,,,,,,,,,,,,12.0,,,,,,,,,
1992-07-05 00:00:00,,,,,,,,,,0.0,,,,,,,,,,,,,,,,,,,,,,,,,,,,,,,,,,,,,,,,,,,,
1992-07-05 01:00:00,,,,,,,,,,0.0,,,,,,,,,,,,,,,,,,,,,,,,,,,,,,,,,,,,,,,,,,,,
1992-07-05 02:00:00,1001.8,1005.1,27.5,22.1,72.0,8.4,247.5,,,0.0,0.0,,,,,,,,,,9.0,,,,,,,,,,,,,,,,,,,,,,,,12.0,,,,,,,,,
1992-07-05 03:00:00,,,,,,,,,,0.0,,,,,,,,,,,,,,,,,,,,,,,,,,,,,,,,,,,,,,,,,,,,
1992-07-05 04:00:00,,,,,,,,,,0.0,,,,,,,,,,,,,,,,,,,,,,,,,,,,,,,,,,,,,,,,,,,,
1992-07-05 05:00:00,1000.7,1004.0,28.6,19.1,56.0,3.2,225.0,,,0.0,0.0,,,27.1,27.1,28.2,28.4,,,,6.0,,,,,,,,,,,,,,,,,,,,,28.3,,,20.0,,,,,,,,,
1992-07-05 06:00:00,,,,,,,,,,0.0,,,,,,,,,,,,,,,,,,,,,,,,,,,,,,,,,,,,,,,,,,,,
1992-07-05 07:00:00,,,,,,,,,,0.0,,,,,,,,,,,,,,,,,,,,,,,,,,,,,,,,,,,,,,,,,,,,
1992-07-05 08:00:00,1002.3,1005.6,29.0,21.2,63.0,4.3,247.5,,,0.0,0.0,0.1,,,,,,,,,9.0,,,,,,,,,,,,,,,,,,,,,,,,20.0,,,,,,,,,
1992-07-05 09:00:00,1002.5,1005.8,29.3,22.1,65.0,3.7,247.5,,,0.0,0.0,0.1,,,,,,,,,9.0,,,,,,,,,,,,,,,,,,,,,,,,20.0,,,,,,,,,
1992-07-05 10:00:00,,,,,,,,,,0.0,,,,,,,,,,,,,,,,,,,,,,,,,,,,,,,,,,,,,,,,,,,,
1992-07-05 11:00:00,1003.3,1006.6,28.8,22.4,68.0,6.0,247.5,,,0.1,0.1,0.1,,,,,,,,,10.0,,,,,,,,,,,,,,,,,,,,,,,,12.0,,,,,,,,,
1992-07-05 12:00:00,,,,,,,,,,-9.8,,,,,,,,,,,,,,,,,,,,,,,,,,,,,,,,,,,,,,,,,,,,
1992-07-05 13:00:00,,,,,,,,,,0.0,,,,,,,,,,,,,,,,,,,,,,,,,,,,,,,,,,,,,,,,,,,,
1992-07-05 14:00:00,1002.3,1005.6,29.1,23.4,71.0,4.0,225.0,,,0.0,0.0,0.0,,29.3,29.2,28.9,28.5,,,,10.0,,,,,,,,,,,,,,,,,,,,,28.3,,,12.0,,,,,,,,,
1992-07-05 15:00:00,,,,,,,,,,0.0,,,,,,,,,,,,,,,,,,,,,,,,,,,,,,,,,,,,,,,,,,,,
1992-07-05 16:00:00,,,,,,,,,,0.0,,,,,,,,,,,,,,,,,,,,,,,,,,,,,,,,,,,,,,,,,,,,
1992-07-05 17:00:00,1001.4,1004.7,29.3,23.1,69.0,5.9,225.0,,,0.0,0.0,0.0,,,,,,,,,10.0,,,,,,,,,,,,,,,,,,,,,,,,12.0,,,,,,,,,
1992-07-05 18:00:00,,,,,,,,,,0.0,,,,,,,,,,,,,,,,,,,,,,,,,,,,,,,,,,,,,,,,,,,,
1992-07-05 19:00:00,,,,,,,,,,0.0,,,,,,,,,,,,,,,,,,,,,,,,,,,,,,,,,,,,,,,,,,,,
1992-07-05 20:00:00,1001.2,1004.5,28.8,22.7,70.0,5.4,247.5,,,0.0,0.0,,,,,,,,,,10.0,,,,,,,,,,,,,,,,,,,,,,,,15.0,,,,,,,,,
1992-07-05 21:00:00,1000.9,1004.2,28.9,22.7,69.0,5.8,225.0,,,0.0,0.0,,,28.0,28.1,28.6,28.6,,,,10.0,,,,,,,,,,,,,,,,,,,,,28.3,,,15.0,,,,,,,,,
1992-07-05 22:00:00,,,,,,,,,,0.0,,,,,,,,,,,,,,,,,,,,,,,,,,,,,,,,,,,,,,,,,,,,
1992-07-05 23:00:00,1001.3,1004.6,28.7,22.7,70.0,5.9,247.5,,,0.0,0.0,,,,,,,,,,10.0,,,,,,,,,,,,,,,,,,,,,,,,15.0,,,,,,,,,
1992-07-06 00:00:00,,,,,,,,,,0.0,,,,,,,,,,,,,,,,,,,,,,,,,,,,,,,,,,,,,,,,,,,,
1992-07-06 01:00:00,,,,,,,,,,0.0,,,,,,,,,,,,,,,,,,,,,,,,,,,,,,,,,,,,,,,,,,,,
1992-07-06 02:00:00,1000.4,1003.7,28.4,22.8,72.0,5.7,247.5,,,0.0,0.0,,,,,,,,,,10.0,,,,,,,,,,,,,,,,,,,,,,,,15.0,,,,,,,,,
1992-07-06 03:00:00,,,,,,,,,,0.0,,,,,,,,,,,,,,,,,,,,,,,,,,,,,,,,,,,,,,,,,,,,
1992-07-06 04:00:00,,,,,,,,,,0.0,,,,,,,,,,,,,,,,,,,,,,,,,,,,,,,,,,,,,,,,,,,,
1992-07-06 05:00:00,999.8,1003.1,27.9,23.3,76.0,5.7,247.5,,,0.0,0.0,,,27.3,27.4,27.8,28.1,,,,9.0,,,,,,,,,,,,,,,,,,,,,28.1,,,15.0,,,,,,,,,
1992-07-06 06:00:00,,,,,,,,,,0.0,,,,,,,,,,,,,,,,,,,,,,,,,,,,,,,,,,,,,,,,,,,,
1992-07-06 07:00:00,,,,,,,,,,0.0,,,,,,,,,,,,,,,,,,,,,,,,,,,,,,,,,,,,,,,,,,,,
1992-07-06 08:00:00,1000.5,1003.8,29.3,23.8,72.0,6.1,247.5,,,0.0,0.0,0.0,,,,,,,,,9.0,,,,,,,,,,,,,,,,,,,,,,,,15.0,,,,,,,,,
1992-07-06 09:00:00,1000.4,1003.7,29.7,23.8,71.0,6.3,225.0,,,0.0,0.0,0.0,,,,,,,,,10.0,,,,,,,,,,,,,,,,,,,,,,,,18.0,,,,,,,,,
1992-07-06 10:00:00,,,,,,,,,,0.0,,,,,,,,,,,,,,,,,,,,,,,,,,,,,,,,,,,,,,,,,,,,
1992-07-06 11:00:00,1000.7,1004.0,29.9,23.8,70.0,7.6,247.5,,,0.0,0.0,0.4,,,,,,,,,10.0,,,,,,,,,,,,,,,,,,,,,,,,18.0,,,,,,,,,
1992-07-06 12:00:00,,,,,,,,,,0.1,,,,,,,,,,,,,,,,,,,,,,,,,,,,,,,,,,,,,,,,,,,,
1992-07-06 13:00:00,,,,,,,,,,0.1,,,,,,,,,,,,,,,,,,,,,,,,,,,,,,,,,,,,,,,,,,,,
1992-07-06 14:00:00,998.9,1002.2,29.2,23.5,71.0,5.4,225.0,,,0.0,0.0,0.0,,29.2,29.0,28.8,28.3,,,,10.0,,,,,,,,,,,,,,,,,,,,,28.1,,,18.0,,,,,,,,,
1992-07-06 15:00:00,,,,,,,,,,0.0,,,,,,,,,,,,,,,,,,,,,,,,,,,,,,,,,,,,,,,,,,,,
1992-07-06 16:00:00,,,,,,,,,,0.0,,,,,,,,,,,,,,,,,,,,,,,,,,,,,,,,,,,,,,,,,,,,
1992-07-06 17:00:00,999.4,1002.7,28.9,23.3,72.0,5.7,247.5,,,0.0,0.0,0.0,,,,,,,,,10.0,,,,,,,,,,,,,,,,,,,,,,,,15.0,,,,,,,,,
1992-07-06 18:00:00,,,,,,,,,,0.0,,,,,,,,,,,,,,,,,,,,,,,,,,,,,,,,,,,,,,,,,,,,
1992-07-06 19:00:00,,,,,,,,,,0.0,,,,,,,,,,,,,,,,,,,,,,,,,,,,,,,,,,,,,,,,,,,,
1992-07-06 20:00:00,999.5,1002.8,28.5,23.0,72.0,5.7,225.0,,,0.0,0.0,,,,,,,,,,10.0,,,,,,,,,,,,,,,,,,,,,,,,12.0,,,,,,,,,
1992-07-06 21:00:00,999.6,1002.9,28.7,22.7,70.0,5.9,225.0,,,0.0,0.0,,,27.6,27.6,28.1,28.2,,,,10.0,,,,,,,,,,,,,,,,,,,,,28.2,,,12.0,,,,,,,,,
1992-07-06 22:00:00,,,,,,,,,,0.0,,,,,,,,,,,,,,,,,,,,,,,,,,,,,,,,,,,,,,,,,,,,
1992-07-06 23:00:00,999.7,1003.0,27.9,22.9,74.0,5.6,225.0,,,0.0,0.0,,,,,,,,,,10.0,,,,,,,,,,,,,,,,,,,,,,,,12.0,,,,,,,,,
1992-07-07 00:00:00,,,,,,,,,,0.0,,,,,,,,,,,,,,,,,,,,,,,,,,,,,,,,,,,,,,,,,,,,
1992-07-07 01:00:00,,,,,,,,,,0.0,,,,,,,,,,,,,,,,,,,,,,,,,,,,,,,,,,,,,,,,,,,,
1992-07-07 02:00:00,999.1,1002.4,28.1,23.1,74.0,6.4,247.5,,,0.0,0.0,,,,,,,,,,10.0,,,,,,,,,,,,,,,,,,,,,,,,12.0,,,,,,,,,
1992-07-07 03:00:00,,,,,,,,,,2.5,,,,,,,,,,,,,,,,,,,,,,,,,,,,,,,,,,,,,,,,,,,,
1992-07-07 04:00:00,,,,,,,,,,1.2,,,,,,,,,,,,,,,,,,,,,,,,,,,,,,,,,,,,,,,,,,,,
1992-07-07 05:00:00,1000.3,1003.7,22.3,22.3,100.0,5.0,202.5,,,14.8,0.8,,,25.1,25.8,27.1,27.7,,,,10.0,,,,,,,,,,,,,,,,,,,,,27.7,,,6.0,,,,,,,,,
1992-07-07 06:00:00,,,,,,,,,,2.0,,,,,,,,,,,,,,,,,,,,,,,,,,,,,,,,,,,,,,,,,,,,
1992-07-07 07:00:00,,,,,,,,,,-9.8,,,,,,,,,,,,,,,,,,,,,,,,,,,,,,,,,,,,,,,,,,,,
1992-07-07 08:00:00,998.9,1002.2,27.8,23.5,77.0,5.1,202.5,,,0.0,0.0,0.4,,,,,,,,,8.0,,,,,,,,,,,,,,,,,,,,,,,,20.0,,,,,,,,,
1992-07-07 09:00:00,999.3,1002.6,28.6,22.3,69.0,6.4,225.0,,,0.0,0.0,0.1,,,,,,,,,9.0,,,,,,,,,,,,,,,,,,,,,,,,20.0,,,,,,,,,
1992-07-07 10:00:00,,,,,,,,,,0.0,,,,,,,,,,,,,,,,,,,,,,,,,,,,,,,,,,,,,,,,,,,,
1992-07-07 11:00:00,999.0,1002.3,30.7,23.1,64.0,6.7,247.5,,,0.0,0.0,0.2,,,,,,,,,8.0,,,,,,,,,,,,,,,,,,,,,,,,18.0,,,,,,,,,
1992-07-07 12:00:00,,,,,,,,,,0.0,,,,,,,,,,,,,,,,,,,,,,,,,,,,,,,,,,,,,,,,,,,,
1992-07-07 13:00:00,,,,,,,,,,0.0,,,,,,,,,,,,,,,,,,,,,,,,,,,,,,,,,,,,,,,,,,,,
1992-07-07 14:00:00,999.3,1002.6,26.7,22.7,79.0,6.6,270.0,,,0.3,0.3,0.0,,28.0,27.8,27.7,27.5,,,,10.0,,,,,,,,,,,,,,,,,,,,,27.3,,,12.0,,,,,,,,,
1992-07-07 15:00:00,,,,,,,,,,10.2,,,,,,,,,,,,,,,,,,,,,,,,,,,,,,,,,,,,,,,,,,,,
1992-07-07 16:00:00,,,,,,,,,,2.2,,,,,,,,,,,,,,,,,,,,,,,,,,,,,,,,,,,,,,,,,,,,
1992-07-07 17:00:00,999.9,1003.2,26.7,23.7,84.0,3.9,225.0,,,-9.8,0.2,0.0,,,,,,,,,10.0,,,,,,,,,,,,,,,,,,,,,,,,12.0,,,,,,,,,
1992-07-07 18:00:00,,,,,,,,,,0.0,,,,,,,,,,,,,,,,,,,,,,,,,,,,,,,,,,,,,,,,,,,,
1992-07-07 19:00:00,,,,,,,,,,0.0,,,,,,,,,,,,,,,,,,,,,,,,,,,,,,,,,,,,,,,,,,,,
1992-07-07 20:00:00,1001.4,1004.7,25.7,23.2,86.0,4.0,247.5,,,1.2,0.1,,,,,,,,,,10.0,,,,,,,,,,,,,,,,,,,,,,,,12.0,,,,,,,,,
1992-07-07 21:00:00,1002.9,1006.2,24.4,22.4,89.0,5.4,247.5,,,2.2,0.7,,,26.4,26.2,26.8,27.2,,,,10.0,,,,,,,,,,,,,,,,,,,,,27.3,,,12.0,,,,,,,,,
1992-07-07 22:00:00,,,,,,,,,,6.4,,,,,,,,,,,,,,,,,,,,,,,,,,,,,,,,,,,,,,,,,,,,
1992-07-07 23:00:00,1002.5,1005.8,24.3,21.9,86.0,2.3,247.5,,,1.5,0.5,,,,,,,,,,8.0,,,,,,,,,,,,,,,,,,,,,,,,12.0,,,,,,,,,
1992-07-08 00:00:00,,,,,,,,,,0.0,,,,,,,,,,,,,,,,,,,,,,,,,,,,,,,,,,,,,,,,,,,,
1992-07-08 01:00:00,,,,,,,,,,0.0,,,,,,,,,,,,,,,,,,,,,,,,,,,,,,,,,,,,,,,,,,,,
1992-07-08 02:00:00,1000.8,1004.1,23.7,22.1,91.0,1.7,157.5,,,0.0,0.0,,,,,,,,,,8.0,,,,,,,,,,,,,,,,,,,,,,,,12.0,,,,,,,,,
1992-07-08 03:00:00,,,,,,,,,,0.5,,,,,,,,,,,,,,,,,,,,,,,,,,,,,,,,,,,,,,,,,,,,
1992-07-08 04:00:00,,,,,,,,,,1.9,,,,,,,,,,,,,,,,,,,,,,,,,,,,,,,,,,,,,,,,,,,,
1992-07-08 05:00:00,1002.4,1005.7,23.2,21.2,89.0,2.7,202.5,,,1.6,1.0,,,25.6,25.3,26.1,26.7,,,,10.0,,,,,,,,,,,,,,,,,,,,,26.9,,,12.0,,,,,,,,,
1992-07-08 06:00:00,,,,,,,,,,2.4,,,,,,,,,,,,,,,,,,,,,,,,,,,,,,,,,,,,,,,,,,,,
1992-07-08 07:00:00,,,,,,,,,,-9.8,,,,,,,,,,,,,,,,,,,,,,,,,,,,,,,,,,,,,,,,,,,,
1992-07-08 08:00:00,1003.7,1007.0,24.6,22.8,90.0,1.5,135.0,,,0.0,0.0,0.0,,,,,,,,,10.0,,,,,,,,,,,,,,,,,,,,,,,,15.0,,,,,,,,,
1992-07-08 09:00:00,1003.8,1007.1,25.9,23.2,85.0,1.8,135.0,,,0.0,0.0,0.0,,,,,,,,,8.0,,,,,,,,,,,,,,,,,,,,,,,,18.0,,,,,,,,,
1992-07-08 10:00:00,,,,,,,,,,0.0,,,,,,,,,,,,,,,,,,,,,,,,,,,,,,,,,,,,,,,,,,,,
1992-07-08 11:00:00,1003.2,1006.5,31.3,23.8,64.0,1.9,135.0,,,0.0,0.0,0.9,,,,,,,,,7.0,,,,,,,,,,,,,,,,,,,,,,,,18.0,,,,,,,,,
1992-07-08 12:00:00,,,,,,,,,,0.0,,,,,,,,,,,,,,,,,,,,,,,,,,,,,,,,,,,,,,,,,,,,
1992-07-08 13:00:00,,,,,,,,,,0.0,,,,,,,,,,,,,,,,,,,,,,,,,,,,,,,,,,,,,,,,,,,,
1992-07-08 14:00:00,1002.6,1005.8,32.2,23.9,62.0,3.7,247.5,,,0.0,0.0,0.8,,32.1,30.7,28.7,27.5,,,,9.0,,,,,,,,,,,,,,,,,,,,,27.1,,,18.0,,,,,,,,,
1992-07-08 15:00:00,,,,,,,,,,0.0,,,,,,,,,,,,,,,,,,,,,,,,,,,,,,,,,,,,,,,,,,,,
1992-07-08 16:00:00,,,,,,,,,,0.0,,,,,,,,,,,,,,,,,,,,,,,,,,,,,,,,,,,,,,,,,,,,
1992-07-08 17:00:00,1003.9,1007.2,26.6,23.2,82.0,6.6,270.0,,,0.0,0.0,0.0,,,,,,,,,9.0,,,,,,,,,,,,,,,,,,,,,,,,15.0,,,,,,,,,
1992-07-08 18:00:00,,,,,,,,,,1.1,,,,,,,,,,,,,,,,,,,,,,,,,,,,,,,,,,,,,,,,,,,,
1992-07-08 19:00:00,,,,,,,,,,0.6,,,,,,,,,,,,,,,,,,,,,,,,,,,,,,,,,,,,,,,,,,,,
1992-07-08 20:00:00,1006.0,1009.3,26.5,22.5,79.0,3.0,202.5,,,0.0,0.0,,,,,,,,,,7.0,,,,,,,,,,,,,,,,,,,,,,,,10.0,,,,,,,,,
1992-07-08 21:00:00,1006.2,1009.5,25.7,22.5,83.0,1.3,157.5,,,0.0,0.0,,,27.5,27.4,27.8,27.8,,,,4.0,,,,,,,,,,,,,,,,,,,,,27.6,,,12.0,,,,,,,,,
1992-07-08 22:00:00,,,,,,,,,,0.0,,,,,,,,,,,,,,,,,,,,,,,,,,,,,,,,,,,,,,,,,,,,
1992-07-08 23:00:00,1006.8,1010.1,25.0,22.0,83.0,0.9,112.5,,,0.0,0.0,,,,,,,,,,6.0,,,,,,,,,,,,,,,,,,,,,,,,12.0,,,,,,,,,
1992-07-09 00:00:00,,,,,,,,,,0.0,,,,,,,,,,,,,,,,,,,,,,,,,,,,,,,,,,,,,,,,,,,,
1992-07-09 01:00:00,,,,,,,,,,0.0,,,,,,,,,,,,,,,,,,,,,,,,,,,,,,,,,,,,,,,,,,,,
1992-07-09 02:00:00,1006.1,1009.4,24.7,21.8,84.0,1.8,135.0,,,0.0,0.0,,,,,,,,,,7.0,,,,,,,,,,,,,,,,,,,,,,,,12.0,,,,,,,,,
1992-07-09 03:00:00,,,,,,,,,,0.0,,,,,,,,,,,,,,,,,,,,,,,,,,,,,,,,,,,,,,,,,,,,
1992-07-09 04:00:00,,,,,,,,,,0.0,,,,,,,,,,,,,,,,,,,,,,,,,,,,,,,,,,,,,,,,,,,,
1992-07-09 05:00:00,1006.9,1010.3,24.2,22.1,88.0,1.5,135.0,,,0.0,0.0,,,26.3,26.3,26.9,27.2,,,,7.0,,,,,,,,,,,,,,,,,,,,,27.3,,,15.0,,,,,,,,,
1992-07-09 06:00:00,,,,,,,,,,0.0,,,,,,,,,,,,,,,,,,,,,,,,,,,,,,,,,,,,,,,,,,,,
1992-07-09 07:00:00,,,,,,,,,,0.0,,,,,,,,,,,,,,,,,,,,,,,,,,,,,,,,,,,,,,,,,,,,
1992-07-09 08:00:00,1008.7,1012.0,29.5,21.9,64.0,1.9,225.0,,,0.0,0.0,0.5,,,,,,,,,10.0,,,,,,,,,,,,,,,,,,,,,,,,18.0,,,,,,,,,
1992-07-09 09:00:00,1008.6,1011.9,30.1,21.7,61.0,4.2,247.5,,,0.0,0.0,0.3,,,,,,,,,10.0,,,,,,,,,,,,,,,,,,,,,,,,20.0,,,,,,,,,
1992-07-09 10:00:00,,,,,,,,,,0.0,,,,,,,,,,,,,,,,,,,,,,,,,,,,,,,,,,,,,,,,,,,,
1992-07-09 11:00:00,1007.9,1011.2,31.2,22.6,60.0,3.6,247.5,,,0.0,0.0,1.0,,,,,,,,,10.0,,,,,,,,,,,,,,,,,,,,,,,,20.0,,,,,,,,,
1992-07-09 12:00:00,,,,,,,,,,0.0,,,,,,,,,,,,,,,,,,,,,,,,,,,,,,,,,,,,,,,,,,,,
1992-07-09 13:00:00,,,,,,,,,,0.0,,,,,,,,,,,,,,,,,,,,,,,,,,,,,,,,,,,,,,,,,,,,
1992-07-09 14:00:00,1007.2,1010.5,30.8,22.8,62.0,2.9,270.0,,,0.0,0.0,1.0,,32.9,31.3,29.1,28.0,,,,9.0,,,,,,,,,,,,,,,,,,,,,27.5,,,20.0,,,,,,,,,
1992-07-09 15:00:00,,,,,,,,,,0.0,,,,,,,,,,,,,,,,,,,,,,,,,,,,,,,,,,,,,,,,,,,,
1992-07-09 16:00:00,,,,,,,,,,0.0,,,,,,,,,,,,,,,,,,,,,,,,,,,,,,,,,,,,,,,,,,,,
1992-07-09 17:00:00,1007.9,1011.2,28.5,23.1,73.0,1.9,292.5,,,0.0,0.0,0.0,,,,,,,,,10.0,,,,,,,,,,,,,,,,,,,,,,,,18.0,,,,,,,,,
1992-07-09 18:00:00,,,,,,,,,,0.0,,,,,,,,,,,,,,,,,,,,,,,,,,,,,,,,,,,,,,,,,,,,
1992-07-09 19:00:00,,,,,,,,,,0.0,,,,,,,,,,,,,,,,,,,,,,,,,,,,,,,,,,,,,,,,,,,,
1992-07-09 20:00:00,1008.9,1012.2,27.3,23.4,79.0,0.4,112.5,,,0.0,0.0,,,,,,,,,,8.0,,,,,,,,,,,,,,,,,,,,,,,,12.0,,,,,,,,,
1992-07-09 21:00:00,1009.4,1012.7,26.4,23.6,85.0,0.1,0.0,,,0.0,0.0,,,28.8,29.0,28.9,28.7,,,,10.0,,,,,,,,,,,,,,,,,,,,,28.0,,,12.0,,,,,,,,,
1992-07-09 22:00:00,,,,,,,,,,0.0,,,,,,,,,,,,,,,,,,,,,,,,,,,,,,,,,,,,,,,,,,,,
1992-07-09 23:00:00,1010.1,1013.4,26.0,23.3,85.0,1.3,135.0,,,0.0,0.0,,,,,,,,,,9.0,,,,,,,,,,,,,,,,,,,,,,,,10.0,,,,,,,,,
1992-07-10 00:00:00,,,,,,,,,,0.0,,,,,,,,,,,,,,,,,,,,,,,,,,,,,,,,,,,,,,,,,,,,
1992-07-10 01:00:00,,,,,,,,,,0.0,,,,,,,,,,,,,,,,,,,,,,,,,,,,,,,,,,,,,,,,,,,,
1992-07-10 02:00:00,1009.4,1012.8,25.0,22.5,86.0,2.5,112.5,,,0.0,0.0,,,,,,,,,,10.0,,,,,,,,,,,,,,,,,,,,,,,,10.0,,,,,,,,,
1992-07-10 03:00:00,,,,,,,,,,0.0,,,,,,,,,,,,,,,,,,,,,,,,,,,,,,,,,,,,,,,,,,,,
1992-07-10 04:00:00,,,,,,,,,,0.0,,,,,,,,,,,,,,,,,,,,,,,,,,,,,,,,,,,,,,,,,,,,
1992-07-10 05:00:00,1009.6,1013.0,24.6,22.3,87.0,0.8,112.5,,,0.0,0.0,,,26.4,27.1,27.8,28.0,,,,8.0,,,,,,,,,,,,,,,,,,,,,28.0,,,12.0,,,,,,,,,
1992-07-10 06:00:00,,,,,,,,,,0.0,,,,,,,,,,,,,,,,,,,,,,,,,,,,,,,,,,,,,,,,,,,,
1992-07-10 07:00:00,,,,,,,,,,0.0,,,,,,,,,,,,,,,,,,,,,,,,,,,,,,,,,,,,,,,,,,,,
1992-07-10 08:00:00,1010.8,1014.1,28.4,23.8,76.0,0.0,0.0,,,0.0,0.0,1.0,,,,,,,,,6.0,,,,,,,,,,,,,,,,,,,,,,,,8.0,,,,,,,,,
1992-07-10 09:00:00,1011.0,1014.3,28.6,23.6,74.0,1.8,270.0,,,0.0,0.0,0.6,,,,,,,,,7.0,,,,,,,,,,,,,,,,,,,,,,,,8.0,,,,,,,,,
1992-07-10 10:00:00,,,,,,,,,,0.0,,,,,,,,,,,,,,,,,,,,,,,,,,,,,,,,,,,,,,,,,,,,
1992-07-10 11:00:00,1010.4,1013.7,30.3,24.3,70.0,2.8,270.0,,,0.0,0.0,0.8,,,,,,,,,6.0,,,,,,,,,,,,,,,,,,,,,,,,8.0,,,,,,,,,
1992-07-10 12:00:00,,,,,,,,,,0.0,,,,,,,,,,,,,,,,,,,,,,,,,,,,,,,,,,,,,,,,,,,,
1992-07-10 13:00:00,,,,,,,,,,0.0,,,,,,,,,,,,,,,,,,,,,,,,,,,,,,,,,,,,,,,,,,,,
1992-07-10 14:00:00,1009.2,1012.5,30.7,24.7,70.0,3.7,292.5,,,0.0,0.0,1.0,,33.9,32.3,30.2,29.8,,,,3.0,,,,,,,,,,,,,,,,,,,,,28.2,,,12.0,,,,,,,,,
1992-07-10 15:00:00,,,,,,,,,,0.0,,,,,,,,,,,,,,,,,,,,,,,,,,,,,,,,,,,,,,,,,,,,
1992-07-10 16:00:00,,,,,,,,,,0.0,,,,,,,,,,,,,,,,,,,,,,,,,,,,,,,,,,,,,,,,,,,,
1992-07-10 17:00:00,1009.3,1012.6,29.0,23.2,71.0,2.0,315.0,,,0.0,0.0,0.2,,,,,,,,,9.0,,,,,,,,,,,,,,,,,,,,,,,,12.0,,,,,,,,,
1992-07-10 18:00:00,,,,,,,,,,0.0,,,,,,,,,,,,,,,,,,,,,,,,,,,,,,,,,,,,,,,,,,,,
1992-07-10 19:00:00,,,,,,,,,,0.0,,,,,,,,,,,,,,,,,,,,,,,,,,,,,,,,,,,,,,,,,,,,
1992-07-10 20:00:00,1010.2,1013.5,26.5,22.0,76.0,1.9,112.5,,,0.0,0.0,,,,,,,,,,4.0,,,,,,,,,,,,,,,,,,,,,,,,10.0,,,,,,,,,
1992-07-10 21:00:00,1010.6,1013.9,25.8,22.5,82.0,1.3,157.5,,,0.0,0.0,,,29.2,29.5,29.6,29.4,,,,0.0,,,,,,,,,,,,,,,,,,,,,28.6,,,10.0,,,,,,,,,
1992-07-10 22:00:00,,,,,,,,,,0.0,,,,,,,,,,,,,,,,,,,,,,,,,,,,,,,,,,,,,,,,,,,,
1992-07-10 23:00:00,1010.9,1014.3,25.3,22.6,85.0,1.9,112.5,,,0.0,0.0,,,,,,,,,,0.0,,,,,,,,,,,,,,,,,,,,,,,,10.0,,,,,,,,,
1992-07-11 00:00:00,,,,,,,,,,0.0,,,,,,,,,,,,,,,,,,,,,,,,,,,,,,,,,,,,,,,,,,,,
1992-07-11 01:00:00,,,,,,,,,,0.0,,,,,,,,,,,,,,,,,,,,,,,,,,,,,,,,,,,,,,,,,,,,
1992-07-11 02:00:00,1010.2,1013.6,24.2,22.1,88.0,1.2,90.0,,,0.0,0.0,,,,,,,,,,0.0,,,,,,,,,,,,,,,,,,,,,,,,10.0,,,,,,,,,
1992-07-11 03:00:00,,,,,,,,,,0.0,,,,,,,,,,,,,,,,,,,,,,,,,,,,,,,,,,,,,,,,,,,,
1992-07-11 04:00:00,,,,,,,,,,0.0,,,,,,,,,,,,,,,,,,,,,,,,,,,,,,,,,,,,,,,,,,,,
1992-07-11 05:00:00,1010.2,1013.6,23.3,21.3,89.0,1.7,112.5,,,0.0,0.0,,,28.1,27.8,28.0,28.5,,,,0.0,,,,,,,,,,,,,,,,,,,,,28.4,,,10.0,,,,,,,,,
1992-07-11 06:00:00,,,,,,,,,,0.0,,,,,,,,,,,,,,,,,,,,,,,,,,,,,,,,,,,,,,,,,,,,
1992-07-11 07:00:00,,,,,,,,,,0.0,,,,,,,,,,,,,,,,,,,,,,,,,,,,,,,,,,,,,,,,,,,,
1992-07-11 08:00:00,1010.8,1014.1,27.4,22.4,74.0,1.9,157.5,,,0.0,0.0,1.0,,,,,,,,,0.0,,,,,,,,,,,,,,,,,,,,,,,,10.0,,,,,,,,,
1992-07-11 09:00:00,1010.5,1013.8,29.4,23.8,72.0,1.1,22.5,,,0.0,0.0,1.0,,,,,,,,,2.0,,,,,,,,,,,,,,,,,,,,,,,,12.0,,,,,,,,,
1992-07-11 10:00:00,,,,,,,,,,0.0,,,,,,,,,,,,,,,,,,,,,,,,,,,,,,,,,,,,,,,,,,,,
1992-07-11 11:00:00,1009.6,1012.9,30.7,24.5,70.0,2.9,22.5,,,0.0,0.0,1.0,,,,,,,,,6.0,,,,,,,,,,,,,,,,,,,,,,,,12.0,,,,,,,,,
1992-07-11 12:00:00,,,,,,,,,,0.0,,,,,,,,,,,,,,,,,,,,,,,,,,,,,,,,,,,,,,,,,,,,
1992-07-11 13:00:00,,,,,,,,,,0.0,,,,,,,,,,,,,,,,,,,,,,,,,,,,,,,,,,,,,,,,,,,,
1992-07-11 14:00:00,1008.8,1012.1,30.9,24.4,68.0,3.8,360.0,,,0.0,0.0,1.0,,34.3,32.8,30.8,29.3,,,,9.0,,,,,,,,,,,,,,,,,,,,,28.6,,,12.0,,,,,,,,,
1992-07-11 15:00:00,,,,,,,,,,0.0,,,,,,,,,,,,,,,,,,,,,,,,,,,,,,,,,,,,,,,,,,,,
1992-07-11 16:00:00,,,,,,,,,,0.0,,,,,,,,,,,,,,,,,,,,,,,,,,,,,,,,,,,,,,,,,,,,
1992-07-11 17:00:00,1008.3,1011.6,29.0,24.4,76.0,3.0,360.0,,,0.0,0.0,0.7,,,,,,,,,9.0,,,,,,,,,,,,,,,,,,,,,,,,12.0,,,,,,,,,
1992-07-11 18:00:00,,,,,,,,,,0.0,,,,,,,,,,,,,,,,,,,,,,,,,,,,,,,,,,,,,,,,,,,,
1992-07-11 19:00:00,,,,,,,,,,0.0,,,,,,,,,,,,,,,,,,,,,,,,,,,,,,,,,,,,,,,,,,,,
1992-07-11 20:00:00,1009.3,1012.6,27.1,24.0,83.0,1.4,67.5,,,0.0,0.0,,,,,,,,,,8.0,,,,,,,,,,,,,,,,,,,,,,,,12.0,,,,,,,,,
1992-07-11 21:00:00,1009.8,1013.1,27.0,23.9,83.0,0.0,0.0,,,0.0,0.0,,,30.1,30.1,30.1,30.0,,,,2.0,,,,,,,,,,,,,,,,,,,,,29.0,,,12.0,,,,,,,,,
1992-07-11 22:00:00,,,,,,,,,,0.0,,,,,,,,,,,,,,,,,,,,,,,,,,,,,,,,,,,,,,,,,,,,
1992-07-11 23:00:00,1009.5,1012.8,25.6,23.7,89.0,1.7,112.5,,,0.0,0.0,,,,,,,,,,2.0,,,,,,,,,,,,,,,,,,,,,,,,12.0,,,,,,,,,
1992-07-12 00:00:00,,,,,,,,,,0.0,,,,,,,,,,,,,,,,,,,,,,,,,,,,,,,,,,,,,,,,,,,,
1992-07-12 01:00:00,,,,,,,,,,0.0,,,,,,,,,,,,,,,,,,,,,,,,,,,,,,,,,,,,,,,,,,,,
1992-07-12 02:00:00,1007.5,1010.9,24.3,21.8,86.0,0.8,157.5,,,0.0,0.0,,,,,,,,,,6.0,,,,,,,,,,,,,,,,,,,,,,,,12.0,,,,,,,,,
1992-07-12 03:00:00,,,,,,,,,,0.0,,,,,,,,,,,,,,,,,,,,,,,,,,,,,,,,,,,,,,,,,,,,
1992-07-12 04:00:00,,,,,,,,,,0.0,,,,,,,,,,,,,,,,,,,,,,,,,,,,,,,,,,,,,,,,,,,,
1992-07-12 05:00:00,1007.8,1011.2,23.6,20.8,84.0,1.9,112.5,,,0.0,0.0,,,27.4,27.6,28.3,29.0,,,,10.0,,,,,,,,,,,,,,,,,,,,,28.8,,,8.0,,,,,,,,,
1992-07-12 06:00:00,,,,,,,,,,0.0,,,,,,,,,,,,,,,,,,,,,,,,,,,,,,,,,,,,,,,,,,,,
1992-07-12 07:00:00,,,,,,,,,,0.0,,,,,,,,,,,,,,,,,,,,,,,,,,,,,,,,,,,,,,,,,,,,
1992-07-12 08:00:00,1010.3,1013.6,26.4,22.3,78.0,1.8,135.0,,,0.0,0.0,0.2,,,,,,,,,10.0,,,,,,,,,,,,,,,,,,,,,,,,8.0,,,,,,,,,
1992-07-12 09:00:00,1010.7,1014.0,27.4,23.3,78.0,1.8,112.5,,,0.0,0.0,0.5,,,,,,,,,5.0,,,,,,,,,,,,,,,,,,,,,,,,12.0,,,,,,,,,
1992-07-12 10:00:00,,,,,,,,,,0.0,,,,,,,,,,,,,,,,,,,,,,,,,,,,,,,,,,,,,,,,,,,,
1992-07-12 11:00:00,1010.0,1013.3,30.6,25.1,73.0,2.8,270.0,,,0.0,0.0,0.8,,,,,,,,,6.0,,,,,,,,,,,,,,,,,,,,,,,,12.0,,,,,,,,,
1992-07-12 12:00:00,,,,,,,,,,0.0,,,,,,,,,,,,,,,,,,,,,,,,,,,,,,,,,,,,,,,,,,,,
1992-07-12 13:00:00,,,,,,,,,,0.0,,,,,,,,,,,,,,,,,,,,,,,,,,,,,,,,,,,,,,,,,,,,
1992-07-12 14:00:00,1009.5,1012.8,29.8,24.9,75.0,2.8,270.0,,,0.0,0.0,0.6,,32.2,31.3,30.1,29.2,,,,7.0,,,,,,,,,,,,,,,,,,,,,28.8,,,12.0,,,,,,,,,
1992-07-12 15:00:00,,,,,,,,,,0.0,,,,,,,,,,,,,,,,,,,,,,,,,,,,,,,,,,,,,,,,,,,,
1992-07-12 16:00:00,,,,,,,,,,0.0,,,,,,,,,,,,,,,,,,,,,,,,,,,,,,,,,,,,,,,,,,,,
1992-07-12 17:00:00,1009.0,1012.3,28.5,24.4,79.0,2.7,292.5,,,0.0,0.0,0.0,,,,,,,,,10.0,,,,,,,,,,,,,,,,,,,,,,,,12.0,,,,,,,,,
1992-07-12 18:00:00,,,,,,,,,,0.0,,,,,,,,,,,,,,,,,,,,,,,,,,,,,,,,,,,,,,,,,,,,
1992-07-12 19:00:00,,,,,,,,,,0.0,,,,,,,,,,,,,,,,,,,,,,,,,,,,,,,,,,,,,,,,,,,,
1992-07-12 20:00:00,1009.8,1013.1,27.4,24.5,84.0,0.7,247.5,,,0.0,0.0,,,,,,,,,,5.0,,,,,,,,,,,,,,,,,,,,,,,,10.0,,,,,,,,,
1992-07-12 21:00:00,1010.4,1013.7,27.4,24.5,84.0,0.5,247.5,,,0.0,0.0,,,29.6,29.4,29.7,29.6,,,,10.0,,,,,,,,,,,,,,,,,,,,,29.1,,,10.0,,,,,,,,,
1992-07-12 22:00:00,,,,,,,,,,0.0,,,,,,,,,,,,,,,,,,,,,,,,,,,,,,,,,,,,,,,,,,,,
1992-07-12 23:00:00,1010.3,1013.6,26.6,24.6,89.0,1.0,112.5,,,0.0,0.0,,,,,,,,,,6.0,,,,,,,,,,,,,,,,,,,,,,,,12.0,,,,,,,,,
1992-07-13 00:00:00,,,,,,,,,,0.0,,,,,,,,,,,,,,,,,,,,,,,,,,,,,,,,,,,,,,,,,,,,
1992-07-13 01:00:00,,,,,,,,,,0.0,,,,,,,,,,,,,,,,,,,,,,,,,,,,,,,,,,,,,,,,,,,,
1992-07-13 02:00:00,1010.4,1013.8,24.9,20.8,78.0,1.8,135.0,,,0.0,0.0,,,,,,,,,,8.0,,,,,,,,,,,,,,,,,,,,,,,,12.0,,,,,,,,,
1992-07-13 03:00:00,,,,,,,,,,0.0,,,,,,,,,,,,,,,,,,,,,,,,,,,,,,,,,,,,,,,,,,,,
1992-07-13 04:00:00,,,,,,,,,,0.0,,,,,,,,,,,,,,,,,,,,,,,,,,,,,,,,,,,,,,,,,,,,
1992-07-13 05:00:00,1009.9,1013.3,24.4,19.7,75.0,1.7,112.5,,,0.0,0.0,,,27.6,27.7,28.3,28.8,,,,7.0,,,,,,,,,,,,,,,,,,,,,28.8,,,12.0,,,,,,,,,
1992-07-13 06:00:00,,,,,,,,,,0.0,,,,,,,,,,,,,,,,,,,,,,,,,,,,,,,,,,,,,,,,,,,,
1992-07-13 07:00:00,,,,,,,,,,0.0,,,,,,,,,,,,,,,,,,,,,,,,,,,,,,,,,,,,,,,,,,,,
1992-07-13 08:00:00,1010.7,1014.0,28.4,22.2,69.0,0.6,135.0,,,0.0,0.0,1.0,,,,,,,,,5.0,,,,,,,,,,,,,,,,,,,,,,,,12.0,,,,,,,,,
1992-07-13 09:00:00,1010.5,1013.8,30.4,24.0,69.0,2.0,360.0,,,0.0,0.0,1.0,,,,,,,,,8.0,,,,,,,,,,,,,,,,,,,,,,,,12.0,,,,,,,,,
1992-07-13 10:00:00,,,,,,,,,,0.0,,,,,,,,,,,,,,,,,,,,,,,,,,,,,,,,,,,,,,,,,,,,
1992-07-13 11:00:00,1010.2,1013.5,32.6,24.6,63.0,2.8,22.5,,,0.0,0.0,0.9,,,,,,,,,7.0,,,,,,,,,,,,,,,,,,,,,,,,15.0,,,,,,,,,
1992-07-13 12:00:00,,,,,,,,,,0.0,,,,,,,,,,,,,,,,,,,,,,,,,,,,,,,,,,,,,,,,,,,,
1992-07-13 13:00:00,,,,,,,,,,0.0,,,,,,,,,,,,,,,,,,,,,,,,,,,,,,,,,,,,,,,,,,,,
1992-07-13 14:00:00,1009.5,1012.8,31.8,22.5,58.0,3.4,360.0,,,0.0,0.0,0.6,,32.8,31.8,30.5,29.5,,,,10.0,,,,,,,,,,,,,,,,,,,,,28.8,,,18.0,,,,,,,,,
1992-07-13 15:00:00,,,,,,,,,,0.0,,,,,,,,,,,,,,,,,,,,,,,,,,,,,,,,,,,,,,,,,,,,
1992-07-13 16:00:00,,,,,,,,,,0.0,,,,,,,,,,,,,,,,,,,,,,,,,,,,,,,,,,,,,,,,,,,,
1992-07-13 17:00:00,1008.2,1011.5,30.6,21.5,58.0,2.2,315.0,,,0.0,0.0,0.0,,,,,,,,,10.0,,,,,,,,,,,,,,,,,,,,,,,,18.0,,,,,,,,,
1992-07-13 18:00:00,,,,,,,,,,0.0,,,,,,,,,,,,,,,,,,,,,,,,,,,,,,,,,,,,,,,,,,,,
1992-07-13 19:00:00,,,,,,,,,,0.0,,,,,,,,,,,,,,,,,,,,,,,,,,,,,,,,,,,,,,,,,,,,
1992-07-13 20:00:00,1010.2,1013.5,28.7,23.0,71.0,0.8,112.5,,,0.0,0.0,,,,,,,,,,5.0,,,,,,,,,,,,,,,,,,,,,,,,12.0,,,,,,,,,
1992-07-13 21:00:00,1010.9,1014.2,27.0,23.4,81.0,1.3,67.5,,,0.0,0.0,,,29.3,29.5,29.8,29.8,,,,2.0,,,,,,,,,,,,,,,,,,,,,29.2,,,10.0,,,,,,,,,
1992-07-13 22:00:00,,,,,,,,,,0.0,,,,,,,,,,,,,,,,,,,,,,,,,,,,,,,,,,,,,,,,,,,,
1992-07-13 23:00:00,1011.7,1015.0,26.2,22.8,82.0,2.1,112.5,,,0.0,0.0,,,,,,,,,,10.0,,,,,,,,,,,,,,,,,,,,,,,,10.0,,,,,,,,,
1992-07-14 00:00:00,,,,,,,,,,0.0,,,,,,,,,,,,,,,,,,,,,,,,,,,,,,,,,,,,,,,,,,,,
1992-07-14 01:00:00,,,,,,,,,,0.0,,,,,,,,,,,,,,,,,,,,,,,,,,,,,,,,,,,,,,,,,,,,
1992-07-14 02:00:00,1010.5,1013.9,25.0,22.4,86.0,1.5,112.5,,,0.0,0.0,,,,,,,,,,10.0,,,,,,,,,,,,,,,,,,,,,,,,10.0,,,,,,,,,
1992-07-14 03:00:00,,,,,,,,,,0.0,,,,,,,,,,,,,,,,,,,,,,,,,,,,,,,,,,,,,,,,,,,,
1992-07-14 04:00:00,,,,,,,,,,0.0,,,,,,,,,,,,,,,,,,,,,,,,,,,,,,,,,,,,,,,,,,,,
1992-07-14 05:00:00,1009.2,1012.6,24.5,21.7,84.0,2.0,90.0,,,0.0,0.0,,,27.6,27.8,28.5,29.0,,,,2.0,,,,,,,,,,,,,,,,,,,,,29.1,,,10.0,,,,,,,,,
1992-07-14 06:00:00,,,,,,,,,,0.0,,,,,,,,,,,,,,,,,,,,,,,,,,,,,,,,,,,,,,,,,,,,
1992-07-14 07:00:00,,,,,,,,,,0.0,,,,,,,,,,,,,,,,,,,,,,,,,,,,,,,,,,,,,,,,,,,,
1992-07-14 08:00:00,1010.5,1013.8,27.1,23.0,78.0,0.9,112.5,,,0.0,0.0,0.4,,,,,,,,,8.0,,,,,,,,,,,,,,,,,,,,,,,,12.0,,,,,,,,,
1992-07-14 09:00:00,1010.4,1013.7,28.9,24.6,78.0,0.5,202.5,,,0.0,0.0,0.9,,,,,,,,,7.0,,,,,,,,,,,,,,,,,,,,,,,,12.0,,,,,,,,,
1992-07-14 10:00:00,,,,,,,,,,0.0,,,,,,,,,,,,,,,,,,,,,,,,,,,,,,,,,,,,,,,,,,,,
1992-07-14 11:00:00,1009.8,1013.1,30.3,25.0,73.0,3.3,315.0,,,0.0,0.0,0.5,,,,,,,,,8.0,,,,,,,,,,,,,,,,,,,,,,,,12.0,,,,,,,,,
1992-07-14 12:00:00,,,,,,,,,,0.0,,,,,,,,,,,,,,,,,,,,,,,,,,,,,,,,,,,,,,,,,,,,
1992-07-14 13:00:00,,,,,,,,,,0.0,,,,,,,,,,,,,,,,,,,,,,,,,,,,,,,,,,,,,,,,,,,,
1992-07-14 14:00:00,1007.5,1010.8,31.3,23.8,64.0,3.1,360.0,,,0.0,0.0,0.6,,33.7,32.3,30.5,29.5,,,,9.0,,,,,,,,,,,,,,,,,,,,,28.8,,,12.0,,,,,,,,,
1992-07-14 15:00:00,,,,,,,,,,0.0,,,,,,,,,,,,,,,,,,,,,,,,,,,,,,,,,,,,,,,,,,,,
1992-07-14 16:00:00,,,,,,,,,,0.0,,,,,,,,,,,,,,,,,,,,,,,,,,,,,,,,,,,,,,,,,,,,
1992-07-14 17:00:00,1006.7,1010.0,30.1,21.8,61.0,2.0,337.5,,,0.0,0.0,0.8,,,,,,,,,9.0,,,,,,,,,,,,,,,,,,,,,,,,12.0,,,,,,,,,
1992-07-14 18:00:00,,,,,,,,,,0.0,,,,,,,,,,,,,,,,,,,,,,,,,,,,,,,,,,,,,,,,,,,,
1992-07-14 19:00:00,,,,,,,,,,0.0,,,,,,,,,,,,,,,,,,,,,,,,,,,,,,,,,,,,,,,,,,,,
1992-07-14 20:00:00,1007.9,1011.2,28.7,23.0,71.0,2.0,202.5,,,0.0,0.0,,,,,,,,,,10.0,,,,,,,,,,,,,,,,,,,,,,,,12.0,,,,,,,,,
1992-07-14 21:00:00,1008.7,1012.0,27.5,23.0,77.0,1.3,112.5,,,0.0,0.0,,,29.8,29.8,30.1,30.0,,,,7.0,,,,,,,,,,,,,,,,,,,,,29.3,,,12.0,,,,,,,,,
1992-07-14 22:00:00,,,,,,,,,,0.0,,,,,,,,,,,,,,,,,,,,,,,,,,,,,,,,,,,,,,,,,,,,
1992-07-14 23:00:00,1009.2,1012.5,26.3,23.2,83.0,1.2,90.0,,,0.0,0.0,,,,,,,,,,9.0,,,,,,,,,,,,,,,,,,,,,,,,12.0,,,,,,,,,
1992-07-15 00:00:00,,,,,,,,,,0.0,,,,,,,,,,,,,,,,,,,,,,,,,,,,,,,,,,,,,,,,,,,,
1992-07-15 01:00:00,,,,,,,,,,0.0,,,,,,,,,,,,,,,,,,,,,,,,,,,,,,,,,,,,,,,,,,,,
1992-07-15 02:00:00,1008.7,1012.0,25.2,23.2,89.0,0.1,0.0,,,0.0,0.0,,,,,,,,,,10.0,,,,,,,,,,,,,,,,,,,,,,,,10.0,,,,,,,,,
1992-07-15 03:00:00,,,,,,,,,,0.0,,,,,,,,,,,,,,,,,,,,,,,,,,,,,,,,,,,,,,,,,,,,
1992-07-15 04:00:00,,,,,,,,,,0.0,,,,,,,,,,,,,,,,,,,,,,,,,,,,,,,,,,,,,,,,,,,,
1992-07-15 05:00:00,1007.9,1011.3,24.6,22.6,89.0,1.9,90.0,,,0.0,0.0,,,27.8,27.9,28.5,29.1,,,,10.0,,,,,,,,,,,,,,,,,,,,,29.0,,,10.0,,,,,,,,,
1992-07-15 06:00:00,,,,,,,,,,0.0,,,,,,,,,,,,,,,,,,,,,,,,,,,,,,,,,,,,,,,,,,,,
1992-07-15 07:00:00,,,,,,,,,,0.0,,,,,,,,,,,,,,,,,,,,,,,,,,,,,,,,,,,,,,,,,,,,
1992-07-15 08:00:00,1008.6,1011.9,26.5,22.1,77.0,1.7,157.5,,,0.0,0.0,0.0,,,,,,,,,10.0,,,,,,,,,,,,,,,,,,,,,,,,8.0,,,,,,,,,
1992-07-15 09:00:00,1008.2,1011.5,28.0,23.6,77.0,1.1,112.5,,,0.0,0.0,0.1,,,,,,,,,9.0,,,,,,,,,,,,,,,,,,,,,,,,8.0,,,,,,,,,
1992-07-15 10:00:00,,,,,,,,,,0.0,,,,,,,,,,,,,,,,,,,,,,,,,,,,,,,,,,,,,,,,,,,,
1992-07-15 11:00:00,1007.8,1011.1,30.2,24.5,72.0,2.4,315.0,,,0.0,0.0,0.2,,,,,,,,,9.0,,,,,,,,,,,,,,,,,,,,,,,,5.0,,,,,,,,,
1992-07-15 12:00:00,,,,,,,,,,0.0,,,,,,,,,,,,,,,,,,,,,,,,,,,,,,,,,,,,,,,,,,,,
1992-07-15 13:00:00,,,,,,,,,,0.0,,,,,,,,,,,,,,,,,,,,,,,,,,,,,,,,,,,,,,,,,,,,
1992-07-15 14:00:00,1006.9,1010.2,30.6,25.3,73.0,3.0,315.0,,,0.0,0.0,0.3,,31.9,30.8,30.0,29.3,,,,9.0,,,,,,,,,,,,,,,,,,,,,29.0,,,5.0,,,,,,,,,
1992-07-15 15:00:00,,,,,,,,,,0.0,,,,,,,,,,,,,,,,,,,,,,,,,,,,,,,,,,,,,,,,,,,,
1992-07-15 16:00:00,,,,,,,,,,0.0,,,,,,,,,,,,,,,,,,,,,,,,,,,,,,,,,,,,,,,,,,,,
1992-07-15 17:00:00,1006.3,1009.6,29.1,24.1,74.0,2.1,337.5,,,0.0,0.0,0.0,,,,,,,,,9.0,,,,,,,,,,,,,,,,,,,,,,,,6.0,,,,,,,,,
1992-07-15 18:00:00,,,,,,,,,,0.0,,,,,,,,,,,,,,,,,,,,,,,,,,,,,,,,,,,,,,,,,,,,
1992-07-15 19:00:00,,,,,,,,,,0.0,,,,,,,,,,,,,,,,,,,,,,,,,,,,,,,,,,,,,,,,,,,,
1992-07-15 20:00:00,1007.3,1010.6,27.7,24.4,82.0,0.7,292.5,,,0.0,0.0,,,,,,,,,,9.0,,,,,,,,,,,,,,,,,,,,,,,,5.0,,,,,,,,,
1992-07-15 21:00:00,1007.6,1010.9,27.2,24.3,84.0,1.2,112.5,,,0.0,0.0,,,29.3,29.4,29.5,29.5,,,,9.0,,,,,,,,,,,,,,,,,,,,,29.1,,,5.0,,,,,,,,,
1992-07-15 22:00:00,,,,,,,,,,0.0,,,,,,,,,,,,,,,,,,,,,,,,,,,,,,,,,,,,,,,,,,,,
1992-07-15 23:00:00,1007.6,1010.9,26.2,24.2,89.0,1.7,112.5,,,0.0,0.0,,,,,,,,,,10.0,,,,,,,,,,,,,,,,,,,,,,,,5.0,,,,,,,,,
1992-07-16 00:00:00,,,,,,,,,,0.0,,,,,,,,,,,,,,,,,,,,,,,,,,,,,,,,,,,,,,,,,,,,
1992-07-16 01:00:00,,,,,,,,,,0.0,,,,,,,,,,,,,,,,,,,,,,,,,,,,,,,,,,,,,,,,,,,,
1992-07-16 02:00:00,1006.2,1009.5,25.3,23.4,89.0,0.8,112.5,,,0.0,0.0,,,,,,,,,,0.0,,,,,,,,,,,,,,,,,,,,,,,,5.0,,,,,,,,,
1992-07-16 03:00:00,,,,,,,,,,0.0,,,,,,,,,,,,,,,,,,,,,,,,,,,,,,,,,,,,,,,,,,,,
1992-07-16 04:00:00,,,,,,,,,,0.0,,,,,,,,,,,,,,,,,,,,,,,,,,,,,,,,,,,,,,,,,,,,
1992-07-16 05:00:00,1006.3,1009.6,24.4,21.8,85.0,2.0,112.5,,,0.0,0.0,,,27.6,27.8,28.3,28.8,,,,0.0,,,,,,,,,,,,,,,,,,,,,28.8,,,4.0,,,,,,,,,
1992-07-16 06:00:00,,,,,,,,,,0.0,,,,,,,,,,,,,,,,,,,,,,,,,,,,,,,,,,,,,,,,,,,,
1992-07-16 07:00:00,,,,,,,,,,0.0,,,,,,,,,,,,,,,,,,,,,,,,,,,,,,,,,,,,,,,,,,,,
1992-07-16 08:00:00,1007.2,1010.5,27.0,23.7,82.0,1.2,112.5,,,0.0,0.0,0.0,,,,,,,,,0.0,,,,,,,,,,,,,,,,,,,,,,,,5.0,,,,,,,,,
1992-07-16 09:00:00,1007.1,1010.4,28.1,24.5,81.0,1.8,315.0,,,0.0,0.0,0.0,,,,,,,,,10.0,,,,,,,,,,,,,,,,,,,,,,,,4.0,,,,,,,,,
1992-07-16 10:00:00,,,,,,,,,,0.0,,,,,,,,,,,,,,,,,,,,,,,,,,,,,,,,,,,,,,,,,,,,
1992-07-16 11:00:00,1006.4,1009.7,29.8,25.1,76.0,3.3,315.0,,,0.0,0.0,0.7,,,,,,,,,10.0,,,,,,,,,,,,,,,,,,,,,,,,4.0,,,,,,,,,
1992-07-16 12:00:00,,,,,,,,,,0.0,,,,,,,,,,,,,,,,,,,,,,,,,,,,,,,,,,,,,,,,,,,,
1992-07-16 13:00:00,,,,,,,,,,0.0,,,,,,,,,,,,,,,,,,,,,,,,,,,,,,,,,,,,,,,,,,,,
1992-07-16 14:00:00,1005.4,1008.7,30.1,25.0,74.0,3.0,270.0,,,0.0,0.0,1.0,,33.8,32.2,30.4,29.5,,,,6.0,,,,,,,,,,,,,,,,,,,,,28.8,,,4.0,,,,,,,,,
1992-07-16 15:00:00,,,,,,,,,,0.0,,,,,,,,,,,,,,,,,,,,,,,,,,,,,,,,,,,,,,,,,,,,
1992-07-16 16:00:00,,,,,,,,,,0.0,,,,,,,,,,,,,,,,,,,,,,,,,,,,,,,,,,,,,,,,,,,,
1992-07-16 17:00:00,1004.9,1008.2,30.1,22.1,62.0,2.5,270.0,,,0.0,0.0,0.8,,,,,,,,,6.0,,,,,,,,,,,,,,,,,,,,,,,,8.0,,,,,,,,,
1992-07-16 18:00:00,,,,,,,,,,0.0,,,,,,,,,,,,,,,,,,,,,,,,,,,,,,,,,,,,,,,,,,,,
1992-07-16 19:00:00,,,,,,,,,,0.0,,,,,,,,,,,,,,,,,,,,,,,,,,,,,,,,,,,,,,,,,,,,
1992-07-16 20:00:00,1006.4,1009.7,27.8,23.7,78.0,1.6,202.5,,,0.0,0.0,,,,,,,,,,5.0,,,,,,,,,,,,,,,,,,,,,,,,8.0,,,,,,,,,
1992-07-16 21:00:00,1006.6,1009.9,27.6,23.5,78.0,0.4,180.0,,,0.0,0.0,,,29.3,29.4,29.8,29.8,,,,0.0,,,,,,,,,,,,,,,,,,,,,29.2,,,8.0,,,,,,,,,
1992-07-16 22:00:00,,,,,,,,,,0.0,,,,,,,,,,,,,,,,,,,,,,,,,,,,,,,,,,,,,,,,,,,,
1992-07-16 23:00:00,1006.3,1009.6,26.1,22.7,82.0,1.2,135.0,,,0.0,0.0,,,,,,,,,,0.0,,,,,,,,,,,,,,,,,,,,,,,,8.0,,,,,,,,,
1992-07-17 00:00:00,,,,,,,,,,0.0,,,,,,,,,,,,,,,,,,,,,,,,,,,,,,,,,,,,,,,,,,,,
1992-07-17 01:00:00,,,,,,,,,,0.0,,,,,,,,,,,,,,,,,,,,,,,,,,,,,,,,,,,,,,,,,,,,
1992-07-17 02:00:00,1005.5,1008.8,24.4,21.1,82.0,1.7,112.5,,,0.0,0.0,,,,,,,,,,0.0,,,,,,,,,,,,,,,,,,,,,,,,8.0,,,,,,,,,
1992-07-17 03:00:00,,,,,,,,,,0.0,,,,,,,,,,,,,,,,,,,,,,,,,,,,,,,,,,,,,,,,,,,,
1992-07-17 04:00:00,,,,,,,,,,0.0,,,,,,,,,,,,,,,,,,,,,,,,,,,,,,,,,,,,,,,,,,,,
1992-07-17 05:00:00,1005.1,1008.4,24.2,20.6,80.0,1.8,112.5,,,0.0,0.0,,,27.1,27.5,28.5,28.8,,,,5.0,,,,,,,,,,,,,,,,,,,,,28.9,,,8.0,,,,,,,,,
1992-07-17 06:00:00,,,,,,,,,,0.0,,,,,,,,,,,,,,,,,,,,,,,,,,,,,,,,,,,,,,,,,,,,
1992-07-17 07:00:00,,,,,,,,,,0.0,,,,,,,,,,,,,,,,,,,,,,,,,,,,,,,,,,,,,,,,,,,,
1992-07-17 08:00:00,1006.1,1009.4,27.5,22.1,72.0,1.9,112.5,,,0.0,0.0,0.1,,,,,,,,,9.0,,,,,,,,,,,,,,,,,,,,,,,,8.0,,,,,,,,,
1992-07-17 09:00:00,1006.5,1009.8,29.7,24.2,72.0,2.0,270.0,,,0.0,0.0,0.8,,,,,,,,,6.0,,,,,,,,,,,,,,,,,,,,,,,,12.0,,,,,,,,,
1992-07-17 10:00:00,,,,,,,,,,0.0,,,,,,,,,,,,,,,,,,,,,,,,,,,,,,,,,,,,,,,,,,,,
1992-07-17 11:00:00,1006.2,1009.5,30.3,24.3,70.0,2.6,270.0,,,0.0,0.0,0.6,,,,,,,,,5.0,,,,,,,,,,,,,,,,,,,,,,,,12.0,,,,,,,,,
1992-07-17 12:00:00,,,,,,,,,,0.0,,,,,,,,,,,,,,,,,,,,,,,,,,,,,,,,,,,,,,,,,,,,
1992-07-17 13:00:00,,,,,,,,,,0.0,,,,,,,,,,,,,,,,,,,,,,,,,,,,,,,,,,,,,,,,,,,,
1992-07-17 14:00:00,1005.1,1008.4,30.6,25.3,73.0,2.7,270.0,,,0.0,0.0,0.4,,32.2,31.6,30.2,29.3,,,,8.0,,,,,,,,,,,,,,,,,,,,,28.8,,,15.0,,,,,,,,,
1992-07-17 15:00:00,,,,,,,,,,0.0,,,,,,,,,,,,,,,,,,,,,,,,,,,,,,,,,,,,,,,,,,,,
1992-07-17 16:00:00,,,,,,,,,,-9.8,,,,,,,,,,,,,,,,,,,,,,,,,,,,,,,,,,,,,,,,,,,,
1992-07-17 17:00:00,1005.6,1008.9,27.9,25.6,87.0,1.8,202.5,,,0.4,1.0,0.0,,,,,,,,,10.0,,,,,,,,,,,,,,,,,,,,,,,,8.0,,,,,,,,,
1992-07-17 18:00:00,,,,,,,,,,-9.8,,,,,,,,,,,,,,,,,,,,,,,,,,,,,,,,,,,,,,,,,,,,
1992-07-17 19:00:00,,,,,,,,,,0.0,,,,,,,,,,,,,,,,,,,,,,,,,,,,,,,,,,,,,,,,,,,,
1992-07-17 20:00:00,1006.0,1009.3,25.5,23.0,86.0,1.4,135.0,,,0.0,0.0,,,,,,,,,,10.0,,,,,,,,,,,,,,,,,,,,,,,,12.0,,,,,,,,,
1992-07-17 21:00:00,1005.8,1009.1,25.1,22.4,85.0,1.6,157.5,,,0.0,0.0,,,28.4,28.7,29.1,29.3,,,,10.0,,,,,,,,,,,,,,,,,,,,,29.0,,,12.0,,,,,,,,,
1992-07-17 22:00:00,,,,,,,,,,0.0,,,,,,,,,,,,,,,,,,,,,,,,,,,,,,,,,,,,,,,,,,,,
1992-07-17 23:00:00,1005.9,1009.2,25.2,22.6,86.0,1.4,112.5,,,0.0,0.0,,,,,,,,,,5.0,,,,,,,,,,,,,,,,,,,,,,,,12.0,,,,,,,,,
1992-07-18 00:00:00,,,,,,,,,,0.0,,,,,,,,,,,,,,,,,,,,,,,,,,,,,,,,,,,,,,,,,,,,
1992-07-18 01:00:00,,,,,,,,,,0.0,,,,,,,,,,,,,,,,,,,,,,,,,,,,,,,,,,,,,,,,,,,,
1992-07-18 02:00:00,1005.0,1008.3,24.0,21.4,85.0,2.2,112.5,,,0.0,0.0,,,,,,,,,,0.0,,,,,,,,,,,,,,,,,,,,,,,,12.0,,,,,,,,,
1992-07-18 03:00:00,,,,,,,,,,0.0,,,,,,,,,,,,,,,,,,,,,,,,,,,,,,,,,,,,,,,,,,,,
1992-07-18 04:00:00,,,,,,,,,,0.0,,,,,,,,,,,,,,,,,,,,,,,,,,,,,,,,,,,,,,,,,,,,
1992-07-18 05:00:00,1005.4,1008.8,23.4,20.6,84.0,2.2,112.5,,,0.0,0.0,,,26.9,27.2,27.9,28.5,,,,2.0,,,,,,,,,,,,,,,,,,,,,28.6,,,12.0,,,,,,,,,
1992-07-18 06:00:00,,,,,,,,,,0.0,,,,,,,,,,,,,,,,,,,,,,,,,,,,,,,,,,,,,,,,,,,,
1992-07-18 07:00:00,,,,,,,,,,0.0,,,,,,,,,,,,,,,,,,,,,,,,,,,,,,,,,,,,,,,,,,,,
1992-07-18 08:00:00,1006.0,1009.3,28.0,22.9,74.0,1.8,112.5,,,0.0,0.0,1.0,,,,,,,,,2.0,,,,,,,,,,,,,,,,,,,,,,,,15.0,,,,,,,,,
1992-07-18 09:00:00,1006.1,1009.4,30.6,23.6,66.0,3.2,225.0,,,0.0,0.0,1.0,,,,,,,,,3.0,,,,,,,,,,,,,,,,,,,,,,,,20.0,,,,,,,,,
1992-07-18 10:00:00,,,,,,,,,,0.0,,,,,,,,,,,,,,,,,,,,,,,,,,,,,,,,,,,,,,,,,,,,
1992-07-18 11:00:00,1005.7,1009.0,30.6,24.2,69.0,4.0,270.0,,,0.0,0.0,1.0,,,,,,,,,3.0,,,,,,,,,,,,,,,,,,,,,,,,18.0,,,,,,,,,
1992-07-18 12:00:00,,,,,,,,,,0.0,,,,,,,,,,,,,,,,,,,,,,,,,,,,,,,,,,,,,,,,,,,,
1992-07-18 13:00:00,,,,,,,,,,0.0,,,,,,,,,,,,,,,,,,,,,,,,,,,,,,,,,,,,,,,,,,,,
1992-07-18 14:00:00,1004.4,1007.7,30.6,24.5,70.0,3.8,270.0,,,0.0,0.0,0.8,,32.9,31.8,30.2,29.2,,,,4.0,,,,,,,,,,,,,,,,,,,,,28.6,,,18.0,,,,,,,,,
1992-07-18 15:00:00,,,,,,,,,,0.0,,,,,,,,,,,,,,,,,,,,,,,,,,,,,,,,,,,,,,,,,,,,
1992-07-18 16:00:00,,,,,,,,,,0.0,,,,,,,,,,,,,,,,,,,,,,,,,,,,,,,,,,,,,,,,,,,,
1992-07-18 17:00:00,1004.6,1007.9,28.3,24.0,78.0,3.5,202.5,,,0.0,0.0,0.0,,,,,,,,,10.0,,,,,,,,,,,,,,,,,,,,,,,,15.0,,,,,,,,,
1992-07-18 18:00:00,,,,,,,,,,0.0,,,,,,,,,,,,,,,,,,,,,,,,,,,,,,,,,,,,,,,,,,,,
1992-07-18 19:00:00,,,,,,,,,,0.0,,,,,,,,,,,,,,,,,,,,,,,,,,,,,,,,,,,,,,,,,,,,
1992-07-18 20:00:00,1005.8,1009.1,26.3,23.6,85.0,2.2,112.5,,,0.0,0.0,,,,,,,,,,10.0,,,,,,,,,,,,,,,,,,,,,,,,12.0,,,,,,,,,
1992-07-18 21:00:00,1006.2,1009.5,26.0,23.4,86.0,1.6,112.5,,,0.0,0.0,,,28.8,29.1,29.4,29.4,,,,8.0,,,,,,,,,,,,,,,,,,,,,29.0,,,10.0,,,,,,,,,
1992-07-18 22:00:00,,,,,,,,,,0.0,,,,,,,,,,,,,,,,,,,,,,,,,,,,,,,,,,,,,,,,,,,,
1992-07-18 23:00:00,1006.5,1009.8,25.6,23.2,87.0,2.2,112.5,,,0.0,0.0,,,,,,,,,,2.0,,,,,,,,,,,,,,,,,,,,,,,,10.0,,,,,,,,,
1992-07-19 00:00:00,,,,,,,,,,0.0,,,,,,,,,,,,,,,,,,,,,,,,,,,,,,,,,,,,,,,,,,,,
1992-07-19 01:00:00,,,,,,,,,,0.0,,,,,,,,,,,,,,,,,,,,,,,,,,,,,,,,,,,,,,,,,,,,
1992-07-19 02:00:00,1004.7,1008.0,24.8,22.5,87.0,1.6,112.5,,,0.0,0.0,,,,,,,,,,1.0,,,,,,,,,,,,,,,,,,,,,,,,10.0,,,,,,,,,
1992-07-19 03:00:00,,,,,,,,,,0.0,,,,,,,,,,,,,,,,,,,,,,,,,,,,,,,,,,,,,,,,,,,,
1992-07-19 04:00:00,,,,,,,,,,0.0,,,,,,,,,,,,,,,,,,,,,,,,,,,,,,,,,,,,,,,,,,,,
1992-07-19 05:00:00,1005.3,1008.6,24.3,22.1,88.0,1.4,135.0,,,0.0,0.0,,,27.4,27.8,28.2,28.8,,,,1.0,,,,,,,,,,,,,,,,,,,,,28.8,,,12.0,,,,,,,,,
1992-07-19 06:00:00,,,,,,,,,,0.0,,,,,,,,,,,,,,,,,,,,,,,,,,,,,,,,,,,,,,,,,,,,
1992-07-19 07:00:00,,,,,,,,,,0.0,,,,,,,,,,,,,,,,,,,,,,,,,,,,,,,,,,,,,,,,,,,,
1992-07-19 08:00:00,1006.5,1009.8,28.0,23.9,78.0,1.2,157.5,,,0.0,0.0,0.9,,,,,,,,,5.0,,,,,,,,,,,,,,,,,,,,,,,,12.0,,,,,,,,,
1992-07-19 09:00:00,1006.8,1010.1,29.9,24.5,73.0,2.9,270.0,,,0.0,0.0,0.6,,,,,,,,,7.0,,,,,,,,,,,,,,,,,,,,,,,,12.0,,,,,,,,,
1992-07-19 10:00:00,,,,,,,,,,0.0,,,,,,,,,,,,,,,,,,,,,,,,,,,,,,,,,,,,,,,,,,,,
1992-07-19 11:00:00,1006.6,1009.9,31.1,25.0,70.0,2.6,270.0,,,0.0,0.0,1.0,,,,,,,,,4.0,,,,,,,,,,,,,,,,,,,,,,,,15.0,,,,,,,,,
1992-07-19 12:00:00,,,,,,,,,,0.0,,,,,,,,,,,,,,,,,,,,,,,,,,,,,,,,,,,,,,,,,,,,
1992-07-19 13:00:00,,,,,,,,,,0.0,,,,,,,,,,,,,,,,,,,,,,,,,,,,,,,,,,,,,,,,,,,,
1992-07-19 14:00:00,1005.5,1008.8,31.2,25.4,71.0,3.0,292.5,,,0.0,0.0,1.0,,34.5,32.8,30.7,29.5,,,,4.0,,,,,,,,,,,,,,,,,,,,,28.8,,,12.0,,,,,,,,,
1992-07-19 15:00:00,,,,,,,,,,0.0,,,,,,,,,,,,,,,,,,,,,,,,,,,,,,,,,,,,,,,,,,,,
1992-07-19 16:00:00,,,,,,,,,,0.0,,,,,,,,,,,,,,,,,,,,,,,,,,,,,,,,,,,,,,,,,,,,
1992-07-19 17:00:00,1005.5,1008.8,29.3,24.7,76.0,2.2,225.0,,,0.0,0.0,0.0,,,,,,,,,10.0,,,,,,,,,,,,,,,,,,,,,,,,10.0,,,,,,,,,
1992-07-19 18:00:00,,,,,,,,,,0.0,,,,,,,,,,,,,,,,,,,,,,,,,,,,,,,,,,,,,,,,,,,,
1992-07-19 19:00:00,,,,,,,,,,0.0,,,,,,,,,,,,,,,,,,,,,,,,,,,,,,,,,,,,,,,,,,,,
1992-07-19 20:00:00,1005.9,1009.2,26.5,23.1,82.0,1.5,135.0,,,0.0,0.0,,,,,,,,,,5.0,,,,,,,,,,,,,,,,,,,,,,,,10.0,,,,,,,,,
1992-07-19 21:00:00,1006.3,1009.6,26.0,22.4,81.0,1.6,112.5,,,0.0,0.0,,,29.1,29.5,29.8,30.0,,,,0.0,,,,,,,,,,,,,,,,,,,,,29.3,,,12.0,,,,,,,,,
1992-07-19 22:00:00,,,,,,,,,,0.0,,,,,,,,,,,,,,,,,,,,,,,,,,,,,,,,,,,,,,,,,,,,
1992-07-19 23:00:00,1006.6,1009.9,25.8,22.3,81.0,0.6,135.0,,,0.0,0.0,,,,,,,,,,9.0,,,,,,,,,,,,,,,,,,,,,,,,12.0,,,,,,,,,
1992-07-20 00:00:00,,,,,,,,,,0.0,,,,,,,,,,,,,,,,,,,,,,,,,,,,,,,,,,,,,,,,,,,,
1992-07-20 01:00:00,,,,,,,,,,0.0,,,,,,,,,,,,,,,,,,,,,,,,,,,,,,,,,,,,,,,,,,,,
1992-07-20 02:00:00,1006.0,1009.3,25.2,22.5,85.0,1.6,135.0,,,0.0,0.0,,,,,,,,,,4.0,,,,,,,,,,,,,,,,,,,,,,,,10.0,,,,,,,,,
1992-07-20 03:00:00,,,,,,,,,,0.0,,,,,,,,,,,,,,,,,,,,,,,,,,,,,,,,,,,,,,,,,,,,
1992-07-20 04:00:00,,,,,,,,,,0.0,,,,,,,,,,,,,,,,,,,,,,,,,,,,,,,,,,,,,,,,,,,,
1992-07-20 05:00:00,1006.1,1009.4,25.7,22.2,81.0,1.3,112.5,,,0.0,0.0,,,28.1,28.0,28.7,29.0,,,,10.0,,,,,,,,,,,,,,,,,,,,,29.0,,,15.0,,,,,,,,,
1992-07-20 06:00:00,,,,,,,,,,0.0,,,,,,,,,,,,,,,,,,,,,,,,,,,,,,,,,,,,,,,,,,,,
1992-07-20 07:00:00,,,,,,,,,,0.0,,,,,,,,,,,,,,,,,,,,,,,,,,,,,,,,,,,,,,,,,,,,
1992-07-20 08:00:00,1007.3,1010.6,28.9,23.5,73.0,0.7,45.0,,,0.0,0.0,1.0,,,,,,,,,0.0,,,,,,,,,,,,,,,,,,,,,,,,15.0,,,,,,,,,
1992-07-20 09:00:00,1007.3,1010.6,30.2,24.6,72.0,1.6,315.0,,,0.0,0.0,1.0,,,,,,,,,0.0,,,,,,,,,,,,,,,,,,,,,,,,15.0,,,,,,,,,
1992-07-20 10:00:00,,,,,,,,,,0.0,,,,,,,,,,,,,,,,,,,,,,,,,,,,,,,,,,,,,,,,,,,,
1992-07-20 11:00:00,1006.3,1009.6,31.9,25.4,69.0,3.1,360.0,,,0.0,0.0,0.5,,,,,,,,,5.0,,,,,,,,,,,,,,,,,,,,,,,,12.0,,,,,,,,,
1992-07-20 12:00:00,,,,,,,,,,0.0,,,,,,,,,,,,,,,,,,,,,,,,,,,,,,,,,,,,,,,,,,,,
1992-07-20 13:00:00,,,,,,,,,,0.0,,,,,,,,,,,,,,,,,,,,,,,,,,,,,,,,,,,,,,,,,,,,
1992-07-20 14:00:00,1004.8,1008.1,31.3,25.1,70.0,5.0,360.0,,,0.0,0.0,0.9,,33.8,33.5,30.8,29.7,,,,5.0,,,,,,,,,,,,,,,,,,,,,29.2,,,10.0,,,,,,,,,
1992-07-20 15:00:00,,,,,,,,,,0.0,,,,,,,,,,,,,,,,,,,,,,,,,,,,,,,,,,,,,,,,,,,,
1992-07-20 16:00:00,,,,,,,,,,0.0,,,,,,,,,,,,,,,,,,,,,,,,,,,,,,,,,,,,,,,,,,,,
1992-07-20 17:00:00,1003.8,1007.1,30.8,25.3,73.0,3.2,337.5,,,0.0,0.0,1.0,,,,,,,,,5.0,,,,,,,,,,,,,,,,,,,,,,,,10.0,,,,,,,,,
1992-07-20 18:00:00,,,,,,,,,,0.0,,,,,,,,,,,,,,,,,,,,,,,,,,,,,,,,,,,,,,,,,,,,
1992-07-20 19:00:00,,,,,,,,,,0.0,,,,,,,,,,,,,,,,,,,,,,,,,,,,,,,,,,,,,,,,,,,,
1992-07-20 20:00:00,1004.1,1007.4,28.2,24.7,81.0,1.1,315.0,,,0.0,0.0,,,,,,,,,,4.0,,,,,,,,,,,,,,,,,,,,,,,,10.0,,,,,,,,,
1992-07-20 21:00:00,1004.5,1007.8,28.1,24.7,82.0,1.3,202.5,,,0.0,0.0,,,30.0,30.1,30.3,30.2,,,,4.0,,,,,,,,,,,,,,,,,,,,,29.5,,,7.0,,,,,,,,,
1992-07-20 22:00:00,,,,,,,,,,0.0,,,,,,,,,,,,,,,,,,,,,,,,,,,,,,,,,,,,,,,,,,,,
1992-07-20 23:00:00,1004.7,1008.0,26.7,24.2,86.0,1.0,157.5,,,0.0,0.0,,,,,,,,,,0.0,,,,,,,,,,,,,,,,,,,,,,,,6.0,,,,,,,,,
1992-07-21 00:00:00,,,,,,,,,,0.0,,,,,,,,,,,,,,,,,,,,,,,,,,,,,,,,,,,,,,,,,,,,
1992-07-21 01:00:00,,,,,,,,,,0.0,,,,,,,,,,,,,,,,,,,,,,,,,,,,,,,,,,,,,,,,,,,,
1992-07-21 02:00:00,1004.2,1007.5,25.7,22.7,84.0,1.8,112.5,,,0.0,0.0,,,,,,,,,,0.0,,,,,,,,,,,,,,,,,,,,,,,,6.0,,,,,,,,,
1992-07-21 03:00:00,,,,,,,,,,0.0,,,,,,,,,,,,,,,,,,,,,,,,,,,,,,,,,,,,,,,,,,,,
1992-07-21 04:00:00,,,,,,,,,,0.0,,,,,,,,,,,,,,,,,,,,,,,,,,,,,,,,,,,,,,,,,,,,
1992-07-21 05:00:00,1004.5,1007.8,24.3,20.6,80.0,2.1,135.0,,,0.0,0.0,,,27.7,28.2,28.8,29.4,,,,1.0,,,,,,,,,,,,,,,,,,,,,29.2,,,8.0,,,,,,,,,
1992-07-21 06:00:00,,,,,,,,,,0.0,,,,,,,,,,,,,,,,,,,,,,,,,,,,,,,,,,,,,,,,,,,,
1992-07-21 07:00:00,,,,,,,,,,0.0,,,,,,,,,,,,,,,,,,,,,,,,,,,,,,,,,,,,,,,,,,,,
1992-07-21 08:00:00,1005.4,1008.7,28.5,22.2,69.0,2.1,135.0,,,0.0,0.0,1.0,,,,,,,,,1.0,,,,,,,,,,,,,,,,,,,,,,,,12.0,,,,,,,,,
1992-07-21 09:00:00,1005.2,1008.5,30.4,24.4,70.0,0.7,90.0,,,0.0,0.0,1.0,,,,,,,,,1.0,,,,,,,,,,,,,,,,,,,,,,,,15.0,,,,,,,,,
1992-07-21 10:00:00,,,,,,,,,,0.0,,,,,,,,,,,,,,,,,,,,,,,,,,,,,,,,,,,,,,,,,,,,
1992-07-21 11:00:00,1005.1,1008.4,32.0,25.4,68.0,3.1,292.5,,,0.0,0.0,1.0,,,,,,,,,5.0,,,,,,,,,,,,,,,,,,,,,,,,15.0,,,,,,,,,
1992-07-21 12:00:00,,,,,,,,,,0.0,,,,,,,,,,,,,,,,,,,,,,,,,,,,,,,,,,,,,,,,,,,,
1992-07-21 13:00:00,,,,,,,,,,0.0,,,,,,,,,,,,,,,,,,,,,,,,,,,,,,,,,,,,,,,,,,,,
1992-07-21 14:00:00,1004.2,1007.5,32.5,24.9,64.0,3.5,315.0,,,0.0,0.0,1.0,,36.6,34.0,31.5,30.2,,,,3.0,,,,,,,,,,,,,,,,,,,,,29.5,,,15.0,,,,,,,,,
1992-07-21 15:00:00,,,,,,,,,,0.0,,,,,,,,,,,,,,,,,,,,,,,,,,,,,,,,,,,,,,,,,,,,
1992-07-21 16:00:00,,,,,,,,,,0.0,,,,,,,,,,,,,,,,,,,,,,,,,,,,,,,,,,,,,,,,,,,,
1992-07-21 17:00:00,1004.2,1007.5,31.0,25.1,71.0,2.9,315.0,,,0.0,0.0,1.0,,,,,,,,,4.0,,,,,,,,,,,,,,,,,,,,,,,,12.0,,,,,,,,,
1992-07-21 18:00:00,,,,,,,,,,0.0,,,,,,,,,,,,,,,,,,,,,,,,,,,,,,,,,,,,,,,,,,,,
1992-07-21 19:00:00,,,,,,,,,,0.0,,,,,,,,,,,,,,,,,,,,,,,,,,,,,,,,,,,,,,,,,,,,
1992-07-21 20:00:00,1005.7,1009.0,29.2,24.9,78.0,0.8,270.0,,,0.0,0.0,,,,,,,,,,6.0,,,,,,,,,,,,,,,,,,,,,,,,12.0,,,,,,,,,
1992-07-21 21:00:00,1005.9,1009.2,28.9,25.1,80.0,0.0,0.0,,,0.0,0.0,,,30.9,30.9,31.0,30.7,,,,4.0,,,,,,,,,,,,,,,,,,,,,29.8,,,12.0,,,,,,,,,
1992-07-21 22:00:00,,,,,,,,,,0.0,,,,,,,,,,,,,,,,,,,,,,,,,,,,,,,,,,,,,,,,,,,,
1992-07-21 23:00:00,1006.6,1009.9,27.8,25.6,86.0,1.3,67.5,,,0.0,0.0,,,,,,,,,,3.0,,,,,,,,,,,,,,,,,,,,,,,,12.0,,,,,,,,,
1992-07-22 00:00:00,,,,,,,,,,0.0,,,,,,,,,,,,,,,,,,,,,,,,,,,,,,,,,,,,,,,,,,,,
1992-07-22 01:00:00,,,,,,,,,,0.0,,,,,,,,,,,,,,,,,,,,,,,,,,,,,,,,,,,,,,,,,,,,
1992-07-22 02:00:00,1006.1,1009.4,27.3,25.3,89.0,0.8,135.0,,,0.0,0.0,,,,,,,,,,10.0,,,,,,,,,,,,,,,,,,,,,,,,12.0,,,,,,,,,
1992-07-22 03:00:00,,,,,,,,,,0.0,,,,,,,,,,,,,,,,,,,,,,,,,,,,,,,,,,,,,,,,,,,,
1992-07-22 04:00:00,,,,,,,,,,0.0,,,,,,,,,,,,,,,,,,,,,,,,,,,,,,,,,,,,,,,,,,,,
1992-07-22 05:00:00,1007.0,1010.3,26.4,24.7,90.0,1.1,135.0,,,0.0,0.0,,,29.1,29.3,29.7,30.0,,,,9.0,,,,,,,,,,,,,,,,,,,,,29.8,,,12.0,,,,,,,,,
1992-07-22 06:00:00,,,,,,,,,,0.0,,,,,,,,,,,,,,,,,,,,,,,,,,,,,,,,,,,,,,,,,,,,
1992-07-22 07:00:00,,,,,,,,,,0.0,,,,,,,,,,,,,,,,,,,,,,,,,,,,,,,,,,,,,,,,,,,,
1992-07-22 08:00:00,1007.9,1011.2,29.6,24.2,73.0,1.5,135.0,,,0.0,0.0,1.0,,,,,,,,,4.0,,,,,,,,,,,,,,,,,,,,,,,,12.0,,,,,,,,,
1992-07-22 09:00:00,1007.8,1011.1,30.1,24.4,72.0,1.9,315.0,,,0.0,0.0,0.9,,,,,,,,,6.0,,,,,,,,,,,,,,,,,,,,,,,,12.0,,,,,,,,,
1992-07-22 10:00:00,,,,,,,,,,0.0,,,,,,,,,,,,,,,,,,,,,,,,,,,,,,,,,,,,,,,,,,,,
1992-07-22 11:00:00,1007.1,1010.4,31.3,24.1,66.0,4.3,337.5,,,0.0,0.0,0.3,,,,,,,,,7.0,,,,,,,,,,,,,,,,,,,,,,,,12.0,,,,,,,,,
1992-07-22 12:00:00,,,,,,,,,,0.0,,,,,,,,,,,,,,,,,,,,,,,,,,,,,,,,,,,,,,,,,,,,
1992-07-22 13:00:00,,,,,,,,,,0.0,,,,,,,,,,,,,,,,,,,,,,,,,,,,,,,,,,,,,,,,,,,,
1992-07-22 14:00:00,1006.3,1009.6,32.0,24.1,63.0,4.3,337.5,,,0.0,0.0,0.9,,34.9,33.0,31.2,30.3,,,,4.0,,,,,,,,,,,,,,,,,,,,,29.9,,,15.0,,,,,,,,,
1992-07-22 15:00:00,,,,,,,,,,0.0,,,,,,,,,,,,,,,,,,,,,,,,,,,,,,,,,,,,,,,,,,,,
1992-07-22 16:00:00,,,,,,,,,,0.0,,,,,,,,,,,,,,,,,,,,,,,,,,,,,,,,,,,,,,,,,,,,
1992-07-22 17:00:00,1006.8,1010.1,29.5,24.9,76.0,3.3,337.5,,,0.0,0.0,0.0,,,,,,,,,10.0,,,,,,,,,,,,,,,,,,,,,,,,15.0,,,,,,,,,
1992-07-22 18:00:00,,,,,,,,,,0.0,,,,,,,,,,,,,,,,,,,,,,,,,,,,,,,,,,,,,,,,,,,,
1992-07-22 19:00:00,,,,,,,,,,0.0,,,,,,,,,,,,,,,,,,,,,,,,,,,,,,,,,,,,,,,,,,,,
1992-07-22 20:00:00,1009.0,1012.3,28.6,25.5,83.0,1.5,292.5,,,0.0,0.0,,,,,,,,,,4.0,,,,,,,,,,,,,,,,,,,,,,,,12.0,,,,,,,,,
1992-07-22 21:00:00,1009.6,1012.9,28.4,25.5,84.0,1.4,315.0,,,0.0,0.0,,,30.5,30.4,30.6,30.5,,,,6.0,,,,,,,,,,,,,,,,,,,,,29.9,,,12.0,,,,,,,,,
1992-07-22 22:00:00,,,,,,,,,,0.0,,,,,,,,,,,,,,,,,,,,,,,,,,,,,,,,,,,,,,,,,,,,
1992-07-22 23:00:00,1009.7,1013.0,27.8,25.4,87.0,0.5,90.0,,,0.0,0.0,,,,,,,,,,4.0,,,,,,,,,,,,,,,,,,,,,,,,12.0,,,,,,,,,
1992-07-23 00:00:00,,,,,,,,,,0.0,,,,,,,,,,,,,,,,,,,,,,,,,,,,,,,,,,,,,,,,,,,,
1992-07-23 01:00:00,,,,,,,,,,0.0,,,,,,,,,,,,,,,,,,,,,,,,,,,,,,,,,,,,,,,,,,,,
1992-07-23 02:00:00,1009.0,1012.3,26.9,24.6,87.0,0.5,135.0,,,0.0,0.0,,,,,,,,,,10.0,,,,,,,,,,,,,,,,,,,,,,,,12.0,,,,,,,,,
1992-07-23 03:00:00,,,,,,,,,,0.0,,,,,,,,,,,,,,,,,,,,,,,,,,,,,,,,,,,,,,,,,,,,
1992-07-23 04:00:00,,,,,,,,,,0.0,,,,,,,,,,,,,,,,,,,,,,,,,,,,,,,,,,,,,,,,,,,,
1992-07-23 05:00:00,1008.7,1012.0,26.3,23.9,87.0,1.6,135.0,,,0.0,0.0,,,28.8,28.9,29.5,29.8,,,,8.0,,,,,,,,,,,,,,,,,,,,,29.7,,,12.0,,,,,,,,,
1992-07-23 06:00:00,,,,,,,,,,0.0,,,,,,,,,,,,,,,,,,,,,,,,,,,,,,,,,,,,,,,,,,,,
1992-07-23 07:00:00,,,,,,,,,,0.0,,,,,,,,,,,,,,,,,,,,,,,,,,,,,,,,,,,,,,,,,,,,
1992-07-23 08:00:00,1009.2,1012.5,28.6,25.0,81.0,2.2,90.0,,,0.0,0.0,0.0,,,,,,,,,8.0,,,,,,,,,,,,,,,,,,,,,,,,12.0,,,,,,,,,
1992-07-23 09:00:00,1009.0,1012.3,29.9,24.9,75.0,4.4,360.0,,,0.0,0.0,0.3,,,,,,,,,8.0,,,,,,,,,,,,,,,,,,,,,,,,15.0,,,,,,,,,
1992-07-23 10:00:00,,,,,,,,,,0.0,,,,,,,,,,,,,,,,,,,,,,,,,,,,,,,,,,,,,,,,,,,,
1992-07-23 11:00:00,1008.5,1011.8,30.4,24.4,70.0,5.6,22.5,,,0.0,0.0,0.3,,,,,,,,,8.0,,,,,,,,,,,,,,,,,,,,,,,,15.0,,,,,,,,,
1992-07-23 12:00:00,,,,,,,,,,0.0,,,,,,,,,,,,,,,,,,,,,,,,,,,,,,,,,,,,,,,,,,,,
1992-07-23 13:00:00,,,,,,,,,,0.0,,,,,,,,,,,,,,,,,,,,,,,,,,,,,,,,,,,,,,,,,,,,
1992-07-23 14:00:00,1007.5,1010.8,30.6,24.1,68.0,5.8,360.0,,,0.0,0.0,0.0,,31.6,31.1,30.6,30.0,,,,9.0,,,,,,,,,,,,,,,,,,,,,29.6,,,15.0,,,,,,,,,
1992-07-23 15:00:00,,,,,,,,,,0.0,,,,,,,,,,,,,,,,,,,,,,,,,,,,,,,,,,,,,,,,,,,,
1992-07-23 16:00:00,,,,,,,,,,0.0,,,,,,,,,,,,,,,,,,,,,,,,,,,,,,,,,,,,,,,,,,,,
1992-07-23 17:00:00,1006.8,1010.1,29.9,24.6,73.0,3.9,337.5,,,0.0,0.0,1.0,,,,,,,,,4.0,,,,,,,,,,,,,,,,,,,,,,,,15.0,,,,,,,,,
1992-07-23 18:00:00,,,,,,,,,,0.0,,,,,,,,,,,,,,,,,,,,,,,,,,,,,,,,,,,,,,,,,,,,
1992-07-23 19:00:00,,,,,,,,,,0.0,,,,,,,,,,,,,,,,,,,,,,,,,,,,,,,,,,,,,,,,,,,,
1992-07-23 20:00:00,1007.9,1011.2,28.4,24.5,79.0,2.5,225.0,,,0.0,0.0,,,,,,,,,,10.0,,,,,,,,,,,,,,,,,,,,,,,,12.0,,,,,,,,,
1992-07-23 21:00:00,1008.1,1011.4,28.0,24.2,80.0,2.5,202.5,,,0.0,0.0,,,29.6,29.8,30.1,30.2,,,,10.0,,,,,,,,,,,,,,,,,,,,,29.7,,,12.0,,,,,,,,,
1992-07-23 22:00:00,,,,,,,,,,0.0,,,,,,,,,,,,,,,,,,,,,,,,,,,,,,,,,,,,,,,,,,,,
1992-07-23 23:00:00,1008.6,1011.9,27.1,24.1,84.0,2.3,202.5,,,0.0,0.0,,,,,,,,,,4.0,,,,,,,,,,,,,,,,,,,,,,,,12.0,,,,,,,,,
1992-07-24 00:00:00,,,,,,,,,,0.0,,,,,,,,,,,,,,,,,,,,,,,,,,,,,,,,,,,,,,,,,,,,
1992-07-24 01:00:00,,,,,,,,,,0.0,,,,,,,,,,,,,,,,,,,,,,,,,,,,,,,,,,,,,,,,,,,,
1992-07-24 02:00:00,1007.8,1011.1,26.7,23.4,82.0,1.4,157.5,,,0.0,0.0,,,,,,,,,,10.0,,,,,,,,,,,,,,,,,,,,,,,,12.0,,,,,,,,,
1992-07-24 03:00:00,,,,,,,,,,0.0,,,,,,,,,,,,,,,,,,,,,,,,,,,,,,,,,,,,,,,,,,,,
1992-07-24 04:00:00,,,,,,,,,,0.0,,,,,,,,,,,,,,,,,,,,,,,,,,,,,,,,,,,,,,,,,,,,
1992-07-24 05:00:00,1007.9,1011.2,25.5,21.1,77.0,1.9,135.0,,,0.0,0.0,,,28.2,28.0,29.0,29.5,,,,5.0,,,,,,,,,,,,,,,,,,,,,29.5,,,12.0,,,,,,,,,
1992-07-24 06:00:00,,,,,,,,,,0.0,,,,,,,,,,,,,,,,,,,,,,,,,,,,,,,,,,,,,,,,,,,,
1992-07-24 07:00:00,,,,,,,,,,0.0,,,,,,,,,,,,,,,,,,,,,,,,,,,,,,,,,,,,,,,,,,,,
1992-07-24 08:00:00,1009.0,1012.3,27.8,22.5,73.0,1.6,90.0,,,0.0,0.0,0.3,,,,,,,,,6.0,,,,,,,,,,,,,,,,,,,,,,,,15.0,,,,,,,,,
1992-07-24 09:00:00,1008.9,1012.2,29.4,23.8,72.0,0.5,270.0,,,0.0,0.0,0.4,,,,,,,,,4.0,,,,,,,,,,,,,,,,,,,,,,,,20.0,,,,,,,,,
1992-07-24 10:00:00,,,,,,,,,,0.0,,,,,,,,,,,,,,,,,,,,,,,,,,,,,,,,,,,,,,,,,,,,
1992-07-24 11:00:00,1008.1,1011.4,30.6,23.4,66.0,2.8,315.0,,,0.0,0.0,0.2,,,,,,,,,7.0,,,,,,,,,,,,,,,,,,,,,,,,15.0,,,,,,,,,
1992-07-24 12:00:00,,,,,,,,,,0.0,,,,,,,,,,,,,,,,,,,,,,,,,,,,,,,,,,,,,,,,,,,,
1992-07-24 13:00:00,,,,,,,,,,0.0,,,,,,,,,,,,,,,,,,,,,,,,,,,,,,,,,,,,,,,,,,,,
1992-07-24 14:00:00,1006.4,1009.7,30.5,22.9,64.0,3.9,315.0,,,0.0,0.0,0.1,,32.1,31.5,30.5,29.7,,,,10.0,,,,,,,,,,,,,,,,,,,,,29.3,,,15.0,,,,,,,,,
1992-07-24 15:00:00,,,,,,,,,,0.0,,,,,,,,,,,,,,,,,,,,,,,,,,,,,,,,,,,,,,,,,,,,
1992-07-24 16:00:00,,,,,,,,,,0.0,,,,,,,,,,,,,,,,,,,,,,,,,,,,,,,,,,,,,,,,,,,,
1992-07-24 17:00:00,1005.0,1008.3,29.6,24.6,75.0,2.6,315.0,,,0.0,0.0,0.8,,,,,,,,,5.0,,,,,,,,,,,,,,,,,,,,,,,,15.0,,,,,,,,,
1992-07-24 18:00:00,,,,,,,,,,0.0,,,,,,,,,,,,,,,,,,,,,,,,,,,,,,,,,,,,,,,,,,,,
1992-07-24 19:00:00,,,,,,,,,,0.0,,,,,,,,,,,,,,,,,,,,,,,,,,,,,,,,,,,,,,,,,,,,
1992-07-24 20:00:00,1006.6,1009.9,28.4,23.5,75.0,0.6,157.5,,,0.0,0.0,,,,,,,,,,0.0,,,,,,,,,,,,,,,,,,,,,,,,12.0,,,,,,,,,
1992-07-24 21:00:00,1007.5,1010.8,28.1,23.6,77.0,1.1,112.5,,,0.0,0.0,,,29.7,29.8,30.1,30.2,,,,1.0,,,,,,,,,,,,,,,,,,,,,29.6,,,12.0,,,,,,,,,
1992-07-24 22:00:00,,,,,,,,,,0.0,,,,,,,,,,,,,,,,,,,,,,,,,,,,,,,,,,,,,,,,,,,,
1992-07-24 23:00:00,1007.1,1010.4,26.3,23.6,85.0,2.4,112.5,,,0.0,0.0,,,,,,,,,,0.0,,,,,,,,,,,,,,,,,,,,,,,,10.0,,,,,,,,,
1992-07-25 00:00:00,,,,,,,,,,0.0,,,,,,,,,,,,,,,,,,,,,,,,,,,,,,,,,,,,,,,,,,,,
1992-07-25 01:00:00,,,,,,,,,,0.0,,,,,,,,,,,,,,,,,,,,,,,,,,,,,,,,,,,,,,,,,,,,
1992-07-25 02:00:00,1006.6,1009.9,25.4,22.5,84.0,1.5,135.0,,,0.0,0.0,,,,,,,,,,1.0,,,,,,,,,,,,,,,,,,,,,,,,10.0,,,,,,,,,
1992-07-25 03:00:00,,,,,,,,,,0.0,,,,,,,,,,,,,,,,,,,,,,,,,,,,,,,,,,,,,,,,,,,,
1992-07-25 04:00:00,,,,,,,,,,0.0,,,,,,,,,,,,,,,,,,,,,,,,,,,,,,,,,,,,,,,,,,,,
1992-07-25 05:00:00,1006.9,1010.2,24.4,22.1,87.0,1.7,112.5,,,0.0,0.0,,,27.8,27.8,29.0,29.2,,,,2.0,,,,,,,,,,,,,,,,,,,,,29.3,,,10.0,,,,,,,,,
1992-07-25 06:00:00,,,,,,,,,,0.0,,,,,,,,,,,,,,,,,,,,,,,,,,,,,,,,,,,,,,,,,,,,
1992-07-25 07:00:00,,,,,,,,,,0.0,,,,,,,,,,,,,,,,,,,,,,,,,,,,,,,,,,,,,,,,,,,,
1992-07-25 08:00:00,1007.9,1011.2,28.5,23.3,74.0,1.3,135.0,,,0.0,0.0,1.0,,,,,,,,,0.0,,,,,,,,,,,,,,,,,,,,,,,,12.0,,,,,,,,,
1992-07-25 09:00:00,1007.7,1011.0,30.3,22.8,64.0,1.8,90.0,,,0.0,0.0,1.0,,,,,,,,,1.0,,,,,,,,,,,,,,,,,,,,,,,,12.0,,,,,,,,,
1992-07-25 10:00:00,,,,,,,,,,0.0,,,,,,,,,,,,,,,,,,,,,,,,,,,,,,,,,,,,,,,,,,,,
1992-07-25 11:00:00,1007.4,1010.7,31.0,22.6,61.0,3.8,360.0,,,0.0,0.0,0.2,,,,,,,,,10.0,,,,,,,,,,,,,,,,,,,,,,,,10.0,,,,,,,,,
1992-07-25 12:00:00,,,,,,,,,,0.0,,,,,,,,,,,,,,,,,,,,,,,,,,,,,,,,,,,,,,,,,,,,
1992-07-25 13:00:00,,,,,,,,,,0.0,,,,,,,,,,,,,,,,,,,,,,,,,,,,,,,,,,,,,,,,,,,,
1992-07-25 14:00:00,1006.7,1010.0,31.1,23.2,63.0,5.6,315.0,,,0.0,0.0,0.9,,34.5,32.8,30.6,29.8,,,,4.0,,,,,,,,,,,,,,,,,,,,,29.3,,,12.0,,,,,,,,,
1992-07-25 15:00:00,,,,,,,,,,0.0,,,,,,,,,,,,,,,,,,,,,,,,,,,,,,,,,,,,,,,,,,,,
1992-07-25 16:00:00,,,,,,,,,,0.0,,,,,,,,,,,,,,,,,,,,,,,,,,,,,,,,,,,,,,,,,,,,
1992-07-25 17:00:00,1005.8,1009.1,30.1,24.7,73.0,2.0,270.0,,,0.0,0.0,1.0,,,,,,,,,4.0,,,,,,,,,,,,,,,,,,,,,,,,12.0,,,,,,,,,
1992-07-25 18:00:00,,,,,,,,,,0.0,,,,,,,,,,,,,,,,,,,,,,,,,,,,,,,,,,,,,,,,,,,,
1992-07-25 19:00:00,,,,,,,,,,0.0,,,,,,,,,,,,,,,,,,,,,,,,,,,,,,,,,,,,,,,,,,,,
1992-07-25 20:00:00,1007.5,1010.8,28.7,23.0,71.0,0.9,112.5,,,0.0,0.0,,,,,,,,,,6.0,,,,,,,,,,,,,,,,,,,,,,,,10.0,,,,,,,,,
1992-07-25 21:00:00,1008.0,1011.3,28.0,23.2,75.0,0.8,112.5,,,0.0,0.0,,,30.0,30.2,30.5,30.3,,,,3.0,,,,,,,,,,,,,,,,,,,,,29.8,,,10.0,,,,,,,,,
1992-07-25 22:00:00,,,,,,,,,,0.0,,,,,,,,,,,,,,,,,,,,,,,,,,,,,,,,,,,,,,,,,,,,
1992-07-25 23:00:00,1008.6,1011.9,26.7,23.4,82.0,1.3,90.0,,,0.0,0.0,,,,,,,,,,3.0,,,,,,,,,,,,,,,,,,,,,,,,10.0,,,,,,,,,
1992-07-26 00:00:00,,,,,,,,,,0.0,,,,,,,,,,,,,,,,,,,,,,,,,,,,,,,,,,,,,,,,,,,,
1992-07-26 01:00:00,,,,,,,,,,0.0,,,,,,,,,,,,,,,,,,,,,,,,,,,,,,,,,,,,,,,,,,,,
1992-07-26 02:00:00,1007.5,1010.8,25.6,22.6,84.0,1.8,112.5,,,0.0,0.0,,,,,,,,,,2.0,,,,,,,,,,,,,,,,,,,,,,,,10.0,,,,,,,,,
1992-07-26 03:00:00,,,,,,,,,,0.0,,,,,,,,,,,,,,,,,,,,,,,,,,,,,,,,,,,,,,,,,,,,
1992-07-26 04:00:00,,,,,,,,,,0.0,,,,,,,,,,,,,,,,,,,,,,,,,,,,,,,,,,,,,,,,,,,,
1992-07-26 05:00:00,1007.6,1010.9,24.6,21.6,83.0,1.6,135.0,,,0.0,0.0,,,27.9,28.0,29.2,29.2,,,,2.0,,,,,,,,,,,,,,,,,,,,,29.4,,,10.0,,,,,,,,,
1992-07-26 06:00:00,,,,,,,,,,0.0,,,,,,,,,,,,,,,,,,,,,,,,,,,,,,,,,,,,,,,,,,,,
1992-07-26 07:00:00,,,,,,,,,,0.0,,,,,,,,,,,,,,,,,,,,,,,,,,,,,,,,,,,,,,,,,,,,
1992-07-26 08:00:00,1009.2,1012.5,28.1,22.2,70.0,1.6,157.5,,,0.0,0.0,0.5,,,,,,,,,2.0,,,,,,,,,,,,,,,,,,,,,,,,10.0,,,,,,,,,
1992-07-26 09:00:00,1009.2,1012.5,30.1,23.3,67.0,1.7,225.0,,,0.0,0.0,0.9,,,,,,,,,2.0,,,,,,,,,,,,,,,,,,,,,,,,12.0,,,,,,,,,
1992-07-26 10:00:00,,,,,,,,,,0.0,,,,,,,,,,,,,,,,,,,,,,,,,,,,,,,,,,,,,,,,,,,,
1992-07-26 11:00:00,1008.7,1012.0,31.5,24.3,66.0,3.4,315.0,,,0.0,0.0,0.5,,,,,,,,,8.0,,,,,,,,,,,,,,,,,,,,,,,,12.0,,,,,,,,,
1992-07-26 12:00:00,,,,,,,,,,0.0,,,,,,,,,,,,,,,,,,,,,,,,,,,,,,,,,,,,,,,,,,,,
1992-07-26 13:00:00,,,,,,,,,,0.0,,,,,,,,,,,,,,,,,,,,,,,,,,,,,,,,,,,,,,,,,,,,
1992-07-26 14:00:00,1007.5,1010.8,31.3,24.0,65.0,2.7,292.5,,,0.0,0.0,1.0,,36.6,34.0,31.6,30.2,,,,6.0,,,,,,,,,,,,,,,,,,,,,29.6,,,12.0,,,,,,,,,
1992-07-26 15:00:00,,,,,,,,,,0.0,,,,,,,,,,,,,,,,,,,,,,,,,,,,,,,,,,,,,,,,,,,,
1992-07-26 16:00:00,,,,,,,,,,0.0,,,,,,,,,,,,,,,,,,,,,,,,,,,,,,,,,,,,,,,,,,,,
1992-07-26 17:00:00,1007.2,1010.5,30.6,22.2,61.0,2.8,112.5,,,0.0,0.0,0.6,,,,,,,,,9.0,,,,,,,,,,,,,,,,,,,,,,,,12.0,,,,,,,,,
1992-07-26 18:00:00,,,,,,,,,,0.0,,,,,,,,,,,,,,,,,,,,,,,,,,,,,,,,,,,,,,,,,,,,
1992-07-26 19:00:00,,,,,,,,,,0.0,,,,,,,,,,,,,,,,,,,,,,,,,,,,,,,,,,,,,,,,,,,,
1992-07-26 20:00:00,1007.7,1011.0,28.3,21.9,68.0,1.3,112.5,,,0.0,0.0,,,,,,,,,,2.0,,,,,,,,,,,,,,,,,,,,,,,,12.0,,,,,,,,,
1992-07-26 21:00:00,1008.3,1011.6,26.7,22.2,76.0,1.9,90.0,,,0.0,0.0,,,30.3,30.7,31.0,30.8,,,,3.0,,,,,,,,,,,,,,,,,,,,,30.1,,,12.0,,,,,,,,,
1992-07-26 22:00:00,,,,,,,,,,0.0,,,,,,,,,,,,,,,,,,,,,,,,,,,,,,,,,,,,,,,,,,,,
1992-07-26 23:00:00,1008.8,1012.1,26.1,21.6,76.0,1.5,112.5,,,0.0,0.0,,,,,,,,,,2.0,,,,,,,,,,,,,,,,,,,,,,,,12.0,,,,,,,,,
1992-07-27 00:00:00,,,,,,,,,,0.0,,,,,,,,,,,,,,,,,,,,,,,,,,,,,,,,,,,,,,,,,,,,
1992-07-27 01:00:00,,,,,,,,,,0.0,,,,,,,,,,,,,,,,,,,,,,,,,,,,,,,,,,,,,,,,,,,,
1992-07-27 02:00:00,1008.1,1011.4,25.0,21.3,80.0,1.9,90.0,,,0.0,0.0,,,,,,,,,,10.0,,,,,,,,,,,,,,,,,,,,,,,,12.0,,,,,,,,,
1992-07-27 03:00:00,,,,,,,,,,0.0,,,,,,,,,,,,,,,,,,,,,,,,,,,,,,,,,,,,,,,,,,,,
1992-07-27 04:00:00,,,,,,,,,,0.0,,,,,,,,,,,,,,,,,,,,,,,,,,,,,,,,,,,,,,,,,,,,
1992-07-27 05:00:00,1008.3,1011.6,25.4,21.2,78.0,1.6,112.5,,,0.0,0.0,,,28.1,28.6,29.3,29.8,,,,10.0,,,,,,,,,,,,,,,,,,,,,29.8,,,12.0,,,,,,,,,
1992-07-27 06:00:00,,,,,,,,,,0.0,,,,,,,,,,,,,,,,,,,,,,,,,,,,,,,,,,,,,,,,,,,,
1992-07-27 07:00:00,,,,,,,,,,0.0,,,,,,,,,,,,,,,,,,,,,,,,,,,,,,,,,,,,,,,,,,,,
1992-07-27 08:00:00,1009.7,1013.0,28.1,22.3,71.0,1.9,135.0,,,0.0,0.0,0.5,,,,,,,,,6.0,,,,,,,,,,,,,,,,,,,,,,,,10.0,,,,,,,,,
1992-07-27 09:00:00,1009.6,1012.9,29.6,24.2,73.0,1.2,180.0,,,0.0,0.0,1.0,,,,,,,,,2.0,,,,,,,,,,,,,,,,,,,,,,,,12.0,,,,,,,,,
1992-07-27 10:00:00,,,,,,,,,,0.0,,,,,,,,,,,,,,,,,,,,,,,,,,,,,,,,,,,,,,,,,,,,
1992-07-27 11:00:00,1009.3,1012.6,32.1,24.9,66.0,3.6,292.5,,,0.0,0.0,0.9,,,,,,,,,3.0,,,,,,,,,,,,,,,,,,,,,,,,12.0,,,,,,,,,
1992-07-27 12:00:00,,,,,,,,,,0.0,,,,,,,,,,,,,,,,,,,,,,,,,,,,,,,,,,,,,,,,,,,,
1992-07-27 13:00:00,,,,,,,,,,0.0,,,,,,,,,,,,,,,,,,,,,,,,,,,,,,,,,,,,,,,,,,,,
1992-07-27 14:00:00,1007.7,1011.0,32.9,21.4,51.0,3.5,315.0,,,0.0,0.0,1.0,,39.3,36.5,33.6,31.1,,,,1.0,,,,,,,,,,,,,,,,,,,,,30.1,,,12.0,,,,,,,,,
1992-07-27 15:00:00,,,,,,,,,,0.0,,,,,,,,,,,,,,,,,,,,,,,,,,,,,,,,,,,,,,,,,,,,
1992-07-27 16:00:00,,,,,,,,,,0.0,,,,,,,,,,,,,,,,,,,,,,,,,,,,,,,,,,,,,,,,,,,,
1992-07-27 17:00:00,1007.0,1010.3,31.3,22.6,60.0,3.4,315.0,,,0.0,0.0,1.0,,,,,,,,,3.0,,,,,,,,,,,,,,,,,,,,,,,,12.0,,,,,,,,,
1992-07-27 18:00:00,,,,,,,,,,0.0,,,,,,,,,,,,,,,,,,,,,,,,,,,,,,,,,,,,,,,,,,,,
1992-07-27 19:00:00,,,,,,,,,,0.0,,,,,,,,,,,,,,,,,,,,,,,,,,,,,,,,,,,,,,,,,,,,
1992-07-27 20:00:00,1007.6,1010.9,29.0,22.9,70.0,1.1,292.5,,,0.0,0.0,,,,,,,,,,2.0,,,,,,,,,,,,,,,,,,,,,,,,12.0,,,,,,,,,
1992-07-27 21:00:00,1008.1,1011.4,28.5,23.1,73.0,1.1,202.5,,,0.0,0.0,,,31.4,32.0,32.3,31.3,,,,2.0,,,,,,,,,,,,,,,,,,,,,30.6,,,12.0,,,,,,,,,
1992-07-27 22:00:00,,,,,,,,,,0.0,,,,,,,,,,,,,,,,,,,,,,,,,,,,,,,,,,,,,,,,,,,,
1992-07-27 23:00:00,1008.6,1011.9,27.5,23.4,78.0,1.3,157.5,,,0.0,0.0,,,,,,,,,,0.0,,,,,,,,,,,,,,,,,,,,,,,,12.0,,,,,,,,,
1992-07-28 00:00:00,,,,,,,,,,0.0,,,,,,,,,,,,,,,,,,,,,,,,,,,,,,,,,,,,,,,,,,,,
1992-07-28 01:00:00,,,,,,,,,,0.0,,,,,,,,,,,,,,,,,,,,,,,,,,,,,,,,,,,,,,,,,,,,
1992-07-28 02:00:00,1007.5,1010.8,26.4,23.1,82.0,1.2,180.0,,,0.0,0.0,,,,,,,,,,0.0,,,,,,,,,,,,,,,,,,,,,,,,12.0,,,,,,,,,
1992-07-28 03:00:00,,,,,,,,,,0.0,,,,,,,,,,,,,,,,,,,,,,,,,,,,,,,,,,,,,,,,,,,,
1992-07-28 04:00:00,,,,,,,,,,0.0,,,,,,,,,,,,,,,,,,,,,,,,,,,,,,,,,,,,,,,,,,,,
1992-07-28 05:00:00,1008.0,1011.3,25.5,22.8,85.0,0.3,135.0,,,0.0,0.0,,,28.8,29.5,30.1,30.5,,,,4.0,,,,,,,,,,,,,,,,,,,,,30.2,,,10.0,,,,,,,,,
1992-07-28 06:00:00,,,,,,,,,,0.0,,,,,,,,,,,,,,,,,,,,,,,,,,,,,,,,,,,,,,,,,,,,
1992-07-28 07:00:00,,,,,,,,,,0.0,,,,,,,,,,,,,,,,,,,,,,,,,,,,,,,,,,,,,,,,,,,,
1992-07-28 08:00:00,1009.5,1012.8,29.0,24.1,75.0,1.6,202.5,,,0.0,0.0,1.0,,,,,,,,,3.0,,,,,,,,,,,,,,,,,,,,,,,,10.0,,,,,,,,,
1992-07-28 09:00:00,1009.4,1012.7,29.9,24.0,71.0,1.8,247.5,,,0.0,0.0,1.0,,,,,,,,,2.0,,,,,,,,,,,,,,,,,,,,,,,,12.0,,,,,,,,,
1992-07-28 10:00:00,,,,,,,,,,0.0,,,,,,,,,,,,,,,,,,,,,,,,,,,,,,,,,,,,,,,,,,,,
1992-07-28 11:00:00,1008.9,1012.2,31.4,23.7,64.0,2.3,270.0,,,0.0,0.0,0.9,,,,,,,,,2.0,,,,,,,,,,,,,,,,,,,,,,,,12.0,,,,,,,,,
1992-07-28 12:00:00,,,,,,,,,,0.0,,,,,,,,,,,,,,,,,,,,,,,,,,,,,,,,,,,,,,,,,,,,
1992-07-28 13:00:00,,,,,,,,,,0.0,,,,,,,,,,,,,,,,,,,,,,,,,,,,,,,,,,,,,,,,,,,,
1992-07-28 14:00:00,1007.2,1010.5,31.9,24.8,66.0,2.7,292.5,,,0.0,0.0,1.0,,39.4,36.5,33.8,31.4,,,,6.0,,,,,,,,,,,,,,,,,,,,,30.4,,,12.0,,,,,,,,,
1992-07-28 15:00:00,,,,,,,,,,0.0,,,,,,,,,,,,,,,,,,,,,,,,,,,,,,,,,,,,,,,,,,,,
1992-07-28 16:00:00,,,,,,,,,,0.0,,,,,,,,,,,,,,,,,,,,,,,,,,,,,,,,,,,,,,,,,,,,
1992-07-28 17:00:00,1006.0,1009.3,31.1,24.5,68.0,2.7,292.5,,,0.0,0.0,1.0,,,,,,,,,6.0,,,,,,,,,,,,,,,,,,,,,,,,12.0,,,,,,,,,
1992-07-28 18:00:00,,,,,,,,,,0.0,,,,,,,,,,,,,,,,,,,,,,,,,,,,,,,,,,,,,,,,,,,,
1992-07-28 19:00:00,,,,,,,,,,0.0,,,,,,,,,,,,,,,,,,,,,,,,,,,,,,,,,,,,,,,,,,,,
1992-07-28 20:00:00,1007.9,1011.2,28.6,24.7,79.0,2.5,247.5,,,0.0,0.0,,,,,,,,,,4.0,,,,,,,,,,,,,,,,,,,,,,,,10.0,,,,,,,,,
1992-07-28 21:00:00,1007.9,1011.2,28.2,24.7,81.0,2.0,202.5,,,0.0,0.0,,,31.6,32.1,32.5,32.0,,,,2.0,,,,,,,,,,,,,,,,,,,,,30.8,,,10.0,,,,,,,,,
1992-07-28 22:00:00,,,,,,,,,,0.0,,,,,,,,,,,,,,,,,,,,,,,,,,,,,,,,,,,,,,,,,,,,
1992-07-28 23:00:00,1008.0,1011.3,27.9,24.7,83.0,1.7,202.5,,,0.0,0.0,,,,,,,,,,2.0,,,,,,,,,,,,,,,,,,,,,,,,10.0,,,,,,,,,
1992-07-29 00:00:00,,,,,,,,,,0.0,,,,,,,,,,,,,,,,,,,,,,,,,,,,,,,,,,,,,,,,,,,,
1992-07-29 01:00:00,,,,,,,,,,0.0,,,,,,,,,,,,,,,,,,,,,,,,,,,,,,,,,,,,,,,,,,,,
1992-07-29 02:00:00,1007.0,1010.3,27.4,24.4,84.0,2.1,202.5,,,0.0,0.0,,,,,,,,,,8.0,,,,,,,,,,,,,,,,,,,,,,,,10.0,,,,,,,,,
1992-07-29 03:00:00,,,,,,,,,,0.0,,,,,,,,,,,,,,,,,,,,,,,,,,,,,,,,,,,,,,,,,,,,
1992-07-29 04:00:00,,,,,,,,,,0.0,,,,,,,,,,,,,,,,,,,,,,,,,,,,,,,,,,,,,,,,,,,,
1992-07-29 05:00:00,1006.6,1009.9,25.9,22.0,79.0,1.8,157.5,,,0.0,0.0,,,29.1,29.8,30.5,30.7,,,,3.0,,,,,,,,,,,,,,,,,,,,,30.6,,,10.0,,,,,,,,,
1992-07-29 06:00:00,,,,,,,,,,0.0,,,,,,,,,,,,,,,,,,,,,,,,,,,,,,,,,,,,,,,,,,,,
1992-07-29 07:00:00,,,,,,,,,,0.0,,,,,,,,,,,,,,,,,,,,,,,,,,,,,,,,,,,,,,,,,,,,
1992-07-29 08:00:00,1007.2,1010.5,28.5,22.8,71.0,1.2,157.5,,,0.0,0.0,1.0,,,,,,,,,3.0,,,,,,,,,,,,,,,,,,,,,,,,8.0,,,,,,,,,
1992-07-29 09:00:00,1007.2,1010.5,30.7,23.8,67.0,2.2,225.0,,,0.0,0.0,1.0,,,,,,,,,2.0,,,,,,,,,,,,,,,,,,,,,,,,8.0,,,,,,,,,
1992-07-29 10:00:00,,,,,,,,,,0.0,,,,,,,,,,,,,,,,,,,,,,,,,,,,,,,,,,,,,,,,,,,,
1992-07-29 11:00:00,1006.7,1010.0,31.9,24.8,66.0,3.1,270.0,,,0.0,0.0,1.0,,,,,,,,,2.0,,,,,,,,,,,,,,,,,,,,,,,,10.0,,,,,,,,,
1992-07-29 12:00:00,,,,,,,,,,0.0,,,,,,,,,,,,,,,,,,,,,,,,,,,,,,,,,,,,,,,,,,,,
1992-07-29 13:00:00,,,,,,,,,,0.0,,,,,,,,,,,,,,,,,,,,,,,,,,,,,,,,,,,,,,,,,,,,
1992-07-29 14:00:00,1005.1,1008.3,33.0,25.4,64.0,3.0,292.5,,,0.0,0.0,1.0,,39.9,37.2,34.3,31.8,,,,2.0,,,,,,,,,,,,,,,,,,,,,30.8,,,10.0,,,,,,,,,
1992-07-29 15:00:00,,,,,,,,,,0.0,,,,,,,,,,,,,,,,,,,,,,,,,,,,,,,,,,,,,,,,,,,,
1992-07-29 16:00:00,,,,,,,,,,0.0,,,,,,,,,,,,,,,,,,,,,,,,,,,,,,,,,,,,,,,,,,,,
1992-07-29 17:00:00,1004.2,1007.5,31.0,24.0,66.0,1.9,270.0,,,0.0,0.0,1.0,,,,,,,,,2.0,,,,,,,,,,,,,,,,,,,,,,,,12.0,,,,,,,,,
1992-07-29 18:00:00,,,,,,,,,,0.0,,,,,,,,,,,,,,,,,,,,,,,,,,,,,,,,,,,,,,,,,,,,
1992-07-29 19:00:00,,,,,,,,,,0.0,,,,,,,,,,,,,,,,,,,,,,,,,,,,,,,,,,,,,,,,,,,,
1992-07-29 20:00:00,1005.6,1008.9,29.0,24.5,77.0,1.4,270.0,,,0.0,0.0,,,,,,,,,,1.0,,,,,,,,,,,,,,,,,,,,,,,,10.0,,,,,,,,,
1992-07-29 21:00:00,1006.4,1009.7,28.7,24.9,80.0,0.8,225.0,,,0.0,0.0,,,31.9,32.5,32.8,32.3,,,,2.0,,,,,,,,,,,,,,,,,,,,,31.1,,,12.0,,,,,,,,,
1992-07-29 22:00:00,,,,,,,,,,0.0,,,,,,,,,,,,,,,,,,,,,,,,,,,,,,,,,,,,,,,,,,,,
1992-07-29 23:00:00,1006.9,1010.2,28.3,25.0,82.0,1.5,225.0,,,0.0,0.0,,,,,,,,,,6.0,,,,,,,,,,,,,,,,,,,,,,,,10.0,,,,,,,,,
1992-07-30 00:00:00,,,,,,,,,,0.0,,,,,,,,,,,,,,,,,,,,,,,,,,,,,,,,,,,,,,,,,,,,
1992-07-30 01:00:00,,,,,,,,,,0.0,,,,,,,,,,,,,,,,,,,,,,,,,,,,,,,,,,,,,,,,,,,,
1992-07-30 02:00:00,1004.8,1008.1,27.7,24.4,82.0,1.8,202.5,,,0.0,0.0,,,,,,,,,,9.0,,,,,,,,,,,,,,,,,,,,,,,,10.0,,,,,,,,,
1992-07-30 03:00:00,,,,,,,,,,0.0,,,,,,,,,,,,,,,,,,,,,,,,,,,,,,,,,,,,,,,,,,,,
1992-07-30 04:00:00,,,,,,,,,,0.0,,,,,,,,,,,,,,,,,,,,,,,,,,,,,,,,,,,,,,,,,,,,
1992-07-30 05:00:00,1005.0,1008.3,26.5,24.2,87.0,1.2,157.5,,,0.0,0.0,,,29.6,29.9,30.7,31.0,,,,4.0,,,,,,,,,,,,,,,,,,,,,30.8,,,10.0,,,,,,,,,
1992-07-30 06:00:00,,,,,,,,,,0.0,,,,,,,,,,,,,,,,,,,,,,,,,,,,,,,,,,,,,,,,,,,,
1992-07-30 07:00:00,,,,,,,,,,0.0,,,,,,,,,,,,,,,,,,,,,,,,,,,,,,,,,,,,,,,,,,,,
1992-07-30 08:00:00,1005.7,1009.0,28.9,23.4,72.0,1.4,135.0,,,0.0,0.0,1.0,,,,,,,,,0.0,,,,,,,,,,,,,,,,,,,,,,,,8.0,,,,,,,,,
1992-07-30 09:00:00,1005.7,1009.0,30.4,24.2,70.0,0.5,157.5,,,0.0,0.0,1.0,,,,,,,,,2.0,,,,,,,,,,,,,,,,,,,,,,,,8.0,,,,,,,,,
1992-07-30 10:00:00,,,,,,,,,,0.0,,,,,,,,,,,,,,,,,,,,,,,,,,,,,,,,,,,,,,,,,,,,
1992-07-30 11:00:00,1005.3,1008.6,31.2,25.2,71.0,3.3,270.0,,,0.0,0.0,0.7,,,,,,,,,2.0,,,,,,,,,,,,,,,,,,,,,,,,12.0,,,,,,,,,
1992-07-30 12:00:00,,,,,,,,,,0.0,,,,,,,,,,,,,,,,,,,,,,,,,,,,,,,,,,,,,,,,,,,,
1992-07-30 13:00:00,,,,,,,,,,0.0,,,,,,,,,,,,,,,,,,,,,,,,,,,,,,,,,,,,,,,,,,,,
1992-07-30 14:00:00,1003.4,1006.7,31.6,25.1,69.0,3.7,270.0,,,0.0,0.0,1.0,,39.3,36.8,34.1,31.9,,,,0.0,,,,,,,,,,,,,,,,,,,,,30.9,,,12.0,,,,,,,,,
1992-07-30 15:00:00,,,,,,,,,,0.0,,,,,,,,,,,,,,,,,,,,,,,,,,,,,,,,,,,,,,,,,,,,
1992-07-30 16:00:00,,,,,,,,,,0.0,,,,,,,,,,,,,,,,,,,,,,,,,,,,,,,,,,,,,,,,,,,,
1992-07-30 17:00:00,1002.4,1005.7,30.0,24.2,71.0,2.6,270.0,,,0.0,0.0,1.0,,,,,,,,,2.0,,,,,,,,,,,,,,,,,,,,,,,,15.0,,,,,,,,,
1992-07-30 18:00:00,,,,,,,,,,0.0,,,,,,,,,,,,,,,,,,,,,,,,,,,,,,,,,,,,,,,,,,,,
1992-07-30 19:00:00,,,,,,,,,,0.0,,,,,,,,,,,,,,,,,,,,,,,,,,,,,,,,,,,,,,,,,,,,
1992-07-30 20:00:00,1004.5,1007.8,28.6,24.6,79.0,1.7,292.5,,,0.0,0.0,,,,,,,,,,6.0,,,,,,,,,,,,,,,,,,,,,,,,12.0,,,,,,,,,
1992-07-30 21:00:00,1005.1,1008.4,28.4,24.5,79.0,1.8,247.5,,,0.0,0.0,,,32.0,32.6,33.0,32.4,,,,6.0,,,,,,,,,,,,,,,,,,,,,31.2,,,12.0,,,,,,,,,
1992-07-30 22:00:00,,,,,,,,,,0.0,,,,,,,,,,,,,,,,,,,,,,,,,,,,,,,,,,,,,,,,,,,,
1992-07-30 23:00:00,1005.3,1008.6,28.0,24.7,82.0,1.3,202.5,,,0.0,0.0,,,,,,,,,,3.0,,,,,,,,,,,,,,,,,,,,,,,,12.0,,,,,,,,,
1992-07-31 00:00:00,,,,,,,,,,0.0,,,,,,,,,,,,,,,,,,,,,,,,,,,,,,,,,,,,,,,,,,,,
1992-07-31 01:00:00,,,,,,,,,,0.0,,,,,,,,,,,,,,,,,,,,,,,,,,,,,,,,,,,,,,,,,,,,
1992-07-31 02:00:00,1004.3,1007.6,26.7,24.3,87.0,1.5,112.5,,,0.0,0.0,,,,,,,,,,2.0,,,,,,,,,,,,,,,,,,,,,,,,12.0,,,,,,,,,
1992-07-31 03:00:00,,,,,,,,,,0.0,,,,,,,,,,,,,,,,,,,,,,,,,,,,,,,,,,,,,,,,,,,,
1992-07-31 04:00:00,,,,,,,,,,0.0,,,,,,,,,,,,,,,,,,,,,,,,,,,,,,,,,,,,,,,,,,,,
1992-07-31 05:00:00,1004.5,1007.8,25.6,23.0,86.0,1.6,135.0,,,0.0,0.0,,,29.3,29.8,30.6,31.0,,,,6.0,,,,,,,,,,,,,,,,,,,,,30.8,,,12.0,,,,,,,,,
1992-07-31 06:00:00,,,,,,,,,,0.0,,,,,,,,,,,,,,,,,,,,,,,,,,,,,,,,,,,,,,,,,,,,
1992-07-31 07:00:00,,,,,,,,,,0.0,,,,,,,,,,,,,,,,,,,,,,,,,,,,,,,,,,,,,,,,,,,,
1992-07-31 08:00:00,1005.6,1008.9,28.4,24.0,77.0,0.3,135.0,,,0.0,0.0,1.0,,,,,,,,,3.0,,,,,,,,,,,,,,,,,,,,,,,,12.0,,,,,,,,,
1992-07-31 09:00:00,1005.4,1008.7,30.2,23.9,69.0,2.2,202.5,,,0.0,0.0,1.0,,,,,,,,,7.0,,,,,,,,,,,,,,,,,,,,,,,,12.0,,,,,,,,,
1992-07-31 10:00:00,,,,,,,,,,0.0,,,,,,,,,,,,,,,,,,,,,,,,,,,,,,,,,,,,,,,,,,,,
1992-07-31 11:00:00,1004.6,1007.9,31.3,24.6,68.0,3.0,292.5,,,0.0,0.0,0.7,,,,,,,,,9.0,,,,,,,,,,,,,,,,,,,,,,,,12.0,,,,,,,,,
1992-07-31 12:00:00,,,,,,,,,,0.0,,,,,,,,,,,,,,,,,,,,,,,,,,,,,,,,,,,,,,,,,,,,
1992-07-31 13:00:00,,,,,,,,,,0.0,,,,,,,,,,,,,,,,,,,,,,,,,,,,,,,,,,,,,,,,,,,,
1992-07-31 14:00:00,1003.5,1006.8,31.8,24.2,64.0,4.7,292.5,,,0.0,0.0,1.0,,38.2,36.2,33.7,31.7,,,,9.0,,,,,,,,,,,,,,,,,,,,,30.9,,,12.0,,,,,,,,,
1992-07-31 15:00:00,,,,,,,,,,0.0,,,,,,,,,,,,,,,,,,,,,,,,,,,,,,,,,,,,,,,,,,,,
1992-07-31 16:00:00,,,,,,,,,,0.0,,,,,,,,,,,,,,,,,,,,,,,,,,,,,,,,,,,,,,,,,,,,
1992-07-31 17:00:00,1002.3,1005.6,30.6,24.4,70.0,2.4,315.0,,,0.0,0.0,0.7,,,,,,,,,9.0,,,,,,,,,,,,,,,,,,,,,,,,12.0,,,,,,,,,
1992-07-31 18:00:00,,,,,,,,,,0.0,,,,,,,,,,,,,,,,,,,,,,,,,,,,,,,,,,,,,,,,,,,,
1992-07-31 19:00:00,,,,,,,,,,0.0,,,,,,,,,,,,,,,,,,,,,,,,,,,,,,,,,,,,,,,,,,,,
1992-07-31 20:00:00,1004.3,1007.6,28.6,24.2,77.0,1.0,337.5,,,0.0,0.0,,,,,,,,,,8.0,,,,,,,,,,,,,,,,,,,,,,,,12.0,,,,,,,,,
1992-07-31 21:00:00,1005.4,1008.7,28.7,24.2,77.0,0.8,67.5,,,0.0,0.0,,,31.9,32.5,32.8,32.3,,,,9.0,,,,,,,,,,,,,,,,,,,,,31.1,,,12.0,,,,,,,,,
1992-07-31 22:00:00,,,,,,,,,,0.0,,,,,,,,,,,,,,,,,,,,,,,,,,,,,,,,,,,,,,,,,,,,
1992-07-31 23:00:00,1005.4,1008.7,27.6,24.3,82.0,2.0,157.5,,,0.0,0.0,,,,,,,,,,4.0,,,,,,,,,,,,,,,,,,,,,,,,12.0,,,,,,,,,
1992-08-01 00:00:00,,,,,,,,,,0.0,,,,,,,,,,,,,,,,,,,,,,,,,,,,,,,,,,,,,,,,,,,,
1992-08-01 01:00:00,,,,,,,,,,0.0,,,,,,,,,,,,,,,,,,,,,,,,,,,,,,,,,,,,,,,,,,,,
1992-08-01 02:00:00,1004.2,1007.5,26.6,24.2,87.0,1.4,135.0,,,0.0,0.0,,,,,,,,,,4.0,,,,,,,,,,,,,,,,,,,,,,,,12.0,,,,,,,,,
1992-08-01 03:00:00,,,,,,,,,,0.0,,,,,,,,,,,,,,,,,,,,,,,,,,,,,,,,,,,,,,,,,,,,
1992-08-01 04:00:00,,,,,,,,,,0.0,,,,,,,,,,,,,,,,,,,,,,,,,,,,,,,,,,,,,,,,,,,,
1992-08-01 05:00:00,1004.8,1008.1,25.9,23.6,87.0,1.6,157.5,,,0.0,0.0,,,29.4,30.0,30.7,31.1,,,,10.0,,,,,,,,,,,,,,,,,,,,,30.8,,,10.0,,,,,,,,,
1992-08-01 06:00:00,,,,,,,,,,0.0,,,,,,,,,,,,,,,,,,,,,,,,,,,,,,,,,,,,,,,,,,,,
1992-08-01 07:00:00,,,,,,,,,,0.0,,,,,,,,,,,,,,,,,,,,,,,,,,,,,,,,,,,,,,,,,,,,
1992-08-01 08:00:00,1005.5,1008.8,28.7,23.8,75.0,1.6,135.0,,,0.0,0.0,1.0,,,,,,,,,3.0,,,,,,,,,,,,,,,,,,,,,,,,10.0,,,,,,,,,
1992-08-01 09:00:00,1005.5,1008.8,29.7,23.6,70.0,1.6,202.5,,,0.0,0.0,1.0,,,,,,,,,2.0,,,,,,,,,,,,,,,,,,,,,,,,15.0,,,,,,,,,
1992-08-01 10:00:00,,,,,,,,,,0.0,,,,,,,,,,,,,,,,,,,,,,,,,,,,,,,,,,,,,,,,,,,,
1992-08-01 11:00:00,1005.7,1009.0,31.5,24.2,65.0,4.7,315.0,,,0.0,0.0,0.8,,,,,,,,,5.0,,,,,,,,,,,,,,,,,,,,,,,,15.0,,,,,,,,,
1992-08-01 12:00:00,,,,,,,,,,0.0,,,,,,,,,,,,,,,,,,,,,,,,,,,,,,,,,,,,,,,,,,,,
1992-08-01 13:00:00,,,,,,,,,,0.0,,,,,,,,,,,,,,,,,,,,,,,,,,,,,,,,,,,,,,,,,,,,
1992-08-01 14:00:00,1004.7,1008.0,31.6,24.3,65.0,5.2,315.0,,,0.0,0.0,0.8,,39.5,36.8,34.2,31.9,,,,5.0,,,,,,,,,,,,,,,,,,,,,30.9,,,18.0,,,,,,,,,
1992-08-01 15:00:00,,,,,,,,,,0.0,,,,,,,,,,,,,,,,,,,,,,,,,,,,,,,,,,,,,,,,,,,,
1992-08-01 16:00:00,,,,,,,,,,0.0,,,,,,,,,,,,,,,,,,,,,,,,,,,,,,,,,,,,,,,,,,,,
1992-08-01 17:00:00,1003.8,1007.1,30.3,23.5,67.0,1.1,157.5,,,0.0,0.0,0.3,,,,,,,,,7.0,,,,,,,,,,,,,,,,,,,,,,,,15.0,,,,,,,,,
1992-08-01 18:00:00,,,,,,,,,,0.0,,,,,,,,,,,,,,,,,,,,,,,,,,,,,,,,,,,,,,,,,,,,
1992-08-01 19:00:00,,,,,,,,,,0.0,,,,,,,,,,,,,,,,,,,,,,,,,,,,,,,,,,,,,,,,,,,,
1992-08-01 20:00:00,1004.1,1007.4,28.8,23.8,74.0,1.0,112.5,,,0.0,0.0,,,,,,,,,,2.0,,,,,,,,,,,,,,,,,,,,,,,,12.0,,,,,,,,,
1992-08-01 21:00:00,1004.9,1008.2,28.0,24.1,79.0,0.9,112.5,,,0.0,0.0,,,31.3,32.1,32.6,32.3,,,,2.0,,,,,,,,,,,,,,,,,,,,,31.2,,,12.0,,,,,,,,,
1992-08-01 22:00:00,,,,,,,,,,0.0,,,,,,,,,,,,,,,,,,,,,,,,,,,,,,,,,,,,,,,,,,,,
1992-08-01 23:00:00,1005.9,1009.2,27.0,23.9,83.0,1.3,157.5,,,0.0,0.0,,,,,,,,,,4.0,,,,,,,,,,,,,,,,,,,,,,,,12.0,,,,,,,,,
1992-08-02 00:00:00,,,,,,,,,,0.0,,,,,,,,,,,,,,,,,,,,,,,,,,,,,,,,,,,,,,,,,,,,
1992-08-02 01:00:00,,,,,,,,,,0.0,,,,,,,,,,,,,,,,,,,,,,,,,,,,,,,,,,,,,,,,,,,,
1992-08-02 02:00:00,1004.7,1008.0,25.9,22.7,83.0,1.0,112.5,,,0.0,0.0,,,,,,,,,,2.0,,,,,,,,,,,,,,,,,,,,,,,,10.0,,,,,,,,,
1992-08-02 03:00:00,,,,,,,,,,0.0,,,,,,,,,,,,,,,,,,,,,,,,,,,,,,,,,,,,,,,,,,,,
1992-08-02 04:00:00,,,,,,,,,,0.0,,,,,,,,,,,,,,,,,,,,,,,,,,,,,,,,,,,,,,,,,,,,
1992-08-02 05:00:00,1005.0,1008.3,25.4,22.3,83.0,2.0,112.5,,,0.0,0.0,,,28.8,29.5,30.3,30.8,,,,3.0,,,,,,,,,,,,,,,,,,,,,30.8,,,10.0,,,,,,,,,
1992-08-02 06:00:00,,,,,,,,,,0.0,,,,,,,,,,,,,,,,,,,,,,,,,,,,,,,,,,,,,,,,,,,,
1992-08-02 07:00:00,,,,,,,,,,0.0,,,,,,,,,,,,,,,,,,,,,,,,,,,,,,,,,,,,,,,,,,,,
1992-08-02 08:00:00,1006.4,1009.7,27.9,22.7,73.0,1.1,157.5,,,0.0,0.0,0.9,,,,,,,,,0.0,,,,,,,,,,,,,,,,,,,,,,,,8.0,,,,,,,,,
1992-08-02 09:00:00,1006.7,1010.0,29.8,24.2,72.0,2.0,315.0,,,0.0,0.0,1.0,,,,,,,,,1.0,,,,,,,,,,,,,,,,,,,,,,,,8.0,,,,,,,,,
1992-08-02 10:00:00,,,,,,,,,,0.0,,,,,,,,,,,,,,,,,,,,,,,,,,,,,,,,,,,,,,,,,,,,
1992-08-02 11:00:00,1006.0,1009.3,32.1,24.1,63.0,2.5,292.5,,,0.0,0.0,0.9,,,,,,,,,3.0,,,,,,,,,,,,,,,,,,,,,,,,8.0,,,,,,,,,
1992-08-02 12:00:00,,,,,,,,,,0.0,,,,,,,,,,,,,,,,,,,,,,,,,,,,,,,,,,,,,,,,,,,,
1992-08-02 13:00:00,,,,,,,,,,0.0,,,,,,,,,,,,,,,,,,,,,,,,,,,,,,,,,,,,,,,,,,,,
1992-08-02 14:00:00,1004.8,1008.1,32.3,23.7,61.0,4.4,315.0,,,0.0,0.0,1.0,,40.5,37.4,34.4,31.8,,,,2.0,,,,,,,,,,,,,,,,,,,,,30.9,,,12.0,,,,,,,,,
1992-08-02 15:00:00,,,,,,,,,,0.0,,,,,,,,,,,,,,,,,,,,,,,,,,,,,,,,,,,,,,,,,,,,
1992-08-02 16:00:00,,,,,,,,,,0.0,,,,,,,,,,,,,,,,,,,,,,,,,,,,,,,,,,,,,,,,,,,,
1992-08-02 17:00:00,1003.6,1006.9,31.3,22.6,60.0,1.2,270.0,,,0.0,0.0,1.0,,,,,,,,,1.0,,,,,,,,,,,,,,,,,,,,,,,,12.0,,,,,,,,,
1992-08-02 18:00:00,,,,,,,,,,0.0,,,,,,,,,,,,,,,,,,,,,,,,,,,,,,,,,,,,,,,,,,,,
1992-08-02 19:00:00,,,,,,,,,,0.0,,,,,,,,,,,,,,,,,,,,,,,,,,,,,,,,,,,,,,,,,,,,
1992-08-02 20:00:00,1005.7,1009.0,29.4,23.9,72.0,1.5,360.0,,,0.0,0.0,,,,,,,,,,0.0,,,,,,,,,,,,,,,,,,,,,,,,12.0,,,,,,,,,
1992-08-02 21:00:00,1006.2,1009.5,28.7,23.8,75.0,2.0,45.0,,,0.0,0.0,,,32.1,32.8,33.1,32.6,,,,3.0,,,,,,,,,,,,,,,,,,,,,31.3,,,10.0,,,,,,,,,
1992-08-02 22:00:00,,,,,,,,,,0.0,,,,,,,,,,,,,,,,,,,,,,,,,,,,,,,,,,,,,,,,,,,,
1992-08-02 23:00:00,1005.8,1009.1,27.5,24.2,82.0,1.3,157.5,,,0.0,0.0,,,,,,,,,,0.0,,,,,,,,,,,,,,,,,,,,,,,,10.0,,,,,,,,,
1992-08-03 00:00:00,,,,,,,,,,0.0,,,,,,,,,,,,,,,,,,,,,,,,,,,,,,,,,,,,,,,,,,,,
1992-08-03 01:00:00,,,,,,,,,,0.0,,,,,,,,,,,,,,,,,,,,,,,,,,,,,,,,,,,,,,,,,,,,
1992-08-03 02:00:00,1005.2,1008.5,26.5,22.2,77.0,1.6,112.5,,,0.0,0.0,,,,,,,,,,0.0,,,,,,,,,,,,,,,,,,,,,,,,10.0,,,,,,,,,
1992-08-03 03:00:00,,,,,,,,,,0.0,,,,,,,,,,,,,,,,,,,,,,,,,,,,,,,,,,,,,,,,,,,,
1992-08-03 04:00:00,,,,,,,,,,0.0,,,,,,,,,,,,,,,,,,,,,,,,,,,,,,,,,,,,,,,,,,,,
1992-08-03 05:00:00,1006.1,1009.4,25.9,21.8,78.0,1.6,112.5,,,0.0,0.0,,,29.3,29.8,30.8,31.1,,,,2.0,,,,,,,,,,,,,,,,,,,,,30.8,,,10.0,,,,,,,,,
1992-08-03 06:00:00,,,,,,,,,,0.0,,,,,,,,,,,,,,,,,,,,,,,,,,,,,,,,,,,,,,,,,,,,
1992-08-03 07:00:00,,,,,,,,,,0.0,,,,,,,,,,,,,,,,,,,,,,,,,,,,,,,,,,,,,,,,,,,,
1992-08-03 08:00:00,1007.4,1010.7,28.4,22.8,72.0,2.7,112.5,,,0.0,0.0,0.2,,,,,,,,,3.0,,,,,,,,,,,,,,,,,,,,,,,,10.0,,,,,,,,,
1992-08-03 09:00:00,1007.5,1010.8,29.5,24.0,72.0,1.9,90.0,,,0.0,0.0,0.5,,,,,,,,,9.0,,,,,,,,,,,,,,,,,,,,,,,,10.0,,,,,,,,,
1992-08-03 10:00:00,,,,,,,,,,0.0,,,,,,,,,,,,,,,,,,,,,,,,,,,,,,,,,,,,,,,,,,,,
1992-08-03 11:00:00,1007.2,1010.5,31.5,24.8,68.0,2.7,292.5,,,0.0,0.0,0.7,,,,,,,,,6.0,,,,,,,,,,,,,,,,,,,,,,,,8.0,,,,,,,,,
1992-08-03 12:00:00,,,,,,,,,,0.0,,,,,,,,,,,,,,,,,,,,,,,,,,,,,,,,,,,,,,,,,,,,
1992-08-03 13:00:00,,,,,,,,,,0.0,,,,,,,,,,,,,,,,,,,,,,,,,,,,,,,,,,,,,,,,,,,,
1992-08-03 14:00:00,1005.4,1008.7,32.4,25.0,65.0,3.8,315.0,,,0.0,0.0,1.0,,38.8,35.8,33.0,31.7,,,,2.0,,,,,,,,,,,,,,,,,,,,,31.1,,,18.0,,,,,,,,,
1992-08-03 15:00:00,,,,,,,,,,0.0,,,,,,,,,,,,,,,,,,,,,,,,,,,,,,,,,,,,,,,,,,,,
1992-08-03 16:00:00,,,,,,,,,,0.0,,,,,,,,,,,,,,,,,,,,,,,,,,,,,,,,,,,,,,,,,,,,
1992-08-03 17:00:00,1004.9,1008.2,31.4,24.3,66.0,2.6,315.0,,,0.0,0.0,1.0,,,,,,,,,3.0,,,,,,,,,,,,,,,,,,,,,,,,18.0,,,,,,,,,
1992-08-03 18:00:00,,,,,,,,,,0.0,,,,,,,,,,,,,,,,,,,,,,,,,,,,,,,,,,,,,,,,,,,,
1992-08-03 19:00:00,,,,,,,,,,0.0,,,,,,,,,,,,,,,,,,,,,,,,,,,,,,,,,,,,,,,,,,,,
1992-08-03 20:00:00,1006.0,1009.3,29.0,24.1,75.0,1.5,315.0,,,0.0,0.0,,,,,,,,,,0.0,,,,,,,,,,,,,,,,,,,,,,,,12.0,,,,,,,,,
1992-08-03 21:00:00,1006.4,1009.7,28.3,24.4,79.0,1.4,90.0,,,0.0,0.0,,,31.7,32.0,32.5,32.0,,,,0.0,,,,,,,,,,,,,,,,,,,,,31.3,,,12.0,,,,,,,,,
1992-08-03 22:00:00,,,,,,,,,,0.0,,,,,,,,,,,,,,,,,,,,,,,,,,,,,,,,,,,,,,,,,,,,
1992-08-03 23:00:00,1006.6,1009.9,27.9,24.6,82.0,1.0,135.0,,,0.0,0.0,,,,,,,,,,2.0,,,,,,,,,,,,,,,,,,,,,,,,12.0,,,,,,,,,
1992-08-04 00:00:00,,,,,,,,,,0.0,,,,,,,,,,,,,,,,,,,,,,,,,,,,,,,,,,,,,,,,,,,,
1992-08-04 01:00:00,,,,,,,,,,0.0,,,,,,,,,,,,,,,,,,,,,,,,,,,,,,,,,,,,,,,,,,,,
1992-08-04 02:00:00,1005.6,1008.9,26.5,23.7,85.0,1.2,112.5,,,0.0,0.0,,,,,,,,,,5.0,,,,,,,,,,,,,,,,,,,,,,,,10.0,,,,,,,,,
1992-08-04 03:00:00,,,,,,,,,,0.0,,,,,,,,,,,,,,,,,,,,,,,,,,,,,,,,,,,,,,,,,,,,
1992-08-04 04:00:00,,,,,,,,,,0.0,,,,,,,,,,,,,,,,,,,,,,,,,,,,,,,,,,,,,,,,,,,,
1992-08-04 05:00:00,1006.6,1009.9,25.7,21.7,79.0,1.4,135.0,,,0.0,0.0,,,29.2,29.8,30.5,31.0,,,,4.0,,,,,,,,,,,,,,,,,,,,,30.8,,,12.0,,,,,,,,,
1992-08-04 06:00:00,,,,,,,,,,0.0,,,,,,,,,,,,,,,,,,,,,,,,,,,,,,,,,,,,,,,,,,,,
1992-08-04 07:00:00,,,,,,,,,,0.0,,,,,,,,,,,,,,,,,,,,,,,,,,,,,,,,,,,,,,,,,,,,
1992-08-04 08:00:00,1008.0,1011.3,28.5,23.5,74.0,1.7,112.5,,,0.0,0.0,0.9,,,,,,,,,5.0,,,,,,,,,,,,,,,,,,,,,,,,10.0,,,,,,,,,
1992-08-04 09:00:00,1008.2,1011.5,29.7,23.8,71.0,1.4,292.5,,,0.0,0.0,0.5,,,,,,,,,4.0,,,,,,,,,,,,,,,,,,,,,,,,10.0,,,,,,,,,
1992-08-04 10:00:00,,,,,,,,,,0.0,,,,,,,,,,,,,,,,,,,,,,,,,,,,,,,,,,,,,,,,,,,,
1992-08-04 11:00:00,1007.4,1010.7,31.8,24.6,66.0,2.7,292.5,,,0.0,0.0,0.9,,,,,,,,,2.0,,,,,,,,,,,,,,,,,,,,,,,,10.0,,,,,,,,,
1992-08-04 12:00:00,,,,,,,,,,0.0,,,,,,,,,,,,,,,,,,,,,,,,,,,,,,,,,,,,,,,,,,,,
1992-08-04 13:00:00,,,,,,,,,,0.0,,,,,,,,,,,,,,,,,,,,,,,,,,,,,,,,,,,,,,,,,,,,
1992-08-04 14:00:00,1005.3,1008.6,32.6,25.3,66.0,4.1,315.0,,,0.0,0.0,1.0,,39.1,36.3,33.4,31.7,,,,1.0,,,,,,,,,,,,,,,,,,,,,31.0,,,10.0,,,,,,,,,
1992-08-04 15:00:00,,,,,,,,,,0.0,,,,,,,,,,,,,,,,,,,,,,,,,,,,,,,,,,,,,,,,,,,,
1992-08-04 16:00:00,,,,,,,,,,0.0,,,,,,,,,,,,,,,,,,,,,,,,,,,,,,,,,,,,,,,,,,,,
1992-08-04 17:00:00,1004.4,1007.7,31.4,24.8,68.0,3.1,292.5,,,0.0,0.0,1.0,,,,,,,,,1.0,,,,,,,,,,,,,,,,,,,,,,,,10.0,,,,,,,,,
1992-08-04 18:00:00,,,,,,,,,,0.0,,,,,,,,,,,,,,,,,,,,,,,,,,,,,,,,,,,,,,,,,,,,
1992-08-04 19:00:00,,,,,,,,,,0.0,,,,,,,,,,,,,,,,,,,,,,,,,,,,,,,,,,,,,,,,,,,,
1992-08-04 20:00:00,1006.3,1009.6,29.0,24.8,78.0,1.5,337.5,,,0.0,0.0,,,,,,,,,,0.0,,,,,,,,,,,,,,,,,,,,,,,,10.0,,,,,,,,,
1992-08-04 21:00:00,1006.6,1009.9,29.1,24.7,77.0,1.6,315.0,,,0.0,0.0,,,32.1,32.4,32.7,32.3,,,,4.0,,,,,,,,,,,,,,,,,,,,,31.3,,,10.0,,,,,,,,,
1992-08-04 22:00:00,,,,,,,,,,0.0,,,,,,,,,,,,,,,,,,,,,,,,,,,,,,,,,,,,,,,,,,,,
1992-08-04 23:00:00,1006.8,1010.1,28.4,25.0,82.0,0.0,0.0,,,0.0,0.0,,,,,,,,,,3.0,,,,,,,,,,,,,,,,,,,,,,,,10.0,,,,,,,,,
1992-08-05 00:00:00,,,,,,,,,,0.0,,,,,,,,,,,,,,,,,,,,,,,,,,,,,,,,,,,,,,,,,,,,
1992-08-05 01:00:00,,,,,,,,,,0.0,,,,,,,,,,,,,,,,,,,,,,,,,,,,,,,,,,,,,,,,,,,,
1992-08-05 02:00:00,1004.8,1008.1,27.4,25.1,87.0,1.1,90.0,,,0.0,0.0,,,,,,,,,,3.0,,,,,,,,,,,,,,,,,,,,,,,,10.0,,,,,,,,,
1992-08-05 03:00:00,,,,,,,,,,0.0,,,,,,,,,,,,,,,,,,,,,,,,,,,,,,,,,,,,,,,,,,,,
1992-08-05 04:00:00,,,,,,,,,,3.1,,,,,,,,,,,,,,,,,,,,,,,,,,,,,,,,,,,,,,,,,,,,
1992-08-05 05:00:00,1005.7,1009.0,26.9,24.6,87.0,1.3,247.5,,,4.5,0.6,,,29.1,30.1,31.3,31.5,,,,10.0,,,,,,,,,,,,,,,,,,,,,30.9,,,10.0,,,,,,,,,
1992-08-05 06:00:00,,,,,,,,,,0.2,,,,,,,,,,,,,,,,,,,,,,,,,,,,,,,,,,,,,,,,,,,,
1992-08-05 07:00:00,,,,,,,,,,0.0,,,,,,,,,,,,,,,,,,,,,,,,,,,,,,,,,,,,,,,,,,,,
1992-08-05 08:00:00,1006.3,1009.6,27.9,24.6,82.0,1.3,135.0,,,0.0,0.0,0.0,,,,,,,,,8.0,,,,,,,,,,,,,,,,,,,,,,,,10.0,,,,,,,,,
1992-08-05 09:00:00,1006.8,1010.1,29.5,24.6,75.0,1.9,247.5,,,0.0,0.0,0.9,,,,,,,,,4.0,,,,,,,,,,,,,,,,,,,,,,,,10.0,,,,,,,,,
1992-08-05 10:00:00,,,,,,,,,,0.0,,,,,,,,,,,,,,,,,,,,,,,,,,,,,,,,,,,,,,,,,,,,
1992-08-05 11:00:00,1006.2,1009.5,31.0,24.3,68.0,3.4,292.5,,,0.0,0.0,0.6,,,,,,,,,4.0,,,,,,,,,,,,,,,,,,,,,,,,12.0,,,,,,,,,
1992-08-05 12:00:00,,,,,,,,,,0.0,,,,,,,,,,,,,,,,,,,,,,,,,,,,,,,,,,,,,,,,,,,,
1992-08-05 13:00:00,,,,,,,,,,0.0,,,,,,,,,,,,,,,,,,,,,,,,,,,,,,,,,,,,,,,,,,,,
1992-08-05 14:00:00,1004.3,1007.6,31.1,23.8,65.0,3.2,270.0,,,0.0,0.0,1.0,,34.8,34.0,32.5,31.5,,,,3.0,,,,,,,,,,,,,,,,,,,,,30.9,,,15.0,,,,,,,,,
1992-08-05 15:00:00,,,,,,,,,,0.0,,,,,,,,,,,,,,,,,,,,,,,,,,,,,,,,,,,,,,,,,,,,
1992-08-05 16:00:00,,,,,,,,,,0.0,,,,,,,,,,,,,,,,,,,,,,,,,,,,,,,,,,,,,,,,,,,,
1992-08-05 17:00:00,1004.0,1007.3,31.1,23.6,64.0,1.7,999.9,,,0.0,0.0,1.0,,,,,,,,,4.0,,,,,,,,,,,,,,,,,,,,,,,,15.0,,,,,,,,,
1992-08-05 18:00:00,,,,,,,,,,0.0,,,,,,,,,,,,,,,,,,,,,,,,,,,,,,,,,,,,,,,,,,,,
1992-08-05 19:00:00,,,,,,,,,,0.0,,,,,,,,,,,,,,,,,,,,,,,,,,,,,,,,,,,,,,,,,,,,
1992-08-05 20:00:00,1005.2,1008.5,29.0,23.6,73.0,1.4,315.0,,,0.0,0.0,,,,,,,,,,0.0,,,,,,,,,,,,,,,,,,,,,,,,12.0,,,,,,,,,
1992-08-05 21:00:00,1005.8,1009.1,28.5,24.0,77.0,0.1,0.0,,,0.0,0.0,,,31.4,31.4,31.8,31.7,,,,1.0,,,,,,,,,,,,,,,,,,,,,30.9,,,12.0,,,,,,,,,
1992-08-05 22:00:00,,,,,,,,,,0.0,,,,,,,,,,,,,,,,,,,,,,,,,,,,,,,,,,,,,,,,,,,,
1992-08-05 23:00:00,1006.1,1009.4,27.8,23.9,79.0,1.9,112.5,,,0.0,0.0,,,,,,,,,,2.0,,,,,,,,,,,,,,,,,,,,,,,,12.0,,,,,,,,,
1992-08-06 00:00:00,,,,,,,,,,0.0,,,,,,,,,,,,,,,,,,,,,,,,,,,,,,,,,,,,,,,,,,,,
1992-08-06 01:00:00,,,,,,,,,,0.0,,,,,,,,,,,,,,,,,,,,,,,,,,,,,,,,,,,,,,,,,,,,
1992-08-06 02:00:00,1004.3,1007.6,26.2,23.2,84.0,2.1,112.5,,,0.0,0.0,,,,,,,,,,0.0,,,,,,,,,,,,,,,,,,,,,,,,12.0,,,,,,,,,
1992-08-06 03:00:00,,,,,,,,,,0.0,,,,,,,,,,,,,,,,,,,,,,,,,,,,,,,,,,,,,,,,,,,,
1992-08-06 04:00:00,,,,,,,,,,0.0,,,,,,,,,,,,,,,,,,,,,,,,,,,,,,,,,,,,,,,,,,,,
1992-08-06 05:00:00,1005.0,1008.3,25.4,22.8,86.0,1.3,90.0,,,0.0,0.0,,,29.1,29.2,30.1,30.7,,,,3.0,,,,,,,,,,,,,,,,,,,,,30.7,,,12.0,,,,,,,,,
1992-08-06 06:00:00,,,,,,,,,,0.0,,,,,,,,,,,,,,,,,,,,,,,,,,,,,,,,,,,,,,,,,,,,
1992-08-06 07:00:00,,,,,,,,,,0.0,,,,,,,,,,,,,,,,,,,,,,,,,,,,,,,,,,,,,,,,,,,,
1992-08-06 08:00:00,1006.1,1009.4,28.8,23.8,74.0,1.6,202.5,,,0.0,0.0,1.0,,,,,,,,,4.0,,,,,,,,,,,,,,,,,,,,,,,,12.0,,,,,,,,,
1992-08-06 09:00:00,1006.6,1009.9,30.7,24.0,68.0,2.9,202.5,,,0.0,0.0,1.0,,,,,,,,,4.0,,,,,,,,,,,,,,,,,,,,,,,,12.0,,,,,,,,,
1992-08-06 10:00:00,,,,,,,,,,0.0,,,,,,,,,,,,,,,,,,,,,,,,,,,,,,,,,,,,,,,,,,,,
1992-08-06 11:00:00,1005.7,1009.0,31.3,24.0,65.0,3.8,270.0,,,0.0,0.0,0.7,,,,,,,,,6.0,,,,,,,,,,,,,,,,,,,,,,,,12.0,,,,,,,,,
1992-08-06 12:00:00,,,,,,,,,,0.0,,,,,,,,,,,,,,,,,,,,,,,,,,,,,,,,,,,,,,,,,,,,
1992-08-06 13:00:00,,,,,,,,,,0.0,,,,,,,,,,,,,,,,,,,,,,,,,,,,,,,,,,,,,,,,,,,,
1992-08-06 14:00:00,1004.0,1007.3,31.4,23.5,63.0,4.1,292.5,,,0.0,0.0,1.0,,34.3,33.5,32.0,31.0,,,,4.0,,,,,,,,,,,,,,,,,,,,,30.5,,,15.0,,,,,,,,,
1992-08-06 15:00:00,,,,,,,,,,0.0,,,,,,,,,,,,,,,,,,,,,,,,,,,,,,,,,,,,,,,,,,,,
1992-08-06 16:00:00,,,,,,,,,,0.0,,,,,,,,,,,,,,,,,,,,,,,,,,,,,,,,,,,,,,,,,,,,
1992-08-06 17:00:00,1002.5,1005.8,30.6,23.6,66.0,2.3,292.5,,,0.0,0.0,1.0,,,,,,,,,4.0,,,,,,,,,,,,,,,,,,,,,,,,15.0,,,,,,,,,
1992-08-06 18:00:00,,,,,,,,,,0.0,,,,,,,,,,,,,,,,,,,,,,,,,,,,,,,,,,,,,,,,,,,,
1992-08-06 19:00:00,,,,,,,,,,0.0,,,,,,,,,,,,,,,,,,,,,,,,,,,,,,,,,,,,,,,,,,,,
1992-08-06 20:00:00,1003.5,1006.8,29.2,23.5,71.0,1.1,202.5,,,0.0,0.0,,,,,,,,,,1.0,,,,,,,,,,,,,,,,,,,,,,,,15.0,,,,,,,,,
1992-08-06 21:00:00,1004.3,1007.6,28.6,24.2,77.0,0.9,112.5,,,0.0,0.0,,,30.6,30.7,31.2,31.2,,,,1.0,,,,,,,,,,,,,,,,,,,,,30.7,,,12.0,,,,,,,,,
1992-08-06 22:00:00,,,,,,,,,,0.0,,,,,,,,,,,,,,,,,,,,,,,,,,,,,,,,,,,,,,,,,,,,
1992-08-06 23:00:00,1004.4,1007.7,27.5,24.3,83.0,0.5,112.5,,,0.0,0.0,,,,,,,,,,0.0,,,,,,,,,,,,,,,,,,,,,,,,12.0,,,,,,,,,
1992-08-07 00:00:00,,,,,,,,,,0.0,,,,,,,,,,,,,,,,,,,,,,,,,,,,,,,,,,,,,,,,,,,,
1992-08-07 01:00:00,,,,,,,,,,0.0,,,,,,,,,,,,,,,,,,,,,,,,,,,,,,,,,,,,,,,,,,,,
1992-08-07 02:00:00,1003.0,1006.3,27.1,24.0,83.0,1.2,180.0,,,0.0,0.0,,,,,,,,,,0.0,,,,,,,,,,,,,,,,,,,,,,,,12.0,,,,,,,,,
1992-08-07 03:00:00,,,,,,,,,,0.0,,,,,,,,,,,,,,,,,,,,,,,,,,,,,,,,,,,,,,,,,,,,
1992-08-07 04:00:00,,,,,,,,,,0.0,,,,,,,,,,,,,,,,,,,,,,,,,,,,,,,,,,,,,,,,,,,,
1992-08-07 05:00:00,1002.1,1005.4,25.7,23.3,87.0,0.9,157.5,,,0.0,0.0,,,29.1,29.1,29.9,30.3,,,,2.0,,,,,,,,,,,,,,,,,,,,,30.4,,,12.0,,,,,,,,,
1992-08-07 06:00:00,,,,,,,,,,0.0,,,,,,,,,,,,,,,,,,,,,,,,,,,,,,,,,,,,,,,,,,,,
1992-08-07 07:00:00,,,,,,,,,,0.0,,,,,,,,,,,,,,,,,,,,,,,,,,,,,,,,,,,,,,,,,,,,
1992-08-07 08:00:00,1003.4,1006.7,28.7,24.3,77.0,2.3,225.0,,,0.0,0.0,0.8,,,,,,,,,2.0,,,,,,,,,,,,,,,,,,,,,,,,12.0,,,,,,,,,
1992-08-07 09:00:00,1003.4,1006.7,30.0,24.6,73.0,3.4,247.5,,,0.0,0.0,0.8,,,,,,,,,6.0,,,,,,,,,,,,,,,,,,,,,,,,15.0,,,,,,,,,
1992-08-07 10:00:00,,,,,,,,,,0.0,,,,,,,,,,,,,,,,,,,,,,,,,,,,,,,,,,,,,,,,,,,,
1992-08-07 11:00:00,1002.2,1005.5,31.4,24.5,67.0,3.2,270.0,,,0.0,0.0,1.0,,,,,,,,,2.0,,,,,,,,,,,,,,,,,,,,,,,,15.0,,,,,,,,,
1992-08-07 12:00:00,,,,,,,,,,0.0,,,,,,,,,,,,,,,,,,,,,,,,,,,,,,,,,,,,,,,,,,,,
1992-08-07 13:00:00,,,,,,,,,,0.0,,,,,,,,,,,,,,,,,,,,,,,,,,,,,,,,,,,,,,,,,,,,
1992-08-07 14:00:00,1000.0,1003.2,32.3,23.3,59.0,4.1,270.0,,,0.0,0.0,1.0,,34.6,33.9,32.0,31.8,,,,1.0,,,,,,,,,,,,,,,,,,,,,30.4,,,15.0,,,,,,,,,
1992-08-07 15:00:00,,,,,,,,,,0.0,,,,,,,,,,,,,,,,,,,,,,,,,,,,,,,,,,,,,,,,,,,,
1992-08-07 16:00:00,,,,,,,,,,0.0,,,,,,,,,,,,,,,,,,,,,,,,,,,,,,,,,,,,,,,,,,,,
1992-08-07 17:00:00,1000.3,1003.6,30.6,23.5,66.0,5.3,270.0,,,0.0,0.0,1.0,,,,,,,,,1.0,,,,,,,,,,,,,,,,,,,,,,,,18.0,,,,,,,,,
1992-08-07 18:00:00,,,,,,,,,,0.0,,,,,,,,,,,,,,,,,,,,,,,,,,,,,,,,,,,,,,,,,,,,
1992-08-07 19:00:00,,,,,,,,,,0.0,,,,,,,,,,,,,,,,,,,,,,,,,,,,,,,,,,,,,,,,,,,,
1992-08-07 20:00:00,1002.4,1005.7,29.0,24.3,76.0,3.0,247.5,,,0.0,0.0,,,,,,,,,,1.0,,,,,,,,,,,,,,,,,,,,,,,,12.0,,,,,,,,,
1992-08-07 21:00:00,1002.9,1006.2,28.8,24.3,77.0,3.4,270.0,,,0.0,0.0,,,30.3,30.6,31.2,31.2,,,,0.0,,,,,,,,,,,,,,,,,,,,,30.6,,,12.0,,,,,,,,,
1992-08-07 22:00:00,,,,,,,,,,0.0,,,,,,,,,,,,,,,,,,,,,,,,,,,,,,,,,,,,,,,,,,,,
1992-08-07 23:00:00,1002.8,1006.1,28.2,23.8,77.0,0.8,157.5,,,0.0,0.0,,,,,,,,,,3.0,,,,,,,,,,,,,,,,,,,,,,,,12.0,,,,,,,,,
1992-08-08 00:00:00,,,,,,,,,,0.0,,,,,,,,,,,,,,,,,,,,,,,,,,,,,,,,,,,,,,,,,,,,
1992-08-08 01:00:00,,,,,,,,,,0.0,,,,,,,,,,,,,,,,,,,,,,,,,,,,,,,,,,,,,,,,,,,,
1992-08-08 02:00:00,1002.5,1005.8,26.6,23.9,85.0,0.8,135.0,,,0.0,0.0,,,,,,,,,,2.0,,,,,,,,,,,,,,,,,,,,,,,,10.0,,,,,,,,,
1992-08-08 03:00:00,,,,,,,,,,0.0,,,,,,,,,,,,,,,,,,,,,,,,,,,,,,,,,,,,,,,,,,,,
1992-08-08 04:00:00,,,,,,,,,,0.0,,,,,,,,,,,,,,,,,,,,,,,,,,,,,,,,,,,,,,,,,,,,
1992-08-08 05:00:00,1002.3,1005.6,25.6,22.2,82.0,1.9,157.5,,,0.0,0.0,,,28.6,28.9,29.8,30.3,,,,4.0,,,,,,,,,,,,,,,,,,,,,30.3,,,12.0,,,,,,,,,
1992-08-08 06:00:00,,,,,,,,,,0.0,,,,,,,,,,,,,,,,,,,,,,,,,,,,,,,,,,,,,,,,,,,,
1992-08-08 07:00:00,,,,,,,,,,0.0,,,,,,,,,,,,,,,,,,,,,,,,,,,,,,,,,,,,,,,,,,,,
1992-08-08 08:00:00,1004.1,1007.4,29.4,23.1,69.0,0.9,157.5,,,0.0,0.0,1.0,,,,,,,,,3.0,,,,,,,,,,,,,,,,,,,,,,,,12.0,,,,,,,,,
1992-08-08 09:00:00,1004.3,1007.6,31.7,24.4,65.0,2.7,225.0,,,0.0,0.0,1.0,,,,,,,,,1.0,,,,,,,,,,,,,,,,,,,,,,,,12.0,,,,,,,,,
1992-08-08 10:00:00,,,,,,,,,,0.0,,,,,,,,,,,,,,,,,,,,,,,,,,,,,,,,,,,,,,,,,,,,
1992-08-08 11:00:00,1004.3,1007.6,32.2,25.0,66.0,2.8,270.0,,,0.0,0.0,1.0,,,,,,,,,8.0,,,,,,,,,,,,,,,,,,,,,,,,12.0,,,,,,,,,
1992-08-08 12:00:00,,,,,,,,,,0.0,,,,,,,,,,,,,,,,,,,,,,,,,,,,,,,,,,,,,,,,,,,,
1992-08-08 13:00:00,,,,,,,,,,0.0,,,,,,,,,,,,,,,,,,,,,,,,,,,,,,,,,,,,,,,,,,,,
1992-08-08 14:00:00,1002.5,1005.8,32.0,24.5,65.0,3.5,270.0,,,0.0,0.0,0.8,,34.3,33.5,32.0,30.8,,,,9.0,,,,,,,,,,,,,,,,,,,,,30.4,,,15.0,,,,,,,,,
1992-08-08 15:00:00,,,,,,,,,,0.0,,,,,,,,,,,,,,,,,,,,,,,,,,,,,,,,,,,,,,,,,,,,
1992-08-08 16:00:00,,,,,,,,,,0.0,,,,,,,,,,,,,,,,,,,,,,,,,,,,,,,,,,,,,,,,,,,,
1992-08-08 17:00:00,1003.4,1006.7,29.2,22.8,68.0,3.6,67.5,,,0.0,0.0,0.0,,,,,,,,,10.0,,,,,,,,,,,,,,,,,,,,,,,,8.0,,,,,,,,,
1992-08-08 18:00:00,,,,,,,,,,0.0,,,,,,,,,,,,,,,,,,,,,,,,,,,,,,,,,,,,,,,,,,,,
1992-08-08 19:00:00,,,,,,,,,,0.0,,,,,,,,,,,,,,,,,,,,,,,,,,,,,,,,,,,,,,,,,,,,
1992-08-08 20:00:00,1005.1,1008.4,28.6,24.1,77.0,1.5,135.0,,,0.0,0.0,,,,,,,,,,7.0,,,,,,,,,,,,,,,,,,,,,,,,10.0,,,,,,,,,
1992-08-08 21:00:00,1006.1,1009.4,27.9,23.9,79.0,1.9,112.5,,,0.0,0.0,,,30.4,30.6,31.3,31.3,,,,8.0,,,,,,,,,,,,,,,,,,,,,30.6,,,10.0,,,,,,,,,
1992-08-08 22:00:00,,,,,,,,,,0.0,,,,,,,,,,,,,,,,,,,,,,,,,,,,,,,,,,,,,,,,,,,,
1992-08-08 23:00:00,1006.8,1010.1,27.3,23.8,81.0,1.6,112.5,,,0.0,0.0,,,,,,,,,,6.0,,,,,,,,,,,,,,,,,,,,,,,,10.0,,,,,,,,,
1992-08-09 00:00:00,,,,,,,,,,0.0,,,,,,,,,,,,,,,,,,,,,,,,,,,,,,,,,,,,,,,,,,,,
1992-08-09 01:00:00,,,,,,,,,,0.0,,,,,,,,,,,,,,,,,,,,,,,,,,,,,,,,,,,,,,,,,,,,
1992-08-09 02:00:00,1005.0,1008.3,26.8,23.5,82.0,1.7,112.5,,,0.0,0.0,,,,,,,,,,6.0,,,,,,,,,,,,,,,,,,,,,,,,10.0,,,,,,,,,
1992-08-09 03:00:00,,,,,,,,,,0.0,,,,,,,,,,,,,,,,,,,,,,,,,,,,,,,,,,,,,,,,,,,,
1992-08-09 04:00:00,,,,,,,,,,0.0,,,,,,,,,,,,,,,,,,,,,,,,,,,,,,,,,,,,,,,,,,,,
1992-08-09 05:00:00,1005.5,1008.8,26.1,23.2,84.0,1.3,112.5,,,0.0,0.0,,,28.8,29.2,30.0,30.4,,,,4.0,,,,,,,,,,,,,,,,,,,,,30.3,,,10.0,,,,,,,,,
1992-08-09 06:00:00,,,,,,,,,,0.0,,,,,,,,,,,,,,,,,,,,,,,,,,,,,,,,,,,,,,,,,,,,
1992-08-09 07:00:00,,,,,,,,,,0.0,,,,,,,,,,,,,,,,,,,,,,,,,,,,,,,,,,,,,,,,,,,,
1992-08-09 08:00:00,1007.0,1010.3,29.2,24.5,76.0,1.5,112.5,,,0.0,0.0,1.0,,,,,,,,,2.0,,,,,,,,,,,,,,,,,,,,,,,,10.0,,,,,,,,,
1992-08-09 09:00:00,1007.3,1010.6,31.2,23.6,64.0,1.2,22.5,,,0.0,0.0,1.0,,,,,,,,,1.0,,,,,,,,,,,,,,,,,,,,,,,,10.0,,,,,,,,,
1992-08-09 10:00:00,,,,,,,,,,0.0,,,,,,,,,,,,,,,,,,,,,,,,,,,,,,,,,,,,,,,,,,,,
1992-08-09 11:00:00,1007.2,1010.5,32.8,23.2,57.0,2.1,292.5,,,0.0,0.0,1.0,,,,,,,,,2.0,,,,,,,,,,,,,,,,,,,,,,,,10.0,,,,,,,,,
1992-08-09 12:00:00,,,,,,,,,,0.0,,,,,,,,,,,,,,,,,,,,,,,,,,,,,,,,,,,,,,,,,,,,
1992-08-09 13:00:00,,,,,,,,,,0.0,,,,,,,,,,,,,,,,,,,,,,,,,,,,,,,,,,,,,,,,,,,,
1992-08-09 14:00:00,1006.3,1009.6,32.3,24.3,63.0,4.3,315.0,,,0.0,0.0,1.0,,37.3,35.5,33.0,31.3,,,,3.0,,,,,,,,,,,,,,,,,,,,,30.5,,,10.0,,,,,,,,,
1992-08-09 15:00:00,,,,,,,,,,0.0,,,,,,,,,,,,,,,,,,,,,,,,,,,,,,,,,,,,,,,,,,,,
1992-08-09 16:00:00,,,,,,,,,,0.0,,,,,,,,,,,,,,,,,,,,,,,,,,,,,,,,,,,,,,,,,,,,
1992-08-09 17:00:00,1005.7,1009.0,28.6,23.3,73.0,1.9,90.0,,,0.0,0.0,0.0,,,,,,,,,4.0,,,,,,,,,,,,,,,,,,,,,,,,10.0,,,,,,,,,
1992-08-09 18:00:00,,,,,,,,,,0.0,,,,,,,,,,,,,,,,,,,,,,,,,,,,,,,,,,,,,,,,,,,,
1992-08-09 19:00:00,,,,,,,,,,0.0,,,,,,,,,,,,,,,,,,,,,,,,,,,,,,,,,,,,,,,,,,,,
1992-08-09 20:00:00,1007.4,1010.7,27.7,23.4,77.0,1.4,90.0,,,0.0,0.0,,,,,,,,,,2.0,,,,,,,,,,,,,,,,,,,,,,,,10.0,,,,,,,,,
1992-08-09 21:00:00,1008.3,1011.6,27.6,23.2,77.0,1.6,112.5,,,0.0,0.0,,,30.3,31.0,31.5,31.5,,,,2.0,,,,,,,,,,,,,,,,,,,,,30.9,,,10.0,,,,,,,,,
1992-08-09 22:00:00,,,,,,,,,,0.0,,,,,,,,,,,,,,,,,,,,,,,,,,,,,,,,,,,,,,,,,,,,
1992-08-09 23:00:00,1007.9,1011.2,26.3,23.3,84.0,2.1,112.5,,,0.0,0.0,,,,,,,,,,2.0,,,,,,,,,,,,,,,,,,,,,,,,10.0,,,,,,,,,
1992-08-10 00:00:00,,,,,,,,,,0.0,,,,,,,,,,,,,,,,,,,,,,,,,,,,,,,,,,,,,,,,,,,,
1992-08-10 01:00:00,,,,,,,,,,0.0,,,,,,,,,,,,,,,,,,,,,,,,,,,,,,,,,,,,,,,,,,,,
1992-08-10 02:00:00,1006.1,1009.4,25.5,22.7,85.0,2.0,90.0,,,0.0,0.0,,,,,,,,,,2.0,,,,,,,,,,,,,,,,,,,,,,,,10.0,,,,,,,,,
1992-08-10 03:00:00,,,,,,,,,,0.0,,,,,,,,,,,,,,,,,,,,,,,,,,,,,,,,,,,,,,,,,,,,
1992-08-10 04:00:00,,,,,,,,,,0.0,,,,,,,,,,,,,,,,,,,,,,,,,,,,,,,,,,,,,,,,,,,,
1992-08-10 05:00:00,1007.4,1010.7,25.2,22.6,86.0,1.9,112.5,,,0.0,0.0,,,28.6,29.0,30.0,30.5,,,,2.0,,,,,,,,,,,,,,,,,,,,,30.6,,,10.0,,,,,,,,,
1992-08-10 06:00:00,,,,,,,,,,0.0,,,,,,,,,,,,,,,,,,,,,,,,,,,,,,,,,,,,,,,,,,,,
1992-08-10 07:00:00,,,,,,,,,,0.0,,,,,,,,,,,,,,,,,,,,,,,,,,,,,,,,,,,,,,,,,,,,
1992-08-10 08:00:00,1008.7,1012.0,28.2,22.7,72.0,1.9,112.5,,,0.0,0.0,0.8,,,,,,,,,2.0,,,,,,,,,,,,,,,,,,,,,,,,10.0,,,,,,,,,
1992-08-10 09:00:00,1008.9,1012.2,30.2,25.1,74.0,0.1,0.0,,,0.0,0.0,1.0,,,,,,,,,4.0,,,,,,,,,,,,,,,,,,,,,,,,12.0,,,,,,,,,
1992-08-10 10:00:00,,,,,,,,,,0.0,,,,,,,,,,,,,,,,,,,,,,,,,,,,,,,,,,,,,,,,,,,,
1992-08-10 11:00:00,1008.3,1011.6,31.1,25.6,73.0,3.5,315.0,,,0.0,0.0,0.0,,,,,,,,,10.0,,,,,,,,,,,,,,,,,,,,,,,,12.0,,,,,,,,,
1992-08-10 12:00:00,,,,,,,,,,0.0,,,,,,,,,,,,,,,,,,,,,,,,,,,,,,,,,,,,,,,,,,,,
1992-08-10 13:00:00,,,,,,,,,,0.0,,,,,,,,,,,,,,,,,,,,,,,,,,,,,,,,,,,,,,,,,,,,
1992-08-10 14:00:00,1007.0,1010.3,31.7,26.0,72.0,4.5,360.0,,,0.0,0.0,0.8,,35.1,33.0,31.7,30.8,,,,9.0,,,,,,,,,,,,,,,,,,,,,31.5,,,10.0,,,,,,,,,
1992-08-10 15:00:00,,,,,,,,,,0.0,,,,,,,,,,,,,,,,,,,,,,,,,,,,,,,,,,,,,,,,,,,,
1992-08-10 16:00:00,,,,,,,,,,0.0,,,,,,,,,,,,,,,,,,,,,,,,,,,,,,,,,,,,,,,,,,,,
1992-08-10 17:00:00,1006.6,1009.9,31.2,25.6,72.0,3.3,337.5,,,0.0,0.0,0.1,,,,,,,,,10.0,,,,,,,,,,,,,,,,,,,,,,,,10.0,,,,,,,,,
1992-08-10 18:00:00,,,,,,,,,,0.0,,,,,,,,,,,,,,,,,,,,,,,,,,,,,,,,,,,,,,,,,,,,
1992-08-10 19:00:00,,,,,,,,,,0.0,,,,,,,,,,,,,,,,,,,,,,,,,,,,,,,,,,,,,,,,,,,,
1992-08-10 20:00:00,1007.2,1010.5,29.0,25.5,81.0,1.8,112.5,,,0.0,0.0,,,,,,,,,,9.0,,,,,,,,,,,,,,,,,,,,,,,,10.0,,,,,,,,,
1992-08-10 21:00:00,1007.7,1011.0,28.1,24.5,81.0,1.5,135.0,,,0.0,0.0,,,31.1,31.3,31.7,31.4,,,,8.0,,,,,,,,,,,,,,,,,,,,,30.8,,,10.0,,,,,,,,,
1992-08-10 22:00:00,,,,,,,,,,0.0,,,,,,,,,,,,,,,,,,,,,,,,,,,,,,,,,,,,,,,,,,,,
1992-08-10 23:00:00,1008.3,1011.6,26.8,22.2,76.0,0.9,157.5,,,0.0,0.0,,,,,,,,,,4.0,,,,,,,,,,,,,,,,,,,,,,,,12.0,,,,,,,,,
1992-08-11 00:00:00,,,,,,,,,,0.0,,,,,,,,,,,,,,,,,,,,,,,,,,,,,,,,,,,,,,,,,,,,
1992-08-11 01:00:00,,,,,,,,,,0.0,,,,,,,,,,,,,,,,,,,,,,,,,,,,,,,,,,,,,,,,,,,,
1992-08-11 02:00:00,1007.7,1011.0,25.5,21.7,80.0,2.3,270.0,,,0.0,0.0,,,,,,,,,,6.0,,,,,,,,,,,,,,,,,,,,,,,,12.0,,,,,,,,,
1992-08-11 03:00:00,,,,,,,,,,0.0,,,,,,,,,,,,,,,,,,,,,,,,,,,,,,,,,,,,,,,,,,,,
1992-08-11 04:00:00,,,,,,,,,,0.0,,,,,,,,,,,,,,,,,,,,,,,,,,,,,,,,,,,,,,,,,,,,
1992-08-11 05:00:00,1008.2,1011.5,24.8,21.8,83.0,1.9,112.5,,,0.0,0.0,,,28.3,28.8,29.6,30.5,,,,8.0,,,,,,,,,,,,,,,,,,,,,30.5,,,12.0,,,,,,,,,
1992-08-11 06:00:00,,,,,,,,,,0.0,,,,,,,,,,,,,,,,,,,,,,,,,,,,,,,,,,,,,,,,,,,,
1992-08-11 07:00:00,,,,,,,,,,0.0,,,,,,,,,,,,,,,,,,,,,,,,,,,,,,,,,,,,,,,,,,,,
1992-08-11 08:00:00,1008.9,1012.2,27.8,21.8,70.0,1.9,135.0,,,0.0,0.0,0.5,,,,,,,,,6.0,,,,,,,,,,,,,,,,,,,,,,,,12.0,,,,,,,,,
1992-08-11 09:00:00,1009.3,1012.6,30.4,24.7,72.0,2.1,225.0,,,0.0,0.0,0.9,,,,,,,,,4.0,,,,,,,,,,,,,,,,,,,,,,,,12.0,,,,,,,,,
1992-08-11 10:00:00,,,,,,,,,,0.0,,,,,,,,,,,,,,,,,,,,,,,,,,,,,,,,,,,,,,,,,,,,
1992-08-11 11:00:00,1008.3,1011.6,31.9,23.9,63.0,3.2,270.0,,,0.0,0.0,1.0,,,,,,,,,2.0,,,,,,,,,,,,,,,,,,,,,,,,15.0,,,,,,,,,
1992-08-11 12:00:00,,,,,,,,,,0.0,,,,,,,,,,,,,,,,,,,,,,,,,,,,,,,,,,,,,,,,,,,,
1992-08-11 13:00:00,,,,,,,,,,0.0,,,,,,,,,,,,,,,,,,,,,,,,,,,,,,,,,,,,,,,,,,,,
1992-08-11 14:00:00,1007.2,1010.5,32.5,25.0,65.0,4.6,315.0,,,0.0,0.0,1.0,,37.6,35.2,32.6,31.1,,,,3.0,,,,,,,,,,,,,,,,,,,,,30.5,,,15.0,,,,,,,,,
1992-08-11 15:00:00,,,,,,,,,,0.0,,,,,,,,,,,,,,,,,,,,,,,,,,,,,,,,,,,,,,,,,,,,
1992-08-11 16:00:00,,,,,,,,,,0.0,,,,,,,,,,,,,,,,,,,,,,,,,,,,,,,,,,,,,,,,,,,,
1992-08-11 17:00:00,1006.7,1010.0,30.0,24.7,73.0,3.2,270.0,,,0.0,0.0,0.2,,,,,,,,,10.0,,,,,,,,,,,,,,,,,,,,,,,,15.0,,,,,,,,,
1992-08-11 18:00:00,,,,,,,,,,0.0,,,,,,,,,,,,,,,,,,,,,,,,,,,,,,,,,,,,,,,,,,,,
1992-08-11 19:00:00,,,,,,,,,,0.0,,,,,,,,,,,,,,,,,,,,,,,,,,,,,,,,,,,,,,,,,,,,
1992-08-11 20:00:00,1006.6,1009.9,28.6,24.7,79.0,1.5,157.5,,,0.0,0.0,,,,,,,,,,3.0,,,,,,,,,,,,,,,,,,,,,,,,12.0,,,,,,,,,
1992-08-11 21:00:00,1006.7,1010.0,28.0,23.7,78.0,1.0,157.5,,,0.0,0.0,,,31.0,31.4,31.9,31.7,,,,0.0,,,,,,,,,,,,,,,,,,,,,30.9,,,12.0,,,,,,,,,
1992-08-11 22:00:00,,,,,,,,,,0.0,,,,,,,,,,,,,,,,,,,,,,,,,,,,,,,,,,,,,,,,,,,,
1992-08-11 23:00:00,1007.4,1010.7,26.4,22.8,81.0,2.0,157.5,,,0.0,0.0,,,,,,,,,,0.0,,,,,,,,,,,,,,,,,,,,,,,,12.0,,,,,,,,,
1992-08-12 00:00:00,,,,,,,,,,0.0,,,,,,,,,,,,,,,,,,,,,,,,,,,,,,,,,,,,,,,,,,,,
1992-08-12 01:00:00,,,,,,,,,,0.0,,,,,,,,,,,,,,,,,,,,,,,,,,,,,,,,,,,,,,,,,,,,
1992-08-12 02:00:00,1005.6,1008.9,25.4,20.9,76.0,1.9,135.0,,,0.0,0.0,,,,,,,,,,0.0,,,,,,,,,,,,,,,,,,,,,,,,12.0,,,,,,,,,
1992-08-12 03:00:00,,,,,,,,,,0.0,,,,,,,,,,,,,,,,,,,,,,,,,,,,,,,,,,,,,,,,,,,,
1992-08-12 04:00:00,,,,,,,,,,0.0,,,,,,,,,,,,,,,,,,,,,,,,,,,,,,,,,,,,,,,,,,,,
1992-08-12 05:00:00,1006.2,1009.5,24.5,20.6,79.0,1.1,90.0,,,0.0,0.0,,,28.4,28.9,30.0,30.5,,,,5.0,,,,,,,,,,,,,,,,,,,,,30.5,,,15.0,,,,,,,,,
1992-08-12 06:00:00,,,,,,,,,,0.0,,,,,,,,,,,,,,,,,,,,,,,,,,,,,,,,,,,,,,,,,,,,
1992-08-12 07:00:00,,,,,,,,,,0.0,,,,,,,,,,,,,,,,,,,,,,,,,,,,,,,,,,,,,,,,,,,,
1992-08-12 08:00:00,1007.1,1010.4,29.6,21.9,63.0,1.7,180.0,,,0.0,0.0,1.0,,,,,,,,,5.0,,,,,,,,,,,,,,,,,,,,,,,,15.0,,,,,,,,,
1992-08-12 09:00:00,1007.2,1010.5,31.2,23.0,62.0,3.8,247.5,,,0.0,0.0,1.0,,,,,,,,,6.0,,,,,,,,,,,,,,,,,,,,,,,,20.0,,,,,,,,,
1992-08-12 10:00:00,,,,,,,,,,0.0,,,,,,,,,,,,,,,,,,,,,,,,,,,,,,,,,,,,,,,,,,,,
1992-08-12 11:00:00,1006.5,1009.8,32.2,24.0,62.0,3.5,292.5,,,0.0,0.0,1.0,,,,,,,,,6.0,,,,,,,,,,,,,,,,,,,,,,,,20.0,,,,,,,,,
1992-08-12 12:00:00,,,,,,,,,,0.0,,,,,,,,,,,,,,,,,,,,,,,,,,,,,,,,,,,,,,,,,,,,
1992-08-12 13:00:00,,,,,,,,,,0.0,,,,,,,,,,,,,,,,,,,,,,,,,,,,,,,,,,,,,,,,,,,,
1992-08-12 14:00:00,1005.3,1008.6,32.1,24.5,64.0,4.7,270.0,,,0.0,0.0,1.0,,36.8,34.8,32.6,31.0,,,,6.0,,,,,,,,,,,,,,,,,,,,,30.5,,,20.0,,,,,,,,,
1992-08-12 15:00:00,,,,,,,,,,0.0,,,,,,,,,,,,,,,,,,,,,,,,,,,,,,,,,,,,,,,,,,,,
1992-08-12 16:00:00,,,,,,,,,,0.0,,,,,,,,,,,,,,,,,,,,,,,,,,,,,,,,,,,,,,,,,,,,
1992-08-12 17:00:00,1004.1,1007.4,30.7,22.7,62.0,3.5,247.5,,,0.0,0.0,0.9,,,,,,,,,8.0,,,,,,,,,,,,,,,,,,,,,,,,15.0,,,,,,,,,
1992-08-12 18:00:00,,,,,,,,,,0.0,,,,,,,,,,,,,,,,,,,,,,,,,,,,,,,,,,,,,,,,,,,,
1992-08-12 19:00:00,,,,,,,,,,0.0,,,,,,,,,,,,,,,,,,,,,,,,,,,,,,,,,,,,,,,,,,,,
1992-08-12 20:00:00,1004.8,1008.1,29.0,22.8,69.0,1.8,202.5,,,0.0,0.0,,,,,,,,,,5.0,,,,,,,,,,,,,,,,,,,,,,,,12.0,,,,,,,,,
1992-08-12 21:00:00,1004.9,1008.2,28.4,23.2,73.0,1.3,180.0,,,0.0,0.0,,,30.8,31.2,31.8,31.6,,,,8.0,,,,,,,,,,,,,,,,,,,,,30.9,,,12.0,,,,,,,,,
1992-08-12 22:00:00,,,,,,,,,,0.0,,,,,,,,,,,,,,,,,,,,,,,,,,,,,,,,,,,,,,,,,,,,
1992-08-12 23:00:00,1004.9,1008.2,27.2,23.8,82.0,1.6,157.5,,,0.0,0.0,,,,,,,,,,10.0,,,,,,,,,,,,,,,,,,,,,,,,12.0,,,,,,,,,
1992-08-13 00:00:00,,,,,,,,,,0.0,,,,,,,,,,,,,,,,,,,,,,,,,,,,,,,,,,,,,,,,,,,,
1992-08-13 01:00:00,,,,,,,,,,0.0,,,,,,,,,,,,,,,,,,,,,,,,,,,,,,,,,,,,,,,,,,,,
1992-08-13 02:00:00,1003.4,1006.7,26.3,23.4,84.0,1.1,135.0,,,0.0,0.0,,,,,,,,,,10.0,,,,,,,,,,,,,,,,,,,,,,,,12.0,,,,,,,,,
1992-08-13 03:00:00,,,,,,,,,,0.0,,,,,,,,,,,,,,,,,,,,,,,,,,,,,,,,,,,,,,,,,,,,
1992-08-13 04:00:00,,,,,,,,,,0.0,,,,,,,,,,,,,,,,,,,,,,,,,,,,,,,,,,,,,,,,,,,,
1992-08-13 05:00:00,1003.1,1006.4,25.3,22.7,86.0,1.2,135.0,,,0.0,0.0,,,28.9,29.3,30.2,30.7,,,,5.0,,,,,,,,,,,,,,,,,,,,,30.7,,,12.0,,,,,,,,,
1992-08-13 06:00:00,,,,,,,,,,0.0,,,,,,,,,,,,,,,,,,,,,,,,,,,,,,,,,,,,,,,,,,,,
1992-08-13 07:00:00,,,,,,,,,,0.0,,,,,,,,,,,,,,,,,,,,,,,,,,,,,,,,,,,,,,,,,,,,
1992-08-13 08:00:00,1003.4,1006.7,28.5,23.6,75.0,2.1,180.0,,,0.0,0.0,1.0,,,,,,,,,5.0,,,,,,,,,,,,,,,,,,,,,,,,10.0,,,,,,,,,
1992-08-13 09:00:00,1003.4,1006.7,30.6,24.1,68.0,4.2,247.5,,,0.0,0.0,1.0,,,,,,,,,4.0,,,,,,,,,,,,,,,,,,,,,,,,15.0,,,,,,,,,
1992-08-13 10:00:00,,,,,,,,,,0.0,,,,,,,,,,,,,,,,,,,,,,,,,,,,,,,,,,,,,,,,,,,,
1992-08-13 11:00:00,1002.9,1006.2,31.2,24.6,68.0,4.6,270.0,,,0.0,0.0,1.0,,,,,,,,,4.0,,,,,,,,,,,,,,,,,,,,,,,,15.0,,,,,,,,,
1992-08-13 12:00:00,,,,,,,,,,0.0,,,,,,,,,,,,,,,,,,,,,,,,,,,,,,,,,,,,,,,,,,,,
1992-08-13 13:00:00,,,,,,,,,,0.0,,,,,,,,,,,,,,,,,,,,,,,,,,,,,,,,,,,,,,,,,,,,
1992-08-13 14:00:00,1001.5,1004.8,31.8,23.2,60.0,4.8,270.0,,,0.0,0.0,1.0,,35.9,34.8,32.5,31.2,,,,5.0,,,,,,,,,,,,,,,,,,,,,30.5,,,20.0,,,,,,,,,
1992-08-13 15:00:00,,,,,,,,,,0.0,,,,,,,,,,,,,,,,,,,,,,,,,,,,,,,,,,,,,,,,,,,,
1992-08-13 16:00:00,,,,,,,,,,0.0,,,,,,,,,,,,,,,,,,,,,,,,,,,,,,,,,,,,,,,,,,,,
1992-08-13 17:00:00,1000.4,1003.7,30.4,23.3,66.0,5.2,270.0,,,0.0,0.0,1.0,,,,,,,,,5.0,,,,,,,,,,,,,,,,,,,,,,,,20.0,,,,,,,,,
1992-08-13 18:00:00,,,,,,,,,,0.0,,,,,,,,,,,,,,,,,,,,,,,,,,,,,,,,,,,,,,,,,,,,
1992-08-13 19:00:00,,,,,,,,,,0.0,,,,,,,,,,,,,,,,,,,,,,,,,,,,,,,,,,,,,,,,,,,,
1992-08-13 20:00:00,1002.2,1005.5,28.8,24.5,78.0,2.8,247.5,,,0.0,0.0,,,,,,,,,,4.0,,,,,,,,,,,,,,,,,,,,,,,,12.0,,,,,,,,,
1992-08-13 21:00:00,1002.7,1006.0,28.7,24.3,77.0,1.4,247.5,,,0.0,0.0,,,30.6,31.1,31.6,31.5,,,,4.0,,,,,,,,,,,,,,,,,,,,,30.6,,,12.0,,,,,,,,,
1992-08-13 22:00:00,,,,,,,,,,0.0,,,,,,,,,,,,,,,,,,,,,,,,,,,,,,,,,,,,,,,,,,,,
1992-08-13 23:00:00,1002.5,1005.8,28.0,24.1,79.0,1.6,202.5,,,0.0,0.0,,,,,,,,,,0.0,,,,,,,,,,,,,,,,,,,,,,,,12.0,,,,,,,,,
1992-08-14 00:00:00,,,,,,,,,,0.0,,,,,,,,,,,,,,,,,,,,,,,,,,,,,,,,,,,,,,,,,,,,
1992-08-14 01:00:00,,,,,,,,,,0.0,,,,,,,,,,,,,,,,,,,,,,,,,,,,,,,,,,,,,,,,,,,,
1992-08-14 02:00:00,1001.1,1004.4,26.2,23.8,87.0,0.8,157.5,,,0.0,0.0,,,,,,,,,,0.0,,,,,,,,,,,,,,,,,,,,,,,,12.0,,,,,,,,,
1992-08-14 03:00:00,,,,,,,,,,0.0,,,,,,,,,,,,,,,,,,,,,,,,,,,,,,,,,,,,,,,,,,,,
1992-08-14 04:00:00,,,,,,,,,,0.0,,,,,,,,,,,,,,,,,,,,,,,,,,,,,,,,,,,,,,,,,,,,
1992-08-14 05:00:00,1000.8,1004.1,25.3,22.4,84.0,1.5,157.5,,,0.0,0.0,,,28.6,29.4,30.5,30.6,,,,1.0,,,,,,,,,,,,,,,,,,,,,29.9,,,15.0,,,,,,,,,
1992-08-14 06:00:00,,,,,,,,,,0.0,,,,,,,,,,,,,,,,,,,,,,,,,,,,,,,,,,,,,,,,,,,,
1992-08-14 07:00:00,,,,,,,,,,0.0,,,,,,,,,,,,,,,,,,,,,,,,,,,,,,,,,,,,,,,,,,,,
1992-08-14 08:00:00,1001.4,1004.7,29.7,23.4,69.0,3.6,225.0,,,0.0,0.0,1.0,,,,,,,,,4.0,,,,,,,,,,,,,,,,,,,,,,,,18.0,,,,,,,,,
1992-08-14 09:00:00,1001.2,1004.4,31.9,23.1,60.0,3.7,225.0,,,0.0,0.0,1.0,,,,,,,,,4.0,,,,,,,,,,,,,,,,,,,,,,,,18.0,,,,,,,,,
1992-08-14 10:00:00,,,,,,,,,,0.0,,,,,,,,,,,,,,,,,,,,,,,,,,,,,,,,,,,,,,,,,,,,
1992-08-14 11:00:00,1000.9,1004.1,32.1,24.3,64.0,5.1,270.0,,,0.0,0.0,1.0,,,,,,,,,3.0,,,,,,,,,,,,,,,,,,,,,,,,18.0,,,,,,,,,
1992-08-14 12:00:00,,,,,,,,,,0.0,,,,,,,,,,,,,,,,,,,,,,,,,,,,,,,,,,,,,,,,,,,,
1992-08-14 13:00:00,,,,,,,,,,0.0,,,,,,,,,,,,,,,,,,,,,,,,,,,,,,,,,,,,,,,,,,,,
1992-08-14 14:00:00,1000.3,1003.5,32.1,24.3,64.0,5.2,270.0,,,0.0,0.0,1.0,,36.1,35.0,32.7,31.1,,,,3.0,,,,,,,,,,,,,,,,,,,,,30.4,,,15.0,,,,,,,,,
1992-08-14 15:00:00,,,,,,,,,,0.0,,,,,,,,,,,,,,,,,,,,,,,,,,,,,,,,,,,,,,,,,,,,
1992-08-14 16:00:00,,,,,,,,,,0.0,,,,,,,,,,,,,,,,,,,,,,,,,,,,,,,,,,,,,,,,,,,,
1992-08-14 17:00:00,1000.3,1003.6,29.8,23.5,69.0,2.4,202.5,,,0.0,0.0,0.0,,,,,,,,,8.0,,,,,,,,,,,,,,,,,,,,,,,,15.0,,,,,,,,,
1992-08-14 18:00:00,,,,,,,,,,0.0,,,,,,,,,,,,,,,,,,,,,,,,,,,,,,,,,,,,,,,,,,,,
1992-08-14 19:00:00,,,,,,,,,,0.0,,,,,,,,,,,,,,,,,,,,,,,,,,,,,,,,,,,,,,,,,,,,
1992-08-14 20:00:00,1001.4,1004.7,27.0,23.0,79.0,2.6,157.5,,,0.0,0.0,,,,,,,,,,8.0,,,,,,,,,,,,,,,,,,,,,,,,15.0,,,,,,,,,
1992-08-14 21:00:00,1002.0,1005.3,27.1,23.1,79.0,2.0,135.0,,,0.0,0.0,,,30.4,31.1,31.7,31.5,,,,6.0,,,,,,,,,,,,,,,,,,,,,30.6,,,12.0,,,,,,,,,
1992-08-14 22:00:00,,,,,,,,,,0.0,,,,,,,,,,,,,,,,,,,,,,,,,,,,,,,,,,,,,,,,,,,,
1992-08-14 23:00:00,1002.4,1005.7,26.6,22.9,80.0,1.7,157.5,,,0.0,0.0,,,,,,,,,,6.0,,,,,,,,,,,,,,,,,,,,,,,,12.0,,,,,,,,,
1992-08-15 00:00:00,,,,,,,,,,0.0,,,,,,,,,,,,,,,,,,,,,,,,,,,,,,,,,,,,,,,,,,,,
1992-08-15 01:00:00,,,,,,,,,,0.0,,,,,,,,,,,,,,,,,,,,,,,,,,,,,,,,,,,,,,,,,,,,
1992-08-15 02:00:00,1000.8,1004.1,25.9,22.4,81.0,1.2,135.0,,,0.0,0.0,,,,,,,,,,10.0,,,,,,,,,,,,,,,,,,,,,,,,12.0,,,,,,,,,
1992-08-15 03:00:00,,,,,,,,,,0.0,,,,,,,,,,,,,,,,,,,,,,,,,,,,,,,,,,,,,,,,,,,,
1992-08-15 04:00:00,,,,,,,,,,0.0,,,,,,,,,,,,,,,,,,,,,,,,,,,,,,,,,,,,,,,,,,,,
1992-08-15 05:00:00,1001.3,1004.6,25.5,21.8,80.0,1.6,112.5,,,0.0,0.0,,,28.6,29.2,30.2,30.5,,,,5.0,,,,,,,,,,,,,,,,,,,,,30.3,,,15.0,,,,,,,,,
1992-08-15 06:00:00,,,,,,,,,,0.0,,,,,,,,,,,,,,,,,,,,,,,,,,,,,,,,,,,,,,,,,,,,
1992-08-15 07:00:00,,,,,,,,,,0.0,,,,,,,,,,,,,,,,,,,,,,,,,,,,,,,,,,,,,,,,,,,,
1992-08-15 08:00:00,1002.5,1005.8,28.6,23.4,74.0,1.8,157.5,,,0.0,0.0,1.0,,,,,,,,,3.0,,,,,,,,,,,,,,,,,,,,,,,,15.0,,,,,,,,,
1992-08-15 09:00:00,1002.6,1005.9,31.0,23.3,64.0,1.7,135.0,,,0.0,0.0,1.0,,,,,,,,,3.0,,,,,,,,,,,,,,,,,,,,,,,,15.0,,,,,,,,,
1992-08-15 10:00:00,,,,,,,,,,0.0,,,,,,,,,,,,,,,,,,,,,,,,,,,,,,,,,,,,,,,,,,,,
1992-08-15 11:00:00,1002.0,1005.2,32.7,23.7,59.0,3.4,292.5,,,0.0,0.0,1.0,,,,,,,,,4.0,,,,,,,,,,,,,,,,,,,,,,,,15.0,,,,,,,,,
1992-08-15 12:00:00,,,,,,,,,,0.0,,,,,,,,,,,,,,,,,,,,,,,,,,,,,,,,,,,,,,,,,,,,
1992-08-15 13:00:00,,,,,,,,,,0.0,,,,,,,,,,,,,,,,,,,,,,,,,,,,,,,,,,,,,,,,,,,,
1992-08-15 14:00:00,1000.5,1003.7,32.6,24.2,61.0,4.0,292.5,,,0.0,0.0,1.0,,37.8,35.6,33.0,31.1,,,,7.0,,,,,,,,,,,,,,,,,,,,,30.5,,,15.0,,,,,,,,,
1992-08-15 15:00:00,,,,,,,,,,0.0,,,,,,,,,,,,,,,,,,,,,,,,,,,,,,,,,,,,,,,,,,,,
1992-08-15 16:00:00,,,,,,,,,,0.0,,,,,,,,,,,,,,,,,,,,,,,,,,,,,,,,,,,,,,,,,,,,
1992-08-15 17:00:00,999.8,1003.1,30.5,23.8,68.0,2.3,337.5,,,0.0,0.0,0.3,,,,,,,,,10.0,,,,,,,,,,,,,,,,,,,,,,,,15.0,,,,,,,,,
1992-08-15 18:00:00,,,,,,,,,,0.0,,,,,,,,,,,,,,,,,,,,,,,,,,,,,,,,,,,,,,,,,,,,
1992-08-15 19:00:00,,,,,,,,,,0.0,,,,,,,,,,,,,,,,,,,,,,,,,,,,,,,,,,,,,,,,,,,,
1992-08-15 20:00:00,1001.4,1004.7,29.3,24.1,74.0,1.7,337.5,,,0.0,0.0,,,,,,,,,,10.0,,,,,,,,,,,,,,,,,,,,,,,,12.0,,,,,,,,,
1992-08-15 21:00:00,1002.2,1005.5,29.3,23.9,73.0,1.0,292.5,,,0.0,0.0,,,31.6,32.0,32.3,32.9,,,,10.0,,,,,,,,,,,,,,,,,,,,,30.9,,,12.0,,,,,,,,,
1992-08-15 22:00:00,,,,,,,,,,0.0,,,,,,,,,,,,,,,,,,,,,,,,,,,,,,,,,,,,,,,,,,,,
1992-08-15 23:00:00,1001.8,1005.1,27.5,22.2,73.0,1.4,157.5,,,0.0,0.0,,,,,,,,,,10.0,,,,,,,,,,,,,,,,,,,,,,,,12.0,,,,,,,,,
1992-08-16 00:00:00,,,,,,,,,,0.0,,,,,,,,,,,,,,,,,,,,,,,,,,,,,,,,,,,,,,,,,,,,
1992-08-16 01:00:00,,,,,,,,,,0.0,,,,,,,,,,,,,,,,,,,,,,,,,,,,,,,,,,,,,,,,,,,,
1992-08-16 02:00:00,1000.2,1003.5,26.4,22.6,80.0,1.8,90.0,,,0.0,0.0,,,,,,,,,,3.0,,,,,,,,,,,,,,,,,,,,,,,,12.0,,,,,,,,,
1992-08-16 03:00:00,,,,,,,,,,0.0,,,,,,,,,,,,,,,,,,,,,,,,,,,,,,,,,,,,,,,,,,,,
1992-08-16 04:00:00,,,,,,,,,,0.0,,,,,,,,,,,,,,,,,,,,,,,,,,,,,,,,,,,,,,,,,,,,
1992-08-16 05:00:00,1000.2,1003.5,26.6,22.6,79.0,1.4,135.0,,,0.0,0.0,,,29.2,29.6,30.5,30.8,,,,10.0,,,,,,,,,,,,,,,,,,,,,30.9,,,15.0,,,,,,,,,
1992-08-16 06:00:00,,,,,,,,,,0.0,,,,,,,,,,,,,,,,,,,,,,,,,,,,,,,,,,,,,,,,,,,,
1992-08-16 07:00:00,,,,,,,,,,0.0,,,,,,,,,,,,,,,,,,,,,,,,,,,,,,,,,,,,,,,,,,,,
1992-08-16 08:00:00,999.9,1003.2,29.4,23.3,70.0,2.1,157.5,,,0.0,0.0,1.0,,,,,,,,,3.0,,,,,,,,,,,,,,,,,,,,,,,,12.0,,,,,,,,,
1992-08-16 09:00:00,999.3,1002.6,31.1,23.1,63.0,1.2,135.0,,,0.0,0.0,1.0,,,,,,,,,2.0,,,,,,,,,,,,,,,,,,,,,,,,15.0,,,,,,,,,
1992-08-16 10:00:00,,,,,,,,,,0.0,,,,,,,,,,,,,,,,,,,,,,,,,,,,,,,,,,,,,,,,,,,,
1992-08-16 11:00:00,998.3,1001.5,33.5,23.9,57.0,2.4,22.5,,,0.0,0.0,1.0,,,,,,,,,4.0,,,,,,,,,,,,,,,,,,,,,,,,15.0,,,,,,,,,
1992-08-16 12:00:00,,,,,,,,,,0.0,,,,,,,,,,,,,,,,,,,,,,,,,,,,,,,,,,,,,,,,,,,,
1992-08-16 13:00:00,,,,,,,,,,0.0,,,,,,,,,,,,,,,,,,,,,,,,,,,,,,,,,,,,,,,,,,,,
1992-08-16 14:00:00,996.4,999.6,33.5,24.3,59.0,2.5,270.0,,,0.0,0.0,1.0,,38.5,36.0,33.5,31.7,,,,4.0,,,,,,,,,,,,,,,,,,,,,30.8,,,12.0,,,,,,,,,
1992-08-16 15:00:00,,,,,,,,,,0.0,,,,,,,,,,,,,,,,,,,,,,,,,,,,,,,,,,,,,,,,,,,,
1992-08-16 16:00:00,,,,,,,,,,0.0,,,,,,,,,,,,,,,,,,,,,,,,,,,,,,,,,,,,,,,,,,,,
1992-08-16 17:00:00,996.5,999.7,27.7,25.4,87.0,1.3,202.5,,,0.5,0.4,0.0,,,,,,,,,10.0,,,,,,,,,,,,,,,,,,,,,,,,10.0,,,,,,,,,
1992-08-16 18:00:00,,,,,,,,,,0.0,,,,,,,,,,,,,,,,,,,,,,,,,,,,,,,,,,,,,,,,,,,,
1992-08-16 19:00:00,,,,,,,,,,0.0,,,,,,,,,,,,,,,,,,,,,,,,,,,,,,,,,,,,,,,,,,,,
1992-08-16 20:00:00,997.9,1001.2,28.3,24.9,82.0,1.2,135.0,,,0.0,0.0,,,,,,,,,,10.0,,,,,,,,,,,,,,,,,,,,,,,,10.0,,,,,,,,,
1992-08-16 21:00:00,998.2,1001.5,28.1,24.2,79.0,1.7,112.5,,,0.0,0.0,,,31.0,31.4,32.0,31.9,,,,10.0,,,,,,,,,,,,,,,,,,,,,31.2,,,10.0,,,,,,,,,
1992-08-16 22:00:00,,,,,,,,,,0.0,,,,,,,,,,,,,,,,,,,,,,,,,,,,,,,,,,,,,,,,,,,,
1992-08-16 23:00:00,998.2,1001.5,27.8,23.9,79.0,1.7,135.0,,,0.0,0.0,,,,,,,,,,10.0,,,,,,,,,,,,,,,,,,,,,,,,10.0,,,,,,,,,
1992-08-17 00:00:00,,,,,,,,,,0.0,,,,,,,,,,,,,,,,,,,,,,,,,,,,,,,,,,,,,,,,,,,,
1992-08-17 01:00:00,,,,,,,,,,0.0,,,,,,,,,,,,,,,,,,,,,,,,,,,,,,,,,,,,,,,,,,,,
1992-08-17 02:00:00,996.9,1000.2,27.3,24.1,83.0,1.2,135.0,,,0.0,0.0,,,,,,,,,,10.0,,,,,,,,,,,,,,,,,,,,,,,,10.0,,,,,,,,,
1992-08-17 03:00:00,,,,,,,,,,0.0,,,,,,,,,,,,,,,,,,,,,,,,,,,,,,,,,,,,,,,,,,,,
1992-08-17 04:00:00,,,,,,,,,,0.0,,,,,,,,,,,,,,,,,,,,,,,,,,,,,,,,,,,,,,,,,,,,
1992-08-17 05:00:00,997.4,1000.7,26.8,24.3,86.0,1.2,90.0,,,0.0,0.0,,,29.7,29.8,30.5,31.0,,,,10.0,,,,,,,,,,,,,,,,,,,,,31.0,,,10.0,,,,,,,,,
1992-08-17 06:00:00,,,,,,,,,,0.0,,,,,,,,,,,,,,,,,,,,,,,,,,,,,,,,,,,,,,,,,,,,
1992-08-17 07:00:00,,,,,,,,,,0.0,,,,,,,,,,,,,,,,,,,,,,,,,,,,,,,,,,,,,,,,,,,,
1992-08-17 08:00:00,997.8,1001.1,28.7,24.5,78.0,1.0,112.5,,,0.0,0.0,0.0,,,,,,,,,10.0,,,,,,,,,,,,,,,,,,,,,,,,10.0,,,,,,,,,
1992-08-17 09:00:00,997.6,1000.9,30.1,23.8,69.0,2.0,90.0,,,0.0,0.0,0.1,,,,,,,,,8.0,,,,,,,,,,,,,,,,,,,,,,,,12.0,,,,,,,,,
1992-08-17 10:00:00,,,,,,,,,,0.0,,,,,,,,,,,,,,,,,,,,,,,,,,,,,,,,,,,,,,,,,,,,
1992-08-17 11:00:00,997.0,1000.2,31.5,23.6,63.0,0.8,112.5,,,0.0,0.0,0.2,,,,,,,,,8.0,,,,,,,,,,,,,,,,,,,,,,,,12.0,,,,,,,,,
1992-08-17 12:00:00,,,,,,,,,,0.0,,,,,,,,,,,,,,,,,,,,,,,,,,,,,,,,,,,,,,,,,,,,
1992-08-17 13:00:00,,,,,,,,,,0.0,,,,,,,,,,,,,,,,,,,,,,,,,,,,,,,,,,,,,,,,,,,,
1992-08-17 14:00:00,994.6,997.8,32.1,21.8,55.0,5.4,90.0,,,0.0,0.0,0.0,,33.8,33.1,32.0,31.7,,,,10.0,,,,,,,,,,,,,,,,,,,,,30.8,,,15.0,,,,,,,,,
1992-08-17 15:00:00,,,,,,,,,,0.0,,,,,,,,,,,,,,,,,,,,,,,,,,,,,,,,,,,,,,,,,,,,
1992-08-17 16:00:00,,,,,,,,,,0.0,,,,,,,,,,,,,,,,,,,,,,,,,,,,,,,,,,,,,,,,,,,,
1992-08-17 17:00:00,993.9,997.1,29.5,21.2,61.0,6.7,67.5,,,0.0,0.0,0.0,,,,,,,,,10.0,,,,,,,,,,,,,,,,,,,,,,,,15.0,,,,,,,,,
1992-08-17 18:00:00,,,,,,,,,,0.0,,,,,,,,,,,,,,,,,,,,,,,,,,,,,,,,,,,,,,,,,,,,
1992-08-17 19:00:00,,,,,,,,,,0.0,,,,,,,,,,,,,,,,,,,,,,,,,,,,,,,,,,,,,,,,,,,,
1992-08-17 20:00:00,993.7,996.9,29.4,19.1,54.0,8.1,67.5,,,0.0,0.0,,,,,,,,,,10.0,,,,,,,,,,,,,,,,,,,,,,,,12.0,,,,,,,,,
1992-08-17 21:00:00,994.2,997.4,29.6,19.4,54.0,9.1,67.5,,,0.0,0.0,,,29.5,30.2,31.2,31.3,,,,10.0,,,,,,,,,,,,,,,,,,,,,31.0,,,12.0,,,,,,,,,
1992-08-17 22:00:00,,,,,,,,,,0.0,,,,,,,,,,,,,,,,,,,,,,,,,,,,,,,,,,,,,,,,,,,,
1992-08-17 23:00:00,995.5,998.7,29.3,19.8,57.0,4.9,90.0,,,0.0,0.0,,,,,,,,,,10.0,,,,,,,,,,,,,,,,,,,,,,,,12.0,,,,,,,,,
1992-08-18 00:00:00,,,,,,,,,,0.0,,,,,,,,,,,,,,,,,,,,,,,,,,,,,,,,,,,,,,,,,,,,
1992-08-18 01:00:00,,,,,,,,,,0.0,,,,,,,,,,,,,,,,,,,,,,,,,,,,,,,,,,,,,,,,,,,,
1992-08-18 02:00:00,995.3,998.5,28.7,21.1,64.0,3.3,90.0,,,0.0,0.0,,,,,,,,,,10.0,,,,,,,,,,,,,,,,,,,,,,,,12.0,,,,,,,,,
1992-08-18 03:00:00,,,,,,,,,,0.0,,,,,,,,,,,,,,,,,,,,,,,,,,,,,,,,,,,,,,,,,,,,
1992-08-18 04:00:00,,,,,,,,,,0.0,,,,,,,,,,,,,,,,,,,,,,,,,,,,,,,,,,,,,,,,,,,,
1992-08-18 05:00:00,995.4,998.6,27.2,21.6,72.0,3.3,112.5,,,0.0,0.0,,,28.8,29.1,30.0,30.4,,,,10.0,,,,,,,,,,,,,,,,,,,,,30.5,,,12.0,,,,,,,,,
1992-08-18 06:00:00,,,,,,,,,,0.0,,,,,,,,,,,,,,,,,,,,,,,,,,,,,,,,,,,,,,,,,,,,
1992-08-18 07:00:00,,,,,,,,,,0.1,,,,,,,,,,,,,,,,,,,,,,,,,,,,,,,,,,,,,,,,,,,,
1992-08-18 08:00:00,996.4,999.6,26.2,22.6,81.0,4.7,90.0,,,-9.8,0.5,0.0,,,,,,,,,10.0,,,,,,,,,,,,,,,,,,,,,,,,10.0,,,,,,,,,
1992-08-18 09:00:00,996.8,1000.1,26.4,22.8,81.0,2.7,112.5,,,0.0,0.0,0.0,,,,,,,,,10.0,,,,,,,,,,,,,,,,,,,,,,,,12.0,,,,,,,,,
1992-08-18 10:00:00,,,,,,,,,,0.0,,,,,,,,,,,,,,,,,,,,,,,,,,,,,,,,,,,,,,,,,,,,
1992-08-18 11:00:00,997.0,1000.3,30.1,24.5,72.0,1.1,202.5,,,0.0,0.0,0.0,,,,,,,,,10.0,,,,,,,,,,,,,,,,,,,,,,,,12.0,,,,,,,,,
1992-08-18 12:00:00,,,,,,,,,,0.0,,,,,,,,,,,,,,,,,,,,,,,,,,,,,,,,,,,,,,,,,,,,
1992-08-18 13:00:00,,,,,,,,,,0.0,,,,,,,,,,,,,,,,,,,,,,,,,,,,,,,,,,,,,,,,,,,,
1992-08-18 14:00:00,995.8,999.0,31.3,23.7,64.0,3.8,270.0,,,0.0,0.0,0.1,,33.7,31.8,30.8,30.4,,,,10.0,,,,,,,,,,,,,,,,,,,,,30.3,,,12.0,,,,,,,,,
1992-08-18 15:00:00,,,,,,,,,,0.0,,,,,,,,,,,,,,,,,,,,,,,,,,,,,,,,,,,,,,,,,,,,
1992-08-18 16:00:00,,,,,,,,,,0.0,,,,,,,,,,,,,,,,,,,,,,,,,,,,,,,,,,,,,,,,,,,,
1992-08-18 17:00:00,995.6,998.8,29.0,23.4,72.0,3.1,90.0,,,0.0,0.0,0.0,,,,,,,,,10.0,,,,,,,,,,,,,,,,,,,,,,,,12.0,,,,,,,,,
1992-08-18 18:00:00,,,,,,,,,,0.0,,,,,,,,,,,,,,,,,,,,,,,,,,,,,,,,,,,,,,,,,,,,
1992-08-18 19:00:00,,,,,,,,,,0.0,,,,,,,,,,,,,,,,,,,,,,,,,,,,,,,,,,,,,,,,,,,,
1992-08-18 20:00:00,997.3,1000.6,27.5,22.6,75.0,0.8,135.0,,,-9.8,0.3,,,,,,,,,,7.0,,,,,,,,,,,,,,,,,,,,,,,,10.0,,,,,,,,,
1992-08-18 21:00:00,998.2,1001.5,27.2,22.4,75.0,0.9,90.0,,,-9.8,0.1,,,29.6,30.0,30.5,30.7,,,,9.0,,,,,,,,,,,,,,,,,,,,,30.4,,,10.0,,,,,,,,,
1992-08-18 22:00:00,,,,,,,,,,0.0,,,,,,,,,,,,,,,,,,,,,,,,,,,,,,,,,,,,,,,,,,,,
1992-08-18 23:00:00,998.6,1001.9,25.3,24.6,96.0,1.4,90.0,,,2.2,0.8,,,,,,,,,,10.0,,,,,,,,,,,,,,,,,,,,,,,,8.0,,,,,,,,,
1992-08-19 00:00:00,,,,,,,,,,15.9,,,,,,,,,,,,,,,,,,,,,,,,,,,,,,,,,,,,,,,,,,,,
1992-08-19 01:00:00,,,,,,,,,,-9.8,,,,,,,,,,,,,,,,,,,,,,,,,,,,,,,,,,,,,,,,,,,,
1992-08-19 02:00:00,997.4,1000.7,24.9,23.9,94.0,1.1,112.5,,,0.0,0.0,,,,,,,,,,10.0,,,,,,,,,,,,,,,,,,,,,,,,8.0,,,,,,,,,
1992-08-19 03:00:00,,,,,,,,,,0.0,,,,,,,,,,,,,,,,,,,,,,,,,,,,,,,,,,,,,,,,,,,,
1992-08-19 04:00:00,,,,,,,,,,0.0,,,,,,,,,,,,,,,,,,,,,,,,,,,,,,,,,,,,,,,,,,,,
1992-08-19 05:00:00,997.7,1001.0,25.2,24.5,96.0,0.5,90.0,,,0.0,0.0,,,28.1,27.8,28.8,29.5,,,,10.0,,,,,,,,,,,,,,,,,,,,,29.8,,,8.0,,,,,,,,,
1992-08-19 06:00:00,,,,,,,,,,0.0,,,,,,,,,,,,,,,,,,,,,,,,,,,,,,,,,,,,,,,,,,,,
1992-08-19 07:00:00,,,,,,,,,,0.0,,,,,,,,,,,,,,,,,,,,,,,,,,,,,,,,,,,,,,,,,,,,
1992-08-19 08:00:00,998.9,1002.2,26.6,24.9,90.0,1.2,90.0,,,0.0,0.0,0.0,,,,,,,,,10.0,,,,,,,,,,,,,,,,,,,,,,,,8.0,,,,,,,,,
1992-08-19 09:00:00,999.2,1002.5,26.0,24.8,93.0,2.2,112.5,,,0.0,0.0,0.0,,,,,,,,,10.0,,,,,,,,,,,,,,,,,,,,,,,,8.0,,,,,,,,,
1992-08-19 10:00:00,,,,,,,,,,0.0,,,,,,,,,,,,,,,,,,,,,,,,,,,,,,,,,,,,,,,,,,,,
1992-08-19 11:00:00,999.2,1002.5,26.6,25.5,94.0,2.2,135.0,,,0.6,0.7,0.0,,,,,,,,,10.0,,,,,,,,,,,,,,,,,,,,,,,,8.0,,,,,,,,,
1992-08-19 12:00:00,,,,,,,,,,-9.8,,,,,,,,,,,,,,,,,,,,,,,,,,,,,,,,,,,,,,,,,,,,
1992-08-19 13:00:00,,,,,,,,,,0.3,,,,,,,,,,,,,,,,,,,,,,,,,,,,,,,,,,,,,,,,,,,,
1992-08-19 14:00:00,997.9,1001.2,29.0,25.2,80.0,1.5,45.0,,,-9.8,0.3,0.0,,29.4,28.8,29.0,29.3,,,,10.0,,,,,,,,,,,,,,,,,,,,,29.5,,,8.0,,,,,,,,,
1992-08-19 15:00:00,,,,,,,,,,0.0,,,,,,,,,,,,,,,,,,,,,,,,,,,,,,,,,,,,,,,,,,,,
1992-08-19 16:00:00,,,,,,,,,,0.0,,,,,,,,,,,,,,,,,,,,,,,,,,,,,,,,,,,,,,,,,,,,
1992-08-19 17:00:00,997.9,1001.2,27.1,24.7,87.0,1.9,112.5,,,0.0,0.0,0.0,,,,,,,,,10.0,,,,,,,,,,,,,,,,,,,,,,,,8.0,,,,,,,,,
1992-08-19 18:00:00,,,,,,,,,,0.0,,,,,,,,,,,,,,,,,,,,,,,,,,,,,,,,,,,,,,,,,,,,
1992-08-19 19:00:00,,,,,,,,,,0.0,,,,,,,,,,,,,,,,,,,,,,,,,,,,,,,,,,,,,,,,,,,,
1992-08-19 20:00:00,998.5,1001.8,25.3,24.2,94.0,0.4,67.5,,,0.0,0.0,,,,,,,,,,6.0,,,,,,,,,,,,,,,,,,,,,,,,8.0,,,,,,,,,
1992-08-19 21:00:00,998.5,1001.8,25.5,23.8,90.0,2.9,90.0,,,0.0,0.0,,,28.3,28.3,28.9,29.4,,,,6.0,,,,,,,,,,,,,,,,,,,,,29.4,,,10.0,,,,,,,,,
1992-08-19 22:00:00,,,,,,,,,,0.0,,,,,,,,,,,,,,,,,,,,,,,,,,,,,,,,,,,,,,,,,,,,
1992-08-19 23:00:00,998.5,1001.8,25.9,23.6,87.0,1.9,45.0,,,0.0,0.0,,,,,,,,,,6.0,,,,,,,,,,,,,,,,,,,,,,,,10.0,,,,,,,,,
1992-08-20 00:00:00,,,,,,,,,,0.0,,,,,,,,,,,,,,,,,,,,,,,,,,,,,,,,,,,,,,,,,,,,
1992-08-20 01:00:00,,,,,,,,,,0.0,,,,,,,,,,,,,,,,,,,,,,,,,,,,,,,,,,,,,,,,,,,,
1992-08-20 02:00:00,998.1,1001.4,24.7,23.7,94.0,0.6,157.5,,,0.0,0.0,,,,,,,,,,8.0,,,,,,,,,,,,,,,,,,,,,,,,10.0,,,,,,,,,
1992-08-20 03:00:00,,,,,,,,,,0.0,,,,,,,,,,,,,,,,,,,,,,,,,,,,,,,,,,,,,,,,,,,,
1992-08-20 04:00:00,,,,,,,,,,0.0,,,,,,,,,,,,,,,,,,,,,,,,,,,,,,,,,,,,,,,,,,,,
1992-08-20 05:00:00,998.2,1001.5,24.2,23.7,97.0,0.1,0.0,,,0.0,0.0,,,27.8,27.8,28.3,28.7,,,,10.0,,,,,,,,,,,,,,,,,,,,,29.3,,,8.0,,,,,,,,,
1992-08-20 06:00:00,,,,,,,,,,0.0,,,,,,,,,,,,,,,,,,,,,,,,,,,,,,,,,,,,,,,,,,,,
1992-08-20 07:00:00,,,,,,,,,,0.0,,,,,,,,,,,,,,,,,,,,,,,,,,,,,,,,,,,,,,,,,,,,
1992-08-20 08:00:00,999.6,1002.9,26.6,23.3,82.0,0.7,112.5,,,0.0,0.0,0.0,,,,,,,,,10.0,,,,,,,,,,,,,,,,,,,,,,,,6.0,,,,,,,,,
1992-08-20 09:00:00,999.5,1002.8,28.1,24.1,79.0,1.3,135.0,,,0.0,0.0,0.0,,,,,,,,,10.0,,,,,,,,,,,,,,,,,,,,,,,,8.0,,,,,,,,,
1992-08-20 10:00:00,,,,,,,,,,0.0,,,,,,,,,,,,,,,,,,,,,,,,,,,,,,,,,,,,,,,,,,,,
1992-08-20 11:00:00,999.1,1002.4,30.3,24.4,71.0,1.5,315.0,,,0.0,0.0,0.4,,,,,,,,,10.0,,,,,,,,,,,,,,,,,,,,,,,,8.0,,,,,,,,,
1992-08-20 12:00:00,,,,,,,,,,0.0,,,,,,,,,,,,,,,,,,,,,,,,,,,,,,,,,,,,,,,,,,,,
1992-08-20 13:00:00,,,,,,,,,,0.0,,,,,,,,,,,,,,,,,,,,,,,,,,,,,,,,,,,,,,,,,,,,
1992-08-20 14:00:00,998.0,1001.3,27.3,23.4,79.0,2.9,292.5,,,0.0,0.0,0.0,,30.1,29.5,29.4,29.2,,,,10.0,,,,,,,,,,,,,,,,,,,,,29.2,,,10.0,,,,,,,,,
1992-08-20 15:00:00,,,,,,,,,,1.4,,,,,,,,,,,,,,,,,,,,,,,,,,,,,,,,,,,,,,,,,,,,
1992-08-20 16:00:00,,,,,,,,,,-9.8,,,,,,,,,,,,,,,,,,,,,,,,,,,,,,,,,,,,,,,,,,,,
1992-08-20 17:00:00,998.1,1001.4,29.0,25.1,80.0,1.3,112.5,,,0.0,0.0,0.0,,,,,,,,,10.0,,,,,,,,,,,,,,,,,,,,,,,,10.0,,,,,,,,,
1992-08-20 18:00:00,,,,,,,,,,0.0,,,,,,,,,,,,,,,,,,,,,,,,,,,,,,,,,,,,,,,,,,,,
1992-08-20 19:00:00,,,,,,,,,,0.0,,,,,,,,,,,,,,,,,,,,,,,,,,,,,,,,,,,,,,,,,,,,
1992-08-20 20:00:00,999.4,1002.7,28.0,23.2,75.0,1.7,67.5,,,0.0,0.0,,,,,,,,,,10.0,,,,,,,,,,,,,,,,,,,,,,,,10.0,,,,,,,,,
1992-08-20 21:00:00,1000.1,1003.4,27.4,23.3,78.0,1.6,45.0,,,0.0,0.0,,,28.9,28.8,29.1,29.3,,,,10.0,,,,,,,,,,,,,,,,,,,,,29.3,,,10.0,,,,,,,,,
1992-08-20 22:00:00,,,,,,,,,,0.0,,,,,,,,,,,,,,,,,,,,,,,,,,,,,,,,,,,,,,,,,,,,
1992-08-20 23:00:00,1000.3,1003.6,26.6,24.2,87.0,1.3,157.5,,,0.0,0.0,,,,,,,,,,10.0,,,,,,,,,,,,,,,,,,,,,,,,10.0,,,,,,,,,
1992-08-21 00:00:00,,,,,,,,,,0.0,,,,,,,,,,,,,,,,,,,,,,,,,,,,,,,,,,,,,,,,,,,,
1992-08-21 01:00:00,,,,,,,,,,0.0,,,,,,,,,,,,,,,,,,,,,,,,,,,,,,,,,,,,,,,,,,,,
1992-08-21 02:00:00,999.3,1002.6,25.9,24.0,89.0,1.6,90.0,,,0.0,0.0,,,,,,,,,,10.0,,,,,,,,,,,,,,,,,,,,,,,,10.0,,,,,,,,,
1992-08-21 03:00:00,,,,,,,,,,0.0,,,,,,,,,,,,,,,,,,,,,,,,,,,,,,,,,,,,,,,,,,,,
1992-08-21 04:00:00,,,,,,,,,,0.0,,,,,,,,,,,,,,,,,,,,,,,,,,,,,,,,,,,,,,,,,,,,
1992-08-21 05:00:00,999.8,1003.1,25.7,23.7,89.0,1.6,135.0,,,0.0,0.0,,,28.1,28.1,28.5,28.8,,,,10.0,,,,,,,,,,,,,,,,,,,,,29.3,,,10.0,,,,,,,,,
1992-08-21 06:00:00,,,,,,,,,,0.0,,,,,,,,,,,,,,,,,,,,,,,,,,,,,,,,,,,,,,,,,,,,
1992-08-21 07:00:00,,,,,,,,,,0.0,,,,,,,,,,,,,,,,,,,,,,,,,,,,,,,,,,,,,,,,,,,,
1992-08-21 08:00:00,1001.0,1004.3,28.0,24.2,80.0,2.4,45.0,,,0.0,0.0,0.2,,,,,,,,,10.0,,,,,,,,,,,,,,,,,,,,,,,,8.0,,,,,,,,,
1992-08-21 09:00:00,1001.1,1004.4,28.7,24.9,80.0,1.8,22.5,,,0.0,0.0,0.0,,,,,,,,,10.0,,,,,,,,,,,,,,,,,,,,,,,,12.0,,,,,,,,,
1992-08-21 10:00:00,,,,,,,,,,0.0,,,,,,,,,,,,,,,,,,,,,,,,,,,,,,,,,,,,,,,,,,,,
1992-08-21 11:00:00,1000.9,1004.2,30.2,24.6,72.0,2.5,337.5,,,0.0,0.0,0.2,,,,,,,,,10.0,,,,,,,,,,,,,,,,,,,,,,,,12.0,,,,,,,,,
1992-08-21 12:00:00,,,,,,,,,,0.0,,,,,,,,,,,,,,,,,,,,,,,,,,,,,,,,,,,,,,,,,,,,
1992-08-21 13:00:00,,,,,,,,,,0.0,,,,,,,,,,,,,,,,,,,,,,,,,,,,,,,,,,,,,,,,,,,,
1992-08-21 14:00:00,1000.3,1003.6,30.3,25.8,77.0,3.9,22.5,,,0.0,0.0,0.3,,32.1,30.6,29.8,29.4,,,,10.0,,,,,,,,,,,,,,,,,,,,,29.3,,,12.0,,,,,,,,,
1992-08-21 15:00:00,,,,,,,,,,0.0,,,,,,,,,,,,,,,,,,,,,,,,,,,,,,,,,,,,,,,,,,,,
1992-08-21 16:00:00,,,,,,,,,,0.0,,,,,,,,,,,,,,,,,,,,,,,,,,,,,,,,,,,,,,,,,,,,
1992-08-21 17:00:00,1000.2,1003.5,28.1,25.0,83.0,1.5,90.0,,,0.0,0.0,0.0,,,,,,,,,10.0,,,,,,,,,,,,,,,,,,,,,,,,12.0,,,,,,,,,
1992-08-21 18:00:00,,,,,,,,,,0.0,,,,,,,,,,,,,,,,,,,,,,,,,,,,,,,,,,,,,,,,,,,,
1992-08-21 19:00:00,,,,,,,,,,0.0,,,,,,,,,,,,,,,,,,,,,,,,,,,,,,,,,,,,,,,,,,,,
1992-08-21 20:00:00,1001.6,1004.9,27.2,24.7,86.0,1.4,45.0,,,0.0,0.0,,,,,,,,,,10.0,,,,,,,,,,,,,,,,,,,,,,,,8.0,,,,,,,,,
1992-08-21 21:00:00,1002.2,1005.5,27.4,25.2,88.0,0.5,22.5,,,0.0,0.0,,,29.6,29.4,29.7,29.8,,,,9.0,,,,,,,,,,,,,,,,,,,,,29.6,,,8.0,,,,,,,,,
1992-08-21 22:00:00,,,,,,,,,,0.0,,,,,,,,,,,,,,,,,,,,,,,,,,,,,,,,,,,,,,,,,,,,
1992-08-21 23:00:00,1002.6,1005.9,26.7,24.8,89.0,2.0,180.0,,,0.0,0.0,,,,,,,,,,10.0,,,,,,,,,,,,,,,,,,,,,,,,8.0,,,,,,,,,
1992-08-22 00:00:00,,,,,,,,,,0.0,,,,,,,,,,,,,,,,,,,,,,,,,,,,,,,,,,,,,,,,,,,,
1992-08-22 01:00:00,,,,,,,,,,0.0,,,,,,,,,,,,,,,,,,,,,,,,,,,,,,,,,,,,,,,,,,,,
1992-08-22 02:00:00,1001.6,1004.9,26.3,24.4,89.0,1.2,157.5,,,0.0,0.0,,,,,,,,,,10.0,,,,,,,,,,,,,,,,,,,,,,,,8.0,,,,,,,,,
1992-08-22 03:00:00,,,,,,,,,,0.0,,,,,,,,,,,,,,,,,,,,,,,,,,,,,,,,,,,,,,,,,,,,
1992-08-22 04:00:00,,,,,,,,,,0.0,,,,,,,,,,,,,,,,,,,,,,,,,,,,,,,,,,,,,,,,,,,,
1992-08-22 05:00:00,1002.3,1005.6,25.9,24.0,89.0,0.8,135.0,,,0.0,0.0,,,28.6,28.4,28.9,29.3,,,,10.0,,,,,,,,,,,,,,,,,,,,,29.5,,,8.0,,,,,,,,,
1992-08-22 06:00:00,,,,,,,,,,0.0,,,,,,,,,,,,,,,,,,,,,,,,,,,,,,,,,,,,,,,,,,,,
1992-08-22 07:00:00,,,,,,,,,,0.0,,,,,,,,,,,,,,,,,,,,,,,,,,,,,,,,,,,,,,,,,,,,
1992-08-22 08:00:00,1003.4,1006.7,27.6,24.0,81.0,2.0,135.0,,,0.0,0.0,0.0,,,,,,,,,10.0,,,,,,,,,,,,,,,,,,,,,,,,8.0,,,,,,,,,
1992-08-22 09:00:00,1003.2,1006.5,29.0,24.5,77.0,1.2,67.5,,,0.0,0.0,0.0,,,,,,,,,10.0,,,,,,,,,,,,,,,,,,,,,,,,10.0,,,,,,,,,
1992-08-22 10:00:00,,,,,,,,,,0.0,,,,,,,,,,,,,,,,,,,,,,,,,,,,,,,,,,,,,,,,,,,,
1992-08-22 11:00:00,1003.0,1006.3,30.8,24.1,68.0,2.3,292.5,,,0.0,0.0,0.4,,,,,,,,,5.0,,,,,,,,,,,,,,,,,,,,,,,,12.0,,,,,,,,,
1992-08-22 12:00:00,,,,,,,,,,0.0,,,,,,,,,,,,,,,,,,,,,,,,,,,,,,,,,,,,,,,,,,,,
1992-08-22 13:00:00,,,,,,,,,,0.0,,,,,,,,,,,,,,,,,,,,,,,,,,,,,,,,,,,,,,,,,,,,
1992-08-22 14:00:00,1002.1,1005.4,30.3,24.8,72.0,2.4,292.5,,,0.0,0.0,0.1,,32.0,31.0,30.3,29.7,,,,10.0,,,,,,,,,,,,,,,,,,,,,29.5,,,10.0,,,,,,,,,
1992-08-22 15:00:00,,,,,,,,,,3.1,,,,,,,,,,,,,,,,,,,,,,,,,,,,,,,,,,,,,,,,,,,,
1992-08-22 16:00:00,,,,,,,,,,0.2,,,,,,,,,,,,,,,,,,,,,,,,,,,,,,,,,,,,,,,,,,,,
1992-08-22 17:00:00,1002.8,1006.1,25.9,24.4,91.0,3.4,135.0,,,0.1,0.7,0.0,,,,,,,,,10.0,,,,,,,,,,,,,,,,,,,,,,,,6.0,,,,,,,,,
1992-08-22 18:00:00,,,,,,,,,,7.7,,,,,,,,,,,,,,,,,,,,,,,,,,,,,,,,,,,,,,,,,,,,
1992-08-22 19:00:00,,,,,,,,,,8.6,,,,,,,,,,,,,,,,,,,,,,,,,,,,,,,,,,,,,,,,,,,,
1992-08-22 20:00:00,1004.6,1007.9,25.1,23.6,91.0,1.5,90.0,,,0.2,0.4,,,,,,,,,,10.0,,,,,,,,,,,,,,,,,,,,,,,,6.0,,,,,,,,,
1992-08-22 21:00:00,1004.9,1008.2,25.3,23.5,90.0,0.9,112.5,,,0.0,0.0,,,28.3,28.1,29.0,29.5,,,,10.0,,,,,,,,,,,,,,,,,,,,,29.5,,,6.0,,,,,,,,,
1992-08-22 22:00:00,,,,,,,,,,0.0,,,,,,,,,,,,,,,,,,,,,,,,,,,,,,,,,,,,,,,,,,,,
1992-08-22 23:00:00,1004.4,1007.7,25.0,23.3,90.0,1.0,135.0,,,0.0,0.0,,,,,,,,,,4.0,,,,,,,,,,,,,,,,,,,,,,,,12.0,,,,,,,,,
1992-08-23 00:00:00,,,,,,,,,,0.0,,,,,,,,,,,,,,,,,,,,,,,,,,,,,,,,,,,,,,,,,,,,
1992-08-23 01:00:00,,,,,,,,,,0.0,,,,,,,,,,,,,,,,,,,,,,,,,,,,,,,,,,,,,,,,,,,,
1992-08-23 02:00:00,1003.5,1006.8,24.4,22.9,91.0,1.6,90.0,,,0.0,0.0,,,,,,,,,,8.0,,,,,,,,,,,,,,,,,,,,,,,,12.0,,,,,,,,,
1992-08-23 03:00:00,,,,,,,,,,0.0,,,,,,,,,,,,,,,,,,,,,,,,,,,,,,,,,,,,,,,,,,,,
1992-08-23 04:00:00,,,,,,,,,,0.0,,,,,,,,,,,,,,,,,,,,,,,,,,,,,,,,,,,,,,,,,,,,
1992-08-23 05:00:00,1003.5,1006.8,24.6,22.6,89.0,1.4,112.5,,,0.0,0.0,,,27.7,27.5,28.2,28.8,,,,10.0,,,,,,,,,,,,,,,,,,,,,29.1,,,12.0,,,,,,,,,
1992-08-23 06:00:00,,,,,,,,,,0.0,,,,,,,,,,,,,,,,,,,,,,,,,,,,,,,,,,,,,,,,,,,,
1992-08-23 07:00:00,,,,,,,,,,0.0,,,,,,,,,,,,,,,,,,,,,,,,,,,,,,,,,,,,,,,,,,,,
1992-08-23 08:00:00,1004.9,1008.2,27.8,24.5,82.0,0.6,90.0,,,0.0,0.0,0.9,,,,,,,,,3.0,,,,,,,,,,,,,,,,,,,,,,,,12.0,,,,,,,,,
1992-08-23 09:00:00,1005.1,1008.4,29.3,24.4,75.0,1.2,135.0,,,0.0,0.0,1.0,,,,,,,,,5.0,,,,,,,,,,,,,,,,,,,,,,,,15.0,,,,,,,,,
1992-08-23 10:00:00,,,,,,,,,,0.0,,,,,,,,,,,,,,,,,,,,,,,,,,,,,,,,,,,,,,,,,,,,
1992-08-23 11:00:00,1004.6,1007.9,30.9,24.6,69.0,1.6,292.5,,,0.0,0.0,0.7,,,,,,,,,9.0,,,,,,,,,,,,,,,,,,,,,,,,15.0,,,,,,,,,
1992-08-23 12:00:00,,,,,,,,,,0.0,,,,,,,,,,,,,,,,,,,,,,,,,,,,,,,,,,,,,,,,,,,,
1992-08-23 13:00:00,,,,,,,,,,0.0,,,,,,,,,,,,,,,,,,,,,,,,,,,,,,,,,,,,,,,,,,,,
1992-08-23 14:00:00,1003.1,1006.4,30.0,24.8,74.0,2.9,292.5,,,0.0,0.0,0.5,,32.3,31.0,30.1,29.5,,,,8.0,,,,,,,,,,,,,,,,,,,,,29.2,,,15.0,,,,,,,,,
1992-08-23 15:00:00,,,,,,,,,,0.0,,,,,,,,,,,,,,,,,,,,,,,,,,,,,,,,,,,,,,,,,,,,
1992-08-23 16:00:00,,,,,,,,,,0.0,,,,,,,,,,,,,,,,,,,,,,,,,,,,,,,,,,,,,,,,,,,,
1992-08-23 17:00:00,1002.6,1005.9,29.9,23.4,68.0,1.3,292.5,,,0.0,0.0,0.1,,,,,,,,,9.0,,,,,,,,,,,,,,,,,,,,,,,,12.0,,,,,,,,,
1992-08-23 18:00:00,,,,,,,,,,0.0,,,,,,,,,,,,,,,,,,,,,,,,,,,,,,,,,,,,,,,,,,,,
1992-08-23 19:00:00,,,,,,,,,,0.0,,,,,,,,,,,,,,,,,,,,,,,,,,,,,,,,,,,,,,,,,,,,
1992-08-23 20:00:00,1004.5,1007.8,27.2,24.7,86.0,1.8,157.5,,,0.0,0.0,,,,,,,,,,10.0,,,,,,,,,,,,,,,,,,,,,,,,10.0,,,,,,,,,
1992-08-23 21:00:00,1005.1,1008.4,27.1,24.3,85.0,1.4,135.0,,,0.0,0.0,,,29.8,29.8,30.0,30.0,,,,10.0,,,,,,,,,,,,,,,,,,,,,29.6,,,10.0,,,,,,,,,
1992-08-23 22:00:00,,,,,,,,,,0.0,,,,,,,,,,,,,,,,,,,,,,,,,,,,,,,,,,,,,,,,,,,,
1992-08-23 23:00:00,1005.5,1008.8,26.7,23.3,82.0,1.9,157.5,,,0.0,0.0,,,,,,,,,,10.0,,,,,,,,,,,,,,,,,,,,,,,,10.0,,,,,,,,,
1992-08-24 00:00:00,,,,,,,,,,0.0,,,,,,,,,,,,,,,,,,,,,,,,,,,,,,,,,,,,,,,,,,,,
1992-08-24 01:00:00,,,,,,,,,,0.0,,,,,,,,,,,,,,,,,,,,,,,,,,,,,,,,,,,,,,,,,,,,
1992-08-24 02:00:00,1004.4,1007.7,26.5,24.1,87.0,1.3,135.0,,,0.0,0.0,,,,,,,,,,10.0,,,,,,,,,,,,,,,,,,,,,,,,10.0,,,,,,,,,
1992-08-24 03:00:00,,,,,,,,,,0.0,,,,,,,,,,,,,,,,,,,,,,,,,,,,,,,,,,,,,,,,,,,,
1992-08-24 04:00:00,,,,,,,,,,0.0,,,,,,,,,,,,,,,,,,,,,,,,,,,,,,,,,,,,,,,,,,,,
1992-08-24 05:00:00,1004.1,1007.4,26.2,23.7,86.0,1.0,112.5,,,0.0,0.0,,,28.7,28.7,29.1,29.4,,,,10.0,,,,,,,,,,,,,,,,,,,,,29.5,,,10.0,,,,,,,,,
1992-08-24 06:00:00,,,,,,,,,,0.0,,,,,,,,,,,,,,,,,,,,,,,,,,,,,,,,,,,,,,,,,,,,
1992-08-24 07:00:00,,,,,,,,,,0.0,,,,,,,,,,,,,,,,,,,,,,,,,,,,,,,,,,,,,,,,,,,,
1992-08-24 08:00:00,1004.5,1007.8,27.7,24.8,84.0,0.4,45.0,,,0.0,0.0,0.2,,,,,,,,,10.0,,,,,,,,,,,,,,,,,,,,,,,,8.0,,,,,,,,,
1992-08-24 09:00:00,1004.4,1007.7,29.7,25.4,78.0,0.7,22.5,,,0.0,0.0,0.8,,,,,,,,,6.0,,,,,,,,,,,,,,,,,,,,,,,,8.0,,,,,,,,,
1992-08-24 10:00:00,,,,,,,,,,0.0,,,,,,,,,,,,,,,,,,,,,,,,,,,,,,,,,,,,,,,,,,,,
1992-08-24 11:00:00,1004.2,1007.5,29.1,25.3,80.0,4.4,337.5,,,0.0,0.0,0.0,,,,,,,,,10.0,,,,,,,,,,,,,,,,,,,,,,,,5.0,,,,,,,,,
1992-08-24 12:00:00,,,,,,,,,,0.0,,,,,,,,,,,,,,,,,,,,,,,,,,,,,,,,,,,,,,,,,,,,
1992-08-24 13:00:00,,,,,,,,,,0.0,,,,,,,,,,,,,,,,,,,,,,,,,,,,,,,,,,,,,,,,,,,,
1992-08-24 14:00:00,1003.1,1006.4,29.6,25.5,79.0,4.0,337.5,,,0.0,0.0,0.0,,30.3,29.7,29.6,29.6,,,,10.0,,,,,,,,,,,,,,,,,,,,,29.5,,,5.0,,,,,,,,,
1992-08-24 15:00:00,,,,,,,,,,0.0,,,,,,,,,,,,,,,,,,,,,,,,,,,,,,,,,,,,,,,,,,,,
1992-08-24 16:00:00,,,,,,,,,,0.0,,,,,,,,,,,,,,,,,,,,,,,,,,,,,,,,,,,,,,,,,,,,
1992-08-24 17:00:00,1002.0,1005.3,28.8,25.2,81.0,3.4,360.0,,,0.0,0.0,0.0,,,,,,,,,9.0,,,,,,,,,,,,,,,,,,,,,,,,10.0,,,,,,,,,
1992-08-24 18:00:00,,,,,,,,,,0.0,,,,,,,,,,,,,,,,,,,,,,,,,,,,,,,,,,,,,,,,,,,,
1992-08-24 19:00:00,,,,,,,,,,0.0,,,,,,,,,,,,,,,,,,,,,,,,,,,,,,,,,,,,,,,,,,,,
1992-08-24 20:00:00,1003.6,1006.9,27.1,25.1,89.0,2.2,157.5,,,0.0,0.0,,,,,,,,,,5.0,,,,,,,,,,,,,,,,,,,,,,,,8.0,,,,,,,,,
1992-08-24 21:00:00,1003.8,1007.1,27.0,25.1,89.0,0.7,135.0,,,0.0,0.0,,,29.3,28.9,29.3,29.5,,,,9.0,,,,,,,,,,,,,,,,,,,,,29.5,,,5.0,,,,,,,,,
1992-08-24 22:00:00,,,,,,,,,,0.0,,,,,,,,,,,,,,,,,,,,,,,,,,,,,,,,,,,,,,,,,,,,
1992-08-24 23:00:00,1004.1,1007.4,26.3,24.8,91.0,0.7,112.5,,,0.0,0.0,,,,,,,,,,4.0,,,,,,,,,,,,,,,,,,,,,,,,5.0,,,,,,,,,
1992-08-25 00:00:00,,,,,,,,,,0.0,,,,,,,,,,,,,,,,,,,,,,,,,,,,,,,,,,,,,,,,,,,,
1992-08-25 01:00:00,,,,,,,,,,0.0,,,,,,,,,,,,,,,,,,,,,,,,,,,,,,,,,,,,,,,,,,,,
1992-08-25 02:00:00,1003.3,1006.6,26.2,24.5,90.0,1.3,112.5,,,0.0,0.0,,,,,,,,,,3.0,,,,,,,,,,,,,,,,,,,,,,,,5.0,,,,,,,,,
1992-08-25 03:00:00,,,,,,,,,,0.0,,,,,,,,,,,,,,,,,,,,,,,,,,,,,,,,,,,,,,,,,,,,
1992-08-25 04:00:00,,,,,,,,,,0.0,,,,,,,,,,,,,,,,,,,,,,,,,,,,,,,,,,,,,,,,,,,,
1992-08-25 05:00:00,1002.7,1006.0,25.5,24.0,91.0,0.6,135.0,,,0.0,0.0,,,28.6,28.6,29.0,29.3,,,,3.0,,,,,,,,,,,,,,,,,,,,,29.3,,,5.0,,,,,,,,,
1992-08-25 06:00:00,,,,,,,,,,0.0,,,,,,,,,,,,,,,,,,,,,,,,,,,,,,,,,,,,,,,,,,,,
1992-08-25 07:00:00,,,,,,,,,,0.0,,,,,,,,,,,,,,,,,,,,,,,,,,,,,,,,,,,,,,,,,,,,
1992-08-25 08:00:00,1004.1,1007.4,26.8,24.2,86.0,1.1,157.5,,,0.0,0.0,0.0,,,,,,,,,10.0,,,,,,,,,,,,,,,,,,,,,,,,5.0,,,,,,,,,
1992-08-25 09:00:00,1004.3,1007.6,28.7,25.4,82.0,0.2,0.0,,,0.0,0.0,0.8,,,,,,,,,8.0,,,,,,,,,,,,,,,,,,,,,,,,8.0,,,,,,,,,
1992-08-25 10:00:00,,,,,,,,,,0.0,,,,,,,,,,,,,,,,,,,,,,,,,,,,,,,,,,,,,,,,,,,,
1992-08-25 11:00:00,1003.5,1006.8,30.4,24.8,72.0,2.6,360.0,,,0.0,0.0,0.3,,,,,,,,,10.0,,,,,,,,,,,,,,,,,,,,,,,,12.0,,,,,,,,,
1992-08-25 12:00:00,,,,,,,,,,0.0,,,,,,,,,,,,,,,,,,,,,,,,,,,,,,,,,,,,,,,,,,,,
1992-08-25 13:00:00,,,,,,,,,,0.0,,,,,,,,,,,,,,,,,,,,,,,,,,,,,,,,,,,,,,,,,,,,
1992-08-25 14:00:00,1001.6,1004.8,32.3,24.7,64.0,4.1,67.5,,,0.0,0.0,0.2,,31.9,31.0,30.3,29.6,,,,7.0,,,,,,,,,,,,,,,,,,,,,29.3,,,15.0,,,,,,,,,
1992-08-25 15:00:00,,,,,,,,,,0.0,,,,,,,,,,,,,,,,,,,,,,,,,,,,,,,,,,,,,,,,,,,,
1992-08-25 16:00:00,,,,,,,,,,0.0,,,,,,,,,,,,,,,,,,,,,,,,,,,,,,,,,,,,,,,,,,,,
1992-08-25 17:00:00,1000.4,1003.7,31.1,24.3,67.0,6.9,45.0,,,0.0,0.0,1.0,,,,,,,,,2.0,,,,,,,,,,,,,,,,,,,,,,,,15.0,,,,,,,,,
1992-08-25 18:00:00,,,,,,,,,,0.0,,,,,,,,,,,,,,,,,,,,,,,,,,,,,,,,,,,,,,,,,,,,
1992-08-25 19:00:00,,,,,,,,,,0.0,,,,,,,,,,,,,,,,,,,,,,,,,,,,,,,,,,,,,,,,,,,,
1992-08-25 20:00:00,1001.9,1005.2,29.0,22.6,68.0,4.0,67.5,,,0.0,0.0,,,,,,,,,,2.0,,,,,,,,,,,,,,,,,,,,,,,,12.0,,,,,,,,,
1992-08-25 21:00:00,1002.6,1005.9,28.7,22.4,69.0,5.9,67.5,,,0.0,0.0,,,29.1,29.3,29.7,29.8,,,,2.0,,,,,,,,,,,,,,,,,,,,,29.8,,,12.0,,,,,,,,,
1992-08-25 22:00:00,,,,,,,,,,0.0,,,,,,,,,,,,,,,,,,,,,,,,,,,,,,,,,,,,,,,,,,,,
1992-08-25 23:00:00,1002.5,1005.8,27.9,22.5,73.0,3.6,45.0,,,0.0,0.0,,,,,,,,,,2.0,,,,,,,,,,,,,,,,,,,,,,,,12.0,,,,,,,,,
1992-08-26 00:00:00,,,,,,,,,,0.0,,,,,,,,,,,,,,,,,,,,,,,,,,,,,,,,,,,,,,,,,,,,
1992-08-26 01:00:00,,,,,,,,,,0.0,,,,,,,,,,,,,,,,,,,,,,,,,,,,,,,,,,,,,,,,,,,,
1992-08-26 02:00:00,1001.1,1004.4,27.3,23.6,80.0,2.4,45.0,,,0.0,0.0,,,,,,,,,,6.0,,,,,,,,,,,,,,,,,,,,,,,,12.0,,,,,,,,,
1992-08-26 03:00:00,,,,,,,,,,0.0,,,,,,,,,,,,,,,,,,,,,,,,,,,,,,,,,,,,,,,,,,,,
1992-08-26 04:00:00,,,,,,,,,,0.0,,,,,,,,,,,,,,,,,,,,,,,,,,,,,,,,,,,,,,,,,,,,
1992-08-26 05:00:00,1000.8,1004.1,26.0,23.5,86.0,1.0,90.0,,,0.0,0.0,,,28.3,28.3,28.7,29.0,,,,8.0,,,,,,,,,,,,,,,,,,,,,29.3,,,12.0,,,,,,,,,
1992-08-26 06:00:00,,,,,,,,,,0.0,,,,,,,,,,,,,,,,,,,,,,,,,,,,,,,,,,,,,,,,,,,,
1992-08-26 07:00:00,,,,,,,,,,0.0,,,,,,,,,,,,,,,,,,,,,,,,,,,,,,,,,,,,,,,,,,,,
1992-08-26 08:00:00,1001.6,1004.9,27.2,23.0,78.0,1.6,135.0,,,0.0,0.0,0.2,,,,,,,,,9.0,,,,,,,,,,,,,,,,,,,,,,,,15.0,,,,,,,,,
1992-08-26 09:00:00,1001.0,1004.3,28.8,23.6,74.0,1.4,135.0,,,0.0,0.0,0.1,,,,,,,,,9.0,,,,,,,,,,,,,,,,,,,,,,,,15.0,,,,,,,,,
1992-08-26 10:00:00,,,,,,,,,,0.0,,,,,,,,,,,,,,,,,,,,,,,,,,,,,,,,,,,,,,,,,,,,
1992-08-26 11:00:00,1000.4,1003.7,30.7,26.4,78.0,2.2,315.0,,,0.0,0.0,0.5,,,,,,,,,8.0,,,,,,,,,,,,,,,,,,,,,,,,15.0,,,,,,,,,
1992-08-26 12:00:00,,,,,,,,,,1.0,,,,,,,,,,,,,,,,,,,,,,,,,,,,,,,,,,,,,,,,,,,,
1992-08-26 13:00:00,,,,,,,,,,20.9,,,,,,,,,,,,,,,,,,,,,,,,,,,,,,,,,,,,,,,,,,,,
1992-08-26 14:00:00,998.5,1001.8,28.5,25.2,82.0,0.0,0.0,,,2.0,0.3,0.0,,29.2,28.8,29.3,29.4,,,,9.0,,,,,,,,,,,,,,,,,,,,,29.3,,,12.0,,,,,,,,,
1992-08-26 15:00:00,,,,,,,,,,0.0,,,,,,,,,,,,,,,,,,,,,,,,,,,,,,,,,,,,,,,,,,,,
1992-08-26 16:00:00,,,,,,,,,,0.0,,,,,,,,,,,,,,,,,,,,,,,,,,,,,,,,,,,,,,,,,,,,
1992-08-26 17:00:00,997.9,1001.2,26.9,24.3,86.0,4.7,45.0,,,2.1,0.3,0.0,,,,,,,,,10.0,,,,,,,,,,,,,,,,,,,,,,,,12.0,,,,,,,,,
1992-08-26 18:00:00,,,,,,,,,,5.2,,,,,,,,,,,,,,,,,,,,,,,,,,,,,,,,,,,,,,,,,,,,
1992-08-26 19:00:00,,,,,,,,,,0.0,,,,,,,,,,,,,,,,,,,,,,,,,,,,,,,,,,,,,,,,,,,,
1992-08-26 20:00:00,998.4,1001.7,26.4,24.4,89.0,2.1,90.0,,,0.0,0.0,,,,,,,,,,7.0,,,,,,,,,,,,,,,,,,,,,,,,12.0,,,,,,,,,
1992-08-26 21:00:00,998.8,1002.1,26.4,23.7,85.0,1.9,112.5,,,0.0,0.0,,,28.7,28.5,29.0,29.3,,,,7.0,,,,,,,,,,,,,,,,,,,,,29.3,,,12.0,,,,,,,,,
1992-08-26 22:00:00,,,,,,,,,,0.0,,,,,,,,,,,,,,,,,,,,,,,,,,,,,,,,,,,,,,,,,,,,
1992-08-26 23:00:00,999.5,1002.8,26.2,23.3,84.0,1.1,112.5,,,0.0,0.0,,,,,,,,,,8.0,,,,,,,,,,,,,,,,,,,,,,,,12.0,,,,,,,,,
1992-08-27 00:00:00,,,,,,,,,,0.0,,,,,,,,,,,,,,,,,,,,,,,,,,,,,,,,,,,,,,,,,,,,
1992-08-27 01:00:00,,,,,,,,,,0.0,,,,,,,,,,,,,,,,,,,,,,,,,,,,,,,,,,,,,,,,,,,,
1992-08-27 02:00:00,998.6,1001.9,26.3,23.2,83.0,1.3,112.5,,,0.0,0.0,,,,,,,,,,10.0,,,,,,,,,,,,,,,,,,,,,,,,12.0,,,,,,,,,
1992-08-27 03:00:00,,,,,,,,,,0.0,,,,,,,,,,,,,,,,,,,,,,,,,,,,,,,,,,,,,,,,,,,,
1992-08-27 04:00:00,,,,,,,,,,0.0,,,,,,,,,,,,,,,,,,,,,,,,,,,,,,,,,,,,,,,,,,,,
1992-08-27 05:00:00,999.0,1002.3,25.3,23.0,87.0,2.3,112.5,,,0.0,0.0,,,28.1,27.8,28.4,28.8,,,,10.0,,,,,,,,,,,,,,,,,,,,,29.0,,,15.0,,,,,,,,,
1992-08-27 06:00:00,,,,,,,,,,0.0,,,,,,,,,,,,,,,,,,,,,,,,,,,,,,,,,,,,,,,,,,,,
1992-08-27 07:00:00,,,,,,,,,,0.0,,,,,,,,,,,,,,,,,,,,,,,,,,,,,,,,,,,,,,,,,,,,
1992-08-27 08:00:00,999.5,1002.8,28.1,24.5,81.0,2.6,90.0,,,0.0,0.0,0.5,,,,,,,,,8.0,,,,,,,,,,,,,,,,,,,,,,,,15.0,,,,,,,,,
1992-08-27 09:00:00,999.6,1002.9,29.1,24.7,77.0,3.6,90.0,,,0.0,0.0,0.5,,,,,,,,,8.0,,,,,,,,,,,,,,,,,,,,,,,,15.0,,,,,,,,,
1992-08-27 10:00:00,,,,,,,,,,0.0,,,,,,,,,,,,,,,,,,,,,,,,,,,,,,,,,,,,,,,,,,,,
1992-08-27 11:00:00,998.5,1001.8,30.9,24.1,67.0,8.1,67.5,,,0.0,0.0,0.9,,,,,,,,,8.0,,,,,,,,,,,,,,,,,,,,,,,,15.0,,,,,,,,,
1992-08-27 12:00:00,,,,,,,,,,0.0,,,,,,,,,,,,,,,,,,,,,,,,,,,,,,,,,,,,,,,,,,,,
1992-08-27 13:00:00,,,,,,,,,,0.0,,,,,,,,,,,,,,,,,,,,,,,,,,,,,,,,,,,,,,,,,,,,
1992-08-27 14:00:00,996.9,1000.1,30.9,24.3,68.0,8.1,67.5,,,0.0,0.0,0.6,,30.6,30.0,29.8,29.4,,,,10.0,,,,,,,,,,,,,,,,,,,,,29.1,,,15.0,,,,,,,,,
1992-08-27 15:00:00,,,,,,,,,,0.0,,,,,,,,,,,,,,,,,,,,,,,,,,,,,,,,,,,,,,,,,,,,
1992-08-27 16:00:00,,,,,,,,,,0.0,,,,,,,,,,,,,,,,,,,,,,,,,,,,,,,,,,,,,,,,,,,,
1992-08-27 17:00:00,996.3,999.5,29.3,24.6,76.0,6.6,67.5,,,-9.8,0.2,0.7,,,,,,,,,9.0,,,,,,,,,,,,,,,,,,,,,,,,12.0,,,,,,,,,
1992-08-27 18:00:00,,,,,,,,,,0.0,,,,,,,,,,,,,,,,,,,,,,,,,,,,,,,,,,,,,,,,,,,,
1992-08-27 19:00:00,,,,,,,,,,0.0,,,,,,,,,,,,,,,,,,,,,,,,,,,,,,,,,,,,,,,,,,,,
1992-08-27 20:00:00,997.2,1000.5,26.8,24.3,86.0,3.1,45.0,,,0.2,0.2,,,,,,,,,,6.0,,,,,,,,,,,,,,,,,,,,,,,,10.0,,,,,,,,,
1992-08-27 21:00:00,997.3,1000.6,27.1,24.0,83.0,4.7,67.5,,,-9.8,0.3,,,29.0,28.8,29.5,29.6,,,,7.0,,,,,,,,,,,,,,,,,,,,,29.3,,,10.0,,,,,,,,,
1992-08-27 22:00:00,,1001.0,26.8,24.3,86.0,,,,,0.1,,,,,,,,,,,,,,,,,,,,,,,,,,,,,,,,,,,,,,,,,,,,
1992-08-27 23:00:00,996.9,1000.2,26.6,24.8,90.0,3.6,90.0,,,0.6,1.0,,,,,,,,,,10.0,,,,,,,,,,,,,,,,,,,,,,,,8.0,,,,,,,,,
1992-08-28 00:00:00,,999.5,25.7,25.1,96.0,,,,,6.7,,,,,,,,,,,,,,,,,,,,,,,,,,,,,,,,,,,,,,,,,,,,
1992-08-28 01:00:00,,998.5,26.0,23.7,87.0,,,,,0.7,,,,,,,,,,,,,,,,,,,,,,,,,,,,,,,,,,,,,,,,,,,,
1992-08-28 02:00:00,995.2,998.4,26.1,23.9,88.0,3.7,90.0,,,0.2,0.2,,,,,,,,,,6.0,,,,,,,,,,,,,,,,,,,,,,,,10.0,,,,,,,,,
1992-08-28 03:00:00,,997.4,25.9,24.5,92.0,,,,,2.1,,,,,,,,,,,,,,,,,,,,,,,,,,,,,,,,,,,,,,,,,,,,
1992-08-28 04:00:00,,997.4,25.8,24.2,91.0,,,,,0.0,,,,,,,,,,,,,,,,,,,,,,,,,,,,,,,,,,,,,,,,,,,,
1992-08-28 05:00:00,994.0,997.2,25.9,23.9,89.0,3.7,45.0,,,0.0,0.0,,,29.1,28.1,28.5,28.8,,,,7.0,,,,,,,,,,,,,,,,,,,,,29.2,,,10.0,,,,,,,,,
1992-08-28 06:00:00,,997.1,25.9,23.9,89.0,,,,,0.3,,,,,,,,,,,,,,,,,,,,,,,,,,,,,,,,,,,,,,,,,,,,
1992-08-28 07:00:00,,997.3,26.1,24.2,89.0,,,,,0.1,,,,,,,,,,,,,,,,,,,,,,,,,,,,,,,,,,,,,,,,,,,,
1992-08-28 08:00:00,993.7,996.9,27.1,24.5,86.0,5.0,45.0,,,-9.8,0.1,0.0,,,,,,,,,9.0,,,,,,,,,,,,,,,,,,,,,,,,10.0,,,,,,,,,
1992-08-28 09:00:00,994.1,997.3,27.7,25.0,85.0,6.3,45.0,,,0.1,0.3,0.0,,,,,,,,,10.0,,,,,,,,,,,,,,,,,,,,,,,,12.0,,,,,,,,,
1992-08-28 10:00:00,,997.4,24.8,24.8,100.0,,,,,4.6,,,,,,,,,,,,,,,,,,,,,,,,,,,,,,,,,,,,,,,,,,,,
1992-08-28 11:00:00,993.3,996.5,26.0,26.0,100.0,5.7,45.0,,,2.1,0.7,0.0,,,,,,,,,10.0,,,,,,,,,,,,,,,,,,,,,,,,10.0,,,,,,,,,
1992-08-28 12:00:00,,996.3,27.4,24.8,86.0,,,,,-9.8,,,,,,,,,,,,,,,,,,,,,,,,,,,,,,,,,,,,,,,,,,,,
1992-08-28 13:00:00,,995.2,27.6,25.4,88.0,,,,,2.7,,,,,,,,,,,,,,,,,,,,,,,,,,,,,,,,,,,,,,,,,,,,
1992-08-28 14:00:00,991.4,994.6,28.6,25.6,84.0,7.7,45.0,,,-9.8,0.1,0.4,,29.3,28.5,28.5,28.7,,,,8.0,,,,,,,,,,,,,,,,,,,,,28.8,,,12.0,,,,,,,,,
1992-08-28 15:00:00,,994.7,27.2,25.2,84.0,,,,,0.0,,,,,,,,,,,,,,,,,,,,,,,,,,,,,,,,,,,,,,,,,,,,
1992-08-28 16:00:00,,994.3,26.4,26.4,100.0,,,,,3.5,,,,,,,,,,,,,,,,,,,,,,,,,,,,,,,,,,,,,,,,,,,,
1992-08-28 17:00:00,991.1,994.3,26.1,24.4,90.0,7.4,45.0,,,0.8,1.0,0.0,,,,,,,,,10.0,,,,,,,,,,,,,,,,,,,,,,,,8.0,,,,,,,,,
1992-08-28 18:00:00,,994.6,26.2,24.2,89.0,,,,,-9.8,,,,,,,,,,,,,,,,,,,,,,,,,,,,,,,,,,,,,,,,,,,,
1992-08-28 19:00:00,,994.6,26.4,24.0,87.0,,,,,0.2,,,,,,,,,,,,,,,,,,,,,,,,,,,,,,,,,,,,,,,,,,,,
1992-08-28 20:00:00,991.7,994.9,26.6,24.2,87.0,5.5,45.0,,,0.1,1.0,,,,,,,,,,10.0,,,,,,,,,,,,,,,,,,,,,,,,10.0,,,,,,,,,
1992-08-28 21:00:00,992.2,995.4,26.7,24.4,87.0,8.5,45.0,,,0.4,1.0,,,27.9,27.8,28.3,28.7,,,,10.0,,,,,,,,,,,,,,,,,,,,,28.9,,,10.0,,,,,,,,,
1992-08-28 22:00:00,,995.2,26.5,24.9,91.0,,,,,1.4,,,,,,,,,,,,,,,,,,,,,,,,,,,,,,,,,,,,,,,,,,,,
1992-08-28 23:00:00,991.5,994.7,26.3,24.9,92.0,6.7,45.0,,,-9.8,1.0,,,,,,,,,,10.0,,,,,,,,,,,,,,,,,,,,,,,,10.0,,,,,,,,,
1992-08-29 00:00:00,,993.9,26.0,24.6,92.0,,,,,0.1,,,,,,,,,,,,,,,,,,,,,,,,,,,,,,,,,,,,,,,,,,,,
1992-08-29 01:00:00,,993.9,25.2,24.2,94.0,,,,,2.9,,,,,,,,,,,,,,,,,,,,,,,,,,,,,,,,,,,,,,,,,,,,
1992-08-29 02:00:00,989.3,992.5,25.4,24.9,97.0,7.3,45.0,,,1.6,1.0,,,,,,,,,,9.0,,,,,,,,,,,,,,,,,,,,,,,,10.0,,,,,,,,,
1992-08-29 03:00:00,,992.1,25.9,24.9,95.0,,,,,-9.8,,,,,,,,,,,,,,,,,,,,,,,,,,,,,,,,,,,,,,,,,,,,
1992-08-29 04:00:00,,991.7,26.1,25.6,97.0,,,,,-9.8,,,,,,,,,,,,,,,,,,,,,,,,,,,,,,,,,,,,,,,,,,,,
1992-08-29 05:00:00,988.1,991.3,25.6,24.8,95.0,6.9,45.0,,,0.2,1.0,,,27.5,27.5,27.9,28.4,,,,8.0,,,,,,,,,,,,,,,,,,,,,28.6,,,10.0,,,,,,,,,
1992-08-29 06:00:00,,991.3,26.1,25.5,97.0,,,,,-9.8,,,,,,,,,,,,,,,,,,,,,,,,,,,,,,,,,,,,,,,,,,,,
1992-08-29 07:00:00,,991.4,27.5,25.7,90.0,,,,,-9.8,,,,,,,,,,,,,,,,,,,,,,,,,,,,,,,,,,,,,,,,,,,,
1992-08-29 08:00:00,988.0,991.2,28.0,25.7,87.0,8.0,45.0,,,0.0,0.0,0.8,,,,,,,,,9.0,,,,,,,,,,,,,,,,,,,,,,,,10.0,,,,,,,,,
1992-08-29 09:00:00,987.6,990.8,27.5,26.1,92.0,8.8,45.0,,,0.3,0.2,0.3,,,,,,,,,10.0,,,,,,,,,,,,,,,,,,,,,,,,10.0,,,,,,,,,
1992-08-29 10:00:00,,991.0,27.4,25.4,89.0,,,,,0.7,,,,,,,,,,,,,,,,,,,,,,,,,,,,,,,,,,,,,,,,,,,,
1992-08-29 11:00:00,987.1,990.3,26.5,26.2,98.0,7.4,45.0,,,12.5,1.0,0.0,,,,,,,,,10.0,,,,,,,,,,,,,,,,,,,,,,,,7.0,,,,,,,,,
1992-08-29 12:00:00,,989.4,26.5,24.8,90.0,,,,,3.1,,,,,,,,,,,,,,,,,,,,,,,,,,,,,,,,,,,,,,,,,,,,
1992-08-29 13:00:00,,988.3,27.1,24.6,86.0,,,,,-9.8,,,,,,,,,,,,,,,,,,,,,,,,,,,,,,,,,,,,,,,,,,,,
1992-08-29 14:00:00,984.5,987.7,26.9,25.2,90.0,10.0,45.0,,,0.4,0.2,0.1,,28.7,28.1,28.2,28.3,,,,10.0,,,,,,,,,,,,,,,,,,,,,28.3,,,8.0,,,,,,,,,
1992-08-29 15:00:00,,987.6,27.0,25.7,92.0,,,,,1.8,,,,,,,,,,,,,,,,,,,,,,,,,,,,,,,,,,,,,,,,,,,,
1992-08-29 16:00:00,,987.2,26.2,25.4,95.0,,,,,4.7,,,,,,,,,,,,,,,,,,,,,,,,,,,,,,,,,,,,,,,,,,,,
1992-08-29 17:00:00,984.2,987.4,26.5,24.1,87.0,9.2,45.0,,,0.2,0.8,0.1,,,,,,,,,10.0,,,,,,,,,,,,,,,,,,,,,,,,8.0,,,,,,,,,
1992-08-29 18:00:00,,987.2,25.3,23.9,92.0,,,,,0.9,,,,,,,,,,,,,,,,,,,,,,,,,,,,,,,,,,,,,,,,,,,,
1992-08-29 19:00:00,,986.8,26.3,24.9,92.0,,,,,0.3,,,,,,,,,,,,,,,,,,,,,,,,,,,,,,,,,,,,,,,,,,,,
1992-08-29 20:00:00,982.8,986.0,25.4,23.7,90.0,10.1,45.0,,,1.0,0.7,,,,,,,,,,10.0,,,,,,,,,,,,,,,,,,,,,,,,7.0,,,,,,,,,
1992-08-29 21:00:00,983.5,986.7,25.4,23.8,91.0,9.3,45.0,,,0.4,1.0,,,27.6,27.5,27.9,28.3,,,,10.0,,,,,,,,,,,,,,,,,,,,,28.4,,,6.0,,,,,,,,,
1992-08-29 22:00:00,,986.9,25.1,23.6,91.0,,,,,1.9,,,,,,,,,,,,,,,,,,,,,,,,,,,,,,,,,,,,,,,,,,,,
1992-08-29 23:00:00,983.5,986.7,25.9,23.7,88.0,6.3,45.0,,,0.1,0.3,,,,,,,,,,8.0,,,,,,,,,,,,,,,,,,,,,,,,6.0,,,,,,,,,
1992-08-30 00:00:00,,986.1,26.0,24.3,90.0,,,,,0.2,,,,,,,,,,,,,,,,,,,,,,,,,,,,,,,,,,,,,,,,,,,,
1992-08-30 01:00:00,,985.2,26.0,24.4,91.0,,,,,0.2,,,,,,,,,,,,,,,,,,,,,,,,,,,,,,,,,,,,,,,,,,,,
1992-08-30 02:00:00,981.3,984.5,25.3,24.1,93.0,6.7,45.0,,,0.8,1.0,,,,,,,,,,10.0,,,,,,,,,,,,,,,,,,,,,,,,8.0,,,,,,,,,
1992-08-30 03:00:00,,983.6,26.0,24.2,90.0,,,,,-9.8,,,,,,,,,,,,,,,,,,,,,,,,,,,,,,,,,,,,,,,,,,,,
1992-08-30 04:00:00,,983.4,25.7,23.9,90.0,,,,,1.0,,,,,,,,,,,,,,,,,,,,,,,,,,,,,,,,,,,,,,,,,,,,
1992-08-30 05:00:00,980.0,983.2,26.2,24.4,90.0,10.0,45.0,,,-9.8,1.0,,,27.4,26.9,27.5,27.9,,,,10.0,,,,,,,,,,,,,,,,,,,,,28.2,,,8.0,,,,,,,,,
1992-08-30 06:00:00,,983.1,25.4,24.0,92.0,,,,,1.0,,,,,,,,,,,,,,,,,,,,,,,,,,,,,,,,,,,,,,,,,,,,
1992-08-30 07:00:00,,982.1,25.4,24.3,94.0,,,,,2.4,,,,,,,,,,,,,,,,,,,,,,,,,,,,,,,,,,,,,,,,,,,,
1992-08-30 08:00:00,978.4,981.6,25.5,24.9,96.0,10.9,22.5,,,13.0,1.0,0.0,,,,,,,,,10.0,,,,,,,,,,,,,,,,,,,,,,,,8.0,,,,,,,,,
1992-08-30 09:00:00,977.5,980.7,25.6,24.7,95.0,9.7,22.5,,,2.9,1.0,0.0,,,,,,,,,10.0,,,,,,,,,,,,,,,,,,,,,,,,8.0,,,,,,,,,
1992-08-30 10:00:00,,980.3,27.2,24.9,87.0,,,,,-9.8,,,,,,,,,,,,,,,,,,,,,,,,,,,,,,,,,,,,,,,,,,,,
1992-08-30 11:00:00,978.3,981.5,26.0,24.2,90.0,5.8,45.0,,,1.0,0.5,0.0,,,,,,,,,10.0,,,,,,,,,,,,,,,,,,,,,,,,8.0,,,,,,,,,
1992-08-30 12:00:00,,981.3,26.2,24.8,92.0,,,,,2.1,,,,,,,,,,,,,,,,,,,,,,,,,,,,,,,,,,,,,,,,,,,,
1992-08-30 13:00:00,,979.5,26.2,24.8,92.0,,,,,3.6,,,,,,,,,,,,,,,,,,,,,,,,,,,,,,,,,,,,,,,,,,,,
1992-08-30 14:00:00,975.0,978.2,26.7,26.0,96.0,4.3,90.0,,,0.3,0.3,0.0,,27.6,27.0,27.3,27.7,,,,10.0,,,,,,,,,,,,,,,,,,,,,28.0,,,12.0,,,,,,,,,
1992-08-30 15:00:00,,977.9,27.9,25.9,89.0,,,,,0.0,,,,,,,,,,,,,,,,,,,,,,,,,,,,,,,,,,,,,,,,,,,,
1992-08-30 16:00:00,,977.7,27.9,25.8,88.0,,,,,0.0,,,,,,,,,,,,,,,,,,,,,,,,,,,,,,,,,,,,,,,,,,,,
1992-08-30 17:00:00,973.7,976.9,26.9,25.3,91.0,1.8,337.5,,,0.6,0.6,0.0,,,,,,,,,10.0,,,,,,,,,,,,,,,,,,,,,,,,8.0,,,,,,,,,
1992-08-30 18:00:00,,976.8,26.6,25.2,92.0,,,,,1.4,,,,,,,,,,,,,,,,,,,,,,,,,,,,,,,,,,,,,,,,,,,,
1992-08-30 19:00:00,,977.0,26.5,25.3,93.0,,,,,-9.8,,,,,,,,,,,,,,,,,,,,,,,,,,,,,,,,,,,,,,,,,,,,
1992-08-30 20:00:00,974.6,977.8,26.2,25.1,94.0,2.3,202.5,,,0.0,0.0,,,,,,,,,,10.0,,,,,,,,,,,,,,,,,,,,,,,,8.0,,,,,,,,,
1992-08-30 21:00:00,975.2,978.4,26.3,25.1,93.0,2.4,202.5,,,0.0,0.0,,,27.6,27.4,27.7,27.9,,,,9.0,,,,,,,,,,,,,,,,,,,,,27.8,,,10.0,,,,,,,,,
1992-08-30 22:00:00,,979.3,26.1,24.2,89.0,,,,,-9.8,,,,,,,,,,,,,,,,,,,,,,,,,,,,,,,,,,,,,,,,,,,,
1992-08-30 23:00:00,976.8,980.0,26.0,24.5,91.0,3.1,180.0,,,2.4,1.0,,,,,,,,,,10.0,,,,,,,,,,,,,,,,,,,,,,,,8.0,,,,,,,,,
1992-08-31 00:00:00,,980.7,25.4,25.4,100.0,,,,,5.2,,,,,,,,,,,,,,,,,,,,,,,,,,,,,,,,,,,,,,,,,,,,
1992-08-31 01:00:00,,981.6,25.2,25.2,100.0,,,,,3.3,,,,,,,,,,,,,,,,,,,,,,,,,,,,,,,,,,,,,,,,,,,,
1992-08-31 02:00:00,979.1,982.3,25.0,24.0,94.0,3.3,202.5,,,0.6,1.0,,,,,,,,,,10.0,,,,,,,,,,,,,,,,,,,,,,,,6.0,,,,,,,,,
1992-08-31 03:00:00,,983.0,24.9,24.6,98.0,,,,,2.6,,,,,,,,,,,,,,,,,,,,,,,,,,,,,,,,,,,,,,,,,,,,
1992-08-31 04:00:00,,983.0,25.1,24.8,98.0,,,,,1.3,,,,,,,,,,,,,,,,,,,,,,,,,,,,,,,,,,,,,,,,,,,,
1992-08-31 05:00:00,980.5,983.7,24.6,23.4,93.0,1.6,180.0,,,0.0,0.0,,,27.9,26.5,27.2,27.5,,,,8.0,,,,,,,,,,,,,,,,,,,,,27.7,,,10.0,,,,,,,,,
1992-08-31 06:00:00,,985.1,25.8,23.4,87.0,,,,,0.0,,,,,,,,,,,,,,,,,,,,,,,,,,,,,,,,,,,,,,,,,,,,
1992-08-31 07:00:00,,985.8,25.9,23.5,87.0,,,,,0.0,,,,,,,,,,,,,,,,,,,,,,,,,,,,,,,,,,,,,,,,,,,,
1992-08-31 08:00:00,983.4,986.6,27.6,25.0,86.0,1.8,180.0,,,0.0,0.0,0.4,,,,,,,,,9.0,,,,,,,,,,,,,,,,,,,,,,,,15.0,,,,,,,,,
1992-08-31 09:00:00,984.0,987.2,28.4,24.1,78.0,3.2,202.5,,,0.1,0.2,0.2,,,,,,,,,9.0,,,,,,,,,,,,,,,,,,,,,,,,15.0,,,,,,,,,
1992-08-31 10:00:00,,,,,,,,,,0.0,,,,,,,,,,,,,,,,,,,,,,,,,,,,,,,,,,,,,,,,,,,,
1992-08-31 11:00:00,984.9,988.1,30.5,24.9,72.0,2.1,180.0,,,0.0,0.0,0.5,,,,,,,,,8.0,,,,,,,,,,,,,,,,,,,,,,,,15.0,,,,,,,,,
1992-08-31 12:00:00,,,,,,,,,,0.0,,,,,,,,,,,,,,,,,,,,,,,,,,,,,,,,,,,,,,,,,,,,
1992-08-31 13:00:00,,,,,,,,,,0.0,,,,,,,,,,,,,,,,,,,,,,,,,,,,,,,,,,,,,,,,,,,,
1992-08-31 14:00:00,984.4,987.6,30.0,25.0,75.0,2.8,247.5,,,-9.8,0.1,0.1,,30.5,29.6,28.8,28.1,,,,9.0,,,,,,,,,,,,,,,,,,,,,27.8,,,10.0,,,,,,,,,
1992-08-31 15:00:00,,,,,,,,,,-9.8,,,,,,,,,,,,,,,,,,,,,,,,,,,,,,,,,,,,,,,,,,,,
1992-08-31 16:00:00,,,,,,,,,,0.0,,,,,,,,,,,,,,,,,,,,,,,,,,,,,,,,,,,,,,,,,,,,
1992-08-31 17:00:00,986.3,989.5,29.2,23.1,70.0,3.5,225.0,,,0.0,0.0,0.0,,,,,,,,,8.0,,,,,,,,,,,,,,,,,,,,,,,,15.0,,,,,,,,,
1992-08-31 18:00:00,,,,,,,,,,0.0,,,,,,,,,,,,,,,,,,,,,,,,,,,,,,,,,,,,,,,,,,,,
1992-08-31 19:00:00,,,,,,,,,,0.0,,,,,,,,,,,,,,,,,,,,,,,,,,,,,,,,,,,,,,,,,,,,
1992-08-31 20:00:00,988.8,992.0,28.9,21.7,65.0,5.4,202.5,,,0.0,0.0,,,,,,,,,,5.0,,,,,,,,,,,,,,,,,,,,,,,,12.0,,,,,,,,,
1992-08-31 21:00:00,989.6,992.8,27.8,22.0,71.0,1.9,157.5,,,0.0,0.0,,,28.1,28.1,28.4,28.5,,,,3.0,,,,,,,,,,,,,,,,,,,,,28.3,,,12.0,,,,,,,,,
1992-08-31 22:00:00,,,,,,,,,,0.0,,,,,,,,,,,,,,,,,,,,,,,,,,,,,,,,,,,,,,,,,,,,
1992-08-31 23:00:00,990.7,993.9,26.5,24.2,87.0,0.8,112.5,,,0.0,0.0,,,,,,,,,,4.0,,,,,,,,,,,,,,,,,,,,,,,,12.0,,,,,,,,,
1992-09-01 00:00:00,,,,,,,,,,0.0,,,,,,,,,,,,,,,,,,,,,,,,,,,,,,,,,,,,,,,,,,,,
1992-09-01 01:00:00,,,,,,,,,,0.0,,,,,,,,,,,,,,,,,,,,,,,,,,,,,,,,,,,,,,,,,,,,
1992-09-01 02:00:00,991.2,994.4,28.4,22.1,69.0,5.6,225.0,,,0.0,0.0,,,,,,,,,,2.0,,,,,,,,,,,,,,,,,,,,,,,,12.0,,,,,,,,,
1992-09-01 03:00:00,,,,,,,,,,0.0,,,,,,,,,,,,,,,,,,,,,,,,,,,,,,,,,,,,,,,,,,,,
1992-09-01 04:00:00,,,,,,,,,,0.0,,,,,,,,,,,,,,,,,,,,,,,,,,,,,,,,,,,,,,,,,,,,
1992-09-01 05:00:00,992.9,996.1,28.0,22.3,71.0,4.6,225.0,,,0.0,0.0,,,27.4,27.4,27.8,28.0,,,,6.0,,,,,,,,,,,,,,,,,,,,,28.3,,,15.0,,,,,,,,,
1992-09-01 06:00:00,,,,,,,,,,0.0,,,,,,,,,,,,,,,,,,,,,,,,,,,,,,,,,,,,,,,,,,,,
1992-09-01 07:00:00,,,,,,,,,,0.0,,,,,,,,,,,,,,,,,,,,,,,,,,,,,,,,,,,,,,,,,,,,
1992-09-01 08:00:00,996.3,999.5,29.2,23.2,70.0,3.9,225.0,,,0.0,0.0,0.1,,,,,,,,,9.0,,,,,,,,,,,,,,,,,,,,,,,,12.0,,,,,,,,,
1992-09-01 09:00:00,996.9,1000.2,30.3,24.0,69.0,5.7,247.5,,,0.0,0.0,0.1,,,,,,,,,7.0,,,,,,,,,,,,,,,,,,,,,,,,12.0,,,,,,,,,
1992-09-01 10:00:00,,,,,,,,,,0.0,,,,,,,,,,,,,,,,,,,,,,,,,,,,,,,,,,,,,,,,,,,,
1992-09-01 11:00:00,997.5,1000.7,32.6,24.0,61.0,5.9,247.5,,,0.0,0.0,1.0,,,,,,,,,5.0,,,,,,,,,,,,,,,,,,,,,,,,15.0,,,,,,,,,
1992-09-01 12:00:00,,,,,,,,,,0.0,,,,,,,,,,,,,,,,,,,,,,,,,,,,,,,,,,,,,,,,,,,,
1992-09-01 13:00:00,,,,,,,,,,0.0,,,,,,,,,,,,,,,,,,,,,,,,,,,,,,,,,,,,,,,,,,,,
1992-09-01 14:00:00,997.0,1000.2,32.6,25.1,65.0,6.3,247.5,,,0.0,0.0,0.8,,30.7,29.7,29.1,28.6,,,,8.0,,,,,,,,,,,,,,,,,,,,,28.4,,,15.0,,,,,,,,,
1992-09-01 15:00:00,,,,,,,,,,0.0,,,,,,,,,,,,,,,,,,,,,,,,,,,,,,,,,,,,,,,,,,,,
1992-09-01 16:00:00,,,,,,,,,,0.0,,,,,,,,,,,,,,,,,,,,,,,,,,,,,,,,,,,,,,,,,,,,
1992-09-01 17:00:00,997.9,1001.2,30.3,22.4,63.0,1.8,225.0,,,0.0,0.0,0.0,,,,,,,,,10.0,,,,,,,,,,,,,,,,,,,,,,,,15.0,,,,,,,,,
1992-09-01 18:00:00,,,,,,,,,,0.0,,,,,,,,,,,,,,,,,,,,,,,,,,,,,,,,,,,,,,,,,,,,
1992-09-01 19:00:00,,,,,,,,,,0.0,,,,,,,,,,,,,,,,,,,,,,,,,,,,,,,,,,,,,,,,,,,,
1992-09-01 20:00:00,1000.7,1004.0,28.5,24.1,77.0,1.8,90.0,,,0.0,0.0,,,,,,,,,,10.0,,,,,,,,,,,,,,,,,,,,,,,,15.0,,,,,,,,,
1992-09-01 21:00:00,1001.7,1005.0,27.9,23.8,78.0,2.2,112.5,,,0.0,0.0,,,28.6,28.2,28.6,28.7,,,,10.0,,,,,,,,,,,,,,,,,,,,,28.5,,,12.0,,,,,,,,,
1992-09-01 22:00:00,,,,,,,,,,0.0,,,,,,,,,,,,,,,,,,,,,,,,,,,,,,,,,,,,,,,,,,,,
1992-09-01 23:00:00,1001.9,1005.2,26.9,23.3,81.0,1.9,112.5,,,0.0,0.0,,,,,,,,,,9.0,,,,,,,,,,,,,,,,,,,,,,,,12.0,,,,,,,,,
1992-09-02 00:00:00,,,,,,,,,,0.0,,,,,,,,,,,,,,,,,,,,,,,,,,,,,,,,,,,,,,,,,,,,
1992-09-02 01:00:00,,,,,,,,,,0.0,,,,,,,,,,,,,,,,,,,,,,,,,,,,,,,,,,,,,,,,,,,,
1992-09-02 02:00:00,1002.0,1005.3,26.4,23.5,84.0,0.8,67.5,,,0.0,0.0,,,,,,,,,,10.0,,,,,,,,,,,,,,,,,,,,,,,,12.0,,,,,,,,,
1992-09-02 03:00:00,,,,,,,,,,0.0,,,,,,,,,,,,,,,,,,,,,,,,,,,,,,,,,,,,,,,,,,,,
1992-09-02 04:00:00,,,,,,,,,,0.0,,,,,,,,,,,,,,,,,,,,,,,,,,,,,,,,,,,,,,,,,,,,
1992-09-02 05:00:00,1002.3,1005.6,25.6,23.3,87.0,0.5,90.0,,,0.0,0.0,,,27.9,27.6,28.0,28.3,,,,10.0,,,,,,,,,,,,,,,,,,,,,28.5,,,12.0,,,,,,,,,
1992-09-02 06:00:00,,,,,,,,,,0.0,,,,,,,,,,,,,,,,,,,,,,,,,,,,,,,,,,,,,,,,,,,,
1992-09-02 07:00:00,,,,,,,,,,0.0,,,,,,,,,,,,,,,,,,,,,,,,,,,,,,,,,,,,,,,,,,,,
1992-09-02 08:00:00,1003.7,1007.0,27.6,24.4,83.0,0.0,0.0,,,0.0,0.0,0.0,,,,,,,,,10.0,,,,,,,,,,,,,,,,,,,,,,,,12.0,,,,,,,,,
1992-09-02 09:00:00,1003.8,1007.1,28.5,24.6,79.0,1.2,112.5,,,0.0,0.0,0.0,,,,,,,,,9.0,,,,,,,,,,,,,,,,,,,,,,,,10.0,,,,,,,,,
1992-09-02 10:00:00,,,,,,,,,,0.0,,,,,,,,,,,,,,,,,,,,,,,,,,,,,,,,,,,,,,,,,,,,
1992-09-02 11:00:00,1003.3,1006.6,31.0,25.6,73.0,3.0,292.5,,,0.0,0.0,0.9,,,,,,,,,6.0,,,,,,,,,,,,,,,,,,,,,,,,12.0,,,,,,,,,
1992-09-02 12:00:00,,,,,,,,,,0.0,,,,,,,,,,,,,,,,,,,,,,,,,,,,,,,,,,,,,,,,,,,,
1992-09-02 13:00:00,,,,,,,,,,0.0,,,,,,,,,,,,,,,,,,,,,,,,,,,,,,,,,,,,,,,,,,,,
1992-09-02 14:00:00,1001.8,1005.1,29.3,25.2,79.0,1.3,270.0,,,0.0,0.0,0.1,,31.1,30.5,29.6,28.8,,,,10.0,,,,,,,,,,,,,,,,,,,,,28.5,,,10.0,,,,,,,,,
1992-09-02 15:00:00,,,,,,,,,,0.0,,,,,,,,,,,,,,,,,,,,,,,,,,,,,,,,,,,,,,,,,,,,
1992-09-02 16:00:00,,,,,,,,,,0.0,,,,,,,,,,,,,,,,,,,,,,,,,,,,,,,,,,,,,,,,,,,,
1992-09-02 17:00:00,1001.5,1004.8,29.5,25.4,79.0,1.6,315.0,,,0.0,0.0,0.0,,,,,,,,,10.0,,,,,,,,,,,,,,,,,,,,,,,,8.0,,,,,,,,,
1992-09-02 18:00:00,,,,,,,,,,0.0,,,,,,,,,,,,,,,,,,,,,,,,,,,,,,,,,,,,,,,,,,,,
1992-09-02 19:00:00,,,,,,,,,,0.0,,,,,,,,,,,,,,,,,,,,,,,,,,,,,,,,,,,,,,,,,,,,
1992-09-02 20:00:00,1001.5,1004.8,27.6,25.1,86.0,1.3,315.0,,,0.0,0.0,,,,,,,,,,7.0,,,,,,,,,,,,,,,,,,,,,,,,8.0,,,,,,,,,
1992-09-02 21:00:00,1002.0,1005.3,27.3,25.2,88.0,0.2,0.0,,,0.0,0.0,,,29.2,29.0,29.2,29.2,,,,9.0,,,,,,,,,,,,,,,,,,,,,28.8,,,8.0,,,,,,,,,
1992-09-02 22:00:00,,,,,,,,,,0.0,,,,,,,,,,,,,,,,,,,,,,,,,,,,,,,,,,,,,,,,,,,,
1992-09-02 23:00:00,1001.6,1004.9,27.0,25.4,91.0,0.1,0.0,,,0.0,0.0,,,,,,,,,,10.0,,,,,,,,,,,,,,,,,,,,,,,,7.0,,,,,,,,,
1992-09-03 00:00:00,,,,,,,,,,0.0,,,,,,,,,,,,,,,,,,,,,,,,,,,,,,,,,,,,,,,,,,,,
1992-09-03 01:00:00,,,,,,,,,,0.0,,,,,,,,,,,,,,,,,,,,,,,,,,,,,,,,,,,,,,,,,,,,
1992-09-03 02:00:00,1000.7,1004.0,26.2,24.4,90.0,1.1,90.0,,,0.0,0.0,,,,,,,,,,10.0,,,,,,,,,,,,,,,,,,,,,,,,6.0,,,,,,,,,
1992-09-03 03:00:00,,,,,,,,,,0.0,,,,,,,,,,,,,,,,,,,,,,,,,,,,,,,,,,,,,,,,,,,,
1992-09-03 04:00:00,,,,,,,,,,0.0,,,,,,,,,,,,,,,,,,,,,,,,,,,,,,,,,,,,,,,,,,,,
1992-09-03 05:00:00,1000.6,1003.9,25.3,23.6,90.0,1.0,157.5,,,0.0,0.0,,,28.5,28.2,28.5,28.7,,,,10.0,,,,,,,,,,,,,,,,,,,,,28.8,,,8.0,,,,,,,,,
1992-09-03 06:00:00,,,,,,,,,,0.0,,,,,,,,,,,,,,,,,,,,,,,,,,,,,,,,,,,,,,,,,,,,
1992-09-03 07:00:00,,,,,,,,,,0.0,,,,,,,,,,,,,,,,,,,,,,,,,,,,,,,,,,,,,,,,,,,,
1992-09-03 08:00:00,1000.2,1003.5,26.8,24.3,86.0,1.0,67.5,,,0.0,0.0,0.0,,,,,,,,,9.0,,,,,,,,,,,,,,,,,,,,,,,,7.0,,,,,,,,,
1992-09-03 09:00:00,999.9,1003.2,28.1,25.1,84.0,2.6,67.5,,,0.0,0.0,0.0,,,,,,,,,10.0,,,,,,,,,,,,,,,,,,,,,,,,5.0,,,,,,,,,
1992-09-03 10:00:00,,,,,,,,,,0.0,,,,,,,,,,,,,,,,,,,,,,,,,,,,,,,,,,,,,,,,,,,,
1992-09-03 11:00:00,999.1,1002.4,29.7,24.5,74.0,3.5,67.5,,,0.0,0.0,0.0,,,,,,,,,10.0,,,,,,,,,,,,,,,,,,,,,,,,10.0,,,,,,,,,
1992-09-03 12:00:00,,,,,,,,,,0.0,,,,,,,,,,,,,,,,,,,,,,,,,,,,,,,,,,,,,,,,,,,,
1992-09-03 13:00:00,,,,,,,,,,0.0,,,,,,,,,,,,,,,,,,,,,,,,,,,,,,,,,,,,,,,,,,,,
1992-09-03 14:00:00,997.9,1001.2,29.2,24.1,74.0,3.3,45.0,,,0.0,0.0,0.0,,30.4,29.6,29.0,29.0,,,,10.0,,,,,,,,,,,,,,,,,,,,,28.8,,,12.0,,,,,,,,,
1992-09-03 15:00:00,,,,,,,,,,0.0,,,,,,,,,,,,,,,,,,,,,,,,,,,,,,,,,,,,,,,,,,,,
1992-09-03 16:00:00,,,,,,,,,,0.0,,,,,,,,,,,,,,,,,,,,,,,,,,,,,,,,,,,,,,,,,,,,
1992-09-03 17:00:00,996.9,1000.2,26.2,24.4,90.0,4.6,22.5,,,6.1,1.0,0.0,,,,,,,,,10.0,,,,,,,,,,,,,,,,,,,,,,,,5.0,,,,,,,,,
1992-09-03 18:00:00,,,,,,,,,,-9.8,,,,,,,,,,,,,,,,,,,,,,,,,,,,,,,,,,,,,,,,,,,,
1992-09-03 19:00:00,,,,,,,,,,0.0,,,,,,,,,,,,,,,,,,,,,,,,,,,,,,,,,,,,,,,,,,,,
1992-09-03 20:00:00,996.9,1000.2,26.8,24.6,88.0,6.9,45.0,,,0.0,0.0,,,,,,,,,,10.0,,,,,,,,,,,,,,,,,,,,,,,,12.0,,,,,,,,,
1992-09-03 21:00:00,996.9,1000.2,26.9,24.7,88.0,5.3,45.0,,,0.0,0.0,,,28.4,28.3,28.7,28.8,,,,10.0,,,,,,,,,,,,,,,,,,,,,28.9,,,12.0,,,,,,,,,
1992-09-03 22:00:00,,,,,,,,,,0.0,,,,,,,,,,,,,,,,,,,,,,,,,,,,,,,,,,,,,,,,,,,,
1992-09-03 23:00:00,995.7,998.9,26.6,24.8,90.0,6.1,45.0,,,3.0,0.7,,,,,,,,,,10.0,,,,,,,,,,,,,,,,,,,,,,,,8.0,,,,,,,,,
1992-09-04 00:00:00,,,,,,,,,,-9.8,,,,,,,,,,,,,,,,,,,,,,,,,,,,,,,,,,,,,,,,,,,,
1992-09-04 01:00:00,,,,,,,,,,0.2,,,,,,,,,,,,,,,,,,,,,,,,,,,,,,,,,,,,,,,,,,,,
1992-09-04 02:00:00,993.8,997.0,26.1,24.6,91.0,7.7,45.0,,,2.1,1.0,,,,,,,,,,10.0,,,,,,,,,,,,,,,,,,,,,,,,6.0,,,,,,,,,
1992-09-04 03:00:00,,,,,,,,,,8.1,,,,,,,,,,,,,,,,,,,,,,,,,,,,,,,,,,,,,,,,,,,,
1992-09-04 04:00:00,,,,,,,,,,3.6,,,,,,,,,,,,,,,,,,,,,,,,,,,,,,,,,,,,,,,,,,,,
1992-09-04 05:00:00,991.9,995.1,25.4,24.3,94.0,7.9,22.5,,,6.4,1.0,,,27.3,27.3,28.0,28.4,,,,10.0,,,,,,,,,,,,,,,,,,,,,28.6,,,6.0,,,,,,,,,
1992-09-04 06:00:00,,995.8,25.7,23.6,88.0,,,,,9.4,,,,,,,,,,,,,,,,,,,,,,,,,,,,,,,,,,,,,,,,,,,,
1992-09-04 07:00:00,,996.0,26.3,24.3,89.0,,,,,0.0,,,,,,,,,,,,,,,,,,,,,,,,,,,,,,,,,,,,,,,,,,,,
1992-09-04 08:00:00,992.6,995.8,26.8,24.7,88.0,5.7,45.0,,,0.0,0.0,0.0,,,,,,,,,10.0,,,,,,,,,,,,,,,,,,,,,,,,10.0,,,,,,,,,
1992-09-04 09:00:00,992.4,995.6,27.0,24.5,86.0,7.4,45.0,,,0.1,0.1,0.0,,,,,,,,,10.0,,,,,,,,,,,,,,,,,,,,,,,,10.0,,,,,,,,,
1992-09-04 10:00:00,,995.4,26.8,24.6,88.0,,,,,0.5,,,,,,,,,,,,,,,,,,,,,,,,,,,,,,,,,,,,,,,,,,,,
1992-09-04 11:00:00,991.1,994.3,27.7,24.9,85.0,9.5,45.0,,,-9.8,0.1,0.0,,,,,,,,,10.0,,,,,,,,,,,,,,,,,,,,,,,,12.0,,,,,,,,,
1992-09-04 12:00:00,,992.8,27.9,25.0,84.0,,,,,0.0,,,,,,,,,,,,,,,,,,,,,,,,,,,,,,,,,,,,,,,,,,,,
1992-09-04 13:00:00,,992.5,27.6,24.6,84.0,,,,,0.0,,,,,,,,,,,,,,,,,,,,,,,,,,,,,,,,,,,,,,,,,,,,
1992-09-04 14:00:00,988.0,991.2,26.3,24.4,89.0,10.8,22.5,,,1.2,0.5,0.0,,28.1,27.6,28.0,28.1,,,,10.0,,,,,,,,,,,,,,,,,,,,,28.2,,,12.0,,,,,,,,,
1992-09-04 15:00:00,,991.0,25.6,24.2,91.0,,,,,0.6,,,,,,,,,,,,,,,,,,,,,,,,,,,,,,,,,,,,,,,,,,,,
1992-09-04 16:00:00,,990.5,25.5,24.4,93.0,,,,,1.2,,,,,,,,,,,,,,,,,,,,,,,,,,,,,,,,,,,,,,,,,,,,
1992-09-04 17:00:00,986.8,990.0,26.3,24.3,89.0,10.2,45.0,,,0.5,0.3,0.0,,,,,,,,,10.0,,,,,,,,,,,,,,,,,,,,,,,,10.0,,,,,,,,,
1992-09-04 18:00:00,,989.0,26.5,24.5,89.0,,,,,0.0,,,,,,,,,,,,,,,,,,,,,,,,,,,,,,,,,,,,,,,,,,,,
1992-09-04 19:00:00,,988.6,26.3,24.4,89.0,,,,,-9.8,,,,,,,,,,,,,,,,,,,,,,,,,,,,,,,,,,,,,,,,,,,,
1992-09-04 20:00:00,985.0,988.2,25.2,23.6,91.0,10.2,45.0,,,0.5,0.4,,,,,,,,,,5.0,,,,,,,,,,,,,,,,,,,,,,,,10.0,,,,,,,,,
1992-09-04 21:00:00,983.9,987.1,27.3,23.9,82.0,11.0,45.0,,,0.0,0.0,,,27.3,27.0,27.6,28.0,,,,5.0,,,,,,,,,,,,,,,,,,,,,28.2,,,12.0,,,,,,,,,
1992-09-04 22:00:00,,986.6,27.3,23.9,82.0,,,,,0.0,,,,,,,,,,,,,,,,,,,,,,,,,,,,,,,,,,,,,,,,,,,,
1992-09-04 23:00:00,981.9,985.1,27.3,23.6,80.0,11.5,22.5,,,0.0,0.0,,,,,,,,,,10.0,,,,,,,,,,,,,,,,,,,,,,,,12.0,,,,,,,,,
1992-09-05 00:00:00,,984.2,26.6,23.0,81.0,,,,,0.0,,,,,,,,,,,,,,,,,,,,,,,,,,,,,,,,,,,,,,,,,,,,
1992-09-05 01:00:00,,983.7,26.7,23.1,81.0,,,,,0.0,,,,,,,,,,,,,,,,,,,,,,,,,,,,,,,,,,,,,,,,,,,,
1992-09-05 02:00:00,980.8,984.0,27.0,23.4,81.0,5.0,135.0,,,0.0,0.0,,,,,,,,,,7.0,,,,,,,,,,,,,,,,,,,,,,,,12.0,,,,,,,,,
1992-09-05 03:00:00,,984.5,26.6,23.1,81.0,,,,,0.0,,,,,,,,,,,,,,,,,,,,,,,,,,,,,,,,,,,,,,,,,,,,
1992-09-05 04:00:00,,984.3,26.4,23.0,82.0,,,,,0.0,,,,,,,,,,,,,,,,,,,,,,,,,,,,,,,,,,,,,,,,,,,,
1992-09-05 05:00:00,983.0,986.2,25.4,23.3,88.0,1.6,135.0,,,0.0,0.0,,,26.8,26.8,27.2,27.7,,,,9.0,,,,,,,,,,,,,,,,,,,,,27.9,,,15.0,,,,,,,,,
1992-09-05 06:00:00,,988.6,26.1,23.5,86.0,,,,,0.0,,,,,,,,,,,,,,,,,,,,,,,,,,,,,,,,,,,,,,,,,,,,
1992-09-05 07:00:00,,990.6,26.9,24.0,84.0,,,,,0.0,,,,,,,,,,,,,,,,,,,,,,,,,,,,,,,,,,,,,,,,,,,,
1992-09-05 08:00:00,989.5,992.7,28.4,24.8,81.0,0.9,315.0,,,0.0,0.0,0.0,,,,,,,,,10.0,,,,,,,,,,,,,,,,,,,,,,,,15.0,,,,,,,,,
1992-09-05 09:00:00,991.5,994.7,28.6,25.0,81.0,3.7,247.5,,,0.0,0.0,0.0,,,,,,,,,10.0,,,,,,,,,,,,,,,,,,,,,,,,15.0,,,,,,,,,
1992-09-05 10:00:00,,995.6,28.9,25.1,80.0,,,,,0.0,,,,,,,,,,,,,,,,,,,,,,,,,,,,,,,,,,,,,,,,,,,,
1992-09-05 11:00:00,993.1,996.3,30.2,25.6,76.0,2.4,157.5,,,0.0,0.0,0.0,,,,,,,,,10.0,,,,,,,,,,,,,,,,,,,,,,,,15.0,,,,,,,,,
1992-09-05 12:00:00,,,,,,,,,,0.0,,,,,,,,,,,,,,,,,,,,,,,,,,,,,,,,,,,,,,,,,,,,
1992-09-05 13:00:00,,,,,,,,,,0.0,,,,,,,,,,,,,,,,,,,,,,,,,,,,,,,,,,,,,,,,,,,,
1992-09-05 14:00:00,993.9,997.1,29.1,25.0,79.0,1.1,22.5,,,0.0,0.0,0.0,,28.8,28.3,28.2,28.0,,,,9.0,,,,,,,,,,,,,,,,,,,,,28.0,,,15.0,,,,,,,,,
1992-09-05 15:00:00,,,,,,,,,,-9.8,,,,,,,,,,,,,,,,,,,,,,,,,,,,,,,,,,,,,,,,,,,,
1992-09-05 16:00:00,,,,,,,,,,1.9,,,,,,,,,,,,,,,,,,,,,,,,,,,,,,,,,,,,,,,,,,,,
1992-09-05 17:00:00,996.0,999.3,25.2,24.5,96.0,2.1,135.0,,,1.7,0.5,0.0,,,,,,,,,10.0,,,,,,,,,,,,,,,,,,,,,,,,12.0,,,,,,,,,
1992-09-05 18:00:00,,,,,,,,,,0.0,,,,,,,,,,,,,,,,,,,,,,,,,,,,,,,,,,,,,,,,,,,,
1992-09-05 19:00:00,,,,,,,,,,0.0,,,,,,,,,,,,,,,,,,,,,,,,,,,,,,,,,,,,,,,,,,,,
1992-09-05 20:00:00,998.6,1001.9,25.7,23.8,89.0,1.1,135.0,,,0.0,0.0,,,,,,,,,,7.0,,,,,,,,,,,,,,,,,,,,,,,,10.0,,,,,,,,,
1992-09-05 21:00:00,999.6,1002.9,26.0,23.7,87.0,0.8,157.5,,,0.0,0.0,,,27.8,27.5,27.8,28.0,,,,9.0,,,,,,,,,,,,,,,,,,,,,28.1,,,10.0,,,,,,,,,
1992-09-05 22:00:00,,,,,,,,,,0.0,,,,,,,,,,,,,,,,,,,,,,,,,,,,,,,,,,,,,,,,,,,,
1992-09-05 23:00:00,1000.1,1003.4,26.0,23.2,85.0,3.3,90.0,,,1.0,0.4,,,,,,,,,,9.0,,,,,,,,,,,,,,,,,,,,,,,,10.0,,,,,,,,,
1992-09-06 00:00:00,,,,,,,,,,0.0,,,,,,,,,,,,,,,,,,,,,,,,,,,,,,,,,,,,,,,,,,,,
1992-09-06 01:00:00,,,,,,,,,,0.0,,,,,,,,,,,,,,,,,,,,,,,,,,,,,,,,,,,,,,,,,,,,
1992-09-06 02:00:00,999.3,1002.6,25.4,23.4,89.0,1.9,112.5,,,0.0,0.0,,,,,,,,,,9.0,,,,,,,,,,,,,,,,,,,,,,,,10.0,,,,,,,,,
1992-09-06 03:00:00,,,,,,,,,,0.0,,,,,,,,,,,,,,,,,,,,,,,,,,,,,,,,,,,,,,,,,,,,
1992-09-06 04:00:00,,,,,,,,,,0.0,,,,,,,,,,,,,,,,,,,,,,,,,,,,,,,,,,,,,,,,,,,,
1992-09-06 05:00:00,1000.4,1003.7,24.0,22.8,93.0,0.6,67.5,,,0.0,0.0,,,27.1,26.7,27.5,27.7,,,,5.0,,,,,,,,,,,,,,,,,,,,,27.8,,,10.0,,,,,,,,,
1992-09-06 06:00:00,,,,,,,,,,0.0,,,,,,,,,,,,,,,,,,,,,,,,,,,,,,,,,,,,,,,,,,,,
1992-09-06 07:00:00,,,,,,,,,,0.0,,,,,,,,,,,,,,,,,,,,,,,,,,,,,,,,,,,,,,,,,,,,
1992-09-06 08:00:00,1002.5,1005.8,27.1,24.1,84.0,0.8,135.0,,,0.0,0.0,1.0,,,,,,,,,0.0,,,,,,,,,,,,,,,,,,,,,,,,12.0,,,,,,,,,
1992-09-06 09:00:00,1002.7,1006.0,29.1,24.0,74.0,0.9,45.0,,,0.0,0.0,1.0,,,,,,,,,1.0,,,,,,,,,,,,,,,,,,,,,,,,15.0,,,,,,,,,
1992-09-06 10:00:00,,,,,,,,,,0.0,,,,,,,,,,,,,,,,,,,,,,,,,,,,,,,,,,,,,,,,,,,,
1992-09-06 11:00:00,1002.9,1006.2,30.2,23.5,67.0,2.7,22.5,,,0.0,0.0,1.0,,,,,,,,,5.0,,,,,,,,,,,,,,,,,,,,,,,,18.0,,,,,,,,,
1992-09-06 12:00:00,,,,,,,,,,0.0,,,,,,,,,,,,,,,,,,,,,,,,,,,,,,,,,,,,,,,,,,,,
1992-09-06 13:00:00,,,,,,,,,,0.0,,,,,,,,,,,,,,,,,,,,,,,,,,,,,,,,,,,,,,,,,,,,
1992-09-06 14:00:00,1001.5,1004.8,29.6,24.2,73.0,2.7,67.5,,,0.0,0.0,0.0,,30.2,29.6,29.2,28.3,,,,10.0,,,,,,,,,,,,,,,,,,,,,27.9,,,15.0,,,,,,,,,
1992-09-06 15:00:00,,,,,,,,,,0.0,,,,,,,,,,,,,,,,,,,,,,,,,,,,,,,,,,,,,,,,,,,,
1992-09-06 16:00:00,,,,,,,,,,0.0,,,,,,,,,,,,,,,,,,,,,,,,,,,,,,,,,,,,,,,,,,,,
1992-09-06 17:00:00,1002.1,1005.4,27.1,22.2,75.0,4.9,90.0,,,0.0,0.0,0.0,,,,,,,,,10.0,,,,,,,,,,,,,,,,,,,,,,,,12.0,,,,,,,,,
1992-09-06 18:00:00,,,,,,,,,,0.0,,,,,,,,,,,,,,,,,,,,,,,,,,,,,,,,,,,,,,,,,,,,
1992-09-06 19:00:00,,,,,,,,,,0.0,,,,,,,,,,,,,,,,,,,,,,,,,,,,,,,,,,,,,,,,,,,,
1992-09-06 20:00:00,1004.4,1007.7,26.1,21.8,77.0,1.3,112.5,,,0.0,0.0,,,,,,,,,,10.0,,,,,,,,,,,,,,,,,,,,,,,,10.0,,,,,,,,,
1992-09-06 21:00:00,1004.6,1007.9,25.8,21.9,79.0,1.8,112.5,,,0.0,0.0,,,28.1,28.0,28.4,28.5,,,,10.0,,,,,,,,,,,,,,,,,,,,,28.5,,,10.0,,,,,,,,,
1992-09-06 22:00:00,,,,,,,,,,0.0,,,,,,,,,,,,,,,,,,,,,,,,,,,,,,,,,,,,,,,,,,,,
1992-09-06 23:00:00,1005.0,1008.3,25.4,22.4,83.0,1.8,157.5,,,0.0,0.0,,,,,,,,,,10.0,,,,,,,,,,,,,,,,,,,,,,,,10.0,,,,,,,,,
1992-09-07 00:00:00,,,,,,,,,,0.0,,,,,,,,,,,,,,,,,,,,,,,,,,,,,,,,,,,,,,,,,,,,
1992-09-07 01:00:00,,,,,,,,,,0.0,,,,,,,,,,,,,,,,,,,,,,,,,,,,,,,,,,,,,,,,,,,,
1992-09-07 02:00:00,1003.3,1006.6,24.9,22.9,89.0,1.7,112.5,,,0.0,0.0,,,,,,,,,,3.0,,,,,,,,,,,,,,,,,,,,,,,,8.0,,,,,,,,,
1992-09-07 03:00:00,,,,,,,,,,0.0,,,,,,,,,,,,,,,,,,,,,,,,,,,,,,,,,,,,,,,,,,,,
1992-09-07 04:00:00,,,,,,,,,,0.0,,,,,,,,,,,,,,,,,,,,,,,,,,,,,,,,,,,,,,,,,,,,
1992-09-07 05:00:00,1003.2,1006.5,24.5,22.0,86.0,1.7,112.5,,,0.0,0.0,,,27.3,27.2,27.7,28.0,,,,1.0,,,,,,,,,,,,,,,,,,,,,28.5,,,8.0,,,,,,,,,
1992-09-07 06:00:00,,,,,,,,,,0.0,,,,,,,,,,,,,,,,,,,,,,,,,,,,,,,,,,,,,,,,,,,,
1992-09-07 07:00:00,,,,,,,,,,0.0,,,,,,,,,,,,,,,,,,,,,,,,,,,,,,,,,,,,,,,,,,,,
1992-09-07 08:00:00,1005.1,1008.4,27.2,23.5,80.0,0.4,135.0,,,0.0,0.0,0.8,,,,,,,,,9.0,,,,,,,,,,,,,,,,,,,,,,,,8.0,,,,,,,,,
1992-09-07 09:00:00,1004.9,1008.2,28.4,24.7,80.0,1.7,315.0,,,0.0,0.0,0.6,,,,,,,,,8.0,,,,,,,,,,,,,,,,,,,,,,,,8.0,,,,,,,,,
1992-09-07 10:00:00,,,,,,,,,,0.0,,,,,,,,,,,,,,,,,,,,,,,,,,,,,,,,,,,,,,,,,,,,
1992-09-07 11:00:00,1004.1,1007.4,30.3,25.9,77.0,2.2,315.0,,,0.0,0.0,0.9,,,,,,,,,4.0,,,,,,,,,,,,,,,,,,,,,,,,10.0,,,,,,,,,
1992-09-07 12:00:00,,,,,,,,,,0.0,,,,,,,,,,,,,,,,,,,,,,,,,,,,,,,,,,,,,,,,,,,,
1992-09-07 13:00:00,,,,,,,,,,0.0,,,,,,,,,,,,,,,,,,,,,,,,,,,,,,,,,,,,,,,,,,,,
1992-09-07 14:00:00,1003.1,1006.4,30.3,24.6,72.0,3.4,315.0,,,0.0,0.0,0.7,,31.5,30.2,29.5,28.8,,,,5.0,,,,,,,,,,,,,,,,,,,,,28.5,,,12.0,,,,,,,,,
1992-09-07 15:00:00,,,,,,,,,,0.0,,,,,,,,,,,,,,,,,,,,,,,,,,,,,,,,,,,,,,,,,,,,
1992-09-07 16:00:00,,,,,,,,,,0.0,,,,,,,,,,,,,,,,,,,,,,,,,,,,,,,,,,,,,,,,,,,,
1992-09-07 17:00:00,1004.2,1007.5,28.4,24.4,79.0,2.3,90.0,,,0.0,0.0,0.0,,,,,,,,,9.0,,,,,,,,,,,,,,,,,,,,,,,,10.0,,,,,,,,,
1992-09-07 18:00:00,,,,,,,,,,0.0,,,,,,,,,,,,,,,,,,,,,,,,,,,,,,,,,,,,,,,,,,,,
1992-09-07 19:00:00,,,,,,,,,,0.0,,,,,,,,,,,,,,,,,,,,,,,,,,,,,,,,,,,,,,,,,,,,
1992-09-07 20:00:00,1006.0,1009.3,25.1,23.2,89.0,2.2,112.5,,,0.7,0.6,,,,,,,,,,9.0,,,,,,,,,,,,,,,,,,,,,,,,10.0,,,,,,,,,
1992-09-07 21:00:00,1006.3,1009.6,24.9,23.3,91.0,2.2,135.0,,,0.5,1.0,,,28.8,28.8,29.0,29.1,,,,9.0,,,,,,,,,,,,,,,,,,,,,28.8,,,8.0,,,,,,,,,
1992-09-07 22:00:00,,,,,,,,,,0.8,,,,,,,,,,,,,,,,,,,,,,,,,,,,,,,,,,,,,,,,,,,,
1992-09-07 23:00:00,1006.0,1009.3,24.6,24.2,98.0,1.3,112.5,,,0.0,0.0,,,,,,,,,,8.0,,,,,,,,,,,,,,,,,,,,,,,,10.0,,,,,,,,,
1992-09-08 00:00:00,,,,,,,,,,0.0,,,,,,,,,,,,,,,,,,,,,,,,,,,,,,,,,,,,,,,,,,,,
1992-09-08 01:00:00,,,,,,,,,,0.0,,,,,,,,,,,,,,,,,,,,,,,,,,,,,,,,,,,,,,,,,,,,
1992-09-08 02:00:00,1004.6,1007.9,24.1,23.2,95.0,1.3,112.5,,,0.0,0.0,,,,,,,,,,1.0,,,,,,,,,,,,,,,,,,,,,,,,15.0,,,,,,,,,
1992-09-08 03:00:00,,,,,,,,,,0.0,,,,,,,,,,,,,,,,,,,,,,,,,,,,,,,,,,,,,,,,,,,,
1992-09-08 04:00:00,,,,,,,,,,0.0,,,,,,,,,,,,,,,,,,,,,,,,,,,,,,,,,,,,,,,,,,,,
1992-09-08 05:00:00,1004.9,1008.2,24.0,22.0,89.0,1.7,90.0,,,0.0,0.0,,,27.8,27.8,28.0,28.4,,,,1.0,,,,,,,,,,,,,,,,,,,,,28.6,,,15.0,,,,,,,,,
1992-09-08 06:00:00,,,,,,,,,,0.0,,,,,,,,,,,,,,,,,,,,,,,,,,,,,,,,,,,,,,,,,,,,
1992-09-08 07:00:00,,,,,,,,,,0.0,,,,,,,,,,,,,,,,,,,,,,,,,,,,,,,,,,,,,,,,,,,,
1992-09-08 08:00:00,1005.7,1009.0,27.1,23.5,81.0,1.9,135.0,,,0.0,0.0,1.0,,,,,,,,,0.0,,,,,,,,,,,,,,,,,,,,,,,,15.0,,,,,,,,,
1992-09-08 09:00:00,1006.0,1009.3,29.0,24.4,76.0,0.7,135.0,,,0.0,0.0,1.0,,,,,,,,,3.0,,,,,,,,,,,,,,,,,,,,,,,,15.0,,,,,,,,,
1992-09-08 10:00:00,,,,,,,,,,0.0,,,,,,,,,,,,,,,,,,,,,,,,,,,,,,,,,,,,,,,,,,,,
1992-09-08 11:00:00,1005.4,1008.7,29.5,24.9,76.0,3.5,315.0,,,0.0,0.0,0.3,,,,,,,,,7.0,,,,,,,,,,,,,,,,,,,,,,,,12.0,,,,,,,,,
1992-09-08 12:00:00,,,,,,,,,,0.0,,,,,,,,,,,,,,,,,,,,,,,,,,,,,,,,,,,,,,,,,,,,
1992-09-08 13:00:00,,,,,,,,,,0.0,,,,,,,,,,,,,,,,,,,,,,,,,,,,,,,,,,,,,,,,,,,,
1992-09-08 14:00:00,1004.2,1007.5,30.0,24.6,73.0,4.0,315.0,,,0.0,0.0,0.9,,32.1,30.9,29.6,28.9,,,,6.0,,,,,,,,,,,,,,,,,,,,,28.7,,,15.0,,,,,,,,,
1992-09-08 15:00:00,,,,,,,,,,0.0,,,,,,,,,,,,,,,,,,,,,,,,,,,,,,,,,,,,,,,,,,,,
1992-09-08 16:00:00,,,,,,,,,,0.0,,,,,,,,,,,,,,,,,,,,,,,,,,,,,,,,,,,,,,,,,,,,
1992-09-08 17:00:00,1003.9,1007.2,29.4,24.8,76.0,2.3,315.0,,,0.0,0.0,0.9,,,,,,,,,6.0,,,,,,,,,,,,,,,,,,,,,,,,15.0,,,,,,,,,
1992-09-08 18:00:00,,,,,,,,,,0.0,,,,,,,,,,,,,,,,,,,,,,,,,,,,,,,,,,,,,,,,,,,,
1992-09-08 19:00:00,,,,,,,,,,0.0,,,,,,,,,,,,,,,,,,,,,,,,,,,,,,,,,,,,,,,,,,,,
1992-09-08 20:00:00,1005.4,1008.7,27.1,24.3,85.0,1.6,67.5,,,0.0,0.0,,,,,,,,,,4.0,,,,,,,,,,,,,,,,,,,,,,,,12.0,,,,,,,,,
1992-09-08 21:00:00,1005.8,1009.1,27.1,23.9,83.0,0.8,135.0,,,0.0,0.0,,,29.6,29.4,29.6,29.5,,,,4.0,,,,,,,,,,,,,,,,,,,,,29.1,,,12.0,,,,,,,,,
1992-09-08 22:00:00,,,,,,,,,,0.0,,,,,,,,,,,,,,,,,,,,,,,,,,,,,,,,,,,,,,,,,,,,
1992-09-08 23:00:00,1006.3,1009.6,26.1,23.5,86.0,1.4,135.0,,,0.0,0.0,,,,,,,,,,2.0,,,,,,,,,,,,,,,,,,,,,,,,12.0,,,,,,,,,
1992-09-09 00:00:00,,,,,,,,,,0.0,,,,,,,,,,,,,,,,,,,,,,,,,,,,,,,,,,,,,,,,,,,,
1992-09-09 01:00:00,,,,,,,,,,0.0,,,,,,,,,,,,,,,,,,,,,,,,,,,,,,,,,,,,,,,,,,,,
1992-09-09 02:00:00,1005.4,1008.7,25.4,22.6,85.0,1.1,135.0,,,0.0,0.0,,,,,,,,,,4.0,,,,,,,,,,,,,,,,,,,,,,,,12.0,,,,,,,,,
1992-09-09 03:00:00,,,,,,,,,,0.0,,,,,,,,,,,,,,,,,,,,,,,,,,,,,,,,,,,,,,,,,,,,
1992-09-09 04:00:00,,,,,,,,,,0.0,,,,,,,,,,,,,,,,,,,,,,,,,,,,,,,,,,,,,,,,,,,,
1992-09-09 05:00:00,1004.9,1008.2,24.4,21.3,83.0,2.0,135.0,,,0.0,0.0,,,28.2,28.0,28.1,28.9,,,,3.0,,,,,,,,,,,,,,,,,,,,,29.0,,,12.0,,,,,,,,,
1992-09-09 06:00:00,,,,,,,,,,0.0,,,,,,,,,,,,,,,,,,,,,,,,,,,,,,,,,,,,,,,,,,,,
1992-09-09 07:00:00,,,,,,,,,,0.0,,,,,,,,,,,,,,,,,,,,,,,,,,,,,,,,,,,,,,,,,,,,
1992-09-09 08:00:00,1006.4,1009.7,27.4,23.9,81.0,1.1,157.5,,,0.0,0.0,1.0,,,,,,,,,4.0,,,,,,,,,,,,,,,,,,,,,,,,12.0,,,,,,,,,
1992-09-09 09:00:00,1006.2,1009.5,28.8,24.3,77.0,1.1,157.5,,,0.0,0.0,0.8,,,,,,,,,9.0,,,,,,,,,,,,,,,,,,,,,,,,12.0,,,,,,,,,
1992-09-09 10:00:00,,,,,,,,,,0.0,,,,,,,,,,,,,,,,,,,,,,,,,,,,,,,,,,,,,,,,,,,,
1992-09-09 11:00:00,1005.5,1008.8,30.3,25.4,75.0,3.0,292.5,,,0.0,0.0,0.8,,,,,,,,,8.0,,,,,,,,,,,,,,,,,,,,,,,,12.0,,,,,,,,,
1992-09-09 12:00:00,,,,,,,,,,0.0,,,,,,,,,,,,,,,,,,,,,,,,,,,,,,,,,,,,,,,,,,,,
1992-09-09 13:00:00,,,,,,,,,,0.0,,,,,,,,,,,,,,,,,,,,,,,,,,,,,,,,,,,,,,,,,,,,
1992-09-09 14:00:00,1004.1,1007.4,31.1,24.8,69.0,3.2,315.0,,,0.0,0.0,1.0,,32.7,31.5,30.2,29.5,,,,7.0,,,,,,,,,,,,,,,,,,,,,29.2,,,18.0,,,,,,,,,
1992-09-09 15:00:00,,,,,,,,,,0.0,,,,,,,,,,,,,,,,,,,,,,,,,,,,,,,,,,,,,,,,,,,,
1992-09-09 16:00:00,,,,,,,,,,0.0,,,,,,,,,,,,,,,,,,,,,,,,,,,,,,,,,,,,,,,,,,,,
1992-09-09 17:00:00,1003.6,1006.9,29.3,23.9,73.0,2.8,360.0,,,0.0,0.0,1.0,,,,,,,,,6.0,,,,,,,,,,,,,,,,,,,,,,,,15.0,,,,,,,,,
1992-09-09 18:00:00,,,,,,,,,,0.0,,,,,,,,,,,,,,,,,,,,,,,,,,,,,,,,,,,,,,,,,,,,
1992-09-09 19:00:00,,,,,,,,,,0.0,,,,,,,,,,,,,,,,,,,,,,,,,,,,,,,,,,,,,,,,,,,,
1992-09-09 20:00:00,1005.2,1008.5,27.9,24.0,79.0,3.6,360.0,,,0.0,0.0,,,,,,,,,,3.0,,,,,,,,,,,,,,,,,,,,,,,,10.0,,,,,,,,,
1992-09-09 21:00:00,1005.7,1009.0,27.1,24.3,85.0,1.9,67.5,,,0.0,0.0,,,29.7,29.5,29.8,29.7,,,,0.0,,,,,,,,,,,,,,,,,,,,,29.4,,,10.0,,,,,,,,,
1992-09-09 22:00:00,,,,,,,,,,0.0,,,,,,,,,,,,,,,,,,,,,,,,,,,,,,,,,,,,,,,,,,,,
1992-09-09 23:00:00,1005.9,1009.2,26.4,23.7,85.0,0.2,0.0,,,0.0,0.0,,,,,,,,,,3.0,,,,,,,,,,,,,,,,,,,,,,,,10.0,,,,,,,,,
1992-09-10 00:00:00,,,,,,,,,,0.0,,,,,,,,,,,,,,,,,,,,,,,,,,,,,,,,,,,,,,,,,,,,
1992-09-10 01:00:00,,,,,,,,,,0.0,,,,,,,,,,,,,,,,,,,,,,,,,,,,,,,,,,,,,,,,,,,,
1992-09-10 02:00:00,1004.6,1007.9,26.0,23.3,85.0,2.2,67.5,,,0.0,0.0,,,,,,,,,,9.0,,,,,,,,,,,,,,,,,,,,,,,,10.0,,,,,,,,,
1992-09-10 03:00:00,,,,,,,,,,0.0,,,,,,,,,,,,,,,,,,,,,,,,,,,,,,,,,,,,,,,,,,,,
1992-09-10 04:00:00,,,,,,,,,,0.0,,,,,,,,,,,,,,,,,,,,,,,,,,,,,,,,,,,,,,,,,,,,
1992-09-10 05:00:00,1005.1,1008.4,25.6,23.1,86.0,3.2,45.0,,,0.0,0.0,,,29.8,28.8,29.0,29.2,,,,10.0,,,,,,,,,,,,,,,,,,,,,29.3,,,10.0,,,,,,,,,
1992-09-10 06:00:00,,,,,,,,,,0.0,,,,,,,,,,,,,,,,,,,,,,,,,,,,,,,,,,,,,,,,,,,,
1992-09-10 07:00:00,,,,,,,,,,0.0,,,,,,,,,,,,,,,,,,,,,,,,,,,,,,,,,,,,,,,,,,,,
1992-09-10 08:00:00,1006.3,1009.6,27.2,24.2,84.0,2.6,67.5,,,0.0,0.0,0.2,,,,,,,,,7.0,,,,,,,,,,,,,,,,,,,,,,,,12.0,,,,,,,,,
1992-09-10 09:00:00,1006.5,1009.8,28.0,23.7,78.0,4.4,67.5,,,0.0,0.0,0.4,,,,,,,,,8.0,,,,,,,,,,,,,,,,,,,,,,,,12.0,,,,,,,,,
1992-09-10 10:00:00,,,,,,,,,,0.0,,,,,,,,,,,,,,,,,,,,,,,,,,,,,,,,,,,,,,,,,,,,
1992-09-10 11:00:00,1006.4,1009.7,28.3,23.9,77.0,5.4,45.0,,,0.0,0.0,0.2,,,,,,,,,8.0,,,,,,,,,,,,,,,,,,,,,,,,12.0,,,,,,,,,
1992-09-10 12:00:00,,,,,,,,,,0.0,,,,,,,,,,,,,,,,,,,,,,,,,,,,,,,,,,,,,,,,,,,,
1992-09-10 13:00:00,,,,,,,,,,0.0,,,,,,,,,,,,,,,,,,,,,,,,,,,,,,,,,,,,,,,,,,,,
1992-09-10 14:00:00,1005.0,1008.3,27.7,22.5,73.0,5.7,45.0,,,0.0,0.0,0.0,,30.1,29.8,29.6,29.3,,,,10.0,,,,,,,,,,,,,,,,,,,,,29.2,,,12.0,,,,,,,,,
1992-09-10 15:00:00,,,,,,,,,,0.0,,,,,,,,,,,,,,,,,,,,,,,,,,,,,,,,,,,,,,,,,,,,
1992-09-10 16:00:00,,,,,,,,,,0.0,,,,,,,,,,,,,,,,,,,,,,,,,,,,,,,,,,,,,,,,,,,,
1992-09-10 17:00:00,1004.1,1007.4,28.1,22.0,70.0,3.2,67.5,,,0.0,0.0,0.4,,,,,,,,,7.0,,,,,,,,,,,,,,,,,,,,,,,,10.0,,,,,,,,,
1992-09-10 18:00:00,,,,,,,,,,0.0,,,,,,,,,,,,,,,,,,,,,,,,,,,,,,,,,,,,,,,,,,,,
1992-09-10 19:00:00,,,,,,,,,,0.0,,,,,,,,,,,,,,,,,,,,,,,,,,,,,,,,,,,,,,,,,,,,
1992-09-10 20:00:00,1005.0,1008.3,25.8,20.2,71.0,2.6,67.5,,,0.0,0.0,,,,,,,,,,7.0,,,,,,,,,,,,,,,,,,,,,,,,10.0,,,,,,,,,
1992-09-10 21:00:00,1005.5,1008.8,25.4,20.3,73.0,2.5,90.0,,,0.0,0.0,,,28.4,28.6,29.0,29.3,,,,0.0,,,,,,,,,,,,,,,,,,,,,29.3,,,10.0,,,,,,,,,
1992-09-10 22:00:00,,,,,,,,,,0.0,,,,,,,,,,,,,,,,,,,,,,,,,,,,,,,,,,,,,,,,,,,,
1992-09-10 23:00:00,1006.5,1009.8,24.3,20.8,81.0,2.2,45.0,,,0.0,0.0,,,,,,,,,,2.0,,,,,,,,,,,,,,,,,,,,,,,,10.0,,,,,,,,,
1992-09-11 00:00:00,,,,,,,,,,0.0,,,,,,,,,,,,,,,,,,,,,,,,,,,,,,,,,,,,,,,,,,,,
1992-09-11 01:00:00,,,,,,,,,,0.0,,,,,,,,,,,,,,,,,,,,,,,,,,,,,,,,,,,,,,,,,,,,
1992-09-11 02:00:00,1004.4,1007.7,24.4,20.0,76.0,1.8,90.0,,,0.0,0.0,,,,,,,,,,0.0,,,,,,,,,,,,,,,,,,,,,,,,10.0,,,,,,,,,
1992-09-11 03:00:00,,,,,,,,,,0.0,,,,,,,,,,,,,,,,,,,,,,,,,,,,,,,,,,,,,,,,,,,,
1992-09-11 04:00:00,,,,,,,,,,0.0,,,,,,,,,,,,,,,,,,,,,,,,,,,,,,,,,,,,,,,,,,,,
1992-09-11 05:00:00,1004.0,1007.3,23.7,20.7,83.0,0.5,45.0,,,0.0,0.0,,,27.6,27.6,28.1,28.6,,,,10.0,,,,,,,,,,,,,,,,,,,,,28.9,,,10.0,,,,,,,,,
1992-09-11 06:00:00,,,,,,,,,,0.0,,,,,,,,,,,,,,,,,,,,,,,,,,,,,,,,,,,,,,,,,,,,
1992-09-11 07:00:00,,,,,,,,,,0.0,,,,,,,,,,,,,,,,,,,,,,,,,,,,,,,,,,,,,,,,,,,,
1992-09-11 08:00:00,1006.2,1009.5,25.4,20.7,75.0,3.2,67.5,,,0.0,0.0,0.0,,,,,,,,,10.0,,,,,,,,,,,,,,,,,,,,,,,,12.0,,,,,,,,,
1992-09-11 09:00:00,1006.3,1009.6,26.4,20.9,72.0,2.3,67.5,,,0.0,0.0,0.0,,,,,,,,,9.0,,,,,,,,,,,,,,,,,,,,,,,,12.0,,,,,,,,,
1992-09-11 10:00:00,,,,,,,,,,0.0,,,,,,,,,,,,,,,,,,,,,,,,,,,,,,,,,,,,,,,,,,,,
1992-09-11 11:00:00,1005.5,1008.8,29.1,21.6,64.0,3.9,45.0,,,0.0,0.0,0.9,,,,,,,,,3.0,,,,,,,,,,,,,,,,,,,,,,,,12.0,,,,,,,,,
1992-09-11 12:00:00,,,,,,,,,,0.0,,,,,,,,,,,,,,,,,,,,,,,,,,,,,,,,,,,,,,,,,,,,
1992-09-11 13:00:00,,,,,,,,,,0.0,,,,,,,,,,,,,,,,,,,,,,,,,,,,,,,,,,,,,,,,,,,,
1992-09-11 14:00:00,1003.6,1006.9,29.5,20.7,59.0,4.3,22.5,,,0.0,0.0,0.7,,30.7,29.8,29.3,29.0,,,,6.0,,,,,,,,,,,,,,,,,,,,,28.9,,,12.0,,,,,,,,,
1992-09-11 15:00:00,,,,,,,,,,0.0,,,,,,,,,,,,,,,,,,,,,,,,,,,,,,,,,,,,,,,,,,,,
1992-09-11 16:00:00,,,,,,,,,,0.0,,,,,,,,,,,,,,,,,,,,,,,,,,,,,,,,,,,,,,,,,,,,
1992-09-11 17:00:00,1003.2,1006.5,27.9,20.2,63.0,4.3,45.0,,,0.0,0.0,1.0,,,,,,,,,1.0,,,,,,,,,,,,,,,,,,,,,,,,12.0,,,,,,,,,
1992-09-11 18:00:00,,,,,,,,,,0.0,,,,,,,,,,,,,,,,,,,,,,,,,,,,,,,,,,,,,,,,,,,,
1992-09-11 19:00:00,,,,,,,,,,0.0,,,,,,,,,,,,,,,,,,,,,,,,,,,,,,,,,,,,,,,,,,,,
1992-09-11 20:00:00,1004.0,1007.3,26.1,18.8,64.0,3.0,90.0,,,0.0,0.0,,,,,,,,,,1.0,,,,,,,,,,,,,,,,,,,,,,,,12.0,,,,,,,,,
1992-09-11 21:00:00,1004.3,1007.6,25.8,18.9,66.0,1.9,90.0,,,0.0,0.0,,,27.9,27.9,28.7,29.0,,,,0.0,,,,,,,,,,,,,,,,,,,,,28.8,,,12.0,,,,,,,,,
1992-09-11 22:00:00,,,,,,,,,,0.0,,,,,,,,,,,,,,,,,,,,,,,,,,,,,,,,,,,,,,,,,,,,
1992-09-11 23:00:00,1004.6,1007.9,24.9,19.1,70.0,1.4,135.0,,,0.0,0.0,,,,,,,,,,0.0,,,,,,,,,,,,,,,,,,,,,,,,12.0,,,,,,,,,
1992-09-12 00:00:00,,,,,,,,,,0.0,,,,,,,,,,,,,,,,,,,,,,,,,,,,,,,,,,,,,,,,,,,,
1992-09-12 01:00:00,,,,,,,,,,0.0,,,,,,,,,,,,,,,,,,,,,,,,,,,,,,,,,,,,,,,,,,,,
1992-09-12 02:00:00,1004.3,1007.7,22.9,19.4,81.0,1.5,112.5,,,0.0,0.0,,,,,,,,,,0.0,,,,,,,,,,,,,,,,,,,,,,,,12.0,,,,,,,,,
1992-09-12 03:00:00,,,,,,,,,,0.0,,,,,,,,,,,,,,,,,,,,,,,,,,,,,,,,,,,,,,,,,,,,
1992-09-12 04:00:00,,,,,,,,,,0.0,,,,,,,,,,,,,,,,,,,,,,,,,,,,,,,,,,,,,,,,,,,,
1992-09-12 05:00:00,1004.3,1007.7,22.2,19.9,87.0,1.0,90.0,,,0.0,0.0,,,27.0,27.0,27.6,28.0,,,,10.0,,,,,,,,,,,,,,,,,,,,,28.5,,,12.0,,,,,,,,,
1992-09-12 06:00:00,,,,,,,,,,0.0,,,,,,,,,,,,,,,,,,,,,,,,,,,,,,,,,,,,,,,,,,,,
1992-09-12 07:00:00,,,,,,,,,,0.0,,,,,,,,,,,,,,,,,,,,,,,,,,,,,,,,,,,,,,,,,,,,
1992-09-12 08:00:00,1005.1,1008.4,25.0,20.9,78.0,1.0,90.0,,,0.0,0.0,0.0,,,,,,,,,10.0,,,,,,,,,,,,,,,,,,,,,,,,12.0,,,,,,,,,
1992-09-12 09:00:00,1005.5,1008.8,27.0,19.9,65.0,0.6,67.5,,,0.0,0.0,0.4,,,,,,,,,8.0,,,,,,,,,,,,,,,,,,,,,,,,12.0,,,,,,,,,
1992-09-12 10:00:00,,,,,,,,,,0.0,,,,,,,,,,,,,,,,,,,,,,,,,,,,,,,,,,,,,,,,,,,,
1992-09-12 11:00:00,1005.3,1008.6,29.7,19.9,56.0,1.7,315.0,,,0.0,0.0,1.0,,,,,,,,,0.0,,,,,,,,,,,,,,,,,,,,,,,,12.0,,,,,,,,,
1992-09-12 12:00:00,,,,,,,,,,0.0,,,,,,,,,,,,,,,,,,,,,,,,,,,,,,,,,,,,,,,,,,,,
1992-09-12 13:00:00,,,,,,,,,,0.0,,,,,,,,,,,,,,,,,,,,,,,,,,,,,,,,,,,,,,,,,,,,
1992-09-12 14:00:00,1003.4,1006.7,30.0,22.0,62.0,2.6,292.5,,,0.0,0.0,1.0,,31.9,30.7,29.5,28.8,,,,0.0,,,,,,,,,,,,,,,,,,,,,28.6,,,12.0,,,,,,,,,
1992-09-12 15:00:00,,,,,,,,,,0.0,,,,,,,,,,,,,,,,,,,,,,,,,,,,,,,,,,,,,,,,,,,,
1992-09-12 16:00:00,,,,,,,,,,0.0,,,,,,,,,,,,,,,,,,,,,,,,,,,,,,,,,,,,,,,,,,,,
1992-09-12 17:00:00,1002.8,1006.1,28.7,19.9,59.0,2.7,292.5,,,0.0,0.0,1.0,,,,,,,,,0.0,,,,,,,,,,,,,,,,,,,,,,,,12.0,,,,,,,,,
1992-09-12 18:00:00,,,,,,,,,,0.0,,,,,,,,,,,,,,,,,,,,,,,,,,,,,,,,,,,,,,,,,,,,
1992-09-12 19:00:00,,,,,,,,,,0.0,,,,,,,,,,,,,,,,,,,,,,,,,,,,,,,,,,,,,,,,,,,,
1992-09-12 20:00:00,1004.6,1007.9,26.2,21.0,73.0,0.9,157.5,,,0.0,0.0,,,,,,,,,,1.0,,,,,,,,,,,,,,,,,,,,,,,,12.0,,,,,,,,,
1992-09-12 21:00:00,1005.1,1008.4,25.9,21.1,75.0,0.9,135.0,,,0.0,0.0,,,28.8,28.6,29.0,29.2,,,,2.0,,,,,,,,,,,,,,,,,,,,,29.0,,,12.0,,,,,,,,,
1992-09-12 22:00:00,,,,,,,,,,0.0,,,,,,,,,,,,,,,,,,,,,,,,,,,,,,,,,,,,,,,,,,,,
1992-09-12 23:00:00,1005.3,1008.6,24.8,21.9,84.0,0.9,90.0,,,0.0,0.0,,,,,,,,,,0.0,,,,,,,,,,,,,,,,,,,,,,,,12.0,,,,,,,,,
1992-09-13 00:00:00,,,,,,,,,,0.0,,,,,,,,,,,,,,,,,,,,,,,,,,,,,,,,,,,,,,,,,,,,
1992-09-13 01:00:00,,,,,,,,,,0.0,,,,,,,,,,,,,,,,,,,,,,,,,,,,,,,,,,,,,,,,,,,,
1992-09-13 02:00:00,1004.2,1007.5,23.9,21.8,88.0,1.0,90.0,,,0.0,0.0,,,,,,,,,,0.0,,,,,,,,,,,,,,,,,,,,,,,,10.0,,,,,,,,,
1992-09-13 03:00:00,,,,,,,,,,0.0,,,,,,,,,,,,,,,,,,,,,,,,,,,,,,,,,,,,,,,,,,,,
1992-09-13 04:00:00,,,,,,,,,,0.0,,,,,,,,,,,,,,,,,,,,,,,,,,,,,,,,,,,,,,,,,,,,
1992-09-13 05:00:00,1004.3,1007.6,23.7,21.4,87.0,1.4,112.5,,,0.0,0.0,,,27.6,27.4,28.0,28.5,,,,2.0,,,,,,,,,,,,,,,,,,,,,28.7,,,12.0,,,,,,,,,
1992-09-13 06:00:00,,,,,,,,,,0.0,,,,,,,,,,,,,,,,,,,,,,,,,,,,,,,,,,,,,,,,,,,,
1992-09-13 07:00:00,,,,,,,,,,0.0,,,,,,,,,,,,,,,,,,,,,,,,,,,,,,,,,,,,,,,,,,,,
1992-09-13 08:00:00,1005.8,1009.1,27.4,23.9,81.0,0.9,157.5,,,0.0,0.0,1.0,,,,,,,,,3.0,,,,,,,,,,,,,,,,,,,,,,,,12.0,,,,,,,,,
1992-09-13 09:00:00,1006.1,1009.4,28.8,24.1,76.0,2.4,225.0,,,0.0,0.0,1.0,,,,,,,,,4.0,,,,,,,,,,,,,,,,,,,,,,,,12.0,,,,,,,,,
1992-09-13 10:00:00,,,,,,,,,,0.0,,,,,,,,,,,,,,,,,,,,,,,,,,,,,,,,,,,,,,,,,,,,
1992-09-13 11:00:00,1005.7,1009.0,30.1,24.7,73.0,3.2,270.0,,,0.0,0.0,1.0,,,,,,,,,3.0,,,,,,,,,,,,,,,,,,,,,,,,12.0,,,,,,,,,
1992-09-13 12:00:00,,,,,,,,,,0.0,,,,,,,,,,,,,,,,,,,,,,,,,,,,,,,,,,,,,,,,,,,,
1992-09-13 13:00:00,,,,,,,,,,0.0,,,,,,,,,,,,,,,,,,,,,,,,,,,,,,,,,,,,,,,,,,,,
1992-09-13 14:00:00,1004.6,1007.9,29.5,23.8,71.0,5.3,270.0,,,0.0,0.0,1.0,,31.5,30.6,29.5,29.0,,,,2.0,,,,,,,,,,,,,,,,,,,,,28.8,,,15.0,,,,,,,,,
1992-09-13 15:00:00,,,,,,,,,,0.0,,,,,,,,,,,,,,,,,,,,,,,,,,,,,,,,,,,,,,,,,,,,
1992-09-13 16:00:00,,,,,,,,,,0.0,,,,,,,,,,,,,,,,,,,,,,,,,,,,,,,,,,,,,,,,,,,,
1992-09-13 17:00:00,1004.6,1007.9,28.6,23.3,73.0,3.9,270.0,,,0.0,0.0,1.0,,,,,,,,,1.0,,,,,,,,,,,,,,,,,,,,,,,,18.0,,,,,,,,,
1992-09-13 18:00:00,,,,,,,,,,0.0,,,,,,,,,,,,,,,,,,,,,,,,,,,,,,,,,,,,,,,,,,,,
1992-09-13 19:00:00,,,,,,,,,,0.0,,,,,,,,,,,,,,,,,,,,,,,,,,,,,,,,,,,,,,,,,,,,
1992-09-13 20:00:00,1005.8,1009.1,27.3,22.8,76.0,1.1,202.5,,,0.0,0.0,,,,,,,,,,0.0,,,,,,,,,,,,,,,,,,,,,,,,10.0,,,,,,,,,
1992-09-13 21:00:00,1006.4,1009.7,26.6,23.1,81.0,0.4,45.0,,,0.0,0.0,,,28.1,28.6,29.0,29.1,,,,0.0,,,,,,,,,,,,,,,,,,,,,29.0,,,10.0,,,,,,,,,
1992-09-13 22:00:00,,,,,,,,,,0.0,,,,,,,,,,,,,,,,,,,,,,,,,,,,,,,,,,,,,,,,,,,,
1992-09-13 23:00:00,1006.2,1009.5,25.7,23.4,87.0,1.1,157.5,,,0.0,0.0,,,,,,,,,,0.0,,,,,,,,,,,,,,,,,,,,,,,,10.0,,,,,,,,,
1992-09-14 00:00:00,,,,,,,,,,0.0,,,,,,,,,,,,,,,,,,,,,,,,,,,,,,,,,,,,,,,,,,,,
1992-09-14 01:00:00,,,,,,,,,,0.0,,,,,,,,,,,,,,,,,,,,,,,,,,,,,,,,,,,,,,,,,,,,
1992-09-14 02:00:00,1005.1,1008.4,24.8,22.8,89.0,1.1,135.0,,,0.0,0.0,,,,,,,,,,0.0,,,,,,,,,,,,,,,,,,,,,,,,10.0,,,,,,,,,
1992-09-14 03:00:00,,,,,,,,,,0.0,,,,,,,,,,,,,,,,,,,,,,,,,,,,,,,,,,,,,,,,,,,,
1992-09-14 04:00:00,,,,,,,,,,0.0,,,,,,,,,,,,,,,,,,,,,,,,,,,,,,,,,,,,,,,,,,,,
1992-09-14 05:00:00,1006.1,1009.4,24.4,22.0,86.0,1.3,112.5,,,0.0,0.0,,,27.6,27.6,28.2,28.5,,,,0.0,,,,,,,,,,,,,,,,,,,,,28.7,,,10.0,,,,,,,,,
1992-09-14 06:00:00,,,,,,,,,,0.0,,,,,,,,,,,,,,,,,,,,,,,,,,,,,,,,,,,,,,,,,,,,
1992-09-14 07:00:00,,,,,,,,,,0.0,,,,,,,,,,,,,,,,,,,,,,,,,,,,,,,,,,,,,,,,,,,,
1992-09-14 08:00:00,1008.1,1011.4,28.0,23.8,78.0,1.8,247.5,,,0.0,0.0,1.0,,,,,,,,,0.0,,,,,,,,,,,,,,,,,,,,,,,,15.0,,,,,,,,,
1992-09-14 09:00:00,1008.5,1011.8,29.3,23.0,69.0,3.5,270.0,,,0.0,0.0,1.0,,,,,,,,,2.0,,,,,,,,,,,,,,,,,,,,,,,,18.0,,,,,,,,,
1992-09-14 10:00:00,,,,,,,,,,0.0,,,,,,,,,,,,,,,,,,,,,,,,,,,,,,,,,,,,,,,,,,,,
1992-09-14 11:00:00,1008.2,1011.5,30.0,23.5,68.0,3.6,270.0,,,0.0,0.0,1.0,,,,,,,,,4.0,,,,,,,,,,,,,,,,,,,,,,,,18.0,,,,,,,,,
1992-09-14 12:00:00,,,,,,,,,,0.0,,,,,,,,,,,,,,,,,,,,,,,,,,,,,,,,,,,,,,,,,,,,
1992-09-14 13:00:00,,,,,,,,,,0.0,,,,,,,,,,,,,,,,,,,,,,,,,,,,,,,,,,,,,,,,,,,,
1992-09-14 14:00:00,1006.4,1009.7,30.5,23.3,66.0,2.9,270.0,,,0.0,0.0,1.0,,32.1,31.0,30.5,29.0,,,,2.0,,,,,,,,,,,,,,,,,,,,,28.8,,,20.0,,,,,,,,,
1992-09-14 15:00:00,,,,,,,,,,0.0,,,,,,,,,,,,,,,,,,,,,,,,,,,,,,,,,,,,,,,,,,,,
1992-09-14 16:00:00,,,,,,,,,,0.0,,,,,,,,,,,,,,,,,,,,,,,,,,,,,,,,,,,,,,,,,,,,
1992-09-14 17:00:00,1006.3,1009.6,29.4,23.4,70.0,2.6,292.5,,,0.0,0.0,1.0,,,,,,,,,1.0,,,,,,,,,,,,,,,,,,,,,,,,18.0,,,,,,,,,
1992-09-14 18:00:00,,,,,,,,,,0.0,,,,,,,,,,,,,,,,,,,,,,,,,,,,,,,,,,,,,,,,,,,,
1992-09-14 19:00:00,,,,,,,,,,0.0,,,,,,,,,,,,,,,,,,,,,,,,,,,,,,,,,,,,,,,,,,,,
1992-09-14 20:00:00,1007.5,1010.8,27.5,24.4,83.0,0.5,315.0,,,0.0,0.0,,,,,,,,,,8.0,,,,,,,,,,,,,,,,,,,,,,,,10.0,,,,,,,,,
1992-09-14 21:00:00,1008.2,1011.5,26.7,24.1,86.0,0.9,67.5,,,0.0,0.0,,,29.3,29.0,29.2,29.3,,,,8.0,,,,,,,,,,,,,,,,,,,,,29.1,,,10.0,,,,,,,,,
1992-09-14 22:00:00,,,,,,,,,,0.0,,,,,,,,,,,,,,,,,,,,,,,,,,,,,,,,,,,,,,,,,,,,
1992-09-14 23:00:00,1008.1,1011.4,26.2,23.5,85.0,1.8,112.5,,,0.0,0.0,,,,,,,,,,5.0,,,,,,,,,,,,,,,,,,,,,,,,10.0,,,,,,,,,
1992-09-15 00:00:00,,,,,,,,,,0.0,,,,,,,,,,,,,,,,,,,,,,,,,,,,,,,,,,,,,,,,,,,,
1992-09-15 01:00:00,,,,,,,,,,0.0,,,,,,,,,,,,,,,,,,,,,,,,,,,,,,,,,,,,,,,,,,,,
1992-09-15 02:00:00,1006.9,1010.2,25.6,23.5,88.0,1.5,112.5,,,0.0,0.0,,,,,,,,,,8.0,,,,,,,,,,,,,,,,,,,,,,,,10.0,,,,,,,,,
1992-09-15 03:00:00,,,,,,,,,,0.0,,,,,,,,,,,,,,,,,,,,,,,,,,,,,,,,,,,,,,,,,,,,
1992-09-15 04:00:00,,,,,,,,,,0.0,,,,,,,,,,,,,,,,,,,,,,,,,,,,,,,,,,,,,,,,,,,,
1992-09-15 05:00:00,1007.5,1010.8,25.2,23.2,89.0,0.6,90.0,,,0.0,0.0,,,28.3,28.2,28.5,28.8,,,,4.0,,,,,,,,,,,,,,,,,,,,,29.0,,,10.0,,,,,,,,,
1992-09-15 06:00:00,,,,,,,,,,0.0,,,,,,,,,,,,,,,,,,,,,,,,,,,,,,,,,,,,,,,,,,,,
1992-09-15 07:00:00,,,,,,,,,,0.0,,,,,,,,,,,,,,,,,,,,,,,,,,,,,,,,,,,,,,,,,,,,
1992-09-15 08:00:00,1008.6,1011.9,27.3,23.5,80.0,1.5,135.0,,,0.0,0.0,0.5,,,,,,,,,2.0,,,,,,,,,,,,,,,,,,,,,,,,7.0,,,,,,,,,
1992-09-15 09:00:00,1008.3,1011.6,29.5,24.8,76.0,0.2,0.0,,,0.0,0.0,1.0,,,,,,,,,1.0,,,,,,,,,,,,,,,,,,,,,,,,10.0,,,,,,,,,
1992-09-15 10:00:00,,,,,,,,,,0.0,,,,,,,,,,,,,,,,,,,,,,,,,,,,,,,,,,,,,,,,,,,,
1992-09-15 11:00:00,1008.5,1011.8,29.6,25.0,76.0,3.1,270.0,,,0.0,0.0,1.0,,,,,,,,,2.0,,,,,,,,,,,,,,,,,,,,,,,,10.0,,,,,,,,,
1992-09-15 12:00:00,,,,,,,,,,0.0,,,,,,,,,,,,,,,,,,,,,,,,,,,,,,,,,,,,,,,,,,,,
1992-09-15 13:00:00,,,,,,,,,,0.0,,,,,,,,,,,,,,,,,,,,,,,,,,,,,,,,,,,,,,,,,,,,
1992-09-15 14:00:00,1006.6,1009.9,29.8,24.4,73.0,3.0,315.0,,,0.0,0.0,1.0,,32.8,31.5,30.2,29.5,,,,3.0,,,,,,,,,,,,,,,,,,,,,29.3,,,12.0,,,,,,,,,
1992-09-15 15:00:00,,,,,,,,,,0.0,,,,,,,,,,,,,,,,,,,,,,,,,,,,,,,,,,,,,,,,,,,,
1992-09-15 16:00:00,,,,,,,,,,0.0,,,,,,,,,,,,,,,,,,,,,,,,,,,,,,,,,,,,,,,,,,,,
1992-09-15 17:00:00,1006.5,1009.8,28.7,23.1,72.0,2.4,337.5,,,0.0,0.0,0.0,,,,,,,,,9.0,,,,,,,,,,,,,,,,,,,,,,,,10.0,,,,,,,,,
1992-09-15 18:00:00,,,,,,,,,,0.0,,,,,,,,,,,,,,,,,,,,,,,,,,,,,,,,,,,,,,,,,,,,
1992-09-15 19:00:00,,,,,,,,,,0.0,,,,,,,,,,,,,,,,,,,,,,,,,,,,,,,,,,,,,,,,,,,,
1992-09-15 20:00:00,1007.8,1011.1,27.1,24.3,85.0,2.0,45.0,,,0.0,0.0,,,,,,,,,,4.0,,,,,,,,,,,,,,,,,,,,,,,,6.0,,,,,,,,,
1992-09-15 21:00:00,1008.0,1011.3,27.3,24.0,82.0,1.4,90.0,,,0.0,0.0,,,29.5,29.4,29.6,29.8,,,,2.0,,,,,,,,,,,,,,,,,,,,,29.4,,,6.0,,,,,,,,,
1992-09-15 22:00:00,,,,,,,,,,0.0,,,,,,,,,,,,,,,,,,,,,,,,,,,,,,,,,,,,,,,,,,,,
1992-09-15 23:00:00,1007.6,1010.9,26.5,23.6,84.0,0.4,90.0,,,0.0,0.0,,,,,,,,,,0.0,,,,,,,,,,,,,,,,,,,,,,,,6.0,,,,,,,,,
1992-09-16 00:00:00,,,,,,,,,,0.0,,,,,,,,,,,,,,,,,,,,,,,,,,,,,,,,,,,,,,,,,,,,
1992-09-16 01:00:00,,,,,,,,,,0.0,,,,,,,,,,,,,,,,,,,,,,,,,,,,,,,,,,,,,,,,,,,,
1992-09-16 02:00:00,1005.8,1009.1,26.2,23.0,83.0,3.0,90.0,,,0.0,0.0,,,,,,,,,,0.0,,,,,,,,,,,,,,,,,,,,,,,,6.0,,,,,,,,,
1992-09-16 03:00:00,,,,,,,,,,0.0,,,,,,,,,,,,,,,,,,,,,,,,,,,,,,,,,,,,,,,,,,,,
1992-09-16 04:00:00,,,,,,,,,,0.0,,,,,,,,,,,,,,,,,,,,,,,,,,,,,,,,,,,,,,,,,,,,
1992-09-16 05:00:00,1004.8,1008.1,25.7,22.0,80.0,2.0,90.0,,,0.0,0.0,,,28.1,28.3,28.7,29.1,,,,0.0,,,,,,,,,,,,,,,,,,,,,29.3,,,8.0,,,,,,,,,
1992-09-16 06:00:00,,,,,,,,,,0.0,,,,,,,,,,,,,,,,,,,,,,,,,,,,,,,,,,,,,,,,,,,,
1992-09-16 07:00:00,,,,,,,,,,0.0,,,,,,,,,,,,,,,,,,,,,,,,,,,,,,,,,,,,,,,,,,,,
1992-09-16 08:00:00,1006.9,1010.2,27.5,23.4,78.0,2.3,180.0,,,0.0,0.0,1.0,,,,,,,,,0.0,,,,,,,,,,,,,,,,,,,,,,,,8.0,,,,,,,,,
1992-09-16 09:00:00,1007.1,1010.4,28.5,23.5,74.0,0.2,0.0,,,0.0,0.0,1.0,,,,,,,,,1.0,,,,,,,,,,,,,,,,,,,,,,,,10.0,,,,,,,,,
1992-09-16 10:00:00,,,,,,,,,,0.0,,,,,,,,,,,,,,,,,,,,,,,,,,,,,,,,,,,,,,,,,,,,
1992-09-16 11:00:00,1006.7,1010.0,30.6,22.8,63.0,4.3,22.5,,,0.0,0.0,1.0,,,,,,,,,1.0,,,,,,,,,,,,,,,,,,,,,,,,15.0,,,,,,,,,
1992-09-16 12:00:00,,,,,,,,,,0.0,,,,,,,,,,,,,,,,,,,,,,,,,,,,,,,,,,,,,,,,,,,,
1992-09-16 13:00:00,,,,,,,,,,0.0,,,,,,,,,,,,,,,,,,,,,,,,,,,,,,,,,,,,,,,,,,,,
1992-09-16 14:00:00,1004.5,1007.8,32.2,22.4,56.0,5.8,45.0,,,0.0,0.0,1.0,,31.8,29.8,29.5,29.5,,,,2.0,,,,,,,,,,,,,,,,,,,,,29.3,,,20.0,,,,,,,,,
1992-09-16 15:00:00,,,,,,,,,,0.0,,,,,,,,,,,,,,,,,,,,,,,,,,,,,,,,,,,,,,,,,,,,
1992-09-16 16:00:00,,,,,,,,,,0.0,,,,,,,,,,,,,,,,,,,,,,,,,,,,,,,,,,,,,,,,,,,,
1992-09-16 17:00:00,1003.7,1007.0,29.4,21.4,62.0,6.4,22.5,,,0.0,0.0,1.0,,,,,,,,,2.0,,,,,,,,,,,,,,,,,,,,,,,,18.0,,,,,,,,,
1992-09-16 18:00:00,,,,,,,,,,0.0,,,,,,,,,,,,,,,,,,,,,,,,,,,,,,,,,,,,,,,,,,,,
1992-09-16 19:00:00,,,,,,,,,,0.0,,,,,,,,,,,,,,,,,,,,,,,,,,,,,,,,,,,,,,,,,,,,
1992-09-16 20:00:00,1004.6,1007.9,26.6,18.6,62.0,3.6,112.5,,,0.0,0.0,,,,,,,,,,0.0,,,,,,,,,,,,,,,,,,,,,,,,15.0,,,,,,,,,
1992-09-16 21:00:00,1005.1,1008.4,25.9,18.3,63.0,5.2,67.5,,,0.0,0.0,,,28.1,28.3,29.1,29.1,,,,0.0,,,,,,,,,,,,,,,,,,,,,29.3,,,15.0,,,,,,,,,
1992-09-16 22:00:00,,,,,,,,,,0.0,,,,,,,,,,,,,,,,,,,,,,,,,,,,,,,,,,,,,,,,,,,,
1992-09-16 23:00:00,1005.7,1009.0,25.5,18.8,66.0,0.5,67.5,,,0.0,0.0,,,,,,,,,,0.0,,,,,,,,,,,,,,,,,,,,,,,,12.0,,,,,,,,,
1992-09-17 00:00:00,,,,,,,,,,0.0,,,,,,,,,,,,,,,,,,,,,,,,,,,,,,,,,,,,,,,,,,,,
1992-09-17 01:00:00,,,,,,,,,,0.0,,,,,,,,,,,,,,,,,,,,,,,,,,,,,,,,,,,,,,,,,,,,
1992-09-17 02:00:00,1005.8,1009.1,24.8,20.2,76.0,2.2,45.0,,,0.0,0.0,,,,,,,,,,2.0,,,,,,,,,,,,,,,,,,,,,,,,10.0,,,,,,,,,
1992-09-17 03:00:00,,,,,,,,,,0.0,,,,,,,,,,,,,,,,,,,,,,,,,,,,,,,,,,,,,,,,,,,,
1992-09-17 04:00:00,,,,,,,,,,0.0,,,,,,,,,,,,,,,,,,,,,,,,,,,,,,,,,,,,,,,,,,,,
1992-09-17 05:00:00,1005.8,1009.1,24.7,20.0,75.0,1.8,135.0,,,0.0,0.0,,,27.3,27.3,28.0,28.7,,,,2.0,,,,,,,,,,,,,,,,,,,,,29.0,,,12.0,,,,,,,,,
1992-09-17 06:00:00,,,,,,,,,,0.0,,,,,,,,,,,,,,,,,,,,,,,,,,,,,,,,,,,,,,,,,,,,
1992-09-17 07:00:00,,,,,,,,,,0.0,,,,,,,,,,,,,,,,,,,,,,,,,,,,,,,,,,,,,,,,,,,,
1992-09-17 08:00:00,1007.4,1010.7,27.9,21.5,68.0,3.5,67.5,,,0.0,0.0,0.8,,,,,,,,,4.0,,,,,,,,,,,,,,,,,,,,,,,,12.0,,,,,,,,,
1992-09-17 09:00:00,1007.4,1010.7,29.0,21.6,64.0,5.7,45.0,,,0.0,0.0,0.9,,,,,,,,,1.0,,,,,,,,,,,,,,,,,,,,,,,,15.0,,,,,,,,,
1992-09-17 10:00:00,,,,,,,,,,0.0,,,,,,,,,,,,,,,,,,,,,,,,,,,,,,,,,,,,,,,,,,,,
1992-09-17 11:00:00,1007.0,1010.3,30.6,22.3,61.0,6.3,67.5,,,0.0,0.0,1.0,,,,,,,,,3.0,,,,,,,,,,,,,,,,,,,,,,,,15.0,,,,,,,,,
1992-09-17 12:00:00,,,,,,,,,,0.0,,,,,,,,,,,,,,,,,,,,,,,,,,,,,,,,,,,,,,,,,,,,
1992-09-17 13:00:00,,,,,,,,,,0.0,,,,,,,,,,,,,,,,,,,,,,,,,,,,,,,,,,,,,,,,,,,,
1992-09-17 14:00:00,1005.1,1008.4,31.3,22.5,60.0,6.2,45.0,,,0.0,0.0,1.0,,31.6,30.4,29.5,29.2,,,,2.0,,,,,,,,,,,,,,,,,,,,,29.1,,,15.0,,,,,,,,,
1992-09-17 15:00:00,,,,,,,,,,0.0,,,,,,,,,,,,,,,,,,,,,,,,,,,,,,,,,,,,,,,,,,,,
1992-09-17 16:00:00,,,,,,,,,,0.0,,,,,,,,,,,,,,,,,,,,,,,,,,,,,,,,,,,,,,,,,,,,
1992-09-17 17:00:00,1004.5,1007.8,29.4,21.3,62.0,6.2,67.5,,,0.0,0.0,1.0,,,,,,,,,1.0,,,,,,,,,,,,,,,,,,,,,,,,15.0,,,,,,,,,
1992-09-17 18:00:00,,,,,,,,,,0.0,,,,,,,,,,,,,,,,,,,,,,,,,,,,,,,,,,,,,,,,,,,,
1992-09-17 19:00:00,,,,,,,,,,0.0,,,,,,,,,,,,,,,,,,,,,,,,,,,,,,,,,,,,,,,,,,,,
1992-09-17 20:00:00,1005.9,1009.2,26.8,21.1,71.0,6.2,67.5,,,0.0,0.0,,,,,,,,,,0.0,,,,,,,,,,,,,,,,,,,,,,,,15.0,,,,,,,,,
1992-09-17 21:00:00,1006.2,1009.5,26.5,21.5,74.0,6.9,67.5,,,0.0,0.0,,,28.6,28.2,28.8,29.4,,,,0.0,,,,,,,,,,,,,,,,,,,,,29.2,,,12.0,,,,,,,,,
1992-09-17 22:00:00,,,,,,,,,,0.0,,,,,,,,,,,,,,,,,,,,,,,,,,,,,,,,,,,,,,,,,,,,
1992-09-17 23:00:00,1006.7,1010.0,26.7,21.6,74.0,4.1,90.0,,,0.0,0.0,,,,,,,,,,3.0,,,,,,,,,,,,,,,,,,,,,,,,12.0,,,,,,,,,
1992-09-18 00:00:00,,,,,,,,,,0.0,,,,,,,,,,,,,,,,,,,,,,,,,,,,,,,,,,,,,,,,,,,,
1992-09-18 01:00:00,,,,,,,,,,0.0,,,,,,,,,,,,,,,,,,,,,,,,,,,,,,,,,,,,,,,,,,,,
1992-09-18 02:00:00,1006.4,1009.7,25.7,22.2,81.0,2.5,90.0,,,0.0,0.0,,,,,,,,,,10.0,,,,,,,,,,,,,,,,,,,,,,,,12.0,,,,,,,,,
1992-09-18 03:00:00,,,,,,,,,,0.0,,,,,,,,,,,,,,,,,,,,,,,,,,,,,,,,,,,,,,,,,,,,
1992-09-18 04:00:00,,,,,,,,,,0.0,,,,,,,,,,,,,,,,,,,,,,,,,,,,,,,,,,,,,,,,,,,,
1992-09-18 05:00:00,1006.8,1010.1,25.3,22.0,82.0,1.7,67.5,,,0.0,0.0,,,27.6,27.5,28.0,28.7,,,,8.0,,,,,,,,,,,,,,,,,,,,,29.0,,,12.0,,,,,,,,,
1992-09-18 06:00:00,,,,,,,,,,0.0,,,,,,,,,,,,,,,,,,,,,,,,,,,,,,,,,,,,,,,,,,,,
1992-09-18 07:00:00,,,,,,,,,,0.0,,,,,,,,,,,,,,,,,,,,,,,,,,,,,,,,,,,,,,,,,,,,
1992-09-18 08:00:00,1007.7,1011.0,27.4,22.7,76.0,2.6,90.0,,,0.0,0.0,1.0,,,,,,,,,4.0,,,,,,,,,,,,,,,,,,,,,,,,15.0,,,,,,,,,
1992-09-18 09:00:00,1007.6,1010.9,27.5,22.6,75.0,4.7,67.5,,,0.0,0.0,1.0,,,,,,,,,8.0,,,,,,,,,,,,,,,,,,,,,,,,15.0,,,,,,,,,
1992-09-18 10:00:00,,,,,,,,,,0.0,,,,,,,,,,,,,,,,,,,,,,,,,,,,,,,,,,,,,,,,,,,,
1992-09-18 11:00:00,1007.3,1010.6,31.6,23.9,64.0,4.9,67.5,,,0.0,0.0,0.8,,,,,,,,,8.0,,,,,,,,,,,,,,,,,,,,,,,,18.0,,,,,,,,,
1992-09-18 12:00:00,,,,,,,,,,0.0,,,,,,,,,,,,,,,,,,,,,,,,,,,,,,,,,,,,,,,,,,,,
1992-09-18 13:00:00,,,,,,,,,,0.0,,,,,,,,,,,,,,,,,,,,,,,,,,,,,,,,,,,,,,,,,,,,
1992-09-18 14:00:00,1005.5,1008.8,32.0,23.0,59.0,6.4,45.0,,,0.0,0.0,0.9,,31.8,30.3,29.7,29.4,,,,7.0,,,,,,,,,,,,,,,,,,,,,29.0,,,20.0,,,,,,,,,
1992-09-18 15:00:00,,,,,,,,,,0.0,,,,,,,,,,,,,,,,,,,,,,,,,,,,,,,,,,,,,,,,,,,,
1992-09-18 16:00:00,,,,,,,,,,0.0,,,,,,,,,,,,,,,,,,,,,,,,,,,,,,,,,,,,,,,,,,,,
1992-09-18 17:00:00,1005.1,1008.4,29.0,22.6,68.0,6.5,67.5,,,0.0,0.0,1.0,,,,,,,,,4.0,,,,,,,,,,,,,,,,,,,,,,,,15.0,,,,,,,,,
1992-09-18 18:00:00,,,,,,,,,,0.0,,,,,,,,,,,,,,,,,,,,,,,,,,,,,,,,,,,,,,,,,,,,
1992-09-18 19:00:00,,,,,,,,,,0.0,,,,,,,,,,,,,,,,,,,,,,,,,,,,,,,,,,,,,,,,,,,,
1992-09-18 20:00:00,1007.4,1010.7,27.2,22.1,74.0,4.3,90.0,,,0.0,0.0,,,,,,,,,,2.0,,,,,,,,,,,,,,,,,,,,,,,,12.0,,,,,,,,,
1992-09-18 21:00:00,1007.5,1010.8,27.0,22.2,75.0,6.2,67.5,,,0.0,0.0,,,26.7,28.3,28.9,29.4,,,,2.0,,,,,,,,,,,,,,,,,,,,,29.2,,,12.0,,,,,,,,,
1992-09-18 22:00:00,,,,,,,,,,0.0,,,,,,,,,,,,,,,,,,,,,,,,,,,,,,,,,,,,,,,,,,,,
1992-09-18 23:00:00,1007.7,1011.0,26.7,22.2,76.0,1.7,112.5,,,0.0,0.0,,,,,,,,,,4.0,,,,,,,,,,,,,,,,,,,,,,,,12.0,,,,,,,,,
1992-09-19 00:00:00,,,,,,,,,,0.0,,,,,,,,,,,,,,,,,,,,,,,,,,,,,,,,,,,,,,,,,,,,
1992-09-19 01:00:00,,,,,,,,,,0.0,,,,,,,,,,,,,,,,,,,,,,,,,,,,,,,,,,,,,,,,,,,,
1992-09-19 02:00:00,1007.8,1011.1,25.8,21.6,78.0,4.1,67.5,,,0.0,0.0,,,,,,,,,,9.0,,,,,,,,,,,,,,,,,,,,,,,,10.0,,,,,,,,,
1992-09-19 03:00:00,,,,,,,,,,0.0,,,,,,,,,,,,,,,,,,,,,,,,,,,,,,,,,,,,,,,,,,,,
1992-09-19 04:00:00,,,,,,,,,,0.0,,,,,,,,,,,,,,,,,,,,,,,,,,,,,,,,,,,,,,,,,,,,
1992-09-19 05:00:00,1007.9,1011.2,25.2,21.5,80.0,2.9,90.0,,,0.0,0.0,,,25.4,27.3,28.0,28.7,,,,5.0,,,,,,,,,,,,,,,,,,,,,28.9,,,12.0,,,,,,,,,
1992-09-19 06:00:00,,,,,,,,,,0.0,,,,,,,,,,,,,,,,,,,,,,,,,,,,,,,,,,,,,,,,,,,,
1992-09-19 07:00:00,,,,,,,,,,0.0,,,,,,,,,,,,,,,,,,,,,,,,,,,,,,,,,,,,,,,,,,,,
1992-09-19 08:00:00,1008.3,1011.6,26.7,22.6,78.0,2.7,90.0,,,0.0,0.0,0.0,,,,,,,,,9.0,,,,,,,,,,,,,,,,,,,,,,,,15.0,,,,,,,,,
1992-09-19 09:00:00,1007.6,1010.9,28.4,22.5,70.0,9.7,45.0,,,0.0,0.0,0.5,,,,,,,,,6.0,,,,,,,,,,,,,,,,,,,,,,,,15.0,,,,,,,,,
1992-09-19 10:00:00,,,,,,,,,,0.0,,,,,,,,,,,,,,,,,,,,,,,,,,,,,,,,,,,,,,,,,,,,
1992-09-19 11:00:00,1007.0,1010.3,30.0,22.9,66.0,9.0,67.5,,,0.0,0.0,0.7,,,,,,,,,7.0,,,,,,,,,,,,,,,,,,,,,,,,12.0,,,,,,,,,
1992-09-19 12:00:00,,,,,,,,,,0.0,,,,,,,,,,,,,,,,,,,,,,,,,,,,,,,,,,,,,,,,,,,,
1992-09-19 13:00:00,,,,,,,,,,0.0,,,,,,,,,,,,,,,,,,,,,,,,,,,,,,,,,,,,,,,,,,,,
1992-09-19 14:00:00,1006.0,1009.3,30.5,23.5,66.0,8.7,67.5,,,0.0,0.0,1.0,,32.1,30.6,29.0,28.9,,,,4.0,,,,,,,,,,,,,,,,,,,,,29.0,,,12.0,,,,,,,,,
1992-09-19 15:00:00,,,,,,,,,,0.0,,,,,,,,,,,,,,,,,,,,,,,,,,,,,,,,,,,,,,,,,,,,
1992-09-19 16:00:00,,,,,,,,,,0.0,,,,,,,,,,,,,,,,,,,,,,,,,,,,,,,,,,,,,,,,,,,,
1992-09-19 17:00:00,1006.7,1010.0,28.3,22.1,69.0,9.1,67.5,,,0.0,0.0,1.0,,,,,,,,,3.0,,,,,,,,,,,,,,,,,,,,,,,,15.0,,,,,,,,,
1992-09-19 18:00:00,,,,,,,,,,0.0,,,,,,,,,,,,,,,,,,,,,,,,,,,,,,,,,,,,,,,,,,,,
1992-09-19 19:00:00,,,,,,,,,,0.0,,,,,,,,,,,,,,,,,,,,,,,,,,,,,,,,,,,,,,,,,,,,
1992-09-19 20:00:00,1008.5,1011.8,26.8,21.6,73.0,6.4,90.0,,,0.0,0.0,,,,,,,,,,2.0,,,,,,,,,,,,,,,,,,,,,,,,12.0,,,,,,,,,
1992-09-19 21:00:00,1008.4,1011.7,26.4,21.7,75.0,7.0,67.5,,,0.0,0.0,,,27.6,27.9,28.6,29.0,,,,2.0,,,,,,,,,,,,,,,,,,,,,29.0,,,12.0,,,,,,,,,
1992-09-19 22:00:00,,,,,,,,,,0.0,,,,,,,,,,,,,,,,,,,,,,,,,,,,,,,,,,,,,,,,,,,,
1992-09-19 23:00:00,1008.3,1011.6,26.4,21.4,74.0,6.3,67.5,,,0.0,0.0,,,,,,,,,,1.0,,,,,,,,,,,,,,,,,,,,,,,,12.0,,,,,,,,,
1992-09-20 00:00:00,,,,,,,,,,0.0,,,,,,,,,,,,,,,,,,,,,,,,,,,,,,,,,,,,,,,,,,,,
1992-09-20 01:00:00,,,,,,,,,,0.0,,,,,,,,,,,,,,,,,,,,,,,,,,,,,,,,,,,,,,,,,,,,
1992-09-20 02:00:00,1006.8,1010.1,26.1,21.6,76.0,5.2,67.5,,,0.0,0.0,,,,,,,,,,1.0,,,,,,,,,,,,,,,,,,,,,,,,12.0,,,,,,,,,
1992-09-20 03:00:00,,,,,,,,,,0.0,,,,,,,,,,,,,,,,,,,,,,,,,,,,,,,,,,,,,,,,,,,,
1992-09-20 04:00:00,,,,,,,,,,0.0,,,,,,,,,,,,,,,,,,,,,,,,,,,,,,,,,,,,,,,,,,,,
1992-09-20 05:00:00,1006.1,1009.4,26.0,21.8,78.0,8.5,67.5,,,0.0,0.0,,,26.9,27.1,27.8,28.5,,,,2.0,,,,,,,,,,,,,,,,,,,,,28.8,,,12.0,,,,,,,,,
1992-09-20 06:00:00,,,,,,,,,,0.0,,,,,,,,,,,,,,,,,,,,,,,,,,,,,,,,,,,,,,,,,,,,
1992-09-20 07:00:00,,,,,,,,,,0.0,,,,,,,,,,,,,,,,,,,,,,,,,,,,,,,,,,,,,,,,,,,,
1992-09-20 08:00:00,1006.7,1010.0,28.1,22.3,71.0,10.0,45.0,,,0.0,0.0,1.0,,,,,,,,,2.0,,,,,,,,,,,,,,,,,,,,,,,,12.0,,,,,,,,,
1992-09-20 09:00:00,1006.2,1009.5,29.2,22.6,68.0,10.2,67.5,,,0.0,0.0,1.0,,,,,,,,,2.0,,,,,,,,,,,,,,,,,,,,,,,,12.0,,,,,,,,,
1992-09-20 10:00:00,,,,,,,,,,0.0,,,,,,,,,,,,,,,,,,,,,,,,,,,,,,,,,,,,,,,,,,,,
1992-09-20 11:00:00,1005.9,1009.2,30.2,23.4,67.0,11.6,45.0,,,0.0,0.0,1.0,,,,,,,,,3.0,,,,,,,,,,,,,,,,,,,,,,,,12.0,,,,,,,,,
1992-09-20 12:00:00,,,,,,,,,,0.0,,,,,,,,,,,,,,,,,,,,,,,,,,,,,,,,,,,,,,,,,,,,
1992-09-20 13:00:00,,,,,,,,,,0.0,,,,,,,,,,,,,,,,,,,,,,,,,,,,,,,,,,,,,,,,,,,,
1992-09-20 14:00:00,1002.7,1006.0,31.3,24.0,65.0,12.6,45.0,,,0.0,0.0,1.0,,31.2,29.8,29.2,28.9,,,,3.0,,,,,,,,,,,,,,,,,,,,,28.8,,,15.0,,,,,,,,,
1992-09-20 15:00:00,,,,,,,,,,0.0,,,,,,,,,,,,,,,,,,,,,,,,,,,,,,,,,,,,,,,,,,,,
1992-09-20 16:00:00,,,,,,,,,,0.0,,,,,,,,,,,,,,,,,,,,,,,,,,,,,,,,,,,,,,,,,,,,
1992-09-20 17:00:00,1003.4,1006.7,28.9,23.5,73.0,11.4,45.0,,,0.0,0.0,1.0,,,,,,,,,5.0,,,,,,,,,,,,,,,,,,,,,,,,15.0,,,,,,,,,
1992-09-20 18:00:00,,,,,,,,,,0.0,,,,,,,,,,,,,,,,,,,,,,,,,,,,,,,,,,,,,,,,,,,,
1992-09-20 19:00:00,,,,,,,,,,0.0,,,,,,,,,,,,,,,,,,,,,,,,,,,,,,,,,,,,,,,,,,,,
1992-09-20 20:00:00,1004.7,1008.0,26.9,23.3,81.0,6.6,45.0,,,0.0,0.0,,,,,,,,,,6.0,,,,,,,,,,,,,,,,,,,,,,,,12.0,,,,,,,,,
1992-09-20 21:00:00,1004.1,1007.4,26.8,23.5,82.0,8.6,45.0,,,0.0,0.0,,,27.8,28.1,28.7,29.1,,,,6.0,,,,,,,,,,,,,,,,,,,,,29.0,,,12.0,,,,,,,,,
1992-09-20 22:00:00,,1007.4,26.5,23.3,83.0,,,,,0.0,,,,,,,,,,,,,,,,,,,,,,,,,,,,,,,,,,,,,,,,,,,,
1992-09-20 23:00:00,1003.3,1006.6,26.7,22.3,77.0,9.4,67.5,,,0.0,0.0,,,,,,,,,,8.0,,,,,,,,,,,,,,,,,,,,,,,,12.0,,,,,,,,,
1992-09-21 00:00:00,,1006.3,26.0,22.7,82.0,,,,,0.0,,,,,,,,,,,,,,,,,,,,,,,,,,,,,,,,,,,,,,,,,,,,
1992-09-21 01:00:00,,1005.5,25.8,23.1,85.0,,,,,0.0,,,,,,,,,,,,,,,,,,,,,,,,,,,,,,,,,,,,,,,,,,,,
1992-09-21 02:00:00,1001.4,1004.7,26.3,23.0,82.0,8.1,45.0,,,0.0,0.0,,,,,,,,,,10.0,,,,,,,,,,,,,,,,,,,,,,,,12.0,,,,,,,,,
1992-09-21 03:00:00,,1004.3,26.4,22.9,81.0,,,,,0.0,,,,,,,,,,,,,,,,,,,,,,,,,,,,,,,,,,,,,,,,,,,,
1992-09-21 04:00:00,,1004.1,26.5,22.8,80.0,,,,,0.0,,,,,,,,,,,,,,,,,,,,,,,,,,,,,,,,,,,,,,,,,,,,
1992-09-21 05:00:00,1000.8,1004.1,26.5,23.1,82.0,8.9,45.0,,,0.0,0.0,,,27.0,27.4,28.0,28.5,,,,8.0,,,,,,,,,,,,,,,,,,,,,28.8,,,12.0,,,,,,,,,
1992-09-21 06:00:00,,1004.0,26.6,23.1,81.0,,,,,0.0,,,,,,,,,,,,,,,,,,,,,,,,,,,,,,,,,,,,,,,,,,,,
1992-09-21 07:00:00,,1004.7,25.9,23.1,85.0,,,,,0.0,,,,,,,,,,,,,,,,,,,,,,,,,,,,,,,,,,,,,,,,,,,,
1992-09-21 08:00:00,1001.3,1004.6,25.4,22.9,86.0,9.4,45.0,,,1.3,0.5,0.0,,,,,,,,,10.0,,,,,,,,,,,,,,,,,,,,,,,,8.0,,,,,,,,,
1992-09-21 09:00:00,1000.4,1003.7,25.9,22.4,81.0,9.5,67.5,,,0.3,0.4,0.0,,,,,,,,,10.0,,,,,,,,,,,,,,,,,,,,,,,,18.0,,,,,,,,,
1992-09-21 10:00:00,,1003.3,27.7,23.0,76.0,,,,,0.0,,,,,,,,,,,,,,,,,,,,,,,,,,,,,,,,,,,,,,,,,,,,
1992-09-21 11:00:00,999.9,1003.2,28.5,23.4,74.0,11.6,67.5,,,0.0,0.0,0.6,,,,,,,,,10.0,,,,,,,,,,,,,,,,,,,,,,,,18.0,,,,,,,,,
1992-09-21 12:00:00,,1002.4,26.6,22.6,79.0,,,,,0.0,,,,,,,,,,,,,,,,,,,,,,,,,,,,,,,,,,,,,,,,,,,,
1992-09-21 13:00:00,,1000.9,26.1,22.1,79.0,,,,,0.0,,,,,,,,,,,,,,,,,,,,,,,,,,,,,,,,,,,,,,,,,,,,
1992-09-21 14:00:00,996.3,999.6,26.0,22.8,83.0,8.7,45.0,,,0.0,0.0,0.0,,28.1,28.0,28.0,28.4,,,,10.0,,,,,,,,,,,,,,,,,,,,,28.5,,,15.0,,,,,,,,,
1992-09-21 15:00:00,,998.4,26.4,22.3,78.0,,,,,0.0,,,,,,,,,,,,,,,,,,,,,,,,,,,,,,,,,,,,,,,,,,,,
1992-09-21 16:00:00,,998.6,26.7,22.5,78.0,,,,,0.0,,,,,,,,,,,,,,,,,,,,,,,,,,,,,,,,,,,,,,,,,,,,
1992-09-21 17:00:00,995.6,998.8,26.9,22.3,76.0,9.8,45.0,,,0.0,0.0,0.0,,,,,,,,,10.0,,,,,,,,,,,,,,,,,,,,,,,,15.0,,,,,,,,,
1992-09-21 18:00:00,,998.9,26.2,22.2,79.0,,,,,0.0,,,,,,,,,,,,,,,,,,,,,,,,,,,,,,,,,,,,,,,,,,,,
1992-09-21 19:00:00,,999.5,26.0,22.0,79.0,,,,,0.0,,,,,,,,,,,,,,,,,,,,,,,,,,,,,,,,,,,,,,,,,,,,
1992-09-21 20:00:00,996.3,999.6,26.1,22.3,80.0,10.1,45.0,,,0.0,0.0,,,,,,,,,,10.0,,,,,,,,,,,,,,,,,,,,,,,,12.0,,,,,,,,,
1992-09-21 21:00:00,996.3,999.6,25.7,22.2,81.0,9.3,67.5,,,0.0,0.0,,,26.2,26.8,27.5,28.0,,,,10.0,,,,,,,,,,,,,,,,,,,,,28.4,,,10.0,,,,,,,,,
1992-09-21 22:00:00,,998.8,26.0,22.4,81.0,,,,,0.0,,,,,,,,,,,,,,,,,,,,,,,,,,,,,,,,,,,,,,,,,,,,
1992-09-21 23:00:00,994.8,998.0,26.2,22.4,80.0,10.1,67.5,,,0.0,0.0,,,,,,,,,,9.0,,,,,,,,,,,,,,,,,,,,,,,,10.0,,,,,,,,,
1992-09-22 00:00:00,,997.5,25.1,22.4,85.0,,,,,0.6,,,,,,,,,,,,,,,,,,,,,,,,,,,,,,,,,,,,,,,,,,,,
1992-09-22 01:00:00,,995.8,25.7,22.3,82.0,,,,,-9.8,,,,,,,,,,,,,,,,,,,,,,,,,,,,,,,,,,,,,,,,,,,,
1992-09-22 02:00:00,992.1,995.3,26.3,21.7,76.0,11.2,67.5,,,0.0,0.0,,,,,,,,,,10.0,,,,,,,,,,,,,,,,,,,,,,,,10.0,,,,,,,,,
1992-09-22 03:00:00,,994.6,26.0,22.1,79.0,,,,,0.0,,,,,,,,,,,,,,,,,,,,,,,,,,,,,,,,,,,,,,,,,,,,
1992-09-22 04:00:00,,993.8,25.7,21.4,77.0,,,,,0.0,,,,,,,,,,,,,,,,,,,,,,,,,,,,,,,,,,,,,,,,,,,,
1992-09-22 05:00:00,991.1,994.4,24.2,23.5,96.0,9.8,67.5,,,1.5,0.4,,,25.6,25.8,27.0,27.7,,,,10.0,,,,,,,,,,,,,,,,,,,,,28.0,,,8.0,,,,,,,,,
1992-09-22 06:00:00,,994.4,24.1,22.5,91.0,,,,,0.6,,,,,,,,,,,,,,,,,,,,,,,,,,,,,,,,,,,,,,,,,,,,
1992-09-22 07:00:00,,993.7,24.8,23.0,90.0,,,,,0.9,,,,,,,,,,,,,,,,,,,,,,,,,,,,,,,,,,,,,,,,,,,,
1992-09-22 08:00:00,990.3,993.5,25.9,22.9,84.0,10.7,45.0,,,-9.8,1.0,0.0,,,,,,,,,10.0,,,,,,,,,,,,,,,,,,,,,,,,8.0,,,,,,,,,
1992-09-22 09:00:00,989.8,993.0,25.3,23.2,88.0,11.1,45.0,,,0.7,1.0,0.0,,,,,,,,,10.0,,,,,,,,,,,,,,,,,,,,,,,,8.0,,,,,,,,,
1992-09-22 10:00:00,,992.5,25.5,23.4,88.0,,,,,0.3,,,,,,,,,,,,,,,,,,,,,,,,,,,,,,,,,,,,,,,,,,,,
1992-09-22 11:00:00,988.8,992.0,26.4,23.5,84.0,10.2,45.0,,,-9.8,1.0,0.0,,,,,,,,,10.0,,,,,,,,,,,,,,,,,,,,,,,,8.0,,,,,,,,,
1992-09-22 12:00:00,,990.8,26.0,23.3,85.0,,,,,0.1,,,,,,,,,,,,,,,,,,,,,,,,,,,,,,,,,,,,,,,,,,,,
1992-09-22 13:00:00,,990.1,25.0,24.5,97.0,,,,,1.8,,,,,,,,,,,,,,,,,,,,,,,,,,,,,,,,,,,,,,,,,,,,
1992-09-22 14:00:00,986.6,989.8,24.9,23.4,91.0,3.6,112.5,,,0.6,1.0,0.0,,26.3,26.5,27.0,27.5,,,,10.0,,,,,,,,,,,,,,,,,,,,,27.8,,,8.0,,,,,,,,,
1992-09-22 15:00:00,,989.6,26.3,23.8,86.0,,,,,0.5,,,,,,,,,,,,,,,,,,,,,,,,,,,,,,,,,,,,,,,,,,,,
1992-09-22 16:00:00,,989.7,25.4,23.6,90.0,,,,,1.9,,,,,,,,,,,,,,,,,,,,,,,,,,,,,,,,,,,,,,,,,,,,
1992-09-22 17:00:00,986.4,989.6,24.1,23.2,95.0,3.1,247.5,,,6.7,1.0,0.0,,,,,,,,,10.0,,,,,,,,,,,,,,,,,,,,,,,,3.0,,,,,,,,,
1992-09-22 18:00:00,,990.0,24.2,23.0,93.0,,,,,1.4,,,,,,,,,,,,,,,,,,,,,,,,,,,,,,,,,,,,,,,,,,,,
1992-09-22 19:00:00,,990.4,24.1,22.8,92.0,,,,,1.6,,,,,,,,,,,,,,,,,,,,,,,,,,,,,,,,,,,,,,,,,,,,
1992-09-22 20:00:00,987.8,991.0,23.8,22.6,93.0,0.7,90.0,,,3.4,1.0,,,,,,,,,,10.0,,,,,,,,,,,,,,,,,,,,,,,,3.0,,,,,,,,,
1992-09-22 21:00:00,988.4,991.6,23.8,22.9,95.0,0.9,135.0,,,1.1,1.0,,,26.0,26.2,26.5,27.1,,,,10.0,,,,,,,,,,,,,,,,,,,,,27.6,,,3.0,,,,,,,,,
1992-09-22 22:00:00,,991.7,24.1,23.1,94.0,,,,,0.4,,,,,,,,,,,,,,,,,,,,,,,,,,,,,,,,,,,,,,,,,,,,
1992-09-22 23:00:00,988.4,991.6,24.0,23.0,94.0,2.2,112.5,,,0.5,1.0,,,,,,,,,,10.0,,,,,,,,,,,,,,,,,,,,,,,,3.0,,,,,,,,,
1992-09-23 00:00:00,,992.9,24.0,23.0,94.0,,,,,0.2,,,,,,,,,,,,,,,,,,,,,,,,,,,,,,,,,,,,,,,,,,,,
1992-09-23 01:00:00,,993.3,24.4,23.1,92.0,,,,,3.7,,,,,,,,,,,,,,,,,,,,,,,,,,,,,,,,,,,,,,,,,,,,
1992-09-23 02:00:00,990.4,993.7,24.0,22.6,92.0,5.5,225.0,,,5.7,1.0,,,,,,,,,,10.0,,,,,,,,,,,,,,,,,,,,,,,,3.0,,,,,,,,,
1992-09-23 03:00:00,,995.1,23.4,22.5,95.0,,,,,6.4,,,,,,,,,,,,,,,,,,,,,,,,,,,,,,,,,,,,,,,,,,,,
1992-09-23 04:00:00,,996.5,23.6,22.1,91.0,,,,,4.8,,,,,,,,,,,,,,,,,,,,,,,,,,,,,,,,,,,,,,,,,,,,
1992-09-23 05:00:00,993.8,997.1,24.1,22.0,88.0,6.5,225.0,,,2.3,1.0,,,25.0,25.8,26.2,27.0,,,,10.0,,,,,,,,,,,,,,,,,,,,,27.5,,,3.0,,,,,,,,,
1992-09-23 06:00:00,,998.1,24.8,21.8,83.0,,,,,0.2,,,,,,,,,,,,,,,,,,,,,,,,,,,,,,,,,,,,,,,,,,,,
1992-09-23 07:00:00,,999.0,25.9,21.7,78.0,,,,,-9.8,,,,,,,,,,,,,,,,,,,,,,,,,,,,,,,,,,,,,,,,,,,,
1992-09-23 08:00:00,996.7,999.9,26.9,21.7,73.0,4.8,225.0,,,-9.8,0.1,0.0,,,,,,,,,10.0,,,,,,,,,,,,,,,,,,,,,,,,12.0,,,,,,,,,
1992-09-23 09:00:00,997.3,1000.6,27.8,22.5,73.0,4.5,247.5,,,0.0,0.0,0.0,,,,,,,,,9.0,,,,,,,,,,,,,,,,,,,,,,,,15.0,,,,,,,,,
1992-09-23 10:00:00,,,,,,,,,,0.0,,,,,,,,,,,,,,,,,,,,,,,,,,,,,,,,,,,,,,,,,,,,
1992-09-23 11:00:00,997.7,1001.0,30.7,22.1,60.0,5.7,225.0,,,0.0,0.0,0.8,,,,,,,,,9.0,,,,,,,,,,,,,,,,,,,,,,,,15.0,,,,,,,,,
1992-09-23 12:00:00,,,,,,,,,,0.0,,,,,,,,,,,,,,,,,,,,,,,,,,,,,,,,,,,,,,,,,,,,
1992-09-23 13:00:00,,,,,,,,,,0.0,,,,,,,,,,,,,,,,,,,,,,,,,,,,,,,,,,,,,,,,,,,,
1992-09-23 14:00:00,997.2,1000.4,31.3,22.1,58.0,6.7,225.0,,,0.0,0.0,1.0,,28.6,27.4,27.2,27.2,,,,7.0,,,,,,,,,,,,,,,,,,,,,27.2,,,18.0,,,,,,,,,
1992-09-23 15:00:00,,,,,,,,,,0.0,,,,,,,,,,,,,,,,,,,,,,,,,,,,,,,,,,,,,,,,,,,,
1992-09-23 16:00:00,,,,,,,,,,0.0,,,,,,,,,,,,,,,,,,,,,,,,,,,,,,,,,,,,,,,,,,,,
1992-09-23 17:00:00,998.8,1002.1,30.0,21.4,60.0,4.6,247.5,,,0.0,0.0,1.0,,,,,,,,,9.0,,,,,,,,,,,,,,,,,,,,,,,,15.0,,,,,,,,,
1992-09-23 18:00:00,,,,,,,,,,0.0,,,,,,,,,,,,,,,,,,,,,,,,,,,,,,,,,,,,,,,,,,,,
1992-09-23 19:00:00,,,,,,,,,,0.0,,,,,,,,,,,,,,,,,,,,,,,,,,,,,,,,,,,,,,,,,,,,
1992-09-23 20:00:00,1001.3,1004.6,27.7,21.9,71.0,4.9,270.0,,,0.0,0.0,,,,,,,,,,1.0,,,,,,,,,,,,,,,,,,,,,,,,12.0,,,,,,,,,
1992-09-23 21:00:00,1002.0,1005.3,27.9,21.1,66.0,5.9,270.0,,,0.0,0.0,,,26.4,26.8,27.3,27.5,,,,1.0,,,,,,,,,,,,,,,,,,,,,27.4,,,12.0,,,,,,,,,
1992-09-23 22:00:00,,,,,,,,,,0.0,,,,,,,,,,,,,,,,,,,,,,,,,,,,,,,,,,,,,,,,,,,,
1992-09-23 23:00:00,1002.9,1006.2,27.7,21.2,68.0,5.7,247.5,,,0.0,0.0,,,,,,,,,,0.0,,,,,,,,,,,,,,,,,,,,,,,,15.0,,,,,,,,,
1992-09-24 00:00:00,,,,,,,,,,0.0,,,,,,,,,,,,,,,,,,,,,,,,,,,,,,,,,,,,,,,,,,,,
1992-09-24 01:00:00,,,,,,,,,,0.0,,,,,,,,,,,,,,,,,,,,,,,,,,,,,,,,,,,,,,,,,,,,
1992-09-24 02:00:00,1002.5,1005.8,27.3,21.5,71.0,5.3,247.5,,,0.0,0.0,,,,,,,,,,3.0,,,,,,,,,,,,,,,,,,,,,,,,12.0,,,,,,,,,
1992-09-24 03:00:00,,,,,,,,,,0.0,,,,,,,,,,,,,,,,,,,,,,,,,,,,,,,,,,,,,,,,,,,,
1992-09-24 04:00:00,,,,,,,,,,0.0,,,,,,,,,,,,,,,,,,,,,,,,,,,,,,,,,,,,,,,,,,,,
1992-09-24 05:00:00,1003.1,1006.4,26.3,22.4,79.0,5.1,247.5,,,0.0,0.0,,,25.7,26.0,26.8,27.2,,,,4.0,,,,,,,,,,,,,,,,,,,,,27.2,,,12.0,,,,,,,,,
1992-09-24 06:00:00,,,,,,,,,,0.0,,,,,,,,,,,,,,,,,,,,,,,,,,,,,,,,,,,,,,,,,,,,
1992-09-24 07:00:00,,,,,,,,,,0.0,,,,,,,,,,,,,,,,,,,,,,,,,,,,,,,,,,,,,,,,,,,,
1992-09-24 08:00:00,1005.7,1009.0,27.9,23.0,75.0,5.7,247.5,,,0.0,0.0,1.0,,,,,,,,,2.0,,,,,,,,,,,,,,,,,,,,,,,,18.0,,,,,,,,,
1992-09-24 09:00:00,1006.2,1009.5,28.7,23.7,74.0,5.9,247.5,,,0.0,0.0,1.0,,,,,,,,,3.0,,,,,,,,,,,,,,,,,,,,,,,,15.0,,,,,,,,,
1992-09-24 10:00:00,,,,,,,,,,0.0,,,,,,,,,,,,,,,,,,,,,,,,,,,,,,,,,,,,,,,,,,,,
1992-09-24 11:00:00,1006.2,1009.5,29.1,23.2,71.0,6.2,270.0,,,0.0,0.0,1.0,,,,,,,,,3.0,,,,,,,,,,,,,,,,,,,,,,,,15.0,,,,,,,,,
1992-09-24 12:00:00,,,,,,,,,,0.0,,,,,,,,,,,,,,,,,,,,,,,,,,,,,,,,,,,,,,,,,,,,
1992-09-24 13:00:00,,,,,,,,,,0.0,,,,,,,,,,,,,,,,,,,,,,,,,,,,,,,,,,,,,,,,,,,,
1992-09-24 14:00:00,1005.0,1008.3,29.4,23.9,72.0,4.0,270.0,,,0.0,0.0,1.0,,29.8,28.7,28.0,27.6,,,,2.0,,,,,,,,,,,,,,,,,,,,,27.5,,,15.0,,,,,,,,,
1992-09-24 15:00:00,,,,,,,,,,0.0,,,,,,,,,,,,,,,,,,,,,,,,,,,,,,,,,,,,,,,,,,,,
1992-09-24 16:00:00,,,,,,,,,,0.0,,,,,,,,,,,,,,,,,,,,,,,,,,,,,,,,,,,,,,,,,,,,
1992-09-24 17:00:00,1006.2,1009.5,27.9,22.3,72.0,1.3,292.5,,,0.0,0.0,0.0,,,,,,,,,10.0,,,,,,,,,,,,,,,,,,,,,,,,15.0,,,,,,,,,
1992-09-24 18:00:00,,,,,,,,,,0.0,,,,,,,,,,,,,,,,,,,,,,,,,,,,,,,,,,,,,,,,,,,,
1992-09-24 19:00:00,,,,,,,,,,0.0,,,,,,,,,,,,,,,,,,,,,,,,,,,,,,,,,,,,,,,,,,,,
1992-09-24 20:00:00,1007.7,1011.0,26.5,22.5,79.0,1.6,112.5,,,0.0,0.0,,,,,,,,,,9.0,,,,,,,,,,,,,,,,,,,,,,,,15.0,,,,,,,,,
1992-09-24 21:00:00,1008.2,1011.5,26.4,22.2,78.0,2.1,112.5,,,0.0,0.0,,,27.2,27.5,27.8,28.0,,,,9.0,,,,,,,,,,,,,,,,,,,,,27.8,,,15.0,,,,,,,,,
1992-09-24 22:00:00,,,,,,,,,,0.0,,,,,,,,,,,,,,,,,,,,,,,,,,,,,,,,,,,,,,,,,,,,
1992-09-24 23:00:00,1007.7,1011.0,25.4,21.0,77.0,1.8,90.0,,,0.0,0.0,,,,,,,,,,4.0,,,,,,,,,,,,,,,,,,,,,,,,12.0,,,,,,,,,
1992-09-25 00:00:00,,,,,,,,,,0.0,,,,,,,,,,,,,,,,,,,,,,,,,,,,,,,,,,,,,,,,,,,,
1992-09-25 01:00:00,,,,,,,,,,0.0,,,,,,,,,,,,,,,,,,,,,,,,,,,,,,,,,,,,,,,,,,,,
1992-09-25 02:00:00,1006.2,1009.5,24.5,20.3,77.0,1.8,67.5,,,0.0,0.0,,,,,,,,,,3.0,,,,,,,,,,,,,,,,,,,,,,,,12.0,,,,,,,,,
1992-09-25 03:00:00,,,,,,,,,,0.0,,,,,,,,,,,,,,,,,,,,,,,,,,,,,,,,,,,,,,,,,,,,
1992-09-25 04:00:00,,,,,,,,,,0.0,,,,,,,,,,,,,,,,,,,,,,,,,,,,,,,,,,,,,,,,,,,,
1992-09-25 05:00:00,1006.3,1009.6,26.1,19.7,68.0,3.4,45.0,,,0.0,0.0,,,25.2,25.5,27.1,27.5,,,,3.0,,,,,,,,,,,,,,,,,,,,,27.7,,,12.0,,,,,,,,,
1992-09-25 06:00:00,,,,,,,,,,0.0,,,,,,,,,,,,,,,,,,,,,,,,,,,,,,,,,,,,,,,,,,,,
1992-09-25 07:00:00,,,,,,,,,,0.0,,,,,,,,,,,,,,,,,,,,,,,,,,,,,,,,,,,,,,,,,,,,
1992-09-25 08:00:00,1007.8,1011.1,28.2,20.8,64.0,7.4,67.5,,,0.0,0.0,1.0,,,,,,,,,4.0,,,,,,,,,,,,,,,,,,,,,,,,15.0,,,,,,,,,
1992-09-25 09:00:00,1008.1,1011.4,28.9,20.9,62.0,7.7,67.5,,,0.0,0.0,1.0,,,,,,,,,5.0,,,,,,,,,,,,,,,,,,,,,,,,15.0,,,,,,,,,
1992-09-25 10:00:00,,,,,,,,,,0.0,,,,,,,,,,,,,,,,,,,,,,,,,,,,,,,,,,,,,,,,,,,,
1992-09-25 11:00:00,1008.2,1011.5,29.5,20.9,60.0,8.7,67.5,,,0.0,0.0,1.0,,,,,,,,,8.0,,,,,,,,,,,,,,,,,,,,,,,,15.0,,,,,,,,,
1992-09-25 12:00:00,,,,,,,,,,0.0,,,,,,,,,,,,,,,,,,,,,,,,,,,,,,,,,,,,,,,,,,,,
1992-09-25 13:00:00,,,,,,,,,,0.0,,,,,,,,,,,,,,,,,,,,,,,,,,,,,,,,,,,,,,,,,,,,
1992-09-25 14:00:00,1006.7,1010.0,29.6,22.0,64.0,6.9,67.5,,,0.0,0.0,1.0,,28.6,28.1,28.0,27.8,,,,8.0,,,,,,,,,,,,,,,,,,,,,27.6,,,15.0,,,,,,,,,
1992-09-25 15:00:00,,,,,,,,,,0.0,,,,,,,,,,,,,,,,,,,,,,,,,,,,,,,,,,,,,,,,,,,,
1992-09-25 16:00:00,,,,,,,,,,0.0,,,,,,,,,,,,,,,,,,,,,,,,,,,,,,,,,,,,,,,,,,,,
1992-09-25 17:00:00,1008.2,1011.5,27.1,20.3,66.0,6.3,67.5,,,0.0,0.0,0.0,,,,,,,,,5.0,,,,,,,,,,,,,,,,,,,,,,,,12.0,,,,,,,,,
1992-09-25 18:00:00,,,,,,,,,,0.0,,,,,,,,,,,,,,,,,,,,,,,,,,,,,,,,,,,,,,,,,,,,
1992-09-25 19:00:00,,,,,,,,,,0.0,,,,,,,,,,,,,,,,,,,,,,,,,,,,,,,,,,,,,,,,,,,,
1992-09-25 20:00:00,1010.5,1013.9,25.4,18.5,66.0,6.4,67.5,,,0.0,0.0,,,,,,,,,,2.0,,,,,,,,,,,,,,,,,,,,,,,,10.0,,,,,,,,,
1992-09-25 21:00:00,1011.3,1014.7,25.0,19.2,70.0,6.6,67.5,,,0.0,0.0,,,26.6,26.6,27.4,27.8,,,,2.0,,,,,,,,,,,,,,,,,,,,,27.8,,,10.0,,,,,,,,,
1992-09-25 22:00:00,,,,,,,,,,0.0,,,,,,,,,,,,,,,,,,,,,,,,,,,,,,,,,,,,,,,,,,,,
1992-09-25 23:00:00,1011.4,1014.8,24.5,18.0,67.0,5.2,90.0,,,0.0,0.0,,,,,,,,,,2.0,,,,,,,,,,,,,,,,,,,,,,,,10.0,,,,,,,,,
1992-09-26 00:00:00,,,,,,,,,,0.0,,,,,,,,,,,,,,,,,,,,,,,,,,,,,,,,,,,,,,,,,,,,
1992-09-26 01:00:00,,,,,,,,,,0.0,,,,,,,,,,,,,,,,,,,,,,,,,,,,,,,,,,,,,,,,,,,,
1992-09-26 02:00:00,1010.7,1014.1,23.7,18.7,74.0,6.1,67.5,,,0.0,0.0,,,,,,,,,,2.0,,,,,,,,,,,,,,,,,,,,,,,,10.0,,,,,,,,,
1992-09-26 03:00:00,,,,,,,,,,0.0,,,,,,,,,,,,,,,,,,,,,,,,,,,,,,,,,,,,,,,,,,,,
1992-09-26 04:00:00,,,,,,,,,,0.0,,,,,,,,,,,,,,,,,,,,,,,,,,,,,,,,,,,,,,,,,,,,
1992-09-26 05:00:00,1011.3,1014.7,22.5,16.8,70.0,6.1,67.5,,,0.0,0.0,,,24.4,25.5,26.3,27.0,,,,2.0,,,,,,,,,,,,,,,,,,,,,27.4,,,10.0,,,,,,,,,
1992-09-26 06:00:00,,,,,,,,,,0.0,,,,,,,,,,,,,,,,,,,,,,,,,,,,,,,,,,,,,,,,,,,,
1992-09-26 07:00:00,,,,,,,,,,0.0,,,,,,,,,,,,,,,,,,,,,,,,,,,,,,,,,,,,,,,,,,,,
1992-09-26 08:00:00,1012.8,1016.2,24.3,17.0,64.0,8.5,67.5,,,0.0,0.0,1.0,,,,,,,,,5.0,,,,,,,,,,,,,,,,,,,,,,,,15.0,,,,,,,,,
1992-09-26 09:00:00,1013.1,1016.5,25.4,17.0,60.0,7.5,45.0,,,0.0,0.0,1.0,,,,,,,,,5.0,,,,,,,,,,,,,,,,,,,,,,,,18.0,,,,,,,,,
1992-09-26 10:00:00,,,,,,,,,,0.0,,,,,,,,,,,,,,,,,,,,,,,,,,,,,,,,,,,,,,,,,,,,
1992-09-26 11:00:00,1012.4,1015.7,26.0,18.4,63.0,6.6,45.0,,,0.0,0.0,0.5,,,,,,,,,6.0,,,,,,,,,,,,,,,,,,,,,,,,15.0,,,,,,,,,
1992-09-26 12:00:00,,,,,,,,,,0.0,,,,,,,,,,,,,,,,,,,,,,,,,,,,,,,,,,,,,,,,,,,,
1992-09-26 13:00:00,,,,,,,,,,0.0,,,,,,,,,,,,,,,,,,,,,,,,,,,,,,,,,,,,,,,,,,,,
1992-09-26 14:00:00,1010.6,1013.9,25.6,16.4,57.0,7.7,67.5,,,0.0,0.0,0.6,,26.3,26.4,26.6,26.8,,,,6.0,,,,,,,,,,,,,,,,,,,,,27.2,,,15.0,,,,,,,,,
1992-09-26 15:00:00,,,,,,,,,,0.0,,,,,,,,,,,,,,,,,,,,,,,,,,,,,,,,,,,,,,,,,,,,
1992-09-26 16:00:00,,,,,,,,,,0.0,,,,,,,,,,,,,,,,,,,,,,,,,,,,,,,,,,,,,,,,,,,,
1992-09-26 17:00:00,1011.4,1014.8,23.8,16.0,62.0,6.7,67.5,,,0.0,0.0,0.7,,,,,,,,,5.0,,,,,,,,,,,,,,,,,,,,,,,,15.0,,,,,,,,,
1992-09-26 18:00:00,,,,,,,,,,0.0,,,,,,,,,,,,,,,,,,,,,,,,,,,,,,,,,,,,,,,,,,,,
1992-09-26 19:00:00,,,,,,,,,,0.0,,,,,,,,,,,,,,,,,,,,,,,,,,,,,,,,,,,,,,,,,,,,
1992-09-26 20:00:00,1012.6,1016.0,22.7,15.7,65.0,7.5,67.5,,,0.0,0.0,,,,,,,,,,2.0,,,,,,,,,,,,,,,,,,,,,,,,12.0,,,,,,,,,
1992-09-26 21:00:00,1013.1,1016.5,22.5,15.8,66.0,5.8,67.5,,,0.0,0.0,,,24.0,25.0,25.9,26.6,,,,0.0,,,,,,,,,,,,,,,,,,,,,26.9,,,12.0,,,,,,,,,
1992-09-26 22:00:00,,,,,,,,,,0.0,,,,,,,,,,,,,,,,,,,,,,,,,,,,,,,,,,,,,,,,,,,,
1992-09-26 23:00:00,1013.7,1017.1,22.2,15.8,67.0,8.3,45.0,,,0.0,0.0,,,,,,,,,,0.0,,,,,,,,,,,,,,,,,,,,,,,,12.0,,,,,,,,,
1992-09-27 00:00:00,,,,,,,,,,0.0,,,,,,,,,,,,,,,,,,,,,,,,,,,,,,,,,,,,,,,,,,,,
1992-09-27 01:00:00,,,,,,,,,,0.0,,,,,,,,,,,,,,,,,,,,,,,,,,,,,,,,,,,,,,,,,,,,
1992-09-27 02:00:00,1012.3,1015.7,21.5,15.3,68.0,5.3,67.5,,,0.0,0.0,,,,,,,,,,0.0,,,,,,,,,,,,,,,,,,,,,,,,12.0,,,,,,,,,
1992-09-27 03:00:00,,,,,,,,,,0.0,,,,,,,,,,,,,,,,,,,,,,,,,,,,,,,,,,,,,,,,,,,,
1992-09-27 04:00:00,,,,,,,,,,0.0,,,,,,,,,,,,,,,,,,,,,,,,,,,,,,,,,,,,,,,,,,,,
1992-09-27 05:00:00,1012.0,1015.4,21.4,15.3,68.0,5.2,67.5,,,0.0,0.0,,,23.2,24.3,25.1,25.8,,,,3.0,,,,,,,,,,,,,,,,,,,,,26.5,,,15.0,,,,,,,,,
1992-09-27 06:00:00,,,,,,,,,,0.0,,,,,,,,,,,,,,,,,,,,,,,,,,,,,,,,,,,,,,,,,,,,
1992-09-27 07:00:00,,,,,,,,,,0.0,,,,,,,,,,,,,,,,,,,,,,,,,,,,,,,,,,,,,,,,,,,,
1992-09-27 08:00:00,1013.6,1017.0,24.0,15.4,59.0,5.6,67.5,,,0.0,0.0,1.0,,,,,,,,,4.0,,,,,,,,,,,,,,,,,,,,,,,,18.0,,,,,,,,,
1992-09-27 09:00:00,1013.7,1017.1,25.1,15.9,57.0,6.1,45.0,,,0.0,0.0,1.0,,,,,,,,,1.0,,,,,,,,,,,,,,,,,,,,,,,,18.0,,,,,,,,,
1992-09-27 10:00:00,,,,,,,,,,0.0,,,,,,,,,,,,,,,,,,,,,,,,,,,,,,,,,,,,,,,,,,,,
1992-09-27 11:00:00,1012.6,1016.0,25.8,16.1,55.0,7.1,22.5,,,0.0,0.0,1.0,,,,,,,,,1.0,,,,,,,,,,,,,,,,,,,,,,,,18.0,,,,,,,,,
1992-09-27 12:00:00,,,,,,,,,,0.0,,,,,,,,,,,,,,,,,,,,,,,,,,,,,,,,,,,,,,,,,,,,
1992-09-27 13:00:00,,,,,,,,,,0.0,,,,,,,,,,,,,,,,,,,,,,,,,,,,,,,,,,,,,,,,,,,,
1992-09-27 14:00:00,1009.6,1012.9,27.2,17.0,54.0,6.7,22.5,,,0.0,0.0,1.0,,26.5,26.3,26.3,26.2,,,,1.0,,,,,,,,,,,,,,,,,,,,,26.6,,,18.0,,,,,,,,,
1992-09-27 15:00:00,,,,,,,,,,0.0,,,,,,,,,,,,,,,,,,,,,,,,,,,,,,,,,,,,,,,,,,,,
1992-09-27 16:00:00,,,,,,,,,,0.0,,,,,,,,,,,,,,,,,,,,,,,,,,,,,,,,,,,,,,,,,,,,
1992-09-27 17:00:00,1009.8,1013.2,25.1,18.5,67.0,5.6,45.0,,,0.0,0.0,1.0,,,,,,,,,1.0,,,,,,,,,,,,,,,,,,,,,,,,15.0,,,,,,,,,
1992-09-27 18:00:00,,,,,,,,,,0.0,,,,,,,,,,,,,,,,,,,,,,,,,,,,,,,,,,,,,,,,,,,,
1992-09-27 19:00:00,,,,,,,,,,0.0,,,,,,,,,,,,,,,,,,,,,,,,,,,,,,,,,,,,,,,,,,,,
1992-09-27 20:00:00,1010.2,1013.6,24.1,17.5,67.0,6.3,45.0,,,0.0,0.0,,,,,,,,,,0.0,,,,,,,,,,,,,,,,,,,,,,,,15.0,,,,,,,,,
1992-09-27 21:00:00,1010.2,1013.6,24.0,18.3,70.0,7.2,67.5,,,0.0,0.0,,,24.3,25.1,26.0,26.3,,,,0.0,,,,,,,,,,,,,,,,,,,,,26.5,,,15.0,,,,,,,,,
1992-09-27 22:00:00,,,,,,,,,,0.0,,,,,,,,,,,,,,,,,,,,,,,,,,,,,,,,,,,,,,,,,,,,
1992-09-27 23:00:00,1009.9,1013.3,24.0,18.5,71.0,7.3,67.5,,,0.0,0.0,,,,,,,,,,0.0,,,,,,,,,,,,,,,,,,,,,,,,15.0,,,,,,,,,
1992-09-28 00:00:00,,,,,,,,,,0.0,,,,,,,,,,,,,,,,,,,,,,,,,,,,,,,,,,,,,,,,,,,,
1992-09-28 01:00:00,,,,,,,,,,0.0,,,,,,,,,,,,,,,,,,,,,,,,,,,,,,,,,,,,,,,,,,,,
1992-09-28 02:00:00,1009.3,1012.7,23.1,17.9,73.0,1.4,90.0,,,0.0,0.0,,,,,,,,,,0.0,,,,,,,,,,,,,,,,,,,,,,,,15.0,,,,,,,,,
1992-09-28 03:00:00,,,,,,,,,,0.0,,,,,,,,,,,,,,,,,,,,,,,,,,,,,,,,,,,,,,,,,,,,
1992-09-28 04:00:00,,,,,,,,,,0.0,,,,,,,,,,,,,,,,,,,,,,,,,,,,,,,,,,,,,,,,,,,,
1992-09-28 05:00:00,1009.6,1013.0,21.1,17.0,77.0,0.8,157.5,,,0.0,0.0,,,24.0,24.5,25.4,25.9,,,,5.0,,,,,,,,,,,,,,,,,,,,,26.3,,,15.0,,,,,,,,,
1992-09-28 06:00:00,,,,,,,,,,0.0,,,,,,,,,,,,,,,,,,,,,,,,,,,,,,,,,,,,,,,,,,,,
1992-09-28 07:00:00,,,,,,,,,,0.0,,,,,,,,,,,,,,,,,,,,,,,,,,,,,,,,,,,,,,,,,,,,
1992-09-28 08:00:00,1011.0,1014.4,23.9,19.5,76.0,1.6,157.5,,,0.0,0.0,0.3,,,,,,,,,5.0,,,,,,,,,,,,,,,,,,,,,,,,10.0,,,,,,,,,
1992-09-28 09:00:00,1010.8,1014.1,26.0,19.8,69.0,0.2,0.0,,,0.0,0.0,0.8,,,,,,,,,3.0,,,,,,,,,,,,,,,,,,,,,,,,12.0,,,,,,,,,
1992-09-28 10:00:00,,,,,,,,,,0.0,,,,,,,,,,,,,,,,,,,,,,,,,,,,,,,,,,,,,,,,,,,,
1992-09-28 11:00:00,1010.8,1014.1,27.2,20.5,67.0,1.9,315.0,,,0.0,0.0,0.0,,,,,,,,,10.0,,,,,,,,,,,,,,,,,,,,,,,,12.0,,,,,,,,,
1992-09-28 12:00:00,,,,,,,,,,0.0,,,,,,,,,,,,,,,,,,,,,,,,,,,,,,,,,,,,,,,,,,,,
1992-09-28 13:00:00,,,,,,,,,,0.0,,,,,,,,,,,,,,,,,,,,,,,,,,,,,,,,,,,,,,,,,,,,
1992-09-28 14:00:00,1008.6,1011.9,27.7,21.1,67.0,3.4,360.0,,,0.0,0.0,0.4,,28.8,27.5,26.8,26.5,,,,9.0,,,,,,,,,,,,,,,,,,,,,26.5,,,12.0,,,,,,,,,
1992-09-28 15:00:00,,,,,,,,,,0.0,,,,,,,,,,,,,,,,,,,,,,,,,,,,,,,,,,,,,,,,,,,,
1992-09-28 16:00:00,,,,,,,,,,0.0,,,,,,,,,,,,,,,,,,,,,,,,,,,,,,,,,,,,,,,,,,,,
1992-09-28 17:00:00,1008.0,1011.3,25.6,20.8,75.0,2.8,22.5,,,0.0,0.0,0.0,,,,,,,,,6.0,,,,,,,,,,,,,,,,,,,,,,,,12.0,,,,,,,,,
1992-09-28 18:00:00,,,,,,,,,,0.0,,,,,,,,,,,,,,,,,,,,,,,,,,,,,,,,,,,,,,,,,,,,
1992-09-28 19:00:00,,,,,,,,,,0.0,,,,,,,,,,,,,,,,,,,,,,,,,,,,,,,,,,,,,,,,,,,,
1992-09-28 20:00:00,1008.9,1012.3,24.2,20.5,80.0,1.5,90.0,,,0.0,0.0,,,,,,,,,,4.0,,,,,,,,,,,,,,,,,,,,,,,,12.0,,,,,,,,,
1992-09-28 21:00:00,1009.1,1012.5,23.6,20.4,82.0,0.0,0.0,,,0.0,0.0,,,25.7,26.0,26.6,26.8,,,,2.0,,,,,,,,,,,,,,,,,,,,,26.8,,,12.0,,,,,,,,,
1992-09-28 22:00:00,,,,,,,,,,0.0,,,,,,,,,,,,,,,,,,,,,,,,,,,,,,,,,,,,,,,,,,,,
1992-09-28 23:00:00,1008.9,1012.3,22.9,19.6,82.0,0.6,45.0,,,0.0,0.0,,,,,,,,,,3.0,,,,,,,,,,,,,,,,,,,,,,,,12.0,,,,,,,,,
1992-09-29 00:00:00,,,,,,,,,,0.0,,,,,,,,,,,,,,,,,,,,,,,,,,,,,,,,,,,,,,,,,,,,
1992-09-29 01:00:00,,,,,,,,,,0.0,,,,,,,,,,,,,,,,,,,,,,,,,,,,,,,,,,,,,,,,,,,,
1992-09-29 02:00:00,1008.2,1011.6,21.5,19.2,87.0,1.6,67.5,,,0.0,0.0,,,,,,,,,,3.0,,,,,,,,,,,,,,,,,,,,,,,,12.0,,,,,,,,,
1992-09-29 03:00:00,,,,,,,,,,0.0,,,,,,,,,,,,,,,,,,,,,,,,,,,,,,,,,,,,,,,,,,,,
1992-09-29 04:00:00,,,,,,,,,,0.0,,,,,,,,,,,,,,,,,,,,,,,,,,,,,,,,,,,,,,,,,,,,
1992-09-29 05:00:00,1008.6,1012.0,21.4,19.0,86.0,1.7,90.0,,,0.0,0.0,,,24.7,25.2,25.9,26.3,,,,2.0,,,,,,,,,,,,,,,,,,,,,26.6,,,12.0,,,,,,,,,
1992-09-29 06:00:00,,,,,,,,,,0.0,,,,,,,,,,,,,,,,,,,,,,,,,,,,,,,,,,,,,,,,,,,,
1992-09-29 07:00:00,,,,,,,,,,0.0,,,,,,,,,,,,,,,,,,,,,,,,,,,,,,,,,,,,,,,,,,,,
1992-09-29 08:00:00,1010.0,1013.4,24.9,21.1,79.0,1.5,112.5,,,0.0,0.0,1.0,,,,,,,,,2.0,,,,,,,,,,,,,,,,,,,,,,,,12.0,,,,,,,,,
1992-09-29 09:00:00,1010.1,1013.4,26.6,21.2,72.0,3.8,45.0,,,0.0,0.0,0.9,,,,,,,,,6.0,,,,,,,,,,,,,,,,,,,,,,,,15.0,,,,,,,,,
1992-09-29 10:00:00,,,,,,,,,,0.0,,,,,,,,,,,,,,,,,,,,,,,,,,,,,,,,,,,,,,,,,,,,
1992-09-29 11:00:00,1009.5,1012.8,27.9,20.8,65.0,5.1,45.0,,,0.0,0.0,0.9,,,,,,,,,5.0,,,,,,,,,,,,,,,,,,,,,,,,15.0,,,,,,,,,
1992-09-29 12:00:00,,,,,,,,,,0.0,,,,,,,,,,,,,,,,,,,,,,,,,,,,,,,,,,,,,,,,,,,,
1992-09-29 13:00:00,,,,,,,,,,0.0,,,,,,,,,,,,,,,,,,,,,,,,,,,,,,,,,,,,,,,,,,,,
1992-09-29 14:00:00,1008.0,1011.3,28.2,21.7,68.0,5.7,22.5,,,0.0,0.0,1.0,,28.3,27.6,27.2,26.8,,,,3.0,,,,,,,,,,,,,,,,,,,,,26.8,,,15.0,,,,,,,,,
1992-09-29 15:00:00,,,,,,,,,,0.0,,,,,,,,,,,,,,,,,,,,,,,,,,,,,,,,,,,,,,,,,,,,
1992-09-29 16:00:00,,,,,,,,,,0.0,,,,,,,,,,,,,,,,,,,,,,,,,,,,,,,,,,,,,,,,,,,,
1992-09-29 17:00:00,1008.4,1011.7,26.1,20.4,71.0,4.9,22.5,,,0.0,0.0,0.9,,,,,,,,,1.0,,,,,,,,,,,,,,,,,,,,,,,,15.0,,,,,,,,,
1992-09-29 18:00:00,,,,,,,,,,0.0,,,,,,,,,,,,,,,,,,,,,,,,,,,,,,,,,,,,,,,,,,,,
1992-09-29 19:00:00,,,,,,,,,,0.0,,,,,,,,,,,,,,,,,,,,,,,,,,,,,,,,,,,,,,,,,,,,
1992-09-29 20:00:00,1010.1,1013.5,24.6,19.0,71.0,4.7,67.5,,,0.0,0.0,,,,,,,,,,1.0,,,,,,,,,,,,,,,,,,,,,,,,10.0,,,,,,,,,
1992-09-29 21:00:00,1010.2,1013.6,24.3,19.1,73.0,0.1,0.0,,,0.0,0.0,,,25.6,26.1,26.7,27.0,,,,1.0,,,,,,,,,,,,,,,,,,,,,27.0,,,10.0,,,,,,,,,
1992-09-29 22:00:00,,,,,,,,,,0.0,,,,,,,,,,,,,,,,,,,,,,,,,,,,,,,,,,,,,,,,,,,,
1992-09-29 23:00:00,1009.9,1013.3,23.8,18.9,74.0,2.5,67.5,,,0.0,0.0,,,,,,,,,,0.0,,,,,,,,,,,,,,,,,,,,,,,,10.0,,,,,,,,,
1992-09-30 00:00:00,,,,,,,,,,0.0,,,,,,,,,,,,,,,,,,,,,,,,,,,,,,,,,,,,,,,,,,,,
1992-09-30 01:00:00,,,,,,,,,,0.0,,,,,,,,,,,,,,,,,,,,,,,,,,,,,,,,,,,,,,,,,,,,
1992-09-30 02:00:00,1009.8,1013.2,22.7,19.0,80.0,0.1,0.0,,,0.0,0.0,,,,,,,,,,0.0,,,,,,,,,,,,,,,,,,,,,,,,10.0,,,,,,,,,
1992-09-30 03:00:00,,,,,,,,,,0.0,,,,,,,,,,,,,,,,,,,,,,,,,,,,,,,,,,,,,,,,,,,,
1992-09-30 04:00:00,,,,,,,,,,0.0,,,,,,,,,,,,,,,,,,,,,,,,,,,,,,,,,,,,,,,,,,,,
1992-09-30 05:00:00,1009.9,1013.3,21.4,18.8,85.0,1.2,112.5,,,0.0,0.0,,,24.6,25.3,26.0,26.5,,,,0.0,,,,,,,,,,,,,,,,,,,,,26.8,,,10.0,,,,,,,,,
1992-09-30 06:00:00,,,,,,,,,,0.0,,,,,,,,,,,,,,,,,,,,,,,,,,,,,,,,,,,,,,,,,,,,
1992-09-30 07:00:00,,,,,,,,,,0.0,,,,,,,,,,,,,,,,,,,,,,,,,,,,,,,,,,,,,,,,,,,,
1992-09-30 08:00:00,1011.8,1015.2,24.3,20.2,78.0,1.0,112.5,,,0.0,0.0,1.0,,,,,,,,,2.0,,,,,,,,,,,,,,,,,,,,,,,,8.0,,,,,,,,,
1992-09-30 09:00:00,1011.8,1015.1,26.4,21.0,72.0,1.1,90.0,,,0.0,0.0,1.0,,,,,,,,,3.0,,,,,,,,,,,,,,,,,,,,,,,,10.0,,,,,,,,,
1992-09-30 10:00:00,,,,,,,,,,0.0,,,,,,,,,,,,,,,,,,,,,,,,,,,,,,,,,,,,,,,,,,,,
1992-09-30 11:00:00,1010.7,1014.0,28.8,21.0,63.0,2.9,45.0,,,0.0,0.0,1.0,,,,,,,,,2.0,,,,,,,,,,,,,,,,,,,,,,,,10.0,,,,,,,,,
1992-09-30 12:00:00,,,,,,,,,,0.0,,,,,,,,,,,,,,,,,,,,,,,,,,,,,,,,,,,,,,,,,,,,
1992-09-30 13:00:00,,,,,,,,,,0.0,,,,,,,,,,,,,,,,,,,,,,,,,,,,,,,,,,,,,,,,,,,,
1992-09-30 14:00:00,1008.8,1012.1,28.5,21.5,66.0,5.2,360.0,,,0.0,0.0,1.0,,28.5,27.9,27.5,27.1,,,,2.0,,,,,,,,,,,,,,,,,,,,,27.0,,,12.0,,,,,,,,,
1992-09-30 15:00:00,,,,,,,,,,0.0,,,,,,,,,,,,,,,,,,,,,,,,,,,,,,,,,,,,,,,,,,,,
1992-09-30 16:00:00,,,,,,,,,,0.0,,,,,,,,,,,,,,,,,,,,,,,,,,,,,,,,,,,,,,,,,,,,
1992-09-30 17:00:00,1008.9,1012.2,26.7,20.8,70.0,3.1,22.5,,,0.0,0.0,0.8,,,,,,,,,1.0,,,,,,,,,,,,,,,,,,,,,,,,10.0,,,,,,,,,
1992-09-30 18:00:00,,,,,,,,,,0.0,,,,,,,,,,,,,,,,,,,,,,,,,,,,,,,,,,,,,,,,,,,,
1992-09-30 19:00:00,,,,,,,,,,0.0,,,,,,,,,,,,,,,,,,,,,,,,,,,,,,,,,,,,,,,,,,,,
1992-09-30 20:00:00,1010.3,1013.7,24.5,19.9,76.0,2.0,67.5,,,0.0,0.0,,,,,,,,,,0.0,,,,,,,,,,,,,,,,,,,,,,,,8.0,,,,,,,,,
1992-09-30 21:00:00,1010.9,1014.3,24.1,19.7,76.0,2.9,90.0,,,0.0,0.0,,,25.9,26.5,27.0,27.3,,,,0.0,,,,,,,,,,,,,,,,,,,,,27.1,,,10.0,,,,,,,,,
1992-09-30 22:00:00,,,,,,,,,,0.0,,,,,,,,,,,,,,,,,,,,,,,,,,,,,,,,,,,,,,,,,,,,
1992-09-30 23:00:00,1011.5,1014.9,23.1,19.5,80.0,1.1,90.0,,,0.0,0.0,,,,,,,,,,0.0,,,,,,,,,,,,,,,,,,,,,,,,10.0,,,,,,,,,
1992-10-01 00:00:00,,,,,,,,,,0.0,,,,,,,,,,,,,,,,,,,,,,,,,,,,,,,,,,,,,,,,,,,,
1992-10-01 01:00:00,,,,,,,,,,0.0,,,,,,,,,,,,,,,,,,,,,,,,,,,,,,,,,,,,,,,,,,,,
1992-10-01 02:00:00,1010.4,1013.8,22.2,19.3,84.0,0.8,112.5,,,0.0,0.0,,,,,,,,,,0.0,,,,,,,,,,,,,,,,,,,,,,,,10.0,,,,,,,,,
1992-10-01 03:00:00,,,,,,,,,,0.0,,,,,,,,,,,,,,,,,,,,,,,,,,,,,,,,,,,,,,,,,,,,
1992-10-01 04:00:00,,,,,,,,,,0.0,,,,,,,,,,,,,,,,,,,,,,,,,,,,,,,,,,,,,,,,,,,,
1992-10-01 05:00:00,1010.7,1014.1,21.6,18.9,85.0,0.7,90.0,,,0.0,0.0,,,25.0,25.3,26.1,26.5,,,,0.0,,,,,,,,,,,,,,,,,,,,,26.8,,,10.0,,,,,,,,,
1992-10-01 06:00:00,,,,,,,,,,0.0,,,,,,,,,,,,,,,,,,,,,,,,,,,,,,,,,,,,,,,,,,,,
1992-10-01 07:00:00,,,,,,,,,,0.0,,,,,,,,,,,,,,,,,,,,,,,,,,,,,,,,,,,,,,,,,,,,
1992-10-01 08:00:00,1012.2,1015.6,24.8,20.2,76.0,0.3,112.5,,,0.0,0.0,1.0,,,,,,,,,0.0,,,,,,,,,,,,,,,,,,,,,,,,8.0,,,,,,,,,
1992-10-01 09:00:00,1012.2,1015.5,27.2,21.5,71.0,2.7,45.0,,,0.0,0.0,1.0,,,,,,,,,0.0,,,,,,,,,,,,,,,,,,,,,,,,8.0,,,,,,,,,
1992-10-01 10:00:00,,,,,,,,,,0.0,,,,,,,,,,,,,,,,,,,,,,,,,,,,,,,,,,,,,,,,,,,,
1992-10-01 11:00:00,1011.3,1014.6,30.4,21.1,58.0,3.5,22.5,,,0.0,0.0,1.0,,,,,,,,,0.0,,,,,,,,,,,,,,,,,,,,,,,,8.0,,,,,,,,,
1992-10-01 12:00:00,,,,,,,,,,0.0,,,,,,,,,,,,,,,,,,,,,,,,,,,,,,,,,,,,,,,,,,,,
1992-10-01 13:00:00,,,,,,,,,,0.0,,,,,,,,,,,,,,,,,,,,,,,,,,,,,,,,,,,,,,,,,,,,
1992-10-01 14:00:00,1009.4,1012.7,30.0,22.7,65.0,5.2,22.5,,,0.0,0.0,1.0,,29.3,28.2,27.8,27.3,,,,0.0,,,,,,,,,,,,,,,,,,,,,27.1,,,8.0,,,,,,,,,
1992-10-01 15:00:00,,,,,,,,,,0.0,,,,,,,,,,,,,,,,,,,,,,,,,,,,,,,,,,,,,,,,,,,,
1992-10-01 16:00:00,,,,,,,,,,0.0,,,,,,,,,,,,,,,,,,,,,,,,,,,,,,,,,,,,,,,,,,,,
1992-10-01 17:00:00,1009.4,1012.7,28.6,22.5,70.0,3.2,22.5,,,0.0,0.0,0.9,,,,,,,,,1.0,,,,,,,,,,,,,,,,,,,,,,,,8.0,,,,,,,,,
1992-10-01 18:00:00,,,,,,,,,,0.0,,,,,,,,,,,,,,,,,,,,,,,,,,,,,,,,,,,,,,,,,,,,
1992-10-01 19:00:00,,,,,,,,,,0.0,,,,,,,,,,,,,,,,,,,,,,,,,,,,,,,,,,,,,,,,,,,,
1992-10-01 20:00:00,1010.5,1013.8,26.4,21.8,76.0,1.6,90.0,,,0.0,0.0,,,,,,,,,,0.0,,,,,,,,,,,,,,,,,,,,,,,,5.0,,,,,,,,,
1992-10-01 21:00:00,1010.9,1014.3,25.5,21.5,79.0,1.6,67.5,,,0.0,0.0,,,26.6,26.9,27.5,27.6,,,,0.0,,,,,,,,,,,,,,,,,,,,,27.4,,,5.0,,,,,,,,,
1992-10-01 22:00:00,,,,,,,,,,0.0,,,,,,,,,,,,,,,,,,,,,,,,,,,,,,,,,,,,,,,,,,,,
1992-10-01 23:00:00,1010.6,1014.0,24.8,21.2,80.0,1.7,112.5,,,0.0,0.0,,,,,,,,,,0.0,,,,,,,,,,,,,,,,,,,,,,,,5.0,,,,,,,,,
1992-10-02 00:00:00,,,,,,,,,,0.0,,,,,,,,,,,,,,,,,,,,,,,,,,,,,,,,,,,,,,,,,,,,
1992-10-02 01:00:00,,,,,,,,,,0.0,,,,,,,,,,,,,,,,,,,,,,,,,,,,,,,,,,,,,,,,,,,,
1992-10-02 02:00:00,1009.9,1013.3,23.6,21.0,85.0,0.9,90.0,,,0.0,0.0,,,,,,,,,,0.0,,,,,,,,,,,,,,,,,,,,,,,,5.0,,,,,,,,,
1992-10-02 03:00:00,,,,,,,,,,0.0,,,,,,,,,,,,,,,,,,,,,,,,,,,,,,,,,,,,,,,,,,,,
1992-10-02 04:00:00,,,,,,,,,,0.0,,,,,,,,,,,,,,,,,,,,,,,,,,,,,,,,,,,,,,,,,,,,
1992-10-02 05:00:00,1010.6,1014.0,23.9,21.0,84.0,1.4,112.5,,,0.0,0.0,,,25.8,26.1,26.7,27.0,,,,8.0,,,,,,,,,,,,,,,,,,,,,27.2,,,5.0,,,,,,,,,
1992-10-02 06:00:00,,,,,,,,,,0.0,,,,,,,,,,,,,,,,,,,,,,,,,,,,,,,,,,,,,,,,,,,,
1992-10-02 07:00:00,,,,,,,,,,0.0,,,,,,,,,,,,,,,,,,,,,,,,,,,,,,,,,,,,,,,,,,,,
1992-10-02 08:00:00,1012.4,1015.8,24.7,20.6,78.0,1.3,135.0,,,0.0,0.0,0.0,,,,,,,,,10.0,,,,,,,,,,,,,,,,,,,,,,,,4.0,,,,,,,,,
1992-10-02 09:00:00,1012.4,1015.7,26.6,22.6,79.0,1.0,112.5,,,0.0,0.0,0.0,,,,,,,,,10.0,,,,,,,,,,,,,,,,,,,,,,,,6.0,,,,,,,,,
1992-10-02 10:00:00,,,,,,,,,,0.0,,,,,,,,,,,,,,,,,,,,,,,,,,,,,,,,,,,,,,,,,,,,
1992-10-02 11:00:00,1012.0,1015.3,28.7,23.0,71.0,2.1,315.0,,,0.0,0.0,0.4,,,,,,,,,10.0,,,,,,,,,,,,,,,,,,,,,,,,6.0,,,,,,,,,
1992-10-02 12:00:00,,,,,,,,,,0.0,,,,,,,,,,,,,,,,,,,,,,,,,,,,,,,,,,,,,,,,,,,,
1992-10-02 13:00:00,,,,,,,,,,0.0,,,,,,,,,,,,,,,,,,,,,,,,,,,,,,,,,,,,,,,,,,,,
1992-10-02 14:00:00,1009.3,1012.6,30.4,23.1,65.0,3.0,315.0,,,0.0,0.0,1.0,,30.6,28.9,28.0,27.6,,,,3.0,,,,,,,,,,,,,,,,,,,,,27.4,,,12.0,,,,,,,,,
1992-10-02 15:00:00,,,,,,,,,,0.0,,,,,,,,,,,,,,,,,,,,,,,,,,,,,,,,,,,,,,,,,,,,
1992-10-02 16:00:00,,,,,,,,,,0.0,,,,,,,,,,,,,,,,,,,,,,,,,,,,,,,,,,,,,,,,,,,,
1992-10-02 17:00:00,1009.1,1012.4,28.5,23.7,75.0,1.4,315.0,,,0.0,0.0,0.2,,,,,,,,,3.0,,,,,,,,,,,,,,,,,,,,,,,,12.0,,,,,,,,,
1992-10-02 18:00:00,,,,,,,,,,0.0,,,,,,,,,,,,,,,,,,,,,,,,,,,,,,,,,,,,,,,,,,,,
1992-10-02 19:00:00,,,,,,,,,,0.0,,,,,,,,,,,,,,,,,,,,,,,,,,,,,,,,,,,,,,,,,,,,
1992-10-02 20:00:00,1009.8,1013.1,26.4,23.0,82.0,1.5,90.0,,,0.0,0.0,,,,,,,,,,0.0,,,,,,,,,,,,,,,,,,,,,,,,12.0,,,,,,,,,
1992-10-02 21:00:00,1009.9,1013.2,26.4,22.3,78.0,1.2,112.5,,,0.0,0.0,,,27.2,27.4,27.9,28.0,,,,0.0,,,,,,,,,,,,,,,,,,,,,27.7,,,12.0,,,,,,,,,
1992-10-02 22:00:00,,,,,,,,,,0.0,,,,,,,,,,,,,,,,,,,,,,,,,,,,,,,,,,,,,,,,,,,,
1992-10-02 23:00:00,1009.8,1013.1,25.5,21.7,80.0,1.3,112.5,,,0.0,0.0,,,,,,,,,,0.0,,,,,,,,,,,,,,,,,,,,,,,,12.0,,,,,,,,,
1992-10-03 00:00:00,,,,,,,,,,0.0,,,,,,,,,,,,,,,,,,,,,,,,,,,,,,,,,,,,,,,,,,,,
1992-10-03 01:00:00,,,,,,,,,,0.0,,,,,,,,,,,,,,,,,,,,,,,,,,,,,,,,,,,,,,,,,,,,
1992-10-03 02:00:00,1009.3,1012.7,24.3,21.5,84.0,0.8,112.5,,,0.0,0.0,,,,,,,,,,0.0,,,,,,,,,,,,,,,,,,,,,,,,12.0,,,,,,,,,
1992-10-03 03:00:00,,,,,,,,,,0.0,,,,,,,,,,,,,,,,,,,,,,,,,,,,,,,,,,,,,,,,,,,,
1992-10-03 04:00:00,,,,,,,,,,0.0,,,,,,,,,,,,,,,,,,,,,,,,,,,,,,,,,,,,,,,,,,,,
1992-10-03 05:00:00,1009.4,1012.8,23.4,20.8,85.0,1.8,90.0,,,0.0,0.0,,,26.1,26.4,27.0,27.4,,,,7.0,,,,,,,,,,,,,,,,,,,,,27.5,,,10.0,,,,,,,,,
1992-10-03 06:00:00,,,,,,,,,,0.0,,,,,,,,,,,,,,,,,,,,,,,,,,,,,,,,,,,,,,,,,,,,
1992-10-03 07:00:00,,,,,,,,,,0.0,,,,,,,,,,,,,,,,,,,,,,,,,,,,,,,,,,,,,,,,,,,,
1992-10-03 08:00:00,1011.0,1014.3,25.9,21.7,78.0,1.1,112.5,,,0.0,0.0,0.0,,,,,,,,,4.0,,,,,,,,,,,,,,,,,,,,,,,,8.0,,,,,,,,,
1992-10-03 09:00:00,1010.7,1014.0,27.6,22.6,74.0,1.2,157.5,,,0.0,0.0,1.0,,,,,,,,,4.0,,,,,,,,,,,,,,,,,,,,,,,,8.0,,,,,,,,,
1992-10-03 10:00:00,,,,,,,,,,0.0,,,,,,,,,,,,,,,,,,,,,,,,,,,,,,,,,,,,,,,,,,,,
1992-10-03 11:00:00,1009.5,1012.8,29.9,23.7,69.0,2.8,360.0,,,0.0,0.0,0.4,,,,,,,,,8.0,,,,,,,,,,,,,,,,,,,,,,,,8.0,,,,,,,,,
1992-10-03 12:00:00,,,,,,,,,,0.0,,,,,,,,,,,,,,,,,,,,,,,,,,,,,,,,,,,,,,,,,,,,
1992-10-03 13:00:00,,,,,,,,,,0.0,,,,,,,,,,,,,,,,,,,,,,,,,,,,,,,,,,,,,,,,,,,,
1992-10-03 14:00:00,1007.2,1010.5,29.8,23.3,68.0,3.0,360.0,,,0.0,0.0,0.2,,29.9,28.5,28.0,27.8,,,,6.0,,,,,,,,,,,,,,,,,,,,,27.5,,,12.0,,,,,,,,,
1992-10-03 15:00:00,,,,,,,,,,0.0,,,,,,,,,,,,,,,,,,,,,,,,,,,,,,,,,,,,,,,,,,,,
1992-10-03 16:00:00,,,,,,,,,,0.0,,,,,,,,,,,,,,,,,,,,,,,,,,,,,,,,,,,,,,,,,,,,
1992-10-03 17:00:00,1007.3,1010.6,29.6,23.3,69.0,1.9,112.5,,,0.0,0.0,0.0,,,,,,,,,9.0,,,,,,,,,,,,,,,,,,,,,,,,10.0,,,,,,,,,
1992-10-03 18:00:00,,,,,,,,,,0.0,,,,,,,,,,,,,,,,,,,,,,,,,,,,,,,,,,,,,,,,,,,,
1992-10-03 19:00:00,,,,,,,,,,0.0,,,,,,,,,,,,,,,,,,,,,,,,,,,,,,,,,,,,,,,,,,,,
1992-10-03 20:00:00,1008.5,1011.8,25.7,20.4,73.0,2.6,45.0,,,0.0,0.0,,,,,,,,,,2.0,,,,,,,,,,,,,,,,,,,,,,,,10.0,,,,,,,,,
1992-10-03 21:00:00,1008.9,1012.2,25.2,20.3,74.0,1.7,90.0,,,0.0,0.0,,,26.9,27.3,27.8,28.0,,,,2.0,,,,,,,,,,,,,,,,,,,,,27.8,,,10.0,,,,,,,,,
1992-10-03 22:00:00,,,,,,,,,,0.0,,,,,,,,,,,,,,,,,,,,,,,,,,,,,,,,,,,,,,,,,,,,
1992-10-03 23:00:00,1009.3,1012.7,24.6,20.1,76.0,2.0,90.0,,,0.0,0.0,,,,,,,,,,2.0,,,,,,,,,,,,,,,,,,,,,,,,10.0,,,,,,,,,
1992-10-04 00:00:00,,,,,,,,,,0.0,,,,,,,,,,,,,,,,,,,,,,,,,,,,,,,,,,,,,,,,,,,,
1992-10-04 01:00:00,,,,,,,,,,0.0,,,,,,,,,,,,,,,,,,,,,,,,,,,,,,,,,,,,,,,,,,,,
1992-10-04 02:00:00,1008.6,1012.0,22.8,19.8,83.0,0.4,67.5,,,0.0,0.0,,,,,,,,,,2.0,,,,,,,,,,,,,,,,,,,,,,,,10.0,,,,,,,,,
1992-10-04 03:00:00,,,,,,,,,,0.0,,,,,,,,,,,,,,,,,,,,,,,,,,,,,,,,,,,,,,,,,,,,
1992-10-04 04:00:00,,,,,,,,,,0.0,,,,,,,,,,,,,,,,,,,,,,,,,,,,,,,,,,,,,,,,,,,,
1992-10-04 05:00:00,1008.9,1012.3,22.3,19.0,82.0,1.6,67.5,,,0.0,0.0,,,25.6,26.1,26.8,27.3,,,,1.0,,,,,,,,,,,,,,,,,,,,,27.5,,,10.0,,,,,,,,,
1992-10-04 06:00:00,,,,,,,,,,0.0,,,,,,,,,,,,,,,,,,,,,,,,,,,,,,,,,,,,,,,,,,,,
1992-10-04 07:00:00,,,,,,,,,,0.0,,,,,,,,,,,,,,,,,,,,,,,,,,,,,,,,,,,,,,,,,,,,
1992-10-04 08:00:00,1010.4,1013.7,25.8,20.0,70.0,1.7,90.0,,,0.0,0.0,1.0,,,,,,,,,3.0,,,,,,,,,,,,,,,,,,,,,,,,12.0,,,,,,,,,
1992-10-04 09:00:00,1010.4,1013.7,28.7,21.8,66.0,3.8,67.5,,,0.0,0.0,1.0,,,,,,,,,2.0,,,,,,,,,,,,,,,,,,,,,,,,15.0,,,,,,,,,
1992-10-04 10:00:00,,,,,,,,,,0.0,,,,,,,,,,,,,,,,,,,,,,,,,,,,,,,,,,,,,,,,,,,,
1992-10-04 11:00:00,1009.0,1012.3,29.9,22.9,66.0,7.7,22.5,,,0.0,0.0,1.0,,,,,,,,,1.0,,,,,,,,,,,,,,,,,,,,,,,,15.0,,,,,,,,,
1992-10-04 12:00:00,,,,,,,,,,0.0,,,,,,,,,,,,,,,,,,,,,,,,,,,,,,,,,,,,,,,,,,,,
1992-10-04 13:00:00,,,,,,,,,,0.0,,,,,,,,,,,,,,,,,,,,,,,,,,,,,,,,,,,,,,,,,,,,
1992-10-04 14:00:00,1007.2,1010.5,29.7,22.2,64.0,8.9,45.0,,,0.0,0.0,1.0,,29.4,28.0,27.9,27.7,,,,1.0,,,,,,,,,,,,,,,,,,,,,27.5,,,15.0,,,,,,,,,
1992-10-04 15:00:00,,,,,,,,,,0.0,,,,,,,,,,,,,,,,,,,,,,,,,,,,,,,,,,,,,,,,,,,,
1992-10-04 16:00:00,,,,,,,,,,0.0,,,,,,,,,,,,,,,,,,,,,,,,,,,,,,,,,,,,,,,,,,,,
1992-10-04 17:00:00,1008.4,1011.7,27.3,19.2,61.0,10.3,67.5,,,0.0,0.0,1.0,,,,,,,,,1.0,,,,,,,,,,,,,,,,,,,,,,,,15.0,,,,,,,,,
1992-10-04 18:00:00,,,,,,,,,,0.0,,,,,,,,,,,,,,,,,,,,,,,,,,,,,,,,,,,,,,,,,,,,
1992-10-04 19:00:00,,,,,,,,,,0.0,,,,,,,,,,,,,,,,,,,,,,,,,,,,,,,,,,,,,,,,,,,,
1992-10-04 20:00:00,1010.9,1014.3,25.5,19.9,71.0,9.3,45.0,,,0.0,0.0,,,,,,,,,,0.0,,,,,,,,,,,,,,,,,,,,,,,,12.0,,,,,,,,,
1992-10-04 21:00:00,1012.0,1015.4,25.1,19.7,72.0,8.9,45.0,,,0.0,0.0,,,25.0,26.3,27.0,27.5,,,,0.0,,,,,,,,,,,,,,,,,,,,,27.6,,,12.0,,,,,,,,,
1992-10-04 22:00:00,,,,,,,,,,0.0,,,,,,,,,,,,,,,,,,,,,,,,,,,,,,,,,,,,,,,,,,,,
1992-10-04 23:00:00,1012.3,1015.7,24.5,19.9,76.0,5.9,67.5,,,0.0,0.0,,,,,,,,,,1.0,,,,,,,,,,,,,,,,,,,,,,,,12.0,,,,,,,,,
1992-10-05 00:00:00,,,,,,,,,,0.0,,,,,,,,,,,,,,,,,,,,,,,,,,,,,,,,,,,,,,,,,,,,
1992-10-05 01:00:00,,,,,,,,,,0.0,,,,,,,,,,,,,,,,,,,,,,,,,,,,,,,,,,,,,,,,,,,,
1992-10-05 02:00:00,1010.9,1014.3,23.3,19.5,79.0,7.7,45.0,,,0.0,0.0,,,,,,,,,,1.0,,,,,,,,,,,,,,,,,,,,,,,,10.0,,,,,,,,,
1992-10-05 03:00:00,,,,,,,,,,0.0,,,,,,,,,,,,,,,,,,,,,,,,,,,,,,,,,,,,,,,,,,,,
1992-10-05 04:00:00,,,,,,,,,,0.0,,,,,,,,,,,,,,,,,,,,,,,,,,,,,,,,,,,,,,,,,,,,
1992-10-05 05:00:00,1012.0,1015.4,22.2,19.0,82.0,8.3,45.0,,,0.0,0.0,,,23.8,25.6,26.4,27.0,,,,8.0,,,,,,,,,,,,,,,,,,,,,27.3,,,10.0,,,,,,,,,
1992-10-05 06:00:00,,,,,,,,,,0.0,,,,,,,,,,,,,,,,,,,,,,,,,,,,,,,,,,,,,,,,,,,,
1992-10-05 07:00:00,,,,,,,,,,0.0,,,,,,,,,,,,,,,,,,,,,,,,,,,,,,,,,,,,,,,,,,,,
1992-10-05 08:00:00,1013.9,1017.3,23.3,18.2,73.0,8.5,45.0,,,0.0,0.0,0.6,,,,,,,,,2.0,,,,,,,,,,,,,,,,,,,,,,,,10.0,,,,,,,,,
1992-10-05 09:00:00,1014.2,1017.6,24.7,18.5,68.0,9.2,45.0,,,0.0,0.0,0.9,,,,,,,,,3.0,,,,,,,,,,,,,,,,,,,,,,,,15.0,,,,,,,,,
1992-10-05 10:00:00,,,,,,,,,,0.0,,,,,,,,,,,,,,,,,,,,,,,,,,,,,,,,,,,,,,,,,,,,
1992-10-05 11:00:00,1013.8,1017.2,24.7,18.2,67.0,10.7,67.5,,,0.0,0.0,0.6,,,,,,,,,4.0,,,,,,,,,,,,,,,,,,,,,,,,15.0,,,,,,,,,
1992-10-05 12:00:00,,,,,,,,,,0.0,,,,,,,,,,,,,,,,,,,,,,,,,,,,,,,,,,,,,,,,,,,,
1992-10-05 13:00:00,,,,,,,,,,0.0,,,,,,,,,,,,,,,,,,,,,,,,,,,,,,,,,,,,,,,,,,,,
1992-10-05 14:00:00,1012.1,1015.5,25.6,17.1,59.0,9.4,67.5,,,0.0,0.0,1.0,,27.0,26.2,26.6,26.8,,,,3.0,,,,,,,,,,,,,,,,,,,,,26.8,,,18.0,,,,,,,,,
1992-10-05 15:00:00,,,,,,,,,,0.0,,,,,,,,,,,,,,,,,,,,,,,,,,,,,,,,,,,,,,,,,,,,
1992-10-05 16:00:00,,,,,,,,,,0.0,,,,,,,,,,,,,,,,,,,,,,,,,,,,,,,,,,,,,,,,,,,,
1992-10-05 17:00:00,1012.6,1016.0,22.1,16.8,72.0,10.0,45.0,,,0.0,0.0,0.9,,,,,,,,,4.0,,,,,,,,,,,,,,,,,,,,,,,,15.0,,,,,,,,,
1992-10-05 18:00:00,,,,,,,,,,0.0,,,,,,,,,,,,,,,,,,,,,,,,,,,,,,,,,,,,,,,,,,,,
1992-10-05 19:00:00,,,,,,,,,,0.0,,,,,,,,,,,,,,,,,,,,,,,,,,,,,,,,,,,,,,,,,,,,
1992-10-05 20:00:00,1014.1,1017.5,21.1,16.2,74.0,8.3,67.5,,,0.0,0.0,,,,,,,,,,3.0,,,,,,,,,,,,,,,,,,,,,,,,12.0,,,,,,,,,
1992-10-05 21:00:00,1013.9,1017.3,21.3,15.6,70.0,8.3,67.5,,,0.0,0.0,,,22.6,24.8,25.8,26.6,,,,0.0,,,,,,,,,,,,,,,,,,,,,26.9,,,12.0,,,,,,,,,
1992-10-05 22:00:00,,,,,,,,,,0.0,,,,,,,,,,,,,,,,,,,,,,,,,,,,,,,,,,,,,,,,,,,,
1992-10-05 23:00:00,1014.2,1017.6,20.3,16.2,77.0,9.6,45.0,,,0.0,0.0,,,,,,,,,,0.0,,,,,,,,,,,,,,,,,,,,,,,,12.0,,,,,,,,,
1992-10-06 00:00:00,,,,,,,,,,0.0,,,,,,,,,,,,,,,,,,,,,,,,,,,,,,,,,,,,,,,,,,,,
1992-10-06 01:00:00,,,,,,,,,,0.0,,,,,,,,,,,,,,,,,,,,,,,,,,,,,,,,,,,,,,,,,,,,
1992-10-06 02:00:00,1013.5,1016.9,20.1,15.2,73.0,7.9,45.0,,,0.0,0.0,,,,,,,,,,0.0,,,,,,,,,,,,,,,,,,,,,,,,12.0,,,,,,,,,
1992-10-06 03:00:00,,,,,,,,,,0.0,,,,,,,,,,,,,,,,,,,,,,,,,,,,,,,,,,,,,,,,,,,,
1992-10-06 04:00:00,,,,,,,,,,0.0,,,,,,,,,,,,,,,,,,,,,,,,,,,,,,,,,,,,,,,,,,,,
1992-10-06 05:00:00,1013.7,1017.1,20.2,14.9,72.0,6.6,67.5,,,0.0,0.0,,,21.7,21.9,24.8,25.8,,,,0.0,,,,,,,,,,,,,,,,,,,,,24.4,,,15.0,,,,,,,,,
1992-10-06 06:00:00,,,,,,,,,,0.0,,,,,,,,,,,,,,,,,,,,,,,,,,,,,,,,,,,,,,,,,,,,
1992-10-06 07:00:00,,,,,,,,,,0.0,,,,,,,,,,,,,,,,,,,,,,,,,,,,,,,,,,,,,,,,,,,,
1992-10-06 08:00:00,1014.7,1018.1,22.0,15.5,67.0,8.2,45.0,,,0.0,0.0,1.0,,,,,,,,,2.0,,,,,,,,,,,,,,,,,,,,,,,,15.0,,,,,,,,,
1992-10-06 09:00:00,1014.9,1018.3,23.2,15.4,62.0,8.6,45.0,,,0.0,0.0,1.0,,,,,,,,,4.0,,,,,,,,,,,,,,,,,,,,,,,,15.0,,,,,,,,,
1992-10-06 10:00:00,,,,,,,,,,0.0,,,,,,,,,,,,,,,,,,,,,,,,,,,,,,,,,,,,,,,,,,,,
1992-10-06 11:00:00,1014.5,1017.9,24.4,15.1,56.0,10.0,45.0,,,0.0,0.0,1.0,,,,,,,,,3.0,,,,,,,,,,,,,,,,,,,,,,,,15.0,,,,,,,,,
1992-10-06 12:00:00,,,,,,,,,,0.0,,,,,,,,,,,,,,,,,,,,,,,,,,,,,,,,,,,,,,,,,,,,
1992-10-06 13:00:00,,,,,,,,,,0.0,,,,,,,,,,,,,,,,,,,,,,,,,,,,,,,,,,,,,,,,,,,,
1992-10-06 14:00:00,1012.6,1016.0,24.1,15.4,58.0,8.6,45.0,,,0.0,0.0,1.0,,26.5,25.5,25.8,26.0,,,,3.0,,,,,,,,,,,,,,,,,,,,,26.3,,,15.0,,,,,,,,,
1992-10-06 15:00:00,,,,,,,,,,0.0,,,,,,,,,,,,,,,,,,,,,,,,,,,,,,,,,,,,,,,,,,,,
1992-10-06 16:00:00,,,,,,,,,,0.0,,,,,,,,,,,,,,,,,,,,,,,,,,,,,,,,,,,,,,,,,,,,
1992-10-06 17:00:00,1013.0,1016.4,21.4,15.7,70.0,5.3,67.5,,,0.0,0.0,0.4,,,,,,,,,4.0,,,,,,,,,,,,,,,,,,,,,,,,15.0,,,,,,,,,
1992-10-06 18:00:00,,,,,,,,,,0.0,,,,,,,,,,,,,,,,,,,,,,,,,,,,,,,,,,,,,,,,,,,,
1992-10-06 19:00:00,,,,,,,,,,0.0,,,,,,,,,,,,,,,,,,,,,,,,,,,,,,,,,,,,,,,,,,,,
1992-10-06 20:00:00,1013.8,1017.2,21.2,15.0,68.0,6.0,45.0,,,0.0,0.0,,,,,,,,,,2.0,,,,,,,,,,,,,,,,,,,,,,,,15.0,,,,,,,,,
1992-10-06 21:00:00,1014.2,1017.6,21.1,15.3,69.0,5.4,45.0,,,0.0,0.0,,,22.4,24.3,25.2,25.9,,,,4.0,,,,,,,,,,,,,,,,,,,,,26.2,,,15.0,,,,,,,,,
1992-10-06 22:00:00,,,,,,,,,,0.0,,,,,,,,,,,,,,,,,,,,,,,,,,,,,,,,,,,,,,,,,,,,
1992-10-06 23:00:00,1014.1,1017.5,21.8,15.6,68.0,4.9,45.0,,,0.0,0.0,,,,,,,,,,8.0,,,,,,,,,,,,,,,,,,,,,,,,15.0,,,,,,,,,
1992-10-07 00:00:00,,,,,,,,,,0.0,,,,,,,,,,,,,,,,,,,,,,,,,,,,,,,,,,,,,,,,,,,,
1992-10-07 01:00:00,,,,,,,,,,0.0,,,,,,,,,,,,,,,,,,,,,,,,,,,,,,,,,,,,,,,,,,,,
1992-10-07 02:00:00,1012.4,1015.8,20.7,15.6,73.0,4.0,45.0,,,0.0,0.0,,,,,,,,,,0.0,,,,,,,,,,,,,,,,,,,,,,,,15.0,,,,,,,,,
1992-10-07 03:00:00,,,,,,,,,,0.0,,,,,,,,,,,,,,,,,,,,,,,,,,,,,,,,,,,,,,,,,,,,
1992-10-07 04:00:00,,,,,,,,,,0.0,,,,,,,,,,,,,,,,,,,,,,,,,,,,,,,,,,,,,,,,,,,,
1992-10-07 05:00:00,1012.0,1015.4,20.9,15.2,70.0,3.5,67.5,,,0.0,0.0,,,21.8,23.8,24.6,25.4,,,,0.0,,,,,,,,,,,,,,,,,,,,,26.0,,,15.0,,,,,,,,,
1992-10-07 06:00:00,,,,,,,,,,0.0,,,,,,,,,,,,,,,,,,,,,,,,,,,,,,,,,,,,,,,,,,,,
1992-10-07 07:00:00,,,,,,,,,,0.0,,,,,,,,,,,,,,,,,,,,,,,,,,,,,,,,,,,,,,,,,,,,
1992-10-07 08:00:00,1013.5,1016.9,24.4,16.7,62.0,5.2,45.0,,,0.0,0.0,1.0,,,,,,,,,2.0,,,,,,,,,,,,,,,,,,,,,,,,15.0,,,,,,,,,
1992-10-07 09:00:00,1013.5,1016.9,25.0,18.1,66.0,6.6,45.0,,,0.0,0.0,1.0,,,,,,,,,2.0,,,,,,,,,,,,,,,,,,,,,,,,18.0,,,,,,,,,
1992-10-07 10:00:00,,,,,,,,,,0.0,,,,,,,,,,,,,,,,,,,,,,,,,,,,,,,,,,,,,,,,,,,,
1992-10-07 11:00:00,1012.6,1015.9,26.7,19.3,64.0,5.9,45.0,,,0.0,0.0,1.0,,,,,,,,,3.0,,,,,,,,,,,,,,,,,,,,,,,,18.0,,,,,,,,,
1992-10-07 12:00:00,,,,,,,,,,0.0,,,,,,,,,,,,,,,,,,,,,,,,,,,,,,,,,,,,,,,,,,,,
1992-10-07 13:00:00,,,,,,,,,,0.0,,,,,,,,,,,,,,,,,,,,,,,,,,,,,,,,,,,,,,,,,,,,
1992-10-07 14:00:00,1011.3,1014.7,24.5,19.3,73.0,6.1,22.5,,,0.0,0.0,0.0,,26.9,25.6,26.0,26.0,,,,10.0,,,,,,,,,,,,,,,,,,,,,26.0,,,12.0,,,,,,,,,
1992-10-07 15:00:00,,,,,,,,,,0.0,,,,,,,,,,,,,,,,,,,,,,,,,,,,,,,,,,,,,,,,,,,,
1992-10-07 16:00:00,,,,,,,,,,0.0,,,,,,,,,,,,,,,,,,,,,,,,,,,,,,,,,,,,,,,,,,,,
1992-10-07 17:00:00,1011.2,1014.6,23.4,19.1,77.0,6.2,45.0,,,0.0,0.0,0.0,,,,,,,,,9.0,,,,,,,,,,,,,,,,,,,,,,,,12.0,,,,,,,,,
1992-10-07 18:00:00,,,,,,,,,,0.0,,,,,,,,,,,,,,,,,,,,,,,,,,,,,,,,,,,,,,,,,,,,
1992-10-07 19:00:00,,,,,,,,,,0.0,,,,,,,,,,,,,,,,,,,,,,,,,,,,,,,,,,,,,,,,,,,,
1992-10-07 20:00:00,1012.1,1015.5,22.7,19.1,80.0,6.8,45.0,,,0.0,0.0,,,,,,,,,,2.0,,,,,,,,,,,,,,,,,,,,,,,,12.0,,,,,,,,,
1992-10-07 21:00:00,1012.1,1015.5,22.7,19.3,81.0,6.0,45.0,,,0.0,0.0,,,23.7,24.8,25.4,25.8,,,,1.0,,,,,,,,,,,,,,,,,,,,,26.1,,,12.0,,,,,,,,,
1992-10-07 22:00:00,,,,,,,,,,0.0,,,,,,,,,,,,,,,,,,,,,,,,,,,,,,,,,,,,,,,,,,,,
1992-10-07 23:00:00,1012.2,1015.6,22.5,19.3,82.0,5.9,45.0,,,0.0,0.0,,,,,,,,,,2.0,,,,,,,,,,,,,,,,,,,,,,,,12.0,,,,,,,,,
1992-10-08 00:00:00,,,,,,,,,,0.0,,,,,,,,,,,,,,,,,,,,,,,,,,,,,,,,,,,,,,,,,,,,
1992-10-08 01:00:00,,,,,,,,,,0.0,,,,,,,,,,,,,,,,,,,,,,,,,,,,,,,,,,,,,,,,,,,,
1992-10-08 02:00:00,1012.1,1015.5,22.6,19.5,83.0,3.9,67.5,,,0.0,0.0,,,,,,,,,,4.0,,,,,,,,,,,,,,,,,,,,,,,,12.0,,,,,,,,,
1992-10-08 03:00:00,,,,,,,,,,0.0,,,,,,,,,,,,,,,,,,,,,,,,,,,,,,,,,,,,,,,,,,,,
1992-10-08 04:00:00,,,,,,,,,,0.0,,,,,,,,,,,,,,,,,,,,,,,,,,,,,,,,,,,,,,,,,,,,
1992-10-08 05:00:00,1012.1,1015.5,22.7,19.2,81.0,4.2,67.5,,,0.0,0.0,,,23.6,24.3,25.1,25.6,,,,6.0,,,,,,,,,,,,,,,,,,,,,26.1,,,12.0,,,,,,,,,
1992-10-08 06:00:00,,,,,,,,,,0.0,,,,,,,,,,,,,,,,,,,,,,,,,,,,,,,,,,,,,,,,,,,,
1992-10-08 07:00:00,,,,,,,,,,0.0,,,,,,,,,,,,,,,,,,,,,,,,,,,,,,,,,,,,,,,,,,,,
1992-10-08 08:00:00,1013.7,1017.1,23.5,19.3,77.0,6.2,45.0,,,0.0,0.0,0.0,,,,,,,,,7.0,,,,,,,,,,,,,,,,,,,,,,,,12.0,,,,,,,,,
1992-10-08 09:00:00,1013.9,1017.3,23.9,19.0,74.0,7.9,45.0,,,0.0,0.0,0.0,,,,,,,,,8.0,,,,,,,,,,,,,,,,,,,,,,,,12.0,,,,,,,,,
1992-10-08 10:00:00,,,,,,,,,,0.0,,,,,,,,,,,,,,,,,,,,,,,,,,,,,,,,,,,,,,,,,,,,
1992-10-08 11:00:00,1013.3,1016.7,25.4,19.4,69.0,8.8,45.0,,,0.0,0.0,0.4,,,,,,,,,6.0,,,,,,,,,,,,,,,,,,,,,,,,12.0,,,,,,,,,
1992-10-08 12:00:00,,,,,,,,,,0.0,,,,,,,,,,,,,,,,,,,,,,,,,,,,,,,,,,,,,,,,,,,,
1992-10-08 13:00:00,,,,,,,,,,0.0,,,,,,,,,,,,,,,,,,,,,,,,,,,,,,,,,,,,,,,,,,,,
1992-10-08 14:00:00,1011.9,1015.3,24.0,18.3,70.0,8.8,45.0,,,0.0,0.0,0.0,,26.4,25.5,25.7,25.8,,,,9.0,,,,,,,,,,,,,,,,,,,,,26.0,,,12.0,,,,,,,,,
1992-10-08 15:00:00,,,,,,,,,,0.0,,,,,,,,,,,,,,,,,,,,,,,,,,,,,,,,,,,,,,,,,,,,
1992-10-08 16:00:00,,,,,,,,,,0.0,,,,,,,,,,,,,,,,,,,,,,,,,,,,,,,,,,,,,,,,,,,,
1992-10-08 17:00:00,1012.9,1016.3,22.8,17.6,72.0,6.9,45.0,,,0.0,0.0,0.0,,,,,,,,,4.0,,,,,,,,,,,,,,,,,,,,,,,,12.0,,,,,,,,,
1992-10-08 18:00:00,,,,,,,,,,0.0,,,,,,,,,,,,,,,,,,,,,,,,,,,,,,,,,,,,,,,,,,,,
1992-10-08 19:00:00,,,,,,,,,,0.0,,,,,,,,,,,,,,,,,,,,,,,,,,,,,,,,,,,,,,,,,,,,
1992-10-08 20:00:00,1014.8,1018.2,21.9,17.0,74.0,4.8,67.5,,,0.0,0.0,,,,,,,,,,3.0,,,,,,,,,,,,,,,,,,,,,,,,10.0,,,,,,,,,
1992-10-08 21:00:00,1015.2,1018.6,21.9,16.9,73.0,6.4,67.5,,,0.0,0.0,,,22.8,24.3,25.2,25.7,,,,2.0,,,,,,,,,,,,,,,,,,,,,26.0,,,10.0,,,,,,,,,
1992-10-08 22:00:00,,,,,,,,,,0.0,,,,,,,,,,,,,,,,,,,,,,,,,,,,,,,,,,,,,,,,,,,,
1992-10-08 23:00:00,1014.7,1018.1,21.6,16.7,74.0,6.2,45.0,,,0.0,0.0,,,,,,,,,,2.0,,,,,,,,,,,,,,,,,,,,,,,,10.0,,,,,,,,,
1992-10-09 00:00:00,,,,,,,,,,0.0,,,,,,,,,,,,,,,,,,,,,,,,,,,,,,,,,,,,,,,,,,,,
1992-10-09 01:00:00,,,,,,,,,,0.0,,,,,,,,,,,,,,,,,,,,,,,,,,,,,,,,,,,,,,,,,,,,
1992-10-09 02:00:00,1013.1,1016.5,21.4,17.0,76.0,4.7,45.0,,,0.0,0.0,,,,,,,,,,1.0,,,,,,,,,,,,,,,,,,,,,,,,10.0,,,,,,,,,
1992-10-09 03:00:00,,,,,,,,,,0.0,,,,,,,,,,,,,,,,,,,,,,,,,,,,,,,,,,,,,,,,,,,,
1992-10-09 04:00:00,,,,,,,,,,0.0,,,,,,,,,,,,,,,,,,,,,,,,,,,,,,,,,,,,,,,,,,,,
1992-10-09 05:00:00,1013.0,1016.4,21.4,18.0,81.0,3.9,67.5,,,0.0,0.0,,,22.4,23.8,24.5,25.2,,,,4.0,,,,,,,,,,,,,,,,,,,,,25.7,,,10.0,,,,,,,,,
1992-10-09 06:00:00,,,,,,,,,,0.0,,,,,,,,,,,,,,,,,,,,,,,,,,,,,,,,,,,,,,,,,,,,
1992-10-09 07:00:00,,,,,,,,,,0.0,,,,,,,,,,,,,,,,,,,,,,,,,,,,,,,,,,,,,,,,,,,,
1992-10-09 08:00:00,1013.8,1017.2,24.5,18.7,70.0,6.5,45.0,,,0.0,0.0,1.0,,,,,,,,,2.0,,,,,,,,,,,,,,,,,,,,,,,,15.0,,,,,,,,,
1992-10-09 09:00:00,1013.7,1017.1,25.0,18.7,68.0,10.4,67.5,,,0.0,0.0,1.0,,,,,,,,,2.0,,,,,,,,,,,,,,,,,,,,,,,,15.0,,,,,,,,,
1992-10-09 10:00:00,,,,,,,,,,0.0,,,,,,,,,,,,,,,,,,,,,,,,,,,,,,,,,,,,,,,,,,,,
1992-10-09 11:00:00,1012.9,1016.3,25.1,19.2,70.0,9.6,45.0,,,0.0,0.0,0.8,,,,,,,,,3.0,,,,,,,,,,,,,,,,,,,,,,,,15.0,,,,,,,,,
1992-10-09 12:00:00,,,,,,,,,,0.0,,,,,,,,,,,,,,,,,,,,,,,,,,,,,,,,,,,,,,,,,,,,
1992-10-09 13:00:00,,,,,,,,,,0.0,,,,,,,,,,,,,,,,,,,,,,,,,,,,,,,,,,,,,,,,,,,,
1992-10-09 14:00:00,1011.2,1014.6,24.3,17.8,67.0,9.8,45.0,,,0.0,0.0,0.7,,26.5,26.3,25.5,25.5,,,,3.0,,,,,,,,,,,,,,,,,,,,,25.8,,,18.0,,,,,,,,,
1992-10-09 15:00:00,,,,,,,,,,0.0,,,,,,,,,,,,,,,,,,,,,,,,,,,,,,,,,,,,,,,,,,,,
1992-10-09 16:00:00,,,,,,,,,,0.0,,,,,,,,,,,,,,,,,,,,,,,,,,,,,,,,,,,,,,,,,,,,
1992-10-09 17:00:00,1011.2,1014.6,22.9,16.3,66.0,7.7,67.5,,,0.0,0.0,0.9,,,,,,,,,1.0,,,,,,,,,,,,,,,,,,,,,,,,18.0,,,,,,,,,
1992-10-09 18:00:00,,,,,,,,,,0.0,,,,,,,,,,,,,,,,,,,,,,,,,,,,,,,,,,,,,,,,,,,,
1992-10-09 19:00:00,,,,,,,,,,0.0,,,,,,,,,,,,,,,,,,,,,,,,,,,,,,,,,,,,,,,,,,,,
1992-10-09 20:00:00,1012.1,1015.5,22.5,16.3,68.0,8.6,45.0,,,0.0,0.0,,,,,,,,,,9.0,,,,,,,,,,,,,,,,,,,,,,,,12.0,,,,,,,,,
1992-10-09 21:00:00,1012.0,1015.4,22.2,16.4,70.0,8.3,67.5,,,0.0,0.0,,,23.0,24.1,25.0,25.5,,,,6.0,,,,,,,,,,,,,,,,,,,,,25.8,,,12.0,,,,,,,,,
1992-10-09 22:00:00,,,,,,,,,,0.0,,,,,,,,,,,,,,,,,,,,,,,,,,,,,,,,,,,,,,,,,,,,
1992-10-09 23:00:00,1012.0,1015.4,22.8,16.4,67.0,7.7,67.5,,,0.0,0.0,,,,,,,,,,10.0,,,,,,,,,,,,,,,,,,,,,,,,12.0,,,,,,,,,
1992-10-10 00:00:00,,,,,,,,,,0.0,,,,,,,,,,,,,,,,,,,,,,,,,,,,,,,,,,,,,,,,,,,,
1992-10-10 01:00:00,,,,,,,,,,0.0,,,,,,,,,,,,,,,,,,,,,,,,,,,,,,,,,,,,,,,,,,,,
1992-10-10 02:00:00,1010.6,1014.0,22.4,16.8,71.0,4.8,67.5,,,0.0,0.0,,,,,,,,,,10.0,,,,,,,,,,,,,,,,,,,,,,,,12.0,,,,,,,,,
1992-10-10 03:00:00,,,,,,,,,,0.0,,,,,,,,,,,,,,,,,,,,,,,,,,,,,,,,,,,,,,,,,,,,
1992-10-10 04:00:00,,,,,,,,,,0.0,,,,,,,,,,,,,,,,,,,,,,,,,,,,,,,,,,,,,,,,,,,,
1992-10-10 05:00:00,1010.1,1013.5,22.1,17.3,74.0,4.1,67.5,,,0.0,0.0,,,22.5,23.8,24.5,25.1,,,,4.0,,,,,,,,,,,,,,,,,,,,,25.5,,,12.0,,,,,,,,,
1992-10-10 06:00:00,,,,,,,,,,0.0,,,,,,,,,,,,,,,,,,,,,,,,,,,,,,,,,,,,,,,,,,,,
1992-10-10 07:00:00,,,,,,,,,,0.0,,,,,,,,,,,,,,,,,,,,,,,,,,,,,,,,,,,,,,,,,,,,
1992-10-10 08:00:00,1011.1,1014.5,24.1,17.5,67.0,6.9,67.5,,,0.0,0.0,0.5,,,,,,,,,1.0,,,,,,,,,,,,,,,,,,,,,,,,12.0,,,,,,,,,
1992-10-10 09:00:00,1011.4,1014.8,25.2,18.1,65.0,7.2,45.0,,,0.0,0.0,1.0,,,,,,,,,2.0,,,,,,,,,,,,,,,,,,,,,,,,15.0,,,,,,,,,
1992-10-10 10:00:00,,,,,,,,,,0.0,,,,,,,,,,,,,,,,,,,,,,,,,,,,,,,,,,,,,,,,,,,,
1992-10-10 11:00:00,1010.4,1013.7,26.8,18.2,59.0,7.6,67.5,,,0.0,0.0,1.0,,,,,,,,,2.0,,,,,,,,,,,,,,,,,,,,,,,,15.0,,,,,,,,,
1992-10-10 12:00:00,,,,,,,,,,0.0,,,,,,,,,,,,,,,,,,,,,,,,,,,,,,,,,,,,,,,,,,,,
1992-10-10 13:00:00,,,,,,,,,,0.0,,,,,,,,,,,,,,,,,,,,,,,,,,,,,,,,,,,,,,,,,,,,
1992-10-10 14:00:00,1008.8,1012.1,25.9,18.0,62.0,8.8,45.0,,,0.0,0.0,0.8,,28.1,26.0,25.8,25.7,,,,4.0,,,,,,,,,,,,,,,,,,,,,25.8,,,15.0,,,,,,,,,
1992-10-10 15:00:00,,,,,,,,,,0.0,,,,,,,,,,,,,,,,,,,,,,,,,,,,,,,,,,,,,,,,,,,,
1992-10-10 16:00:00,,,,,,,,,,0.0,,,,,,,,,,,,,,,,,,,,,,,,,,,,,,,,,,,,,,,,,,,,
1992-10-10 17:00:00,1009.0,1012.4,23.9,17.6,68.0,7.4,45.0,,,0.0,0.0,0.3,,,,,,,,,3.0,,,,,,,,,,,,,,,,,,,,,,,,15.0,,,,,,,,,
1992-10-10 18:00:00,,,,,,,,,,0.0,,,,,,,,,,,,,,,,,,,,,,,,,,,,,,,,,,,,,,,,,,,,
1992-10-10 19:00:00,,,,,,,,,,0.0,,,,,,,,,,,,,,,,,,,,,,,,,,,,,,,,,,,,,,,,,,,,
1992-10-10 20:00:00,1009.1,1012.5,22.9,17.8,73.0,6.7,45.0,,,0.0,0.0,,,,,,,,,,2.0,,,,,,,,,,,,,,,,,,,,,,,,15.0,,,,,,,,,
1992-10-10 21:00:00,1010.1,1013.5,22.8,17.9,74.0,6.6,45.0,,,0.0,0.0,,,23.5,24.6,25.4,25.8,,,,2.0,,,,,,,,,,,,,,,,,,,,,25.9,,,15.0,,,,,,,,,
1992-10-10 22:00:00,,,,,,,,,,0.0,,,,,,,,,,,,,,,,,,,,,,,,,,,,,,,,,,,,,,,,,,,,
1992-10-10 23:00:00,1010.3,1013.7,22.3,17.9,76.0,1.4,90.0,,,0.0,0.0,,,,,,,,,,2.0,,,,,,,,,,,,,,,,,,,,,,,,12.0,,,,,,,,,
1992-10-11 00:00:00,,,,,,,,,,0.0,,,,,,,,,,,,,,,,,,,,,,,,,,,,,,,,,,,,,,,,,,,,
1992-10-11 01:00:00,,,,,,,,,,0.0,,,,,,,,,,,,,,,,,,,,,,,,,,,,,,,,,,,,,,,,,,,,
1992-10-11 02:00:00,1008.9,1012.3,22.0,18.2,79.0,3.1,67.5,,,0.0,0.0,,,,,,,,,,3.0,,,,,,,,,,,,,,,,,,,,,,,,12.0,,,,,,,,,
1992-10-11 03:00:00,,,,,,,,,,0.0,,,,,,,,,,,,,,,,,,,,,,,,,,,,,,,,,,,,,,,,,,,,
1992-10-11 04:00:00,,,,,,,,,,0.0,,,,,,,,,,,,,,,,,,,,,,,,,,,,,,,,,,,,,,,,,,,,
1992-10-11 05:00:00,1009.6,1013.0,22.1,17.6,76.0,5.7,45.0,,,0.0,0.0,,,22.7,24.0,24.8,25.4,,,,4.0,,,,,,,,,,,,,,,,,,,,,25.8,,,15.0,,,,,,,,,
1992-10-11 06:00:00,,,,,,,,,,0.0,,,,,,,,,,,,,,,,,,,,,,,,,,,,,,,,,,,,,,,,,,,,
1992-10-11 07:00:00,,,,,,,,,,0.0,,,,,,,,,,,,,,,,,,,,,,,,,,,,,,,,,,,,,,,,,,,,
1992-10-11 08:00:00,1010.3,1013.7,24.2,17.5,66.0,6.6,67.5,,,0.0,0.0,0.9,,,,,,,,,3.0,,,,,,,,,,,,,,,,,,,,,,,,15.0,,,,,,,,,
1992-10-11 09:00:00,1010.2,1013.6,25.3,17.0,60.0,7.8,67.5,,,0.0,0.0,1.0,,,,,,,,,1.0,,,,,,,,,,,,,,,,,,,,,,,,15.0,,,,,,,,,
1992-10-11 10:00:00,,,,,,,,,,0.0,,,,,,,,,,,,,,,,,,,,,,,,,,,,,,,,,,,,,,,,,,,,
1992-10-11 11:00:00,1009.4,1012.7,27.4,16.5,51.0,8.1,67.5,,,0.0,0.0,1.0,,,,,,,,,1.0,,,,,,,,,,,,,,,,,,,,,,,,20.0,,,,,,,,,
1992-10-11 12:00:00,,,,,,,,,,0.0,,,,,,,,,,,,,,,,,,,,,,,,,,,,,,,,,,,,,,,,,,,,
1992-10-11 13:00:00,,,,,,,,,,0.0,,,,,,,,,,,,,,,,,,,,,,,,,,,,,,,,,,,,,,,,,,,,
1992-10-11 14:00:00,1008.4,1011.7,26.9,16.7,54.0,7.5,45.0,,,0.0,0.0,0.7,,27.9,25.8,25.7,25.7,,,,4.0,,,,,,,,,,,,,,,,,,,,,26.0,,,20.0,,,,,,,,,
1992-10-11 15:00:00,,,,,,,,,,0.0,,,,,,,,,,,,,,,,,,,,,,,,,,,,,,,,,,,,,,,,,,,,
1992-10-11 16:00:00,,,,,,,,,,0.0,,,,,,,,,,,,,,,,,,,,,,,,,,,,,,,,,,,,,,,,,,,,
1992-10-11 17:00:00,1009.0,1012.4,24.2,16.4,62.0,8.0,45.0,,,0.0,0.0,1.0,,,,,,,,,2.0,,,,,,,,,,,,,,,,,,,,,,,,18.0,,,,,,,,,
1992-10-11 18:00:00,,,,,,,,,,0.0,,,,,,,,,,,,,,,,,,,,,,,,,,,,,,,,,,,,,,,,,,,,
1992-10-11 19:00:00,,,,,,,,,,0.0,,,,,,,,,,,,,,,,,,,,,,,,,,,,,,,,,,,,,,,,,,,,
1992-10-11 20:00:00,1010.5,1013.9,22.5,16.8,70.0,7.5,45.0,,,0.0,0.0,,,,,,,,,,2.0,,,,,,,,,,,,,,,,,,,,,,,,15.0,,,,,,,,,
1992-10-11 21:00:00,1010.9,1014.3,22.6,16.8,70.0,5.6,67.5,,,0.0,0.0,,,22.4,24.1,25.3,25.7,,,,2.0,,,,,,,,,,,,,,,,,,,,,26.0,,,15.0,,,,,,,,,
1992-10-11 22:00:00,,,,,,,,,,0.0,,,,,,,,,,,,,,,,,,,,,,,,,,,,,,,,,,,,,,,,,,,,
1992-10-11 23:00:00,1011.1,1014.5,21.9,16.7,72.0,3.7,67.5,,,0.0,0.0,,,,,,,,,,3.0,,,,,,,,,,,,,,,,,,,,,,,,15.0,,,,,,,,,
1992-10-12 00:00:00,,,,,,,,,,0.0,,,,,,,,,,,,,,,,,,,,,,,,,,,,,,,,,,,,,,,,,,,,
1992-10-12 01:00:00,,,,,,,,,,0.0,,,,,,,,,,,,,,,,,,,,,,,,,,,,,,,,,,,,,,,,,,,,
1992-10-12 02:00:00,1010.1,1013.5,21.6,16.8,74.0,2.4,67.5,,,0.0,0.0,,,,,,,,,,10.0,,,,,,,,,,,,,,,,,,,,,,,,12.0,,,,,,,,,
1992-10-12 03:00:00,,,,,,,,,,0.0,,,,,,,,,,,,,,,,,,,,,,,,,,,,,,,,,,,,,,,,,,,,
1992-10-12 04:00:00,,,,,,,,,,0.0,,,,,,,,,,,,,,,,,,,,,,,,,,,,,,,,,,,,,,,,,,,,
1992-10-12 05:00:00,1009.9,1013.3,22.2,17.6,75.0,3.8,67.5,,,0.0,0.0,,,22.8,23.8,24.7,25.2,,,,4.0,,,,,,,,,,,,,,,,,,,,,25.6,,,12.0,,,,,,,,,
1992-10-12 06:00:00,,,,,,,,,,0.0,,,,,,,,,,,,,,,,,,,,,,,,,,,,,,,,,,,,,,,,,,,,
1992-10-12 07:00:00,,,,,,,,,,0.0,,,,,,,,,,,,,,,,,,,,,,,,,,,,,,,,,,,,,,,,,,,,
1992-10-12 08:00:00,1010.6,1014.0,24.3,18.9,72.0,6.7,45.0,,,0.0,0.0,0.7,,,,,,,,,6.0,,,,,,,,,,,,,,,,,,,,,,,,12.0,,,,,,,,,
1992-10-12 09:00:00,1011.0,1014.4,25.5,19.5,69.0,6.8,45.0,,,0.0,0.0,0.6,,,,,,,,,7.0,,,,,,,,,,,,,,,,,,,,,,,,15.0,,,,,,,,,
1992-10-12 10:00:00,,,,,,,,,,0.0,,,,,,,,,,,,,,,,,,,,,,,,,,,,,,,,,,,,,,,,,,,,
1992-10-12 11:00:00,1009.7,1013.0,26.2,19.6,67.0,9.4,45.0,,,0.0,0.0,0.5,,,,,,,,,6.0,,,,,,,,,,,,,,,,,,,,,,,,15.0,,,,,,,,,
1992-10-12 12:00:00,,,,,,,,,,0.0,,,,,,,,,,,,,,,,,,,,,,,,,,,,,,,,,,,,,,,,,,,,
1992-10-12 13:00:00,,,,,,,,,,0.0,,,,,,,,,,,,,,,,,,,,,,,,,,,,,,,,,,,,,,,,,,,,
1992-10-12 14:00:00,1007.7,1011.0,25.0,19.2,70.0,10.7,45.0,,,0.0,0.0,0.6,,27.8,25.8,25.8,25.7,,,,8.0,,,,,,,,,,,,,,,,,,,,,25.7,,,15.0,,,,,,,,,
1992-10-12 15:00:00,,,,,,,,,,0.0,,,,,,,,,,,,,,,,,,,,,,,,,,,,,,,,,,,,,,,,,,,,
1992-10-12 16:00:00,,,,,,,,,,0.0,,,,,,,,,,,,,,,,,,,,,,,,,,,,,,,,,,,,,,,,,,,,
1992-10-12 17:00:00,1009.6,1013.0,22.0,18.6,81.0,7.6,45.0,,,0.1,0.9,0.0,,,,,,,,,10.0,,,,,,,,,,,,,,,,,,,,,,,,6.0,,,,,,,,,
1992-10-12 18:00:00,,,,,,,,,,0.3,,,,,,,,,,,,,,,,,,,,,,,,,,,,,,,,,,,,,,,,,,,,
1992-10-12 19:00:00,,,,,,,,,,0.3,,,,,,,,,,,,,,,,,,,,,,,,,,,,,,,,,,,,,,,,,,,,
1992-10-12 20:00:00,1010.6,1014.0,21.7,19.0,85.0,3.7,22.5,,,-9.8,0.5,,,,,,,,,,7.0,,,,,,,,,,,,,,,,,,,,,,,,8.0,,,,,,,,,
1992-10-12 21:00:00,1010.5,1013.9,22.3,18.6,80.0,8.1,67.5,,,0.0,0.0,,,23.0,23.6,24.5,25.7,,,,7.0,,,,,,,,,,,,,,,,,,,,,25.8,,,10.0,,,,,,,,,
1992-10-12 22:00:00,,,,,,,,,,0.0,,,,,,,,,,,,,,,,,,,,,,,,,,,,,,,,,,,,,,,,,,,,
1992-10-12 23:00:00,1010.7,1014.1,21.8,18.9,84.0,6.7,45.0,,,-9.8,0.3,,,,,,,,,,10.0,,,,,,,,,,,,,,,,,,,,,,,,8.0,,,,,,,,,
1992-10-13 00:00:00,,,,,,,,,,-9.8,,,,,,,,,,,,,,,,,,,,,,,,,,,,,,,,,,,,,,,,,,,,
1992-10-13 01:00:00,,,,,,,,,,0.1,,,,,,,,,,,,,,,,,,,,,,,,,,,,,,,,,,,,,,,,,,,,
1992-10-13 02:00:00,1009.6,1013.0,21.9,18.8,83.0,5.2,67.5,,,-9.8,0.1,,,,,,,,,,10.0,,,,,,,,,,,,,,,,,,,,,,,,8.0,,,,,,,,,
1992-10-13 03:00:00,,,,,,,,,,0.4,,,,,,,,,,,,,,,,,,,,,,,,,,,,,,,,,,,,,,,,,,,,
1992-10-13 04:00:00,,,,,,,,,,0.4,,,,,,,,,,,,,,,,,,,,,,,,,,,,,,,,,,,,,,,,,,,,
1992-10-13 05:00:00,1010.1,1013.5,21.1,18.9,87.0,5.2,45.0,,,0.2,1.0,,,24.0,24.3,24.8,25.2,,,,10.0,,,,,,,,,,,,,,,,,,,,,25.6,,,10.0,,,,,,,,,
1992-10-13 06:00:00,,,,,,,,,,0.3,,,,,,,,,,,,,,,,,,,,,,,,,,,,,,,,,,,,,,,,,,,,
1992-10-13 07:00:00,,,,,,,,,,0.0,,,,,,,,,,,,,,,,,,,,,,,,,,,,,,,,,,,,,,,,,,,,
1992-10-13 08:00:00,1011.0,1014.4,21.6,17.1,76.0,6.4,67.5,,,0.0,0.0,0.0,,,,,,,,,10.0,,,,,,,,,,,,,,,,,,,,,,,,10.0,,,,,,,,,
1992-10-13 09:00:00,1010.9,1014.3,22.3,17.7,75.0,6.4,67.5,,,0.0,0.0,0.0,,,,,,,,,10.0,,,,,,,,,,,,,,,,,,,,,,,,10.0,,,,,,,,,
1992-10-13 10:00:00,,,,,,,,,,0.0,,,,,,,,,,,,,,,,,,,,,,,,,,,,,,,,,,,,,,,,,,,,
1992-10-13 11:00:00,1010.3,1013.7,23.7,18.4,72.0,8.1,45.0,,,0.0,0.0,0.0,,,,,,,,,10.0,,,,,,,,,,,,,,,,,,,,,,,,12.0,,,,,,,,,
1992-10-13 12:00:00,,,,,,,,,,0.0,,,,,,,,,,,,,,,,,,,,,,,,,,,,,,,,,,,,,,,,,,,,
1992-10-13 13:00:00,,,,,,,,,,0.0,,,,,,,,,,,,,,,,,,,,,,,,,,,,,,,,,,,,,,,,,,,,
1992-10-13 14:00:00,1008.7,1012.1,23.1,17.6,71.0,7.7,45.0,,,0.0,0.0,0.3,,24.5,24.8,25.1,25.4,,,,10.0,,,,,,,,,,,,,,,,,,,,,25.6,,,10.0,,,,,,,,,
1992-10-13 15:00:00,,,,,,,,,,0.0,,,,,,,,,,,,,,,,,,,,,,,,,,,,,,,,,,,,,,,,,,,,
1992-10-13 16:00:00,,,,,,,,,,0.0,,,,,,,,,,,,,,,,,,,,,,,,,,,,,,,,,,,,,,,,,,,,
1992-10-13 17:00:00,1009.1,1012.5,21.9,17.8,78.0,5.9,45.0,,,0.0,0.0,0.0,,,,,,,,,10.0,,,,,,,,,,,,,,,,,,,,,,,,10.0,,,,,,,,,
1992-10-13 18:00:00,,,,,,,,,,0.0,,,,,,,,,,,,,,,,,,,,,,,,,,,,,,,,,,,,,,,,,,,,
1992-10-13 19:00:00,,,,,,,,,,0.0,,,,,,,,,,,,,,,,,,,,,,,,,,,,,,,,,,,,,,,,,,,,
1992-10-13 20:00:00,1009.9,1013.3,20.9,17.6,81.0,6.4,45.0,,,0.0,0.0,,,,,,,,,,10.0,,,,,,,,,,,,,,,,,,,,,,,,10.0,,,,,,,,,
1992-10-13 21:00:00,1009.8,1013.2,21.2,17.4,79.0,7.2,67.5,,,0.0,0.0,,,22.2,23.9,24.7,25.2,,,,10.0,,,,,,,,,,,,,,,,,,,,,25.5,,,10.0,,,,,,,,,
1992-10-13 22:00:00,,,,,,,,,,0.0,,,,,,,,,,,,,,,,,,,,,,,,,,,,,,,,,,,,,,,,,,,,
1992-10-13 23:00:00,1009.8,1013.2,20.9,17.7,82.0,4.8,45.0,,,0.0,0.0,,,,,,,,,,10.0,,,,,,,,,,,,,,,,,,,,,,,,10.0,,,,,,,,,
1992-10-14 00:00:00,,,,,,,,,,0.0,,,,,,,,,,,,,,,,,,,,,,,,,,,,,,,,,,,,,,,,,,,,
1992-10-14 01:00:00,,,,,,,,,,0.0,,,,,,,,,,,,,,,,,,,,,,,,,,,,,,,,,,,,,,,,,,,,
1992-10-14 02:00:00,1009.7,1013.1,20.7,17.8,83.0,5.4,45.0,,,0.0,0.0,,,,,,,,,,10.0,,,,,,,,,,,,,,,,,,,,,,,,12.0,,,,,,,,,
1992-10-14 03:00:00,,,,,,,,,,0.0,,,,,,,,,,,,,,,,,,,,,,,,,,,,,,,,,,,,,,,,,,,,
1992-10-14 04:00:00,,,,,,,,,,0.5,,,,,,,,,,,,,,,,,,,,,,,,,,,,,,,,,,,,,,,,,,,,
1992-10-14 05:00:00,1009.0,1012.4,20.5,18.2,87.0,5.3,45.0,,,-9.8,1.0,,,22.2,23.5,24.2,24.8,,,,10.0,,,,,,,,,,,,,,,,,,,,,25.3,,,8.0,,,,,,,,,
1992-10-14 06:00:00,,,,,,,,,,0.1,,,,,,,,,,,,,,,,,,,,,,,,,,,,,,,,,,,,,,,,,,,,
1992-10-14 07:00:00,,,,,,,,,,0.2,,,,,,,,,,,,,,,,,,,,,,,,,,,,,,,,,,,,,,,,,,,,
1992-10-14 08:00:00,1009.7,1013.1,20.9,18.5,86.0,5.4,45.0,,,-9.8,1.0,0.0,,,,,,,,,10.0,,,,,,,,,,,,,,,,,,,,,,,,8.0,,,,,,,,,
1992-10-14 09:00:00,1009.9,1013.3,20.9,18.8,88.0,5.3,45.0,,,0.3,1.0,0.0,,,,,,,,,10.0,,,,,,,,,,,,,,,,,,,,,,,,5.0,,,,,,,,,
1992-10-14 10:00:00,,,,,,,,,,0.3,,,,,,,,,,,,,,,,,,,,,,,,,,,,,,,,,,,,,,,,,,,,
1992-10-14 11:00:00,1008.7,1012.1,20.9,19.4,91.0,5.9,45.0,,,1.0,1.0,0.0,,,,,,,,,10.0,,,,,,,,,,,,,,,,,,,,,,,,3.0,,,,,,,,,
1992-10-14 12:00:00,,,,,,,,,,1.2,,,,,,,,,,,,,,,,,,,,,,,,,,,,,,,,,,,,,,,,,,,,
1992-10-14 13:00:00,,,,,,,,,,0.9,,,,,,,,,,,,,,,,,,,,,,,,,,,,,,,,,,,,,,,,,,,,
1992-10-14 14:00:00,1007.0,1010.4,20.8,19.3,91.0,6.0,45.0,,,0.9,1.0,0.0,,23.0,23.6,24.1,24.7,,,,10.0,,,,,,,,,,,,,,,,,,,,,25.0,,,3.0,,,,,,,,,
1992-10-14 15:00:00,,,,,,,,,,0.9,,,,,,,,,,,,,,,,,,,,,,,,,,,,,,,,,,,,,,,,,,,,
1992-10-14 16:00:00,,,,,,,,,,2.3,,,,,,,,,,,,,,,,,,,,,,,,,,,,,,,,,,,,,,,,,,,,
1992-10-14 17:00:00,1007.2,1010.6,19.6,18.0,90.0,8.7,45.0,,,1.7,1.0,0.0,,,,,,,,,10.0,,,,,,,,,,,,,,,,,,,,,,,,3.0,,,,,,,,,
1992-10-14 18:00:00,,,,,,,,,,0.4,,,,,,,,,,,,,,,,,,,,,,,,,,,,,,,,,,,,,,,,,,,,
1992-10-14 19:00:00,,,,,,,,,,0.7,,,,,,,,,,,,,,,,,,,,,,,,,,,,,,,,,,,,,,,,,,,,
1992-10-14 20:00:00,1008.8,1012.2,20.2,18.9,92.0,5.3,45.0,,,1.6,1.0,,,,,,,,,,10.0,,,,,,,,,,,,,,,,,,,,,,,,3.0,,,,,,,,,
1992-10-14 21:00:00,1009.1,1012.5,20.1,18.8,92.0,6.1,45.0,,,2.6,1.0,,,21.8,22.8,23.8,24.3,,,,10.0,,,,,,,,,,,,,,,,,,,,,24.8,,,3.0,,,,,,,,,
1992-10-14 22:00:00,,,,,,,,,,2.5,,,,,,,,,,,,,,,,,,,,,,,,,,,,,,,,,,,,,,,,,,,,
1992-10-14 23:00:00,1009.1,1012.5,19.9,18.5,92.0,6.8,45.0,,,0.8,1.0,,,,,,,,,,10.0,,,,,,,,,,,,,,,,,,,,,,,,3.0,,,,,,,,,
1992-10-15 00:00:00,,,,,,,,,,0.2,,,,,,,,,,,,,,,,,,,,,,,,,,,,,,,,,,,,,,,,,,,,
1992-10-15 01:00:00,,,,,,,,,,-9.8,,,,,,,,,,,,,,,,,,,,,,,,,,,,,,,,,,,,,,,,,,,,
1992-10-15 02:00:00,1008.7,1012.1,19.8,18.1,90.0,4.7,67.5,,,0.1,1.0,,,,,,,,,,10.0,,,,,,,,,,,,,,,,,,,,,,,,3.0,,,,,,,,,
1992-10-15 03:00:00,,,,,,,,,,0.1,,,,,,,,,,,,,,,,,,,,,,,,,,,,,,,,,,,,,,,,,,,,
1992-10-15 04:00:00,,,,,,,,,,0.0,,,,,,,,,,,,,,,,,,,,,,,,,,,,,,,,,,,,,,,,,,,,
1992-10-15 05:00:00,1007.9,1011.3,20.3,16.9,81.0,4.7,67.5,,,0.0,0.0,,,21.5,22.7,23.5,24.0,,,,10.0,,,,,,,,,,,,,,,,,,,,,24.8,,,12.0,,,,,,,,,
1992-10-15 06:00:00,,,,,,,,,,0.0,,,,,,,,,,,,,,,,,,,,,,,,,,,,,,,,,,,,,,,,,,,,
1992-10-15 07:00:00,,,,,,,,,,0.0,,,,,,,,,,,,,,,,,,,,,,,,,,,,,,,,,,,,,,,,,,,,
1992-10-15 08:00:00,1009.5,1012.9,20.6,17.6,83.0,3.7,67.5,,,0.0,0.0,0.0,,,,,,,,,10.0,,,,,,,,,,,,,,,,,,,,,,,,12.0,,,,,,,,,
1992-10-15 09:00:00,1009.5,1012.9,21.2,17.0,77.0,4.3,67.5,,,0.0,0.0,0.0,,,,,,,,,10.0,,,,,,,,,,,,,,,,,,,,,,,,12.0,,,,,,,,,
1992-10-15 10:00:00,,,,,,,,,,0.0,,,,,,,,,,,,,,,,,,,,,,,,,,,,,,,,,,,,,,,,,,,,
1992-10-15 11:00:00,1008.3,1011.7,21.6,16.9,75.0,5.8,67.5,,,0.0,0.0,0.0,,,,,,,,,10.0,,,,,,,,,,,,,,,,,,,,,,,,12.0,,,,,,,,,
1992-10-15 12:00:00,,,,,,,,,,0.0,,,,,,,,,,,,,,,,,,,,,,,,,,,,,,,,,,,,,,,,,,,,
1992-10-15 13:00:00,,,,,,,,,,0.0,,,,,,,,,,,,,,,,,,,,,,,,,,,,,,,,,,,,,,,,,,,,
1992-10-15 14:00:00,1007.3,1010.7,19.9,17.2,84.0,6.5,67.5,,,0.7,0.9,0.0,,22.1,22.8,23.3,23.8,,,,10.0,,,,,,,,,,,,,,,,,,,,,24.4,,,7.0,,,,,,,,,
1992-10-15 15:00:00,,,,,,,,,,0.1,,,,,,,,,,,,,,,,,,,,,,,,,,,,,,,,,,,,,,,,,,,,
1992-10-15 16:00:00,,,,,,,,,,0.1,,,,,,,,,,,,,,,,,,,,,,,,,,,,,,,,,,,,,,,,,,,,
1992-10-15 17:00:00,1007.9,1011.3,20.1,17.4,84.0,4.6,67.5,,,0.1,0.3,0.0,,,,,,,,,10.0,,,,,,,,,,,,,,,,,,,,,,,,6.0,,,,,,,,,
1992-10-15 18:00:00,,,,,,,,,,0.0,,,,,,,,,,,,,,,,,,,,,,,,,,,,,,,,,,,,,,,,,,,,
1992-10-15 19:00:00,,,,,,,,,,0.3,,,,,,,,,,,,,,,,,,,,,,,,,,,,,,,,,,,,,,,,,,,,
1992-10-15 20:00:00,1008.6,1012.0,19.5,17.2,87.0,3.7,90.0,,,0.3,1.0,,,,,,,,,,10.0,,,,,,,,,,,,,,,,,,,,,,,,6.0,,,,,,,,,
1992-10-15 21:00:00,1008.9,1012.3,19.6,17.1,85.0,3.4,90.0,,,-9.8,0.2,,,21.4,22.4,23.0,23.7,,,,10.0,,,,,,,,,,,,,,,,,,,,,24.3,,,8.0,,,,,,,,,
1992-10-15 22:00:00,,,,,,,,,,0.0,,,,,,,,,,,,,,,,,,,,,,,,,,,,,,,,,,,,,,,,,,,,
1992-10-15 23:00:00,1008.7,1012.1,19.4,17.0,86.0,3.4,90.0,,,0.0,0.0,,,,,,,,,,10.0,,,,,,,,,,,,,,,,,,,,,,,,8.0,,,,,,,,,
1992-10-16 00:00:00,,,,,,,,,,0.0,,,,,,,,,,,,,,,,,,,,,,,,,,,,,,,,,,,,,,,,,,,,
1992-10-16 01:00:00,,,,,,,,,,0.0,,,,,,,,,,,,,,,,,,,,,,,,,,,,,,,,,,,,,,,,,,,,
1992-10-16 02:00:00,1007.4,1010.8,20.4,16.8,80.0,5.3,67.5,,,0.0,0.0,,,,,,,,,,10.0,,,,,,,,,,,,,,,,,,,,,,,,10.0,,,,,,,,,
1992-10-16 03:00:00,,,,,,,,,,0.0,,,,,,,,,,,,,,,,,,,,,,,,,,,,,,,,,,,,,,,,,,,,
1992-10-16 04:00:00,,,,,,,,,,0.0,,,,,,,,,,,,,,,,,,,,,,,,,,,,,,,,,,,,,,,,,,,,
1992-10-16 05:00:00,1007.3,1010.7,20.1,16.8,81.0,4.5,67.5,,,0.0,0.0,,,21.3,22.1,22.9,23.3,,,,10.0,,,,,,,,,,,,,,,,,,,,,24.1,,,10.0,,,,,,,,,
1992-10-16 06:00:00,,,,,,,,,,0.1,,,,,,,,,,,,,,,,,,,,,,,,,,,,,,,,,,,,,,,,,,,,
1992-10-16 07:00:00,,,,,,,,,,0.2,,,,,,,,,,,,,,,,,,,,,,,,,,,,,,,,,,,,,,,,,,,,
1992-10-16 08:00:00,1009.4,1012.8,19.6,17.7,89.0,2.8,45.0,,,0.9,0.5,0.0,,,,,,,,,10.0,,,,,,,,,,,,,,,,,,,,,,,,10.0,,,,,,,,,
1992-10-16 09:00:00,1009.5,1012.9,19.8,17.8,88.0,3.6,45.0,,,0.2,0.7,0.0,,,,,,,,,10.0,,,,,,,,,,,,,,,,,,,,,,,,8.0,,,,,,,,,
1992-10-16 10:00:00,,,,,,,,,,0.2,,,,,,,,,,,,,,,,,,,,,,,,,,,,,,,,,,,,,,,,,,,,
1992-10-16 11:00:00,1009.5,1012.9,19.5,18.0,91.0,4.6,45.0,,,6.3,1.0,0.0,,,,,,,,,10.0,,,,,,,,,,,,,,,,,,,,,,,,5.0,,,,,,,,,
1992-10-16 12:00:00,,,,,,,,,,3.4,,,,,,,,,,,,,,,,,,,,,,,,,,,,,,,,,,,,,,,,,,,,
1992-10-16 13:00:00,,,,,,,,,,0.3,,,,,,,,,,,,,,,,,,,,,,,,,,,,,,,,,,,,,,,,,,,,
1992-10-16 14:00:00,1008.4,1011.8,19.4,17.7,90.0,4.5,45.0,,,0.1,1.0,0.0,,22.4,22.0,22.8,23.2,,,,10.0,,,,,,,,,,,,,,,,,,,,,23.7,,,5.0,,,,,,,,,
1992-10-16 15:00:00,,,,,,,,,,0.2,,,,,,,,,,,,,,,,,,,,,,,,,,,,,,,,,,,,,,,,,,,,
1992-10-16 16:00:00,,,,,,,,,,0.0,,,,,,,,,,,,,,,,,,,,,,,,,,,,,,,,,,,,,,,,,,,,
1992-10-16 17:00:00,1009.4,1012.8,20.1,17.9,87.0,4.0,67.5,,,0.0,0.0,0.0,,,,,,,,,10.0,,,,,,,,,,,,,,,,,,,,,,,,7.0,,,,,,,,,
1992-10-16 18:00:00,,,,,,,,,,0.0,,,,,,,,,,,,,,,,,,,,,,,,,,,,,,,,,,,,,,,,,,,,
1992-10-16 19:00:00,,,,,,,,,,0.0,,,,,,,,,,,,,,,,,,,,,,,,,,,,,,,,,,,,,,,,,,,,
1992-10-16 20:00:00,1011.0,1014.4,20.0,17.4,85.0,4.9,67.5,,,0.0,0.0,,,,,,,,,,10.0,,,,,,,,,,,,,,,,,,,,,,,,8.0,,,,,,,,,
1992-10-16 21:00:00,1010.9,1014.3,20.0,17.4,85.0,3.6,90.0,,,0.0,0.0,,,21.2,21.9,22.7,22.9,,,,10.0,,,,,,,,,,,,,,,,,,,,,23.4,,,10.0,,,,,,,,,
1992-10-16 22:00:00,,,,,,,,,,0.0,,,,,,,,,,,,,,,,,,,,,,,,,,,,,,,,,,,,,,,,,,,,
1992-10-16 23:00:00,1010.5,1013.9,20.5,16.9,80.0,4.7,67.5,,,0.0,0.0,,,,,,,,,,9.0,,,,,,,,,,,,,,,,,,,,,,,,10.0,,,,,,,,,
1992-10-17 00:00:00,,,,,,,,,,0.0,,,,,,,,,,,,,,,,,,,,,,,,,,,,,,,,,,,,,,,,,,,,
1992-10-17 01:00:00,,,,,,,,,,0.0,,,,,,,,,,,,,,,,,,,,,,,,,,,,,,,,,,,,,,,,,,,,
1992-10-17 02:00:00,1010.2,1013.6,19.9,16.9,83.0,4.6,67.5,,,0.0,0.0,,,,,,,,,,10.0,,,,,,,,,,,,,,,,,,,,,,,,10.0,,,,,,,,,
1992-10-17 03:00:00,,,,,,,,,,0.0,,,,,,,,,,,,,,,,,,,,,,,,,,,,,,,,,,,,,,,,,,,,
1992-10-17 04:00:00,,,,,,,,,,0.0,,,,,,,,,,,,,,,,,,,,,,,,,,,,,,,,,,,,,,,,,,,,
1992-10-17 05:00:00,1011.0,1014.4,20.2,15.6,75.0,5.0,67.5,,,0.0,0.0,,,20.8,21.8,22.5,22.9,,,,10.0,,,,,,,,,,,,,,,,,,,,,23.5,,,10.0,,,,,,,,,
1992-10-17 06:00:00,,,,,,,,,,0.0,,,,,,,,,,,,,,,,,,,,,,,,,,,,,,,,,,,,,,,,,,,,
1992-10-17 07:00:00,,,,,,,,,,0.0,,,,,,,,,,,,,,,,,,,,,,,,,,,,,,,,,,,,,,,,,,,,
1992-10-17 08:00:00,1012.9,1016.3,21.3,16.4,74.0,4.4,67.5,,,0.0,0.0,0.3,,,,,,,,,9.0,,,,,,,,,,,,,,,,,,,,,,,,10.0,,,,,,,,,
1992-10-17 09:00:00,1013.1,1016.5,22.4,16.6,70.0,7.0,45.0,,,0.0,0.0,1.0,,,,,,,,,6.0,,,,,,,,,,,,,,,,,,,,,,,,10.0,,,,,,,,,
1992-10-17 10:00:00,,,,,,,,,,0.0,,,,,,,,,,,,,,,,,,,,,,,,,,,,,,,,,,,,,,,,,,,,
1992-10-17 11:00:00,1012.8,1016.2,21.8,15.0,65.0,6.9,45.0,,,0.0,0.0,0.2,,,,,,,,,10.0,,,,,,,,,,,,,,,,,,,,,,,,10.0,,,,,,,,,
1992-10-17 12:00:00,,,,,,,,,,0.0,,,,,,,,,,,,,,,,,,,,,,,,,,,,,,,,,,,,,,,,,,,,
1992-10-17 13:00:00,,,,,,,,,,0.0,,,,,,,,,,,,,,,,,,,,,,,,,,,,,,,,,,,,,,,,,,,,
1992-10-17 14:00:00,1010.7,1014.1,23.4,14.9,59.0,8.3,45.0,,,0.0,0.0,0.7,,22.7,22.5,23.1,23.1,,,,5.0,,,,,,,,,,,,,,,,,,,,,23.5,,,10.0,,,,,,,,,
1992-10-17 15:00:00,,,,,,,,,,0.0,,,,,,,,,,,,,,,,,,,,,,,,,,,,,,,,,,,,,,,,,,,,
1992-10-17 16:00:00,,,,,,,,,,0.0,,,,,,,,,,,,,,,,,,,,,,,,,,,,,,,,,,,,,,,,,,,,
1992-10-17 17:00:00,1011.2,1014.6,21.5,14.2,63.0,6.8,45.0,,,0.0,0.0,0.6,,,,,,,,,2.0,,,,,,,,,,,,,,,,,,,,,,,,10.0,,,,,,,,,
1992-10-17 18:00:00,,,,,,,,,,0.0,,,,,,,,,,,,,,,,,,,,,,,,,,,,,,,,,,,,,,,,,,,,
1992-10-17 19:00:00,,,,,,,,,,0.0,,,,,,,,,,,,,,,,,,,,,,,,,,,,,,,,,,,,,,,,,,,,
1992-10-17 20:00:00,1012.7,1016.1,19.6,13.8,69.0,5.9,45.0,,,0.0,0.0,,,,,,,,,,1.0,,,,,,,,,,,,,,,,,,,,,,,,6.0,,,,,,,,,
1992-10-17 21:00:00,1012.6,1016.0,19.4,14.2,72.0,6.7,45.0,,,0.0,0.0,,,20.0,21.8,23.1,23.6,,,,2.0,,,,,,,,,,,,,,,,,,,,,23.6,,,5.0,,,,,,,,,
1992-10-17 22:00:00,,,,,,,,,,0.0,,,,,,,,,,,,,,,,,,,,,,,,,,,,,,,,,,,,,,,,,,,,
1992-10-17 23:00:00,1013.3,1016.7,19.3,14.0,71.0,6.4,22.5,,,0.0,0.0,,,,,,,,,,2.0,,,,,,,,,,,,,,,,,,,,,,,,4.0,,,,,,,,,
1992-10-18 00:00:00,,,,,,,,,,0.0,,,,,,,,,,,,,,,,,,,,,,,,,,,,,,,,,,,,,,,,,,,,
1992-10-18 01:00:00,,,,,,,,,,0.0,,,,,,,,,,,,,,,,,,,,,,,,,,,,,,,,,,,,,,,,,,,,
1992-10-18 02:00:00,1012.6,1016.0,19.1,13.7,71.0,7.3,45.0,,,0.0,0.0,,,,,,,,,,0.0,,,,,,,,,,,,,,,,,,,,,,,,4.0,,,,,,,,,
1992-10-18 03:00:00,,,,,,,,,,0.0,,,,,,,,,,,,,,,,,,,,,,,,,,,,,,,,,,,,,,,,,,,,
1992-10-18 04:00:00,,,,,,,,,,0.0,,,,,,,,,,,,,,,,,,,,,,,,,,,,,,,,,,,,,,,,,,,,
1992-10-18 05:00:00,1013.4,1016.8,18.5,11.4,63.0,6.3,45.0,,,0.0,0.0,,,19.1,20.8,22.0,22.5,,,,0.0,,,,,,,,,,,,,,,,,,,,,23.3,,,8.0,,,,,,,,,
1992-10-18 06:00:00,,,,,,,,,,0.0,,,,,,,,,,,,,,,,,,,,,,,,,,,,,,,,,,,,,,,,,,,,
1992-10-18 07:00:00,,,,,,,,,,0.0,,,,,,,,,,,,,,,,,,,,,,,,,,,,,,,,,,,,,,,,,,,,
1992-10-18 08:00:00,1014.9,1018.3,20.6,11.9,57.0,6.8,67.5,,,0.0,0.0,1.0,,,,,,,,,3.0,,,,,,,,,,,,,,,,,,,,,,,,12.0,,,,,,,,,
1992-10-18 09:00:00,1015.1,1018.5,21.7,11.6,53.0,8.8,45.0,,,0.0,0.0,1.0,,,,,,,,,5.0,,,,,,,,,,,,,,,,,,,,,,,,12.0,,,,,,,,,
1992-10-18 10:00:00,,,,,,,,,,0.0,,,,,,,,,,,,,,,,,,,,,,,,,,,,,,,,,,,,,,,,,,,,
1992-10-18 11:00:00,1014.3,1017.7,23.3,11.7,48.0,7.8,45.0,,,0.0,0.0,1.0,,,,,,,,,4.0,,,,,,,,,,,,,,,,,,,,,,,,15.0,,,,,,,,,
1992-10-18 12:00:00,,,,,,,,,,0.0,,,,,,,,,,,,,,,,,,,,,,,,,,,,,,,,,,,,,,,,,,,,
1992-10-18 13:00:00,,,,,,,,,,0.0,,,,,,,,,,,,,,,,,,,,,,,,,,,,,,,,,,,,,,,,,,,,
1992-10-18 14:00:00,1012.9,1016.3,23.0,12.4,51.0,7.6,45.0,,,0.0,0.0,1.0,,22.3,22.1,22.6,22.7,,,,8.0,,,,,,,,,,,,,,,,,,,,,23.3,,,15.0,,,,,,,,,
1992-10-18 15:00:00,,,,,,,,,,0.0,,,,,,,,,,,,,,,,,,,,,,,,,,,,,,,,,,,,,,,,,,,,
1992-10-18 16:00:00,,,,,,,,,,0.0,,,,,,,,,,,,,,,,,,,,,,,,,,,,,,,,,,,,,,,,,,,,
1992-10-18 17:00:00,1013.3,1016.7,20.7,12.0,57.0,6.8,45.0,,,0.0,0.0,0.7,,,,,,,,,5.0,,,,,,,,,,,,,,,,,,,,,,,,12.0,,,,,,,,,
1992-10-18 18:00:00,,,,,,,,,,0.0,,,,,,,,,,,,,,,,,,,,,,,,,,,,,,,,,,,,,,,,,,,,
1992-10-18 19:00:00,,,,,,,,,,0.0,,,,,,,,,,,,,,,,,,,,,,,,,,,,,,,,,,,,,,,,,,,,
1992-10-18 20:00:00,1014.7,1018.1,19.3,12.8,66.0,6.2,45.0,,,0.0,0.0,,,,,,,,,,8.0,,,,,,,,,,,,,,,,,,,,,,,,12.0,,,,,,,,,
1992-10-18 21:00:00,1014.5,1017.9,19.4,13.0,66.0,7.3,45.0,,,0.0,0.0,,,19.7,21.3,22.2,22.7,,,,10.0,,,,,,,,,,,,,,,,,,,,,23.3,,,12.0,,,,,,,,,
1992-10-18 22:00:00,,,,,,,,,,0.0,,,,,,,,,,,,,,,,,,,,,,,,,,,,,,,,,,,,,,,,,,,,
1992-10-18 23:00:00,1014.2,1017.6,19.6,13.3,67.0,6.8,45.0,,,0.0,0.0,,,,,,,,,,10.0,,,,,,,,,,,,,,,,,,,,,,,,12.0,,,,,,,,,
1992-10-19 00:00:00,,,,,,,,,,0.0,,,,,,,,,,,,,,,,,,,,,,,,,,,,,,,,,,,,,,,,,,,,
1992-10-19 01:00:00,,,,,,,,,,0.0,,,,,,,,,,,,,,,,,,,,,,,,,,,,,,,,,,,,,,,,,,,,
1992-10-19 02:00:00,1013.5,1016.9,19.9,13.2,65.0,7.6,45.0,,,0.0,0.0,,,,,,,,,,10.0,,,,,,,,,,,,,,,,,,,,,,,,12.0,,,,,,,,,
1992-10-19 03:00:00,,,,,,,,,,0.0,,,,,,,,,,,,,,,,,,,,,,,,,,,,,,,,,,,,,,,,,,,,
1992-10-19 04:00:00,,,,,,,,,,0.0,,,,,,,,,,,,,,,,,,,,,,,,,,,,,,,,,,,,,,,,,,,,
1992-10-19 05:00:00,1013.7,1017.1,19.5,14.4,72.0,7.0,45.0,,,0.0,0.0,,,19.7,20.8,21.7,22.1,,,,10.0,,,,,,,,,,,,,,,,,,,,,23.0,,,12.0,,,,,,,,,
1992-10-19 06:00:00,,,,,,,,,,0.0,,,,,,,,,,,,,,,,,,,,,,,,,,,,,,,,,,,,,,,,,,,,
1992-10-19 07:00:00,,,,,,,,,,0.0,,,,,,,,,,,,,,,,,,,,,,,,,,,,,,,,,,,,,,,,,,,,
1992-10-19 08:00:00,1014.9,1018.3,21.0,14.1,65.0,8.7,45.0,,,0.0,0.0,0.3,,,,,,,,,9.0,,,,,,,,,,,,,,,,,,,,,,,,12.0,,,,,,,,,
1992-10-19 09:00:00,1014.9,1018.3,22.8,14.6,60.0,9.4,67.5,,,0.0,0.0,0.7,,,,,,,,,8.0,,,,,,,,,,,,,,,,,,,,,,,,15.0,,,,,,,,,
1992-10-19 10:00:00,,,,,,,,,,0.0,,,,,,,,,,,,,,,,,,,,,,,,,,,,,,,,,,,,,,,,,,,,
1992-10-19 11:00:00,1014.3,1017.7,23.9,14.6,56.0,10.5,67.5,,,0.0,0.0,1.0,,,,,,,,,8.0,,,,,,,,,,,,,,,,,,,,,,,,18.0,,,,,,,,,
1992-10-19 12:00:00,,,,,,,,,,0.0,,,,,,,,,,,,,,,,,,,,,,,,,,,,,,,,,,,,,,,,,,,,
1992-10-19 13:00:00,,,,,,,,,,0.0,,,,,,,,,,,,,,,,,,,,,,,,,,,,,,,,,,,,,,,,,,,,
1992-10-19 14:00:00,1012.7,1016.1,23.8,14.1,55.0,10.0,45.0,,,0.0,0.0,1.0,,22.6,22.0,22.5,22.5,,,,8.0,,,,,,,,,,,,,,,,,,,,,23.0,,,15.0,,,,,,,,,
1992-10-19 15:00:00,,,,,,,,,,0.0,,,,,,,,,,,,,,,,,,,,,,,,,,,,,,,,,,,,,,,,,,,,
1992-10-19 16:00:00,,,,,,,,,,0.0,,,,,,,,,,,,,,,,,,,,,,,,,,,,,,,,,,,,,,,,,,,,
1992-10-19 17:00:00,1012.7,1016.1,21.9,14.2,62.0,9.8,67.5,,,0.0,0.0,0.4,,,,,,,,,10.0,,,,,,,,,,,,,,,,,,,,,,,,15.0,,,,,,,,,
1992-10-19 18:00:00,,,,,,,,,,0.0,,,,,,,,,,,,,,,,,,,,,,,,,,,,,,,,,,,,,,,,,,,,
1992-10-19 19:00:00,,,,,,,,,,0.0,,,,,,,,,,,,,,,,,,,,,,,,,,,,,,,,,,,,,,,,,,,,
1992-10-19 20:00:00,1014.2,1017.6,20.3,13.6,65.0,7.5,45.0,,,0.0,0.0,,,,,,,,,,4.0,,,,,,,,,,,,,,,,,,,,,,,,12.0,,,,,,,,,
1992-10-19 21:00:00,1014.5,1017.9,20.1,14.1,68.0,7.9,45.0,,,0.0,0.0,,,20.6,21.2,22.1,22.6,,,,3.0,,,,,,,,,,,,,,,,,,,,,23.2,,,12.0,,,,,,,,,
1992-10-19 22:00:00,,,,,,,,,,0.0,,,,,,,,,,,,,,,,,,,,,,,,,,,,,,,,,,,,,,,,,,,,
1992-10-19 23:00:00,1014.1,1017.5,20.1,14.3,69.0,9.6,45.0,,,0.0,0.0,,,,,,,,,,3.0,,,,,,,,,,,,,,,,,,,,,,,,12.0,,,,,,,,,
1992-10-20 00:00:00,,,,,,,,,,0.0,,,,,,,,,,,,,,,,,,,,,,,,,,,,,,,,,,,,,,,,,,,,
1992-10-20 01:00:00,,,,,,,,,,0.0,,,,,,,,,,,,,,,,,,,,,,,,,,,,,,,,,,,,,,,,,,,,
1992-10-20 02:00:00,1012.8,1016.2,19.1,13.5,70.0,8.5,45.0,,,0.0,0.0,,,,,,,,,,2.0,,,,,,,,,,,,,,,,,,,,,,,,12.0,,,,,,,,,
1992-10-20 03:00:00,,,,,,,,,,0.0,,,,,,,,,,,,,,,,,,,,,,,,,,,,,,,,,,,,,,,,,,,,
1992-10-20 04:00:00,,,,,,,,,,0.0,,,,,,,,,,,,,,,,,,,,,,,,,,,,,,,,,,,,,,,,,,,,
1992-10-20 05:00:00,1013.0,1016.4,19.0,12.8,67.0,8.3,22.5,,,0.0,0.0,,,19.1,20.5,21.5,22.0,,,,2.0,,,,,,,,,,,,,,,,,,,,,22.8,,,12.0,,,,,,,,,
1992-10-20 06:00:00,,,,,,,,,,0.0,,,,,,,,,,,,,,,,,,,,,,,,,,,,,,,,,,,,,,,,,,,,
1992-10-20 07:00:00,,,,,,,,,,0.0,,,,,,,,,,,,,,,,,,,,,,,,,,,,,,,,,,,,,,,,,,,,
1992-10-20 08:00:00,1014.5,1017.9,21.5,15.1,67.0,8.2,45.0,,,0.0,0.0,1.0,,,,,,,,,1.0,,,,,,,,,,,,,,,,,,,,,,,,12.0,,,,,,,,,
1992-10-20 09:00:00,1014.3,1017.7,22.9,15.2,62.0,10.7,45.0,,,0.0,0.0,1.0,,,,,,,,,1.0,,,,,,,,,,,,,,,,,,,,,,,,12.0,,,,,,,,,
1992-10-20 10:00:00,,,,,,,,,,0.0,,,,,,,,,,,,,,,,,,,,,,,,,,,,,,,,,,,,,,,,,,,,
1992-10-20 11:00:00,1013.5,1016.9,24.5,14.0,52.0,10.4,45.0,,,0.0,0.0,1.0,,,,,,,,,1.0,,,,,,,,,,,,,,,,,,,,,,,,12.0,,,,,,,,,
1992-10-20 12:00:00,,,,,,,,,,0.0,,,,,,,,,,,,,,,,,,,,,,,,,,,,,,,,,,,,,,,,,,,,
1992-10-20 13:00:00,,,,,,,,,,0.0,,,,,,,,,,,,,,,,,,,,,,,,,,,,,,,,,,,,,,,,,,,,
1992-10-20 14:00:00,1011.8,1015.2,24.1,14.0,53.0,12.0,22.5,,,0.0,0.0,1.0,,22.5,21.8,22.2,22.3,,,,1.0,,,,,,,,,,,,,,,,,,,,,22.7,,,12.0,,,,,,,,,
1992-10-20 15:00:00,,,,,,,,,,0.0,,,,,,,,,,,,,,,,,,,,,,,,,,,,,,,,,,,,,,,,,,,,
1992-10-20 16:00:00,,,,,,,,,,0.0,,,,,,,,,,,,,,,,,,,,,,,,,,,,,,,,,,,,,,,,,,,,
1992-10-20 17:00:00,1012.1,1015.5,21.5,11.9,54.0,9.5,45.0,,,0.0,0.0,1.0,,,,,,,,,1.0,,,,,,,,,,,,,,,,,,,,,,,,12.0,,,,,,,,,
1992-10-20 18:00:00,,,,,,,,,,0.0,,,,,,,,,,,,,,,,,,,,,,,,,,,,,,,,,,,,,,,,,,,,
1992-10-20 19:00:00,,,,,,,,,,0.0,,,,,,,,,,,,,,,,,,,,,,,,,,,,,,,,,,,,,,,,,,,,
1992-10-20 20:00:00,1013.4,1016.8,19.8,14.2,70.0,6.0,45.0,,,0.0,0.0,,,,,,,,,,0.0,,,,,,,,,,,,,,,,,,,,,,,,12.0,,,,,,,,,
1992-10-20 21:00:00,1013.5,1016.9,19.9,14.0,69.0,7.5,45.0,,,0.0,0.0,,,19.8,21.0,22.0,22.4,,,,0.0,,,,,,,,,,,,,,,,,,,,,22.8,,,12.0,,,,,,,,,
1992-10-20 22:00:00,,,,,,,,,,0.0,,,,,,,,,,,,,,,,,,,,,,,,,,,,,,,,,,,,,,,,,,,,
1992-10-20 23:00:00,1012.7,1016.1,19.9,14.3,70.0,6.8,45.0,,,0.0,0.0,,,,,,,,,,0.0,,,,,,,,,,,,,,,,,,,,,,,,12.0,,,,,,,,,
1992-10-21 00:00:00,,,,,,,,,,0.0,,,,,,,,,,,,,,,,,,,,,,,,,,,,,,,,,,,,,,,,,,,,
1992-10-21 01:00:00,,,,,,,,,,0.0,,,,,,,,,,,,,,,,,,,,,,,,,,,,,,,,,,,,,,,,,,,,
1992-10-21 02:00:00,1011.2,1014.6,20.3,13.9,67.0,7.6,67.5,,,0.0,0.0,,,,,,,,,,7.0,,,,,,,,,,,,,,,,,,,,,,,,12.0,,,,,,,,,
1992-10-21 03:00:00,,,,,,,,,,0.0,,,,,,,,,,,,,,,,,,,,,,,,,,,,,,,,,,,,,,,,,,,,
1992-10-21 04:00:00,,,,,,,,,,0.0,,,,,,,,,,,,,,,,,,,,,,,,,,,,,,,,,,,,,,,,,,,,
1992-10-21 05:00:00,1011.9,1015.3,19.7,13.8,69.0,6.3,45.0,,,0.0,0.0,,,19.5,20.6,21.5,22.0,,,,1.0,,,,,,,,,,,,,,,,,,,,,22.6,,,12.0,,,,,,,,,
1992-10-21 06:00:00,,,,,,,,,,0.0,,,,,,,,,,,,,,,,,,,,,,,,,,,,,,,,,,,,,,,,,,,,
1992-10-21 07:00:00,,,,,,,,,,0.0,,,,,,,,,,,,,,,,,,,,,,,,,,,,,,,,,,,,,,,,,,,,
1992-10-21 08:00:00,1013.3,1016.7,21.7,14.4,63.0,6.7,45.0,,,0.0,0.0,1.0,,,,,,,,,1.0,,,,,,,,,,,,,,,,,,,,,,,,12.0,,,,,,,,,
1992-10-21 09:00:00,1013.5,1016.9,22.8,14.4,59.0,10.0,45.0,,,0.0,0.0,1.0,,,,,,,,,1.0,,,,,,,,,,,,,,,,,,,,,,,,15.0,,,,,,,,,
1992-10-21 10:00:00,,,,,,,,,,0.0,,,,,,,,,,,,,,,,,,,,,,,,,,,,,,,,,,,,,,,,,,,,
1992-10-21 11:00:00,1012.9,1016.3,24.5,14.7,54.0,9.6,67.5,,,0.0,0.0,1.0,,,,,,,,,1.0,,,,,,,,,,,,,,,,,,,,,,,,15.0,,,,,,,,,
1992-10-21 12:00:00,,,,,,,,,,0.0,,,,,,,,,,,,,,,,,,,,,,,,,,,,,,,,,,,,,,,,,,,,
1992-10-21 13:00:00,,,,,,,,,,0.0,,,,,,,,,,,,,,,,,,,,,,,,,,,,,,,,,,,,,,,,,,,,
1992-10-21 14:00:00,1010.9,1014.3,24.6,13.9,51.0,7.1,67.5,,,0.0,0.0,1.0,,23.3,22.1,22.4,22.4,,,,1.0,,,,,,,,,,,,,,,,,,,,,22.5,,,18.0,,,,,,,,,
1992-10-21 15:00:00,,,,,,,,,,0.0,,,,,,,,,,,,,,,,,,,,,,,,,,,,,,,,,,,,,,,,,,,,
1992-10-21 16:00:00,,,,,,,,,,0.0,,,,,,,,,,,,,,,,,,,,,,,,,,,,,,,,,,,,,,,,,,,,
1992-10-21 17:00:00,1011.0,1014.4,21.5,12.5,57.0,6.1,67.5,,,0.0,0.0,0.9,,,,,,,,,0.0,,,,,,,,,,,,,,,,,,,,,,,,15.0,,,,,,,,,
1992-10-21 18:00:00,,,,,,,,,,0.0,,,,,,,,,,,,,,,,,,,,,,,,,,,,,,,,,,,,,,,,,,,,
1992-10-21 19:00:00,,,,,,,,,,0.0,,,,,,,,,,,,,,,,,,,,,,,,,,,,,,,,,,,,,,,,,,,,
1992-10-21 20:00:00,1012.6,1016.0,19.1,12.9,67.0,6.1,22.5,,,0.0,0.0,,,,,,,,,,0.0,,,,,,,,,,,,,,,,,,,,,,,,15.0,,,,,,,,,
1992-10-21 21:00:00,1012.6,1016.0,18.8,13.0,69.0,5.6,45.0,,,0.0,0.0,,,19.6,20.9,21.9,22.6,,,,0.0,,,,,,,,,,,,,,,,,,,,,22.8,,,12.0,,,,,,,,,
1992-10-21 22:00:00,,,,,,,,,,0.0,,,,,,,,,,,,,,,,,,,,,,,,,,,,,,,,,,,,,,,,,,,,
1992-10-21 23:00:00,1012.4,1015.8,18.6,13.2,71.0,4.6,45.0,,,0.0,0.0,,,,,,,,,,0.0,,,,,,,,,,,,,,,,,,,,,,,,12.0,,,,,,,,,
1992-10-22 00:00:00,,,,,,,,,,0.0,,,,,,,,,,,,,,,,,,,,,,,,,,,,,,,,,,,,,,,,,,,,
1992-10-22 01:00:00,,,,,,,,,,0.0,,,,,,,,,,,,,,,,,,,,,,,,,,,,,,,,,,,,,,,,,,,,
1992-10-22 02:00:00,1011.9,1015.3,18.3,13.3,73.0,2.6,45.0,,,0.0,0.0,,,,,,,,,,0.0,,,,,,,,,,,,,,,,,,,,,,,,12.0,,,,,,,,,
1992-10-22 03:00:00,,,,,,,,,,0.0,,,,,,,,,,,,,,,,,,,,,,,,,,,,,,,,,,,,,,,,,,,,
1992-10-22 04:00:00,,,,,,,,,,0.0,,,,,,,,,,,,,,,,,,,,,,,,,,,,,,,,,,,,,,,,,,,,
1992-10-22 05:00:00,1011.8,1015.3,15.9,12.7,81.0,0.9,135.0,,,0.0,0.0,,,19.2,20.5,21.5,21.9,,,,1.0,,,,,,,,,,,,,,,,,,,,,22.5,,,15.0,,,,,,,,,
1992-10-22 06:00:00,,,,,,,,,,0.0,,,,,,,,,,,,,,,,,,,,,,,,,,,,,,,,,,,,,,,,,,,,
1992-10-22 07:00:00,,,,,,,,,,0.0,,,,,,,,,,,,,,,,,,,,,,,,,,,,,,,,,,,,,,,,,,,,
1992-10-22 08:00:00,1012.9,1016.3,21.7,16.3,71.0,4.1,67.5,,,0.0,0.0,1.0,,,,,,,,,1.0,,,,,,,,,,,,,,,,,,,,,,,,15.0,,,,,,,,,
1992-10-22 09:00:00,1013.2,1016.6,22.8,16.8,69.0,6.1,45.0,,,0.0,0.0,1.0,,,,,,,,,2.0,,,,,,,,,,,,,,,,,,,,,,,,15.0,,,,,,,,,
1992-10-22 10:00:00,,,,,,,,,,0.0,,,,,,,,,,,,,,,,,,,,,,,,,,,,,,,,,,,,,,,,,,,,
1992-10-22 11:00:00,1011.3,1014.7,25.0,17.9,65.0,6.2,22.5,,,0.0,0.0,1.0,,,,,,,,,3.0,,,,,,,,,,,,,,,,,,,,,,,,15.0,,,,,,,,,
1992-10-22 12:00:00,,,,,,,,,,0.0,,,,,,,,,,,,,,,,,,,,,,,,,,,,,,,,,,,,,,,,,,,,
1992-10-22 13:00:00,,,,,,,,,,0.0,,,,,,,,,,,,,,,,,,,,,,,,,,,,,,,,,,,,,,,,,,,,
1992-10-22 14:00:00,1008.3,1011.6,25.8,17.9,62.0,8.1,45.0,,,0.0,0.0,1.0,,24.5,22.6,22.7,22.4,,,,2.0,,,,,,,,,,,,,,,,,,,,,22.6,,,15.0,,,,,,,,,
1992-10-22 15:00:00,,,,,,,,,,0.0,,,,,,,,,,,,,,,,,,,,,,,,,,,,,,,,,,,,,,,,,,,,
1992-10-22 16:00:00,,,,,,,,,,0.0,,,,,,,,,,,,,,,,,,,,,,,,,,,,,,,,,,,,,,,,,,,,
1992-10-22 17:00:00,1009.5,1012.9,22.9,16.7,68.0,7.0,67.5,,,0.0,0.0,0.8,,,,,,,,,2.0,,,,,,,,,,,,,,,,,,,,,,,,15.0,,,,,,,,,
1992-10-22 18:00:00,,,,,,,,,,0.0,,,,,,,,,,,,,,,,,,,,,,,,,,,,,,,,,,,,,,,,,,,,
1992-10-22 19:00:00,,,,,,,,,,0.0,,,,,,,,,,,,,,,,,,,,,,,,,,,,,,,,,,,,,,,,,,,,
1992-10-22 20:00:00,1010.6,1014.0,21.8,16.6,72.0,7.3,67.5,,,0.0,0.0,,,,,,,,,,1.0,,,,,,,,,,,,,,,,,,,,,,,,15.0,,,,,,,,,
1992-10-22 21:00:00,1010.7,1014.1,21.7,16.3,71.0,7.7,45.0,,,0.0,0.0,,,20.8,21.6,22.3,22.6,,,,0.0,,,,,,,,,,,,,,,,,,,,,22.9,,,15.0,,,,,,,,,
1992-10-22 22:00:00,,,,,,,,,,0.0,,,,,,,,,,,,,,,,,,,,,,,,,,,,,,,,,,,,,,,,,,,,
1992-10-22 23:00:00,1010.9,1014.3,21.7,16.1,70.0,6.1,45.0,,,0.0,0.0,,,,,,,,,,0.0,,,,,,,,,,,,,,,,,,,,,,,,15.0,,,,,,,,,
1992-10-23 00:00:00,,,,,,,,,,0.0,,,,,,,,,,,,,,,,,,,,,,,,,,,,,,,,,,,,,,,,,,,,
1992-10-23 01:00:00,,,,,,,,,,0.0,,,,,,,,,,,,,,,,,,,,,,,,,,,,,,,,,,,,,,,,,,,,
1992-10-23 02:00:00,1010.9,1014.3,21.6,15.0,66.0,5.3,67.5,,,0.0,0.0,,,,,,,,,,0.0,,,,,,,,,,,,,,,,,,,,,,,,15.0,,,,,,,,,
1992-10-23 03:00:00,,,,,,,,,,0.0,,,,,,,,,,,,,,,,,,,,,,,,,,,,,,,,,,,,,,,,,,,,
1992-10-23 04:00:00,,,,,,,,,,0.0,,,,,,,,,,,,,,,,,,,,,,,,,,,,,,,,,,,,,,,,,,,,
1992-10-23 05:00:00,1010.6,1014.0,20.7,14.9,69.0,4.5,67.5,,,0.0,0.0,,,20.2,21.1,22.0,22.3,,,,0.0,,,,,,,,,,,,,,,,,,,,,22.8,,,15.0,,,,,,,,,
1992-10-23 06:00:00,,,,,,,,,,0.0,,,,,,,,,,,,,,,,,,,,,,,,,,,,,,,,,,,,,,,,,,,,
1992-10-23 07:00:00,,,,,,,,,,0.0,,,,,,,,,,,,,,,,,,,,,,,,,,,,,,,,,,,,,,,,,,,,
1992-10-23 08:00:00,1013.2,1016.6,21.6,16.0,70.0,3.6,22.5,,,0.0,0.0,0.0,,,,,,,,,9.0,,,,,,,,,,,,,,,,,,,,,,,,12.0,,,,,,,,,
1992-10-23 09:00:00,1013.6,1017.0,22.5,15.6,65.0,5.6,45.0,,,0.0,0.0,0.1,,,,,,,,,7.0,,,,,,,,,,,,,,,,,,,,,,,,15.0,,,,,,,,,
1992-10-23 10:00:00,,,,,,,,,,0.0,,,,,,,,,,,,,,,,,,,,,,,,,,,,,,,,,,,,,,,,,,,,
1992-10-23 11:00:00,1013.2,1016.6,24.6,16.1,59.0,8.1,45.0,,,0.0,0.0,1.0,,,,,,,,,6.0,,,,,,,,,,,,,,,,,,,,,,,,15.0,,,,,,,,,
1992-10-23 12:00:00,,,,,,,,,,0.0,,,,,,,,,,,,,,,,,,,,,,,,,,,,,,,,,,,,,,,,,,,,
1992-10-23 13:00:00,,,,,,,,,,0.0,,,,,,,,,,,,,,,,,,,,,,,,,,,,,,,,,,,,,,,,,,,,
1992-10-23 14:00:00,1011.3,1014.7,24.4,15.3,57.0,7.0,22.5,,,0.0,0.0,1.0,,24.3,22.8,22.8,22.7,,,,6.0,,,,,,,,,,,,,,,,,,,,,23.0,,,20.0,,,,,,,,,
1992-10-23 15:00:00,,,,,,,,,,0.0,,,,,,,,,,,,,,,,,,,,,,,,,,,,,,,,,,,,,,,,,,,,
1992-10-23 16:00:00,,,,,,,,,,0.0,,,,,,,,,,,,,,,,,,,,,,,,,,,,,,,,,,,,,,,,,,,,
1992-10-23 17:00:00,1011.8,1015.2,22.0,15.8,68.0,6.3,45.0,,,0.0,0.0,0.7,,,,,,,,,2.0,,,,,,,,,,,,,,,,,,,,,,,,15.0,,,,,,,,,
1992-10-23 18:00:00,,,,,,,,,,0.0,,,,,,,,,,,,,,,,,,,,,,,,,,,,,,,,,,,,,,,,,,,,
1992-10-23 19:00:00,,,,,,,,,,0.0,,,,,,,,,,,,,,,,,,,,,,,,,,,,,,,,,,,,,,,,,,,,
1992-10-23 20:00:00,1013.5,1016.9,20.2,15.8,76.0,4.0,45.0,,,0.0,0.0,,,,,,,,,,2.0,,,,,,,,,,,,,,,,,,,,,,,,12.0,,,,,,,,,
1992-10-23 21:00:00,1013.7,1017.1,20.1,15.6,75.0,3.8,45.0,,,0.0,0.0,,,20.8,21.6,22.5,22.8,,,,1.0,,,,,,,,,,,,,,,,,,,,,23.1,,,12.0,,,,,,,,,
1992-10-23 22:00:00,,,,,,,,,,0.0,,,,,,,,,,,,,,,,,,,,,,,,,,,,,,,,,,,,,,,,,,,,
1992-10-23 23:00:00,1013.7,1017.1,20.3,16.2,77.0,5.9,45.0,,,0.0,0.0,,,,,,,,,,1.0,,,,,,,,,,,,,,,,,,,,,,,,12.0,,,,,,,,,
1992-10-24 00:00:00,,,,,,,,,,0.0,,,,,,,,,,,,,,,,,,,,,,,,,,,,,,,,,,,,,,,,,,,,
1992-10-24 01:00:00,,,,,,,,,,0.0,,,,,,,,,,,,,,,,,,,,,,,,,,,,,,,,,,,,,,,,,,,,
1992-10-24 02:00:00,1013.1,1016.5,20.1,16.0,77.0,5.3,45.0,,,0.0,0.0,,,,,,,,,,3.0,,,,,,,,,,,,,,,,,,,,,,,,12.0,,,,,,,,,
1992-10-24 03:00:00,,,,,,,,,,0.0,,,,,,,,,,,,,,,,,,,,,,,,,,,,,,,,,,,,,,,,,,,,
1992-10-24 04:00:00,,,,,,,,,,0.0,,,,,,,,,,,,,,,,,,,,,,,,,,,,,,,,,,,,,,,,,,,,
1992-10-24 05:00:00,1012.7,1016.1,19.5,15.2,76.0,4.6,67.5,,,0.0,0.0,,,20.1,21.0,21.9,22.3,,,,2.0,,,,,,,,,,,,,,,,,,,,,23.0,,,12.0,,,,,,,,,
1992-10-24 06:00:00,,,,,,,,,,0.0,,,,,,,,,,,,,,,,,,,,,,,,,,,,,,,,,,,,,,,,,,,,
1992-10-24 07:00:00,,,,,,,,,,0.0,,,,,,,,,,,,,,,,,,,,,,,,,,,,,,,,,,,,,,,,,,,,
1992-10-24 08:00:00,1014.6,1018.0,20.7,14.8,69.0,6.5,45.0,,,0.0,0.0,0.3,,,,,,,,,4.0,,,,,,,,,,,,,,,,,,,,,,,,8.0,,,,,,,,,
1992-10-24 09:00:00,1014.9,1018.3,21.9,15.0,65.0,6.9,45.0,,,0.0,0.0,1.0,,,,,,,,,4.0,,,,,,,,,,,,,,,,,,,,,,,,8.0,,,,,,,,,
1992-10-24 10:00:00,,,,,,,,,,0.0,,,,,,,,,,,,,,,,,,,,,,,,,,,,,,,,,,,,,,,,,,,,
1992-10-24 11:00:00,1014.1,1017.5,22.1,14.9,64.0,8.7,45.0,,,0.0,0.0,0.9,,,,,,,,,6.0,,,,,,,,,,,,,,,,,,,,,,,,7.0,,,,,,,,,
1992-10-24 12:00:00,,,,,,,,,,0.0,,,,,,,,,,,,,,,,,,,,,,,,,,,,,,,,,,,,,,,,,,,,
1992-10-24 13:00:00,,,,,,,,,,0.0,,,,,,,,,,,,,,,,,,,,,,,,,,,,,,,,,,,,,,,,,,,,
1992-10-24 14:00:00,1012.8,1016.2,21.5,13.3,60.0,9.8,45.0,,,0.0,0.0,1.0,,22.6,22.0,22.4,22.6,,,,4.0,,,,,,,,,,,,,,,,,,,,,22.9,,,8.0,,,,,,,,,
1992-10-24 15:00:00,,,,,,,,,,0.0,,,,,,,,,,,,,,,,,,,,,,,,,,,,,,,,,,,,,,,,,,,,
1992-10-24 16:00:00,,,,,,,,,,0.0,,,,,,,,,,,,,,,,,,,,,,,,,,,,,,,,,,,,,,,,,,,,
1992-10-24 17:00:00,1013.9,1017.3,19.6,11.2,58.0,6.4,67.5,,,0.0,0.0,0.2,,,,,,,,,7.0,,,,,,,,,,,,,,,,,,,,,,,,8.0,,,,,,,,,
1992-10-24 18:00:00,,,,,,,,,,0.0,,,,,,,,,,,,,,,,,,,,,,,,,,,,,,,,,,,,,,,,,,,,
1992-10-24 19:00:00,,,,,,,,,,0.0,,,,,,,,,,,,,,,,,,,,,,,,,,,,,,,,,,,,,,,,,,,,
1992-10-24 20:00:00,1015.5,1019.0,17.9,10.9,64.0,5.1,67.5,,,0.0,0.0,,,,,,,,,,0.0,,,,,,,,,,,,,,,,,,,,,,,,8.0,,,,,,,,,
1992-10-24 21:00:00,1015.7,1019.2,17.9,11.1,64.0,6.1,67.5,,,0.0,0.0,,,18.8,20.6,21.7,22.4,,,,0.0,,,,,,,,,,,,,,,,,,,,,22.8,,,8.0,,,,,,,,,
1992-10-24 22:00:00,,,,,,,,,,0.0,,,,,,,,,,,,,,,,,,,,,,,,,,,,,,,,,,,,,,,,,,,,
1992-10-24 23:00:00,1015.3,1018.8,17.9,10.9,64.0,7.8,67.5,,,0.0,0.0,,,,,,,,,,0.0,,,,,,,,,,,,,,,,,,,,,,,,8.0,,,,,,,,,
1992-10-25 00:00:00,,,,,,,,,,0.0,,,,,,,,,,,,,,,,,,,,,,,,,,,,,,,,,,,,,,,,,,,,
1992-10-25 01:00:00,,,,,,,,,,0.0,,,,,,,,,,,,,,,,,,,,,,,,,,,,,,,,,,,,,,,,,,,,
1992-10-25 02:00:00,1014.6,1018.1,17.3,9.9,62.0,6.5,67.5,,,0.0,0.0,,,,,,,,,,0.0,,,,,,,,,,,,,,,,,,,,,,,,8.0,,,,,,,,,
1992-10-25 03:00:00,,,,,,,,,,0.0,,,,,,,,,,,,,,,,,,,,,,,,,,,,,,,,,,,,,,,,,,,,
1992-10-25 04:00:00,,,,,,,,,,0.0,,,,,,,,,,,,,,,,,,,,,,,,,,,,,,,,,,,,,,,,,,,,
1992-10-25 05:00:00,1015.6,1019.1,16.4,9.3,63.0,5.2,67.5,,,0.0,0.0,,,17.7,19.6,20.8,21.7,,,,0.0,,,,,,,,,,,,,,,,,,,,,22.3,,,10.0,,,,,,,,,
1992-10-25 06:00:00,,,,,,,,,,0.0,,,,,,,,,,,,,,,,,,,,,,,,,,,,,,,,,,,,,,,,,,,,
1992-10-25 07:00:00,,,,,,,,,,0.0,,,,,,,,,,,,,,,,,,,,,,,,,,,,,,,,,,,,,,,,,,,,
1992-10-25 08:00:00,1017.1,1020.5,18.7,10.6,59.0,6.9,45.0,,,0.0,0.0,0.6,,,,,,,,,5.0,,,,,,,,,,,,,,,,,,,,,,,,12.0,,,,,,,,,
1992-10-25 09:00:00,1017.0,1020.4,19.8,11.0,57.0,9.2,45.0,,,0.0,0.0,1.0,,,,,,,,,5.0,,,,,,,,,,,,,,,,,,,,,,,,12.0,,,,,,,,,
1992-10-25 10:00:00,,,,,,,,,,0.0,,,,,,,,,,,,,,,,,,,,,,,,,,,,,,,,,,,,,,,,,,,,
1992-10-25 11:00:00,1016.4,1019.8,21.1,12.2,57.0,10.1,22.5,,,0.0,0.0,1.0,,,,,,,,,5.0,,,,,,,,,,,,,,,,,,,,,,,,12.0,,,,,,,,,
1992-10-25 12:00:00,,,,,,,,,,0.0,,,,,,,,,,,,,,,,,,,,,,,,,,,,,,,,,,,,,,,,,,,,
1992-10-25 13:00:00,,,,,,,,,,0.0,,,,,,,,,,,,,,,,,,,,,,,,,,,,,,,,,,,,,,,,,,,,
1992-10-25 14:00:00,1014.2,1017.6,21.1,12.5,58.0,10.3,45.0,,,0.0,0.0,1.0,,22.0,20.9,21.5,21.7,,,,3.0,,,,,,,,,,,,,,,,,,,,,22.2,,,12.0,,,,,,,,,
1992-10-25 15:00:00,,,,,,,,,,0.0,,,,,,,,,,,,,,,,,,,,,,,,,,,,,,,,,,,,,,,,,,,,
1992-10-25 16:00:00,,,,,,,,,,0.0,,,,,,,,,,,,,,,,,,,,,,,,,,,,,,,,,,,,,,,,,,,,
1992-10-25 17:00:00,1014.7,1018.1,19.5,12.1,62.0,7.6,67.5,,,0.0,0.0,0.7,,,,,,,,,3.0,,,,,,,,,,,,,,,,,,,,,,,,12.0,,,,,,,,,
1992-10-25 18:00:00,,,,,,,,,,0.0,,,,,,,,,,,,,,,,,,,,,,,,,,,,,,,,,,,,,,,,,,,,
1992-10-25 19:00:00,,,,,,,,,,0.0,,,,,,,,,,,,,,,,,,,,,,,,,,,,,,,,,,,,,,,,,,,,
1992-10-25 20:00:00,1015.4,1018.8,18.8,12.0,65.0,8.1,45.0,,,0.0,0.0,,,,,,,,,,2.0,,,,,,,,,,,,,,,,,,,,,,,,12.0,,,,,,,,,
1992-10-25 21:00:00,1015.4,1018.8,18.7,12.0,65.0,7.9,45.0,,,0.0,0.0,,,18.9,19.1,21.1,21.2,,,,0.0,,,,,,,,,,,,,,,,,,,,,22.2,,,12.0,,,,,,,,,
1992-10-25 22:00:00,,,,,,,,,,0.0,,,,,,,,,,,,,,,,,,,,,,,,,,,,,,,,,,,,,,,,,,,,
1992-10-25 23:00:00,1015.6,1019.0,18.4,13.2,72.0,6.8,45.0,,,0.0,0.0,,,,,,,,,,1.0,,,,,,,,,,,,,,,,,,,,,,,,12.0,,,,,,,,,
1992-10-26 00:00:00,,,,,,,,,,0.0,,,,,,,,,,,,,,,,,,,,,,,,,,,,,,,,,,,,,,,,,,,,
1992-10-26 01:00:00,,,,,,,,,,0.0,,,,,,,,,,,,,,,,,,,,,,,,,,,,,,,,,,,,,,,,,,,,
1992-10-26 02:00:00,1013.9,1017.3,19.4,12.1,63.0,8.6,45.0,,,0.0,0.0,,,,,,,,,,0.0,,,,,,,,,,,,,,,,,,,,,,,,12.0,,,,,,,,,
1992-10-26 03:00:00,,,,,,,,,,0.0,,,,,,,,,,,,,,,,,,,,,,,,,,,,,,,,,,,,,,,,,,,,
1992-10-26 04:00:00,,,,,,,,,,0.0,,,,,,,,,,,,,,,,,,,,,,,,,,,,,,,,,,,,,,,,,,,,
1992-10-26 05:00:00,1013.5,1016.9,18.8,13.6,72.0,10.7,45.0,,,0.0,0.0,,,18.8,19.7,20.7,21.3,,,,0.0,,,,,,,,,,,,,,,,,,,,,22.1,,,12.0,,,,,,,,,
1992-10-26 06:00:00,,,,,,,,,,0.0,,,,,,,,,,,,,,,,,,,,,,,,,,,,,,,,,,,,,,,,,,,,
1992-10-26 07:00:00,,,,,,,,,,0.0,,,,,,,,,,,,,,,,,,,,,,,,,,,,,,,,,,,,,,,,,,,,
1992-10-26 08:00:00,1014.5,1017.9,21.4,14.1,63.0,11.1,45.0,,,0.0,0.0,1.0,,,,,,,,,1.0,,,,,,,,,,,,,,,,,,,,,,,,12.0,,,,,,,,,
1992-10-26 09:00:00,1014.6,1018.0,22.4,13.9,59.0,12.1,45.0,,,0.0,0.0,1.0,,,,,,,,,1.0,,,,,,,,,,,,,,,,,,,,,,,,12.0,,,,,,,,,
1992-10-26 10:00:00,,,,,,,,,,0.0,,,,,,,,,,,,,,,,,,,,,,,,,,,,,,,,,,,,,,,,,,,,
1992-10-26 11:00:00,1013.7,1017.1,23.5,14.2,56.0,14.2,45.0,,,0.0,0.0,1.0,,,,,,,,,2.0,,,,,,,,,,,,,,,,,,,,,,,,15.0,,,,,,,,,
1992-10-26 12:00:00,,,,,,,,,,0.0,,,,,,,,,,,,,,,,,,,,,,,,,,,,,,,,,,,,,,,,,,,,
1992-10-26 13:00:00,,,,,,,,,,0.0,,,,,,,,,,,,,,,,,,,,,,,,,,,,,,,,,,,,,,,,,,,,
1992-10-26 14:00:00,1012.5,1015.9,23.2,14.5,58.0,12.1,67.5,,,0.0,0.0,1.0,,22.6,21.3,21.6,21.7,,,,1.0,,,,,,,,,,,,,,,,,,,,,21.9,,,15.0,,,,,,,,,
1992-10-26 15:00:00,,,,,,,,,,0.0,,,,,,,,,,,,,,,,,,,,,,,,,,,,,,,,,,,,,,,,,,,,
1992-10-26 16:00:00,,,,,,,,,,0.0,,,,,,,,,,,,,,,,,,,,,,,,,,,,,,,,,,,,,,,,,,,,
1992-10-26 17:00:00,1013.3,1016.7,20.6,14.5,68.0,13.1,45.0,,,0.0,0.0,0.9,,,,,,,,,2.0,,,,,,,,,,,,,,,,,,,,,,,,15.0,,,,,,,,,
1992-10-26 18:00:00,,,,,,,,,,0.0,,,,,,,,,,,,,,,,,,,,,,,,,,,,,,,,,,,,,,,,,,,,
1992-10-26 19:00:00,,,,,,,,,,0.0,,,,,,,,,,,,,,,,,,,,,,,,,,,,,,,,,,,,,,,,,,,,
1992-10-26 20:00:00,1014.7,1018.1,19.8,14.6,72.0,12.9,45.0,,,0.0,0.0,,,,,,,,,,0.0,,,,,,,,,,,,,,,,,,,,,,,,15.0,,,,,,,,,
1992-10-26 21:00:00,1014.8,1018.2,19.8,14.5,71.0,11.1,45.0,,,0.0,0.0,,,19.7,20.3,21.2,21.7,,,,0.0,,,,,,,,,,,,,,,,,,,,,22.1,,,12.0,,,,,,,,,
1992-10-26 22:00:00,,,,,,,,,,0.0,,,,,,,,,,,,,,,,,,,,,,,,,,,,,,,,,,,,,,,,,,,,
1992-10-26 23:00:00,1014.3,1017.7,19.9,14.6,72.0,10.7,45.0,,,0.0,0.0,,,,,,,,,,0.0,,,,,,,,,,,,,,,,,,,,,,,,12.0,,,,,,,,,
1992-10-27 00:00:00,,,,,,,,,,0.0,,,,,,,,,,,,,,,,,,,,,,,,,,,,,,,,,,,,,,,,,,,,
1992-10-27 01:00:00,,,,,,,,,,0.0,,,,,,,,,,,,,,,,,,,,,,,,,,,,,,,,,,,,,,,,,,,,
1992-10-27 02:00:00,1013.2,1016.6,19.9,15.7,77.0,11.0,45.0,,,0.0,0.0,,,,,,,,,,0.0,,,,,,,,,,,,,,,,,,,,,,,,12.0,,,,,,,,,
1992-10-27 03:00:00,,,,,,,,,,0.0,,,,,,,,,,,,,,,,,,,,,,,,,,,,,,,,,,,,,,,,,,,,
1992-10-27 04:00:00,,,,,,,,,,0.0,,,,,,,,,,,,,,,,,,,,,,,,,,,,,,,,,,,,,,,,,,,,
1992-10-27 05:00:00,1013.3,1016.7,20.1,16.0,77.0,11.7,45.0,,,0.0,0.0,,,19.7,20.1,21.0,21.4,,,,1.0,,,,,,,,,,,,,,,,,,,,,22.1,,,15.0,,,,,,,,,
1992-10-27 06:00:00,,,,,,,,,,0.0,,,,,,,,,,,,,,,,,,,,,,,,,,,,,,,,,,,,,,,,,,,,
1992-10-27 07:00:00,,,,,,,,,,0.0,,,,,,,,,,,,,,,,,,,,,,,,,,,,,,,,,,,,,,,,,,,,
1992-10-27 08:00:00,1015.0,1018.4,22.1,16.7,71.0,11.8,45.0,,,0.0,0.0,1.0,,,,,,,,,2.0,,,,,,,,,,,,,,,,,,,,,,,,15.0,,,,,,,,,
1992-10-27 09:00:00,1014.9,1018.3,23.3,17.2,69.0,10.6,67.5,,,0.0,0.0,1.0,,,,,,,,,1.0,,,,,,,,,,,,,,,,,,,,,,,,10.0,,,,,,,,,
1992-10-27 10:00:00,,,,,,,,,,0.0,,,,,,,,,,,,,,,,,,,,,,,,,,,,,,,,,,,,,,,,,,,,
1992-10-27 11:00:00,1014.4,1017.8,24.5,17.7,66.0,11.6,45.0,,,0.0,0.0,1.0,,,,,,,,,2.0,,,,,,,,,,,,,,,,,,,,,,,,18.0,,,,,,,,,
1992-10-27 12:00:00,,,,,,,,,,0.0,,,,,,,,,,,,,,,,,,,,,,,,,,,,,,,,,,,,,,,,,,,,
1992-10-27 13:00:00,,,,,,,,,,0.0,,,,,,,,,,,,,,,,,,,,,,,,,,,,,,,,,,,,,,,,,,,,
1992-10-27 14:00:00,1012.8,1016.2,24.3,17.4,65.0,12.1,45.0,,,0.0,0.0,1.0,,24.0,22.0,22.0,22.0,,,,6.0,,,,,,,,,,,,,,,,,,,,,22.2,,,20.0,,,,,,,,,
1992-10-27 15:00:00,,,,,,,,,,0.0,,,,,,,,,,,,,,,,,,,,,,,,,,,,,,,,,,,,,,,,,,,,
1992-10-27 16:00:00,,,,,,,,,,0.0,,,,,,,,,,,,,,,,,,,,,,,,,,,,,,,,,,,,,,,,,,,,
1992-10-27 17:00:00,1013.4,1016.8,21.6,15.9,70.0,11.6,45.0,,,0.0,0.0,0.3,,,,,,,,,6.0,,,,,,,,,,,,,,,,,,,,,,,,18.0,,,,,,,,,
1992-10-27 18:00:00,,,,,,,,,,0.0,,,,,,,,,,,,,,,,,,,,,,,,,,,,,,,,,,,,,,,,,,,,
1992-10-27 19:00:00,,,,,,,,,,0.0,,,,,,,,,,,,,,,,,,,,,,,,,,,,,,,,,,,,,,,,,,,,
1992-10-27 20:00:00,1014.1,1017.5,21.2,16.2,73.0,11.0,45.0,,,0.0,0.0,,,,,,,,,,2.0,,,,,,,,,,,,,,,,,,,,,,,,12.0,,,,,,,,,
1992-10-27 21:00:00,1014.3,1017.7,20.9,16.5,76.0,10.3,45.0,,,0.0,0.0,,,20.7,21.0,21.8,22.2,,,,2.0,,,,,,,,,,,,,,,,,,,,,22.5,,,12.0,,,,,,,,,
1992-10-27 22:00:00,,,,,,,,,,0.0,,,,,,,,,,,,,,,,,,,,,,,,,,,,,,,,,,,,,,,,,,,,
1992-10-27 23:00:00,1014.4,1017.8,20.9,17.1,79.0,8.7,45.0,,,0.0,0.0,,,,,,,,,,2.0,,,,,,,,,,,,,,,,,,,,,,,,12.0,,,,,,,,,
1992-10-28 00:00:00,,,,,,,,,,0.0,,,,,,,,,,,,,,,,,,,,,,,,,,,,,,,,,,,,,,,,,,,,
1992-10-28 01:00:00,,,,,,,,,,0.0,,,,,,,,,,,,,,,,,,,,,,,,,,,,,,,,,,,,,,,,,,,,
1992-10-28 02:00:00,1014.1,1017.5,21.0,17.5,80.0,5.4,45.0,,,0.0,0.0,,,,,,,,,,8.0,,,,,,,,,,,,,,,,,,,,,,,,12.0,,,,,,,,,
1992-10-28 03:00:00,,,,,,,,,,0.0,,,,,,,,,,,,,,,,,,,,,,,,,,,,,,,,,,,,,,,,,,,,
1992-10-28 04:00:00,,,,,,,,,,0.0,,,,,,,,,,,,,,,,,,,,,,,,,,,,,,,,,,,,,,,,,,,,
1992-10-28 05:00:00,1013.9,1017.3,20.5,17.9,85.0,6.4,45.0,,,0.0,0.0,,,20.8,21.0,21.6,21.9,,,,5.0,,,,,,,,,,,,,,,,,,,,,22.3,,,12.0,,,,,,,,,
1992-10-28 06:00:00,,,,,,,,,,0.0,,,,,,,,,,,,,,,,,,,,,,,,,,,,,,,,,,,,,,,,,,,,
1992-10-28 07:00:00,,,,,,,,,,0.0,,,,,,,,,,,,,,,,,,,,,,,,,,,,,,,,,,,,,,,,,,,,
1992-10-28 08:00:00,1014.5,1017.9,21.8,18.8,83.0,8.3,45.0,,,0.0,0.0,0.0,,,,,,,,,10.0,,,,,,,,,,,,,,,,,,,,,,,,15.0,,,,,,,,,
1992-10-28 09:00:00,1014.5,1017.9,22.6,19.2,81.0,8.2,45.0,,,0.0,0.0,0.0,,,,,,,,,9.0,,,,,,,,,,,,,,,,,,,,,,,,12.0,,,,,,,,,
1992-10-28 10:00:00,,,,,,,,,,0.0,,,,,,,,,,,,,,,,,,,,,,,,,,,,,,,,,,,,,,,,,,,,
1992-10-28 11:00:00,1014.4,1017.8,22.7,19.5,82.0,7.5,45.0,,,0.0,0.0,0.0,,,,,,,,,10.0,,,,,,,,,,,,,,,,,,,,,,,,10.0,,,,,,,,,
1992-10-28 12:00:00,,,,,,,,,,0.0,,,,,,,,,,,,,,,,,,,,,,,,,,,,,,,,,,,,,,,,,,,,
1992-10-28 13:00:00,,,,,,,,,,0.0,,,,,,,,,,,,,,,,,,,,,,,,,,,,,,,,,,,,,,,,,,,,
1992-10-28 14:00:00,1012.8,1016.2,21.8,19.4,86.0,5.7,22.5,,,0.0,0.0,0.0,,22.5,21.8,22.3,22.2,,,,10.0,,,,,,,,,,,,,,,,,,,,,22.5,,,10.0,,,,,,,,,
1992-10-28 15:00:00,,,,,,,,,,0.0,,,,,,,,,,,,,,,,,,,,,,,,,,,,,,,,,,,,,,,,,,,,
1992-10-28 16:00:00,,,,,,,,,,0.0,,,,,,,,,,,,,,,,,,,,,,,,,,,,,,,,,,,,,,,,,,,,
1992-10-28 17:00:00,1013.0,1016.4,21.6,19.6,88.0,4.8,22.5,,,0.0,0.0,0.0,,,,,,,,,10.0,,,,,,,,,,,,,,,,,,,,,,,,8.0,,,,,,,,,
1992-10-28 18:00:00,,,,,,,,,,0.0,,,,,,,,,,,,,,,,,,,,,,,,,,,,,,,,,,,,,,,,,,,,
1992-10-28 19:00:00,,,,,,,,,,0.0,,,,,,,,,,,,,,,,,,,,,,,,,,,,,,,,,,,,,,,,,,,,
1992-10-28 20:00:00,1013.8,1017.2,21.6,19.8,90.0,5.1,45.0,,,0.0,0.0,,,,,,,,,,10.0,,,,,,,,,,,,,,,,,,,,,,,,8.0,,,,,,,,,
1992-10-28 21:00:00,1013.9,1017.3,21.6,20.0,91.0,4.3,45.0,,,0.0,0.0,,,21.8,21.6,22.2,22.3,,,,10.0,,,,,,,,,,,,,,,,,,,,,22.5,,,8.0,,,,,,,,,
1992-10-28 22:00:00,,,,,,,,,,0.0,,,,,,,,,,,,,,,,,,,,,,,,,,,,,,,,,,,,,,,,,,,,
1992-10-28 23:00:00,1013.6,1017.0,21.7,20.1,91.0,5.3,22.5,,,0.0,0.0,,,,,,,,,,10.0,,,,,,,,,,,,,,,,,,,,,,,,8.0,,,,,,,,,
1992-10-29 00:00:00,,,,,,,,,,0.0,,,,,,,,,,,,,,,,,,,,,,,,,,,,,,,,,,,,,,,,,,,,
1992-10-29 01:00:00,,,,,,,,,,-9.8,,,,,,,,,,,,,,,,,,,,,,,,,,,,,,,,,,,,,,,,,,,,
1992-10-29 02:00:00,1012.8,1016.2,21.1,19.8,92.0,5.0,22.5,,,0.1,1.0,,,,,,,,,,10.0,,,,,,,,,,,,,,,,,,,,,,,,8.0,,,,,,,,,
1992-10-29 03:00:00,,,,,,,,,,0.2,,,,,,,,,,,,,,,,,,,,,,,,,,,,,,,,,,,,,,,,,,,,
1992-10-29 04:00:00,,,,,,,,,,0.2,,,,,,,,,,,,,,,,,,,,,,,,,,,,,,,,,,,,,,,,,,,,
1992-10-29 05:00:00,1013.1,1016.5,20.6,19.5,93.0,4.6,22.5,,,0.2,1.0,,,21.7,21.6,22.4,22.4,,,,10.0,,,,,,,,,,,,,,,,,,,,,22.5,,,8.0,,,,,,,,,
1992-10-29 06:00:00,,,,,,,,,,0.2,,,,,,,,,,,,,,,,,,,,,,,,,,,,,,,,,,,,,,,,,,,,
1992-10-29 07:00:00,,,,,,,,,,-9.8,,,,,,,,,,,,,,,,,,,,,,,,,,,,,,,,,,,,,,,,,,,,
1992-10-29 08:00:00,1014.1,1017.5,20.5,19.3,93.0,4.3,45.0,,,-9.8,1.0,0.0,,,,,,,,,10.0,,,,,,,,,,,,,,,,,,,,,,,,6.0,,,,,,,,,
1992-10-29 09:00:00,1014.4,1017.8,20.8,19.6,93.0,4.4,22.5,,,0.3,1.0,0.0,,,,,,,,,10.0,,,,,,,,,,,,,,,,,,,,,,,,6.0,,,,,,,,,
1992-10-29 10:00:00,,,,,,,,,,0.1,,,,,,,,,,,,,,,,,,,,,,,,,,,,,,,,,,,,,,,,,,,,
1992-10-29 11:00:00,1013.9,1017.3,21.4,19.9,91.0,4.4,45.0,,,-9.8,0.3,0.0,,,,,,,,,10.0,,,,,,,,,,,,,,,,,,,,,,,,6.0,,,,,,,,,
1992-10-29 12:00:00,,,,,,,,,,0.0,,,,,,,,,,,,,,,,,,,,,,,,,,,,,,,,,,,,,,,,,,,,
1992-10-29 13:00:00,,,,,,,,,,0.0,,,,,,,,,,,,,,,,,,,,,,,,,,,,,,,,,,,,,,,,,,,,
1992-10-29 14:00:00,1012.3,1015.7,21.9,18.3,80.0,5.8,45.0,,,0.0,0.0,0.0,,22.5,22.1,22.5,22.6,,,,10.0,,,,,,,,,,,,,,,,,,,,,22.8,,,12.0,,,,,,,,,
1992-10-29 15:00:00,,,,,,,,,,0.0,,,,,,,,,,,,,,,,,,,,,,,,,,,,,,,,,,,,,,,,,,,,
1992-10-29 16:00:00,,,,,,,,,,0.0,,,,,,,,,,,,,,,,,,,,,,,,,,,,,,,,,,,,,,,,,,,,
1992-10-29 17:00:00,1012.0,1015.4,21.3,18.1,82.0,2.2,45.0,,,0.0,0.0,0.0,,,,,,,,,6.0,,,,,,,,,,,,,,,,,,,,,,,,12.0,,,,,,,,,
1992-10-29 18:00:00,,,,,,,,,,0.0,,,,,,,,,,,,,,,,,,,,,,,,,,,,,,,,,,,,,,,,,,,,
1992-10-29 19:00:00,,,,,,,,,,0.0,,,,,,,,,,,,,,,,,,,,,,,,,,,,,,,,,,,,,,,,,,,,
1992-10-29 20:00:00,1013.4,1016.8,20.9,16.7,77.0,3.6,67.5,,,0.0,0.0,,,,,,,,,,7.0,,,,,,,,,,,,,,,,,,,,,,,,12.0,,,,,,,,,
1992-10-29 21:00:00,1013.5,1016.9,21.4,16.9,76.0,2.8,67.5,,,0.0,0.0,,,21.1,21.7,22.3,22.5,,,,9.0,,,,,,,,,,,,,,,,,,,,,22.8,,,12.0,,,,,,,,,
1992-10-29 22:00:00,,,,,,,,,,0.0,,,,,,,,,,,,,,,,,,,,,,,,,,,,,,,,,,,,,,,,,,,,
1992-10-29 23:00:00,1013.6,1017.0,22.0,16.9,73.0,4.2,67.5,,,0.0,0.0,,,,,,,,,,9.0,,,,,,,,,,,,,,,,,,,,,,,,12.0,,,,,,,,,
1992-10-30 00:00:00,,,,,,,,,,0.0,,,,,,,,,,,,,,,,,,,,,,,,,,,,,,,,,,,,,,,,,,,,
1992-10-30 01:00:00,,,,,,,,,,0.0,,,,,,,,,,,,,,,,,,,,,,,,,,,,,,,,,,,,,,,,,,,,
1992-10-30 02:00:00,1013.6,1017.0,20.6,16.1,75.0,3.8,45.0,,,0.0,0.0,,,,,,,,,,0.0,,,,,,,,,,,,,,,,,,,,,,,,12.0,,,,,,,,,
1992-10-30 03:00:00,,,,,,,,,,0.0,,,,,,,,,,,,,,,,,,,,,,,,,,,,,,,,,,,,,,,,,,,,
1992-10-30 04:00:00,,,,,,,,,,0.0,,,,,,,,,,,,,,,,,,,,,,,,,,,,,,,,,,,,,,,,,,,,
1992-10-30 05:00:00,1013.3,1016.7,20.6,12.5,60.0,5.7,67.5,,,0.0,0.0,,,19.4,19.9,21.8,22.2,,,,0.0,,,,,,,,,,,,,,,,,,,,,22.6,,,15.0,,,,,,,,,
1992-10-30 06:00:00,,,,,,,,,,0.0,,,,,,,,,,,,,,,,,,,,,,,,,,,,,,,,,,,,,,,,,,,,
1992-10-30 07:00:00,,,,,,,,,,0.0,,,,,,,,,,,,,,,,,,,,,,,,,,,,,,,,,,,,,,,,,,,,
1992-10-30 08:00:00,1014.8,1018.2,22.6,12.7,54.0,7.5,67.5,,,0.0,0.0,1.0,,,,,,,,,0.0,,,,,,,,,,,,,,,,,,,,,,,,15.0,,,,,,,,,
1992-10-30 09:00:00,1015.1,1018.5,23.8,12.7,50.0,7.8,67.5,,,0.0,0.0,1.0,,,,,,,,,0.0,,,,,,,,,,,,,,,,,,,,,,,,15.0,,,,,,,,,
1992-10-30 10:00:00,,,,,,,,,,0.0,,,,,,,,,,,,,,,,,,,,,,,,,,,,,,,,,,,,,,,,,,,,
1992-10-30 11:00:00,1014.5,1017.9,24.9,12.3,45.0,9.8,67.5,,,0.0,0.0,1.0,,,,,,,,,0.0,,,,,,,,,,,,,,,,,,,,,,,,15.0,,,,,,,,,
1992-10-30 12:00:00,,,,,,,,,,0.0,,,,,,,,,,,,,,,,,,,,,,,,,,,,,,,,,,,,,,,,,,,,
1992-10-30 13:00:00,,,,,,,,,,0.0,,,,,,,,,,,,,,,,,,,,,,,,,,,,,,,,,,,,,,,,,,,,
1992-10-30 14:00:00,1012.9,1016.3,24.7,11.2,43.0,10.0,45.0,,,0.0,0.0,1.0,,22.5,21.7,22.1,22.2,,,,0.0,,,,,,,,,,,,,,,,,,,,,22.5,,,12.0,,,,,,,,,
1992-10-30 15:00:00,,,,,,,,,,0.0,,,,,,,,,,,,,,,,,,,,,,,,,,,,,,,,,,,,,,,,,,,,
1992-10-30 16:00:00,,,,,,,,,,0.0,,,,,,,,,,,,,,,,,,,,,,,,,,,,,,,,,,,,,,,,,,,,
1992-10-30 17:00:00,1013.5,1016.9,21.2,10.4,50.0,7.7,45.0,,,0.0,0.0,0.4,,,,,,,,,0.0,,,,,,,,,,,,,,,,,,,,,,,,10.0,,,,,,,,,
1992-10-30 18:00:00,,,,,,,,,,0.0,,,,,,,,,,,,,,,,,,,,,,,,,,,,,,,,,,,,,,,,,,,,
1992-10-30 19:00:00,,,,,,,,,,0.0,,,,,,,,,,,,,,,,,,,,,,,,,,,,,,,,,,,,,,,,,,,,
1992-10-30 20:00:00,1015.8,1019.2,18.5,11.8,65.0,5.9,45.0,,,0.0,0.0,,,,,,,,,,0.0,,,,,,,,,,,,,,,,,,,,,,,,6.0,,,,,,,,,
1992-10-30 21:00:00,1016.0,1019.5,18.0,11.6,66.0,5.1,45.0,,,0.0,0.0,,,19.1,20.4,21.5,22.1,,,,0.0,,,,,,,,,,,,,,,,,,,,,22.4,,,6.0,,,,,,,,,
1992-10-30 22:00:00,,,,,,,,,,0.0,,,,,,,,,,,,,,,,,,,,,,,,,,,,,,,,,,,,,,,,,,,,
1992-10-30 23:00:00,1015.8,1019.3,17.5,10.8,65.0,5.8,45.0,,,0.0,0.0,,,,,,,,,,0.0,,,,,,,,,,,,,,,,,,,,,,,,6.0,,,,,,,,,
1992-10-31 00:00:00,,,,,,,,,,0.0,,,,,,,,,,,,,,,,,,,,,,,,,,,,,,,,,,,,,,,,,,,,
1992-10-31 01:00:00,,,,,,,,,,0.0,,,,,,,,,,,,,,,,,,,,,,,,,,,,,,,,,,,,,,,,,,,,
1992-10-31 02:00:00,1014.7,1018.1,18.6,11.7,64.0,2.5,67.5,,,0.0,0.0,,,,,,,,,,3.0,,,,,,,,,,,,,,,,,,,,,,,,6.0,,,,,,,,,
1992-10-31 03:00:00,,,,,,,,,,0.0,,,,,,,,,,,,,,,,,,,,,,,,,,,,,,,,,,,,,,,,,,,,
1992-10-31 04:00:00,,,,,,,,,,0.0,,,,,,,,,,,,,,,,,,,,,,,,,,,,,,,,,,,,,,,,,,,,
1992-10-31 05:00:00,1014.1,1017.5,18.5,12.3,67.0,1.0,22.5,,,0.0,0.0,,,19.0,19.8,20.9,21.5,,,,8.0,,,,,,,,,,,,,,,,,,,,,22.1,,,10.0,,,,,,,,,
1992-10-31 06:00:00,,,,,,,,,,0.0,,,,,,,,,,,,,,,,,,,,,,,,,,,,,,,,,,,,,,,,,,,,
1992-10-31 07:00:00,,,,,,,,,,0.0,,,,,,,,,,,,,,,,,,,,,,,,,,,,,,,,,,,,,,,,,,,,
1992-10-31 08:00:00,1015.3,1018.7,20.9,14.2,66.0,3.9,45.0,,,0.0,0.0,0.8,,,,,,,,,3.0,,,,,,,,,,,,,,,,,,,,,,,,10.0,,,,,,,,,
1992-10-31 09:00:00,1015.3,1018.7,22.7,14.0,58.0,6.0,67.5,,,0.0,0.0,0.8,,,,,,,,,3.0,,,,,,,,,,,,,,,,,,,,,,,,15.0,,,,,,,,,
1992-10-31 10:00:00,,,,,,,,,,0.0,,,,,,,,,,,,,,,,,,,,,,,,,,,,,,,,,,,,,,,,,,,,
1992-10-31 11:00:00,1014.2,1017.6,25.6,14.5,50.0,5.9,45.0,,,0.0,0.0,1.0,,,,,,,,,0.0,,,,,,,,,,,,,,,,,,,,,,,,15.0,,,,,,,,,
1992-10-31 12:00:00,,,,,,,,,,0.0,,,,,,,,,,,,,,,,,,,,,,,,,,,,,,,,,,,,,,,,,,,,
1992-10-31 13:00:00,,,,,,,,,,0.0,,,,,,,,,,,,,,,,,,,,,,,,,,,,,,,,,,,,,,,,,,,,
1992-10-31 14:00:00,1012.5,1015.8,26.6,14.2,46.0,6.2,22.5,,,0.0,0.0,1.0,,24.1,21.8,22.1,21.8,,,,0.0,,,,,,,,,,,,,,,,,,,,,22.1,,,20.0,,,,,,,,,
1992-10-31 15:00:00,,,,,,,,,,0.0,,,,,,,,,,,,,,,,,,,,,,,,,,,,,,,,,,,,,,,,,,,,
1992-10-31 16:00:00,,,,,,,,,,0.0,,,,,,,,,,,,,,,,,,,,,,,,,,,,,,,,,,,,,,,,,,,,
1992-10-31 17:00:00,1012.8,1016.2,22.8,14.4,59.0,3.3,22.5,,,0.0,0.0,0.8,,,,,,,,,0.0,,,,,,,,,,,,,,,,,,,,,,,,18.0,,,,,,,,,
1992-10-31 18:00:00,,,,,,,,,,0.0,,,,,,,,,,,,,,,,,,,,,,,,,,,,,,,,,,,,,,,,,,,,
1992-10-31 19:00:00,,,,,,,,,,0.0,,,,,,,,,,,,,,,,,,,,,,,,,,,,,,,,,,,,,,,,,,,,
1992-10-31 20:00:00,1014.6,1018.0,19.2,13.7,70.0,1.5,67.5,,,0.0,0.0,,,,,,,,,,0.0,,,,,,,,,,,,,,,,,,,,,,,,12.0,,,,,,,,,
1992-10-31 21:00:00,1014.8,1018.2,18.8,13.4,71.0,0.5,67.5,,,0.0,0.0,,,19.6,20.8,21.8,22.1,,,,0.0,,,,,,,,,,,,,,,,,,,,,22.5,,,12.0,,,,,,,,,
1992-10-31 22:00:00,,,,,,,,,,0.0,,,,,,,,,,,,,,,,,,,,,,,,,,,,,,,,,,,,,,,,,,,,
1992-10-31 23:00:00,1015.1,1018.6,17.6,13.3,76.0,0.6,112.5,,,0.0,0.0,,,,,,,,,,0.0,,,,,,,,,,,,,,,,,,,,,,,,12.0,,,,,,,,,
1992-11-01 00:00:00,,,,,,,,,,0.0,,,,,,,,,,,,,,,,,,,,,,,,,,,,,,,,,,,,,,,,,,,,
1992-11-01 01:00:00,,,,,,,,,,0.0,,,,,,,,,,,,,,,,,,,,,,,,,,,,,,,,,,,,,,,,,,,,
1992-11-01 02:00:00,1014.6,1018.0,18.1,13.6,75.0,1.6,112.5,,,0.0,0.0,,,,,,,,,,4.0,,,,,,,,,,,,,,,,,,,,,,,,10.0,,,,,,,,,
1992-11-01 03:00:00,,,,,,,,,,0.0,,,,,,,,,,,,,,,,,,,,,,,,,,,,,,,,,,,,,,,,,,,,
1992-11-01 04:00:00,,,,,,,,,,0.0,,,,,,,,,,,,,,,,,,,,,,,,,,,,,,,,,,,,,,,,,,,,
1992-11-01 05:00:00,1014.5,1017.9,19.2,13.6,70.0,5.9,45.0,,,0.0,0.0,,,19.0,20.0,21.0,21.5,,,,2.0,,,,,,,,,,,,,,,,,,,,,22.2,,,12.0,,,,,,,,,
1992-11-01 06:00:00,,,,,,,,,,0.0,,,,,,,,,,,,,,,,,,,,,,,,,,,,,,,,,,,,,,,,,,,,
1992-11-01 07:00:00,,,,,,,,,,0.0,,,,,,,,,,,,,,,,,,,,,,,,,,,,,,,,,,,,,,,,,,,,
1992-11-01 08:00:00,1015.8,1019.2,23.1,10.3,44.0,10.1,45.0,,,0.0,0.0,1.0,,,,,,,,,3.0,,,,,,,,,,,,,,,,,,,,,,,,15.0,,,,,,,,,
1992-11-01 09:00:00,1015.8,1019.2,24.3,10.5,42.0,11.4,45.0,,,0.0,0.0,1.0,,,,,,,,,2.0,,,,,,,,,,,,,,,,,,,,,,,,18.0,,,,,,,,,
1992-11-01 10:00:00,,,,,,,,,,0.0,,,,,,,,,,,,,,,,,,,,,,,,,,,,,,,,,,,,,,,,,,,,
1992-11-01 11:00:00,1015.4,1018.8,25.5,13.8,48.0,11.7,45.0,,,0.0,0.0,1.0,,,,,,,,,1.0,,,,,,,,,,,,,,,,,,,,,,,,18.0,,,,,,,,,
1992-11-01 12:00:00,,,,,,,,,,0.0,,,,,,,,,,,,,,,,,,,,,,,,,,,,,,,,,,,,,,,,,,,,
1992-11-01 13:00:00,,,,,,,,,,0.0,,,,,,,,,,,,,,,,,,,,,,,,,,,,,,,,,,,,,,,,,,,,
1992-11-01 14:00:00,1014.2,1017.6,25.6,12.0,43.0,12.1,45.0,,,0.0,0.0,1.0,,21.9,21.3,21.7,21.7,,,,0.0,,,,,,,,,,,,,,,,,,,,,22.1,,,20.0,,,,,,,,,
1992-11-01 15:00:00,,,,,,,,,,0.0,,,,,,,,,,,,,,,,,,,,,,,,,,,,,,,,,,,,,,,,,,,,
1992-11-01 16:00:00,,,,,,,,,,0.0,,,,,,,,,,,,,,,,,,,,,,,,,,,,,,,,,,,,,,,,,,,,
1992-11-01 17:00:00,1015.0,1018.4,22.4,12.6,54.0,10.0,45.0,,,0.0,0.0,0.5,,,,,,,,,1.0,,,,,,,,,,,,,,,,,,,,,,,,10.0,,,,,,,,,
1992-11-01 18:00:00,,,,,,,,,,0.0,,,,,,,,,,,,,,,,,,,,,,,,,,,,,,,,,,,,,,,,,,,,
1992-11-01 19:00:00,,,,,,,,,,0.0,,,,,,,,,,,,,,,,,,,,,,,,,,,,,,,,,,,,,,,,,,,,
1992-11-01 20:00:00,1017.0,1020.4,21.1,13.8,63.0,9.8,67.5,,,0.0,0.0,,,,,,,,,,0.0,,,,,,,,,,,,,,,,,,,,,,,,10.0,,,,,,,,,
1992-11-01 21:00:00,1017.3,1020.7,20.8,13.8,64.0,10.3,45.0,,,0.0,0.0,,,20.0,20.4,21.4,21.8,,,,0.0,,,,,,,,,,,,,,,,,,,,,22.1,,,10.0,,,,,,,,,
1992-11-01 22:00:00,,,,,,,,,,0.0,,,,,,,,,,,,,,,,,,,,,,,,,,,,,,,,,,,,,,,,,,,,
1992-11-01 23:00:00,1017.1,1020.5,20.1,13.3,65.0,9.7,45.0,,,0.0,0.0,,,,,,,,,,0.0,,,,,,,,,,,,,,,,,,,,,,,,10.0,,,,,,,,,
1992-11-02 00:00:00,,,,,,,,,,0.0,,,,,,,,,,,,,,,,,,,,,,,,,,,,,,,,,,,,,,,,,,,,
1992-11-02 01:00:00,,,,,,,,,,0.0,,,,,,,,,,,,,,,,,,,,,,,,,,,,,,,,,,,,,,,,,,,,
1992-11-02 02:00:00,1016.5,1019.9,19.2,12.3,64.0,9.6,45.0,,,0.0,0.0,,,,,,,,,,0.0,,,,,,,,,,,,,,,,,,,,,,,,10.0,,,,,,,,,
1992-11-02 03:00:00,,,,,,,,,,0.0,,,,,,,,,,,,,,,,,,,,,,,,,,,,,,,,,,,,,,,,,,,,
1992-11-02 04:00:00,,,,,,,,,,0.0,,,,,,,,,,,,,,,,,,,,,,,,,,,,,,,,,,,,,,,,,,,,
1992-11-02 05:00:00,1016.5,1020.0,18.3,11.6,65.0,7.5,45.0,,,0.0,0.0,,,18.7,19.8,20.8,21.5,,,,0.0,,,,,,,,,,,,,,,,,,,,,22.0,,,10.0,,,,,,,,,
1992-11-02 06:00:00,,,,,,,,,,0.0,,,,,,,,,,,,,,,,,,,,,,,,,,,,,,,,,,,,,,,,,,,,
1992-11-02 07:00:00,,,,,,,,,,0.0,,,,,,,,,,,,,,,,,,,,,,,,,,,,,,,,,,,,,,,,,,,,
1992-11-02 08:00:00,1018.0,1021.4,20.8,12.5,59.0,7.4,45.0,,,0.0,0.0,1.0,,,,,,,,,3.0,,,,,,,,,,,,,,,,,,,,,,,,18.0,,,,,,,,,
1992-11-02 09:00:00,1018.2,1021.6,22.3,13.1,56.0,9.4,67.5,,,0.0,0.0,1.0,,,,,,,,,7.0,,,,,,,,,,,,,,,,,,,,,,,,18.0,,,,,,,,,
1992-11-02 10:00:00,,,,,,,,,,0.0,,,,,,,,,,,,,,,,,,,,,,,,,,,,,,,,,,,,,,,,,,,,
1992-11-02 11:00:00,1017.0,1020.4,23.6,13.0,51.0,7.7,67.5,,,0.0,0.0,0.8,,,,,,,,,7.0,,,,,,,,,,,,,,,,,,,,,,,,15.0,,,,,,,,,
1992-11-02 12:00:00,,,,,,,,,,0.0,,,,,,,,,,,,,,,,,,,,,,,,,,,,,,,,,,,,,,,,,,,,
1992-11-02 13:00:00,,,,,,,,,,0.0,,,,,,,,,,,,,,,,,,,,,,,,,,,,,,,,,,,,,,,,,,,,
1992-11-02 14:00:00,1014.5,1017.9,25.2,13.3,48.0,6.9,45.0,,,0.0,0.0,1.0,,23.5,21.6,21.8,21.7,,,,0.0,,,,,,,,,,,,,,,,,,,,,22.0,,,15.0,,,,,,,,,
1992-11-02 15:00:00,,,,,,,,,,0.0,,,,,,,,,,,,,,,,,,,,,,,,,,,,,,,,,,,,,,,,,,,,
1992-11-02 16:00:00,,,,,,,,,,0.0,,,,,,,,,,,,,,,,,,,,,,,,,,,,,,,,,,,,,,,,,,,,
1992-11-02 17:00:00,1014.1,1017.5,22.0,13.0,57.0,5.1,45.0,,,0.0,0.0,0.7,,,,,,,,,0.0,,,,,,,,,,,,,,,,,,,,,,,,15.0,,,,,,,,,
1992-11-02 18:00:00,,,,,,,,,,0.0,,,,,,,,,,,,,,,,,,,,,,,,,,,,,,,,,,,,,,,,,,,,
1992-11-02 19:00:00,,,,,,,,,,0.0,,,,,,,,,,,,,,,,,,,,,,,,,,,,,,,,,,,,,,,,,,,,
1992-11-02 20:00:00,1015.1,1018.5,20.3,14.2,68.0,3.3,67.5,,,0.0,0.0,,,,,,,,,,0.0,,,,,,,,,,,,,,,,,,,,,,,,15.0,,,,,,,,,
1992-11-02 21:00:00,1015.2,1018.6,19.9,14.3,70.0,2.4,67.5,,,0.0,0.0,,,19.9,20.7,21.5,21.9,,,,0.0,,,,,,,,,,,,,,,,,,,,,22.2,,,15.0,,,,,,,,,
1992-11-02 22:00:00,,,,,,,,,,0.0,,,,,,,,,,,,,,,,,,,,,,,,,,,,,,,,,,,,,,,,,,,,
1992-11-02 23:00:00,1014.9,1018.3,18.9,14.5,76.0,1.0,135.0,,,0.0,0.0,,,,,,,,,,0.0,,,,,,,,,,,,,,,,,,,,,,,,15.0,,,,,,,,,
1992-11-03 00:00:00,,,,,,,,,,0.0,,,,,,,,,,,,,,,,,,,,,,,,,,,,,,,,,,,,,,,,,,,,
1992-11-03 01:00:00,,,,,,,,,,0.0,,,,,,,,,,,,,,,,,,,,,,,,,,,,,,,,,,,,,,,,,,,,
1992-11-03 02:00:00,1014.4,1017.9,16.2,13.7,85.0,0.7,90.0,,,0.0,0.0,,,,,,,,,,0.0,,,,,,,,,,,,,,,,,,,,,,,,12.0,,,,,,,,,
1992-11-03 03:00:00,,,,,,,,,,0.0,,,,,,,,,,,,,,,,,,,,,,,,,,,,,,,,,,,,,,,,,,,,
1992-11-03 04:00:00,,,,,,,,,,0.0,,,,,,,,,,,,,,,,,,,,,,,,,,,,,,,,,,,,,,,,,,,,
1992-11-03 05:00:00,1015.0,1018.5,16.4,12.9,80.0,0.4,135.0,,,0.0,0.0,,,18.8,20.0,21.0,21.5,,,,2.0,,,,,,,,,,,,,,,,,,,,,22.0,,,12.0,,,,,,,,,
1992-11-03 06:00:00,,,,,,,,,,0.0,,,,,,,,,,,,,,,,,,,,,,,,,,,,,,,,,,,,,,,,,,,,
1992-11-03 07:00:00,,,,,,,,,,0.0,,,,,,,,,,,,,,,,,,,,,,,,,,,,,,,,,,,,,,,,,,,,
1992-11-03 08:00:00,1016.4,1019.8,19.5,13.5,68.0,1.2,90.0,,,0.0,0.0,0.0,,,,,,,,,9.0,,,,,,,,,,,,,,,,,,,,,,,,10.0,,,,,,,,,
1992-11-03 09:00:00,1016.7,1020.1,21.6,15.0,66.0,1.1,135.0,,,0.0,0.0,0.4,,,,,,,,,6.0,,,,,,,,,,,,,,,,,,,,,,,,12.0,,,,,,,,,
1992-11-03 10:00:00,,,,,,,,,,0.0,,,,,,,,,,,,,,,,,,,,,,,,,,,,,,,,,,,,,,,,,,,,
1992-11-03 11:00:00,1015.2,1018.6,25.7,16.6,57.0,3.1,22.5,,,0.0,0.0,1.0,,,,,,,,,1.0,,,,,,,,,,,,,,,,,,,,,,,,12.0,,,,,,,,,
1992-11-03 12:00:00,,,,,,,,,,0.0,,,,,,,,,,,,,,,,,,,,,,,,,,,,,,,,,,,,,,,,,,,,
1992-11-03 13:00:00,,,,,,,,,,0.0,,,,,,,,,,,,,,,,,,,,,,,,,,,,,,,,,,,,,,,,,,,,
1992-11-03 14:00:00,1012.0,1015.4,25.3,15.9,56.0,5.2,22.5,,,0.0,0.0,1.0,,24.7,22.3,22.2,22.0,,,,2.0,,,,,,,,,,,,,,,,,,,,,22.1,,,12.0,,,,,,,,,
1992-11-03 15:00:00,,,,,,,,,,0.0,,,,,,,,,,,,,,,,,,,,,,,,,,,,,,,,,,,,,,,,,,,,
1992-11-03 16:00:00,,,,,,,,,,0.0,,,,,,,,,,,,,,,,,,,,,,,,,,,,,,,,,,,,,,,,,,,,
1992-11-03 17:00:00,1011.9,1015.3,23.1,16.7,67.0,3.0,22.5,,,0.0,0.0,0.3,,,,,,,,,0.0,,,,,,,,,,,,,,,,,,,,,,,,12.0,,,,,,,,,
1992-11-03 18:00:00,,,,,,,,,,0.0,,,,,,,,,,,,,,,,,,,,,,,,,,,,,,,,,,,,,,,,,,,,
1992-11-03 19:00:00,,,,,,,,,,0.0,,,,,,,,,,,,,,,,,,,,,,,,,,,,,,,,,,,,,,,,,,,,
1992-11-03 20:00:00,1013.6,1017.0,19.9,15.5,76.0,1.5,45.0,,,0.0,0.0,,,,,,,,,,0.0,,,,,,,,,,,,,,,,,,,,,,,,12.0,,,,,,,,,
1992-11-03 21:00:00,1013.8,1017.2,19.1,15.6,80.0,1.0,90.0,,,0.0,0.0,,,20.1,21.3,22.0,22.3,,,,0.0,,,,,,,,,,,,,,,,,,,,,22.3,,,12.0,,,,,,,,,
1992-11-03 22:00:00,,,,,,,,,,0.0,,,,,,,,,,,,,,,,,,,,,,,,,,,,,,,,,,,,,,,,,,,,
1992-11-03 23:00:00,1014.1,1017.5,18.1,15.4,84.0,0.7,112.5,,,0.0,0.0,,,,,,,,,,0.0,,,,,,,,,,,,,,,,,,,,,,,,12.0,,,,,,,,,
1992-11-04 00:00:00,,,,,,,,,,0.0,,,,,,,,,,,,,,,,,,,,,,,,,,,,,,,,,,,,,,,,,,,,
1992-11-04 01:00:00,,,,,,,,,,0.0,,,,,,,,,,,,,,,,,,,,,,,,,,,,,,,,,,,,,,,,,,,,
1992-11-04 02:00:00,1013.0,1016.5,16.4,14.6,89.0,1.7,45.0,,,0.0,0.0,,,,,,,,,,2.0,,,,,,,,,,,,,,,,,,,,,,,,12.0,,,,,,,,,
1992-11-04 03:00:00,,,,,,,,,,0.0,,,,,,,,,,,,,,,,,,,,,,,,,,,,,,,,,,,,,,,,,,,,
1992-11-04 04:00:00,,,,,,,,,,0.0,,,,,,,,,,,,,,,,,,,,,,,,,,,,,,,,,,,,,,,,,,,,
1992-11-04 05:00:00,1013.1,1016.6,16.9,14.2,84.0,1.7,90.0,,,0.0,0.0,,,19.0,20.4,21.3,21.7,,,,0.0,,,,,,,,,,,,,,,,,,,,,22.3,,,12.0,,,,,,,,,
1992-11-04 06:00:00,,,,,,,,,,0.0,,,,,,,,,,,,,,,,,,,,,,,,,,,,,,,,,,,,,,,,,,,,
1992-11-04 07:00:00,,,,,,,,,,0.0,,,,,,,,,,,,,,,,,,,,,,,,,,,,,,,,,,,,,,,,,,,,
1992-11-04 08:00:00,1014.7,1018.1,19.7,15.9,79.0,1.5,90.0,,,0.0,0.0,0.9,,,,,,,,,0.0,,,,,,,,,,,,,,,,,,,,,,,,12.0,,,,,,,,,
1992-11-04 09:00:00,1014.9,1018.3,23.0,16.2,66.0,0.7,157.5,,,0.0,0.0,1.0,,,,,,,,,0.0,,,,,,,,,,,,,,,,,,,,,,,,12.0,,,,,,,,,
1992-11-04 10:00:00,,,,,,,,,,0.0,,,,,,,,,,,,,,,,,,,,,,,,,,,,,,,,,,,,,,,,,,,,
1992-11-04 11:00:00,1013.7,1017.1,26.3,18.7,63.0,2.2,292.5,,,0.0,0.0,1.0,,,,,,,,,2.0,,,,,,,,,,,,,,,,,,,,,,,,12.0,,,,,,,,,
1992-11-04 12:00:00,,,,,,,,,,0.0,,,,,,,,,,,,,,,,,,,,,,,,,,,,,,,,,,,,,,,,,,,,
1992-11-04 13:00:00,,,,,,,,,,0.0,,,,,,,,,,,,,,,,,,,,,,,,,,,,,,,,,,,,,,,,,,,,
1992-11-04 14:00:00,1010.8,1014.1,26.7,20.3,68.0,3.3,360.0,,,0.0,0.0,0.9,,26.2,23.0,22.7,22.2,,,,4.0,,,,,,,,,,,,,,,,,,,,,22.2,,,15.0,,,,,,,,,
1992-11-04 15:00:00,,,,,,,,,,0.0,,,,,,,,,,,,,,,,,,,,,,,,,,,,,,,,,,,,,,,,,,,,
1992-11-04 16:00:00,,,,,,,,,,0.0,,,,,,,,,,,,,,,,,,,,,,,,,,,,,,,,,,,,,,,,,,,,
1992-11-04 17:00:00,1011.4,1014.8,23.2,19.4,79.0,2.5,45.0,,,0.0,0.0,0.1,,,,,,,,,4.0,,,,,,,,,,,,,,,,,,,,,,,,12.0,,,,,,,,,
1992-11-04 18:00:00,,,,,,,,,,0.0,,,,,,,,,,,,,,,,,,,,,,,,,,,,,,,,,,,,,,,,,,,,
1992-11-04 19:00:00,,,,,,,,,,0.0,,,,,,,,,,,,,,,,,,,,,,,,,,,,,,,,,,,,,,,,,,,,
1992-11-04 20:00:00,1012.6,1016.0,21.0,18.1,84.0,1.0,22.5,,,0.0,0.0,,,,,,,,,,2.0,,,,,,,,,,,,,,,,,,,,,,,,10.0,,,,,,,,,
1992-11-04 21:00:00,1012.8,1016.2,20.3,17.5,84.0,1.3,112.5,,,0.0,0.0,,,21.1,21.8,22.6,22.7,,,,2.0,,,,,,,,,,,,,,,,,,,,,22.7,,,10.0,,,,,,,,,
1992-11-04 22:00:00,,,,,,,,,,0.0,,,,,,,,,,,,,,,,,,,,,,,,,,,,,,,,,,,,,,,,,,,,
1992-11-04 23:00:00,1013.0,1016.4,19.6,17.1,85.0,0.4,135.0,,,0.0,0.0,,,,,,,,,,0.0,,,,,,,,,,,,,,,,,,,,,,,,6.0,,,,,,,,,
1992-11-05 00:00:00,,,,,,,,,,0.0,,,,,,,,,,,,,,,,,,,,,,,,,,,,,,,,,,,,,,,,,,,,
1992-11-05 01:00:00,,,,,,,,,,0.0,,,,,,,,,,,,,,,,,,,,,,,,,,,,,,,,,,,,,,,,,,,,
1992-11-05 02:00:00,1012.6,1016.0,18.6,16.2,86.0,0.9,112.5,,,0.0,0.0,,,,,,,,,,4.0,,,,,,,,,,,,,,,,,,,,,,,,6.0,,,,,,,,,
1992-11-05 03:00:00,,,,,,,,,,0.0,,,,,,,,,,,,,,,,,,,,,,,,,,,,,,,,,,,,,,,,,,,,
1992-11-05 04:00:00,,,,,,,,,,0.0,,,,,,,,,,,,,,,,,,,,,,,,,,,,,,,,,,,,,,,,,,,,
1992-11-05 05:00:00,1013.4,1016.8,18.1,15.8,86.0,1.5,112.5,,,0.0,0.0,,,20.1,21.1,21.8,22.2,,,,5.0,,,,,,,,,,,,,,,,,,,,,22.6,,,6.0,,,,,,,,,
1992-11-05 06:00:00,,,,,,,,,,0.0,,,,,,,,,,,,,,,,,,,,,,,,,,,,,,,,,,,,,,,,,,,,
1992-11-05 07:00:00,,,,,,,,,,0.0,,,,,,,,,,,,,,,,,,,,,,,,,,,,,,,,,,,,,,,,,,,,
1992-11-05 08:00:00,1014.8,1018.2,20.7,17.1,80.0,2.1,112.5,,,0.0,0.0,0.4,,,,,,,,,5.0,,,,,,,,,,,,,,,,,,,,,,,,6.0,,,,,,,,,
1992-11-05 09:00:00,1015.0,1018.4,23.5,18.5,74.0,2.6,157.5,,,0.0,0.0,1.0,,,,,,,,,3.0,,,,,,,,,,,,,,,,,,,,,,,,8.0,,,,,,,,,
1992-11-05 10:00:00,,,,,,,,,,0.0,,,,,,,,,,,,,,,,,,,,,,,,,,,,,,,,,,,,,,,,,,,,
1992-11-05 11:00:00,1014.4,1017.8,24.9,18.9,69.0,3.1,292.5,,,0.0,0.0,0.9,,,,,,,,,3.0,,,,,,,,,,,,,,,,,,,,,,,,8.0,,,,,,,,,
1992-11-05 12:00:00,,,,,,,,,,0.0,,,,,,,,,,,,,,,,,,,,,,,,,,,,,,,,,,,,,,,,,,,,
1992-11-05 13:00:00,,,,,,,,,,0.0,,,,,,,,,,,,,,,,,,,,,,,,,,,,,,,,,,,,,,,,,,,,
1992-11-05 14:00:00,1011.8,1015.2,25.1,19.7,72.0,3.4,360.0,,,0.0,0.0,0.9,,21.8,23.5,23.3,22.8,,,,6.0,,,,,,,,,,,,,,,,,,,,,22.6,,,8.0,,,,,,,,,
1992-11-05 15:00:00,,,,,,,,,,0.0,,,,,,,,,,,,,,,,,,,,,,,,,,,,,,,,,,,,,,,,,,,,
1992-11-05 16:00:00,,,,,,,,,,0.0,,,,,,,,,,,,,,,,,,,,,,,,,,,,,,,,,,,,,,,,,,,,
1992-11-05 17:00:00,1011.8,1015.2,23.0,18.3,75.0,3.0,67.5,,,0.0,0.0,0.0,,,,,,,,,2.0,,,,,,,,,,,,,,,,,,,,,,,,8.0,,,,,,,,,
1992-11-05 18:00:00,,,,,,,,,,0.0,,,,,,,,,,,,,,,,,,,,,,,,,,,,,,,,,,,,,,,,,,,,
1992-11-05 19:00:00,,,,,,,,,,0.0,,,,,,,,,,,,,,,,,,,,,,,,,,,,,,,,,,,,,,,,,,,,
1992-11-05 20:00:00,1012.3,1015.7,21.1,18.3,84.0,3.3,45.0,,,0.0,0.0,,,,,,,,,,0.0,,,,,,,,,,,,,,,,,,,,,,,,6.0,,,,,,,,,
1992-11-05 21:00:00,1012.4,1015.8,21.1,17.4,79.0,3.0,45.0,,,0.0,0.0,,,21.6,22.2,23.0,23.0,,,,0.0,,,,,,,,,,,,,,,,,,,,,23.0,,,8.0,,,,,,,,,
1992-11-05 22:00:00,,,,,,,,,,0.0,,,,,,,,,,,,,,,,,,,,,,,,,,,,,,,,,,,,,,,,,,,,
1992-11-05 23:00:00,1012.3,1015.7,20.8,17.3,80.0,1.2,112.5,,,0.0,0.0,,,,,,,,,,0.0,,,,,,,,,,,,,,,,,,,,,,,,8.0,,,,,,,,,
1992-11-06 00:00:00,,,,,,,,,,0.0,,,,,,,,,,,,,,,,,,,,,,,,,,,,,,,,,,,,,,,,,,,,
1992-11-06 01:00:00,,,,,,,,,,0.0,,,,,,,,,,,,,,,,,,,,,,,,,,,,,,,,,,,,,,,,,,,,
1992-11-06 02:00:00,1011.9,1015.3,20.4,17.6,84.0,3.8,45.0,,,0.0,0.0,,,,,,,,,,0.0,,,,,,,,,,,,,,,,,,,,,,,,8.0,,,,,,,,,
1992-11-06 03:00:00,,,,,,,,,,0.0,,,,,,,,,,,,,,,,,,,,,,,,,,,,,,,,,,,,,,,,,,,,
1992-11-06 04:00:00,,,,,,,,,,0.0,,,,,,,,,,,,,,,,,,,,,,,,,,,,,,,,,,,,,,,,,,,,
1992-11-06 05:00:00,1012.6,1016.0,20.7,18.0,85.0,3.8,22.5,,,0.0,0.0,,,20.9,21.6,22.3,22.5,,,,0.0,,,,,,,,,,,,,,,,,,,,,22.8,,,10.0,,,,,,,,,
1992-11-06 06:00:00,,,,,,,,,,0.0,,,,,,,,,,,,,,,,,,,,,,,,,,,,,,,,,,,,,,,,,,,,
1992-11-06 07:00:00,,,,,,,,,,0.0,,,,,,,,,,,,,,,,,,,,,,,,,,,,,,,,,,,,,,,,,,,,
1992-11-06 08:00:00,1014.2,1017.6,23.3,19.0,77.0,3.5,45.0,,,0.0,0.0,1.0,,,,,,,,,1.0,,,,,,,,,,,,,,,,,,,,,,,,15.0,,,,,,,,,
1992-11-06 09:00:00,1014.5,1017.9,24.3,18.6,71.0,5.9,45.0,,,0.0,0.0,1.0,,,,,,,,,3.0,,,,,,,,,,,,,,,,,,,,,,,,15.0,,,,,,,,,
1992-11-06 10:00:00,,,,,,,,,,0.0,,,,,,,,,,,,,,,,,,,,,,,,,,,,,,,,,,,,,,,,,,,,
1992-11-06 11:00:00,1013.2,1016.6,25.4,18.8,67.0,7.6,22.5,,,0.0,0.0,1.0,,,,,,,,,3.0,,,,,,,,,,,,,,,,,,,,,,,,15.0,,,,,,,,,
1992-11-06 12:00:00,,,,,,,,,,0.0,,,,,,,,,,,,,,,,,,,,,,,,,,,,,,,,,,,,,,,,,,,,
1992-11-06 13:00:00,,,,,,,,,,0.0,,,,,,,,,,,,,,,,,,,,,,,,,,,,,,,,,,,,,,,,,,,,
1992-11-06 14:00:00,1010.5,1013.9,24.9,18.6,68.0,8.4,45.0,,,0.0,0.0,1.0,,25.2,22.9,23.1,22.9,,,,3.0,,,,,,,,,,,,,,,,,,,,,22.9,,,12.0,,,,,,,,,
1992-11-06 15:00:00,,,,,,,,,,0.0,,,,,,,,,,,,,,,,,,,,,,,,,,,,,,,,,,,,,,,,,,,,
1992-11-06 16:00:00,,,,,,,,,,0.0,,,,,,,,,,,,,,,,,,,,,,,,,,,,,,,,,,,,,,,,,,,,
1992-11-06 17:00:00,1011.0,1014.4,21.9,17.6,77.0,8.1,45.0,,,0.0,0.0,0.5,,,,,,,,,1.0,,,,,,,,,,,,,,,,,,,,,,,,12.0,,,,,,,,,
1992-11-06 18:00:00,,,,,,,,,,0.0,,,,,,,,,,,,,,,,,,,,,,,,,,,,,,,,,,,,,,,,,,,,
1992-11-06 19:00:00,,,,,,,,,,0.0,,,,,,,,,,,,,,,,,,,,,,,,,,,,,,,,,,,,,,,,,,,,
1992-11-06 20:00:00,1012.6,1016.0,20.6,16.6,78.0,7.0,45.0,,,0.0,0.0,,,,,,,,,,0.0,,,,,,,,,,,,,,,,,,,,,,,,12.0,,,,,,,,,
1992-11-06 21:00:00,1012.9,1016.3,20.3,16.4,78.0,6.5,22.5,,,0.0,0.0,,,21.0,21.8,22.7,23.0,,,,0.0,,,,,,,,,,,,,,,,,,,,,23.0,,,12.0,,,,,,,,,
1992-11-06 22:00:00,,,,,,,,,,0.0,,,,,,,,,,,,,,,,,,,,,,,,,,,,,,,,,,,,,,,,,,,,
1992-11-06 23:00:00,1013.3,1016.7,19.8,16.0,79.0,5.5,45.0,,,0.0,0.0,,,,,,,,,,0.0,,,,,,,,,,,,,,,,,,,,,,,,12.0,,,,,,,,,
1992-11-07 00:00:00,,,,,,,,,,0.0,,,,,,,,,,,,,,,,,,,,,,,,,,,,,,,,,,,,,,,,,,,,
1992-11-07 01:00:00,,,,,,,,,,0.0,,,,,,,,,,,,,,,,,,,,,,,,,,,,,,,,,,,,,,,,,,,,
1992-11-07 02:00:00,1013.0,1016.4,19.7,16.3,81.0,5.0,45.0,,,0.0,0.0,,,,,,,,,,0.0,,,,,,,,,,,,,,,,,,,,,,,,12.0,,,,,,,,,
1992-11-07 03:00:00,,,,,,,,,,0.0,,,,,,,,,,,,,,,,,,,,,,,,,,,,,,,,,,,,,,,,,,,,
1992-11-07 04:00:00,,,,,,,,,,0.0,,,,,,,,,,,,,,,,,,,,,,,,,,,,,,,,,,,,,,,,,,,,
1992-11-07 05:00:00,1013.1,1016.5,19.2,14.7,75.0,4.3,45.0,,,0.0,0.0,,,19.8,21.1,22.0,22.5,,,,0.0,,,,,,,,,,,,,,,,,,,,,22.8,,,12.0,,,,,,,,,
1992-11-07 06:00:00,,,,,,,,,,0.0,,,,,,,,,,,,,,,,,,,,,,,,,,,,,,,,,,,,,,,,,,,,
1992-11-07 07:00:00,,,,,,,,,,0.0,,,,,,,,,,,,,,,,,,,,,,,,,,,,,,,,,,,,,,,,,,,,
1992-11-07 08:00:00,1014.5,1017.9,21.0,15.2,69.0,4.5,45.0,,,0.0,0.0,1.0,,,,,,,,,0.0,,,,,,,,,,,,,,,,,,,,,,,,12.0,,,,,,,,,
1992-11-07 09:00:00,1014.7,1018.1,22.2,15.1,64.0,5.3,45.0,,,0.0,0.0,1.0,,,,,,,,,0.0,,,,,,,,,,,,,,,,,,,,,,,,12.0,,,,,,,,,
1992-11-07 10:00:00,,,,,,,,,,0.0,,,,,,,,,,,,,,,,,,,,,,,,,,,,,,,,,,,,,,,,,,,,
1992-11-07 11:00:00,1013.3,1016.7,23.6,15.2,59.0,5.4,45.0,,,0.0,0.0,1.0,,,,,,,,,0.0,,,,,,,,,,,,,,,,,,,,,,,,12.0,,,,,,,,,
1992-11-07 12:00:00,,,,,,,,,,0.0,,,,,,,,,,,,,,,,,,,,,,,,,,,,,,,,,,,,,,,,,,,,
1992-11-07 13:00:00,,,,,,,,,,0.0,,,,,,,,,,,,,,,,,,,,,,,,,,,,,,,,,,,,,,,,,,,,
1992-11-07 14:00:00,1010.8,1014.2,23.1,14.1,57.0,6.1,22.5,,,0.0,0.0,1.0,,24.1,22.5,22.8,22.7,,,,0.0,,,,,,,,,,,,,,,,,,,,,22.8,,,12.0,,,,,,,,,
1992-11-07 15:00:00,,,,,,,,,,0.0,,,,,,,,,,,,,,,,,,,,,,,,,,,,,,,,,,,,,,,,,,,,
1992-11-07 16:00:00,,,,,,,,,,0.0,,,,,,,,,,,,,,,,,,,,,,,,,,,,,,,,,,,,,,,,,,,,
1992-11-07 17:00:00,1011.8,1015.2,20.1,13.5,66.0,5.6,45.0,,,0.0,0.0,0.2,,,,,,,,,0.0,,,,,,,,,,,,,,,,,,,,,,,,12.0,,,,,,,,,
1992-11-07 18:00:00,,,,,,,,,,0.0,,,,,,,,,,,,,,,,,,,,,,,,,,,,,,,,,,,,,,,,,,,,
1992-11-07 19:00:00,,,,,,,,,,0.0,,,,,,,,,,,,,,,,,,,,,,,,,,,,,,,,,,,,,,,,,,,,
1992-11-07 20:00:00,1013.2,1016.6,18.4,12.7,69.0,2.8,45.0,,,0.0,0.0,,,,,,,,,,0.0,,,,,,,,,,,,,,,,,,,,,,,,12.0,,,,,,,,,
1992-11-07 21:00:00,1013.3,1016.7,18.3,12.5,69.0,2.0,45.0,,,0.0,0.0,,,19.5,21.2,22.1,22.6,,,,0.0,,,,,,,,,,,,,,,,,,,,,22.8,,,10.0,,,,,,,,,
1992-11-07 22:00:00,,,,,,,,,,0.0,,,,,,,,,,,,,,,,,,,,,,,,,,,,,,,,,,,,,,,,,,,,
1992-11-07 23:00:00,1012.8,1016.2,18.3,12.0,67.0,2.0,45.0,,,0.0,0.0,,,,,,,,,,0.0,,,,,,,,,,,,,,,,,,,,,,,,10.0,,,,,,,,,
1992-11-08 00:00:00,,,,,,,,,,0.0,,,,,,,,,,,,,,,,,,,,,,,,,,,,,,,,,,,,,,,,,,,,
1992-11-08 01:00:00,,,,,,,,,,0.0,,,,,,,,,,,,,,,,,,,,,,,,,,,,,,,,,,,,,,,,,,,,
1992-11-08 02:00:00,1012.5,1016.0,16.2,11.8,75.0,2.1,45.0,,,0.0,0.0,,,,,,,,,,0.0,,,,,,,,,,,,,,,,,,,,,,,,10.0,,,,,,,,,
1992-11-08 03:00:00,,,,,,,,,,0.0,,,,,,,,,,,,,,,,,,,,,,,,,,,,,,,,,,,,,,,,,,,,
1992-11-08 04:00:00,,,,,,,,,,0.0,,,,,,,,,,,,,,,,,,,,,,,,,,,,,,,,,,,,,,,,,,,,
1992-11-08 05:00:00,1012.6,1016.1,14.9,11.8,82.0,1.1,45.0,,,0.0,0.0,,,17.8,20.1,21.1,21.9,,,,0.0,,,,,,,,,,,,,,,,,,,,,22.3,,,10.0,,,,,,,,,
1992-11-08 06:00:00,,,,,,,,,,0.0,,,,,,,,,,,,,,,,,,,,,,,,,,,,,,,,,,,,,,,,,,,,
1992-11-08 07:00:00,,,,,,,,,,0.0,,,,,,,,,,,,,,,,,,,,,,,,,,,,,,,,,,,,,,,,,,,,
1992-11-08 08:00:00,1015.1,1018.6,17.6,12.6,72.0,1.1,90.0,,,0.0,0.0,1.0,,,,,,,,,1.0,,,,,,,,,,,,,,,,,,,,,,,,10.0,,,,,,,,,
1992-11-08 09:00:00,1015.6,1019.0,22.3,14.6,62.0,2.1,67.5,,,0.0,0.0,1.0,,,,,,,,,2.0,,,,,,,,,,,,,,,,,,,,,,,,10.0,,,,,,,,,
1992-11-08 10:00:00,,,,,,,,,,0.0,,,,,,,,,,,,,,,,,,,,,,,,,,,,,,,,,,,,,,,,,,,,
1992-11-08 11:00:00,1014.7,1018.1,24.9,14.0,51.0,5.1,45.0,,,0.0,0.0,1.0,,,,,,,,,0.0,,,,,,,,,,,,,,,,,,,,,,,,12.0,,,,,,,,,
1992-11-08 12:00:00,,,,,,,,,,0.0,,,,,,,,,,,,,,,,,,,,,,,,,,,,,,,,,,,,,,,,,,,,
1992-11-08 13:00:00,,,,,,,,,,0.0,,,,,,,,,,,,,,,,,,,,,,,,,,,,,,,,,,,,,,,,,,,,
1992-11-08 14:00:00,1013.2,1016.6,23.6,15.1,59.0,6.7,22.5,,,0.0,0.0,1.0,,24.1,21.8,22.0,22.0,,,,1.0,,,,,,,,,,,,,,,,,,,,,22.3,,,15.0,,,,,,,,,
1992-11-08 15:00:00,,,,,,,,,,0.0,,,,,,,,,,,,,,,,,,,,,,,,,,,,,,,,,,,,,,,,,,,,
1992-11-08 16:00:00,,,,,,,,,,0.0,,,,,,,,,,,,,,,,,,,,,,,,,,,,,,,,,,,,,,,,,,,,
1992-11-08 17:00:00,1014.3,1017.7,20.9,16.1,74.0,6.0,45.0,,,0.0,0.0,0.5,,,,,,,,,2.0,,,,,,,,,,,,,,,,,,,,,,,,12.0,,,,,,,,,
1992-11-08 18:00:00,,,,,,,,,,0.0,,,,,,,,,,,,,,,,,,,,,,,,,,,,,,,,,,,,,,,,,,,,
1992-11-08 19:00:00,,,,,,,,,,0.0,,,,,,,,,,,,,,,,,,,,,,,,,,,,,,,,,,,,,,,,,,,,
1992-11-08 20:00:00,1017.0,1020.4,19.6,16.6,83.0,3.3,45.0,,,0.0,0.0,,,,,,,,,,4.0,,,,,,,,,,,,,,,,,,,,,,,,10.0,,,,,,,,,
1992-11-08 21:00:00,1017.7,1021.1,19.9,16.2,79.0,5.3,45.0,,,0.0,0.0,,,20.8,21.1,22.0,22.3,,,,10.0,,,,,,,,,,,,,,,,,,,,,22.6,,,10.0,,,,,,,,,
1992-11-08 22:00:00,,,,,,,,,,0.0,,,,,,,,,,,,,,,,,,,,,,,,,,,,,,,,,,,,,,,,,,,,
1992-11-08 23:00:00,1018.9,1022.3,19.6,16.0,80.0,6.1,45.0,,,0.0,0.0,,,,,,,,,,10.0,,,,,,,,,,,,,,,,,,,,,,,,10.0,,,,,,,,,
1992-11-09 00:00:00,,,,,,,,,,0.0,,,,,,,,,,,,,,,,,,,,,,,,,,,,,,,,,,,,,,,,,,,,
1992-11-09 01:00:00,,,,,,,,,,0.3,,,,,,,,,,,,,,,,,,,,,,,,,,,,,,,,,,,,,,,,,,,,
1992-11-09 02:00:00,1019.7,1023.2,17.2,15.7,91.0,7.3,22.5,,,1.5,1.0,,,,,,,,,,10.0,,,,,,,,,,,,,,,,,,,,,,,,6.0,,,,,,,,,
1992-11-09 03:00:00,,,,,,,,,,0.3,,,,,,,,,,,,,,,,,,,,,,,,,,,,,,,,,,,,,,,,,,,,
1992-11-09 04:00:00,,,,,,,,,,0.7,,,,,,,,,,,,,,,,,,,,,,,,,,,,,,,,,,,,,,,,,,,,
1992-11-09 05:00:00,1020.8,1024.3,15.5,14.7,95.0,7.8,45.0,,,0.4,1.0,,,18.9,20.2,21.6,21.9,,,,10.0,,,,,,,,,,,,,,,,,,,,,22.4,,,6.0,,,,,,,,,
1992-11-09 06:00:00,,,,,,,,,,0.9,,,,,,,,,,,,,,,,,,,,,,,,,,,,,,,,,,,,,,,,,,,,
1992-11-09 07:00:00,,,,,,,,,,0.5,,,,,,,,,,,,,,,,,,,,,,,,,,,,,,,,,,,,,,,,,,,,
1992-11-09 08:00:00,1023.4,1026.9,14.3,13.6,96.0,6.6,45.0,,,0.4,1.0,0.0,,,,,,,,,10.0,,,,,,,,,,,,,,,,,,,,,,,,6.0,,,,,,,,,
1992-11-09 09:00:00,1023.8,1027.3,14.3,13.3,94.0,6.9,45.0,,,0.1,1.0,0.0,,,,,,,,,10.0,,,,,,,,,,,,,,,,,,,,,,,,6.0,,,,,,,,,
1992-11-09 10:00:00,,,,,,,,,,-9.8,,,,,,,,,,,,,,,,,,,,,,,,,,,,,,,,,,,,,,,,,,,,
1992-11-09 11:00:00,1022.8,1026.3,18.7,14.0,74.0,5.5,67.5,,,0.0,0.0,0.3,,,,,,,,,9.0,,,,,,,,,,,,,,,,,,,,,,,,15.0,,,,,,,,,
1992-11-09 12:00:00,,,,,,,,,,0.0,,,,,,,,,,,,,,,,,,,,,,,,,,,,,,,,,,,,,,,,,,,,
1992-11-09 13:00:00,,,,,,,,,,0.0,,,,,,,,,,,,,,,,,,,,,,,,,,,,,,,,,,,,,,,,,,,,
1992-11-09 14:00:00,1021.9,1025.4,15.2,11.7,80.0,7.5,45.0,,,0.0,0.0,0.0,,19.6,20.0,20.6,21.7,,,,10.0,,,,,,,,,,,,,,,,,,,,,22.0,,,8.0,,,,,,,,,
1992-11-09 15:00:00,,,,,,,,,,0.0,,,,,,,,,,,,,,,,,,,,,,,,,,,,,,,,,,,,,,,,,,,,
1992-11-09 16:00:00,,,,,,,,,,0.0,,,,,,,,,,,,,,,,,,,,,,,,,,,,,,,,,,,,,,,,,,,,
1992-11-09 17:00:00,1023.0,1026.5,14.8,10.5,75.0,5.7,45.0,,,0.0,0.0,0.0,,,,,,,,,9.0,,,,,,,,,,,,,,,,,,,,,,,,8.0,,,,,,,,,
1992-11-09 18:00:00,,,,,,,,,,0.0,,,,,,,,,,,,,,,,,,,,,,,,,,,,,,,,,,,,,,,,,,,,
1992-11-09 19:00:00,,,,,,,,,,0.0,,,,,,,,,,,,,,,,,,,,,,,,,,,,,,,,,,,,,,,,,,,,
1992-11-09 20:00:00,1024.7,1028.2,14.5,9.2,70.0,5.9,67.5,,,0.0,0.0,,,,,,,,,,10.0,,,,,,,,,,,,,,,,,,,,,,,,8.0,,,,,,,,,
1992-11-09 21:00:00,1025.1,1028.6,14.4,9.2,71.0,4.7,67.5,,,0.0,0.0,,,16.8,19.3,20.4,21.1,,,,10.0,,,,,,,,,,,,,,,,,,,,,21.8,,,10.0,,,,,,,,,
1992-11-09 22:00:00,,,,,,,,,,0.0,,,,,,,,,,,,,,,,,,,,,,,,,,,,,,,,,,,,,,,,,,,,
1992-11-09 23:00:00,1025.9,1029.4,14.0,8.8,71.0,4.7,67.5,,,0.0,0.0,,,,,,,,,,10.0,,,,,,,,,,,,,,,,,,,,,,,,10.0,,,,,,,,,
1992-11-10 00:00:00,,,,,,,,,,0.0,,,,,,,,,,,,,,,,,,,,,,,,,,,,,,,,,,,,,,,,,,,,
1992-11-10 01:00:00,,,,,,,,,,0.0,,,,,,,,,,,,,,,,,,,,,,,,,,,,,,,,,,,,,,,,,,,,
1992-11-10 02:00:00,1024.7,1028.2,13.6,8.6,72.0,4.6,90.0,,,0.0,0.0,,,,,,,,,,10.0,,,,,,,,,,,,,,,,,,,,,,,,10.0,,,,,,,,,
1992-11-10 03:00:00,,,,,,,,,,0.0,,,,,,,,,,,,,,,,,,,,,,,,,,,,,,,,,,,,,,,,,,,,
1992-11-10 04:00:00,,,,,,,,,,0.0,,,,,,,,,,,,,,,,,,,,,,,,,,,,,,,,,,,,,,,,,,,,
1992-11-10 05:00:00,1024.8,1028.3,13.8,7.8,67.0,6.2,67.5,,,0.0,0.0,,,16.0,18.4,19.6,20.5,,,,10.0,,,,,,,,,,,,,,,,,,,,,21.3,,,10.0,,,,,,,,,
1992-11-10 06:00:00,,,,,,,,,,0.0,,,,,,,,,,,,,,,,,,,,,,,,,,,,,,,,,,,,,,,,,,,,
1992-11-10 07:00:00,,,,,,,,,,0.0,,,,,,,,,,,,,,,,,,,,,,,,,,,,,,,,,,,,,,,,,,,,
1992-11-10 08:00:00,1026.1,1029.6,14.3,6.4,59.0,7.1,45.0,,,0.0,0.0,0.2,,,,,,,,,9.0,,,,,,,,,,,,,,,,,,,,,,,,15.0,,,,,,,,,
1992-11-10 09:00:00,1026.4,1029.9,15.2,6.5,56.0,7.3,45.0,,,0.0,0.0,1.0,,,,,,,,,3.0,,,,,,,,,,,,,,,,,,,,,,,,15.0,,,,,,,,,
1992-11-10 10:00:00,,,,,,,,,,0.0,,,,,,,,,,,,,,,,,,,,,,,,,,,,,,,,,,,,,,,,,,,,
1992-11-10 11:00:00,1025.0,1028.5,16.5,7.0,53.0,8.3,45.0,,,0.0,0.0,1.0,,,,,,,,,2.0,,,,,,,,,,,,,,,,,,,,,,,,15.0,,,,,,,,,
1992-11-10 12:00:00,,,,,,,,,,0.0,,,,,,,,,,,,,,,,,,,,,,,,,,,,,,,,,,,,,,,,,,,,
1992-11-10 13:00:00,,,,,,,,,,0.0,,,,,,,,,,,,,,,,,,,,,,,,,,,,,,,,,,,,,,,,,,,,
1992-11-10 14:00:00,1022.9,1026.4,16.5,7.1,54.0,7.8,45.0,,,0.0,0.0,1.0,,18.2,19.0,19.8,20.3,,,,2.0,,,,,,,,,,,,,,,,,,,,,21.0,,,15.0,,,,,,,,,
1992-11-10 15:00:00,,,,,,,,,,0.0,,,,,,,,,,,,,,,,,,,,,,,,,,,,,,,,,,,,,,,,,,,,
1992-11-10 16:00:00,,,,,,,,,,0.0,,,,,,,,,,,,,,,,,,,,,,,,,,,,,,,,,,,,,,,,,,,,
1992-11-10 17:00:00,1023.2,1026.7,13.7,5.2,56.0,6.3,45.0,,,0.0,0.0,0.8,,,,,,,,,2.0,,,,,,,,,,,,,,,,,,,,,,,,15.0,,,,,,,,,
1992-11-10 18:00:00,,,,,,,,,,0.0,,,,,,,,,,,,,,,,,,,,,,,,,,,,,,,,,,,,,,,,,,,,
1992-11-10 19:00:00,,,,,,,,,,0.0,,,,,,,,,,,,,,,,,,,,,,,,,,,,,,,,,,,,,,,,,,,,
1992-11-10 20:00:00,1023.9,1027.4,13.0,6.2,63.0,5.4,45.0,,,0.0,0.0,,,,,,,,,,0.0,,,,,,,,,,,,,,,,,,,,,,,,15.0,,,,,,,,,
1992-11-10 21:00:00,1024.0,1027.5,12.7,6.8,67.0,4.2,22.5,,,0.0,0.0,,,15.3,17.9,19.2,20.1,,,,0.0,,,,,,,,,,,,,,,,,,,,,20.8,,,15.0,,,,,,,,,
1992-11-10 22:00:00,,,,,,,,,,0.0,,,,,,,,,,,,,,,,,,,,,,,,,,,,,,,,,,,,,,,,,,,,
1992-11-10 23:00:00,1022.8,1026.3,14.4,6.3,58.0,7.3,45.0,,,0.0,0.0,,,,,,,,,,0.0,,,,,,,,,,,,,,,,,,,,,,,,15.0,,,,,,,,,
1992-11-11 00:00:00,,,,,,,,,,0.0,,,,,,,,,,,,,,,,,,,,,,,,,,,,,,,,,,,,,,,,,,,,
1992-11-11 01:00:00,,,,,,,,,,0.0,,,,,,,,,,,,,,,,,,,,,,,,,,,,,,,,,,,,,,,,,,,,
1992-11-11 02:00:00,1020.6,1024.1,14.7,8.0,64.0,8.0,45.0,,,0.0,0.0,,,,,,,,,,0.0,,,,,,,,,,,,,,,,,,,,,,,,15.0,,,,,,,,,
1992-11-11 03:00:00,,,,,,,,,,0.0,,,,,,,,,,,,,,,,,,,,,,,,,,,,,,,,,,,,,,,,,,,,
1992-11-11 04:00:00,,,,,,,,,,0.0,,,,,,,,,,,,,,,,,,,,,,,,,,,,,,,,,,,,,,,,,,,,
1992-11-11 05:00:00,1020.8,1024.3,14.3,8.2,67.0,5.9,45.0,,,0.0,0.0,,,15.3,17.3,18.5,19.4,,,,2.0,,,,,,,,,,,,,,,,,,,,,20.4,,,15.0,,,,,,,,,
1992-11-11 06:00:00,,,,,,,,,,0.0,,,,,,,,,,,,,,,,,,,,,,,,,,,,,,,,,,,,,,,,,,,,
1992-11-11 07:00:00,,,,,,,,,,0.0,,,,,,,,,,,,,,,,,,,,,,,,,,,,,,,,,,,,,,,,,,,,
1992-11-11 08:00:00,1021.3,1024.8,17.2,9.1,59.0,7.9,45.0,,,0.0,0.0,1.0,,,,,,,,,0.0,,,,,,,,,,,,,,,,,,,,,,,,15.0,,,,,,,,,
1992-11-11 09:00:00,1021.1,1024.6,18.8,9.5,55.0,8.9,45.0,,,0.0,0.0,1.0,,,,,,,,,0.0,,,,,,,,,,,,,,,,,,,,,,,,15.0,,,,,,,,,
1992-11-11 10:00:00,,,,,,,,,,0.0,,,,,,,,,,,,,,,,,,,,,,,,,,,,,,,,,,,,,,,,,,,,
1992-11-11 11:00:00,1020.6,1024.0,21.4,10.9,51.0,5.9,67.5,,,0.0,0.0,1.0,,,,,,,,,0.0,,,,,,,,,,,,,,,,,,,,,,,,12.0,,,,,,,,,
1992-11-11 12:00:00,,,,,,,,,,0.0,,,,,,,,,,,,,,,,,,,,,,,,,,,,,,,,,,,,,,,,,,,,
1992-11-11 13:00:00,,,,,,,,,,0.0,,,,,,,,,,,,,,,,,,,,,,,,,,,,,,,,,,,,,,,,,,,,
1992-11-11 14:00:00,1018.3,1021.7,21.5,11.3,52.0,8.1,45.0,,,0.0,0.0,1.0,,20.0,19.3,19.8,19.7,,,,0.0,,,,,,,,,,,,,,,,,,,,,20.3,,,12.0,,,,,,,,,
1992-11-11 15:00:00,,,,,,,,,,0.0,,,,,,,,,,,,,,,,,,,,,,,,,,,,,,,,,,,,,,,,,,,,
1992-11-11 16:00:00,,,,,,,,,,0.0,,,,,,,,,,,,,,,,,,,,,,,,,,,,,,,,,,,,,,,,,,,,
1992-11-11 17:00:00,1018.6,1022.1,18.5,10.7,60.0,6.7,45.0,,,0.0,0.0,0.5,,,,,,,,,0.0,,,,,,,,,,,,,,,,,,,,,,,,12.0,,,,,,,,,
1992-11-11 18:00:00,,,,,,,,,,0.0,,,,,,,,,,,,,,,,,,,,,,,,,,,,,,,,,,,,,,,,,,,,
1992-11-11 19:00:00,,,,,,,,,,0.0,,,,,,,,,,,,,,,,,,,,,,,,,,,,,,,,,,,,,,,,,,,,
1992-11-11 20:00:00,1019.3,1022.8,17.4,10.3,63.0,2.5,67.5,,,0.0,0.0,,,,,,,,,,0.0,,,,,,,,,,,,,,,,,,,,,,,,12.0,,,,,,,,,
1992-11-11 21:00:00,1019.2,1022.7,17.2,10.4,64.0,1.4,90.0,,,0.0,0.0,,,17.1,18.4,19.5,20.0,,,,0.0,,,,,,,,,,,,,,,,,,,,,20.5,,,12.0,,,,,,,,,
1992-11-11 22:00:00,,,,,,,,,,0.0,,,,,,,,,,,,,,,,,,,,,,,,,,,,,,,,,,,,,,,,,,,,
1992-11-11 23:00:00,1018.7,1022.2,14.7,10.6,76.0,1.4,157.5,,,0.0,0.0,,,,,,,,,,0.0,,,,,,,,,,,,,,,,,,,,,,,,12.0,,,,,,,,,
1992-11-12 00:00:00,,,,,,,,,,0.0,,,,,,,,,,,,,,,,,,,,,,,,,,,,,,,,,,,,,,,,,,,,
1992-11-12 01:00:00,,,,,,,,,,0.0,,,,,,,,,,,,,,,,,,,,,,,,,,,,,,,,,,,,,,,,,,,,
1992-11-12 02:00:00,1018.4,1021.9,13.2,10.4,83.0,1.6,67.5,,,0.0,0.0,,,,,,,,,,0.0,,,,,,,,,,,,,,,,,,,,,,,,12.0,,,,,,,,,
1992-11-12 03:00:00,,,,,,,,,,0.0,,,,,,,,,,,,,,,,,,,,,,,,,,,,,,,,,,,,,,,,,,,,
1992-11-12 04:00:00,,,,,,,,,,0.0,,,,,,,,,,,,,,,,,,,,,,,,,,,,,,,,,,,,,,,,,,,,
1992-11-12 05:00:00,1018.2,1021.7,13.5,10.1,80.0,2.1,112.5,,,0.0,0.0,,,16.4,18.0,19.0,19.5,,,,0.0,,,,,,,,,,,,,,,,,,,,,20.3,,,12.0,,,,,,,,,
1992-11-12 06:00:00,,,,,,,,,,0.0,,,,,,,,,,,,,,,,,,,,,,,,,,,,,,,,,,,,,,,,,,,,
1992-11-12 07:00:00,,,,,,,,,,0.0,,,,,,,,,,,,,,,,,,,,,,,,,,,,,,,,,,,,,,,,,,,,
1992-11-12 08:00:00,1019.1,1022.6,16.8,11.1,69.0,2.0,112.5,,,0.0,0.0,0.5,,,,,,,,,1.0,,,,,,,,,,,,,,,,,,,,,,,,10.0,,,,,,,,,
1992-11-12 09:00:00,1019.6,1023.1,19.1,12.3,65.0,0.4,112.5,,,0.0,0.0,1.0,,,,,,,,,1.0,,,,,,,,,,,,,,,,,,,,,,,,12.0,,,,,,,,,
1992-11-12 10:00:00,,,,,,,,,,0.0,,,,,,,,,,,,,,,,,,,,,,,,,,,,,,,,,,,,,,,,,,,,
1992-11-12 11:00:00,1018.5,1021.9,22.4,12.0,52.0,0.4,157.5,,,0.0,0.0,1.0,,,,,,,,,3.0,,,,,,,,,,,,,,,,,,,,,,,,12.0,,,,,,,,,
1992-11-12 12:00:00,,,,,,,,,,0.0,,,,,,,,,,,,,,,,,,,,,,,,,,,,,,,,,,,,,,,,,,,,
1992-11-12 13:00:00,,,,,,,,,,0.0,,,,,,,,,,,,,,,,,,,,,,,,,,,,,,,,,,,,,,,,,,,,
1992-11-12 14:00:00,1015.9,1019.3,24.8,13.6,50.0,1.2,112.5,,,0.0,0.0,1.0,,22.8,20.5,20.4,20.2,,,,3.0,,,,,,,,,,,,,,,,,,,,,20.4,,,12.0,,,,,,,,,
1992-11-12 15:00:00,,,,,,,,,,0.0,,,,,,,,,,,,,,,,,,,,,,,,,,,,,,,,,,,,,,,,,,,,
1992-11-12 16:00:00,,,,,,,,,,0.0,,,,,,,,,,,,,,,,,,,,,,,,,,,,,,,,,,,,,,,,,,,,
1992-11-12 17:00:00,1016.5,1019.9,21.2,16.7,76.0,4.5,22.5,,,0.0,0.0,0.3,,,,,,,,,0.0,,,,,,,,,,,,,,,,,,,,,,,,10.0,,,,,,,,,
1992-11-12 18:00:00,,,,,,,,,,0.0,,,,,,,,,,,,,,,,,,,,,,,,,,,,,,,,,,,,,,,,,,,,
1992-11-12 19:00:00,,,,,,,,,,0.0,,,,,,,,,,,,,,,,,,,,,,,,,,,,,,,,,,,,,,,,,,,,
1992-11-12 20:00:00,1017.5,1021.0,18.6,15.0,80.0,0.3,22.5,,,0.0,0.0,,,,,,,,,,0.0,,,,,,,,,,,,,,,,,,,,,,,,8.0,,,,,,,,,
1992-11-12 21:00:00,1017.8,1021.3,18.4,15.0,81.0,1.6,45.0,,,0.0,0.0,,,18.9,19.8,20.6,20.6,,,,0.0,,,,,,,,,,,,,,,,,,,,,21.1,,,8.0,,,,,,,,,
1992-11-12 22:00:00,,,,,,,,,,0.0,,,,,,,,,,,,,,,,,,,,,,,,,,,,,,,,,,,,,,,,,,,,
1992-11-12 23:00:00,1017.4,1020.9,17.0,14.5,85.0,0.4,90.0,,,0.0,0.0,,,,,,,,,,8.0,,,,,,,,,,,,,,,,,,,,,,,,8.0,,,,,,,,,
1992-11-13 00:00:00,,,,,,,,,,0.0,,,,,,,,,,,,,,,,,,,,,,,,,,,,,,,,,,,,,,,,,,,,
1992-11-13 01:00:00,,,,,,,,,,0.0,,,,,,,,,,,,,,,,,,,,,,,,,,,,,,,,,,,,,,,,,,,,
1992-11-13 02:00:00,1016.6,1020.1,17.2,14.7,85.0,0.8,135.0,,,0.0,0.0,,,,,,,,,,10.0,,,,,,,,,,,,,,,,,,,,,,,,8.0,,,,,,,,,
1992-11-13 03:00:00,,,,,,,,,,0.0,,,,,,,,,,,,,,,,,,,,,,,,,,,,,,,,,,,,,,,,,,,,
1992-11-13 04:00:00,,,,,,,,,,0.0,,,,,,,,,,,,,,,,,,,,,,,,,,,,,,,,,,,,,,,,,,,,
1992-11-13 05:00:00,1016.5,1019.9,20.1,17.7,86.0,4.1,45.0,,,0.0,0.0,,,19.5,19.5,20.1,20.5,,,,10.0,,,,,,,,,,,,,,,,,,,,,21.0,,,8.0,,,,,,,,,
1992-11-13 06:00:00,,,,,,,,,,0.0,,,,,,,,,,,,,,,,,,,,,,,,,,,,,,,,,,,,,,,,,,,,
1992-11-13 07:00:00,,,,,,,,,,0.0,,,,,,,,,,,,,,,,,,,,,,,,,,,,,,,,,,,,,,,,,,,,
1992-11-13 08:00:00,1017.7,1021.1,21.0,17.3,79.0,6.8,22.5,,,0.0,0.0,0.0,,,,,,,,,10.0,,,,,,,,,,,,,,,,,,,,,,,,10.0,,,,,,,,,
1992-11-13 09:00:00,1018.3,1021.7,21.2,17.2,78.0,7.3,45.0,,,0.0,0.0,0.0,,,,,,,,,9.0,,,,,,,,,,,,,,,,,,,,,,,,10.0,,,,,,,,,
1992-11-13 10:00:00,,,,,,,,,,0.0,,,,,,,,,,,,,,,,,,,,,,,,,,,,,,,,,,,,,,,,,,,,
1992-11-13 11:00:00,1017.5,1020.9,21.7,17.1,75.0,8.3,22.5,,,0.0,0.0,0.0,,,,,,,,,10.0,,,,,,,,,,,,,,,,,,,,,,,,10.0,,,,,,,,,
1992-11-13 12:00:00,,,,,,,,,,0.0,,,,,,,,,,,,,,,,,,,,,,,,,,,,,,,,,,,,,,,,,,,,
1992-11-13 13:00:00,,,,,,,,,,0.0,,,,,,,,,,,,,,,,,,,,,,,,,,,,,,,,,,,,,,,,,,,,
1992-11-13 14:00:00,1015.5,1018.9,20.8,16.8,78.0,9.8,45.0,,,0.0,0.0,0.3,,21.8,20.5,20.8,20.8,,,,7.0,,,,,,,,,,,,,,,,,,,,,21.0,,,12.0,,,,,,,,,
1992-11-13 15:00:00,,,,,,,,,,0.0,,,,,,,,,,,,,,,,,,,,,,,,,,,,,,,,,,,,,,,,,,,,
1992-11-13 16:00:00,,,,,,,,,,0.0,,,,,,,,,,,,,,,,,,,,,,,,,,,,,,,,,,,,,,,,,,,,
1992-11-13 17:00:00,1015.3,1018.7,20.1,16.9,82.0,6.8,45.0,,,0.0,0.0,0.0,,,,,,,,,8.0,,,,,,,,,,,,,,,,,,,,,,,,12.0,,,,,,,,,
1992-11-13 18:00:00,,,,,,,,,,0.0,,,,,,,,,,,,,,,,,,,,,,,,,,,,,,,,,,,,,,,,,,,,
1992-11-13 19:00:00,,,,,,,,,,0.0,,,,,,,,,,,,,,,,,,,,,,,,,,,,,,,,,,,,,,,,,,,,
1992-11-13 20:00:00,1015.6,1019.0,20.5,16.9,80.0,8.5,45.0,,,0.0,0.0,,,,,,,,,,9.0,,,,,,,,,,,,,,,,,,,,,,,,10.0,,,,,,,,,
1992-11-13 21:00:00,1015.7,1019.1,20.6,17.1,80.0,8.4,45.0,,,0.0,0.0,,,20.0,20.0,20.8,21.0,,,,9.0,,,,,,,,,,,,,,,,,,,,,21.2,,,10.0,,,,,,,,,
1992-11-13 22:00:00,,,,,,,,,,0.0,,,,,,,,,,,,,,,,,,,,,,,,,,,,,,,,,,,,,,,,,,,,
1992-11-13 23:00:00,1014.9,1018.3,20.9,17.5,81.0,8.4,67.5,,,0.0,0.0,,,,,,,,,,10.0,,,,,,,,,,,,,,,,,,,,,,,,10.0,,,,,,,,,
1992-11-14 00:00:00,,,,,,,,,,0.0,,,,,,,,,,,,,,,,,,,,,,,,,,,,,,,,,,,,,,,,,,,,
1992-11-14 01:00:00,,,,,,,,,,0.0,,,,,,,,,,,,,,,,,,,,,,,,,,,,,,,,,,,,,,,,,,,,
1992-11-14 02:00:00,1014.6,1018.0,21.3,18.0,81.0,3.2,67.5,,,0.0,0.0,,,,,,,,,,10.0,,,,,,,,,,,,,,,,,,,,,,,,10.0,,,,,,,,,
1992-11-14 03:00:00,,,,,,,,,,0.0,,,,,,,,,,,,,,,,,,,,,,,,,,,,,,,,,,,,,,,,,,,,
1992-11-14 04:00:00,,,,,,,,,,0.0,,,,,,,,,,,,,,,,,,,,,,,,,,,,,,,,,,,,,,,,,,,,
1992-11-14 05:00:00,1014.2,1017.6,21.2,18.6,85.0,2.7,45.0,,,0.0,0.0,,,20.5,20.4,20.7,20.8,,,,10.0,,,,,,,,,,,,,,,,,,,,,21.3,,,12.0,,,,,,,,,
1992-11-14 06:00:00,,,,,,,,,,0.0,,,,,,,,,,,,,,,,,,,,,,,,,,,,,,,,,,,,,,,,,,,,
1992-11-14 07:00:00,,,,,,,,,,0.0,,,,,,,,,,,,,,,,,,,,,,,,,,,,,,,,,,,,,,,,,,,,
1992-11-14 08:00:00,1015.0,1018.4,22.0,18.8,82.0,1.3,360.0,,,0.0,0.0,0.0,,,,,,,,,9.0,,,,,,,,,,,,,,,,,,,,,,,,15.0,,,,,,,,,
1992-11-14 09:00:00,1015.5,1018.9,23.0,19.2,79.0,17.0,225.0,,,-9.8,0.2,0.0,,,,,,,,,10.0,,,,,,,,,,,,,,,,,,,,,,,,15.0,,,,,,,,,
1992-11-14 10:00:00,,,,,,,,,,0.0,,,,,,,,,,,,,,,,,,,,,,,,,,,,,,,,,,,,,,,,,,,,
1992-11-14 11:00:00,1014.1,1017.4,26.5,20.2,68.0,4.9,45.0,,,0.0,0.0,0.2,,,,,,,,,8.0,,,,,,,,,,,,,,,,,,,,,,,,15.0,,,,,,,,,
1992-11-14 12:00:00,,,,,,,,,,0.0,,,,,,,,,,,,,,,,,,,,,,,,,,,,,,,,,,,,,,,,,,,,
1992-11-14 13:00:00,,,,,,,,,,0.0,,,,,,,,,,,,,,,,,,,,,,,,,,,,,,,,,,,,,,,,,,,,
1992-11-14 14:00:00,1012.8,1016.1,27.0,19.6,64.0,3.4,67.5,,,0.0,0.0,0.0,,25.4,22.6,22.2,21.7,,,,10.0,,,,,,,,,,,,,,,,,,,,,21.6,,,15.0,,,,,,,,,
1992-11-14 15:00:00,,,,,,,,,,0.0,,,,,,,,,,,,,,,,,,,,,,,,,,,,,,,,,,,,,,,,,,,,
1992-11-14 16:00:00,,,,,,,,,,0.0,,,,,,,,,,,,,,,,,,,,,,,,,,,,,,,,,,,,,,,,,,,,
1992-11-14 17:00:00,1015.4,1018.8,23.4,19.4,78.0,4.2,22.5,,,0.0,0.0,0.0,,,,,,,,,10.0,,,,,,,,,,,,,,,,,,,,,,,,15.0,,,,,,,,,
1992-11-14 18:00:00,,,,,,,,,,1.9,,,,,,,,,,,,,,,,,,,,,,,,,,,,,,,,,,,,,,,,,,,,
1992-11-14 19:00:00,,,,,,,,,,3.6,,,,,,,,,,,,,,,,,,,,,,,,,,,,,,,,,,,,,,,,,,,,
1992-11-14 20:00:00,1017.2,1020.6,21.5,19.4,88.0,2.0,135.0,,,0.0,0.0,,,,,,,,,,10.0,,,,,,,,,,,,,,,,,,,,,,,,12.0,,,,,,,,,
1992-11-14 21:00:00,1016.5,1019.9,21.3,18.6,85.0,3.0,112.5,,,0.0,0.0,,,21.5,21.8,22.2,22.2,,,,9.0,,,,,,,,,,,,,,,,,,,,,22.1,,,12.0,,,,,,,,,
1992-11-14 22:00:00,,,,,,,,,,0.0,,,,,,,,,,,,,,,,,,,,,,,,,,,,,,,,,,,,,,,,,,,,
1992-11-14 23:00:00,1015.7,1019.1,21.8,18.4,81.0,2.4,67.5,,,0.0,0.0,,,,,,,,,,10.0,,,,,,,,,,,,,,,,,,,,,,,,12.0,,,,,,,,,
1992-11-15 00:00:00,,,,,,,,,,0.0,,,,,,,,,,,,,,,,,,,,,,,,,,,,,,,,,,,,,,,,,,,,
1992-11-15 01:00:00,,,,,,,,,,0.0,,,,,,,,,,,,,,,,,,,,,,,,,,,,,,,,,,,,,,,,,,,,
1992-11-15 02:00:00,1014.8,1018.2,20.9,18.5,86.0,0.6,22.5,,,0.0,0.0,,,,,,,,,,10.0,,,,,,,,,,,,,,,,,,,,,,,,12.0,,,,,,,,,
1992-11-15 03:00:00,,,,,,,,,,0.0,,,,,,,,,,,,,,,,,,,,,,,,,,,,,,,,,,,,,,,,,,,,
1992-11-15 04:00:00,,,,,,,,,,0.0,,,,,,,,,,,,,,,,,,,,,,,,,,,,,,,,,,,,,,,,,,,,
1992-11-15 05:00:00,1014.5,1017.9,21.3,18.5,84.0,1.7,90.0,,,0.0,0.0,,,21.1,21.5,21.8,21.9,,,,10.0,,,,,,,,,,,,,,,,,,,,,22.1,,,12.0,,,,,,,,,
1992-11-15 06:00:00,,,,,,,,,,0.0,,,,,,,,,,,,,,,,,,,,,,,,,,,,,,,,,,,,,,,,,,,,
1992-11-15 07:00:00,,,,,,,,,,0.0,,,,,,,,,,,,,,,,,,,,,,,,,,,,,,,,,,,,,,,,,,,,
1992-11-15 08:00:00,1015.9,1019.3,22.3,19.7,85.0,0.7,90.0,,,0.0,0.0,0.2,,,,,,,,,9.0,,,,,,,,,,,,,,,,,,,,,,,,12.0,,,,,,,,,
1992-11-15 09:00:00,1016.2,1019.6,25.2,18.9,68.0,3.2,67.5,,,0.0,0.0,0.7,,,,,,,,,9.0,,,,,,,,,,,,,,,,,,,,,,,,12.0,,,,,,,,,
1992-11-15 10:00:00,,,,,,,,,,0.0,,,,,,,,,,,,,,,,,,,,,,,,,,,,,,,,,,,,,,,,,,,,
1992-11-15 11:00:00,1014.7,1018.0,27.2,19.5,63.0,5.3,45.0,,,0.0,0.0,0.9,,,,,,,,,9.0,,,,,,,,,,,,,,,,,,,,,,,,15.0,,,,,,,,,
1992-11-15 12:00:00,,,,,,,,,,0.0,,,,,,,,,,,,,,,,,,,,,,,,,,,,,,,,,,,,,,,,,,,,
1992-11-15 13:00:00,,,,,,,,,,0.0,,,,,,,,,,,,,,,,,,,,,,,,,,,,,,,,,,,,,,,,,,,,
1992-11-15 14:00:00,1011.9,1015.2,27.4,20.0,64.0,7.6,22.5,,,0.0,0.0,1.0,,24.4,23.9,23.0,22.4,,,,7.0,,,,,,,,,,,,,,,,,,,,,22.3,,,15.0,,,,,,,,,
1992-11-15 15:00:00,,,,,,,,,,0.0,,,,,,,,,,,,,,,,,,,,,,,,,,,,,,,,,,,,,,,,,,,,
1992-11-15 16:00:00,,,,,,,,,,0.0,,,,,,,,,,,,,,,,,,,,,,,,,,,,,,,,,,,,,,,,,,,,
1992-11-15 17:00:00,1013.6,1017.0,22.1,18.7,81.0,8.8,45.0,,,0.0,0.0,0.6,,,,,,,,,8.0,,,,,,,,,,,,,,,,,,,,,,,,12.0,,,,,,,,,
1992-11-15 18:00:00,,,,,,,,,,0.0,,,,,,,,,,,,,,,,,,,,,,,,,,,,,,,,,,,,,,,,,,,,
1992-11-15 19:00:00,,,,,,,,,,0.0,,,,,,,,,,,,,,,,,,,,,,,,,,,,,,,,,,,,,,,,,,,,
1992-11-15 20:00:00,1015.9,1019.3,21.3,18.8,86.0,7.2,45.0,,,0.0,0.0,,,,,,,,,,5.0,,,,,,,,,,,,,,,,,,,,,,,,12.0,,,,,,,,,
1992-11-15 21:00:00,1016.0,1019.4,21.2,18.7,86.0,7.9,45.0,,,0.0,0.0,,,21.4,21.9,22.5,22.5,,,,3.0,,,,,,,,,,,,,,,,,,,,,22.5,,,12.0,,,,,,,,,
1992-11-15 22:00:00,,,,,,,,,,0.0,,,,,,,,,,,,,,,,,,,,,,,,,,,,,,,,,,,,,,,,,,,,
1992-11-15 23:00:00,1016.2,1019.6,19.5,17.4,88.0,10.4,45.0,,,0.0,0.0,,,,,,,,,,8.0,,,,,,,,,,,,,,,,,,,,,,,,12.0,,,,,,,,,
1992-11-16 00:00:00,,,,,,,,,,0.0,,,,,,,,,,,,,,,,,,,,,,,,,,,,,,,,,,,,,,,,,,,,
1992-11-16 01:00:00,,,,,,,,,,0.0,,,,,,,,,,,,,,,,,,,,,,,,,,,,,,,,,,,,,,,,,,,,
1992-11-16 02:00:00,1016.1,1019.5,19.6,17.6,88.0,6.7,45.0,,,0.0,0.0,,,,,,,,,,8.0,,,,,,,,,,,,,,,,,,,,,,,,12.0,,,,,,,,,
1992-11-16 03:00:00,,,,,,,,,,0.0,,,,,,,,,,,,,,,,,,,,,,,,,,,,,,,,,,,,,,,,,,,,
1992-11-16 04:00:00,,,,,,,,,,0.0,,,,,,,,,,,,,,,,,,,,,,,,,,,,,,,,,,,,,,,,,,,,
1992-11-16 05:00:00,1015.1,1018.5,19.3,17.1,87.0,6.4,45.0,,,0.0,0.0,,,20.0,21.0,21.9,22.1,,,,5.0,,,,,,,,,,,,,,,,,,,,,22.5,,,12.0,,,,,,,,,
1992-11-16 06:00:00,,,,,,,,,,0.0,,,,,,,,,,,,,,,,,,,,,,,,,,,,,,,,,,,,,,,,,,,,
1992-11-16 07:00:00,,,,,,,,,,0.0,,,,,,,,,,,,,,,,,,,,,,,,,,,,,,,,,,,,,,,,,,,,
1992-11-16 08:00:00,1016.5,1019.9,20.6,17.6,83.0,7.6,45.0,,,0.0,0.0,0.9,,,,,,,,,5.0,,,,,,,,,,,,,,,,,,,,,,,,12.0,,,,,,,,,
1992-11-16 09:00:00,1017.0,1020.4,22.4,17.8,75.0,6.7,67.5,,,0.0,0.0,0.7,,,,,,,,,8.0,,,,,,,,,,,,,,,,,,,,,,,,15.0,,,,,,,,,
1992-11-16 10:00:00,,,,,,,,,,0.0,,,,,,,,,,,,,,,,,,,,,,,,,,,,,,,,,,,,,,,,,,,,
1992-11-16 11:00:00,1015.9,1019.3,21.7,17.7,78.0,8.6,45.0,,,0.0,0.0,0.5,,,,,,,,,8.0,,,,,,,,,,,,,,,,,,,,,,,,15.0,,,,,,,,,
1992-11-16 12:00:00,,,,,,,,,,0.0,,,,,,,,,,,,,,,,,,,,,,,,,,,,,,,,,,,,,,,,,,,,
1992-11-16 13:00:00,,,,,,,,,,0.0,,,,,,,,,,,,,,,,,,,,,,,,,,,,,,,,,,,,,,,,,,,,
1992-11-16 14:00:00,1014.2,1017.6,21.5,17.8,79.0,9.9,45.0,,,0.0,0.0,0.2,,22.8,22.0,22.2,22.2,,,,8.0,,,,,,,,,,,,,,,,,,,,,22.3,,,12.0,,,,,,,,,
1992-11-16 15:00:00,,,,,,,,,,0.0,,,,,,,,,,,,,,,,,,,,,,,,,,,,,,,,,,,,,,,,,,,,
1992-11-16 16:00:00,,,,,,,,,,0.0,,,,,,,,,,,,,,,,,,,,,,,,,,,,,,,,,,,,,,,,,,,,
1992-11-16 17:00:00,1014.8,1018.2,20.1,17.7,86.0,9.3,45.0,,,0.0,0.0,0.0,,,,,,,,,10.0,,,,,,,,,,,,,,,,,,,,,,,,6.0,,,,,,,,,
1992-11-16 18:00:00,,,,,,,,,,0.0,,,,,,,,,,,,,,,,,,,,,,,,,,,,,,,,,,,,,,,,,,,,
1992-11-16 19:00:00,,,,,,,,,,0.0,,,,,,,,,,,,,,,,,,,,,,,,,,,,,,,,,,,,,,,,,,,,
1992-11-16 20:00:00,1015.3,1018.7,19.6,17.4,87.0,8.7,45.0,,,0.0,0.0,,,,,,,,,,4.0,,,,,,,,,,,,,,,,,,,,,,,,10.0,,,,,,,,,
1992-11-16 21:00:00,1015.0,1018.4,20.0,17.3,84.0,5.6,45.0,,,0.0,0.0,,,20.4,21.1,21.8,22.1,,,,3.0,,,,,,,,,,,,,,,,,,,,,22.3,,,12.0,,,,,,,,,
1992-11-16 22:00:00,,,,,,,,,,0.0,,,,,,,,,,,,,,,,,,,,,,,,,,,,,,,,,,,,,,,,,,,,
1992-11-16 23:00:00,1014.5,1017.9,19.6,17.3,87.0,8.2,45.0,,,0.0,0.0,,,,,,,,,,3.0,,,,,,,,,,,,,,,,,,,,,,,,12.0,,,,,,,,,
1992-11-17 00:00:00,,,,,,,,,,0.0,,,,,,,,,,,,,,,,,,,,,,,,,,,,,,,,,,,,,,,,,,,,
1992-11-17 01:00:00,,,,,,,,,,0.0,,,,,,,,,,,,,,,,,,,,,,,,,,,,,,,,,,,,,,,,,,,,
1992-11-17 02:00:00,1013.2,1016.6,21.0,17.6,81.0,1.3,90.0,,,0.0,0.0,,,,,,,,,,4.0,,,,,,,,,,,,,,,,,,,,,,,,12.0,,,,,,,,,
1992-11-17 03:00:00,,,,,,,,,,0.0,,,,,,,,,,,,,,,,,,,,,,,,,,,,,,,,,,,,,,,,,,,,
1992-11-17 04:00:00,,,,,,,,,,0.0,,,,,,,,,,,,,,,,,,,,,,,,,,,,,,,,,,,,,,,,,,,,
1992-11-17 05:00:00,1013.5,1016.9,20.6,18.4,87.0,4.6,45.0,,,0.0,0.0,,,20.9,21.0,21.5,21.8,,,,10.0,,,,,,,,,,,,,,,,,,,,,22.2,,,12.0,,,,,,,,,
1992-11-17 06:00:00,,,,,,,,,,0.0,,,,,,,,,,,,,,,,,,,,,,,,,,,,,,,,,,,,,,,,,,,,
1992-11-17 07:00:00,,,,,,,,,,0.0,,,,,,,,,,,,,,,,,,,,,,,,,,,,,,,,,,,,,,,,,,,,
1992-11-17 08:00:00,1014.5,1017.9,21.6,19.5,88.0,4.7,45.0,,,0.0,0.0,0.0,,,,,,,,,10.0,,,,,,,,,,,,,,,,,,,,,,,,10.0,,,,,,,,,
1992-11-17 09:00:00,1014.6,1018.0,21.0,19.3,90.0,4.7,45.0,,,0.0,0.0,0.0,,,,,,,,,10.0,,,,,,,,,,,,,,,,,,,,,,,,5.0,,,,,,,,,
1992-11-17 10:00:00,,,,,,,,,,0.0,,,,,,,,,,,,,,,,,,,,,,,,,,,,,,,,,,,,,,,,,,,,
1992-11-17 11:00:00,1013.6,1017.0,21.6,19.5,88.0,6.1,45.0,,,0.0,0.0,0.0,,,,,,,,,10.0,,,,,,,,,,,,,,,,,,,,,,,,7.0,,,,,,,,,
1992-11-17 12:00:00,,,,,,,,,,0.0,,,,,,,,,,,,,,,,,,,,,,,,,,,,,,,,,,,,,,,,,,,,
1992-11-17 13:00:00,,,,,,,,,,0.0,,,,,,,,,,,,,,,,,,,,,,,,,,,,,,,,,,,,,,,,,,,,
1992-11-17 14:00:00,1011.2,1014.6,22.3,20.1,87.0,4.1,45.0,,,0.0,0.0,0.0,,22.5,21.6,21.9,21.8,,,,10.0,,,,,,,,,,,,,,,,,,,,,22.1,,,7.0,,,,,,,,,
1992-11-17 15:00:00,,,,,,,,,,0.0,,,,,,,,,,,,,,,,,,,,,,,,,,,,,,,,,,,,,,,,,,,,
1992-11-17 16:00:00,,,,,,,,,,0.0,,,,,,,,,,,,,,,,,,,,,,,,,,,,,,,,,,,,,,,,,,,,
1992-11-17 17:00:00,1011.7,1015.1,22.2,20.0,87.0,2.5,22.5,,,0.0,0.0,0.0,,,,,,,,,10.0,,,,,,,,,,,,,,,,,,,,,,,,6.0,,,,,,,,,
1992-11-17 18:00:00,,,,,,,,,,0.0,,,,,,,,,,,,,,,,,,,,,,,,,,,,,,,,,,,,,,,,,,,,
1992-11-17 19:00:00,,,,,,,,,,0.0,,,,,,,,,,,,,,,,,,,,,,,,,,,,,,,,,,,,,,,,,,,,
1992-11-17 20:00:00,1012.7,1016.1,20.6,19.3,92.0,0.2,0.0,,,0.0,0.0,,,,,,,,,,10.0,,,,,,,,,,,,,,,,,,,,,,,,5.0,,,,,,,,,
1992-11-17 21:00:00,1013.0,1016.4,20.5,19.1,92.0,0.1,0.0,,,0.0,0.0,,,20.8,21.3,22.0,22.0,,,,8.0,,,,,,,,,,,,,,,,,,,,,22.1,,,4.0,,,,,,,,,
1992-11-17 22:00:00,,,,,,,,,,0.0,,,,,,,,,,,,,,,,,,,,,,,,,,,,,,,,,,,,,,,,,,,,
1992-11-17 23:00:00,1012.8,1016.2,19.3,18.4,95.0,1.1,180.0,,,0.0,0.0,,,,,,,,,,4.0,,,,,,,,,,,,,,,,,,,,,,,,1.5,,,,,,,,,
1992-11-18 00:00:00,,,,,,,,,,0.0,,,,,,,,,,,,,,,,,,,,,,,,,,,,,,,,,,,,,,,,,,,,
1992-11-18 01:00:00,,,,,,,,,,0.0,,,,,,,,,,,,,,,,,,,,,,,,,,,,,,,,,,,,,,,,,,,,
1992-11-18 02:00:00,1012.2,1015.6,18.8,17.8,94.0,1.5,112.5,,,0.0,0.0,,,,,,,,,,3.0,,,,,,,,,,,,,,,,,,,,,,,,1.9,,,,,,,,,
1992-11-18 03:00:00,,,,,,,,,,0.0,,,,,,,,,,,,,,,,,,,,,,,,,,,,,,,,,,,,,,,,,,,,
1992-11-18 04:00:00,,,,,,,,,,0.0,,,,,,,,,,,,,,,,,,,,,,,,,,,,,,,,,,,,,,,,,,,,
1992-11-18 05:00:00,1012.0,1015.4,18.4,16.4,88.0,1.0,135.0,,,0.0,0.0,,,20.0,20.9,21.5,21.7,,,,3.0,,,,,,,,,,,,,,,,,,,,,22.1,,,5.0,,,,,,,,,
1992-11-18 06:00:00,,,,,,,,,,0.0,,,,,,,,,,,,,,,,,,,,,,,,,,,,,,,,,,,,,,,,,,,,
1992-11-18 07:00:00,,,,,,,,,,0.0,,,,,,,,,,,,,,,,,,,,,,,,,,,,,,,,,,,,,,,,,,,,
1992-11-18 08:00:00,1014.0,1017.4,19.8,17.4,86.0,1.6,157.5,,,0.0,0.0,0.0,,,,,,,,,9.0,,,,,,,,,,,,,,,,,,,,,,,,5.0,,,,,,,,,
1992-11-18 09:00:00,1014.6,1018.0,22.2,19.4,84.0,1.9,202.5,,,0.0,0.0,0.1,,,,,,,,,9.0,,,,,,,,,,,,,,,,,,,,,,,,5.0,,,,,,,,,
1992-11-18 10:00:00,,,,,,,,,,0.0,,,,,,,,,,,,,,,,,,,,,,,,,,,,,,,,,,,,,,,,,,,,
1992-11-18 11:00:00,1013.5,1016.9,24.2,19.6,76.0,1.1,270.0,,,0.0,0.0,0.0,,,,,,,,,9.0,,,,,,,,,,,,,,,,,,,,,,,,5.0,,,,,,,,,
1992-11-18 12:00:00,,,,,,,,,,0.0,,,,,,,,,,,,,,,,,,,,,,,,,,,,,,,,,,,,,,,,,,,,
1992-11-18 13:00:00,,,,,,,,,,0.0,,,,,,,,,,,,,,,,,,,,,,,,,,,,,,,,,,,,,,,,,,,,
1992-11-18 14:00:00,1011.2,1014.6,23.4,19.8,80.0,2.8,315.0,,,0.0,0.0,0.1,,24.2,22.4,22.4,22.2,,,,7.0,,,,,,,,,,,,,,,,,,,,,22.2,,,6.0,,,,,,,,,
1992-11-18 15:00:00,,,,,,,,,,0.0,,,,,,,,,,,,,,,,,,,,,,,,,,,,,,,,,,,,,,,,,,,,
1992-11-18 16:00:00,,,,,,,,,,0.0,,,,,,,,,,,,,,,,,,,,,,,,,,,,,,,,,,,,,,,,,,,,
1992-11-18 17:00:00,1011.9,1015.3,22.6,18.7,79.0,2.0,22.5,,,0.0,0.0,0.0,,,,,,,,,10.0,,,,,,,,,,,,,,,,,,,,,,,,6.0,,,,,,,,,
1992-11-18 18:00:00,,,,,,,,,,0.0,,,,,,,,,,,,,,,,,,,,,,,,,,,,,,,,,,,,,,,,,,,,
1992-11-18 19:00:00,,,,,,,,,,0.0,,,,,,,,,,,,,,,,,,,,,,,,,,,,,,,,,,,,,,,,,,,,
1992-11-18 20:00:00,1011.3,1014.7,21.2,19.0,87.0,0.2,0.0,,,0.0,0.0,,,,,,,,,,10.0,,,,,,,,,,,,,,,,,,,,,,,,3.0,,,,,,,,,
1992-11-18 21:00:00,1011.3,1014.7,21.0,19.3,90.0,1.1,315.0,,,0.0,0.0,,,21.4,21.8,22.3,22.3,,,,7.0,,,,,,,,,,,,,,,,,,,,,22.3,,,3.0,,,,,,,,,
1992-11-18 22:00:00,,,,,,,,,,0.0,,,,,,,,,,,,,,,,,,,,,,,,,,,,,,,,,,,,,,,,,,,,
1992-11-18 23:00:00,1011.2,1014.6,20.8,19.2,91.0,1.5,180.0,,,0.0,0.0,,,,,,,,,,9.0,,,,,,,,,,,,,,,,,,,,,,,,3.0,,,,,,,,,
1992-11-19 00:00:00,,,,,,,,,,0.0,,,,,,,,,,,,,,,,,,,,,,,,,,,,,,,,,,,,,,,,,,,,
1992-11-19 01:00:00,,,,,,,,,,0.0,,,,,,,,,,,,,,,,,,,,,,,,,,,,,,,,,,,,,,,,,,,,
1992-11-19 02:00:00,1011.1,1014.5,20.3,18.5,89.0,1.1,135.0,,,0.0,0.0,,,,,,,,,,7.0,,,,,,,,,,,,,,,,,,,,,,,,5.0,,,,,,,,,
1992-11-19 03:00:00,,,,,,,,,,0.0,,,,,,,,,,,,,,,,,,,,,,,,,,,,,,,,,,,,,,,,,,,,
1992-11-19 04:00:00,,,,,,,,,,0.0,,,,,,,,,,,,,,,,,,,,,,,,,,,,,,,,,,,,,,,,,,,,
1992-11-19 05:00:00,1011.5,1014.9,19.1,17.4,90.0,2.0,112.5,,,0.0,0.0,,,20.5,21.3,22.0,22.1,,,,1.0,,,,,,,,,,,,,,,,,,,,,22.2,,,6.0,,,,,,,,,
1992-11-19 06:00:00,,,,,,,,,,0.0,,,,,,,,,,,,,,,,,,,,,,,,,,,,,,,,,,,,,,,,,,,,
1992-11-19 07:00:00,,,,,,,,,,0.0,,,,,,,,,,,,,,,,,,,,,,,,,,,,,,,,,,,,,,,,,,,,
1992-11-19 08:00:00,1012.3,1015.7,20.7,18.1,85.0,0.4,135.0,,,0.0,0.0,0.2,,,,,,,,,5.0,,,,,,,,,,,,,,,,,,,,,,,,5.0,,,,,,,,,
1992-11-19 09:00:00,1012.4,1015.8,22.7,19.5,82.0,0.2,0.0,,,0.0,0.0,0.9,,,,,,,,,3.0,,,,,,,,,,,,,,,,,,,,,,,,6.0,,,,,,,,,
1992-11-19 10:00:00,,,,,,,,,,0.0,,,,,,,,,,,,,,,,,,,,,,,,,,,,,,,,,,,,,,,,,,,,
1992-11-19 11:00:00,1011.2,1014.6,25.1,19.4,71.0,2.4,315.0,,,0.0,0.0,0.7,,,,,,,,,5.0,,,,,,,,,,,,,,,,,,,,,,,,8.0,,,,,,,,,
1992-11-19 12:00:00,,,,,,,,,,0.0,,,,,,,,,,,,,,,,,,,,,,,,,,,,,,,,,,,,,,,,,,,,
1992-11-19 13:00:00,,,,,,,,,,0.0,,,,,,,,,,,,,,,,,,,,,,,,,,,,,,,,,,,,,,,,,,,,
1992-11-19 14:00:00,1008.8,1012.1,25.3,20.1,73.0,2.6,315.0,,,0.0,0.0,0.8,,26.0,23.3,23.0,22.5,,,,6.0,,,,,,,,,,,,,,,,,,,,,22.5,,,8.0,,,,,,,,,
1992-11-19 15:00:00,,,,,,,,,,0.0,,,,,,,,,,,,,,,,,,,,,,,,,,,,,,,,,,,,,,,,,,,,
1992-11-19 16:00:00,,,,,,,,,,0.0,,,,,,,,,,,,,,,,,,,,,,,,,,,,,,,,,,,,,,,,,,,,
1992-11-19 17:00:00,1009.3,1012.7,22.5,19.5,83.0,1.7,22.5,,,0.0,0.0,0.0,,,,,,,,,6.0,,,,,,,,,,,,,,,,,,,,,,,,5.0,,,,,,,,,
1992-11-19 18:00:00,,,,,,,,,,0.0,,,,,,,,,,,,,,,,,,,,,,,,,,,,,,,,,,,,,,,,,,,,
1992-11-19 19:00:00,,,,,,,,,,0.0,,,,,,,,,,,,,,,,,,,,,,,,,,,,,,,,,,,,,,,,,,,,
1992-11-19 20:00:00,1009.7,1013.1,20.8,18.8,88.0,1.2,45.0,,,0.0,0.0,,,,,,,,,,10.0,,,,,,,,,,,,,,,,,,,,,,,,5.0,,,,,,,,,
1992-11-19 21:00:00,1009.5,1012.9,21.1,19.0,88.0,0.5,90.0,,,0.0,0.0,,,21.4,22.1,22.8,22.7,,,,10.0,,,,,,,,,,,,,,,,,,,,,22.7,,,5.0,,,,,,,,,
1992-11-19 22:00:00,,,,,,,,,,0.0,,,,,,,,,,,,,,,,,,,,,,,,,,,,,,,,,,,,,,,,,,,,
1992-11-19 23:00:00,1009.8,1013.2,19.9,18.3,91.0,1.4,135.0,,,0.0,0.0,,,,,,,,,,10.0,,,,,,,,,,,,,,,,,,,,,,,,5.0,,,,,,,,,
1992-11-20 00:00:00,,,,,,,,,,0.0,,,,,,,,,,,,,,,,,,,,,,,,,,,,,,,,,,,,,,,,,,,,
1992-11-20 01:00:00,,,,,,,,,,0.0,,,,,,,,,,,,,,,,,,,,,,,,,,,,,,,,,,,,,,,,,,,,
1992-11-20 02:00:00,1010.3,1013.7,20.7,19.0,90.0,0.5,45.0,,,0.0,0.0,,,,,,,,,,10.0,,,,,,,,,,,,,,,,,,,,,,,,6.0,,,,,,,,,
1992-11-20 03:00:00,,,,,,,,,,0.3,,,,,,,,,,,,,,,,,,,,,,,,,,,,,,,,,,,,,,,,,,,,
1992-11-20 04:00:00,,,,,,,,,,-9.8,,,,,,,,,,,,,,,,,,,,,,,,,,,,,,,,,,,,,,,,,,,,
1992-11-20 05:00:00,1012.5,1016.0,16.2,14.3,89.0,8.4,45.0,,,0.2,0.5,,,19.8,21.3,22.0,22.3,,,,10.0,,,,,,,,,,,,,,,,,,,,,22.6,,,6.0,,,,,,,,,
1992-11-20 06:00:00,,,,,,,,,,0.1,,,,,,,,,,,,,,,,,,,,,,,,,,,,,,,,,,,,,,,,,,,,
1992-11-20 07:00:00,,,,,,,,,,0.1,,,,,,,,,,,,,,,,,,,,,,,,,,,,,,,,,,,,,,,,,,,,
1992-11-20 08:00:00,1016.4,1019.9,14.6,12.3,86.0,9.5,45.0,,,-9.8,0.2,0.0,,,,,,,,,10.0,,,,,,,,,,,,,,,,,,,,,,,,6.0,,,,,,,,,
1992-11-20 09:00:00,1017.2,1020.7,15.0,12.0,82.0,8.5,45.0,,,0.0,0.0,0.0,,,,,,,,,10.0,,,,,,,,,,,,,,,,,,,,,,,,12.0,,,,,,,,,
1992-11-20 10:00:00,,,,,,,,,,0.0,,,,,,,,,,,,,,,,,,,,,,,,,,,,,,,,,,,,,,,,,,,,
1992-11-20 11:00:00,1016.2,1019.7,15.1,11.6,80.0,8.9,45.0,,,0.0,0.0,0.0,,,,,,,,,10.0,,,,,,,,,,,,,,,,,,,,,,,,12.0,,,,,,,,,
1992-11-20 12:00:00,,,,,,,,,,0.0,,,,,,,,,,,,,,,,,,,,,,,,,,,,,,,,,,,,,,,,,,,,
1992-11-20 13:00:00,,,,,,,,,,0.0,,,,,,,,,,,,,,,,,,,,,,,,,,,,,,,,,,,,,,,,,,,,
1992-11-20 14:00:00,1015.6,1019.1,14.2,8.3,68.0,6.4,67.5,,,0.0,0.0,0.0,,18.1,20.1,21.1,21.6,,,,10.0,,,,,,,,,,,,,,,,,,,,,22.1,,,12.0,,,,,,,,,
1992-11-20 15:00:00,,,,,,,,,,0.0,,,,,,,,,,,,,,,,,,,,,,,,,,,,,,,,,,,,,,,,,,,,
1992-11-20 16:00:00,,,,,,,,,,0.0,,,,,,,,,,,,,,,,,,,,,,,,,,,,,,,,,,,,,,,,,,,,
1992-11-20 17:00:00,1017.0,1020.5,13.6,8.0,69.0,3.7,90.0,,,0.0,0.0,0.0,,,,,,,,,10.0,,,,,,,,,,,,,,,,,,,,,,,,12.0,,,,,,,,,
1992-11-20 18:00:00,,,,,,,,,,0.0,,,,,,,,,,,,,,,,,,,,,,,,,,,,,,,,,,,,,,,,,,,,
1992-11-20 19:00:00,,,,,,,,,,0.0,,,,,,,,,,,,,,,,,,,,,,,,,,,,,,,,,,,,,,,,,,,,
1992-11-20 20:00:00,1017.8,1021.3,13.2,6.1,62.0,3.9,90.0,,,0.0,0.0,,,,,,,,,,10.0,,,,,,,,,,,,,,,,,,,,,,,,12.0,,,,,,,,,
1992-11-20 21:00:00,1017.5,1021.0,12.8,6.9,67.0,2.7,90.0,,,0.0,0.0,,,16.6,19.0,20.1,20.9,,,,10.0,,,,,,,,,,,,,,,,,,,,,21.6,,,12.0,,,,,,,,,
1992-11-20 22:00:00,,,,,,,,,,0.0,,,,,,,,,,,,,,,,,,,,,,,,,,,,,,,,,,,,,,,,,,,,
1992-11-20 23:00:00,1016.8,1020.3,12.7,5.0,59.0,5.6,67.5,,,0.0,0.0,,,,,,,,,,0.0,,,,,,,,,,,,,,,,,,,,,,,,12.0,,,,,,,,,
1992-11-21 00:00:00,,,,,,,,,,0.0,,,,,,,,,,,,,,,,,,,,,,,,,,,,,,,,,,,,,,,,,,,,
1992-11-21 01:00:00,,,,,,,,,,0.0,,,,,,,,,,,,,,,,,,,,,,,,,,,,,,,,,,,,,,,,,,,,
1992-11-21 02:00:00,1016.5,1020.0,12.1,3.7,56.0,5.0,67.5,,,0.0,0.0,,,,,,,,,,0.0,,,,,,,,,,,,,,,,,,,,,,,,12.0,,,,,,,,,
1992-11-21 03:00:00,,,,,,,,,,0.0,,,,,,,,,,,,,,,,,,,,,,,,,,,,,,,,,,,,,,,,,,,,
1992-11-21 04:00:00,,,,,,,,,,0.0,,,,,,,,,,,,,,,,,,,,,,,,,,,,,,,,,,,,,,,,,,,,
1992-11-21 05:00:00,1016.3,1019.8,11.5,5.1,65.0,5.5,67.5,,,0.0,0.0,,,15.0,17.8,19.0,20.0,,,,2.0,,,,,,,,,,,,,,,,,,,,,21.0,,,15.0,,,,,,,,,
1992-11-21 06:00:00,,,,,,,,,,0.0,,,,,,,,,,,,,,,,,,,,,,,,,,,,,,,,,,,,,,,,,,,,
1992-11-21 07:00:00,,,,,,,,,,0.0,,,,,,,,,,,,,,,,,,,,,,,,,,,,,,,,,,,,,,,,,,,,
1992-11-21 08:00:00,1017.3,1020.8,12.5,4.4,58.0,7.3,45.0,,,0.0,0.0,1.0,,,,,,,,,3.0,,,,,,,,,,,,,,,,,,,,,,,,15.0,,,,,,,,,
1992-11-21 09:00:00,1017.4,1020.9,13.5,4.5,54.0,6.5,45.0,,,0.0,0.0,0.9,,,,,,,,,4.0,,,,,,,,,,,,,,,,,,,,,,,,18.0,,,,,,,,,
1992-11-21 10:00:00,,,,,,,,,,0.0,,,,,,,,,,,,,,,,,,,,,,,,,,,,,,,,,,,,,,,,,,,,
1992-11-21 11:00:00,1016.6,1020.1,14.9,6.0,55.0,6.3,45.0,,,0.0,0.0,0.4,,,,,,,,,9.0,,,,,,,,,,,,,,,,,,,,,,,,15.0,,,,,,,,,
1992-11-21 12:00:00,,,,,,,,,,0.0,,,,,,,,,,,,,,,,,,,,,,,,,,,,,,,,,,,,,,,,,,,,
1992-11-21 13:00:00,,,,,,,,,,0.0,,,,,,,,,,,,,,,,,,,,,,,,,,,,,,,,,,,,,,,,,,,,
1992-11-21 14:00:00,1013.5,1017.0,16.3,6.3,52.0,5.0,45.0,,,0.0,0.0,0.3,,19.4,18.8,19.4,19.8,,,,7.0,,,,,,,,,,,,,,,,,,,,,20.4,,,15.0,,,,,,,,,
1992-11-21 15:00:00,,,,,,,,,,0.0,,,,,,,,,,,,,,,,,,,,,,,,,,,,,,,,,,,,,,,,,,,,
1992-11-21 16:00:00,,,,,,,,,,0.0,,,,,,,,,,,,,,,,,,,,,,,,,,,,,,,,,,,,,,,,,,,,
1992-11-21 17:00:00,1013.7,1017.2,14.5,6.9,60.0,5.0,45.0,,,0.0,0.0,0.0,,,,,,,,,9.0,,,,,,,,,,,,,,,,,,,,,,,,12.0,,,,,,,,,
1992-11-21 18:00:00,,,,,,,,,,0.0,,,,,,,,,,,,,,,,,,,,,,,,,,,,,,,,,,,,,,,,,,,,
1992-11-21 19:00:00,,,,,,,,,,0.0,,,,,,,,,,,,,,,,,,,,,,,,,,,,,,,,,,,,,,,,,,,,
1992-11-21 20:00:00,1014.8,1018.3,13.3,7.6,68.0,1.8,45.0,,,0.0,0.0,,,,,,,,,,9.0,,,,,,,,,,,,,,,,,,,,,,,,10.0,,,,,,,,,
1992-11-21 21:00:00,1015.0,1018.5,14.0,8.0,67.0,0.6,90.0,,,0.0,0.0,,,16.2,18.2,19.2,19.8,,,,9.0,,,,,,,,,,,,,,,,,,,,,20.4,,,10.0,,,,,,,,,
1992-11-21 22:00:00,,,,,,,,,,0.0,,,,,,,,,,,,,,,,,,,,,,,,,,,,,,,,,,,,,,,,,,,,
1992-11-21 23:00:00,1016.0,1019.5,14.2,8.3,68.0,0.5,90.0,,,0.0,0.0,,,,,,,,,,9.0,,,,,,,,,,,,,,,,,,,,,,,,10.0,,,,,,,,,
1992-11-22 00:00:00,,,,,,,,,,0.0,,,,,,,,,,,,,,,,,,,,,,,,,,,,,,,,,,,,,,,,,,,,
1992-11-22 01:00:00,,,,,,,,,,0.0,,,,,,,,,,,,,,,,,,,,,,,,,,,,,,,,,,,,,,,,,,,,
1992-11-22 02:00:00,1015.8,1019.3,13.4,9.0,75.0,1.7,67.5,,,0.0,0.0,,,,,,,,,,10.0,,,,,,,,,,,,,,,,,,,,,,,,10.0,,,,,,,,,
1992-11-22 03:00:00,,,,,,,,,,0.0,,,,,,,,,,,,,,,,,,,,,,,,,,,,,,,,,,,,,,,,,,,,
1992-11-22 04:00:00,,,,,,,,,,0.0,,,,,,,,,,,,,,,,,,,,,,,,,,,,,,,,,,,,,,,,,,,,
1992-11-22 05:00:00,1015.7,1019.2,13.4,9.5,77.0,0.9,135.0,,,0.0,0.0,,,16.8,17.8,18.8,19.4,,,,10.0,,,,,,,,,,,,,,,,,,,,,20.2,,,12.0,,,,,,,,,
1992-11-22 06:00:00,,,,,,,,,,0.0,,,,,,,,,,,,,,,,,,,,,,,,,,,,,,,,,,,,,,,,,,,,
1992-11-22 07:00:00,,,,,,,,,,0.0,,,,,,,,,,,,,,,,,,,,,,,,,,,,,,,,,,,,,,,,,,,,
1992-11-22 08:00:00,1017.8,1021.3,14.6,11.0,79.0,0.3,135.0,,,0.0,0.0,0.1,,,,,,,,,6.0,,,,,,,,,,,,,,,,,,,,,,,,12.0,,,,,,,,,
1992-11-22 09:00:00,1018.4,1021.9,16.7,11.4,71.0,0.9,135.0,,,0.0,0.0,0.2,,,,,,,,,9.0,,,,,,,,,,,,,,,,,,,,,,,,10.0,,,,,,,,,
1992-11-22 10:00:00,,,,,,,,,,0.0,,,,,,,,,,,,,,,,,,,,,,,,,,,,,,,,,,,,,,,,,,,,
1992-11-22 11:00:00,1018.0,1021.4,19.6,11.7,60.0,1.1,270.0,,,0.0,0.0,0.2,,,,,,,,,9.0,,,,,,,,,,,,,,,,,,,,,,,,8.0,,,,,,,,,
1992-11-22 12:00:00,,,,,,,,,,0.0,,,,,,,,,,,,,,,,,,,,,,,,,,,,,,,,,,,,,,,,,,,,
1992-11-22 13:00:00,,,,,,,,,,0.0,,,,,,,,,,,,,,,,,,,,,,,,,,,,,,,,,,,,,,,,,,,,
1992-11-22 14:00:00,1015.9,1019.3,19.7,12.0,61.0,2.0,292.5,,,0.0,0.0,0.3,,21.7,20.1,20.0,19.8,,,,9.0,,,,,,,,,,,,,,,,,,,,,20.3,,,9.0,,,,,,,,,
1992-11-22 15:00:00,,,,,,,,,,0.0,,,,,,,,,,,,,,,,,,,,,,,,,,,,,,,,,,,,,,,,,,,,
1992-11-22 16:00:00,,,,,,,,,,0.0,,,,,,,,,,,,,,,,,,,,,,,,,,,,,,,,,,,,,,,,,,,,
1992-11-22 17:00:00,1016.3,1019.8,18.3,12.9,71.0,3.0,45.0,,,0.0,0.0,0.0,,,,,,,,,10.0,,,,,,,,,,,,,,,,,,,,,,,,8.0,,,,,,,,,
1992-11-22 18:00:00,,,,,,,,,,0.0,,,,,,,,,,,,,,,,,,,,,,,,,,,,,,,,,,,,,,,,,,,,
1992-11-22 19:00:00,,,,,,,,,,0.0,,,,,,,,,,,,,,,,,,,,,,,,,,,,,,,,,,,,,,,,,,,,
1992-11-22 20:00:00,1017.8,1021.3,17.7,13.2,75.0,1.8,90.0,,,0.0,0.0,,,,,,,,,,10.0,,,,,,,,,,,,,,,,,,,,,,,,7.0,,,,,,,,,
1992-11-22 21:00:00,1017.7,1021.2,17.3,13.5,78.0,0.8,90.0,,,0.0,0.0,,,18.9,19.3,20.0,20.2,,,,9.0,,,,,,,,,,,,,,,,,,,,,20.3,,,6.0,,,,,,,,,
1992-11-22 22:00:00,,,,,,,,,,0.0,,,,,,,,,,,,,,,,,,,,,,,,,,,,,,,,,,,,,,,,,,,,
1992-11-22 23:00:00,1017.8,1021.3,17.2,13.5,79.0,1.0,157.5,,,0.0,0.0,,,,,,,,,,9.0,,,,,,,,,,,,,,,,,,,,,,,,6.0,,,,,,,,,
1992-11-23 00:00:00,,,,,,,,,,0.0,,,,,,,,,,,,,,,,,,,,,,,,,,,,,,,,,,,,,,,,,,,,
1992-11-23 01:00:00,,,,,,,,,,0.0,,,,,,,,,,,,,,,,,,,,,,,,,,,,,,,,,,,,,,,,,,,,
1992-11-23 02:00:00,1017.5,1021.0,16.2,13.6,85.0,1.0,112.5,,,0.0,0.0,,,,,,,,,,10.0,,,,,,,,,,,,,,,,,,,,,,,,5.0,,,,,,,,,
1992-11-23 03:00:00,,,,,,,,,,0.0,,,,,,,,,,,,,,,,,,,,,,,,,,,,,,,,,,,,,,,,,,,,
1992-11-23 04:00:00,,,,,,,,,,0.0,,,,,,,,,,,,,,,,,,,,,,,,,,,,,,,,,,,,,,,,,,,,
1992-11-23 05:00:00,1018.0,1021.5,16.3,13.7,85.0,1.2,112.5,,,0.0,0.0,,,18.3,19.0,19.8,20.0,,,,10.0,,,,,,,,,,,,,,,,,,,,,20.5,,,5.0,,,,,,,,,
1992-11-23 06:00:00,,,,,,,,,,0.0,,,,,,,,,,,,,,,,,,,,,,,,,,,,,,,,,,,,,,,,,,,,
1992-11-23 07:00:00,,,,,,,,,,0.0,,,,,,,,,,,,,,,,,,,,,,,,,,,,,,,,,,,,,,,,,,,,
1992-11-23 08:00:00,1018.6,1022.1,17.8,14.1,79.0,1.3,112.5,,,0.0,0.0,0.0,,,,,,,,,10.0,,,,,,,,,,,,,,,,,,,,,,,,5.0,,,,,,,,,
1992-11-23 09:00:00,1018.9,1022.3,19.6,15.1,75.0,3.3,67.5,,,0.0,0.0,0.0,,,,,,,,,10.0,,,,,,,,,,,,,,,,,,,,,,,,8.0,,,,,,,,,
1992-11-23 10:00:00,,,,,,,,,,0.0,,,,,,,,,,,,,,,,,,,,,,,,,,,,,,,,,,,,,,,,,,,,
1992-11-23 11:00:00,1018.1,1021.5,21.6,14.9,66.0,3.2,45.0,,,0.0,0.0,0.3,,,,,,,,,7.0,,,,,,,,,,,,,,,,,,,,,,,,12.0,,,,,,,,,
1992-11-23 12:00:00,,,,,,,,,,0.0,,,,,,,,,,,,,,,,,,,,,,,,,,,,,,,,,,,,,,,,,,,,
1992-11-23 13:00:00,,,,,,,,,,0.0,,,,,,,,,,,,,,,,,,,,,,,,,,,,,,,,,,,,,,,,,,,,
1992-11-23 14:00:00,1016.7,1020.1,21.8,15.7,68.0,5.0,45.0,,,0.0,0.0,0.0,,22.5,20.6,20.7,20.5,,,,10.0,,,,,,,,,,,,,,,,,,,,,20.7,,,12.0,,,,,,,,,
1992-11-23 15:00:00,,,,,,,,,,0.0,,,,,,,,,,,,,,,,,,,,,,,,,,,,,,,,,,,,,,,,,,,,
1992-11-23 16:00:00,,,,,,,,,,0.0,,,,,,,,,,,,,,,,,,,,,,,,,,,,,,,,,,,,,,,,,,,,
1992-11-23 17:00:00,1016.7,1020.1,20.0,15.6,76.0,3.4,22.5,,,0.0,0.0,0.0,,,,,,,,,9.0,,,,,,,,,,,,,,,,,,,,,,,,15.0,,,,,,,,,
1992-11-23 18:00:00,,,,,,,,,,0.0,,,,,,,,,,,,,,,,,,,,,,,,,,,,,,,,,,,,,,,,,,,,
1992-11-23 19:00:00,,,,,,,,,,0.0,,,,,,,,,,,,,,,,,,,,,,,,,,,,,,,,,,,,,,,,,,,,
1992-11-23 20:00:00,1017.3,1020.7,19.2,15.3,78.0,1.6,135.0,,,0.0,0.0,,,,,,,,,,9.0,,,,,,,,,,,,,,,,,,,,,,,,12.0,,,,,,,,,
1992-11-23 21:00:00,1017.5,1020.9,18.8,15.3,80.0,1.8,45.0,,,0.0,0.0,,,19.7,20.1,20.7,20.8,,,,10.0,,,,,,,,,,,,,,,,,,,,,21.0,,,12.0,,,,,,,,,
1992-11-23 22:00:00,,,,,,,,,,0.0,,,,,,,,,,,,,,,,,,,,,,,,,,,,,,,,,,,,,,,,,,,,
1992-11-23 23:00:00,1017.5,1021.0,18.2,15.2,83.0,0.6,45.0,,,0.0,0.0,,,,,,,,,,10.0,,,,,,,,,,,,,,,,,,,,,,,,12.0,,,,,,,,,
1992-11-24 00:00:00,,,,,,,,,,0.0,,,,,,,,,,,,,,,,,,,,,,,,,,,,,,,,,,,,,,,,,,,,
1992-11-24 01:00:00,,,,,,,,,,0.0,,,,,,,,,,,,,,,,,,,,,,,,,,,,,,,,,,,,,,,,,,,,
1992-11-24 02:00:00,1017.0,1020.5,15.9,14.3,90.0,1.3,112.5,,,0.0,0.0,,,,,,,,,,10.0,,,,,,,,,,,,,,,,,,,,,,,,8.0,,,,,,,,,
1992-11-24 03:00:00,,,,,,,,,,0.0,,,,,,,,,,,,,,,,,,,,,,,,,,,,,,,,,,,,,,,,,,,,
1992-11-24 04:00:00,,,,,,,,,,0.0,,,,,,,,,,,,,,,,,,,,,,,,,,,,,,,,,,,,,,,,,,,,
1992-11-24 05:00:00,1017.4,1020.9,14.9,13.2,90.0,1.4,90.0,,,0.0,0.0,,,18.0,19.3,20.1,20.5,,,,1.0,,,,,,,,,,,,,,,,,,,,,20.9,,,8.0,,,,,,,,,
1992-11-24 06:00:00,,,,,,,,,,0.0,,,,,,,,,,,,,,,,,,,,,,,,,,,,,,,,,,,,,,,,,,,,
1992-11-24 07:00:00,,,,,,,,,,0.0,,,,,,,,,,,,,,,,,,,,,,,,,,,,,,,,,,,,,,,,,,,,
1992-11-24 08:00:00,1018.3,1021.8,16.5,14.2,86.0,0.8,112.5,,,0.0,0.0,0.9,,,,,,,,,1.0,,,,,,,,,,,,,,,,,,,,,,,,10.0,,,,,,,,,
1992-11-24 09:00:00,1018.5,1021.9,19.2,15.3,78.0,0.1,0.0,,,0.0,0.0,1.0,,,,,,,,,1.0,,,,,,,,,,,,,,,,,,,,,,,,12.0,,,,,,,,,
1992-11-24 10:00:00,,,,,,,,,,0.0,,,,,,,,,,,,,,,,,,,,,,,,,,,,,,,,,,,,,,,,,,,,
1992-11-24 11:00:00,1017.5,1020.9,23.4,16.3,64.0,1.7,270.0,,,0.0,0.0,1.0,,,,,,,,,2.0,,,,,,,,,,,,,,,,,,,,,,,,12.0,,,,,,,,,
1992-11-24 12:00:00,,,,,,,,,,0.0,,,,,,,,,,,,,,,,,,,,,,,,,,,,,,,,,,,,,,,,,,,,
1992-11-24 13:00:00,,,,,,,,,,0.0,,,,,,,,,,,,,,,,,,,,,,,,,,,,,,,,,,,,,,,,,,,,
1992-11-24 14:00:00,1015.1,1018.5,21.9,16.7,72.0,4.2,360.0,,,0.0,0.0,0.0,,23.5,21.3,21.2,20.7,,,,10.0,,,,,,,,,,,,,,,,,,,,,20.9,,,14.0,,,,,,,,,
1992-11-24 15:00:00,,,,,,,,,,0.0,,,,,,,,,,,,,,,,,,,,,,,,,,,,,,,,,,,,,,,,,,,,
1992-11-24 16:00:00,,,,,,,,,,0.0,,,,,,,,,,,,,,,,,,,,,,,,,,,,,,,,,,,,,,,,,,,,
1992-11-24 17:00:00,1015.3,1018.7,20.5,17.2,81.0,3.7,45.0,,,0.0,0.0,0.0,,,,,,,,,10.0,,,,,,,,,,,,,,,,,,,,,,,,12.0,,,,,,,,,
1992-11-24 18:00:00,,,,,,,,,,0.0,,,,,,,,,,,,,,,,,,,,,,,,,,,,,,,,,,,,,,,,,,,,
1992-11-24 19:00:00,,,,,,,,,,0.0,,,,,,,,,,,,,,,,,,,,,,,,,,,,,,,,,,,,,,,,,,,,
1992-11-24 20:00:00,1015.8,1019.2,19.9,17.5,86.0,3.6,22.5,,,0.0,0.0,,,,,,,,,,10.0,,,,,,,,,,,,,,,,,,,,,,,,10.0,,,,,,,,,
1992-11-24 21:00:00,1016.0,1019.4,19.6,17.2,86.0,3.4,45.0,,,0.0,0.0,,,20.1,20.5,21.0,21.0,,,,10.0,,,,,,,,,,,,,,,,,,,,,21.3,,,10.0,,,,,,,,,
1992-11-24 22:00:00,,,,,,,,,,0.0,,,,,,,,,,,,,,,,,,,,,,,,,,,,,,,,,,,,,,,,,,,,
1992-11-24 23:00:00,1015.9,1019.3,19.7,17.5,87.0,1.7,90.0,,,0.0,0.0,,,,,,,,,,10.0,,,,,,,,,,,,,,,,,,,,,,,,10.0,,,,,,,,,
1992-11-25 00:00:00,,,,,,,,,,0.0,,,,,,,,,,,,,,,,,,,,,,,,,,,,,,,,,,,,,,,,,,,,
1992-11-25 01:00:00,,,,,,,,,,0.0,,,,,,,,,,,,,,,,,,,,,,,,,,,,,,,,,,,,,,,,,,,,
1992-11-25 02:00:00,1015.1,1018.5,18.9,16.5,86.0,2.4,67.5,,,0.0,0.0,,,,,,,,,,10.0,,,,,,,,,,,,,,,,,,,,,,,,10.0,,,,,,,,,
1992-11-25 03:00:00,,,,,,,,,,0.0,,,,,,,,,,,,,,,,,,,,,,,,,,,,,,,,,,,,,,,,,,,,
1992-11-25 04:00:00,,,,,,,,,,0.0,,,,,,,,,,,,,,,,,,,,,,,,,,,,,,,,,,,,,,,,,,,,
1992-11-25 05:00:00,1015.0,1018.4,18.9,16.2,84.0,2.0,90.0,,,0.0,0.0,,,19.8,20.2,20.8,20.9,,,,8.0,,,,,,,,,,,,,,,,,,,,,21.3,,,10.0,,,,,,,,,
1992-11-25 06:00:00,,,,,,,,,,0.0,,,,,,,,,,,,,,,,,,,,,,,,,,,,,,,,,,,,,,,,,,,,
1992-11-25 07:00:00,,,,,,,,,,0.0,,,,,,,,,,,,,,,,,,,,,,,,,,,,,,,,,,,,,,,,,,,,
1992-11-25 08:00:00,1016.5,1019.9,20.1,16.7,81.0,2.0,45.0,,,0.0,0.0,0.4,,,,,,,,,10.0,,,,,,,,,,,,,,,,,,,,,,,,12.0,,,,,,,,,
1992-11-25 09:00:00,1017.0,1020.4,20.6,16.4,77.0,4.4,45.0,,,0.0,0.0,0.0,,,,,,,,,9.0,,,,,,,,,,,,,,,,,,,,,,,,12.0,,,,,,,,,
1992-11-25 10:00:00,,,,,,,,,,0.2,,,,,,,,,,,,,,,,,,,,,,,,,,,,,,,,,,,,,,,,,,,,
1992-11-25 11:00:00,1016.5,1019.9,19.2,16.4,84.0,5.5,45.0,,,0.4,1.0,0.0,,,,,,,,,10.0,,,,,,,,,,,,,,,,,,,,,,,,8.0,,,,,,,,,
1992-11-25 12:00:00,,,,,,,,,,-9.8,,,,,,,,,,,,,,,,,,,,,,,,,,,,,,,,,,,,,,,,,,,,
1992-11-25 13:00:00,,,,,,,,,,0.0,,,,,,,,,,,,,,,,,,,,,,,,,,,,,,,,,,,,,,,,,,,,
1992-11-25 14:00:00,1014.1,1017.5,20.2,13.6,66.0,5.5,67.5,,,0.0,0.0,0.0,,20.2,20.3,20.9,20.9,,,,6.0,,,,,,,,,,,,,,,,,,,,,21.3,,,10.0,,,,,,,,,
1992-11-25 15:00:00,,,,,,,,,,0.0,,,,,,,,,,,,,,,,,,,,,,,,,,,,,,,,,,,,,,,,,,,,
1992-11-25 16:00:00,,,,,,,,,,0.0,,,,,,,,,,,,,,,,,,,,,,,,,,,,,,,,,,,,,,,,,,,,
1992-11-25 17:00:00,1014.9,1018.3,18.8,9.3,54.0,6.0,67.5,,,0.0,0.0,0.4,,,,,,,,,2.0,,,,,,,,,,,,,,,,,,,,,,,,10.0,,,,,,,,,
1992-11-25 18:00:00,,,,,,,,,,0.0,,,,,,,,,,,,,,,,,,,,,,,,,,,,,,,,,,,,,,,,,,,,
1992-11-25 19:00:00,,,,,,,,,,0.0,,,,,,,,,,,,,,,,,,,,,,,,,,,,,,,,,,,,,,,,,,,,
1992-11-25 20:00:00,1016.9,1020.4,17.7,9.3,58.0,5.3,67.5,,,0.0,0.0,,,,,,,,,,1.0,,,,,,,,,,,,,,,,,,,,,,,,10.0,,,,,,,,,
1992-11-25 21:00:00,1017.2,1020.7,17.1,9.4,60.0,5.3,67.5,,,0.0,0.0,,,17.2,19.2,20.2,20.6,,,,0.0,,,,,,,,,,,,,,,,,,,,,21.1,,,10.0,,,,,,,,,
1992-11-25 22:00:00,,,,,,,,,,0.0,,,,,,,,,,,,,,,,,,,,,,,,,,,,,,,,,,,,,,,,,,,,
1992-11-25 23:00:00,1017.8,1021.3,16.9,9.0,60.0,5.7,67.5,,,0.0,0.0,,,,,,,,,,0.0,,,,,,,,,,,,,,,,,,,,,,,,10.0,,,,,,,,,
1992-11-26 00:00:00,,,,,,,,,,0.0,,,,,,,,,,,,,,,,,,,,,,,,,,,,,,,,,,,,,,,,,,,,
1992-11-26 01:00:00,,,,,,,,,,0.0,,,,,,,,,,,,,,,,,,,,,,,,,,,,,,,,,,,,,,,,,,,,
1992-11-26 02:00:00,1017.2,1020.7,16.9,8.1,56.0,6.2,67.5,,,0.0,0.0,,,,,,,,,,0.0,,,,,,,,,,,,,,,,,,,,,,,,10.0,,,,,,,,,
1992-11-26 03:00:00,,,,,,,,,,0.0,,,,,,,,,,,,,,,,,,,,,,,,,,,,,,,,,,,,,,,,,,,,
1992-11-26 04:00:00,,,,,,,,,,0.0,,,,,,,,,,,,,,,,,,,,,,,,,,,,,,,,,,,,,,,,,,,,
1992-11-26 05:00:00,1017.7,1021.2,16.3,7.8,57.0,7.5,67.5,,,0.0,0.0,,,16.5,18.1,19.2,20.0,,,,0.0,,,,,,,,,,,,,,,,,,,,,20.6,,,12.0,,,,,,,,,
1992-11-26 06:00:00,,,,,,,,,,0.0,,,,,,,,,,,,,,,,,,,,,,,,,,,,,,,,,,,,,,,,,,,,
1992-11-26 07:00:00,,,,,,,,,,0.0,,,,,,,,,,,,,,,,,,,,,,,,,,,,,,,,,,,,,,,,,,,,
1992-11-26 08:00:00,1019.1,1022.6,16.8,8.4,58.0,6.5,67.5,,,0.0,0.0,0.0,,,,,,,,,5.0,,,,,,,,,,,,,,,,,,,,,,,,12.0,,,,,,,,,
1992-11-26 09:00:00,1019.7,1023.2,17.9,9.1,56.0,8.1,45.0,,,0.0,0.0,0.6,,,,,,,,,4.0,,,,,,,,,,,,,,,,,,,,,,,,12.0,,,,,,,,,
1992-11-26 10:00:00,,,,,,,,,,0.0,,,,,,,,,,,,,,,,,,,,,,,,,,,,,,,,,,,,,,,,,,,,
1992-11-26 11:00:00,1019.1,1022.6,17.6,9.6,59.0,10.9,45.0,,,0.0,0.0,0.1,,,,,,,,,8.0,,,,,,,,,,,,,,,,,,,,,,,,12.0,,,,,,,,,
1992-11-26 12:00:00,,,,,,,,,,0.0,,,,,,,,,,,,,,,,,,,,,,,,,,,,,,,,,,,,,,,,,,,,
1992-11-26 13:00:00,,,,,,,,,,0.0,,,,,,,,,,,,,,,,,,,,,,,,,,,,,,,,,,,,,,,,,,,,
1992-11-26 14:00:00,1017.6,1021.1,18.7,10.8,60.0,8.5,45.0,,,0.0,0.0,0.3,,19.3,18.8,19.5,19.7,,,,7.0,,,,,,,,,,,,,,,,,,,,,20.3,,,12.0,,,,,,,,,
1992-11-26 15:00:00,,,,,,,,,,-9.8,,,,,,,,,,,,,,,,,,,,,,,,,,,,,,,,,,,,,,,,,,,,
1992-11-26 16:00:00,,,,,,,,,,0.0,,,,,,,,,,,,,,,,,,,,,,,,,,,,,,,,,,,,,,,,,,,,
1992-11-26 17:00:00,1018.6,1022.1,16.2,8.4,60.0,8.0,67.5,,,0.0,0.0,0.0,,,,,,,,,6.0,,,,,,,,,,,,,,,,,,,,,,,,12.0,,,,,,,,,
1992-11-26 18:00:00,,,,,,,,,,0.0,,,,,,,,,,,,,,,,,,,,,,,,,,,,,,,,,,,,,,,,,,,,
1992-11-26 19:00:00,,,,,,,,,,0.0,,,,,,,,,,,,,,,,,,,,,,,,,,,,,,,,,,,,,,,,,,,,
1992-11-26 20:00:00,1020.6,1024.1,14.9,9.4,70.0,9.8,45.0,,,0.0,0.0,,,,,,,,,,8.0,,,,,,,,,,,,,,,,,,,,,,,,12.0,,,,,,,,,
1992-11-26 21:00:00,1021.1,1024.6,15.2,9.4,68.0,7.3,67.5,,,0.0,0.0,,,16.7,18.0,19.0,19.6,,,,8.0,,,,,,,,,,,,,,,,,,,,,20.2,,,12.0,,,,,,,,,
1992-11-26 22:00:00,,,,,,,,,,0.0,,,,,,,,,,,,,,,,,,,,,,,,,,,,,,,,,,,,,,,,,,,,
1992-11-26 23:00:00,1021.0,1024.5,14.7,9.1,69.0,6.0,67.5,,,0.0,0.0,,,,,,,,,,9.0,,,,,,,,,,,,,,,,,,,,,,,,12.0,,,,,,,,,
1992-11-27 00:00:00,,,,,,,,,,0.0,,,,,,,,,,,,,,,,,,,,,,,,,,,,,,,,,,,,,,,,,,,,
1992-11-27 01:00:00,,,,,,,,,,0.0,,,,,,,,,,,,,,,,,,,,,,,,,,,,,,,,,,,,,,,,,,,,
1992-11-27 02:00:00,1019.6,1023.1,15.0,8.8,66.0,7.9,45.0,,,0.0,0.0,,,,,,,,,,10.0,,,,,,,,,,,,,,,,,,,,,,,,12.0,,,,,,,,,
1992-11-27 03:00:00,,,,,,,,,,0.0,,,,,,,,,,,,,,,,,,,,,,,,,,,,,,,,,,,,,,,,,,,,
1992-11-27 04:00:00,,,,,,,,,,0.0,,,,,,,,,,,,,,,,,,,,,,,,,,,,,,,,,,,,,,,,,,,,
1992-11-27 05:00:00,1019.5,1023.0,14.7,9.4,71.0,5.8,45.0,,,0.0,0.0,,,16.5,17.7,18.6,19.2,,,,10.0,,,,,,,,,,,,,,,,,,,,,19.9,,,15.0,,,,,,,,,
1992-11-27 06:00:00,,,,,,,,,,0.0,,,,,,,,,,,,,,,,,,,,,,,,,,,,,,,,,,,,,,,,,,,,
1992-11-27 07:00:00,,,,,,,,,,0.0,,,,,,,,,,,,,,,,,,,,,,,,,,,,,,,,,,,,,,,,,,,,
1992-11-27 08:00:00,1020.1,1023.6,15.4,10.4,72.0,9.0,45.0,,,0.0,0.0,1.0,,,,,,,,,3.0,,,,,,,,,,,,,,,,,,,,,,,,15.0,,,,,,,,,
1992-11-27 09:00:00,1020.1,1023.6,16.8,10.4,66.0,9.3,67.5,,,0.0,0.0,1.0,,,,,,,,,3.0,,,,,,,,,,,,,,,,,,,,,,,,15.0,,,,,,,,,
1992-11-27 10:00:00,,,,,,,,,,0.0,,,,,,,,,,,,,,,,,,,,,,,,,,,,,,,,,,,,,,,,,,,,
1992-11-27 11:00:00,1019.5,1023.0,18.6,10.3,58.0,10.4,45.0,,,0.0,0.0,1.0,,,,,,,,,3.0,,,,,,,,,,,,,,,,,,,,,,,,15.0,,,,,,,,,
1992-11-27 12:00:00,,,,,,,,,,0.0,,,,,,,,,,,,,,,,,,,,,,,,,,,,,,,,,,,,,,,,,,,,
1992-11-27 13:00:00,,,,,,,,,,0.0,,,,,,,,,,,,,,,,,,,,,,,,,,,,,,,,,,,,,,,,,,,,
1992-11-27 14:00:00,1017.5,1021.0,17.8,11.0,64.0,10.2,45.0,,,0.0,0.0,1.0,,19.7,18.8,19.2,19.2,,,,2.0,,,,,,,,,,,,,,,,,,,,,19.8,,,15.0,,,,,,,,,
1992-11-27 15:00:00,,,,,,,,,,0.0,,,,,,,,,,,,,,,,,,,,,,,,,,,,,,,,,,,,,,,,,,,,
1992-11-27 16:00:00,,,,,,,,,,0.0,,,,,,,,,,,,,,,,,,,,,,,,,,,,,,,,,,,,,,,,,,,,
1992-11-27 17:00:00,1018.4,1021.9,16.0,11.1,73.0,7.6,45.0,,,0.0,0.0,0.7,,,,,,,,,1.0,,,,,,,,,,,,,,,,,,,,,,,,15.0,,,,,,,,,
1992-11-27 18:00:00,,,,,,,,,,0.0,,,,,,,,,,,,,,,,,,,,,,,,,,,,,,,,,,,,,,,,,,,,
1992-11-27 19:00:00,,,,,,,,,,0.0,,,,,,,,,,,,,,,,,,,,,,,,,,,,,,,,,,,,,,,,,,,,
1992-11-27 20:00:00,1019.3,1022.8,15.2,12.2,82.0,5.5,45.0,,,0.0,0.0,,,,,,,,,,1.0,,,,,,,,,,,,,,,,,,,,,,,,15.0,,,,,,,,,
1992-11-27 21:00:00,1019.4,1022.9,15.2,12.0,81.0,6.6,45.0,,,0.0,0.0,,,17.0,18.0,19.0,19.4,,,,1.0,,,,,,,,,,,,,,,,,,,,,19.8,,,12.0,,,,,,,,,
1992-11-27 22:00:00,,,,,,,,,,0.0,,,,,,,,,,,,,,,,,,,,,,,,,,,,,,,,,,,,,,,,,,,,
1992-11-27 23:00:00,1018.6,1022.1,15.5,12.4,82.0,5.5,45.0,,,0.0,0.0,,,,,,,,,,1.0,,,,,,,,,,,,,,,,,,,,,,,,12.0,,,,,,,,,
1992-11-28 00:00:00,,,,,,,,,,0.0,,,,,,,,,,,,,,,,,,,,,,,,,,,,,,,,,,,,,,,,,,,,
1992-11-28 01:00:00,,,,,,,,,,0.0,,,,,,,,,,,,,,,,,,,,,,,,,,,,,,,,,,,,,,,,,,,,
1992-11-28 02:00:00,1017.4,1020.9,16.2,12.7,80.0,5.0,22.5,,,0.0,0.0,,,,,,,,,,1.0,,,,,,,,,,,,,,,,,,,,,,,,12.0,,,,,,,,,
1992-11-28 03:00:00,,,,,,,,,,0.0,,,,,,,,,,,,,,,,,,,,,,,,,,,,,,,,,,,,,,,,,,,,
1992-11-28 04:00:00,,,,,,,,,,0.0,,,,,,,,,,,,,,,,,,,,,,,,,,,,,,,,,,,,,,,,,,,,
1992-11-28 05:00:00,1017.5,1021.0,16.5,13.9,85.0,5.1,45.0,,,0.0,0.0,,,17.0,17.9,18.7,19.0,,,,2.0,,,,,,,,,,,,,,,,,,,,,19.8,,,12.0,,,,,,,,,
1992-11-28 06:00:00,,,,,,,,,,0.0,,,,,,,,,,,,,,,,,,,,,,,,,,,,,,,,,,,,,,,,,,,,
1992-11-28 07:00:00,,,,,,,,,,0.0,,,,,,,,,,,,,,,,,,,,,,,,,,,,,,,,,,,,,,,,,,,,
1992-11-28 08:00:00,1017.8,1021.3,18.4,14.8,80.0,6.8,45.0,,,0.0,0.0,0.9,,,,,,,,,3.0,,,,,,,,,,,,,,,,,,,,,,,,12.0,,,,,,,,,
1992-11-28 09:00:00,1018.2,1021.7,18.8,14.8,78.0,6.1,45.0,,,0.0,0.0,0.2,,,,,,,,,6.0,,,,,,,,,,,,,,,,,,,,,,,,14.0,,,,,,,,,
1992-11-28 10:00:00,,,,,,,,,,0.0,,,,,,,,,,,,,,,,,,,,,,,,,,,,,,,,,,,,,,,,,,,,
1992-11-28 11:00:00,1017.5,1020.9,20.5,15.8,74.0,6.9,45.0,,,0.0,0.0,0.4,,,,,,,,,5.0,,,,,,,,,,,,,,,,,,,,,,,,15.0,,,,,,,,,
1992-11-28 12:00:00,,,,,,,,,,0.0,,,,,,,,,,,,,,,,,,,,,,,,,,,,,,,,,,,,,,,,,,,,
1992-11-28 13:00:00,,,,,,,,,,0.0,,,,,,,,,,,,,,,,,,,,,,,,,,,,,,,,,,,,,,,,,,,,
1992-11-28 14:00:00,1016.1,1019.5,19.9,15.1,74.0,9.0,45.0,,,0.0,0.0,0.0,,20.6,19.0,19.5,19.5,,,,10.0,,,,,,,,,,,,,,,,,,,,,19.8,,,12.0,,,,,,,,,
1992-11-28 15:00:00,,,,,,,,,,0.0,,,,,,,,,,,,,,,,,,,,,,,,,,,,,,,,,,,,,,,,,,,,
1992-11-28 16:00:00,,,,,,,,,,0.0,,,,,,,,,,,,,,,,,,,,,,,,,,,,,,,,,,,,,,,,,,,,
1992-11-28 17:00:00,1017.4,1020.9,18.2,15.2,83.0,7.1,45.0,,,0.0,0.0,0.0,,,,,,,,,10.0,,,,,,,,,,,,,,,,,,,,,,,,8.0,,,,,,,,,
1992-11-28 18:00:00,,,,,,,,,,0.0,,,,,,,,,,,,,,,,,,,,,,,,,,,,,,,,,,,,,,,,,,,,
1992-11-28 19:00:00,,,,,,,,,,0.0,,,,,,,,,,,,,,,,,,,,,,,,,,,,,,,,,,,,,,,,,,,,
1992-11-28 20:00:00,1018.3,1021.8,17.8,15.0,84.0,7.6,45.0,,,0.0,0.0,,,,,,,,,,10.0,,,,,,,,,,,,,,,,,,,,,,,,10.0,,,,,,,,,
1992-11-28 21:00:00,1018.3,1021.8,17.8,15.1,84.0,6.1,45.0,,,0.0,0.0,,,18.6,18.8,19.4,19.6,,,,10.0,,,,,,,,,,,,,,,,,,,,,19.9,,,10.0,,,,,,,,,
1992-11-28 22:00:00,,,,,,,,,,0.0,,,,,,,,,,,,,,,,,,,,,,,,,,,,,,,,,,,,,,,,,,,,
1992-11-28 23:00:00,1017.7,1021.2,17.9,14.9,83.0,6.3,45.0,,,0.0,0.0,,,,,,,,,,8.0,,,,,,,,,,,,,,,,,,,,,,,,10.0,,,,,,,,,
1992-11-29 00:00:00,,,,,,,,,,0.0,,,,,,,,,,,,,,,,,,,,,,,,,,,,,,,,,,,,,,,,,,,,
1992-11-29 01:00:00,,,,,,,,,,0.0,,,,,,,,,,,,,,,,,,,,,,,,,,,,,,,,,,,,,,,,,,,,
1992-11-29 02:00:00,1016.6,1020.1,17.9,16.0,89.0,4.7,45.0,,,0.0,0.0,,,,,,,,,,10.0,,,,,,,,,,,,,,,,,,,,,,,,10.0,,,,,,,,,
1992-11-29 03:00:00,,,,,,,,,,0.0,,,,,,,,,,,,,,,,,,,,,,,,,,,,,,,,,,,,,,,,,,,,
1992-11-29 04:00:00,,,,,,,,,,0.0,,,,,,,,,,,,,,,,,,,,,,,,,,,,,,,,,,,,,,,,,,,,
1992-11-29 05:00:00,1016.2,1019.7,17.6,15.7,89.0,6.0,45.0,,,0.0,0.0,,,18.4,18.8,19.3,19.5,,,,10.0,,,,,,,,,,,,,,,,,,,,,20.0,,,10.0,,,,,,,,,
1992-11-29 06:00:00,,,,,,,,,,0.0,,,,,,,,,,,,,,,,,,,,,,,,,,,,,,,,,,,,,,,,,,,,
1992-11-29 07:00:00,,,,,,,,,,0.0,,,,,,,,,,,,,,,,,,,,,,,,,,,,,,,,,,,,,,,,,,,,
1992-11-29 08:00:00,1017.3,1020.8,18.6,16.8,89.0,5.4,45.0,,,0.0,0.0,0.0,,,,,,,,,10.0,,,,,,,,,,,,,,,,,,,,,,,,10.0,,,,,,,,,
1992-11-29 09:00:00,1017.8,1021.2,19.0,16.7,87.0,5.7,45.0,,,0.0,0.0,0.0,,,,,,,,,10.0,,,,,,,,,,,,,,,,,,,,,,,,10.0,,,,,,,,,
1992-11-29 10:00:00,,,,,,,,,,0.0,,,,,,,,,,,,,,,,,,,,,,,,,,,,,,,,,,,,,,,,,,,,
1992-11-29 11:00:00,1016.7,1020.1,20.3,17.4,83.0,6.9,45.0,,,0.0,0.0,0.0,,,,,,,,,9.0,,,,,,,,,,,,,,,,,,,,,,,,12.0,,,,,,,,,
1992-11-29 12:00:00,,,,,,,,,,0.0,,,,,,,,,,,,,,,,,,,,,,,,,,,,,,,,,,,,,,,,,,,,
1992-11-29 13:00:00,,,,,,,,,,0.0,,,,,,,,,,,,,,,,,,,,,,,,,,,,,,,,,,,,,,,,,,,,
1992-11-29 14:00:00,1014.7,1018.1,19.2,17.0,87.0,6.4,22.5,,,-9.8,0.5,0.0,,20.5,19.8,20.0,19.8,,,,10.0,,,,,,,,,,,,,,,,,,,,,20.2,,,10.0,,,,,,,,,
1992-11-29 15:00:00,,,,,,,,,,-9.8,,,,,,,,,,,,,,,,,,,,,,,,,,,,,,,,,,,,,,,,,,,,
1992-11-29 16:00:00,,,,,,,,,,-9.8,,,,,,,,,,,,,,,,,,,,,,,,,,,,,,,,,,,,,,,,,,,,
1992-11-29 17:00:00,1015.1,1018.5,19.2,17.0,87.0,6.4,45.0,,,0.0,0.0,0.0,,,,,,,,,10.0,,,,,,,,,,,,,,,,,,,,,,,,15.0,,,,,,,,,
1992-11-29 18:00:00,,,,,,,,,,0.0,,,,,,,,,,,,,,,,,,,,,,,,,,,,,,,,,,,,,,,,,,,,
1992-11-29 19:00:00,,,,,,,,,,0.0,,,,,,,,,,,,,,,,,,,,,,,,,,,,,,,,,,,,,,,,,,,,
1992-11-29 20:00:00,1015.9,1019.3,19.4,17.6,89.0,4.7,45.0,,,-9.8,0.3,,,,,,,,,,10.0,,,,,,,,,,,,,,,,,,,,,,,,8.0,,,,,,,,,
1992-11-29 21:00:00,1016.0,1019.4,19.6,17.7,89.0,5.1,45.0,,,-9.8,0.5,,,19.8,19.5,20.0,20.1,,,,10.0,,,,,,,,,,,,,,,,,,,,,20.2,,,10.0,,,,,,,,,
1992-11-29 22:00:00,,,,,,,,,,0.0,,,,,,,,,,,,,,,,,,,,,,,,,,,,,,,,,,,,,,,,,,,,
1992-11-29 23:00:00,1015.6,1019.0,19.5,17.4,88.0,6.2,45.0,,,0.0,0.0,,,,,,,,,,9.0,,,,,,,,,,,,,,,,,,,,,,,,10.0,,,,,,,,,
1992-11-30 00:00:00,,,,,,,,,,0.0,,,,,,,,,,,,,,,,,,,,,,,,,,,,,,,,,,,,,,,,,,,,
1992-11-30 01:00:00,,,,,,,,,,0.0,,,,,,,,,,,,,,,,,,,,,,,,,,,,,,,,,,,,,,,,,,,,
1992-11-30 02:00:00,1014.0,1017.4,19.5,16.6,83.0,5.6,67.5,,,0.0,0.0,,,,,,,,,,9.0,,,,,,,,,,,,,,,,,,,,,,,,10.0,,,,,,,,,
1992-11-30 03:00:00,,,,,,,,,,0.0,,,,,,,,,,,,,,,,,,,,,,,,,,,,,,,,,,,,,,,,,,,,
1992-11-30 04:00:00,,,,,,,,,,0.0,,,,,,,,,,,,,,,,,,,,,,,,,,,,,,,,,,,,,,,,,,,,
1992-11-30 05:00:00,1014.2,1017.6,19.7,15.5,77.0,6.6,67.5,,,0.0,0.0,,,18.9,19.3,20.0,20.0,,,,3.0,,,,,,,,,,,,,,,,,,,,,20.2,,,15.0,,,,,,,,,
1992-11-30 06:00:00,,,,,,,,,,0.0,,,,,,,,,,,,,,,,,,,,,,,,,,,,,,,,,,,,,,,,,,,,
1992-11-30 07:00:00,,,,,,,,,,0.0,,,,,,,,,,,,,,,,,,,,,,,,,,,,,,,,,,,,,,,,,,,,
1992-11-30 08:00:00,1015.9,1019.3,20.8,16.1,74.0,7.1,45.0,,,0.0,0.0,0.8,,,,,,,,,5.0,,,,,,,,,,,,,,,,,,,,,,,,15.0,,,,,,,,,
1992-11-30 09:00:00,1016.4,1019.8,21.9,16.2,70.0,7.2,67.5,,,0.0,0.0,1.0,,,,,,,,,5.0,,,,,,,,,,,,,,,,,,,,,,,,15.0,,,,,,,,,
1992-11-30 10:00:00,,,,,,,,,,0.0,,,,,,,,,,,,,,,,,,,,,,,,,,,,,,,,,,,,,,,,,,,,
1992-11-30 11:00:00,1015.7,1019.1,23.5,16.2,64.0,6.9,67.5,,,0.0,0.0,0.5,,,,,,,,,4.0,,,,,,,,,,,,,,,,,,,,,,,,15.0,,,,,,,,,
1992-11-30 12:00:00,,,,,,,,,,0.0,,,,,,,,,,,,,,,,,,,,,,,,,,,,,,,,,,,,,,,,,,,,
1992-11-30 13:00:00,,,,,,,,,,0.0,,,,,,,,,,,,,,,,,,,,,,,,,,,,,,,,,,,,,,,,,,,,
1992-11-30 14:00:00,1014.0,1017.4,23.0,16.2,66.0,6.9,45.0,,,0.0,0.0,0.9,,22.8,20.7,20.8,20.4,,,,2.0,,,,,,,,,,,,,,,,,,,,,20.5,,,15.0,,,,,,,,,
1992-11-30 15:00:00,,,,,,,,,,0.0,,,,,,,,,,,,,,,,,,,,,,,,,,,,,,,,,,,,,,,,,,,,
1992-11-30 16:00:00,,,,,,,,,,0.0,,,,,,,,,,,,,,,,,,,,,,,,,,,,,,,,,,,,,,,,,,,,
1992-11-30 17:00:00,1016.0,1019.4,20.0,15.0,73.0,4.7,45.0,,,0.0,0.0,0.0,,,,,,,,,8.0,,,,,,,,,,,,,,,,,,,,,,,,12.0,,,,,,,,,
1992-11-30 18:00:00,,,,,,,,,,0.0,,,,,,,,,,,,,,,,,,,,,,,,,,,,,,,,,,,,,,,,,,,,
1992-11-30 19:00:00,,,,,,,,,,0.0,,,,,,,,,,,,,,,,,,,,,,,,,,,,,,,,,,,,,,,,,,,,
1992-11-30 20:00:00,1017.1,1020.5,19.2,15.0,77.0,3.4,45.0,,,0.0,0.0,,,,,,,,,,8.0,,,,,,,,,,,,,,,,,,,,,,,,12.0,,,,,,,,,
1992-11-30 21:00:00,1017.5,1020.9,18.9,15.2,79.0,3.1,45.0,,,0.0,0.0,,,19.4,19.9,20.6,20.7,,,,5.0,,,,,,,,,,,,,,,,,,,,,20.8,,,12.0,,,,,,,,,
1992-11-30 22:00:00,,,,,,,,,,0.0,,,,,,,,,,,,,,,,,,,,,,,,,,,,,,,,,,,,,,,,,,,,
1992-11-30 23:00:00,1017.9,1021.4,18.9,15.2,79.0,2.7,22.5,,,0.0,0.0,,,,,,,,,,10.0,,,,,,,,,,,,,,,,,,,,,,,,12.0,,,,,,,,,
1992-12-01 00:00:00,,,,,,,,,,0.0,,,,,,,,,,,,,,,,,,,,,,,,,,,,,,,,,,,,,,,,,,,,
1992-12-01 01:00:00,,,,,,,,,,0.0,,,,,,,,,,,,,,,,,,,,,,,,,,,,,,,,,,,,,,,,,,,,
1992-12-01 02:00:00,1017.0,1020.4,18.9,14.9,78.0,3.9,45.0,,,0.0,0.0,,,,,,,,,,10.0,,,,,,,,,,,,,,,,,,,,,,,,12.0,,,,,,,,,
1992-12-01 03:00:00,,,,,,,,,,0.0,,,,,,,,,,,,,,,,,,,,,,,,,,,,,,,,,,,,,,,,,,,,
1992-12-01 04:00:00,,,,,,,,,,0.0,,,,,,,,,,,,,,,,,,,,,,,,,,,,,,,,,,,,,,,,,,,,
1992-12-01 05:00:00,1016.7,1020.2,18.2,14.0,76.0,3.0,67.5,,,0.0,0.0,,,18.5,19.4,20.2,20.4,,,,3.0,,,,,,,,,,,,,,,,,,,,,20.7,,,12.0,,,,,,,,,
1992-12-01 06:00:00,,,,,,,,,,0.0,,,,,,,,,,,,,,,,,,,,,,,,,,,,,,,,,,,,,,,,,,,,
1992-12-01 07:00:00,,,,,,,,,,0.0,,,,,,,,,,,,,,,,,,,,,,,,,,,,,,,,,,,,,,,,,,,,
1992-12-01 08:00:00,1018.3,1021.7,19.4,14.2,72.0,6.2,45.0,,,0.0,0.0,0.9,,,,,,,,,3.0,,,,,,,,,,,,,,,,,,,,,,,,15.0,,,,,,,,,
1992-12-01 09:00:00,1018.4,1021.8,21.3,14.8,66.0,6.4,45.0,,,0.0,0.0,1.0,,,,,,,,,5.0,,,,,,,,,,,,,,,,,,,,,,,,15.0,,,,,,,,,
1992-12-01 10:00:00,,,,,,,,,,0.0,,,,,,,,,,,,,,,,,,,,,,,,,,,,,,,,,,,,,,,,,,,,
1992-12-01 11:00:00,1018.0,1021.4,22.0,14.6,63.0,7.7,22.5,,,0.0,0.0,0.4,,,,,,,,,8.0,,,,,,,,,,,,,,,,,,,,,,,,15.0,,,,,,,,,
1992-12-01 12:00:00,,,,,,,,,,0.0,,,,,,,,,,,,,,,,,,,,,,,,,,,,,,,,,,,,,,,,,,,,
1992-12-01 13:00:00,,,,,,,,,,0.0,,,,,,,,,,,,,,,,,,,,,,,,,,,,,,,,,,,,,,,,,,,,
1992-12-01 14:00:00,1016.5,1019.9,21.2,14.4,65.0,4.6,45.0,,,0.0,0.0,0.0,,21.8,20.2,20.4,20.5,,,,10.0,,,,,,,,,,,,,,,,,,,,,20.7,,,15.0,,,,,,,,,
1992-12-01 15:00:00,,,,,,,,,,0.0,,,,,,,,,,,,,,,,,,,,,,,,,,,,,,,,,,,,,,,,,,,,
1992-12-01 16:00:00,,,,,,,,,,0.0,,,,,,,,,,,,,,,,,,,,,,,,,,,,,,,,,,,,,,,,,,,,
1992-12-01 17:00:00,1018.0,1021.5,18.6,14.3,76.0,5.2,45.0,,,0.1,0.2,0.0,,,,,,,,,10.0,,,,,,,,,,,,,,,,,,,,,,,,12.0,,,,,,,,,
1992-12-01 18:00:00,,,,,,,,,,-9.8,,,,,,,,,,,,,,,,,,,,,,,,,,,,,,,,,,,,,,,,,,,,
1992-12-01 19:00:00,,,,,,,,,,0.0,,,,,,,,,,,,,,,,,,,,,,,,,,,,,,,,,,,,,,,,,,,,
1992-12-01 20:00:00,1018.8,1022.3,17.9,13.2,74.0,6.7,45.0,,,0.0,0.0,,,,,,,,,,10.0,,,,,,,,,,,,,,,,,,,,,,,,12.0,,,,,,,,,
1992-12-01 21:00:00,1019.3,1022.8,17.8,12.9,73.0,7.0,45.0,,,0.0,0.0,,,18.6,19.5,20.3,20.5,,,,9.0,,,,,,,,,,,,,,,,,,,,,20.8,,,12.0,,,,,,,,,
1992-12-01 22:00:00,,,,,,,,,,0.0,,,,,,,,,,,,,,,,,,,,,,,,,,,,,,,,,,,,,,,,,,,,
1992-12-01 23:00:00,1019.5,1023.0,17.5,12.8,74.0,6.5,45.0,,,0.0,0.0,,,,,,,,,,9.0,,,,,,,,,,,,,,,,,,,,,,,,12.0,,,,,,,,,
1992-12-02 00:00:00,,,,,,,,,,0.0,,,,,,,,,,,,,,,,,,,,,,,,,,,,,,,,,,,,,,,,,,,,
1992-12-02 01:00:00,,,,,,,,,,0.0,,,,,,,,,,,,,,,,,,,,,,,,,,,,,,,,,,,,,,,,,,,,
1992-12-02 02:00:00,1019.1,1022.6,17.2,12.1,72.0,6.1,45.0,,,0.0,0.0,,,,,,,,,,10.0,,,,,,,,,,,,,,,,,,,,,,,,12.0,,,,,,,,,
1992-12-02 03:00:00,,,,,,,,,,0.0,,,,,,,,,,,,,,,,,,,,,,,,,,,,,,,,,,,,,,,,,,,,
1992-12-02 04:00:00,,,,,,,,,,0.0,,,,,,,,,,,,,,,,,,,,,,,,,,,,,,,,,,,,,,,,,,,,
1992-12-02 05:00:00,1019.3,1022.8,17.2,12.5,74.0,6.0,45.0,,,0.0,0.0,,,16.9,18.8,19.7,20.0,,,,9.0,,,,,,,,,,,,,,,,,,,,,20.7,,,12.0,,,,,,,,,
1992-12-02 06:00:00,,,,,,,,,,0.0,,,,,,,,,,,,,,,,,,,,,,,,,,,,,,,,,,,,,,,,,,,,
1992-12-02 07:00:00,,,,,,,,,,0.0,,,,,,,,,,,,,,,,,,,,,,,,,,,,,,,,,,,,,,,,,,,,
1992-12-02 08:00:00,1020.5,1024.0,18.1,12.7,71.0,7.8,45.0,,,0.0,0.0,0.8,,,,,,,,,4.0,,,,,,,,,,,,,,,,,,,,,,,,12.0,,,,,,,,,
1992-12-02 09:00:00,1020.6,1024.1,19.4,13.0,66.0,9.8,45.0,,,0.0,0.0,0.9,,,,,,,,,6.0,,,,,,,,,,,,,,,,,,,,,,,,14.0,,,,,,,,,
1992-12-02 10:00:00,,,,,,,,,,0.0,,,,,,,,,,,,,,,,,,,,,,,,,,,,,,,,,,,,,,,,,,,,
1992-12-02 11:00:00,1020.4,1023.8,21.1,12.3,57.0,10.2,45.0,,,0.0,0.0,1.0,,,,,,,,,4.0,,,,,,,,,,,,,,,,,,,,,,,,15.0,,,,,,,,,
1992-12-02 12:00:00,,,,,,,,,,0.0,,,,,,,,,,,,,,,,,,,,,,,,,,,,,,,,,,,,,,,,,,,,
1992-12-02 13:00:00,,,,,,,,,,0.0,,,,,,,,,,,,,,,,,,,,,,,,,,,,,,,,,,,,,,,,,,,,
1992-12-02 14:00:00,1018.6,1022.0,20.3,13.3,64.0,8.0,45.0,,,0.0,0.0,0.8,,21.1,19.8,20.2,20.2,,,,4.0,,,,,,,,,,,,,,,,,,,,,20.4,,,15.0,,,,,,,,,
1992-12-02 15:00:00,,,,,,,,,,0.0,,,,,,,,,,,,,,,,,,,,,,,,,,,,,,,,,,,,,,,,,,,,
1992-12-02 16:00:00,,,,,,,,,,0.0,,,,,,,,,,,,,,,,,,,,,,,,,,,,,,,,,,,,,,,,,,,,
1992-12-02 17:00:00,1019.1,1022.6,18.2,11.8,66.0,8.0,45.0,,,0.0,0.0,0.3,,,,,,,,,5.0,,,,,,,,,,,,,,,,,,,,,,,,12.0,,,,,,,,,
1992-12-02 18:00:00,,,,,,,,,,0.0,,,,,,,,,,,,,,,,,,,,,,,,,,,,,,,,,,,,,,,,,,,,
1992-12-02 19:00:00,,,,,,,,,,0.0,,,,,,,,,,,,,,,,,,,,,,,,,,,,,,,,,,,,,,,,,,,,
1992-12-02 20:00:00,1019.9,1023.4,17.8,12.6,72.0,6.7,45.0,,,0.0,0.0,,,,,,,,,,4.0,,,,,,,,,,,,,,,,,,,,,,,,10.0,,,,,,,,,
1992-12-02 21:00:00,1020.4,1023.9,18.0,12.0,68.0,8.6,45.0,,,0.0,0.0,,,18.3,18.9,20.0,20.2,,,,7.0,,,,,,,,,,,,,,,,,,,,,20.5,,,10.0,,,,,,,,,
1992-12-02 22:00:00,,,,,,,,,,0.0,,,,,,,,,,,,,,,,,,,,,,,,,,,,,,,,,,,,,,,,,,,,
1992-12-02 23:00:00,1020.5,1024.0,17.6,10.9,65.0,8.0,45.0,,,0.0,0.0,,,,,,,,,,6.0,,,,,,,,,,,,,,,,,,,,,,,,10.0,,,,,,,,,
1992-12-03 00:00:00,,,,,,,,,,0.0,,,,,,,,,,,,,,,,,,,,,,,,,,,,,,,,,,,,,,,,,,,,
1992-12-03 01:00:00,,,,,,,,,,0.0,,,,,,,,,,,,,,,,,,,,,,,,,,,,,,,,,,,,,,,,,,,,
1992-12-03 02:00:00,1020.3,1023.8,17.0,10.4,65.0,5.1,45.0,,,0.0,0.0,,,,,,,,,,10.0,,,,,,,,,,,,,,,,,,,,,,,,10.0,,,,,,,,,
1992-12-03 03:00:00,,,,,,,,,,0.0,,,,,,,,,,,,,,,,,,,,,,,,,,,,,,,,,,,,,,,,,,,,
1992-12-03 04:00:00,,,,,,,,,,0.0,,,,,,,,,,,,,,,,,,,,,,,,,,,,,,,,,,,,,,,,,,,,
1992-12-03 05:00:00,1020.7,1024.2,16.8,10.3,65.0,4.7,45.0,,,0.0,0.0,,,17.8,18.5,19.3,19.8,,,,10.0,,,,,,,,,,,,,,,,,,,,,20.3,,,10.0,,,,,,,,,
1992-12-03 06:00:00,,,,,,,,,,0.0,,,,,,,,,,,,,,,,,,,,,,,,,,,,,,,,,,,,,,,,,,,,
1992-12-03 07:00:00,,,,,,,,,,0.0,,,,,,,,,,,,,,,,,,,,,,,,,,,,,,,,,,,,,,,,,,,,
1992-12-03 08:00:00,1021.7,1025.2,18.2,11.2,64.0,5.9,45.0,,,0.0,0.0,0.4,,,,,,,,,8.0,,,,,,,,,,,,,,,,,,,,,,,,15.0,,,,,,,,,
1992-12-03 09:00:00,1022.0,1025.5,19.5,11.3,59.0,7.9,45.0,,,0.0,0.0,1.0,,,,,,,,,2.0,,,,,,,,,,,,,,,,,,,,,,,,18.0,,,,,,,,,
1992-12-03 10:00:00,,,,,,,,,,0.0,,,,,,,,,,,,,,,,,,,,,,,,,,,,,,,,,,,,,,,,,,,,
1992-12-03 11:00:00,1021.4,1024.8,21.4,11.6,54.0,8.5,67.5,,,0.0,0.0,0.9,,,,,,,,,3.0,,,,,,,,,,,,,,,,,,,,,,,,18.0,,,,,,,,,
1992-12-03 12:00:00,,,,,,,,,,0.0,,,,,,,,,,,,,,,,,,,,,,,,,,,,,,,,,,,,,,,,,,,,
1992-12-03 13:00:00,,,,,,,,,,0.0,,,,,,,,,,,,,,,,,,,,,,,,,,,,,,,,,,,,,,,,,,,,
1992-12-03 14:00:00,1020.1,1023.5,21.4,11.8,54.0,7.1,45.0,,,0.0,0.0,0.6,,21.4,19.8,20.1,20.0,,,,6.0,,,,,,,,,,,,,,,,,,,,,20.3,,,20.0,,,,,,,,,
1992-12-03 15:00:00,,,,,,,,,,0.0,,,,,,,,,,,,,,,,,,,,,,,,,,,,,,,,,,,,,,,,,,,,
1992-12-03 16:00:00,,,,,,,,,,0.0,,,,,,,,,,,,,,,,,,,,,,,,,,,,,,,,,,,,,,,,,,,,
1992-12-03 17:00:00,1020.2,1023.7,18.6,11.4,63.0,6.0,67.5,,,0.0,0.0,0.4,,,,,,,,,3.0,,,,,,,,,,,,,,,,,,,,,,,,15.0,,,,,,,,,
1992-12-03 18:00:00,,,,,,,,,,0.0,,,,,,,,,,,,,,,,,,,,,,,,,,,,,,,,,,,,,,,,,,,,
1992-12-03 19:00:00,,,,,,,,,,0.0,,,,,,,,,,,,,,,,,,,,,,,,,,,,,,,,,,,,,,,,,,,,
1992-12-03 20:00:00,1021.3,1024.8,17.4,11.2,67.0,5.0,45.0,,,0.0,0.0,,,,,,,,,,0.0,,,,,,,,,,,,,,,,,,,,,,,,12.0,,,,,,,,,
1992-12-03 21:00:00,1021.3,1024.8,17.0,11.4,70.0,3.7,45.0,,,0.0,0.0,,,17.7,18.8,19.7,20.0,,,,0.0,,,,,,,,,,,,,,,,,,,,,20.3,,,12.0,,,,,,,,,
1992-12-03 22:00:00,,,,,,,,,,0.0,,,,,,,,,,,,,,,,,,,,,,,,,,,,,,,,,,,,,,,,,,,,
1992-12-03 23:00:00,1020.5,1024.0,16.9,11.9,72.0,3.7,45.0,,,0.0,0.0,,,,,,,,,,0.0,,,,,,,,,,,,,,,,,,,,,,,,12.0,,,,,,,,,
1992-12-04 00:00:00,,,,,,,,,,0.0,,,,,,,,,,,,,,,,,,,,,,,,,,,,,,,,,,,,,,,,,,,,
1992-12-04 01:00:00,,,,,,,,,,0.0,,,,,,,,,,,,,,,,,,,,,,,,,,,,,,,,,,,,,,,,,,,,
1992-12-04 02:00:00,1019.3,1022.8,15.5,11.7,78.0,2.7,45.0,,,0.0,0.0,,,,,,,,,,0.0,,,,,,,,,,,,,,,,,,,,,,,,12.0,,,,,,,,,
1992-12-04 03:00:00,,,,,,,,,,0.0,,,,,,,,,,,,,,,,,,,,,,,,,,,,,,,,,,,,,,,,,,,,
1992-12-04 04:00:00,,,,,,,,,,0.0,,,,,,,,,,,,,,,,,,,,,,,,,,,,,,,,,,,,,,,,,,,,
1992-12-04 05:00:00,1019.5,1023.0,13.2,10.5,84.0,2.0,135.0,,,0.0,0.0,,,16.2,18.3,19.0,19.5,,,,0.0,,,,,,,,,,,,,,,,,,,,,20.2,,,12.0,,,,,,,,,
1992-12-04 06:00:00,,,,,,,,,,0.0,,,,,,,,,,,,,,,,,,,,,,,,,,,,,,,,,,,,,,,,,,,,
1992-12-04 07:00:00,,,,,,,,,,0.0,,,,,,,,,,,,,,,,,,,,,,,,,,,,,,,,,,,,,,,,,,,,
1992-12-04 08:00:00,1020.1,1023.6,16.0,11.9,77.0,1.5,157.5,,,0.0,0.0,1.0,,,,,,,,,0.0,,,,,,,,,,,,,,,,,,,,,,,,15.0,,,,,,,,,
1992-12-04 09:00:00,1019.8,1023.3,19.4,13.0,66.0,1.4,157.5,,,0.0,0.0,1.0,,,,,,,,,0.0,,,,,,,,,,,,,,,,,,,,,,,,15.0,,,,,,,,,
1992-12-04 10:00:00,,,,,,,,,,0.0,,,,,,,,,,,,,,,,,,,,,,,,,,,,,,,,,,,,,,,,,,,,
1992-12-04 11:00:00,1018.6,1022.0,25.4,16.2,57.0,4.7,90.0,,,0.0,0.0,1.0,,,,,,,,,0.0,,,,,,,,,,,,,,,,,,,,,,,,18.0,,,,,,,,,
1992-12-04 12:00:00,,,,,,,,,,0.0,,,,,,,,,,,,,,,,,,,,,,,,,,,,,,,,,,,,,,,,,,,,
1992-12-04 13:00:00,,,,,,,,,,0.0,,,,,,,,,,,,,,,,,,,,,,,,,,,,,,,,,,,,,,,,,,,,
1992-12-04 14:00:00,1016.2,1019.6,26.6,16.6,54.0,4.5,45.0,,,0.0,0.0,1.0,,23.6,20.4,20.3,20.0,,,,1.0,,,,,,,,,,,,,,,,,,,,,20.2,,,18.0,,,,,,,,,
1992-12-04 15:00:00,,,,,,,,,,0.0,,,,,,,,,,,,,,,,,,,,,,,,,,,,,,,,,,,,,,,,,,,,
1992-12-04 16:00:00,,,,,,,,,,0.0,,,,,,,,,,,,,,,,,,,,,,,,,,,,,,,,,,,,,,,,,,,,
1992-12-04 17:00:00,1017.2,1020.6,21.7,16.5,72.0,5.4,22.5,,,0.0,0.0,0.4,,,,,,,,,0.0,,,,,,,,,,,,,,,,,,,,,,,,15.0,,,,,,,,,
1992-12-04 18:00:00,,,,,,,,,,0.0,,,,,,,,,,,,,,,,,,,,,,,,,,,,,,,,,,,,,,,,,,,,
1992-12-04 19:00:00,,,,,,,,,,0.0,,,,,,,,,,,,,,,,,,,,,,,,,,,,,,,,,,,,,,,,,,,,
1992-12-04 20:00:00,1018.9,1022.3,19.4,16.1,81.0,1.9,45.0,,,0.0,0.0,,,,,,,,,,0.0,,,,,,,,,,,,,,,,,,,,,,,,12.0,,,,,,,,,
1992-12-04 21:00:00,1018.9,1022.4,19.2,16.6,85.0,1.5,22.5,,,0.0,0.0,,,19.3,19.8,20.4,20.4,,,,2.0,,,,,,,,,,,,,,,,,,,,,20.5,,,12.0,,,,,,,,,
1992-12-04 22:00:00,,,,,,,,,,0.0,,,,,,,,,,,,,,,,,,,,,,,,,,,,,,,,,,,,,,,,,,,,
1992-12-04 23:00:00,1018.4,1021.9,16.9,14.3,85.0,1.3,90.0,,,0.0,0.0,,,,,,,,,,0.0,,,,,,,,,,,,,,,,,,,,,,,,10.0,,,,,,,,,
1992-12-05 00:00:00,,,,,,,,,,0.0,,,,,,,,,,,,,,,,,,,,,,,,,,,,,,,,,,,,,,,,,,,,
1992-12-05 01:00:00,,,,,,,,,,0.0,,,,,,,,,,,,,,,,,,,,,,,,,,,,,,,,,,,,,,,,,,,,
1992-12-05 02:00:00,1017.8,1021.3,16.2,14.0,87.0,1.6,112.5,,,0.0,0.0,,,,,,,,,,0.0,,,,,,,,,,,,,,,,,,,,,,,,10.0,,,,,,,,,
1992-12-05 03:00:00,,,,,,,,,,0.0,,,,,,,,,,,,,,,,,,,,,,,,,,,,,,,,,,,,,,,,,,,,
1992-12-05 04:00:00,,,,,,,,,,0.0,,,,,,,,,,,,,,,,,,,,,,,,,,,,,,,,,,,,,,,,,,,,
1992-12-05 05:00:00,1017.6,1021.1,15.6,13.7,88.0,1.6,112.5,,,0.0,0.0,,,17.9,18.8,19.8,20.0,,,,0.0,,,,,,,,,,,,,,,,,,,,,20.4,,,10.0,,,,,,,,,
1992-12-05 06:00:00,,,,,,,,,,0.0,,,,,,,,,,,,,,,,,,,,,,,,,,,,,,,,,,,,,,,,,,,,
1992-12-05 07:00:00,,,,,,,,,,0.0,,,,,,,,,,,,,,,,,,,,,,,,,,,,,,,,,,,,,,,,,,,,
1992-12-05 08:00:00,1019.3,1022.8,17.4,14.7,84.0,1.7,112.5,,,0.0,0.0,0.0,,,,,,,,,0.0,,,,,,,,,,,,,,,,,,,,,,,,5.0,,,,,,,,,
1992-12-05 09:00:00,1019.4,1022.8,20.6,15.1,71.0,1.0,135.0,,,0.0,0.0,0.6,,,,,,,,,7.0,,,,,,,,,,,,,,,,,,,,,,,,8.0,,,,,,,,,
1992-12-05 10:00:00,,,,,,,,,,0.0,,,,,,,,,,,,,,,,,,,,,,,,,,,,,,,,,,,,,,,,,,,,
1992-12-05 11:00:00,1018.2,1021.6,24.2,16.9,64.0,2.1,315.0,,,0.0,0.0,1.0,,,,,,,,,5.0,,,,,,,,,,,,,,,,,,,,,,,,6.0,,,,,,,,,
1992-12-05 12:00:00,,,,,,,,,,0.0,,,,,,,,,,,,,,,,,,,,,,,,,,,,,,,,,,,,,,,,,,,,
1992-12-05 13:00:00,,,,,,,,,,0.0,,,,,,,,,,,,,,,,,,,,,,,,,,,,,,,,,,,,,,,,,,,,
1992-12-05 14:00:00,1015.6,1019.0,23.6,17.9,70.0,3.9,292.5,,,0.0,0.0,1.0,,24.1,21.2,20.9,20.4,,,,2.0,,,,,,,,,,,,,,,,,,,,,20.4,,,8.0,,,,,,,,,
1992-12-05 15:00:00,,,,,,,,,,0.0,,,,,,,,,,,,,,,,,,,,,,,,,,,,,,,,,,,,,,,,,,,,
1992-12-05 16:00:00,,,,,,,,,,0.0,,,,,,,,,,,,,,,,,,,,,,,,,,,,,,,,,,,,,,,,,,,,
1992-12-05 17:00:00,1015.6,1019.0,21.8,18.2,80.0,1.3,270.0,,,0.0,0.0,0.0,,,,,,,,,6.0,,,,,,,,,,,,,,,,,,,,,,,,6.0,,,,,,,,,
1992-12-05 18:00:00,,,,,,,,,,0.0,,,,,,,,,,,,,,,,,,,,,,,,,,,,,,,,,,,,,,,,,,,,
1992-12-05 19:00:00,,,,,,,,,,0.0,,,,,,,,,,,,,,,,,,,,,,,,,,,,,,,,,,,,,,,,,,,,
1992-12-05 20:00:00,1016.6,1020.0,19.9,17.5,86.0,1.3,157.5,,,0.0,0.0,,,,,,,,,,0.0,,,,,,,,,,,,,,,,,,,,,,,,6.0,,,,,,,,,
1992-12-05 21:00:00,1016.5,1019.9,19.2,16.9,87.0,0.9,112.5,,,0.0,0.0,,,19.9,20.4,20.9,20.8,,,,0.0,,,,,,,,,,,,,,,,,,,,,20.9,,,6.0,,,,,,,,,
1992-12-05 22:00:00,,,,,,,,,,0.0,,,,,,,,,,,,,,,,,,,,,,,,,,,,,,,,,,,,,,,,,,,,
1992-12-05 23:00:00,1016.6,1020.1,17.9,16.1,89.0,0.9,135.0,,,0.0,0.0,,,,,,,,,,0.0,,,,,,,,,,,,,,,,,,,,,,,,6.0,,,,,,,,,
1992-12-06 00:00:00,,,,,,,,,,0.0,,,,,,,,,,,,,,,,,,,,,,,,,,,,,,,,,,,,,,,,,,,,
1992-12-06 01:00:00,,,,,,,,,,0.0,,,,,,,,,,,,,,,,,,,,,,,,,,,,,,,,,,,,,,,,,,,,
1992-12-06 02:00:00,1015.6,1019.1,16.9,15.4,91.0,0.5,202.5,,,0.0,0.0,,,,,,,,,,0.0,,,,,,,,,,,,,,,,,,,,,,,,6.0,,,,,,,,,
1992-12-06 03:00:00,,,,,,,,,,0.0,,,,,,,,,,,,,,,,,,,,,,,,,,,,,,,,,,,,,,,,,,,,
1992-12-06 04:00:00,,,,,,,,,,0.0,,,,,,,,,,,,,,,,,,,,,,,,,,,,,,,,,,,,,,,,,,,,
1992-12-06 05:00:00,1015.4,1018.9,17.4,16.1,92.0,1.0,90.0,,,0.0,0.0,,,19.4,19.9,20.3,20.5,,,,10.0,,,,,,,,,,,,,,,,,,,,,20.8,,,4.0,,,,,,,,,
1992-12-06 06:00:00,,,,,,,,,,0.0,,,,,,,,,,,,,,,,,,,,,,,,,,,,,,,,,,,,,,,,,,,,
1992-12-06 07:00:00,,,,,,,,,,0.0,,,,,,,,,,,,,,,,,,,,,,,,,,,,,,,,,,,,,,,,,,,,
1992-12-06 08:00:00,1016.6,1020.1,17.0,15.3,90.0,1.0,90.0,,,0.0,0.0,0.0,,,,,,,,,2.0,,,,,,,,,,,,,,,,,,,,,,,,4.0,,,,,,,,,
1992-12-06 09:00:00,1016.8,1020.2,18.8,16.3,85.0,0.8,157.5,,,0.0,0.0,0.4,,,,,,,,,2.0,,,,,,,,,,,,,,,,,,,,,,,,3.0,,,,,,,,,
1992-12-06 10:00:00,,,,,,,,,,0.0,,,,,,,,,,,,,,,,,,,,,,,,,,,,,,,,,,,,,,,,,,,,
1992-12-06 11:00:00,1016.0,1019.4,23.0,17.5,71.0,0.3,247.5,,,0.0,0.0,1.0,,,,,,,,,2.0,,,,,,,,,,,,,,,,,,,,,,,,3.0,,,,,,,,,
1992-12-06 12:00:00,,,,,,,,,,0.0,,,,,,,,,,,,,,,,,,,,,,,,,,,,,,,,,,,,,,,,,,,,
1992-12-06 13:00:00,,,,,,,,,,0.0,,,,,,,,,,,,,,,,,,,,,,,,,,,,,,,,,,,,,,,,,,,,
1992-12-06 14:00:00,1013.3,1016.7,23.6,18.5,73.0,2.7,315.0,,,0.0,0.0,1.0,,24.4,21.1,21.8,20.8,,,,0.0,,,,,,,,,,,,,,,,,,,,,20.8,,,3.0,,,,,,,,,
1992-12-06 15:00:00,,,,,,,,,,0.0,,,,,,,,,,,,,,,,,,,,,,,,,,,,,,,,,,,,,,,,,,,,
1992-12-06 16:00:00,,,,,,,,,,0.0,,,,,,,,,,,,,,,,,,,,,,,,,,,,,,,,,,,,,,,,,,,,
1992-12-06 17:00:00,1013.3,1016.7,20.4,17.5,83.0,2.6,360.0,,,0.0,0.0,0.0,,,,,,,,,10.0,,,,,,,,,,,,,,,,,,,,,,,,1.5,,,,,,,,,
1992-12-06 18:00:00,,,,,,,,,,0.0,,,,,,,,,,,,,,,,,,,,,,,,,,,,,,,,,,,,,,,,,,,,
1992-12-06 19:00:00,,,,,,,,,,0.0,,,,,,,,,,,,,,,,,,,,,,,,,,,,,,,,,,,,,,,,,,,,
1992-12-06 20:00:00,1014.4,1017.8,19.8,17.6,87.0,0.0,0.0,,,0.0,0.0,,,,,,,,,,10.0,,,,,,,,,,,,,,,,,,,,,,,,1.5,,,,,,,,,
1992-12-06 21:00:00,1014.5,1017.9,19.6,17.5,88.0,0.8,157.5,,,0.0,0.0,,,20.5,20.6,21.1,21.1,,,,10.0,,,,,,,,,,,,,,,,,,,,,21.2,,,1.5,,,,,,,,,
1992-12-06 22:00:00,,,,,,,,,,0.0,,,,,,,,,,,,,,,,,,,,,,,,,,,,,,,,,,,,,,,,,,,,
1992-12-06 23:00:00,1013.7,1017.1,20.1,17.8,87.0,0.3,157.5,,,0.0,0.0,,,,,,,,,,10.0,,,,,,,,,,,,,,,,,,,,,,,,1.5,,,,,,,,,
1992-12-07 00:00:00,,,,,,,,,,0.0,,,,,,,,,,,,,,,,,,,,,,,,,,,,,,,,,,,,,,,,,,,,
1992-12-07 01:00:00,,,,,,,,,,0.0,,,,,,,,,,,,,,,,,,,,,,,,,,,,,,,,,,,,,,,,,,,,
1992-12-07 02:00:00,1012.7,1016.1,20.1,17.7,86.0,1.0,225.0,,,0.0,0.0,,,,,,,,,,10.0,,,,,,,,,,,,,,,,,,,,,,,,1.5,,,,,,,,,
1992-12-07 03:00:00,,,,,,,,,,0.0,,,,,,,,,,,,,,,,,,,,,,,,,,,,,,,,,,,,,,,,,,,,
1992-12-07 04:00:00,,,,,,,,,,0.0,,,,,,,,,,,,,,,,,,,,,,,,,,,,,,,,,,,,,,,,,,,,
1992-12-07 05:00:00,1013.1,1016.5,20.0,17.8,87.0,1.3,225.0,,,0.0,0.0,,,20.5,20.5,21.0,21.0,,,,10.0,,,,,,,,,,,,,,,,,,,,,21.1,,,1.8,,,,,,,,,
1992-12-07 06:00:00,,,,,,,,,,0.0,,,,,,,,,,,,,,,,,,,,,,,,,,,,,,,,,,,,,,,,,,,,
1992-12-07 07:00:00,,,,,,,,,,0.0,,,,,,,,,,,,,,,,,,,,,,,,,,,,,,,,,,,,,,,,,,,,
1992-12-07 08:00:00,1014.2,1017.6,19.4,16.6,84.0,1.3,90.0,,,0.1,0.2,0.0,,,,,,,,,7.0,,,,,,,,,,,,,,,,,,,,,,,,1.5,,,,,,,,,
1992-12-07 09:00:00,1014.1,1017.5,21.9,18.2,80.0,1.7,135.0,,,0.0,0.0,0.4,,,,,,,,,9.0,,,,,,,,,,,,,,,,,,,,,,,,4.0,,,,,,,,,
1992-12-07 10:00:00,,,,,,,,,,0.0,,,,,,,,,,,,,,,,,,,,,,,,,,,,,,,,,,,,,,,,,,,,
1992-12-07 11:00:00,1013.7,1017.1,22.4,18.8,80.0,2.7,337.5,,,0.0,0.0,0.0,,,,,,,,,9.0,,,,,,,,,,,,,,,,,,,,,,,,4.0,,,,,,,,,
1992-12-07 12:00:00,,,,,,,,,,0.0,,,,,,,,,,,,,,,,,,,,,,,,,,,,,,,,,,,,,,,,,,,,
1992-12-07 13:00:00,,,,,,,,,,0.0,,,,,,,,,,,,,,,,,,,,,,,,,,,,,,,,,,,,,,,,,,,,
1992-12-07 14:00:00,1012.5,1015.9,22.2,18.1,78.0,3.5,360.0,,,0.0,0.0,0.0,,24.2,22.0,21.8,21.4,,,,9.0,,,,,,,,,,,,,,,,,,,,,21.4,,,10.0,,,,,,,,,
1992-12-07 15:00:00,,,,,,,,,,0.0,,,,,,,,,,,,,,,,,,,,,,,,,,,,,,,,,,,,,,,,,,,,
1992-12-07 16:00:00,,,,,,,,,,0.0,,,,,,,,,,,,,,,,,,,,,,,,,,,,,,,,,,,,,,,,,,,,
1992-12-07 17:00:00,1012.9,1016.3,21.8,17.3,76.0,2.3,45.0,,,0.0,0.0,0.0,,,,,,,,,7.0,,,,,,,,,,,,,,,,,,,,,,,,12.0,,,,,,,,,
1992-12-07 18:00:00,,,,,,,,,,0.0,,,,,,,,,,,,,,,,,,,,,,,,,,,,,,,,,,,,,,,,,,,,
1992-12-07 19:00:00,,,,,,,,,,0.0,,,,,,,,,,,,,,,,,,,,,,,,,,,,,,,,,,,,,,,,,,,,
1992-12-07 20:00:00,1014.0,1017.4,20.1,16.9,82.0,1.6,90.0,,,0.0,0.0,,,,,,,,,,5.0,,,,,,,,,,,,,,,,,,,,,,,,12.0,,,,,,,,,
1992-12-07 21:00:00,1014.1,1017.5,20.3,16.9,81.0,2.6,90.0,,,0.0,0.0,,,20.6,21.0,21.6,21.6,,,,3.0,,,,,,,,,,,,,,,,,,,,,21.6,,,12.0,,,,,,,,,
1992-12-07 22:00:00,,,,,,,,,,0.0,,,,,,,,,,,,,,,,,,,,,,,,,,,,,,,,,,,,,,,,,,,,
1992-12-07 23:00:00,1014.2,1017.6,21.1,16.5,75.0,2.9,22.5,,,0.0,0.0,,,,,,,,,,5.0,,,,,,,,,,,,,,,,,,,,,,,,12.0,,,,,,,,,
1992-12-08 00:00:00,,,,,,,,,,0.0,,,,,,,,,,,,,,,,,,,,,,,,,,,,,,,,,,,,,,,,,,,,
1992-12-08 01:00:00,,,,,,,,,,0.0,,,,,,,,,,,,,,,,,,,,,,,,,,,,,,,,,,,,,,,,,,,,
1992-12-08 02:00:00,1013.1,1016.5,20.7,16.1,75.0,6.5,67.5,,,0.0,0.0,,,,,,,,,,9.0,,,,,,,,,,,,,,,,,,,,,,,,12.0,,,,,,,,,
1992-12-08 03:00:00,,,,,,,,,,0.0,,,,,,,,,,,,,,,,,,,,,,,,,,,,,,,,,,,,,,,,,,,,
1992-12-08 04:00:00,,,,,,,,,,0.0,,,,,,,,,,,,,,,,,,,,,,,,,,,,,,,,,,,,,,,,,,,,
1992-12-08 05:00:00,1013.3,1016.7,20.3,15.0,72.0,6.3,45.0,,,0.0,0.0,,,20.0,20.3,21.0,21.2,,,,10.0,,,,,,,,,,,,,,,,,,,,,21.5,,,12.0,,,,,,,,,
1992-12-08 06:00:00,,,,,,,,,,0.0,,,,,,,,,,,,,,,,,,,,,,,,,,,,,,,,,,,,,,,,,,,,
1992-12-08 07:00:00,,,,,,,,,,0.0,,,,,,,,,,,,,,,,,,,,,,,,,,,,,,,,,,,,,,,,,,,,
1992-12-08 08:00:00,1014.3,1017.7,20.6,14.9,70.0,8.9,67.5,,,0.0,0.0,0.0,,,,,,,,,10.0,,,,,,,,,,,,,,,,,,,,,,,,12.0,,,,,,,,,
1992-12-08 09:00:00,1014.6,1018.0,21.5,15.4,68.0,9.1,67.5,,,0.0,0.0,0.4,,,,,,,,,9.0,,,,,,,,,,,,,,,,,,,,,,,,12.0,,,,,,,,,
1992-12-08 10:00:00,,,,,,,,,,0.0,,,,,,,,,,,,,,,,,,,,,,,,,,,,,,,,,,,,,,,,,,,,
1992-12-08 11:00:00,1014.1,1017.5,22.6,15.1,63.0,9.5,67.5,,,0.0,0.0,0.4,,,,,,,,,8.0,,,,,,,,,,,,,,,,,,,,,,,,12.0,,,,,,,,,
1992-12-08 12:00:00,,,,,,,,,,0.0,,,,,,,,,,,,,,,,,,,,,,,,,,,,,,,,,,,,,,,,,,,,
1992-12-08 13:00:00,,,,,,,,,,0.5,,,,,,,,,,,,,,,,,,,,,,,,,,,,,,,,,,,,,,,,,,,,
1992-12-08 14:00:00,1013.0,1016.4,19.9,16.5,81.0,5.9,45.0,,,0.2,1.0,0.0,,21.2,21.0,21.3,21.3,,,,8.0,,,,,,,,,,,,,,,,,,,,,21.4,,,8.0,,,,,,,,,
1992-12-08 15:00:00,,,,,,,,,,-9.8,,,,,,,,,,,,,,,,,,,,,,,,,,,,,,,,,,,,,,,,,,,,
1992-12-08 16:00:00,,,,,,,,,,0.0,,,,,,,,,,,,,,,,,,,,,,,,,,,,,,,,,,,,,,,,,,,,
1992-12-08 17:00:00,1012.5,1015.9,19.3,14.9,76.0,5.4,67.5,,,0.0,0.0,0.0,,,,,,,,,9.0,,,,,,,,,,,,,,,,,,,,,,,,8.0,,,,,,,,,
1992-12-08 18:00:00,,,,,,,,,,0.0,,,,,,,,,,,,,,,,,,,,,,,,,,,,,,,,,,,,,,,,,,,,
1992-12-08 19:00:00,,,,,,,,,,0.0,,,,,,,,,,,,,,,,,,,,,,,,,,,,,,,,,,,,,,,,,,,,
1992-12-08 20:00:00,1014.4,1017.8,19.3,14.7,75.0,1.5,67.5,,,0.0,0.0,,,,,,,,,,9.0,,,,,,,,,,,,,,,,,,,,,,,,8.0,,,,,,,,,
1992-12-08 21:00:00,1014.5,1017.9,19.5,14.8,74.0,2.7,22.5,,,0.0,0.0,,,19.7,20.3,21.0,21.2,,,,9.0,,,,,,,,,,,,,,,,,,,,,21.4,,,10.0,,,,,,,,,
1992-12-08 22:00:00,,,,,,,,,,0.0,,,,,,,,,,,,,,,,,,,,,,,,,,,,,,,,,,,,,,,,,,,,
1992-12-08 23:00:00,1014.5,1017.9,18.8,15.2,80.0,0.0,0.0,,,0.0,0.0,,,,,,,,,,7.0,,,,,,,,,,,,,,,,,,,,,,,,10.0,,,,,,,,,
1992-12-09 00:00:00,,,,,,,,,,0.0,,,,,,,,,,,,,,,,,,,,,,,,,,,,,,,,,,,,,,,,,,,,
1992-12-09 01:00:00,,,,,,,,,,0.0,,,,,,,,,,,,,,,,,,,,,,,,,,,,,,,,,,,,,,,,,,,,
1992-12-09 02:00:00,1014.1,1017.6,17.7,15.7,88.0,0.2,0.0,,,0.8,0.2,,,,,,,,,,10.0,,,,,,,,,,,,,,,,,,,,,,,,10.0,,,,,,,,,
1992-12-09 03:00:00,,,,,,,,,,0.1,,,,,,,,,,,,,,,,,,,,,,,,,,,,,,,,,,,,,,,,,,,,
1992-12-09 04:00:00,,,,,,,,,,0.0,,,,,,,,,,,,,,,,,,,,,,,,,,,,,,,,,,,,,,,,,,,,
1992-12-09 05:00:00,1014.7,1018.2,17.5,16.1,91.0,0.0,0.0,,,0.0,0.0,,,19.2,19.8,20.7,20.9,,,,10.0,,,,,,,,,,,,,,,,,,,,,21.2,,,10.0,,,,,,,,,
1992-12-09 06:00:00,,,,,,,,,,0.0,,,,,,,,,,,,,,,,,,,,,,,,,,,,,,,,,,,,,,,,,,,,
1992-12-09 07:00:00,,,,,,,,,,0.0,,,,,,,,,,,,,,,,,,,,,,,,,,,,,,,,,,,,,,,,,,,,
1992-12-09 08:00:00,1016.2,1019.6,18.5,16.4,88.0,1.5,67.5,,,0.0,0.0,0.0,,,,,,,,,10.0,,,,,,,,,,,,,,,,,,,,,,,,8.0,,,,,,,,,
1992-12-09 09:00:00,1016.2,1019.6,18.7,16.8,89.0,2.2,90.0,,,0.0,0.0,0.0,,,,,,,,,10.0,,,,,,,,,,,,,,,,,,,,,,,,6.0,,,,,,,,,
1992-12-09 10:00:00,,,,,,,,,,0.0,,,,,,,,,,,,,,,,,,,,,,,,,,,,,,,,,,,,,,,,,,,,
1992-12-09 11:00:00,1015.2,1018.6,20.8,17.3,80.0,3.0,360.0,,,0.0,0.0,0.0,,,,,,,,,10.0,,,,,,,,,,,,,,,,,,,,,,,,6.0,,,,,,,,,
1992-12-09 12:00:00,,,,,,,,,,0.0,,,,,,,,,,,,,,,,,,,,,,,,,,,,,,,,,,,,,,,,,,,,
1992-12-09 13:00:00,,,,,,,,,,0.0,,,,,,,,,,,,,,,,,,,,,,,,,,,,,,,,,,,,,,,,,,,,
1992-12-09 14:00:00,1012.2,1015.6,23.6,17.2,67.0,2.6,22.5,,,0.0,0.0,1.0,,23.2,21.3,21.2,21.0,,,,1.0,,,,,,,,,,,,,,,,,,,,,21.2,,,12.0,,,,,,,,,
1992-12-09 15:00:00,,,,,,,,,,0.0,,,,,,,,,,,,,,,,,,,,,,,,,,,,,,,,,,,,,,,,,,,,
1992-12-09 16:00:00,,,,,,,,,,0.0,,,,,,,,,,,,,,,,,,,,,,,,,,,,,,,,,,,,,,,,,,,,
1992-12-09 17:00:00,1012.5,1015.9,20.2,16.4,79.0,2.5,22.5,,,0.0,0.0,0.4,,,,,,,,,1.0,,,,,,,,,,,,,,,,,,,,,,,,12.0,,,,,,,,,
1992-12-09 18:00:00,,,,,,,,,,0.0,,,,,,,,,,,,,,,,,,,,,,,,,,,,,,,,,,,,,,,,,,,,
1992-12-09 19:00:00,,,,,,,,,,0.0,,,,,,,,,,,,,,,,,,,,,,,,,,,,,,,,,,,,,,,,,,,,
1992-12-09 20:00:00,1014.0,1017.4,19.2,16.2,83.0,1.1,67.5,,,0.0,0.0,,,,,,,,,,9.0,,,,,,,,,,,,,,,,,,,,,,,,10.0,,,,,,,,,
1992-12-09 21:00:00,1014.5,1017.9,18.8,16.2,85.0,2.9,22.5,,,0.0,0.0,,,19.7,20.4,21.1,21.2,,,,9.0,,,,,,,,,,,,,,,,,,,,,21.3,,,7.0,,,,,,,,,
1992-12-09 22:00:00,,,,,,,,,,0.0,,,,,,,,,,,,,,,,,,,,,,,,,,,,,,,,,,,,,,,,,,,,
1992-12-09 23:00:00,1014.8,1018.2,18.8,16.2,85.0,2.5,45.0,,,0.0,0.0,,,,,,,,,,9.0,,,,,,,,,,,,,,,,,,,,,,,,6.0,,,,,,,,,
1992-12-10 00:00:00,,,,,,,,,,0.0,,,,,,,,,,,,,,,,,,,,,,,,,,,,,,,,,,,,,,,,,,,,
1992-12-10 01:00:00,,,,,,,,,,0.0,,,,,,,,,,,,,,,,,,,,,,,,,,,,,,,,,,,,,,,,,,,,
1992-12-10 02:00:00,1013.9,1017.3,18.6,16.2,86.0,1.5,22.5,,,0.0,0.0,,,,,,,,,,9.0,,,,,,,,,,,,,,,,,,,,,,,,6.0,,,,,,,,,
1992-12-10 03:00:00,,,,,,,,,,0.0,,,,,,,,,,,,,,,,,,,,,,,,,,,,,,,,,,,,,,,,,,,,
1992-12-10 04:00:00,,,,,,,,,,0.0,,,,,,,,,,,,,,,,,,,,,,,,,,,,,,,,,,,,,,,,,,,,
1992-12-10 05:00:00,1014.2,1017.6,18.1,16.3,89.0,2.1,45.0,,,0.0,0.0,,,19.2,19.9,20.7,20.9,,,,9.0,,,,,,,,,,,,,,,,,,,,,21.3,,,6.0,,,,,,,,,
1992-12-10 06:00:00,,,,,,,,,,0.0,,,,,,,,,,,,,,,,,,,,,,,,,,,,,,,,,,,,,,,,,,,,
1992-12-10 07:00:00,,,,,,,,,,0.0,,,,,,,,,,,,,,,,,,,,,,,,,,,,,,,,,,,,,,,,,,,,
1992-12-10 08:00:00,1015.7,1019.1,19.3,16.9,86.0,1.0,22.5,,,0.0,0.0,0.0,,,,,,,,,9.0,,,,,,,,,,,,,,,,,,,,,,,,8.0,,,,,,,,,
1992-12-10 09:00:00,1016.1,1019.5,20.6,17.2,81.0,4.0,45.0,,,0.0,0.0,0.2,,,,,,,,,8.0,,,,,,,,,,,,,,,,,,,,,,,,8.0,,,,,,,,,
1992-12-10 10:00:00,,,,,,,,,,0.0,,,,,,,,,,,,,,,,,,,,,,,,,,,,,,,,,,,,,,,,,,,,
1992-12-10 11:00:00,1015.6,1019.0,21.8,16.8,73.0,5.7,22.5,,,0.0,0.0,0.7,,,,,,,,,8.0,,,,,,,,,,,,,,,,,,,,,,,,10.0,,,,,,,,,
1992-12-10 12:00:00,,,,,,,,,,0.0,,,,,,,,,,,,,,,,,,,,,,,,,,,,,,,,,,,,,,,,,,,,
1992-12-10 13:00:00,,,,,,,,,,0.0,,,,,,,,,,,,,,,,,,,,,,,,,,,,,,,,,,,,,,,,,,,,
1992-12-10 14:00:00,1013.8,1017.2,22.0,15.6,67.0,6.5,22.5,,,0.0,0.0,1.0,,22.4,21.2,21.3,21.0,,,,1.0,,,,,,,,,,,,,,,,,,,,,21.3,,,12.0,,,,,,,,,
1992-12-10 15:00:00,,,,,,,,,,0.0,,,,,,,,,,,,,,,,,,,,,,,,,,,,,,,,,,,,,,,,,,,,
1992-12-10 16:00:00,,,,,,,,,,0.0,,,,,,,,,,,,,,,,,,,,,,,,,,,,,,,,,,,,,,,,,,,,
1992-12-10 17:00:00,1014.6,1018.0,19.5,14.6,73.0,4.9,45.0,,,0.0,0.0,0.0,,,,,,,,,0.0,,,,,,,,,,,,,,,,,,,,,,,,10.0,,,,,,,,,
1992-12-10 18:00:00,,,,,,,,,,0.0,,,,,,,,,,,,,,,,,,,,,,,,,,,,,,,,,,,,,,,,,,,,
1992-12-10 19:00:00,,,,,,,,,,0.0,,,,,,,,,,,,,,,,,,,,,,,,,,,,,,,,,,,,,,,,,,,,
1992-12-10 20:00:00,1016.4,1019.8,18.5,13.9,75.0,6.0,45.0,,,0.0,0.0,,,,,,,,,,0.0,,,,,,,,,,,,,,,,,,,,,,,,6.0,,,,,,,,,
1992-12-10 21:00:00,1016.6,1020.1,18.1,13.5,74.0,5.5,45.0,,,0.0,0.0,,,18.8,20.0,20.9,21.1,,,,2.0,,,,,,,,,,,,,,,,,,,,,21.3,,,8.0,,,,,,,,,
1992-12-10 22:00:00,,,,,,,,,,0.0,,,,,,,,,,,,,,,,,,,,,,,,,,,,,,,,,,,,,,,,,,,,
1992-12-10 23:00:00,1016.3,1019.8,17.8,12.0,69.0,7.6,45.0,,,0.0,0.0,,,,,,,,,,0.0,,,,,,,,,,,,,,,,,,,,,,,,10.0,,,,,,,,,
1992-12-11 00:00:00,,,,,,,,,,0.0,,,,,,,,,,,,,,,,,,,,,,,,,,,,,,,,,,,,,,,,,,,,
1992-12-11 01:00:00,,,,,,,,,,0.0,,,,,,,,,,,,,,,,,,,,,,,,,,,,,,,,,,,,,,,,,,,,
1992-12-11 02:00:00,1016.1,1019.6,16.4,10.3,67.0,7.4,45.0,,,0.0,0.0,,,,,,,,,,0.0,,,,,,,,,,,,,,,,,,,,,,,,10.0,,,,,,,,,
1992-12-11 03:00:00,,,,,,,,,,0.0,,,,,,,,,,,,,,,,,,,,,,,,,,,,,,,,,,,,,,,,,,,,
1992-12-11 04:00:00,,,,,,,,,,0.0,,,,,,,,,,,,,,,,,,,,,,,,,,,,,,,,,,,,,,,,,,,,
1992-12-11 05:00:00,1017.0,1020.5,15.7,9.3,66.0,6.4,45.0,,,0.0,0.0,,,17.1,18.8,20.0,20.5,,,,2.0,,,,,,,,,,,,,,,,,,,,,21.0,,,10.0,,,,,,,,,
1992-12-11 06:00:00,,,,,,,,,,0.0,,,,,,,,,,,,,,,,,,,,,,,,,,,,,,,,,,,,,,,,,,,,
1992-12-11 07:00:00,,,,,,,,,,0.0,,,,,,,,,,,,,,,,,,,,,,,,,,,,,,,,,,,,,,,,,,,,
1992-12-11 08:00:00,1018.9,1022.4,15.8,9.0,64.0,6.8,67.5,,,0.0,0.0,0.0,,,,,,,,,9.0,,,,,,,,,,,,,,,,,,,,,,,,12.0,,,,,,,,,
1992-12-11 09:00:00,1019.0,1022.5,16.2,8.9,62.0,6.9,67.5,,,0.0,0.0,0.0,,,,,,,,,10.0,,,,,,,,,,,,,,,,,,,,,,,,12.0,,,,,,,,,
1992-12-11 10:00:00,,,,,,,,,,0.0,,,,,,,,,,,,,,,,,,,,,,,,,,,,,,,,,,,,,,,,,,,,
1992-12-11 11:00:00,1017.8,1021.3,18.1,10.0,59.0,7.6,67.5,,,0.0,0.0,0.9,,,,,,,,,4.0,,,,,,,,,,,,,,,,,,,,,,,,12.0,,,,,,,,,
1992-12-11 12:00:00,,,,,,,,,,0.0,,,,,,,,,,,,,,,,,,,,,,,,,,,,,,,,,,,,,,,,,,,,
1992-12-11 13:00:00,,,,,,,,,,0.0,,,,,,,,,,,,,,,,,,,,,,,,,,,,,,,,,,,,,,,,,,,,
1992-12-11 14:00:00,1016.9,1020.3,19.1,10.3,57.0,7.1,45.0,,,0.0,0.0,1.0,,20.1,19.5,20.0,20.2,,,,2.0,,,,,,,,,,,,,,,,,,,,,20.7,,,12.0,,,,,,,,,
1992-12-11 15:00:00,,,,,,,,,,0.0,,,,,,,,,,,,,,,,,,,,,,,,,,,,,,,,,,,,,,,,,,,,
1992-12-11 16:00:00,,,,,,,,,,0.0,,,,,,,,,,,,,,,,,,,,,,,,,,,,,,,,,,,,,,,,,,,,
1992-12-11 17:00:00,1016.8,1020.3,15.9,9.5,66.0,6.6,45.0,,,0.0,0.0,0.2,,,,,,,,,0.0,,,,,,,,,,,,,,,,,,,,,,,,12.0,,,,,,,,,
1992-12-11 18:00:00,,,,,,,,,,0.0,,,,,,,,,,,,,,,,,,,,,,,,,,,,,,,,,,,,,,,,,,,,
1992-12-11 19:00:00,,,,,,,,,,0.0,,,,,,,,,,,,,,,,,,,,,,,,,,,,,,,,,,,,,,,,,,,,
1992-12-11 20:00:00,1016.8,1020.3,15.0,9.6,70.0,3.6,67.5,,,0.0,0.0,,,,,,,,,,0.0,,,,,,,,,,,,,,,,,,,,,,,,12.0,,,,,,,,,
1992-12-11 21:00:00,1016.5,1020.0,14.8,9.6,71.0,2.6,67.5,,,0.0,0.0,,,16.8,18.5,19.6,20.1,,,,0.0,,,,,,,,,,,,,,,,,,,,,20.5,,,15.0,,,,,,,,,
1992-12-11 22:00:00,,,,,,,,,,0.0,,,,,,,,,,,,,,,,,,,,,,,,,,,,,,,,,,,,,,,,,,,,
1992-12-11 23:00:00,1016.6,1020.1,13.8,9.6,76.0,1.8,45.0,,,0.0,0.0,,,,,,,,,,0.0,,,,,,,,,,,,,,,,,,,,,,,,15.0,,,,,,,,,
1992-12-12 00:00:00,,,,,,,,,,0.0,,,,,,,,,,,,,,,,,,,,,,,,,,,,,,,,,,,,,,,,,,,,
1992-12-12 01:00:00,,,,,,,,,,0.0,,,,,,,,,,,,,,,,,,,,,,,,,,,,,,,,,,,,,,,,,,,,
1992-12-12 02:00:00,1014.5,1018.0,12.6,9.7,82.0,0.5,157.5,,,0.0,0.0,,,,,,,,,,0.0,,,,,,,,,,,,,,,,,,,,,,,,12.0,,,,,,,,,
1992-12-12 03:00:00,,,,,,,,,,0.0,,,,,,,,,,,,,,,,,,,,,,,,,,,,,,,,,,,,,,,,,,,,
1992-12-12 04:00:00,,,,,,,,,,0.0,,,,,,,,,,,,,,,,,,,,,,,,,,,,,,,,,,,,,,,,,,,,
1992-12-12 05:00:00,1014.3,1017.8,12.6,10.4,86.0,1.9,135.0,,,0.0,0.0,,,16.2,17.8,18.9,19.5,,,,10.0,,,,,,,,,,,,,,,,,,,,,20.1,,,12.0,,,,,,,,,
1992-12-12 06:00:00,,,,,,,,,,0.0,,,,,,,,,,,,,,,,,,,,,,,,,,,,,,,,,,,,,,,,,,,,
1992-12-12 07:00:00,,,,,,,,,,0.0,,,,,,,,,,,,,,,,,,,,,,,,,,,,,,,,,,,,,,,,,,,,
1992-12-12 08:00:00,1016.0,1019.5,14.9,11.7,81.0,1.8,157.5,,,0.0,0.0,0.0,,,,,,,,,10.0,,,,,,,,,,,,,,,,,,,,,,,,10.0,,,,,,,,,
1992-12-12 09:00:00,1016.8,1020.3,15.9,12.2,79.0,1.0,135.0,,,0.0,0.0,0.0,,,,,,,,,10.0,,,,,,,,,,,,,,,,,,,,,,,,8.0,,,,,,,,,
1992-12-12 10:00:00,,,,,,,,,,0.1,,,,,,,,,,,,,,,,,,,,,,,,,,,,,,,,,,,,,,,,,,,,
1992-12-12 11:00:00,1016.8,1020.3,16.7,13.7,82.0,4.0,360.0,,,0.0,0.0,0.0,,,,,,,,,10.0,,,,,,,,,,,,,,,,,,,,,,,,8.0,,,,,,,,,
1992-12-12 12:00:00,,,,,,,,,,0.3,,,,,,,,,,,,,,,,,,,,,,,,,,,,,,,,,,,,,,,,,,,,
1992-12-12 13:00:00,,,,,,,,,,0.0,,,,,,,,,,,,,,,,,,,,,,,,,,,,,,,,,,,,,,,,,,,,
1992-12-12 14:00:00,1014.2,1017.7,17.1,14.5,85.0,1.6,315.0,,,0.0,0.0,0.0,,19.5,18.7,19.1,19.3,,,,10.0,,,,,,,,,,,,,,,,,,,,,19.9,,,8.0,,,,,,,,,
1992-12-12 15:00:00,,,,,,,,,,0.0,,,,,,,,,,,,,,,,,,,,,,,,,,,,,,,,,,,,,,,,,,,,
1992-12-12 16:00:00,,,,,,,,,,0.0,,,,,,,,,,,,,,,,,,,,,,,,,,,,,,,,,,,,,,,,,,,,
1992-12-12 17:00:00,1014.4,1017.9,16.9,14.0,83.0,0.5,292.5,,,0.0,0.0,0.0,,,,,,,,,6.0,,,,,,,,,,,,,,,,,,,,,,,,8.0,,,,,,,,,
1992-12-12 18:00:00,,,,,,,,,,0.0,,,,,,,,,,,,,,,,,,,,,,,,,,,,,,,,,,,,,,,,,,,,
1992-12-12 19:00:00,,,,,,,,,,0.0,,,,,,,,,,,,,,,,,,,,,,,,,,,,,,,,,,,,,,,,,,,,
1992-12-12 20:00:00,1015.0,1018.5,15.7,13.6,87.0,1.9,45.0,,,0.0,0.0,,,,,,,,,,8.0,,,,,,,,,,,,,,,,,,,,,,,,5.0,,,,,,,,,
1992-12-12 21:00:00,1015.2,1018.7,15.0,13.3,90.0,0.1,0.0,,,0.0,0.0,,,18.2,18.5,19.3,19.5,,,,0.0,,,,,,,,,,,,,,,,,,,,,19.9,,,3.0,,,,,,,,,
1992-12-12 22:00:00,,,,,,,,,,0.0,,,,,,,,,,,,,,,,,,,,,,,,,,,,,,,,,,,,,,,,,,,,
1992-12-12 23:00:00,1014.5,1018.0,14.3,12.8,91.0,1.4,135.0,,,0.0,0.0,,,,,,,,,,0.0,,,,,,,,,,,,,,,,,,,,,,,,3.0,,,,,,,,,
1992-12-13 00:00:00,,,,,,,,,,0.0,,,,,,,,,,,,,,,,,,,,,,,,,,,,,,,,,,,,,,,,,,,,
1992-12-13 01:00:00,,,,,,,,,,0.0,,,,,,,,,,,,,,,,,,,,,,,,,,,,,,,,,,,,,,,,,,,,
1992-12-13 02:00:00,1013.8,1017.3,12.8,11.4,91.0,2.5,67.5,,,0.0,0.0,,,,,,,,,,0.0,,,,,,,,,,,,,,,,,,,,,,,,3.0,,,,,,,,,
1992-12-13 03:00:00,,,,,,,,,,0.0,,,,,,,,,,,,,,,,,,,,,,,,,,,,,,,,,,,,,,,,,,,,
1992-12-13 04:00:00,,,,,,,,,,0.0,,,,,,,,,,,,,,,,,,,,,,,,,,,,,,,,,,,,,,,,,,,,
1992-12-13 05:00:00,1014.5,1018.0,12.4,10.7,89.0,1.5,112.5,,,0.0,0.0,,,15.8,17.6,18.7,19.1,,,,0.0,,,,,,,,,,,,,,,,,,,,,19.6,,,4.0,,,,,,,,,
1992-12-13 06:00:00,,,,,,,,,,0.0,,,,,,,,,,,,,,,,,,,,,,,,,,,,,,,,,,,,,,,,,,,,
1992-12-13 07:00:00,,,,,,,,,,0.0,,,,,,,,,,,,,,,,,,,,,,,,,,,,,,,,,,,,,,,,,,,,
1992-12-13 08:00:00,1016.8,1020.3,14.2,11.9,86.0,0.6,22.5,,,0.0,0.0,0.7,,,,,,,,,0.0,,,,,,,,,,,,,,,,,,,,,,,,10.0,,,,,,,,,
1992-12-13 09:00:00,1017.0,1020.5,16.9,12.7,76.0,1.0,22.5,,,0.0,0.0,1.0,,,,,,,,,0.0,,,,,,,,,,,,,,,,,,,,,,,,10.0,,,,,,,,,
1992-12-13 10:00:00,,,,,,,,,,0.0,,,,,,,,,,,,,,,,,,,,,,,,,,,,,,,,,,,,,,,,,,,,
1992-12-13 11:00:00,1015.8,1019.2,22.2,14.1,60.0,3.8,22.5,,,0.0,0.0,1.0,,,,,,,,,0.0,,,,,,,,,,,,,,,,,,,,,,,,12.0,,,,,,,,,
1992-12-13 12:00:00,,,,,,,,,,0.0,,,,,,,,,,,,,,,,,,,,,,,,,,,,,,,,,,,,,,,,,,,,
1992-12-13 13:00:00,,,,,,,,,,0.0,,,,,,,,,,,,,,,,,,,,,,,,,,,,,,,,,,,,,,,,,,,,
1992-12-13 14:00:00,1013.1,1016.5,23.0,15.6,63.0,4.5,22.5,,,0.0,0.0,0.8,,21.8,19.7,19.7,19.4,,,,7.0,,,,,,,,,,,,,,,,,,,,,19.7,,,12.0,,,,,,,,,
1992-12-13 15:00:00,,,,,,,,,,0.0,,,,,,,,,,,,,,,,,,,,,,,,,,,,,,,,,,,,,,,,,,,,
1992-12-13 16:00:00,,,,,,,,,,0.0,,,,,,,,,,,,,,,,,,,,,,,,,,,,,,,,,,,,,,,,,,,,
1992-12-13 17:00:00,1013.3,1016.7,19.9,15.4,75.0,3.5,45.0,,,0.0,0.0,0.0,,,,,,,,,9.0,,,,,,,,,,,,,,,,,,,,,,,,8.0,,,,,,,,,
1992-12-13 18:00:00,,,,,,,,,,0.0,,,,,,,,,,,,,,,,,,,,,,,,,,,,,,,,,,,,,,,,,,,,
1992-12-13 19:00:00,,,,,,,,,,0.0,,,,,,,,,,,,,,,,,,,,,,,,,,,,,,,,,,,,,,,,,,,,
1992-12-13 20:00:00,1014.4,1017.8,18.6,14.5,77.0,0.4,135.0,,,0.0,0.0,,,,,,,,,,6.0,,,,,,,,,,,,,,,,,,,,,,,,8.0,,,,,,,,,
1992-12-13 21:00:00,1014.4,1017.9,17.6,14.3,81.0,1.6,22.5,,,0.0,0.0,,,18.0,18.8,19.7,19.7,,,,1.0,,,,,,,,,,,,,,,,,,,,,19.9,,,10.0,,,,,,,,,
1992-12-13 22:00:00,,,,,,,,,,0.0,,,,,,,,,,,,,,,,,,,,,,,,,,,,,,,,,,,,,,,,,,,,
1992-12-13 23:00:00,1014.5,1018.0,17.6,13.9,79.0,2.7,67.5,,,0.0,0.0,,,,,,,,,,0.0,,,,,,,,,,,,,,,,,,,,,,,,10.0,,,,,,,,,
1992-12-14 00:00:00,,,,,,,,,,0.0,,,,,,,,,,,,,,,,,,,,,,,,,,,,,,,,,,,,,,,,,,,,
1992-12-14 01:00:00,,,,,,,,,,0.0,,,,,,,,,,,,,,,,,,,,,,,,,,,,,,,,,,,,,,,,,,,,
1992-12-14 02:00:00,1013.6,1017.1,17.4,14.2,81.0,3.0,45.0,,,0.0,0.0,,,,,,,,,,9.0,,,,,,,,,,,,,,,,,,,,,,,,10.0,,,,,,,,,
1992-12-14 03:00:00,,,,,,,,,,0.0,,,,,,,,,,,,,,,,,,,,,,,,,,,,,,,,,,,,,,,,,,,,
1992-12-14 04:00:00,,,,,,,,,,0.0,,,,,,,,,,,,,,,,,,,,,,,,,,,,,,,,,,,,,,,,,,,,
1992-12-14 05:00:00,1014.4,1017.8,18.0,14.4,79.0,4.0,45.0,,,0.0,0.0,,,18.0,18.5,19.0,19.5,,,,7.0,,,,,,,,,,,,,,,,,,,,,19.8,,,10.0,,,,,,,,,
1992-12-14 06:00:00,,,,,,,,,,0.0,,,,,,,,,,,,,,,,,,,,,,,,,,,,,,,,,,,,,,,,,,,,
1992-12-14 07:00:00,,,,,,,,,,0.0,,,,,,,,,,,,,,,,,,,,,,,,,,,,,,,,,,,,,,,,,,,,
1992-12-14 08:00:00,1016.1,1019.6,17.9,14.8,82.0,5.3,45.0,,,0.0,0.0,0.0,,,,,,,,,10.0,,,,,,,,,,,,,,,,,,,,,,,,8.0,,,,,,,,,
1992-12-14 09:00:00,1015.6,1019.0,19.3,14.9,76.0,6.1,67.5,,,0.0,0.0,0.1,,,,,,,,,9.0,,,,,,,,,,,,,,,,,,,,,,,,12.0,,,,,,,,,
1992-12-14 10:00:00,,,,,,,,,,0.0,,,,,,,,,,,,,,,,,,,,,,,,,,,,,,,,,,,,,,,,,,,,
1992-12-14 11:00:00,1015.0,1018.4,19.9,14.0,69.0,9.1,45.0,,,0.0,0.0,0.5,,,,,,,,,9.0,,,,,,,,,,,,,,,,,,,,,,,,15.0,,,,,,,,,
1992-12-14 12:00:00,,,,,,,,,,0.0,,,,,,,,,,,,,,,,,,,,,,,,,,,,,,,,,,,,,,,,,,,,
1992-12-14 13:00:00,,,,,,,,,,0.0,,,,,,,,,,,,,,,,,,,,,,,,,,,,,,,,,,,,,,,,,,,,
1992-12-14 14:00:00,1015.1,1018.5,18.1,13.3,74.0,8.7,22.5,,,0.0,0.0,0.1,,20.6,19.6,19.8,19.7,,,,9.0,,,,,,,,,,,,,,,,,,,,,20.0,,,15.0,,,,,,,,,
1992-12-14 15:00:00,,,,,,,,,,0.0,,,,,,,,,,,,,,,,,,,,,,,,,,,,,,,,,,,,,,,,,,,,
1992-12-14 16:00:00,,,,,,,,,,0.0,,,,,,,,,,,,,,,,,,,,,,,,,,,,,,,,,,,,,,,,,,,,
1992-12-14 17:00:00,1017.1,1020.6,15.3,12.4,83.0,7.9,45.0,,,0.0,0.0,0.0,,,,,,,,,10.0,,,,,,,,,,,,,,,,,,,,,,,,10.0,,,,,,,,,
1992-12-14 18:00:00,,,,,,,,,,0.0,,,,,,,,,,,,,,,,,,,,,,,,,,,,,,,,,,,,,,,,,,,,
1992-12-14 19:00:00,,,,,,,,,,0.0,,,,,,,,,,,,,,,,,,,,,,,,,,,,,,,,,,,,,,,,,,,,
1992-12-14 20:00:00,1018.8,1022.3,15.2,11.7,80.0,8.4,45.0,,,0.0,0.0,,,,,,,,,,10.0,,,,,,,,,,,,,,,,,,,,,,,,10.0,,,,,,,,,
1992-12-14 21:00:00,1018.4,1021.9,15.1,11.2,78.0,8.0,45.0,,,0.0,0.0,,,17.3,18.5,18.8,19.6,,,,10.0,,,,,,,,,,,,,,,,,,,,,20.0,,,10.0,,,,,,,,,
1992-12-14 22:00:00,,,,,,,,,,0.0,,,,,,,,,,,,,,,,,,,,,,,,,,,,,,,,,,,,,,,,,,,,
1992-12-14 23:00:00,1018.6,1022.1,14.6,11.6,82.0,9.1,45.0,,,0.0,0.0,,,,,,,,,,10.0,,,,,,,,,,,,,,,,,,,,,,,,10.0,,,,,,,,,
1992-12-15 00:00:00,,,,,,,,,,0.0,,,,,,,,,,,,,,,,,,,,,,,,,,,,,,,,,,,,,,,,,,,,
1992-12-15 01:00:00,,,,,,,,,,0.0,,,,,,,,,,,,,,,,,,,,,,,,,,,,,,,,,,,,,,,,,,,,
1992-12-15 02:00:00,1017.7,1021.2,14.2,11.2,82.0,8.9,45.0,,,0.0,0.0,,,,,,,,,,10.0,,,,,,,,,,,,,,,,,,,,,,,,10.0,,,,,,,,,
1992-12-15 03:00:00,,,,,,,,,,0.0,,,,,,,,,,,,,,,,,,,,,,,,,,,,,,,,,,,,,,,,,,,,
1992-12-15 04:00:00,,,,,,,,,,0.0,,,,,,,,,,,,,,,,,,,,,,,,,,,,,,,,,,,,,,,,,,,,
1992-12-15 05:00:00,1018.1,1021.6,14.3,11.3,82.0,7.6,45.0,,,0.0,0.0,,,16.6,17.8,18.8,19.2,,,,10.0,,,,,,,,,,,,,,,,,,,,,19.8,,,10.0,,,,,,,,,
1992-12-15 06:00:00,,,,,,,,,,0.0,,,,,,,,,,,,,,,,,,,,,,,,,,,,,,,,,,,,,,,,,,,,
1992-12-15 07:00:00,,,,,,,,,,0.0,,,,,,,,,,,,,,,,,,,,,,,,,,,,,,,,,,,,,,,,,,,,
1992-12-15 08:00:00,1019.3,1022.8,14.3,11.3,82.0,7.8,45.0,,,0.0,0.0,0.0,,,,,,,,,10.0,,,,,,,,,,,,,,,,,,,,,,,,15.0,,,,,,,,,
1992-12-15 09:00:00,1019.2,1022.7,14.6,11.6,82.0,7.8,45.0,,,0.0,0.0,0.0,,,,,,,,,10.0,,,,,,,,,,,,,,,,,,,,,,,,12.0,,,,,,,,,
1992-12-15 10:00:00,,,,,,,,,,0.0,,,,,,,,,,,,,,,,,,,,,,,,,,,,,,,,,,,,,,,,,,,,
1992-12-15 11:00:00,1019.0,1022.5,14.4,11.8,84.0,6.4,45.0,,,0.0,0.0,0.0,,,,,,,,,10.0,,,,,,,,,,,,,,,,,,,,,,,,12.0,,,,,,,,,
1992-12-15 12:00:00,,,,,,,,,,0.0,,,,,,,,,,,,,,,,,,,,,,,,,,,,,,,,,,,,,,,,,,,,
1992-12-15 13:00:00,,,,,,,,,,0.6,,,,,,,,,,,,,,,,,,,,,,,,,,,,,,,,,,,,,,,,,,,,
1992-12-15 14:00:00,1017.5,1021.0,13.8,11.8,88.0,5.8,45.0,,,0.1,1.0,0.0,,16.4,17.6,18.5,19.0,,,,10.0,,,,,,,,,,,,,,,,,,,,,19.6,,,12.0,,,,,,,,,
1992-12-15 15:00:00,,,,,,,,,,-9.8,,,,,,,,,,,,,,,,,,,,,,,,,,,,,,,,,,,,,,,,,,,,
1992-12-15 16:00:00,,,,,,,,,,0.1,,,,,,,,,,,,,,,,,,,,,,,,,,,,,,,,,,,,,,,,,,,,
1992-12-15 17:00:00,1018.4,1021.9,14.1,12.2,88.0,5.5,45.0,,,-9.8,0.2,0.0,,,,,,,,,10.0,,,,,,,,,,,,,,,,,,,,,,,,12.0,,,,,,,,,
1992-12-15 18:00:00,,,,,,,,,,0.0,,,,,,,,,,,,,,,,,,,,,,,,,,,,,,,,,,,,,,,,,,,,
1992-12-15 19:00:00,,,,,,,,,,0.0,,,,,,,,,,,,,,,,,,,,,,,,,,,,,,,,,,,,,,,,,,,,
1992-12-15 20:00:00,1019.8,1023.3,13.6,11.6,88.0,7.6,45.0,,,0.0,0.0,,,,,,,,,,10.0,,,,,,,,,,,,,,,,,,,,,,,,10.0,,,,,,,,,
1992-12-15 21:00:00,1020.2,1023.7,13.7,11.7,88.0,6.5,45.0,,,-9.8,0.5,,,15.9,17.4,18.2,18.7,,,,10.0,,,,,,,,,,,,,,,,,,,,,19.3,,,10.0,,,,,,,,,
1992-12-15 22:00:00,,,,,,,,,,-9.8,,,,,,,,,,,,,,,,,,,,,,,,,,,,,,,,,,,,,,,,,,,,
1992-12-15 23:00:00,1020.7,1024.2,13.1,11.1,88.0,6.0,45.0,,,0.0,0.0,,,,,,,,,,10.0,,,,,,,,,,,,,,,,,,,,,,,,12.0,,,,,,,,,
1992-12-16 00:00:00,,,,,,,,,,0.0,,,,,,,,,,,,,,,,,,,,,,,,,,,,,,,,,,,,,,,,,,,,
1992-12-16 01:00:00,,,,,,,,,,0.0,,,,,,,,,,,,,,,,,,,,,,,,,,,,,,,,,,,,,,,,,,,,
1992-12-16 02:00:00,1019.1,1022.6,13.1,10.8,86.0,6.6,45.0,,,0.0,0.0,,,,,,,,,,10.0,,,,,,,,,,,,,,,,,,,,,,,,12.0,,,,,,,,,
1992-12-16 03:00:00,,,,,,,,,,0.0,,,,,,,,,,,,,,,,,,,,,,,,,,,,,,,,,,,,,,,,,,,,
1992-12-16 04:00:00,,,,,,,,,,0.0,,,,,,,,,,,,,,,,,,,,,,,,,,,,,,,,,,,,,,,,,,,,
1992-12-16 05:00:00,1018.9,1022.4,13.1,10.4,84.0,4.6,45.0,,,0.0,0.0,,,15.4,16.9,17.8,18.5,,,,10.0,,,,,,,,,,,,,,,,,,,,,18.8,,,12.0,,,,,,,,,
1992-12-16 06:00:00,,,,,,,,,,0.0,,,,,,,,,,,,,,,,,,,,,,,,,,,,,,,,,,,,,,,,,,,,
1992-12-16 07:00:00,,,,,,,,,,0.0,,,,,,,,,,,,,,,,,,,,,,,,,,,,,,,,,,,,,,,,,,,,
1992-12-16 08:00:00,1020.2,1023.7,14.1,9.9,76.0,6.5,45.0,,,0.0,0.0,0.1,,,,,,,,,6.0,,,,,,,,,,,,,,,,,,,,,,,,15.0,,,,,,,,,
1992-12-16 09:00:00,1020.9,1024.4,14.7,9.9,73.0,7.6,45.0,,,0.0,0.0,0.1,,,,,,,,,9.0,,,,,,,,,,,,,,,,,,,,,,,,12.0,,,,,,,,,
1992-12-16 10:00:00,,,,,,,,,,0.0,,,,,,,,,,,,,,,,,,,,,,,,,,,,,,,,,,,,,,,,,,,,
1992-12-16 11:00:00,1020.0,1023.5,16.1,10.5,69.0,7.9,45.0,,,0.0,0.0,0.4,,,,,,,,,7.0,,,,,,,,,,,,,,,,,,,,,,,,12.0,,,,,,,,,
1992-12-16 12:00:00,,,,,,,,,,0.0,,,,,,,,,,,,,,,,,,,,,,,,,,,,,,,,,,,,,,,,,,,,
1992-12-16 13:00:00,,,,,,,,,,0.0,,,,,,,,,,,,,,,,,,,,,,,,,,,,,,,,,,,,,,,,,,,,
1992-12-16 14:00:00,1018.2,1021.7,16.0,10.8,71.0,6.2,45.0,,,0.0,0.0,0.0,,17.9,17.5,18.1,18.3,,,,9.0,,,,,,,,,,,,,,,,,,,,,19.0,,,12.0,,,,,,,,,
1992-12-16 15:00:00,,,,,,,,,,0.0,,,,,,,,,,,,,,,,,,,,,,,,,,,,,,,,,,,,,,,,,,,,
1992-12-16 16:00:00,,,,,,,,,,0.0,,,,,,,,,,,,,,,,,,,,,,,,,,,,,,,,,,,,,,,,,,,,
1992-12-16 17:00:00,1018.5,1022.0,15.2,10.9,75.0,4.9,45.0,,,0.0,0.0,0.0,,,,,,,,,9.0,,,,,,,,,,,,,,,,,,,,,,,,12.0,,,,,,,,,
1992-12-16 18:00:00,,,,,,,,,,0.0,,,,,,,,,,,,,,,,,,,,,,,,,,,,,,,,,,,,,,,,,,,,
1992-12-16 19:00:00,,,,,,,,,,0.0,,,,,,,,,,,,,,,,,,,,,,,,,,,,,,,,,,,,,,,,,,,,
1992-12-16 20:00:00,1019.1,1022.6,14.4,11.0,80.0,2.5,45.0,,,0.0,0.0,,,,,,,,,,2.0,,,,,,,,,,,,,,,,,,,,,,,,12.0,,,,,,,,,
1992-12-16 21:00:00,1019.0,1022.5,14.4,11.0,80.0,5.8,45.0,,,0.0,0.0,,,15.7,17.0,18.0,18.3,,,,2.0,,,,,,,,,,,,,,,,,,,,,18.9,,,12.0,,,,,,,,,
1992-12-16 22:00:00,,,,,,,,,,0.0,,,,,,,,,,,,,,,,,,,,,,,,,,,,,,,,,,,,,,,,,,,,
1992-12-16 23:00:00,1018.5,1022.0,14.2,10.9,81.0,5.7,45.0,,,0.0,0.0,,,,,,,,,,0.0,,,,,,,,,,,,,,,,,,,,,,,,12.0,,,,,,,,,
1992-12-17 00:00:00,,,,,,,,,,0.0,,,,,,,,,,,,,,,,,,,,,,,,,,,,,,,,,,,,,,,,,,,,
1992-12-17 01:00:00,,,,,,,,,,0.0,,,,,,,,,,,,,,,,,,,,,,,,,,,,,,,,,,,,,,,,,,,,
1992-12-17 02:00:00,1017.8,1021.3,14.1,9.7,75.0,1.7,112.5,,,0.0,0.0,,,,,,,,,,0.0,,,,,,,,,,,,,,,,,,,,,,,,12.0,,,,,,,,,
1992-12-17 03:00:00,,,,,,,,,,0.0,,,,,,,,,,,,,,,,,,,,,,,,,,,,,,,,,,,,,,,,,,,,
1992-12-17 04:00:00,,,,,,,,,,0.0,,,,,,,,,,,,,,,,,,,,,,,,,,,,,,,,,,,,,,,,,,,,
1992-12-17 05:00:00,1017.6,1021.1,10.8,8.8,87.0,0.3,157.5,,,0.0,0.0,,,14.2,16.4,17.4,18.0,,,,0.0,,,,,,,,,,,,,,,,,,,,,18.8,,,15.0,,,,,,,,,
1992-12-17 06:00:00,,,,,,,,,,0.0,,,,,,,,,,,,,,,,,,,,,,,,,,,,,,,,,,,,,,,,,,,,
1992-12-17 07:00:00,,,,,,,,,,0.0,,,,,,,,,,,,,,,,,,,,,,,,,,,,,,,,,,,,,,,,,,,,
1992-12-17 08:00:00,1019.3,1022.8,15.5,11.1,75.0,1.1,157.5,,,0.0,0.0,0.9,,,,,,,,,0.0,,,,,,,,,,,,,,,,,,,,,,,,15.0,,,,,,,,,
1992-12-17 09:00:00,1019.5,1023.0,18.7,11.4,62.0,2.9,90.0,,,0.0,0.0,1.0,,,,,,,,,0.0,,,,,,,,,,,,,,,,,,,,,,,,15.0,,,,,,,,,
1992-12-17 10:00:00,,,,,,,,,,0.0,,,,,,,,,,,,,,,,,,,,,,,,,,,,,,,,,,,,,,,,,,,,
1992-12-17 11:00:00,1018.2,1021.6,22.5,11.8,51.0,3.7,90.0,,,0.0,0.0,1.0,,,,,,,,,0.0,,,,,,,,,,,,,,,,,,,,,,,,15.0,,,,,,,,,
1992-12-17 12:00:00,,,,,,,,,,0.0,,,,,,,,,,,,,,,,,,,,,,,,,,,,,,,,,,,,,,,,,,,,
1992-12-17 13:00:00,,,,,,,,,,0.0,,,,,,,,,,,,,,,,,,,,,,,,,,,,,,,,,,,,,,,,,,,,
1992-12-17 14:00:00,1015.9,1019.3,24.4,11.3,44.0,2.9,22.5,,,0.0,0.0,1.0,,21.5,18.8,18.7,18.3,,,,1.0,,,,,,,,,,,,,,,,,,,,,18.8,,,15.0,,,,,,,,,
1992-12-17 15:00:00,,,,,,,,,,0.0,,,,,,,,,,,,,,,,,,,,,,,,,,,,,,,,,,,,,,,,,,,,
1992-12-17 16:00:00,,,,,,,,,,0.0,,,,,,,,,,,,,,,,,,,,,,,,,,,,,,,,,,,,,,,,,,,,
1992-12-17 17:00:00,1016.5,1019.9,21.2,11.3,53.0,2.5,90.0,,,0.0,0.0,0.5,,,,,,,,,2.0,,,,,,,,,,,,,,,,,,,,,,,,15.0,,,,,,,,,
1992-12-17 18:00:00,,,,,,,,,,0.0,,,,,,,,,,,,,,,,,,,,,,,,,,,,,,,,,,,,,,,,,,,,
1992-12-17 19:00:00,,,,,,,,,,0.0,,,,,,,,,,,,,,,,,,,,,,,,,,,,,,,,,,,,,,,,,,,,
1992-12-17 20:00:00,1018.8,1022.3,17.2,11.5,69.0,1.8,112.5,,,0.0,0.0,,,,,,,,,,0.0,,,,,,,,,,,,,,,,,,,,,,,,15.0,,,,,,,,,
1992-12-17 21:00:00,1019.0,1022.5,16.5,11.6,73.0,2.1,90.0,,,0.0,0.0,,,17.1,18.0,18.8,18.9,,,,2.0,,,,,,,,,,,,,,,,,,,,,19.0,,,15.0,,,,,,,,,
1992-12-17 22:00:00,,,,,,,,,,0.0,,,,,,,,,,,,,,,,,,,,,,,,,,,,,,,,,,,,,,,,,,,,
1992-12-17 23:00:00,1018.9,1022.4,14.3,11.3,82.0,0.9,45.0,,,0.0,0.0,,,,,,,,,,3.0,,,,,,,,,,,,,,,,,,,,,,,,12.0,,,,,,,,,
1992-12-18 00:00:00,,,,,,,,,,0.0,,,,,,,,,,,,,,,,,,,,,,,,,,,,,,,,,,,,,,,,,,,,
1992-12-18 01:00:00,,,,,,,,,,0.0,,,,,,,,,,,,,,,,,,,,,,,,,,,,,,,,,,,,,,,,,,,,
1992-12-18 02:00:00,1018.4,1021.9,13.1,10.7,85.0,0.0,0.0,,,0.0,0.0,,,,,,,,,,4.0,,,,,,,,,,,,,,,,,,,,,,,,12.0,,,,,,,,,
1992-12-18 03:00:00,,,,,,,,,,0.0,,,,,,,,,,,,,,,,,,,,,,,,,,,,,,,,,,,,,,,,,,,,
1992-12-18 04:00:00,,,,,,,,,,0.0,,,,,,,,,,,,,,,,,,,,,,,,,,,,,,,,,,,,,,,,,,,,
1992-12-18 05:00:00,1018.2,1021.7,12.1,10.1,88.0,1.4,67.5,,,0.0,0.0,,,15.5,17.0,18.0,18.5,,,,1.0,,,,,,,,,,,,,,,,,,,,,19.0,,,10.0,,,,,,,,,
1992-12-18 06:00:00,,,,,,,,,,0.0,,,,,,,,,,,,,,,,,,,,,,,,,,,,,,,,,,,,,,,,,,,,
1992-12-18 07:00:00,,,,,,,,,,0.0,,,,,,,,,,,,,,,,,,,,,,,,,,,,,,,,,,,,,,,,,,,,
1992-12-18 08:00:00,1019.3,1022.8,15.4,12.1,81.0,0.1,0.0,,,0.0,0.0,1.0,,,,,,,,,2.0,,,,,,,,,,,,,,,,,,,,,,,,15.0,,,,,,,,,
1992-12-18 09:00:00,1019.7,1023.1,20.3,13.5,65.0,2.0,90.0,,,0.0,0.0,1.0,,,,,,,,,2.0,,,,,,,,,,,,,,,,,,,,,,,,18.0,,,,,,,,,
1992-12-18 10:00:00,,,,,,,,,,0.0,,,,,,,,,,,,,,,,,,,,,,,,,,,,,,,,,,,,,,,,,,,,
1992-12-18 11:00:00,1018.6,1022.0,24.5,13.4,50.0,0.7,22.5,,,0.0,0.0,1.0,,,,,,,,,0.0,,,,,,,,,,,,,,,,,,,,,,,,18.0,,,,,,,,,
1992-12-18 12:00:00,,,,,,,,,,0.0,,,,,,,,,,,,,,,,,,,,,,,,,,,,,,,,,,,,,,,,,,,,
1992-12-18 13:00:00,,,,,,,,,,0.0,,,,,,,,,,,,,,,,,,,,,,,,,,,,,,,,,,,,,,,,,,,,
1992-12-18 14:00:00,1015.6,1019.0,26.7,13.5,44.0,3.4,22.5,,,0.0,0.0,1.0,,22.9,19.4,19.3,18.8,,,,3.0,,,,,,,,,,,,,,,,,,,,,19.1,,,18.0,,,,,,,,,
1992-12-18 15:00:00,,,,,,,,,,0.0,,,,,,,,,,,,,,,,,,,,,,,,,,,,,,,,,,,,,,,,,,,,
1992-12-18 16:00:00,,,,,,,,,,0.0,,,,,,,,,,,,,,,,,,,,,,,,,,,,,,,,,,,,,,,,,,,,
1992-12-18 17:00:00,1016.1,1019.5,23.2,13.2,53.0,2.4,45.0,,,0.0,0.0,0.8,,,,,,,,,6.0,,,,,,,,,,,,,,,,,,,,,,,,15.0,,,,,,,,,
1992-12-18 18:00:00,,,,,,,,,,0.0,,,,,,,,,,,,,,,,,,,,,,,,,,,,,,,,,,,,,,,,,,,,
1992-12-18 19:00:00,,,,,,,,,,0.0,,,,,,,,,,,,,,,,,,,,,,,,,,,,,,,,,,,,,,,,,,,,
1992-12-18 20:00:00,1017.5,1020.9,20.7,13.6,64.0,1.4,135.0,,,0.0,0.0,,,,,,,,,,9.0,,,,,,,,,,,,,,,,,,,,,,,,12.0,,,,,,,,,
1992-12-18 21:00:00,1017.6,1021.0,19.8,13.9,69.0,0.5,67.5,,,0.0,0.0,,,18.9,18.8,19.5,19.4,,,,10.0,,,,,,,,,,,,,,,,,,,,,19.5,,,12.0,,,,,,,,,
1992-12-18 22:00:00,,,,,,,,,,0.0,,,,,,,,,,,,,,,,,,,,,,,,,,,,,,,,,,,,,,,,,,,,
1992-12-18 23:00:00,1017.4,1020.9,18.6,14.2,76.0,0.0,0.0,,,0.0,0.0,,,,,,,,,,6.0,,,,,,,,,,,,,,,,,,,,,,,,12.0,,,,,,,,,
1992-12-19 00:00:00,,,,,,,,,,0.0,,,,,,,,,,,,,,,,,,,,,,,,,,,,,,,,,,,,,,,,,,,,
1992-12-19 01:00:00,,,,,,,,,,0.0,,,,,,,,,,,,,,,,,,,,,,,,,,,,,,,,,,,,,,,,,,,,
1992-12-19 02:00:00,1017.0,1020.5,16.1,13.6,85.0,1.7,112.5,,,0.0,0.0,,,,,,,,,,3.0,,,,,,,,,,,,,,,,,,,,,,,,10.0,,,,,,,,,
1992-12-19 03:00:00,,,,,,,,,,0.0,,,,,,,,,,,,,,,,,,,,,,,,,,,,,,,,,,,,,,,,,,,,
1992-12-19 04:00:00,,,,,,,,,,0.0,,,,,,,,,,,,,,,,,,,,,,,,,,,,,,,,,,,,,,,,,,,,
1992-12-19 05:00:00,1017.4,1020.9,16.0,13.7,86.0,0.0,0.0,,,0.0,0.0,,,17.9,18.1,19.0,19.2,,,,10.0,,,,,,,,,,,,,,,,,,,,,19.5,,,10.0,,,,,,,,,
1992-12-19 06:00:00,,,,,,,,,,0.0,,,,,,,,,,,,,,,,,,,,,,,,,,,,,,,,,,,,,,,,,,,,
1992-12-19 07:00:00,,,,,,,,,,0.0,,,,,,,,,,,,,,,,,,,,,,,,,,,,,,,,,,,,,,,,,,,,
1992-12-19 08:00:00,1019.1,1022.6,16.9,14.0,83.0,1.2,112.5,,,0.0,0.0,0.0,,,,,,,,,10.0,,,,,,,,,,,,,,,,,,,,,,,,10.0,,,,,,,,,
1992-12-19 09:00:00,1019.5,1023.0,19.3,15.0,76.0,1.1,135.0,,,0.0,0.0,0.2,,,,,,,,,6.0,,,,,,,,,,,,,,,,,,,,,,,,10.0,,,,,,,,,
1992-12-19 10:00:00,,,,,,,,,,0.0,,,,,,,,,,,,,,,,,,,,,,,,,,,,,,,,,,,,,,,,,,,,
1992-12-19 11:00:00,1018.4,1021.8,21.6,16.5,73.0,3.0,315.0,,,0.0,0.0,0.7,,,,,,,,,5.0,,,,,,,,,,,,,,,,,,,,,,,,12.0,,,,,,,,,
1992-12-19 12:00:00,,,,,,,,,,0.0,,,,,,,,,,,,,,,,,,,,,,,,,,,,,,,,,,,,,,,,,,,,
1992-12-19 13:00:00,,,,,,,,,,0.0,,,,,,,,,,,,,,,,,,,,,,,,,,,,,,,,,,,,,,,,,,,,
1992-12-19 14:00:00,1014.9,1018.3,23.8,16.5,64.0,2.4,360.0,,,0.0,0.0,1.0,,23.6,20.5,20.1,19.6,,,,2.0,,,,,,,,,,,,,,,,,,,,,19.6,,,15.0,,,,,,,,,
1992-12-19 15:00:00,,,,,,,,,,0.0,,,,,,,,,,,,,,,,,,,,,,,,,,,,,,,,,,,,,,,,,,,,
1992-12-19 16:00:00,,,,,,,,,,0.0,,,,,,,,,,,,,,,,,,,,,,,,,,,,,,,,,,,,,,,,,,,,
1992-12-19 17:00:00,1015.0,1018.4,22.7,13.1,55.0,1.1,22.5,,,0.0,0.0,0.8,,,,,,,,,4.0,,,,,,,,,,,,,,,,,,,,,,,,12.0,,,,,,,,,
1992-12-19 18:00:00,,,,,,,,,,0.0,,,,,,,,,,,,,,,,,,,,,,,,,,,,,,,,,,,,,,,,,,,,
1992-12-19 19:00:00,,,,,,,,,,0.0,,,,,,,,,,,,,,,,,,,,,,,,,,,,,,,,,,,,,,,,,,,,
1992-12-19 20:00:00,1016.4,1019.9,16.8,12.9,78.0,0.9,90.0,,,0.0,0.0,,,,,,,,,,5.0,,,,,,,,,,,,,,,,,,,,,,,,10.0,,,,,,,,,
1992-12-19 21:00:00,1016.3,1019.8,18.2,13.2,73.0,1.7,112.5,,,0.0,0.0,,,17.8,19.0,19.8,19.9,,,,0.0,,,,,,,,,,,,,,,,,,,,,20.1,,,10.0,,,,,,,,,
1992-12-19 22:00:00,,,,,,,,,,0.0,,,,,,,,,,,,,,,,,,,,,,,,,,,,,,,,,,,,,,,,,,,,
1992-12-19 23:00:00,1016.2,1019.7,15.8,12.4,80.0,1.8,67.5,,,0.0,0.0,,,,,,,,,,0.0,,,,,,,,,,,,,,,,,,,,,,,,10.0,,,,,,,,,
1992-12-20 00:00:00,,,,,,,,,,0.0,,,,,,,,,,,,,,,,,,,,,,,,,,,,,,,,,,,,,,,,,,,,
1992-12-20 01:00:00,,,,,,,,,,0.0,,,,,,,,,,,,,,,,,,,,,,,,,,,,,,,,,,,,,,,,,,,,
1992-12-20 02:00:00,1015.4,1018.9,14.3,11.3,82.0,1.4,90.0,,,0.0,0.0,,,,,,,,,,0.0,,,,,,,,,,,,,,,,,,,,,,,,10.0,,,,,,,,,
1992-12-20 03:00:00,,,,,,,,,,0.0,,,,,,,,,,,,,,,,,,,,,,,,,,,,,,,,,,,,,,,,,,,,
1992-12-20 04:00:00,,,,,,,,,,0.0,,,,,,,,,,,,,,,,,,,,,,,,,,,,,,,,,,,,,,,,,,,,
1992-12-20 05:00:00,1015.3,1018.8,15.2,11.3,78.0,1.1,112.5,,,0.0,0.0,,,17.3,18.3,19.0,19.5,,,,8.0,,,,,,,,,,,,,,,,,,,,,19.8,,,12.0,,,,,,,,,
1992-12-20 06:00:00,,,,,,,,,,0.0,,,,,,,,,,,,,,,,,,,,,,,,,,,,,,,,,,,,,,,,,,,,
1992-12-20 07:00:00,,,,,,,,,,0.0,,,,,,,,,,,,,,,,,,,,,,,,,,,,,,,,,,,,,,,,,,,,
1992-12-20 08:00:00,1017.0,1020.5,18.0,12.9,72.0,0.4,112.5,,,0.0,0.0,0.0,,,,,,,,,8.0,,,,,,,,,,,,,,,,,,,,,,,,18.0,,,,,,,,,
1992-12-20 09:00:00,1017.6,1021.0,20.2,12.9,63.0,0.0,0.0,,,0.0,0.0,0.6,,,,,,,,,4.0,,,,,,,,,,,,,,,,,,,,,,,,18.0,,,,,,,,,
1992-12-20 10:00:00,,,,,,,,,,0.0,,,,,,,,,,,,,,,,,,,,,,,,,,,,,,,,,,,,,,,,,,,,
1992-12-20 11:00:00,1016.6,1020.0,25.3,13.8,49.0,1.1,270.0,,,0.0,0.0,1.0,,,,,,,,,3.0,,,,,,,,,,,,,,,,,,,,,,,,15.0,,,,,,,,,
1992-12-20 12:00:00,,,,,,,,,,0.0,,,,,,,,,,,,,,,,,,,,,,,,,,,,,,,,,,,,,,,,,,,,
1992-12-20 13:00:00,,,,,,,,,,0.0,,,,,,,,,,,,,,,,,,,,,,,,,,,,,,,,,,,,,,,,,,,,
1992-12-20 14:00:00,1013.7,1017.1,26.1,13.5,46.0,2.8,292.5,,,0.0,0.0,1.0,,23.8,20.6,20.3,19.8,,,,1.0,,,,,,,,,,,,,,,,,,,,,20.0,,,12.0,,,,,,,,,
1992-12-20 15:00:00,,,,,,,,,,0.0,,,,,,,,,,,,,,,,,,,,,,,,,,,,,,,,,,,,,,,,,,,,
1992-12-20 16:00:00,,,,,,,,,,0.0,,,,,,,,,,,,,,,,,,,,,,,,,,,,,,,,,,,,,,,,,,,,
1992-12-20 17:00:00,1014.6,1018.0,22.6,14.0,58.0,0.1,0.0,,,0.0,0.0,0.6,,,,,,,,,2.0,,,,,,,,,,,,,,,,,,,,,,,,12.0,,,,,,,,,
1992-12-20 18:00:00,,,,,,,,,,0.0,,,,,,,,,,,,,,,,,,,,,,,,,,,,,,,,,,,,,,,,,,,,
1992-12-20 19:00:00,,,,,,,,,,0.0,,,,,,,,,,,,,,,,,,,,,,,,,,,,,,,,,,,,,,,,,,,,
1992-12-20 20:00:00,1016.2,1019.6,19.2,14.0,72.0,1.6,112.5,,,0.0,0.0,,,,,,,,,,3.0,,,,,,,,,,,,,,,,,,,,,,,,10.0,,,,,,,,,
1992-12-20 21:00:00,1016.2,1019.6,19.2,14.1,72.0,1.5,112.5,,,0.0,0.0,,,19.1,19.4,20.1,20.1,,,,5.0,,,,,,,,,,,,,,,,,,,,,20.1,,,10.0,,,,,,,,,
1992-12-20 22:00:00,,,,,,,,,,0.0,,,,,,,,,,,,,,,,,,,,,,,,,,,,,,,,,,,,,,,,,,,,
1992-12-20 23:00:00,1016.8,1020.3,17.6,13.6,77.0,1.6,90.0,,,0.0,0.0,,,,,,,,,,2.0,,,,,,,,,,,,,,,,,,,,,,,,10.0,,,,,,,,,
1992-12-21 00:00:00,,,,,,,,,,0.0,,,,,,,,,,,,,,,,,,,,,,,,,,,,,,,,,,,,,,,,,,,,
1992-12-21 01:00:00,,,,,,,,,,0.0,,,,,,,,,,,,,,,,,,,,,,,,,,,,,,,,,,,,,,,,,,,,
1992-12-21 02:00:00,1016.7,1020.2,17.6,12.7,73.0,2.0,90.0,,,0.0,0.0,,,,,,,,,,2.0,,,,,,,,,,,,,,,,,,,,,,,,10.0,,,,,,,,,
1992-12-21 03:00:00,,,,,,,,,,0.0,,,,,,,,,,,,,,,,,,,,,,,,,,,,,,,,,,,,,,,,,,,,
1992-12-21 04:00:00,,,,,,,,,,0.0,,,,,,,,,,,,,,,,,,,,,,,,,,,,,,,,,,,,,,,,,,,,
1992-12-21 05:00:00,1017.0,1020.5,16.4,12.8,79.0,1.2,90.0,,,0.0,0.0,,,17.8,18.7,19.5,19.7,,,,6.0,,,,,,,,,,,,,,,,,,,,,20.0,,,10.0,,,,,,,,,
1992-12-21 06:00:00,,,,,,,,,,0.0,,,,,,,,,,,,,,,,,,,,,,,,,,,,,,,,,,,,,,,,,,,,
1992-12-21 07:00:00,,,,,,,,,,0.0,,,,,,,,,,,,,,,,,,,,,,,,,,,,,,,,,,,,,,,,,,,,
1992-12-21 08:00:00,1018.5,1021.9,19.1,13.5,70.0,0.6,90.0,,,0.0,0.0,0.8,,,,,,,,,1.0,,,,,,,,,,,,,,,,,,,,,,,,15.0,,,,,,,,,
1992-12-21 09:00:00,1018.9,1022.3,21.5,14.7,65.0,4.4,45.0,,,0.0,0.0,1.0,,,,,,,,,1.0,,,,,,,,,,,,,,,,,,,,,,,,15.0,,,,,,,,,
1992-12-21 10:00:00,,,,,,,,,,0.0,,,,,,,,,,,,,,,,,,,,,,,,,,,,,,,,,,,,,,,,,,,,
1992-12-21 11:00:00,1017.7,1021.1,23.2,16.8,67.0,6.1,22.5,,,0.0,0.0,1.0,,,,,,,,,0.0,,,,,,,,,,,,,,,,,,,,,,,,15.0,,,,,,,,,
1992-12-21 12:00:00,,,,,,,,,,0.0,,,,,,,,,,,,,,,,,,,,,,,,,,,,,,,,,,,,,,,,,,,,
1992-12-21 13:00:00,,,,,,,,,,0.0,,,,,,,,,,,,,,,,,,,,,,,,,,,,,,,,,,,,,,,,,,,,
1992-12-21 14:00:00,1015.0,1018.4,23.8,17.5,68.0,5.8,360.0,,,0.0,0.0,1.0,,23.3,20.5,20.5,20.0,,,,0.0,,,,,,,,,,,,,,,,,,,,,20.1,,,15.0,,,,,,,,,
1992-12-21 15:00:00,,,,,,,,,,0.0,,,,,,,,,,,,,,,,,,,,,,,,,,,,,,,,,,,,,,,,,,,,
1992-12-21 16:00:00,,,,,,,,,,0.0,,,,,,,,,,,,,,,,,,,,,,,,,,,,,,,,,,,,,,,,,,,,
1992-12-21 17:00:00,1016.2,1019.6,20.5,16.2,76.0,4.9,45.0,,,0.0,0.0,0.0,,,,,,,,,6.0,,,,,,,,,,,,,,,,,,,,,,,,10.0,,,,,,,,,
1992-12-21 18:00:00,,,,,,,,,,0.0,,,,,,,,,,,,,,,,,,,,,,,,,,,,,,,,,,,,,,,,,,,,
1992-12-21 19:00:00,,,,,,,,,,0.0,,,,,,,,,,,,,,,,,,,,,,,,,,,,,,,,,,,,,,,,,,,,
1992-12-21 20:00:00,1017.7,1021.1,20.1,15.6,75.0,2.8,67.5,,,0.0,0.0,,,,,,,,,,8.0,,,,,,,,,,,,,,,,,,,,,,,,12.0,,,,,,,,,
1992-12-21 21:00:00,1017.6,1021.0,19.8,15.3,75.0,4.5,67.5,,,0.0,0.0,,,19.5,19.8,20.4,20.3,,,,4.0,,,,,,,,,,,,,,,,,,,,,20.4,,,12.0,,,,,,,,,
1992-12-21 22:00:00,,,,,,,,,,0.0,,,,,,,,,,,,,,,,,,,,,,,,,,,,,,,,,,,,,,,,,,,,
1992-12-21 23:00:00,1017.3,1020.7,19.4,15.1,76.0,6.3,45.0,,,0.0,0.0,,,,,,,,,,2.0,,,,,,,,,,,,,,,,,,,,,,,,,,,,,,,,,
1992-12-22 00:00:00,,,,,,,,,,0.0,,,,,,,,,,,,,,,,,,,,,,,,,,,,,,,,,,,,,,,,,,,,
1992-12-22 01:00:00,,,,,,,,,,0.0,,,,,,,,,,,,,,,,,,,,,,,,,,,,,,,,,,,,,,,,,,,,
1992-12-22 02:00:00,1016.8,1020.3,18.4,14.9,80.0,4.4,45.0,,,0.0,0.0,,,,,,,,,,2.0,,,,,,,,,,,,,,,,,,,,,,,,10.0,,,,,,,,,
1992-12-22 03:00:00,,,,,,,,,,0.0,,,,,,,,,,,,,,,,,,,,,,,,,,,,,,,,,,,,,,,,,,,,
1992-12-22 04:00:00,,,,,,,,,,0.0,,,,,,,,,,,,,,,,,,,,,,,,,,,,,,,,,,,,,,,,,,,,
1992-12-22 05:00:00,1016.8,1020.3,17.9,14.7,82.0,3.2,45.0,,,0.0,0.0,,,18.2,19.0,19.7,20.0,,,,3.0,,,,,,,,,,,,,,,,,,,,,20.3,,,10.0,,,,,,,,,
1992-12-22 06:00:00,,,,,,,,,,0.0,,,,,,,,,,,,,,,,,,,,,,,,,,,,,,,,,,,,,,,,,,,,
1992-12-22 07:00:00,,,,,,,,,,0.0,,,,,,,,,,,,,,,,,,,,,,,,,,,,,,,,,,,,,,,,,,,,
1992-12-22 08:00:00,1018.1,1021.6,18.9,15.5,81.0,1.9,45.0,,,0.0,0.0,0.4,,,,,,,,,0.0,,,,,,,,,,,,,,,,,,,,,,,,10.0,,,,,,,,,
1992-12-22 09:00:00,1018.3,1021.7,20.8,15.9,74.0,1.4,157.5,,,0.0,0.0,1.0,,,,,,,,,2.0,,,,,,,,,,,,,,,,,,,,,,,,12.0,,,,,,,,,
1992-12-22 10:00:00,,,,,,,,,,0.0,,,,,,,,,,,,,,,,,,,,,,,,,,,,,,,,,,,,,,,,,,,,
1992-12-22 11:00:00,1017.2,1020.6,23.6,16.3,64.0,5.3,22.5,,,0.0,0.0,1.0,,,,,,,,,1.0,,,,,,,,,,,,,,,,,,,,,,,,12.0,,,,,,,,,
1992-12-22 12:00:00,,,,,,,,,,0.0,,,,,,,,,,,,,,,,,,,,,,,,,,,,,,,,,,,,,,,,,,,,
1992-12-22 13:00:00,,,,,,,,,,0.0,,,,,,,,,,,,,,,,,,,,,,,,,,,,,,,,,,,,,,,,,,,,
1992-12-22 14:00:00,1014.8,1018.2,24.5,16.4,61.0,5.1,22.5,,,0.0,0.0,1.0,,23.5,20.8,20.7,20.2,,,,0.0,,,,,,,,,,,,,,,,,,,,,20.2,,,12.0,,,,,,,,,
1992-12-22 15:00:00,,,,,,,,,,0.0,,,,,,,,,,,,,,,,,,,,,,,,,,,,,,,,,,,,,,,,,,,,
1992-12-22 16:00:00,,,,,,,,,,0.0,,,,,,,,,,,,,,,,,,,,,,,,,,,,,,,,,,,,,,,,,,,,
1992-12-22 17:00:00,1015.1,1018.5,20.9,16.5,76.0,3.9,360.0,,,0.0,0.0,0.4,,,,,,,,,2.0,,,,,,,,,,,,,,,,,,,,,,,,10.0,,,,,,,,,
1992-12-22 18:00:00,,,,,,,,,,0.0,,,,,,,,,,,,,,,,,,,,,,,,,,,,,,,,,,,,,,,,,,,,
1992-12-22 19:00:00,,,,,,,,,,0.0,,,,,,,,,,,,,,,,,,,,,,,,,,,,,,,,,,,,,,,,,,,,
1992-12-22 20:00:00,1017.2,1020.7,18.4,16.2,87.0,2.4,45.0,,,0.0,0.0,,,,,,,,,,0.0,,,,,,,,,,,,,,,,,,,,,,,,6.0,,,,,,,,,
1992-12-22 21:00:00,1017.2,1020.7,18.1,15.7,86.0,1.3,45.0,,,0.0,0.0,,,19.1,19.8,20.5,20.5,,,,4.0,,,,,,,,,,,,,,,,,,,,,20.5,,,8.0,,,,,,,,,
1992-12-22 22:00:00,,,,,,,,,,0.0,,,,,,,,,,,,,,,,,,,,,,,,,,,,,,,,,,,,,,,,,,,,
1992-12-22 23:00:00,1017.1,1020.6,18.1,15.9,87.0,1.2,22.5,,,0.0,0.0,,,,,,,,,,4.0,,,,,,,,,,,,,,,,,,,,,,,,8.0,,,,,,,,,
1992-12-23 00:00:00,,,,,,,,,,0.0,,,,,,,,,,,,,,,,,,,,,,,,,,,,,,,,,,,,,,,,,,,,
1992-12-23 01:00:00,,,,,,,,,,0.0,,,,,,,,,,,,,,,,,,,,,,,,,,,,,,,,,,,,,,,,,,,,
1992-12-23 02:00:00,1016.9,1020.4,18.5,16.3,87.0,3.0,45.0,,,0.0,0.0,,,,,,,,,,5.0,,,,,,,,,,,,,,,,,,,,,,,,8.0,,,,,,,,,
1992-12-23 03:00:00,,,,,,,,,,0.0,,,,,,,,,,,,,,,,,,,,,,,,,,,,,,,,,,,,,,,,,,,,
1992-12-23 04:00:00,,,,,,,,,,0.0,,,,,,,,,,,,,,,,,,,,,,,,,,,,,,,,,,,,,,,,,,,,
1992-12-23 05:00:00,1018.0,1021.5,18.2,15.0,82.0,3.9,45.0,,,0.0,0.0,,,18.9,19.3,20.0,20.2,,,,10.0,,,,,,,,,,,,,,,,,,,,,20.6,,,8.0,,,,,,,,,
1992-12-23 06:00:00,,,,,,,,,,0.0,,,,,,,,,,,,,,,,,,,,,,,,,,,,,,,,,,,,,,,,,,,,
1992-12-23 07:00:00,,,,,,,,,,0.0,,,,,,,,,,,,,,,,,,,,,,,,,,,,,,,,,,,,,,,,,,,,
1992-12-23 08:00:00,1021.9,1025.4,14.5,11.8,84.0,8.8,45.0,,,0.0,0.0,0.0,,,,,,,,,10.0,,,,,,,,,,,,,,,,,,,,,,,,10.0,,,,,,,,,
1992-12-23 09:00:00,1023.0,1026.5,13.9,11.2,84.0,9.5,45.0,,,-9.8,0.3,0.0,,,,,,,,,10.0,,,,,,,,,,,,,,,,,,,,,,,,8.0,,,,,,,,,
1992-12-23 10:00:00,,,,,,,,,,-9.8,,,,,,,,,,,,,,,,,,,,,,,,,,,,,,,,,,,,,,,,,,,,
1992-12-23 11:00:00,1023.8,1027.3,13.2,10.6,84.0,8.5,45.0,,,-9.8,1.0,0.0,,,,,,,,,10.0,,,,,,,,,,,,,,,,,,,,,,,,8.0,,,,,,,,,
1992-12-23 12:00:00,,,,,,,,,,-9.8,,,,,,,,,,,,,,,,,,,,,,,,,,,,,,,,,,,,,,,,,,,,
1992-12-23 13:00:00,,,,,,,,,,0.0,,,,,,,,,,,,,,,,,,,,,,,,,,,,,,,,,,,,,,,,,,,,
1992-12-23 14:00:00,1021.7,1025.2,12.5,9.1,80.0,8.8,45.0,,,0.0,0.0,0.0,,17.0,18.2,19.4,19.7,,,,10.0,,,,,,,,,,,,,,,,,,,,,20.3,,,8.0,,,,,,,,,
1992-12-23 15:00:00,,,,,,,,,,0.0,,,,,,,,,,,,,,,,,,,,,,,,,,,,,,,,,,,,,,,,,,,,
1992-12-23 16:00:00,,,,,,,,,,0.0,,,,,,,,,,,,,,,,,,,,,,,,,,,,,,,,,,,,,,,,,,,,
1992-12-23 17:00:00,1022.8,1026.3,12.7,8.2,74.0,6.9,67.5,,,0.0,0.0,0.0,,,,,,,,,10.0,,,,,,,,,,,,,,,,,,,,,,,,8.0,,,,,,,,,
1992-12-23 18:00:00,,,,,,,,,,0.0,,,,,,,,,,,,,,,,,,,,,,,,,,,,,,,,,,,,,,,,,,,,
1992-12-23 19:00:00,,,,,,,,,,0.0,,,,,,,,,,,,,,,,,,,,,,,,,,,,,,,,,,,,,,,,,,,,
1992-12-23 20:00:00,1023.8,1027.4,11.9,7.5,74.0,7.3,45.0,,,0.0,0.0,,,,,,,,,,10.0,,,,,,,,,,,,,,,,,,,,,,,,6.0,,,,,,,,,
1992-12-23 21:00:00,1024.0,1027.6,11.9,6.8,71.0,6.6,45.0,,,0.0,0.0,,,15.5,17.4,18.5,19.2,,,,10.0,,,,,,,,,,,,,,,,,,,,,19.8,,,6.0,,,,,,,,,
1992-12-23 22:00:00,,,,,,,,,,0.0,,,,,,,,,,,,,,,,,,,,,,,,,,,,,,,,,,,,,,,,,,,,
1992-12-23 23:00:00,1022.8,1026.4,11.5,6.7,72.0,5.5,45.0,,,0.0,0.0,,,,,,,,,,10.0,,,,,,,,,,,,,,,,,,,,,,,,6.0,,,,,,,,,
1992-12-24 00:00:00,,,,,,,,,,0.0,,,,,,,,,,,,,,,,,,,,,,,,,,,,,,,,,,,,,,,,,,,,
1992-12-24 01:00:00,,,,,,,,,,0.0,,,,,,,,,,,,,,,,,,,,,,,,,,,,,,,,,,,,,,,,,,,,
1992-12-24 02:00:00,1022.1,1025.7,11.4,5.4,67.0,5.7,45.0,,,0.0,0.0,,,,,,,,,,9.0,,,,,,,,,,,,,,,,,,,,,,,,8.0,,,,,,,,,
1992-12-24 03:00:00,,,,,,,,,,0.0,,,,,,,,,,,,,,,,,,,,,,,,,,,,,,,,,,,,,,,,,,,,
1992-12-24 04:00:00,,,,,,,,,,0.0,,,,,,,,,,,,,,,,,,,,,,,,,,,,,,,,,,,,,,,,,,,,
1992-12-24 05:00:00,1021.1,1024.7,10.7,4.9,67.0,4.8,45.0,,,0.0,0.0,,,14.4,16.6,17.9,18.6,,,,2.0,,,,,,,,,,,,,,,,,,,,,19.4,,,8.0,,,,,,,,,
1992-12-24 06:00:00,,,,,,,,,,0.0,,,,,,,,,,,,,,,,,,,,,,,,,,,,,,,,,,,,,,,,,,,,
1992-12-24 07:00:00,,,,,,,,,,0.0,,,,,,,,,,,,,,,,,,,,,,,,,,,,,,,,,,,,,,,,,,,,
1992-12-24 08:00:00,1021.7,1025.2,12.4,5.2,61.0,5.6,45.0,,,0.0,0.0,0.5,,,,,,,,,3.0,,,,,,,,,,,,,,,,,,,,,,,,10.0,,,,,,,,,
1992-12-24 09:00:00,1022.2,1025.7,13.5,5.4,58.0,6.2,45.0,,,0.0,0.0,0.8,,,,,,,,,4.0,,,,,,,,,,,,,,,,,,,,,,,,12.0,,,,,,,,,
1992-12-24 10:00:00,,,,,,,,,,0.0,,,,,,,,,,,,,,,,,,,,,,,,,,,,,,,,,,,,,,,,,,,,
1992-12-24 11:00:00,1021.9,1025.4,15.4,6.3,55.0,8.4,45.0,,,0.0,0.0,0.6,,,,,,,,,8.0,,,,,,,,,,,,,,,,,,,,,,,,15.0,,,,,,,,,
1992-12-24 12:00:00,,,,,,,,,,0.0,,,,,,,,,,,,,,,,,,,,,,,,,,,,,,,,,,,,,,,,,,,,
1992-12-24 13:00:00,,,,,,,,,,0.0,,,,,,,,,,,,,,,,,,,,,,,,,,,,,,,,,,,,,,,,,,,,
1992-12-24 14:00:00,1019.4,1022.9,16.7,6.8,52.0,6.5,67.5,,,0.0,0.0,0.1,,18.8,17.5,18.1,18.5,,,,9.0,,,,,,,,,,,,,,,,,,,,,19.2,,,12.0,,,,,,,,,
1992-12-24 15:00:00,,,,,,,,,,0.0,,,,,,,,,,,,,,,,,,,,,,,,,,,,,,,,,,,,,,,,,,,,
1992-12-24 16:00:00,,,,,,,,,,0.0,,,,,,,,,,,,,,,,,,,,,,,,,,,,,,,,,,,,,,,,,,,,
1992-12-24 17:00:00,1019.7,1023.2,14.8,7.0,60.0,5.5,67.5,,,0.0,0.0,0.0,,,,,,,,,9.0,,,,,,,,,,,,,,,,,,,,,,,,12.0,,,,,,,,,
1992-12-24 18:00:00,,,,,,,,,,0.0,,,,,,,,,,,,,,,,,,,,,,,,,,,,,,,,,,,,,,,,,,,,
1992-12-24 19:00:00,,,,,,,,,,0.0,,,,,,,,,,,,,,,,,,,,,,,,,,,,,,,,,,,,,,,,,,,,
1992-12-24 20:00:00,1020.4,1023.9,14.6,7.8,64.0,4.3,67.5,,,0.0,0.0,,,,,,,,,,8.0,,,,,,,,,,,,,,,,,,,,,,,,12.0,,,,,,,,,
1992-12-24 21:00:00,1020.4,1023.9,14.5,8.1,65.0,3.8,45.0,,,0.0,0.0,,,16.0,17.0,18.0,18.4,,,,9.0,,,,,,,,,,,,,,,,,,,,,19.0,,,12.0,,,,,,,,,
1992-12-24 22:00:00,,,,,,,,,,0.0,,,,,,,,,,,,,,,,,,,,,,,,,,,,,,,,,,,,,,,,,,,,
1992-12-24 23:00:00,1020.0,1023.5,14.6,8.6,67.0,1.6,90.0,,,0.0,0.0,,,,,,,,,,10.0,,,,,,,,,,,,,,,,,,,,,,,,12.0,,,,,,,,,
1992-12-25 00:00:00,,,,,,,,,,0.0,,,,,,,,,,,,,,,,,,,,,,,,,,,,,,,,,,,,,,,,,,,,
1992-12-25 01:00:00,,,,,,,,,,0.0,,,,,,,,,,,,,,,,,,,,,,,,,,,,,,,,,,,,,,,,,,,,
1992-12-25 02:00:00,1019.5,1023.0,13.8,9.3,74.0,0.2,0.0,,,0.0,0.0,,,,,,,,,,9.0,,,,,,,,,,,,,,,,,,,,,,,,12.0,,,,,,,,,
1992-12-25 03:00:00,,,,,,,,,,0.0,,,,,,,,,,,,,,,,,,,,,,,,,,,,,,,,,,,,,,,,,,,,
1992-12-25 04:00:00,,,,,,,,,,0.0,,,,,,,,,,,,,,,,,,,,,,,,,,,,,,,,,,,,,,,,,,,,
1992-12-25 05:00:00,1020.1,1023.6,12.9,9.6,80.0,0.9,157.5,,,0.0,0.0,,,15.6,16.7,17.7,18.2,,,,5.0,,,,,,,,,,,,,,,,,,,,,18.9,,,12.0,,,,,,,,,
1992-12-25 06:00:00,,,,,,,,,,0.0,,,,,,,,,,,,,,,,,,,,,,,,,,,,,,,,,,,,,,,,,,,,
1992-12-25 07:00:00,,,,,,,,,,0.0,,,,,,,,,,,,,,,,,,,,,,,,,,,,,,,,,,,,,,,,,,,,
1992-12-25 08:00:00,1021.0,1024.5,14.6,10.6,77.0,0.9,157.5,,,0.0,0.0,0.0,,,,,,,,,10.0,,,,,,,,,,,,,,,,,,,,,,,,12.0,,,,,,,,,
1992-12-25 09:00:00,1021.9,1025.4,16.1,11.1,72.0,0.8,157.5,,,0.0,0.0,0.0,,,,,,,,,10.0,,,,,,,,,,,,,,,,,,,,,,,,12.0,,,,,,,,,
1992-12-25 10:00:00,,,,,,,,,,0.0,,,,,,,,,,,,,,,,,,,,,,,,,,,,,,,,,,,,,,,,,,,,
1992-12-25 11:00:00,1020.9,1024.4,18.8,11.6,63.0,1.2,112.5,,,0.0,0.0,0.0,,,,,,,,,10.0,,,,,,,,,,,,,,,,,,,,,,,,10.0,,,,,,,,,
1992-12-25 12:00:00,,,,,,,,,,0.0,,,,,,,,,,,,,,,,,,,,,,,,,,,,,,,,,,,,,,,,,,,,
1992-12-25 13:00:00,,,,,,,,,,0.0,,,,,,,,,,,,,,,,,,,,,,,,,,,,,,,,,,,,,,,,,,,,
1992-12-25 14:00:00,1018.1,1021.5,20.8,11.6,56.0,2.7,22.5,,,0.0,0.0,0.0,,20.9,18.7,18.7,18.5,,,,10.0,,,,,,,,,,,,,,,,,,,,,19.0,,,10.0,,,,,,,,,
1992-12-25 15:00:00,,,,,,,,,,0.0,,,,,,,,,,,,,,,,,,,,,,,,,,,,,,,,,,,,,,,,,,,,
1992-12-25 16:00:00,,,,,,,,,,0.0,,,,,,,,,,,,,,,,,,,,,,,,,,,,,,,,,,,,,,,,,,,,
1992-12-25 17:00:00,1018.1,1021.5,19.9,11.7,59.0,1.9,360.0,,,0.0,0.0,0.0,,,,,,,,,10.0,,,,,,,,,,,,,,,,,,,,,,,,10.0,,,,,,,,,
1992-12-25 18:00:00,,,,,,,,,,0.0,,,,,,,,,,,,,,,,,,,,,,,,,,,,,,,,,,,,,,,,,,,,
1992-12-25 19:00:00,,,,,,,,,,0.0,,,,,,,,,,,,,,,,,,,,,,,,,,,,,,,,,,,,,,,,,,,,
1992-12-25 20:00:00,1017.4,1020.9,17.1,12.5,74.0,1.2,112.5,,,0.0,0.0,,,,,,,,,,10.0,,,,,,,,,,,,,,,,,,,,,,,,8.0,,,,,,,,,
1992-12-25 21:00:00,1017.9,1021.4,16.8,12.6,76.0,1.2,112.5,,,0.0,0.0,,,17.8,18.0,18.7,18.9,,,,10.0,,,,,,,,,,,,,,,,,,,,,19.2,,,8.0,,,,,,,,,
1992-12-25 22:00:00,,,,,,,,,,0.0,,,,,,,,,,,,,,,,,,,,,,,,,,,,,,,,,,,,,,,,,,,,
1992-12-25 23:00:00,1017.2,1020.7,16.5,12.2,76.0,0.1,0.0,,,0.0,0.0,,,,,,,,,,6.0,,,,,,,,,,,,,,,,,,,,,,,,8.0,,,,,,,,,
1992-12-26 00:00:00,,,,,,,,,,0.0,,,,,,,,,,,,,,,,,,,,,,,,,,,,,,,,,,,,,,,,,,,,
1992-12-26 01:00:00,,,,,,,,,,0.0,,,,,,,,,,,,,,,,,,,,,,,,,,,,,,,,,,,,,,,,,,,,
1992-12-26 02:00:00,1017.6,1021.1,15.1,12.2,83.0,1.5,90.0,,,0.0,0.0,,,,,,,,,,2.0,,,,,,,,,,,,,,,,,,,,,,,,8.0,,,,,,,,,
1992-12-26 03:00:00,,,,,,,,,,0.0,,,,,,,,,,,,,,,,,,,,,,,,,,,,,,,,,,,,,,,,,,,,
1992-12-26 04:00:00,,,,,,,,,,0.0,,,,,,,,,,,,,,,,,,,,,,,,,,,,,,,,,,,,,,,,,,,,
1992-12-26 05:00:00,1017.8,1021.3,14.9,11.9,82.0,1.2,90.0,,,0.0,0.0,,,15.8,17.5,18.4,18.6,,,,10.0,,,,,,,,,,,,,,,,,,,,,19.2,,,10.0,,,,,,,,,
1992-12-26 06:00:00,,,,,,,,,,0.0,,,,,,,,,,,,,,,,,,,,,,,,,,,,,,,,,,,,,,,,,,,,
1992-12-26 07:00:00,,,,,,,,,,0.0,,,,,,,,,,,,,,,,,,,,,,,,,,,,,,,,,,,,,,,,,,,,
1992-12-26 08:00:00,1018.3,1021.8,15.6,11.7,78.0,1.6,112.5,,,0.0,0.0,0.3,,,,,,,,,7.0,,,,,,,,,,,,,,,,,,,,,,,,12.0,,,,,,,,,
1992-12-26 09:00:00,1018.8,1022.3,18.2,13.0,72.0,0.0,0.0,,,0.0,0.0,0.2,,,,,,,,,8.0,,,,,,,,,,,,,,,,,,,,,,,,12.0,,,,,,,,,
1992-12-26 10:00:00,,,,,,,,,,0.0,,,,,,,,,,,,,,,,,,,,,,,,,,,,,,,,,,,,,,,,,,,,
1992-12-26 11:00:00,1017.8,1021.2,22.0,14.1,61.0,3.0,315.0,,,0.0,0.0,0.8,,,,,,,,,5.0,,,,,,,,,,,,,,,,,,,,,,,,10.0,,,,,,,,,
1992-12-26 12:00:00,,,,,,,,,,0.0,,,,,,,,,,,,,,,,,,,,,,,,,,,,,,,,,,,,,,,,,,,,
1992-12-26 13:00:00,,,,,,,,,,0.0,,,,,,,,,,,,,,,,,,,,,,,,,,,,,,,,,,,,,,,,,,,,
1992-12-26 14:00:00,1015.4,1018.8,22.8,15.5,63.0,3.0,315.0,,,0.0,0.0,0.9,,22.7,19.5,19.3,19.0,,,,5.0,,,,,,,,,,,,,,,,,,,,,19.3,,,10.0,,,,,,,,,
1992-12-26 15:00:00,,,,,,,,,,0.0,,,,,,,,,,,,,,,,,,,,,,,,,,,,,,,,,,,,,,,,,,,,
1992-12-26 16:00:00,,,,,,,,,,0.0,,,,,,,,,,,,,,,,,,,,,,,,,,,,,,,,,,,,,,,,,,,,
1992-12-26 17:00:00,1016.5,1019.9,20.5,16.5,78.0,1.4,247.5,,,0.0,0.0,0.0,,,,,,,,,10.0,,,,,,,,,,,,,,,,,,,,,,,,7.0,,,,,,,,,
1992-12-26 18:00:00,,,,,,,,,,0.0,,,,,,,,,,,,,,,,,,,,,,,,,,,,,,,,,,,,,,,,,,,,
1992-12-26 19:00:00,,,,,,,,,,0.0,,,,,,,,,,,,,,,,,,,,,,,,,,,,,,,,,,,,,,,,,,,,
1992-12-26 20:00:00,1016.6,1020.0,18.8,16.2,85.0,1.1,135.0,,,0.0,0.0,,,,,,,,,,10.0,,,,,,,,,,,,,,,,,,,,,,,,7.0,,,,,,,,,
1992-12-26 21:00:00,1016.3,1019.8,18.0,15.8,87.0,0.4,45.0,,,0.0,0.0,,,18.8,18.9,19.5,19.4,,,,10.0,,,,,,,,,,,,,,,,,,,,,19.5,,,5.0,,,,,,,,,
1992-12-26 22:00:00,,,,,,,,,,0.0,,,,,,,,,,,,,,,,,,,,,,,,,,,,,,,,,,,,,,,,,,,,
1992-12-26 23:00:00,1015.9,1019.4,18.2,14.9,81.0,1.3,90.0,,,0.0,0.0,,,,,,,,,,10.0,,,,,,,,,,,,,,,,,,,,,,,,5.0,,,,,,,,,
1992-12-27 00:00:00,,,,,,,,,,0.0,,,,,,,,,,,,,,,,,,,,,,,,,,,,,,,,,,,,,,,,,,,,
1992-12-27 01:00:00,,,,,,,,,,0.0,,,,,,,,,,,,,,,,,,,,,,,,,,,,,,,,,,,,,,,,,,,,
1992-12-27 02:00:00,1015.1,1018.6,16.4,14.3,87.0,0.0,0.0,,,0.0,0.0,,,,,,,,,,10.0,,,,,,,,,,,,,,,,,,,,,,,,5.0,,,,,,,,,
1992-12-27 03:00:00,,,,,,,,,,0.0,,,,,,,,,,,,,,,,,,,,,,,,,,,,,,,,,,,,,,,,,,,,
1992-12-27 04:00:00,,,,,,,,,,0.0,,,,,,,,,,,,,,,,,,,,,,,,,,,,,,,,,,,,,,,,,,,,
1992-12-27 05:00:00,1014.1,1017.6,16.8,14.4,86.0,1.7,112.5,,,0.0,0.0,,,18.0,18.3,19.0,19.2,,,,10.0,,,,,,,,,,,,,,,,,,,,,19.3,,,8.0,,,,,,,,,
1992-12-27 06:00:00,,,,,,,,,,0.0,,,,,,,,,,,,,,,,,,,,,,,,,,,,,,,,,,,,,,,,,,,,
1992-12-27 07:00:00,,,,,,,,,,0.0,,,,,,,,,,,,,,,,,,,,,,,,,,,,,,,,,,,,,,,,,,,,
1992-12-27 08:00:00,1014.6,1018.1,17.2,14.4,84.0,0.8,112.5,,,0.0,0.0,0.0,,,,,,,,,9.0,,,,,,,,,,,,,,,,,,,,,,,,6.0,,,,,,,,,
1992-12-27 09:00:00,1014.9,1018.4,18.0,15.0,83.0,0.1,0.0,,,0.0,0.0,0.0,,,,,,,,,9.0,,,,,,,,,,,,,,,,,,,,,,,,8.0,,,,,,,,,
1992-12-27 10:00:00,,,,,,,,,,0.0,,,,,,,,,,,,,,,,,,,,,,,,,,,,,,,,,,,,,,,,,,,,
1992-12-27 11:00:00,1013.8,1017.2,21.0,15.1,69.0,1.6,157.5,,,0.0,0.0,0.1,,,,,,,,,9.0,,,,,,,,,,,,,,,,,,,,,,,,8.0,,,,,,,,,
1992-12-27 12:00:00,,,,,,,,,,0.0,,,,,,,,,,,,,,,,,,,,,,,,,,,,,,,,,,,,,,,,,,,,
1992-12-27 13:00:00,,,,,,,,,,0.0,,,,,,,,,,,,,,,,,,,,,,,,,,,,,,,,,,,,,,,,,,,,
1992-12-27 14:00:00,1010.8,1014.2,23.5,16.1,63.0,0.9,202.5,,,0.0,0.0,0.2,,22.9,19.8,19.8,19.5,,,,9.0,,,,,,,,,,,,,,,,,,,,,19.6,,,6.0,,,,,,,,,
1992-12-27 15:00:00,,,,,,,,,,0.0,,,,,,,,,,,,,,,,,,,,,,,,,,,,,,,,,,,,,,,,,,,,
1992-12-27 16:00:00,,,,,,,,,,0.0,,,,,,,,,,,,,,,,,,,,,,,,,,,,,,,,,,,,,,,,,,,,
1992-12-27 17:00:00,1010.9,1014.3,22.0,15.1,65.0,0.4,360.0,,,0.0,0.0,0.0,,,,,,,,,9.0,,,,,,,,,,,,,,,,,,,,,,,,5.0,,,,,,,,,
1992-12-27 18:00:00,,,,,,,,,,0.0,,,,,,,,,,,,,,,,,,,,,,,,,,,,,,,,,,,,,,,,,,,,
1992-12-27 19:00:00,,,,,,,,,,0.0,,,,,,,,,,,,,,,,,,,,,,,,,,,,,,,,,,,,,,,,,,,,
1992-12-27 20:00:00,1012.1,1015.5,18.7,15.8,83.0,1.5,112.5,,,0.0,0.0,,,,,,,,,,4.0,,,,,,,,,,,,,,,,,,,,,,,,4.0,,,,,,,,,
1992-12-27 21:00:00,1012.8,1016.2,18.5,15.4,82.0,1.7,112.5,,,0.0,0.0,,,19.0,19.3,19.8,19.8,,,,7.0,,,,,,,,,,,,,,,,,,,,,19.8,,,5.0,,,,,,,,,
1992-12-27 22:00:00,,,,,,,,,,0.0,,,,,,,,,,,,,,,,,,,,,,,,,,,,,,,,,,,,,,,,,,,,
1992-12-27 23:00:00,1012.4,1015.8,18.4,14.1,76.0,2.2,112.5,,,0.0,0.0,,,,,,,,,,10.0,,,,,,,,,,,,,,,,,,,,,,,,5.0,,,,,,,,,
1992-12-28 00:00:00,,,,,,,,,,0.6,,,,,,,,,,,,,,,,,,,,,,,,,,,,,,,,,,,,,,,,,,,,
1992-12-28 01:00:00,,,,,,,,,,0.5,,,,,,,,,,,,,,,,,,,,,,,,,,,,,,,,,,,,,,,,,,,,
1992-12-28 02:00:00,1010.7,1014.1,17.5,15.1,86.0,0.4,247.5,,,-9.8,0.1,,,,,,,,,,9.0,,,,,,,,,,,,,,,,,,,,,,,,6.0,,,,,,,,,
1992-12-28 03:00:00,,,,,,,,,,0.0,,,,,,,,,,,,,,,,,,,,,,,,,,,,,,,,,,,,,,,,,,,,
1992-12-28 04:00:00,,,,,,,,,,0.0,,,,,,,,,,,,,,,,,,,,,,,,,,,,,,,,,,,,,,,,,,,,
1992-12-28 05:00:00,1010.4,1013.8,17.3,15.0,86.0,1.8,90.0,,,0.0,0.0,,,18.0,18.7,19.4,19.6,,,,9.0,,,,,,,,,,,,,,,,,,,,,19.8,,,10.0,,,,,,,,,
1992-12-28 06:00:00,,,,,,,,,,-9.8,,,,,,,,,,,,,,,,,,,,,,,,,,,,,,,,,,,,,,,,,,,,
1992-12-28 07:00:00,,,,,,,,,,-9.8,,,,,,,,,,,,,,,,,,,,,,,,,,,,,,,,,,,,,,,,,,,,
1992-12-28 08:00:00,1013.3,1016.7,18.0,16.1,89.0,2.0,112.5,,,0.9,0.3,0.0,,,,,,,,,10.0,,,,,,,,,,,,,,,,,,,,,,,,5.0,,,,,,,,,
1992-12-28 09:00:00,1014.5,1017.9,18.3,16.5,89.0,1.3,292.5,,,4.4,0.8,0.0,,,,,,,,,10.0,,,,,,,,,,,,,,,,,,,,,,,,5.0,,,,,,,,,
1992-12-28 10:00:00,,,,,,,,,,7.1,,,,,,,,,,,,,,,,,,,,,,,,,,,,,,,,,,,,,,,,,,,,
1992-12-28 11:00:00,1014.6,1018.0,18.5,18.4,99.0,0.7,90.0,,,4.9,1.0,0.0,,,,,,,,,10.0,,,,,,,,,,,,,,,,,,,,,,,,5.0,,,,,,,,,
1992-12-28 12:00:00,,,,,,,,,,3.7,,,,,,,,,,,,,,,,,,,,,,,,,,,,,,,,,,,,,,,,,,,,
1992-12-28 13:00:00,,,,,,,,,,0.8,,,,,,,,,,,,,,,,,,,,,,,,,,,,,,,,,,,,,,,,,,,,
1992-12-28 14:00:00,1013.0,1016.4,19.1,18.2,95.0,2.0,67.5,,,0.4,0.7,0.0,,19.6,20.0,19.5,19.5,,,,10.0,,,,,,,,,,,,,,,,,,,,,19.6,,,12.0,,,,,,,,,
1992-12-28 15:00:00,,,,,,,,,,0.0,,,,,,,,,,,,,,,,,,,,,,,,,,,,,,,,,,,,,,,,,,,,
1992-12-28 16:00:00,,,,,,,,,,0.0,,,,,,,,,,,,,,,,,,,,,,,,,,,,,,,,,,,,,,,,,,,,
1992-12-28 17:00:00,1013.3,1016.7,18.9,16.3,85.0,4.1,67.5,,,0.0,0.0,0.0,,,,,,,,,9.0,,,,,,,,,,,,,,,,,,,,,,,,12.0,,,,,,,,,
1992-12-28 18:00:00,,,,,,,,,,0.0,,,,,,,,,,,,,,,,,,,,,,,,,,,,,,,,,,,,,,,,,,,,
1992-12-28 19:00:00,,,,,,,,,,0.0,,,,,,,,,,,,,,,,,,,,,,,,,,,,,,,,,,,,,,,,,,,,
1992-12-28 20:00:00,1014.5,1017.9,18.0,15.1,83.0,3.6,67.5,,,0.0,0.0,,,,,,,,,,9.0,,,,,,,,,,,,,,,,,,,,,,,,12.0,,,,,,,,,
1992-12-28 21:00:00,1014.8,1018.3,17.8,14.7,82.0,6.2,45.0,,,0.0,0.0,,,18.1,18.6,19.5,19.5,,,,8.0,,,,,,,,,,,,,,,,,,,,,19.7,,,12.0,,,,,,,,,
1992-12-28 22:00:00,,,,,,,,,,0.0,,,,,,,,,,,,,,,,,,,,,,,,,,,,,,,,,,,,,,,,,,,,
1992-12-28 23:00:00,1015.4,1018.9,17.7,14.6,82.0,4.5,45.0,,,0.0,0.0,,,,,,,,,,10.0,,,,,,,,,,,,,,,,,,,,,,,,12.0,,,,,,,,,
1992-12-29 00:00:00,,,,,,,,,,0.0,,,,,,,,,,,,,,,,,,,,,,,,,,,,,,,,,,,,,,,,,,,,
1992-12-29 01:00:00,,,,,,,,,,0.0,,,,,,,,,,,,,,,,,,,,,,,,,,,,,,,,,,,,,,,,,,,,
1992-12-29 02:00:00,1014.4,1017.9,17.7,14.4,81.0,3.8,45.0,,,0.0,0.0,,,,,,,,,,10.0,,,,,,,,,,,,,,,,,,,,,,,,12.0,,,,,,,,,
1992-12-29 03:00:00,,,,,,,,,,0.0,,,,,,,,,,,,,,,,,,,,,,,,,,,,,,,,,,,,,,,,,,,,
1992-12-29 04:00:00,,,,,,,,,,0.0,,,,,,,,,,,,,,,,,,,,,,,,,,,,,,,,,,,,,,,,,,,,
1992-12-29 05:00:00,1016.3,1019.8,16.7,14.2,85.0,3.5,45.0,,,0.0,0.0,,,17.8,18.3,19.1,19.3,,,,10.0,,,,,,,,,,,,,,,,,,,,,19.6,,,10.0,,,,,,,,,
1992-12-29 06:00:00,,,,,,,,,,0.0,,,,,,,,,,,,,,,,,,,,,,,,,,,,,,,,,,,,,,,,,,,,
1992-12-29 07:00:00,,,,,,,,,,0.0,,,,,,,,,,,,,,,,,,,,,,,,,,,,,,,,,,,,,,,,,,,,
1992-12-29 08:00:00,1018.1,1021.6,16.9,13.6,81.0,4.7,67.5,,,0.0,0.0,0.0,,,,,,,,,9.0,,,,,,,,,,,,,,,,,,,,,,,,10.0,,,,,,,,,
1992-12-29 09:00:00,1018.4,1021.9,17.8,14.3,80.0,5.0,67.5,,,0.0,0.0,0.0,,,,,,,,,9.0,,,,,,,,,,,,,,,,,,,,,,,,10.0,,,,,,,,,
1992-12-29 10:00:00,,,,,,,,,,0.0,,,,,,,,,,,,,,,,,,,,,,,,,,,,,,,,,,,,,,,,,,,,
1992-12-29 11:00:00,1018.5,1022.0,18.6,14.3,76.0,5.3,67.5,,,0.0,0.0,0.2,,,,,,,,,10.0,,,,,,,,,,,,,,,,,,,,,,,,10.0,,,,,,,,,
1992-12-29 12:00:00,,,,,,,,,,0.0,,,,,,,,,,,,,,,,,,,,,,,,,,,,,,,,,,,,,,,,,,,,
1992-12-29 13:00:00,,,,,,,,,,0.0,,,,,,,,,,,,,,,,,,,,,,,,,,,,,,,,,,,,,,,,,,,,
1992-12-29 14:00:00,1016.6,1020.0,18.6,14.1,75.0,3.4,45.0,,,0.0,0.0,0.0,,18.9,19.0,19.4,19.2,,,,10.0,,,,,,,,,,,,,,,,,,,,,19.5,,,10.0,,,,,,,,,
1992-12-29 15:00:00,,,,,,,,,,0.0,,,,,,,,,,,,,,,,,,,,,,,,,,,,,,,,,,,,,,,,,,,,
1992-12-29 16:00:00,,,,,,,,,,0.0,,,,,,,,,,,,,,,,,,,,,,,,,,,,,,,,,,,,,,,,,,,,
1992-12-29 17:00:00,1017.1,1020.6,18.2,14.2,77.0,4.3,67.5,,,0.0,0.0,0.0,,,,,,,,,9.0,,,,,,,,,,,,,,,,,,,,,,,,10.0,,,,,,,,,
1992-12-29 18:00:00,,,,,,,,,,0.0,,,,,,,,,,,,,,,,,,,,,,,,,,,,,,,,,,,,,,,,,,,,
1992-12-29 19:00:00,,,,,,,,,,0.0,,,,,,,,,,,,,,,,,,,,,,,,,,,,,,,,,,,,,,,,,,,,
1992-12-29 20:00:00,1018.6,1022.1,17.5,14.4,82.0,4.2,22.5,,,0.0,0.0,,,,,,,,,,9.0,,,,,,,,,,,,,,,,,,,,,,,,10.0,,,,,,,,,
1992-12-29 21:00:00,1019.0,1022.5,17.6,14.6,83.0,3.3,67.5,,,0.0,0.0,,,18.1,18.3,19.1,19.3,,,,9.0,,,,,,,,,,,,,,,,,,,,,19.6,,,8.0,,,,,,,,,
1992-12-29 22:00:00,,,,,,,,,,0.0,,,,,,,,,,,,,,,,,,,,,,,,,,,,,,,,,,,,,,,,,,,,
1992-12-29 23:00:00,1018.7,1022.2,17.1,15.2,89.0,4.6,22.5,,,0.0,0.0,,,,,,,,,,10.0,,,,,,,,,,,,,,,,,,,,,,,,6.0,,,,,,,,,
1992-12-30 00:00:00,,,,,,,,,,0.0,,,,,,,,,,,,,,,,,,,,,,,,,,,,,,,,,,,,,,,,,,,,
1992-12-30 01:00:00,,,,,,,,,,0.0,,,,,,,,,,,,,,,,,,,,,,,,,,,,,,,,,,,,,,,,,,,,
1992-12-30 02:00:00,1017.7,1021.2,17.1,15.1,88.0,4.0,22.5,,,0.0,0.0,,,,,,,,,,10.0,,,,,,,,,,,,,,,,,,,,,,,,6.0,,,,,,,,,
1992-12-30 03:00:00,,,,,,,,,,0.0,,,,,,,,,,,,,,,,,,,,,,,,,,,,,,,,,,,,,,,,,,,,
1992-12-30 04:00:00,,,,,,,,,,0.0,,,,,,,,,,,,,,,,,,,,,,,,,,,,,,,,,,,,,,,,,,,,
1992-12-30 05:00:00,1017.5,1021.0,16.7,15.2,91.0,3.9,22.5,,,0.3,0.7,,,17.8,18.3,19.1,19.2,,,,10.0,,,,,,,,,,,,,,,,,,,,,19.5,,,5.0,,,,,,,,,
1992-12-30 06:00:00,,,,,,,,,,1.3,,,,,,,,,,,,,,,,,,,,,,,,,,,,,,,,,,,,,,,,,,,,
1992-12-30 07:00:00,,,,,,,,,,3.2,,,,,,,,,,,,,,,,,,,,,,,,,,,,,,,,,,,,,,,,,,,,
1992-12-30 08:00:00,1017.7,1021.2,16.6,15.5,93.0,2.5,45.0,,,2.2,1.0,0.0,,,,,,,,,10.0,,,,,,,,,,,,,,,,,,,,,,,,6.0,,,,,,,,,
1992-12-30 09:00:00,1019.0,1022.5,17.0,15.5,91.0,3.8,360.0,,,0.6,1.0,0.0,,,,,,,,,10.0,,,,,,,,,,,,,,,,,,,,,,,,6.0,,,,,,,,,
1992-12-30 10:00:00,,,,,,,,,,5.5,,,,,,,,,,,,,,,,,,,,,,,,,,,,,,,,,,,,,,,,,,,,
1992-12-30 11:00:00,1019.6,1023.1,17.2,16.1,93.0,0.7,45.0,,,2.1,1.0,0.0,,,,,,,,,10.0,,,,,,,,,,,,,,,,,,,,,,,,6.0,,,,,,,,,
1992-12-30 12:00:00,,,,,,,,,,1.4,,,,,,,,,,,,,,,,,,,,,,,,,,,,,,,,,,,,,,,,,,,,
1992-12-30 13:00:00,,,,,,,,,,1.0,,,,,,,,,,,,,,,,,,,,,,,,,,,,,,,,,,,,,,,,,,,,
1992-12-30 14:00:00,1016.5,1020.0,17.9,16.8,93.0,2.0,90.0,,,1.0,1.0,0.0,,18.9,18.5,19.0,19.0,,,,10.0,,,,,,,,,,,,,,,,,,,,,19.3,,,6.0,,,,,,,,,
1992-12-30 15:00:00,,,,,,,,,,0.3,,,,,,,,,,,,,,,,,,,,,,,,,,,,,,,,,,,,,,,,,,,,
1992-12-30 16:00:00,,,,,,,,,,0.0,,,,,,,,,,,,,,,,,,,,,,,,,,,,,,,,,,,,,,,,,,,,
1992-12-30 17:00:00,1016.0,1019.5,17.9,16.2,90.0,2.1,90.0,,,0.0,0.0,0.0,,,,,,,,,10.0,,,,,,,,,,,,,,,,,,,,,,,,12.0,,,,,,,,,
1992-12-30 18:00:00,,,,,,,,,,0.0,,,,,,,,,,,,,,,,,,,,,,,,,,,,,,,,,,,,,,,,,,,,
1992-12-30 19:00:00,,,,,,,,,,0.0,,,,,,,,,,,,,,,,,,,,,,,,,,,,,,,,,,,,,,,,,,,,
1992-12-30 20:00:00,1017.4,1020.9,17.7,15.5,87.0,1.4,360.0,,,0.0,0.0,,,,,,,,,,10.0,,,,,,,,,,,,,,,,,,,,,,,,10.0,,,,,,,,,
1992-12-30 21:00:00,1017.1,1020.6,17.3,15.5,89.0,2.2,45.0,,,0.0,0.0,,,18.3,18.3,19.0,19.0,,,,10.0,,,,,,,,,,,,,,,,,,,,,19.4,,,10.0,,,,,,,,,
1992-12-30 22:00:00,,,,,,,,,,0.0,,,,,,,,,,,,,,,,,,,,,,,,,,,,,,,,,,,,,,,,,,,,
1992-12-30 23:00:00,1017.5,1021.0,17.4,15.7,90.0,1.0,270.0,,,0.0,0.0,,,,,,,,,,10.0,,,,,,,,,,,,,,,,,,,,,,,,10.0,,,,,,,,,
1992-12-31 00:00:00,,,,,,,,,,0.0,,,,,,,,,,,,,,,,,,,,,,,,,,,,,,,,,,,,,,,,,,,,
1992-12-31 01:00:00,,,,,,,,,,0.0,,,,,,,,,,,,,,,,,,,,,,,,,,,,,,,,,,,,,,,,,,,,
1992-12-31 02:00:00,1017.5,1021.0,17.2,16.1,93.0,0.3,337.5,,,0.0,0.0,,,,,,,,,,10.0,,,,,,,,,,,,,,,,,,,,,,,,10.0,,,,,,,,,
1992-12-31 03:00:00,,,,,,,,,,0.0,,,,,,,,,,,,,,,,,,,,,,,,,,,,,,,,,,,,,,,,,,,,
1992-12-31 04:00:00,,,,,,,,,,0.0,,,,,,,,,,,,,,,,,,,,,,,,,,,,,,,,,,,,,,,,,,,,
1992-12-31 05:00:00,1019.2,1022.7,16.6,15.1,91.0,4.3,22.5,,,0.3,0.9,,,18.3,18.3,19.0,19.1,,,,10.0,,,,,,,,,,,,,,,,,,,,,19.3,,,8.0,,,,,,,,,
1992-12-31 06:00:00,,,,,,,,,,0.6,,,,,,,,,,,,,,,,,,,,,,,,,,,,,,,,,,,,,,,,,,,,
1992-12-31 07:00:00,,,,,,,,,,0.3,,,,,,,,,,,,,,,,,,,,,,,,,,,,,,,,,,,,,,,,,,,,
1992-12-31 08:00:00,1021.9,1025.4,15.6,13.8,89.0,5.1,45.0,,,0.0,0.0,0.0,,,,,,,,,10.0,,,,,,,,,,,,,,,,,,,,,,,,10.0,,,,,,,,,
1992-12-31 09:00:00,1022.7,1026.2,15.5,13.7,89.0,3.7,45.0,,,0.0,0.0,0.0,,,,,,,,,10.0,,,,,,,,,,,,,,,,,,,,,,,,10.0,,,,,,,,,
1992-12-31 10:00:00,,,,,,,,,,0.0,,,,,,,,,,,,,,,,,,,,,,,,,,,,,,,,,,,,,,,,,,,,
1992-12-31 11:00:00,1022.5,1026.0,16.2,12.8,80.0,5.6,45.0,,,0.0,0.0,0.0,,,,,,,,,10.0,,,,,,,,,,,,,,,,,,,,,,,,10.0,,,,,,,,,
1992-12-31 12:00:00,,,,,,,,,,0.0,,,,,,,,,,,,,,,,,,,,,,,,,,,,,,,,,,,,,,,,,,,,
1992-12-31 13:00:00,,,,,,,,,,0.0,,,,,,,,,,,,,,,,,,,,,,,,,,,,,,,,,,,,,,,,,,,,
1992-12-31 14:00:00,1020.5,1024.0,16.4,12.7,79.0,5.5,45.0,,,0.0,0.0,0.0,,18.5,18.2,19.0,19.0,,,,7.0,,,,,,,,,,,,,,,,,,,,,19.3,,,15.0,,,,,,,,,
1992-12-31 15:00:00,,,,,,,,,,0.0,,,,,,,,,,,,,,,,,,,,,,,,,,,,,,,,,,,,,,,,,,,,
1992-12-31 16:00:00,,,,,,,,,,0.0,,,,,,,,,,,,,,,,,,,,,,,,,,,,,,,,,,,,,,,,,,,,
1992-12-31 17:00:00,1020.8,1024.3,16.2,11.7,75.0,5.6,45.0,,,0.0,0.0,0.0,,,,,,,,,9.0,,,,,,,,,,,,,,,,,,,,,,,,12.0,,,,,,,,,
1992-12-31 18:00:00,,,,,,,,,,0.0,,,,,,,,,,,,,,,,,,,,,,,,,,,,,,,,,,,,,,,,,,,,
1992-12-31 19:00:00,,,,,,,,,,0.0,,,,,,,,,,,,,,,,,,,,,,,,,,,,,,,,,,,,,,,,,,,,
1992-12-31 20:00:00,1021.3,1024.8,15.5,11.3,76.0,5.0,45.0,,,0.0,0.0,,,,,,,,,,4.0,,,,,,,,,,,,,,,,,,,,,,,,10.0,,,,,,,,,
1992-12-31 21:00:00,1021.1,1024.6,15.4,11.2,76.0,6.4,45.0,,,0.0,0.0,,,16.4,17.4,18.3,18.8,,,,1.0,,,,,,,,,,,,,,,,,,,,,19.2,,,12.0,,,,,,,,,
1992-12-31 22:00:00,,,,,,,,,,0.0,,,,,,,,,,,,,,,,,,,,,,,,,,,,,,,,,,,,,,,,,,,,
1992-12-31 23:00:00,1020.7,1024.2,15.7,10.7,72.0,6.7,45.0,,,0.0,0.0,,,,,,,,,,1.0,,,,,,,,,,,,,,,,,,,,,,,,12.0,,,,,,,,,
1993-01-01 00:00:00,,,,,,,,,,0.0,,,,,,,,,,,,,,,,,,,,,,,,,,,,,,,,,,,,,,,,,,,,
