,StnPres,Tx,RH,WS,WD,WSGust,WDGust,Precp,AirTemperature.Instantaneousf,GlobalSolarRadiation.Accumulationf,GloblRad,PeakGust.Directionf,PeakGust.MaximumTime,PeakGust.MaximumTimef,PeakGust.Maximumf,Precipitation.Accumulationf,Precipitation.MeltFlag,Precipitation.MeltFlagf,RelativeHumidity.Instantaneousf,SoilTemperatureAt0cm.Instantaneousf,SoilTemperatureAt100cm.Instantaneousf,SoilTemperatureAt10cm.Instantaneousf,SoilTemperatureAt20cm.Instantaneousf,SoilTemperatureAt50cm.Instantaneousf,SoilTemperatureAt5cm.Instantaneousf,StationPressure.Instantaneousf,SunShine,SunshineDuration.Totalf,TxSoil0cm,TxSoil100cm,TxSoil10cm,TxSoil20cm,TxSoil50cm,TxSoil5cm,WindDirection.Meanf,WindSpeed.Meanf
2012-01-01 01:00:00,1000.1,15.4,82,1.1,36.0,,,0.0,,,,,,,,,,,,,,,,,,,,,,,,,,,,
2012-01-01 02:00:00,999.8,15.4,82,0.9,43.0,,,-999.6,,,,,,,,,,,,,,,,,,,,,,,,,,,,
2012-01-01 03:00:00,1000.2,15.2,82,1.1,32.0,,,0.0,,,,,,,,,,,,,,,,,,,,,,,,,,,,
2012-01-01 04:00:00,1000.5,15.4,81,1.0,24.0,,,0.0,,,,,,,,,,,,,,,,,,,,,,,,,,,,
2012-01-01 05:00:00,1000.5,15.2,81,1.2,37.0,,,0.0,,,,,,,,,,,,,,,,,,,,,,,,,,,,
2012-01-01 06:00:00,1001.0,15.1,81,1.3,28.0,,,0.0,,,,,,,,,,,,,,,,,,,,,,,,,,,,
2012-01-01 07:00:00,1001.2,15.0,81,0.9,36.0,,,0.0,,,,,,,,,,,,,,,,,,,,,,,,,,,,
2012-01-01 08:00:00,1001.5,15.7,77,1.2,37.0,,,0.0,,,,,,,,,,,,,,,,,,,,,,,,,,,,
2012-01-01 09:00:00,1002.2,17.5,70,1.2,32.0,,,0.0,,,,,,,,,,,,,,,,,,,,,,,,,,,,
2012-01-01 10:00:00,1002.1,18.8,65,1.4,33.0,,,0.0,,,,,,,,,,,,,,,,,,,,,,,,,,,,
2012-01-01 11:00:00,1001.2,20.1,61,1.9,17.0,,,0.0,,,,,,,,,,,,,,,,,,,,,,,,,,,,
2012-01-01 12:00:00,999.7,20.7,57,1.7,23.0,,,0.0,,,,,,,,,,,,,,,,,,,,,,,,,,,,
2012-01-01 13:00:00,998.4,21.1,56,1.7,350.0,,,0.0,,,,,,,,,,,,,,,,,,,,,,,,,,,,
2012-01-01 14:00:00,998.4,19.5,61,2.7,18.0,,,-999.6,,,,,,,,,,,,,,,,,,,,,,,,,,,,
2012-01-01 15:00:00,998.1,18.5,64,2.2,27.0,,,0.0,,,,,,,,,,,,,,,,,,,,,,,,,,,,
2012-01-01 16:00:00,998.1,18.6,64,1.8,34.0,,,0.0,,,,,,,,,,,,,,,,,,,,,,,,,,,,
2012-01-01 17:00:00,998.7,16.6,71,1.1,11.0,,,0.0,,,,,,,,,,,,,,,,,,,,,,,,,,,,
2012-01-01 18:00:00,999.1,15.7,74,1.5,30.0,,,0.0,,,,,,,,,,,,,,,,,,,,,,,,,,,,
2012-01-01 19:00:00,999.6,15.1,75,1.2,29.0,,,0.0,,,,,,,,,,,,,,,,,,,,,,,,,,,,
2012-01-01 20:00:00,999.9,14.7,76,1.7,26.0,,,0.0,,,,,,,,,,,,,,,,,,,,,,,,,,,,
2012-01-01 21:00:00,1000.0,14.5,76,1.6,30.0,,,0.0,,,,,,,,,,,,,,,,,,,,,,,,,,,,
2012-01-01 22:00:00,999.4,14.3,77,1.6,29.0,,,-999.6,,,,,,,,,,,,,,,,,,,,,,,,,,,,
2012-01-01 23:00:00,999.1,13.9,77,1.9,31.0,,,0.0,,,,,,,,,,,,,,,,,,,,,,,,,,,,
2012-01-02 00:00:00,999.0,13.8,77,1.4,36.0,,,0.0,,,,,,,,,,,,,,,,,,,,,,,,,,,,
2012-01-02 01:00:00,999.0,13.9,76,1.7,35.0,,,0.0,,,,,,,,,,,,,,,,,,,,,,,,,,,,
2012-01-02 02:00:00,998.4,14.5,75,1.4,28.0,,,0.0,,,,,,,,,,,,,,,,,,,,,,,,,,,,
2012-01-02 03:00:00,998.1,14.5,74,1.2,23.0,,,0.0,,,,,,,,,,,,,,,,,,,,,,,,,,,,
2012-01-02 04:00:00,998.4,14.5,74,1.0,40.0,,,0.0,,,,,,,,,,,,,,,,,,,,,,,,,,,,
2012-01-02 05:00:00,999.1,14.5,75,1.2,30.0,,,0.0,,,,,,,,,,,,,,,,,,,,,,,,,,,,
2012-01-02 06:00:00,999.6,14.8,73,1.1,35.0,,,0.0,,,,,,,,,,,,,,,,,,,,,,,,,,,,
2012-01-02 07:00:00,1000.0,14.8,73,1.1,23.0,,,0.0,,,,,,,,,,,,,,,,,,,,,,,,,,,,
2012-01-02 08:00:00,1000.5,15.1,71,0.9,44.0,,,0.0,,,,,,,,,,,,,,,,,,,,,,,,,,,,
2012-01-02 09:00:00,1000.7,16.4,67,0.5,339.0,,,0.0,,,,,,,,,,,,,,,,,,,,,,,,,,,,
2012-01-02 10:00:00,1000.6,17.3,64,0.7,30.0,,,0.0,,,,,,,,,,,,,,,,,,,,,,,,,,,,
2012-01-02 11:00:00,1000.2,18.0,61,0.6,31.0,,,0.0,,,,,,,,,,,,,,,,,,,,,,,,,,,,
2012-01-02 12:00:00,999.7,19.7,58,0.8,307.0,,,0.0,,,,,,,,,,,,,,,,,,,,,,,,,,,,
2012-01-02 13:00:00,999.3,18.4,59,1.3,329.0,,,0.0,,,,,,,,,,,,,,,,,,,,,,,,,,,,
2012-01-02 14:00:00,998.7,19.3,58,0.8,327.0,,,0.0,,,,,,,,,,,,,,,,,,,,,,,,,,,,
2012-01-02 15:00:00,998.6,18.9,58,1.0,336.0,,,0.0,,,,,,,,,,,,,,,,,,,,,,,,,,,,
2012-01-02 16:00:00,998.6,18.2,58,1.0,348.0,,,0.0,,,,,,,,,,,,,,,,,,,,,,,,,,,,
2012-01-02 17:00:00,998.9,17.3,61,1.8,26.0,,,0.0,,,,,,,,,,,,,,,,,,,,,,,,,,,,
2012-01-02 18:00:00,999.0,16.5,66,0.9,34.0,,,-999.6,,,,,,,,,,,,,,,,,,,,,,,,,,,,
2012-01-02 19:00:00,999.1,16.2,72,1.3,32.0,,,0.0,,,,,,,,,,,,,,,,,,,,,,,,,,,,
2012-01-02 20:00:00,999.0,16.4,70,0.4,88.0,,,0.0,,,,,,,,,,,,,,,,,,,,,,,,,,,,
2012-01-02 21:00:00,998.4,16.1,74,0.4,285.0,,,0.0,,,,,,,,,,,,,,,,,,,,,,,,,,,,
2012-01-02 22:00:00,999.0,14.3,80,0.9,16.0,,,0.0,,,,,,,,,,,,,,,,,,,,,,,,,,,,
2012-01-02 23:00:00,998.7,14.4,79,0.7,6.0,,,0.0,,,,,,,,,,,,,,,,,,,,,,,,,,,,
2012-01-03 00:00:00,999.0,14.0,81,0.5,343.0,,,0.0,,,,,,,,,,,,,,,,,,,,,,,,,,,,
2012-01-03 01:00:00,999.1,13.6,83,0.6,45.0,,,0.0,,,,,,,,,,,,,,,,,,,,,,,,,,,,
2012-01-03 02:00:00,999.0,13.1,87,0.1,0.0,,,0.0,,,,,,,,,,,,,,,,,,,,,,,,,,,,
2012-01-03 03:00:00,998.5,12.7,89,0.0,0.0,,,0.0,,,,,,,,,,,,,,,,,,,,,,,,,,,,
2012-01-03 04:00:00,998.6,12.8,89,0.0,0.0,,,0.0,,,,,,,,,,,,,,,,,,,,,,,,,,,,
2012-01-03 05:00:00,998.4,13.0,88,0.4,50.0,,,-999.6,,,,,,,,,,,,,,,,,,,,,,,,,,,,
2012-01-03 06:00:00,998.9,13.1,88,0.2,0.0,,,0.0,,,,,,,,,,,,,,,,,,,,,,,,,,,,
2012-01-03 07:00:00,999.4,12.5,92,0.1,0.0,,,0.0,,,,,,,,,,,,,,,,,,,,,,,,,,,,
2012-01-03 08:00:00,1000.0,14.6,82,0.1,0.0,,,0.0,,,,,,,,,,,,,,,,,,,,,,,,,,,,
2012-01-03 09:00:00,1000.3,17.9,68,0.4,223.0,,,0.0,,,,,,,,,,,,,,,,,,,,,,,,,,,,
2012-01-03 10:00:00,1000.3,19.7,62,0.4,253.0,,,0.0,,,,,,,,,,,,,,,,,,,,,,,,,,,,
2012-01-03 11:00:00,999.6,21.1,54,0.6,226.0,,,0.0,,,,,,,,,,,,,,,,,,,,,,,,,,,,
2012-01-03 12:00:00,998.8,21.9,53,0.9,337.0,,,0.0,,,,,,,,,,,,,,,,,,,,,,,,,,,,
2012-01-03 13:00:00,998.0,21.5,57,1.0,316.0,,,0.0,,,,,,,,,,,,,,,,,,,,,,,,,,,,
2012-01-03 14:00:00,997.4,21.6,56,0.8,11.0,,,0.0,,,,,,,,,,,,,,,,,,,,,,,,,,,,
2012-01-03 15:00:00,997.4,21.3,61,1.0,333.0,,,0.0,,,,,,,,,,,,,,,,,,,,,,,,,,,,
2012-01-03 16:00:00,997.4,20.5,67,1.3,316.0,,,0.0,,,,,,,,,,,,,,,,,,,,,,,,,,,,
2012-01-03 17:00:00,998.0,18.3,78,1.5,353.0,,,0.0,,,,,,,,,,,,,,,,,,,,,,,,,,,,
2012-01-03 18:00:00,998.7,17.8,78,1.5,32.0,,,0.0,,,,,,,,,,,,,,,,,,,,,,,,,,,,
2012-01-03 19:00:00,998.6,17.4,77,1.2,29.0,,,0.0,,,,,,,,,,,,,,,,,,,,,,,,,,,,
2012-01-03 20:00:00,998.9,17.3,78,1.1,30.0,,,0.0,,,,,,,,,,,,,,,,,,,,,,,,,,,,
2012-01-03 21:00:00,999.7,16.5,80,1.3,15.0,,,0.0,,,,,,,,,,,,,,,,,,,,,,,,,,,,
2012-01-03 22:00:00,1000.6,15.9,80,1.7,27.0,,,0.0,,,,,,,,,,,,,,,,,,,,,,,,,,,,
2012-01-03 23:00:00,1000.3,16.0,79,1.3,34.0,,,0.0,,,,,,,,,,,,,,,,,,,,,,,,,,,,
2012-01-04 00:00:00,1000.4,15.2,82,1.0,26.0,,,0.0,,,,,,,,,,,,,,,,,,,,,,,,,,,,
2012-01-04 01:00:00,1000.2,14.7,82,1.4,23.0,,,0.0,,,,,,,,,,,,,,,,,,,,,,,,,,,,
2012-01-04 02:00:00,1000.5,13.9,79,2.3,30.0,,,0.0,,,,,,,,,,,,,,,,,,,,,,,,,,,,
2012-01-04 03:00:00,1000.9,13.5,78,2.4,33.0,,,0.0,,,,,,,,,,,,,,,,,,,,,,,,,,,,
2012-01-04 04:00:00,1001.1,13.2,80,2.3,40.0,,,0.0,,,,,,,,,,,,,,,,,,,,,,,,,,,,
2012-01-04 05:00:00,1001.5,12.4,82,2.1,28.0,,,0.0,,,,,,,,,,,,,,,,,,,,,,,,,,,,
2012-01-04 06:00:00,1002.4,11.8,83,2.2,25.0,,,0.0,,,,,,,,,,,,,,,,,,,,,,,,,,,,
2012-01-04 07:00:00,1003.0,11.4,82,2.0,24.0,,,0.0,,,,,,,,,,,,,,,,,,,,,,,,,,,,
2012-01-04 08:00:00,1003.1,12.4,77,1.8,35.0,,,0.0,,,,,,,,,,,,,,,,,,,,,,,,,,,,
2012-01-04 09:00:00,1004.0,12.4,76,2.2,33.0,,,0.0,,,,,,,,,,,,,,,,,,,,,,,,,,,,
2012-01-04 10:00:00,1004.1,12.7,75,2.0,27.0,,,0.0,,,,,,,,,,,,,,,,,,,,,,,,,,,,
2012-01-04 11:00:00,1003.1,12.8,75,1.8,31.0,,,0.0,,,,,,,,,,,,,,,,,,,,,,,,,,,,
2012-01-04 12:00:00,1002.2,12.7,73,2.3,30.0,,,0.0,,,,,,,,,,,,,,,,,,,,,,,,,,,,
2012-01-04 13:00:00,1001.5,12.5,72,2.4,32.0,,,0.0,,,,,,,,,,,,,,,,,,,,,,,,,,,,
2012-01-04 14:00:00,1000.4,12.9,71,1.7,33.0,,,0.0,,,,,,,,,,,,,,,,,,,,,,,,,,,,
2012-01-04 15:00:00,1000.4,12.3,72,1.6,28.0,,,0.0,,,,,,,,,,,,,,,,,,,,,,,,,,,,
2012-01-04 16:00:00,1000.4,11.7,73,1.7,27.0,,,0.0,,,,,,,,,,,,,,,,,,,,,,,,,,,,
2012-01-04 17:00:00,1000.3,11.3,75,1.7,23.0,,,0.0,,,,,,,,,,,,,,,,,,,,,,,,,,,,
2012-01-04 18:00:00,1001.3,10.4,75,1.8,28.0,,,0.0,,,,,,,,,,,,,,,,,,,,,,,,,,,,
2012-01-04 19:00:00,1001.9,10.5,75,1.6,31.0,,,0.0,,,,,,,,,,,,,,,,,,,,,,,,,,,,
2012-01-04 20:00:00,1002.5,10.6,74,1.2,31.0,,,0.0,,,,,,,,,,,,,,,,,,,,,,,,,,,,
2012-01-04 21:00:00,1002.2,10.9,73,1.9,42.0,,,0.0,,,,,,,,,,,,,,,,,,,,,,,,,,,,
2012-01-04 22:00:00,1001.3,11.1,73,1.2,37.0,,,0.0,,,,,,,,,,,,,,,,,,,,,,,,,,,,
2012-01-04 23:00:00,1001.8,10.8,73,1.8,30.0,,,0.0,,,,,,,,,,,,,,,,,,,,,,,,,,,,
2012-01-05 00:00:00,1001.9,11.1,74,1.1,28.0,,,0.0,,,,,,,,,,,,,,,,,,,,,,,,,,,,
2012-01-05 01:00:00,1001.3,11.3,73,1.3,35.0,,,0.0,,,,,,,,,,,,,,,,,,,,,,,,,,,,
2012-01-05 02:00:00,1001.5,11.1,75,1.5,39.0,,,0.0,,,,,,,,,,,,,,,,,,,,,,,,,,,,
2012-01-05 03:00:00,1001.8,11.4,76,1.4,31.0,,,0.0,,,,,,,,,,,,,,,,,,,,,,,,,,,,
2012-01-05 04:00:00,1001.3,11.7,75,1.1,23.0,,,0.0,,,,,,,,,,,,,,,,,,,,,,,,,,,,
2012-01-05 05:00:00,1000.9,11.3,84,0.8,26.0,,,0.0,,,,,,,,,,,,,,,,,,,,,,,,,,,,
2012-01-05 06:00:00,1001.8,10.9,85,1.2,18.0,,,0.0,,,,,,,,,,,,,,,,,,,,,,,,,,,,
2012-01-05 07:00:00,1002.5,10.6,90,1.6,39.0,,,0.0,,,,,,,,,,,,,,,,,,,,,,,,,,,,
2012-01-05 08:00:00,1002.8,11.1,90,1.3,33.0,,,0.5,,,,,,,,,,,,,,,,,,,,,,,,,,,,
2012-01-05 09:00:00,1003.4,11.2,89,1.3,15.0,,,0.0,,,,,,,,,,,,,,,,,,,,,,,,,,,,
2012-01-05 10:00:00,1003.7,11.6,84,1.8,30.0,,,0.0,,,,,,,,,,,,,,,,,,,,,,,,,,,,
2012-01-05 11:00:00,1003.0,12.2,84,1.5,37.0,,,0.0,,,,,,,,,,,,,,,,,,,,,,,,,,,,
2012-01-05 12:00:00,1001.8,12.6,86,0.8,62.0,,,0.0,,,,,,,,,,,,,,,,,,,,,,,,,,,,
2012-01-05 13:00:00,1001.0,12.8,92,0.9,347.0,,,1.5,,,,,,,,,,,,,,,,,,,,,,,,,,,,
2012-01-05 14:00:00,1000.3,12.6,94,0.8,326.0,,,0.0,,,,,,,,,,,,,,,,,,,,,,,,,,,,
2012-01-05 15:00:00,999.9,12.6,95,0.7,349.0,,,1.5,,,,,,,,,,,,,,,,,,,,,,,,,,,,
2012-01-05 16:00:00,1000.0,12.6,92,1.2,30.0,,,0.5,,,,,,,,,,,,,,,,,,,,,,,,,,,,
2012-01-05 17:00:00,1000.0,12.8,93,1.1,40.0,,,0.5,,,,,,,,,,,,,,,,,,,,,,,,,,,,
2012-01-05 18:00:00,999.9,13.2,92,0.7,327.0,,,0.0,,,,,,,,,,,,,,,,,,,,,,,,,,,,
2012-01-05 19:00:00,999.9,12.9,92,0.8,304.0,,,0.0,,,,,,,,,,,,,,,,,,,,,,,,,,,,
2012-01-05 20:00:00,1000.3,13.3,92,0.8,22.0,,,0.0,,,,,,,,,,,,,,,,,,,,,,,,,,,,
2012-01-05 21:00:00,999.7,13.2,93,0.6,34.0,,,0.0,,,,,,,,,,,,,,,,,,,,,,,,,,,,
2012-01-05 22:00:00,1000.1,13.3,91,0.9,352.0,,,0.0,,,,,,,,,,,,,,,,,,,,,,,,,,,,
2012-01-05 23:00:00,1000.0,13.1,93,0.8,308.0,,,0.0,,,,,,,,,,,,,,,,,,,,,,,,,,,,
2012-01-06 00:00:00,999.6,13.3,91,0.9,8.0,,,0.0,,,,,,,,,,,,,,,,,,,,,,,,,,,,
2012-01-06 01:00:00,999.9,13.7,91,0.2,0.0,,,0.0,,,,,,,,,,,,,,,,,,,,,,,,,,,,
2012-01-06 02:00:00,999.4,13.5,94,0.3,10.0,,,0.5,,,,,,,,,,,,,,,,,,,,,,,,,,,,
2012-01-06 03:00:00,999.2,13.8,91,1.2,38.0,,,-999.6,,,,,,,,,,,,,,,,,,,,,,,,,,,,
2012-01-06 04:00:00,999.3,13.9,94,0.6,38.0,,,0.5,,,,,,,,,,,,,,,,,,,,,,,,,,,,
2012-01-06 05:00:00,999.6,14.1,96,0.3,52.0,,,1.0,,,,,,,,,,,,,,,,,,,,,,,,,,,,
2012-01-06 06:00:00,1000.3,14.2,96,0.3,248.0,,,0.0,,,,,,,,,,,,,,,,,,,,,,,,,,,,
2012-01-06 07:00:00,1000.8,14.2,97,0.0,0.0,,,0.5,,,,,,,,,,,,,,,,,,,,,,,,,,,,
2012-01-06 08:00:00,1001.1,15.0,96,0.6,336.0,,,0.0,,,,,,,,,,,,,,,,,,,,,,,,,,,,
2012-01-06 09:00:00,1001.2,15.4,92,1.0,29.0,,,-999.6,,,,,,,,,,,,,,,,,,,,,,,,,,,,
2012-01-06 10:00:00,1001.2,16.4,89,0.9,360.0,,,0.0,,,,,,,,,,,,,,,,,,,,,,,,,,,,
2012-01-06 11:00:00,1000.7,16.8,89,1.1,7.0,,,0.0,,,,,,,,,,,,,,,,,,,,,,,,,,,,
2012-01-06 12:00:00,1000.6,17.0,89,1.1,6.0,,,0.0,,,,,,,,,,,,,,,,,,,,,,,,,,,,
2012-01-06 13:00:00,1000.2,16.3,95,0.9,23.0,,,2.0,,,,,,,,,,,,,,,,,,,,,,,,,,,,
2012-01-06 14:00:00,1000.1,16.6,92,0.8,33.0,,,1.0,,,,,,,,,,,,,,,,,,,,,,,,,,,,
2012-01-06 15:00:00,1000.0,16.4,93,1.0,18.0,,,1.0,,,,,,,,,,,,,,,,,,,,,,,,,,,,
2012-01-06 16:00:00,1000.6,16.1,96,0.8,10.0,,,3.5,,,,,,,,,,,,,,,,,,,,,,,,,,,,
2012-01-06 17:00:00,1001.1,15.8,95,1.0,34.0,,,1.0,,,,,,,,,,,,,,,,,,,,,,,,,,,,
2012-01-06 18:00:00,1001.3,15.7,95,1.1,330.0,,,0.5,,,,,,,,,,,,,,,,,,,,,,,,,,,,
2012-01-06 19:00:00,1001.5,15.8,96,0.6,319.0,,,0.0,,,,,,,,,,,,,,,,,,,,,,,,,,,,
2012-01-06 20:00:00,1001.6,15.8,94,1.0,30.0,,,0.0,,,,,,,,,,,,,,,,,,,,,,,,,,,,
2012-01-06 21:00:00,1002.2,15.7,94,0.7,13.0,,,0.0,,,,,,,,,,,,,,,,,,,,,,,,,,,,
2012-01-06 22:00:00,1002.2,15.6,93,1.2,33.0,,,0.0,,,,,,,,,,,,,,,,,,,,,,,,,,,,
2012-01-06 23:00:00,1002.0,15.5,93,1.1,32.0,,,0.0,,,,,,,,,,,,,,,,,,,,,,,,,,,,
2012-01-07 00:00:00,1001.8,15.6,93,1.2,31.0,,,0.0,,,,,,,,,,,,,,,,,,,,,,,,,,,,
2012-01-07 01:00:00,1001.7,15.4,93,0.9,37.0,,,0.0,,,,,,,,,,,,,,,,,,,,,,,,,,,,
2012-01-07 02:00:00,1001.3,15.4,92,1.2,24.0,,,0.0,,,,,,,,,,,,,,,,,,,,,,,,,,,,
2012-01-07 03:00:00,1001.1,15.4,91,1.0,32.0,,,0.0,,,,,,,,,,,,,,,,,,,,,,,,,,,,
2012-01-07 04:00:00,1001.0,15.4,90,1.2,37.0,,,0.0,,,,,,,,,,,,,,,,,,,,,,,,,,,,
2012-01-07 05:00:00,1001.0,15.3,89,1.2,28.0,,,0.0,,,,,,,,,,,,,,,,,,,,,,,,,,,,
2012-01-07 06:00:00,1001.1,15.1,88,1.1,35.0,,,0.0,,,,,,,,,,,,,,,,,,,,,,,,,,,,
2012-01-07 07:00:00,1001.5,14.9,90,1.1,32.0,,,0.0,,,,,,,,,,,,,,,,,,,,,,,,,,,,
2012-01-07 08:00:00,1002.0,15.6,86,1.2,28.0,,,0.0,,,,,,,,,,,,,,,,,,,,,,,,,,,,
2012-01-07 09:00:00,1002.4,17.3,80,1.4,20.0,,,0.0,,,,,,,,,,,,,,,,,,,,,,,,,,,,
2012-01-07 10:00:00,1002.7,18.7,74,1.2,346.0,,,0.0,,,,,,,,,,,,,,,,,,,,,,,,,,,,
2012-01-07 11:00:00,1002.5,19.5,70,1.9,28.0,,,0.0,,,,,,,,,,,,,,,,,,,,,,,,,,,,
2012-01-07 12:00:00,1001.5,20.8,66,1.4,337.0,,,0.0,,,,,,,,,,,,,,,,,,,,,,,,,,,,
2012-01-07 13:00:00,1001.1,21.8,63,1.3,349.0,,,0.0,,,,,,,,,,,,,,,,,,,,,,,,,,,,
2012-01-07 14:00:00,1000.8,20.6,71,1.9,324.0,,,0.0,,,,,,,,,,,,,,,,,,,,,,,,,,,,
2012-01-07 15:00:00,1000.8,19.9,73,1.8,326.0,,,0.0,,,,,,,,,,,,,,,,,,,,,,,,,,,,
2012-01-07 16:00:00,1000.9,18.8,78,1.4,330.0,,,0.0,,,,,,,,,,,,,,,,,,,,,,,,,,,,
2012-01-07 17:00:00,1001.4,17.5,84,1.2,336.0,,,0.0,,,,,,,,,,,,,,,,,,,,,,,,,,,,
2012-01-07 18:00:00,1001.6,17.1,85,0.8,17.0,,,0.0,,,,,,,,,,,,,,,,,,,,,,,,,,,,
2012-01-07 19:00:00,1002.0,16.8,85,1.0,11.0,,,0.0,,,,,,,,,,,,,,,,,,,,,,,,,,,,
2012-01-07 20:00:00,1002.4,16.5,86,0.8,35.0,,,0.0,,,,,,,,,,,,,,,,,,,,,,,,,,,,
2012-01-07 21:00:00,1002.6,15.8,91,1.1,333.0,,,0.0,,,,,,,,,,,,,,,,,,,,,,,,,,,,
2012-01-07 22:00:00,1002.5,16.2,90,0.9,337.0,,,0.0,,,,,,,,,,,,,,,,,,,,,,,,,,,,
2012-01-07 23:00:00,1002.5,16.6,88,0.7,39.0,,,0.0,,,,,,,,,,,,,,,,,,,,,,,,,,,,
2012-01-08 00:00:00,1002.5,16.6,86,1.0,38.0,,,0.0,,,,,,,,,,,,,,,,,,,,,,,,,,,,
2012-01-08 01:00:00,1002.4,16.4,88,0.8,27.0,,,0.0,,,,,,,,,,,,,,,,,,,,,,,,,,,,
2012-01-08 02:00:00,1002.2,16.3,89,0.8,333.0,,,0.0,,,,,,,,,,,,,,,,,,,,,,,,,,,,
2012-01-08 03:00:00,1002.4,16.3,87,0.6,356.0,,,0.0,,,,,,,,,,,,,,,,,,,,,,,,,,,,
2012-01-08 04:00:00,1002.8,16.2,86,0.9,34.0,,,0.0,,,,,,,,,,,,,,,,,,,,,,,,,,,,
2012-01-08 05:00:00,1002.5,16.3,84,0.4,32.0,,,0.0,,,,,,,,,,,,,,,,,,,,,,,,,,,,
2012-01-08 06:00:00,1002.8,15.6,83,1.0,65.0,,,0.0,,,,,,,,,,,,,,,,,,,,,,,,,,,,
2012-01-08 07:00:00,1003.0,15.5,86,0.5,64.0,,,0.0,,,,,,,,,,,,,,,,,,,,,,,,,,,,
2012-01-08 08:00:00,1003.0,17.2,80,1.2,35.0,,,0.0,,,,,,,,,,,,,,,,,,,,,,,,,,,,
2012-01-08 09:00:00,1003.4,18.9,73,1.6,40.0,,,0.0,,,,,,,,,,,,,,,,,,,,,,,,,,,,
2012-01-08 10:00:00,1003.4,20.6,70,1.3,22.0,,,0.0,,,,,,,,,,,,,,,,,,,,,,,,,,,,
2012-01-08 11:00:00,1002.7,21.2,68,1.4,356.0,,,0.0,,,,,,,,,,,,,,,,,,,,,,,,,,,,
2012-01-08 12:00:00,1001.6,21.2,71,1.2,345.0,,,0.0,,,,,,,,,,,,,,,,,,,,,,,,,,,,
2012-01-08 13:00:00,1000.9,21.3,73,1.6,28.0,,,0.0,,,,,,,,,,,,,,,,,,,,,,,,,,,,
2012-01-08 14:00:00,1000.3,20.6,74,1.5,14.0,,,0.0,,,,,,,,,,,,,,,,,,,,,,,,,,,,
2012-01-08 15:00:00,999.9,19.7,78,1.6,17.0,,,0.0,,,,,,,,,,,,,,,,,,,,,,,,,,,,
2012-01-08 16:00:00,999.8,19.2,81,1.2,31.0,,,0.0,,,,,,,,,,,,,,,,,,,,,,,,,,,,
2012-01-08 17:00:00,1000.3,18.0,85,1.8,31.0,,,0.0,,,,,,,,,,,,,,,,,,,,,,,,,,,,
2012-01-08 18:00:00,1000.5,17.7,86,1.7,28.0,,,0.0,,,,,,,,,,,,,,,,,,,,,,,,,,,,
2012-01-08 19:00:00,1000.8,17.4,86,1.6,35.0,,,0.0,,,,,,,,,,,,,,,,,,,,,,,,,,,,
2012-01-08 20:00:00,1001.2,17.2,87,0.8,15.0,,,0.0,,,,,,,,,,,,,,,,,,,,,,,,,,,,
2012-01-08 21:00:00,1001.3,17.2,86,1.0,21.0,,,0.0,,,,,,,,,,,,,,,,,,,,,,,,,,,,
2012-01-08 22:00:00,1001.2,17.2,87,1.1,36.0,,,0.0,,,,,,,,,,,,,,,,,,,,,,,,,,,,
2012-01-08 23:00:00,1001.1,17.1,87,0.8,28.0,,,0.0,,,,,,,,,,,,,,,,,,,,,,,,,,,,
2012-01-09 00:00:00,1001.1,16.8,88,0.6,40.0,,,0.0,,,,,,,,,,,,,,,,,,,,,,,,,,,,
2012-01-09 01:00:00,1001.1,16.3,92,0.2,0.0,,,0.0,,,,,,,,,,,,,,,,,,,,,,,,,,,,
2012-01-09 02:00:00,1000.6,17.0,88,0.8,38.0,,,0.0,,,,,,,,,,,,,,,,,,,,,,,,,,,,
2012-01-09 03:00:00,1000.2,16.8,86,1.0,35.0,,,0.0,,,,,,,,,,,,,,,,,,,,,,,,,,,,
2012-01-09 04:00:00,1000.6,16.7,86,0.9,37.0,,,0.0,,,,,,,,,,,,,,,,,,,,,,,,,,,,
2012-01-09 05:00:00,1000.6,16.7,86,0.8,33.0,,,0.0,,,,,,,,,,,,,,,,,,,,,,,,,,,,
2012-01-09 06:00:00,1001.5,17.1,87,1.8,28.0,,,0.0,,,,,,,,,,,,,,,,,,,,,,,,,,,,
2012-01-09 07:00:00,1001.5,16.6,88,1.6,29.0,,,0.0,,,,,,,,,,,,,,,,,,,,,,,,,,,,
2012-01-09 08:00:00,1001.6,16.9,85,1.7,31.0,,,0.0,,,,,,,,,,,,,,,,,,,,,,,,,,,,
2012-01-09 09:00:00,1002.1,18.1,78,1.9,35.0,,,0.0,,,,,,,,,,,,,,,,,,,,,,,,,,,,
2012-01-09 10:00:00,1002.1,19.6,72,1.4,17.0,,,0.0,,,,,,,,,,,,,,,,,,,,,,,,,,,,
2012-01-09 11:00:00,1001.4,20.3,69,1.7,34.0,,,0.0,,,,,,,,,,,,,,,,,,,,,,,,,,,,
2012-01-09 12:00:00,1000.5,21.2,65,1.7,16.0,,,0.0,,,,,,,,,,,,,,,,,,,,,,,,,,,,
2012-01-09 13:00:00,999.4,21.9,63,1.7,323.0,,,0.0,,,,,,,,,,,,,,,,,,,,,,,,,,,,
2012-01-09 14:00:00,998.7,22.3,61,1.9,33.0,,,0.0,,,,,,,,,,,,,,,,,,,,,,,,,,,,
2012-01-09 15:00:00,998.5,21.5,65,2.1,20.0,,,0.0,,,,,,,,,,,,,,,,,,,,,,,,,,,,
2012-01-09 16:00:00,998.6,20.5,69,1.4,12.0,,,0.0,,,,,,,,,,,,,,,,,,,,,,,,,,,,
2012-01-09 17:00:00,999.0,19.0,75,1.0,7.0,,,0.0,,,,,,,,,,,,,,,,,,,,,,,,,,,,
2012-01-09 18:00:00,999.6,17.7,80,1.7,26.0,,,-999.6,,,,,,,,,,,,,,,,,,,,,,,,,,,,
2012-01-09 19:00:00,999.8,17.4,81,1.0,41.0,,,0.0,,,,,,,,,,,,,,,,,,,,,,,,,,,,
2012-01-09 20:00:00,1000.4,17.0,82,1.5,30.0,,,0.0,,,,,,,,,,,,,,,,,,,,,,,,,,,,
2012-01-09 21:00:00,1000.3,16.8,82,1.5,29.0,,,0.0,,,,,,,,,,,,,,,,,,,,,,,,,,,,
2012-01-09 22:00:00,1000.3,16.7,83,1.1,24.0,,,0.0,,,,,,,,,,,,,,,,,,,,,,,,,,,,
2012-01-09 23:00:00,1000.4,16.2,85,1.4,36.0,,,0.0,,,,,,,,,,,,,,,,,,,,,,,,,,,,
2012-01-10 00:00:00,1000.3,15.9,86,1.4,36.0,,,0.0,,,,,,,,,,,,,,,,,,,,,,,,,,,,
2012-01-10 01:00:00,1000.2,15.7,86,0.9,37.0,,,0.0,,,,,,,,,,,,,,,,,,,,,,,,,,,,
2012-01-10 02:00:00,1000.3,15.7,86,1.1,37.0,,,0.0,,,,,,,,,,,,,,,,,,,,,,,,,,,,
2012-01-10 03:00:00,999.9,15.7,86,1.5,20.0,,,0.0,,,,,,,,,,,,,,,,,,,,,,,,,,,,
2012-01-10 04:00:00,999.8,15.4,86,1.4,39.0,,,0.0,,,,,,,,,,,,,,,,,,,,,,,,,,,,
2012-01-10 05:00:00,999.9,15.5,83,1.7,28.0,,,0.0,,,,,,,,,,,,,,,,,,,,,,,,,,,,
2012-01-10 06:00:00,1000.3,15.5,83,1.5,38.0,,,0.0,,,,,,,,,,,,,,,,,,,,,,,,,,,,
2012-01-10 07:00:00,1000.3,15.8,83,1.2,32.0,,,0.0,,,,,,,,,,,,,,,,,,,,,,,,,,,,
2012-01-10 08:00:00,1000.5,17.2,77,1.5,30.0,,,0.0,,,,,,,,,,,,,,,,,,,,,,,,,,,,
2012-01-10 09:00:00,1001.2,17.8,76,1.3,21.0,,,0.0,,,,,,,,,,,,,,,,,,,,,,,,,,,,
2012-01-10 10:00:00,1001.2,20.1,68,1.7,26.0,,,0.0,,,,,,,,,,,,,,,,,,,,,,,,,,,,
2012-01-10 11:00:00,1000.8,21.4,63,1.4,356.0,,,0.0,,,,,,,,,,,,,,,,,,,,,,,,,,,,
2012-01-10 12:00:00,999.9,22.2,59,1.4,10.0,,,0.0,,,,,,,,,,,,,,,,,,,,,,,,,,,,
2012-01-10 13:00:00,999.0,22.9,55,1.9,23.0,,,0.0,,,,,,,,,,,,,,,,,,,,,,,,,,,,
2012-01-10 14:00:00,998.4,23.5,53,1.8,27.0,,,0.0,,,,,,,,,,,,,,,,,,,,,,,,,,,,
2012-01-10 15:00:00,998.1,23.1,58,1.5,1.0,,,0.0,,,,,,,,,,,,,,,,,,,,,,,,,,,,
2012-01-10 16:00:00,998.4,21.5,65,1.5,360.0,,,0.0,,,,,,,,,,,,,,,,,,,,,,,,,,,,
2012-01-10 17:00:00,998.8,20.1,70,1.4,353.0,,,0.0,,,,,,,,,,,,,,,,,,,,,,,,,,,,
2012-01-10 18:00:00,999.4,18.9,73,1.4,30.0,,,0.0,,,,,,,,,,,,,,,,,,,,,,,,,,,,
2012-01-10 19:00:00,1000.1,18.2,76,1.3,30.0,,,0.0,,,,,,,,,,,,,,,,,,,,,,,,,,,,
2012-01-10 20:00:00,1000.4,17.6,78,1.7,29.0,,,0.0,,,,,,,,,,,,,,,,,,,,,,,,,,,,
2012-01-10 21:00:00,1000.7,17.1,79,1.4,31.0,,,0.0,,,,,,,,,,,,,,,,,,,,,,,,,,,,
2012-01-10 22:00:00,1000.8,16.8,80,1.5,32.0,,,0.0,,,,,,,,,,,,,,,,,,,,,,,,,,,,
2012-01-10 23:00:00,1000.9,16.7,79,1.5,31.0,,,0.0,,,,,,,,,,,,,,,,,,,,,,,,,,,,
2012-01-11 00:00:00,1000.9,16.6,78,1.5,27.0,,,0.0,,,,,,,,,,,,,,,,,,,,,,,,,,,,
2012-01-11 01:00:00,1000.8,16.5,78,1.7,33.0,,,0.0,,,,,,,,,,,,,,,,,,,,,,,,,,,,
2012-01-11 02:00:00,1000.6,16.5,77,1.5,32.0,,,0.0,,,,,,,,,,,,,,,,,,,,,,,,,,,,
2012-01-11 03:00:00,1000.6,16.2,77,1.4,23.0,,,0.0,,,,,,,,,,,,,,,,,,,,,,,,,,,,
2012-01-11 04:00:00,1000.8,15.8,77,1.4,30.0,,,0.0,,,,,,,,,,,,,,,,,,,,,,,,,,,,
2012-01-11 05:00:00,1001.3,15.8,76,1.3,29.0,,,0.0,,,,,,,,,,,,,,,,,,,,,,,,,,,,
2012-01-11 06:00:00,1001.5,16.0,76,1.5,36.0,,,0.0,,,,,,,,,,,,,,,,,,,,,,,,,,,,
2012-01-11 07:00:00,1001.7,16.1,75,1.7,31.0,,,0.0,,,,,,,,,,,,,,,,,,,,,,,,,,,,
2012-01-11 08:00:00,1001.8,16.6,73,1.5,30.0,,,0.0,,,,,,,,,,,,,,,,,,,,,,,,,,,,
2012-01-11 09:00:00,1002.7,17.4,69,1.8,28.0,,,0.0,,,,,,,,,,,,,,,,,,,,,,,,,,,,
2012-01-11 10:00:00,1003.1,18.9,63,1.5,27.0,,,0.0,,,,,,,,,,,,,,,,,,,,,,,,,,,,
2012-01-11 11:00:00,1002.6,19.4,61,1.2,27.0,,,0.0,,,,,,,,,,,,,,,,,,,,,,,,,,,,
2012-01-11 12:00:00,1001.8,19.6,59,1.5,28.0,,,0.0,,,,,,,,,,,,,,,,,,,,,,,,,,,,
2012-01-11 13:00:00,1001.3,18.5,62,1.8,13.0,,,0.0,,,,,,,,,,,,,,,,,,,,,,,,,,,,
2012-01-11 14:00:00,1000.8,18.1,64,1.8,30.0,,,0.0,,,,,,,,,,,,,,,,,,,,,,,,,,,,
2012-01-11 15:00:00,1000.5,18.4,62,1.3,21.0,,,0.0,,,,,,,,,,,,,,,,,,,,,,,,,,,,
2012-01-11 16:00:00,1001.2,17.0,67,1.9,33.0,,,0.0,,,,,,,,,,,,,,,,,,,,,,,,,,,,
2012-01-11 17:00:00,1001.3,16.4,69,1.1,24.0,,,0.0,,,,,,,,,,,,,,,,,,,,,,,,,,,,
2012-01-11 18:00:00,1001.6,16.0,70,1.3,14.0,,,0.0,,,,,,,,,,,,,,,,,,,,,,,,,,,,
2012-01-11 19:00:00,1002.2,15.7,71,1.7,33.0,,,0.0,,,,,,,,,,,,,,,,,,,,,,,,,,,,
2012-01-11 20:00:00,1002.3,15.5,71,1.5,30.0,,,0.0,,,,,,,,,,,,,,,,,,,,,,,,,,,,
2012-01-11 21:00:00,1002.7,15.2,73,1.3,47.0,,,0.0,,,,,,,,,,,,,,,,,,,,,,,,,,,,
2012-01-11 22:00:00,1002.5,15.0,75,1.3,32.0,,,0.0,,,,,,,,,,,,,,,,,,,,,,,,,,,,
2012-01-11 23:00:00,1002.2,15.1,74,1.2,35.0,,,0.0,,,,,,,,,,,,,,,,,,,,,,,,,,,,
2012-01-12 00:00:00,1002.2,14.8,75,1.2,24.0,,,0.0,,,,,,,,,,,,,,,,,,,,,,,,,,,,
2012-01-12 01:00:00,1001.9,14.9,75,1.2,25.0,,,0.0,,,,,,,,,,,,,,,,,,,,,,,,,,,,
2012-01-12 02:00:00,1001.3,14.5,75,1.0,34.0,,,0.0,,,,,,,,,,,,,,,,,,,,,,,,,,,,
2012-01-12 03:00:00,1000.8,14.7,74,1.2,37.0,,,0.0,,,,,,,,,,,,,,,,,,,,,,,,,,,,
2012-01-12 04:00:00,1000.8,14.4,76,1.3,356.0,,,0.0,,,,,,,,,,,,,,,,,,,,,,,,,,,,
2012-01-12 05:00:00,1000.8,15.1,75,0.2,0.0,,,0.0,,,,,,,,,,,,,,,,,,,,,,,,,,,,
2012-01-12 06:00:00,1001.2,15.1,75,0.7,342.0,,,0.0,,,,,,,,,,,,,,,,,,,,,,,,,,,,
2012-01-12 07:00:00,1001.5,15.2,75,0.5,60.0,,,0.0,,,,,,,,,,,,,,,,,,,,,,,,,,,,
2012-01-12 08:00:00,1002.1,15.7,75,0.6,53.0,,,0.0,,,,,,,,,,,,,,,,,,,,,,,,,,,,
2012-01-12 09:00:00,1002.7,16.3,74,0.9,21.0,,,0.0,,,,,,,,,,,,,,,,,,,,,,,,,,,,
2012-01-12 10:00:00,1002.6,17.6,74,0.6,233.0,,,0.0,,,,,,,,,,,,,,,,,,,,,,,,,,,,
2012-01-12 11:00:00,1001.6,19.7,66,0.4,324.0,,,0.0,,,,,,,,,,,,,,,,,,,,,,,,,,,,
2012-01-12 12:00:00,1000.5,20.9,63,0.7,314.0,,,0.0,,,,,,,,,,,,,,,,,,,,,,,,,,,,
2012-01-12 13:00:00,999.7,21.2,63,0.8,299.0,,,0.0,,,,,,,,,,,,,,,,,,,,,,,,,,,,
2012-01-12 14:00:00,999.0,21.4,63,0.9,304.0,,,-999.6,,,,,,,,,,,,,,,,,,,,,,,,,,,,
2012-01-12 15:00:00,998.8,19.8,68,1.0,357.0,,,0.0,,,,,,,,,,,,,,,,,,,,,,,,,,,,
2012-01-12 16:00:00,999.4,19.3,73,0.8,336.0,,,0.0,,,,,,,,,,,,,,,,,,,,,,,,,,,,
2012-01-12 17:00:00,999.7,18.5,77,1.2,14.0,,,0.0,,,,,,,,,,,,,,,,,,,,,,,,,,,,
2012-01-12 18:00:00,1000.0,18.2,78,0.7,6.0,,,0.0,,,,,,,,,,,,,,,,,,,,,,,,,,,,
2012-01-12 19:00:00,1000.1,18.8,76,0.7,65.0,,,0.0,,,,,,,,,,,,,,,,,,,,,,,,,,,,
2012-01-12 20:00:00,1000.7,18.9,76,0.6,43.0,,,0.0,,,,,,,,,,,,,,,,,,,,,,,,,,,,
2012-01-12 21:00:00,1000.8,17.5,82,0.4,336.0,,,0.0,,,,,,,,,,,,,,,,,,,,,,,,,,,,
2012-01-12 22:00:00,1000.6,16.9,85,0.7,328.0,,,0.0,,,,,,,,,,,,,,,,,,,,,,,,,,,,
2012-01-12 23:00:00,1000.8,16.9,86,0.6,324.0,,,0.0,,,,,,,,,,,,,,,,,,,,,,,,,,,,
2012-01-13 00:00:00,1000.3,17.0,87,0.2,0.0,,,0.0,,,,,,,,,,,,,,,,,,,,,,,,,,,,
2012-01-13 01:00:00,1000.2,16.7,88,0.5,327.0,,,0.0,,,,,,,,,,,,,,,,,,,,,,,,,,,,
2012-01-13 02:00:00,999.4,16.5,89,0.7,37.0,,,0.0,,,,,,,,,,,,,,,,,,,,,,,,,,,,
2012-01-13 03:00:00,999.4,16.8,85,0.7,319.0,,,0.0,,,,,,,,,,,,,,,,,,,,,,,,,,,,
2012-01-13 04:00:00,999.0,16.8,85,0.5,37.0,,,0.0,,,,,,,,,,,,,,,,,,,,,,,,,,,,
2012-01-13 05:00:00,999.6,16.8,88,0.3,310.0,,,0.0,,,,,,,,,,,,,,,,,,,,,,,,,,,,
2012-01-13 06:00:00,999.9,16.7,91,0.3,80.0,,,0.0,,,,,,,,,,,,,,,,,,,,,,,,,,,,
2012-01-13 07:00:00,1000.5,16.8,88,0.8,12.0,,,0.0,,,,,,,,,,,,,,,,,,,,,,,,,,,,
2012-01-13 08:00:00,1001.2,17.3,87,0.5,313.0,,,0.0,,,,,,,,,,,,,,,,,,,,,,,,,,,,
2012-01-13 09:00:00,1000.8,18.2,83,1.0,8.0,,,0.0,,,,,,,,,,,,,,,,,,,,,,,,,,,,
2012-01-13 10:00:00,1000.9,19.1,78,1.0,342.0,,,0.0,,,,,,,,,,,,,,,,,,,,,,,,,,,,
2012-01-13 11:00:00,1000.3,20.1,76,0.6,297.0,,,0.0,,,,,,,,,,,,,,,,,,,,,,,,,,,,
2012-01-13 12:00:00,999.8,19.9,77,0.6,343.0,,,0.0,,,,,,,,,,,,,,,,,,,,,,,,,,,,
2012-01-13 13:00:00,999.0,20.6,73,0.6,334.0,,,0.0,,,,,,,,,,,,,,,,,,,,,,,,,,,,
2012-01-13 14:00:00,998.3,21.3,73,0.9,341.0,,,0.0,,,,,,,,,,,,,,,,,,,,,,,,,,,,
2012-01-13 15:00:00,997.8,20.7,76,0.9,6.0,,,0.0,,,,,,,,,,,,,,,,,,,,,,,,,,,,
2012-01-13 16:00:00,998.1,20.2,81,0.9,340.0,,,0.0,,,,,,,,,,,,,,,,,,,,,,,,,,,,
2012-01-13 17:00:00,998.0,20.1,84,0.6,347.0,,,0.0,,,,,,,,,,,,,,,,,,,,,,,,,,,,
2012-01-13 18:00:00,998.1,19.4,87,0.3,61.0,,,0.0,,,,,,,,,,,,,,,,,,,,,,,,,,,,
2012-01-13 19:00:00,998.1,19.1,88,0.6,333.0,,,0.0,,,,,,,,,,,,,,,,,,,,,,,,,,,,
2012-01-13 20:00:00,997.5,18.7,91,0.1,0.0,,,0.0,,,,,,,,,,,,,,,,,,,,,,,,,,,,
2012-01-13 21:00:00,998.0,18.1,93,0.9,9.0,,,0.0,,,,,,,,,,,,,,,,,,,,,,,,,,,,
2012-01-13 22:00:00,997.5,18.4,91,0.4,327.0,,,0.0,,,,,,,,,,,,,,,,,,,,,,,,,,,,
2012-01-13 23:00:00,997.4,18.2,91,0.4,61.0,,,0.0,,,,,,,,,,,,,,,,,,,,,,,,,,,,
2012-01-14 00:00:00,997.1,17.5,95,0.4,336.0,,,0.5,,,,,,,,,,,,,,,,,,,,,,,,,,,,
2012-01-14 01:00:00,996.8,17.7,96,0.3,278.0,,,0.0,,,,,,,,,,,,,,,,,,,,,,,,,,,,
2012-01-14 02:00:00,996.1,17.5,96,0.2,0.0,,,0.0,,,,,,,,,,,,,,,,,,,,,,,,,,,,
2012-01-14 03:00:00,995.5,17.6,96,0.0,0.0,,,-999.6,,,,,,,,,,,,,,,,,,,,,,,,,,,,
2012-01-14 04:00:00,995.2,17.3,97,0.0,0.0,,,0.0,,,,,,,,,,,,,,,,,,,,,,,,,,,,
2012-01-14 05:00:00,995.5,17.6,97,0.1,0.0,,,0.0,,,,,,,,,,,,,,,,,,,,,,,,,,,,
2012-01-14 06:00:00,995.8,17.8,97,0.1,0.0,,,0.0,,,,,,,,,,,,,,,,,,,,,,,,,,,,
2012-01-14 07:00:00,996.3,17.8,98,0.0,0.0,,,0.0,,,,,,,,,,,,,,,,,,,,,,,,,,,,
2012-01-14 08:00:00,996.3,17.9,98,0.3,85.0,,,0.0,,,,,,,,,,,,,,,,,,,,,,,,,,,,
2012-01-14 09:00:00,997.2,18.8,94,0.4,299.0,,,0.0,,,,,,,,,,,,,,,,,,,,,,,,,,,,
2012-01-14 10:00:00,996.4,19.8,89,0.7,324.0,,,0.0,,,,,,,,,,,,,,,,,,,,,,,,,,,,
2012-01-14 11:00:00,995.4,22.1,78,0.5,86.0,,,0.0,,,,,,,,,,,,,,,,,,,,,,,,,,,,
2012-01-14 12:00:00,994.7,22.6,78,0.9,318.0,,,0.0,,,,,,,,,,,,,,,,,,,,,,,,,,,,
2012-01-14 13:00:00,993.9,22.1,79,1.0,300.0,,,0.0,,,,,,,,,,,,,,,,,,,,,,,,,,,,
2012-01-14 14:00:00,993.1,22.4,80,0.6,318.0,,,0.0,,,,,,,,,,,,,,,,,,,,,,,,,,,,
2012-01-14 15:00:00,992.8,22.4,79,0.6,348.0,,,0.0,,,,,,,,,,,,,,,,,,,,,,,,,,,,
2012-01-14 16:00:00,993.0,21.1,85,0.9,330.0,,,0.0,,,,,,,,,,,,,,,,,,,,,,,,,,,,
2012-01-14 17:00:00,993.6,18.9,94,1.0,320.0,,,0.0,,,,,,,,,,,,,,,,,,,,,,,,,,,,
2012-01-14 18:00:00,993.9,18.2,98,1.1,332.0,,,0.0,,,,,,,,,,,,,,,,,,,,,,,,,,,,
2012-01-14 19:00:00,994.3,18.1,98,0.9,26.0,,,0.0,,,,,,,,,,,,,,,,,,,,,,,,,,,,
2012-01-14 20:00:00,994.3,18.6,95,0.4,346.0,,,0.0,,,,,,,,,,,,,,,,,,,,,,,,,,,,
2012-01-14 21:00:00,994.2,18.6,95,0.2,0.0,,,0.0,,,,,,,,,,,,,,,,,,,,,,,,,,,,
2012-01-14 22:00:00,994.2,17.2,97,0.9,357.0,,,0.5,,,,,,,,,,,,,,,,,,,,,,,,,,,,
2012-01-14 23:00:00,994.2,17.1,99,0.6,342.0,,,0.5,,,,,,,,,,,,,,,,,,,,,,,,,,,,
2012-01-15 00:00:00,993.6,17.4,98,0.7,3.0,,,0.0,,,,,,,,,,,,,,,,,,,,,,,,,,,,
2012-01-15 01:00:00,992.8,17.2,97,0.6,356.0,,,0.0,,,,,,,,,,,,,,,,,,,,,,,,,,,,
2012-01-15 02:00:00,992.3,16.9,96,0.7,322.0,,,0.0,,,,,,,,,,,,,,,,,,,,,,,,,,,,
2012-01-15 03:00:00,991.4,17.0,96,0.6,30.0,,,0.0,,,,,,,,,,,,,,,,,,,,,,,,,,,,
2012-01-15 04:00:00,991.2,16.6,96,0.5,316.0,,,0.0,,,,,,,,,,,,,,,,,,,,,,,,,,,,
2012-01-15 05:00:00,991.0,16.9,96,0.1,0.0,,,0.0,,,,,,,,,,,,,,,,,,,,,,,,,,,,
2012-01-15 06:00:00,991.4,17.4,95,0.1,0.0,,,0.0,,,,,,,,,,,,,,,,,,,,,,,,,,,,
2012-01-15 07:00:00,991.8,17.5,95,0.6,326.0,,,0.0,,,,,,,,,,,,,,,,,,,,,,,,,,,,
2012-01-15 08:00:00,991.7,18.4,90,0.9,52.0,,,0.0,,,,,,,,,,,,,,,,,,,,,,,,,,,,
2012-01-15 09:00:00,991.7,19.9,85,0.9,22.0,,,0.0,,,,,,,,,,,,,,,,,,,,,,,,,,,,
2012-01-15 10:00:00,991.7,21.0,79,0.8,359.0,,,0.0,,,,,,,,,,,,,,,,,,,,,,,,,,,,
2012-01-15 11:00:00,990.7,22.2,77,0.8,9.0,,,0.0,,,,,,,,,,,,,,,,,,,,,,,,,,,,
2012-01-15 12:00:00,990.0,22.7,74,1.0,325.0,,,0.0,,,,,,,,,,,,,,,,,,,,,,,,,,,,
2012-01-15 13:00:00,989.0,23.0,74,1.0,317.0,,,0.0,,,,,,,,,,,,,,,,,,,,,,,,,,,,
2012-01-15 14:00:00,988.6,21.0,81,0.9,355.0,,,0.0,,,,,,,,,,,,,,,,,,,,,,,,,,,,
2012-01-15 15:00:00,988.0,20.3,85,1.0,5.0,,,0.0,,,,,,,,,,,,,,,,,,,,,,,,,,,,
2012-01-15 16:00:00,987.7,20.5,83,0.9,15.0,,,0.0,,,,,,,,,,,,,,,,,,,,,,,,,,,,
2012-01-15 17:00:00,988.0,19.7,86,0.7,327.0,,,0.0,,,,,,,,,,,,,,,,,,,,,,,,,,,,
2012-01-15 18:00:00,988.5,18.7,90,0.9,338.0,,,0.0,,,,,,,,,,,,,,,,,,,,,,,,,,,,
2012-01-15 19:00:00,989.0,18.4,92,0.7,3.0,,,0.0,,,,,,,,,,,,,,,,,,,,,,,,,,,,
2012-01-15 20:00:00,989.3,18.6,93,0.6,280.0,,,0.0,,,,,,,,,,,,,,,,,,,,,,,,,,,,
2012-01-15 21:00:00,989.5,17.6,98,0.1,0.0,,,1.0,,,,,,,,,,,,,,,,,,,,,,,,,,,,
2012-01-15 22:00:00,989.9,17.5,98,0.4,300.0,,,0.0,,,,,,,,,,,,,,,,,,,,,,,,,,,,
2012-01-15 23:00:00,990.1,17.6,98,0.7,335.0,,,0.0,,,,,,,,,,,,,,,,,,,,,,,,,,,,
2012-01-16 00:00:00,990.8,16.6,97,1.2,14.0,,,2.0,,,,,,,,,,,,,,,,,,,,,,,,,,,,
2012-01-16 01:00:00,990.9,14.9,96,1.2,11.0,,,1.0,,,,,,,,,,,,,,,,,,,,,,,,,,,,
2012-01-16 02:00:00,990.7,14.9,96,1.7,15.0,,,4.0,,,,,,,,,,,,,,,,,,,,,,,,,,,,
2012-01-16 03:00:00,990.5,15.3,92,1.6,21.0,,,3.5,,,,,,,,,,,,,,,,,,,,,,,,,,,,
2012-01-16 04:00:00,990.9,15.8,92,1.3,35.0,,,1.0,,,,,,,,,,,,,,,,,,,,,,,,,,,,
2012-01-16 05:00:00,991.1,16.4,89,1.0,73.0,,,0.5,,,,,,,,,,,,,,,,,,,,,,,,,,,,
2012-01-16 06:00:00,992.0,16.6,86,0.4,52.0,,,0.0,,,,,,,,,,,,,,,,,,,,,,,,,,,,
2012-01-16 07:00:00,991.9,16.9,80,0.5,116.0,,,0.5,,,,,,,,,,,,,,,,,,,,,,,,,,,,
2012-01-16 08:00:00,992.4,17.2,78,1.1,96.0,,,1.0,,,,,,,,,,,,,,,,,,,,,,,,,,,,
2012-01-16 09:00:00,992.6,17.2,79,1.4,96.0,,,1.5,,,,,,,,,,,,,,,,,,,,,,,,,,,,
2012-01-16 10:00:00,992.9,16.8,89,0.4,297.0,,,1.5,,,,,,,,,,,,,,,,,,,,,,,,,,,,
2012-01-16 11:00:00,992.0,17.6,85,0.4,184.0,,,0.5,,,,,,,,,,,,,,,,,,,,,,,,,,,,
2012-01-16 12:00:00,991.8,17.7,90,0.2,0.0,,,0.5,,,,,,,,,,,,,,,,,,,,,,,,,,,,
2012-01-16 13:00:00,991.8,15.1,96,1.2,19.0,,,0.5,,,,,,,,,,,,,,,,,,,,,,,,,,,,
2012-01-16 14:00:00,990.7,16.3,90,1.2,32.0,,,0.0,,,,,,,,,,,,,,,,,,,,,,,,,,,,
2012-01-16 15:00:00,990.8,15.7,91,1.2,12.0,,,0.0,,,,,,,,,,,,,,,,,,,,,,,,,,,,
2012-01-16 16:00:00,991.4,16.3,87,0.8,25.0,,,0.0,,,,,,,,,,,,,,,,,,,,,,,,,,,,
2012-01-16 17:00:00,992.4,15.3,90,1.0,2.0,,,0.0,,,,,,,,,,,,,,,,,,,,,,,,,,,,
2012-01-16 18:00:00,993.0,14.9,89,1.2,33.0,,,0.0,,,,,,,,,,,,,,,,,,,,,,,,,,,,
2012-01-16 19:00:00,993.4,14.9,89,1.0,33.0,,,0.0,,,,,,,,,,,,,,,,,,,,,,,,,,,,
2012-01-16 20:00:00,994.0,14.7,89,1.2,28.0,,,0.0,,,,,,,,,,,,,,,,,,,,,,,,,,,,
2012-01-16 21:00:00,993.8,14.6,89,1.2,27.0,,,0.0,,,,,,,,,,,,,,,,,,,,,,,,,,,,
2012-01-16 22:00:00,993.3,14.7,89,1.2,38.0,,,0.0,,,,,,,,,,,,,,,,,,,,,,,,,,,,
2012-01-16 23:00:00,992.8,14.8,87,1.1,26.0,,,0.0,,,,,,,,,,,,,,,,,,,,,,,,,,,,
2012-01-17 00:00:00,992.6,14.7,87,1.0,26.0,,,0.0,,,,,,,,,,,,,,,,,,,,,,,,,,,,
2012-01-17 01:00:00,992.3,14.0,91,1.2,353.0,,,0.0,,,,,,,,,,,,,,,,,,,,,,,,,,,,
2012-01-17 02:00:00,992.3,13.9,89,1.0,35.0,,,0.0,,,,,,,,,,,,,,,,,,,,,,,,,,,,
2012-01-17 03:00:00,992.3,13.8,88,1.3,26.0,,,0.0,,,,,,,,,,,,,,,,,,,,,,,,,,,,
2012-01-17 04:00:00,992.3,13.6,86,0.9,41.0,,,0.0,,,,,,,,,,,,,,,,,,,,,,,,,,,,
2012-01-17 05:00:00,992.8,12.4,92,0.1,0.0,,,0.0,,,,,,,,,,,,,,,,,,,,,,,,,,,,
2012-01-17 06:00:00,993.3,11.5,95,0.2,0.0,,,0.0,,,,,,,,,,,,,,,,,,,,,,,,,,,,
2012-01-17 07:00:00,993.7,12.7,86,0.6,67.0,,,0.0,,,,,,,,,,,,,,,,,,,,,,,,,,,,
2012-01-17 08:00:00,994.3,15.0,74,0.9,31.0,,,0.0,,,,,,,,,,,,,,,,,,,,,,,,,,,,
2012-01-17 09:00:00,995.5,18.1,61,0.4,138.0,,,0.0,,,,,,,,,,,,,,,,,,,,,,,,,,,,
2012-01-17 10:00:00,995.8,19.0,63,0.9,351.0,,,0.0,,,,,,,,,,,,,,,,,,,,,,,,,,,,
2012-01-17 11:00:00,995.0,20.3,57,0.8,268.0,,,0.0,,,,,,,,,,,,,,,,,,,,,,,,,,,,
2012-01-17 12:00:00,994.4,21.6,52,0.6,229.0,,,0.0,,,,,,,,,,,,,,,,,,,,,,,,,,,,
2012-01-17 13:00:00,993.6,22.0,53,0.6,48.0,,,0.0,,,,,,,,,,,,,,,,,,,,,,,,,,,,
2012-01-17 14:00:00,993.0,22.3,48,0.7,247.0,,,0.0,,,,,,,,,,,,,,,,,,,,,,,,,,,,
2012-01-17 15:00:00,992.7,21.3,64,1.2,280.0,,,0.0,,,,,,,,,,,,,,,,,,,,,,,,,,,,
2012-01-17 16:00:00,993.0,19.9,69,1.1,331.0,,,0.0,,,,,,,,,,,,,,,,,,,,,,,,,,,,
2012-01-17 17:00:00,993.7,18.3,76,0.8,312.0,,,0.0,,,,,,,,,,,,,,,,,,,,,,,,,,,,
2012-01-17 18:00:00,994.6,16.9,84,0.9,336.0,,,0.0,,,,,,,,,,,,,,,,,,,,,,,,,,,,
2012-01-17 19:00:00,995.2,16.6,86,0.6,46.0,,,0.0,,,,,,,,,,,,,,,,,,,,,,,,,,,,
2012-01-17 20:00:00,995.5,16.2,89,0.6,345.0,,,0.0,,,,,,,,,,,,,,,,,,,,,,,,,,,,
2012-01-17 21:00:00,995.3,15.7,89,0.9,67.0,,,0.0,,,,,,,,,,,,,,,,,,,,,,,,,,,,
2012-01-17 22:00:00,994.7,15.5,88,0.6,51.0,,,0.0,,,,,,,,,,,,,,,,,,,,,,,,,,,,
2012-01-17 23:00:00,994.5,16.8,82,0.6,57.0,,,0.0,,,,,,,,,,,,,,,,,,,,,,,,,,,,
2012-01-18 00:00:00,994.5,15.8,88,0.1,0.0,,,0.0,,,,,,,,,,,,,,,,,,,,,,,,,,,,
2012-01-18 01:00:00,994.2,16.0,88,0.6,57.0,,,0.0,,,,,,,,,,,,,,,,,,,,,,,,,,,,
2012-01-18 02:00:00,993.7,16.1,89,0.7,37.0,,,0.0,,,,,,,,,,,,,,,,,,,,,,,,,,,,
2012-01-18 03:00:00,993.9,15.8,90,0.2,0.0,,,0.0,,,,,,,,,,,,,,,,,,,,,,,,,,,,
2012-01-18 04:00:00,994.0,16.0,89,0.9,92.0,,,0.0,,,,,,,,,,,,,,,,,,,,,,,,,,,,
2012-01-18 05:00:00,994.0,16.0,88,0.5,67.0,,,0.0,,,,,,,,,,,,,,,,,,,,,,,,,,,,
2012-01-18 06:00:00,994.8,15.9,88,0.2,0.0,,,0.0,,,,,,,,,,,,,,,,,,,,,,,,,,,,
2012-01-18 07:00:00,995.2,16.0,87,0.2,0.0,,,0.0,,,,,,,,,,,,,,,,,,,,,,,,,,,,
2012-01-18 08:00:00,995.5,17.1,82,0.0,0.0,,,0.0,,,,,,,,,,,,,,,,,,,,,,,,,,,,
2012-01-18 09:00:00,995.8,20.0,71,0.0,0.0,,,0.0,,,,,,,,,,,,,,,,,,,,,,,,,,,,
2012-01-18 10:00:00,995.9,23.2,54,1.0,59.0,,,0.0,,,,,,,,,,,,,,,,,,,,,,,,,,,,
2012-01-18 11:00:00,995.2,24.5,48,1.2,349.0,,,0.0,,,,,,,,,,,,,,,,,,,,,,,,,,,,
2012-01-18 12:00:00,994.0,23.9,58,1.2,326.0,,,0.0,,,,,,,,,,,,,,,,,,,,,,,,,,,,
2012-01-18 13:00:00,993.2,24.5,51,1.0,324.0,,,0.0,,,,,,,,,,,,,,,,,,,,,,,,,,,,
2012-01-18 14:00:00,992.6,25.2,49,1.2,352.0,,,0.0,,,,,,,,,,,,,,,,,,,,,,,,,,,,
2012-01-18 15:00:00,992.4,24.2,60,1.0,321.0,,,0.0,,,,,,,,,,,,,,,,,,,,,,,,,,,,
2012-01-18 16:00:00,993.0,22.0,70,0.9,313.0,,,0.0,,,,,,,,,,,,,,,,,,,,,,,,,,,,
2012-01-18 17:00:00,993.0,21.2,73,0.8,344.0,,,0.0,,,,,,,,,,,,,,,,,,,,,,,,,,,,
2012-01-18 18:00:00,993.3,19.4,84,0.7,328.0,,,0.0,,,,,,,,,,,,,,,,,,,,,,,,,,,,
2012-01-18 19:00:00,993.6,18.6,87,0.4,351.0,,,0.0,,,,,,,,,,,,,,,,,,,,,,,,,,,,
2012-01-18 20:00:00,994.0,18.9,85,0.3,64.0,,,0.0,,,,,,,,,,,,,,,,,,,,,,,,,,,,
2012-01-18 21:00:00,994.1,18.2,79,0.5,90.0,,,-999.6,,,,,,,,,,,,,,,,,,,,,,,,,,,,
2012-01-18 22:00:00,994.2,17.0,86,0.0,0.0,,,0.0,,,,,,,,,,,,,,,,,,,,,,,,,,,,
2012-01-18 23:00:00,994.2,16.8,88,0.0,0.0,,,0.0,,,,,,,,,,,,,,,,,,,,,,,,,,,,
2012-01-19 00:00:00,994.0,16.5,89,0.2,0.0,,,0.0,,,,,,,,,,,,,,,,,,,,,,,,,,,,
2012-01-19 01:00:00,994.2,15.9,92,0.0,0.0,,,0.0,,,,,,,,,,,,,,,,,,,,,,,,,,,,
2012-01-19 02:00:00,994.0,16.4,90,0.0,0.0,,,0.0,,,,,,,,,,,,,,,,,,,,,,,,,,,,
2012-01-19 03:00:00,994.1,16.3,89,0.3,89.0,,,0.0,,,,,,,,,,,,,,,,,,,,,,,,,,,,
2012-01-19 04:00:00,994.2,16.1,88,0.8,348.0,,,0.0,,,,,,,,,,,,,,,,,,,,,,,,,,,,
2012-01-19 05:00:00,994.8,15.9,90,0.5,8.0,,,0.0,,,,,,,,,,,,,,,,,,,,,,,,,,,,
2012-01-19 06:00:00,995.5,14.8,97,0.7,313.0,,,0.0,,,,,,,,,,,,,,,,,,,,,,,,,,,,
2012-01-19 07:00:00,995.5,15.0,97,0.3,355.0,,,-999.6,,,,,,,,,,,,,,,,,,,,,,,,,,,,
2012-01-19 08:00:00,995.7,18.2,77,0.6,245.0,,,0.0,,,,,,,,,,,,,,,,,,,,,,,,,,,,
2012-01-19 09:00:00,996.4,20.5,71,0.7,236.0,,,0.0,,,,,,,,,,,,,,,,,,,,,,,,,,,,
2012-01-19 10:00:00,996.5,22.6,62,1.4,24.0,,,0.0,,,,,,,,,,,,,,,,,,,,,,,,,,,,
2012-01-19 11:00:00,995.5,24.7,56,1.3,38.0,,,0.0,,,,,,,,,,,,,,,,,,,,,,,,,,,,
2012-01-19 12:00:00,994.7,25.3,58,1.2,339.0,,,0.0,,,,,,,,,,,,,,,,,,,,,,,,,,,,
2012-01-19 13:00:00,994.2,23.2,67,1.4,322.0,,,0.0,,,,,,,,,,,,,,,,,,,,,,,,,,,,
2012-01-19 14:00:00,993.6,23.8,66,1.2,332.0,,,0.0,,,,,,,,,,,,,,,,,,,,,,,,,,,,
2012-01-19 15:00:00,993.4,23.1,68,1.6,321.0,,,0.0,,,,,,,,,,,,,,,,,,,,,,,,,,,,
2012-01-19 16:00:00,993.1,21.9,72,1.1,343.0,,,0.0,,,,,,,,,,,,,,,,,,,,,,,,,,,,
2012-01-19 17:00:00,993.6,20.6,77,1.0,329.0,,,0.0,,,,,,,,,,,,,,,,,,,,,,,,,,,,
2012-01-19 18:00:00,994.1,19.3,82,1.0,347.0,,,0.0,,,,,,,,,,,,,,,,,,,,,,,,,,,,
2012-01-19 19:00:00,994.0,19.3,79,0.5,51.0,,,0.0,,,,,,,,,,,,,,,,,,,,,,,,,,,,
2012-01-19 20:00:00,994.1,19.3,76,0.6,311.0,,,0.0,,,,,,,,,,,,,,,,,,,,,,,,,,,,
2012-01-19 21:00:00,994.3,17.9,85,0.6,313.0,,,0.0,,,,,,,,,,,,,,,,,,,,,,,,,,,,
2012-01-19 22:00:00,993.7,17.4,86,0.6,53.0,,,0.0,,,,,,,,,,,,,,,,,,,,,,,,,,,,
2012-01-19 23:00:00,993.6,16.9,87,0.5,297.0,,,0.0,,,,,,,,,,,,,,,,,,,,,,,,,,,,
2012-01-20 00:00:00,994.0,16.6,87,0.9,25.0,,,0.0,,,,,,,,,,,,,,,,,,,,,,,,,,,,
2012-01-20 01:00:00,993.7,16.6,85,1.3,30.0,,,0.0,,,,,,,,,,,,,,,,,,,,,,,,,,,,
2012-01-20 02:00:00,993.4,16.3,85,1.1,33.0,,,0.0,,,,,,,,,,,,,,,,,,,,,,,,,,,,
2012-01-20 03:00:00,992.8,16.1,84,0.8,60.0,,,0.0,,,,,,,,,,,,,,,,,,,,,,,,,,,,
2012-01-20 04:00:00,993.3,15.9,87,1.8,26.0,,,0.0,,,,,,,,,,,,,,,,,,,,,,,,,,,,
2012-01-20 05:00:00,993.8,16.0,84,1.2,33.0,,,0.0,,,,,,,,,,,,,,,,,,,,,,,,,,,,
2012-01-20 06:00:00,994.5,16.0,84,0.7,38.0,,,0.0,,,,,,,,,,,,,,,,,,,,,,,,,,,,
2012-01-20 07:00:00,995.1,15.2,86,0.6,57.0,,,0.0,,,,,,,,,,,,,,,,,,,,,,,,,,,,
2012-01-20 08:00:00,995.7,17.8,75,0.2,0.0,,,0.0,,,,,,,,,,,,,,,,,,,,,,,,,,,,
2012-01-20 09:00:00,996.7,18.9,75,1.0,352.0,,,0.0,,,,,,,,,,,,,,,,,,,,,,,,,,,,
2012-01-20 10:00:00,996.7,21.2,63,1.0,1.0,,,0.0,,,,,,,,,,,,,,,,,,,,,,,,,,,,
2012-01-20 11:00:00,996.0,20.5,70,1.1,336.0,,,0.0,,,,,,,,,,,,,,,,,,,,,,,,,,,,
2012-01-20 12:00:00,995.7,20.8,70,1.4,332.0,,,0.0,,,,,,,,,,,,,,,,,,,,,,,,,,,,
2012-01-20 13:00:00,995.2,19.7,74,1.5,25.0,,,0.0,,,,,,,,,,,,,,,,,,,,,,,,,,,,
2012-01-20 14:00:00,994.2,21.5,67,1.1,334.0,,,0.0,,,,,,,,,,,,,,,,,,,,,,,,,,,,
2012-01-20 15:00:00,993.6,22.9,63,0.5,39.0,,,0.0,,,,,,,,,,,,,,,,,,,,,,,,,,,,
2012-01-20 16:00:00,993.2,22.2,67,1.0,333.0,,,0.0,,,,,,,,,,,,,,,,,,,,,,,,,,,,
2012-01-20 17:00:00,994.0,19.1,78,1.2,333.0,,,0.0,,,,,,,,,,,,,,,,,,,,,,,,,,,,
2012-01-20 18:00:00,994.8,16.8,87,1.8,34.0,,,0.0,,,,,,,,,,,,,,,,,,,,,,,,,,,,
2012-01-20 19:00:00,993.9,17.7,84,0.4,80.0,,,0.0,,,,,,,,,,,,,,,,,,,,,,,,,,,,
2012-01-20 20:00:00,993.9,17.9,83,0.5,75.0,,,0.0,,,,,,,,,,,,,,,,,,,,,,,,,,,,
2012-01-20 21:00:00,994.6,16.1,88,1.2,23.0,,,0.0,,,,,,,,,,,,,,,,,,,,,,,,,,,,
2012-01-20 22:00:00,994.1,16.5,87,0.4,15.0,,,0.0,,,,,,,,,,,,,,,,,,,,,,,,,,,,
2012-01-20 23:00:00,993.7,16.3,89,0.4,253.0,,,0.0,,,,,,,,,,,,,,,,,,,,,,,,,,,,
2012-01-21 00:00:00,993.4,16.1,92,0.0,0.0,,,0.0,,,,,,,,,,,,,,,,,,,,,,,,,,,,
2012-01-21 01:00:00,994.2,15.5,91,1.0,326.0,,,0.0,,,,,,,,,,,,,,,,,,,,,,,,,,,,
2012-01-21 02:00:00,994.2,16.5,88,0.6,261.0,,,0.0,,,,,,,,,,,,,,,,,,,,,,,,,,,,
2012-01-21 03:00:00,994.0,16.0,89,0.9,1.0,,,0.0,,,,,,,,,,,,,,,,,,,,,,,,,,,,
2012-01-21 04:00:00,994.2,16.2,89,0.7,26.0,,,0.0,,,,,,,,,,,,,,,,,,,,,,,,,,,,
2012-01-21 05:00:00,994.2,16.5,87,1.1,33.0,,,0.0,,,,,,,,,,,,,,,,,,,,,,,,,,,,
2012-01-21 06:00:00,994.1,16.6,87,0.9,29.0,,,0.0,,,,,,,,,,,,,,,,,,,,,,,,,,,,
2012-01-21 07:00:00,995.1,16.5,87,1.2,38.0,,,0.0,,,,,,,,,,,,,,,,,,,,,,,,,,,,
2012-01-21 08:00:00,995.5,17.3,82,1.1,45.0,,,0.0,,,,,,,,,,,,,,,,,,,,,,,,,,,,
2012-01-21 09:00:00,995.9,16.9,84,1.3,30.0,,,0.0,,,,,,,,,,,,,,,,,,,,,,,,,,,,
2012-01-21 10:00:00,995.9,19.7,71,0.6,25.0,,,0.0,,,,,,,,,,,,,,,,,,,,,,,,,,,,
2012-01-21 11:00:00,995.5,22.7,60,0.4,52.0,,,0.0,,,,,,,,,,,,,,,,,,,,,,,,,,,,
2012-01-21 12:00:00,995.2,20.9,71,1.2,335.0,,,0.0,,,,,,,,,,,,,,,,,,,,,,,,,,,,
2012-01-21 13:00:00,994.5,20.7,70,0.9,322.0,,,0.0,,,,,,,,,,,,,,,,,,,,,,,,,,,,
2012-01-21 14:00:00,993.7,20.9,70,0.7,333.0,,,0.0,,,,,,,,,,,,,,,,,,,,,,,,,,,,
2012-01-21 15:00:00,993.3,20.8,70,0.9,333.0,,,0.0,,,,,,,,,,,,,,,,,,,,,,,,,,,,
2012-01-21 16:00:00,993.4,19.5,75,0.9,342.0,,,0.0,,,,,,,,,,,,,,,,,,,,,,,,,,,,
2012-01-21 17:00:00,993.7,18.3,80,0.9,341.0,,,0.0,,,,,,,,,,,,,,,,,,,,,,,,,,,,
2012-01-21 18:00:00,993.1,18.3,80,0.8,24.0,,,0.0,,,,,,,,,,,,,,,,,,,,,,,,,,,,
2012-01-21 19:00:00,992.8,16.7,86,0.8,29.0,,,0.0,,,,,,,,,,,,,,,,,,,,,,,,,,,,
2012-01-21 20:00:00,993.4,16.0,89,0.9,4.0,,,0.0,,,,,,,,,,,,,,,,,,,,,,,,,,,,
2012-01-21 21:00:00,993.7,16.5,86,0.7,18.0,,,0.0,,,,,,,,,,,,,,,,,,,,,,,,,,,,
2012-01-21 22:00:00,994.5,15.7,89,1.1,316.0,,,0.0,,,,,,,,,,,,,,,,,,,,,,,,,,,,
2012-01-21 23:00:00,994.5,15.6,89,0.6,333.0,,,0.0,,,,,,,,,,,,,,,,,,,,,,,,,,,,
2012-01-22 00:00:00,994.6,16.0,88,1.6,32.0,,,0.0,,,,,,,,,,,,,,,,,,,,,,,,,,,,
2012-01-22 01:00:00,994.6,15.9,88,0.7,319.0,,,0.0,,,,,,,,,,,,,,,,,,,,,,,,,,,,
2012-01-22 02:00:00,995.5,15.6,90,1.3,23.0,,,0.0,,,,,,,,,,,,,,,,,,,,,,,,,,,,
2012-01-22 03:00:00,995.6,15.7,86,1.3,34.0,,,0.0,,,,,,,,,,,,,,,,,,,,,,,,,,,,
2012-01-22 04:00:00,995.0,15.3,86,1.0,352.0,,,0.0,,,,,,,,,,,,,,,,,,,,,,,,,,,,
2012-01-22 05:00:00,995.0,15.1,85,1.0,26.0,,,0.0,,,,,,,,,,,,,,,,,,,,,,,,,,,,
2012-01-22 06:00:00,996.5,14.2,91,1.1,16.0,,,0.0,,,,,,,,,,,,,,,,,,,,,,,,,,,,
2012-01-22 07:00:00,996.2,14.2,89,1.1,29.0,,,0.5,,,,,,,,,,,,,,,,,,,,,,,,,,,,
2012-01-22 08:00:00,996.2,14.4,87,1.5,43.0,,,0.0,,,,,,,,,,,,,,,,,,,,,,,,,,,,
2012-01-22 09:00:00,996.8,14.3,86,1.5,22.0,,,0.0,,,,,,,,,,,,,,,,,,,,,,,,,,,,
2012-01-22 10:00:00,996.7,14.4,87,1.2,35.0,,,0.0,,,,,,,,,,,,,,,,,,,,,,,,,,,,
2012-01-22 11:00:00,997.0,13.9,92,1.4,29.0,,,1.5,,,,,,,,,,,,,,,,,,,,,,,,,,,,
2012-01-22 12:00:00,996.0,14.5,87,1.2,36.0,,,0.0,,,,,,,,,,,,,,,,,,,,,,,,,,,,
2012-01-22 13:00:00,994.4,16.0,79,0.9,47.0,,,0.0,,,,,,,,,,,,,,,,,,,,,,,,,,,,
2012-01-22 14:00:00,994.9,14.3,92,0.8,346.0,,,1.5,,,,,,,,,,,,,,,,,,,,,,,,,,,,
2012-01-22 15:00:00,994.3,15.4,86,1.2,18.0,,,0.5,,,,,,,,,,,,,,,,,,,,,,,,,,,,
2012-01-22 16:00:00,994.8,14.7,89,0.9,26.0,,,0.0,,,,,,,,,,,,,,,,,,,,,,,,,,,,
2012-01-22 17:00:00,995.3,14.2,89,0.9,22.0,,,0.0,,,,,,,,,,,,,,,,,,,,,,,,,,,,
2012-01-22 18:00:00,995.4,13.6,88,1.8,25.0,,,0.0,,,,,,,,,,,,,,,,,,,,,,,,,,,,
2012-01-22 19:00:00,994.9,13.5,87,1.1,26.0,,,0.0,,,,,,,,,,,,,,,,,,,,,,,,,,,,
2012-01-22 20:00:00,996.1,13.0,87,1.7,28.0,,,0.0,,,,,,,,,,,,,,,,,,,,,,,,,,,,
2012-01-22 21:00:00,996.1,12.7,90,1.3,23.0,,,0.5,,,,,,,,,,,,,,,,,,,,,,,,,,,,
2012-01-22 22:00:00,996.4,12.6,89,1.1,22.0,,,0.5,,,,,,,,,,,,,,,,,,,,,,,,,,,,
2012-01-22 23:00:00,996.5,12.1,88,1.8,32.0,,,0.0,,,,,,,,,,,,,,,,,,,,,,,,,,,,
2012-01-23 00:00:00,996.8,11.9,90,1.2,35.0,,,1.5,,,,,,,,,,,,,,,,,,,,,,,,,,,,
2012-01-23 01:00:00,997.0,12.3,89,0.8,26.0,,,0.0,,,,,,,,,,,,,,,,,,,,,,,,,,,,
2012-01-23 02:00:00,997.8,11.8,91,1.2,22.0,,,3.0,,,,,,,,,,,,,,,,,,,,,,,,,,,,
2012-01-23 03:00:00,998.4,11.3,92,1.3,24.0,,,4.5,,,,,,,,,,,,,,,,,,,,,,,,,,,,
2012-01-23 04:00:00,997.8,11.5,89,1.4,12.0,,,0.5,,,,,,,,,,,,,,,,,,,,,,,,,,,,
2012-01-23 05:00:00,997.8,11.5,88,0.9,16.0,,,0.0,,,,,,,,,,,,,,,,,,,,,,,,,,,,
2012-01-23 06:00:00,998.0,11.3,87,1.6,32.0,,,0.0,,,,,,,,,,,,,,,,,,,,,,,,,,,,
2012-01-23 07:00:00,998.1,11.3,87,1.1,321.0,,,0.0,,,,,,,,,,,,,,,,,,,,,,,,,,,,
2012-01-23 08:00:00,998.4,11.5,86,0.9,23.0,,,0.0,,,,,,,,,,,,,,,,,,,,,,,,,,,,
2012-01-23 09:00:00,999.1,13.1,79,1.3,355.0,,,0.0,,,,,,,,,,,,,,,,,,,,,,,,,,,,
2012-01-23 10:00:00,999.1,13.7,77,1.1,24.0,,,0.0,,,,,,,,,,,,,,,,,,,,,,,,,,,,
2012-01-23 11:00:00,998.5,13.5,78,1.1,32.0,,,0.0,,,,,,,,,,,,,,,,,,,,,,,,,,,,
2012-01-23 12:00:00,997.8,13.8,77,0.9,10.0,,,0.0,,,,,,,,,,,,,,,,,,,,,,,,,,,,
2012-01-23 13:00:00,997.0,13.9,77,1.0,27.0,,,0.0,,,,,,,,,,,,,,,,,,,,,,,,,,,,
2012-01-23 14:00:00,996.1,14.2,78,1.0,12.0,,,0.0,,,,,,,,,,,,,,,,,,,,,,,,,,,,
2012-01-23 15:00:00,996.1,14.8,76,0.9,14.0,,,0.0,,,,,,,,,,,,,,,,,,,,,,,,,,,,
2012-01-23 16:00:00,996.1,14.3,75,1.4,31.0,,,0.0,,,,,,,,,,,,,,,,,,,,,,,,,,,,
2012-01-23 17:00:00,996.5,13.8,78,1.0,25.0,,,0.0,,,,,,,,,,,,,,,,,,,,,,,,,,,,
2012-01-23 18:00:00,996.7,13.6,81,0.9,32.0,,,0.0,,,,,,,,,,,,,,,,,,,,,,,,,,,,
2012-01-23 19:00:00,997.1,13.2,82,1.1,32.0,,,0.0,,,,,,,,,,,,,,,,,,,,,,,,,,,,
2012-01-23 20:00:00,997.1,13.1,83,1.0,20.0,,,0.0,,,,,,,,,,,,,,,,,,,,,,,,,,,,
2012-01-23 21:00:00,997.2,13.2,83,0.9,35.0,,,0.0,,,,,,,,,,,,,,,,,,,,,,,,,,,,
2012-01-23 22:00:00,997.5,13.3,82,0.6,32.0,,,0.0,,,,,,,,,,,,,,,,,,,,,,,,,,,,
2012-01-23 23:00:00,997.2,13.3,83,0.7,13.0,,,0.0,,,,,,,,,,,,,,,,,,,,,,,,,,,,
2012-01-24 00:00:00,997.5,13.0,85,0.8,342.0,,,0.0,,,,,,,,,,,,,,,,,,,,,,,,,,,,
2012-01-24 01:00:00,997.7,12.9,86,0.6,328.0,,,0.0,,,,,,,,,,,,,,,,,,,,,,,,,,,,
2012-01-24 02:00:00,997.1,13.2,86,0.8,37.0,,,0.0,,,,,,,,,,,,,,,,,,,,,,,,,,,,
2012-01-24 03:00:00,996.7,13.0,87,0.8,19.0,,,0.0,,,,,,,,,,,,,,,,,,,,,,,,,,,,
2012-01-24 04:00:00,996.5,13.1,87,0.9,338.0,,,0.0,,,,,,,,,,,,,,,,,,,,,,,,,,,,
2012-01-24 05:00:00,996.0,13.2,87,0.9,29.0,,,0.0,,,,,,,,,,,,,,,,,,,,,,,,,,,,
2012-01-24 06:00:00,996.9,12.9,91,1.0,43.0,,,1.0,,,,,,,,,,,,,,,,,,,,,,,,,,,,
2012-01-24 07:00:00,997.3,13.4,91,0.1,0.0,,,0.5,,,,,,,,,,,,,,,,,,,,,,,,,,,,
2012-01-24 08:00:00,997.7,13.1,93,1.0,341.0,,,0.0,,,,,,,,,,,,,,,,,,,,,,,,,,,,
2012-01-24 09:00:00,998.4,14.0,91,0.9,20.0,,,0.0,,,,,,,,,,,,,,,,,,,,,,,,,,,,
2012-01-24 10:00:00,998.9,14.8,89,0.6,340.0,,,0.0,,,,,,,,,,,,,,,,,,,,,,,,,,,,
2012-01-24 11:00:00,998.1,15.0,92,0.4,36.0,,,1.0,,,,,,,,,,,,,,,,,,,,,,,,,,,,
2012-01-24 12:00:00,996.7,17.2,86,0.7,26.0,,,0.0,,,,,,,,,,,,,,,,,,,,,,,,,,,,
2012-01-24 13:00:00,995.6,17.4,83,1.2,324.0,,,0.0,,,,,,,,,,,,,,,,,,,,,,,,,,,,
2012-01-24 14:00:00,995.0,18.7,78,1.3,353.0,,,0.0,,,,,,,,,,,,,,,,,,,,,,,,,,,,
2012-01-24 15:00:00,994.3,18.6,76,0.9,352.0,,,0.0,,,,,,,,,,,,,,,,,,,,,,,,,,,,
2012-01-24 16:00:00,994.3,18.0,77,0.8,358.0,,,0.0,,,,,,,,,,,,,,,,,,,,,,,,,,,,
2012-01-24 17:00:00,995.3,16.4,83,0.9,330.0,,,0.0,,,,,,,,,,,,,,,,,,,,,,,,,,,,
2012-01-24 18:00:00,995.2,15.9,85,0.7,353.0,,,0.0,,,,,,,,,,,,,,,,,,,,,,,,,,,,
2012-01-24 19:00:00,995.5,15.6,87,1.4,30.0,,,0.0,,,,,,,,,,,,,,,,,,,,,,,,,,,,
2012-01-24 20:00:00,995.9,15.1,90,1.5,25.0,,,0.0,,,,,,,,,,,,,,,,,,,,,,,,,,,,
2012-01-24 21:00:00,995.7,15.0,90,1.2,5.0,,,0.5,,,,,,,,,,,,,,,,,,,,,,,,,,,,
2012-01-24 22:00:00,995.7,14.7,92,1.1,34.0,,,0.5,,,,,,,,,,,,,,,,,,,,,,,,,,,,
2012-01-24 23:00:00,996.1,13.8,92,1.5,29.0,,,0.5,,,,,,,,,,,,,,,,,,,,,,,,,,,,
2012-01-25 00:00:00,996.7,13.5,91,1.6,35.0,,,0.5,,,,,,,,,,,,,,,,,,,,,,,,,,,,
2012-01-25 01:00:00,996.9,13.2,92,1.1,17.0,,,1.0,,,,,,,,,,,,,,,,,,,,,,,,,,,,
2012-01-25 02:00:00,996.7,13.0,91,1.0,30.0,,,0.5,,,,,,,,,,,,,,,,,,,,,,,,,,,,
2012-01-25 03:00:00,996.5,12.7,91,1.2,31.0,,,0.0,,,,,,,,,,,,,,,,,,,,,,,,,,,,
2012-01-25 04:00:00,996.0,12.4,90,1.4,30.0,,,0.0,,,,,,,,,,,,,,,,,,,,,,,,,,,,
2012-01-25 05:00:00,996.0,12.2,89,1.8,29.0,,,0.0,,,,,,,,,,,,,,,,,,,,,,,,,,,,
2012-01-25 06:00:00,996.8,12.2,89,1.0,29.0,,,0.0,,,,,,,,,,,,,,,,,,,,,,,,,,,,
2012-01-25 07:00:00,997.6,11.5,88,1.5,36.0,,,0.0,,,,,,,,,,,,,,,,,,,,,,,,,,,,
2012-01-25 08:00:00,998.1,11.6,87,1.0,34.0,,,0.0,,,,,,,,,,,,,,,,,,,,,,,,,,,,
2012-01-25 09:00:00,998.7,12.0,84,1.2,25.0,,,0.0,,,,,,,,,,,,,,,,,,,,,,,,,,,,
2012-01-25 10:00:00,998.6,13.2,79,1.5,24.0,,,0.0,,,,,,,,,,,,,,,,,,,,,,,,,,,,
2012-01-25 11:00:00,998.4,13.9,75,1.7,30.0,,,0.0,,,,,,,,,,,,,,,,,,,,,,,,,,,,
2012-01-25 12:00:00,998.1,13.2,77,1.6,37.0,,,0.0,,,,,,,,,,,,,,,,,,,,,,,,,,,,
2012-01-25 13:00:00,997.2,14.5,73,1.5,35.0,,,0.0,,,,,,,,,,,,,,,,,,,,,,,,,,,,
2012-01-25 14:00:00,996.8,13.9,73,1.4,18.0,,,0.0,,,,,,,,,,,,,,,,,,,,,,,,,,,,
2012-01-25 15:00:00,996.5,14.4,72,1.2,27.0,,,0.0,,,,,,,,,,,,,,,,,,,,,,,,,,,,
2012-01-25 16:00:00,996.6,13.6,75,1.0,31.0,,,0.0,,,,,,,,,,,,,,,,,,,,,,,,,,,,
2012-01-25 17:00:00,997.1,12.8,77,1.2,33.0,,,0.0,,,,,,,,,,,,,,,,,,,,,,,,,,,,
2012-01-25 18:00:00,997.1,12.6,78,1.2,31.0,,,0.0,,,,,,,,,,,,,,,,,,,,,,,,,,,,
2012-01-25 19:00:00,997.8,12.2,79,1.1,2.0,,,0.0,,,,,,,,,,,,,,,,,,,,,,,,,,,,
2012-01-25 20:00:00,998.1,12.1,80,1.2,37.0,,,0.0,,,,,,,,,,,,,,,,,,,,,,,,,,,,
2012-01-25 21:00:00,998.7,11.8,85,0.9,27.0,,,0.0,,,,,,,,,,,,,,,,,,,,,,,,,,,,
2012-01-25 22:00:00,998.9,11.8,84,0.8,20.0,,,0.0,,,,,,,,,,,,,,,,,,,,,,,,,,,,
2012-01-25 23:00:00,998.7,11.8,85,0.9,26.0,,,0.0,,,,,,,,,,,,,,,,,,,,,,,,,,,,
2012-01-26 00:00:00,998.9,11.8,86,0.5,27.0,,,0.0,,,,,,,,,,,,,,,,,,,,,,,,,,,,
2012-01-26 01:00:00,999.3,11.6,87,0.8,5.0,,,0.0,,,,,,,,,,,,,,,,,,,,,,,,,,,,
2012-01-26 02:00:00,999.4,11.6,86,0.7,25.0,,,0.0,,,,,,,,,,,,,,,,,,,,,,,,,,,,
2012-01-26 03:00:00,999.4,11.9,88,0.6,356.0,,,0.0,,,,,,,,,,,,,,,,,,,,,,,,,,,,
2012-01-26 04:00:00,999.1,12.3,89,0.3,291.0,,,0.0,,,,,,,,,,,,,,,,,,,,,,,,,,,,
2012-01-26 05:00:00,999.7,12.0,89,0.4,348.0,,,0.0,,,,,,,,,,,,,,,,,,,,,,,,,,,,
2012-01-26 06:00:00,1000.0,12.0,87,0.6,22.0,,,0.0,,,,,,,,,,,,,,,,,,,,,,,,,,,,
2012-01-26 07:00:00,1000.3,12.4,87,0.5,329.0,,,0.0,,,,,,,,,,,,,,,,,,,,,,,,,,,,
2012-01-26 08:00:00,1000.3,13.2,84,0.2,0.0,,,0.0,,,,,,,,,,,,,,,,,,,,,,,,,,,,
2012-01-26 09:00:00,1000.6,14.1,82,0.7,325.0,,,0.0,,,,,,,,,,,,,,,,,,,,,,,,,,,,
2012-01-26 10:00:00,1000.6,15.4,77,1.2,318.0,,,0.0,,,,,,,,,,,,,,,,,,,,,,,,,,,,
2012-01-26 11:00:00,999.6,18.7,65,1.1,5.0,,,0.0,,,,,,,,,,,,,,,,,,,,,,,,,,,,
2012-01-26 12:00:00,998.6,19.5,63,0.8,272.0,,,0.0,,,,,,,,,,,,,,,,,,,,,,,,,,,,
2012-01-26 13:00:00,997.0,20.2,61,0.7,245.0,,,0.0,,,,,,,,,,,,,,,,,,,,,,,,,,,,
2012-01-26 14:00:00,997.2,18.0,72,1.4,291.0,,,0.0,,,,,,,,,,,,,,,,,,,,,,,,,,,,
2012-01-26 15:00:00,997.4,16.9,75,1.3,346.0,,,0.0,,,,,,,,,,,,,,,,,,,,,,,,,,,,
2012-01-26 16:00:00,997.3,16.8,76,1.0,342.0,,,0.0,,,,,,,,,,,,,,,,,,,,,,,,,,,,
2012-01-26 17:00:00,997.8,16.3,78,0.9,310.0,,,0.0,,,,,,,,,,,,,,,,,,,,,,,,,,,,
2012-01-26 18:00:00,998.0,15.6,82,0.9,38.0,,,0.0,,,,,,,,,,,,,,,,,,,,,,,,,,,,
2012-01-26 19:00:00,998.2,15.4,84,0.2,0.0,,,0.0,,,,,,,,,,,,,,,,,,,,,,,,,,,,
2012-01-26 20:00:00,998.0,15.1,85,0.6,56.0,,,0.0,,,,,,,,,,,,,,,,,,,,,,,,,,,,
2012-01-26 21:00:00,998.3,14.7,87,0.3,326.0,,,0.0,,,,,,,,,,,,,,,,,,,,,,,,,,,,
2012-01-26 22:00:00,998.0,14.7,88,0.9,60.0,,,0.0,,,,,,,,,,,,,,,,,,,,,,,,,,,,
2012-01-26 23:00:00,997.8,14.5,88,0.6,339.0,,,0.0,,,,,,,,,,,,,,,,,,,,,,,,,,,,
2012-01-27 00:00:00,997.5,14.2,91,0.2,0.0,,,0.0,,,,,,,,,,,,,,,,,,,,,,,,,,,,
2012-01-27 01:00:00,997.2,14.0,91,0.4,335.0,,,0.0,,,,,,,,,,,,,,,,,,,,,,,,,,,,
2012-01-27 02:00:00,997.2,14.0,97,0.9,53.0,,,0.0,,,,,,,,,,,,,,,,,,,,,,,,,,,,
2012-01-27 03:00:00,997.1,14.6,94,0.6,358.0,,,0.0,,,,,,,,,,,,,,,,,,,,,,,,,,,,
2012-01-27 04:00:00,997.0,14.5,96,0.8,19.0,,,0.0,,,,,,,,,,,,,,,,,,,,,,,,,,,,
2012-01-27 05:00:00,997.2,14.3,91,0.3,44.0,,,0.0,,,,,,,,,,,,,,,,,,,,,,,,,,,,
2012-01-27 06:00:00,997.7,13.8,93,0.2,0.0,,,0.0,,,,,,,,,,,,,,,,,,,,,,,,,,,,
2012-01-27 07:00:00,997.8,13.9,95,0.8,67.0,,,0.0,,,,,,,,,,,,,,,,,,,,,,,,,,,,
2012-01-27 08:00:00,998.2,14.8,91,1.1,47.0,,,0.0,,,,,,,,,,,,,,,,,,,,,,,,,,,,
2012-01-27 09:00:00,998.4,17.2,79,1.1,342.0,,,0.0,,,,,,,,,,,,,,,,,,,,,,,,,,,,
2012-01-27 10:00:00,998.4,18.5,74,1.7,38.0,,,0.0,,,,,,,,,,,,,,,,,,,,,,,,,,,,
2012-01-27 11:00:00,997.5,20.6,63,1.2,37.0,,,0.0,,,,,,,,,,,,,,,,,,,,,,,,,,,,
2012-01-27 12:00:00,996.6,21.7,59,1.4,317.0,,,0.0,,,,,,,,,,,,,,,,,,,,,,,,,,,,
2012-01-27 13:00:00,995.6,21.7,63,1.3,336.0,,,0.0,,,,,,,,,,,,,,,,,,,,,,,,,,,,
2012-01-27 14:00:00,995.1,22.0,66,1.7,343.0,,,0.0,,,,,,,,,,,,,,,,,,,,,,,,,,,,
2012-01-27 15:00:00,994.7,21.8,66,1.3,343.0,,,0.0,,,,,,,,,,,,,,,,,,,,,,,,,,,,
2012-01-27 16:00:00,994.6,21.0,70,1.1,321.0,,,0.0,,,,,,,,,,,,,,,,,,,,,,,,,,,,
2012-01-27 17:00:00,994.7,19.6,76,0.7,323.0,,,-999.6,,,,,,,,,,,,,,,,,,,,,,,,,,,,
2012-01-27 18:00:00,995.0,17.5,84,1.0,326.0,,,0.0,,,,,,,,,,,,,,,,,,,,,,,,,,,,
2012-01-27 19:00:00,995.3,16.3,88,0.8,310.0,,,0.0,,,,,,,,,,,,,,,,,,,,,,,,,,,,
2012-01-27 20:00:00,995.3,15.8,90,0.2,0.0,,,0.0,,,,,,,,,,,,,,,,,,,,,,,,,,,,
2012-01-27 21:00:00,995.6,15.5,91,0.8,333.0,,,0.0,,,,,,,,,,,,,,,,,,,,,,,,,,,,
2012-01-27 22:00:00,995.9,14.4,96,0.8,328.0,,,0.0,,,,,,,,,,,,,,,,,,,,,,,,,,,,
2012-01-27 23:00:00,995.6,14.2,98,0.6,29.0,,,0.0,,,,,,,,,,,,,,,,,,,,,,,,,,,,
2012-01-28 00:00:00,995.5,14.3,98,0.2,0.0,,,0.0,,,,,,,,,,,,,,,,,,,,,,,,,,,,
2012-01-28 01:00:00,995.9,14.2,97,0.6,337.0,,,0.0,,,,,,,,,,,,,,,,,,,,,,,,,,,,
2012-01-28 02:00:00,995.7,14.3,97,0.6,61.0,,,0.0,,,,,,,,,,,,,,,,,,,,,,,,,,,,
2012-01-28 03:00:00,995.8,14.5,95,0.2,0.0,,,0.0,,,,,,,,,,,,,,,,,,,,,,,,,,,,
2012-01-28 04:00:00,995.8,14.0,95,0.6,325.0,,,0.0,,,,,,,,,,,,,,,,,,,,,,,,,,,,
2012-01-28 05:00:00,995.8,13.7,95,0.3,322.0,,,0.0,,,,,,,,,,,,,,,,,,,,,,,,,,,,
2012-01-28 06:00:00,996.1,13.5,96,0.1,0.0,,,0.0,,,,,,,,,,,,,,,,,,,,,,,,,,,,
2012-01-28 07:00:00,996.3,13.5,96,0.2,0.0,,,0.0,,,,,,,,,,,,,,,,,,,,,,,,,,,,
2012-01-28 08:00:00,996.6,16.0,84,0.2,0.0,,,0.0,,,,,,,,,,,,,,,,,,,,,,,,,,,,
2012-01-28 09:00:00,997.4,17.9,76,0.8,5.0,,,0.0,,,,,,,,,,,,,,,,,,,,,,,,,,,,
2012-01-28 10:00:00,997.7,18.9,76,1.3,356.0,,,0.0,,,,,,,,,,,,,,,,,,,,,,,,,,,,
2012-01-28 11:00:00,997.5,20.0,68,1.3,319.0,,,0.0,,,,,,,,,,,,,,,,,,,,,,,,,,,,
2012-01-28 12:00:00,996.3,21.2,65,1.4,337.0,,,0.0,,,,,,,,,,,,,,,,,,,,,,,,,,,,
2012-01-28 13:00:00,995.3,21.7,63,1.2,342.0,,,0.0,,,,,,,,,,,,,,,,,,,,,,,,,,,,
2012-01-28 14:00:00,994.6,22.3,61,0.9,317.0,,,0.0,,,,,,,,,,,,,,,,,,,,,,,,,,,,
2012-01-28 15:00:00,993.9,22.2,64,1.0,351.0,,,0.0,,,,,,,,,,,,,,,,,,,,,,,,,,,,
2012-01-28 16:00:00,993.4,21.3,71,1.3,326.0,,,0.0,,,,,,,,,,,,,,,,,,,,,,,,,,,,
2012-01-28 17:00:00,993.6,18.1,82,1.3,336.0,,,0.0,,,,,,,,,,,,,,,,,,,,,,,,,,,,
2012-01-28 18:00:00,993.9,17.5,85,1.1,326.0,,,0.0,,,,,,,,,,,,,,,,,,,,,,,,,,,,
2012-01-28 19:00:00,994.2,17.2,85,0.7,324.0,,,0.0,,,,,,,,,,,,,,,,,,,,,,,,,,,,
2012-01-28 20:00:00,994.5,17.1,86,0.5,302.0,,,0.0,,,,,,,,,,,,,,,,,,,,,,,,,,,,
2012-01-28 21:00:00,994.7,16.3,89,0.8,319.0,,,0.0,,,,,,,,,,,,,,,,,,,,,,,,,,,,
2012-01-28 22:00:00,994.7,16.7,87,0.6,308.0,,,0.0,,,,,,,,,,,,,,,,,,,,,,,,,,,,
2012-01-28 23:00:00,994.6,16.4,89,0.7,314.0,,,0.0,,,,,,,,,,,,,,,,,,,,,,,,,,,,
2012-01-29 00:00:00,994.6,16.3,88,0.8,339.0,,,0.0,,,,,,,,,,,,,,,,,,,,,,,,,,,,
2012-01-29 01:00:00,994.9,16.4,88,0.8,39.0,,,0.0,,,,,,,,,,,,,,,,,,,,,,,,,,,,
2012-01-29 02:00:00,994.9,16.2,89,0.8,359.0,,,0.0,,,,,,,,,,,,,,,,,,,,,,,,,,,,
2012-01-29 03:00:00,995.0,15.9,89,1.5,35.0,,,0.0,,,,,,,,,,,,,,,,,,,,,,,,,,,,
2012-01-29 04:00:00,995.0,15.8,89,1.0,29.0,,,0.0,,,,,,,,,,,,,,,,,,,,,,,,,,,,
2012-01-29 05:00:00,995.5,15.8,88,1.1,29.0,,,0.0,,,,,,,,,,,,,,,,,,,,,,,,,,,,
2012-01-29 06:00:00,996.2,15.9,89,1.3,32.0,,,0.0,,,,,,,,,,,,,,,,,,,,,,,,,,,,
2012-01-29 07:00:00,996.6,15.9,88,1.2,25.0,,,0.0,,,,,,,,,,,,,,,,,,,,,,,,,,,,
2012-01-29 08:00:00,997.1,16.8,84,1.5,33.0,,,0.0,,,,,,,,,,,,,,,,,,,,,,,,,,,,
2012-01-29 09:00:00,997.8,18.2,77,1.0,20.0,,,-999.6,,,,,,,,,,,,,,,,,,,,,,,,,,,,
2012-01-29 10:00:00,998.5,20.1,70,1.2,28.0,,,0.0,,,,,,,,,,,,,,,,,,,,,,,,,,,,
2012-01-29 11:00:00,998.2,19.9,69,1.4,20.0,,,0.0,,,,,,,,,,,,,,,,,,,,,,,,,,,,
2012-01-29 12:00:00,997.0,20.3,69,1.6,32.0,,,0.0,,,,,,,,,,,,,,,,,,,,,,,,,,,,
2012-01-29 13:00:00,996.0,21.0,66,1.6,332.0,,,0.0,,,,,,,,,,,,,,,,,,,,,,,,,,,,
2012-01-29 14:00:00,995.5,21.1,65,1.5,16.0,,,0.0,,,,,,,,,,,,,,,,,,,,,,,,,,,,
2012-01-29 15:00:00,995.1,20.2,67,1.8,16.0,,,0.0,,,,,,,,,,,,,,,,,,,,,,,,,,,,
2012-01-29 16:00:00,995.4,19.4,71,1.1,343.0,,,0.0,,,,,,,,,,,,,,,,,,,,,,,,,,,,
2012-01-29 17:00:00,995.8,18.0,76,1.6,25.0,,,0.0,,,,,,,,,,,,,,,,,,,,,,,,,,,,
2012-01-29 18:00:00,996.4,17.2,80,1.6,34.0,,,0.0,,,,,,,,,,,,,,,,,,,,,,,,,,,,
2012-01-29 19:00:00,996.7,16.8,83,1.3,24.0,,,0.0,,,,,,,,,,,,,,,,,,,,,,,,,,,,
2012-01-29 20:00:00,997.0,16.9,82,0.7,30.0,,,0.0,,,,,,,,,,,,,,,,,,,,,,,,,,,,
2012-01-29 21:00:00,997.4,16.2,85,0.9,348.0,,,0.0,,,,,,,,,,,,,,,,,,,,,,,,,,,,
2012-01-29 22:00:00,997.4,16.2,86,1.3,41.0,,,0.0,,,,,,,,,,,,,,,,,,,,,,,,,,,,
2012-01-29 23:00:00,997.7,16.2,85,1.3,32.0,,,0.0,,,,,,,,,,,,,,,,,,,,,,,,,,,,
2012-01-30 00:00:00,997.7,15.8,87,1.0,323.0,,,0.0,,,,,,,,,,,,,,,,,,,,,,,,,,,,
2012-01-30 01:00:00,997.5,15.8,87,1.6,30.0,,,0.0,,,,,,,,,,,,,,,,,,,,,,,,,,,,
2012-01-30 02:00:00,997.7,15.9,85,1.1,32.0,,,0.0,,,,,,,,,,,,,,,,,,,,,,,,,,,,
2012-01-30 03:00:00,997.3,15.7,87,0.9,30.0,,,0.0,,,,,,,,,,,,,,,,,,,,,,,,,,,,
2012-01-30 04:00:00,997.2,15.6,88,1.5,23.0,,,0.0,,,,,,,,,,,,,,,,,,,,,,,,,,,,
2012-01-30 05:00:00,997.1,15.5,88,1.1,30.0,,,0.0,,,,,,,,,,,,,,,,,,,,,,,,,,,,
2012-01-30 06:00:00,997.8,15.5,87,1.3,39.0,,,0.0,,,,,,,,,,,,,,,,,,,,,,,,,,,,
2012-01-30 07:00:00,998.3,15.4,87,1.2,37.0,,,0.0,,,,,,,,,,,,,,,,,,,,,,,,,,,,
2012-01-30 08:00:00,998.7,16.4,81,1.8,25.0,,,0.0,,,,,,,,,,,,,,,,,,,,,,,,,,,,
2012-01-30 09:00:00,999.0,17.3,76,1.4,33.0,,,0.0,,,,,,,,,,,,,,,,,,,,,,,,,,,,
2012-01-30 10:00:00,998.9,18.5,71,1.5,21.0,,,0.0,,,,,,,,,,,,,,,,,,,,,,,,,,,,
2012-01-30 11:00:00,998.8,18.6,71,2.2,28.0,,,0.0,,,,,,,,,,,,,,,,,,,,,,,,,,,,
2012-01-30 12:00:00,998.3,19.4,67,1.2,29.0,,,0.0,,,,,,,,,,,,,,,,,,,,,,,,,,,,
2012-01-30 13:00:00,997.2,20.8,61,1.4,31.0,,,0.0,,,,,,,,,,,,,,,,,,,,,,,,,,,,
2012-01-30 14:00:00,996.5,21.7,58,1.1,39.0,,,0.0,,,,,,,,,,,,,,,,,,,,,,,,,,,,
2012-01-30 15:00:00,996.5,20.8,61,1.1,353.0,,,0.0,,,,,,,,,,,,,,,,,,,,,,,,,,,,
2012-01-30 16:00:00,996.5,19.4,69,1.3,338.0,,,0.0,,,,,,,,,,,,,,,,,,,,,,,,,,,,
2012-01-30 17:00:00,997.0,17.2,78,1.2,7.0,,,0.0,,,,,,,,,,,,,,,,,,,,,,,,,,,,
2012-01-30 18:00:00,997.5,16.2,81,1.7,29.0,,,0.0,,,,,,,,,,,,,,,,,,,,,,,,,,,,
2012-01-30 19:00:00,997.9,15.6,82,1.2,24.0,,,0.0,,,,,,,,,,,,,,,,,,,,,,,,,,,,
2012-01-30 20:00:00,998.7,15.3,83,1.5,29.0,,,0.0,,,,,,,,,,,,,,,,,,,,,,,,,,,,
2012-01-30 21:00:00,999.0,15.0,84,1.3,18.0,,,0.0,,,,,,,,,,,,,,,,,,,,,,,,,,,,
2012-01-30 22:00:00,999.0,14.9,84,1.7,17.0,,,0.0,,,,,,,,,,,,,,,,,,,,,,,,,,,,
2012-01-30 23:00:00,999.3,14.6,83,1.4,19.0,,,0.0,,,,,,,,,,,,,,,,,,,,,,,,,,,,
2012-01-31 00:00:00,999.3,14.7,83,1.6,35.0,,,0.0,,,,,,,,,,,,,,,,,,,,,,,,,,,,
2012-01-31 01:00:00,999.4,14.7,83,1.1,27.0,,,0.0,,,,,,,,,,,,,,,,,,,,,,,,,,,,
2012-01-31 02:00:00,999.3,14.5,85,0.9,29.0,,,0.0,,,,,,,,,,,,,,,,,,,,,,,,,,,,
2012-01-31 03:00:00,999.1,14.3,86,0.8,351.0,,,0.0,,,,,,,,,,,,,,,,,,,,,,,,,,,,
2012-01-31 04:00:00,999.3,14.1,86,1.2,7.0,,,0.0,,,,,,,,,,,,,,,,,,,,,,,,,,,,
2012-01-31 05:00:00,999.6,13.9,86,1.4,32.0,,,0.0,,,,,,,,,,,,,,,,,,,,,,,,,,,,
2012-01-31 06:00:00,1000.3,13.8,86,1.1,17.0,,,0.0,,,,,,,,,,,,,,,,,,,,,,,,,,,,
2012-01-31 07:00:00,1000.4,13.8,86,1.1,22.0,,,0.0,,,,,,,,,,,,,,,,,,,,,,,,,,,,
2012-01-31 08:00:00,1000.9,14.8,80,1.1,15.0,,,0.0,,,,,,,,,,,,,,,,,,,,,,,,,,,,
2012-01-31 09:00:00,1001.0,16.1,75,1.2,16.0,,,0.0,,,,,,,,,,,,,,,,,,,,,,,,,,,,
2012-01-31 10:00:00,1000.7,17.3,69,1.1,20.0,,,0.0,,,,,,,,,,,,,,,,,,,,,,,,,,,,
2012-01-31 11:00:00,1000.0,19.0,61,1.1,33.0,,,0.0,,,,,,,,,,,,,,,,,,,,,,,,,,,,
2012-01-31 12:00:00,999.5,18.6,66,1.3,319.0,,,0.0,,,,,,,,,,,,,,,,,,,,,,,,,,,,
2012-01-31 13:00:00,998.4,19.0,59,1.1,35.0,,,0.0,,,,,,,,,,,,,,,,,,,,,,,,,,,,
2012-01-31 14:00:00,997.5,19.5,58,1.1,11.0,,,0.0,,,,,,,,,,,,,,,,,,,,,,,,,,,,
2012-01-31 15:00:00,996.9,18.9,59,0.9,360.0,,,0.0,,,,,,,,,,,,,,,,,,,,,,,,,,,,
2012-01-31 16:00:00,996.8,17.5,64,1.5,35.0,,,0.0,,,,,,,,,,,,,,,,,,,,,,,,,,,,
2012-01-31 17:00:00,997.1,16.3,71,0.9,360.0,,,0.0,,,,,,,,,,,,,,,,,,,,,,,,,,,,
2012-01-31 18:00:00,997.7,14.7,77,1.2,20.0,,,0.0,,,,,,,,,,,,,,,,,,,,,,,,,,,,
2012-01-31 19:00:00,998.0,14.3,78,1.3,39.0,,,0.0,,,,,,,,,,,,,,,,,,,,,,,,,,,,
2012-01-31 20:00:00,998.4,14.1,80,1.2,31.0,,,0.0,,,,,,,,,,,,,,,,,,,,,,,,,,,,
2012-01-31 21:00:00,998.5,13.9,82,1.1,33.0,,,0.0,,,,,,,,,,,,,,,,,,,,,,,,,,,,
2012-01-31 22:00:00,998.8,13.8,82,0.7,38.0,,,0.0,,,,,,,,,,,,,,,,,,,,,,,,,,,,
2012-01-31 23:00:00,998.8,13.5,84,0.5,25.0,,,0.0,,,,,,,,,,,,,,,,,,,,,,,,,,,,
2012-02-01 00:00:00,998.4,13.3,85,0.4,77.0,,,0.0,,,,,,,,,,,,,,,,,,,,,,,,,,,,
2012-02-01 01:00:00,998.3,13.0,86,0.7,79.0,,,0.0,,,,,,,,,,,,,,,,,,,,,,,,,,,,
2012-02-01 02:00:00,997.8,12.6,88,0.5,74.0,,,0.0,,,,,,,,,,,,,,,,,,,,,,,,,,,,
2012-02-01 03:00:00,997.5,12.3,89,0.5,40.0,,,0.0,,,,,,,,,,,,,,,,,,,,,,,,,,,,
2012-02-01 04:00:00,997.1,11.9,91,0.2,0.0,,,0.0,,,,,,,,,,,,,,,,,,,,,,,,,,,,
2012-02-01 05:00:00,997.6,11.6,93,0.0,0.0,,,0.0,,,,,,,,,,,,,,,,,,,,,,,,,,,,
2012-02-01 06:00:00,998.5,11.7,92,0.1,0.0,,,0.0,,,,,,,,,,,,,,,,,,,,,,,,,,,,
2012-02-01 07:00:00,998.8,12.1,90,0.7,63.0,,,0.0,,,,,,,,,,,,,,,,,,,,,,,,,,,,
2012-02-01 08:00:00,999.3,13.8,85,0.9,48.0,,,0.0,,,,,,,,,,,,,,,,,,,,,,,,,,,,
2012-02-01 09:00:00,999.7,17.2,71,0.6,313.0,,,0.0,,,,,,,,,,,,,,,,,,,,,,,,,,,,
2012-02-01 10:00:00,1000.2,19.1,63,0.6,7.0,,,0.0,,,,,,,,,,,,,,,,,,,,,,,,,,,,
2012-02-01 11:00:00,999.5,19.4,67,1.0,319.0,,,0.0,,,,,,,,,,,,,,,,,,,,,,,,,,,,
2012-02-01 12:00:00,999.3,19.2,69,1.3,290.0,,,0.0,,,,,,,,,,,,,,,,,,,,,,,,,,,,
2012-02-01 13:00:00,998.4,19.5,68,1.3,332.0,,,0.0,,,,,,,,,,,,,,,,,,,,,,,,,,,,
2012-02-01 14:00:00,997.7,19.0,70,1.4,321.0,,,0.0,,,,,,,,,,,,,,,,,,,,,,,,,,,,
2012-02-01 15:00:00,997.0,19.4,69,1.0,338.0,,,0.0,,,,,,,,,,,,,,,,,,,,,,,,,,,,
2012-02-01 16:00:00,996.8,19.3,71,0.8,305.0,,,0.0,,,,,,,,,,,,,,,,,,,,,,,,,,,,
2012-02-01 17:00:00,997.0,18.4,76,0.7,298.0,,,0.0,,,,,,,,,,,,,,,,,,,,,,,,,,,,
2012-02-01 18:00:00,997.4,16.9,85,0.7,335.0,,,0.0,,,,,,,,,,,,,,,,,,,,,,,,,,,,
2012-02-01 19:00:00,997.9,16.3,89,0.6,18.0,,,-999.6,,,,,,,,,,,,,,,,,,,,,,,,,,,,
2012-02-01 20:00:00,998.4,16.1,87,0.4,23.0,,,0.0,,,,,,,,,,,,,,,,,,,,,,,,,,,,
2012-02-01 21:00:00,999.0,15.7,92,0.8,327.0,,,0.0,,,,,,,,,,,,,,,,,,,,,,,,,,,,
2012-02-01 22:00:00,998.9,15.8,88,0.7,40.0,,,0.0,,,,,,,,,,,,,,,,,,,,,,,,,,,,
2012-02-01 23:00:00,999.0,15.0,94,0.6,310.0,,,0.0,,,,,,,,,,,,,,,,,,,,,,,,,,,,
2012-02-02 00:00:00,999.1,14.9,93,0.4,38.0,,,0.0,,,,,,,,,,,,,,,,,,,,,,,,,,,,
2012-02-02 01:00:00,999.3,15.2,89,0.5,62.0,,,0.0,,,,,,,,,,,,,,,,,,,,,,,,,,,,
2012-02-02 02:00:00,999.0,15.9,86,0.8,6.0,,,0.0,,,,,,,,,,,,,,,,,,,,,,,,,,,,
2012-02-02 03:00:00,998.9,15.9,84,1.1,46.0,,,0.0,,,,,,,,,,,,,,,,,,,,,,,,,,,,
2012-02-02 04:00:00,998.9,15.6,85,1.1,37.0,,,0.0,,,,,,,,,,,,,,,,,,,,,,,,,,,,
2012-02-02 05:00:00,999.0,15.2,85,0.8,34.0,,,0.0,,,,,,,,,,,,,,,,,,,,,,,,,,,,
2012-02-02 06:00:00,998.9,15.1,85,0.5,47.0,,,0.0,,,,,,,,,,,,,,,,,,,,,,,,,,,,
2012-02-02 07:00:00,999.9,14.5,87,0.8,332.0,,,0.0,,,,,,,,,,,,,,,,,,,,,,,,,,,,
2012-02-02 08:00:00,1000.7,15.8,78,1.5,29.0,,,0.0,,,,,,,,,,,,,,,,,,,,,,,,,,,,
2012-02-02 09:00:00,1001.0,16.6,73,1.2,39.0,,,0.0,,,,,,,,,,,,,,,,,,,,,,,,,,,,
2012-02-02 10:00:00,1000.2,18.1,67,1.3,31.0,,,0.0,,,,,,,,,,,,,,,,,,,,,,,,,,,,
2012-02-02 11:00:00,999.0,20.2,58,1.6,42.0,,,0.0,,,,,,,,,,,,,,,,,,,,,,,,,,,,
2012-02-02 12:00:00,998.5,22.1,54,1.4,290.0,,,0.0,,,,,,,,,,,,,,,,,,,,,,,,,,,,
2012-02-02 13:00:00,998.6,19.8,61,2.3,342.0,,,0.0,,,,,,,,,,,,,,,,,,,,,,,,,,,,
2012-02-02 14:00:00,998.2,20.1,56,1.6,30.0,,,0.0,,,,,,,,,,,,,,,,,,,,,,,,,,,,
2012-02-02 15:00:00,997.8,19.0,61,1.3,26.0,,,0.0,,,,,,,,,,,,,,,,,,,,,,,,,,,,
2012-02-02 16:00:00,998.1,17.9,64,1.3,25.0,,,0.0,,,,,,,,,,,,,,,,,,,,,,,,,,,,
2012-02-02 17:00:00,998.3,16.3,70,1.3,11.0,,,0.0,,,,,,,,,,,,,,,,,,,,,,,,,,,,
2012-02-02 18:00:00,998.6,15.8,72,1.1,31.0,,,0.0,,,,,,,,,,,,,,,,,,,,,,,,,,,,
2012-02-02 19:00:00,999.0,14.5,74,1.8,29.0,,,0.0,,,,,,,,,,,,,,,,,,,,,,,,,,,,
2012-02-02 20:00:00,999.3,14.5,75,1.5,32.0,,,0.0,,,,,,,,,,,,,,,,,,,,,,,,,,,,
2012-02-02 21:00:00,999.6,14.1,76,1.7,32.0,,,0.0,,,,,,,,,,,,,,,,,,,,,,,,,,,,
2012-02-02 22:00:00,999.9,14.1,75,1.4,31.0,,,0.0,,,,,,,,,,,,,,,,,,,,,,,,,,,,
2012-02-02 23:00:00,999.9,13.7,77,1.0,18.0,,,0.0,,,,,,,,,,,,,,,,,,,,,,,,,,,,
2012-02-03 00:00:00,1000.0,13.8,76,1.0,5.0,,,0.0,,,,,,,,,,,,,,,,,,,,,,,,,,,,
2012-02-03 01:00:00,999.9,14.3,74,0.7,36.0,,,0.0,,,,,,,,,,,,,,,,,,,,,,,,,,,,
2012-02-03 02:00:00,1000.2,13.3,81,0.8,33.0,,,0.0,,,,,,,,,,,,,,,,,,,,,,,,,,,,
2012-02-03 03:00:00,999.9,13.7,85,0.7,295.0,,,0.0,,,,,,,,,,,,,,,,,,,,,,,,,,,,
2012-02-03 04:00:00,999.9,12.6,89,0.8,347.0,,,0.0,,,,,,,,,,,,,,,,,,,,,,,,,,,,
2012-02-03 05:00:00,999.8,13.0,87,0.6,38.0,,,0.0,,,,,,,,,,,,,,,,,,,,,,,,,,,,
2012-02-03 06:00:00,999.9,12.6,86,1.3,25.0,,,-999.6,,,,,,,,,,,,,,,,,,,,,,,,,,,,
2012-02-03 07:00:00,1000.8,13.1,85,0.7,344.0,,,0.0,,,,,,,,,,,,,,,,,,,,,,,,,,,,
2012-02-03 08:00:00,1001.8,13.7,83,1.0,14.0,,,0.0,,,,,,,,,,,,,,,,,,,,,,,,,,,,
2012-02-03 09:00:00,1001.7,14.2,80,0.7,40.0,,,0.0,,,,,,,,,,,,,,,,,,,,,,,,,,,,
2012-02-03 10:00:00,1001.6,15.1,76,1.3,8.0,,,0.0,,,,,,,,,,,,,,,,,,,,,,,,,,,,
2012-02-03 11:00:00,1001.7,14.9,76,0.9,348.0,,,0.0,,,,,,,,,,,,,,,,,,,,,,,,,,,,
2012-02-03 12:00:00,1001.3,14.9,77,0.8,33.0,,,0.0,,,,,,,,,,,,,,,,,,,,,,,,,,,,
2012-02-03 13:00:00,1000.5,14.9,80,0.8,338.0,,,0.0,,,,,,,,,,,,,,,,,,,,,,,,,,,,
2012-02-03 14:00:00,1000.1,15.6,77,0.7,331.0,,,0.0,,,,,,,,,,,,,,,,,,,,,,,,,,,,
2012-02-03 15:00:00,999.9,14.3,84,0.6,323.0,,,0.0,,,,,,,,,,,,,,,,,,,,,,,,,,,,
2012-02-03 16:00:00,999.9,14.3,86,0.6,339.0,,,0.0,,,,,,,,,,,,,,,,,,,,,,,,,,,,
2012-02-03 17:00:00,1000.0,14.0,85,0.9,330.0,,,0.0,,,,,,,,,,,,,,,,,,,,,,,,,,,,
2012-02-03 18:00:00,999.9,13.8,89,1.2,19.0,,,0.0,,,,,,,,,,,,,,,,,,,,,,,,,,,,
2012-02-03 19:00:00,1000.0,13.9,87,1.1,5.0,,,0.0,,,,,,,,,,,,,,,,,,,,,,,,,,,,
2012-02-03 20:00:00,1000.5,13.5,89,0.9,335.0,,,-999.6,,,,,,,,,,,,,,,,,,,,,,,,,,,,
2012-02-03 21:00:00,1000.1,13.7,88,1.0,35.0,,,0.0,,,,,,,,,,,,,,,,,,,,,,,,,,,,
2012-02-03 22:00:00,1000.2,13.8,88,0.8,22.0,,,-999.6,,,,,,,,,,,,,,,,,,,,,,,,,,,,
2012-02-03 23:00:00,999.6,14.2,85,0.6,330.0,,,0.0,,,,,,,,,,,,,,,,,,,,,,,,,,,,
2012-02-04 00:00:00,999.4,14.4,85,0.1,0.0,,,0.0,,,,,,,,,,,,,,,,,,,,,,,,,,,,
2012-02-04 01:00:00,999.6,13.4,90,0.9,337.0,,,0.0,,,,,,,,,,,,,,,,,,,,,,,,,,,,
2012-02-04 02:00:00,998.9,13.2,91,0.4,310.0,,,0.0,,,,,,,,,,,,,,,,,,,,,,,,,,,,
2012-02-04 03:00:00,998.9,12.8,93,0.5,321.0,,,0.0,,,,,,,,,,,,,,,,,,,,,,,,,,,,
2012-02-04 04:00:00,998.9,13.4,91,0.6,36.0,,,0.0,,,,,,,,,,,,,,,,,,,,,,,,,,,,
2012-02-04 05:00:00,999.1,13.7,90,0.3,114.0,,,0.0,,,,,,,,,,,,,,,,,,,,,,,,,,,,
2012-02-04 06:00:00,999.8,13.5,91,0.3,335.0,,,0.0,,,,,,,,,,,,,,,,,,,,,,,,,,,,
2012-02-04 07:00:00,1000.1,13.8,90,0.2,0.0,,,0.0,,,,,,,,,,,,,,,,,,,,,,,,,,,,
2012-02-04 08:00:00,1000.2,15.2,85,0.5,348.0,,,0.0,,,,,,,,,,,,,,,,,,,,,,,,,,,,
2012-02-04 09:00:00,1001.0,16.5,80,0.7,310.0,,,0.0,,,,,,,,,,,,,,,,,,,,,,,,,,,,
2012-02-04 10:00:00,1001.3,18.6,71,0.9,339.0,,,0.0,,,,,,,,,,,,,,,,,,,,,,,,,,,,
2012-02-04 11:00:00,1000.6,20.0,64,0.9,325.0,,,0.0,,,,,,,,,,,,,,,,,,,,,,,,,,,,
2012-02-04 12:00:00,999.9,20.6,65,1.2,332.0,,,0.0,,,,,,,,,,,,,,,,,,,,,,,,,,,,
2012-02-04 13:00:00,998.8,21.1,67,0.9,319.0,,,0.0,,,,,,,,,,,,,,,,,,,,,,,,,,,,
2012-02-04 14:00:00,997.1,23.0,58,0.7,318.0,,,0.0,,,,,,,,,,,,,,,,,,,,,,,,,,,,
2012-02-04 15:00:00,996.1,24.5,55,0.6,260.0,,,0.0,,,,,,,,,,,,,,,,,,,,,,,,,,,,
2012-02-04 16:00:00,996.7,20.0,76,1.0,317.0,,,0.0,,,,,,,,,,,,,,,,,,,,,,,,,,,,
2012-02-04 17:00:00,997.0,17.8,86,1.1,342.0,,,0.0,,,,,,,,,,,,,,,,,,,,,,,,,,,,
2012-02-04 18:00:00,996.8,17.0,92,0.7,344.0,,,0.0,,,,,,,,,,,,,,,,,,,,,,,,,,,,
2012-02-04 19:00:00,997.3,17.2,91,0.9,31.0,,,0.0,,,,,,,,,,,,,,,,,,,,,,,,,,,,
2012-02-04 20:00:00,997.9,16.6,93,0.8,338.0,,,0.0,,,,,,,,,,,,,,,,,,,,,,,,,,,,
2012-02-04 21:00:00,998.0,16.5,96,0.3,1.0,,,0.0,,,,,,,,,,,,,,,,,,,,,,,,,,,,
2012-02-04 22:00:00,998.3,16.4,96,0.3,295.0,,,0.0,,,,,,,,,,,,,,,,,,,,,,,,,,,,
2012-02-04 23:00:00,998.3,16.2,98,0.3,53.0,,,0.0,,,,,,,,,,,,,,,,,,,,,,,,,,,,
2012-02-05 00:00:00,998.4,16.0,99,0.9,27.0,,,0.0,,,,,,,,,,,,,,,,,,,,,,,,,,,,
2012-02-05 01:00:00,998.3,16.0,99,0.6,58.0,,,0.0,,,,,,,,,,,,,,,,,,,,,,,,,,,,
2012-02-05 02:00:00,998.1,16.3,98,0.3,303.0,,,-999.6,,,,,,,,,,,,,,,,,,,,,,,,,,,,
2012-02-05 03:00:00,998.0,15.7,99,0.5,316.0,,,0.0,,,,,,,,,,,,,,,,,,,,,,,,,,,,
2012-02-05 04:00:00,998.0,15.4,99,0.8,341.0,,,0.0,,,,,,,,,,,,,,,,,,,,,,,,,,,,
2012-02-05 05:00:00,997.9,15.7,97,0.8,41.0,,,0.0,,,,,,,,,,,,,,,,,,,,,,,,,,,,
2012-02-05 06:00:00,998.2,15.4,95,0.2,0.0,,,0.0,,,,,,,,,,,,,,,,,,,,,,,,,,,,
2012-02-05 07:00:00,998.6,15.4,95,0.4,107.0,,,0.0,,,,,,,,,,,,,,,,,,,,,,,,,,,,
2012-02-05 08:00:00,998.9,16.5,89,0.5,106.0,,,0.0,,,,,,,,,,,,,,,,,,,,,,,,,,,,
2012-02-05 09:00:00,999.0,18.5,82,0.1,0.0,,,0.0,,,,,,,,,,,,,,,,,,,,,,,,,,,,
2012-02-05 10:00:00,998.4,20.8,72,0.4,316.0,,,0.0,,,,,,,,,,,,,,,,,,,,,,,,,,,,
2012-02-05 11:00:00,998.0,23.6,58,0.9,321.0,,,0.0,,,,,,,,,,,,,,,,,,,,,,,,,,,,
2012-02-05 12:00:00,997.2,24.4,60,1.0,304.0,,,0.0,,,,,,,,,,,,,,,,,,,,,,,,,,,,
2012-02-05 13:00:00,996.3,25.7,50,1.0,344.0,,,0.0,,,,,,,,,,,,,,,,,,,,,,,,,,,,
2012-02-05 14:00:00,995.3,24.6,60,1.4,315.0,,,0.0,,,,,,,,,,,,,,,,,,,,,,,,,,,,
2012-02-05 15:00:00,994.8,22.6,68,1.0,333.0,,,0.0,,,,,,,,,,,,,,,,,,,,,,,,,,,,
2012-02-05 16:00:00,994.6,22.8,67,1.1,7.0,,,0.0,,,,,,,,,,,,,,,,,,,,,,,,,,,,
2012-02-05 17:00:00,994.5,22.7,67,0.8,6.0,,,0.0,,,,,,,,,,,,,,,,,,,,,,,,,,,,
2012-02-05 18:00:00,994.5,22.1,72,0.7,3.0,,,0.0,,,,,,,,,,,,,,,,,,,,,,,,,,,,
2012-02-05 19:00:00,994.9,21.6,75,0.5,20.0,,,0.0,,,,,,,,,,,,,,,,,,,,,,,,,,,,
2012-02-05 20:00:00,995.3,19.4,83,0.3,75.0,,,0.0,,,,,,,,,,,,,,,,,,,,,,,,,,,,
2012-02-05 21:00:00,995.3,19.7,83,0.0,0.0,,,0.0,,,,,,,,,,,,,,,,,,,,,,,,,,,,
2012-02-05 22:00:00,994.7,19.2,84,0.0,0.0,,,0.0,,,,,,,,,,,,,,,,,,,,,,,,,,,,
2012-02-05 23:00:00,994.6,18.7,84,0.0,0.0,,,0.0,,,,,,,,,,,,,,,,,,,,,,,,,,,,
2012-02-06 00:00:00,994.3,18.9,81,0.6,49.0,,,0.0,,,,,,,,,,,,,,,,,,,,,,,,,,,,
2012-02-06 01:00:00,994.0,18.6,81,0.3,68.0,,,0.0,,,,,,,,,,,,,,,,,,,,,,,,,,,,
2012-02-06 02:00:00,993.6,18.2,84,0.0,0.0,,,0.0,,,,,,,,,,,,,,,,,,,,,,,,,,,,
2012-02-06 03:00:00,992.8,18.6,83,0.1,0.0,,,0.0,,,,,,,,,,,,,,,,,,,,,,,,,,,,
2012-02-06 04:00:00,993.0,18.7,82,0.2,0.0,,,0.0,,,,,,,,,,,,,,,,,,,,,,,,,,,,
2012-02-06 05:00:00,992.7,19.4,79,0.0,0.0,,,0.0,,,,,,,,,,,,,,,,,,,,,,,,,,,,
2012-02-06 06:00:00,992.6,19.4,80,0.4,94.0,,,0.0,,,,,,,,,,,,,,,,,,,,,,,,,,,,
2012-02-06 07:00:00,993.0,19.4,81,0.2,0.0,,,0.0,,,,,,,,,,,,,,,,,,,,,,,,,,,,
2012-02-06 08:00:00,993.0,21.2,73,0.1,0.0,,,0.0,,,,,,,,,,,,,,,,,,,,,,,,,,,,
2012-02-06 09:00:00,993.0,22.0,70,0.6,233.0,,,0.0,,,,,,,,,,,,,,,,,,,,,,,,,,,,
2012-02-06 10:00:00,992.7,24.1,60,0.3,190.0,,,0.0,,,,,,,,,,,,,,,,,,,,,,,,,,,,
2012-02-06 11:00:00,992.0,27.2,51,0.6,143.0,,,0.0,,,,,,,,,,,,,,,,,,,,,,,,,,,,
2012-02-06 12:00:00,991.2,27.4,50,0.6,236.0,,,0.0,,,,,,,,,,,,,,,,,,,,,,,,,,,,
2012-02-06 13:00:00,990.1,28.1,52,0.8,126.0,,,0.0,,,,,,,,,,,,,,,,,,,,,,,,,,,,
2012-02-06 14:00:00,989.9,25.6,65,1.4,249.0,,,0.0,,,,,,,,,,,,,,,,,,,,,,,,,,,,
2012-02-06 15:00:00,988.6,27.2,60,0.6,241.0,,,0.0,,,,,,,,,,,,,,,,,,,,,,,,,,,,
2012-02-06 16:00:00,988.3,26.9,63,0.6,249.0,,,0.0,,,,,,,,,,,,,,,,,,,,,,,,,,,,
2012-02-06 17:00:00,988.5,25.6,69,0.6,241.0,,,0.0,,,,,,,,,,,,,,,,,,,,,,,,,,,,
2012-02-06 18:00:00,989.0,23.4,80,0.3,244.0,,,0.0,,,,,,,,,,,,,,,,,,,,,,,,,,,,
2012-02-06 19:00:00,989.6,22.8,88,0.2,0.0,,,0.0,,,,,,,,,,,,,,,,,,,,,,,,,,,,
2012-02-06 20:00:00,990.3,23.1,89,0.6,186.0,,,0.0,,,,,,,,,,,,,,,,,,,,,,,,,,,,
2012-02-06 21:00:00,990.3,23.2,88,0.7,108.0,,,0.0,,,,,,,,,,,,,,,,,,,,,,,,,,,,
2012-02-06 22:00:00,990.6,23.6,85,0.5,171.0,,,0.0,,,,,,,,,,,,,,,,,,,,,,,,,,,,
2012-02-06 23:00:00,990.8,23.6,84,0.2,0.0,,,0.0,,,,,,,,,,,,,,,,,,,,,,,,,,,,
2012-02-07 00:00:00,991.0,23.3,87,0.3,239.0,,,0.0,,,,,,,,,,,,,,,,,,,,,,,,,,,,
2012-02-07 01:00:00,990.9,22.8,91,0.5,238.0,,,0.0,,,,,,,,,,,,,,,,,,,,,,,,,,,,
2012-02-07 02:00:00,990.9,22.4,93,0.5,246.0,,,0.0,,,,,,,,,,,,,,,,,,,,,,,,,,,,
2012-02-07 03:00:00,990.9,21.9,97,0.1,0.0,,,1.5,,,,,,,,,,,,,,,,,,,,,,,,,,,,
2012-02-07 04:00:00,990.7,20.9,99,0.5,272.0,,,3.0,,,,,,,,,,,,,,,,,,,,,,,,,,,,
2012-02-07 05:00:00,990.4,18.0,99,1.2,36.0,,,0.0,,,,,,,,,,,,,,,,,,,,,,,,,,,,
2012-02-07 06:00:00,991.0,18.8,99,0.6,334.0,,,0.0,,,,,,,,,,,,,,,,,,,,,,,,,,,,
2012-02-07 07:00:00,992.0,16.1,94,1.4,20.0,,,2.5,,,,,,,,,,,,,,,,,,,,,,,,,,,,
2012-02-07 08:00:00,992.8,15.8,89,1.9,28.0,,,0.0,,,,,,,,,,,,,,,,,,,,,,,,,,,,
2012-02-07 09:00:00,993.4,16.7,84,1.4,35.0,,,0.0,,,,,,,,,,,,,,,,,,,,,,,,,,,,
2012-02-07 10:00:00,994.4,16.0,82,1.9,29.0,,,0.0,,,,,,,,,,,,,,,,,,,,,,,,,,,,
2012-02-07 11:00:00,994.1,14.9,86,2.0,28.0,,,0.0,,,,,,,,,,,,,,,,,,,,,,,,,,,,
2012-02-07 12:00:00,993.7,13.8,93,1.7,41.0,,,1.0,,,,,,,,,,,,,,,,,,,,,,,,,,,,
2012-02-07 13:00:00,992.9,14.4,85,2.0,29.0,,,0.5,,,,,,,,,,,,,,,,,,,,,,,,,,,,
2012-02-07 14:00:00,992.6,15.3,78,2.4,30.0,,,0.0,,,,,,,,,,,,,,,,,,,,,,,,,,,,
2012-02-07 15:00:00,992.7,13.9,81,2.7,26.0,,,0.0,,,,,,,,,,,,,,,,,,,,,,,,,,,,
2012-02-07 16:00:00,993.0,13.6,80,2.0,25.0,,,0.0,,,,,,,,,,,,,,,,,,,,,,,,,,,,
2012-02-07 17:00:00,994.3,12.8,80,2.6,29.0,,,0.0,,,,,,,,,,,,,,,,,,,,,,,,,,,,
2012-02-07 18:00:00,994.3,12.5,81,1.8,26.0,,,0.0,,,,,,,,,,,,,,,,,,,,,,,,,,,,
2012-02-07 19:00:00,994.8,12.5,80,1.6,31.0,,,0.0,,,,,,,,,,,,,,,,,,,,,,,,,,,,
2012-02-07 20:00:00,995.3,12.1,82,1.1,13.0,,,0.0,,,,,,,,,,,,,,,,,,,,,,,,,,,,
2012-02-07 21:00:00,996.4,11.5,79,1.7,21.0,,,0.0,,,,,,,,,,,,,,,,,,,,,,,,,,,,
2012-02-07 22:00:00,996.5,11.7,79,1.4,27.0,,,0.0,,,,,,,,,,,,,,,,,,,,,,,,,,,,
2012-02-07 23:00:00,997.1,11.5,78,1.8,23.0,,,0.0,,,,,,,,,,,,,,,,,,,,,,,,,,,,
2012-02-08 00:00:00,997.4,11.5,77,1.6,24.0,,,0.0,,,,,,,,,,,,,,,,,,,,,,,,,,,,
2012-02-08 01:00:00,997.5,11.6,77,1.5,33.0,,,0.0,,,,,,,,,,,,,,,,,,,,,,,,,,,,
2012-02-08 02:00:00,997.3,11.5,80,1.6,36.0,,,0.0,,,,,,,,,,,,,,,,,,,,,,,,,,,,
2012-02-08 03:00:00,996.6,11.8,78,1.6,35.0,,,0.0,,,,,,,,,,,,,,,,,,,,,,,,,,,,
2012-02-08 04:00:00,997.4,11.0,85,1.6,29.0,,,0.0,,,,,,,,,,,,,,,,,,,,,,,,,,,,
2012-02-08 05:00:00,997.0,10.9,87,1.0,30.0,,,0.5,,,,,,,,,,,,,,,,,,,,,,,,,,,,
2012-02-08 06:00:00,997.1,11.1,86,1.3,26.0,,,0.0,,,,,,,,,,,,,,,,,,,,,,,,,,,,
2012-02-08 07:00:00,997.7,11.1,86,1.3,3.0,,,0.0,,,,,,,,,,,,,,,,,,,,,,,,,,,,
2012-02-08 08:00:00,998.3,11.2,87,1.2,27.0,,,0.0,,,,,,,,,,,,,,,,,,,,,,,,,,,,
2012-02-08 09:00:00,998.9,11.5,86,1.3,28.0,,,0.0,,,,,,,,,,,,,,,,,,,,,,,,,,,,
2012-02-08 10:00:00,999.4,11.3,87,1.6,33.0,,,0.0,,,,,,,,,,,,,,,,,,,,,,,,,,,,
2012-02-08 11:00:00,999.1,11.1,89,1.3,31.0,,,0.0,,,,,,,,,,,,,,,,,,,,,,,,,,,,
2012-02-08 12:00:00,998.7,11.7,88,0.8,20.0,,,0.5,,,,,,,,,,,,,,,,,,,,,,,,,,,,
2012-02-08 13:00:00,998.4,11.4,88,2.1,43.0,,,0.0,,,,,,,,,,,,,,,,,,,,,,,,,,,,
2012-02-08 14:00:00,998.3,10.7,92,1.4,35.0,,,0.5,,,,,,,,,,,,,,,,,,,,,,,,,,,,
2012-02-08 15:00:00,998.5,10.6,92,1.6,34.0,,,1.0,,,,,,,,,,,,,,,,,,,,,,,,,,,,
2012-02-08 16:00:00,998.4,11.1,94,0.9,28.0,,,0.5,,,,,,,,,,,,,,,,,,,,,,,,,,,,
2012-02-08 17:00:00,998.6,10.9,93,0.8,29.0,,,0.5,,,,,,,,,,,,,,,,,,,,,,,,,,,,
2012-02-08 18:00:00,999.1,10.3,95,1.4,347.0,,,1.0,,,,,,,,,,,,,,,,,,,,,,,,,,,,
2012-02-08 19:00:00,999.7,10.0,94,1.3,6.0,,,1.0,,,,,,,,,,,,,,,,,,,,,,,,,,,,
2012-02-08 20:00:00,1000.2,10.3,92,1.4,26.0,,,0.5,,,,,,,,,,,,,,,,,,,,,,,,,,,,
2012-02-08 21:00:00,1000.5,10.2,93,1.3,31.0,,,0.5,,,,,,,,,,,,,,,,,,,,,,,,,,,,
2012-02-08 22:00:00,1000.5,10.5,92,1.0,9.0,,,0.5,,,,,,,,,,,,,,,,,,,,,,,,,,,,
2012-02-08 23:00:00,1000.2,10.2,93,0.8,1.0,,,0.5,,,,,,,,,,,,,,,,,,,,,,,,,,,,
2012-02-09 00:00:00,999.6,10.1,93,1.2,9.0,,,0.0,,,,,,,,,,,,,,,,,,,,,,,,,,,,
2012-02-09 01:00:00,1000.0,10.1,91,1.4,26.0,,,0.0,,,,,,,,,,,,,,,,,,,,,,,,,,,,
2012-02-09 02:00:00,999.0,10.6,90,1.4,45.0,,,0.0,,,,,,,,,,,,,,,,,,,,,,,,,,,,
2012-02-09 03:00:00,998.4,11.0,88,0.8,5.0,,,0.0,,,,,,,,,,,,,,,,,,,,,,,,,,,,
2012-02-09 04:00:00,998.4,10.7,89,0.6,354.0,,,0.0,,,,,,,,,,,,,,,,,,,,,,,,,,,,
2012-02-09 05:00:00,998.3,10.7,88,0.9,1.0,,,0.0,,,,,,,,,,,,,,,,,,,,,,,,,,,,
2012-02-09 06:00:00,998.5,11.2,87,0.7,5.0,,,0.0,,,,,,,,,,,,,,,,,,,,,,,,,,,,
2012-02-09 07:00:00,998.4,11.5,87,0.3,63.0,,,0.0,,,,,,,,,,,,,,,,,,,,,,,,,,,,
2012-02-09 08:00:00,999.0,12.9,81,0.4,301.0,,,0.0,,,,,,,,,,,,,,,,,,,,,,,,,,,,
2012-02-09 09:00:00,1000.2,12.1,82,0.6,350.0,,,0.0,,,,,,,,,,,,,,,,,,,,,,,,,,,,
2012-02-09 10:00:00,999.9,12.9,80,0.3,88.0,,,0.0,,,,,,,,,,,,,,,,,,,,,,,,,,,,
2012-02-09 11:00:00,999.6,14.6,77,0.5,317.0,,,0.0,,,,,,,,,,,,,,,,,,,,,,,,,,,,
2012-02-09 12:00:00,999.0,15.7,73,0.8,309.0,,,0.0,,,,,,,,,,,,,,,,,,,,,,,,,,,,
2012-02-09 13:00:00,998.4,14.9,73,0.5,4.0,,,0.0,,,,,,,,,,,,,,,,,,,,,,,,,,,,
2012-02-09 14:00:00,997.8,16.2,71,1.0,335.0,,,0.0,,,,,,,,,,,,,,,,,,,,,,,,,,,,
2012-02-09 15:00:00,997.7,15.6,75,0.8,353.0,,,0.0,,,,,,,,,,,,,,,,,,,,,,,,,,,,
2012-02-09 16:00:00,997.9,15.2,79,0.8,330.0,,,0.0,,,,,,,,,,,,,,,,,,,,,,,,,,,,
2012-02-09 17:00:00,997.8,15.2,80,0.8,40.0,,,0.0,,,,,,,,,,,,,,,,,,,,,,,,,,,,
2012-02-09 18:00:00,997.7,15.2,82,0.6,329.0,,,0.0,,,,,,,,,,,,,,,,,,,,,,,,,,,,
2012-02-09 19:00:00,997.7,14.6,85,0.7,332.0,,,0.0,,,,,,,,,,,,,,,,,,,,,,,,,,,,
2012-02-09 20:00:00,998.1,13.9,88,0.5,358.0,,,0.0,,,,,,,,,,,,,,,,,,,,,,,,,,,,
2012-02-09 21:00:00,998.1,13.6,89,0.2,0.0,,,0.0,,,,,,,,,,,,,,,,,,,,,,,,,,,,
2012-02-09 22:00:00,998.4,12.9,91,0.1,0.0,,,0.0,,,,,,,,,,,,,,,,,,,,,,,,,,,,
2012-02-09 23:00:00,998.6,12.7,92,0.1,0.0,,,0.0,,,,,,,,,,,,,,,,,,,,,,,,,,,,
2012-02-10 00:00:00,998.6,12.8,94,0.6,322.0,,,0.0,,,,,,,,,,,,,,,,,,,,,,,,,,,,
2012-02-10 01:00:00,998.3,12.9,93,0.2,0.0,,,0.0,,,,,,,,,,,,,,,,,,,,,,,,,,,,
2012-02-10 02:00:00,998.2,13.5,91,0.5,41.0,,,0.0,,,,,,,,,,,,,,,,,,,,,,,,,,,,
2012-02-10 03:00:00,997.8,13.6,94,0.2,0.0,,,0.0,,,,,,,,,,,,,,,,,,,,,,,,,,,,
2012-02-10 04:00:00,997.8,13.7,96,0.7,360.0,,,0.0,,,,,,,,,,,,,,,,,,,,,,,,,,,,
2012-02-10 05:00:00,997.9,13.9,94,1.0,12.0,,,0.0,,,,,,,,,,,,,,,,,,,,,,,,,,,,
2012-02-10 06:00:00,998.4,13.7,93,1.3,34.0,,,0.0,,,,,,,,,,,,,,,,,,,,,,,,,,,,
2012-02-10 07:00:00,998.7,13.8,93,1.1,40.0,,,0.0,,,,,,,,,,,,,,,,,,,,,,,,,,,,
2012-02-10 08:00:00,998.9,14.8,89,0.8,39.0,,,0.0,,,,,,,,,,,,,,,,,,,,,,,,,,,,
2012-02-10 09:00:00,999.7,17.6,74,0.8,345.0,,,0.0,,,,,,,,,,,,,,,,,,,,,,,,,,,,
2012-02-10 10:00:00,1000.1,19.6,66,0.3,57.0,,,0.0,,,,,,,,,,,,,,,,,,,,,,,,,,,,
2012-02-10 11:00:00,1000.2,18.0,78,1.3,335.0,,,0.0,,,,,,,,,,,,,,,,,,,,,,,,,,,,
2012-02-10 12:00:00,999.3,18.2,78,1.2,349.0,,,0.0,,,,,,,,,,,,,,,,,,,,,,,,,,,,
2012-02-10 13:00:00,998.4,20.3,69,0.9,13.0,,,0.0,,,,,,,,,,,,,,,,,,,,,,,,,,,,
2012-02-10 14:00:00,997.7,20.7,71,1.0,342.0,,,0.0,,,,,,,,,,,,,,,,,,,,,,,,,,,,
2012-02-10 15:00:00,997.8,19.1,76,1.1,314.0,,,0.0,,,,,,,,,,,,,,,,,,,,,,,,,,,,
2012-02-10 16:00:00,997.5,17.7,83,1.2,333.0,,,0.0,,,,,,,,,,,,,,,,,,,,,,,,,,,,
2012-02-10 17:00:00,997.8,17.0,82,1.1,17.0,,,0.0,,,,,,,,,,,,,,,,,,,,,,,,,,,,
2012-02-10 18:00:00,997.9,15.9,87,1.0,328.0,,,0.0,,,,,,,,,,,,,,,,,,,,,,,,,,,,
2012-02-10 19:00:00,998.6,14.9,91,1.9,26.0,,,0.0,,,,,,,,,,,,,,,,,,,,,,,,,,,,
2012-02-10 20:00:00,999.3,15.0,90,1.6,18.0,,,0.0,,,,,,,,,,,,,,,,,,,,,,,,,,,,
2012-02-10 21:00:00,999.3,15.0,89,1.1,37.0,,,-999.6,,,,,,,,,,,,,,,,,,,,,,,,,,,,
2012-02-10 22:00:00,999.3,15.1,89,1.1,37.0,,,0.0,,,,,,,,,,,,,,,,,,,,,,,,,,,,
2012-02-10 23:00:00,999.2,14.9,91,0.7,25.0,,,0.0,,,,,,,,,,,,,,,,,,,,,,,,,,,,
2012-02-11 00:00:00,999.0,15.1,89,1.1,40.0,,,0.0,,,,,,,,,,,,,,,,,,,,,,,,,,,,
2012-02-11 01:00:00,999.3,15.3,90,0.6,25.0,,,0.0,,,,,,,,,,,,,,,,,,,,,,,,,,,,
2012-02-11 02:00:00,999.2,15.0,92,0.7,26.0,,,0.0,,,,,,,,,,,,,,,,,,,,,,,,,,,,
2012-02-11 03:00:00,999.0,14.9,90,1.1,34.0,,,0.0,,,,,,,,,,,,,,,,,,,,,,,,,,,,
2012-02-11 04:00:00,998.8,14.8,91,0.9,28.0,,,0.0,,,,,,,,,,,,,,,,,,,,,,,,,,,,
2012-02-11 05:00:00,998.8,14.6,92,0.7,357.0,,,0.0,,,,,,,,,,,,,,,,,,,,,,,,,,,,
2012-02-11 06:00:00,999.2,14.6,91,0.7,56.0,,,0.0,,,,,,,,,,,,,,,,,,,,,,,,,,,,
2012-02-11 07:00:00,999.9,14.7,90,0.7,5.0,,,0.0,,,,,,,,,,,,,,,,,,,,,,,,,,,,
2012-02-11 08:00:00,1000.1,16.1,84,1.1,34.0,,,0.0,,,,,,,,,,,,,,,,,,,,,,,,,,,,
2012-02-11 09:00:00,1000.9,17.1,79,1.0,26.0,,,0.0,,,,,,,,,,,,,,,,,,,,,,,,,,,,
2012-02-11 10:00:00,1000.8,18.0,73,1.4,323.0,,,0.0,,,,,,,,,,,,,,,,,,,,,,,,,,,,
2012-02-11 11:00:00,1000.5,18.5,72,1.5,15.0,,,0.0,,,,,,,,,,,,,,,,,,,,,,,,,,,,
2012-02-11 12:00:00,999.7,19.3,70,1.4,336.0,,,0.0,,,,,,,,,,,,,,,,,,,,,,,,,,,,
2012-02-11 13:00:00,999.0,19.7,68,1.3,16.0,,,0.0,,,,,,,,,,,,,,,,,,,,,,,,,,,,
2012-02-11 14:00:00,998.2,19.4,70,1.5,24.0,,,0.0,,,,,,,,,,,,,,,,,,,,,,,,,,,,
2012-02-11 15:00:00,997.5,19.7,70,0.9,341.0,,,0.0,,,,,,,,,,,,,,,,,,,,,,,,,,,,
2012-02-11 16:00:00,997.7,19.3,72,1.0,18.0,,,0.0,,,,,,,,,,,,,,,,,,,,,,,,,,,,
2012-02-11 17:00:00,998.0,17.7,79,1.0,36.0,,,0.0,,,,,,,,,,,,,,,,,,,,,,,,,,,,
2012-02-11 18:00:00,998.5,16.6,85,1.0,32.0,,,0.0,,,,,,,,,,,,,,,,,,,,,,,,,,,,
2012-02-11 19:00:00,999.1,16.0,87,0.7,342.0,,,0.0,,,,,,,,,,,,,,,,,,,,,,,,,,,,
2012-02-11 20:00:00,999.9,15.8,89,1.0,27.0,,,0.0,,,,,,,,,,,,,,,,,,,,,,,,,,,,
2012-02-11 21:00:00,1000.3,15.7,89,0.8,6.0,,,0.0,,,,,,,,,,,,,,,,,,,,,,,,,,,,
2012-02-11 22:00:00,1000.2,15.9,88,1.0,36.0,,,0.0,,,,,,,,,,,,,,,,,,,,,,,,,,,,
2012-02-11 23:00:00,1000.2,15.7,89,0.8,330.0,,,0.0,,,,,,,,,,,,,,,,,,,,,,,,,,,,
2012-02-12 00:00:00,1000.2,15.7,89,0.8,323.0,,,0.0,,,,,,,,,,,,,,,,,,,,,,,,,,,,
2012-02-12 01:00:00,1000.0,15.7,90,0.9,46.0,,,0.0,,,,,,,,,,,,,,,,,,,,,,,,,,,,
2012-02-12 02:00:00,999.7,15.3,91,0.9,35.0,,,0.0,,,,,,,,,,,,,,,,,,,,,,,,,,,,
2012-02-12 03:00:00,999.3,15.2,91,1.1,61.0,,,0.0,,,,,,,,,,,,,,,,,,,,,,,,,,,,
2012-02-12 04:00:00,998.9,15.2,90,1.3,39.0,,,0.0,,,,,,,,,,,,,,,,,,,,,,,,,,,,
2012-02-12 05:00:00,998.8,15.2,89,1.3,38.0,,,0.0,,,,,,,,,,,,,,,,,,,,,,,,,,,,
2012-02-12 06:00:00,999.2,15.2,88,1.0,37.0,,,0.0,,,,,,,,,,,,,,,,,,,,,,,,,,,,
2012-02-12 07:00:00,999.9,15.5,87,0.8,41.0,,,0.0,,,,,,,,,,,,,,,,,,,,,,,,,,,,
2012-02-12 08:00:00,1000.0,17.9,78,1.0,31.0,,,0.0,,,,,,,,,,,,,,,,,,,,,,,,,,,,
2012-02-12 09:00:00,1000.2,19.6,75,0.8,15.0,,,0.0,,,,,,,,,,,,,,,,,,,,,,,,,,,,
2012-02-12 10:00:00,1000.5,18.6,81,1.7,3.0,,,0.0,,,,,,,,,,,,,,,,,,,,,,,,,,,,
2012-02-12 11:00:00,999.9,18.6,82,1.3,337.0,,,0.0,,,,,,,,,,,,,,,,,,,,,,,,,,,,
2012-02-12 12:00:00,999.1,18.5,82,1.2,319.0,,,0.0,,,,,,,,,,,,,,,,,,,,,,,,,,,,
2012-02-12 13:00:00,998.2,19.3,78,1.0,312.0,,,0.0,,,,,,,,,,,,,,,,,,,,,,,,,,,,
2012-02-12 14:00:00,997.5,18.2,82,1.0,341.0,,,0.0,,,,,,,,,,,,,,,,,,,,,,,,,,,,
2012-02-12 15:00:00,997.2,18.2,83,0.6,340.0,,,0.0,,,,,,,,,,,,,,,,,,,,,,,,,,,,
2012-02-12 16:00:00,997.5,17.7,87,0.6,273.0,,,0.0,,,,,,,,,,,,,,,,,,,,,,,,,,,,
2012-02-12 17:00:00,997.9,17.0,90,0.5,293.0,,,0.0,,,,,,,,,,,,,,,,,,,,,,,,,,,,
2012-02-12 18:00:00,998.1,16.2,95,0.3,302.0,,,-999.6,,,,,,,,,,,,,,,,,,,,,,,,,,,,
2012-02-12 19:00:00,998.7,15.1,98,0.8,330.0,,,0.0,,,,,,,,,,,,,,,,,,,,,,,,,,,,
2012-02-12 20:00:00,999.3,15.0,98,0.9,22.0,,,0.0,,,,,,,,,,,,,,,,,,,,,,,,,,,,
2012-02-12 21:00:00,999.3,15.1,97,0.7,356.0,,,0.0,,,,,,,,,,,,,,,,,,,,,,,,,,,,
2012-02-12 22:00:00,999.6,15.1,96,0.9,341.0,,,0.0,,,,,,,,,,,,,,,,,,,,,,,,,,,,
2012-02-12 23:00:00,999.4,14.9,97,0.8,328.0,,,0.0,,,,,,,,,,,,,,,,,,,,,,,,,,,,
2012-02-13 00:00:00,999.0,14.7,98,0.6,1.0,,,0.0,,,,,,,,,,,,,,,,,,,,,,,,,,,,
2012-02-13 01:00:00,998.8,14.6,98,0.6,322.0,,,0.0,,,,,,,,,,,,,,,,,,,,,,,,,,,,
2012-02-13 02:00:00,998.4,14.5,98,0.5,333.0,,,0.0,,,,,,,,,,,,,,,,,,,,,,,,,,,,
2012-02-13 03:00:00,998.1,14.5,99,0.9,347.0,,,0.0,,,,,,,,,,,,,,,,,,,,,,,,,,,,
2012-02-13 04:00:00,998.1,14.8,98,0.5,315.0,,,0.0,,,,,,,,,,,,,,,,,,,,,,,,,,,,
2012-02-13 05:00:00,998.4,15.1,97,0.5,44.0,,,0.0,,,,,,,,,,,,,,,,,,,,,,,,,,,,
2012-02-13 06:00:00,999.6,15.4,96,0.5,94.0,,,0.0,,,,,,,,,,,,,,,,,,,,,,,,,,,,
2012-02-13 07:00:00,999.9,15.1,97,0.2,0.0,,,0.0,,,,,,,,,,,,,,,,,,,,,,,,,,,,
2012-02-13 08:00:00,1000.2,16.2,91,0.0,0.0,,,0.0,,,,,,,,,,,,,,,,,,,,,,,,,,,,
2012-02-13 09:00:00,1000.5,18.3,84,0.8,41.0,,,0.0,,,,,,,,,,,,,,,,,,,,,,,,,,,,
2012-02-13 10:00:00,1000.6,22.4,63,1.2,21.0,,,0.0,,,,,,,,,,,,,,,,,,,,,,,,,,,,
2012-02-13 11:00:00,999.5,23.8,55,2.2,40.0,,,0.0,,,,,,,,,,,,,,,,,,,,,,,,,,,,
2012-02-13 12:00:00,998.3,24.5,52,1.7,27.0,,,0.0,,,,,,,,,,,,,,,,,,,,,,,,,,,,
2012-02-13 13:00:00,997.1,26.4,48,1.6,29.0,,,0.0,,,,,,,,,,,,,,,,,,,,,,,,,,,,
2012-02-13 14:00:00,996.2,27.4,45,1.0,18.0,,,0.0,,,,,,,,,,,,,,,,,,,,,,,,,,,,
2012-02-13 15:00:00,995.5,27.3,46,1.3,24.0,,,0.0,,,,,,,,,,,,,,,,,,,,,,,,,,,,
2012-02-13 16:00:00,995.0,27.5,47,0.8,2.0,,,0.0,,,,,,,,,,,,,,,,,,,,,,,,,,,,
2012-02-13 17:00:00,995.3,26.8,49,0.8,18.0,,,0.0,,,,,,,,,,,,,,,,,,,,,,,,,,,,
2012-02-13 18:00:00,995.6,25.2,55,0.7,47.0,,,0.0,,,,,,,,,,,,,,,,,,,,,,,,,,,,
2012-02-13 19:00:00,996.1,25.0,54,0.5,51.0,,,0.0,,,,,,,,,,,,,,,,,,,,,,,,,,,,
2012-02-13 20:00:00,996.6,22.9,65,0.0,0.0,,,0.0,,,,,,,,,,,,,,,,,,,,,,,,,,,,
2012-02-13 21:00:00,997.0,21.9,71,0.0,0.0,,,0.0,,,,,,,,,,,,,,,,,,,,,,,,,,,,
2012-02-13 22:00:00,997.2,21.5,73,0.6,76.0,,,0.0,,,,,,,,,,,,,,,,,,,,,,,,,,,,
2012-02-13 23:00:00,996.9,20.7,76,0.4,92.0,,,0.0,,,,,,,,,,,,,,,,,,,,,,,,,,,,
2012-02-14 00:00:00,996.5,19.5,82,0.0,0.0,,,0.0,,,,,,,,,,,,,,,,,,,,,,,,,,,,
2012-02-14 01:00:00,996.4,19.0,86,0.0,0.0,,,0.0,,,,,,,,,,,,,,,,,,,,,,,,,,,,
2012-02-14 02:00:00,996.4,19.1,83,0.0,0.0,,,0.0,,,,,,,,,,,,,,,,,,,,,,,,,,,,
2012-02-14 03:00:00,996.1,18.8,85,0.0,0.0,,,0.0,,,,,,,,,,,,,,,,,,,,,,,,,,,,
2012-02-14 04:00:00,996.1,18.2,89,0.0,0.0,,,-999.6,,,,,,,,,,,,,,,,,,,,,,,,,,,,
2012-02-14 05:00:00,996.0,18.8,85,0.4,293.0,,,0.0,,,,,,,,,,,,,,,,,,,,,,,,,,,,
2012-02-14 06:00:00,996.2,18.1,88,0.4,322.0,,,0.0,,,,,,,,,,,,,,,,,,,,,,,,,,,,
2012-02-14 07:00:00,996.7,16.9,93,0.7,323.0,,,0.0,,,,,,,,,,,,,,,,,,,,,,,,,,,,
2012-02-14 08:00:00,997.2,18.6,85,0.7,330.0,,,0.0,,,,,,,,,,,,,,,,,,,,,,,,,,,,
2012-02-14 09:00:00,997.5,20.9,75,1.0,346.0,,,0.0,,,,,,,,,,,,,,,,,,,,,,,,,,,,
2012-02-14 10:00:00,997.4,24.0,66,0.7,307.0,,,0.0,,,,,,,,,,,,,,,,,,,,,,,,,,,,
2012-02-14 11:00:00,996.8,25.0,62,1.0,308.0,,,0.0,,,,,,,,,,,,,,,,,,,,,,,,,,,,
2012-02-14 12:00:00,995.6,26.9,54,0.8,324.0,,,0.0,,,,,,,,,,,,,,,,,,,,,,,,,,,,
2012-02-14 13:00:00,994.8,27.3,52,1.0,320.0,,,0.0,,,,,,,,,,,,,,,,,,,,,,,,,,,,
2012-02-14 14:00:00,994.2,25.3,59,1.1,341.0,,,0.0,,,,,,,,,,,,,,,,,,,,,,,,,,,,
2012-02-14 15:00:00,993.0,26.5,60,0.9,333.0,,,0.0,,,,,,,,,,,,,,,,,,,,,,,,,,,,
2012-02-14 16:00:00,992.6,25.0,66,0.9,331.0,,,0.0,,,,,,,,,,,,,,,,,,,,,,,,,,,,
2012-02-14 17:00:00,992.7,24.0,69,0.6,324.0,,,0.0,,,,,,,,,,,,,,,,,,,,,,,,,,,,
2012-02-14 18:00:00,993.3,22.7,75,0.6,314.0,,,0.0,,,,,,,,,,,,,,,,,,,,,,,,,,,,
2012-02-14 19:00:00,993.5,22.6,77,0.1,0.0,,,0.0,,,,,,,,,,,,,,,,,,,,,,,,,,,,
2012-02-14 20:00:00,994.0,21.3,82,0.5,319.0,,,0.0,,,,,,,,,,,,,,,,,,,,,,,,,,,,
2012-02-14 21:00:00,993.9,20.6,85,0.0,0.0,,,0.0,,,,,,,,,,,,,,,,,,,,,,,,,,,,
2012-02-14 22:00:00,993.8,20.5,84,0.7,330.0,,,0.0,,,,,,,,,,,,,,,,,,,,,,,,,,,,
2012-02-14 23:00:00,993.6,18.6,88,0.6,317.0,,,0.0,,,,,,,,,,,,,,,,,,,,,,,,,,,,
2012-02-15 00:00:00,993.3,19.0,87,0.1,0.0,,,0.0,,,,,,,,,,,,,,,,,,,,,,,,,,,,
2012-02-15 01:00:00,993.4,19.3,86,0.3,289.0,,,0.0,,,,,,,,,,,,,,,,,,,,,,,,,,,,
2012-02-15 02:00:00,993.0,18.4,89,0.5,338.0,,,0.0,,,,,,,,,,,,,,,,,,,,,,,,,,,,
2012-02-15 03:00:00,992.8,17.1,96,0.8,328.0,,,0.0,,,,,,,,,,,,,,,,,,,,,,,,,,,,
2012-02-15 04:00:00,992.7,18.2,93,0.7,42.0,,,0.0,,,,,,,,,,,,,,,,,,,,,,,,,,,,
2012-02-15 05:00:00,993.0,18.4,92,0.5,22.0,,,0.0,,,,,,,,,,,,,,,,,,,,,,,,,,,,
2012-02-15 06:00:00,993.4,18.1,93,0.5,341.0,,,0.0,,,,,,,,,,,,,,,,,,,,,,,,,,,,
2012-02-15 07:00:00,994.0,18.2,94,0.2,0.0,,,0.0,,,,,,,,,,,,,,,,,,,,,,,,,,,,
2012-02-15 08:00:00,994.5,19.4,88,0.3,77.0,,,0.0,,,,,,,,,,,,,,,,,,,,,,,,,,,,
2012-02-15 09:00:00,994.8,21.8,81,0.5,105.0,,,0.0,,,,,,,,,,,,,,,,,,,,,,,,,,,,
2012-02-15 10:00:00,994.6,20.6,81,0.9,298.0,,,0.0,,,,,,,,,,,,,,,,,,,,,,,,,,,,
2012-02-15 11:00:00,994.6,18.4,85,1.1,321.0,,,0.0,,,,,,,,,,,,,,,,,,,,,,,,,,,,
2012-02-15 12:00:00,993.8,19.3,81,1.0,23.0,,,-999.6,,,,,,,,,,,,,,,,,,,,,,,,,,,,
2012-02-15 13:00:00,992.4,21.9,72,0.7,9.0,,,0.0,,,,,,,,,,,,,,,,,,,,,,,,,,,,
2012-02-15 14:00:00,990.9,23.1,68,0.6,309.0,,,0.0,,,,,,,,,,,,,,,,,,,,,,,,,,,,
2012-02-15 15:00:00,990.6,23.3,68,0.9,336.0,,,0.0,,,,,,,,,,,,,,,,,,,,,,,,,,,,
2012-02-15 16:00:00,990.5,22.0,74,0.6,333.0,,,0.0,,,,,,,,,,,,,,,,,,,,,,,,,,,,
2012-02-15 17:00:00,990.9,20.1,80,0.8,344.0,,,0.0,,,,,,,,,,,,,,,,,,,,,,,,,,,,
2012-02-15 18:00:00,991.4,19.8,82,0.6,9.0,,,0.0,,,,,,,,,,,,,,,,,,,,,,,,,,,,
2012-02-15 19:00:00,991.7,18.9,85,0.8,16.0,,,0.0,,,,,,,,,,,,,,,,,,,,,,,,,,,,
2012-02-15 20:00:00,992.3,18.3,87,0.9,14.0,,,0.0,,,,,,,,,,,,,,,,,,,,,,,,,,,,
2012-02-15 21:00:00,992.8,18.7,85,0.6,10.0,,,-999.6,,,,,,,,,,,,,,,,,,,,,,,,,,,,
2012-02-15 22:00:00,993.3,17.8,89,0.6,331.0,,,0.0,,,,,,,,,,,,,,,,,,,,,,,,,,,,
2012-02-15 23:00:00,993.7,17.3,90,0.9,16.0,,,0.0,,,,,,,,,,,,,,,,,,,,,,,,,,,,
2012-02-16 00:00:00,993.7,17.1,89,1.0,8.0,,,0.0,,,,,,,,,,,,,,,,,,,,,,,,,,,,
2012-02-16 01:00:00,993.6,16.8,88,0.7,1.0,,,0.0,,,,,,,,,,,,,,,,,,,,,,,,,,,,
2012-02-16 02:00:00,993.8,16.1,89,1.0,9.0,,,0.0,,,,,,,,,,,,,,,,,,,,,,,,,,,,
2012-02-16 03:00:00,993.7,16.0,89,1.0,4.0,,,0.0,,,,,,,,,,,,,,,,,,,,,,,,,,,,
2012-02-16 04:00:00,993.7,16.2,89,1.3,33.0,,,0.0,,,,,,,,,,,,,,,,,,,,,,,,,,,,
2012-02-16 05:00:00,993.6,16.9,86,0.8,318.0,,,0.0,,,,,,,,,,,,,,,,,,,,,,,,,,,,
2012-02-16 06:00:00,993.9,16.2,88,0.5,23.0,,,0.0,,,,,,,,,,,,,,,,,,,,,,,,,,,,
2012-02-16 07:00:00,994.8,15.3,90,1.1,21.0,,,0.0,,,,,,,,,,,,,,,,,,,,,,,,,,,,
2012-02-16 08:00:00,994.9,16.0,88,1.1,26.0,,,0.0,,,,,,,,,,,,,,,,,,,,,,,,,,,,
2012-02-16 09:00:00,995.9,16.2,86,1.3,17.0,,,0.0,,,,,,,,,,,,,,,,,,,,,,,,,,,,
2012-02-16 10:00:00,995.9,17.7,78,1.5,37.0,,,-999.6,,,,,,,,,,,,,,,,,,,,,,,,,,,,
2012-02-16 11:00:00,994.9,19.8,70,0.9,45.0,,,0.0,,,,,,,,,,,,,,,,,,,,,,,,,,,,
2012-02-16 12:00:00,994.6,20.4,69,1.0,22.0,,,0.0,,,,,,,,,,,,,,,,,,,,,,,,,,,,
2012-02-16 13:00:00,993.2,19.7,70,1.0,348.0,,,0.0,,,,,,,,,,,,,,,,,,,,,,,,,,,,
2012-02-16 14:00:00,992.6,20.4,66,1.0,39.0,,,0.0,,,,,,,,,,,,,,,,,,,,,,,,,,,,
2012-02-16 15:00:00,992.8,18.4,73,1.1,353.0,,,0.0,,,,,,,,,,,,,,,,,,,,,,,,,,,,
2012-02-16 16:00:00,993.0,17.5,76,1.0,9.0,,,0.0,,,,,,,,,,,,,,,,,,,,,,,,,,,,
2012-02-16 17:00:00,993.7,16.3,79,1.3,12.0,,,0.0,,,,,,,,,,,,,,,,,,,,,,,,,,,,
2012-02-16 18:00:00,994.2,15.4,82,1.2,21.0,,,0.0,,,,,,,,,,,,,,,,,,,,,,,,,,,,
2012-02-16 19:00:00,994.8,15.1,83,1.0,19.0,,,0.0,,,,,,,,,,,,,,,,,,,,,,,,,,,,
2012-02-16 20:00:00,995.1,15.2,84,0.8,25.0,,,0.0,,,,,,,,,,,,,,,,,,,,,,,,,,,,
2012-02-16 21:00:00,995.5,14.6,86,0.9,4.0,,,0.0,,,,,,,,,,,,,,,,,,,,,,,,,,,,
2012-02-16 22:00:00,995.8,14.8,84,1.3,39.0,,,0.0,,,,,,,,,,,,,,,,,,,,,,,,,,,,
2012-02-16 23:00:00,995.9,14.6,85,1.0,30.0,,,0.0,,,,,,,,,,,,,,,,,,,,,,,,,,,,
2012-02-17 00:00:00,996.0,14.6,85,0.8,30.0,,,0.0,,,,,,,,,,,,,,,,,,,,,,,,,,,,
2012-02-17 01:00:00,996.1,14.4,85,0.9,27.0,,,0.0,,,,,,,,,,,,,,,,,,,,,,,,,,,,
2012-02-17 02:00:00,995.9,14.4,85,0.7,2.0,,,0.0,,,,,,,,,,,,,,,,,,,,,,,,,,,,
2012-02-17 03:00:00,995.9,14.1,86,1.1,23.0,,,0.0,,,,,,,,,,,,,,,,,,,,,,,,,,,,
2012-02-17 04:00:00,995.9,14.1,87,0.9,22.0,,,0.0,,,,,,,,,,,,,,,,,,,,,,,,,,,,
2012-02-17 05:00:00,995.6,13.8,86,0.9,35.0,,,0.0,,,,,,,,,,,,,,,,,,,,,,,,,,,,
2012-02-17 06:00:00,996.0,14.1,85,0.7,34.0,,,-999.6,,,,,,,,,,,,,,,,,,,,,,,,,,,,
2012-02-17 07:00:00,996.9,13.8,85,1.4,34.0,,,0.0,,,,,,,,,,,,,,,,,,,,,,,,,,,,
2012-02-17 08:00:00,997.6,13.9,84,1.1,29.0,,,0.0,,,,,,,,,,,,,,,,,,,,,,,,,,,,
2012-02-17 09:00:00,998.1,14.4,81,1.1,23.0,,,0.0,,,,,,,,,,,,,,,,,,,,,,,,,,,,
2012-02-17 10:00:00,998.6,14.5,81,1.4,30.0,,,0.0,,,,,,,,,,,,,,,,,,,,,,,,,,,,
2012-02-17 11:00:00,998.4,14.8,81,1.3,22.0,,,0.0,,,,,,,,,,,,,,,,,,,,,,,,,,,,
2012-02-17 12:00:00,998.1,14.9,79,1.5,27.0,,,0.0,,,,,,,,,,,,,,,,,,,,,,,,,,,,
2012-02-17 13:00:00,997.8,14.4,80,1.6,28.0,,,0.0,,,,,,,,,,,,,,,,,,,,,,,,,,,,
2012-02-17 14:00:00,997.0,15.7,75,1.2,25.0,,,0.0,,,,,,,,,,,,,,,,,,,,,,,,,,,,
2012-02-17 15:00:00,996.4,16.3,73,1.4,28.0,,,0.0,,,,,,,,,,,,,,,,,,,,,,,,,,,,
2012-02-17 16:00:00,996.4,16.0,75,1.1,15.0,,,0.0,,,,,,,,,,,,,,,,,,,,,,,,,,,,
2012-02-17 17:00:00,997.2,14.8,78,1.2,29.0,,,0.0,,,,,,,,,,,,,,,,,,,,,,,,,,,,
2012-02-17 18:00:00,997.7,13.7,81,1.7,29.0,,,0.0,,,,,,,,,,,,,,,,,,,,,,,,,,,,
2012-02-17 19:00:00,998.3,13.7,81,1.6,37.0,,,0.0,,,,,,,,,,,,,,,,,,,,,,,,,,,,
2012-02-17 20:00:00,998.8,13.2,82,1.6,40.0,,,0.0,,,,,,,,,,,,,,,,,,,,,,,,,,,,
2012-02-17 21:00:00,999.1,12.6,84,2.0,40.0,,,0.0,,,,,,,,,,,,,,,,,,,,,,,,,,,,
2012-02-17 22:00:00,999.6,12.5,83,1.5,20.0,,,0.0,,,,,,,,,,,,,,,,,,,,,,,,,,,,
2012-02-17 23:00:00,999.7,12.3,82,1.6,31.0,,,0.0,,,,,,,,,,,,,,,,,,,,,,,,,,,,
2012-02-18 00:00:00,999.9,12.1,83,1.4,29.0,,,0.0,,,,,,,,,,,,,,,,,,,,,,,,,,,,
2012-02-18 01:00:00,999.8,11.9,84,1.5,21.0,,,0.0,,,,,,,,,,,,,,,,,,,,,,,,,,,,
2012-02-18 02:00:00,999.8,11.9,82,1.6,24.0,,,0.0,,,,,,,,,,,,,,,,,,,,,,,,,,,,
2012-02-18 03:00:00,999.5,11.9,81,1.7,28.0,,,0.0,,,,,,,,,,,,,,,,,,,,,,,,,,,,
2012-02-18 04:00:00,999.6,11.7,81,1.0,32.0,,,0.0,,,,,,,,,,,,,,,,,,,,,,,,,,,,
2012-02-18 05:00:00,999.4,11.7,80,1.5,30.0,,,0.0,,,,,,,,,,,,,,,,,,,,,,,,,,,,
2012-02-18 06:00:00,999.9,11.7,79,1.4,32.0,,,0.0,,,,,,,,,,,,,,,,,,,,,,,,,,,,
2012-02-18 07:00:00,1000.2,11.7,80,1.5,21.0,,,0.0,,,,,,,,,,,,,,,,,,,,,,,,,,,,
2012-02-18 08:00:00,1000.9,12.2,76,1.6,33.0,,,0.0,,,,,,,,,,,,,,,,,,,,,,,,,,,,
2012-02-18 09:00:00,1001.3,13.1,73,1.0,22.0,,,0.0,,,,,,,,,,,,,,,,,,,,,,,,,,,,
2012-02-18 10:00:00,1001.5,14.4,67,1.2,30.0,,,0.0,,,,,,,,,,,,,,,,,,,,,,,,,,,,
2012-02-18 11:00:00,1000.9,15.8,63,1.6,28.0,,,0.0,,,,,,,,,,,,,,,,,,,,,,,,,,,,
2012-02-18 12:00:00,1000.1,16.8,59,1.7,35.0,,,0.0,,,,,,,,,,,,,,,,,,,,,,,,,,,,
2012-02-18 13:00:00,998.7,18.0,56,1.6,30.0,,,0.0,,,,,,,,,,,,,,,,,,,,,,,,,,,,
2012-02-18 14:00:00,997.8,17.3,59,1.1,343.0,,,0.0,,,,,,,,,,,,,,,,,,,,,,,,,,,,
2012-02-18 15:00:00,997.7,16.8,59,2.1,28.0,,,0.0,,,,,,,,,,,,,,,,,,,,,,,,,,,,
2012-02-18 16:00:00,997.6,15.8,62,1.6,28.0,,,0.0,,,,,,,,,,,,,,,,,,,,,,,,,,,,
2012-02-18 17:00:00,997.8,14.5,67,1.8,33.0,,,0.0,,,,,,,,,,,,,,,,,,,,,,,,,,,,
2012-02-18 18:00:00,997.9,13.2,72,1.4,26.0,,,0.0,,,,,,,,,,,,,,,,,,,,,,,,,,,,
2012-02-18 19:00:00,998.7,12.5,75,1.8,30.0,,,0.0,,,,,,,,,,,,,,,,,,,,,,,,,,,,
2012-02-18 20:00:00,999.7,12.0,77,1.5,29.0,,,0.0,,,,,,,,,,,,,,,,,,,,,,,,,,,,
2012-02-18 21:00:00,1000.5,11.9,78,1.7,31.0,,,0.0,,,,,,,,,,,,,,,,,,,,,,,,,,,,
2012-02-18 22:00:00,1000.8,11.9,77,1.2,37.0,,,0.0,,,,,,,,,,,,,,,,,,,,,,,,,,,,
2012-02-18 23:00:00,1000.5,12.5,75,1.1,29.0,,,0.0,,,,,,,,,,,,,,,,,,,,,,,,,,,,
2012-02-19 00:00:00,1000.0,12.3,78,0.1,0.0,,,0.0,,,,,,,,,,,,,,,,,,,,,,,,,,,,
2012-02-19 01:00:00,1000.2,12.0,79,0.8,347.0,,,0.0,,,,,,,,,,,,,,,,,,,,,,,,,,,,
2012-02-19 02:00:00,1000.6,11.7,79,1.4,28.0,,,0.0,,,,,,,,,,,,,,,,,,,,,,,,,,,,
2012-02-19 03:00:00,1000.0,12.0,79,1.4,27.0,,,0.0,,,,,,,,,,,,,,,,,,,,,,,,,,,,
2012-02-19 04:00:00,999.8,12.2,78,0.8,22.0,,,0.0,,,,,,,,,,,,,,,,,,,,,,,,,,,,
2012-02-19 05:00:00,999.8,11.8,79,1.3,35.0,,,0.0,,,,,,,,,,,,,,,,,,,,,,,,,,,,
2012-02-19 06:00:00,1000.8,11.5,80,1.4,36.0,,,0.0,,,,,,,,,,,,,,,,,,,,,,,,,,,,
2012-02-19 07:00:00,1000.7,12.3,77,1.4,22.0,,,0.0,,,,,,,,,,,,,,,,,,,,,,,,,,,,
2012-02-19 08:00:00,1001.1,13.0,75,1.0,342.0,,,0.0,,,,,,,,,,,,,,,,,,,,,,,,,,,,
2012-02-19 09:00:00,1001.4,13.5,73,1.2,29.0,,,0.0,,,,,,,,,,,,,,,,,,,,,,,,,,,,
2012-02-19 10:00:00,1001.6,15.5,65,1.1,12.0,,,0.0,,,,,,,,,,,,,,,,,,,,,,,,,,,,
2012-02-19 11:00:00,1001.0,17.6,58,1.2,7.0,,,0.0,,,,,,,,,,,,,,,,,,,,,,,,,,,,
2012-02-19 12:00:00,1000.1,18.1,57,1.2,14.0,,,0.0,,,,,,,,,,,,,,,,,,,,,,,,,,,,
2012-02-19 13:00:00,999.4,17.3,61,1.1,341.0,,,0.0,,,,,,,,,,,,,,,,,,,,,,,,,,,,
2012-02-19 14:00:00,998.6,16.9,62,1.6,21.0,,,0.0,,,,,,,,,,,,,,,,,,,,,,,,,,,,
2012-02-19 15:00:00,997.8,17.3,62,0.9,37.0,,,0.0,,,,,,,,,,,,,,,,,,,,,,,,,,,,
2012-02-19 16:00:00,997.7,16.0,67,1.0,4.0,,,0.0,,,,,,,,,,,,,,,,,,,,,,,,,,,,
2012-02-19 17:00:00,998.0,15.2,71,0.8,15.0,,,0.0,,,,,,,,,,,,,,,,,,,,,,,,,,,,
2012-02-19 18:00:00,998.4,14.5,75,0.7,23.0,,,0.0,,,,,,,,,,,,,,,,,,,,,,,,,,,,
2012-02-19 19:00:00,998.8,14.3,77,0.8,36.0,,,0.0,,,,,,,,,,,,,,,,,,,,,,,,,,,,
2012-02-19 20:00:00,999.7,13.9,78,1.1,30.0,,,0.0,,,,,,,,,,,,,,,,,,,,,,,,,,,,
2012-02-19 21:00:00,1000.2,14.2,78,0.6,25.0,,,0.0,,,,,,,,,,,,,,,,,,,,,,,,,,,,
2012-02-19 22:00:00,1000.2,13.3,81,0.6,324.0,,,0.0,,,,,,,,,,,,,,,,,,,,,,,,,,,,
2012-02-19 23:00:00,999.4,13.4,82,0.6,327.0,,,0.0,,,,,,,,,,,,,,,,,,,,,,,,,,,,
2012-02-20 00:00:00,999.3,13.0,84,0.6,330.0,,,0.0,,,,,,,,,,,,,,,,,,,,,,,,,,,,
2012-02-20 01:00:00,999.1,13.0,85,0.5,328.0,,,0.0,,,,,,,,,,,,,,,,,,,,,,,,,,,,
2012-02-20 02:00:00,998.7,13.3,84,0.0,0.0,,,0.0,,,,,,,,,,,,,,,,,,,,,,,,,,,,
2012-02-20 03:00:00,997.8,13.6,85,0.5,83.0,,,0.0,,,,,,,,,,,,,,,,,,,,,,,,,,,,
2012-02-20 04:00:00,997.5,13.2,86,0.6,326.0,,,0.0,,,,,,,,,,,,,,,,,,,,,,,,,,,,
2012-02-20 05:00:00,997.5,13.2,87,0.2,0.0,,,0.0,,,,,,,,,,,,,,,,,,,,,,,,,,,,
2012-02-20 06:00:00,997.7,13.2,87,0.2,0.0,,,0.0,,,,,,,,,,,,,,,,,,,,,,,,,,,,
2012-02-20 07:00:00,998.4,13.3,87,0.4,340.0,,,0.0,,,,,,,,,,,,,,,,,,,,,,,,,,,,
2012-02-20 08:00:00,999.0,15.7,76,0.2,0.0,,,0.0,,,,,,,,,,,,,,,,,,,,,,,,,,,,
2012-02-20 09:00:00,999.7,17.3,72,0.4,303.0,,,0.0,,,,,,,,,,,,,,,,,,,,,,,,,,,,
2012-02-20 10:00:00,1000.0,18.1,68,1.0,39.0,,,0.0,,,,,,,,,,,,,,,,,,,,,,,,,,,,
2012-02-20 11:00:00,999.9,19.2,66,1.0,360.0,,,0.0,,,,,,,,,,,,,,,,,,,,,,,,,,,,
2012-02-20 12:00:00,998.9,20.6,66,1.2,341.0,,,0.0,,,,,,,,,,,,,,,,,,,,,,,,,,,,
2012-02-20 13:00:00,997.6,21.1,66,1.2,336.0,,,0.0,,,,,,,,,,,,,,,,,,,,,,,,,,,,
2012-02-20 14:00:00,996.4,20.1,71,1.1,328.0,,,0.0,,,,,,,,,,,,,,,,,,,,,,,,,,,,
2012-02-20 15:00:00,995.7,19.7,75,0.8,319.0,,,0.0,,,,,,,,,,,,,,,,,,,,,,,,,,,,
2012-02-20 16:00:00,995.5,18.6,79,0.7,326.0,,,0.0,,,,,,,,,,,,,,,,,,,,,,,,,,,,
2012-02-20 17:00:00,995.7,17.3,86,0.7,333.0,,,0.0,,,,,,,,,,,,,,,,,,,,,,,,,,,,
2012-02-20 18:00:00,996.2,17.3,87,0.3,277.0,,,0.0,,,,,,,,,,,,,,,,,,,,,,,,,,,,
2012-02-20 19:00:00,996.5,16.4,90,0.7,316.0,,,0.0,,,,,,,,,,,,,,,,,,,,,,,,,,,,
2012-02-20 20:00:00,997.5,15.5,95,0.4,314.0,,,0.0,,,,,,,,,,,,,,,,,,,,,,,,,,,,
2012-02-20 21:00:00,997.6,15.4,96,0.6,317.0,,,0.0,,,,,,,,,,,,,,,,,,,,,,,,,,,,
2012-02-20 22:00:00,997.1,14.9,97,0.8,331.0,,,0.0,,,,,,,,,,,,,,,,,,,,,,,,,,,,
2012-02-20 23:00:00,997.2,15.0,97,0.3,317.0,,,0.0,,,,,,,,,,,,,,,,,,,,,,,,,,,,
2012-02-21 00:00:00,996.7,15.2,96,0.4,319.0,,,0.0,,,,,,,,,,,,,,,,,,,,,,,,,,,,
2012-02-21 01:00:00,996.5,14.9,97,0.6,336.0,,,0.0,,,,,,,,,,,,,,,,,,,,,,,,,,,,
2012-02-21 02:00:00,995.9,14.3,98,0.7,310.0,,,0.0,,,,,,,,,,,,,,,,,,,,,,,,,,,,
2012-02-21 03:00:00,995.2,14.4,99,0.6,323.0,,,0.0,,,,,,,,,,,,,,,,,,,,,,,,,,,,
2012-02-21 04:00:00,995.0,14.6,97,0.2,0.0,,,0.0,,,,,,,,,,,,,,,,,,,,,,,,,,,,
2012-02-21 05:00:00,994.9,15.1,96,0.2,0.0,,,0.0,,,,,,,,,,,,,,,,,,,,,,,,,,,,
2012-02-21 06:00:00,995.1,15.2,94,0.5,323.0,,,0.0,,,,,,,,,,,,,,,,,,,,,,,,,,,,
2012-02-21 07:00:00,995.0,15.9,92,0.2,0.0,,,0.0,,,,,,,,,,,,,,,,,,,,,,,,,,,,
2012-02-21 08:00:00,995.2,17.3,86,0.7,233.0,,,0.0,,,,,,,,,,,,,,,,,,,,,,,,,,,,
2012-02-21 09:00:00,996.2,18.1,82,0.4,288.0,,,0.0,,,,,,,,,,,,,,,,,,,,,,,,,,,,
2012-02-21 10:00:00,996.0,19.3,75,0.5,228.0,,,0.0,,,,,,,,,,,,,,,,,,,,,,,,,,,,
2012-02-21 11:00:00,995.4,20.9,72,0.4,299.0,,,0.0,,,,,,,,,,,,,,,,,,,,,,,,,,,,
2012-02-21 12:00:00,995.0,22.1,69,0.6,322.0,,,0.0,,,,,,,,,,,,,,,,,,,,,,,,,,,,
2012-02-21 13:00:00,994.3,21.2,72,0.7,14.0,,,0.0,,,,,,,,,,,,,,,,,,,,,,,,,,,,
2012-02-21 14:00:00,993.1,21.8,71,0.7,293.0,,,0.0,,,,,,,,,,,,,,,,,,,,,,,,,,,,
2012-02-21 15:00:00,992.7,21.2,74,0.4,325.0,,,0.0,,,,,,,,,,,,,,,,,,,,,,,,,,,,
2012-02-21 16:00:00,992.0,21.9,70,0.4,241.0,,,0.0,,,,,,,,,,,,,,,,,,,,,,,,,,,,
2012-02-21 17:00:00,992.6,20.9,74,0.6,329.0,,,0.0,,,,,,,,,,,,,,,,,,,,,,,,,,,,
2012-02-21 18:00:00,992.6,18.9,84,0.7,335.0,,,0.0,,,,,,,,,,,,,,,,,,,,,,,,,,,,
2012-02-21 19:00:00,992.7,18.8,84,0.5,338.0,,,0.0,,,,,,,,,,,,,,,,,,,,,,,,,,,,
2012-02-21 20:00:00,993.5,19.3,85,0.0,0.0,,,0.0,,,,,,,,,,,,,,,,,,,,,,,,,,,,
2012-02-21 21:00:00,993.3,19.5,85,0.0,0.0,,,0.0,,,,,,,,,,,,,,,,,,,,,,,,,,,,
2012-02-21 22:00:00,993.3,19.4,84,0.3,300.0,,,0.0,,,,,,,,,,,,,,,,,,,,,,,,,,,,
2012-02-21 23:00:00,993.0,19.8,83,0.3,110.0,,,0.0,,,,,,,,,,,,,,,,,,,,,,,,,,,,
2012-02-22 00:00:00,993.0,19.4,87,0.0,0.0,,,0.0,,,,,,,,,,,,,,,,,,,,,,,,,,,,
2012-02-22 01:00:00,992.8,19.4,87,0.0,0.0,,,0.0,,,,,,,,,,,,,,,,,,,,,,,,,,,,
2012-02-22 02:00:00,992.6,19.3,87,0.1,0.0,,,0.0,,,,,,,,,,,,,,,,,,,,,,,,,,,,
2012-02-22 03:00:00,992.0,19.1,91,0.0,0.0,,,0.0,,,,,,,,,,,,,,,,,,,,,,,,,,,,
2012-02-22 04:00:00,991.5,18.6,91,0.0,0.0,,,0.0,,,,,,,,,,,,,,,,,,,,,,,,,,,,
2012-02-22 05:00:00,991.3,18.7,91,0.5,45.0,,,0.0,,,,,,,,,,,,,,,,,,,,,,,,,,,,
2012-02-22 06:00:00,991.8,18.1,92,0.4,310.0,,,0.0,,,,,,,,,,,,,,,,,,,,,,,,,,,,
2012-02-22 07:00:00,992.0,18.0,91,0.4,42.0,,,0.0,,,,,,,,,,,,,,,,,,,,,,,,,,,,
2012-02-22 08:00:00,992.4,19.1,86,0.4,250.0,,,0.0,,,,,,,,,,,,,,,,,,,,,,,,,,,,
2012-02-22 09:00:00,992.5,22.8,75,0.6,232.0,,,0.0,,,,,,,,,,,,,,,,,,,,,,,,,,,,
2012-02-22 10:00:00,992.4,25.3,63,0.6,311.0,,,0.0,,,,,,,,,,,,,,,,,,,,,,,,,,,,
2012-02-22 11:00:00,992.0,25.5,63,0.4,279.0,,,0.0,,,,,,,,,,,,,,,,,,,,,,,,,,,,
2012-02-22 12:00:00,991.0,27.1,61,0.7,221.0,,,-999.6,,,,,,,,,,,,,,,,,,,,,,,,,,,,
2012-02-22 13:00:00,990.4,27.5,57,0.9,255.0,,,-999.6,,,,,,,,,,,,,,,,,,,,,,,,,,,,
2012-02-22 14:00:00,989.3,27.2,57,0.8,273.0,,,0.0,,,,,,,,,,,,,,,,,,,,,,,,,,,,
2012-02-22 15:00:00,988.7,27.2,57,0.6,270.0,,,0.0,,,,,,,,,,,,,,,,,,,,,,,,,,,,
2012-02-22 16:00:00,988.5,26.9,58,0.4,255.0,,,0.0,,,,,,,,,,,,,,,,,,,,,,,,,,,,
2012-02-22 17:00:00,988.6,25.1,62,0.6,299.0,,,0.0,,,,,,,,,,,,,,,,,,,,,,,,,,,,
2012-02-22 18:00:00,989.3,23.0,69,0.7,353.0,,,0.0,,,,,,,,,,,,,,,,,,,,,,,,,,,,
2012-02-22 19:00:00,989.7,22.3,71,0.6,330.0,,,0.0,,,,,,,,,,,,,,,,,,,,,,,,,,,,
2012-02-22 20:00:00,990.6,22.4,71,0.4,336.0,,,0.0,,,,,,,,,,,,,,,,,,,,,,,,,,,,
2012-02-22 21:00:00,990.8,22.7,71,0.4,92.0,,,0.0,,,,,,,,,,,,,,,,,,,,,,,,,,,,
2012-02-22 22:00:00,991.1,22.7,75,0.0,0.0,,,0.0,,,,,,,,,,,,,,,,,,,,,,,,,,,,
2012-02-22 23:00:00,990.8,22.5,78,0.3,56.0,,,0.0,,,,,,,,,,,,,,,,,,,,,,,,,,,,
2012-02-23 00:00:00,990.5,22.9,79,0.3,268.0,,,0.0,,,,,,,,,,,,,,,,,,,,,,,,,,,,
2012-02-23 01:00:00,990.5,22.1,79,0.1,0.0,,,0.0,,,,,,,,,,,,,,,,,,,,,,,,,,,,
2012-02-23 02:00:00,990.2,21.9,78,0.1,0.0,,,0.0,,,,,,,,,,,,,,,,,,,,,,,,,,,,
2012-02-23 03:00:00,990.1,21.7,82,0.0,0.0,,,0.0,,,,,,,,,,,,,,,,,,,,,,,,,,,,
2012-02-23 04:00:00,989.8,21.3,89,0.0,0.0,,,0.0,,,,,,,,,,,,,,,,,,,,,,,,,,,,
2012-02-23 05:00:00,989.8,21.1,96,0.4,73.0,,,0.5,,,,,,,,,,,,,,,,,,,,,,,,,,,,
2012-02-23 06:00:00,990.2,22.0,96,0.1,0.0,,,0.0,,,,,,,,,,,,,,,,,,,,,,,,,,,,
2012-02-23 07:00:00,990.5,22.2,97,0.1,0.0,,,0.0,,,,,,,,,,,,,,,,,,,,,,,,,,,,
2012-02-23 08:00:00,990.8,23.0,93,0.0,0.0,,,0.0,,,,,,,,,,,,,,,,,,,,,,,,,,,,
2012-02-23 09:00:00,990.5,25.6,84,0.4,194.0,,,0.0,,,,,,,,,,,,,,,,,,,,,,,,,,,,
2012-02-23 10:00:00,990.5,28.1,69,0.5,221.0,,,0.0,,,,,,,,,,,,,,,,,,,,,,,,,,,,
2012-02-23 11:00:00,989.9,29.1,64,1.0,243.0,,,0.0,,,,,,,,,,,,,,,,,,,,,,,,,,,,
2012-02-23 12:00:00,990.4,28.3,65,1.0,255.0,,,0.0,,,,,,,,,,,,,,,,,,,,,,,,,,,,
2012-02-23 13:00:00,990.2,24.9,83,0.8,335.0,,,0.0,,,,,,,,,,,,,,,,,,,,,,,,,,,,
2012-02-23 14:00:00,989.1,24.0,89,0.8,48.0,,,0.0,,,,,,,,,,,,,,,,,,,,,,,,,,,,
2012-02-23 15:00:00,988.5,23.9,89,0.7,322.0,,,-999.6,,,,,,,,,,,,,,,,,,,,,,,,,,,,
2012-02-23 16:00:00,988.6,23.8,88,0.4,336.0,,,0.5,,,,,,,,,,,,,,,,,,,,,,,,,,,,
2012-02-23 17:00:00,989.4,21.9,95,0.5,306.0,,,0.0,,,,,,,,,,,,,,,,,,,,,,,,,,,,
2012-02-23 18:00:00,989.2,22.6,93,0.5,35.0,,,0.0,,,,,,,,,,,,,,,,,,,,,,,,,,,,
2012-02-23 19:00:00,989.0,22.7,94,0.0,0.0,,,0.0,,,,,,,,,,,,,,,,,,,,,,,,,,,,
2012-02-23 20:00:00,989.5,22.1,98,0.6,61.0,,,2.5,,,,,,,,,,,,,,,,,,,,,,,,,,,,
2012-02-23 21:00:00,989.6,22.4,99,0.1,0.0,,,0.5,,,,,,,,,,,,,,,,,,,,,,,,,,,,
2012-02-23 22:00:00,990.1,19.8,99,0.7,15.0,,,1.5,,,,,,,,,,,,,,,,,,,,,,,,,,,,
2012-02-23 23:00:00,990.2,19.5,98,0.6,350.0,,,0.0,,,,,,,,,,,,,,,,,,,,,,,,,,,,
2012-02-24 00:00:00,989.5,19.3,98,0.5,333.0,,,0.5,,,,,,,,,,,,,,,,,,,,,,,,,,,,
2012-02-24 01:00:00,990.3,18.2,98,0.9,40.0,,,0.0,,,,,,,,,,,,,,,,,,,,,,,,,,,,
2012-02-24 02:00:00,990.2,18.1,97,0.7,325.0,,,0.0,,,,,,,,,,,,,,,,,,,,,,,,,,,,
2012-02-24 03:00:00,990.1,16.6,99,0.8,32.0,,,0.5,,,,,,,,,,,,,,,,,,,,,,,,,,,,
2012-02-24 04:00:00,989.6,16.6,98,0.9,323.0,,,0.0,,,,,,,,,,,,,,,,,,,,,,,,,,,,
2012-02-24 05:00:00,990.1,16.4,99,0.6,27.0,,,0.0,,,,,,,,,,,,,,,,,,,,,,,,,,,,
2012-02-24 06:00:00,990.7,16.7,99,0.6,29.0,,,0.0,,,,,,,,,,,,,,,,,,,,,,,,,,,,
2012-02-24 07:00:00,990.8,17.7,99,0.0,0.0,,,0.0,,,,,,,,,,,,,,,,,,,,,,,,,,,,
2012-02-24 08:00:00,991.4,17.6,97,0.8,331.0,,,0.0,,,,,,,,,,,,,,,,,,,,,,,,,,,,
2012-02-24 09:00:00,992.4,16.8,97,0.6,327.0,,,0.0,,,,,,,,,,,,,,,,,,,,,,,,,,,,
2012-02-24 10:00:00,992.7,17.8,94,0.6,319.0,,,1.5,,,,,,,,,,,,,,,,,,,,,,,,,,,,
2012-02-24 11:00:00,991.7,18.6,93,0.6,25.0,,,0.5,,,,,,,,,,,,,,,,,,,,,,,,,,,,
2012-02-24 12:00:00,990.5,21.0,90,0.5,276.0,,,1.5,,,,,,,,,,,,,,,,,,,,,,,,,,,,
2012-02-24 13:00:00,989.6,20.6,91,0.5,155.0,,,0.0,,,,,,,,,,,,,,,,,,,,,,,,,,,,
2012-02-24 14:00:00,989.6,23.0,82,0.4,240.0,,,0.0,,,,,,,,,,,,,,,,,,,,,,,,,,,,
2012-02-24 15:00:00,989.8,20.3,89,0.6,286.0,,,0.0,,,,,,,,,,,,,,,,,,,,,,,,,,,,
2012-02-24 16:00:00,990.4,17.2,97,0.7,28.0,,,0.0,,,,,,,,,,,,,,,,,,,,,,,,,,,,
2012-02-24 17:00:00,990.0,17.6,97,0.7,26.0,,,0.0,,,,,,,,,,,,,,,,,,,,,,,,,,,,
2012-02-24 18:00:00,989.6,18.2,96,0.3,47.0,,,0.5,,,,,,,,,,,,,,,,,,,,,,,,,,,,
2012-02-24 19:00:00,989.4,18.4,96,0.0,0.0,,,0.0,,,,,,,,,,,,,,,,,,,,,,,,,,,,
2012-02-24 20:00:00,990.2,16.7,98,0.8,27.0,,,0.0,,,,,,,,,,,,,,,,,,,,,,,,,,,,
2012-02-24 21:00:00,990.6,16.5,98,0.5,4.0,,,0.0,,,,,,,,,,,,,,,,,,,,,,,,,,,,
2012-02-24 22:00:00,990.6,16.2,99,0.4,331.0,,,0.0,,,,,,,,,,,,,,,,,,,,,,,,,,,,
2012-02-24 23:00:00,990.2,16.8,97,0.4,319.0,,,0.0,,,,,,,,,,,,,,,,,,,,,,,,,,,,
2012-02-25 00:00:00,989.8,16.7,96,0.5,349.0,,,0.0,,,,,,,,,,,,,,,,,,,,,,,,,,,,
2012-02-25 01:00:00,990.4,16.3,99,0.3,97.0,,,0.5,,,,,,,,,,,,,,,,,,,,,,,,,,,,
2012-02-25 02:00:00,990.5,16.6,99,0.0,0.0,,,0.5,,,,,,,,,,,,,,,,,,,,,,,,,,,,
2012-02-25 03:00:00,989.6,17.0,99,0.2,0.0,,,0.5,,,,,,,,,,,,,,,,,,,,,,,,,,,,
2012-02-25 04:00:00,989.0,16.6,99,0.7,1.0,,,0.0,,,,,,,,,,,,,,,,,,,,,,,,,,,,
2012-02-25 05:00:00,989.2,16.7,99,0.9,33.0,,,0.0,,,,,,,,,,,,,,,,,,,,,,,,,,,,
2012-02-25 06:00:00,990.2,16.7,99,0.5,59.0,,,7.0,,,,,,,,,,,,,,,,,,,,,,,,,,,,
2012-02-25 07:00:00,991.7,17.0,99,0.4,111.0,,,3.0,,,,,,,,,,,,,,,,,,,,,,,,,,,,
2012-02-25 08:00:00,992.3,17.1,99,0.3,325.0,,,0.0,,,,,,,,,,,,,,,,,,,,,,,,,,,,
2012-02-25 09:00:00,992.7,17.2,97,0.8,327.0,,,0.0,,,,,,,,,,,,,,,,,,,,,,,,,,,,
2012-02-25 10:00:00,993.3,16.4,97,0.8,335.0,,,0.0,,,,,,,,,,,,,,,,,,,,,,,,,,,,
2012-02-25 11:00:00,992.3,18.8,88,0.7,344.0,,,0.5,,,,,,,,,,,,,,,,,,,,,,,,,,,,
2012-02-25 12:00:00,992.0,17.1,93,1.1,28.0,,,0.0,,,,,,,,,,,,,,,,,,,,,,,,,,,,
2012-02-25 13:00:00,990.8,19.3,84,0.6,6.0,,,0.0,,,,,,,,,,,,,,,,,,,,,,,,,,,,
2012-02-25 14:00:00,990.5,16.8,89,0.6,360.0,,,0.0,,,,,,,,,,,,,,,,,,,,,,,,,,,,
2012-02-25 15:00:00,990.2,16.0,91,0.9,34.0,,,0.0,,,,,,,,,,,,,,,,,,,,,,,,,,,,
2012-02-25 16:00:00,990.7,15.1,95,0.9,22.0,,,0.5,,,,,,,,,,,,,,,,,,,,,,,,,,,,
2012-02-25 17:00:00,990.9,15.1,92,0.9,13.0,,,0.5,,,,,,,,,,,,,,,,,,,,,,,,,,,,
2012-02-25 18:00:00,990.7,14.7,92,0.9,17.0,,,0.0,,,,,,,,,,,,,,,,,,,,,,,,,,,,
2012-02-25 19:00:00,991.3,14.5,91,0.8,21.0,,,0.0,,,,,,,,,,,,,,,,,,,,,,,,,,,,
2012-02-25 20:00:00,991.8,14.5,91,0.6,345.0,,,0.0,,,,,,,,,,,,,,,,,,,,,,,,,,,,
2012-02-25 21:00:00,991.8,14.3,90,1.0,25.0,,,0.0,,,,,,,,,,,,,,,,,,,,,,,,,,,,
2012-02-25 22:00:00,992.3,14.1,90,0.9,349.0,,,0.5,,,,,,,,,,,,,,,,,,,,,,,,,,,,
2012-02-25 23:00:00,992.4,13.6,92,1.0,35.0,,,0.0,,,,,,,,,,,,,,,,,,,,,,,,,,,,
2012-02-26 00:00:00,992.2,13.8,91,1.3,27.0,,,0.0,,,,,,,,,,,,,,,,,,,,,,,,,,,,
2012-02-26 01:00:00,992.1,13.7,90,1.0,15.0,,,0.0,,,,,,,,,,,,,,,,,,,,,,,,,,,,
2012-02-26 02:00:00,992.0,13.4,91,1.3,41.0,,,0.0,,,,,,,,,,,,,,,,,,,,,,,,,,,,
2012-02-26 03:00:00,992.8,14.0,90,0.7,355.0,,,0.0,,,,,,,,,,,,,,,,,,,,,,,,,,,,
2012-02-26 04:00:00,993.7,13.1,91,1.0,37.0,,,1.5,,,,,,,,,,,,,,,,,,,,,,,,,,,,
2012-02-26 05:00:00,994.5,12.8,93,1.1,339.0,,,0.0,,,,,,,,,,,,,,,,,,,,,,,,,,,,
2012-02-26 06:00:00,994.9,12.9,91,1.2,30.0,,,0.0,,,,,,,,,,,,,,,,,,,,,,,,,,,,
2012-02-26 07:00:00,995.2,12.8,92,1.0,359.0,,,0.0,,,,,,,,,,,,,,,,,,,,,,,,,,,,
2012-02-26 08:00:00,994.8,13.3,89,0.7,31.0,,,0.0,,,,,,,,,,,,,,,,,,,,,,,,,,,,
2012-02-26 09:00:00,995.6,13.0,89,0.9,41.0,,,0.0,,,,,,,,,,,,,,,,,,,,,,,,,,,,
2012-02-26 10:00:00,996.4,12.7,89,0.9,11.0,,,0.0,,,,,,,,,,,,,,,,,,,,,,,,,,,,
2012-02-26 11:00:00,995.3,12.7,90,1.0,32.0,,,0.0,,,,,,,,,,,,,,,,,,,,,,,,,,,,
2012-02-26 12:00:00,994.3,13.6,85,0.6,334.0,,,0.0,,,,,,,,,,,,,,,,,,,,,,,,,,,,
2012-02-26 13:00:00,993.7,14.2,86,0.8,7.0,,,0.0,,,,,,,,,,,,,,,,,,,,,,,,,,,,
2012-02-26 14:00:00,993.3,13.9,87,0.8,31.0,,,0.0,,,,,,,,,,,,,,,,,,,,,,,,,,,,
2012-02-26 15:00:00,993.1,13.3,92,0.8,33.0,,,0.0,,,,,,,,,,,,,,,,,,,,,,,,,,,,
2012-02-26 16:00:00,993.1,13.1,92,0.8,16.0,,,0.0,,,,,,,,,,,,,,,,,,,,,,,,,,,,
2012-02-26 17:00:00,993.1,12.9,90,1.1,24.0,,,0.0,,,,,,,,,,,,,,,,,,,,,,,,,,,,
2012-02-26 18:00:00,994.3,12.3,90,1.4,35.0,,,0.0,,,,,,,,,,,,,,,,,,,,,,,,,,,,
2012-02-26 19:00:00,994.3,12.3,90,1.5,33.0,,,0.0,,,,,,,,,,,,,,,,,,,,,,,,,,,,
2012-02-26 20:00:00,995.2,12.3,89,0.9,360.0,,,0.0,,,,,,,,,,,,,,,,,,,,,,,,,,,,
2012-02-26 21:00:00,995.8,12.4,88,1.1,8.0,,,0.0,,,,,,,,,,,,,,,,,,,,,,,,,,,,
2012-02-26 22:00:00,996.1,12.3,89,0.8,359.0,,,0.0,,,,,,,,,,,,,,,,,,,,,,,,,,,,
2012-02-26 23:00:00,996.3,12.4,88,0.7,347.0,,,0.0,,,,,,,,,,,,,,,,,,,,,,,,,,,,
2012-02-27 00:00:00,995.6,12.2,88,0.9,31.0,,,0.0,,,,,,,,,,,,,,,,,,,,,,,,,,,,
2012-02-27 01:00:00,995.3,12.0,92,1.1,24.0,,,0.5,,,,,,,,,,,,,,,,,,,,,,,,,,,,
2012-02-27 02:00:00,995.3,12.0,92,1.0,35.0,,,0.0,,,,,,,,,,,,,,,,,,,,,,,,,,,,
2012-02-27 03:00:00,995.2,12.2,92,1.1,43.0,,,0.0,,,,,,,,,,,,,,,,,,,,,,,,,,,,
2012-02-27 04:00:00,995.3,12.1,94,1.1,41.0,,,0.5,,,,,,,,,,,,,,,,,,,,,,,,,,,,
2012-02-27 05:00:00,995.8,12.4,92,1.4,39.0,,,1.5,,,,,,,,,,,,,,,,,,,,,,,,,,,,
2012-02-27 06:00:00,995.9,12.4,94,0.7,348.0,,,0.0,,,,,,,,,,,,,,,,,,,,,,,,,,,,
2012-02-27 07:00:00,996.1,12.7,93,0.8,355.0,,,0.0,,,,,,,,,,,,,,,,,,,,,,,,,,,,
2012-02-27 08:00:00,997.2,12.8,91,1.2,356.0,,,0.0,,,,,,,,,,,,,,,,,,,,,,,,,,,,
2012-02-27 09:00:00,997.2,12.5,95,1.3,36.0,,,2.0,,,,,,,,,,,,,,,,,,,,,,,,,,,,
2012-02-27 10:00:00,996.9,13.6,94,0.5,272.0,,,2.0,,,,,,,,,,,,,,,,,,,,,,,,,,,,
2012-02-27 11:00:00,996.4,13.5,94,0.5,29.0,,,0.5,,,,,,,,,,,,,,,,,,,,,,,,,,,,
2012-02-27 12:00:00,995.7,14.5,90,0.5,35.0,,,0.0,,,,,,,,,,,,,,,,,,,,,,,,,,,,
2012-02-27 13:00:00,994.9,13.5,91,1.0,14.0,,,0.0,,,,,,,,,,,,,,,,,,,,,,,,,,,,
2012-02-27 14:00:00,994.3,13.5,92,0.9,320.0,,,0.0,,,,,,,,,,,,,,,,,,,,,,,,,,,,
2012-02-27 15:00:00,993.9,13.8,91,0.8,44.0,,,0.0,,,,,,,,,,,,,,,,,,,,,,,,,,,,
2012-02-27 16:00:00,992.9,14.5,89,0.7,14.0,,,0.0,,,,,,,,,,,,,,,,,,,,,,,,,,,,
2012-02-27 17:00:00,992.6,14.3,89,1.0,38.0,,,0.0,,,,,,,,,,,,,,,,,,,,,,,,,,,,
2012-02-27 18:00:00,992.1,13.9,92,0.7,19.0,,,0.0,,,,,,,,,,,,,,,,,,,,,,,,,,,,
2012-02-27 19:00:00,992.6,13.8,93,0.5,349.0,,,0.0,,,,,,,,,,,,,,,,,,,,,,,,,,,,
2012-02-27 20:00:00,993.6,13.8,92,0.4,12.0,,,0.0,,,,,,,,,,,,,,,,,,,,,,,,,,,,
2012-02-27 21:00:00,993.6,14.1,92,0.4,94.0,,,0.0,,,,,,,,,,,,,,,,,,,,,,,,,,,,
2012-02-27 22:00:00,993.6,13.8,94,0.3,328.0,,,0.0,,,,,,,,,,,,,,,,,,,,,,,,,,,,
2012-02-27 23:00:00,992.8,13.7,95,1.0,29.0,,,0.0,,,,,,,,,,,,,,,,,,,,,,,,,,,,
2012-02-28 00:00:00,992.4,14.0,95,0.4,343.0,,,0.0,,,,,,,,,,,,,,,,,,,,,,,,,,,,
2012-02-28 01:00:00,992.0,14.1,94,0.4,67.0,,,0.0,,,,,,,,,,,,,,,,,,,,,,,,,,,,
2012-02-28 02:00:00,992.1,13.6,98,0.7,20.0,,,0.0,,,,,,,,,,,,,,,,,,,,,,,,,,,,
2012-02-28 03:00:00,991.4,13.1,99,0.8,326.0,,,0.0,,,,,,,,,,,,,,,,,,,,,,,,,,,,
2012-02-28 04:00:00,991.3,12.9,98,0.7,336.0,,,0.0,,,,,,,,,,,,,,,,,,,,,,,,,,,,
2012-02-28 05:00:00,991.4,12.8,95,1.2,30.0,,,0.0,,,,,,,,,,,,,,,,,,,,,,,,,,,,
2012-02-28 06:00:00,991.1,13.0,95,0.9,44.0,,,0.5,,,,,,,,,,,,,,,,,,,,,,,,,,,,
2012-02-28 07:00:00,992.1,13.9,94,0.0,0.0,,,0.0,,,,,,,,,,,,,,,,,,,,,,,,,,,,
2012-02-28 08:00:00,992.0,13.3,95,0.6,330.0,,,0.5,,,,,,,,,,,,,,,,,,,,,,,,,,,,
2012-02-28 09:00:00,993.4,13.5,96,1.3,328.0,,,0.0,,,,,,,,,,,,,,,,,,,,,,,,,,,,
2012-02-28 10:00:00,994.5,12.9,96,1.8,25.0,,,3.5,,,,,,,,,,,,,,,,,,,,,,,,,,,,
2012-02-28 11:00:00,994.6,14.2,94,0.8,34.0,,,4.0,,,,,,,,,,,,,,,,,,,,,,,,,,,,
2012-02-28 12:00:00,994.5,15.3,92,0.6,95.0,,,3.0,,,,,,,,,,,,,,,,,,,,,,,,,,,,
2012-02-28 13:00:00,993.1,16.0,93,0.5,252.0,,,2.0,,,,,,,,,,,,,,,,,,,,,,,,,,,,
2012-02-28 14:00:00,992.1,15.3,96,0.3,122.0,,,1.5,,,,,,,,,,,,,,,,,,,,,,,,,,,,
2012-02-28 15:00:00,992.8,13.7,98,1.0,345.0,,,1.5,,,,,,,,,,,,,,,,,,,,,,,,,,,,
2012-02-28 16:00:00,992.7,14.7,97,0.6,20.0,,,0.5,,,,,,,,,,,,,,,,,,,,,,,,,,,,
2012-02-28 17:00:00,992.0,13.3,97,0.7,5.0,,,0.0,,,,,,,,,,,,,,,,,,,,,,,,,,,,
2012-02-28 18:00:00,992.1,12.8,97,0.8,359.0,,,0.0,,,,,,,,,,,,,,,,,,,,,,,,,,,,
2012-02-28 19:00:00,992.4,13.0,95,1.1,29.0,,,0.0,,,,,,,,,,,,,,,,,,,,,,,,,,,,
2012-02-28 20:00:00,993.1,12.9,93,0.9,35.0,,,0.0,,,,,,,,,,,,,,,,,,,,,,,,,,,,
2012-02-28 21:00:00,993.3,12.9,90,0.7,39.0,,,0.0,,,,,,,,,,,,,,,,,,,,,,,,,,,,
2012-02-28 22:00:00,993.3,13.1,90,1.2,33.0,,,0.0,,,,,,,,,,,,,,,,,,,,,,,,,,,,
2012-02-28 23:00:00,993.4,13.2,90,0.7,27.0,,,0.0,,,,,,,,,,,,,,,,,,,,,,,,,,,,
2012-02-29 00:00:00,993.4,13.1,91,0.8,37.0,,,0.0,,,,,,,,,,,,,,,,,,,,,,,,,,,,
2012-02-29 01:00:00,993.0,13.1,91,0.6,41.0,,,0.0,,,,,,,,,,,,,,,,,,,,,,,,,,,,
2012-02-29 02:00:00,992.8,13.1,92,0.5,55.0,,,0.0,,,,,,,,,,,,,,,,,,,,,,,,,,,,
2012-02-29 03:00:00,992.8,12.2,96,0.3,81.0,,,0.0,,,,,,,,,,,,,,,,,,,,,,,,,,,,
2012-02-29 04:00:00,992.4,13.7,90,0.7,38.0,,,0.0,,,,,,,,,,,,,,,,,,,,,,,,,,,,
2012-02-29 05:00:00,993.0,13.7,91,0.5,36.0,,,0.0,,,,,,,,,,,,,,,,,,,,,,,,,,,,
2012-02-29 06:00:00,993.8,14.1,91,0.8,30.0,,,0.0,,,,,,,,,,,,,,,,,,,,,,,,,,,,
2012-02-29 07:00:00,994.2,14.3,90,0.2,0.0,,,0.0,,,,,,,,,,,,,,,,,,,,,,,,,,,,
2012-02-29 08:00:00,994.2,15.2,89,0.4,61.0,,,0.0,,,,,,,,,,,,,,,,,,,,,,,,,,,,
2012-02-29 09:00:00,995.2,15.1,89,0.7,336.0,,,0.0,,,,,,,,,,,,,,,,,,,,,,,,,,,,
2012-02-29 10:00:00,995.3,16.2,86,0.5,8.0,,,0.0,,,,,,,,,,,,,,,,,,,,,,,,,,,,
2012-02-29 11:00:00,994.4,19.4,74,0.8,324.0,,,0.0,,,,,,,,,,,,,,,,,,,,,,,,,,,,
2012-02-29 12:00:00,994.3,20.1,73,0.9,318.0,,,0.0,,,,,,,,,,,,,,,,,,,,,,,,,,,,
2012-02-29 13:00:00,993.6,20.1,77,1.1,311.0,,,0.0,,,,,,,,,,,,,,,,,,,,,,,,,,,,
2012-02-29 14:00:00,992.8,20.3,75,0.7,353.0,,,0.0,,,,,,,,,,,,,,,,,,,,,,,,,,,,
2012-02-29 15:00:00,992.4,21.1,72,1.0,315.0,,,0.0,,,,,,,,,,,,,,,,,,,,,,,,,,,,
2012-02-29 16:00:00,992.4,19.4,79,0.8,327.0,,,0.0,,,,,,,,,,,,,,,,,,,,,,,,,,,,
2012-02-29 17:00:00,992.8,18.2,82,0.7,315.0,,,0.0,,,,,,,,,,,,,,,,,,,,,,,,,,,,
2012-02-29 18:00:00,993.1,16.4,89,0.5,325.0,,,0.0,,,,,,,,,,,,,,,,,,,,,,,,,,,,
2012-02-29 19:00:00,993.3,16.2,91,0.6,329.0,,,0.0,,,,,,,,,,,,,,,,,,,,,,,,,,,,
2012-02-29 20:00:00,994.0,15.5,93,0.6,351.0,,,0.0,,,,,,,,,,,,,,,,,,,,,,,,,,,,
2012-02-29 21:00:00,994.7,14.6,97,0.8,51.0,,,0.0,,,,,,,,,,,,,,,,,,,,,,,,,,,,
2012-02-29 22:00:00,994.4,15.4,94,0.2,0.0,,,0.0,,,,,,,,,,,,,,,,,,,,,,,,,,,,
2012-02-29 23:00:00,995.3,14.4,98,0.6,64.0,,,0.0,,,,,,,,,,,,,,,,,,,,,,,,,,,,
2012-03-01 00:00:00,994.9,14.9,96,0.1,0.0,,,0.0,,,,,,,,,,,,,,,,,,,,,,,,,,,,
2012-03-01 01:00:00,994.9,14.7,96,0.9,326.0,,,0.0,,,,,,,,,,,,,,,,,,,,,,,,,,,,
2012-03-01 02:00:00,994.4,14.0,99,0.5,326.0,,,0.0,,,,,,,,,,,,,,,,,,,,,,,,,,,,
2012-03-01 03:00:00,994.4,14.0,99,0.7,321.0,,,0.0,,,,,,,,,,,,,,,,,,,,,,,,,,,,
2012-03-01 04:00:00,994.4,13.7,99,0.8,7.0,,,0.0,,,,,,,,,,,,,,,,,,,,,,,,,,,,
2012-03-01 05:00:00,994.9,13.8,98,0.6,343.0,,,0.0,,,,,,,,,,,,,,,,,,,,,,,,,,,,
2012-03-01 06:00:00,995.3,14.3,97,0.1,0.0,,,0.0,,,,,,,,,,,,,,,,,,,,,,,,,,,,
2012-03-01 07:00:00,995.6,14.7,95,0.0,0.0,,,0.0,,,,,,,,,,,,,,,,,,,,,,,,,,,,
2012-03-01 08:00:00,996.1,18.1,82,0.0,0.0,,,0.0,,,,,,,,,,,,,,,,,,,,,,,,,,,,
2012-03-01 09:00:00,996.5,19.8,75,0.7,233.0,,,0.0,,,,,,,,,,,,,,,,,,,,,,,,,,,,
2012-03-01 10:00:00,996.4,23.7,68,1.1,348.0,,,0.0,,,,,,,,,,,,,,,,,,,,,,,,,,,,
2012-03-01 11:00:00,996.0,24.4,65,1.0,313.0,,,0.0,,,,,,,,,,,,,,,,,,,,,,,,,,,,
2012-03-01 12:00:00,995.3,25.0,65,1.4,14.0,,,0.0,,,,,,,,,,,,,,,,,,,,,,,,,,,,
2012-03-01 13:00:00,994.5,26.5,63,1.0,304.0,,,0.0,,,,,,,,,,,,,,,,,,,,,,,,,,,,
2012-03-01 14:00:00,993.4,25.6,66,1.0,327.0,,,0.0,,,,,,,,,,,,,,,,,,,,,,,,,,,,
2012-03-01 15:00:00,993.0,26.2,65,0.7,329.0,,,0.0,,,,,,,,,,,,,,,,,,,,,,,,,,,,
2012-03-01 16:00:00,992.8,25.7,66,0.5,309.0,,,0.0,,,,,,,,,,,,,,,,,,,,,,,,,,,,
2012-03-01 17:00:00,992.3,25.3,68,0.5,246.0,,,0.0,,,,,,,,,,,,,,,,,,,,,,,,,,,,
2012-03-01 18:00:00,992.4,23.3,77,0.6,318.0,,,0.0,,,,,,,,,,,,,,,,,,,,,,,,,,,,
2012-03-01 19:00:00,992.8,19.5,86,1.1,338.0,,,0.0,,,,,,,,,,,,,,,,,,,,,,,,,,,,
2012-03-01 20:00:00,993.1,19.1,87,0.8,324.0,,,0.0,,,,,,,,,,,,,,,,,,,,,,,,,,,,
2012-03-01 21:00:00,993.1,18.7,89,0.5,332.0,,,0.0,,,,,,,,,,,,,,,,,,,,,,,,,,,,
2012-03-01 22:00:00,993.9,18.1,91,0.6,312.0,,,0.0,,,,,,,,,,,,,,,,,,,,,,,,,,,,
2012-03-01 23:00:00,993.7,18.3,92,0.0,0.0,,,0.0,,,,,,,,,,,,,,,,,,,,,,,,,,,,
2012-03-02 00:00:00,993.6,18.2,91,0.2,0.0,,,0.0,,,,,,,,,,,,,,,,,,,,,,,,,,,,
2012-03-02 01:00:00,993.3,18.1,94,0.3,80.0,,,0.0,,,,,,,,,,,,,,,,,,,,,,,,,,,,
2012-03-02 02:00:00,992.8,18.0,96,0.0,0.0,,,0.0,,,,,,,,,,,,,,,,,,,,,,,,,,,,
2012-03-02 03:00:00,992.4,16.4,98,0.2,0.0,,,0.0,,,,,,,,,,,,,,,,,,,,,,,,,,,,
2012-03-02 04:00:00,992.3,15.7,99,1.0,35.0,,,0.0,,,,,,,,,,,,,,,,,,,,,,,,,,,,
2012-03-02 05:00:00,992.7,16.7,99,0.0,0.0,,,0.0,,,,,,,,,,,,,,,,,,,,,,,,,,,,
2012-03-02 06:00:00,993.3,17.2,95,0.4,80.0,,,0.0,,,,,,,,,,,,,,,,,,,,,,,,,,,,
2012-03-02 07:00:00,993.6,18.4,92,0.2,0.0,,,-999.6,,,,,,,,,,,,,,,,,,,,,,,,,,,,
2012-03-02 08:00:00,994.4,19.2,88,0.4,248.0,,,0.0,,,,,,,,,,,,,,,,,,,,,,,,,,,,
2012-03-02 09:00:00,995.1,23.1,72,0.9,49.0,,,0.0,,,,,,,,,,,,,,,,,,,,,,,,,,,,
2012-03-02 10:00:00,995.3,25.2,69,0.9,38.0,,,0.0,,,,,,,,,,,,,,,,,,,,,,,,,,,,
2012-03-02 11:00:00,994.9,26.2,67,0.7,323.0,,,0.0,,,,,,,,,,,,,,,,,,,,,,,,,,,,
2012-03-02 12:00:00,994.4,27.7,61,0.9,275.0,,,0.0,,,,,,,,,,,,,,,,,,,,,,,,,,,,
2012-03-02 13:00:00,993.6,27.9,59,1.1,327.0,,,0.0,,,,,,,,,,,,,,,,,,,,,,,,,,,,
2012-03-02 14:00:00,992.8,27.8,59,0.8,281.0,,,0.0,,,,,,,,,,,,,,,,,,,,,,,,,,,,
2012-03-02 15:00:00,992.4,27.8,60,1.3,325.0,,,0.0,,,,,,,,,,,,,,,,,,,,,,,,,,,,
2012-03-02 16:00:00,992.3,26.2,65,1.0,338.0,,,0.0,,,,,,,,,,,,,,,,,,,,,,,,,,,,
2012-03-02 17:00:00,992.6,24.1,71,1.0,332.0,,,0.0,,,,,,,,,,,,,,,,,,,,,,,,,,,,
2012-03-02 18:00:00,992.8,23.4,75,0.7,326.0,,,0.0,,,,,,,,,,,,,,,,,,,,,,,,,,,,
2012-03-02 19:00:00,993.1,22.3,80,0.3,359.0,,,0.0,,,,,,,,,,,,,,,,,,,,,,,,,,,,
2012-03-02 20:00:00,993.6,21.6,82,0.4,320.0,,,0.0,,,,,,,,,,,,,,,,,,,,,,,,,,,,
2012-03-02 21:00:00,993.7,21.3,84,0.5,38.0,,,0.0,,,,,,,,,,,,,,,,,,,,,,,,,,,,
2012-03-02 22:00:00,993.7,21.1,88,0.1,0.0,,,0.0,,,,,,,,,,,,,,,,,,,,,,,,,,,,
2012-03-02 23:00:00,993.7,20.0,90,0.7,332.0,,,0.0,,,,,,,,,,,,,,,,,,,,,,,,,,,,
2012-03-03 00:00:00,993.4,18.1,97,0.8,354.0,,,0.0,,,,,,,,,,,,,,,,,,,,,,,,,,,,
2012-03-03 01:00:00,993.0,18.6,94,0.5,19.0,,,0.0,,,,,,,,,,,,,,,,,,,,,,,,,,,,
2012-03-03 02:00:00,992.8,18.2,93,0.6,21.0,,,0.0,,,,,,,,,,,,,,,,,,,,,,,,,,,,
2012-03-03 03:00:00,992.4,17.9,93,0.3,319.0,,,0.0,,,,,,,,,,,,,,,,,,,,,,,,,,,,
2012-03-03 04:00:00,992.4,17.0,95,0.6,313.0,,,0.0,,,,,,,,,,,,,,,,,,,,,,,,,,,,
2012-03-03 05:00:00,992.8,16.5,97,0.6,320.0,,,0.0,,,,,,,,,,,,,,,,,,,,,,,,,,,,
2012-03-03 06:00:00,993.6,16.2,98,0.7,339.0,,,-999.6,,,,,,,,,,,,,,,,,,,,,,,,,,,,
2012-03-03 07:00:00,994.4,16.5,95,0.8,333.0,,,0.0,,,,,,,,,,,,,,,,,,,,,,,,,,,,
2012-03-03 08:00:00,995.6,16.5,94,0.8,336.0,,,0.0,,,,,,,,,,,,,,,,,,,,,,,,,,,,
2012-03-03 09:00:00,996.1,17.1,91,1.0,30.0,,,0.0,,,,,,,,,,,,,,,,,,,,,,,,,,,,
2012-03-03 10:00:00,996.1,18.7,83,0.9,354.0,,,0.0,,,,,,,,,,,,,,,,,,,,,,,,,,,,
2012-03-03 11:00:00,995.7,19.6,78,0.9,17.0,,,0.0,,,,,,,,,,,,,,,,,,,,,,,,,,,,
2012-03-03 12:00:00,994.6,23.7,64,1.2,30.0,,,0.0,,,,,,,,,,,,,,,,,,,,,,,,,,,,
2012-03-03 13:00:00,993.4,26.3,60,0.7,344.0,,,0.0,,,,,,,,,,,,,,,,,,,,,,,,,,,,
2012-03-03 14:00:00,992.8,25.3,65,0.8,331.0,,,0.0,,,,,,,,,,,,,,,,,,,,,,,,,,,,
2012-03-03 15:00:00,992.8,25.7,64,1.1,311.0,,,0.0,,,,,,,,,,,,,,,,,,,,,,,,,,,,
2012-03-03 16:00:00,993.3,20.3,78,1.1,340.0,,,0.0,,,,,,,,,,,,,,,,,,,,,,,,,,,,
2012-03-03 17:00:00,993.4,18.1,87,0.9,339.0,,,0.0,,,,,,,,,,,,,,,,,,,,,,,,,,,,
2012-03-03 18:00:00,994.1,16.5,92,0.7,340.0,,,0.0,,,,,,,,,,,,,,,,,,,,,,,,,,,,
2012-03-03 19:00:00,994.5,16.3,93,0.7,328.0,,,0.0,,,,,,,,,,,,,,,,,,,,,,,,,,,,
2012-03-03 20:00:00,994.3,17.2,89,0.7,31.0,,,0.0,,,,,,,,,,,,,,,,,,,,,,,,,,,,
2012-03-03 21:00:00,994.7,17.7,88,0.4,316.0,,,0.0,,,,,,,,,,,,,,,,,,,,,,,,,,,,
2012-03-03 22:00:00,994.9,18.3,87,0.3,182.0,,,0.0,,,,,,,,,,,,,,,,,,,,,,,,,,,,
2012-03-03 23:00:00,994.3,18.3,85,0.0,0.0,,,0.0,,,,,,,,,,,,,,,,,,,,,,,,,,,,
2012-03-04 00:00:00,994.5,18.1,88,0.0,0.0,,,0.0,,,,,,,,,,,,,,,,,,,,,,,,,,,,
2012-03-04 01:00:00,994.0,16.3,98,0.4,326.0,,,0.0,,,,,,,,,,,,,,,,,,,,,,,,,,,,
2012-03-04 02:00:00,994.0,16.2,99,0.4,358.0,,,0.0,,,,,,,,,,,,,,,,,,,,,,,,,,,,
2012-03-04 03:00:00,993.0,15.6,99,0.5,326.0,,,0.0,,,,,,,,,,,,,,,,,,,,,,,,,,,,
2012-03-04 04:00:00,993.3,15.4,99,0.9,18.0,,,0.0,,,,,,,,,,,,,,,,,,,,,,,,,,,,
2012-03-04 05:00:00,993.4,15.8,97,0.1,0.0,,,0.0,,,,,,,,,,,,,,,,,,,,,,,,,,,,
2012-03-04 06:00:00,993.7,15.6,96,0.7,336.0,,,0.0,,,,,,,,,,,,,,,,,,,,,,,,,,,,
2012-03-04 07:00:00,994.0,15.5,99,0.8,350.0,,,0.0,,,,,,,,,,,,,,,,,,,,,,,,,,,,
2012-03-04 08:00:00,994.3,16.6,92,0.7,358.0,,,0.0,,,,,,,,,,,,,,,,,,,,,,,,,,,,
2012-03-04 09:00:00,994.8,18.9,81,0.5,271.0,,,0.0,,,,,,,,,,,,,,,,,,,,,,,,,,,,
2012-03-04 10:00:00,994.9,23.1,70,0.5,261.0,,,0.0,,,,,,,,,,,,,,,,,,,,,,,,,,,,
2012-03-04 11:00:00,994.6,25.9,63,0.6,169.0,,,0.0,,,,,,,,,,,,,,,,,,,,,,,,,,,,
2012-03-04 12:00:00,994.0,27.8,59,0.6,254.0,,,0.0,,,,,,,,,,,,,,,,,,,,,,,,,,,,
2012-03-04 13:00:00,993.7,24.0,69,1.4,335.0,,,0.0,,,,,,,,,,,,,,,,,,,,,,,,,,,,
2012-03-04 14:00:00,993.0,25.6,63,1.0,328.0,,,0.0,,,,,,,,,,,,,,,,,,,,,,,,,,,,
2012-03-04 15:00:00,992.0,26.3,62,1.0,327.0,,,0.0,,,,,,,,,,,,,,,,,,,,,,,,,,,,
2012-03-04 16:00:00,991.2,26.0,64,0.9,328.0,,,0.0,,,,,,,,,,,,,,,,,,,,,,,,,,,,
2012-03-04 17:00:00,990.9,24.9,68,1.0,309.0,,,0.0,,,,,,,,,,,,,,,,,,,,,,,,,,,,
2012-03-04 18:00:00,991.7,23.8,72,0.7,1.0,,,0.0,,,,,,,,,,,,,,,,,,,,,,,,,,,,
2012-03-04 19:00:00,992.3,23.4,75,0.4,13.0,,,0.0,,,,,,,,,,,,,,,,,,,,,,,,,,,,
2012-03-04 20:00:00,993.1,22.8,79,0.2,0.0,,,0.0,,,,,,,,,,,,,,,,,,,,,,,,,,,,
2012-03-04 21:00:00,993.4,22.7,79,0.5,69.0,,,0.0,,,,,,,,,,,,,,,,,,,,,,,,,,,,
2012-03-04 22:00:00,993.1,22.0,82,0.2,0.0,,,0.0,,,,,,,,,,,,,,,,,,,,,,,,,,,,
2012-03-04 23:00:00,993.1,22.1,82,0.6,69.0,,,0.0,,,,,,,,,,,,,,,,,,,,,,,,,,,,
2012-03-05 00:00:00,992.6,21.1,87,0.0,0.0,,,0.0,,,,,,,,,,,,,,,,,,,,,,,,,,,,
2012-03-05 01:00:00,991.4,20.4,90,0.0,0.0,,,0.0,,,,,,,,,,,,,,,,,,,,,,,,,,,,
2012-03-05 02:00:00,990.8,19.6,94,0.1,0.0,,,0.0,,,,,,,,,,,,,,,,,,,,,,,,,,,,
2012-03-05 03:00:00,990.4,19.3,96,0.0,0.0,,,0.0,,,,,,,,,,,,,,,,,,,,,,,,,,,,
2012-03-05 04:00:00,989.6,18.8,96,0.0,0.0,,,0.0,,,,,,,,,,,,,,,,,,,,,,,,,,,,
2012-03-05 05:00:00,989.6,18.6,97,0.0,0.0,,,0.0,,,,,,,,,,,,,,,,,,,,,,,,,,,,
2012-03-05 06:00:00,989.8,19.5,88,0.1,0.0,,,0.0,,,,,,,,,,,,,,,,,,,,,,,,,,,,
2012-03-05 07:00:00,990.0,19.5,89,0.0,0.0,,,0.0,,,,,,,,,,,,,,,,,,,,,,,,,,,,
2012-03-05 08:00:00,990.5,23.8,71,0.3,185.0,,,0.0,,,,,,,,,,,,,,,,,,,,,,,,,,,,
2012-03-05 09:00:00,990.6,26.6,62,0.4,182.0,,,0.0,,,,,,,,,,,,,,,,,,,,,,,,,,,,
2012-03-05 10:00:00,991.2,28.2,56,0.6,251.0,,,0.0,,,,,,,,,,,,,,,,,,,,,,,,,,,,
2012-03-05 11:00:00,990.9,28.3,55,0.4,207.0,,,0.0,,,,,,,,,,,,,,,,,,,,,,,,,,,,
2012-03-05 12:00:00,990.3,29.9,48,1.1,240.0,,,0.0,,,,,,,,,,,,,,,,,,,,,,,,,,,,
2012-03-05 13:00:00,989.0,31.1,46,1.0,172.0,,,0.0,,,,,,,,,,,,,,,,,,,,,,,,,,,,
2012-03-05 14:00:00,988.7,31.1,52,1.3,241.0,,,0.0,,,,,,,,,,,,,,,,,,,,,,,,,,,,
2012-03-05 15:00:00,988.7,29.3,64,1.0,241.0,,,0.0,,,,,,,,,,,,,,,,,,,,,,,,,,,,
2012-03-05 16:00:00,989.5,27.3,71,0.6,258.0,,,0.0,,,,,,,,,,,,,,,,,,,,,,,,,,,,
2012-03-05 17:00:00,990.3,25.7,75,0.8,285.0,,,0.0,,,,,,,,,,,,,,,,,,,,,,,,,,,,
2012-03-05 18:00:00,990.5,24.5,76,0.2,0.0,,,-999.6,,,,,,,,,,,,,,,,,,,,,,,,,,,,
2012-03-05 19:00:00,990.8,24.3,79,0.5,332.0,,,0.0,,,,,,,,,,,,,,,,,,,,,,,,,,,,
2012-03-05 20:00:00,990.9,24.1,80,0.6,69.0,,,0.0,,,,,,,,,,,,,,,,,,,,,,,,,,,,
2012-03-05 21:00:00,991.0,24.0,81,0.3,23.0,,,0.0,,,,,,,,,,,,,,,,,,,,,,,,,,,,
2012-03-05 22:00:00,990.8,23.4,84,0.1,0.0,,,0.0,,,,,,,,,,,,,,,,,,,,,,,,,,,,
2012-03-05 23:00:00,989.8,22.6,87,0.0,0.0,,,0.0,,,,,,,,,,,,,,,,,,,,,,,,,,,,
2012-03-06 00:00:00,989.4,22.5,87,0.0,0.0,,,0.0,,,,,,,,,,,,,,,,,,,,,,,,,,,,
2012-03-06 01:00:00,989.8,21.9,89,0.6,50.0,,,0.0,,,,,,,,,,,,,,,,,,,,,,,,,,,,
2012-03-06 02:00:00,990.8,22.3,89,0.4,60.0,,,0.0,,,,,,,,,,,,,,,,,,,,,,,,,,,,
2012-03-06 03:00:00,990.8,22.8,89,0.0,0.0,,,0.0,,,,,,,,,,,,,,,,,,,,,,,,,,,,
2012-03-06 04:00:00,991.1,22.5,89,0.1,0.0,,,0.0,,,,,,,,,,,,,,,,,,,,,,,,,,,,
2012-03-06 05:00:00,991.2,22.3,90,0.3,81.0,,,0.0,,,,,,,,,,,,,,,,,,,,,,,,,,,,
2012-03-06 06:00:00,991.0,22.2,90,0.0,0.0,,,0.0,,,,,,,,,,,,,,,,,,,,,,,,,,,,
2012-03-06 07:00:00,991.5,22.6,89,0.2,0.0,,,0.0,,,,,,,,,,,,,,,,,,,,,,,,,,,,
2012-03-06 08:00:00,992.0,23.9,78,0.6,45.0,,,0.0,,,,,,,,,,,,,,,,,,,,,,,,,,,,
2012-03-06 09:00:00,992.3,24.9,75,0.3,247.0,,,0.0,,,,,,,,,,,,,,,,,,,,,,,,,,,,
2012-03-06 10:00:00,992.6,25.8,73,0.6,268.0,,,0.0,,,,,,,,,,,,,,,,,,,,,,,,,,,,
2012-03-06 11:00:00,992.3,26.1,72,1.1,330.0,,,0.0,,,,,,,,,,,,,,,,,,,,,,,,,,,,
2012-03-06 12:00:00,991.6,27.2,66,0.8,266.0,,,0.0,,,,,,,,,,,,,,,,,,,,,,,,,,,,
2012-03-06 13:00:00,990.5,28.6,58,0.8,219.0,,,0.0,,,,,,,,,,,,,,,,,,,,,,,,,,,,
2012-03-06 14:00:00,989.3,29.1,56,0.7,298.0,,,0.0,,,,,,,,,,,,,,,,,,,,,,,,,,,,
2012-03-06 15:00:00,988.7,27.7,62,1.0,326.0,,,0.0,,,,,,,,,,,,,,,,,,,,,,,,,,,,
2012-03-06 16:00:00,988.2,25.6,68,1.0,321.0,,,0.0,,,,,,,,,,,,,,,,,,,,,,,,,,,,
2012-03-06 17:00:00,988.3,25.0,70,0.8,327.0,,,0.0,,,,,,,,,,,,,,,,,,,,,,,,,,,,
2012-03-06 18:00:00,988.9,23.0,78,0.9,321.0,,,0.0,,,,,,,,,,,,,,,,,,,,,,,,,,,,
2012-03-06 19:00:00,989.2,21.4,83,0.9,314.0,,,0.0,,,,,,,,,,,,,,,,,,,,,,,,,,,,
2012-03-06 20:00:00,990.1,20.1,89,0.8,311.0,,,0.0,,,,,,,,,,,,,,,,,,,,,,,,,,,,
2012-03-06 21:00:00,990.6,18.3,95,0.8,309.0,,,0.0,,,,,,,,,,,,,,,,,,,,,,,,,,,,
2012-03-06 22:00:00,990.4,17.7,95,0.8,325.0,,,0.0,,,,,,,,,,,,,,,,,,,,,,,,,,,,
2012-03-06 23:00:00,990.0,17.8,94,0.6,32.0,,,0.0,,,,,,,,,,,,,,,,,,,,,,,,,,,,
2012-03-07 00:00:00,990.2,17.2,96,0.8,339.0,,,0.0,,,,,,,,,,,,,,,,,,,,,,,,,,,,
2012-03-07 01:00:00,990.2,17.1,95,0.6,346.0,,,0.0,,,,,,,,,,,,,,,,,,,,,,,,,,,,
2012-03-07 02:00:00,990.4,17.1,94,0.9,322.0,,,0.0,,,,,,,,,,,,,,,,,,,,,,,,,,,,
2012-03-07 03:00:00,990.2,15.9,97,0.9,345.0,,,-999.6,,,,,,,,,,,,,,,,,,,,,,,,,,,,
2012-03-07 04:00:00,990.0,16.6,92,0.8,315.0,,,0.0,,,,,,,,,,,,,,,,,,,,,,,,,,,,
2012-03-07 05:00:00,989.2,16.7,91,0.6,318.0,,,0.0,,,,,,,,,,,,,,,,,,,,,,,,,,,,
2012-03-07 06:00:00,989.5,16.3,92,0.5,321.0,,,0.0,,,,,,,,,,,,,,,,,,,,,,,,,,,,
2012-03-07 07:00:00,990.1,17.5,89,0.2,0.0,,,0.0,,,,,,,,,,,,,,,,,,,,,,,,,,,,
2012-03-07 08:00:00,990.1,20.5,76,0.4,307.0,,,0.0,,,,,,,,,,,,,,,,,,,,,,,,,,,,
2012-03-07 09:00:00,991.4,18.5,82,1.1,1.0,,,0.0,,,,,,,,,,,,,,,,,,,,,,,,,,,,
2012-03-07 10:00:00,991.4,22.7,69,1.0,337.0,,,0.0,,,,,,,,,,,,,,,,,,,,,,,,,,,,
2012-03-07 11:00:00,991.7,22.4,68,0.8,348.0,,,0.0,,,,,,,,,,,,,,,,,,,,,,,,,,,,
2012-03-07 12:00:00,991.0,21.2,72,1.9,349.0,,,0.0,,,,,,,,,,,,,,,,,,,,,,,,,,,,
2012-03-07 13:00:00,991.5,20.8,73,1.1,342.0,,,0.0,,,,,,,,,,,,,,,,,,,,,,,,,,,,
2012-03-07 14:00:00,990.5,22.8,68,0.8,39.0,,,0.0,,,,,,,,,,,,,,,,,,,,,,,,,,,,
2012-03-07 15:00:00,989.5,26.8,61,0.7,42.0,,,0.0,,,,,,,,,,,,,,,,,,,,,,,,,,,,
2012-03-07 16:00:00,989.5,25.1,64,0.9,291.0,,,0.0,,,,,,,,,,,,,,,,,,,,,,,,,,,,
2012-03-07 17:00:00,989.5,21.1,73,1.0,321.0,,,0.0,,,,,,,,,,,,,,,,,,,,,,,,,,,,
2012-03-07 18:00:00,989.6,17.9,82,1.3,352.0,,,0.0,,,,,,,,,,,,,,,,,,,,,,,,,,,,
2012-03-07 19:00:00,989.9,17.4,84,0.9,350.0,,,0.0,,,,,,,,,,,,,,,,,,,,,,,,,,,,
2012-03-07 20:00:00,990.2,17.4,84,0.9,14.0,,,-999.6,,,,,,,,,,,,,,,,,,,,,,,,,,,,
2012-03-07 21:00:00,991.0,17.0,87,0.9,335.0,,,-999.6,,,,,,,,,,,,,,,,,,,,,,,,,,,,
2012-03-07 22:00:00,991.3,16.7,88,0.9,27.0,,,0.0,,,,,,,,,,,,,,,,,,,,,,,,,,,,
2012-03-07 23:00:00,991.3,16.8,89,0.8,336.0,,,0.0,,,,,,,,,,,,,,,,,,,,,,,,,,,,
2012-03-08 00:00:00,991.0,16.6,89,0.7,325.0,,,0.0,,,,,,,,,,,,,,,,,,,,,,,,,,,,
2012-03-08 01:00:00,990.7,17.0,88,0.4,311.0,,,0.0,,,,,,,,,,,,,,,,,,,,,,,,,,,,
2012-03-08 02:00:00,990.2,16.5,91,0.1,0.0,,,0.0,,,,,,,,,,,,,,,,,,,,,,,,,,,,
2012-03-08 03:00:00,990.1,15.8,93,1.1,340.0,,,0.0,,,,,,,,,,,,,,,,,,,,,,,,,,,,
2012-03-08 04:00:00,990.7,15.5,96,1.1,341.0,,,0.0,,,,,,,,,,,,,,,,,,,,,,,,,,,,
2012-03-08 05:00:00,991.0,16.0,94,1.0,41.0,,,0.0,,,,,,,,,,,,,,,,,,,,,,,,,,,,
2012-03-08 06:00:00,991.7,15.7,93,1.3,34.0,,,0.0,,,,,,,,,,,,,,,,,,,,,,,,,,,,
2012-03-08 07:00:00,991.7,16.3,89,1.3,358.0,,,0.0,,,,,,,,,,,,,,,,,,,,,,,,,,,,
2012-03-08 08:00:00,992.3,17.3,84,0.8,24.0,,,0.0,,,,,,,,,,,,,,,,,,,,,,,,,,,,
2012-03-08 09:00:00,992.8,18.7,79,1.0,342.0,,,0.0,,,,,,,,,,,,,,,,,,,,,,,,,,,,
2012-03-08 10:00:00,992.8,19.0,77,0.8,325.0,,,0.0,,,,,,,,,,,,,,,,,,,,,,,,,,,,
2012-03-08 11:00:00,992.0,21.9,69,0.2,0.0,,,0.0,,,,,,,,,,,,,,,,,,,,,,,,,,,,
2012-03-08 12:00:00,992.2,19.5,75,1.4,353.0,,,0.0,,,,,,,,,,,,,,,,,,,,,,,,,,,,
2012-03-08 13:00:00,991.4,18.5,78,0.9,318.0,,,0.0,,,,,,,,,,,,,,,,,,,,,,,,,,,,
2012-03-08 14:00:00,990.4,20.2,72,0.6,43.0,,,0.0,,,,,,,,,,,,,,,,,,,,,,,,,,,,
2012-03-08 15:00:00,990.0,22.6,66,0.9,314.0,,,0.0,,,,,,,,,,,,,,,,,,,,,,,,,,,,
2012-03-08 16:00:00,990.0,19.9,75,0.6,344.0,,,0.0,,,,,,,,,,,,,,,,,,,,,,,,,,,,
2012-03-08 17:00:00,990.4,18.6,79,0.5,310.0,,,0.0,,,,,,,,,,,,,,,,,,,,,,,,,,,,
2012-03-08 18:00:00,989.9,17.0,90,0.8,36.0,,,0.0,,,,,,,,,,,,,,,,,,,,,,,,,,,,
2012-03-08 19:00:00,989.9,17.5,88,0.5,349.0,,,0.0,,,,,,,,,,,,,,,,,,,,,,,,,,,,
2012-03-08 20:00:00,990.7,15.9,92,0.5,353.0,,,0.0,,,,,,,,,,,,,,,,,,,,,,,,,,,,
2012-03-08 21:00:00,991.4,15.8,92,0.7,346.0,,,0.0,,,,,,,,,,,,,,,,,,,,,,,,,,,,
2012-03-08 22:00:00,991.7,16.1,90,0.6,4.0,,,0.0,,,,,,,,,,,,,,,,,,,,,,,,,,,,
2012-03-08 23:00:00,992.7,15.2,93,0.8,27.0,,,0.0,,,,,,,,,,,,,,,,,,,,,,,,,,,,
2012-03-09 00:00:00,993.3,14.8,94,1.4,22.0,,,0.0,,,,,,,,,,,,,,,,,,,,,,,,,,,,
2012-03-09 01:00:00,992.6,15.9,87,1.1,28.0,,,0.0,,,,,,,,,,,,,,,,,,,,,,,,,,,,
2012-03-09 02:00:00,992.7,15.4,86,1.1,30.0,,,0.0,,,,,,,,,,,,,,,,,,,,,,,,,,,,
2012-03-09 03:00:00,992.7,14.4,92,1.0,4.0,,,0.0,,,,,,,,,,,,,,,,,,,,,,,,,,,,
2012-03-09 04:00:00,992.7,14.4,91,0.9,360.0,,,0.0,,,,,,,,,,,,,,,,,,,,,,,,,,,,
2012-03-09 05:00:00,993.8,13.5,90,1.3,22.0,,,0.0,,,,,,,,,,,,,,,,,,,,,,,,,,,,
2012-03-09 06:00:00,994.0,13.0,94,1.4,31.0,,,0.5,,,,,,,,,,,,,,,,,,,,,,,,,,,,
2012-03-09 07:00:00,994.5,13.3,90,1.6,27.0,,,1.0,,,,,,,,,,,,,,,,,,,,,,,,,,,,
2012-03-09 08:00:00,994.5,14.3,89,1.3,13.0,,,0.0,,,,,,,,,,,,,,,,,,,,,,,,,,,,
2012-03-09 09:00:00,994.6,14.3,89,1.0,38.0,,,0.0,,,,,,,,,,,,,,,,,,,,,,,,,,,,
2012-03-09 10:00:00,994.3,16.0,84,0.7,352.0,,,0.0,,,,,,,,,,,,,,,,,,,,,,,,,,,,
2012-03-09 11:00:00,994.2,16.9,81,0.5,5.0,,,0.0,,,,,,,,,,,,,,,,,,,,,,,,,,,,
2012-03-09 12:00:00,994.2,16.5,82,0.9,331.0,,,0.0,,,,,,,,,,,,,,,,,,,,,,,,,,,,
2012-03-09 13:00:00,993.3,16.8,80,0.7,12.0,,,0.0,,,,,,,,,,,,,,,,,,,,,,,,,,,,
2012-03-09 14:00:00,992.5,16.7,80,0.9,346.0,,,0.0,,,,,,,,,,,,,,,,,,,,,,,,,,,,
2012-03-09 15:00:00,992.3,16.3,81,0.8,7.0,,,0.0,,,,,,,,,,,,,,,,,,,,,,,,,,,,
2012-03-09 16:00:00,991.8,17.0,79,0.6,27.0,,,0.0,,,,,,,,,,,,,,,,,,,,,,,,,,,,
2012-03-09 17:00:00,992.7,14.9,85,1.1,18.0,,,0.0,,,,,,,,,,,,,,,,,,,,,,,,,,,,
2012-03-09 18:00:00,993.4,14.3,87,0.9,352.0,,,0.0,,,,,,,,,,,,,,,,,,,,,,,,,,,,
2012-03-09 19:00:00,993.7,14.3,88,0.8,31.0,,,0.0,,,,,,,,,,,,,,,,,,,,,,,,,,,,
2012-03-09 20:00:00,994.4,14.2,87,0.7,6.0,,,0.0,,,,,,,,,,,,,,,,,,,,,,,,,,,,
2012-03-09 21:00:00,994.8,14.2,87,0.7,20.0,,,0.0,,,,,,,,,,,,,,,,,,,,,,,,,,,,
2012-03-09 22:00:00,995.1,13.5,89,0.7,332.0,,,0.0,,,,,,,,,,,,,,,,,,,,,,,,,,,,
2012-03-09 23:00:00,995.5,12.7,90,1.2,29.0,,,0.0,,,,,,,,,,,,,,,,,,,,,,,,,,,,
2012-03-10 00:00:00,995.7,12.6,89,1.0,333.0,,,0.0,,,,,,,,,,,,,,,,,,,,,,,,,,,,
2012-03-10 01:00:00,995.8,12.2,89,1.0,24.0,,,0.0,,,,,,,,,,,,,,,,,,,,,,,,,,,,
2012-03-10 02:00:00,995.4,12.5,87,1.0,354.0,,,0.0,,,,,,,,,,,,,,,,,,,,,,,,,,,,
2012-03-10 03:00:00,995.7,12.0,89,1.4,29.0,,,0.0,,,,,,,,,,,,,,,,,,,,,,,,,,,,
2012-03-10 04:00:00,995.1,12.6,86,1.3,27.0,,,0.0,,,,,,,,,,,,,,,,,,,,,,,,,,,,
2012-03-10 05:00:00,995.2,12.4,87,0.8,33.0,,,0.0,,,,,,,,,,,,,,,,,,,,,,,,,,,,
2012-03-10 06:00:00,995.6,12.0,87,0.7,357.0,,,0.0,,,,,,,,,,,,,,,,,,,,,,,,,,,,
2012-03-10 07:00:00,996.7,11.6,87,0.7,359.0,,,-999.6,,,,,,,,,,,,,,,,,,,,,,,,,,,,
2012-03-10 08:00:00,996.8,12.5,85,0.8,41.0,,,0.0,,,,,,,,,,,,,,,,,,,,,,,,,,,,
2012-03-10 09:00:00,997.5,12.1,90,0.8,38.0,,,0.0,,,,,,,,,,,,,,,,,,,,,,,,,,,,
2012-03-10 10:00:00,997.8,13.1,86,0.5,316.0,,,0.0,,,,,,,,,,,,,,,,,,,,,,,,,,,,
2012-03-10 11:00:00,997.5,13.2,92,0.7,27.0,,,3.5,,,,,,,,,,,,,,,,,,,,,,,,,,,,
2012-03-10 12:00:00,997.0,12.7,94,0.6,36.0,,,0.5,,,,,,,,,,,,,,,,,,,,,,,,,,,,
2012-03-10 13:00:00,996.8,13.7,91,0.8,303.0,,,0.5,,,,,,,,,,,,,,,,,,,,,,,,,,,,
2012-03-10 14:00:00,995.7,13.4,90,0.6,33.0,,,0.0,,,,,,,,,,,,,,,,,,,,,,,,,,,,
2012-03-10 15:00:00,995.4,14.6,85,0.9,9.0,,,0.0,,,,,,,,,,,,,,,,,,,,,,,,,,,,
2012-03-10 16:00:00,995.5,14.3,85,0.7,331.0,,,0.0,,,,,,,,,,,,,,,,,,,,,,,,,,,,
2012-03-10 17:00:00,995.5,13.4,87,0.6,338.0,,,0.0,,,,,,,,,,,,,,,,,,,,,,,,,,,,
2012-03-10 18:00:00,995.6,13.1,88,0.5,346.0,,,0.0,,,,,,,,,,,,,,,,,,,,,,,,,,,,
2012-03-10 19:00:00,996.1,13.1,88,0.7,19.0,,,0.0,,,,,,,,,,,,,,,,,,,,,,,,,,,,
2012-03-10 20:00:00,996.5,13.0,88,0.7,358.0,,,0.0,,,,,,,,,,,,,,,,,,,,,,,,,,,,
2012-03-10 21:00:00,997.0,13.0,87,0.6,360.0,,,0.0,,,,,,,,,,,,,,,,,,,,,,,,,,,,
2012-03-10 22:00:00,997.9,12.7,88,0.9,341.0,,,0.0,,,,,,,,,,,,,,,,,,,,,,,,,,,,
2012-03-10 23:00:00,997.3,12.5,91,0.7,34.0,,,0.0,,,,,,,,,,,,,,,,,,,,,,,,,,,,
2012-03-11 00:00:00,997.3,13.8,86,0.5,298.0,,,0.0,,,,,,,,,,,,,,,,,,,,,,,,,,,,
2012-03-11 01:00:00,997.5,12.7,88,1.0,16.0,,,0.0,,,,,,,,,,,,,,,,,,,,,,,,,,,,
2012-03-11 02:00:00,997.2,13.4,87,0.9,18.0,,,0.0,,,,,,,,,,,,,,,,,,,,,,,,,,,,
2012-03-11 03:00:00,996.8,13.3,87,0.8,37.0,,,0.0,,,,,,,,,,,,,,,,,,,,,,,,,,,,
2012-03-11 04:00:00,997.1,13.2,87,0.6,16.0,,,0.0,,,,,,,,,,,,,,,,,,,,,,,,,,,,
2012-03-11 05:00:00,997.3,13.2,88,0.7,24.0,,,0.0,,,,,,,,,,,,,,,,,,,,,,,,,,,,
2012-03-11 06:00:00,997.5,13.3,89,0.7,34.0,,,0.5,,,,,,,,,,,,,,,,,,,,,,,,,,,,
2012-03-11 07:00:00,997.3,14.4,87,0.1,0.0,,,0.0,,,,,,,,,,,,,,,,,,,,,,,,,,,,
2012-03-11 08:00:00,997.3,13.8,86,0.6,25.0,,,0.0,,,,,,,,,,,,,,,,,,,,,,,,,,,,
2012-03-11 09:00:00,998.6,12.9,90,0.5,13.0,,,0.0,,,,,,,,,,,,,,,,,,,,,,,,,,,,
2012-03-11 10:00:00,999.6,12.7,94,0.6,13.0,,,1.5,,,,,,,,,,,,,,,,,,,,,,,,,,,,
2012-03-11 11:00:00,999.2,14.8,87,0.4,23.0,,,0.5,,,,,,,,,,,,,,,,,,,,,,,,,,,,
2012-03-11 12:00:00,998.3,15.0,83,0.5,22.0,,,0.0,,,,,,,,,,,,,,,,,,,,,,,,,,,,
2012-03-11 13:00:00,997.8,14.9,82,1.0,342.0,,,0.0,,,,,,,,,,,,,,,,,,,,,,,,,,,,
2012-03-11 14:00:00,997.3,15.0,81,0.8,32.0,,,0.0,,,,,,,,,,,,,,,,,,,,,,,,,,,,
2012-03-11 15:00:00,997.0,14.6,81,0.7,36.0,,,0.0,,,,,,,,,,,,,,,,,,,,,,,,,,,,
2012-03-11 16:00:00,997.0,13.7,91,0.7,26.0,,,0.0,,,,,,,,,,,,,,,,,,,,,,,,,,,,
2012-03-11 17:00:00,997.6,12.9,94,0.8,18.0,,,0.0,,,,,,,,,,,,,,,,,,,,,,,,,,,,
2012-03-11 18:00:00,997.1,13.2,95,0.5,20.0,,,4.5,,,,,,,,,,,,,,,,,,,,,,,,,,,,
2012-03-11 19:00:00,997.0,13.2,93,0.5,16.0,,,0.0,,,,,,,,,,,,,,,,,,,,,,,,,,,,
2012-03-11 20:00:00,998.4,12.8,95,0.5,345.0,,,1.0,,,,,,,,,,,,,,,,,,,,,,,,,,,,
2012-03-11 21:00:00,999.2,12.7,95,0.6,14.0,,,4.0,,,,,,,,,,,,,,,,,,,,,,,,,,,,
2012-03-11 22:00:00,999.2,12.7,97,0.5,316.0,,,1.0,,,,,,,,,,,,,,,,,,,,,,,,,,,,
2012-03-11 23:00:00,999.3,12.4,97,0.6,14.0,,,0.5,,,,,,,,,,,,,,,,,,,,,,,,,,,,
2012-03-12 00:00:00,999.3,12.7,96,0.4,352.0,,,0.5,,,,,,,,,,,,,,,,,,,,,,,,,,,,
2012-03-12 01:00:00,998.5,12.6,96,0.6,42.0,,,1.0,,,,,,,,,,,,,,,,,,,,,,,,,,,,
2012-03-12 02:00:00,998.3,13.2,96,0.5,358.0,,,0.5,,,,,,,,,,,,,,,,,,,,,,,,,,,,
2012-03-12 03:00:00,998.5,12.9,95,0.4,33.0,,,1.0,,,,,,,,,,,,,,,,,,,,,,,,,,,,
2012-03-12 04:00:00,999.0,12.8,96,0.5,10.0,,,2.0,,,,,,,,,,,,,,,,,,,,,,,,,,,,
2012-03-12 05:00:00,999.3,13.1,96,0.4,286.0,,,3.0,,,,,,,,,,,,,,,,,,,,,,,,,,,,
2012-03-12 06:00:00,999.3,13.3,98,0.2,0.0,,,3.0,,,,,,,,,,,,,,,,,,,,,,,,,,,,
2012-03-12 07:00:00,999.7,13.5,96,0.3,18.0,,,0.0,,,,,,,,,,,,,,,,,,,,,,,,,,,,
2012-03-12 08:00:00,1000.2,13.8,94,0.4,23.0,,,0.0,,,,,,,,,,,,,,,,,,,,,,,,,,,,
2012-03-12 09:00:00,1000.2,14.7,91,0.6,43.0,,,0.0,,,,,,,,,,,,,,,,,,,,,,,,,,,,
2012-03-12 10:00:00,1000.1,15.7,85,0.7,43.0,,,0.0,,,,,,,,,,,,,,,,,,,,,,,,,,,,
2012-03-12 11:00:00,1000.1,16.7,83,0.5,15.0,,,0.0,,,,,,,,,,,,,,,,,,,,,,,,,,,,
2012-03-12 12:00:00,999.3,17.1,79,0.5,251.0,,,0.0,,,,,,,,,,,,,,,,,,,,,,,,,,,,
2012-03-12 13:00:00,999.3,16.6,81,0.3,46.0,,,0.0,,,,,,,,,,,,,,,,,,,,,,,,,,,,
2012-03-12 14:00:00,998.7,16.5,81,0.5,331.0,,,0.0,,,,,,,,,,,,,,,,,,,,,,,,,,,,
2012-03-12 15:00:00,998.3,15.0,89,0.5,340.0,,,0.0,,,,,,,,,,,,,,,,,,,,,,,,,,,,
2012-03-12 16:00:00,998.3,14.5,93,0.6,344.0,,,0.0,,,,,,,,,,,,,,,,,,,,,,,,,,,,
2012-03-12 17:00:00,998.5,14.3,94,0.6,1.0,,,0.0,,,,,,,,,,,,,,,,,,,,,,,,,,,,
2012-03-12 18:00:00,999.2,14.1,96,0.5,17.0,,,0.5,,,,,,,,,,,,,,,,,,,,,,,,,,,,
2012-03-12 19:00:00,998.6,14.3,93,0.7,27.0,,,0.5,,,,,,,,,,,,,,,,,,,,,,,,,,,,
2012-03-12 20:00:00,999.7,13.8,95,0.5,5.0,,,0.0,,,,,,,,,,,,,,,,,,,,,,,,,,,,
2012-03-12 21:00:00,999.8,13.9,95,0.5,17.0,,,0.5,,,,,,,,,,,,,,,,,,,,,,,,,,,,
2012-03-12 22:00:00,1000.0,13.8,94,0.8,351.0,,,0.0,,,,,,,,,,,,,,,,,,,,,,,,,,,,
2012-03-12 23:00:00,999.8,13.3,97,0.5,327.0,,,0.0,,,,,,,,,,,,,,,,,,,,,,,,,,,,
2012-03-13 00:00:00,1000.3,13.5,97,0.7,23.0,,,0.0,,,,,,,,,,,,,,,,,,,,,,,,,,,,
2012-03-13 01:00:00,1000.5,13.3,97,0.7,323.0,,,0.0,,,,,,,,,,,,,,,,,,,,,,,,,,,,
2012-03-13 02:00:00,1000.3,13.5,96,0.7,38.0,,,0.0,,,,,,,,,,,,,,,,,,,,,,,,,,,,
2012-03-13 03:00:00,1000.5,13.3,96,0.6,352.0,,,0.0,,,,,,,,,,,,,,,,,,,,,,,,,,,,
2012-03-13 04:00:00,1000.5,13.5,95,0.8,31.0,,,0.0,,,,,,,,,,,,,,,,,,,,,,,,,,,,
2012-03-13 05:00:00,1000.5,13.6,95,0.6,360.0,,,-999.6,,,,,,,,,,,,,,,,,,,,,,,,,,,,
2012-03-13 06:00:00,1000.0,13.7,97,0.4,77.0,,,2.5,,,,,,,,,,,,,,,,,,,,,,,,,,,,
2012-03-13 07:00:00,1000.8,13.7,96,0.4,261.0,,,0.0,,,,,,,,,,,,,,,,,,,,,,,,,,,,
2012-03-13 08:00:00,1001.2,14.1,94,0.6,31.0,,,0.0,,,,,,,,,,,,,,,,,,,,,,,,,,,,
2012-03-13 09:00:00,1000.8,17.0,80,0.8,324.0,,,0.0,,,,,,,,,,,,,,,,,,,,,,,,,,,,
2012-03-13 10:00:00,1000.9,15.4,87,0.6,332.0,,,0.0,,,,,,,,,,,,,,,,,,,,,,,,,,,,
2012-03-13 11:00:00,1000.6,16.6,83,0.5,345.0,,,-999.6,,,,,,,,,,,,,,,,,,,,,,,,,,,,
2012-03-13 12:00:00,1000.2,17.7,81,0.8,329.0,,,0.0,,,,,,,,,,,,,,,,,,,,,,,,,,,,
2012-03-13 13:00:00,999.7,15.9,86,0.9,350.0,,,0.0,,,,,,,,,,,,,,,,,,,,,,,,,,,,
2012-03-13 14:00:00,998.4,18.7,74,0.7,329.0,,,0.0,,,,,,,,,,,,,,,,,,,,,,,,,,,,
2012-03-13 15:00:00,998.4,16.1,82,0.7,360.0,,,0.0,,,,,,,,,,,,,,,,,,,,,,,,,,,,
2012-03-13 16:00:00,998.3,16.6,83,0.5,351.0,,,0.0,,,,,,,,,,,,,,,,,,,,,,,,,,,,
2012-03-13 17:00:00,998.4,16.0,84,0.6,41.0,,,0.0,,,,,,,,,,,,,,,,,,,,,,,,,,,,
2012-03-13 18:00:00,999.1,15.2,89,0.5,10.0,,,0.0,,,,,,,,,,,,,,,,,,,,,,,,,,,,
2012-03-13 19:00:00,999.3,14.9,92,0.6,16.0,,,0.0,,,,,,,,,,,,,,,,,,,,,,,,,,,,
2012-03-13 20:00:00,999.7,14.5,93,0.8,356.0,,,0.0,,,,,,,,,,,,,,,,,,,,,,,,,,,,
2012-03-13 21:00:00,999.5,15.1,91,0.7,25.0,,,0.0,,,,,,,,,,,,,,,,,,,,,,,,,,,,
2012-03-13 22:00:00,999.8,14.6,92,0.6,299.0,,,0.0,,,,,,,,,,,,,,,,,,,,,,,,,,,,
2012-03-13 23:00:00,999.7,14.4,97,0.5,34.0,,,2.5,,,,,,,,,,,,,,,,,,,,,,,,,,,,
2012-03-14 00:00:00,999.1,14.9,97,0.1,0.0,,,0.0,,,,,,,,,,,,,,,,,,,,,,,,,,,,
2012-03-14 01:00:00,999.0,14.5,98,0.7,327.0,,,0.0,,,,,,,,,,,,,,,,,,,,,,,,,,,,
2012-03-14 02:00:00,998.6,14.3,98,0.8,287.0,,,0.0,,,,,,,,,,,,,,,,,,,,,,,,,,,,
2012-03-14 03:00:00,998.0,14.3,99,0.8,39.0,,,0.0,,,,,,,,,,,,,,,,,,,,,,,,,,,,
2012-03-14 04:00:00,998.2,14.5,99,0.9,15.0,,,0.0,,,,,,,,,,,,,,,,,,,,,,,,,,,,
2012-03-14 05:00:00,998.1,14.8,99,0.4,229.0,,,0.0,,,,,,,,,,,,,,,,,,,,,,,,,,,,
2012-03-14 06:00:00,998.5,14.7,99,0.5,342.0,,,0.0,,,,,,,,,,,,,,,,,,,,,,,,,,,,
2012-03-14 07:00:00,998.7,15.1,99,0.8,57.0,,,0.0,,,,,,,,,,,,,,,,,,,,,,,,,,,,
2012-03-14 08:00:00,998.6,16.2,96,0.4,285.0,,,0.0,,,,,,,,,,,,,,,,,,,,,,,,,,,,
2012-03-14 09:00:00,999.2,18.6,85,0.2,0.0,,,0.0,,,,,,,,,,,,,,,,,,,,,,,,,,,,
2012-03-14 10:00:00,999.9,16.4,93,0.7,321.0,,,0.0,,,,,,,,,,,,,,,,,,,,,,,,,,,,
2012-03-14 11:00:00,999.9,17.8,87,0.4,327.0,,,0.0,,,,,,,,,,,,,,,,,,,,,,,,,,,,
2012-03-14 12:00:00,999.6,17.0,88,0.5,337.0,,,0.0,,,,,,,,,,,,,,,,,,,,,,,,,,,,
2012-03-14 13:00:00,999.2,17.2,88,0.5,331.0,,,0.0,,,,,,,,,,,,,,,,,,,,,,,,,,,,
2012-03-14 14:00:00,998.9,17.4,89,0.4,331.0,,,0.0,,,,,,,,,,,,,,,,,,,,,,,,,,,,
2012-03-14 15:00:00,998.4,18.3,88,0.3,344.0,,,0.0,,,,,,,,,,,,,,,,,,,,,,,,,,,,
2012-03-14 16:00:00,997.8,19.7,87,0.2,0.0,,,0.0,,,,,,,,,,,,,,,,,,,,,,,,,,,,
2012-03-14 17:00:00,997.4,18.7,89,0.5,274.0,,,0.0,,,,,,,,,,,,,,,,,,,,,,,,,,,,
2012-03-14 18:00:00,997.2,18.2,91,0.4,26.0,,,0.0,,,,,,,,,,,,,,,,,,,,,,,,,,,,
2012-03-14 19:00:00,997.0,17.0,94,0.3,303.0,,,0.0,,,,,,,,,,,,,,,,,,,,,,,,,,,,
2012-03-14 20:00:00,996.7,16.3,99,0.5,8.0,,,0.0,,,,,,,,,,,,,,,,,,,,,,,,,,,,
2012-03-14 21:00:00,997.0,16.0,98,0.4,335.0,,,0.0,,,,,,,,,,,,,,,,,,,,,,,,,,,,
2012-03-14 22:00:00,997.6,15.8,98,0.4,11.0,,,0.0,,,,,,,,,,,,,,,,,,,,,,,,,,,,
2012-03-14 23:00:00,997.7,15.4,99,0.6,323.0,,,0.0,,,,,,,,,,,,,,,,,,,,,,,,,,,,
2012-03-15 00:00:00,998.0,15.4,99,0.4,348.0,,,-999.6,,,,,,,,,,,,,,,,,,,,,,,,,,,,
2012-03-15 01:00:00,997.5,15.3,99,0.4,14.0,,,0.0,,,,,,,,,,,,,,,,,,,,,,,,,,,,
2012-03-15 02:00:00,997.2,15.4,99,0.6,40.0,,,0.0,,,,,,,,,,,,,,,,,,,,,,,,,,,,
2012-03-15 03:00:00,997.0,15.8,97,0.1,0.0,,,0.0,,,,,,,,,,,,,,,,,,,,,,,,,,,,
2012-03-15 04:00:00,997.4,15.6,98,0.4,66.0,,,0.0,,,,,,,,,,,,,,,,,,,,,,,,,,,,
2012-03-15 05:00:00,997.7,15.6,98,0.5,36.0,,,0.0,,,,,,,,,,,,,,,,,,,,,,,,,,,,
2012-03-15 06:00:00,997.7,15.3,99,0.1,0.0,,,0.0,,,,,,,,,,,,,,,,,,,,,,,,,,,,
2012-03-15 07:00:00,998.3,15.6,99,0.0,0.0,,,0.0,,,,,,,,,,,,,,,,,,,,,,,,,,,,
2012-03-15 08:00:00,998.6,16.2,97,0.8,344.0,,,0.0,,,,,,,,,,,,,,,,,,,,,,,,,,,,
2012-03-15 09:00:00,998.7,19.2,84,0.7,311.0,,,0.0,,,,,,,,,,,,,,,,,,,,,,,,,,,,
2012-03-15 10:00:00,998.7,19.0,82,1.1,295.0,,,0.0,,,,,,,,,,,,,,,,,,,,,,,,,,,,
2012-03-15 11:00:00,998.4,19.7,79,1.1,287.0,,,0.0,,,,,,,,,,,,,,,,,,,,,,,,,,,,
2012-03-15 12:00:00,997.7,19.8,77,1.0,298.0,,,0.0,,,,,,,,,,,,,,,,,,,,,,,,,,,,
2012-03-15 13:00:00,996.3,22.7,70,0.8,347.0,,,0.0,,,,,,,,,,,,,,,,,,,,,,,,,,,,
2012-03-15 14:00:00,995.4,25.4,64,0.7,310.0,,,0.0,,,,,,,,,,,,,,,,,,,,,,,,,,,,
2012-03-15 15:00:00,994.8,24.8,64,1.0,327.0,,,0.0,,,,,,,,,,,,,,,,,,,,,,,,,,,,
2012-03-15 16:00:00,995.1,22.1,73,0.9,320.0,,,0.0,,,,,,,,,,,,,,,,,,,,,,,,,,,,
2012-03-15 17:00:00,994.9,20.6,79,0.7,300.0,,,0.0,,,,,,,,,,,,,,,,,,,,,,,,,,,,
2012-03-15 18:00:00,995.2,19.0,87,0.8,323.0,,,0.0,,,,,,,,,,,,,,,,,,,,,,,,,,,,
2012-03-15 19:00:00,995.1,19.2,87,0.6,25.0,,,0.0,,,,,,,,,,,,,,,,,,,,,,,,,,,,
2012-03-15 20:00:00,995.6,17.7,93,0.7,329.0,,,0.0,,,,,,,,,,,,,,,,,,,,,,,,,,,,
2012-03-15 21:00:00,996.5,16.5,99,0.7,332.0,,,0.0,,,,,,,,,,,,,,,,,,,,,,,,,,,,
2012-03-15 22:00:00,996.6,16.5,99,0.1,0.0,,,0.0,,,,,,,,,,,,,,,,,,,,,,,,,,,,
2012-03-15 23:00:00,996.3,17.0,99,0.1,0.0,,,0.0,,,,,,,,,,,,,,,,,,,,,,,,,,,,
2012-03-16 00:00:00,996.1,17.1,98,0.2,0.0,,,0.0,,,,,,,,,,,,,,,,,,,,,,,,,,,,
2012-03-16 01:00:00,995.2,16.4,99,0.0,0.0,,,0.0,,,,,,,,,,,,,,,,,,,,,,,,,,,,
2012-03-16 02:00:00,994.6,16.8,99,0.5,68.0,,,0.0,,,,,,,,,,,,,,,,,,,,,,,,,,,,
2012-03-16 03:00:00,994.2,16.8,99,0.0,0.0,,,0.0,,,,,,,,,,,,,,,,,,,,,,,,,,,,
2012-03-16 04:00:00,994.0,16.7,99,0.0,0.0,,,0.0,,,,,,,,,,,,,,,,,,,,,,,,,,,,
2012-03-16 05:00:00,994.2,16.9,99,0.0,0.0,,,0.0,,,,,,,,,,,,,,,,,,,,,,,,,,,,
2012-03-16 06:00:00,994.9,17.1,99,0.0,0.0,,,0.0,,,,,,,,,,,,,,,,,,,,,,,,,,,,
2012-03-16 07:00:00,995.1,18.0,97,0.1,0.0,,,0.0,,,,,,,,,,,,,,,,,,,,,,,,,,,,
2012-03-16 08:00:00,995.6,22.3,76,0.3,223.0,,,0.0,,,,,,,,,,,,,,,,,,,,,,,,,,,,
2012-03-16 09:00:00,995.9,24.6,65,0.4,176.0,,,0.0,,,,,,,,,,,,,,,,,,,,,,,,,,,,
2012-03-16 10:00:00,996.1,26.8,59,0.5,252.0,,,0.0,,,,,,,,,,,,,,,,,,,,,,,,,,,,
2012-03-16 11:00:00,995.8,29.0,51,0.9,241.0,,,0.0,,,,,,,,,,,,,,,,,,,,,,,,,,,,
2012-03-16 12:00:00,994.8,29.5,51,0.9,223.0,,,0.0,,,,,,,,,,,,,,,,,,,,,,,,,,,,
2012-03-16 13:00:00,994.1,30.9,44,1.0,241.0,,,-999.6,,,,,,,,,,,,,,,,,,,,,,,,,,,,
2012-03-16 14:00:00,993.2,30.7,47,0.9,241.0,,,0.0,,,,,,,,,,,,,,,,,,,,,,,,,,,,
2012-03-16 15:00:00,992.6,30.4,50,1.0,242.0,,,0.0,,,,,,,,,,,,,,,,,,,,,,,,,,,,
2012-03-16 16:00:00,992.7,29.6,57,1.1,244.0,,,0.0,,,,,,,,,,,,,,,,,,,,,,,,,,,,
2012-03-16 17:00:00,993.0,26.5,66,0.4,301.0,,,0.0,,,,,,,,,,,,,,,,,,,,,,,,,,,,
2012-03-16 18:00:00,993.0,25.5,68,0.1,0.0,,,0.0,,,,,,,,,,,,,,,,,,,,,,,,,,,,
2012-03-16 19:00:00,993.2,24.8,73,0.5,174.0,,,0.0,,,,,,,,,,,,,,,,,,,,,,,,,,,,
2012-03-16 20:00:00,993.6,24.2,78,0.1,0.0,,,0.0,,,,,,,,,,,,,,,,,,,,,,,,,,,,
2012-03-16 21:00:00,993.7,23.5,82,0.0,0.0,,,0.0,,,,,,,,,,,,,,,,,,,,,,,,,,,,
2012-03-16 22:00:00,993.7,23.2,85,0.0,0.0,,,0.0,,,,,,,,,,,,,,,,,,,,,,,,,,,,
2012-03-16 23:00:00,993.6,23.3,86,0.0,0.0,,,0.0,,,,,,,,,,,,,,,,,,,,,,,,,,,,
2012-03-17 00:00:00,993.4,23.2,88,0.0,0.0,,,0.0,,,,,,,,,,,,,,,,,,,,,,,,,,,,
2012-03-17 01:00:00,993.2,23.5,87,0.3,110.0,,,0.0,,,,,,,,,,,,,,,,,,,,,,,,,,,,
2012-03-17 02:00:00,992.7,23.2,86,0.1,0.0,,,0.0,,,,,,,,,,,,,,,,,,,,,,,,,,,,
2012-03-17 03:00:00,992.6,23.0,87,0.0,0.0,,,0.0,,,,,,,,,,,,,,,,,,,,,,,,,,,,
2012-03-17 04:00:00,992.6,22.7,90,0.0,0.0,,,0.0,,,,,,,,,,,,,,,,,,,,,,,,,,,,
2012-03-17 05:00:00,992.9,22.3,93,0.0,0.0,,,0.0,,,,,,,,,,,,,,,,,,,,,,,,,,,,
2012-03-17 06:00:00,993.4,22.0,96,0.0,0.0,,,0.0,,,,,,,,,,,,,,,,,,,,,,,,,,,,
2012-03-17 07:00:00,993.7,22.7,92,0.2,0.0,,,0.0,,,,,,,,,,,,,,,,,,,,,,,,,,,,
2012-03-17 08:00:00,994.2,25.5,74,0.3,178.0,,,0.0,,,,,,,,,,,,,,,,,,,,,,,,,,,,
2012-03-17 09:00:00,994.2,28.0,64,0.4,200.0,,,0.0,,,,,,,,,,,,,,,,,,,,,,,,,,,,
2012-03-17 10:00:00,994.1,30.1,56,0.8,222.0,,,0.0,,,,,,,,,,,,,,,,,,,,,,,,,,,,
2012-03-17 11:00:00,993.8,30.4,53,0.7,236.0,,,0.0,,,,,,,,,,,,,,,,,,,,,,,,,,,,
2012-03-17 12:00:00,993.3,31.3,49,0.8,247.0,,,0.0,,,,,,,,,,,,,,,,,,,,,,,,,,,,
2012-03-17 13:00:00,992.3,30.5,59,1.1,287.0,,,0.0,,,,,,,,,,,,,,,,,,,,,,,,,,,,
2012-03-17 14:00:00,991.7,30.4,60,1.0,242.0,,,0.0,,,,,,,,,,,,,,,,,,,,,,,,,,,,
2012-03-17 15:00:00,991.5,29.8,66,0.7,270.0,,,0.0,,,,,,,,,,,,,,,,,,,,,,,,,,,,
2012-03-17 16:00:00,991.7,28.9,71,0.7,234.0,,,0.0,,,,,,,,,,,,,,,,,,,,,,,,,,,,
2012-03-17 17:00:00,992.0,27.2,78,0.5,246.0,,,0.0,,,,,,,,,,,,,,,,,,,,,,,,,,,,
2012-03-17 18:00:00,992.8,26.4,81,0.4,236.0,,,0.0,,,,,,,,,,,,,,,,,,,,,,,,,,,,
2012-03-17 19:00:00,993.2,26.2,83,0.6,238.0,,,0.0,,,,,,,,,,,,,,,,,,,,,,,,,,,,
2012-03-17 20:00:00,993.7,26.2,83,0.3,251.0,,,0.0,,,,,,,,,,,,,,,,,,,,,,,,,,,,
2012-03-17 21:00:00,994.0,26.2,83,0.2,0.0,,,0.0,,,,,,,,,,,,,,,,,,,,,,,,,,,,
2012-03-17 22:00:00,994.2,26.0,86,0.3,204.0,,,0.0,,,,,,,,,,,,,,,,,,,,,,,,,,,,
2012-03-17 23:00:00,994.5,25.9,86,0.4,243.0,,,0.0,,,,,,,,,,,,,,,,,,,,,,,,,,,,
2012-03-18 00:00:00,994.3,25.6,87,0.1,0.0,,,0.0,,,,,,,,,,,,,,,,,,,,,,,,,,,,
2012-03-18 01:00:00,993.6,25.5,87,0.2,0.0,,,0.0,,,,,,,,,,,,,,,,,,,,,,,,,,,,
2012-03-18 02:00:00,993.3,25.2,90,0.1,0.0,,,0.0,,,,,,,,,,,,,,,,,,,,,,,,,,,,
2012-03-18 03:00:00,992.7,25.0,91,0.3,92.0,,,0.0,,,,,,,,,,,,,,,,,,,,,,,,,,,,
2012-03-18 04:00:00,992.1,24.7,90,0.5,125.0,,,0.0,,,,,,,,,,,,,,,,,,,,,,,,,,,,
2012-03-18 05:00:00,992.6,24.4,92,0.1,0.0,,,0.0,,,,,,,,,,,,,,,,,,,,,,,,,,,,
2012-03-18 06:00:00,993.6,23.8,95,0.0,0.0,,,0.0,,,,,,,,,,,,,,,,,,,,,,,,,,,,
2012-03-18 07:00:00,994.4,24.6,91,0.5,138.0,,,0.0,,,,,,,,,,,,,,,,,,,,,,,,,,,,
2012-03-18 08:00:00,994.5,26.6,77,0.6,213.0,,,0.0,,,,,,,,,,,,,,,,,,,,,,,,,,,,
2012-03-18 09:00:00,995.0,28.5,69,0.7,239.0,,,0.0,,,,,,,,,,,,,,,,,,,,,,,,,,,,
2012-03-18 10:00:00,995.5,28.5,69,1.1,250.0,,,0.0,,,,,,,,,,,,,,,,,,,,,,,,,,,,
2012-03-18 11:00:00,995.1,30.5,61,1.1,234.0,,,0.0,,,,,,,,,,,,,,,,,,,,,,,,,,,,
2012-03-18 12:00:00,994.7,31.5,57,1.0,242.0,,,0.0,,,,,,,,,,,,,,,,,,,,,,,,,,,,
2012-03-18 13:00:00,994.3,28.7,75,1.3,274.0,,,0.0,,,,,,,,,,,,,,,,,,,,,,,,,,,,
2012-03-18 14:00:00,994.3,25.4,88,1.1,331.0,,,0.0,,,,,,,,,,,,,,,,,,,,,,,,,,,,
2012-03-18 15:00:00,993.6,25.8,85,0.9,15.0,,,0.0,,,,,,,,,,,,,,,,,,,,,,,,,,,,
2012-03-18 16:00:00,993.3,25.3,87,1.1,24.0,,,0.0,,,,,,,,,,,,,,,,,,,,,,,,,,,,
2012-03-18 17:00:00,993.3,25.3,86,0.8,336.0,,,0.0,,,,,,,,,,,,,,,,,,,,,,,,,,,,
2012-03-18 18:00:00,993.7,25.0,87,0.8,351.0,,,0.0,,,,,,,,,,,,,,,,,,,,,,,,,,,,
2012-03-18 19:00:00,993.9,24.7,85,1.1,23.0,,,0.0,,,,,,,,,,,,,,,,,,,,,,,,,,,,
2012-03-18 20:00:00,993.9,24.1,87,0.6,27.0,,,0.0,,,,,,,,,,,,,,,,,,,,,,,,,,,,
2012-03-18 21:00:00,993.7,23.6,89,0.5,320.0,,,0.0,,,,,,,,,,,,,,,,,,,,,,,,,,,,
2012-03-18 22:00:00,994.3,23.0,93,0.5,313.0,,,0.0,,,,,,,,,,,,,,,,,,,,,,,,,,,,
2012-03-18 23:00:00,994.3,22.1,98,0.4,35.0,,,0.0,,,,,,,,,,,,,,,,,,,,,,,,,,,,
2012-03-19 00:00:00,994.2,21.9,99,0.5,346.0,,,0.0,,,,,,,,,,,,,,,,,,,,,,,,,,,,
2012-03-19 01:00:00,993.7,21.4,97,0.5,316.0,,,0.0,,,,,,,,,,,,,,,,,,,,,,,,,,,,
2012-03-19 02:00:00,993.7,20.9,98,0.7,350.0,,,0.0,,,,,,,,,,,,,,,,,,,,,,,,,,,,
2012-03-19 03:00:00,993.9,20.9,99,0.4,304.0,,,0.0,,,,,,,,,,,,,,,,,,,,,,,,,,,,
2012-03-19 04:00:00,994.2,20.0,99,0.6,321.0,,,0.0,,,,,,,,,,,,,,,,,,,,,,,,,,,,
2012-03-19 05:00:00,994.6,19.9,99,0.7,334.0,,,0.0,,,,,,,,,,,,,,,,,,,,,,,,,,,,
2012-03-19 06:00:00,995.2,19.7,99,0.5,27.0,,,0.0,,,,,,,,,,,,,,,,,,,,,,,,,,,,
2012-03-19 07:00:00,995.6,20.1,95,0.8,335.0,,,0.0,,,,,,,,,,,,,,,,,,,,,,,,,,,,
2012-03-19 08:00:00,996.2,20.7,90,0.7,9.0,,,0.0,,,,,,,,,,,,,,,,,,,,,,,,,,,,
2012-03-19 09:00:00,996.4,20.6,87,0.6,26.0,,,0.0,,,,,,,,,,,,,,,,,,,,,,,,,,,,
2012-03-19 10:00:00,995.9,25.4,70,0.6,141.0,,,0.0,,,,,,,,,,,,,,,,,,,,,,,,,,,,
2012-03-19 11:00:00,995.5,27.5,67,0.7,289.0,,,0.0,,,,,,,,,,,,,,,,,,,,,,,,,,,,
2012-03-19 12:00:00,995.1,26.5,67,1.1,317.0,,,0.0,,,,,,,,,,,,,,,,,,,,,,,,,,,,
2012-03-19 13:00:00,994.4,26.5,67,1.3,327.0,,,0.0,,,,,,,,,,,,,,,,,,,,,,,,,,,,
2012-03-19 14:00:00,993.8,25.9,68,1.3,323.0,,,0.0,,,,,,,,,,,,,,,,,,,,,,,,,,,,
2012-03-19 15:00:00,993.6,24.0,72,1.4,340.0,,,0.0,,,,,,,,,,,,,,,,,,,,,,,,,,,,
2012-03-19 16:00:00,993.6,22.6,74,1.1,337.0,,,0.0,,,,,,,,,,,,,,,,,,,,,,,,,,,,
2012-03-19 17:00:00,993.6,20.8,78,1.0,355.0,,,0.0,,,,,,,,,,,,,,,,,,,,,,,,,,,,
2012-03-19 18:00:00,993.6,22.2,76,0.6,326.0,,,0.0,,,,,,,,,,,,,,,,,,,,,,,,,,,,
2012-03-19 19:00:00,994.1,22.3,76,0.5,1.0,,,0.0,,,,,,,,,,,,,,,,,,,,,,,,,,,,
2012-03-19 20:00:00,994.3,22.4,75,0.2,0.0,,,0.0,,,,,,,,,,,,,,,,,,,,,,,,,,,,
2012-03-19 21:00:00,994.5,22.2,75,0.2,0.0,,,0.0,,,,,,,,,,,,,,,,,,,,,,,,,,,,
2012-03-19 22:00:00,994.8,21.5,78,0.3,293.0,,,0.0,,,,,,,,,,,,,,,,,,,,,,,,,,,,
2012-03-19 23:00:00,994.8,20.0,85,0.5,329.0,,,0.0,,,,,,,,,,,,,,,,,,,,,,,,,,,,
2012-03-20 00:00:00,994.8,20.9,83,0.5,324.0,,,0.0,,,,,,,,,,,,,,,,,,,,,,,,,,,,
2012-03-20 01:00:00,994.2,21.4,82,0.2,0.0,,,0.0,,,,,,,,,,,,,,,,,,,,,,,,,,,,
2012-03-20 02:00:00,994.3,19.6,89,1.0,326.0,,,0.0,,,,,,,,,,,,,,,,,,,,,,,,,,,,
2012-03-20 03:00:00,993.5,19.8,89,0.8,46.0,,,0.0,,,,,,,,,,,,,,,,,,,,,,,,,,,,
2012-03-20 04:00:00,993.2,20.0,88,0.5,13.0,,,0.0,,,,,,,,,,,,,,,,,,,,,,,,,,,,
2012-03-20 05:00:00,993.3,19.6,92,0.7,344.0,,,0.0,,,,,,,,,,,,,,,,,,,,,,,,,,,,
2012-03-20 06:00:00,993.5,19.5,89,1.0,33.0,,,0.0,,,,,,,,,,,,,,,,,,,,,,,,,,,,
2012-03-20 07:00:00,994.0,19.8,87,0.4,30.0,,,0.0,,,,,,,,,,,,,,,,,,,,,,,,,,,,
2012-03-20 08:00:00,995.1,21.2,81,0.6,18.0,,,0.0,,,,,,,,,,,,,,,,,,,,,,,,,,,,
2012-03-20 09:00:00,995.4,24.3,70,0.5,33.0,,,0.0,,,,,,,,,,,,,,,,,,,,,,,,,,,,
2012-03-20 10:00:00,995.8,26.9,61,0.8,278.0,,,0.0,,,,,,,,,,,,,,,,,,,,,,,,,,,,
2012-03-20 11:00:00,995.9,27.1,60,1.0,249.0,,,0.0,,,,,,,,,,,,,,,,,,,,,,,,,,,,
2012-03-20 12:00:00,996.4,24.8,70,1.2,335.0,,,0.0,,,,,,,,,,,,,,,,,,,,,,,,,,,,
2012-03-20 13:00:00,995.6,23.2,74,1.1,9.0,,,0.0,,,,,,,,,,,,,,,,,,,,,,,,,,,,
2012-03-20 14:00:00,994.6,25.0,67,0.9,34.0,,,-999.6,,,,,,,,,,,,,,,,,,,,,,,,,,,,
2012-03-20 15:00:00,993.9,24.6,68,0.9,339.0,,,0.0,,,,,,,,,,,,,,,,,,,,,,,,,,,,
2012-03-20 16:00:00,993.9,22.7,75,0.8,345.0,,,0.0,,,,,,,,,,,,,,,,,,,,,,,,,,,,
2012-03-20 17:00:00,993.6,22.3,75,0.8,322.0,,,0.0,,,,,,,,,,,,,,,,,,,,,,,,,,,,
2012-03-20 18:00:00,993.7,21.6,78,0.8,330.0,,,0.0,,,,,,,,,,,,,,,,,,,,,,,,,,,,
2012-03-20 19:00:00,993.7,21.2,79,0.5,4.0,,,0.0,,,,,,,,,,,,,,,,,,,,,,,,,,,,
2012-03-20 20:00:00,994.2,19.6,83,0.7,318.0,,,0.0,,,,,,,,,,,,,,,,,,,,,,,,,,,,
2012-03-20 21:00:00,994.8,18.6,86,0.7,27.0,,,0.0,,,,,,,,,,,,,,,,,,,,,,,,,,,,
2012-03-20 22:00:00,995.1,18.2,87,0.9,10.0,,,0.0,,,,,,,,,,,,,,,,,,,,,,,,,,,,
2012-03-20 23:00:00,995.2,17.6,88,0.8,360.0,,,0.0,,,,,,,,,,,,,,,,,,,,,,,,,,,,
2012-03-21 00:00:00,995.1,17.7,86,0.9,20.0,,,0.0,,,,,,,,,,,,,,,,,,,,,,,,,,,,
2012-03-21 01:00:00,994.8,17.1,88,1.3,22.0,,,0.0,,,,,,,,,,,,,,,,,,,,,,,,,,,,
2012-03-21 02:00:00,994.4,17.3,87,0.9,354.0,,,0.0,,,,,,,,,,,,,,,,,,,,,,,,,,,,
2012-03-21 03:00:00,994.4,16.9,87,0.8,329.0,,,0.0,,,,,,,,,,,,,,,,,,,,,,,,,,,,
2012-03-21 04:00:00,994.9,16.8,87,0.8,31.0,,,0.0,,,,,,,,,,,,,,,,,,,,,,,,,,,,
2012-03-21 05:00:00,995.3,16.8,86,0.7,2.0,,,0.0,,,,,,,,,,,,,,,,,,,,,,,,,,,,
2012-03-21 06:00:00,995.5,16.8,86,0.9,37.0,,,0.0,,,,,,,,,,,,,,,,,,,,,,,,,,,,
2012-03-21 07:00:00,996.1,16.9,84,0.9,32.0,,,0.0,,,,,,,,,,,,,,,,,,,,,,,,,,,,
2012-03-21 08:00:00,996.5,18.0,78,0.9,12.0,,,0.0,,,,,,,,,,,,,,,,,,,,,,,,,,,,
2012-03-21 09:00:00,997.4,18.5,75,0.7,14.0,,,-999.6,,,,,,,,,,,,,,,,,,,,,,,,,,,,
2012-03-21 10:00:00,997.3,20.1,69,0.9,339.0,,,0.0,,,,,,,,,,,,,,,,,,,,,,,,,,,,
2012-03-21 11:00:00,997.1,20.6,68,1.0,11.0,,,0.0,,,,,,,,,,,,,,,,,,,,,,,,,,,,
2012-03-21 12:00:00,996.4,21.9,64,1.1,332.0,,,0.0,,,,,,,,,,,,,,,,,,,,,,,,,,,,
2012-03-21 13:00:00,995.4,22.1,64,1.0,10.0,,,0.0,,,,,,,,,,,,,,,,,,,,,,,,,,,,
2012-03-21 14:00:00,994.3,23.2,62,1.1,17.0,,,0.0,,,,,,,,,,,,,,,,,,,,,,,,,,,,
2012-03-21 15:00:00,993.7,23.3,62,0.9,353.0,,,0.0,,,,,,,,,,,,,,,,,,,,,,,,,,,,
2012-03-21 16:00:00,993.7,23.1,63,0.8,338.0,,,0.0,,,,,,,,,,,,,,,,,,,,,,,,,,,,
2012-03-21 17:00:00,993.5,22.1,69,0.9,340.0,,,0.0,,,,,,,,,,,,,,,,,,,,,,,,,,,,
2012-03-21 18:00:00,993.4,21.4,74,0.7,341.0,,,0.0,,,,,,,,,,,,,,,,,,,,,,,,,,,,
2012-03-21 19:00:00,994.5,19.7,80,1.0,329.0,,,0.0,,,,,,,,,,,,,,,,,,,,,,,,,,,,
2012-03-21 20:00:00,995.4,19.3,82,0.5,349.0,,,0.0,,,,,,,,,,,,,,,,,,,,,,,,,,,,
2012-03-21 21:00:00,995.8,19.4,83,0.2,0.0,,,0.0,,,,,,,,,,,,,,,,,,,,,,,,,,,,
2012-03-21 22:00:00,996.2,19.5,82,0.5,42.0,,,0.0,,,,,,,,,,,,,,,,,,,,,,,,,,,,
2012-03-21 23:00:00,996.1,19.1,86,0.0,0.0,,,0.0,,,,,,,,,,,,,,,,,,,,,,,,,,,,
2012-03-22 00:00:00,995.8,18.8,87,0.3,56.0,,,0.0,,,,,,,,,,,,,,,,,,,,,,,,,,,,
2012-03-22 01:00:00,995.2,18.6,88,0.4,321.0,,,0.0,,,,,,,,,,,,,,,,,,,,,,,,,,,,
2012-03-22 02:00:00,995.6,18.5,88,0.7,331.0,,,0.0,,,,,,,,,,,,,,,,,,,,,,,,,,,,
2012-03-22 03:00:00,996.1,18.5,91,0.9,61.0,,,0.0,,,,,,,,,,,,,,,,,,,,,,,,,,,,
2012-03-22 04:00:00,996.0,18.8,89,0.4,30.0,,,0.0,,,,,,,,,,,,,,,,,,,,,,,,,,,,
2012-03-22 05:00:00,995.9,18.3,93,0.0,0.0,,,0.0,,,,,,,,,,,,,,,,,,,,,,,,,,,,
2012-03-22 06:00:00,996.1,17.9,97,0.7,328.0,,,0.0,,,,,,,,,,,,,,,,,,,,,,,,,,,,
2012-03-22 07:00:00,996.5,19.0,92,0.9,38.0,,,0.0,,,,,,,,,,,,,,,,,,,,,,,,,,,,
2012-03-22 08:00:00,997.1,20.4,83,0.9,330.0,,,0.0,,,,,,,,,,,,,,,,,,,,,,,,,,,,
2012-03-22 09:00:00,997.4,21.5,81,0.8,333.0,,,0.0,,,,,,,,,,,,,,,,,,,,,,,,,,,,
2012-03-22 10:00:00,997.6,21.8,79,0.9,308.0,,,0.0,,,,,,,,,,,,,,,,,,,,,,,,,,,,
2012-03-22 11:00:00,996.8,24.0,70,0.7,289.0,,,-999.6,,,,,,,,,,,,,,,,,,,,,,,,,,,,
2012-03-22 12:00:00,996.1,25.3,67,0.9,308.0,,,0.0,,,,,,,,,,,,,,,,,,,,,,,,,,,,
2012-03-22 13:00:00,994.3,27.1,58,1.4,23.0,,,0.0,,,,,,,,,,,,,,,,,,,,,,,,,,,,
2012-03-22 14:00:00,993.1,27.8,60,1.1,316.0,,,0.0,,,,,,,,,,,,,,,,,,,,,,,,,,,,
2012-03-22 15:00:00,992.4,28.3,58,1.3,317.0,,,0.0,,,,,,,,,,,,,,,,,,,,,,,,,,,,
2012-03-22 16:00:00,991.9,28.2,59,0.8,311.0,,,0.0,,,,,,,,,,,,,,,,,,,,,,,,,,,,
2012-03-22 17:00:00,992.1,25.9,67,0.8,316.0,,,0.0,,,,,,,,,,,,,,,,,,,,,,,,,,,,
2012-03-22 18:00:00,992.3,24.3,76,0.5,359.0,,,0.0,,,,,,,,,,,,,,,,,,,,,,,,,,,,
2012-03-22 19:00:00,992.4,24.0,78,0.0,0.0,,,0.0,,,,,,,,,,,,,,,,,,,,,,,,,,,,
2012-03-22 20:00:00,992.9,23.6,79,0.1,0.0,,,0.0,,,,,,,,,,,,,,,,,,,,,,,,,,,,
2012-03-22 21:00:00,994.3,21.9,89,0.7,8.0,,,0.0,,,,,,,,,,,,,,,,,,,,,,,,,,,,
2012-03-22 22:00:00,994.9,21.8,91,0.4,354.0,,,0.0,,,,,,,,,,,,,,,,,,,,,,,,,,,,
2012-03-22 23:00:00,994.9,22.1,90,0.1,0.0,,,0.0,,,,,,,,,,,,,,,,,,,,,,,,,,,,
2012-03-23 00:00:00,994.8,22.1,89,0.6,81.0,,,0.0,,,,,,,,,,,,,,,,,,,,,,,,,,,,
2012-03-23 01:00:00,994.0,22.3,87,0.3,220.0,,,0.0,,,,,,,,,,,,,,,,,,,,,,,,,,,,
2012-03-23 02:00:00,993.9,22.1,88,0.2,0.0,,,0.0,,,,,,,,,,,,,,,,,,,,,,,,,,,,
2012-03-23 03:00:00,993.3,21.9,88,0.0,0.0,,,0.0,,,,,,,,,,,,,,,,,,,,,,,,,,,,
2012-03-23 04:00:00,993.0,21.7,91,0.4,63.0,,,0.0,,,,,,,,,,,,,,,,,,,,,,,,,,,,
2012-03-23 05:00:00,993.1,22.0,90,0.0,0.0,,,0.0,,,,,,,,,,,,,,,,,,,,,,,,,,,,
2012-03-23 06:00:00,993.2,22.2,89,0.0,0.0,,,0.0,,,,,,,,,,,,,,,,,,,,,,,,,,,,
2012-03-23 07:00:00,993.6,22.8,83,0.3,228.0,,,0.0,,,,,,,,,,,,,,,,,,,,,,,,,,,,
2012-03-23 08:00:00,993.8,25.8,70,0.4,194.0,,,0.0,,,,,,,,,,,,,,,,,,,,,,,,,,,,
2012-03-23 09:00:00,994.3,28.4,56,0.7,233.0,,,0.0,,,,,,,,,,,,,,,,,,,,,,,,,,,,
2012-03-23 10:00:00,994.2,29.4,50,0.8,227.0,,,0.0,,,,,,,,,,,,,,,,,,,,,,,,,,,,
2012-03-23 11:00:00,993.7,31.8,43,0.8,224.0,,,0.0,,,,,,,,,,,,,,,,,,,,,,,,,,,,
2012-03-23 12:00:00,993.1,32.7,43,0.8,233.0,,,0.0,,,,,,,,,,,,,,,,,,,,,,,,,,,,
2012-03-23 13:00:00,992.4,30.6,55,1.5,285.0,,,0.0,,,,,,,,,,,,,,,,,,,,,,,,,,,,
2012-03-23 14:00:00,992.0,29.4,60,1.2,322.0,,,0.0,,,,,,,,,,,,,,,,,,,,,,,,,,,,
2012-03-23 15:00:00,991.9,27.5,68,0.9,321.0,,,0.0,,,,,,,,,,,,,,,,,,,,,,,,,,,,
2012-03-23 16:00:00,992.3,26.7,69,1.0,328.0,,,0.0,,,,,,,,,,,,,,,,,,,,,,,,,,,,
2012-03-23 17:00:00,992.6,26.6,69,0.8,52.0,,,0.0,,,,,,,,,,,,,,,,,,,,,,,,,,,,
2012-03-23 18:00:00,992.9,26.2,71,0.9,331.0,,,0.0,,,,,,,,,,,,,,,,,,,,,,,,,,,,
2012-03-23 19:00:00,993.8,22.4,90,1.0,334.0,,,0.0,,,,,,,,,,,,,,,,,,,,,,,,,,,,
2012-03-23 20:00:00,994.5,19.7,88,0.9,327.0,,,0.0,,,,,,,,,,,,,,,,,,,,,,,,,,,,
2012-03-23 21:00:00,994.9,18.7,85,1.3,22.0,,,0.0,,,,,,,,,,,,,,,,,,,,,,,,,,,,
2012-03-23 22:00:00,995.4,18.1,84,1.4,35.0,,,0.0,,,,,,,,,,,,,,,,,,,,,,,,,,,,
2012-03-23 23:00:00,996.2,16.6,84,2.1,26.0,,,0.0,,,,,,,,,,,,,,,,,,,,,,,,,,,,
2012-03-24 00:00:00,996.4,15.9,79,2.1,34.0,,,0.0,,,,,,,,,,,,,,,,,,,,,,,,,,,,
2012-03-24 01:00:00,996.2,15.4,75,1.9,29.0,,,0.0,,,,,,,,,,,,,,,,,,,,,,,,,,,,
2012-03-24 02:00:00,996.1,14.4,76,2.5,24.0,,,0.0,,,,,,,,,,,,,,,,,,,,,,,,,,,,
2012-03-24 03:00:00,995.7,13.6,75,2.3,33.0,,,0.0,,,,,,,,,,,,,,,,,,,,,,,,,,,,
2012-03-24 04:00:00,995.9,13.6,70,2.2,39.0,,,0.0,,,,,,,,,,,,,,,,,,,,,,,,,,,,
2012-03-24 05:00:00,996.7,14.2,59,1.9,31.0,,,0.0,,,,,,,,,,,,,,,,,,,,,,,,,,,,
2012-03-24 06:00:00,996.0,14.0,57,1.8,35.0,,,0.0,,,,,,,,,,,,,,,,,,,,,,,,,,,,
2012-03-24 07:00:00,997.0,13.8,64,1.0,31.0,,,0.0,,,,,,,,,,,,,,,,,,,,,,,,,,,,
2012-03-24 08:00:00,997.9,13.4,65,0.9,34.0,,,0.0,,,,,,,,,,,,,,,,,,,,,,,,,,,,
2012-03-24 09:00:00,997.5,12.6,78,1.2,355.0,,,0.0,,,,,,,,,,,,,,,,,,,,,,,,,,,,
2012-03-24 10:00:00,997.9,11.9,77,1.1,2.0,,,0.0,,,,,,,,,,,,,,,,,,,,,,,,,,,,
2012-03-24 11:00:00,997.7,12.9,74,0.9,20.0,,,0.0,,,,,,,,,,,,,,,,,,,,,,,,,,,,
2012-03-24 12:00:00,997.5,13.0,74,0.8,326.0,,,0.0,,,,,,,,,,,,,,,,,,,,,,,,,,,,
2012-03-24 13:00:00,997.4,13.3,72,0.7,358.0,,,0.0,,,,,,,,,,,,,,,,,,,,,,,,,,,,
2012-03-24 14:00:00,996.4,13.3,72,0.6,32.0,,,0.0,,,,,,,,,,,,,,,,,,,,,,,,,,,,
2012-03-24 15:00:00,996.5,13.9,71,0.5,354.0,,,0.0,,,,,,,,,,,,,,,,,,,,,,,,,,,,
2012-03-24 16:00:00,995.8,13.8,71,1.1,25.0,,,0.0,,,,,,,,,,,,,,,,,,,,,,,,,,,,
2012-03-24 17:00:00,995.9,14.8,70,0.8,35.0,,,0.0,,,,,,,,,,,,,,,,,,,,,,,,,,,,
2012-03-24 18:00:00,996.3,14.4,63,0.5,31.0,,,0.0,,,,,,,,,,,,,,,,,,,,,,,,,,,,
2012-03-24 19:00:00,996.7,13.2,63,1.0,349.0,,,0.0,,,,,,,,,,,,,,,,,,,,,,,,,,,,
2012-03-24 20:00:00,997.0,13.0,66,0.9,21.0,,,0.0,,,,,,,,,,,,,,,,,,,,,,,,,,,,
2012-03-24 21:00:00,998.0,12.4,70,0.5,354.0,,,0.0,,,,,,,,,,,,,,,,,,,,,,,,,,,,
2012-03-24 22:00:00,998.4,12.9,76,0.8,52.0,,,0.0,,,,,,,,,,,,,,,,,,,,,,,,,,,,
2012-03-24 23:00:00,998.4,13.5,72,0.7,324.0,,,0.0,,,,,,,,,,,,,,,,,,,,,,,,,,,,
2012-03-25 00:00:00,998.1,14.2,70,0.7,38.0,,,0.0,,,,,,,,,,,,,,,,,,,,,,,,,,,,
2012-03-25 01:00:00,997.8,14.6,72,0.4,34.0,,,0.0,,,,,,,,,,,,,,,,,,,,,,,,,,,,
2012-03-25 02:00:00,997.3,14.2,79,0.4,19.0,,,0.0,,,,,,,,,,,,,,,,,,,,,,,,,,,,
2012-03-25 03:00:00,996.9,14.4,84,0.4,326.0,,,0.0,,,,,,,,,,,,,,,,,,,,,,,,,,,,
2012-03-25 04:00:00,996.9,14.9,84,0.4,329.0,,,0.0,,,,,,,,,,,,,,,,,,,,,,,,,,,,
2012-03-25 05:00:00,997.4,14.9,80,0.1,0.0,,,0.0,,,,,,,,,,,,,,,,,,,,,,,,,,,,
2012-03-25 06:00:00,998.0,14.8,74,0.1,0.0,,,0.0,,,,,,,,,,,,,,,,,,,,,,,,,,,,
2012-03-25 07:00:00,998.3,15.3,71,0.5,303.0,,,0.0,,,,,,,,,,,,,,,,,,,,,,,,,,,,
2012-03-25 08:00:00,998.6,16.2,66,0.8,332.0,,,0.0,,,,,,,,,,,,,,,,,,,,,,,,,,,,
2012-03-25 09:00:00,999.3,16.2,60,1.0,36.0,,,0.0,,,,,,,,,,,,,,,,,,,,,,,,,,,,
2012-03-25 10:00:00,999.5,18.0,61,0.7,337.0,,,0.0,,,,,,,,,,,,,,,,,,,,,,,,,,,,
2012-03-25 11:00:00,999.4,21.5,55,0.9,358.0,,,0.0,,,,,,,,,,,,,,,,,,,,,,,,,,,,
2012-03-25 12:00:00,998.6,23.3,53,1.3,1.0,,,0.0,,,,,,,,,,,,,,,,,,,,,,,,,,,,
2012-03-25 13:00:00,997.8,24.1,46,1.1,321.0,,,0.0,,,,,,,,,,,,,,,,,,,,,,,,,,,,
2012-03-25 14:00:00,997.1,24.6,43,0.8,335.0,,,0.0,,,,,,,,,,,,,,,,,,,,,,,,,,,,
2012-03-25 15:00:00,996.7,24.6,40,1.2,17.0,,,0.0,,,,,,,,,,,,,,,,,,,,,,,,,,,,
2012-03-25 16:00:00,996.5,23.7,40,0.8,12.0,,,0.0,,,,,,,,,,,,,,,,,,,,,,,,,,,,
2012-03-25 17:00:00,997.1,22.5,43,0.7,359.0,,,0.0,,,,,,,,,,,,,,,,,,,,,,,,,,,,
2012-03-25 18:00:00,997.6,20.9,47,0.7,9.0,,,0.0,,,,,,,,,,,,,,,,,,,,,,,,,,,,
2012-03-25 19:00:00,998.0,19.4,50,0.5,22.0,,,0.0,,,,,,,,,,,,,,,,,,,,,,,,,,,,
2012-03-25 20:00:00,998.6,18.3,54,0.4,338.0,,,0.0,,,,,,,,,,,,,,,,,,,,,,,,,,,,
2012-03-25 21:00:00,998.9,17.7,61,0.2,0.0,,,0.0,,,,,,,,,,,,,,,,,,,,,,,,,,,,
2012-03-25 22:00:00,999.2,16.8,66,0.4,313.0,,,0.0,,,,,,,,,,,,,,,,,,,,,,,,,,,,
2012-03-25 23:00:00,999.2,16.5,72,0.3,79.0,,,0.0,,,,,,,,,,,,,,,,,,,,,,,,,,,,
2012-03-26 00:00:00,999.5,15.5,76,0.0,0.0,,,0.0,,,,,,,,,,,,,,,,,,,,,,,,,,,,
2012-03-26 01:00:00,999.0,15.7,77,0.2,0.0,,,0.0,,,,,,,,,,,,,,,,,,,,,,,,,,,,
2012-03-26 02:00:00,998.7,15.1,81,0.1,0.0,,,0.0,,,,,,,,,,,,,,,,,,,,,,,,,,,,
2012-03-26 03:00:00,998.6,14.9,83,0.3,44.0,,,0.0,,,,,,,,,,,,,,,,,,,,,,,,,,,,
2012-03-26 04:00:00,998.4,15.4,80,0.6,50.0,,,0.0,,,,,,,,,,,,,,,,,,,,,,,,,,,,
2012-03-26 05:00:00,998.3,14.9,84,0.0,0.0,,,0.0,,,,,,,,,,,,,,,,,,,,,,,,,,,,
2012-03-26 06:00:00,998.9,14.3,88,0.0,0.0,,,0.0,,,,,,,,,,,,,,,,,,,,,,,,,,,,
2012-03-26 07:00:00,999.7,17.0,75,0.1,0.0,,,-999.6,,,,,,,,,,,,,,,,,,,,,,,,,,,,
2012-03-26 08:00:00,1000.3,19.4,65,0.4,205.0,,,0.0,,,,,,,,,,,,,,,,,,,,,,,,,,,,
2012-03-26 09:00:00,1000.9,22.7,51,0.7,241.0,,,0.0,,,,,,,,,,,,,,,,,,,,,,,,,,,,
2012-03-26 10:00:00,1001.2,24.7,48,0.9,234.0,,,0.0,,,,,,,,,,,,,,,,,,,,,,,,,,,,
2012-03-26 11:00:00,1000.8,25.1,41,0.9,247.0,,,0.0,,,,,,,,,,,,,,,,,,,,,,,,,,,,
2012-03-26 12:00:00,1000.2,25.5,41,1.1,244.0,,,0.0,,,,,,,,,,,,,,,,,,,,,,,,,,,,
2012-03-26 13:00:00,999.0,25.9,45,0.8,333.0,,,0.0,,,,,,,,,,,,,,,,,,,,,,,,,,,,
2012-03-26 14:00:00,998.4,25.1,48,1.1,335.0,,,0.0,,,,,,,,,,,,,,,,,,,,,,,,,,,,
2012-03-26 15:00:00,997.8,24.4,42,0.9,328.0,,,0.0,,,,,,,,,,,,,,,,,,,,,,,,,,,,
2012-03-26 16:00:00,997.7,24.4,38,1.0,6.0,,,-999.6,,,,,,,,,,,,,,,,,,,,,,,,,,,,
2012-03-26 17:00:00,998.0,23.5,37,0.9,17.0,,,0.0,,,,,,,,,,,,,,,,,,,,,,,,,,,,
2012-03-26 18:00:00,998.2,22.7,46,0.7,339.0,,,0.0,,,,,,,,,,,,,,,,,,,,,,,,,,,,
2012-03-26 19:00:00,998.7,21.4,56,0.4,336.0,,,0.0,,,,,,,,,,,,,,,,,,,,,,,,,,,,
2012-03-26 20:00:00,999.3,20.2,50,0.4,99.0,,,0.0,,,,,,,,,,,,,,,,,,,,,,,,,,,,
2012-03-26 21:00:00,999.8,20.1,53,0.6,94.0,,,0.0,,,,,,,,,,,,,,,,,,,,,,,,,,,,
2012-03-26 22:00:00,1000.2,19.2,60,0.1,0.0,,,0.0,,,,,,,,,,,,,,,,,,,,,,,,,,,,
2012-03-26 23:00:00,1000.3,18.7,63,0.0,0.0,,,0.0,,,,,,,,,,,,,,,,,,,,,,,,,,,,
2012-03-27 00:00:00,1000.6,19.0,62,0.0,0.0,,,0.0,,,,,,,,,,,,,,,,,,,,,,,,,,,,
2012-03-27 01:00:00,1000.3,18.9,64,0.1,0.0,,,0.0,,,,,,,,,,,,,,,,,,,,,,,,,,,,
2012-03-27 02:00:00,1000.1,19.8,61,0.1,0.0,,,0.0,,,,,,,,,,,,,,,,,,,,,,,,,,,,
2012-03-27 03:00:00,999.6,19.2,63,0.3,60.0,,,0.0,,,,,,,,,,,,,,,,,,,,,,,,,,,,
2012-03-27 04:00:00,999.3,18.3,67,0.0,0.0,,,0.0,,,,,,,,,,,,,,,,,,,,,,,,,,,,
2012-03-27 05:00:00,999.5,17.1,72,0.0,0.0,,,0.0,,,,,,,,,,,,,,,,,,,,,,,,,,,,
2012-03-27 06:00:00,1000.2,16.7,75,0.1,0.0,,,0.0,,,,,,,,,,,,,,,,,,,,,,,,,,,,
2012-03-27 07:00:00,1000.9,19.0,67,0.3,63.0,,,0.0,,,,,,,,,,,,,,,,,,,,,,,,,,,,
2012-03-27 08:00:00,1002.0,21.4,61,0.6,220.0,,,0.0,,,,,,,,,,,,,,,,,,,,,,,,,,,,
2012-03-27 09:00:00,1002.4,23.4,51,0.7,225.0,,,0.0,,,,,,,,,,,,,,,,,,,,,,,,,,,,
2012-03-27 10:00:00,1002.8,25.3,40,0.5,278.0,,,0.0,,,,,,,,,,,,,,,,,,,,,,,,,,,,
2012-03-27 11:00:00,1002.7,26.2,34,0.6,245.0,,,0.0,,,,,,,,,,,,,,,,,,,,,,,,,,,,
2012-03-27 12:00:00,1001.7,26.2,37,0.6,288.0,,,0.0,,,,,,,,,,,,,,,,,,,,,,,,,,,,
2012-03-27 13:00:00,1000.9,26.8,43,1.1,324.0,,,0.0,,,,,,,,,,,,,,,,,,,,,,,,,,,,
2012-03-27 14:00:00,1000.3,26.0,45,1.1,321.0,,,0.0,,,,,,,,,,,,,,,,,,,,,,,,,,,,
2012-03-27 15:00:00,999.6,26.0,44,0.9,313.0,,,0.0,,,,,,,,,,,,,,,,,,,,,,,,,,,,
2012-03-27 16:00:00,999.5,25.7,47,0.7,7.0,,,0.0,,,,,,,,,,,,,,,,,,,,,,,,,,,,
2012-03-27 17:00:00,999.2,24.6,49,1.0,320.0,,,0.0,,,,,,,,,,,,,,,,,,,,,,,,,,,,
2012-03-27 18:00:00,999.4,23.6,46,0.9,338.0,,,0.0,,,,,,,,,,,,,,,,,,,,,,,,,,,,
2012-03-27 19:00:00,1000.3,22.6,48,0.6,335.0,,,0.0,,,,,,,,,,,,,,,,,,,,,,,,,,,,
2012-03-27 20:00:00,1000.8,21.6,53,0.3,7.0,,,0.0,,,,,,,,,,,,,,,,,,,,,,,,,,,,
2012-03-27 21:00:00,1001.2,20.8,59,0.4,95.0,,,0.0,,,,,,,,,,,,,,,,,,,,,,,,,,,,
2012-03-27 22:00:00,1001.5,20.5,60,0.3,77.0,,,0.0,,,,,,,,,,,,,,,,,,,,,,,,,,,,
2012-03-27 23:00:00,1001.5,20.2,63,0.0,0.0,,,0.0,,,,,,,,,,,,,,,,,,,,,,,,,,,,
2012-03-28 00:00:00,1001.4,19.9,64,0.4,78.0,,,0.0,,,,,,,,,,,,,,,,,,,,,,,,,,,,
2012-03-28 01:00:00,1001.1,20.5,62,0.0,0.0,,,0.0,,,,,,,,,,,,,,,,,,,,,,,,,,,,
2012-03-28 02:00:00,1000.6,19.5,69,0.1,0.0,,,0.0,,,,,,,,,,,,,,,,,,,,,,,,,,,,
2012-03-28 03:00:00,1000.5,18.9,73,0.0,0.0,,,0.0,,,,,,,,,,,,,,,,,,,,,,,,,,,,
2012-03-28 04:00:00,1000.0,19.0,73,0.1,0.0,,,-999.6,,,,,,,,,,,,,,,,,,,,,,,,,,,,
2012-03-28 05:00:00,999.7,18.6,74,0.0,0.0,,,0.0,,,,,,,,,,,,,,,,,,,,,,,,,,,,
2012-03-28 06:00:00,1000.0,18.6,76,0.4,308.0,,,-999.6,,,,,,,,,,,,,,,,,,,,,,,,,,,,
2012-03-28 07:00:00,1000.8,19.1,75,0.4,33.0,,,0.0,,,,,,,,,,,,,,,,,,,,,,,,,,,,
2012-03-28 08:00:00,1001.5,22.3,62,0.1,0.0,,,0.0,,,,,,,,,,,,,,,,,,,,,,,,,,,,
2012-03-28 09:00:00,1002.1,23.8,56,0.6,195.0,,,0.0,,,,,,,,,,,,,,,,,,,,,,,,,,,,
2012-03-28 10:00:00,1001.9,24.2,53,0.6,288.0,,,0.0,,,,,,,,,,,,,,,,,,,,,,,,,,,,
2012-03-28 11:00:00,1001.6,26.2,48,0.7,358.0,,,0.0,,,,,,,,,,,,,,,,,,,,,,,,,,,,
2012-03-28 12:00:00,1000.6,26.8,42,0.7,326.0,,,0.0,,,,,,,,,,,,,,,,,,,,,,,,,,,,
2012-03-28 13:00:00,999.6,27.3,43,0.7,336.0,,,0.0,,,,,,,,,,,,,,,,,,,,,,,,,,,,
2012-03-28 14:00:00,999.0,27.1,48,0.9,332.0,,,0.0,,,,,,,,,,,,,,,,,,,,,,,,,,,,
2012-03-28 15:00:00,998.3,26.2,49,1.0,318.0,,,0.0,,,,,,,,,,,,,,,,,,,,,,,,,,,,
2012-03-28 16:00:00,998.1,25.2,57,0.9,340.0,,,0.0,,,,,,,,,,,,,,,,,,,,,,,,,,,,
2012-03-28 17:00:00,997.7,24.6,57,0.8,332.0,,,0.0,,,,,,,,,,,,,,,,,,,,,,,,,,,,
2012-03-28 18:00:00,998.1,23.2,61,0.7,336.0,,,0.0,,,,,,,,,,,,,,,,,,,,,,,,,,,,
2012-03-28 19:00:00,998.1,22.3,73,0.5,306.0,,,0.0,,,,,,,,,,,,,,,,,,,,,,,,,,,,
2012-03-28 20:00:00,998.7,21.8,77,0.7,319.0,,,0.0,,,,,,,,,,,,,,,,,,,,,,,,,,,,
2012-03-28 21:00:00,999.3,21.1,71,0.2,0.0,,,0.0,,,,,,,,,,,,,,,,,,,,,,,,,,,,
2012-03-28 22:00:00,999.0,20.5,76,0.4,105.0,,,0.0,,,,,,,,,,,,,,,,,,,,,,,,,,,,
2012-03-28 23:00:00,999.2,20.9,74,0.3,239.0,,,0.0,,,,,,,,,,,,,,,,,,,,,,,,,,,,
2012-03-29 00:00:00,999.3,20.2,78,0.1,0.0,,,0.0,,,,,,,,,,,,,,,,,,,,,,,,,,,,
2012-03-29 01:00:00,999.0,20.3,78,0.2,0.0,,,0.0,,,,,,,,,,,,,,,,,,,,,,,,,,,,
2012-03-29 02:00:00,998.4,20.4,77,0.0,0.0,,,0.0,,,,,,,,,,,,,,,,,,,,,,,,,,,,
2012-03-29 03:00:00,998.0,19.9,80,0.1,0.0,,,0.0,,,,,,,,,,,,,,,,,,,,,,,,,,,,
2012-03-29 04:00:00,997.8,19.4,83,0.5,65.0,,,0.0,,,,,,,,,,,,,,,,,,,,,,,,,,,,
2012-03-29 05:00:00,998.4,18.8,88,0.2,0.0,,,0.0,,,,,,,,,,,,,,,,,,,,,,,,,,,,
2012-03-29 06:00:00,999.2,19.4,84,0.6,113.0,,,0.0,,,,,,,,,,,,,,,,,,,,,,,,,,,,
2012-03-29 07:00:00,1000.0,20.8,79,0.2,0.0,,,0.0,,,,,,,,,,,,,,,,,,,,,,,,,,,,
2012-03-29 08:00:00,1000.5,21.9,74,0.1,0.0,,,0.0,,,,,,,,,,,,,,,,,,,,,,,,,,,,
2012-03-29 09:00:00,1001.0,23.3,66,0.6,263.0,,,0.0,,,,,,,,,,,,,,,,,,,,,,,,,,,,
2012-03-29 10:00:00,1001.2,24.0,62,0.5,308.0,,,0.0,,,,,,,,,,,,,,,,,,,,,,,,,,,,
2012-03-29 11:00:00,1000.9,25.1,54,0.6,269.0,,,0.0,,,,,,,,,,,,,,,,,,,,,,,,,,,,
2012-03-29 12:00:00,1000.5,24.9,55,0.8,319.0,,,0.0,,,,,,,,,,,,,,,,,,,,,,,,,,,,
2012-03-29 13:00:00,999.6,25.0,51,0.6,325.0,,,0.0,,,,,,,,,,,,,,,,,,,,,,,,,,,,
2012-03-29 14:00:00,998.3,25.8,51,0.6,7.0,,,0.0,,,,,,,,,,,,,,,,,,,,,,,,,,,,
2012-03-29 15:00:00,997.6,25.8,52,0.7,324.0,,,0.0,,,,,,,,,,,,,,,,,,,,,,,,,,,,
2012-03-29 16:00:00,997.3,24.9,51,0.7,330.0,,,0.0,,,,,,,,,,,,,,,,,,,,,,,,,,,,
2012-03-29 17:00:00,997.3,24.3,48,0.5,322.0,,,0.0,,,,,,,,,,,,,,,,,,,,,,,,,,,,
2012-03-29 18:00:00,997.1,22.8,60,0.3,20.0,,,0.0,,,,,,,,,,,,,,,,,,,,,,,,,,,,
2012-03-29 19:00:00,997.5,22.0,59,0.2,0.0,,,0.0,,,,,,,,,,,,,,,,,,,,,,,,,,,,
2012-03-29 20:00:00,998.1,21.0,72,0.5,352.0,,,0.0,,,,,,,,,,,,,,,,,,,,,,,,,,,,
2012-03-29 21:00:00,998.0,20.4,65,0.5,68.0,,,0.0,,,,,,,,,,,,,,,,,,,,,,,,,,,,
2012-03-29 22:00:00,998.6,19.9,69,0.5,68.0,,,0.0,,,,,,,,,,,,,,,,,,,,,,,,,,,,
2012-03-29 23:00:00,998.5,19.2,73,0.2,0.0,,,0.0,,,,,,,,,,,,,,,,,,,,,,,,,,,,
2012-03-30 00:00:00,997.9,18.7,73,0.1,0.0,,,0.0,,,,,,,,,,,,,,,,,,,,,,,,,,,,
2012-03-30 01:00:00,997.4,18.4,72,0.2,0.0,,,0.0,,,,,,,,,,,,,,,,,,,,,,,,,,,,
2012-03-30 02:00:00,996.7,18.7,73,0.3,57.0,,,0.0,,,,,,,,,,,,,,,,,,,,,,,,,,,,
2012-03-30 03:00:00,996.2,18.7,73,0.5,39.0,,,0.0,,,,,,,,,,,,,,,,,,,,,,,,,,,,
2012-03-30 04:00:00,996.4,18.1,75,0.1,0.0,,,0.0,,,,,,,,,,,,,,,,,,,,,,,,,,,,
2012-03-30 05:00:00,996.2,17.7,76,0.0,0.0,,,0.0,,,,,,,,,,,,,,,,,,,,,,,,,,,,
2012-03-30 06:00:00,996.5,17.7,72,0.3,98.0,,,0.0,,,,,,,,,,,,,,,,,,,,,,,,,,,,
2012-03-30 07:00:00,996.7,20.0,65,0.0,0.0,,,0.0,,,,,,,,,,,,,,,,,,,,,,,,,,,,
2012-03-30 08:00:00,997.0,22.6,56,0.2,0.0,,,0.0,,,,,,,,,,,,,,,,,,,,,,,,,,,,
2012-03-30 09:00:00,997.1,24.6,51,0.7,301.0,,,0.0,,,,,,,,,,,,,,,,,,,,,,,,,,,,
2012-03-30 10:00:00,997.1,26.9,37,0.6,300.0,,,0.0,,,,,,,,,,,,,,,,,,,,,,,,,,,,
2012-03-30 11:00:00,996.8,28.2,32,0.7,270.0,,,0.0,,,,,,,,,,,,,,,,,,,,,,,,,,,,
2012-03-30 12:00:00,995.7,28.4,38,0.9,303.0,,,0.0,,,,,,,,,,,,,,,,,,,,,,,,,,,,
2012-03-30 13:00:00,994.9,28.5,42,0.8,310.0,,,0.0,,,,,,,,,,,,,,,,,,,,,,,,,,,,
2012-03-30 14:00:00,994.1,27.6,50,1.2,322.0,,,0.0,,,,,,,,,,,,,,,,,,,,,,,,,,,,
2012-03-30 15:00:00,993.6,26.9,51,0.7,315.0,,,0.0,,,,,,,,,,,,,,,,,,,,,,,,,,,,
2012-03-30 16:00:00,993.9,26.8,51,0.7,340.0,,,0.0,,,,,,,,,,,,,,,,,,,,,,,,,,,,
2012-03-30 17:00:00,994.3,25.2,54,0.7,360.0,,,0.0,,,,,,,,,,,,,,,,,,,,,,,,,,,,
2012-03-30 18:00:00,995.2,24.4,61,0.5,320.0,,,-999.6,,,,,,,,,,,,,,,,,,,,,,,,,,,,
2012-03-30 19:00:00,995.9,24.0,63,0.3,317.0,,,0.0,,,,,,,,,,,,,,,,,,,,,,,,,,,,
2012-03-30 20:00:00,996.8,24.2,63,0.1,0.0,,,0.0,,,,,,,,,,,,,,,,,,,,,,,,,,,,
2012-03-30 21:00:00,997.3,24.3,62,0.3,85.0,,,0.0,,,,,,,,,,,,,,,,,,,,,,,,,,,,
2012-03-30 22:00:00,997.5,24.1,62,0.2,0.0,,,0.0,,,,,,,,,,,,,,,,,,,,,,,,,,,,
2012-03-30 23:00:00,997.2,24.0,64,0.2,0.0,,,0.0,,,,,,,,,,,,,,,,,,,,,,,,,,,,
2012-03-31 00:00:00,997.1,23.6,65,0.3,78.0,,,0.0,,,,,,,,,,,,,,,,,,,,,,,,,,,,
2012-03-31 01:00:00,996.8,23.5,67,0.1,0.0,,,0.0,,,,,,,,,,,,,,,,,,,,,,,,,,,,
2012-03-31 02:00:00,996.7,23.5,68,0.2,0.0,,,0.0,,,,,,,,,,,,,,,,,,,,,,,,,,,,
2012-03-31 03:00:00,996.5,23.1,71,0.3,44.0,,,0.0,,,,,,,,,,,,,,,,,,,,,,,,,,,,
2012-03-31 04:00:00,997.0,22.5,73,0.4,50.0,,,0.0,,,,,,,,,,,,,,,,,,,,,,,,,,,,
2012-03-31 05:00:00,997.3,23.0,69,0.5,47.0,,,0.0,,,,,,,,,,,,,,,,,,,,,,,,,,,,
2012-03-31 06:00:00,998.0,21.8,86,0.8,338.0,,,0.0,,,,,,,,,,,,,,,,,,,,,,,,,,,,
2012-03-31 07:00:00,998.7,19.5,85,1.6,28.0,,,0.0,,,,,,,,,,,,,,,,,,,,,,,,,,,,
2012-03-31 08:00:00,999.0,19.2,77,1.4,21.0,,,0.0,,,,,,,,,,,,,,,,,,,,,,,,,,,,
2012-03-31 09:00:00,999.3,19.0,74,1.3,31.0,,,0.0,,,,,,,,,,,,,,,,,,,,,,,,,,,,
2012-03-31 10:00:00,999.0,20.7,65,1.0,38.0,,,0.0,,,,,,,,,,,,,,,,,,,,,,,,,,,,
2012-03-31 11:00:00,998.3,21.8,61,1.1,29.0,,,0.0,,,,,,,,,,,,,,,,,,,,,,,,,,,,
2012-03-31 12:00:00,997.4,23.7,52,1.0,43.0,,,0.0,,,,,,,,,,,,,,,,,,,,,,,,,,,,
2012-03-31 13:00:00,997.3,23.9,45,1.3,9.0,,,0.0,,,,,,,,,,,,,,,,,,,,,,,,,,,,
2012-03-31 14:00:00,996.6,23.3,44,1.3,16.0,,,0.0,,,,,,,,,,,,,,,,,,,,,,,,,,,,
2012-03-31 15:00:00,996.4,23.4,45,1.3,23.0,,,0.0,,,,,,,,,,,,,,,,,,,,,,,,,,,,
2012-03-31 16:00:00,996.1,23.6,46,0.9,3.0,,,0.0,,,,,,,,,,,,,,,,,,,,,,,,,,,,
2012-03-31 17:00:00,996.3,21.9,51,0.9,29.0,,,0.0,,,,,,,,,,,,,,,,,,,,,,,,,,,,
2012-03-31 18:00:00,997.1,20.2,55,1.1,3.0,,,0.0,,,,,,,,,,,,,,,,,,,,,,,,,,,,
2012-03-31 19:00:00,997.4,19.3,55,1.0,15.0,,,0.0,,,,,,,,,,,,,,,,,,,,,,,,,,,,
2012-03-31 20:00:00,997.8,18.9,58,0.8,19.0,,,0.0,,,,,,,,,,,,,,,,,,,,,,,,,,,,
2012-03-31 21:00:00,998.6,18.6,60,0.5,325.0,,,0.0,,,,,,,,,,,,,,,,,,,,,,,,,,,,
2012-03-31 22:00:00,998.9,17.9,62,0.9,351.0,,,0.0,,,,,,,,,,,,,,,,,,,,,,,,,,,,
2012-03-31 23:00:00,999.0,17.8,67,0.7,329.0,,,0.0,,,,,,,,,,,,,,,,,,,,,,,,,,,,
2012-04-01 00:00:00,998.5,17.5,69,0.8,329.0,,,0.0,,,,,,,,,,,,,,,,,,,,,,,,,,,,
2012-04-01 01:00:00,998.0,17.2,69,0.5,329.0,,,0.0,,,,,,,,,,,,,,,,,,,,,,,,,,,,
2012-04-01 02:00:00,997.4,17.2,68,0.6,348.0,,,0.0,,,,,,,,,,,,,,,,,,,,,,,,,,,,
2012-04-01 03:00:00,997.1,18.3,67,0.4,60.0,,,0.0,,,,,,,,,,,,,,,,,,,,,,,,,,,,
2012-04-01 04:00:00,996.7,18.3,69,0.2,0.0,,,0.0,,,,,,,,,,,,,,,,,,,,,,,,,,,,
2012-04-01 05:00:00,997.1,18.8,69,0.4,92.0,,,0.0,,,,,,,,,,,,,,,,,,,,,,,,,,,,
2012-04-01 06:00:00,997.7,18.3,74,0.0,0.0,,,0.0,,,,,,,,,,,,,,,,,,,,,,,,,,,,
2012-04-01 07:00:00,998.2,19.7,69,0.2,0.0,,,0.0,,,,,,,,,,,,,,,,,,,,,,,,,,,,
2012-04-01 08:00:00,998.9,22.2,65,0.4,241.0,,,0.0,,,,,,,,,,,,,,,,,,,,,,,,,,,,
2012-04-01 09:00:00,999.4,23.5,60,0.6,241.0,,,0.0,,,,,,,,,,,,,,,,,,,,,,,,,,,,
2012-04-01 10:00:00,999.6,24.5,58,0.7,244.0,,,0.0,,,,,,,,,,,,,,,,,,,,,,,,,,,,
2012-04-01 11:00:00,999.3,25.0,58,0.5,244.0,,,0.0,,,,,,,,,,,,,,,,,,,,,,,,,,,,
2012-04-01 12:00:00,998.7,25.9,55,0.8,251.0,,,0.0,,,,,,,,,,,,,,,,,,,,,,,,,,,,
2012-04-01 13:00:00,997.7,27.2,52,0.9,255.0,,,0.0,,,,,,,,,,,,,,,,,,,,,,,,,,,,
2012-04-01 14:00:00,997.3,27.3,53,0.4,208.0,,,0.0,,,,,,,,,,,,,,,,,,,,,,,,,,,,
2012-04-01 15:00:00,996.8,26.0,56,1.0,316.0,,,0.0,,,,,,,,,,,,,,,,,,,,,,,,,,,,
2012-04-01 16:00:00,996.7,26.7,53,0.6,264.0,,,0.0,,,,,,,,,,,,,,,,,,,,,,,,,,,,
2012-04-01 17:00:00,997.0,26.2,54,0.6,249.0,,,0.0,,,,,,,,,,,,,,,,,,,,,,,,,,,,
2012-04-01 18:00:00,997.4,23.9,65,0.6,298.0,,,0.0,,,,,,,,,,,,,,,,,,,,,,,,,,,,
2012-04-01 19:00:00,997.7,22.8,68,0.6,351.0,,,0.0,,,,,,,,,,,,,,,,,,,,,,,,,,,,
2012-04-01 20:00:00,998.1,22.4,72,0.4,200.0,,,0.0,,,,,,,,,,,,,,,,,,,,,,,,,,,,
2012-04-01 21:00:00,998.7,22.5,70,0.1,0.0,,,0.0,,,,,,,,,,,,,,,,,,,,,,,,,,,,
2012-04-01 22:00:00,998.9,22.1,73,0.1,0.0,,,0.0,,,,,,,,,,,,,,,,,,,,,,,,,,,,
2012-04-01 23:00:00,998.6,22.0,73,0.1,0.0,,,0.0,,,,,,,,,,,,,,,,,,,,,,,,,,,,
2012-04-02 00:00:00,998.1,21.8,75,0.3,230.0,,,0.0,,,,,,,,,,,,,,,,,,,,,,,,,,,,
2012-04-02 01:00:00,997.8,21.4,78,0.2,0.0,,,0.0,,,,,,,,,,,,,,,,,,,,,,,,,,,,
2012-04-02 02:00:00,997.3,20.9,80,0.1,0.0,,,0.0,,,,,,,,,,,,,,,,,,,,,,,,,,,,
2012-04-02 03:00:00,997.0,20.5,82,0.0,0.0,,,0.0,,,,,,,,,,,,,,,,,,,,,,,,,,,,
2012-04-02 04:00:00,996.8,20.4,84,0.0,0.0,,,0.0,,,,,,,,,,,,,,,,,,,,,,,,,,,,
2012-04-02 05:00:00,996.9,20.6,84,0.0,0.0,,,0.0,,,,,,,,,,,,,,,,,,,,,,,,,,,,
2012-04-02 06:00:00,997.3,20.4,86,0.3,336.0,,,0.0,,,,,,,,,,,,,,,,,,,,,,,,,,,,
2012-04-02 07:00:00,997.7,20.6,89,0.7,44.0,,,0.0,,,,,,,,,,,,,,,,,,,,,,,,,,,,
2012-04-02 08:00:00,997.8,21.9,79,0.5,37.0,,,0.0,,,,,,,,,,,,,,,,,,,,,,,,,,,,
2012-04-02 09:00:00,997.7,22.8,70,0.3,46.0,,,0.0,,,,,,,,,,,,,,,,,,,,,,,,,,,,
2012-04-02 10:00:00,997.7,24.0,65,0.6,274.0,,,0.0,,,,,,,,,,,,,,,,,,,,,,,,,,,,
2012-04-02 11:00:00,997.4,26.3,57,0.6,284.0,,,0.0,,,,,,,,,,,,,,,,,,,,,,,,,,,,
2012-04-02 12:00:00,996.7,27.0,54,0.7,227.0,,,0.0,,,,,,,,,,,,,,,,,,,,,,,,,,,,
2012-04-02 13:00:00,995.8,27.2,58,0.8,346.0,,,0.0,,,,,,,,,,,,,,,,,,,,,,,,,,,,
2012-04-02 14:00:00,994.7,28.5,55,0.7,300.0,,,0.0,,,,,,,,,,,,,,,,,,,,,,,,,,,,
2012-04-02 15:00:00,994.3,27.1,59,0.6,274.0,,,0.0,,,,,,,,,,,,,,,,,,,,,,,,,,,,
2012-04-02 16:00:00,994.0,27.2,59,0.8,235.0,,,0.0,,,,,,,,,,,,,,,,,,,,,,,,,,,,
2012-04-02 17:00:00,994.4,26.1,62,0.6,287.0,,,0.0,,,,,,,,,,,,,,,,,,,,,,,,,,,,
2012-04-02 18:00:00,994.6,24.9,67,0.6,352.0,,,0.0,,,,,,,,,,,,,,,,,,,,,,,,,,,,
2012-04-02 19:00:00,995.2,24.0,72,0.3,348.0,,,0.0,,,,,,,,,,,,,,,,,,,,,,,,,,,,
2012-04-02 20:00:00,995.4,24.0,74,0.2,0.0,,,0.0,,,,,,,,,,,,,,,,,,,,,,,,,,,,
2012-04-02 21:00:00,995.9,23.4,78,0.4,73.0,,,0.0,,,,,,,,,,,,,,,,,,,,,,,,,,,,
2012-04-02 22:00:00,996.8,23.3,79,0.3,290.0,,,0.0,,,,,,,,,,,,,,,,,,,,,,,,,,,,
2012-04-02 23:00:00,997.1,23.8,77,0.2,0.0,,,0.0,,,,,,,,,,,,,,,,,,,,,,,,,,,,
2012-04-03 00:00:00,997.0,23.8,75,0.3,33.0,,,0.0,,,,,,,,,,,,,,,,,,,,,,,,,,,,
2012-04-03 01:00:00,996.8,23.7,76,0.0,0.0,,,0.0,,,,,,,,,,,,,,,,,,,,,,,,,,,,
2012-04-03 02:00:00,997.0,23.6,77,0.1,0.0,,,0.0,,,,,,,,,,,,,,,,,,,,,,,,,,,,
2012-04-03 03:00:00,996.5,23.1,80,0.3,242.0,,,0.0,,,,,,,,,,,,,,,,,,,,,,,,,,,,
2012-04-03 04:00:00,997.0,23.2,81,0.1,0.0,,,0.0,,,,,,,,,,,,,,,,,,,,,,,,,,,,
2012-04-03 05:00:00,997.1,23.0,83,0.5,319.0,,,0.0,,,,,,,,,,,,,,,,,,,,,,,,,,,,
2012-04-03 06:00:00,997.4,22.9,84,0.1,0.0,,,0.0,,,,,,,,,,,,,,,,,,,,,,,,,,,,
2012-04-03 07:00:00,997.3,24.5,78,0.1,0.0,,,0.0,,,,,,,,,,,,,,,,,,,,,,,,,,,,
2012-04-03 08:00:00,998.1,26.6,71,0.2,0.0,,,0.0,,,,,,,,,,,,,,,,,,,,,,,,,,,,
2012-04-03 09:00:00,998.9,28.3,64,0.5,178.0,,,0.0,,,,,,,,,,,,,,,,,,,,,,,,,,,,
2012-04-03 10:00:00,999.1,27.8,67,0.8,304.0,,,0.0,,,,,,,,,,,,,,,,,,,,,,,,,,,,
2012-04-03 11:00:00,998.9,27.6,59,1.0,9.0,,,0.0,,,,,,,,,,,,,,,,,,,,,,,,,,,,
2012-04-03 12:00:00,997.8,28.4,64,1.0,328.0,,,0.0,,,,,,,,,,,,,,,,,,,,,,,,,,,,
2012-04-03 13:00:00,996.4,28.0,66,1.1,351.0,,,0.0,,,,,,,,,,,,,,,,,,,,,,,,,,,,
2012-04-03 14:00:00,995.6,28.0,62,1.1,30.0,,,0.0,,,,,,,,,,,,,,,,,,,,,,,,,,,,
2012-04-03 15:00:00,994.8,27.1,65,1.1,333.0,,,0.0,,,,,,,,,,,,,,,,,,,,,,,,,,,,
2012-04-03 16:00:00,994.9,26.7,61,0.9,352.0,,,0.0,,,,,,,,,,,,,,,,,,,,,,,,,,,,
2012-04-03 17:00:00,995.1,25.6,61,0.8,359.0,,,0.0,,,,,,,,,,,,,,,,,,,,,,,,,,,,
2012-04-03 18:00:00,995.6,24.3,62,0.9,1.0,,,0.0,,,,,,,,,,,,,,,,,,,,,,,,,,,,
2012-04-03 19:00:00,996.2,23.5,65,0.6,339.0,,,0.0,,,,,,,,,,,,,,,,,,,,,,,,,,,,
2012-04-03 20:00:00,996.9,24.3,66,0.5,60.0,,,0.0,,,,,,,,,,,,,,,,,,,,,,,,,,,,
2012-04-03 21:00:00,997.7,23.5,68,0.3,328.0,,,0.0,,,,,,,,,,,,,,,,,,,,,,,,,,,,
2012-04-03 22:00:00,998.1,23.5,68,0.3,30.0,,,0.0,,,,,,,,,,,,,,,,,,,,,,,,,,,,
2012-04-03 23:00:00,997.6,22.8,73,0.4,55.0,,,0.0,,,,,,,,,,,,,,,,,,,,,,,,,,,,
2012-04-04 00:00:00,997.4,22.1,76,0.4,233.0,,,0.0,,,,,,,,,,,,,,,,,,,,,,,,,,,,
2012-04-04 01:00:00,996.9,21.7,76,0.1,0.0,,,0.0,,,,,,,,,,,,,,,,,,,,,,,,,,,,
2012-04-04 02:00:00,995.9,21.2,79,0.0,0.0,,,0.0,,,,,,,,,,,,,,,,,,,,,,,,,,,,
2012-04-04 03:00:00,995.5,21.5,77,0.3,60.0,,,0.0,,,,,,,,,,,,,,,,,,,,,,,,,,,,
2012-04-04 04:00:00,995.6,22.1,76,0.0,0.0,,,0.0,,,,,,,,,,,,,,,,,,,,,,,,,,,,
2012-04-04 05:00:00,996.0,21.7,79,0.2,0.0,,,0.0,,,,,,,,,,,,,,,,,,,,,,,,,,,,
2012-04-04 06:00:00,996.2,21.4,79,0.6,48.0,,,0.0,,,,,,,,,,,,,,,,,,,,,,,,,,,,
2012-04-04 07:00:00,997.0,22.0,75,0.6,292.0,,,0.0,,,,,,,,,,,,,,,,,,,,,,,,,,,,
2012-04-04 08:00:00,997.6,23.2,73,0.6,335.0,,,0.0,,,,,,,,,,,,,,,,,,,,,,,,,,,,
2012-04-04 09:00:00,998.1,24.8,67,0.7,241.0,,,0.0,,,,,,,,,,,,,,,,,,,,,,,,,,,,
2012-04-04 10:00:00,998.3,26.1,64,0.6,233.0,,,0.0,,,,,,,,,,,,,,,,,,,,,,,,,,,,
2012-04-04 11:00:00,998.1,27.7,57,0.6,273.0,,,0.0,,,,,,,,,,,,,,,,,,,,,,,,,,,,
2012-04-04 12:00:00,997.5,28.1,54,0.9,202.0,,,0.0,,,,,,,,,,,,,,,,,,,,,,,,,,,,
2012-04-04 13:00:00,996.4,28.5,48,0.9,233.0,,,0.0,,,,,,,,,,,,,,,,,,,,,,,,,,,,
2012-04-04 14:00:00,995.7,28.9,47,0.9,254.0,,,0.0,,,,,,,,,,,,,,,,,,,,,,,,,,,,
2012-04-04 15:00:00,995.1,26.4,55,1.0,312.0,,,0.0,,,,,,,,,,,,,,,,,,,,,,,,,,,,
2012-04-04 16:00:00,994.2,26.1,57,0.6,33.0,,,0.0,,,,,,,,,,,,,,,,,,,,,,,,,,,,
2012-04-04 17:00:00,994.1,26.0,58,0.7,306.0,,,0.0,,,,,,,,,,,,,,,,,,,,,,,,,,,,
2012-04-04 18:00:00,994.5,25.9,59,0.5,240.0,,,0.0,,,,,,,,,,,,,,,,,,,,,,,,,,,,
2012-04-04 19:00:00,995.5,23.7,65,0.7,326.0,,,0.0,,,,,,,,,,,,,,,,,,,,,,,,,,,,
2012-04-04 20:00:00,996.1,23.2,72,0.5,322.0,,,0.0,,,,,,,,,,,,,,,,,,,,,,,,,,,,
2012-04-04 21:00:00,996.8,23.1,73,0.5,249.0,,,0.0,,,,,,,,,,,,,,,,,,,,,,,,,,,,
2012-04-04 22:00:00,997.0,23.6,69,0.3,199.0,,,0.0,,,,,,,,,,,,,,,,,,,,,,,,,,,,
2012-04-04 23:00:00,996.4,23.3,73,0.3,212.0,,,0.0,,,,,,,,,,,,,,,,,,,,,,,,,,,,
2012-04-05 00:00:00,996.2,22.7,78,0.2,0.0,,,0.0,,,,,,,,,,,,,,,,,,,,,,,,,,,,
2012-04-05 01:00:00,995.9,23.0,75,0.1,0.0,,,0.0,,,,,,,,,,,,,,,,,,,,,,,,,,,,
2012-04-05 02:00:00,995.2,22.8,74,0.2,0.0,,,0.0,,,,,,,,,,,,,,,,,,,,,,,,,,,,
2012-04-05 03:00:00,994.9,22.8,74,0.1,0.0,,,0.0,,,,,,,,,,,,,,,,,,,,,,,,,,,,
2012-04-05 04:00:00,994.8,22.8,74,0.5,84.0,,,0.0,,,,,,,,,,,,,,,,,,,,,,,,,,,,
2012-04-05 05:00:00,994.9,22.6,77,0.3,94.0,,,0.0,,,,,,,,,,,,,,,,,,,,,,,,,,,,
2012-04-05 06:00:00,995.2,22.4,77,0.3,54.0,,,0.0,,,,,,,,,,,,,,,,,,,,,,,,,,,,
2012-04-05 07:00:00,994.9,23.2,75,0.5,209.0,,,0.0,,,,,,,,,,,,,,,,,,,,,,,,,,,,
2012-04-05 08:00:00,995.1,24.3,71,0.4,258.0,,,0.0,,,,,,,,,,,,,,,,,,,,,,,,,,,,
2012-04-05 09:00:00,995.5,24.8,69,0.4,221.0,,,0.0,,,,,,,,,,,,,,,,,,,,,,,,,,,,
2012-04-05 10:00:00,995.6,25.7,64,0.4,276.0,,,0.0,,,,,,,,,,,,,,,,,,,,,,,,,,,,
2012-04-05 11:00:00,995.4,25.7,65,0.6,338.0,,,0.0,,,,,,,,,,,,,,,,,,,,,,,,,,,,
2012-04-05 12:00:00,995.0,25.9,71,0.7,330.0,,,0.0,,,,,,,,,,,,,,,,,,,,,,,,,,,,
2012-04-05 13:00:00,994.4,24.8,75,0.8,1.0,,,0.0,,,,,,,,,,,,,,,,,,,,,,,,,,,,
2012-04-05 14:00:00,993.6,25.1,74,0.7,344.0,,,0.0,,,,,,,,,,,,,,,,,,,,,,,,,,,,
2012-04-05 15:00:00,993.3,23.7,80,0.8,326.0,,,0.0,,,,,,,,,,,,,,,,,,,,,,,,,,,,
2012-04-05 16:00:00,993.2,21.7,89,0.9,23.0,,,0.0,,,,,,,,,,,,,,,,,,,,,,,,,,,,
2012-04-05 17:00:00,993.4,21.9,86,0.6,330.0,,,0.0,,,,,,,,,,,,,,,,,,,,,,,,,,,,
2012-04-05 18:00:00,994.0,21.6,86,1.0,27.0,,,0.0,,,,,,,,,,,,,,,,,,,,,,,,,,,,
2012-04-05 19:00:00,994.6,22.0,83,0.8,28.0,,,0.0,,,,,,,,,,,,,,,,,,,,,,,,,,,,
2012-04-05 20:00:00,994.7,22.0,82,0.5,47.0,,,0.0,,,,,,,,,,,,,,,,,,,,,,,,,,,,
2012-04-05 21:00:00,995.2,22.3,79,0.4,15.0,,,0.0,,,,,,,,,,,,,,,,,,,,,,,,,,,,
2012-04-05 22:00:00,994.6,21.9,81,0.6,40.0,,,0.0,,,,,,,,,,,,,,,,,,,,,,,,,,,,
2012-04-05 23:00:00,994.1,21.7,82,0.9,33.0,,,0.0,,,,,,,,,,,,,,,,,,,,,,,,,,,,
2012-04-06 00:00:00,994.0,22.0,82,0.5,28.0,,,0.0,,,,,,,,,,,,,,,,,,,,,,,,,,,,
2012-04-06 01:00:00,993.7,21.9,79,0.5,61.0,,,0.0,,,,,,,,,,,,,,,,,,,,,,,,,,,,
2012-04-06 02:00:00,993.6,21.7,80,0.0,0.0,,,0.0,,,,,,,,,,,,,,,,,,,,,,,,,,,,
2012-04-06 03:00:00,993.7,21.5,85,0.3,223.0,,,0.0,,,,,,,,,,,,,,,,,,,,,,,,,,,,
2012-04-06 04:00:00,993.7,21.5,85,0.1,0.0,,,0.0,,,,,,,,,,,,,,,,,,,,,,,,,,,,
2012-04-06 05:00:00,994.2,21.5,85,0.1,0.0,,,0.0,,,,,,,,,,,,,,,,,,,,,,,,,,,,
2012-04-06 06:00:00,994.6,20.9,88,0.5,330.0,,,0.0,,,,,,,,,,,,,,,,,,,,,,,,,,,,
2012-04-06 07:00:00,994.8,21.3,86,0.3,332.0,,,0.0,,,,,,,,,,,,,,,,,,,,,,,,,,,,
2012-04-06 08:00:00,995.4,21.0,87,0.7,331.0,,,0.0,,,,,,,,,,,,,,,,,,,,,,,,,,,,
2012-04-06 09:00:00,996.1,22.7,80,0.1,0.0,,,0.0,,,,,,,,,,,,,,,,,,,,,,,,,,,,
2012-04-06 10:00:00,996.0,23.8,77,0.6,61.0,,,0.0,,,,,,,,,,,,,,,,,,,,,,,,,,,,
2012-04-06 11:00:00,996.1,23.9,78,0.5,276.0,,,0.0,,,,,,,,,,,,,,,,,,,,,,,,,,,,
2012-04-06 12:00:00,995.9,22.4,77,0.8,338.0,,,0.0,,,,,,,,,,,,,,,,,,,,,,,,,,,,
2012-04-06 13:00:00,995.1,22.3,84,0.6,35.0,,,0.0,,,,,,,,,,,,,,,,,,,,,,,,,,,,
2012-04-06 14:00:00,994.2,23.2,81,0.5,19.0,,,0.0,,,,,,,,,,,,,,,,,,,,,,,,,,,,
2012-04-06 15:00:00,994.2,21.8,92,0.5,342.0,,,0.5,,,,,,,,,,,,,,,,,,,,,,,,,,,,
2012-04-06 16:00:00,994.2,21.1,95,0.5,34.0,,,1.0,,,,,,,,,,,,,,,,,,,,,,,,,,,,
2012-04-06 17:00:00,994.7,21.6,95,0.5,246.0,,,2.0,,,,,,,,,,,,,,,,,,,,,,,,,,,,
2012-04-06 18:00:00,994.6,21.6,96,0.2,0.0,,,1.5,,,,,,,,,,,,,,,,,,,,,,,,,,,,
2012-04-06 19:00:00,995.4,20.9,97,0.4,351.0,,,0.0,,,,,,,,,,,,,,,,,,,,,,,,,,,,
2012-04-06 20:00:00,995.8,20.8,97,0.0,0.0,,,0.0,,,,,,,,,,,,,,,,,,,,,,,,,,,,
2012-04-06 21:00:00,996.7,20.5,98,0.1,0.0,,,1.5,,,,,,,,,,,,,,,,,,,,,,,,,,,,
2012-04-06 22:00:00,997.1,20.6,99,0.2,0.0,,,0.5,,,,,,,,,,,,,,,,,,,,,,,,,,,,
2012-04-06 23:00:00,997.2,20.6,99,0.4,277.0,,,0.0,,,,,,,,,,,,,,,,,,,,,,,,,,,,
2012-04-07 00:00:00,996.7,20.3,99,0.4,254.0,,,0.0,,,,,,,,,,,,,,,,,,,,,,,,,,,,
2012-04-07 01:00:00,996.6,19.7,99,0.5,336.0,,,0.0,,,,,,,,,,,,,,,,,,,,,,,,,,,,
2012-04-07 02:00:00,996.1,20.0,99,0.4,18.0,,,0.0,,,,,,,,,,,,,,,,,,,,,,,,,,,,
2012-04-07 03:00:00,995.0,20.2,99,0.5,52.0,,,0.5,,,,,,,,,,,,,,,,,,,,,,,,,,,,
2012-04-07 04:00:00,995.4,20.4,99,0.5,41.0,,,0.0,,,,,,,,,,,,,,,,,,,,,,,,,,,,
2012-04-07 05:00:00,995.0,20.5,99,0.4,71.0,,,0.0,,,,,,,,,,,,,,,,,,,,,,,,,,,,
2012-04-07 06:00:00,995.6,20.8,97,0.0,0.0,,,0.0,,,,,,,,,,,,,,,,,,,,,,,,,,,,
2012-04-07 07:00:00,996.4,21.3,96,0.1,0.0,,,0.0,,,,,,,,,,,,,,,,,,,,,,,,,,,,
2012-04-07 08:00:00,997.3,22.0,92,0.4,250.0,,,0.0,,,,,,,,,,,,,,,,,,,,,,,,,,,,
2012-04-07 09:00:00,997.6,23.0,89,0.1,0.0,,,0.0,,,,,,,,,,,,,,,,,,,,,,,,,,,,
2012-04-07 10:00:00,998.1,23.1,88,0.2,0.0,,,0.0,,,,,,,,,,,,,,,,,,,,,,,,,,,,
2012-04-07 11:00:00,998.0,23.2,88,0.7,182.0,,,0.0,,,,,,,,,,,,,,,,,,,,,,,,,,,,
2012-04-07 12:00:00,997.4,23.8,85,0.4,100.0,,,0.0,,,,,,,,,,,,,,,,,,,,,,,,,,,,
2012-04-07 13:00:00,997.0,23.9,77,0.5,181.0,,,0.0,,,,,,,,,,,,,,,,,,,,,,,,,,,,
2012-04-07 14:00:00,996.1,23.8,78,0.3,301.0,,,0.0,,,,,,,,,,,,,,,,,,,,,,,,,,,,
2012-04-07 15:00:00,995.6,24.7,73,0.5,223.0,,,0.0,,,,,,,,,,,,,,,,,,,,,,,,,,,,
2012-04-07 16:00:00,995.4,24.9,70,0.6,155.0,,,0.0,,,,,,,,,,,,,,,,,,,,,,,,,,,,
2012-04-07 17:00:00,995.4,25.2,67,0.4,120.0,,,0.0,,,,,,,,,,,,,,,,,,,,,,,,,,,,
2012-04-07 18:00:00,996.0,24.3,72,0.4,265.0,,,0.0,,,,,,,,,,,,,,,,,,,,,,,,,,,,
2012-04-07 19:00:00,996.7,23.8,76,0.1,0.0,,,0.0,,,,,,,,,,,,,,,,,,,,,,,,,,,,
2012-04-07 20:00:00,997.3,22.9,82,0.3,327.0,,,0.0,,,,,,,,,,,,,,,,,,,,,,,,,,,,
2012-04-07 21:00:00,998.0,22.9,82,0.3,24.0,,,0.0,,,,,,,,,,,,,,,,,,,,,,,,,,,,
2012-04-07 22:00:00,998.0,22.3,86,0.5,89.0,,,0.0,,,,,,,,,,,,,,,,,,,,,,,,,,,,
2012-04-07 23:00:00,997.3,21.9,88,0.0,0.0,,,0.0,,,,,,,,,,,,,,,,,,,,,,,,,,,,
2012-04-08 00:00:00,996.8,21.2,94,0.0,0.0,,,0.0,,,,,,,,,,,,,,,,,,,,,,,,,,,,
2012-04-08 01:00:00,996.5,20.9,94,0.1,0.0,,,0.0,,,,,,,,,,,,,,,,,,,,,,,,,,,,
2012-04-08 02:00:00,996.2,21.2,94,0.2,0.0,,,0.0,,,,,,,,,,,,,,,,,,,,,,,,,,,,
2012-04-08 03:00:00,996.1,21.5,90,0.1,0.0,,,0.0,,,,,,,,,,,,,,,,,,,,,,,,,,,,
2012-04-08 04:00:00,996.0,21.5,90,0.2,0.0,,,0.0,,,,,,,,,,,,,,,,,,,,,,,,,,,,
2012-04-08 05:00:00,996.1,21.1,91,0.1,0.0,,,0.0,,,,,,,,,,,,,,,,,,,,,,,,,,,,
2012-04-08 06:00:00,996.5,21.2,92,0.0,0.0,,,0.0,,,,,,,,,,,,,,,,,,,,,,,,,,,,
2012-04-08 07:00:00,996.7,22.4,87,0.2,0.0,,,0.0,,,,,,,,,,,,,,,,,,,,,,,,,,,,
2012-04-08 08:00:00,997.3,23.7,81,0.5,228.0,,,0.0,,,,,,,,,,,,,,,,,,,,,,,,,,,,
2012-04-08 09:00:00,997.8,25.7,69,0.4,118.0,,,0.0,,,,,,,,,,,,,,,,,,,,,,,,,,,,
2012-04-08 10:00:00,998.1,25.8,66,0.7,186.0,,,0.0,,,,,,,,,,,,,,,,,,,,,,,,,,,,
2012-04-08 11:00:00,997.9,25.7,64,0.5,232.0,,,0.0,,,,,,,,,,,,,,,,,,,,,,,,,,,,
2012-04-08 12:00:00,997.4,26.2,60,0.7,240.0,,,0.0,,,,,,,,,,,,,,,,,,,,,,,,,,,,
2012-04-08 13:00:00,996.8,25.6,69,0.3,263.0,,,0.0,,,,,,,,,,,,,,,,,,,,,,,,,,,,
2012-04-08 14:00:00,996.6,22.4,89,0.2,0.0,,,0.5,,,,,,,,,,,,,,,,,,,,,,,,,,,,
2012-04-08 15:00:00,996.1,23.6,84,0.5,66.0,,,0.0,,,,,,,,,,,,,,,,,,,,,,,,,,,,
2012-04-08 16:00:00,995.9,24.2,78,0.6,93.0,,,0.0,,,,,,,,,,,,,,,,,,,,,,,,,,,,
2012-04-08 17:00:00,996.1,24.2,76,0.0,0.0,,,0.0,,,,,,,,,,,,,,,,,,,,,,,,,,,,
2012-04-08 18:00:00,996.2,23.8,74,0.3,85.0,,,0.0,,,,,,,,,,,,,,,,,,,,,,,,,,,,
2012-04-08 19:00:00,996.8,23.6,78,0.3,83.0,,,0.0,,,,,,,,,,,,,,,,,,,,,,,,,,,,
2012-04-08 20:00:00,997.0,22.9,81,0.4,58.0,,,0.0,,,,,,,,,,,,,,,,,,,,,,,,,,,,
2012-04-08 21:00:00,997.4,22.5,86,0.4,341.0,,,0.0,,,,,,,,,,,,,,,,,,,,,,,,,,,,
2012-04-08 22:00:00,997.8,22.3,85,0.0,0.0,,,0.0,,,,,,,,,,,,,,,,,,,,,,,,,,,,
2012-04-08 23:00:00,997.4,22.3,87,0.0,0.0,,,0.0,,,,,,,,,,,,,,,,,,,,,,,,,,,,
2012-04-09 00:00:00,997.3,22.0,85,0.4,82.0,,,0.0,,,,,,,,,,,,,,,,,,,,,,,,,,,,
2012-04-09 01:00:00,997.0,21.7,83,0.0,0.0,,,0.0,,,,,,,,,,,,,,,,,,,,,,,,,,,,
2012-04-09 02:00:00,996.2,21.8,85,0.6,323.0,,,0.0,,,,,,,,,,,,,,,,,,,,,,,,,,,,
2012-04-09 03:00:00,995.8,21.7,85,0.4,318.0,,,0.0,,,,,,,,,,,,,,,,,,,,,,,,,,,,
2012-04-09 04:00:00,995.8,21.6,86,0.4,332.0,,,0.0,,,,,,,,,,,,,,,,,,,,,,,,,,,,
2012-04-09 05:00:00,995.7,21.7,84,0.5,44.0,,,0.0,,,,,,,,,,,,,,,,,,,,,,,,,,,,
2012-04-09 06:00:00,995.9,21.8,82,0.5,44.0,,,0.0,,,,,,,,,,,,,,,,,,,,,,,,,,,,
2012-04-09 07:00:00,996.2,22.0,80,0.5,33.0,,,0.0,,,,,,,,,,,,,,,,,,,,,,,,,,,,
2012-04-09 08:00:00,996.8,23.0,77,0.2,0.0,,,0.0,,,,,,,,,,,,,,,,,,,,,,,,,,,,
2012-04-09 09:00:00,996.9,23.9,72,0.6,37.0,,,0.0,,,,,,,,,,,,,,,,,,,,,,,,,,,,
2012-04-09 10:00:00,997.0,25.7,66,0.5,85.0,,,0.0,,,,,,,,,,,,,,,,,,,,,,,,,,,,
2012-04-09 11:00:00,996.8,27.6,60,0.7,239.0,,,0.0,,,,,,,,,,,,,,,,,,,,,,,,,,,,
2012-04-09 12:00:00,996.4,27.3,63,1.1,347.0,,,0.0,,,,,,,,,,,,,,,,,,,,,,,,,,,,
2012-04-09 13:00:00,995.6,29.1,58,0.6,321.0,,,0.0,,,,,,,,,,,,,,,,,,,,,,,,,,,,
2012-04-09 14:00:00,995.4,26.9,67,0.9,328.0,,,0.0,,,,,,,,,,,,,,,,,,,,,,,,,,,,
2012-04-09 15:00:00,995.2,25.0,73,0.8,355.0,,,0.0,,,,,,,,,,,,,,,,,,,,,,,,,,,,
2012-04-09 16:00:00,995.4,23.9,83,0.8,327.0,,,0.0,,,,,,,,,,,,,,,,,,,,,,,,,,,,
2012-04-09 17:00:00,995.4,23.4,87,0.8,28.0,,,0.5,,,,,,,,,,,,,,,,,,,,,,,,,,,,
2012-04-09 18:00:00,995.8,23.6,81,0.6,41.0,,,0.0,,,,,,,,,,,,,,,,,,,,,,,,,,,,
2012-04-09 19:00:00,996.1,23.1,87,0.4,41.0,,,0.0,,,,,,,,,,,,,,,,,,,,,,,,,,,,
2012-04-09 20:00:00,995.8,23.2,83,0.4,46.0,,,0.0,,,,,,,,,,,,,,,,,,,,,,,,,,,,
2012-04-09 21:00:00,996.0,23.4,82,0.3,49.0,,,0.0,,,,,,,,,,,,,,,,,,,,,,,,,,,,
2012-04-09 22:00:00,996.2,23.2,87,0.0,0.0,,,0.0,,,,,,,,,,,,,,,,,,,,,,,,,,,,
2012-04-09 23:00:00,996.2,23.1,84,0.4,95.0,,,0.0,,,,,,,,,,,,,,,,,,,,,,,,,,,,
2012-04-10 00:00:00,995.6,23.2,85,0.1,0.0,,,0.0,,,,,,,,,,,,,,,,,,,,,,,,,,,,
2012-04-10 01:00:00,995.4,22.5,90,0.1,0.0,,,0.0,,,,,,,,,,,,,,,,,,,,,,,,,,,,
2012-04-10 02:00:00,995.6,22.4,90,0.3,69.0,,,0.0,,,,,,,,,,,,,,,,,,,,,,,,,,,,
2012-04-10 03:00:00,995.6,22.5,89,0.4,87.0,,,0.0,,,,,,,,,,,,,,,,,,,,,,,,,,,,
2012-04-10 04:00:00,995.6,22.5,90,0.0,0.0,,,0.0,,,,,,,,,,,,,,,,,,,,,,,,,,,,
2012-04-10 05:00:00,995.8,22.6,91,0.1,0.0,,,0.0,,,,,,,,,,,,,,,,,,,,,,,,,,,,
2012-04-10 06:00:00,995.8,22.3,90,0.4,45.0,,,0.0,,,,,,,,,,,,,,,,,,,,,,,,,,,,
2012-04-10 07:00:00,996.5,23.3,84,0.3,8.0,,,0.0,,,,,,,,,,,,,,,,,,,,,,,,,,,,
2012-04-10 08:00:00,996.7,26.2,72,0.6,88.0,,,0.0,,,,,,,,,,,,,,,,,,,,,,,,,,,,
2012-04-10 09:00:00,997.0,27.0,66,0.8,240.0,,,0.0,,,,,,,,,,,,,,,,,,,,,,,,,,,,
2012-04-10 10:00:00,996.7,28.4,61,0.9,237.0,,,0.0,,,,,,,,,,,,,,,,,,,,,,,,,,,,
2012-04-10 11:00:00,996.2,29.8,57,1.0,238.0,,,0.0,,,,,,,,,,,,,,,,,,,,,,,,,,,,
2012-04-10 12:00:00,995.2,30.6,52,0.6,271.0,,,0.0,,,,,,,,,,,,,,,,,,,,,,,,,,,,
2012-04-10 13:00:00,994.6,30.7,56,0.8,306.0,,,0.0,,,,,,,,,,,,,,,,,,,,,,,,,,,,
2012-04-10 14:00:00,993.6,31.1,51,0.8,209.0,,,0.0,,,,,,,,,,,,,,,,,,,,,,,,,,,,
2012-04-10 15:00:00,992.7,31.7,53,0.7,257.0,,,0.0,,,,,,,,,,,,,,,,,,,,,,,,,,,,
2012-04-10 16:00:00,992.6,30.2,60,1.1,318.0,,,0.0,,,,,,,,,,,,,,,,,,,,,,,,,,,,
2012-04-10 17:00:00,992.6,27.8,68,0.7,317.0,,,0.0,,,,,,,,,,,,,,,,,,,,,,,,,,,,
2012-04-10 18:00:00,992.9,26.7,71,0.5,301.0,,,0.0,,,,,,,,,,,,,,,,,,,,,,,,,,,,
2012-04-10 19:00:00,993.0,26.6,72,0.4,263.0,,,0.0,,,,,,,,,,,,,,,,,,,,,,,,,,,,
2012-04-10 20:00:00,993.4,26.6,74,0.3,258.0,,,0.0,,,,,,,,,,,,,,,,,,,,,,,,,,,,
2012-04-10 21:00:00,993.6,26.6,76,0.5,238.0,,,0.0,,,,,,,,,,,,,,,,,,,,,,,,,,,,
2012-04-10 22:00:00,993.7,26.3,82,0.5,239.0,,,0.0,,,,,,,,,,,,,,,,,,,,,,,,,,,,
2012-04-10 23:00:00,993.6,26.0,82,0.4,105.0,,,0.0,,,,,,,,,,,,,,,,,,,,,,,,,,,,
2012-04-11 00:00:00,993.4,26.1,85,0.5,325.0,,,0.0,,,,,,,,,,,,,,,,,,,,,,,,,,,,
2012-04-11 01:00:00,993.7,25.7,87,0.8,238.0,,,0.0,,,,,,,,,,,,,,,,,,,,,,,,,,,,
2012-04-11 02:00:00,993.7,25.4,91,0.3,204.0,,,0.0,,,,,,,,,,,,,,,,,,,,,,,,,,,,
2012-04-11 03:00:00,993.3,25.3,92,0.3,71.0,,,0.0,,,,,,,,,,,,,,,,,,,,,,,,,,,,
2012-04-11 04:00:00,993.2,25.4,91,0.3,47.0,,,0.0,,,,,,,,,,,,,,,,,,,,,,,,,,,,
2012-04-11 05:00:00,993.3,25.2,90,0.4,110.0,,,0.0,,,,,,,,,,,,,,,,,,,,,,,,,,,,
2012-04-11 06:00:00,993.0,24.6,91,0.2,0.0,,,0.0,,,,,,,,,,,,,,,,,,,,,,,,,,,,
2012-04-11 07:00:00,993.0,26.3,81,0.3,122.0,,,0.0,,,,,,,,,,,,,,,,,,,,,,,,,,,,
2012-04-11 08:00:00,993.7,28.2,69,0.7,242.0,,,0.0,,,,,,,,,,,,,,,,,,,,,,,,,,,,
2012-04-11 09:00:00,994.2,29.9,59,0.5,229.0,,,0.0,,,,,,,,,,,,,,,,,,,,,,,,,,,,
2012-04-11 10:00:00,993.7,31.6,52,0.8,240.0,,,0.0,,,,,,,,,,,,,,,,,,,,,,,,,,,,
2012-04-11 11:00:00,993.4,32.1,49,0.8,225.0,,,0.0,,,,,,,,,,,,,,,,,,,,,,,,,,,,
2012-04-11 12:00:00,992.9,31.4,54,1.1,237.0,,,0.0,,,,,,,,,,,,,,,,,,,,,,,,,,,,
2012-04-11 13:00:00,991.8,31.7,60,0.9,239.0,,,0.0,,,,,,,,,,,,,,,,,,,,,,,,,,,,
2012-04-11 14:00:00,990.8,31.5,60,1.3,240.0,,,0.0,,,,,,,,,,,,,,,,,,,,,,,,,,,,
2012-04-11 15:00:00,989.9,31.2,65,0.6,280.0,,,0.0,,,,,,,,,,,,,,,,,,,,,,,,,,,,
2012-04-11 16:00:00,989.5,29.6,69,1.0,242.0,,,0.0,,,,,,,,,,,,,,,,,,,,,,,,,,,,
2012-04-11 17:00:00,989.5,28.8,73,0.8,238.0,,,0.0,,,,,,,,,,,,,,,,,,,,,,,,,,,,
2012-04-11 18:00:00,990.4,27.8,77,0.6,245.0,,,0.0,,,,,,,,,,,,,,,,,,,,,,,,,,,,
2012-04-11 19:00:00,991.4,26.1,86,0.9,326.0,,,0.0,,,,,,,,,,,,,,,,,,,,,,,,,,,,
2012-04-11 20:00:00,991.7,25.9,87,0.7,335.0,,,0.0,,,,,,,,,,,,,,,,,,,,,,,,,,,,
2012-04-11 21:00:00,992.7,26.0,84,0.4,328.0,,,0.0,,,,,,,,,,,,,,,,,,,,,,,,,,,,
2012-04-11 22:00:00,993.0,25.7,87,0.5,321.0,,,0.0,,,,,,,,,,,,,,,,,,,,,,,,,,,,
2012-04-11 23:00:00,992.8,25.7,87,0.5,16.0,,,0.0,,,,,,,,,,,,,,,,,,,,,,,,,,,,
2012-04-12 00:00:00,992.5,25.2,88,0.6,325.0,,,0.0,,,,,,,,,,,,,,,,,,,,,,,,,,,,
2012-04-12 01:00:00,991.7,25.1,89,0.6,319.0,,,0.0,,,,,,,,,,,,,,,,,,,,,,,,,,,,
2012-04-12 02:00:00,991.3,24.8,90,0.3,58.0,,,0.0,,,,,,,,,,,,,,,,,,,,,,,,,,,,
2012-04-12 03:00:00,990.7,24.8,87,0.3,95.0,,,0.0,,,,,,,,,,,,,,,,,,,,,,,,,,,,
2012-04-12 04:00:00,990.7,24.2,91,0.0,0.0,,,0.0,,,,,,,,,,,,,,,,,,,,,,,,,,,,
2012-04-12 05:00:00,991.1,24.6,91,0.0,0.0,,,0.0,,,,,,,,,,,,,,,,,,,,,,,,,,,,
2012-04-12 06:00:00,991.4,24.7,91,0.1,0.0,,,0.0,,,,,,,,,,,,,,,,,,,,,,,,,,,,
2012-04-12 07:00:00,991.6,25.5,88,0.1,0.0,,,0.0,,,,,,,,,,,,,,,,,,,,,,,,,,,,
2012-04-12 08:00:00,992.0,26.9,78,0.4,244.0,,,0.0,,,,,,,,,,,,,,,,,,,,,,,,,,,,
2012-04-12 09:00:00,992.5,27.5,74,0.7,241.0,,,0.0,,,,,,,,,,,,,,,,,,,,,,,,,,,,
2012-04-12 10:00:00,992.7,28.9,66,0.6,259.0,,,0.0,,,,,,,,,,,,,,,,,,,,,,,,,,,,
2012-04-12 11:00:00,992.4,29.5,66,0.9,297.0,,,0.0,,,,,,,,,,,,,,,,,,,,,,,,,,,,
2012-04-12 12:00:00,992.0,29.0,71,1.1,320.0,,,0.0,,,,,,,,,,,,,,,,,,,,,,,,,,,,
2012-04-12 13:00:00,991.5,29.9,65,1.0,302.0,,,0.0,,,,,,,,,,,,,,,,,,,,,,,,,,,,
2012-04-12 14:00:00,990.7,29.6,67,0.7,316.0,,,-999.6,,,,,,,,,,,,,,,,,,,,,,,,,,,,
2012-04-12 15:00:00,990.2,28.7,70,0.9,325.0,,,0.0,,,,,,,,,,,,,,,,,,,,,,,,,,,,
2012-04-12 16:00:00,989.8,28.5,69,0.6,277.0,,,-999.6,,,,,,,,,,,,,,,,,,,,,,,,,,,,
2012-04-12 17:00:00,990.1,27.9,69,0.5,293.0,,,0.0,,,,,,,,,,,,,,,,,,,,,,,,,,,,
2012-04-12 18:00:00,990.7,26.7,75,0.6,300.0,,,0.0,,,,,,,,,,,,,,,,,,,,,,,,,,,,
2012-04-12 19:00:00,991.0,26.2,76,0.7,246.0,,,0.0,,,,,,,,,,,,,,,,,,,,,,,,,,,,
2012-04-12 20:00:00,991.4,26.4,75,0.5,258.0,,,0.0,,,,,,,,,,,,,,,,,,,,,,,,,,,,
2012-04-12 21:00:00,992.3,26.0,79,0.6,246.0,,,0.0,,,,,,,,,,,,,,,,,,,,,,,,,,,,
2012-04-12 22:00:00,992.6,26.0,80,0.5,247.0,,,0.0,,,,,,,,,,,,,,,,,,,,,,,,,,,,
2012-04-12 23:00:00,992.6,25.7,81,0.3,289.0,,,0.0,,,,,,,,,,,,,,,,,,,,,,,,,,,,
2012-04-13 00:00:00,991.8,25.6,82,0.5,246.0,,,0.0,,,,,,,,,,,,,,,,,,,,,,,,,,,,
2012-04-13 01:00:00,991.1,25.5,83,0.3,192.0,,,0.0,,,,,,,,,,,,,,,,,,,,,,,,,,,,
2012-04-13 02:00:00,990.4,25.0,86,0.3,114.0,,,0.0,,,,,,,,,,,,,,,,,,,,,,,,,,,,
2012-04-13 03:00:00,990.4,24.5,89,0.2,0.0,,,0.0,,,,,,,,,,,,,,,,,,,,,,,,,,,,
2012-04-13 04:00:00,991.1,24.3,89,0.3,99.0,,,0.0,,,,,,,,,,,,,,,,,,,,,,,,,,,,
2012-04-13 05:00:00,991.4,24.3,89,0.2,0.0,,,0.0,,,,,,,,,,,,,,,,,,,,,,,,,,,,
2012-04-13 06:00:00,992.2,24.6,85,0.3,264.0,,,0.0,,,,,,,,,,,,,,,,,,,,,,,,,,,,
2012-04-13 07:00:00,992.6,26.2,76,0.3,200.0,,,0.0,,,,,,,,,,,,,,,,,,,,,,,,,,,,
2012-04-13 08:00:00,992.8,28.6,66,0.6,194.0,,,0.0,,,,,,,,,,,,,,,,,,,,,,,,,,,,
2012-04-13 09:00:00,993.5,29.6,59,0.7,144.0,,,0.0,,,,,,,,,,,,,,,,,,,,,,,,,,,,
2012-04-13 10:00:00,993.6,31.1,54,0.9,238.0,,,0.0,,,,,,,,,,,,,,,,,,,,,,,,,,,,
2012-04-13 11:00:00,993.4,31.6,56,0.9,237.0,,,0.0,,,,,,,,,,,,,,,,,,,,,,,,,,,,
2012-04-13 12:00:00,992.7,32.4,54,1.0,244.0,,,0.0,,,,,,,,,,,,,,,,,,,,,,,,,,,,
2012-04-13 13:00:00,992.1,32.4,60,0.8,249.0,,,0.0,,,,,,,,,,,,,,,,,,,,,,,,,,,,
2012-04-13 14:00:00,991.7,30.7,62,1.0,241.0,,,0.0,,,,,,,,,,,,,,,,,,,,,,,,,,,,
2012-04-13 15:00:00,991.1,29.9,63,1.2,245.0,,,0.0,,,,,,,,,,,,,,,,,,,,,,,,,,,,
2012-04-13 16:00:00,991.1,29.5,62,1.0,248.0,,,0.0,,,,,,,,,,,,,,,,,,,,,,,,,,,,
2012-04-13 17:00:00,991.2,29.0,62,0.7,242.0,,,0.0,,,,,,,,,,,,,,,,,,,,,,,,,,,,
2012-04-13 18:00:00,991.8,28.0,61,0.8,247.0,,,-999.6,,,,,,,,,,,,,,,,,,,,,,,,,,,,
2012-04-13 19:00:00,992.4,27.1,62,0.3,234.0,,,0.0,,,,,,,,,,,,,,,,,,,,,,,,,,,,
2012-04-13 20:00:00,992.7,26.9,66,0.4,210.0,,,0.0,,,,,,,,,,,,,,,,,,,,,,,,,,,,
2012-04-13 21:00:00,992.7,26.4,72,0.2,0.0,,,0.0,,,,,,,,,,,,,,,,,,,,,,,,,,,,
2012-04-13 22:00:00,993.2,26.5,71,0.2,0.0,,,0.0,,,,,,,,,,,,,,,,,,,,,,,,,,,,
2012-04-13 23:00:00,993.2,26.2,70,0.2,0.0,,,0.0,,,,,,,,,,,,,,,,,,,,,,,,,,,,
2012-04-14 00:00:00,992.6,26.1,68,0.2,0.0,,,0.0,,,,,,,,,,,,,,,,,,,,,,,,,,,,
2012-04-14 01:00:00,992.6,25.5,70,0.2,0.0,,,0.0,,,,,,,,,,,,,,,,,,,,,,,,,,,,
2012-04-14 02:00:00,992.3,24.6,75,0.0,0.0,,,0.0,,,,,,,,,,,,,,,,,,,,,,,,,,,,
2012-04-14 03:00:00,992.3,24.8,74,0.3,256.0,,,0.0,,,,,,,,,,,,,,,,,,,,,,,,,,,,
2012-04-14 04:00:00,992.6,24.7,81,0.4,309.0,,,0.0,,,,,,,,,,,,,,,,,,,,,,,,,,,,
2012-04-14 05:00:00,993.0,24.4,80,0.5,99.0,,,0.0,,,,,,,,,,,,,,,,,,,,,,,,,,,,
2012-04-14 06:00:00,993.4,24.8,78,0.1,0.0,,,0.0,,,,,,,,,,,,,,,,,,,,,,,,,,,,
2012-04-14 07:00:00,994.2,25.8,77,0.1,0.0,,,0.0,,,,,,,,,,,,,,,,,,,,,,,,,,,,
2012-04-14 08:00:00,994.4,26.8,70,0.3,40.0,,,0.0,,,,,,,,,,,,,,,,,,,,,,,,,,,,
2012-04-14 09:00:00,994.5,28.0,60,0.7,247.0,,,0.0,,,,,,,,,,,,,,,,,,,,,,,,,,,,
2012-04-14 10:00:00,994.0,30.8,51,0.6,205.0,,,0.0,,,,,,,,,,,,,,,,,,,,,,,,,,,,
2012-04-14 11:00:00,993.3,32.3,52,0.7,279.0,,,0.0,,,,,,,,,,,,,,,,,,,,,,,,,,,,
2012-04-14 12:00:00,993.0,31.9,58,0.9,287.0,,,0.0,,,,,,,,,,,,,,,,,,,,,,,,,,,,
2012-04-14 13:00:00,992.6,30.3,64,0.7,291.0,,,0.0,,,,,,,,,,,,,,,,,,,,,,,,,,,,
2012-04-14 14:00:00,992.0,30.2,64,0.9,306.0,,,0.0,,,,,,,,,,,,,,,,,,,,,,,,,,,,
2012-04-14 15:00:00,991.1,28.4,70,0.7,344.0,,,0.0,,,,,,,,,,,,,,,,,,,,,,,,,,,,
2012-04-14 16:00:00,991.3,27.2,74,0.7,317.0,,,0.0,,,,,,,,,,,,,,,,,,,,,,,,,,,,
2012-04-14 17:00:00,991.4,26.6,75,0.8,325.0,,,0.0,,,,,,,,,,,,,,,,,,,,,,,,,,,,
2012-04-14 18:00:00,991.7,25.8,79,0.7,344.0,,,0.0,,,,,,,,,,,,,,,,,,,,,,,,,,,,
2012-04-14 19:00:00,992.0,25.8,78,0.2,0.0,,,0.0,,,,,,,,,,,,,,,,,,,,,,,,,,,,
2012-04-14 20:00:00,991.9,25.9,78,0.4,242.0,,,0.0,,,,,,,,,,,,,,,,,,,,,,,,,,,,
2012-04-14 21:00:00,992.6,25.8,79,0.5,342.0,,,0.0,,,,,,,,,,,,,,,,,,,,,,,,,,,,
2012-04-14 22:00:00,993.3,26.0,78,0.5,310.0,,,0.0,,,,,,,,,,,,,,,,,,,,,,,,,,,,
2012-04-14 23:00:00,992.9,25.1,84,0.4,9.0,,,0.0,,,,,,,,,,,,,,,,,,,,,,,,,,,,
2012-04-15 00:00:00,992.6,25.0,84,0.3,331.0,,,0.0,,,,,,,,,,,,,,,,,,,,,,,,,,,,
2012-04-15 01:00:00,992.0,25.0,83,0.1,0.0,,,0.0,,,,,,,,,,,,,,,,,,,,,,,,,,,,
2012-04-15 02:00:00,991.7,25.2,80,0.3,294.0,,,0.0,,,,,,,,,,,,,,,,,,,,,,,,,,,,
2012-04-15 03:00:00,990.7,24.8,84,0.5,43.0,,,0.0,,,,,,,,,,,,,,,,,,,,,,,,,,,,
2012-04-15 04:00:00,990.8,24.6,85,0.3,207.0,,,0.0,,,,,,,,,,,,,,,,,,,,,,,,,,,,
2012-04-15 05:00:00,991.0,24.4,85,0.2,0.0,,,0.0,,,,,,,,,,,,,,,,,,,,,,,,,,,,
2012-04-15 06:00:00,991.4,24.3,85,0.3,73.0,,,0.0,,,,,,,,,,,,,,,,,,,,,,,,,,,,
2012-04-15 07:00:00,992.0,25.1,84,0.6,259.0,,,0.0,,,,,,,,,,,,,,,,,,,,,,,,,,,,
2012-04-15 08:00:00,992.6,25.9,81,0.4,330.0,,,0.0,,,,,,,,,,,,,,,,,,,,,,,,,,,,
2012-04-15 09:00:00,992.7,28.7,66,0.6,250.0,,,0.0,,,,,,,,,,,,,,,,,,,,,,,,,,,,
2012-04-15 10:00:00,992.9,28.8,64,0.8,246.0,,,0.0,,,,,,,,,,,,,,,,,,,,,,,,,,,,
2012-04-15 11:00:00,992.7,28.4,66,0.7,241.0,,,0.0,,,,,,,,,,,,,,,,,,,,,,,,,,,,
2012-04-15 12:00:00,991.9,29.5,63,1.0,245.0,,,-999.6,,,,,,,,,,,,,,,,,,,,,,,,,,,,
2012-04-15 13:00:00,990.8,31.2,56,1.0,244.0,,,0.0,,,,,,,,,,,,,,,,,,,,,,,,,,,,
2012-04-15 14:00:00,989.6,31.2,51,0.9,246.0,,,0.0,,,,,,,,,,,,,,,,,,,,,,,,,,,,
2012-04-15 15:00:00,989.0,30.5,59,0.7,254.0,,,0.0,,,,,,,,,,,,,,,,,,,,,,,,,,,,
2012-04-15 16:00:00,988.8,30.1,54,0.9,242.0,,,-999.6,,,,,,,,,,,,,,,,,,,,,,,,,,,,
2012-04-15 17:00:00,988.0,28.6,62,1.2,245.0,,,0.0,,,,,,,,,,,,,,,,,,,,,,,,,,,,
2012-04-15 18:00:00,988.0,28.5,62,0.4,232.0,,,0.0,,,,,,,,,,,,,,,,,,,,,,,,,,,,
2012-04-15 19:00:00,989.6,27.4,68,1.2,248.0,,,0.0,,,,,,,,,,,,,,,,,,,,,,,,,,,,
2012-04-15 20:00:00,990.3,26.8,74,1.0,244.0,,,0.0,,,,,,,,,,,,,,,,,,,,,,,,,,,,
2012-04-15 21:00:00,990.9,27.0,72,0.4,150.0,,,0.0,,,,,,,,,,,,,,,,,,,,,,,,,,,,
2012-04-15 22:00:00,990.8,26.8,71,0.4,224.0,,,0.0,,,,,,,,,,,,,,,,,,,,,,,,,,,,
2012-04-15 23:00:00,990.8,26.7,73,0.4,89.0,,,0.0,,,,,,,,,,,,,,,,,,,,,,,,,,,,
2012-04-16 00:00:00,990.5,26.2,77,0.2,0.0,,,0.0,,,,,,,,,,,,,,,,,,,,,,,,,,,,
2012-04-16 01:00:00,989.9,26.0,77,0.3,219.0,,,0.0,,,,,,,,,,,,,,,,,,,,,,,,,,,,
2012-04-16 02:00:00,989.4,25.6,79,0.1,0.0,,,0.0,,,,,,,,,,,,,,,,,,,,,,,,,,,,
2012-04-16 03:00:00,989.3,25.6,81,0.3,123.0,,,0.0,,,,,,,,,,,,,,,,,,,,,,,,,,,,
2012-04-16 04:00:00,989.3,25.7,82,0.3,248.0,,,0.0,,,,,,,,,,,,,,,,,,,,,,,,,,,,
2012-04-16 05:00:00,989.3,25.6,83,0.4,179.0,,,0.0,,,,,,,,,,,,,,,,,,,,,,,,,,,,
2012-04-16 06:00:00,989.9,25.1,86,0.2,0.0,,,0.0,,,,,,,,,,,,,,,,,,,,,,,,,,,,
2012-04-16 07:00:00,990.4,25.5,83,0.2,0.0,,,0.0,,,,,,,,,,,,,,,,,,,,,,,,,,,,
2012-04-16 08:00:00,991.1,25.2,88,0.4,316.0,,,0.0,,,,,,,,,,,,,,,,,,,,,,,,,,,,
2012-04-16 09:00:00,991.5,26.3,81,0.4,253.0,,,0.0,,,,,,,,,,,,,,,,,,,,,,,,,,,,
2012-04-16 10:00:00,991.5,27.9,68,0.4,245.0,,,0.0,,,,,,,,,,,,,,,,,,,,,,,,,,,,
2012-04-16 11:00:00,991.5,27.6,74,0.7,246.0,,,0.0,,,,,,,,,,,,,,,,,,,,,,,,,,,,
2012-04-16 12:00:00,990.9,25.9,80,0.7,16.0,,,0.0,,,,,,,,,,,,,,,,,,,,,,,,,,,,
2012-04-16 13:00:00,990.0,26.4,75,1.0,360.0,,,0.0,,,,,,,,,,,,,,,,,,,,,,,,,,,,
2012-04-16 14:00:00,989.2,26.6,73,1.0,339.0,,,0.0,,,,,,,,,,,,,,,,,,,,,,,,,,,,
2012-04-16 15:00:00,988.9,23.6,79,1.0,27.0,,,0.0,,,,,,,,,,,,,,,,,,,,,,,,,,,,
2012-04-16 16:00:00,988.8,21.3,93,1.4,38.0,,,6.5,,,,,,,,,,,,,,,,,,,,,,,,,,,,
2012-04-16 17:00:00,988.9,22.0,93,0.6,37.0,,,2.0,,,,,,,,,,,,,,,,,,,,,,,,,,,,
2012-04-16 18:00:00,989.5,21.5,92,0.7,342.0,,,2.0,,,,,,,,,,,,,,,,,,,,,,,,,,,,
2012-04-16 19:00:00,990.1,21.3,93,0.5,348.0,,,0.0,,,,,,,,,,,,,,,,,,,,,,,,,,,,
2012-04-16 20:00:00,990.7,21.7,90,0.5,327.0,,,0.0,,,,,,,,,,,,,,,,,,,,,,,,,,,,
2012-04-16 21:00:00,991.3,21.0,90,0.7,321.0,,,0.0,,,,,,,,,,,,,,,,,,,,,,,,,,,,
2012-04-16 22:00:00,991.3,20.9,90,0.5,20.0,,,0.0,,,,,,,,,,,,,,,,,,,,,,,,,,,,
2012-04-16 23:00:00,991.1,21.7,88,0.3,51.0,,,0.0,,,,,,,,,,,,,,,,,,,,,,,,,,,,
2012-04-17 00:00:00,990.8,19.9,91,0.4,39.0,,,0.0,,,,,,,,,,,,,,,,,,,,,,,,,,,,
2012-04-17 01:00:00,990.1,20.0,91,0.2,0.0,,,0.0,,,,,,,,,,,,,,,,,,,,,,,,,,,,
2012-04-17 02:00:00,989.8,19.1,89,0.6,354.0,,,0.0,,,,,,,,,,,,,,,,,,,,,,,,,,,,
2012-04-17 03:00:00,989.6,19.9,86,0.6,38.0,,,0.0,,,,,,,,,,,,,,,,,,,,,,,,,,,,
2012-04-17 04:00:00,989.1,20.4,88,0.1,0.0,,,0.0,,,,,,,,,,,,,,,,,,,,,,,,,,,,
2012-04-17 05:00:00,989.6,19.3,82,0.6,35.0,,,0.0,,,,,,,,,,,,,,,,,,,,,,,,,,,,
2012-04-17 06:00:00,990.1,20.7,85,0.2,0.0,,,0.0,,,,,,,,,,,,,,,,,,,,,,,,,,,,
2012-04-17 07:00:00,990.7,20.2,78,0.4,314.0,,,0.0,,,,,,,,,,,,,,,,,,,,,,,,,,,,
2012-04-17 08:00:00,991.1,21.7,73,0.4,323.0,,,0.0,,,,,,,,,,,,,,,,,,,,,,,,,,,,
2012-04-17 09:00:00,991.4,22.3,73,0.6,337.0,,,0.0,,,,,,,,,,,,,,,,,,,,,,,,,,,,
2012-04-17 10:00:00,991.8,22.0,72,0.5,336.0,,,0.0,,,,,,,,,,,,,,,,,,,,,,,,,,,,
2012-04-17 11:00:00,992.0,22.2,74,0.4,260.0,,,0.0,,,,,,,,,,,,,,,,,,,,,,,,,,,,
2012-04-17 12:00:00,991.4,23.1,73,0.4,343.0,,,0.0,,,,,,,,,,,,,,,,,,,,,,,,,,,,
2012-04-17 13:00:00,991.0,23.5,77,0.8,257.0,,,0.0,,,,,,,,,,,,,,,,,,,,,,,,,,,,
2012-04-17 14:00:00,990.4,23.8,77,0.2,0.0,,,0.0,,,,,,,,,,,,,,,,,,,,,,,,,,,,
2012-04-17 15:00:00,989.9,23.4,85,0.2,0.0,,,0.0,,,,,,,,,,,,,,,,,,,,,,,,,,,,
2012-04-17 16:00:00,989.9,23.5,84,0.4,187.0,,,0.0,,,,,,,,,,,,,,,,,,,,,,,,,,,,
2012-04-17 17:00:00,990.3,23.6,82,0.3,141.0,,,0.0,,,,,,,,,,,,,,,,,,,,,,,,,,,,
2012-04-17 18:00:00,991.0,23.4,83,0.3,287.0,,,0.0,,,,,,,,,,,,,,,,,,,,,,,,,,,,
2012-04-17 19:00:00,991.0,23.3,82,0.2,0.0,,,0.0,,,,,,,,,,,,,,,,,,,,,,,,,,,,
2012-04-17 20:00:00,991.4,22.3,82,0.4,335.0,,,0.0,,,,,,,,,,,,,,,,,,,,,,,,,,,,
2012-04-17 21:00:00,991.6,21.4,94,0.2,0.0,,,2.0,,,,,,,,,,,,,,,,,,,,,,,,,,,,
2012-04-17 22:00:00,991.3,21.3,95,0.4,320.0,,,0.5,,,,,,,,,,,,,,,,,,,,,,,,,,,,
2012-04-17 23:00:00,991.3,21.2,93,0.3,334.0,,,0.0,,,,,,,,,,,,,,,,,,,,,,,,,,,,
2012-04-18 00:00:00,990.8,21.5,94,0.2,0.0,,,0.0,,,,,,,,,,,,,,,,,,,,,,,,,,,,
2012-04-18 01:00:00,990.8,21.5,95,0.1,0.0,,,0.0,,,,,,,,,,,,,,,,,,,,,,,,,,,,
2012-04-18 02:00:00,990.9,21.4,95,0.4,301.0,,,0.0,,,,,,,,,,,,,,,,,,,,,,,,,,,,
2012-04-18 03:00:00,990.8,21.3,96,0.2,0.0,,,1.0,,,,,,,,,,,,,,,,,,,,,,,,,,,,
2012-04-18 04:00:00,990.8,21.5,96,0.0,0.0,,,0.0,,,,,,,,,,,,,,,,,,,,,,,,,,,,
2012-04-18 05:00:00,990.5,21.4,97,0.2,0.0,,,0.0,,,,,,,,,,,,,,,,,,,,,,,,,,,,
2012-04-18 06:00:00,990.7,21.4,95,0.3,348.0,,,0.0,,,,,,,,,,,,,,,,,,,,,,,,,,,,
2012-04-18 07:00:00,991.1,22.2,91,0.6,57.0,,,0.0,,,,,,,,,,,,,,,,,,,,,,,,,,,,
2012-04-18 08:00:00,991.1,23.0,90,0.6,40.0,,,0.0,,,,,,,,,,,,,,,,,,,,,,,,,,,,
2012-04-18 09:00:00,991.4,24.4,86,0.7,318.0,,,0.0,,,,,,,,,,,,,,,,,,,,,,,,,,,,
2012-04-18 10:00:00,991.2,25.6,75,0.6,41.0,,,0.0,,,,,,,,,,,,,,,,,,,,,,,,,,,,
2012-04-18 11:00:00,991.3,24.8,84,0.1,0.0,,,0.5,,,,,,,,,,,,,,,,,,,,,,,,,,,,
2012-04-18 12:00:00,990.7,26.0,78,0.6,46.0,,,0.0,,,,,,,,,,,,,,,,,,,,,,,,,,,,
2012-04-18 13:00:00,990.2,27.2,71,0.8,297.0,,,0.0,,,,,,,,,,,,,,,,,,,,,,,,,,,,
2012-04-18 14:00:00,989.8,27.3,74,1.0,333.0,,,0.0,,,,,,,,,,,,,,,,,,,,,,,,,,,,
2012-04-18 15:00:00,989.6,27.1,74,1.0,314.0,,,0.0,,,,,,,,,,,,,,,,,,,,,,,,,,,,
2012-04-18 16:00:00,989.2,27.3,74,0.7,308.0,,,0.0,,,,,,,,,,,,,,,,,,,,,,,,,,,,
2012-04-18 17:00:00,989.7,25.3,82,0.9,320.0,,,0.0,,,,,,,,,,,,,,,,,,,,,,,,,,,,
2012-04-18 18:00:00,989.6,24.4,86,0.8,35.0,,,0.0,,,,,,,,,,,,,,,,,,,,,,,,,,,,
2012-04-18 19:00:00,990.4,24.3,88,0.4,24.0,,,0.5,,,,,,,,,,,,,,,,,,,,,,,,,,,,
2012-04-18 20:00:00,991.0,23.2,97,0.4,51.0,,,8.5,,,,,,,,,,,,,,,,,,,,,,,,,,,,
2012-04-18 21:00:00,992.0,22.9,98,0.2,0.0,,,5.5,,,,,,,,,,,,,,,,,,,,,,,,,,,,
2012-04-18 22:00:00,992.1,22.7,98,0.4,71.0,,,5.0,,,,,,,,,,,,,,,,,,,,,,,,,,,,
2012-04-18 23:00:00,992.1,22.5,98,0.2,0.0,,,2.5,,,,,,,,,,,,,,,,,,,,,,,,,,,,
2012-04-19 00:00:00,991.9,22.3,96,0.5,202.0,,,0.0,,,,,,,,,,,,,,,,,,,,,,,,,,,,
2012-04-19 01:00:00,990.8,22.7,97,0.2,0.0,,,0.0,,,,,,,,,,,,,,,,,,,,,,,,,,,,
2012-04-19 02:00:00,990.2,22.5,98,0.0,0.0,,,-999.6,,,,,,,,,,,,,,,,,,,,,,,,,,,,
2012-04-19 03:00:00,990.2,22.6,98,0.0,0.0,,,0.0,,,,,,,,,,,,,,,,,,,,,,,,,,,,
2012-04-19 04:00:00,990.2,22.5,98,0.3,61.0,,,0.0,,,,,,,,,,,,,,,,,,,,,,,,,,,,
2012-04-19 05:00:00,990.2,22.4,96,0.2,0.0,,,0.0,,,,,,,,,,,,,,,,,,,,,,,,,,,,
2012-04-19 06:00:00,990.2,22.7,95,0.1,0.0,,,0.0,,,,,,,,,,,,,,,,,,,,,,,,,,,,
2012-04-19 07:00:00,991.4,23.1,94,0.0,0.0,,,0.0,,,,,,,,,,,,,,,,,,,,,,,,,,,,
2012-04-19 08:00:00,992.0,23.9,89,0.4,80.0,,,0.0,,,,,,,,,,,,,,,,,,,,,,,,,,,,
2012-04-19 09:00:00,992.1,25.4,80,0.3,44.0,,,0.0,,,,,,,,,,,,,,,,,,,,,,,,,,,,
2012-04-19 10:00:00,992.6,27.5,66,0.6,242.0,,,0.0,,,,,,,,,,,,,,,,,,,,,,,,,,,,
2012-04-19 11:00:00,992.8,28.4,63,0.9,244.0,,,0.0,,,,,,,,,,,,,,,,,,,,,,,,,,,,
2012-04-19 12:00:00,991.8,28.8,60,0.8,253.0,,,-999.6,,,,,,,,,,,,,,,,,,,,,,,,,,,,
2012-04-19 13:00:00,991.1,27.9,73,0.6,283.0,,,0.0,,,,,,,,,,,,,,,,,,,,,,,,,,,,
2012-04-19 14:00:00,990.7,27.4,79,0.9,316.0,,,0.0,,,,,,,,,,,,,,,,,,,,,,,,,,,,
2012-04-19 15:00:00,990.0,27.0,81,0.8,318.0,,,0.0,,,,,,,,,,,,,,,,,,,,,,,,,,,,
2012-04-19 16:00:00,989.8,27.3,77,0.6,35.0,,,0.0,,,,,,,,,,,,,,,,,,,,,,,,,,,,
2012-04-19 17:00:00,989.9,27.7,75,0.6,320.0,,,0.0,,,,,,,,,,,,,,,,,,,,,,,,,,,,
2012-04-19 18:00:00,990.3,26.4,81,0.6,348.0,,,0.0,,,,,,,,,,,,,,,,,,,,,,,,,,,,
2012-04-19 19:00:00,990.2,25.9,86,0.5,59.0,,,0.0,,,,,,,,,,,,,,,,,,,,,,,,,,,,
2012-04-19 20:00:00,990.5,25.6,88,0.2,0.0,,,0.0,,,,,,,,,,,,,,,,,,,,,,,,,,,,
2012-04-19 21:00:00,991.1,24.8,94,0.5,330.0,,,0.0,,,,,,,,,,,,,,,,,,,,,,,,,,,,
2012-04-19 22:00:00,991.4,24.7,93,0.3,63.0,,,0.0,,,,,,,,,,,,,,,,,,,,,,,,,,,,
2012-04-19 23:00:00,991.7,24.6,94,0.1,0.0,,,0.0,,,,,,,,,,,,,,,,,,,,,,,,,,,,
2012-04-20 00:00:00,991.4,24.1,95,0.3,85.0,,,0.0,,,,,,,,,,,,,,,,,,,,,,,,,,,,
2012-04-20 01:00:00,991.3,23.9,95,0.3,55.0,,,0.0,,,,,,,,,,,,,,,,,,,,,,,,,,,,
2012-04-20 02:00:00,990.5,23.5,96,0.0,0.0,,,0.0,,,,,,,,,,,,,,,,,,,,,,,,,,,,
2012-04-20 03:00:00,990.5,23.6,94,0.2,0.0,,,0.0,,,,,,,,,,,,,,,,,,,,,,,,,,,,
2012-04-20 04:00:00,990.5,23.8,92,0.3,26.0,,,0.0,,,,,,,,,,,,,,,,,,,,,,,,,,,,
2012-04-20 05:00:00,990.3,23.9,93,0.3,65.0,,,0.0,,,,,,,,,,,,,,,,,,,,,,,,,,,,
2012-04-20 06:00:00,990.2,24.1,93,0.5,240.0,,,0.0,,,,,,,,,,,,,,,,,,,,,,,,,,,,
2012-04-20 07:00:00,991.0,24.0,92,0.4,253.0,,,0.0,,,,,,,,,,,,,,,,,,,,,,,,,,,,
2012-04-20 08:00:00,991.3,24.5,90,0.3,51.0,,,0.0,,,,,,,,,,,,,,,,,,,,,,,,,,,,
2012-04-20 09:00:00,991.3,25.5,83,0.0,0.0,,,0.0,,,,,,,,,,,,,,,,,,,,,,,,,,,,
2012-04-20 10:00:00,991.3,26.9,79,0.6,101.0,,,0.0,,,,,,,,,,,,,,,,,,,,,,,,,,,,
2012-04-20 11:00:00,991.2,28.4,69,0.5,242.0,,,0.0,,,,,,,,,,,,,,,,,,,,,,,,,,,,
2012-04-20 12:00:00,990.8,29.9,63,0.8,246.0,,,0.0,,,,,,,,,,,,,,,,,,,,,,,,,,,,
2012-04-20 13:00:00,990.3,29.5,64,0.9,259.0,,,0.0,,,,,,,,,,,,,,,,,,,,,,,,,,,,
2012-04-20 14:00:00,989.7,29.7,62,0.6,243.0,,,0.0,,,,,,,,,,,,,,,,,,,,,,,,,,,,
2012-04-20 15:00:00,988.6,29.1,72,0.6,292.0,,,0.0,,,,,,,,,,,,,,,,,,,,,,,,,,,,
2012-04-20 16:00:00,988.7,28.9,64,1.1,240.0,,,0.0,,,,,,,,,,,,,,,,,,,,,,,,,,,,
2012-04-20 17:00:00,989.1,27.7,65,0.7,246.0,,,0.0,,,,,,,,,,,,,,,,,,,,,,,,,,,,
2012-04-20 18:00:00,989.2,27.4,69,0.4,218.0,,,0.0,,,,,,,,,,,,,,,,,,,,,,,,,,,,
2012-04-20 19:00:00,989.2,27.0,69,0.4,176.0,,,-999.6,,,,,,,,,,,,,,,,,,,,,,,,,,,,
2012-04-20 20:00:00,989.6,26.5,77,0.3,180.0,,,0.0,,,,,,,,,,,,,,,,,,,,,,,,,,,,
2012-04-20 21:00:00,990.1,26.0,76,0.3,224.0,,,0.0,,,,,,,,,,,,,,,,,,,,,,,,,,,,
2012-04-20 22:00:00,990.5,24.9,85,0.2,0.0,,,1.0,,,,,,,,,,,,,,,,,,,,,,,,,,,,
2012-04-20 23:00:00,991.1,22.9,97,0.5,266.0,,,19.0,,,,,,,,,,,,,,,,,,,,,,,,,,,,
2012-04-21 00:00:00,990.1,22.7,95,0.4,318.0,,,0.5,,,,,,,,,,,,,,,,,,,,,,,,,,,,
2012-04-21 01:00:00,988.8,23.5,86,0.1,0.0,,,0.0,,,,,,,,,,,,,,,,,,,,,,,,,,,,
2012-04-21 02:00:00,988.2,23.4,90,0.0,0.0,,,0.0,,,,,,,,,,,,,,,,,,,,,,,,,,,,
2012-04-21 03:00:00,987.6,23.2,91,0.0,0.0,,,0.5,,,,,,,,,,,,,,,,,,,,,,,,,,,,
2012-04-21 04:00:00,987.3,23.3,87,0.2,0.0,,,0.0,,,,,,,,,,,,,,,,,,,,,,,,,,,,
2012-04-21 05:00:00,987.7,23.2,90,0.3,230.0,,,0.0,,,,,,,,,,,,,,,,,,,,,,,,,,,,
2012-04-21 06:00:00,988.1,23.3,83,0.3,223.0,,,0.0,,,,,,,,,,,,,,,,,,,,,,,,,,,,
2012-04-21 07:00:00,988.5,23.5,80,0.5,221.0,,,0.0,,,,,,,,,,,,,,,,,,,,,,,,,,,,
2012-04-21 08:00:00,989.0,23.1,89,0.4,27.0,,,0.5,,,,,,,,,,,,,,,,,,,,,,,,,,,,
2012-04-21 09:00:00,988.6,23.9,88,0.2,0.0,,,1.5,,,,,,,,,,,,,,,,,,,,,,,,,,,,
2012-04-21 10:00:00,988.7,27.2,72,0.5,190.0,,,0.0,,,,,,,,,,,,,,,,,,,,,,,,,,,,
2012-04-21 11:00:00,988.4,29.1,60,0.7,126.0,,,0.0,,,,,,,,,,,,,,,,,,,,,,,,,,,,
2012-04-21 12:00:00,988.2,29.9,60,0.8,101.0,,,0.0,,,,,,,,,,,,,,,,,,,,,,,,,,,,
2012-04-21 13:00:00,988.0,30.8,56,0.8,235.0,,,0.0,,,,,,,,,,,,,,,,,,,,,,,,,,,,
2012-04-21 14:00:00,987.6,29.6,57,1.0,243.0,,,0.0,,,,,,,,,,,,,,,,,,,,,,,,,,,,
2012-04-21 15:00:00,987.6,28.4,58,1.0,246.0,,,0.0,,,,,,,,,,,,,,,,,,,,,,,,,,,,
2012-04-21 16:00:00,987.9,27.5,59,0.9,246.0,,,0.0,,,,,,,,,,,,,,,,,,,,,,,,,,,,
2012-04-21 17:00:00,988.2,27.1,60,0.4,258.0,,,0.0,,,,,,,,,,,,,,,,,,,,,,,,,,,,
2012-04-21 18:00:00,989.1,24.4,82,0.2,0.0,,,1.5,,,,,,,,,,,,,,,,,,,,,,,,,,,,
2012-04-21 19:00:00,989.3,24.4,83,0.4,210.0,,,0.0,,,,,,,,,,,,,,,,,,,,,,,,,,,,
2012-04-21 20:00:00,989.6,24.4,77,0.3,330.0,,,0.0,,,,,,,,,,,,,,,,,,,,,,,,,,,,
2012-04-21 21:00:00,990.4,24.8,76,0.2,0.0,,,0.0,,,,,,,,,,,,,,,,,,,,,,,,,,,,
2012-04-21 22:00:00,990.8,24.8,77,0.2,0.0,,,0.0,,,,,,,,,,,,,,,,,,,,,,,,,,,,
2012-04-21 23:00:00,990.7,24.7,79,0.1,0.0,,,0.0,,,,,,,,,,,,,,,,,,,,,,,,,,,,
2012-04-22 00:00:00,990.5,24.5,80,0.1,0.0,,,0.0,,,,,,,,,,,,,,,,,,,,,,,,,,,,
2012-04-22 01:00:00,990.4,24.7,82,0.0,0.0,,,0.0,,,,,,,,,,,,,,,,,,,,,,,,,,,,
2012-04-22 02:00:00,990.3,24.5,84,0.4,252.0,,,0.0,,,,,,,,,,,,,,,,,,,,,,,,,,,,
2012-04-22 03:00:00,989.9,24.1,89,0.4,78.0,,,0.0,,,,,,,,,,,,,,,,,,,,,,,,,,,,
2012-04-22 04:00:00,989.9,24.0,88,0.0,0.0,,,0.0,,,,,,,,,,,,,,,,,,,,,,,,,,,,
2012-04-22 05:00:00,990.1,23.6,93,0.4,247.0,,,0.5,,,,,,,,,,,,,,,,,,,,,,,,,,,,
2012-04-22 06:00:00,990.2,22.2,96,0.0,0.0,,,7.5,,,,,,,,,,,,,,,,,,,,,,,,,,,,
2012-04-22 07:00:00,991.2,22.7,94,0.6,80.0,,,0.0,,,,,,,,,,,,,,,,,,,,,,,,,,,,
2012-04-22 08:00:00,991.4,24.0,91,0.3,32.0,,,0.0,,,,,,,,,,,,,,,,,,,,,,,,,,,,
2012-04-22 09:00:00,991.7,24.9,82,0.8,47.0,,,0.0,,,,,,,,,,,,,,,,,,,,,,,,,,,,
2012-04-22 10:00:00,992.1,27.1,73,0.6,149.0,,,0.0,,,,,,,,,,,,,,,,,,,,,,,,,,,,
2012-04-22 11:00:00,992.3,26.9,73,0.6,245.0,,,0.0,,,,,,,,,,,,,,,,,,,,,,,,,,,,
2012-04-22 12:00:00,992.0,28.2,65,0.7,308.0,,,0.0,,,,,,,,,,,,,,,,,,,,,,,,,,,,
2012-04-22 13:00:00,991.8,28.5,66,0.5,273.0,,,0.0,,,,,,,,,,,,,,,,,,,,,,,,,,,,
2012-04-22 14:00:00,991.2,28.6,65,0.8,232.0,,,0.0,,,,,,,,,,,,,,,,,,,,,,,,,,,,
2012-04-22 15:00:00,990.8,28.8,62,1.1,255.0,,,0.0,,,,,,,,,,,,,,,,,,,,,,,,,,,,
2012-04-22 16:00:00,990.5,28.8,66,0.5,262.0,,,0.0,,,,,,,,,,,,,,,,,,,,,,,,,,,,
2012-04-22 17:00:00,990.6,27.7,67,0.7,330.0,,,0.0,,,,,,,,,,,,,,,,,,,,,,,,,,,,
2012-04-22 18:00:00,991.1,26.3,70,0.9,353.0,,,0.0,,,,,,,,,,,,,,,,,,,,,,,,,,,,
2012-04-22 19:00:00,991.4,25.8,71,0.6,22.0,,,0.0,,,,,,,,,,,,,,,,,,,,,,,,,,,,
2012-04-22 20:00:00,992.0,25.3,78,0.7,61.0,,,0.0,,,,,,,,,,,,,,,,,,,,,,,,,,,,
2012-04-22 21:00:00,992.5,24.5,83,0.2,0.0,,,0.0,,,,,,,,,,,,,,,,,,,,,,,,,,,,
2012-04-22 22:00:00,992.5,23.9,87,0.0,0.0,,,0.0,,,,,,,,,,,,,,,,,,,,,,,,,,,,
2012-04-22 23:00:00,992.4,23.9,87,0.1,0.0,,,0.0,,,,,,,,,,,,,,,,,,,,,,,,,,,,
2012-04-23 00:00:00,991.7,24.2,85,0.1,0.0,,,0.0,,,,,,,,,,,,,,,,,,,,,,,,,,,,
2012-04-23 01:00:00,991.5,23.9,87,0.3,71.0,,,0.0,,,,,,,,,,,,,,,,,,,,,,,,,,,,
2012-04-23 02:00:00,991.5,23.6,89,0.5,72.0,,,0.0,,,,,,,,,,,,,,,,,,,,,,,,,,,,
2012-04-23 03:00:00,991.3,23.4,89,0.0,0.0,,,-999.6,,,,,,,,,,,,,,,,,,,,,,,,,,,,
2012-04-23 04:00:00,991.1,23.4,88,0.1,0.0,,,0.0,,,,,,,,,,,,,,,,,,,,,,,,,,,,
2012-04-23 05:00:00,991.5,23.8,87,0.4,79.0,,,0.0,,,,,,,,,,,,,,,,,,,,,,,,,,,,
2012-04-23 06:00:00,992.0,23.9,87,0.1,0.0,,,0.0,,,,,,,,,,,,,,,,,,,,,,,,,,,,
2012-04-23 07:00:00,992.6,24.8,83,0.5,46.0,,,0.0,,,,,,,,,,,,,,,,,,,,,,,,,,,,
2012-04-23 08:00:00,993.2,26.1,74,0.4,83.0,,,0.0,,,,,,,,,,,,,,,,,,,,,,,,,,,,
2012-04-23 09:00:00,993.4,28.0,67,0.5,234.0,,,0.0,,,,,,,,,,,,,,,,,,,,,,,,,,,,
2012-04-23 10:00:00,993.4,29.0,63,0.9,240.0,,,0.0,,,,,,,,,,,,,,,,,,,,,,,,,,,,
2012-04-23 11:00:00,993.1,29.6,62,0.7,230.0,,,0.0,,,,,,,,,,,,,,,,,,,,,,,,,,,,
2012-04-23 12:00:00,992.6,28.8,71,0.7,314.0,,,0.0,,,,,,,,,,,,,,,,,,,,,,,,,,,,
2012-04-23 13:00:00,991.7,30.2,64,0.8,307.0,,,0.0,,,,,,,,,,,,,,,,,,,,,,,,,,,,
2012-04-23 14:00:00,991.3,29.4,66,0.5,330.0,,,0.0,,,,,,,,,,,,,,,,,,,,,,,,,,,,
2012-04-23 15:00:00,990.2,29.9,62,0.7,349.0,,,0.0,,,,,,,,,,,,,,,,,,,,,,,,,,,,
2012-04-23 16:00:00,989.9,29.1,66,0.8,315.0,,,0.0,,,,,,,,,,,,,,,,,,,,,,,,,,,,
2012-04-23 17:00:00,990.2,27.9,65,0.6,327.0,,,0.0,,,,,,,,,,,,,,,,,,,,,,,,,,,,
2012-04-23 18:00:00,990.5,27.2,69,0.6,27.0,,,0.0,,,,,,,,,,,,,,,,,,,,,,,,,,,,
2012-04-23 19:00:00,990.9,26.7,71,0.4,58.0,,,0.0,,,,,,,,,,,,,,,,,,,,,,,,,,,,
2012-04-23 20:00:00,990.8,26.1,72,0.2,0.0,,,0.0,,,,,,,,,,,,,,,,,,,,,,,,,,,,
2012-04-23 21:00:00,991.3,26.3,73,0.3,252.0,,,0.0,,,,,,,,,,,,,,,,,,,,,,,,,,,,
2012-04-23 22:00:00,991.5,25.8,78,0.1,0.0,,,0.0,,,,,,,,,,,,,,,,,,,,,,,,,,,,
2012-04-23 23:00:00,991.4,25.4,81,0.3,58.0,,,0.0,,,,,,,,,,,,,,,,,,,,,,,,,,,,
2012-04-24 00:00:00,991.1,25.3,82,0.2,0.0,,,0.0,,,,,,,,,,,,,,,,,,,,,,,,,,,,
2012-04-24 01:00:00,990.6,25.0,84,0.2,0.0,,,0.0,,,,,,,,,,,,,,,,,,,,,,,,,,,,
2012-04-24 02:00:00,990.2,24.9,85,0.4,253.0,,,0.0,,,,,,,,,,,,,,,,,,,,,,,,,,,,
2012-04-24 03:00:00,989.8,25.0,84,0.2,0.0,,,0.0,,,,,,,,,,,,,,,,,,,,,,,,,,,,
2012-04-24 04:00:00,989.3,24.9,82,0.3,250.0,,,0.0,,,,,,,,,,,,,,,,,,,,,,,,,,,,
2012-04-24 05:00:00,989.3,24.7,81,0.2,0.0,,,0.0,,,,,,,,,,,,,,,,,,,,,,,,,,,,
2012-04-24 06:00:00,989.6,24.9,79,0.2,0.0,,,0.0,,,,,,,,,,,,,,,,,,,,,,,,,,,,
2012-04-24 07:00:00,990.1,26.5,74,0.1,0.0,,,0.0,,,,,,,,,,,,,,,,,,,,,,,,,,,,
2012-04-24 08:00:00,990.5,28.8,64,0.5,196.0,,,0.0,,,,,,,,,,,,,,,,,,,,,,,,,,,,
2012-04-24 09:00:00,990.7,30.2,54,0.5,164.0,,,0.0,,,,,,,,,,,,,,,,,,,,,,,,,,,,
2012-04-24 10:00:00,990.4,32.5,44,0.7,154.0,,,0.0,,,,,,,,,,,,,,,,,,,,,,,,,,,,
2012-04-24 11:00:00,990.1,33.2,42,0.9,237.0,,,0.0,,,,,,,,,,,,,,,,,,,,,,,,,,,,
2012-04-24 12:00:00,989.3,34.0,45,1.0,258.0,,,0.0,,,,,,,,,,,,,,,,,,,,,,,,,,,,
2012-04-24 13:00:00,988.2,32.9,53,1.0,240.0,,,0.0,,,,,,,,,,,,,,,,,,,,,,,,,,,,
2012-04-24 14:00:00,987.8,32.2,55,1.0,253.0,,,0.0,,,,,,,,,,,,,,,,,,,,,,,,,,,,
2012-04-24 15:00:00,987.5,32.5,55,1.2,243.0,,,0.0,,,,,,,,,,,,,,,,,,,,,,,,,,,,
2012-04-24 16:00:00,987.8,32.0,54,1.2,244.0,,,0.0,,,,,,,,,,,,,,,,,,,,,,,,,,,,
2012-04-24 17:00:00,988.3,31.1,56,1.0,247.0,,,0.0,,,,,,,,,,,,,,,,,,,,,,,,,,,,
2012-04-24 18:00:00,988.7,30.1,63,0.8,251.0,,,0.0,,,,,,,,,,,,,,,,,,,,,,,,,,,,
2012-04-24 19:00:00,988.8,29.8,64,0.5,175.0,,,0.0,,,,,,,,,,,,,,,,,,,,,,,,,,,,
2012-04-24 20:00:00,989.5,29.4,64,0.6,148.0,,,0.0,,,,,,,,,,,,,,,,,,,,,,,,,,,,
2012-04-24 21:00:00,990.2,28.9,67,0.5,61.0,,,0.0,,,,,,,,,,,,,,,,,,,,,,,,,,,,
2012-04-24 22:00:00,990.2,28.8,65,0.4,73.0,,,0.0,,,,,,,,,,,,,,,,,,,,,,,,,,,,
2012-04-24 23:00:00,989.9,28.3,67,0.3,89.0,,,0.0,,,,,,,,,,,,,,,,,,,,,,,,,,,,
2012-04-25 00:00:00,989.3,27.8,68,0.3,7.0,,,0.0,,,,,,,,,,,,,,,,,,,,,,,,,,,,
2012-04-25 01:00:00,988.8,27.7,67,0.4,104.0,,,0.0,,,,,,,,,,,,,,,,,,,,,,,,,,,,
2012-04-25 02:00:00,988.4,27.1,72,0.3,41.0,,,0.0,,,,,,,,,,,,,,,,,,,,,,,,,,,,
2012-04-25 03:00:00,988.4,27.0,72,0.1,0.0,,,0.0,,,,,,,,,,,,,,,,,,,,,,,,,,,,
2012-04-25 04:00:00,988.7,27.1,70,0.4,138.0,,,0.0,,,,,,,,,,,,,,,,,,,,,,,,,,,,
2012-04-25 05:00:00,988.8,27.3,66,0.3,162.0,,,0.0,,,,,,,,,,,,,,,,,,,,,,,,,,,,
2012-04-25 06:00:00,988.9,27.5,66,0.3,163.0,,,0.0,,,,,,,,,,,,,,,,,,,,,,,,,,,,
2012-04-25 07:00:00,989.1,28.7,62,0.6,179.0,,,0.0,,,,,,,,,,,,,,,,,,,,,,,,,,,,
2012-04-25 08:00:00,989.6,31.4,51,0.6,132.0,,,0.0,,,,,,,,,,,,,,,,,,,,,,,,,,,,
2012-04-25 09:00:00,990.4,30.8,54,0.9,248.0,,,0.0,,,,,,,,,,,,,,,,,,,,,,,,,,,,
2012-04-25 10:00:00,989.9,31.8,56,0.8,88.0,,,0.0,,,,,,,,,,,,,,,,,,,,,,,,,,,,
2012-04-25 11:00:00,989.3,25.8,83,1.0,192.0,,,3.5,,,,,,,,,,,,,,,,,,,,,,,,,,,,
2012-04-25 12:00:00,988.7,31.0,65,0.6,283.0,,,0.0,,,,,,,,,,,,,,,,,,,,,,,,,,,,
2012-04-25 13:00:00,987.9,31.8,63,1.1,241.0,,,0.5,,,,,,,,,,,,,,,,,,,,,,,,,,,,
2012-04-25 14:00:00,987.9,31.9,61,1.5,247.0,,,0.0,,,,,,,,,,,,,,,,,,,,,,,,,,,,
2012-04-25 15:00:00,987.9,30.4,66,1.0,241.0,,,0.0,,,,,,,,,,,,,,,,,,,,,,,,,,,,
2012-04-25 16:00:00,987.9,30.0,67,0.8,237.0,,,0.0,,,,,,,,,,,,,,,,,,,,,,,,,,,,
2012-04-25 17:00:00,988.0,29.2,70,0.9,245.0,,,0.0,,,,,,,,,,,,,,,,,,,,,,,,,,,,
2012-04-25 18:00:00,989.1,28.5,76,0.6,242.0,,,0.0,,,,,,,,,,,,,,,,,,,,,,,,,,,,
2012-04-25 19:00:00,989.2,28.2,78,0.4,250.0,,,0.5,,,,,,,,,,,,,,,,,,,,,,,,,,,,
2012-04-25 20:00:00,990.2,27.9,79,0.4,220.0,,,0.0,,,,,,,,,,,,,,,,,,,,,,,,,,,,
2012-04-25 21:00:00,991.2,26.1,91,0.4,176.0,,,6.0,,,,,,,,,,,,,,,,,,,,,,,,,,,,
2012-04-25 22:00:00,991.4,25.6,91,0.5,143.0,,,2.5,,,,,,,,,,,,,,,,,,,,,,,,,,,,
2012-04-25 23:00:00,991.4,25.8,90,0.4,79.0,,,0.0,,,,,,,,,,,,,,,,,,,,,,,,,,,,
2012-04-26 00:00:00,990.8,26.1,85,0.3,77.0,,,0.5,,,,,,,,,,,,,,,,,,,,,,,,,,,,
2012-04-26 01:00:00,991.0,25.4,92,0.3,283.0,,,5.5,,,,,,,,,,,,,,,,,,,,,,,,,,,,
2012-04-26 02:00:00,989.9,25.2,90,0.4,221.0,,,0.0,,,,,,,,,,,,,,,,,,,,,,,,,,,,
2012-04-26 03:00:00,989.4,25.0,90,0.1,0.0,,,0.0,,,,,,,,,,,,,,,,,,,,,,,,,,,,
2012-04-26 04:00:00,988.7,25.3,87,0.5,180.0,,,0.0,,,,,,,,,,,,,,,,,,,,,,,,,,,,
2012-04-26 05:00:00,989.1,25.5,84,0.2,0.0,,,0.0,,,,,,,,,,,,,,,,,,,,,,,,,,,,
2012-04-26 06:00:00,991.0,21.0,99,1.1,74.0,,,38.0,,,,,,,,,,,,,,,,,,,,,,,,,,,,
2012-04-26 07:00:00,991.4,21.8,99,0.1,0.0,,,6.0,,,,,,,,,,,,,,,,,,,,,,,,,,,,
2012-04-26 08:00:00,991.1,20.9,98,0.6,26.0,,,3.5,,,,,,,,,,,,,,,,,,,,,,,,,,,,
2012-04-26 09:00:00,992.0,21.7,92,1.0,332.0,,,0.0,,,,,,,,,,,,,,,,,,,,,,,,,,,,
2012-04-26 10:00:00,991.8,24.7,80,0.9,40.0,,,0.0,,,,,,,,,,,,,,,,,,,,,,,,,,,,
2012-04-26 11:00:00,991.5,25.6,74,1.1,327.0,,,0.0,,,,,,,,,,,,,,,,,,,,,,,,,,,,
2012-04-26 12:00:00,991.5,26.7,69,1.1,20.0,,,0.0,,,,,,,,,,,,,,,,,,,,,,,,,,,,
2012-04-26 13:00:00,990.8,25.6,69,0.9,330.0,,,0.0,,,,,,,,,,,,,,,,,,,,,,,,,,,,
2012-04-26 14:00:00,990.5,24.4,69,1.1,24.0,,,0.0,,,,,,,,,,,,,,,,,,,,,,,,,,,,
2012-04-26 15:00:00,989.8,24.9,77,0.5,16.0,,,0.0,,,,,,,,,,,,,,,,,,,,,,,,,,,,
2012-04-26 16:00:00,989.4,24.0,75,0.5,359.0,,,0.0,,,,,,,,,,,,,,,,,,,,,,,,,,,,
2012-04-26 17:00:00,989.3,23.8,77,0.4,332.0,,,0.0,,,,,,,,,,,,,,,,,,,,,,,,,,,,
2012-04-26 18:00:00,990.1,21.9,82,0.5,334.0,,,0.0,,,,,,,,,,,,,,,,,,,,,,,,,,,,
2012-04-26 19:00:00,990.3,21.1,83,0.5,348.0,,,0.0,,,,,,,,,,,,,,,,,,,,,,,,,,,,
2012-04-26 20:00:00,991.1,22.3,81,0.5,323.0,,,0.0,,,,,,,,,,,,,,,,,,,,,,,,,,,,
2012-04-26 21:00:00,991.3,23.3,80,0.0,0.0,,,0.0,,,,,,,,,,,,,,,,,,,,,,,,,,,,
2012-04-26 22:00:00,991.4,23.3,81,0.3,248.0,,,0.0,,,,,,,,,,,,,,,,,,,,,,,,,,,,
2012-04-26 23:00:00,991.8,23.1,80,0.4,272.0,,,0.0,,,,,,,,,,,,,,,,,,,,,,,,,,,,
2012-04-27 00:00:00,991.6,22.6,82,0.4,301.0,,,0.0,,,,,,,,,,,,,,,,,,,,,,,,,,,,
2012-04-27 01:00:00,991.4,22.9,81,0.3,50.0,,,0.0,,,,,,,,,,,,,,,,,,,,,,,,,,,,
2012-04-27 02:00:00,991.0,23.0,84,0.0,0.0,,,0.0,,,,,,,,,,,,,,,,,,,,,,,,,,,,
2012-04-27 03:00:00,990.5,22.7,87,0.3,76.0,,,0.0,,,,,,,,,,,,,,,,,,,,,,,,,,,,
2012-04-27 04:00:00,990.1,22.7,89,0.3,256.0,,,0.0,,,,,,,,,,,,,,,,,,,,,,,,,,,,
2012-04-27 05:00:00,990.8,22.3,87,0.5,291.0,,,0.0,,,,,,,,,,,,,,,,,,,,,,,,,,,,
2012-04-27 06:00:00,991.3,22.6,87,0.1,0.0,,,0.0,,,,,,,,,,,,,,,,,,,,,,,,,,,,
2012-04-27 07:00:00,992.0,23.6,85,0.1,0.0,,,0.0,,,,,,,,,,,,,,,,,,,,,,,,,,,,
2012-04-27 08:00:00,991.8,24.9,80,0.4,245.0,,,0.0,,,,,,,,,,,,,,,,,,,,,,,,,,,,
2012-04-27 09:00:00,992.0,25.8,75,0.4,235.0,,,0.0,,,,,,,,,,,,,,,,,,,,,,,,,,,,
2012-04-27 10:00:00,992.6,24.3,81,0.6,309.0,,,0.0,,,,,,,,,,,,,,,,,,,,,,,,,,,,
2012-04-27 11:00:00,993.6,21.0,97,0.7,2.0,,,11.5,,,,,,,,,,,,,,,,,,,,,,,,,,,,
2012-04-27 12:00:00,993.9,21.3,90,0.7,55.0,,,1.0,,,,,,,,,,,,,,,,,,,,,,,,,,,,
2012-04-27 13:00:00,994.0,20.8,95,0.6,41.0,,,9.0,,,,,,,,,,,,,,,,,,,,,,,,,,,,
2012-04-27 14:00:00,991.5,21.5,87,0.7,78.0,,,2.0,,,,,,,,,,,,,,,,,,,,,,,,,,,,
2012-04-27 15:00:00,991.1,23.1,81,0.5,258.0,,,0.0,,,,,,,,,,,,,,,,,,,,,,,,,,,,
2012-04-27 16:00:00,990.8,22.5,88,0.3,248.0,,,0.0,,,,,,,,,,,,,,,,,,,,,,,,,,,,
2012-04-27 17:00:00,989.9,22.7,87,0.3,327.0,,,0.0,,,,,,,,,,,,,,,,,,,,,,,,,,,,
2012-04-27 18:00:00,990.1,22.9,84,0.3,331.0,,,0.0,,,,,,,,,,,,,,,,,,,,,,,,,,,,
2012-04-27 19:00:00,990.3,22.5,84,0.4,317.0,,,0.0,,,,,,,,,,,,,,,,,,,,,,,,,,,,
2012-04-27 20:00:00,990.9,22.1,87,0.5,331.0,,,0.0,,,,,,,,,,,,,,,,,,,,,,,,,,,,
2012-04-27 21:00:00,992.3,21.5,90,0.5,350.0,,,0.0,,,,,,,,,,,,,,,,,,,,,,,,,,,,
2012-04-27 22:00:00,992.3,21.8,83,0.4,12.0,,,0.0,,,,,,,,,,,,,,,,,,,,,,,,,,,,
2012-04-27 23:00:00,992.2,22.3,81,0.5,51.0,,,0.0,,,,,,,,,,,,,,,,,,,,,,,,,,,,
2012-04-28 00:00:00,993.0,21.2,93,0.0,0.0,,,1.5,,,,,,,,,,,,,,,,,,,,,,,,,,,,
2012-04-28 01:00:00,992.9,21.2,96,0.0,0.0,,,0.0,,,,,,,,,,,,,,,,,,,,,,,,,,,,
2012-04-28 02:00:00,992.1,21.2,96,0.3,75.0,,,0.5,,,,,,,,,,,,,,,,,,,,,,,,,,,,
2012-04-28 03:00:00,991.3,20.9,98,0.3,44.0,,,3.5,,,,,,,,,,,,,,,,,,,,,,,,,,,,
2012-04-28 04:00:00,990.7,21.3,96,0.1,0.0,,,0.5,,,,,,,,,,,,,,,,,,,,,,,,,,,,
2012-04-28 05:00:00,989.7,21.4,96,0.3,44.0,,,0.0,,,,,,,,,,,,,,,,,,,,,,,,,,,,
2012-04-28 06:00:00,990.2,21.6,96,0.2,0.0,,,0.0,,,,,,,,,,,,,,,,,,,,,,,,,,,,
2012-04-28 07:00:00,991.3,22.1,96,0.5,69.0,,,0.0,,,,,,,,,,,,,,,,,,,,,,,,,,,,
2012-04-28 08:00:00,992.0,25.7,80,0.1,0.0,,,0.0,,,,,,,,,,,,,,,,,,,,,,,,,,,,
2012-04-28 09:00:00,992.5,27.3,70,0.3,313.0,,,0.0,,,,,,,,,,,,,,,,,,,,,,,,,,,,
2012-04-28 10:00:00,992.8,27.7,69,0.4,244.0,,,0.0,,,,,,,,,,,,,,,,,,,,,,,,,,,,
2012-04-28 11:00:00,993.3,26.5,72,0.3,354.0,,,0.0,,,,,,,,,,,,,,,,,,,,,,,,,,,,
2012-04-28 12:00:00,993.3,26.0,77,0.2,0.0,,,0.0,,,,,,,,,,,,,,,,,,,,,,,,,,,,
2012-04-28 13:00:00,993.0,25.9,80,0.3,239.0,,,0.5,,,,,,,,,,,,,,,,,,,,,,,,,,,,
2012-04-28 14:00:00,992.5,24.4,93,0.1,0.0,,,4.0,,,,,,,,,,,,,,,,,,,,,,,,,,,,
2012-04-28 15:00:00,991.5,23.5,97,0.1,0.0,,,6.5,,,,,,,,,,,,,,,,,,,,,,,,,,,,
2012-04-28 16:00:00,991.5,23.9,95,0.2,0.0,,,1.5,,,,,,,,,,,,,,,,,,,,,,,,,,,,
2012-04-28 17:00:00,991.7,24.0,93,0.3,74.0,,,0.5,,,,,,,,,,,,,,,,,,,,,,,,,,,,
2012-04-28 18:00:00,991.4,24.5,90,0.4,264.0,,,0.0,,,,,,,,,,,,,,,,,,,,,,,,,,,,
2012-04-28 19:00:00,992.0,23.6,96,0.2,0.0,,,0.0,,,,,,,,,,,,,,,,,,,,,,,,,,,,
2012-04-28 20:00:00,992.6,23.1,94,0.6,63.0,,,-999.6,,,,,,,,,,,,,,,,,,,,,,,,,,,,
2012-04-28 21:00:00,992.9,22.4,97,0.0,0.0,,,0.0,,,,,,,,,,,,,,,,,,,,,,,,,,,,
2012-04-28 22:00:00,992.4,22.2,93,0.2,0.0,,,0.0,,,,,,,,,,,,,,,,,,,,,,,,,,,,
2012-04-28 23:00:00,992.4,21.9,98,0.0,0.0,,,0.0,,,,,,,,,,,,,,,,,,,,,,,,,,,,
2012-04-29 00:00:00,991.7,21.5,98,0.1,0.0,,,0.0,,,,,,,,,,,,,,,,,,,,,,,,,,,,
2012-04-29 01:00:00,991.1,21.4,99,0.1,0.0,,,0.0,,,,,,,,,,,,,,,,,,,,,,,,,,,,
2012-04-29 02:00:00,990.8,21.1,99,0.0,0.0,,,0.0,,,,,,,,,,,,,,,,,,,,,,,,,,,,
2012-04-29 03:00:00,990.5,21.3,98,0.1,0.0,,,0.0,,,,,,,,,,,,,,,,,,,,,,,,,,,,
2012-04-29 04:00:00,990.4,21.8,94,0.1,0.0,,,0.0,,,,,,,,,,,,,,,,,,,,,,,,,,,,
2012-04-29 05:00:00,990.1,21.6,88,0.0,0.0,,,0.0,,,,,,,,,,,,,,,,,,,,,,,,,,,,
2012-04-29 06:00:00,990.1,22.1,89,0.1,0.0,,,0.0,,,,,,,,,,,,,,,,,,,,,,,,,,,,
2012-04-29 07:00:00,990.5,24.5,75,0.5,227.0,,,0.0,,,,,,,,,,,,,,,,,,,,,,,,,,,,
2012-04-29 08:00:00,990.8,27.8,63,0.4,249.0,,,0.0,,,,,,,,,,,,,,,,,,,,,,,,,,,,
2012-04-29 09:00:00,991.6,27.9,61,0.3,153.0,,,0.0,,,,,,,,,,,,,,,,,,,,,,,,,,,,
2012-04-29 10:00:00,991.7,30.3,56,0.6,102.0,,,0.0,,,,,,,,,,,,,,,,,,,,,,,,,,,,
2012-04-29 11:00:00,991.1,30.6,61,0.8,133.0,,,0.0,,,,,,,,,,,,,,,,,,,,,,,,,,,,
2012-04-29 12:00:00,990.4,32.0,54,1.0,145.0,,,0.0,,,,,,,,,,,,,,,,,,,,,,,,,,,,
2012-04-29 13:00:00,989.9,32.0,55,0.9,251.0,,,0.0,,,,,,,,,,,,,,,,,,,,,,,,,,,,
2012-04-29 14:00:00,989.1,32.1,56,0.8,241.0,,,0.0,,,,,,,,,,,,,,,,,,,,,,,,,,,,
2012-04-29 15:00:00,989.2,30.9,64,0.8,243.0,,,0.0,,,,,,,,,,,,,,,,,,,,,,,,,,,,
2012-04-29 16:00:00,990.4,25.3,80,1.1,276.0,,,0.0,,,,,,,,,,,,,,,,,,,,,,,,,,,,
2012-04-29 17:00:00,990.2,25.1,86,0.4,248.0,,,0.0,,,,,,,,,,,,,,,,,,,,,,,,,,,,
2012-04-29 18:00:00,990.2,25.3,86,0.5,95.0,,,0.5,,,,,,,,,,,,,,,,,,,,,,,,,,,,
2012-04-29 19:00:00,990.7,23.4,97,0.7,57.0,,,16.5,,,,,,,,,,,,,,,,,,,,,,,,,,,,
2012-04-29 20:00:00,990.1,23.7,84,0.4,75.0,,,0.0,,,,,,,,,,,,,,,,,,,,,,,,,,,,
2012-04-29 21:00:00,989.9,23.4,90,0.3,244.0,,,0.0,,,,,,,,,,,,,,,,,,,,,,,,,,,,
2012-04-29 22:00:00,990.2,23.5,90,0.3,237.0,,,0.0,,,,,,,,,,,,,,,,,,,,,,,,,,,,
2012-04-29 23:00:00,989.6,24.0,86,0.4,241.0,,,0.0,,,,,,,,,,,,,,,,,,,,,,,,,,,,
2012-04-30 00:00:00,989.6,24.1,87,0.3,262.0,,,0.0,,,,,,,,,,,,,,,,,,,,,,,,,,,,
2012-04-30 01:00:00,989.2,24.1,88,0.1,0.0,,,0.0,,,,,,,,,,,,,,,,,,,,,,,,,,,,
2012-04-30 02:00:00,988.9,24.3,85,0.3,116.0,,,0.0,,,,,,,,,,,,,,,,,,,,,,,,,,,,
2012-04-30 03:00:00,989.2,23.7,93,0.3,138.0,,,3.5,,,,,,,,,,,,,,,,,,,,,,,,,,,,
2012-04-30 04:00:00,988.6,23.8,97,0.2,0.0,,,4.0,,,,,,,,,,,,,,,,,,,,,,,,,,,,
2012-04-30 05:00:00,989.3,23.6,98,0.2,0.0,,,5.5,,,,,,,,,,,,,,,,,,,,,,,,,,,,
2012-04-30 06:00:00,990.0,23.0,99,0.7,65.0,,,22.0,,,,,,,,,,,,,,,,,,,,,,,,,,,,
2012-04-30 07:00:00,990.4,23.3,98,0.5,78.0,,,3.5,,,,,,,,,,,,,,,,,,,,,,,,,,,,
2012-04-30 08:00:00,991.1,24.2,95,0.2,0.0,,,1.0,,,,,,,,,,,,,,,,,,,,,,,,,,,,
2012-04-30 09:00:00,990.4,26.0,90,0.4,205.0,,,0.5,,,,,,,,,,,,,,,,,,,,,,,,,,,,
2012-04-30 10:00:00,990.5,28.6,74,0.5,79.0,,,0.0,,,,,,,,,,,,,,,,,,,,,,,,,,,,
2012-04-30 11:00:00,989.9,30.7,60,0.8,133.0,,,0.0,,,,,,,,,,,,,,,,,,,,,,,,,,,,
2012-04-30 12:00:00,990.4,28.6,70,0.8,235.0,,,0.0,,,,,,,,,,,,,,,,,,,,,,,,,,,,
2012-04-30 13:00:00,989.7,25.7,90,0.7,217.0,,,2.5,,,,,,,,,,,,,,,,,,,,,,,,,,,,
2012-04-30 14:00:00,989.2,25.8,89,0.2,0.0,,,2.5,,,,,,,,,,,,,,,,,,,,,,,,,,,,
2012-04-30 15:00:00,988.6,25.5,90,0.4,38.0,,,12.0,,,,,,,,,,,,,,,,,,,,,,,,,,,,
2012-04-30 16:00:00,987.9,27.6,81,0.3,299.0,,,0.0,,,,,,,,,,,,,,,,,,,,,,,,,,,,
2012-04-30 17:00:00,987.9,29.5,65,0.5,268.0,,,0.0,,,,,,,,,,,,,,,,,,,,,,,,,,,,
2012-04-30 18:00:00,987.8,28.3,70,0.3,281.0,,,0.0,,,,,,,,,,,,,,,,,,,,,,,,,,,,
2012-04-30 19:00:00,988.2,27.3,78,0.0,0.0,,,0.0,,,,,,,,,,,,,,,,,,,,,,,,,,,,
2012-04-30 20:00:00,988.6,26.2,83,0.1,0.0,,,0.0,,,,,,,,,,,,,,,,,,,,,,,,,,,,
2012-04-30 21:00:00,989.4,26.1,82,0.0,0.0,,,0.0,,,,,,,,,,,,,,,,,,,,,,,,,,,,
2012-04-30 22:00:00,989.3,26.5,78,0.1,0.0,,,0.0,,,,,,,,,,,,,,,,,,,,,,,,,,,,
2012-04-30 23:00:00,988.9,26.1,80,0.3,256.0,,,0.0,,,,,,,,,,,,,,,,,,,,,,,,,,,,
2012-05-01 00:00:00,989.1,25.5,84,0.2,0.0,,,0.0,,,,,,,,,,,,,,,,,,,,,,,,,,,,
2012-05-01 01:00:00,988.8,25.7,81,0.1,0.0,,,0.0,,,,,,,,,,,,,,,,,,,,,,,,,,,,
2012-05-01 02:00:00,988.3,25.5,81,0.5,268.0,,,0.0,,,,,,,,,,,,,,,,,,,,,,,,,,,,
2012-05-01 03:00:00,987.9,24.8,83,0.2,0.0,,,0.0,,,,,,,,,,,,,,,,,,,,,,,,,,,,
2012-05-01 04:00:00,988.3,24.2,87,0.0,0.0,,,0.0,,,,,,,,,,,,,,,,,,,,,,,,,,,,
2012-05-01 05:00:00,988.7,24.4,85,0.3,248.0,,,0.0,,,,,,,,,,,,,,,,,,,,,,,,,,,,
2012-05-01 06:00:00,989.5,25.6,76,0.3,17.0,,,0.0,,,,,,,,,,,,,,,,,,,,,,,,,,,,
2012-05-01 07:00:00,990.2,27.5,66,0.3,256.0,,,0.0,,,,,,,,,,,,,,,,,,,,,,,,,,,,
2012-05-01 08:00:00,991.1,29.2,61,0.4,331.0,,,0.0,,,,,,,,,,,,,,,,,,,,,,,,,,,,
2012-05-01 09:00:00,991.4,31.1,53,0.6,126.0,,,0.0,,,,,,,,,,,,,,,,,,,,,,,,,,,,
2012-05-01 10:00:00,991.3,31.7,52,0.8,186.0,,,0.0,,,,,,,,,,,,,,,,,,,,,,,,,,,,
2012-05-01 11:00:00,991.0,32.9,50,0.9,187.0,,,0.0,,,,,,,,,,,,,,,,,,,,,,,,,,,,
2012-05-01 12:00:00,990.2,32.5,53,0.9,175.0,,,0.0,,,,,,,,,,,,,,,,,,,,,,,,,,,,
2012-05-01 13:00:00,989.8,33.5,52,1.3,235.0,,,0.0,,,,,,,,,,,,,,,,,,,,,,,,,,,,
2012-05-01 14:00:00,989.1,34.3,51,1.2,236.0,,,0.0,,,,,,,,,,,,,,,,,,,,,,,,,,,,
2012-05-01 15:00:00,988.3,34.2,51,1.0,238.0,,,0.0,,,,,,,,,,,,,,,,,,,,,,,,,,,,
2012-05-01 16:00:00,988.1,32.9,48,0.7,249.0,,,0.0,,,,,,,,,,,,,,,,,,,,,,,,,,,,
2012-05-01 17:00:00,987.9,32.6,52,0.8,247.0,,,0.0,,,,,,,,,,,,,,,,,,,,,,,,,,,,
2012-05-01 18:00:00,988.2,30.3,67,0.6,125.0,,,0.0,,,,,,,,,,,,,,,,,,,,,,,,,,,,
2012-05-01 19:00:00,988.2,29.5,70,0.4,130.0,,,0.0,,,,,,,,,,,,,,,,,,,,,,,,,,,,
2012-05-01 20:00:00,989.1,28.9,70,0.5,65.0,,,0.0,,,,,,,,,,,,,,,,,,,,,,,,,,,,
2012-05-01 21:00:00,989.5,28.8,72,0.5,223.0,,,0.0,,,,,,,,,,,,,,,,,,,,,,,,,,,,
2012-05-01 22:00:00,989.8,28.4,74,0.4,245.0,,,0.0,,,,,,,,,,,,,,,,,,,,,,,,,,,,
2012-05-01 23:00:00,990.2,28.0,78,0.4,238.0,,,0.0,,,,,,,,,,,,,,,,,,,,,,,,,,,,
2012-05-02 00:00:00,990.0,27.7,76,0.4,267.0,,,0.0,,,,,,,,,,,,,,,,,,,,,,,,,,,,
2012-05-02 01:00:00,989.3,27.6,71,0.4,252.0,,,0.0,,,,,,,,,,,,,,,,,,,,,,,,,,,,
2012-05-02 02:00:00,988.5,27.2,72,0.2,0.0,,,0.0,,,,,,,,,,,,,,,,,,,,,,,,,,,,
2012-05-02 03:00:00,988.2,27.4,68,0.4,244.0,,,0.0,,,,,,,,,,,,,,,,,,,,,,,,,,,,
2012-05-02 04:00:00,988.3,27.3,69,0.4,306.0,,,0.0,,,,,,,,,,,,,,,,,,,,,,,,,,,,
2012-05-02 05:00:00,988.3,26.9,72,0.3,274.0,,,0.0,,,,,,,,,,,,,,,,,,,,,,,,,,,,
2012-05-02 06:00:00,989.3,27.2,70,0.2,0.0,,,0.0,,,,,,,,,,,,,,,,,,,,,,,,,,,,
2012-05-02 07:00:00,989.7,27.8,69,0.2,0.0,,,0.0,,,,,,,,,,,,,,,,,,,,,,,,,,,,
2012-05-02 08:00:00,990.4,28.6,65,0.6,104.0,,,0.0,,,,,,,,,,,,,,,,,,,,,,,,,,,,
2012-05-02 09:00:00,990.4,29.2,64,0.4,66.0,,,0.0,,,,,,,,,,,,,,,,,,,,,,,,,,,,
2012-05-02 10:00:00,989.8,30.3,61,0.6,254.0,,,0.0,,,,,,,,,,,,,,,,,,,,,,,,,,,,
2012-05-02 11:00:00,990.3,31.5,58,0.9,246.0,,,0.0,,,,,,,,,,,,,,,,,,,,,,,,,,,,
2012-05-02 12:00:00,989.8,30.7,65,0.5,236.0,,,0.0,,,,,,,,,,,,,,,,,,,,,,,,,,,,
2012-05-02 13:00:00,989.5,31.0,67,0.8,240.0,,,0.0,,,,,,,,,,,,,,,,,,,,,,,,,,,,
2012-05-02 14:00:00,988.6,31.5,62,1.0,239.0,,,0.0,,,,,,,,,,,,,,,,,,,,,,,,,,,,
2012-05-02 15:00:00,988.3,30.6,62,0.6,243.0,,,0.0,,,,,,,,,,,,,,,,,,,,,,,,,,,,
2012-05-02 16:00:00,988.0,27.6,89,0.8,244.0,,,0.5,,,,,,,,,,,,,,,,,,,,,,,,,,,,
2012-05-02 17:00:00,987.5,28.2,81,0.5,257.0,,,0.5,,,,,,,,,,,,,,,,,,,,,,,,,,,,
2012-05-02 18:00:00,987.0,27.1,91,0.1,0.0,,,1.5,,,,,,,,,,,,,,,,,,,,,,,,,,,,
2012-05-02 19:00:00,987.0,27.1,92,0.4,36.0,,,0.0,,,,,,,,,,,,,,,,,,,,,,,,,,,,
2012-05-02 20:00:00,987.7,26.3,97,0.3,65.0,,,3.5,,,,,,,,,,,,,,,,,,,,,,,,,,,,
2012-05-02 21:00:00,988.5,26.4,91,0.4,249.0,,,0.0,,,,,,,,,,,,,,,,,,,,,,,,,,,,
2012-05-02 22:00:00,988.8,26.2,90,0.4,146.0,,,0.0,,,,,,,,,,,,,,,,,,,,,,,,,,,,
2012-05-02 23:00:00,988.8,26.3,91,0.3,263.0,,,0.0,,,,,,,,,,,,,,,,,,,,,,,,,,,,
2012-05-03 00:00:00,988.3,25.7,95,0.0,0.0,,,0.0,,,,,,,,,,,,,,,,,,,,,,,,,,,,
2012-05-03 01:00:00,987.9,25.6,94,0.3,75.0,,,0.0,,,,,,,,,,,,,,,,,,,,,,,,,,,,
2012-05-03 02:00:00,987.7,25.1,98,0.2,0.0,,,9.5,,,,,,,,,,,,,,,,,,,,,,,,,,,,
2012-05-03 03:00:00,987.1,25.0,98,0.6,64.0,,,0.0,,,,,,,,,,,,,,,,,,,,,,,,,,,,
2012-05-03 04:00:00,987.6,24.9,98,0.0,0.0,,,2.5,,,,,,,,,,,,,,,,,,,,,,,,,,,,
2012-05-03 05:00:00,987.4,24.6,98,0.1,0.0,,,0.0,,,,,,,,,,,,,,,,,,,,,,,,,,,,
2012-05-03 06:00:00,987.8,24.6,99,0.0,0.0,,,0.0,,,,,,,,,,,,,,,,,,,,,,,,,,,,
2012-05-03 07:00:00,988.6,26.4,89,0.1,0.0,,,0.0,,,,,,,,,,,,,,,,,,,,,,,,,,,,
2012-05-03 08:00:00,988.8,26.8,83,0.4,44.0,,,0.0,,,,,,,,,,,,,,,,,,,,,,,,,,,,
2012-05-03 09:00:00,988.9,29.1,75,0.6,253.0,,,0.0,,,,,,,,,,,,,,,,,,,,,,,,,,,,
2012-05-03 10:00:00,989.1,30.2,65,0.8,246.0,,,0.0,,,,,,,,,,,,,,,,,,,,,,,,,,,,
2012-05-03 11:00:00,989.1,31.2,62,0.9,244.0,,,0.0,,,,,,,,,,,,,,,,,,,,,,,,,,,,
2012-05-03 12:00:00,988.6,27.3,81,1.0,35.0,,,0.0,,,,,,,,,,,,,,,,,,,,,,,,,,,,
2012-05-03 13:00:00,988.0,29.2,72,0.9,354.0,,,0.0,,,,,,,,,,,,,,,,,,,,,,,,,,,,
2012-05-03 14:00:00,987.3,28.3,75,0.9,358.0,,,0.0,,,,,,,,,,,,,,,,,,,,,,,,,,,,
2012-05-03 15:00:00,987.0,27.9,73,0.8,328.0,,,0.0,,,,,,,,,,,,,,,,,,,,,,,,,,,,
2012-05-03 16:00:00,986.6,27.3,76,0.6,36.0,,,0.0,,,,,,,,,,,,,,,,,,,,,,,,,,,,
2012-05-03 17:00:00,986.6,27.5,72,0.3,262.0,,,0.0,,,,,,,,,,,,,,,,,,,,,,,,,,,,
2012-05-03 18:00:00,987.1,27.3,75,0.4,297.0,,,0.0,,,,,,,,,,,,,,,,,,,,,,,,,,,,
2012-05-03 19:00:00,987.4,27.1,77,0.5,256.0,,,0.0,,,,,,,,,,,,,,,,,,,,,,,,,,,,
2012-05-03 20:00:00,987.9,26.8,79,0.7,249.0,,,0.0,,,,,,,,,,,,,,,,,,,,,,,,,,,,
2012-05-03 21:00:00,988.3,25.9,86,0.5,310.0,,,0.0,,,,,,,,,,,,,,,,,,,,,,,,,,,,
2012-05-03 22:00:00,988.5,25.8,87,0.3,183.0,,,0.0,,,,,,,,,,,,,,,,,,,,,,,,,,,,
2012-05-03 23:00:00,988.4,25.7,86,0.3,264.0,,,0.0,,,,,,,,,,,,,,,,,,,,,,,,,,,,
2012-05-04 00:00:00,987.9,25.7,87,0.3,121.0,,,0.0,,,,,,,,,,,,,,,,,,,,,,,,,,,,
2012-05-04 01:00:00,987.6,25.5,87,0.3,137.0,,,0.0,,,,,,,,,,,,,,,,,,,,,,,,,,,,
2012-05-04 02:00:00,987.0,25.3,88,0.2,0.0,,,0.0,,,,,,,,,,,,,,,,,,,,,,,,,,,,
2012-05-04 03:00:00,986.3,25.4,88,0.2,0.0,,,0.0,,,,,,,,,,,,,,,,,,,,,,,,,,,,
2012-05-04 04:00:00,986.1,25.5,86,0.2,0.0,,,0.0,,,,,,,,,,,,,,,,,,,,,,,,,,,,
2012-05-04 05:00:00,986.9,23.7,94,0.5,293.0,,,0.0,,,,,,,,,,,,,,,,,,,,,,,,,,,,
2012-05-04 06:00:00,987.2,23.5,95,0.5,59.0,,,0.0,,,,,,,,,,,,,,,,,,,,,,,,,,,,
2012-05-04 07:00:00,987.2,24.8,92,0.4,121.0,,,0.0,,,,,,,,,,,,,,,,,,,,,,,,,,,,
2012-05-04 08:00:00,988.3,24.2,93,0.1,0.0,,,0.5,,,,,,,,,,,,,,,,,,,,,,,,,,,,
2012-05-04 09:00:00,988.9,24.1,92,0.5,344.0,,,0.0,,,,,,,,,,,,,,,,,,,,,,,,,,,,
2012-05-04 10:00:00,989.1,23.1,96,0.5,334.0,,,2.5,,,,,,,,,,,,,,,,,,,,,,,,,,,,
2012-05-04 11:00:00,988.7,23.2,97,0.5,6.0,,,8.0,,,,,,,,,,,,,,,,,,,,,,,,,,,,
2012-05-04 12:00:00,988.2,24.2,92,1.0,338.0,,,1.0,,,,,,,,,,,,,,,,,,,,,,,,,,,,
2012-05-04 13:00:00,987.6,25.5,85,0.8,30.0,,,0.0,,,,,,,,,,,,,,,,,,,,,,,,,,,,
2012-05-04 14:00:00,987.7,25.2,84,0.5,328.0,,,0.0,,,,,,,,,,,,,,,,,,,,,,,,,,,,
2012-05-04 15:00:00,987.6,24.8,87,0.6,325.0,,,0.0,,,,,,,,,,,,,,,,,,,,,,,,,,,,
2012-05-04 16:00:00,987.3,25.8,81,1.1,317.0,,,0.0,,,,,,,,,,,,,,,,,,,,,,,,,,,,
2012-05-04 17:00:00,987.8,24.1,84,1.0,312.0,,,0.0,,,,,,,,,,,,,,,,,,,,,,,,,,,,
2012-05-04 18:00:00,987.9,23.4,86,0.6,321.0,,,0.0,,,,,,,,,,,,,,,,,,,,,,,,,,,,
2012-05-04 19:00:00,988.3,22.8,90,0.5,337.0,,,0.0,,,,,,,,,,,,,,,,,,,,,,,,,,,,
2012-05-04 20:00:00,988.8,21.9,91,0.7,343.0,,,0.0,,,,,,,,,,,,,,,,,,,,,,,,,,,,
2012-05-04 21:00:00,988.8,22.6,90,0.5,28.0,,,0.0,,,,,,,,,,,,,,,,,,,,,,,,,,,,
2012-05-04 22:00:00,989.2,21.5,91,0.4,304.0,,,0.0,,,,,,,,,,,,,,,,,,,,,,,,,,,,
2012-05-04 23:00:00,989.5,21.7,91,0.5,49.0,,,0.0,,,,,,,,,,,,,,,,,,,,,,,,,,,,
2012-05-05 00:00:00,989.1,21.2,92,0.5,329.0,,,0.0,,,,,,,,,,,,,,,,,,,,,,,,,,,,
2012-05-05 01:00:00,988.6,21.2,92,0.5,64.0,,,0.0,,,,,,,,,,,,,,,,,,,,,,,,,,,,
2012-05-05 02:00:00,988.5,21.3,91,0.5,324.0,,,0.0,,,,,,,,,,,,,,,,,,,,,,,,,,,,
2012-05-05 03:00:00,988.8,20.5,93,0.5,323.0,,,0.0,,,,,,,,,,,,,,,,,,,,,,,,,,,,
2012-05-05 04:00:00,988.9,21.2,92,0.6,53.0,,,0.0,,,,,,,,,,,,,,,,,,,,,,,,,,,,
2012-05-05 05:00:00,989.1,22.0,90,0.2,0.0,,,0.0,,,,,,,,,,,,,,,,,,,,,,,,,,,,
2012-05-05 06:00:00,989.5,22.2,90,0.2,0.0,,,0.0,,,,,,,,,,,,,,,,,,,,,,,,,,,,
2012-05-05 07:00:00,989.9,22.8,88,0.3,62.0,,,0.0,,,,,,,,,,,,,,,,,,,,,,,,,,,,
2012-05-05 08:00:00,990.2,24.1,83,0.6,106.0,,,0.0,,,,,,,,,,,,,,,,,,,,,,,,,,,,
2012-05-05 09:00:00,990.5,25.1,75,0.8,358.0,,,0.0,,,,,,,,,,,,,,,,,,,,,,,,,,,,
2012-05-05 10:00:00,990.5,25.5,72,0.6,337.0,,,0.0,,,,,,,,,,,,,,,,,,,,,,,,,,,,
2012-05-05 11:00:00,990.2,28.2,64,1.0,26.0,,,0.0,,,,,,,,,,,,,,,,,,,,,,,,,,,,
2012-05-05 12:00:00,990.2,27.3,65,0.7,339.0,,,0.0,,,,,,,,,,,,,,,,,,,,,,,,,,,,
2012-05-05 13:00:00,989.6,27.8,62,0.7,15.0,,,0.0,,,,,,,,,,,,,,,,,,,,,,,,,,,,
2012-05-05 14:00:00,989.1,29.3,57,0.8,352.0,,,0.0,,,,,,,,,,,,,,,,,,,,,,,,,,,,
2012-05-05 15:00:00,989.1,27.2,59,1.1,297.0,,,0.0,,,,,,,,,,,,,,,,,,,,,,,,,,,,
2012-05-05 16:00:00,988.8,26.7,62,0.9,348.0,,,0.0,,,,,,,,,,,,,,,,,,,,,,,,,,,,
2012-05-05 17:00:00,988.6,26.4,62,0.7,352.0,,,0.0,,,,,,,,,,,,,,,,,,,,,,,,,,,,
2012-05-05 18:00:00,988.9,25.6,66,0.6,326.0,,,0.0,,,,,,,,,,,,,,,,,,,,,,,,,,,,
2012-05-05 19:00:00,989.1,24.7,69,0.4,341.0,,,0.0,,,,,,,,,,,,,,,,,,,,,,,,,,,,
2012-05-05 20:00:00,989.5,24.6,69,0.6,343.0,,,0.0,,,,,,,,,,,,,,,,,,,,,,,,,,,,
2012-05-05 21:00:00,989.4,24.9,70,0.5,53.0,,,0.0,,,,,,,,,,,,,,,,,,,,,,,,,,,,
2012-05-05 22:00:00,989.8,24.5,74,0.3,42.0,,,0.0,,,,,,,,,,,,,,,,,,,,,,,,,,,,
2012-05-05 23:00:00,989.6,24.4,74,0.3,310.0,,,0.0,,,,,,,,,,,,,,,,,,,,,,,,,,,,
2012-05-06 00:00:00,989.5,23.5,81,0.2,0.0,,,0.0,,,,,,,,,,,,,,,,,,,,,,,,,,,,
2012-05-06 01:00:00,989.3,23.1,86,0.3,74.0,,,0.0,,,,,,,,,,,,,,,,,,,,,,,,,,,,
2012-05-06 02:00:00,989.3,22.8,85,0.5,80.0,,,0.0,,,,,,,,,,,,,,,,,,,,,,,,,,,,
2012-05-06 03:00:00,989.4,22.2,88,0.0,0.0,,,0.0,,,,,,,,,,,,,,,,,,,,,,,,,,,,
2012-05-06 04:00:00,989.9,22.5,87,0.3,34.0,,,0.0,,,,,,,,,,,,,,,,,,,,,,,,,,,,
2012-05-06 05:00:00,990.2,22.3,88,0.2,0.0,,,0.0,,,,,,,,,,,,,,,,,,,,,,,,,,,,
2012-05-06 06:00:00,990.4,22.5,87,0.4,58.0,,,0.0,,,,,,,,,,,,,,,,,,,,,,,,,,,,
2012-05-06 07:00:00,991.1,24.2,78,0.4,47.0,,,0.0,,,,,,,,,,,,,,,,,,,,,,,,,,,,
2012-05-06 08:00:00,991.7,26.7,70,0.4,324.0,,,0.0,,,,,,,,,,,,,,,,,,,,,,,,,,,,
2012-05-06 09:00:00,992.1,28.3,66,0.7,231.0,,,0.0,,,,,,,,,,,,,,,,,,,,,,,,,,,,
2012-05-06 10:00:00,992.2,28.9,59,0.9,314.0,,,0.0,,,,,,,,,,,,,,,,,,,,,,,,,,,,
2012-05-06 11:00:00,991.8,30.0,57,0.7,7.0,,,0.0,,,,,,,,,,,,,,,,,,,,,,,,,,,,
2012-05-06 12:00:00,991.3,30.0,51,0.9,344.0,,,0.0,,,,,,,,,,,,,,,,,,,,,,,,,,,,
2012-05-06 13:00:00,990.7,31.6,31,0.9,340.0,,,0.0,,,,,,,,,,,,,,,,,,,,,,,,,,,,
2012-05-06 14:00:00,990.1,31.5,39,0.9,335.0,,,0.0,,,,,,,,,,,,,,,,,,,,,,,,,,,,
2012-05-06 15:00:00,989.5,31.3,39,0.9,327.0,,,0.0,,,,,,,,,,,,,,,,,,,,,,,,,,,,
2012-05-06 16:00:00,989.3,30.1,45,1.0,348.0,,,0.0,,,,,,,,,,,,,,,,,,,,,,,,,,,,
2012-05-06 17:00:00,989.2,28.5,55,0.7,318.0,,,0.0,,,,,,,,,,,,,,,,,,,,,,,,,,,,
2012-05-06 18:00:00,989.7,26.9,58,0.8,332.0,,,0.0,,,,,,,,,,,,,,,,,,,,,,,,,,,,
2012-05-06 19:00:00,989.9,26.0,64,0.5,331.0,,,0.0,,,,,,,,,,,,,,,,,,,,,,,,,,,,
2012-05-06 20:00:00,990.4,25.9,65,0.5,60.0,,,0.0,,,,,,,,,,,,,,,,,,,,,,,,,,,,
2012-05-06 21:00:00,991.2,25.3,68,0.0,0.0,,,0.0,,,,,,,,,,,,,,,,,,,,,,,,,,,,
2012-05-06 22:00:00,991.5,24.6,68,0.5,64.0,,,0.0,,,,,,,,,,,,,,,,,,,,,,,,,,,,
2012-05-06 23:00:00,991.5,23.3,73,0.1,0.0,,,0.0,,,,,,,,,,,,,,,,,,,,,,,,,,,,
2012-05-07 00:00:00,991.1,23.5,76,0.4,64.0,,,0.0,,,,,,,,,,,,,,,,,,,,,,,,,,,,
2012-05-07 01:00:00,990.8,23.8,73,0.4,70.0,,,0.0,,,,,,,,,,,,,,,,,,,,,,,,,,,,
2012-05-07 02:00:00,990.8,22.8,77,0.0,0.0,,,0.0,,,,,,,,,,,,,,,,,,,,,,,,,,,,
2012-05-07 03:00:00,990.8,23.1,78,0.0,0.0,,,0.0,,,,,,,,,,,,,,,,,,,,,,,,,,,,
2012-05-07 04:00:00,990.7,23.2,80,0.1,0.0,,,0.0,,,,,,,,,,,,,,,,,,,,,,,,,,,,
2012-05-07 05:00:00,990.5,23.2,80,0.0,0.0,,,0.0,,,,,,,,,,,,,,,,,,,,,,,,,,,,
2012-05-07 06:00:00,991.0,23.7,77,0.0,0.0,,,0.0,,,,,,,,,,,,,,,,,,,,,,,,,,,,
2012-05-07 07:00:00,991.4,24.8,70,0.4,246.0,,,0.0,,,,,,,,,,,,,,,,,,,,,,,,,,,,
2012-05-07 08:00:00,992.0,26.9,64,0.6,238.0,,,0.0,,,,,,,,,,,,,,,,,,,,,,,,,,,,
2012-05-07 09:00:00,992.3,28.6,57,0.5,268.0,,,0.0,,,,,,,,,,,,,,,,,,,,,,,,,,,,
2012-05-07 10:00:00,992.1,30.2,52,0.7,232.0,,,0.0,,,,,,,,,,,,,,,,,,,,,,,,,,,,
2012-05-07 11:00:00,991.9,29.9,54,0.6,239.0,,,0.0,,,,,,,,,,,,,,,,,,,,,,,,,,,,
2012-05-07 12:00:00,991.6,30.9,49,0.9,268.0,,,0.0,,,,,,,,,,,,,,,,,,,,,,,,,,,,
2012-05-07 13:00:00,991.4,30.6,52,0.7,244.0,,,0.0,,,,,,,,,,,,,,,,,,,,,,,,,,,,
2012-05-07 14:00:00,990.7,31.5,50,0.7,242.0,,,0.0,,,,,,,,,,,,,,,,,,,,,,,,,,,,
2012-05-07 15:00:00,990.2,31.0,51,0.8,244.0,,,0.0,,,,,,,,,,,,,,,,,,,,,,,,,,,,
2012-05-07 16:00:00,989.8,29.7,53,0.7,271.0,,,0.0,,,,,,,,,,,,,,,,,,,,,,,,,,,,
2012-05-07 17:00:00,989.9,28.9,50,0.5,293.0,,,0.0,,,,,,,,,,,,,,,,,,,,,,,,,,,,
2012-05-07 18:00:00,990.1,27.7,54,0.3,228.0,,,0.0,,,,,,,,,,,,,,,,,,,,,,,,,,,,
2012-05-07 19:00:00,990.8,26.2,57,0.2,0.0,,,0.0,,,,,,,,,,,,,,,,,,,,,,,,,,,,
2012-05-07 20:00:00,990.7,26.1,60,0.5,247.0,,,0.0,,,,,,,,,,,,,,,,,,,,,,,,,,,,
2012-05-07 21:00:00,990.6,25.7,62,0.3,194.0,,,0.0,,,,,,,,,,,,,,,,,,,,,,,,,,,,
2012-05-07 22:00:00,990.4,25.2,67,0.1,0.0,,,0.0,,,,,,,,,,,,,,,,,,,,,,,,,,,,
2012-05-07 23:00:00,990.2,24.8,73,0.1,0.0,,,0.0,,,,,,,,,,,,,,,,,,,,,,,,,,,,
2012-05-08 00:00:00,989.9,25.0,73,0.3,229.0,,,0.0,,,,,,,,,,,,,,,,,,,,,,,,,,,,
2012-05-08 01:00:00,989.9,24.9,73,0.2,0.0,,,0.0,,,,,,,,,,,,,,,,,,,,,,,,,,,,
2012-05-08 02:00:00,989.8,24.4,75,0.0,0.0,,,0.0,,,,,,,,,,,,,,,,,,,,,,,,,,,,
2012-05-08 03:00:00,989.8,24.6,76,0.2,0.0,,,0.0,,,,,,,,,,,,,,,,,,,,,,,,,,,,
2012-05-08 04:00:00,989.8,24.4,75,0.2,0.0,,,0.0,,,,,,,,,,,,,,,,,,,,,,,,,,,,
2012-05-08 05:00:00,989.9,24.3,77,0.3,226.0,,,0.0,,,,,,,,,,,,,,,,,,,,,,,,,,,,
2012-05-08 06:00:00,989.9,24.7,74,0.2,0.0,,,0.0,,,,,,,,,,,,,,,,,,,,,,,,,,,,
2012-05-08 07:00:00,989.9,26.5,66,0.3,164.0,,,0.0,,,,,,,,,,,,,,,,,,,,,,,,,,,,
2012-05-08 08:00:00,990.7,27.9,61,0.6,250.0,,,0.0,,,,,,,,,,,,,,,,,,,,,,,,,,,,
2012-05-08 09:00:00,990.7,29.5,56,0.9,231.0,,,0.0,,,,,,,,,,,,,,,,,,,,,,,,,,,,
2012-05-08 10:00:00,990.5,30.2,53,0.7,245.0,,,0.0,,,,,,,,,,,,,,,,,,,,,,,,,,,,
2012-05-08 11:00:00,990.2,30.5,51,0.7,245.0,,,0.0,,,,,,,,,,,,,,,,,,,,,,,,,,,,
2012-05-08 12:00:00,990.2,31.4,52,0.9,245.0,,,0.0,,,,,,,,,,,,,,,,,,,,,,,,,,,,
2012-05-08 13:00:00,989.9,32.3,48,0.8,238.0,,,0.0,,,,,,,,,,,,,,,,,,,,,,,,,,,,
2012-05-08 14:00:00,989.3,31.9,52,0.9,239.0,,,0.0,,,,,,,,,,,,,,,,,,,,,,,,,,,,
2012-05-08 15:00:00,988.9,31.8,52,1.0,240.0,,,0.0,,,,,,,,,,,,,,,,,,,,,,,,,,,,
2012-05-08 16:00:00,988.3,31.6,51,0.7,237.0,,,0.0,,,,,,,,,,,,,,,,,,,,,,,,,,,,
2012-05-08 17:00:00,988.1,30.6,57,0.7,241.0,,,0.0,,,,,,,,,,,,,,,,,,,,,,,,,,,,
2012-05-08 18:00:00,987.9,30.0,61,0.4,256.0,,,0.0,,,,,,,,,,,,,,,,,,,,,,,,,,,,
2012-05-08 19:00:00,987.9,28.8,69,0.4,349.0,,,0.0,,,,,,,,,,,,,,,,,,,,,,,,,,,,
2012-05-08 20:00:00,988.0,28.2,72,0.4,290.0,,,0.0,,,,,,,,,,,,,,,,,,,,,,,,,,,,
2012-05-08 21:00:00,988.2,27.6,75,0.5,191.0,,,0.0,,,,,,,,,,,,,,,,,,,,,,,,,,,,
2012-05-08 22:00:00,988.6,27.4,76,0.4,231.0,,,0.0,,,,,,,,,,,,,,,,,,,,,,,,,,,,
2012-05-08 23:00:00,988.8,27.1,78,0.0,0.0,,,0.0,,,,,,,,,,,,,,,,,,,,,,,,,,,,
2012-05-09 00:00:00,988.8,26.5,82,0.3,143.0,,,0.0,,,,,,,,,,,,,,,,,,,,,,,,,,,,
2012-05-09 01:00:00,988.9,26.0,83,0.2,0.0,,,0.0,,,,,,,,,,,,,,,,,,,,,,,,,,,,
2012-05-09 02:00:00,988.4,25.7,81,0.3,331.0,,,0.0,,,,,,,,,,,,,,,,,,,,,,,,,,,,
2012-05-09 03:00:00,988.1,25.6,80,0.2,0.0,,,0.0,,,,,,,,,,,,,,,,,,,,,,,,,,,,
2012-05-09 04:00:00,988.3,25.2,78,0.2,0.0,,,0.0,,,,,,,,,,,,,,,,,,,,,,,,,,,,
2012-05-09 05:00:00,988.8,25.1,76,0.3,320.0,,,0.0,,,,,,,,,,,,,,,,,,,,,,,,,,,,
2012-05-09 06:00:00,989.1,25.6,74,0.4,201.0,,,0.0,,,,,,,,,,,,,,,,,,,,,,,,,,,,
2012-05-09 07:00:00,989.9,26.7,72,0.2,0.0,,,0.0,,,,,,,,,,,,,,,,,,,,,,,,,,,,
2012-05-09 08:00:00,990.1,28.4,68,0.5,147.0,,,0.0,,,,,,,,,,,,,,,,,,,,,,,,,,,,
2012-05-09 09:00:00,990.4,29.2,67,0.5,111.0,,,0.0,,,,,,,,,,,,,,,,,,,,,,,,,,,,
2012-05-09 10:00:00,990.2,29.5,64,0.6,141.0,,,0.0,,,,,,,,,,,,,,,,,,,,,,,,,,,,
2012-05-09 11:00:00,989.8,31.4,56,0.7,125.0,,,0.0,,,,,,,,,,,,,,,,,,,,,,,,,,,,
2012-05-09 12:00:00,989.7,32.1,56,0.7,249.0,,,0.0,,,,,,,,,,,,,,,,,,,,,,,,,,,,
2012-05-09 13:00:00,989.2,33.1,53,0.8,257.0,,,0.0,,,,,,,,,,,,,,,,,,,,,,,,,,,,
2012-05-09 14:00:00,988.6,32.4,57,0.7,247.0,,,0.0,,,,,,,,,,,,,,,,,,,,,,,,,,,,
2012-05-09 15:00:00,987.9,31.8,61,0.8,244.0,,,0.0,,,,,,,,,,,,,,,,,,,,,,,,,,,,
2012-05-09 16:00:00,987.3,32.7,64,0.8,246.0,,,0.0,,,,,,,,,,,,,,,,,,,,,,,,,,,,
2012-05-09 17:00:00,988.7,28.4,81,0.8,350.0,,,0.0,,,,,,,,,,,,,,,,,,,,,,,,,,,,
2012-05-09 18:00:00,989.2,27.4,84,0.9,28.0,,,0.0,,,,,,,,,,,,,,,,,,,,,,,,,,,,
2012-05-09 19:00:00,989.4,27.1,82,0.7,50.0,,,0.0,,,,,,,,,,,,,,,,,,,,,,,,,,,,
2012-05-09 20:00:00,989.6,27.3,74,0.3,102.0,,,0.0,,,,,,,,,,,,,,,,,,,,,,,,,,,,
2012-05-09 21:00:00,989.7,27.1,75,0.0,0.0,,,0.0,,,,,,,,,,,,,,,,,,,,,,,,,,,,
2012-05-09 22:00:00,990.6,26.1,85,0.6,5.0,,,0.0,,,,,,,,,,,,,,,,,,,,,,,,,,,,
2012-05-09 23:00:00,991.0,26.2,80,0.5,58.0,,,0.0,,,,,,,,,,,,,,,,,,,,,,,,,,,,
2012-05-10 00:00:00,990.7,26.3,80,0.3,64.0,,,0.0,,,,,,,,,,,,,,,,,,,,,,,,,,,,
2012-05-10 01:00:00,990.6,24.6,89,0.6,356.0,,,0.0,,,,,,,,,,,,,,,,,,,,,,,,,,,,
2012-05-10 02:00:00,990.7,23.9,89,0.7,323.0,,,0.0,,,,,,,,,,,,,,,,,,,,,,,,,,,,
2012-05-10 03:00:00,990.6,23.9,88,0.5,330.0,,,0.0,,,,,,,,,,,,,,,,,,,,,,,,,,,,
2012-05-10 04:00:00,990.5,23.7,82,1.1,29.0,,,0.0,,,,,,,,,,,,,,,,,,,,,,,,,,,,
2012-05-10 05:00:00,989.3,24.0,80,0.5,81.0,,,0.0,,,,,,,,,,,,,,,,,,,,,,,,,,,,
2012-05-10 06:00:00,989.3,25.0,77,0.6,257.0,,,0.0,,,,,,,,,,,,,,,,,,,,,,,,,,,,
2012-05-10 07:00:00,990.2,25.7,77,0.4,61.0,,,0.0,,,,,,,,,,,,,,,,,,,,,,,,,,,,
2012-05-10 08:00:00,990.5,26.8,76,0.4,2.0,,,0.0,,,,,,,,,,,,,,,,,,,,,,,,,,,,
2012-05-10 09:00:00,990.7,29.4,66,0.5,354.0,,,0.0,,,,,,,,,,,,,,,,,,,,,,,,,,,,
2012-05-10 10:00:00,991.0,28.7,70,0.6,245.0,,,0.0,,,,,,,,,,,,,,,,,,,,,,,,,,,,
2012-05-10 11:00:00,990.6,30.2,68,0.5,259.0,,,0.0,,,,,,,,,,,,,,,,,,,,,,,,,,,,
2012-05-10 12:00:00,990.4,27.8,71,0.6,312.0,,,0.0,,,,,,,,,,,,,,,,,,,,,,,,,,,,
2012-05-10 13:00:00,989.7,28.7,68,0.6,3.0,,,0.0,,,,,,,,,,,,,,,,,,,,,,,,,,,,
2012-05-10 14:00:00,989.3,28.1,73,0.4,308.0,,,0.0,,,,,,,,,,,,,,,,,,,,,,,,,,,,
2012-05-10 15:00:00,989.1,26.0,85,0.6,355.0,,,0.0,,,,,,,,,,,,,,,,,,,,,,,,,,,,
2012-05-10 16:00:00,989.1,25.9,86,0.9,334.0,,,0.0,,,,,,,,,,,,,,,,,,,,,,,,,,,,
2012-05-10 17:00:00,989.2,25.4,87,0.7,340.0,,,0.0,,,,,,,,,,,,,,,,,,,,,,,,,,,,
2012-05-10 18:00:00,989.8,24.5,90,0.9,339.0,,,0.0,,,,,,,,,,,,,,,,,,,,,,,,,,,,
2012-05-10 19:00:00,989.3,25.1,88,0.4,53.0,,,0.0,,,,,,,,,,,,,,,,,,,,,,,,,,,,
2012-05-10 20:00:00,989.9,25.1,89,1.0,327.0,,,0.0,,,,,,,,,,,,,,,,,,,,,,,,,,,,
2012-05-10 21:00:00,989.8,23.9,90,0.7,1.0,,,0.0,,,,,,,,,,,,,,,,,,,,,,,,,,,,
2012-05-10 22:00:00,989.5,24.0,89,0.5,9.0,,,0.0,,,,,,,,,,,,,,,,,,,,,,,,,,,,
2012-05-10 23:00:00,989.3,24.2,87,0.8,34.0,,,0.0,,,,,,,,,,,,,,,,,,,,,,,,,,,,
2012-05-11 00:00:00,989.2,23.7,88,0.5,329.0,,,0.0,,,,,,,,,,,,,,,,,,,,,,,,,,,,
2012-05-11 01:00:00,988.8,24.0,86,0.3,318.0,,,0.0,,,,,,,,,,,,,,,,,,,,,,,,,,,,
2012-05-11 02:00:00,988.7,22.4,91,0.7,327.0,,,0.0,,,,,,,,,,,,,,,,,,,,,,,,,,,,
2012-05-11 03:00:00,988.5,22.4,91,0.3,346.0,,,0.0,,,,,,,,,,,,,,,,,,,,,,,,,,,,
2012-05-11 04:00:00,988.6,22.0,91,0.7,331.0,,,0.0,,,,,,,,,,,,,,,,,,,,,,,,,,,,
2012-05-11 05:00:00,988.8,22.3,90,0.6,331.0,,,0.0,,,,,,,,,,,,,,,,,,,,,,,,,,,,
2012-05-11 06:00:00,989.1,22.3,93,0.6,36.0,,,0.0,,,,,,,,,,,,,,,,,,,,,,,,,,,,
2012-05-11 07:00:00,989.3,22.9,92,0.5,357.0,,,0.0,,,,,,,,,,,,,,,,,,,,,,,,,,,,
2012-05-11 08:00:00,989.5,24.1,88,0.5,326.0,,,0.0,,,,,,,,,,,,,,,,,,,,,,,,,,,,
2012-05-11 09:00:00,989.6,25.6,82,0.6,247.0,,,0.0,,,,,,,,,,,,,,,,,,,,,,,,,,,,
2012-05-11 10:00:00,989.6,25.8,80,0.7,335.0,,,0.0,,,,,,,,,,,,,,,,,,,,,,,,,,,,
2012-05-11 11:00:00,989.5,26.3,80,0.6,342.0,,,0.0,,,,,,,,,,,,,,,,,,,,,,,,,,,,
2012-05-11 12:00:00,988.9,27.7,72,0.8,316.0,,,0.0,,,,,,,,,,,,,,,,,,,,,,,,,,,,
2012-05-11 13:00:00,988.6,28.8,69,0.8,352.0,,,0.0,,,,,,,,,,,,,,,,,,,,,,,,,,,,
2012-05-11 14:00:00,988.0,29.7,62,1.0,294.0,,,0.0,,,,,,,,,,,,,,,,,,,,,,,,,,,,
2012-05-11 15:00:00,987.9,28.9,67,1.1,329.0,,,0.0,,,,,,,,,,,,,,,,,,,,,,,,,,,,
2012-05-11 16:00:00,987.4,28.1,70,0.8,310.0,,,0.0,,,,,,,,,,,,,,,,,,,,,,,,,,,,
2012-05-11 17:00:00,987.1,27.7,74,1.0,324.0,,,0.0,,,,,,,,,,,,,,,,,,,,,,,,,,,,
2012-05-11 18:00:00,987.5,26.2,79,1.0,330.0,,,0.0,,,,,,,,,,,,,,,,,,,,,,,,,,,,
2012-05-11 19:00:00,988.0,25.6,83,0.7,323.0,,,0.0,,,,,,,,,,,,,,,,,,,,,,,,,,,,
2012-05-11 20:00:00,988.9,25.3,85,0.6,323.0,,,0.0,,,,,,,,,,,,,,,,,,,,,,,,,,,,
2012-05-11 21:00:00,989.6,25.3,86,0.2,0.0,,,0.0,,,,,,,,,,,,,,,,,,,,,,,,,,,,
2012-05-11 22:00:00,989.8,25.3,87,0.3,332.0,,,0.0,,,,,,,,,,,,,,,,,,,,,,,,,,,,
2012-05-11 23:00:00,989.7,25.5,83,0.3,198.0,,,0.0,,,,,,,,,,,,,,,,,,,,,,,,,,,,
2012-05-12 00:00:00,989.2,25.1,85,0.3,96.0,,,0.0,,,,,,,,,,,,,,,,,,,,,,,,,,,,
2012-05-12 01:00:00,988.8,24.7,88,0.2,0.0,,,0.0,,,,,,,,,,,,,,,,,,,,,,,,,,,,
2012-05-12 02:00:00,988.3,24.6,87,0.1,0.0,,,0.0,,,,,,,,,,,,,,,,,,,,,,,,,,,,
2012-05-12 03:00:00,987.5,24.2,90,0.1,0.0,,,0.0,,,,,,,,,,,,,,,,,,,,,,,,,,,,
2012-05-12 04:00:00,987.6,23.9,90,0.1,0.0,,,0.0,,,,,,,,,,,,,,,,,,,,,,,,,,,,
2012-05-12 05:00:00,987.8,23.7,93,0.0,0.0,,,0.0,,,,,,,,,,,,,,,,,,,,,,,,,,,,
2012-05-12 06:00:00,988.7,24.3,90,0.2,0.0,,,0.0,,,,,,,,,,,,,,,,,,,,,,,,,,,,
2012-05-12 07:00:00,989.3,24.3,90,0.6,178.0,,,0.0,,,,,,,,,,,,,,,,,,,,,,,,,,,,
2012-05-12 08:00:00,989.3,26.4,81,0.5,341.0,,,0.0,,,,,,,,,,,,,,,,,,,,,,,,,,,,
2012-05-12 09:00:00,989.5,27.9,70,0.8,242.0,,,0.0,,,,,,,,,,,,,,,,,,,,,,,,,,,,
2012-05-12 10:00:00,989.1,30.0,58,0.8,248.0,,,0.0,,,,,,,,,,,,,,,,,,,,,,,,,,,,
2012-05-12 11:00:00,988.9,30.2,60,1.0,160.0,,,0.0,,,,,,,,,,,,,,,,,,,,,,,,,,,,
2012-05-12 12:00:00,988.3,30.7,61,0.9,241.0,,,0.0,,,,,,,,,,,,,,,,,,,,,,,,,,,,
2012-05-12 13:00:00,987.8,31.2,62,0.7,234.0,,,0.0,,,,,,,,,,,,,,,,,,,,,,,,,,,,
2012-05-12 14:00:00,987.1,30.8,62,1.0,266.0,,,0.0,,,,,,,,,,,,,,,,,,,,,,,,,,,,
2012-05-12 15:00:00,986.7,30.2,60,0.8,260.0,,,0.0,,,,,,,,,,,,,,,,,,,,,,,,,,,,
2012-05-12 16:00:00,987.1,28.0,69,1.0,308.0,,,0.0,,,,,,,,,,,,,,,,,,,,,,,,,,,,
2012-05-12 17:00:00,987.0,26.8,72,0.8,12.0,,,0.0,,,,,,,,,,,,,,,,,,,,,,,,,,,,
2012-05-12 18:00:00,987.1,26.6,74,0.4,336.0,,,0.0,,,,,,,,,,,,,,,,,,,,,,,,,,,,
2012-05-12 19:00:00,987.4,25.7,80,0.5,335.0,,,0.0,,,,,,,,,,,,,,,,,,,,,,,,,,,,
2012-05-12 20:00:00,987.6,25.6,80,0.3,11.0,,,0.0,,,,,,,,,,,,,,,,,,,,,,,,,,,,
2012-05-12 21:00:00,987.9,25.4,80,0.3,303.0,,,0.0,,,,,,,,,,,,,,,,,,,,,,,,,,,,
2012-05-12 22:00:00,988.3,25.3,80,0.3,108.0,,,0.0,,,,,,,,,,,,,,,,,,,,,,,,,,,,
2012-05-12 23:00:00,988.2,25.0,82,0.3,57.0,,,0.0,,,,,,,,,,,,,,,,,,,,,,,,,,,,
2012-05-13 00:00:00,987.3,24.7,84,0.2,0.0,,,0.0,,,,,,,,,,,,,,,,,,,,,,,,,,,,
2012-05-13 01:00:00,986.9,24.5,85,0.2,0.0,,,0.0,,,,,,,,,,,,,,,,,,,,,,,,,,,,
2012-05-13 02:00:00,986.9,24.2,86,0.1,0.0,,,0.0,,,,,,,,,,,,,,,,,,,,,,,,,,,,
2012-05-13 03:00:00,986.9,24.0,88,0.0,0.0,,,0.0,,,,,,,,,,,,,,,,,,,,,,,,,,,,
2012-05-13 04:00:00,986.6,24.0,88,0.0,0.0,,,0.0,,,,,,,,,,,,,,,,,,,,,,,,,,,,
2012-05-13 05:00:00,986.6,23.8,88,0.2,0.0,,,0.0,,,,,,,,,,,,,,,,,,,,,,,,,,,,
2012-05-13 06:00:00,987.1,24.2,87,0.2,0.0,,,0.0,,,,,,,,,,,,,,,,,,,,,,,,,,,,
2012-05-13 07:00:00,987.6,25.1,83,0.3,101.0,,,0.0,,,,,,,,,,,,,,,,,,,,,,,,,,,,
2012-05-13 08:00:00,987.9,27.5,69,0.8,207.0,,,0.0,,,,,,,,,,,,,,,,,,,,,,,,,,,,
2012-05-13 09:00:00,988.6,30.3,59,0.8,242.0,,,0.0,,,,,,,,,,,,,,,,,,,,,,,,,,,,
2012-05-13 10:00:00,988.4,31.6,54,0.5,241.0,,,0.0,,,,,,,,,,,,,,,,,,,,,,,,,,,,
2012-05-13 11:00:00,988.1,31.6,54,0.8,247.0,,,0.0,,,,,,,,,,,,,,,,,,,,,,,,,,,,
2012-05-13 12:00:00,987.3,31.7,55,1.3,240.0,,,0.0,,,,,,,,,,,,,,,,,,,,,,,,,,,,
2012-05-13 13:00:00,986.7,31.7,54,1.5,246.0,,,0.0,,,,,,,,,,,,,,,,,,,,,,,,,,,,
2012-05-13 14:00:00,986.1,32.4,53,1.2,251.0,,,0.0,,,,,,,,,,,,,,,,,,,,,,,,,,,,
2012-05-13 15:00:00,986.1,32.5,52,1.0,242.0,,,0.0,,,,,,,,,,,,,,,,,,,,,,,,,,,,
2012-05-13 16:00:00,986.0,32.0,51,0.8,229.0,,,0.0,,,,,,,,,,,,,,,,,,,,,,,,,,,,
2012-05-13 17:00:00,986.4,30.3,53,1.2,244.0,,,0.0,,,,,,,,,,,,,,,,,,,,,,,,,,,,
2012-05-13 18:00:00,986.7,29.5,59,0.9,245.0,,,0.0,,,,,,,,,,,,,,,,,,,,,,,,,,,,
2012-05-13 19:00:00,987.1,28.2,65,0.7,248.0,,,0.0,,,,,,,,,,,,,,,,,,,,,,,,,,,,
2012-05-13 20:00:00,987.7,28.2,63,0.3,224.0,,,0.0,,,,,,,,,,,,,,,,,,,,,,,,,,,,
2012-05-13 21:00:00,988.5,27.4,68,0.4,144.0,,,0.0,,,,,,,,,,,,,,,,,,,,,,,,,,,,
2012-05-13 22:00:00,988.6,27.0,70,0.4,222.0,,,0.0,,,,,,,,,,,,,,,,,,,,,,,,,,,,
2012-05-13 23:00:00,988.3,26.9,71,0.3,251.0,,,0.0,,,,,,,,,,,,,,,,,,,,,,,,,,,,
2012-05-14 00:00:00,987.6,26.6,72,0.3,169.0,,,0.0,,,,,,,,,,,,,,,,,,,,,,,,,,,,
2012-05-14 01:00:00,987.4,26.2,74,0.2,0.0,,,0.0,,,,,,,,,,,,,,,,,,,,,,,,,,,,
2012-05-14 02:00:00,987.9,25.7,77,0.1,0.0,,,0.0,,,,,,,,,,,,,,,,,,,,,,,,,,,,
2012-05-14 03:00:00,988.2,25.4,79,0.0,0.0,,,0.0,,,,,,,,,,,,,,,,,,,,,,,,,,,,
2012-05-14 04:00:00,988.3,24.9,80,0.1,0.0,,,0.0,,,,,,,,,,,,,,,,,,,,,,,,,,,,
2012-05-14 05:00:00,988.3,25.0,75,0.1,0.0,,,0.0,,,,,,,,,,,,,,,,,,,,,,,,,,,,
2012-05-14 06:00:00,988.8,25.4,72,0.0,0.0,,,0.0,,,,,,,,,,,,,,,,,,,,,,,,,,,,
2012-05-14 07:00:00,989.5,27.9,60,0.3,248.0,,,0.0,,,,,,,,,,,,,,,,,,,,,,,,,,,,
2012-05-14 08:00:00,990.2,29.7,55,0.4,218.0,,,0.0,,,,,,,,,,,,,,,,,,,,,,,,,,,,
2012-05-14 09:00:00,990.5,31.6,49,0.6,249.0,,,0.0,,,,,,,,,,,,,,,,,,,,,,,,,,,,
2012-05-14 10:00:00,989.9,32.2,49,0.6,245.0,,,0.0,,,,,,,,,,,,,,,,,,,,,,,,,,,,
2012-05-14 11:00:00,989.8,31.9,51,0.8,219.0,,,0.0,,,,,,,,,,,,,,,,,,,,,,,,,,,,
2012-05-14 12:00:00,989.3,33.1,48,1.0,233.0,,,0.0,,,,,,,,,,,,,,,,,,,,,,,,,,,,
2012-05-14 13:00:00,989.0,32.6,56,0.7,276.0,,,0.0,,,,,,,,,,,,,,,,,,,,,,,,,,,,
2012-05-14 14:00:00,988.3,32.9,53,1.1,247.0,,,0.0,,,,,,,,,,,,,,,,,,,,,,,,,,,,
2012-05-14 15:00:00,987.9,33.7,52,0.8,242.0,,,0.0,,,,,,,,,,,,,,,,,,,,,,,,,,,,
2012-05-14 16:00:00,987.6,33.0,50,1.1,243.0,,,0.0,,,,,,,,,,,,,,,,,,,,,,,,,,,,
2012-05-14 17:00:00,987.7,30.9,62,0.9,238.0,,,0.0,,,,,,,,,,,,,,,,,,,,,,,,,,,,
2012-05-14 18:00:00,988.2,30.0,63,0.5,229.0,,,0.0,,,,,,,,,,,,,,,,,,,,,,,,,,,,
2012-05-14 19:00:00,988.9,28.7,67,0.3,289.0,,,0.0,,,,,,,,,,,,,,,,,,,,,,,,,,,,
2012-05-14 20:00:00,989.1,28.5,70,0.3,186.0,,,0.0,,,,,,,,,,,,,,,,,,,,,,,,,,,,
2012-05-14 21:00:00,989.6,28.4,71,0.2,0.0,,,0.0,,,,,,,,,,,,,,,,,,,,,,,,,,,,
2012-05-14 22:00:00,989.9,27.9,73,0.3,161.0,,,0.0,,,,,,,,,,,,,,,,,,,,,,,,,,,,
2012-05-14 23:00:00,989.7,27.5,76,0.2,0.0,,,0.0,,,,,,,,,,,,,,,,,,,,,,,,,,,,
2012-05-15 00:00:00,989.5,27.4,78,0.3,122.0,,,0.0,,,,,,,,,,,,,,,,,,,,,,,,,,,,
2012-05-15 01:00:00,989.2,27.0,80,0.2,0.0,,,0.0,,,,,,,,,,,,,,,,,,,,,,,,,,,,
2012-05-15 02:00:00,988.8,26.6,82,0.2,0.0,,,0.0,,,,,,,,,,,,,,,,,,,,,,,,,,,,
2012-05-15 03:00:00,988.2,26.2,83,0.2,0.0,,,0.0,,,,,,,,,,,,,,,,,,,,,,,,,,,,
2012-05-15 04:00:00,987.9,26.1,82,0.2,0.0,,,0.0,,,,,,,,,,,,,,,,,,,,,,,,,,,,
2012-05-15 05:00:00,988.5,26.1,81,0.2,0.0,,,0.0,,,,,,,,,,,,,,,,,,,,,,,,,,,,
2012-05-15 06:00:00,989.4,26.4,79,0.2,0.0,,,0.0,,,,,,,,,,,,,,,,,,,,,,,,,,,,
2012-05-15 07:00:00,990.1,28.3,71,0.3,206.0,,,0.0,,,,,,,,,,,,,,,,,,,,,,,,,,,,
2012-05-15 08:00:00,990.5,29.9,64,0.5,208.0,,,0.0,,,,,,,,,,,,,,,,,,,,,,,,,,,,
2012-05-15 09:00:00,990.8,30.7,57,0.6,231.0,,,0.0,,,,,,,,,,,,,,,,,,,,,,,,,,,,
2012-05-15 10:00:00,991.1,30.4,60,0.8,237.0,,,0.0,,,,,,,,,,,,,,,,,,,,,,,,,,,,
2012-05-15 11:00:00,990.8,31.9,52,0.7,248.0,,,0.0,,,,,,,,,,,,,,,,,,,,,,,,,,,,
2012-05-15 12:00:00,989.8,33.8,46,0.8,236.0,,,0.0,,,,,,,,,,,,,,,,,,,,,,,,,,,,
2012-05-15 13:00:00,989.2,33.4,50,1.2,239.0,,,0.0,,,,,,,,,,,,,,,,,,,,,,,,,,,,
2012-05-15 14:00:00,988.8,32.8,57,0.8,248.0,,,0.0,,,,,,,,,,,,,,,,,,,,,,,,,,,,
2012-05-15 15:00:00,988.2,32.8,52,1.0,237.0,,,0.0,,,,,,,,,,,,,,,,,,,,,,,,,,,,
2012-05-15 16:00:00,987.7,32.3,52,0.7,244.0,,,0.0,,,,,,,,,,,,,,,,,,,,,,,,,,,,
2012-05-15 17:00:00,987.9,31.3,56,0.6,246.0,,,0.0,,,,,,,,,,,,,,,,,,,,,,,,,,,,
2012-05-15 18:00:00,988.8,29.1,68,0.5,263.0,,,0.0,,,,,,,,,,,,,,,,,,,,,,,,,,,,
2012-05-15 19:00:00,989.5,28.1,76,0.6,330.0,,,0.0,,,,,,,,,,,,,,,,,,,,,,,,,,,,
2012-05-15 20:00:00,989.9,27.5,82,0.6,351.0,,,0.0,,,,,,,,,,,,,,,,,,,,,,,,,,,,
2012-05-15 21:00:00,990.5,27.1,81,0.3,332.0,,,0.0,,,,,,,,,,,,,,,,,,,,,,,,,,,,
2012-05-15 22:00:00,990.7,27.2,79,0.1,0.0,,,0.0,,,,,,,,,,,,,,,,,,,,,,,,,,,,
2012-05-15 23:00:00,990.4,26.6,85,0.4,332.0,,,0.0,,,,,,,,,,,,,,,,,,,,,,,,,,,,
2012-05-16 00:00:00,989.6,26.3,89,0.5,323.0,,,0.0,,,,,,,,,,,,,,,,,,,,,,,,,,,,
2012-05-16 01:00:00,989.2,26.3,87,0.5,46.0,,,0.0,,,,,,,,,,,,,,,,,,,,,,,,,,,,
2012-05-16 02:00:00,988.7,26.4,84,0.2,0.0,,,0.0,,,,,,,,,,,,,,,,,,,,,,,,,,,,
2012-05-16 03:00:00,987.9,25.8,82,0.6,70.0,,,0.0,,,,,,,,,,,,,,,,,,,,,,,,,,,,
2012-05-16 04:00:00,987.6,26.0,79,0.1,0.0,,,0.0,,,,,,,,,,,,,,,,,,,,,,,,,,,,
2012-05-16 05:00:00,987.9,25.7,83,0.4,74.0,,,0.0,,,,,,,,,,,,,,,,,,,,,,,,,,,,
2012-05-16 06:00:00,988.3,25.8,80,0.3,71.0,,,0.0,,,,,,,,,,,,,,,,,,,,,,,,,,,,
2012-05-16 07:00:00,988.6,26.9,79,0.1,0.0,,,0.0,,,,,,,,,,,,,,,,,,,,,,,,,,,,
2012-05-16 08:00:00,989.1,27.8,73,0.5,264.0,,,0.0,,,,,,,,,,,,,,,,,,,,,,,,,,,,
2012-05-16 09:00:00,989.5,28.9,72,0.7,240.0,,,0.0,,,,,,,,,,,,,,,,,,,,,,,,,,,,
2012-05-16 10:00:00,989.2,30.1,63,0.6,86.0,,,0.0,,,,,,,,,,,,,,,,,,,,,,,,,,,,
2012-05-16 11:00:00,988.8,32.4,55,0.7,357.0,,,0.0,,,,,,,,,,,,,,,,,,,,,,,,,,,,
2012-05-16 12:00:00,988.5,28.4,82,0.6,279.0,,,1.5,,,,,,,,,,,,,,,,,,,,,,,,,,,,
2012-05-16 13:00:00,989.4,23.9,95,0.8,246.0,,,11.5,,,,,,,,,,,,,,,,,,,,,,,,,,,,
2012-05-16 14:00:00,988.6,25.0,94,0.5,248.0,,,2.0,,,,,,,,,,,,,,,,,,,,,,,,,,,,
2012-05-16 15:00:00,987.8,25.7,90,0.4,359.0,,,0.0,,,,,,,,,,,,,,,,,,,,,,,,,,,,
2012-05-16 16:00:00,986.9,26.7,82,0.5,131.0,,,0.0,,,,,,,,,,,,,,,,,,,,,,,,,,,,
2012-05-16 17:00:00,986.7,27.2,79,0.5,254.0,,,0.0,,,,,,,,,,,,,,,,,,,,,,,,,,,,
2012-05-16 18:00:00,987.1,26.4,83,0.6,249.0,,,0.0,,,,,,,,,,,,,,,,,,,,,,,,,,,,
2012-05-16 19:00:00,987.4,26.5,81,0.4,241.0,,,0.0,,,,,,,,,,,,,,,,,,,,,,,,,,,,
2012-05-16 20:00:00,988.3,26.0,86,0.1,0.0,,,0.0,,,,,,,,,,,,,,,,,,,,,,,,,,,,
2012-05-16 21:00:00,988.8,25.9,87,0.4,75.0,,,0.0,,,,,,,,,,,,,,,,,,,,,,,,,,,,
2012-05-16 22:00:00,988.8,25.9,88,0.5,66.0,,,0.0,,,,,,,,,,,,,,,,,,,,,,,,,,,,
2012-05-16 23:00:00,988.0,25.7,87,0.0,0.0,,,0.0,,,,,,,,,,,,,,,,,,,,,,,,,,,,
2012-05-17 00:00:00,988.0,25.8,88,0.1,0.0,,,0.0,,,,,,,,,,,,,,,,,,,,,,,,,,,,
2012-05-17 01:00:00,988.0,25.6,88,0.6,92.0,,,0.0,,,,,,,,,,,,,,,,,,,,,,,,,,,,
2012-05-17 02:00:00,987.6,25.5,88,0.3,50.0,,,0.0,,,,,,,,,,,,,,,,,,,,,,,,,,,,
2012-05-17 03:00:00,987.2,25.7,83,0.4,82.0,,,0.0,,,,,,,,,,,,,,,,,,,,,,,,,,,,
2012-05-17 04:00:00,987.6,25.8,86,0.1,0.0,,,0.0,,,,,,,,,,,,,,,,,,,,,,,,,,,,
2012-05-17 05:00:00,987.9,25.4,85,0.6,70.0,,,0.0,,,,,,,,,,,,,,,,,,,,,,,,,,,,
2012-05-17 06:00:00,988.3,25.8,83,0.3,87.0,,,0.0,,,,,,,,,,,,,,,,,,,,,,,,,,,,
2012-05-17 07:00:00,988.5,25.5,85,0.3,189.0,,,0.0,,,,,,,,,,,,,,,,,,,,,,,,,,,,
2012-05-17 08:00:00,988.5,27.8,75,0.2,0.0,,,0.0,,,,,,,,,,,,,,,,,,,,,,,,,,,,
2012-05-17 09:00:00,988.9,28.1,66,0.5,151.0,,,0.0,,,,,,,,,,,,,,,,,,,,,,,,,,,,
2012-05-17 10:00:00,989.3,29.0,63,0.6,254.0,,,0.0,,,,,,,,,,,,,,,,,,,,,,,,,,,,
2012-05-17 11:00:00,989.5,29.9,65,1.0,247.0,,,0.0,,,,,,,,,,,,,,,,,,,,,,,,,,,,
2012-05-17 12:00:00,989.1,28.7,68,0.7,265.0,,,0.0,,,,,,,,,,,,,,,,,,,,,,,,,,,,
2012-05-17 13:00:00,989.1,25.0,95,0.5,334.0,,,3.0,,,,,,,,,,,,,,,,,,,,,,,,,,,,
2012-05-17 14:00:00,989.2,23.7,97,0.3,229.0,,,10.5,,,,,,,,,,,,,,,,,,,,,,,,,,,,
2012-05-17 15:00:00,988.8,24.5,97,0.2,0.0,,,6.0,,,,,,,,,,,,,,,,,,,,,,,,,,,,
2012-05-17 16:00:00,987.9,25.8,91,0.4,208.0,,,0.0,,,,,,,,,,,,,,,,,,,,,,,,,,,,
2012-05-17 17:00:00,988.0,25.8,85,0.3,275.0,,,0.0,,,,,,,,,,,,,,,,,,,,,,,,,,,,
2012-05-17 18:00:00,988.8,24.3,94,0.5,274.0,,,0.5,,,,,,,,,,,,,,,,,,,,,,,,,,,,
2012-05-17 19:00:00,989.1,23.8,96,0.5,61.0,,,2.0,,,,,,,,,,,,,,,,,,,,,,,,,,,,
2012-05-17 20:00:00,989.8,23.7,96,0.1,0.0,,,2.0,,,,,,,,,,,,,,,,,,,,,,,,,,,,
2012-05-17 21:00:00,990.2,23.8,97,0.4,45.0,,,0.5,,,,,,,,,,,,,,,,,,,,,,,,,,,,
2012-05-17 22:00:00,990.7,24.0,96,0.4,57.0,,,1.0,,,,,,,,,,,,,,,,,,,,,,,,,,,,
2012-05-17 23:00:00,990.7,23.8,97,0.2,0.0,,,1.0,,,,,,,,,,,,,,,,,,,,,,,,,,,,
2012-05-18 00:00:00,990.2,23.7,96,0.2,0.0,,,1.0,,,,,,,,,,,,,,,,,,,,,,,,,,,,
2012-05-18 01:00:00,989.6,23.9,96,0.5,69.0,,,0.0,,,,,,,,,,,,,,,,,,,,,,,,,,,,
2012-05-18 02:00:00,989.1,24.0,96,0.1,0.0,,,0.0,,,,,,,,,,,,,,,,,,,,,,,,,,,,
2012-05-18 03:00:00,989.2,23.9,98,0.3,277.0,,,0.0,,,,,,,,,,,,,,,,,,,,,,,,,,,,
2012-05-18 04:00:00,989.2,23.8,97,0.4,328.0,,,0.0,,,,,,,,,,,,,,,,,,,,,,,,,,,,
2012-05-18 05:00:00,989.6,23.7,98,0.1,0.0,,,0.5,,,,,,,,,,,,,,,,,,,,,,,,,,,,
2012-05-18 06:00:00,989.8,23.4,96,0.8,83.0,,,1.0,,,,,,,,,,,,,,,,,,,,,,,,,,,,
2012-05-18 07:00:00,990.2,24.6,91,0.6,32.0,,,0.0,,,,,,,,,,,,,,,,,,,,,,,,,,,,
2012-05-18 08:00:00,991.4,25.2,90,0.6,247.0,,,0.0,,,,,,,,,,,,,,,,,,,,,,,,,,,,
2012-05-18 09:00:00,991.9,25.4,94,0.3,104.0,,,2.5,,,,,,,,,,,,,,,,,,,,,,,,,,,,
2012-05-18 10:00:00,991.8,26.8,84,0.5,32.0,,,0.0,,,,,,,,,,,,,,,,,,,,,,,,,,,,
2012-05-18 11:00:00,992.0,27.7,71,0.6,221.0,,,0.0,,,,,,,,,,,,,,,,,,,,,,,,,,,,
2012-05-18 12:00:00,991.8,27.6,75,0.7,256.0,,,0.0,,,,,,,,,,,,,,,,,,,,,,,,,,,,
2012-05-18 13:00:00,991.5,26.3,85,0.8,246.0,,,0.0,,,,,,,,,,,,,,,,,,,,,,,,,,,,
2012-05-18 14:00:00,991.3,25.8,89,0.7,240.0,,,1.0,,,,,,,,,,,,,,,,,,,,,,,,,,,,
2012-05-18 15:00:00,990.6,25.6,92,0.3,67.0,,,0.5,,,,,,,,,,,,,,,,,,,,,,,,,,,,
2012-05-18 16:00:00,990.5,24.9,94,0.6,253.0,,,4.0,,,,,,,,,,,,,,,,,,,,,,,,,,,,
2012-05-18 17:00:00,990.4,25.2,94,0.2,0.0,,,0.5,,,,,,,,,,,,,,,,,,,,,,,,,,,,
2012-05-18 18:00:00,991.4,23.6,98,0.4,109.0,,,14.0,,,,,,,,,,,,,,,,,,,,,,,,,,,,
2012-05-18 19:00:00,991.7,23.5,98,0.1,0.0,,,11.5,,,,,,,,,,,,,,,,,,,,,,,,,,,,
2012-05-18 20:00:00,992.5,23.4,99,0.3,119.0,,,7.0,,,,,,,,,,,,,,,,,,,,,,,,,,,,
2012-05-18 21:00:00,992.8,23.4,98,0.2,0.0,,,6.0,,,,,,,,,,,,,,,,,,,,,,,,,,,,
2012-05-18 22:00:00,993.0,23.5,99,0.1,0.0,,,4.5,,,,,,,,,,,,,,,,,,,,,,,,,,,,
2012-05-18 23:00:00,992.9,23.6,99,0.1,0.0,,,4.0,,,,,,,,,,,,,,,,,,,,,,,,,,,,
2012-05-19 00:00:00,992.1,23.5,99,0.0,0.0,,,10.0,,,,,,,,,,,,,,,,,,,,,,,,,,,,
2012-05-19 01:00:00,991.4,23.6,98,0.1,0.0,,,0.0,,,,,,,,,,,,,,,,,,,,,,,,,,,,
2012-05-19 02:00:00,990.5,23.5,99,0.0,0.0,,,0.0,,,,,,,,,,,,,,,,,,,,,,,,,,,,
2012-05-19 03:00:00,990.0,23.6,98,0.1,0.0,,,0.0,,,,,,,,,,,,,,,,,,,,,,,,,,,,
2012-05-19 04:00:00,989.9,23.4,99,0.2,0.0,,,0.0,,,,,,,,,,,,,,,,,,,,,,,,,,,,
2012-05-19 05:00:00,990.1,23.5,99,0.0,0.0,,,0.0,,,,,,,,,,,,,,,,,,,,,,,,,,,,
2012-05-19 06:00:00,990.2,23.7,99,0.0,0.0,,,0.0,,,,,,,,,,,,,,,,,,,,,,,,,,,,
2012-05-19 07:00:00,990.8,24.2,97,0.1,0.0,,,0.0,,,,,,,,,,,,,,,,,,,,,,,,,,,,
2012-05-19 08:00:00,991.3,24.9,93,0.4,254.0,,,0.0,,,,,,,,,,,,,,,,,,,,,,,,,,,,
2012-05-19 09:00:00,991.4,25.3,91,0.3,259.0,,,0.0,,,,,,,,,,,,,,,,,,,,,,,,,,,,
2012-05-19 10:00:00,991.3,26.0,85,0.5,235.0,,,0.0,,,,,,,,,,,,,,,,,,,,,,,,,,,,
2012-05-19 11:00:00,991.1,26.1,83,0.6,246.0,,,0.0,,,,,,,,,,,,,,,,,,,,,,,,,,,,
2012-05-19 12:00:00,990.5,26.4,86,0.4,261.0,,,0.5,,,,,,,,,,,,,,,,,,,,,,,,,,,,
2012-05-19 13:00:00,990.1,27.1,84,0.3,230.0,,,0.0,,,,,,,,,,,,,,,,,,,,,,,,,,,,
2012-05-19 14:00:00,988.9,27.5,79,0.6,50.0,,,0.0,,,,,,,,,,,,,,,,,,,,,,,,,,,,
2012-05-19 15:00:00,988.8,27.6,76,0.6,246.0,,,0.0,,,,,,,,,,,,,,,,,,,,,,,,,,,,
2012-05-19 16:00:00,987.9,26.8,82,0.5,63.0,,,0.0,,,,,,,,,,,,,,,,,,,,,,,,,,,,
2012-05-19 17:00:00,987.6,26.7,77,0.3,241.0,,,0.0,,,,,,,,,,,,,,,,,,,,,,,,,,,,
2012-05-19 18:00:00,987.9,26.0,87,0.1,0.0,,,0.0,,,,,,,,,,,,,,,,,,,,,,,,,,,,
2012-05-19 19:00:00,988.3,25.5,92,0.5,103.0,,,0.0,,,,,,,,,,,,,,,,,,,,,,,,,,,,
2012-05-19 20:00:00,988.5,25.1,90,0.3,80.0,,,0.0,,,,,,,,,,,,,,,,,,,,,,,,,,,,
2012-05-19 21:00:00,988.9,24.8,93,0.3,128.0,,,0.5,,,,,,,,,,,,,,,,,,,,,,,,,,,,
2012-05-19 22:00:00,988.9,24.5,93,0.5,206.0,,,0.5,,,,,,,,,,,,,,,,,,,,,,,,,,,,
2012-05-19 23:00:00,988.9,24.6,91,0.3,222.0,,,0.0,,,,,,,,,,,,,,,,,,,,,,,,,,,,
2012-05-20 00:00:00,988.3,23.7,97,0.3,172.0,,,1.0,,,,,,,,,,,,,,,,,,,,,,,,,,,,
2012-05-20 01:00:00,987.1,23.7,98,0.5,341.0,,,1.0,,,,,,,,,,,,,,,,,,,,,,,,,,,,
2012-05-20 02:00:00,986.4,24.2,93,0.3,249.0,,,0.0,,,,,,,,,,,,,,,,,,,,,,,,,,,,
2012-05-20 03:00:00,985.4,24.3,91,0.3,326.0,,,0.5,,,,,,,,,,,,,,,,,,,,,,,,,,,,
2012-05-20 04:00:00,986.0,24.3,93,0.5,263.0,,,0.0,,,,,,,,,,,,,,,,,,,,,,,,,,,,
2012-05-20 05:00:00,986.1,23.6,98,0.6,212.0,,,4.5,,,,,,,,,,,,,,,,,,,,,,,,,,,,
2012-05-20 06:00:00,986.3,23.5,99,0.2,0.0,,,16.0,,,,,,,,,,,,,,,,,,,,,,,,,,,,
2012-05-20 07:00:00,986.7,23.6,99,0.0,0.0,,,3.5,,,,,,,,,,,,,,,,,,,,,,,,,,,,
2012-05-20 08:00:00,987.0,24.1,98,1.0,33.0,,,0.0,,,,,,,,,,,,,,,,,,,,,,,,,,,,
2012-05-20 09:00:00,987.6,25.2,93,0.6,54.0,,,0.0,,,,,,,,,,,,,,,,,,,,,,,,,,,,
2012-05-20 10:00:00,987.3,26.9,84,1.0,358.0,,,0.0,,,,,,,,,,,,,,,,,,,,,,,,,,,,
2012-05-20 11:00:00,987.0,26.9,80,1.2,20.0,,,0.0,,,,,,,,,,,,,,,,,,,,,,,,,,,,
2012-05-20 12:00:00,986.8,26.8,76,1.7,24.0,,,0.0,,,,,,,,,,,,,,,,,,,,,,,,,,,,
2012-05-20 13:00:00,986.2,27.4,75,1.9,29.0,,,0.0,,,,,,,,,,,,,,,,,,,,,,,,,,,,
2012-05-20 14:00:00,985.7,28.3,68,1.1,22.0,,,0.0,,,,,,,,,,,,,,,,,,,,,,,,,,,,
2012-05-20 15:00:00,985.8,28.0,68,1.8,14.0,,,0.0,,,,,,,,,,,,,,,,,,,,,,,,,,,,
2012-05-20 16:00:00,985.4,27.5,63,1.5,22.0,,,0.0,,,,,,,,,,,,,,,,,,,,,,,,,,,,
2012-05-20 17:00:00,985.3,27.4,68,1.2,30.0,,,0.0,,,,,,,,,,,,,,,,,,,,,,,,,,,,
2012-05-20 18:00:00,985.5,26.0,71,1.1,11.0,,,0.0,,,,,,,,,,,,,,,,,,,,,,,,,,,,
2012-05-20 19:00:00,985.8,25.6,73,0.7,19.0,,,0.0,,,,,,,,,,,,,,,,,,,,,,,,,,,,
2012-05-20 20:00:00,985.9,24.7,79,0.8,11.0,,,0.0,,,,,,,,,,,,,,,,,,,,,,,,,,,,
2012-05-20 21:00:00,986.4,23.9,80,0.6,13.0,,,0.0,,,,,,,,,,,,,,,,,,,,,,,,,,,,
2012-05-20 22:00:00,986.9,23.6,79,0.6,347.0,,,0.0,,,,,,,,,,,,,,,,,,,,,,,,,,,,
2012-05-20 23:00:00,987.1,22.8,80,0.8,6.0,,,0.0,,,,,,,,,,,,,,,,,,,,,,,,,,,,
2012-05-21 00:00:00,987.0,22.5,80,0.6,16.0,,,0.0,,,,,,,,,,,,,,,,,,,,,,,,,,,,
2012-05-21 01:00:00,986.3,22.3,80,0.7,348.0,,,0.0,,,,,,,,,,,,,,,,,,,,,,,,,,,,
2012-05-21 02:00:00,986.1,22.7,79,0.8,34.0,,,0.0,,,,,,,,,,,,,,,,,,,,,,,,,,,,
2012-05-21 03:00:00,986.0,22.1,81,0.8,39.0,,,0.0,,,,,,,,,,,,,,,,,,,,,,,,,,,,
2012-05-21 04:00:00,986.3,22.6,78,0.7,30.0,,,0.0,,,,,,,,,,,,,,,,,,,,,,,,,,,,
2012-05-21 05:00:00,986.7,21.6,79,0.5,327.0,,,0.0,,,,,,,,,,,,,,,,,,,,,,,,,,,,
2012-05-21 06:00:00,987.0,21.6,79,0.5,319.0,,,0.0,,,,,,,,,,,,,,,,,,,,,,,,,,,,
2012-05-21 07:00:00,987.4,23.3,73,0.5,332.0,,,0.0,,,,,,,,,,,,,,,,,,,,,,,,,,,,
2012-05-21 08:00:00,987.8,25.6,62,1.2,39.0,,,0.0,,,,,,,,,,,,,,,,,,,,,,,,,,,,
2012-05-21 09:00:00,988.1,27.5,55,1.0,7.0,,,0.0,,,,,,,,,,,,,,,,,,,,,,,,,,,,
2012-05-21 10:00:00,988.1,28.7,52,1.5,37.0,,,0.0,,,,,,,,,,,,,,,,,,,,,,,,,,,,
2012-05-21 11:00:00,987.9,29.2,52,1.0,10.0,,,0.0,,,,,,,,,,,,,,,,,,,,,,,,,,,,
2012-05-21 12:00:00,987.1,29.6,52,1.5,355.0,,,0.0,,,,,,,,,,,,,,,,,,,,,,,,,,,,
2012-05-21 13:00:00,986.8,29.5,52,1.4,351.0,,,0.0,,,,,,,,,,,,,,,,,,,,,,,,,,,,
2012-05-21 14:00:00,986.6,29.9,49,1.3,10.0,,,0.0,,,,,,,,,,,,,,,,,,,,,,,,,,,,
2012-05-21 15:00:00,986.5,29.4,50,1.4,23.0,,,0.0,,,,,,,,,,,,,,,,,,,,,,,,,,,,
2012-05-21 16:00:00,986.0,28.7,50,1.4,35.0,,,0.0,,,,,,,,,,,,,,,,,,,,,,,,,,,,
2012-05-21 17:00:00,986.1,28.1,52,1.1,5.0,,,0.0,,,,,,,,,,,,,,,,,,,,,,,,,,,,
2012-05-21 18:00:00,986.9,26.2,59,1.2,21.0,,,0.0,,,,,,,,,,,,,,,,,,,,,,,,,,,,
2012-05-21 19:00:00,987.6,24.8,62,0.8,25.0,,,0.0,,,,,,,,,,,,,,,,,,,,,,,,,,,,
2012-05-21 20:00:00,988.3,23.8,66,1.0,28.0,,,0.0,,,,,,,,,,,,,,,,,,,,,,,,,,,,
2012-05-21 21:00:00,989.1,23.0,70,0.8,24.0,,,0.0,,,,,,,,,,,,,,,,,,,,,,,,,,,,
2012-05-21 22:00:00,989.5,22.6,72,0.8,36.0,,,0.0,,,,,,,,,,,,,,,,,,,,,,,,,,,,
2012-05-21 23:00:00,989.6,22.2,73,0.7,47.0,,,0.0,,,,,,,,,,,,,,,,,,,,,,,,,,,,
2012-05-22 00:00:00,989.1,22.0,75,0.6,57.0,,,0.0,,,,,,,,,,,,,,,,,,,,,,,,,,,,
2012-05-22 01:00:00,988.6,22.0,74,0.6,35.0,,,0.0,,,,,,,,,,,,,,,,,,,,,,,,,,,,
2012-05-22 02:00:00,988.6,22.0,74,0.7,32.0,,,0.0,,,,,,,,,,,,,,,,,,,,,,,,,,,,
2012-05-22 03:00:00,988.3,22.6,69,0.5,26.0,,,0.0,,,,,,,,,,,,,,,,,,,,,,,,,,,,
2012-05-22 04:00:00,987.9,22.6,69,0.6,36.0,,,0.0,,,,,,,,,,,,,,,,,,,,,,,,,,,,
2012-05-22 05:00:00,988.1,22.5,67,0.5,41.0,,,0.0,,,,,,,,,,,,,,,,,,,,,,,,,,,,
2012-05-22 06:00:00,988.6,22.5,67,0.4,45.0,,,0.0,,,,,,,,,,,,,,,,,,,,,,,,,,,,
2012-05-22 07:00:00,988.9,24.2,61,0.4,23.0,,,0.0,,,,,,,,,,,,,,,,,,,,,,,,,,,,
2012-05-22 08:00:00,989.2,25.3,58,0.7,19.0,,,0.0,,,,,,,,,,,,,,,,,,,,,,,,,,,,
2012-05-22 09:00:00,989.3,26.3,55,0.7,36.0,,,0.0,,,,,,,,,,,,,,,,,,,,,,,,,,,,
2012-05-22 10:00:00,989.6,27.3,53,0.7,357.0,,,0.0,,,,,,,,,,,,,,,,,,,,,,,,,,,,
2012-05-22 11:00:00,989.3,29.5,48,0.7,355.0,,,0.0,,,,,,,,,,,,,,,,,,,,,,,,,,,,
2012-05-22 12:00:00,989.2,29.2,49,0.8,323.0,,,0.0,,,,,,,,,,,,,,,,,,,,,,,,,,,,
2012-05-22 13:00:00,988.8,29.6,49,0.8,318.0,,,0.0,,,,,,,,,,,,,,,,,,,,,,,,,,,,
2012-05-22 14:00:00,988.3,29.9,51,0.9,332.0,,,0.0,,,,,,,,,,,,,,,,,,,,,,,,,,,,
2012-05-22 15:00:00,988.1,30.3,52,0.9,317.0,,,0.0,,,,,,,,,,,,,,,,,,,,,,,,,,,,
2012-05-22 16:00:00,987.8,28.7,53,0.9,344.0,,,0.0,,,,,,,,,,,,,,,,,,,,,,,,,,,,
2012-05-22 17:00:00,987.9,27.6,53,0.9,18.0,,,0.0,,,,,,,,,,,,,,,,,,,,,,,,,,,,
2012-05-22 18:00:00,987.9,26.9,56,0.7,30.0,,,0.0,,,,,,,,,,,,,,,,,,,,,,,,,,,,
2012-05-22 19:00:00,988.1,25.6,61,0.8,29.0,,,0.0,,,,,,,,,,,,,,,,,,,,,,,,,,,,
2012-05-22 20:00:00,988.5,25.1,64,0.6,42.0,,,0.0,,,,,,,,,,,,,,,,,,,,,,,,,,,,
2012-05-22 21:00:00,989.1,24.8,66,0.4,39.0,,,0.0,,,,,,,,,,,,,,,,,,,,,,,,,,,,
2012-05-22 22:00:00,989.6,24.4,71,0.1,0.0,,,0.0,,,,,,,,,,,,,,,,,,,,,,,,,,,,
2012-05-22 23:00:00,989.6,24.0,73,0.1,0.0,,,0.0,,,,,,,,,,,,,,,,,,,,,,,,,,,,
2012-05-23 00:00:00,989.5,23.7,75,0.2,0.0,,,0.0,,,,,,,,,,,,,,,,,,,,,,,,,,,,
2012-05-23 01:00:00,989.3,23.4,78,0.5,73.0,,,0.0,,,,,,,,,,,,,,,,,,,,,,,,,,,,
2012-05-23 02:00:00,988.5,22.9,80,0.1,0.0,,,0.0,,,,,,,,,,,,,,,,,,,,,,,,,,,,
2012-05-23 03:00:00,988.2,22.5,82,0.4,61.0,,,0.0,,,,,,,,,,,,,,,,,,,,,,,,,,,,
2012-05-23 04:00:00,988.1,22.7,81,0.4,65.0,,,0.0,,,,,,,,,,,,,,,,,,,,,,,,,,,,
2012-05-23 05:00:00,988.5,22.1,86,0.0,0.0,,,0.0,,,,,,,,,,,,,,,,,,,,,,,,,,,,
2012-05-23 06:00:00,989.1,22.8,80,0.3,86.0,,,0.0,,,,,,,,,,,,,,,,,,,,,,,,,,,,
2012-05-23 07:00:00,989.6,24.9,74,0.4,249.0,,,0.0,,,,,,,,,,,,,,,,,,,,,,,,,,,,
2012-05-23 08:00:00,990.0,25.7,69,0.5,305.0,,,0.0,,,,,,,,,,,,,,,,,,,,,,,,,,,,
2012-05-23 09:00:00,990.2,27.4,62,0.5,348.0,,,0.0,,,,,,,,,,,,,,,,,,,,,,,,,,,,
2012-05-23 10:00:00,990.2,29.0,57,0.7,318.0,,,0.0,,,,,,,,,,,,,,,,,,,,,,,,,,,,
2012-05-23 11:00:00,989.8,29.1,58,0.6,304.0,,,0.0,,,,,,,,,,,,,,,,,,,,,,,,,,,,
2012-05-23 12:00:00,989.1,30.8,49,0.7,256.0,,,0.0,,,,,,,,,,,,,,,,,,,,,,,,,,,,
2012-05-23 13:00:00,988.5,30.4,53,0.7,282.0,,,0.0,,,,,,,,,,,,,,,,,,,,,,,,,,,,
2012-05-23 14:00:00,988.0,30.7,57,0.7,318.0,,,0.0,,,,,,,,,,,,,,,,,,,,,,,,,,,,
2012-05-23 15:00:00,988.2,29.8,58,0.7,345.0,,,0.0,,,,,,,,,,,,,,,,,,,,,,,,,,,,
2012-05-23 16:00:00,987.7,28.9,61,0.5,299.0,,,0.0,,,,,,,,,,,,,,,,,,,,,,,,,,,,
2012-05-23 17:00:00,987.6,28.1,65,0.5,360.0,,,0.0,,,,,,,,,,,,,,,,,,,,,,,,,,,,
2012-05-23 18:00:00,988.0,26.8,73,0.8,332.0,,,0.0,,,,,,,,,,,,,,,,,,,,,,,,,,,,
2012-05-23 19:00:00,988.2,26.1,75,0.6,16.0,,,0.0,,,,,,,,,,,,,,,,,,,,,,,,,,,,
2012-05-23 20:00:00,988.6,26.4,72,0.4,37.0,,,0.0,,,,,,,,,,,,,,,,,,,,,,,,,,,,
2012-05-23 21:00:00,988.9,26.1,74,0.4,84.0,,,0.0,,,,,,,,,,,,,,,,,,,,,,,,,,,,
2012-05-23 22:00:00,989.1,25.7,77,0.1,0.0,,,0.0,,,,,,,,,,,,,,,,,,,,,,,,,,,,
2012-05-23 23:00:00,989.3,25.5,79,0.2,0.0,,,0.0,,,,,,,,,,,,,,,,,,,,,,,,,,,,
2012-05-24 00:00:00,989.1,25.0,81,0.2,0.0,,,0.0,,,,,,,,,,,,,,,,,,,,,,,,,,,,
2012-05-24 01:00:00,988.8,24.4,82,0.3,76.0,,,0.0,,,,,,,,,,,,,,,,,,,,,,,,,,,,
2012-05-24 02:00:00,988.3,23.8,81,0.2,0.0,,,0.0,,,,,,,,,,,,,,,,,,,,,,,,,,,,
2012-05-24 03:00:00,988.0,23.4,84,0.3,78.0,,,0.0,,,,,,,,,,,,,,,,,,,,,,,,,,,,
2012-05-24 04:00:00,988.2,23.2,83,0.0,0.0,,,0.0,,,,,,,,,,,,,,,,,,,,,,,,,,,,
2012-05-24 05:00:00,988.6,22.8,84,0.3,74.0,,,0.0,,,,,,,,,,,,,,,,,,,,,,,,,,,,
2012-05-24 06:00:00,988.6,23.3,83,0.0,0.0,,,0.0,,,,,,,,,,,,,,,,,,,,,,,,,,,,
2012-05-24 07:00:00,988.8,25.9,70,0.4,205.0,,,0.0,,,,,,,,,,,,,,,,,,,,,,,,,,,,
2012-05-24 08:00:00,989.2,27.9,61,0.6,127.0,,,0.0,,,,,,,,,,,,,,,,,,,,,,,,,,,,
2012-05-24 09:00:00,989.1,28.8,54,0.4,40.0,,,0.0,,,,,,,,,,,,,,,,,,,,,,,,,,,,
2012-05-24 10:00:00,989.1,30.4,51,0.7,275.0,,,0.0,,,,,,,,,,,,,,,,,,,,,,,,,,,,
2012-05-24 11:00:00,988.9,30.8,57,0.6,312.0,,,0.0,,,,,,,,,,,,,,,,,,,,,,,,,,,,
2012-05-24 12:00:00,988.9,29.3,62,0.9,332.0,,,0.0,,,,,,,,,,,,,,,,,,,,,,,,,,,,
2012-05-24 13:00:00,988.2,29.9,55,0.8,294.0,,,0.0,,,,,,,,,,,,,,,,,,,,,,,,,,,,
2012-05-24 14:00:00,987.7,30.5,50,0.8,283.0,,,0.0,,,,,,,,,,,,,,,,,,,,,,,,,,,,
2012-05-24 15:00:00,987.3,30.4,51,0.7,11.0,,,0.0,,,,,,,,,,,,,,,,,,,,,,,,,,,,
2012-05-24 16:00:00,987.1,30.2,51,0.7,314.0,,,0.0,,,,,,,,,,,,,,,,,,,,,,,,,,,,
2012-05-24 17:00:00,987.0,28.9,54,0.5,336.0,,,0.0,,,,,,,,,,,,,,,,,,,,,,,,,,,,
2012-05-24 18:00:00,987.6,27.7,55,0.5,345.0,,,0.0,,,,,,,,,,,,,,,,,,,,,,,,,,,,
2012-05-24 19:00:00,987.9,27.1,53,0.4,337.0,,,0.0,,,,,,,,,,,,,,,,,,,,,,,,,,,,
2012-05-24 20:00:00,988.3,26.4,59,0.3,54.0,,,0.0,,,,,,,,,,,,,,,,,,,,,,,,,,,,
2012-05-24 21:00:00,988.6,26.1,56,0.4,77.0,,,0.0,,,,,,,,,,,,,,,,,,,,,,,,,,,,
2012-05-24 22:00:00,989.1,25.2,61,0.3,58.0,,,0.0,,,,,,,,,,,,,,,,,,,,,,,,,,,,
2012-05-24 23:00:00,988.9,25.2,61,0.4,71.0,,,0.0,,,,,,,,,,,,,,,,,,,,,,,,,,,,
2012-05-25 00:00:00,988.8,24.3,72,0.2,0.0,,,0.0,,,,,,,,,,,,,,,,,,,,,,,,,,,,
2012-05-25 01:00:00,988.4,23.8,74,0.2,0.0,,,0.0,,,,,,,,,,,,,,,,,,,,,,,,,,,,
2012-05-25 02:00:00,988.3,23.8,76,0.2,0.0,,,0.0,,,,,,,,,,,,,,,,,,,,,,,,,,,,
2012-05-25 03:00:00,988.2,23.5,77,0.2,0.0,,,0.0,,,,,,,,,,,,,,,,,,,,,,,,,,,,
2012-05-25 04:00:00,987.9,22.8,74,0.4,44.0,,,0.0,,,,,,,,,,,,,,,,,,,,,,,,,,,,
2012-05-25 05:00:00,987.9,22.9,69,0.4,79.0,,,0.0,,,,,,,,,,,,,,,,,,,,,,,,,,,,
2012-05-25 06:00:00,988.1,23.4,65,0.2,0.0,,,0.0,,,,,,,,,,,,,,,,,,,,,,,,,,,,
2012-05-25 07:00:00,988.7,26.5,59,0.4,42.0,,,0.0,,,,,,,,,,,,,,,,,,,,,,,,,,,,
2012-05-25 08:00:00,989.3,29.6,49,0.4,58.0,,,0.0,,,,,,,,,,,,,,,,,,,,,,,,,,,,
2012-05-25 09:00:00,989.8,29.8,53,0.5,272.0,,,0.0,,,,,,,,,,,,,,,,,,,,,,,,,,,,
2012-05-25 10:00:00,989.6,29.9,52,0.6,20.0,,,0.0,,,,,,,,,,,,,,,,,,,,,,,,,,,,
2012-05-25 11:00:00,989.3,31.6,47,0.7,244.0,,,0.0,,,,,,,,,,,,,,,,,,,,,,,,,,,,
2012-05-25 12:00:00,989.0,31.2,52,0.8,2.0,,,0.0,,,,,,,,,,,,,,,,,,,,,,,,,,,,
2012-05-25 13:00:00,988.7,31.7,50,0.7,328.0,,,0.0,,,,,,,,,,,,,,,,,,,,,,,,,,,,
2012-05-25 14:00:00,988.2,31.3,54,0.8,308.0,,,0.0,,,,,,,,,,,,,,,,,,,,,,,,,,,,
2012-05-25 15:00:00,987.8,30.1,60,0.9,324.0,,,0.0,,,,,,,,,,,,,,,,,,,,,,,,,,,,
2012-05-25 16:00:00,987.0,29.7,62,0.8,345.0,,,0.0,,,,,,,,,,,,,,,,,,,,,,,,,,,,
2012-05-25 17:00:00,987.5,29.0,66,0.7,357.0,,,0.0,,,,,,,,,,,,,,,,,,,,,,,,,,,,
2012-05-25 18:00:00,987.9,27.8,70,0.8,338.0,,,0.0,,,,,,,,,,,,,,,,,,,,,,,,,,,,
2012-05-25 19:00:00,988.3,26.7,76,0.6,323.0,,,0.0,,,,,,,,,,,,,,,,,,,,,,,,,,,,
2012-05-25 20:00:00,989.1,26.4,77,0.5,345.0,,,0.0,,,,,,,,,,,,,,,,,,,,,,,,,,,,
2012-05-25 21:00:00,989.5,26.4,77,0.5,24.0,,,0.0,,,,,,,,,,,,,,,,,,,,,,,,,,,,
2012-05-25 22:00:00,989.9,26.1,78,0.5,33.0,,,0.0,,,,,,,,,,,,,,,,,,,,,,,,,,,,
2012-05-25 23:00:00,990.1,25.9,78,0.5,23.0,,,0.0,,,,,,,,,,,,,,,,,,,,,,,,,,,,
2012-05-26 00:00:00,989.6,25.4,80,0.3,16.0,,,0.0,,,,,,,,,,,,,,,,,,,,,,,,,,,,
2012-05-26 01:00:00,989.1,24.9,82,0.5,55.0,,,0.0,,,,,,,,,,,,,,,,,,,,,,,,,,,,
2012-05-26 02:00:00,988.8,24.8,83,0.3,66.0,,,0.0,,,,,,,,,,,,,,,,,,,,,,,,,,,,
2012-05-26 03:00:00,988.2,24.5,81,0.2,0.0,,,0.0,,,,,,,,,,,,,,,,,,,,,,,,,,,,
2012-05-26 04:00:00,988.5,24.3,82,0.4,51.0,,,0.0,,,,,,,,,,,,,,,,,,,,,,,,,,,,
2012-05-26 05:00:00,989.0,24.5,82,0.4,87.0,,,0.0,,,,,,,,,,,,,,,,,,,,,,,,,,,,
2012-05-26 06:00:00,988.8,25.0,80,0.1,0.0,,,0.0,,,,,,,,,,,,,,,,,,,,,,,,,,,,
2012-05-26 07:00:00,988.9,27.9,68,0.4,50.0,,,0.0,,,,,,,,,,,,,,,,,,,,,,,,,,,,
2012-05-26 08:00:00,989.7,29.3,64,0.6,326.0,,,0.0,,,,,,,,,,,,,,,,,,,,,,,,,,,,
2012-05-26 09:00:00,989.9,29.5,62,0.6,301.0,,,0.0,,,,,,,,,,,,,,,,,,,,,,,,,,,,
2012-05-26 10:00:00,989.9,31.6,52,0.5,344.0,,,0.0,,,,,,,,,,,,,,,,,,,,,,,,,,,,
2012-05-26 11:00:00,989.3,32.0,51,0.8,356.0,,,0.0,,,,,,,,,,,,,,,,,,,,,,,,,,,,
2012-05-26 12:00:00,988.9,31.7,53,0.7,298.0,,,0.0,,,,,,,,,,,,,,,,,,,,,,,,,,,,
2012-05-26 13:00:00,988.3,31.9,52,0.7,329.0,,,0.0,,,,,,,,,,,,,,,,,,,,,,,,,,,,
2012-05-26 14:00:00,988.3,31.4,55,0.8,333.0,,,0.0,,,,,,,,,,,,,,,,,,,,,,,,,,,,
2012-05-26 15:00:00,988.2,30.4,57,0.8,333.0,,,0.0,,,,,,,,,,,,,,,,,,,,,,,,,,,,
2012-05-26 16:00:00,988.2,29.3,63,0.7,12.0,,,0.0,,,,,,,,,,,,,,,,,,,,,,,,,,,,
2012-05-26 17:00:00,988.0,28.2,70,0.6,328.0,,,0.0,,,,,,,,,,,,,,,,,,,,,,,,,,,,
2012-05-26 18:00:00,988.5,28.2,68,0.4,354.0,,,0.0,,,,,,,,,,,,,,,,,,,,,,,,,,,,
2012-05-26 19:00:00,988.8,27.0,76,0.6,328.0,,,0.0,,,,,,,,,,,,,,,,,,,,,,,,,,,,
2012-05-26 20:00:00,989.3,27.1,75,0.3,318.0,,,0.0,,,,,,,,,,,,,,,,,,,,,,,,,,,,
2012-05-26 21:00:00,990.0,27.1,75,0.4,334.0,,,0.0,,,,,,,,,,,,,,,,,,,,,,,,,,,,
2012-05-26 22:00:00,990.8,25.1,87,0.6,345.0,,,0.0,,,,,,,,,,,,,,,,,,,,,,,,,,,,
2012-05-26 23:00:00,990.7,25.7,79,0.6,38.0,,,0.0,,,,,,,,,,,,,,,,,,,,,,,,,,,,
2012-05-27 00:00:00,989.9,25.8,82,0.5,59.0,,,0.0,,,,,,,,,,,,,,,,,,,,,,,,,,,,
2012-05-27 01:00:00,989.3,25.8,81,0.1,0.0,,,0.0,,,,,,,,,,,,,,,,,,,,,,,,,,,,
2012-05-27 02:00:00,988.6,25.8,83,0.5,76.0,,,0.0,,,,,,,,,,,,,,,,,,,,,,,,,,,,
2012-05-27 03:00:00,988.2,25.8,83,0.2,0.0,,,0.0,,,,,,,,,,,,,,,,,,,,,,,,,,,,
2012-05-27 04:00:00,988.5,25.3,86,0.4,337.0,,,0.0,,,,,,,,,,,,,,,,,,,,,,,,,,,,
2012-05-27 05:00:00,988.9,25.3,86,0.3,360.0,,,0.0,,,,,,,,,,,,,,,,,,,,,,,,,,,,
2012-05-27 06:00:00,989.3,25.7,85,0.2,0.0,,,0.0,,,,,,,,,,,,,,,,,,,,,,,,,,,,
2012-05-27 07:00:00,989.8,26.8,79,0.2,0.0,,,0.0,,,,,,,,,,,,,,,,,,,,,,,,,,,,
2012-05-27 08:00:00,989.9,28.1,72,0.2,0.0,,,0.0,,,,,,,,,,,,,,,,,,,,,,,,,,,,
2012-05-27 09:00:00,990.1,30.1,66,0.6,275.0,,,0.0,,,,,,,,,,,,,,,,,,,,,,,,,,,,
2012-05-27 10:00:00,989.8,30.8,63,0.8,294.0,,,0.0,,,,,,,,,,,,,,,,,,,,,,,,,,,,
2012-05-27 11:00:00,990.2,27.6,84,0.6,341.0,,,0.5,,,,,,,,,,,,,,,,,,,,,,,,,,,,
2012-05-27 12:00:00,989.5,30.2,72,0.7,335.0,,,0.0,,,,,,,,,,,,,,,,,,,,,,,,,,,,
2012-05-27 13:00:00,989.0,31.4,63,0.8,336.0,,,0.0,,,,,,,,,,,,,,,,,,,,,,,,,,,,
2012-05-27 14:00:00,988.5,31.8,61,0.8,327.0,,,0.0,,,,,,,,,,,,,,,,,,,,,,,,,,,,
2012-05-27 15:00:00,988.1,31.5,61,0.9,330.0,,,0.0,,,,,,,,,,,,,,,,,,,,,,,,,,,,
2012-05-27 16:00:00,987.7,31.4,60,0.5,324.0,,,0.0,,,,,,,,,,,,,,,,,,,,,,,,,,,,
2012-05-27 17:00:00,987.7,30.3,69,0.7,319.0,,,0.0,,,,,,,,,,,,,,,,,,,,,,,,,,,,
2012-05-27 18:00:00,988.0,29.4,75,0.4,316.0,,,0.0,,,,,,,,,,,,,,,,,,,,,,,,,,,,
2012-05-27 19:00:00,988.6,27.6,83,0.5,344.0,,,0.0,,,,,,,,,,,,,,,,,,,,,,,,,,,,
2012-05-27 20:00:00,989.3,27.9,72,0.5,83.0,,,0.0,,,,,,,,,,,,,,,,,,,,,,,,,,,,
2012-05-27 21:00:00,989.5,27.2,80,0.3,71.0,,,0.0,,,,,,,,,,,,,,,,,,,,,,,,,,,,
2012-05-27 22:00:00,989.8,26.8,79,0.4,89.0,,,0.0,,,,,,,,,,,,,,,,,,,,,,,,,,,,
2012-05-27 23:00:00,989.8,26.0,86,0.4,85.0,,,0.5,,,,,,,,,,,,,,,,,,,,,,,,,,,,
2012-05-28 00:00:00,989.4,25.8,90,0.2,0.0,,,0.0,,,,,,,,,,,,,,,,,,,,,,,,,,,,
2012-05-28 01:00:00,989.2,25.1,96,0.2,0.0,,,3.5,,,,,,,,,,,,,,,,,,,,,,,,,,,,
2012-05-28 02:00:00,988.8,25.1,95,0.5,72.0,,,0.0,,,,,,,,,,,,,,,,,,,,,,,,,,,,
2012-05-28 03:00:00,988.9,23.8,97,0.2,0.0,,,3.0,,,,,,,,,,,,,,,,,,,,,,,,,,,,
2012-05-28 04:00:00,989.0,23.9,99,0.4,330.0,,,7.5,,,,,,,,,,,,,,,,,,,,,,,,,,,,
2012-05-28 05:00:00,989.2,23.8,98,0.6,322.0,,,0.5,,,,,,,,,,,,,,,,,,,,,,,,,,,,
2012-05-28 06:00:00,989.4,24.0,96,0.4,47.0,,,0.0,,,,,,,,,,,,,,,,,,,,,,,,,,,,
2012-05-28 07:00:00,989.9,24.8,95,0.3,57.0,,,0.0,,,,,,,,,,,,,,,,,,,,,,,,,,,,
2012-05-28 08:00:00,990.2,25.5,95,0.3,234.0,,,0.5,,,,,,,,,,,,,,,,,,,,,,,,,,,,
2012-05-28 09:00:00,990.7,26.5,88,0.3,258.0,,,0.0,,,,,,,,,,,,,,,,,,,,,,,,,,,,
2012-05-28 10:00:00,991.1,25.2,93,0.4,343.0,,,0.0,,,,,,,,,,,,,,,,,,,,,,,,,,,,
2012-05-28 11:00:00,990.8,26.8,84,0.4,348.0,,,0.0,,,,,,,,,,,,,,,,,,,,,,,,,,,,
2012-05-28 12:00:00,990.4,28.3,76,0.3,247.0,,,0.0,,,,,,,,,,,,,,,,,,,,,,,,,,,,
2012-05-28 13:00:00,989.9,29.4,72,0.6,324.0,,,0.0,,,,,,,,,,,,,,,,,,,,,,,,,,,,
2012-05-28 14:00:00,989.4,28.9,76,0.7,324.0,,,0.0,,,,,,,,,,,,,,,,,,,,,,,,,,,,
2012-05-28 15:00:00,989.4,28.0,73,0.6,4.0,,,0.0,,,,,,,,,,,,,,,,,,,,,,,,,,,,
2012-05-28 16:00:00,989.2,27.8,80,0.4,298.0,,,0.0,,,,,,,,,,,,,,,,,,,,,,,,,,,,
2012-05-28 17:00:00,989.2,28.1,73,0.6,325.0,,,0.0,,,,,,,,,,,,,,,,,,,,,,,,,,,,
2012-05-28 18:00:00,989.8,26.3,83,0.6,337.0,,,0.0,,,,,,,,,,,,,,,,,,,,,,,,,,,,
2012-05-28 19:00:00,990.1,25.9,84,0.6,20.0,,,0.0,,,,,,,,,,,,,,,,,,,,,,,,,,,,
2012-05-28 20:00:00,990.5,25.5,85,0.4,2.0,,,0.0,,,,,,,,,,,,,,,,,,,,,,,,,,,,
2012-05-28 21:00:00,990.5,25.3,85,0.4,40.0,,,0.0,,,,,,,,,,,,,,,,,,,,,,,,,,,,
2012-05-28 22:00:00,991.1,24.8,87,0.4,353.0,,,0.0,,,,,,,,,,,,,,,,,,,,,,,,,,,,
2012-05-28 23:00:00,990.4,24.7,87,0.4,49.0,,,0.0,,,,,,,,,,,,,,,,,,,,,,,,,,,,
2012-05-29 00:00:00,989.9,24.3,90,0.2,0.0,,,0.0,,,,,,,,,,,,,,,,,,,,,,,,,,,,
2012-05-29 01:00:00,989.9,24.1,92,0.1,0.0,,,0.0,,,,,,,,,,,,,,,,,,,,,,,,,,,,
2012-05-29 02:00:00,989.8,24.5,93,0.3,204.0,,,0.0,,,,,,,,,,,,,,,,,,,,,,,,,,,,
2012-05-29 03:00:00,989.8,24.4,93,0.1,0.0,,,0.0,,,,,,,,,,,,,,,,,,,,,,,,,,,,
2012-05-29 04:00:00,989.9,24.9,91,0.0,0.0,,,0.0,,,,,,,,,,,,,,,,,,,,,,,,,,,,
2012-05-29 05:00:00,990.4,24.9,90,0.0,0.0,,,0.0,,,,,,,,,,,,,,,,,,,,,,,,,,,,
2012-05-29 06:00:00,990.5,25.2,89,0.3,81.0,,,0.0,,,,,,,,,,,,,,,,,,,,,,,,,,,,
2012-05-29 07:00:00,990.4,27.8,76,0.3,42.0,,,0.0,,,,,,,,,,,,,,,,,,,,,,,,,,,,
2012-05-29 08:00:00,990.7,29.3,71,0.6,294.0,,,0.0,,,,,,,,,,,,,,,,,,,,,,,,,,,,
2012-05-29 09:00:00,990.8,29.6,69,0.7,355.0,,,0.0,,,,,,,,,,,,,,,,,,,,,,,,,,,,
2012-05-29 10:00:00,990.5,30.7,66,0.5,354.0,,,0.0,,,,,,,,,,,,,,,,,,,,,,,,,,,,
2012-05-29 11:00:00,990.5,29.9,66,0.7,304.0,,,0.0,,,,,,,,,,,,,,,,,,,,,,,,,,,,
2012-05-29 12:00:00,990.2,29.4,69,0.5,314.0,,,0.0,,,,,,,,,,,,,,,,,,,,,,,,,,,,
2012-05-29 13:00:00,989.5,31.0,63,0.7,329.0,,,0.0,,,,,,,,,,,,,,,,,,,,,,,,,,,,
2012-05-29 14:00:00,988.8,31.8,60,0.6,339.0,,,0.0,,,,,,,,,,,,,,,,,,,,,,,,,,,,
2012-05-29 15:00:00,988.6,31.5,61,0.8,341.0,,,0.0,,,,,,,,,,,,,,,,,,,,,,,,,,,,
2012-05-29 16:00:00,988.3,29.5,69,0.8,328.0,,,0.0,,,,,,,,,,,,,,,,,,,,,,,,,,,,
2012-05-29 17:00:00,989.1,25.7,92,0.5,50.0,,,0.5,,,,,,,,,,,,,,,,,,,,,,,,,,,,
2012-05-29 18:00:00,989.9,24.9,96,0.3,198.0,,,7.5,,,,,,,,,,,,,,,,,,,,,,,,,,,,
2012-05-29 19:00:00,989.6,24.7,98,0.3,66.0,,,13.5,,,,,,,,,,,,,,,,,,,,,,,,,,,,
2012-05-29 20:00:00,989.8,25.0,92,0.4,67.0,,,1.5,,,,,,,,,,,,,,,,,,,,,,,,,,,,
2012-05-29 21:00:00,989.9,25.1,91,0.0,0.0,,,0.0,,,,,,,,,,,,,,,,,,,,,,,,,,,,
2012-05-29 22:00:00,989.9,24.7,94,0.0,0.0,,,0.0,,,,,,,,,,,,,,,,,,,,,,,,,,,,
2012-05-29 23:00:00,989.5,24.7,94,0.2,0.0,,,0.0,,,,,,,,,,,,,,,,,,,,,,,,,,,,
2012-05-30 00:00:00,989.2,24.7,93,0.6,64.0,,,0.0,,,,,,,,,,,,,,,,,,,,,,,,,,,,
2012-05-30 01:00:00,988.7,25.0,91,0.2,0.0,,,0.0,,,,,,,,,,,,,,,,,,,,,,,,,,,,
2012-05-30 02:00:00,988.0,24.7,92,0.0,0.0,,,0.0,,,,,,,,,,,,,,,,,,,,,,,,,,,,
2012-05-30 03:00:00,988.2,24.8,90,0.3,138.0,,,0.0,,,,,,,,,,,,,,,,,,,,,,,,,,,,
2012-05-30 04:00:00,988.0,24.7,91,0.2,0.0,,,0.0,,,,,,,,,,,,,,,,,,,,,,,,,,,,
2012-05-30 05:00:00,987.7,24.7,91,0.1,0.0,,,0.0,,,,,,,,,,,,,,,,,,,,,,,,,,,,
2012-05-30 06:00:00,987.9,25.4,87,0.1,0.0,,,0.0,,,,,,,,,,,,,,,,,,,,,,,,,,,,
2012-05-30 07:00:00,988.6,27.3,79,0.3,293.0,,,0.0,,,,,,,,,,,,,,,,,,,,,,,,,,,,
2012-05-30 08:00:00,988.9,28.6,75,0.4,219.0,,,0.0,,,,,,,,,,,,,,,,,,,,,,,,,,,,
2012-05-30 09:00:00,989.3,28.7,74,0.6,258.0,,,0.0,,,,,,,,,,,,,,,,,,,,,,,,,,,,
2012-05-30 10:00:00,989.5,29.9,68,0.6,189.0,,,0.0,,,,,,,,,,,,,,,,,,,,,,,,,,,,
2012-05-30 11:00:00,989.1,30.3,67,0.5,245.0,,,0.0,,,,,,,,,,,,,,,,,,,,,,,,,,,,
2012-05-30 12:00:00,988.6,30.6,72,0.8,236.0,,,0.0,,,,,,,,,,,,,,,,,,,,,,,,,,,,
2012-05-30 13:00:00,987.7,30.0,73,0.7,300.0,,,0.0,,,,,,,,,,,,,,,,,,,,,,,,,,,,
2012-05-30 14:00:00,987.6,29.3,75,0.8,325.0,,,0.0,,,,,,,,,,,,,,,,,,,,,,,,,,,,
2012-05-30 15:00:00,987.3,28.4,76,0.7,331.0,,,0.0,,,,,,,,,,,,,,,,,,,,,,,,,,,,
2012-05-30 16:00:00,987.4,28.2,77,0.7,351.0,,,0.0,,,,,,,,,,,,,,,,,,,,,,,,,,,,
2012-05-30 17:00:00,987.6,27.6,79,0.5,338.0,,,0.0,,,,,,,,,,,,,,,,,,,,,,,,,,,,
2012-05-30 18:00:00,987.9,27.5,78,0.5,342.0,,,0.0,,,,,,,,,,,,,,,,,,,,,,,,,,,,
2012-05-30 19:00:00,988.2,27.1,79,0.3,346.0,,,0.0,,,,,,,,,,,,,,,,,,,,,,,,,,,,
2012-05-30 20:00:00,988.8,27.1,81,0.3,80.0,,,0.0,,,,,,,,,,,,,,,,,,,,,,,,,,,,
2012-05-30 21:00:00,989.5,27.0,81,0.3,65.0,,,0.0,,,,,,,,,,,,,,,,,,,,,,,,,,,,
2012-05-30 22:00:00,989.5,26.8,83,0.1,0.0,,,0.0,,,,,,,,,,,,,,,,,,,,,,,,,,,,
2012-05-30 23:00:00,989.8,26.7,85,0.3,80.0,,,0.0,,,,,,,,,,,,,,,,,,,,,,,,,,,,
2012-05-31 00:00:00,989.3,26.6,85,0.4,85.0,,,0.0,,,,,,,,,,,,,,,,,,,,,,,,,,,,
2012-05-31 01:00:00,988.5,26.2,86,0.3,85.0,,,0.0,,,,,,,,,,,,,,,,,,,,,,,,,,,,
2012-05-31 02:00:00,988.2,25.7,89,0.2,0.0,,,0.0,,,,,,,,,,,,,,,,,,,,,,,,,,,,
2012-05-31 03:00:00,988.0,25.7,89,0.4,29.0,,,0.0,,,,,,,,,,,,,,,,,,,,,,,,,,,,
2012-05-31 04:00:00,988.1,25.7,88,0.4,18.0,,,0.0,,,,,,,,,,,,,,,,,,,,,,,,,,,,
2012-05-31 05:00:00,988.1,25.1,86,0.8,30.0,,,0.0,,,,,,,,,,,,,,,,,,,,,,,,,,,,
2012-05-31 06:00:00,988.2,24.7,86,0.7,43.0,,,0.0,,,,,,,,,,,,,,,,,,,,,,,,,,,,
2012-05-31 07:00:00,988.6,25.7,77,0.9,35.0,,,0.0,,,,,,,,,,,,,,,,,,,,,,,,,,,,
2012-05-31 08:00:00,988.9,27.3,69,1.0,37.0,,,0.0,,,,,,,,,,,,,,,,,,,,,,,,,,,,
2012-05-31 09:00:00,989.2,27.9,66,1.1,32.0,,,0.0,,,,,,,,,,,,,,,,,,,,,,,,,,,,
2012-05-31 10:00:00,989.0,28.2,65,1.2,13.0,,,0.0,,,,,,,,,,,,,,,,,,,,,,,,,,,,
2012-05-31 11:00:00,988.9,29.2,62,1.1,25.0,,,0.0,,,,,,,,,,,,,,,,,,,,,,,,,,,,
2012-05-31 12:00:00,988.5,30.9,56,1.0,48.0,,,0.0,,,,,,,,,,,,,,,,,,,,,,,,,,,,
2012-05-31 13:00:00,987.8,30.4,56,1.3,31.0,,,0.0,,,,,,,,,,,,,,,,,,,,,,,,,,,,
2012-05-31 14:00:00,987.1,29.8,60,1.3,33.0,,,0.0,,,,,,,,,,,,,,,,,,,,,,,,,,,,
2012-05-31 15:00:00,987.0,29.3,61,1.1,30.0,,,0.0,,,,,,,,,,,,,,,,,,,,,,,,,,,,
2012-05-31 16:00:00,986.3,29.8,60,0.7,24.0,,,0.0,,,,,,,,,,,,,,,,,,,,,,,,,,,,
2012-05-31 17:00:00,986.4,27.8,63,1.0,24.0,,,0.0,,,,,,,,,,,,,,,,,,,,,,,,,,,,
2012-05-31 18:00:00,986.8,26.9,65,0.9,35.0,,,0.0,,,,,,,,,,,,,,,,,,,,,,,,,,,,
2012-05-31 19:00:00,987.3,25.5,71,0.6,9.0,,,0.0,,,,,,,,,,,,,,,,,,,,,,,,,,,,
2012-05-31 20:00:00,987.8,25.0,73,0.6,26.0,,,0.0,,,,,,,,,,,,,,,,,,,,,,,,,,,,
2012-05-31 21:00:00,988.2,24.4,76,0.6,31.0,,,0.0,,,,,,,,,,,,,,,,,,,,,,,,,,,,
2012-05-31 22:00:00,988.6,24.5,76,0.5,20.0,,,0.0,,,,,,,,,,,,,,,,,,,,,,,,,,,,
2012-05-31 23:00:00,988.7,24.3,76,0.4,25.0,,,0.0,,,,,,,,,,,,,,,,,,,,,,,,,,,,
2012-06-01 00:00:00,988.5,24.2,77,0.5,46.0,,,0.0,,,,,,,,,,,,,,,,,,,,,,,,,,,,
2012-06-01 01:00:00,987.9,24.2,78,0.2,0.0,,,0.0,,,,,,,,,,,,,,,,,,,,,,,,,,,,
2012-06-01 02:00:00,987.6,24.0,79,0.4,42.0,,,0.0,,,,,,,,,,,,,,,,,,,,,,,,,,,,
2012-06-01 03:00:00,987.6,24.0,80,0.3,46.0,,,0.0,,,,,,,,,,,,,,,,,,,,,,,,,,,,
2012-06-01 04:00:00,987.7,23.9,83,0.0,0.0,,,0.0,,,,,,,,,,,,,,,,,,,,,,,,,,,,
2012-06-01 05:00:00,988.2,24.0,81,0.2,0.0,,,0.0,,,,,,,,,,,,,,,,,,,,,,,,,,,,
2012-06-01 06:00:00,988.3,24.3,82,0.3,41.0,,,0.0,,,,,,,,,,,,,,,,,,,,,,,,,,,,
2012-06-01 07:00:00,988.8,26.2,75,0.4,344.0,,,0.0,,,,,,,,,,,,,,,,,,,,,,,,,,,,
2012-06-01 08:00:00,988.6,27.9,68,0.6,356.0,,,0.0,,,,,,,,,,,,,,,,,,,,,,,,,,,,
2012-06-01 09:00:00,988.6,29.3,62,0.7,5.0,,,0.0,,,,,,,,,,,,,,,,,,,,,,,,,,,,
2012-06-01 10:00:00,988.3,29.8,59,0.8,5.0,,,0.0,,,,,,,,,,,,,,,,,,,,,,,,,,,,
2012-06-01 11:00:00,987.9,31.2,57,0.6,338.0,,,0.0,,,,,,,,,,,,,,,,,,,,,,,,,,,,
2012-06-01 12:00:00,987.4,31.8,55,0.7,305.0,,,0.0,,,,,,,,,,,,,,,,,,,,,,,,,,,,
2012-06-01 13:00:00,986.9,31.7,55,0.9,319.0,,,0.0,,,,,,,,,,,,,,,,,,,,,,,,,,,,
2012-06-01 14:00:00,986.1,31.9,55,0.8,323.0,,,0.0,,,,,,,,,,,,,,,,,,,,,,,,,,,,
2012-06-01 15:00:00,986.0,31.3,58,0.7,290.0,,,0.0,,,,,,,,,,,,,,,,,,,,,,,,,,,,
2012-06-01 16:00:00,985.8,31.0,60,0.6,331.0,,,0.0,,,,,,,,,,,,,,,,,,,,,,,,,,,,
2012-06-01 17:00:00,986.0,29.9,65,0.6,337.0,,,0.0,,,,,,,,,,,,,,,,,,,,,,,,,,,,
2012-06-01 18:00:00,986.5,27.4,75,0.6,332.0,,,0.0,,,,,,,,,,,,,,,,,,,,,,,,,,,,
2012-06-01 19:00:00,986.9,26.4,79,0.6,324.0,,,0.0,,,,,,,,,,,,,,,,,,,,,,,,,,,,
2012-06-01 20:00:00,987.6,26.1,79,0.5,325.0,,,0.0,,,,,,,,,,,,,,,,,,,,,,,,,,,,
2012-06-01 21:00:00,987.8,25.4,82,0.5,323.0,,,0.0,,,,,,,,,,,,,,,,,,,,,,,,,,,,
2012-06-01 22:00:00,988.3,25.0,83,0.5,2.0,,,0.0,,,,,,,,,,,,,,,,,,,,,,,,,,,,
2012-06-01 23:00:00,988.0,25.5,80,0.4,38.0,,,0.0,,,,,,,,,,,,,,,,,,,,,,,,,,,,
2012-06-02 00:00:00,987.2,25.7,81,0.3,26.0,,,0.0,,,,,,,,,,,,,,,,,,,,,,,,,,,,
2012-06-02 01:00:00,986.4,25.0,84,0.3,333.0,,,0.0,,,,,,,,,,,,,,,,,,,,,,,,,,,,
2012-06-02 02:00:00,986.1,24.6,85,0.4,327.0,,,0.0,,,,,,,,,,,,,,,,,,,,,,,,,,,,
2012-06-02 03:00:00,985.8,24.5,85,0.4,33.0,,,0.0,,,,,,,,,,,,,,,,,,,,,,,,,,,,
2012-06-02 04:00:00,985.4,24.6,82,0.3,39.0,,,0.0,,,,,,,,,,,,,,,,,,,,,,,,,,,,
2012-06-02 05:00:00,985.5,24.4,83,0.3,312.0,,,0.0,,,,,,,,,,,,,,,,,,,,,,,,,,,,
2012-06-02 06:00:00,986.0,25.0,80,0.4,331.0,,,0.0,,,,,,,,,,,,,,,,,,,,,,,,,,,,
2012-06-02 07:00:00,986.6,26.6,73,0.5,339.0,,,0.0,,,,,,,,,,,,,,,,,,,,,,,,,,,,
2012-06-02 08:00:00,987.2,27.4,69,0.7,22.0,,,0.0,,,,,,,,,,,,,,,,,,,,,,,,,,,,
2012-06-02 09:00:00,987.3,28.6,66,0.6,354.0,,,0.0,,,,,,,,,,,,,,,,,,,,,,,,,,,,
2012-06-02 10:00:00,987.1,28.6,68,0.8,356.0,,,0.0,,,,,,,,,,,,,,,,,,,,,,,,,,,,
2012-06-02 11:00:00,987.0,28.5,69,1.1,36.0,,,0.0,,,,,,,,,,,,,,,,,,,,,,,,,,,,
2012-06-02 12:00:00,986.0,30.7,61,0.8,20.0,,,0.0,,,,,,,,,,,,,,,,,,,,,,,,,,,,
2012-06-02 13:00:00,985.6,28.7,67,1.1,3.0,,,0.0,,,,,,,,,,,,,,,,,,,,,,,,,,,,
2012-06-02 14:00:00,984.9,29.5,65,1.2,8.0,,,0.0,,,,,,,,,,,,,,,,,,,,,,,,,,,,
2012-06-02 15:00:00,984.8,28.5,67,1.0,25.0,,,0.0,,,,,,,,,,,,,,,,,,,,,,,,,,,,
2012-06-02 16:00:00,984.2,27.2,70,1.0,35.0,,,0.0,,,,,,,,,,,,,,,,,,,,,,,,,,,,
2012-06-02 17:00:00,984.1,27.6,69,0.9,26.0,,,0.0,,,,,,,,,,,,,,,,,,,,,,,,,,,,
2012-06-02 18:00:00,984.2,26.2,76,0.7,23.0,,,0.0,,,,,,,,,,,,,,,,,,,,,,,,,,,,
2012-06-02 19:00:00,984.5,25.6,78,0.6,24.0,,,0.0,,,,,,,,,,,,,,,,,,,,,,,,,,,,
2012-06-02 20:00:00,984.8,25.2,81,0.8,26.0,,,0.0,,,,,,,,,,,,,,,,,,,,,,,,,,,,
2012-06-02 21:00:00,985.1,25.0,82,0.7,33.0,,,0.0,,,,,,,,,,,,,,,,,,,,,,,,,,,,
2012-06-02 22:00:00,985.5,24.8,81,0.9,36.0,,,0.0,,,,,,,,,,,,,,,,,,,,,,,,,,,,
2012-06-02 23:00:00,984.9,24.6,82,0.5,22.0,,,0.0,,,,,,,,,,,,,,,,,,,,,,,,,,,,
2012-06-03 00:00:00,984.4,24.3,84,0.6,17.0,,,0.0,,,,,,,,,,,,,,,,,,,,,,,,,,,,
2012-06-03 01:00:00,983.9,24.3,82,0.5,35.0,,,0.0,,,,,,,,,,,,,,,,,,,,,,,,,,,,
2012-06-03 02:00:00,983.9,24.3,83,0.5,1.0,,,0.0,,,,,,,,,,,,,,,,,,,,,,,,,,,,
2012-06-03 03:00:00,983.3,24.3,82,0.4,38.0,,,0.0,,,,,,,,,,,,,,,,,,,,,,,,,,,,
2012-06-03 04:00:00,983.6,24.7,79,0.5,37.0,,,0.0,,,,,,,,,,,,,,,,,,,,,,,,,,,,
2012-06-03 05:00:00,983.5,24.5,79,0.6,30.0,,,0.0,,,,,,,,,,,,,,,,,,,,,,,,,,,,
2012-06-03 06:00:00,983.5,24.6,79,0.4,41.0,,,0.0,,,,,,,,,,,,,,,,,,,,,,,,,,,,
2012-06-03 07:00:00,983.6,26.1,72,0.7,57.0,,,0.0,,,,,,,,,,,,,,,,,,,,,,,,,,,,
2012-06-03 08:00:00,983.8,28.4,64,0.6,49.0,,,0.0,,,,,,,,,,,,,,,,,,,,,,,,,,,,
2012-06-03 09:00:00,983.9,29.1,64,0.7,45.0,,,0.0,,,,,,,,,,,,,,,,,,,,,,,,,,,,
2012-06-03 10:00:00,984.3,29.4,66,0.6,314.0,,,0.0,,,,,,,,,,,,,,,,,,,,,,,,,,,,
2012-06-03 11:00:00,983.6,29.8,68,0.6,357.0,,,0.0,,,,,,,,,,,,,,,,,,,,,,,,,,,,
2012-06-03 12:00:00,983.2,29.6,66,0.5,296.0,,,0.0,,,,,,,,,,,,,,,,,,,,,,,,,,,,
2012-06-03 13:00:00,982.8,29.3,67,0.5,322.0,,,0.0,,,,,,,,,,,,,,,,,,,,,,,,,,,,
2012-06-03 14:00:00,982.5,29.7,66,0.9,336.0,,,0.0,,,,,,,,,,,,,,,,,,,,,,,,,,,,
2012-06-03 15:00:00,982.0,30.3,62,0.9,348.0,,,0.0,,,,,,,,,,,,,,,,,,,,,,,,,,,,
2012-06-03 16:00:00,981.8,30.3,63,0.7,18.0,,,0.0,,,,,,,,,,,,,,,,,,,,,,,,,,,,
2012-06-03 17:00:00,981.7,29.2,65,0.7,20.0,,,0.0,,,,,,,,,,,,,,,,,,,,,,,,,,,,
2012-06-03 18:00:00,982.2,28.2,69,0.6,30.0,,,0.0,,,,,,,,,,,,,,,,,,,,,,,,,,,,
2012-06-03 19:00:00,982.9,26.8,74,0.6,1.0,,,0.0,,,,,,,,,,,,,,,,,,,,,,,,,,,,
2012-06-03 20:00:00,983.4,26.4,75,0.5,31.0,,,0.0,,,,,,,,,,,,,,,,,,,,,,,,,,,,
2012-06-03 21:00:00,983.8,26.3,77,0.4,31.0,,,0.0,,,,,,,,,,,,,,,,,,,,,,,,,,,,
2012-06-03 22:00:00,984.2,25.7,80,0.3,326.0,,,0.0,,,,,,,,,,,,,,,,,,,,,,,,,,,,
2012-06-03 23:00:00,983.9,25.5,81,0.4,15.0,,,0.0,,,,,,,,,,,,,,,,,,,,,,,,,,,,
2012-06-04 00:00:00,983.6,25.4,81,0.3,9.0,,,0.0,,,,,,,,,,,,,,,,,,,,,,,,,,,,
2012-06-04 01:00:00,983.1,25.2,82,0.3,41.0,,,0.0,,,,,,,,,,,,,,,,,,,,,,,,,,,,
2012-06-04 02:00:00,983.0,24.9,84,0.2,0.0,,,0.0,,,,,,,,,,,,,,,,,,,,,,,,,,,,
2012-06-04 03:00:00,983.0,25.1,83,0.4,34.0,,,0.0,,,,,,,,,,,,,,,,,,,,,,,,,,,,
2012-06-04 04:00:00,983.0,25.4,82,0.2,0.0,,,0.0,,,,,,,,,,,,,,,,,,,,,,,,,,,,
2012-06-04 05:00:00,983.3,25.5,82,0.2,0.0,,,0.0,,,,,,,,,,,,,,,,,,,,,,,,,,,,
2012-06-04 06:00:00,983.8,25.7,82,0.3,14.0,,,0.0,,,,,,,,,,,,,,,,,,,,,,,,,,,,
2012-06-04 07:00:00,983.8,25.9,81,0.4,346.0,,,0.0,,,,,,,,,,,,,,,,,,,,,,,,,,,,
2012-06-04 08:00:00,984.1,26.4,79,0.3,345.0,,,0.0,,,,,,,,,,,,,,,,,,,,,,,,,,,,
2012-06-04 09:00:00,984.8,26.2,82,0.4,340.0,,,0.0,,,,,,,,,,,,,,,,,,,,,,,,,,,,
2012-06-04 10:00:00,984.5,27.3,77,0.5,348.0,,,0.0,,,,,,,,,,,,,,,,,,,,,,,,,,,,
2012-06-04 11:00:00,984.1,28.5,72,0.7,320.0,,,0.0,,,,,,,,,,,,,,,,,,,,,,,,,,,,
2012-06-04 12:00:00,983.9,28.6,73,0.6,310.0,,,0.0,,,,,,,,,,,,,,,,,,,,,,,,,,,,
2012-06-04 13:00:00,983.5,28.8,72,0.8,354.0,,,0.0,,,,,,,,,,,,,,,,,,,,,,,,,,,,
2012-06-04 14:00:00,983.0,29.0,70,0.7,356.0,,,0.0,,,,,,,,,,,,,,,,,,,,,,,,,,,,
2012-06-04 15:00:00,982.6,29.7,69,1.0,11.0,,,0.0,,,,,,,,,,,,,,,,,,,,,,,,,,,,
2012-06-04 16:00:00,982.5,27.7,78,0.7,3.0,,,0.0,,,,,,,,,,,,,,,,,,,,,,,,,,,,
2012-06-04 17:00:00,982.5,27.5,77,0.7,31.0,,,0.0,,,,,,,,,,,,,,,,,,,,,,,,,,,,
2012-06-04 18:00:00,982.6,26.9,81,0.5,358.0,,,0.0,,,,,,,,,,,,,,,,,,,,,,,,,,,,
2012-06-04 19:00:00,983.2,25.8,87,0.5,7.0,,,0.0,,,,,,,,,,,,,,,,,,,,,,,,,,,,
2012-06-04 20:00:00,983.7,25.8,86,0.5,27.0,,,0.0,,,,,,,,,,,,,,,,,,,,,,,,,,,,
2012-06-04 21:00:00,984.0,25.7,87,0.4,334.0,,,0.0,,,,,,,,,,,,,,,,,,,,,,,,,,,,
2012-06-04 22:00:00,984.5,25.5,88,0.4,16.0,,,0.0,,,,,,,,,,,,,,,,,,,,,,,,,,,,
2012-06-04 23:00:00,984.4,25.6,87,0.4,13.0,,,0.0,,,,,,,,,,,,,,,,,,,,,,,,,,,,
2012-06-05 00:00:00,984.1,25.4,88,0.2,0.0,,,0.0,,,,,,,,,,,,,,,,,,,,,,,,,,,,
2012-06-05 01:00:00,983.8,25.1,88,0.3,312.0,,,0.0,,,,,,,,,,,,,,,,,,,,,,,,,,,,
2012-06-05 02:00:00,983.5,25.0,89,0.3,360.0,,,0.0,,,,,,,,,,,,,,,,,,,,,,,,,,,,
2012-06-05 03:00:00,983.6,24.4,93,0.4,324.0,,,0.0,,,,,,,,,,,,,,,,,,,,,,,,,,,,
2012-06-05 04:00:00,983.9,24.7,91,0.4,31.0,,,0.0,,,,,,,,,,,,,,,,,,,,,,,,,,,,
2012-06-05 05:00:00,983.9,24.8,88,0.3,36.0,,,0.0,,,,,,,,,,,,,,,,,,,,,,,,,,,,
2012-06-05 06:00:00,984.2,25.2,85,0.4,43.0,,,0.0,,,,,,,,,,,,,,,,,,,,,,,,,,,,
2012-06-05 07:00:00,984.4,27.7,73,0.5,11.0,,,0.0,,,,,,,,,,,,,,,,,,,,,,,,,,,,
2012-06-05 08:00:00,984.7,28.6,72,0.6,347.0,,,0.0,,,,,,,,,,,,,,,,,,,,,,,,,,,,
2012-06-05 09:00:00,984.9,29.2,71,0.7,310.0,,,0.0,,,,,,,,,,,,,,,,,,,,,,,,,,,,
2012-06-05 10:00:00,985.3,30.9,67,0.6,305.0,,,0.0,,,,,,,,,,,,,,,,,,,,,,,,,,,,
2012-06-05 11:00:00,985.5,31.6,63,0.7,328.0,,,0.0,,,,,,,,,,,,,,,,,,,,,,,,,,,,
2012-06-05 12:00:00,985.2,31.8,64,0.8,307.0,,,0.0,,,,,,,,,,,,,,,,,,,,,,,,,,,,
2012-06-05 13:00:00,984.4,32.5,62,0.9,303.0,,,0.0,,,,,,,,,,,,,,,,,,,,,,,,,,,,
2012-06-05 14:00:00,983.9,32.4,61,1.0,323.0,,,0.0,,,,,,,,,,,,,,,,,,,,,,,,,,,,
2012-06-05 15:00:00,983.8,31.7,64,1.0,317.0,,,0.0,,,,,,,,,,,,,,,,,,,,,,,,,,,,
2012-06-05 16:00:00,983.8,30.1,70,0.7,314.0,,,0.0,,,,,,,,,,,,,,,,,,,,,,,,,,,,
2012-06-05 17:00:00,983.8,28.4,75,0.8,340.0,,,0.0,,,,,,,,,,,,,,,,,,,,,,,,,,,,
2012-06-05 18:00:00,983.8,28.1,74,0.8,28.0,,,0.0,,,,,,,,,,,,,,,,,,,,,,,,,,,,
2012-06-05 19:00:00,984.1,26.8,80,0.5,322.0,,,0.0,,,,,,,,,,,,,,,,,,,,,,,,,,,,
2012-06-05 20:00:00,984.7,26.9,78,0.4,26.0,,,0.0,,,,,,,,,,,,,,,,,,,,,,,,,,,,
2012-06-05 21:00:00,984.9,26.4,80,0.4,340.0,,,0.0,,,,,,,,,,,,,,,,,,,,,,,,,,,,
2012-06-05 22:00:00,985.1,25.8,82,0.3,334.0,,,0.0,,,,,,,,,,,,,,,,,,,,,,,,,,,,
2012-06-05 23:00:00,985.1,25.7,83,0.3,335.0,,,0.0,,,,,,,,,,,,,,,,,,,,,,,,,,,,
2012-06-06 00:00:00,984.8,25.8,84,0.1,0.0,,,0.0,,,,,,,,,,,,,,,,,,,,,,,,,,,,
2012-06-06 01:00:00,985.1,25.4,83,0.1,0.0,,,0.0,,,,,,,,,,,,,,,,,,,,,,,,,,,,
2012-06-06 02:00:00,984.8,25.6,85,0.2,0.0,,,0.0,,,,,,,,,,,,,,,,,,,,,,,,,,,,
2012-06-06 03:00:00,984.5,25.4,87,0.0,0.0,,,0.0,,,,,,,,,,,,,,,,,,,,,,,,,,,,
2012-06-06 04:00:00,984.5,25.4,87,0.3,2.0,,,0.0,,,,,,,,,,,,,,,,,,,,,,,,,,,,
2012-06-06 05:00:00,984.2,25.0,88,0.1,0.0,,,0.0,,,,,,,,,,,,,,,,,,,,,,,,,,,,
2012-06-06 06:00:00,984.5,25.6,86,0.2,0.0,,,0.0,,,,,,,,,,,,,,,,,,,,,,,,,,,,
2012-06-06 07:00:00,985.0,26.8,82,0.4,79.0,,,0.0,,,,,,,,,,,,,,,,,,,,,,,,,,,,
2012-06-06 08:00:00,985.1,28.8,74,0.2,0.0,,,0.0,,,,,,,,,,,,,,,,,,,,,,,,,,,,
2012-06-06 09:00:00,985.3,29.3,75,0.5,275.0,,,0.0,,,,,,,,,,,,,,,,,,,,,,,,,,,,
2012-06-06 10:00:00,985.5,30.3,70,0.8,243.0,,,0.0,,,,,,,,,,,,,,,,,,,,,,,,,,,,
2012-06-06 11:00:00,985.2,30.3,73,0.7,330.0,,,0.0,,,,,,,,,,,,,,,,,,,,,,,,,,,,
2012-06-06 12:00:00,984.9,31.2,68,0.7,306.0,,,0.0,,,,,,,,,,,,,,,,,,,,,,,,,,,,
2012-06-06 13:00:00,984.4,30.9,67,0.8,331.0,,,0.0,,,,,,,,,,,,,,,,,,,,,,,,,,,,
2012-06-06 14:00:00,984.3,30.5,68,0.9,322.0,,,0.0,,,,,,,,,,,,,,,,,,,,,,,,,,,,
2012-06-06 15:00:00,984.4,31.7,62,0.7,293.0,,,0.0,,,,,,,,,,,,,,,,,,,,,,,,,,,,
2012-06-06 16:00:00,984.0,31.8,62,0.7,258.0,,,0.0,,,,,,,,,,,,,,,,,,,,,,,,,,,,
2012-06-06 17:00:00,984.6,30.2,69,0.7,344.0,,,0.0,,,,,,,,,,,,,,,,,,,,,,,,,,,,
2012-06-06 18:00:00,984.8,29.5,71,0.6,353.0,,,0.0,,,,,,,,,,,,,,,,,,,,,,,,,,,,
2012-06-06 19:00:00,984.9,28.6,78,0.5,333.0,,,0.0,,,,,,,,,,,,,,,,,,,,,,,,,,,,
2012-06-06 20:00:00,985.2,27.1,85,0.4,356.0,,,0.0,,,,,,,,,,,,,,,,,,,,,,,,,,,,
2012-06-06 21:00:00,985.2,27.7,83,0.3,68.0,,,0.0,,,,,,,,,,,,,,,,,,,,,,,,,,,,
2012-06-06 22:00:00,986.0,27.6,83,0.1,0.0,,,0.0,,,,,,,,,,,,,,,,,,,,,,,,,,,,
2012-06-06 23:00:00,986.3,27.5,81,0.2,0.0,,,0.0,,,,,,,,,,,,,,,,,,,,,,,,,,,,
2012-06-07 00:00:00,986.2,27.2,83,0.1,0.0,,,0.0,,,,,,,,,,,,,,,,,,,,,,,,,,,,
2012-06-07 01:00:00,985.7,27.2,83,0.2,0.0,,,0.0,,,,,,,,,,,,,,,,,,,,,,,,,,,,
2012-06-07 02:00:00,985.1,27.1,83,0.1,0.0,,,0.0,,,,,,,,,,,,,,,,,,,,,,,,,,,,
2012-06-07 03:00:00,985.1,27.5,81,0.2,0.0,,,0.0,,,,,,,,,,,,,,,,,,,,,,,,,,,,
2012-06-07 04:00:00,985.2,27.5,80,0.2,0.0,,,0.0,,,,,,,,,,,,,,,,,,,,,,,,,,,,
2012-06-07 05:00:00,985.1,27.4,81,0.3,82.0,,,0.0,,,,,,,,,,,,,,,,,,,,,,,,,,,,
2012-06-07 06:00:00,985.1,27.1,86,0.3,253.0,,,0.0,,,,,,,,,,,,,,,,,,,,,,,,,,,,
2012-06-07 07:00:00,985.2,27.9,82,0.3,291.0,,,0.0,,,,,,,,,,,,,,,,,,,,,,,,,,,,
2012-06-07 08:00:00,985.5,28.9,79,0.4,247.0,,,0.0,,,,,,,,,,,,,,,,,,,,,,,,,,,,
2012-06-07 09:00:00,985.7,30.3,68,0.5,265.0,,,0.0,,,,,,,,,,,,,,,,,,,,,,,,,,,,
2012-06-07 10:00:00,985.9,32.1,63,0.5,265.0,,,0.0,,,,,,,,,,,,,,,,,,,,,,,,,,,,
2012-06-07 11:00:00,986.1,32.4,59,0.5,240.0,,,0.0,,,,,,,,,,,,,,,,,,,,,,,,,,,,
2012-06-07 12:00:00,986.1,33.1,62,0.6,303.0,,,0.0,,,,,,,,,,,,,,,,,,,,,,,,,,,,
2012-06-07 13:00:00,985.5,32.7,60,0.7,242.0,,,0.0,,,,,,,,,,,,,,,,,,,,,,,,,,,,
2012-06-07 14:00:00,984.9,34.1,60,0.4,233.0,,,0.0,,,,,,,,,,,,,,,,,,,,,,,,,,,,
2012-06-07 15:00:00,984.8,33.6,57,0.9,243.0,,,0.0,,,,,,,,,,,,,,,,,,,,,,,,,,,,
2012-06-07 16:00:00,984.8,33.1,60,0.7,244.0,,,0.0,,,,,,,,,,,,,,,,,,,,,,,,,,,,
2012-06-07 17:00:00,984.9,31.6,67,0.7,244.0,,,0.0,,,,,,,,,,,,,,,,,,,,,,,,,,,,
2012-06-07 18:00:00,985.5,30.6,69,0.6,176.0,,,0.0,,,,,,,,,,,,,,,,,,,,,,,,,,,,
2012-06-07 19:00:00,986.1,30.1,70,0.4,8.0,,,0.0,,,,,,,,,,,,,,,,,,,,,,,,,,,,
2012-06-07 20:00:00,986.3,29.6,71,0.4,150.0,,,0.0,,,,,,,,,,,,,,,,,,,,,,,,,,,,
2012-06-07 21:00:00,986.4,29.4,72,0.3,133.0,,,0.0,,,,,,,,,,,,,,,,,,,,,,,,,,,,
2012-06-07 22:00:00,986.9,29.2,73,0.3,249.0,,,0.0,,,,,,,,,,,,,,,,,,,,,,,,,,,,
2012-06-07 23:00:00,987.0,28.9,73,0.4,234.0,,,0.0,,,,,,,,,,,,,,,,,,,,,,,,,,,,
2012-06-08 00:00:00,987.3,28.5,78,0.1,0.0,,,0.0,,,,,,,,,,,,,,,,,,,,,,,,,,,,
2012-06-08 01:00:00,987.3,28.1,77,0.3,131.0,,,0.0,,,,,,,,,,,,,,,,,,,,,,,,,,,,
2012-06-08 02:00:00,987.3,28.1,75,0.3,32.0,,,0.0,,,,,,,,,,,,,,,,,,,,,,,,,,,,
2012-06-08 03:00:00,987.3,28.2,73,0.4,111.0,,,0.0,,,,,,,,,,,,,,,,,,,,,,,,,,,,
2012-06-08 04:00:00,987.3,27.9,75,0.1,0.0,,,0.0,,,,,,,,,,,,,,,,,,,,,,,,,,,,
2012-06-08 05:00:00,986.9,27.3,77,0.2,0.0,,,0.0,,,,,,,,,,,,,,,,,,,,,,,,,,,,
2012-06-08 06:00:00,986.7,27.4,78,0.2,0.0,,,0.0,,,,,,,,,,,,,,,,,,,,,,,,,,,,
2012-06-08 07:00:00,986.9,29.0,71,0.4,146.0,,,0.0,,,,,,,,,,,,,,,,,,,,,,,,,,,,
2012-06-08 08:00:00,986.9,31.6,61,0.5,228.0,,,0.0,,,,,,,,,,,,,,,,,,,,,,,,,,,,
2012-06-08 09:00:00,987.1,32.8,58,0.9,254.0,,,0.0,,,,,,,,,,,,,,,,,,,,,,,,,,,,
2012-06-08 10:00:00,987.3,32.1,62,0.7,245.0,,,0.0,,,,,,,,,,,,,,,,,,,,,,,,,,,,
2012-06-08 11:00:00,987.1,33.8,56,0.6,245.0,,,0.0,,,,,,,,,,,,,,,,,,,,,,,,,,,,
2012-06-08 12:00:00,986.7,33.0,64,0.6,254.0,,,2.0,,,,,,,,,,,,,,,,,,,,,,,,,,,,
2012-06-08 13:00:00,985.8,33.6,61,0.8,247.0,,,0.0,,,,,,,,,,,,,,,,,,,,,,,,,,,,
2012-06-08 14:00:00,985.6,33.3,61,0.8,235.0,,,0.0,,,,,,,,,,,,,,,,,,,,,,,,,,,,
2012-06-08 15:00:00,985.2,33.9,59,1.0,242.0,,,0.0,,,,,,,,,,,,,,,,,,,,,,,,,,,,
2012-06-08 16:00:00,986.1,31.8,62,0.7,250.0,,,0.0,,,,,,,,,,,,,,,,,,,,,,,,,,,,
2012-06-08 17:00:00,986.7,25.7,95,0.7,74.0,,,8.0,,,,,,,,,,,,,,,,,,,,,,,,,,,,
2012-06-08 18:00:00,986.5,26.8,93,0.1,0.0,,,4.0,,,,,,,,,,,,,,,,,,,,,,,,,,,,
2012-06-08 19:00:00,986.3,27.8,86,0.2,0.0,,,0.5,,,,,,,,,,,,,,,,,,,,,,,,,,,,
2012-06-08 20:00:00,986.3,27.6,84,0.2,0.0,,,0.0,,,,,,,,,,,,,,,,,,,,,,,,,,,,
2012-06-08 21:00:00,986.7,27.3,81,0.2,0.0,,,0.0,,,,,,,,,,,,,,,,,,,,,,,,,,,,
2012-06-08 22:00:00,987.3,27.2,85,0.2,0.0,,,0.0,,,,,,,,,,,,,,,,,,,,,,,,,,,,
2012-06-08 23:00:00,987.3,27.1,81,0.4,145.0,,,0.0,,,,,,,,,,,,,,,,,,,,,,,,,,,,
2012-06-09 00:00:00,987.3,27.3,80,0.2,0.0,,,0.0,,,,,,,,,,,,,,,,,,,,,,,,,,,,
2012-06-09 01:00:00,986.7,27.4,82,0.3,202.0,,,0.0,,,,,,,,,,,,,,,,,,,,,,,,,,,,
2012-06-09 02:00:00,986.1,27.5,80,0.3,316.0,,,0.0,,,,,,,,,,,,,,,,,,,,,,,,,,,,
2012-06-09 03:00:00,986.0,27.7,80,0.3,271.0,,,0.0,,,,,,,,,,,,,,,,,,,,,,,,,,,,
2012-06-09 04:00:00,986.1,27.4,82,0.3,206.0,,,0.0,,,,,,,,,,,,,,,,,,,,,,,,,,,,
2012-06-09 05:00:00,986.2,27.2,84,0.4,110.0,,,0.0,,,,,,,,,,,,,,,,,,,,,,,,,,,,
2012-06-09 06:00:00,986.5,27.4,83,0.4,138.0,,,0.0,,,,,,,,,,,,,,,,,,,,,,,,,,,,
2012-06-09 07:00:00,986.7,27.8,80,0.3,198.0,,,0.0,,,,,,,,,,,,,,,,,,,,,,,,,,,,
2012-06-09 08:00:00,987.0,28.7,75,0.5,103.0,,,0.0,,,,,,,,,,,,,,,,,,,,,,,,,,,,
2012-06-09 09:00:00,986.7,27.9,81,0.5,237.0,,,0.0,,,,,,,,,,,,,,,,,,,,,,,,,,,,
2012-06-09 10:00:00,986.3,29.8,72,0.5,146.0,,,0.0,,,,,,,,,,,,,,,,,,,,,,,,,,,,
2012-06-09 11:00:00,986.4,30.5,68,0.6,242.0,,,0.0,,,,,,,,,,,,,,,,,,,,,,,,,,,,
2012-06-09 12:00:00,985.9,31.5,64,0.6,263.0,,,0.0,,,,,,,,,,,,,,,,,,,,,,,,,,,,
2012-06-09 13:00:00,985.7,28.2,80,0.6,248.0,,,0.0,,,,,,,,,,,,,,,,,,,,,,,,,,,,
2012-06-09 14:00:00,984.8,29.4,75,0.4,153.0,,,0.0,,,,,,,,,,,,,,,,,,,,,,,,,,,,
2012-06-09 15:00:00,984.1,27.6,85,0.4,253.0,,,7.0,,,,,,,,,,,,,,,,,,,,,,,,,,,,
2012-06-09 16:00:00,984.1,27.9,85,0.4,151.0,,,0.0,,,,,,,,,,,,,,,,,,,,,,,,,,,,
2012-06-09 17:00:00,984.4,27.4,89,0.6,252.0,,,0.0,,,,,,,,,,,,,,,,,,,,,,,,,,,,
2012-06-09 18:00:00,984.9,25.5,98,0.3,76.0,,,15.5,,,,,,,,,,,,,,,,,,,,,,,,,,,,
2012-06-09 19:00:00,984.8,25.9,94,0.3,101.0,,,1.0,,,,,,,,,,,,,,,,,,,,,,,,,,,,
2012-06-09 20:00:00,985.2,25.8,93,0.3,70.0,,,1.0,,,,,,,,,,,,,,,,,,,,,,,,,,,,
2012-06-09 21:00:00,985.0,25.7,90,0.3,68.0,,,0.0,,,,,,,,,,,,,,,,,,,,,,,,,,,,
2012-06-09 22:00:00,984.9,25.9,89,0.3,5.0,,,0.0,,,,,,,,,,,,,,,,,,,,,,,,,,,,
2012-06-09 23:00:00,984.9,26.3,86,0.2,0.0,,,0.0,,,,,,,,,,,,,,,,,,,,,,,,,,,,
2012-06-10 00:00:00,983.9,26.1,87,0.2,0.0,,,0.0,,,,,,,,,,,,,,,,,,,,,,,,,,,,
2012-06-10 01:00:00,983.5,26.1,86,0.3,350.0,,,0.0,,,,,,,,,,,,,,,,,,,,,,,,,,,,
2012-06-10 02:00:00,983.0,26.0,87,0.2,0.0,,,0.0,,,,,,,,,,,,,,,,,,,,,,,,,,,,
2012-06-10 03:00:00,982.8,25.8,89,0.3,280.0,,,0.0,,,,,,,,,,,,,,,,,,,,,,,,,,,,
2012-06-10 04:00:00,982.5,25.6,89,0.4,156.0,,,0.0,,,,,,,,,,,,,,,,,,,,,,,,,,,,
2012-06-10 05:00:00,982.8,26.0,86,0.2,0.0,,,0.0,,,,,,,,,,,,,,,,,,,,,,,,,,,,
2012-06-10 06:00:00,983.3,25.5,90,0.4,214.0,,,0.0,,,,,,,,,,,,,,,,,,,,,,,,,,,,
2012-06-10 07:00:00,983.5,25.1,95,0.3,345.0,,,0.5,,,,,,,,,,,,,,,,,,,,,,,,,,,,
2012-06-10 08:00:00,983.3,25.3,95,0.2,0.0,,,3.0,,,,,,,,,,,,,,,,,,,,,,,,,,,,
2012-06-10 09:00:00,983.3,25.7,96,0.2,0.0,,,4.0,,,,,,,,,,,,,,,,,,,,,,,,,,,,
2012-06-10 10:00:00,983.3,26.2,94,0.3,227.0,,,0.5,,,,,,,,,,,,,,,,,,,,,,,,,,,,
2012-06-10 11:00:00,983.2,26.4,94,0.3,194.0,,,1.0,,,,,,,,,,,,,,,,,,,,,,,,,,,,
2012-06-10 12:00:00,982.5,27.1,91,0.4,145.0,,,1.5,,,,,,,,,,,,,,,,,,,,,,,,,,,,
2012-06-10 13:00:00,981.6,27.1,93,0.3,151.0,,,2.5,,,,,,,,,,,,,,,,,,,,,,,,,,,,
2012-06-10 14:00:00,981.3,29.1,83,0.8,242.0,,,0.0,,,,,,,,,,,,,,,,,,,,,,,,,,,,
2012-06-10 15:00:00,981.3,30.2,77,1.0,243.0,,,0.5,,,,,,,,,,,,,,,,,,,,,,,,,,,,
2012-06-10 16:00:00,980.8,29.6,78,0.9,245.0,,,0.0,,,,,,,,,,,,,,,,,,,,,,,,,,,,
2012-06-10 17:00:00,981.3,28.9,79,0.9,240.0,,,0.0,,,,,,,,,,,,,,,,,,,,,,,,,,,,
2012-06-10 18:00:00,981.7,28.7,81,0.5,241.0,,,0.0,,,,,,,,,,,,,,,,,,,,,,,,,,,,
2012-06-10 19:00:00,982.2,28.3,84,0.4,220.0,,,0.0,,,,,,,,,,,,,,,,,,,,,,,,,,,,
2012-06-10 20:00:00,982.5,27.8,88,0.4,232.0,,,0.0,,,,,,,,,,,,,,,,,,,,,,,,,,,,
2012-06-10 21:00:00,982.5,27.3,92,0.4,92.0,,,0.0,,,,,,,,,,,,,,,,,,,,,,,,,,,,
2012-06-10 22:00:00,982.9,27.2,92,0.4,213.0,,,0.0,,,,,,,,,,,,,,,,,,,,,,,,,,,,
2012-06-10 23:00:00,982.7,26.9,93,0.6,263.0,,,0.0,,,,,,,,,,,,,,,,,,,,,,,,,,,,
2012-06-11 00:00:00,982.1,26.9,92,0.5,54.0,,,0.5,,,,,,,,,,,,,,,,,,,,,,,,,,,,
2012-06-11 01:00:00,981.4,27.0,90,0.4,53.0,,,0.0,,,,,,,,,,,,,,,,,,,,,,,,,,,,
2012-06-11 02:00:00,980.8,26.2,96,0.5,157.0,,,8.5,,,,,,,,,,,,,,,,,,,,,,,,,,,,
2012-06-11 03:00:00,980.8,26.6,95,0.5,69.0,,,0.0,,,,,,,,,,,,,,,,,,,,,,,,,,,,
2012-06-11 04:00:00,980.7,26.8,95,0.4,31.0,,,0.0,,,,,,,,,,,,,,,,,,,,,,,,,,,,
2012-06-11 05:00:00,980.8,26.6,96,0.7,222.0,,,18.5,,,,,,,,,,,,,,,,,,,,,,,,,,,,
2012-06-11 06:00:00,980.9,25.3,98,0.5,209.0,,,24.0,,,,,,,,,,,,,,,,,,,,,,,,,,,,
2012-06-11 07:00:00,981.7,26.2,98,0.5,246.0,,,18.0,,,,,,,,,,,,,,,,,,,,,,,,,,,,
2012-06-11 08:00:00,981.9,25.8,98,0.3,33.0,,,18.5,,,,,,,,,,,,,,,,,,,,,,,,,,,,
2012-06-11 09:00:00,982.0,27.0,95,0.4,309.0,,,0.5,,,,,,,,,,,,,,,,,,,,,,,,,,,,
2012-06-11 10:00:00,981.6,28.5,87,0.7,227.0,,,0.0,,,,,,,,,,,,,,,,,,,,,,,,,,,,
2012-06-11 11:00:00,981.3,29.1,83,1.3,248.0,,,0.0,,,,,,,,,,,,,,,,,,,,,,,,,,,,
2012-06-11 12:00:00,981.3,28.3,86,0.9,241.0,,,0.0,,,,,,,,,,,,,,,,,,,,,,,,,,,,
2012-06-11 13:00:00,980.8,28.3,85,1.0,232.0,,,0.0,,,,,,,,,,,,,,,,,,,,,,,,,,,,
2012-06-11 14:00:00,980.3,28.8,83,1.3,241.0,,,0.0,,,,,,,,,,,,,,,,,,,,,,,,,,,,
2012-06-11 15:00:00,980.0,28.4,87,1.2,243.0,,,0.0,,,,,,,,,,,,,,,,,,,,,,,,,,,,
2012-06-11 16:00:00,979.7,28.7,85,1.0,238.0,,,0.0,,,,,,,,,,,,,,,,,,,,,,,,,,,,
2012-06-11 17:00:00,979.7,28.8,85,0.7,240.0,,,0.0,,,,,,,,,,,,,,,,,,,,,,,,,,,,
2012-06-11 18:00:00,980.5,28.2,83,0.8,240.0,,,0.0,,,,,,,,,,,,,,,,,,,,,,,,,,,,
2012-06-11 19:00:00,981.0,27.9,84,0.6,233.0,,,0.0,,,,,,,,,,,,,,,,,,,,,,,,,,,,
2012-06-11 20:00:00,980.7,27.0,94,0.5,255.0,,,3.5,,,,,,,,,,,,,,,,,,,,,,,,,,,,
2012-06-11 21:00:00,980.7,27.1,93,0.6,244.0,,,2.0,,,,,,,,,,,,,,,,,,,,,,,,,,,,
2012-06-11 22:00:00,981.1,27.0,94,0.6,238.0,,,0.5,,,,,,,,,,,,,,,,,,,,,,,,,,,,
2012-06-11 23:00:00,980.6,27.1,92,0.6,61.0,,,0.5,,,,,,,,,,,,,,,,,,,,,,,,,,,,
2012-06-12 00:00:00,979.7,26.1,99,0.6,247.0,,,14.5,,,,,,,,,,,,,,,,,,,,,,,,,,,,
2012-06-12 01:00:00,979.7,26.6,98,0.7,248.0,,,5.5,,,,,,,,,,,,,,,,,,,,,,,,,,,,
2012-06-12 02:00:00,978.9,26.6,98,0.9,240.0,,,3.0,,,,,,,,,,,,,,,,,,,,,,,,,,,,
2012-06-12 03:00:00,978.9,26.7,98,1.1,241.0,,,5.5,,,,,,,,,,,,,,,,,,,,,,,,,,,,
2012-06-12 04:00:00,979.5,26.9,96,0.7,240.0,,,0.5,,,,,,,,,,,,,,,,,,,,,,,,,,,,
2012-06-12 05:00:00,979.1,26.9,96,0.7,231.0,,,0.0,,,,,,,,,,,,,,,,,,,,,,,,,,,,
2012-06-12 06:00:00,978.6,26.7,96,0.5,228.0,,,1.5,,,,,,,,,,,,,,,,,,,,,,,,,,,,
2012-06-12 07:00:00,978.9,27.0,95,0.7,237.0,,,0.0,,,,,,,,,,,,,,,,,,,,,,,,,,,,
2012-06-12 08:00:00,978.9,26.8,95,0.5,275.0,,,1.0,,,,,,,,,,,,,,,,,,,,,,,,,,,,
2012-06-12 09:00:00,979.5,25.6,98,0.8,236.0,,,5.0,,,,,,,,,,,,,,,,,,,,,,,,,,,,
2012-06-12 10:00:00,979.7,25.5,99,0.6,246.0,,,5.0,,,,,,,,,,,,,,,,,,,,,,,,,,,,
2012-06-12 11:00:00,979.5,24.9,98,0.3,301.0,,,2.5,,,,,,,,,,,,,,,,,,,,,,,,,,,,
2012-06-12 12:00:00,979.5,25.4,99,0.2,0.0,,,10.0,,,,,,,,,,,,,,,,,,,,,,,,,,,,
2012-06-12 13:00:00,978.9,27.2,89,0.5,23.0,,,0.0,,,,,,,,,,,,,,,,,,,,,,,,,,,,
2012-06-12 14:00:00,978.5,28.5,83,0.5,16.0,,,0.0,,,,,,,,,,,,,,,,,,,,,,,,,,,,
2012-06-12 15:00:00,978.4,28.0,84,0.1,0.0,,,0.0,,,,,,,,,,,,,,,,,,,,,,,,,,,,
2012-06-12 16:00:00,978.6,27.5,90,0.5,286.0,,,0.0,,,,,,,,,,,,,,,,,,,,,,,,,,,,
2012-06-12 17:00:00,979.1,25.9,93,0.8,316.0,,,0.0,,,,,,,,,,,,,,,,,,,,,,,,,,,,
2012-06-12 18:00:00,979.8,25.2,96,0.4,314.0,,,0.5,,,,,,,,,,,,,,,,,,,,,,,,,,,,
2012-06-12 19:00:00,980.4,24.7,99,0.3,106.0,,,11.5,,,,,,,,,,,,,,,,,,,,,,,,,,,,
2012-06-12 20:00:00,981.1,24.8,98,0.1,0.0,,,0.0,,,,,,,,,,,,,,,,,,,,,,,,,,,,
2012-06-12 21:00:00,982.0,25.0,98,0.0,0.0,,,0.0,,,,,,,,,,,,,,,,,,,,,,,,,,,,
2012-06-12 22:00:00,982.3,25.2,97,0.4,87.0,,,0.0,,,,,,,,,,,,,,,,,,,,,,,,,,,,
2012-06-12 23:00:00,982.3,25.4,98,0.1,0.0,,,0.0,,,,,,,,,,,,,,,,,,,,,,,,,,,,
2012-06-13 00:00:00,982.3,25.1,98,0.5,289.0,,,0.0,,,,,,,,,,,,,,,,,,,,,,,,,,,,
2012-06-13 01:00:00,981.7,25.1,98,0.1,0.0,,,0.0,,,,,,,,,,,,,,,,,,,,,,,,,,,,
2012-06-13 02:00:00,981.3,24.8,99,0.5,327.0,,,0.0,,,,,,,,,,,,,,,,,,,,,,,,,,,,
2012-06-13 03:00:00,981.1,24.1,99,0.6,314.0,,,0.0,,,,,,,,,,,,,,,,,,,,,,,,,,,,
2012-06-13 04:00:00,981.4,24.1,98,0.5,41.0,,,0.0,,,,,,,,,,,,,,,,,,,,,,,,,,,,
2012-06-13 05:00:00,981.7,24.3,98,0.2,0.0,,,0.0,,,,,,,,,,,,,,,,,,,,,,,,,,,,
2012-06-13 06:00:00,982.2,24.1,97,0.4,329.0,,,0.0,,,,,,,,,,,,,,,,,,,,,,,,,,,,
2012-06-13 07:00:00,983.0,24.4,95,0.5,38.0,,,0.0,,,,,,,,,,,,,,,,,,,,,,,,,,,,
2012-06-13 08:00:00,983.3,25.0,92,0.5,338.0,,,0.0,,,,,,,,,,,,,,,,,,,,,,,,,,,,
2012-06-13 09:00:00,983.5,25.9,91,0.3,350.0,,,0.0,,,,,,,,,,,,,,,,,,,,,,,,,,,,
2012-06-13 10:00:00,983.2,28.3,77,0.2,0.0,,,0.0,,,,,,,,,,,,,,,,,,,,,,,,,,,,
2012-06-13 11:00:00,983.2,28.2,80,0.4,226.0,,,0.0,,,,,,,,,,,,,,,,,,,,,,,,,,,,
2012-06-13 12:00:00,983.0,28.9,78,0.7,138.0,,,0.0,,,,,,,,,,,,,,,,,,,,,,,,,,,,
2012-06-13 13:00:00,982.6,29.0,75,0.7,288.0,,,0.0,,,,,,,,,,,,,,,,,,,,,,,,,,,,
2012-06-13 14:00:00,982.2,26.1,94,0.8,308.0,,,4.5,,,,,,,,,,,,,,,,,,,,,,,,,,,,
2012-06-13 15:00:00,981.9,28.4,82,0.7,338.0,,,0.0,,,,,,,,,,,,,,,,,,,,,,,,,,,,
2012-06-13 16:00:00,981.4,28.9,78,0.9,342.0,,,0.0,,,,,,,,,,,,,,,,,,,,,,,,,,,,
2012-06-13 17:00:00,981.4,29.3,75,0.7,333.0,,,0.0,,,,,,,,,,,,,,,,,,,,,,,,,,,,
2012-06-13 18:00:00,982.0,29.6,75,0.3,262.0,,,0.0,,,,,,,,,,,,,,,,,,,,,,,,,,,,
2012-06-13 19:00:00,982.6,27.6,79,0.4,222.0,,,0.0,,,,,,,,,,,,,,,,,,,,,,,,,,,,
2012-06-13 20:00:00,982.9,26.7,83,0.3,256.0,,,0.0,,,,,,,,,,,,,,,,,,,,,,,,,,,,
2012-06-13 21:00:00,983.5,26.9,81,0.3,245.0,,,0.0,,,,,,,,,,,,,,,,,,,,,,,,,,,,
2012-06-13 22:00:00,983.9,26.6,83,0.2,0.0,,,0.0,,,,,,,,,,,,,,,,,,,,,,,,,,,,
2012-06-13 23:00:00,983.9,26.6,83,0.3,264.0,,,0.0,,,,,,,,,,,,,,,,,,,,,,,,,,,,
2012-06-14 00:00:00,983.5,26.6,84,0.2,0.0,,,0.0,,,,,,,,,,,,,,,,,,,,,,,,,,,,
2012-06-14 01:00:00,982.8,26.4,86,0.3,336.0,,,0.0,,,,,,,,,,,,,,,,,,,,,,,,,,,,
2012-06-14 02:00:00,982.8,26.0,89,0.3,348.0,,,0.0,,,,,,,,,,,,,,,,,,,,,,,,,,,,
2012-06-14 03:00:00,982.2,25.8,90,0.7,38.0,,,0.0,,,,,,,,,,,,,,,,,,,,,,,,,,,,
2012-06-14 04:00:00,981.7,25.9,87,0.7,51.0,,,0.0,,,,,,,,,,,,,,,,,,,,,,,,,,,,
2012-06-14 05:00:00,981.7,25.9,87,0.1,0.0,,,0.0,,,,,,,,,,,,,,,,,,,,,,,,,,,,
2012-06-14 06:00:00,982.8,26.0,87,0.6,47.0,,,0.0,,,,,,,,,,,,,,,,,,,,,,,,,,,,
2012-06-14 07:00:00,983.3,26.3,85,0.5,45.0,,,0.0,,,,,,,,,,,,,,,,,,,,,,,,,,,,
2012-06-14 08:00:00,983.6,27.3,81,0.4,46.0,,,0.0,,,,,,,,,,,,,,,,,,,,,,,,,,,,
2012-06-14 09:00:00,983.6,27.6,79,0.7,36.0,,,0.0,,,,,,,,,,,,,,,,,,,,,,,,,,,,
2012-06-14 10:00:00,983.4,29.0,75,0.8,26.0,,,0.0,,,,,,,,,,,,,,,,,,,,,,,,,,,,
2012-06-14 11:00:00,983.6,29.4,72,0.9,7.0,,,0.0,,,,,,,,,,,,,,,,,,,,,,,,,,,,
2012-06-14 12:00:00,983.6,29.0,76,0.8,341.0,,,0.0,,,,,,,,,,,,,,,,,,,,,,,,,,,,
2012-06-14 13:00:00,983.5,25.3,97,0.3,296.0,,,17.5,,,,,,,,,,,,,,,,,,,,,,,,,,,,
2012-06-14 14:00:00,983.0,25.3,95,0.2,0.0,,,4.5,,,,,,,,,,,,,,,,,,,,,,,,,,,,
2012-06-14 15:00:00,982.3,24.9,94,0.6,329.0,,,3.0,,,,,,,,,,,,,,,,,,,,,,,,,,,,
2012-06-14 16:00:00,981.5,25.5,91,0.6,34.0,,,0.0,,,,,,,,,,,,,,,,,,,,,,,,,,,,
2012-06-14 17:00:00,981.7,25.6,93,0.3,54.0,,,0.5,,,,,,,,,,,,,,,,,,,,,,,,,,,,
2012-06-14 18:00:00,981.9,25.2,97,0.2,0.0,,,3.5,,,,,,,,,,,,,,,,,,,,,,,,,,,,
2012-06-14 19:00:00,982.3,25.3,98,0.2,0.0,,,3.5,,,,,,,,,,,,,,,,,,,,,,,,,,,,
2012-06-14 20:00:00,982.5,25.1,98,0.0,0.0,,,3.0,,,,,,,,,,,,,,,,,,,,,,,,,,,,
2012-06-14 21:00:00,982.6,24.7,98,0.0,0.0,,,3.0,,,,,,,,,,,,,,,,,,,,,,,,,,,,
2012-06-14 22:00:00,982.6,24.8,98,0.1,0.0,,,1.5,,,,,,,,,,,,,,,,,,,,,,,,,,,,
2012-06-14 23:00:00,982.2,24.7,98,0.4,82.0,,,1.0,,,,,,,,,,,,,,,,,,,,,,,,,,,,
2012-06-15 00:00:00,981.7,24.7,99,0.0,0.0,,,1.5,,,,,,,,,,,,,,,,,,,,,,,,,,,,
2012-06-15 01:00:00,982.0,24.7,99,0.2,0.0,,,2.5,,,,,,,,,,,,,,,,,,,,,,,,,,,,
2012-06-15 02:00:00,981.6,24.6,99,0.1,0.0,,,1.0,,,,,,,,,,,,,,,,,,,,,,,,,,,,
2012-06-15 03:00:00,981.1,24.5,99,0.2,0.0,,,3.0,,,,,,,,,,,,,,,,,,,,,,,,,,,,
2012-06-15 04:00:00,981.1,24.5,99,0.0,0.0,,,0.5,,,,,,,,,,,,,,,,,,,,,,,,,,,,
2012-06-15 05:00:00,980.8,24.6,99,0.0,0.0,,,0.0,,,,,,,,,,,,,,,,,,,,,,,,,,,,
2012-06-15 06:00:00,981.1,24.6,99,0.3,169.0,,,0.0,,,,,,,,,,,,,,,,,,,,,,,,,,,,
2012-06-15 07:00:00,981.9,25.6,92,0.4,270.0,,,0.0,,,,,,,,,,,,,,,,,,,,,,,,,,,,
2012-06-15 08:00:00,982.3,26.2,88,0.6,107.0,,,0.0,,,,,,,,,,,,,,,,,,,,,,,,,,,,
2012-06-15 09:00:00,982.5,26.8,85,0.6,326.0,,,0.0,,,,,,,,,,,,,,,,,,,,,,,,,,,,
2012-06-15 10:00:00,982.8,26.9,85,0.6,123.0,,,0.0,,,,,,,,,,,,,,,,,,,,,,,,,,,,
2012-06-15 11:00:00,983.0,27.8,82,0.7,207.0,,,0.0,,,,,,,,,,,,,,,,,,,,,,,,,,,,
2012-06-15 12:00:00,982.8,28.3,76,0.8,240.0,,,0.0,,,,,,,,,,,,,,,,,,,,,,,,,,,,
2012-06-15 13:00:00,982.4,29.0,74,0.8,254.0,,,0.0,,,,,,,,,,,,,,,,,,,,,,,,,,,,
2012-06-15 14:00:00,981.8,30.0,69,1.2,243.0,,,0.0,,,,,,,,,,,,,,,,,,,,,,,,,,,,
2012-06-15 15:00:00,982.0,28.4,76,1.2,243.0,,,0.0,,,,,,,,,,,,,,,,,,,,,,,,,,,,
2012-06-15 16:00:00,982.2,28.4,75,0.9,243.0,,,0.0,,,,,,,,,,,,,,,,,,,,,,,,,,,,
2012-06-15 17:00:00,982.5,28.2,76,0.8,235.0,,,0.0,,,,,,,,,,,,,,,,,,,,,,,,,,,,
2012-06-15 18:00:00,982.9,27.4,81,0.3,247.0,,,0.0,,,,,,,,,,,,,,,,,,,,,,,,,,,,
2012-06-15 19:00:00,983.3,27.0,84,0.4,241.0,,,0.0,,,,,,,,,,,,,,,,,,,,,,,,,,,,
2012-06-15 20:00:00,983.9,26.6,90,0.5,250.0,,,0.0,,,,,,,,,,,,,,,,,,,,,,,,,,,,
2012-06-15 21:00:00,984.5,26.7,88,0.4,254.0,,,0.0,,,,,,,,,,,,,,,,,,,,,,,,,,,,
2012-06-15 22:00:00,985.1,26.6,89,0.5,109.0,,,0.0,,,,,,,,,,,,,,,,,,,,,,,,,,,,
2012-06-15 23:00:00,984.9,26.4,89,0.1,0.0,,,0.0,,,,,,,,,,,,,,,,,,,,,,,,,,,,
2012-06-16 00:00:00,984.9,26.3,87,0.3,271.0,,,0.0,,,,,,,,,,,,,,,,,,,,,,,,,,,,
2012-06-16 01:00:00,984.6,25.7,90,0.0,0.0,,,0.0,,,,,,,,,,,,,,,,,,,,,,,,,,,,
2012-06-16 02:00:00,984.4,25.4,95,0.2,0.0,,,0.5,,,,,,,,,,,,,,,,,,,,,,,,,,,,
2012-06-16 03:00:00,983.8,25.4,93,0.2,0.0,,,0.0,,,,,,,,,,,,,,,,,,,,,,,,,,,,
2012-06-16 04:00:00,984.2,25.3,93,0.0,0.0,,,0.0,,,,,,,,,,,,,,,,,,,,,,,,,,,,
2012-06-16 05:00:00,984.5,25.5,92,0.3,63.0,,,0.0,,,,,,,,,,,,,,,,,,,,,,,,,,,,
2012-06-16 06:00:00,984.9,25.7,90,0.3,48.0,,,0.0,,,,,,,,,,,,,,,,,,,,,,,,,,,,
2012-06-16 07:00:00,985.0,26.4,86,0.6,54.0,,,0.0,,,,,,,,,,,,,,,,,,,,,,,,,,,,
2012-06-16 08:00:00,986.0,27.2,81,0.4,350.0,,,0.0,,,,,,,,,,,,,,,,,,,,,,,,,,,,
2012-06-16 09:00:00,986.5,27.7,82,0.8,27.0,,,0.0,,,,,,,,,,,,,,,,,,,,,,,,,,,,
2012-06-16 10:00:00,986.6,28.7,76,0.8,338.0,,,0.0,,,,,,,,,,,,,,,,,,,,,,,,,,,,
2012-06-16 11:00:00,986.4,29.5,73,0.9,345.0,,,0.0,,,,,,,,,,,,,,,,,,,,,,,,,,,,
2012-06-16 12:00:00,986.3,29.6,72,1.2,340.0,,,0.0,,,,,,,,,,,,,,,,,,,,,,,,,,,,
2012-06-16 13:00:00,985.4,29.9,69,0.9,334.0,,,0.0,,,,,,,,,,,,,,,,,,,,,,,,,,,,
2012-06-16 14:00:00,985.7,27.1,89,0.4,41.0,,,1.5,,,,,,,,,,,,,,,,,,,,,,,,,,,,
2012-06-16 15:00:00,985.2,27.1,89,0.4,2.0,,,0.0,,,,,,,,,,,,,,,,,,,,,,,,,,,,
2012-06-16 16:00:00,984.8,27.3,89,0.5,337.0,,,0.0,,,,,,,,,,,,,,,,,,,,,,,,,,,,
2012-06-16 17:00:00,985.2,27.8,82,0.5,358.0,,,0.0,,,,,,,,,,,,,,,,,,,,,,,,,,,,
2012-06-16 18:00:00,985.5,27.5,81,0.6,34.0,,,0.0,,,,,,,,,,,,,,,,,,,,,,,,,,,,
2012-06-16 19:00:00,986.2,27.2,83,0.4,68.0,,,0.0,,,,,,,,,,,,,,,,,,,,,,,,,,,,
2012-06-16 20:00:00,986.4,27.3,81,0.4,73.0,,,0.0,,,,,,,,,,,,,,,,,,,,,,,,,,,,
2012-06-16 21:00:00,987.0,27.0,83,0.0,0.0,,,0.0,,,,,,,,,,,,,,,,,,,,,,,,,,,,
2012-06-16 22:00:00,987.7,26.7,85,0.1,0.0,,,0.0,,,,,,,,,,,,,,,,,,,,,,,,,,,,
2012-06-16 23:00:00,987.7,26.7,83,0.3,3.0,,,0.0,,,,,,,,,,,,,,,,,,,,,,,,,,,,
2012-06-17 00:00:00,987.3,25.8,89,0.0,0.0,,,0.0,,,,,,,,,,,,,,,,,,,,,,,,,,,,
2012-06-17 01:00:00,986.9,25.3,90,0.0,0.0,,,0.0,,,,,,,,,,,,,,,,,,,,,,,,,,,,
2012-06-17 02:00:00,986.7,25.7,89,0.0,0.0,,,0.0,,,,,,,,,,,,,,,,,,,,,,,,,,,,
2012-06-17 03:00:00,986.3,25.7,89,0.2,0.0,,,0.0,,,,,,,,,,,,,,,,,,,,,,,,,,,,
2012-06-17 04:00:00,986.6,25.3,90,0.3,328.0,,,0.0,,,,,,,,,,,,,,,,,,,,,,,,,,,,
2012-06-17 05:00:00,986.3,24.5,94,0.0,0.0,,,0.0,,,,,,,,,,,,,,,,,,,,,,,,,,,,
2012-06-17 06:00:00,986.1,25.7,87,0.5,21.0,,,0.0,,,,,,,,,,,,,,,,,,,,,,,,,,,,
2012-06-17 07:00:00,986.7,28.2,76,0.9,347.0,,,0.0,,,,,,,,,,,,,,,,,,,,,,,,,,,,
2012-06-17 08:00:00,986.9,29.9,69,0.8,352.0,,,0.0,,,,,,,,,,,,,,,,,,,,,,,,,,,,
2012-06-17 09:00:00,987.3,29.5,75,0.9,335.0,,,0.0,,,,,,,,,,,,,,,,,,,,,,,,,,,,
2012-06-17 10:00:00,987.3,30.5,71,1.1,323.0,,,0.0,,,,,,,,,,,,,,,,,,,,,,,,,,,,
2012-06-17 11:00:00,987.0,31.3,68,0.9,351.0,,,0.0,,,,,,,,,,,,,,,,,,,,,,,,,,,,
2012-06-17 12:00:00,986.1,31.7,63,1.1,7.0,,,0.0,,,,,,,,,,,,,,,,,,,,,,,,,,,,
2012-06-17 13:00:00,985.5,31.9,64,1.2,321.0,,,0.0,,,,,,,,,,,,,,,,,,,,,,,,,,,,
2012-06-17 14:00:00,985.4,30.6,73,0.9,331.0,,,0.0,,,,,,,,,,,,,,,,,,,,,,,,,,,,
2012-06-17 15:00:00,985.0,31.6,65,0.8,348.0,,,0.0,,,,,,,,,,,,,,,,,,,,,,,,,,,,
2012-06-17 16:00:00,984.9,30.1,73,1.0,317.0,,,0.0,,,,,,,,,,,,,,,,,,,,,,,,,,,,
2012-06-17 17:00:00,984.7,28.7,81,0.8,344.0,,,0.0,,,,,,,,,,,,,,,,,,,,,,,,,,,,
2012-06-17 18:00:00,985.5,28.2,85,0.7,335.0,,,0.0,,,,,,,,,,,,,,,,,,,,,,,,,,,,
2012-06-17 19:00:00,986.3,27.5,88,0.6,320.0,,,0.0,,,,,,,,,,,,,,,,,,,,,,,,,,,,
2012-06-17 20:00:00,987.0,27.1,94,0.1,0.0,,,0.5,,,,,,,,,,,,,,,,,,,,,,,,,,,,
2012-06-17 21:00:00,987.1,26.3,94,0.3,198.0,,,0.0,,,,,,,,,,,,,,,,,,,,,,,,,,,,
2012-06-17 22:00:00,986.9,26.2,93,0.4,112.0,,,0.5,,,,,,,,,,,,,,,,,,,,,,,,,,,,
2012-06-17 23:00:00,986.1,26.0,92,0.1,0.0,,,0.0,,,,,,,,,,,,,,,,,,,,,,,,,,,,
2012-06-18 00:00:00,986.3,26.0,93,0.6,249.0,,,0.0,,,,,,,,,,,,,,,,,,,,,,,,,,,,
2012-06-18 01:00:00,985.5,25.9,92,0.3,344.0,,,0.0,,,,,,,,,,,,,,,,,,,,,,,,,,,,
2012-06-18 02:00:00,984.7,25.7,94,0.5,98.0,,,0.0,,,,,,,,,,,,,,,,,,,,,,,,,,,,
2012-06-18 03:00:00,984.1,25.7,93,0.3,268.0,,,0.0,,,,,,,,,,,,,,,,,,,,,,,,,,,,
2012-06-18 04:00:00,984.2,25.6,92,0.3,74.0,,,0.0,,,,,,,,,,,,,,,,,,,,,,,,,,,,
2012-06-18 05:00:00,983.9,25.8,92,0.3,57.0,,,0.0,,,,,,,,,,,,,,,,,,,,,,,,,,,,
2012-06-18 06:00:00,984.3,26.3,89,0.3,341.0,,,0.0,,,,,,,,,,,,,,,,,,,,,,,,,,,,
2012-06-18 07:00:00,984.9,26.9,86,0.1,0.0,,,0.0,,,,,,,,,,,,,,,,,,,,,,,,,,,,
2012-06-18 08:00:00,985.1,29.6,71,0.6,5.0,,,0.0,,,,,,,,,,,,,,,,,,,,,,,,,,,,
2012-06-18 09:00:00,985.1,30.7,63,0.7,55.0,,,0.0,,,,,,,,,,,,,,,,,,,,,,,,,,,,
2012-06-18 10:00:00,984.4,30.9,62,0.6,57.0,,,0.0,,,,,,,,,,,,,,,,,,,,,,,,,,,,
2012-06-18 11:00:00,984.2,31.8,58,0.9,278.0,,,0.0,,,,,,,,,,,,,,,,,,,,,,,,,,,,
2012-06-18 12:00:00,983.3,30.9,66,1.0,347.0,,,0.0,,,,,,,,,,,,,,,,,,,,,,,,,,,,
2012-06-18 13:00:00,983.2,31.3,64,0.9,338.0,,,0.0,,,,,,,,,,,,,,,,,,,,,,,,,,,,
2012-06-18 14:00:00,982.8,31.7,61,0.9,343.0,,,0.0,,,,,,,,,,,,,,,,,,,,,,,,,,,,
2012-06-18 15:00:00,982.4,30.4,65,0.7,347.0,,,0.0,,,,,,,,,,,,,,,,,,,,,,,,,,,,
2012-06-18 16:00:00,982.0,29.8,69,0.7,359.0,,,0.0,,,,,,,,,,,,,,,,,,,,,,,,,,,,
2012-06-18 17:00:00,982.3,29.3,71,0.6,314.0,,,0.0,,,,,,,,,,,,,,,,,,,,,,,,,,,,
2012-06-18 18:00:00,982.0,28.0,73,0.5,84.0,,,0.0,,,,,,,,,,,,,,,,,,,,,,,,,,,,
2012-06-18 19:00:00,983.0,27.5,75,0.4,264.0,,,0.0,,,,,,,,,,,,,,,,,,,,,,,,,,,,
2012-06-18 20:00:00,983.0,26.4,85,0.4,246.0,,,0.0,,,,,,,,,,,,,,,,,,,,,,,,,,,,
2012-06-18 21:00:00,982.6,26.4,84,0.3,73.0,,,0.0,,,,,,,,,,,,,,,,,,,,,,,,,,,,
2012-06-18 22:00:00,982.6,26.4,83,0.0,0.0,,,0.0,,,,,,,,,,,,,,,,,,,,,,,,,,,,
2012-06-18 23:00:00,982.9,26.8,81,0.2,0.0,,,0.0,,,,,,,,,,,,,,,,,,,,,,,,,,,,
2012-06-19 00:00:00,982.7,26.9,80,0.3,233.0,,,0.0,,,,,,,,,,,,,,,,,,,,,,,,,,,,
2012-06-19 01:00:00,981.8,26.9,81,0.3,184.0,,,0.0,,,,,,,,,,,,,,,,,,,,,,,,,,,,
2012-06-19 02:00:00,981.4,26.5,85,0.2,0.0,,,0.0,,,,,,,,,,,,,,,,,,,,,,,,,,,,
2012-06-19 03:00:00,981.6,25.0,93,0.3,201.0,,,7.0,,,,,,,,,,,,,,,,,,,,,,,,,,,,
2012-06-19 04:00:00,981.3,25.1,93,0.2,0.0,,,0.5,,,,,,,,,,,,,,,,,,,,,,,,,,,,
2012-06-19 05:00:00,981.0,24.8,96,0.2,0.0,,,2.0,,,,,,,,,,,,,,,,,,,,,,,,,,,,
2012-06-19 06:00:00,981.7,25.3,93,0.2,0.0,,,0.5,,,,,,,,,,,,,,,,,,,,,,,,,,,,
2012-06-19 07:00:00,982.1,25.0,97,0.2,0.0,,,2.0,,,,,,,,,,,,,,,,,,,,,,,,,,,,
2012-06-19 08:00:00,982.0,24.8,97,0.4,222.0,,,3.0,,,,,,,,,,,,,,,,,,,,,,,,,,,,
2012-06-19 09:00:00,982.0,24.9,96,0.1,0.0,,,4.5,,,,,,,,,,,,,,,,,,,,,,,,,,,,
2012-06-19 10:00:00,982.2,25.8,93,0.5,188.0,,,0.5,,,,,,,,,,,,,,,,,,,,,,,,,,,,
2012-06-19 11:00:00,981.7,28.4,74,0.5,107.0,,,0.0,,,,,,,,,,,,,,,,,,,,,,,,,,,,
2012-06-19 12:00:00,981.3,27.2,87,0.4,73.0,,,0.5,,,,,,,,,,,,,,,,,,,,,,,,,,,,
2012-06-19 13:00:00,980.8,28.3,76,0.5,261.0,,,0.0,,,,,,,,,,,,,,,,,,,,,,,,,,,,
2012-06-19 14:00:00,980.6,26.0,94,0.3,219.0,,,4.5,,,,,,,,,,,,,,,,,,,,,,,,,,,,
2012-06-19 15:00:00,980.1,26.6,86,0.4,116.0,,,0.5,,,,,,,,,,,,,,,,,,,,,,,,,,,,
2012-06-19 16:00:00,979.4,27.3,86,0.1,0.0,,,0.0,,,,,,,,,,,,,,,,,,,,,,,,,,,,
2012-06-19 17:00:00,979.1,28.5,76,0.3,190.0,,,0.0,,,,,,,,,,,,,,,,,,,,,,,,,,,,
2012-06-19 18:00:00,980.8,24.8,96,1.0,233.0,,,8.0,,,,,,,,,,,,,,,,,,,,,,,,,,,,
2012-06-19 19:00:00,980.6,25.3,94,0.3,65.0,,,0.5,,,,,,,,,,,,,,,,,,,,,,,,,,,,
2012-06-19 20:00:00,980.6,25.5,88,0.3,133.0,,,0.0,,,,,,,,,,,,,,,,,,,,,,,,,,,,
2012-06-19 21:00:00,980.3,25.7,85,0.4,18.0,,,0.0,,,,,,,,,,,,,,,,,,,,,,,,,,,,
2012-06-19 22:00:00,981.3,25.8,84,0.3,189.0,,,0.0,,,,,,,,,,,,,,,,,,,,,,,,,,,,
2012-06-19 23:00:00,980.6,25.3,89,0.3,304.0,,,0.0,,,,,,,,,,,,,,,,,,,,,,,,,,,,
2012-06-20 00:00:00,981.7,25.7,88,0.4,243.0,,,0.0,,,,,,,,,,,,,,,,,,,,,,,,,,,,
2012-06-20 01:00:00,981.3,25.0,92,0.4,93.0,,,0.5,,,,,,,,,,,,,,,,,,,,,,,,,,,,
2012-06-20 02:00:00,979.8,24.8,93,0.4,46.0,,,0.5,,,,,,,,,,,,,,,,,,,,,,,,,,,,
2012-06-20 03:00:00,978.9,24.5,97,0.0,0.0,,,0.0,,,,,,,,,,,,,,,,,,,,,,,,,,,,
2012-06-20 04:00:00,979.4,24.6,96,0.2,0.0,,,0.0,,,,,,,,,,,,,,,,,,,,,,,,,,,,
2012-06-20 05:00:00,979.2,24.5,96,0.3,57.0,,,0.0,,,,,,,,,,,,,,,,,,,,,,,,,,,,
2012-06-20 06:00:00,978.9,25.0,90,0.5,53.0,,,0.0,,,,,,,,,,,,,,,,,,,,,,,,,,,,
2012-06-20 07:00:00,979.5,25.7,85,0.5,49.0,,,0.0,,,,,,,,,,,,,,,,,,,,,,,,,,,,
2012-06-20 08:00:00,979.5,26.3,82,0.2,0.0,,,0.0,,,,,,,,,,,,,,,,,,,,,,,,,,,,
2012-06-20 09:00:00,979.3,27.7,79,0.7,35.0,,,0.0,,,,,,,,,,,,,,,,,,,,,,,,,,,,
2012-06-20 10:00:00,980.7,26.7,86,0.5,269.0,,,0.5,,,,,,,,,,,,,,,,,,,,,,,,,,,,
2012-06-20 11:00:00,980.1,24.7,98,0.6,64.0,,,13.5,,,,,,,,,,,,,,,,,,,,,,,,,,,,
2012-06-20 12:00:00,979.2,25.1,95,0.5,66.0,,,3.0,,,,,,,,,,,,,,,,,,,,,,,,,,,,
2012-06-20 13:00:00,979.7,24.2,98,0.5,93.0,,,13.5,,,,,,,,,,,,,,,,,,,,,,,,,,,,
2012-06-20 14:00:00,978.5,24.7,92,0.4,43.0,,,3.5,,,,,,,,,,,,,,,,,,,,,,,,,,,,
2012-06-20 15:00:00,977.2,24.7,91,0.4,258.0,,,2.5,,,,,,,,,,,,,,,,,,,,,,,,,,,,
2012-06-20 16:00:00,976.2,25.2,85,0.5,62.0,,,4.0,,,,,,,,,,,,,,,,,,,,,,,,,,,,
2012-06-20 17:00:00,976.1,26.1,79,0.6,33.0,,,0.0,,,,,,,,,,,,,,,,,,,,,,,,,,,,
2012-06-20 18:00:00,976.1,24.5,95,0.7,64.0,,,9.0,,,,,,,,,,,,,,,,,,,,,,,,,,,,
2012-06-20 19:00:00,977.4,25.4,86,0.7,119.0,,,2.0,,,,,,,,,,,,,,,,,,,,,,,,,,,,
2012-06-20 20:00:00,977.2,26.3,78,0.9,193.0,,,0.0,,,,,,,,,,,,,,,,,,,,,,,,,,,,
2012-06-20 21:00:00,978.5,26.0,81,0.8,41.0,,,0.0,,,,,,,,,,,,,,,,,,,,,,,,,,,,
2012-06-20 22:00:00,980.1,24.9,86,0.7,82.0,,,0.0,,,,,,,,,,,,,,,,,,,,,,,,,,,,
2012-06-20 23:00:00,980.5,25.2,82,0.6,214.0,,,0.0,,,,,,,,,,,,,,,,,,,,,,,,,,,,
2012-06-21 00:00:00,982.0,23.4,96,0.3,317.0,,,9.0,,,,,,,,,,,,,,,,,,,,,,,,,,,,
2012-06-21 01:00:00,982.9,23.2,97,0.3,50.0,,,7.0,,,,,,,,,,,,,,,,,,,,,,,,,,,,
2012-06-21 02:00:00,983.9,22.6,99,0.5,45.0,,,3.0,,,,,,,,,,,,,,,,,,,,,,,,,,,,
2012-06-21 03:00:00,984.2,22.9,99,0.2,0.0,,,1.0,,,,,,,,,,,,,,,,,,,,,,,,,,,,
2012-06-21 04:00:00,984.5,23.0,97,0.3,98.0,,,0.0,,,,,,,,,,,,,,,,,,,,,,,,,,,,
2012-06-21 05:00:00,984.5,23.0,98,0.0,0.0,,,0.0,,,,,,,,,,,,,,,,,,,,,,,,,,,,
2012-06-21 06:00:00,985.0,23.2,97,0.1,0.0,,,0.0,,,,,,,,,,,,,,,,,,,,,,,,,,,,
2012-06-21 07:00:00,985.4,23.8,96,0.5,345.0,,,0.0,,,,,,,,,,,,,,,,,,,,,,,,,,,,
2012-06-21 08:00:00,986.1,24.6,92,0.5,328.0,,,0.0,,,,,,,,,,,,,,,,,,,,,,,,,,,,
2012-06-21 09:00:00,987.1,25.1,91,0.4,294.0,,,0.0,,,,,,,,,,,,,,,,,,,,,,,,,,,,
2012-06-21 10:00:00,987.9,24.6,93,0.6,324.0,,,0.0,,,,,,,,,,,,,,,,,,,,,,,,,,,,
2012-06-21 11:00:00,988.0,25.7,89,0.2,0.0,,,0.0,,,,,,,,,,,,,,,,,,,,,,,,,,,,
2012-06-21 12:00:00,987.7,26.5,81,0.3,280.0,,,0.0,,,,,,,,,,,,,,,,,,,,,,,,,,,,
2012-06-21 13:00:00,987.4,26.8,83,0.5,251.0,,,0.0,,,,,,,,,,,,,,,,,,,,,,,,,,,,
2012-06-21 14:00:00,987.3,27.5,81,0.4,269.0,,,0.0,,,,,,,,,,,,,,,,,,,,,,,,,,,,
2012-06-21 15:00:00,987.4,25.8,93,0.3,283.0,,,2.0,,,,,,,,,,,,,,,,,,,,,,,,,,,,
2012-06-21 16:00:00,987.0,25.5,93,0.4,210.0,,,0.5,,,,,,,,,,,,,,,,,,,,,,,,,,,,
2012-06-21 17:00:00,987.3,25.6,94,0.2,0.0,,,1.5,,,,,,,,,,,,,,,,,,,,,,,,,,,,
2012-06-21 18:00:00,987.8,25.1,98,0.5,255.0,,,17.0,,,,,,,,,,,,,,,,,,,,,,,,,,,,
2012-06-21 19:00:00,988.3,25.2,96,0.4,240.0,,,0.5,,,,,,,,,,,,,,,,,,,,,,,,,,,,
2012-06-21 20:00:00,988.8,25.0,96,0.4,89.0,,,0.0,,,,,,,,,,,,,,,,,,,,,,,,,,,,
2012-06-21 21:00:00,989.1,25.2,94,0.3,197.0,,,0.0,,,,,,,,,,,,,,,,,,,,,,,,,,,,
2012-06-21 22:00:00,989.6,25.3,93,0.1,0.0,,,0.0,,,,,,,,,,,,,,,,,,,,,,,,,,,,
2012-06-21 23:00:00,988.9,24.8,94,0.1,0.0,,,0.0,,,,,,,,,,,,,,,,,,,,,,,,,,,,
2012-06-22 00:00:00,989.2,25.1,92,0.2,0.0,,,0.0,,,,,,,,,,,,,,,,,,,,,,,,,,,,
2012-06-22 01:00:00,988.9,24.7,95,0.4,159.0,,,0.0,,,,,,,,,,,,,,,,,,,,,,,,,,,,
2012-06-22 02:00:00,988.2,24.9,91,0.2,0.0,,,0.0,,,,,,,,,,,,,,,,,,,,,,,,,,,,
2012-06-22 03:00:00,988.1,24.8,91,0.2,0.0,,,0.0,,,,,,,,,,,,,,,,,,,,,,,,,,,,
2012-06-22 04:00:00,987.9,24.5,93,0.2,0.0,,,0.0,,,,,,,,,,,,,,,,,,,,,,,,,,,,
2012-06-22 05:00:00,988.2,24.4,93,0.1,0.0,,,0.0,,,,,,,,,,,,,,,,,,,,,,,,,,,,
2012-06-22 06:00:00,988.2,25.4,87,0.2,0.0,,,0.0,,,,,,,,,,,,,,,,,,,,,,,,,,,,
2012-06-22 07:00:00,988.4,26.9,79,0.3,248.0,,,0.0,,,,,,,,,,,,,,,,,,,,,,,,,,,,
2012-06-22 08:00:00,989.0,28.3,72,0.5,263.0,,,0.0,,,,,,,,,,,,,,,,,,,,,,,,,,,,
2012-06-22 09:00:00,989.2,29.3,69,0.4,118.0,,,0.0,,,,,,,,,,,,,,,,,,,,,,,,,,,,
2012-06-22 10:00:00,989.5,28.6,72,0.6,248.0,,,0.0,,,,,,,,,,,,,,,,,,,,,,,,,,,,
2012-06-22 11:00:00,989.1,29.8,69,0.8,229.0,,,0.0,,,,,,,,,,,,,,,,,,,,,,,,,,,,
2012-06-22 12:00:00,988.9,30.9,65,0.8,253.0,,,0.0,,,,,,,,,,,,,,,,,,,,,,,,,,,,
2012-06-22 13:00:00,988.6,30.7,67,1.1,246.0,,,0.0,,,,,,,,,,,,,,,,,,,,,,,,,,,,
2012-06-22 14:00:00,988.3,30.5,65,0.8,212.0,,,0.0,,,,,,,,,,,,,,,,,,,,,,,,,,,,
2012-06-22 15:00:00,988.1,30.3,68,0.8,246.0,,,0.0,,,,,,,,,,,,,,,,,,,,,,,,,,,,
2012-06-22 16:00:00,987.9,29.9,69,0.9,243.0,,,0.0,,,,,,,,,,,,,,,,,,,,,,,,,,,,
2012-06-22 17:00:00,987.9,29.4,69,0.7,220.0,,,0.0,,,,,,,,,,,,,,,,,,,,,,,,,,,,
2012-06-22 18:00:00,988.2,28.9,70,0.5,124.0,,,0.0,,,,,,,,,,,,,,,,,,,,,,,,,,,,
2012-06-22 19:00:00,988.8,28.3,73,0.5,168.0,,,0.0,,,,,,,,,,,,,,,,,,,,,,,,,,,,
2012-06-22 20:00:00,989.0,27.9,75,0.5,139.0,,,0.0,,,,,,,,,,,,,,,,,,,,,,,,,,,,
2012-06-22 21:00:00,989.2,27.6,77,0.5,90.0,,,0.0,,,,,,,,,,,,,,,,,,,,,,,,,,,,
2012-06-22 22:00:00,989.5,27.2,80,0.4,87.0,,,0.0,,,,,,,,,,,,,,,,,,,,,,,,,,,,
2012-06-22 23:00:00,989.3,26.7,82,0.4,157.0,,,0.0,,,,,,,,,,,,,,,,,,,,,,,,,,,,
2012-06-23 00:00:00,989.0,26.5,82,0.3,86.0,,,0.0,,,,,,,,,,,,,,,,,,,,,,,,,,,,
2012-06-23 01:00:00,988.3,25.9,85,0.3,68.0,,,0.5,,,,,,,,,,,,,,,,,,,,,,,,,,,,
2012-06-23 02:00:00,987.8,25.7,87,0.1,0.0,,,0.0,,,,,,,,,,,,,,,,,,,,,,,,,,,,
2012-06-23 03:00:00,987.5,25.5,87,0.1,0.0,,,0.0,,,,,,,,,,,,,,,,,,,,,,,,,,,,
2012-06-23 04:00:00,987.6,25.8,81,0.3,3.0,,,0.0,,,,,,,,,,,,,,,,,,,,,,,,,,,,
2012-06-23 05:00:00,987.3,26.4,77,0.4,1.0,,,0.0,,,,,,,,,,,,,,,,,,,,,,,,,,,,
2012-06-23 06:00:00,987.3,26.5,76,0.3,118.0,,,0.0,,,,,,,,,,,,,,,,,,,,,,,,,,,,
2012-06-23 07:00:00,987.7,27.1,73,0.3,167.0,,,0.0,,,,,,,,,,,,,,,,,,,,,,,,,,,,
2012-06-23 08:00:00,987.9,27.8,71,0.6,130.0,,,0.0,,,,,,,,,,,,,,,,,,,,,,,,,,,,
2012-06-23 09:00:00,988.2,28.3,70,0.6,19.0,,,0.0,,,,,,,,,,,,,,,,,,,,,,,,,,,,
2012-06-23 10:00:00,988.0,28.8,71,0.6,235.0,,,0.0,,,,,,,,,,,,,,,,,,,,,,,,,,,,
2012-06-23 11:00:00,987.8,32.0,60,1.0,103.0,,,0.0,,,,,,,,,,,,,,,,,,,,,,,,,,,,
2012-06-23 12:00:00,987.2,31.3,60,1.0,245.0,,,0.0,,,,,,,,,,,,,,,,,,,,,,,,,,,,
2012-06-23 13:00:00,987.1,31.1,63,0.7,260.0,,,0.0,,,,,,,,,,,,,,,,,,,,,,,,,,,,
2012-06-23 14:00:00,986.9,30.8,64,1.0,244.0,,,0.0,,,,,,,,,,,,,,,,,,,,,,,,,,,,
2012-06-23 15:00:00,986.7,28.9,82,0.4,248.0,,,0.5,,,,,,,,,,,,,,,,,,,,,,,,,,,,
2012-06-23 16:00:00,986.9,29.5,75,0.7,246.0,,,0.0,,,,,,,,,,,,,,,,,,,,,,,,,,,,
2012-06-23 17:00:00,987.1,28.8,75,0.7,227.0,,,0.0,,,,,,,,,,,,,,,,,,,,,,,,,,,,
2012-06-23 18:00:00,987.4,28.4,80,0.5,253.0,,,0.0,,,,,,,,,,,,,,,,,,,,,,,,,,,,
2012-06-23 19:00:00,987.9,25.8,92,0.4,256.0,,,3.5,,,,,,,,,,,,,,,,,,,,,,,,,,,,
2012-06-23 20:00:00,988.5,26.4,87,0.2,0.0,,,0.0,,,,,,,,,,,,,,,,,,,,,,,,,,,,
2012-06-23 21:00:00,988.5,26.4,84,0.3,173.0,,,0.0,,,,,,,,,,,,,,,,,,,,,,,,,,,,
2012-06-23 22:00:00,988.8,26.5,82,0.3,79.0,,,0.0,,,,,,,,,,,,,,,,,,,,,,,,,,,,
2012-06-23 23:00:00,988.6,26.3,82,0.3,47.0,,,0.0,,,,,,,,,,,,,,,,,,,,,,,,,,,,
2012-06-24 00:00:00,988.6,26.7,79,0.3,227.0,,,0.0,,,,,,,,,,,,,,,,,,,,,,,,,,,,
2012-06-24 01:00:00,988.5,26.2,82,0.4,16.0,,,0.0,,,,,,,,,,,,,,,,,,,,,,,,,,,,
2012-06-24 02:00:00,987.7,26.3,78,0.4,167.0,,,0.0,,,,,,,,,,,,,,,,,,,,,,,,,,,,
2012-06-24 03:00:00,987.7,26.2,77,0.2,0.0,,,0.0,,,,,,,,,,,,,,,,,,,,,,,,,,,,
2012-06-24 04:00:00,987.7,26.0,78,0.3,54.0,,,0.0,,,,,,,,,,,,,,,,,,,,,,,,,,,,
2012-06-24 05:00:00,987.7,25.8,79,0.2,0.0,,,0.0,,,,,,,,,,,,,,,,,,,,,,,,,,,,
2012-06-24 06:00:00,987.9,26.1,77,0.1,0.0,,,0.0,,,,,,,,,,,,,,,,,,,,,,,,,,,,
2012-06-24 07:00:00,988.0,26.9,76,0.4,185.0,,,0.0,,,,,,,,,,,,,,,,,,,,,,,,,,,,
2012-06-24 08:00:00,988.5,29.0,66,0.6,138.0,,,0.0,,,,,,,,,,,,,,,,,,,,,,,,,,,,
2012-06-24 09:00:00,988.5,30.9,59,0.7,249.0,,,0.0,,,,,,,,,,,,,,,,,,,,,,,,,,,,
2012-06-24 10:00:00,988.6,31.5,57,0.8,175.0,,,0.0,,,,,,,,,,,,,,,,,,,,,,,,,,,,
2012-06-24 11:00:00,988.5,32.6,50,0.7,272.0,,,0.0,,,,,,,,,,,,,,,,,,,,,,,,,,,,
2012-06-24 12:00:00,988.3,32.8,51,0.8,238.0,,,0.0,,,,,,,,,,,,,,,,,,,,,,,,,,,,
2012-06-24 13:00:00,987.9,33.1,47,1.0,241.0,,,0.0,,,,,,,,,,,,,,,,,,,,,,,,,,,,
2012-06-24 14:00:00,987.9,33.9,48,0.9,242.0,,,0.0,,,,,,,,,,,,,,,,,,,,,,,,,,,,
2012-06-24 15:00:00,987.6,32.7,55,0.9,245.0,,,0.0,,,,,,,,,,,,,,,,,,,,,,,,,,,,
2012-06-24 16:00:00,987.9,33.2,51,0.7,245.0,,,0.0,,,,,,,,,,,,,,,,,,,,,,,,,,,,
2012-06-24 17:00:00,987.5,31.3,52,0.6,251.0,,,0.0,,,,,,,,,,,,,,,,,,,,,,,,,,,,
2012-06-24 18:00:00,987.7,31.0,56,0.6,241.0,,,0.0,,,,,,,,,,,,,,,,,,,,,,,,,,,,
2012-06-24 19:00:00,988.1,29.8,62,0.4,252.0,,,0.0,,,,,,,,,,,,,,,,,,,,,,,,,,,,
2012-06-24 20:00:00,988.1,29.1,66,0.4,255.0,,,0.0,,,,,,,,,,,,,,,,,,,,,,,,,,,,
2012-06-24 21:00:00,988.6,28.7,70,0.4,249.0,,,0.0,,,,,,,,,,,,,,,,,,,,,,,,,,,,
2012-06-24 22:00:00,988.6,28.0,74,0.4,35.0,,,0.0,,,,,,,,,,,,,,,,,,,,,,,,,,,,
2012-06-24 23:00:00,988.5,27.5,76,0.4,99.0,,,0.0,,,,,,,,,,,,,,,,,,,,,,,,,,,,
2012-06-25 00:00:00,988.5,27.2,78,0.3,146.0,,,0.0,,,,,,,,,,,,,,,,,,,,,,,,,,,,
2012-06-25 01:00:00,988.2,27.1,79,0.3,58.0,,,0.0,,,,,,,,,,,,,,,,,,,,,,,,,,,,
2012-06-25 02:00:00,987.9,26.7,80,0.3,42.0,,,0.0,,,,,,,,,,,,,,,,,,,,,,,,,,,,
2012-06-25 03:00:00,987.7,26.4,81,0.4,192.0,,,0.0,,,,,,,,,,,,,,,,,,,,,,,,,,,,
2012-06-25 04:00:00,987.8,26.2,80,0.2,0.0,,,0.0,,,,,,,,,,,,,,,,,,,,,,,,,,,,
2012-06-25 05:00:00,988.2,26.1,81,0.0,0.0,,,0.0,,,,,,,,,,,,,,,,,,,,,,,,,,,,
2012-06-25 06:00:00,988.3,26.5,79,0.3,243.0,,,0.0,,,,,,,,,,,,,,,,,,,,,,,,,,,,
2012-06-25 07:00:00,988.5,28.7,70,0.3,95.0,,,0.0,,,,,,,,,,,,,,,,,,,,,,,,,,,,
2012-06-25 08:00:00,988.8,30.1,63,0.5,221.0,,,0.0,,,,,,,,,,,,,,,,,,,,,,,,,,,,
2012-06-25 09:00:00,988.8,30.5,61,0.5,235.0,,,0.0,,,,,,,,,,,,,,,,,,,,,,,,,,,,
2012-06-25 10:00:00,988.5,31.6,56,0.5,200.0,,,0.0,,,,,,,,,,,,,,,,,,,,,,,,,,,,
2012-06-25 11:00:00,988.3,32.8,55,0.6,250.0,,,0.0,,,,,,,,,,,,,,,,,,,,,,,,,,,,
2012-06-25 12:00:00,987.9,32.7,51,0.7,247.0,,,0.0,,,,,,,,,,,,,,,,,,,,,,,,,,,,
2012-06-25 13:00:00,987.7,32.7,57,0.9,242.0,,,0.0,,,,,,,,,,,,,,,,,,,,,,,,,,,,
2012-06-25 14:00:00,987.3,33.4,57,0.7,245.0,,,0.0,,,,,,,,,,,,,,,,,,,,,,,,,,,,
2012-06-25 15:00:00,986.9,32.7,58,0.8,246.0,,,0.0,,,,,,,,,,,,,,,,,,,,,,,,,,,,
2012-06-25 16:00:00,986.7,31.8,63,0.7,245.0,,,0.0,,,,,,,,,,,,,,,,,,,,,,,,,,,,
2012-06-25 17:00:00,986.7,31.6,60,0.6,229.0,,,0.0,,,,,,,,,,,,,,,,,,,,,,,,,,,,
2012-06-25 18:00:00,986.7,30.5,61,0.5,244.0,,,0.0,,,,,,,,,,,,,,,,,,,,,,,,,,,,
2012-06-25 19:00:00,987.3,29.3,70,0.6,247.0,,,0.0,,,,,,,,,,,,,,,,,,,,,,,,,,,,
2012-06-25 20:00:00,988.2,28.7,73,0.4,234.0,,,0.0,,,,,,,,,,,,,,,,,,,,,,,,,,,,
2012-06-25 21:00:00,988.6,28.3,74,0.3,252.0,,,0.0,,,,,,,,,,,,,,,,,,,,,,,,,,,,
2012-06-25 22:00:00,988.4,28.3,77,0.3,187.0,,,0.0,,,,,,,,,,,,,,,,,,,,,,,,,,,,
2012-06-25 23:00:00,988.2,28.0,78,0.3,242.0,,,0.0,,,,,,,,,,,,,,,,,,,,,,,,,,,,
2012-06-26 00:00:00,988.0,27.5,81,0.3,242.0,,,0.0,,,,,,,,,,,,,,,,,,,,,,,,,,,,
2012-06-26 01:00:00,987.7,27.2,84,0.4,120.0,,,0.0,,,,,,,,,,,,,,,,,,,,,,,,,,,,
2012-06-26 02:00:00,987.7,26.8,84,0.3,220.0,,,0.0,,,,,,,,,,,,,,,,,,,,,,,,,,,,
2012-06-26 03:00:00,987.5,26.6,85,0.2,0.0,,,0.0,,,,,,,,,,,,,,,,,,,,,,,,,,,,
2012-06-26 04:00:00,987.3,26.3,85,0.2,0.0,,,0.0,,,,,,,,,,,,,,,,,,,,,,,,,,,,
2012-06-26 05:00:00,987.0,26.1,84,0.3,83.0,,,0.0,,,,,,,,,,,,,,,,,,,,,,,,,,,,
2012-06-26 06:00:00,987.3,26.1,84,0.0,0.0,,,0.0,,,,,,,,,,,,,,,,,,,,,,,,,,,,
2012-06-26 07:00:00,987.4,28.6,72,0.3,177.0,,,0.0,,,,,,,,,,,,,,,,,,,,,,,,,,,,
2012-06-26 08:00:00,987.9,29.8,68,0.5,237.0,,,0.0,,,,,,,,,,,,,,,,,,,,,,,,,,,,
2012-06-26 09:00:00,988.2,31.2,59,0.5,239.0,,,0.0,,,,,,,,,,,,,,,,,,,,,,,,,,,,
2012-06-26 10:00:00,988.4,32.1,60,0.6,233.0,,,0.0,,,,,,,,,,,,,,,,,,,,,,,,,,,,
2012-06-26 11:00:00,988.3,32.6,59,0.6,249.0,,,0.0,,,,,,,,,,,,,,,,,,,,,,,,,,,,
2012-06-26 12:00:00,987.7,33.4,51,0.7,239.0,,,0.0,,,,,,,,,,,,,,,,,,,,,,,,,,,,
2012-06-26 13:00:00,987.4,31.1,67,0.9,238.0,,,0.0,,,,,,,,,,,,,,,,,,,,,,,,,,,,
2012-06-26 14:00:00,987.3,31.9,64,0.6,241.0,,,0.0,,,,,,,,,,,,,,,,,,,,,,,,,,,,
2012-06-26 15:00:00,987.2,31.4,63,0.9,243.0,,,0.0,,,,,,,,,,,,,,,,,,,,,,,,,,,,
2012-06-26 16:00:00,986.9,31.6,64,0.6,241.0,,,0.0,,,,,,,,,,,,,,,,,,,,,,,,,,,,
2012-06-26 17:00:00,987.1,31.1,66,0.5,232.0,,,0.0,,,,,,,,,,,,,,,,,,,,,,,,,,,,
2012-06-26 18:00:00,987.3,30.5,67,0.5,244.0,,,0.0,,,,,,,,,,,,,,,,,,,,,,,,,,,,
2012-06-26 19:00:00,987.7,28.7,76,0.5,245.0,,,0.0,,,,,,,,,,,,,,,,,,,,,,,,,,,,
2012-06-26 20:00:00,988.2,28.2,79,0.4,244.0,,,0.0,,,,,,,,,,,,,,,,,,,,,,,,,,,,
2012-06-26 21:00:00,988.7,28.4,76,0.4,235.0,,,0.0,,,,,,,,,,,,,,,,,,,,,,,,,,,,
2012-06-26 22:00:00,989.1,28.1,75,0.3,262.0,,,0.0,,,,,,,,,,,,,,,,,,,,,,,,,,,,
2012-06-26 23:00:00,989.1,27.8,77,0.4,248.0,,,0.0,,,,,,,,,,,,,,,,,,,,,,,,,,,,
2012-06-27 00:00:00,988.9,27.6,80,0.2,0.0,,,0.0,,,,,,,,,,,,,,,,,,,,,,,,,,,,
2012-06-27 01:00:00,988.5,27.4,80,0.3,211.0,,,0.0,,,,,,,,,,,,,,,,,,,,,,,,,,,,
2012-06-27 02:00:00,988.3,27.0,78,0.2,0.0,,,0.0,,,,,,,,,,,,,,,,,,,,,,,,,,,,
2012-06-27 03:00:00,988.3,26.8,77,0.3,214.0,,,0.0,,,,,,,,,,,,,,,,,,,,,,,,,,,,
2012-06-27 04:00:00,988.4,26.3,81,0.1,0.0,,,0.0,,,,,,,,,,,,,,,,,,,,,,,,,,,,
2012-06-27 05:00:00,988.7,26.1,82,0.2,0.0,,,0.0,,,,,,,,,,,,,,,,,,,,,,,,,,,,
2012-06-27 06:00:00,988.9,26.5,79,0.4,74.0,,,0.0,,,,,,,,,,,,,,,,,,,,,,,,,,,,
2012-06-27 07:00:00,988.9,28.8,68,0.3,222.0,,,0.0,,,,,,,,,,,,,,,,,,,,,,,,,,,,
2012-06-27 08:00:00,989.3,30.7,63,0.5,233.0,,,0.0,,,,,,,,,,,,,,,,,,,,,,,,,,,,
2012-06-27 09:00:00,989.5,31.2,55,0.6,252.0,,,0.0,,,,,,,,,,,,,,,,,,,,,,,,,,,,
2012-06-27 10:00:00,989.5,32.4,55,0.6,263.0,,,0.0,,,,,,,,,,,,,,,,,,,,,,,,,,,,
2012-06-27 11:00:00,989.1,33.9,46,0.7,319.0,,,0.0,,,,,,,,,,,,,,,,,,,,,,,,,,,,
2012-06-27 12:00:00,988.9,33.8,47,0.6,320.0,,,0.0,,,,,,,,,,,,,,,,,,,,,,,,,,,,
2012-06-27 13:00:00,988.5,32.9,57,0.6,286.0,,,0.0,,,,,,,,,,,,,,,,,,,,,,,,,,,,
2012-06-27 14:00:00,988.3,31.0,64,0.7,312.0,,,0.0,,,,,,,,,,,,,,,,,,,,,,,,,,,,
2012-06-27 15:00:00,988.0,31.6,63,0.5,329.0,,,0.0,,,,,,,,,,,,,,,,,,,,,,,,,,,,
2012-06-27 16:00:00,988.3,30.5,65,0.5,359.0,,,0.0,,,,,,,,,,,,,,,,,,,,,,,,,,,,
2012-06-27 17:00:00,988.2,29.7,69,0.4,338.0,,,0.0,,,,,,,,,,,,,,,,,,,,,,,,,,,,
2012-06-27 18:00:00,988.2,29.1,67,0.4,325.0,,,0.0,,,,,,,,,,,,,,,,,,,,,,,,,,,,
2012-06-27 19:00:00,988.2,28.7,71,0.4,341.0,,,0.0,,,,,,,,,,,,,,,,,,,,,,,,,,,,
2012-06-27 20:00:00,988.6,28.2,75,0.3,78.0,,,0.0,,,,,,,,,,,,,,,,,,,,,,,,,,,,
2012-06-27 21:00:00,988.6,27.9,76,0.4,98.0,,,0.0,,,,,,,,,,,,,,,,,,,,,,,,,,,,
2012-06-27 22:00:00,989.1,27.7,78,0.4,102.0,,,0.0,,,,,,,,,,,,,,,,,,,,,,,,,,,,
2012-06-27 23:00:00,989.3,27.6,78,0.3,93.0,,,0.0,,,,,,,,,,,,,,,,,,,,,,,,,,,,
2012-06-28 00:00:00,988.9,27.5,80,0.1,0.0,,,0.0,,,,,,,,,,,,,,,,,,,,,,,,,,,,
2012-06-28 01:00:00,988.5,27.2,82,0.4,80.0,,,0.0,,,,,,,,,,,,,,,,,,,,,,,,,,,,
2012-06-28 02:00:00,988.3,26.9,82,0.3,87.0,,,0.0,,,,,,,,,,,,,,,,,,,,,,,,,,,,
2012-06-28 03:00:00,987.9,26.7,83,0.3,57.0,,,0.0,,,,,,,,,,,,,,,,,,,,,,,,,,,,
2012-06-28 04:00:00,987.9,26.1,85,0.3,42.0,,,0.0,,,,,,,,,,,,,,,,,,,,,,,,,,,,
2012-06-28 05:00:00,988.0,25.8,87,0.5,330.0,,,0.0,,,,,,,,,,,,,,,,,,,,,,,,,,,,
2012-06-28 06:00:00,987.8,26.4,81,0.4,39.0,,,0.0,,,,,,,,,,,,,,,,,,,,,,,,,,,,
2012-06-28 07:00:00,988.1,27.7,78,0.4,350.0,,,0.0,,,,,,,,,,,,,,,,,,,,,,,,,,,,
2012-06-28 08:00:00,987.9,28.8,72,0.6,27.0,,,0.0,,,,,,,,,,,,,,,,,,,,,,,,,,,,
2012-06-28 09:00:00,987.6,29.9,67,0.6,27.0,,,0.0,,,,,,,,,,,,,,,,,,,,,,,,,,,,
2012-06-28 10:00:00,987.4,29.7,71,0.5,5.0,,,0.0,,,,,,,,,,,,,,,,,,,,,,,,,,,,
2012-06-28 11:00:00,986.7,31.6,64,0.7,358.0,,,0.0,,,,,,,,,,,,,,,,,,,,,,,,,,,,
2012-06-28 12:00:00,985.9,30.9,63,0.8,356.0,,,0.0,,,,,,,,,,,,,,,,,,,,,,,,,,,,
2012-06-28 13:00:00,984.9,31.1,63,1.1,360.0,,,0.0,,,,,,,,,,,,,,,,,,,,,,,,,,,,
2012-06-28 14:00:00,984.4,30.8,68,0.7,328.0,,,0.0,,,,,,,,,,,,,,,,,,,,,,,,,,,,
2012-06-28 15:00:00,983.8,30.9,69,0.6,340.0,,,0.0,,,,,,,,,,,,,,,,,,,,,,,,,,,,
2012-06-28 16:00:00,983.0,30.6,68,0.6,327.0,,,0.0,,,,,,,,,,,,,,,,,,,,,,,,,,,,
2012-06-28 17:00:00,982.6,29.6,74,0.4,261.0,,,0.0,,,,,,,,,,,,,,,,,,,,,,,,,,,,
2012-06-28 18:00:00,982.2,29.7,73,0.3,272.0,,,0.0,,,,,,,,,,,,,,,,,,,,,,,,,,,,
2012-06-28 19:00:00,982.0,29.5,75,0.3,43.0,,,0.0,,,,,,,,,,,,,,,,,,,,,,,,,,,,
2012-06-28 20:00:00,982.6,29.0,77,0.3,180.0,,,0.0,,,,,,,,,,,,,,,,,,,,,,,,,,,,
2012-06-28 21:00:00,983.2,28.5,81,0.4,81.0,,,0.0,,,,,,,,,,,,,,,,,,,,,,,,,,,,
2012-06-28 22:00:00,983.4,28.3,82,0.3,22.0,,,0.0,,,,,,,,,,,,,,,,,,,,,,,,,,,,
2012-06-28 23:00:00,983.0,28.0,84,0.2,0.0,,,0.0,,,,,,,,,,,,,,,,,,,,,,,,,,,,
2012-06-29 00:00:00,982.9,27.8,84,0.3,209.0,,,0.0,,,,,,,,,,,,,,,,,,,,,,,,,,,,
2012-06-29 01:00:00,982.4,27.1,88,0.3,69.0,,,0.0,,,,,,,,,,,,,,,,,,,,,,,,,,,,
2012-06-29 02:00:00,981.4,27.3,86,0.4,99.0,,,0.0,,,,,,,,,,,,,,,,,,,,,,,,,,,,
2012-06-29 03:00:00,982.5,26.9,87,0.1,0.0,,,0.0,,,,,,,,,,,,,,,,,,,,,,,,,,,,
2012-06-29 04:00:00,983.2,27.2,86,0.4,153.0,,,0.0,,,,,,,,,,,,,,,,,,,,,,,,,,,,
2012-06-29 05:00:00,983.9,27.3,85,0.3,213.0,,,0.0,,,,,,,,,,,,,,,,,,,,,,,,,,,,
2012-06-29 06:00:00,984.2,27.6,82,0.3,233.0,,,0.0,,,,,,,,,,,,,,,,,,,,,,,,,,,,
2012-06-29 07:00:00,984.6,27.8,81,0.3,283.0,,,0.0,,,,,,,,,,,,,,,,,,,,,,,,,,,,
2012-06-29 08:00:00,984.9,28.4,77,0.4,304.0,,,0.0,,,,,,,,,,,,,,,,,,,,,,,,,,,,
2012-06-29 09:00:00,985.3,28.2,80,0.4,331.0,,,0.0,,,,,,,,,,,,,,,,,,,,,,,,,,,,
2012-06-29 10:00:00,985.4,29.3,72,0.4,310.0,,,0.0,,,,,,,,,,,,,,,,,,,,,,,,,,,,
2012-06-29 11:00:00,985.8,31.0,65,0.5,260.0,,,0.0,,,,,,,,,,,,,,,,,,,,,,,,,,,,
2012-06-29 12:00:00,985.8,30.0,69,0.5,312.0,,,0.0,,,,,,,,,,,,,,,,,,,,,,,,,,,,
2012-06-29 13:00:00,985.6,29.8,70,0.4,278.0,,,0.0,,,,,,,,,,,,,,,,,,,,,,,,,,,,
2012-06-29 14:00:00,985.6,28.8,74,0.5,342.0,,,0.0,,,,,,,,,,,,,,,,,,,,,,,,,,,,
2012-06-29 15:00:00,985.5,28.6,76,0.5,339.0,,,0.0,,,,,,,,,,,,,,,,,,,,,,,,,,,,
2012-06-29 16:00:00,985.7,27.4,86,0.5,5.0,,,0.0,,,,,,,,,,,,,,,,,,,,,,,,,,,,
2012-06-29 17:00:00,985.8,27.1,88,0.4,15.0,,,0.0,,,,,,,,,,,,,,,,,,,,,,,,,,,,
2012-06-29 18:00:00,986.1,26.9,88,0.3,17.0,,,0.0,,,,,,,,,,,,,,,,,,,,,,,,,,,,
2012-06-29 19:00:00,986.7,26.9,89,0.3,341.0,,,0.0,,,,,,,,,,,,,,,,,,,,,,,,,,,,
2012-06-29 20:00:00,987.4,26.5,91,0.4,343.0,,,0.0,,,,,,,,,,,,,,,,,,,,,,,,,,,,
2012-06-29 21:00:00,987.9,27.1,85,0.3,33.0,,,0.0,,,,,,,,,,,,,,,,,,,,,,,,,,,,
2012-06-29 22:00:00,988.4,26.6,90,0.3,345.0,,,0.0,,,,,,,,,,,,,,,,,,,,,,,,,,,,
2012-06-29 23:00:00,988.9,25.7,95,0.3,248.0,,,0.0,,,,,,,,,,,,,,,,,,,,,,,,,,,,
2012-06-30 00:00:00,989.1,25.4,96,0.1,0.0,,,0.5,,,,,,,,,,,,,,,,,,,,,,,,,,,,
2012-06-30 01:00:00,988.8,25.3,97,0.2,0.0,,,0.0,,,,,,,,,,,,,,,,,,,,,,,,,,,,
2012-06-30 02:00:00,988.5,25.2,97,0.1,0.0,,,0.5,,,,,,,,,,,,,,,,,,,,,,,,,,,,
2012-06-30 03:00:00,987.9,25.3,97,0.3,63.0,,,1.0,,,,,,,,,,,,,,,,,,,,,,,,,,,,
2012-06-30 04:00:00,988.3,25.6,96,0.3,40.0,,,0.0,,,,,,,,,,,,,,,,,,,,,,,,,,,,
2012-06-30 05:00:00,988.6,25.7,95,0.3,44.0,,,0.0,,,,,,,,,,,,,,,,,,,,,,,,,,,,
2012-06-30 06:00:00,988.8,25.8,94,0.4,51.0,,,0.0,,,,,,,,,,,,,,,,,,,,,,,,,,,,
2012-06-30 07:00:00,988.6,26.9,88,0.3,33.0,,,0.0,,,,,,,,,,,,,,,,,,,,,,,,,,,,
2012-06-30 08:00:00,989.0,30.2,69,0.2,0.0,,,0.0,,,,,,,,,,,,,,,,,,,,,,,,,,,,
2012-06-30 09:00:00,989.3,30.5,67,0.6,66.0,,,0.0,,,,,,,,,,,,,,,,,,,,,,,,,,,,
2012-06-30 10:00:00,989.2,31.5,70,0.7,1.0,,,0.0,,,,,,,,,,,,,,,,,,,,,,,,,,,,
2012-06-30 11:00:00,989.6,32.6,64,0.7,316.0,,,0.0,,,,,,,,,,,,,,,,,,,,,,,,,,,,
2012-06-30 12:00:00,989.7,32.5,64,0.8,302.0,,,0.0,,,,,,,,,,,,,,,,,,,,,,,,,,,,
2012-06-30 13:00:00,989.1,32.2,65,0.7,324.0,,,0.0,,,,,,,,,,,,,,,,,,,,,,,,,,,,
2012-06-30 14:00:00,989.3,32.1,64,0.6,331.0,,,0.0,,,,,,,,,,,,,,,,,,,,,,,,,,,,
2012-06-30 15:00:00,989.1,31.2,66,0.6,323.0,,,0.0,,,,,,,,,,,,,,,,,,,,,,,,,,,,
2012-06-30 16:00:00,989.2,30.3,68,0.5,349.0,,,0.0,,,,,,,,,,,,,,,,,,,,,,,,,,,,
2012-06-30 17:00:00,989.2,29.4,67,0.5,318.0,,,0.0,,,,,,,,,,,,,,,,,,,,,,,,,,,,
2012-06-30 18:00:00,989.2,29.3,72,0.3,342.0,,,0.0,,,,,,,,,,,,,,,,,,,,,,,,,,,,
2012-06-30 19:00:00,990.0,28.6,73,0.3,315.0,,,0.0,,,,,,,,,,,,,,,,,,,,,,,,,,,,
2012-06-30 20:00:00,990.8,28.4,75,0.4,359.0,,,0.0,,,,,,,,,,,,,,,,,,,,,,,,,,,,
2012-06-30 21:00:00,991.6,28.4,74,0.4,28.0,,,0.0,,,,,,,,,,,,,,,,,,,,,,,,,,,,
2012-06-30 22:00:00,992.0,28.1,76,0.3,56.0,,,0.0,,,,,,,,,,,,,,,,,,,,,,,,,,,,
2012-06-30 23:00:00,992.3,28.1,77,0.3,59.0,,,0.0,,,,,,,,,,,,,,,,,,,,,,,,,,,,
2012-07-01 00:00:00,992.5,28.0,76,0.3,42.0,,,0.0,,,,,,,,,,,,,,,,,,,,,,,,,,,,
2012-07-01 01:00:00,991.7,27.8,77,0.4,59.0,,,0.0,,,,,,,,,,,,,,,,,,,,,,,,,,,,
2012-07-01 02:00:00,991.7,27.6,78,0.3,42.0,,,0.0,,,,,,,,,,,,,,,,,,,,,,,,,,,,
2012-07-01 03:00:00,991.4,27.3,80,0.4,36.0,,,0.0,,,,,,,,,,,,,,,,,,,,,,,,,,,,
2012-07-01 04:00:00,991.4,27.1,81,0.2,0.0,,,0.0,,,,,,,,,,,,,,,,,,,,,,,,,,,,
2012-07-01 05:00:00,991.7,27.1,81,0.4,46.0,,,0.0,,,,,,,,,,,,,,,,,,,,,,,,,,,,
2012-07-01 06:00:00,991.4,27.3,79,0.4,71.0,,,0.0,,,,,,,,,,,,,,,,,,,,,,,,,,,,
2012-07-01 07:00:00,991.9,28.4,74,0.4,42.0,,,0.0,,,,,,,,,,,,,,,,,,,,,,,,,,,,
2012-07-01 08:00:00,992.3,31.5,63,0.3,106.0,,,0.0,,,,,,,,,,,,,,,,,,,,,,,,,,,,
2012-07-01 09:00:00,992.6,32.7,57,0.5,112.0,,,0.0,,,,,,,,,,,,,,,,,,,,,,,,,,,,
2012-07-01 10:00:00,992.3,31.6,61,0.7,248.0,,,0.0,,,,,,,,,,,,,,,,,,,,,,,,,,,,
2012-07-01 11:00:00,991.8,31.2,68,0.6,253.0,,,0.0,,,,,,,,,,,,,,,,,,,,,,,,,,,,
2012-07-01 12:00:00,991.3,32.5,63,0.6,320.0,,,0.0,,,,,,,,,,,,,,,,,,,,,,,,,,,,
2012-07-01 13:00:00,990.7,33.1,58,0.7,307.0,,,0.0,,,,,,,,,,,,,,,,,,,,,,,,,,,,
2012-07-01 14:00:00,990.7,32.0,57,0.7,331.0,,,0.0,,,,,,,,,,,,,,,,,,,,,,,,,,,,
2012-07-01 15:00:00,990.7,31.8,60,0.6,315.0,,,0.0,,,,,,,,,,,,,,,,,,,,,,,,,,,,
2012-07-01 16:00:00,990.6,31.1,61,0.5,344.0,,,0.0,,,,,,,,,,,,,,,,,,,,,,,,,,,,
2012-07-01 17:00:00,990.7,29.9,69,0.5,297.0,,,0.0,,,,,,,,,,,,,,,,,,,,,,,,,,,,
2012-07-01 18:00:00,991.0,29.1,74,0.4,306.0,,,0.0,,,,,,,,,,,,,,,,,,,,,,,,,,,,
2012-07-01 19:00:00,991.4,28.3,77,0.4,334.0,,,0.0,,,,,,,,,,,,,,,,,,,,,,,,,,,,
2012-07-01 20:00:00,991.8,28.0,81,0.4,333.0,,,0.0,,,,,,,,,,,,,,,,,,,,,,,,,,,,
2012-07-01 21:00:00,992.6,27.8,83,0.4,333.0,,,0.0,,,,,,,,,,,,,,,,,,,,,,,,,,,,
2012-07-01 22:00:00,992.8,28.0,77,0.3,25.0,,,0.0,,,,,,,,,,,,,,,,,,,,,,,,,,,,
2012-07-01 23:00:00,992.9,28.0,76,0.2,0.0,,,0.0,,,,,,,,,,,,,,,,,,,,,,,,,,,,
2012-07-02 00:00:00,992.3,27.9,79,0.3,81.0,,,0.0,,,,,,,,,,,,,,,,,,,,,,,,,,,,
2012-07-02 01:00:00,991.7,27.3,84,0.3,45.0,,,0.0,,,,,,,,,,,,,,,,,,,,,,,,,,,,
2012-07-02 02:00:00,991.3,26.9,84,0.3,78.0,,,0.0,,,,,,,,,,,,,,,,,,,,,,,,,,,,
2012-07-02 03:00:00,990.6,27.0,82,0.1,0.0,,,0.0,,,,,,,,,,,,,,,,,,,,,,,,,,,,
2012-07-02 04:00:00,990.6,26.7,83,0.1,0.0,,,0.0,,,,,,,,,,,,,,,,,,,,,,,,,,,,
2012-07-02 05:00:00,990.6,26.3,86,0.0,0.0,,,0.0,,,,,,,,,,,,,,,,,,,,,,,,,,,,
2012-07-02 06:00:00,990.8,26.5,83,0.2,0.0,,,0.0,,,,,,,,,,,,,,,,,,,,,,,,,,,,
2012-07-02 07:00:00,991.3,29.2,69,0.3,248.0,,,0.0,,,,,,,,,,,,,,,,,,,,,,,,,,,,
2012-07-02 08:00:00,991.0,30.1,63,0.5,89.0,,,0.0,,,,,,,,,,,,,,,,,,,,,,,,,,,,
2012-07-02 09:00:00,991.1,30.2,62,0.5,248.0,,,0.0,,,,,,,,,,,,,,,,,,,,,,,,,,,,
2012-07-02 10:00:00,990.7,32.1,54,0.4,246.0,,,0.0,,,,,,,,,,,,,,,,,,,,,,,,,,,,
2012-07-02 11:00:00,990.7,30.9,62,0.5,262.0,,,0.0,,,,,,,,,,,,,,,,,,,,,,,,,,,,
2012-07-02 12:00:00,990.2,31.0,58,0.5,297.0,,,0.0,,,,,,,,,,,,,,,,,,,,,,,,,,,,
2012-07-02 13:00:00,989.5,31.9,57,0.5,310.0,,,0.0,,,,,,,,,,,,,,,,,,,,,,,,,,,,
2012-07-02 14:00:00,988.9,32.4,55,0.5,302.0,,,0.0,,,,,,,,,,,,,,,,,,,,,,,,,,,,
2012-07-02 15:00:00,988.6,31.4,55,0.5,323.0,,,0.0,,,,,,,,,,,,,,,,,,,,,,,,,,,,
2012-07-02 16:00:00,988.6,30.7,62,0.5,302.0,,,0.0,,,,,,,,,,,,,,,,,,,,,,,,,,,,
2012-07-02 17:00:00,988.2,29.7,65,0.5,328.0,,,0.0,,,,,,,,,,,,,,,,,,,,,,,,,,,,
2012-07-02 18:00:00,988.6,28.9,72,0.4,289.0,,,0.0,,,,,,,,,,,,,,,,,,,,,,,,,,,,
2012-07-02 19:00:00,989.0,28.2,76,0.4,270.0,,,0.0,,,,,,,,,,,,,,,,,,,,,,,,,,,,
2012-07-02 20:00:00,989.1,27.8,75,0.2,0.0,,,0.0,,,,,,,,,,,,,,,,,,,,,,,,,,,,
2012-07-02 21:00:00,989.1,27.6,78,0.3,249.0,,,0.0,,,,,,,,,,,,,,,,,,,,,,,,,,,,
2012-07-02 22:00:00,989.5,27.5,75,0.4,288.0,,,0.0,,,,,,,,,,,,,,,,,,,,,,,,,,,,
2012-07-02 23:00:00,989.3,27.9,74,0.1,0.0,,,0.0,,,,,,,,,,,,,,,,,,,,,,,,,,,,
2012-07-03 00:00:00,988.9,27.6,78,0.3,62.0,,,0.0,,,,,,,,,,,,,,,,,,,,,,,,,,,,
2012-07-03 01:00:00,988.8,27.4,78,0.2,0.0,,,0.0,,,,,,,,,,,,,,,,,,,,,,,,,,,,
2012-07-03 02:00:00,988.3,27.3,77,0.1,0.0,,,0.0,,,,,,,,,,,,,,,,,,,,,,,,,,,,
2012-07-03 03:00:00,988.0,26.6,80,0.4,65.0,,,0.0,,,,,,,,,,,,,,,,,,,,,,,,,,,,
2012-07-03 04:00:00,987.6,26.4,77,0.2,0.0,,,0.0,,,,,,,,,,,,,,,,,,,,,,,,,,,,
2012-07-03 05:00:00,987.3,26.0,79,0.3,60.0,,,0.0,,,,,,,,,,,,,,,,,,,,,,,,,,,,
2012-07-03 06:00:00,987.3,26.5,77,0.3,261.0,,,0.0,,,,,,,,,,,,,,,,,,,,,,,,,,,,
2012-07-03 07:00:00,987.9,29.2,67,0.3,250.0,,,0.0,,,,,,,,,,,,,,,,,,,,,,,,,,,,
2012-07-03 08:00:00,987.9,29.9,63,0.6,242.0,,,0.0,,,,,,,,,,,,,,,,,,,,,,,,,,,,
2012-07-03 09:00:00,987.9,31.5,60,0.5,277.0,,,0.0,,,,,,,,,,,,,,,,,,,,,,,,,,,,
2012-07-03 10:00:00,987.9,32.4,55,0.6,292.0,,,0.0,,,,,,,,,,,,,,,,,,,,,,,,,,,,
2012-07-03 11:00:00,987.6,33.3,53,0.7,236.0,,,0.0,,,,,,,,,,,,,,,,,,,,,,,,,,,,
2012-07-03 12:00:00,987.4,33.1,55,0.6,324.0,,,0.0,,,,,,,,,,,,,,,,,,,,,,,,,,,,
2012-07-03 13:00:00,986.9,32.8,55,0.6,298.0,,,0.0,,,,,,,,,,,,,,,,,,,,,,,,,,,,
2012-07-03 14:00:00,986.6,32.9,51,0.5,295.0,,,0.0,,,,,,,,,,,,,,,,,,,,,,,,,,,,
2012-07-03 15:00:00,986.3,32.3,56,0.6,336.0,,,0.0,,,,,,,,,,,,,,,,,,,,,,,,,,,,
2012-07-03 16:00:00,985.9,31.7,58,0.5,285.0,,,0.0,,,,,,,,,,,,,,,,,,,,,,,,,,,,
2012-07-03 17:00:00,985.7,30.5,60,0.5,315.0,,,0.0,,,,,,,,,,,,,,,,,,,,,,,,,,,,
2012-07-03 18:00:00,986.0,29.6,61,0.4,286.0,,,0.0,,,,,,,,,,,,,,,,,,,,,,,,,,,,
2012-07-03 19:00:00,986.7,28.8,63,0.3,290.0,,,0.0,,,,,,,,,,,,,,,,,,,,,,,,,,,,
2012-07-03 20:00:00,987.2,27.6,73,0.3,307.0,,,0.0,,,,,,,,,,,,,,,,,,,,,,,,,,,,
2012-07-03 21:00:00,987.3,27.4,75,0.4,247.0,,,0.0,,,,,,,,,,,,,,,,,,,,,,,,,,,,
2012-07-03 22:00:00,987.6,27.1,79,0.3,292.0,,,0.0,,,,,,,,,,,,,,,,,,,,,,,,,,,,
2012-07-03 23:00:00,987.4,27.0,78,0.4,111.0,,,0.0,,,,,,,,,,,,,,,,,,,,,,,,,,,,
2012-07-04 00:00:00,987.4,27.2,78,0.4,90.0,,,0.0,,,,,,,,,,,,,,,,,,,,,,,,,,,,
2012-07-04 01:00:00,987.1,27.0,80,0.3,103.0,,,0.0,,,,,,,,,,,,,,,,,,,,,,,,,,,,
2012-07-04 02:00:00,986.7,27.2,79,0.3,38.0,,,0.0,,,,,,,,,,,,,,,,,,,,,,,,,,,,
2012-07-04 03:00:00,986.4,26.8,82,0.3,357.0,,,0.0,,,,,,,,,,,,,,,,,,,,,,,,,,,,
2012-07-04 04:00:00,986.7,26.8,82,0.2,0.0,,,0.0,,,,,,,,,,,,,,,,,,,,,,,,,,,,
2012-07-04 05:00:00,987.4,26.8,82,0.2,0.0,,,0.0,,,,,,,,,,,,,,,,,,,,,,,,,,,,
2012-07-04 06:00:00,987.7,26.9,80,0.2,0.0,,,0.0,,,,,,,,,,,,,,,,,,,,,,,,,,,,
2012-07-04 07:00:00,987.7,28.5,74,0.4,60.0,,,0.0,,,,,,,,,,,,,,,,,,,,,,,,,,,,
2012-07-04 08:00:00,987.6,30.0,68,0.4,358.0,,,0.0,,,,,,,,,,,,,,,,,,,,,,,,,,,,
2012-07-04 09:00:00,987.4,30.4,61,0.5,38.0,,,0.0,,,,,,,,,,,,,,,,,,,,,,,,,,,,
2012-07-04 10:00:00,987.4,31.9,57,0.5,343.0,,,0.0,,,,,,,,,,,,,,,,,,,,,,,,,,,,
2012-07-04 11:00:00,987.3,32.7,56,0.6,328.0,,,0.0,,,,,,,,,,,,,,,,,,,,,,,,,,,,
2012-07-04 12:00:00,986.9,32.6,54,0.7,298.0,,,0.0,,,,,,,,,,,,,,,,,,,,,,,,,,,,
2012-07-04 13:00:00,986.6,32.5,53,0.7,332.0,,,0.0,,,,,,,,,,,,,,,,,,,,,,,,,,,,
2012-07-04 14:00:00,986.3,33.2,51,0.6,332.0,,,0.0,,,,,,,,,,,,,,,,,,,,,,,,,,,,
2012-07-04 15:00:00,986.3,32.6,52,0.6,323.0,,,0.0,,,,,,,,,,,,,,,,,,,,,,,,,,,,
2012-07-04 16:00:00,986.2,32.2,55,0.5,309.0,,,0.0,,,,,,,,,,,,,,,,,,,,,,,,,,,,
2012-07-04 17:00:00,985.8,31.3,57,0.4,354.0,,,0.0,,,,,,,,,,,,,,,,,,,,,,,,,,,,
2012-07-04 18:00:00,986.1,30.4,62,0.5,317.0,,,0.0,,,,,,,,,,,,,,,,,,,,,,,,,,,,
2012-07-04 19:00:00,986.7,29.3,66,0.4,305.0,,,0.0,,,,,,,,,,,,,,,,,,,,,,,,,,,,
2012-07-04 20:00:00,987.0,29.1,66,0.3,293.0,,,0.0,,,,,,,,,,,,,,,,,,,,,,,,,,,,
2012-07-04 21:00:00,988.2,28.8,67,0.2,0.0,,,0.0,,,,,,,,,,,,,,,,,,,,,,,,,,,,
2012-07-04 22:00:00,988.6,28.7,68,0.2,0.0,,,0.0,,,,,,,,,,,,,,,,,,,,,,,,,,,,
2012-07-04 23:00:00,988.6,28.3,71,0.3,88.0,,,0.0,,,,,,,,,,,,,,,,,,,,,,,,,,,,
2012-07-05 00:00:00,988.3,27.8,74,0.3,71.0,,,0.0,,,,,,,,,,,,,,,,,,,,,,,,,,,,
2012-07-05 01:00:00,987.9,27.6,75,0.3,65.0,,,0.0,,,,,,,,,,,,,,,,,,,,,,,,,,,,
2012-07-05 02:00:00,987.6,27.3,76,0.3,60.0,,,0.0,,,,,,,,,,,,,,,,,,,,,,,,,,,,
2012-07-05 03:00:00,987.4,27.0,78,0.3,69.0,,,0.0,,,,,,,,,,,,,,,,,,,,,,,,,,,,
2012-07-05 04:00:00,987.4,26.8,79,0.3,67.0,,,0.0,,,,,,,,,,,,,,,,,,,,,,,,,,,,
2012-07-05 05:00:00,987.4,26.5,81,0.1,0.0,,,0.0,,,,,,,,,,,,,,,,,,,,,,,,,,,,
2012-07-05 06:00:00,987.9,27.1,79,0.1,0.0,,,0.0,,,,,,,,,,,,,,,,,,,,,,,,,,,,
2012-07-05 07:00:00,988.2,28.8,74,0.4,323.0,,,0.0,,,,,,,,,,,,,,,,,,,,,,,,,,,,
2012-07-05 08:00:00,988.2,29.8,70,0.5,10.0,,,0.0,,,,,,,,,,,,,,,,,,,,,,,,,,,,
2012-07-05 09:00:00,988.5,31.9,62,0.5,1.0,,,0.0,,,,,,,,,,,,,,,,,,,,,,,,,,,,
2012-07-05 10:00:00,989.0,31.1,68,0.6,321.0,,,0.0,,,,,,,,,,,,,,,,,,,,,,,,,,,,
2012-07-05 11:00:00,988.9,31.8,65,0.7,342.0,,,0.0,,,,,,,,,,,,,,,,,,,,,,,,,,,,
2012-07-05 12:00:00,988.9,32.3,63,0.6,321.0,,,0.0,,,,,,,,,,,,,,,,,,,,,,,,,,,,
2012-07-05 13:00:00,989.1,31.9,65,0.6,304.0,,,0.0,,,,,,,,,,,,,,,,,,,,,,,,,,,,
2012-07-05 14:00:00,989.0,31.5,67,0.6,325.0,,,0.0,,,,,,,,,,,,,,,,,,,,,,,,,,,,
2012-07-05 15:00:00,988.6,30.8,70,0.5,325.0,,,0.0,,,,,,,,,,,,,,,,,,,,,,,,,,,,
2012-07-05 16:00:00,988.9,30.9,68,0.5,334.0,,,0.0,,,,,,,,,,,,,,,,,,,,,,,,,,,,
2012-07-05 17:00:00,988.9,30.0,71,0.5,329.0,,,0.0,,,,,,,,,,,,,,,,,,,,,,,,,,,,
2012-07-05 18:00:00,989.2,29.5,72,0.4,323.0,,,0.0,,,,,,,,,,,,,,,,,,,,,,,,,,,,
2012-07-05 19:00:00,989.8,29.0,72,0.4,315.0,,,0.0,,,,,,,,,,,,,,,,,,,,,,,,,,,,
2012-07-05 20:00:00,989.7,28.8,72,0.3,329.0,,,0.0,,,,,,,,,,,,,,,,,,,,,,,,,,,,
2012-07-05 21:00:00,990.1,28.3,75,0.4,50.0,,,0.0,,,,,,,,,,,,,,,,,,,,,,,,,,,,
2012-07-05 22:00:00,990.4,28.0,76,0.3,62.0,,,0.0,,,,,,,,,,,,,,,,,,,,,,,,,,,,
2012-07-05 23:00:00,990.8,28.0,76,0.3,49.0,,,0.0,,,,,,,,,,,,,,,,,,,,,,,,,,,,
2012-07-06 00:00:00,990.5,27.9,77,0.3,62.0,,,0.0,,,,,,,,,,,,,,,,,,,,,,,,,,,,
2012-07-06 01:00:00,989.9,27.5,78,0.1,0.0,,,0.0,,,,,,,,,,,,,,,,,,,,,,,,,,,,
2012-07-06 02:00:00,989.6,27.2,80,0.2,0.0,,,0.0,,,,,,,,,,,,,,,,,,,,,,,,,,,,
2012-07-06 03:00:00,989.1,26.9,81,0.3,93.0,,,0.0,,,,,,,,,,,,,,,,,,,,,,,,,,,,
2012-07-06 04:00:00,988.9,26.7,82,0.1,0.0,,,0.0,,,,,,,,,,,,,,,,,,,,,,,,,,,,
2012-07-06 05:00:00,989.1,26.6,83,0.3,70.0,,,0.0,,,,,,,,,,,,,,,,,,,,,,,,,,,,
2012-07-06 06:00:00,989.5,26.7,83,0.3,45.0,,,0.0,,,,,,,,,,,,,,,,,,,,,,,,,,,,
2012-07-06 07:00:00,989.6,28.7,74,0.2,0.0,,,0.0,,,,,,,,,,,,,,,,,,,,,,,,,,,,
2012-07-06 08:00:00,990.1,30.1,69,0.3,302.0,,,0.0,,,,,,,,,,,,,,,,,,,,,,,,,,,,
2012-07-06 09:00:00,990.2,30.8,65,0.5,355.0,,,0.0,,,,,,,,,,,,,,,,,,,,,,,,,,,,
2012-07-06 10:00:00,990.1,31.5,60,0.6,320.0,,,0.0,,,,,,,,,,,,,,,,,,,,,,,,,,,,
2012-07-06 11:00:00,990.1,32.5,60,0.7,327.0,,,0.0,,,,,,,,,,,,,,,,,,,,,,,,,,,,
2012-07-06 12:00:00,990.1,30.5,68,0.6,320.0,,,0.0,,,,,,,,,,,,,,,,,,,,,,,,,,,,
2012-07-06 13:00:00,989.7,31.5,62,0.4,319.0,,,0.0,,,,,,,,,,,,,,,,,,,,,,,,,,,,
2012-07-06 14:00:00,989.5,31.6,65,0.5,310.0,,,0.0,,,,,,,,,,,,,,,,,,,,,,,,,,,,
2012-07-06 15:00:00,989.3,30.8,66,0.5,268.0,,,0.0,,,,,,,,,,,,,,,,,,,,,,,,,,,,
2012-07-06 16:00:00,989.3,28.0,90,0.3,274.0,,,3.5,,,,,,,,,,,,,,,,,,,,,,,,,,,,
2012-07-06 17:00:00,989.0,27.3,87,0.3,262.0,,,5.0,,,,,,,,,,,,,,,,,,,,,,,,,,,,
2012-07-06 18:00:00,989.1,26.7,90,0.2,0.0,,,0.0,,,,,,,,,,,,,,,,,,,,,,,,,,,,
2012-07-06 19:00:00,989.3,26.8,89,0.3,85.0,,,0.0,,,,,,,,,,,,,,,,,,,,,,,,,,,,
2012-07-06 20:00:00,989.6,27.2,86,0.2,0.0,,,0.0,,,,,,,,,,,,,,,,,,,,,,,,,,,,
2012-07-06 21:00:00,990.1,27.3,85,0.2,0.0,,,0.0,,,,,,,,,,,,,,,,,,,,,,,,,,,,
2012-07-06 22:00:00,990.4,27.5,83,0.4,168.0,,,0.0,,,,,,,,,,,,,,,,,,,,,,,,,,,,
2012-07-06 23:00:00,990.2,27.1,85,0.2,0.0,,,0.0,,,,,,,,,,,,,,,,,,,,,,,,,,,,
2012-07-07 00:00:00,989.6,26.8,87,0.2,0.0,,,0.0,,,,,,,,,,,,,,,,,,,,,,,,,,,,
2012-07-07 01:00:00,989.2,26.8,86,0.2,0.0,,,0.0,,,,,,,,,,,,,,,,,,,,,,,,,,,,
2012-07-07 02:00:00,988.9,27.0,87,0.1,0.0,,,0.0,,,,,,,,,,,,,,,,,,,,,,,,,,,,
2012-07-07 03:00:00,988.8,27.1,86,0.1,0.0,,,0.0,,,,,,,,,,,,,,,,,,,,,,,,,,,,
2012-07-07 04:00:00,988.8,26.5,88,0.1,0.0,,,0.0,,,,,,,,,,,,,,,,,,,,,,,,,,,,
2012-07-07 05:00:00,988.6,26.5,88,0.2,0.0,,,0.0,,,,,,,,,,,,,,,,,,,,,,,,,,,,
2012-07-07 06:00:00,988.5,26.5,87,0.2,0.0,,,0.0,,,,,,,,,,,,,,,,,,,,,,,,,,,,
2012-07-07 07:00:00,988.6,28.6,78,0.3,274.0,,,0.0,,,,,,,,,,,,,,,,,,,,,,,,,,,,
2012-07-07 08:00:00,989.3,30.0,71,0.4,281.0,,,0.0,,,,,,,,,,,,,,,,,,,,,,,,,,,,
2012-07-07 09:00:00,989.6,30.2,68,0.4,254.0,,,0.0,,,,,,,,,,,,,,,,,,,,,,,,,,,,
2012-07-07 10:00:00,989.6,30.4,66,0.6,248.0,,,0.0,,,,,,,,,,,,,,,,,,,,,,,,,,,,
2012-07-07 11:00:00,989.3,32.3,57,0.5,133.0,,,0.0,,,,,,,,,,,,,,,,,,,,,,,,,,,,
2012-07-07 12:00:00,989.1,32.2,56,0.5,254.0,,,0.0,,,,,,,,,,,,,,,,,,,,,,,,,,,,
2012-07-07 13:00:00,988.6,32.8,62,0.4,271.0,,,0.0,,,,,,,,,,,,,,,,,,,,,,,,,,,,
2012-07-07 14:00:00,988.6,32.8,58,0.5,288.0,,,0.0,,,,,,,,,,,,,,,,,,,,,,,,,,,,
2012-07-07 15:00:00,988.5,32.5,58,0.6,245.0,,,0.0,,,,,,,,,,,,,,,,,,,,,,,,,,,,
2012-07-07 16:00:00,988.3,32.1,61,0.5,289.0,,,0.0,,,,,,,,,,,,,,,,,,,,,,,,,,,,
2012-07-07 17:00:00,987.9,30.8,64,0.5,238.0,,,0.0,,,,,,,,,,,,,,,,,,,,,,,,,,,,
2012-07-07 18:00:00,988.5,30.5,63,0.4,248.0,,,0.0,,,,,,,,,,,,,,,,,,,,,,,,,,,,
2012-07-07 19:00:00,989.1,29.8,68,0.4,241.0,,,0.0,,,,,,,,,,,,,,,,,,,,,,,,,,,,
2012-07-07 20:00:00,989.3,29.3,73,0.4,247.0,,,0.0,,,,,,,,,,,,,,,,,,,,,,,,,,,,
2012-07-07 21:00:00,989.6,29.0,74,0.2,0.0,,,0.0,,,,,,,,,,,,,,,,,,,,,,,,,,,,
2012-07-07 22:00:00,990.1,28.6,75,0.2,0.0,,,0.0,,,,,,,,,,,,,,,,,,,,,,,,,,,,
2012-07-07 23:00:00,989.6,28.4,75,0.2,0.0,,,0.0,,,,,,,,,,,,,,,,,,,,,,,,,,,,
2012-07-08 00:00:00,989.1,27.8,79,0.2,0.0,,,0.0,,,,,,,,,,,,,,,,,,,,,,,,,,,,
2012-07-08 01:00:00,988.6,27.6,81,0.2,0.0,,,0.0,,,,,,,,,,,,,,,,,,,,,,,,,,,,
2012-07-08 02:00:00,987.9,27.2,82,0.3,250.0,,,0.0,,,,,,,,,,,,,,,,,,,,,,,,,,,,
2012-07-08 03:00:00,987.4,27.1,82,0.3,250.0,,,0.0,,,,,,,,,,,,,,,,,,,,,,,,,,,,
2012-07-08 04:00:00,987.3,26.7,83,0.2,0.0,,,0.0,,,,,,,,,,,,,,,,,,,,,,,,,,,,
2012-07-08 05:00:00,987.7,26.6,83,0.1,0.0,,,0.0,,,,,,,,,,,,,,,,,,,,,,,,,,,,
2012-07-08 06:00:00,988.6,26.5,85,0.4,70.0,,,0.0,,,,,,,,,,,,,,,,,,,,,,,,,,,,
2012-07-08 07:00:00,988.7,28.7,74,0.2,0.0,,,0.0,,,,,,,,,,,,,,,,,,,,,,,,,,,,
2012-07-08 08:00:00,989.2,29.7,69,0.5,318.0,,,0.0,,,,,,,,,,,,,,,,,,,,,,,,,,,,
2012-07-08 09:00:00,989.3,31.3,60,0.5,243.0,,,0.0,,,,,,,,,,,,,,,,,,,,,,,,,,,,
2012-07-08 10:00:00,989.2,32.8,55,0.5,259.0,,,0.0,,,,,,,,,,,,,,,,,,,,,,,,,,,,
2012-07-08 11:00:00,989.1,32.9,54,0.6,259.0,,,0.0,,,,,,,,,,,,,,,,,,,,,,,,,,,,
2012-07-08 12:00:00,988.7,33.4,58,0.6,260.0,,,0.0,,,,,,,,,,,,,,,,,,,,,,,,,,,,
2012-07-08 13:00:00,988.3,33.4,59,0.7,238.0,,,0.0,,,,,,,,,,,,,,,,,,,,,,,,,,,,
2012-07-08 14:00:00,988.4,34.1,54,0.6,257.0,,,0.0,,,,,,,,,,,,,,,,,,,,,,,,,,,,
2012-07-08 15:00:00,988.5,33.0,55,0.6,249.0,,,0.0,,,,,,,,,,,,,,,,,,,,,,,,,,,,
2012-07-08 16:00:00,988.5,32.7,57,0.6,250.0,,,0.0,,,,,,,,,,,,,,,,,,,,,,,,,,,,
2012-07-08 17:00:00,988.4,31.7,57,0.6,245.0,,,0.0,,,,,,,,,,,,,,,,,,,,,,,,,,,,
2012-07-08 18:00:00,988.9,30.3,62,0.5,244.0,,,0.0,,,,,,,,,,,,,,,,,,,,,,,,,,,,
2012-07-08 19:00:00,988.9,29.7,65,0.4,241.0,,,0.0,,,,,,,,,,,,,,,,,,,,,,,,,,,,
2012-07-08 20:00:00,989.2,29.4,64,0.3,258.0,,,0.0,,,,,,,,,,,,,,,,,,,,,,,,,,,,
2012-07-08 21:00:00,989.8,29.0,69,0.2,0.0,,,0.0,,,,,,,,,,,,,,,,,,,,,,,,,,,,
2012-07-08 22:00:00,989.8,28.6,68,0.2,0.0,,,0.0,,,,,,,,,,,,,,,,,,,,,,,,,,,,
2012-07-08 23:00:00,989.3,28.2,69,0.2,0.0,,,0.0,,,,,,,,,,,,,,,,,,,,,,,,,,,,
2012-07-09 00:00:00,989.2,27.7,73,0.1,0.0,,,0.0,,,,,,,,,,,,,,,,,,,,,,,,,,,,
2012-07-09 01:00:00,989.2,27.5,75,0.2,0.0,,,0.0,,,,,,,,,,,,,,,,,,,,,,,,,,,,
2012-07-09 02:00:00,989.1,27.3,76,0.2,0.0,,,0.0,,,,,,,,,,,,,,,,,,,,,,,,,,,,
2012-07-09 03:00:00,988.5,26.9,79,0.2,0.0,,,0.0,,,,,,,,,,,,,,,,,,,,,,,,,,,,
2012-07-09 04:00:00,988.5,26.8,80,0.2,0.0,,,0.0,,,,,,,,,,,,,,,,,,,,,,,,,,,,
2012-07-09 05:00:00,988.9,27.0,79,0.2,0.0,,,0.0,,,,,,,,,,,,,,,,,,,,,,,,,,,,
2012-07-09 06:00:00,989.6,26.8,81,0.2,0.0,,,0.0,,,,,,,,,,,,,,,,,,,,,,,,,,,,
2012-07-09 07:00:00,990.2,28.5,76,0.6,239.0,,,0.0,,,,,,,,,,,,,,,,,,,,,,,,,,,,
2012-07-09 08:00:00,990.2,29.3,71,0.5,129.0,,,0.0,,,,,,,,,,,,,,,,,,,,,,,,,,,,
2012-07-09 09:00:00,990.1,32.0,59,0.7,248.0,,,0.0,,,,,,,,,,,,,,,,,,,,,,,,,,,,
2012-07-09 10:00:00,990.1,32.5,55,0.6,245.0,,,0.0,,,,,,,,,,,,,,,,,,,,,,,,,,,,
2012-07-09 11:00:00,990.2,33.5,54,0.8,241.0,,,0.0,,,,,,,,,,,,,,,,,,,,,,,,,,,,
2012-07-09 12:00:00,989.7,34.1,50,0.8,252.0,,,0.0,,,,,,,,,,,,,,,,,,,,,,,,,,,,
2012-07-09 13:00:00,989.1,33.6,56,0.9,251.0,,,0.0,,,,,,,,,,,,,,,,,,,,,,,,,,,,
2012-07-09 14:00:00,988.9,33.4,53,0.8,240.0,,,0.0,,,,,,,,,,,,,,,,,,,,,,,,,,,,
2012-07-09 15:00:00,988.5,34.1,53,0.6,250.0,,,0.0,,,,,,,,,,,,,,,,,,,,,,,,,,,,
2012-07-09 16:00:00,988.5,34.1,52,0.6,245.0,,,0.0,,,,,,,,,,,,,,,,,,,,,,,,,,,,
2012-07-09 17:00:00,988.2,32.2,56,0.6,243.0,,,0.0,,,,,,,,,,,,,,,,,,,,,,,,,,,,
2012-07-09 18:00:00,988.1,31.1,59,0.7,245.0,,,0.0,,,,,,,,,,,,,,,,,,,,,,,,,,,,
2012-07-09 19:00:00,988.5,29.6,67,0.4,253.0,,,0.0,,,,,,,,,,,,,,,,,,,,,,,,,,,,
2012-07-09 20:00:00,988.8,29.8,62,0.3,250.0,,,0.0,,,,,,,,,,,,,,,,,,,,,,,,,,,,
2012-07-09 21:00:00,989.1,29.3,64,0.3,138.0,,,0.0,,,,,,,,,,,,,,,,,,,,,,,,,,,,
2012-07-09 22:00:00,989.0,28.7,71,0.2,0.0,,,0.0,,,,,,,,,,,,,,,,,,,,,,,,,,,,
2012-07-09 23:00:00,988.6,28.2,75,0.2,0.0,,,0.0,,,,,,,,,,,,,,,,,,,,,,,,,,,,
2012-07-10 00:00:00,988.2,28.2,75,0.2,0.0,,,0.0,,,,,,,,,,,,,,,,,,,,,,,,,,,,
2012-07-10 01:00:00,988.0,27.8,74,0.2,0.0,,,0.0,,,,,,,,,,,,,,,,,,,,,,,,,,,,
2012-07-10 02:00:00,987.9,27.8,74,0.4,162.0,,,0.0,,,,,,,,,,,,,,,,,,,,,,,,,,,,
2012-07-10 03:00:00,988.4,27.9,75,0.4,252.0,,,0.0,,,,,,,,,,,,,,,,,,,,,,,,,,,,
2012-07-10 04:00:00,988.5,27.6,75,0.2,0.0,,,0.0,,,,,,,,,,,,,,,,,,,,,,,,,,,,
2012-07-10 05:00:00,988.7,27.3,81,0.4,273.0,,,0.0,,,,,,,,,,,,,,,,,,,,,,,,,,,,
2012-07-10 06:00:00,989.1,27.3,79,0.3,37.0,,,0.0,,,,,,,,,,,,,,,,,,,,,,,,,,,,
2012-07-10 07:00:00,989.8,28.9,70,0.4,242.0,,,0.0,,,,,,,,,,,,,,,,,,,,,,,,,,,,
2012-07-10 08:00:00,990.1,30.0,67,0.4,246.0,,,0.0,,,,,,,,,,,,,,,,,,,,,,,,,,,,
2012-07-10 09:00:00,990.1,31.2,59,0.5,230.0,,,0.0,,,,,,,,,,,,,,,,,,,,,,,,,,,,
2012-07-10 10:00:00,989.9,32.4,53,0.7,254.0,,,0.0,,,,,,,,,,,,,,,,,,,,,,,,,,,,
2012-07-10 11:00:00,989.4,33.9,50,0.5,232.0,,,0.0,,,,,,,,,,,,,,,,,,,,,,,,,,,,
2012-07-10 12:00:00,989.1,33.0,56,0.5,251.0,,,0.0,,,,,,,,,,,,,,,,,,,,,,,,,,,,
2012-07-10 13:00:00,988.8,33.7,52,0.6,258.0,,,0.0,,,,,,,,,,,,,,,,,,,,,,,,,,,,
2012-07-10 14:00:00,988.2,34.2,49,0.5,253.0,,,0.0,,,,,,,,,,,,,,,,,,,,,,,,,,,,
2012-07-10 15:00:00,987.9,33.3,52,0.7,246.0,,,0.0,,,,,,,,,,,,,,,,,,,,,,,,,,,,
2012-07-10 16:00:00,987.3,33.6,52,0.6,247.0,,,0.0,,,,,,,,,,,,,,,,,,,,,,,,,,,,
2012-07-10 17:00:00,986.9,32.9,56,0.5,253.0,,,0.0,,,,,,,,,,,,,,,,,,,,,,,,,,,,
2012-07-10 18:00:00,986.8,31.4,61,0.5,244.0,,,0.0,,,,,,,,,,,,,,,,,,,,,,,,,,,,
2012-07-10 19:00:00,987.1,30.5,61,0.4,253.0,,,0.0,,,,,,,,,,,,,,,,,,,,,,,,,,,,
2012-07-10 20:00:00,987.1,30.2,58,0.3,343.0,,,0.0,,,,,,,,,,,,,,,,,,,,,,,,,,,,
2012-07-10 21:00:00,987.6,30.0,62,0.3,235.0,,,0.0,,,,,,,,,,,,,,,,,,,,,,,,,,,,
2012-07-10 22:00:00,987.8,29.3,69,0.3,268.0,,,0.0,,,,,,,,,,,,,,,,,,,,,,,,,,,,
2012-07-10 23:00:00,987.6,28.7,74,0.2,0.0,,,0.0,,,,,,,,,,,,,,,,,,,,,,,,,,,,
2012-07-11 00:00:00,987.6,28.1,75,0.3,343.0,,,0.0,,,,,,,,,,,,,,,,,,,,,,,,,,,,
2012-07-11 01:00:00,987.3,27.9,77,0.2,0.0,,,0.0,,,,,,,,,,,,,,,,,,,,,,,,,,,,
2012-07-11 02:00:00,986.9,27.6,77,0.2,0.0,,,0.0,,,,,,,,,,,,,,,,,,,,,,,,,,,,
2012-07-11 03:00:00,987.3,27.5,75,0.3,323.0,,,0.0,,,,,,,,,,,,,,,,,,,,,,,,,,,,
2012-07-11 04:00:00,987.4,27.2,76,0.3,26.0,,,0.0,,,,,,,,,,,,,,,,,,,,,,,,,,,,
2012-07-11 05:00:00,987.9,27.1,78,0.3,26.0,,,0.0,,,,,,,,,,,,,,,,,,,,,,,,,,,,
2012-07-11 06:00:00,988.2,27.2,79,0.3,315.0,,,0.0,,,,,,,,,,,,,,,,,,,,,,,,,,,,
2012-07-11 07:00:00,988.6,28.4,75,0.4,98.0,,,0.0,,,,,,,,,,,,,,,,,,,,,,,,,,,,
2012-07-11 08:00:00,988.8,29.2,69,0.5,239.0,,,0.0,,,,,,,,,,,,,,,,,,,,,,,,,,,,
2012-07-11 09:00:00,988.9,30.5,64,0.5,251.0,,,0.0,,,,,,,,,,,,,,,,,,,,,,,,,,,,
2012-07-11 10:00:00,989.3,31.5,60,0.4,332.0,,,0.0,,,,,,,,,,,,,,,,,,,,,,,,,,,,
2012-07-11 11:00:00,989.2,32.5,54,0.5,231.0,,,0.0,,,,,,,,,,,,,,,,,,,,,,,,,,,,
2012-07-11 12:00:00,988.9,33.0,55,0.6,257.0,,,0.0,,,,,,,,,,,,,,,,,,,,,,,,,,,,
2012-07-11 13:00:00,988.6,33.0,55,0.6,248.0,,,0.0,,,,,,,,,,,,,,,,,,,,,,,,,,,,
2012-07-11 14:00:00,988.3,34.0,52,0.7,241.0,,,0.0,,,,,,,,,,,,,,,,,,,,,,,,,,,,
2012-07-11 15:00:00,988.0,33.5,54,0.7,240.0,,,0.0,,,,,,,,,,,,,,,,,,,,,,,,,,,,
2012-07-11 16:00:00,987.6,33.1,53,0.5,245.0,,,0.0,,,,,,,,,,,,,,,,,,,,,,,,,,,,
2012-07-11 17:00:00,987.4,32.4,56,0.5,249.0,,,0.0,,,,,,,,,,,,,,,,,,,,,,,,,,,,
2012-07-11 18:00:00,987.5,31.6,60,0.4,248.0,,,0.0,,,,,,,,,,,,,,,,,,,,,,,,,,,,
2012-07-11 19:00:00,987.6,30.7,63,0.4,253.0,,,0.0,,,,,,,,,,,,,,,,,,,,,,,,,,,,
2012-07-11 20:00:00,988.0,29.9,69,0.4,255.0,,,0.0,,,,,,,,,,,,,,,,,,,,,,,,,,,,
2012-07-11 21:00:00,988.5,29.3,72,0.3,249.0,,,0.0,,,,,,,,,,,,,,,,,,,,,,,,,,,,
2012-07-11 22:00:00,988.7,28.7,74,0.3,236.0,,,0.0,,,,,,,,,,,,,,,,,,,,,,,,,,,,
2012-07-11 23:00:00,988.7,28.2,77,0.3,67.0,,,0.0,,,,,,,,,,,,,,,,,,,,,,,,,,,,
2012-07-12 00:00:00,988.3,27.7,81,0.3,319.0,,,0.0,,,,,,,,,,,,,,,,,,,,,,,,,,,,
2012-07-12 01:00:00,988.0,27.4,82,0.3,50.0,,,0.0,,,,,,,,,,,,,,,,,,,,,,,,,,,,
2012-07-12 02:00:00,987.7,27.4,80,0.3,249.0,,,0.0,,,,,,,,,,,,,,,,,,,,,,,,,,,,
2012-07-12 03:00:00,987.9,27.1,81,0.2,0.0,,,0.0,,,,,,,,,,,,,,,,,,,,,,,,,,,,
2012-07-12 04:00:00,988.3,26.7,81,0.2,0.0,,,0.0,,,,,,,,,,,,,,,,,,,,,,,,,,,,
2012-07-12 05:00:00,989.0,27.0,77,0.3,232.0,,,0.0,,,,,,,,,,,,,,,,,,,,,,,,,,,,
2012-07-12 06:00:00,989.4,27.2,77,0.2,0.0,,,0.0,,,,,,,,,,,,,,,,,,,,,,,,,,,,
2012-07-12 07:00:00,989.6,28.7,70,0.3,279.0,,,0.0,,,,,,,,,,,,,,,,,,,,,,,,,,,,
2012-07-12 08:00:00,989.8,30.2,62,0.4,212.0,,,0.0,,,,,,,,,,,,,,,,,,,,,,,,,,,,
2012-07-12 09:00:00,990.2,30.7,59,0.6,246.0,,,0.0,,,,,,,,,,,,,,,,,,,,,,,,,,,,
2012-07-12 10:00:00,990.1,31.9,52,0.5,251.0,,,0.0,,,,,,,,,,,,,,,,,,,,,,,,,,,,
2012-07-12 11:00:00,989.5,33.2,47,0.5,265.0,,,0.0,,,,,,,,,,,,,,,,,,,,,,,,,,,,
2012-07-12 12:00:00,989.1,32.7,52,0.7,254.0,,,0.0,,,,,,,,,,,,,,,,,,,,,,,,,,,,
2012-07-12 13:00:00,988.9,33.8,51,0.8,248.0,,,0.0,,,,,,,,,,,,,,,,,,,,,,,,,,,,
2012-07-12 14:00:00,988.5,34.5,46,0.6,248.0,,,0.0,,,,,,,,,,,,,,,,,,,,,,,,,,,,
2012-07-12 15:00:00,988.2,33.0,52,0.9,249.0,,,0.0,,,,,,,,,,,,,,,,,,,,,,,,,,,,
2012-07-12 16:00:00,988.0,32.8,53,0.6,239.0,,,0.0,,,,,,,,,,,,,,,,,,,,,,,,,,,,
2012-07-12 17:00:00,987.7,32.3,53,0.5,245.0,,,0.0,,,,,,,,,,,,,,,,,,,,,,,,,,,,
2012-07-12 18:00:00,987.7,30.9,59,0.6,246.0,,,0.0,,,,,,,,,,,,,,,,,,,,,,,,,,,,
2012-07-12 19:00:00,988.0,30.4,57,0.3,259.0,,,0.0,,,,,,,,,,,,,,,,,,,,,,,,,,,,
2012-07-12 20:00:00,987.9,29.7,64,0.3,274.0,,,0.0,,,,,,,,,,,,,,,,,,,,,,,,,,,,
2012-07-12 21:00:00,988.5,29.3,64,0.3,302.0,,,0.0,,,,,,,,,,,,,,,,,,,,,,,,,,,,
2012-07-12 22:00:00,989.1,28.6,70,0.3,92.0,,,0.0,,,,,,,,,,,,,,,,,,,,,,,,,,,,
2012-07-12 23:00:00,989.0,28.3,71,0.3,205.0,,,0.0,,,,,,,,,,,,,,,,,,,,,,,,,,,,
2012-07-13 00:00:00,988.6,28.0,70,0.3,110.0,,,0.0,,,,,,,,,,,,,,,,,,,,,,,,,,,,
2012-07-13 01:00:00,988.6,27.4,75,0.2,0.0,,,0.0,,,,,,,,,,,,,,,,,,,,,,,,,,,,
2012-07-13 02:00:00,988.6,27.0,76,0.2,0.0,,,0.0,,,,,,,,,,,,,,,,,,,,,,,,,,,,
2012-07-13 03:00:00,988.2,26.9,77,0.3,295.0,,,0.0,,,,,,,,,,,,,,,,,,,,,,,,,,,,
2012-07-13 04:00:00,988.0,27.0,72,0.3,90.0,,,0.0,,,,,,,,,,,,,,,,,,,,,,,,,,,,
2012-07-13 05:00:00,988.5,27.0,71,0.3,9.0,,,0.0,,,,,,,,,,,,,,,,,,,,,,,,,,,,
2012-07-13 06:00:00,988.5,27.0,71,0.2,0.0,,,0.0,,,,,,,,,,,,,,,,,,,,,,,,,,,,
2012-07-13 07:00:00,989.3,29.2,59,0.3,285.0,,,0.0,,,,,,,,,,,,,,,,,,,,,,,,,,,,
2012-07-13 08:00:00,989.8,30.3,59,0.4,256.0,,,0.0,,,,,,,,,,,,,,,,,,,,,,,,,,,,
2012-07-13 09:00:00,989.6,31.6,51,0.4,89.0,,,0.0,,,,,,,,,,,,,,,,,,,,,,,,,,,,
2012-07-13 10:00:00,989.6,32.7,50,0.7,255.0,,,0.0,,,,,,,,,,,,,,,,,,,,,,,,,,,,
2012-07-13 11:00:00,989.5,33.5,46,0.5,249.0,,,0.0,,,,,,,,,,,,,,,,,,,,,,,,,,,,
2012-07-13 12:00:00,989.0,33.4,49,0.6,249.0,,,0.0,,,,,,,,,,,,,,,,,,,,,,,,,,,,
2012-07-13 13:00:00,988.0,32.7,56,0.7,248.0,,,0.0,,,,,,,,,,,,,,,,,,,,,,,,,,,,
2012-07-13 14:00:00,987.5,33.6,54,0.5,249.0,,,0.0,,,,,,,,,,,,,,,,,,,,,,,,,,,,
2012-07-13 15:00:00,986.9,33.5,54,0.5,248.0,,,0.0,,,,,,,,,,,,,,,,,,,,,,,,,,,,
2012-07-13 16:00:00,986.5,32.4,57,0.6,243.0,,,0.0,,,,,,,,,,,,,,,,,,,,,,,,,,,,
2012-07-13 17:00:00,986.3,32.1,56,0.6,248.0,,,0.0,,,,,,,,,,,,,,,,,,,,,,,,,,,,
2012-07-13 18:00:00,986.5,31.3,60,0.5,246.0,,,0.0,,,,,,,,,,,,,,,,,,,,,,,,,,,,
2012-07-13 19:00:00,987.0,30.4,62,0.3,251.0,,,0.0,,,,,,,,,,,,,,,,,,,,,,,,,,,,
2012-07-13 20:00:00,987.7,29.7,67,0.3,262.0,,,0.0,,,,,,,,,,,,,,,,,,,,,,,,,,,,
2012-07-13 21:00:00,988.2,29.5,68,0.3,230.0,,,0.0,,,,,,,,,,,,,,,,,,,,,,,,,,,,
2012-07-13 22:00:00,988.8,29.1,69,0.4,262.0,,,0.0,,,,,,,,,,,,,,,,,,,,,,,,,,,,
2012-07-13 23:00:00,988.7,28.7,73,0.3,207.0,,,0.0,,,,,,,,,,,,,,,,,,,,,,,,,,,,
2012-07-14 00:00:00,988.4,28.2,73,0.3,125.0,,,0.0,,,,,,,,,,,,,,,,,,,,,,,,,,,,
2012-07-14 01:00:00,988.0,28.0,75,0.3,274.0,,,0.0,,,,,,,,,,,,,,,,,,,,,,,,,,,,
2012-07-14 02:00:00,987.6,27.7,76,0.3,309.0,,,0.0,,,,,,,,,,,,,,,,,,,,,,,,,,,,
2012-07-14 03:00:00,986.9,27.6,80,0.3,138.0,,,0.0,,,,,,,,,,,,,,,,,,,,,,,,,,,,
2012-07-14 04:00:00,986.6,27.5,77,0.3,35.0,,,0.0,,,,,,,,,,,,,,,,,,,,,,,,,,,,
2012-07-14 05:00:00,987.0,27.2,77,0.3,320.0,,,0.0,,,,,,,,,,,,,,,,,,,,,,,,,,,,
2012-07-14 06:00:00,987.4,27.0,78,0.3,16.0,,,0.0,,,,,,,,,,,,,,,,,,,,,,,,,,,,
2012-07-14 07:00:00,987.7,29.0,70,0.4,259.0,,,0.0,,,,,,,,,,,,,,,,,,,,,,,,,,,,
2012-07-14 08:00:00,988.1,29.5,69,0.4,122.0,,,0.0,,,,,,,,,,,,,,,,,,,,,,,,,,,,
2012-07-14 09:00:00,988.2,31.1,62,0.5,254.0,,,0.0,,,,,,,,,,,,,,,,,,,,,,,,,,,,
2012-07-14 10:00:00,988.3,31.4,59,0.5,252.0,,,0.0,,,,,,,,,,,,,,,,,,,,,,,,,,,,
2012-07-14 11:00:00,987.9,31.6,57,0.4,256.0,,,0.0,,,,,,,,,,,,,,,,,,,,,,,,,,,,
2012-07-14 12:00:00,987.6,31.1,58,0.4,269.0,,,0.0,,,,,,,,,,,,,,,,,,,,,,,,,,,,
2012-07-14 13:00:00,987.2,32.3,57,0.4,289.0,,,0.0,,,,,,,,,,,,,,,,,,,,,,,,,,,,
2012-07-14 14:00:00,986.8,32.3,54,0.5,251.0,,,0.0,,,,,,,,,,,,,,,,,,,,,,,,,,,,
2012-07-14 15:00:00,986.3,33.1,47,0.5,269.0,,,0.0,,,,,,,,,,,,,,,,,,,,,,,,,,,,
2012-07-14 16:00:00,986.1,32.1,55,0.5,247.0,,,0.0,,,,,,,,,,,,,,,,,,,,,,,,,,,,
2012-07-14 17:00:00,985.7,31.8,58,0.5,253.0,,,0.0,,,,,,,,,,,,,,,,,,,,,,,,,,,,
2012-07-14 18:00:00,986.0,32.0,57,0.4,263.0,,,0.0,,,,,,,,,,,,,,,,,,,,,,,,,,,,
2012-07-14 19:00:00,986.4,30.6,61,0.3,200.0,,,0.0,,,,,,,,,,,,,,,,,,,,,,,,,,,,
2012-07-14 20:00:00,987.1,29.8,66,0.4,251.0,,,0.0,,,,,,,,,,,,,,,,,,,,,,,,,,,,
2012-07-14 21:00:00,987.7,29.4,64,0.3,255.0,,,0.0,,,,,,,,,,,,,,,,,,,,,,,,,,,,
2012-07-14 22:00:00,988.4,28.7,72,0.2,0.0,,,0.0,,,,,,,,,,,,,,,,,,,,,,,,,,,,
2012-07-14 23:00:00,988.7,28.7,74,0.3,327.0,,,0.0,,,,,,,,,,,,,,,,,,,,,,,,,,,,
2012-07-15 00:00:00,988.9,28.4,76,0.4,243.0,,,0.0,,,,,,,,,,,,,,,,,,,,,,,,,,,,
2012-07-15 01:00:00,988.6,28.3,77,0.3,334.0,,,0.0,,,,,,,,,,,,,,,,,,,,,,,,,,,,
2012-07-15 02:00:00,987.9,27.7,79,0.3,357.0,,,0.0,,,,,,,,,,,,,,,,,,,,,,,,,,,,
2012-07-15 03:00:00,987.6,27.7,77,0.3,31.0,,,0.0,,,,,,,,,,,,,,,,,,,,,,,,,,,,
2012-07-15 04:00:00,987.5,28.1,72,0.3,332.0,,,0.0,,,,,,,,,,,,,,,,,,,,,,,,,,,,
2012-07-15 05:00:00,987.8,28.3,71,0.3,245.0,,,0.0,,,,,,,,,,,,,,,,,,,,,,,,,,,,
2012-07-15 06:00:00,988.1,28.1,72,0.2,0.0,,,0.0,,,,,,,,,,,,,,,,,,,,,,,,,,,,
2012-07-15 07:00:00,988.6,29.8,65,0.3,336.0,,,0.0,,,,,,,,,,,,,,,,,,,,,,,,,,,,
2012-07-15 08:00:00,989.0,31.3,59,0.4,229.0,,,0.0,,,,,,,,,,,,,,,,,,,,,,,,,,,,
2012-07-15 09:00:00,988.9,32.2,57,0.5,256.0,,,0.0,,,,,,,,,,,,,,,,,,,,,,,,,,,,
2012-07-15 10:00:00,989.2,32.1,55,0.5,128.0,,,0.0,,,,,,,,,,,,,,,,,,,,,,,,,,,,
2012-07-15 11:00:00,989.1,33.4,52,0.6,235.0,,,0.0,,,,,,,,,,,,,,,,,,,,,,,,,,,,
2012-07-15 12:00:00,988.5,34.2,51,0.5,270.0,,,0.0,,,,,,,,,,,,,,,,,,,,,,,,,,,,
2012-07-15 13:00:00,988.0,34.2,52,0.5,265.0,,,0.0,,,,,,,,,,,,,,,,,,,,,,,,,,,,
2012-07-15 14:00:00,987.6,33.8,46,0.6,259.0,,,0.0,,,,,,,,,,,,,,,,,,,,,,,,,,,,
2012-07-15 15:00:00,987.1,32.8,52,0.4,202.0,,,0.0,,,,,,,,,,,,,,,,,,,,,,,,,,,,
2012-07-15 16:00:00,987.3,26.6,93,0.3,254.0,,,6.0,,,,,,,,,,,,,,,,,,,,,,,,,,,,
2012-07-15 17:00:00,987.6,30.2,72,0.4,262.0,,,0.0,,,,,,,,,,,,,,,,,,,,,,,,,,,,
2012-07-15 18:00:00,987.7,30.5,66,0.3,12.0,,,0.0,,,,,,,,,,,,,,,,,,,,,,,,,,,,
2012-07-15 19:00:00,987.9,29.8,66,0.3,174.0,,,0.0,,,,,,,,,,,,,,,,,,,,,,,,,,,,
2012-07-15 20:00:00,988.5,29.7,65,0.3,255.0,,,0.0,,,,,,,,,,,,,,,,,,,,,,,,,,,,
2012-07-15 21:00:00,988.9,29.4,70,0.2,0.0,,,0.0,,,,,,,,,,,,,,,,,,,,,,,,,,,,
2012-07-15 22:00:00,989.2,28.8,72,0.3,95.0,,,0.0,,,,,,,,,,,,,,,,,,,,,,,,,,,,
2012-07-15 23:00:00,989.5,28.3,74,0.2,0.0,,,0.0,,,,,,,,,,,,,,,,,,,,,,,,,,,,
2012-07-16 00:00:00,989.1,27.8,75,0.2,0.0,,,0.0,,,,,,,,,,,,,,,,,,,,,,,,,,,,
2012-07-16 01:00:00,988.9,27.4,77,0.2,0.0,,,0.0,,,,,,,,,,,,,,,,,,,,,,,,,,,,
2012-07-16 02:00:00,988.6,27.4,78,0.2,0.0,,,0.0,,,,,,,,,,,,,,,,,,,,,,,,,,,,
2012-07-16 03:00:00,988.6,27.3,79,0.2,0.0,,,0.0,,,,,,,,,,,,,,,,,,,,,,,,,,,,
2012-07-16 04:00:00,988.6,27.2,79,0.2,0.0,,,0.0,,,,,,,,,,,,,,,,,,,,,,,,,,,,
2012-07-16 05:00:00,988.6,27.3,78,0.1,0.0,,,0.0,,,,,,,,,,,,,,,,,,,,,,,,,,,,
2012-07-16 06:00:00,989.0,27.8,73,0.2,0.0,,,0.0,,,,,,,,,,,,,,,,,,,,,,,,,,,,
2012-07-16 07:00:00,989.6,28.2,72,0.1,0.0,,,0.0,,,,,,,,,,,,,,,,,,,,,,,,,,,,
2012-07-16 08:00:00,989.8,29.9,66,0.3,146.0,,,0.0,,,,,,,,,,,,,,,,,,,,,,,,,,,,
2012-07-16 09:00:00,989.9,30.5,63,0.4,253.0,,,0.0,,,,,,,,,,,,,,,,,,,,,,,,,,,,
2012-07-16 10:00:00,989.6,31.5,59,0.5,263.0,,,0.0,,,,,,,,,,,,,,,,,,,,,,,,,,,,
2012-07-16 11:00:00,989.8,31.4,58,0.6,256.0,,,0.0,,,,,,,,,,,,,,,,,,,,,,,,,,,,
2012-07-16 12:00:00,989.1,32.8,55,0.5,254.0,,,0.0,,,,,,,,,,,,,,,,,,,,,,,,,,,,
2012-07-16 13:00:00,988.8,31.1,69,0.4,284.0,,,0.0,,,,,,,,,,,,,,,,,,,,,,,,,,,,
2012-07-16 14:00:00,988.3,31.6,64,0.5,274.0,,,0.0,,,,,,,,,,,,,,,,,,,,,,,,,,,,
2012-07-16 15:00:00,987.9,32.9,57,0.5,248.0,,,0.0,,,,,,,,,,,,,,,,,,,,,,,,,,,,
2012-07-16 16:00:00,988.5,27.5,81,0.4,83.0,,,0.0,,,,,,,,,,,,,,,,,,,,,,,,,,,,
2012-07-16 17:00:00,988.9,28.0,78,0.3,112.0,,,0.0,,,,,,,,,,,,,,,,,,,,,,,,,,,,
2012-07-16 18:00:00,990.2,27.7,82,0.3,86.0,,,1.5,,,,,,,,,,,,,,,,,,,,,,,,,,,,
2012-07-16 19:00:00,990.0,26.6,90,0.4,98.0,,,10.0,,,,,,,,,,,,,,,,,,,,,,,,,,,,
2012-07-16 20:00:00,989.6,26.6,89,0.0,0.0,,,0.0,,,,,,,,,,,,,,,,,,,,,,,,,,,,
2012-07-16 21:00:00,990.4,26.6,86,0.2,0.0,,,0.0,,,,,,,,,,,,,,,,,,,,,,,,,,,,
2012-07-16 22:00:00,990.2,26.8,85,0.2,0.0,,,0.0,,,,,,,,,,,,,,,,,,,,,,,,,,,,
2012-07-16 23:00:00,990.4,26.2,89,0.0,0.0,,,0.0,,,,,,,,,,,,,,,,,,,,,,,,,,,,
2012-07-17 00:00:00,989.7,26.1,86,0.1,0.0,,,0.0,,,,,,,,,,,,,,,,,,,,,,,,,,,,
2012-07-17 01:00:00,988.9,26.2,82,0.1,0.0,,,0.0,,,,,,,,,,,,,,,,,,,,,,,,,,,,
2012-07-17 02:00:00,988.5,26.1,80,0.3,70.0,,,0.0,,,,,,,,,,,,,,,,,,,,,,,,,,,,
2012-07-17 03:00:00,987.9,26.2,79,0.4,257.0,,,0.0,,,,,,,,,,,,,,,,,,,,,,,,,,,,
2012-07-17 04:00:00,988.0,25.8,81,0.2,0.0,,,0.0,,,,,,,,,,,,,,,,,,,,,,,,,,,,
2012-07-17 05:00:00,988.2,25.5,78,0.1,0.0,,,0.0,,,,,,,,,,,,,,,,,,,,,,,,,,,,
2012-07-17 06:00:00,988.9,26.1,75,0.2,0.0,,,0.0,,,,,,,,,,,,,,,,,,,,,,,,,,,,
2012-07-17 07:00:00,989.6,28.3,66,0.3,245.0,,,0.0,,,,,,,,,,,,,,,,,,,,,,,,,,,,
2012-07-17 08:00:00,990.2,30.4,61,0.3,270.0,,,0.0,,,,,,,,,,,,,,,,,,,,,,,,,,,,
2012-07-17 09:00:00,990.1,31.7,60,0.4,251.0,,,0.0,,,,,,,,,,,,,,,,,,,,,,,,,,,,
2012-07-17 10:00:00,989.5,32.0,60,0.5,220.0,,,0.0,,,,,,,,,,,,,,,,,,,,,,,,,,,,
2012-07-17 11:00:00,989.6,32.2,56,0.5,266.0,,,0.0,,,,,,,,,,,,,,,,,,,,,,,,,,,,
2012-07-17 12:00:00,989.5,30.9,63,0.8,245.0,,,0.0,,,,,,,,,,,,,,,,,,,,,,,,,,,,
2012-07-17 13:00:00,989.1,31.4,64,0.5,246.0,,,0.0,,,,,,,,,,,,,,,,,,,,,,,,,,,,
2012-07-17 14:00:00,988.3,32.7,57,0.5,294.0,,,0.0,,,,,,,,,,,,,,,,,,,,,,,,,,,,
2012-07-17 15:00:00,987.6,33.0,56,0.6,249.0,,,0.0,,,,,,,,,,,,,,,,,,,,,,,,,,,,
2012-07-17 16:00:00,987.6,33.4,52,0.5,250.0,,,0.0,,,,,,,,,,,,,,,,,,,,,,,,,,,,
2012-07-17 17:00:00,987.9,32.0,58,0.4,252.0,,,0.0,,,,,,,,,,,,,,,,,,,,,,,,,,,,
2012-07-17 18:00:00,988.2,30.9,65,0.4,257.0,,,0.0,,,,,,,,,,,,,,,,,,,,,,,,,,,,
2012-07-17 19:00:00,988.9,29.1,73,0.3,253.0,,,0.0,,,,,,,,,,,,,,,,,,,,,,,,,,,,
2012-07-17 20:00:00,989.1,27.8,78,0.2,0.0,,,0.0,,,,,,,,,,,,,,,,,,,,,,,,,,,,
2012-07-17 21:00:00,989.2,28.3,73,0.1,0.0,,,0.0,,,,,,,,,,,,,,,,,,,,,,,,,,,,
2012-07-17 22:00:00,989.5,28.3,74,0.2,0.0,,,0.0,,,,,,,,,,,,,,,,,,,,,,,,,,,,
2012-07-17 23:00:00,988.8,27.9,77,0.2,0.0,,,0.0,,,,,,,,,,,,,,,,,,,,,,,,,,,,
2012-07-18 00:00:00,988.0,27.4,80,0.2,0.0,,,0.0,,,,,,,,,,,,,,,,,,,,,,,,,,,,
2012-07-18 01:00:00,987.9,27.3,82,0.2,0.0,,,0.0,,,,,,,,,,,,,,,,,,,,,,,,,,,,
2012-07-18 02:00:00,987.9,27.1,82,0.3,255.0,,,0.0,,,,,,,,,,,,,,,,,,,,,,,,,,,,
2012-07-18 03:00:00,988.3,26.6,83,0.1,0.0,,,0.0,,,,,,,,,,,,,,,,,,,,,,,,,,,,
2012-07-18 04:00:00,988.9,26.9,80,0.1,0.0,,,0.0,,,,,,,,,,,,,,,,,,,,,,,,,,,,
2012-07-18 05:00:00,989.1,27.1,79,0.2,0.0,,,0.0,,,,,,,,,,,,,,,,,,,,,,,,,,,,
2012-07-18 06:00:00,989.0,27.4,77,0.2,0.0,,,0.0,,,,,,,,,,,,,,,,,,,,,,,,,,,,
2012-07-18 07:00:00,989.1,29.0,67,0.3,228.0,,,0.0,,,,,,,,,,,,,,,,,,,,,,,,,,,,
2012-07-18 08:00:00,989.5,29.7,64,0.3,254.0,,,0.0,,,,,,,,,,,,,,,,,,,,,,,,,,,,
2012-07-18 09:00:00,989.6,30.8,62,0.4,259.0,,,0.0,,,,,,,,,,,,,,,,,,,,,,,,,,,,
2012-07-18 10:00:00,990.0,31.7,64,0.4,251.0,,,0.0,,,,,,,,,,,,,,,,,,,,,,,,,,,,
2012-07-18 11:00:00,989.6,32.4,56,0.5,222.0,,,0.0,,,,,,,,,,,,,,,,,,,,,,,,,,,,
2012-07-18 12:00:00,989.3,27.6,78,0.2,0.0,,,1.0,,,,,,,,,,,,,,,,,,,,,,,,,,,,
2012-07-18 13:00:00,988.9,30.8,69,0.3,255.0,,,0.0,,,,,,,,,,,,,,,,,,,,,,,,,,,,
2012-07-18 14:00:00,988.9,28.2,84,0.4,262.0,,,1.0,,,,,,,,,,,,,,,,,,,,,,,,,,,,
2012-07-18 15:00:00,988.2,29.4,78,0.2,0.0,,,1.5,,,,,,,,,,,,,,,,,,,,,,,,,,,,
2012-07-18 16:00:00,987.4,29.9,75,0.3,131.0,,,0.0,,,,,,,,,,,,,,,,,,,,,,,,,,,,
2012-07-18 17:00:00,987.1,30.2,71,0.4,76.0,,,0.0,,,,,,,,,,,,,,,,,,,,,,,,,,,,
2012-07-18 18:00:00,987.1,30.2,67,0.3,193.0,,,0.0,,,,,,,,,,,,,,,,,,,,,,,,,,,,
2012-07-18 19:00:00,987.7,29.2,76,0.3,254.0,,,0.0,,,,,,,,,,,,,,,,,,,,,,,,,,,,
2012-07-18 20:00:00,988.4,29.1,77,0.1,0.0,,,0.0,,,,,,,,,,,,,,,,,,,,,,,,,,,,
2012-07-18 21:00:00,988.9,28.7,80,0.1,0.0,,,0.0,,,,,,,,,,,,,,,,,,,,,,,,,,,,
2012-07-18 22:00:00,989.1,28.3,83,0.3,67.0,,,0.0,,,,,,,,,,,,,,,,,,,,,,,,,,,,
2012-07-18 23:00:00,989.3,28.5,82,0.1,0.0,,,0.0,,,,,,,,,,,,,,,,,,,,,,,,,,,,
2012-07-19 00:00:00,989.2,28.1,81,0.1,0.0,,,0.0,,,,,,,,,,,,,,,,,,,,,,,,,,,,
2012-07-19 01:00:00,989.5,27.8,83,0.1,0.0,,,0.0,,,,,,,,,,,,,,,,,,,,,,,,,,,,
2012-07-19 02:00:00,989.2,28.0,81,0.2,0.0,,,0.0,,,,,,,,,,,,,,,,,,,,,,,,,,,,
2012-07-19 03:00:00,988.9,27.5,83,0.2,0.0,,,0.0,,,,,,,,,,,,,,,,,,,,,,,,,,,,
2012-07-19 04:00:00,988.9,27.0,86,0.1,0.0,,,0.0,,,,,,,,,,,,,,,,,,,,,,,,,,,,
2012-07-19 05:00:00,989.1,26.8,87,0.3,74.0,,,0.0,,,,,,,,,,,,,,,,,,,,,,,,,,,,
2012-07-19 06:00:00,989.5,27.1,84,0.2,0.0,,,0.0,,,,,,,,,,,,,,,,,,,,,,,,,,,,
2012-07-19 07:00:00,989.6,29.5,70,0.3,203.0,,,0.0,,,,,,,,,,,,,,,,,,,,,,,,,,,,
2012-07-19 08:00:00,989.8,30.9,60,0.3,161.0,,,0.0,,,,,,,,,,,,,,,,,,,,,,,,,,,,
2012-07-19 09:00:00,989.6,31.6,59,0.4,310.0,,,0.0,,,,,,,,,,,,,,,,,,,,,,,,,,,,
2012-07-19 10:00:00,989.6,32.7,54,0.5,311.0,,,0.0,,,,,,,,,,,,,,,,,,,,,,,,,,,,
2012-07-19 11:00:00,989.2,34.0,50,0.5,290.0,,,0.0,,,,,,,,,,,,,,,,,,,,,,,,,,,,
2012-07-19 12:00:00,988.8,33.3,58,0.6,309.0,,,0.0,,,,,,,,,,,,,,,,,,,,,,,,,,,,
2012-07-19 13:00:00,988.4,32.1,61,0.5,313.0,,,0.0,,,,,,,,,,,,,,,,,,,,,,,,,,,,
2012-07-19 14:00:00,987.9,32.2,61,0.6,342.0,,,0.0,,,,,,,,,,,,,,,,,,,,,,,,,,,,
2012-07-19 15:00:00,987.4,31.9,63,0.5,327.0,,,0.0,,,,,,,,,,,,,,,,,,,,,,,,,,,,
2012-07-19 16:00:00,986.4,31.0,64,0.5,8.0,,,0.0,,,,,,,,,,,,,,,,,,,,,,,,,,,,
2012-07-19 17:00:00,986.9,30.8,68,0.5,318.0,,,0.0,,,,,,,,,,,,,,,,,,,,,,,,,,,,
2012-07-19 18:00:00,987.3,30.2,71,0.4,2.0,,,0.0,,,,,,,,,,,,,,,,,,,,,,,,,,,,
2012-07-19 19:00:00,987.6,29.7,73,0.3,321.0,,,0.0,,,,,,,,,,,,,,,,,,,,,,,,,,,,
2012-07-19 20:00:00,987.7,28.9,81,0.3,337.0,,,0.0,,,,,,,,,,,,,,,,,,,,,,,,,,,,
2012-07-19 21:00:00,988.3,28.8,80,0.3,7.0,,,0.0,,,,,,,,,,,,,,,,,,,,,,,,,,,,
2012-07-19 22:00:00,988.8,28.6,80,0.3,68.0,,,0.0,,,,,,,,,,,,,,,,,,,,,,,,,,,,
2012-07-19 23:00:00,988.8,28.3,84,0.3,5.0,,,0.0,,,,,,,,,,,,,,,,,,,,,,,,,,,,
2012-07-20 00:00:00,988.5,28.3,83,0.2,0.0,,,0.0,,,,,,,,,,,,,,,,,,,,,,,,,,,,
2012-07-20 01:00:00,988.0,28.1,82,0.3,71.0,,,0.0,,,,,,,,,,,,,,,,,,,,,,,,,,,,
2012-07-20 02:00:00,987.5,27.9,84,0.3,97.0,,,0.0,,,,,,,,,,,,,,,,,,,,,,,,,,,,
2012-07-20 03:00:00,986.9,27.5,87,0.3,23.0,,,0.0,,,,,,,,,,,,,,,,,,,,,,,,,,,,
2012-07-20 04:00:00,986.8,27.2,87,0.2,0.0,,,0.0,,,,,,,,,,,,,,,,,,,,,,,,,,,,
2012-07-20 05:00:00,986.3,26.7,88,0.3,45.0,,,0.0,,,,,,,,,,,,,,,,,,,,,,,,,,,,
2012-07-20 06:00:00,986.3,27.4,84,0.3,70.0,,,0.0,,,,,,,,,,,,,,,,,,,,,,,,,,,,
2012-07-20 07:00:00,986.6,29.1,73,0.4,70.0,,,0.0,,,,,,,,,,,,,,,,,,,,,,,,,,,,
2012-07-20 08:00:00,986.7,30.6,67,0.4,62.0,,,0.0,,,,,,,,,,,,,,,,,,,,,,,,,,,,
2012-07-20 09:00:00,987.3,30.2,70,0.4,249.0,,,0.0,,,,,,,,,,,,,,,,,,,,,,,,,,,,
2012-07-20 10:00:00,987.4,30.9,68,0.4,179.0,,,0.0,,,,,,,,,,,,,,,,,,,,,,,,,,,,
2012-07-20 11:00:00,986.6,31.8,64,0.3,297.0,,,0.0,,,,,,,,,,,,,,,,,,,,,,,,,,,,
2012-07-20 12:00:00,985.8,32.6,65,0.5,247.0,,,0.0,,,,,,,,,,,,,,,,,,,,,,,,,,,,
2012-07-20 13:00:00,985.2,32.6,65,0.5,321.0,,,0.0,,,,,,,,,,,,,,,,,,,,,,,,,,,,
2012-07-20 14:00:00,984.8,31.8,65,0.3,279.0,,,0.0,,,,,,,,,,,,,,,,,,,,,,,,,,,,
2012-07-20 15:00:00,984.1,33.0,62,0.5,250.0,,,0.0,,,,,,,,,,,,,,,,,,,,,,,,,,,,
2012-07-20 16:00:00,983.3,33.0,62,0.5,245.0,,,0.0,,,,,,,,,,,,,,,,,,,,,,,,,,,,
2012-07-20 17:00:00,983.1,32.6,63,0.4,268.0,,,0.0,,,,,,,,,,,,,,,,,,,,,,,,,,,,
2012-07-20 18:00:00,983.0,32.2,64,0.3,242.0,,,0.0,,,,,,,,,,,,,,,,,,,,,,,,,,,,
2012-07-20 19:00:00,983.6,31.0,71,0.3,248.0,,,0.0,,,,,,,,,,,,,,,,,,,,,,,,,,,,
2012-07-20 20:00:00,984.4,30.4,75,0.3,250.0,,,0.0,,,,,,,,,,,,,,,,,,,,,,,,,,,,
2012-07-20 21:00:00,985.4,30.2,73,0.2,0.0,,,0.0,,,,,,,,,,,,,,,,,,,,,,,,,,,,
2012-07-20 22:00:00,985.8,30.2,73,0.2,0.0,,,0.0,,,,,,,,,,,,,,,,,,,,,,,,,,,,
2012-07-20 23:00:00,985.7,29.3,80,0.2,0.0,,,0.0,,,,,,,,,,,,,,,,,,,,,,,,,,,,
2012-07-21 00:00:00,984.9,29.1,79,0.2,0.0,,,0.0,,,,,,,,,,,,,,,,,,,,,,,,,,,,
2012-07-21 01:00:00,984.2,28.9,78,0.3,79.0,,,0.0,,,,,,,,,,,,,,,,,,,,,,,,,,,,
2012-07-21 02:00:00,983.5,29.0,75,0.3,67.0,,,0.0,,,,,,,,,,,,,,,,,,,,,,,,,,,,
2012-07-21 03:00:00,983.2,29.1,73,0.1,0.0,,,0.0,,,,,,,,,,,,,,,,,,,,,,,,,,,,
2012-07-21 04:00:00,983.2,28.6,77,0.2,0.0,,,0.0,,,,,,,,,,,,,,,,,,,,,,,,,,,,
2012-07-21 05:00:00,983.3,28.7,76,0.2,0.0,,,0.0,,,,,,,,,,,,,,,,,,,,,,,,,,,,
2012-07-21 06:00:00,983.9,28.6,77,0.3,58.0,,,0.0,,,,,,,,,,,,,,,,,,,,,,,,,,,,
2012-07-21 07:00:00,984.2,29.5,73,0.1,0.0,,,0.0,,,,,,,,,,,,,,,,,,,,,,,,,,,,
2012-07-21 08:00:00,984.7,30.3,67,0.3,242.0,,,0.0,,,,,,,,,,,,,,,,,,,,,,,,,,,,
2012-07-21 09:00:00,984.9,30.1,73,0.2,0.0,,,0.0,,,,,,,,,,,,,,,,,,,,,,,,,,,,
2012-07-21 10:00:00,984.4,31.6,68,0.3,15.0,,,0.0,,,,,,,,,,,,,,,,,,,,,,,,,,,,
2012-07-21 11:00:00,984.1,32.2,69,0.5,302.0,,,0.0,,,,,,,,,,,,,,,,,,,,,,,,,,,,
2012-07-21 12:00:00,983.2,33.6,60,0.6,340.0,,,0.0,,,,,,,,,,,,,,,,,,,,,,,,,,,,
2012-07-21 13:00:00,983.2,33.2,66,0.7,255.0,,,0.0,,,,,,,,,,,,,,,,,,,,,,,,,,,,
2012-07-21 14:00:00,982.7,33.8,64,0.4,282.0,,,0.0,,,,,,,,,,,,,,,,,,,,,,,,,,,,
2012-07-21 15:00:00,982.2,34.2,61,0.4,243.0,,,0.0,,,,,,,,,,,,,,,,,,,,,,,,,,,,
2012-07-21 16:00:00,981.7,32.7,67,0.6,297.0,,,0.0,,,,,,,,,,,,,,,,,,,,,,,,,,,,
2012-07-21 17:00:00,983.1,28.1,97,0.2,0.0,,,14.5,,,,,,,,,,,,,,,,,,,,,,,,,,,,
2012-07-21 18:00:00,984.5,24.2,97,0.3,234.0,,,14.0,,,,,,,,,,,,,,,,,,,,,,,,,,,,
2012-07-21 19:00:00,984.8,24.1,99,0.2,0.0,,,31.0,,,,,,,,,,,,,,,,,,,,,,,,,,,,
2012-07-21 20:00:00,984.4,25.2,93,0.2,0.0,,,0.5,,,,,,,,,,,,,,,,,,,,,,,,,,,,
2012-07-21 21:00:00,984.2,25.6,94,0.1,0.0,,,0.0,,,,,,,,,,,,,,,,,,,,,,,,,,,,
2012-07-21 22:00:00,984.8,25.8,93,0.1,0.0,,,0.0,,,,,,,,,,,,,,,,,,,,,,,,,,,,
2012-07-21 23:00:00,984.9,25.9,93,0.2,0.0,,,0.0,,,,,,,,,,,,,,,,,,,,,,,,,,,,
2012-07-22 00:00:00,984.2,26.0,90,0.3,77.0,,,0.0,,,,,,,,,,,,,,,,,,,,,,,,,,,,
2012-07-22 01:00:00,984.2,25.9,94,0.0,0.0,,,0.0,,,,,,,,,,,,,,,,,,,,,,,,,,,,
2012-07-22 02:00:00,983.9,26.3,89,0.3,58.0,,,0.0,,,,,,,,,,,,,,,,,,,,,,,,,,,,
2012-07-22 03:00:00,983.3,26.3,90,0.2,0.0,,,0.0,,,,,,,,,,,,,,,,,,,,,,,,,,,,
2012-07-22 04:00:00,983.2,26.7,85,0.3,39.0,,,0.0,,,,,,,,,,,,,,,,,,,,,,,,,,,,
2012-07-22 05:00:00,983.2,26.6,86,0.2,0.0,,,0.0,,,,,,,,,,,,,,,,,,,,,,,,,,,,
2012-07-22 06:00:00,983.5,26.7,85,0.3,30.0,,,0.0,,,,,,,,,,,,,,,,,,,,,,,,,,,,
2012-07-22 07:00:00,983.5,26.8,86,0.1,0.0,,,0.0,,,,,,,,,,,,,,,,,,,,,,,,,,,,
2012-07-22 08:00:00,983.5,26.9,86,0.2,0.0,,,0.0,,,,,,,,,,,,,,,,,,,,,,,,,,,,
2012-07-22 09:00:00,983.0,26.8,88,0.3,42.0,,,0.5,,,,,,,,,,,,,,,,,,,,,,,,,,,,
2012-07-22 10:00:00,983.9,28.5,82,0.4,345.0,,,0.0,,,,,,,,,,,,,,,,,,,,,,,,,,,,
2012-07-22 11:00:00,983.6,28.9,79,0.4,359.0,,,0.0,,,,,,,,,,,,,,,,,,,,,,,,,,,,
2012-07-22 12:00:00,983.2,28.3,86,0.3,336.0,,,0.0,,,,,,,,,,,,,,,,,,,,,,,,,,,,
2012-07-22 13:00:00,983.2,27.8,87,0.4,342.0,,,1.0,,,,,,,,,,,,,,,,,,,,,,,,,,,,
2012-07-22 14:00:00,982.7,28.7,82,0.4,34.0,,,0.0,,,,,,,,,,,,,,,,,,,,,,,,,,,,
2012-07-22 15:00:00,982.1,29.8,70,0.4,353.0,,,0.0,,,,,,,,,,,,,,,,,,,,,,,,,,,,
2012-07-22 16:00:00,981.9,29.9,71,0.5,41.0,,,0.0,,,,,,,,,,,,,,,,,,,,,,,,,,,,
2012-07-22 17:00:00,981.7,30.3,65,0.5,3.0,,,0.0,,,,,,,,,,,,,,,,,,,,,,,,,,,,
2012-07-22 18:00:00,982.2,29.5,69,0.4,39.0,,,0.0,,,,,,,,,,,,,,,,,,,,,,,,,,,,
2012-07-22 19:00:00,983.1,29.1,70,0.2,0.0,,,0.0,,,,,,,,,,,,,,,,,,,,,,,,,,,,
2012-07-22 20:00:00,983.5,27.6,79,0.3,131.0,,,0.0,,,,,,,,,,,,,,,,,,,,,,,,,,,,
2012-07-22 21:00:00,984.2,27.1,82,0.2,0.0,,,0.0,,,,,,,,,,,,,,,,,,,,,,,,,,,,
2012-07-22 22:00:00,984.5,26.7,84,0.2,0.0,,,0.0,,,,,,,,,,,,,,,,,,,,,,,,,,,,
2012-07-22 23:00:00,984.3,26.4,88,0.3,271.0,,,0.0,,,,,,,,,,,,,,,,,,,,,,,,,,,,
2012-07-23 00:00:00,984.1,26.4,88,0.3,249.0,,,0.0,,,,,,,,,,,,,,,,,,,,,,,,,,,,
2012-07-23 01:00:00,983.8,26.2,89,0.3,76.0,,,0.0,,,,,,,,,,,,,,,,,,,,,,,,,,,,
2012-07-23 02:00:00,983.0,26.1,91,0.3,102.0,,,0.0,,,,,,,,,,,,,,,,,,,,,,,,,,,,
2012-07-23 03:00:00,982.9,26.4,89,0.3,44.0,,,0.0,,,,,,,,,,,,,,,,,,,,,,,,,,,,
2012-07-23 04:00:00,983.5,26.6,88,0.1,0.0,,,0.0,,,,,,,,,,,,,,,,,,,,,,,,,,,,
2012-07-23 05:00:00,983.3,26.0,92,0.1,0.0,,,0.0,,,,,,,,,,,,,,,,,,,,,,,,,,,,
2012-07-23 06:00:00,982.9,26.1,91,0.2,0.0,,,0.0,,,,,,,,,,,,,,,,,,,,,,,,,,,,
2012-07-23 07:00:00,983.8,27.1,86,0.2,0.0,,,0.0,,,,,,,,,,,,,,,,,,,,,,,,,,,,
2012-07-23 08:00:00,984.1,27.9,80,0.4,53.0,,,0.0,,,,,,,,,,,,,,,,,,,,,,,,,,,,
2012-07-23 09:00:00,983.8,29.8,72,0.4,30.0,,,0.0,,,,,,,,,,,,,,,,,,,,,,,,,,,,
2012-07-23 10:00:00,983.6,31.0,62,0.6,42.0,,,0.0,,,,,,,,,,,,,,,,,,,,,,,,,,,,
2012-07-23 11:00:00,983.8,32.3,59,0.6,33.0,,,0.0,,,,,,,,,,,,,,,,,,,,,,,,,,,,
2012-07-23 12:00:00,982.9,33.2,55,0.7,4.0,,,0.0,,,,,,,,,,,,,,,,,,,,,,,,,,,,
2012-07-23 13:00:00,982.6,33.2,53,0.7,314.0,,,0.0,,,,,,,,,,,,,,,,,,,,,,,,,,,,
2012-07-23 14:00:00,982.8,32.9,63,0.7,313.0,,,0.0,,,,,,,,,,,,,,,,,,,,,,,,,,,,
2012-07-23 15:00:00,982.6,32.3,66,0.6,310.0,,,0.0,,,,,,,,,,,,,,,,,,,,,,,,,,,,
2012-07-23 16:00:00,982.5,31.7,67,0.5,307.0,,,0.0,,,,,,,,,,,,,,,,,,,,,,,,,,,,
2012-07-23 17:00:00,983.0,31.1,64,0.5,323.0,,,0.0,,,,,,,,,,,,,,,,,,,,,,,,,,,,
2012-07-23 18:00:00,983.6,30.0,74,0.4,328.0,,,0.0,,,,,,,,,,,,,,,,,,,,,,,,,,,,
2012-07-23 19:00:00,984.4,28.4,81,0.3,339.0,,,0.0,,,,,,,,,,,,,,,,,,,,,,,,,,,,
2012-07-23 20:00:00,984.4,28.5,82,0.0,0.0,,,0.0,,,,,,,,,,,,,,,,,,,,,,,,,,,,
2012-07-23 21:00:00,985.7,27.7,81,0.2,0.0,,,0.0,,,,,,,,,,,,,,,,,,,,,,,,,,,,
2012-07-23 22:00:00,985.8,27.4,80,0.3,245.0,,,0.0,,,,,,,,,,,,,,,,,,,,,,,,,,,,
2012-07-23 23:00:00,985.4,27.5,79,0.2,0.0,,,0.0,,,,,,,,,,,,,,,,,,,,,,,,,,,,
2012-07-24 00:00:00,984.8,27.2,82,0.1,0.0,,,0.0,,,,,,,,,,,,,,,,,,,,,,,,,,,,
2012-07-24 01:00:00,985.4,27.6,80,0.3,247.0,,,0.0,,,,,,,,,,,,,,,,,,,,,,,,,,,,
2012-07-24 02:00:00,985.4,27.1,84,0.2,0.0,,,0.0,,,,,,,,,,,,,,,,,,,,,,,,,,,,
2012-07-24 03:00:00,984.9,26.9,87,0.2,0.0,,,0.0,,,,,,,,,,,,,,,,,,,,,,,,,,,,
2012-07-24 04:00:00,984.9,26.5,89,0.1,0.0,,,0.0,,,,,,,,,,,,,,,,,,,,,,,,,,,,
2012-07-24 05:00:00,985.2,26.2,89,0.2,0.0,,,0.0,,,,,,,,,,,,,,,,,,,,,,,,,,,,
2012-07-24 06:00:00,986.4,27.0,86,0.0,0.0,,,0.0,,,,,,,,,,,,,,,,,,,,,,,,,,,,
2012-07-24 07:00:00,987.0,28.6,79,0.2,0.0,,,0.0,,,,,,,,,,,,,,,,,,,,,,,,,,,,
2012-07-24 08:00:00,987.3,30.7,70,0.4,347.0,,,0.0,,,,,,,,,,,,,,,,,,,,,,,,,,,,
2012-07-24 09:00:00,987.2,31.3,67,0.5,345.0,,,0.0,,,,,,,,,,,,,,,,,,,,,,,,,,,,
2012-07-24 10:00:00,987.4,32.5,59,0.6,355.0,,,0.0,,,,,,,,,,,,,,,,,,,,,,,,,,,,
2012-07-24 11:00:00,987.9,32.8,55,0.6,309.0,,,0.0,,,,,,,,,,,,,,,,,,,,,,,,,,,,
2012-07-24 12:00:00,987.6,33.6,55,0.6,331.0,,,0.0,,,,,,,,,,,,,,,,,,,,,,,,,,,,
2012-07-24 13:00:00,987.2,33.2,59,0.7,329.0,,,0.0,,,,,,,,,,,,,,,,,,,,,,,,,,,,
2012-07-24 14:00:00,986.6,32.8,55,0.8,309.0,,,0.0,,,,,,,,,,,,,,,,,,,,,,,,,,,,
2012-07-24 15:00:00,986.2,31.6,58,0.7,309.0,,,0.0,,,,,,,,,,,,,,,,,,,,,,,,,,,,
2012-07-24 16:00:00,986.6,31.6,62,0.5,314.0,,,0.0,,,,,,,,,,,,,,,,,,,,,,,,,,,,
2012-07-24 17:00:00,987.3,30.5,63,0.6,280.0,,,0.0,,,,,,,,,,,,,,,,,,,,,,,,,,,,
2012-07-24 18:00:00,988.0,29.6,72,0.5,291.0,,,0.0,,,,,,,,,,,,,,,,,,,,,,,,,,,,
2012-07-24 19:00:00,988.9,26.9,83,0.4,256.0,,,0.0,,,,,,,,,,,,,,,,,,,,,,,,,,,,
2012-07-24 20:00:00,989.8,24.7,96,0.3,82.0,,,3.0,,,,,,,,,,,,,,,,,,,,,,,,,,,,
2012-07-24 21:00:00,989.2,25.2,92,0.4,91.0,,,0.0,,,,,,,,,,,,,,,,,,,,,,,,,,,,
2012-07-24 22:00:00,989.2,25.9,88,0.3,51.0,,,0.0,,,,,,,,,,,,,,,,,,,,,,,,,,,,
2012-07-24 23:00:00,989.3,26.2,87,0.2,0.0,,,0.0,,,,,,,,,,,,,,,,,,,,,,,,,,,,
2012-07-25 00:00:00,988.6,25.9,87,0.1,0.0,,,0.0,,,,,,,,,,,,,,,,,,,,,,,,,,,,
2012-07-25 01:00:00,988.5,26.6,85,0.1,0.0,,,0.0,,,,,,,,,,,,,,,,,,,,,,,,,,,,
2012-07-25 02:00:00,989.2,26.3,89,0.2,0.0,,,0.0,,,,,,,,,,,,,,,,,,,,,,,,,,,,
2012-07-25 03:00:00,989.6,26.2,91,0.3,74.0,,,0.0,,,,,,,,,,,,,,,,,,,,,,,,,,,,
2012-07-25 04:00:00,989.6,26.0,90,0.3,47.0,,,0.0,,,,,,,,,,,,,,,,,,,,,,,,,,,,
2012-07-25 05:00:00,988.9,25.9,86,0.2,0.0,,,0.0,,,,,,,,,,,,,,,,,,,,,,,,,,,,
2012-07-25 06:00:00,989.6,26.4,84,0.2,0.0,,,0.0,,,,,,,,,,,,,,,,,,,,,,,,,,,,
2012-07-25 07:00:00,990.2,27.0,79,0.4,49.0,,,0.0,,,,,,,,,,,,,,,,,,,,,,,,,,,,
2012-07-25 08:00:00,990.7,28.9,70,0.4,46.0,,,0.0,,,,,,,,,,,,,,,,,,,,,,,,,,,,
2012-07-25 09:00:00,990.5,28.6,72,0.4,351.0,,,0.0,,,,,,,,,,,,,,,,,,,,,,,,,,,,
2012-07-25 10:00:00,990.5,29.0,72,0.3,335.0,,,0.0,,,,,,,,,,,,,,,,,,,,,,,,,,,,
2012-07-25 11:00:00,990.5,29.7,68,0.4,316.0,,,0.0,,,,,,,,,,,,,,,,,,,,,,,,,,,,
2012-07-25 12:00:00,990.2,29.6,68,0.5,289.0,,,0.0,,,,,,,,,,,,,,,,,,,,,,,,,,,,
2012-07-25 13:00:00,989.3,30.5,67,0.6,336.0,,,0.0,,,,,,,,,,,,,,,,,,,,,,,,,,,,
2012-07-25 14:00:00,989.4,29.8,66,0.7,342.0,,,0.0,,,,,,,,,,,,,,,,,,,,,,,,,,,,
2012-07-25 15:00:00,989.0,29.7,66,0.5,338.0,,,0.0,,,,,,,,,,,,,,,,,,,,,,,,,,,,
2012-07-25 16:00:00,989.3,29.7,67,0.5,16.0,,,0.0,,,,,,,,,,,,,,,,,,,,,,,,,,,,
2012-07-25 17:00:00,989.6,28.8,70,0.4,50.0,,,0.0,,,,,,,,,,,,,,,,,,,,,,,,,,,,
2012-07-25 18:00:00,989.3,26.5,90,0.2,0.0,,,1.0,,,,,,,,,,,,,,,,,,,,,,,,,,,,
2012-07-25 19:00:00,989.7,25.6,87,0.3,98.0,,,0.0,,,,,,,,,,,,,,,,,,,,,,,,,,,,
2012-07-25 20:00:00,989.9,25.0,90,0.2,0.0,,,0.0,,,,,,,,,,,,,,,,,,,,,,,,,,,,
2012-07-25 21:00:00,990.5,25.1,86,0.2,0.0,,,0.0,,,,,,,,,,,,,,,,,,,,,,,,,,,,
2012-07-25 22:00:00,990.2,25.3,85,0.2,0.0,,,0.0,,,,,,,,,,,,,,,,,,,,,,,,,,,,
2012-07-25 23:00:00,990.1,26.0,80,0.2,0.0,,,0.0,,,,,,,,,,,,,,,,,,,,,,,,,,,,
2012-07-26 00:00:00,989.7,25.8,81,0.2,0.0,,,0.0,,,,,,,,,,,,,,,,,,,,,,,,,,,,
2012-07-26 01:00:00,989.1,25.5,90,0.2,0.0,,,0.0,,,,,,,,,,,,,,,,,,,,,,,,,,,,
2012-07-26 02:00:00,988.3,24.9,91,0.3,73.0,,,0.5,,,,,,,,,,,,,,,,,,,,,,,,,,,,
2012-07-26 03:00:00,988.0,25.3,90,0.2,0.0,,,0.0,,,,,,,,,,,,,,,,,,,,,,,,,,,,
2012-07-26 04:00:00,988.5,25.9,85,0.0,0.0,,,0.0,,,,,,,,,,,,,,,,,,,,,,,,,,,,
2012-07-26 05:00:00,988.2,25.2,89,0.3,70.0,,,0.0,,,,,,,,,,,,,,,,,,,,,,,,,,,,
2012-07-26 06:00:00,988.7,25.0,91,0.3,74.0,,,0.0,,,,,,,,,,,,,,,,,,,,,,,,,,,,
2012-07-26 07:00:00,988.9,26.6,85,0.2,0.0,,,0.0,,,,,,,,,,,,,,,,,,,,,,,,,,,,
2012-07-26 08:00:00,988.8,28.3,76,0.4,263.0,,,0.0,,,,,,,,,,,,,,,,,,,,,,,,,,,,
2012-07-26 09:00:00,988.9,28.6,72,0.5,255.0,,,0.0,,,,,,,,,,,,,,,,,,,,,,,,,,,,
2012-07-26 10:00:00,988.9,29.0,72,0.5,261.0,,,0.0,,,,,,,,,,,,,,,,,,,,,,,,,,,,
2012-07-26 11:00:00,988.8,31.0,60,0.6,252.0,,,0.0,,,,,,,,,,,,,,,,,,,,,,,,,,,,
2012-07-26 12:00:00,988.4,32.5,61,0.6,252.0,,,0.0,,,,,,,,,,,,,,,,,,,,,,,,,,,,
2012-07-26 13:00:00,987.5,30.3,64,0.4,254.0,,,0.0,,,,,,,,,,,,,,,,,,,,,,,,,,,,
2012-07-26 14:00:00,987.1,29.8,68,0.3,247.0,,,0.0,,,,,,,,,,,,,,,,,,,,,,,,,,,,
2012-07-26 15:00:00,986.9,25.5,97,0.4,46.0,,,11.0,,,,,,,,,,,,,,,,,,,,,,,,,,,,
2012-07-26 16:00:00,986.7,25.7,95,0.3,39.0,,,6.5,,,,,,,,,,,,,,,,,,,,,,,,,,,,
2012-07-26 17:00:00,986.4,25.0,97,0.4,58.0,,,6.0,,,,,,,,,,,,,,,,,,,,,,,,,,,,
2012-07-26 18:00:00,987.0,24.8,95,0.2,0.0,,,1.0,,,,,,,,,,,,,,,,,,,,,,,,,,,,
2012-07-26 19:00:00,987.6,24.6,98,0.1,0.0,,,4.5,,,,,,,,,,,,,,,,,,,,,,,,,,,,
2012-07-26 20:00:00,987.9,24.8,96,0.3,71.0,,,3.5,,,,,,,,,,,,,,,,,,,,,,,,,,,,
2012-07-26 21:00:00,988.1,25.0,96,0.3,71.0,,,4.5,,,,,,,,,,,,,,,,,,,,,,,,,,,,
2012-07-26 22:00:00,987.9,25.0,95,0.1,0.0,,,0.5,,,,,,,,,,,,,,,,,,,,,,,,,,,,
2012-07-26 23:00:00,987.6,25.1,96,0.1,0.0,,,0.0,,,,,,,,,,,,,,,,,,,,,,,,,,,,
2012-07-27 00:00:00,987.0,25.1,93,0.1,0.0,,,0.0,,,,,,,,,,,,,,,,,,,,,,,,,,,,
2012-07-27 01:00:00,986.5,25.0,93,0.1,0.0,,,0.0,,,,,,,,,,,,,,,,,,,,,,,,,,,,
2012-07-27 02:00:00,986.3,25.1,88,0.2,0.0,,,0.0,,,,,,,,,,,,,,,,,,,,,,,,,,,,
2012-07-27 03:00:00,986.1,25.3,86,0.2,0.0,,,0.0,,,,,,,,,,,,,,,,,,,,,,,,,,,,
2012-07-27 04:00:00,986.3,25.2,88,0.2,0.0,,,0.0,,,,,,,,,,,,,,,,,,,,,,,,,,,,
2012-07-27 05:00:00,986.3,25.3,87,0.2,0.0,,,0.0,,,,,,,,,,,,,,,,,,,,,,,,,,,,
2012-07-27 06:00:00,986.7,25.6,85,0.2,0.0,,,0.0,,,,,,,,,,,,,,,,,,,,,,,,,,,,
2012-07-27 07:00:00,987.1,28.1,73,0.3,256.0,,,0.0,,,,,,,,,,,,,,,,,,,,,,,,,,,,
2012-07-27 08:00:00,987.5,29.4,68,0.3,247.0,,,0.0,,,,,,,,,,,,,,,,,,,,,,,,,,,,
2012-07-27 09:00:00,987.9,30.5,65,0.5,254.0,,,0.0,,,,,,,,,,,,,,,,,,,,,,,,,,,,
2012-07-27 10:00:00,987.7,30.5,66,0.4,253.0,,,0.0,,,,,,,,,,,,,,,,,,,,,,,,,,,,
2012-07-27 11:00:00,987.4,31.7,61,0.4,257.0,,,0.0,,,,,,,,,,,,,,,,,,,,,,,,,,,,
2012-07-27 12:00:00,987.0,30.8,68,0.5,243.0,,,0.0,,,,,,,,,,,,,,,,,,,,,,,,,,,,
2012-07-27 13:00:00,986.4,31.3,71,0.3,275.0,,,0.0,,,,,,,,,,,,,,,,,,,,,,,,,,,,
2012-07-27 14:00:00,986.0,30.4,69,0.5,318.0,,,0.0,,,,,,,,,,,,,,,,,,,,,,,,,,,,
2012-07-27 15:00:00,986.0,28.0,87,0.5,340.0,,,1.0,,,,,,,,,,,,,,,,,,,,,,,,,,,,
2012-07-27 16:00:00,985.6,28.8,77,0.4,14.0,,,0.0,,,,,,,,,,,,,,,,,,,,,,,,,,,,
2012-07-27 17:00:00,985.6,28.5,75,0.3,342.0,,,0.0,,,,,,,,,,,,,,,,,,,,,,,,,,,,
2012-07-27 18:00:00,986.4,27.2,80,0.2,0.0,,,0.0,,,,,,,,,,,,,,,,,,,,,,,,,,,,
2012-07-27 19:00:00,987.0,26.6,82,0.2,0.0,,,0.0,,,,,,,,,,,,,,,,,,,,,,,,,,,,
2012-07-27 20:00:00,987.3,26.5,82,0.1,0.0,,,0.0,,,,,,,,,,,,,,,,,,,,,,,,,,,,
2012-07-27 21:00:00,987.6,26.6,82,0.0,0.0,,,0.0,,,,,,,,,,,,,,,,,,,,,,,,,,,,
2012-07-27 22:00:00,987.7,26.0,86,0.1,0.0,,,0.0,,,,,,,,,,,,,,,,,,,,,,,,,,,,
2012-07-27 23:00:00,987.9,26.1,86,0.2,0.0,,,0.0,,,,,,,,,,,,,,,,,,,,,,,,,,,,
2012-07-28 00:00:00,987.6,25.9,87,0.2,0.0,,,0.0,,,,,,,,,,,,,,,,,,,,,,,,,,,,
2012-07-28 01:00:00,987.0,25.7,88,0.2,0.0,,,0.0,,,,,,,,,,,,,,,,,,,,,,,,,,,,
2012-07-28 02:00:00,986.4,25.1,90,0.0,0.0,,,0.0,,,,,,,,,,,,,,,,,,,,,,,,,,,,
2012-07-28 03:00:00,985.7,24.8,91,0.0,0.0,,,0.0,,,,,,,,,,,,,,,,,,,,,,,,,,,,
2012-07-28 04:00:00,985.7,24.8,90,0.1,0.0,,,0.0,,,,,,,,,,,,,,,,,,,,,,,,,,,,
2012-07-28 05:00:00,986.0,24.7,91,0.1,0.0,,,0.0,,,,,,,,,,,,,,,,,,,,,,,,,,,,
2012-07-28 06:00:00,986.7,25.0,89,0.2,0.0,,,0.0,,,,,,,,,,,,,,,,,,,,,,,,,,,,
2012-07-28 07:00:00,987.0,27.3,79,0.2,0.0,,,0.0,,,,,,,,,,,,,,,,,,,,,,,,,,,,
2012-07-28 08:00:00,986.7,29.2,72,0.3,13.0,,,0.0,,,,,,,,,,,,,,,,,,,,,,,,,,,,
2012-07-28 09:00:00,987.1,30.6,62,0.4,234.0,,,0.0,,,,,,,,,,,,,,,,,,,,,,,,,,,,
2012-07-28 10:00:00,987.0,31.6,59,0.5,212.0,,,0.0,,,,,,,,,,,,,,,,,,,,,,,,,,,,
2012-07-28 11:00:00,987.3,32.6,56,0.5,250.0,,,0.0,,,,,,,,,,,,,,,,,,,,,,,,,,,,
2012-07-28 12:00:00,987.1,33.6,50,0.5,233.0,,,0.0,,,,,,,,,,,,,,,,,,,,,,,,,,,,
2012-07-28 13:00:00,987.1,31.7,59,0.8,245.0,,,0.0,,,,,,,,,,,,,,,,,,,,,,,,,,,,
2012-07-28 14:00:00,986.4,31.4,59,0.5,248.0,,,0.0,,,,,,,,,,,,,,,,,,,,,,,,,,,,
2012-07-28 15:00:00,985.8,31.9,67,0.3,243.0,,,0.0,,,,,,,,,,,,,,,,,,,,,,,,,,,,
2012-07-28 16:00:00,985.8,30.5,69,0.3,272.0,,,0.0,,,,,,,,,,,,,,,,,,,,,,,,,,,,
2012-07-28 17:00:00,986.1,27.6,85,0.4,319.0,,,0.5,,,,,,,,,,,,,,,,,,,,,,,,,,,,
2012-07-28 18:00:00,986.0,28.7,75,0.1,0.0,,,0.0,,,,,,,,,,,,,,,,,,,,,,,,,,,,
2012-07-28 19:00:00,986.5,28.2,80,0.2,0.0,,,0.0,,,,,,,,,,,,,,,,,,,,,,,,,,,,
2012-07-28 20:00:00,986.6,28.0,83,0.2,0.0,,,0.0,,,,,,,,,,,,,,,,,,,,,,,,,,,,
2012-07-28 21:00:00,987.0,27.6,84,0.2,0.0,,,0.0,,,,,,,,,,,,,,,,,,,,,,,,,,,,
2012-07-28 22:00:00,987.0,27.4,85,0.2,0.0,,,0.0,,,,,,,,,,,,,,,,,,,,,,,,,,,,
2012-07-28 23:00:00,987.1,27.0,88,0.2,0.0,,,0.0,,,,,,,,,,,,,,,,,,,,,,,,,,,,
2012-07-29 00:00:00,986.9,26.7,89,0.1,0.0,,,0.0,,,,,,,,,,,,,,,,,,,,,,,,,,,,
2012-07-29 01:00:00,986.4,26.7,89,0.0,0.0,,,0.0,,,,,,,,,,,,,,,,,,,,,,,,,,,,
2012-07-29 02:00:00,986.0,26.4,89,0.3,67.0,,,0.0,,,,,,,,,,,,,,,,,,,,,,,,,,,,
2012-07-29 03:00:00,985.8,26.3,91,0.1,0.0,,,0.0,,,,,,,,,,,,,,,,,,,,,,,,,,,,
2012-07-29 04:00:00,985.8,26.5,90,0.3,64.0,,,0.0,,,,,,,,,,,,,,,,,,,,,,,,,,,,
2012-07-29 05:00:00,985.8,26.1,90,0.2,0.0,,,0.0,,,,,,,,,,,,,,,,,,,,,,,,,,,,
2012-07-29 06:00:00,985.8,26.1,91,0.0,0.0,,,0.0,,,,,,,,,,,,,,,,,,,,,,,,,,,,
2012-07-29 07:00:00,986.3,27.5,85,0.3,38.0,,,0.0,,,,,,,,,,,,,,,,,,,,,,,,,,,,
2012-07-29 08:00:00,986.5,28.5,81,0.2,0.0,,,0.0,,,,,,,,,,,,,,,,,,,,,,,,,,,,
2012-07-29 09:00:00,986.0,28.7,77,0.3,328.0,,,0.0,,,,,,,,,,,,,,,,,,,,,,,,,,,,
2012-07-29 10:00:00,985.7,31.2,66,0.5,346.0,,,0.0,,,,,,,,,,,,,,,,,,,,,,,,,,,,
2012-07-29 11:00:00,984.9,32.2,62,0.5,296.0,,,0.0,,,,,,,,,,,,,,,,,,,,,,,,,,,,
2012-07-29 12:00:00,984.2,31.5,69,0.7,305.0,,,0.0,,,,,,,,,,,,,,,,,,,,,,,,,,,,
2012-07-29 13:00:00,983.6,32.2,66,0.8,323.0,,,0.0,,,,,,,,,,,,,,,,,,,,,,,,,,,,
2012-07-29 14:00:00,983.1,31.9,64,0.6,330.0,,,0.0,,,,,,,,,,,,,,,,,,,,,,,,,,,,
2012-07-29 15:00:00,982.6,32.2,60,0.6,254.0,,,0.0,,,,,,,,,,,,,,,,,,,,,,,,,,,,
2012-07-29 16:00:00,981.6,32.2,61,0.4,279.0,,,0.0,,,,,,,,,,,,,,,,,,,,,,,,,,,,
2012-07-29 17:00:00,981.3,32.3,59,0.4,40.0,,,0.0,,,,,,,,,,,,,,,,,,,,,,,,,,,,
2012-07-29 18:00:00,981.0,31.7,63,0.4,53.0,,,0.0,,,,,,,,,,,,,,,,,,,,,,,,,,,,
2012-07-29 19:00:00,981.1,30.8,67,0.3,246.0,,,0.0,,,,,,,,,,,,,,,,,,,,,,,,,,,,
2012-07-29 20:00:00,981.9,30.3,70,0.2,0.0,,,0.0,,,,,,,,,,,,,,,,,,,,,,,,,,,,
2012-07-29 21:00:00,982.3,29.8,75,0.2,0.0,,,0.0,,,,,,,,,,,,,,,,,,,,,,,,,,,,
2012-07-29 22:00:00,982.6,29.1,78,0.2,0.0,,,0.0,,,,,,,,,,,,,,,,,,,,,,,,,,,,
2012-07-29 23:00:00,982.5,28.7,81,0.2,0.0,,,0.0,,,,,,,,,,,,,,,,,,,,,,,,,,,,
2012-07-30 00:00:00,982.6,28.5,81,0.2,0.0,,,0.0,,,,,,,,,,,,,,,,,,,,,,,,,,,,
2012-07-30 01:00:00,981.8,28.2,82,0.2,0.0,,,0.0,,,,,,,,,,,,,,,,,,,,,,,,,,,,
2012-07-30 02:00:00,981.4,28.1,79,0.2,0.0,,,0.0,,,,,,,,,,,,,,,,,,,,,,,,,,,,
2012-07-30 03:00:00,980.8,28.1,79,0.3,69.0,,,0.0,,,,,,,,,,,,,,,,,,,,,,,,,,,,
2012-07-30 04:00:00,980.4,27.8,79,0.3,35.0,,,0.0,,,,,,,,,,,,,,,,,,,,,,,,,,,,
2012-07-30 05:00:00,980.4,27.7,83,0.2,0.0,,,0.0,,,,,,,,,,,,,,,,,,,,,,,,,,,,
2012-07-30 06:00:00,980.4,27.7,84,0.2,0.0,,,0.0,,,,,,,,,,,,,,,,,,,,,,,,,,,,
2012-07-30 07:00:00,980.8,28.5,81,0.3,48.0,,,0.0,,,,,,,,,,,,,,,,,,,,,,,,,,,,
2012-07-30 08:00:00,980.4,29.0,81,0.2,0.0,,,0.0,,,,,,,,,,,,,,,,,,,,,,,,,,,,
2012-07-30 09:00:00,980.6,29.3,76,0.3,309.0,,,0.0,,,,,,,,,,,,,,,,,,,,,,,,,,,,
2012-07-30 10:00:00,980.0,30.4,72,0.4,333.0,,,0.0,,,,,,,,,,,,,,,,,,,,,,,,,,,,
2012-07-30 11:00:00,979.7,30.4,73,0.4,339.0,,,0.0,,,,,,,,,,,,,,,,,,,,,,,,,,,,
2012-07-30 12:00:00,979.4,31.3,66,0.4,347.0,,,0.0,,,,,,,,,,,,,,,,,,,,,,,,,,,,
2012-07-30 13:00:00,978.5,31.6,66,0.4,357.0,,,0.0,,,,,,,,,,,,,,,,,,,,,,,,,,,,
2012-07-30 14:00:00,978.2,31.6,66,0.5,1.0,,,0.0,,,,,,,,,,,,,,,,,,,,,,,,,,,,
2012-07-30 15:00:00,977.5,31.6,64,0.4,341.0,,,0.0,,,,,,,,,,,,,,,,,,,,,,,,,,,,
2012-07-30 16:00:00,976.9,31.7,65,0.4,4.0,,,0.0,,,,,,,,,,,,,,,,,,,,,,,,,,,,
2012-07-30 17:00:00,976.9,30.9,68,0.5,35.0,,,0.0,,,,,,,,,,,,,,,,,,,,,,,,,,,,
2012-07-30 18:00:00,976.7,30.0,69,0.3,333.0,,,0.0,,,,,,,,,,,,,,,,,,,,,,,,,,,,
2012-07-30 19:00:00,976.7,29.4,70,0.3,6.0,,,0.0,,,,,,,,,,,,,,,,,,,,,,,,,,,,
2012-07-30 20:00:00,977.3,29.2,68,0.3,45.0,,,0.0,,,,,,,,,,,,,,,,,,,,,,,,,,,,
2012-07-30 21:00:00,977.6,28.5,73,0.4,28.0,,,0.0,,,,,,,,,,,,,,,,,,,,,,,,,,,,
2012-07-30 22:00:00,977.9,27.9,81,0.3,58.0,,,0.0,,,,,,,,,,,,,,,,,,,,,,,,,,,,
2012-07-30 23:00:00,977.9,27.7,84,0.3,61.0,,,0.0,,,,,,,,,,,,,,,,,,,,,,,,,,,,
2012-07-31 00:00:00,977.9,27.5,90,0.2,0.0,,,0.0,,,,,,,,,,,,,,,,,,,,,,,,,,,,
2012-07-31 01:00:00,977.7,26.9,96,0.0,0.0,,,3.0,,,,,,,,,,,,,,,,,,,,,,,,,,,,
2012-07-31 02:00:00,977.2,26.4,98,0.2,0.0,,,2.5,,,,,,,,,,,,,,,,,,,,,,,,,,,,
2012-07-31 03:00:00,976.6,25.8,97,0.2,0.0,,,0.5,,,,,,,,,,,,,,,,,,,,,,,,,,,,
2012-07-31 04:00:00,976.5,25.7,96,0.2,0.0,,,1.0,,,,,,,,,,,,,,,,,,,,,,,,,,,,
2012-07-31 05:00:00,976.1,25.4,96,0.2,0.0,,,1.0,,,,,,,,,,,,,,,,,,,,,,,,,,,,
2012-07-31 06:00:00,975.9,25.1,95,0.3,44.0,,,0.5,,,,,,,,,,,,,,,,,,,,,,,,,,,,
2012-07-31 07:00:00,975.9,24.9,95,0.3,39.0,,,2.0,,,,,,,,,,,,,,,,,,,,,,,,,,,,
2012-07-31 08:00:00,975.9,25.4,93,0.3,34.0,,,2.0,,,,,,,,,,,,,,,,,,,,,,,,,,,,
2012-07-31 09:00:00,975.9,26.6,91,0.3,33.0,,,1.0,,,,,,,,,,,,,,,,,,,,,,,,,,,,
2012-07-31 10:00:00,975.5,27.3,85,0.4,38.0,,,0.0,,,,,,,,,,,,,,,,,,,,,,,,,,,,
2012-07-31 11:00:00,974.5,28.0,84,0.4,47.0,,,0.0,,,,,,,,,,,,,,,,,,,,,,,,,,,,
2012-07-31 12:00:00,973.6,29.1,76,1.1,32.0,,,0.0,,,,,,,,,,,,,,,,,,,,,,,,,,,,
2012-07-31 13:00:00,972.8,29.5,75,0.8,32.0,,,0.0,,,,,,,,,,,,,,,,,,,,,,,,,,,,
2012-07-31 14:00:00,972.3,31.1,69,0.8,41.0,,,0.0,,,,,,,,,,,,,,,,,,,,,,,,,,,,
2012-07-31 15:00:00,972.2,30.1,70,0.6,16.0,,,0.0,,,,,,,,,,,,,,,,,,,,,,,,,,,,
2012-07-31 16:00:00,971.9,29.3,73,0.8,33.0,,,0.0,,,,,,,,,,,,,,,,,,,,,,,,,,,,
2012-07-31 17:00:00,972.0,28.7,75,1.0,26.0,,,0.0,,,,,,,,,,,,,,,,,,,,,,,,,,,,
2012-07-31 18:00:00,972.3,28.3,76,0.8,28.0,,,0.0,,,,,,,,,,,,,,,,,,,,,,,,,,,,
2012-07-31 19:00:00,972.3,27.6,80,0.9,30.0,,,0.0,,,,,,,,,,,,,,,,,,,,,,,,,,,,
2012-07-31 20:00:00,972.8,27.5,81,0.6,29.0,,,0.0,,,,,,,,,,,,,,,,,,,,,,,,,,,,
2012-07-31 21:00:00,973.2,27.8,77,0.4,20.0,,,0.0,,,,,,,,,,,,,,,,,,,,,,,,,,,,
2012-07-31 22:00:00,972.4,27.2,83,0.4,27.0,,,0.5,,,,,,,,,,,,,,,,,,,,,,,,,,,,
2012-07-31 23:00:00,972.6,27.1,82,0.5,26.0,,,0.0,,,,,,,,,,,,,,,,,,,,,,,,,,,,
2012-08-01 00:00:00,972.6,27.2,81,0.4,44.0,,,0.0,,,,,,,,,,,,,,,,,,,,,,,,,,,,
2012-08-01 01:00:00,971.8,27.2,80,0.3,59.0,,,0.0,,,,,,,,,,,,,,,,,,,,,,,,,,,,
2012-08-01 02:00:00,970.9,26.7,83,0.3,80.0,,,0.0,,,,,,,,,,,,,,,,,,,,,,,,,,,,
2012-08-01 03:00:00,970.6,26.5,84,0.2,0.0,,,0.0,,,,,,,,,,,,,,,,,,,,,,,,,,,,
2012-08-01 04:00:00,970.3,26.2,85,0.2,0.0,,,0.0,,,,,,,,,,,,,,,,,,,,,,,,,,,,
2012-08-01 05:00:00,970.7,26.5,81,0.2,0.0,,,0.0,,,,,,,,,,,,,,,,,,,,,,,,,,,,
2012-08-01 06:00:00,970.4,26.3,88,0.3,5.0,,,0.0,,,,,,,,,,,,,,,,,,,,,,,,,,,,
2012-08-01 07:00:00,970.9,26.7,83,0.3,25.0,,,0.0,,,,,,,,,,,,,,,,,,,,,,,,,,,,
2012-08-01 08:00:00,970.7,28.0,77,0.4,28.0,,,0.0,,,,,,,,,,,,,,,,,,,,,,,,,,,,
2012-08-01 09:00:00,970.9,29.2,76,0.4,11.0,,,0.0,,,,,,,,,,,,,,,,,,,,,,,,,,,,
2012-08-01 10:00:00,971.0,29.8,71,0.6,354.0,,,0.0,,,,,,,,,,,,,,,,,,,,,,,,,,,,
2012-08-01 11:00:00,970.9,29.5,72,1.2,34.0,,,0.0,,,,,,,,,,,,,,,,,,,,,,,,,,,,
2012-08-01 12:00:00,970.2,29.4,72,1.2,28.0,,,0.0,,,,,,,,,,,,,,,,,,,,,,,,,,,,
2012-08-01 13:00:00,969.8,29.7,71,1.3,23.0,,,0.0,,,,,,,,,,,,,,,,,,,,,,,,,,,,
2012-08-01 14:00:00,969.7,26.7,88,0.9,31.0,,,0.5,,,,,,,,,,,,,,,,,,,,,,,,,,,,
2012-08-01 15:00:00,968.7,26.8,87,1.4,30.0,,,1.5,,,,,,,,,,,,,,,,,,,,,,,,,,,,
2012-08-01 16:00:00,968.1,27.5,84,1.3,30.0,,,1.0,,,,,,,,,,,,,,,,,,,,,,,,,,,,
2012-08-01 17:00:00,968.2,27.2,78,1.2,26.0,,,0.0,,,,,,,,,,,,,,,,,,,,,,,,,,,,
2012-08-01 18:00:00,969.3,26.7,79,1.2,30.0,,,0.0,,,,,,,,,,,,,,,,,,,,,,,,,,,,
2012-08-01 19:00:00,969.1,26.9,80,0.9,17.0,,,0.0,,,,,,,,,,,,,,,,,,,,,,,,,,,,
2012-08-01 20:00:00,969.8,26.0,86,1.3,33.0,,,0.5,,,,,,,,,,,,,,,,,,,,,,,,,,,,
2012-08-01 21:00:00,969.7,25.2,91,1.5,8.0,,,5.5,,,,,,,,,,,,,,,,,,,,,,,,,,,,
2012-08-01 22:00:00,970.2,24.9,90,1.0,24.0,,,3.5,,,,,,,,,,,,,,,,,,,,,,,,,,,,
2012-08-01 23:00:00,969.9,24.5,93,1.3,353.0,,,4.0,,,,,,,,,,,,,,,,,,,,,,,,,,,,
2012-08-02 00:00:00,967.8,25.0,93,2.2,348.0,,,3.0,,,,,,,,,,,,,,,,,,,,,,,,,,,,
2012-08-02 01:00:00,966.9,25.1,92,1.4,358.0,,,0.5,,,,,,,,,,,,,,,,,,,,,,,,,,,,
2012-08-02 02:00:00,965.9,25.1,93,1.4,343.0,,,1.0,,,,,,,,,,,,,,,,,,,,,,,,,,,,
2012-08-02 03:00:00,965.8,25.2,95,1.9,4.0,,,3.5,,,,,,,,,,,,,,,,,,,,,,,,,,,,
2012-08-02 04:00:00,966.2,24.7,95,1.6,345.0,,,7.5,,,,,,,,,,,,,,,,,,,,,,,,,,,,
2012-08-02 05:00:00,967.0,24.8,94,2.1,352.0,,,7.0,,,,,,,,,,,,,,,,,,,,,,,,,,,,
2012-08-02 06:00:00,967.8,24.9,98,2.9,309.0,,,15.0,,,,,,,,,,,,,,,,,,,,,,,,,,,,
2012-08-02 07:00:00,968.2,24.4,99,2.7,317.0,,,39.5,,,,,,,,,,,,,,,,,,,,,,,,,,,,
2012-08-02 08:00:00,967.7,24.5,99,3.1,293.0,,,48.0,,,,,,,,,,,,,,,,,,,,,,,,,,,,
2012-08-02 09:00:00,967.4,24.5,99,3.8,312.0,,,29.0,,,,,,,,,,,,,,,,,,,,,,,,,,,,
2012-08-02 10:00:00,968.3,24.9,99,3.2,312.0,,,12.0,,,,,,,,,,,,,,,,,,,,,,,,,,,,
2012-08-02 11:00:00,968.5,25.2,99,2.4,304.0,,,19.0,,,,,,,,,,,,,,,,,,,,,,,,,,,,
2012-08-02 12:00:00,969.2,24.1,99,2.7,288.0,,,20.5,,,,,,,,,,,,,,,,,,,,,,,,,,,,
2012-08-02 13:00:00,969.9,24.3,99,0.8,342.0,,,30.0,,,,,,,,,,,,,,,,,,,,,,,,,,,,
2012-08-02 14:00:00,970.9,23.9,99,2.0,292.0,,,47.5,,,,,,,,,,,,,,,,,,,,,,,,,,,,
2012-08-02 15:00:00,971.0,23.8,99,2.4,289.0,,,33.0,,,,,,,,,,,,,,,,,,,,,,,,,,,,
2012-08-02 16:00:00,972.1,23.8,99,1.8,256.0,,,29.5,,,,,,,,,,,,,,,,,,,,,,,,,,,,
2012-08-02 17:00:00,973.1,23.7,99,0.8,247.0,,,44.5,,,,,,,,,,,,,,,,,,,,,,,,,,,,
2012-08-02 18:00:00,974.1,23.7,99,1.1,231.0,,,19.5,,,,,,,,,,,,,,,,,,,,,,,,,,,,
2012-08-02 19:00:00,974.8,23.6,99,1.4,244.0,,,35.0,,,,,,,,,,,,,,,,,,,,,,,,,,,,
2012-08-02 20:00:00,975.1,23.8,99,0.6,122.0,,,27.0,,,,,,,,,,,,,,,,,,,,,,,,,,,,
2012-08-02 21:00:00,975.7,23.7,99,0.7,130.0,,,18.0,,,,,,,,,,,,,,,,,,,,,,,,,,,,
2012-08-02 22:00:00,976.5,24.0,99,1.0,243.0,,,13.5,,,,,,,,,,,,,,,,,,,,,,,,,,,,
2012-08-02 23:00:00,976.9,24.1,99,0.9,252.0,,,8.0,,,,,,,,,,,,,,,,,,,,,,,,,,,,
2012-08-03 00:00:00,977.0,24.1,99,0.7,202.0,,,4.0,,,,,,,,,,,,,,,,,,,,,,,,,,,,
2012-08-03 01:00:00,977.0,24.0,99,0.6,71.0,,,0.5,,,,,,,,,,,,,,,,,,,,,,,,,,,,
2012-08-03 02:00:00,977.2,23.8,99,0.5,252.0,,,3.0,,,,,,,,,,,,,,,,,,,,,,,,,,,,
2012-08-03 03:00:00,977.3,23.8,99,0.6,318.0,,,1.0,,,,,,,,,,,,,,,,,,,,,,,,,,,,
2012-08-03 04:00:00,977.7,23.8,99,0.5,249.0,,,1.5,,,,,,,,,,,,,,,,,,,,,,,,,,,,
2012-08-03 05:00:00,977.9,23.9,99,0.3,162.0,,,7.0,,,,,,,,,,,,,,,,,,,,,,,,,,,,
2012-08-03 06:00:00,977.9,24.8,93,0.8,131.0,,,1.0,,,,,,,,,,,,,,,,,,,,,,,,,,,,
2012-08-03 07:00:00,978.4,25.8,85,0.6,121.0,,,0.0,,,,,,,,,,,,,,,,,,,,,,,,,,,,
2012-08-03 08:00:00,979.1,26.2,84,0.2,0.0,,,0.0,,,,,,,,,,,,,,,,,,,,,,,,,,,,
2012-08-03 09:00:00,979.4,27.7,78,0.5,357.0,,,0.0,,,,,,,,,,,,,,,,,,,,,,,,,,,,
2012-08-03 10:00:00,979.7,28.5,75,0.7,287.0,,,0.0,,,,,,,,,,,,,,,,,,,,,,,,,,,,
2012-08-03 11:00:00,980.4,28.6,75,0.7,220.0,,,0.0,,,,,,,,,,,,,,,,,,,,,,,,,,,,
2012-08-03 12:00:00,980.5,29.8,71,0.7,322.0,,,0.0,,,,,,,,,,,,,,,,,,,,,,,,,,,,
2012-08-03 13:00:00,980.3,30.2,70,0.8,290.0,,,0.0,,,,,,,,,,,,,,,,,,,,,,,,,,,,
2012-08-03 14:00:00,980.1,30.0,68,0.8,275.0,,,0.0,,,,,,,,,,,,,,,,,,,,,,,,,,,,
2012-08-03 15:00:00,979.8,30.1,72,1.1,249.0,,,0.0,,,,,,,,,,,,,,,,,,,,,,,,,,,,
2012-08-03 16:00:00,979.9,29.1,73,0.7,256.0,,,0.0,,,,,,,,,,,,,,,,,,,,,,,,,,,,
2012-08-03 17:00:00,979.8,28.8,68,0.4,160.0,,,0.0,,,,,,,,,,,,,,,,,,,,,,,,,,,,
2012-08-03 18:00:00,980.1,28.6,75,0.4,134.0,,,0.0,,,,,,,,,,,,,,,,,,,,,,,,,,,,
2012-08-03 19:00:00,980.6,28.1,82,0.5,114.0,,,0.0,,,,,,,,,,,,,,,,,,,,,,,,,,,,
2012-08-03 20:00:00,980.9,27.8,85,0.1,0.0,,,0.0,,,,,,,,,,,,,,,,,,,,,,,,,,,,
2012-08-03 21:00:00,981.3,27.6,88,0.2,0.0,,,0.0,,,,,,,,,,,,,,,,,,,,,,,,,,,,
2012-08-03 22:00:00,981.6,26.7,94,0.0,0.0,,,0.0,,,,,,,,,,,,,,,,,,,,,,,,,,,,
2012-08-03 23:00:00,981.6,26.2,97,0.1,0.0,,,0.0,,,,,,,,,,,,,,,,,,,,,,,,,,,,
2012-08-04 00:00:00,981.6,25.9,98,0.5,85.0,,,0.0,,,,,,,,,,,,,,,,,,,,,,,,,,,,
2012-08-04 01:00:00,980.9,25.3,100,0.0,0.0,,,0.0,,,,,,,,,,,,,,,,,,,,,,,,,,,,
2012-08-04 02:00:00,980.8,25.0,99,0.0,0.0,,,0.0,,,,,,,,,,,,,,,,,,,,,,,,,,,,
2012-08-04 03:00:00,981.0,24.9,96,0.3,61.0,,,0.0,,,,,,,,,,,,,,,,,,,,,,,,,,,,
2012-08-04 04:00:00,981.0,24.4,97,0.2,0.0,,,0.0,,,,,,,,,,,,,,,,,,,,,,,,,,,,
2012-08-04 05:00:00,981.4,24.2,94,0.7,80.0,,,0.0,,,,,,,,,,,,,,,,,,,,,,,,,,,,
2012-08-04 06:00:00,981.7,24.5,89,0.2,0.0,,,0.0,,,,,,,,,,,,,,,,,,,,,,,,,,,,
2012-08-04 07:00:00,982.0,26.3,80,0.3,83.0,,,0.0,,,,,,,,,,,,,,,,,,,,,,,,,,,,
2012-08-04 08:00:00,982.6,28.8,69,0.3,313.0,,,0.0,,,,,,,,,,,,,,,,,,,,,,,,,,,,
2012-08-04 09:00:00,983.5,29.6,69,0.9,253.0,,,0.0,,,,,,,,,,,,,,,,,,,,,,,,,,,,
2012-08-04 10:00:00,983.8,29.1,72,0.8,250.0,,,0.0,,,,,,,,,,,,,,,,,,,,,,,,,,,,
2012-08-04 11:00:00,983.8,28.8,73,0.5,303.0,,,0.0,,,,,,,,,,,,,,,,,,,,,,,,,,,,
2012-08-04 12:00:00,983.3,28.8,71,0.3,199.0,,,0.0,,,,,,,,,,,,,,,,,,,,,,,,,,,,
2012-08-04 13:00:00,983.3,30.5,64,0.6,228.0,,,0.0,,,,,,,,,,,,,,,,,,,,,,,,,,,,
2012-08-04 14:00:00,983.0,30.5,64,0.7,246.0,,,0.0,,,,,,,,,,,,,,,,,,,,,,,,,,,,
2012-08-04 15:00:00,982.8,31.4,61,0.6,281.0,,,0.0,,,,,,,,,,,,,,,,,,,,,,,,,,,,
2012-08-04 16:00:00,982.3,30.3,66,0.6,165.0,,,0.0,,,,,,,,,,,,,,,,,,,,,,,,,,,,
2012-08-04 17:00:00,982.5,30.2,65,0.5,106.0,,,0.0,,,,,,,,,,,,,,,,,,,,,,,,,,,,
2012-08-04 18:00:00,982.6,29.6,70,0.3,232.0,,,0.0,,,,,,,,,,,,,,,,,,,,,,,,,,,,
2012-08-04 19:00:00,983.1,28.5,75,0.5,61.0,,,0.0,,,,,,,,,,,,,,,,,,,,,,,,,,,,
2012-08-04 20:00:00,983.3,27.6,80,0.0,0.0,,,0.0,,,,,,,,,,,,,,,,,,,,,,,,,,,,
2012-08-04 21:00:00,983.6,27.1,93,0.5,334.0,,,0.0,,,,,,,,,,,,,,,,,,,,,,,,,,,,
2012-08-04 22:00:00,984.1,26.8,87,0.4,61.0,,,0.0,,,,,,,,,,,,,,,,,,,,,,,,,,,,
2012-08-04 23:00:00,984.2,26.6,87,0.3,83.0,,,0.0,,,,,,,,,,,,,,,,,,,,,,,,,,,,
2012-08-05 00:00:00,984.2,26.3,88,0.0,0.0,,,0.0,,,,,,,,,,,,,,,,,,,,,,,,,,,,
2012-08-05 01:00:00,983.9,26.3,91,0.1,0.0,,,0.0,,,,,,,,,,,,,,,,,,,,,,,,,,,,
2012-08-05 02:00:00,983.3,26.1,91,0.3,83.0,,,0.0,,,,,,,,,,,,,,,,,,,,,,,,,,,,
2012-08-05 03:00:00,983.4,26.1,91,0.1,0.0,,,0.0,,,,,,,,,,,,,,,,,,,,,,,,,,,,
2012-08-05 04:00:00,983.9,26.2,91,0.1,0.0,,,0.0,,,,,,,,,,,,,,,,,,,,,,,,,,,,
2012-08-05 05:00:00,983.7,26.1,92,0.2,0.0,,,0.0,,,,,,,,,,,,,,,,,,,,,,,,,,,,
2012-08-05 06:00:00,983.9,26.2,92,0.0,0.0,,,0.0,,,,,,,,,,,,,,,,,,,,,,,,,,,,
2012-08-05 07:00:00,984.7,24.4,98,0.3,71.0,,,1.0,,,,,,,,,,,,,,,,,,,,,,,,,,,,
2012-08-05 08:00:00,984.7,25.6,91,0.5,62.0,,,0.0,,,,,,,,,,,,,,,,,,,,,,,,,,,,
2012-08-05 09:00:00,985.3,26.5,86,0.4,87.0,,,0.0,,,,,,,,,,,,,,,,,,,,,,,,,,,,
2012-08-05 10:00:00,985.8,26.9,81,0.5,41.0,,,0.0,,,,,,,,,,,,,,,,,,,,,,,,,,,,
2012-08-05 11:00:00,985.4,27.9,75,0.5,92.0,,,0.0,,,,,,,,,,,,,,,,,,,,,,,,,,,,
2012-08-05 12:00:00,984.9,28.3,74,0.5,44.0,,,0.0,,,,,,,,,,,,,,,,,,,,,,,,,,,,
2012-08-05 13:00:00,984.4,30.9,65,0.6,360.0,,,0.0,,,,,,,,,,,,,,,,,,,,,,,,,,,,
2012-08-05 14:00:00,984.1,30.7,58,0.2,0.0,,,0.0,,,,,,,,,,,,,,,,,,,,,,,,,,,,
2012-08-05 15:00:00,983.6,30.4,67,0.8,295.0,,,0.0,,,,,,,,,,,,,,,,,,,,,,,,,,,,
2012-08-05 16:00:00,983.5,29.3,78,0.6,326.0,,,0.0,,,,,,,,,,,,,,,,,,,,,,,,,,,,
2012-08-05 17:00:00,983.6,29.7,76,0.4,324.0,,,0.0,,,,,,,,,,,,,,,,,,,,,,,,,,,,
2012-08-05 18:00:00,983.8,29.1,73,0.4,59.0,,,0.0,,,,,,,,,,,,,,,,,,,,,,,,,,,,
2012-08-05 19:00:00,983.6,28.1,75,0.4,44.0,,,0.0,,,,,,,,,,,,,,,,,,,,,,,,,,,,
2012-08-05 20:00:00,984.1,27.1,85,0.3,77.0,,,0.0,,,,,,,,,,,,,,,,,,,,,,,,,,,,
2012-08-05 21:00:00,984.2,26.6,86,0.3,87.0,,,0.0,,,,,,,,,,,,,,,,,,,,,,,,,,,,
2012-08-05 22:00:00,984.5,26.1,90,0.1,0.0,,,0.0,,,,,,,,,,,,,,,,,,,,,,,,,,,,
2012-08-05 23:00:00,984.7,26.5,90,0.2,0.0,,,0.0,,,,,,,,,,,,,,,,,,,,,,,,,,,,
2012-08-06 00:00:00,984.4,26.0,93,0.1,0.0,,,0.0,,,,,,,,,,,,,,,,,,,,,,,,,,,,
2012-08-06 01:00:00,984.2,25.5,93,0.1,0.0,,,0.0,,,,,,,,,,,,,,,,,,,,,,,,,,,,
2012-08-06 02:00:00,983.6,26.1,93,0.3,117.0,,,0.0,,,,,,,,,,,,,,,,,,,,,,,,,,,,
2012-08-06 03:00:00,983.6,25.6,92,0.0,0.0,,,0.0,,,,,,,,,,,,,,,,,,,,,,,,,,,,
2012-08-06 04:00:00,983.6,25.6,93,0.3,88.0,,,0.0,,,,,,,,,,,,,,,,,,,,,,,,,,,,
2012-08-06 05:00:00,983.4,25.7,89,0.1,0.0,,,0.0,,,,,,,,,,,,,,,,,,,,,,,,,,,,
2012-08-06 06:00:00,983.6,25.4,90,0.3,53.0,,,0.0,,,,,,,,,,,,,,,,,,,,,,,,,,,,
2012-08-06 07:00:00,984.2,26.5,88,0.1,0.0,,,0.0,,,,,,,,,,,,,,,,,,,,,,,,,,,,
2012-08-06 08:00:00,984.2,27.0,82,0.3,260.0,,,0.0,,,,,,,,,,,,,,,,,,,,,,,,,,,,
2012-08-06 09:00:00,984.5,27.7,79,0.3,187.0,,,0.0,,,,,,,,,,,,,,,,,,,,,,,,,,,,
2012-08-06 10:00:00,984.6,28.6,72,0.5,248.0,,,0.0,,,,,,,,,,,,,,,,,,,,,,,,,,,,
2012-08-06 11:00:00,984.5,29.1,72,0.4,263.0,,,0.0,,,,,,,,,,,,,,,,,,,,,,,,,,,,
2012-08-06 12:00:00,984.4,28.7,72,0.3,167.0,,,0.0,,,,,,,,,,,,,,,,,,,,,,,,,,,,
2012-08-06 13:00:00,984.0,30.7,66,0.6,251.0,,,0.0,,,,,,,,,,,,,,,,,,,,,,,,,,,,
2012-08-06 14:00:00,983.4,30.4,66,0.4,256.0,,,0.0,,,,,,,,,,,,,,,,,,,,,,,,,,,,
2012-08-06 15:00:00,983.2,28.3,77,0.3,7.0,,,0.0,,,,,,,,,,,,,,,,,,,,,,,,,,,,
2012-08-06 16:00:00,982.6,28.0,82,0.4,79.0,,,0.0,,,,,,,,,,,,,,,,,,,,,,,,,,,,
2012-08-06 17:00:00,982.2,28.1,79,0.4,46.0,,,0.0,,,,,,,,,,,,,,,,,,,,,,,,,,,,
2012-08-06 18:00:00,981.9,27.8,80,0.4,174.0,,,0.0,,,,,,,,,,,,,,,,,,,,,,,,,,,,
2012-08-06 19:00:00,981.8,27.4,81,0.1,0.0,,,0.0,,,,,,,,,,,,,,,,,,,,,,,,,,,,
2012-08-06 20:00:00,982.2,27.3,82,0.2,0.0,,,0.0,,,,,,,,,,,,,,,,,,,,,,,,,,,,
2012-08-06 21:00:00,982.5,27.3,76,0.2,0.0,,,0.0,,,,,,,,,,,,,,,,,,,,,,,,,,,,
2012-08-06 22:00:00,982.8,27.0,82,0.3,53.0,,,0.0,,,,,,,,,,,,,,,,,,,,,,,,,,,,
2012-08-06 23:00:00,983.6,27.1,81,0.3,321.0,,,0.0,,,,,,,,,,,,,,,,,,,,,,,,,,,,
2012-08-07 00:00:00,983.6,25.3,96,0.2,0.0,,,0.5,,,,,,,,,,,,,,,,,,,,,,,,,,,,
2012-08-07 01:00:00,983.3,24.9,99,0.4,55.0,,,1.0,,,,,,,,,,,,,,,,,,,,,,,,,,,,
2012-08-07 02:00:00,982.8,24.2,99,0.3,90.0,,,3.0,,,,,,,,,,,,,,,,,,,,,,,,,,,,
2012-08-07 03:00:00,982.0,23.9,97,0.2,0.0,,,0.0,,,,,,,,,,,,,,,,,,,,,,,,,,,,
2012-08-07 04:00:00,981.7,24.2,96,0.2,0.0,,,0.0,,,,,,,,,,,,,,,,,,,,,,,,,,,,
2012-08-07 05:00:00,981.4,24.6,94,0.2,0.0,,,0.0,,,,,,,,,,,,,,,,,,,,,,,,,,,,
2012-08-07 06:00:00,982.0,24.4,95,0.1,0.0,,,0.0,,,,,,,,,,,,,,,,,,,,,,,,,,,,
2012-08-07 07:00:00,982.6,24.6,96,0.4,66.0,,,0.5,,,,,,,,,,,,,,,,,,,,,,,,,,,,
2012-08-07 08:00:00,982.7,26.0,90,0.1,0.0,,,0.0,,,,,,,,,,,,,,,,,,,,,,,,,,,,
2012-08-07 09:00:00,982.3,28.6,74,0.4,191.0,,,0.0,,,,,,,,,,,,,,,,,,,,,,,,,,,,
2012-08-07 10:00:00,982.3,31.1,62,0.6,256.0,,,0.0,,,,,,,,,,,,,,,,,,,,,,,,,,,,
2012-08-07 11:00:00,982.3,31.5,60,0.8,229.0,,,0.0,,,,,,,,,,,,,,,,,,,,,,,,,,,,
2012-08-07 12:00:00,982.0,32.1,60,0.7,266.0,,,0.0,,,,,,,,,,,,,,,,,,,,,,,,,,,,
2012-08-07 13:00:00,981.3,32.7,56,0.8,260.0,,,0.0,,,,,,,,,,,,,,,,,,,,,,,,,,,,
2012-08-07 14:00:00,980.4,32.3,58,0.4,256.0,,,0.0,,,,,,,,,,,,,,,,,,,,,,,,,,,,
2012-08-07 15:00:00,980.1,29.4,77,0.6,56.0,,,0.0,,,,,,,,,,,,,,,,,,,,,,,,,,,,
2012-08-07 16:00:00,980.6,28.5,76,0.4,184.0,,,0.0,,,,,,,,,,,,,,,,,,,,,,,,,,,,
2012-08-07 17:00:00,980.4,29.5,74,0.3,242.0,,,0.0,,,,,,,,,,,,,,,,,,,,,,,,,,,,
2012-08-07 18:00:00,980.4,28.8,77,0.3,255.0,,,0.0,,,,,,,,,,,,,,,,,,,,,,,,,,,,
2012-08-07 19:00:00,980.7,28.1,75,0.2,0.0,,,0.0,,,,,,,,,,,,,,,,,,,,,,,,,,,,
2012-08-07 20:00:00,980.8,27.6,85,0.3,58.0,,,0.0,,,,,,,,,,,,,,,,,,,,,,,,,,,,
2012-08-07 21:00:00,981.4,27.7,82,0.2,0.0,,,0.0,,,,,,,,,,,,,,,,,,,,,,,,,,,,
2012-08-07 22:00:00,981.7,27.6,85,0.1,0.0,,,0.0,,,,,,,,,,,,,,,,,,,,,,,,,,,,
2012-08-07 23:00:00,982.0,27.8,83,0.2,0.0,,,0.0,,,,,,,,,,,,,,,,,,,,,,,,,,,,
2012-08-08 00:00:00,982.2,27.5,84,0.3,38.0,,,0.0,,,,,,,,,,,,,,,,,,,,,,,,,,,,
2012-08-08 01:00:00,981.6,27.1,86,0.3,153.0,,,0.0,,,,,,,,,,,,,,,,,,,,,,,,,,,,
2012-08-08 02:00:00,980.8,27.0,87,0.2,0.0,,,0.0,,,,,,,,,,,,,,,,,,,,,,,,,,,,
2012-08-08 03:00:00,980.4,26.8,84,0.3,43.0,,,0.0,,,,,,,,,,,,,,,,,,,,,,,,,,,,
2012-08-08 04:00:00,980.3,26.9,83,0.2,0.0,,,0.0,,,,,,,,,,,,,,,,,,,,,,,,,,,,
2012-08-08 05:00:00,980.8,26.7,86,0.2,0.0,,,0.0,,,,,,,,,,,,,,,,,,,,,,,,,,,,
2012-08-08 06:00:00,981.3,27.1,83,0.3,9.0,,,0.0,,,,,,,,,,,,,,,,,,,,,,,,,,,,
2012-08-08 07:00:00,981.9,27.2,84,0.3,112.0,,,0.0,,,,,,,,,,,,,,,,,,,,,,,,,,,,
2012-08-08 08:00:00,981.9,28.4,78,0.4,162.0,,,0.0,,,,,,,,,,,,,,,,,,,,,,,,,,,,
2012-08-08 09:00:00,981.8,28.8,75,0.4,132.0,,,0.0,,,,,,,,,,,,,,,,,,,,,,,,,,,,
2012-08-08 10:00:00,981.5,31.0,65,0.5,288.0,,,0.0,,,,,,,,,,,,,,,,,,,,,,,,,,,,
2012-08-08 11:00:00,981.3,32.4,62,0.7,242.0,,,0.0,,,,,,,,,,,,,,,,,,,,,,,,,,,,
2012-08-08 12:00:00,981.0,33.0,57,0.6,232.0,,,0.0,,,,,,,,,,,,,,,,,,,,,,,,,,,,
2012-08-08 13:00:00,980.6,33.7,55,0.7,228.0,,,0.0,,,,,,,,,,,,,,,,,,,,,,,,,,,,
2012-08-08 14:00:00,979.9,33.2,57,0.7,255.0,,,0.0,,,,,,,,,,,,,,,,,,,,,,,,,,,,
2012-08-08 15:00:00,979.7,34.3,54,0.7,255.0,,,0.0,,,,,,,,,,,,,,,,,,,,,,,,,,,,
2012-08-08 16:00:00,979.5,33.7,59,0.5,252.0,,,0.0,,,,,,,,,,,,,,,,,,,,,,,,,,,,
2012-08-08 17:00:00,979.9,32.0,67,0.7,253.0,,,0.0,,,,,,,,,,,,,,,,,,,,,,,,,,,,
2012-08-08 18:00:00,980.8,30.7,73,0.7,248.0,,,0.0,,,,,,,,,,,,,,,,,,,,,,,,,,,,
2012-08-08 19:00:00,981.7,29.4,79,0.5,259.0,,,0.0,,,,,,,,,,,,,,,,,,,,,,,,,,,,
2012-08-08 20:00:00,981.9,29.2,80,0.4,78.0,,,0.0,,,,,,,,,,,,,,,,,,,,,,,,,,,,
2012-08-08 21:00:00,982.5,28.7,81,0.2,0.0,,,0.0,,,,,,,,,,,,,,,,,,,,,,,,,,,,
2012-08-08 22:00:00,982.6,28.7,82,0.2,0.0,,,0.0,,,,,,,,,,,,,,,,,,,,,,,,,,,,
2012-08-08 23:00:00,982.7,28.4,81,0.3,147.0,,,0.0,,,,,,,,,,,,,,,,,,,,,,,,,,,,
2012-08-09 00:00:00,982.5,28.1,83,0.2,0.0,,,0.0,,,,,,,,,,,,,,,,,,,,,,,,,,,,
2012-08-09 01:00:00,982.2,27.5,85,0.2,0.0,,,0.0,,,,,,,,,,,,,,,,,,,,,,,,,,,,
2012-08-09 02:00:00,981.9,27.3,84,0.2,0.0,,,0.0,,,,,,,,,,,,,,,,,,,,,,,,,,,,
2012-08-09 03:00:00,981.9,26.8,87,0.1,0.0,,,0.0,,,,,,,,,,,,,,,,,,,,,,,,,,,,
2012-08-09 04:00:00,982.0,27.6,80,0.3,171.0,,,0.0,,,,,,,,,,,,,,,,,,,,,,,,,,,,
2012-08-09 05:00:00,982.8,27.2,82,0.2,0.0,,,0.0,,,,,,,,,,,,,,,,,,,,,,,,,,,,
2012-08-09 06:00:00,982.8,27.0,83,0.1,0.0,,,0.0,,,,,,,,,,,,,,,,,,,,,,,,,,,,
2012-08-09 07:00:00,982.8,27.8,79,0.2,0.0,,,0.0,,,,,,,,,,,,,,,,,,,,,,,,,,,,
2012-08-09 08:00:00,983.9,28.8,73,0.4,251.0,,,0.0,,,,,,,,,,,,,,,,,,,,,,,,,,,,
2012-08-09 09:00:00,983.6,29.1,72,0.3,261.0,,,0.0,,,,,,,,,,,,,,,,,,,,,,,,,,,,
2012-08-09 10:00:00,984.1,30.6,62,0.4,203.0,,,0.0,,,,,,,,,,,,,,,,,,,,,,,,,,,,
2012-08-09 11:00:00,983.3,31.0,55,0.5,263.0,,,0.0,,,,,,,,,,,,,,,,,,,,,,,,,,,,
2012-08-09 12:00:00,983.2,31.7,55,0.5,250.0,,,0.0,,,,,,,,,,,,,,,,,,,,,,,,,,,,
2012-08-09 13:00:00,982.8,32.4,57,0.7,254.0,,,0.0,,,,,,,,,,,,,,,,,,,,,,,,,,,,
2012-08-09 14:00:00,982.5,32.9,52,0.6,258.0,,,0.0,,,,,,,,,,,,,,,,,,,,,,,,,,,,
2012-08-09 15:00:00,982.5,32.1,60,0.4,252.0,,,0.0,,,,,,,,,,,,,,,,,,,,,,,,,,,,
2012-08-09 16:00:00,982.8,29.7,67,0.5,262.0,,,0.0,,,,,,,,,,,,,,,,,,,,,,,,,,,,
2012-08-09 17:00:00,983.2,26.3,92,0.7,90.0,,,7.5,,,,,,,,,,,,,,,,,,,,,,,,,,,,
2012-08-09 18:00:00,983.0,27.1,86,0.2,0.0,,,0.0,,,,,,,,,,,,,,,,,,,,,,,,,,,,
2012-08-09 19:00:00,983.2,27.6,82,0.3,135.0,,,0.0,,,,,,,,,,,,,,,,,,,,,,,,,,,,
2012-08-09 20:00:00,983.6,28.0,75,0.2,0.0,,,0.0,,,,,,,,,,,,,,,,,,,,,,,,,,,,
2012-08-09 21:00:00,984.4,27.3,81,0.1,0.0,,,0.0,,,,,,,,,,,,,,,,,,,,,,,,,,,,
2012-08-09 22:00:00,984.5,27.3,81,0.1,0.0,,,0.0,,,,,,,,,,,,,,,,,,,,,,,,,,,,
2012-08-09 23:00:00,984.4,27.2,81,0.1,0.0,,,0.0,,,,,,,,,,,,,,,,,,,,,,,,,,,,
2012-08-10 00:00:00,984.5,27.0,81,0.1,0.0,,,0.0,,,,,,,,,,,,,,,,,,,,,,,,,,,,
2012-08-10 01:00:00,984.2,27.3,83,0.3,253.0,,,0.0,,,,,,,,,,,,,,,,,,,,,,,,,,,,
2012-08-10 02:00:00,984.4,27.0,83,0.2,0.0,,,0.0,,,,,,,,,,,,,,,,,,,,,,,,,,,,
2012-08-10 03:00:00,984.6,26.8,85,0.3,158.0,,,0.0,,,,,,,,,,,,,,,,,,,,,,,,,,,,
2012-08-10 04:00:00,985.2,26.6,85,0.3,282.0,,,0.0,,,,,,,,,,,,,,,,,,,,,,,,,,,,
2012-08-10 05:00:00,984.9,26.0,89,0.3,317.0,,,0.0,,,,,,,,,,,,,,,,,,,,,,,,,,,,
2012-08-10 06:00:00,985.4,26.1,89,0.1,0.0,,,0.0,,,,,,,,,,,,,,,,,,,,,,,,,,,,
2012-08-10 07:00:00,986.0,25.1,96,0.5,299.0,,,2.5,,,,,,,,,,,,,,,,,,,,,,,,,,,,
2012-08-10 08:00:00,986.2,26.4,88,0.1,0.0,,,0.0,,,,,,,,,,,,,,,,,,,,,,,,,,,,
2012-08-10 09:00:00,986.4,27.7,82,0.2,0.0,,,0.0,,,,,,,,,,,,,,,,,,,,,,,,,,,,
2012-08-10 10:00:00,986.4,29.9,69,0.3,151.0,,,0.0,,,,,,,,,,,,,,,,,,,,,,,,,,,,
2012-08-10 11:00:00,986.7,29.8,68,0.4,288.0,,,0.0,,,,,,,,,,,,,,,,,,,,,,,,,,,,
2012-08-10 12:00:00,986.5,30.3,69,0.5,286.0,,,0.0,,,,,,,,,,,,,,,,,,,,,,,,,,,,
2012-08-10 13:00:00,986.1,31.4,65,0.5,296.0,,,0.0,,,,,,,,,,,,,,,,,,,,,,,,,,,,
2012-08-10 14:00:00,985.5,31.6,63,0.5,264.0,,,0.5,,,,,,,,,,,,,,,,,,,,,,,,,,,,
2012-08-10 15:00:00,985.4,31.2,62,0.6,255.0,,,0.0,,,,,,,,,,,,,,,,,,,,,,,,,,,,
2012-08-10 16:00:00,985.4,31.1,62,0.5,65.0,,,0.0,,,,,,,,,,,,,,,,,,,,,,,,,,,,
2012-08-10 17:00:00,985.9,30.7,59,0.4,258.0,,,0.0,,,,,,,,,,,,,,,,,,,,,,,,,,,,
2012-08-10 18:00:00,986.1,29.6,63,0.4,251.0,,,0.0,,,,,,,,,,,,,,,,,,,,,,,,,,,,
2012-08-10 19:00:00,986.2,28.9,66,0.3,296.0,,,0.0,,,,,,,,,,,,,,,,,,,,,,,,,,,,
2012-08-10 20:00:00,986.4,29.0,64,0.3,253.0,,,0.0,,,,,,,,,,,,,,,,,,,,,,,,,,,,
2012-08-10 21:00:00,987.0,28.5,68,0.5,254.0,,,0.0,,,,,,,,,,,,,,,,,,,,,,,,,,,,
2012-08-10 22:00:00,987.8,28.0,71,0.3,74.0,,,0.0,,,,,,,,,,,,,,,,,,,,,,,,,,,,
2012-08-10 23:00:00,987.8,27.6,74,0.2,0.0,,,0.0,,,,,,,,,,,,,,,,,,,,,,,,,,,,
2012-08-11 00:00:00,987.6,27.6,77,0.3,28.0,,,0.0,,,,,,,,,,,,,,,,,,,,,,,,,,,,
2012-08-11 01:00:00,987.3,27.8,75,0.3,268.0,,,0.0,,,,,,,,,,,,,,,,,,,,,,,,,,,,
2012-08-11 02:00:00,986.9,27.5,74,0.3,160.0,,,0.0,,,,,,,,,,,,,,,,,,,,,,,,,,,,
2012-08-11 03:00:00,987.2,27.5,73,0.2,0.0,,,0.0,,,,,,,,,,,,,,,,,,,,,,,,,,,,
2012-08-11 04:00:00,987.3,24.8,98,0.2,0.0,,,4.0,,,,,,,,,,,,,,,,,,,,,,,,,,,,
2012-08-11 05:00:00,987.6,25.5,91,0.3,118.0,,,0.5,,,,,,,,,,,,,,,,,,,,,,,,,,,,
2012-08-11 06:00:00,988.0,25.2,95,0.1,0.0,,,0.0,,,,,,,,,,,,,,,,,,,,,,,,,,,,
2012-08-11 07:00:00,988.9,25.1,94,0.3,85.0,,,0.5,,,,,,,,,,,,,,,,,,,,,,,,,,,,
2012-08-11 08:00:00,988.6,26.2,87,0.2,0.0,,,0.5,,,,,,,,,,,,,,,,,,,,,,,,,,,,
2012-08-11 09:00:00,988.8,29.2,72,0.3,69.0,,,0.0,,,,,,,,,,,,,,,,,,,,,,,,,,,,
2012-08-11 10:00:00,989.4,28.7,70,0.3,283.0,,,0.0,,,,,,,,,,,,,,,,,,,,,,,,,,,,
2012-08-11 11:00:00,989.3,28.8,71,0.2,0.0,,,0.0,,,,,,,,,,,,,,,,,,,,,,,,,,,,
2012-08-11 12:00:00,988.3,30.3,65,0.4,193.0,,,0.0,,,,,,,,,,,,,,,,,,,,,,,,,,,,
2012-08-11 13:00:00,987.3,31.7,57,0.6,265.0,,,0.0,,,,,,,,,,,,,,,,,,,,,,,,,,,,
2012-08-11 14:00:00,987.0,33.1,51,0.8,260.0,,,0.0,,,,,,,,,,,,,,,,,,,,,,,,,,,,
2012-08-11 15:00:00,986.4,33.2,53,0.6,249.0,,,0.0,,,,,,,,,,,,,,,,,,,,,,,,,,,,
2012-08-11 16:00:00,987.0,31.2,62,0.7,250.0,,,0.0,,,,,,,,,,,,,,,,,,,,,,,,,,,,
2012-08-11 17:00:00,987.2,30.1,66,0.5,256.0,,,0.0,,,,,,,,,,,,,,,,,,,,,,,,,,,,
2012-08-11 18:00:00,987.6,29.0,74,0.4,255.0,,,0.0,,,,,,,,,,,,,,,,,,,,,,,,,,,,
2012-08-11 19:00:00,987.9,28.6,75,0.5,258.0,,,0.0,,,,,,,,,,,,,,,,,,,,,,,,,,,,
2012-08-11 20:00:00,988.6,28.3,74,0.3,210.0,,,0.0,,,,,,,,,,,,,,,,,,,,,,,,,,,,
2012-08-11 21:00:00,989.0,27.8,76,0.3,135.0,,,0.0,,,,,,,,,,,,,,,,,,,,,,,,,,,,
2012-08-11 22:00:00,989.3,27.7,75,0.2,0.0,,,0.0,,,,,,,,,,,,,,,,,,,,,,,,,,,,
2012-08-11 23:00:00,988.9,27.3,77,0.2,0.0,,,0.0,,,,,,,,,,,,,,,,,,,,,,,,,,,,
2012-08-12 00:00:00,988.8,27.1,77,0.3,264.0,,,0.0,,,,,,,,,,,,,,,,,,,,,,,,,,,,
2012-08-12 01:00:00,988.6,26.4,83,0.2,0.0,,,0.0,,,,,,,,,,,,,,,,,,,,,,,,,,,,
2012-08-12 02:00:00,987.9,26.6,80,0.2,0.0,,,0.0,,,,,,,,,,,,,,,,,,,,,,,,,,,,
2012-08-12 03:00:00,987.6,26.6,79,0.1,0.0,,,0.0,,,,,,,,,,,,,,,,,,,,,,,,,,,,
2012-08-12 04:00:00,987.6,26.6,77,0.2,0.0,,,0.0,,,,,,,,,,,,,,,,,,,,,,,,,,,,
2012-08-12 05:00:00,987.4,27.0,75,0.1,0.0,,,0.0,,,,,,,,,,,,,,,,,,,,,,,,,,,,
2012-08-12 06:00:00,987.9,27.2,74,0.2,0.0,,,0.0,,,,,,,,,,,,,,,,,,,,,,,,,,,,
2012-08-12 07:00:00,988.1,28.4,72,0.1,0.0,,,0.0,,,,,,,,,,,,,,,,,,,,,,,,,,,,
2012-08-12 08:00:00,987.9,30.8,60,0.3,177.0,,,0.0,,,,,,,,,,,,,,,,,,,,,,,,,,,,
2012-08-12 09:00:00,987.4,31.5,57,0.5,248.0,,,0.0,,,,,,,,,,,,,,,,,,,,,,,,,,,,
2012-08-12 10:00:00,987.8,32.3,54,0.5,266.0,,,0.0,,,,,,,,,,,,,,,,,,,,,,,,,,,,
2012-08-12 11:00:00,988.3,32.5,54,0.5,253.0,,,0.0,,,,,,,,,,,,,,,,,,,,,,,,,,,,
2012-08-12 12:00:00,987.6,33.1,54,0.5,268.0,,,0.0,,,,,,,,,,,,,,,,,,,,,,,,,,,,
2012-08-12 13:00:00,986.5,33.1,52,0.5,260.0,,,0.0,,,,,,,,,,,,,,,,,,,,,,,,,,,,
2012-08-12 14:00:00,986.2,33.8,53,0.6,249.0,,,0.0,,,,,,,,,,,,,,,,,,,,,,,,,,,,
2012-08-12 15:00:00,986.3,32.8,55,0.7,249.0,,,0.0,,,,,,,,,,,,,,,,,,,,,,,,,,,,
2012-08-12 16:00:00,986.1,33.3,52,0.7,255.0,,,0.0,,,,,,,,,,,,,,,,,,,,,,,,,,,,
2012-08-12 17:00:00,986.6,27.3,91,0.3,350.0,,,4.0,,,,,,,,,,,,,,,,,,,,,,,,,,,,
2012-08-12 18:00:00,987.0,28.5,79,0.2,0.0,,,0.5,,,,,,,,,,,,,,,,,,,,,,,,,,,,
2012-08-12 19:00:00,987.4,28.0,78,0.2,0.0,,,0.0,,,,,,,,,,,,,,,,,,,,,,,,,,,,
2012-08-12 20:00:00,988.0,28.0,76,0.3,209.0,,,0.0,,,,,,,,,,,,,,,,,,,,,,,,,,,,
2012-08-12 21:00:00,988.2,28.1,77,0.2,0.0,,,0.0,,,,,,,,,,,,,,,,,,,,,,,,,,,,
2012-08-12 22:00:00,988.2,27.9,79,0.2,0.0,,,0.0,,,,,,,,,,,,,,,,,,,,,,,,,,,,
2012-08-12 23:00:00,988.0,27.7,78,0.3,144.0,,,0.0,,,,,,,,,,,,,,,,,,,,,,,,,,,,
2012-08-13 00:00:00,987.9,27.0,82,0.2,0.0,,,0.0,,,,,,,,,,,,,,,,,,,,,,,,,,,,
2012-08-13 01:00:00,987.4,26.9,82,0.2,0.0,,,0.0,,,,,,,,,,,,,,,,,,,,,,,,,,,,
2012-08-13 02:00:00,987.3,26.2,87,0.2,0.0,,,0.0,,,,,,,,,,,,,,,,,,,,,,,,,,,,
2012-08-13 03:00:00,986.9,26.1,86,0.1,0.0,,,0.0,,,,,,,,,,,,,,,,,,,,,,,,,,,,
2012-08-13 04:00:00,986.6,25.8,88,0.1,0.0,,,0.0,,,,,,,,,,,,,,,,,,,,,,,,,,,,
2012-08-13 05:00:00,987.0,26.0,87,0.3,33.0,,,0.0,,,,,,,,,,,,,,,,,,,,,,,,,,,,
2012-08-13 06:00:00,986.9,25.7,88,0.2,0.0,,,0.0,,,,,,,,,,,,,,,,,,,,,,,,,,,,
2012-08-13 07:00:00,987.3,28.0,76,0.3,263.0,,,0.0,,,,,,,,,,,,,,,,,,,,,,,,,,,,
2012-08-13 08:00:00,987.4,29.6,67,0.4,204.0,,,0.0,,,,,,,,,,,,,,,,,,,,,,,,,,,,
2012-08-13 09:00:00,988.1,30.8,60,0.4,215.0,,,0.0,,,,,,,,,,,,,,,,,,,,,,,,,,,,
2012-08-13 10:00:00,988.5,31.6,59,0.5,246.0,,,0.0,,,,,,,,,,,,,,,,,,,,,,,,,,,,
2012-08-13 11:00:00,988.3,32.5,61,0.5,255.0,,,0.0,,,,,,,,,,,,,,,,,,,,,,,,,,,,
2012-08-13 12:00:00,987.4,31.8,56,0.4,260.0,,,0.0,,,,,,,,,,,,,,,,,,,,,,,,,,,,
2012-08-13 13:00:00,986.7,32.7,54,0.6,244.0,,,0.0,,,,,,,,,,,,,,,,,,,,,,,,,,,,
2012-08-13 14:00:00,986.1,33.8,54,0.5,256.0,,,0.0,,,,,,,,,,,,,,,,,,,,,,,,,,,,
2012-08-13 15:00:00,985.8,32.6,60,0.5,278.0,,,0.0,,,,,,,,,,,,,,,,,,,,,,,,,,,,
2012-08-13 16:00:00,986.0,32.6,59,0.4,291.0,,,0.0,,,,,,,,,,,,,,,,,,,,,,,,,,,,
2012-08-13 17:00:00,986.3,30.6,67,0.2,0.0,,,0.0,,,,,,,,,,,,,,,,,,,,,,,,,,,,
2012-08-13 18:00:00,986.1,30.1,67,0.3,283.0,,,0.0,,,,,,,,,,,,,,,,,,,,,,,,,,,,
2012-08-13 19:00:00,986.9,29.1,73,0.4,290.0,,,0.0,,,,,,,,,,,,,,,,,,,,,,,,,,,,
2012-08-13 20:00:00,987.3,28.4,78,0.3,301.0,,,0.0,,,,,,,,,,,,,,,,,,,,,,,,,,,,
2012-08-13 21:00:00,987.9,28.4,80,0.3,106.0,,,0.0,,,,,,,,,,,,,,,,,,,,,,,,,,,,
2012-08-13 22:00:00,988.0,27.9,83,0.3,42.0,,,0.0,,,,,,,,,,,,,,,,,,,,,,,,,,,,
2012-08-13 23:00:00,987.9,27.9,82,0.3,85.0,,,0.0,,,,,,,,,,,,,,,,,,,,,,,,,,,,
2012-08-14 00:00:00,987.9,27.6,86,0.3,59.0,,,0.0,,,,,,,,,,,,,,,,,,,,,,,,,,,,
2012-08-14 01:00:00,987.1,27.5,86,0.3,54.0,,,0.0,,,,,,,,,,,,,,,,,,,,,,,,,,,,
2012-08-14 02:00:00,986.7,27.1,88,0.3,84.0,,,0.0,,,,,,,,,,,,,,,,,,,,,,,,,,,,
2012-08-14 03:00:00,986.4,26.7,89,0.1,0.0,,,0.0,,,,,,,,,,,,,,,,,,,,,,,,,,,,
2012-08-14 04:00:00,986.4,26.7,90,0.1,0.0,,,0.0,,,,,,,,,,,,,,,,,,,,,,,,,,,,
2012-08-14 05:00:00,986.4,26.5,90,0.2,0.0,,,0.0,,,,,,,,,,,,,,,,,,,,,,,,,,,,
2012-08-14 06:00:00,986.7,26.6,87,0.2,0.0,,,0.0,,,,,,,,,,,,,,,,,,,,,,,,,,,,
2012-08-14 07:00:00,987.4,27.2,83,0.3,62.0,,,0.0,,,,,,,,,,,,,,,,,,,,,,,,,,,,
2012-08-14 08:00:00,987.6,28.6,78,0.3,44.0,,,0.0,,,,,,,,,,,,,,,,,,,,,,,,,,,,
2012-08-14 09:00:00,987.9,29.7,74,0.4,346.0,,,0.0,,,,,,,,,,,,,,,,,,,,,,,,,,,,
2012-08-14 10:00:00,987.9,29.6,76,0.4,309.0,,,0.0,,,,,,,,,,,,,,,,,,,,,,,,,,,,
2012-08-14 11:00:00,987.6,30.9,71,0.5,346.0,,,0.0,,,,,,,,,,,,,,,,,,,,,,,,,,,,
2012-08-14 12:00:00,987.6,30.7,70,0.5,322.0,,,0.0,,,,,,,,,,,,,,,,,,,,,,,,,,,,
2012-08-14 13:00:00,987.4,30.2,73,0.7,317.0,,,0.0,,,,,,,,,,,,,,,,,,,,,,,,,,,,
2012-08-14 14:00:00,987.0,31.4,64,0.5,343.0,,,0.0,,,,,,,,,,,,,,,,,,,,,,,,,,,,
2012-08-14 15:00:00,986.7,30.7,70,0.6,324.0,,,0.0,,,,,,,,,,,,,,,,,,,,,,,,,,,,
2012-08-14 16:00:00,986.5,30.4,70,0.6,351.0,,,0.0,,,,,,,,,,,,,,,,,,,,,,,,,,,,
2012-08-14 17:00:00,986.4,30.2,70,0.6,33.0,,,0.0,,,,,,,,,,,,,,,,,,,,,,,,,,,,
2012-08-14 18:00:00,986.4,29.1,72,0.4,49.0,,,0.0,,,,,,,,,,,,,,,,,,,,,,,,,,,,
2012-08-14 19:00:00,986.7,28.4,76,0.3,24.0,,,0.0,,,,,,,,,,,,,,,,,,,,,,,,,,,,
2012-08-14 20:00:00,986.8,28.1,78,0.3,73.0,,,0.0,,,,,,,,,,,,,,,,,,,,,,,,,,,,
2012-08-14 21:00:00,986.1,27.7,81,0.3,349.0,,,0.0,,,,,,,,,,,,,,,,,,,,,,,,,,,,
2012-08-14 22:00:00,986.1,27.1,84,0.2,0.0,,,0.0,,,,,,,,,,,,,,,,,,,,,,,,,,,,
2012-08-14 23:00:00,986.1,27.3,84,0.2,0.0,,,0.0,,,,,,,,,,,,,,,,,,,,,,,,,,,,
2012-08-15 00:00:00,986.4,26.8,87,0.2,0.0,,,0.0,,,,,,,,,,,,,,,,,,,,,,,,,,,,
2012-08-15 01:00:00,985.5,26.5,91,0.1,0.0,,,0.0,,,,,,,,,,,,,,,,,,,,,,,,,,,,
2012-08-15 02:00:00,984.1,26.2,93,0.3,48.0,,,0.0,,,,,,,,,,,,,,,,,,,,,,,,,,,,
2012-08-15 03:00:00,983.4,26.4,90,0.2,0.0,,,0.0,,,,,,,,,,,,,,,,,,,,,,,,,,,,
2012-08-15 04:00:00,984.1,26.6,90,0.0,0.0,,,0.0,,,,,,,,,,,,,,,,,,,,,,,,,,,,
2012-08-15 05:00:00,983.7,26.3,90,0.3,79.0,,,0.0,,,,,,,,,,,,,,,,,,,,,,,,,,,,
2012-08-15 06:00:00,984.4,26.4,90,0.3,90.0,,,0.0,,,,,,,,,,,,,,,,,,,,,,,,,,,,
2012-08-15 07:00:00,984.9,26.8,88,0.2,0.0,,,0.0,,,,,,,,,,,,,,,,,,,,,,,,,,,,
2012-08-15 08:00:00,985.2,27.3,83,0.3,75.0,,,0.0,,,,,,,,,,,,,,,,,,,,,,,,,,,,
2012-08-15 09:00:00,985.4,28.6,78,0.2,0.0,,,0.0,,,,,,,,,,,,,,,,,,,,,,,,,,,,
2012-08-15 10:00:00,985.7,29.5,74,0.3,245.0,,,0.0,,,,,,,,,,,,,,,,,,,,,,,,,,,,
2012-08-15 11:00:00,985.4,31.2,67,0.5,275.0,,,0.0,,,,,,,,,,,,,,,,,,,,,,,,,,,,
2012-08-15 12:00:00,984.9,32.2,64,0.4,354.0,,,0.0,,,,,,,,,,,,,,,,,,,,,,,,,,,,
2012-08-15 13:00:00,984.5,31.6,61,0.4,261.0,,,0.0,,,,,,,,,,,,,,,,,,,,,,,,,,,,
2012-08-15 14:00:00,984.1,32.2,70,0.5,301.0,,,0.0,,,,,,,,,,,,,,,,,,,,,,,,,,,,
2012-08-15 15:00:00,983.8,31.3,69,0.5,328.0,,,0.0,,,,,,,,,,,,,,,,,,,,,,,,,,,,
2012-08-15 16:00:00,983.5,31.4,68,0.5,296.0,,,0.0,,,,,,,,,,,,,,,,,,,,,,,,,,,,
2012-08-15 17:00:00,983.3,31.0,68,0.4,17.0,,,0.0,,,,,,,,,,,,,,,,,,,,,,,,,,,,
2012-08-15 18:00:00,983.2,30.5,72,0.3,48.0,,,0.0,,,,,,,,,,,,,,,,,,,,,,,,,,,,
2012-08-15 19:00:00,983.3,30.3,71,0.3,64.0,,,0.0,,,,,,,,,,,,,,,,,,,,,,,,,,,,
2012-08-15 20:00:00,984.1,29.5,75,0.2,0.0,,,0.0,,,,,,,,,,,,,,,,,,,,,,,,,,,,
2012-08-15 21:00:00,984.2,28.6,85,0.3,297.0,,,0.0,,,,,,,,,,,,,,,,,,,,,,,,,,,,
2012-08-15 22:00:00,984.2,28.4,86,0.2,0.0,,,0.0,,,,,,,,,,,,,,,,,,,,,,,,,,,,
2012-08-15 23:00:00,983.9,28.3,85,0.2,0.0,,,0.0,,,,,,,,,,,,,,,,,,,,,,,,,,,,
2012-08-16 00:00:00,983.8,27.8,88,0.1,0.0,,,0.0,,,,,,,,,,,,,,,,,,,,,,,,,,,,
2012-08-16 01:00:00,983.3,27.5,89,0.1,0.0,,,0.0,,,,,,,,,,,,,,,,,,,,,,,,,,,,
2012-08-16 02:00:00,983.2,27.7,88,0.2,0.0,,,0.0,,,,,,,,,,,,,,,,,,,,,,,,,,,,
2012-08-16 03:00:00,982.9,27.4,90,0.1,0.0,,,0.0,,,,,,,,,,,,,,,,,,,,,,,,,,,,
2012-08-16 04:00:00,982.9,27.7,84,0.2,0.0,,,0.0,,,,,,,,,,,,,,,,,,,,,,,,,,,,
2012-08-16 05:00:00,982.9,27.6,88,0.2,0.0,,,0.0,,,,,,,,,,,,,,,,,,,,,,,,,,,,
2012-08-16 06:00:00,983.9,27.7,88,0.1,0.0,,,0.0,,,,,,,,,,,,,,,,,,,,,,,,,,,,
2012-08-16 07:00:00,984.5,27.9,86,0.2,0.0,,,0.0,,,,,,,,,,,,,,,,,,,,,,,,,,,,
2012-08-16 08:00:00,985.7,28.6,80,0.2,0.0,,,0.0,,,,,,,,,,,,,,,,,,,,,,,,,,,,
2012-08-16 09:00:00,986.4,28.8,79,0.3,261.0,,,0.0,,,,,,,,,,,,,,,,,,,,,,,,,,,,
2012-08-16 10:00:00,986.6,29.9,74,0.2,0.0,,,0.0,,,,,,,,,,,,,,,,,,,,,,,,,,,,
2012-08-16 11:00:00,986.4,30.0,72,0.3,239.0,,,0.0,,,,,,,,,,,,,,,,,,,,,,,,,,,,
2012-08-16 12:00:00,985.7,32.0,61,0.6,242.0,,,0.0,,,,,,,,,,,,,,,,,,,,,,,,,,,,
2012-08-16 13:00:00,985.6,31.7,61,0.4,251.0,,,0.0,,,,,,,,,,,,,,,,,,,,,,,,,,,,
2012-08-16 14:00:00,985.5,31.5,61,0.3,263.0,,,0.0,,,,,,,,,,,,,,,,,,,,,,,,,,,,
2012-08-16 15:00:00,985.2,31.1,62,0.3,271.0,,,0.0,,,,,,,,,,,,,,,,,,,,,,,,,,,,
2012-08-16 16:00:00,985.5,30.4,66,0.3,287.0,,,0.0,,,,,,,,,,,,,,,,,,,,,,,,,,,,
2012-08-16 17:00:00,985.7,29.2,79,0.3,276.0,,,0.0,,,,,,,,,,,,,,,,,,,,,,,,,,,,
2012-08-16 18:00:00,985.9,28.0,84,0.3,313.0,,,0.0,,,,,,,,,,,,,,,,,,,,,,,,,,,,
2012-08-16 19:00:00,987.0,27.6,89,0.3,53.0,,,0.0,,,,,,,,,,,,,,,,,,,,,,,,,,,,
2012-08-16 20:00:00,987.4,27.6,89,0.3,342.0,,,0.0,,,,,,,,,,,,,,,,,,,,,,,,,,,,
2012-08-16 21:00:00,988.7,27.1,91,0.3,78.0,,,0.0,,,,,,,,,,,,,,,,,,,,,,,,,,,,
2012-08-16 22:00:00,989.9,24.2,94,0.2,0.0,,,3.5,,,,,,,,,,,,,,,,,,,,,,,,,,,,
2012-08-16 23:00:00,989.8,23.9,94,0.1,0.0,,,2.0,,,,,,,,,,,,,,,,,,,,,,,,,,,,
2012-08-17 00:00:00,989.3,24.8,91,0.3,75.0,,,0.5,,,,,,,,,,,,,,,,,,,,,,,,,,,,
2012-08-17 01:00:00,988.0,25.0,91,0.1,0.0,,,0.0,,,,,,,,,,,,,,,,,,,,,,,,,,,,
2012-08-17 02:00:00,988.2,25.0,92,0.2,0.0,,,0.0,,,,,,,,,,,,,,,,,,,,,,,,,,,,
2012-08-17 03:00:00,987.9,24.9,92,0.3,69.0,,,0.0,,,,,,,,,,,,,,,,,,,,,,,,,,,,
2012-08-17 04:00:00,987.4,24.4,95,0.0,0.0,,,0.0,,,,,,,,,,,,,,,,,,,,,,,,,,,,
2012-08-17 05:00:00,987.8,25.0,93,0.3,76.0,,,0.0,,,,,,,,,,,,,,,,,,,,,,,,,,,,
2012-08-17 06:00:00,988.2,25.5,87,0.2,0.0,,,0.0,,,,,,,,,,,,,,,,,,,,,,,,,,,,
2012-08-17 07:00:00,988.6,26.2,81,0.2,0.0,,,0.0,,,,,,,,,,,,,,,,,,,,,,,,,,,,
2012-08-17 08:00:00,989.3,29.2,67,0.4,61.0,,,0.0,,,,,,,,,,,,,,,,,,,,,,,,,,,,
2012-08-17 09:00:00,990.4,30.9,61,0.3,59.0,,,0.0,,,,,,,,,,,,,,,,,,,,,,,,,,,,
2012-08-17 10:00:00,990.5,31.3,59,0.3,275.0,,,0.0,,,,,,,,,,,,,,,,,,,,,,,,,,,,
2012-08-17 11:00:00,990.1,31.4,59,0.5,277.0,,,0.0,,,,,,,,,,,,,,,,,,,,,,,,,,,,
2012-08-17 12:00:00,989.9,33.0,52,0.5,258.0,,,0.0,,,,,,,,,,,,,,,,,,,,,,,,,,,,
2012-08-17 13:00:00,989.6,32.8,57,0.6,304.0,,,0.0,,,,,,,,,,,,,,,,,,,,,,,,,,,,
2012-08-17 14:00:00,989.0,31.5,64,0.5,291.0,,,0.0,,,,,,,,,,,,,,,,,,,,,,,,,,,,
2012-08-17 15:00:00,988.9,27.0,86,0.4,68.0,,,0.5,,,,,,,,,,,,,,,,,,,,,,,,,,,,
2012-08-17 16:00:00,989.7,26.3,88,0.2,0.0,,,2.0,,,,,,,,,,,,,,,,,,,,,,,,,,,,
2012-08-17 17:00:00,989.7,25.7,88,0.2,0.0,,,0.5,,,,,,,,,,,,,,,,,,,,,,,,,,,,
2012-08-17 18:00:00,990.1,24.8,94,0.2,0.0,,,2.0,,,,,,,,,,,,,,,,,,,,,,,,,,,,
2012-08-17 19:00:00,990.4,24.6,95,0.3,74.0,,,0.5,,,,,,,,,,,,,,,,,,,,,,,,,,,,
2012-08-17 20:00:00,991.1,24.4,97,0.0,0.0,,,8.5,,,,,,,,,,,,,,,,,,,,,,,,,,,,
2012-08-17 21:00:00,991.5,25.0,95,0.1,0.0,,,1.0,,,,,,,,,,,,,,,,,,,,,,,,,,,,
2012-08-17 22:00:00,991.5,24.7,98,0.1,0.0,,,0.0,,,,,,,,,,,,,,,,,,,,,,,,,,,,
2012-08-17 23:00:00,991.5,25.0,96,0.1,0.0,,,0.0,,,,,,,,,,,,,,,,,,,,,,,,,,,,
2012-08-18 00:00:00,991.1,24.9,95,0.2,0.0,,,0.0,,,,,,,,,,,,,,,,,,,,,,,,,,,,
2012-08-18 01:00:00,990.4,24.5,97,0.0,0.0,,,0.0,,,,,,,,,,,,,,,,,,,,,,,,,,,,
2012-08-18 02:00:00,989.5,25.3,89,0.3,63.0,,,0.0,,,,,,,,,,,,,,,,,,,,,,,,,,,,
2012-08-18 03:00:00,988.7,25.1,87,0.2,0.0,,,0.0,,,,,,,,,,,,,,,,,,,,,,,,,,,,
2012-08-18 04:00:00,989.1,25.3,86,0.3,63.0,,,0.0,,,,,,,,,,,,,,,,,,,,,,,,,,,,
2012-08-18 05:00:00,989.3,24.7,91,0.2,0.0,,,0.0,,,,,,,,,,,,,,,,,,,,,,,,,,,,
2012-08-18 06:00:00,989.8,24.8,93,0.2,0.0,,,0.0,,,,,,,,,,,,,,,,,,,,,,,,,,,,
2012-08-18 07:00:00,990.1,25.5,91,0.1,0.0,,,0.0,,,,,,,,,,,,,,,,,,,,,,,,,,,,
2012-08-18 08:00:00,990.4,26.9,81,0.3,157.0,,,0.0,,,,,,,,,,,,,,,,,,,,,,,,,,,,
2012-08-18 09:00:00,991.1,27.9,76,0.4,275.0,,,0.0,,,,,,,,,,,,,,,,,,,,,,,,,,,,
2012-08-18 10:00:00,991.4,27.9,77,0.3,292.0,,,0.0,,,,,,,,,,,,,,,,,,,,,,,,,,,,
2012-08-18 11:00:00,991.4,27.4,84,0.2,0.0,,,0.0,,,,,,,,,,,,,,,,,,,,,,,,,,,,
2012-08-18 12:00:00,990.6,28.1,81,0.2,0.0,,,0.0,,,,,,,,,,,,,,,,,,,,,,,,,,,,
2012-08-18 13:00:00,990.2,27.3,87,0.3,251.0,,,0.0,,,,,,,,,,,,,,,,,,,,,,,,,,,,
2012-08-18 14:00:00,989.8,26.9,88,0.3,292.0,,,0.0,,,,,,,,,,,,,,,,,,,,,,,,,,,,
2012-08-18 15:00:00,989.1,26.2,89,0.3,284.0,,,0.0,,,,,,,,,,,,,,,,,,,,,,,,,,,,
2012-08-18 16:00:00,988.9,26.2,94,0.3,88.0,,,0.0,,,,,,,,,,,,,,,,,,,,,,,,,,,,
2012-08-18 17:00:00,988.9,26.5,88,0.2,0.0,,,0.0,,,,,,,,,,,,,,,,,,,,,,,,,,,,
2012-08-18 18:00:00,989.0,26.0,93,0.3,71.0,,,1.0,,,,,,,,,,,,,,,,,,,,,,,,,,,,
2012-08-18 19:00:00,989.6,26.1,89,0.1,0.0,,,0.0,,,,,,,,,,,,,,,,,,,,,,,,,,,,
2012-08-18 20:00:00,990.4,25.9,91,0.1,0.0,,,0.0,,,,,,,,,,,,,,,,,,,,,,,,,,,,
2012-08-18 21:00:00,990.6,25.9,92,0.3,69.0,,,0.0,,,,,,,,,,,,,,,,,,,,,,,,,,,,
2012-08-18 22:00:00,991.1,25.7,92,0.3,79.0,,,0.0,,,,,,,,,,,,,,,,,,,,,,,,,,,,
2012-08-18 23:00:00,991.6,25.7,92,0.1,0.0,,,0.0,,,,,,,,,,,,,,,,,,,,,,,,,,,,
2012-08-19 00:00:00,991.2,25.8,93,0.0,0.0,,,0.0,,,,,,,,,,,,,,,,,,,,,,,,,,,,
2012-08-19 01:00:00,990.6,25.3,96,0.0,0.0,,,0.0,,,,,,,,,,,,,,,,,,,,,,,,,,,,
2012-08-19 02:00:00,989.5,24.7,99,0.1,0.0,,,0.0,,,,,,,,,,,,,,,,,,,,,,,,,,,,
2012-08-19 03:00:00,988.9,24.7,97,0.1,0.0,,,0.0,,,,,,,,,,,,,,,,,,,,,,,,,,,,
2012-08-19 04:00:00,988.7,24.6,95,0.1,0.0,,,0.0,,,,,,,,,,,,,,,,,,,,,,,,,,,,
2012-08-19 05:00:00,988.6,24.6,94,0.2,0.0,,,0.0,,,,,,,,,,,,,,,,,,,,,,,,,,,,
2012-08-19 06:00:00,988.4,24.4,95,0.1,0.0,,,0.0,,,,,,,,,,,,,,,,,,,,,,,,,,,,
2012-08-19 07:00:00,988.6,27.1,81,0.2,0.0,,,0.0,,,,,,,,,,,,,,,,,,,,,,,,,,,,
2012-08-19 08:00:00,988.8,29.0,74,0.3,344.0,,,0.0,,,,,,,,,,,,,,,,,,,,,,,,,,,,
2012-08-19 09:00:00,989.0,29.8,70,0.7,329.0,,,0.0,,,,,,,,,,,,,,,,,,,,,,,,,,,,
2012-08-19 10:00:00,988.8,30.2,71,0.7,321.0,,,0.0,,,,,,,,,,,,,,,,,,,,,,,,,,,,
2012-08-19 11:00:00,988.9,31.2,67,0.7,318.0,,,0.0,,,,,,,,,,,,,,,,,,,,,,,,,,,,
2012-08-19 12:00:00,988.6,31.0,70,0.6,309.0,,,0.0,,,,,,,,,,,,,,,,,,,,,,,,,,,,
2012-08-19 13:00:00,988.2,32.3,66,0.7,302.0,,,0.0,,,,,,,,,,,,,,,,,,,,,,,,,,,,
2012-08-19 14:00:00,987.9,31.0,69,0.8,291.0,,,0.0,,,,,,,,,,,,,,,,,,,,,,,,,,,,
2012-08-19 15:00:00,987.3,30.5,70,0.7,313.0,,,0.0,,,,,,,,,,,,,,,,,,,,,,,,,,,,
2012-08-19 16:00:00,986.7,31.4,69,0.5,312.0,,,0.0,,,,,,,,,,,,,,,,,,,,,,,,,,,,
2012-08-19 17:00:00,986.7,29.7,74,0.6,302.0,,,0.0,,,,,,,,,,,,,,,,,,,,,,,,,,,,
2012-08-19 18:00:00,987.0,29.3,78,0.3,314.0,,,0.0,,,,,,,,,,,,,,,,,,,,,,,,,,,,
2012-08-19 19:00:00,987.1,28.5,83,0.3,293.0,,,0.0,,,,,,,,,,,,,,,,,,,,,,,,,,,,
2012-08-19 20:00:00,988.6,26.5,87,0.3,115.0,,,0.0,,,,,,,,,,,,,,,,,,,,,,,,,,,,
2012-08-19 21:00:00,989.6,24.7,97,0.3,244.0,,,4.0,,,,,,,,,,,,,,,,,,,,,,,,,,,,
2012-08-19 22:00:00,989.9,24.9,95,0.2,0.0,,,0.0,,,,,,,,,,,,,,,,,,,,,,,,,,,,
2012-08-19 23:00:00,989.0,25.0,94,0.0,0.0,,,0.0,,,,,,,,,,,,,,,,,,,,,,,,,,,,
2012-08-20 00:00:00,988.4,25.1,93,0.2,0.0,,,0.0,,,,,,,,,,,,,,,,,,,,,,,,,,,,
2012-08-20 01:00:00,988.2,25.0,92,0.1,0.0,,,0.0,,,,,,,,,,,,,,,,,,,,,,,,,,,,
2012-08-20 02:00:00,987.4,24.6,95,0.1,0.0,,,0.0,,,,,,,,,,,,,,,,,,,,,,,,,,,,
2012-08-20 03:00:00,987.0,24.2,95,0.2,0.0,,,0.0,,,,,,,,,,,,,,,,,,,,,,,,,,,,
2012-08-20 04:00:00,986.7,24.0,94,0.2,0.0,,,0.0,,,,,,,,,,,,,,,,,,,,,,,,,,,,
2012-08-20 05:00:00,987.0,23.8,97,0.1,0.0,,,0.0,,,,,,,,,,,,,,,,,,,,,,,,,,,,
2012-08-20 06:00:00,987.3,24.2,92,0.2,0.0,,,0.0,,,,,,,,,,,,,,,,,,,,,,,,,,,,
2012-08-20 07:00:00,987.5,27.4,77,0.1,0.0,,,0.0,,,,,,,,,,,,,,,,,,,,,,,,,,,,
2012-08-20 08:00:00,987.6,28.8,71,0.2,0.0,,,0.0,,,,,,,,,,,,,,,,,,,,,,,,,,,,
2012-08-20 09:00:00,988.3,30.1,64,0.4,255.0,,,0.0,,,,,,,,,,,,,,,,,,,,,,,,,,,,
2012-08-20 10:00:00,988.2,30.5,59,0.5,255.0,,,0.0,,,,,,,,,,,,,,,,,,,,,,,,,,,,
2012-08-20 11:00:00,987.9,31.3,55,0.6,265.0,,,0.0,,,,,,,,,,,,,,,,,,,,,,,,,,,,
2012-08-20 12:00:00,987.3,32.7,51,0.6,245.0,,,0.0,,,,,,,,,,,,,,,,,,,,,,,,,,,,
2012-08-20 13:00:00,986.9,32.9,59,0.9,310.0,,,0.0,,,,,,,,,,,,,,,,,,,,,,,,,,,,
2012-08-20 14:00:00,986.4,31.4,64,0.6,311.0,,,0.0,,,,,,,,,,,,,,,,,,,,,,,,,,,,
2012-08-20 15:00:00,985.7,30.5,67,0.5,11.0,,,0.0,,,,,,,,,,,,,,,,,,,,,,,,,,,,
2012-08-20 16:00:00,985.2,29.4,75,0.4,72.0,,,0.0,,,,,,,,,,,,,,,,,,,,,,,,,,,,
2012-08-20 17:00:00,985.2,30.2,69,0.4,297.0,,,0.0,,,,,,,,,,,,,,,,,,,,,,,,,,,,
2012-08-20 18:00:00,986.1,27.6,89,0.2,0.0,,,3.5,,,,,,,,,,,,,,,,,,,,,,,,,,,,
2012-08-20 19:00:00,987.2,23.7,97,0.2,0.0,,,24.0,,,,,,,,,,,,,,,,,,,,,,,,,,,,
2012-08-20 20:00:00,987.1,24.2,96,0.3,69.0,,,11.5,,,,,,,,,,,,,,,,,,,,,,,,,,,,
2012-08-20 21:00:00,987.1,25.0,94,0.3,64.0,,,0.0,,,,,,,,,,,,,,,,,,,,,,,,,,,,
2012-08-20 22:00:00,987.5,25.2,92,0.0,0.0,,,0.0,,,,,,,,,,,,,,,,,,,,,,,,,,,,
2012-08-20 23:00:00,988.0,25.2,93,0.1,0.0,,,0.0,,,,,,,,,,,,,,,,,,,,,,,,,,,,
2012-08-21 00:00:00,987.9,25.0,94,0.2,0.0,,,0.0,,,,,,,,,,,,,,,,,,,,,,,,,,,,
2012-08-21 01:00:00,987.6,25.2,91,0.0,0.0,,,0.0,,,,,,,,,,,,,,,,,,,,,,,,,,,,
2012-08-21 02:00:00,987.0,25.7,88,0.1,0.0,,,0.0,,,,,,,,,,,,,,,,,,,,,,,,,,,,
2012-08-21 03:00:00,986.4,25.2,91,0.1,0.0,,,0.0,,,,,,,,,,,,,,,,,,,,,,,,,,,,
2012-08-21 04:00:00,986.1,25.0,92,0.2,0.0,,,0.0,,,,,,,,,,,,,,,,,,,,,,,,,,,,
2012-08-21 05:00:00,986.4,25.2,88,0.2,0.0,,,0.0,,,,,,,,,,,,,,,,,,,,,,,,,,,,
2012-08-21 06:00:00,986.7,24.9,93,0.2,0.0,,,0.0,,,,,,,,,,,,,,,,,,,,,,,,,,,,
2012-08-21 07:00:00,986.8,27.7,77,0.3,81.0,,,0.0,,,,,,,,,,,,,,,,,,,,,,,,,,,,
2012-08-21 08:00:00,987.3,28.4,70,0.3,247.0,,,0.0,,,,,,,,,,,,,,,,,,,,,,,,,,,,
2012-08-21 09:00:00,987.6,29.9,63,0.4,250.0,,,0.0,,,,,,,,,,,,,,,,,,,,,,,,,,,,
2012-08-21 10:00:00,987.5,31.4,60,0.4,313.0,,,0.0,,,,,,,,,,,,,,,,,,,,,,,,,,,,
2012-08-21 11:00:00,987.5,31.4,63,0.4,305.0,,,0.0,,,,,,,,,,,,,,,,,,,,,,,,,,,,
2012-08-21 12:00:00,987.3,32.0,62,0.4,297.0,,,0.0,,,,,,,,,,,,,,,,,,,,,,,,,,,,
2012-08-21 13:00:00,987.1,31.5,60,0.6,306.0,,,0.0,,,,,,,,,,,,,,,,,,,,,,,,,,,,
2012-08-21 14:00:00,986.5,31.2,63,0.5,317.0,,,0.0,,,,,,,,,,,,,,,,,,,,,,,,,,,,
2012-08-21 15:00:00,986.0,30.5,68,0.4,355.0,,,-999.6,,,,,,,,,,,,,,,,,,,,,,,,,,,,
2012-08-21 16:00:00,985.8,31.3,65,0.5,11.0,,,0.0,,,,,,,,,,,,,,,,,,,,,,,,,,,,
2012-08-21 17:00:00,985.5,29.7,71,0.4,302.0,,,0.0,,,,,,,,,,,,,,,,,,,,,,,,,,,,
2012-08-21 18:00:00,985.2,28.9,75,0.3,346.0,,,0.0,,,,,,,,,,,,,,,,,,,,,,,,,,,,
2012-08-21 19:00:00,985.4,28.4,76,0.3,56.0,,,0.0,,,,,,,,,,,,,,,,,,,,,,,,,,,,
2012-08-21 20:00:00,986.1,28.1,79,0.3,64.0,,,0.0,,,,,,,,,,,,,,,,,,,,,,,,,,,,
2012-08-21 21:00:00,986.9,27.7,81,0.2,0.0,,,0.0,,,,,,,,,,,,,,,,,,,,,,,,,,,,
2012-08-21 22:00:00,987.2,27.7,82,0.2,0.0,,,0.0,,,,,,,,,,,,,,,,,,,,,,,,,,,,
2012-08-21 23:00:00,986.6,27.2,85,0.2,0.0,,,0.0,,,,,,,,,,,,,,,,,,,,,,,,,,,,
2012-08-22 00:00:00,987.0,27.4,84,0.2,0.0,,,0.0,,,,,,,,,,,,,,,,,,,,,,,,,,,,
2012-08-22 01:00:00,986.1,27.3,85,0.2,0.0,,,0.0,,,,,,,,,,,,,,,,,,,,,,,,,,,,
2012-08-22 02:00:00,985.4,26.9,87,0.1,0.0,,,-999.6,,,,,,,,,,,,,,,,,,,,,,,,,,,,
2012-08-22 03:00:00,985.4,26.5,89,0.2,0.0,,,0.0,,,,,,,,,,,,,,,,,,,,,,,,,,,,
2012-08-22 04:00:00,985.1,26.6,88,0.2,0.0,,,0.0,,,,,,,,,,,,,,,,,,,,,,,,,,,,
2012-08-22 05:00:00,985.3,26.5,87,0.1,0.0,,,0.0,,,,,,,,,,,,,,,,,,,,,,,,,,,,
2012-08-22 06:00:00,985.8,26.6,77,0.1,0.0,,,0.0,,,,,,,,,,,,,,,,,,,,,,,,,,,,
2012-08-22 07:00:00,985.8,27.1,77,0.2,0.0,,,-999.6,,,,,,,,,,,,,,,,,,,,,,,,,,,,
2012-08-22 08:00:00,985.8,27.9,73,0.3,98.0,,,0.0,,,,,,,,,,,,,,,,,,,,,,,,,,,,
2012-08-22 09:00:00,985.7,29.7,72,0.4,323.0,,,0.0,,,,,,,,,,,,,,,,,,,,,,,,,,,,
2012-08-22 10:00:00,985.7,29.2,70,0.3,309.0,,,0.0,,,,,,,,,,,,,,,,,,,,,,,,,,,,
2012-08-22 11:00:00,985.1,32.5,55,0.4,287.0,,,0.0,,,,,,,,,,,,,,,,,,,,,,,,,,,,
2012-08-22 12:00:00,984.8,31.7,59,0.5,277.0,,,0.0,,,,,,,,,,,,,,,,,,,,,,,,,,,,
2012-08-22 13:00:00,983.9,32.7,60,0.6,18.0,,,0.0,,,,,,,,,,,,,,,,,,,,,,,,,,,,
2012-08-22 14:00:00,983.2,31.2,69,0.8,337.0,,,0.0,,,,,,,,,,,,,,,,,,,,,,,,,,,,
2012-08-22 15:00:00,983.1,30.4,73,0.7,330.0,,,0.0,,,,,,,,,,,,,,,,,,,,,,,,,,,,
2012-08-22 16:00:00,982.3,31.1,71,0.5,323.0,,,0.0,,,,,,,,,,,,,,,,,,,,,,,,,,,,
2012-08-22 17:00:00,981.8,31.6,64,0.5,352.0,,,0.0,,,,,,,,,,,,,,,,,,,,,,,,,,,,
2012-08-22 18:00:00,982.4,30.6,59,0.4,23.0,,,0.0,,,,,,,,,,,,,,,,,,,,,,,,,,,,
2012-08-22 19:00:00,982.7,29.3,65,0.4,22.0,,,0.0,,,,,,,,,,,,,,,,,,,,,,,,,,,,
2012-08-22 20:00:00,983.5,28.6,71,0.3,338.0,,,0.0,,,,,,,,,,,,,,,,,,,,,,,,,,,,
2012-08-22 21:00:00,983.7,28.8,65,0.3,64.0,,,0.0,,,,,,,,,,,,,,,,,,,,,,,,,,,,
2012-08-22 22:00:00,983.5,28.2,69,0.3,52.0,,,0.0,,,,,,,,,,,,,,,,,,,,,,,,,,,,
2012-08-22 23:00:00,983.8,28.3,65,0.3,353.0,,,0.0,,,,,,,,,,,,,,,,,,,,,,,,,,,,
2012-08-23 00:00:00,983.9,27.3,74,0.1,0.0,,,0.0,,,,,,,,,,,,,,,,,,,,,,,,,,,,
2012-08-23 01:00:00,983.6,26.9,78,0.3,65.0,,,0.0,,,,,,,,,,,,,,,,,,,,,,,,,,,,
2012-08-23 02:00:00,983.1,26.8,76,0.2,0.0,,,0.0,,,,,,,,,,,,,,,,,,,,,,,,,,,,
2012-08-23 03:00:00,983.0,26.9,76,0.3,32.0,,,0.0,,,,,,,,,,,,,,,,,,,,,,,,,,,,
2012-08-23 04:00:00,982.4,26.5,79,0.3,64.0,,,0.0,,,,,,,,,,,,,,,,,,,,,,,,,,,,
2012-08-23 05:00:00,982.6,26.5,82,0.2,0.0,,,0.0,,,,,,,,,,,,,,,,,,,,,,,,,,,,
2012-08-23 06:00:00,982.8,26.4,81,0.2,0.0,,,0.0,,,,,,,,,,,,,,,,,,,,,,,,,,,,
2012-08-23 07:00:00,982.7,27.2,77,0.3,29.0,,,0.0,,,,,,,,,,,,,,,,,,,,,,,,,,,,
2012-08-23 08:00:00,982.9,29.2,67,0.4,24.0,,,0.0,,,,,,,,,,,,,,,,,,,,,,,,,,,,
2012-08-23 09:00:00,982.3,30.3,65,0.6,348.0,,,0.0,,,,,,,,,,,,,,,,,,,,,,,,,,,,
2012-08-23 10:00:00,982.1,31.4,62,1.1,23.0,,,0.0,,,,,,,,,,,,,,,,,,,,,,,,,,,,
2012-08-23 11:00:00,981.5,32.5,56,1.5,30.0,,,0.0,,,,,,,,,,,,,,,,,,,,,,,,,,,,
2012-08-23 12:00:00,980.7,32.9,59,1.0,20.0,,,-999.6,,,,,,,,,,,,,,,,,,,,,,,,,,,,
2012-08-23 13:00:00,980.0,34.1,56,1.0,20.0,,,0.0,,,,,,,,,,,,,,,,,,,,,,,,,,,,
2012-08-23 14:00:00,980.1,33.8,54,1.2,33.0,,,0.0,,,,,,,,,,,,,,,,,,,,,,,,,,,,
2012-08-23 15:00:00,979.6,34.0,53,0.9,27.0,,,0.0,,,,,,,,,,,,,,,,,,,,,,,,,,,,
2012-08-23 16:00:00,980.1,32.5,56,0.7,29.0,,,0.0,,,,,,,,,,,,,,,,,,,,,,,,,,,,
2012-08-23 17:00:00,980.2,31.9,57,1.0,39.0,,,0.0,,,,,,,,,,,,,,,,,,,,,,,,,,,,
2012-08-23 18:00:00,979.4,30.5,61,0.6,30.0,,,0.0,,,,,,,,,,,,,,,,,,,,,,,,,,,,
2012-08-23 19:00:00,980.1,29.6,65,0.6,33.0,,,0.0,,,,,,,,,,,,,,,,,,,,,,,,,,,,
2012-08-23 20:00:00,979.8,29.0,67,0.4,27.0,,,0.0,,,,,,,,,,,,,,,,,,,,,,,,,,,,
2012-08-23 21:00:00,978.6,28.5,68,0.5,17.0,,,0.0,,,,,,,,,,,,,,,,,,,,,,,,,,,,
2012-08-23 22:00:00,978.6,28.2,71,0.3,43.0,,,0.0,,,,,,,,,,,,,,,,,,,,,,,,,,,,
2012-08-23 23:00:00,978.3,28.0,73,0.4,30.0,,,0.0,,,,,,,,,,,,,,,,,,,,,,,,,,,,
2012-08-24 00:00:00,977.3,27.7,74,0.3,51.0,,,0.0,,,,,,,,,,,,,,,,,,,,,,,,,,,,
2012-08-24 01:00:00,976.4,27.5,75,0.3,6.0,,,0.0,,,,,,,,,,,,,,,,,,,,,,,,,,,,
2012-08-24 02:00:00,975.0,27.8,71,0.2,0.0,,,0.0,,,,,,,,,,,,,,,,,,,,,,,,,,,,
2012-08-24 03:00:00,974.8,27.5,74,0.2,0.0,,,0.0,,,,,,,,,,,,,,,,,,,,,,,,,,,,
2012-08-24 04:00:00,974.1,27.5,74,0.2,0.0,,,0.0,,,,,,,,,,,,,,,,,,,,,,,,,,,,
2012-08-24 05:00:00,974.7,27.2,75,0.1,0.0,,,0.0,,,,,,,,,,,,,,,,,,,,,,,,,,,,
2012-08-24 06:00:00,975.6,26.9,84,0.2,0.0,,,0.0,,,,,,,,,,,,,,,,,,,,,,,,,,,,
2012-08-24 07:00:00,975.4,27.1,83,0.3,27.0,,,0.0,,,,,,,,,,,,,,,,,,,,,,,,,,,,
2012-08-24 08:00:00,975.7,28.7,69,0.3,68.0,,,0.0,,,,,,,,,,,,,,,,,,,,,,,,,,,,
2012-08-24 09:00:00,974.9,30.6,58,0.1,0.0,,,0.0,,,,,,,,,,,,,,,,,,,,,,,,,,,,
2012-08-24 10:00:00,974.5,30.7,62,0.4,289.0,,,0.0,,,,,,,,,,,,,,,,,,,,,,,,,,,,
2012-08-24 11:00:00,974.1,32.1,58,0.3,358.0,,,0.0,,,,,,,,,,,,,,,,,,,,,,,,,,,,
2012-08-24 12:00:00,974.5,31.6,62,0.3,267.0,,,0.0,,,,,,,,,,,,,,,,,,,,,,,,,,,,
2012-08-24 13:00:00,974.7,32.3,59,0.3,322.0,,,0.0,,,,,,,,,,,,,,,,,,,,,,,,,,,,
2012-08-24 14:00:00,975.8,30.5,67,0.5,256.0,,,0.0,,,,,,,,,,,,,,,,,,,,,,,,,,,,
2012-08-24 15:00:00,976.1,29.2,71,0.3,238.0,,,0.0,,,,,,,,,,,,,,,,,,,,,,,,,,,,
2012-08-24 16:00:00,976.3,29.2,73,0.3,51.0,,,0.0,,,,,,,,,,,,,,,,,,,,,,,,,,,,
2012-08-24 17:00:00,976.6,29.6,69,0.3,37.0,,,0.0,,,,,,,,,,,,,,,,,,,,,,,,,,,,
2012-08-24 18:00:00,976.5,30.2,65,0.2,0.0,,,0.0,,,,,,,,,,,,,,,,,,,,,,,,,,,,
2012-08-24 19:00:00,976.8,29.9,63,0.2,0.0,,,0.0,,,,,,,,,,,,,,,,,,,,,,,,,,,,
2012-08-24 20:00:00,977.4,29.6,67,0.2,0.0,,,0.0,,,,,,,,,,,,,,,,,,,,,,,,,,,,
2012-08-24 21:00:00,978.5,29.4,67,0.2,0.0,,,0.0,,,,,,,,,,,,,,,,,,,,,,,,,,,,
2012-08-24 22:00:00,978.9,27.9,76,0.2,0.0,,,0.0,,,,,,,,,,,,,,,,,,,,,,,,,,,,
2012-08-24 23:00:00,980.2,27.3,82,0.2,0.0,,,0.0,,,,,,,,,,,,,,,,,,,,,,,,,,,,
2012-08-25 00:00:00,980.8,26.5,85,0.2,0.0,,,0.0,,,,,,,,,,,,,,,,,,,,,,,,,,,,
2012-08-25 01:00:00,980.9,26.5,81,0.2,0.0,,,0.0,,,,,,,,,,,,,,,,,,,,,,,,,,,,
2012-08-25 02:00:00,980.9,26.1,85,0.2,0.0,,,0.0,,,,,,,,,,,,,,,,,,,,,,,,,,,,
2012-08-25 03:00:00,981.1,26.2,86,0.1,0.0,,,0.0,,,,,,,,,,,,,,,,,,,,,,,,,,,,
2012-08-25 04:00:00,981.8,26.3,84,0.2,0.0,,,0.0,,,,,,,,,,,,,,,,,,,,,,,,,,,,
2012-08-25 05:00:00,982.1,26.7,81,0.3,51.0,,,0.0,,,,,,,,,,,,,,,,,,,,,,,,,,,,
2012-08-25 06:00:00,983.0,26.8,80,0.2,0.0,,,0.0,,,,,,,,,,,,,,,,,,,,,,,,,,,,
2012-08-25 07:00:00,984.5,27.3,78,0.3,24.0,,,0.0,,,,,,,,,,,,,,,,,,,,,,,,,,,,
2012-08-25 08:00:00,985.2,27.3,83,0.4,34.0,,,0.0,,,,,,,,,,,,,,,,,,,,,,,,,,,,
2012-08-25 09:00:00,986.1,28.0,77,0.4,46.0,,,0.0,,,,,,,,,,,,,,,,,,,,,,,,,,,,
2012-08-25 10:00:00,986.4,28.7,74,0.2,0.0,,,0.0,,,,,,,,,,,,,,,,,,,,,,,,,,,,
2012-08-25 11:00:00,986.7,28.9,76,0.2,0.0,,,0.0,,,,,,,,,,,,,,,,,,,,,,,,,,,,
2012-08-25 12:00:00,986.4,30.0,65,0.4,336.0,,,0.0,,,,,,,,,,,,,,,,,,,,,,,,,,,,
2012-08-25 13:00:00,985.5,30.3,62,0.3,323.0,,,0.0,,,,,,,,,,,,,,,,,,,,,,,,,,,,
2012-08-25 14:00:00,985.4,28.5,80,0.2,0.0,,,0.5,,,,,,,,,,,,,,,,,,,,,,,,,,,,
2012-08-25 15:00:00,985.8,25.8,97,0.2,0.0,,,1.0,,,,,,,,,,,,,,,,,,,,,,,,,,,,
2012-08-25 16:00:00,985.2,26.1,92,0.1,0.0,,,4.0,,,,,,,,,,,,,,,,,,,,,,,,,,,,
2012-08-25 17:00:00,985.2,26.1,91,0.1,0.0,,,0.0,,,,,,,,,,,,,,,,,,,,,,,,,,,,
2012-08-25 18:00:00,984.9,26.0,89,0.1,0.0,,,0.0,,,,,,,,,,,,,,,,,,,,,,,,,,,,
2012-08-25 19:00:00,985.2,26.2,91,0.2,0.0,,,-999.6,,,,,,,,,,,,,,,,,,,,,,,,,,,,
2012-08-25 20:00:00,985.8,26.3,90,0.1,0.0,,,0.0,,,,,,,,,,,,,,,,,,,,,,,,,,,,
2012-08-25 21:00:00,985.8,26.2,89,0.1,0.0,,,0.0,,,,,,,,,,,,,,,,,,,,,,,,,,,,
2012-08-25 22:00:00,985.8,26.8,87,0.2,0.0,,,0.0,,,,,,,,,,,,,,,,,,,,,,,,,,,,
2012-08-25 23:00:00,985.2,26.6,86,0.2,0.0,,,0.0,,,,,,,,,,,,,,,,,,,,,,,,,,,,
2012-08-26 00:00:00,984.8,26.3,89,0.1,0.0,,,0.0,,,,,,,,,,,,,,,,,,,,,,,,,,,,
2012-08-26 01:00:00,984.0,25.5,92,0.1,0.0,,,0.0,,,,,,,,,,,,,,,,,,,,,,,,,,,,
2012-08-26 02:00:00,983.2,25.3,92,0.1,0.0,,,0.0,,,,,,,,,,,,,,,,,,,,,,,,,,,,
2012-08-26 03:00:00,983.0,24.9,93,0.1,0.0,,,0.0,,,,,,,,,,,,,,,,,,,,,,,,,,,,
2012-08-26 04:00:00,983.5,25.3,91,0.3,82.0,,,0.0,,,,,,,,,,,,,,,,,,,,,,,,,,,,
2012-08-26 05:00:00,983.6,25.4,92,0.2,0.0,,,0.0,,,,,,,,,,,,,,,,,,,,,,,,,,,,
2012-08-26 06:00:00,983.9,25.8,89,0.2,0.0,,,0.0,,,,,,,,,,,,,,,,,,,,,,,,,,,,
2012-08-26 07:00:00,984.2,26.6,85,0.2,0.0,,,0.0,,,,,,,,,,,,,,,,,,,,,,,,,,,,
2012-08-26 08:00:00,984.0,28.3,69,0.4,32.0,,,0.0,,,,,,,,,,,,,,,,,,,,,,,,,,,,
2012-08-26 09:00:00,984.3,30.8,58,0.5,19.0,,,0.0,,,,,,,,,,,,,,,,,,,,,,,,,,,,
2012-08-26 10:00:00,984.2,31.6,56,0.4,328.0,,,0.0,,,,,,,,,,,,,,,,,,,,,,,,,,,,
2012-08-26 11:00:00,983.8,31.8,56,0.6,338.0,,,0.0,,,,,,,,,,,,,,,,,,,,,,,,,,,,
2012-08-26 12:00:00,982.9,32.6,46,0.6,330.0,,,0.0,,,,,,,,,,,,,,,,,,,,,,,,,,,,
2012-08-26 13:00:00,982.5,32.2,61,0.8,329.0,,,0.0,,,,,,,,,,,,,,,,,,,,,,,,,,,,
2012-08-26 14:00:00,982.2,31.7,65,0.7,337.0,,,0.0,,,,,,,,,,,,,,,,,,,,,,,,,,,,
2012-08-26 15:00:00,981.7,30.4,71,0.8,12.0,,,0.0,,,,,,,,,,,,,,,,,,,,,,,,,,,,
2012-08-26 16:00:00,981.7,30.6,65,0.7,35.0,,,0.0,,,,,,,,,,,,,,,,,,,,,,,,,,,,
2012-08-26 17:00:00,981.3,30.4,68,0.6,24.0,,,0.0,,,,,,,,,,,,,,,,,,,,,,,,,,,,
2012-08-26 18:00:00,981.7,29.5,67,0.4,16.0,,,0.0,,,,,,,,,,,,,,,,,,,,,,,,,,,,
2012-08-26 19:00:00,981.6,28.3,71,0.4,14.0,,,0.0,,,,,,,,,,,,,,,,,,,,,,,,,,,,
2012-08-26 20:00:00,981.6,28.2,70,0.3,34.0,,,0.0,,,,,,,,,,,,,,,,,,,,,,,,,,,,
2012-08-26 21:00:00,982.1,27.5,74,0.2,0.0,,,0.0,,,,,,,,,,,,,,,,,,,,,,,,,,,,
2012-08-26 22:00:00,982.1,27.3,76,0.1,0.0,,,0.0,,,,,,,,,,,,,,,,,,,,,,,,,,,,
2012-08-26 23:00:00,982.1,26.9,77,0.1,0.0,,,0.0,,,,,,,,,,,,,,,,,,,,,,,,,,,,
2012-08-27 00:00:00,981.6,26.8,83,0.1,0.0,,,0.0,,,,,,,,,,,,,,,,,,,,,,,,,,,,
2012-08-27 01:00:00,981.4,26.4,83,0.2,0.0,,,0.0,,,,,,,,,,,,,,,,,,,,,,,,,,,,
2012-08-27 02:00:00,981.3,26.1,85,0.1,0.0,,,0.0,,,,,,,,,,,,,,,,,,,,,,,,,,,,
2012-08-27 03:00:00,980.9,26.3,78,0.1,0.0,,,0.0,,,,,,,,,,,,,,,,,,,,,,,,,,,,
2012-08-27 04:00:00,980.9,25.8,81,0.1,0.0,,,0.0,,,,,,,,,,,,,,,,,,,,,,,,,,,,
2012-08-27 05:00:00,981.1,25.5,81,0.2,0.0,,,0.0,,,,,,,,,,,,,,,,,,,,,,,,,,,,
2012-08-27 06:00:00,981.0,25.0,85,0.2,0.0,,,0.0,,,,,,,,,,,,,,,,,,,,,,,,,,,,
2012-08-27 07:00:00,981.1,28.0,69,0.2,0.0,,,0.0,,,,,,,,,,,,,,,,,,,,,,,,,,,,
2012-08-27 08:00:00,981.3,29.6,65,0.2,0.0,,,0.0,,,,,,,,,,,,,,,,,,,,,,,,,,,,
2012-08-27 09:00:00,981.6,30.2,62,0.4,287.0,,,0.0,,,,,,,,,,,,,,,,,,,,,,,,,,,,
2012-08-27 10:00:00,981.4,31.1,54,0.5,345.0,,,0.0,,,,,,,,,,,,,,,,,,,,,,,,,,,,
2012-08-27 11:00:00,981.3,31.5,56,0.3,261.0,,,0.0,,,,,,,,,,,,,,,,,,,,,,,,,,,,
2012-08-27 12:00:00,980.7,32.0,55,0.4,138.0,,,0.0,,,,,,,,,,,,,,,,,,,,,,,,,,,,
2012-08-27 13:00:00,979.8,34.5,49,0.5,277.0,,,0.0,,,,,,,,,,,,,,,,,,,,,,,,,,,,
2012-08-27 14:00:00,979.8,31.8,61,0.4,329.0,,,0.0,,,,,,,,,,,,,,,,,,,,,,,,,,,,
2012-08-27 15:00:00,979.3,32.4,58,0.5,304.0,,,0.0,,,,,,,,,,,,,,,,,,,,,,,,,,,,
2012-08-27 16:00:00,978.9,31.9,62,0.4,319.0,,,0.0,,,,,,,,,,,,,,,,,,,,,,,,,,,,
2012-08-27 17:00:00,978.6,31.0,67,0.4,316.0,,,0.0,,,,,,,,,,,,,,,,,,,,,,,,,,,,
2012-08-27 18:00:00,978.8,30.4,65,0.3,44.0,,,0.0,,,,,,,,,,,,,,,,,,,,,,,,,,,,
2012-08-27 19:00:00,979.1,30.3,61,0.3,52.0,,,0.0,,,,,,,,,,,,,,,,,,,,,,,,,,,,
2012-08-27 20:00:00,979.8,29.1,75,0.2,0.0,,,0.0,,,,,,,,,,,,,,,,,,,,,,,,,,,,
2012-08-27 21:00:00,980.2,28.8,70,0.2,0.0,,,0.0,,,,,,,,,,,,,,,,,,,,,,,,,,,,
2012-08-27 22:00:00,979.9,28.9,67,0.2,0.0,,,0.0,,,,,,,,,,,,,,,,,,,,,,,,,,,,
2012-08-27 23:00:00,979.1,28.8,68,0.2,0.0,,,0.0,,,,,,,,,,,,,,,,,,,,,,,,,,,,
2012-08-28 00:00:00,978.8,27.8,72,0.0,0.0,,,0.0,,,,,,,,,,,,,,,,,,,,,,,,,,,,
2012-08-28 01:00:00,977.6,27.6,74,0.2,0.0,,,0.0,,,,,,,,,,,,,,,,,,,,,,,,,,,,
2012-08-28 02:00:00,976.6,29.1,58,0.4,36.0,,,0.0,,,,,,,,,,,,,,,,,,,,,,,,,,,,
2012-08-28 03:00:00,976.3,28.4,63,0.4,2.0,,,0.0,,,,,,,,,,,,,,,,,,,,,,,,,,,,
2012-08-28 04:00:00,976.6,27.3,72,0.3,360.0,,,0.0,,,,,,,,,,,,,,,,,,,,,,,,,,,,
2012-08-28 05:00:00,976.7,26.8,76,0.3,35.0,,,-999.6,,,,,,,,,,,,,,,,,,,,,,,,,,,,
2012-08-28 06:00:00,977.9,26.5,84,0.3,316.0,,,0.0,,,,,,,,,,,,,,,,,,,,,,,,,,,,
2012-08-28 07:00:00,979.2,26.8,82,0.1,0.0,,,0.0,,,,,,,,,,,,,,,,,,,,,,,,,,,,
2012-08-28 08:00:00,980.2,26.8,81,0.2,0.0,,,0.0,,,,,,,,,,,,,,,,,,,,,,,,,,,,
2012-08-28 09:00:00,981.0,27.7,76,0.3,37.0,,,0.0,,,,,,,,,,,,,,,,,,,,,,,,,,,,
2012-08-28 10:00:00,981.5,28.7,75,0.3,202.0,,,0.0,,,,,,,,,,,,,,,,,,,,,,,,,,,,
2012-08-28 11:00:00,982.0,28.6,78,0.3,171.0,,,0.0,,,,,,,,,,,,,,,,,,,,,,,,,,,,
2012-08-28 12:00:00,982.1,27.9,87,0.3,247.0,,,0.0,,,,,,,,,,,,,,,,,,,,,,,,,,,,
2012-08-28 13:00:00,982.1,30.1,71,0.3,288.0,,,0.0,,,,,,,,,,,,,,,,,,,,,,,,,,,,
2012-08-28 14:00:00,982.6,29.3,75,0.3,291.0,,,0.0,,,,,,,,,,,,,,,,,,,,,,,,,,,,
2012-08-28 15:00:00,983.1,28.0,87,0.3,289.0,,,0.0,,,,,,,,,,,,,,,,,,,,,,,,,,,,
2012-08-28 16:00:00,983.6,28.3,81,0.3,285.0,,,0.0,,,,,,,,,,,,,,,,,,,,,,,,,,,,
2012-08-28 17:00:00,984.2,27.6,89,0.2,0.0,,,0.5,,,,,,,,,,,,,,,,,,,,,,,,,,,,
2012-08-28 18:00:00,984.8,27.4,86,0.2,0.0,,,0.0,,,,,,,,,,,,,,,,,,,,,,,,,,,,
2012-08-28 19:00:00,985.8,27.3,86,0.2,0.0,,,0.0,,,,,,,,,,,,,,,,,,,,,,,,,,,,
2012-08-28 20:00:00,986.3,27.3,89,0.0,0.0,,,0.0,,,,,,,,,,,,,,,,,,,,,,,,,,,,
2012-08-28 21:00:00,987.0,27.1,89,0.0,0.0,,,0.0,,,,,,,,,,,,,,,,,,,,,,,,,,,,
2012-08-28 22:00:00,988.0,27.0,87,0.1,0.0,,,0.0,,,,,,,,,,,,,,,,,,,,,,,,,,,,
2012-08-28 23:00:00,988.0,27.2,82,0.2,0.0,,,0.0,,,,,,,,,,,,,,,,,,,,,,,,,,,,
2012-08-29 00:00:00,987.6,26.5,84,0.1,0.0,,,0.0,,,,,,,,,,,,,,,,,,,,,,,,,,,,
2012-08-29 01:00:00,987.8,26.4,85,0.0,0.0,,,0.0,,,,,,,,,,,,,,,,,,,,,,,,,,,,
2012-08-29 02:00:00,987.6,26.4,84,0.1,0.0,,,0.0,,,,,,,,,,,,,,,,,,,,,,,,,,,,
2012-08-29 03:00:00,987.3,26.3,87,0.2,0.0,,,0.0,,,,,,,,,,,,,,,,,,,,,,,,,,,,
2012-08-29 04:00:00,987.7,26.3,88,0.1,0.0,,,0.0,,,,,,,,,,,,,,,,,,,,,,,,,,,,
2012-08-29 05:00:00,988.1,25.5,96,0.2,0.0,,,2.0,,,,,,,,,,,,,,,,,,,,,,,,,,,,
2012-08-29 06:00:00,988.0,25.8,95,0.1,0.0,,,0.0,,,,,,,,,,,,,,,,,,,,,,,,,,,,
2012-08-29 07:00:00,988.6,26.4,89,0.1,0.0,,,0.0,,,,,,,,,,,,,,,,,,,,,,,,,,,,
2012-08-29 08:00:00,989.3,27.4,81,0.2,0.0,,,0.0,,,,,,,,,,,,,,,,,,,,,,,,,,,,
2012-08-29 09:00:00,989.6,27.9,77,0.2,0.0,,,0.0,,,,,,,,,,,,,,,,,,,,,,,,,,,,
2012-08-29 10:00:00,989.8,29.3,71,0.3,44.0,,,0.0,,,,,,,,,,,,,,,,,,,,,,,,,,,,
2012-08-29 11:00:00,989.6,30.4,67,0.4,82.0,,,0.0,,,,,,,,,,,,,,,,,,,,,,,,,,,,
2012-08-29 12:00:00,989.0,31.3,63,0.5,220.0,,,0.0,,,,,,,,,,,,,,,,,,,,,,,,,,,,
2012-08-29 13:00:00,988.6,31.7,63,0.5,250.0,,,0.0,,,,,,,,,,,,,,,,,,,,,,,,,,,,
2012-08-29 14:00:00,988.3,31.2,60,0.4,248.0,,,0.0,,,,,,,,,,,,,,,,,,,,,,,,,,,,
2012-08-29 15:00:00,987.8,30.8,64,0.3,254.0,,,0.0,,,,,,,,,,,,,,,,,,,,,,,,,,,,
2012-08-29 16:00:00,987.7,30.6,65,0.3,244.0,,,0.0,,,,,,,,,,,,,,,,,,,,,,,,,,,,
2012-08-29 17:00:00,987.6,30.9,62,0.2,0.0,,,0.0,,,,,,,,,,,,,,,,,,,,,,,,,,,,
2012-08-29 18:00:00,988.1,30.0,66,0.3,266.0,,,0.0,,,,,,,,,,,,,,,,,,,,,,,,,,,,
2012-08-29 19:00:00,988.6,29.2,68,0.1,0.0,,,0.0,,,,,,,,,,,,,,,,,,,,,,,,,,,,
2012-08-29 20:00:00,989.3,28.8,64,0.2,0.0,,,0.0,,,,,,,,,,,,,,,,,,,,,,,,,,,,
2012-08-29 21:00:00,990.1,27.8,75,0.0,0.0,,,0.0,,,,,,,,,,,,,,,,,,,,,,,,,,,,
2012-08-29 22:00:00,990.2,27.6,72,0.2,0.0,,,0.0,,,,,,,,,,,,,,,,,,,,,,,,,,,,
2012-08-29 23:00:00,990.0,27.5,76,0.1,0.0,,,0.0,,,,,,,,,,,,,,,,,,,,,,,,,,,,
2012-08-30 00:00:00,989.7,26.9,81,0.0,0.0,,,0.0,,,,,,,,,,,,,,,,,,,,,,,,,,,,
2012-08-30 01:00:00,989.5,27.0,82,0.1,0.0,,,0.0,,,,,,,,,,,,,,,,,,,,,,,,,,,,
2012-08-30 02:00:00,989.2,26.7,83,0.1,0.0,,,0.0,,,,,,,,,,,,,,,,,,,,,,,,,,,,
2012-08-30 03:00:00,988.9,26.5,81,0.0,0.0,,,0.0,,,,,,,,,,,,,,,,,,,,,,,,,,,,
2012-08-30 04:00:00,989.0,26.4,80,0.1,0.0,,,0.0,,,,,,,,,,,,,,,,,,,,,,,,,,,,
2012-08-30 05:00:00,989.0,26.0,83,0.1,0.0,,,0.0,,,,,,,,,,,,,,,,,,,,,,,,,,,,
2012-08-30 06:00:00,989.6,26.0,85,0.1,0.0,,,0.0,,,,,,,,,,,,,,,,,,,,,,,,,,,,
2012-08-30 07:00:00,990.2,26.7,79,0.1,0.0,,,0.0,,,,,,,,,,,,,,,,,,,,,,,,,,,,
2012-08-30 08:00:00,990.6,28.5,74,0.3,133.0,,,0.0,,,,,,,,,,,,,,,,,,,,,,,,,,,,
2012-08-30 09:00:00,990.9,28.4,71,0.3,247.0,,,0.0,,,,,,,,,,,,,,,,,,,,,,,,,,,,
2012-08-30 10:00:00,990.7,29.6,69,0.4,269.0,,,0.0,,,,,,,,,,,,,,,,,,,,,,,,,,,,
2012-08-30 11:00:00,990.6,31.5,60,0.4,312.0,,,0.0,,,,,,,,,,,,,,,,,,,,,,,,,,,,
2012-08-30 12:00:00,989.9,32.3,55,0.4,234.0,,,0.0,,,,,,,,,,,,,,,,,,,,,,,,,,,,
2012-08-30 13:00:00,989.0,32.6,57,0.5,248.0,,,-999.6,,,,,,,,,,,,,,,,,,,,,,,,,,,,
2012-08-30 14:00:00,988.3,32.6,59,0.6,295.0,,,0.0,,,,,,,,,,,,,,,,,,,,,,,,,,,,
2012-08-30 15:00:00,988.4,30.2,67,0.4,293.0,,,0.0,,,,,,,,,,,,,,,,,,,,,,,,,,,,
2012-08-30 16:00:00,988.4,29.7,71,0.3,316.0,,,0.0,,,,,,,,,,,,,,,,,,,,,,,,,,,,
2012-08-30 17:00:00,988.3,29.7,67,0.3,358.0,,,0.0,,,,,,,,,,,,,,,,,,,,,,,,,,,,
2012-08-30 18:00:00,989.0,28.6,75,0.3,61.0,,,0.0,,,,,,,,,,,,,,,,,,,,,,,,,,,,
2012-08-30 19:00:00,988.7,28.5,74,0.2,0.0,,,0.0,,,,,,,,,,,,,,,,,,,,,,,,,,,,
2012-08-30 20:00:00,989.5,27.5,82,0.2,0.0,,,0.0,,,,,,,,,,,,,,,,,,,,,,,,,,,,
2012-08-30 21:00:00,990.3,27.0,86,0.3,55.0,,,0.0,,,,,,,,,,,,,,,,,,,,,,,,,,,,
2012-08-30 22:00:00,990.6,26.7,84,0.2,0.0,,,0.0,,,,,,,,,,,,,,,,,,,,,,,,,,,,
2012-08-30 23:00:00,990.6,27.1,83,0.2,0.0,,,0.0,,,,,,,,,,,,,,,,,,,,,,,,,,,,
2012-08-31 00:00:00,990.4,27.1,83,0.1,0.0,,,0.0,,,,,,,,,,,,,,,,,,,,,,,,,,,,
2012-08-31 01:00:00,989.7,26.9,82,0.1,0.0,,,-999.6,,,,,,,,,,,,,,,,,,,,,,,,,,,,
2012-08-31 02:00:00,989.3,26.9,82,0.3,89.0,,,0.0,,,,,,,,,,,,,,,,,,,,,,,,,,,,
2012-08-31 03:00:00,989.3,26.9,83,0.2,0.0,,,0.0,,,,,,,,,,,,,,,,,,,,,,,,,,,,
2012-08-31 04:00:00,989.0,26.7,84,0.1,0.0,,,0.0,,,,,,,,,,,,,,,,,,,,,,,,,,,,
2012-08-31 05:00:00,989.2,26.6,85,0.1,0.0,,,0.0,,,,,,,,,,,,,,,,,,,,,,,,,,,,
2012-08-31 06:00:00,989.6,26.6,87,0.1,0.0,,,0.0,,,,,,,,,,,,,,,,,,,,,,,,,,,,
2012-08-31 07:00:00,990.1,27.0,84,0.3,53.0,,,0.0,,,,,,,,,,,,,,,,,,,,,,,,,,,,
2012-08-31 08:00:00,990.6,27.1,82,0.3,249.0,,,0.0,,,,,,,,,,,,,,,,,,,,,,,,,,,,
2012-08-31 09:00:00,990.5,29.9,69,0.2,0.0,,,0.0,,,,,,,,,,,,,,,,,,,,,,,,,,,,
2012-08-31 10:00:00,990.8,30.1,63,0.4,333.0,,,0.0,,,,,,,,,,,,,,,,,,,,,,,,,,,,
2012-08-31 11:00:00,990.5,30.5,63,0.3,315.0,,,0.0,,,,,,,,,,,,,,,,,,,,,,,,,,,,
2012-08-31 12:00:00,990.1,31.1,54,0.7,312.0,,,0.0,,,,,,,,,,,,,,,,,,,,,,,,,,,,
2012-08-31 13:00:00,989.4,32.1,58,0.7,321.0,,,0.0,,,,,,,,,,,,,,,,,,,,,,,,,,,,
2012-08-31 14:00:00,988.7,30.1,66,0.6,326.0,,,0.0,,,,,,,,,,,,,,,,,,,,,,,,,,,,
2012-08-31 15:00:00,988.7,27.2,82,0.4,61.0,,,0.0,,,,,,,,,,,,,,,,,,,,,,,,,,,,
2012-08-31 16:00:00,989.1,26.6,82,0.3,50.0,,,0.5,,,,,,,,,,,,,,,,,,,,,,,,,,,,
2012-08-31 17:00:00,988.5,26.3,84,0.2,0.0,,,0.5,,,,,,,,,,,,,,,,,,,,,,,,,,,,
2012-08-31 18:00:00,989.5,25.2,91,0.2,0.0,,,3.0,,,,,,,,,,,,,,,,,,,,,,,,,,,,
2012-08-31 19:00:00,989.5,25.4,92,0.2,0.0,,,1.5,,,,,,,,,,,,,,,,,,,,,,,,,,,,
2012-08-31 20:00:00,990.2,25.6,91,0.2,0.0,,,0.0,,,,,,,,,,,,,,,,,,,,,,,,,,,,
2012-08-31 21:00:00,990.2,25.3,91,0.2,0.0,,,0.0,,,,,,,,,,,,,,,,,,,,,,,,,,,,
2012-08-31 22:00:00,990.6,25.5,88,0.2,0.0,,,0.0,,,,,,,,,,,,,,,,,,,,,,,,,,,,
2012-08-31 23:00:00,990.6,25.2,89,0.2,0.0,,,0.0,,,,,,,,,,,,,,,,,,,,,,,,,,,,
2012-09-01 00:00:00,990.6,24.9,91,0.2,0.0,,,0.0,,,,,,,,,,,,,,,,,,,,,,,,,,,,
2012-09-01 01:00:00,990.0,25.3,89,0.1,0.0,,,0.0,,,,,,,,,,,,,,,,,,,,,,,,,,,,
2012-09-01 02:00:00,989.3,25.0,88,0.0,0.0,,,0.0,,,,,,,,,,,,,,,,,,,,,,,,,,,,
2012-09-01 03:00:00,989.2,24.9,89,0.3,87.0,,,0.0,,,,,,,,,,,,,,,,,,,,,,,,,,,,
2012-09-01 04:00:00,989.3,24.6,91,0.2,0.0,,,0.0,,,,,,,,,,,,,,,,,,,,,,,,,,,,
2012-09-01 05:00:00,989.1,24.4,91,0.0,0.0,,,0.0,,,,,,,,,,,,,,,,,,,,,,,,,,,,
2012-09-01 06:00:00,989.7,24.6,88,0.0,0.0,,,0.0,,,,,,,,,,,,,,,,,,,,,,,,,,,,
2012-09-01 07:00:00,990.0,25.9,81,0.2,0.0,,,0.0,,,,,,,,,,,,,,,,,,,,,,,,,,,,
2012-09-01 08:00:00,990.2,27.9,71,0.3,248.0,,,0.0,,,,,,,,,,,,,,,,,,,,,,,,,,,,
2012-09-01 09:00:00,990.2,29.5,67,0.4,84.0,,,0.0,,,,,,,,,,,,,,,,,,,,,,,,,,,,
2012-09-01 10:00:00,990.5,29.6,65,0.5,276.0,,,0.0,,,,,,,,,,,,,,,,,,,,,,,,,,,,
2012-09-01 11:00:00,990.2,30.9,62,0.5,302.0,,,0.0,,,,,,,,,,,,,,,,,,,,,,,,,,,,
2012-09-01 12:00:00,990.2,31.8,59,0.6,260.0,,,0.0,,,,,,,,,,,,,,,,,,,,,,,,,,,,
2012-09-01 13:00:00,989.5,30.4,64,0.6,284.0,,,0.0,,,,,,,,,,,,,,,,,,,,,,,,,,,,
2012-09-01 14:00:00,989.2,29.4,68,0.4,352.0,,,0.0,,,,,,,,,,,,,,,,,,,,,,,,,,,,
2012-09-01 15:00:00,988.9,27.9,78,0.3,19.0,,,0.0,,,,,,,,,,,,,,,,,,,,,,,,,,,,
2012-09-01 16:00:00,989.3,26.7,78,0.2,0.0,,,0.0,,,,,,,,,,,,,,,,,,,,,,,,,,,,
2012-09-01 17:00:00,989.8,26.0,86,0.2,0.0,,,1.0,,,,,,,,,,,,,,,,,,,,,,,,,,,,
2012-09-01 18:00:00,990.0,26.1,87,0.1,0.0,,,0.0,,,,,,,,,,,,,,,,,,,,,,,,,,,,
2012-09-01 19:00:00,990.2,26.3,85,0.1,0.0,,,0.0,,,,,,,,,,,,,,,,,,,,,,,,,,,,
2012-09-01 20:00:00,990.1,26.0,86,0.2,0.0,,,0.0,,,,,,,,,,,,,,,,,,,,,,,,,,,,
2012-09-01 21:00:00,990.4,25.6,88,0.1,0.0,,,0.0,,,,,,,,,,,,,,,,,,,,,,,,,,,,
2012-09-01 22:00:00,990.2,25.3,86,0.2,0.0,,,0.0,,,,,,,,,,,,,,,,,,,,,,,,,,,,
2012-09-01 23:00:00,990.4,25.0,83,0.2,0.0,,,0.0,,,,,,,,,,,,,,,,,,,,,,,,,,,,
2012-09-02 00:00:00,990.1,24.5,86,0.0,0.0,,,0.0,,,,,,,,,,,,,,,,,,,,,,,,,,,,
2012-09-02 01:00:00,989.7,24.4,84,0.2,0.0,,,0.0,,,,,,,,,,,,,,,,,,,,,,,,,,,,
2012-09-02 02:00:00,989.8,24.1,86,0.0,0.0,,,0.0,,,,,,,,,,,,,,,,,,,,,,,,,,,,
2012-09-02 03:00:00,989.5,23.9,86,0.2,0.0,,,0.0,,,,,,,,,,,,,,,,,,,,,,,,,,,,
2012-09-02 04:00:00,989.5,23.7,88,0.1,0.0,,,0.0,,,,,,,,,,,,,,,,,,,,,,,,,,,,
2012-09-02 05:00:00,989.5,23.7,86,0.1,0.0,,,0.0,,,,,,,,,,,,,,,,,,,,,,,,,,,,
2012-09-02 06:00:00,989.8,23.9,86,0.2,0.0,,,0.0,,,,,,,,,,,,,,,,,,,,,,,,,,,,
2012-09-02 07:00:00,990.3,25.6,76,0.3,254.0,,,0.0,,,,,,,,,,,,,,,,,,,,,,,,,,,,
2012-09-02 08:00:00,990.6,26.8,71,0.3,245.0,,,0.0,,,,,,,,,,,,,,,,,,,,,,,,,,,,
2012-09-02 09:00:00,990.9,28.9,60,0.4,183.0,,,0.0,,,,,,,,,,,,,,,,,,,,,,,,,,,,
2012-09-02 10:00:00,990.5,30.4,58,0.4,43.0,,,0.0,,,,,,,,,,,,,,,,,,,,,,,,,,,,
2012-09-02 11:00:00,989.9,31.7,55,0.5,222.0,,,0.0,,,,,,,,,,,,,,,,,,,,,,,,,,,,
2012-09-02 12:00:00,989.7,31.5,55,0.5,247.0,,,0.0,,,,,,,,,,,,,,,,,,,,,,,,,,,,
2012-09-02 13:00:00,989.3,30.5,63,0.4,298.0,,,0.0,,,,,,,,,,,,,,,,,,,,,,,,,,,,
2012-09-02 14:00:00,988.5,30.9,64,0.5,291.0,,,0.0,,,,,,,,,,,,,,,,,,,,,,,,,,,,
2012-09-02 15:00:00,988.0,30.8,65,0.4,298.0,,,0.0,,,,,,,,,,,,,,,,,,,,,,,,,,,,
2012-09-02 16:00:00,987.9,31.2,63,0.4,299.0,,,0.0,,,,,,,,,,,,,,,,,,,,,,,,,,,,
2012-09-02 17:00:00,988.3,27.4,86,0.4,78.0,,,0.5,,,,,,,,,,,,,,,,,,,,,,,,,,,,
2012-09-02 18:00:00,989.3,23.7,95,0.2,0.0,,,27.0,,,,,,,,,,,,,,,,,,,,,,,,,,,,
2012-09-02 19:00:00,989.4,23.9,92,0.3,97.0,,,4.0,,,,,,,,,,,,,,,,,,,,,,,,,,,,
2012-09-02 20:00:00,989.2,24.5,93,0.0,0.0,,,0.5,,,,,,,,,,,,,,,,,,,,,,,,,,,,
2012-09-02 21:00:00,989.2,24.6,91,0.1,0.0,,,0.0,,,,,,,,,,,,,,,,,,,,,,,,,,,,
2012-09-02 22:00:00,990.5,24.7,91,0.1,0.0,,,0.0,,,,,,,,,,,,,,,,,,,,,,,,,,,,
2012-09-02 23:00:00,990.4,24.8,90,0.2,0.0,,,0.0,,,,,,,,,,,,,,,,,,,,,,,,,,,,
2012-09-03 00:00:00,989.9,24.7,90,0.1,0.0,,,0.0,,,,,,,,,,,,,,,,,,,,,,,,,,,,
2012-09-03 01:00:00,989.1,24.8,89,0.2,0.0,,,0.0,,,,,,,,,,,,,,,,,,,,,,,,,,,,
2012-09-03 02:00:00,988.9,24.4,92,0.1,0.0,,,0.0,,,,,,,,,,,,,,,,,,,,,,,,,,,,
2012-09-03 03:00:00,988.6,24.6,87,0.1,0.0,,,0.0,,,,,,,,,,,,,,,,,,,,,,,,,,,,
2012-09-03 04:00:00,989.3,24.5,89,0.1,0.0,,,0.0,,,,,,,,,,,,,,,,,,,,,,,,,,,,
2012-09-03 05:00:00,989.5,24.2,89,0.1,0.0,,,0.0,,,,,,,,,,,,,,,,,,,,,,,,,,,,
2012-09-03 06:00:00,989.5,24.5,84,0.1,0.0,,,0.0,,,,,,,,,,,,,,,,,,,,,,,,,,,,
2012-09-03 07:00:00,989.6,26.0,77,0.2,0.0,,,0.0,,,,,,,,,,,,,,,,,,,,,,,,,,,,
2012-09-03 08:00:00,989.8,26.8,70,0.3,232.0,,,0.0,,,,,,,,,,,,,,,,,,,,,,,,,,,,
2012-09-03 09:00:00,990.2,27.5,70,0.3,252.0,,,0.0,,,,,,,,,,,,,,,,,,,,,,,,,,,,
2012-09-03 10:00:00,990.4,30.0,64,0.3,225.0,,,0.0,,,,,,,,,,,,,,,,,,,,,,,,,,,,
2012-09-03 11:00:00,990.5,30.5,62,0.4,6.0,,,-999.6,,,,,,,,,,,,,,,,,,,,,,,,,,,,
2012-09-03 12:00:00,990.1,31.4,55,0.4,244.0,,,0.0,,,,,,,,,,,,,,,,,,,,,,,,,,,,
2012-09-03 13:00:00,989.8,30.2,66,0.5,231.0,,,0.0,,,,,,,,,,,,,,,,,,,,,,,,,,,,
2012-09-03 14:00:00,989.1,32.1,55,0.5,255.0,,,0.0,,,,,,,,,,,,,,,,,,,,,,,,,,,,
2012-09-03 15:00:00,988.9,31.5,59,0.5,316.0,,,0.0,,,,,,,,,,,,,,,,,,,,,,,,,,,,
2012-09-03 16:00:00,989.5,30.2,63,0.4,305.0,,,0.0,,,,,,,,,,,,,,,,,,,,,,,,,,,,
2012-09-03 17:00:00,989.8,29.1,69,0.3,287.0,,,0.0,,,,,,,,,,,,,,,,,,,,,,,,,,,,
2012-09-03 18:00:00,989.8,28.1,67,0.2,0.0,,,0.0,,,,,,,,,,,,,,,,,,,,,,,,,,,,
2012-09-03 19:00:00,990.4,27.1,72,0.2,0.0,,,0.0,,,,,,,,,,,,,,,,,,,,,,,,,,,,
2012-09-03 20:00:00,990.9,27.2,72,0.1,0.0,,,0.0,,,,,,,,,,,,,,,,,,,,,,,,,,,,
2012-09-03 21:00:00,991.4,27.0,74,0.1,0.0,,,0.0,,,,,,,,,,,,,,,,,,,,,,,,,,,,
2012-09-03 22:00:00,991.8,27.2,74,0.3,303.0,,,0.0,,,,,,,,,,,,,,,,,,,,,,,,,,,,
2012-09-03 23:00:00,991.8,26.2,81,0.2,0.0,,,0.0,,,,,,,,,,,,,,,,,,,,,,,,,,,,
2012-09-04 00:00:00,991.7,25.6,81,0.0,0.0,,,0.0,,,,,,,,,,,,,,,,,,,,,,,,,,,,
2012-09-04 01:00:00,991.2,25.5,85,0.2,0.0,,,0.0,,,,,,,,,,,,,,,,,,,,,,,,,,,,
2012-09-04 02:00:00,990.7,25.2,84,0.2,0.0,,,0.0,,,,,,,,,,,,,,,,,,,,,,,,,,,,
2012-09-04 03:00:00,990.4,25.2,85,0.2,0.0,,,0.0,,,,,,,,,,,,,,,,,,,,,,,,,,,,
2012-09-04 04:00:00,990.8,24.9,88,0.0,0.0,,,0.0,,,,,,,,,,,,,,,,,,,,,,,,,,,,
2012-09-04 05:00:00,991.1,24.3,87,0.2,0.0,,,0.0,,,,,,,,,,,,,,,,,,,,,,,,,,,,
2012-09-04 06:00:00,991.4,24.6,83,0.0,0.0,,,0.0,,,,,,,,,,,,,,,,,,,,,,,,,,,,
2012-09-04 07:00:00,991.8,27.6,68,0.1,0.0,,,0.0,,,,,,,,,,,,,,,,,,,,,,,,,,,,
2012-09-04 08:00:00,992.3,28.9,61,0.4,85.0,,,0.0,,,,,,,,,,,,,,,,,,,,,,,,,,,,
2012-09-04 09:00:00,992.3,30.7,53,0.5,41.0,,,0.0,,,,,,,,,,,,,,,,,,,,,,,,,,,,
2012-09-04 10:00:00,992.3,30.9,53,0.5,8.0,,,0.0,,,,,,,,,,,,,,,,,,,,,,,,,,,,
2012-09-04 11:00:00,992.0,31.7,55,0.6,320.0,,,0.0,,,,,,,,,,,,,,,,,,,,,,,,,,,,
2012-09-04 12:00:00,991.7,31.9,57,0.6,300.0,,,0.0,,,,,,,,,,,,,,,,,,,,,,,,,,,,
2012-09-04 13:00:00,991.2,32.1,59,0.6,348.0,,,0.0,,,,,,,,,,,,,,,,,,,,,,,,,,,,
2012-09-04 14:00:00,991.0,31.4,61,0.6,302.0,,,0.0,,,,,,,,,,,,,,,,,,,,,,,,,,,,
2012-09-04 15:00:00,990.6,31.5,61,0.5,322.0,,,-999.6,,,,,,,,,,,,,,,,,,,,,,,,,,,,
2012-09-04 16:00:00,990.6,31.4,62,0.6,306.0,,,0.0,,,,,,,,,,,,,,,,,,,,,,,,,,,,
2012-09-04 17:00:00,990.7,29.6,68,0.5,316.0,,,0.0,,,,,,,,,,,,,,,,,,,,,,,,,,,,
2012-09-04 18:00:00,991.2,28.4,74,0.4,320.0,,,0.0,,,,,,,,,,,,,,,,,,,,,,,,,,,,
2012-09-04 19:00:00,991.7,27.7,81,0.3,344.0,,,0.0,,,,,,,,,,,,,,,,,,,,,,,,,,,,
2012-09-04 20:00:00,992.6,27.6,82,0.2,0.0,,,0.0,,,,,,,,,,,,,,,,,,,,,,,,,,,,
2012-09-04 21:00:00,993.0,27.3,83,0.0,0.0,,,0.0,,,,,,,,,,,,,,,,,,,,,,,,,,,,
2012-09-04 22:00:00,993.1,27.1,85,0.3,329.0,,,0.0,,,,,,,,,,,,,,,,,,,,,,,,,,,,
2012-09-04 23:00:00,993.4,26.7,86,0.1,0.0,,,0.0,,,,,,,,,,,,,,,,,,,,,,,,,,,,
2012-09-05 00:00:00,993.3,26.5,86,0.2,0.0,,,0.0,,,,,,,,,,,,,,,,,,,,,,,,,,,,
2012-09-05 01:00:00,993.3,26.2,87,0.2,0.0,,,0.0,,,,,,,,,,,,,,,,,,,,,,,,,,,,
2012-09-05 02:00:00,992.8,26.1,85,0.2,0.0,,,0.0,,,,,,,,,,,,,,,,,,,,,,,,,,,,
2012-09-05 03:00:00,992.8,25.7,84,0.2,0.0,,,0.0,,,,,,,,,,,,,,,,,,,,,,,,,,,,
2012-09-05 04:00:00,992.8,25.6,87,0.1,0.0,,,0.0,,,,,,,,,,,,,,,,,,,,,,,,,,,,
2012-09-05 05:00:00,992.5,25.1,91,0.0,0.0,,,0.0,,,,,,,,,,,,,,,,,,,,,,,,,,,,
2012-09-05 06:00:00,992.8,25.2,89,0.2,0.0,,,0.0,,,,,,,,,,,,,,,,,,,,,,,,,,,,
2012-09-05 07:00:00,992.8,27.3,81,0.3,34.0,,,0.0,,,,,,,,,,,,,,,,,,,,,,,,,,,,
2012-09-05 08:00:00,993.0,28.9,72,0.2,0.0,,,0.0,,,,,,,,,,,,,,,,,,,,,,,,,,,,
2012-09-05 09:00:00,993.3,30.2,65,0.3,288.0,,,0.0,,,,,,,,,,,,,,,,,,,,,,,,,,,,
2012-09-05 10:00:00,993.4,31.0,58,0.5,293.0,,,0.0,,,,,,,,,,,,,,,,,,,,,,,,,,,,
2012-09-05 11:00:00,993.6,31.5,54,0.5,324.0,,,0.0,,,,,,,,,,,,,,,,,,,,,,,,,,,,
2012-09-05 12:00:00,993.4,31.2,62,0.4,324.0,,,0.0,,,,,,,,,,,,,,,,,,,,,,,,,,,,
2012-09-05 13:00:00,993.0,31.7,62,0.7,308.0,,,0.0,,,,,,,,,,,,,,,,,,,,,,,,,,,,
2012-09-05 14:00:00,992.8,31.9,60,0.5,319.0,,,0.0,,,,,,,,,,,,,,,,,,,,,,,,,,,,
2012-09-05 15:00:00,992.4,31.1,65,0.5,316.0,,,0.0,,,,,,,,,,,,,,,,,,,,,,,,,,,,
2012-09-05 16:00:00,992.3,30.0,71,0.5,316.0,,,0.0,,,,,,,,,,,,,,,,,,,,,,,,,,,,
2012-09-05 17:00:00,992.5,29.3,68,0.4,331.0,,,0.0,,,,,,,,,,,,,,,,,,,,,,,,,,,,
2012-09-05 18:00:00,992.4,28.8,70,0.3,352.0,,,0.0,,,,,,,,,,,,,,,,,,,,,,,,,,,,
2012-09-05 19:00:00,992.7,28.7,74,0.3,312.0,,,0.0,,,,,,,,,,,,,,,,,,,,,,,,,,,,
2012-09-05 20:00:00,992.9,28.4,77,0.2,0.0,,,0.0,,,,,,,,,,,,,,,,,,,,,,,,,,,,
2012-09-05 21:00:00,993.2,28.2,80,0.2,0.0,,,0.0,,,,,,,,,,,,,,,,,,,,,,,,,,,,
2012-09-05 22:00:00,993.4,28.0,81,0.2,0.0,,,0.0,,,,,,,,,,,,,,,,,,,,,,,,,,,,
2012-09-05 23:00:00,993.7,27.8,82,0.1,0.0,,,0.0,,,,,,,,,,,,,,,,,,,,,,,,,,,,
2012-09-06 00:00:00,993.6,27.8,81,0.2,0.0,,,0.0,,,,,,,,,,,,,,,,,,,,,,,,,,,,
2012-09-06 01:00:00,993.4,27.6,82,0.2,0.0,,,0.0,,,,,,,,,,,,,,,,,,,,,,,,,,,,
2012-09-06 02:00:00,993.4,27.4,84,0.1,0.0,,,0.0,,,,,,,,,,,,,,,,,,,,,,,,,,,,
2012-09-06 03:00:00,993.4,26.9,87,0.0,0.0,,,0.0,,,,,,,,,,,,,,,,,,,,,,,,,,,,
2012-09-06 04:00:00,993.3,26.9,87,0.0,0.0,,,0.0,,,,,,,,,,,,,,,,,,,,,,,,,,,,
2012-09-06 05:00:00,993.2,26.4,89,0.2,0.0,,,0.0,,,,,,,,,,,,,,,,,,,,,,,,,,,,
2012-09-06 06:00:00,993.5,27.0,86,0.1,0.0,,,0.0,,,,,,,,,,,,,,,,,,,,,,,,,,,,
2012-09-06 07:00:00,994.0,27.6,82,0.1,0.0,,,0.0,,,,,,,,,,,,,,,,,,,,,,,,,,,,
2012-09-06 08:00:00,994.9,30.8,66,0.4,57.0,,,0.0,,,,,,,,,,,,,,,,,,,,,,,,,,,,
2012-09-06 09:00:00,994.9,31.0,65,0.5,288.0,,,-999.6,,,,,,,,,,,,,,,,,,,,,,,,,,,,
2012-09-06 10:00:00,994.5,31.2,61,0.6,253.0,,,0.0,,,,,,,,,,,,,,,,,,,,,,,,,,,,
2012-09-06 11:00:00,994.5,32.8,58,0.4,272.0,,,0.0,,,,,,,,,,,,,,,,,,,,,,,,,,,,
2012-09-06 12:00:00,994.0,33.4,58,0.7,258.0,,,0.0,,,,,,,,,,,,,,,,,,,,,,,,,,,,
2012-09-06 13:00:00,993.6,32.8,60,0.6,286.0,,,0.0,,,,,,,,,,,,,,,,,,,,,,,,,,,,
2012-09-06 14:00:00,993.2,32.8,65,0.5,326.0,,,0.0,,,,,,,,,,,,,,,,,,,,,,,,,,,,
2012-09-06 15:00:00,992.8,32.3,63,0.5,341.0,,,0.0,,,,,,,,,,,,,,,,,,,,,,,,,,,,
2012-09-06 16:00:00,992.8,32.8,63,0.3,325.0,,,0.0,,,,,,,,,,,,,,,,,,,,,,,,,,,,
2012-09-06 17:00:00,992.8,31.1,71,0.4,308.0,,,0.0,,,,,,,,,,,,,,,,,,,,,,,,,,,,
2012-09-06 18:00:00,993.1,29.4,78,0.4,325.0,,,0.0,,,,,,,,,,,,,,,,,,,,,,,,,,,,
2012-09-06 19:00:00,993.7,29.3,74,0.3,29.0,,,0.0,,,,,,,,,,,,,,,,,,,,,,,,,,,,
2012-09-06 20:00:00,993.4,29.0,78,0.3,54.0,,,0.0,,,,,,,,,,,,,,,,,,,,,,,,,,,,
2012-09-06 21:00:00,994.0,28.7,78,0.3,78.0,,,0.0,,,,,,,,,,,,,,,,,,,,,,,,,,,,
2012-09-06 22:00:00,994.1,28.8,77,0.2,0.0,,,0.0,,,,,,,,,,,,,,,,,,,,,,,,,,,,
2012-09-06 23:00:00,994.3,28.4,79,0.2,0.0,,,0.0,,,,,,,,,,,,,,,,,,,,,,,,,,,,
2012-09-07 00:00:00,994.0,28.2,78,0.1,0.0,,,0.0,,,,,,,,,,,,,,,,,,,,,,,,,,,,
2012-09-07 01:00:00,993.4,27.9,78,0.1,0.0,,,0.0,,,,,,,,,,,,,,,,,,,,,,,,,,,,
2012-09-07 02:00:00,993.4,27.7,78,0.1,0.0,,,0.0,,,,,,,,,,,,,,,,,,,,,,,,,,,,
2012-09-07 03:00:00,993.4,27.4,79,0.1,0.0,,,0.0,,,,,,,,,,,,,,,,,,,,,,,,,,,,
2012-09-07 04:00:00,993.4,27.4,76,0.1,0.0,,,0.0,,,,,,,,,,,,,,,,,,,,,,,,,,,,
2012-09-07 05:00:00,993.7,27.3,74,0.1,0.0,,,0.0,,,,,,,,,,,,,,,,,,,,,,,,,,,,
2012-09-07 06:00:00,993.9,27.6,75,0.1,0.0,,,0.0,,,,,,,,,,,,,,,,,,,,,,,,,,,,
2012-09-07 07:00:00,994.3,27.8,75,0.1,0.0,,,0.0,,,,,,,,,,,,,,,,,,,,,,,,,,,,
2012-09-07 08:00:00,994.6,28.3,77,0.3,178.0,,,0.0,,,,,,,,,,,,,,,,,,,,,,,,,,,,
2012-09-07 09:00:00,994.7,29.1,74,0.3,193.0,,,0.0,,,,,,,,,,,,,,,,,,,,,,,,,,,,
2012-09-07 10:00:00,995.0,30.2,67,0.3,75.0,,,0.0,,,,,,,,,,,,,,,,,,,,,,,,,,,,
2012-09-07 11:00:00,994.6,32.2,60,0.4,59.0,,,0.0,,,,,,,,,,,,,,,,,,,,,,,,,,,,
2012-09-07 12:00:00,994.4,31.7,67,0.5,272.0,,,0.0,,,,,,,,,,,,,,,,,,,,,,,,,,,,
2012-09-07 13:00:00,993.7,31.7,66,0.5,263.0,,,0.0,,,,,,,,,,,,,,,,,,,,,,,,,,,,
2012-09-07 14:00:00,993.0,31.5,66,0.3,313.0,,,0.0,,,,,,,,,,,,,,,,,,,,,,,,,,,,
2012-09-07 15:00:00,992.5,29.8,68,0.3,93.0,,,-999.6,,,,,,,,,,,,,,,,,,,,,,,,,,,,
2012-09-07 16:00:00,992.4,30.7,66,0.3,328.0,,,0.0,,,,,,,,,,,,,,,,,,,,,,,,,,,,
2012-09-07 17:00:00,992.8,30.3,69,0.3,280.0,,,0.0,,,,,,,,,,,,,,,,,,,,,,,,,,,,
2012-09-07 18:00:00,993.2,29.7,77,0.3,90.0,,,0.0,,,,,,,,,,,,,,,,,,,,,,,,,,,,
2012-09-07 19:00:00,993.2,26.5,94,0.1,0.0,,,9.5,,,,,,,,,,,,,,,,,,,,,,,,,,,,
2012-09-07 20:00:00,993.3,26.7,92,0.3,272.0,,,-999.6,,,,,,,,,,,,,,,,,,,,,,,,,,,,
2012-09-07 21:00:00,993.9,26.2,89,0.2,0.0,,,0.0,,,,,,,,,,,,,,,,,,,,,,,,,,,,
2012-09-07 22:00:00,994.0,26.6,91,0.1,0.0,,,0.0,,,,,,,,,,,,,,,,,,,,,,,,,,,,
2012-09-07 23:00:00,994.5,26.4,91,0.2,0.0,,,0.0,,,,,,,,,,,,,,,,,,,,,,,,,,,,
2012-09-08 00:00:00,994.1,26.3,91,0.3,75.0,,,0.0,,,,,,,,,,,,,,,,,,,,,,,,,,,,
2012-09-08 01:00:00,993.8,26.6,91,0.1,0.0,,,0.0,,,,,,,,,,,,,,,,,,,,,,,,,,,,
2012-09-08 02:00:00,993.3,26.6,91,0.0,0.0,,,0.0,,,,,,,,,,,,,,,,,,,,,,,,,,,,
2012-09-08 03:00:00,992.8,26.2,91,0.2,0.0,,,0.0,,,,,,,,,,,,,,,,,,,,,,,,,,,,
2012-09-08 04:00:00,992.3,25.9,91,0.2,0.0,,,0.0,,,,,,,,,,,,,,,,,,,,,,,,,,,,
2012-09-08 05:00:00,992.3,25.8,92,0.2,0.0,,,0.0,,,,,,,,,,,,,,,,,,,,,,,,,,,,
2012-09-08 06:00:00,992.5,25.7,90,0.2,0.0,,,0.0,,,,,,,,,,,,,,,,,,,,,,,,,,,,
2012-09-08 07:00:00,992.8,26.6,83,0.2,0.0,,,0.0,,,,,,,,,,,,,,,,,,,,,,,,,,,,
2012-09-08 08:00:00,993.4,27.9,78,0.1,0.0,,,0.0,,,,,,,,,,,,,,,,,,,,,,,,,,,,
2012-09-08 09:00:00,993.3,29.0,74,0.3,290.0,,,0.0,,,,,,,,,,,,,,,,,,,,,,,,,,,,
2012-09-08 10:00:00,993.1,29.6,70,0.3,254.0,,,0.0,,,,,,,,,,,,,,,,,,,,,,,,,,,,
2012-09-08 11:00:00,992.6,30.7,65,0.4,279.0,,,0.0,,,,,,,,,,,,,,,,,,,,,,,,,,,,
2012-09-08 12:00:00,992.2,30.0,74,0.5,303.0,,,0.0,,,,,,,,,,,,,,,,,,,,,,,,,,,,
2012-09-08 13:00:00,991.8,30.0,72,0.4,312.0,,,0.0,,,,,,,,,,,,,,,,,,,,,,,,,,,,
2012-09-08 14:00:00,991.4,31.4,66,0.5,334.0,,,0.0,,,,,,,,,,,,,,,,,,,,,,,,,,,,
2012-09-08 15:00:00,990.8,31.7,63,0.5,347.0,,,0.0,,,,,,,,,,,,,,,,,,,,,,,,,,,,
2012-09-08 16:00:00,991.1,30.2,67,0.4,299.0,,,0.0,,,,,,,,,,,,,,,,,,,,,,,,,,,,
2012-09-08 17:00:00,991.2,29.9,66,0.3,309.0,,,0.0,,,,,,,,,,,,,,,,,,,,,,,,,,,,
2012-09-08 18:00:00,992.1,29.1,74,0.3,297.0,,,0.0,,,,,,,,,,,,,,,,,,,,,,,,,,,,
2012-09-08 19:00:00,992.8,28.3,80,0.3,293.0,,,0.0,,,,,,,,,,,,,,,,,,,,,,,,,,,,
2012-09-08 20:00:00,993.4,28.1,83,0.2,0.0,,,0.0,,,,,,,,,,,,,,,,,,,,,,,,,,,,
2012-09-08 21:00:00,993.5,27.8,84,0.0,0.0,,,0.0,,,,,,,,,,,,,,,,,,,,,,,,,,,,
2012-09-08 22:00:00,993.5,27.6,84,0.0,0.0,,,0.0,,,,,,,,,,,,,,,,,,,,,,,,,,,,
2012-09-08 23:00:00,993.0,27.1,84,0.2,0.0,,,0.0,,,,,,,,,,,,,,,,,,,,,,,,,,,,
2012-09-09 00:00:00,992.2,26.9,85,0.2,0.0,,,0.0,,,,,,,,,,,,,,,,,,,,,,,,,,,,
2012-09-09 01:00:00,991.8,26.5,86,0.1,0.0,,,0.0,,,,,,,,,,,,,,,,,,,,,,,,,,,,
2012-09-09 02:00:00,991.2,26.3,87,0.1,0.0,,,0.0,,,,,,,,,,,,,,,,,,,,,,,,,,,,
2012-09-09 03:00:00,991.2,26.1,86,0.1,0.0,,,0.0,,,,,,,,,,,,,,,,,,,,,,,,,,,,
2012-09-09 04:00:00,991.3,25.9,85,0.0,0.0,,,0.0,,,,,,,,,,,,,,,,,,,,,,,,,,,,
2012-09-09 05:00:00,991.5,26.2,81,0.0,0.0,,,0.0,,,,,,,,,,,,,,,,,,,,,,,,,,,,
2012-09-09 06:00:00,991.8,26.6,80,0.2,0.0,,,0.0,,,,,,,,,,,,,,,,,,,,,,,,,,,,
2012-09-09 07:00:00,992.4,26.6,82,0.3,77.0,,,0.0,,,,,,,,,,,,,,,,,,,,,,,,,,,,
2012-09-09 08:00:00,992.8,27.9,77,0.2,0.0,,,0.0,,,,,,,,,,,,,,,,,,,,,,,,,,,,
2012-09-09 09:00:00,993.0,29.8,71,0.3,261.0,,,0.0,,,,,,,,,,,,,,,,,,,,,,,,,,,,
2012-09-09 10:00:00,992.8,30.7,63,0.4,257.0,,,0.0,,,,,,,,,,,,,,,,,,,,,,,,,,,,
2012-09-09 11:00:00,992.4,31.1,60,0.5,251.0,,,0.0,,,,,,,,,,,,,,,,,,,,,,,,,,,,
2012-09-09 12:00:00,991.7,32.8,54,0.5,281.0,,,0.0,,,,,,,,,,,,,,,,,,,,,,,,,,,,
2012-09-09 13:00:00,991.3,33.6,59,0.5,281.0,,,0.0,,,,,,,,,,,,,,,,,,,,,,,,,,,,
2012-09-09 14:00:00,990.5,31.7,63,0.6,245.0,,,0.0,,,,,,,,,,,,,,,,,,,,,,,,,,,,
2012-09-09 15:00:00,989.7,32.3,61,0.6,317.0,,,0.0,,,,,,,,,,,,,,,,,,,,,,,,,,,,
2012-09-09 16:00:00,989.6,31.3,62,0.5,326.0,,,0.0,,,,,,,,,,,,,,,,,,,,,,,,,,,,
2012-09-09 17:00:00,990.2,30.0,66,0.4,340.0,,,0.0,,,,,,,,,,,,,,,,,,,,,,,,,,,,
2012-09-09 18:00:00,990.4,29.0,71,0.3,315.0,,,0.0,,,,,,,,,,,,,,,,,,,,,,,,,,,,
2012-09-09 19:00:00,991.1,28.0,82,0.3,327.0,,,0.0,,,,,,,,,,,,,,,,,,,,,,,,,,,,
2012-09-09 20:00:00,991.3,28.0,81,0.2,0.0,,,0.0,,,,,,,,,,,,,,,,,,,,,,,,,,,,
2012-09-09 21:00:00,991.4,28.1,77,0.3,84.0,,,0.0,,,,,,,,,,,,,,,,,,,,,,,,,,,,
2012-09-09 22:00:00,991.7,27.5,77,0.3,93.0,,,0.0,,,,,,,,,,,,,,,,,,,,,,,,,,,,
2012-09-09 23:00:00,991.1,27.3,81,0.1,0.0,,,0.0,,,,,,,,,,,,,,,,,,,,,,,,,,,,
2012-09-10 00:00:00,990.4,26.9,82,0.3,86.0,,,0.0,,,,,,,,,,,,,,,,,,,,,,,,,,,,
2012-09-10 01:00:00,989.9,26.5,86,0.2,0.0,,,0.0,,,,,,,,,,,,,,,,,,,,,,,,,,,,
2012-09-10 02:00:00,990.2,26.3,87,0.0,0.0,,,0.0,,,,,,,,,,,,,,,,,,,,,,,,,,,,
2012-09-10 03:00:00,990.6,26.4,86,0.0,0.0,,,0.0,,,,,,,,,,,,,,,,,,,,,,,,,,,,
2012-09-10 04:00:00,990.8,26.6,87,0.3,78.0,,,0.0,,,,,,,,,,,,,,,,,,,,,,,,,,,,
2012-09-10 05:00:00,991.1,26.6,87,0.0,0.0,,,0.0,,,,,,,,,,,,,,,,,,,,,,,,,,,,
2012-09-10 06:00:00,991.8,26.6,89,0.0,0.0,,,0.0,,,,,,,,,,,,,,,,,,,,,,,,,,,,
2012-09-10 07:00:00,991.8,27.5,82,0.1,0.0,,,0.0,,,,,,,,,,,,,,,,,,,,,,,,,,,,
2012-09-10 08:00:00,992.1,28.9,73,0.3,67.0,,,0.0,,,,,,,,,,,,,,,,,,,,,,,,,,,,
2012-09-10 09:00:00,992.5,30.1,60,0.3,75.0,,,0.0,,,,,,,,,,,,,,,,,,,,,,,,,,,,
2012-09-10 10:00:00,992.5,31.4,59,0.6,290.0,,,0.0,,,,,,,,,,,,,,,,,,,,,,,,,,,,
2012-09-10 11:00:00,992.3,32.1,59,0.4,264.0,,,0.0,,,,,,,,,,,,,,,,,,,,,,,,,,,,
2012-09-10 12:00:00,991.5,32.3,57,0.5,300.0,,,0.0,,,,,,,,,,,,,,,,,,,,,,,,,,,,
2012-09-10 13:00:00,990.6,31.9,64,0.5,305.0,,,0.0,,,,,,,,,,,,,,,,,,,,,,,,,,,,
2012-09-10 14:00:00,990.2,30.8,67,0.6,314.0,,,0.0,,,,,,,,,,,,,,,,,,,,,,,,,,,,
2012-09-10 15:00:00,989.4,31.0,63,0.5,315.0,,,0.0,,,,,,,,,,,,,,,,,,,,,,,,,,,,
2012-09-10 16:00:00,989.3,31.5,64,0.4,325.0,,,0.0,,,,,,,,,,,,,,,,,,,,,,,,,,,,
2012-09-10 17:00:00,989.5,30.0,73,0.4,309.0,,,0.0,,,,,,,,,,,,,,,,,,,,,,,,,,,,
2012-09-10 18:00:00,989.8,29.0,80,0.4,332.0,,,0.0,,,,,,,,,,,,,,,,,,,,,,,,,,,,
2012-09-10 19:00:00,990.5,28.2,82,0.3,305.0,,,0.0,,,,,,,,,,,,,,,,,,,,,,,,,,,,
2012-09-10 20:00:00,990.6,27.9,83,0.2,0.0,,,0.0,,,,,,,,,,,,,,,,,,,,,,,,,,,,
2012-09-10 21:00:00,991.2,27.9,83,0.2,0.0,,,0.0,,,,,,,,,,,,,,,,,,,,,,,,,,,,
2012-09-10 22:00:00,991.5,27.9,83,0.2,0.0,,,0.0,,,,,,,,,,,,,,,,,,,,,,,,,,,,
2012-09-10 23:00:00,991.7,27.8,84,0.3,80.0,,,0.0,,,,,,,,,,,,,,,,,,,,,,,,,,,,
2012-09-11 00:00:00,991.3,27.7,86,0.2,0.0,,,0.0,,,,,,,,,,,,,,,,,,,,,,,,,,,,
2012-09-11 01:00:00,990.5,27.3,88,0.1,0.0,,,0.0,,,,,,,,,,,,,,,,,,,,,,,,,,,,
2012-09-11 02:00:00,990.2,27.0,89,0.2,0.0,,,0.0,,,,,,,,,,,,,,,,,,,,,,,,,,,,
2012-09-11 03:00:00,989.9,27.4,87,0.2,0.0,,,0.0,,,,,,,,,,,,,,,,,,,,,,,,,,,,
2012-09-11 04:00:00,989.8,26.8,91,0.2,0.0,,,0.0,,,,,,,,,,,,,,,,,,,,,,,,,,,,
2012-09-11 05:00:00,990.2,26.6,92,0.2,0.0,,,0.0,,,,,,,,,,,,,,,,,,,,,,,,,,,,
2012-09-11 06:00:00,990.6,26.7,89,0.1,0.0,,,0.0,,,,,,,,,,,,,,,,,,,,,,,,,,,,
2012-09-11 07:00:00,991.1,27.3,83,0.3,241.0,,,0.0,,,,,,,,,,,,,,,,,,,,,,,,,,,,
2012-09-11 08:00:00,991.8,27.7,81,0.2,0.0,,,0.0,,,,,,,,,,,,,,,,,,,,,,,,,,,,
2012-09-11 09:00:00,992.2,28.6,77,0.3,263.0,,,0.0,,,,,,,,,,,,,,,,,,,,,,,,,,,,
2012-09-11 10:00:00,992.3,29.4,72,0.3,101.0,,,0.0,,,,,,,,,,,,,,,,,,,,,,,,,,,,
2012-09-11 11:00:00,991.8,31.1,67,0.4,272.0,,,0.0,,,,,,,,,,,,,,,,,,,,,,,,,,,,
2012-09-11 12:00:00,991.5,30.9,67,0.5,300.0,,,0.0,,,,,,,,,,,,,,,,,,,,,,,,,,,,
2012-09-11 13:00:00,990.5,31.3,63,0.3,303.0,,,0.0,,,,,,,,,,,,,,,,,,,,,,,,,,,,
2012-09-11 14:00:00,990.2,32.0,59,0.6,298.0,,,0.0,,,,,,,,,,,,,,,,,,,,,,,,,,,,
2012-09-11 15:00:00,989.7,31.8,59,0.6,304.0,,,0.0,,,,,,,,,,,,,,,,,,,,,,,,,,,,
2012-09-11 16:00:00,989.6,30.7,63,0.4,317.0,,,0.0,,,,,,,,,,,,,,,,,,,,,,,,,,,,
2012-09-11 17:00:00,989.3,30.0,62,0.3,319.0,,,-999.6,,,,,,,,,,,,,,,,,,,,,,,,,,,,
2012-09-11 18:00:00,989.5,29.2,68,0.3,324.0,,,0.0,,,,,,,,,,,,,,,,,,,,,,,,,,,,
2012-09-11 19:00:00,989.9,28.5,73,0.2,0.0,,,0.0,,,,,,,,,,,,,,,,,,,,,,,,,,,,
2012-09-11 20:00:00,990.5,28.0,77,0.2,0.0,,,0.0,,,,,,,,,,,,,,,,,,,,,,,,,,,,
2012-09-11 21:00:00,991.1,27.8,80,0.2,0.0,,,0.0,,,,,,,,,,,,,,,,,,,,,,,,,,,,
2012-09-11 22:00:00,991.4,27.8,79,0.2,0.0,,,0.0,,,,,,,,,,,,,,,,,,,,,,,,,,,,
2012-09-11 23:00:00,991.2,27.0,83,0.2,0.0,,,0.0,,,,,,,,,,,,,,,,,,,,,,,,,,,,
2012-09-12 00:00:00,991.1,26.8,84,0.0,0.0,,,-999.6,,,,,,,,,,,,,,,,,,,,,,,,,,,,
2012-09-12 01:00:00,990.8,26.4,85,0.2,0.0,,,0.0,,,,,,,,,,,,,,,,,,,,,,,,,,,,
2012-09-12 02:00:00,990.5,26.3,86,0.2,0.0,,,0.0,,,,,,,,,,,,,,,,,,,,,,,,,,,,
2012-09-12 03:00:00,990.2,26.1,87,0.2,0.0,,,0.0,,,,,,,,,,,,,,,,,,,,,,,,,,,,
2012-09-12 04:00:00,990.2,25.9,88,0.1,0.0,,,0.0,,,,,,,,,,,,,,,,,,,,,,,,,,,,
2012-09-12 05:00:00,990.2,26.2,86,0.2,0.0,,,0.0,,,,,,,,,,,,,,,,,,,,,,,,,,,,
2012-09-12 06:00:00,990.2,26.2,85,0.2,0.0,,,0.0,,,,,,,,,,,,,,,,,,,,,,,,,,,,
2012-09-12 07:00:00,990.6,26.8,81,0.2,0.0,,,0.0,,,,,,,,,,,,,,,,,,,,,,,,,,,,
2012-09-12 08:00:00,990.9,27.5,77,0.2,0.0,,,0.0,,,,,,,,,,,,,,,,,,,,,,,,,,,,
2012-09-12 09:00:00,990.9,29.3,72,0.3,193.0,,,0.0,,,,,,,,,,,,,,,,,,,,,,,,,,,,
2012-09-12 10:00:00,990.8,30.6,62,0.4,194.0,,,0.0,,,,,,,,,,,,,,,,,,,,,,,,,,,,
2012-09-12 11:00:00,990.6,31.2,61,0.4,292.0,,,0.0,,,,,,,,,,,,,,,,,,,,,,,,,,,,
2012-09-12 12:00:00,990.1,32.0,56,0.5,281.0,,,0.0,,,,,,,,,,,,,,,,,,,,,,,,,,,,
2012-09-12 13:00:00,989.2,31.5,68,0.7,316.0,,,0.0,,,,,,,,,,,,,,,,,,,,,,,,,,,,
2012-09-12 14:00:00,988.6,31.8,65,0.5,296.0,,,0.0,,,,,,,,,,,,,,,,,,,,,,,,,,,,
2012-09-12 15:00:00,988.2,30.3,71,0.6,320.0,,,0.0,,,,,,,,,,,,,,,,,,,,,,,,,,,,
2012-09-12 16:00:00,988.2,29.9,71,0.4,319.0,,,0.0,,,,,,,,,,,,,,,,,,,,,,,,,,,,
2012-09-12 17:00:00,988.2,29.4,74,0.4,331.0,,,0.0,,,,,,,,,,,,,,,,,,,,,,,,,,,,
2012-09-12 18:00:00,988.7,28.5,79,0.3,317.0,,,0.0,,,,,,,,,,,,,,,,,,,,,,,,,,,,
2012-09-12 19:00:00,989.3,28.0,82,0.2,0.0,,,0.0,,,,,,,,,,,,,,,,,,,,,,,,,,,,
2012-09-12 20:00:00,989.8,28.2,81,0.2,0.0,,,0.0,,,,,,,,,,,,,,,,,,,,,,,,,,,,
2012-09-12 21:00:00,990.2,27.9,83,0.1,0.0,,,0.0,,,,,,,,,,,,,,,,,,,,,,,,,,,,
2012-09-12 22:00:00,990.2,27.7,83,0.2,0.0,,,0.0,,,,,,,,,,,,,,,,,,,,,,,,,,,,
2012-09-12 23:00:00,990.4,27.7,83,0.3,85.0,,,0.0,,,,,,,,,,,,,,,,,,,,,,,,,,,,
2012-09-13 00:00:00,989.9,27.2,85,0.1,0.0,,,0.0,,,,,,,,,,,,,,,,,,,,,,,,,,,,
2012-09-13 01:00:00,989.8,27.1,85,0.2,0.0,,,0.0,,,,,,,,,,,,,,,,,,,,,,,,,,,,
2012-09-13 02:00:00,989.8,26.8,84,0.1,0.0,,,0.0,,,,,,,,,,,,,,,,,,,,,,,,,,,,
2012-09-13 03:00:00,989.6,26.5,86,0.1,0.0,,,0.0,,,,,,,,,,,,,,,,,,,,,,,,,,,,
2012-09-13 04:00:00,989.7,26.4,86,0.1,0.0,,,0.0,,,,,,,,,,,,,,,,,,,,,,,,,,,,
2012-09-13 05:00:00,989.5,26.2,85,0.1,0.0,,,0.0,,,,,,,,,,,,,,,,,,,,,,,,,,,,
2012-09-13 06:00:00,989.3,26.2,83,0.1,0.0,,,0.0,,,,,,,,,,,,,,,,,,,,,,,,,,,,
2012-09-13 07:00:00,989.5,27.3,78,0.3,243.0,,,0.0,,,,,,,,,,,,,,,,,,,,,,,,,,,,
2012-09-13 08:00:00,989.9,28.7,73,0.3,16.0,,,-999.6,,,,,,,,,,,,,,,,,,,,,,,,,,,,
2012-09-13 09:00:00,990.3,30.0,65,0.3,360.0,,,0.0,,,,,,,,,,,,,,,,,,,,,,,,,,,,
2012-09-13 10:00:00,990.2,29.5,64,0.3,250.0,,,0.0,,,,,,,,,,,,,,,,,,,,,,,,,,,,
2012-09-13 11:00:00,989.9,31.7,54,0.5,291.0,,,0.0,,,,,,,,,,,,,,,,,,,,,,,,,,,,
2012-09-13 12:00:00,989.0,32.2,58,0.6,290.0,,,0.0,,,,,,,,,,,,,,,,,,,,,,,,,,,,
2012-09-13 13:00:00,988.0,32.1,59,0.6,327.0,,,0.0,,,,,,,,,,,,,,,,,,,,,,,,,,,,
2012-09-13 14:00:00,987.5,32.2,61,0.5,291.0,,,0.0,,,,,,,,,,,,,,,,,,,,,,,,,,,,
2012-09-13 15:00:00,987.0,31.4,62,0.5,309.0,,,0.0,,,,,,,,,,,,,,,,,,,,,,,,,,,,
2012-09-13 16:00:00,986.9,31.2,59,0.4,312.0,,,0.0,,,,,,,,,,,,,,,,,,,,,,,,,,,,
2012-09-13 17:00:00,987.0,30.9,58,0.3,333.0,,,0.0,,,,,,,,,,,,,,,,,,,,,,,,,,,,
2012-09-13 18:00:00,987.4,29.9,65,0.4,310.0,,,0.0,,,,,,,,,,,,,,,,,,,,,,,,,,,,
2012-09-13 19:00:00,987.7,29.0,72,0.3,299.0,,,0.0,,,,,,,,,,,,,,,,,,,,,,,,,,,,
2012-09-13 20:00:00,988.6,28.3,74,0.2,0.0,,,0.0,,,,,,,,,,,,,,,,,,,,,,,,,,,,
2012-09-13 21:00:00,989.5,27.7,80,0.2,0.0,,,0.0,,,,,,,,,,,,,,,,,,,,,,,,,,,,
2012-09-13 22:00:00,989.9,27.4,85,0.2,0.0,,,0.0,,,,,,,,,,,,,,,,,,,,,,,,,,,,
2012-09-13 23:00:00,989.8,27.2,82,0.3,103.0,,,0.0,,,,,,,,,,,,,,,,,,,,,,,,,,,,
2012-09-14 00:00:00,989.3,27.3,81,0.2,0.0,,,0.0,,,,,,,,,,,,,,,,,,,,,,,,,,,,
2012-09-14 01:00:00,989.2,27.3,80,0.3,76.0,,,0.0,,,,,,,,,,,,,,,,,,,,,,,,,,,,
2012-09-14 02:00:00,988.6,27.0,87,0.2,0.0,,,0.0,,,,,,,,,,,,,,,,,,,,,,,,,,,,
2012-09-14 03:00:00,988.0,26.8,90,0.2,0.0,,,0.0,,,,,,,,,,,,,,,,,,,,,,,,,,,,
2012-09-14 04:00:00,988.2,25.0,91,0.4,64.0,,,0.0,,,,,,,,,,,,,,,,,,,,,,,,,,,,
2012-09-14 05:00:00,988.4,24.9,91,0.3,81.0,,,0.5,,,,,,,,,,,,,,,,,,,,,,,,,,,,
2012-09-14 06:00:00,988.0,25.2,91,0.1,0.0,,,-999.6,,,,,,,,,,,,,,,,,,,,,,,,,,,,
2012-09-14 07:00:00,988.4,25.9,87,0.1,0.0,,,0.0,,,,,,,,,,,,,,,,,,,,,,,,,,,,
2012-09-14 08:00:00,988.4,27.6,83,0.3,47.0,,,0.0,,,,,,,,,,,,,,,,,,,,,,,,,,,,
2012-09-14 09:00:00,988.6,27.9,76,0.6,24.0,,,0.0,,,,,,,,,,,,,,,,,,,,,,,,,,,,
2012-09-14 10:00:00,988.6,29.7,62,0.8,22.0,,,0.0,,,,,,,,,,,,,,,,,,,,,,,,,,,,
2012-09-14 11:00:00,988.1,29.5,64,1.0,24.0,,,-999.6,,,,,,,,,,,,,,,,,,,,,,,,,,,,
2012-09-14 12:00:00,987.3,30.4,61,1.2,39.0,,,0.0,,,,,,,,,,,,,,,,,,,,,,,,,,,,
2012-09-14 13:00:00,986.3,31.5,59,0.8,31.0,,,0.0,,,,,,,,,,,,,,,,,,,,,,,,,,,,
2012-09-14 14:00:00,986.0,30.7,60,0.9,23.0,,,0.0,,,,,,,,,,,,,,,,,,,,,,,,,,,,
2012-09-14 15:00:00,985.8,29.8,63,1.0,22.0,,,0.0,,,,,,,,,,,,,,,,,,,,,,,,,,,,
2012-09-14 16:00:00,985.8,28.9,66,1.0,14.0,,,0.0,,,,,,,,,,,,,,,,,,,,,,,,,,,,
2012-09-14 17:00:00,985.9,27.8,69,0.9,32.0,,,0.0,,,,,,,,,,,,,,,,,,,,,,,,,,,,
2012-09-14 18:00:00,986.4,26.9,72,0.8,38.0,,,0.0,,,,,,,,,,,,,,,,,,,,,,,,,,,,
2012-09-14 19:00:00,986.7,26.5,74,0.6,38.0,,,0.0,,,,,,,,,,,,,,,,,,,,,,,,,,,,
2012-09-14 20:00:00,987.4,26.0,77,0.6,30.0,,,0.0,,,,,,,,,,,,,,,,,,,,,,,,,,,,
2012-09-14 21:00:00,988.0,25.4,78,0.6,39.0,,,0.0,,,,,,,,,,,,,,,,,,,,,,,,,,,,
2012-09-14 22:00:00,988.0,25.3,76,0.4,28.0,,,0.0,,,,,,,,,,,,,,,,,,,,,,,,,,,,
2012-09-14 23:00:00,987.7,25.2,76,0.5,41.0,,,0.0,,,,,,,,,,,,,,,,,,,,,,,,,,,,
2012-09-15 00:00:00,987.4,24.8,77,0.4,56.0,,,0.0,,,,,,,,,,,,,,,,,,,,,,,,,,,,
2012-09-15 01:00:00,987.4,24.9,76,0.5,35.0,,,0.0,,,,,,,,,,,,,,,,,,,,,,,,,,,,
2012-09-15 02:00:00,987.1,24.9,75,0.6,23.0,,,0.0,,,,,,,,,,,,,,,,,,,,,,,,,,,,
2012-09-15 03:00:00,986.7,24.7,76,0.5,45.0,,,0.0,,,,,,,,,,,,,,,,,,,,,,,,,,,,
2012-09-15 04:00:00,986.8,24.3,81,0.4,300.0,,,-999.6,,,,,,,,,,,,,,,,,,,,,,,,,,,,
2012-09-15 05:00:00,987.0,24.1,82,0.6,34.0,,,0.0,,,,,,,,,,,,,,,,,,,,,,,,,,,,
2012-09-15 06:00:00,987.2,24.2,80,0.5,22.0,,,0.0,,,,,,,,,,,,,,,,,,,,,,,,,,,,
2012-09-15 07:00:00,987.7,25.2,75,0.5,20.0,,,0.0,,,,,,,,,,,,,,,,,,,,,,,,,,,,
2012-09-15 08:00:00,988.2,26.9,69,0.9,39.0,,,0.0,,,,,,,,,,,,,,,,,,,,,,,,,,,,
2012-09-15 09:00:00,988.4,28.6,63,0.9,42.0,,,0.0,,,,,,,,,,,,,,,,,,,,,,,,,,,,
2012-09-15 10:00:00,988.6,29.4,60,1.1,62.0,,,0.0,,,,,,,,,,,,,,,,,,,,,,,,,,,,
2012-09-15 11:00:00,988.0,29.6,61,1.3,27.0,,,0.0,,,,,,,,,,,,,,,,,,,,,,,,,,,,
2012-09-15 12:00:00,987.3,30.0,59,1.1,8.0,,,0.0,,,,,,,,,,,,,,,,,,,,,,,,,,,,
2012-09-15 13:00:00,986.7,29.6,62,1.0,9.0,,,0.0,,,,,,,,,,,,,,,,,,,,,,,,,,,,
2012-09-15 14:00:00,986.2,29.4,62,1.3,36.0,,,0.0,,,,,,,,,,,,,,,,,,,,,,,,,,,,
2012-09-15 15:00:00,986.1,27.9,66,1.4,38.0,,,0.0,,,,,,,,,,,,,,,,,,,,,,,,,,,,
2012-09-15 16:00:00,985.8,27.4,67,1.2,16.0,,,0.0,,,,,,,,,,,,,,,,,,,,,,,,,,,,
2012-09-15 17:00:00,986.1,26.2,71,1.0,46.0,,,0.0,,,,,,,,,,,,,,,,,,,,,,,,,,,,
2012-09-15 18:00:00,986.4,25.0,75,1.1,32.0,,,0.0,,,,,,,,,,,,,,,,,,,,,,,,,,,,
2012-09-15 19:00:00,986.5,25.0,75,0.7,34.0,,,0.0,,,,,,,,,,,,,,,,,,,,,,,,,,,,
2012-09-15 20:00:00,987.4,24.8,74,0.8,36.0,,,0.0,,,,,,,,,,,,,,,,,,,,,,,,,,,,
2012-09-15 21:00:00,988.2,25.0,71,0.9,25.0,,,0.0,,,,,,,,,,,,,,,,,,,,,,,,,,,,
2012-09-15 22:00:00,987.8,24.6,74,0.8,25.0,,,0.0,,,,,,,,,,,,,,,,,,,,,,,,,,,,
2012-09-15 23:00:00,987.8,24.3,74,1.4,24.0,,,0.0,,,,,,,,,,,,,,,,,,,,,,,,,,,,
2012-09-16 00:00:00,987.8,24.0,76,0.8,32.0,,,0.0,,,,,,,,,,,,,,,,,,,,,,,,,,,,
2012-09-16 01:00:00,987.8,23.9,74,0.5,33.0,,,0.0,,,,,,,,,,,,,,,,,,,,,,,,,,,,
2012-09-16 02:00:00,987.4,23.5,77,0.6,34.0,,,0.0,,,,,,,,,,,,,,,,,,,,,,,,,,,,
2012-09-16 03:00:00,987.3,23.4,77,0.8,27.0,,,0.0,,,,,,,,,,,,,,,,,,,,,,,,,,,,
2012-09-16 04:00:00,987.5,23.0,79,0.5,35.0,,,0.0,,,,,,,,,,,,,,,,,,,,,,,,,,,,
2012-09-16 05:00:00,987.9,22.9,79,0.5,38.0,,,0.0,,,,,,,,,,,,,,,,,,,,,,,,,,,,
2012-09-16 06:00:00,988.3,23.0,78,0.4,35.0,,,0.0,,,,,,,,,,,,,,,,,,,,,,,,,,,,
2012-09-16 07:00:00,988.7,23.5,74,0.4,37.0,,,0.0,,,,,,,,,,,,,,,,,,,,,,,,,,,,
2012-09-16 08:00:00,989.1,25.5,66,0.5,47.0,,,0.0,,,,,,,,,,,,,,,,,,,,,,,,,,,,
2012-09-16 09:00:00,989.8,26.2,63,0.9,28.0,,,0.0,,,,,,,,,,,,,,,,,,,,,,,,,,,,
2012-09-16 10:00:00,989.6,27.2,59,1.0,31.0,,,0.0,,,,,,,,,,,,,,,,,,,,,,,,,,,,
2012-09-16 11:00:00,989.3,28.0,57,0.9,33.0,,,0.0,,,,,,,,,,,,,,,,,,,,,,,,,,,,
2012-09-16 12:00:00,988.5,28.8,54,0.8,34.0,,,0.0,,,,,,,,,,,,,,,,,,,,,,,,,,,,
2012-09-16 13:00:00,988.2,30.0,51,0.8,354.0,,,0.0,,,,,,,,,,,,,,,,,,,,,,,,,,,,
2012-09-16 14:00:00,987.6,30.1,51,0.9,352.0,,,0.0,,,,,,,,,,,,,,,,,,,,,,,,,,,,
2012-09-16 15:00:00,987.5,29.6,51,0.8,22.0,,,0.0,,,,,,,,,,,,,,,,,,,,,,,,,,,,
2012-09-16 16:00:00,987.7,29.7,48,0.6,25.0,,,0.0,,,,,,,,,,,,,,,,,,,,,,,,,,,,
2012-09-16 17:00:00,987.9,27.8,54,0.6,9.0,,,0.0,,,,,,,,,,,,,,,,,,,,,,,,,,,,
2012-09-16 18:00:00,988.4,26.5,62,0.4,10.0,,,0.0,,,,,,,,,,,,,,,,,,,,,,,,,,,,
2012-09-16 19:00:00,989.2,25.3,65,0.4,37.0,,,0.0,,,,,,,,,,,,,,,,,,,,,,,,,,,,
2012-09-16 20:00:00,989.4,24.0,71,0.3,351.0,,,0.0,,,,,,,,,,,,,,,,,,,,,,,,,,,,
2012-09-16 21:00:00,989.8,23.6,74,0.3,313.0,,,0.0,,,,,,,,,,,,,,,,,,,,,,,,,,,,
2012-09-16 22:00:00,990.1,23.1,75,0.3,332.0,,,0.0,,,,,,,,,,,,,,,,,,,,,,,,,,,,
2012-09-16 23:00:00,990.4,23.1,73,0.4,45.0,,,0.0,,,,,,,,,,,,,,,,,,,,,,,,,,,,
2012-09-17 00:00:00,990.0,22.3,79,0.2,0.0,,,0.0,,,,,,,,,,,,,,,,,,,,,,,,,,,,
2012-09-17 01:00:00,989.8,22.7,70,0.2,0.0,,,0.0,,,,,,,,,,,,,,,,,,,,,,,,,,,,
2012-09-17 02:00:00,989.9,22.3,71,0.2,0.0,,,0.0,,,,,,,,,,,,,,,,,,,,,,,,,,,,
2012-09-17 03:00:00,989.8,22.6,67,0.3,41.0,,,0.0,,,,,,,,,,,,,,,,,,,,,,,,,,,,
2012-09-17 04:00:00,989.9,22.5,65,0.3,54.0,,,0.0,,,,,,,,,,,,,,,,,,,,,,,,,,,,
2012-09-17 05:00:00,990.2,22.0,68,0.2,0.0,,,0.0,,,,,,,,,,,,,,,,,,,,,,,,,,,,
2012-09-17 06:00:00,990.5,22.3,62,0.3,45.0,,,0.0,,,,,,,,,,,,,,,,,,,,,,,,,,,,
2012-09-17 07:00:00,991.0,24.2,56,0.3,25.0,,,0.0,,,,,,,,,,,,,,,,,,,,,,,,,,,,
2012-09-17 08:00:00,991.7,26.1,52,0.3,32.0,,,0.0,,,,,,,,,,,,,,,,,,,,,,,,,,,,
2012-09-17 09:00:00,992.0,27.1,47,0.5,31.0,,,0.0,,,,,,,,,,,,,,,,,,,,,,,,,,,,
2012-09-17 10:00:00,992.0,28.9,39,0.6,17.0,,,0.0,,,,,,,,,,,,,,,,,,,,,,,,,,,,
2012-09-17 11:00:00,991.3,30.0,35,0.7,353.0,,,0.0,,,,,,,,,,,,,,,,,,,,,,,,,,,,
2012-09-17 12:00:00,991.0,29.6,38,0.7,330.0,,,0.0,,,,,,,,,,,,,,,,,,,,,,,,,,,,
2012-09-17 13:00:00,990.2,30.4,34,0.6,323.0,,,-999.6,,,,,,,,,,,,,,,,,,,,,,,,,,,,
2012-09-17 14:00:00,989.6,30.3,43,0.7,314.0,,,0.0,,,,,,,,,,,,,,,,,,,,,,,,,,,,
2012-09-17 15:00:00,989.5,30.0,46,0.6,318.0,,,0.0,,,,,,,,,,,,,,,,,,,,,,,,,,,,
2012-09-17 16:00:00,989.5,29.4,47,0.5,316.0,,,0.0,,,,,,,,,,,,,,,,,,,,,,,,,,,,
2012-09-17 17:00:00,989.7,27.2,56,0.4,307.0,,,0.0,,,,,,,,,,,,,,,,,,,,,,,,,,,,
2012-09-17 18:00:00,989.8,26.1,59,0.4,349.0,,,0.0,,,,,,,,,,,,,,,,,,,,,,,,,,,,
2012-09-17 19:00:00,990.1,24.4,67,0.3,335.0,,,0.0,,,,,,,,,,,,,,,,,,,,,,,,,,,,
2012-09-17 20:00:00,990.8,24.8,64,0.4,38.0,,,0.0,,,,,,,,,,,,,,,,,,,,,,,,,,,,
2012-09-17 21:00:00,990.9,24.7,65,0.2,0.0,,,0.0,,,,,,,,,,,,,,,,,,,,,,,,,,,,
2012-09-17 22:00:00,991.1,24.4,68,0.2,0.0,,,0.0,,,,,,,,,,,,,,,,,,,,,,,,,,,,
2012-09-17 23:00:00,990.7,24.7,65,0.3,57.0,,,0.0,,,,,,,,,,,,,,,,,,,,,,,,,,,,
2012-09-18 00:00:00,990.2,24.6,67,0.3,253.0,,,0.0,,,,,,,,,,,,,,,,,,,,,,,,,,,,
2012-09-18 01:00:00,989.9,23.6,71,0.2,0.0,,,0.0,,,,,,,,,,,,,,,,,,,,,,,,,,,,
2012-09-18 02:00:00,989.6,23.2,75,0.2,0.0,,,0.0,,,,,,,,,,,,,,,,,,,,,,,,,,,,
2012-09-18 03:00:00,988.9,22.9,73,0.0,0.0,,,0.0,,,,,,,,,,,,,,,,,,,,,,,,,,,,
2012-09-18 04:00:00,989.0,23.2,75,0.2,0.0,,,0.0,,,,,,,,,,,,,,,,,,,,,,,,,,,,
2012-09-18 05:00:00,989.5,22.8,77,0.3,76.0,,,0.0,,,,,,,,,,,,,,,,,,,,,,,,,,,,
2012-09-18 06:00:00,989.6,22.5,79,0.2,0.0,,,0.0,,,,,,,,,,,,,,,,,,,,,,,,,,,,
2012-09-18 07:00:00,990.3,23.5,74,0.2,0.0,,,0.0,,,,,,,,,,,,,,,,,,,,,,,,,,,,
2012-09-18 08:00:00,990.6,24.8,71,0.2,0.0,,,0.0,,,,,,,,,,,,,,,,,,,,,,,,,,,,
2012-09-18 09:00:00,991.0,25.9,60,0.3,106.0,,,0.0,,,,,,,,,,,,,,,,,,,,,,,,,,,,
2012-09-18 10:00:00,991.2,26.8,62,0.3,289.0,,,0.0,,,,,,,,,,,,,,,,,,,,,,,,,,,,
2012-09-18 11:00:00,991.3,28.1,49,0.3,229.0,,,0.0,,,,,,,,,,,,,,,,,,,,,,,,,,,,
2012-09-18 12:00:00,990.5,29.5,45,0.5,217.0,,,0.0,,,,,,,,,,,,,,,,,,,,,,,,,,,,
2012-09-18 13:00:00,990.1,30.1,45,0.5,348.0,,,0.0,,,,,,,,,,,,,,,,,,,,,,,,,,,,
2012-09-18 14:00:00,989.7,28.6,49,0.5,348.0,,,0.0,,,,,,,,,,,,,,,,,,,,,,,,,,,,
2012-09-18 15:00:00,989.4,27.9,54,0.4,334.0,,,0.0,,,,,,,,,,,,,,,,,,,,,,,,,,,,
2012-09-18 16:00:00,989.3,28.0,53,0.3,359.0,,,0.0,,,,,,,,,,,,,,,,,,,,,,,,,,,,
2012-09-18 17:00:00,989.8,27.0,62,0.3,326.0,,,0.0,,,,,,,,,,,,,,,,,,,,,,,,,,,,
2012-09-18 18:00:00,990.0,26.1,60,0.4,35.0,,,0.0,,,,,,,,,,,,,,,,,,,,,,,,,,,,
2012-09-18 19:00:00,990.2,26.0,65,0.3,40.0,,,0.0,,,,,,,,,,,,,,,,,,,,,,,,,,,,
2012-09-18 20:00:00,990.2,26.1,61,0.3,52.0,,,0.0,,,,,,,,,,,,,,,,,,,,,,,,,,,,
2012-09-18 21:00:00,990.8,26.3,59,0.2,0.0,,,0.0,,,,,,,,,,,,,,,,,,,,,,,,,,,,
2012-09-18 22:00:00,991.2,26.1,63,0.2,0.0,,,0.0,,,,,,,,,,,,,,,,,,,,,,,,,,,,
2012-09-18 23:00:00,991.2,25.7,63,0.1,0.0,,,-999.6,,,,,,,,,,,,,,,,,,,,,,,,,,,,
2012-09-19 00:00:00,991.2,25.8,63,0.2,0.0,,,0.0,,,,,,,,,,,,,,,,,,,,,,,,,,,,
2012-09-19 01:00:00,990.5,25.6,65,0.0,0.0,,,0.0,,,,,,,,,,,,,,,,,,,,,,,,,,,,
2012-09-19 02:00:00,990.2,25.5,66,0.2,0.0,,,-999.6,,,,,,,,,,,,,,,,,,,,,,,,,,,,
2012-09-19 03:00:00,989.9,25.2,69,0.1,0.0,,,0.0,,,,,,,,,,,,,,,,,,,,,,,,,,,,
2012-09-19 04:00:00,989.6,25.1,69,0.2,0.0,,,0.0,,,,,,,,,,,,,,,,,,,,,,,,,,,,
2012-09-19 05:00:00,989.8,25.0,71,0.2,0.0,,,0.0,,,,,,,,,,,,,,,,,,,,,,,,,,,,
2012-09-19 06:00:00,990.1,24.5,72,0.0,0.0,,,0.0,,,,,,,,,,,,,,,,,,,,,,,,,,,,
2012-09-19 07:00:00,990.9,25.9,67,0.2,0.0,,,0.0,,,,,,,,,,,,,,,,,,,,,,,,,,,,
2012-09-19 08:00:00,991.8,26.3,67,0.3,309.0,,,0.0,,,,,,,,,,,,,,,,,,,,,,,,,,,,
2012-09-19 09:00:00,991.9,27.1,61,0.3,54.0,,,0.0,,,,,,,,,,,,,,,,,,,,,,,,,,,,
2012-09-19 10:00:00,992.0,27.8,58,0.3,251.0,,,0.0,,,,,,,,,,,,,,,,,,,,,,,,,,,,
2012-09-19 11:00:00,992.0,28.4,54,0.4,315.0,,,0.0,,,,,,,,,,,,,,,,,,,,,,,,,,,,
2012-09-19 12:00:00,991.4,27.8,55,0.5,315.0,,,0.0,,,,,,,,,,,,,,,,,,,,,,,,,,,,
2012-09-19 13:00:00,991.1,28.6,46,0.4,347.0,,,0.0,,,,,,,,,,,,,,,,,,,,,,,,,,,,
2012-09-19 14:00:00,990.4,28.6,42,0.4,30.0,,,0.0,,,,,,,,,,,,,,,,,,,,,,,,,,,,
2012-09-19 15:00:00,990.4,27.6,43,0.4,33.0,,,0.0,,,,,,,,,,,,,,,,,,,,,,,,,,,,
2012-09-19 16:00:00,990.9,26.8,54,0.3,40.0,,,0.0,,,,,,,,,,,,,,,,,,,,,,,,,,,,
2012-09-19 17:00:00,991.2,25.8,65,0.3,10.0,,,0.0,,,,,,,,,,,,,,,,,,,,,,,,,,,,
2012-09-19 18:00:00,991.9,25.3,67,0.3,357.0,,,0.0,,,,,,,,,,,,,,,,,,,,,,,,,,,,
2012-09-19 19:00:00,992.0,25.1,63,0.3,36.0,,,0.0,,,,,,,,,,,,,,,,,,,,,,,,,,,,
2012-09-19 20:00:00,992.3,25.3,58,0.3,44.0,,,0.0,,,,,,,,,,,,,,,,,,,,,,,,,,,,
2012-09-19 21:00:00,992.5,25.6,60,0.2,0.0,,,0.0,,,,,,,,,,,,,,,,,,,,,,,,,,,,
2012-09-19 22:00:00,992.5,25.3,65,0.3,68.0,,,0.0,,,,,,,,,,,,,,,,,,,,,,,,,,,,
2012-09-19 23:00:00,992.5,25.1,65,0.2,0.0,,,0.0,,,,,,,,,,,,,,,,,,,,,,,,,,,,
2012-09-20 00:00:00,992.2,25.2,63,0.2,0.0,,,0.0,,,,,,,,,,,,,,,,,,,,,,,,,,,,
2012-09-20 01:00:00,992.3,24.9,66,0.1,0.0,,,0.0,,,,,,,,,,,,,,,,,,,,,,,,,,,,
2012-09-20 02:00:00,992.1,24.7,67,0.0,0.0,,,0.0,,,,,,,,,,,,,,,,,,,,,,,,,,,,
2012-09-20 03:00:00,991.7,25.0,70,0.1,0.0,,,0.0,,,,,,,,,,,,,,,,,,,,,,,,,,,,
2012-09-20 04:00:00,992.0,24.4,73,0.2,0.0,,,0.0,,,,,,,,,,,,,,,,,,,,,,,,,,,,
2012-09-20 05:00:00,991.8,24.4,72,0.1,0.0,,,0.0,,,,,,,,,,,,,,,,,,,,,,,,,,,,
2012-09-20 06:00:00,992.3,24.4,71,0.3,27.0,,,0.0,,,,,,,,,,,,,,,,,,,,,,,,,,,,
2012-09-20 07:00:00,992.9,24.5,69,0.3,331.0,,,0.0,,,,,,,,,,,,,,,,,,,,,,,,,,,,
2012-09-20 08:00:00,993.5,24.9,65,0.3,19.0,,,0.0,,,,,,,,,,,,,,,,,,,,,,,,,,,,
2012-09-20 09:00:00,993.5,26.2,56,0.3,68.0,,,0.0,,,,,,,,,,,,,,,,,,,,,,,,,,,,
2012-09-20 10:00:00,993.4,29.0,49,0.3,46.0,,,0.0,,,,,,,,,,,,,,,,,,,,,,,,,,,,
2012-09-20 11:00:00,993.3,30.3,43,0.5,25.0,,,0.0,,,,,,,,,,,,,,,,,,,,,,,,,,,,
2012-09-20 12:00:00,992.9,30.3,41,0.5,7.0,,,0.0,,,,,,,,,,,,,,,,,,,,,,,,,,,,
2012-09-20 13:00:00,992.0,30.2,41,0.5,357.0,,,0.0,,,,,,,,,,,,,,,,,,,,,,,,,,,,
2012-09-20 14:00:00,991.6,29.8,45,0.4,323.0,,,0.0,,,,,,,,,,,,,,,,,,,,,,,,,,,,
2012-09-20 15:00:00,991.5,29.8,54,0.4,335.0,,,0.0,,,,,,,,,,,,,,,,,,,,,,,,,,,,
2012-09-20 16:00:00,991.6,28.5,65,0.4,323.0,,,0.0,,,,,,,,,,,,,,,,,,,,,,,,,,,,
2012-09-20 17:00:00,991.8,26.9,74,0.4,336.0,,,0.0,,,,,,,,,,,,,,,,,,,,,,,,,,,,
2012-09-20 18:00:00,991.7,26.7,73,0.3,34.0,,,0.0,,,,,,,,,,,,,,,,,,,,,,,,,,,,
2012-09-20 19:00:00,992.2,26.1,78,0.3,27.0,,,0.0,,,,,,,,,,,,,,,,,,,,,,,,,,,,
2012-09-20 20:00:00,992.5,26.2,74,0.3,33.0,,,0.0,,,,,,,,,,,,,,,,,,,,,,,,,,,,
2012-09-20 21:00:00,992.9,26.2,74,0.2,0.0,,,-999.6,,,,,,,,,,,,,,,,,,,,,,,,,,,,
2012-09-20 22:00:00,993.2,25.4,76,0.2,0.0,,,0.0,,,,,,,,,,,,,,,,,,,,,,,,,,,,
2012-09-20 23:00:00,993.0,24.7,83,0.2,0.0,,,0.0,,,,,,,,,,,,,,,,,,,,,,,,,,,,
2012-09-21 00:00:00,992.7,24.7,79,0.2,0.0,,,0.0,,,,,,,,,,,,,,,,,,,,,,,,,,,,
2012-09-21 01:00:00,992.3,24.5,80,0.1,0.0,,,0.0,,,,,,,,,,,,,,,,,,,,,,,,,,,,
2012-09-21 02:00:00,991.7,24.6,78,0.1,0.0,,,0.0,,,,,,,,,,,,,,,,,,,,,,,,,,,,
2012-09-21 03:00:00,991.1,23.9,79,0.2,0.0,,,0.0,,,,,,,,,,,,,,,,,,,,,,,,,,,,
2012-09-21 04:00:00,991.1,23.9,81,0.1,0.0,,,0.0,,,,,,,,,,,,,,,,,,,,,,,,,,,,
2012-09-21 05:00:00,991.2,23.3,83,0.1,0.0,,,0.0,,,,,,,,,,,,,,,,,,,,,,,,,,,,
2012-09-21 06:00:00,991.5,23.5,81,0.1,0.0,,,0.0,,,,,,,,,,,,,,,,,,,,,,,,,,,,
2012-09-21 07:00:00,991.7,25.7,73,0.2,0.0,,,0.0,,,,,,,,,,,,,,,,,,,,,,,,,,,,
2012-09-21 08:00:00,992.1,28.2,64,0.3,318.0,,,0.0,,,,,,,,,,,,,,,,,,,,,,,,,,,,
2012-09-21 09:00:00,992.1,28.9,58,0.4,315.0,,,0.0,,,,,,,,,,,,,,,,,,,,,,,,,,,,
2012-09-21 10:00:00,992.1,31.4,49,0.5,310.0,,,0.0,,,,,,,,,,,,,,,,,,,,,,,,,,,,
2012-09-21 11:00:00,991.8,32.1,40,0.5,261.0,,,0.0,,,,,,,,,,,,,,,,,,,,,,,,,,,,
2012-09-21 12:00:00,991.4,33.1,46,0.6,288.0,,,0.0,,,,,,,,,,,,,,,,,,,,,,,,,,,,
2012-09-21 13:00:00,990.8,34.0,43,0.5,273.0,,,0.0,,,,,,,,,,,,,,,,,,,,,,,,,,,,
2012-09-21 14:00:00,990.4,32.7,54,0.6,290.0,,,0.0,,,,,,,,,,,,,,,,,,,,,,,,,,,,
2012-09-21 15:00:00,990.5,31.0,61,0.5,307.0,,,0.0,,,,,,,,,,,,,,,,,,,,,,,,,,,,
2012-09-21 16:00:00,990.5,28.8,65,0.4,307.0,,,0.0,,,,,,,,,,,,,,,,,,,,,,,,,,,,
2012-09-21 17:00:00,990.5,28.9,60,0.3,350.0,,,0.0,,,,,,,,,,,,,,,,,,,,,,,,,,,,
2012-09-21 18:00:00,990.8,28.1,71,0.3,320.0,,,0.0,,,,,,,,,,,,,,,,,,,,,,,,,,,,
2012-09-21 19:00:00,990.9,26.9,83,0.2,0.0,,,0.0,,,,,,,,,,,,,,,,,,,,,,,,,,,,
2012-09-21 20:00:00,991.4,26.9,75,0.1,0.0,,,0.0,,,,,,,,,,,,,,,,,,,,,,,,,,,,
2012-09-21 21:00:00,991.8,26.7,82,0.2,0.0,,,0.0,,,,,,,,,,,,,,,,,,,,,,,,,,,,
2012-09-21 22:00:00,992.0,26.2,89,0.2,0.0,,,0.0,,,,,,,,,,,,,,,,,,,,,,,,,,,,
2012-09-21 23:00:00,991.8,25.9,92,0.4,316.0,,,0.0,,,,,,,,,,,,,,,,,,,,,,,,,,,,
2012-09-22 00:00:00,991.8,25.9,91,0.3,336.0,,,0.0,,,,,,,,,,,,,,,,,,,,,,,,,,,,
2012-09-22 01:00:00,991.5,25.9,81,0.2,0.0,,,0.0,,,,,,,,,,,,,,,,,,,,,,,,,,,,
2012-09-22 02:00:00,990.9,25.8,82,0.1,0.0,,,0.0,,,,,,,,,,,,,,,,,,,,,,,,,,,,
2012-09-22 03:00:00,990.3,25.7,80,0.1,0.0,,,0.0,,,,,,,,,,,,,,,,,,,,,,,,,,,,
2012-09-22 04:00:00,990.5,25.2,82,0.0,0.0,,,0.0,,,,,,,,,,,,,,,,,,,,,,,,,,,,
2012-09-22 05:00:00,990.6,25.4,82,0.1,0.0,,,-999.6,,,,,,,,,,,,,,,,,,,,,,,,,,,,
2012-09-22 06:00:00,991.0,24.9,85,0.0,0.0,,,0.0,,,,,,,,,,,,,,,,,,,,,,,,,,,,
2012-09-22 07:00:00,991.4,26.8,74,0.2,0.0,,,0.0,,,,,,,,,,,,,,,,,,,,,,,,,,,,
2012-09-22 08:00:00,991.8,28.6,64,0.2,0.0,,,0.0,,,,,,,,,,,,,,,,,,,,,,,,,,,,
2012-09-22 09:00:00,991.8,29.9,63,0.3,308.0,,,0.0,,,,,,,,,,,,,,,,,,,,,,,,,,,,
2012-09-22 10:00:00,991.3,30.9,56,0.3,166.0,,,0.0,,,,,,,,,,,,,,,,,,,,,,,,,,,,
2012-09-22 11:00:00,990.4,32.3,48,0.5,296.0,,,0.0,,,,,,,,,,,,,,,,,,,,,,,,,,,,
2012-09-22 12:00:00,989.6,32.5,46,0.6,297.0,,,0.0,,,,,,,,,,,,,,,,,,,,,,,,,,,,
2012-09-22 13:00:00,988.6,32.8,51,0.4,290.0,,,0.0,,,,,,,,,,,,,,,,,,,,,,,,,,,,
2012-09-22 14:00:00,988.4,30.6,59,0.5,307.0,,,0.0,,,,,,,,,,,,,,,,,,,,,,,,,,,,
2012-09-22 15:00:00,987.9,29.9,66,0.3,305.0,,,0.0,,,,,,,,,,,,,,,,,,,,,,,,,,,,
2012-09-22 16:00:00,988.4,29.9,56,0.4,310.0,,,0.0,,,,,,,,,,,,,,,,,,,,,,,,,,,,
2012-09-22 17:00:00,988.6,29.4,56,0.3,327.0,,,0.0,,,,,,,,,,,,,,,,,,,,,,,,,,,,
2012-09-22 18:00:00,988.4,28.9,57,0.3,319.0,,,-999.6,,,,,,,,,,,,,,,,,,,,,,,,,,,,
2012-09-22 19:00:00,988.9,27.9,69,0.2,0.0,,,0.0,,,,,,,,,,,,,,,,,,,,,,,,,,,,
2012-09-22 20:00:00,989.3,27.5,69,0.3,23.0,,,0.0,,,,,,,,,,,,,,,,,,,,,,,,,,,,
2012-09-22 21:00:00,989.5,27.0,76,0.1,0.0,,,0.0,,,,,,,,,,,,,,,,,,,,,,,,,,,,
2012-09-22 22:00:00,989.8,26.7,73,0.2,0.0,,,0.0,,,,,,,,,,,,,,,,,,,,,,,,,,,,
2012-09-22 23:00:00,989.6,26.3,79,0.1,0.0,,,0.0,,,,,,,,,,,,,,,,,,,,,,,,,,,,
2012-09-23 00:00:00,989.2,26.1,79,0.2,0.0,,,0.0,,,,,,,,,,,,,,,,,,,,,,,,,,,,
2012-09-23 01:00:00,988.6,25.9,81,0.1,0.0,,,0.0,,,,,,,,,,,,,,,,,,,,,,,,,,,,
2012-09-23 02:00:00,988.2,25.9,80,0.2,0.0,,,0.0,,,,,,,,,,,,,,,,,,,,,,,,,,,,
2012-09-23 03:00:00,988.4,25.6,81,0.1,0.0,,,0.0,,,,,,,,,,,,,,,,,,,,,,,,,,,,
2012-09-23 04:00:00,988.3,25.7,79,0.1,0.0,,,0.0,,,,,,,,,,,,,,,,,,,,,,,,,,,,
2012-09-23 05:00:00,988.4,25.2,83,0.0,0.0,,,0.0,,,,,,,,,,,,,,,,,,,,,,,,,,,,
2012-09-23 06:00:00,988.4,25.0,82,0.3,80.0,,,0.0,,,,,,,,,,,,,,,,,,,,,,,,,,,,
2012-09-23 07:00:00,989.0,26.9,73,0.3,67.0,,,0.0,,,,,,,,,,,,,,,,,,,,,,,,,,,,
2012-09-23 08:00:00,989.6,29.3,61,0.4,346.0,,,0.0,,,,,,,,,,,,,,,,,,,,,,,,,,,,
2012-09-23 09:00:00,989.7,29.8,61,0.4,338.0,,,0.0,,,,,,,,,,,,,,,,,,,,,,,,,,,,
2012-09-23 10:00:00,989.5,30.8,53,0.4,27.0,,,0.0,,,,,,,,,,,,,,,,,,,,,,,,,,,,
2012-09-23 11:00:00,989.0,31.6,49,0.5,9.0,,,0.0,,,,,,,,,,,,,,,,,,,,,,,,,,,,
2012-09-23 12:00:00,988.3,31.4,53,0.7,282.0,,,0.0,,,,,,,,,,,,,,,,,,,,,,,,,,,,
2012-09-23 13:00:00,987.9,31.6,54,0.7,314.0,,,0.0,,,,,,,,,,,,,,,,,,,,,,,,,,,,
2012-09-23 14:00:00,987.3,32.3,50,0.6,328.0,,,0.0,,,,,,,,,,,,,,,,,,,,,,,,,,,,
2012-09-23 15:00:00,987.0,31.5,57,0.5,292.0,,,0.0,,,,,,,,,,,,,,,,,,,,,,,,,,,,
2012-09-23 16:00:00,987.0,31.1,56,0.5,321.0,,,0.0,,,,,,,,,,,,,,,,,,,,,,,,,,,,
2012-09-23 17:00:00,987.0,28.9,74,0.4,319.0,,,0.0,,,,,,,,,,,,,,,,,,,,,,,,,,,,
2012-09-23 18:00:00,987.2,28.3,74,0.3,22.0,,,0.0,,,,,,,,,,,,,,,,,,,,,,,,,,,,
2012-09-23 19:00:00,987.6,27.3,79,0.3,328.0,,,0.0,,,,,,,,,,,,,,,,,,,,,,,,,,,,
2012-09-23 20:00:00,988.2,27.0,78,0.2,0.0,,,0.0,,,,,,,,,,,,,,,,,,,,,,,,,,,,
2012-09-23 21:00:00,988.4,26.9,79,0.3,71.0,,,0.0,,,,,,,,,,,,,,,,,,,,,,,,,,,,
2012-09-23 22:00:00,988.2,26.0,84,0.3,318.0,,,0.0,,,,,,,,,,,,,,,,,,,,,,,,,,,,
2012-09-23 23:00:00,988.2,25.6,87,0.2,0.0,,,0.0,,,,,,,,,,,,,,,,,,,,,,,,,,,,
2012-09-24 00:00:00,988.0,25.6,87,0.0,0.0,,,0.0,,,,,,,,,,,,,,,,,,,,,,,,,,,,
2012-09-24 01:00:00,987.7,25.0,89,0.2,0.0,,,0.0,,,,,,,,,,,,,,,,,,,,,,,,,,,,
2012-09-24 02:00:00,987.9,25.2,89,0.2,0.0,,,0.0,,,,,,,,,,,,,,,,,,,,,,,,,,,,
2012-09-24 03:00:00,987.3,25.4,87,0.2,0.0,,,0.0,,,,,,,,,,,,,,,,,,,,,,,,,,,,
2012-09-24 04:00:00,987.2,25.5,86,0.2,0.0,,,0.0,,,,,,,,,,,,,,,,,,,,,,,,,,,,
2012-09-24 05:00:00,987.3,25.4,87,0.0,0.0,,,0.0,,,,,,,,,,,,,,,,,,,,,,,,,,,,
2012-09-24 06:00:00,987.6,25.1,87,0.2,0.0,,,0.0,,,,,,,,,,,,,,,,,,,,,,,,,,,,
2012-09-24 07:00:00,988.1,25.9,84,0.3,62.0,,,-999.6,,,,,,,,,,,,,,,,,,,,,,,,,,,,
2012-09-24 08:00:00,988.4,28.5,69,0.3,56.0,,,0.0,,,,,,,,,,,,,,,,,,,,,,,,,,,,
2012-09-24 09:00:00,988.7,29.1,69,0.6,354.0,,,0.0,,,,,,,,,,,,,,,,,,,,,,,,,,,,
2012-09-24 10:00:00,988.4,29.4,66,0.6,299.0,,,-999.6,,,,,,,,,,,,,,,,,,,,,,,,,,,,
2012-09-24 11:00:00,988.0,30.4,63,0.6,342.0,,,0.0,,,,,,,,,,,,,,,,,,,,,,,,,,,,
2012-09-24 12:00:00,987.3,30.9,60,0.6,312.0,,,0.0,,,,,,,,,,,,,,,,,,,,,,,,,,,,
2012-09-24 13:00:00,986.2,30.8,58,0.7,329.0,,,0.0,,,,,,,,,,,,,,,,,,,,,,,,,,,,
2012-09-24 14:00:00,986.0,31.4,57,0.9,353.0,,,0.0,,,,,,,,,,,,,,,,,,,,,,,,,,,,
2012-09-24 15:00:00,985.8,29.8,60,0.9,17.0,,,0.0,,,,,,,,,,,,,,,,,,,,,,,,,,,,
2012-09-24 16:00:00,986.0,29.1,62,0.7,18.0,,,0.0,,,,,,,,,,,,,,,,,,,,,,,,,,,,
2012-09-24 17:00:00,986.2,27.2,68,0.5,19.0,,,0.0,,,,,,,,,,,,,,,,,,,,,,,,,,,,
2012-09-24 18:00:00,986.4,26.2,72,0.5,15.0,,,0.0,,,,,,,,,,,,,,,,,,,,,,,,,,,,
2012-09-24 19:00:00,986.7,25.9,73,0.5,38.0,,,0.0,,,,,,,,,,,,,,,,,,,,,,,,,,,,
2012-09-24 20:00:00,987.1,25.6,74,0.5,36.0,,,0.0,,,,,,,,,,,,,,,,,,,,,,,,,,,,
2012-09-24 21:00:00,987.7,25.5,76,0.3,1.0,,,0.0,,,,,,,,,,,,,,,,,,,,,,,,,,,,
2012-09-24 22:00:00,988.0,25.4,75,0.3,44.0,,,0.0,,,,,,,,,,,,,,,,,,,,,,,,,,,,
2012-09-24 23:00:00,988.0,25.0,76,0.3,338.0,,,0.0,,,,,,,,,,,,,,,,,,,,,,,,,,,,
2012-09-25 00:00:00,987.8,24.9,72,0.2,0.0,,,0.0,,,,,,,,,,,,,,,,,,,,,,,,,,,,
2012-09-25 01:00:00,987.3,24.9,75,0.3,55.0,,,0.0,,,,,,,,,,,,,,,,,,,,,,,,,,,,
2012-09-25 02:00:00,986.8,24.9,77,0.2,0.0,,,0.0,,,,,,,,,,,,,,,,,,,,,,,,,,,,
2012-09-25 03:00:00,986.8,25.0,80,0.1,0.0,,,0.0,,,,,,,,,,,,,,,,,,,,,,,,,,,,
2012-09-25 04:00:00,987.1,24.7,80,0.3,309.0,,,0.0,,,,,,,,,,,,,,,,,,,,,,,,,,,,
2012-09-25 05:00:00,987.4,25.3,80,0.3,55.0,,,0.0,,,,,,,,,,,,,,,,,,,,,,,,,,,,
2012-09-25 06:00:00,987.6,25.2,79,0.2,0.0,,,0.0,,,,,,,,,,,,,,,,,,,,,,,,,,,,
2012-09-25 07:00:00,988.0,25.3,76,0.3,330.0,,,0.0,,,,,,,,,,,,,,,,,,,,,,,,,,,,
2012-09-25 08:00:00,988.4,27.3,67,0.4,359.0,,,0.0,,,,,,,,,,,,,,,,,,,,,,,,,,,,
2012-09-25 09:00:00,988.6,28.7,60,0.5,313.0,,,0.0,,,,,,,,,,,,,,,,,,,,,,,,,,,,
2012-09-25 10:00:00,988.9,29.6,56,0.6,297.0,,,0.0,,,,,,,,,,,,,,,,,,,,,,,,,,,,
2012-09-25 11:00:00,988.6,31.3,51,0.5,284.0,,,0.0,,,,,,,,,,,,,,,,,,,,,,,,,,,,
2012-09-25 12:00:00,988.1,32.0,49,0.7,318.0,,,0.0,,,,,,,,,,,,,,,,,,,,,,,,,,,,
2012-09-25 13:00:00,987.4,31.7,49,0.7,332.0,,,0.0,,,,,,,,,,,,,,,,,,,,,,,,,,,,
2012-09-25 14:00:00,987.0,32.5,45,0.7,315.0,,,-999.6,,,,,,,,,,,,,,,,,,,,,,,,,,,,
2012-09-25 15:00:00,986.7,32.1,45,0.7,303.0,,,0.0,,,,,,,,,,,,,,,,,,,,,,,,,,,,
2012-09-25 16:00:00,986.8,31.3,48,0.6,350.0,,,0.0,,,,,,,,,,,,,,,,,,,,,,,,,,,,
2012-09-25 17:00:00,987.1,29.7,53,0.6,338.0,,,0.0,,,,,,,,,,,,,,,,,,,,,,,,,,,,
2012-09-25 18:00:00,987.4,28.2,56,0.5,25.0,,,0.0,,,,,,,,,,,,,,,,,,,,,,,,,,,,
2012-09-25 19:00:00,988.2,27.1,60,0.4,34.0,,,-999.6,,,,,,,,,,,,,,,,,,,,,,,,,,,,
2012-09-25 20:00:00,988.6,26.4,63,0.3,36.0,,,0.0,,,,,,,,,,,,,,,,,,,,,,,,,,,,
2012-09-25 21:00:00,988.9,25.8,66,0.4,27.0,,,0.0,,,,,,,,,,,,,,,,,,,,,,,,,,,,
2012-09-25 22:00:00,989.1,25.2,68,0.3,355.0,,,0.0,,,,,,,,,,,,,,,,,,,,,,,,,,,,
2012-09-25 23:00:00,989.0,25.1,69,0.3,12.0,,,0.0,,,,,,,,,,,,,,,,,,,,,,,,,,,,
2012-09-26 00:00:00,988.6,25.5,72,0.2,0.0,,,0.0,,,,,,,,,,,,,,,,,,,,,,,,,,,,
2012-09-26 01:00:00,988.3,25.6,72,0.3,80.0,,,0.0,,,,,,,,,,,,,,,,,,,,,,,,,,,,
2012-09-26 02:00:00,988.1,25.8,72,0.0,0.0,,,0.0,,,,,,,,,,,,,,,,,,,,,,,,,,,,
2012-09-26 03:00:00,987.9,25.6,74,0.3,317.0,,,0.0,,,,,,,,,,,,,,,,,,,,,,,,,,,,
2012-09-26 04:00:00,988.0,25.5,76,0.3,48.0,,,0.0,,,,,,,,,,,,,,,,,,,,,,,,,,,,
2012-09-26 05:00:00,988.1,25.4,78,0.2,0.0,,,0.0,,,,,,,,,,,,,,,,,,,,,,,,,,,,
2012-09-26 06:00:00,988.6,25.2,80,0.2,0.0,,,0.0,,,,,,,,,,,,,,,,,,,,,,,,,,,,
2012-09-26 07:00:00,989.0,25.9,71,0.3,58.0,,,0.0,,,,,,,,,,,,,,,,,,,,,,,,,,,,
2012-09-26 08:00:00,989.4,28.4,63,0.4,44.0,,,0.0,,,,,,,,,,,,,,,,,,,,,,,,,,,,
2012-09-26 09:00:00,989.3,29.1,63,0.3,297.0,,,0.0,,,,,,,,,,,,,,,,,,,,,,,,,,,,
2012-09-26 10:00:00,989.2,30.2,56,0.4,223.0,,,0.0,,,,,,,,,,,,,,,,,,,,,,,,,,,,
2012-09-26 11:00:00,988.5,31.9,52,0.5,240.0,,,0.0,,,,,,,,,,,,,,,,,,,,,,,,,,,,
2012-09-26 12:00:00,987.9,33.1,50,0.5,10.0,,,0.0,,,,,,,,,,,,,,,,,,,,,,,,,,,,
2012-09-26 13:00:00,987.0,31.9,50,0.4,289.0,,,0.0,,,,,,,,,,,,,,,,,,,,,,,,,,,,
2012-09-26 14:00:00,986.2,32.3,49,0.4,265.0,,,0.0,,,,,,,,,,,,,,,,,,,,,,,,,,,,
2012-09-26 15:00:00,985.9,32.3,43,0.5,295.0,,,0.0,,,,,,,,,,,,,,,,,,,,,,,,,,,,
2012-09-26 16:00:00,985.8,32.7,43,0.4,341.0,,,0.0,,,,,,,,,,,,,,,,,,,,,,,,,,,,
2012-09-26 17:00:00,986.2,31.3,45,0.5,47.0,,,0.0,,,,,,,,,,,,,,,,,,,,,,,,,,,,
2012-09-26 18:00:00,986.5,29.6,50,0.3,348.0,,,0.0,,,,,,,,,,,,,,,,,,,,,,,,,,,,
2012-09-26 19:00:00,987.0,28.7,51,0.3,41.0,,,0.0,,,,,,,,,,,,,,,,,,,,,,,,,,,,
2012-09-26 20:00:00,987.6,28.1,56,0.3,3.0,,,0.0,,,,,,,,,,,,,,,,,,,,,,,,,,,,
2012-09-26 21:00:00,988.0,27.7,63,0.2,0.0,,,0.0,,,,,,,,,,,,,,,,,,,,,,,,,,,,
2012-09-26 22:00:00,988.2,26.8,66,0.2,0.0,,,0.0,,,,,,,,,,,,,,,,,,,,,,,,,,,,
2012-09-26 23:00:00,987.4,26.1,71,0.2,0.0,,,0.0,,,,,,,,,,,,,,,,,,,,,,,,,,,,
2012-09-27 00:00:00,987.3,26.2,70,0.2,0.0,,,0.0,,,,,,,,,,,,,,,,,,,,,,,,,,,,
2012-09-27 01:00:00,987.3,26.1,72,0.2,0.0,,,0.0,,,,,,,,,,,,,,,,,,,,,,,,,,,,
2012-09-27 02:00:00,987.0,25.8,71,0.2,0.0,,,0.0,,,,,,,,,,,,,,,,,,,,,,,,,,,,
2012-09-27 03:00:00,987.0,25.7,73,0.2,0.0,,,0.0,,,,,,,,,,,,,,,,,,,,,,,,,,,,
2012-09-27 04:00:00,986.9,25.2,78,0.2,0.0,,,0.0,,,,,,,,,,,,,,,,,,,,,,,,,,,,
2012-09-27 05:00:00,987.3,25.1,81,0.2,0.0,,,-999.6,,,,,,,,,,,,,,,,,,,,,,,,,,,,
2012-09-27 06:00:00,987.3,24.8,82,0.2,0.0,,,0.0,,,,,,,,,,,,,,,,,,,,,,,,,,,,
2012-09-27 07:00:00,987.5,26.1,77,0.2,0.0,,,0.0,,,,,,,,,,,,,,,,,,,,,,,,,,,,
2012-09-27 08:00:00,987.7,28.6,63,0.2,0.0,,,0.0,,,,,,,,,,,,,,,,,,,,,,,,,,,,
2012-09-27 09:00:00,987.6,30.3,59,0.3,161.0,,,0.0,,,,,,,,,,,,,,,,,,,,,,,,,,,,
2012-09-27 10:00:00,987.3,29.8,58,0.5,300.0,,,0.0,,,,,,,,,,,,,,,,,,,,,,,,,,,,
2012-09-27 11:00:00,986.8,31.5,51,0.5,302.0,,,0.0,,,,,,,,,,,,,,,,,,,,,,,,,,,,
2012-09-27 12:00:00,985.3,32.7,44,0.5,311.0,,,0.0,,,,,,,,,,,,,,,,,,,,,,,,,,,,
2012-09-27 13:00:00,984.5,33.8,41,0.7,12.0,,,0.0,,,,,,,,,,,,,,,,,,,,,,,,,,,,
2012-09-27 14:00:00,983.6,34.1,41,0.7,327.0,,,0.0,,,,,,,,,,,,,,,,,,,,,,,,,,,,
2012-09-27 15:00:00,983.1,33.8,43,0.7,315.0,,,0.0,,,,,,,,,,,,,,,,,,,,,,,,,,,,
2012-09-27 16:00:00,982.8,31.1,53,0.6,351.0,,,0.0,,,,,,,,,,,,,,,,,,,,,,,,,,,,
2012-09-27 17:00:00,983.0,29.7,57,0.5,33.0,,,0.0,,,,,,,,,,,,,,,,,,,,,,,,,,,,
2012-09-27 18:00:00,983.3,28.7,58,0.4,33.0,,,0.0,,,,,,,,,,,,,,,,,,,,,,,,,,,,
2012-09-27 19:00:00,983.8,27.6,58,0.4,11.0,,,0.0,,,,,,,,,,,,,,,,,,,,,,,,,,,,
2012-09-27 20:00:00,984.3,27.4,58,0.4,37.0,,,0.0,,,,,,,,,,,,,,,,,,,,,,,,,,,,
2012-09-27 21:00:00,984.2,26.6,58,0.4,27.0,,,0.0,,,,,,,,,,,,,,,,,,,,,,,,,,,,
2012-09-27 22:00:00,984.2,26.5,58,0.4,40.0,,,-999.6,,,,,,,,,,,,,,,,,,,,,,,,,,,,
2012-09-27 23:00:00,983.9,26.5,59,0.4,36.0,,,0.0,,,,,,,,,,,,,,,,,,,,,,,,,,,,
2012-09-28 00:00:00,983.6,26.3,60,0.3,23.0,,,0.0,,,,,,,,,,,,,,,,,,,,,,,,,,,,
2012-09-28 01:00:00,982.9,26.1,62,0.3,34.0,,,0.0,,,,,,,,,,,,,,,,,,,,,,,,,,,,
2012-09-28 02:00:00,982.6,25.8,61,0.3,37.0,,,0.0,,,,,,,,,,,,,,,,,,,,,,,,,,,,
2012-09-28 03:00:00,982.2,25.8,62,0.3,37.0,,,0.0,,,,,,,,,,,,,,,,,,,,,,,,,,,,
2012-09-28 04:00:00,982.2,25.2,62,0.4,21.0,,,0.0,,,,,,,,,,,,,,,,,,,,,,,,,,,,
2012-09-28 05:00:00,982.4,25.3,62,0.5,24.0,,,0.0,,,,,,,,,,,,,,,,,,,,,,,,,,,,
2012-09-28 06:00:00,982.8,25.4,64,0.8,28.0,,,0.0,,,,,,,,,,,,,,,,,,,,,,,,,,,,
2012-09-28 07:00:00,983.0,24.9,73,0.8,28.0,,,0.0,,,,,,,,,,,,,,,,,,,,,,,,,,,,
2012-09-28 08:00:00,983.5,25.0,75,1.1,18.0,,,0.0,,,,,,,,,,,,,,,,,,,,,,,,,,,,
2012-09-28 09:00:00,983.5,25.8,70,1.3,35.0,,,0.0,,,,,,,,,,,,,,,,,,,,,,,,,,,,
2012-09-28 10:00:00,983.5,25.0,74,1.1,24.0,,,0.0,,,,,,,,,,,,,,,,,,,,,,,,,,,,
2012-09-28 11:00:00,982.8,26.2,68,1.7,36.0,,,0.0,,,,,,,,,,,,,,,,,,,,,,,,,,,,
2012-09-28 12:00:00,982.8,25.4,70,2.4,37.0,,,0.0,,,,,,,,,,,,,,,,,,,,,,,,,,,,
2012-09-28 13:00:00,982.1,27.2,63,3.2,36.0,,,0.0,,,,,,,,,,,,,,,,,,,,,,,,,,,,
2012-09-28 14:00:00,982.1,27.7,63,3.5,37.0,,,0.0,,,,,,,,,,,,,,,,,,,,,,,,,,,,
2012-09-28 15:00:00,982.3,26.2,72,3.5,24.0,,,0.0,,,,,,,,,,,,,,,,,,,,,,,,,,,,
2012-09-28 16:00:00,982.6,25.6,78,2.7,358.0,,,0.0,,,,,,,,,,,,,,,,,,,,,,,,,,,,
2012-09-28 17:00:00,983.8,24.3,84,2.9,33.0,,,0.0,,,,,,,,,,,,,,,,,,,,,,,,,,,,
2012-09-28 18:00:00,984.7,23.9,84,1.7,19.0,,,0.0,,,,,,,,,,,,,,,,,,,,,,,,,,,,
2012-09-28 19:00:00,985.4,23.8,82,1.7,26.0,,,0.0,,,,,,,,,,,,,,,,,,,,,,,,,,,,
2012-09-28 20:00:00,986.2,23.7,81,2.5,33.0,,,0.0,,,,,,,,,,,,,,,,,,,,,,,,,,,,
2012-09-28 21:00:00,987.4,23.1,77,3.6,28.0,,,0.0,,,,,,,,,,,,,,,,,,,,,,,,,,,,
2012-09-28 22:00:00,987.2,22.9,81,2.7,23.0,,,0.0,,,,,,,,,,,,,,,,,,,,,,,,,,,,
2012-09-28 23:00:00,987.1,23.0,79,3.2,32.0,,,0.0,,,,,,,,,,,,,,,,,,,,,,,,,,,,
2012-09-29 00:00:00,986.7,23.0,62,4.3,34.0,,,0.0,,,,,,,,,,,,,,,,,,,,,,,,,,,,
2012-09-29 01:00:00,987.4,22.9,67,3.0,45.0,,,0.0,,,,,,,,,,,,,,,,,,,,,,,,,,,,
2012-09-29 02:00:00,986.8,23.1,65,3.1,34.0,,,0.0,,,,,,,,,,,,,,,,,,,,,,,,,,,,
2012-09-29 03:00:00,986.8,23.1,62,2.3,45.0,,,0.0,,,,,,,,,,,,,,,,,,,,,,,,,,,,
2012-09-29 04:00:00,987.0,23.1,60,2.4,45.0,,,0.0,,,,,,,,,,,,,,,,,,,,,,,,,,,,
2012-09-29 05:00:00,987.3,23.1,61,1.1,33.0,,,0.0,,,,,,,,,,,,,,,,,,,,,,,,,,,,
2012-09-29 06:00:00,987.8,23.1,65,1.3,44.0,,,0.0,,,,,,,,,,,,,,,,,,,,,,,,,,,,
2012-09-29 07:00:00,988.9,23.9,66,1.1,41.0,,,0.0,,,,,,,,,,,,,,,,,,,,,,,,,,,,
2012-09-29 08:00:00,989.7,25.0,62,1.6,41.0,,,0.0,,,,,,,,,,,,,,,,,,,,,,,,,,,,
2012-09-29 09:00:00,990.1,25.9,58,1.5,34.0,,,0.0,,,,,,,,,,,,,,,,,,,,,,,,,,,,
2012-09-29 10:00:00,990.2,27.0,53,1.5,32.0,,,0.0,,,,,,,,,,,,,,,,,,,,,,,,,,,,
2012-09-29 11:00:00,990.5,26.6,55,1.5,33.0,,,0.0,,,,,,,,,,,,,,,,,,,,,,,,,,,,
2012-09-29 12:00:00,990.2,27.4,51,1.5,20.0,,,0.0,,,,,,,,,,,,,,,,,,,,,,,,,,,,
2012-09-29 13:00:00,990.0,27.7,48,1.7,15.0,,,0.0,,,,,,,,,,,,,,,,,,,,,,,,,,,,
2012-09-29 14:00:00,989.9,26.3,50,1.2,30.0,,,0.0,,,,,,,,,,,,,,,,,,,,,,,,,,,,
2012-09-29 15:00:00,989.9,26.3,47,1.0,39.0,,,0.0,,,,,,,,,,,,,,,,,,,,,,,,,,,,
2012-09-29 16:00:00,989.8,24.9,51,1.1,39.0,,,0.0,,,,,,,,,,,,,,,,,,,,,,,,,,,,
2012-09-29 17:00:00,990.1,24.1,55,1.0,12.0,,,0.0,,,,,,,,,,,,,,,,,,,,,,,,,,,,
2012-09-29 18:00:00,990.4,23.5,57,0.9,30.0,,,0.0,,,,,,,,,,,,,,,,,,,,,,,,,,,,
2012-09-29 19:00:00,990.6,23.4,57,0.9,29.0,,,0.0,,,,,,,,,,,,,,,,,,,,,,,,,,,,
2012-09-29 20:00:00,991.2,23.3,57,0.9,36.0,,,0.0,,,,,,,,,,,,,,,,,,,,,,,,,,,,
2012-09-29 21:00:00,991.7,22.0,61,0.6,9.0,,,0.0,,,,,,,,,,,,,,,,,,,,,,,,,,,,
2012-09-29 22:00:00,991.8,22.0,61,0.6,317.0,,,-999.6,,,,,,,,,,,,,,,,,,,,,,,,,,,,
2012-09-29 23:00:00,991.7,22.3,58,0.6,7.0,,,0.0,,,,,,,,,,,,,,,,,,,,,,,,,,,,
2012-09-30 00:00:00,991.7,23.3,45,0.6,26.0,,,0.0,,,,,,,,,,,,,,,,,,,,,,,,,,,,
2012-09-30 01:00:00,991.1,23.8,39,0.7,46.0,,,-999.6,,,,,,,,,,,,,,,,,,,,,,,,,,,,
2012-09-30 02:00:00,990.8,24.0,32,0.7,37.0,,,0.0,,,,,,,,,,,,,,,,,,,,,,,,,,,,
2012-09-30 03:00:00,990.8,23.9,27,0.5,51.0,,,0.0,,,,,,,,,,,,,,,,,,,,,,,,,,,,
2012-09-30 04:00:00,991.0,23.5,29,0.6,33.0,,,0.0,,,,,,,,,,,,,,,,,,,,,,,,,,,,
2012-09-30 05:00:00,991.7,22.4,40,0.8,12.0,,,0.0,,,,,,,,,,,,,,,,,,,,,,,,,,,,
2012-09-30 06:00:00,992.3,22.2,46,0.8,34.0,,,0.0,,,,,,,,,,,,,,,,,,,,,,,,,,,,
2012-09-30 07:00:00,993.1,22.3,49,0.9,36.0,,,0.0,,,,,,,,,,,,,,,,,,,,,,,,,,,,
2012-09-30 08:00:00,993.7,23.0,51,1.0,35.0,,,0.0,,,,,,,,,,,,,,,,,,,,,,,,,,,,
2012-09-30 09:00:00,993.9,24.3,53,0.8,28.0,,,0.0,,,,,,,,,,,,,,,,,,,,,,,,,,,,
2012-09-30 10:00:00,993.9,26.0,51,0.8,324.0,,,0.0,,,,,,,,,,,,,,,,,,,,,,,,,,,,
2012-09-30 11:00:00,993.4,27.5,49,1.0,334.0,,,0.0,,,,,,,,,,,,,,,,,,,,,,,,,,,,
2012-09-30 12:00:00,992.8,27.5,48,1.2,300.0,,,0.0,,,,,,,,,,,,,,,,,,,,,,,,,,,,
2012-09-30 13:00:00,992.1,28.4,47,1.5,37.0,,,0.0,,,,,,,,,,,,,,,,,,,,,,,,,,,,
2012-09-30 14:00:00,991.5,28.0,47,1.2,19.0,,,0.0,,,,,,,,,,,,,,,,,,,,,,,,,,,,
2012-09-30 15:00:00,991.2,27.5,49,1.2,335.0,,,0.0,,,,,,,,,,,,,,,,,,,,,,,,,,,,
2012-09-30 16:00:00,991.7,27.3,49,1.0,335.0,,,0.0,,,,,,,,,,,,,,,,,,,,,,,,,,,,
2012-09-30 17:00:00,992.1,25.4,53,1.0,360.0,,,0.0,,,,,,,,,,,,,,,,,,,,,,,,,,,,
2012-09-30 18:00:00,992.2,24.4,57,0.6,18.0,,,0.0,,,,,,,,,,,,,,,,,,,,,,,,,,,,
2012-09-30 19:00:00,992.4,23.8,60,0.5,341.0,,,0.0,,,,,,,,,,,,,,,,,,,,,,,,,,,,
2012-09-30 20:00:00,993.2,22.8,64,0.5,329.0,,,0.0,,,,,,,,,,,,,,,,,,,,,,,,,,,,
2012-09-30 21:00:00,993.9,22.9,66,0.6,326.0,,,0.0,,,,,,,,,,,,,,,,,,,,,,,,,,,,
2012-09-30 22:00:00,993.7,21.6,70,0.6,314.0,,,0.0,,,,,,,,,,,,,,,,,,,,,,,,,,,,
2012-09-30 23:00:00,993.1,21.8,68,0.5,33.0,,,0.0,,,,,,,,,,,,,,,,,,,,,,,,,,,,
2012-10-01 00:00:00,993.1,21.8,72,0.0,0.0,,,0.0,,,,,,,,,,,,,,,,,,,,,,,,,,,,
2012-10-01 01:00:00,993.1,20.3,78,0.5,323.0,,,0.0,,,,,,,,,,,,,,,,,,,,,,,,,,,,
2012-10-01 02:00:00,993.2,21.3,73,0.3,61.0,,,0.0,,,,,,,,,,,,,,,,,,,,,,,,,,,,
2012-10-01 03:00:00,992.8,21.1,75,0.2,0.0,,,0.0,,,,,,,,,,,,,,,,,,,,,,,,,,,,
2012-10-01 04:00:00,992.7,20.8,78,0.6,327.0,,,0.0,,,,,,,,,,,,,,,,,,,,,,,,,,,,
2012-10-01 05:00:00,993.0,21.4,80,0.4,69.0,,,0.0,,,,,,,,,,,,,,,,,,,,,,,,,,,,
2012-10-01 06:00:00,993.0,21.2,83,0.2,0.0,,,0.0,,,,,,,,,,,,,,,,,,,,,,,,,,,,
2012-10-01 07:00:00,993.8,22.4,75,0.4,303.0,,,0.0,,,,,,,,,,,,,,,,,,,,,,,,,,,,
2012-10-01 08:00:00,994.6,25.1,67,0.2,0.0,,,0.0,,,,,,,,,,,,,,,,,,,,,,,,,,,,
2012-10-01 09:00:00,994.6,27.4,62,0.5,279.0,,,0.0,,,,,,,,,,,,,,,,,,,,,,,,,,,,
2012-10-01 10:00:00,994.9,28.1,56,0.5,242.0,,,0.0,,,,,,,,,,,,,,,,,,,,,,,,,,,,
2012-10-01 11:00:00,994.2,28.7,54,0.9,310.0,,,0.0,,,,,,,,,,,,,,,,,,,,,,,,,,,,
2012-10-01 12:00:00,993.7,29.2,50,0.9,295.0,,,0.0,,,,,,,,,,,,,,,,,,,,,,,,,,,,
2012-10-01 13:00:00,993.0,29.5,46,1.1,318.0,,,0.0,,,,,,,,,,,,,,,,,,,,,,,,,,,,
2012-10-01 14:00:00,992.5,30.0,43,1.1,322.0,,,0.0,,,,,,,,,,,,,,,,,,,,,,,,,,,,
2012-10-01 15:00:00,992.2,29.5,44,1.0,317.0,,,0.0,,,,,,,,,,,,,,,,,,,,,,,,,,,,
2012-10-01 16:00:00,992.4,29.0,46,0.9,314.0,,,0.0,,,,,,,,,,,,,,,,,,,,,,,,,,,,
2012-10-01 17:00:00,992.5,27.0,51,0.7,344.0,,,0.0,,,,,,,,,,,,,,,,,,,,,,,,,,,,
2012-10-01 18:00:00,992.8,25.6,54,1.0,37.0,,,0.0,,,,,,,,,,,,,,,,,,,,,,,,,,,,
2012-10-01 19:00:00,993.3,24.4,59,1.1,313.0,,,0.0,,,,,,,,,,,,,,,,,,,,,,,,,,,,
2012-10-01 20:00:00,994.0,23.6,62,0.6,25.0,,,0.0,,,,,,,,,,,,,,,,,,,,,,,,,,,,
2012-10-01 21:00:00,994.3,22.6,66,0.7,356.0,,,0.0,,,,,,,,,,,,,,,,,,,,,,,,,,,,
2012-10-01 22:00:00,994.2,22.4,67,0.7,34.0,,,0.0,,,,,,,,,,,,,,,,,,,,,,,,,,,,
2012-10-01 23:00:00,994.0,21.9,69,0.7,53.0,,,0.0,,,,,,,,,,,,,,,,,,,,,,,,,,,,
2012-10-02 00:00:00,993.7,21.6,71,0.6,34.0,,,0.0,,,,,,,,,,,,,,,,,,,,,,,,,,,,
2012-10-02 01:00:00,993.5,21.4,74,0.3,314.0,,,0.0,,,,,,,,,,,,,,,,,,,,,,,,,,,,
2012-10-02 02:00:00,993.4,21.4,74,0.6,315.0,,,0.0,,,,,,,,,,,,,,,,,,,,,,,,,,,,
2012-10-02 03:00:00,993.2,21.1,75,0.6,19.0,,,0.0,,,,,,,,,,,,,,,,,,,,,,,,,,,,
2012-10-02 04:00:00,993.0,20.7,79,0.2,0.0,,,0.0,,,,,,,,,,,,,,,,,,,,,,,,,,,,
2012-10-02 05:00:00,993.3,20.5,79,0.6,324.0,,,0.0,,,,,,,,,,,,,,,,,,,,,,,,,,,,
2012-10-02 06:00:00,993.6,20.7,75,0.6,41.0,,,0.0,,,,,,,,,,,,,,,,,,,,,,,,,,,,
2012-10-02 07:00:00,993.7,22.0,69,0.7,36.0,,,0.0,,,,,,,,,,,,,,,,,,,,,,,,,,,,
2012-10-02 08:00:00,994.3,24.8,59,0.5,37.0,,,0.0,,,,,,,,,,,,,,,,,,,,,,,,,,,,
2012-10-02 09:00:00,994.2,25.6,55,0.8,318.0,,,0.0,,,,,,,,,,,,,,,,,,,,,,,,,,,,
2012-10-02 10:00:00,994.1,26.6,50,1.0,333.0,,,0.0,,,,,,,,,,,,,,,,,,,,,,,,,,,,
2012-10-02 11:00:00,993.5,27.9,46,1.0,327.0,,,0.0,,,,,,,,,,,,,,,,,,,,,,,,,,,,
2012-10-02 12:00:00,992.5,29.7,44,1.0,299.0,,,0.0,,,,,,,,,,,,,,,,,,,,,,,,,,,,
2012-10-02 13:00:00,991.7,28.9,43,1.2,305.0,,,0.0,,,,,,,,,,,,,,,,,,,,,,,,,,,,
2012-10-02 14:00:00,990.8,29.3,43,1.0,3.0,,,0.0,,,,,,,,,,,,,,,,,,,,,,,,,,,,
2012-10-02 15:00:00,990.7,28.5,48,1.0,315.0,,,0.0,,,,,,,,,,,,,,,,,,,,,,,,,,,,
2012-10-02 16:00:00,990.9,27.6,49,1.2,355.0,,,0.0,,,,,,,,,,,,,,,,,,,,,,,,,,,,
2012-10-02 17:00:00,991.0,25.9,51,1.2,22.0,,,0.0,,,,,,,,,,,,,,,,,,,,,,,,,,,,
2012-10-02 18:00:00,991.1,24.8,52,0.9,19.0,,,0.0,,,,,,,,,,,,,,,,,,,,,,,,,,,,
2012-10-02 19:00:00,991.4,23.7,56,0.8,35.0,,,0.0,,,,,,,,,,,,,,,,,,,,,,,,,,,,
2012-10-02 20:00:00,991.7,23.1,59,0.9,23.0,,,0.0,,,,,,,,,,,,,,,,,,,,,,,,,,,,
2012-10-02 21:00:00,992.0,22.5,62,0.8,36.0,,,0.0,,,,,,,,,,,,,,,,,,,,,,,,,,,,
2012-10-02 22:00:00,992.1,21.9,65,0.7,44.0,,,0.0,,,,,,,,,,,,,,,,,,,,,,,,,,,,
2012-10-02 23:00:00,991.7,21.4,68,0.7,40.0,,,0.0,,,,,,,,,,,,,,,,,,,,,,,,,,,,
2012-10-03 00:00:00,991.4,21.0,70,0.6,53.0,,,0.0,,,,,,,,,,,,,,,,,,,,,,,,,,,,
2012-10-03 01:00:00,990.8,20.6,73,0.6,41.0,,,0.0,,,,,,,,,,,,,,,,,,,,,,,,,,,,
2012-10-03 02:00:00,990.5,20.7,71,0.7,28.0,,,0.0,,,,,,,,,,,,,,,,,,,,,,,,,,,,
2012-10-03 03:00:00,990.5,20.4,71,0.6,54.0,,,0.0,,,,,,,,,,,,,,,,,,,,,,,,,,,,
2012-10-03 04:00:00,990.5,20.6,69,0.5,57.0,,,0.0,,,,,,,,,,,,,,,,,,,,,,,,,,,,
2012-10-03 05:00:00,990.5,20.5,69,0.6,36.0,,,0.0,,,,,,,,,,,,,,,,,,,,,,,,,,,,
2012-10-03 06:00:00,990.8,20.2,70,0.6,57.0,,,0.0,,,,,,,,,,,,,,,,,,,,,,,,,,,,
2012-10-03 07:00:00,991.4,21.1,63,0.9,42.0,,,0.0,,,,,,,,,,,,,,,,,,,,,,,,,,,,
2012-10-03 08:00:00,991.6,23.6,52,1.1,20.0,,,0.0,,,,,,,,,,,,,,,,,,,,,,,,,,,,
2012-10-03 09:00:00,991.7,25.3,47,0.9,346.0,,,0.0,,,,,,,,,,,,,,,,,,,,,,,,,,,,
2012-10-03 10:00:00,991.4,26.8,43,0.9,31.0,,,0.0,,,,,,,,,,,,,,,,,,,,,,,,,,,,
2012-10-03 11:00:00,990.6,27.8,42,1.0,322.0,,,0.0,,,,,,,,,,,,,,,,,,,,,,,,,,,,
2012-10-03 12:00:00,989.9,28.5,37,1.1,360.0,,,0.0,,,,,,,,,,,,,,,,,,,,,,,,,,,,
2012-10-03 13:00:00,988.7,29.6,37,1.2,331.0,,,0.0,,,,,,,,,,,,,,,,,,,,,,,,,,,,
2012-10-03 14:00:00,988.1,29.5,42,1.3,13.0,,,0.0,,,,,,,,,,,,,,,,,,,,,,,,,,,,
2012-10-03 15:00:00,987.7,28.7,46,1.1,15.0,,,0.0,,,,,,,,,,,,,,,,,,,,,,,,,,,,
2012-10-03 16:00:00,987.7,27.7,49,1.3,21.0,,,0.0,,,,,,,,,,,,,,,,,,,,,,,,,,,,
2012-10-03 17:00:00,987.9,24.5,62,1.2,323.0,,,0.0,,,,,,,,,,,,,,,,,,,,,,,,,,,,
2012-10-03 18:00:00,987.9,23.4,66,1.0,326.0,,,0.0,,,,,,,,,,,,,,,,,,,,,,,,,,,,
2012-10-03 19:00:00,988.1,22.7,68,0.8,3.0,,,0.0,,,,,,,,,,,,,,,,,,,,,,,,,,,,
2012-10-03 20:00:00,988.4,22.2,69,0.6,351.0,,,0.0,,,,,,,,,,,,,,,,,,,,,,,,,,,,
2012-10-03 21:00:00,989.3,21.6,71,0.7,1.0,,,0.0,,,,,,,,,,,,,,,,,,,,,,,,,,,,
2012-10-03 22:00:00,989.5,21.4,73,0.5,65.0,,,0.0,,,,,,,,,,,,,,,,,,,,,,,,,,,,
2012-10-03 23:00:00,989.5,20.7,76,0.5,351.0,,,0.0,,,,,,,,,,,,,,,,,,,,,,,,,,,,
2012-10-04 00:00:00,989.1,21.0,74,0.7,50.0,,,0.0,,,,,,,,,,,,,,,,,,,,,,,,,,,,
2012-10-04 01:00:00,988.9,20.7,75,0.4,38.0,,,0.0,,,,,,,,,,,,,,,,,,,,,,,,,,,,
2012-10-04 02:00:00,988.9,20.0,78,0.1,0.0,,,0.0,,,,,,,,,,,,,,,,,,,,,,,,,,,,
2012-10-04 03:00:00,988.6,19.8,80,0.4,75.0,,,0.0,,,,,,,,,,,,,,,,,,,,,,,,,,,,
2012-10-04 04:00:00,988.4,19.8,78,0.3,357.0,,,0.0,,,,,,,,,,,,,,,,,,,,,,,,,,,,
2012-10-04 05:00:00,988.7,19.3,76,0.6,66.0,,,0.0,,,,,,,,,,,,,,,,,,,,,,,,,,,,
2012-10-04 06:00:00,989.2,18.8,77,0.1,0.0,,,0.0,,,,,,,,,,,,,,,,,,,,,,,,,,,,
2012-10-04 07:00:00,989.9,20.3,68,0.5,76.0,,,0.0,,,,,,,,,,,,,,,,,,,,,,,,,,,,
2012-10-04 08:00:00,990.9,22.1,53,0.8,326.0,,,0.0,,,,,,,,,,,,,,,,,,,,,,,,,,,,
2012-10-04 09:00:00,991.1,25.0,45,0.8,45.0,,,0.0,,,,,,,,,,,,,,,,,,,,,,,,,,,,
2012-10-04 10:00:00,991.2,26.2,45,0.8,354.0,,,0.0,,,,,,,,,,,,,,,,,,,,,,,,,,,,
2012-10-04 11:00:00,990.5,28.0,41,0.7,251.0,,,0.0,,,,,,,,,,,,,,,,,,,,,,,,,,,,
2012-10-04 12:00:00,990.0,28.4,43,1.2,313.0,,,0.0,,,,,,,,,,,,,,,,,,,,,,,,,,,,
2012-10-04 13:00:00,988.9,29.9,39,0.8,27.0,,,0.0,,,,,,,,,,,,,,,,,,,,,,,,,,,,
2012-10-04 14:00:00,988.7,28.4,52,1.4,309.0,,,0.0,,,,,,,,,,,,,,,,,,,,,,,,,,,,
2012-10-04 15:00:00,988.6,28.1,53,1.2,20.0,,,0.0,,,,,,,,,,,,,,,,,,,,,,,,,,,,
2012-10-04 16:00:00,988.9,26.7,56,1.3,22.0,,,0.0,,,,,,,,,,,,,,,,,,,,,,,,,,,,
2012-10-04 17:00:00,989.2,25.8,58,1.2,34.0,,,0.0,,,,,,,,,,,,,,,,,,,,,,,,,,,,
2012-10-04 18:00:00,989.3,24.6,62,1.3,35.0,,,0.0,,,,,,,,,,,,,,,,,,,,,,,,,,,,
2012-10-04 19:00:00,989.9,24.0,64,1.0,40.0,,,0.0,,,,,,,,,,,,,,,,,,,,,,,,,,,,
2012-10-04 20:00:00,990.6,23.7,66,0.9,37.0,,,0.0,,,,,,,,,,,,,,,,,,,,,,,,,,,,
2012-10-04 21:00:00,991.1,23.1,69,0.7,35.0,,,0.0,,,,,,,,,,,,,,,,,,,,,,,,,,,,
2012-10-04 22:00:00,991.4,22.6,72,0.5,65.0,,,0.0,,,,,,,,,,,,,,,,,,,,,,,,,,,,
2012-10-04 23:00:00,991.7,22.1,76,0.4,5.0,,,0.0,,,,,,,,,,,,,,,,,,,,,,,,,,,,
2012-10-05 00:00:00,991.7,21.6,79,0.3,71.0,,,0.0,,,,,,,,,,,,,,,,,,,,,,,,,,,,
2012-10-05 01:00:00,991.7,21.7,79,0.6,70.0,,,0.0,,,,,,,,,,,,,,,,,,,,,,,,,,,,
2012-10-05 02:00:00,991.4,21.8,79,0.5,69.0,,,0.0,,,,,,,,,,,,,,,,,,,,,,,,,,,,
2012-10-05 03:00:00,991.1,22.0,79,0.0,0.0,,,0.0,,,,,,,,,,,,,,,,,,,,,,,,,,,,
2012-10-05 04:00:00,991.1,22.2,77,0.1,0.0,,,0.0,,,,,,,,,,,,,,,,,,,,,,,,,,,,
2012-10-05 05:00:00,991.5,22.0,79,0.2,0.0,,,0.0,,,,,,,,,,,,,,,,,,,,,,,,,,,,
2012-10-05 06:00:00,992.0,22.1,79,0.3,75.0,,,0.0,,,,,,,,,,,,,,,,,,,,,,,,,,,,
2012-10-05 07:00:00,992.6,23.6,73,0.3,64.0,,,0.0,,,,,,,,,,,,,,,,,,,,,,,,,,,,
2012-10-05 08:00:00,993.0,26.2,62,0.5,67.0,,,0.0,,,,,,,,,,,,,,,,,,,,,,,,,,,,
2012-10-05 09:00:00,993.4,27.3,55,0.6,318.0,,,0.0,,,,,,,,,,,,,,,,,,,,,,,,,,,,
2012-10-05 10:00:00,993.6,28.2,51,0.7,302.0,,,0.0,,,,,,,,,,,,,,,,,,,,,,,,,,,,
2012-10-05 11:00:00,993.2,29.4,45,0.8,275.0,,,0.0,,,,,,,,,,,,,,,,,,,,,,,,,,,,
2012-10-05 12:00:00,992.8,29.6,44,0.6,349.0,,,0.0,,,,,,,,,,,,,,,,,,,,,,,,,,,,
2012-10-05 13:00:00,992.3,29.7,46,0.7,296.0,,,0.0,,,,,,,,,,,,,,,,,,,,,,,,,,,,
2012-10-05 14:00:00,991.9,28.8,51,0.7,325.0,,,0.0,,,,,,,,,,,,,,,,,,,,,,,,,,,,
2012-10-05 15:00:00,992.2,29.2,50,1.0,313.0,,,0.0,,,,,,,,,,,,,,,,,,,,,,,,,,,,
2012-10-05 16:00:00,992.5,28.2,52,0.9,296.0,,,0.0,,,,,,,,,,,,,,,,,,,,,,,,,,,,
2012-10-05 17:00:00,992.5,27.0,54,0.7,325.0,,,0.0,,,,,,,,,,,,,,,,,,,,,,,,,,,,
2012-10-05 18:00:00,992.7,26.5,54,0.5,309.0,,,0.0,,,,,,,,,,,,,,,,,,,,,,,,,,,,
2012-10-05 19:00:00,993.3,25.7,60,0.6,62.0,,,0.0,,,,,,,,,,,,,,,,,,,,,,,,,,,,
2012-10-05 20:00:00,993.4,25.3,68,0.4,58.0,,,0.0,,,,,,,,,,,,,,,,,,,,,,,,,,,,
2012-10-05 21:00:00,993.9,24.9,71,0.4,71.0,,,0.0,,,,,,,,,,,,,,,,,,,,,,,,,,,,
2012-10-05 22:00:00,994.0,24.1,79,0.3,329.0,,,-999.6,,,,,,,,,,,,,,,,,,,,,,,,,,,,
2012-10-05 23:00:00,994.5,23.4,82,0.4,315.0,,,0.0,,,,,,,,,,,,,,,,,,,,,,,,,,,,
2012-10-06 00:00:00,994.5,23.7,78,0.2,0.0,,,0.0,,,,,,,,,,,,,,,,,,,,,,,,,,,,
2012-10-06 01:00:00,993.8,23.2,81,0.0,0.0,,,0.0,,,,,,,,,,,,,,,,,,,,,,,,,,,,
2012-10-06 02:00:00,993.7,23.3,81,0.0,0.0,,,0.0,,,,,,,,,,,,,,,,,,,,,,,,,,,,
2012-10-06 03:00:00,993.7,22.3,86,0.5,322.0,,,0.0,,,,,,,,,,,,,,,,,,,,,,,,,,,,
2012-10-06 04:00:00,993.7,23.0,82,0.2,0.0,,,0.0,,,,,,,,,,,,,,,,,,,,,,,,,,,,
2012-10-06 05:00:00,994.2,23.5,79,0.2,0.0,,,0.0,,,,,,,,,,,,,,,,,,,,,,,,,,,,
2012-10-06 06:00:00,994.8,23.5,80,0.2,0.0,,,0.0,,,,,,,,,,,,,,,,,,,,,,,,,,,,
2012-10-06 07:00:00,995.3,23.9,76,0.5,54.0,,,0.0,,,,,,,,,,,,,,,,,,,,,,,,,,,,
2012-10-06 08:00:00,995.6,25.6,67,0.5,64.0,,,0.0,,,,,,,,,,,,,,,,,,,,,,,,,,,,
2012-10-06 09:00:00,995.7,26.8,63,0.7,309.0,,,0.0,,,,,,,,,,,,,,,,,,,,,,,,,,,,
2012-10-06 10:00:00,995.5,27.9,55,1.4,317.0,,,0.0,,,,,,,,,,,,,,,,,,,,,,,,,,,,
2012-10-06 11:00:00,995.0,28.9,53,1.6,319.0,,,0.0,,,,,,,,,,,,,,,,,,,,,,,,,,,,
2012-10-06 12:00:00,994.5,29.3,49,1.5,35.0,,,0.0,,,,,,,,,,,,,,,,,,,,,,,,,,,,
2012-10-06 13:00:00,994.1,28.4,52,1.3,10.0,,,0.0,,,,,,,,,,,,,,,,,,,,,,,,,,,,
2012-10-06 14:00:00,993.8,29.6,49,1.2,14.0,,,0.0,,,,,,,,,,,,,,,,,,,,,,,,,,,,
2012-10-06 15:00:00,994.0,28.2,52,1.2,24.0,,,0.0,,,,,,,,,,,,,,,,,,,,,,,,,,,,
2012-10-06 16:00:00,994.3,27.8,55,1.1,37.0,,,0.0,,,,,,,,,,,,,,,,,,,,,,,,,,,,
2012-10-06 17:00:00,994.5,26.6,56,1.2,29.0,,,0.0,,,,,,,,,,,,,,,,,,,,,,,,,,,,
2012-10-06 18:00:00,994.6,25.7,62,1.1,29.0,,,0.0,,,,,,,,,,,,,,,,,,,,,,,,,,,,
2012-10-06 19:00:00,994.6,24.6,68,1.0,37.0,,,0.0,,,,,,,,,,,,,,,,,,,,,,,,,,,,
2012-10-06 20:00:00,994.8,24.1,72,0.8,19.0,,,0.0,,,,,,,,,,,,,,,,,,,,,,,,,,,,
2012-10-06 21:00:00,995.2,23.5,74,0.8,31.0,,,0.0,,,,,,,,,,,,,,,,,,,,,,,,,,,,
2012-10-06 22:00:00,995.0,23.3,73,0.9,23.0,,,0.0,,,,,,,,,,,,,,,,,,,,,,,,,,,,
2012-10-06 23:00:00,995.3,23.0,71,0.9,29.0,,,0.0,,,,,,,,,,,,,,,,,,,,,,,,,,,,
2012-10-07 00:00:00,995.3,22.7,71,0.7,50.0,,,0.0,,,,,,,,,,,,,,,,,,,,,,,,,,,,
2012-10-07 01:00:00,994.9,22.6,70,0.8,51.0,,,0.0,,,,,,,,,,,,,,,,,,,,,,,,,,,,
2012-10-07 02:00:00,994.3,22.0,72,0.6,59.0,,,0.0,,,,,,,,,,,,,,,,,,,,,,,,,,,,
2012-10-07 03:00:00,993.8,22.2,69,0.7,48.0,,,0.0,,,,,,,,,,,,,,,,,,,,,,,,,,,,
2012-10-07 04:00:00,993.5,21.9,69,0.7,28.0,,,0.0,,,,,,,,,,,,,,,,,,,,,,,,,,,,
2012-10-07 05:00:00,993.7,21.9,68,0.7,45.0,,,0.0,,,,,,,,,,,,,,,,,,,,,,,,,,,,
2012-10-07 06:00:00,994.1,21.9,68,0.5,34.0,,,0.0,,,,,,,,,,,,,,,,,,,,,,,,,,,,
2012-10-07 07:00:00,994.7,22.4,67,0.5,354.0,,,0.0,,,,,,,,,,,,,,,,,,,,,,,,,,,,
2012-10-07 08:00:00,995.0,24.5,56,0.9,44.0,,,0.0,,,,,,,,,,,,,,,,,,,,,,,,,,,,
2012-10-07 09:00:00,995.0,26.8,50,0.9,23.0,,,0.0,,,,,,,,,,,,,,,,,,,,,,,,,,,,
2012-10-07 10:00:00,994.9,28.4,46,1.0,46.0,,,0.0,,,,,,,,,,,,,,,,,,,,,,,,,,,,
2012-10-07 11:00:00,994.3,29.3,45,1.0,345.0,,,0.0,,,,,,,,,,,,,,,,,,,,,,,,,,,,
2012-10-07 12:00:00,993.4,29.5,45,1.2,359.0,,,0.0,,,,,,,,,,,,,,,,,,,,,,,,,,,,
2012-10-07 13:00:00,992.7,29.7,44,1.4,31.0,,,0.0,,,,,,,,,,,,,,,,,,,,,,,,,,,,
2012-10-07 14:00:00,992.2,30.3,43,1.0,357.0,,,0.0,,,,,,,,,,,,,,,,,,,,,,,,,,,,
2012-10-07 15:00:00,992.2,29.3,47,1.1,342.0,,,0.0,,,,,,,,,,,,,,,,,,,,,,,,,,,,
2012-10-07 16:00:00,992.1,28.4,49,0.9,12.0,,,0.0,,,,,,,,,,,,,,,,,,,,,,,,,,,,
2012-10-07 17:00:00,992.5,26.6,53,1.0,28.0,,,0.0,,,,,,,,,,,,,,,,,,,,,,,,,,,,
2012-10-07 18:00:00,992.4,25.4,56,0.9,30.0,,,0.0,,,,,,,,,,,,,,,,,,,,,,,,,,,,
2012-10-07 19:00:00,992.9,24.6,58,1.0,26.0,,,0.0,,,,,,,,,,,,,,,,,,,,,,,,,,,,
2012-10-07 20:00:00,993.3,24.0,59,1.1,43.0,,,0.0,,,,,,,,,,,,,,,,,,,,,,,,,,,,
2012-10-07 21:00:00,993.4,24.0,57,0.9,48.0,,,0.0,,,,,,,,,,,,,,,,,,,,,,,,,,,,
2012-10-07 22:00:00,993.3,23.5,60,1.0,24.0,,,0.0,,,,,,,,,,,,,,,,,,,,,,,,,,,,
2012-10-07 23:00:00,993.0,23.3,60,0.8,43.0,,,0.0,,,,,,,,,,,,,,,,,,,,,,,,,,,,
2012-10-08 00:00:00,992.7,23.0,62,0.8,10.0,,,0.0,,,,,,,,,,,,,,,,,,,,,,,,,,,,
2012-10-08 01:00:00,992.5,22.5,62,0.9,29.0,,,0.0,,,,,,,,,,,,,,,,,,,,,,,,,,,,
2012-10-08 02:00:00,992.1,22.4,63,0.5,44.0,,,0.0,,,,,,,,,,,,,,,,,,,,,,,,,,,,
2012-10-08 03:00:00,992.1,22.7,59,0.7,33.0,,,0.0,,,,,,,,,,,,,,,,,,,,,,,,,,,,
2012-10-08 04:00:00,992.1,22.9,59,0.7,46.0,,,0.0,,,,,,,,,,,,,,,,,,,,,,,,,,,,
2012-10-08 05:00:00,992.7,22.7,60,0.9,36.0,,,0.0,,,,,,,,,,,,,,,,,,,,,,,,,,,,
2012-10-08 06:00:00,993.0,22.7,61,0.8,34.0,,,0.0,,,,,,,,,,,,,,,,,,,,,,,,,,,,
2012-10-08 07:00:00,993.3,23.3,57,0.9,38.0,,,0.0,,,,,,,,,,,,,,,,,,,,,,,,,,,,
2012-10-08 08:00:00,993.6,25.1,52,0.9,20.0,,,0.0,,,,,,,,,,,,,,,,,,,,,,,,,,,,
2012-10-08 09:00:00,993.7,26.0,51,1.1,2.0,,,0.0,,,,,,,,,,,,,,,,,,,,,,,,,,,,
2012-10-08 10:00:00,993.3,28.1,47,0.9,3.0,,,0.0,,,,,,,,,,,,,,,,,,,,,,,,,,,,
2012-10-08 11:00:00,992.5,28.4,46,1.3,18.0,,,0.0,,,,,,,,,,,,,,,,,,,,,,,,,,,,
2012-10-08 12:00:00,991.5,30.0,42,1.4,1.0,,,0.0,,,,,,,,,,,,,,,,,,,,,,,,,,,,
2012-10-08 13:00:00,990.7,29.7,44,1.5,327.0,,,0.0,,,,,,,,,,,,,,,,,,,,,,,,,,,,
2012-10-08 14:00:00,990.4,29.3,45,1.4,330.0,,,0.0,,,,,,,,,,,,,,,,,,,,,,,,,,,,
2012-10-08 15:00:00,990.2,29.2,46,1.4,23.0,,,0.0,,,,,,,,,,,,,,,,,,,,,,,,,,,,
2012-10-08 16:00:00,990.3,28.5,50,1.5,22.0,,,0.0,,,,,,,,,,,,,,,,,,,,,,,,,,,,
2012-10-08 17:00:00,990.4,26.4,55,1.5,33.0,,,0.0,,,,,,,,,,,,,,,,,,,,,,,,,,,,
2012-10-08 18:00:00,991.0,25.0,57,1.4,35.0,,,0.0,,,,,,,,,,,,,,,,,,,,,,,,,,,,
2012-10-08 19:00:00,991.2,24.3,57,1.3,29.0,,,-999.6,,,,,,,,,,,,,,,,,,,,,,,,,,,,
2012-10-08 20:00:00,991.7,23.7,60,1.2,25.0,,,0.0,,,,,,,,,,,,,,,,,,,,,,,,,,,,
2012-10-08 21:00:00,992.0,23.3,60,0.9,18.0,,,0.0,,,,,,,,,,,,,,,,,,,,,,,,,,,,
2012-10-08 22:00:00,992.0,23.2,60,1.0,33.0,,,0.0,,,,,,,,,,,,,,,,,,,,,,,,,,,,
2012-10-08 23:00:00,991.8,22.9,61,0.8,65.0,,,0.0,,,,,,,,,,,,,,,,,,,,,,,,,,,,
2012-10-09 00:00:00,991.1,22.6,61,1.2,46.0,,,0.0,,,,,,,,,,,,,,,,,,,,,,,,,,,,
2012-10-09 01:00:00,990.8,22.5,60,1.1,37.0,,,0.0,,,,,,,,,,,,,,,,,,,,,,,,,,,,
2012-10-09 02:00:00,990.5,21.9,60,0.9,26.0,,,0.0,,,,,,,,,,,,,,,,,,,,,,,,,,,,
2012-10-09 03:00:00,990.5,21.8,57,0.9,58.0,,,0.0,,,,,,,,,,,,,,,,,,,,,,,,,,,,
2012-10-09 04:00:00,990.5,21.7,55,0.9,35.0,,,0.0,,,,,,,,,,,,,,,,,,,,,,,,,,,,
2012-10-09 05:00:00,990.8,21.9,60,0.6,68.0,,,0.0,,,,,,,,,,,,,,,,,,,,,,,,,,,,
2012-10-09 06:00:00,991.0,21.8,64,0.4,18.0,,,0.0,,,,,,,,,,,,,,,,,,,,,,,,,,,,
2012-10-09 07:00:00,991.5,22.7,61,0.9,28.0,,,0.0,,,,,,,,,,,,,,,,,,,,,,,,,,,,
2012-10-09 08:00:00,992.1,23.9,59,1.0,354.0,,,0.0,,,,,,,,,,,,,,,,,,,,,,,,,,,,
2012-10-09 09:00:00,992.4,25.1,57,1.0,14.0,,,0.0,,,,,,,,,,,,,,,,,,,,,,,,,,,,
2012-10-09 10:00:00,992.0,27.7,50,1.4,360.0,,,0.0,,,,,,,,,,,,,,,,,,,,,,,,,,,,
2012-10-09 11:00:00,991.4,28.4,48,1.1,5.0,,,0.0,,,,,,,,,,,,,,,,,,,,,,,,,,,,
2012-10-09 12:00:00,990.6,28.7,46,1.4,358.0,,,0.0,,,,,,,,,,,,,,,,,,,,,,,,,,,,
2012-10-09 13:00:00,989.9,28.5,48,1.7,11.0,,,0.0,,,,,,,,,,,,,,,,,,,,,,,,,,,,
2012-10-09 14:00:00,989.3,27.7,49,1.9,38.0,,,0.0,,,,,,,,,,,,,,,,,,,,,,,,,,,,
2012-10-09 15:00:00,989.1,27.7,49,1.7,26.0,,,0.0,,,,,,,,,,,,,,,,,,,,,,,,,,,,
2012-10-09 16:00:00,989.2,26.8,51,1.8,33.0,,,0.0,,,,,,,,,,,,,,,,,,,,,,,,,,,,
2012-10-09 17:00:00,989.5,25.7,54,1.6,38.0,,,0.0,,,,,,,,,,,,,,,,,,,,,,,,,,,,
2012-10-09 18:00:00,990.1,24.5,63,1.6,35.0,,,0.0,,,,,,,,,,,,,,,,,,,,,,,,,,,,
2012-10-09 19:00:00,990.5,23.8,67,1.2,36.0,,,0.0,,,,,,,,,,,,,,,,,,,,,,,,,,,,
2012-10-09 20:00:00,991.0,23.6,69,1.3,31.0,,,0.0,,,,,,,,,,,,,,,,,,,,,,,,,,,,
2012-10-09 21:00:00,991.7,23.3,70,1.0,33.0,,,0.0,,,,,,,,,,,,,,,,,,,,,,,,,,,,
2012-10-09 22:00:00,991.7,22.8,69,1.1,38.0,,,0.0,,,,,,,,,,,,,,,,,,,,,,,,,,,,
2012-10-09 23:00:00,991.7,22.6,71,1.1,36.0,,,0.0,,,,,,,,,,,,,,,,,,,,,,,,,,,,
2012-10-10 00:00:00,991.0,22.5,71,1.2,34.0,,,0.0,,,,,,,,,,,,,,,,,,,,,,,,,,,,
2012-10-10 01:00:00,990.2,22.5,70,0.9,27.0,,,0.0,,,,,,,,,,,,,,,,,,,,,,,,,,,,
2012-10-10 02:00:00,989.9,22.3,72,0.8,9.0,,,0.0,,,,,,,,,,,,,,,,,,,,,,,,,,,,
2012-10-10 03:00:00,989.7,22.0,72,1.0,31.0,,,0.0,,,,,,,,,,,,,,,,,,,,,,,,,,,,
2012-10-10 04:00:00,989.8,21.7,73,0.8,32.0,,,-999.6,,,,,,,,,,,,,,,,,,,,,,,,,,,,
2012-10-10 05:00:00,989.7,21.9,74,0.7,32.0,,,0.0,,,,,,,,,,,,,,,,,,,,,,,,,,,,
2012-10-10 06:00:00,989.9,21.7,74,0.8,36.0,,,0.0,,,,,,,,,,,,,,,,,,,,,,,,,,,,
2012-10-10 07:00:00,990.5,22.5,71,1.3,33.0,,,0.0,,,,,,,,,,,,,,,,,,,,,,,,,,,,
2012-10-10 08:00:00,991.2,24.7,56,1.5,40.0,,,0.0,,,,,,,,,,,,,,,,,,,,,,,,,,,,
2012-10-10 09:00:00,991.7,26.1,46,1.7,33.0,,,0.0,,,,,,,,,,,,,,,,,,,,,,,,,,,,
2012-10-10 10:00:00,991.4,27.5,42,1.8,26.0,,,0.0,,,,,,,,,,,,,,,,,,,,,,,,,,,,
2012-10-10 11:00:00,990.8,27.9,43,1.8,27.0,,,0.0,,,,,,,,,,,,,,,,,,,,,,,,,,,,
2012-10-10 12:00:00,989.9,28.5,42,1.7,31.0,,,0.0,,,,,,,,,,,,,,,,,,,,,,,,,,,,
2012-10-10 13:00:00,989.3,27.9,42,1.9,22.0,,,0.0,,,,,,,,,,,,,,,,,,,,,,,,,,,,
2012-10-10 14:00:00,988.7,27.7,43,2.0,39.0,,,0.0,,,,,,,,,,,,,,,,,,,,,,,,,,,,
2012-10-10 15:00:00,988.7,27.2,43,1.9,36.0,,,0.0,,,,,,,,,,,,,,,,,,,,,,,,,,,,
2012-10-10 16:00:00,988.7,26.4,46,1.7,22.0,,,0.0,,,,,,,,,,,,,,,,,,,,,,,,,,,,
2012-10-10 17:00:00,988.9,24.9,55,1.6,32.0,,,0.0,,,,,,,,,,,,,,,,,,,,,,,,,,,,
2012-10-10 18:00:00,989.0,24.1,58,1.5,30.0,,,0.0,,,,,,,,,,,,,,,,,,,,,,,,,,,,
2012-10-10 19:00:00,989.6,23.3,62,1.5,36.0,,,0.0,,,,,,,,,,,,,,,,,,,,,,,,,,,,
2012-10-10 20:00:00,990.5,22.9,66,1.3,22.0,,,0.0,,,,,,,,,,,,,,,,,,,,,,,,,,,,
2012-10-10 21:00:00,990.7,22.5,68,1.0,31.0,,,0.0,,,,,,,,,,,,,,,,,,,,,,,,,,,,
2012-10-10 22:00:00,990.8,22.4,67,1.5,41.0,,,0.0,,,,,,,,,,,,,,,,,,,,,,,,,,,,
2012-10-10 23:00:00,990.5,22.1,67,1.3,37.0,,,0.0,,,,,,,,,,,,,,,,,,,,,,,,,,,,
2012-10-11 00:00:00,989.9,21.8,68,1.2,24.0,,,0.0,,,,,,,,,,,,,,,,,,,,,,,,,,,,
2012-10-11 01:00:00,989.5,21.4,68,1.1,19.0,,,0.0,,,,,,,,,,,,,,,,,,,,,,,,,,,,
2012-10-11 02:00:00,989.3,21.3,67,1.1,33.0,,,0.0,,,,,,,,,,,,,,,,,,,,,,,,,,,,
2012-10-11 03:00:00,989.3,21.1,65,1.0,39.0,,,0.0,,,,,,,,,,,,,,,,,,,,,,,,,,,,
2012-10-11 04:00:00,989.2,21.0,64,1.0,36.0,,,0.0,,,,,,,,,,,,,,,,,,,,,,,,,,,,
2012-10-11 05:00:00,989.6,21.1,61,1.2,37.0,,,0.0,,,,,,,,,,,,,,,,,,,,,,,,,,,,
2012-10-11 06:00:00,989.9,21.4,61,1.1,32.0,,,0.0,,,,,,,,,,,,,,,,,,,,,,,,,,,,
2012-10-11 07:00:00,990.6,22.2,56,1.0,49.0,,,0.0,,,,,,,,,,,,,,,,,,,,,,,,,,,,
2012-10-11 08:00:00,991.2,24.1,51,1.4,49.0,,,0.0,,,,,,,,,,,,,,,,,,,,,,,,,,,,
2012-10-11 09:00:00,991.4,26.7,46,1.2,51.0,,,0.0,,,,,,,,,,,,,,,,,,,,,,,,,,,,
2012-10-11 10:00:00,991.2,27.3,45,1.5,29.0,,,0.0,,,,,,,,,,,,,,,,,,,,,,,,,,,,
2012-10-11 11:00:00,991.0,28.1,44,1.7,9.0,,,0.0,,,,,,,,,,,,,,,,,,,,,,,,,,,,
2012-10-11 12:00:00,990.4,27.6,49,1.8,15.0,,,0.0,,,,,,,,,,,,,,,,,,,,,,,,,,,,
2012-10-11 13:00:00,989.6,27.2,51,1.7,24.0,,,0.0,,,,,,,,,,,,,,,,,,,,,,,,,,,,
2012-10-11 14:00:00,988.8,28.0,48,1.5,24.0,,,0.0,,,,,,,,,,,,,,,,,,,,,,,,,,,,
2012-10-11 15:00:00,988.7,27.0,52,1.6,31.0,,,0.0,,,,,,,,,,,,,,,,,,,,,,,,,,,,
2012-10-11 16:00:00,988.6,26.7,52,1.5,42.0,,,0.0,,,,,,,,,,,,,,,,,,,,,,,,,,,,
2012-10-11 17:00:00,989.2,25.1,56,1.5,38.0,,,0.0,,,,,,,,,,,,,,,,,,,,,,,,,,,,
2012-10-11 18:00:00,989.0,23.6,62,1.4,36.0,,,0.0,,,,,,,,,,,,,,,,,,,,,,,,,,,,
2012-10-11 19:00:00,989.9,22.9,61,1.5,26.0,,,0.0,,,,,,,,,,,,,,,,,,,,,,,,,,,,
2012-10-11 20:00:00,990.6,22.5,60,1.3,43.0,,,0.0,,,,,,,,,,,,,,,,,,,,,,,,,,,,
2012-10-11 21:00:00,990.8,22.3,59,1.3,49.0,,,0.0,,,,,,,,,,,,,,,,,,,,,,,,,,,,
2012-10-11 22:00:00,990.8,21.7,61,1.3,44.0,,,0.0,,,,,,,,,,,,,,,,,,,,,,,,,,,,
2012-10-11 23:00:00,990.9,21.5,62,1.5,29.0,,,0.0,,,,,,,,,,,,,,,,,,,,,,,,,,,,
2012-10-12 00:00:00,990.9,21.3,62,1.3,37.0,,,0.0,,,,,,,,,,,,,,,,,,,,,,,,,,,,
2012-10-12 01:00:00,990.2,21.0,60,1.3,29.0,,,0.0,,,,,,,,,,,,,,,,,,,,,,,,,,,,
2012-10-12 02:00:00,989.9,20.8,60,1.1,56.0,,,0.0,,,,,,,,,,,,,,,,,,,,,,,,,,,,
2012-10-12 03:00:00,989.9,20.8,57,1.3,40.0,,,0.0,,,,,,,,,,,,,,,,,,,,,,,,,,,,
2012-10-12 04:00:00,989.8,20.3,56,1.4,35.0,,,0.0,,,,,,,,,,,,,,,,,,,,,,,,,,,,
2012-10-12 05:00:00,989.8,20.2,55,1.3,39.0,,,0.0,,,,,,,,,,,,,,,,,,,,,,,,,,,,
2012-10-12 06:00:00,990.4,19.9,57,1.2,40.0,,,0.0,,,,,,,,,,,,,,,,,,,,,,,,,,,,
2012-10-12 07:00:00,990.9,20.4,55,1.3,36.0,,,0.0,,,,,,,,,,,,,,,,,,,,,,,,,,,,
2012-10-12 08:00:00,991.7,22.5,49,1.5,31.0,,,0.0,,,,,,,,,,,,,,,,,,,,,,,,,,,,
2012-10-12 09:00:00,992.0,23.7,48,1.4,18.0,,,0.0,,,,,,,,,,,,,,,,,,,,,,,,,,,,
2012-10-12 10:00:00,991.8,25.4,44,1.2,21.0,,,0.0,,,,,,,,,,,,,,,,,,,,,,,,,,,,
2012-10-12 11:00:00,991.0,26.5,43,1.3,23.0,,,0.0,,,,,,,,,,,,,,,,,,,,,,,,,,,,
2012-10-12 12:00:00,990.3,27.6,42,1.4,333.0,,,0.0,,,,,,,,,,,,,,,,,,,,,,,,,,,,
2012-10-12 13:00:00,989.4,29.4,38,1.6,25.0,,,0.0,,,,,,,,,,,,,,,,,,,,,,,,,,,,
2012-10-12 14:00:00,989.0,28.3,40,1.5,16.0,,,0.0,,,,,,,,,,,,,,,,,,,,,,,,,,,,
2012-10-12 15:00:00,988.8,26.9,43,1.8,6.0,,,0.0,,,,,,,,,,,,,,,,,,,,,,,,,,,,
2012-10-12 16:00:00,989.2,26.4,44,1.6,43.0,,,0.0,,,,,,,,,,,,,,,,,,,,,,,,,,,,
2012-10-12 17:00:00,989.5,24.7,48,1.9,44.0,,,0.0,,,,,,,,,,,,,,,,,,,,,,,,,,,,
2012-10-12 18:00:00,989.9,23.2,52,1.5,24.0,,,0.0,,,,,,,,,,,,,,,,,,,,,,,,,,,,
2012-10-12 19:00:00,990.2,22.5,54,1.3,35.0,,,0.0,,,,,,,,,,,,,,,,,,,,,,,,,,,,
2012-10-12 20:00:00,990.7,22.2,57,1.4,36.0,,,0.0,,,,,,,,,,,,,,,,,,,,,,,,,,,,
2012-10-12 21:00:00,991.1,21.9,58,1.1,27.0,,,0.0,,,,,,,,,,,,,,,,,,,,,,,,,,,,
2012-10-12 22:00:00,991.4,21.5,60,0.8,26.0,,,0.0,,,,,,,,,,,,,,,,,,,,,,,,,,,,
2012-10-12 23:00:00,991.2,21.1,61,1.2,40.0,,,0.0,,,,,,,,,,,,,,,,,,,,,,,,,,,,
2012-10-13 00:00:00,990.9,20.8,61,1.1,51.0,,,0.0,,,,,,,,,,,,,,,,,,,,,,,,,,,,
2012-10-13 01:00:00,990.9,20.7,58,1.0,46.0,,,0.0,,,,,,,,,,,,,,,,,,,,,,,,,,,,
2012-10-13 02:00:00,990.8,20.7,59,0.9,42.0,,,0.0,,,,,,,,,,,,,,,,,,,,,,,,,,,,
2012-10-13 03:00:00,990.2,20.6,58,0.9,36.0,,,0.0,,,,,,,,,,,,,,,,,,,,,,,,,,,,
2012-10-13 04:00:00,989.8,20.7,58,1.2,37.0,,,0.0,,,,,,,,,,,,,,,,,,,,,,,,,,,,
2012-10-13 05:00:00,990.1,20.4,61,1.1,36.0,,,0.0,,,,,,,,,,,,,,,,,,,,,,,,,,,,
2012-10-13 06:00:00,990.4,20.3,60,1.1,47.0,,,0.0,,,,,,,,,,,,,,,,,,,,,,,,,,,,
2012-10-13 07:00:00,991.0,21.0,57,0.9,38.0,,,0.0,,,,,,,,,,,,,,,,,,,,,,,,,,,,
2012-10-13 08:00:00,991.4,23.3,48,1.2,30.0,,,0.0,,,,,,,,,,,,,,,,,,,,,,,,,,,,
2012-10-13 09:00:00,991.7,25.2,46,1.3,360.0,,,0.0,,,,,,,,,,,,,,,,,,,,,,,,,,,,
2012-10-13 10:00:00,991.7,26.2,45,1.4,332.0,,,0.0,,,,,,,,,,,,,,,,,,,,,,,,,,,,
2012-10-13 11:00:00,991.3,27.4,44,1.4,351.0,,,0.0,,,,,,,,,,,,,,,,,,,,,,,,,,,,
2012-10-13 12:00:00,990.5,28.4,44,1.3,339.0,,,0.0,,,,,,,,,,,,,,,,,,,,,,,,,,,,
2012-10-13 13:00:00,990.0,28.3,50,1.6,352.0,,,0.0,,,,,,,,,,,,,,,,,,,,,,,,,,,,
2012-10-13 14:00:00,989.5,27.8,52,1.9,318.0,,,0.0,,,,,,,,,,,,,,,,,,,,,,,,,,,,
2012-10-13 15:00:00,989.1,27.8,52,1.5,336.0,,,0.0,,,,,,,,,,,,,,,,,,,,,,,,,,,,
2012-10-13 16:00:00,989.6,26.7,54,1.9,37.0,,,0.0,,,,,,,,,,,,,,,,,,,,,,,,,,,,
2012-10-13 17:00:00,989.9,25.4,56,1.4,11.0,,,0.0,,,,,,,,,,,,,,,,,,,,,,,,,,,,
2012-10-13 18:00:00,990.5,24.2,60,1.5,35.0,,,0.0,,,,,,,,,,,,,,,,,,,,,,,,,,,,
2012-10-13 19:00:00,991.1,23.6,65,1.2,30.0,,,0.0,,,,,,,,,,,,,,,,,,,,,,,,,,,,
2012-10-13 20:00:00,991.6,23.3,66,1.0,46.0,,,0.0,,,,,,,,,,,,,,,,,,,,,,,,,,,,
2012-10-13 21:00:00,991.9,22.8,70,1.0,45.0,,,0.0,,,,,,,,,,,,,,,,,,,,,,,,,,,,
2012-10-13 22:00:00,992.0,22.3,72,1.0,32.0,,,0.0,,,,,,,,,,,,,,,,,,,,,,,,,,,,
2012-10-13 23:00:00,991.7,21.8,76,0.4,359.0,,,0.0,,,,,,,,,,,,,,,,,,,,,,,,,,,,
2012-10-14 00:00:00,991.6,21.3,77,0.7,4.0,,,0.0,,,,,,,,,,,,,,,,,,,,,,,,,,,,
2012-10-14 01:00:00,991.5,21.1,77,0.8,60.0,,,0.0,,,,,,,,,,,,,,,,,,,,,,,,,,,,
2012-10-14 02:00:00,991.2,21.1,76,0.5,62.0,,,0.0,,,,,,,,,,,,,,,,,,,,,,,,,,,,
2012-10-14 03:00:00,991.4,20.9,72,0.5,57.0,,,0.0,,,,,,,,,,,,,,,,,,,,,,,,,,,,
2012-10-14 04:00:00,991.0,20.8,69,0.9,39.0,,,0.0,,,,,,,,,,,,,,,,,,,,,,,,,,,,
2012-10-14 05:00:00,991.5,21.1,66,0.9,35.0,,,0.0,,,,,,,,,,,,,,,,,,,,,,,,,,,,
2012-10-14 06:00:00,991.7,20.8,66,0.8,52.0,,,0.0,,,,,,,,,,,,,,,,,,,,,,,,,,,,
2012-10-14 07:00:00,992.1,21.8,60,1.1,49.0,,,0.0,,,,,,,,,,,,,,,,,,,,,,,,,,,,
2012-10-14 08:00:00,992.9,24.0,51,1.2,29.0,,,0.0,,,,,,,,,,,,,,,,,,,,,,,,,,,,
2012-10-14 09:00:00,993.4,25.7,49,1.3,33.0,,,0.0,,,,,,,,,,,,,,,,,,,,,,,,,,,,
2012-10-14 10:00:00,993.6,27.0,51,1.3,63.0,,,0.0,,,,,,,,,,,,,,,,,,,,,,,,,,,,
2012-10-14 11:00:00,992.9,27.9,48,1.2,309.0,,,0.0,,,,,,,,,,,,,,,,,,,,,,,,,,,,
2012-10-14 12:00:00,992.1,28.5,45,1.4,321.0,,,0.0,,,,,,,,,,,,,,,,,,,,,,,,,,,,
2012-10-14 13:00:00,991.4,27.9,55,1.6,312.0,,,0.0,,,,,,,,,,,,,,,,,,,,,,,,,,,,
2012-10-14 14:00:00,990.6,28.1,56,1.9,308.0,,,0.0,,,,,,,,,,,,,,,,,,,,,,,,,,,,
2012-10-14 15:00:00,990.4,27.6,59,1.3,334.0,,,0.0,,,,,,,,,,,,,,,,,,,,,,,,,,,,
2012-10-14 16:00:00,990.7,27.2,62,1.4,336.0,,,0.0,,,,,,,,,,,,,,,,,,,,,,,,,,,,
2012-10-14 17:00:00,990.9,26.0,64,1.2,3.0,,,0.0,,,,,,,,,,,,,,,,,,,,,,,,,,,,
2012-10-14 18:00:00,991.2,24.9,67,1.4,40.0,,,0.0,,,,,,,,,,,,,,,,,,,,,,,,,,,,
2012-10-14 19:00:00,992.0,24.1,70,1.1,41.0,,,0.0,,,,,,,,,,,,,,,,,,,,,,,,,,,,
2012-10-14 20:00:00,992.6,23.4,75,0.8,320.0,,,0.0,,,,,,,,,,,,,,,,,,,,,,,,,,,,
2012-10-14 21:00:00,993.0,23.1,75,1.0,32.0,,,0.0,,,,,,,,,,,,,,,,,,,,,,,,,,,,
2012-10-14 22:00:00,993.1,23.1,74,0.9,28.0,,,0.0,,,,,,,,,,,,,,,,,,,,,,,,,,,,
2012-10-14 23:00:00,993.3,22.8,69,1.1,39.0,,,0.0,,,,,,,,,,,,,,,,,,,,,,,,,,,,
2012-10-15 00:00:00,993.1,22.5,69,1.1,39.0,,,0.0,,,,,,,,,,,,,,,,,,,,,,,,,,,,
2012-10-15 01:00:00,992.7,22.1,68,0.7,56.0,,,0.0,,,,,,,,,,,,,,,,,,,,,,,,,,,,
2012-10-15 02:00:00,992.7,21.7,68,0.5,53.0,,,0.0,,,,,,,,,,,,,,,,,,,,,,,,,,,,
2012-10-15 03:00:00,992.5,21.7,67,0.8,41.0,,,0.0,,,,,,,,,,,,,,,,,,,,,,,,,,,,
2012-10-15 04:00:00,992.5,21.1,70,0.6,29.0,,,0.0,,,,,,,,,,,,,,,,,,,,,,,,,,,,
2012-10-15 05:00:00,993.0,20.8,73,0.4,319.0,,,0.0,,,,,,,,,,,,,,,,,,,,,,,,,,,,
2012-10-15 06:00:00,993.9,21.2,71,0.7,322.0,,,0.0,,,,,,,,,,,,,,,,,,,,,,,,,,,,
2012-10-15 07:00:00,994.2,21.9,69,1.0,54.0,,,0.0,,,,,,,,,,,,,,,,,,,,,,,,,,,,
2012-10-15 08:00:00,994.9,23.7,58,1.2,10.0,,,0.0,,,,,,,,,,,,,,,,,,,,,,,,,,,,
2012-10-15 09:00:00,995.0,26.0,49,1.4,21.0,,,0.0,,,,,,,,,,,,,,,,,,,,,,,,,,,,
2012-10-15 10:00:00,995.1,27.2,50,1.4,33.0,,,0.0,,,,,,,,,,,,,,,,,,,,,,,,,,,,
2012-10-15 11:00:00,994.3,28.9,49,1.4,43.0,,,0.0,,,,,,,,,,,,,,,,,,,,,,,,,,,,
2012-10-15 12:00:00,993.7,29.0,48,1.7,39.0,,,0.0,,,,,,,,,,,,,,,,,,,,,,,,,,,,
2012-10-15 13:00:00,993.1,28.0,57,1.5,320.0,,,0.0,,,,,,,,,,,,,,,,,,,,,,,,,,,,
2012-10-15 14:00:00,992.5,27.8,58,1.6,322.0,,,0.0,,,,,,,,,,,,,,,,,,,,,,,,,,,,
2012-10-15 15:00:00,992.4,27.4,57,1.6,1.0,,,0.0,,,,,,,,,,,,,,,,,,,,,,,,,,,,
2012-10-15 16:00:00,992.5,26.4,59,1.6,12.0,,,0.0,,,,,,,,,,,,,,,,,,,,,,,,,,,,
2012-10-15 17:00:00,992.7,25.0,60,1.7,35.0,,,0.0,,,,,,,,,,,,,,,,,,,,,,,,,,,,
2012-10-15 18:00:00,992.8,24.0,58,1.3,25.0,,,0.0,,,,,,,,,,,,,,,,,,,,,,,,,,,,
2012-10-15 19:00:00,993.3,23.3,63,1.6,35.0,,,0.0,,,,,,,,,,,,,,,,,,,,,,,,,,,,
2012-10-15 20:00:00,993.6,22.8,66,1.4,39.0,,,0.0,,,,,,,,,,,,,,,,,,,,,,,,,,,,
2012-10-15 21:00:00,993.8,22.5,62,1.4,28.0,,,0.0,,,,,,,,,,,,,,,,,,,,,,,,,,,,
2012-10-15 22:00:00,994.2,22.2,63,0.9,26.0,,,0.0,,,,,,,,,,,,,,,,,,,,,,,,,,,,
2012-10-15 23:00:00,994.2,22.1,60,0.9,24.0,,,0.0,,,,,,,,,,,,,,,,,,,,,,,,,,,,
2012-10-16 00:00:00,993.9,22.3,56,1.0,28.0,,,0.0,,,,,,,,,,,,,,,,,,,,,,,,,,,,
2012-10-16 01:00:00,993.4,22.0,57,1.2,44.0,,,0.0,,,,,,,,,,,,,,,,,,,,,,,,,,,,
2012-10-16 02:00:00,993.0,21.8,58,1.1,34.0,,,0.0,,,,,,,,,,,,,,,,,,,,,,,,,,,,
2012-10-16 03:00:00,992.7,21.4,60,0.9,40.0,,,0.0,,,,,,,,,,,,,,,,,,,,,,,,,,,,
2012-10-16 04:00:00,992.4,21.3,62,0.9,36.0,,,0.0,,,,,,,,,,,,,,,,,,,,,,,,,,,,
2012-10-16 05:00:00,992.5,21.1,63,0.8,40.0,,,0.0,,,,,,,,,,,,,,,,,,,,,,,,,,,,
2012-10-16 06:00:00,992.8,21.2,61,0.9,32.0,,,0.0,,,,,,,,,,,,,,,,,,,,,,,,,,,,
2012-10-16 07:00:00,993.0,21.9,60,0.9,43.0,,,0.0,,,,,,,,,,,,,,,,,,,,,,,,,,,,
2012-10-16 08:00:00,993.4,23.5,57,1.1,29.0,,,0.0,,,,,,,,,,,,,,,,,,,,,,,,,,,,
2012-10-16 09:00:00,993.7,24.8,53,1.1,29.0,,,0.0,,,,,,,,,,,,,,,,,,,,,,,,,,,,
2012-10-16 10:00:00,993.6,25.5,53,0.8,55.0,,,-999.6,,,,,,,,,,,,,,,,,,,,,,,,,,,,
2012-10-16 11:00:00,993.1,26.4,53,1.0,41.0,,,0.0,,,,,,,,,,,,,,,,,,,,,,,,,,,,
2012-10-16 12:00:00,992.4,27.4,52,0.8,29.0,,,0.0,,,,,,,,,,,,,,,,,,,,,,,,,,,,
2012-10-16 13:00:00,991.5,28.1,52,0.7,340.0,,,0.0,,,,,,,,,,,,,,,,,,,,,,,,,,,,
2012-10-16 14:00:00,991.0,28.1,57,1.4,323.0,,,0.0,,,,,,,,,,,,,,,,,,,,,,,,,,,,
2012-10-16 15:00:00,990.5,27.6,59,1.5,8.0,,,0.0,,,,,,,,,,,,,,,,,,,,,,,,,,,,
2012-10-16 16:00:00,990.6,26.3,64,1.3,342.0,,,0.0,,,,,,,,,,,,,,,,,,,,,,,,,,,,
2012-10-16 17:00:00,990.8,24.8,72,1.1,338.0,,,0.0,,,,,,,,,,,,,,,,,,,,,,,,,,,,
2012-10-16 18:00:00,991.1,23.5,79,1.0,335.0,,,0.0,,,,,,,,,,,,,,,,,,,,,,,,,,,,
2012-10-16 19:00:00,991.7,23.4,78,1.0,31.0,,,0.0,,,,,,,,,,,,,,,,,,,,,,,,,,,,
2012-10-16 20:00:00,992.1,23.1,77,1.1,41.0,,,0.0,,,,,,,,,,,,,,,,,,,,,,,,,,,,
2012-10-16 21:00:00,992.4,23.0,78,0.7,41.0,,,0.0,,,,,,,,,,,,,,,,,,,,,,,,,,,,
2012-10-16 22:00:00,992.5,22.1,83,0.9,16.0,,,0.0,,,,,,,,,,,,,,,,,,,,,,,,,,,,
2012-10-16 23:00:00,992.7,21.9,82,0.8,26.0,,,0.0,,,,,,,,,,,,,,,,,,,,,,,,,,,,
2012-10-17 00:00:00,992.4,21.5,82,0.7,41.0,,,-999.6,,,,,,,,,,,,,,,,,,,,,,,,,,,,
2012-10-17 01:00:00,992.0,20.8,82,0.8,76.0,,,0.0,,,,,,,,,,,,,,,,,,,,,,,,,,,,
2012-10-17 02:00:00,991.1,21.8,72,0.7,22.0,,,0.0,,,,,,,,,,,,,,,,,,,,,,,,,,,,
2012-10-17 03:00:00,990.5,21.6,73,0.9,40.0,,,0.0,,,,,,,,,,,,,,,,,,,,,,,,,,,,
2012-10-17 04:00:00,990.4,21.1,73,1.0,42.0,,,0.0,,,,,,,,,,,,,,,,,,,,,,,,,,,,
2012-10-17 05:00:00,990.4,20.8,71,0.7,315.0,,,0.0,,,,,,,,,,,,,,,,,,,,,,,,,,,,
2012-10-17 06:00:00,990.6,20.4,73,0.8,312.0,,,0.0,,,,,,,,,,,,,,,,,,,,,,,,,,,,
2012-10-17 07:00:00,991.4,21.0,72,0.9,66.0,,,0.0,,,,,,,,,,,,,,,,,,,,,,,,,,,,
2012-10-17 08:00:00,991.8,24.2,57,1.1,49.0,,,0.0,,,,,,,,,,,,,,,,,,,,,,,,,,,,
2012-10-17 09:00:00,992.0,25.9,51,1.6,45.0,,,0.0,,,,,,,,,,,,,,,,,,,,,,,,,,,,
2012-10-17 10:00:00,991.9,27.6,45,1.9,32.0,,,0.0,,,,,,,,,,,,,,,,,,,,,,,,,,,,
2012-10-17 11:00:00,991.4,28.1,41,2.0,36.0,,,0.0,,,,,,,,,,,,,,,,,,,,,,,,,,,,
2012-10-17 12:00:00,990.8,28.7,40,2.1,26.0,,,0.0,,,,,,,,,,,,,,,,,,,,,,,,,,,,
2012-10-17 13:00:00,990.2,28.3,44,2.0,26.0,,,0.0,,,,,,,,,,,,,,,,,,,,,,,,,,,,
2012-10-17 14:00:00,990.1,27.2,45,2.1,23.0,,,0.0,,,,,,,,,,,,,,,,,,,,,,,,,,,,
2012-10-17 15:00:00,990.0,27.0,46,1.8,34.0,,,0.0,,,,,,,,,,,,,,,,,,,,,,,,,,,,
2012-10-17 16:00:00,990.3,26.3,48,1.9,35.0,,,0.0,,,,,,,,,,,,,,,,,,,,,,,,,,,,
2012-10-17 17:00:00,991.1,23.5,64,2.1,36.0,,,0.0,,,,,,,,,,,,,,,,,,,,,,,,,,,,
2012-10-17 18:00:00,992.0,22.5,67,1.5,28.0,,,0.0,,,,,,,,,,,,,,,,,,,,,,,,,,,,
2012-10-17 19:00:00,992.7,22.1,65,1.3,40.0,,,0.0,,,,,,,,,,,,,,,,,,,,,,,,,,,,
2012-10-17 20:00:00,993.1,22.3,64,1.3,35.0,,,0.0,,,,,,,,,,,,,,,,,,,,,,,,,,,,
2012-10-17 21:00:00,993.9,21.7,67,1.3,23.0,,,0.0,,,,,,,,,,,,,,,,,,,,,,,,,,,,
2012-10-17 22:00:00,994.1,21.5,67,1.2,38.0,,,0.0,,,,,,,,,,,,,,,,,,,,,,,,,,,,
2012-10-17 23:00:00,994.1,21.9,57,1.2,70.0,,,0.0,,,,,,,,,,,,,,,,,,,,,,,,,,,,
2012-10-18 00:00:00,994.2,22.8,54,1.1,26.0,,,0.0,,,,,,,,,,,,,,,,,,,,,,,,,,,,
2012-10-18 01:00:00,994.1,21.7,54,0.9,30.0,,,0.0,,,,,,,,,,,,,,,,,,,,,,,,,,,,
2012-10-18 02:00:00,994.0,21.2,55,1.4,28.0,,,0.0,,,,,,,,,,,,,,,,,,,,,,,,,,,,
2012-10-18 03:00:00,993.9,20.9,55,1.2,32.0,,,0.0,,,,,,,,,,,,,,,,,,,,,,,,,,,,
2012-10-18 04:00:00,993.9,20.8,53,1.0,17.0,,,0.0,,,,,,,,,,,,,,,,,,,,,,,,,,,,
2012-10-18 05:00:00,994.2,20.7,54,1.1,16.0,,,0.0,,,,,,,,,,,,,,,,,,,,,,,,,,,,
2012-10-18 06:00:00,994.7,20.6,55,1.1,22.0,,,0.0,,,,,,,,,,,,,,,,,,,,,,,,,,,,
2012-10-18 07:00:00,995.5,20.8,54,1.1,27.0,,,0.0,,,,,,,,,,,,,,,,,,,,,,,,,,,,
2012-10-18 08:00:00,996.4,21.8,50,1.2,27.0,,,0.0,,,,,,,,,,,,,,,,,,,,,,,,,,,,
2012-10-18 09:00:00,996.8,24.1,44,1.2,19.0,,,0.0,,,,,,,,,,,,,,,,,,,,,,,,,,,,
2012-10-18 10:00:00,996.9,24.5,42,1.6,19.0,,,0.0,,,,,,,,,,,,,,,,,,,,,,,,,,,,
2012-10-18 11:00:00,996.5,25.7,39,1.4,12.0,,,0.0,,,,,,,,,,,,,,,,,,,,,,,,,,,,
2012-10-18 12:00:00,995.6,26.0,39,1.6,339.0,,,0.0,,,,,,,,,,,,,,,,,,,,,,,,,,,,
2012-10-18 13:00:00,995.1,26.0,40,1.7,24.0,,,0.0,,,,,,,,,,,,,,,,,,,,,,,,,,,,
2012-10-18 14:00:00,994.6,26.1,40,1.5,5.0,,,0.0,,,,,,,,,,,,,,,,,,,,,,,,,,,,
2012-10-18 15:00:00,994.3,25.7,42,1.2,339.0,,,0.0,,,,,,,,,,,,,,,,,,,,,,,,,,,,
2012-10-18 16:00:00,994.5,25.2,43,1.3,34.0,,,0.0,,,,,,,,,,,,,,,,,,,,,,,,,,,,
2012-10-18 17:00:00,995.0,23.9,48,1.6,46.0,,,0.0,,,,,,,,,,,,,,,,,,,,,,,,,,,,
2012-10-18 18:00:00,995.2,22.6,53,1.1,14.0,,,0.0,,,,,,,,,,,,,,,,,,,,,,,,,,,,
2012-10-18 19:00:00,995.6,22.0,54,1.3,40.0,,,0.0,,,,,,,,,,,,,,,,,,,,,,,,,,,,
2012-10-18 20:00:00,996.5,21.2,57,1.0,23.0,,,0.0,,,,,,,,,,,,,,,,,,,,,,,,,,,,
2012-10-18 21:00:00,996.9,20.8,60,0.9,30.0,,,0.0,,,,,,,,,,,,,,,,,,,,,,,,,,,,
2012-10-18 22:00:00,997.1,20.3,63,0.7,28.0,,,0.0,,,,,,,,,,,,,,,,,,,,,,,,,,,,
2012-10-18 23:00:00,996.9,19.9,66,0.5,3.0,,,0.0,,,,,,,,,,,,,,,,,,,,,,,,,,,,
2012-10-19 00:00:00,996.9,19.5,68,0.6,325.0,,,0.0,,,,,,,,,,,,,,,,,,,,,,,,,,,,
2012-10-19 01:00:00,996.8,19.9,68,0.2,0.0,,,0.0,,,,,,,,,,,,,,,,,,,,,,,,,,,,
2012-10-19 02:00:00,996.6,20.5,66,0.5,85.0,,,0.0,,,,,,,,,,,,,,,,,,,,,,,,,,,,
2012-10-19 03:00:00,996.4,20.5,68,0.2,0.0,,,0.0,,,,,,,,,,,,,,,,,,,,,,,,,,,,
2012-10-19 04:00:00,996.3,20.1,70,0.8,316.0,,,0.0,,,,,,,,,,,,,,,,,,,,,,,,,,,,
2012-10-19 05:00:00,996.8,20.6,70,0.0,0.0,,,0.0,,,,,,,,,,,,,,,,,,,,,,,,,,,,
2012-10-19 06:00:00,997.4,20.8,70,0.3,307.0,,,0.0,,,,,,,,,,,,,,,,,,,,,,,,,,,,
2012-10-19 07:00:00,997.7,21.5,68,0.3,91.0,,,0.0,,,,,,,,,,,,,,,,,,,,,,,,,,,,
2012-10-19 08:00:00,998.1,24.1,60,0.4,248.0,,,0.0,,,,,,,,,,,,,,,,,,,,,,,,,,,,
2012-10-19 09:00:00,998.3,25.1,60,1.0,281.0,,,0.0,,,,,,,,,,,,,,,,,,,,,,,,,,,,
2012-10-19 10:00:00,998.4,26.3,57,1.0,287.0,,,0.0,,,,,,,,,,,,,,,,,,,,,,,,,,,,
2012-10-19 11:00:00,997.7,27.7,52,0.8,285.0,,,0.0,,,,,,,,,,,,,,,,,,,,,,,,,,,,
2012-10-19 12:00:00,996.9,28.4,47,1.0,321.0,,,0.0,,,,,,,,,,,,,,,,,,,,,,,,,,,,
2012-10-19 13:00:00,996.2,28.2,49,1.3,313.0,,,0.0,,,,,,,,,,,,,,,,,,,,,,,,,,,,
2012-10-19 14:00:00,995.6,27.8,50,1.3,306.0,,,0.0,,,,,,,,,,,,,,,,,,,,,,,,,,,,
2012-10-19 15:00:00,995.5,26.5,53,1.3,308.0,,,0.0,,,,,,,,,,,,,,,,,,,,,,,,,,,,
2012-10-19 16:00:00,995.6,26.0,55,1.1,6.0,,,0.0,,,,,,,,,,,,,,,,,,,,,,,,,,,,
2012-10-19 17:00:00,995.8,24.5,58,1.2,316.0,,,0.0,,,,,,,,,,,,,,,,,,,,,,,,,,,,
2012-10-19 18:00:00,995.9,23.5,62,0.7,339.0,,,0.0,,,,,,,,,,,,,,,,,,,,,,,,,,,,
2012-10-19 19:00:00,996.4,22.9,65,0.6,319.0,,,0.0,,,,,,,,,,,,,,,,,,,,,,,,,,,,
2012-10-19 20:00:00,996.9,23.0,65,0.8,322.0,,,0.0,,,,,,,,,,,,,,,,,,,,,,,,,,,,
2012-10-19 21:00:00,997.4,23.3,63,0.2,0.0,,,0.0,,,,,,,,,,,,,,,,,,,,,,,,,,,,
2012-10-19 22:00:00,997.5,23.5,65,0.6,247.0,,,0.0,,,,,,,,,,,,,,,,,,,,,,,,,,,,
2012-10-19 23:00:00,997.5,22.5,70,0.3,102.0,,,0.0,,,,,,,,,,,,,,,,,,,,,,,,,,,,
2012-10-20 00:00:00,997.5,21.6,73,0.3,85.0,,,0.0,,,,,,,,,,,,,,,,,,,,,,,,,,,,
2012-10-20 01:00:00,997.4,20.8,77,0.3,340.0,,,0.0,,,,,,,,,,,,,,,,,,,,,,,,,,,,
2012-10-20 02:00:00,996.9,20.7,78,0.2,0.0,,,0.0,,,,,,,,,,,,,,,,,,,,,,,,,,,,
2012-10-20 03:00:00,996.8,20.4,80,0.5,59.0,,,0.0,,,,,,,,,,,,,,,,,,,,,,,,,,,,
2012-10-20 04:00:00,996.8,20.3,80,0.4,67.0,,,0.0,,,,,,,,,,,,,,,,,,,,,,,,,,,,
2012-10-20 05:00:00,997.3,19.7,84,0.3,68.0,,,0.0,,,,,,,,,,,,,,,,,,,,,,,,,,,,
2012-10-20 06:00:00,998.0,20.1,83,0.5,66.0,,,0.0,,,,,,,,,,,,,,,,,,,,,,,,,,,,
2012-10-20 07:00:00,998.3,21.5,76,0.4,51.0,,,0.0,,,,,,,,,,,,,,,,,,,,,,,,,,,,
2012-10-20 08:00:00,998.7,24.4,63,0.6,81.0,,,0.0,,,,,,,,,,,,,,,,,,,,,,,,,,,,
2012-10-20 09:00:00,998.8,25.9,57,0.5,89.0,,,0.0,,,,,,,,,,,,,,,,,,,,,,,,,,,,
2012-10-20 10:00:00,998.8,27.0,52,0.6,287.0,,,0.0,,,,,,,,,,,,,,,,,,,,,,,,,,,,
2012-10-20 11:00:00,998.0,26.6,53,0.8,305.0,,,0.0,,,,,,,,,,,,,,,,,,,,,,,,,,,,
2012-10-20 12:00:00,996.9,27.9,46,0.7,227.0,,,0.0,,,,,,,,,,,,,,,,,,,,,,,,,,,,
2012-10-20 13:00:00,996.4,27.0,57,1.1,308.0,,,0.0,,,,,,,,,,,,,,,,,,,,,,,,,,,,
2012-10-20 14:00:00,995.6,26.5,56,0.9,318.0,,,0.0,,,,,,,,,,,,,,,,,,,,,,,,,,,,
2012-10-20 15:00:00,995.3,26.6,54,1.2,309.0,,,0.0,,,,,,,,,,,,,,,,,,,,,,,,,,,,
2012-10-20 16:00:00,995.2,25.6,54,1.1,304.0,,,0.0,,,,,,,,,,,,,,,,,,,,,,,,,,,,
2012-10-20 17:00:00,995.6,24.8,55,0.8,317.0,,,0.0,,,,,,,,,,,,,,,,,,,,,,,,,,,,
2012-10-20 18:00:00,995.6,23.8,59,0.5,8.0,,,0.0,,,,,,,,,,,,,,,,,,,,,,,,,,,,
2012-10-20 19:00:00,996.2,23.7,60,0.7,316.0,,,0.0,,,,,,,,,,,,,,,,,,,,,,,,,,,,
2012-10-20 20:00:00,996.7,23.8,62,0.2,0.0,,,0.0,,,,,,,,,,,,,,,,,,,,,,,,,,,,
2012-10-20 21:00:00,996.9,23.7,63,0.2,0.0,,,0.0,,,,,,,,,,,,,,,,,,,,,,,,,,,,
2012-10-20 22:00:00,996.9,23.7,64,0.5,79.0,,,0.0,,,,,,,,,,,,,,,,,,,,,,,,,,,,
2012-10-20 23:00:00,997.1,23.1,69,0.5,221.0,,,0.0,,,,,,,,,,,,,,,,,,,,,,,,,,,,
2012-10-21 00:00:00,997.1,22.3,73,0.7,76.0,,,0.0,,,,,,,,,,,,,,,,,,,,,,,,,,,,
2012-10-21 01:00:00,996.6,22.0,72,0.6,75.0,,,0.0,,,,,,,,,,,,,,,,,,,,,,,,,,,,
2012-10-21 02:00:00,996.4,22.3,71,0.4,59.0,,,0.0,,,,,,,,,,,,,,,,,,,,,,,,,,,,
2012-10-21 03:00:00,996.3,22.6,70,0.2,0.0,,,0.0,,,,,,,,,,,,,,,,,,,,,,,,,,,,
2012-10-21 04:00:00,996.2,22.3,72,0.2,0.0,,,0.0,,,,,,,,,,,,,,,,,,,,,,,,,,,,
2012-10-21 05:00:00,996.7,21.9,74,0.5,71.0,,,0.0,,,,,,,,,,,,,,,,,,,,,,,,,,,,
2012-10-21 06:00:00,996.9,20.9,80,0.4,65.0,,,0.0,,,,,,,,,,,,,,,,,,,,,,,,,,,,
2012-10-21 07:00:00,997.5,22.1,75,0.3,89.0,,,0.0,,,,,,,,,,,,,,,,,,,,,,,,,,,,
2012-10-21 08:00:00,998.5,23.5,68,0.5,205.0,,,0.0,,,,,,,,,,,,,,,,,,,,,,,,,,,,
2012-10-21 09:00:00,998.7,25.0,60,0.7,36.0,,,0.0,,,,,,,,,,,,,,,,,,,,,,,,,,,,
2012-10-21 10:00:00,998.9,26.1,54,0.7,222.0,,,0.0,,,,,,,,,,,,,,,,,,,,,,,,,,,,
2012-10-21 11:00:00,998.3,26.6,52,0.9,311.0,,,0.0,,,,,,,,,,,,,,,,,,,,,,,,,,,,
2012-10-21 12:00:00,997.2,27.3,50,1.0,245.0,,,0.0,,,,,,,,,,,,,,,,,,,,,,,,,,,,
2012-10-21 13:00:00,996.7,28.7,45,1.1,258.0,,,0.0,,,,,,,,,,,,,,,,,,,,,,,,,,,,
2012-10-21 14:00:00,996.2,27.8,53,1.1,316.0,,,0.0,,,,,,,,,,,,,,,,,,,,,,,,,,,,
2012-10-21 15:00:00,996.1,26.4,57,0.9,313.0,,,0.0,,,,,,,,,,,,,,,,,,,,,,,,,,,,
2012-10-21 16:00:00,995.9,25.9,61,1.1,310.0,,,0.0,,,,,,,,,,,,,,,,,,,,,,,,,,,,
2012-10-21 17:00:00,996.2,24.8,66,1.1,312.0,,,0.0,,,,,,,,,,,,,,,,,,,,,,,,,,,,
2012-10-21 18:00:00,996.4,23.7,73,0.8,330.0,,,0.0,,,,,,,,,,,,,,,,,,,,,,,,,,,,
2012-10-21 19:00:00,996.9,23.1,76,0.7,304.0,,,0.0,,,,,,,,,,,,,,,,,,,,,,,,,,,,
2012-10-21 20:00:00,997.7,22.8,76,0.7,324.0,,,0.0,,,,,,,,,,,,,,,,,,,,,,,,,,,,
2012-10-21 21:00:00,997.5,22.7,78,0.4,47.0,,,0.0,,,,,,,,,,,,,,,,,,,,,,,,,,,,
2012-10-21 22:00:00,997.5,22.7,78,0.6,90.0,,,0.0,,,,,,,,,,,,,,,,,,,,,,,,,,,,
2012-10-21 23:00:00,997.1,23.0,76,0.6,73.0,,,0.0,,,,,,,,,,,,,,,,,,,,,,,,,,,,
2012-10-22 00:00:00,996.9,23.3,75,0.1,0.0,,,-999.6,,,,,,,,,,,,,,,,,,,,,,,,,,,,
2012-10-22 01:00:00,996.4,22.3,80,0.5,323.0,,,0.0,,,,,,,,,,,,,,,,,,,,,,,,,,,,
2012-10-22 02:00:00,995.9,21.8,83,0.0,0.0,,,0.0,,,,,,,,,,,,,,,,,,,,,,,,,,,,
2012-10-22 03:00:00,996.2,20.8,87,0.0,0.0,,,0.0,,,,,,,,,,,,,,,,,,,,,,,,,,,,
2012-10-22 04:00:00,995.6,20.5,86,0.3,102.0,,,0.0,,,,,,,,,,,,,,,,,,,,,,,,,,,,
2012-10-22 05:00:00,995.7,20.0,85,0.1,0.0,,,0.0,,,,,,,,,,,,,,,,,,,,,,,,,,,,
2012-10-22 06:00:00,996.1,19.6,81,0.2,0.0,,,-999.6,,,,,,,,,,,,,,,,,,,,,,,,,,,,
2012-10-22 07:00:00,996.3,20.9,70,0.4,42.0,,,0.0,,,,,,,,,,,,,,,,,,,,,,,,,,,,
2012-10-22 08:00:00,996.8,24.1,64,0.6,276.0,,,0.0,,,,,,,,,,,,,,,,,,,,,,,,,,,,
2012-10-22 09:00:00,997.6,25.9,58,0.7,315.0,,,0.0,,,,,,,,,,,,,,,,,,,,,,,,,,,,
2012-10-22 10:00:00,997.5,27.6,54,0.8,313.0,,,0.0,,,,,,,,,,,,,,,,,,,,,,,,,,,,
2012-10-22 11:00:00,996.9,27.8,51,1.1,318.0,,,0.0,,,,,,,,,,,,,,,,,,,,,,,,,,,,
2012-10-22 12:00:00,996.1,28.1,55,1.2,319.0,,,0.0,,,,,,,,,,,,,,,,,,,,,,,,,,,,
2012-10-22 13:00:00,995.5,28.6,51,1.1,341.0,,,0.0,,,,,,,,,,,,,,,,,,,,,,,,,,,,
2012-10-22 14:00:00,994.7,28.8,51,0.9,305.0,,,0.0,,,,,,,,,,,,,,,,,,,,,,,,,,,,
2012-10-22 15:00:00,994.4,27.9,55,1.1,300.0,,,0.0,,,,,,,,,,,,,,,,,,,,,,,,,,,,
2012-10-22 16:00:00,994.5,27.4,58,1.2,316.0,,,0.0,,,,,,,,,,,,,,,,,,,,,,,,,,,,
2012-10-22 17:00:00,994.7,25.8,69,0.7,297.0,,,0.0,,,,,,,,,,,,,,,,,,,,,,,,,,,,
2012-10-22 18:00:00,994.9,24.2,79,0.8,304.0,,,0.0,,,,,,,,,,,,,,,,,,,,,,,,,,,,
2012-10-22 19:00:00,995.3,23.9,79,0.7,63.0,,,0.0,,,,,,,,,,,,,,,,,,,,,,,,,,,,
2012-10-22 20:00:00,995.8,23.6,63,0.4,89.0,,,0.0,,,,,,,,,,,,,,,,,,,,,,,,,,,,
2012-10-22 21:00:00,995.9,23.3,70,0.3,334.0,,,0.0,,,,,,,,,,,,,,,,,,,,,,,,,,,,
2012-10-22 22:00:00,995.9,22.3,70,0.3,52.0,,,0.0,,,,,,,,,,,,,,,,,,,,,,,,,,,,
2012-10-22 23:00:00,995.3,21.9,72,0.3,59.0,,,0.0,,,,,,,,,,,,,,,,,,,,,,,,,,,,
2012-10-23 00:00:00,995.0,21.3,72,0.5,67.0,,,0.0,,,,,,,,,,,,,,,,,,,,,,,,,,,,
2012-10-23 01:00:00,994.5,21.3,72,0.6,68.0,,,0.0,,,,,,,,,,,,,,,,,,,,,,,,,,,,
2012-10-23 02:00:00,993.9,20.7,75,0.5,85.0,,,0.0,,,,,,,,,,,,,,,,,,,,,,,,,,,,
2012-10-23 03:00:00,994.0,20.8,76,0.6,307.0,,,0.0,,,,,,,,,,,,,,,,,,,,,,,,,,,,
2012-10-23 04:00:00,993.9,19.7,76,0.5,69.0,,,0.0,,,,,,,,,,,,,,,,,,,,,,,,,,,,
2012-10-23 05:00:00,994.3,19.5,79,0.1,0.0,,,0.0,,,,,,,,,,,,,,,,,,,,,,,,,,,,
2012-10-23 06:00:00,994.9,19.8,71,0.3,60.0,,,0.0,,,,,,,,,,,,,,,,,,,,,,,,,,,,
2012-10-23 07:00:00,995.2,20.5,69,0.6,62.0,,,0.0,,,,,,,,,,,,,,,,,,,,,,,,,,,,
2012-10-23 08:00:00,995.8,23.7,53,0.7,60.0,,,0.0,,,,,,,,,,,,,,,,,,,,,,,,,,,,
2012-10-23 09:00:00,995.5,26.0,46,0.6,7.0,,,0.0,,,,,,,,,,,,,,,,,,,,,,,,,,,,
2012-10-23 10:00:00,995.6,25.8,65,1.3,301.0,,,0.0,,,,,,,,,,,,,,,,,,,,,,,,,,,,
2012-10-23 11:00:00,994.6,26.5,57,1.0,308.0,,,0.0,,,,,,,,,,,,,,,,,,,,,,,,,,,,
2012-10-23 12:00:00,993.7,26.6,64,1.3,305.0,,,0.0,,,,,,,,,,,,,,,,,,,,,,,,,,,,
2012-10-23 13:00:00,993.1,27.7,58,1.5,315.0,,,0.0,,,,,,,,,,,,,,,,,,,,,,,,,,,,
2012-10-23 14:00:00,992.7,28.1,56,1.3,337.0,,,0.0,,,,,,,,,,,,,,,,,,,,,,,,,,,,
2012-10-23 15:00:00,992.6,27.6,58,1.1,343.0,,,0.0,,,,,,,,,,,,,,,,,,,,,,,,,,,,
2012-10-23 16:00:00,992.9,26.7,60,1.2,17.0,,,0.0,,,,,,,,,,,,,,,,,,,,,,,,,,,,
2012-10-23 17:00:00,993.2,25.0,66,1.1,37.0,,,0.0,,,,,,,,,,,,,,,,,,,,,,,,,,,,
2012-10-23 18:00:00,993.5,23.7,72,1.0,45.0,,,0.0,,,,,,,,,,,,,,,,,,,,,,,,,,,,
2012-10-23 19:00:00,994.0,22.8,75,0.8,344.0,,,0.0,,,,,,,,,,,,,,,,,,,,,,,,,,,,
2012-10-23 20:00:00,994.4,22.8,75,0.9,36.0,,,0.0,,,,,,,,,,,,,,,,,,,,,,,,,,,,
2012-10-23 21:00:00,994.7,22.3,78,0.6,360.0,,,0.0,,,,,,,,,,,,,,,,,,,,,,,,,,,,
2012-10-23 22:00:00,994.7,22.6,77,0.6,72.0,,,0.0,,,,,,,,,,,,,,,,,,,,,,,,,,,,
2012-10-23 23:00:00,994.8,21.8,81,0.0,0.0,,,-999.6,,,,,,,,,,,,,,,,,,,,,,,,,,,,
2012-10-24 00:00:00,994.7,21.8,83,0.2,0.0,,,0.0,,,,,,,,,,,,,,,,,,,,,,,,,,,,
2012-10-24 01:00:00,994.6,21.6,83,0.1,0.0,,,0.0,,,,,,,,,,,,,,,,,,,,,,,,,,,,
2012-10-24 02:00:00,994.2,21.8,83,0.4,320.0,,,0.0,,,,,,,,,,,,,,,,,,,,,,,,,,,,
2012-10-24 03:00:00,993.7,21.7,83,0.2,0.0,,,0.0,,,,,,,,,,,,,,,,,,,,,,,,,,,,
2012-10-24 04:00:00,994.0,20.7,86,0.8,327.0,,,0.0,,,,,,,,,,,,,,,,,,,,,,,,,,,,
2012-10-24 05:00:00,994.2,21.2,82,0.8,312.0,,,0.0,,,,,,,,,,,,,,,,,,,,,,,,,,,,
2012-10-24 06:00:00,994.7,21.5,80,0.6,59.0,,,0.0,,,,,,,,,,,,,,,,,,,,,,,,,,,,
2012-10-24 07:00:00,995.2,22.3,74,0.7,50.0,,,0.0,,,,,,,,,,,,,,,,,,,,,,,,,,,,
2012-10-24 08:00:00,995.6,25.3,57,0.7,45.0,,,0.0,,,,,,,,,,,,,,,,,,,,,,,,,,,,
2012-10-24 09:00:00,995.7,26.8,54,0.7,43.0,,,0.0,,,,,,,,,,,,,,,,,,,,,,,,,,,,
2012-10-24 10:00:00,995.7,27.8,54,1.0,317.0,,,0.0,,,,,,,,,,,,,,,,,,,,,,,,,,,,
2012-10-24 11:00:00,994.9,28.3,54,1.2,297.0,,,0.0,,,,,,,,,,,,,,,,,,,,,,,,,,,,
2012-10-24 12:00:00,993.9,29.4,50,1.3,311.0,,,0.0,,,,,,,,,,,,,,,,,,,,,,,,,,,,
2012-10-24 13:00:00,993.3,29.0,54,1.2,305.0,,,0.0,,,,,,,,,,,,,,,,,,,,,,,,,,,,
2012-10-24 14:00:00,992.6,28.9,55,1.3,302.0,,,0.0,,,,,,,,,,,,,,,,,,,,,,,,,,,,
2012-10-24 15:00:00,992.5,28.8,55,1.0,358.0,,,0.0,,,,,,,,,,,,,,,,,,,,,,,,,,,,
2012-10-24 16:00:00,992.9,26.7,67,1.2,341.0,,,0.0,,,,,,,,,,,,,,,,,,,,,,,,,,,,
2012-10-24 17:00:00,993.2,26.0,69,1.0,338.0,,,0.0,,,,,,,,,,,,,,,,,,,,,,,,,,,,
2012-10-24 18:00:00,993.4,25.3,73,0.8,308.0,,,0.0,,,,,,,,,,,,,,,,,,,,,,,,,,,,
2012-10-24 19:00:00,994.0,25.4,70,0.8,44.0,,,0.0,,,,,,,,,,,,,,,,,,,,,,,,,,,,
2012-10-24 20:00:00,994.6,24.9,69,0.5,65.0,,,0.0,,,,,,,,,,,,,,,,,,,,,,,,,,,,
2012-10-24 21:00:00,994.7,24.6,70,0.6,65.0,,,0.0,,,,,,,,,,,,,,,,,,,,,,,,,,,,
2012-10-24 22:00:00,995.0,24.0,75,0.3,253.0,,,0.0,,,,,,,,,,,,,,,,,,,,,,,,,,,,
2012-10-24 23:00:00,995.2,23.4,77,0.5,80.0,,,0.0,,,,,,,,,,,,,,,,,,,,,,,,,,,,
2012-10-25 00:00:00,994.8,22.9,81,0.6,81.0,,,0.0,,,,,,,,,,,,,,,,,,,,,,,,,,,,
2012-10-25 01:00:00,994.5,22.8,81,0.4,76.0,,,0.0,,,,,,,,,,,,,,,,,,,,,,,,,,,,
2012-10-25 02:00:00,994.3,22.2,81,0.2,0.0,,,0.0,,,,,,,,,,,,,,,,,,,,,,,,,,,,
2012-10-25 03:00:00,994.3,22.0,80,0.4,80.0,,,0.0,,,,,,,,,,,,,,,,,,,,,,,,,,,,
2012-10-25 04:00:00,994.3,21.4,83,0.4,70.0,,,0.0,,,,,,,,,,,,,,,,,,,,,,,,,,,,
2012-10-25 05:00:00,994.3,20.9,86,0.0,0.0,,,0.0,,,,,,,,,,,,,,,,,,,,,,,,,,,,
2012-10-25 06:00:00,995.1,20.9,86,0.3,78.0,,,0.0,,,,,,,,,,,,,,,,,,,,,,,,,,,,
2012-10-25 07:00:00,995.2,21.7,84,0.5,59.0,,,0.0,,,,,,,,,,,,,,,,,,,,,,,,,,,,
2012-10-25 08:00:00,995.5,25.3,66,0.2,0.0,,,0.0,,,,,,,,,,,,,,,,,,,,,,,,,,,,
2012-10-25 09:00:00,995.9,26.2,62,0.9,246.0,,,0.0,,,,,,,,,,,,,,,,,,,,,,,,,,,,
2012-10-25 10:00:00,995.8,29.2,42,0.8,57.0,,,-999.6,,,,,,,,,,,,,,,,,,,,,,,,,,,,
2012-10-25 11:00:00,995.3,29.7,47,0.8,291.0,,,0.0,,,,,,,,,,,,,,,,,,,,,,,,,,,,
2012-10-25 12:00:00,994.3,29.5,49,1.1,289.0,,,0.0,,,,,,,,,,,,,,,,,,,,,,,,,,,,
2012-10-25 13:00:00,993.6,29.8,50,1.1,298.0,,,0.0,,,,,,,,,,,,,,,,,,,,,,,,,,,,
2012-10-25 14:00:00,993.3,29.5,53,1.1,325.0,,,-999.6,,,,,,,,,,,,,,,,,,,,,,,,,,,,
2012-10-25 15:00:00,993.3,28.6,59,0.8,345.0,,,0.0,,,,,,,,,,,,,,,,,,,,,,,,,,,,
2012-10-25 16:00:00,993.4,28.3,60,0.8,296.0,,,0.0,,,,,,,,,,,,,,,,,,,,,,,,,,,,
2012-10-25 17:00:00,993.4,27.1,68,0.6,305.0,,,0.0,,,,,,,,,,,,,,,,,,,,,,,,,,,,
2012-10-25 18:00:00,993.1,25.8,75,0.6,308.0,,,0.0,,,,,,,,,,,,,,,,,,,,,,,,,,,,
2012-10-25 19:00:00,993.7,25.5,76,0.3,62.0,,,0.0,,,,,,,,,,,,,,,,,,,,,,,,,,,,
2012-10-25 20:00:00,993.9,25.3,76,0.4,70.0,,,0.0,,,,,,,,,,,,,,,,,,,,,,,,,,,,
2012-10-25 21:00:00,994.3,25.1,76,0.3,206.0,,,0.0,,,,,,,,,,,,,,,,,,,,,,,,,,,,
2012-10-25 22:00:00,994.3,24.7,76,0.1,0.0,,,0.0,,,,,,,,,,,,,,,,,,,,,,,,,,,,
2012-10-25 23:00:00,994.1,24.9,75,0.3,244.0,,,0.0,,,,,,,,,,,,,,,,,,,,,,,,,,,,
2012-10-26 00:00:00,993.8,24.5,76,0.2,0.0,,,0.0,,,,,,,,,,,,,,,,,,,,,,,,,,,,
2012-10-26 01:00:00,993.7,24.5,75,0.2,0.0,,,0.0,,,,,,,,,,,,,,,,,,,,,,,,,,,,
2012-10-26 02:00:00,993.7,23.7,80,0.3,61.0,,,0.0,,,,,,,,,,,,,,,,,,,,,,,,,,,,
2012-10-26 03:00:00,993.3,23.2,81,0.3,77.0,,,0.0,,,,,,,,,,,,,,,,,,,,,,,,,,,,
2012-10-26 04:00:00,993.1,23.5,79,0.4,58.0,,,0.0,,,,,,,,,,,,,,,,,,,,,,,,,,,,
2012-10-26 05:00:00,993.4,23.7,78,0.5,75.0,,,-999.6,,,,,,,,,,,,,,,,,,,,,,,,,,,,
2012-10-26 06:00:00,993.9,23.5,79,0.5,54.0,,,0.0,,,,,,,,,,,,,,,,,,,,,,,,,,,,
2012-10-26 07:00:00,994.5,23.9,75,0.6,42.0,,,0.0,,,,,,,,,,,,,,,,,,,,,,,,,,,,
2012-10-26 08:00:00,994.9,26.9,55,0.7,55.0,,,0.0,,,,,,,,,,,,,,,,,,,,,,,,,,,,
2012-10-26 09:00:00,995.3,28.6,50,0.7,303.0,,,0.0,,,,,,,,,,,,,,,,,,,,,,,,,,,,
2012-10-26 10:00:00,995.2,29.1,51,0.7,286.0,,,0.0,,,,,,,,,,,,,,,,,,,,,,,,,,,,
2012-10-26 11:00:00,994.6,30.2,52,1.1,275.0,,,0.0,,,,,,,,,,,,,,,,,,,,,,,,,,,,
2012-10-26 12:00:00,993.9,30.3,55,1.1,316.0,,,0.0,,,,,,,,,,,,,,,,,,,,,,,,,,,,
2012-10-26 13:00:00,993.4,30.4,54,1.2,314.0,,,0.0,,,,,,,,,,,,,,,,,,,,,,,,,,,,
2012-10-26 14:00:00,993.0,29.8,53,1.1,310.0,,,0.0,,,,,,,,,,,,,,,,,,,,,,,,,,,,
2012-10-26 15:00:00,993.0,29.0,58,1.0,309.0,,,0.0,,,,,,,,,,,,,,,,,,,,,,,,,,,,
2012-10-26 16:00:00,993.3,28.8,57,1.0,310.0,,,0.0,,,,,,,,,,,,,,,,,,,,,,,,,,,,
2012-10-26 17:00:00,993.6,27.2,61,0.9,326.0,,,0.0,,,,,,,,,,,,,,,,,,,,,,,,,,,,
2012-10-26 18:00:00,993.6,27.2,61,0.6,315.0,,,0.0,,,,,,,,,,,,,,,,,,,,,,,,,,,,
2012-10-26 19:00:00,994.0,26.8,65,0.5,330.0,,,0.0,,,,,,,,,,,,,,,,,,,,,,,,,,,,
2012-10-26 20:00:00,994.6,26.5,65,0.5,92.0,,,0.0,,,,,,,,,,,,,,,,,,,,,,,,,,,,
2012-10-26 21:00:00,994.9,26.3,65,0.4,99.0,,,-999.6,,,,,,,,,,,,,,,,,,,,,,,,,,,,
2012-10-26 22:00:00,995.0,25.9,73,0.3,90.0,,,0.0,,,,,,,,,,,,,,,,,,,,,,,,,,,,
2012-10-26 23:00:00,994.9,25.6,76,0.3,132.0,,,0.0,,,,,,,,,,,,,,,,,,,,,,,,,,,,
2012-10-27 00:00:00,994.9,25.5,77,0.3,243.0,,,0.0,,,,,,,,,,,,,,,,,,,,,,,,,,,,
2012-10-27 01:00:00,994.9,25.1,80,0.2,0.0,,,0.0,,,,,,,,,,,,,,,,,,,,,,,,,,,,
2012-10-27 02:00:00,994.5,25.1,78,0.2,0.0,,,0.0,,,,,,,,,,,,,,,,,,,,,,,,,,,,
2012-10-27 03:00:00,994.5,24.9,80,0.2,0.0,,,0.0,,,,,,,,,,,,,,,,,,,,,,,,,,,,
2012-10-27 04:00:00,994.4,24.7,81,0.2,0.0,,,0.0,,,,,,,,,,,,,,,,,,,,,,,,,,,,
2012-10-27 05:00:00,994.4,24.7,81,0.0,0.0,,,0.0,,,,,,,,,,,,,,,,,,,,,,,,,,,,
2012-10-27 06:00:00,995.2,24.6,85,0.3,137.0,,,0.0,,,,,,,,,,,,,,,,,,,,,,,,,,,,
2012-10-27 07:00:00,995.8,24.7,84,0.1,0.0,,,-999.6,,,,,,,,,,,,,,,,,,,,,,,,,,,,
2012-10-27 08:00:00,996.2,25.4,80,0.5,261.0,,,0.0,,,,,,,,,,,,,,,,,,,,,,,,,,,,
2012-10-27 09:00:00,996.4,26.8,66,0.5,180.0,,,0.0,,,,,,,,,,,,,,,,,,,,,,,,,,,,
2012-10-27 10:00:00,996.2,28.0,63,0.5,271.0,,,0.0,,,,,,,,,,,,,,,,,,,,,,,,,,,,
2012-10-27 11:00:00,995.9,29.3,56,0.7,294.0,,,0.0,,,,,,,,,,,,,,,,,,,,,,,,,,,,
2012-10-27 12:00:00,995.2,29.4,63,0.7,290.0,,,0.0,,,,,,,,,,,,,,,,,,,,,,,,,,,,
2012-10-27 13:00:00,994.5,30.5,61,1.1,309.0,,,0.0,,,,,,,,,,,,,,,,,,,,,,,,,,,,
2012-10-27 14:00:00,994.2,28.6,71,0.9,328.0,,,0.0,,,,,,,,,,,,,,,,,,,,,,,,,,,,
2012-10-27 15:00:00,994.2,27.7,77,1.0,7.0,,,0.0,,,,,,,,,,,,,,,,,,,,,,,,,,,,
2012-10-27 16:00:00,994.0,27.5,76,0.5,332.0,,,0.0,,,,,,,,,,,,,,,,,,,,,,,,,,,,
2012-10-27 17:00:00,994.6,26.4,79,0.8,315.0,,,0.0,,,,,,,,,,,,,,,,,,,,,,,,,,,,
2012-10-27 18:00:00,994.7,25.6,81,0.7,324.0,,,0.0,,,,,,,,,,,,,,,,,,,,,,,,,,,,
2012-10-27 19:00:00,995.2,25.4,82,0.4,348.0,,,0.0,,,,,,,,,,,,,,,,,,,,,,,,,,,,
2012-10-27 20:00:00,995.5,25.7,81,0.4,357.0,,,0.0,,,,,,,,,,,,,,,,,,,,,,,,,,,,
2012-10-27 21:00:00,995.8,25.9,81,0.6,98.0,,,0.0,,,,,,,,,,,,,,,,,,,,,,,,,,,,
2012-10-27 22:00:00,996.4,25.9,82,0.3,185.0,,,0.0,,,,,,,,,,,,,,,,,,,,,,,,,,,,
2012-10-27 23:00:00,996.4,25.5,85,0.2,0.0,,,0.0,,,,,,,,,,,,,,,,,,,,,,,,,,,,
2012-10-28 00:00:00,996.2,25.5,84,0.2,0.0,,,0.0,,,,,,,,,,,,,,,,,,,,,,,,,,,,
2012-10-28 01:00:00,995.9,25.4,86,0.2,0.0,,,0.0,,,,,,,,,,,,,,,,,,,,,,,,,,,,
2012-10-28 02:00:00,995.5,25.3,87,0.1,0.0,,,0.0,,,,,,,,,,,,,,,,,,,,,,,,,,,,
2012-10-28 03:00:00,995.0,25.4,87,0.1,0.0,,,0.0,,,,,,,,,,,,,,,,,,,,,,,,,,,,
2012-10-28 04:00:00,994.9,25.2,88,0.4,242.0,,,0.0,,,,,,,,,,,,,,,,,,,,,,,,,,,,
2012-10-28 05:00:00,995.0,25.0,89,0.1,0.0,,,0.0,,,,,,,,,,,,,,,,,,,,,,,,,,,,
2012-10-28 06:00:00,995.8,24.9,88,0.4,70.0,,,0.0,,,,,,,,,,,,,,,,,,,,,,,,,,,,
2012-10-28 07:00:00,996.2,25.2,86,0.0,0.0,,,0.0,,,,,,,,,,,,,,,,,,,,,,,,,,,,
2012-10-28 08:00:00,996.7,25.6,85,0.6,60.0,,,0.0,,,,,,,,,,,,,,,,,,,,,,,,,,,,
2012-10-28 09:00:00,997.0,26.1,82,0.7,290.0,,,0.0,,,,,,,,,,,,,,,,,,,,,,,,,,,,
2012-10-28 10:00:00,996.6,27.1,77,0.7,320.0,,,0.0,,,,,,,,,,,,,,,,,,,,,,,,,,,,
2012-10-28 11:00:00,995.6,28.9,65,0.9,319.0,,,0.0,,,,,,,,,,,,,,,,,,,,,,,,,,,,
2012-10-28 12:00:00,994.7,29.5,62,0.9,294.0,,,0.0,,,,,,,,,,,,,,,,,,,,,,,,,,,,
2012-10-28 13:00:00,994.3,30.2,61,0.6,277.0,,,0.0,,,,,,,,,,,,,,,,,,,,,,,,,,,,
2012-10-28 14:00:00,994.3,29.7,63,0.8,239.0,,,0.0,,,,,,,,,,,,,,,,,,,,,,,,,,,,
2012-10-28 15:00:00,994.2,29.1,63,1.0,250.0,,,0.0,,,,,,,,,,,,,,,,,,,,,,,,,,,,
2012-10-28 16:00:00,994.7,28.6,67,0.6,306.0,,,0.0,,,,,,,,,,,,,,,,,,,,,,,,,,,,
2012-10-28 17:00:00,995.2,27.7,71,0.7,306.0,,,0.0,,,,,,,,,,,,,,,,,,,,,,,,,,,,
2012-10-28 18:00:00,995.4,27.0,74,0.6,331.0,,,0.0,,,,,,,,,,,,,,,,,,,,,,,,,,,,
2012-10-28 19:00:00,995.9,26.9,74,0.4,348.0,,,0.0,,,,,,,,,,,,,,,,,,,,,,,,,,,,
2012-10-28 20:00:00,996.4,26.8,75,0.5,48.0,,,0.0,,,,,,,,,,,,,,,,,,,,,,,,,,,,
2012-10-28 21:00:00,996.5,26.9,73,0.2,0.0,,,0.0,,,,,,,,,,,,,,,,,,,,,,,,,,,,
2012-10-28 22:00:00,996.4,26.7,75,0.2,0.0,,,0.0,,,,,,,,,,,,,,,,,,,,,,,,,,,,
2012-10-28 23:00:00,996.7,25.5,79,0.7,317.0,,,0.0,,,,,,,,,,,,,,,,,,,,,,,,,,,,
2012-10-29 00:00:00,996.0,25.3,81,0.3,18.0,,,0.0,,,,,,,,,,,,,,,,,,,,,,,,,,,,
2012-10-29 01:00:00,995.3,25.1,84,0.2,0.0,,,0.0,,,,,,,,,,,,,,,,,,,,,,,,,,,,
2012-10-29 02:00:00,995.1,24.0,84,0.5,334.0,,,0.0,,,,,,,,,,,,,,,,,,,,,,,,,,,,
2012-10-29 03:00:00,994.5,24.7,82,0.4,46.0,,,0.0,,,,,,,,,,,,,,,,,,,,,,,,,,,,
2012-10-29 04:00:00,994.4,23.5,87,0.5,358.0,,,0.0,,,,,,,,,,,,,,,,,,,,,,,,,,,,
2012-10-29 05:00:00,994.8,24.1,85,0.3,32.0,,,0.0,,,,,,,,,,,,,,,,,,,,,,,,,,,,
2012-10-29 06:00:00,995.1,23.1,89,0.6,332.0,,,0.0,,,,,,,,,,,,,,,,,,,,,,,,,,,,
2012-10-29 07:00:00,995.5,23.5,87,0.5,318.0,,,0.0,,,,,,,,,,,,,,,,,,,,,,,,,,,,
2012-10-29 08:00:00,996.2,25.3,79,0.6,314.0,,,0.0,,,,,,,,,,,,,,,,,,,,,,,,,,,,
2012-10-29 09:00:00,996.3,26.0,79,0.7,271.0,,,0.0,,,,,,,,,,,,,,,,,,,,,,,,,,,,
2012-10-29 10:00:00,995.9,27.9,70,0.6,324.0,,,0.0,,,,,,,,,,,,,,,,,,,,,,,,,,,,
2012-10-29 11:00:00,995.2,28.2,67,0.8,245.0,,,0.0,,,,,,,,,,,,,,,,,,,,,,,,,,,,
2012-10-29 12:00:00,994.6,29.7,62,1.0,275.0,,,0.0,,,,,,,,,,,,,,,,,,,,,,,,,,,,
2012-10-29 13:00:00,993.6,29.1,61,0.8,322.0,,,0.0,,,,,,,,,,,,,,,,,,,,,,,,,,,,
2012-10-29 14:00:00,992.8,29.6,61,0.7,289.0,,,0.0,,,,,,,,,,,,,,,,,,,,,,,,,,,,
2012-10-29 15:00:00,992.5,28.4,63,0.8,316.0,,,0.0,,,,,,,,,,,,,,,,,,,,,,,,,,,,
2012-10-29 16:00:00,992.6,27.6,67,0.8,298.0,,,0.0,,,,,,,,,,,,,,,,,,,,,,,,,,,,
2012-10-29 17:00:00,992.7,26.3,71,0.7,318.0,,,0.0,,,,,,,,,,,,,,,,,,,,,,,,,,,,
2012-10-29 18:00:00,993.1,25.8,74,0.5,309.0,,,0.0,,,,,,,,,,,,,,,,,,,,,,,,,,,,
2012-10-29 19:00:00,993.4,25.6,74,0.2,0.0,,,0.0,,,,,,,,,,,,,,,,,,,,,,,,,,,,
2012-10-29 20:00:00,994.3,24.8,80,0.6,310.0,,,0.0,,,,,,,,,,,,,,,,,,,,,,,,,,,,
2012-10-29 21:00:00,994.0,24.5,78,0.5,60.0,,,0.0,,,,,,,,,,,,,,,,,,,,,,,,,,,,
2012-10-29 22:00:00,993.8,24.3,79,0.6,295.0,,,0.0,,,,,,,,,,,,,,,,,,,,,,,,,,,,
2012-10-29 23:00:00,993.7,23.4,82,0.4,315.0,,,0.0,,,,,,,,,,,,,,,,,,,,,,,,,,,,
2012-10-30 00:00:00,993.9,24.0,78,0.4,40.0,,,0.0,,,,,,,,,,,,,,,,,,,,,,,,,,,,
2012-10-30 01:00:00,993.1,23.7,81,0.2,0.0,,,0.0,,,,,,,,,,,,,,,,,,,,,,,,,,,,
2012-10-30 02:00:00,992.7,23.1,85,0.2,0.0,,,-999.6,,,,,,,,,,,,,,,,,,,,,,,,,,,,
2012-10-30 03:00:00,992.0,22.8,87,0.3,1.0,,,0.0,,,,,,,,,,,,,,,,,,,,,,,,,,,,
2012-10-30 04:00:00,991.5,23.0,86,0.5,52.0,,,0.0,,,,,,,,,,,,,,,,,,,,,,,,,,,,
2012-10-30 05:00:00,991.4,23.2,86,0.1,0.0,,,0.0,,,,,,,,,,,,,,,,,,,,,,,,,,,,
2012-10-30 06:00:00,991.8,23.5,84,0.4,41.0,,,0.0,,,,,,,,,,,,,,,,,,,,,,,,,,,,
2012-10-30 07:00:00,992.1,24.0,80,0.3,67.0,,,0.0,,,,,,,,,,,,,,,,,,,,,,,,,,,,
2012-10-30 08:00:00,992.1,25.2,75,0.3,259.0,,,0.0,,,,,,,,,,,,,,,,,,,,,,,,,,,,
2012-10-30 09:00:00,992.7,26.8,64,0.3,47.0,,,0.0,,,,,,,,,,,,,,,,,,,,,,,,,,,,
2012-10-30 10:00:00,993.3,26.5,70,0.4,330.0,,,0.0,,,,,,,,,,,,,,,,,,,,,,,,,,,,
2012-10-30 11:00:00,992.9,27.1,67,0.6,359.0,,,0.0,,,,,,,,,,,,,,,,,,,,,,,,,,,,
2012-10-30 12:00:00,992.4,27.6,65,0.6,323.0,,,0.0,,,,,,,,,,,,,,,,,,,,,,,,,,,,
2012-10-30 13:00:00,991.8,27.1,66,0.7,316.0,,,0.0,,,,,,,,,,,,,,,,,,,,,,,,,,,,
2012-10-30 14:00:00,991.4,26.1,70,1.1,14.0,,,0.0,,,,,,,,,,,,,,,,,,,,,,,,,,,,
2012-10-30 15:00:00,991.4,24.9,73,1.2,22.0,,,0.0,,,,,,,,,,,,,,,,,,,,,,,,,,,,
2012-10-30 16:00:00,991.8,24.2,74,1.1,25.0,,,0.0,,,,,,,,,,,,,,,,,,,,,,,,,,,,
2012-10-30 17:00:00,991.7,23.8,75,0.7,23.0,,,0.0,,,,,,,,,,,,,,,,,,,,,,,,,,,,
2012-10-30 18:00:00,991.7,23.4,73,0.5,20.0,,,0.0,,,,,,,,,,,,,,,,,,,,,,,,,,,,
2012-10-30 19:00:00,991.9,23.7,74,0.5,47.0,,,0.0,,,,,,,,,,,,,,,,,,,,,,,,,,,,
2012-10-30 20:00:00,992.4,23.6,73,0.3,25.0,,,0.0,,,,,,,,,,,,,,,,,,,,,,,,,,,,
2012-10-30 21:00:00,992.8,22.7,81,0.5,321.0,,,0.0,,,,,,,,,,,,,,,,,,,,,,,,,,,,
2012-10-30 22:00:00,992.7,22.7,81,0.4,6.0,,,0.0,,,,,,,,,,,,,,,,,,,,,,,,,,,,
2012-10-30 23:00:00,992.7,22.6,82,0.4,15.0,,,0.0,,,,,,,,,,,,,,,,,,,,,,,,,,,,
2012-10-31 00:00:00,992.5,21.6,87,0.5,331.0,,,0.0,,,,,,,,,,,,,,,,,,,,,,,,,,,,
2012-10-31 01:00:00,992.1,21.4,86,0.5,43.0,,,0.0,,,,,,,,,,,,,,,,,,,,,,,,,,,,
2012-10-31 02:00:00,991.9,21.0,86,0.5,23.0,,,0.0,,,,,,,,,,,,,,,,,,,,,,,,,,,,
2012-10-31 03:00:00,991.9,20.8,84,0.7,31.0,,,0.0,,,,,,,,,,,,,,,,,,,,,,,,,,,,
2012-10-31 04:00:00,991.7,21.0,82,0.6,45.0,,,0.0,,,,,,,,,,,,,,,,,,,,,,,,,,,,
2012-10-31 05:00:00,992.3,21.0,80,0.6,18.0,,,0.0,,,,,,,,,,,,,,,,,,,,,,,,,,,,
2012-10-31 06:00:00,993.0,20.9,80,0.7,36.0,,,0.0,,,,,,,,,,,,,,,,,,,,,,,,,,,,
2012-10-31 07:00:00,993.7,19.6,89,0.6,37.0,,,0.5,,,,,,,,,,,,,,,,,,,,,,,,,,,,
2012-10-31 08:00:00,993.6,20.5,85,0.5,23.0,,,0.5,,,,,,,,,,,,,,,,,,,,,,,,,,,,
2012-10-31 09:00:00,994.8,20.5,81,0.7,330.0,,,0.0,,,,,,,,,,,,,,,,,,,,,,,,,,,,
2012-10-31 10:00:00,994.6,21.4,75,0.5,15.0,,,-999.6,,,,,,,,,,,,,,,,,,,,,,,,,,,,
2012-10-31 11:00:00,993.8,21.1,78,0.7,42.0,,,0.0,,,,,,,,,,,,,,,,,,,,,,,,,,,,
2012-10-31 12:00:00,993.3,21.6,76,0.6,328.0,,,0.0,,,,,,,,,,,,,,,,,,,,,,,,,,,,
2012-10-31 13:00:00,993.0,21.5,77,0.6,2.0,,,0.0,,,,,,,,,,,,,,,,,,,,,,,,,,,,
2012-10-31 14:00:00,992.4,21.6,76,0.5,9.0,,,0.0,,,,,,,,,,,,,,,,,,,,,,,,,,,,
2012-10-31 15:00:00,992.5,21.2,78,0.6,48.0,,,0.0,,,,,,,,,,,,,,,,,,,,,,,,,,,,
2012-10-31 16:00:00,993.0,20.5,85,0.6,40.0,,,0.0,,,,,,,,,,,,,,,,,,,,,,,,,,,,
2012-10-31 17:00:00,992.9,20.2,85,0.6,45.0,,,0.0,,,,,,,,,,,,,,,,,,,,,,,,,,,,
2012-10-31 18:00:00,992.9,19.9,84,0.6,33.0,,,0.0,,,,,,,,,,,,,,,,,,,,,,,,,,,,
2012-10-31 19:00:00,993.8,19.6,83,0.9,24.0,,,0.0,,,,,,,,,,,,,,,,,,,,,,,,,,,,
2012-10-31 20:00:00,994.4,19.5,82,0.6,42.0,,,0.0,,,,,,,,,,,,,,,,,,,,,,,,,,,,
2012-10-31 21:00:00,994.5,19.6,82,0.8,23.0,,,0.0,,,,,,,,,,,,,,,,,,,,,,,,,,,,
2012-10-31 22:00:00,994.5,19.1,83,0.6,29.0,,,0.0,,,,,,,,,,,,,,,,,,,,,,,,,,,,
2012-10-31 23:00:00,994.6,19.0,83,0.4,14.0,,,0.0,,,,,,,,,,,,,,,,,,,,,,,,,,,,
2012-11-01 00:00:00,994.5,19.1,80,0.5,38.0,,,0.0,,,,,,,,,,,,,,,,,,,,,,,,,,,,
2012-11-01 01:00:00,994.2,18.9,79,0.4,8.0,,,0.0,,,,,,,,,,,,,,,,,,,,,,,,,,,,
2012-11-01 02:00:00,994.2,18.6,79,0.6,29.0,,,0.0,,,,,,,,,,,,,,,,,,,,,,,,,,,,
2012-11-01 03:00:00,994.0,18.4,80,0.6,38.0,,,-999.6,,,,,,,,,,,,,,,,,,,,,,,,,,,,
2012-11-01 04:00:00,993.8,18.3,80,0.5,37.0,,,0.0,,,,,,,,,,,,,,,,,,,,,,,,,,,,
2012-11-01 05:00:00,994.0,18.1,78,0.4,40.0,,,0.0,,,,,,,,,,,,,,,,,,,,,,,,,,,,
2012-11-01 06:00:00,994.5,17.9,77,0.5,42.0,,,0.0,,,,,,,,,,,,,,,,,,,,,,,,,,,,
2012-11-01 07:00:00,994.8,19.0,72,0.5,25.0,,,0.0,,,,,,,,,,,,,,,,,,,,,,,,,,,,
2012-11-01 08:00:00,995.6,19.0,72,0.5,44.0,,,0.0,,,,,,,,,,,,,,,,,,,,,,,,,,,,
2012-11-01 09:00:00,996.2,21.0,64,0.6,44.0,,,0.0,,,,,,,,,,,,,,,,,,,,,,,,,,,,
2012-11-01 10:00:00,996.2,23.3,57,0.8,49.0,,,0.0,,,,,,,,,,,,,,,,,,,,,,,,,,,,
2012-11-01 11:00:00,995.5,24.0,53,0.9,46.0,,,0.0,,,,,,,,,,,,,,,,,,,,,,,,,,,,
2012-11-01 12:00:00,994.9,24.9,49,1.2,11.0,,,0.0,,,,,,,,,,,,,,,,,,,,,,,,,,,,
2012-11-01 13:00:00,993.9,25.2,48,1.0,4.0,,,0.0,,,,,,,,,,,,,,,,,,,,,,,,,,,,
2012-11-01 14:00:00,993.5,25.5,47,1.0,16.0,,,0.0,,,,,,,,,,,,,,,,,,,,,,,,,,,,
2012-11-01 15:00:00,993.2,24.5,52,0.9,339.0,,,0.0,,,,,,,,,,,,,,,,,,,,,,,,,,,,
2012-11-01 16:00:00,993.4,23.3,56,0.9,6.0,,,0.0,,,,,,,,,,,,,,,,,,,,,,,,,,,,
2012-11-01 17:00:00,993.8,21.5,62,0.8,9.0,,,0.0,,,,,,,,,,,,,,,,,,,,,,,,,,,,
2012-11-01 18:00:00,994.0,20.6,67,0.4,358.0,,,0.0,,,,,,,,,,,,,,,,,,,,,,,,,,,,
2012-11-01 19:00:00,994.6,20.0,70,0.5,10.0,,,0.0,,,,,,,,,,,,,,,,,,,,,,,,,,,,
2012-11-01 20:00:00,994.8,19.6,72,0.4,313.0,,,0.0,,,,,,,,,,,,,,,,,,,,,,,,,,,,
2012-11-01 21:00:00,995.2,19.5,74,0.4,333.0,,,0.0,,,,,,,,,,,,,,,,,,,,,,,,,,,,
2012-11-01 22:00:00,995.2,19.8,75,0.4,70.0,,,0.0,,,,,,,,,,,,,,,,,,,,,,,,,,,,
2012-11-01 23:00:00,995.5,20.0,74,0.3,88.0,,,0.0,,,,,,,,,,,,,,,,,,,,,,,,,,,,
2012-11-02 00:00:00,995.2,19.8,76,0.2,0.0,,,0.0,,,,,,,,,,,,,,,,,,,,,,,,,,,,
2012-11-02 01:00:00,994.9,19.8,77,0.3,84.0,,,0.0,,,,,,,,,,,,,,,,,,,,,,,,,,,,
2012-11-02 02:00:00,994.6,19.9,77,0.3,93.0,,,0.0,,,,,,,,,,,,,,,,,,,,,,,,,,,,
2012-11-02 03:00:00,994.2,19.5,80,0.2,0.0,,,0.0,,,,,,,,,,,,,,,,,,,,,,,,,,,,
2012-11-02 04:00:00,994.0,19.4,81,0.0,0.0,,,0.0,,,,,,,,,,,,,,,,,,,,,,,,,,,,
2012-11-02 05:00:00,994.2,19.0,84,0.0,0.0,,,0.0,,,,,,,,,,,,,,,,,,,,,,,,,,,,
2012-11-02 06:00:00,994.6,18.9,85,0.0,0.0,,,0.0,,,,,,,,,,,,,,,,,,,,,,,,,,,,
2012-11-02 07:00:00,995.4,19.8,82,0.1,0.0,,,0.0,,,,,,,,,,,,,,,,,,,,,,,,,,,,
2012-11-02 08:00:00,995.8,22.2,69,0.1,0.0,,,0.0,,,,,,,,,,,,,,,,,,,,,,,,,,,,
2012-11-02 09:00:00,996.4,24.4,61,0.5,228.0,,,0.0,,,,,,,,,,,,,,,,,,,,,,,,,,,,
2012-11-02 10:00:00,996.4,25.9,50,0.6,241.0,,,0.0,,,,,,,,,,,,,,,,,,,,,,,,,,,,
2012-11-02 11:00:00,996.0,27.9,48,0.7,328.0,,,0.0,,,,,,,,,,,,,,,,,,,,,,,,,,,,
2012-11-02 12:00:00,995.2,27.4,55,0.8,304.0,,,0.0,,,,,,,,,,,,,,,,,,,,,,,,,,,,
2012-11-02 13:00:00,994.5,27.4,54,0.8,324.0,,,0.0,,,,,,,,,,,,,,,,,,,,,,,,,,,,
2012-11-02 14:00:00,993.9,28.0,51,0.6,305.0,,,0.0,,,,,,,,,,,,,,,,,,,,,,,,,,,,
2012-11-02 15:00:00,993.9,27.4,53,0.8,304.0,,,0.0,,,,,,,,,,,,,,,,,,,,,,,,,,,,
2012-11-02 16:00:00,993.4,26.1,57,0.6,324.0,,,0.0,,,,,,,,,,,,,,,,,,,,,,,,,,,,
2012-11-02 17:00:00,993.4,24.8,62,0.5,310.0,,,0.0,,,,,,,,,,,,,,,,,,,,,,,,,,,,
2012-11-02 18:00:00,993.4,24.1,67,0.4,333.0,,,0.0,,,,,,,,,,,,,,,,,,,,,,,,,,,,
2012-11-02 19:00:00,994.0,23.3,71,0.3,52.0,,,0.0,,,,,,,,,,,,,,,,,,,,,,,,,,,,
2012-11-02 20:00:00,994.4,22.5,75,0.3,42.0,,,0.0,,,,,,,,,,,,,,,,,,,,,,,,,,,,
2012-11-02 21:00:00,994.3,22.4,75,0.4,72.0,,,0.0,,,,,,,,,,,,,,,,,,,,,,,,,,,,
2012-11-02 22:00:00,994.7,21.5,80,0.1,0.0,,,-999.6,,,,,,,,,,,,,,,,,,,,,,,,,,,,
2012-11-02 23:00:00,995.0,21.4,80,0.3,98.0,,,0.0,,,,,,,,,,,,,,,,,,,,,,,,,,,,
2012-11-03 00:00:00,994.7,21.2,81,0.4,83.0,,,0.0,,,,,,,,,,,,,,,,,,,,,,,,,,,,
2012-11-03 01:00:00,994.6,20.3,81,0.2,0.0,,,0.0,,,,,,,,,,,,,,,,,,,,,,,,,,,,
2012-11-03 02:00:00,994.5,19.9,81,0.3,61.0,,,0.0,,,,,,,,,,,,,,,,,,,,,,,,,,,,
2012-11-03 03:00:00,994.2,19.3,84,0.2,0.0,,,0.0,,,,,,,,,,,,,,,,,,,,,,,,,,,,
2012-11-03 04:00:00,994.0,18.8,83,0.0,0.0,,,0.0,,,,,,,,,,,,,,,,,,,,,,,,,,,,
2012-11-03 05:00:00,994.2,18.6,81,0.3,59.0,,,0.0,,,,,,,,,,,,,,,,,,,,,,,,,,,,
2012-11-03 06:00:00,994.3,18.2,78,0.2,0.0,,,0.0,,,,,,,,,,,,,,,,,,,,,,,,,,,,
2012-11-03 07:00:00,994.9,19.3,68,0.5,77.0,,,0.0,,,,,,,,,,,,,,,,,,,,,,,,,,,,
2012-11-03 08:00:00,995.2,24.9,52,0.0,0.0,,,0.0,,,,,,,,,,,,,,,,,,,,,,,,,,,,
2012-11-03 09:00:00,995.6,25.7,51,0.4,243.0,,,-999.6,,,,,,,,,,,,,,,,,,,,,,,,,,,,
2012-11-03 10:00:00,995.5,27.3,40,0.7,244.0,,,0.0,,,,,,,,,,,,,,,,,,,,,,,,,,,,
2012-11-03 11:00:00,994.6,29.1,40,0.8,272.0,,,0.0,,,,,,,,,,,,,,,,,,,,,,,,,,,,
2012-11-03 12:00:00,994.0,29.4,37,0.6,277.0,,,0.0,,,,,,,,,,,,,,,,,,,,,,,,,,,,
2012-11-03 13:00:00,993.3,30.2,44,0.7,272.0,,,0.0,,,,,,,,,,,,,,,,,,,,,,,,,,,,
2012-11-03 14:00:00,992.9,28.4,49,0.8,300.0,,,0.0,,,,,,,,,,,,,,,,,,,,,,,,,,,,
2012-11-03 15:00:00,993.3,27.2,52,0.7,322.0,,,0.0,,,,,,,,,,,,,,,,,,,,,,,,,,,,
2012-11-03 16:00:00,993.5,26.4,56,0.4,271.0,,,0.0,,,,,,,,,,,,,,,,,,,,,,,,,,,,
2012-11-03 17:00:00,994.0,25.6,63,0.4,254.0,,,0.0,,,,,,,,,,,,,,,,,,,,,,,,,,,,
2012-11-03 18:00:00,994.1,25.1,64,0.4,307.0,,,0.0,,,,,,,,,,,,,,,,,,,,,,,,,,,,
2012-11-03 19:00:00,994.9,25.0,64,0.2,0.0,,,0.0,,,,,,,,,,,,,,,,,,,,,,,,,,,,
2012-11-03 20:00:00,995.0,24.7,67,0.4,176.0,,,0.0,,,,,,,,,,,,,,,,,,,,,,,,,,,,
2012-11-03 21:00:00,995.2,24.3,70,0.1,0.0,,,0.0,,,,,,,,,,,,,,,,,,,,,,,,,,,,
2012-11-03 22:00:00,994.9,24.0,68,0.1,0.0,,,0.0,,,,,,,,,,,,,,,,,,,,,,,,,,,,
2012-11-03 23:00:00,994.9,23.7,70,0.1,0.0,,,0.0,,,,,,,,,,,,,,,,,,,,,,,,,,,,
2012-11-04 00:00:00,994.6,23.2,73,0.2,0.0,,,0.0,,,,,,,,,,,,,,,,,,,,,,,,,,,,
2012-11-04 01:00:00,994.3,22.6,76,0.1,0.0,,,0.0,,,,,,,,,,,,,,,,,,,,,,,,,,,,
2012-11-04 02:00:00,993.7,22.7,77,0.1,0.0,,,0.0,,,,,,,,,,,,,,,,,,,,,,,,,,,,
2012-11-04 03:00:00,993.4,22.1,82,0.2,0.0,,,0.0,,,,,,,,,,,,,,,,,,,,,,,,,,,,
2012-11-04 04:00:00,993.6,22.3,82,0.2,0.0,,,0.0,,,,,,,,,,,,,,,,,,,,,,,,,,,,
2012-11-04 05:00:00,994.0,22.2,83,0.4,52.0,,,0.0,,,,,,,,,,,,,,,,,,,,,,,,,,,,
2012-11-04 06:00:00,994.7,22.2,85,0.4,72.0,,,0.0,,,,,,,,,,,,,,,,,,,,,,,,,,,,
2012-11-04 07:00:00,995.3,22.6,78,0.3,37.0,,,0.0,,,,,,,,,,,,,,,,,,,,,,,,,,,,
2012-11-04 08:00:00,995.3,23.9,71,0.5,47.0,,,0.0,,,,,,,,,,,,,,,,,,,,,,,,,,,,
2012-11-04 09:00:00,995.8,26.2,60,0.6,316.0,,,0.0,,,,,,,,,,,,,,,,,,,,,,,,,,,,
2012-11-04 10:00:00,995.3,26.8,57,1.1,334.0,,,0.0,,,,,,,,,,,,,,,,,,,,,,,,,,,,
2012-11-04 11:00:00,994.6,26.9,60,1.2,336.0,,,-999.6,,,,,,,,,,,,,,,,,,,,,,,,,,,,
2012-11-04 12:00:00,993.3,27.4,53,1.2,28.0,,,0.0,,,,,,,,,,,,,,,,,,,,,,,,,,,,
2012-11-04 13:00:00,992.3,29.3,50,0.9,16.0,,,0.0,,,,,,,,,,,,,,,,,,,,,,,,,,,,
2012-11-04 14:00:00,991.4,29.0,49,0.9,342.0,,,0.0,,,,,,,,,,,,,,,,,,,,,,,,,,,,
2012-11-04 15:00:00,991.6,27.5,55,1.1,6.0,,,0.0,,,,,,,,,,,,,,,,,,,,,,,,,,,,
2012-11-04 16:00:00,991.5,26.2,59,1.3,15.0,,,0.0,,,,,,,,,,,,,,,,,,,,,,,,,,,,
2012-11-04 17:00:00,991.9,25.1,64,0.8,28.0,,,0.0,,,,,,,,,,,,,,,,,,,,,,,,,,,,
2012-11-04 18:00:00,992.3,24.0,66,0.9,44.0,,,0.0,,,,,,,,,,,,,,,,,,,,,,,,,,,,
2012-11-04 19:00:00,992.8,22.9,71,0.6,11.0,,,0.0,,,,,,,,,,,,,,,,,,,,,,,,,,,,
2012-11-04 20:00:00,993.3,21.8,76,0.6,353.0,,,0.0,,,,,,,,,,,,,,,,,,,,,,,,,,,,
2012-11-04 21:00:00,993.7,21.3,79,0.8,29.0,,,0.0,,,,,,,,,,,,,,,,,,,,,,,,,,,,
2012-11-04 22:00:00,993.6,21.1,79,0.7,33.0,,,0.0,,,,,,,,,,,,,,,,,,,,,,,,,,,,
2012-11-04 23:00:00,993.4,21.4,76,0.4,48.0,,,0.0,,,,,,,,,,,,,,,,,,,,,,,,,,,,
2012-11-05 00:00:00,993.3,21.9,72,0.6,20.0,,,0.0,,,,,,,,,,,,,,,,,,,,,,,,,,,,
2012-11-05 01:00:00,993.6,20.1,82,0.5,304.0,,,0.0,,,,,,,,,,,,,,,,,,,,,,,,,,,,
2012-11-05 02:00:00,993.5,20.2,81,0.4,24.0,,,0.0,,,,,,,,,,,,,,,,,,,,,,,,,,,,
2012-11-05 03:00:00,993.3,20.1,81,0.5,53.0,,,0.0,,,,,,,,,,,,,,,,,,,,,,,,,,,,
2012-11-05 04:00:00,993.4,20.2,81,0.5,328.0,,,0.0,,,,,,,,,,,,,,,,,,,,,,,,,,,,
2012-11-05 05:00:00,993.9,20.4,79,0.5,45.0,,,0.0,,,,,,,,,,,,,,,,,,,,,,,,,,,,
2012-11-05 06:00:00,994.5,20.4,79,0.5,5.0,,,0.0,,,,,,,,,,,,,,,,,,,,,,,,,,,,
2012-11-05 07:00:00,995.2,20.7,77,0.5,12.0,,,0.0,,,,,,,,,,,,,,,,,,,,,,,,,,,,
2012-11-05 08:00:00,995.0,22.9,66,0.6,29.0,,,0.0,,,,,,,,,,,,,,,,,,,,,,,,,,,,
2012-11-05 09:00:00,995.6,22.9,67,0.7,326.0,,,0.0,,,,,,,,,,,,,,,,,,,,,,,,,,,,
2012-11-05 10:00:00,995.2,24.7,59,0.9,327.0,,,0.0,,,,,,,,,,,,,,,,,,,,,,,,,,,,
2012-11-05 11:00:00,994.5,25.8,57,0.9,321.0,,,0.0,,,,,,,,,,,,,,,,,,,,,,,,,,,,
2012-11-05 12:00:00,993.8,26.0,56,0.9,325.0,,,0.0,,,,,,,,,,,,,,,,,,,,,,,,,,,,
2012-11-05 13:00:00,992.9,27.9,50,1.0,325.0,,,0.0,,,,,,,,,,,,,,,,,,,,,,,,,,,,
2012-11-05 14:00:00,992.7,26.2,54,1.0,343.0,,,0.0,,,,,,,,,,,,,,,,,,,,,,,,,,,,
2012-11-05 15:00:00,992.6,26.1,55,0.8,39.0,,,0.0,,,,,,,,,,,,,,,,,,,,,,,,,,,,
2012-11-05 16:00:00,993.0,25.2,59,0.8,34.0,,,0.0,,,,,,,,,,,,,,,,,,,,,,,,,,,,
2012-11-05 17:00:00,993.3,24.3,63,0.8,40.0,,,0.0,,,,,,,,,,,,,,,,,,,,,,,,,,,,
2012-11-05 18:00:00,993.5,22.9,67,0.5,14.0,,,0.0,,,,,,,,,,,,,,,,,,,,,,,,,,,,
2012-11-05 19:00:00,993.7,22.0,70,0.6,324.0,,,0.0,,,,,,,,,,,,,,,,,,,,,,,,,,,,
2012-11-05 20:00:00,994.2,21.2,72,0.6,9.0,,,0.0,,,,,,,,,,,,,,,,,,,,,,,,,,,,
2012-11-05 21:00:00,994.5,21.4,73,0.6,38.0,,,0.0,,,,,,,,,,,,,,,,,,,,,,,,,,,,
2012-11-05 22:00:00,994.2,21.2,75,0.2,0.0,,,0.0,,,,,,,,,,,,,,,,,,,,,,,,,,,,
2012-11-05 23:00:00,995.0,19.5,78,0.5,315.0,,,0.0,,,,,,,,,,,,,,,,,,,,,,,,,,,,
2012-11-06 00:00:00,995.2,19.7,76,0.5,356.0,,,0.0,,,,,,,,,,,,,,,,,,,,,,,,,,,,
2012-11-06 01:00:00,994.6,19.7,77,0.5,317.0,,,0.0,,,,,,,,,,,,,,,,,,,,,,,,,,,,
2012-11-06 02:00:00,994.1,20.1,78,0.4,35.0,,,-999.6,,,,,,,,,,,,,,,,,,,,,,,,,,,,
2012-11-06 03:00:00,994.1,20.2,76,0.3,15.0,,,0.0,,,,,,,,,,,,,,,,,,,,,,,,,,,,
2012-11-06 04:00:00,994.0,19.9,81,0.6,316.0,,,0.0,,,,,,,,,,,,,,,,,,,,,,,,,,,,
2012-11-06 05:00:00,994.5,19.9,81,0.4,19.0,,,0.0,,,,,,,,,,,,,,,,,,,,,,,,,,,,
2012-11-06 06:00:00,994.7,20.3,77,0.4,47.0,,,0.0,,,,,,,,,,,,,,,,,,,,,,,,,,,,
2012-11-06 07:00:00,995.8,20.0,77,0.6,332.0,,,0.0,,,,,,,,,,,,,,,,,,,,,,,,,,,,
2012-11-06 08:00:00,995.9,22.3,68,0.5,47.0,,,0.0,,,,,,,,,,,,,,,,,,,,,,,,,,,,
2012-11-06 09:00:00,996.2,23.0,64,0.7,314.0,,,0.0,,,,,,,,,,,,,,,,,,,,,,,,,,,,
2012-11-06 10:00:00,996.2,23.7,59,0.8,340.0,,,0.0,,,,,,,,,,,,,,,,,,,,,,,,,,,,
2012-11-06 11:00:00,995.5,25.2,54,1.0,20.0,,,0.0,,,,,,,,,,,,,,,,,,,,,,,,,,,,
2012-11-06 12:00:00,994.9,27.2,48,0.8,6.0,,,0.0,,,,,,,,,,,,,,,,,,,,,,,,,,,,
2012-11-06 13:00:00,993.8,28.2,45,0.8,356.0,,,0.0,,,,,,,,,,,,,,,,,,,,,,,,,,,,
2012-11-06 14:00:00,993.2,27.6,46,1.0,296.0,,,0.0,,,,,,,,,,,,,,,,,,,,,,,,,,,,
2012-11-06 15:00:00,993.3,27.1,46,0.9,351.0,,,0.0,,,,,,,,,,,,,,,,,,,,,,,,,,,,
2012-11-06 16:00:00,993.6,25.0,51,0.9,331.0,,,0.0,,,,,,,,,,,,,,,,,,,,,,,,,,,,
2012-11-06 17:00:00,994.5,23.2,55,0.8,7.0,,,0.0,,,,,,,,,,,,,,,,,,,,,,,,,,,,
2012-11-06 18:00:00,994.5,22.1,59,0.6,10.0,,,0.0,,,,,,,,,,,,,,,,,,,,,,,,,,,,
2012-11-06 19:00:00,994.6,21.2,63,0.5,355.0,,,0.0,,,,,,,,,,,,,,,,,,,,,,,,,,,,
2012-11-06 20:00:00,995.3,20.1,67,0.5,324.0,,,0.0,,,,,,,,,,,,,,,,,,,,,,,,,,,,
2012-11-06 21:00:00,995.8,20.5,67,0.3,70.0,,,0.0,,,,,,,,,,,,,,,,,,,,,,,,,,,,
2012-11-06 22:00:00,995.7,20.7,71,0.4,73.0,,,0.0,,,,,,,,,,,,,,,,,,,,,,,,,,,,
2012-11-06 23:00:00,995.8,19.9,72,0.4,316.0,,,0.0,,,,,,,,,,,,,,,,,,,,,,,,,,,,
2012-11-07 00:00:00,995.6,19.3,75,0.5,317.0,,,0.0,,,,,,,,,,,,,,,,,,,,,,,,,,,,
2012-11-07 01:00:00,995.5,18.8,76,0.4,329.0,,,0.0,,,,,,,,,,,,,,,,,,,,,,,,,,,,
2012-11-07 02:00:00,995.2,19.0,76,0.6,316.0,,,0.0,,,,,,,,,,,,,,,,,,,,,,,,,,,,
2012-11-07 03:00:00,995.0,18.2,77,0.5,329.0,,,0.0,,,,,,,,,,,,,,,,,,,,,,,,,,,,
2012-11-07 04:00:00,994.8,18.1,78,0.5,316.0,,,0.0,,,,,,,,,,,,,,,,,,,,,,,,,,,,
2012-11-07 05:00:00,995.2,17.9,79,0.4,332.0,,,0.0,,,,,,,,,,,,,,,,,,,,,,,,,,,,
2012-11-07 06:00:00,995.5,18.1,78,0.4,65.0,,,0.0,,,,,,,,,,,,,,,,,,,,,,,,,,,,
2012-11-07 07:00:00,995.8,18.7,78,0.3,249.0,,,0.0,,,,,,,,,,,,,,,,,,,,,,,,,,,,
2012-11-07 08:00:00,996.1,20.2,70,0.2,0.0,,,0.0,,,,,,,,,,,,,,,,,,,,,,,,,,,,
2012-11-07 09:00:00,996.4,21.5,65,0.5,294.0,,,0.0,,,,,,,,,,,,,,,,,,,,,,,,,,,,
2012-11-07 10:00:00,996.3,23.0,60,0.7,306.0,,,0.0,,,,,,,,,,,,,,,,,,,,,,,,,,,,
2012-11-07 11:00:00,995.9,23.8,54,0.7,343.0,,,0.0,,,,,,,,,,,,,,,,,,,,,,,,,,,,
2012-11-07 12:00:00,994.9,25.9,53,0.6,280.0,,,-999.6,,,,,,,,,,,,,,,,,,,,,,,,,,,,
2012-11-07 13:00:00,994.0,25.5,52,0.8,226.0,,,0.0,,,,,,,,,,,,,,,,,,,,,,,,,,,,
2012-11-07 14:00:00,993.4,26.4,48,0.8,290.0,,,0.0,,,,,,,,,,,,,,,,,,,,,,,,,,,,
2012-11-07 15:00:00,993.0,26.1,49,0.7,310.0,,,0.0,,,,,,,,,,,,,,,,,,,,,,,,,,,,
2012-11-07 16:00:00,993.4,25.1,51,0.8,317.0,,,0.0,,,,,,,,,,,,,,,,,,,,,,,,,,,,
2012-11-07 17:00:00,993.9,23.3,58,0.8,317.0,,,0.0,,,,,,,,,,,,,,,,,,,,,,,,,,,,
2012-11-07 18:00:00,993.8,22.8,61,0.5,318.0,,,0.0,,,,,,,,,,,,,,,,,,,,,,,,,,,,
2012-11-07 19:00:00,994.0,22.0,64,0.5,352.0,,,0.0,,,,,,,,,,,,,,,,,,,,,,,,,,,,
2012-11-07 20:00:00,994.5,21.8,66,0.5,58.0,,,0.0,,,,,,,,,,,,,,,,,,,,,,,,,,,,
2012-11-07 21:00:00,994.5,22.0,65,0.4,64.0,,,0.0,,,,,,,,,,,,,,,,,,,,,,,,,,,,
2012-11-07 22:00:00,994.8,21.7,67,0.3,284.0,,,0.0,,,,,,,,,,,,,,,,,,,,,,,,,,,,
2012-11-07 23:00:00,995.0,21.1,72,0.0,0.0,,,0.0,,,,,,,,,,,,,,,,,,,,,,,,,,,,
2012-11-08 00:00:00,995.0,20.7,74,0.0,0.0,,,0.0,,,,,,,,,,,,,,,,,,,,,,,,,,,,
2012-11-08 01:00:00,994.6,21.2,72,0.2,0.0,,,0.0,,,,,,,,,,,,,,,,,,,,,,,,,,,,
2012-11-08 02:00:00,994.6,20.9,74,0.2,0.0,,,0.0,,,,,,,,,,,,,,,,,,,,,,,,,,,,
2012-11-08 03:00:00,994.3,20.9,74,0.3,311.0,,,0.0,,,,,,,,,,,,,,,,,,,,,,,,,,,,
2012-11-08 04:00:00,994.2,20.7,75,0.1,0.0,,,0.0,,,,,,,,,,,,,,,,,,,,,,,,,,,,
2012-11-08 05:00:00,994.2,20.6,75,0.1,0.0,,,0.0,,,,,,,,,,,,,,,,,,,,,,,,,,,,
2012-11-08 06:00:00,994.7,20.3,78,0.4,303.0,,,0.0,,,,,,,,,,,,,,,,,,,,,,,,,,,,
2012-11-08 07:00:00,994.6,21.0,73,0.2,0.0,,,0.0,,,,,,,,,,,,,,,,,,,,,,,,,,,,
2012-11-08 08:00:00,995.2,22.7,67,0.3,282.0,,,0.0,,,,,,,,,,,,,,,,,,,,,,,,,,,,
2012-11-08 09:00:00,995.4,24.1,61,0.7,219.0,,,0.0,,,,,,,,,,,,,,,,,,,,,,,,,,,,
2012-11-08 10:00:00,995.1,24.9,56,0.6,262.0,,,0.0,,,,,,,,,,,,,,,,,,,,,,,,,,,,
2012-11-08 11:00:00,994.9,26.2,49,0.9,247.0,,,0.0,,,,,,,,,,,,,,,,,,,,,,,,,,,,
2012-11-08 12:00:00,994.0,27.1,45,0.9,248.0,,,0.0,,,,,,,,,,,,,,,,,,,,,,,,,,,,
2012-11-08 13:00:00,993.2,28.0,36,1.0,256.0,,,0.0,,,,,,,,,,,,,,,,,,,,,,,,,,,,
2012-11-08 14:00:00,992.7,26.9,54,0.7,301.0,,,0.0,,,,,,,,,,,,,,,,,,,,,,,,,,,,
2012-11-08 15:00:00,992.4,27.2,49,0.7,266.0,,,0.0,,,,,,,,,,,,,,,,,,,,,,,,,,,,
2012-11-08 16:00:00,992.5,25.5,58,1.1,279.0,,,0.0,,,,,,,,,,,,,,,,,,,,,,,,,,,,
2012-11-08 17:00:00,993.4,23.0,73,0.6,317.0,,,0.0,,,,,,,,,,,,,,,,,,,,,,,,,,,,
2012-11-08 18:00:00,993.3,22.5,74,0.5,66.0,,,0.0,,,,,,,,,,,,,,,,,,,,,,,,,,,,
2012-11-08 19:00:00,993.7,22.4,73,0.4,65.0,,,0.0,,,,,,,,,,,,,,,,,,,,,,,,,,,,
2012-11-08 20:00:00,994.0,22.5,73,0.3,54.0,,,0.0,,,,,,,,,,,,,,,,,,,,,,,,,,,,
2012-11-08 21:00:00,993.9,22.3,72,0.3,11.0,,,0.0,,,,,,,,,,,,,,,,,,,,,,,,,,,,
2012-11-08 22:00:00,993.8,22.0,74,0.4,77.0,,,0.0,,,,,,,,,,,,,,,,,,,,,,,,,,,,
2012-11-08 23:00:00,993.8,21.4,81,0.2,0.0,,,0.0,,,,,,,,,,,,,,,,,,,,,,,,,,,,
2012-11-09 00:00:00,993.6,20.9,80,0.3,67.0,,,0.0,,,,,,,,,,,,,,,,,,,,,,,,,,,,
2012-11-09 01:00:00,993.6,20.5,81,0.2,0.0,,,-999.6,,,,,,,,,,,,,,,,,,,,,,,,,,,,
2012-11-09 02:00:00,993.6,20.3,81,0.3,78.0,,,0.0,,,,,,,,,,,,,,,,,,,,,,,,,,,,
2012-11-09 03:00:00,993.3,20.0,83,0.0,0.0,,,0.0,,,,,,,,,,,,,,,,,,,,,,,,,,,,
2012-11-09 04:00:00,992.9,19.9,82,0.1,0.0,,,0.0,,,,,,,,,,,,,,,,,,,,,,,,,,,,
2012-11-09 05:00:00,993.0,19.9,81,0.0,0.0,,,0.0,,,,,,,,,,,,,,,,,,,,,,,,,,,,
2012-11-09 06:00:00,993.8,19.3,82,0.2,0.0,,,0.0,,,,,,,,,,,,,,,,,,,,,,,,,,,,
2012-11-09 07:00:00,994.6,20.4,77,0.2,0.0,,,0.0,,,,,,,,,,,,,,,,,,,,,,,,,,,,
2012-11-09 08:00:00,995.2,23.5,64,0.0,0.0,,,0.0,,,,,,,,,,,,,,,,,,,,,,,,,,,,
2012-11-09 09:00:00,995.4,25.2,58,0.4,252.0,,,0.0,,,,,,,,,,,,,,,,,,,,,,,,,,,,
2012-11-09 10:00:00,995.2,26.6,52,0.4,282.0,,,0.0,,,,,,,,,,,,,,,,,,,,,,,,,,,,
2012-11-09 11:00:00,994.7,27.3,49,0.6,316.0,,,0.0,,,,,,,,,,,,,,,,,,,,,,,,,,,,
2012-11-09 12:00:00,993.9,28.0,51,1.0,300.0,,,0.0,,,,,,,,,,,,,,,,,,,,,,,,,,,,
2012-11-09 13:00:00,993.1,28.3,49,0.8,310.0,,,0.0,,,,,,,,,,,,,,,,,,,,,,,,,,,,
2012-11-09 14:00:00,992.7,28.5,52,0.9,305.0,,,0.0,,,,,,,,,,,,,,,,,,,,,,,,,,,,
2012-11-09 15:00:00,992.7,28.0,49,0.9,343.0,,,0.0,,,,,,,,,,,,,,,,,,,,,,,,,,,,
2012-11-09 16:00:00,993.1,27.2,50,1.0,10.0,,,0.0,,,,,,,,,,,,,,,,,,,,,,,,,,,,
2012-11-09 17:00:00,993.4,26.2,59,0.6,337.0,,,0.0,,,,,,,,,,,,,,,,,,,,,,,,,,,,
2012-11-09 18:00:00,993.7,25.4,64,0.6,26.0,,,0.0,,,,,,,,,,,,,,,,,,,,,,,,,,,,
2012-11-09 19:00:00,994.2,24.5,67,0.5,51.0,,,0.0,,,,,,,,,,,,,,,,,,,,,,,,,,,,
2012-11-09 20:00:00,994.5,23.9,68,0.6,53.0,,,0.0,,,,,,,,,,,,,,,,,,,,,,,,,,,,
2012-11-09 21:00:00,994.9,23.9,70,0.4,42.0,,,0.0,,,,,,,,,,,,,,,,,,,,,,,,,,,,
2012-11-09 22:00:00,994.9,23.0,74,0.4,68.0,,,0.0,,,,,,,,,,,,,,,,,,,,,,,,,,,,
2012-11-09 23:00:00,994.7,22.9,75,0.1,0.0,,,-999.6,,,,,,,,,,,,,,,,,,,,,,,,,,,,
2012-11-10 00:00:00,994.7,22.8,74,0.4,72.0,,,0.0,,,,,,,,,,,,,,,,,,,,,,,,,,,,
2012-11-10 01:00:00,994.3,22.0,77,0.4,70.0,,,0.0,,,,,,,,,,,,,,,,,,,,,,,,,,,,
2012-11-10 02:00:00,994.0,21.4,79,0.5,54.0,,,0.0,,,,,,,,,,,,,,,,,,,,,,,,,,,,
2012-11-10 03:00:00,993.9,20.9,78,0.2,0.0,,,0.0,,,,,,,,,,,,,,,,,,,,,,,,,,,,
2012-11-10 04:00:00,993.9,21.4,77,0.1,0.0,,,0.0,,,,,,,,,,,,,,,,,,,,,,,,,,,,
2012-11-10 05:00:00,994.0,21.7,75,0.2,0.0,,,0.0,,,,,,,,,,,,,,,,,,,,,,,,,,,,
2012-11-10 06:00:00,994.5,21.6,75,0.2,0.0,,,-999.6,,,,,,,,,,,,,,,,,,,,,,,,,,,,
2012-11-10 07:00:00,994.5,21.7,72,0.1,0.0,,,0.0,,,,,,,,,,,,,,,,,,,,,,,,,,,,
2012-11-10 08:00:00,994.7,24.6,63,0.4,224.0,,,0.0,,,,,,,,,,,,,,,,,,,,,,,,,,,,
2012-11-10 09:00:00,995.0,26.4,52,0.5,226.0,,,0.0,,,,,,,,,,,,,,,,,,,,,,,,,,,,
2012-11-10 10:00:00,995.0,29.1,46,0.8,251.0,,,0.0,,,,,,,,,,,,,,,,,,,,,,,,,,,,
2012-11-10 11:00:00,994.5,30.5,42,0.7,237.0,,,0.0,,,,,,,,,,,,,,,,,,,,,,,,,,,,
2012-11-10 12:00:00,993.7,30.9,42,0.8,235.0,,,0.0,,,,,,,,,,,,,,,,,,,,,,,,,,,,
2012-11-10 13:00:00,993.1,30.2,44,0.7,237.0,,,0.0,,,,,,,,,,,,,,,,,,,,,,,,,,,,
2012-11-10 14:00:00,992.4,30.6,46,0.5,280.0,,,0.0,,,,,,,,,,,,,,,,,,,,,,,,,,,,
2012-11-10 15:00:00,992.1,30.2,47,0.5,240.0,,,0.0,,,,,,,,,,,,,,,,,,,,,,,,,,,,
2012-11-10 16:00:00,992.1,29.7,48,0.8,243.0,,,0.0,,,,,,,,,,,,,,,,,,,,,,,,,,,,
2012-11-10 17:00:00,992.7,28.1,54,0.4,248.0,,,0.0,,,,,,,,,,,,,,,,,,,,,,,,,,,,
2012-11-10 18:00:00,993.0,27.0,60,0.1,0.0,,,0.0,,,,,,,,,,,,,,,,,,,,,,,,,,,,
2012-11-10 19:00:00,993.6,26.0,64,0.3,56.0,,,0.0,,,,,,,,,,,,,,,,,,,,,,,,,,,,
2012-11-10 20:00:00,993.9,25.9,64,0.4,44.0,,,0.0,,,,,,,,,,,,,,,,,,,,,,,,,,,,
2012-11-10 21:00:00,994.5,25.2,68,0.7,322.0,,,0.0,,,,,,,,,,,,,,,,,,,,,,,,,,,,
2012-11-10 22:00:00,994.8,24.7,73,0.8,23.0,,,0.0,,,,,,,,,,,,,,,,,,,,,,,,,,,,
2012-11-10 23:00:00,994.9,24.5,73,0.6,37.0,,,0.0,,,,,,,,,,,,,,,,,,,,,,,,,,,,
2012-11-11 00:00:00,994.5,24.2,75,0.4,51.0,,,0.0,,,,,,,,,,,,,,,,,,,,,,,,,,,,
2012-11-11 01:00:00,994.8,22.8,82,0.7,11.0,,,0.0,,,,,,,,,,,,,,,,,,,,,,,,,,,,
2012-11-11 02:00:00,994.7,22.4,78,0.9,41.0,,,0.0,,,,,,,,,,,,,,,,,,,,,,,,,,,,
2012-11-11 03:00:00,995.0,22.9,70,0.9,36.0,,,0.0,,,,,,,,,,,,,,,,,,,,,,,,,,,,
2012-11-11 04:00:00,994.7,22.6,62,0.9,48.0,,,0.0,,,,,,,,,,,,,,,,,,,,,,,,,,,,
2012-11-11 05:00:00,995.3,22.8,62,0.7,17.0,,,0.0,,,,,,,,,,,,,,,,,,,,,,,,,,,,
2012-11-11 06:00:00,995.6,22.6,61,0.7,45.0,,,0.0,,,,,,,,,,,,,,,,,,,,,,,,,,,,
2012-11-11 07:00:00,995.9,23.5,54,0.8,31.0,,,0.0,,,,,,,,,,,,,,,,,,,,,,,,,,,,
2012-11-11 08:00:00,996.1,24.5,50,0.7,45.0,,,0.0,,,,,,,,,,,,,,,,,,,,,,,,,,,,
2012-11-11 09:00:00,996.9,26.2,45,0.9,31.0,,,-999.6,,,,,,,,,,,,,,,,,,,,,,,,,,,,
2012-11-11 10:00:00,996.6,24.5,56,1.1,315.0,,,0.0,,,,,,,,,,,,,,,,,,,,,,,,,,,,
2012-11-11 11:00:00,996.2,24.6,54,1.5,24.0,,,0.0,,,,,,,,,,,,,,,,,,,,,,,,,,,,
2012-11-11 12:00:00,994.9,24.5,60,0.9,11.0,,,0.0,,,,,,,,,,,,,,,,,,,,,,,,,,,,
2012-11-11 13:00:00,993.9,26.4,56,0.8,13.0,,,0.0,,,,,,,,,,,,,,,,,,,,,,,,,,,,
2012-11-11 14:00:00,994.0,24.3,65,1.2,314.0,,,0.0,,,,,,,,,,,,,,,,,,,,,,,,,,,,
2012-11-11 15:00:00,993.7,22.0,76,1.2,315.0,,,0.0,,,,,,,,,,,,,,,,,,,,,,,,,,,,
2012-11-11 16:00:00,994.2,22.1,73,0.9,10.0,,,0.0,,,,,,,,,,,,,,,,,,,,,,,,,,,,
2012-11-11 17:00:00,994.4,21.6,75,0.8,36.0,,,0.0,,,,,,,,,,,,,,,,,,,,,,,,,,,,
2012-11-11 18:00:00,994.7,22.4,71,0.8,41.0,,,0.0,,,,,,,,,,,,,,,,,,,,,,,,,,,,
2012-11-11 19:00:00,995.6,20.4,79,0.7,328.0,,,0.0,,,,,,,,,,,,,,,,,,,,,,,,,,,,
2012-11-11 20:00:00,996.4,20.1,80,0.7,328.0,,,0.0,,,,,,,,,,,,,,,,,,,,,,,,,,,,
2012-11-11 21:00:00,996.8,20.2,80,0.6,1.0,,,0.0,,,,,,,,,,,,,,,,,,,,,,,,,,,,
2012-11-11 22:00:00,996.8,20.4,79,0.6,320.0,,,0.0,,,,,,,,,,,,,,,,,,,,,,,,,,,,
2012-11-11 23:00:00,996.8,20.6,79,0.3,33.0,,,0.0,,,,,,,,,,,,,,,,,,,,,,,,,,,,
2012-11-12 00:00:00,996.5,20.7,79,0.4,342.0,,,0.0,,,,,,,,,,,,,,,,,,,,,,,,,,,,
2012-11-12 01:00:00,996.3,20.4,81,0.5,321.0,,,0.0,,,,,,,,,,,,,,,,,,,,,,,,,,,,
2012-11-12 02:00:00,995.6,19.8,86,0.7,326.0,,,0.0,,,,,,,,,,,,,,,,,,,,,,,,,,,,
2012-11-12 03:00:00,995.8,19.5,88,0.5,318.0,,,0.0,,,,,,,,,,,,,,,,,,,,,,,,,,,,
2012-11-12 04:00:00,995.8,19.4,89,0.4,323.0,,,0.0,,,,,,,,,,,,,,,,,,,,,,,,,,,,
2012-11-12 05:00:00,995.6,19.8,87,0.4,46.0,,,0.0,,,,,,,,,,,,,,,,,,,,,,,,,,,,
2012-11-12 06:00:00,996.2,20.2,87,0.5,325.0,,,0.0,,,,,,,,,,,,,,,,,,,,,,,,,,,,
2012-11-12 07:00:00,996.4,20.7,86,0.1,0.0,,,0.0,,,,,,,,,,,,,,,,,,,,,,,,,,,,
2012-11-12 08:00:00,996.8,22.4,78,0.2,0.0,,,0.0,,,,,,,,,,,,,,,,,,,,,,,,,,,,
2012-11-12 09:00:00,997.5,23.5,75,0.5,254.0,,,0.0,,,,,,,,,,,,,,,,,,,,,,,,,,,,
2012-11-12 10:00:00,997.4,24.4,69,0.7,306.0,,,0.0,,,,,,,,,,,,,,,,,,,,,,,,,,,,
2012-11-12 11:00:00,997.2,25.9,62,0.7,278.0,,,0.0,,,,,,,,,,,,,,,,,,,,,,,,,,,,
2012-11-12 12:00:00,996.6,26.6,58,0.6,333.0,,,0.0,,,,,,,,,,,,,,,,,,,,,,,,,,,,
2012-11-12 13:00:00,995.8,26.8,55,0.8,318.0,,,-999.6,,,,,,,,,,,,,,,,,,,,,,,,,,,,
2012-11-12 14:00:00,995.8,25.3,59,0.7,306.0,,,0.0,,,,,,,,,,,,,,,,,,,,,,,,,,,,
2012-11-12 15:00:00,995.5,25.4,58,0.6,333.0,,,0.0,,,,,,,,,,,,,,,,,,,,,,,,,,,,
2012-11-12 16:00:00,995.6,24.6,61,0.7,305.0,,,0.0,,,,,,,,,,,,,,,,,,,,,,,,,,,,
2012-11-12 17:00:00,996.2,23.2,67,0.6,329.0,,,0.0,,,,,,,,,,,,,,,,,,,,,,,,,,,,
2012-11-12 18:00:00,996.8,22.1,70,0.7,318.0,,,0.0,,,,,,,,,,,,,,,,,,,,,,,,,,,,
2012-11-12 19:00:00,997.1,22.4,71,0.6,55.0,,,0.0,,,,,,,,,,,,,,,,,,,,,,,,,,,,
2012-11-12 20:00:00,997.5,22.7,65,0.5,31.0,,,0.0,,,,,,,,,,,,,,,,,,,,,,,,,,,,
2012-11-12 21:00:00,997.5,22.6,67,0.5,81.0,,,0.0,,,,,,,,,,,,,,,,,,,,,,,,,,,,
2012-11-12 22:00:00,997.5,22.5,64,0.0,0.0,,,0.0,,,,,,,,,,,,,,,,,,,,,,,,,,,,
2012-11-12 23:00:00,997.2,22.6,66,0.0,0.0,,,0.0,,,,,,,,,,,,,,,,,,,,,,,,,,,,
2012-11-13 00:00:00,997.5,22.3,70,0.3,71.0,,,0.0,,,,,,,,,,,,,,,,,,,,,,,,,,,,
2012-11-13 01:00:00,996.9,21.8,72,0.2,0.0,,,0.0,,,,,,,,,,,,,,,,,,,,,,,,,,,,
2012-11-13 02:00:00,996.8,21.5,75,0.6,40.0,,,0.0,,,,,,,,,,,,,,,,,,,,,,,,,,,,
2012-11-13 03:00:00,996.4,21.4,70,0.5,50.0,,,0.0,,,,,,,,,,,,,,,,,,,,,,,,,,,,
2012-11-13 04:00:00,995.8,20.7,77,0.2,0.0,,,0.0,,,,,,,,,,,,,,,,,,,,,,,,,,,,
2012-11-13 05:00:00,995.9,20.5,78,0.6,52.0,,,0.0,,,,,,,,,,,,,,,,,,,,,,,,,,,,
2012-11-13 06:00:00,996.3,20.2,77,0.4,346.0,,,0.0,,,,,,,,,,,,,,,,,,,,,,,,,,,,
2012-11-13 07:00:00,996.5,20.7,70,0.6,53.0,,,0.0,,,,,,,,,,,,,,,,,,,,,,,,,,,,
2012-11-13 08:00:00,996.9,23.3,59,0.7,49.0,,,0.0,,,,,,,,,,,,,,,,,,,,,,,,,,,,
2012-11-13 09:00:00,997.4,24.0,59,0.9,6.0,,,0.0,,,,,,,,,,,,,,,,,,,,,,,,,,,,
2012-11-13 10:00:00,997.1,25.0,54,1.0,320.0,,,-999.6,,,,,,,,,,,,,,,,,,,,,,,,,,,,
2012-11-13 11:00:00,996.8,25.6,56,1.0,304.0,,,0.0,,,,,,,,,,,,,,,,,,,,,,,,,,,,
2012-11-13 12:00:00,995.2,26.8,52,1.0,320.0,,,0.0,,,,,,,,,,,,,,,,,,,,,,,,,,,,
2012-11-13 13:00:00,994.0,28.2,49,1.0,318.0,,,0.0,,,,,,,,,,,,,,,,,,,,,,,,,,,,
2012-11-13 14:00:00,993.4,28.4,51,0.9,321.0,,,0.0,,,,,,,,,,,,,,,,,,,,,,,,,,,,
2012-11-13 15:00:00,993.0,27.1,58,1.0,311.0,,,0.0,,,,,,,,,,,,,,,,,,,,,,,,,,,,
2012-11-13 16:00:00,993.1,25.6,63,0.8,322.0,,,0.0,,,,,,,,,,,,,,,,,,,,,,,,,,,,
2012-11-13 17:00:00,993.2,23.4,71,0.7,328.0,,,0.0,,,,,,,,,,,,,,,,,,,,,,,,,,,,
2012-11-13 18:00:00,993.4,22.1,74,0.6,359.0,,,0.0,,,,,,,,,,,,,,,,,,,,,,,,,,,,
2012-11-13 19:00:00,993.8,21.7,74,0.6,19.0,,,0.0,,,,,,,,,,,,,,,,,,,,,,,,,,,,
2012-11-13 20:00:00,994.5,21.2,78,0.6,323.0,,,0.0,,,,,,,,,,,,,,,,,,,,,,,,,,,,
2012-11-13 21:00:00,994.8,21.4,78,0.4,16.0,,,0.0,,,,,,,,,,,,,,,,,,,,,,,,,,,,
2012-11-13 22:00:00,995.0,20.8,81,0.1,0.0,,,0.0,,,,,,,,,,,,,,,,,,,,,,,,,,,,
2012-11-13 23:00:00,994.8,20.1,83,0.1,0.0,,,0.0,,,,,,,,,,,,,,,,,,,,,,,,,,,,
2012-11-14 00:00:00,995.1,20.4,83,0.5,44.0,,,0.0,,,,,,,,,,,,,,,,,,,,,,,,,,,,
2012-11-14 01:00:00,994.6,20.0,82,0.4,58.0,,,0.0,,,,,,,,,,,,,,,,,,,,,,,,,,,,
2012-11-14 02:00:00,994.3,19.4,84,0.1,0.0,,,0.0,,,,,,,,,,,,,,,,,,,,,,,,,,,,
2012-11-14 03:00:00,994.0,19.2,84,0.2,0.0,,,0.0,,,,,,,,,,,,,,,,,,,,,,,,,,,,
2012-11-14 04:00:00,994.2,19.3,83,0.3,36.0,,,0.0,,,,,,,,,,,,,,,,,,,,,,,,,,,,
2012-11-14 05:00:00,994.3,18.9,81,0.0,0.0,,,0.0,,,,,,,,,,,,,,,,,,,,,,,,,,,,
2012-11-14 06:00:00,995.0,18.6,88,0.0,0.0,,,0.0,,,,,,,,,,,,,,,,,,,,,,,,,,,,
2012-11-14 07:00:00,995.2,19.4,82,0.2,0.0,,,0.0,,,,,,,,,,,,,,,,,,,,,,,,,,,,
2012-11-14 08:00:00,996.2,21.9,70,0.3,78.0,,,0.0,,,,,,,,,,,,,,,,,,,,,,,,,,,,
2012-11-14 09:00:00,996.4,23.9,63,0.3,246.0,,,0.0,,,,,,,,,,,,,,,,,,,,,,,,,,,,
2012-11-14 10:00:00,996.7,27.2,48,0.4,319.0,,,0.0,,,,,,,,,,,,,,,,,,,,,,,,,,,,
2012-11-14 11:00:00,996.2,28.8,43,0.6,282.0,,,0.0,,,,,,,,,,,,,,,,,,,,,,,,,,,,
2012-11-14 12:00:00,995.6,28.4,45,1.1,10.0,,,0.0,,,,,,,,,,,,,,,,,,,,,,,,,,,,
2012-11-14 13:00:00,994.9,28.5,46,1.0,331.0,,,0.0,,,,,,,,,,,,,,,,,,,,,,,,,,,,
2012-11-14 14:00:00,994.6,28.7,46,0.7,314.0,,,0.0,,,,,,,,,,,,,,,,,,,,,,,,,,,,
2012-11-14 15:00:00,994.0,28.8,46,0.8,294.0,,,0.0,,,,,,,,,,,,,,,,,,,,,,,,,,,,
2012-11-14 16:00:00,994.6,27.7,51,0.9,321.0,,,0.0,,,,,,,,,,,,,,,,,,,,,,,,,,,,
2012-11-14 17:00:00,995.2,26.3,55,0.6,330.0,,,0.0,,,,,,,,,,,,,,,,,,,,,,,,,,,,
2012-11-14 18:00:00,995.3,25.3,58,0.3,325.0,,,0.0,,,,,,,,,,,,,,,,,,,,,,,,,,,,
2012-11-14 19:00:00,995.9,24.7,61,0.0,0.0,,,0.0,,,,,,,,,,,,,,,,,,,,,,,,,,,,
2012-11-14 20:00:00,996.4,24.5,62,0.2,0.0,,,0.0,,,,,,,,,,,,,,,,,,,,,,,,,,,,
2012-11-14 21:00:00,996.8,23.7,66,0.3,346.0,,,0.0,,,,,,,,,,,,,,,,,,,,,,,,,,,,
2012-11-14 22:00:00,996.9,23.6,68,0.5,72.0,,,0.0,,,,,,,,,,,,,,,,,,,,,,,,,,,,
2012-11-14 23:00:00,996.9,23.8,67,0.1,0.0,,,0.0,,,,,,,,,,,,,,,,,,,,,,,,,,,,
2012-11-15 00:00:00,997.1,23.6,68,0.3,81.0,,,0.0,,,,,,,,,,,,,,,,,,,,,,,,,,,,
2012-11-15 01:00:00,996.8,23.7,67,0.3,107.0,,,0.0,,,,,,,,,,,,,,,,,,,,,,,,,,,,
2012-11-15 02:00:00,996.7,23.4,69,0.3,277.0,,,0.0,,,,,,,,,,,,,,,,,,,,,,,,,,,,
2012-11-15 03:00:00,996.4,22.5,74,0.0,0.0,,,0.0,,,,,,,,,,,,,,,,,,,,,,,,,,,,
2012-11-15 04:00:00,996.2,22.1,74,0.4,94.0,,,0.0,,,,,,,,,,,,,,,,,,,,,,,,,,,,
2012-11-15 05:00:00,996.5,21.8,74,0.5,83.0,,,0.0,,,,,,,,,,,,,,,,,,,,,,,,,,,,
2012-11-15 06:00:00,996.9,21.2,77,0.4,69.0,,,0.0,,,,,,,,,,,,,,,,,,,,,,,,,,,,
2012-11-15 07:00:00,997.7,22.2,72,0.2,0.0,,,0.0,,,,,,,,,,,,,,,,,,,,,,,,,,,,
2012-11-15 08:00:00,998.0,24.2,66,0.4,80.0,,,0.0,,,,,,,,,,,,,,,,,,,,,,,,,,,,
2012-11-15 09:00:00,998.7,26.0,60,0.7,311.0,,,0.0,,,,,,,,,,,,,,,,,,,,,,,,,,,,
2012-11-15 10:00:00,998.8,25.7,59,0.8,354.0,,,0.0,,,,,,,,,,,,,,,,,,,,,,,,,,,,
2012-11-15 11:00:00,998.7,28.4,48,0.7,335.0,,,0.0,,,,,,,,,,,,,,,,,,,,,,,,,,,,
2012-11-15 12:00:00,998.0,29.2,39,1.0,345.0,,,0.0,,,,,,,,,,,,,,,,,,,,,,,,,,,,
2012-11-15 13:00:00,996.9,29.1,44,0.9,311.0,,,0.0,,,,,,,,,,,,,,,,,,,,,,,,,,,,
2012-11-15 14:00:00,995.8,29.5,40,0.8,303.0,,,0.0,,,,,,,,,,,,,,,,,,,,,,,,,,,,
2012-11-15 15:00:00,995.6,28.5,44,0.9,319.0,,,0.0,,,,,,,,,,,,,,,,,,,,,,,,,,,,
2012-11-15 16:00:00,996.0,26.8,55,0.8,309.0,,,0.0,,,,,,,,,,,,,,,,,,,,,,,,,,,,
2012-11-15 17:00:00,996.6,26.2,57,0.7,315.0,,,0.0,,,,,,,,,,,,,,,,,,,,,,,,,,,,
2012-11-15 18:00:00,996.8,25.0,68,0.3,317.0,,,0.0,,,,,,,,,,,,,,,,,,,,,,,,,,,,
2012-11-15 19:00:00,997.4,24.0,74,0.5,328.0,,,0.0,,,,,,,,,,,,,,,,,,,,,,,,,,,,
2012-11-15 20:00:00,997.6,23.6,75,0.4,301.0,,,0.0,,,,,,,,,,,,,,,,,,,,,,,,,,,,
2012-11-15 21:00:00,997.5,22.3,78,0.4,349.0,,,-999.6,,,,,,,,,,,,,,,,,,,,,,,,,,,,
2012-11-15 22:00:00,997.4,22.6,76,0.7,72.0,,,0.0,,,,,,,,,,,,,,,,,,,,,,,,,,,,
2012-11-15 23:00:00,997.5,22.8,76,0.2,0.0,,,0.0,,,,,,,,,,,,,,,,,,,,,,,,,,,,
2012-11-16 00:00:00,997.4,22.4,77,0.1,0.0,,,0.0,,,,,,,,,,,,,,,,,,,,,,,,,,,,
2012-11-16 01:00:00,996.9,22.2,79,0.1,0.0,,,0.0,,,,,,,,,,,,,,,,,,,,,,,,,,,,
2012-11-16 02:00:00,996.9,22.1,79,0.1,0.0,,,0.0,,,,,,,,,,,,,,,,,,,,,,,,,,,,
2012-11-16 03:00:00,997.1,22.3,73,0.2,0.0,,,0.0,,,,,,,,,,,,,,,,,,,,,,,,,,,,
2012-11-16 04:00:00,997.3,22.4,73,0.2,0.0,,,0.0,,,,,,,,,,,,,,,,,,,,,,,,,,,,
2012-11-16 05:00:00,997.4,21.8,76,0.2,0.0,,,0.0,,,,,,,,,,,,,,,,,,,,,,,,,,,,
2012-11-16 06:00:00,997.8,21.8,76,0.4,251.0,,,0.0,,,,,,,,,,,,,,,,,,,,,,,,,,,,
2012-11-16 07:00:00,998.1,21.7,77,0.1,0.0,,,0.0,,,,,,,,,,,,,,,,,,,,,,,,,,,,
2012-11-16 08:00:00,998.8,22.6,75,0.4,305.0,,,0.0,,,,,,,,,,,,,,,,,,,,,,,,,,,,
2012-11-16 09:00:00,998.9,24.5,67,0.5,223.0,,,0.0,,,,,,,,,,,,,,,,,,,,,,,,,,,,
2012-11-16 10:00:00,998.8,25.8,62,0.8,306.0,,,0.0,,,,,,,,,,,,,,,,,,,,,,,,,,,,
2012-11-16 11:00:00,998.0,26.9,55,0.6,237.0,,,0.0,,,,,,,,,,,,,,,,,,,,,,,,,,,,
2012-11-16 12:00:00,996.8,27.9,50,0.7,254.0,,,0.0,,,,,,,,,,,,,,,,,,,,,,,,,,,,
2012-11-16 13:00:00,995.8,29.1,46,0.7,262.0,,,0.0,,,,,,,,,,,,,,,,,,,,,,,,,,,,
2012-11-16 14:00:00,995.4,27.7,61,1.0,288.0,,,0.0,,,,,,,,,,,,,,,,,,,,,,,,,,,,
2012-11-16 15:00:00,995.2,26.3,65,0.8,305.0,,,0.0,,,,,,,,,,,,,,,,,,,,,,,,,,,,
2012-11-16 16:00:00,995.2,25.1,71,0.8,16.0,,,0.0,,,,,,,,,,,,,,,,,,,,,,,,,,,,
2012-11-16 17:00:00,995.2,23.7,75,0.6,292.0,,,0.0,,,,,,,,,,,,,,,,,,,,,,,,,,,,
2012-11-16 18:00:00,995.3,23.1,80,0.6,317.0,,,0.0,,,,,,,,,,,,,,,,,,,,,,,,,,,,
2012-11-16 19:00:00,995.9,22.6,82,0.2,0.0,,,0.0,,,,,,,,,,,,,,,,,,,,,,,,,,,,
2012-11-16 20:00:00,995.7,23.3,78,0.3,281.0,,,0.0,,,,,,,,,,,,,,,,,,,,,,,,,,,,
2012-11-16 21:00:00,996.0,23.3,78,0.4,56.0,,,0.0,,,,,,,,,,,,,,,,,,,,,,,,,,,,
2012-11-16 22:00:00,996.9,22.3,85,0.4,23.0,,,0.0,,,,,,,,,,,,,,,,,,,,,,,,,,,,
2012-11-16 23:00:00,996.4,22.5,83,0.5,50.0,,,0.0,,,,,,,,,,,,,,,,,,,,,,,,,,,,
2012-11-17 00:00:00,996.1,22.8,82,0.0,0.0,,,0.0,,,,,,,,,,,,,,,,,,,,,,,,,,,,
2012-11-17 01:00:00,995.8,22.8,83,0.0,0.0,,,0.0,,,,,,,,,,,,,,,,,,,,,,,,,,,,
2012-11-17 02:00:00,995.8,22.8,82,0.3,346.0,,,0.0,,,,,,,,,,,,,,,,,,,,,,,,,,,,
2012-11-17 03:00:00,995.6,22.0,91,0.3,123.0,,,1.0,,,,,,,,,,,,,,,,,,,,,,,,,,,,
2012-11-17 04:00:00,995.6,21.5,93,0.0,0.0,,,0.5,,,,,,,,,,,,,,,,,,,,,,,,,,,,
2012-11-17 05:00:00,995.5,20.8,92,0.6,37.0,,,2.5,,,,,,,,,,,,,,,,,,,,,,,,,,,,
2012-11-17 06:00:00,995.9,20.3,90,0.6,38.0,,,1.0,,,,,,,,,,,,,,,,,,,,,,,,,,,,
2012-11-17 07:00:00,995.9,20.5,86,0.8,39.0,,,0.5,,,,,,,,,,,,,,,,,,,,,,,,,,,,
2012-11-17 08:00:00,995.9,20.5,86,0.5,53.0,,,0.5,,,,,,,,,,,,,,,,,,,,,,,,,,,,
2012-11-17 09:00:00,995.8,21.4,79,0.5,41.0,,,0.0,,,,,,,,,,,,,,,,,,,,,,,,,,,,
2012-11-17 10:00:00,996.1,21.9,72,0.8,25.0,,,0.0,,,,,,,,,,,,,,,,,,,,,,,,,,,,
2012-11-17 11:00:00,995.6,21.0,78,0.7,37.0,,,1.0,,,,,,,,,,,,,,,,,,,,,,,,,,,,
2012-11-17 12:00:00,995.3,20.5,86,0.6,48.0,,,1.5,,,,,,,,,,,,,,,,,,,,,,,,,,,,
2012-11-17 13:00:00,994.5,21.1,86,0.4,25.0,,,0.5,,,,,,,,,,,,,,,,,,,,,,,,,,,,
2012-11-17 14:00:00,994.1,20.3,90,0.6,26.0,,,0.5,,,,,,,,,,,,,,,,,,,,,,,,,,,,
2012-11-17 15:00:00,994.0,19.6,93,0.4,24.0,,,3.0,,,,,,,,,,,,,,,,,,,,,,,,,,,,
2012-11-17 16:00:00,994.5,18.5,92,0.5,34.0,,,2.5,,,,,,,,,,,,,,,,,,,,,,,,,,,,
2012-11-17 17:00:00,994.6,18.9,94,0.4,342.0,,,1.5,,,,,,,,,,,,,,,,,,,,,,,,,,,,
2012-11-17 18:00:00,994.6,17.7,93,0.6,33.0,,,1.0,,,,,,,,,,,,,,,,,,,,,,,,,,,,
2012-11-17 19:00:00,994.4,17.8,90,0.6,34.0,,,0.0,,,,,,,,,,,,,,,,,,,,,,,,,,,,
2012-11-17 20:00:00,994.7,16.9,91,0.5,350.0,,,0.0,,,,,,,,,,,,,,,,,,,,,,,,,,,,
2012-11-17 21:00:00,995.2,16.8,88,0.6,18.0,,,-999.6,,,,,,,,,,,,,,,,,,,,,,,,,,,,
2012-11-17 22:00:00,995.2,16.9,88,0.5,328.0,,,0.0,,,,,,,,,,,,,,,,,,,,,,,,,,,,
2012-11-17 23:00:00,995.4,17.2,87,0.5,24.0,,,0.0,,,,,,,,,,,,,,,,,,,,,,,,,,,,
2012-11-18 00:00:00,995.3,17.2,86,0.6,33.0,,,0.0,,,,,,,,,,,,,,,,,,,,,,,,,,,,
2012-11-18 01:00:00,994.3,17.3,86,0.5,39.0,,,0.0,,,,,,,,,,,,,,,,,,,,,,,,,,,,
2012-11-18 02:00:00,994.3,16.9,87,0.6,309.0,,,0.0,,,,,,,,,,,,,,,,,,,,,,,,,,,,
2012-11-18 03:00:00,994.0,17.0,90,0.4,29.0,,,0.5,,,,,,,,,,,,,,,,,,,,,,,,,,,,
2012-11-18 04:00:00,993.9,16.9,91,0.4,38.0,,,0.0,,,,,,,,,,,,,,,,,,,,,,,,,,,,
2012-11-18 05:00:00,993.9,17.0,92,0.4,48.0,,,0.5,,,,,,,,,,,,,,,,,,,,,,,,,,,,
2012-11-18 06:00:00,994.7,16.9,93,0.5,324.0,,,1.0,,,,,,,,,,,,,,,,,,,,,,,,,,,,
2012-11-18 07:00:00,995.1,16.4,93,0.4,35.0,,,1.5,,,,,,,,,,,,,,,,,,,,,,,,,,,,
2012-11-18 08:00:00,995.5,17.1,94,0.4,36.0,,,1.0,,,,,,,,,,,,,,,,,,,,,,,,,,,,
2012-11-18 09:00:00,996.1,18.2,94,0.2,0.0,,,0.5,,,,,,,,,,,,,,,,,,,,,,,,,,,,
2012-11-18 10:00:00,996.7,16.8,95,0.5,321.0,,,2.0,,,,,,,,,,,,,,,,,,,,,,,,,,,,
2012-11-18 11:00:00,996.1,17.5,97,0.4,14.0,,,4.0,,,,,,,,,,,,,,,,,,,,,,,,,,,,
2012-11-18 12:00:00,995.8,17.0,97,0.4,297.0,,,3.0,,,,,,,,,,,,,,,,,,,,,,,,,,,,
2012-11-18 13:00:00,995.2,17.8,97,0.3,335.0,,,2.0,,,,,,,,,,,,,,,,,,,,,,,,,,,,
2012-11-18 14:00:00,994.7,17.9,96,0.3,329.0,,,0.5,,,,,,,,,,,,,,,,,,,,,,,,,,,,
2012-11-18 15:00:00,994.9,17.6,97,0.4,24.0,,,1.5,,,,,,,,,,,,,,,,,,,,,,,,,,,,
2012-11-18 16:00:00,995.0,17.4,98,0.4,323.0,,,2.5,,,,,,,,,,,,,,,,,,,,,,,,,,,,
2012-11-18 17:00:00,995.5,17.3,98,0.4,23.0,,,3.5,,,,,,,,,,,,,,,,,,,,,,,,,,,,
2012-11-18 18:00:00,995.9,17.4,98,0.4,351.0,,,0.0,,,,,,,,,,,,,,,,,,,,,,,,,,,,
2012-11-18 19:00:00,996.5,17.3,98,0.4,325.0,,,1.0,,,,,,,,,,,,,,,,,,,,,,,,,,,,
2012-11-18 20:00:00,996.6,17.3,98,0.2,0.0,,,1.5,,,,,,,,,,,,,,,,,,,,,,,,,,,,
2012-11-18 21:00:00,996.7,17.4,97,0.4,70.0,,,0.0,,,,,,,,,,,,,,,,,,,,,,,,,,,,
2012-11-18 22:00:00,996.9,17.7,96,0.4,313.0,,,0.0,,,,,,,,,,,,,,,,,,,,,,,,,,,,
2012-11-18 23:00:00,996.7,17.9,94,0.3,58.0,,,0.0,,,,,,,,,,,,,,,,,,,,,,,,,,,,
2012-11-19 00:00:00,996.5,17.6,93,0.4,39.0,,,0.0,,,,,,,,,,,,,,,,,,,,,,,,,,,,
2012-11-19 01:00:00,996.0,17.6,94,0.3,8.0,,,0.0,,,,,,,,,,,,,,,,,,,,,,,,,,,,
2012-11-19 02:00:00,995.6,16.6,96,0.4,336.0,,,0.0,,,,,,,,,,,,,,,,,,,,,,,,,,,,
2012-11-19 03:00:00,995.2,17.3,90,0.4,33.0,,,0.0,,,,,,,,,,,,,,,,,,,,,,,,,,,,
2012-11-19 04:00:00,995.2,17.1,91,0.4,323.0,,,0.0,,,,,,,,,,,,,,,,,,,,,,,,,,,,
2012-11-19 05:00:00,995.5,16.6,93,0.3,18.0,,,0.0,,,,,,,,,,,,,,,,,,,,,,,,,,,,
2012-11-19 06:00:00,996.1,16.8,91,0.3,59.0,,,0.0,,,,,,,,,,,,,,,,,,,,,,,,,,,,
2012-11-19 07:00:00,996.2,16.8,92,0.3,63.0,,,0.0,,,,,,,,,,,,,,,,,,,,,,,,,,,,
2012-11-19 08:00:00,996.7,18.6,86,0.4,70.0,,,0.0,,,,,,,,,,,,,,,,,,,,,,,,,,,,
2012-11-19 09:00:00,997.4,21.5,72,0.6,326.0,,,0.0,,,,,,,,,,,,,,,,,,,,,,,,,,,,
2012-11-19 10:00:00,997.4,22.9,65,0.6,6.0,,,0.0,,,,,,,,,,,,,,,,,,,,,,,,,,,,
2012-11-19 11:00:00,996.8,23.4,66,0.9,307.0,,,0.0,,,,,,,,,,,,,,,,,,,,,,,,,,,,
2012-11-19 12:00:00,996.0,23.3,66,0.8,339.0,,,0.0,,,,,,,,,,,,,,,,,,,,,,,,,,,,
2012-11-19 13:00:00,995.0,25.0,60,0.8,348.0,,,0.0,,,,,,,,,,,,,,,,,,,,,,,,,,,,
2012-11-19 14:00:00,994.6,25.1,59,0.7,353.0,,,0.0,,,,,,,,,,,,,,,,,,,,,,,,,,,,
2012-11-19 15:00:00,994.8,24.9,61,0.8,299.0,,,0.0,,,,,,,,,,,,,,,,,,,,,,,,,,,,
2012-11-19 16:00:00,995.0,23.7,67,0.7,317.0,,,0.0,,,,,,,,,,,,,,,,,,,,,,,,,,,,
2012-11-19 17:00:00,995.1,21.5,77,0.6,313.0,,,0.0,,,,,,,,,,,,,,,,,,,,,,,,,,,,
2012-11-19 18:00:00,995.2,20.8,80,0.5,351.0,,,0.0,,,,,,,,,,,,,,,,,,,,,,,,,,,,
2012-11-19 19:00:00,995.8,20.0,82,0.4,356.0,,,0.0,,,,,,,,,,,,,,,,,,,,,,,,,,,,
2012-11-19 20:00:00,996.4,19.8,85,0.3,333.0,,,0.0,,,,,,,,,,,,,,,,,,,,,,,,,,,,
2012-11-19 21:00:00,996.6,19.4,87,0.4,317.0,,,0.0,,,,,,,,,,,,,,,,,,,,,,,,,,,,
2012-11-19 22:00:00,996.6,19.4,91,0.1,0.0,,,0.0,,,,,,,,,,,,,,,,,,,,,,,,,,,,
2012-11-19 23:00:00,996.7,19.2,91,0.1,0.0,,,0.0,,,,,,,,,,,,,,,,,,,,,,,,,,,,
2012-11-20 00:00:00,996.5,18.5,92,0.0,0.0,,,0.0,,,,,,,,,,,,,,,,,,,,,,,,,,,,
2012-11-20 01:00:00,996.2,18.6,95,0.1,0.0,,,0.0,,,,,,,,,,,,,,,,,,,,,,,,,,,,
2012-11-20 02:00:00,996.2,18.9,92,0.3,90.0,,,0.0,,,,,,,,,,,,,,,,,,,,,,,,,,,,
2012-11-20 03:00:00,996.5,18.6,92,0.2,0.0,,,0.0,,,,,,,,,,,,,,,,,,,,,,,,,,,,
2012-11-20 04:00:00,996.8,18.9,92,0.0,0.0,,,0.0,,,,,,,,,,,,,,,,,,,,,,,,,,,,
2012-11-20 05:00:00,996.8,18.9,92,0.2,0.0,,,0.0,,,,,,,,,,,,,,,,,,,,,,,,,,,,
2012-11-20 06:00:00,997.5,19.0,91,0.0,0.0,,,0.0,,,,,,,,,,,,,,,,,,,,,,,,,,,,
2012-11-20 07:00:00,997.7,19.5,87,0.0,0.0,,,0.0,,,,,,,,,,,,,,,,,,,,,,,,,,,,
2012-11-20 08:00:00,998.0,20.5,84,0.2,0.0,,,0.0,,,,,,,,,,,,,,,,,,,,,,,,,,,,
2012-11-20 09:00:00,998.1,22.1,65,0.5,50.0,,,0.0,,,,,,,,,,,,,,,,,,,,,,,,,,,,
2012-11-20 10:00:00,998.2,23.2,65,0.5,280.0,,,0.0,,,,,,,,,,,,,,,,,,,,,,,,,,,,
2012-11-20 11:00:00,997.7,24.3,64,0.4,127.0,,,0.0,,,,,,,,,,,,,,,,,,,,,,,,,,,,
2012-11-20 12:00:00,996.9,24.8,63,0.5,255.0,,,0.0,,,,,,,,,,,,,,,,,,,,,,,,,,,,
2012-11-20 13:00:00,995.6,25.9,57,0.6,294.0,,,0.0,,,,,,,,,,,,,,,,,,,,,,,,,,,,
2012-11-20 14:00:00,994.6,26.6,53,0.5,134.0,,,0.0,,,,,,,,,,,,,,,,,,,,,,,,,,,,
2012-11-20 15:00:00,994.5,24.7,67,0.9,300.0,,,0.0,,,,,,,,,,,,,,,,,,,,,,,,,,,,
2012-11-20 16:00:00,994.5,22.8,75,0.6,318.0,,,0.0,,,,,,,,,,,,,,,,,,,,,,,,,,,,
2012-11-20 17:00:00,994.7,22.5,76,0.5,319.0,,,0.0,,,,,,,,,,,,,,,,,,,,,,,,,,,,
2012-11-20 18:00:00,994.8,22.1,79,0.4,337.0,,,0.0,,,,,,,,,,,,,,,,,,,,,,,,,,,,
2012-11-20 19:00:00,995.3,22.1,80,0.4,27.0,,,0.0,,,,,,,,,,,,,,,,,,,,,,,,,,,,
2012-11-20 20:00:00,995.8,21.9,81,0.3,30.0,,,0.0,,,,,,,,,,,,,,,,,,,,,,,,,,,,
2012-11-20 21:00:00,996.1,22.1,80,0.2,0.0,,,0.0,,,,,,,,,,,,,,,,,,,,,,,,,,,,
2012-11-20 22:00:00,996.3,21.5,85,0.0,0.0,,,0.0,,,,,,,,,,,,,,,,,,,,,,,,,,,,
2012-11-20 23:00:00,995.7,21.5,85,0.0,0.0,,,0.0,,,,,,,,,,,,,,,,,,,,,,,,,,,,
2012-11-21 00:00:00,995.6,21.3,87,0.1,0.0,,,0.0,,,,,,,,,,,,,,,,,,,,,,,,,,,,
2012-11-21 01:00:00,995.6,21.0,89,0.1,0.0,,,0.0,,,,,,,,,,,,,,,,,,,,,,,,,,,,
2012-11-21 02:00:00,994.9,20.6,89,0.4,81.0,,,0.0,,,,,,,,,,,,,,,,,,,,,,,,,,,,
2012-11-21 03:00:00,994.7,20.7,89,0.1,0.0,,,0.0,,,,,,,,,,,,,,,,,,,,,,,,,,,,
2012-11-21 04:00:00,994.2,20.7,89,0.5,251.0,,,-999.6,,,,,,,,,,,,,,,,,,,,,,,,,,,,
2012-11-21 05:00:00,994.6,20.4,92,0.4,303.0,,,0.0,,,,,,,,,,,,,,,,,,,,,,,,,,,,
2012-11-21 06:00:00,995.5,20.5,92,0.3,91.0,,,0.0,,,,,,,,,,,,,,,,,,,,,,,,,,,,
2012-11-21 07:00:00,995.9,20.3,94,0.0,0.0,,,0.5,,,,,,,,,,,,,,,,,,,,,,,,,,,,
2012-11-21 08:00:00,996.0,20.8,88,0.1,0.0,,,0.5,,,,,,,,,,,,,,,,,,,,,,,,,,,,
2012-11-21 09:00:00,996.1,21.7,88,0.2,0.0,,,0.0,,,,,,,,,,,,,,,,,,,,,,,,,,,,
2012-11-21 10:00:00,995.2,22.9,75,0.3,273.0,,,0.0,,,,,,,,,,,,,,,,,,,,,,,,,,,,
2012-11-21 11:00:00,995.0,23.0,76,0.2,0.0,,,0.0,,,,,,,,,,,,,,,,,,,,,,,,,,,,
2012-11-21 12:00:00,994.7,22.5,83,0.3,269.0,,,0.0,,,,,,,,,,,,,,,,,,,,,,,,,,,,
2012-11-21 13:00:00,993.4,22.0,89,0.4,65.0,,,1.5,,,,,,,,,,,,,,,,,,,,,,,,,,,,
2012-11-21 14:00:00,991.9,24.0,72,0.0,0.0,,,0.0,,,,,,,,,,,,,,,,,,,,,,,,,,,,
2012-11-21 15:00:00,991.8,23.0,83,0.5,293.0,,,0.0,,,,,,,,,,,,,,,,,,,,,,,,,,,,
2012-11-21 16:00:00,991.6,23.4,76,0.4,24.0,,,0.0,,,,,,,,,,,,,,,,,,,,,,,,,,,,
2012-11-21 17:00:00,992.1,23.3,82,0.1,0.0,,,0.0,,,,,,,,,,,,,,,,,,,,,,,,,,,,
2012-11-21 18:00:00,992.6,22.8,86,0.1,0.0,,,0.0,,,,,,,,,,,,,,,,,,,,,,,,,,,,
2012-11-21 19:00:00,993.0,22.6,85,0.1,0.0,,,0.0,,,,,,,,,,,,,,,,,,,,,,,,,,,,
2012-11-21 20:00:00,993.4,22.2,90,0.2,0.0,,,0.0,,,,,,,,,,,,,,,,,,,,,,,,,,,,
2012-11-21 21:00:00,993.6,21.6,90,0.0,0.0,,,0.0,,,,,,,,,,,,,,,,,,,,,,,,,,,,
2012-11-21 22:00:00,994.0,22.2,88,0.2,0.0,,,0.0,,,,,,,,,,,,,,,,,,,,,,,,,,,,
2012-11-21 23:00:00,993.4,21.9,89,0.3,52.0,,,0.0,,,,,,,,,,,,,,,,,,,,,,,,,,,,
2012-11-22 00:00:00,992.4,22.1,87,0.1,0.0,,,0.0,,,,,,,,,,,,,,,,,,,,,,,,,,,,
2012-11-22 01:00:00,991.7,21.8,91,0.4,57.0,,,0.0,,,,,,,,,,,,,,,,,,,,,,,,,,,,
2012-11-22 02:00:00,991.3,21.6,92,0.2,0.0,,,0.0,,,,,,,,,,,,,,,,,,,,,,,,,,,,
2012-11-22 03:00:00,991.1,21.7,91,0.1,0.0,,,0.0,,,,,,,,,,,,,,,,,,,,,,,,,,,,
2012-11-22 04:00:00,991.4,21.7,92,0.2,0.0,,,0.0,,,,,,,,,,,,,,,,,,,,,,,,,,,,
2012-11-22 05:00:00,991.4,22.0,88,0.2,0.0,,,0.0,,,,,,,,,,,,,,,,,,,,,,,,,,,,
2012-11-22 06:00:00,992.1,21.8,89,0.2,0.0,,,0.0,,,,,,,,,,,,,,,,,,,,,,,,,,,,
2012-11-22 07:00:00,992.9,22.3,88,0.4,296.0,,,0.0,,,,,,,,,,,,,,,,,,,,,,,,,,,,
2012-11-22 08:00:00,993.4,23.1,85,0.5,87.0,,,0.0,,,,,,,,,,,,,,,,,,,,,,,,,,,,
2012-11-22 09:00:00,993.7,25.5,70,0.3,122.0,,,0.0,,,,,,,,,,,,,,,,,,,,,,,,,,,,
2012-11-22 10:00:00,993.5,26.8,66,0.3,256.0,,,0.0,,,,,,,,,,,,,,,,,,,,,,,,,,,,
2012-11-22 11:00:00,992.6,27.9,66,0.5,119.0,,,0.0,,,,,,,,,,,,,,,,,,,,,,,,,,,,
2012-11-22 12:00:00,991.7,28.1,66,0.8,264.0,,,0.0,,,,,,,,,,,,,,,,,,,,,,,,,,,,
2012-11-22 13:00:00,990.6,28.4,65,0.8,259.0,,,0.0,,,,,,,,,,,,,,,,,,,,,,,,,,,,
2012-11-22 14:00:00,990.2,28.1,69,0.7,253.0,,,0.0,,,,,,,,,,,,,,,,,,,,,,,,,,,,
2012-11-22 15:00:00,989.9,27.0,76,1.1,243.0,,,0.0,,,,,,,,,,,,,,,,,,,,,,,,,,,,
2012-11-22 16:00:00,990.4,26.2,76,0.6,247.0,,,0.0,,,,,,,,,,,,,,,,,,,,,,,,,,,,
2012-11-22 17:00:00,990.8,25.5,80,0.3,258.0,,,0.0,,,,,,,,,,,,,,,,,,,,,,,,,,,,
2012-11-22 18:00:00,990.9,25.3,83,0.4,260.0,,,0.0,,,,,,,,,,,,,,,,,,,,,,,,,,,,
2012-11-22 19:00:00,991.6,25.2,85,0.2,0.0,,,0.0,,,,,,,,,,,,,,,,,,,,,,,,,,,,
2012-11-22 20:00:00,991.8,25.0,87,0.3,169.0,,,0.0,,,,,,,,,,,,,,,,,,,,,,,,,,,,
2012-11-22 21:00:00,992.1,24.5,91,0.5,196.0,,,0.0,,,,,,,,,,,,,,,,,,,,,,,,,,,,
2012-11-22 22:00:00,992.3,24.5,90,0.4,280.0,,,0.0,,,,,,,,,,,,,,,,,,,,,,,,,,,,
2012-11-22 23:00:00,992.0,24.3,88,0.3,76.0,,,0.0,,,,,,,,,,,,,,,,,,,,,,,,,,,,
2012-11-23 00:00:00,992.1,24.2,90,0.4,36.0,,,0.0,,,,,,,,,,,,,,,,,,,,,,,,,,,,
2012-11-23 01:00:00,992.2,24.0,89,0.4,113.0,,,0.0,,,,,,,,,,,,,,,,,,,,,,,,,,,,
2012-11-23 02:00:00,992.1,23.7,92,0.3,113.0,,,0.0,,,,,,,,,,,,,,,,,,,,,,,,,,,,
2012-11-23 03:00:00,991.7,23.7,91,0.2,0.0,,,0.0,,,,,,,,,,,,,,,,,,,,,,,,,,,,
2012-11-23 04:00:00,991.6,24.1,88,0.4,272.0,,,0.0,,,,,,,,,,,,,,,,,,,,,,,,,,,,
2012-11-23 05:00:00,991.7,24.0,89,0.3,253.0,,,0.0,,,,,,,,,,,,,,,,,,,,,,,,,,,,
2012-11-23 06:00:00,992.5,23.7,92,0.2,0.0,,,0.0,,,,,,,,,,,,,,,,,,,,,,,,,,,,
2012-11-23 07:00:00,993.0,23.7,94,0.1,0.0,,,0.5,,,,,,,,,,,,,,,,,,,,,,,,,,,,
2012-11-23 08:00:00,993.4,24.0,91,0.3,240.0,,,0.0,,,,,,,,,,,,,,,,,,,,,,,,,,,,
2012-11-23 09:00:00,993.7,24.2,88,0.3,183.0,,,0.0,,,,,,,,,,,,,,,,,,,,,,,,,,,,
2012-11-23 10:00:00,994.3,20.6,93,1.1,47.0,,,1.0,,,,,,,,,,,,,,,,,,,,,,,,,,,,
2012-11-23 11:00:00,994.2,20.3,96,0.6,47.0,,,14.0,,,,,,,,,,,,,,,,,,,,,,,,,,,,
2012-11-23 12:00:00,992.8,21.0,95,0.4,34.0,,,6.5,,,,,,,,,,,,,,,,,,,,,,,,,,,,
2012-11-23 13:00:00,992.7,21.9,92,0.4,260.0,,,0.0,,,,,,,,,,,,,,,,,,,,,,,,,,,,
2012-11-23 14:00:00,993.3,21.8,96,0.2,0.0,,,1.5,,,,,,,,,,,,,,,,,,,,,,,,,,,,
2012-11-23 15:00:00,992.7,21.4,96,0.3,250.0,,,2.5,,,,,,,,,,,,,,,,,,,,,,,,,,,,
2012-11-23 16:00:00,992.6,20.5,96,0.6,354.0,,,0.5,,,,,,,,,,,,,,,,,,,,,,,,,,,,
2012-11-23 17:00:00,993.4,19.3,93,0.9,26.0,,,0.5,,,,,,,,,,,,,,,,,,,,,,,,,,,,
2012-11-23 18:00:00,993.4,18.9,90,0.7,38.0,,,0.0,,,,,,,,,,,,,,,,,,,,,,,,,,,,
2012-11-23 19:00:00,993.5,19.1,87,0.5,39.0,,,0.0,,,,,,,,,,,,,,,,,,,,,,,,,,,,
2012-11-23 20:00:00,994.0,18.7,87,0.5,35.0,,,0.0,,,,,,,,,,,,,,,,,,,,,,,,,,,,
2012-11-23 21:00:00,994.6,18.2,87,0.6,32.0,,,0.0,,,,,,,,,,,,,,,,,,,,,,,,,,,,
2012-11-23 22:00:00,995.1,18.6,84,0.4,31.0,,,0.0,,,,,,,,,,,,,,,,,,,,,,,,,,,,
2012-11-23 23:00:00,995.2,18.0,86,0.4,47.0,,,0.0,,,,,,,,,,,,,,,,,,,,,,,,,,,,
2012-11-24 00:00:00,995.0,18.1,85,0.4,31.0,,,0.0,,,,,,,,,,,,,,,,,,,,,,,,,,,,
2012-11-24 01:00:00,995.0,18.1,83,0.5,27.0,,,0.0,,,,,,,,,,,,,,,,,,,,,,,,,,,,
2012-11-24 02:00:00,995.0,18.1,83,0.4,42.0,,,0.0,,,,,,,,,,,,,,,,,,,,,,,,,,,,
2012-11-24 03:00:00,994.4,18.0,82,0.5,41.0,,,0.0,,,,,,,,,,,,,,,,,,,,,,,,,,,,
2012-11-24 04:00:00,994.3,18.2,81,0.4,33.0,,,0.0,,,,,,,,,,,,,,,,,,,,,,,,,,,,
2012-11-24 05:00:00,994.9,18.4,81,0.4,349.0,,,0.0,,,,,,,,,,,,,,,,,,,,,,,,,,,,
2012-11-24 06:00:00,996.1,18.0,82,0.4,337.0,,,0.0,,,,,,,,,,,,,,,,,,,,,,,,,,,,
2012-11-24 07:00:00,996.4,18.3,80,0.4,40.0,,,0.0,,,,,,,,,,,,,,,,,,,,,,,,,,,,
2012-11-24 08:00:00,996.9,19.2,77,0.5,337.0,,,0.0,,,,,,,,,,,,,,,,,,,,,,,,,,,,
2012-11-24 09:00:00,997.6,20.1,74,0.5,36.0,,,0.0,,,,,,,,,,,,,,,,,,,,,,,,,,,,
2012-11-24 10:00:00,997.9,19.9,75,0.4,325.0,,,0.0,,,,,,,,,,,,,,,,,,,,,,,,,,,,
2012-11-24 11:00:00,997.6,18.9,85,0.4,45.0,,,0.5,,,,,,,,,,,,,,,,,,,,,,,,,,,,
2012-11-24 12:00:00,996.9,20.0,80,0.4,319.0,,,0.0,,,,,,,,,,,,,,,,,,,,,,,,,,,,
2012-11-24 13:00:00,995.8,20.7,80,0.4,43.0,,,0.0,,,,,,,,,,,,,,,,,,,,,,,,,,,,
2012-11-24 14:00:00,995.5,21.2,75,0.2,0.0,,,0.0,,,,,,,,,,,,,,,,,,,,,,,,,,,,
2012-11-24 15:00:00,995.2,21.4,78,0.3,292.0,,,0.0,,,,,,,,,,,,,,,,,,,,,,,,,,,,
2012-11-24 16:00:00,995.8,20.1,82,0.4,327.0,,,0.0,,,,,,,,,,,,,,,,,,,,,,,,,,,,
2012-11-24 17:00:00,996.6,19.6,83,0.3,320.0,,,0.0,,,,,,,,,,,,,,,,,,,,,,,,,,,,
2012-11-24 18:00:00,996.2,19.8,84,0.3,37.0,,,0.0,,,,,,,,,,,,,,,,,,,,,,,,,,,,
2012-11-24 19:00:00,996.7,19.7,85,0.3,316.0,,,0.0,,,,,,,,,,,,,,,,,,,,,,,,,,,,
2012-11-24 20:00:00,997.3,20.0,85,0.0,0.0,,,0.0,,,,,,,,,,,,,,,,,,,,,,,,,,,,
2012-11-24 21:00:00,997.4,20.2,87,0.2,0.0,,,0.0,,,,,,,,,,,,,,,,,,,,,,,,,,,,
2012-11-24 22:00:00,997.4,20.4,88,0.0,0.0,,,0.0,,,,,,,,,,,,,,,,,,,,,,,,,,,,
2012-11-24 23:00:00,997.1,20.5,89,0.1,0.0,,,0.0,,,,,,,,,,,,,,,,,,,,,,,,,,,,
2012-11-25 00:00:00,996.8,19.8,90,0.6,297.0,,,0.0,,,,,,,,,,,,,,,,,,,,,,,,,,,,
2012-11-25 01:00:00,997.1,19.9,89,0.1,0.0,,,0.0,,,,,,,,,,,,,,,,,,,,,,,,,,,,
2012-11-25 02:00:00,996.4,20.0,88,0.2,0.0,,,0.0,,,,,,,,,,,,,,,,,,,,,,,,,,,,
2012-11-25 03:00:00,996.1,20.1,87,0.3,78.0,,,0.0,,,,,,,,,,,,,,,,,,,,,,,,,,,,
2012-11-25 04:00:00,995.9,20.0,88,0.2,0.0,,,0.0,,,,,,,,,,,,,,,,,,,,,,,,,,,,
2012-11-25 05:00:00,995.9,20.0,90,0.0,0.0,,,0.0,,,,,,,,,,,,,,,,,,,,,,,,,,,,
2012-11-25 06:00:00,996.4,19.4,92,0.2,0.0,,,0.0,,,,,,,,,,,,,,,,,,,,,,,,,,,,
2012-11-25 07:00:00,996.8,19.6,96,0.0,0.0,,,0.0,,,,,,,,,,,,,,,,,,,,,,,,,,,,
2012-11-25 08:00:00,997.5,21.4,86,0.3,263.0,,,0.0,,,,,,,,,,,,,,,,,,,,,,,,,,,,
2012-11-25 09:00:00,998.1,23.9,76,0.4,282.0,,,0.0,,,,,,,,,,,,,,,,,,,,,,,,,,,,
2012-11-25 10:00:00,998.0,24.7,70,0.6,244.0,,,0.0,,,,,,,,,,,,,,,,,,,,,,,,,,,,
2012-11-25 11:00:00,997.7,26.0,62,1.1,263.0,,,0.0,,,,,,,,,,,,,,,,,,,,,,,,,,,,
2012-11-25 12:00:00,996.7,26.8,60,0.6,253.0,,,0.0,,,,,,,,,,,,,,,,,,,,,,,,,,,,
2012-11-25 13:00:00,995.3,27.5,60,0.7,209.0,,,-999.6,,,,,,,,,,,,,,,,,,,,,,,,,,,,
2012-11-25 14:00:00,994.2,28.1,58,0.7,141.0,,,0.0,,,,,,,,,,,,,,,,,,,,,,,,,,,,
2012-11-25 15:00:00,993.7,28.2,57,0.6,249.0,,,0.0,,,,,,,,,,,,,,,,,,,,,,,,,,,,
2012-11-25 16:00:00,993.5,24.7,77,0.7,344.0,,,0.0,,,,,,,,,,,,,,,,,,,,,,,,,,,,
2012-11-25 17:00:00,994.3,22.9,86,0.8,302.0,,,0.0,,,,,,,,,,,,,,,,,,,,,,,,,,,,
2012-11-25 18:00:00,995.0,21.7,90,0.5,327.0,,,0.0,,,,,,,,,,,,,,,,,,,,,,,,,,,,
2012-11-25 19:00:00,995.8,21.2,91,0.4,326.0,,,0.0,,,,,,,,,,,,,,,,,,,,,,,,,,,,
2012-11-25 20:00:00,995.5,21.2,91,0.3,58.0,,,0.0,,,,,,,,,,,,,,,,,,,,,,,,,,,,
2012-11-25 21:00:00,994.9,21.9,88,0.3,262.0,,,0.0,,,,,,,,,,,,,,,,,,,,,,,,,,,,
2012-11-25 22:00:00,995.2,22.2,87,0.3,233.0,,,0.0,,,,,,,,,,,,,,,,,,,,,,,,,,,,
2012-11-25 23:00:00,995.2,22.4,86,0.1,0.0,,,0.0,,,,,,,,,,,,,,,,,,,,,,,,,,,,
2012-11-26 00:00:00,994.9,22.5,86,0.2,0.0,,,0.0,,,,,,,,,,,,,,,,,,,,,,,,,,,,
2012-11-26 01:00:00,993.8,22.9,83,0.2,0.0,,,0.0,,,,,,,,,,,,,,,,,,,,,,,,,,,,
2012-11-26 02:00:00,993.0,22.9,83,0.1,0.0,,,0.0,,,,,,,,,,,,,,,,,,,,,,,,,,,,
2012-11-26 03:00:00,992.5,22.3,87,0.3,173.0,,,0.0,,,,,,,,,,,,,,,,,,,,,,,,,,,,
2012-11-26 04:00:00,992.5,22.3,86,0.1,0.0,,,0.0,,,,,,,,,,,,,,,,,,,,,,,,,,,,
2012-11-26 05:00:00,992.7,22.4,83,0.2,0.0,,,0.0,,,,,,,,,,,,,,,,,,,,,,,,,,,,
2012-11-26 06:00:00,993.3,22.2,84,0.2,0.0,,,0.0,,,,,,,,,,,,,,,,,,,,,,,,,,,,
2012-11-26 07:00:00,993.6,22.9,80,0.2,0.0,,,0.0,,,,,,,,,,,,,,,,,,,,,,,,,,,,
2012-11-26 08:00:00,994.4,23.7,77,0.3,289.0,,,0.0,,,,,,,,,,,,,,,,,,,,,,,,,,,,
2012-11-26 09:00:00,994.7,24.1,79,0.2,0.0,,,0.0,,,,,,,,,,,,,,,,,,,,,,,,,,,,
2012-11-26 10:00:00,995.4,22.7,92,1.2,316.0,,,0.5,,,,,,,,,,,,,,,,,,,,,,,,,,,,
2012-11-26 11:00:00,995.0,21.1,89,0.5,350.0,,,0.0,,,,,,,,,,,,,,,,,,,,,,,,,,,,
2012-11-26 12:00:00,994.5,19.5,93,0.7,37.0,,,4.0,,,,,,,,,,,,,,,,,,,,,,,,,,,,
2012-11-26 13:00:00,993.2,20.3,94,0.4,47.0,,,2.5,,,,,,,,,,,,,,,,,,,,,,,,,,,,
2012-11-26 14:00:00,992.4,20.5,87,0.6,36.0,,,0.0,,,,,,,,,,,,,,,,,,,,,,,,,,,,
2012-11-26 15:00:00,992.4,20.0,89,0.5,30.0,,,0.0,,,,,,,,,,,,,,,,,,,,,,,,,,,,
2012-11-26 16:00:00,992.8,17.4,91,0.7,30.0,,,0.0,,,,,,,,,,,,,,,,,,,,,,,,,,,,
2012-11-26 17:00:00,993.7,16.7,88,0.9,32.0,,,0.0,,,,,,,,,,,,,,,,,,,,,,,,,,,,
2012-11-26 18:00:00,994.5,17.0,85,0.9,45.0,,,0.0,,,,,,,,,,,,,,,,,,,,,,,,,,,,
2012-11-26 19:00:00,994.8,16.3,83,0.5,12.0,,,0.0,,,,,,,,,,,,,,,,,,,,,,,,,,,,
2012-11-26 20:00:00,995.7,15.8,84,0.5,15.0,,,0.0,,,,,,,,,,,,,,,,,,,,,,,,,,,,
2012-11-26 21:00:00,996.6,14.9,84,0.8,32.0,,,0.0,,,,,,,,,,,,,,,,,,,,,,,,,,,,
2012-11-26 22:00:00,995.8,15.4,81,0.7,30.0,,,0.0,,,,,,,,,,,,,,,,,,,,,,,,,,,,
2012-11-26 23:00:00,996.5,14.7,90,0.4,325.0,,,0.0,,,,,,,,,,,,,,,,,,,,,,,,,,,,
2012-11-27 00:00:00,996.5,14.3,90,0.7,43.0,,,0.0,,,,,,,,,,,,,,,,,,,,,,,,,,,,
2012-11-27 01:00:00,995.9,14.2,89,0.6,326.0,,,0.0,,,,,,,,,,,,,,,,,,,,,,,,,,,,
2012-11-27 02:00:00,995.9,13.7,93,0.8,41.0,,,1.5,,,,,,,,,,,,,,,,,,,,,,,,,,,,
2012-11-27 03:00:00,995.9,13.6,92,1.2,30.0,,,1.5,,,,,,,,,,,,,,,,,,,,,,,,,,,,
2012-11-27 04:00:00,995.8,13.7,93,0.8,356.0,,,0.5,,,,,,,,,,,,,,,,,,,,,,,,,,,,
2012-11-27 05:00:00,996.0,13.5,94,0.9,18.0,,,1.5,,,,,,,,,,,,,,,,,,,,,,,,,,,,
2012-11-27 06:00:00,996.3,13.9,94,0.6,50.0,,,1.5,,,,,,,,,,,,,,,,,,,,,,,,,,,,
2012-11-27 07:00:00,996.9,14.6,89,0.6,39.0,,,0.5,,,,,,,,,,,,,,,,,,,,,,,,,,,,
2012-11-27 08:00:00,997.4,15.1,89,0.5,38.0,,,0.0,,,,,,,,,,,,,,,,,,,,,,,,,,,,
2012-11-27 09:00:00,998.2,14.8,90,0.5,35.0,,,0.0,,,,,,,,,,,,,,,,,,,,,,,,,,,,
2012-11-27 10:00:00,998.3,15.3,92,0.4,306.0,,,0.0,,,,,,,,,,,,,,,,,,,,,,,,,,,,
2012-11-27 11:00:00,997.7,15.2,93,0.4,56.0,,,0.0,,,,,,,,,,,,,,,,,,,,,,,,,,,,
2012-11-27 12:00:00,996.9,15.5,92,0.3,33.0,,,0.5,,,,,,,,,,,,,,,,,,,,,,,,,,,,
2012-11-27 13:00:00,995.9,15.7,93,0.4,336.0,,,0.5,,,,,,,,,,,,,,,,,,,,,,,,,,,,
2012-11-27 14:00:00,995.7,16.2,91,0.4,321.0,,,0.0,,,,,,,,,,,,,,,,,,,,,,,,,,,,
2012-11-27 15:00:00,995.0,16.8,90,0.0,0.0,,,0.0,,,,,,,,,,,,,,,,,,,,,,,,,,,,
2012-11-27 16:00:00,995.4,16.5,91,0.1,0.0,,,0.0,,,,,,,,,,,,,,,,,,,,,,,,,,,,
2012-11-27 17:00:00,996.2,16.1,94,0.1,0.0,,,1.5,,,,,,,,,,,,,,,,,,,,,,,,,,,,
2012-11-27 18:00:00,996.0,16.0,95,0.3,340.0,,,0.5,,,,,,,,,,,,,,,,,,,,,,,,,,,,
2012-11-27 19:00:00,996.0,16.4,95,0.3,64.0,,,0.5,,,,,,,,,,,,,,,,,,,,,,,,,,,,
2012-11-27 20:00:00,996.4,16.9,94,0.3,312.0,,,0.0,,,,,,,,,,,,,,,,,,,,,,,,,,,,
2012-11-27 21:00:00,996.6,16.9,95,0.2,0.0,,,0.0,,,,,,,,,,,,,,,,,,,,,,,,,,,,
2012-11-27 22:00:00,996.9,16.9,96,0.2,0.0,,,0.0,,,,,,,,,,,,,,,,,,,,,,,,,,,,
2012-11-27 23:00:00,996.5,17.3,96,0.2,0.0,,,0.0,,,,,,,,,,,,,,,,,,,,,,,,,,,,
2012-11-28 00:00:00,996.1,17.5,96,0.3,314.0,,,0.0,,,,,,,,,,,,,,,,,,,,,,,,,,,,
2012-11-28 01:00:00,996.1,17.2,96,0.3,324.0,,,0.0,,,,,,,,,,,,,,,,,,,,,,,,,,,,
2012-11-28 02:00:00,996.2,17.2,94,0.4,37.0,,,0.0,,,,,,,,,,,,,,,,,,,,,,,,,,,,
2012-11-28 03:00:00,996.1,17.5,96,0.3,49.0,,,0.0,,,,,,,,,,,,,,,,,,,,,,,,,,,,
2012-11-28 04:00:00,995.5,17.9,94,0.3,88.0,,,0.0,,,,,,,,,,,,,,,,,,,,,,,,,,,,
2012-11-28 05:00:00,994.7,18.0,95,0.0,0.0,,,0.0,,,,,,,,,,,,,,,,,,,,,,,,,,,,
2012-11-28 06:00:00,995.2,18.1,95,0.2,0.0,,,0.0,,,,,,,,,,,,,,,,,,,,,,,,,,,,
2012-11-28 07:00:00,995.5,18.2,95,0.1,0.0,,,0.0,,,,,,,,,,,,,,,,,,,,,,,,,,,,
2012-11-28 08:00:00,995.7,18.4,96,0.4,288.0,,,0.0,,,,,,,,,,,,,,,,,,,,,,,,,,,,
2012-11-28 09:00:00,995.6,19.4,92,0.4,41.0,,,0.0,,,,,,,,,,,,,,,,,,,,,,,,,,,,
2012-11-28 10:00:00,995.5,21.0,82,0.5,39.0,,,0.0,,,,,,,,,,,,,,,,,,,,,,,,,,,,
2012-11-28 11:00:00,996.4,20.0,86,0.4,312.0,,,0.0,,,,,,,,,,,,,,,,,,,,,,,,,,,,
2012-11-28 12:00:00,995.6,20.5,86,0.0,0.0,,,0.5,,,,,,,,,,,,,,,,,,,,,,,,,,,,
2012-11-28 13:00:00,994.7,20.2,93,0.1,0.0,,,1.0,,,,,,,,,,,,,,,,,,,,,,,,,,,,
2012-11-28 14:00:00,994.8,19.6,96,0.2,0.0,,,3.5,,,,,,,,,,,,,,,,,,,,,,,,,,,,
2012-11-28 15:00:00,994.0,19.8,97,0.3,68.0,,,1.0,,,,,,,,,,,,,,,,,,,,,,,,,,,,
2012-11-28 16:00:00,993.6,20.0,93,0.3,329.0,,,0.5,,,,,,,,,,,,,,,,,,,,,,,,,,,,
2012-11-28 17:00:00,994.2,19.9,93,0.4,35.0,,,0.0,,,,,,,,,,,,,,,,,,,,,,,,,,,,
2012-11-28 18:00:00,994.5,20.0,91,0.4,35.0,,,0.0,,,,,,,,,,,,,,,,,,,,,,,,,,,,
2012-11-28 19:00:00,995.2,19.7,93,0.4,50.0,,,0.0,,,,,,,,,,,,,,,,,,,,,,,,,,,,
2012-11-28 20:00:00,994.6,19.6,93,0.5,45.0,,,0.0,,,,,,,,,,,,,,,,,,,,,,,,,,,,
2012-11-28 21:00:00,994.6,20.4,84,0.5,70.0,,,0.0,,,,,,,,,,,,,,,,,,,,,,,,,,,,
2012-11-28 22:00:00,994.6,20.3,88,0.0,0.0,,,0.0,,,,,,,,,,,,,,,,,,,,,,,,,,,,
2012-11-28 23:00:00,994.9,20.0,88,0.2,0.0,,,0.0,,,,,,,,,,,,,,,,,,,,,,,,,,,,
2012-11-29 00:00:00,995.3,19.5,95,0.3,272.0,,,0.0,,,,,,,,,,,,,,,,,,,,,,,,,,,,
2012-11-29 01:00:00,995.2,19.4,95,0.4,8.0,,,2.0,,,,,,,,,,,,,,,,,,,,,,,,,,,,
2012-11-29 02:00:00,994.0,19.5,93,0.1,0.0,,,0.5,,,,,,,,,,,,,,,,,,,,,,,,,,,,
2012-11-29 03:00:00,992.6,19.4,94,0.2,0.0,,,0.5,,,,,,,,,,,,,,,,,,,,,,,,,,,,
2012-11-29 04:00:00,993.1,19.4,96,0.5,335.0,,,0.0,,,,,,,,,,,,,,,,,,,,,,,,,,,,
2012-11-29 05:00:00,994.5,19.2,97,0.5,48.0,,,1.5,,,,,,,,,,,,,,,,,,,,,,,,,,,,
2012-11-29 06:00:00,995.2,18.8,98,1.0,35.0,,,6.0,,,,,,,,,,,,,,,,,,,,,,,,,,,,
2012-11-29 07:00:00,995.0,19.4,96,0.4,39.0,,,2.0,,,,,,,,,,,,,,,,,,,,,,,,,,,,
2012-11-29 08:00:00,996.9,18.7,98,0.5,15.0,,,6.0,,,,,,,,,,,,,,,,,,,,,,,,,,,,
2012-11-29 09:00:00,997.2,19.3,97,0.4,352.0,,,9.0,,,,,,,,,,,,,,,,,,,,,,,,,,,,
2012-11-29 10:00:00,997.1,20.4,90,0.1,0.0,,,0.0,,,,,,,,,,,,,,,,,,,,,,,,,,,,
2012-11-29 11:00:00,996.5,21.1,89,0.4,255.0,,,0.0,,,,,,,,,,,,,,,,,,,,,,,,,,,,
2012-11-29 12:00:00,995.7,21.9,87,0.6,335.0,,,-999.6,,,,,,,,,,,,,,,,,,,,,,,,,,,,
2012-11-29 13:00:00,993.6,23.2,76,0.8,14.0,,,0.0,,,,,,,,,,,,,,,,,,,,,,,,,,,,
2012-11-29 14:00:00,993.1,21.5,84,0.8,319.0,,,0.0,,,,,,,,,,,,,,,,,,,,,,,,,,,,
2012-11-29 15:00:00,992.8,21.1,84,0.7,49.0,,,0.0,,,,,,,,,,,,,,,,,,,,,,,,,,,,
2012-11-29 16:00:00,993.4,19.9,88,0.5,17.0,,,0.0,,,,,,,,,,,,,,,,,,,,,,,,,,,,
2012-11-29 17:00:00,994.2,19.1,90,0.5,324.0,,,0.5,,,,,,,,,,,,,,,,,,,,,,,,,,,,
2012-11-29 18:00:00,994.0,19.1,91,0.4,29.0,,,0.0,,,,,,,,,,,,,,,,,,,,,,,,,,,,
2012-11-29 19:00:00,993.7,19.1,87,0.4,42.0,,,0.0,,,,,,,,,,,,,,,,,,,,,,,,,,,,
2012-11-29 20:00:00,994.0,18.6,88,0.4,43.0,,,0.0,,,,,,,,,,,,,,,,,,,,,,,,,,,,
2012-11-29 21:00:00,994.5,18.7,87,0.3,61.0,,,0.0,,,,,,,,,,,,,,,,,,,,,,,,,,,,
2012-11-29 22:00:00,994.8,18.3,90,0.3,294.0,,,0.0,,,,,,,,,,,,,,,,,,,,,,,,,,,,
2012-11-29 23:00:00,994.1,18.3,93,0.0,0.0,,,0.0,,,,,,,,,,,,,,,,,,,,,,,,,,,,
2012-11-30 00:00:00,994.0,18.3,92,0.3,275.0,,,-999.6,,,,,,,,,,,,,,,,,,,,,,,,,,,,
2012-11-30 01:00:00,993.7,18.4,92,0.3,272.0,,,0.0,,,,,,,,,,,,,,,,,,,,,,,,,,,,
2012-11-30 02:00:00,993.6,18.2,93,0.3,14.0,,,0.0,,,,,,,,,,,,,,,,,,,,,,,,,,,,
2012-11-30 03:00:00,993.4,18.5,93,0.2,0.0,,,0.0,,,,,,,,,,,,,,,,,,,,,,,,,,,,
2012-11-30 04:00:00,992.8,18.7,93,0.2,0.0,,,0.0,,,,,,,,,,,,,,,,,,,,,,,,,,,,
2012-11-30 05:00:00,993.4,18.8,94,0.3,328.0,,,0.0,,,,,,,,,,,,,,,,,,,,,,,,,,,,
2012-11-30 06:00:00,993.3,18.9,95,0.4,304.0,,,0.0,,,,,,,,,,,,,,,,,,,,,,,,,,,,
2012-11-30 07:00:00,993.9,19.2,93,0.1,0.0,,,0.0,,,,,,,,,,,,,,,,,,,,,,,,,,,,
2012-11-30 08:00:00,995.4,19.5,93,0.4,282.0,,,0.0,,,,,,,,,,,,,,,,,,,,,,,,,,,,
2012-11-30 09:00:00,996.2,19.4,90,0.4,50.0,,,0.0,,,,,,,,,,,,,,,,,,,,,,,,,,,,
2012-11-30 10:00:00,995.9,20.8,87,0.1,0.0,,,0.0,,,,,,,,,,,,,,,,,,,,,,,,,,,,
2012-11-30 11:00:00,995.2,20.8,91,0.3,46.0,,,0.5,,,,,,,,,,,,,,,,,,,,,,,,,,,,
2012-11-30 12:00:00,993.8,21.7,88,0.3,85.0,,,0.5,,,,,,,,,,,,,,,,,,,,,,,,,,,,
2012-11-30 13:00:00,993.5,18.6,97,0.8,6.0,,,8.0,,,,,,,,,,,,,,,,,,,,,,,,,,,,
2012-11-30 14:00:00,992.8,19.3,98,0.4,57.0,,,6.5,,,,,,,,,,,,,,,,,,,,,,,,,,,,
2012-11-30 15:00:00,992.8,19.6,96,0.0,0.0,,,2.0,,,,,,,,,,,,,,,,,,,,,,,,,,,,
2012-11-30 16:00:00,992.8,19.5,98,0.0,0.0,,,3.0,,,,,,,,,,,,,,,,,,,,,,,,,,,,
2012-11-30 17:00:00,993.0,19.8,98,0.1,0.0,,,1.5,,,,,,,,,,,,,,,,,,,,,,,,,,,,
2012-11-30 18:00:00,993.3,19.6,97,0.5,29.0,,,1.0,,,,,,,,,,,,,,,,,,,,,,,,,,,,
2012-11-30 19:00:00,993.6,19.8,94,0.4,37.0,,,1.5,,,,,,,,,,,,,,,,,,,,,,,,,,,,
2012-11-30 20:00:00,994.4,19.5,94,0.6,33.0,,,1.0,,,,,,,,,,,,,,,,,,,,,,,,,,,,
2012-11-30 21:00:00,994.5,18.9,95,0.5,316.0,,,0.5,,,,,,,,,,,,,,,,,,,,,,,,,,,,
2012-11-30 22:00:00,994.5,19.2,93,0.4,34.0,,,0.0,,,,,,,,,,,,,,,,,,,,,,,,,,,,
2012-11-30 23:00:00,994.3,19.0,91,0.6,36.0,,,0.0,,,,,,,,,,,,,,,,,,,,,,,,,,,,
2012-12-01 00:00:00,994.2,19.3,88,0.4,31.0,,,0.0,,,,,,,,,,,,,,,,,,,,,,,,,,,,
2012-12-01 01:00:00,994.2,18.9,95,0.2,0.0,,,1.5,,,,,,,,,,,,,,,,,,,,,,,,,,,,
2012-12-01 02:00:00,994.7,18.6,98,0.3,318.0,,,1.5,,,,,,,,,,,,,,,,,,,,,,,,,,,,
2012-12-01 03:00:00,994.7,18.4,98,0.3,69.0,,,0.5,,,,,,,,,,,,,,,,,,,,,,,,,,,,
2012-12-01 04:00:00,994.5,18.6,99,0.1,0.0,,,0.0,,,,,,,,,,,,,,,,,,,,,,,,,,,,
2012-12-01 05:00:00,994.5,18.9,99,0.3,63.0,,,0.5,,,,,,,,,,,,,,,,,,,,,,,,,,,,
2012-12-01 06:00:00,993.7,19.1,97,0.0,0.0,,,0.0,,,,,,,,,,,,,,,,,,,,,,,,,,,,
2012-12-01 07:00:00,994.0,19.2,95,0.4,44.0,,,0.0,,,,,,,,,,,,,,,,,,,,,,,,,,,,
2012-12-01 08:00:00,994.5,20.6,91,0.2,0.0,,,0.0,,,,,,,,,,,,,,,,,,,,,,,,,,,,
2012-12-01 09:00:00,994.6,22.1,86,0.0,0.0,,,0.0,,,,,,,,,,,,,,,,,,,,,,,,,,,,
2012-12-01 10:00:00,995.1,22.8,81,0.4,344.0,,,0.0,,,,,,,,,,,,,,,,,,,,,,,,,,,,
2012-12-01 11:00:00,994.6,22.0,89,0.6,292.0,,,0.0,,,,,,,,,,,,,,,,,,,,,,,,,,,,
2012-12-01 12:00:00,994.6,20.0,95,0.5,40.0,,,1.0,,,,,,,,,,,,,,,,,,,,,,,,,,,,
2012-12-01 13:00:00,994.2,20.9,93,0.4,69.0,,,0.0,,,,,,,,,,,,,,,,,,,,,,,,,,,,
2012-12-01 14:00:00,993.9,21.4,91,0.2,0.0,,,0.0,,,,,,,,,,,,,,,,,,,,,,,,,,,,
2012-12-01 15:00:00,993.6,22.1,87,0.2,0.0,,,0.0,,,,,,,,,,,,,,,,,,,,,,,,,,,,
2012-12-01 16:00:00,993.3,22.0,87,0.1,0.0,,,0.0,,,,,,,,,,,,,,,,,,,,,,,,,,,,
2012-12-01 17:00:00,993.6,21.7,91,0.4,262.0,,,0.0,,,,,,,,,,,,,,,,,,,,,,,,,,,,
2012-12-01 18:00:00,994.2,20.6,95,0.5,297.0,,,0.0,,,,,,,,,,,,,,,,,,,,,,,,,,,,
2012-12-01 19:00:00,994.3,20.5,94,0.4,29.0,,,0.0,,,,,,,,,,,,,,,,,,,,,,,,,,,,
2012-12-01 20:00:00,993.7,20.6,93,0.5,288.0,,,0.0,,,,,,,,,,,,,,,,,,,,,,,,,,,,
2012-12-01 21:00:00,994.2,20.4,95,0.3,61.0,,,0.0,,,,,,,,,,,,,,,,,,,,,,,,,,,,
2012-12-01 22:00:00,994.3,20.5,95,0.2,0.0,,,0.0,,,,,,,,,,,,,,,,,,,,,,,,,,,,
2012-12-01 23:00:00,994.1,20.4,96,0.0,0.0,,,0.0,,,,,,,,,,,,,,,,,,,,,,,,,,,,
2012-12-02 00:00:00,994.0,20.3,97,0.0,0.0,,,0.0,,,,,,,,,,,,,,,,,,,,,,,,,,,,
2012-12-02 01:00:00,992.7,20.3,98,0.0,0.0,,,0.0,,,,,,,,,,,,,,,,,,,,,,,,,,,,
2012-12-02 02:00:00,992.7,20.0,99,0.4,48.0,,,0.0,,,,,,,,,,,,,,,,,,,,,,,,,,,,
2012-12-02 03:00:00,993.0,19.7,99,0.5,28.0,,,0.0,,,,,,,,,,,,,,,,,,,,,,,,,,,,
2012-12-02 04:00:00,992.5,19.9,98,0.3,53.0,,,0.0,,,,,,,,,,,,,,,,,,,,,,,,,,,,
2012-12-02 05:00:00,992.8,19.9,98,0.4,322.0,,,0.0,,,,,,,,,,,,,,,,,,,,,,,,,,,,
2012-12-02 06:00:00,993.4,20.0,97,0.3,50.0,,,0.0,,,,,,,,,,,,,,,,,,,,,,,,,,,,
2012-12-02 07:00:00,994.2,20.5,95,0.7,48.0,,,0.0,,,,,,,,,,,,,,,,,,,,,,,,,,,,
2012-12-02 08:00:00,994.9,19.8,99,0.6,347.0,,,0.0,,,,,,,,,,,,,,,,,,,,,,,,,,,,
2012-12-02 09:00:00,994.7,19.6,97,0.6,352.0,,,0.5,,,,,,,,,,,,,,,,,,,,,,,,,,,,
2012-12-02 10:00:00,994.5,19.9,94,0.5,338.0,,,0.0,,,,,,,,,,,,,,,,,,,,,,,,,,,,
2012-12-02 11:00:00,994.3,20.0,90,0.9,40.0,,,0.0,,,,,,,,,,,,,,,,,,,,,,,,,,,,
2012-12-02 12:00:00,993.4,20.6,88,0.7,6.0,,,0.0,,,,,,,,,,,,,,,,,,,,,,,,,,,,
2012-12-02 13:00:00,992.3,21.2,83,1.2,17.0,,,0.0,,,,,,,,,,,,,,,,,,,,,,,,,,,,
2012-12-02 14:00:00,991.8,21.7,77,1.4,39.0,,,0.0,,,,,,,,,,,,,,,,,,,,,,,,,,,,
2012-12-02 15:00:00,992.0,20.2,83,1.2,31.0,,,0.0,,,,,,,,,,,,,,,,,,,,,,,,,,,,
2012-12-02 16:00:00,992.0,19.1,83,0.9,34.0,,,0.0,,,,,,,,,,,,,,,,,,,,,,,,,,,,
2012-12-02 17:00:00,992.5,18.4,83,1.0,30.0,,,0.0,,,,,,,,,,,,,,,,,,,,,,,,,,,,
2012-12-02 18:00:00,992.5,18.2,84,0.6,36.0,,,0.0,,,,,,,,,,,,,,,,,,,,,,,,,,,,
2012-12-02 19:00:00,992.8,17.9,84,0.8,41.0,,,0.0,,,,,,,,,,,,,,,,,,,,,,,,,,,,
2012-12-02 20:00:00,993.1,17.6,84,0.7,33.0,,,0.0,,,,,,,,,,,,,,,,,,,,,,,,,,,,
2012-12-02 21:00:00,993.7,18.0,80,0.5,25.0,,,0.0,,,,,,,,,,,,,,,,,,,,,,,,,,,,
2012-12-02 22:00:00,993.9,17.5,83,0.5,36.0,,,0.0,,,,,,,,,,,,,,,,,,,,,,,,,,,,
2012-12-02 23:00:00,994.0,17.2,85,0.5,46.0,,,0.0,,,,,,,,,,,,,,,,,,,,,,,,,,,,
2012-12-03 00:00:00,994.1,17.2,85,0.4,49.0,,,0.0,,,,,,,,,,,,,,,,,,,,,,,,,,,,
2012-12-03 01:00:00,994.5,17.3,86,0.4,35.0,,,0.0,,,,,,,,,,,,,,,,,,,,,,,,,,,,
2012-12-03 02:00:00,994.0,17.0,87,0.4,344.0,,,0.0,,,,,,,,,,,,,,,,,,,,,,,,,,,,
2012-12-03 03:00:00,994.7,17.3,87,0.4,357.0,,,0.0,,,,,,,,,,,,,,,,,,,,,,,,,,,,
2012-12-03 04:00:00,994.1,17.4,88,0.4,27.0,,,0.5,,,,,,,,,,,,,,,,,,,,,,,,,,,,
2012-12-03 05:00:00,994.4,17.6,88,0.3,50.0,,,0.0,,,,,,,,,,,,,,,,,,,,,,,,,,,,
2012-12-03 06:00:00,995.0,17.4,90,0.3,33.0,,,0.0,,,,,,,,,,,,,,,,,,,,,,,,,,,,
2012-12-03 07:00:00,995.6,17.7,88,0.4,41.0,,,0.0,,,,,,,,,,,,,,,,,,,,,,,,,,,,
2012-12-03 08:00:00,995.5,18.5,83,0.5,41.0,,,0.0,,,,,,,,,,,,,,,,,,,,,,,,,,,,
2012-12-03 09:00:00,996.4,19.4,76,0.6,31.0,,,0.0,,,,,,,,,,,,,,,,,,,,,,,,,,,,
2012-12-03 10:00:00,996.2,20.8,71,0.5,71.0,,,0.0,,,,,,,,,,,,,,,,,,,,,,,,,,,,
2012-12-03 11:00:00,995.9,21.2,68,0.7,321.0,,,0.0,,,,,,,,,,,,,,,,,,,,,,,,,,,,
2012-12-03 12:00:00,995.6,20.9,72,1.0,21.0,,,0.0,,,,,,,,,,,,,,,,,,,,,,,,,,,,
2012-12-03 13:00:00,994.7,22.4,63,1.0,21.0,,,0.0,,,,,,,,,,,,,,,,,,,,,,,,,,,,
2012-12-03 14:00:00,994.4,22.0,64,1.1,44.0,,,0.0,,,,,,,,,,,,,,,,,,,,,,,,,,,,
2012-12-03 15:00:00,994.1,21.7,62,0.8,14.0,,,0.0,,,,,,,,,,,,,,,,,,,,,,,,,,,,
2012-12-03 16:00:00,994.3,20.0,70,0.9,342.0,,,0.0,,,,,,,,,,,,,,,,,,,,,,,,,,,,
2012-12-03 17:00:00,994.6,18.9,76,0.9,37.0,,,0.0,,,,,,,,,,,,,,,,,,,,,,,,,,,,
2012-12-03 18:00:00,995.2,18.6,79,0.7,31.0,,,0.0,,,,,,,,,,,,,,,,,,,,,,,,,,,,
2012-12-03 19:00:00,995.6,17.9,82,0.9,35.0,,,0.0,,,,,,,,,,,,,,,,,,,,,,,,,,,,
2012-12-03 20:00:00,996.1,17.6,82,0.7,28.0,,,0.0,,,,,,,,,,,,,,,,,,,,,,,,,,,,
2012-12-03 21:00:00,996.2,17.4,83,0.4,42.0,,,0.0,,,,,,,,,,,,,,,,,,,,,,,,,,,,
2012-12-03 22:00:00,996.1,17.1,84,0.4,31.0,,,0.0,,,,,,,,,,,,,,,,,,,,,,,,,,,,
2012-12-03 23:00:00,996.0,16.6,86,0.7,32.0,,,0.0,,,,,,,,,,,,,,,,,,,,,,,,,,,,
2012-12-04 00:00:00,996.1,16.5,86,0.5,43.0,,,0.0,,,,,,,,,,,,,,,,,,,,,,,,,,,,
2012-12-04 01:00:00,996.0,16.8,85,0.4,31.0,,,0.0,,,,,,,,,,,,,,,,,,,,,,,,,,,,
2012-12-04 02:00:00,995.8,16.5,84,0.5,28.0,,,0.0,,,,,,,,,,,,,,,,,,,,,,,,,,,,
2012-12-04 03:00:00,995.5,16.4,83,0.6,29.0,,,0.0,,,,,,,,,,,,,,,,,,,,,,,,,,,,
2012-12-04 04:00:00,995.5,16.3,83,0.4,34.0,,,0.0,,,,,,,,,,,,,,,,,,,,,,,,,,,,
2012-12-04 05:00:00,995.6,16.2,83,0.4,41.0,,,0.0,,,,,,,,,,,,,,,,,,,,,,,,,,,,
2012-12-04 06:00:00,995.7,16.3,82,0.3,36.0,,,0.0,,,,,,,,,,,,,,,,,,,,,,,,,,,,
2012-12-04 07:00:00,996.2,16.4,81,0.4,40.0,,,0.0,,,,,,,,,,,,,,,,,,,,,,,,,,,,
2012-12-04 08:00:00,996.5,17.2,78,0.1,0.0,,,0.0,,,,,,,,,,,,,,,,,,,,,,,,,,,,
2012-12-04 09:00:00,996.8,20.0,67,0.3,259.0,,,0.0,,,,,,,,,,,,,,,,,,,,,,,,,,,,
2012-12-04 10:00:00,996.6,21.3,61,0.3,96.0,,,0.0,,,,,,,,,,,,,,,,,,,,,,,,,,,,
2012-12-04 11:00:00,995.5,22.4,63,0.6,192.0,,,0.0,,,,,,,,,,,,,,,,,,,,,,,,,,,,
2012-12-04 12:00:00,994.6,23.7,57,0.6,262.0,,,0.0,,,,,,,,,,,,,,,,,,,,,,,,,,,,
2012-12-04 13:00:00,993.7,24.2,55,0.7,314.0,,,0.0,,,,,,,,,,,,,,,,,,,,,,,,,,,,
2012-12-04 14:00:00,993.2,23.5,55,0.6,291.0,,,0.0,,,,,,,,,,,,,,,,,,,,,,,,,,,,
2012-12-04 15:00:00,993.2,23.1,57,0.5,247.0,,,0.0,,,,,,,,,,,,,,,,,,,,,,,,,,,,
2012-12-04 16:00:00,993.7,21.7,61,0.6,314.0,,,0.0,,,,,,,,,,,,,,,,,,,,,,,,,,,,
2012-12-04 17:00:00,993.9,20.3,67,0.3,18.0,,,0.0,,,,,,,,,,,,,,,,,,,,,,,,,,,,
2012-12-04 18:00:00,994.3,20.1,69,0.3,318.0,,,0.0,,,,,,,,,,,,,,,,,,,,,,,,,,,,
2012-12-04 19:00:00,994.4,20.0,72,0.1,0.0,,,0.0,,,,,,,,,,,,,,,,,,,,,,,,,,,,
2012-12-04 20:00:00,994.3,19.8,73,0.0,0.0,,,0.0,,,,,,,,,,,,,,,,,,,,,,,,,,,,
2012-12-04 21:00:00,994.7,19.5,76,0.1,0.0,,,0.0,,,,,,,,,,,,,,,,,,,,,,,,,,,,
2012-12-04 22:00:00,995.2,18.3,79,0.3,38.0,,,0.0,,,,,,,,,,,,,,,,,,,,,,,,,,,,
2012-12-04 23:00:00,995.2,18.6,84,0.2,0.0,,,0.0,,,,,,,,,,,,,,,,,,,,,,,,,,,,
2012-12-05 00:00:00,995.6,18.3,86,0.2,0.0,,,0.0,,,,,,,,,,,,,,,,,,,,,,,,,,,,
2012-12-05 01:00:00,995.6,17.3,91,0.2,0.0,,,1.0,,,,,,,,,,,,,,,,,,,,,,,,,,,,
2012-12-05 02:00:00,995.2,17.1,94,0.2,0.0,,,1.5,,,,,,,,,,,,,,,,,,,,,,,,,,,,
2012-12-05 03:00:00,995.0,17.4,95,0.3,36.0,,,0.5,,,,,,,,,,,,,,,,,,,,,,,,,,,,
2012-12-05 04:00:00,994.5,17.7,95,0.1,0.0,,,2.5,,,,,,,,,,,,,,,,,,,,,,,,,,,,
2012-12-05 05:00:00,994.0,17.7,95,0.2,0.0,,,1.5,,,,,,,,,,,,,,,,,,,,,,,,,,,,
2012-12-05 06:00:00,995.0,17.5,97,0.1,0.0,,,4.0,,,,,,,,,,,,,,,,,,,,,,,,,,,,
2012-12-05 07:00:00,996.2,17.1,98,0.2,0.0,,,1.0,,,,,,,,,,,,,,,,,,,,,,,,,,,,
2012-12-05 08:00:00,996.7,17.8,97,0.2,0.0,,,0.5,,,,,,,,,,,,,,,,,,,,,,,,,,,,
2012-12-05 09:00:00,998.1,17.7,96,0.2,0.0,,,1.5,,,,,,,,,,,,,,,,,,,,,,,,,,,,
2012-12-05 10:00:00,998.3,18.3,95,0.3,16.0,,,1.0,,,,,,,,,,,,,,,,,,,,,,,,,,,,
2012-12-05 11:00:00,997.5,19.1,91,0.4,339.0,,,0.5,,,,,,,,,,,,,,,,,,,,,,,,,,,,
2012-12-05 12:00:00,996.7,20.2,80,0.8,21.0,,,0.0,,,,,,,,,,,,,,,,,,,,,,,,,,,,
2012-12-05 13:00:00,995.7,17.9,90,0.8,25.0,,,0.0,,,,,,,,,,,,,,,,,,,,,,,,,,,,
2012-12-05 14:00:00,996.1,17.2,89,0.6,1.0,,,0.0,,,,,,,,,,,,,,,,,,,,,,,,,,,,
2012-12-05 15:00:00,996.3,16.6,90,0.7,24.0,,,1.0,,,,,,,,,,,,,,,,,,,,,,,,,,,,
2012-12-05 16:00:00,997.2,16.2,89,0.4,21.0,,,0.5,,,,,,,,,,,,,,,,,,,,,,,,,,,,
2012-12-05 17:00:00,996.5,16.2,88,0.3,33.0,,,0.5,,,,,,,,,,,,,,,,,,,,,,,,,,,,
2012-12-05 18:00:00,996.5,15.9,91,0.4,1.0,,,0.5,,,,,,,,,,,,,,,,,,,,,,,,,,,,
2012-12-05 19:00:00,997.1,15.7,92,0.2,0.0,,,0.0,,,,,,,,,,,,,,,,,,,,,,,,,,,,
2012-12-05 20:00:00,997.1,15.4,90,0.4,6.0,,,0.0,,,,,,,,,,,,,,,,,,,,,,,,,,,,
2012-12-05 21:00:00,996.0,15.5,86,0.4,42.0,,,0.0,,,,,,,,,,,,,,,,,,,,,,,,,,,,
2012-12-05 22:00:00,995.6,15.6,85,0.5,26.0,,,0.5,,,,,,,,,,,,,,,,,,,,,,,,,,,,
2012-12-05 23:00:00,995.8,15.5,83,0.6,41.0,,,0.0,,,,,,,,,,,,,,,,,,,,,,,,,,,,
2012-12-06 00:00:00,995.0,15.5,81,0.5,32.0,,,0.0,,,,,,,,,,,,,,,,,,,,,,,,,,,,
2012-12-06 01:00:00,995.3,14.6,84,0.7,38.0,,,0.5,,,,,,,,,,,,,,,,,,,,,,,,,,,,
2012-12-06 02:00:00,995.5,14.1,85,0.6,33.0,,,0.0,,,,,,,,,,,,,,,,,,,,,,,,,,,,
2012-12-06 03:00:00,995.9,14.1,86,0.6,41.0,,,0.5,,,,,,,,,,,,,,,,,,,,,,,,,,,,
2012-12-06 04:00:00,995.4,14.0,85,0.7,33.0,,,0.0,,,,,,,,,,,,,,,,,,,,,,,,,,,,
2012-12-06 05:00:00,995.5,14.3,80,0.4,39.0,,,0.0,,,,,,,,,,,,,,,,,,,,,,,,,,,,
2012-12-06 06:00:00,995.9,14.1,79,0.6,37.0,,,0.0,,,,,,,,,,,,,,,,,,,,,,,,,,,,
2012-12-06 07:00:00,996.1,14.5,76,0.4,34.0,,,0.0,,,,,,,,,,,,,,,,,,,,,,,,,,,,
2012-12-06 08:00:00,996.4,14.5,75,0.5,44.0,,,0.0,,,,,,,,,,,,,,,,,,,,,,,,,,,,
2012-12-06 09:00:00,996.7,16.7,66,0.6,43.0,,,0.0,,,,,,,,,,,,,,,,,,,,,,,,,,,,
2012-12-06 10:00:00,996.6,17.9,65,0.5,320.0,,,0.0,,,,,,,,,,,,,,,,,,,,,,,,,,,,
2012-12-06 11:00:00,996.2,19.1,63,0.4,55.0,,,0.0,,,,,,,,,,,,,,,,,,,,,,,,,,,,
2012-12-06 12:00:00,995.3,20.8,59,0.5,260.0,,,0.0,,,,,,,,,,,,,,,,,,,,,,,,,,,,
2012-12-06 13:00:00,994.6,21.5,60,0.6,250.0,,,0.0,,,,,,,,,,,,,,,,,,,,,,,,,,,,
2012-12-06 14:00:00,994.4,21.9,62,0.3,231.0,,,0.0,,,,,,,,,,,,,,,,,,,,,,,,,,,,
2012-12-06 15:00:00,994.3,20.6,57,0.4,270.0,,,0.0,,,,,,,,,,,,,,,,,,,,,,,,,,,,
2012-12-06 16:00:00,994.6,19.8,60,0.3,307.0,,,0.0,,,,,,,,,,,,,,,,,,,,,,,,,,,,
2012-12-06 17:00:00,995.2,18.7,63,0.3,295.0,,,-999.6,,,,,,,,,,,,,,,,,,,,,,,,,,,,
2012-12-06 18:00:00,995.9,18.0,66,0.3,324.0,,,0.0,,,,,,,,,,,,,,,,,,,,,,,,,,,,
2012-12-06 19:00:00,996.5,17.0,73,0.1,0.0,,,0.0,,,,,,,,,,,,,,,,,,,,,,,,,,,,
2012-12-06 20:00:00,997.2,16.3,78,0.2,0.0,,,0.0,,,,,,,,,,,,,,,,,,,,,,,,,,,,
2012-12-06 21:00:00,997.2,16.7,82,0.1,0.0,,,0.0,,,,,,,,,,,,,,,,,,,,,,,,,,,,
2012-12-06 22:00:00,997.8,15.9,86,0.1,0.0,,,0.5,,,,,,,,,,,,,,,,,,,,,,,,,,,,
2012-12-06 23:00:00,998.3,15.7,91,0.0,0.0,,,0.5,,,,,,,,,,,,,,,,,,,,,,,,,,,,
2012-12-07 00:00:00,998.1,16.4,90,0.1,0.0,,,0.0,,,,,,,,,,,,,,,,,,,,,,,,,,,,
2012-12-07 01:00:00,997.5,16.4,95,0.1,0.0,,,1.0,,,,,,,,,,,,,,,,,,,,,,,,,,,,
2012-12-07 02:00:00,997.4,16.5,96,0.1,0.0,,,0.0,,,,,,,,,,,,,,,,,,,,,,,,,,,,
2012-12-07 03:00:00,997.7,16.0,96,0.1,0.0,,,0.0,,,,,,,,,,,,,,,,,,,,,,,,,,,,
2012-12-07 04:00:00,997.2,15.8,95,0.0,0.0,,,0.0,,,,,,,,,,,,,,,,,,,,,,,,,,,,
2012-12-07 05:00:00,997.1,16.2,93,0.0,0.0,,,0.0,,,,,,,,,,,,,,,,,,,,,,,,,,,,
2012-12-07 06:00:00,997.1,16.7,92,0.1,0.0,,,0.0,,,,,,,,,,,,,,,,,,,,,,,,,,,,
2012-12-07 07:00:00,996.8,16.9,91,0.0,0.0,,,0.0,,,,,,,,,,,,,,,,,,,,,,,,,,,,
2012-12-07 08:00:00,997.9,17.6,86,0.3,49.0,,,0.0,,,,,,,,,,,,,,,,,,,,,,,,,,,,
2012-12-07 09:00:00,998.3,19.9,73,0.4,41.0,,,0.0,,,,,,,,,,,,,,,,,,,,,,,,,,,,
2012-12-07 10:00:00,998.4,20.3,69,0.4,37.0,,,0.0,,,,,,,,,,,,,,,,,,,,,,,,,,,,
2012-12-07 11:00:00,998.1,21.1,63,0.3,26.0,,,0.0,,,,,,,,,,,,,,,,,,,,,,,,,,,,
2012-12-07 12:00:00,996.9,22.5,63,0.5,346.0,,,0.0,,,,,,,,,,,,,,,,,,,,,,,,,,,,
2012-12-07 13:00:00,995.6,22.6,58,0.6,325.0,,,0.0,,,,,,,,,,,,,,,,,,,,,,,,,,,,
2012-12-07 14:00:00,994.9,22.6,60,0.6,343.0,,,0.0,,,,,,,,,,,,,,,,,,,,,,,,,,,,
2012-12-07 15:00:00,994.6,22.8,58,0.6,349.0,,,0.0,,,,,,,,,,,,,,,,,,,,,,,,,,,,
2012-12-07 16:00:00,995.0,21.4,73,0.5,294.0,,,0.0,,,,,,,,,,,,,,,,,,,,,,,,,,,,
2012-12-07 17:00:00,995.4,20.2,80,0.3,339.0,,,0.0,,,,,,,,,,,,,,,,,,,,,,,,,,,,
2012-12-07 18:00:00,995.9,19.5,84,0.4,11.0,,,0.0,,,,,,,,,,,,,,,,,,,,,,,,,,,,
2012-12-07 19:00:00,996.5,19.4,84,0.3,9.0,,,0.0,,,,,,,,,,,,,,,,,,,,,,,,,,,,
2012-12-07 20:00:00,996.6,19.5,83,0.2,0.0,,,0.0,,,,,,,,,,,,,,,,,,,,,,,,,,,,
2012-12-07 21:00:00,996.4,19.1,84,0.2,0.0,,,0.0,,,,,,,,,,,,,,,,,,,,,,,,,,,,
2012-12-07 22:00:00,996.2,18.6,88,0.1,0.0,,,0.0,,,,,,,,,,,,,,,,,,,,,,,,,,,,
2012-12-07 23:00:00,996.0,17.7,92,0.1,0.0,,,0.0,,,,,,,,,,,,,,,,,,,,,,,,,,,,
2012-12-08 00:00:00,996.1,17.4,94,0.2,0.0,,,0.0,,,,,,,,,,,,,,,,,,,,,,,,,,,,
2012-12-08 01:00:00,995.8,17.1,94,0.1,0.0,,,0.0,,,,,,,,,,,,,,,,,,,,,,,,,,,,
2012-12-08 02:00:00,995.5,17.5,92,0.0,0.0,,,0.0,,,,,,,,,,,,,,,,,,,,,,,,,,,,
2012-12-08 03:00:00,994.7,17.4,92,0.1,0.0,,,0.0,,,,,,,,,,,,,,,,,,,,,,,,,,,,
2012-12-08 04:00:00,994.3,17.5,92,0.0,0.0,,,0.0,,,,,,,,,,,,,,,,,,,,,,,,,,,,
2012-12-08 05:00:00,994.1,17.7,92,0.2,0.0,,,-999.6,,,,,,,,,,,,,,,,,,,,,,,,,,,,
2012-12-08 06:00:00,994.8,17.5,93,0.2,0.0,,,0.0,,,,,,,,,,,,,,,,,,,,,,,,,,,,
2012-12-08 07:00:00,995.2,17.7,93,0.0,0.0,,,0.0,,,,,,,,,,,,,,,,,,,,,,,,,,,,
2012-12-08 08:00:00,996.0,17.7,90,0.3,335.0,,,0.0,,,,,,,,,,,,,,,,,,,,,,,,,,,,
2012-12-08 09:00:00,996.1,18.5,87,0.2,0.0,,,0.0,,,,,,,,,,,,,,,,,,,,,,,,,,,,
2012-12-08 10:00:00,995.9,19.3,87,0.2,0.0,,,0.0,,,,,,,,,,,,,,,,,,,,,,,,,,,,
2012-12-08 11:00:00,995.5,19.7,80,0.3,29.0,,,0.0,,,,,,,,,,,,,,,,,,,,,,,,,,,,
2012-12-08 12:00:00,994.6,20.3,81,0.3,45.0,,,0.5,,,,,,,,,,,,,,,,,,,,,,,,,,,,
2012-12-08 13:00:00,994.1,20.1,81,0.3,27.0,,,0.0,,,,,,,,,,,,,,,,,,,,,,,,,,,,
2012-12-08 14:00:00,993.3,19.5,89,0.3,39.0,,,0.5,,,,,,,,,,,,,,,,,,,,,,,,,,,,
2012-12-08 15:00:00,992.8,18.5,89,0.2,0.0,,,0.5,,,,,,,,,,,,,,,,,,,,,,,,,,,,
2012-12-08 16:00:00,993.1,18.0,93,0.2,0.0,,,0.5,,,,,,,,,,,,,,,,,,,,,,,,,,,,
2012-12-08 17:00:00,993.4,17.2,94,0.3,320.0,,,0.5,,,,,,,,,,,,,,,,,,,,,,,,,,,,
2012-12-08 18:00:00,994.0,16.7,94,0.2,0.0,,,1.5,,,,,,,,,,,,,,,,,,,,,,,,,,,,
2012-12-08 19:00:00,994.6,16.3,96,0.2,0.0,,,2.0,,,,,,,,,,,,,,,,,,,,,,,,,,,,
2012-12-08 20:00:00,994.3,16.2,97,0.0,0.0,,,1.0,,,,,,,,,,,,,,,,,,,,,,,,,,,,
2012-12-08 21:00:00,993.9,16.6,96,0.2,0.0,,,0.0,,,,,,,,,,,,,,,,,,,,,,,,,,,,
2012-12-08 22:00:00,993.9,16.1,96,0.2,0.0,,,0.0,,,,,,,,,,,,,,,,,,,,,,,,,,,,
2012-12-08 23:00:00,994.2,16.3,95,0.0,0.0,,,0.5,,,,,,,,,,,,,,,,,,,,,,,,,,,,
2012-12-09 00:00:00,993.6,16.7,96,0.1,0.0,,,0.0,,,,,,,,,,,,,,,,,,,,,,,,,,,,
2012-12-09 01:00:00,993.9,16.2,96,0.2,0.0,,,0.0,,,,,,,,,,,,,,,,,,,,,,,,,,,,
2012-12-09 02:00:00,993.6,15.8,98,0.1,0.0,,,3.0,,,,,,,,,,,,,,,,,,,,,,,,,,,,
2012-12-09 03:00:00,993.0,16.1,98,0.1,0.0,,,1.0,,,,,,,,,,,,,,,,,,,,,,,,,,,,
2012-12-09 04:00:00,992.8,15.6,99,0.1,0.0,,,0.5,,,,,,,,,,,,,,,,,,,,,,,,,,,,
2012-12-09 05:00:00,992.9,15.5,97,0.2,0.0,,,0.0,,,,,,,,,,,,,,,,,,,,,,,,,,,,
2012-12-09 06:00:00,994.0,15.1,98,0.1,0.0,,,1.0,,,,,,,,,,,,,,,,,,,,,,,,,,,,
2012-12-09 07:00:00,995.1,15.0,97,0.1,0.0,,,1.0,,,,,,,,,,,,,,,,,,,,,,,,,,,,
2012-12-09 08:00:00,994.9,15.8,97,0.2,0.0,,,1.0,,,,,,,,,,,,,,,,,,,,,,,,,,,,
2012-12-09 09:00:00,995.3,15.6,97,0.4,335.0,,,0.0,,,,,,,,,,,,,,,,,,,,,,,,,,,,
2012-12-09 10:00:00,995.2,16.5,94,0.2,0.0,,,0.0,,,,,,,,,,,,,,,,,,,,,,,,,,,,
2012-12-09 11:00:00,995.0,17.6,91,0.3,345.0,,,0.0,,,,,,,,,,,,,,,,,,,,,,,,,,,,
2012-12-09 12:00:00,994.5,17.4,88,0.3,316.0,,,0.0,,,,,,,,,,,,,,,,,,,,,,,,,,,,
2012-12-09 13:00:00,993.7,17.2,84,0.4,22.0,,,0.0,,,,,,,,,,,,,,,,,,,,,,,,,,,,
2012-12-09 14:00:00,992.8,18.1,81,0.3,29.0,,,0.0,,,,,,,,,,,,,,,,,,,,,,,,,,,,
2012-12-09 15:00:00,993.0,17.4,80,0.6,30.0,,,0.0,,,,,,,,,,,,,,,,,,,,,,,,,,,,
2012-12-09 16:00:00,993.5,16.4,80,0.6,31.0,,,0.0,,,,,,,,,,,,,,,,,,,,,,,,,,,,
2012-12-09 17:00:00,993.7,15.6,81,0.6,33.0,,,0.0,,,,,,,,,,,,,,,,,,,,,,,,,,,,
2012-12-09 18:00:00,994.0,15.2,82,0.5,32.0,,,0.0,,,,,,,,,,,,,,,,,,,,,,,,,,,,
2012-12-09 19:00:00,994.2,15.2,83,0.3,34.0,,,0.0,,,,,,,,,,,,,,,,,,,,,,,,,,,,
2012-12-09 20:00:00,994.5,15.2,83,0.3,34.0,,,0.0,,,,,,,,,,,,,,,,,,,,,,,,,,,,
2012-12-09 21:00:00,994.6,14.7,85,0.3,327.0,,,0.0,,,,,,,,,,,,,,,,,,,,,,,,,,,,
2012-12-09 22:00:00,994.6,14.5,86,0.3,39.0,,,0.0,,,,,,,,,,,,,,,,,,,,,,,,,,,,
2012-12-09 23:00:00,994.5,14.1,88,0.3,325.0,,,0.0,,,,,,,,,,,,,,,,,,,,,,,,,,,,
2012-12-10 00:00:00,993.9,14.2,86,0.3,339.0,,,0.0,,,,,,,,,,,,,,,,,,,,,,,,,,,,
2012-12-10 01:00:00,993.9,14.4,87,0.5,26.0,,,0.0,,,,,,,,,,,,,,,,,,,,,,,,,,,,
2012-12-10 02:00:00,993.8,14.2,86,0.4,48.0,,,0.0,,,,,,,,,,,,,,,,,,,,,,,,,,,,
2012-12-10 03:00:00,993.6,14.7,84,0.3,37.0,,,0.0,,,,,,,,,,,,,,,,,,,,,,,,,,,,
2012-12-10 04:00:00,993.4,14.9,85,0.3,329.0,,,0.0,,,,,,,,,,,,,,,,,,,,,,,,,,,,
2012-12-10 05:00:00,994.0,14.9,85,0.3,46.0,,,0.0,,,,,,,,,,,,,,,,,,,,,,,,,,,,
2012-12-10 06:00:00,994.5,15.1,84,0.3,44.0,,,0.0,,,,,,,,,,,,,,,,,,,,,,,,,,,,
2012-12-10 07:00:00,994.9,15.5,81,0.1,0.0,,,-999.6,,,,,,,,,,,,,,,,,,,,,,,,,,,,
2012-12-10 08:00:00,995.3,16.6,82,0.3,84.0,,,0.0,,,,,,,,,,,,,,,,,,,,,,,,,,,,
2012-12-10 09:00:00,995.6,19.0,69,0.2,0.0,,,0.0,,,,,,,,,,,,,,,,,,,,,,,,,,,,
2012-12-10 10:00:00,995.8,19.8,63,0.5,312.0,,,0.0,,,,,,,,,,,,,,,,,,,,,,,,,,,,
2012-12-10 11:00:00,995.8,20.0,62,0.6,302.0,,,0.0,,,,,,,,,,,,,,,,,,,,,,,,,,,,
2012-12-10 12:00:00,995.3,22.1,56,0.4,310.0,,,0.0,,,,,,,,,,,,,,,,,,,,,,,,,,,,
2012-12-10 13:00:00,994.5,22.0,57,0.7,322.0,,,0.0,,,,,,,,,,,,,,,,,,,,,,,,,,,,
2012-12-10 14:00:00,994.2,21.7,58,0.5,287.0,,,0.0,,,,,,,,,,,,,,,,,,,,,,,,,,,,
2012-12-10 15:00:00,994.1,21.6,59,0.4,265.0,,,0.0,,,,,,,,,,,,,,,,,,,,,,,,,,,,
2012-12-10 16:00:00,994.4,20.4,64,0.4,325.0,,,0.0,,,,,,,,,,,,,,,,,,,,,,,,,,,,
2012-12-10 17:00:00,994.9,18.3,72,0.3,325.0,,,0.0,,,,,,,,,,,,,,,,,,,,,,,,,,,,
2012-12-10 18:00:00,995.2,17.4,76,0.2,0.0,,,0.0,,,,,,,,,,,,,,,,,,,,,,,,,,,,
2012-12-10 19:00:00,995.5,16.7,79,0.2,0.0,,,0.0,,,,,,,,,,,,,,,,,,,,,,,,,,,,
2012-12-10 20:00:00,996.2,16.3,81,0.2,0.0,,,0.0,,,,,,,,,,,,,,,,,,,,,,,,,,,,
2012-12-10 21:00:00,996.2,16.3,85,0.0,0.0,,,0.0,,,,,,,,,,,,,,,,,,,,,,,,,,,,
2012-12-10 22:00:00,996.4,16.6,86,0.1,0.0,,,0.0,,,,,,,,,,,,,,,,,,,,,,,,,,,,
2012-12-10 23:00:00,996.5,15.7,86,0.0,0.0,,,0.0,,,,,,,,,,,,,,,,,,,,,,,,,,,,
2012-12-11 00:00:00,996.5,15.4,86,0.1,0.0,,,0.0,,,,,,,,,,,,,,,,,,,,,,,,,,,,
2012-12-11 01:00:00,996.1,15.5,85,0.3,4.0,,,0.0,,,,,,,,,,,,,,,,,,,,,,,,,,,,
2012-12-11 02:00:00,995.5,16.1,87,0.0,0.0,,,0.0,,,,,,,,,,,,,,,,,,,,,,,,,,,,
2012-12-11 03:00:00,995.0,15.9,88,0.1,0.0,,,0.0,,,,,,,,,,,,,,,,,,,,,,,,,,,,
2012-12-11 04:00:00,995.5,15.5,87,0.2,0.0,,,0.0,,,,,,,,,,,,,,,,,,,,,,,,,,,,
2012-12-11 05:00:00,995.4,15.8,86,0.0,0.0,,,0.0,,,,,,,,,,,,,,,,,,,,,,,,,,,,
2012-12-11 06:00:00,996.1,16.1,88,0.1,0.0,,,0.0,,,,,,,,,,,,,,,,,,,,,,,,,,,,
2012-12-11 07:00:00,996.8,16.2,85,0.1,0.0,,,0.0,,,,,,,,,,,,,,,,,,,,,,,,,,,,
2012-12-11 08:00:00,996.9,16.6,84,0.2,0.0,,,0.0,,,,,,,,,,,,,,,,,,,,,,,,,,,,
2012-12-11 09:00:00,997.1,17.2,80,0.3,50.0,,,0.0,,,,,,,,,,,,,,,,,,,,,,,,,,,,
2012-12-11 10:00:00,997.8,17.9,79,0.4,343.0,,,0.0,,,,,,,,,,,,,,,,,,,,,,,,,,,,
2012-12-11 11:00:00,997.3,19.6,74,0.7,314.0,,,0.0,,,,,,,,,,,,,,,,,,,,,,,,,,,,
2012-12-11 12:00:00,996.8,19.5,71,0.4,351.0,,,0.0,,,,,,,,,,,,,,,,,,,,,,,,,,,,
2012-12-11 13:00:00,995.5,20.8,68,0.6,316.0,,,0.0,,,,,,,,,,,,,,,,,,,,,,,,,,,,
2012-12-11 14:00:00,995.3,20.0,67,0.8,8.0,,,0.0,,,,,,,,,,,,,,,,,,,,,,,,,,,,
2012-12-11 15:00:00,995.3,19.0,73,0.7,7.0,,,0.0,,,,,,,,,,,,,,,,,,,,,,,,,,,,
2012-12-11 16:00:00,995.6,18.3,75,0.5,38.0,,,0.0,,,,,,,,,,,,,,,,,,,,,,,,,,,,
2012-12-11 17:00:00,996.5,16.6,82,0.5,11.0,,,0.0,,,,,,,,,,,,,,,,,,,,,,,,,,,,
2012-12-11 18:00:00,996.8,16.4,83,0.4,37.0,,,0.0,,,,,,,,,,,,,,,,,,,,,,,,,,,,
2012-12-11 19:00:00,997.3,16.2,83,0.6,30.0,,,0.0,,,,,,,,,,,,,,,,,,,,,,,,,,,,
2012-12-11 20:00:00,997.7,16.0,83,0.4,49.0,,,0.0,,,,,,,,,,,,,,,,,,,,,,,,,,,,
2012-12-11 21:00:00,997.8,16.2,82,0.4,34.0,,,0.0,,,,,,,,,,,,,,,,,,,,,,,,,,,,
2012-12-11 22:00:00,997.7,16.2,82,0.3,21.0,,,0.0,,,,,,,,,,,,,,,,,,,,,,,,,,,,
2012-12-11 23:00:00,998.2,15.5,87,0.2,0.0,,,0.0,,,,,,,,,,,,,,,,,,,,,,,,,,,,
2012-12-12 00:00:00,998.1,15.2,86,0.3,46.0,,,0.0,,,,,,,,,,,,,,,,,,,,,,,,,,,,
2012-12-12 01:00:00,998.0,15.5,86,0.2,0.0,,,0.0,,,,,,,,,,,,,,,,,,,,,,,,,,,,
2012-12-12 02:00:00,997.7,15.9,83,0.3,40.0,,,0.0,,,,,,,,,,,,,,,,,,,,,,,,,,,,
2012-12-12 03:00:00,997.7,15.9,82,0.4,41.0,,,0.0,,,,,,,,,,,,,,,,,,,,,,,,,,,,
2012-12-12 04:00:00,997.5,16.0,81,0.3,25.0,,,0.0,,,,,,,,,,,,,,,,,,,,,,,,,,,,
2012-12-12 05:00:00,997.2,15.4,85,0.5,30.0,,,0.0,,,,,,,,,,,,,,,,,,,,,,,,,,,,
2012-12-12 06:00:00,997.7,15.5,86,0.2,0.0,,,0.0,,,,,,,,,,,,,,,,,,,,,,,,,,,,
2012-12-12 07:00:00,998.1,15.2,87,0.2,0.0,,,0.0,,,,,,,,,,,,,,,,,,,,,,,,,,,,
2012-12-12 08:00:00,998.9,16.4,84,0.5,2.0,,,0.0,,,,,,,,,,,,,,,,,,,,,,,,,,,,
2012-12-12 09:00:00,999.3,18.1,76,0.3,314.0,,,0.0,,,,,,,,,,,,,,,,,,,,,,,,,,,,
2012-12-12 10:00:00,999.7,19.5,68,0.5,333.0,,,0.0,,,,,,,,,,,,,,,,,,,,,,,,,,,,
2012-12-12 11:00:00,999.2,20.7,64,0.5,321.0,,,0.0,,,,,,,,,,,,,,,,,,,,,,,,,,,,
2012-12-12 12:00:00,998.1,22.1,59,0.5,323.0,,,0.0,,,,,,,,,,,,,,,,,,,,,,,,,,,,
2012-12-12 13:00:00,997.1,23.1,56,0.6,307.0,,,0.0,,,,,,,,,,,,,,,,,,,,,,,,,,,,
2012-12-12 14:00:00,996.8,23.3,57,0.5,285.0,,,0.0,,,,,,,,,,,,,,,,,,,,,,,,,,,,
2012-12-12 15:00:00,996.8,22.9,58,0.5,323.0,,,0.0,,,,,,,,,,,,,,,,,,,,,,,,,,,,
2012-12-12 16:00:00,997.1,21.7,61,0.4,301.0,,,0.0,,,,,,,,,,,,,,,,,,,,,,,,,,,,
2012-12-12 17:00:00,997.6,20.2,68,0.3,25.0,,,0.0,,,,,,,,,,,,,,,,,,,,,,,,,,,,
2012-12-12 18:00:00,998.3,19.1,72,0.3,2.0,,,0.0,,,,,,,,,,,,,,,,,,,,,,,,,,,,
2012-12-12 19:00:00,999.1,18.9,74,0.1,0.0,,,0.0,,,,,,,,,,,,,,,,,,,,,,,,,,,,
2012-12-12 20:00:00,999.3,18.7,79,0.0,0.0,,,0.0,,,,,,,,,,,,,,,,,,,,,,,,,,,,
2012-12-12 21:00:00,999.5,18.3,82,0.0,0.0,,,0.0,,,,,,,,,,,,,,,,,,,,,,,,,,,,
2012-12-12 22:00:00,999.8,17.3,85,0.0,0.0,,,0.0,,,,,,,,,,,,,,,,,,,,,,,,,,,,
2012-12-12 23:00:00,999.9,17.0,86,0.0,0.0,,,0.0,,,,,,,,,,,,,,,,,,,,,,,,,,,,
2012-12-13 00:00:00,999.6,16.4,91,0.0,0.0,,,0.0,,,,,,,,,,,,,,,,,,,,,,,,,,,,
2012-12-13 01:00:00,999.3,16.2,92,0.0,0.0,,,0.0,,,,,,,,,,,,,,,,,,,,,,,,,,,,
2012-12-13 02:00:00,998.8,16.0,92,0.1,0.0,,,0.0,,,,,,,,,,,,,,,,,,,,,,,,,,,,
2012-12-13 03:00:00,998.8,15.5,95,0.0,0.0,,,0.0,,,,,,,,,,,,,,,,,,,,,,,,,,,,
2012-12-13 04:00:00,998.8,15.2,96,0.0,0.0,,,0.0,,,,,,,,,,,,,,,,,,,,,,,,,,,,
2012-12-13 05:00:00,998.7,15.4,95,0.3,79.0,,,0.0,,,,,,,,,,,,,,,,,,,,,,,,,,,,
2012-12-13 06:00:00,999.3,15.1,95,0.2,0.0,,,0.0,,,,,,,,,,,,,,,,,,,,,,,,,,,,
2012-12-13 07:00:00,999.9,15.2,96,0.1,0.0,,,0.0,,,,,,,,,,,,,,,,,,,,,,,,,,,,
2012-12-13 08:00:00,1000.3,17.1,86,0.1,0.0,,,0.0,,,,,,,,,,,,,,,,,,,,,,,,,,,,
2012-12-13 09:00:00,1000.8,19.5,73,0.3,240.0,,,0.0,,,,,,,,,,,,,,,,,,,,,,,,,,,,
2012-12-13 10:00:00,1001.0,21.6,66,0.4,256.0,,,0.0,,,,,,,,,,,,,,,,,,,,,,,,,,,,
2012-12-13 11:00:00,1000.4,23.1,59,0.4,189.0,,,0.0,,,,,,,,,,,,,,,,,,,,,,,,,,,,
2012-12-13 12:00:00,999.6,23.3,57,0.6,248.0,,,0.0,,,,,,,,,,,,,,,,,,,,,,,,,,,,
2012-12-13 13:00:00,998.7,23.6,56,0.5,235.0,,,0.0,,,,,,,,,,,,,,,,,,,,,,,,,,,,
2012-12-13 14:00:00,997.8,24.0,54,0.5,255.0,,,0.0,,,,,,,,,,,,,,,,,,,,,,,,,,,,
2012-12-13 15:00:00,997.7,23.3,57,0.4,263.0,,,0.0,,,,,,,,,,,,,,,,,,,,,,,,,,,,
2012-12-13 16:00:00,997.7,22.8,57,0.3,273.0,,,0.0,,,,,,,,,,,,,,,,,,,,,,,,,,,,
2012-12-13 17:00:00,998.3,21.4,64,0.2,0.0,,,0.0,,,,,,,,,,,,,,,,,,,,,,,,,,,,
2012-12-13 18:00:00,998.7,20.3,72,0.3,117.0,,,0.0,,,,,,,,,,,,,,,,,,,,,,,,,,,,
2012-12-13 19:00:00,999.3,19.3,78,0.0,0.0,,,0.0,,,,,,,,,,,,,,,,,,,,,,,,,,,,
2012-12-13 20:00:00,1000.1,18.9,91,0.2,0.0,,,0.0,,,,,,,,,,,,,,,,,,,,,,,,,,,,
2012-12-13 21:00:00,1000.6,18.7,93,0.1,0.0,,,0.0,,,,,,,,,,,,,,,,,,,,,,,,,,,,
2012-12-13 22:00:00,1000.5,18.0,91,0.0,0.0,,,0.0,,,,,,,,,,,,,,,,,,,,,,,,,,,,
2012-12-13 23:00:00,1000.2,17.5,90,0.0,0.0,,,0.0,,,,,,,,,,,,,,,,,,,,,,,,,,,,
2012-12-14 00:00:00,1000.0,17.2,92,0.0,0.0,,,0.0,,,,,,,,,,,,,,,,,,,,,,,,,,,,
2012-12-14 01:00:00,999.6,17.1,90,0.0,0.0,,,0.0,,,,,,,,,,,,,,,,,,,,,,,,,,,,
2012-12-14 02:00:00,998.9,16.7,91,0.1,0.0,,,0.0,,,,,,,,,,,,,,,,,,,,,,,,,,,,
2012-12-14 03:00:00,998.6,15.9,94,0.0,0.0,,,0.0,,,,,,,,,,,,,,,,,,,,,,,,,,,,
2012-12-14 04:00:00,998.6,15.9,93,0.0,0.0,,,0.0,,,,,,,,,,,,,,,,,,,,,,,,,,,,
2012-12-14 05:00:00,999.1,16.6,91,0.3,312.0,,,0.0,,,,,,,,,,,,,,,,,,,,,,,,,,,,
2012-12-14 06:00:00,999.1,16.6,88,0.2,0.0,,,0.0,,,,,,,,,,,,,,,,,,,,,,,,,,,,
2012-12-14 07:00:00,999.3,17.3,79,0.1,0.0,,,0.0,,,,,,,,,,,,,,,,,,,,,,,,,,,,
2012-12-14 08:00:00,999.9,17.9,82,0.3,69.0,,,0.0,,,,,,,,,,,,,,,,,,,,,,,,,,,,
2012-12-14 09:00:00,1000.5,21.7,63,0.2,0.0,,,0.0,,,,,,,,,,,,,,,,,,,,,,,,,,,,
2012-12-14 10:00:00,1000.5,23.4,56,0.4,206.0,,,0.0,,,,,,,,,,,,,,,,,,,,,,,,,,,,
2012-12-14 11:00:00,999.9,26.4,48,0.3,320.0,,,0.0,,,,,,,,,,,,,,,,,,,,,,,,,,,,
2012-12-14 12:00:00,998.4,27.4,46,0.5,94.0,,,0.0,,,,,,,,,,,,,,,,,,,,,,,,,,,,
2012-12-14 13:00:00,997.9,25.6,54,1.0,306.0,,,0.0,,,,,,,,,,,,,,,,,,,,,,,,,,,,
2012-12-14 14:00:00,997.4,24.8,56,0.7,319.0,,,0.0,,,,,,,,,,,,,,,,,,,,,,,,,,,,
2012-12-14 15:00:00,997.1,23.4,60,0.6,312.0,,,0.0,,,,,,,,,,,,,,,,,,,,,,,,,,,,
2012-12-14 16:00:00,997.3,22.5,64,0.5,353.0,,,0.0,,,,,,,,,,,,,,,,,,,,,,,,,,,,
2012-12-14 17:00:00,997.7,22.3,66,0.3,35.0,,,0.0,,,,,,,,,,,,,,,,,,,,,,,,,,,,
2012-12-14 18:00:00,997.5,21.4,71,0.2,0.0,,,0.0,,,,,,,,,,,,,,,,,,,,,,,,,,,,
2012-12-14 19:00:00,998.0,20.3,77,0.1,0.0,,,0.0,,,,,,,,,,,,,,,,,,,,,,,,,,,,
2012-12-14 20:00:00,998.1,20.1,80,0.1,0.0,,,0.0,,,,,,,,,,,,,,,,,,,,,,,,,,,,
2012-12-14 21:00:00,998.1,20.0,80,0.0,0.0,,,0.0,,,,,,,,,,,,,,,,,,,,,,,,,,,,
2012-12-14 22:00:00,997.8,19.1,85,0.1,0.0,,,0.0,,,,,,,,,,,,,,,,,,,,,,,,,,,,
2012-12-14 23:00:00,997.8,18.7,87,0.0,0.0,,,0.0,,,,,,,,,,,,,,,,,,,,,,,,,,,,
2012-12-15 00:00:00,997.6,18.2,89,0.0,0.0,,,0.0,,,,,,,,,,,,,,,,,,,,,,,,,,,,
2012-12-15 01:00:00,997.2,17.7,90,0.0,0.0,,,0.0,,,,,,,,,,,,,,,,,,,,,,,,,,,,
2012-12-15 02:00:00,996.5,17.3,93,0.0,0.0,,,0.0,,,,,,,,,,,,,,,,,,,,,,,,,,,,
2012-12-15 03:00:00,995.8,17.3,92,0.0,0.0,,,0.0,,,,,,,,,,,,,,,,,,,,,,,,,,,,
2012-12-15 04:00:00,995.6,17.3,90,0.0,0.0,,,0.0,,,,,,,,,,,,,,,,,,,,,,,,,,,,
2012-12-15 05:00:00,995.7,16.9,93,0.0,0.0,,,0.0,,,,,,,,,,,,,,,,,,,,,,,,,,,,
2012-12-15 06:00:00,996.2,16.8,94,0.0,0.0,,,0.0,,,,,,,,,,,,,,,,,,,,,,,,,,,,
2012-12-15 07:00:00,996.6,17.1,91,0.0,0.0,,,0.0,,,,,,,,,,,,,,,,,,,,,,,,,,,,
2012-12-15 08:00:00,996.9,19.1,83,0.0,0.0,,,0.0,,,,,,,,,,,,,,,,,,,,,,,,,,,,
2012-12-15 09:00:00,997.5,22.6,68,0.1,0.0,,,0.0,,,,,,,,,,,,,,,,,,,,,,,,,,,,
2012-12-15 10:00:00,997.8,25.3,56,0.3,231.0,,,0.0,,,,,,,,,,,,,,,,,,,,,,,,,,,,
2012-12-15 11:00:00,997.4,25.6,57,0.4,173.0,,,0.0,,,,,,,,,,,,,,,,,,,,,,,,,,,,
2012-12-15 12:00:00,996.5,26.1,53,0.6,263.0,,,0.0,,,,,,,,,,,,,,,,,,,,,,,,,,,,
2012-12-15 13:00:00,995.6,26.7,52,0.5,251.0,,,0.0,,,,,,,,,,,,,,,,,,,,,,,,,,,,
2012-12-15 14:00:00,994.8,28.0,49,0.4,279.0,,,0.0,,,,,,,,,,,,,,,,,,,,,,,,,,,,
2012-12-15 15:00:00,994.2,27.6,50,0.5,279.0,,,0.0,,,,,,,,,,,,,,,,,,,,,,,,,,,,
2012-12-15 16:00:00,994.3,25.9,58,0.4,256.0,,,0.0,,,,,,,,,,,,,,,,,,,,,,,,,,,,
2012-12-15 17:00:00,994.9,24.2,64,0.2,0.0,,,0.0,,,,,,,,,,,,,,,,,,,,,,,,,,,,
2012-12-15 18:00:00,995.0,22.9,70,0.1,0.0,,,0.0,,,,,,,,,,,,,,,,,,,,,,,,,,,,
2012-12-15 19:00:00,995.4,22.1,76,0.3,52.0,,,0.0,,,,,,,,,,,,,,,,,,,,,,,,,,,,
2012-12-15 20:00:00,995.6,21.2,80,0.1,0.0,,,0.0,,,,,,,,,,,,,,,,,,,,,,,,,,,,
2012-12-15 21:00:00,995.8,21.0,81,0.1,0.0,,,0.0,,,,,,,,,,,,,,,,,,,,,,,,,,,,
2012-12-15 22:00:00,996.1,21.1,81,0.2,0.0,,,0.0,,,,,,,,,,,,,,,,,,,,,,,,,,,,
2012-12-15 23:00:00,996.2,21.1,79,0.0,0.0,,,0.0,,,,,,,,,,,,,,,,,,,,,,,,,,,,
2012-12-16 00:00:00,995.9,20.9,78,0.0,0.0,,,0.0,,,,,,,,,,,,,,,,,,,,,,,,,,,,
2012-12-16 01:00:00,995.8,21.1,77,0.1,0.0,,,0.0,,,,,,,,,,,,,,,,,,,,,,,,,,,,
2012-12-16 02:00:00,994.8,20.5,79,0.1,0.0,,,0.0,,,,,,,,,,,,,,,,,,,,,,,,,,,,
2012-12-16 03:00:00,994.6,19.0,89,0.0,0.0,,,0.0,,,,,,,,,,,,,,,,,,,,,,,,,,,,
2012-12-16 04:00:00,994.7,18.9,89,0.0,0.0,,,0.0,,,,,,,,,,,,,,,,,,,,,,,,,,,,
2012-12-16 05:00:00,995.0,19.6,81,0.0,0.0,,,0.0,,,,,,,,,,,,,,,,,,,,,,,,,,,,
2012-12-16 06:00:00,995.6,19.3,83,0.0,0.0,,,0.0,,,,,,,,,,,,,,,,,,,,,,,,,,,,
2012-12-16 07:00:00,996.2,19.7,84,0.1,0.0,,,0.0,,,,,,,,,,,,,,,,,,,,,,,,,,,,
2012-12-16 08:00:00,996.7,20.7,78,0.2,0.0,,,0.0,,,,,,,,,,,,,,,,,,,,,,,,,,,,
2012-12-16 09:00:00,997.2,22.2,68,0.3,72.0,,,0.0,,,,,,,,,,,,,,,,,,,,,,,,,,,,
2012-12-16 10:00:00,997.3,23.4,65,0.1,0.0,,,0.0,,,,,,,,,,,,,,,,,,,,,,,,,,,,
2012-12-16 11:00:00,996.8,26.8,53,0.4,45.0,,,0.0,,,,,,,,,,,,,,,,,,,,,,,,,,,,
2012-12-16 12:00:00,995.8,27.4,50,0.4,125.0,,,0.0,,,,,,,,,,,,,,,,,,,,,,,,,,,,
2012-12-16 13:00:00,995.2,24.7,72,0.9,289.0,,,0.0,,,,,,,,,,,,,,,,,,,,,,,,,,,,
2012-12-16 14:00:00,994.9,22.7,81,0.5,356.0,,,0.0,,,,,,,,,,,,,,,,,,,,,,,,,,,,
2012-12-16 15:00:00,994.6,22.4,81,0.5,320.0,,,0.0,,,,,,,,,,,,,,,,,,,,,,,,,,,,
2012-12-16 16:00:00,994.5,22.5,81,0.4,6.0,,,0.0,,,,,,,,,,,,,,,,,,,,,,,,,,,,
2012-12-16 17:00:00,994.9,21.9,81,0.3,47.0,,,0.0,,,,,,,,,,,,,,,,,,,,,,,,,,,,
2012-12-16 18:00:00,994.8,21.8,81,0.2,0.0,,,0.0,,,,,,,,,,,,,,,,,,,,,,,,,,,,
2012-12-16 19:00:00,995.2,20.6,87,0.3,317.0,,,0.0,,,,,,,,,,,,,,,,,,,,,,,,,,,,
2012-12-16 20:00:00,995.3,20.1,90,0.2,0.0,,,0.0,,,,,,,,,,,,,,,,,,,,,,,,,,,,
2012-12-16 21:00:00,995.8,20.1,89,0.2,0.0,,,0.0,,,,,,,,,,,,,,,,,,,,,,,,,,,,
2012-12-16 22:00:00,995.9,19.3,92,0.3,316.0,,,0.0,,,,,,,,,,,,,,,,,,,,,,,,,,,,
2012-12-16 23:00:00,995.8,18.2,98,0.2,0.0,,,0.0,,,,,,,,,,,,,,,,,,,,,,,,,,,,
2012-12-17 00:00:00,996.3,18.8,93,0.3,24.0,,,0.0,,,,,,,,,,,,,,,,,,,,,,,,,,,,
2012-12-17 01:00:00,996.7,18.7,92,0.5,43.0,,,0.0,,,,,,,,,,,,,,,,,,,,,,,,,,,,
2012-12-17 02:00:00,996.4,19.0,90,0.3,34.0,,,0.0,,,,,,,,,,,,,,,,,,,,,,,,,,,,
2012-12-17 03:00:00,996.2,18.9,87,0.2,0.0,,,0.0,,,,,,,,,,,,,,,,,,,,,,,,,,,,
2012-12-17 04:00:00,996.2,18.6,85,0.1,0.0,,,0.0,,,,,,,,,,,,,,,,,,,,,,,,,,,,
2012-12-17 05:00:00,996.1,17.9,86,0.1,0.0,,,0.0,,,,,,,,,,,,,,,,,,,,,,,,,,,,
2012-12-17 06:00:00,996.2,18.1,84,0.1,0.0,,,-999.6,,,,,,,,,,,,,,,,,,,,,,,,,,,,
2012-12-17 07:00:00,996.7,17.4,88,0.0,0.0,,,0.0,,,,,,,,,,,,,,,,,,,,,,,,,,,,
2012-12-17 08:00:00,997.1,18.7,79,0.2,0.0,,,0.0,,,,,,,,,,,,,,,,,,,,,,,,,,,,
2012-12-17 09:00:00,997.4,21.1,68,0.3,73.0,,,0.0,,,,,,,,,,,,,,,,,,,,,,,,,,,,
2012-12-17 10:00:00,996.9,22.8,61,0.4,33.0,,,0.0,,,,,,,,,,,,,,,,,,,,,,,,,,,,
2012-12-17 11:00:00,996.5,25.4,50,0.2,0.0,,,0.0,,,,,,,,,,,,,,,,,,,,,,,,,,,,
2012-12-17 12:00:00,996.1,24.8,55,0.8,308.0,,,0.0,,,,,,,,,,,,,,,,,,,,,,,,,,,,
2012-12-17 13:00:00,995.5,24.1,65,0.7,310.0,,,0.0,,,,,,,,,,,,,,,,,,,,,,,,,,,,
2012-12-17 14:00:00,994.8,24.2,63,0.5,329.0,,,0.0,,,,,,,,,,,,,,,,,,,,,,,,,,,,
2012-12-17 15:00:00,994.3,24.3,60,0.6,14.0,,,0.0,,,,,,,,,,,,,,,,,,,,,,,,,,,,
2012-12-17 16:00:00,994.6,23.2,65,0.5,11.0,,,0.0,,,,,,,,,,,,,,,,,,,,,,,,,,,,
2012-12-17 17:00:00,994.9,21.5,72,0.3,1.0,,,0.0,,,,,,,,,,,,,,,,,,,,,,,,,,,,
2012-12-17 18:00:00,995.3,20.9,75,0.3,21.0,,,0.0,,,,,,,,,,,,,,,,,,,,,,,,,,,,
2012-12-17 19:00:00,995.5,19.6,81,0.2,0.0,,,0.0,,,,,,,,,,,,,,,,,,,,,,,,,,,,
2012-12-17 20:00:00,995.5,19.3,82,0.2,0.0,,,0.0,,,,,,,,,,,,,,,,,,,,,,,,,,,,
2012-12-17 21:00:00,995.8,18.8,84,0.1,0.0,,,0.0,,,,,,,,,,,,,,,,,,,,,,,,,,,,
2012-12-17 22:00:00,996.4,18.2,86,0.2,0.0,,,0.0,,,,,,,,,,,,,,,,,,,,,,,,,,,,
2012-12-17 23:00:00,996.8,18.2,86,0.0,0.0,,,0.0,,,,,,,,,,,,,,,,,,,,,,,,,,,,
2012-12-18 00:00:00,996.8,17.2,89,0.2,0.0,,,0.0,,,,,,,,,,,,,,,,,,,,,,,,,,,,
2012-12-18 01:00:00,997.1,17.5,89,0.0,0.0,,,0.0,,,,,,,,,,,,,,,,,,,,,,,,,,,,
2012-12-18 02:00:00,996.9,18.0,87,0.1,0.0,,,0.0,,,,,,,,,,,,,,,,,,,,,,,,,,,,
2012-12-18 03:00:00,996.8,18.2,86,0.1,0.0,,,0.0,,,,,,,,,,,,,,,,,,,,,,,,,,,,
2012-12-18 04:00:00,996.6,17.9,89,0.2,0.0,,,0.0,,,,,,,,,,,,,,,,,,,,,,,,,,,,
2012-12-18 05:00:00,996.9,17.1,92,0.1,0.0,,,0.0,,,,,,,,,,,,,,,,,,,,,,,,,,,,
2012-12-18 06:00:00,996.9,18.0,89,0.2,0.0,,,0.0,,,,,,,,,,,,,,,,,,,,,,,,,,,,
2012-12-18 07:00:00,996.7,18.0,87,0.3,18.0,,,0.0,,,,,,,,,,,,,,,,,,,,,,,,,,,,
2012-12-18 08:00:00,999.3,17.8,86,0.4,315.0,,,0.0,,,,,,,,,,,,,,,,,,,,,,,,,,,,
2012-12-18 09:00:00,1000.0,16.6,86,0.9,30.0,,,0.0,,,,,,,,,,,,,,,,,,,,,,,,,,,,
2012-12-18 10:00:00,999.2,19.3,72,0.8,69.0,,,0.0,,,,,,,,,,,,,,,,,,,,,,,,,,,,
2012-12-18 11:00:00,999.1,18.9,71,1.0,22.0,,,0.0,,,,,,,,,,,,,,,,,,,,,,,,,,,,
2012-12-18 12:00:00,998.9,17.0,76,0.7,360.0,,,0.0,,,,,,,,,,,,,,,,,,,,,,,,,,,,
2012-12-18 13:00:00,998.2,15.5,79,0.9,35.0,,,0.0,,,,,,,,,,,,,,,,,,,,,,,,,,,,
2012-12-18 14:00:00,997.9,15.1,77,0.6,28.0,,,0.0,,,,,,,,,,,,,,,,,,,,,,,,,,,,
2012-12-18 15:00:00,997.7,15.0,77,0.5,13.0,,,0.0,,,,,,,,,,,,,,,,,,,,,,,,,,,,
2012-12-18 16:00:00,998.3,14.6,80,0.5,32.0,,,0.0,,,,,,,,,,,,,,,,,,,,,,,,,,,,
2012-12-18 17:00:00,998.1,14.0,86,0.6,40.0,,,0.5,,,,,,,,,,,,,,,,,,,,,,,,,,,,
2012-12-18 18:00:00,998.3,13.3,92,0.5,43.0,,,1.5,,,,,,,,,,,,,,,,,,,,,,,,,,,,
2012-12-18 19:00:00,999.1,13.0,88,0.5,15.0,,,0.0,,,,,,,,,,,,,,,,,,,,,,,,,,,,
2012-12-18 20:00:00,1000.1,12.7,85,0.7,31.0,,,0.0,,,,,,,,,,,,,,,,,,,,,,,,,,,,
2012-12-18 21:00:00,1000.0,12.5,85,0.8,25.0,,,0.0,,,,,,,,,,,,,,,,,,,,,,,,,,,,
2012-12-18 22:00:00,999.6,12.5,84,0.8,46.0,,,0.0,,,,,,,,,,,,,,,,,,,,,,,,,,,,
2012-12-18 23:00:00,999.7,12.5,81,0.6,30.0,,,0.0,,,,,,,,,,,,,,,,,,,,,,,,,,,,
2012-12-19 00:00:00,999.5,12.0,81,1.0,35.0,,,0.0,,,,,,,,,,,,,,,,,,,,,,,,,,,,
2012-12-19 01:00:00,999.7,12.1,80,0.9,28.0,,,0.0,,,,,,,,,,,,,,,,,,,,,,,,,,,,
2012-12-19 02:00:00,999.6,12.2,79,0.7,30.0,,,0.0,,,,,,,,,,,,,,,,,,,,,,,,,,,,
2012-12-19 03:00:00,998.9,12.4,79,0.4,41.0,,,0.0,,,,,,,,,,,,,,,,,,,,,,,,,,,,
2012-12-19 04:00:00,999.1,12.6,78,0.4,14.0,,,0.0,,,,,,,,,,,,,,,,,,,,,,,,,,,,
2012-12-19 05:00:00,999.4,12.1,81,0.4,31.0,,,0.0,,,,,,,,,,,,,,,,,,,,,,,,,,,,
2012-12-19 06:00:00,999.7,12.3,80,0.4,22.0,,,0.0,,,,,,,,,,,,,,,,,,,,,,,,,,,,
2012-12-19 07:00:00,999.9,12.6,79,0.4,30.0,,,0.0,,,,,,,,,,,,,,,,,,,,,,,,,,,,
2012-12-19 08:00:00,999.9,13.1,76,0.5,38.0,,,0.0,,,,,,,,,,,,,,,,,,,,,,,,,,,,
2012-12-19 09:00:00,999.7,13.9,73,0.7,41.0,,,0.0,,,,,,,,,,,,,,,,,,,,,,,,,,,,
2012-12-19 10:00:00,999.7,14.1,73,0.4,311.0,,,0.0,,,,,,,,,,,,,,,,,,,,,,,,,,,,
2012-12-19 11:00:00,998.8,15.3,69,0.6,338.0,,,0.0,,,,,,,,,,,,,,,,,,,,,,,,,,,,
2012-12-19 12:00:00,998.2,16.2,69,0.5,307.0,,,0.0,,,,,,,,,,,,,,,,,,,,,,,,,,,,
2012-12-19 13:00:00,997.0,17.6,65,0.6,319.0,,,0.0,,,,,,,,,,,,,,,,,,,,,,,,,,,,
2012-12-19 14:00:00,996.5,17.5,67,0.5,337.0,,,0.0,,,,,,,,,,,,,,,,,,,,,,,,,,,,
2012-12-19 15:00:00,996.7,17.7,66,0.6,339.0,,,0.0,,,,,,,,,,,,,,,,,,,,,,,,,,,,
2012-12-19 16:00:00,997.2,17.2,69,0.4,10.0,,,0.0,,,,,,,,,,,,,,,,,,,,,,,,,,,,
2012-12-19 17:00:00,997.2,16.3,74,0.4,358.0,,,0.0,,,,,,,,,,,,,,,,,,,,,,,,,,,,
2012-12-19 18:00:00,997.8,16.2,75,0.3,353.0,,,0.0,,,,,,,,,,,,,,,,,,,,,,,,,,,,
2012-12-19 19:00:00,998.1,16.6,75,0.2,0.0,,,0.0,,,,,,,,,,,,,,,,,,,,,,,,,,,,
2012-12-19 20:00:00,998.8,16.3,77,0.3,297.0,,,0.0,,,,,,,,,,,,,,,,,,,,,,,,,,,,
2012-12-19 21:00:00,999.3,16.4,77,0.0,0.0,,,0.0,,,,,,,,,,,,,,,,,,,,,,,,,,,,
2012-12-19 22:00:00,999.4,16.6,80,0.2,0.0,,,0.0,,,,,,,,,,,,,,,,,,,,,,,,,,,,
2012-12-19 23:00:00,999.3,16.6,81,0.2,0.0,,,0.0,,,,,,,,,,,,,,,,,,,,,,,,,,,,
2012-12-20 00:00:00,999.6,15.9,84,0.3,326.0,,,0.0,,,,,,,,,,,,,,,,,,,,,,,,,,,,
2012-12-20 01:00:00,999.3,15.1,88,0.1,0.0,,,0.0,,,,,,,,,,,,,,,,,,,,,,,,,,,,
2012-12-20 02:00:00,999.3,14.2,92,0.0,0.0,,,0.0,,,,,,,,,,,,,,,,,,,,,,,,,,,,
2012-12-20 03:00:00,998.9,13.9,94,0.0,0.0,,,0.0,,,,,,,,,,,,,,,,,,,,,,,,,,,,
2012-12-20 04:00:00,998.7,13.7,93,0.2,0.0,,,0.0,,,,,,,,,,,,,,,,,,,,,,,,,,,,
2012-12-20 05:00:00,998.7,13.6,94,0.0,0.0,,,0.0,,,,,,,,,,,,,,,,,,,,,,,,,,,,
2012-12-20 06:00:00,999.1,13.8,86,0.3,60.0,,,0.0,,,,,,,,,,,,,,,,,,,,,,,,,,,,
2012-12-20 07:00:00,999.1,14.5,78,0.3,54.0,,,0.0,,,,,,,,,,,,,,,,,,,,,,,,,,,,
2012-12-20 08:00:00,999.8,16.6,71,0.3,44.0,,,0.0,,,,,,,,,,,,,,,,,,,,,,,,,,,,
2012-12-20 09:00:00,999.7,20.0,54,0.5,51.0,,,0.0,,,,,,,,,,,,,,,,,,,,,,,,,,,,
2012-12-20 10:00:00,999.7,21.5,52,0.4,338.0,,,0.0,,,,,,,,,,,,,,,,,,,,,,,,,,,,
2012-12-20 11:00:00,999.6,22.8,48,0.5,42.0,,,0.0,,,,,,,,,,,,,,,,,,,,,,,,,,,,
2012-12-20 12:00:00,998.8,23.3,44,0.4,29.0,,,0.0,,,,,,,,,,,,,,,,,,,,,,,,,,,,
2012-12-20 13:00:00,997.8,24.2,40,0.6,12.0,,,0.0,,,,,,,,,,,,,,,,,,,,,,,,,,,,
2012-12-20 14:00:00,996.9,24.7,39,0.5,309.0,,,0.0,,,,,,,,,,,,,,,,,,,,,,,,,,,,
2012-12-20 15:00:00,996.5,23.1,55,0.6,316.0,,,0.0,,,,,,,,,,,,,,,,,,,,,,,,,,,,
2012-12-20 16:00:00,996.4,21.4,65,0.5,318.0,,,0.0,,,,,,,,,,,,,,,,,,,,,,,,,,,,
2012-12-20 17:00:00,996.6,20.7,71,0.3,321.0,,,0.0,,,,,,,,,,,,,,,,,,,,,,,,,,,,
2012-12-20 18:00:00,996.9,19.4,78,0.2,0.0,,,0.0,,,,,,,,,,,,,,,,,,,,,,,,,,,,
2012-12-20 19:00:00,997.4,18.6,81,0.2,0.0,,,0.0,,,,,,,,,,,,,,,,,,,,,,,,,,,,
2012-12-20 20:00:00,997.8,18.5,81,0.2,0.0,,,0.0,,,,,,,,,,,,,,,,,,,,,,,,,,,,
2012-12-20 21:00:00,998.0,17.6,83,0.1,0.0,,,0.0,,,,,,,,,,,,,,,,,,,,,,,,,,,,
2012-12-20 22:00:00,997.9,16.9,86,0.0,0.0,,,0.0,,,,,,,,,,,,,,,,,,,,,,,,,,,,
2012-12-20 23:00:00,997.9,16.4,88,0.0,0.0,,,-999.6,,,,,,,,,,,,,,,,,,,,,,,,,,,,
2012-12-21 00:00:00,997.4,16.0,86,0.1,0.0,,,0.0,,,,,,,,,,,,,,,,,,,,,,,,,,,,
2012-12-21 01:00:00,996.8,15.6,87,0.0,0.0,,,0.0,,,,,,,,,,,,,,,,,,,,,,,,,,,,
2012-12-21 02:00:00,996.5,15.5,86,0.1,0.0,,,0.0,,,,,,,,,,,,,,,,,,,,,,,,,,,,
2012-12-21 03:00:00,996.8,16.0,88,0.1,0.0,,,0.0,,,,,,,,,,,,,,,,,,,,,,,,,,,,
2012-12-21 04:00:00,-9999.7,-99.7,-9997,-99.7,-999.7,,,0.0,,,,,,,,,,,,,,,,,,,,,,,,,,,,
2012-12-21 05:00:00,996.5,15.6,87,0.1,0.0,,,0.0,,,,,,,,,,,,,,,,,,,,,,,,,,,,
2012-12-21 06:00:00,997.1,15.1,90,0.3,92.0,,,0.0,,,,,,,,,,,,,,,,,,,,,,,,,,,,
2012-12-21 07:00:00,997.3,15.0,90,0.0,0.0,,,0.0,,,,,,,,,,,,,,,,,,,,,,,,,,,,
2012-12-21 08:00:00,997.4,16.5,84,0.2,0.0,,,0.0,,,,,,,,,,,,,,,,,,,,,,,,,,,,
2012-12-21 09:00:00,997.2,19.7,71,0.3,319.0,,,0.0,,,,,,,,,,,,,,,,,,,,,,,,,,,,
2012-12-21 10:00:00,997.3,23.1,57,0.3,167.0,,,0.0,,,,,,,,,,,,,,,,,,,,,,,,,,,,
2012-12-21 11:00:00,997.3,23.2,57,0.4,331.0,,,0.0,,,,,,,,,,,,,,,,,,,,,,,,,,,,
2012-12-21 12:00:00,996.4,24.0,60,0.5,313.0,,,0.0,,,,,,,,,,,,,,,,,,,,,,,,,,,,
2012-12-21 13:00:00,995.7,24.5,61,0.6,342.0,,,0.0,,,,,,,,,,,,,,,,,,,,,,,,,,,,
2012-12-21 14:00:00,995.1,24.3,55,0.4,329.0,,,0.0,,,,,,,,,,,,,,,,,,,,,,,,,,,,
2012-12-21 15:00:00,994.8,24.1,56,0.4,313.0,,,0.0,,,,,,,,,,,,,,,,,,,,,,,,,,,,
2012-12-21 16:00:00,-9999.7,-99.7,-9997,-99.7,-999.7,,,0.0,,,,,,,,,,,,,,,,,,,,,,,,,,,,
2012-12-21 17:00:00,995.1,22.6,65,0.2,0.0,,,0.0,,,,,,,,,,,,,,,,,,,,,,,,,,,,
2012-12-21 18:00:00,996.1,20.4,74,0.3,339.0,,,0.0,,,,,,,,,,,,,,,,,,,,,,,,,,,,
2012-12-21 19:00:00,996.6,19.9,75,0.3,40.0,,,0.0,,,,,,,,,,,,,,,,,,,,,,,,,,,,
2012-12-21 20:00:00,997.0,19.8,79,0.2,0.0,,,0.0,,,,,,,,,,,,,,,,,,,,,,,,,,,,
2012-12-21 21:00:00,997.2,19.6,80,0.1,0.0,,,0.0,,,,,,,,,,,,,,,,,,,,,,,,,,,,
2012-12-21 22:00:00,997.5,18.8,84,0.0,0.0,,,0.0,,,,,,,,,,,,,,,,,,,,,,,,,,,,
2012-12-21 23:00:00,997.7,18.2,86,0.0,0.0,,,0.0,,,,,,,,,,,,,,,,,,,,,,,,,,,,
2012-12-22 00:00:00,997.7,19.2,82,0.1,0.0,,,0.0,,,,,,,,,,,,,,,,,,,,,,,,,,,,
2012-12-22 01:00:00,997.6,19.1,82,0.2,0.0,,,0.0,,,,,,,,,,,,,,,,,,,,,,,,,,,,
2012-12-22 02:00:00,997.3,19.6,76,0.1,0.0,,,0.0,,,,,,,,,,,,,,,,,,,,,,,,,,,,
2012-12-22 03:00:00,997.3,18.8,84,0.1,0.0,,,0.0,,,,,,,,,,,,,,,,,,,,,,,,,,,,
2012-12-22 04:00:00,997.1,18.6,85,0.2,0.0,,,0.0,,,,,,,,,,,,,,,,,,,,,,,,,,,,
2012-12-22 05:00:00,997.1,17.9,87,0.0,0.0,,,0.0,,,,,,,,,,,,,,,,,,,,,,,,,,,,
2012-12-22 06:00:00,997.4,17.7,84,0.1,0.0,,,0.0,,,,,,,,,,,,,,,,,,,,,,,,,,,,
2012-12-22 07:00:00,998.0,18.3,81,0.0,0.0,,,0.0,,,,,,,,,,,,,,,,,,,,,,,,,,,,
2012-12-22 08:00:00,998.5,19.1,79,0.4,319.0,,,0.0,,,,,,,,,,,,,,,,,,,,,,,,,,,,
2012-12-22 09:00:00,998.6,21.1,71,0.4,54.0,,,0.0,,,,,,,,,,,,,,,,,,,,,,,,,,,,
2012-12-22 10:00:00,998.3,22.1,72,0.4,314.0,,,0.0,,,,,,,,,,,,,,,,,,,,,,,,,,,,
2012-12-22 11:00:00,998.0,22.4,68,0.6,339.0,,,0.0,,,,,,,,,,,,,,,,,,,,,,,,,,,,
2012-12-22 12:00:00,997.2,22.9,62,0.7,18.0,,,0.0,,,,,,,,,,,,,,,,,,,,,,,,,,,,
2012-12-22 13:00:00,996.1,22.3,61,0.6,7.0,,,0.0,,,,,,,,,,,,,,,,,,,,,,,,,,,,
2012-12-22 14:00:00,995.3,22.3,60,0.8,13.0,,,0.0,,,,,,,,,,,,,,,,,,,,,,,,,,,,
2012-12-22 15:00:00,995.3,20.8,63,0.7,32.0,,,0.0,,,,,,,,,,,,,,,,,,,,,,,,,,,,
2012-12-22 16:00:00,995.8,19.0,68,0.8,32.0,,,0.0,,,,,,,,,,,,,,,,,,,,,,,,,,,,
2012-12-22 17:00:00,996.4,17.6,72,0.6,32.0,,,0.0,,,,,,,,,,,,,,,,,,,,,,,,,,,,
2012-12-22 18:00:00,997.2,16.5,76,0.6,27.0,,,0.0,,,,,,,,,,,,,,,,,,,,,,,,,,,,
2012-12-22 19:00:00,997.9,16.1,78,0.5,32.0,,,0.0,,,,,,,,,,,,,,,,,,,,,,,,,,,,
2012-12-22 20:00:00,998.4,15.8,78,0.5,34.0,,,0.0,,,,,,,,,,,,,,,,,,,,,,,,,,,,
2012-12-22 21:00:00,998.7,15.6,79,0.4,25.0,,,0.0,,,,,,,,,,,,,,,,,,,,,,,,,,,,
2012-12-22 22:00:00,998.8,15.5,80,0.4,40.0,,,0.0,,,,,,,,,,,,,,,,,,,,,,,,,,,,
2012-12-22 23:00:00,998.8,15.3,80,0.4,23.0,,,0.0,,,,,,,,,,,,,,,,,,,,,,,,,,,,
2012-12-23 00:00:00,-9999.7,-99.7,-9997,-99.7,-999.7,,,0.0,,,,,,,,,,,,,,,,,,,,,,,,,,,,
2012-12-23 01:00:00,999.3,15.0,80,0.5,41.0,,,0.0,,,,,,,,,,,,,,,,,,,,,,,,,,,,
2012-12-23 02:00:00,999.4,14.9,79,0.9,33.0,,,0.0,,,,,,,,,,,,,,,,,,,,,,,,,,,,
2012-12-23 03:00:00,999.3,14.6,80,0.5,36.0,,,0.0,,,,,,,,,,,,,,,,,,,,,,,,,,,,
2012-12-23 04:00:00,999.3,14.2,79,0.6,36.0,,,0.0,,,,,,,,,,,,,,,,,,,,,,,,,,,,
2012-12-23 05:00:00,999.8,14.0,78,1.0,30.0,,,0.0,,,,,,,,,,,,,,,,,,,,,,,,,,,,
2012-12-23 06:00:00,1000.8,13.5,79,1.0,20.0,,,0.0,,,,,,,,,,,,,,,,,,,,,,,,,,,,
2012-12-23 07:00:00,1001.6,13.1,77,1.1,32.0,,,0.0,,,,,,,,,,,,,,,,,,,,,,,,,,,,
2012-12-23 08:00:00,1002.2,13.1,76,1.7,35.0,,,0.0,,,,,,,,,,,,,,,,,,,,,,,,,,,,
2012-12-23 09:00:00,1002.6,13.0,75,2.0,32.0,,,0.0,,,,,,,,,,,,,,,,,,,,,,,,,,,,
2012-12-23 10:00:00,1003.1,12.9,74,1.8,34.0,,,0.0,,,,,,,,,,,,,,,,,,,,,,,,,,,,
2012-12-23 11:00:00,1003.5,12.4,74,1.1,46.0,,,0.0,,,,,,,,,,,,,,,,,,,,,,,,,,,,
2012-12-23 12:00:00,1002.5,13.2,72,0.7,32.0,,,0.0,,,,,,,,,,,,,,,,,,,,,,,,,,,,
2012-12-23 13:00:00,1000.8,13.5,70,0.8,63.0,,,0.0,,,,,,,,,,,,,,,,,,,,,,,,,,,,
2012-12-23 14:00:00,1001.1,13.6,69,0.6,339.0,,,0.0,,,,,,,,,,,,,,,,,,,,,,,,,,,,
2012-12-23 15:00:00,1001.1,12.7,71,0.7,31.0,,,0.0,,,,,,,,,,,,,,,,,,,,,,,,,,,,
2012-12-23 16:00:00,1001.0,12.3,70,0.8,36.0,,,0.0,,,,,,,,,,,,,,,,,,,,,,,,,,,,
2012-12-23 17:00:00,1001.4,11.7,71,0.9,32.0,,,0.0,,,,,,,,,,,,,,,,,,,,,,,,,,,,
2012-12-23 18:00:00,1001.8,11.6,70,1.0,16.0,,,0.0,,,,,,,,,,,,,,,,,,,,,,,,,,,,
2012-12-23 19:00:00,1002.4,11.4,71,0.7,32.0,,,0.0,,,,,,,,,,,,,,,,,,,,,,,,,,,,
2012-12-23 20:00:00,1002.9,11.0,71,0.7,37.0,,,0.0,,,,,,,,,,,,,,,,,,,,,,,,,,,,
2012-12-23 21:00:00,1002.8,10.9,73,0.6,31.0,,,0.0,,,,,,,,,,,,,,,,,,,,,,,,,,,,
2012-12-23 22:00:00,1002.6,11.0,73,0.4,24.0,,,0.0,,,,,,,,,,,,,,,,,,,,,,,,,,,,
2012-12-23 23:00:00,1002.1,11.1,73,0.4,21.0,,,0.0,,,,,,,,,,,,,,,,,,,,,,,,,,,,
2012-12-24 00:00:00,1001.7,11.0,74,0.6,23.0,,,0.0,,,,,,,,,,,,,,,,,,,,,,,,,,,,
2012-12-24 01:00:00,1001.3,11.1,73,0.4,38.0,,,0.0,,,,,,,,,,,,,,,,,,,,,,,,,,,,
2012-12-24 02:00:00,1001.1,11.1,74,0.4,30.0,,,0.0,,,,,,,,,,,,,,,,,,,,,,,,,,,,
2012-12-24 03:00:00,1000.6,11.0,74,0.4,25.0,,,0.0,,,,,,,,,,,,,,,,,,,,,,,,,,,,
2012-12-24 04:00:00,1000.6,10.9,76,0.3,36.0,,,0.0,,,,,,,,,,,,,,,,,,,,,,,,,,,,
2012-12-24 05:00:00,1000.6,11.1,74,0.4,36.0,,,0.0,,,,,,,,,,,,,,,,,,,,,,,,,,,,
2012-12-24 06:00:00,-9999.7,-99.7,-9997,-99.7,-999.7,,,0.0,,,,,,,,,,,,,,,,,,,,,,,,,,,,
2012-12-24 07:00:00,1001.6,11.6,73,0.5,28.0,,,0.0,,,,,,,,,,,,,,,,,,,,,,,,,,,,
2012-12-24 08:00:00,1001.9,12.7,70,0.6,25.0,,,0.0,,,,,,,,,,,,,,,,,,,,,,,,,,,,
2012-12-24 09:00:00,1002.4,13.5,67,0.5,32.0,,,0.0,,,,,,,,,,,,,,,,,,,,,,,,,,,,
2012-12-24 10:00:00,1002.5,15.6,61,0.4,20.0,,,0.0,,,,,,,,,,,,,,,,,,,,,,,,,,,,
2012-12-24 11:00:00,1001.8,16.9,59,0.5,7.0,,,0.0,,,,,,,,,,,,,,,,,,,,,,,,,,,,
2012-12-24 12:00:00,1000.8,18.2,57,0.7,282.0,,,0.0,,,,,,,,,,,,,,,,,,,,,,,,,,,,
2012-12-24 13:00:00,1000.0,19.9,55,0.7,274.0,,,0.0,,,,,,,,,,,,,,,,,,,,,,,,,,,,
2012-12-24 14:00:00,999.3,20.4,51,0.7,15.0,,,0.0,,,,,,,,,,,,,,,,,,,,,,,,,,,,
2012-12-24 15:00:00,998.7,21.1,50,0.5,269.0,,,0.0,,,,,,,,,,,,,,,,,,,,,,,,,,,,
2012-12-24 16:00:00,998.7,19.5,54,0.5,313.0,,,0.0,,,,,,,,,,,,,,,,,,,,,,,,,,,,
2012-12-24 17:00:00,998.9,18.0,59,0.3,276.0,,,0.0,,,,,,,,,,,,,,,,,,,,,,,,,,,,
2012-12-24 18:00:00,999.0,16.9,65,0.2,0.0,,,0.0,,,,,,,,,,,,,,,,,,,,,,,,,,,,
2012-12-24 19:00:00,999.7,15.9,73,0.3,81.0,,,0.0,,,,,,,,,,,,,,,,,,,,,,,,,,,,
2012-12-24 20:00:00,1000.0,15.3,76,0.3,66.0,,,0.0,,,,,,,,,,,,,,,,,,,,,,,,,,,,
2012-12-24 21:00:00,1000.2,15.1,75,0.3,76.0,,,0.0,,,,,,,,,,,,,,,,,,,,,,,,,,,,
2012-12-24 22:00:00,1000.0,14.9,76,0.3,81.0,,,0.0,,,,,,,,,,,,,,,,,,,,,,,,,,,,
2012-12-24 23:00:00,1000.2,14.6,80,0.0,0.0,,,0.0,,,,,,,,,,,,,,,,,,,,,,,,,,,,
2012-12-25 00:00:00,1000.2,14.8,80,0.0,0.0,,,0.0,,,,,,,,,,,,,,,,,,,,,,,,,,,,
2012-12-25 01:00:00,1000.3,15.3,77,0.0,0.0,,,0.0,,,,,,,,,,,,,,,,,,,,,,,,,,,,
2012-12-25 02:00:00,1000.0,15.2,80,0.4,70.0,,,0.0,,,,,,,,,,,,,,,,,,,,,,,,,,,,
2012-12-25 03:00:00,1000.0,14.5,84,0.3,45.0,,,0.0,,,,,,,,,,,,,,,,,,,,,,,,,,,,
2012-12-25 04:00:00,999.9,14.2,84,0.0,0.0,,,0.0,,,,,,,,,,,,,,,,,,,,,,,,,,,,
2012-12-25 05:00:00,999.9,14.5,84,0.6,74.0,,,0.0,,,,,,,,,,,,,,,,,,,,,,,,,,,,
2012-12-25 06:00:00,1000.5,14.8,83,0.3,54.0,,,0.0,,,,,,,,,,,,,,,,,,,,,,,,,,,,
2012-12-25 07:00:00,1000.7,15.6,80,0.5,56.0,,,0.0,,,,,,,,,,,,,,,,,,,,,,,,,,,,
2012-12-25 08:00:00,1001.6,16.9,73,0.3,71.0,,,0.0,,,,,,,,,,,,,,,,,,,,,,,,,,,,
2012-12-25 09:00:00,1002.1,18.9,69,0.3,61.0,,,0.0,,,,,,,,,,,,,,,,,,,,,,,,,,,,
2012-12-25 10:00:00,1001.7,19.9,59,0.5,43.0,,,0.0,,,,,,,,,,,,,,,,,,,,,,,,,,,,
2012-12-25 11:00:00,1001.1,21.4,56,0.5,352.0,,,0.0,,,,,,,,,,,,,,,,,,,,,,,,,,,,
2012-12-25 12:00:00,1000.5,21.7,55,0.5,331.0,,,0.0,,,,,,,,,,,,,,,,,,,,,,,,,,,,
2012-12-25 13:00:00,999.7,21.9,56,0.4,325.0,,,0.0,,,,,,,,,,,,,,,,,,,,,,,,,,,,
2012-12-25 14:00:00,998.6,21.6,59,0.5,314.0,,,0.0,,,,,,,,,,,,,,,,,,,,,,,,,,,,
2012-12-25 15:00:00,998.0,21.1,61,0.5,354.0,,,0.0,,,,,,,,,,,,,,,,,,,,,,,,,,,,
2012-12-25 16:00:00,997.7,21.1,63,0.5,331.0,,,0.0,,,,,,,,,,,,,,,,,,,,,,,,,,,,
2012-12-25 17:00:00,998.1,19.8,67,0.5,320.0,,,0.0,,,,,,,,,,,,,,,,,,,,,,,,,,,,
2012-12-25 18:00:00,998.9,18.7,74,0.3,307.0,,,0.0,,,,,,,,,,,,,,,,,,,,,,,,,,,,
2012-12-25 19:00:00,999.0,17.9,81,0.3,37.0,,,0.0,,,,,,,,,,,,,,,,,,,,,,,,,,,,
2012-12-25 20:00:00,999.4,17.1,83,0.1,0.0,,,0.0,,,,,,,,,,,,,,,,,,,,,,,,,,,,
2012-12-25 21:00:00,999.7,16.3,86,0.1,0.0,,,0.0,,,,,,,,,,,,,,,,,,,,,,,,,,,,
2012-12-25 22:00:00,-9999.7,-99.7,-9997,-99.7,-999.7,,,0.0,,,,,,,,,,,,,,,,,,,,,,,,,,,,
2012-12-25 23:00:00,999.9,16.3,88,0.3,71.0,,,0.0,,,,,,,,,,,,,,,,,,,,,,,,,,,,
2012-12-26 00:00:00,999.7,16.5,88,0.1,0.0,,,0.0,,,,,,,,,,,,,,,,,,,,,,,,,,,,
2012-12-26 01:00:00,999.3,16.1,89,0.2,0.0,,,0.0,,,,,,,,,,,,,,,,,,,,,,,,,,,,
2012-12-26 02:00:00,998.9,16.2,88,0.3,49.0,,,0.0,,,,,,,,,,,,,,,,,,,,,,,,,,,,
2012-12-26 03:00:00,998.2,16.6,83,0.4,39.0,,,0.0,,,,,,,,,,,,,,,,,,,,,,,,,,,,
2012-12-26 04:00:00,997.8,16.6,77,0.3,32.0,,,0.0,,,,,,,,,,,,,,,,,,,,,,,,,,,,
2012-12-26 05:00:00,997.4,16.6,80,0.3,38.0,,,0.0,,,,,,,,,,,,,,,,,,,,,,,,,,,,
2012-12-26 06:00:00,997.7,16.7,81,0.2,0.0,,,0.0,,,,,,,,,,,,,,,,,,,,,,,,,,,,
2012-12-26 07:00:00,998.3,16.2,84,0.1,0.0,,,0.0,,,,,,,,,,,,,,,,,,,,,,,,,,,,
2012-12-26 08:00:00,998.6,17.4,79,0.3,62.0,,,0.0,,,,,,,,,,,,,,,,,,,,,,,,,,,,
2012-12-26 09:00:00,999.1,19.1,66,0.3,53.0,,,0.0,,,,,,,,,,,,,,,,,,,,,,,,,,,,
2012-12-26 10:00:00,999.7,21.8,59,0.4,36.0,,,0.0,,,,,,,,,,,,,,,,,,,,,,,,,,,,
2012-12-26 11:00:00,999.1,23.2,51,0.4,231.0,,,0.0,,,,,,,,,,,,,,,,,,,,,,,,,,,,
2012-12-26 12:00:00,998.3,23.9,53,0.6,253.0,,,0.0,,,,,,,,,,,,,,,,,,,,,,,,,,,,
2012-12-26 13:00:00,997.0,24.7,47,0.4,233.0,,,0.0,,,,,,,,,,,,,,,,,,,,,,,,,,,,
2012-12-26 14:00:00,996.4,25.4,50,0.4,305.0,,,0.0,,,,,,,,,,,,,,,,,,,,,,,,,,,,
2012-12-26 15:00:00,996.0,23.1,68,0.6,324.0,,,0.0,,,,,,,,,,,,,,,,,,,,,,,,,,,,
2012-12-26 16:00:00,995.9,22.7,70,0.4,334.0,,,0.0,,,,,,,,,,,,,,,,,,,,,,,,,,,,
2012-12-26 17:00:00,996.1,21.5,76,0.3,320.0,,,0.0,,,,,,,,,,,,,,,,,,,,,,,,,,,,
2012-12-26 18:00:00,996.4,20.0,82,0.3,308.0,,,0.0,,,,,,,,,,,,,,,,,,,,,,,,,,,,
2012-12-26 19:00:00,996.7,19.4,85,0.1,0.0,,,0.0,,,,,,,,,,,,,,,,,,,,,,,,,,,,
2012-12-26 20:00:00,997.4,18.7,88,0.3,39.0,,,0.0,,,,,,,,,,,,,,,,,,,,,,,,,,,,
2012-12-26 21:00:00,998.3,18.8,88,0.2,0.0,,,0.0,,,,,,,,,,,,,,,,,,,,,,,,,,,,
2012-12-26 22:00:00,998.6,19.0,88,0.1,0.0,,,0.0,,,,,,,,,,,,,,,,,,,,,,,,,,,,
2012-12-26 23:00:00,998.2,19.1,88,0.2,0.0,,,0.0,,,,,,,,,,,,,,,,,,,,,,,,,,,,
2012-12-27 00:00:00,997.6,18.6,90,0.2,0.0,,,0.0,,,,,,,,,,,,,,,,,,,,,,,,,,,,
2012-12-27 01:00:00,997.3,17.7,93,0.0,0.0,,,0.0,,,,,,,,,,,,,,,,,,,,,,,,,,,,
2012-12-27 02:00:00,996.8,17.7,94,0.2,0.0,,,0.0,,,,,,,,,,,,,,,,,,,,,,,,,,,,
2012-12-27 03:00:00,996.8,17.7,96,0.2,0.0,,,0.0,,,,,,,,,,,,,,,,,,,,,,,,,,,,
2012-12-27 04:00:00,-9999.7,-99.7,-9997,-99.7,-999.7,,,0.0,,,,,,,,,,,,,,,,,,,,,,,,,,,,
2012-12-27 05:00:00,996.4,17.2,95,0.1,0.0,,,0.0,,,,,,,,,,,,,,,,,,,,,,,,,,,,
2012-12-27 06:00:00,997.0,17.2,95,0.3,52.0,,,0.0,,,,,,,,,,,,,,,,,,,,,,,,,,,,
2012-12-27 07:00:00,997.0,17.3,94,0.1,0.0,,,0.0,,,,,,,,,,,,,,,,,,,,,,,,,,,,
2012-12-27 08:00:00,997.8,18.5,88,0.2,0.0,,,0.0,,,,,,,,,,,,,,,,,,,,,,,,,,,,
2012-12-27 09:00:00,998.7,19.5,86,0.2,0.0,,,0.0,,,,,,,,,,,,,,,,,,,,,,,,,,,,
2012-12-27 10:00:00,998.0,21.0,75,0.3,268.0,,,0.0,,,,,,,,,,,,,,,,,,,,,,,,,,,,
2012-12-27 11:00:00,997.5,22.3,66,0.3,236.0,,,0.0,,,,,,,,,,,,,,,,,,,,,,,,,,,,
2012-12-27 12:00:00,996.5,22.8,61,0.3,248.0,,,0.0,,,,,,,,,,,,,,,,,,,,,,,,,,,,
2012-12-27 13:00:00,996.1,21.2,82,0.6,315.0,,,0.0,,,,,,,,,,,,,,,,,,,,,,,,,,,,
2012-12-27 14:00:00,996.0,19.9,87,0.4,317.0,,,0.0,,,,,,,,,,,,,,,,,,,,,,,,,,,,
2012-12-27 15:00:00,994.9,20.2,83,0.3,77.0,,,0.0,,,,,,,,,,,,,,,,,,,,,,,,,,,,
2012-12-27 16:00:00,994.3,20.6,82,0.3,261.0,,,0.0,,,,,,,,,,,,,,,,,,,,,,,,,,,,
2012-12-27 17:00:00,994.8,20.0,84,0.3,302.0,,,0.0,,,,,,,,,,,,,,,,,,,,,,,,,,,,
2012-12-27 18:00:00,995.8,18.4,96,0.3,307.0,,,0.0,,,,,,,,,,,,,,,,,,,,,,,,,,,,
2012-12-27 19:00:00,996.2,17.8,97,0.3,313.0,,,0.0,,,,,,,,,,,,,,,,,,,,,,,,,,,,
2012-12-27 20:00:00,997.8,17.0,99,0.4,326.0,,,0.0,,,,,,,,,,,,,,,,,,,,,,,,,,,,
2012-12-27 21:00:00,998.4,17.2,94,0.3,32.0,,,0.0,,,,,,,,,,,,,,,,,,,,,,,,,,,,
2012-12-27 22:00:00,998.9,17.5,91,0.3,5.0,,,0.0,,,,,,,,,,,,,,,,,,,,,,,,,,,,
2012-12-27 23:00:00,998.9,17.3,92,0.3,30.0,,,0.0,,,,,,,,,,,,,,,,,,,,,,,,,,,,
2012-12-28 00:00:00,998.7,16.9,91,0.3,323.0,,,0.0,,,,,,,,,,,,,,,,,,,,,,,,,,,,
2012-12-28 01:00:00,998.3,16.8,88,0.3,351.0,,,0.0,,,,,,,,,,,,,,,,,,,,,,,,,,,,
2012-12-28 02:00:00,997.6,16.6,77,0.5,39.0,,,0.0,,,,,,,,,,,,,,,,,,,,,,,,,,,,
2012-12-28 03:00:00,996.7,16.5,80,0.3,46.0,,,0.0,,,,,,,,,,,,,,,,,,,,,,,,,,,,
2012-12-28 04:00:00,996.8,16.5,77,0.3,35.0,,,0.0,,,,,,,,,,,,,,,,,,,,,,,,,,,,
2012-12-28 05:00:00,996.7,16.9,72,0.3,47.0,,,0.0,,,,,,,,,,,,,,,,,,,,,,,,,,,,
2012-12-28 06:00:00,996.7,17.6,68,0.4,49.0,,,0.0,,,,,,,,,,,,,,,,,,,,,,,,,,,,
2012-12-28 07:00:00,997.1,18.5,64,0.3,46.0,,,0.0,,,,,,,,,,,,,,,,,,,,,,,,,,,,
2012-12-28 08:00:00,997.8,20.3,56,0.6,36.0,,,0.0,,,,,,,,,,,,,,,,,,,,,,,,,,,,
2012-12-28 09:00:00,999.0,21.3,54,0.4,45.0,,,0.0,,,,,,,,,,,,,,,,,,,,,,,,,,,,
2012-12-28 10:00:00,999.1,22.0,54,0.7,35.0,,,0.0,,,,,,,,,,,,,,,,,,,,,,,,,,,,
2012-12-28 11:00:00,998.6,21.4,59,0.6,25.0,,,0.0,,,,,,,,,,,,,,,,,,,,,,,,,,,,
2012-12-28 12:00:00,997.5,21.1,62,0.6,31.0,,,0.0,,,,,,,,,,,,,,,,,,,,,,,,,,,,
2012-12-28 13:00:00,996.2,22.9,59,0.5,347.0,,,0.0,,,,,,,,,,,,,,,,,,,,,,,,,,,,
2012-12-28 14:00:00,995.2,23.1,65,0.5,10.0,,,0.0,,,,,,,,,,,,,,,,,,,,,,,,,,,,
2012-12-28 15:00:00,994.8,25.0,56,0.6,324.0,,,0.0,,,,,,,,,,,,,,,,,,,,,,,,,,,,
2012-12-28 16:00:00,994.8,22.7,67,0.7,319.0,,,0.0,,,,,,,,,,,,,,,,,,,,,,,,,,,,
2012-12-28 17:00:00,994.6,21.5,72,0.5,334.0,,,0.0,,,,,,,,,,,,,,,,,,,,,,,,,,,,
2012-12-28 18:00:00,994.9,20.3,77,0.4,35.0,,,0.0,,,,,,,,,,,,,,,,,,,,,,,,,,,,
2012-12-28 19:00:00,995.3,19.9,79,0.3,319.0,,,0.0,,,,,,,,,,,,,,,,,,,,,,,,,,,,
2012-12-28 20:00:00,995.6,19.4,81,0.2,0.0,,,0.0,,,,,,,,,,,,,,,,,,,,,,,,,,,,
2012-12-28 21:00:00,995.8,19.4,80,0.1,0.0,,,0.0,,,,,,,,,,,,,,,,,,,,,,,,,,,,
2012-12-28 22:00:00,996.1,18.9,83,0.4,334.0,,,0.0,,,,,,,,,,,,,,,,,,,,,,,,,,,,
2012-12-28 23:00:00,996.2,18.4,86,0.3,42.0,,,0.0,,,,,,,,,,,,,,,,,,,,,,,,,,,,
2012-12-29 00:00:00,995.6,18.3,86,0.2,0.0,,,0.0,,,,,,,,,,,,,,,,,,,,,,,,,,,,
2012-12-29 01:00:00,995.8,17.8,87,0.1,0.0,,,0.0,,,,,,,,,,,,,,,,,,,,,,,,,,,,
2012-12-29 02:00:00,995.2,17.7,88,0.3,352.0,,,0.0,,,,,,,,,,,,,,,,,,,,,,,,,,,,
2012-12-29 03:00:00,995.3,17.4,88,0.2,0.0,,,0.0,,,,,,,,,,,,,,,,,,,,,,,,,,,,
2012-12-29 04:00:00,995.5,17.1,89,0.3,29.0,,,0.0,,,,,,,,,,,,,,,,,,,,,,,,,,,,
2012-12-29 05:00:00,995.6,16.5,91,0.3,40.0,,,0.0,,,,,,,,,,,,,,,,,,,,,,,,,,,,
2012-12-29 06:00:00,995.6,16.6,92,0.1,0.0,,,0.0,,,,,,,,,,,,,,,,,,,,,,,,,,,,
2012-12-29 07:00:00,995.9,17.1,88,0.1,0.0,,,0.0,,,,,,,,,,,,,,,,,,,,,,,,,,,,
2012-12-29 08:00:00,996.5,18.2,86,0.2,0.0,,,0.0,,,,,,,,,,,,,,,,,,,,,,,,,,,,
2012-12-29 09:00:00,997.0,20.2,75,0.3,258.0,,,0.0,,,,,,,,,,,,,,,,,,,,,,,,,,,,
2012-12-29 10:00:00,996.4,21.9,69,0.3,278.0,,,0.0,,,,,,,,,,,,,,,,,,,,,,,,,,,,
2012-12-29 11:00:00,995.7,24.0,63,0.6,302.0,,,0.0,,,,,,,,,,,,,,,,,,,,,,,,,,,,
2012-12-29 12:00:00,994.4,25.0,59,0.3,30.0,,,0.0,,,,,,,,,,,,,,,,,,,,,,,,,,,,
2012-12-29 13:00:00,993.4,25.8,55,0.4,228.0,,,0.0,,,,,,,,,,,,,,,,,,,,,,,,,,,,
2012-12-29 14:00:00,992.6,26.8,51,0.5,254.0,,,0.0,,,,,,,,,,,,,,,,,,,,,,,,,,,,
2012-12-29 15:00:00,992.9,23.7,69,0.8,289.0,,,0.0,,,,,,,,,,,,,,,,,,,,,,,,,,,,
2012-12-29 16:00:00,992.9,21.9,73,0.4,26.0,,,0.0,,,,,,,,,,,,,,,,,,,,,,,,,,,,
2012-12-29 17:00:00,993.1,21.8,75,0.2,0.0,,,0.0,,,,,,,,,,,,,,,,,,,,,,,,,,,,
2012-12-29 18:00:00,993.3,20.9,79,0.2,0.0,,,0.0,,,,,,,,,,,,,,,,,,,,,,,,,,,,
2012-12-29 19:00:00,993.7,19.9,89,0.3,327.0,,,0.0,,,,,,,,,,,,,,,,,,,,,,,,,,,,
2012-12-29 20:00:00,994.2,19.3,93,0.3,323.0,,,0.0,,,,,,,,,,,,,,,,,,,,,,,,,,,,
2012-12-29 21:00:00,994.1,19.3,94,0.3,7.0,,,0.0,,,,,,,,,,,,,,,,,,,,,,,,,,,,
2012-12-29 22:00:00,994.9,18.3,98,0.3,305.0,,,0.0,,,,,,,,,,,,,,,,,,,,,,,,,,,,
2012-12-29 23:00:00,995.2,16.8,99,0.4,336.0,,,1.5,,,,,,,,,,,,,,,,,,,,,,,,,,,,
2012-12-30 00:00:00,996.2,16.6,98,0.4,328.0,,,1.5,,,,,,,,,,,,,,,,,,,,,,,,,,,,
2012-12-30 01:00:00,994.8,17.1,90,0.4,28.0,,,1.0,,,,,,,,,,,,,,,,,,,,,,,,,,,,
2012-12-30 02:00:00,996.2,14.3,96,0.5,320.0,,,5.0,,,,,,,,,,,,,,,,,,,,,,,,,,,,
2012-12-30 03:00:00,995.9,13.7,90,0.9,27.0,,,2.0,,,,,,,,,,,,,,,,,,,,,,,,,,,,
2012-12-30 04:00:00,995.5,12.8,86,1.1,32.0,,,0.5,,,,,,,,,,,,,,,,,,,,,,,,,,,,
2012-12-30 05:00:00,995.9,12.5,83,1.6,24.0,,,0.0,,,,,,,,,,,,,,,,,,,,,,,,,,,,
2012-12-30 06:00:00,995.8,12.8,71,1.9,29.0,,,0.0,,,,,,,,,,,,,,,,,,,,,,,,,,,,
2012-12-30 07:00:00,997.1,11.2,89,0.9,24.0,,,3.0,,,,,,,,,,,,,,,,,,,,,,,,,,,,
2012-12-30 08:00:00,996.9,11.8,89,0.5,33.0,,,1.5,,,,,,,,,,,,,,,,,,,,,,,,,,,,
2012-12-30 09:00:00,998.1,11.8,88,0.4,329.0,,,0.0,,,,,,,,,,,,,,,,,,,,,,,,,,,,
2012-12-30 10:00:00,998.1,11.8,89,0.4,24.0,,,0.0,,,,,,,,,,,,,,,,,,,,,,,,,,,,
2012-12-30 11:00:00,-9999.7,-99.7,-9997,-99.7,-999.7,,,0.5,,,,,,,,,,,,,,,,,,,,,,,,,,,,
2012-12-30 12:00:00,996.9,10.3,87,0.9,35.0,,,0.0,,,,,,,,,,,,,,,,,,,,,,,,,,,,
2012-12-30 13:00:00,996.3,9.9,82,1.3,44.0,,,0.0,,,,,,,,,,,,,,,,,,,,,,,,,,,,
2012-12-30 14:00:00,996.8,9.7,77,1.3,34.0,,,0.0,,,,,,,,,,,,,,,,,,,,,,,,,,,,
2012-12-30 15:00:00,996.9,9.7,79,0.8,32.0,,,0.0,,,,,,,,,,,,,,,,,,,,,,,,,,,,
2012-12-30 16:00:00,997.6,8.5,75,1.6,22.0,,,0.0,,,,,,,,,,,,,,,,,,,,,,,,,,,,
2012-12-30 17:00:00,998.8,8.4,73,0.9,41.0,,,0.0,,,,,,,,,,,,,,,,,,,,,,,,,,,,
2012-12-30 18:00:00,999.3,8.7,70,0.4,27.0,,,0.0,,,,,,,,,,,,,,,,,,,,,,,,,,,,
2012-12-30 19:00:00,999.7,9.0,64,0.4,45.0,,,0.0,,,,,,,,,,,,,,,,,,,,,,,,,,,,
2012-12-30 20:00:00,999.8,8.9,59,0.6,32.0,,,0.0,,,,,,,,,,,,,,,,,,,,,,,,,,,,
2012-12-30 21:00:00,999.4,8.6,62,0.4,30.0,,,0.0,,,,,,,,,,,,,,,,,,,,,,,,,,,,
2012-12-30 22:00:00,999.6,8.1,61,0.5,30.0,,,0.0,,,,,,,,,,,,,,,,,,,,,,,,,,,,
2012-12-30 23:00:00,998.9,7.9,61,0.4,15.0,,,0.0,,,,,,,,,,,,,,,,,,,,,,,,,,,,
2012-12-31 00:00:00,999.3,8.1,60,0.4,39.0,,,0.0,,,,,,,,,,,,,,,,,,,,,,,,,,,,
2012-12-31 01:00:00,999.5,8.1,62,0.4,41.0,,,0.0,,,,,,,,,,,,,,,,,,,,,,,,,,,,
2012-12-31 02:00:00,999.4,8.1,61,0.4,40.0,,,0.0,,,,,,,,,,,,,,,,,,,,,,,,,,,,
2012-12-31 03:00:00,999.1,8.0,61,0.4,37.0,,,0.0,,,,,,,,,,,,,,,,,,,,,,,,,,,,
2012-12-31 04:00:00,999.1,7.9,62,0.4,35.0,,,0.0,,,,,,,,,,,,,,,,,,,,,,,,,,,,
2012-12-31 05:00:00,999.0,8.0,65,0.5,62.0,,,0.0,,,,,,,,,,,,,,,,,,,,,,,,,,,,
2012-12-31 06:00:00,-9999.7,-99.7,-9997,-99.7,-999.7,,,0.0,,,,,,,,,,,,,,,,,,,,,,,,,,,,
2012-12-31 07:00:00,1000.1,7.8,73,0.4,54.0,,,0.0,,,,,,,,,,,,,,,,,,,,,,,,,,,,
2012-12-31 08:00:00,999.7,8.4,73,0.4,58.0,,,0.0,,,,,,,,,,,,,,,,,,,,,,,,,,,,
2012-12-31 09:00:00,1001.2,8.5,74,0.5,44.0,,,0.0,,,,,,,,,,,,,,,,,,,,,,,,,,,,
2012-12-31 10:00:00,1001.6,9.3,71,0.7,40.0,,,0.0,,,,,,,,,,,,,,,,,,,,,,,,,,,,
2012-12-31 11:00:00,1001.0,10.8,65,0.5,48.0,,,0.0,,,,,,,,,,,,,,,,,,,,,,,,,,,,
2012-12-31 12:00:00,1000.3,12.0,63,0.5,46.0,,,0.0,,,,,,,,,,,,,,,,,,,,,,,,,,,,
2012-12-31 13:00:00,999.3,12.6,61,0.6,315.0,,,0.0,,,,,,,,,,,,,,,,,,,,,,,,,,,,
2012-12-31 14:00:00,998.6,12.8,62,0.5,332.0,,,0.0,,,,,,,,,,,,,,,,,,,,,,,,,,,,
2012-12-31 15:00:00,998.3,13.2,60,0.5,329.0,,,0.0,,,,,,,,,,,,,,,,,,,,,,,,,,,,
2012-12-31 16:00:00,998.3,12.3,63,0.5,333.0,,,0.0,,,,,,,,,,,,,,,,,,,,,,,,,,,,
2012-12-31 17:00:00,998.4,11.5,68,0.4,36.0,,,0.0,,,,,,,,,,,,,,,,,,,,,,,,,,,,
2012-12-31 18:00:00,998.4,11.3,71,0.3,26.0,,,0.0,,,,,,,,,,,,,,,,,,,,,,,,,,,,
2012-12-31 19:00:00,998.6,10.5,77,0.2,0.0,,,0.0,,,,,,,,,,,,,,,,,,,,,,,,,,,,
2012-12-31 20:00:00,998.7,10.2,79,0.1,0.0,,,0.0,,,,,,,,,,,,,,,,,,,,,,,,,,,,
2012-12-31 21:00:00,999.2,9.7,83,0.3,332.0,,,0.0,,,,,,,,,,,,,,,,,,,,,,,,,,,,
2012-12-31 22:00:00,999.4,9.8,83,0.3,313.0,,,0.0,,,,,,,,,,,,,,,,,,,,,,,,,,,,
2012-12-31 23:00:00,999.3,9.3,87,0.0,0.0,,,0.0,,,,,,,,,,,,,,,,,,,,,,,,,,,,
2013-01-01 00:00:00,999.0,10.2,84,0.3,71.0,,,0.0,,,,,,,,,,,,,,,,,,,,,,,,,,,,
