,StnPres,Tx,RH,WS,WD,WSGust,WDGust,Precp,AirTemperature.Instantaneousf,GlobalSolarRadiation.Accumulationf,GloblRad,PeakGust.Directionf,PeakGust.MaximumTime,PeakGust.MaximumTimef,PeakGust.Maximumf,Precipitation.Accumulationf,Precipitation.MeltFlag,Precipitation.MeltFlagf,RelativeHumidity.Instantaneousf,SoilTemperatureAt0cm.Instantaneousf,SoilTemperatureAt100cm.Instantaneousf,SoilTemperatureAt10cm.Instantaneousf,SoilTemperatureAt20cm.Instantaneousf,SoilTemperatureAt50cm.Instantaneousf,SoilTemperatureAt5cm.Instantaneousf,StationPressure.Instantaneousf,SunShine,SunshineDuration.Totalf,TxSoil0cm,TxSoil100cm,TxSoil10cm,TxSoil20cm,TxSoil50cm,TxSoil5cm,WindDirection.Meanf,WindSpeed.Meanf
2020-01-01 01:00:00,1024.2,12.3,100,0.1,0.0,1.9,269.0,0.0,,,,,2020-01-01T00:28:00,,,,0,,,,,,,,,,,,,,,,,,,
2020-01-01 02:00:00,1023.7,12.5,100,0.4,268.0,2.7,259.0,0.5,,,,,2020-01-01T01:57:00,,,,0,,,,,,,,,,,,,,,,,,,
2020-01-01 03:00:00,1023.5,12.8,100,0.0,0.0,1.9,292.0,1.0,,,,,2020-01-01T02:06:00,,,,0,,,,,,,,,,,,,,,,,,,
2020-01-01 04:00:00,1023.4,13.1,100,0.0,0.0,0.0,0.0,1.0,,,,,2020-01-01T03:05:00,,,,0,,,,,,,,,,,,,,,,,,,
2020-01-01 05:00:00,1023.6,13.2,100,0.0,0.0,0.0,0.0,1.0,,,,,2020-01-01T04:05:00,,,,0,,,,,,,,,,,,,,,,,,,
2020-01-01 06:00:00,1023.9,13.4,100,0.0,0.0,0.8,297.0,0.5,,,,,2020-01-01T05:05:00,,,,0,,,,,,,,,,,,,,,,,,,
2020-01-01 07:00:00,1024.4,13.4,100,0.0,0.0,1.9,258.0,0.5,,,,,2020-01-01T06:57:00,,,,0,,,,,,,,,,,,,,,,,,,
2020-01-01 08:00:00,1025.0,13.6,100,0.0,0.0,1.3,265.0,0.5,,,,,2020-01-01T07:17:00,,,,0,,,,,,,,,,,,,,,,,,,
2020-01-01 09:00:00,1025.4,13.8,100,0.0,0.0,1.3,269.0,0.5,,,,,2020-01-01T08:04:00,,,,0,,,,,,,,,,,,,,,,,,,
2020-01-01 10:00:00,1025.5,14.4,100,0.0,0.0,0.0,0.0,0.5,,,,,2020-01-01T09:05:00,,,,0,,,,,,,,,,,,,,,,,,,
2020-01-01 11:00:00,1024.8,14.8,100,0.0,0.0,0.0,0.0,0.0,,,,,2020-01-01T10:05:00,,,,0,,,,,,,,,,,,,,,,,,,
2020-01-01 12:00:00,1023.7,15.3,100,0.0,0.0,0.0,0.0,0.0,,,,,2020-01-01T11:05:00,,,,0,,,,,,,,,,,,,,,,,,,
2020-01-01 13:00:00,1022.9,14.9,100,0.0,0.0,1.3,15.0,0.0,,,,,2020-01-01T12:13:00,,,,0,,,,,,,,,,,,,,,,,,,
2020-01-01 14:00:00,1022.5,15.1,100,0.2,0.0,1.3,191.0,0.0,,,,,2020-01-01T13:07:00,,,,0,,,,,,,,,,,,,,,,,,,
2020-01-01 15:00:00,1022.3,15.0,99,0.0,0.0,2.2,83.0,0.5,,,,,2020-01-01T14:09:00,,,,0,,,,,,,,,,,,,,,,,,,
2020-01-01 16:00:00,1022.7,14.7,99,0.0,0.0,1.6,180.0,0.0,,,,,2020-01-01T15:05:00,,,,0,,,,,,,,,,,,,,,,,,,
2020-01-01 17:00:00,1022.7,14.8,100,0.0,0.0,1.1,205.0,0.0,,,,,2020-01-01T16:17:00,,,,0,,,,,,,,,,,,,,,,,,,
2020-01-01 18:00:00,1022.9,14.6,100,0.2,0.0,1.3,255.0,0.0,,,,,2020-01-01T17:23:00,,,,0,,,,,,,,,,,,,,,,,,,
2020-01-01 19:00:00,1023.2,14.6,100,0.0,0.0,1.6,255.0,0.0,,,,,2020-01-01T18:27:00,,,,0,,,,,,,,,,,,,,,,,,,
2020-01-01 20:00:00,1023.4,14.8,100,0.0,0.0,0.0,0.0,0.0,,,,,2020-01-01T19:05:00,,,,0,,,,,,,,,,,,,,,,,,,
2020-01-01 21:00:00,1023.0,14.8,100,0.0,0.0,0.0,0.0,0.0,,,,,2020-01-01T20:05:00,,,,0,,,,,,,,,,,,,,,,,,,
2020-01-01 22:00:00,1022.8,14.6,100,0.0,0.0,0.8,227.0,0.5,,,,,2020-01-01T21:45:00,,,,0,,,,,,,,,,,,,,,,,,,
2020-01-01 23:00:00,1022.5,14.8,100,0.0,0.0,0.0,0.0,0.0,,,,,2020-01-01T22:05:00,,,,0,,,,,,,,,,,,,,,,,,,
2020-01-02 00:00:00,1022.3,14.7,100,0.0,0.0,0.0,0.0,0.0,,,,,2020-01-01T23:05:00,,,,0,,,,,,,,,,,,,,,,,,,
2020-01-02 01:00:00,1022.0,14.7,100,0.1,0.0,1.3,256.0,0.0,,,,,2020-01-02T00:44:00,,,,0,,,,,,,,,,,,,,,,,,,
2020-01-02 02:00:00,1021.3,14.8,100,0.0,0.0,1.3,255.0,0.0,,,,,2020-01-02T01:01:00,,,,0,,,,,,,,,,,,,,,,,,,
2020-01-02 03:00:00,1020.6,14.5,100,0.0,0.0,0.0,0.0,0.0,,,,,2020-01-02T02:05:00,,,,0,,,,,,,,,,,,,,,,,,,
2020-01-02 04:00:00,1020.3,14.4,100,0.0,0.0,0.8,255.0,0.0,,,,,2020-01-02T03:02:00,,,,0,,,,,,,,,,,,,,,,,,,
2020-01-02 05:00:00,1020.7,14.3,100,0.0,0.0,0.0,0.0,0.0,,,,,2020-01-02T04:05:00,,,,0,,,,,,,,,,,,,,,,,,,
2020-01-02 06:00:00,1021.3,14.3,100,0.0,0.0,2.2,258.0,0.0,,,,,2020-01-02T05:40:00,,,,0,,,,,,,,,,,,,,,,,,,
2020-01-02 07:00:00,1022.1,14.4,100,0.0,0.0,1.3,269.0,0.0,,,,,2020-01-02T06:54:00,,,,0,,,,,,,,,,,,,,,,,,,
2020-01-02 08:00:00,1022.5,15.0,100,0.0,0.0,1.3,268.0,0.0,,,,,2020-01-02T07:01:00,,,,0,,,,,,,,,,,,,,,,,,,
2020-01-02 09:00:00,1022.8,16.2,100,0.0,0.0,0.8,276.0,0.0,,,,,2020-01-02T08:38:00,,,,0,,,,,,,,,,,,,,,,,,,
2020-01-02 10:00:00,1022.4,17.9,95,0.0,0.0,0.8,267.0,0.0,,,,,2020-01-02T09:43:00,,,,0,,,,,,,,,,,,,,,,,,,
2020-01-02 11:00:00,1021.8,19.4,87,0.1,0.0,1.9,52.0,0.0,,,,,2020-01-02T10:13:00,,,,0,,,,,,,,,,,,,,,,,,,
2020-01-02 12:00:00,1020.8,20.6,79,0.0,0.0,2.7,54.0,0.0,,,,,2020-01-02T11:05:00,,,,0,,,,,,,,,,,,,,,,,,,
2020-01-02 13:00:00,1019.9,21.0,75,0.1,0.0,3.0,167.0,0.0,,,,,2020-01-02T12:23:00,,,,0,,,,,,,,,,,,,,,,,,,
2020-01-02 14:00:00,1019.1,21.4,73,0.5,84.0,3.5,68.0,0.0,,,,,2020-01-02T13:53:00,,,,0,,,,,,,,,,,,,,,,,,,
2020-01-02 15:00:00,1018.9,20.7,72,0.2,0.0,4.1,43.0,0.0,,,,,2020-01-02T14:26:00,,,,0,,,,,,,,,,,,,,,,,,,
2020-01-02 16:00:00,1019.4,20.2,75,0.1,0.0,2.2,142.0,0.0,,,,,2020-01-02T15:40:00,,,,0,,,,,,,,,,,,,,,,,,,
2020-01-02 17:00:00,1019.8,19.0,84,0.0,0.0,1.3,165.0,0.0,,,,,2020-01-02T16:17:00,,,,0,,,,,,,,,,,,,,,,,,,
2020-01-02 18:00:00,1020.2,17.0,90,0.0,0.0,0.0,0.0,0.0,,,,,2020-01-02T17:05:00,,,,0,,,,,,,,,,,,,,,,,,,
2020-01-02 19:00:00,1020.7,16.2,93,0.0,0.0,1.3,294.0,0.0,,,,,2020-01-02T18:27:00,,,,0,,,,,,,,,,,,,,,,,,,
2020-01-02 20:00:00,1021.1,15.7,94,0.0,0.0,0.8,302.0,0.0,,,,,2020-01-02T19:01:00,,,,0,,,,,,,,,,,,,,,,,,,
2020-01-02 21:00:00,1021.4,15.3,95,0.0,0.0,0.0,0.0,0.0,,,,,2020-01-02T20:05:00,,,,0,,,,,,,,,,,,,,,,,,,
2020-01-02 22:00:00,1021.2,15.3,96,0.0,0.0,0.0,0.0,0.0,,,,,2020-01-02T21:05:00,,,,0,,,,,,,,,,,,,,,,,,,
2020-01-02 23:00:00,1020.7,14.4,96,0.0,0.0,0.0,0.0,0.0,,,,,2020-01-02T22:05:00,,,,0,,,,,,,,,,,,,,,,,,,
2020-01-03 00:00:00,1020.2,14.1,97,0.0,0.0,0.0,0.0,0.0,,,,,2020-01-02T23:05:00,,,,0,,,,,,,,,,,,,,,,,,,
2020-01-03 01:00:00,1019.7,13.7,97,0.0,0.0,0.0,0.0,0.0,,,,,2020-01-03T00:05:00,,,,0,,,,,,,,,,,,,,,,,,,
2020-01-03 02:00:00,1019.1,12.8,99,0.0,0.0,1.1,318.0,0.0,,,,,2020-01-03T01:14:00,,,,0,,,,,,,,,,,,,,,,,,,
2020-01-03 03:00:00,1018.6,12.3,99,0.0,0.0,0.0,0.0,0.0,,,,,2020-01-03T02:05:00,,,,0,,,,,,,,,,,,,,,,,,,
2020-01-03 04:00:00,1018.5,12.2,99,0.0,0.0,0.0,0.0,0.0,,,,,2020-01-03T03:05:00,,,,0,,,,,,,,,,,,,,,,,,,
2020-01-03 05:00:00,1018.9,11.6,99,0.0,0.0,0.8,336.0,0.0,,,,,2020-01-03T04:11:00,,,,0,,,,,,,,,,,,,,,,,,,
2020-01-03 06:00:00,1019.3,11.4,99,0.0,0.0,0.0,0.0,0.0,,,,,2020-01-03T05:05:00,,,,0,,,,,,,,,,,,,,,,,,,
2020-01-03 07:00:00,1019.5,11.2,100,0.0,0.0,0.0,0.0,0.0,,,,,2020-01-03T06:05:00,,,,0,,,,,,,,,,,,,,,,,,,
2020-01-03 08:00:00,1020.1,12.1,100,0.0,0.0,0.0,0.0,0.0,,,,,2020-01-03T07:05:00,,,,0,,,,,,,,,,,,,,,,,,,
2020-01-03 09:00:00,1020.7,14.5,99,0.0,0.0,1.6,332.0,0.0,,,,,2020-01-03T08:08:00,,,,0,,,,,,,,,,,,,,,,,,,
2020-01-03 10:00:00,1020.3,18.0,95,0.0,0.0,0.8,208.0,0.0,,,,,2020-01-03T09:53:00,,,,0,,,,,,,,,,,,,,,,,,,
2020-01-03 11:00:00,1019.6,21.0,75,0.4,101.0,2.7,202.0,0.0,,,,,2020-01-03T10:57:00,,,,0,,,,,,,,,,,,,,,,,,,
2020-01-03 12:00:00,1018.2,23.1,65,0.4,143.0,3.0,69.0,0.0,,,,,2020-01-03T11:59:00,,,,0,,,,,,,,,,,,,,,,,,,
2020-01-03 13:00:00,1017.2,23.3,64,0.4,121.0,3.0,187.0,0.0,,,,,2020-01-03T12:03:00,,,,0,,,,,,,,,,,,,,,,,,,
2020-01-03 14:00:00,1016.6,22.5,68,0.5,159.0,3.3,223.0,0.0,,,,,2020-01-03T13:30:00,,,,0,,,,,,,,,,,,,,,,,,,
2020-01-03 15:00:00,1016.4,22.0,69,0.1,0.0,3.0,247.0,0.0,,,,,2020-01-03T14:04:00,,,,0,,,,,,,,,,,,,,,,,,,
2020-01-03 16:00:00,1016.2,21.4,72,0.0,0.0,3.5,176.0,0.0,,,,,2020-01-03T15:09:00,,,,0,,,,,,,,,,,,,,,,,,,
2020-01-03 17:00:00,1016.4,20.4,75,0.0,0.0,3.0,187.0,0.0,,,,,2020-01-03T16:19:00,,,,0,,,,,,,,,,,,,,,,,,,
2020-01-03 18:00:00,1016.8,18.0,87,0.0,0.0,2.2,337.0,0.0,,,,,2020-01-03T17:42:00,,,,0,,,,,,,,,,,,,,,,,,,
2020-01-03 19:00:00,1017.5,16.5,92,0.0,0.0,1.9,335.0,0.0,,,,,2020-01-03T18:31:00,,,,0,,,,,,,,,,,,,,,,,,,
2020-01-03 20:00:00,1018.2,15.4,94,0.0,0.0,1.1,324.0,0.0,,,,,2020-01-03T19:34:00,,,,0,,,,,,,,,,,,,,,,,,,
2020-01-03 21:00:00,1018.6,14.8,94,0.0,0.0,1.3,319.0,0.0,,,,,2020-01-03T20:02:00,,,,0,,,,,,,,,,,,,,,,,,,
2020-01-03 22:00:00,1018.7,14.3,96,0.0,0.0,1.3,300.0,0.0,,,,,2020-01-03T21:18:00,,,,0,,,,,,,,,,,,,,,,,,,
2020-01-03 23:00:00,1018.3,14.1,96,0.0,0.0,0.0,0.0,0.0,,,,,2020-01-03T22:05:00,,,,0,,,,,,,,,,,,,,,,,,,
2020-01-04 00:00:00,1017.7,13.7,97,0.0,0.0,0.0,0.0,0.0,,,,,2020-01-03T23:05:00,,,,0,,,,,,,,,,,,,,,,,,,
2020-01-04 01:00:00,1017.1,13.3,97,0.0,0.0,0.0,0.0,0.0,,,,,2020-01-04T00:05:00,,,,0,,,,,,,,,,,,,,,,,,,
2020-01-04 02:00:00,1016.3,12.9,98,0.0,0.0,0.8,339.0,0.0,,,,,2020-01-04T01:47:00,,,,0,,,,,,,,,,,,,,,,,,,
2020-01-04 03:00:00,1015.8,12.5,98,0.0,0.0,0.0,0.0,0.0,,,,,2020-01-04T02:05:00,,,,0,,,,,,,,,,,,,,,,,,,
2020-01-04 04:00:00,1015.8,12.2,98,0.0,0.0,1.1,345.0,0.0,,,,,2020-01-04T03:02:00,,,,0,,,,,,,,,,,,,,,,,,,
2020-01-04 05:00:00,1016.5,12.1,99,0.0,0.0,1.3,328.0,0.0,,,,,2020-01-04T04:22:00,,,,0,,,,,,,,,,,,,,,,,,,
2020-01-04 06:00:00,1016.9,12.1,99,0.0,0.0,0.0,0.0,0.0,,,,,2020-01-04T05:05:00,,,,0,,,,,,,,,,,,,,,,,,,
2020-01-04 07:00:00,1017.6,11.9,99,0.0,0.0,0.0,0.0,0.0,,,,,2020-01-04T06:05:00,,,,0,,,,,,,,,,,,,,,,,,,
2020-01-04 08:00:00,1018.0,12.8,100,0.0,0.0,1.3,7.0,0.0,,,,,2020-01-04T07:46:00,,,,0,,,,,,,,,,,,,,,,,,,
2020-01-04 09:00:00,1018.2,15.4,99,0.0,0.0,1.1,340.0,0.0,,,,,2020-01-04T08:16:00,,,,0,,,,,,,,,,,,,,,,,,,
2020-01-04 10:00:00,1018.2,20.5,86,0.0,0.0,1.3,171.0,0.0,,,,,2020-01-04T09:46:00,,,,0,,,,,,,,,,,,,,,,,,,
2020-01-04 11:00:00,1017.4,22.8,77,0.3,145.0,2.4,68.0,0.0,,,,,2020-01-04T10:45:00,,,,0,,,,,,,,,,,,,,,,,,,
2020-01-04 12:00:00,1016.2,23.5,70,0.2,0.0,3.0,47.0,0.0,,,,,2020-01-04T11:15:00,,,,0,,,,,,,,,,,,,,,,,,,
2020-01-04 13:00:00,1015.3,23.5,69,0.2,0.0,3.5,124.0,0.0,,,,,2020-01-04T12:05:00,,,,0,,,,,,,,,,,,,,,,,,,
2020-01-04 14:00:00,1014.7,22.3,73,0.2,0.0,3.5,170.0,0.0,,,,,2020-01-04T13:45:00,,,,0,,,,,,,,,,,,,,,,,,,
2020-01-04 15:00:00,1014.7,21.9,74,0.0,0.0,3.5,65.0,0.0,,,,,2020-01-04T14:45:00,,,,0,,,,,,,,,,,,,,,,,,,
2020-01-04 16:00:00,1014.8,21.4,76,0.0,0.0,1.9,57.0,0.0,,,,,2020-01-04T15:38:00,,,,0,,,,,,,,,,,,,,,,,,,
2020-01-04 17:00:00,1015.6,20.8,77,0.0,0.0,1.3,77.0,0.0,,,,,2020-01-04T16:01:00,,,,0,,,,,,,,,,,,,,,,,,,
2020-01-04 18:00:00,1016.4,19.8,82,0.0,0.0,1.1,97.0,0.0,,,,,2020-01-04T17:06:00,,,,0,,,,,,,,,,,,,,,,,,,
2020-01-04 19:00:00,1017.1,18.8,88,0.0,0.0,0.0,0.0,0.0,,,,,2020-01-04T18:05:00,,,,0,,,,,,,,,,,,,,,,,,,
2020-01-04 20:00:00,1017.5,17.7,91,0.0,0.0,0.0,0.0,0.0,,,,,2020-01-04T19:05:00,,,,0,,,,,,,,,,,,,,,,,,,
2020-01-04 21:00:00,1017.6,16.9,92,0.0,0.0,0.0,0.0,0.0,,,,,2020-01-04T20:05:00,,,,0,,,,,,,,,,,,,,,,,,,
2020-01-04 22:00:00,1017.7,16.1,94,0.0,0.0,1.3,354.0,0.0,,,,,2020-01-04T21:17:00,,,,0,,,,,,,,,,,,,,,,,,,
2020-01-04 23:00:00,1017.6,16.0,95,0.0,0.0,0.0,0.0,0.0,,,,,2020-01-04T22:05:00,,,,0,,,,,,,,,,,,,,,,,,,
2020-01-05 00:00:00,1017.4,15.5,96,0.0,0.0,1.3,340.0,0.0,,,,,2020-01-05T00:00:00,,,,0,,,,,,,,,,,,,,,,,,,
2020-01-05 01:00:00,1017.5,15.5,96,0.0,0.0,1.3,339.0,0.0,,,,,2020-01-05T00:01:00,,,,0,,,,,,,,,,,,,,,,,,,
2020-01-05 02:00:00,1017.2,16.4,98,0.1,0.0,1.6,200.0,0.0,,,,,2020-01-05T02:00:00,,,,0,,,,,,,,,,,,,,,,,,,
2020-01-05 03:00:00,1017.1,18.3,96,0.1,0.0,2.2,167.0,0.0,,,,,2020-01-05T02:15:00,,,,0,,,,,,,,,,,,,,,,,,,
2020-01-05 04:00:00,1017.0,18.3,95,0.5,185.0,2.7,140.0,0.0,,,,,2020-01-05T03:38:00,,,,0,,,,,,,,,,,,,,,,,,,
2020-01-05 05:00:00,1017.3,18.5,94,0.0,0.0,2.4,206.0,0.0,,,,,2020-01-05T04:05:00,,,,0,,,,,,,,,,,,,,,,,,,
2020-01-05 06:00:00,1017.4,18.5,94,0.0,0.0,1.9,151.0,0.0,,,,,2020-01-05T05:16:00,,,,0,,,,,,,,,,,,,,,,,,,
2020-01-05 07:00:00,1017.9,18.5,94,0.0,0.0,1.3,195.0,0.0,,,,,2020-01-05T06:06:00,,,,0,,,,,,,,,,,,,,,,,,,
2020-01-05 08:00:00,1018.3,19.0,94,0.0,0.0,1.3,133.0,0.0,,,,,2020-01-05T07:12:00,,,,0,,,,,,,,,,,,,,,,,,,
2020-01-05 09:00:00,1018.8,20.3,85,0.2,0.0,2.7,155.0,0.0,,,,,2020-01-05T08:43:00,,,,0,,,,,,,,,,,,,,,,,,,
2020-01-05 10:00:00,1018.9,20.6,83,0.5,163.0,3.5,210.0,0.0,,,,,2020-01-05T09:54:00,,,,0,,,,,,,,,,,,,,,,,,,
2020-01-05 11:00:00,1018.0,21.3,81,0.2,0.0,4.9,156.0,0.0,,,,,2020-01-05T10:24:00,,,,0,,,,,,,,,,,,,,,,,,,
2020-01-05 12:00:00,1016.8,22.4,76,0.6,147.0,4.9,179.0,0.0,,,,,2020-01-05T11:56:00,,,,0,,,,,,,,,,,,,,,,,,,
2020-01-05 13:00:00,1016.1,23.1,74,0.6,176.0,3.8,156.0,0.0,,,,,2020-01-05T12:25:00,,,,0,,,,,,,,,,,,,,,,,,,
2020-01-05 14:00:00,1015.4,22.9,70,0.5,171.0,6.0,112.0,0.0,,,,,2020-01-05T13:22:00,,,,0,,,,,,,,,,,,,,,,,,,
2020-01-05 15:00:00,1015.5,22.7,71,0.5,88.0,4.1,181.0,0.0,,,,,2020-01-05T14:44:00,,,,0,,,,,,,,,,,,,,,,,,,
2020-01-05 16:00:00,1015.9,22.2,73,0.2,0.0,3.8,170.0,0.0,,,,,2020-01-05T15:02:00,,,,0,,,,,,,,,,,,,,,,,,,
2020-01-05 17:00:00,1016.5,21.2,80,0.1,0.0,3.3,94.0,0.0,,,,,2020-01-05T16:01:00,,,,0,,,,,,,,,,,,,,,,,,,
2020-01-05 18:00:00,1016.8,20.9,80,0.0,0.0,1.1,134.0,0.0,,,,,2020-01-05T17:52:00,,,,0,,,,,,,,,,,,,,,,,,,
2020-01-05 19:00:00,1017.3,21.0,79,0.2,0.0,2.4,58.0,0.0,,,,,2020-01-05T18:35:00,,,,0,,,,,,,,,,,,,,,,,,,
2020-01-05 20:00:00,1017.8,20.8,81,0.0,0.0,2.2,153.0,0.0,,,,,2020-01-05T19:04:00,,,,0,,,,,,,,,,,,,,,,,,,
2020-01-05 21:00:00,1017.8,20.9,81,0.2,0.0,3.0,121.0,0.0,,,,,2020-01-05T20:34:00,,,,0,,,,,,,,,,,,,,,,,,,
2020-01-05 22:00:00,1017.5,20.7,80,0.0,0.0,3.0,100.0,0.0,,,,,2020-01-05T21:44:00,,,,0,,,,,,,,,,,,,,,,,,,
2020-01-05 23:00:00,1017.4,20.3,81,0.1,0.0,2.4,89.0,0.0,,,,,2020-01-05T22:16:00,,,,0,,,,,,,,,,,,,,,,,,,
2020-01-06 00:00:00,1016.5,19.7,84,0.1,0.0,2.4,64.0,0.0,,,,,2020-01-05T23:34:00,,,,0,,,,,,,,,,,,,,,,,,,
2020-01-06 01:00:00,1016.0,20.8,80,0.8,133.0,6.0,166.0,0.0,,,,,2020-01-06T00:26:00,,,,0,,,,,,,,,,,,,,,,,,,
2020-01-06 02:00:00,1015.7,21.0,79,0.7,173.0,6.6,196.0,0.0,,,,,2020-01-06T01:03:00,,,,0,,,,,,,,,,,,,,,,,,,
2020-01-06 03:00:00,1015.0,21.0,79,0.6,126.0,5.5,160.0,0.0,,,,,2020-01-06T02:21:00,,,,0,,,,,,,,,,,,,,,,,,,
2020-01-06 04:00:00,1015.1,20.7,80,0.0,0.0,2.4,197.0,0.0,,,,,2020-01-06T03:17:00,,,,0,,,,,,,,,,,,,,,,,,,
2020-01-06 05:00:00,1015.5,19.0,88,0.1,0.0,1.6,348.0,0.0,,,,,2020-01-06T04:20:00,,,,0,,,,,,,,,,,,,,,,,,,
2020-01-06 06:00:00,1016.1,17.9,92,0.2,0.0,1.9,18.0,0.0,,,,,2020-01-06T05:08:00,,,,0,,,,,,,,,,,,,,,,,,,
2020-01-06 07:00:00,1016.4,17.3,94,0.0,0.0,1.9,308.0,0.0,,,,,2020-01-06T06:07:00,,,,0,,,,,,,,,,,,,,,,,,,
2020-01-06 08:00:00,1016.9,17.8,94,0.0,0.0,1.3,329.0,0.0,,,,,2020-01-06T07:16:00,,,,0,,,,,,,,,,,,,,,,,,,
2020-01-06 09:00:00,1017.2,20.4,91,0.0,0.0,3.0,30.0,0.0,,,,,2020-01-06T08:11:00,,,,0,,,,,,,,,,,,,,,,,,,
2020-01-06 10:00:00,1016.9,23.0,80,0.1,0.0,2.4,147.0,0.0,,,,,2020-01-06T09:42:00,,,,0,,,,,,,,,,,,,,,,,,,
2020-01-06 11:00:00,1016.5,23.3,75,0.4,136.0,2.7,175.0,0.0,,,,,2020-01-06T10:32:00,,,,0,,,,,,,,,,,,,,,,,,,
2020-01-06 12:00:00,1015.5,23.9,75,0.2,0.0,5.5,167.0,0.0,,,,,2020-01-06T11:01:00,,,,0,,,,,,,,,,,,,,,,,,,
2020-01-06 13:00:00,1014.5,23.1,78,0.3,152.0,4.9,214.0,0.0,,,,,2020-01-06T12:29:00,,,,0,,,,,,,,,,,,,,,,,,,
2020-01-06 14:00:00,1014.1,22.6,80,0.2,0.0,4.9,200.0,0.0,,,,,2020-01-06T13:08:00,,,,0,,,,,,,,,,,,,,,,,,,
2020-01-06 15:00:00,1013.8,21.9,85,0.5,182.0,5.5,170.0,0.0,,,,,2020-01-06T14:40:00,,,,0,,,,,,,,,,,,,,,,,,,
2020-01-06 16:00:00,1013.8,21.4,88,0.0,0.0,5.5,151.0,0.0,,,,,2020-01-06T15:48:00,,,,0,,,,,,,,,,,,,,,,,,,
2020-01-06 17:00:00,1014.3,21.0,88,0.0,0.0,3.8,166.0,0.5,,,,,2020-01-06T16:53:00,,,,0,,,,,,,,,,,,,,,,,,,
2020-01-06 18:00:00,1014.6,20.3,92,0.0,0.0,2.2,171.0,0.0,,,,,2020-01-06T17:08:00,,,,0,,,,,,,,,,,,,,,,,,,
2020-01-06 19:00:00,1014.4,20.3,93,0.0,0.0,1.9,166.0,0.0,,,,,2020-01-06T18:03:00,,,,0,,,,,,,,,,,,,,,,,,,
2020-01-06 20:00:00,1014.7,19.9,95,0.2,0.0,1.3,166.0,0.0,,,,,2020-01-06T19:07:00,,,,0,,,,,,,,,,,,,,,,,,,
2020-01-06 21:00:00,1014.8,19.8,95,0.0,0.0,1.6,353.0,0.0,,,,,2020-01-06T20:14:00,,,,0,,,,,,,,,,,,,,,,,,,
2020-01-06 22:00:00,1014.6,19.9,95,0.0,0.0,3.3,167.0,0.0,,,,,2020-01-06T21:53:00,,,,0,,,,,,,,,,,,,,,,,,,
2020-01-06 23:00:00,1014.3,20.0,95,0.3,177.0,3.0,183.0,0.5,,,,,2020-01-06T22:35:00,,,,0,,,,,,,,,,,,,,,,,,,
2020-01-07 00:00:00,1013.6,19.9,96,0.0,0.0,1.6,72.0,0.5,,,,,2020-01-06T23:40:00,,,,0,,,,,,,,,,,,,,,,,,,
2020-01-07 01:00:00,1012.9,19.8,96,0.0,0.0,1.6,258.0,0.0,,,,,2020-01-07T00:05:00,,,,0,,,,,,,,,,,,,,,,,,,
2020-01-07 02:00:00,1012.0,20.0,94,0.2,0.0,2.7,246.0,0.0,,,,,2020-01-07T01:51:00,,,,0,,,,,,,,,,,,,,,,,,,
2020-01-07 03:00:00,1011.4,20.5,92,0.0,0.0,3.0,155.0,0.5,,,,,2020-01-07T02:35:00,,,,0,,,,,,,,,,,,,,,,,,,
2020-01-07 04:00:00,1011.3,20.5,91,0.0,0.0,5.5,167.0,0.0,,,,,2020-01-07T03:23:00,,,,0,,,,,,,,,,,,,,,,,,,
2020-01-07 05:00:00,1011.0,19.6,93,0.0,0.0,1.9,325.0,0.0,,,,,2020-01-07T04:48:00,,,,0,,,,,,,,,,,,,,,,,,,
2020-01-07 06:00:00,1012.0,18.1,96,0.0,0.0,1.9,337.0,0.0,,,,,2020-01-07T05:08:00,,,,0,,,,,,,,,,,,,,,,,,,
2020-01-07 07:00:00,1012.5,17.4,97,0.0,0.0,1.9,340.0,0.0,,,,,2020-01-07T06:40:00,,,,0,,,,,,,,,,,,,,,,,,,
2020-01-07 08:00:00,1013.0,17.6,97,0.0,0.0,1.9,327.0,0.0,,,,,2020-01-07T07:09:00,,,,0,,,,,,,,,,,,,,,,,,,
2020-01-07 09:00:00,1013.3,19.0,95,0.0,0.0,0.8,326.0,0.0,,,,,2020-01-07T08:12:00,,,,0,,,,,,,,,,,,,,,,,,,
2020-01-07 10:00:00,1012.6,22.4,87,0.1,0.0,1.3,196.0,0.0,,,,,2020-01-07T09:48:00,,,,0,,,,,,,,,,,,,,,,,,,
2020-01-07 11:00:00,1013.1,24.4,77,0.3,303.0,1.9,339.0,0.0,,,,,2020-01-07T10:02:00,,,,0,,,,,,,,,,,,,,,,,,,
2020-01-07 12:00:00,1012.7,23.3,75,1.1,358.0,5.5,327.0,0.0,,,,,2020-01-07T11:32:00,,,,0,,,,,,,,,,,,,,,,,,,
2020-01-07 13:00:00,1011.6,25.7,64,0.8,260.0,4.1,318.0,0.0,,,,,2020-01-07T12:10:00,,,,0,,,,,,,,,,,,,,,,,,,
2020-01-07 14:00:00,1010.6,25.4,61,1.2,256.0,3.8,268.0,0.0,,,,,2020-01-07T13:54:00,,,,0,,,,,,,,,,,,,,,,,,,
2020-01-07 15:00:00,1010.4,24.6,71,0.2,0.0,3.3,264.0,0.0,,,,,2020-01-07T14:12:00,,,,0,,,,,,,,,,,,,,,,,,,
2020-01-07 16:00:00,1011.0,22.3,80,0.3,251.0,9.3,121.0,0.0,,,,,2020-01-07T15:57:00,,,,0,,,,,,,,,,,,,,,,,,,
2020-01-07 17:00:00,1011.5,22.4,82,0.0,0.0,0.0,0.0,0.0,,,,,2020-01-07T16:05:00,,,,0,,,,,,,,,,,,,,,,,,,
2020-01-07 18:00:00,1012.2,21.2,89,0.0,0.0,0.8,189.0,0.0,,,,,2020-01-07T17:03:00,,,,0,,,,,,,,,,,,,,,,,,,
2020-01-07 19:00:00,1012.8,19.9,94,0.0,0.0,0.0,0.0,0.0,,,,,2020-01-07T18:05:00,,,,0,,,,,,,,,,,,,,,,,,,
2020-01-07 20:00:00,1013.4,18.5,95,0.0,0.0,0.8,199.0,0.0,,,,,2020-01-07T19:50:00,,,,0,,,,,,,,,,,,,,,,,,,
2020-01-07 21:00:00,1013.4,17.5,97,0.5,341.0,3.0,318.0,0.0,,,,,2020-01-07T20:51:00,,,,0,,,,,,,,,,,,,,,,,,,
2020-01-07 22:00:00,1013.1,17.0,97,0.0,0.0,1.3,290.0,0.0,,,,,2020-01-07T21:01:00,,,,0,,,,,,,,,,,,,,,,,,,
2020-01-07 23:00:00,1013.2,16.2,98,0.0,0.0,1.1,267.0,0.0,,,,,2020-01-07T22:39:00,,,,0,,,,,,,,,,,,,,,,,,,
2020-01-08 00:00:00,1013.5,15.8,99,0.0,0.0,1.3,320.0,0.0,,,,,2020-01-07T23:05:00,,,,0,,,,,,,,,,,,,,,,,,,
2020-01-08 01:00:00,1013.8,15.4,99,0.0,0.0,0.8,317.0,0.0,,,,,2020-01-08T00:03:00,,,,0,,,,,,,,,,,,,,,,,,,
2020-01-08 02:00:00,1013.7,15.0,99,0.0,0.0,0.0,0.0,0.0,,,,,2020-01-08T01:05:00,,,,0,,,,,,,,,,,,,,,,,,,
2020-01-08 03:00:00,1014.2,14.6,99,0.0,0.0,0.8,319.0,0.0,,,,,2020-01-08T02:34:00,,,,0,,,,,,,,,,,,,,,,,,,
2020-01-08 04:00:00,1014.8,14.2,100,0.0,0.0,0.0,0.0,0.0,,,,,2020-01-08T03:05:00,,,,0,,,,,,,,,,,,,,,,,,,
2020-01-08 05:00:00,1015.8,15.0,99,0.4,341.0,2.4,325.0,0.0,,,,,2020-01-08T04:17:00,,,,0,,,,,,,,,,,,,,,,,,,
2020-01-08 06:00:00,1016.7,17.0,95,0.0,0.0,2.4,338.0,0.0,,,,,2020-01-08T05:25:00,,,,0,,,,,,,,,,,,,,,,,,,
2020-01-08 07:00:00,1017.8,16.9,95,0.0,0.0,1.9,344.0,0.0,,,,,2020-01-08T06:01:00,,,,0,,,,,,,,,,,,,,,,,,,
2020-01-08 08:00:00,1018.8,16.8,95,0.0,0.0,1.9,317.0,0.0,,,,,2020-01-08T07:54:00,,,,0,,,,,,,,,,,,,,,,,,,
2020-01-08 09:00:00,1019.5,18.3,83,0.1,0.0,2.7,322.0,0.0,,,,,2020-01-08T08:43:00,,,,0,,,,,,,,,,,,,,,,,,,
2020-01-08 10:00:00,1020.0,17.9,79,0.2,0.0,3.3,28.0,0.0,,,,,2020-01-08T09:09:00,,,,0,,,,,,,,,,,,,,,,,,,
2020-01-08 11:00:00,1019.5,17.8,79,0.0,0.0,2.4,157.0,0.0,,,,,2020-01-08T10:02:00,,,,0,,,,,,,,,,,,,,,,,,,
2020-01-08 12:00:00,1018.6,17.0,78,0.4,186.0,2.2,166.0,0.0,,,,,2020-01-08T11:14:00,,,,0,,,,,,,,,,,,,,,,,,,
2020-01-08 13:00:00,1017.7,16.9,76,0.5,198.0,3.0,324.0,0.0,,,,,2020-01-08T12:59:00,,,,0,,,,,,,,,,,,,,,,,,,
2020-01-08 14:00:00,1017.2,16.9,76,0.7,189.0,2.4,98.0,0.0,,,,,2020-01-08T13:08:00,,,,0,,,,,,,,,,,,,,,,,,,
2020-01-08 15:00:00,1016.7,16.7,77,0.1,0.0,2.2,213.0,0.0,,,,,2020-01-08T14:05:00,,,,0,,,,,,,,,,,,,,,,,,,
2020-01-08 16:00:00,1017.0,16.0,78,0.1,0.0,1.9,158.0,0.0,,,,,2020-01-08T15:05:00,,,,0,,,,,,,,,,,,,,,,,,,
2020-01-08 17:00:00,1017.4,15.3,80,0.1,0.0,1.9,181.0,0.0,,,,,2020-01-08T16:05:00,,,,0,,,,,,,,,,,,,,,,,,,
2020-01-08 18:00:00,1017.7,15.1,81,0.0,0.0,1.3,189.0,0.0,,,,,2020-01-08T17:11:00,,,,0,,,,,,,,,,,,,,,,,,,
2020-01-08 19:00:00,1017.9,15.3,81,0.0,0.0,1.3,256.0,0.0,,,,,2020-01-08T18:01:00,,,,0,,,,,,,,,,,,,,,,,,,
2020-01-08 20:00:00,1018.2,15.6,81,0.1,0.0,1.9,179.0,0.0,,,,,2020-01-08T19:49:00,,,,0,,,,,,,,,,,,,,,,,,,
2020-01-08 21:00:00,1017.9,15.7,79,0.0,0.0,1.9,190.0,0.0,,,,,2020-01-08T20:05:00,,,,0,,,,,,,,,,,,,,,,,,,
2020-01-08 22:00:00,1018.2,15.7,79,0.0,0.0,1.6,193.0,0.0,,,,,2020-01-08T21:24:00,,,,0,,,,,,,,,,,,,,,,,,,
2020-01-08 23:00:00,1018.0,15.7,81,0.0,0.0,1.6,190.0,0.0,,,,,2020-01-08T22:03:00,,,,0,,,,,,,,,,,,,,,,,,,
2020-01-09 00:00:00,1017.7,15.8,77,0.0,0.0,1.6,182.0,0.0,,,,,2020-01-08T23:30:00,,,,0,,,,,,,,,,,,,,,,,,,
2020-01-09 01:00:00,1017.2,15.8,77,0.0,0.0,2.2,203.0,0.0,,,,,2020-01-09T00:13:00,,,,0,,,,,,,,,,,,,,,,,,,
2020-01-09 02:00:00,1016.7,15.8,77,0.0,0.0,0.8,167.0,0.0,,,,,2020-01-09T01:37:00,,,,0,,,,,,,,,,,,,,,,,,,
2020-01-09 03:00:00,1016.3,15.8,80,0.0,0.0,0.8,175.0,0.0,,,,,2020-01-09T02:19:00,,,,0,,,,,,,,,,,,,,,,,,,
2020-01-09 04:00:00,1016.0,15.0,90,0.0,0.0,1.3,324.0,0.0,,,,,2020-01-09T03:06:00,,,,0,,,,,,,,,,,,,,,,,,,
2020-01-09 05:00:00,1016.1,14.8,93,0.0,0.0,1.3,262.0,0.0,,,,,2020-01-09T04:15:00,,,,0,,,,,,,,,,,,,,,,,,,
2020-01-09 06:00:00,1016.4,14.8,93,0.0,0.0,1.9,300.0,0.0,,,,,2020-01-09T05:55:00,,,,0,,,,,,,,,,,,,,,,,,,
2020-01-09 07:00:00,1016.8,15.4,84,0.0,0.0,1.3,290.0,0.0,,,,,2020-01-09T06:01:00,,,,0,,,,,,,,,,,,,,,,,,,
2020-01-09 08:00:00,1017.4,15.1,92,0.1,0.0,1.3,305.0,0.0,,,,,2020-01-09T07:26:00,,,,0,,,,,,,,,,,,,,,,,,,
2020-01-09 09:00:00,1018.3,15.5,92,0.0,0.0,1.3,324.0,0.0,,,,,2020-01-09T08:30:00,,,,0,,,,,,,,,,,,,,,,,,,
2020-01-09 10:00:00,1017.8,16.3,89,0.0,0.0,1.3,321.0,0.0,,,,,2020-01-09T09:04:00,,,,0,,,,,,,,,,,,,,,,,,,
2020-01-09 11:00:00,1016.6,18.0,79,0.0,0.0,0.8,311.0,0.0,,,,,2020-01-09T10:18:00,,,,0,,,,,,,,,,,,,,,,,,,
2020-01-09 12:00:00,1015.1,19.3,72,0.2,0.0,2.4,190.0,0.0,,,,,2020-01-09T11:40:00,,,,0,,,,,,,,,,,,,,,,,,,
2020-01-09 13:00:00,1014.3,19.9,72,0.0,0.0,1.6,70.0,0.0,,,,,2020-01-09T12:14:00,,,,0,,,,,,,,,,,,,,,,,,,
2020-01-09 14:00:00,1013.4,21.0,67,0.5,183.0,2.4,187.0,0.0,,,,,2020-01-09T13:57:00,,,,0,,,,,,,,,,,,,,,,,,,
2020-01-09 15:00:00,1013.2,20.0,72,0.0,0.0,2.4,114.0,0.0,,,,,2020-01-09T14:01:00,,,,0,,,,,,,,,,,,,,,,,,,
2020-01-09 16:00:00,1012.9,19.8,74,0.0,0.0,1.3,83.0,0.0,,,,,2020-01-09T15:17:00,,,,0,,,,,,,,,,,,,,,,,,,
2020-01-09 17:00:00,1012.8,18.5,79,0.0,0.0,1.9,170.0,0.0,,,,,2020-01-09T16:10:00,,,,0,,,,,,,,,,,,,,,,,,,
2020-01-09 18:00:00,1013.2,16.3,91,0.0,0.0,0.0,0.0,0.0,,,,,2020-01-09T17:05:00,,,,0,,,,,,,,,,,,,,,,,,,
2020-01-09 19:00:00,1014.2,15.3,94,0.2,0.0,1.3,261.0,0.0,,,,,2020-01-09T18:46:00,,,,0,,,,,,,,,,,,,,,,,,,
2020-01-09 20:00:00,1014.4,15.1,94,0.0,0.0,1.3,263.0,0.0,,,,,2020-01-09T19:01:00,,,,0,,,,,,,,,,,,,,,,,,,
2020-01-09 21:00:00,1014.5,15.0,95,0.0,0.0,0.8,240.0,0.0,,,,,2020-01-09T20:19:00,,,,0,,,,,,,,,,,,,,,,,,,
2020-01-09 22:00:00,1014.3,14.6,97,0.0,0.0,0.0,0.0,0.0,,,,,2020-01-09T21:05:00,,,,0,,,,,,,,,,,,,,,,,,,
2020-01-09 23:00:00,1013.9,14.6,97,0.0,0.0,0.0,0.0,0.0,,,,,2020-01-09T22:05:00,,,,0,,,,,,,,,,,,,,,,,,,
2020-01-10 00:00:00,1013.4,14.3,97,0.0,0.0,0.0,0.0,0.0,,,,,2020-01-09T23:05:00,,,,0,,,,,,,,,,,,,,,,,,,
2020-01-10 01:00:00,1013.1,13.7,99,0.0,0.0,0.8,334.0,0.0,,,,,2020-01-10T00:34:00,,,,0,,,,,,,,,,,,,,,,,,,
2020-01-10 02:00:00,1012.7,13.6,98,0.0,0.0,0.8,222.0,0.0,,,,,2020-01-10T01:52:00,,,,0,,,,,,,,,,,,,,,,,,,
2020-01-10 03:00:00,1012.7,13.2,99,0.0,0.0,1.3,272.0,0.0,,,,,2020-01-10T02:01:00,,,,0,,,,,,,,,,,,,,,,,,,
2020-01-10 04:00:00,1012.7,13.5,99,0.0,0.0,0.8,342.0,0.0,,,,,2020-01-10T03:27:00,,,,0,,,,,,,,,,,,,,,,,,,
2020-01-10 05:00:00,1012.8,14.1,98,0.0,0.0,0.0,0.0,0.0,,,,,2020-01-10T04:05:00,,,,0,,,,,,,,,,,,,,,,,,,
2020-01-10 06:00:00,1013.3,14.4,98,0.0,0.0,0.0,0.0,0.0,,,,,2020-01-10T05:05:00,,,,0,,,,,,,,,,,,,,,,,,,
2020-01-10 07:00:00,1013.6,14.6,98,0.0,0.0,0.0,0.0,0.0,,,,,2020-01-10T06:05:00,,,,0,,,,,,,,,,,,,,,,,,,
2020-01-10 08:00:00,1013.9,15.4,97,0.0,0.0,0.0,0.0,0.0,,,,,2020-01-10T07:05:00,,,,0,,,,,,,,,,,,,,,,,,,
2020-01-10 09:00:00,1013.9,17.2,94,0.0,0.0,0.0,0.0,0.0,,,,,2020-01-10T08:05:00,,,,0,,,,,,,,,,,,,,,,,,,
2020-01-10 10:00:00,1013.6,20.7,83,0.1,0.0,2.7,167.0,0.0,,,,,2020-01-10T09:50:00,,,,0,,,,,,,,,,,,,,,,,,,
2020-01-10 11:00:00,1012.9,21.8,75,0.6,174.0,4.9,160.0,0.0,,,,,2020-01-10T10:45:00,,,,0,,,,,,,,,,,,,,,,,,,
2020-01-10 12:00:00,1011.6,22.4,73,0.7,180.0,4.1,175.0,0.0,,,,,2020-01-10T11:06:00,,,,0,,,,,,,,,,,,,,,,,,,
2020-01-10 13:00:00,1010.7,21.6,75,0.3,165.0,4.9,189.0,0.0,,,,,2020-01-10T12:13:00,,,,0,,,,,,,,,,,,,,,,,,,
2020-01-10 14:00:00,1009.9,23.1,70,0.1,0.0,2.7,133.0,0.0,,,,,2020-01-10T13:03:00,,,,0,,,,,,,,,,,,,,,,,,,
2020-01-10 15:00:00,1009.6,22.1,70,0.0,0.0,3.3,195.0,0.0,,,,,2020-01-10T14:08:00,,,,0,,,,,,,,,,,,,,,,,,,
2020-01-10 16:00:00,1009.4,21.5,75,0.8,177.0,3.8,165.0,0.0,,,,,2020-01-10T15:57:00,,,,0,,,,,,,,,,,,,,,,,,,
2020-01-10 17:00:00,1009.6,20.9,79,0.0,0.0,2.4,166.0,0.0,,,,,2020-01-10T16:20:00,,,,0,,,,,,,,,,,,,,,,,,,
2020-01-10 18:00:00,1009.9,19.7,86,0.0,0.0,0.8,351.0,0.0,,,,,2020-01-10T18:00:00,,,,0,,,,,,,,,,,,,,,,,,,
2020-01-10 19:00:00,1010.4,18.9,91,0.0,0.0,1.3,351.0,0.0,,,,,2020-01-10T18:02:00,,,,0,,,,,,,,,,,,,,,,,,,
2020-01-10 20:00:00,1010.7,18.2,94,0.0,0.0,0.0,0.0,0.0,,,,,2020-01-10T19:05:00,,,,0,,,,,,,,,,,,,,,,,,,
2020-01-10 21:00:00,1010.9,17.6,95,0.0,0.0,1.3,318.0,0.0,,,,,2020-01-10T20:24:00,,,,0,,,,,,,,,,,,,,,,,,,
2020-01-10 22:00:00,1011.1,17.0,96,0.0,0.0,0.0,0.0,0.0,,,,,2020-01-10T21:05:00,,,,0,,,,,,,,,,,,,,,,,,,
2020-01-10 23:00:00,1010.8,16.0,97,0.0,0.0,1.3,332.0,0.0,,,,,2020-01-10T22:52:00,,,,0,,,,,,,,,,,,,,,,,,,
2020-01-11 00:00:00,1010.6,15.4,98,0.0,0.0,0.0,0.0,0.0,,,,,2020-01-10T23:05:00,,,,0,,,,,,,,,,,,,,,,,,,
2020-01-11 01:00:00,1010.4,14.9,99,0.0,0.0,0.8,338.0,0.0,,,,,2020-01-11T00:09:00,,,,0,,,,,,,,,,,,,,,,,,,
2020-01-11 02:00:00,1009.9,14.5,99,0.0,0.0,0.8,330.0,0.0,,,,,2020-01-11T01:20:00,,,,0,,,,,,,,,,,,,,,,,,,
2020-01-11 03:00:00,1009.8,14.1,99,0.0,0.0,0.0,0.0,0.0,,,,,2020-01-11T02:05:00,,,,0,,,,,,,,,,,,,,,,,,,
2020-01-11 04:00:00,1009.6,13.9,99,0.0,0.0,1.3,354.0,0.0,,,,,2020-01-11T03:03:00,,,,0,,,,,,,,,,,,,,,,,,,
2020-01-11 05:00:00,1009.8,13.7,99,0.0,0.0,1.3,353.0,0.0,,,,,2020-01-11T04:18:00,,,,0,,,,,,,,,,,,,,,,,,,
2020-01-11 06:00:00,1010.2,13.4,99,0.0,0.0,0.0,0.0,0.0,,,,,2020-01-11T05:05:00,,,,0,,,,,,,,,,,,,,,,,,,
2020-01-11 07:00:00,1010.6,13.9,99,0.3,318.0,1.3,310.0,0.0,,,,,2020-01-11T06:51:00,,,,0,,,,,,,,,,,,,,,,,,,
2020-01-11 08:00:00,1011.0,15.5,99,0.0,0.0,1.6,331.0,0.0,,,,,2020-01-11T07:01:00,,,,0,,,,,,,,,,,,,,,,,,,
2020-01-11 09:00:00,1010.9,18.0,93,0.0,0.0,1.3,335.0,0.0,,,,,2020-01-11T08:34:00,,,,0,,,,,,,,,,,,,,,,,,,
2020-01-11 10:00:00,1010.7,20.9,81,0.0,0.0,2.4,346.0,0.0,,,,,2020-01-11T09:18:00,,,,0,,,,,,,,,,,,,,,,,,,
2020-01-11 11:00:00,1010.1,23.4,73,0.5,305.0,4.1,312.0,0.0,,,,,2020-01-11T11:00:00,,,,0,,,,,,,,,,,,,,,,,,,
2020-01-11 12:00:00,1009.7,21.7,78,1.3,334.0,5.5,328.0,0.0,,,,,2020-01-11T11:10:00,,,,0,,,,,,,,,,,,,,,,,,,
2020-01-11 13:00:00,1008.9,21.6,77,1.4,336.0,5.5,328.0,0.0,,,,,2020-01-11T12:54:00,,,,0,,,,,,,,,,,,,,,,,,,
2020-01-11 14:00:00,1008.6,19.3,85,0.8,338.0,7.1,330.0,0.0,,,,,2020-01-11T13:15:00,,,,0,,,,,,,,,,,,,,,,,,,
2020-01-11 15:00:00,1008.7,18.9,85,1.4,347.0,5.5,321.0,0.0,,,,,2020-01-11T14:35:00,,,,0,,,,,,,,,,,,,,,,,,,
2020-01-11 16:00:00,1009.0,18.4,86,1.5,329.0,6.0,318.0,0.0,,,,,2020-01-11T15:03:00,,,,0,,,,,,,,,,,,,,,,,,,
2020-01-11 17:00:00,1009.7,17.6,90,1.5,349.0,5.5,313.0,0.0,,,,,2020-01-11T16:18:00,,,,0,,,,,,,,,,,,,,,,,,,
2020-01-11 18:00:00,1010.2,17.1,91,1.3,334.0,4.1,323.0,0.0,,,,,2020-01-11T17:42:00,,,,0,,,,,,,,,,,,,,,,,,,
2020-01-11 19:00:00,1010.5,17.1,90,1.2,343.0,4.9,316.0,0.0,,,,,2020-01-11T18:29:00,,,,0,,,,,,,,,,,,,,,,,,,
2020-01-11 20:00:00,1010.8,17.3,89,0.2,0.0,3.5,325.0,0.0,,,,,2020-01-11T19:51:00,,,,0,,,,,,,,,,,,,,,,,,,
2020-01-11 21:00:00,1011.0,17.1,90,0.7,334.0,3.3,313.0,0.0,,,,,2020-01-11T20:43:00,,,,0,,,,,,,,,,,,,,,,,,,
2020-01-11 22:00:00,1011.1,17.3,89,0.0,0.0,3.5,334.0,0.0,,,,,2020-01-11T21:34:00,,,,0,,,,,,,,,,,,,,,,,,,
2020-01-11 23:00:00,1011.1,17.1,89,0.1,0.0,3.8,322.0,0.0,,,,,2020-01-11T22:39:00,,,,0,,,,,,,,,,,,,,,,,,,
2020-01-12 00:00:00,1010.8,16.9,89,0.8,332.0,3.0,303.0,0.0,,,,,2020-01-12T00:00:00,,,,0,,,,,,,,,,,,,,,,,,,
2020-01-12 01:00:00,1011.1,16.9,90,0.1,0.0,2.4,313.0,0.0,,,,,2020-01-12T00:01:00,,,,0,,,,,,,,,,,,,,,,,,,
2020-01-12 02:00:00,1011.3,16.1,94,0.2,0.0,2.4,344.0,0.0,,,,,2020-01-12T01:16:00,,,,0,,,,,,,,,,,,,,,,,,,
2020-01-12 03:00:00,1011.5,15.4,95,0.1,0.0,2.4,26.0,0.5,,,,,2020-01-12T02:22:00,,,,0,,,,,,,,,,,,,,,,,,,
2020-01-12 04:00:00,1011.7,14.9,95,0.0,0.0,2.4,342.0,0.0,,,,,2020-01-12T03:01:00,,,,0,,,,,,,,,,,,,,,,,,,
2020-01-12 05:00:00,1012.4,14.2,94,0.0,0.0,3.5,341.0,0.0,,,,,2020-01-12T04:50:00,,,,0,,,,,,,,,,,,,,,,,,,
2020-01-12 06:00:00,1013.3,13.7,95,0.0,0.0,2.2,194.0,0.0,,,,,2020-01-12T05:22:00,,,,0,,,,,,,,,,,,,,,,,,,
2020-01-12 07:00:00,1014.0,13.4,95,0.1,0.0,2.7,24.0,0.0,,,,,2020-01-12T06:44:00,,,,0,,,,,,,,,,,,,,,,,,,
2020-01-12 08:00:00,1014.4,13.4,96,0.0,0.0,3.0,345.0,0.0,,,,,2020-01-12T07:06:00,,,,0,,,,,,,,,,,,,,,,,,,
2020-01-12 09:00:00,1014.9,13.5,97,0.1,0.0,1.9,324.0,0.5,,,,,2020-01-12T08:35:00,,,,0,,,,,,,,,,,,,,,,,,,
2020-01-12 10:00:00,1015.4,13.4,97,0.4,318.0,2.4,325.0,0.5,,,,,2020-01-12T10:00:00,,,,0,,,,,,,,,,,,,,,,,,,
2020-01-12 11:00:00,1015.2,13.2,97,0.1,0.0,3.0,330.0,0.0,,,,,2020-01-12T10:03:00,,,,0,,,,,,,,,,,,,,,,,,,
2020-01-12 12:00:00,1014.6,13.0,96,0.3,353.0,2.2,319.0,0.5,,,,,2020-01-12T11:17:00,,,,0,,,,,,,,,,,,,,,,,,,
2020-01-12 13:00:00,1013.7,12.8,96,0.0,0.0,2.7,335.0,0.0,,,,,2020-01-12T12:02:00,,,,0,,,,,,,,,,,,,,,,,,,
2020-01-12 14:00:00,1013.3,12.9,95,0.0,0.0,2.4,333.0,0.0,,,,,2020-01-12T13:20:00,,,,0,,,,,,,,,,,,,,,,,,,
2020-01-12 15:00:00,1013.3,12.7,95,0.1,0.0,1.3,221.0,0.0,,,,,2020-01-12T14:56:00,,,,0,,,,,,,,,,,,,,,,,,,
2020-01-12 16:00:00,1013.4,12.7,96,0.0,0.0,1.1,186.0,0.0,,,,,2020-01-12T15:39:00,,,,0,,,,,,,,,,,,,,,,,,,
2020-01-12 17:00:00,1013.6,12.6,98,0.0,0.0,1.9,230.0,0.5,,,,,2020-01-12T16:02:00,,,,0,,,,,,,,,,,,,,,,,,,
2020-01-12 18:00:00,1013.9,12.6,98,0.0,0.0,1.6,275.0,0.0,,,,,2020-01-12T17:10:00,,,,0,,,,,,,,,,,,,,,,,,,
2020-01-12 19:00:00,1014.1,12.5,99,0.0,0.0,1.9,248.0,0.0,,,,,2020-01-12T18:39:00,,,,0,,,,,,,,,,,,,,,,,,,
2020-01-12 20:00:00,1014.3,12.5,99,0.0,0.0,2.2,337.0,0.0,,,,,2020-01-12T19:40:00,,,,0,,,,,,,,,,,,,,,,,,,
2020-01-12 21:00:00,1014.3,12.6,99,0.1,0.0,2.2,249.0,0.0,,,,,2020-01-12T20:24:00,,,,0,,,,,,,,,,,,,,,,,,,
2020-01-12 22:00:00,1014.9,12.7,99,0.1,0.0,1.9,317.0,0.5,,,,,2020-01-12T21:46:00,,,,0,,,,,,,,,,,,,,,,,,,
2020-01-12 23:00:00,1014.7,12.7,99,0.0,0.0,1.3,337.0,0.5,,,,,2020-01-12T22:08:00,,,,0,,,,,,,,,,,,,,,,,,,
2020-01-13 00:00:00,1014.6,12.7,100,0.2,0.0,2.4,259.0,0.0,,,,,2020-01-12T23:59:00,,,,0,,,,,,,,,,,,,,,,,,,
2020-01-13 01:00:00,1014.3,12.8,100,0.0,0.0,2.2,254.0,2.0,,,,,2020-01-13T00:01:00,,,,0,,,,,,,,,,,,,,,,,,,
2020-01-13 02:00:00,1013.7,12.7,100,0.1,0.0,1.9,263.0,0.0,,,,,2020-01-13T01:15:00,,,,0,,,,,,,,,,,,,,,,,,,
2020-01-13 03:00:00,1013.5,12.7,100,0.0,0.0,2.4,264.0,0.0,,,,,2020-01-13T02:22:00,,,,0,,,,,,,,,,,,,,,,,,,
2020-01-13 04:00:00,1013.5,12.5,100,0.2,0.0,1.9,298.0,0.5,,,,,2020-01-13T04:00:00,,,,0,,,,,,,,,,,,,,,,,,,
2020-01-13 05:00:00,1013.9,12.6,100,0.0,0.0,1.9,268.0,0.5,,,,,2020-01-13T04:07:00,,,,0,,,,,,,,,,,,,,,,,,,
2020-01-13 06:00:00,1014.6,12.8,100,0.0,0.0,1.6,252.0,0.5,,,,,2020-01-13T05:04:00,,,,0,,,,,,,,,,,,,,,,,,,
2020-01-13 07:00:00,1015.3,12.7,100,0.1,0.0,1.9,276.0,2.0,,,,,2020-01-13T06:50:00,,,,0,,,,,,,,,,,,,,,,,,,
2020-01-13 08:00:00,1015.0,12.9,100,0.3,265.0,1.9,267.0,0.5,,,,,2020-01-13T07:45:00,,,,0,,,,,,,,,,,,,,,,,,,
2020-01-13 09:00:00,1015.1,13.1,100,0.0,0.0,1.9,262.0,0.0,,,,,2020-01-13T08:45:00,,,,0,,,,,,,,,,,,,,,,,,,
2020-01-13 10:00:00,1015.8,13.2,100,0.0,0.0,2.4,251.0,1.5,,,,,2020-01-13T09:38:00,,,,0,,,,,,,,,,,,,,,,,,,
2020-01-13 11:00:00,1015.2,13.9,100,0.0,0.0,2.2,275.0,1.5,,,,,2020-01-13T10:39:00,,,,0,,,,,,,,,,,,,,,,,,,
2020-01-13 12:00:00,1014.2,14.5,99,0.0,0.0,1.9,262.0,0.5,,,,,2020-01-13T11:53:00,,,,0,,,,,,,,,,,,,,,,,,,
2020-01-13 13:00:00,1013.3,15.3,98,0.0,0.0,1.3,226.0,0.0,,,,,2020-01-13T12:30:00,,,,0,,,,,,,,,,,,,,,,,,,
2020-01-13 14:00:00,1012.3,17.3,90,0.1,0.0,3.0,257.0,0.0,,,,,2020-01-13T13:20:00,,,,0,,,,,,,,,,,,,,,,,,,
2020-01-13 15:00:00,1011.9,17.8,84,0.0,0.0,1.9,332.0,0.0,,,,,2020-01-13T14:07:00,,,,0,,,,,,,,,,,,,,,,,,,
2020-01-13 16:00:00,1011.7,17.9,86,0.0,0.0,0.8,156.0,0.0,,,,,2020-01-13T15:06:00,,,,0,,,,,,,,,,,,,,,,,,,
2020-01-13 17:00:00,1012.2,17.4,91,0.0,0.0,0.0,0.0,0.0,,,,,2020-01-13T16:05:00,,,,0,,,,,,,,,,,,,,,,,,,
2020-01-13 18:00:00,1012.7,16.4,93,0.0,0.0,1.6,273.0,0.0,,,,,2020-01-13T17:11:00,,,,0,,,,,,,,,,,,,,,,,,,
2020-01-13 19:00:00,1013.9,15.8,96,0.0,0.0,1.3,262.0,0.0,,,,,2020-01-13T18:21:00,,,,0,,,,,,,,,,,,,,,,,,,
2020-01-13 20:00:00,1013.0,15.0,97,0.0,0.0,0.8,273.0,0.0,,,,,2020-01-13T19:14:00,,,,0,,,,,,,,,,,,,,,,,,,
2020-01-13 21:00:00,1013.0,14.4,98,0.0,0.0,0.0,0.0,0.0,,,,,2020-01-13T20:05:00,,,,0,,,,,,,,,,,,,,,,,,,
2020-01-13 22:00:00,1012.9,14.4,99,0.0,0.0,0.0,0.0,0.0,,,,,2020-01-13T21:05:00,,,,0,,,,,,,,,,,,,,,,,,,
2020-01-13 23:00:00,1013.1,14.2,99,0.0,0.0,1.3,276.0,0.0,,,,,2020-01-13T22:46:00,,,,0,,,,,,,,,,,,,,,,,,,
2020-01-14 00:00:00,1013.1,14.2,99,0.0,0.0,1.3,346.0,0.0,,,,,2020-01-13T23:18:00,,,,0,,,,,,,,,,,,,,,,,,,
2020-01-14 01:00:00,1012.6,13.5,99,0.0,0.0,0.8,350.0,0.0,,,,,2020-01-14T00:59:00,,,,0,,,,,,,,,,,,,,,,,,,
2020-01-14 02:00:00,1012.6,13.4,100,0.0,0.0,0.0,0.0,0.0,,,,,2020-01-14T01:05:00,,,,0,,,,,,,,,,,,,,,,,,,
2020-01-14 03:00:00,1012.8,13.5,100,0.0,0.0,1.9,343.0,0.0,,,,,2020-01-14T02:47:00,,,,0,,,,,,,,,,,,,,,,,,,
2020-01-14 04:00:00,1013.0,14.5,100,0.0,0.0,2.4,251.0,0.0,,,,,2020-01-14T03:27:00,,,,0,,,,,,,,,,,,,,,,,,,
2020-01-14 05:00:00,1013.6,14.8,99,0.0,0.0,1.9,250.0,0.0,,,,,2020-01-14T04:19:00,,,,0,,,,,,,,,,,,,,,,,,,
2020-01-14 06:00:00,1014.2,15.4,98,0.0,0.0,2.4,251.0,0.0,,,,,2020-01-14T05:42:00,,,,0,,,,,,,,,,,,,,,,,,,
2020-01-14 07:00:00,1014.9,15.1,98,0.3,270.0,2.4,261.0,0.0,,,,,2020-01-14T06:45:00,,,,0,,,,,,,,,,,,,,,,,,,
2020-01-14 08:00:00,1015.6,15.5,98,0.0,0.0,2.4,262.0,0.0,,,,,2020-01-14T07:06:00,,,,0,,,,,,,,,,,,,,,,,,,
2020-01-14 09:00:00,1016.3,15.9,96,0.3,285.0,3.0,334.0,0.5,,,,,2020-01-14T08:02:00,,,,0,,,,,,,,,,,,,,,,,,,
2020-01-14 10:00:00,1017.0,15.8,96,0.2,0.0,2.7,335.0,0.0,,,,,2020-01-14T09:04:00,,,,0,,,,,,,,,,,,,,,,,,,
2020-01-14 11:00:00,1016.3,16.2,95,0.8,339.0,3.0,308.0,0.0,,,,,2020-01-14T10:04:00,,,,0,,,,,,,,,,,,,,,,,,,
2020-01-14 12:00:00,1015.3,16.9,93,0.0,0.0,2.4,12.0,0.0,,,,,2020-01-14T11:45:00,,,,0,,,,,,,,,,,,,,,,,,,
2020-01-14 13:00:00,1014.5,17.4,88,1.4,349.0,3.5,333.0,0.0,,,,,2020-01-14T12:29:00,,,,0,,,,,,,,,,,,,,,,,,,
2020-01-14 14:00:00,1014.8,17.3,86,0.9,338.0,4.1,326.0,0.0,,,,,2020-01-14T13:17:00,,,,0,,,,,,,,,,,,,,,,,,,
2020-01-14 15:00:00,1014.7,17.7,84,0.4,340.0,2.7,350.0,0.0,,,,,2020-01-14T14:11:00,,,,0,,,,,,,,,,,,,,,,,,,
2020-01-14 16:00:00,1015.0,17.2,85,0.4,345.0,3.0,349.0,0.0,,,,,2020-01-14T15:14:00,,,,0,,,,,,,,,,,,,,,,,,,
2020-01-14 17:00:00,1015.6,16.4,93,0.3,235.0,1.9,342.0,0.5,,,,,2020-01-14T16:04:00,,,,0,,,,,,,,,,,,,,,,,,,
2020-01-14 18:00:00,1016.5,16.0,94,0.1,0.0,2.4,342.0,0.0,,,,,2020-01-14T17:47:00,,,,0,,,,,,,,,,,,,,,,,,,
2020-01-14 19:00:00,1017.1,15.4,95,0.3,341.0,2.7,314.0,0.0,,,,,2020-01-14T18:58:00,,,,0,,,,,,,,,,,,,,,,,,,
2020-01-14 20:00:00,1017.7,15.2,96,0.1,0.0,3.3,342.0,0.0,,,,,2020-01-14T19:23:00,,,,0,,,,,,,,,,,,,,,,,,,
2020-01-14 21:00:00,1018.2,15.0,95,0.3,319.0,3.3,350.0,0.5,,,,,2020-01-14T20:27:00,,,,0,,,,,,,,,,,,,,,,,,,
2020-01-14 22:00:00,1017.9,14.8,95,0.0,0.0,3.0,187.0,0.0,,,,,2020-01-14T21:29:00,,,,0,,,,,,,,,,,,,,,,,,,
2020-01-14 23:00:00,1018.2,14.6,94,0.1,0.0,2.4,215.0,0.0,,,,,2020-01-14T22:03:00,,,,0,,,,,,,,,,,,,,,,,,,
2020-01-15 00:00:00,1017.7,14.4,94,0.0,0.0,2.2,341.0,0.0,,,,,2020-01-14T23:39:00,,,,0,,,,,,,,,,,,,,,,,,,
2020-01-15 01:00:00,1017.3,14.6,95,0.0,0.0,1.3,184.0,0.0,,,,,2020-01-15T00:05:00,,,,0,,,,,,,,,,,,,,,,,,,
2020-01-15 02:00:00,1016.7,14.2,98,0.0,0.0,1.9,257.0,0.0,,,,,2020-01-15T01:37:00,,,,0,,,,,,,,,,,,,,,,,,,
2020-01-15 03:00:00,1016.4,14.2,99,0.1,0.0,3.0,247.0,0.0,,,,,2020-01-15T02:38:00,,,,0,,,,,,,,,,,,,,,,,,,
2020-01-15 04:00:00,1016.0,14.1,99,0.4,283.0,1.9,230.0,1.0,,,,,2020-01-15T03:37:00,,,,0,,,,,,,,,,,,,,,,,,,
2020-01-15 05:00:00,1016.3,14.2,100,0.0,0.0,2.4,264.0,1.0,,,,,2020-01-15T04:04:00,,,,0,,,,,,,,,,,,,,,,,,,
2020-01-15 06:00:00,1016.3,14.4,100,0.0,0.0,1.6,347.0,0.5,,,,,2020-01-15T05:05:00,,,,0,,,,,,,,,,,,,,,,,,,
2020-01-15 07:00:00,1016.4,14.4,100,0.0,0.0,1.3,237.0,2.0,,,,,2020-01-15T06:49:00,,,,0,,,,,,,,,,,,,,,,,,,
2020-01-15 08:00:00,1016.9,14.8,100,0.0,0.0,2.4,315.0,2.5,,,,,2020-01-15T07:18:00,,,,0,,,,,,,,,,,,,,,,,,,
2020-01-15 09:00:00,1017.1,15.4,100,0.0,0.0,1.3,217.0,3.0,,,,,2020-01-15T08:32:00,,,,0,,,,,,,,,,,,,,,,,,,
2020-01-15 10:00:00,1016.8,16.0,100,0.0,0.0,1.9,215.0,2.5,,,,,2020-01-15T09:07:00,,,,0,,,,,,,,,,,,,,,,,,,
2020-01-15 11:00:00,1016.1,16.3,100,0.0,0.0,1.1,340.0,2.5,,,,,2020-01-15T10:16:00,,,,0,,,,,,,,,,,,,,,,,,,
2020-01-15 12:00:00,1014.8,16.6,99,0.2,0.0,1.6,259.0,2.5,,,,,2020-01-15T11:44:00,,,,0,,,,,,,,,,,,,,,,,,,
2020-01-15 13:00:00,1013.6,-99.5,100,0.0,0.0,1.9,242.0,3.0,,,,,2020-01-15T12:48:00,,,,0,,,,,,,,,,,,,,,,,,,
2020-01-15 14:00:00,1013.0,17.3,99,0.1,0.0,1.9,270.0,0.5,,,,,2020-01-15T13:21:00,,,,0,,,,,,,,,,,,,,,,,,,
2020-01-15 15:00:00,1012.7,17.5,99,0.0,0.0,1.3,256.0,0.5,,,,,2020-01-15T14:03:00,,,,0,,,,,,,,,,,,,,,,,,,
2020-01-15 16:00:00,1013.0,17.6,98,0.0,0.0,0.8,263.0,3.0,,,,,2020-01-15T15:50:00,,,,0,,,,,,,,,,,,,,,,,,,
2020-01-15 17:00:00,1013.5,17.4,98,0.0,0.0,0.8,254.0,1.0,,,,,2020-01-15T16:22:00,,,,0,,,,,,,,,,,,,,,,,,,
2020-01-15 18:00:00,1013.8,16.9,99,0.1,0.0,2.4,244.0,2.0,,,,,2020-01-15T17:25:00,,,,0,,,,,,,,,,,,,,,,,,,
2020-01-15 19:00:00,1014.0,16.8,99,0.4,323.0,1.9,261.0,0.5,,,,,2020-01-15T18:05:00,,,,0,,,,,,,,,,,,,,,,,,,
2020-01-15 20:00:00,1014.2,16.7,99,0.2,0.0,2.4,228.0,0.0,,,,,2020-01-15T19:27:00,,,,0,,,,,,,,,,,,,,,,,,,
2020-01-15 21:00:00,1014.4,16.6,99,0.6,293.0,3.0,337.0,0.0,,,,,2020-01-15T21:00:00,,,,0,,,,,,,,,,,,,,,,,,,
2020-01-15 22:00:00,1014.4,16.4,98,0.2,0.0,3.0,326.0,0.0,,,,,2020-01-15T21:10:00,,,,0,,,,,,,,,,,,,,,,,,,
2020-01-15 23:00:00,1014.0,16.4,98,0.6,245.0,4.1,335.0,0.0,,,,,2020-01-15T22:16:00,,,,0,,,,,,,,,,,,,,,,,,,
2020-01-16 00:00:00,1013.6,16.6,98,0.0,0.0,1.9,215.0,0.0,,,,,2020-01-15T23:03:00,,,,0,,,,,,,,,,,,,,,,,,,
2020-01-16 01:00:00,1013.5,16.4,98,0.0,0.0,2.4,273.0,0.0,,,,,2020-01-16T00:16:00,,,,0,,,,,,,,,,,,,,,,,,,
2020-01-16 02:00:00,1013.3,16.4,98,0.2,0.0,2.4,243.0,0.0,,,,,2020-01-16T01:13:00,,,,0,,,,,,,,,,,,,,,,,,,
2020-01-16 03:00:00,1012.8,16.5,99,0.2,0.0,1.9,283.0,0.0,,,,,2020-01-16T02:55:00,,,,0,,,,,,,,,,,,,,,,,,,
2020-01-16 04:00:00,1012.7,16.7,98,0.1,0.0,3.3,265.0,0.0,,,,,2020-01-16T03:43:00,,,,0,,,,,,,,,,,,,,,,,,,
2020-01-16 05:00:00,1012.7,16.6,98,0.1,0.0,2.4,251.0,0.0,,,,,2020-01-16T04:17:00,,,,0,,,,,,,,,,,,,,,,,,,
2020-01-16 06:00:00,1013.3,16.6,98,1.0,338.0,2.7,281.0,0.0,,,,,2020-01-16T05:38:00,,,,0,,,,,,,,,,,,,,,,,,,
2020-01-16 07:00:00,1013.6,16.7,97,0.0,0.0,2.7,340.0,0.0,,,,,2020-01-16T06:02:00,,,,0,,,,,,,,,,,,,,,,,,,
2020-01-16 08:00:00,1014.0,16.9,98,0.0,0.0,0.8,329.0,0.5,,,,,2020-01-16T07:52:00,,,,0,,,,,,,,,,,,,,,,,,,
2020-01-16 09:00:00,1013.9,18.1,91,1.6,332.0,3.5,331.0,0.0,,,,,2020-01-16T08:54:00,,,,0,,,,,,,,,,,,,,,,,,,
2020-01-16 10:00:00,1013.8,19.7,83,2.2,332.0,4.9,348.0,0.0,,,,,2020-01-16T09:59:00,,,,0,,,,,,,,,,,,,,,,,,,
2020-01-16 11:00:00,1013.2,21.1,79,0.6,313.0,4.9,326.0,0.0,,,,,2020-01-16T10:08:00,,,,0,,,,,,,,,,,,,,,,,,,
2020-01-16 12:00:00,1012.2,21.6,78,2.5,343.0,6.0,316.0,0.0,,,,,2020-01-16T11:56:00,,,,0,,,,,,,,,,,,,,,,,,,
2020-01-16 13:00:00,1010.9,22.4,75,1.1,345.0,5.5,335.0,0.0,,,,,2020-01-16T12:06:00,,,,0,,,,,,,,,,,,,,,,,,,
2020-01-16 14:00:00,1010.0,21.6,77,2.1,358.0,6.0,13.0,0.0,,,,,2020-01-16T13:15:00,,,,0,,,,,,,,,,,,,,,,,,,
2020-01-16 15:00:00,1010.2,20.0,81,1.8,358.0,6.0,325.0,0.0,,,,,2020-01-16T14:03:00,,,,0,,,,,,,,,,,,,,,,,,,
2020-01-16 16:00:00,1010.9,18.5,87,1.3,345.0,4.9,337.0,0.0,,,,,2020-01-16T15:07:00,,,,0,,,,,,,,,,,,,,,,,,,
2020-01-16 17:00:00,1011.8,17.5,89,0.9,347.0,4.9,322.0,0.0,,,,,2020-01-16T16:32:00,,,,0,,,,,,,,,,,,,,,,,,,
2020-01-16 18:00:00,1012.3,17.1,89,1.8,333.0,5.5,337.0,0.0,,,,,2020-01-16T17:41:00,,,,0,,,,,,,,,,,,,,,,,,,
2020-01-16 19:00:00,1012.9,17.1,90,0.5,325.0,3.5,331.0,0.0,,,,,2020-01-16T18:01:00,,,,0,,,,,,,,,,,,,,,,,,,
2020-01-16 20:00:00,1013.0,17.0,91,0.1,0.0,5.5,319.0,0.0,,,,,2020-01-16T19:29:00,,,,0,,,,,,,,,,,,,,,,,,,
2020-01-16 21:00:00,1013.2,16.9,91,0.1,0.0,4.1,340.0,0.0,,,,,2020-01-16T20:22:00,,,,0,,,,,,,,,,,,,,,,,,,
2020-01-16 22:00:00,1013.2,16.7,91,0.5,297.0,4.1,355.0,0.0,,,,,2020-01-16T21:06:00,,,,0,,,,,,,,,,,,,,,,,,,
2020-01-16 23:00:00,1013.5,16.9,87,1.0,338.0,4.9,210.0,0.0,,,,,2020-01-16T22:05:00,,,,0,,,,,,,,,,,,,,,,,,,
2020-01-17 00:00:00,1013.5,16.7,88,0.2,0.0,4.1,324.0,0.0,,,,,2020-01-16T23:01:00,,,,0,,,,,,,,,,,,,,,,,,,
2020-01-17 01:00:00,1013.5,16.2,92,0.5,313.0,5.5,325.0,0.0,,,,,2020-01-17T00:22:00,,,,0,,,,,,,,,,,,,,,,,,,
2020-01-17 02:00:00,1013.3,15.6,96,0.3,285.0,3.5,275.0,0.0,,,,,2020-01-17T01:33:00,,,,0,,,,,,,,,,,,,,,,,,,
2020-01-17 03:00:00,1013.1,15.3,97,0.3,269.0,3.0,327.0,0.5,,,,,2020-01-17T02:17:00,,,,0,,,,,,,,,,,,,,,,,,,
2020-01-17 04:00:00,1013.0,15.1,96,0.3,320.0,5.5,331.0,0.5,,,,,2020-01-17T03:46:00,,,,0,,,,,,,,,,,,,,,,,,,
2020-01-17 05:00:00,1013.5,14.8,97,0.5,326.0,3.8,309.0,1.0,,,,,2020-01-17T04:56:00,,,,0,,,,,,,,,,,,,,,,,,,
2020-01-17 06:00:00,1014.2,14.8,97,1.7,327.0,5.5,333.0,1.0,,,,,2020-01-17T06:00:00,,,,0,,,,,,,,,,,,,,,,,,,
2020-01-17 07:00:00,1014.8,14.8,96,0.5,335.0,4.9,332.0,0.5,,,,,2020-01-17T06:24:00,,,,0,,,,,,,,,,,,,,,,,,,
2020-01-17 08:00:00,1015.8,14.4,96,0.1,0.0,5.5,350.0,0.5,,,,,2020-01-17T07:43:00,,,,0,,,,,,,,,,,,,,,,,,,
2020-01-17 09:00:00,1016.4,14.7,94,1.9,347.0,4.9,326.0,0.5,,,,,2020-01-17T08:53:00,,,,0,,,,,,,,,,,,,,,,,,,
2020-01-17 10:00:00,1016.6,14.8,95,1.0,345.0,3.5,352.0,0.0,,,,,2020-01-17T09:25:00,,,,0,,,,,,,,,,,,,,,,,,,
2020-01-17 11:00:00,1016.1,15.0,96,0.2,0.0,3.5,300.0,0.5,,,,,2020-01-17T10:02:00,,,,0,,,,,,,,,,,,,,,,,,,
2020-01-17 12:00:00,1015.5,14.8,95,0.1,0.0,3.3,15.0,0.0,,,,,2020-01-17T11:07:00,,,,0,,,,,,,,,,,,,,,,,,,
2020-01-17 13:00:00,1014.7,14.4,95,0.8,336.0,3.0,302.0,0.5,,,,,2020-01-17T12:47:00,,,,0,,,,,,,,,,,,,,,,,,,
2020-01-17 14:00:00,1014.3,14.2,95,1.0,335.0,3.0,318.0,0.0,,,,,2020-01-17T13:55:00,,,,0,,,,,,,,,,,,,,,,,,,
2020-01-17 15:00:00,1014.4,14.1,95,0.0,0.0,3.0,332.0,0.0,,,,,2020-01-17T14:35:00,,,,0,,,,,,,,,,,,,,,,,,,
2020-01-17 16:00:00,1014.7,13.5,95,0.0,0.0,2.4,276.0,0.0,,,,,2020-01-17T15:14:00,,,,0,,,,,,,,,,,,,,,,,,,
2020-01-17 17:00:00,1015.2,13.4,97,0.0,0.0,0.8,242.0,0.5,,,,,2020-01-17T16:05:00,,,,0,,,,,,,,,,,,,,,,,,,
2020-01-17 18:00:00,1015.6,13.2,95,0.3,331.0,3.8,348.0,0.0,,,,,2020-01-17T17:38:00,,,,0,,,,,,,,,,,,,,,,,,,
2020-01-17 19:00:00,1016.2,12.9,95,0.7,330.0,3.8,8.0,0.0,,,,,2020-01-17T18:14:00,,,,0,,,,,,,,,,,,,,,,,,,
2020-01-17 20:00:00,1016.9,12.7,96,0.0,0.0,2.7,331.0,0.0,,,,,2020-01-17T19:13:00,,,,0,,,,,,,,,,,,,,,,,,,
2020-01-17 21:00:00,1016.9,12.7,96,0.0,0.0,2.4,329.0,0.5,,,,,2020-01-17T20:16:00,,,,0,,,,,,,,,,,,,,,,,,,
2020-01-17 22:00:00,1017.0,12.5,97,0.1,0.0,1.9,236.0,0.0,,,,,2020-01-17T22:00:00,,,,0,,,,,,,,,,,,,,,,,,,
2020-01-17 23:00:00,1017.0,12.4,97,0.0,0.0,1.9,235.0,0.0,,,,,2020-01-17T22:01:00,,,,0,,,,,,,,,,,,,,,,,,,
2020-01-18 00:00:00,1017.0,12.3,96,0.2,0.0,3.0,291.0,0.0,,,,,2020-01-17T23:46:00,,,,0,,,,,,,,,,,,,,,,,,,
2020-01-18 01:00:00,1016.9,12.1,96,0.0,0.0,3.5,18.0,0.5,,,,,2020-01-18T00:17:00,,,,0,,,,,,,,,,,,,,,,,,,
2020-01-18 02:00:00,1016.5,11.8,96,0.1,0.0,2.4,344.0,0.0,,,,,2020-01-18T01:13:00,,,,0,,,,,,,,,,,,,,,,,,,
2020-01-18 03:00:00,1016.4,11.7,96,0.3,257.0,1.9,344.0,0.0,,,,,2020-01-18T02:37:00,,,,0,,,,,,,,,,,,,,,,,,,
2020-01-18 04:00:00,1016.2,11.6,96,0.1,0.0,2.2,264.0,0.0,,,,,2020-01-18T03:29:00,,,,0,,,,,,,,,,,,,,,,,,,
2020-01-18 05:00:00,1016.2,11.6,96,0.1,0.0,1.9,275.0,0.0,,,,,2020-01-18T04:16:00,,,,0,,,,,,,,,,,,,,,,,,,
2020-01-18 06:00:00,1016.6,11.8,96,0.0,0.0,1.3,239.0,0.0,,,,,2020-01-18T05:19:00,,,,0,,,,,,,,,,,,,,,,,,,
2020-01-18 07:00:00,1017.0,11.6,96,0.0,0.0,1.3,335.0,0.0,,,,,2020-01-18T06:04:00,,,,0,,,,,,,,,,,,,,,,,,,
2020-01-18 08:00:00,1017.4,11.7,96,0.3,320.0,2.4,311.0,0.0,,,,,2020-01-18T07:19:00,,,,0,,,,,,,,,,,,,,,,,,,
2020-01-18 09:00:00,1017.9,11.9,97,0.0,0.0,1.9,280.0,0.0,,,,,2020-01-18T08:48:00,,,,0,,,,,,,,,,,,,,,,,,,
2020-01-18 10:00:00,1018.0,12.3,96,0.1,0.0,1.9,257.0,0.0,,,,,2020-01-18T09:04:00,,,,0,,,,,,,,,,,,,,,,,,,
2020-01-18 11:00:00,1017.5,12.7,94,0.3,326.0,1.9,327.0,0.0,,,,,2020-01-18T10:05:00,,,,0,,,,,,,,,,,,,,,,,,,
2020-01-18 12:00:00,1016.6,13.0,89,0.0,0.0,3.3,333.0,0.0,,,,,2020-01-18T11:52:00,,,,0,,,,,,,,,,,,,,,,,,,
2020-01-18 13:00:00,1015.5,13.0,90,0.0,0.0,1.9,329.0,0.0,,,,,2020-01-18T12:22:00,,,,0,,,,,,,,,,,,,,,,,,,
2020-01-18 14:00:00,1015.1,13.0,91,0.2,0.0,2.4,341.0,0.0,,,,,2020-01-18T13:06:00,,,,0,,,,,,,,,,,,,,,,,,,
2020-01-18 15:00:00,1015.0,13.2,89,0.2,0.0,3.0,342.0,0.0,,,,,2020-01-18T15:00:00,,,,0,,,,,,,,,,,,,,,,,,,
2020-01-18 16:00:00,1015.1,12.8,92,0.2,0.0,2.4,253.0,0.0,,,,,2020-01-18T15:45:00,,,,0,,,,,,,,,,,,,,,,,,,
2020-01-18 17:00:00,1015.5,12.5,96,0.1,0.0,2.4,248.0,0.0,,,,,2020-01-18T16:20:00,,,,0,,,,,,,,,,,,,,,,,,,
2020-01-18 18:00:00,1015.7,12.4,97,0.0,0.0,2.2,259.0,0.0,,,,,2020-01-18T17:38:00,,,,0,,,,,,,,,,,,,,,,,,,
2020-01-18 19:00:00,1015.9,12.5,97,0.0,0.0,1.6,257.0,0.0,,,,,2020-01-18T18:06:00,,,,0,,,,,,,,,,,,,,,,,,,
2020-01-18 20:00:00,1016.0,12.7,97,0.0,0.0,0.8,269.0,0.0,,,,,2020-01-18T19:06:00,,,,0,,,,,,,,,,,,,,,,,,,
2020-01-18 21:00:00,1015.9,12.7,97,0.0,0.0,0.0,0.0,0.0,,,,,2020-01-18T20:05:00,,,,0,,,,,,,,,,,,,,,,,,,
2020-01-18 22:00:00,1015.9,12.8,98,0.0,0.0,0.0,0.0,0.0,,,,,2020-01-18T21:05:00,,,,0,,,,,,,,,,,,,,,,,,,
2020-01-18 23:00:00,1015.8,12.9,98,0.0,0.0,0.0,0.0,0.0,,,,,2020-01-18T22:05:00,,,,0,,,,,,,,,,,,,,,,,,,
2020-01-19 00:00:00,1015.6,13.0,98,0.0,0.0,0.0,0.0,0.0,,,,,2020-01-18T23:05:00,,,,0,,,,,,,,,,,,,,,,,,,
2020-01-19 01:00:00,1015.5,13.0,99,0.0,0.0,1.1,268.0,0.0,,,,,2020-01-19T01:00:00,,,,0,,,,,,,,,,,,,,,,,,,
2020-01-19 02:00:00,1015.1,13.0,99,0.0,0.0,1.1,272.0,0.0,,,,,2020-01-19T01:20:00,,,,0,,,,,,,,,,,,,,,,,,,
2020-01-19 03:00:00,1014.8,12.9,99,0.0,0.0,0.8,275.0,0.0,,,,,2020-01-19T02:26:00,,,,0,,,,,,,,,,,,,,,,,,,
2020-01-19 04:00:00,1014.7,13.1,99,0.0,0.0,0.8,307.0,0.0,,,,,2020-01-19T03:25:00,,,,0,,,,,,,,,,,,,,,,,,,
2020-01-19 05:00:00,1014.8,13.0,98,0.0,0.0,2.4,285.0,0.0,,,,,2020-01-19T04:49:00,,,,0,,,,,,,,,,,,,,,,,,,
2020-01-19 06:00:00,1015.6,13.0,98,0.1,0.0,2.4,262.0,0.0,,,,,2020-01-19T05:15:00,,,,0,,,,,,,,,,,,,,,,,,,
2020-01-19 07:00:00,1016.0,13.2,98,0.0,0.0,1.9,260.0,0.0,,,,,2020-01-19T06:01:00,,,,0,,,,,,,,,,,,,,,,,,,
2020-01-19 08:00:00,1016.7,13.2,97,0.1,0.0,1.9,262.0,0.0,,,,,2020-01-19T07:20:00,,,,0,,,,,,,,,,,,,,,,,,,
2020-01-19 09:00:00,1017.4,13.3,99,0.0,0.0,2.4,257.0,0.0,,,,,2020-01-19T08:43:00,,,,0,,,,,,,,,,,,,,,,,,,
2020-01-19 10:00:00,1017.5,13.9,95,0.9,330.0,3.0,326.0,0.0,,,,,2020-01-19T09:55:00,,,,0,,,,,,,,,,,,,,,,,,,
2020-01-19 11:00:00,1017.5,13.9,94,0.2,0.0,3.8,329.0,0.0,,,,,2020-01-19T10:28:00,,,,0,,,,,,,,,,,,,,,,,,,
2020-01-19 12:00:00,1016.7,14.4,93,0.5,323.0,3.0,268.0,0.0,,,,,2020-01-19T11:11:00,,,,0,,,,,,,,,,,,,,,,,,,
2020-01-19 13:00:00,1015.8,14.4,92,0.2,0.0,3.3,330.0,0.0,,,,,2020-01-19T12:11:00,,,,0,,,,,,,,,,,,,,,,,,,
2020-01-19 14:00:00,1015.3,14.2,92,0.4,329.0,3.0,320.0,0.0,,,,,2020-01-19T14:00:00,,,,0,,,,,,,,,,,,,,,,,,,
2020-01-19 15:00:00,1015.1,14.1,91,0.1,0.0,1.9,247.0,0.0,,,,,2020-01-19T14:04:00,,,,0,,,,,,,,,,,,,,,,,,,
2020-01-19 16:00:00,1015.2,14.2,92,0.0,0.0,3.5,313.0,0.0,,,,,2020-01-19T15:42:00,,,,0,,,,,,,,,,,,,,,,,,,
2020-01-19 17:00:00,1015.8,14.4,93,0.0,0.0,2.4,251.0,0.0,,,,,2020-01-19T16:03:00,,,,0,,,,,,,,,,,,,,,,,,,
2020-01-19 18:00:00,1016.6,13.9,91,0.2,0.0,3.5,318.0,0.0,,,,,2020-01-19T17:11:00,,,,0,,,,,,,,,,,,,,,,,,,
2020-01-19 19:00:00,1017.3,13.6,94,0.0,0.0,3.5,349.0,0.0,,,,,2020-01-19T18:05:00,,,,0,,,,,,,,,,,,,,,,,,,
2020-01-19 20:00:00,1017.4,13.4,96,0.1,0.0,1.9,244.0,0.0,,,,,2020-01-19T19:12:00,,,,0,,,,,,,,,,,,,,,,,,,
2020-01-19 21:00:00,1017.5,13.4,97,0.0,0.0,1.9,242.0,0.0,,,,,2020-01-19T20:08:00,,,,0,,,,,,,,,,,,,,,,,,,
2020-01-19 22:00:00,1017.5,13.5,96,0.0,0.0,1.3,277.0,0.0,,,,,2020-01-19T21:14:00,,,,0,,,,,,,,,,,,,,,,,,,
2020-01-19 23:00:00,1017.2,13.2,96,0.1,0.0,1.9,261.0,0.0,,,,,2020-01-19T22:15:00,,,,0,,,,,,,,,,,,,,,,,,,
2020-01-20 00:00:00,1017.3,13.2,95,0.0,0.0,1.9,232.0,0.0,,,,,2020-01-19T23:05:00,,,,0,,,,,,,,,,,,,,,,,,,
2020-01-20 01:00:00,1017.0,13.4,97,0.0,0.0,0.0,0.0,0.0,,,,,2020-01-20T00:05:00,,,,0,,,,,,,,,,,,,,,,,,,
2020-01-20 02:00:00,1016.9,13.4,97,0.0,0.0,1.3,252.0,0.0,,,,,2020-01-20T01:24:00,,,,0,,,,,,,,,,,,,,,,,,,
2020-01-20 03:00:00,1016.7,13.3,97,0.0,0.0,1.3,257.0,0.0,,,,,2020-01-20T02:49:00,,,,0,,,,,,,,,,,,,,,,,,,
2020-01-20 04:00:00,1016.5,13.3,97,0.0,0.0,1.3,332.0,0.0,,,,,2020-01-20T03:01:00,,,,0,,,,,,,,,,,,,,,,,,,
2020-01-20 05:00:00,1016.8,13.2,93,0.0,0.0,2.2,302.0,0.0,,,,,2020-01-20T04:32:00,,,,0,,,,,,,,,,,,,,,,,,,
2020-01-20 06:00:00,1017.5,13.6,88,0.0,0.0,2.4,337.0,0.0,,,,,2020-01-20T05:29:00,,,,0,,,,,,,,,,,,,,,,,,,
2020-01-20 07:00:00,1018.2,13.4,91,0.4,302.0,1.9,280.0,0.0,,,,,2020-01-20T06:05:00,,,,0,,,,,,,,,,,,,,,,,,,
2020-01-20 08:00:00,1018.9,13.4,93,0.0,0.0,1.9,249.0,0.0,,,,,2020-01-20T07:24:00,,,,0,,,,,,,,,,,,,,,,,,,
2020-01-20 09:00:00,1019.2,14.6,83,0.1,0.0,1.9,249.0,0.0,,,,,2020-01-20T08:07:00,,,,0,,,,,,,,,,,,,,,,,,,
2020-01-20 10:00:00,1019.3,15.6,81,0.0,0.0,1.3,183.0,0.0,,,,,2020-01-20T09:38:00,,,,0,,,,,,,,,,,,,,,,,,,
2020-01-20 11:00:00,1019.0,16.3,76,0.3,316.0,6.0,328.0,0.0,,,,,2020-01-20T10:46:00,,,,0,,,,,,,,,,,,,,,,,,,
2020-01-20 12:00:00,1018.6,16.0,74,0.5,346.0,3.8,355.0,0.0,,,,,2020-01-20T11:47:00,,,,0,,,,,,,,,,,,,,,,,,,
2020-01-20 13:00:00,1017.7,16.1,75,0.8,333.0,3.3,317.0,0.0,,,,,2020-01-20T12:16:00,,,,0,,,,,,,,,,,,,,,,,,,
2020-01-20 14:00:00,1017.2,15.9,75,1.3,340.0,3.5,309.0,0.0,,,,,2020-01-20T13:22:00,,,,0,,,,,,,,,,,,,,,,,,,
2020-01-20 15:00:00,1016.9,16.0,74,1.1,334.0,3.8,334.0,0.0,,,,,2020-01-20T14:38:00,,,,0,,,,,,,,,,,,,,,,,,,
2020-01-20 16:00:00,1017.5,15.3,77,0.7,349.0,2.4,335.0,0.0,,,,,2020-01-20T15:01:00,,,,0,,,,,,,,,,,,,,,,,,,
2020-01-20 17:00:00,1018.3,14.8,80,0.0,0.0,2.2,339.0,0.0,,,,,2020-01-20T16:16:00,,,,0,,,,,,,,,,,,,,,,,,,
2020-01-20 18:00:00,1019.2,14.3,83,0.0,0.0,1.3,344.0,0.0,,,,,2020-01-20T17:05:00,,,,0,,,,,,,,,,,,,,,,,,,
2020-01-20 19:00:00,1019.7,13.9,89,0.0,0.0,0.0,0.0,0.0,,,,,2020-01-20T18:05:00,,,,0,,,,,,,,,,,,,,,,,,,
2020-01-20 20:00:00,1020.2,13.5,92,0.0,0.0,1.3,342.0,0.0,,,,,2020-01-20T19:39:00,,,,0,,,,,,,,,,,,,,,,,,,
2020-01-20 21:00:00,1020.5,13.4,91,0.0,0.0,2.4,274.0,0.0,,,,,2020-01-20T20:24:00,,,,0,,,,,,,,,,,,,,,,,,,
2020-01-20 22:00:00,1020.5,13.0,94,0.0,0.0,1.3,251.0,0.0,,,,,2020-01-20T21:26:00,,,,0,,,,,,,,,,,,,,,,,,,
2020-01-20 23:00:00,1020.3,12.9,95,0.0,0.0,1.3,261.0,0.0,,,,,2020-01-20T22:53:00,,,,0,,,,,,,,,,,,,,,,,,,
2020-01-21 00:00:00,1020.1,12.9,95,0.0,0.0,0.8,293.0,0.0,,,,,2020-01-20T23:03:00,,,,0,,,,,,,,,,,,,,,,,,,
2020-01-21 01:00:00,1019.9,12.9,96,0.0,0.0,1.3,251.0,0.0,,,,,2020-01-21T00:51:00,,,,0,,,,,,,,,,,,,,,,,,,
2020-01-21 02:00:00,1019.4,12.8,96,0.1,0.0,1.3,260.0,0.0,,,,,2020-01-21T01:13:00,,,,0,,,,,,,,,,,,,,,,,,,
2020-01-21 03:00:00,1019.2,12.8,96,0.0,0.0,2.2,257.0,0.0,,,,,2020-01-21T02:07:00,,,,0,,,,,,,,,,,,,,,,,,,
2020-01-21 04:00:00,1018.9,12.8,96,0.2,0.0,1.6,257.0,0.0,,,,,2020-01-21T03:57:00,,,,0,,,,,,,,,,,,,,,,,,,
2020-01-21 05:00:00,1019.0,12.9,95,0.0,0.0,1.9,263.0,0.0,,,,,2020-01-21T04:01:00,,,,0,,,,,,,,,,,,,,,,,,,
2020-01-21 06:00:00,1019.6,13.0,95,0.0,0.0,1.3,331.0,0.0,,,,,2020-01-21T05:09:00,,,,0,,,,,,,,,,,,,,,,,,,
2020-01-21 07:00:00,1020.3,13.2,95,0.0,0.0,0.8,318.0,0.0,,,,,2020-01-21T06:44:00,,,,0,,,,,,,,,,,,,,,,,,,
2020-01-21 08:00:00,1020.7,13.5,95,0.0,0.0,0.8,320.0,0.0,,,,,2020-01-21T07:57:00,,,,0,,,,,,,,,,,,,,,,,,,
2020-01-21 09:00:00,1021.3,14.3,93,0.0,0.0,0.8,320.0,0.0,,,,,2020-01-21T08:56:00,,,,0,,,,,,,,,,,,,,,,,,,
2020-01-21 10:00:00,1021.7,15.6,90,0.0,0.0,0.8,275.0,0.0,,,,,2020-01-21T09:16:00,,,,0,,,,,,,,,,,,,,,,,,,
2020-01-21 11:00:00,1021.1,17.6,79,0.2,0.0,1.3,181.0,0.0,,,,,2020-01-21T10:58:00,,,,0,,,,,,,,,,,,,,,,,,,
2020-01-21 12:00:00,1020.0,18.7,73,0.1,0.0,2.2,190.0,0.0,,,,,2020-01-21T11:24:00,,,,0,,,,,,,,,,,,,,,,,,,
2020-01-21 13:00:00,1019.1,18.6,72,0.1,0.0,2.2,210.0,0.0,,,,,2020-01-21T12:07:00,,,,0,,,,,,,,,,,,,,,,,,,
2020-01-21 14:00:00,1018.3,19.2,72,0.0,0.0,1.9,186.0,0.0,,,,,2020-01-21T13:09:00,,,,0,,,,,,,,,,,,,,,,,,,
2020-01-21 15:00:00,1017.6,19.7,70,0.2,0.0,2.4,178.0,0.0,,,,,2020-01-21T14:28:00,,,,0,,,,,,,,,,,,,,,,,,,
2020-01-21 16:00:00,1017.5,19.2,72,0.4,133.0,3.0,168.0,0.0,,,,,2020-01-21T15:14:00,,,,0,,,,,,,,,,,,,,,,,,,
2020-01-21 17:00:00,1017.4,18.3,75,0.2,0.0,3.5,187.0,0.0,,,,,2020-01-21T16:14:00,,,,0,,,,,,,,,,,,,,,,,,,
2020-01-21 18:00:00,1017.7,16.5,85,0.0,0.0,2.2,50.0,0.0,,,,,2020-01-21T17:02:00,,,,0,,,,,,,,,,,,,,,,,,,
2020-01-21 19:00:00,1018.0,14.8,93,0.0,0.0,1.3,336.0,0.0,,,,,2020-01-21T18:52:00,,,,0,,,,,,,,,,,,,,,,,,,
2020-01-21 20:00:00,1018.3,14.0,96,0.4,334.0,1.9,321.0,0.0,,,,,2020-01-21T19:40:00,,,,0,,,,,,,,,,,,,,,,,,,
2020-01-21 21:00:00,1018.4,13.5,97,0.4,338.0,1.9,258.0,0.0,,,,,2020-01-21T20:30:00,,,,0,,,,,,,,,,,,,,,,,,,
2020-01-21 22:00:00,1018.1,13.4,97,0.0,0.0,2.7,343.0,0.0,,,,,2020-01-21T21:15:00,,,,0,,,,,,,,,,,,,,,,,,,
2020-01-21 23:00:00,1017.4,13.0,98,0.3,251.0,2.2,351.0,0.0,,,,,2020-01-21T22:49:00,,,,0,,,,,,,,,,,,,,,,,,,
2020-01-22 00:00:00,1016.4,13.1,98,0.9,342.0,3.3,324.0,0.0,,,,,2020-01-22T00:00:00,,,,0,,,,,,,,,,,,,,,,,,,
2020-01-22 01:00:00,1015.6,17.1,86,0.2,0.0,3.0,349.0,0.0,,,,,2020-01-22T00:01:00,,,,0,,,,,,,,,,,,,,,,,,,
2020-01-22 02:00:00,1014.8,18.3,79,1.3,353.0,4.9,328.0,0.0,,,,,2020-01-22T01:15:00,,,,0,,,,,,,,,,,,,,,,,,,
2020-01-22 03:00:00,1014.1,18.9,77,2.3,348.0,5.5,343.0,0.0,,,,,2020-01-22T02:18:00,,,,0,,,,,,,,,,,,,,,,,,,
2020-01-22 04:00:00,1014.7,18.0,83,0.0,0.0,6.6,351.0,0.0,,,,,2020-01-22T03:16:00,,,,0,,,,,,,,,,,,,,,,,,,
2020-01-22 05:00:00,1014.8,16.0,92,0.0,0.0,1.9,328.0,0.0,,,,,2020-01-22T04:10:00,,,,0,,,,,,,,,,,,,,,,,,,
2020-01-22 06:00:00,1015.2,15.0,96,0.0,0.0,1.3,347.0,0.0,,,,,2020-01-22T05:12:00,,,,0,,,,,,,,,,,,,,,,,,,
2020-01-22 07:00:00,1015.6,14.1,98,0.2,0.0,1.3,329.0,0.0,,,,,2020-01-22T06:41:00,,,,0,,,,,,,,,,,,,,,,,,,
2020-01-22 08:00:00,1015.9,14.5,98,0.0,0.0,1.3,12.0,0.0,,,,,2020-01-22T07:17:00,,,,0,,,,,,,,,,,,,,,,,,,
2020-01-22 09:00:00,1016.3,17.3,91,0.0,0.0,1.3,340.0,0.0,,,,,2020-01-22T08:14:00,,,,0,,,,,,,,,,,,,,,,,,,
2020-01-22 10:00:00,1016.5,22.5,72,0.2,0.0,2.4,196.0,0.0,,,,,2020-01-22T09:49:00,,,,0,,,,,,,,,,,,,,,,,,,
2020-01-22 11:00:00,1015.9,23.6,71,0.5,121.0,5.5,175.0,0.0,,,,,2020-01-22T10:34:00,,,,0,,,,,,,,,,,,,,,,,,,
2020-01-22 12:00:00,1015.0,24.1,67,0.7,155.0,6.0,154.0,0.0,,,,,2020-01-22T11:37:00,,,,0,,,,,,,,,,,,,,,,,,,
2020-01-22 13:00:00,1013.7,24.2,69,0.4,146.0,7.1,166.0,0.0,,,,,2020-01-22T12:42:00,,,,0,,,,,,,,,,,,,,,,,,,
2020-01-22 14:00:00,1012.8,23.8,74,0.6,156.0,6.0,164.0,0.0,,,,,2020-01-22T13:34:00,,,,0,,,,,,,,,,,,,,,,,,,
2020-01-22 15:00:00,1012.7,23.7,74,0.2,0.0,4.1,199.0,0.0,,,,,2020-01-22T14:37:00,,,,0,,,,,,,,,,,,,,,,,,,
2020-01-22 16:00:00,1012.9,23.3,76,0.4,197.0,6.0,133.0,0.0,,,,,2020-01-22T15:46:00,,,,0,,,,,,,,,,,,,,,,,,,
2020-01-22 17:00:00,1013.4,22.6,78,0.2,0.0,3.8,166.0,0.0,,,,,2020-01-22T16:49:00,,,,0,,,,,,,,,,,,,,,,,,,
2020-01-22 18:00:00,1013.4,21.6,84,0.0,0.0,2.4,162.0,0.0,,,,,2020-01-22T17:07:00,,,,0,,,,,,,,,,,,,,,,,,,
2020-01-22 19:00:00,1013.9,19.7,92,0.2,0.0,1.6,334.0,0.0,,,,,2020-01-22T18:41:00,,,,0,,,,,,,,,,,,,,,,,,,
2020-01-22 20:00:00,1014.6,19.1,94,0.0,0.0,2.2,288.0,0.0,,,,,2020-01-22T19:14:00,,,,0,,,,,,,,,,,,,,,,,,,
2020-01-22 21:00:00,1014.8,18.4,96,0.0,0.0,0.8,351.0,0.0,,,,,2020-01-22T20:20:00,,,,0,,,,,,,,,,,,,,,,,,,
2020-01-22 22:00:00,1014.6,17.8,97,0.0,0.0,1.6,312.0,0.0,,,,,2020-01-22T21:39:00,,,,0,,,,,,,,,,,,,,,,,,,
2020-01-22 23:00:00,1014.3,17.3,97,0.1,0.0,0.8,331.0,0.0,,,,,2020-01-22T22:50:00,,,,0,,,,,,,,,,,,,,,,,,,
2020-01-23 00:00:00,1014.1,16.7,98,0.5,351.0,1.9,330.0,0.0,,,,,2020-01-22T23:43:00,,,,0,,,,,,,,,,,,,,,,,,,
2020-01-23 01:00:00,1014.0,16.6,98,0.0,0.0,1.6,333.0,0.0,,,,,2020-01-23T00:09:00,,,,0,,,,,,,,,,,,,,,,,,,
2020-01-23 02:00:00,1013.3,16.2,98,0.0,0.0,0.0,0.0,0.0,,,,,2020-01-23T01:05:00,,,,0,,,,,,,,,,,,,,,,,,,
2020-01-23 03:00:00,1013.0,15.9,99,0.0,0.0,1.3,327.0,0.0,,,,,2020-01-23T02:45:00,,,,0,,,,,,,,,,,,,,,,,,,
2020-01-23 04:00:00,1012.8,15.5,99,0.0,0.0,0.0,0.0,0.0,,,,,2020-01-23T03:05:00,,,,0,,,,,,,,,,,,,,,,,,,
2020-01-23 05:00:00,1013.0,15.1,99,0.0,0.0,0.0,0.0,0.0,,,,,2020-01-23T04:05:00,,,,0,,,,,,,,,,,,,,,,,,,
2020-01-23 06:00:00,1013.4,14.8,99,0.0,0.0,1.9,13.0,0.0,,,,,2020-01-23T05:49:00,,,,0,,,,,,,,,,,,,,,,,,,
2020-01-23 07:00:00,1013.9,14.8,99,0.0,0.0,1.1,341.0,0.0,,,,,2020-01-23T06:30:00,,,,0,,,,,,,,,,,,,,,,,,,
2020-01-23 08:00:00,1014.2,16.0,99,0.0,0.0,0.0,0.0,0.0,,,,,2020-01-23T07:05:00,,,,0,,,,,,,,,,,,,,,,,,,
2020-01-23 09:00:00,1014.8,17.6,97,0.0,0.0,0.8,311.0,0.0,,,,,2020-01-23T08:53:00,,,,0,,,,,,,,,,,,,,,,,,,
2020-01-23 10:00:00,1015.2,20.1,89,0.3,327.0,1.6,324.0,0.0,,,,,2020-01-23T10:00:00,,,,0,,,,,,,,,,,,,,,,,,,
2020-01-23 11:00:00,1014.6,23.2,79,0.0,0.0,1.6,333.0,0.0,,,,,2020-01-23T10:03:00,,,,0,,,,,,,,,,,,,,,,,,,
2020-01-23 12:00:00,1013.7,25.7,68,0.1,0.0,1.9,182.0,0.0,,,,,2020-01-23T11:51:00,,,,0,,,,,,,,,,,,,,,,,,,
2020-01-23 13:00:00,1012.7,25.7,66,0.1,0.0,2.2,164.0,0.0,,,,,2020-01-23T12:11:00,,,,0,,,,,,,,,,,,,,,,,,,
2020-01-23 14:00:00,1012.3,25.0,72,0.0,0.0,2.2,171.0,0.0,,,,,2020-01-23T13:17:00,,,,0,,,,,,,,,,,,,,,,,,,
2020-01-23 15:00:00,1011.8,25.3,72,0.0,0.0,1.9,150.0,0.0,,,,,2020-01-23T14:06:00,,,,0,,,,,,,,,,,,,,,,,,,
2020-01-23 16:00:00,1011.9,24.4,76,0.0,0.0,2.7,159.0,0.0,,,,,2020-01-23T15:32:00,,,,0,,,,,,,,,,,,,,,,,,,
2020-01-23 17:00:00,1012.3,23.4,84,0.0,0.0,1.3,94.0,0.0,,,,,2020-01-23T16:08:00,,,,0,,,,,,,,,,,,,,,,,,,
2020-01-23 18:00:00,1012.8,21.7,90,0.0,0.0,0.0,0.0,0.0,,,,,2020-01-23T17:05:00,,,,0,,,,,,,,,,,,,,,,,,,
2020-01-23 19:00:00,1013.6,20.7,93,0.0,0.0,0.0,0.0,0.0,,,,,2020-01-23T18:05:00,,,,0,,,,,,,,,,,,,,,,,,,
2020-01-23 20:00:00,1014.0,20.1,93,0.0,0.0,0.0,0.0,0.0,,,,,2020-01-23T19:05:00,,,,0,,,,,,,,,,,,,,,,,,,
2020-01-23 21:00:00,1014.1,19.6,94,0.0,0.0,0.0,0.0,0.0,,,,,2020-01-23T20:05:00,,,,0,,,,,,,,,,,,,,,,,,,
2020-01-23 22:00:00,1014.2,18.9,96,0.0,0.0,0.0,0.0,0.0,,,,,2020-01-23T21:05:00,,,,0,,,,,,,,,,,,,,,,,,,
2020-01-23 23:00:00,1014.0,18.3,97,0.0,0.0,1.3,314.0,0.0,,,,,2020-01-23T22:28:00,,,,0,,,,,,,,,,,,,,,,,,,
2020-01-24 00:00:00,1014.1,17.8,97,0.1,0.0,1.9,325.0,0.0,,,,,2020-01-23T23:08:00,,,,0,,,,,,,,,,,,,,,,,,,
2020-01-24 01:00:00,1014.0,18.0,97,0.0,0.0,1.3,331.0,0.0,,,,,2020-01-24T00:11:00,,,,0,,,,,,,,,,,,,,,,,,,
2020-01-24 02:00:00,1013.7,18.2,97,0.0,0.0,1.6,324.0,0.0,,,,,2020-01-24T01:26:00,,,,0,,,,,,,,,,,,,,,,,,,
2020-01-24 03:00:00,1013.7,18.5,97,0.0,0.0,1.3,328.0,0.0,,,,,2020-01-24T02:03:00,,,,0,,,,,,,,,,,,,,,,,,,
2020-01-24 04:00:00,1013.5,18.5,97,0.0,0.0,0.0,0.0,0.0,,,,,2020-01-24T03:05:00,,,,0,,,,,,,,,,,,,,,,,,,
2020-01-24 05:00:00,1013.6,18.5,98,0.1,0.0,1.3,351.0,0.0,,,,,2020-01-24T04:37:00,,,,0,,,,,,,,,,,,,,,,,,,
2020-01-24 06:00:00,1014.5,18.9,97,0.0,0.0,0.8,348.0,0.0,,,,,2020-01-24T05:01:00,,,,0,,,,,,,,,,,,,,,,,,,
2020-01-24 07:00:00,1015.2,19.0,97,0.0,0.0,1.3,258.0,0.0,,,,,2020-01-24T06:25:00,,,,0,,,,,,,,,,,,,,,,,,,
2020-01-24 08:00:00,1015.7,19.0,97,0.2,0.0,1.3,347.0,0.0,,,,,2020-01-24T07:58:00,,,,0,,,,,,,,,,,,,,,,,,,
2020-01-24 09:00:00,1016.1,20.1,93,0.2,0.0,2.2,260.0,0.0,,,,,2020-01-24T08:37:00,,,,0,,,,,,,,,,,,,,,,,,,
2020-01-24 10:00:00,1016.2,21.1,91,0.0,0.0,1.9,255.0,0.0,,,,,2020-01-24T09:08:00,,,,0,,,,,,,,,,,,,,,,,,,
2020-01-24 11:00:00,1015.6,21.8,87,0.0,0.0,0.8,313.0,0.0,,,,,2020-01-24T10:54:00,,,,0,,,,,,,,,,,,,,,,,,,
2020-01-24 12:00:00,1014.6,22.8,87,0.0,0.0,1.3,232.0,0.0,,,,,2020-01-24T11:18:00,,,,0,,,,,,,,,,,,,,,,,,,
2020-01-24 13:00:00,1013.9,24.3,80,0.5,192.0,1.9,331.0,0.0,,,,,2020-01-24T12:17:00,,,,0,,,,,,,,,,,,,,,,,,,
2020-01-24 14:00:00,1013.4,23.5,83,0.0,0.0,2.7,168.0,0.0,,,,,2020-01-24T13:32:00,,,,0,,,,,,,,,,,,,,,,,,,
2020-01-24 15:00:00,1013.0,23.5,83,0.1,0.0,1.9,209.0,0.0,,,,,2020-01-24T14:05:00,,,,0,,,,,,,,,,,,,,,,,,,
2020-01-24 16:00:00,1013.3,22.0,88,0.0,0.0,1.3,126.0,0.0,,,,,2020-01-24T15:14:00,,,,0,,,,,,,,,,,,,,,,,,,
2020-01-24 17:00:00,1013.7,21.6,91,0.0,0.0,0.8,181.0,0.0,,,,,2020-01-24T16:21:00,,,,0,,,,,,,,,,,,,,,,,,,
2020-01-24 18:00:00,1014.3,21.0,94,0.0,0.0,0.8,93.0,0.0,,,,,2020-01-24T17:12:00,,,,0,,,,,,,,,,,,,,,,,,,
2020-01-24 19:00:00,1014.9,20.5,92,0.0,0.0,1.3,48.0,0.0,,,,,2020-01-24T18:39:00,,,,0,,,,,,,,,,,,,,,,,,,
2020-01-24 20:00:00,1015.3,19.6,98,0.0,0.0,2.4,209.0,18.5,,,,,2020-01-24T19:45:00,,,,0,,,,,,,,,,,,,,,,,,,
2020-01-24 21:00:00,1015.6,19.3,98,0.1,0.0,2.4,255.0,2.0,,,,,2020-01-24T20:52:00,,,,0,,,,,,,,,,,,,,,,,,,
2020-01-24 22:00:00,1015.7,19.2,99,1.0,315.0,3.0,322.0,8.5,,,,,2020-01-24T21:56:00,,,,0,,,,,,,,,,,,,,,,,,,
2020-01-24 23:00:00,1015.6,19.2,99,0.1,0.0,2.4,257.0,1.0,,,,,2020-01-24T22:20:00,,,,0,,,,,,,,,,,,,,,,,,,
2020-01-25 00:00:00,1015.3,19.4,99,0.0,0.0,1.3,305.0,2.5,,,,,2020-01-24T23:01:00,,,,0,,,,,,,,,,,,,,,,,,,
2020-01-25 01:00:00,1014.7,19.8,99,0.0,0.0,1.3,176.0,7.0,,,,,2020-01-25T00:45:00,,,,0,,,,,,,,,,,,,,,,,,,
2020-01-25 02:00:00,1013.8,19.8,99,0.0,0.0,0.8,177.0,1.5,,,,,2020-01-25T01:01:00,,,,0,,,,,,,,,,,,,,,,,,,
2020-01-25 03:00:00,1013.2,19.6,99,0.0,0.0,0.0,0.0,0.0,,,,,2020-01-25T02:05:00,,,,0,,,,,,,,,,,,,,,,,,,
2020-01-25 04:00:00,1012.5,19.6,99,0.0,0.0,0.0,0.0,3.0,,,,,2020-01-25T03:05:00,,,,0,,,,,,,,,,,,,,,,,,,
2020-01-25 05:00:00,1012.3,19.4,99,0.0,0.0,0.8,178.0,2.5,,,,,2020-01-25T04:08:00,,,,0,,,,,,,,,,,,,,,,,,,
2020-01-25 06:00:00,1012.4,19.4,99,0.0,0.0,0.8,15.0,2.5,,,,,2020-01-25T05:22:00,,,,0,,,,,,,,,,,,,,,,,,,
2020-01-25 07:00:00,1013.0,19.4,99,0.0,0.0,0.8,339.0,3.0,,,,,2020-01-25T06:52:00,,,,0,,,,,,,,,,,,,,,,,,,
2020-01-25 08:00:00,1013.4,19.8,99,0.0,0.0,0.0,0.0,0.0,,,,,2020-01-25T07:05:00,,,,0,,,,,,,,,,,,,,,,,,,
2020-01-25 09:00:00,1013.8,21.1,99,0.0,0.0,0.0,0.0,0.0,,,,,2020-01-25T08:05:00,,,,0,,,,,,,,,,,,,,,,,,,
2020-01-25 10:00:00,1014.0,21.9,96,0.0,0.0,0.8,352.0,0.0,,,,,2020-01-25T09:06:00,,,,0,,,,,,,,,,,,,,,,,,,
2020-01-25 11:00:00,1013.8,22.8,92,0.0,0.0,1.6,351.0,0.5,,,,,2020-01-25T10:44:00,,,,0,,,,,,,,,,,,,,,,,,,
2020-01-25 12:00:00,1012.7,25.7,79,0.0,0.0,1.1,84.0,0.0,,,,,2020-01-25T11:10:00,,,,0,,,,,,,,,,,,,,,,,,,
2020-01-25 13:00:00,1012.1,24.5,79,2.4,327.0,7.1,320.0,0.0,,,,,2020-01-25T12:56:00,,,,0,,,,,,,,,,,,,,,,,,,
2020-01-25 14:00:00,1011.7,21.5,87,0.2,0.0,7.1,330.0,0.0,,,,,2020-01-25T13:06:00,,,,0,,,,,,,,,,,,,,,,,,,
2020-01-25 15:00:00,1011.3,20.8,88,0.8,331.0,5.5,339.0,0.0,,,,,2020-01-25T14:33:00,,,,0,,,,,,,,,,,,,,,,,,,
2020-01-25 16:00:00,1011.8,20.1,87,0.1,0.0,5.5,327.0,0.0,,,,,2020-01-25T15:28:00,,,,0,,,,,,,,,,,,,,,,,,,
2020-01-25 17:00:00,1012.1,19.2,89,0.7,349.0,3.3,326.0,0.0,,,,,2020-01-25T16:07:00,,,,0,,,,,,,,,,,,,,,,,,,
2020-01-25 18:00:00,1012.3,18.5,92,0.4,267.0,3.5,344.0,0.0,,,,,2020-01-25T17:04:00,,,,0,,,,,,,,,,,,,,,,,,,
2020-01-25 19:00:00,1012.5,18.3,93,0.0,0.0,3.0,288.0,0.0,,,,,2020-01-25T18:29:00,,,,0,,,,,,,,,,,,,,,,,,,
2020-01-25 20:00:00,1012.7,18.2,94,0.0,0.0,2.4,245.0,0.0,,,,,2020-01-25T19:02:00,,,,0,,,,,,,,,,,,,,,,,,,
2020-01-25 21:00:00,1012.6,18.2,94,0.3,254.0,1.9,269.0,0.0,,,,,2020-01-25T20:21:00,,,,0,,,,,,,,,,,,,,,,,,,
2020-01-25 22:00:00,1012.3,18.2,95,1.4,253.0,3.5,241.0,0.0,,,,,2020-01-25T22:00:00,,,,0,,,,,,,,,,,,,,,,,,,
2020-01-25 23:00:00,1012.2,18.5,95,0.4,255.0,3.0,250.0,0.0,,,,,2020-01-25T22:07:00,,,,0,,,,,,,,,,,,,,,,,,,
2020-01-26 00:00:00,1011.4,18.6,95,0.6,244.0,4.1,332.0,0.0,,,,,2020-01-25T23:10:00,,,,0,,,,,,,,,,,,,,,,,,,
2020-01-26 01:00:00,1010.6,18.7,95,0.7,258.0,3.0,253.0,0.0,,,,,2020-01-26T00:36:00,,,,0,,,,,,,,,,,,,,,,,,,
2020-01-26 02:00:00,1009.6,18.8,95,1.1,252.0,3.5,269.0,0.0,,,,,2020-01-26T01:31:00,,,,0,,,,,,,,,,,,,,,,,,,
2020-01-26 03:00:00,1008.6,18.8,96,0.0,0.0,2.4,305.0,0.5,,,,,2020-01-26T02:03:00,,,,0,,,,,,,,,,,,,,,,,,,
2020-01-26 04:00:00,1007.2,18.4,98,0.0,0.0,2.4,234.0,0.5,,,,,2020-01-26T03:07:00,,,,0,,,,,,,,,,,,,,,,,,,
2020-01-26 05:00:00,1007.7,18.2,99,0.0,0.0,3.0,271.0,6.5,,,,,2020-01-26T04:32:00,,,,0,,,,,,,,,,,,,,,,,,,
2020-01-26 06:00:00,1008.0,17.8,98,0.4,287.0,3.5,247.0,2.5,,,,,2020-01-26T05:51:00,,,,0,,,,,,,,,,,,,,,,,,,
2020-01-26 07:00:00,1007.7,17.6,99,0.4,253.0,3.3,279.0,3.5,,,,,2020-01-26T06:12:00,,,,0,,,,,,,,,,,,,,,,,,,
2020-01-26 08:00:00,1008.5,17.5,99,1.3,259.0,4.9,249.0,3.0,,,,,2020-01-26T08:00:00,,,,0,,,,,,,,,,,,,,,,,,,
2020-01-26 09:00:00,1009.0,17.5,99,0.8,291.0,3.3,255.0,6.0,,,,,2020-01-26T08:01:00,,,,0,,,,,,,,,,,,,,,,,,,
2020-01-26 10:00:00,1009.4,17.5,98,0.2,0.0,3.0,324.0,3.5,,,,,2020-01-26T09:01:00,,,,0,,,,,,,,,,,,,,,,,,,
2020-01-26 11:00:00,1008.1,17.4,96,0.6,296.0,7.1,320.0,2.5,,,,,2020-01-26T10:40:00,,,,0,,,,,,,,,,,,,,,,,,,
2020-01-26 12:00:00,1007.4,17.5,98,0.4,292.0,5.5,239.0,2.0,,,,,2020-01-26T11:10:00,,,,0,,,,,,,,,,,,,,,,,,,
2020-01-26 13:00:00,1006.1,18.0,97,0.1,0.0,2.7,259.0,1.0,,,,,2020-01-26T12:13:00,,,,0,,,,,,,,,,,,,,,,,,,
2020-01-26 14:00:00,1004.9,17.9,97,0.4,282.0,3.0,268.0,0.0,,,,,2020-01-26T13:56:00,,,,0,,,,,,,,,,,,,,,,,,,
2020-01-26 15:00:00,1004.4,17.8,97,0.3,261.0,3.3,252.0,0.0,,,,,2020-01-26T14:43:00,,,,0,,,,,,,,,,,,,,,,,,,
2020-01-26 16:00:00,1004.7,17.8,97,0.9,330.0,2.7,235.0,1.0,,,,,2020-01-26T15:02:00,,,,0,,,,,,,,,,,,,,,,,,,
2020-01-26 17:00:00,1005.1,17.8,97,1.3,308.0,5.5,341.0,0.0,,,,,2020-01-26T16:59:00,,,,0,,,,,,,,,,,,,,,,,,,
2020-01-26 18:00:00,1005.5,17.3,96,0.6,293.0,6.0,335.0,0.0,,,,,2020-01-26T17:02:00,,,,0,,,,,,,,,,,,,,,,,,,
2020-01-26 19:00:00,1006.6,15.4,96,1.7,286.0,9.3,332.0,1.0,,,,,2020-01-26T18:59:00,,,,0,,,,,,,,,,,,,,,,,,,
2020-01-26 20:00:00,1007.2,15.0,96,0.7,317.0,9.3,252.0,0.5,,,,,2020-01-26T19:06:00,,,,0,,,,,,,,,,,,,,,,,,,
2020-01-26 21:00:00,1007.1,15.0,94,1.3,335.0,5.5,323.0,0.0,,,,,2020-01-26T20:50:00,,,,0,,,,,,,,,,,,,,,,,,,
2020-01-26 22:00:00,1006.1,14.8,96,0.6,264.0,3.3,319.0,0.0,,,,,2020-01-26T21:01:00,,,,0,,,,,,,,,,,,,,,,,,,
2020-01-26 23:00:00,1006.5,15.4,93,0.3,268.0,5.5,326.0,0.0,,,,,2020-01-26T22:39:00,,,,0,,,,,,,,,,,,,,,,,,,
2020-01-27 00:00:00,1007.6,15.5,93,3.7,327.0,9.3,321.0,0.0,,,,,2020-01-26T23:53:00,,,,0,,,,,,,,,,,,,,,,,,,
2020-01-27 01:00:00,1008.1,15.1,97,0.1,0.0,6.6,319.0,0.5,,,,,2020-01-27T00:01:00,,,,0,,,,,,,,,,,,,,,,,,,
2020-01-27 02:00:00,1007.9,14.6,95,1.3,312.0,6.0,316.0,0.0,,,,,2020-01-27T01:37:00,,,,0,,,,,,,,,,,,,,,,,,,
2020-01-27 03:00:00,1007.8,14.1,94,1.2,326.0,6.0,343.0,0.0,,,,,2020-01-27T03:00:00,,,,0,,,,,,,,,,,,,,,,,,,
2020-01-27 04:00:00,1007.8,13.5,95,1.8,328.0,9.3,335.0,0.5,,,,,2020-01-27T03:40:00,,,,0,,,,,,,,,,,,,,,,,,,
2020-01-27 05:00:00,1007.6,13.2,95,1.5,308.0,10.4,316.0,0.0,,,,,2020-01-27T04:33:00,,,,0,,,,,,,,,,,,,,,,,,,
2020-01-27 06:00:00,1008.3,13.4,95,0.4,297.0,8.8,339.0,0.0,,,,,2020-01-27T05:12:00,,,,0,,,,,,,,,,,,,,,,,,,
2020-01-27 07:00:00,1009.2,13.1,92,1.8,327.0,6.6,335.0,0.5,,,,,2020-01-27T06:27:00,,,,0,,,,,,,,,,,,,,,,,,,
2020-01-27 08:00:00,1010.1,12.8,96,0.6,319.0,3.3,329.0,0.0,,,,,2020-01-27T08:00:00,,,,0,,,,,,,,,,,,,,,,,,,
2020-01-27 09:00:00,1011.1,13.0,96,0.2,0.0,3.8,324.0,0.5,,,,,2020-01-27T08:07:00,,,,0,,,,,,,,,,,,,,,,,,,
2020-01-27 10:00:00,1011.4,13.2,95,0.9,310.0,4.9,324.0,0.5,,,,,2020-01-27T09:28:00,,,,0,,,,,,,,,,,,,,,,,,,
2020-01-27 11:00:00,1011.1,13.0,94,0.7,308.0,8.8,348.0,0.0,,,,,2020-01-27T10:21:00,,,,0,,,,,,,,,,,,,,,,,,,
2020-01-27 12:00:00,1010.7,13.1,89,0.7,320.0,3.5,327.0,0.0,,,,,2020-01-27T11:37:00,,,,0,,,,,,,,,,,,,,,,,,,
2020-01-27 13:00:00,1010.5,13.0,91,0.8,319.0,4.9,247.0,0.0,,,,,2020-01-27T12:58:00,,,,0,,,,,,,,,,,,,,,,,,,
2020-01-27 14:00:00,1009.8,12.8,90,0.6,302.0,3.3,349.0,0.0,,,,,2020-01-27T13:57:00,,,,0,,,,,,,,,,,,,,,,,,,
2020-01-27 15:00:00,1009.4,12.8,90,0.6,280.0,2.7,239.0,0.0,,,,,2020-01-27T14:04:00,,,,0,,,,,,,,,,,,,,,,,,,
2020-01-27 16:00:00,1009.9,13.0,89,0.5,255.0,2.7,231.0,0.0,,,,,2020-01-27T15:58:00,,,,0,,,,,,,,,,,,,,,,,,,
2020-01-27 17:00:00,1010.7,13.0,89,0.2,0.0,3.0,213.0,0.0,,,,,2020-01-27T16:05:00,,,,0,,,,,,,,,,,,,,,,,,,
2020-01-27 18:00:00,1011.2,13.0,90,0.3,319.0,3.5,322.0,0.0,,,,,2020-01-27T17:01:00,,,,0,,,,,,,,,,,,,,,,,,,
2020-01-27 19:00:00,1011.8,13.3,87,0.1,0.0,3.5,323.0,0.0,,,,,2020-01-27T18:40:00,,,,0,,,,,,,,,,,,,,,,,,,
2020-01-27 20:00:00,1011.6,13.0,92,0.3,330.0,1.9,264.0,0.0,,,,,2020-01-27T19:06:00,,,,0,,,,,,,,,,,,,,,,,,,
2020-01-27 21:00:00,1012.0,12.8,93,0.1,0.0,1.9,336.0,0.0,,,,,2020-01-27T20:10:00,,,,0,,,,,,,,,,,,,,,,,,,
2020-01-27 22:00:00,1012.2,12.9,95,0.1,0.0,2.2,242.0,0.0,,,,,2020-01-27T21:26:00,,,,0,,,,,,,,,,,,,,,,,,,
2020-01-27 23:00:00,1012.7,13.0,95,0.1,0.0,3.0,266.0,0.0,,,,,2020-01-27T22:30:00,,,,0,,,,,,,,,,,,,,,,,,,
2020-01-28 00:00:00,1012.8,12.8,97,0.1,0.0,2.2,257.0,0.0,,,,,2020-01-27T23:22:00,,,,0,,,,,,,,,,,,,,,,,,,
2020-01-28 01:00:00,1011.2,12.7,98,0.0,0.0,1.3,319.0,0.0,,,,,2020-01-28T00:01:00,,,,0,,,,,,,,,,,,,,,,,,,
2020-01-28 02:00:00,1012.0,12.8,97,0.3,260.0,2.7,264.0,0.0,,,,,2020-01-28T01:54:00,,,,0,,,,,,,,,,,,,,,,,,,
2020-01-28 03:00:00,1011.8,13.0,97,0.3,262.0,2.4,242.0,0.0,,,,,2020-01-28T02:03:00,,,,0,,,,,,,,,,,,,,,,,,,
2020-01-28 04:00:00,1011.8,12.5,98,0.0,0.0,3.0,265.0,0.5,,,,,2020-01-28T03:18:00,,,,0,,,,,,,,,,,,,,,,,,,
2020-01-28 05:00:00,1011.9,12.4,99,0.1,0.0,2.2,271.0,0.5,,,,,2020-01-28T04:33:00,,,,0,,,,,,,,,,,,,,,,,,,
2020-01-28 06:00:00,1012.7,12.1,99,0.1,0.0,2.2,238.0,0.0,,,,,2020-01-28T05:19:00,,,,0,,,,,,,,,,,,,,,,,,,
2020-01-28 07:00:00,1013.0,12.0,99,0.9,273.0,2.4,230.0,0.5,,,,,2020-01-28T06:47:00,,,,0,,,,,,,,,,,,,,,,,,,
2020-01-28 08:00:00,1012.8,12.1,98,0.0,0.0,2.7,249.0,0.0,,,,,2020-01-28T07:08:00,,,,0,,,,,,,,,,,,,,,,,,,
2020-01-28 09:00:00,1013.7,12.2,97,0.1,0.0,2.4,337.0,0.0,,,,,2020-01-28T08:43:00,,,,0,,,,,,,,,,,,,,,,,,,
2020-01-28 10:00:00,1014.0,12.3,96,0.3,257.0,2.4,241.0,0.0,,,,,2020-01-28T09:15:00,,,,0,,,,,,,,,,,,,,,,,,,
2020-01-28 11:00:00,1013.6,12.4,94,0.0,0.0,2.4,259.0,0.0,,,,,2020-01-28T10:36:00,,,,0,,,,,,,,,,,,,,,,,,,
2020-01-28 12:00:00,1013.4,12.7,92,0.4,263.0,3.0,250.0,0.0,,,,,2020-01-28T11:12:00,,,,0,,,,,,,,,,,,,,,,,,,
2020-01-28 13:00:00,1012.9,12.3,94,0.1,0.0,3.5,247.0,0.0,,,,,2020-01-28T12:40:00,,,,0,,,,,,,,,,,,,,,,,,,
2020-01-28 14:00:00,1012.4,12.3,94,0.5,263.0,3.3,316.0,0.0,,,,,2020-01-28T13:36:00,,,,0,,,,,,,,,,,,,,,,,,,
2020-01-28 15:00:00,1012.6,12.1,95,0.2,0.0,3.5,334.0,0.0,,,,,2020-01-28T14:09:00,,,,0,,,,,,,,,,,,,,,,,,,
2020-01-28 16:00:00,1012.3,12.0,96,0.4,241.0,3.0,253.0,0.0,,,,,2020-01-28T15:28:00,,,,0,,,,,,,,,,,,,,,,,,,
2020-01-28 17:00:00,1012.9,11.8,97,0.0,0.0,2.7,260.0,0.5,,,,,2020-01-28T16:40:00,,,,0,,,,,,,,,,,,,,,,,,,
2020-01-28 18:00:00,1013.6,11.8,98,0.0,0.0,1.9,246.0,0.0,,,,,2020-01-28T17:43:00,,,,0,,,,,,,,,,,,,,,,,,,
2020-01-28 19:00:00,1013.8,11.6,99,0.0,0.0,1.9,261.0,0.0,,,,,2020-01-28T18:06:00,,,,0,,,,,,,,,,,,,,,,,,,
2020-01-28 20:00:00,-9999.5,-99.5,-9995,-99.5,-999.5,1.9,267.0,0.5,,,,,2020-01-28T19:09:00,,,,0,,,,,,,,,,,,,,,,,,,
2020-01-28 21:00:00,1015.6,11.4,96,0.3,332.0,5.5,316.0,0.0,,,,,2020-01-28T20:21:00,,,,0,,,,,,,,,,,,,,,,,,,
2020-01-28 22:00:00,1016.2,10.7,93,0.4,248.0,4.9,315.0,0.0,,,,,2020-01-28T21:03:00,,,,0,,,,,,,,,,,,,,,,,,,
2020-01-28 23:00:00,1016.0,10.5,96,0.3,241.0,2.4,322.0,0.0,,,,,2020-01-28T22:16:00,,,,0,,,,,,,,,,,,,,,,,,,
2020-01-29 00:00:00,1015.5,10.7,96,0.0,0.0,1.9,336.0,0.0,,,,,2020-01-28T23:28:00,,,,0,,,,,,,,,,,,,,,,,,,
2020-01-29 01:00:00,1015.2,10.7,97,0.1,0.0,2.2,269.0,0.0,,,,,2020-01-29T00:14:00,,,,0,,,,,,,,,,,,,,,,,,,
2020-01-29 02:00:00,1015.0,11.7,87,0.1,0.0,3.5,339.0,0.0,,,,,2020-01-29T01:29:00,,,,0,,,,,,,,,,,,,,,,,,,
2020-01-29 03:00:00,1014.6,11.4,90,0.5,288.0,2.7,256.0,0.0,,,,,2020-01-29T03:00:00,,,,0,,,,,,,,,,,,,,,,,,,
2020-01-29 04:00:00,1014.5,11.6,89,0.4,324.0,1.9,221.0,0.0,,,,,2020-01-29T03:01:00,,,,0,,,,,,,,,,,,,,,,,,,
2020-01-29 05:00:00,1014.7,11.4,91,0.0,0.0,2.4,341.0,0.0,,,,,2020-01-29T04:01:00,,,,0,,,,,,,,,,,,,,,,,,,
2020-01-29 06:00:00,1015.1,11.4,90,0.0,0.0,2.4,328.0,0.0,,,,,2020-01-29T05:02:00,,,,0,,,,,,,,,,,,,,,,,,,
2020-01-29 07:00:00,1015.9,11.2,87,0.4,337.0,3.0,17.0,0.0,,,,,2020-01-29T06:45:00,,,,0,,,,,,,,,,,,,,,,,,,
2020-01-29 08:00:00,1016.0,11.0,88,0.3,322.0,3.3,324.0,0.0,,,,,2020-01-29T07:34:00,,,,0,,,,,,,,,,,,,,,,,,,
2020-01-29 09:00:00,1016.6,11.0,85,0.6,348.0,3.0,28.0,0.0,,,,,2020-01-29T08:29:00,,,,0,,,,,,,,,,,,,,,,,,,
2020-01-29 10:00:00,1016.5,11.0,86,0.0,0.0,3.0,241.0,0.0,,,,,2020-01-29T09:03:00,,,,0,,,,,,,,,,,,,,,,,,,
2020-01-29 11:00:00,1016.3,11.0,85,0.1,0.0,3.5,307.0,0.0,,,,,2020-01-29T10:24:00,,,,0,,,,,,,,,,,,,,,,,,,
2020-01-29 12:00:00,-9999.5,10.9,86,0.7,290.0,4.1,323.0,0.0,,,,,2020-01-29T11:25:00,,,,0,,,,,,,,,,,,,,,,,,,
2020-01-29 13:00:00,1014.9,11.1,83,0.1,0.0,3.5,220.0,0.0,,,,,2020-01-29T12:37:00,,,,0,,,,,,,,,,,,,,,,,,,
2020-01-29 14:00:00,1014.2,11.4,81,0.9,332.0,2.7,326.0,0.0,,,,,2020-01-29T13:59:00,,,,0,,,,,,,,,,,,,,,,,,,
2020-01-29 15:00:00,1014.1,11.6,79,0.2,0.0,3.5,326.0,0.0,,,,,2020-01-29T14:52:00,,,,0,,,,,,,,,,,,,,,,,,,
2020-01-29 16:00:00,1014.2,11.6,77,1.0,343.0,4.9,319.0,0.0,,,,,2020-01-29T15:18:00,,,,0,,,,,,,,,,,,,,,,,,,
2020-01-29 17:00:00,1014.8,11.4,78,0.2,0.0,5.5,317.0,0.0,,,,,2020-01-29T16:40:00,,,,0,,,,,,,,,,,,,,,,,,,
2020-01-29 18:00:00,1015.1,11.3,79,0.3,324.0,3.0,346.0,0.0,,,,,2020-01-29T17:03:00,,,,0,,,,,,,,,,,,,,,,,,,
2020-01-29 19:00:00,1015.6,11.4,75,1.0,352.0,4.9,345.0,0.0,,,,,2020-01-29T18:21:00,,,,0,,,,,,,,,,,,,,,,,,,
2020-01-29 20:00:00,1016.0,11.3,73,1.0,332.0,3.3,349.0,0.0,,,,,2020-01-29T19:57:00,,,,0,,,,,,,,,,,,,,,,,,,
2020-01-29 21:00:00,1016.5,10.8,72,0.0,0.0,2.4,339.0,0.0,,,,,2020-01-29T20:03:00,,,,0,,,,,,,,,,,,,,,,,,,
2020-01-29 22:00:00,1016.6,9.3,81,0.0,0.0,2.4,318.0,0.0,,,,,2020-01-29T21:09:00,,,,0,,,,,,,,,,,,,,,,,,,
2020-01-29 23:00:00,1016.4,8.4,90,0.3,331.0,2.2,282.0,0.0,,,,,2020-01-29T22:58:00,,,,0,,,,,,,,,,,,,,,,,,,
2020-01-30 00:00:00,1016.2,8.2,93,0.1,0.0,2.2,322.0,0.0,,,,,2020-01-29T23:05:00,,,,0,,,,,,,,,,,,,,,,,,,
2020-01-30 01:00:00,1016.0,8.2,94,0.1,0.0,1.9,346.0,0.0,,,,,2020-01-30T00:02:00,,,,0,,,,,,,,,,,,,,,,,,,
2020-01-30 02:00:00,1015.5,8.5,90,0.5,336.0,2.4,7.0,0.0,,,,,2020-01-30T01:44:00,,,,0,,,,,,,,,,,,,,,,,,,
2020-01-30 03:00:00,1015.2,10.2,71,0.9,331.0,3.3,323.0,0.0,,,,,2020-01-30T02:37:00,,,,0,,,,,,,,,,,,,,,,,,,
2020-01-30 04:00:00,1014.9,10.9,62,1.8,332.0,5.5,16.0,0.0,,,,,2020-01-30T03:47:00,,,,0,,,,,,,,,,,,,,,,,,,
2020-01-30 05:00:00,1015.2,10.5,68,0.9,343.0,6.0,324.0,0.0,,,,,2020-01-30T04:13:00,,,,0,,,,,,,,,,,,,,,,,,,
2020-01-30 06:00:00,1015.5,10.3,64,0.5,325.0,5.5,355.0,0.0,,,,,2020-01-30T05:21:00,,,,0,,,,,,,,,,,,,,,,,,,
2020-01-30 07:00:00,1016.1,7.9,85,0.1,0.0,3.0,325.0,0.0,,,,,2020-01-30T06:14:00,,,,0,,,,,,,,,,,,,,,,,,,
2020-01-30 08:00:00,1016.8,9.5,75,0.3,325.0,3.5,327.0,0.0,,,,,2020-01-30T07:40:00,,,,0,,,,,,,,,,,,,,,,,,,
2020-01-30 09:00:00,1017.4,11.2,61,0.5,314.0,4.1,335.0,0.0,,,,,2020-01-30T08:19:00,,,,0,,,,,,,,,,,,,,,,,,,
2020-01-30 10:00:00,1017.4,12.1,54,1.3,316.0,5.5,316.0,0.0,,,,,2020-01-30T09:03:00,,,,0,,,,,,,,,,,,,,,,,,,
2020-01-30 11:00:00,1016.9,12.6,50,1.9,347.0,6.6,341.0,0.0,,,,,2020-01-30T10:33:00,,,,0,,,,,,,,,,,,,,,,,,,
2020-01-30 12:00:00,1016.2,12.8,47,3.5,336.0,7.1,325.0,0.0,,,,,2020-01-30T11:51:00,,,,0,,,,,,,,,,,,,,,,,,,
2020-01-30 13:00:00,1015.1,13.9,48,2.0,340.0,6.6,345.0,0.0,,,,,2020-01-30T12:02:00,,,,0,,,,,,,,,,,,,,,,,,,
2020-01-30 14:00:00,1014.6,13.8,48,1.6,334.0,9.9,328.0,0.0,,,,,2020-01-30T13:44:00,,,,0,,,,,,,,,,,,,,,,,,,
2020-01-30 15:00:00,-9999.5,-99.5,-9995,-99.5,-999.5,7.7,353.0,0.0,,,,,2020-01-30T14:57:00,,,,0,,,,,,,,,,,,,,,,,,,
2020-01-30 16:00:00,1014.9,12.6,51,1.8,323.0,8.2,315.0,0.0,,,,,2020-01-30T15:10:00,,,,0,,,,,,,,,,,,,,,,,,,
2020-01-30 17:00:00,1015.6,11.4,54,0.9,262.0,7.7,13.0,0.0,,,,,2020-01-30T16:04:00,,,,0,,,,,,,,,,,,,,,,,,,
2020-01-30 18:00:00,1016.2,10.3,60,0.7,306.0,6.0,257.0,0.0,,,,,2020-01-30T17:12:00,,,,0,,,,,,,,,,,,,,,,,,,
2020-01-30 19:00:00,1017.0,9.5,65,0.2,0.0,4.9,324.0,0.0,,,,,2020-01-30T18:05:00,,,,0,,,,,,,,,,,,,,,,,,,
2020-01-30 20:00:00,1017.5,7.3,81,0.5,286.0,2.7,286.0,0.0,,,,,2020-01-30T19:43:00,,,,0,,,,,,,,,,,,,,,,,,,
2020-01-30 21:00:00,1018.0,6.5,87,0.2,0.0,3.3,247.0,0.0,,,,,2020-01-30T20:07:00,,,,0,,,,,,,,,,,,,,,,,,,
2020-01-30 22:00:00,1018.4,5.7,91,0.0,0.0,2.4,276.0,0.0,,,,,2020-01-30T21:06:00,,,,0,,,,,,,,,,,,,,,,,,,
2020-01-30 23:00:00,1018.3,5.4,94,0.1,0.0,1.9,342.0,0.0,,,,,2020-01-30T22:42:00,,,,0,,,,,,,,,,,,,,,,,,,
2020-01-31 00:00:00,1018.0,5.4,94,0.1,0.0,1.6,326.0,0.0,,,,,2020-01-30T23:25:00,,,,0,,,,,,,,,,,,,,,,,,,
2020-01-31 01:00:00,1017.8,5.5,95,0.4,349.0,1.9,332.0,0.0,,,,,2020-01-31T00:56:00,,,,0,,,,,,,,,,,,,,,,,,,
2020-01-31 02:00:00,1017.3,5.9,95,0.3,345.0,2.4,322.0,0.0,,,,,2020-01-31T01:55:00,,,,0,,,,,,,,,,,,,,,,,,,
2020-01-31 03:00:00,1017.0,6.1,95,0.5,337.0,2.4,14.0,0.0,,,,,2020-01-31T02:53:00,,,,0,,,,,,,,,,,,,,,,,,,
2020-01-31 04:00:00,1016.9,5.9,95,0.5,320.0,2.4,331.0,0.0,,,,,2020-01-31T03:34:00,,,,0,,,,,,,,,,,,,,,,,,,
2020-01-31 05:00:00,1017.0,6.2,93,0.6,338.0,2.4,354.0,0.0,,,,,2020-01-31T04:14:00,,,,0,,,,,,,,,,,,,,,,,,,
2020-01-31 06:00:00,1017.8,6.4,92,0.7,311.0,3.5,319.0,0.0,,,,,2020-01-31T05:25:00,,,,0,,,,,,,,,,,,,,,,,,,
2020-01-31 07:00:00,1018.2,6.2,94,0.0,0.0,2.4,333.0,0.0,,,,,2020-01-31T06:01:00,,,,0,,,,,,,,,,,,,,,,,,,
2020-01-31 08:00:00,1018.8,7.2,92,0.4,295.0,2.4,329.0,0.0,,,,,2020-01-31T07:05:00,,,,0,,,,,,,,,,,,,,,,,,,
2020-01-31 09:00:00,-9999.5,-99.5,-9995,-99.5,-999.5,1.9,311.0,0.0,,,,,2020-01-31T08:03:00,,,,0,,,,,,,,,,,,,,,,,,,
2020-01-31 10:00:00,1019.5,13.2,63,0.4,345.0,3.3,354.0,0.0,,,,,2020-01-31T09:33:00,,,,0,,,,,,,,,,,,,,,,,,,
2020-01-31 11:00:00,1019.6,13.2,62,0.1,0.0,2.4,331.0,0.0,,,,,2020-01-31T10:15:00,,,,0,,,,,,,,,,,,,,,,,,,
2020-01-31 12:00:00,1019.0,13.9,58,0.7,331.0,3.0,353.0,0.0,,,,,2020-01-31T11:32:00,,,,0,,,,,,,,,,,,,,,,,,,
2020-01-31 13:00:00,1018.1,14.1,57,0.4,341.0,3.5,351.0,0.0,,,,,2020-01-31T12:02:00,,,,0,,,,,,,,,,,,,,,,,,,
2020-01-31 14:00:00,1017.7,14.3,57,0.1,0.0,2.4,328.0,0.0,,,,,2020-01-31T13:09:00,,,,0,,,,,,,,,,,,,,,,,,,
2020-01-31 15:00:00,1017.6,14.1,54,1.2,337.0,3.5,331.0,0.0,,,,,2020-01-31T14:46:00,,,,0,,,,,,,,,,,,,,,,,,,
2020-01-31 16:00:00,1017.5,13.3,63,0.0,0.0,3.0,341.0,0.0,,,,,2020-01-31T15:08:00,,,,0,,,,,,,,,,,,,,,,,,,
2020-01-31 17:00:00,1017.8,12.0,65,0.0,0.0,1.9,230.0,0.0,,,,,2020-01-31T16:10:00,,,,0,,,,,,,,,,,,,,,,,,,
2020-01-31 18:00:00,1018.2,9.4,83,0.0,0.0,1.3,272.0,0.0,,,,,2020-01-31T17:02:00,,,,0,,,,,,,,,,,,,,,,,,,
2020-01-31 19:00:00,1019.0,7.7,93,0.0,0.0,1.3,265.0,0.0,,,,,2020-01-31T18:46:00,,,,0,,,,,,,,,,,,,,,,,,,
2020-01-31 20:00:00,1019.4,6.8,95,0.0,0.0,1.3,318.0,0.0,,,,,2020-01-31T19:07:00,,,,0,,,,,,,,,,,,,,,,,,,
2020-01-31 21:00:00,1019.9,6.2,97,0.0,0.0,1.1,14.0,0.0,,,,,2020-01-31T20:27:00,,,,0,,,,,,,,,,,,,,,,,,,
2020-01-31 22:00:00,1020.3,5.8,97,0.0,0.0,0.8,355.0,0.0,,,,,2020-01-31T21:01:00,,,,0,,,,,,,,,,,,,,,,,,,
2020-01-31 23:00:00,1020.5,5.2,98,0.0,0.0,0.0,0.0,0.0,,,,,2020-01-31T22:05:00,,,,0,,,,,,,,,,,,,,,,,,,
2020-02-01 00:00:00,1020.1,4.8,99,0.0,0.0,0.0,0.0,0.0,,,,,2020-01-31T23:05:00,,,,0,,,,,,,,,,,,,,,,,,,
2020-02-01 01:00:00,1019.9,4.6,99,0.0,0.0,0.0,0.0,0.0,,,,,2020-02-01T00:05:00,,,,0,,,,,,,,,,,,,,,,,,,
2020-02-01 02:00:00,1019.5,4.2,100,0.0,0.0,0.8,8.0,0.0,,,,,2020-02-01T01:02:00,,,,0,,,,,,,,,,,,,,,,,,,
2020-02-01 03:00:00,1019.3,4.3,100,0.0,0.0,0.0,0.0,0.0,,,,,2020-02-01T02:05:00,,,,0,,,,,,,,,,,,,,,,,,,
2020-02-01 04:00:00,1019.2,4.1,100,0.0,0.0,0.0,0.0,0.0,,,,,2020-02-01T03:05:00,,,,0,,,,,,,,,,,,,,,,,,,
2020-02-01 05:00:00,1019.4,4.1,100,0.0,0.0,0.0,0.0,0.0,,,,,2020-02-01T04:05:00,,,,0,,,,,,,,,,,,,,,,,,,
2020-02-01 06:00:00,1019.9,3.7,100,0.0,0.0,0.0,0.0,0.0,,,,,2020-02-01T05:05:00,,,,0,,,,,,,,,,,,,,,,,,,
2020-02-01 07:00:00,1020.6,3.7,100,0.0,0.0,0.0,0.0,0.0,,,,,2020-02-01T06:05:00,,,,0,,,,,,,,,,,,,,,,,,,
2020-02-01 08:00:00,1020.9,5.1,100,0.0,0.0,0.0,0.0,0.0,,,,,2020-02-01T07:05:00,,,,0,,,,,,,,,,,,,,,,,,,
2020-02-01 09:00:00,1020.9,8.2,97,0.0,0.0,0.0,0.0,0.0,,,,,2020-02-01T08:05:00,,,,0,,,,,,,,,,,,,,,,,,,
2020-02-01 10:00:00,1020.8,12.4,83,0.0,0.0,0.8,190.0,0.0,,,,,2020-02-01T09:08:00,,,,0,,,,,,,,,,,,,,,,,,,
2020-02-01 11:00:00,1020.3,15.6,62,0.0,0.0,2.7,307.0,0.0,,,,,2020-02-01T10:38:00,,,,0,,,,,,,,,,,,,,,,,,,
2020-02-01 12:00:00,1019.5,15.4,63,0.1,0.0,3.3,141.0,0.0,,,,,2020-02-01T11:22:00,,,,0,,,,,,,,,,,,,,,,,,,
2020-02-01 13:00:00,1018.6,16.0,60,0.0,0.0,2.4,334.0,0.0,,,,,2020-02-01T12:29:00,,,,0,,,,,,,,,,,,,,,,,,,
2020-02-01 14:00:00,1018.1,16.0,61,0.2,0.0,3.0,173.0,0.0,,,,,2020-02-01T13:36:00,,,,0,,,,,,,,,,,,,,,,,,,
2020-02-01 15:00:00,1017.9,15.2,65,0.1,0.0,2.2,176.0,0.0,,,,,2020-02-01T14:32:00,,,,0,,,,,,,,,,,,,,,,,,,
2020-02-01 16:00:00,1018.0,15.0,65,0.0,0.0,2.7,331.0,0.0,,,,,2020-02-01T15:39:00,,,,0,,,,,,,,,,,,,,,,,,,
2020-02-01 17:00:00,1018.3,14.3,69,0.0,0.0,2.4,112.0,0.0,,,,,2020-02-01T16:30:00,,,,0,,,,,,,,,,,,,,,,,,,
2020-02-01 18:00:00,1018.7,13.0,82,0.0,0.0,0.8,222.0,0.0,,,,,2020-02-01T17:03:00,,,,0,,,,,,,,,,,,,,,,,,,
2020-02-01 19:00:00,1019.1,11.8,89,0.0,0.0,2.2,262.0,0.0,,,,,2020-02-01T18:37:00,,,,0,,,,,,,,,,,,,,,,,,,
2020-02-01 20:00:00,1019.7,11.5,90,0.0,0.0,1.6,269.0,0.0,,,,,2020-02-01T19:06:00,,,,0,,,,,,,,,,,,,,,,,,,
2020-02-01 21:00:00,1019.8,10.9,93,0.0,0.0,1.6,347.0,0.0,,,,,2020-02-01T20:23:00,,,,0,,,,,,,,,,,,,,,,,,,
2020-02-01 22:00:00,1019.6,10.0,96,0.0,0.0,1.3,322.0,0.0,,,,,2020-02-01T21:42:00,,,,0,,,,,,,,,,,,,,,,,,,
2020-02-01 23:00:00,1019.5,9.8,97,0.0,0.0,0.0,0.0,0.0,,,,,2020-02-01T22:05:00,,,,0,,,,,,,,,,,,,,,,,,,
2020-02-02 00:00:00,1019.5,9.6,96,0.0,0.0,0.0,0.0,0.0,,,,,2020-02-01T23:05:00,,,,0,,,,,,,,,,,,,,,,,,,
2020-02-02 01:00:00,1019.4,9.1,97,0.0,0.0,0.0,0.0,0.0,,,,,2020-02-02T00:05:00,,,,0,,,,,,,,,,,,,,,,,,,
2020-02-02 02:00:00,1019.2,8.2,98,0.0,0.0,0.0,0.0,0.0,,,,,2020-02-02T01:05:00,,,,0,,,,,,,,,,,,,,,,,,,
2020-02-02 03:00:00,1019.2,7.6,99,0.0,0.0,0.0,0.0,0.0,,,,,2020-02-02T02:05:00,,,,0,,,,,,,,,,,,,,,,,,,
2020-02-02 04:00:00,1018.9,7.1,100,0.0,0.0,0.0,0.0,0.0,,,,,2020-02-02T03:05:00,,,,0,,,,,,,,,,,,,,,,,,,
2020-02-02 05:00:00,1019.0,7.6,100,0.3,337.0,1.3,337.0,0.0,,,,,2020-02-02T04:57:00,,,,0,,,,,,,,,,,,,,,,,,,
2020-02-02 06:00:00,1019.3,7.8,99,0.0,0.0,0.8,350.0,0.0,,,,,2020-02-02T05:50:00,,,,0,,,,,,,,,,,,,,,,,,,
2020-02-02 07:00:00,1019.6,7.7,99,0.0,0.0,0.8,337.0,0.0,,,,,2020-02-02T06:39:00,,,,0,,,,,,,,,,,,,,,,,,,
2020-02-02 08:00:00,1018.9,8.2,100,0.2,0.0,1.3,355.0,0.0,,,,,2020-02-02T08:00:00,,,,0,,,,,,,,,,,,,,,,,,,
2020-02-02 09:00:00,1019.8,10.7,98,0.0,0.0,1.3,347.0,0.0,,,,,2020-02-02T08:01:00,,,,0,,,,,,,,,,,,,,,,,,,
2020-02-02 10:00:00,1019.6,14.8,85,0.0,0.0,1.3,324.0,0.0,,,,,2020-02-02T09:34:00,,,,0,,,,,,,,,,,,,,,,,,,
2020-02-02 11:00:00,1019.2,18.4,67,0.0,0.0,3.3,172.0,0.0,,,,,2020-02-02T10:17:00,,,,0,,,,,,,,,,,,,,,,,,,
2020-02-02 12:00:00,1018.4,19.2,64,0.0,0.0,2.7,174.0,0.0,,,,,2020-02-02T11:21:00,,,,0,,,,,,,,,,,,,,,,,,,
2020-02-02 13:00:00,1017.4,18.7,67,0.2,0.0,1.9,235.0,0.0,,,,,2020-02-02T12:42:00,,,,0,,,,,,,,,,,,,,,,,,,
2020-02-02 14:00:00,1016.3,19.0,65,0.0,0.0,2.2,206.0,0.0,,,,,2020-02-02T13:37:00,,,,0,,,,,,,,,,,,,,,,,,,
2020-02-02 15:00:00,1016.2,18.0,71,0.0,0.0,1.3,91.0,0.0,,,,,2020-02-02T14:04:00,,,,0,,,,,,,,,,,,,,,,,,,
2020-02-02 16:00:00,1016.5,17.8,74,0.0,0.0,0.8,164.0,0.0,,,,,2020-02-02T15:19:00,,,,0,,,,,,,,,,,,,,,,,,,
2020-02-02 17:00:00,1016.6,17.8,78,0.0,0.0,0.0,0.0,0.0,,,,,2020-02-02T16:05:00,,,,0,,,,,,,,,,,,,,,,,,,
2020-02-02 18:00:00,1016.8,15.8,88,0.0,0.0,0.0,0.0,0.0,,,,,2020-02-02T17:05:00,,,,0,,,,,,,,,,,,,,,,,,,
2020-02-02 19:00:00,1017.0,14.5,93,0.0,0.0,0.0,0.0,0.0,,,,,2020-02-02T18:05:00,,,,0,,,,,,,,,,,,,,,,,,,
2020-02-02 20:00:00,1017.5,13.7,95,0.0,0.0,0.0,0.0,0.0,,,,,2020-02-02T19:05:00,,,,0,,,,,,,,,,,,,,,,,,,
2020-02-02 21:00:00,1017.5,13.2,96,0.0,0.0,0.0,0.0,0.0,,,,,2020-02-02T20:05:00,,,,0,,,,,,,,,,,,,,,,,,,
2020-02-02 22:00:00,1017.5,12.9,97,0.0,0.0,0.0,0.0,0.0,,,,,2020-02-02T21:05:00,,,,0,,,,,,,,,,,,,,,,,,,
2020-02-02 23:00:00,1017.3,12.6,98,0.0,0.0,0.0,0.0,0.0,,,,,2020-02-02T22:05:00,,,,0,,,,,,,,,,,,,,,,,,,
2020-02-03 00:00:00,1017.4,12.5,98,0.0,0.0,0.0,0.0,0.0,,,,,2020-02-02T23:05:00,,,,0,,,,,,,,,,,,,,,,,,,
2020-02-03 01:00:00,1017.1,12.6,98,0.0,0.0,0.8,345.0,0.0,,,,,2020-02-03T00:59:00,,,,0,,,,,,,,,,,,,,,,,,,
2020-02-03 02:00:00,1016.6,12.3,98,0.0,0.0,0.8,13.0,0.0,,,,,2020-02-03T01:05:00,,,,0,,,,,,,,,,,,,,,,,,,
2020-02-03 03:00:00,1016.3,11.4,99,0.0,0.0,0.0,0.0,0.0,,,,,2020-02-03T02:05:00,,,,0,,,,,,,,,,,,,,,,,,,
2020-02-03 04:00:00,1016.2,11.4,99,0.0,0.0,0.0,0.0,0.0,,,,,2020-02-03T03:05:00,,,,0,,,,,,,,,,,,,,,,,,,
2020-02-03 05:00:00,1016.4,10.7,99,0.0,0.0,0.0,0.0,0.0,,,,,2020-02-03T04:05:00,,,,0,,,,,,,,,,,,,,,,,,,
2020-02-03 06:00:00,1017.1,10.4,100,0.0,0.0,0.0,0.0,0.0,,,,,2020-02-03T05:05:00,,,,0,,,,,,,,,,,,,,,,,,,
2020-02-03 07:00:00,1016.9,10.9,100,0.0,0.0,1.6,23.0,0.0,,,,,2020-02-03T06:46:00,,,,0,,,,,,,,,,,,,,,,,,,
2020-02-03 08:00:00,1017.3,12.3,99,0.0,0.0,0.0,0.0,0.0,,,,,2020-02-03T07:05:00,,,,0,,,,,,,,,,,,,,,,,,,
2020-02-03 09:00:00,1017.2,14.7,95,0.0,0.0,0.0,0.0,0.0,,,,,2020-02-03T08:05:00,,,,0,,,,,,,,,,,,,,,,,,,
2020-02-03 10:00:00,1017.4,19.0,81,0.0,0.0,1.9,187.0,0.0,,,,,2020-02-03T09:59:00,,,,0,,,,,,,,,,,,,,,,,,,
2020-02-03 11:00:00,1017.0,19.5,76,0.2,0.0,2.7,185.0,0.0,,,,,2020-02-03T10:06:00,,,,0,,,,,,,,,,,,,,,,,,,
2020-02-03 12:00:00,1016.4,20.2,74,0.0,0.0,1.9,177.0,0.0,,,,,2020-02-03T11:10:00,,,,0,,,,,,,,,,,,,,,,,,,
2020-02-03 13:00:00,1015.6,21.2,70,0.4,347.0,2.7,175.0,0.0,,,,,2020-02-03T12:08:00,,,,0,,,,,,,,,,,,,,,,,,,
2020-02-03 14:00:00,1015.3,19.4,79,1.2,329.0,4.9,325.0,0.0,,,,,2020-02-03T13:52:00,,,,0,,,,,,,,,,,,,,,,,,,
2020-02-03 15:00:00,1015.2,18.2,87,0.7,339.0,5.5,331.0,0.0,,,,,2020-02-03T14:01:00,,,,0,,,,,,,,,,,,,,,,,,,
2020-02-03 16:00:00,1015.8,16.6,94,0.0,0.0,3.0,329.0,0.5,,,,,2020-02-03T15:16:00,,,,0,,,,,,,,,,,,,,,,,,,
2020-02-03 17:00:00,1016.4,16.0,96,0.0,0.0,2.4,182.0,0.5,,,,,2020-02-03T16:02:00,,,,0,,,,,,,,,,,,,,,,,,,
2020-02-03 18:00:00,1016.4,15.7,98,0.0,0.0,1.3,204.0,1.0,,,,,2020-02-03T17:38:00,,,,0,,,,,,,,,,,,,,,,,,,
2020-02-03 19:00:00,1017.0,15.7,98,0.0,0.0,1.9,160.0,1.0,,,,,2020-02-03T18:24:00,,,,0,,,,,,,,,,,,,,,,,,,
2020-02-03 20:00:00,1017.1,15.5,99,0.0,0.0,1.3,265.0,1.0,,,,,2020-02-03T19:57:00,,,,0,,,,,,,,,,,,,,,,,,,
2020-02-03 21:00:00,1017.4,15.3,100,0.1,0.0,2.4,349.0,4.5,,,,,2020-02-03T20:49:00,,,,0,,,,,,,,,,,,,,,,,,,
2020-02-03 22:00:00,1017.2,15.3,100,0.0,0.0,1.9,318.0,2.5,,,,,2020-02-03T21:02:00,,,,0,,,,,,,,,,,,,,,,,,,
2020-02-03 23:00:00,1016.8,15.3,100,0.0,0.0,1.9,336.0,2.5,,,,,2020-02-03T22:46:00,,,,0,,,,,,,,,,,,,,,,,,,
2020-02-04 00:00:00,1016.6,15.3,100,0.0,0.0,1.9,330.0,1.5,,,,,2020-02-03T23:53:00,,,,0,,,,,,,,,,,,,,,,,,,
2020-02-04 01:00:00,1016.2,15.3,100,0.0,0.0,1.3,246.0,2.0,,,,,2020-02-04T00:49:00,,,,0,,,,,,,,,,,,,,,,,,,
2020-02-04 02:00:00,1015.9,15.3,100,0.0,0.0,1.3,305.0,3.0,,,,,2020-02-04T01:25:00,,,,0,,,,,,,,,,,,,,,,,,,
2020-02-04 03:00:00,1015.3,15.3,100,0.0,0.0,1.3,244.0,1.5,,,,,2020-02-04T02:05:00,,,,0,,,,,,,,,,,,,,,,,,,
2020-02-04 04:00:00,1014.7,15.1,100,0.1,0.0,1.9,259.0,2.0,,,,,2020-02-04T03:55:00,,,,0,,,,,,,,,,,,,,,,,,,
2020-02-04 05:00:00,1014.6,15.3,100,0.5,325.0,2.4,334.0,1.0,,,,,2020-02-04T04:49:00,,,,0,,,,,,,,,,,,,,,,,,,
2020-02-04 06:00:00,1014.9,15.4,100,0.0,0.0,1.6,190.0,2.0,,,,,2020-02-04T05:20:00,,,,0,,,,,,,,,,,,,,,,,,,
2020-02-04 07:00:00,1015.6,15.3,100,0.1,0.0,2.4,275.0,4.5,,,,,2020-02-04T06:56:00,,,,0,,,,,,,,,,,,,,,,,,,
2020-02-04 08:00:00,1015.8,15.5,100,0.0,0.0,1.6,244.0,0.5,,,,,2020-02-04T07:31:00,,,,0,,,,,,,,,,,,,,,,,,,
2020-02-04 09:00:00,1016.7,15.7,100,0.0,0.0,1.3,211.0,0.5,,,,,2020-02-04T08:28:00,,,,0,,,,,,,,,,,,,,,,,,,
2020-02-04 10:00:00,1016.5,16.0,100,0.1,0.0,1.1,316.0,1.0,,,,,2020-02-04T09:40:00,,,,0,,,,,,,,,,,,,,,,,,,
2020-02-04 11:00:00,1016.0,16.9,99,0.0,0.0,1.1,246.0,0.0,,,,,2020-02-04T10:10:00,,,,0,,,,,,,,,,,,,,,,,,,
2020-02-04 12:00:00,1015.1,17.1,99,0.0,0.0,1.6,274.0,0.0,,,,,2020-02-04T11:06:00,,,,0,,,,,,,,,,,,,,,,,,,
2020-02-04 13:00:00,1014.5,17.1,95,0.3,324.0,3.0,325.0,0.5,,,,,2020-02-04T12:41:00,,,,0,,,,,,,,,,,,,,,,,,,
2020-02-04 14:00:00,1014.2,16.7,95,0.6,324.0,3.5,330.0,0.0,,,,,2020-02-04T13:41:00,,,,0,,,,,,,,,,,,,,,,,,,
2020-02-04 15:00:00,1013.9,16.4,96,0.6,261.0,4.9,318.0,0.0,,,,,2020-02-04T14:12:00,,,,0,,,,,,,,,,,,,,,,,,,
2020-02-04 16:00:00,1014.2,16.4,96,0.2,0.0,4.9,325.0,1.0,,,,,2020-02-04T15:49:00,,,,0,,,,,,,,,,,,,,,,,,,
2020-02-04 17:00:00,1014.6,16.3,97,0.3,360.0,2.4,252.0,2.5,,,,,2020-02-04T16:13:00,,,,0,,,,,,,,,,,,,,,,,,,
2020-02-04 18:00:00,1014.6,16.2,98,0.0,0.0,1.3,343.0,4.0,,,,,2020-02-04T17:01:00,,,,0,,,,,,,,,,,,,,,,,,,
2020-02-04 19:00:00,1015.0,16.0,99,0.0,0.0,1.3,250.0,0.5,,,,,2020-02-04T18:10:00,,,,0,,,,,,,,,,,,,,,,,,,
2020-02-04 20:00:00,1015.4,15.8,99,0.0,0.0,1.3,251.0,0.0,,,,,2020-02-04T19:26:00,,,,0,,,,,,,,,,,,,,,,,,,
2020-02-04 21:00:00,1016.0,15.7,99,0.0,0.0,1.6,271.0,1.0,,,,,2020-02-04T20:18:00,,,,0,,,,,,,,,,,,,,,,,,,
2020-02-04 22:00:00,1016.2,15.7,99,0.0,0.0,1.3,262.0,2.0,,,,,2020-02-04T21:09:00,,,,0,,,,,,,,,,,,,,,,,,,
2020-02-04 23:00:00,1016.4,15.5,100,0.2,0.0,1.9,268.0,5.0,,,,,2020-02-04T22:58:00,,,,0,,,,,,,,,,,,,,,,,,,
2020-02-05 00:00:00,1016.8,15.5,100,0.0,0.0,1.3,249.0,6.0,,,,,2020-02-04T23:01:00,,,,0,,,,,,,,,,,,,,,,,,,
2020-02-05 01:00:00,1016.4,15.3,100,0.0,0.0,1.9,254.0,2.5,,,,,2020-02-05T00:16:00,,,,0,,,,,,,,,,,,,,,,,,,
2020-02-05 02:00:00,1016.0,15.1,100,0.0,0.0,0.8,213.0,0.5,,,,,2020-02-05T01:10:00,,,,0,,,,,,,,,,,,,,,,,,,
2020-02-05 03:00:00,1015.9,15.0,99,0.0,0.0,2.7,316.0,0.5,,,,,2020-02-05T02:31:00,,,,0,,,,,,,,,,,,,,,,,,,
2020-02-05 04:00:00,1015.9,15.0,99,0.0,0.0,0.8,255.0,0.5,,,,,2020-02-05T03:19:00,,,,0,,,,,,,,,,,,,,,,,,,
2020-02-05 05:00:00,1016.1,14.5,100,0.2,0.0,1.9,241.0,3.0,,,,,2020-02-05T04:06:00,,,,0,,,,,,,,,,,,,,,,,,,
2020-02-05 06:00:00,1016.6,14.6,100,0.0,0.0,1.9,245.0,1.5,,,,,2020-02-05T05:43:00,,,,0,,,,,,,,,,,,,,,,,,,
2020-02-05 07:00:00,1017.5,14.6,100,0.0,0.0,2.4,251.0,1.0,,,,,2020-02-05T06:43:00,,,,0,,,,,,,,,,,,,,,,,,,
2020-02-05 08:00:00,1018.2,14.3,100,0.0,0.0,2.4,196.0,1.5,,,,,2020-02-05T07:38:00,,,,0,,,,,,,,,,,,,,,,,,,
2020-02-05 09:00:00,1018.9,13.9,99,0.0,0.0,2.7,128.0,1.0,,,,,2020-02-05T08:48:00,,,,0,,,,,,,,,,,,,,,,,,,
2020-02-05 10:00:00,1019.5,13.9,99,0.0,0.0,2.2,188.0,0.5,,,,,2020-02-05T09:12:00,,,,0,,,,,,,,,,,,,,,,,,,
2020-02-05 11:00:00,1019.5,14.1,99,0.0,0.0,0.8,176.0,0.5,,,,,2020-02-05T10:07:00,,,,0,,,,,,,,,,,,,,,,,,,
2020-02-05 12:00:00,-9999.5,-99.5,-9995,-99.5,-999.5,0.0,0.0,0.5,,,,,2020-02-05T10:55:00,,,,0,,,,,,,,,,,,,,,,,,,
2020-02-05 13:00:00,-9999.5,-99.5,-9995,-99.5,-999.5,0.0,0.0,0.5,,,,,2020-02-05T10:55:00,,,,0,,,,,,,,,,,,,,,,,,,
2020-02-05 14:00:00,-9999.5,-99.5,-9995,-99.5,-999.5,0.0,0.0,0.0,,,,,2020-02-05T10:55:00,,,,0,,,,,,,,,,,,,,,,,,,
2020-02-05 15:00:00,-9999.5,-99.5,-9995,-99.5,-999.5,0.0,0.0,0.0,,,,,2020-02-05T10:55:00,,,,0,,,,,,,,,,,,,,,,,,,
2020-02-05 16:00:00,-9999.5,-99.5,-9995,-99.5,-999.5,0.0,0.0,0.0,,,,,2020-02-05T10:55:00,,,,0,,,,,,,,,,,,,,,,,,,
2020-02-05 17:00:00,-9999.5,-99.5,-9995,-99.5,-999.5,0.0,0.0,0.0,,,,,2020-02-05T10:55:00,,,,0,,,,,,,,,,,,,,,,,,,
2020-02-05 18:00:00,-9999.5,-99.5,-9995,-99.5,-999.5,0.0,0.0,0.0,,,,,2020-02-05T10:55:00,,,,0,,,,,,,,,,,,,,,,,,,
2020-02-05 19:00:00,-9999.5,-99.5,-9995,-99.5,-999.5,0.0,0.0,0.5,,,,,2020-02-05T10:55:00,,,,0,,,,,,,,,,,,,,,,,,,
2020-02-05 20:00:00,-9999.5,-99.5,-9995,-99.5,-999.5,0.0,0.0,0.5,,,,,2020-02-05T10:55:00,,,,0,,,,,,,,,,,,,,,,,,,
2020-02-05 21:00:00,-9999.5,-99.5,-9995,-99.5,-999.5,0.0,0.0,1.0,,,,,2020-02-05T10:55:00,,,,0,,,,,,,,,,,,,,,,,,,
2020-02-05 22:00:00,-9999.5,-99.5,-9995,-99.5,-999.5,0.0,0.0,0.5,,,,,2020-02-05T10:55:00,,,,0,,,,,,,,,,,,,,,,,,,
2020-02-05 23:00:00,-9999.5,-99.5,-9995,-99.5,-999.5,0.0,0.0,0.5,,,,,2020-02-05T10:55:00,,,,0,,,,,,,,,,,,,,,,,,,
2020-02-06 00:00:00,-9999.5,-99.5,-9995,-99.5,-999.5,0.0,0.0,0.5,,,,,2020-02-05T10:55:00,,,,0,,,,,,,,,,,,,,,,,,,
2020-02-06 01:00:00,-9999.5,-99.5,-9995,-99.5,-999.5,0.0,0.0,0.0,,,,,2020-02-05T10:55:00,,,,0,,,,,,,,,,,,,,,,,,,
2020-02-06 02:00:00,-9999.5,-99.5,-9995,-99.5,-999.5,0.0,0.0,1.0,,,,,2020-02-05T10:55:00,,,,0,,,,,,,,,,,,,,,,,,,
2020-02-06 03:00:00,-9999.5,-99.5,-9995,-99.5,-999.5,0.0,0.0,2.5,,,,,2020-02-05T10:55:00,,,,0,,,,,,,,,,,,,,,,,,,
2020-02-06 04:00:00,-9999.5,-99.5,-9995,-99.5,-999.5,0.0,0.0,3.0,,,,,2020-02-05T10:55:00,,,,0,,,,,,,,,,,,,,,,,,,
2020-02-06 05:00:00,-9999.5,-99.5,-9995,-99.5,-999.5,0.0,0.0,6.0,,,,,2020-02-05T10:55:00,,,,0,,,,,,,,,,,,,,,,,,,
2020-02-06 06:00:00,-9999.5,-99.5,-9995,-99.5,-999.5,0.0,0.0,13.0,,,,,2020-02-05T10:55:00,,,,0,,,,,,,,,,,,,,,,,,,
2020-02-06 07:00:00,-9999.5,-99.5,-9995,-99.5,-999.5,0.0,0.0,12.5,,,,,2020-02-05T10:55:00,,,,0,,,,,,,,,,,,,,,,,,,
2020-02-06 08:00:00,-9999.5,-99.5,-9995,-99.5,-999.5,0.0,0.0,5.5,,,,,2020-02-05T10:55:00,,,,0,,,,,,,,,,,,,,,,,,,
2020-02-06 09:00:00,-9999.5,-99.5,-9995,-99.5,-999.5,0.0,0.0,1.5,,,,,2020-02-05T10:55:00,,,,0,,,,,,,,,,,,,,,,,,,
2020-02-06 10:00:00,-9999.5,-99.5,-9995,-99.5,-999.5,0.0,0.0,6.5,,,,,2020-02-05T10:55:00,,,,0,,,,,,,,,,,,,,,,,,,
2020-02-06 11:00:00,-9999.5,-99.5,-9995,-99.5,-999.5,0.0,0.0,0.0,,,,,2020-02-05T10:55:00,,,,0,,,,,,,,,,,,,,,,,,,
2020-02-06 12:00:00,-9999.5,-99.5,-9995,-99.5,-999.5,0.0,0.0,0.5,,,,,2020-02-05T10:55:00,,,,0,,,,,,,,,,,,,,,,,,,
2020-02-06 13:00:00,-9999.5,-99.5,-9995,-99.5,-999.5,0.0,0.0,0.0,,,,,2020-02-05T10:55:00,,,,0,,,,,,,,,,,,,,,,,,,
2020-02-06 14:00:00,-9999.5,-99.5,-9995,-99.5,-999.5,0.0,0.0,0.0,,,,,2020-02-05T10:55:00,,,,0,,,,,,,,,,,,,,,,,,,
2020-02-06 15:00:00,-9999.5,-99.5,-9995,-99.5,-999.5,0.0,0.0,0.0,,,,,2020-02-05T10:55:00,,,,0,,,,,,,,,,,,,,,,,,,
2020-02-06 16:00:00,-9999.5,-99.5,-9995,-99.5,-999.5,0.0,0.0,0.0,,,,,2020-02-05T10:55:00,,,,0,,,,,,,,,,,,,,,,,,,
2020-02-06 17:00:00,-9999.5,-99.5,-9995,-99.5,-999.5,0.0,0.0,0.0,,,,,2020-02-05T10:55:00,,,,0,,,,,,,,,,,,,,,,,,,
2020-02-06 18:00:00,-9999.5,-99.5,-9995,-99.5,-999.5,0.0,0.0,0.5,,,,,2020-02-05T10:55:00,,,,0,,,,,,,,,,,,,,,,,,,
2020-02-06 19:00:00,-9999.5,-99.5,-9995,-99.5,-999.5,0.0,0.0,1.5,,,,,2020-02-05T10:55:00,,,,0,,,,,,,,,,,,,,,,,,,
2020-02-06 20:00:00,-9999.5,-99.5,-9995,-99.5,-999.5,0.0,0.0,0.5,,,,,2020-02-05T10:55:00,,,,0,,,,,,,,,,,,,,,,,,,
2020-02-06 21:00:00,-9999.5,-99.5,-9995,-99.5,-999.5,0.0,0.0,0.0,,,,,2020-02-05T10:55:00,,,,0,,,,,,,,,,,,,,,,,,,
2020-02-06 22:00:00,-9999.5,-99.5,-9995,-99.5,-999.5,0.0,0.0,0.0,,,,,2020-02-05T10:55:00,,,,0,,,,,,,,,,,,,,,,,,,
2020-02-06 23:00:00,-9999.5,-99.5,-9995,-99.5,-999.5,0.0,0.0,0.0,,,,,2020-02-05T10:55:00,,,,0,,,,,,,,,,,,,,,,,,,
2020-02-07 00:00:00,-9999.5,-99.5,-9995,-99.5,-999.5,0.0,0.0,0.0,,,,,2020-02-05T10:55:00,,,,0,,,,,,,,,,,,,,,,,,,
2020-02-07 01:00:00,-9999.5,-99.5,-9995,-99.5,-999.5,0.0,0.0,0.0,,,,,2020-02-05T10:55:00,,,,0,,,,,,,,,,,,,,,,,,,
2020-02-07 02:00:00,-9999.5,-99.5,-9995,-99.5,-999.5,0.0,0.0,0.0,,,,,2020-02-05T10:55:00,,,,0,,,,,,,,,,,,,,,,,,,
2020-02-07 03:00:00,-9999.5,-99.5,-9995,-99.5,-999.5,0.0,0.0,0.0,,,,,2020-02-05T10:55:00,,,,0,,,,,,,,,,,,,,,,,,,
2020-02-07 04:00:00,-9999.5,-99.5,-9995,-99.5,-999.5,0.0,0.0,0.0,,,,,2020-02-05T10:55:00,,,,0,,,,,,,,,,,,,,,,,,,
2020-02-07 05:00:00,-9999.5,-99.5,-9995,-99.5,-999.5,0.0,0.0,0.0,,,,,2020-02-05T10:55:00,,,,0,,,,,,,,,,,,,,,,,,,
2020-02-07 06:00:00,-9999.5,15.2,-9995,-99.5,-999.5,2.2,,0.0,,,,,,,,,0,,,,,,,,,,,,,,,,,,,
2020-02-07 07:00:00,-9999.5,-99.5,-9995,-99.5,-999.5,2.2,,0.0,,,,,,,,,0,,,,,,,,,,,,,,,,,,,
2020-02-07 08:00:00,-9999.5,-99.5,-9995,-99.5,-999.5,2.2,,0.5,,,,,,,,,0,,,,,,,,,,,,,,,,,,,
2020-02-07 09:00:00,-9999.5,-99.5,-9995,-99.5,-999.5,2.2,,0.5,,,,,,,,,0,,,,,,,,,,,,,,,,,,,
2020-02-07 10:00:00,-9999.5,-99.5,-9995,-99.5,-999.5,2.2,,0.0,,,,,,,,,0,,,,,,,,,,,,,,,,,,,
2020-02-07 11:00:00,-9999.5,-99.5,-9995,-99.5,-999.5,2.2,,0.0,,,,,,,,,0,,,,,,,,,,,,,,,,,,,
2020-02-07 12:00:00,-9999.5,-99.5,-9995,-99.5,-999.5,2.2,,0.0,,,,,,,,,0,,,,,,,,,,,,,,,,,,,
2020-02-07 13:00:00,-9999.5,-99.5,-9995,-99.5,-999.5,2.2,,0.0,,,,,,,,,0,,,,,,,,,,,,,,,,,,,
2020-02-07 14:00:00,-9999.5,-99.5,-9995,-99.5,-999.5,2.2,,0.0,,,,,,,,,0,,,,,,,,,,,,,,,,,,,
2020-02-07 15:00:00,-9999.5,-99.5,-9995,-99.5,-999.5,2.2,,0.0,,,,,,,,,0,,,,,,,,,,,,,,,,,,,
2020-02-07 16:00:00,-9999.5,-99.5,-9995,-99.5,-999.5,2.2,,0.5,,,,,,,,,0,,,,,,,,,,,,,,,,,,,
2020-02-07 17:00:00,-9999.5,-99.5,-9995,-99.5,-999.5,2.2,,0.5,,,,,,,,,0,,,,,,,,,,,,,,,,,,,
2020-02-07 18:00:00,-9999.5,-99.5,-9995,-99.5,-999.5,2.2,,0.0,,,,,,,,,0,,,,,,,,,,,,,,,,,,,
2020-02-07 19:00:00,-9999.5,-99.5,-9995,-99.5,-999.5,2.2,,0.5,,,,,,,,,0,,,,,,,,,,,,,,,,,,,
2020-02-07 20:00:00,-9999.5,-99.5,-9995,-99.5,-999.5,2.2,,0.0,,,,,,,,,0,,,,,,,,,,,,,,,,,,,
2020-02-07 21:00:00,-9999.5,-99.5,-9995,-99.5,-999.5,2.2,,0.5,,,,,,,,,0,,,,,,,,,,,,,,,,,,,
2020-02-07 22:00:00,-9999.5,-99.5,-9995,-99.5,-999.5,2.2,,0.0,,,,,,,,,0,,,,,,,,,,,,,,,,,,,
2020-02-07 23:00:00,-9999.5,-99.5,-9995,-99.5,-999.5,2.2,,0.5,,,,,,,,,0,,,,,,,,,,,,,,,,,,,
2020-02-08 00:00:00,-9999.5,-99.5,-9995,-99.5,-999.5,2.2,,0.0,,,,,,,,,0,,,,,,,,,,,,,,,,,,,
2020-02-08 01:00:00,-9999.5,-99.5,-9995,-99.5,-999.5,2.2,,0.5,,,,,,,,,0,,,,,,,,,,,,,,,,,,,
2020-02-08 02:00:00,-9999.5,-99.5,-9995,-99.5,-999.5,2.2,,0.0,,,,,,,,,0,,,,,,,,,,,,,,,,,,,
2020-02-08 03:00:00,-9999.5,-99.5,-9995,-99.5,-999.5,2.2,,0.0,,,,,,,,,0,,,,,,,,,,,,,,,,,,,
2020-02-08 04:00:00,-9999.5,-99.5,-9995,-99.5,-999.5,2.2,,0.0,,,,,,,,,0,,,,,,,,,,,,,,,,,,,
2020-02-08 05:00:00,-9999.5,-99.5,-9995,-99.5,-999.5,2.2,,0.5,,,,,,,,,0,,,,,,,,,,,,,,,,,,,
2020-02-08 06:00:00,-9999.5,-99.5,-9995,-99.5,-999.5,2.2,,0.0,,,,,,,,,0,,,,,,,,,,,,,,,,,,,
2020-02-08 07:00:00,-9999.5,-99.5,-9995,-99.5,-999.5,2.2,,0.0,,,,,,,,,0,,,,,,,,,,,,,,,,,,,
2020-02-08 08:00:00,-9999.5,-99.5,-9995,-99.5,-999.5,2.2,,0.0,,,,,,,,,0,,,,,,,,,,,,,,,,,,,
2020-02-08 09:00:00,-9999.5,-99.5,-9995,-99.5,-999.5,2.2,,0.0,,,,,,,,,0,,,,,,,,,,,,,,,,,,,
2020-02-08 10:00:00,-9999.5,-99.5,-9995,-99.5,-999.5,2.2,,0.0,,,,,,,,,0,,,,,,,,,,,,,,,,,,,
2020-02-08 11:00:00,-9999.5,-99.5,-9995,-99.5,-999.5,2.2,,0.0,,,,,,,,,0,,,,,,,,,,,,,,,,,,,
2020-02-08 12:00:00,-9999.5,-99.5,-9995,-99.5,-999.5,2.2,,0.0,,,,,,,,,0,,,,,,,,,,,,,,,,,,,
2020-02-08 13:00:00,-9999.5,-99.5,-9995,-99.5,-999.5,2.2,,0.0,,,,,,,,,0,,,,,,,,,,,,,,,,,,,
2020-02-08 14:00:00,-9999.5,-99.5,-9995,-99.5,-999.5,2.2,,0.0,,,,,,,,,0,,,,,,,,,,,,,,,,,,,
2020-02-08 15:00:00,-9999.5,-99.5,-9995,-99.5,-999.5,2.2,,0.0,,,,,,,,,0,,,,,,,,,,,,,,,,,,,
2020-02-08 16:00:00,-9999.5,-99.5,-9995,-99.5,-999.5,2.2,,0.0,,,,,,,,,0,,,,,,,,,,,,,,,,,,,
2020-02-08 17:00:00,-9999.5,-99.5,-9995,-99.5,-999.5,2.2,,0.0,,,,,,,,,0,,,,,,,,,,,,,,,,,,,
2020-02-08 18:00:00,-9999.5,-99.5,-9995,-99.5,-999.5,1.9,181.0,0.0,,,,,2020-02-08T17:00:00,,,,0,,,,,,,,,,,,,,,,,,,
2020-02-08 19:00:00,-9999.5,-99.5,-9995,-99.5,-999.5,1.9,181.0,0.0,,,,,2020-02-08T17:00:00,,,,0,,,,,,,,,,,,,,,,,,,
2020-02-08 20:00:00,-9999.5,-99.5,-9995,-99.5,-999.5,1.9,181.0,0.0,,,,,2020-02-08T17:00:00,,,,0,,,,,,,,,,,,,,,,,,,
2020-02-08 21:00:00,-9999.5,-99.5,-9995,-99.5,-999.5,1.9,181.0,0.0,,,,,2020-02-08T17:00:00,,,,0,,,,,,,,,,,,,,,,,,,
2020-02-08 22:00:00,-9999.5,-99.5,-9995,-99.5,-999.5,1.9,181.0,0.0,,,,,2020-02-08T17:00:00,,,,0,,,,,,,,,,,,,,,,,,,
2020-02-08 23:00:00,-9999.5,-99.5,-9995,-99.5,-999.5,1.9,181.0,0.0,,,,,2020-02-08T17:00:00,,,,0,,,,,,,,,,,,,,,,,,,
2020-02-09 00:00:00,-9999.5,-99.5,-9995,-99.5,-999.5,1.9,181.0,0.0,,,,,2020-02-08T17:00:00,,,,0,,,,,,,,,,,,,,,,,,,
2020-02-09 01:00:00,-9999.5,-99.5,-9995,-99.5,-999.5,1.9,181.0,0.0,,,,,2020-02-08T17:00:00,,,,0,,,,,,,,,,,,,,,,,,,
2020-02-09 02:00:00,-9999.5,-99.5,-9995,-99.5,-999.5,1.9,181.0,0.0,,,,,2020-02-08T17:00:00,,,,0,,,,,,,,,,,,,,,,,,,
2020-02-09 03:00:00,-9999.5,-99.5,-9995,-99.5,-999.5,1.9,181.0,0.0,,,,,2020-02-08T17:00:00,,,,0,,,,,,,,,,,,,,,,,,,
2020-02-09 04:00:00,-9999.5,-99.5,-9995,-99.5,-999.5,1.9,181.0,0.0,,,,,2020-02-08T17:00:00,,,,0,,,,,,,,,,,,,,,,,,,
2020-02-09 05:00:00,-9999.5,-99.5,-9995,-99.5,-999.5,1.9,181.0,0.0,,,,,2020-02-08T17:00:00,,,,0,,,,,,,,,,,,,,,,,,,
2020-02-09 06:00:00,-9999.5,-99.5,-9995,-99.5,-999.5,1.9,181.0,0.0,,,,,2020-02-08T17:00:00,,,,0,,,,,,,,,,,,,,,,,,,
2020-02-09 07:00:00,-9999.5,-99.5,-9995,-99.5,-999.5,1.9,181.0,0.0,,,,,2020-02-08T17:00:00,,,,0,,,,,,,,,,,,,,,,,,,
2020-02-09 08:00:00,-9999.5,-99.5,-9995,-99.5,-999.5,1.9,181.0,0.5,,,,,2020-02-08T17:00:00,,,,0,,,,,,,,,,,,,,,,,,,
2020-02-09 09:00:00,-9999.5,-99.5,-9995,-99.5,-999.5,1.9,181.0,0.0,,,,,2020-02-08T17:00:00,,,,0,,,,,,,,,,,,,,,,,,,
2020-02-09 10:00:00,-9999.5,-99.5,-9995,-99.5,-999.5,1.9,181.0,0.0,,,,,2020-02-08T17:00:00,,,,0,,,,,,,,,,,,,,,,,,,
2020-02-09 11:00:00,-9999.5,-99.5,-9995,-99.5,-999.5,1.9,181.0,0.0,,,,,2020-02-08T17:00:00,,,,0,,,,,,,,,,,,,,,,,,,
2020-02-09 12:00:00,-9999.5,-99.5,-9995,-99.5,-999.5,1.9,181.0,0.0,,,,,2020-02-08T17:00:00,,,,0,,,,,,,,,,,,,,,,,,,
2020-02-09 13:00:00,-9999.5,-99.5,-9995,-99.5,-999.5,1.9,181.0,0.0,,,,,2020-02-08T17:00:00,,,,0,,,,,,,,,,,,,,,,,,,
2020-02-09 14:00:00,-9999.5,-99.5,-9995,-99.5,-999.5,1.9,181.0,0.0,,,,,2020-02-08T17:00:00,,,,0,,,,,,,,,,,,,,,,,,,
2020-02-09 15:00:00,-9999.5,-99.5,-9995,-99.5,-999.5,1.9,181.0,0.0,,,,,2020-02-08T17:00:00,,,,0,,,,,,,,,,,,,,,,,,,
2020-02-09 16:00:00,-9999.5,-99.5,-9995,-99.5,-999.5,1.9,181.0,0.0,,,,,2020-02-08T17:00:00,,,,0,,,,,,,,,,,,,,,,,,,
2020-02-09 17:00:00,-9999.5,-99.5,-9995,-99.5,-999.5,1.9,181.0,0.0,,,,,2020-02-08T17:00:00,,,,0,,,,,,,,,,,,,,,,,,,
2020-02-09 18:00:00,-9999.5,-99.5,-9995,-99.5,-999.5,1.9,181.0,0.0,,,,,2020-02-08T17:00:00,,,,0,,,,,,,,,,,,,,,,,,,
2020-02-09 19:00:00,-9999.5,-99.5,-9995,-99.5,-999.5,1.9,181.0,0.0,,,,,2020-02-08T17:00:00,,,,0,,,,,,,,,,,,,,,,,,,
2020-02-09 20:00:00,-9999.5,-99.5,-9995,-99.5,-999.5,1.9,181.0,0.0,,,,,2020-02-08T17:00:00,,,,0,,,,,,,,,,,,,,,,,,,
2020-02-09 21:00:00,-9999.5,-99.5,-9995,-99.5,-999.5,1.9,181.0,0.0,,,,,2020-02-08T17:00:00,,,,0,,,,,,,,,,,,,,,,,,,
2020-02-09 22:00:00,-9999.5,-99.5,-9995,-99.5,-999.5,1.9,181.0,0.0,,,,,2020-02-08T17:00:00,,,,0,,,,,,,,,,,,,,,,,,,
2020-02-09 23:00:00,-9999.5,-99.5,-9995,-99.5,-999.5,1.9,181.0,0.0,,,,,2020-02-08T17:00:00,,,,0,,,,,,,,,,,,,,,,,,,
2020-02-10 00:00:00,-9999.5,-99.5,-9995,-99.5,-999.5,1.9,181.0,0.0,,,,,2020-02-08T17:00:00,,,,0,,,,,,,,,,,,,,,,,,,
2020-02-10 01:00:00,-9999.5,-99.5,-9995,-99.5,-999.5,1.9,181.0,0.0,,,,,2020-02-08T17:00:00,,,,0,,,,,,,,,,,,,,,,,,,
2020-02-10 02:00:00,-9999.5,-99.5,-9995,-99.5,-999.5,1.9,181.0,0.0,,,,,2020-02-08T17:00:00,,,,0,,,,,,,,,,,,,,,,,,,
2020-02-10 03:00:00,-9999.5,-99.5,-9995,-99.5,-999.5,1.9,181.0,0.0,,,,,2020-02-08T17:00:00,,,,0,,,,,,,,,,,,,,,,,,,
2020-02-10 04:00:00,-9999.5,-99.5,-9995,-99.5,-999.5,1.9,181.0,0.0,,,,,2020-02-08T17:00:00,,,,0,,,,,,,,,,,,,,,,,,,
2020-02-10 05:00:00,-9999.5,-99.5,-9995,-99.5,-999.5,1.9,181.0,0.0,,,,,2020-02-08T17:00:00,,,,0,,,,,,,,,,,,,,,,,,,
2020-02-10 06:00:00,-9999.5,-99.5,-9995,-99.5,-999.5,1.9,181.0,0.0,,,,,2020-02-08T17:00:00,,,,0,,,,,,,,,,,,,,,,,,,
2020-02-10 07:00:00,-9999.5,-99.5,-9995,-99.5,-999.5,1.9,181.0,0.0,,,,,2020-02-08T17:00:00,,,,0,,,,,,,,,,,,,,,,,,,
2020-02-10 08:00:00,-9999.5,-99.5,-9995,-99.5,-999.5,1.9,181.0,0.0,,,,,2020-02-08T17:00:00,,,,0,,,,,,,,,,,,,,,,,,,
2020-02-10 09:00:00,-9999.5,-99.5,-9995,-99.5,-999.5,1.9,181.0,0.0,,,,,2020-02-08T17:00:00,,,,0,,,,,,,,,,,,,,,,,,,
2020-02-10 10:00:00,-9999.5,-99.5,-9995,-99.5,-999.5,1.9,181.0,0.0,,,,,2020-02-08T17:00:00,,,,0,,,,,,,,,,,,,,,,,,,
2020-02-10 11:00:00,-9999.5,-99.5,-9995,-99.5,-999.5,1.9,181.0,0.0,,,,,2020-02-08T17:00:00,,,,0,,,,,,,,,,,,,,,,,,,
2020-02-10 12:00:00,-9999.5,-99.5,-9995,-99.5,-999.5,1.9,181.0,0.0,,,,,2020-02-08T17:00:00,,,,0,,,,,,,,,,,,,,,,,,,
2020-02-10 13:00:00,-9999.5,-99.5,-9995,-99.5,-999.5,1.9,181.0,0.0,,,,,2020-02-08T17:00:00,,,,0,,,,,,,,,,,,,,,,,,,
2020-02-10 14:00:00,-9999.5,-99.5,-9995,-99.5,-999.5,1.9,181.0,0.0,,,,,2020-02-08T17:00:00,,,,0,,,,,,,,,,,,,,,,,,,
2020-02-10 15:00:00,-9999.5,-99.5,-9995,-99.5,-999.5,1.9,181.0,0.0,,,,,2020-02-08T17:00:00,,,,0,,,,,,,,,,,,,,,,,,,
2020-02-10 16:00:00,-9999.5,-99.5,-9995,-99.5,-999.5,1.9,181.0,0.0,,,,,2020-02-08T17:00:00,,,,0,,,,,,,,,,,,,,,,,,,
2020-02-10 17:00:00,-9999.5,-99.5,-9995,-99.5,-999.5,1.9,181.0,0.0,,,,,2020-02-08T17:00:00,,,,0,,,,,,,,,,,,,,,,,,,
2020-02-10 18:00:00,-9999.5,-99.5,-9995,-99.5,-999.5,1.9,181.0,0.0,,,,,2020-02-08T17:00:00,,,,0,,,,,,,,,,,,,,,,,,,
2020-02-10 19:00:00,-9999.5,-99.5,-9995,-99.5,-999.5,1.9,181.0,0.0,,,,,2020-02-08T17:00:00,,,,0,,,,,,,,,,,,,,,,,,,
2020-02-10 20:00:00,-9999.5,-99.5,-9995,-99.5,-999.5,1.9,181.0,0.0,,,,,2020-02-08T17:00:00,,,,0,,,,,,,,,,,,,,,,,,,
2020-02-10 21:00:00,-9999.5,-99.5,-9995,-99.5,-999.5,1.9,181.0,0.0,,,,,2020-02-08T17:00:00,,,,0,,,,,,,,,,,,,,,,,,,
2020-02-10 22:00:00,-9999.5,-99.5,-9995,-99.5,-999.5,1.9,181.0,0.0,,,,,2020-02-08T17:00:00,,,,0,,,,,,,,,,,,,,,,,,,
2020-02-10 23:00:00,-9999.5,-99.5,-9995,-99.5,-999.5,1.9,181.0,0.0,,,,,2020-02-08T17:00:00,,,,0,,,,,,,,,,,,,,,,,,,
2020-02-11 00:00:00,-9999.5,-99.5,-9995,-99.5,-999.5,1.9,181.0,0.0,,,,,2020-02-08T17:00:00,,,,0,,,,,,,,,,,,,,,,,,,
2020-02-11 01:00:00,-9999.5,-99.5,-9995,-99.5,-999.5,1.9,181.0,0.0,,,,,2020-02-08T17:00:00,,,,0,,,,,,,,,,,,,,,,,,,
2020-02-11 02:00:00,-9999.5,-99.5,-9995,-99.5,-999.5,1.9,181.0,0.0,,,,,2020-02-08T17:00:00,,,,0,,,,,,,,,,,,,,,,,,,
2020-02-11 03:00:00,-9999.5,-99.5,-9995,-99.5,-999.5,1.9,181.0,0.0,,,,,2020-02-08T17:00:00,,,,0,,,,,,,,,,,,,,,,,,,
2020-02-11 04:00:00,-9999.5,-99.5,-9995,-99.5,-999.5,1.9,181.0,0.0,,,,,2020-02-08T17:00:00,,,,0,,,,,,,,,,,,,,,,,,,
2020-02-11 05:00:00,-9999.5,-99.5,-9995,-99.5,-999.5,1.9,181.0,0.0,,,,,2020-02-08T17:00:00,,,,0,,,,,,,,,,,,,,,,,,,
2020-02-11 06:00:00,-9999.5,-99.5,-9995,-99.5,-999.5,1.9,181.0,0.0,,,,,2020-02-08T17:00:00,,,,0,,,,,,,,,,,,,,,,,,,
2020-02-11 07:00:00,-9999.5,-99.5,-9995,-99.5,-999.5,1.9,181.0,0.0,,,,,2020-02-08T17:00:00,,,,0,,,,,,,,,,,,,,,,,,,
2020-02-11 08:00:00,-9999.5,-99.5,-9995,-99.5,-999.5,1.9,181.0,0.0,,,,,2020-02-08T17:00:00,,,,0,,,,,,,,,,,,,,,,,,,
2020-02-11 09:00:00,-9999.5,-99.5,-9995,-99.5,-999.5,1.9,181.0,0.0,,,,,2020-02-08T17:00:00,,,,0,,,,,,,,,,,,,,,,,,,
2020-02-11 10:00:00,-9999.5,-99.5,-9995,-99.5,-999.5,1.9,181.0,0.0,,,,,2020-02-08T17:00:00,,,,0,,,,,,,,,,,,,,,,,,,
2020-02-11 11:00:00,-9999.5,-99.5,-9995,-99.5,-999.5,1.9,181.0,0.0,,,,,2020-02-08T17:00:00,,,,0,,,,,,,,,,,,,,,,,,,
2020-02-11 12:00:00,-9999.5,-99.5,-9995,-99.5,-999.5,1.9,181.0,0.0,,,,,2020-02-08T17:00:00,,,,0,,,,,,,,,,,,,,,,,,,
2020-02-11 13:00:00,-9999.5,-99.5,-9995,-99.5,-999.5,1.9,181.0,0.0,,,,,2020-02-08T17:00:00,,,,0,,,,,,,,,,,,,,,,,,,
2020-02-11 14:00:00,-9999.5,-99.5,-9995,-99.5,-999.5,1.9,181.0,0.0,,,,,2020-02-08T17:00:00,,,,0,,,,,,,,,,,,,,,,,,,
2020-02-11 15:00:00,-9999.5,-99.5,-9995,-99.5,-999.5,1.9,181.0,0.0,,,,,2020-02-08T17:00:00,,,,0,,,,,,,,,,,,,,,,,,,
2020-02-11 16:00:00,-9999.5,-99.5,-9995,-99.5,-999.5,1.9,181.0,0.0,,,,,2020-02-08T17:00:00,,,,0,,,,,,,,,,,,,,,,,,,
2020-02-11 17:00:00,-9999.5,-99.5,-9995,-99.5,-999.5,1.9,181.0,0.0,,,,,2020-02-08T17:00:00,,,,0,,,,,,,,,,,,,,,,,,,
2020-02-11 18:00:00,-9999.5,-99.5,-9995,-99.5,-999.5,1.9,181.0,0.0,,,,,2020-02-08T17:00:00,,,,0,,,,,,,,,,,,,,,,,,,
2020-02-11 19:00:00,-9999.5,-99.5,-9995,-99.5,-999.5,1.9,181.0,0.0,,,,,2020-02-08T17:00:00,,,,0,,,,,,,,,,,,,,,,,,,
2020-02-11 20:00:00,-9999.5,-99.5,-9995,-99.5,-999.5,1.9,181.0,0.0,,,,,2020-02-08T17:00:00,,,,0,,,,,,,,,,,,,,,,,,,
2020-02-11 21:00:00,-9999.5,-99.5,-9995,-99.5,-999.5,1.9,181.0,0.0,,,,,2020-02-08T17:00:00,,,,0,,,,,,,,,,,,,,,,,,,
2020-02-11 22:00:00,-9999.5,-99.5,-9995,-99.5,-999.5,1.9,181.0,0.0,,,,,2020-02-08T17:00:00,,,,0,,,,,,,,,,,,,,,,,,,
2020-02-11 23:00:00,-9999.5,-99.5,-9995,-99.5,-999.5,1.9,181.0,0.0,,,,,2020-02-08T17:00:00,,,,0,,,,,,,,,,,,,,,,,,,
2020-02-12 00:00:00,-9999.5,-99.5,-9995,-99.5,-999.5,1.9,181.0,0.0,,,,,2020-02-08T17:00:00,,,,0,,,,,,,,,,,,,,,,,,,
2020-02-12 01:00:00,-9999.5,-99.5,-9995,-99.5,-999.5,1.9,181.0,0.0,,,,,2020-02-08T17:00:00,,,,0,,,,,,,,,,,,,,,,,,,
2020-02-12 02:00:00,-9999.5,-99.5,-9995,-99.5,-999.5,1.9,181.0,0.0,,,,,2020-02-08T17:00:00,,,,0,,,,,,,,,,,,,,,,,,,
2020-02-12 03:00:00,-9999.5,-99.5,-9995,-99.5,-999.5,1.9,181.0,0.0,,,,,2020-02-08T17:00:00,,,,0,,,,,,,,,,,,,,,,,,,
2020-02-12 04:00:00,-9999.5,-99.5,-9995,-99.5,-999.5,1.9,181.0,0.0,,,,,2020-02-08T17:00:00,,,,0,,,,,,,,,,,,,,,,,,,
2020-02-12 05:00:00,-9999.5,-99.5,-9995,-99.5,-999.5,1.9,181.0,0.0,,,,,2020-02-08T17:00:00,,,,0,,,,,,,,,,,,,,,,,,,
2020-02-12 06:00:00,-9999.5,-99.5,-9995,-99.5,-999.5,1.9,181.0,0.0,,,,,2020-02-08T17:00:00,,,,0,,,,,,,,,,,,,,,,,,,
2020-02-12 07:00:00,-9999.5,-99.5,-9995,-99.5,-999.5,1.9,181.0,0.0,,,,,2020-02-08T17:00:00,,,,0,,,,,,,,,,,,,,,,,,,
2020-02-12 08:00:00,-9999.5,-99.5,-9995,-99.5,-999.5,1.9,181.0,0.0,,,,,2020-02-08T17:00:00,,,,0,,,,,,,,,,,,,,,,,,,
2020-02-12 09:00:00,-9999.5,-99.5,-9995,-99.5,-999.5,1.9,181.0,0.0,,,,,2020-02-08T17:00:00,,,,0,,,,,,,,,,,,,,,,,,,
2020-02-12 10:00:00,-9999.5,-99.5,-9995,-99.5,-999.5,1.9,181.0,0.0,,,,,2020-02-08T17:00:00,,,,0,,,,,,,,,,,,,,,,,,,
2020-02-12 11:00:00,-9999.5,-99.5,-9995,-99.5,-999.5,1.9,181.0,0.0,,,,,2020-02-08T17:00:00,,,,0,,,,,,,,,,,,,,,,,,,
2020-02-12 12:00:00,-9999.5,-99.5,-9995,-99.5,-999.5,1.9,181.0,0.0,,,,,2020-02-08T17:00:00,,,,0,,,,,,,,,,,,,,,,,,,
2020-02-12 13:00:00,-9999.5,-99.5,-9995,-99.5,-999.5,1.9,181.0,0.0,,,,,2020-02-08T17:00:00,,,,0,,,,,,,,,,,,,,,,,,,
2020-02-12 14:00:00,-9999.5,-99.5,-9995,-99.5,-999.5,1.9,181.0,0.0,,,,,2020-02-08T17:00:00,,,,0,,,,,,,,,,,,,,,,,,,
2020-02-12 15:00:00,-9999.5,-99.5,-9995,-99.5,-999.5,1.9,181.0,0.0,,,,,2020-02-08T17:00:00,,,,0,,,,,,,,,,,,,,,,,,,
2020-02-12 16:00:00,-9999.5,-99.5,-9995,-99.5,-999.5,1.9,181.0,0.0,,,,,2020-02-08T17:00:00,,,,0,,,,,,,,,,,,,,,,,,,
2020-02-12 17:00:00,-9999.5,-99.5,-9995,-99.5,-999.5,1.9,181.0,0.0,,,,,2020-02-08T17:00:00,,,,0,,,,,,,,,,,,,,,,,,,
2020-02-12 18:00:00,-9999.5,-99.5,-9995,-99.5,-999.5,1.9,181.0,0.0,,,,,2020-02-08T17:00:00,,,,0,,,,,,,,,,,,,,,,,,,
2020-02-12 19:00:00,-9999.5,-99.5,-9995,-99.5,-999.5,1.9,181.0,0.0,,,,,2020-02-08T17:00:00,,,,0,,,,,,,,,,,,,,,,,,,
2020-02-12 20:00:00,-9999.5,-99.5,-9995,-99.5,-999.5,1.9,181.0,0.0,,,,,2020-02-08T17:00:00,,,,0,,,,,,,,,,,,,,,,,,,
2020-02-12 21:00:00,-9999.5,-99.5,-9995,-99.5,-999.5,1.9,181.0,0.0,,,,,2020-02-08T17:00:00,,,,0,,,,,,,,,,,,,,,,,,,
2020-02-12 22:00:00,-9999.5,-99.5,-9995,-99.5,-999.5,1.9,181.0,0.0,,,,,2020-02-08T17:00:00,,,,0,,,,,,,,,,,,,,,,,,,
2020-02-12 23:00:00,-9999.5,-99.5,-9995,-99.5,-999.5,1.9,181.0,0.5,,,,,2020-02-08T17:00:00,,,,0,,,,,,,,,,,,,,,,,,,
2020-02-13 00:00:00,-9999.5,-99.5,-9995,-99.5,-999.5,1.9,181.0,0.0,,,,,2020-02-08T17:00:00,,,,0,,,,,,,,,,,,,,,,,,,
2020-02-13 01:00:00,-9999.5,-99.5,-9995,-99.5,-999.5,1.9,181.0,0.0,,,,,2020-02-08T17:00:00,,,,0,,,,,,,,,,,,,,,,,,,
2020-02-13 02:00:00,-9999.5,-99.5,-9995,-99.5,-999.5,1.9,181.0,0.0,,,,,2020-02-08T17:00:00,,,,0,,,,,,,,,,,,,,,,,,,
2020-02-13 03:00:00,-9999.5,-99.5,-9995,-99.5,-999.5,1.9,181.0,0.0,,,,,2020-02-08T17:00:00,,,,0,,,,,,,,,,,,,,,,,,,
2020-02-13 04:00:00,-9999.5,-99.5,-9995,-99.5,-999.5,1.9,181.0,0.0,,,,,2020-02-08T17:00:00,,,,0,,,,,,,,,,,,,,,,,,,
2020-02-13 05:00:00,-9999.5,-99.5,-9995,-99.5,-999.5,1.9,181.0,0.0,,,,,2020-02-08T17:00:00,,,,0,,,,,,,,,,,,,,,,,,,
2020-02-13 06:00:00,-9999.5,-99.5,-9995,-99.5,-999.5,1.9,181.0,0.0,,,,,2020-02-08T17:00:00,,,,0,,,,,,,,,,,,,,,,,,,
2020-02-13 07:00:00,-9999.5,-99.5,-9995,-99.5,-999.5,1.9,181.0,0.0,,,,,2020-02-08T17:00:00,,,,0,,,,,,,,,,,,,,,,,,,
2020-02-13 08:00:00,-9999.5,-99.5,-9995,-99.5,-999.5,1.9,181.0,0.0,,,,,2020-02-08T17:00:00,,,,0,,,,,,,,,,,,,,,,,,,
2020-02-13 09:00:00,-9999.5,-99.5,-9995,-99.5,-999.5,1.9,181.0,0.0,,,,,2020-02-08T17:00:00,,,,0,,,,,,,,,,,,,,,,,,,
2020-02-13 10:00:00,-9999.5,-99.5,-9995,-99.5,-999.5,1.9,181.0,0.0,,,,,2020-02-08T17:00:00,,,,0,,,,,,,,,,,,,,,,,,,
2020-02-13 11:00:00,-9999.5,-99.5,-9995,-99.5,-999.5,1.9,181.0,0.0,,,,,2020-02-08T17:00:00,,,,0,,,,,,,,,,,,,,,,,,,
2020-02-13 12:00:00,-9999.5,-99.5,-9995,-99.5,-999.5,1.9,181.0,0.0,,,,,2020-02-08T17:00:00,,,,0,,,,,,,,,,,,,,,,,,,
2020-02-13 13:00:00,-9999.5,-99.5,-9995,-99.5,-999.5,1.9,181.0,0.0,,,,,2020-02-08T17:00:00,,,,0,,,,,,,,,,,,,,,,,,,
2020-02-13 14:00:00,-9999.5,-99.5,-9995,-99.5,-999.5,1.9,181.0,0.0,,,,,2020-02-08T17:00:00,,,,0,,,,,,,,,,,,,,,,,,,
2020-02-13 15:00:00,-9999.5,-99.5,-9995,-99.5,-999.5,1.9,181.0,0.0,,,,,2020-02-08T17:00:00,,,,0,,,,,,,,,,,,,,,,,,,
2020-02-13 16:00:00,-9999.5,-99.5,-9995,-99.5,-999.5,1.9,181.0,0.0,,,,,2020-02-08T17:00:00,,,,0,,,,,,,,,,,,,,,,,,,
2020-02-13 17:00:00,-9999.5,-99.5,-9995,-99.5,-999.5,1.9,181.0,0.0,,,,,2020-02-08T17:00:00,,,,0,,,,,,,,,,,,,,,,,,,
2020-02-13 18:00:00,-9999.5,-99.5,-9995,-99.5,-999.5,1.9,181.0,0.0,,,,,2020-02-08T17:00:00,,,,0,,,,,,,,,,,,,,,,,,,
2020-02-13 19:00:00,-9999.5,-99.5,-9995,-99.5,-999.5,1.9,181.0,0.0,,,,,2020-02-08T17:00:00,,,,0,,,,,,,,,,,,,,,,,,,
2020-02-13 20:00:00,-9999.5,-99.5,-9995,-99.5,-999.5,1.9,181.0,0.0,,,,,2020-02-08T17:00:00,,,,0,,,,,,,,,,,,,,,,,,,
2020-02-13 21:00:00,-9999.5,-99.5,-9995,-99.5,-999.5,1.9,181.0,0.0,,,,,2020-02-08T17:00:00,,,,0,,,,,,,,,,,,,,,,,,,
2020-02-13 22:00:00,-9999.5,-99.5,-9995,-99.5,-999.5,1.9,181.0,0.0,,,,,2020-02-08T17:00:00,,,,0,,,,,,,,,,,,,,,,,,,
2020-02-13 23:00:00,-9999.5,-99.5,-9995,-99.5,-999.5,1.9,181.0,0.0,,,,,2020-02-08T17:00:00,,,,0,,,,,,,,,,,,,,,,,,,
2020-02-14 00:00:00,-9999.5,-99.5,-9995,-99.5,-999.5,1.9,181.0,0.0,,,,,2020-02-08T17:00:00,,,,0,,,,,,,,,,,,,,,,,,,
2020-02-14 01:00:00,-9999.5,-99.5,-9995,-99.5,-999.5,1.9,181.0,0.0,,,,,2020-02-08T17:00:00,,,,0,,,,,,,,,,,,,,,,,,,
2020-02-14 02:00:00,-9999.5,-99.5,-9995,-99.5,-999.5,1.9,181.0,0.0,,,,,2020-02-08T17:00:00,,,,0,,,,,,,,,,,,,,,,,,,
2020-02-14 03:00:00,-9999.5,-99.5,-9995,-99.5,-999.5,1.9,181.0,0.0,,,,,2020-02-08T17:00:00,,,,0,,,,,,,,,,,,,,,,,,,
2020-02-14 04:00:00,-9999.5,-99.5,-9995,-99.5,-999.5,1.9,181.0,0.0,,,,,2020-02-08T17:00:00,,,,0,,,,,,,,,,,,,,,,,,,
2020-02-14 05:00:00,-9999.5,-99.5,-9995,-99.5,-999.5,1.9,181.0,0.0,,,,,2020-02-08T17:00:00,,,,0,,,,,,,,,,,,,,,,,,,
2020-02-14 06:00:00,-9999.5,-99.5,-9995,-99.5,-999.5,1.9,181.0,0.0,,,,,2020-02-08T17:00:00,,,,0,,,,,,,,,,,,,,,,,,,
2020-02-14 07:00:00,-9999.5,-99.5,-9995,-99.5,-999.5,1.9,181.0,0.0,,,,,2020-02-08T17:00:00,,,,0,,,,,,,,,,,,,,,,,,,
2020-02-14 08:00:00,-9999.5,-99.5,-9995,-99.5,-999.5,1.9,181.0,0.0,,,,,2020-02-08T17:00:00,,,,0,,,,,,,,,,,,,,,,,,,
2020-02-14 09:00:00,-9999.5,-99.5,-9995,-99.5,-999.5,1.9,181.0,0.0,,,,,2020-02-08T17:00:00,,,,0,,,,,,,,,,,,,,,,,,,
2020-02-14 10:00:00,-9999.5,-99.5,-9995,-99.5,-999.5,1.9,181.0,0.0,,,,,2020-02-08T17:00:00,,,,0,,,,,,,,,,,,,,,,,,,
2020-02-14 11:00:00,-9999.5,-99.5,-9995,-99.5,-999.5,1.9,181.0,0.0,,,,,2020-02-08T17:00:00,,,,0,,,,,,,,,,,,,,,,,,,
2020-02-14 12:00:00,-9999.5,-99.5,-9995,-99.5,-999.5,1.9,181.0,0.0,,,,,2020-02-08T17:00:00,,,,0,,,,,,,,,,,,,,,,,,,
2020-02-14 13:00:00,-9999.5,-99.5,-9995,-99.5,-999.5,1.9,181.0,0.0,,,,,2020-02-08T17:00:00,,,,0,,,,,,,,,,,,,,,,,,,
2020-02-14 14:00:00,-9999.5,-99.5,-9995,-99.5,-999.5,1.9,181.0,0.0,,,,,2020-02-08T17:00:00,,,,0,,,,,,,,,,,,,,,,,,,
2020-02-14 15:00:00,-9999.5,-99.5,-9995,-99.5,-999.5,1.9,181.0,0.0,,,,,2020-02-08T17:00:00,,,,0,,,,,,,,,,,,,,,,,,,
2020-02-14 16:00:00,-9999.5,-99.5,-9995,-99.5,-999.5,1.9,181.0,0.0,,,,,2020-02-08T17:00:00,,,,0,,,,,,,,,,,,,,,,,,,
2020-02-14 17:00:00,-9999.5,-99.5,-9995,-99.5,-999.5,1.9,181.0,0.0,,,,,2020-02-08T17:00:00,,,,0,,,,,,,,,,,,,,,,,,,
2020-02-14 18:00:00,-9999.5,-99.5,-9995,-99.5,-999.5,1.9,181.0,0.0,,,,,2020-02-08T17:00:00,,,,0,,,,,,,,,,,,,,,,,,,
2020-02-14 19:00:00,-9999.5,-99.5,-9995,-99.5,-999.5,1.9,181.0,0.0,,,,,2020-02-08T17:00:00,,,,0,,,,,,,,,,,,,,,,,,,
2020-02-14 20:00:00,-9999.5,-99.5,-9995,-99.5,-999.5,1.9,181.0,0.0,,,,,2020-02-08T17:00:00,,,,0,,,,,,,,,,,,,,,,,,,
2020-02-14 21:00:00,-9999.5,-99.5,-9995,-99.5,-999.5,1.9,181.0,0.0,,,,,2020-02-08T17:00:00,,,,0,,,,,,,,,,,,,,,,,,,
2020-02-14 22:00:00,-9999.5,-99.5,-9995,-99.5,-999.5,1.9,181.0,0.0,,,,,2020-02-08T17:00:00,,,,0,,,,,,,,,,,,,,,,,,,
2020-02-14 23:00:00,-9999.5,-99.5,-9995,-99.5,-999.5,1.9,181.0,0.0,,,,,2020-02-08T17:00:00,,,,0,,,,,,,,,,,,,,,,,,,
2020-02-15 00:00:00,-9999.5,-99.5,-9995,-99.5,-999.5,1.9,181.0,0.0,,,,,2020-02-08T17:00:00,,,,0,,,,,,,,,,,,,,,,,,,
2020-02-15 01:00:00,-9999.5,-99.5,-9995,-99.5,-999.5,1.9,181.0,0.0,,,,,2020-02-08T17:00:00,,,,0,,,,,,,,,,,,,,,,,,,
2020-02-15 02:00:00,-9999.5,-99.5,-9995,-99.5,-999.5,1.9,181.0,0.0,,,,,2020-02-08T17:00:00,,,,0,,,,,,,,,,,,,,,,,,,
2020-02-15 03:00:00,-9999.5,-99.5,-9995,-99.5,-999.5,1.9,181.0,0.0,,,,,2020-02-08T17:00:00,,,,0,,,,,,,,,,,,,,,,,,,
2020-02-15 04:00:00,-9999.5,-99.5,-9995,-99.5,-999.5,1.9,181.0,0.0,,,,,2020-02-08T17:00:00,,,,0,,,,,,,,,,,,,,,,,,,
2020-02-15 05:00:00,-9999.5,-99.5,-9995,-99.5,-999.5,1.9,181.0,0.0,,,,,2020-02-08T17:00:00,,,,0,,,,,,,,,,,,,,,,,,,
2020-02-15 06:00:00,-9999.5,-99.5,-9995,-99.5,-999.5,1.9,181.0,0.0,,,,,2020-02-08T17:00:00,,,,0,,,,,,,,,,,,,,,,,,,
2020-02-15 07:00:00,-9999.5,-99.5,-9995,-99.5,-999.5,1.9,181.0,0.0,,,,,2020-02-08T17:00:00,,,,0,,,,,,,,,,,,,,,,,,,
2020-02-15 08:00:00,-9999.5,-99.5,-9995,-99.5,-999.5,1.9,181.0,0.0,,,,,2020-02-08T17:00:00,,,,0,,,,,,,,,,,,,,,,,,,
2020-02-15 09:00:00,-9999.5,-99.5,-9995,-99.5,-999.5,1.9,181.0,0.0,,,,,2020-02-08T17:00:00,,,,0,,,,,,,,,,,,,,,,,,,
2020-02-15 10:00:00,-9999.5,-99.5,-9995,-99.5,-999.5,1.9,181.0,0.0,,,,,2020-02-08T17:00:00,,,,0,,,,,,,,,,,,,,,,,,,
2020-02-15 11:00:00,-9999.5,-99.5,-9995,-99.5,-999.5,1.9,181.0,0.0,,,,,2020-02-08T17:00:00,,,,0,,,,,,,,,,,,,,,,,,,
2020-02-15 12:00:00,-9999.5,-99.5,-9995,-99.5,-999.5,1.9,181.0,0.0,,,,,2020-02-08T17:00:00,,,,0,,,,,,,,,,,,,,,,,,,
2020-02-15 13:00:00,-9999.5,-99.5,-9995,-99.5,-999.5,1.9,181.0,0.0,,,,,2020-02-08T17:00:00,,,,0,,,,,,,,,,,,,,,,,,,
2020-02-15 14:00:00,-9999.5,-99.5,-9995,-99.5,-999.5,1.9,181.0,0.0,,,,,2020-02-08T17:00:00,,,,0,,,,,,,,,,,,,,,,,,,
2020-02-15 15:00:00,-9999.5,-99.5,-9995,-99.5,-999.5,1.9,181.0,0.0,,,,,2020-02-08T17:00:00,,,,0,,,,,,,,,,,,,,,,,,,
2020-02-15 16:00:00,-9999.5,-99.5,-9995,-99.5,-999.5,1.9,181.0,0.0,,,,,2020-02-08T17:00:00,,,,0,,,,,,,,,,,,,,,,,,,
2020-02-15 17:00:00,1008.2,24.0,83,0.0,0.0,1.3,76.0,0.0,,,,,2020-02-15T16:02:00,,,,0,,,,,,,,,,,,,,,,,,,
2020-02-15 18:00:00,1008.4,23.3,86,0.0,0.0,1.3,76.0,0.0,,,,,2020-02-15T17:36:00,,,,0,,,,,,,,,,,,,,,,,,,
2020-02-15 19:00:00,1008.6,22.0,92,0.0,0.0,0.0,0.0,0.0,,,,,2020-02-15T18:05:00,,,,0,,,,,,,,,,,,,,,,,,,
2020-02-15 20:00:00,1009.0,20.8,94,0.0,0.0,1.3,342.0,0.0,,,,,2020-02-15T19:36:00,,,,0,,,,,,,,,,,,,,,,,,,
2020-02-15 21:00:00,1008.9,19.9,96,0.0,0.0,1.3,254.0,0.0,,,,,2020-02-15T20:05:00,,,,0,,,,,,,,,,,,,,,,,,,
2020-02-15 22:00:00,1009.0,19.2,97,0.0,0.0,1.1,11.0,0.0,,,,,2020-02-15T21:41:00,,,,0,,,,,,,,,,,,,,,,,,,
2020-02-15 23:00:00,1009.0,18.8,98,0.0,0.0,1.6,8.0,0.0,,,,,2020-02-15T22:59:00,,,,0,,,,,,,,,,,,,,,,,,,
2020-02-16 00:00:00,1008.7,18.6,97,0.0,0.0,1.3,352.0,0.0,,,,,2020-02-15T23:02:00,,,,0,,,,,,,,,,,,,,,,,,,
2020-02-16 01:00:00,1008.6,18.3,98,0.0,0.0,0.0,0.0,0.0,,,,,2020-02-16T00:05:00,,,,0,,,,,,,,,,,,,,,,,,,
2020-02-16 02:00:00,1008.8,18.5,97,0.0,0.0,0.0,0.0,0.0,,,,,2020-02-16T01:05:00,,,,0,,,,,,,,,,,,,,,,,,,
2020-02-16 03:00:00,1009.5,19.0,98,1.7,350.0,3.5,332.0,0.0,,,,,2020-02-16T02:57:00,,,,0,,,,,,,,,,,,,,,,,,,
2020-02-16 04:00:00,1010.6,18.2,93,0.7,342.0,7.1,319.0,0.5,,,,,2020-02-16T03:24:00,,,,0,,,,,,,,,,,,,,,,,,,
2020-02-16 05:00:00,1011.8,16.5,93,0.7,323.0,4.9,310.0,0.0,,,,,2020-02-16T04:09:00,,,,0,,,,,,,,,,,,,,,,,,,
2020-02-16 06:00:00,1013.4,15.9,90,0.2,0.0,6.6,328.0,0.0,,,,,2020-02-16T05:34:00,,,,0,,,,,,,,,,,,,,,,,,,
2020-02-16 07:00:00,1014.8,14.8,91,0.2,0.0,5.5,353.0,0.0,,,,,2020-02-16T06:48:00,,,,0,,,,,,,,,,,,,,,,,,,
2020-02-16 08:00:00,1015.6,14.2,92,0.2,0.0,6.6,338.0,0.0,,,,,2020-02-16T07:23:00,,,,0,,,,,,,,,,,,,,,,,,,
2020-02-16 09:00:00,1016.6,14.2,92,0.5,342.0,3.0,342.0,0.0,,,,,2020-02-16T08:48:00,,,,0,,,,,,,,,,,,,,,,,,,
2020-02-16 10:00:00,1017.6,13.5,92,0.4,351.0,4.9,334.0,0.0,,,,,2020-02-16T09:23:00,,,,0,,,,,,,,,,,,,,,,,,,
2020-02-16 11:00:00,1017.9,13.1,94,0.2,0.0,5.5,297.0,0.0,,,,,2020-02-16T10:28:00,,,,0,,,,,,,,,,,,,,,,,,,
2020-02-16 12:00:00,1017.2,12.8,94,0.0,0.0,2.4,318.0,0.0,,,,,2020-02-16T11:06:00,,,,0,,,,,,,,,,,,,,,,,,,
2020-02-16 13:00:00,1017.3,12.3,95,0.0,0.0,3.0,334.0,0.0,,,,,2020-02-16T12:27:00,,,,0,,,,,,,,,,,,,,,,,,,
2020-02-16 14:00:00,1017.1,11.4,95,0.4,333.0,3.8,334.0,0.0,,,,,2020-02-16T13:40:00,,,,0,,,,,,,,,,,,,,,,,,,
2020-02-16 15:00:00,1017.5,11.0,96,0.5,351.0,4.1,347.0,0.5,,,,,2020-02-16T14:57:00,,,,0,,,,,,,,,,,,,,,,,,,
2020-02-16 16:00:00,1017.6,10.1,94,1.8,339.0,3.8,263.0,0.5,,,,,2020-02-16T15:22:00,,,,0,,,,,,,,,,,,,,,,,,,
2020-02-16 17:00:00,1018.6,9.8,96,0.2,0.0,4.9,328.0,1.5,,,,,2020-02-16T16:05:00,,,,0,,,,,,,,,,,,,,,,,,,
2020-02-16 18:00:00,1019.3,9.6,97,0.4,315.0,2.4,320.0,1.0,,,,,2020-02-16T17:56:00,,,,0,,,,,,,,,,,,,,,,,,,
2020-02-16 19:00:00,1020.2,9.5,95,1.4,349.0,6.0,316.0,1.0,,,,,2020-02-16T18:30:00,,,,0,,,,,,,,,,,,,,,,,,,
2020-02-16 20:00:00,1020.6,9.5,90,0.0,0.0,5.5,354.0,0.0,,,,,2020-02-16T19:02:00,,,,0,,,,,,,,,,,,,,,,,,,
2020-02-16 21:00:00,1020.9,9.5,94,0.0,0.0,1.3,14.0,0.0,,,,,2020-02-16T20:42:00,,,,0,,,,,,,,,,,,,,,,,,,
2020-02-16 22:00:00,1021.2,10.1,86,0.4,343.0,3.8,306.0,0.0,,,,,2020-02-16T21:44:00,,,,0,,,,,,,,,,,,,,,,,,,
2020-02-16 23:00:00,1021.4,9.7,89,0.1,0.0,4.1,327.0,0.0,,,,,2020-02-16T22:13:00,,,,0,,,,,,,,,,,,,,,,,,,
2020-02-17 00:00:00,1021.1,9.4,93,0.0,0.0,1.6,354.0,0.0,,,,,2020-02-16T23:01:00,,,,0,,,,,,,,,,,,,,,,,,,
2020-02-17 01:00:00,1021.1,10.1,80,0.4,340.0,2.4,345.0,0.0,,,,,2020-02-17T00:15:00,,,,0,,,,,,,,,,,,,,,,,,,
2020-02-17 02:00:00,1020.8,10.1,81,0.3,333.0,3.0,336.0,0.0,,,,,2020-02-17T01:10:00,,,,0,,,,,,,,,,,,,,,,,,,
2020-02-17 03:00:00,1020.2,10.1,80,0.0,0.0,1.3,343.0,0.0,,,,,2020-02-17T02:01:00,,,,0,,,,,,,,,,,,,,,,,,,
2020-02-17 04:00:00,1020.1,10.5,77,0.9,332.0,3.8,288.0,0.0,,,,,2020-02-17T03:53:00,,,,0,,,,,,,,,,,,,,,,,,,
2020-02-17 05:00:00,1020.7,10.4,79,0.6,340.0,3.3,333.0,0.0,,,,,2020-02-17T04:09:00,,,,0,,,,,,,,,,,,,,,,,,,
2020-02-17 06:00:00,1021.3,10.3,76,0.4,346.0,3.0,10.0,0.0,,,,,2020-02-17T05:09:00,,,,0,,,,,,,,,,,,,,,,,,,
2020-02-17 07:00:00,1022.4,10.3,75,0.3,332.0,2.4,331.0,0.0,,,,,2020-02-17T06:22:00,,,,0,,,,,,,,,,,,,,,,,,,
2020-02-17 08:00:00,1022.9,10.9,73,0.4,329.0,3.8,345.0,0.0,,,,,2020-02-17T07:45:00,,,,0,,,,,,,,,,,,,,,,,,,
2020-02-17 09:00:00,1023.4,10.8,70,1.2,344.0,5.5,338.0,0.0,,,,,2020-02-17T08:19:00,,,,0,,,,,,,,,,,,,,,,,,,
2020-02-17 10:00:00,1024.3,10.6,70,0.6,338.0,4.9,337.0,0.0,,,,,2020-02-17T09:32:00,,,,0,,,,,,,,,,,,,,,,,,,
2020-02-17 11:00:00,1024.6,10.1,70,2.1,340.0,6.0,323.0,0.0,,,,,2020-02-17T10:56:00,,,,0,,,,,,,,,,,,,,,,,,,
2020-02-17 12:00:00,1024.1,9.8,66,2.4,337.0,7.1,33.0,0.0,,,,,2020-02-17T11:23:00,,,,0,,,,,,,,,,,,,,,,,,,
2020-02-17 13:00:00,1023.7,10.6,61,1.1,341.0,6.6,350.0,0.0,,,,,2020-02-17T12:14:00,,,,0,,,,,,,,,,,,,,,,,,,
2020-02-17 14:00:00,1022.9,11.2,58,1.2,334.0,6.0,334.0,0.0,,,,,2020-02-17T13:50:00,,,,0,,,,,,,,,,,,,,,,,,,
2020-02-17 15:00:00,1022.8,11.3,61,1.0,320.0,6.0,333.0,0.0,,,,,2020-02-17T14:33:00,,,,0,,,,,,,,,,,,,,,,,,,
2020-02-17 16:00:00,1023.2,10.6,66,1.0,331.0,5.5,328.0,0.0,,,,,2020-02-17T15:09:00,,,,0,,,,,,,,,,,,,,,,,,,
2020-02-17 17:00:00,1023.5,10.7,63,0.9,337.0,4.9,332.0,0.0,,,,,2020-02-17T16:33:00,,,,0,,,,,,,,,,,,,,,,,,,
2020-02-17 18:00:00,1024.2,9.6,71,0.0,0.0,3.0,352.0,0.0,,,,,2020-02-17T17:16:00,,,,0,,,,,,,,,,,,,,,,,,,
2020-02-17 19:00:00,1025.0,8.0,88,0.3,304.0,1.9,311.0,0.0,,,,,2020-02-17T19:00:00,,,,0,,,,,,,,,,,,,,,,,,,
2020-02-17 20:00:00,1025.7,7.3,93,0.1,0.0,1.9,307.0,0.0,,,,,2020-02-17T19:05:00,,,,0,,,,,,,,,,,,,,,,,,,
2020-02-17 21:00:00,1026.0,6.7,95,0.3,307.0,2.2,285.0,0.0,,,,,2020-02-17T20:21:00,,,,0,,,,,,,,,,,,,,,,,,,
2020-02-17 22:00:00,1025.8,6.6,95,0.2,0.0,2.2,276.0,0.0,,,,,2020-02-17T21:14:00,,,,0,,,,,,,,,,,,,,,,,,,
2020-02-17 23:00:00,1025.9,6.2,96,0.1,0.0,2.4,285.0,0.0,,,,,2020-02-17T22:05:00,,,,0,,,,,,,,,,,,,,,,,,,
2020-02-18 00:00:00,1025.5,6.4,97,0.0,0.0,1.6,325.0,0.0,,,,,2020-02-17T23:04:00,,,,0,,,,,,,,,,,,,,,,,,,
2020-02-18 01:00:00,1025.0,6.6,96,0.1,0.0,1.9,330.0,0.0,,,,,2020-02-18T00:38:00,,,,0,,,,,,,,,,,,,,,,,,,
2020-02-18 02:00:00,1024.5,6.8,95,0.1,0.0,1.9,328.0,0.0,,,,,2020-02-18T01:05:00,,,,0,,,,,,,,,,,,,,,,,,,
2020-02-18 03:00:00,1023.8,7.3,95,0.0,0.0,1.6,250.0,0.0,,,,,2020-02-18T02:24:00,,,,0,,,,,,,,,,,,,,,,,,,
2020-02-18 04:00:00,1023.9,7.5,96,0.2,0.0,1.9,265.0,0.0,,,,,2020-02-18T03:02:00,,,,0,,,,,,,,,,,,,,,,,,,
2020-02-18 05:00:00,1023.9,7.7,96,0.0,0.0,1.3,284.0,0.0,,,,,2020-02-18T04:09:00,,,,0,,,,,,,,,,,,,,,,,,,
2020-02-18 06:00:00,1024.4,7.8,95,0.0,0.0,1.6,345.0,0.0,,,,,2020-02-18T05:26:00,,,,0,,,,,,,,,,,,,,,,,,,
2020-02-18 07:00:00,1025.3,8.2,95,0.1,0.0,1.9,322.0,0.0,,,,,2020-02-18T06:31:00,,,,0,,,,,,,,,,,,,,,,,,,
2020-02-18 08:00:00,1025.5,8.8,93,0.2,0.0,1.9,242.0,0.0,,,,,2020-02-18T07:42:00,,,,0,,,,,,,,,,,,,,,,,,,
2020-02-18 09:00:00,1026.0,9.9,90,0.2,0.0,1.9,276.0,0.0,,,,,2020-02-18T08:08:00,,,,0,,,,,,,,,,,,,,,,,,,
2020-02-18 10:00:00,1025.8,12.2,76,0.3,189.0,1.9,298.0,0.0,,,,,2020-02-18T09:23:00,,,,0,,,,,,,,,,,,,,,,,,,
2020-02-18 11:00:00,1025.1,13.7,61,0.1,0.0,2.7,162.0,0.0,,,,,2020-02-18T10:22:00,,,,0,,,,,,,,,,,,,,,,,,,
2020-02-18 12:00:00,1023.9,14.5,60,0.6,186.0,3.0,337.0,0.0,,,,,2020-02-18T11:50:00,,,,0,,,,,,,,,,,,,,,,,,,
2020-02-18 13:00:00,1023.0,14.4,61,0.3,182.0,3.3,125.0,0.0,,,,,2020-02-18T12:24:00,,,,0,,,,,,,,,,,,,,,,,,,
2020-02-18 14:00:00,1022.2,13.6,65,0.0,0.0,2.7,191.0,0.0,,,,,2020-02-18T13:01:00,,,,0,,,,,,,,,,,,,,,,,,,
2020-02-18 15:00:00,1021.9,13.1,66,0.0,0.0,1.6,176.0,0.0,,,,,2020-02-18T14:30:00,,,,0,,,,,,,,,,,,,,,,,,,
2020-02-18 16:00:00,1022.0,12.6,70,0.0,0.0,1.9,179.0,0.0,,,,,2020-02-18T15:25:00,,,,0,,,,,,,,,,,,,,,,,,,
2020-02-18 17:00:00,1022.3,12.3,71,0.0,0.0,1.9,208.0,0.0,,,,,2020-02-18T16:37:00,,,,0,,,,,,,,,,,,,,,,,,,
2020-02-18 18:00:00,1022.5,12.2,76,0.0,0.0,1.6,193.0,0.0,,,,,2020-02-18T17:02:00,,,,0,,,,,,,,,,,,,,,,,,,
2020-02-18 19:00:00,1022.5,11.2,87,0.0,0.0,1.3,316.0,0.0,,,,,2020-02-18T18:15:00,,,,0,,,,,,,,,,,,,,,,,,,
2020-02-18 20:00:00,1022.7,10.9,91,0.0,0.0,1.9,330.0,0.0,,,,,2020-02-18T19:24:00,,,,0,,,,,,,,,,,,,,,,,,,
2020-02-18 21:00:00,1022.7,10.8,91,0.2,0.0,1.9,268.0,0.0,,,,,2020-02-18T20:57:00,,,,0,,,,,,,,,,,,,,,,,,,
2020-02-18 22:00:00,1022.7,10.7,92,0.0,0.0,1.9,251.0,0.0,,,,,2020-02-18T21:12:00,,,,0,,,,,,,,,,,,,,,,,,,
2020-02-18 23:00:00,1022.3,10.6,93,0.0,0.0,1.9,264.0,0.0,,,,,2020-02-18T22:31:00,,,,0,,,,,,,,,,,,,,,,,,,
2020-02-19 00:00:00,1021.9,10.7,94,0.0,0.0,1.3,331.0,0.0,,,,,2020-02-18T23:19:00,,,,0,,,,,,,,,,,,,,,,,,,
2020-02-19 01:00:00,1021.6,10.7,94,0.0,0.0,1.9,240.0,0.0,,,,,2020-02-19T00:21:00,,,,0,,,,,,,,,,,,,,,,,,,
2020-02-19 02:00:00,1021.2,10.7,95,0.0,0.0,1.3,287.0,0.0,,,,,2020-02-19T01:02:00,,,,0,,,,,,,,,,,,,,,,,,,
2020-02-19 03:00:00,1020.6,10.9,95,0.0,0.0,0.8,306.0,0.0,,,,,2020-02-19T02:07:00,,,,0,,,,,,,,,,,,,,,,,,,
2020-02-19 04:00:00,1020.6,11.0,95,0.0,0.0,0.0,0.0,0.0,,,,,2020-02-19T03:05:00,,,,0,,,,,,,,,,,,,,,,,,,
2020-02-19 05:00:00,1020.6,11.2,96,0.0,0.0,1.3,260.0,0.0,,,,,2020-02-19T04:54:00,,,,0,,,,,,,,,,,,,,,,,,,
2020-02-19 06:00:00,1021.1,11.2,95,0.0,0.0,2.2,258.0,0.0,,,,,2020-02-19T05:12:00,,,,0,,,,,,,,,,,,,,,,,,,
2020-02-19 07:00:00,1021.3,11.2,95,0.0,0.0,0.0,0.0,0.0,,,,,2020-02-19T06:05:00,,,,0,,,,,,,,,,,,,,,,,,,
2020-02-19 08:00:00,1021.5,11.7,94,0.0,0.0,1.3,327.0,0.0,,,,,2020-02-19T07:51:00,,,,0,,,,,,,,,,,,,,,,,,,
2020-02-19 09:00:00,1021.6,13.6,85,0.0,0.0,0.0,0.0,0.0,,,,,2020-02-19T08:05:00,,,,0,,,,,,,,,,,,,,,,,,,
2020-02-19 10:00:00,1021.1,17.1,71,0.5,189.0,2.4,201.0,0.0,,,,,2020-02-19T10:00:00,,,,0,,,,,,,,,,,,,,,,,,,
2020-02-19 11:00:00,1020.2,17.7,65,0.5,133.0,4.9,195.0,0.0,,,,,2020-02-19T10:31:00,,,,0,,,,,,,,,,,,,,,,,,,
2020-02-19 12:00:00,1019.5,18.6,63,0.6,166.0,4.9,171.0,0.0,,,,,2020-02-19T11:29:00,,,,0,,,,,,,,,,,,,,,,,,,
2020-02-19 13:00:00,1019.0,18.6,63,0.4,106.0,3.5,176.0,0.0,,,,,2020-02-19T12:15:00,,,,0,,,,,,,,,,,,,,,,,,,
2020-02-19 14:00:00,1018.0,18.9,61,0.9,175.0,3.3,165.0,0.0,,,,,2020-02-19T13:58:00,,,,0,,,,,,,,,,,,,,,,,,,
2020-02-19 15:00:00,1018.1,19.3,60,0.7,174.0,2.7,179.0,0.0,,,,,2020-02-19T14:38:00,,,,0,,,,,,,,,,,,,,,,,,,
2020-02-19 16:00:00,1017.9,18.9,64,0.0,0.0,3.3,191.0,0.0,,,,,2020-02-19T15:20:00,,,,0,,,,,,,,,,,,,,,,,,,
2020-02-19 17:00:00,1018.4,18.4,70,0.0,0.0,1.9,204.0,0.0,,,,,2020-02-19T16:03:00,,,,0,,,,,,,,,,,,,,,,,,,
2020-02-19 18:00:00,1018.6,17.3,78,0.0,0.0,0.0,0.0,0.0,,,,,2020-02-19T17:05:00,,,,0,,,,,,,,,,,,,,,,,,,
2020-02-19 19:00:00,1019.0,15.9,86,0.0,0.0,0.0,0.0,0.0,,,,,2020-02-19T18:05:00,,,,0,,,,,,,,,,,,,,,,,,,
2020-02-19 20:00:00,1019.5,15.3,90,0.0,0.0,0.0,0.0,0.0,,,,,2020-02-19T19:05:00,,,,0,,,,,,,,,,,,,,,,,,,
2020-02-19 21:00:00,1019.9,14.8,92,0.0,0.0,1.3,313.0,0.0,,,,,2020-02-19T20:42:00,,,,0,,,,,,,,,,,,,,,,,,,
2020-02-19 22:00:00,1019.8,13.4,95,0.0,0.0,0.8,348.0,0.0,,,,,2020-02-19T21:49:00,,,,0,,,,,,,,,,,,,,,,,,,
2020-02-19 23:00:00,1019.4,12.4,97,0.0,0.0,1.3,332.0,0.0,,,,,2020-02-19T22:23:00,,,,0,,,,,,,,,,,,,,,,,,,
2020-02-20 00:00:00,1019.4,11.5,98,0.0,0.0,1.6,333.0,0.0,,,,,2020-02-19T23:43:00,,,,0,,,,,,,,,,,,,,,,,,,
2020-02-20 01:00:00,1019.1,11.2,98,0.0,0.0,1.6,321.0,0.0,,,,,2020-02-20T00:33:00,,,,0,,,,,,,,,,,,,,,,,,,
2020-02-20 02:00:00,1019.2,10.9,99,0.0,0.0,1.3,17.0,0.0,,,,,2020-02-20T01:11:00,,,,0,,,,,,,,,,,,,,,,,,,
2020-02-20 03:00:00,1018.8,10.5,99,0.0,0.0,1.1,318.0,0.0,,,,,2020-02-20T02:38:00,,,,0,,,,,,,,,,,,,,,,,,,
2020-02-20 04:00:00,1018.7,10.2,99,0.0,0.0,0.8,337.0,0.0,,,,,2020-02-20T03:08:00,,,,0,,,,,,,,,,,,,,,,,,,
2020-02-20 05:00:00,1019.3,10.0,99,0.0,0.0,0.0,0.0,0.0,,,,,2020-02-20T04:05:00,,,,0,,,,,,,,,,,,,,,,,,,
2020-02-20 06:00:00,1020.1,10.1,99,0.0,0.0,0.0,0.0,0.0,,,,,2020-02-20T05:05:00,,,,0,,,,,,,,,,,,,,,,,,,
2020-02-20 07:00:00,1020.9,10.4,99,0.0,0.0,0.0,0.0,0.0,,,,,2020-02-20T06:05:00,,,,0,,,,,,,,,,,,,,,,,,,
2020-02-20 08:00:00,1021.8,12.0,99,0.0,0.0,0.0,0.0,0.0,,,,,2020-02-20T07:05:00,,,,0,,,,,,,,,,,,,,,,,,,
2020-02-20 09:00:00,1022.1,15.0,93,0.0,0.0,0.8,344.0,0.0,,,,,2020-02-20T08:22:00,,,,0,,,,,,,,,,,,,,,,,,,
2020-02-20 10:00:00,1022.3,19.3,80,0.0,0.0,1.3,188.0,0.0,,,,,2020-02-20T09:55:00,,,,0,,,,,,,,,,,,,,,,,,,
2020-02-20 11:00:00,1022.1,20.1,77,0.0,0.0,1.9,166.0,0.0,,,,,2020-02-20T10:10:00,,,,0,,,,,,,,,,,,,,,,,,,
2020-02-20 12:00:00,1021.7,19.9,77,0.7,175.0,3.5,183.0,0.0,,,,,2020-02-20T11:48:00,,,,0,,,,,,,,,,,,,,,,,,,
2020-02-20 13:00:00,1020.9,20.2,74,0.3,178.0,3.5,149.0,0.0,,,,,2020-02-20T12:05:00,,,,0,,,,,,,,,,,,,,,,,,,
2020-02-20 14:00:00,1020.8,18.2,85,0.0,0.0,3.0,153.0,0.0,,,,,2020-02-20T13:13:00,,,,0,,,,,,,,,,,,,,,,,,,
2020-02-20 15:00:00,1020.7,17.6,87,0.6,180.0,3.0,181.0,0.0,,,,,2020-02-20T14:41:00,,,,0,,,,,,,,,,,,,,,,,,,
2020-02-20 16:00:00,1021.0,17.8,88,0.0,0.0,2.2,207.0,0.0,,,,,2020-02-20T15:24:00,,,,0,,,,,,,,,,,,,,,,,,,
2020-02-20 17:00:00,1021.2,17.4,92,0.0,0.0,0.8,161.0,0.0,,,,,2020-02-20T16:18:00,,,,0,,,,,,,,,,,,,,,,,,,
2020-02-20 18:00:00,1021.3,17.0,95,0.0,0.0,1.3,206.0,1.5,,,,,2020-02-20T17:41:00,,,,0,,,,,,,,,,,,,,,,,,,
2020-02-20 19:00:00,1021.8,16.7,97,0.0,0.0,0.8,189.0,1.5,,,,,2020-02-20T18:07:00,,,,0,,,,,,,,,,,,,,,,,,,
2020-02-20 20:00:00,1022.3,16.3,98,0.0,0.0,0.0,0.0,0.0,,,,,2020-02-20T19:05:00,,,,0,,,,,,,,,,,,,,,,,,,
2020-02-20 21:00:00,1022.3,16.4,98,0.0,0.0,1.3,134.0,0.0,,,,,2020-02-20T20:24:00,,,,0,,,,,,,,,,,,,,,,,,,
2020-02-20 22:00:00,1022.4,16.4,98,0.1,0.0,1.3,326.0,0.0,,,,,2020-02-20T22:00:00,,,,0,,,,,,,,,,,,,,,,,,,
2020-02-20 23:00:00,1022.2,16.2,98,0.0,0.0,1.3,321.0,0.0,,,,,2020-02-20T22:01:00,,,,0,,,,,,,,,,,,,,,,,,,
2020-02-21 00:00:00,1021.9,15.9,98,0.0,0.0,0.0,0.0,0.0,,,,,2020-02-20T23:05:00,,,,0,,,,,,,,,,,,,,,,,,,
2020-02-21 01:00:00,1021.8,15.5,99,0.0,0.0,1.3,249.0,0.0,,,,,2020-02-21T00:19:00,,,,0,,,,,,,,,,,,,,,,,,,
2020-02-21 02:00:00,1021.6,15.2,99,0.0,0.0,1.3,348.0,0.0,,,,,2020-02-21T01:42:00,,,,0,,,,,,,,,,,,,,,,,,,
2020-02-21 03:00:00,1021.2,15.3,100,0.2,0.0,2.7,63.0,0.0,,,,,2020-02-21T02:47:00,,,,0,,,,,,,,,,,,,,,,,,,
2020-02-21 04:00:00,1020.9,15.7,99,0.0,0.0,1.3,352.0,0.0,,,,,2020-02-21T03:06:00,,,,0,,,,,,,,,,,,,,,,,,,
2020-02-21 05:00:00,1021.1,15.5,99,0.0,0.0,0.8,265.0,0.0,,,,,2020-02-21T04:47:00,,,,0,,,,,,,,,,,,,,,,,,,
2020-02-21 06:00:00,1021.8,15.0,99,0.0,0.0,1.3,338.0,0.0,,,,,2020-02-21T05:11:00,,,,0,,,,,,,,,,,,,,,,,,,
2020-02-21 07:00:00,1022.3,14.8,99,0.0,0.0,1.3,265.0,0.0,,,,,2020-02-21T06:34:00,,,,0,,,,,,,,,,,,,,,,,,,
2020-02-21 08:00:00,1022.8,15.7,99,0.0,0.0,1.3,267.0,0.0,,,,,2020-02-21T07:03:00,,,,0,,,,,,,,,,,,,,,,,,,
2020-02-21 09:00:00,1023.0,17.5,98,0.0,0.0,1.3,324.0,0.0,,,,,2020-02-21T08:30:00,,,,0,,,,,,,,,,,,,,,,,,,
2020-02-21 10:00:00,1022.9,20.6,85,0.1,0.0,3.0,66.0,0.5,,,,,2020-02-21T09:05:00,,,,0,,,,,,,,,,,,,,,,,,,
2020-02-21 11:00:00,1022.2,22.7,72,0.7,164.0,3.3,146.0,0.0,,,,,2020-02-21T10:50:00,,,,0,,,,,,,,,,,,,,,,,,,
2020-02-21 12:00:00,1021.4,22.4,70,0.2,0.0,6.6,145.0,0.0,,,,,2020-02-21T11:20:00,,,,0,,,,,,,,,,,,,,,,,,,
2020-02-21 13:00:00,1020.3,23.1,70,0.3,134.0,6.6,265.0,0.0,,,,,2020-02-21T12:03:00,,,,0,,,,,,,,,,,,,,,,,,,
2020-02-21 14:00:00,1019.5,23.8,65,0.5,176.0,4.9,202.0,0.0,,,,,2020-02-21T13:52:00,,,,0,,,,,,,,,,,,,,,,,,,
2020-02-21 15:00:00,1019.2,23.5,66,0.1,0.0,5.5,170.0,0.0,,,,,2020-02-21T14:36:00,,,,0,,,,,,,,,,,,,,,,,,,
2020-02-21 16:00:00,1019.1,22.8,66,0.4,163.0,5.5,155.0,0.0,,,,,2020-02-21T15:12:00,,,,0,,,,,,,,,,,,,,,,,,,
2020-02-21 17:00:00,1019.2,22.0,71,0.3,157.0,4.9,168.0,0.0,,,,,2020-02-21T16:54:00,,,,0,,,,,,,,,,,,,,,,,,,
2020-02-21 18:00:00,1019.3,20.8,77,0.6,4.0,3.0,172.0,0.0,,,,,2020-02-21T17:11:00,,,,0,,,,,,,,,,,,,,,,,,,
2020-02-21 19:00:00,1020.1,18.3,89,0.0,0.0,2.7,10.0,0.0,,,,,2020-02-21T18:10:00,,,,0,,,,,,,,,,,,,,,,,,,
2020-02-21 20:00:00,1021.1,17.1,93,0.0,0.0,1.3,355.0,0.0,,,,,2020-02-21T19:21:00,,,,0,,,,,,,,,,,,,,,,,,,
2020-02-21 21:00:00,1021.7,16.2,95,0.0,0.0,0.8,335.0,0.0,,,,,2020-02-21T20:01:00,,,,0,,,,,,,,,,,,,,,,,,,
2020-02-21 22:00:00,1021.7,15.5,96,0.0,0.0,0.8,350.0,0.0,,,,,2020-02-21T21:21:00,,,,0,,,,,,,,,,,,,,,,,,,
2020-02-21 23:00:00,1021.7,14.8,98,0.2,0.0,1.6,328.0,0.0,,,,,2020-02-21T22:42:00,,,,0,,,,,,,,,,,,,,,,,,,
2020-02-22 00:00:00,1021.3,14.2,98,0.0,0.0,1.3,326.0,0.0,,,,,2020-02-21T23:02:00,,,,0,,,,,,,,,,,,,,,,,,,
2020-02-22 01:00:00,1020.9,13.7,98,0.0,0.0,0.0,0.0,0.0,,,,,2020-02-22T00:05:00,,,,0,,,,,,,,,,,,,,,,,,,
2020-02-22 02:00:00,1020.9,13.4,99,0.0,0.0,0.0,0.0,0.0,,,,,2020-02-22T01:05:00,,,,0,,,,,,,,,,,,,,,,,,,
2020-02-22 03:00:00,1020.9,13.1,99,0.0,0.0,0.8,318.0,0.0,,,,,2020-02-22T02:16:00,,,,0,,,,,,,,,,,,,,,,,,,
2020-02-22 04:00:00,1020.9,13.5,100,0.0,0.0,0.0,0.0,0.0,,,,,2020-02-22T03:05:00,,,,0,,,,,,,,,,,,,,,,,,,
2020-02-22 05:00:00,1021.0,13.4,99,0.0,0.0,0.0,0.0,0.0,,,,,2020-02-22T04:05:00,,,,0,,,,,,,,,,,,,,,,,,,
2020-02-22 06:00:00,1021.6,13.4,100,0.0,0.0,0.8,345.0,0.0,,,,,2020-02-22T05:20:00,,,,0,,,,,,,,,,,,,,,,,,,
2020-02-22 07:00:00,1022.1,13.2,100,0.1,0.0,1.3,353.0,0.0,,,,,2020-02-22T06:32:00,,,,0,,,,,,,,,,,,,,,,,,,
2020-02-22 08:00:00,1022.9,14.7,99,0.0,0.0,0.0,0.0,0.0,,,,,2020-02-22T07:05:00,,,,0,,,,,,,,,,,,,,,,,,,
2020-02-22 09:00:00,1023.2,17.3,93,0.0,0.0,1.3,311.0,0.0,,,,,2020-02-22T08:16:00,,,,0,,,,,,,,,,,,,,,,,,,
2020-02-22 10:00:00,1023.1,21.0,79,0.2,0.0,1.3,340.0,0.0,,,,,2020-02-22T09:25:00,,,,0,,,,,,,,,,,,,,,,,,,
2020-02-22 11:00:00,1022.9,21.1,82,0.9,339.0,3.0,346.0,0.0,,,,,2020-02-22T10:40:00,,,,0,,,,,,,,,,,,,,,,,,,
2020-02-22 12:00:00,1022.6,20.5,86,1.1,178.0,3.5,174.0,0.0,,,,,2020-02-22T11:59:00,,,,0,,,,,,,,,,,,,,,,,,,
2020-02-22 13:00:00,1022.1,18.7,95,0.4,189.0,3.0,106.0,0.0,,,,,2020-02-22T12:24:00,,,,0,,,,,,,,,,,,,,,,,,,
2020-02-22 14:00:00,1021.6,18.3,94,0.2,0.0,3.0,208.0,0.0,,,,,2020-02-22T13:10:00,,,,0,,,,,,,,,,,,,,,,,,,
2020-02-22 15:00:00,1021.4,18.0,96,0.2,0.0,1.6,189.0,0.5,,,,,2020-02-22T14:13:00,,,,0,,,,,,,,,,,,,,,,,,,
2020-02-22 16:00:00,1021.5,17.3,98,0.2,0.0,3.3,141.0,3.0,,,,,2020-02-22T15:46:00,,,,0,,,,,,,,,,,,,,,,,,,
2020-02-22 17:00:00,1021.9,16.9,98,0.0,0.0,2.7,183.0,4.0,,,,,2020-02-22T16:02:00,,,,0,,,,,,,,,,,,,,,,,,,
2020-02-22 18:00:00,1022.3,16.7,99,0.2,0.0,2.2,188.0,4.5,,,,,2020-02-22T17:25:00,,,,0,,,,,,,,,,,,,,,,,,,
2020-02-22 19:00:00,1022.7,16.6,99,0.0,0.0,1.6,195.0,5.5,,,,,2020-02-22T18:05:00,,,,0,,,,,,,,,,,,,,,,,,,
2020-02-22 20:00:00,1023.3,16.6,99,0.2,0.0,2.4,199.0,5.5,,,,,2020-02-22T19:09:00,,,,0,,,,,,,,,,,,,,,,,,,
2020-02-22 21:00:00,1023.8,16.2,99,0.3,173.0,2.4,141.0,3.5,,,,,2020-02-22T20:01:00,,,,0,,,,,,,,,,,,,,,,,,,
2020-02-22 22:00:00,1024.1,16.2,97,0.2,0.0,2.4,159.0,0.5,,,,,2020-02-22T21:45:00,,,,0,,,,,,,,,,,,,,,,,,,
2020-02-22 23:00:00,1024.2,16.2,96,0.1,0.0,2.4,145.0,0.5,,,,,2020-02-22T22:41:00,,,,0,,,,,,,,,,,,,,,,,,,
2020-02-23 00:00:00,1023.8,16.1,97,0.0,0.0,2.2,189.0,1.0,,,,,2020-02-22T23:05:00,,,,0,,,,,,,,,,,,,,,,,,,
2020-02-23 01:00:00,1023.5,15.9,97,0.0,0.0,1.3,197.0,0.5,,,,,2020-02-23T00:16:00,,,,0,,,,,,,,,,,,,,,,,,,
2020-02-23 02:00:00,1023.4,15.1,97,0.0,0.0,2.4,78.0,1.0,,,,,2020-02-23T01:42:00,,,,0,,,,,,,,,,,,,,,,,,,
2020-02-23 03:00:00,1023.0,15.1,98,0.0,0.0,1.3,186.0,0.0,,,,,2020-02-23T02:11:00,,,,0,,,,,,,,,,,,,,,,,,,
2020-02-23 04:00:00,1022.9,14.7,98,0.0,0.0,1.6,354.0,0.0,,,,,2020-02-23T03:03:00,,,,0,,,,,,,,,,,,,,,,,,,
2020-02-23 05:00:00,1022.9,14.4,99,0.0,0.0,1.9,258.0,0.0,,,,,2020-02-23T04:30:00,,,,0,,,,,,,,,,,,,,,,,,,
2020-02-23 06:00:00,1023.1,14.2,99,0.4,319.0,1.9,242.0,0.0,,,,,2020-02-23T05:31:00,,,,0,,,,,,,,,,,,,,,,,,,
2020-02-23 07:00:00,1023.5,14.2,99,0.2,0.0,2.7,243.0,0.0,,,,,2020-02-23T06:22:00,,,,0,,,,,,,,,,,,,,,,,,,
2020-02-23 08:00:00,1023.8,14.6,99,0.0,0.0,1.9,251.0,0.0,,,,,2020-02-23T07:15:00,,,,0,,,,,,,,,,,,,,,,,,,
2020-02-23 09:00:00,1024.0,15.4,98,0.0,0.0,1.3,280.0,0.0,,,,,2020-02-23T08:06:00,,,,0,,,,,,,,,,,,,,,,,,,
2020-02-23 10:00:00,1023.9,17.2,90,0.0,0.0,1.3,266.0,0.0,,,,,2020-02-23T09:16:00,,,,0,,,,,,,,,,,,,,,,,,,
2020-02-23 11:00:00,1023.4,17.7,86,0.0,0.0,2.7,134.0,0.0,,,,,2020-02-23T10:04:00,,,,0,,,,,,,,,,,,,,,,,,,
2020-02-23 12:00:00,1022.6,17.6,88,0.0,0.0,0.8,176.0,0.0,,,,,2020-02-23T11:53:00,,,,0,,,,,,,,,,,,,,,,,,,
2020-02-23 13:00:00,1021.5,17.4,92,0.0,0.0,1.6,82.0,0.0,,,,,2020-02-23T12:08:00,,,,0,,,,,,,,,,,,,,,,,,,
2020-02-23 14:00:00,1020.4,17.3,94,0.0,0.0,0.8,130.0,0.0,,,,,2020-02-23T13:48:00,,,,0,,,,,,,,,,,,,,,,,,,
2020-02-23 15:00:00,1019.7,17.1,96,0.0,0.0,0.8,314.0,1.0,,,,,2020-02-23T14:36:00,,,,0,,,,,,,,,,,,,,,,,,,
2020-02-23 16:00:00,1019.4,17.1,97,0.0,0.0,0.8,254.0,0.0,,,,,2020-02-23T15:09:00,,,,0,,,,,,,,,,,,,,,,,,,
2020-02-23 17:00:00,1019.4,17.3,97,0.0,0.0,0.8,222.0,0.0,,,,,2020-02-23T16:01:00,,,,0,,,,,,,,,,,,,,,,,,,
2020-02-23 18:00:00,1019.5,17.3,97,0.0,0.0,0.0,0.0,0.0,,,,,2020-02-23T17:05:00,,,,0,,,,,,,,,,,,,,,,,,,
2020-02-23 19:00:00,1019.6,17.1,98,0.0,0.0,0.0,0.0,0.0,,,,,2020-02-23T18:05:00,,,,0,,,,,,,,,,,,,,,,,,,
2020-02-23 20:00:00,1020.0,16.9,98,0.0,0.0,0.0,0.0,0.0,,,,,2020-02-23T19:05:00,,,,0,,,,,,,,,,,,,,,,,,,
2020-02-23 21:00:00,1020.0,16.9,98,0.0,0.0,0.0,0.0,0.0,,,,,2020-02-23T20:05:00,,,,0,,,,,,,,,,,,,,,,,,,
2020-02-23 22:00:00,1020.0,17.0,99,0.0,0.0,1.3,332.0,0.0,,,,,2020-02-23T21:37:00,,,,0,,,,,,,,,,,,,,,,,,,
2020-02-23 23:00:00,1019.6,17.5,99,0.0,0.0,0.0,0.0,0.0,,,,,2020-02-23T22:05:00,,,,0,,,,,,,,,,,,,,,,,,,
2020-02-24 00:00:00,1019.2,17.4,99,0.0,0.0,0.0,0.0,0.0,,,,,2020-02-23T23:05:00,,,,0,,,,,,,,,,,,,,,,,,,
2020-02-24 01:00:00,1018.6,17.6,99,0.0,0.0,0.8,151.0,0.0,,,,,2020-02-24T00:48:00,,,,0,,,,,,,,,,,,,,,,,,,
2020-02-24 02:00:00,1018.0,17.6,99,0.1,0.0,1.3,344.0,0.5,,,,,2020-02-24T01:57:00,,,,0,,,,,,,,,,,,,,,,,,,
2020-02-24 03:00:00,1017.4,17.6,98,0.2,0.0,1.6,99.0,0.0,,,,,2020-02-24T02:56:00,,,,0,,,,,,,,,,,,,,,,,,,
2020-02-24 04:00:00,1016.6,17.8,97,0.2,0.0,3.3,156.0,0.0,,,,,2020-02-24T03:22:00,,,,0,,,,,,,,,,,,,,,,,,,
2020-02-24 05:00:00,1016.5,18.1,96,0.0,0.0,2.4,188.0,0.5,,,,,2020-02-24T04:13:00,,,,0,,,,,,,,,,,,,,,,,,,
2020-02-24 06:00:00,1017.1,18.5,95,0.5,82.0,3.0,127.0,0.0,,,,,2020-02-24T05:56:00,,,,0,,,,,,,,,,,,,,,,,,,
2020-02-24 07:00:00,1017.7,18.7,96,0.0,0.0,3.5,156.0,0.0,,,,,2020-02-24T06:04:00,,,,0,,,,,,,,,,,,,,,,,,,
2020-02-24 08:00:00,1018.1,18.7,96,0.0,0.0,1.3,42.0,0.5,,,,,2020-02-24T07:05:00,,,,0,,,,,,,,,,,,,,,,,,,
2020-02-24 09:00:00,1018.4,18.8,96,0.5,144.0,3.5,134.0,1.0,,,,,2020-02-24T08:11:00,,,,0,,,,,,,,,,,,,,,,,,,
2020-02-24 10:00:00,1017.9,20.1,91,0.7,130.0,6.6,160.0,0.5,,,,,2020-02-24T09:30:00,,,,0,,,,,,,,,,,,,,,,,,,
2020-02-24 11:00:00,1017.5,21.4,86,0.1,0.0,3.5,103.0,0.0,,,,,2020-02-24T10:02:00,,,,0,,,,,,,,,,,,,,,,,,,
2020-02-24 12:00:00,1017.2,20.5,90,0.0,0.0,4.9,162.0,0.0,,,,,2020-02-24T11:19:00,,,,0,,,,,,,,,,,,,,,,,,,
2020-02-24 13:00:00,1016.5,21.2,83,0.0,0.0,5.5,171.0,0.0,,,,,2020-02-24T12:33:00,,,,0,,,,,,,,,,,,,,,,,,,
2020-02-24 14:00:00,1015.2,22.6,76,1.0,151.0,4.1,174.0,0.0,,,,,2020-02-24T13:58:00,,,,0,,,,,,,,,,,,,,,,,,,
2020-02-24 15:00:00,1014.4,23.3,72,0.2,0.0,4.9,172.0,0.0,,,,,2020-02-24T14:26:00,,,,0,,,,,,,,,,,,,,,,,,,
2020-02-24 16:00:00,1014.1,22.9,74,0.5,154.0,4.9,162.0,0.0,,,,,2020-02-24T15:58:00,,,,0,,,,,,,,,,,,,,,,,,,
2020-02-24 17:00:00,1014.1,22.2,77,0.4,179.0,3.5,171.0,0.0,,,,,2020-02-24T16:30:00,,,,0,,,,,,,,,,,,,,,,,,,
2020-02-24 18:00:00,1014.1,21.0,83,0.0,0.0,4.9,168.0,0.0,,,,,2020-02-24T17:12:00,,,,0,,,,,,,,,,,,,,,,,,,
2020-02-24 19:00:00,1014.3,19.3,91,0.2,0.0,2.4,177.0,0.0,,,,,2020-02-24T18:25:00,,,,0,,,,,,,,,,,,,,,,,,,
2020-02-24 20:00:00,1014.9,19.1,93,0.2,0.0,2.4,328.0,0.0,,,,,2020-02-24T19:33:00,,,,0,,,,,,,,,,,,,,,,,,,
2020-02-24 21:00:00,1014.8,18.9,94,0.3,332.0,2.4,334.0,0.0,,,,,2020-02-24T20:53:00,,,,0,,,,,,,,,,,,,,,,,,,
2020-02-24 22:00:00,1015.0,18.4,93,0.0,0.0,2.4,46.0,0.0,,,,,2020-02-24T21:04:00,,,,0,,,,,,,,,,,,,,,,,,,
2020-02-24 23:00:00,1015.0,17.6,96,0.0,0.0,3.3,343.0,0.0,,,,,2020-02-24T22:21:00,,,,0,,,,,,,,,,,,,,,,,,,
2020-02-25 00:00:00,1014.9,16.9,97,0.1,0.0,2.4,352.0,0.0,,,,,2020-02-24T23:11:00,,,,0,,,,,,,,,,,,,,,,,,,
2020-02-25 01:00:00,1014.4,16.4,98,0.0,0.0,1.9,340.0,0.0,,,,,2020-02-25T00:08:00,,,,0,,,,,,,,,,,,,,,,,,,
2020-02-25 02:00:00,1014.1,15.9,98,0.0,0.0,0.8,351.0,0.0,,,,,2020-02-25T01:05:00,,,,0,,,,,,,,,,,,,,,,,,,
2020-02-25 03:00:00,1013.8,15.4,99,0.0,0.0,0.0,0.0,0.0,,,,,2020-02-25T02:05:00,,,,0,,,,,,,,,,,,,,,,,,,
2020-02-25 04:00:00,1013.4,15.0,99,0.0,0.0,1.3,355.0,0.0,,,,,2020-02-25T03:11:00,,,,0,,,,,,,,,,,,,,,,,,,
2020-02-25 05:00:00,1013.5,14.4,100,0.0,0.0,1.3,349.0,0.0,,,,,2020-02-25T04:14:00,,,,0,,,,,,,,,,,,,,,,,,,
2020-02-25 06:00:00,1014.1,14.2,99,0.0,0.0,1.3,352.0,0.0,,,,,2020-02-25T05:01:00,,,,0,,,,,,,,,,,,,,,,,,,
2020-02-25 07:00:00,1014.7,14.1,100,0.0,0.0,0.0,0.0,0.0,,,,,2020-02-25T06:05:00,,,,0,,,,,,,,,,,,,,,,,,,
2020-02-25 08:00:00,1015.0,16.0,100,0.0,0.0,1.3,7.0,0.0,,,,,2020-02-25T07:18:00,,,,0,,,,,,,,,,,,,,,,,,,
2020-02-25 09:00:00,1015.0,19.4,90,0.0,0.0,0.8,22.0,0.0,,,,,2020-02-25T08:07:00,,,,0,,,,,,,,,,,,,,,,,,,
2020-02-25 10:00:00,1014.7,24.1,72,0.0,0.0,0.8,210.0,0.0,,,,,2020-02-25T09:42:00,,,,0,,,,,,,,,,,,,,,,,,,
2020-02-25 11:00:00,1014.4,27.3,55,0.1,0.0,2.4,167.0,0.0,,,,,2020-02-25T10:18:00,,,,0,,,,,,,,,,,,,,,,,,,
2020-02-25 12:00:00,1013.4,27.6,60,0.7,168.0,3.0,182.0,0.0,,,,,2020-02-25T11:14:00,,,,0,,,,,,,,,,,,,,,,,,,
2020-02-25 13:00:00,1012.5,27.6,61,0.5,163.0,3.0,195.0,0.0,,,,,2020-02-25T12:35:00,,,,0,,,,,,,,,,,,,,,,,,,
2020-02-25 14:00:00,1011.9,26.2,66,0.4,162.0,3.8,166.0,0.0,,,,,2020-02-25T13:24:00,,,,0,,,,,,,,,,,,,,,,,,,
2020-02-25 15:00:00,1011.6,25.6,67,0.6,168.0,3.3,158.0,0.0,,,,,2020-02-25T14:33:00,,,,0,,,,,,,,,,,,,,,,,,,
2020-02-25 16:00:00,1011.8,25.7,59,0.0,0.0,2.4,146.0,0.0,,,,,2020-02-25T15:08:00,,,,0,,,,,,,,,,,,,,,,,,,
2020-02-25 17:00:00,1012.2,23.8,72,0.0,0.0,1.9,168.0,0.0,,,,,2020-02-25T16:35:00,,,,0,,,,,,,,,,,,,,,,,,,
2020-02-25 18:00:00,1012.3,21.8,82,0.0,0.0,0.8,166.0,0.0,,,,,2020-02-25T17:22:00,,,,0,,,,,,,,,,,,,,,,,,,
2020-02-25 19:00:00,1012.7,19.8,88,0.0,0.0,0.8,303.0,0.0,,,,,2020-02-25T18:37:00,,,,0,,,,,,,,,,,,,,,,,,,
2020-02-25 20:00:00,1013.1,18.8,93,0.0,0.0,1.3,346.0,0.0,,,,,2020-02-25T19:13:00,,,,0,,,,,,,,,,,,,,,,,,,
2020-02-25 21:00:00,1013.4,18.0,94,0.0,0.0,1.3,350.0,0.0,,,,,2020-02-25T20:29:00,,,,0,,,,,,,,,,,,,,,,,,,
2020-02-25 22:00:00,1013.6,17.3,96,0.0,0.0,1.3,334.0,0.0,,,,,2020-02-25T21:27:00,,,,0,,,,,,,,,,,,,,,,,,,
2020-02-25 23:00:00,1013.6,16.9,96,0.0,0.0,0.0,0.0,0.0,,,,,2020-02-25T22:05:00,,,,0,,,,,,,,,,,,,,,,,,,
2020-02-26 00:00:00,1013.4,16.5,97,0.0,0.0,0.8,353.0,0.0,,,,,2020-02-25T23:59:00,,,,0,,,,,,,,,,,,,,,,,,,
2020-02-26 01:00:00,1012.9,16.2,97,0.0,0.0,0.8,352.0,0.0,,,,,2020-02-26T00:04:00,,,,0,,,,,,,,,,,,,,,,,,,
2020-02-26 02:00:00,1012.4,15.7,98,0.0,0.0,0.0,0.0,0.0,,,,,2020-02-26T01:05:00,,,,0,,,,,,,,,,,,,,,,,,,
2020-02-26 03:00:00,1012.3,15.7,98,0.0,0.0,0.8,9.0,0.0,,,,,2020-02-26T02:45:00,,,,0,,,,,,,,,,,,,,,,,,,
2020-02-26 04:00:00,1012.4,15.3,98,0.0,0.0,0.0,0.0,0.0,,,,,2020-02-26T03:05:00,,,,0,,,,,,,,,,,,,,,,,,,
2020-02-26 05:00:00,1012.8,15.6,98,0.0,0.0,0.0,0.0,0.0,,,,,2020-02-26T04:05:00,,,,0,,,,,,,,,,,,,,,,,,,
2020-02-26 06:00:00,1013.5,15.5,98,0.0,0.0,0.0,0.0,0.0,,,,,2020-02-26T05:05:00,,,,0,,,,,,,,,,,,,,,,,,,
2020-02-26 07:00:00,1014.1,15.1,98,0.0,0.0,0.0,0.0,0.0,,,,,2020-02-26T06:05:00,,,,0,,,,,,,,,,,,,,,,,,,
2020-02-26 08:00:00,1014.2,17.0,97,0.0,0.0,0.0,0.0,0.0,,,,,2020-02-26T07:05:00,,,,0,,,,,,,,,,,,,,,,,,,
2020-02-26 09:00:00,1014.2,21.4,84,0.1,0.0,1.3,355.0,0.0,,,,,2020-02-26T08:50:00,,,,0,,,,,,,,,,,,,,,,,,,
2020-02-26 10:00:00,1014.6,25.4,67,1.5,332.0,4.9,323.0,0.0,,,,,2020-02-26T09:55:00,,,,0,,,,,,,,,,,,,,,,,,,
2020-02-26 11:00:00,1014.1,26.9,59,0.1,0.0,6.0,311.0,0.0,,,,,2020-02-26T10:07:00,,,,0,,,,,,,,,,,,,,,,,,,
2020-02-26 12:00:00,1013.4,25.8,64,1.2,160.0,4.9,158.0,0.0,,,,,2020-02-26T11:41:00,,,,0,,,,,,,,,,,,,,,,,,,
2020-02-26 13:00:00,1012.8,26.1,64,1.7,165.0,3.5,171.0,0.0,,,,,2020-02-26T12:55:00,,,,0,,,,,,,,,,,,,,,,,,,
2020-02-26 14:00:00,1012.4,25.8,66,0.6,163.0,3.8,190.0,0.0,,,,,2020-02-26T13:02:00,,,,0,,,,,,,,,,,,,,,,,,,
2020-02-26 15:00:00,1012.7,24.0,73,1.8,352.0,3.8,9.0,0.0,,,,,2020-02-26T14:56:00,,,,0,,,,,,,,,,,,,,,,,,,
2020-02-26 16:00:00,1013.2,23.3,76,0.2,0.0,5.5,322.0,0.0,,,,,2020-02-26T15:08:00,,,,0,,,,,,,,,,,,,,,,,,,
2020-02-26 17:00:00,1013.8,22.1,81,0.9,239.0,3.5,315.0,0.0,,,,,2020-02-26T16:28:00,,,,0,,,,,,,,,,,,,,,,,,,
2020-02-26 18:00:00,1014.4,21.2,86,0.5,256.0,3.0,224.0,0.0,,,,,2020-02-26T17:05:00,,,,0,,,,,,,,,,,,,,,,,,,
2020-02-26 19:00:00,1014.8,20.9,89,0.2,0.0,2.4,256.0,0.0,,,,,2020-02-26T18:52:00,,,,0,,,,,,,,,,,,,,,,,,,
2020-02-26 20:00:00,1015.7,20.8,90,0.0,0.0,2.2,248.0,0.0,,,,,2020-02-26T19:01:00,,,,0,,,,,,,,,,,,,,,,,,,
2020-02-26 21:00:00,1016.2,20.1,95,0.2,0.0,2.2,327.0,0.0,,,,,2020-02-26T20:23:00,,,,0,,,,,,,,,,,,,,,,,,,
2020-02-26 22:00:00,1016.3,19.8,95,0.0,0.0,1.9,186.0,0.0,,,,,2020-02-26T21:14:00,,,,0,,,,,,,,,,,,,,,,,,,
2020-02-26 23:00:00,1016.5,19.4,94,0.0,0.0,1.9,184.0,0.0,,,,,2020-02-26T22:36:00,,,,0,,,,,,,,,,,,,,,,,,,
2020-02-27 00:00:00,1016.5,19.2,94,0.0,0.0,1.9,205.0,0.0,,,,,2020-02-26T23:28:00,,,,0,,,,,,,,,,,,,,,,,,,
2020-02-27 01:00:00,1016.1,18.7,94,0.3,226.0,1.9,223.0,0.0,,,,,2020-02-27T00:37:00,,,,0,,,,,,,,,,,,,,,,,,,
2020-02-27 02:00:00,1016.1,18.4,94,0.1,0.0,1.9,199.0,0.0,,,,,2020-02-27T01:51:00,,,,0,,,,,,,,,,,,,,,,,,,
2020-02-27 03:00:00,1016.0,17.8,95,0.0,0.0,2.4,137.0,0.0,,,,,2020-02-27T02:36:00,,,,0,,,,,,,,,,,,,,,,,,,
2020-02-27 04:00:00,1016.1,17.5,94,0.0,0.0,2.4,196.0,0.0,,,,,2020-02-27T03:14:00,,,,0,,,,,,,,,,,,,,,,,,,
2020-02-27 05:00:00,1016.6,17.5,90,0.1,0.0,2.7,317.0,0.0,,,,,2020-02-27T04:24:00,,,,0,,,,,,,,,,,,,,,,,,,
2020-02-27 06:00:00,1017.6,17.6,88,0.0,0.0,3.0,341.0,0.0,,,,,2020-02-27T05:09:00,,,,0,,,,,,,,,,,,,,,,,,,
2020-02-27 07:00:00,1018.1,17.8,86,0.0,0.0,2.2,343.0,0.0,,,,,2020-02-27T06:21:00,,,,0,,,,,,,,,,,,,,,,,,,
2020-02-27 08:00:00,1018.4,17.3,94,0.0,0.0,1.6,255.0,0.0,,,,,2020-02-27T07:23:00,,,,0,,,,,,,,,,,,,,,,,,,
2020-02-27 09:00:00,1019.0,17.6,94,0.0,0.0,1.9,267.0,0.0,,,,,2020-02-27T08:27:00,,,,0,,,,,,,,,,,,,,,,,,,
2020-02-27 10:00:00,1019.2,17.6,93,0.0,0.0,1.6,178.0,0.0,,,,,2020-02-27T10:00:00,,,,0,,,,,,,,,,,,,,,,,,,
2020-02-27 11:00:00,1018.8,17.8,96,0.0,0.0,1.3,259.0,0.5,,,,,2020-02-27T10:38:00,,,,0,,,,,,,,,,,,,,,,,,,
2020-02-27 12:00:00,1018.0,18.2,95,0.0,0.0,1.9,255.0,0.0,,,,,2020-02-27T11:01:00,,,,0,,,,,,,,,,,,,,,,,,,
2020-02-27 13:00:00,1017.2,19.2,92,0.1,0.0,2.4,321.0,0.0,,,,,2020-02-27T12:27:00,,,,0,,,,,,,,,,,,,,,,,,,
2020-02-27 14:00:00,1016.5,18.7,90,0.0,0.0,4.9,104.0,0.0,,,,,2020-02-27T13:20:00,,,,0,,,,,,,,,,,,,,,,,,,
2020-02-27 15:00:00,1016.4,18.8,89,0.0,0.0,0.8,151.0,0.0,,,,,2020-02-27T14:17:00,,,,0,,,,,,,,,,,,,,,,,,,
2020-02-27 16:00:00,1016.4,17.9,96,0.0,0.0,1.6,187.0,0.0,,,,,2020-02-27T15:44:00,,,,0,,,,,,,,,,,,,,,,,,,
2020-02-27 17:00:00,1016.5,17.6,97,0.0,0.0,1.3,170.0,0.5,,,,,2020-02-27T16:23:00,,,,0,,,,,,,,,,,,,,,,,,,
2020-02-27 18:00:00,1016.7,17.5,97,0.0,0.0,0.0,0.0,2.0,,,,,2020-02-27T17:05:00,,,,0,,,,,,,,,,,,,,,,,,,
2020-02-27 19:00:00,1016.6,17.5,98,0.0,0.0,1.3,263.0,2.0,,,,,2020-02-27T18:48:00,,,,0,,,,,,,,,,,,,,,,,,,
2020-02-27 20:00:00,1016.9,17.6,98,0.0,0.0,1.3,256.0,3.5,,,,,2020-02-27T19:03:00,,,,0,,,,,,,,,,,,,,,,,,,
2020-02-27 21:00:00,1017.1,17.6,99,0.0,0.0,1.1,283.0,2.0,,,,,2020-02-27T20:59:00,,,,0,,,,,,,,,,,,,,,,,,,
2020-02-27 22:00:00,1016.7,17.9,99,0.0,0.0,1.3,248.0,1.0,,,,,2020-02-27T21:26:00,,,,0,,,,,,,,,,,,,,,,,,,
2020-02-27 23:00:00,1016.5,18.2,99,0.0,0.0,1.3,200.0,3.0,,,,,2020-02-27T22:03:00,,,,0,,,,,,,,,,,,,,,,,,,
2020-02-28 00:00:00,1016.0,18.2,99,0.0,0.0,1.9,320.0,1.0,,,,,2020-02-27T23:44:00,,,,0,,,,,,,,,,,,,,,,,,,
2020-02-28 01:00:00,1015.2,18.3,98,0.0,0.0,0.0,0.0,0.0,,,,,2020-02-28T00:05:00,,,,0,,,,,,,,,,,,,,,,,,,
2020-02-28 02:00:00,1014.6,18.4,99,0.0,0.0,0.8,94.0,0.5,,,,,2020-02-28T01:59:00,,,,0,,,,,,,,,,,,,,,,,,,
2020-02-28 03:00:00,1013.4,18.4,98,0.0,0.0,0.8,125.0,1.0,,,,,2020-02-28T02:01:00,,,,0,,,,,,,,,,,,,,,,,,,
2020-02-28 04:00:00,1013.0,18.5,99,0.0,0.0,0.0,0.0,0.0,,,,,2020-02-28T03:05:00,,,,0,,,,,,,,,,,,,,,,,,,
2020-02-28 05:00:00,1013.2,18.7,99,0.0,0.0,0.0,0.0,0.0,,,,,2020-02-28T04:05:00,,,,0,,,,,,,,,,,,,,,,,,,
2020-02-28 06:00:00,1013.4,19.0,99,0.0,0.0,1.9,147.0,0.0,,,,,2020-02-28T05:38:00,,,,0,,,,,,,,,,,,,,,,,,,
2020-02-28 07:00:00,1013.8,19.1,98,0.0,0.0,1.3,18.0,0.5,,,,,2020-02-28T06:08:00,,,,0,,,,,,,,,,,,,,,,,,,
2020-02-28 08:00:00,1014.0,19.4,98,0.0,0.0,0.8,127.0,0.0,,,,,2020-02-28T07:30:00,,,,0,,,,,,,,,,,,,,,,,,,
2020-02-28 09:00:00,1014.2,20.1,97,0.0,0.0,1.1,130.0,0.0,,,,,2020-02-28T08:03:00,,,,0,,,,,,,,,,,,,,,,,,,
2020-02-28 10:00:00,1014.2,20.7,95,0.0,0.0,2.4,183.0,0.5,,,,,2020-02-28T09:33:00,,,,0,,,,,,,,,,,,,,,,,,,
2020-02-28 11:00:00,1014.1,21.2,93,0.0,0.0,2.7,153.0,0.0,,,,,2020-02-28T10:26:00,,,,0,,,,,,,,,,,,,,,,,,,
2020-02-28 12:00:00,1013.4,21.2,93,0.0,0.0,1.3,49.0,0.0,,,,,2020-02-28T11:16:00,,,,0,,,,,,,,,,,,,,,,,,,
2020-02-28 13:00:00,1012.5,21.7,95,0.0,0.0,0.8,124.0,0.5,,,,,2020-02-28T12:08:00,,,,0,,,,,,,,,,,,,,,,,,,
2020-02-28 14:00:00,1011.4,23.9,79,0.2,0.0,2.4,157.0,0.0,,,,,2020-02-28T13:26:00,,,,0,,,,,,,,,,,,,,,,,,,
2020-02-28 15:00:00,1010.9,24.6,74,0.3,150.0,3.5,173.0,0.0,,,,,2020-02-28T14:02:00,,,,0,,,,,,,,,,,,,,,,,,,
2020-02-28 16:00:00,1011.0,23.3,80,1.2,250.0,3.0,275.0,0.0,,,,,2020-02-28T15:55:00,,,,0,,,,,,,,,,,,,,,,,,,
2020-02-28 17:00:00,1011.3,22.5,84,0.1,0.0,2.4,230.0,0.0,,,,,2020-02-28T16:08:00,,,,0,,,,,,,,,,,,,,,,,,,
2020-02-28 18:00:00,1011.8,21.2,89,0.0,0.0,1.9,258.0,0.0,,,,,2020-02-28T17:20:00,,,,0,,,,,,,,,,,,,,,,,,,
2020-02-28 19:00:00,1012.0,19.6,93,0.0,0.0,1.3,156.0,0.0,,,,,2020-02-28T18:04:00,,,,0,,,,,,,,,,,,,,,,,,,
2020-02-28 20:00:00,1012.5,19.4,95,0.0,0.0,0.0,0.0,0.0,,,,,2020-02-28T19:05:00,,,,0,,,,,,,,,,,,,,,,,,,
2020-02-28 21:00:00,1012.5,18.5,96,0.0,0.0,0.8,304.0,0.0,,,,,2020-02-28T20:40:00,,,,0,,,,,,,,,,,,,,,,,,,
2020-02-28 22:00:00,1012.5,17.6,97,0.0,0.0,0.8,333.0,0.0,,,,,2020-02-28T21:21:00,,,,0,,,,,,,,,,,,,,,,,,,
2020-02-28 23:00:00,1012.1,17.4,98,0.0,0.0,1.3,353.0,0.0,,,,,2020-02-28T22:13:00,,,,0,,,,,,,,,,,,,,,,,,,
2020-02-29 00:00:00,1011.7,17.5,98,0.0,0.0,1.3,315.0,0.0,,,,,2020-02-28T23:10:00,,,,0,,,,,,,,,,,,,,,,,,,
2020-02-29 01:00:00,1011.3,17.3,98,0.0,0.0,0.8,10.0,0.0,,,,,2020-02-29T00:44:00,,,,0,,,,,,,,,,,,,,,,,,,
2020-02-29 02:00:00,1011.1,17.1,98,0.0,0.0,0.8,352.0,0.0,,,,,2020-02-29T01:11:00,,,,0,,,,,,,,,,,,,,,,,,,
2020-02-29 03:00:00,1010.4,17.1,98,0.0,0.0,1.3,324.0,0.0,,,,,2020-02-29T02:45:00,,,,0,,,,,,,,,,,,,,,,,,,
2020-02-29 04:00:00,1010.0,17.2,99,0.0,0.0,1.3,340.0,0.0,,,,,2020-02-29T03:17:00,,,,0,,,,,,,,,,,,,,,,,,,
2020-02-29 05:00:00,1010.3,17.3,98,0.0,0.0,0.8,330.0,0.0,,,,,2020-02-29T04:51:00,,,,0,,,,,,,,,,,,,,,,,,,
2020-02-29 06:00:00,1010.8,17.5,98,0.0,0.0,0.0,0.0,0.0,,,,,2020-02-29T05:05:00,,,,0,,,,,,,,,,,,,,,,,,,
2020-02-29 07:00:00,1010.9,17.1,99,0.0,0.0,1.1,319.0,0.0,,,,,2020-02-29T06:46:00,,,,0,,,,,,,,,,,,,,,,,,,
2020-02-29 08:00:00,1011.1,18.3,98,0.0,0.0,1.3,310.0,0.0,,,,,2020-02-29T07:25:00,,,,0,,,,,,,,,,,,,,,,,,,
2020-02-29 09:00:00,1011.7,20.6,92,0.0,0.0,1.3,313.0,0.0,,,,,2020-02-29T08:10:00,,,,0,,,,,,,,,,,,,,,,,,,
2020-02-29 10:00:00,1011.6,23.5,81,0.0,0.0,2.2,190.0,0.0,,,,,2020-02-29T09:37:00,,,,0,,,,,,,,,,,,,,,,,,,
2020-02-29 11:00:00,1011.2,24.7,79,0.0,0.0,1.6,186.0,0.0,,,,,2020-02-29T10:39:00,,,,0,,,,,,,,,,,,,,,,,,,
2020-02-29 12:00:00,1010.6,25.6,71,0.2,0.0,3.0,185.0,0.0,,,,,2020-02-29T11:57:00,,,,0,,,,,,,,,,,,,,,,,,,
2020-02-29 13:00:00,1009.4,26.5,69,0.0,0.0,2.7,196.0,0.0,,,,,2020-02-29T12:08:00,,,,0,,,,,,,,,,,,,,,,,,,
2020-02-29 14:00:00,1008.4,25.6,71,0.0,0.0,2.4,177.0,0.0,,,,,2020-02-29T13:29:00,,,,0,,,,,,,,,,,,,,,,,,,
2020-02-29 15:00:00,1008.1,25.2,70,0.0,0.0,1.9,98.0,0.0,,,,,2020-02-29T14:51:00,,,,0,,,,,,,,,,,,,,,,,,,
2020-02-29 16:00:00,1008.4,24.3,74,0.0,0.0,1.9,95.0,0.0,,,,,2020-02-29T15:23:00,,,,0,,,,,,,,,,,,,,,,,,,
2020-02-29 17:00:00,1008.4,23.8,79,0.0,0.0,0.8,182.0,0.0,,,,,2020-02-29T16:27:00,,,,0,,,,,,,,,,,,,,,,,,,
2020-02-29 18:00:00,1008.2,23.0,82,0.1,0.0,3.0,165.0,0.0,,,,,2020-02-29T17:55:00,,,,0,,,,,,,,,,,,,,,,,,,
2020-02-29 19:00:00,1008.5,21.2,90,0.0,0.0,1.3,97.0,0.0,,,,,2020-02-29T18:01:00,,,,0,,,,,,,,,,,,,,,,,,,
2020-02-29 20:00:00,1009.4,19.9,94,0.0,0.0,1.6,347.0,0.0,,,,,2020-02-29T19:45:00,,,,0,,,,,,,,,,,,,,,,,,,
2020-02-29 21:00:00,1009.8,19.4,95,0.0,0.0,0.8,326.0,0.0,,,,,2020-02-29T20:51:00,,,,0,,,,,,,,,,,,,,,,,,,
2020-02-29 22:00:00,1009.8,19.0,96,0.0,0.0,1.1,326.0,0.0,,,,,2020-02-29T21:53:00,,,,0,,,,,,,,,,,,,,,,,,,
2020-02-29 23:00:00,1009.8,18.7,97,0.0,0.0,1.6,332.0,0.0,,,,,2020-02-29T22:10:00,,,,0,,,,,,,,,,,,,,,,,,,
2020-03-01 00:00:00,1009.5,18.1,97,0.0,0.0,0.0,0.0,0.0,,,,,2020-02-29T23:05:00,,,,0,,,,,,,,,,,,,,,,,,,
2020-03-01 01:00:00,1009.0,17.6,98,0.0,0.0,1.3,349.0,0.0,,,,,2020-03-01T00:10:00,,,,0,,,,,,,,,,,,,,,,,,,
2020-03-01 02:00:00,1008.4,17.1,98,0.0,0.0,0.8,17.0,0.0,,,,,2020-03-01T01:41:00,,,,0,,,,,,,,,,,,,,,,,,,
2020-03-01 03:00:00,1008.3,16.9,98,0.0,0.0,1.1,325.0,0.0,,,,,2020-03-01T02:36:00,,,,0,,,,,,,,,,,,,,,,,,,
2020-03-01 04:00:00,1007.8,16.8,98,0.0,0.0,0.8,317.0,0.0,,,,,2020-03-01T03:32:00,,,,0,,,,,,,,,,,,,,,,,,,
2020-03-01 05:00:00,1008.0,16.9,98,0.0,0.0,0.0,0.0,0.0,,,,,2020-03-01T04:05:00,,,,0,,,,,,,,,,,,,,,,,,,
2020-03-01 06:00:00,1008.4,16.9,99,0.0,0.0,1.3,332.0,0.0,,,,,2020-03-01T05:30:00,,,,0,,,,,,,,,,,,,,,,,,,
2020-03-01 07:00:00,1008.6,16.7,98,0.0,0.0,0.8,7.0,0.0,,,,,2020-03-01T06:48:00,,,,0,,,,,,,,,,,,,,,,,,,
2020-03-01 08:00:00,1008.9,18.3,99,1.1,342.0,3.5,350.0,0.0,,,,,2020-03-01T07:55:00,,,,0,,,,,,,,,,,,,,,,,,,
2020-03-01 09:00:00,1009.4,20.1,91,0.0,0.0,4.1,340.0,0.0,,,,,2020-03-01T08:13:00,,,,0,,,,,,,,,,,,,,,,,,,
2020-03-01 10:00:00,1009.2,22.8,81,1.5,334.0,3.3,322.0,0.0,,,,,2020-03-01T09:59:00,,,,0,,,,,,,,,,,,,,,,,,,
2020-03-01 11:00:00,1009.5,20.4,88,3.0,349.0,7.7,337.0,0.0,,,,,2020-03-01T10:46:00,,,,0,,,,,,,,,,,,,,,,,,,
2020-03-01 12:00:00,1008.8,21.1,87,1.7,343.0,7.7,335.0,0.0,,,,,2020-03-01T11:05:00,,,,0,,,,,,,,,,,,,,,,,,,
2020-03-01 13:00:00,1008.4,19.7,92,2.0,353.0,6.6,8.0,0.0,,,,,2020-03-01T12:26:00,,,,0,,,,,,,,,,,,,,,,,,,
2020-03-01 14:00:00,1008.5,19.1,91,0.5,357.0,6.6,338.0,0.0,,,,,2020-03-01T13:19:00,,,,0,,,,,,,,,,,,,,,,,,,
2020-03-01 15:00:00,1008.7,19.8,89,2.1,352.0,6.0,348.0,0.0,,,,,2020-03-01T14:53:00,,,,0,,,,,,,,,,,,,,,,,,,
2020-03-01 16:00:00,1009.1,18.4,92,2.6,336.0,8.8,342.0,0.0,,,,,2020-03-01T15:59:00,,,,0,,,,,,,,,,,,,,,,,,,
2020-03-01 17:00:00,1010.1,17.9,95,1.5,340.0,5.5,349.0,0.0,,,,,2020-03-01T16:55:00,,,,0,,,,,,,,,,,,,,,,,,,
2020-03-01 18:00:00,1010.5,17.8,95,0.3,337.0,3.8,329.0,0.0,,,,,2020-03-01T17:19:00,,,,0,,,,,,,,,,,,,,,,,,,
2020-03-01 19:00:00,1011.1,18.3,93,0.6,335.0,5.5,18.0,0.0,,,,,2020-03-01T18:07:00,,,,0,,,,,,,,,,,,,,,,,,,
2020-03-01 20:00:00,1012.2,18.2,93,1.3,342.0,3.8,319.0,0.0,,,,,2020-03-01T19:57:00,,,,0,,,,,,,,,,,,,,,,,,,
2020-03-01 21:00:00,1013.1,17.8,93,0.0,0.0,4.9,337.0,0.0,,,,,2020-03-01T20:39:00,,,,0,,,,,,,,,,,,,,,,,,,
2020-03-01 22:00:00,1013.9,17.2,95,0.0,0.0,2.4,338.0,0.0,,,,,2020-03-01T21:18:00,,,,0,,,,,,,,,,,,,,,,,,,
2020-03-01 23:00:00,1014.4,16.8,96,0.0,0.0,1.1,226.0,0.0,,,,,2020-03-01T22:11:00,,,,0,,,,,,,,,,,,,,,,,,,
2020-03-02 00:00:00,1014.7,16.4,96,0.0,0.0,0.8,181.0,0.0,,,,,2020-03-01T23:25:00,,,,0,,,,,,,,,,,,,,,,,,,
2020-03-02 01:00:00,1015.0,16.1,97,0.0,0.0,1.3,221.0,0.0,,,,,2020-03-02T00:13:00,,,,0,,,,,,,,,,,,,,,,,,,
2020-03-02 02:00:00,1015.0,15.5,96,0.0,0.0,1.9,349.0,0.0,,,,,2020-03-02T01:26:00,,,,0,,,,,,,,,,,,,,,,,,,
2020-03-02 03:00:00,1015.2,14.8,97,0.3,201.0,1.9,255.0,0.5,,,,,2020-03-02T02:03:00,,,,0,,,,,,,,,,,,,,,,,,,
2020-03-02 04:00:00,1015.2,14.6,97,0.0,0.0,1.3,198.0,0.0,,,,,2020-03-02T03:01:00,,,,0,,,,,,,,,,,,,,,,,,,
2020-03-02 05:00:00,1015.9,14.6,97,0.0,0.0,1.3,176.0,0.0,,,,,2020-03-02T04:01:00,,,,0,,,,,,,,,,,,,,,,,,,
2020-03-02 06:00:00,1016.6,14.6,97,0.1,0.0,1.6,348.0,0.0,,,,,2020-03-02T06:00:00,,,,0,,,,,,,,,,,,,,,,,,,
2020-03-02 07:00:00,1017.4,14.2,97,0.0,0.0,1.3,256.0,0.0,,,,,2020-03-02T06:01:00,,,,0,,,,,,,,,,,,,,,,,,,
2020-03-02 08:00:00,1018.0,14.1,97,0.1,0.0,2.4,246.0,0.0,,,,,2020-03-02T07:53:00,,,,0,,,,,,,,,,,,,,,,,,,
2020-03-02 09:00:00,1018.6,14.6,97,0.0,0.0,1.9,228.0,0.0,,,,,2020-03-02T08:03:00,,,,0,,,,,,,,,,,,,,,,,,,
2020-03-02 10:00:00,1018.4,15.2,96,0.1,0.0,1.6,336.0,0.0,,,,,2020-03-02T09:34:00,,,,0,,,,,,,,,,,,,,,,,,,
2020-03-02 11:00:00,1018.2,15.6,91,0.0,0.0,1.3,166.0,0.0,,,,,2020-03-02T11:00:00,,,,0,,,,,,,,,,,,,,,,,,,
2020-03-02 12:00:00,1017.4,15.6,93,0.0,0.0,1.3,177.0,0.0,,,,,2020-03-02T11:08:00,,,,0,,,,,,,,,,,,,,,,,,,
2020-03-02 13:00:00,1016.5,15.1,95,0.0,0.0,1.3,181.0,0.0,,,,,2020-03-02T12:07:00,,,,0,,,,,,,,,,,,,,,,,,,
2020-03-02 14:00:00,1015.7,15.3,94,0.0,0.0,1.9,188.0,0.0,,,,,2020-03-02T13:42:00,,,,0,,,,,,,,,,,,,,,,,,,
2020-03-02 15:00:00,1015.4,15.1,95,0.0,0.0,1.6,179.0,0.0,,,,,2020-03-02T14:18:00,,,,0,,,,,,,,,,,,,,,,,,,
2020-03-02 16:00:00,1015.2,15.3,95,0.0,0.0,1.6,187.0,0.0,,,,,2020-03-02T15:06:00,,,,0,,,,,,,,,,,,,,,,,,,
2020-03-02 17:00:00,1015.2,15.3,96,0.1,0.0,1.6,252.0,0.0,,,,,2020-03-02T16:30:00,,,,0,,,,,,,,,,,,,,,,,,,
2020-03-02 18:00:00,1015.7,15.2,96,0.0,0.0,1.9,257.0,0.0,,,,,2020-03-02T17:30:00,,,,0,,,,,,,,,,,,,,,,,,,
2020-03-02 19:00:00,1016.0,15.1,97,0.0,0.0,1.1,238.0,0.0,,,,,2020-03-02T19:00:00,,,,0,,,,,,,,,,,,,,,,,,,
2020-03-02 20:00:00,1016.8,15.0,97,0.0,0.0,0.8,250.0,0.0,,,,,2020-03-02T19:01:00,,,,0,,,,,,,,,,,,,,,,,,,
2020-03-02 21:00:00,1017.3,15.1,97,0.0,0.0,1.3,316.0,0.0,,,,,2020-03-02T20:06:00,,,,0,,,,,,,,,,,,,,,,,,,
2020-03-02 22:00:00,1017.6,15.2,97,0.0,0.0,0.0,0.0,0.0,,,,,2020-03-02T21:05:00,,,,0,,,,,,,,,,,,,,,,,,,
2020-03-02 23:00:00,1017.6,15.1,98,0.0,0.0,0.8,327.0,0.0,,,,,2020-03-02T22:46:00,,,,0,,,,,,,,,,,,,,,,,,,
2020-03-03 00:00:00,1017.2,14.9,98,0.0,0.0,1.9,258.0,0.5,,,,,2020-03-02T23:23:00,,,,0,,,,,,,,,,,,,,,,,,,
2020-03-03 01:00:00,1016.9,14.8,99,0.0,0.0,1.3,264.0,0.0,,,,,2020-03-03T00:51:00,,,,0,,,,,,,,,,,,,,,,,,,
2020-03-03 02:00:00,1016.5,15.0,99,0.0,0.0,0.8,256.0,0.0,,,,,2020-03-03T01:56:00,,,,0,,,,,,,,,,,,,,,,,,,
2020-03-03 03:00:00,1016.1,15.0,99,0.0,0.0,1.6,256.0,0.0,,,,,2020-03-03T02:04:00,,,,0,,,,,,,,,,,,,,,,,,,
2020-03-03 04:00:00,1015.2,15.0,99,0.0,0.0,1.9,271.0,0.0,,,,,2020-03-03T03:38:00,,,,0,,,,,,,,,,,,,,,,,,,
2020-03-03 05:00:00,1015.5,15.0,99,0.0,0.0,0.8,14.0,0.0,,,,,2020-03-03T04:40:00,,,,0,,,,,,,,,,,,,,,,,,,
2020-03-03 06:00:00,1015.8,15.2,99,0.0,0.0,0.0,0.0,0.0,,,,,2020-03-03T05:05:00,,,,0,,,,,,,,,,,,,,,,,,,
2020-03-03 07:00:00,1016.4,15.4,99,0.0,0.0,0.8,330.0,0.0,,,,,2020-03-03T06:21:00,,,,0,,,,,,,,,,,,,,,,,,,
2020-03-03 08:00:00,1016.7,15.8,98,0.0,0.0,1.3,335.0,0.0,,,,,2020-03-03T07:45:00,,,,0,,,,,,,,,,,,,,,,,,,
2020-03-03 09:00:00,1016.9,16.7,97,0.0,0.0,1.3,276.0,0.5,,,,,2020-03-03T08:58:00,,,,0,,,,,,,,,,,,,,,,,,,
2020-03-03 10:00:00,1016.7,18.5,89,0.0,0.0,0.8,258.0,0.0,,,,,2020-03-03T09:02:00,,,,0,,,,,,,,,,,,,,,,,,,
2020-03-03 11:00:00,1016.2,19.2,86,0.0,0.0,0.8,256.0,0.0,,,,,2020-03-03T10:28:00,,,,0,,,,,,,,,,,,,,,,,,,
2020-03-03 12:00:00,1015.3,19.8,84,0.0,0.0,0.8,119.0,0.0,,,,,2020-03-03T11:32:00,,,,0,,,,,,,,,,,,,,,,,,,
2020-03-03 13:00:00,1014.5,20.3,80,0.0,0.0,1.3,355.0,0.0,,,,,2020-03-03T12:50:00,,,,0,,,,,,,,,,,,,,,,,,,
2020-03-03 14:00:00,1013.2,22.5,74,1.2,181.0,3.0,166.0,0.0,,,,,2020-03-03T13:46:00,,,,0,,,,,,,,,,,,,,,,,,,
2020-03-03 15:00:00,1012.7,23.0,74,0.1,0.0,3.0,180.0,0.0,,,,,2020-03-03T14:26:00,,,,0,,,,,,,,,,,,,,,,,,,
2020-03-03 16:00:00,1012.9,21.1,81,0.2,0.0,2.4,201.0,0.0,,,,,2020-03-03T15:25:00,,,,0,,,,,,,,,,,,,,,,,,,
2020-03-03 17:00:00,1013.1,20.2,83,0.0,0.0,1.6,118.0,0.0,,,,,2020-03-03T16:07:00,,,,0,,,,,,,,,,,,,,,,,,,
2020-03-03 18:00:00,1013.2,19.3,87,0.0,0.0,0.0,0.0,0.0,,,,,2020-03-03T17:05:00,,,,0,,,,,,,,,,,,,,,,,,,
2020-03-03 19:00:00,1013.8,19.1,90,0.0,0.0,0.0,0.0,0.0,,,,,2020-03-03T18:05:00,,,,0,,,,,,,,,,,,,,,,,,,
2020-03-03 20:00:00,1014.4,18.5,93,0.0,0.0,0.8,346.0,0.0,,,,,2020-03-03T19:10:00,,,,0,,,,,,,,,,,,,,,,,,,
2020-03-03 21:00:00,1015.0,18.3,94,0.0,0.0,0.0,0.0,0.0,,,,,2020-03-03T20:05:00,,,,0,,,,,,,,,,,,,,,,,,,
2020-03-03 22:00:00,1015.0,18.2,95,0.0,0.0,1.1,260.0,0.0,,,,,2020-03-03T21:26:00,,,,0,,,,,,,,,,,,,,,,,,,
2020-03-03 23:00:00,1015.0,18.2,95,0.0,0.0,0.0,0.0,0.0,,,,,2020-03-03T22:05:00,,,,0,,,,,,,,,,,,,,,,,,,
2020-03-04 00:00:00,1014.5,18.2,96,0.0,0.0,0.8,273.0,0.0,,,,,2020-03-03T23:31:00,,,,0,,,,,,,,,,,,,,,,,,,
2020-03-04 01:00:00,1013.9,18.0,96,0.0,0.0,0.0,0.0,0.0,,,,,2020-03-04T00:05:00,,,,0,,,,,,,,,,,,,,,,,,,
2020-03-04 02:00:00,1013.1,18.0,97,0.0,0.0,0.0,0.0,0.0,,,,,2020-03-04T01:05:00,,,,0,,,,,,,,,,,,,,,,,,,
2020-03-04 03:00:00,1012.6,17.8,97,0.0,0.0,0.0,0.0,0.0,,,,,2020-03-04T02:05:00,,,,0,,,,,,,,,,,,,,,,,,,
2020-03-04 04:00:00,1012.6,18.0,97,0.0,0.0,0.0,0.0,0.0,,,,,2020-03-04T03:05:00,,,,0,,,,,,,,,,,,,,,,,,,
2020-03-04 05:00:00,1012.9,17.7,97,0.0,0.0,0.0,0.0,0.0,,,,,2020-03-04T04:05:00,,,,0,,,,,,,,,,,,,,,,,,,
2020-03-04 06:00:00,1013.2,17.4,98,0.0,0.0,0.8,345.0,0.0,,,,,2020-03-04T05:47:00,,,,0,,,,,,,,,,,,,,,,,,,
2020-03-04 07:00:00,1014.0,17.3,98,0.0,0.0,0.8,273.0,0.0,,,,,2020-03-04T06:56:00,,,,0,,,,,,,,,,,,,,,,,,,
2020-03-04 08:00:00,1014.5,18.2,97,0.0,0.0,1.6,248.0,0.0,,,,,2020-03-04T07:45:00,,,,0,,,,,,,,,,,,,,,,,,,
2020-03-04 09:00:00,1015.7,19.8,91,0.1,0.0,3.0,316.0,0.0,,,,,2020-03-04T08:44:00,,,,0,,,,,,,,,,,,,,,,,,,
2020-03-04 10:00:00,1016.8,18.3,88,1.5,333.0,4.1,350.0,0.0,,,,,2020-03-04T09:46:00,,,,0,,,,,,,,,,,,,,,,,,,
2020-03-04 11:00:00,1017.0,17.1,91,0.0,0.0,6.0,319.0,0.0,,,,,2020-03-04T10:17:00,,,,0,,,,,,,,,,,,,,,,,,,
2020-03-04 12:00:00,1016.3,17.3,90,0.1,0.0,1.3,342.0,0.0,,,,,2020-03-04T11:02:00,,,,0,,,,,,,,,,,,,,,,,,,
2020-03-04 13:00:00,1015.7,17.0,89,0.0,0.0,2.4,310.0,0.0,,,,,2020-03-04T12:08:00,,,,0,,,,,,,,,,,,,,,,,,,
2020-03-04 14:00:00,1014.9,16.6,89,0.0,0.0,3.0,339.0,0.0,,,,,2020-03-04T13:39:00,,,,0,,,,,,,,,,,,,,,,,,,
2020-03-04 15:00:00,1014.4,16.6,91,0.0,0.0,2.4,310.0,0.0,,,,,2020-03-04T14:01:00,,,,0,,,,,,,,,,,,,,,,,,,
2020-03-04 16:00:00,1014.6,16.0,94,0.0,0.0,0.8,182.0,0.0,,,,,2020-03-04T15:19:00,,,,0,,,,,,,,,,,,,,,,,,,
2020-03-04 17:00:00,1014.9,15.5,96,0.0,0.0,0.8,354.0,0.0,,,,,2020-03-04T16:01:00,,,,0,,,,,,,,,,,,,,,,,,,
2020-03-04 18:00:00,1015.7,15.2,97,0.0,0.0,1.3,189.0,0.0,,,,,2020-03-04T17:35:00,,,,0,,,,,,,,,,,,,,,,,,,
2020-03-04 19:00:00,1016.1,14.8,98,0.0,0.0,1.9,176.0,0.0,,,,,2020-03-04T18:43:00,,,,0,,,,,,,,,,,,,,,,,,,
2020-03-04 20:00:00,1017.3,14.5,98,0.1,0.0,1.3,190.0,0.5,,,,,2020-03-04T19:25:00,,,,0,,,,,,,,,,,,,,,,,,,
2020-03-04 21:00:00,1018.2,14.1,98,0.0,0.0,1.3,187.0,0.0,,,,,2020-03-04T20:52:00,,,,0,,,,,,,,,,,,,,,,,,,
2020-03-04 22:00:00,1018.3,13.9,98,0.0,0.0,2.2,183.0,0.5,,,,,2020-03-04T21:27:00,,,,0,,,,,,,,,,,,,,,,,,,
2020-03-04 23:00:00,1018.9,14.1,98,0.0,0.0,1.3,233.0,0.5,,,,,2020-03-04T22:13:00,,,,0,,,,,,,,,,,,,,,,,,,
2020-03-05 00:00:00,1018.4,13.6,99,0.0,0.0,1.9,242.0,0.5,,,,,2020-03-04T23:25:00,,,,0,,,,,,,,,,,,,,,,,,,
2020-03-05 01:00:00,1017.9,13.4,99,0.0,0.0,1.9,251.0,2.0,,,,,2020-03-05T00:33:00,,,,0,,,,,,,,,,,,,,,,,,,
2020-03-05 02:00:00,1018.1,13.4,98,0.0,0.0,3.0,323.0,2.0,,,,,2020-03-05T01:26:00,,,,0,,,,,,,,,,,,,,,,,,,
2020-03-05 03:00:00,1017.7,13.0,99,0.0,0.0,1.9,203.0,2.0,,,,,2020-03-05T02:31:00,,,,0,,,,,,,,,,,,,,,,,,,
2020-03-05 04:00:00,1017.4,13.1,99,0.0,0.0,1.6,215.0,2.5,,,,,2020-03-05T03:51:00,,,,0,,,,,,,,,,,,,,,,,,,
2020-03-05 05:00:00,1018.0,12.8,99,0.1,0.0,1.9,213.0,3.5,,,,,2020-03-05T04:02:00,,,,0,,,,,,,,,,,,,,,,,,,
2020-03-05 06:00:00,1018.3,12.8,99,0.0,0.0,1.9,182.0,1.0,,,,,2020-03-05T05:50:00,,,,0,,,,,,,,,,,,,,,,,,,
2020-03-05 07:00:00,1018.9,13.0,99,0.0,0.0,0.8,321.0,2.0,,,,,2020-03-05T06:26:00,,,,0,,,,,,,,,,,,,,,,,,,
2020-03-05 08:00:00,1019.2,12.8,99,0.0,0.0,1.6,181.0,1.5,,,,,2020-03-05T07:49:00,,,,0,,,,,,,,,,,,,,,,,,,
2020-03-05 09:00:00,1019.8,12.9,99,0.2,0.0,1.9,95.0,1.0,,,,,2020-03-05T08:14:00,,,,0,,,,,,,,,,,,,,,,,,,
2020-03-05 10:00:00,1020.1,13.1,98,0.0,0.0,1.3,180.0,0.5,,,,,2020-03-05T09:20:00,,,,0,,,,,,,,,,,,,,,,,,,
2020-03-05 11:00:00,1019.1,13.3,98,0.0,0.0,1.9,187.0,0.0,,,,,2020-03-05T10:44:00,,,,0,,,,,,,,,,,,,,,,,,,
2020-03-05 12:00:00,1018.3,13.4,98,0.0,0.0,1.6,230.0,0.0,,,,,2020-03-05T11:02:00,,,,0,,,,,,,,,,,,,,,,,,,
2020-03-05 13:00:00,1017.4,13.4,98,0.1,0.0,1.9,306.0,0.0,,,,,2020-03-05T12:59:00,,,,0,,,,,,,,,,,,,,,,,,,
2020-03-05 14:00:00,1016.3,13.5,98,0.0,0.0,1.9,200.0,0.5,,,,,2020-03-05T13:47:00,,,,0,,,,,,,,,,,,,,,,,,,
2020-03-05 15:00:00,1015.9,13.3,98,0.0,0.0,1.9,121.0,0.0,,,,,2020-03-05T14:02:00,,,,0,,,,,,,,,,,,,,,,,,,
2020-03-05 16:00:00,1016.1,13.4,98,0.0,0.0,1.9,186.0,0.0,,,,,2020-03-05T15:20:00,,,,0,,,,,,,,,,,,,,,,,,,
2020-03-05 17:00:00,1016.4,13.3,99,0.0,0.0,1.9,239.0,0.5,,,,,2020-03-05T16:37:00,,,,0,,,,,,,,,,,,,,,,,,,
2020-03-05 18:00:00,1016.8,13.2,99,0.0,0.0,1.9,254.0,0.0,,,,,2020-03-05T17:42:00,,,,0,,,,,,,,,,,,,,,,,,,
2020-03-05 19:00:00,1017.1,13.2,100,0.0,0.0,1.9,263.0,0.5,,,,,2020-03-05T18:26:00,,,,0,,,,,,,,,,,,,,,,,,,
2020-03-05 20:00:00,1017.7,13.0,100,0.0,0.0,1.9,253.0,0.5,,,,,2020-03-05T19:28:00,,,,0,,,,,,,,,,,,,,,,,,,
2020-03-05 21:00:00,1017.9,13.0,100,0.0,0.0,1.9,321.0,0.5,,,,,2020-03-05T20:29:00,,,,0,,,,,,,,,,,,,,,,,,,
2020-03-05 22:00:00,1017.8,13.2,100,0.0,0.0,1.3,325.0,1.0,,,,,2020-03-05T21:21:00,,,,0,,,,,,,,,,,,,,,,,,,
2020-03-05 23:00:00,1017.5,13.4,100,0.0,0.0,0.0,0.0,1.0,,,,,2020-03-05T22:05:00,,,,0,,,,,,,,,,,,,,,,,,,
2020-03-06 00:00:00,1017.1,13.4,100,0.0,0.0,1.3,309.0,1.5,,,,,2020-03-05T23:29:00,,,,0,,,,,,,,,,,,,,,,,,,
2020-03-06 01:00:00,1016.2,13.5,100,0.0,0.0,0.8,261.0,0.0,,,,,2020-03-06T00:35:00,,,,0,,,,,,,,,,,,,,,,,,,
2020-03-06 02:00:00,1015.7,13.6,100,0.0,0.0,0.8,260.0,0.0,,,,,2020-03-06T01:31:00,,,,0,,,,,,,,,,,,,,,,,,,
2020-03-06 03:00:00,1015.2,13.9,100,0.0,0.0,0.0,0.0,0.0,,,,,2020-03-06T02:05:00,,,,0,,,,,,,,,,,,,,,,,,,
2020-03-06 04:00:00,1014.5,13.9,100,0.0,0.0,0.0,0.0,0.0,,,,,2020-03-06T03:05:00,,,,0,,,,,,,,,,,,,,,,,,,
2020-03-06 05:00:00,1014.5,14.1,100,0.0,0.0,0.0,0.0,0.5,,,,,2020-03-06T04:05:00,,,,0,,,,,,,,,,,,,,,,,,,
2020-03-06 06:00:00,1014.8,14.1,99,0.0,0.0,0.0,0.0,0.0,,,,,2020-03-06T05:05:00,,,,0,,,,,,,,,,,,,,,,,,,
2020-03-06 07:00:00,1014.7,14.2,99,0.0,0.0,0.0,0.0,0.0,,,,,2020-03-06T06:05:00,,,,0,,,,,,,,,,,,,,,,,,,
2020-03-06 08:00:00,1014.9,14.6,100,0.0,0.0,0.0,0.0,0.0,,,,,2020-03-06T07:05:00,,,,0,,,,,,,,,,,,,,,,,,,
2020-03-06 09:00:00,1015.0,16.5,99,0.0,0.0,0.0,0.0,0.0,,,,,2020-03-06T08:05:00,,,,0,,,,,,,,,,,,,,,,,,,
2020-03-06 10:00:00,1014.9,18.4,91,0.1,0.0,1.6,171.0,0.0,,,,,2020-03-06T09:59:00,,,,0,,,,,,,,,,,,,,,,,,,
2020-03-06 11:00:00,1013.8,20.3,80,0.9,165.0,2.7,174.0,0.0,,,,,2020-03-06T10:46:00,,,,0,,,,,,,,,,,,,,,,,,,
2020-03-06 12:00:00,1012.8,21.1,75,0.4,119.0,3.8,173.0,0.0,,,,,2020-03-06T11:20:00,,,,0,,,,,,,,,,,,,,,,,,,
2020-03-06 13:00:00,1011.7,21.7,72,0.2,0.0,4.9,190.0,0.0,,,,,2020-03-06T12:11:00,,,,0,,,,,,,,,,,,,,,,,,,
2020-03-06 14:00:00,1011.2,21.3,74,0.2,0.0,4.9,168.0,0.0,,,,,2020-03-06T13:14:00,,,,0,,,,,,,,,,,,,,,,,,,
2020-03-06 15:00:00,1010.6,21.4,74,0.2,0.0,3.5,163.0,0.0,,,,,2020-03-06T14:42:00,,,,0,,,,,,,,,,,,,,,,,,,
2020-03-06 16:00:00,1010.4,21.6,76,0.2,0.0,4.1,171.0,0.0,,,,,2020-03-06T15:16:00,,,,0,,,,,,,,,,,,,,,,,,,
2020-03-06 17:00:00,1010.2,20.6,82,0.0,0.0,3.0,166.0,0.0,,,,,2020-03-06T16:16:00,,,,0,,,,,,,,,,,,,,,,,,,
2020-03-06 18:00:00,1010.6,19.4,87,0.2,0.0,2.2,177.0,0.0,,,,,2020-03-06T17:05:00,,,,0,,,,,,,,,,,,,,,,,,,
2020-03-06 19:00:00,1011.0,18.2,92,0.0,0.0,1.3,343.0,0.0,,,,,2020-03-06T18:09:00,,,,0,,,,,,,,,,,,,,,,,,,
2020-03-06 20:00:00,1011.3,17.5,94,0.0,0.0,0.8,352.0,0.0,,,,,2020-03-06T19:01:00,,,,0,,,,,,,,,,,,,,,,,,,
2020-03-06 21:00:00,1011.5,16.9,96,0.0,0.0,1.9,323.0,0.0,,,,,2020-03-06T20:50:00,,,,0,,,,,,,,,,,,,,,,,,,
2020-03-06 22:00:00,1011.9,16.6,97,0.0,0.0,1.9,353.0,0.0,,,,,2020-03-06T21:35:00,,,,0,,,,,,,,,,,,,,,,,,,
2020-03-06 23:00:00,1011.3,16.9,97,0.0,0.0,1.9,353.0,0.0,,,,,2020-03-06T22:17:00,,,,0,,,,,,,,,,,,,,,,,,,
2020-03-07 00:00:00,1011.2,17.1,96,0.0,0.0,1.3,320.0,0.0,,,,,2020-03-06T23:21:00,,,,0,,,,,,,,,,,,,,,,,,,
2020-03-07 01:00:00,1010.9,17.1,97,0.0,0.0,1.3,322.0,0.0,,,,,2020-03-07T00:48:00,,,,0,,,,,,,,,,,,,,,,,,,
2020-03-07 02:00:00,1010.4,17.1,97,0.0,0.0,1.6,328.0,0.0,,,,,2020-03-07T01:04:00,,,,0,,,,,,,,,,,,,,,,,,,
2020-03-07 03:00:00,1010.3,16.7,98,0.0,0.0,1.9,259.0,0.0,,,,,2020-03-07T02:35:00,,,,0,,,,,,,,,,,,,,,,,,,
2020-03-07 04:00:00,1009.9,16.7,97,0.1,0.0,1.1,10.0,0.0,,,,,2020-03-07T03:58:00,,,,0,,,,,,,,,,,,,,,,,,,
2020-03-07 05:00:00,1009.6,16.7,97,0.0,0.0,1.1,15.0,0.0,,,,,2020-03-07T04:07:00,,,,0,,,,,,,,,,,,,,,,,,,
2020-03-07 06:00:00,1009.9,16.5,97,0.0,0.0,1.3,275.0,0.0,,,,,2020-03-07T05:51:00,,,,0,,,,,,,,,,,,,,,,,,,
2020-03-07 07:00:00,1010.7,16.6,98,0.2,0.0,1.9,322.0,0.0,,,,,2020-03-07T06:07:00,,,,0,,,,,,,,,,,,,,,,,,,
2020-03-07 08:00:00,1011.4,18.2,95,0.2,0.0,2.4,250.0,0.0,,,,,2020-03-07T07:59:00,,,,0,,,,,,,,,,,,,,,,,,,
2020-03-07 09:00:00,1011.6,20.9,80,0.7,257.0,4.9,272.0,0.0,,,,,2020-03-07T08:47:00,,,,0,,,,,,,,,,,,,,,,,,,
2020-03-07 10:00:00,1011.4,23.0,72,0.2,0.0,3.5,256.0,0.0,,,,,2020-03-07T09:03:00,,,,0,,,,,,,,,,,,,,,,,,,
2020-03-07 11:00:00,1010.4,24.5,70,0.4,342.0,3.3,334.0,0.0,,,,,2020-03-07T10:43:00,,,,0,,,,,,,,,,,,,,,,,,,
2020-03-07 12:00:00,1009.0,27.1,62,0.0,0.0,3.0,193.0,0.0,,,,,2020-03-07T11:36:00,,,,0,,,,,,,,,,,,,,,,,,,
2020-03-07 13:00:00,1008.1,27.8,62,0.1,0.0,2.4,20.0,0.0,,,,,2020-03-07T12:36:00,,,,0,,,,,,,,,,,,,,,,,,,
2020-03-07 14:00:00,1007.4,25.4,69,0.1,0.0,3.0,179.0,0.0,,,,,2020-03-07T13:55:00,,,,0,,,,,,,,,,,,,,,,,,,
2020-03-07 15:00:00,1007.1,23.7,75,0.0,0.0,3.0,166.0,0.0,,,,,2020-03-07T14:04:00,,,,0,,,,,,,,,,,,,,,,,,,
2020-03-07 16:00:00,1007.1,22.9,75,0.3,168.0,3.3,168.0,0.0,,,,,2020-03-07T15:26:00,,,,0,,,,,,,,,,,,,,,,,,,
2020-03-07 17:00:00,1007.5,22.1,81,0.2,0.0,2.7,157.0,0.0,,,,,2020-03-07T16:15:00,,,,0,,,,,,,,,,,,,,,,,,,
2020-03-07 18:00:00,1007.9,20.3,88,0.1,0.0,2.7,166.0,0.0,,,,,2020-03-07T17:09:00,,,,0,,,,,,,,,,,,,,,,,,,
2020-03-07 19:00:00,1008.5,19.9,91,0.0,0.0,1.9,157.0,0.0,,,,,2020-03-07T18:01:00,,,,0,,,,,,,,,,,,,,,,,,,
2020-03-07 20:00:00,1009.0,19.6,92,0.0,0.0,0.0,0.0,0.0,,,,,2020-03-07T19:05:00,,,,0,,,,,,,,,,,,,,,,,,,
2020-03-07 21:00:00,1009.2,19.2,94,0.0,0.0,0.0,0.0,0.0,,,,,2020-03-07T20:05:00,,,,0,,,,,,,,,,,,,,,,,,,
2020-03-07 22:00:00,1009.5,19.3,94,0.0,0.0,0.0,0.0,0.0,,,,,2020-03-07T21:05:00,,,,0,,,,,,,,,,,,,,,,,,,
2020-03-07 23:00:00,1009.8,19.2,95,0.0,0.0,0.8,163.0,0.0,,,,,2020-03-07T22:39:00,,,,0,,,,,,,,,,,,,,,,,,,
2020-03-08 00:00:00,1009.7,19.4,94,0.0,0.0,0.8,348.0,0.0,,,,,2020-03-07T23:33:00,,,,0,,,,,,,,,,,,,,,,,,,
2020-03-08 01:00:00,1009.4,19.2,95,0.0,0.0,0.0,0.0,0.0,,,,,2020-03-08T00:05:00,,,,0,,,,,,,,,,,,,,,,,,,
2020-03-08 02:00:00,1009.0,19.2,95,0.0,0.0,0.0,0.0,0.0,,,,,2020-03-08T01:05:00,,,,0,,,,,,,,,,,,,,,,,,,
2020-03-08 03:00:00,1008.6,19.2,95,0.0,0.0,0.0,0.0,0.0,,,,,2020-03-08T02:05:00,,,,0,,,,,,,,,,,,,,,,,,,
2020-03-08 04:00:00,1008.0,19.2,95,0.0,0.0,0.8,340.0,0.0,,,,,2020-03-08T03:51:00,,,,0,,,,,,,,,,,,,,,,,,,
2020-03-08 05:00:00,1008.2,19.2,96,0.0,0.0,0.0,0.0,0.0,,,,,2020-03-08T04:05:00,,,,0,,,,,,,,,,,,,,,,,,,
2020-03-08 06:00:00,1008.4,19.1,96,0.0,0.0,0.0,0.0,0.0,,,,,2020-03-08T05:05:00,,,,0,,,,,,,,,,,,,,,,,,,
2020-03-08 07:00:00,1008.9,19.2,96,0.0,0.0,0.0,0.0,0.0,,,,,2020-03-08T06:05:00,,,,0,,,,,,,,,,,,,,,,,,,
2020-03-08 08:00:00,1009.3,19.5,96,0.0,0.0,0.0,0.0,0.0,,,,,2020-03-08T07:05:00,,,,0,,,,,,,,,,,,,,,,,,,
2020-03-08 09:00:00,1009.9,20.1,96,0.0,0.0,0.0,0.0,0.0,,,,,2020-03-08T08:05:00,,,,0,,,,,,,,,,,,,,,,,,,
2020-03-08 10:00:00,1009.6,20.7,94,0.0,0.0,0.0,0.0,0.0,,,,,2020-03-08T09:05:00,,,,0,,,,,,,,,,,,,,,,,,,
2020-03-08 11:00:00,1009.0,22.0,91,0.2,0.0,2.2,180.0,0.0,,,,,2020-03-08T10:52:00,,,,0,,,,,,,,,,,,,,,,,,,
2020-03-08 12:00:00,1008.1,22.8,90,0.0,0.0,3.3,95.0,0.0,,,,,2020-03-08T11:03:00,,,,0,,,,,,,,,,,,,,,,,,,
2020-03-08 13:00:00,1007.1,22.4,89,0.1,0.0,1.9,118.0,0.0,,,,,2020-03-08T12:56:00,,,,0,,,,,,,,,,,,,,,,,,,
2020-03-08 14:00:00,1006.2,21.7,95,0.0,0.0,0.8,17.0,1.0,,,,,2020-03-08T13:04:00,,,,0,,,,,,,,,,,,,,,,,,,
2020-03-08 15:00:00,1005.5,21.6,95,0.0,0.0,0.0,0.0,0.0,,,,,2020-03-08T14:05:00,,,,0,,,,,,,,,,,,,,,,,,,
2020-03-08 16:00:00,1005.5,21.0,96,0.0,0.0,0.8,248.0,2.5,,,,,2020-03-08T15:03:00,,,,0,,,,,,,,,,,,,,,,,,,
2020-03-08 17:00:00,1005.7,21.2,97,0.0,0.0,1.1,91.0,0.5,,,,,2020-03-08T16:25:00,,,,0,,,,,,,,,,,,,,,,,,,
2020-03-08 18:00:00,1005.7,21.0,97,0.0,0.0,0.0,0.0,1.5,,,,,2020-03-08T17:05:00,,,,0,,,,,,,,,,,,,,,,,,,
2020-03-08 19:00:00,1005.8,20.8,97,0.0,0.0,0.0,0.0,0.5,,,,,2020-03-08T18:05:00,,,,0,,,,,,,,,,,,,,,,,,,
2020-03-08 20:00:00,1006.3,20.8,98,0.0,0.0,0.0,0.0,1.5,,,,,2020-03-08T19:05:00,,,,0,,,,,,,,,,,,,,,,,,,
2020-03-08 21:00:00,1006.5,21.0,98,0.0,0.0,0.0,0.0,1.5,,,,,2020-03-08T20:05:00,,,,0,,,,,,,,,,,,,,,,,,,
2020-03-08 22:00:00,1006.4,20.8,98,0.6,322.0,2.2,327.0,1.5,,,,,2020-03-08T22:00:00,,,,0,,,,,,,,,,,,,,,,,,,
2020-03-08 23:00:00,1006.4,20.8,98,0.0,0.0,2.4,242.0,1.5,,,,,2020-03-08T22:05:00,,,,0,,,,,,,,,,,,,,,,,,,
2020-03-09 00:00:00,1005.9,20.6,98,0.0,0.0,1.3,285.0,0.0,,,,,2020-03-08T23:32:00,,,,0,,,,,,,,,,,,,,,,,,,
2020-03-09 01:00:00,1005.3,20.5,98,0.0,0.0,0.0,0.0,0.0,,,,,2020-03-09T00:05:00,,,,0,,,,,,,,,,,,,,,,,,,
2020-03-09 02:00:00,1005.0,20.1,98,0.0,0.0,3.0,268.0,0.0,,,,,2020-03-09T01:34:00,,,,0,,,,,,,,,,,,,,,,,,,
2020-03-09 03:00:00,1004.6,20.1,98,0.0,0.0,1.3,342.0,0.0,,,,,2020-03-09T02:10:00,,,,0,,,,,,,,,,,,,,,,,,,
2020-03-09 04:00:00,1003.9,19.9,98,0.0,0.0,1.3,252.0,0.0,,,,,2020-03-09T03:06:00,,,,0,,,,,,,,,,,,,,,,,,,
2020-03-09 05:00:00,1003.6,19.3,98,0.0,0.0,0.8,327.0,0.0,,,,,2020-03-09T04:52:00,,,,0,,,,,,,,,,,,,,,,,,,
2020-03-09 06:00:00,1003.7,18.6,99,0.0,0.0,1.9,260.0,0.0,,,,,2020-03-09T05:49:00,,,,0,,,,,,,,,,,,,,,,,,,
2020-03-09 07:00:00,1004.0,18.2,99,0.0,0.0,1.6,355.0,0.0,,,,,2020-03-09T06:35:00,,,,0,,,,,,,,,,,,,,,,,,,
2020-03-09 08:00:00,1003.7,19.1,99,0.0,0.0,1.3,311.0,0.0,,,,,2020-03-09T07:23:00,,,,0,,,,,,,,,,,,,,,,,,,
2020-03-09 09:00:00,1003.3,21.7,98,0.0,0.0,1.3,162.0,0.0,,,,,2020-03-09T08:55:00,,,,0,,,,,,,,,,,,,,,,,,,
2020-03-09 10:00:00,1003.3,25.5,78,0.2,0.0,1.9,190.0,0.0,,,,,2020-03-09T09:51:00,,,,0,,,,,,,,,,,,,,,,,,,
2020-03-09 11:00:00,1002.8,28.1,64,0.0,0.0,2.4,178.0,0.0,,,,,2020-03-09T10:22:00,,,,0,,,,,,,,,,,,,,,,,,,
2020-03-09 12:00:00,1002.4,26.9,71,1.7,360.0,4.1,349.0,0.0,,,,,2020-03-09T11:39:00,,,,0,,,,,,,,,,,,,,,,,,,
2020-03-09 13:00:00,1001.5,28.2,67,0.2,0.0,4.9,19.0,0.0,,,,,2020-03-09T12:07:00,,,,0,,,,,,,,,,,,,,,,,,,
2020-03-09 14:00:00,1000.6,27.5,68,0.0,0.0,2.4,340.0,0.0,,,,,2020-03-09T13:03:00,,,,0,,,,,,,,,,,,,,,,,,,
2020-03-09 15:00:00,1000.0,25.4,74,0.0,0.0,3.5,156.0,0.0,,,,,2020-03-09T14:37:00,,,,0,,,,,,,,,,,,,,,,,,,
2020-03-09 16:00:00,1000.1,24.5,79,0.0,0.0,2.4,170.0,0.0,,,,,2020-03-09T15:21:00,,,,0,,,,,,,,,,,,,,,,,,,
2020-03-09 17:00:00,1000.2,24.7,78,0.6,336.0,4.9,335.0,0.0,,,,,2020-03-09T16:51:00,,,,0,,,,,,,,,,,,,,,,,,,
2020-03-09 18:00:00,1000.6,22.5,85,0.0,0.0,3.5,250.0,0.0,,,,,2020-03-09T17:01:00,,,,0,,,,,,,,,,,,,,,,,,,
2020-03-09 19:00:00,1001.1,23.0,85,0.6,272.0,6.6,248.0,0.0,,,,,2020-03-09T18:43:00,,,,0,,,,,,,,,,,,,,,,,,,
2020-03-09 20:00:00,1001.3,22.1,89,0.0,0.0,3.5,270.0,0.0,,,,,2020-03-09T19:15:00,,,,0,,,,,,,,,,,,,,,,,,,
2020-03-09 21:00:00,1002.2,21.5,93,0.1,0.0,1.6,66.0,0.0,,,,,2020-03-09T21:00:00,,,,0,,,,,,,,,,,,,,,,,,,
2020-03-09 22:00:00,1002.5,21.6,92,0.0,0.0,2.2,79.0,0.0,,,,,2020-03-09T21:05:00,,,,0,,,,,,,,,,,,,,,,,,,
2020-03-09 23:00:00,1002.6,23.7,83,0.8,266.0,5.5,282.0,0.0,,,,,2020-03-09T22:26:00,,,,0,,,,,,,,,,,,,,,,,,,
2020-03-10 00:00:00,1002.0,22.5,91,0.3,277.0,5.5,253.0,0.5,,,,,2020-03-09T23:05:00,,,,0,,,,,,,,,,,,,,,,,,,
2020-03-10 01:00:00,1002.1,22.6,91,0.1,0.0,5.5,250.0,0.0,,,,,2020-03-10T00:21:00,,,,0,,,,,,,,,,,,,,,,,,,
2020-03-10 02:00:00,1002.4,23.4,86,1.0,317.0,3.8,238.0,0.0,,,,,2020-03-10T01:13:00,,,,0,,,,,,,,,,,,,,,,,,,
2020-03-10 03:00:00,1002.9,22.6,90,3.4,331.0,9.3,323.0,2.0,,,,,2020-03-10T02:38:00,,,,0,,,,,,,,,,,,,,,,,,,
2020-03-10 04:00:00,1003.8,19.0,94,0.5,336.0,10.4,325.0,9.0,,,,,2020-03-10T03:01:00,,,,0,,,,,,,,,,,,,,,,,,,
2020-03-10 05:00:00,1005.3,18.5,97,0.1,0.0,1.9,261.0,5.0,,,,,2020-03-10T04:40:00,,,,0,,,,,,,,,,,,,,,,,,,
2020-03-10 06:00:00,1006.1,18.3,97,1.3,348.0,4.9,347.0,2.0,,,,,2020-03-10T05:58:00,,,,0,,,,,,,,,,,,,,,,,,,
2020-03-10 07:00:00,1007.4,17.8,97,0.3,349.0,2.4,355.0,6.0,,,,,2020-03-10T06:01:00,,,,0,,,,,,,,,,,,,,,,,,,
2020-03-10 08:00:00,1008.0,17.5,95,0.0,0.0,3.0,14.0,0.0,,,,,2020-03-10T07:35:00,,,,0,,,,,,,,,,,,,,,,,,,
2020-03-10 09:00:00,1009.7,17.1,95,0.3,326.0,2.4,327.0,1.5,,,,,2020-03-10T08:55:00,,,,0,,,,,,,,,,,,,,,,,,,
2020-03-10 10:00:00,1010.5,16.6,95,0.6,326.0,2.7,333.0,0.5,,,,,2020-03-10T09:03:00,,,,0,,,,,,,,,,,,,,,,,,,
2020-03-10 11:00:00,1010.6,16.6,95,0.0,0.0,3.3,321.0,0.0,,,,,2020-03-10T10:22:00,,,,0,,,,,,,,,,,,,,,,,,,
2020-03-10 12:00:00,1011.0,16.2,95,0.0,0.0,3.0,335.0,0.5,,,,,2020-03-10T11:18:00,,,,0,,,,,,,,,,,,,,,,,,,
2020-03-10 13:00:00,1010.6,15.5,94,0.1,0.0,4.9,347.0,0.0,,,,,2020-03-10T12:13:00,,,,0,,,,,,,,,,,,,,,,,,,
2020-03-10 14:00:00,1011.0,14.8,92,0.7,334.0,2.7,331.0,0.0,,,,,2020-03-10T13:51:00,,,,0,,,,,,,,,,,,,,,,,,,
2020-03-10 15:00:00,1011.5,14.4,94,0.0,0.0,3.0,314.0,0.0,,,,,2020-03-10T14:26:00,,,,0,,,,,,,,,,,,,,,,,,,
2020-03-10 16:00:00,1012.1,14.2,91,0.0,0.0,1.9,196.0,0.0,,,,,2020-03-10T15:02:00,,,,0,,,,,,,,,,,,,,,,,,,
2020-03-10 17:00:00,1013.0,14.5,86,0.0,0.0,2.4,306.0,0.0,,,,,2020-03-10T16:39:00,,,,0,,,,,,,,,,,,,,,,,,,
2020-03-10 18:00:00,1013.4,14.4,85,0.0,0.0,3.0,305.0,0.0,,,,,2020-03-10T17:39:00,,,,0,,,,,,,,,,,,,,,,,,,
2020-03-10 19:00:00,1014.0,14.5,87,0.0,0.0,2.4,342.0,0.0,,,,,2020-03-10T18:24:00,,,,0,,,,,,,,,,,,,,,,,,,
2020-03-10 20:00:00,1014.6,14.1,93,0.0,0.0,1.6,326.0,0.0,,,,,2020-03-10T19:37:00,,,,0,,,,,,,,,,,,,,,,,,,
2020-03-10 21:00:00,1015.0,13.7,96,0.0,0.0,2.2,247.0,0.0,,,,,2020-03-10T20:45:00,,,,0,,,,,,,,,,,,,,,,,,,
2020-03-10 22:00:00,1015.8,13.7,96,0.4,309.0,2.2,327.0,0.0,,,,,2020-03-10T21:58:00,,,,0,,,,,,,,,,,,,,,,,,,
2020-03-10 23:00:00,1016.0,13.7,96,0.1,0.0,2.2,275.0,0.0,,,,,2020-03-10T22:07:00,,,,0,,,,,,,,,,,,,,,,,,,
2020-03-11 00:00:00,1015.9,13.8,96,0.0,0.0,1.9,244.0,0.0,,,,,2020-03-10T23:29:00,,,,0,,,,,,,,,,,,,,,,,,,
2020-03-11 01:00:00,1015.7,13.9,96,0.0,0.0,2.4,254.0,0.0,,,,,2020-03-11T00:21:00,,,,0,,,,,,,,,,,,,,,,,,,
2020-03-11 02:00:00,1015.6,13.9,95,0.0,0.0,0.8,324.0,0.0,,,,,2020-03-11T01:06:00,,,,0,,,,,,,,,,,,,,,,,,,
2020-03-11 03:00:00,1015.3,13.9,95,0.0,0.0,1.3,332.0,0.0,,,,,2020-03-11T02:12:00,,,,0,,,,,,,,,,,,,,,,,,,
2020-03-11 04:00:00,1015.0,13.9,95,0.0,0.0,1.3,349.0,0.0,,,,,2020-03-11T03:01:00,,,,0,,,,,,,,,,,,,,,,,,,
2020-03-11 05:00:00,1015.6,13.7,95,0.0,0.0,1.9,332.0,0.0,,,,,2020-03-11T04:01:00,,,,0,,,,,,,,,,,,,,,,,,,
2020-03-11 06:00:00,1016.3,13.4,96,0.1,0.0,1.9,326.0,0.0,,,,,2020-03-11T05:02:00,,,,0,,,,,,,,,,,,,,,,,,,
2020-03-11 07:00:00,1017.1,13.4,96,0.0,0.0,1.9,268.0,0.0,,,,,2020-03-11T06:07:00,,,,0,,,,,,,,,,,,,,,,,,,
2020-03-11 08:00:00,1017.6,13.7,94,0.0,0.0,1.9,243.0,0.0,,,,,2020-03-11T07:19:00,,,,0,,,,,,,,,,,,,,,,,,,
2020-03-11 09:00:00,1017.6,15.2,88,0.0,0.0,1.3,274.0,0.0,,,,,2020-03-11T08:18:00,,,,0,,,,,,,,,,,,,,,,,,,
2020-03-11 10:00:00,1017.5,16.3,77,0.0,0.0,1.9,181.0,0.0,,,,,2020-03-11T09:36:00,,,,0,,,,,,,,,,,,,,,,,,,
2020-03-11 11:00:00,1017.0,17.0,72,0.0,0.0,1.3,198.0,0.0,,,,,2020-03-11T10:49:00,,,,0,,,,,,,,,,,,,,,,,,,
2020-03-11 12:00:00,1016.4,17.1,74,0.0,0.0,1.3,199.0,0.0,,,,,2020-03-11T11:21:00,,,,0,,,,,,,,,,,,,,,,,,,
2020-03-11 13:00:00,1015.5,16.9,73,0.0,0.0,2.4,101.0,0.0,,,,,2020-03-11T12:07:00,,,,0,,,,,,,,,,,,,,,,,,,
2020-03-11 14:00:00,1014.5,16.9,74,0.0,0.0,1.3,66.0,0.0,,,,,2020-03-11T13:25:00,,,,0,,,,,,,,,,,,,,,,,,,
2020-03-11 15:00:00,1014.5,16.6,78,0.0,0.0,0.8,149.0,0.0,,,,,2020-03-11T14:09:00,,,,0,,,,,,,,,,,,,,,,,,,
2020-03-11 16:00:00,1014.9,16.4,79,0.0,0.0,0.8,187.0,0.0,,,,,2020-03-11T15:40:00,,,,0,,,,,,,,,,,,,,,,,,,
2020-03-11 17:00:00,1015.1,16.2,81,0.0,0.0,1.3,176.0,0.0,,,,,2020-03-11T16:09:00,,,,0,,,,,,,,,,,,,,,,,,,
2020-03-11 18:00:00,1015.6,16.0,82,0.0,0.0,1.3,190.0,0.0,,,,,2020-03-11T17:10:00,,,,0,,,,,,,,,,,,,,,,,,,
2020-03-11 19:00:00,1016.0,15.7,82,0.0,0.0,1.3,102.0,0.0,,,,,2020-03-11T18:19:00,,,,0,,,,,,,,,,,,,,,,,,,
2020-03-11 20:00:00,1016.6,15.7,84,0.0,0.0,0.8,154.0,0.0,,,,,2020-03-11T19:02:00,,,,0,,,,,,,,,,,,,,,,,,,
2020-03-11 21:00:00,1016.7,15.6,85,0.0,0.0,0.8,101.0,0.0,,,,,2020-03-11T20:09:00,,,,0,,,,,,,,,,,,,,,,,,,
2020-03-11 22:00:00,1016.7,15.7,85,0.0,0.0,0.8,148.0,0.0,,,,,2020-03-11T21:04:00,,,,0,,,,,,,,,,,,,,,,,,,
2020-03-11 23:00:00,1015.8,16.0,88,0.0,0.0,0.8,112.0,0.0,,,,,2020-03-11T22:08:00,,,,0,,,,,,,,,,,,,,,,,,,
2020-03-12 00:00:00,1015.2,16.5,87,0.0,0.0,2.2,170.0,0.0,,,,,2020-03-11T23:30:00,,,,0,,,,,,,,,,,,,,,,,,,
2020-03-12 01:00:00,1014.6,16.6,88,0.2,0.0,2.7,178.0,0.0,,,,,2020-03-12T00:57:00,,,,0,,,,,,,,,,,,,,,,,,,
2020-03-12 02:00:00,1013.8,16.9,88,0.1,0.0,3.0,94.0,0.0,,,,,2020-03-12T01:49:00,,,,0,,,,,,,,,,,,,,,,,,,
2020-03-12 03:00:00,1012.9,17.1,87,0.0,0.0,3.3,40.0,0.0,,,,,2020-03-12T02:20:00,,,,0,,,,,,,,,,,,,,,,,,,
2020-03-12 04:00:00,1012.5,17.1,90,0.0,0.0,2.2,100.0,0.0,,,,,2020-03-12T03:03:00,,,,0,,,,,,,,,,,,,,,,,,,
2020-03-12 05:00:00,1012.2,17.4,89,0.0,0.0,1.3,96.0,0.0,,,,,2020-03-12T04:08:00,,,,0,,,,,,,,,,,,,,,,,,,
2020-03-12 06:00:00,1012.8,17.1,93,0.0,0.0,2.2,93.0,0.0,,,,,2020-03-12T05:21:00,,,,0,,,,,,,,,,,,,,,,,,,
2020-03-12 07:00:00,1013.1,17.1,95,0.0,0.0,1.6,172.0,0.0,,,,,2020-03-12T06:04:00,,,,0,,,,,,,,,,,,,,,,,,,
2020-03-12 08:00:00,1013.0,17.4,96,0.0,0.0,0.0,0.0,0.0,,,,,2020-03-12T07:05:00,,,,0,,,,,,,,,,,,,,,,,,,
2020-03-12 09:00:00,1014.2,17.1,97,0.0,0.0,1.1,268.0,0.5,,,,,2020-03-12T08:13:00,,,,0,,,,,,,,,,,,,,,,,,,
2020-03-12 10:00:00,1014.2,17.4,97,0.0,0.0,0.8,253.0,0.0,,,,,2020-03-12T09:02:00,,,,0,,,,,,,,,,,,,,,,,,,
2020-03-12 11:00:00,1013.7,17.6,98,0.0,0.0,1.3,180.0,0.5,,,,,2020-03-12T10:34:00,,,,0,,,,,,,,,,,,,,,,,,,
2020-03-12 12:00:00,1012.6,19.6,89,0.0,0.0,1.6,195.0,0.0,,,,,2020-03-12T11:04:00,,,,0,,,,,,,,,,,,,,,,,,,
2020-03-12 13:00:00,1011.1,20.7,89,0.2,0.0,1.9,343.0,0.0,,,,,2020-03-12T12:57:00,,,,0,,,,,,,,,,,,,,,,,,,
2020-03-12 14:00:00,1010.1,22.1,78,0.0,0.0,2.4,53.0,0.0,,,,,2020-03-12T13:55:00,,,,0,,,,,,,,,,,,,,,,,,,
2020-03-12 15:00:00,1009.4,21.3,81,0.0,0.0,3.0,196.0,0.0,,,,,2020-03-12T14:01:00,,,,0,,,,,,,,,,,,,,,,,,,
2020-03-12 16:00:00,1009.1,21.6,81,0.0,0.0,1.3,159.0,0.0,,,,,2020-03-12T15:17:00,,,,0,,,,,,,,,,,,,,,,,,,
2020-03-12 17:00:00,1009.3,21.5,86,0.0,0.0,0.8,129.0,0.0,,,,,2020-03-12T16:59:00,,,,0,,,,,,,,,,,,,,,,,,,
2020-03-12 18:00:00,1009.4,20.8,89,0.0,0.0,0.0,0.0,0.0,,,,,2020-03-12T17:05:00,,,,0,,,,,,,,,,,,,,,,,,,
2020-03-12 19:00:00,1009.3,19.8,93,0.0,0.0,1.3,276.0,0.0,,,,,2020-03-12T18:47:00,,,,0,,,,,,,,,,,,,,,,,,,
2020-03-12 20:00:00,1009.6,19.2,94,0.0,0.0,1.3,274.0,0.0,,,,,2020-03-12T19:15:00,,,,0,,,,,,,,,,,,,,,,,,,
2020-03-12 21:00:00,1009.9,19.2,95,0.0,0.0,0.8,300.0,0.0,,,,,2020-03-12T20:58:00,,,,0,,,,,,,,,,,,,,,,,,,
2020-03-12 22:00:00,1010.2,18.8,96,0.1,0.0,2.2,266.0,0.0,,,,,2020-03-12T21:49:00,,,,0,,,,,,,,,,,,,,,,,,,
2020-03-12 23:00:00,1010.0,18.7,96,0.1,0.0,1.6,264.0,0.0,,,,,2020-03-12T22:20:00,,,,0,,,,,,,,,,,,,,,,,,,
2020-03-13 00:00:00,1011.0,18.9,93,0.9,325.0,2.7,353.0,0.0,,,,,2020-03-12T23:56:00,,,,0,,,,,,,,,,,,,,,,,,,
2020-03-13 01:00:00,1011.7,19.4,89,0.2,0.0,3.0,322.0,0.0,,,,,2020-03-13T00:02:00,,,,0,,,,,,,,,,,,,,,,,,,
2020-03-13 02:00:00,1011.0,19.1,92,0.0,0.0,2.4,337.0,0.0,,,,,2020-03-13T01:08:00,,,,0,,,,,,,,,,,,,,,,,,,
2020-03-13 03:00:00,1010.4,18.9,92,0.9,340.0,3.3,324.0,0.0,,,,,2020-03-13T02:49:00,,,,0,,,,,,,,,,,,,,,,,,,
2020-03-13 04:00:00,1010.3,18.7,94,0.0,0.0,3.0,326.0,0.0,,,,,2020-03-13T03:08:00,,,,0,,,,,,,,,,,,,,,,,,,
2020-03-13 05:00:00,1010.6,18.4,96,0.2,0.0,1.3,313.0,0.5,,,,,2020-03-13T04:25:00,,,,0,,,,,,,,,,,,,,,,,,,
2020-03-13 06:00:00,1010.7,18.3,97,0.0,0.0,1.9,229.0,0.0,,,,,2020-03-13T05:37:00,,,,0,,,,,,,,,,,,,,,,,,,
2020-03-13 07:00:00,1011.4,18.5,98,0.0,0.0,0.8,268.0,2.0,,,,,2020-03-13T07:00:00,,,,0,,,,,,,,,,,,,,,,,,,
2020-03-13 08:00:00,1011.7,18.8,98,0.0,0.0,2.4,244.0,2.5,,,,,2020-03-13T07:24:00,,,,0,,,,,,,,,,,,,,,,,,,
2020-03-13 09:00:00,1012.0,19.4,97,0.0,0.0,3.0,324.0,2.0,,,,,2020-03-13T08:48:00,,,,0,,,,,,,,,,,,,,,,,,,
2020-03-13 10:00:00,1012.3,19.9,97,0.0,0.0,1.3,235.0,3.0,,,,,2020-03-13T09:03:00,,,,0,,,,,,,,,,,,,,,,,,,
2020-03-13 11:00:00,1012.1,20.2,97,0.0,0.0,3.0,239.0,6.5,,,,,2020-03-13T10:31:00,,,,0,,,,,,,,,,,,,,,,,,,
2020-03-13 12:00:00,1011.2,20.9,97,0.1,0.0,3.5,314.0,2.0,,,,,2020-03-13T11:14:00,,,,0,,,,,,,,,,,,,,,,,,,
2020-03-13 13:00:00,1010.0,22.8,86,0.8,351.0,3.0,319.0,0.0,,,,,2020-03-13T12:40:00,,,,0,,,,,,,,,,,,,,,,,,,
2020-03-13 14:00:00,1009.4,21.2,89,2.4,336.0,5.5,284.0,0.0,,,,,2020-03-13T13:54:00,,,,0,,,,,,,,,,,,,,,,,,,
2020-03-13 15:00:00,1009.3,19.8,94,0.2,0.0,5.5,322.0,0.0,,,,,2020-03-13T14:01:00,,,,0,,,,,,,,,,,,,,,,,,,
2020-03-13 16:00:00,1009.4,19.2,94,0.5,317.0,4.9,336.0,0.0,,,,,2020-03-13T15:36:00,,,,0,,,,,,,,,,,,,,,,,,,
2020-03-13 17:00:00,1009.6,18.7,96,0.6,317.0,5.5,325.0,0.0,,,,,2020-03-13T16:41:00,,,,0,,,,,,,,,,,,,,,,,,,
2020-03-13 18:00:00,1010.2,18.5,96,0.1,0.0,4.1,279.0,0.0,,,,,2020-03-13T17:08:00,,,,0,,,,,,,,,,,,,,,,,,,
2020-03-13 19:00:00,1010.9,18.4,96,1.3,327.0,3.5,323.0,0.0,,,,,2020-03-13T18:57:00,,,,0,,,,,,,,,,,,,,,,,,,
2020-03-13 20:00:00,1011.6,18.4,96,0.1,0.0,1.9,323.0,0.0,,,,,2020-03-13T19:53:00,,,,0,,,,,,,,,,,,,,,,,,,
2020-03-13 21:00:00,1012.3,18.1,96,0.1,0.0,3.8,322.0,0.5,,,,,2020-03-13T20:08:00,,,,0,,,,,,,,,,,,,,,,,,,
2020-03-13 22:00:00,1013.0,17.9,96,0.0,0.0,1.9,250.0,0.0,,,,,2020-03-13T21:43:00,,,,0,,,,,,,,,,,,,,,,,,,
2020-03-13 23:00:00,1013.0,17.6,96,0.0,0.0,2.7,319.0,0.5,,,,,2020-03-13T22:25:00,,,,0,,,,,,,,,,,,,,,,,,,
2020-03-14 00:00:00,1013.2,17.4,96,0.5,328.0,2.4,313.0,0.0,,,,,2020-03-13T23:23:00,,,,0,,,,,,,,,,,,,,,,,,,
2020-03-14 01:00:00,1013.4,16.9,95,0.2,0.0,5.5,333.0,1.0,,,,,2020-03-14T00:12:00,,,,0,,,,,,,,,,,,,,,,,,,
2020-03-14 02:00:00,1013.3,16.4,96,0.1,0.0,4.1,325.0,0.5,,,,,2020-03-14T01:16:00,,,,0,,,,,,,,,,,,,,,,,,,
2020-03-14 03:00:00,1013.1,15.9,96,0.7,343.0,3.0,326.0,0.5,,,,,2020-03-14T02:11:00,,,,0,,,,,,,,,,,,,,,,,,,
2020-03-14 04:00:00,1013.3,15.4,96,0.1,0.0,5.5,26.0,1.0,,,,,2020-03-14T03:12:00,,,,0,,,,,,,,,,,,,,,,,,,
2020-03-14 05:00:00,1013.8,15.0,96,0.7,341.0,5.5,329.0,0.5,,,,,2020-03-14T04:26:00,,,,0,,,,,,,,,,,,,,,,,,,
2020-03-14 06:00:00,1014.7,14.6,97,0.0,0.0,4.9,316.0,1.0,,,,,2020-03-14T05:09:00,,,,0,,,,,,,,,,,,,,,,,,,
2020-03-14 07:00:00,1014.9,14.4,97,0.2,0.0,2.4,353.0,0.5,,,,,2020-03-14T06:40:00,,,,0,,,,,,,,,,,,,,,,,,,
2020-03-14 08:00:00,1015.2,14.4,97,0.0,0.0,2.2,328.0,1.0,,,,,2020-03-14T07:01:00,,,,0,,,,,,,,,,,,,,,,,,,
2020-03-14 09:00:00,1016.2,14.4,96,0.7,341.0,3.0,353.0,0.0,,,,,2020-03-14T08:20:00,,,,0,,,,,,,,,,,,,,,,,,,
2020-03-14 10:00:00,1016.4,14.4,96,0.0,0.0,2.2,318.0,0.5,,,,,2020-03-14T09:22:00,,,,0,,,,,,,,,,,,,,,,,,,
2020-03-14 11:00:00,1016.2,14.3,95,0.4,332.0,3.3,329.0,0.5,,,,,2020-03-14T10:34:00,,,,0,,,,,,,,,,,,,,,,,,,
2020-03-14 12:00:00,1015.5,14.2,96,1.1,339.0,3.3,332.0,0.5,,,,,2020-03-14T11:59:00,,,,0,,,,,,,,,,,,,,,,,,,
2020-03-14 13:00:00,1014.7,13.9,92,1.0,332.0,3.5,327.0,0.5,,,,,2020-03-14T12:56:00,,,,0,,,,,,,,,,,,,,,,,,,
2020-03-14 14:00:00,1014.1,14.3,89,0.4,342.0,3.0,319.0,0.0,,,,,2020-03-14T13:02:00,,,,0,,,,,,,,,,,,,,,,,,,
2020-03-14 15:00:00,1013.9,15.3,80,1.3,346.0,3.3,316.0,0.0,,,,,2020-03-14T14:59:00,,,,0,,,,,,,,,,,,,,,,,,,
2020-03-14 16:00:00,1014.5,14.8,79,0.9,345.0,3.3,323.0,0.0,,,,,2020-03-14T15:57:00,,,,0,,,,,,,,,,,,,,,,,,,
2020-03-14 17:00:00,1014.7,15.0,78,0.1,0.0,4.1,322.0,0.0,,,,,2020-03-14T16:11:00,,,,0,,,,,,,,,,,,,,,,,,,
2020-03-14 18:00:00,1014.8,14.5,87,0.0,0.0,2.4,342.0,0.0,,,,,2020-03-14T17:11:00,,,,0,,,,,,,,,,,,,,,,,,,
2020-03-14 19:00:00,1015.2,13.7,93,0.0,0.0,1.3,342.0,0.0,,,,,2020-03-14T18:50:00,,,,0,,,,,,,,,,,,,,,,,,,
2020-03-14 20:00:00,1015.7,13.4,95,0.1,0.0,1.6,337.0,0.0,,,,,2020-03-14T19:03:00,,,,0,,,,,,,,,,,,,,,,,,,
2020-03-14 21:00:00,1016.2,13.4,96,0.2,0.0,1.9,267.0,0.0,,,,,2020-03-14T20:37:00,,,,0,,,,,,,,,,,,,,,,,,,
2020-03-14 22:00:00,1016.5,13.2,96,0.0,0.0,1.9,269.0,0.0,,,,,2020-03-14T21:17:00,,,,0,,,,,,,,,,,,,,,,,,,
2020-03-14 23:00:00,1016.5,13.2,96,0.1,0.0,1.6,299.0,0.0,,,,,2020-03-14T22:18:00,,,,0,,,,,,,,,,,,,,,,,,,
2020-03-15 00:00:00,1016.4,13.0,97,0.4,324.0,1.9,326.0,0.0,,,,,2020-03-14T23:17:00,,,,0,,,,,,,,,,,,,,,,,,,
2020-03-15 01:00:00,1015.7,12.6,97,0.5,345.0,1.9,332.0,0.0,,,,,2020-03-15T00:09:00,,,,0,,,,,,,,,,,,,,,,,,,
2020-03-15 02:00:00,1015.8,12.3,98,0.1,0.0,1.6,349.0,0.0,,,,,2020-03-15T01:39:00,,,,0,,,,,,,,,,,,,,,,,,,
2020-03-15 03:00:00,1015.8,12.0,98,0.2,0.0,1.9,315.0,0.0,,,,,2020-03-15T02:02:00,,,,0,,,,,,,,,,,,,,,,,,,
2020-03-15 04:00:00,1015.8,11.5,99,0.0,0.0,1.9,10.0,0.0,,,,,2020-03-15T03:39:00,,,,0,,,,,,,,,,,,,,,,,,,
2020-03-15 05:00:00,1016.2,10.8,99,0.0,0.0,1.6,325.0,0.0,,,,,2020-03-15T04:05:00,,,,0,,,,,,,,,,,,,,,,,,,
2020-03-15 06:00:00,1016.8,10.1,99,0.0,0.0,0.8,7.0,0.0,,,,,2020-03-15T05:13:00,,,,0,,,,,,,,,,,,,,,,,,,
2020-03-15 07:00:00,1017.3,9.9,100,0.0,0.0,0.0,0.0,0.0,,,,,2020-03-15T06:05:00,,,,0,,,,,,,,,,,,,,,,,,,
2020-03-15 08:00:00,1017.7,11.3,97,0.0,0.0,1.3,333.0,0.0,,,,,2020-03-15T07:06:00,,,,0,,,,,,,,,,,,,,,,,,,
2020-03-15 09:00:00,1017.8,15.6,76,0.0,0.0,1.3,171.0,0.0,,,,,2020-03-15T08:53:00,,,,0,,,,,,,,,,,,,,,,,,,
2020-03-15 10:00:00,1017.7,18.9,57,0.0,0.0,2.4,123.0,0.0,,,,,2020-03-15T09:47:00,,,,0,,,,,,,,,,,,,,,,,,,
2020-03-15 11:00:00,1017.3,20.2,48,0.0,0.0,3.0,182.0,0.0,,,,,2020-03-15T10:55:00,,,,0,,,,,,,,,,,,,,,,,,,
2020-03-15 12:00:00,1016.7,20.3,43,0.1,0.0,3.0,340.0,0.0,,,,,2020-03-15T11:43:00,,,,0,,,,,,,,,,,,,,,,,,,
2020-03-15 13:00:00,1015.7,21.4,44,0.1,0.0,2.4,183.0,0.0,,,,,2020-03-15T12:17:00,,,,0,,,,,,,,,,,,,,,,,,,
2020-03-15 14:00:00,1014.9,20.5,47,0.5,184.0,3.8,333.0,0.0,,,,,2020-03-15T13:50:00,,,,0,,,,,,,,,,,,,,,,,,,
2020-03-15 15:00:00,1014.5,20.4,46,0.2,0.0,2.4,202.0,0.0,,,,,2020-03-15T14:14:00,,,,0,,,,,,,,,,,,,,,,,,,
2020-03-15 16:00:00,1014.3,18.9,51,0.1,0.0,2.2,321.0,0.0,,,,,2020-03-15T15:33:00,,,,0,,,,,,,,,,,,,,,,,,,
2020-03-15 17:00:00,1014.5,17.6,54,0.0,0.0,1.6,183.0,0.0,,,,,2020-03-15T16:05:00,,,,0,,,,,,,,,,,,,,,,,,,
2020-03-15 18:00:00,1015.2,16.1,65,0.0,0.0,0.8,106.0,0.0,,,,,2020-03-15T17:01:00,,,,0,,,,,,,,,,,,,,,,,,,
2020-03-15 19:00:00,1015.8,13.0,85,0.0,0.0,0.0,0.0,0.0,,,,,2020-03-15T18:05:00,,,,0,,,,,,,,,,,,,,,,,,,
2020-03-15 20:00:00,1016.4,11.7,91,0.0,0.0,0.0,0.0,0.0,,,,,2020-03-15T19:05:00,,,,0,,,,,,,,,,,,,,,,,,,
2020-03-15 21:00:00,1016.7,10.7,95,0.0,0.0,0.0,0.0,0.0,,,,,2020-03-15T20:05:00,,,,0,,,,,,,,,,,,,,,,,,,
2020-03-15 22:00:00,1017.1,10.0,96,0.0,0.0,0.0,0.0,0.0,,,,,2020-03-15T21:05:00,,,,0,,,,,,,,,,,,,,,,,,,
2020-03-15 23:00:00,1017.2,9.4,97,0.0,0.0,0.0,0.0,0.0,,,,,2020-03-15T22:05:00,,,,0,,,,,,,,,,,,,,,,,,,
2020-03-16 00:00:00,1017.3,9.1,98,0.0,0.0,0.0,0.0,0.0,,,,,2020-03-15T23:05:00,,,,0,,,,,,,,,,,,,,,,,,,
2020-03-16 01:00:00,1017.4,8.7,98,0.0,0.0,0.0,0.0,0.0,,,,,2020-03-16T00:05:00,,,,0,,,,,,,,,,,,,,,,,,,
2020-03-16 02:00:00,1017.2,8.3,99,0.0,0.0,0.0,0.0,0.0,,,,,2020-03-16T01:05:00,,,,0,,,,,,,,,,,,,,,,,,,
2020-03-16 03:00:00,1016.9,8.0,99,0.0,0.0,0.0,0.0,0.0,,,,,2020-03-16T02:05:00,,,,0,,,,,,,,,,,,,,,,,,,
2020-03-16 04:00:00,1017.1,7.6,99,0.0,0.0,0.0,0.0,0.0,,,,,2020-03-16T03:05:00,,,,0,,,,,,,,,,,,,,,,,,,
2020-03-16 05:00:00,1017.7,7.4,100,0.0,0.0,1.1,345.0,0.0,,,,,2020-03-16T04:49:00,,,,0,,,,,,,,,,,,,,,,,,,
2020-03-16 06:00:00,1018.0,7.1,100,0.0,0.0,0.0,0.0,0.0,,,,,2020-03-16T05:05:00,,,,0,,,,,,,,,,,,,,,,,,,
2020-03-16 07:00:00,1018.5,7.6,100,0.0,0.0,0.0,0.0,0.0,,,,,2020-03-16T06:05:00,,,,0,,,,,,,,,,,,,,,,,,,
2020-03-16 08:00:00,1018.8,10.2,100,0.0,0.0,0.0,0.0,0.0,,,,,2020-03-16T07:05:00,,,,0,,,,,,,,,,,,,,,,,,,
2020-03-16 09:00:00,1019.0,17.2,68,0.4,172.0,3.0,186.0,0.0,,,,,2020-03-16T08:54:00,,,,0,,,,,,,,,,,,,,,,,,,
2020-03-16 10:00:00,1018.9,19.9,48,0.5,161.0,3.5,189.0,0.0,,,,,2020-03-16T09:19:00,,,,0,,,,,,,,,,,,,,,,,,,
2020-03-16 11:00:00,1018.8,21.4,43,0.5,159.0,5.5,164.0,0.0,,,,,2020-03-16T10:15:00,,,,0,,,,,,,,,,,,,,,,,,,
2020-03-16 12:00:00,1017.7,21.5,40,1.0,127.0,6.0,192.0,0.0,,,,,2020-03-16T11:25:00,,,,0,,,,,,,,,,,,,,,,,,,
2020-03-16 13:00:00,1016.8,21.7,39,0.8,142.0,6.6,176.0,0.0,,,,,2020-03-16T12:43:00,,,,0,,,,,,,,,,,,,,,,,,,
2020-03-16 14:00:00,1016.5,21.5,38,0.8,162.0,5.5,174.0,0.0,,,,,2020-03-16T13:30:00,,,,0,,,,,,,,,,,,,,,,,,,
2020-03-16 15:00:00,1015.7,21.5,40,0.2,0.0,6.0,167.0,0.0,,,,,2020-03-16T14:07:00,,,,0,,,,,,,,,,,,,,,,,,,
2020-03-16 16:00:00,1015.5,20.8,42,0.9,161.0,5.5,168.0,0.0,,,,,2020-03-16T15:06:00,,,,0,,,,,,,,,,,,,,,,,,,
2020-03-16 17:00:00,1015.7,20.1,45,0.4,150.0,5.5,174.0,0.0,,,,,2020-03-16T16:29:00,,,,0,,,,,,,,,,,,,,,,,,,
2020-03-16 18:00:00,1016.1,18.8,50,0.0,0.0,1.9,39.0,0.0,,,,,2020-03-16T17:06:00,,,,0,,,,,,,,,,,,,,,,,,,
2020-03-16 19:00:00,1016.6,16.3,70,0.0,0.0,1.1,208.0,0.0,,,,,2020-03-16T18:19:00,,,,0,,,,,,,,,,,,,,,,,,,
2020-03-16 20:00:00,1016.9,13.8,85,0.4,325.0,1.9,335.0,0.0,,,,,2020-03-16T19:21:00,,,,0,,,,,,,,,,,,,,,,,,,
2020-03-16 21:00:00,1017.2,12.8,90,0.1,0.0,1.9,343.0,0.0,,,,,2020-03-16T20:30:00,,,,0,,,,,,,,,,,,,,,,,,,
2020-03-16 22:00:00,1017.1,12.1,93,0.0,0.0,1.3,341.0,0.0,,,,,2020-03-16T21:09:00,,,,0,,,,,,,,,,,,,,,,,,,
2020-03-16 23:00:00,1016.9,11.9,95,0.0,0.0,1.3,328.0,0.0,,,,,2020-03-16T22:08:00,,,,0,,,,,,,,,,,,,,,,,,,
2020-03-17 00:00:00,1016.6,12.5,93,0.0,0.0,1.9,353.0,0.0,,,,,2020-03-16T23:19:00,,,,0,,,,,,,,,,,,,,,,,,,
2020-03-17 01:00:00,1016.0,12.9,93,0.1,0.0,1.6,327.0,0.0,,,,,2020-03-17T00:02:00,,,,0,,,,,,,,,,,,,,,,,,,
2020-03-17 02:00:00,1015.6,13.8,91,0.1,0.0,1.3,332.0,0.0,,,,,2020-03-17T01:01:00,,,,0,,,,,,,,,,,,,,,,,,,
2020-03-17 03:00:00,1015.0,14.0,90,0.0,0.0,1.9,17.0,0.0,,,,,2020-03-17T02:42:00,,,,0,,,,,,,,,,,,,,,,,,,
2020-03-17 04:00:00,1015.3,14.2,93,0.0,0.0,1.6,337.0,0.0,,,,,2020-03-17T03:06:00,,,,0,,,,,,,,,,,,,,,,,,,
2020-03-17 05:00:00,1015.0,14.1,96,0.0,0.0,1.9,334.0,0.0,,,,,2020-03-17T04:33:00,,,,0,,,,,,,,,,,,,,,,,,,
2020-03-17 06:00:00,1015.4,14.2,97,0.0,0.0,1.9,344.0,0.0,,,,,2020-03-17T05:35:00,,,,0,,,,,,,,,,,,,,,,,,,
2020-03-17 07:00:00,1015.3,14.2,98,0.5,337.0,1.9,349.0,0.0,,,,,2020-03-17T06:59:00,,,,0,,,,,,,,,,,,,,,,,,,
2020-03-17 08:00:00,1016.1,15.7,95,0.0,0.0,1.6,319.0,0.0,,,,,2020-03-17T07:31:00,,,,0,,,,,,,,,,,,,,,,,,,
2020-03-17 09:00:00,1015.7,19.6,65,0.4,197.0,4.9,250.0,0.0,,,,,2020-03-17T08:55:00,,,,0,,,,,,,,,,,,,,,,,,,
2020-03-17 10:00:00,1015.2,21.6,56,0.4,142.0,4.9,191.0,0.0,,,,,2020-03-17T09:53:00,,,,0,,,,,,,,,,,,,,,,,,,
2020-03-17 11:00:00,1014.7,21.9,55,0.2,0.0,5.5,177.0,0.0,,,,,2020-03-17T10:11:00,,,,0,,,,,,,,,,,,,,,,,,,
2020-03-17 12:00:00,1013.9,22.0,57,0.9,153.0,5.5,148.0,0.0,,,,,2020-03-17T11:13:00,,,,0,,,,,,,,,,,,,,,,,,,
2020-03-17 13:00:00,1013.0,23.0,57,0.9,168.0,5.5,150.0,0.0,,,,,2020-03-17T12:05:00,,,,0,,,,,,,,,,,,,,,,,,,
2020-03-17 14:00:00,1012.5,24.1,56,0.2,0.0,3.3,169.0,0.0,,,,,2020-03-17T13:25:00,,,,0,,,,,,,,,,,,,,,,,,,
2020-03-17 15:00:00,1012.0,22.3,60,0.6,166.0,3.3,177.0,0.0,,,,,2020-03-17T14:04:00,,,,0,,,,,,,,,,,,,,,,,,,
2020-03-17 16:00:00,1012.2,22.0,65,0.0,0.0,3.0,191.0,0.0,,,,,2020-03-17T15:04:00,,,,0,,,,,,,,,,,,,,,,,,,
2020-03-17 17:00:00,1012.4,21.0,70,0.0,0.0,0.0,0.0,0.0,,,,,2020-03-17T16:05:00,,,,0,,,,,,,,,,,,,,,,,,,
2020-03-17 18:00:00,1013.1,19.8,81,0.0,0.0,0.0,0.0,0.0,,,,,2020-03-17T17:05:00,,,,0,,,,,,,,,,,,,,,,,,,
2020-03-17 19:00:00,1013.7,18.9,85,0.1,0.0,1.3,167.0,0.0,,,,,2020-03-17T18:12:00,,,,0,,,,,,,,,,,,,,,,,,,
2020-03-17 20:00:00,1013.9,18.2,86,0.0,0.0,1.3,330.0,0.0,,,,,2020-03-17T19:29:00,,,,0,,,,,,,,,,,,,,,,,,,
2020-03-17 21:00:00,1013.7,17.6,86,0.0,0.0,0.8,309.0,0.0,,,,,2020-03-17T20:48:00,,,,0,,,,,,,,,,,,,,,,,,,
2020-03-17 22:00:00,1014.0,17.3,89,0.0,0.0,1.1,335.0,0.0,,,,,2020-03-17T21:28:00,,,,0,,,,,,,,,,,,,,,,,,,
2020-03-17 23:00:00,1014.2,17.2,89,0.0,0.0,1.9,261.0,0.0,,,,,2020-03-17T22:19:00,,,,0,,,,,,,,,,,,,,,,,,,
2020-03-18 00:00:00,1013.2,17.3,89,0.0,0.0,1.3,324.0,0.0,,,,,2020-03-17T23:03:00,,,,0,,,,,,,,,,,,,,,,,,,
2020-03-18 01:00:00,1012.5,16.9,91,0.0,0.0,0.8,240.0,0.0,,,,,2020-03-18T00:58:00,,,,0,,,,,,,,,,,,,,,,,,,
2020-03-18 02:00:00,1012.4,16.9,92,0.0,0.0,1.1,320.0,0.0,,,,,2020-03-18T01:17:00,,,,0,,,,,,,,,,,,,,,,,,,
2020-03-18 03:00:00,1011.8,16.5,95,0.0,0.0,0.8,307.0,0.0,,,,,2020-03-18T02:46:00,,,,0,,,,,,,,,,,,,,,,,,,
2020-03-18 04:00:00,1011.7,16.4,95,0.0,0.0,1.3,334.0,0.0,,,,,2020-03-18T03:30:00,,,,0,,,,,,,,,,,,,,,,,,,
2020-03-18 05:00:00,1011.8,16.4,95,0.0,0.0,0.8,247.0,0.0,,,,,2020-03-18T04:01:00,,,,0,,,,,,,,,,,,,,,,,,,
2020-03-18 06:00:00,1011.4,16.6,95,0.0,0.0,0.0,0.0,0.0,,,,,2020-03-18T05:05:00,,,,0,,,,,,,,,,,,,,,,,,,
2020-03-18 07:00:00,1012.1,16.4,97,0.0,0.0,1.9,352.0,0.0,,,,,2020-03-18T06:29:00,,,,0,,,,,,,,,,,,,,,,,,,
2020-03-18 08:00:00,1012.7,17.3,95,0.0,0.0,0.8,320.0,0.0,,,,,2020-03-18T07:47:00,,,,0,,,,,,,,,,,,,,,,,,,
2020-03-18 09:00:00,1012.8,18.4,91,0.1,0.0,1.3,333.0,0.0,,,,,2020-03-18T08:51:00,,,,0,,,,,,,,,,,,,,,,,,,
2020-03-18 10:00:00,1012.9,21.1,81,0.0,0.0,1.3,340.0,0.0,,,,,2020-03-18T09:21:00,,,,0,,,,,,,,,,,,,,,,,,,
2020-03-18 11:00:00,1012.2,20.7,84,0.0,0.0,1.9,147.0,0.0,,,,,2020-03-18T10:53:00,,,,0,,,,,,,,,,,,,,,,,,,
2020-03-18 12:00:00,1011.3,21.2,79,0.0,0.0,3.5,190.0,0.0,,,,,2020-03-18T11:18:00,,,,0,,,,,,,,,,,,,,,,,,,
2020-03-18 13:00:00,1010.9,20.2,84,0.0,0.0,1.9,176.0,0.0,,,,,2020-03-18T12:37:00,,,,0,,,,,,,,,,,,,,,,,,,
2020-03-18 14:00:00,1010.3,20.2,86,0.0,0.0,1.9,167.0,0.0,,,,,2020-03-18T13:05:00,,,,0,,,,,,,,,,,,,,,,,,,
2020-03-18 15:00:00,1009.8,20.2,86,0.0,0.0,1.3,181.0,0.0,,,,,2020-03-18T14:55:00,,,,0,,,,,,,,,,,,,,,,,,,
2020-03-18 16:00:00,1009.6,20.2,87,0.0,0.0,0.8,180.0,0.0,,,,,2020-03-18T15:06:00,,,,0,,,,,,,,,,,,,,,,,,,
2020-03-18 17:00:00,1009.4,19.4,90,0.0,0.0,1.3,162.0,0.0,,,,,2020-03-18T16:04:00,,,,0,,,,,,,,,,,,,,,,,,,
2020-03-18 18:00:00,1009.5,19.2,92,0.0,0.0,0.8,134.0,0.0,,,,,2020-03-18T17:01:00,,,,0,,,,,,,,,,,,,,,,,,,
2020-03-18 19:00:00,1009.9,18.8,95,0.0,0.0,0.0,0.0,0.5,,,,,2020-03-18T18:05:00,,,,0,,,,,,,,,,,,,,,,,,,
2020-03-18 20:00:00,1010.5,18.3,97,0.0,0.0,0.8,153.0,0.0,,,,,2020-03-18T19:37:00,,,,0,,,,,,,,,,,,,,,,,,,
2020-03-18 21:00:00,1010.7,18.2,97,0.0,0.0,0.0,0.0,0.0,,,,,2020-03-18T20:05:00,,,,0,,,,,,,,,,,,,,,,,,,
2020-03-18 22:00:00,1010.5,18.0,97,0.0,0.0,0.8,346.0,0.0,,,,,2020-03-18T21:16:00,,,,0,,,,,,,,,,,,,,,,,,,
2020-03-18 23:00:00,1010.2,17.8,97,0.0,0.0,0.8,263.0,0.0,,,,,2020-03-18T22:55:00,,,,0,,,,,,,,,,,,,,,,,,,
2020-03-19 00:00:00,1009.8,17.4,98,0.0,0.0,1.6,308.0,0.0,,,,,2020-03-18T23:14:00,,,,0,,,,,,,,,,,,,,,,,,,
2020-03-19 01:00:00,1009.3,16.9,98,0.0,0.0,0.0,0.0,0.0,,,,,2020-03-19T00:05:00,,,,0,,,,,,,,,,,,,,,,,,,
2020-03-19 02:00:00,1009.2,16.9,98,0.0,0.0,0.0,0.0,0.0,,,,,2020-03-19T01:05:00,,,,0,,,,,,,,,,,,,,,,,,,
2020-03-19 03:00:00,1009.1,16.9,98,0.0,0.0,1.3,328.0,0.0,,,,,2020-03-19T02:50:00,,,,0,,,,,,,,,,,,,,,,,,,
2020-03-19 04:00:00,1008.3,17.1,98,0.1,0.0,1.3,21.0,0.0,,,,,2020-03-19T03:01:00,,,,0,,,,,,,,,,,,,,,,,,,
2020-03-19 05:00:00,1008.5,17.3,98,0.0,0.0,1.9,264.0,0.0,,,,,2020-03-19T04:38:00,,,,0,,,,,,,,,,,,,,,,,,,
2020-03-19 06:00:00,1008.1,17.4,98,0.0,0.0,0.8,355.0,0.0,,,,,2020-03-19T05:08:00,,,,0,,,,,,,,,,,,,,,,,,,
2020-03-19 07:00:00,1008.8,17.8,98,0.0,0.0,0.8,166.0,0.0,,,,,2020-03-19T06:20:00,,,,0,,,,,,,,,,,,,,,,,,,
2020-03-19 08:00:00,1009.7,17.9,98,0.0,0.0,0.0,0.0,0.0,,,,,2020-03-19T07:05:00,,,,0,,,,,,,,,,,,,,,,,,,
2020-03-19 09:00:00,1010.8,18.0,98,0.0,0.0,1.6,326.0,0.0,,,,,2020-03-19T08:06:00,,,,0,,,,,,,,,,,,,,,,,,,
2020-03-19 10:00:00,1010.5,18.7,97,0.2,0.0,1.9,20.0,1.0,,,,,2020-03-19T09:46:00,,,,0,,,,,,,,,,,,,,,,,,,
2020-03-19 11:00:00,1010.3,19.9,95,0.0,0.0,1.6,11.0,0.0,,,,,2020-03-19T10:39:00,,,,0,,,,,,,,,,,,,,,,,,,
2020-03-19 12:00:00,1009.4,21.3,88,0.3,326.0,3.3,256.0,0.0,,,,,2020-03-19T11:35:00,,,,0,,,,,,,,,,,,,,,,,,,
2020-03-19 13:00:00,1008.4,23.2,78,1.7,297.0,6.0,337.0,0.0,,,,,2020-03-19T12:59:00,,,,0,,,,,,,,,,,,,,,,,,,
2020-03-19 14:00:00,1008.1,22.7,76,1.7,263.0,7.1,266.0,0.0,,,,,2020-03-19T13:58:00,,,,0,,,,,,,,,,,,,,,,,,,
2020-03-19 15:00:00,1007.9,22.3,80,0.8,277.0,5.5,318.0,0.0,,,,,2020-03-19T14:41:00,,,,0,,,,,,,,,,,,,,,,,,,
2020-03-19 16:00:00,1008.1,21.4,85,0.1,0.0,5.5,259.0,0.0,,,,,2020-03-19T15:15:00,,,,0,,,,,,,,,,,,,,,,,,,
2020-03-19 17:00:00,1008.5,20.5,90,0.0,0.0,1.6,241.0,0.0,,,,,2020-03-19T16:40:00,,,,0,,,,,,,,,,,,,,,,,,,
2020-03-19 18:00:00,1009.4,20.2,94,0.0,0.0,1.9,283.0,0.0,,,,,2020-03-19T17:11:00,,,,0,,,,,,,,,,,,,,,,,,,
2020-03-19 19:00:00,1010.6,19.9,94,0.0,0.0,0.8,327.0,0.5,,,,,2020-03-19T18:15:00,,,,0,,,,,,,,,,,,,,,,,,,
2020-03-19 20:00:00,1011.3,19.0,96,0.3,291.0,1.9,265.0,1.5,,,,,2020-03-19T19:21:00,,,,0,,,,,,,,,,,,,,,,,,,
2020-03-19 21:00:00,1012.0,18.7,94,0.4,343.0,3.0,333.0,0.5,,,,,2020-03-19T20:22:00,,,,0,,,,,,,,,,,,,,,,,,,
2020-03-19 22:00:00,1012.2,18.5,96,0.0,0.0,1.3,19.0,0.0,,,,,2020-03-19T21:01:00,,,,0,,,,,,,,,,,,,,,,,,,
2020-03-19 23:00:00,1012.3,18.2,97,0.1,0.0,2.2,254.0,0.0,,,,,2020-03-19T22:31:00,,,,0,,,,,,,,,,,,,,,,,,,
2020-03-20 00:00:00,1012.4,18.2,97,0.0,0.0,0.0,0.0,0.0,,,,,2020-03-19T23:05:00,,,,0,,,,,,,,,,,,,,,,,,,
2020-03-20 01:00:00,1012.3,17.7,98,0.0,0.0,1.9,261.0,0.0,,,,,2020-03-20T00:36:00,,,,0,,,,,,,,,,,,,,,,,,,
2020-03-20 02:00:00,1012.1,17.6,98,0.0,0.0,1.9,251.0,0.0,,,,,2020-03-20T01:18:00,,,,0,,,,,,,,,,,,,,,,,,,
2020-03-20 03:00:00,1011.4,17.4,98,0.0,0.0,1.9,266.0,0.0,,,,,2020-03-20T02:36:00,,,,0,,,,,,,,,,,,,,,,,,,
2020-03-20 04:00:00,1011.6,17.6,98,0.0,0.0,1.9,249.0,0.0,,,,,2020-03-20T03:06:00,,,,0,,,,,,,,,,,,,,,,,,,
2020-03-20 05:00:00,1011.4,17.6,98,0.0,0.0,0.8,73.0,0.0,,,,,2020-03-20T04:47:00,,,,0,,,,,,,,,,,,,,,,,,,
2020-03-20 06:00:00,1011.8,17.6,98,0.0,0.0,0.0,0.0,0.0,,,,,2020-03-20T05:05:00,,,,0,,,,,,,,,,,,,,,,,,,
2020-03-20 07:00:00,1012.3,17.8,98,0.0,0.0,0.0,0.0,0.0,,,,,2020-03-20T06:05:00,,,,0,,,,,,,,,,,,,,,,,,,
2020-03-20 08:00:00,1012.8,18.0,98,0.0,0.0,0.0,0.0,0.0,,,,,2020-03-20T07:05:00,,,,0,,,,,,,,,,,,,,,,,,,
2020-03-20 09:00:00,1013.1,18.2,98,0.0,0.0,1.1,325.0,0.0,,,,,2020-03-20T08:26:00,,,,0,,,,,,,,,,,,,,,,,,,
2020-03-20 10:00:00,1013.2,19.3,96,0.0,0.0,0.0,0.0,0.0,,,,,2020-03-20T09:05:00,,,,0,,,,,,,,,,,,,,,,,,,
2020-03-20 11:00:00,1013.0,20.1,93,0.0,0.0,0.0,0.0,0.0,,,,,2020-03-20T10:05:00,,,,0,,,,,,,,,,,,,,,,,,,
2020-03-20 12:00:00,1012.2,19.9,94,0.0,0.0,0.0,0.0,0.0,,,,,2020-03-20T11:05:00,,,,0,,,,,,,,,,,,,,,,,,,
2020-03-20 13:00:00,1011.5,19.7,96,0.0,0.0,1.3,70.0,0.0,,,,,2020-03-20T12:30:00,,,,0,,,,,,,,,,,,,,,,,,,
2020-03-20 14:00:00,1010.8,20.1,95,0.0,0.0,0.0,0.0,0.0,,,,,2020-03-20T13:05:00,,,,0,,,,,,,,,,,,,,,,,,,
2020-03-20 15:00:00,1010.0,20.8,92,0.0,0.0,1.3,170.0,0.0,,,,,2020-03-20T14:50:00,,,,0,,,,,,,,,,,,,,,,,,,
2020-03-20 16:00:00,1009.9,20.7,93,0.0,0.0,1.3,352.0,0.0,,,,,2020-03-20T15:09:00,,,,0,,,,,,,,,,,,,,,,,,,
2020-03-20 17:00:00,1010.2,20.4,92,0.0,0.0,0.0,0.0,0.0,,,,,2020-03-20T16:05:00,,,,0,,,,,,,,,,,,,,,,,,,
2020-03-20 18:00:00,1010.7,19.2,95,0.0,0.0,1.3,107.0,0.0,,,,,2020-03-20T17:36:00,,,,0,,,,,,,,,,,,,,,,,,,
2020-03-20 19:00:00,1011.0,19.2,96,0.0,0.0,1.3,10.0,0.0,,,,,2020-03-20T18:40:00,,,,0,,,,,,,,,,,,,,,,,,,
2020-03-20 20:00:00,1011.4,19.1,96,0.0,0.0,0.8,337.0,0.0,,,,,2020-03-20T19:05:00,,,,0,,,,,,,,,,,,,,,,,,,
2020-03-20 21:00:00,1012.1,19.1,97,0.0,0.0,0.8,331.0,0.0,,,,,2020-03-20T20:41:00,,,,0,,,,,,,,,,,,,,,,,,,
2020-03-20 22:00:00,1012.1,18.9,97,0.0,0.0,0.0,0.0,0.0,,,,,2020-03-20T21:05:00,,,,0,,,,,,,,,,,,,,,,,,,
2020-03-20 23:00:00,1011.8,18.7,97,0.0,0.0,1.9,352.0,0.0,,,,,2020-03-20T22:22:00,,,,0,,,,,,,,,,,,,,,,,,,
2020-03-21 00:00:00,1011.4,18.7,97,0.0,0.0,1.1,352.0,0.5,,,,,2020-03-20T23:28:00,,,,0,,,,,,,,,,,,,,,,,,,
2020-03-21 01:00:00,1010.8,18.2,98,0.0,0.0,0.0,0.0,0.0,,,,,2020-03-21T00:05:00,,,,0,,,,,,,,,,,,,,,,,,,
2020-03-21 02:00:00,1010.2,17.8,98,0.0,0.0,1.6,341.0,0.0,,,,,2020-03-21T01:46:00,,,,0,,,,,,,,,,,,,,,,,,,
2020-03-21 03:00:00,1010.0,17.6,99,0.0,0.0,1.1,266.0,0.0,,,,,2020-03-21T02:33:00,,,,0,,,,,,,,,,,,,,,,,,,
2020-03-21 04:00:00,1010.2,17.5,99,0.0,0.0,1.3,321.0,0.0,,,,,2020-03-21T03:01:00,,,,0,,,,,,,,,,,,,,,,,,,
2020-03-21 05:00:00,1010.6,16.8,99,0.0,0.0,1.1,355.0,0.0,,,,,2020-03-21T04:20:00,,,,0,,,,,,,,,,,,,,,,,,,
2020-03-21 06:00:00,1011.7,16.4,99,0.0,0.0,0.0,0.0,0.0,,,,,2020-03-21T05:05:00,,,,0,,,,,,,,,,,,,,,,,,,
2020-03-21 07:00:00,1012.4,16.7,99,0.0,0.0,0.0,0.0,0.0,,,,,2020-03-21T06:05:00,,,,0,,,,,,,,,,,,,,,,,,,
2020-03-21 08:00:00,1012.7,18.7,99,0.0,0.0,0.0,0.0,0.0,,,,,2020-03-21T07:05:00,,,,0,,,,,,,,,,,,,,,,,,,
2020-03-21 09:00:00,1012.4,21.6,93,0.0,0.0,1.1,334.0,0.0,,,,,2020-03-21T08:17:00,,,,0,,,,,,,,,,,,,,,,,,,
2020-03-21 10:00:00,1011.7,26.4,69,0.2,0.0,1.9,47.0,0.0,,,,,2020-03-21T09:55:00,,,,0,,,,,,,,,,,,,,,,,,,
2020-03-21 11:00:00,1011.2,27.8,63,0.2,0.0,3.5,149.0,0.0,,,,,2020-03-21T10:53:00,,,,0,,,,,,,,,,,,,,,,,,,
2020-03-21 12:00:00,1009.9,28.9,58,0.2,0.0,4.9,160.0,0.0,,,,,2020-03-21T11:22:00,,,,0,,,,,,,,,,,,,,,,,,,
2020-03-21 13:00:00,1009.3,29.2,58,0.4,149.0,3.3,142.0,0.0,,,,,2020-03-21T12:18:00,,,,0,,,,,,,,,,,,,,,,,,,
2020-03-21 14:00:00,1008.2,28.9,63,0.1,0.0,3.0,88.0,0.0,,,,,2020-03-21T13:08:00,,,,0,,,,,,,,,,,,,,,,,,,
2020-03-21 15:00:00,1007.7,27.5,66,0.1,0.0,3.3,56.0,0.0,,,,,2020-03-21T14:49:00,,,,0,,,,,,,,,,,,,,,,,,,
2020-03-21 16:00:00,1007.3,27.1,67,0.1,0.0,2.4,107.0,0.0,,,,,2020-03-21T15:43:00,,,,0,,,,,,,,,,,,,,,,,,,
2020-03-21 17:00:00,1007.1,26.0,68,0.1,0.0,3.0,188.0,0.0,,,,,2020-03-21T16:42:00,,,,0,,,,,,,,,,,,,,,,,,,
2020-03-21 18:00:00,1007.5,24.5,79,0.0,0.0,2.2,324.0,0.0,,,,,2020-03-21T17:05:00,,,,0,,,,,,,,,,,,,,,,,,,
2020-03-21 19:00:00,1008.0,22.3,87,0.0,0.0,1.3,154.0,0.0,,,,,2020-03-21T18:19:00,,,,0,,,,,,,,,,,,,,,,,,,
2020-03-21 20:00:00,1008.8,21.0,92,0.0,0.0,0.8,330.0,0.0,,,,,2020-03-21T19:19:00,,,,0,,,,,,,,,,,,,,,,,,,
2020-03-21 21:00:00,1009.9,20.6,93,0.0,0.0,1.9,246.0,0.0,,,,,2020-03-21T20:03:00,,,,0,,,,,,,,,,,,,,,,,,,
2020-03-21 22:00:00,1009.8,19.9,94,0.0,0.0,0.0,0.0,0.0,,,,,2020-03-21T21:05:00,,,,0,,,,,,,,,,,,,,,,,,,
2020-03-21 23:00:00,1009.4,19.5,95,0.0,0.0,0.0,0.0,0.0,,,,,2020-03-21T22:05:00,,,,0,,,,,,,,,,,,,,,,,,,
2020-03-22 00:00:00,1009.2,19.1,96,0.0,0.0,1.3,334.0,0.0,,,,,2020-03-21T23:48:00,,,,0,,,,,,,,,,,,,,,,,,,
2020-03-22 01:00:00,1008.2,18.8,97,0.0,0.0,0.8,332.0,0.0,,,,,2020-03-22T00:03:00,,,,0,,,,,,,,,,,,,,,,,,,
2020-03-22 02:00:00,1007.8,18.5,97,0.0,0.0,0.8,334.0,0.0,,,,,2020-03-22T01:09:00,,,,0,,,,,,,,,,,,,,,,,,,
2020-03-22 03:00:00,1007.2,18.3,97,0.1,0.0,1.1,275.0,0.0,,,,,2020-03-22T02:46:00,,,,0,,,,,,,,,,,,,,,,,,,
2020-03-22 04:00:00,1007.0,18.6,98,0.0,0.0,1.9,327.0,0.0,,,,,2020-03-22T03:30:00,,,,0,,,,,,,,,,,,,,,,,,,
2020-03-22 05:00:00,1008.0,18.9,98,0.2,0.0,1.6,315.0,0.0,,,,,2020-03-22T04:18:00,,,,0,,,,,,,,,,,,,,,,,,,
2020-03-22 06:00:00,1008.5,18.9,97,0.0,0.0,1.3,16.0,0.0,,,,,2020-03-22T05:01:00,,,,0,,,,,,,,,,,,,,,,,,,
2020-03-22 07:00:00,1009.2,19.1,97,0.0,0.0,1.3,344.0,0.0,,,,,2020-03-22T06:36:00,,,,0,,,,,,,,,,,,,,,,,,,
2020-03-22 08:00:00,1009.7,20.7,95,0.2,0.0,1.3,9.0,0.0,,,,,2020-03-22T07:08:00,,,,0,,,,,,,,,,,,,,,,,,,
2020-03-22 09:00:00,1009.8,24.3,81,0.1,0.0,1.9,329.0,0.0,,,,,2020-03-22T08:14:00,,,,0,,,,,,,,,,,,,,,,,,,
2020-03-22 10:00:00,1009.8,26.7,70,1.3,282.0,4.9,262.0,0.0,,,,,2020-03-22T09:46:00,,,,0,,,,,,,,,,,,,,,,,,,
2020-03-22 11:00:00,1009.5,27.9,65,0.6,266.0,6.0,266.0,0.0,,,,,2020-03-22T10:08:00,,,,0,,,,,,,,,,,,,,,,,,,
2020-03-22 12:00:00,1008.3,28.7,62,1.2,268.0,5.5,243.0,0.0,,,,,2020-03-22T11:11:00,,,,0,,,,,,,,,,,,,,,,,,,
2020-03-22 13:00:00,1007.1,30.9,56,0.0,0.0,4.9,324.0,0.0,,,,,2020-03-22T12:11:00,,,,0,,,,,,,,,,,,,,,,,,,
2020-03-22 14:00:00,1006.1,29.9,63,0.0,0.0,2.7,167.0,0.0,,,,,2020-03-22T13:42:00,,,,0,,,,,,,,,,,,,,,,,,,
2020-03-22 15:00:00,1005.3,30.1,61,0.8,173.0,2.7,193.0,0.0,,,,,2020-03-22T14:37:00,,,,0,,,,,,,,,,,,,,,,,,,
2020-03-22 16:00:00,1005.1,29.7,63,0.0,0.0,2.4,179.0,0.0,,,,,2020-03-22T15:04:00,,,,0,,,,,,,,,,,,,,,,,,,
2020-03-22 17:00:00,1005.4,28.0,68,0.0,0.0,1.3,232.0,0.0,,,,,2020-03-22T16:15:00,,,,0,,,,,,,,,,,,,,,,,,,
2020-03-22 18:00:00,1006.3,25.7,78,0.0,0.0,1.3,196.0,0.0,,,,,2020-03-22T17:56:00,,,,0,,,,,,,,,,,,,,,,,,,
2020-03-22 19:00:00,1007.4,23.8,85,0.0,0.0,0.0,0.0,0.0,,,,,2020-03-22T18:05:00,,,,0,,,,,,,,,,,,,,,,,,,
2020-03-22 20:00:00,1008.6,22.6,91,0.0,0.0,0.8,187.0,0.0,,,,,2020-03-22T19:13:00,,,,0,,,,,,,,,,,,,,,,,,,
2020-03-22 21:00:00,1009.8,22.3,92,0.0,0.0,0.8,328.0,0.0,,,,,2020-03-22T20:03:00,,,,0,,,,,,,,,,,,,,,,,,,
2020-03-22 22:00:00,1010.7,22.5,92,0.0,0.0,1.9,334.0,0.0,,,,,2020-03-22T21:37:00,,,,0,,,,,,,,,,,,,,,,,,,
2020-03-22 23:00:00,1011.1,23.0,90,0.0,0.0,3.3,326.0,0.0,,,,,2020-03-22T22:24:00,,,,0,,,,,,,,,,,,,,,,,,,
2020-03-23 00:00:00,1010.9,22.1,92,0.3,332.0,2.4,325.0,0.0,,,,,2020-03-22T23:33:00,,,,0,,,,,,,,,,,,,,,,,,,
2020-03-23 01:00:00,1010.2,21.7,91,0.6,337.0,2.7,342.0,0.0,,,,,2020-03-23T00:14:00,,,,0,,,,,,,,,,,,,,,,,,,
2020-03-23 02:00:00,1009.9,21.4,94,0.0,0.0,1.3,189.0,0.0,,,,,2020-03-23T01:43:00,,,,0,,,,,,,,,,,,,,,,,,,
2020-03-23 03:00:00,1009.6,20.8,91,0.0,0.0,1.3,11.0,0.0,,,,,2020-03-23T02:29:00,,,,0,,,,,,,,,,,,,,,,,,,
2020-03-23 04:00:00,1009.6,20.9,92,0.0,0.0,0.8,244.0,0.0,,,,,2020-03-23T03:42:00,,,,0,,,,,,,,,,,,,,,,,,,
2020-03-23 05:00:00,1009.6,20.1,94,0.0,0.0,1.9,263.0,0.0,,,,,2020-03-23T04:13:00,,,,0,,,,,,,,,,,,,,,,,,,
2020-03-23 06:00:00,1010.2,20.1,95,0.0,0.0,0.0,0.0,0.0,,,,,2020-03-23T05:05:00,,,,0,,,,,,,,,,,,,,,,,,,
2020-03-23 07:00:00,1010.7,20.3,94,0.1,0.0,1.1,264.0,0.0,,,,,2020-03-23T06:59:00,,,,0,,,,,,,,,,,,,,,,,,,
2020-03-23 08:00:00,1011.6,20.3,96,0.1,0.0,1.9,186.0,0.0,,,,,2020-03-23T07:55:00,,,,0,,,,,,,,,,,,,,,,,,,
2020-03-23 09:00:00,1012.3,19.9,95,0.0,0.0,1.9,157.0,0.0,,,,,2020-03-23T08:01:00,,,,0,,,,,,,,,,,,,,,,,,,
2020-03-23 10:00:00,1012.7,19.8,96,0.0,0.0,1.6,169.0,0.0,,,,,2020-03-23T09:02:00,,,,0,,,,,,,,,,,,,,,,,,,
2020-03-23 11:00:00,1012.6,19.5,97,0.0,0.0,2.4,129.0,0.0,,,,,2020-03-23T10:28:00,,,,0,,,,,,,,,,,,,,,,,,,
2020-03-23 12:00:00,1012.4,19.4,97,0.0,0.0,1.6,129.0,0.5,,,,,2020-03-23T11:04:00,,,,0,,,,,,,,,,,,,,,,,,,
2020-03-23 13:00:00,1011.6,19.7,94,0.0,0.0,1.3,195.0,0.0,,,,,2020-03-23T12:15:00,,,,0,,,,,,,,,,,,,,,,,,,
2020-03-23 14:00:00,1011.0,20.2,89,0.0,0.0,1.3,314.0,0.0,,,,,2020-03-23T13:54:00,,,,0,,,,,,,,,,,,,,,,,,,
2020-03-23 15:00:00,1010.5,20.1,89,0.0,0.0,1.1,101.0,0.0,,,,,2020-03-23T14:01:00,,,,0,,,,,,,,,,,,,,,,,,,
2020-03-23 16:00:00,1010.8,19.9,87,0.0,0.0,1.3,27.0,0.0,,,,,2020-03-23T15:25:00,,,,0,,,,,,,,,,,,,,,,,,,
2020-03-23 17:00:00,1011.1,19.8,89,0.0,0.0,1.3,266.0,0.0,,,,,2020-03-23T16:50:00,,,,0,,,,,,,,,,,,,,,,,,,
2020-03-23 18:00:00,1011.9,19.4,89,0.0,0.0,0.8,329.0,0.0,,,,,2020-03-23T17:06:00,,,,0,,,,,,,,,,,,,,,,,,,
2020-03-23 19:00:00,1012.7,19.2,90,0.0,0.0,1.3,337.0,0.0,,,,,2020-03-23T18:33:00,,,,0,,,,,,,,,,,,,,,,,,,
2020-03-23 20:00:00,1013.1,18.8,93,0.0,0.0,0.8,352.0,0.0,,,,,2020-03-23T19:08:00,,,,0,,,,,,,,,,,,,,,,,,,
2020-03-23 21:00:00,1013.6,18.4,93,0.0,0.0,1.6,249.0,0.0,,,,,2020-03-23T20:54:00,,,,0,,,,,,,,,,,,,,,,,,,
2020-03-23 22:00:00,1014.0,18.0,94,0.0,0.0,2.4,256.0,0.0,,,,,2020-03-23T21:46:00,,,,0,,,,,,,,,,,,,,,,,,,
2020-03-23 23:00:00,1013.4,18.0,93,0.0,0.0,2.2,326.0,0.0,,,,,2020-03-23T22:40:00,,,,0,,,,,,,,,,,,,,,,,,,
2020-03-24 00:00:00,1011.6,17.6,95,0.0,0.0,1.9,213.0,0.0,,,,,2020-03-23T23:30:00,,,,0,,,,,,,,,,,,,,,,,,,
2020-03-24 01:00:00,1012.1,17.3,95,0.0,0.0,1.1,320.0,0.0,,,,,2020-03-24T00:32:00,,,,0,,,,,,,,,,,,,,,,,,,
2020-03-24 02:00:00,1012.2,17.8,95,0.0,0.0,0.0,0.0,0.0,,,,,2020-03-24T01:05:00,,,,0,,,,,,,,,,,,,,,,,,,
2020-03-24 03:00:00,1011.9,17.5,96,0.1,0.0,3.0,259.0,0.0,,,,,2020-03-24T02:32:00,,,,0,,,,,,,,,,,,,,,,,,,
2020-03-24 04:00:00,1011.6,17.5,95,0.1,0.0,1.9,265.0,0.0,,,,,2020-03-24T03:34:00,,,,0,,,,,,,,,,,,,,,,,,,
2020-03-24 05:00:00,1011.8,17.6,96,0.0,0.0,0.8,307.0,0.0,,,,,2020-03-24T04:01:00,,,,0,,,,,,,,,,,,,,,,,,,
2020-03-24 06:00:00,1012.0,17.6,96,0.0,0.0,2.4,344.0,0.0,,,,,2020-03-24T05:07:00,,,,0,,,,,,,,,,,,,,,,,,,
2020-03-24 07:00:00,1012.4,17.6,96,0.0,0.0,0.8,275.0,0.0,,,,,2020-03-24T06:06:00,,,,0,,,,,,,,,,,,,,,,,,,
2020-03-24 08:00:00,1012.7,18.6,94,0.0,0.0,0.0,0.0,0.0,,,,,2020-03-24T07:05:00,,,,0,,,,,,,,,,,,,,,,,,,
2020-03-24 09:00:00,1012.9,20.0,88,0.0,0.0,0.0,0.0,0.0,,,,,2020-03-24T08:05:00,,,,0,,,,,,,,,,,,,,,,,,,
2020-03-24 10:00:00,1012.8,21.6,83,0.0,0.0,1.3,144.0,0.0,,,,,2020-03-24T09:42:00,,,,0,,,,,,,,,,,,,,,,,,,
2020-03-24 11:00:00,1012.3,21.8,83,0.0,0.0,0.8,208.0,0.0,,,,,2020-03-24T10:37:00,,,,0,,,,,,,,,,,,,,,,,,,
2020-03-24 12:00:00,1011.6,22.1,84,0.0,0.0,0.0,0.0,0.0,,,,,2020-03-24T11:05:00,,,,0,,,,,,,,,,,,,,,,,,,
2020-03-24 13:00:00,1011.1,21.8,85,0.0,0.0,0.8,191.0,0.0,,,,,2020-03-24T12:38:00,,,,0,,,,,,,,,,,,,,,,,,,
2020-03-24 14:00:00,1010.5,21.7,87,0.0,0.0,0.0,0.0,0.0,,,,,2020-03-24T13:05:00,,,,0,,,,,,,,,,,,,,,,,,,
2020-03-24 15:00:00,1010.4,21.2,92,0.0,0.0,0.8,134.0,0.0,,,,,2020-03-24T14:35:00,,,,0,,,,,,,,,,,,,,,,,,,
2020-03-24 16:00:00,1010.0,20.7,95,0.0,0.0,1.3,191.0,0.0,,,,,2020-03-24T15:31:00,,,,0,,,,,,,,,,,,,,,,,,,
2020-03-24 17:00:00,1010.3,20.7,96,0.0,0.0,0.0,0.0,0.5,,,,,2020-03-24T16:05:00,,,,0,,,,,,,,,,,,,,,,,,,
2020-03-24 18:00:00,1010.8,20.5,97,0.0,0.0,0.0,0.0,1.0,,,,,2020-03-24T17:05:00,,,,0,,,,,,,,,,,,,,,,,,,
2020-03-24 19:00:00,1010.9,20.5,97,0.0,0.0,0.0,0.0,0.5,,,,,2020-03-24T18:05:00,,,,0,,,,,,,,,,,,,,,,,,,
2020-03-24 20:00:00,1011.6,20.3,97,0.0,0.0,0.0,0.0,1.0,,,,,2020-03-24T19:05:00,,,,0,,,,,,,,,,,,,,,,,,,
2020-03-24 21:00:00,1011.9,20.3,97,0.0,0.0,0.0,0.0,0.5,,,,,2020-03-24T20:05:00,,,,0,,,,,,,,,,,,,,,,,,,
2020-03-24 22:00:00,1011.6,20.3,98,0.0,0.0,1.1,88.0,0.5,,,,,2020-03-24T21:46:00,,,,0,,,,,,,,,,,,,,,,,,,
2020-03-24 23:00:00,1011.1,20.3,98,0.0,0.0,1.1,112.0,0.5,,,,,2020-03-24T22:57:00,,,,0,,,,,,,,,,,,,,,,,,,
2020-03-25 00:00:00,1011.0,20.5,98,0.0,0.0,0.0,0.0,1.0,,,,,2020-03-24T23:05:00,,,,0,,,,,,,,,,,,,,,,,,,
2020-03-25 01:00:00,1010.6,20.5,98,0.0,0.0,0.0,0.0,1.0,,,,,2020-03-25T00:05:00,,,,0,,,,,,,,,,,,,,,,,,,
2020-03-25 02:00:00,1010.3,20.5,98,0.0,0.0,0.0,0.0,1.0,,,,,2020-03-25T01:05:00,,,,0,,,,,,,,,,,,,,,,,,,
2020-03-25 03:00:00,1009.9,20.7,98,0.0,0.0,0.0,0.0,1.0,,,,,2020-03-25T02:05:00,,,,0,,,,,,,,,,,,,,,,,,,
2020-03-25 04:00:00,1009.6,20.7,98,0.0,0.0,0.0,0.0,0.5,,,,,2020-03-25T03:05:00,,,,0,,,,,,,,,,,,,,,,,,,
2020-03-25 05:00:00,1009.8,20.6,98,0.0,0.0,0.0,0.0,0.5,,,,,2020-03-25T04:05:00,,,,0,,,,,,,,,,,,,,,,,,,
2020-03-25 06:00:00,1010.0,20.5,98,0.0,0.0,1.1,334.0,0.5,,,,,2020-03-25T05:05:00,,,,0,,,,,,,,,,,,,,,,,,,
2020-03-25 07:00:00,1010.5,20.5,98,0.0,0.0,1.3,268.0,0.0,,,,,2020-03-25T06:25:00,,,,0,,,,,,,,,,,,,,,,,,,
2020-03-25 08:00:00,1011.2,21.0,98,0.0,0.0,1.3,264.0,0.5,,,,,2020-03-25T07:03:00,,,,0,,,,,,,,,,,,,,,,,,,
2020-03-25 09:00:00,1011.3,21.8,98,0.0,0.0,0.0,0.0,0.5,,,,,2020-03-25T08:05:00,,,,0,,,,,,,,,,,,,,,,,,,
2020-03-25 10:00:00,1011.4,22.6,97,0.0,0.0,0.0,0.0,0.0,,,,,2020-03-25T09:05:00,,,,0,,,,,,,,,,,,,,,,,,,
2020-03-25 11:00:00,1010.9,24.1,94,0.0,0.0,1.9,119.0,0.0,,,,,2020-03-25T10:27:00,,,,0,,,,,,,,,,,,,,,,,,,
2020-03-25 12:00:00,1010.1,24.2,87,0.0,0.0,3.0,157.0,0.5,,,,,2020-03-25T11:44:00,,,,0,,,,,,,,,,,,,,,,,,,
2020-03-25 13:00:00,1009.6,24.2,89,0.1,0.0,2.4,106.0,2.0,,,,,2020-03-25T12:45:00,,,,0,,,,,,,,,,,,,,,,,,,
2020-03-25 14:00:00,1008.6,23.4,93,0.5,168.0,3.5,169.0,4.5,,,,,2020-03-25T13:32:00,,,,0,,,,,,,,,,,,,,,,,,,
2020-03-25 15:00:00,1008.1,24.0,87,0.3,168.0,6.6,189.0,0.0,,,,,2020-03-25T14:09:00,,,,0,,,,,,,,,,,,,,,,,,,
2020-03-25 16:00:00,1007.9,25.0,84,0.4,154.0,3.3,174.0,0.0,,,,,2020-03-25T15:03:00,,,,0,,,,,,,,,,,,,,,,,,,
2020-03-25 17:00:00,1007.9,24.5,86,0.3,151.0,5.5,155.0,0.0,,,,,2020-03-25T16:20:00,,,,0,,,,,,,,,,,,,,,,,,,
2020-03-25 18:00:00,1008.2,23.8,89,0.0,0.0,4.9,163.0,0.0,,,,,2020-03-25T17:01:00,,,,0,,,,,,,,,,,,,,,,,,,
2020-03-25 19:00:00,1008.6,23.0,91,0.2,0.0,2.4,336.0,0.0,,,,,2020-03-25T18:48:00,,,,0,,,,,,,,,,,,,,,,,,,
2020-03-25 20:00:00,1009.1,22.1,94,0.2,0.0,2.4,347.0,0.0,,,,,2020-03-25T19:05:00,,,,0,,,,,,,,,,,,,,,,,,,
2020-03-25 21:00:00,1009.7,21.6,96,0.0,0.0,1.6,279.0,0.0,,,,,2020-03-25T20:32:00,,,,0,,,,,,,,,,,,,,,,,,,
2020-03-25 22:00:00,1010.0,21.2,97,0.0,0.0,1.1,317.0,0.0,,,,,2020-03-25T21:11:00,,,,0,,,,,,,,,,,,,,,,,,,
2020-03-25 23:00:00,1009.8,20.8,97,0.0,0.0,0.8,352.0,0.0,,,,,2020-03-25T22:35:00,,,,0,,,,,,,,,,,,,,,,,,,
2020-03-26 00:00:00,1010.0,20.3,97,0.0,0.0,0.8,340.0,0.0,,,,,2020-03-25T23:04:00,,,,0,,,,,,,,,,,,,,,,,,,
2020-03-26 01:00:00,1009.9,20.0,98,0.0,0.0,0.0,0.0,0.0,,,,,2020-03-26T00:05:00,,,,0,,,,,,,,,,,,,,,,,,,
2020-03-26 02:00:00,1009.6,19.6,98,0.0,0.0,1.6,16.0,0.0,,,,,2020-03-26T01:40:00,,,,0,,,,,,,,,,,,,,,,,,,
2020-03-26 03:00:00,1009.4,19.4,98,0.0,0.0,1.3,354.0,0.0,,,,,2020-03-26T02:29:00,,,,0,,,,,,,,,,,,,,,,,,,
2020-03-26 04:00:00,1009.3,19.5,99,0.0,0.0,1.9,347.0,0.0,,,,,2020-03-26T03:45:00,,,,0,,,,,,,,,,,,,,,,,,,
2020-03-26 05:00:00,1009.6,19.6,98,0.0,0.0,0.0,0.0,0.0,,,,,2020-03-26T04:05:00,,,,0,,,,,,,,,,,,,,,,,,,
2020-03-26 06:00:00,1010.4,19.1,99,0.0,0.0,0.8,349.0,0.0,,,,,2020-03-26T05:40:00,,,,0,,,,,,,,,,,,,,,,,,,
2020-03-26 07:00:00,1010.7,19.4,99,0.0,0.0,1.3,322.0,0.0,,,,,2020-03-26T06:38:00,,,,0,,,,,,,,,,,,,,,,,,,
2020-03-26 08:00:00,1011.0,21.1,97,0.0,0.0,1.1,339.0,0.0,,,,,2020-03-26T07:15:00,,,,0,,,,,,,,,,,,,,,,,,,
2020-03-26 09:00:00,1011.0,23.6,89,0.0,0.0,1.3,320.0,0.0,,,,,2020-03-26T08:31:00,,,,0,,,,,,,,,,,,,,,,,,,
2020-03-26 10:00:00,1010.8,27.0,73,0.0,0.0,1.9,184.0,0.0,,,,,2020-03-26T09:52:00,,,,0,,,,,,,,,,,,,,,,,,,
2020-03-26 11:00:00,1010.4,28.4,70,0.9,171.0,4.1,180.0,0.0,,,,,2020-03-26T10:53:00,,,,0,,,,,,,,,,,,,,,,,,,
2020-03-26 12:00:00,1010.0,27.7,71,0.5,147.0,6.0,184.0,0.0,,,,,2020-03-26T11:39:00,,,,0,,,,,,,,,,,,,,,,,,,
2020-03-26 13:00:00,1009.0,27.4,72,0.6,134.0,7.7,175.0,0.0,,,,,2020-03-26T12:20:00,,,,0,,,,,,,,,,,,,,,,,,,
2020-03-26 14:00:00,1008.0,27.9,71,0.8,195.0,6.6,183.0,0.0,,,,,2020-03-26T13:11:00,,,,0,,,,,,,,,,,,,,,,,,,
2020-03-26 15:00:00,1007.3,27.3,72,0.9,155.0,6.0,196.0,0.0,,,,,2020-03-26T14:28:00,,,,0,,,,,,,,,,,,,,,,,,,
2020-03-26 16:00:00,1006.9,26.9,74,0.4,168.0,5.5,162.0,0.0,,,,,2020-03-26T15:50:00,,,,0,,,,,,,,,,,,,,,,,,,
2020-03-26 17:00:00,1007.0,25.9,76,1.1,171.0,7.1,158.0,0.0,,,,,2020-03-26T16:47:00,,,,0,,,,,,,,,,,,,,,,,,,
2020-03-26 18:00:00,1007.4,25.5,78,0.0,0.0,5.5,176.0,0.0,,,,,2020-03-26T17:09:00,,,,0,,,,,,,,,,,,,,,,,,,
2020-03-26 19:00:00,1008.1,24.6,83,0.3,340.0,2.4,166.0,0.0,,,,,2020-03-26T18:01:00,,,,0,,,,,,,,,,,,,,,,,,,
2020-03-26 20:00:00,1009.3,23.4,89,0.0,0.0,1.3,327.0,0.0,,,,,2020-03-26T19:06:00,,,,0,,,,,,,,,,,,,,,,,,,
2020-03-26 21:00:00,1010.2,23.0,91,0.0,0.0,0.8,10.0,0.0,,,,,2020-03-26T20:11:00,,,,0,,,,,,,,,,,,,,,,,,,
2020-03-26 22:00:00,1010.8,22.8,92,0.0,0.0,1.9,319.0,0.0,,,,,2020-03-26T21:09:00,,,,0,,,,,,,,,,,,,,,,,,,
2020-03-26 23:00:00,1010.7,22.8,93,0.0,0.0,0.8,268.0,0.0,,,,,2020-03-26T22:08:00,,,,0,,,,,,,,,,,,,,,,,,,
2020-03-27 00:00:00,1010.3,22.4,94,0.0,0.0,0.0,0.0,0.0,,,,,2020-03-26T23:05:00,,,,0,,,,,,,,,,,,,,,,,,,
2020-03-27 01:00:00,1009.7,22.1,95,0.0,0.0,0.0,0.0,0.0,,,,,2020-03-27T00:05:00,,,,0,,,,,,,,,,,,,,,,,,,
2020-03-27 02:00:00,1008.8,21.4,96,0.0,0.0,0.8,304.0,0.0,,,,,2020-03-27T01:45:00,,,,0,,,,,,,,,,,,,,,,,,,
2020-03-27 03:00:00,1008.7,20.7,97,0.2,0.0,1.9,271.0,0.0,,,,,2020-03-27T02:44:00,,,,0,,,,,,,,,,,,,,,,,,,
2020-03-27 04:00:00,1008.7,20.1,97,0.0,0.0,1.3,321.0,0.0,,,,,2020-03-27T03:11:00,,,,0,,,,,,,,,,,,,,,,,,,
2020-03-27 05:00:00,1008.9,19.9,97,0.0,0.0,1.3,352.0,0.0,,,,,2020-03-27T04:14:00,,,,0,,,,,,,,,,,,,,,,,,,
2020-03-27 06:00:00,1009.7,19.8,97,0.0,0.0,0.0,0.0,0.0,,,,,2020-03-27T05:05:00,,,,0,,,,,,,,,,,,,,,,,,,
2020-03-27 07:00:00,1010.1,20.1,97,0.1,0.0,1.3,352.0,0.0,,,,,2020-03-27T06:11:00,,,,0,,,,,,,,,,,,,,,,,,,
2020-03-27 08:00:00,1010.4,21.8,93,0.0,0.0,2.2,344.0,0.0,,,,,2020-03-27T07:28:00,,,,0,,,,,,,,,,,,,,,,,,,
2020-03-27 09:00:00,1010.2,25.6,81,0.0,0.0,1.3,352.0,0.0,,,,,2020-03-27T08:22:00,,,,0,,,,,,,,,,,,,,,,,,,
2020-03-27 10:00:00,1010.2,27.8,76,0.1,0.0,2.2,184.0,0.0,,,,,2020-03-27T09:30:00,,,,0,,,,,,,,,,,,,,,,,,,
2020-03-27 11:00:00,1009.8,29.4,73,0.3,172.0,2.4,203.0,0.0,,,,,2020-03-27T10:06:00,,,,0,,,,,,,,,,,,,,,,,,,
2020-03-27 12:00:00,1009.3,29.8,72,0.1,0.0,3.3,186.0,0.0,,,,,2020-03-27T11:23:00,,,,0,,,,,,,,,,,,,,,,,,,
2020-03-27 13:00:00,1008.8,27.4,74,0.8,160.0,4.9,183.0,0.0,,,,,2020-03-27T12:06:00,,,,0,,,,,,,,,,,,,,,,,,,
2020-03-27 14:00:00,1008.1,26.2,80,0.1,0.0,3.8,160.0,0.0,,,,,2020-03-27T13:16:00,,,,0,,,,,,,,,,,,,,,,,,,
2020-03-27 15:00:00,1008.6,24.1,91,0.0,0.0,1.9,195.0,1.0,,,,,2020-03-27T14:02:00,,,,0,,,,,,,,,,,,,,,,,,,
2020-03-27 16:00:00,1008.1,23.2,95,0.1,0.0,0.8,174.0,3.0,,,,,2020-03-27T15:09:00,,,,0,,,,,,,,,,,,,,,,,,,
2020-03-27 17:00:00,1008.3,23.3,95,0.0,0.0,0.8,343.0,0.5,,,,,2020-03-27T16:01:00,,,,0,,,,,,,,,,,,,,,,,,,
2020-03-27 18:00:00,1009.0,23.1,96,0.0,0.0,0.8,298.0,0.5,,,,,2020-03-27T17:01:00,,,,0,,,,,,,,,,,,,,,,,,,
2020-03-27 19:00:00,1009.4,22.5,96,0.0,0.0,0.8,100.0,0.0,,,,,2020-03-27T18:17:00,,,,0,,,,,,,,,,,,,,,,,,,
2020-03-27 20:00:00,1010.1,21.8,96,0.3,193.0,1.9,199.0,0.0,,,,,2020-03-27T19:53:00,,,,0,,,,,,,,,,,,,,,,,,,
2020-03-27 21:00:00,1011.3,20.7,97,0.0,0.0,2.7,174.0,0.5,,,,,2020-03-27T20:38:00,,,,0,,,,,,,,,,,,,,,,,,,
2020-03-27 22:00:00,1011.4,20.5,98,0.0,0.0,1.9,190.0,0.5,,,,,2020-03-27T21:16:00,,,,0,,,,,,,,,,,,,,,,,,,
2020-03-27 23:00:00,1011.0,20.5,98,0.0,0.0,1.6,167.0,0.0,,,,,2020-03-27T22:46:00,,,,0,,,,,,,,,,,,,,,,,,,
2020-03-28 00:00:00,1010.5,20.7,97,0.0,0.0,0.0,0.0,0.0,,,,,2020-03-27T23:05:00,,,,0,,,,,,,,,,,,,,,,,,,
2020-03-28 01:00:00,1009.6,20.7,98,0.0,0.0,0.0,0.0,0.0,,,,,2020-03-28T00:05:00,,,,0,,,,,,,,,,,,,,,,,,,
2020-03-28 02:00:00,1008.9,20.7,98,0.0,0.0,0.0,0.0,0.0,,,,,2020-03-28T01:05:00,,,,0,,,,,,,,,,,,,,,,,,,
2020-03-28 03:00:00,1008.3,20.7,98,0.0,0.0,0.0,0.0,0.0,,,,,2020-03-28T02:05:00,,,,0,,,,,,,,,,,,,,,,,,,
2020-03-28 04:00:00,1007.6,20.3,98,0.0,0.0,0.0,0.0,0.0,,,,,2020-03-28T03:05:00,,,,0,,,,,,,,,,,,,,,,,,,
2020-03-28 05:00:00,1006.9,20.2,98,0.2,0.0,1.3,253.0,1.0,,,,,2020-03-28T04:56:00,,,,0,,,,,,,,,,,,,,,,,,,
2020-03-28 06:00:00,1008.0,20.1,98,0.0,0.0,2.2,257.0,0.0,,,,,2020-03-28T05:07:00,,,,0,,,,,,,,,,,,,,,,,,,
2020-03-28 07:00:00,1008.4,20.5,98,0.0,0.0,0.8,265.0,0.0,,,,,2020-03-28T06:08:00,,,,0,,,,,,,,,,,,,,,,,,,
2020-03-28 08:00:00,1008.7,20.7,98,0.0,0.0,1.1,343.0,3.5,,,,,2020-03-28T07:19:00,,,,0,,,,,,,,,,,,,,,,,,,
2020-03-28 09:00:00,1009.5,20.3,97,0.3,298.0,3.5,328.0,2.0,,,,,2020-03-28T08:47:00,,,,0,,,,,,,,,,,,,,,,,,,
2020-03-28 10:00:00,1010.2,19.0,95,1.4,336.0,6.6,318.0,1.5,,,,,2020-03-28T09:10:00,,,,0,,,,,,,,,,,,,,,,,,,
2020-03-28 11:00:00,1011.3,17.7,93,1.4,342.0,5.5,320.0,2.0,,,,,2020-03-28T10:04:00,,,,0,,,,,,,,,,,,,,,,,,,
2020-03-28 12:00:00,1010.8,16.7,95,0.7,330.0,5.5,353.0,1.0,,,,,2020-03-28T11:02:00,,,,0,,,,,,,,,,,,,,,,,,,
2020-03-28 13:00:00,1010.8,15.8,94,1.2,331.0,7.7,337.0,0.5,,,,,2020-03-28T12:24:00,,,,0,,,,,,,,,,,,,,,,,,,
2020-03-28 14:00:00,1010.7,15.8,95,0.2,0.0,4.9,330.0,0.0,,,,,2020-03-28T13:46:00,,,,0,,,,,,,,,,,,,,,,,,,
2020-03-28 15:00:00,1011.3,15.0,94,0.5,322.0,5.5,318.0,0.0,,,,,2020-03-28T14:44:00,,,,0,,,,,,,,,,,,,,,,,,,
2020-03-28 16:00:00,1011.7,14.4,94,0.5,334.0,3.8,354.0,0.5,,,,,2020-03-28T15:10:00,,,,0,,,,,,,,,,,,,,,,,,,
2020-03-28 17:00:00,1012.4,14.0,94,1.0,351.0,5.5,341.0,0.0,,,,,2020-03-28T16:55:00,,,,0,,,,,,,,,,,,,,,,,,,
2020-03-28 18:00:00,1013.1,13.7,95,0.6,338.0,6.6,319.0,1.0,,,,,2020-03-28T17:32:00,,,,0,,,,,,,,,,,,,,,,,,,
2020-03-28 19:00:00,1013.6,13.6,96,0.0,0.0,3.0,329.0,0.5,,,,,2020-03-28T18:46:00,,,,0,,,,,,,,,,,,,,,,,,,
2020-03-28 20:00:00,1014.9,13.4,96,1.3,337.0,3.5,323.0,0.5,,,,,2020-03-28T19:57:00,,,,0,,,,,,,,,,,,,,,,,,,
2020-03-28 21:00:00,1015.4,13.2,97,0.0,0.0,3.0,335.0,0.5,,,,,2020-03-28T20:18:00,,,,0,,,,,,,,,,,,,,,,,,,
2020-03-28 22:00:00,1015.5,13.0,96,0.5,339.0,3.3,327.0,1.0,,,,,2020-03-28T21:36:00,,,,0,,,,,,,,,,,,,,,,,,,
2020-03-28 23:00:00,1015.7,12.9,97,0.0,0.0,2.4,349.0,0.5,,,,,2020-03-28T22:07:00,,,,0,,,,,,,,,,,,,,,,,,,
2020-03-29 00:00:00,1015.3,12.8,98,0.0,0.0,1.3,68.0,0.0,,,,,2020-03-28T23:10:00,,,,0,,,,,,,,,,,,,,,,,,,
2020-03-29 01:00:00,1015.3,12.9,98,0.0,0.0,1.9,201.0,0.0,,,,,2020-03-29T00:03:00,,,,0,,,,,,,,,,,,,,,,,,,
2020-03-29 02:00:00,1014.3,12.9,98,0.0,0.0,1.3,247.0,0.5,,,,,2020-03-29T01:01:00,,,,0,,,,,,,,,,,,,,,,,,,
2020-03-29 03:00:00,1013.4,13.2,99,0.0,0.0,1.3,265.0,0.0,,,,,2020-03-29T02:51:00,,,,0,,,,,,,,,,,,,,,,,,,
2020-03-29 04:00:00,1013.2,13.4,99,0.0,0.0,1.6,342.0,0.0,,,,,2020-03-29T03:09:00,,,,0,,,,,,,,,,,,,,,,,,,
2020-03-29 05:00:00,1013.6,13.2,99,0.2,0.0,2.4,278.0,0.5,,,,,2020-03-29T04:38:00,,,,0,,,,,,,,,,,,,,,,,,,
2020-03-29 06:00:00,1014.0,13.2,100,0.1,0.0,1.9,273.0,0.0,,,,,2020-03-29T05:41:00,,,,0,,,,,,,,,,,,,,,,,,,
2020-03-29 07:00:00,1014.4,13.4,100,0.1,0.0,1.6,244.0,0.0,,,,,2020-03-29T06:13:00,,,,0,,,,,,,,,,,,,,,,,,,
2020-03-29 08:00:00,1014.5,13.5,99,0.0,0.0,2.4,274.0,0.0,,,,,2020-03-29T07:22:00,,,,0,,,,,,,,,,,,,,,,,,,
2020-03-29 09:00:00,1014.4,14.1,98,0.0,0.0,2.4,261.0,0.0,,,,,2020-03-29T08:05:00,,,,0,,,,,,,,,,,,,,,,,,,
2020-03-29 10:00:00,1014.3,15.3,96,0.0,0.0,1.6,268.0,0.0,,,,,2020-03-29T09:17:00,,,,0,,,,,,,,,,,,,,,,,,,
2020-03-29 11:00:00,1013.6,16.5,86,0.0,0.0,2.2,10.0,0.0,,,,,2020-03-29T10:31:00,,,,0,,,,,,,,,,,,,,,,,,,
2020-03-29 12:00:00,1012.7,17.4,84,0.0,0.0,1.3,336.0,0.0,,,,,2020-03-29T11:17:00,,,,0,,,,,,,,,,,,,,,,,,,
2020-03-29 13:00:00,1011.7,17.5,84,0.2,0.0,1.9,183.0,0.0,,,,,2020-03-29T12:56:00,,,,0,,,,,,,,,,,,,,,,,,,
2020-03-29 14:00:00,1010.1,18.0,85,0.0,0.0,1.6,131.0,0.0,,,,,2020-03-29T13:51:00,,,,0,,,,,,,,,,,,,,,,,,,
2020-03-29 15:00:00,1008.9,18.5,82,0.0,0.0,1.3,182.0,0.0,,,,,2020-03-29T14:48:00,,,,0,,,,,,,,,,,,,,,,,,,
2020-03-29 16:00:00,1008.1,19.1,78,0.1,0.0,1.9,183.0,0.0,,,,,2020-03-29T15:31:00,,,,0,,,,,,,,,,,,,,,,,,,
2020-03-29 17:00:00,1008.6,19.0,82,0.0,0.0,2.7,197.0,0.0,,,,,2020-03-29T16:36:00,,,,0,,,,,,,,,,,,,,,,,,,
2020-03-29 18:00:00,1009.2,18.4,87,0.0,0.0,0.0,0.0,0.0,,,,,2020-03-29T17:05:00,,,,0,,,,,,,,,,,,,,,,,,,
2020-03-29 19:00:00,1009.7,17.5,91,0.0,0.0,0.8,241.0,0.5,,,,,2020-03-29T18:46:00,,,,0,,,,,,,,,,,,,,,,,,,
2020-03-29 20:00:00,1010.1,17.2,94,0.0,0.0,0.8,281.0,0.0,,,,,2020-03-29T19:23:00,,,,0,,,,,,,,,,,,,,,,,,,
2020-03-29 21:00:00,1010.6,17.1,95,0.0,0.0,0.0,0.0,0.0,,,,,2020-03-29T20:05:00,,,,0,,,,,,,,,,,,,,,,,,,
2020-03-29 22:00:00,1010.7,17.1,95,0.0,0.0,0.8,330.0,0.0,,,,,2020-03-29T21:47:00,,,,0,,,,,,,,,,,,,,,,,,,
2020-03-29 23:00:00,1010.1,16.9,96,0.0,0.0,0.0,0.0,0.0,,,,,2020-03-29T22:05:00,,,,0,,,,,,,,,,,,,,,,,,,
2020-03-30 00:00:00,1009.6,17.0,96,0.0,0.0,0.0,0.0,0.0,,,,,2020-03-29T23:05:00,,,,0,,,,,,,,,,,,,,,,,,,
2020-03-30 01:00:00,1009.3,16.9,97,0.1,0.0,1.3,337.0,0.0,,,,,2020-03-30T00:50:00,,,,0,,,,,,,,,,,,,,,,,,,
2020-03-30 02:00:00,1009.0,16.7,97,0.2,0.0,2.2,280.0,0.0,,,,,2020-03-30T02:00:00,,,,0,,,,,,,,,,,,,,,,,,,
2020-03-30 03:00:00,1008.7,16.8,97,0.0,0.0,1.6,248.0,0.0,,,,,2020-03-30T02:06:00,,,,0,,,,,,,,,,,,,,,,,,,
2020-03-30 04:00:00,1008.3,16.9,97,0.0,0.0,0.8,337.0,0.0,,,,,2020-03-30T03:50:00,,,,0,,,,,,,,,,,,,,,,,,,
2020-03-30 05:00:00,1008.3,17.0,97,0.0,0.0,1.3,337.0,0.0,,,,,2020-03-30T04:20:00,,,,0,,,,,,,,,,,,,,,,,,,
2020-03-30 06:00:00,1008.3,17.1,97,0.4,344.0,1.6,328.0,0.0,,,,,2020-03-30T05:16:00,,,,0,,,,,,,,,,,,,,,,,,,
2020-03-30 07:00:00,1009.1,17.4,97,0.0,0.0,1.3,330.0,0.0,,,,,2020-03-30T06:04:00,,,,0,,,,,,,,,,,,,,,,,,,
2020-03-30 08:00:00,1009.4,18.4,94,0.0,0.0,1.3,322.0,0.0,,,,,2020-03-30T07:31:00,,,,0,,,,,,,,,,,,,,,,,,,
2020-03-30 09:00:00,1009.5,20.8,86,0.0,0.0,1.9,338.0,0.0,,,,,2020-03-30T08:41:00,,,,0,,,,,,,,,,,,,,,,,,,
2020-03-30 10:00:00,1009.1,22.4,80,0.1,0.0,1.3,352.0,0.0,,,,,2020-03-30T09:23:00,,,,0,,,,,,,,,,,,,,,,,,,
2020-03-30 11:00:00,1008.9,23.9,75,0.5,180.0,2.4,184.0,0.0,,,,,2020-03-30T10:04:00,,,,0,,,,,,,,,,,,,,,,,,,
2020-03-30 12:00:00,1008.3,24.9,73,0.0,0.0,2.4,175.0,0.0,,,,,2020-03-30T11:30:00,,,,0,,,,,,,,,,,,,,,,,,,
2020-03-30 13:00:00,1007.7,23.0,78,0.5,334.0,2.7,319.0,0.0,,,,,2020-03-30T12:34:00,,,,0,,,,,,,,,,,,,,,,,,,
2020-03-30 14:00:00,1007.5,22.5,79,1.5,347.0,4.1,340.0,0.0,,,,,2020-03-30T13:32:00,,,,0,,,,,,,,,,,,,,,,,,,
2020-03-30 15:00:00,1007.4,20.7,87,1.2,333.0,6.0,320.0,0.0,,,,,2020-03-30T14:56:00,,,,0,,,,,,,,,,,,,,,,,,,
2020-03-30 16:00:00,1008.0,19.8,87,0.5,338.0,4.9,323.0,0.0,,,,,2020-03-30T15:02:00,,,,0,,,,,,,,,,,,,,,,,,,
2020-03-30 17:00:00,1008.3,19.4,87,0.3,323.0,3.0,330.0,0.0,,,,,2020-03-30T16:26:00,,,,0,,,,,,,,,,,,,,,,,,,
2020-03-30 18:00:00,1009.1,18.9,89,0.1,0.0,1.9,311.0,0.0,,,,,2020-03-30T17:08:00,,,,0,,,,,,,,,,,,,,,,,,,
2020-03-30 19:00:00,1009.3,18.6,91,0.0,0.0,1.6,269.0,0.0,,,,,2020-03-30T18:20:00,,,,0,,,,,,,,,,,,,,,,,,,
2020-03-30 20:00:00,1009.7,18.0,96,0.0,0.0,1.3,181.0,0.0,,,,,2020-03-30T19:21:00,,,,0,,,,,,,,,,,,,,,,,,,
2020-03-30 21:00:00,1010.4,18.0,96,0.0,0.0,1.3,248.0,0.0,,,,,2020-03-30T20:46:00,,,,0,,,,,,,,,,,,,,,,,,,
2020-03-30 22:00:00,1010.8,18.0,97,0.0,0.0,0.8,257.0,0.0,,,,,2020-03-30T21:03:00,,,,0,,,,,,,,,,,,,,,,,,,
2020-03-30 23:00:00,1010.7,18.0,97,0.0,0.0,0.0,0.0,0.0,,,,,2020-03-30T22:05:00,,,,0,,,,,,,,,,,,,,,,,,,
2020-03-31 00:00:00,1010.5,17.8,98,0.0,0.0,0.0,0.0,0.0,,,,,2020-03-30T23:05:00,,,,0,,,,,,,,,,,,,,,,,,,
2020-03-31 01:00:00,1010.4,17.6,98,0.1,0.0,1.1,255.0,0.0,,,,,2020-03-31T00:59:00,,,,0,,,,,,,,,,,,,,,,,,,
2020-03-31 02:00:00,1009.9,17.6,98,0.0,0.0,1.1,255.0,0.0,,,,,2020-03-31T01:58:00,,,,0,,,,,,,,,,,,,,,,,,,
2020-03-31 03:00:00,1009.4,17.6,98,0.0,0.0,1.3,249.0,2.0,,,,,2020-03-31T02:01:00,,,,0,,,,,,,,,,,,,,,,,,,
2020-03-31 04:00:00,1009.3,17.6,98,0.0,0.0,0.8,255.0,0.5,,,,,2020-03-31T03:16:00,,,,0,,,,,,,,,,,,,,,,,,,
2020-03-31 05:00:00,1009.5,17.6,98,0.0,0.0,1.3,261.0,0.0,,,,,2020-03-31T04:17:00,,,,0,,,,,,,,,,,,,,,,,,,
2020-03-31 06:00:00,1009.9,17.8,98,0.0,0.0,0.0,0.0,0.0,,,,,2020-03-31T05:05:00,,,,0,,,,,,,,,,,,,,,,,,,
2020-03-31 07:00:00,1010.3,18.0,98,0.0,0.0,1.1,264.0,0.0,,,,,2020-03-31T06:06:00,,,,0,,,,,,,,,,,,,,,,,,,
2020-03-31 08:00:00,1010.7,18.3,98,0.0,0.0,0.0,0.0,0.0,,,,,2020-03-31T07:05:00,,,,0,,,,,,,,,,,,,,,,,,,
2020-03-31 09:00:00,1010.7,18.8,98,0.0,0.0,0.0,0.0,0.0,,,,,2020-03-31T08:05:00,,,,0,,,,,,,,,,,,,,,,,,,
2020-03-31 10:00:00,1010.3,19.9,96,0.0,0.0,1.3,180.0,0.0,,,,,2020-03-31T09:16:00,,,,0,,,,,,,,,,,,,,,,,,,
2020-03-31 11:00:00,1009.0,20.6,91,0.5,184.0,1.9,189.0,0.0,,,,,2020-03-31T10:57:00,,,,0,,,,,,,,,,,,,,,,,,,
2020-03-31 12:00:00,1008.4,22.2,86,0.0,0.0,2.2,192.0,0.0,,,,,2020-03-31T11:36:00,,,,0,,,,,,,,,,,,,,,,,,,
2020-03-31 13:00:00,1008.2,22.1,84,0.5,179.0,3.0,174.0,0.0,,,,,2020-03-31T12:55:00,,,,0,,,,,,,,,,,,,,,,,,,
2020-03-31 14:00:00,1007.5,20.9,88,0.2,0.0,3.0,167.0,0.0,,,,,2020-03-31T13:20:00,,,,0,,,,,,,,,,,,,,,,,,,
2020-03-31 15:00:00,1006.6,20.7,90,0.0,0.0,2.2,171.0,0.0,,,,,2020-03-31T14:41:00,,,,0,,,,,,,,,,,,,,,,,,,
2020-03-31 16:00:00,1006.3,19.8,94,0.0,0.0,1.6,162.0,0.0,,,,,2020-03-31T15:13:00,,,,0,,,,,,,,,,,,,,,,,,,
2020-03-31 17:00:00,1006.5,19.8,94,0.2,0.0,1.9,189.0,0.0,,,,,2020-03-31T16:07:00,,,,0,,,,,,,,,,,,,,,,,,,
2020-03-31 18:00:00,1006.7,19.6,94,0.0,0.0,1.9,171.0,0.0,,,,,2020-03-31T17:15:00,,,,0,,,,,,,,,,,,,,,,,,,
2020-03-31 19:00:00,1006.8,19.6,94,0.0,0.0,0.8,175.0,0.0,,,,,2020-03-31T18:30:00,,,,0,,,,,,,,,,,,,,,,,,,
2020-03-31 20:00:00,1006.9,19.6,95,0.0,0.0,1.1,324.0,0.0,,,,,2020-03-31T19:07:00,,,,0,,,,,,,,,,,,,,,,,,,
2020-03-31 21:00:00,1007.6,19.4,96,0.0,0.0,0.0,0.0,0.0,,,,,2020-03-31T20:05:00,,,,0,,,,,,,,,,,,,,,,,,,
2020-03-31 22:00:00,1008.0,19.4,96,0.0,0.0,0.0,0.0,0.0,,,,,2020-03-31T21:05:00,,,,0,,,,,,,,,,,,,,,,,,,
2020-03-31 23:00:00,1007.7,19.4,97,0.1,0.0,1.1,10.0,0.0,,,,,2020-03-31T22:58:00,,,,0,,,,,,,,,,,,,,,,,,,
2020-04-01 00:00:00,1007.7,19.6,97,0.0,0.0,0.8,322.0,0.0,,,,,2020-03-31T23:01:00,,,,0,,,,,,,,,,,,,,,,,,,
2020-04-01 01:00:00,1007.7,19.8,97,0.0,0.0,0.0,0.0,0.0,,,,,2020-04-01T00:05:00,,,,0,,,,,,,,,,,,,,,,,,,
2020-04-01 02:00:00,1007.5,20.0,96,1.4,340.0,3.0,334.0,0.0,,,,,2020-04-01T01:58:00,,,,0,,,,,,,,,,,,,,,,,,,
2020-04-01 03:00:00,1008.5,19.1,93,0.8,313.0,4.9,330.0,0.0,,,,,2020-04-01T02:12:00,,,,0,,,,,,,,,,,,,,,,,,,
2020-04-01 04:00:00,1009.0,18.2,94,0.4,335.0,4.1,320.0,0.0,,,,,2020-04-01T03:32:00,,,,0,,,,,,,,,,,,,,,,,,,
2020-04-01 05:00:00,1009.7,18.0,95,0.6,314.0,6.6,255.0,0.5,,,,,2020-04-01T04:43:00,,,,0,,,,,,,,,,,,,,,,,,,
2020-04-01 06:00:00,1011.0,17.8,95,0.1,0.0,5.5,321.0,0.0,,,,,2020-04-01T05:04:00,,,,0,,,,,,,,,,,,,,,,,,,
2020-04-01 07:00:00,1012.1,17.3,96,0.2,0.0,3.5,336.0,0.5,,,,,2020-04-01T06:32:00,,,,0,,,,,,,,,,,,,,,,,,,
2020-04-01 08:00:00,1013.2,16.8,95,0.2,0.0,4.1,321.0,0.0,,,,,2020-04-01T07:35:00,,,,0,,,,,,,,,,,,,,,,,,,
2020-04-01 09:00:00,1014.0,16.4,95,0.8,329.0,5.5,344.0,0.0,,,,,2020-04-01T08:03:00,,,,0,,,,,,,,,,,,,,,,,,,
2020-04-01 10:00:00,1014.5,16.4,96,0.0,0.0,2.4,335.0,0.5,,,,,2020-04-01T09:04:00,,,,0,,,,,,,,,,,,,,,,,,,
2020-04-01 11:00:00,1014.8,15.9,93,0.0,0.0,2.4,338.0,0.0,,,,,2020-04-01T10:49:00,,,,0,,,,,,,,,,,,,,,,,,,
2020-04-01 12:00:00,1014.8,15.7,90,0.9,350.0,3.5,323.0,0.0,,,,,2020-04-01T11:32:00,,,,0,,,,,,,,,,,,,,,,,,,
2020-04-01 13:00:00,1013.9,16.1,89,0.0,0.0,3.5,354.0,0.0,,,,,2020-04-01T12:38:00,,,,0,,,,,,,,,,,,,,,,,,,
2020-04-01 14:00:00,1013.5,15.9,89,0.0,0.0,3.3,345.0,0.0,,,,,2020-04-01T13:11:00,,,,0,,,,,,,,,,,,,,,,,,,
2020-04-01 15:00:00,1013.0,16.1,85,0.0,0.0,2.4,10.0,0.0,,,,,2020-04-01T14:15:00,,,,0,,,,,,,,,,,,,,,,,,,
2020-04-01 16:00:00,1013.1,15.9,88,0.0,0.0,2.4,22.0,0.0,,,,,2020-04-01T15:29:00,,,,0,,,,,,,,,,,,,,,,,,,
2020-04-01 17:00:00,1013.4,15.7,89,0.0,0.0,1.3,340.0,0.0,,,,,2020-04-01T16:15:00,,,,0,,,,,,,,,,,,,,,,,,,
2020-04-01 18:00:00,1014.0,15.5,91,0.0,0.0,1.9,258.0,0.0,,,,,2020-04-01T17:01:00,,,,0,,,,,,,,,,,,,,,,,,,
2020-04-01 19:00:00,1014.7,15.2,95,0.1,0.0,1.3,13.0,0.0,,,,,2020-04-01T18:12:00,,,,0,,,,,,,,,,,,,,,,,,,
2020-04-01 20:00:00,1015.2,14.8,97,0.4,258.0,3.3,263.0,0.0,,,,,2020-04-01T19:59:00,,,,0,,,,,,,,,,,,,,,,,,,
2020-04-01 21:00:00,1016.1,14.8,97,0.1,0.0,2.4,257.0,0.0,,,,,2020-04-01T20:01:00,,,,0,,,,,,,,,,,,,,,,,,,
2020-04-01 22:00:00,1016.1,14.8,97,0.1,0.0,1.9,269.0,0.0,,,,,2020-04-01T21:02:00,,,,0,,,,,,,,,,,,,,,,,,,
2020-04-01 23:00:00,1015.7,14.8,97,0.0,0.0,1.9,263.0,0.0,,,,,2020-04-01T22:29:00,,,,0,,,,,,,,,,,,,,,,,,,
2020-04-02 00:00:00,1015.7,14.6,98,0.2,0.0,1.9,242.0,0.0,,,,,2020-04-01T23:55:00,,,,0,,,,,,,,,,,,,,,,,,,
2020-04-02 01:00:00,1015.0,14.7,98,0.0,0.0,1.3,263.0,0.5,,,,,2020-04-02T00:10:00,,,,0,,,,,,,,,,,,,,,,,,,
2020-04-02 02:00:00,1014.4,14.6,98,0.2,0.0,1.3,344.0,0.0,,,,,2020-04-02T01:57:00,,,,0,,,,,,,,,,,,,,,,,,,
2020-04-02 03:00:00,1013.3,14.8,98,0.0,0.0,0.8,289.0,0.0,,,,,2020-04-02T02:31:00,,,,0,,,,,,,,,,,,,,,,,,,
2020-04-02 04:00:00,1013.3,14.9,98,0.0,0.0,0.8,343.0,0.0,,,,,2020-04-02T03:08:00,,,,0,,,,,,,,,,,,,,,,,,,
2020-04-02 05:00:00,1014.3,15.2,99,0.0,0.0,1.3,329.0,2.0,,,,,2020-04-02T04:28:00,,,,0,,,,,,,,,,,,,,,,,,,
2020-04-02 06:00:00,1014.4,15.5,99,0.3,178.0,2.4,164.0,3.0,,,,,2020-04-02T05:58:00,,,,0,,,,,,,,,,,,,,,,,,,
2020-04-02 07:00:00,1015.6,15.8,99,0.0,0.0,1.3,335.0,4.5,,,,,2020-04-02T06:01:00,,,,0,,,,,,,,,,,,,,,,,,,
2020-04-02 08:00:00,1016.2,16.2,99,0.0,0.0,1.9,264.0,1.0,,,,,2020-04-02T07:24:00,,,,0,,,,,,,,,,,,,,,,,,,
2020-04-02 09:00:00,1016.7,16.8,99,0.0,0.0,1.3,254.0,0.5,,,,,2020-04-02T08:09:00,,,,0,,,,,,,,,,,,,,,,,,,
2020-04-02 10:00:00,1015.4,17.4,99,0.0,0.0,0.0,0.0,1.0,,,,,2020-04-02T09:05:00,,,,0,,,,,,,,,,,,,,,,,,,
2020-04-02 11:00:00,1015.6,18.0,98,0.0,0.0,0.8,11.0,0.5,,,,,2020-04-02T10:12:00,,,,0,,,,,,,,,,,,,,,,,,,
2020-04-02 12:00:00,1014.2,18.3,97,0.0,0.0,2.4,183.0,0.0,,,,,2020-04-02T11:15:00,,,,0,,,,,,,,,,,,,,,,,,,
2020-04-02 13:00:00,1013.9,19.0,96,0.0,0.0,1.3,330.0,0.0,,,,,2020-04-02T12:33:00,,,,0,,,,,,,,,,,,,,,,,,,
2020-04-02 14:00:00,1012.8,18.9,94,0.0,0.0,0.8,160.0,0.0,,,,,2020-04-02T13:33:00,,,,0,,,,,,,,,,,,,,,,,,,
2020-04-02 15:00:00,1012.9,19.1,94,0.0,0.0,0.8,141.0,0.0,,,,,2020-04-02T14:06:00,,,,0,,,,,,,,,,,,,,,,,,,
2020-04-02 16:00:00,1012.9,18.7,95,0.0,0.0,0.8,335.0,0.0,,,,,2020-04-02T15:02:00,,,,0,,,,,,,,,,,,,,,,,,,
2020-04-02 17:00:00,1013.5,18.5,97,0.0,0.0,0.8,8.0,0.0,,,,,2020-04-02T16:43:00,,,,0,,,,,,,,,,,,,,,,,,,
2020-04-02 18:00:00,1014.6,18.2,97,0.0,0.0,0.0,0.0,0.5,,,,,2020-04-02T17:05:00,,,,0,,,,,,,,,,,,,,,,,,,
2020-04-02 19:00:00,1015.3,18.0,98,0.0,0.0,0.0,0.0,0.5,,,,,2020-04-02T18:05:00,,,,0,,,,,,,,,,,,,,,,,,,
2020-04-02 20:00:00,1015.2,17.9,98,0.0,0.0,0.0,0.0,0.0,,,,,2020-04-02T19:05:00,,,,0,,,,,,,,,,,,,,,,,,,
2020-04-02 21:00:00,1015.6,18.0,98,0.0,0.0,0.0,0.0,0.0,,,,,2020-04-02T20:05:00,,,,0,,,,,,,,,,,,,,,,,,,
2020-04-02 22:00:00,1015.5,18.0,98,0.0,0.0,0.0,0.0,0.0,,,,,2020-04-02T21:05:00,,,,0,,,,,,,,,,,,,,,,,,,
2020-04-02 23:00:00,1015.0,17.8,98,0.0,0.0,0.0,0.0,0.0,,,,,2020-04-02T22:05:00,,,,0,,,,,,,,,,,,,,,,,,,
2020-04-03 00:00:00,1014.7,17.6,98,0.0,0.0,0.0,0.0,0.0,,,,,2020-04-02T23:05:00,,,,0,,,,,,,,,,,,,,,,,,,
2020-04-03 01:00:00,1014.2,17.7,98,0.0,0.0,0.0,0.0,0.0,,,,,2020-04-03T00:05:00,,,,0,,,,,,,,,,,,,,,,,,,
2020-04-03 02:00:00,1013.6,17.8,98,0.0,0.0,0.8,255.0,0.0,,,,,2020-04-03T01:13:00,,,,0,,,,,,,,,,,,,,,,,,,
2020-04-03 03:00:00,1013.0,17.5,99,0.0,0.0,1.3,285.0,0.0,,,,,2020-04-03T02:19:00,,,,0,,,,,,,,,,,,,,,,,,,
2020-04-03 04:00:00,1013.0,17.4,99,0.0,0.0,1.3,350.0,0.0,,,,,2020-04-03T03:20:00,,,,0,,,,,,,,,,,,,,,,,,,
2020-04-03 05:00:00,1013.6,17.4,99,0.0,0.0,0.8,355.0,0.0,,,,,2020-04-03T04:15:00,,,,0,,,,,,,,,,,,,,,,,,,
2020-04-03 06:00:00,1013.8,17.4,99,0.0,0.0,0.0,0.0,0.0,,,,,2020-04-03T05:05:00,,,,0,,,,,,,,,,,,,,,,,,,
2020-04-03 07:00:00,1014.0,17.7,99,0.0,0.0,0.0,0.0,0.0,,,,,2020-04-03T06:05:00,,,,0,,,,,,,,,,,,,,,,,,,
2020-04-03 08:00:00,1014.5,18.6,99,0.0,0.0,0.8,337.0,0.0,,,,,2020-04-03T07:34:00,,,,0,,,,,,,,,,,,,,,,,,,
2020-04-03 09:00:00,1014.3,19.6,95,0.3,348.0,2.7,349.0,0.0,,,,,2020-04-03T08:36:00,,,,0,,,,,,,,,,,,,,,,,,,
2020-04-03 10:00:00,1014.8,19.4,95,0.2,0.0,2.2,261.0,0.0,,,,,2020-04-03T09:25:00,,,,0,,,,,,,,,,,,,,,,,,,
2020-04-03 11:00:00,1013.9,20.7,91,0.1,0.0,1.9,187.0,0.0,,,,,2020-04-03T10:43:00,,,,0,,,,,,,,,,,,,,,,,,,
2020-04-03 12:00:00,1013.0,21.7,90,0.0,0.0,1.6,199.0,0.0,,,,,2020-04-03T11:36:00,,,,0,,,,,,,,,,,,,,,,,,,
2020-04-03 13:00:00,1012.3,21.6,91,0.0,0.0,1.9,208.0,0.0,,,,,2020-04-03T12:43:00,,,,0,,,,,,,,,,,,,,,,,,,
2020-04-03 14:00:00,1011.7,21.4,90,0.8,341.0,2.4,316.0,0.0,,,,,2020-04-03T13:57:00,,,,0,,,,,,,,,,,,,,,,,,,
2020-04-03 15:00:00,1011.7,20.7,89,1.1,336.0,4.9,320.0,0.0,,,,,2020-04-03T14:33:00,,,,0,,,,,,,,,,,,,,,,,,,
2020-04-03 16:00:00,1012.1,19.6,90,0.3,294.0,3.5,331.0,0.0,,,,,2020-04-03T15:36:00,,,,0,,,,,,,,,,,,,,,,,,,
2020-04-03 17:00:00,1012.7,19.2,90,0.5,345.0,3.3,319.0,0.0,,,,,2020-04-03T16:11:00,,,,0,,,,,,,,,,,,,,,,,,,
2020-04-03 18:00:00,1013.4,19.1,89,0.5,330.0,4.1,324.0,0.0,,,,,2020-04-03T17:52:00,,,,0,,,,,,,,,,,,,,,,,,,
2020-04-03 19:00:00,1013.8,18.0,96,0.0,0.0,2.7,322.0,6.0,,,,,2020-04-03T18:41:00,,,,0,,,,,,,,,,,,,,,,,,,
2020-04-03 20:00:00,1014.7,17.3,97,0.2,0.0,4.1,326.0,5.5,,,,,2020-04-03T19:13:00,,,,0,,,,,,,,,,,,,,,,,,,
2020-04-03 21:00:00,1015.3,16.9,98,0.5,307.0,3.3,257.0,1.0,,,,,2020-04-03T20:43:00,,,,0,,,,,,,,,,,,,,,,,,,
2020-04-03 22:00:00,1015.4,16.9,98,0.1,0.0,2.7,275.0,3.0,,,,,2020-04-03T21:31:00,,,,0,,,,,,,,,,,,,,,,,,,
2020-04-03 23:00:00,1015.3,16.7,97,0.1,0.0,4.1,352.0,1.5,,,,,2020-04-03T22:03:00,,,,0,,,,,,,,,,,,,,,,,,,
2020-04-04 00:00:00,1014.9,16.5,98,0.1,0.0,2.4,337.0,1.5,,,,,2020-04-03T23:33:00,,,,0,,,,,,,,,,,,,,,,,,,
2020-04-04 01:00:00,1014.4,16.8,98,0.6,324.0,2.4,318.0,0.0,,,,,2020-04-04T01:00:00,,,,0,,,,,,,,,,,,,,,,,,,
2020-04-04 02:00:00,1013.7,16.8,98,0.1,0.0,1.9,273.0,0.0,,,,,2020-04-04T01:20:00,,,,0,,,,,,,,,,,,,,,,,,,
2020-04-04 03:00:00,1013.1,16.9,98,0.0,0.0,1.3,269.0,0.5,,,,,2020-04-04T02:06:00,,,,0,,,,,,,,,,,,,,,,,,,
2020-04-04 04:00:00,1012.3,16.7,99,0.1,0.0,1.9,266.0,0.0,,,,,2020-04-04T03:35:00,,,,0,,,,,,,,,,,,,,,,,,,
2020-04-04 05:00:00,1013.3,16.9,99,0.3,326.0,2.7,264.0,0.0,,,,,2020-04-04T04:33:00,,,,0,,,,,,,,,,,,,,,,,,,
2020-04-04 06:00:00,1013.8,16.9,98,0.3,304.0,3.0,309.0,0.0,,,,,2020-04-04T05:52:00,,,,0,,,,,,,,,,,,,,,,,,,
2020-04-04 07:00:00,1015.3,16.7,97,0.0,0.0,3.0,351.0,0.5,,,,,2020-04-04T06:08:00,,,,0,,,,,,,,,,,,,,,,,,,
2020-04-04 08:00:00,1015.8,16.7,97,0.4,324.0,1.9,354.0,0.0,,,,,2020-04-04T07:58:00,,,,0,,,,,,,,,,,,,,,,,,,
2020-04-04 09:00:00,1015.8,17.1,97,0.0,0.0,1.9,249.0,0.0,,,,,2020-04-04T08:04:00,,,,0,,,,,,,,,,,,,,,,,,,
2020-04-04 10:00:00,1015.9,17.1,97,0.0,0.0,1.9,239.0,0.0,,,,,2020-04-04T09:39:00,,,,0,,,,,,,,,,,,,,,,,,,
2020-04-04 11:00:00,1015.7,17.3,97,0.0,0.0,0.8,182.0,0.0,,,,,2020-04-04T10:19:00,,,,0,,,,,,,,,,,,,,,,,,,
2020-04-04 12:00:00,1015.6,17.1,93,0.4,333.0,2.7,301.0,0.0,,,,,2020-04-04T11:55:00,,,,0,,,,,,,,,,,,,,,,,,,
2020-04-04 13:00:00,1015.1,17.3,91,0.2,0.0,2.4,312.0,0.0,,,,,2020-04-04T12:06:00,,,,0,,,,,,,,,,,,,,,,,,,
2020-04-04 14:00:00,1014.8,17.3,93,0.0,0.0,2.4,336.0,0.0,,,,,2020-04-04T13:10:00,,,,0,,,,,,,,,,,,,,,,,,,
2020-04-04 15:00:00,1014.4,16.9,94,0.0,0.0,1.3,277.0,0.0,,,,,2020-04-04T14:32:00,,,,0,,,,,,,,,,,,,,,,,,,
2020-04-04 16:00:00,1014.7,16.9,91,0.6,329.0,1.9,316.0,0.0,,,,,2020-04-04T15:46:00,,,,0,,,,,,,,,,,,,,,,,,,
2020-04-04 17:00:00,1015.3,16.6,93,0.1,0.0,3.0,312.0,0.0,,,,,2020-04-04T16:07:00,,,,0,,,,,,,,,,,,,,,,,,,
2020-04-04 18:00:00,1015.8,16.2,94,0.0,0.0,1.9,337.0,0.0,,,,,2020-04-04T17:49:00,,,,0,,,,,,,,,,,,,,,,,,,
2020-04-04 19:00:00,1016.6,15.9,93,0.0,0.0,1.3,264.0,0.0,,,,,2020-04-04T18:34:00,,,,0,,,,,,,,,,,,,,,,,,,
2020-04-04 20:00:00,1016.9,15.5,95,0.0,0.0,2.4,266.0,0.0,,,,,2020-04-04T19:51:00,,,,0,,,,,,,,,,,,,,,,,,,
2020-04-04 21:00:00,1017.5,15.3,96,0.1,0.0,2.4,286.0,0.0,,,,,2020-04-04T20:18:00,,,,0,,,,,,,,,,,,,,,,,,,
2020-04-04 22:00:00,1017.8,15.1,97,0.1,0.0,3.0,234.0,0.0,,,,,2020-04-04T21:11:00,,,,0,,,,,,,,,,,,,,,,,,,
2020-04-04 23:00:00,1017.2,14.9,97,0.2,0.0,1.9,251.0,0.0,,,,,2020-04-04T22:13:00,,,,0,,,,,,,,,,,,,,,,,,,
2020-04-05 00:00:00,1016.7,14.8,97,0.1,0.0,1.9,258.0,0.0,,,,,2020-04-04T23:35:00,,,,0,,,,,,,,,,,,,,,,,,,
2020-04-05 01:00:00,1016.4,14.8,97,0.3,326.0,2.2,339.0,0.0,,,,,2020-04-05T00:44:00,,,,0,,,,,,,,,,,,,,,,,,,
2020-04-05 02:00:00,1015.9,14.8,97,0.2,0.0,1.9,273.0,0.0,,,,,2020-04-05T01:23:00,,,,0,,,,,,,,,,,,,,,,,,,
2020-04-05 03:00:00,1015.4,14.7,97,0.3,315.0,2.2,319.0,0.0,,,,,2020-04-05T02:38:00,,,,0,,,,,,,,,,,,,,,,,,,
2020-04-05 04:00:00,1015.9,14.7,97,0.2,0.0,2.7,242.0,0.0,,,,,2020-04-05T03:53:00,,,,0,,,,,,,,,,,,,,,,,,,
2020-04-05 05:00:00,1015.6,14.7,98,0.0,0.0,2.7,262.0,0.0,,,,,2020-04-05T04:35:00,,,,0,,,,,,,,,,,,,,,,,,,
2020-04-05 06:00:00,1016.3,14.7,98,0.0,0.0,1.9,301.0,0.0,,,,,2020-04-05T05:22:00,,,,0,,,,,,,,,,,,,,,,,,,
2020-04-05 07:00:00,1016.7,14.8,97,0.0,0.0,1.6,324.0,0.0,,,,,2020-04-05T06:51:00,,,,0,,,,,,,,,,,,,,,,,,,
2020-04-05 08:00:00,1017.3,15.0,97,0.0,0.0,2.4,336.0,0.0,,,,,2020-04-05T07:16:00,,,,0,,,,,,,,,,,,,,,,,,,
2020-04-05 09:00:00,1017.6,15.7,96,0.1,0.0,1.9,243.0,0.0,,,,,2020-04-05T08:06:00,,,,0,,,,,,,,,,,,,,,,,,,
2020-04-05 10:00:00,1017.8,16.3,94,0.0,0.0,1.6,267.0,0.0,,,,,2020-04-05T09:08:00,,,,0,,,,,,,,,,,,,,,,,,,
2020-04-05 11:00:00,1017.4,17.3,90,0.0,0.0,1.1,317.0,0.0,,,,,2020-04-05T10:10:00,,,,0,,,,,,,,,,,,,,,,,,,
2020-04-05 12:00:00,1017.0,17.8,80,0.0,0.0,1.3,186.0,0.0,,,,,2020-04-05T11:37:00,,,,0,,,,,,,,,,,,,,,,,,,
2020-04-05 13:00:00,1016.8,17.5,81,0.0,0.0,1.9,204.0,0.0,,,,,2020-04-05T12:35:00,,,,0,,,,,,,,,,,,,,,,,,,
2020-04-05 14:00:00,1016.1,17.1,80,0.0,0.0,2.2,258.0,0.0,,,,,2020-04-05T13:46:00,,,,0,,,,,,,,,,,,,,,,,,,
2020-04-05 15:00:00,1015.8,16.6,84,0.0,0.0,1.9,325.0,0.0,,,,,2020-04-05T14:11:00,,,,0,,,,,,,,,,,,,,,,,,,
2020-04-05 16:00:00,1015.5,15.9,91,0.0,0.0,1.6,252.0,0.0,,,,,2020-04-05T15:44:00,,,,0,,,,,,,,,,,,,,,,,,,
2020-04-05 17:00:00,1015.9,15.3,96,0.0,0.0,2.4,250.0,0.0,,,,,2020-04-05T16:21:00,,,,0,,,,,,,,,,,,,,,,,,,
2020-04-05 18:00:00,1016.6,14.9,97,0.0,0.0,1.3,199.0,0.5,,,,,2020-04-05T17:50:00,,,,0,,,,,,,,,,,,,,,,,,,
2020-04-05 19:00:00,1016.3,14.4,97,0.0,0.0,0.8,251.0,0.5,,,,,2020-04-05T18:17:00,,,,0,,,,,,,,,,,,,,,,,,,
2020-04-05 20:00:00,1016.6,14.2,98,0.1,0.0,2.2,268.0,0.0,,,,,2020-04-05T19:35:00,,,,0,,,,,,,,,,,,,,,,,,,
2020-04-05 21:00:00,1017.2,14.2,99,0.0,0.0,1.9,268.0,0.0,,,,,2020-04-05T20:22:00,,,,0,,,,,,,,,,,,,,,,,,,
2020-04-05 22:00:00,1017.6,14.2,98,0.1,0.0,1.3,229.0,0.0,,,,,2020-04-05T21:14:00,,,,0,,,,,,,,,,,,,,,,,,,
2020-04-05 23:00:00,1017.0,14.2,98,0.0,0.0,1.9,263.0,0.0,,,,,2020-04-05T22:05:00,,,,0,,,,,,,,,,,,,,,,,,,
2020-04-06 00:00:00,1016.6,14.2,98,0.5,261.0,2.7,260.0,0.0,,,,,2020-04-05T23:59:00,,,,0,,,,,,,,,,,,,,,,,,,
2020-04-06 01:00:00,1015.9,14.3,98,0.0,0.0,1.3,271.0,0.0,,,,,2020-04-06T00:05:00,,,,0,,,,,,,,,,,,,,,,,,,
2020-04-06 02:00:00,1015.2,14.3,98,0.0,0.0,0.8,334.0,0.0,,,,,2020-04-06T01:07:00,,,,0,,,,,,,,,,,,,,,,,,,
2020-04-06 03:00:00,1014.1,14.3,99,0.2,0.0,2.2,336.0,0.0,,,,,2020-04-06T02:23:00,,,,0,,,,,,,,,,,,,,,,,,,
2020-04-06 04:00:00,1014.1,14.3,98,0.0,0.0,1.6,284.0,0.0,,,,,2020-04-06T03:02:00,,,,0,,,,,,,,,,,,,,,,,,,
2020-04-06 05:00:00,1014.2,14.4,98,0.0,0.0,1.3,335.0,0.0,,,,,2020-04-06T04:01:00,,,,0,,,,,,,,,,,,,,,,,,,
2020-04-06 06:00:00,1014.3,14.6,98,0.0,0.0,1.3,335.0,0.0,,,,,2020-04-06T05:08:00,,,,0,,,,,,,,,,,,,,,,,,,
2020-04-06 07:00:00,1014.8,14.8,98,0.0,0.0,1.3,315.0,0.0,,,,,2020-04-06T06:26:00,,,,0,,,,,,,,,,,,,,,,,,,
2020-04-06 08:00:00,1015.0,15.0,98,0.0,0.0,1.3,347.0,0.0,,,,,2020-04-06T07:03:00,,,,0,,,,,,,,,,,,,,,,,,,
2020-04-06 09:00:00,1015.0,15.5,98,0.0,0.0,1.3,346.0,0.0,,,,,2020-04-06T08:53:00,,,,0,,,,,,,,,,,,,,,,,,,
2020-04-06 10:00:00,1014.8,15.9,97,0.0,0.0,1.3,324.0,0.0,,,,,2020-04-06T09:07:00,,,,0,,,,,,,,,,,,,,,,,,,
2020-04-06 11:00:00,1014.3,16.8,96,0.0,0.0,0.0,0.0,0.0,,,,,2020-04-06T10:05:00,,,,0,,,,,,,,,,,,,,,,,,,
2020-04-06 12:00:00,1013.9,17.3,94,0.0,0.0,0.0,0.0,0.0,,,,,2020-04-06T11:05:00,,,,0,,,,,,,,,,,,,,,,,,,
2020-04-06 13:00:00,1013.2,17.5,94,0.0,0.0,0.0,0.0,0.0,,,,,2020-04-06T12:05:00,,,,0,,,,,,,,,,,,,,,,,,,
2020-04-06 14:00:00,1012.3,17.3,95,0.0,0.0,0.8,334.0,0.0,,,,,2020-04-06T13:17:00,,,,0,,,,,,,,,,,,,,,,,,,
2020-04-06 15:00:00,1011.9,17.2,96,0.0,0.0,1.3,232.0,0.0,,,,,2020-04-06T14:47:00,,,,0,,,,,,,,,,,,,,,,,,,
2020-04-06 16:00:00,1011.7,16.9,96,0.0,0.0,0.8,275.0,1.0,,,,,2020-04-06T15:44:00,,,,0,,,,,,,,,,,,,,,,,,,
2020-04-06 17:00:00,1011.4,16.8,96,0.0,0.0,0.8,285.0,1.0,,,,,2020-04-06T16:59:00,,,,0,,,,,,,,,,,,,,,,,,,
2020-04-06 18:00:00,1011.9,16.6,98,0.0,0.0,1.3,266.0,0.5,,,,,2020-04-06T17:25:00,,,,0,,,,,,,,,,,,,,,,,,,
2020-04-06 19:00:00,1012.1,16.5,98,0.0,0.0,0.8,332.0,0.5,,,,,2020-04-06T18:03:00,,,,0,,,,,,,,,,,,,,,,,,,
2020-04-06 20:00:00,1012.7,16.4,98,0.0,0.0,0.0,0.0,0.0,,,,,2020-04-06T19:05:00,,,,0,,,,,,,,,,,,,,,,,,,
2020-04-06 21:00:00,1012.9,16.4,98,0.0,0.0,0.0,0.0,0.0,,,,,2020-04-06T20:05:00,,,,0,,,,,,,,,,,,,,,,,,,
2020-04-06 22:00:00,1012.6,16.4,99,0.0,0.0,0.0,0.0,1.5,,,,,2020-04-06T21:05:00,,,,0,,,,,,,,,,,,,,,,,,,
2020-04-06 23:00:00,1011.7,16.2,99,0.0,0.0,1.1,273.0,1.5,,,,,2020-04-06T22:17:00,,,,0,,,,,,,,,,,,,,,,,,,
2020-04-07 00:00:00,1011.9,16.2,99,0.0,0.0,1.6,341.0,2.5,,,,,2020-04-06T23:39:00,,,,0,,,,,,,,,,,,,,,,,,,
2020-04-07 01:00:00,1011.0,16.4,99,0.0,0.0,1.1,331.0,1.0,,,,,2020-04-07T01:00:00,,,,0,,,,,,,,,,,,,,,,,,,
2020-04-07 02:00:00,1010.3,16.6,99,0.0,0.0,1.3,328.0,1.5,,,,,2020-04-07T01:01:00,,,,0,,,,,,,,,,,,,,,,,,,
2020-04-07 03:00:00,1009.9,16.6,99,0.0,0.0,1.1,276.0,0.5,,,,,2020-04-07T02:54:00,,,,0,,,,,,,,,,,,,,,,,,,
2020-04-07 04:00:00,1009.4,15.9,98,0.4,350.0,6.6,336.0,1.5,,,,,2020-04-07T03:37:00,,,,0,,,,,,,,,,,,,,,,,,,
2020-04-07 05:00:00,1010.4,15.5,98,0.2,0.0,3.5,341.0,0.0,,,,,2020-04-07T04:27:00,,,,0,,,,,,,,,,,,,,,,,,,
2020-04-07 06:00:00,1010.5,15.5,96,0.0,0.0,3.0,332.0,0.0,,,,,2020-04-07T05:35:00,,,,0,,,,,,,,,,,,,,,,,,,
2020-04-07 07:00:00,1011.4,15.5,97,0.2,0.0,2.7,331.0,0.0,,,,,2020-04-07T06:35:00,,,,0,,,,,,,,,,,,,,,,,,,
2020-04-07 08:00:00,1012.1,15.5,95,0.5,324.0,4.9,334.0,0.5,,,,,2020-04-07T07:32:00,,,,0,,,,,,,,,,,,,,,,,,,
2020-04-07 09:00:00,1012.7,15.2,95,0.1,0.0,3.3,296.0,0.0,,,,,2020-04-07T08:51:00,,,,0,,,,,,,,,,,,,,,,,,,
2020-04-07 10:00:00,1012.8,15.5,93,0.1,0.0,4.9,328.0,0.0,,,,,2020-04-07T09:16:00,,,,0,,,,,,,,,,,,,,,,,,,
2020-04-07 11:00:00,1012.5,15.7,94,0.0,0.0,2.7,231.0,0.0,,,,,2020-04-07T10:44:00,,,,0,,,,,,,,,,,,,,,,,,,
2020-04-07 12:00:00,1012.0,16.4,95,0.0,0.0,1.9,255.0,0.0,,,,,2020-04-07T11:03:00,,,,0,,,,,,,,,,,,,,,,,,,
2020-04-07 13:00:00,1011.5,16.8,95,0.0,0.0,0.0,0.0,0.0,,,,,2020-04-07T12:05:00,,,,0,,,,,,,,,,,,,,,,,,,
2020-04-07 14:00:00,1011.2,16.7,93,0.0,0.0,1.3,327.0,0.0,,,,,2020-04-07T13:37:00,,,,0,,,,,,,,,,,,,,,,,,,
2020-04-07 15:00:00,1010.9,16.3,93,0.8,353.0,3.3,324.0,0.0,,,,,2020-04-07T14:59:00,,,,0,,,,,,,,,,,,,,,,,,,
2020-04-07 16:00:00,1010.9,15.9,93,0.1,0.0,2.2,335.0,0.0,,,,,2020-04-07T15:11:00,,,,0,,,,,,,,,,,,,,,,,,,
2020-04-07 17:00:00,1011.2,15.5,96,0.0,0.0,2.4,248.0,0.0,,,,,2020-04-07T16:42:00,,,,0,,,,,,,,,,,,,,,,,,,
2020-04-07 18:00:00,1011.6,15.5,97,0.0,0.0,0.0,0.0,0.0,,,,,2020-04-07T17:05:00,,,,0,,,,,,,,,,,,,,,,,,,
2020-04-07 19:00:00,1012.2,15.1,95,0.2,0.0,1.6,336.0,0.0,,,,,2020-04-07T18:07:00,,,,0,,,,,,,,,,,,,,,,,,,
2020-04-07 20:00:00,1012.6,15.0,97,0.2,0.0,1.9,252.0,0.0,,,,,2020-04-07T19:49:00,,,,0,,,,,,,,,,,,,,,,,,,
2020-04-07 21:00:00,1013.2,14.8,96,0.2,0.0,2.4,222.0,0.0,,,,,2020-04-07T21:00:00,,,,0,,,,,,,,,,,,,,,,,,,
2020-04-07 22:00:00,1013.2,14.8,96,0.0,0.0,3.0,257.0,0.0,,,,,2020-04-07T21:02:00,,,,0,,,,,,,,,,,,,,,,,,,
2020-04-07 23:00:00,1012.7,14.8,98,0.0,0.0,1.9,332.0,0.0,,,,,2020-04-07T22:15:00,,,,0,,,,,,,,,,,,,,,,,,,
2020-04-08 00:00:00,1012.4,14.8,98,0.0,0.0,1.9,306.0,0.5,,,,,2020-04-07T23:14:00,,,,0,,,,,,,,,,,,,,,,,,,
2020-04-08 01:00:00,1011.9,15.0,99,0.0,0.0,1.9,324.0,0.0,,,,,2020-04-08T00:09:00,,,,0,,,,,,,,,,,,,,,,,,,
2020-04-08 02:00:00,1011.6,15.2,99,0.0,0.0,1.9,276.0,0.0,,,,,2020-04-08T01:16:00,,,,0,,,,,,,,,,,,,,,,,,,
2020-04-08 03:00:00,1011.0,15.2,99,0.0,0.0,1.3,343.0,0.0,,,,,2020-04-08T02:12:00,,,,0,,,,,,,,,,,,,,,,,,,
2020-04-08 04:00:00,1011.1,15.3,99,0.4,331.0,1.9,336.0,0.0,,,,,2020-04-08T03:31:00,,,,0,,,,,,,,,,,,,,,,,,,
2020-04-08 05:00:00,1011.0,15.5,99,0.0,0.0,1.9,330.0,0.0,,,,,2020-04-08T04:50:00,,,,0,,,,,,,,,,,,,,,,,,,
2020-04-08 06:00:00,1011.2,15.7,99,0.0,0.0,1.6,321.0,0.0,,,,,2020-04-08T05:49:00,,,,0,,,,,,,,,,,,,,,,,,,
2020-04-08 07:00:00,1011.8,16.0,99,0.0,0.0,1.9,267.0,0.0,,,,,2020-04-08T06:47:00,,,,0,,,,,,,,,,,,,,,,,,,
2020-04-08 08:00:00,1012.3,16.2,99,0.0,0.0,1.3,333.0,0.0,,,,,2020-04-08T07:21:00,,,,0,,,,,,,,,,,,,,,,,,,
2020-04-08 09:00:00,1012.6,16.9,98,0.0,0.0,2.2,296.0,0.0,,,,,2020-04-08T08:18:00,,,,0,,,,,,,,,,,,,,,,,,,
2020-04-08 10:00:00,1012.9,17.3,98,0.0,0.0,1.3,236.0,0.0,,,,,2020-04-08T09:18:00,,,,0,,,,,,,,,,,,,,,,,,,
2020-04-08 11:00:00,1012.6,17.7,97,0.0,0.0,1.9,322.0,0.0,,,,,2020-04-08T10:43:00,,,,0,,,,,,,,,,,,,,,,,,,
2020-04-08 12:00:00,1012.2,18.0,96,0.0,0.0,1.3,271.0,0.0,,,,,2020-04-08T11:42:00,,,,0,,,,,,,,,,,,,,,,,,,
2020-04-08 13:00:00,1012.1,18.1,94,0.0,0.0,1.3,344.0,0.0,,,,,2020-04-08T12:09:00,,,,0,,,,,,,,,,,,,,,,,,,
2020-04-08 14:00:00,1011.5,18.1,92,0.0,0.0,1.9,176.0,0.0,,,,,2020-04-08T13:51:00,,,,0,,,,,,,,,,,,,,,,,,,
2020-04-08 15:00:00,1011.2,18.8,89,0.1,0.0,1.6,265.0,0.0,,,,,2020-04-08T14:56:00,,,,0,,,,,,,,,,,,,,,,,,,
2020-04-08 16:00:00,1011.2,18.4,92,0.0,0.0,1.3,236.0,0.0,,,,,2020-04-08T15:08:00,,,,0,,,,,,,,,,,,,,,,,,,
2020-04-08 17:00:00,1011.3,17.8,94,0.0,0.0,1.3,247.0,0.0,,,,,2020-04-08T16:29:00,,,,0,,,,,,,,,,,,,,,,,,,
2020-04-08 18:00:00,1011.8,17.4,95,0.0,0.0,1.6,279.0,0.0,,,,,2020-04-08T17:44:00,,,,0,,,,,,,,,,,,,,,,,,,
2020-04-08 19:00:00,1012.4,17.1,95,0.1,0.0,1.9,253.0,0.0,,,,,2020-04-08T18:54:00,,,,0,,,,,,,,,,,,,,,,,,,
2020-04-08 20:00:00,1012.9,16.7,96,0.0,0.0,2.4,265.0,0.0,,,,,2020-04-08T19:16:00,,,,0,,,,,,,,,,,,,,,,,,,
2020-04-08 21:00:00,1013.7,16.7,96,0.0,0.0,1.9,331.0,0.5,,,,,2020-04-08T20:22:00,,,,0,,,,,,,,,,,,,,,,,,,
2020-04-08 22:00:00,1013.6,16.7,96,0.0,0.0,1.9,333.0,0.0,,,,,2020-04-08T21:13:00,,,,0,,,,,,,,,,,,,,,,,,,
2020-04-08 23:00:00,1013.1,16.7,96,0.0,0.0,1.1,260.0,0.0,,,,,2020-04-08T22:22:00,,,,0,,,,,,,,,,,,,,,,,,,
2020-04-09 00:00:00,1012.9,16.6,97,0.0,0.0,0.0,0.0,0.0,,,,,2020-04-08T23:05:00,,,,0,,,,,,,,,,,,,,,,,,,
2020-04-09 01:00:00,1012.1,16.6,98,0.0,0.0,1.3,328.0,0.0,,,,,2020-04-09T00:54:00,,,,0,,,,,,,,,,,,,,,,,,,
2020-04-09 02:00:00,1011.6,16.6,99,0.0,0.0,1.9,353.0,0.0,,,,,2020-04-09T01:05:00,,,,0,,,,,,,,,,,,,,,,,,,
2020-04-09 03:00:00,1011.6,16.8,99,0.2,0.0,2.4,261.0,0.0,,,,,2020-04-09T02:25:00,,,,0,,,,,,,,,,,,,,,,,,,
2020-04-09 04:00:00,1011.7,16.9,98,0.0,0.0,1.1,217.0,0.0,,,,,2020-04-09T03:14:00,,,,0,,,,,,,,,,,,,,,,,,,
2020-04-09 05:00:00,1012.0,16.4,98,0.1,0.0,1.9,196.0,0.0,,,,,2020-04-09T04:52:00,,,,0,,,,,,,,,,,,,,,,,,,
2020-04-09 06:00:00,1012.8,15.8,96,0.1,0.0,2.4,251.0,0.5,,,,,2020-04-09T05:50:00,,,,0,,,,,,,,,,,,,,,,,,,
2020-04-09 07:00:00,1013.5,16.1,96,0.0,0.0,1.9,272.0,0.0,,,,,2020-04-09T06:14:00,,,,0,,,,,,,,,,,,,,,,,,,
2020-04-09 08:00:00,1014.1,16.8,96,0.0,0.0,0.0,0.0,0.0,,,,,2020-04-09T07:05:00,,,,0,,,,,,,,,,,,,,,,,,,
2020-04-09 09:00:00,1014.5,17.9,91,0.4,238.0,1.9,247.0,0.0,,,,,2020-04-09T08:58:00,,,,0,,,,,,,,,,,,,,,,,,,
2020-04-09 10:00:00,1014.5,19.7,81,0.4,331.0,2.2,332.0,0.0,,,,,2020-04-09T09:31:00,,,,0,,,,,,,,,,,,,,,,,,,
2020-04-09 11:00:00,1014.3,19.7,80,0.2,0.0,1.9,332.0,0.0,,,,,2020-04-09T10:12:00,,,,0,,,,,,,,,,,,,,,,,,,
2020-04-09 12:00:00,1014.2,20.0,80,1.0,340.0,3.0,348.0,0.0,,,,,2020-04-09T11:20:00,,,,0,,,,,,,,,,,,,,,,,,,
2020-04-09 13:00:00,1013.4,22.1,73,0.0,0.0,3.5,334.0,0.0,,,,,2020-04-09T12:04:00,,,,0,,,,,,,,,,,,,,,,,,,
2020-04-09 14:00:00,1013.2,22.2,75,0.3,188.0,1.9,164.0,0.0,,,,,2020-04-09T13:13:00,,,,0,,,,,,,,,,,,,,,,,,,
2020-04-09 15:00:00,1013.2,22.4,70,0.0,0.0,3.0,14.0,0.0,,,,,2020-04-09T14:27:00,,,,0,,,,,,,,,,,,,,,,,,,
2020-04-09 16:00:00,1013.1,22.5,71,0.3,322.0,2.4,317.0,0.0,,,,,2020-04-09T15:54:00,,,,0,,,,,,,,,,,,,,,,,,,
2020-04-09 17:00:00,1013.3,20.9,76,0.0,0.0,2.7,328.0,0.0,,,,,2020-04-09T16:01:00,,,,0,,,,,,,,,,,,,,,,,,,
2020-04-09 18:00:00,1013.9,19.9,84,0.0,0.0,0.8,167.0,0.0,,,,,2020-04-09T17:07:00,,,,0,,,,,,,,,,,,,,,,,,,
2020-04-09 19:00:00,1014.8,18.0,92,0.0,0.0,0.0,0.0,0.0,,,,,2020-04-09T18:05:00,,,,0,,,,,,,,,,,,,,,,,,,
2020-04-09 20:00:00,1015.6,16.9,95,0.0,0.0,1.3,352.0,0.0,,,,,2020-04-09T19:47:00,,,,0,,,,,,,,,,,,,,,,,,,
2020-04-09 21:00:00,1015.9,16.4,95,0.0,0.0,0.0,0.0,0.0,,,,,2020-04-09T20:05:00,,,,0,,,,,,,,,,,,,,,,,,,
2020-04-09 22:00:00,1016.2,15.6,97,0.0,0.0,0.0,0.0,0.0,,,,,2020-04-09T21:05:00,,,,0,,,,,,,,,,,,,,,,,,,
2020-04-09 23:00:00,1016.0,14.8,97,0.0,0.0,0.0,0.0,0.0,,,,,2020-04-09T22:05:00,,,,0,,,,,,,,,,,,,,,,,,,
2020-04-10 00:00:00,1015.6,14.2,99,0.0,0.0,1.1,308.0,0.0,,,,,2020-04-09T23:29:00,,,,0,,,,,,,,,,,,,,,,,,,
2020-04-10 01:00:00,1015.3,13.9,99,0.0,0.0,0.0,0.0,0.0,,,,,2020-04-10T00:05:00,,,,0,,,,,,,,,,,,,,,,,,,
2020-04-10 02:00:00,1015.0,13.5,99,0.0,0.0,0.0,0.0,0.0,,,,,2020-04-10T01:05:00,,,,0,,,,,,,,,,,,,,,,,,,
2020-04-10 03:00:00,1014.6,13.2,100,0.0,0.0,0.0,0.0,0.0,,,,,2020-04-10T02:05:00,,,,0,,,,,,,,,,,,,,,,,,,
2020-04-10 04:00:00,1014.5,12.8,100,0.0,0.0,0.0,0.0,0.0,,,,,2020-04-10T03:05:00,,,,0,,,,,,,,,,,,,,,,,,,
2020-04-10 05:00:00,1015.0,12.5,100,0.0,0.0,0.0,0.0,0.0,,,,,2020-04-10T04:05:00,,,,0,,,,,,,,,,,,,,,,,,,
2020-04-10 06:00:00,1015.7,12.1,100,0.0,0.0,0.0,0.0,0.0,,,,,2020-04-10T05:05:00,,,,0,,,,,,,,,,,,,,,,,,,
2020-04-10 07:00:00,1016.1,13.6,100,0.0,0.0,0.0,0.0,0.0,,,,,2020-04-10T06:05:00,,,,0,,,,,,,,,,,,,,,,,,,
2020-04-10 08:00:00,1016.4,16.2,100,0.0,0.0,0.0,0.0,0.0,,,,,2020-04-10T07:05:00,,,,0,,,,,,,,,,,,,,,,,,,
2020-04-10 09:00:00,1016.2,20.3,89,0.1,0.0,1.3,179.0,0.0,,,,,2020-04-10T08:58:00,,,,0,,,,,,,,,,,,,,,,,,,
2020-04-10 10:00:00,1016.1,22.4,74,0.3,184.0,2.7,197.0,0.0,,,,,2020-04-10T09:58:00,,,,0,,,,,,,,,,,,,,,,,,,
2020-04-10 11:00:00,1016.1,22.3,71,0.1,0.0,1.6,88.0,0.0,,,,,2020-04-10T10:49:00,,,,0,,,,,,,,,,,,,,,,,,,
2020-04-10 12:00:00,1015.6,24.0,62,0.4,165.0,3.5,179.0,0.0,,,,,2020-04-10T11:55:00,,,,0,,,,,,,,,,,,,,,,,,,
2020-04-10 13:00:00,1014.9,23.7,63,0.4,172.0,2.7,176.0,0.0,,,,,2020-04-10T12:08:00,,,,0,,,,,,,,,,,,,,,,,,,
2020-04-10 14:00:00,1014.0,24.1,63,0.3,147.0,3.8,180.0,0.0,,,,,2020-04-10T13:36:00,,,,0,,,,,,,,,,,,,,,,,,,
2020-04-10 15:00:00,1013.4,23.3,66,0.3,132.0,2.7,186.0,0.0,,,,,2020-04-10T14:54:00,,,,0,,,,,,,,,,,,,,,,,,,
2020-04-10 16:00:00,1013.4,22.3,70,0.0,0.0,1.9,173.0,0.0,,,,,2020-04-10T15:05:00,,,,0,,,,,,,,,,,,,,,,,,,
2020-04-10 17:00:00,1013.2,21.8,71,0.0,0.0,1.3,197.0,0.0,,,,,2020-04-10T16:03:00,,,,0,,,,,,,,,,,,,,,,,,,
2020-04-10 18:00:00,1013.6,21.2,76,0.0,0.0,0.0,0.0,0.0,,,,,2020-04-10T17:05:00,,,,0,,,,,,,,,,,,,,,,,,,
2020-04-10 19:00:00,1013.9,20.0,85,0.0,0.0,0.0,0.0,0.0,,,,,2020-04-10T18:05:00,,,,0,,,,,,,,,,,,,,,,,,,
2020-04-10 20:00:00,1014.2,19.2,89,0.0,0.0,1.1,328.0,0.0,,,,,2020-04-10T19:56:00,,,,0,,,,,,,,,,,,,,,,,,,
2020-04-10 21:00:00,1014.7,18.4,91,0.0,0.0,1.3,335.0,0.0,,,,,2020-04-10T20:12:00,,,,0,,,,,,,,,,,,,,,,,,,
2020-04-10 22:00:00,1014.3,17.9,93,0.0,0.0,1.3,336.0,0.0,,,,,2020-04-10T21:01:00,,,,0,,,,,,,,,,,,,,,,,,,
2020-04-10 23:00:00,1014.0,16.7,95,0.0,0.0,1.9,322.0,0.0,,,,,2020-04-10T22:20:00,,,,0,,,,,,,,,,,,,,,,,,,
2020-04-11 00:00:00,1013.4,16.4,96,0.2,0.0,1.3,273.0,0.0,,,,,2020-04-10T23:05:00,,,,0,,,,,,,,,,,,,,,,,,,
2020-04-11 01:00:00,1012.5,15.8,97,0.0,0.0,1.9,322.0,0.0,,,,,2020-04-11T00:38:00,,,,0,,,,,,,,,,,,,,,,,,,
2020-04-11 02:00:00,1012.0,15.8,98,0.0,0.0,1.9,326.0,0.0,,,,,2020-04-11T01:24:00,,,,0,,,,,,,,,,,,,,,,,,,
2020-04-11 03:00:00,1011.2,15.9,98,0.0,0.0,1.3,338.0,0.0,,,,,2020-04-11T02:27:00,,,,0,,,,,,,,,,,,,,,,,,,
2020-04-11 04:00:00,1010.1,15.7,98,0.1,0.0,1.6,213.0,0.0,,,,,2020-04-11T03:37:00,,,,0,,,,,,,,,,,,,,,,,,,
2020-04-11 05:00:00,1010.6,15.8,99,0.1,0.0,2.4,329.0,0.0,,,,,2020-04-11T04:20:00,,,,0,,,,,,,,,,,,,,,,,,,
2020-04-11 06:00:00,1010.8,15.7,98,0.2,0.0,1.3,333.0,0.0,,,,,2020-04-11T05:01:00,,,,0,,,,,,,,,,,,,,,,,,,
2020-04-11 07:00:00,1011.0,16.3,99,0.0,0.0,1.3,349.0,0.0,,,,,2020-04-11T06:10:00,,,,0,,,,,,,,,,,,,,,,,,,
2020-04-11 08:00:00,1010.9,19.2,94,0.0,0.0,1.3,327.0,0.0,,,,,2020-04-11T07:05:00,,,,0,,,,,,,,,,,,,,,,,,,
2020-04-11 09:00:00,1011.1,23.6,72,0.2,0.0,3.3,153.0,0.0,,,,,2020-04-11T08:35:00,,,,0,,,,,,,,,,,,,,,,,,,
2020-04-11 10:00:00,1010.9,24.1,69,0.5,166.0,3.5,168.0,0.0,,,,,2020-04-11T09:55:00,,,,0,,,,,,,,,,,,,,,,,,,
2020-04-11 11:00:00,1010.9,23.9,75,0.0,0.0,2.2,151.0,0.0,,,,,2020-04-11T10:07:00,,,,0,,,,,,,,,,,,,,,,,,,
2020-04-11 12:00:00,1010.1,23.0,76,0.0,0.0,3.5,340.0,0.0,,,,,2020-04-11T11:31:00,,,,0,,,,,,,,,,,,,,,,,,,
2020-04-11 13:00:00,1009.6,22.0,83,0.3,247.0,1.3,334.0,0.0,,,,,2020-04-11T12:23:00,,,,0,,,,,,,,,,,,,,,,,,,
2020-04-11 14:00:00,1008.8,22.7,79,0.0,0.0,1.3,250.0,0.0,,,,,2020-04-11T13:13:00,,,,0,,,,,,,,,,,,,,,,,,,
2020-04-11 15:00:00,1008.2,20.1,85,2.1,351.0,6.0,12.0,0.0,,,,,2020-04-11T14:59:00,,,,0,,,,,,,,,,,,,,,,,,,
2020-04-11 16:00:00,1008.5,18.8,91,0.3,245.0,5.5,40.0,1.5,,,,,2020-04-11T15:04:00,,,,0,,,,,,,,,,,,,,,,,,,
2020-04-11 17:00:00,1008.3,17.6,96,0.3,288.0,3.5,326.0,4.5,,,,,2020-04-11T16:39:00,,,,0,,,,,,,,,,,,,,,,,,,
2020-04-11 18:00:00,1007.8,17.7,97,0.0,0.0,2.4,335.0,0.0,,,,,2020-04-11T17:03:00,,,,0,,,,,,,,,,,,,,,,,,,
2020-04-11 19:00:00,1008.2,17.5,97,0.0,0.0,1.3,242.0,0.0,,,,,2020-04-11T18:28:00,,,,0,,,,,,,,,,,,,,,,,,,
2020-04-11 20:00:00,1008.8,17.6,98,0.0,0.0,0.0,0.0,0.5,,,,,2020-04-11T19:05:00,,,,0,,,,,,,,,,,,,,,,,,,
2020-04-11 21:00:00,1009.0,17.8,98,0.0,0.0,1.3,346.0,0.0,,,,,2020-04-11T20:09:00,,,,0,,,,,,,,,,,,,,,,,,,
2020-04-11 22:00:00,1009.1,17.9,98,0.6,345.0,1.6,252.0,0.5,,,,,2020-04-11T21:44:00,,,,0,,,,,,,,,,,,,,,,,,,
2020-04-11 23:00:00,1009.5,17.8,97,0.0,0.0,3.0,330.0,4.0,,,,,2020-04-11T22:35:00,,,,0,,,,,,,,,,,,,,,,,,,
2020-04-12 00:00:00,1009.2,17.6,98,0.1,0.0,3.3,331.0,1.5,,,,,2020-04-11T23:23:00,,,,0,,,,,,,,,,,,,,,,,,,
2020-04-12 01:00:00,1009.0,17.4,97,0.4,315.0,3.5,332.0,0.5,,,,,2020-04-12T00:49:00,,,,0,,,,,,,,,,,,,,,,,,,
2020-04-12 02:00:00,1009.5,16.2,95,1.1,343.0,4.9,324.0,1.5,,,,,2020-04-12T01:57:00,,,,0,,,,,,,,,,,,,,,,,,,
2020-04-12 03:00:00,1009.4,15.7,94,0.1,0.0,3.5,316.0,0.0,,,,,2020-04-12T02:03:00,,,,0,,,,,,,,,,,,,,,,,,,
2020-04-12 04:00:00,1009.7,15.0,95,0.9,344.0,4.9,353.0,0.5,,,,,2020-04-12T03:33:00,,,,0,,,,,,,,,,,,,,,,,,,
2020-04-12 05:00:00,1010.1,14.7,96,0.0,0.0,3.8,346.0,0.5,,,,,2020-04-12T04:04:00,,,,0,,,,,,,,,,,,,,,,,,,
2020-04-12 06:00:00,1011.0,13.9,96,0.3,340.0,4.9,15.0,1.0,,,,,2020-04-12T05:29:00,,,,0,,,,,,,,,,,,,,,,,,,
2020-04-12 07:00:00,1011.8,13.9,97,0.9,336.0,6.6,348.0,1.0,,,,,2020-04-12T06:37:00,,,,0,,,,,,,,,,,,,,,,,,,
2020-04-12 08:00:00,1013.1,13.1,94,0.8,336.0,7.7,337.0,1.0,,,,,2020-04-12T07:26:00,,,,0,,,,,,,,,,,,,,,,,,,
2020-04-12 09:00:00,1013.4,13.0,95,0.2,0.0,3.8,333.0,0.5,,,,,2020-04-12T08:47:00,,,,0,,,,,,,,,,,,,,,,,,,
2020-04-12 10:00:00,1013.6,13.0,95,0.5,326.0,4.1,336.0,0.5,,,,,2020-04-12T09:15:00,,,,0,,,,,,,,,,,,,,,,,,,
2020-04-12 11:00:00,1013.2,12.8,94,0.0,0.0,5.5,313.0,0.5,,,,,2020-04-12T10:44:00,,,,0,,,,,,,,,,,,,,,,,,,
2020-04-12 12:00:00,1012.8,12.7,88,0.5,327.0,6.0,345.0,0.0,,,,,2020-04-12T11:15:00,,,,0,,,,,,,,,,,,,,,,,,,
2020-04-12 13:00:00,1012.6,14.0,74,1.1,337.0,6.6,334.0,0.0,,,,,2020-04-12T12:32:00,,,,0,,,,,,,,,,,,,,,,,,,
2020-04-12 14:00:00,1012.4,14.8,68,2.9,345.0,9.9,348.0,0.0,,,,,2020-04-12T13:57:00,,,,0,,,,,,,,,,,,,,,,,,,
2020-04-12 15:00:00,1012.3,15.2,60,1.7,344.0,7.1,312.0,0.0,,,,,2020-04-12T14:49:00,,,,0,,,,,,,,,,,,,,,,,,,
2020-04-12 16:00:00,1012.3,15.4,60,1.2,335.0,4.9,352.0,0.0,,,,,2020-04-12T15:24:00,,,,0,,,,,,,,,,,,,,,,,,,
2020-04-12 17:00:00,1012.5,15.3,55,0.6,337.0,6.0,339.0,0.0,,,,,2020-04-12T16:46:00,,,,0,,,,,,,,,,,,,,,,,,,
2020-04-12 18:00:00,1013.2,14.6,58,0.8,341.0,3.5,305.0,0.0,,,,,2020-04-12T17:17:00,,,,0,,,,,,,,,,,,,,,,,,,
2020-04-12 19:00:00,1013.6,11.5,83,0.5,275.0,3.3,326.0,0.0,,,,,2020-04-12T18:04:00,,,,0,,,,,,,,,,,,,,,,,,,
2020-04-12 20:00:00,1014.3,10.3,88,0.9,266.0,3.3,330.0,0.0,,,,,2020-04-12T19:17:00,,,,0,,,,,,,,,,,,,,,,,,,
2020-04-12 21:00:00,1014.5,9.5,91,0.5,346.0,3.0,328.0,0.0,,,,,2020-04-12T20:48:00,,,,0,,,,,,,,,,,,,,,,,,,
2020-04-12 22:00:00,1014.7,8.9,95,0.0,0.0,1.9,323.0,0.0,,,,,2020-04-12T21:04:00,,,,0,,,,,,,,,,,,,,,,,,,
2020-04-12 23:00:00,1014.6,8.3,97,0.0,0.0,0.0,0.0,0.0,,,,,2020-04-12T22:05:00,,,,0,,,,,,,,,,,,,,,,,,,
2020-04-13 00:00:00,1014.0,7.8,99,0.0,0.0,1.1,350.0,0.0,,,,,2020-04-12T23:46:00,,,,0,,,,,,,,,,,,,,,,,,,
2020-04-13 01:00:00,1013.3,7.3,99,0.0,0.0,,,0.0,,,,,,,,,0,,,,,,,,,,,,,,,,,,,
2020-04-13 02:00:00,1012.6,6.8,100,0.0,0.0,,,0.0,,,,,,,,,0,,,,,,,,,,,,,,,,,,,
2020-04-13 03:00:00,1012.2,6.6,100,0.1,0.0,,,0.0,,,,,,,,,0,,,,,,,,,,,,,,,,,,,
2020-04-13 04:00:00,1012.2,7.4,96,0.0,0.0,,,0.0,,,,,,,,,0,,,,,,,,,,,,,,,,,,,
2020-04-13 05:00:00,1012.4,6.9,98,0.0,0.0,,,0.0,,,,,,,,,0,,,,,,,,,,,,,,,,,,,
2020-04-13 06:00:00,1012.7,7.9,96,0.3,63.0,,,0.0,,,,,,,,,0,,,,,,,,,,,,,,,,,,,
2020-04-13 07:00:00,1013.3,13.4,69,0.8,312.0,,,0.0,,,,,,,,,0,,,,,,,,,,,,,,,,,,,
2020-04-13 08:00:00,1013.9,15.6,62,0.9,274.0,,,0.0,,,,,,,,,0,,,,,,,,,,,,,,,,,,,
2020-04-13 09:00:00,1014.1,18.5,48,2.3,319.0,,,0.0,,,,,,,,,0,,,,,,,,,,,,,,,,,,,
2020-04-13 10:00:00,1014.3,20.1,40,1.8,335.0,,,0.0,,,,,,,,,0,,,,,,,,,,,,,,,,,,,
2020-04-13 11:00:00,1014.2,20.5,39,2.4,344.0,,,0.0,,,,,,,,,0,,,,,,,,,,,,,,,,,,,
2020-04-13 12:00:00,1014.3,20.3,41,1.7,338.0,,,0.0,,,,,,,,,0,,,,,,,,,,,,,,,,,,,
2020-04-13 13:00:00,1013.8,21.1,41,1.2,329.0,,,0.0,,,,,,,,,0,,,,,,,,,,,,,,,,,,,
2020-04-13 14:00:00,1013.6,20.7,44,1.7,336.0,,,0.0,,,,,,,,,0,,,,,,,,,,,,,,,,,,,
2020-04-13 15:00:00,1013.5,20.5,45,1.1,319.0,,,0.0,,,,,,,,,0,,,,,,,,,,,,,,,,,,,
2020-04-13 16:00:00,1013.9,19.8,46,1.0,337.0,,,0.0,,,,,,,,,0,,,,,,,,,,,,,,,,,,,
2020-04-13 17:00:00,1014.6,18.2,48,0.6,315.0,,,0.0,,,,,,,,,0,,,,,,,,,,,,,,,,,,,
2020-04-13 18:00:00,1015.2,16.3,51,0.1,0.0,,,0.0,,,,,,,,,0,,,,,,,,,,,,,,,,,,,
2020-04-13 19:00:00,1016.0,12.9,75,0.0,0.0,,,0.0,,,,,,,,,0,,,,,,,,,,,,,,,,,,,
2020-04-13 20:00:00,1016.5,11.1,83,0.1,0.0,,,0.0,,,,,,,,,0,,,,,,,,,,,,,,,,,,,
2020-04-13 21:00:00,1016.9,10.1,88,0.0,0.0,,,0.0,,,,,,,,,0,,,,,,,,,,,,,,,,,,,
2020-04-13 22:00:00,1016.9,9.3,93,0.0,0.0,,,0.0,,,,,,,,,0,,,,,,,,,,,,,,,,,,,
2020-04-13 23:00:00,1017.0,8.9,96,0.0,0.0,,,0.0,,,,,,,,,0,,,,,,,,,,,,,,,,,,,
2020-04-14 00:00:00,1016.6,8.9,96,0.0,0.0,,,0.0,,,,,,,,,0,,,,,,,,,,,,,,,,,,,
2020-04-14 01:00:00,1015.4,8.9,97,0.0,0.0,,,0.0,,,,,,,,,0,,,,,,,,,,,,,,,,,,,
2020-04-14 02:00:00,1015.0,9.1,97,0.0,0.0,,,0.0,,,,,,,,,0,,,,,,,,,,,,,,,,,,,
2020-04-14 03:00:00,1014.3,9.2,97,0.0,0.0,,,0.0,,,,,,,,,0,,,,,,,,,,,,,,,,,,,
2020-04-14 04:00:00,1014.2,9.3,98,0.0,0.0,,,0.0,,,,,,,,,0,,,,,,,,,,,,,,,,,,,
2020-04-14 05:00:00,1014.4,9.4,97,0.0,0.0,,,0.0,,,,,,,,,0,,,,,,,,,,,,,,,,,,,
2020-04-14 06:00:00,1014.6,9.4,98,0.0,0.0,,,0.0,,,,,,,,,0,,,,,,,,,,,,,,,,,,,
2020-04-14 07:00:00,1014.8,10.3,97,0.0,0.0,,,0.0,,,,,,,,,0,,,,,,,,,,,,,,,,,,,
2020-04-14 08:00:00,1015.2,13.0,89,0.0,0.0,,,0.0,,,,,,,,,0,,,,,,,,,,,,,,,,,,,
2020-04-14 09:00:00,1015.1,18.2,67,0.1,0.0,,,0.0,,,,,,,,,0,,,,,,,,,,,,,,,,,,,
2020-04-14 10:00:00,1015.0,20.9,54,0.5,187.0,,,0.0,,,,,,,,,0,,,,,,,,,,,,,,,,,,,
2020-04-14 11:00:00,1013.9,21.7,50,0.2,0.0,,,0.0,,,,,,,,,0,,,,,,,,,,,,,,,,,,,
2020-04-14 12:00:00,1013.3,21.6,50,0.7,166.0,,,0.0,,,,,,,,,0,,,,,,,,,,,,,,,,,,,
2020-04-14 13:00:00,1012.6,21.9,50,0.3,152.0,,,0.0,,,,,,,,,0,,,,,,,,,,,,,,,,,,,
2020-04-14 14:00:00,1011.9,20.8,52,0.1,0.0,,,0.0,,,,,,,,,0,,,,,,,,,,,,,,,,,,,
2020-04-14 15:00:00,1011.2,21.4,52,0.5,176.0,,,0.0,,,,,,,,,0,,,,,,,,,,,,,,,,,,,
2020-04-14 16:00:00,1011.0,20.1,56,0.2,0.0,,,0.0,,,,,,,,,0,,,,,,,,,,,,,,,,,,,
2020-04-14 17:00:00,1010.8,19.9,57,0.3,174.0,,,0.0,,,,,,,,,0,,,,,,,,,,,,,,,,,,,
2020-04-14 18:00:00,1010.7,19.5,62,0.0,0.0,,,0.0,,,,,,,,,0,,,,,,,,,,,,,,,,,,,
2020-04-14 19:00:00,1011.5,17.8,77,0.0,0.0,,,0.0,,,,,,,,,0,,,,,,,,,,,,,,,,,,,
2020-04-14 20:00:00,1011.6,16.3,86,0.1,0.0,,,0.0,,,,,,,,,0,,,,,,,,,,,,,,,,,,,
2020-04-14 21:00:00,1012.1,15.8,89,0.0,0.0,,,0.0,,,,,,,,,0,,,,,,,,,,,,,,,,,,,
2020-04-14 22:00:00,1012.1,15.3,91,0.0,0.0,,,0.0,,,,,,,,,0,,,,,,,,,,,,,,,,,,,
2020-04-14 23:00:00,1011.9,15.4,92,0.0,0.0,,,0.0,,,,,,,,,0,,,,,,,,,,,,,,,,,,,
2020-04-15 00:00:00,1011.0,15.3,93,0.0,0.0,,,0.0,,,,,,,,,0,,,,,,,,,,,,,,,,,,,
2020-04-15 01:00:00,1010.9,15.0,94,0.0,0.0,,,0.0,,,,,,,,,0,,,,,,,,,,,,,,,,,,,
2020-04-15 02:00:00,1010.6,15.1,94,0.1,0.0,,,0.0,,,,,,,,,0,,,,,,,,,,,,,,,,,,,
2020-04-15 03:00:00,1010.0,15.2,94,0.0,0.0,,,0.0,,,,,,,,,0,,,,,,,,,,,,,,,,,,,
2020-04-15 04:00:00,1010.0,15.1,95,0.0,0.0,,,0.0,,,,,,,,,0,,,,,,,,,,,,,,,,,,,
2020-04-15 05:00:00,1010.1,15.1,96,0.0,0.0,,,0.0,,,,,,,,,0,,,,,,,,,,,,,,,,,,,
2020-04-15 06:00:00,1010.4,15.1,96,0.0,0.0,,,0.0,,,,,,,,,0,,,,,,,,,,,,,,,,,,,
2020-04-15 07:00:00,1011.1,15.2,97,0.0,0.0,,,0.5,,,,,,,,,0,,,,,,,,,,,,,,,,,,,
2020-04-15 08:00:00,1011.6,16.2,91,0.1,0.0,,,0.0,,,,,,,,,0,,,,,,,,,,,,,,,,,,,
2020-04-15 09:00:00,1011.8,19.6,76,0.0,0.0,,,0.0,,,,,,,,,0,,,,,,,,,,,,,,,,,,,
2020-04-15 10:00:00,1010.9,22.4,57,0.7,303.0,,,0.0,,,,,,,,,0,,,,,,,,,,,,,,,,,,,
2020-04-15 11:00:00,1010.5,23.2,58,0.8,291.0,,,0.0,,,,,,,,,0,,,,,,,,,,,,,,,,,,,
2020-04-15 12:00:00,1009.6,22.8,60,0.0,0.0,,,0.0,,,,,,,,,0,,,,,,,,,,,,,,,,,,,
2020-04-15 13:00:00,1009.4,20.9,71,0.0,0.0,,,0.0,,,,,,,,,0,,,,,,,,,,,,,,,,,,,
2020-04-15 14:00:00,1009.4,20.5,73,0.1,0.0,,,0.0,,,,,,,,,0,,,,,,,,,,,,,,,,,,,
2020-04-15 15:00:00,1009.0,22.2,66,0.8,173.0,,,0.0,,,,,,,,,0,,,,,,,,,,,,,,,,,,,
2020-04-15 16:00:00,1008.9,21.9,67,0.2,0.0,,,0.0,,,,,,,,,0,,,,,,,,,,,,,,,,,,,
2020-04-15 17:00:00,1009.2,21.0,73,0.0,0.0,,,0.0,,,,,,,,,0,,,,,,,,,,,,,,,,,,,
2020-04-15 18:00:00,1009.9,20.4,78,0.0,0.0,,,0.0,,,,,,,,,0,,,,,,,,,,,,,,,,,,,
2020-04-15 19:00:00,1010.4,19.0,86,0.0,0.0,,,0.0,,,,,,,,,0,,,,,,,,,,,,,,,,,,,
2020-04-15 20:00:00,1010.8,18.0,89,0.0,0.0,,,0.0,,,,,,,,,0,,,,,,,,,,,,,,,,,,,
2020-04-15 21:00:00,1011.4,16.8,92,0.0,0.0,,,0.0,,,,,,,,,0,,,,,,,,,,,,,,,,,,,
2020-04-15 22:00:00,1011.9,15.0,95,0.6,349.0,,,0.0,,,,,,,,,0,,,,,,,,,,,,,,,,,,,
2020-04-15 23:00:00,1011.7,14.0,96,0.0,0.0,,,0.0,,,,,,,,,0,,,,,,,,,,,,,,,,,,,
2020-04-16 00:00:00,1011.2,13.1,96,0.0,0.0,,,0.0,,,,,,,,,0,,,,,,,,,,,,,,,,,,,
2020-04-16 01:00:00,1010.8,12.3,97,0.0,0.0,,,0.0,,,,,,,,,0,,,,,,,,,,,,,,,,,,,
2020-04-16 02:00:00,1010.3,11.5,98,0.0,0.0,,,0.0,,,,,,,,,0,,,,,,,,,,,,,,,,,,,
2020-04-16 03:00:00,1010.2,11.0,98,0.0,0.0,,,0.0,,,,,,,,,0,,,,,,,,,,,,,,,,,,,
2020-04-16 04:00:00,1010.6,10.7,99,0.0,0.0,,,0.0,,,,,,,,,0,,,,,,,,,,,,,,,,,,,
2020-04-16 05:00:00,1010.9,10.6,98,0.0,0.0,,,0.0,,,,,,,,,0,,,,,,,,,,,,,,,,,,,
2020-04-16 06:00:00,1011.4,10.7,99,0.0,0.0,,,0.0,,,,,,,,,0,,,,,,,,,,,,,,,,,,,
2020-04-16 07:00:00,1011.4,12.2,99,0.0,0.0,,,0.0,,,,,,,,,0,,,,,,,,,,,,,,,,,,,
2020-04-16 08:00:00,1011.7,15.9,95,0.0,0.0,,,0.0,,,,,,,,,0,,,,,,,,,,,,,,,,,,,
2020-04-16 09:00:00,1011.6,22.9,68,0.5,124.0,,,0.0,,,,,,,,,0,,,,,,,,,,,,,,,,,,,
2020-04-16 10:00:00,1011.6,24.5,55,0.4,169.0,,,0.0,,,,,,,,,0,,,,,,,,,,,,,,,,,,,
2020-04-16 11:00:00,1011.5,25.4,53,0.7,178.0,,,0.0,,,,,,,,,0,,,,,,,,,,,,,,,,,,,
2020-04-16 12:00:00,1011.0,25.6,57,1.4,169.0,,,0.0,,,,,,,,,0,,,,,,,,,,,,,,,,,,,
2020-04-16 13:00:00,1010.2,25.5,61,1.5,158.0,,,0.0,,,,,,,,,0,,,,,,,,,,,,,,,,,,,
2020-04-16 14:00:00,1009.7,25.6,58,0.4,144.0,,,0.0,,,,,,,,,0,,,,,,,,,,,,,,,,,,,
2020-04-16 15:00:00,1009.4,25.0,60,0.9,147.0,,,0.0,,,,,,,,,0,,,,,,,,,,,,,,,,,,,
2020-04-16 16:00:00,1009.5,24.7,62,0.7,158.0,,,0.0,,,,,,,,,0,,,,,,,,,,,,,,,,,,,
2020-04-16 17:00:00,1010.1,23.8,64,0.6,132.0,,,0.0,,,,,,,,,0,,,,,,,,,,,,,,,,,,,
2020-04-16 18:00:00,1010.5,23.2,67,1.0,152.0,,,0.0,,,,,,,,,0,,,,,,,,,,,,,,,,,,,
2020-04-16 19:00:00,1010.4,22.8,70,0.7,156.0,,,0.0,,,,,,,,,0,,,,,,,,,,,,,,,,,,,
2020-04-16 20:00:00,1010.9,22.8,74,0.9,149.0,,,0.0,,,,,,,,,0,,,,,,,,,,,,,,,,,,,
2020-04-16 21:00:00,1011.2,22.8,73,0.7,154.0,,,0.0,,,,,,,,,0,,,,,,,,,,,,,,,,,,,
2020-04-16 22:00:00,1011.5,22.6,73,0.5,146.0,,,0.0,,,,,,,,,0,,,,,,,,,,,,,,,,,,,
2020-04-16 23:00:00,1011.4,20.3,84,0.2,0.0,,,0.0,,,,,,,,,0,,,,,,,,,,,,,,,,,,,
2020-04-17 00:00:00,1010.9,18.9,89,0.1,0.0,,,0.0,,,,,,,,,0,,,,,,,,,,,,,,,,,,,
2020-04-17 01:00:00,1010.6,17.6,93,0.0,0.0,,,0.0,,,,,,,,,0,,,,,,,,,,,,,,,,,,,
2020-04-17 02:00:00,1010.1,16.9,95,0.4,343.0,,,0.0,,,,,,,,,0,,,,,,,,,,,,,,,,,,,
2020-04-17 03:00:00,1009.7,15.9,96,0.0,0.0,,,0.0,,,,,,,,,0,,,,,,,,,,,,,,,,,,,
2020-04-17 04:00:00,1010.1,15.5,97,0.0,0.0,,,0.0,,,,,,,,,0,,,,,,,,,,,,,,,,,,,
2020-04-17 05:00:00,1010.8,14.8,98,0.0,0.0,,,0.0,,,,,,,,,0,,,,,,,,,,,,,,,,,,,
2020-04-17 06:00:00,1011.2,14.6,97,0.0,0.0,,,0.0,,,,,,,,,0,,,,,,,,,,,,,,,,,,,
2020-04-17 07:00:00,1011.7,15.7,97,0.0,0.0,,,0.0,,,,,,,,,0,,,,,,,,,,,,,,,,,,,
2020-04-17 08:00:00,1011.6,19.5,82,0.0,0.0,,,0.0,,,,,,,,,0,,,,,,,,,,,,,,,,,,,
2020-04-17 09:00:00,1011.6,24.2,62,0.0,0.0,,,0.0,,,,,,,,,0,,,,,,,,,,,,,,,,,,,
2020-04-17 10:00:00,1011.5,27.2,53,0.1,0.0,,,0.0,,,,,,,,,0,,,,,,,,,,,,,,,,,,,
2020-04-17 11:00:00,1011.3,28.9,51,0.0,0.0,,,0.0,,,,,,,,,0,,,,,,,,,,,,,,,,,,,
2020-04-17 12:00:00,1011.0,29.2,51,0.3,189.0,,,0.0,,,,,,,,,0,,,,,,,,,,,,,,,,,,,
2020-04-17 13:00:00,1010.7,29.3,52,0.3,187.0,,,0.0,,,,,,,,,0,,,,,,,,,,,,,,,,,,,
2020-04-17 14:00:00,1009.9,28.9,52,0.1,0.0,,,0.0,,,,,,,,,0,,,,,,,,,,,,,,,,,,,
2020-04-17 15:00:00,1009.5,28.2,57,0.2,0.0,,,0.0,,,,,,,,,0,,,,,,,,,,,,,,,,,,,
2020-04-17 16:00:00,1009.1,27.1,60,0.0,0.0,,,0.0,,,,,,,,,0,,,,,,,,,,,,,,,,,,,
2020-04-17 17:00:00,1009.1,26.3,62,0.0,0.0,,,0.0,,,,,,,,,0,,,,,,,,,,,,,,,,,,,
2020-04-17 18:00:00,1009.2,24.9,70,0.3,177.0,,,0.0,,,,,,,,,0,,,,,,,,,,,,,,,,,,,
2020-04-17 19:00:00,1009.5,22.3,82,0.0,0.0,,,0.0,,,,,,,,,0,,,,,,,,,,,,,,,,,,,
2020-04-17 20:00:00,1009.6,20.5,89,0.0,0.0,,,0.0,,,,,,,,,0,,,,,,,,,,,,,,,,,,,
2020-04-17 21:00:00,1009.9,19.4,93,0.0,0.0,,,0.0,,,,,,,,,0,,,,,,,,,,,,,,,,,,,
2020-04-17 22:00:00,1009.9,18.9,94,0.0,0.0,,,0.0,,,,,,,,,0,,,,,,,,,,,,,,,,,,,
2020-04-17 23:00:00,1009.7,18.7,94,0.6,314.0,,,0.0,,,,,,,,,0,,,,,,,,,,,,,,,,,,,
2020-04-18 00:00:00,1009.8,18.2,95,0.7,327.0,,,0.0,,,,,,,,,0,,,,,,,,,,,,,,,,,,,
2020-04-18 01:00:00,1009.7,18.4,95,0.0,0.0,,,0.0,,,,,,,,,0,,,,,,,,,,,,,,,,,,,
2020-04-18 02:00:00,1009.6,18.2,96,0.0,0.0,,,0.0,,,,,,,,,0,,,,,,,,,,,,,,,,,,,
2020-04-18 03:00:00,1009.4,17.7,96,0.0,0.0,,,0.0,,,,,,,,,0,,,,,,,,,,,,,,,,,,,
2020-04-18 04:00:00,1009.5,17.5,97,0.3,336.0,,,0.0,,,,,,,,,0,,,,,,,,,,,,,,,,,,,
2020-04-18 05:00:00,1009.9,17.5,97,0.0,0.0,,,0.0,,,,,,,,,0,,,,,,,,,,,,,,,,,,,
2020-04-18 06:00:00,1011.0,17.2,97,0.0,0.0,,,0.0,,,,,,,,,0,,,,,,,,,,,,,,,,,,,
2020-04-18 07:00:00,1011.5,17.9,97,0.0,0.0,,,0.0,,,,,,,,,0,,,,,,,,,,,,,,,,,,,
2020-04-18 08:00:00,1011.5,21.3,88,0.0,0.0,,,0.0,,,,,,,,,0,,,,,,,,,,,,,,,,,,,
2020-04-18 09:00:00,1011.5,26.3,69,0.1,0.0,,,0.0,,,,,,,,,0,,,,,,,,,,,,,,,,,,,
2020-04-18 10:00:00,1011.1,28.4,59,0.5,330.0,,,0.0,,,,,,,,,0,,,,,,,,,,,,,,,,,,,
2020-04-18 11:00:00,1011.2,26.3,70,0.6,170.0,,,0.0,,,,,,,,,0,,,,,,,,,,,,,,,,,,,
2020-04-18 12:00:00,1011.1,27.6,67,0.3,193.0,,,0.0,,,,,,,,,0,,,,,,,,,,,,,,,,,,,
2020-04-18 13:00:00,1010.6,26.8,69,0.0,0.0,,,0.0,,,,,,,,,0,,,,,,,,,,,,,,,,,,,
2020-04-18 14:00:00,1009.8,28.1,64,0.0,0.0,,,0.0,,,,,,,,,0,,,,,,,,,,,,,,,,,,,
2020-04-18 15:00:00,1009.5,27.5,67,0.0,0.0,,,0.0,,,,,,,,,0,,,,,,,,,,,,,,,,,,,
2020-04-18 16:00:00,1008.8,26.7,70,0.1,0.0,,,0.0,,,,,,,,,0,,,,,,,,,,,,,,,,,,,
2020-04-18 17:00:00,1008.8,25.7,75,0.0,0.0,,,0.0,,,,,,,,,0,,,,,,,,,,,,,,,,,,,
2020-04-18 18:00:00,1009.2,24.9,78,0.0,0.0,,,0.0,,,,,,,,,0,,,,,,,,,,,,,,,,,,,
2020-04-18 19:00:00,1009.5,23.7,85,0.0,0.0,,,0.0,,,,,,,,,0,,,,,,,,,,,,,,,,,,,
2020-04-18 20:00:00,1009.8,22.8,88,0.0,0.0,,,0.0,,,,,,,,,0,,,,,,,,,,,,,,,,,,,
2020-04-18 21:00:00,1010.2,22.3,91,0.0,0.0,,,0.0,,,,,,,,,0,,,,,,,,,,,,,,,,,,,
2020-04-18 22:00:00,1010.0,21.6,92,0.0,0.0,,,0.0,,,,,,,,,0,,,,,,,,,,,,,,,,,,,
2020-04-18 23:00:00,1009.7,21.1,94,0.0,0.0,,,0.0,,,,,,,,,0,,,,,,,,,,,,,,,,,,,
2020-04-19 00:00:00,1008.9,20.8,94,0.0,0.0,,,0.0,,,,,,,,,0,,,,,,,,,,,,,,,,,,,
2020-04-19 01:00:00,1008.0,20.8,94,0.0,0.0,,,0.0,,,,,,,,,0,,,,,,,,,,,,,,,,,,,
2020-04-19 02:00:00,1007.5,20.7,95,0.0,0.0,,,0.0,,,,,,,,,0,,,,,,,,,,,,,,,,,,,
2020-04-19 03:00:00,1006.9,20.5,95,0.1,0.0,,,0.0,,,,,,,,,0,,,,,,,,,,,,,,,,,,,
2020-04-19 04:00:00,1007.1,20.7,95,0.0,0.0,,,0.0,,,,,,,,,0,,,,,,,,,,,,,,,,,,,
2020-04-19 05:00:00,1007.1,20.7,95,0.0,0.0,,,0.0,,,,,,,,,0,,,,,,,,,,,,,,,,,,,
2020-04-19 06:00:00,1007.5,20.6,96,0.0,0.0,,,0.0,,,,,,,,,0,,,,,,,,,,,,,,,,,,,
2020-04-19 07:00:00,1007.4,21.1,95,0.0,0.0,,,0.0,,,,,,,,,0,,,,,,,,,,,,,,,,,,,
2020-04-19 08:00:00,1007.2,22.0,92,0.0,0.0,,,0.0,,,,,,,,,0,,,,,,,,,,,,,,,,,,,
2020-04-19 09:00:00,1007.5,24.5,84,0.0,0.0,,,0.0,,,,,,,,,0,,,,,,,,,,,,,,,,,,,
2020-04-19 10:00:00,1007.4,25.5,82,0.0,0.0,,,0.0,,,,,,,,,0,,,,,,,,,,,,,,,,,,,
2020-04-19 11:00:00,1007.3,26.9,77,0.3,336.0,,,0.0,,,,,,,,,0,,,,,,,,,,,,,,,,,,,
2020-04-19 12:00:00,1006.8,28.7,69,0.1,0.0,,,0.0,,,,,,,,,0,,,,,,,,,,,,,,,,,,,
2020-04-19 13:00:00,1006.2,28.7,66,1.9,336.0,,,0.0,,,,,,,,,0,,,,,,,,,,,,,,,,,,,
2020-04-19 14:00:00,1005.1,29.4,64,0.0,0.0,,,0.0,,,,,,,,,0,,,,,,,,,,,,,,,,,,,
2020-04-19 15:00:00,1004.5,30.3,62,1.1,345.0,,,0.0,,,,,,,,,0,,,,,,,,,,,,,,,,,,,
2020-04-19 16:00:00,1004.2,27.6,72,0.0,0.0,,,0.0,,,,,,,,,0,,,,,,,,,,,,,,,,,,,
2020-04-19 17:00:00,1004.4,25.5,79,0.1,0.0,,,0.0,,,,,,,,,0,,,,,,,,,,,,,,,,,,,
2020-04-19 18:00:00,1005.1,24.9,83,0.0,0.0,,,0.0,,,,,,,,,0,,,,,,,,,,,,,,,,,,,
2020-04-19 19:00:00,1005.7,23.9,88,0.0,0.0,,,0.0,,,,,,,,,0,,,,,,,,,,,,,,,,,,,
2020-04-19 20:00:00,1006.5,22.9,91,0.0,0.0,,,0.0,,,,,,,,,0,,,,,,,,,,,,,,,,,,,
2020-04-19 21:00:00,1007.4,22.1,94,0.0,0.0,,,0.0,,,,,,,,,0,,,,,,,,,,,,,,,,,,,
2020-04-19 22:00:00,1007.9,21.5,94,0.0,0.0,,,0.0,,,,,,,,,0,,,,,,,,,,,,,,,,,,,
2020-04-19 23:00:00,1008.1,21.0,94,0.0,0.0,,,0.0,,,,,,,,,0,,,,,,,,,,,,,,,,,,,
2020-04-20 00:00:00,1007.8,20.9,95,0.0,0.0,,,0.0,,,,,,,,,0,,,,,,,,,,,,,,,,,,,
2020-04-20 01:00:00,1007.5,20.5,96,0.0,0.0,,,0.0,,,,,,,,,0,,,,,,,,,,,,,,,,,,,
2020-04-20 02:00:00,1007.1,20.1,96,0.0,0.0,,,0.0,,,,,,,,,0,,,,,,,,,,,,,,,,,,,
2020-04-20 03:00:00,1007.2,20.5,96,0.0,0.0,,,0.0,,,,,,,,,0,,,,,,,,,,,,,,,,,,,
2020-04-20 04:00:00,1007.6,20.7,96,0.0,0.0,,,0.0,,,,,,,,,0,,,,,,,,,,,,,,,,,,,
2020-04-20 05:00:00,1008.0,21.2,96,0.0,0.0,,,0.0,,,,,,,,,0,,,,,,,,,,,,,,,,,,,
2020-04-20 06:00:00,1009.1,21.6,95,0.0,0.0,,,0.0,,,,,,,,,0,,,,,,,,,,,,,,,,,,,
2020-04-20 07:00:00,1010.4,21.6,92,0.0,0.0,,,0.0,,,,,,,,,0,,,,,,,,,,,,,,,,,,,
2020-04-20 08:00:00,1011.2,21.9,91,0.0,0.0,,,0.0,,,,,,,,,0,,,,,,,,,,,,,,,,,,,
2020-04-20 09:00:00,1011.5,21.9,90,0.0,0.0,,,0.0,,,,,,,,,0,,,,,,,,,,,,,,,,,,,
2020-04-20 10:00:00,1011.6,21.7,91,0.1,0.0,,,0.0,,,,,,,,,0,,,,,,,,,,,,,,,,,,,
2020-04-20 11:00:00,1011.4,21.7,92,0.0,0.0,,,0.0,,,,,,,,,0,,,,,,,,,,,,,,,,,,,
2020-04-20 12:00:00,1011.0,21.3,94,0.0,0.0,,,0.0,,,,,,,,,0,,,,,,,,,,,,,,,,,,,
2020-04-20 13:00:00,1010.2,21.2,94,0.0,0.0,,,0.0,,,,,,,,,0,,,,,,,,,,,,,,,,,,,
2020-04-20 14:00:00,1009.7,21.3,95,0.0,0.0,,,0.0,,,,,,,,,0,,,,,,,,,,,,,,,,,,,
2020-04-20 15:00:00,1009.3,21.0,95,0.0,0.0,,,0.0,,,,,,,,,0,,,,,,,,,,,,,,,,,,,
2020-04-20 16:00:00,1008.6,21.0,96,0.0,0.0,,,0.0,,,,,,,,,0,,,,,,,,,,,,,,,,,,,
2020-04-20 17:00:00,1008.5,21.0,95,0.0,0.0,,,0.0,,,,,,,,,0,,,,,,,,,,,,,,,,,,,
2020-04-20 18:00:00,1008.6,21.4,94,0.0,0.0,,,0.0,,,,,,,,,0,,,,,,,,,,,,,,,,,,,
2020-04-20 19:00:00,1008.8,21.0,95,0.0,0.0,,,0.0,,,,,,,,,0,,,,,,,,,,,,,,,,,,,
2020-04-20 20:00:00,1009.4,21.1,95,0.0,0.0,,,0.0,,,,,,,,,0,,,,,,,,,,,,,,,,,,,
2020-04-20 21:00:00,1009.8,21.0,96,0.0,0.0,,,0.0,,,,,,,,,0,,,,,,,,,,,,,,,,,,,
2020-04-20 22:00:00,1009.8,21.0,96,0.0,0.0,,,0.0,,,,,,,,,0,,,,,,,,,,,,,,,,,,,
2020-04-20 23:00:00,1009.8,20.8,97,0.0,0.0,,,0.0,,,,,,,,,0,,,,,,,,,,,,,,,,,,,
2020-04-21 00:00:00,1008.8,20.7,97,0.0,0.0,,,0.0,,,,,,,,,0,,,,,,,,,,,,,,,,,,,
2020-04-21 01:00:00,1008.4,20.3,97,0.0,0.0,,,0.0,,,,,,,,,0,,,,,,,,,,,,,,,,,,,
2020-04-21 02:00:00,1007.8,20.1,97,0.0,0.0,,,0.0,,,,,,,,,0,,,,,,,,,,,,,,,,,,,
2020-04-21 03:00:00,1007.5,19.8,98,0.0,0.0,,,0.0,,,,,,,,,0,,,,,,,,,,,,,,,,,,,
2020-04-21 04:00:00,1007.7,19.8,98,0.0,0.0,,,0.0,,,,,,,,,0,,,,,,,,,,,,,,,,,,,
2020-04-21 05:00:00,1007.9,19.9,98,0.0,0.0,,,0.0,,,,,,,,,0,,,,,,,,,,,,,,,,,,,
2020-04-21 06:00:00,1007.7,20.0,98,0.0,0.0,,,0.0,,,,,,,,,0,,,,,,,,,,,,,,,,,,,
2020-04-21 07:00:00,1008.1,20.7,98,0.0,0.0,,,0.0,,,,,,,,,0,,,,,,,,,,,,,,,,,,,
2020-04-21 08:00:00,1008.5,22.9,95,0.6,317.0,,,0.0,,,,,,,,,0,,,,,,,,,,,,,,,,,,,
2020-04-21 09:00:00,1009.2,24.2,86,0.5,325.0,,,0.0,,,,,,,,,0,,,,,,,,,,,,,,,,,,,
2020-04-21 10:00:00,1009.5,24.0,85,1.8,332.0,,,0.0,,,,,,,,,0,,,,,,,,,,,,,,,,,,,
2020-04-21 11:00:00,1008.9,23.9,85,0.9,350.0,,,0.0,,,,,,,,,0,,,,,,,,,,,,,,,,,,,
2020-04-21 12:00:00,1008.5,23.6,84,0.4,336.0,,,0.0,,,,,,,,,0,,,,,,,,,,,,,,,,,,,
2020-04-21 13:00:00,1008.0,23.6,83,0.8,341.0,,,0.0,,,,,,,,,0,,,,,,,,,,,,,,,,,,,
2020-04-21 14:00:00,1007.9,22.8,86,0.5,328.0,,,0.0,,,,,,,,,0,,,,,,,,,,,,,,,,,,,
2020-04-21 15:00:00,1007.7,22.3,88,0.1,0.0,,,0.0,,,,,,,,,0,,,,,,,,,,,,,,,,,,,
2020-04-21 16:00:00,1008.4,21.4,89,0.0,0.0,,,0.0,,,,,,,,,0,,,,,,,,,,,,,,,,,,,
2020-04-21 17:00:00,1008.7,20.3,93,0.2,0.0,,,0.0,,,,,,,,,0,,,,,,,,,,,,,,,,,,,
2020-04-21 18:00:00,1009.1,20.0,94,0.0,0.0,,,0.0,,,,,,,,,0,,,,,,,,,,,,,,,,,,,
2020-04-21 19:00:00,1009.6,19.6,96,0.0,0.0,,,0.0,,,,,,,,,0,,,,,,,,,,,,,,,,,,,
2020-04-21 20:00:00,1010.6,19.5,97,0.0,0.0,,,0.5,,,,,,,,,0,,,,,,,,,,,,,,,,,,,
2020-04-21 21:00:00,1011.2,19.6,97,0.0,0.0,,,0.5,,,,,,,,,0,,,,,,,,,,,,,,,,,,,
2020-04-21 22:00:00,1011.5,19.4,97,0.0,0.0,,,0.5,,,,,,,,,0,,,,,,,,,,,,,,,,,,,
2020-04-21 23:00:00,1011.4,19.4,98,0.0,0.0,,,0.5,,,,,,,,,0,,,,,,,,,,,,,,,,,,,
2020-04-22 00:00:00,1011.0,19.4,98,0.0,0.0,,,0.5,,,,,,,,,0,,,,,,,,,,,,,,,,,,,
2020-04-22 01:00:00,1010.9,18.9,98,0.0,0.0,,,0.5,,,,,,,,,0,,,,,,,,,,,,,,,,,,,
2020-04-22 02:00:00,1010.8,18.4,98,0.0,0.0,,,0.0,,,,,,,,,0,,,,,,,,,,,,,,,,,,,
2020-04-22 03:00:00,1011.0,18.2,98,0.0,0.0,,,0.5,,,,,,,,,0,,,,,,,,,,,,,,,,,,,
2020-04-22 04:00:00,1011.7,18.0,98,0.0,0.0,,,0.0,,,,,,,,,0,,,,,,,,,,,,,,,,,,,
2020-04-22 05:00:00,1012.0,17.9,98,0.0,0.0,,,3.0,,,,,,,,,0,,,,,,,,,,,,,,,,,,,
2020-04-22 06:00:00,1012.5,17.8,98,0.0,0.0,,,0.5,,,,,,,,,0,,,,,,,,,,,,,,,,,,,
2020-04-22 07:00:00,1013.3,18.0,98,0.0,0.0,,,0.0,,,,,,,,,0,,,,,,,,,,,,,,,,,,,
2020-04-22 08:00:00,1013.8,18.1,98,0.0,0.0,,,0.0,,,,,,,,,0,,,,,,,,,,,,,,,,,,,
2020-04-22 09:00:00,1014.3,18.1,98,0.0,0.0,,,0.5,,,,,,,,,0,,,,,,,,,,,,,,,,,,,
2020-04-22 10:00:00,1014.5,18.1,98,0.1,0.0,,,1.5,,,,,,,,,0,,,,,,,,,,,,,,,,,,,
2020-04-22 11:00:00,1014.3,17.6,99,0.1,0.0,,,2.0,,,,,,,,,0,,,,,,,,,,,,,,,,,,,
2020-04-22 12:00:00,1014.2,17.1,99,0.1,0.0,,,1.0,,,,,,,,,0,,,,,,,,,,,,,,,,,,,
2020-04-22 13:00:00,1013.2,17.1,99,0.7,186.0,,,1.0,,,,,,,,,0,,,,,,,,,,,,,,,,,,,
2020-04-22 14:00:00,1012.5,16.9,99,0.1,0.0,,,0.5,,,,,,,,,0,,,,,,,,,,,,,,,,,,,
2020-04-22 15:00:00,1012.5,17.1,99,0.1,0.0,,,1.0,,,,,,,,,0,,,,,,,,,,,,,,,,,,,
2020-04-22 16:00:00,1012.9,16.7,99,0.2,0.0,,,1.5,,,,,,,,,0,,,,,,,,,,,,,,,,,,,
2020-04-22 17:00:00,1013.1,16.7,99,0.6,183.0,,,1.0,,,,,,,,,0,,,,,,,,,,,,,,,,,,,
2020-04-22 18:00:00,1013.5,16.6,99,0.0,0.0,,,1.0,,,,,,,,,0,,,,,,,,,,,,,,,,,,,
2020-04-22 19:00:00,1014.2,16.4,99,0.0,0.0,,,1.0,,,,,,,,,0,,,,,,,,,,,,,,,,,,,
2020-04-22 20:00:00,1014.2,16.7,99,0.0,0.0,,,1.0,,,,,,,,,0,,,,,,,,,,,,,,,,,,,
2020-04-22 21:00:00,1014.7,16.9,99,0.0,0.0,,,1.5,,,,,,,,,0,,,,,,,,,,,,,,,,,,,
2020-04-22 22:00:00,1014.8,17.1,100,0.1,0.0,,,1.5,,,,,,,,,0,,,,,,,,,,,,,,,,,,,
2020-04-22 23:00:00,1014.2,17.3,100,0.0,0.0,,,3.0,,,,,,,,,0,,,,,,,,,,,,,,,,,,,
2020-04-23 00:00:00,1014.2,17.5,99,0.0,0.0,,,3.0,,,,,,,,,0,,,,,,,,,,,,,,,,,,,
2020-04-23 01:00:00,1013.6,17.5,99,0.0,0.0,,,1.5,,,,,,,,,0,,,,,,,,,,,,,,,,,,,
2020-04-23 02:00:00,1013.3,17.3,100,0.0,0.0,,,4.5,,,,,,,,,0,,,,,,,,,,,,,,,,,,,
2020-04-23 03:00:00,1012.6,17.5,100,0.0,0.0,,,1.5,,,,,,,,,0,,,,,,,,,,,,,,,,,,,
2020-04-23 04:00:00,1013.4,17.6,99,0.0,0.0,,,6.5,,,,,,,,,0,,,,,,,,,,,,,,,,,,,
2020-04-23 05:00:00,1013.3,17.2,100,0.2,0.0,,,1.5,,,,,,,,,0,,,,,,,,,,,,,,,,,,,
2020-04-23 06:00:00,1014.4,17.2,100,0.0,0.0,,,4.0,,,,,,,,,0,,,,,,,,,,,,,,,,,,,
2020-04-23 07:00:00,1015.6,16.9,100,0.2,0.0,,,3.5,,,,,,,,,0,,,,,,,,,,,,,,,,,,,
2020-04-23 08:00:00,1015.9,16.9,100,0.4,190.0,,,3.0,,,,,,,,,0,,,,,,,,,,,,,,,,,,,
2020-04-23 09:00:00,1015.0,16.7,100,0.3,167.0,,,1.5,,,,,,,,,0,,,,,,,,,,,,,,,,,,,
2020-04-23 10:00:00,1015.6,16.5,99,0.2,0.0,,,0.5,,,,,,,,,0,,,,,,,,,,,,,,,,,,,
2020-04-23 11:00:00,1016.0,16.2,99,0.0,0.0,,,1.5,,,,,,,,,0,,,,,,,,,,,,,,,,,,,
2020-04-23 12:00:00,1015.4,16.0,99,0.0,0.0,,,0.0,,,,,,,,,0,,,,,,,,,,,,,,,,,,,
2020-04-23 13:00:00,1014.8,16.4,98,0.1,0.0,,,0.5,,,,,,,,,0,,,,,,,,,,,,,,,,,,,
2020-04-23 14:00:00,1014.6,16.4,98,0.2,0.0,,,0.0,,,,,,,,,0,,,,,,,,,,,,,,,,,,,
2020-04-23 15:00:00,1014.2,16.1,99,0.4,265.0,,,0.0,,,,,,,,,0,,,,,,,,,,,,,,,,,,,
2020-04-23 16:00:00,1014.4,16.1,99,0.3,320.0,,,0.0,,,,,,,,,0,,,,,,,,,,,,,,,,,,,
2020-04-23 17:00:00,1015.0,16.0,98,0.0,0.0,,,1.5,,,,,,,,,0,,,,,,,,,,,,,,,,,,,
2020-04-23 18:00:00,1015.5,15.1,99,0.0,0.0,,,0.5,,,,,,,,,0,,,,,,,,,,,,,,,,,,,
2020-04-23 19:00:00,1015.8,15.1,99,0.0,0.0,,,1.5,,,,,,,,,0,,,,,,,,,,,,,,,,,,,
2020-04-23 20:00:00,1016.0,15.1,99,0.0,0.0,,,3.0,,,,,,,,,0,,,,,,,,,,,,,,,,,,,
2020-04-23 21:00:00,1016.3,15.1,100,0.1,0.0,,,2.0,,,,,,,,,0,,,,,,,,,,,,,,,,,,,
2020-04-23 22:00:00,1016.3,15.3,100,0.1,0.0,,,3.5,,,,,,,,,0,,,,,,,,,,,,,,,,,,,
2020-04-23 23:00:00,1016.1,15.5,100,0.0,0.0,,,3.0,,,,,,,,,0,,,,,,,,,,,,,,,,,,,
2020-04-24 00:00:00,1015.2,15.5,100,0.0,0.0,,,4.5,,,,,,,,,0,,,,,,,,,,,,,,,,,,,
2020-04-24 01:00:00,1014.8,15.7,100,0.4,183.0,,,7.0,,,,,,,,,0,,,,,,,,,,,,,,,,,,,
2020-04-24 02:00:00,1014.7,15.3,100,0.0,0.0,,,3.5,,,,,,,,,0,,,,,,,,,,,,,,,,,,,
2020-04-24 03:00:00,1014.4,15.2,100,0.0,0.0,,,3.0,,,,,,,,,0,,,,,,,,,,,,,,,,,,,
2020-04-24 04:00:00,1014.3,15.4,100,0.0,0.0,,,2.5,,,,,,,,,0,,,,,,,,,,,,,,,,,,,
2020-04-24 05:00:00,1014.9,15.3,100,0.0,0.0,,,2.5,,,,,,,,,0,,,,,,,,,,,,,,,,,,,
2020-04-24 06:00:00,1015.7,15.5,100,0.0,0.0,,,2.0,,,,,,,,,0,,,,,,,,,,,,,,,,,,,
2020-04-24 07:00:00,1016.2,14.8,100,0.0,0.0,,,1.5,,,,,,,,,0,,,,,,,,,,,,,,,,,,,
2020-04-24 08:00:00,1016.3,15.0,100,0.0,0.0,,,1.0,,,,,,,,,0,,,,,,,,,,,,,,,,,,,
2020-04-24 09:00:00,1016.7,15.2,100,0.1,0.0,,,3.5,,,,,,,,,0,,,,,,,,,,,,,,,,,,,
2020-04-24 10:00:00,1017.0,15.0,100,0.1,0.0,,,2.0,,,,,,,,,0,,,,,,,,,,,,,,,,,,,
2020-04-24 11:00:00,1017.1,15.1,100,0.0,0.0,,,1.0,,,,,,,,,0,,,,,,,,,,,,,,,,,,,
2020-04-24 12:00:00,1016.8,15.0,99,0.0,0.0,,,1.5,,,,,,,,,0,,,,,,,,,,,,,,,,,,,
2020-04-24 13:00:00,1016.3,15.1,100,0.0,0.0,,,0.5,,,,,,,,,0,,,,,,,,,,,,,,,,,,,
2020-04-24 14:00:00,1015.3,15.3,99,0.0,0.0,,,0.5,,,,,,,,,0,,,,,,,,,,,,,,,,,,,
2020-04-24 15:00:00,1015.4,15.0,99,0.1,0.0,,,0.5,,,,,,,,,0,,,,,,,,,,,,,,,,,,,
2020-04-24 16:00:00,1015.0,15.0,99,0.0,0.0,,,0.0,,,,,,,,,0,,,,,,,,,,,,,,,,,,,
2020-04-24 17:00:00,1015.2,15.1,99,0.0,0.0,,,0.0,,,,,,,,,0,,,,,,,,,,,,,,,,,,,
2020-04-24 18:00:00,1015.6,15.0,99,0.0,0.0,,,0.0,,,,,,,,,0,,,,,,,,,,,,,,,,,,,
2020-04-24 19:00:00,1015.4,15.1,99,0.0,0.0,,,0.0,,,,,,,,,0,,,,,,,,,,,,,,,,,,,
2020-04-24 20:00:00,1015.5,15.0,99,0.0,0.0,,,0.5,,,,,,,,,0,,,,,,,,,,,,,,,,,,,
2020-04-24 21:00:00,1015.7,15.0,99,0.0,0.0,,,0.0,,,,,,,,,0,,,,,,,,,,,,,,,,,,,
2020-04-24 22:00:00,1015.9,14.8,99,0.0,0.0,,,0.0,,,,,,,,,0,,,,,,,,,,,,,,,,,,,
2020-04-24 23:00:00,1015.9,14.8,99,0.0,0.0,,,0.0,,,,,,,,,0,,,,,,,,,,,,,,,,,,,
2020-04-25 00:00:00,1015.3,14.8,100,0.0,0.0,,,0.0,,,,,,,,,0,,,,,,,,,,,,,,,,,,,
2020-04-25 01:00:00,1014.4,14.8,99,0.0,0.0,,,0.0,,,,,,,,,0,,,,,,,,,,,,,,,,,,,
2020-04-25 02:00:00,1013.6,15.0,100,0.0,0.0,,,0.0,,,,,,,,,0,,,,,,,,,,,,,,,,,,,
2020-04-25 03:00:00,1012.8,15.1,100,0.0,0.0,,,0.0,,,,,,,,,0,,,,,,,,,,,,,,,,,,,
2020-04-25 04:00:00,1012.6,15.1,100,0.0,0.0,,,0.0,,,,,,,,,0,,,,,,,,,,,,,,,,,,,
2020-04-25 05:00:00,1012.5,15.2,100,0.0,0.0,,,0.0,,,,,,,,,0,,,,,,,,,,,,,,,,,,,
2020-04-25 06:00:00,1012.8,15.3,100,0.0,0.0,,,0.0,,,,,,,,,0,,,,,,,,,,,,,,,,,,,
2020-04-25 07:00:00,1013.3,15.7,100,0.0,0.0,,,0.0,,,,,,,,,0,,,,,,,,,,,,,,,,,,,
2020-04-25 08:00:00,1013.6,16.0,100,0.0,0.0,,,0.0,,,,,,,,,0,,,,,,,,,,,,,,,,,,,
2020-04-25 09:00:00,1013.9,16.9,99,0.0,0.0,,,0.0,,,,,,,,,0,,,,,,,,,,,,,,,,,,,
2020-04-25 10:00:00,1013.7,18.8,98,0.0,0.0,,,0.0,,,,,,,,,0,,,,,,,,,,,,,,,,,,,
2020-04-25 11:00:00,1013.5,19.9,87,0.0,0.0,,,0.0,,,,,,,,,0,,,,,,,,,,,,,,,,,,,
2020-04-25 12:00:00,1012.7,20.0,87,0.0,0.0,,,0.0,,,,,,,,,0,,,,,,,,,,,,,,,,,,,
2020-04-25 13:00:00,1012.1,20.3,88,0.0,0.0,,,0.0,,,,,,,,,0,,,,,,,,,,,,,,,,,,,
2020-04-25 14:00:00,1011.5,20.6,90,0.0,0.0,,,0.5,,,,,,,,,0,,,,,,,,,,,,,,,,,,,
2020-04-25 15:00:00,1011.2,21.0,88,0.0,0.0,,,0.0,,,,,,,,,0,,,,,,,,,,,,,,,,,,,
2020-04-25 16:00:00,1011.1,20.4,92,0.0,0.0,,,0.0,,,,,,,,,0,,,,,,,,,,,,,,,,,,,
2020-04-25 17:00:00,1011.1,20.2,93,0.0,0.0,,,0.0,,,,,,,,,0,,,,,,,,,,,,,,,,,,,
2020-04-25 18:00:00,1011.6,19.6,95,0.0,0.0,,,0.0,,,,,,,,,0,,,,,,,,,,,,,,,,,,,
2020-04-25 19:00:00,1012.0,19.2,96,0.0,0.0,,,0.0,,,,,,,,,0,,,,,,,,,,,,,,,,,,,
2020-04-25 20:00:00,1012.5,19.0,96,0.0,0.0,,,0.0,,,,,,,,,0,,,,,,,,,,,,,,,,,,,
2020-04-25 21:00:00,1012.7,18.7,97,0.0,0.0,,,0.0,,,,,,,,,0,,,,,,,,,,,,,,,,,,,
2020-04-25 22:00:00,1013.1,18.5,97,0.0,0.0,,,0.0,,,,,,,,,0,,,,,,,,,,,,,,,,,,,
2020-04-25 23:00:00,1012.8,18.4,97,0.0,0.0,,,0.0,,,,,,,,,0,,,,,,,,,,,,,,,,,,,
2020-04-26 00:00:00,1012.5,18.3,98,0.0,0.0,,,0.0,,,,,,,,,0,,,,,,,,,,,,,,,,,,,
2020-04-26 01:00:00,1011.7,18.4,98,0.0,0.0,,,0.0,,,,,,,,,0,,,,,,,,,,,,,,,,,,,
2020-04-26 02:00:00,1011.4,18.0,98,0.0,0.0,,,0.0,,,,,,,,,0,,,,,,,,,,,,,,,,,,,
2020-04-26 03:00:00,1010.6,18.0,98,0.0,0.0,,,0.0,,,,,,,,,0,,,,,,,,,,,,,,,,,,,
2020-04-26 04:00:00,1010.7,18.0,99,0.0,0.0,,,0.0,,,,,,,,,0,,,,,,,,,,,,,,,,,,,
2020-04-26 05:00:00,1011.2,18.2,98,0.0,0.0,,,0.0,,,,,,,,,0,,,,,,,,,,,,,,,,,,,
2020-04-26 06:00:00,1011.9,18.1,99,0.0,0.0,,,0.0,,,,,,,,,0,,,,,,,,,,,,,,,,,,,
2020-04-26 07:00:00,1012.1,18.8,98,0.0,0.0,,,0.0,,,,,,,,,0,,,,,,,,,,,,,,,,,,,
2020-04-26 08:00:00,1012.5,20.9,87,2.0,332.0,,,0.0,,,,,,,,,0,,,,,,,,,,,,,,,,,,,
2020-04-26 09:00:00,1012.9,22.0,84,0.0,0.0,,,0.0,,,,,,,,,0,,,,,,,,,,,,,,,,,,,
2020-04-26 10:00:00,1013.2,21.4,87,0.5,354.0,,,0.0,,,,,,,,,0,,,,,,,,,,,,,,,,,,,
2020-04-26 11:00:00,1013.1,20.6,90,0.1,0.0,,,0.0,,,,,,,,,0,,,,,,,,,,,,,,,,,,,
2020-04-26 12:00:00,1012.7,21.0,90,0.0,0.0,,,0.0,,,,,,,,,0,,,,,,,,,,,,,,,,,,,
2020-04-26 13:00:00,1012.0,21.5,87,0.2,0.0,,,0.0,,,,,,,,,0,,,,,,,,,,,,,,,,,,,
2020-04-26 14:00:00,1011.6,21.4,86,0.0,0.0,,,0.0,,,,,,,,,0,,,,,,,,,,,,,,,,,,,
2020-04-26 15:00:00,1011.5,21.4,83,0.1,0.0,,,0.0,,,,,,,,,0,,,,,,,,,,,,,,,,,,,
2020-04-26 16:00:00,1011.3,21.3,86,0.0,0.0,,,0.0,,,,,,,,,0,,,,,,,,,,,,,,,,,,,
2020-04-26 17:00:00,1011.5,20.5,90,0.0,0.0,,,0.0,,,,,,,,,0,,,,,,,,,,,,,,,,,,,
2020-04-26 18:00:00,1011.8,19.8,93,0.0,0.0,,,0.0,,,,,,,,,0,,,,,,,,,,,,,,,,,,,
2020-04-26 19:00:00,1012.5,19.3,95,0.1,0.0,,,0.0,,,,,,,,,0,,,,,,,,,,,,,,,,,,,
2020-04-26 20:00:00,1012.7,18.9,96,0.0,0.0,,,0.0,,,,,,,,,0,,,,,,,,,,,,,,,,,,,
2020-04-26 21:00:00,1013.1,18.5,95,0.0,0.0,,,0.0,,,,,,,,,0,,,,,,,,,,,,,,,,,,,
2020-04-26 22:00:00,1013.4,18.2,96,0.0,0.0,,,0.0,,,,,,,,,0,,,,,,,,,,,,,,,,,,,
2020-04-26 23:00:00,1013.3,18.0,97,0.0,0.0,,,0.0,,,,,,,,,0,,,,,,,,,,,,,,,,,,,
2020-04-27 00:00:00,1013.0,17.8,97,0.0,0.0,,,0.0,,,,,,,,,0,,,,,,,,,,,,,,,,,,,
2020-04-27 01:00:00,1012.3,17.8,97,0.0,0.0,0.0,0.0,0.0,,,,,2020-04-27T00:05:00,,,,0,,,,,,,,,,,,,,,,,,,
2020-04-27 02:00:00,1012.1,17.9,97,0.0,0.0,0.0,0.0,0.0,,,,,2020-04-27T01:05:00,,,,0,,,,,,,,,,,,,,,,,,,
2020-04-27 03:00:00,1011.8,17.9,97,0.0,0.0,0.0,0.0,0.0,,,,,2020-04-27T02:05:00,,,,0,,,,,,,,,,,,,,,,,,,
2020-04-27 04:00:00,1011.9,18.0,98,0.0,0.0,0.0,0.0,0.0,,,,,2020-04-27T03:05:00,,,,0,,,,,,,,,,,,,,,,,,,
2020-04-27 05:00:00,1012.2,17.8,98,0.0,0.0,0.0,0.0,0.0,,,,,2020-04-27T04:05:00,,,,0,,,,,,,,,,,,,,,,,,,
2020-04-27 06:00:00,1013.0,17.8,98,0.0,0.0,0.0,0.0,0.0,,,,,2020-04-27T05:05:00,,,,0,,,,,,,,,,,,,,,,,,,
2020-04-27 07:00:00,1013.4,18.1,98,0.0,0.0,0.0,0.0,0.0,,,,,2020-04-27T06:05:00,,,,0,,,,,,,,,,,,,,,,,,,
2020-04-27 08:00:00,1013.7,18.7,98,0.0,0.0,0.0,0.0,0.0,,,,,2020-04-27T07:05:00,,,,0,,,,,,,,,,,,,,,,,,,
2020-04-27 09:00:00,1014.3,20.0,97,0.0,0.0,1.3,330.0,0.0,,,,,2020-04-27T08:52:00,,,,0,,,,,,,,,,,,,,,,,,,
2020-04-27 10:00:00,1013.6,22.8,88,0.0,0.0,1.9,190.0,0.0,,,,,2020-04-27T09:51:00,,,,0,,,,,,,,,,,,,,,,,,,
2020-04-27 11:00:00,1013.5,22.8,86,0.0,0.0,1.6,70.0,0.0,,,,,2020-04-27T10:11:00,,,,0,,,,,,,,,,,,,,,,,,,
2020-04-27 12:00:00,1013.3,22.4,90,0.0,0.0,0.8,140.0,0.0,,,,,2020-04-27T11:12:00,,,,0,,,,,,,,,,,,,,,,,,,
2020-04-27 13:00:00,1012.9,22.7,88,0.0,0.0,0.0,0.0,0.0,,,,,2020-04-27T12:05:00,,,,0,,,,,,,,,,,,,,,,,,,
2020-04-27 14:00:00,1012.5,22.2,90,0.0,0.0,0.8,101.0,0.0,,,,,2020-04-27T13:18:00,,,,0,,,,,,,,,,,,,,,,,,,
2020-04-27 15:00:00,1012.3,22.1,88,0.0,0.0,0.0,0.0,0.0,,,,,2020-04-27T14:05:00,,,,0,,,,,,,,,,,,,,,,,,,
2020-04-27 16:00:00,1012.3,21.7,89,0.0,0.0,0.0,0.0,0.0,,,,,2020-04-27T15:05:00,,,,0,,,,,,,,,,,,,,,,,,,
2020-04-27 17:00:00,1012.5,21.4,91,0.0,0.0,1.3,220.0,0.0,,,,,2020-04-27T16:58:00,,,,0,,,,,,,,,,,,,,,,,,,
2020-04-27 18:00:00,1013.3,19.6,89,0.0,0.0,2.2,178.0,0.0,,,,,2020-04-27T17:09:00,,,,0,,,,,,,,,,,,,,,,,,,
2020-04-27 19:00:00,1013.6,19.0,94,0.0,0.0,0.0,0.0,0.0,,,,,2020-04-27T18:05:00,,,,0,,,,,,,,,,,,,,,,,,,
2020-04-27 20:00:00,1014.0,18.7,96,0.0,0.0,0.0,0.0,0.5,,,,,2020-04-27T19:05:00,,,,0,,,,,,,,,,,,,,,,,,,
2020-04-27 21:00:00,1014.7,18.5,97,0.0,0.0,0.0,0.0,0.0,,,,,2020-04-27T20:05:00,,,,0,,,,,,,,,,,,,,,,,,,
2020-04-27 22:00:00,1015.2,18.3,97,0.0,0.0,1.3,15.0,0.0,,,,,2020-04-27T21:42:00,,,,0,,,,,,,,,,,,,,,,,,,
2020-04-27 23:00:00,1015.1,17.4,96,0.0,0.0,0.8,15.0,0.0,,,,,2020-04-27T22:11:00,,,,0,,,,,,,,,,,,,,,,,,,
2020-04-28 00:00:00,1014.7,16.9,97,0.0,0.0,0.0,0.0,0.0,,,,,2020-04-27T23:05:00,,,,0,,,,,,,,,,,,,,,,,,,
2020-04-28 01:00:00,1014.6,16.7,97,0.0,0.0,0.0,0.0,0.0,,,,,2020-04-28T00:05:00,,,,0,,,,,,,,,,,,,,,,,,,
2020-04-28 02:00:00,1014.9,16.1,98,0.0,0.0,0.8,272.0,0.0,,,,,2020-04-28T01:25:00,,,,0,,,,,,,,,,,,,,,,,,,
2020-04-28 03:00:00,1014.4,15.1,98,0.0,0.0,1.3,288.0,0.0,,,,,2020-04-28T02:34:00,,,,0,,,,,,,,,,,,,,,,,,,
2020-04-28 04:00:00,1014.4,14.6,99,0.0,0.0,0.8,318.0,0.0,,,,,2020-04-28T03:19:00,,,,0,,,,,,,,,,,,,,,,,,,
2020-04-28 05:00:00,1014.7,14.2,99,0.0,0.0,0.8,318.0,0.0,,,,,2020-04-28T04:04:00,,,,0,,,,,,,,,,,,,,,,,,,
2020-04-28 06:00:00,1015.2,14.3,99,0.0,0.0,0.8,17.0,0.0,,,,,2020-04-28T05:36:00,,,,0,,,,,,,,,,,,,,,,,,,
2020-04-28 07:00:00,1015.6,15.8,98,0.0,0.0,0.0,0.0,0.0,,,,,2020-04-28T06:05:00,,,,0,,,,,,,,,,,,,,,,,,,
2020-04-28 08:00:00,1016.0,18.8,89,0.0,0.0,1.3,331.0,0.0,,,,,2020-04-28T07:58:00,,,,0,,,,,,,,,,,,,,,,,,,
2020-04-28 09:00:00,1016.1,23.5,72,0.1,0.0,1.9,79.0,0.0,,,,,2020-04-28T08:57:00,,,,0,,,,,,,,,,,,,,,,,,,
2020-04-28 10:00:00,1016.1,24.3,72,0.2,0.0,2.4,138.0,0.0,,,,,2020-04-28T09:20:00,,,,0,,,,,,,,,,,,,,,,,,,
2020-04-28 11:00:00,1015.8,24.2,72,0.6,182.0,3.5,87.0,0.0,,,,,2020-04-28T10:45:00,,,,0,,,,,,,,,,,,,,,,,,,
2020-04-28 12:00:00,1015.2,25.0,68,0.2,0.0,2.7,190.0,0.0,,,,,2020-04-28T11:41:00,,,,0,,,,,,,,,,,,,,,,,,,
2020-04-28 13:00:00,1014.7,24.1,74,0.5,186.0,3.0,185.0,0.0,,,,,2020-04-28T12:02:00,,,,0,,,,,,,,,,,,,,,,,,,
2020-04-28 14:00:00,1014.0,23.3,76,0.2,0.0,2.7,89.0,0.0,,,,,2020-04-28T13:02:00,,,,0,,,,,,,,,,,,,,,,,,,
2020-04-28 15:00:00,1013.5,23.0,77,0.0,0.0,2.4,179.0,0.0,,,,,2020-04-28T14:04:00,,,,0,,,,,,,,,,,,,,,,,,,
2020-04-28 16:00:00,1013.3,22.5,78,0.1,0.0,1.9,233.0,0.0,,,,,2020-04-28T15:24:00,,,,0,,,,,,,,,,,,,,,,,,,
2020-04-28 17:00:00,1013.4,22.3,80,0.0,0.0,1.9,203.0,0.0,,,,,2020-04-28T16:11:00,,,,0,,,,,,,,,,,,,,,,,,,
2020-04-28 18:00:00,1013.7,21.9,82,0.0,0.0,1.3,198.0,0.0,,,,,2020-04-28T17:04:00,,,,0,,,,,,,,,,,,,,,,,,,
2020-04-28 19:00:00,1013.9,21.6,84,0.0,0.0,1.9,188.0,0.0,,,,,2020-04-28T18:20:00,,,,0,,,,,,,,,,,,,,,,,,,
2020-04-28 20:00:00,1013.8,21.5,83,0.0,0.0,1.3,230.0,0.0,,,,,2020-04-28T19:33:00,,,,0,,,,,,,,,,,,,,,,,,,
2020-04-28 21:00:00,1014.3,20.5,90,0.0,0.0,3.3,192.0,0.0,,,,,2020-04-28T20:21:00,,,,0,,,,,,,,,,,,,,,,,,,
2020-04-28 22:00:00,1014.4,20.1,92,0.3,222.0,1.9,221.0,0.0,,,,,2020-04-28T21:59:00,,,,0,,,,,,,,,,,,,,,,,,,
2020-04-28 23:00:00,1013.9,20.8,76,0.0,0.0,3.0,197.0,0.0,,,,,2020-04-28T22:33:00,,,,0,,,,,,,,,,,,,,,,,,,
2020-04-29 00:00:00,1013.1,19.6,84,0.0,0.0,1.9,94.0,0.0,,,,,2020-04-28T23:03:00,,,,0,,,,,,,,,,,,,,,,,,,
2020-04-29 01:00:00,1012.7,18.7,90,0.0,0.0,1.6,21.0,0.0,,,,,2020-04-29T00:15:00,,,,0,,,,,,,,,,,,,,,,,,,
2020-04-29 02:00:00,1012.1,20.1,88,0.0,0.0,1.9,310.0,0.0,,,,,2020-04-29T01:27:00,,,,0,,,,,,,,,,,,,,,,,,,
2020-04-29 03:00:00,1012.0,20.7,83,0.2,0.0,1.3,345.0,0.0,,,,,2020-04-29T02:01:00,,,,0,,,,,,,,,,,,,,,,,,,
2020-04-29 04:00:00,1012.0,20.3,87,0.0,0.0,2.2,164.0,0.0,,,,,2020-04-29T03:18:00,,,,0,,,,,,,,,,,,,,,,,,,
2020-04-29 05:00:00,1012.4,19.6,91,0.0,0.0,1.3,347.0,0.0,,,,,2020-04-29T04:21:00,,,,0,,,,,,,,,,,,,,,,,,,
2020-04-29 06:00:00,1012.8,20.9,84,0.0,0.0,1.9,11.0,0.0,,,,,2020-04-29T05:27:00,,,,0,,,,,,,,,,,,,,,,,,,
2020-04-29 07:00:00,1013.3,21.6,83,0.0,0.0,2.2,341.0,0.0,,,,,2020-04-29T06:01:00,,,,0,,,,,,,,,,,,,,,,,,,
2020-04-29 08:00:00,1013.9,22.9,78,0.0,0.0,1.9,166.0,0.0,,,,,2020-04-29T07:43:00,,,,0,,,,,,,,,,,,,,,,,,,
2020-04-29 09:00:00,1014.1,23.8,72,0.3,150.0,3.3,161.0,0.0,,,,,2020-04-29T08:53:00,,,,0,,,,,,,,,,,,,,,,,,,
2020-04-29 10:00:00,1013.8,25.4,69,0.9,188.0,3.5,171.0,0.0,,,,,2020-04-29T09:32:00,,,,0,,,,,,,,,,,,,,,,,,,
2020-04-29 11:00:00,1013.6,25.3,65,1.0,165.0,6.6,155.0,0.0,,,,,2020-04-29T10:50:00,,,,0,,,,,,,,,,,,,,,,,,,
2020-04-29 12:00:00,1012.9,25.8,65,0.9,170.0,6.0,168.0,0.0,,,,,2020-04-29T11:35:00,,,,0,,,,,,,,,,,,,,,,,,,
2020-04-29 13:00:00,1012.2,26.0,64,0.8,158.0,6.0,172.0,0.0,,,,,2020-04-29T12:32:00,,,,0,,,,,,,,,,,,,,,,,,,
2020-04-29 14:00:00,1011.8,25.3,66,0.4,138.0,5.5,152.0,0.0,,,,,2020-04-29T13:01:00,,,,0,,,,,,,,,,,,,,,,,,,
2020-04-29 15:00:00,1011.5,25.1,66,1.1,163.0,6.6,223.0,0.0,,,,,2020-04-29T14:53:00,,,,0,,,,,,,,,,,,,,,,,,,
2020-04-29 16:00:00,1011.5,24.8,66,1.0,147.0,6.6,163.0,0.0,,,,,2020-04-29T15:12:00,,,,0,,,,,,,,,,,,,,,,,,,
2020-04-29 17:00:00,1011.6,24.1,69,0.5,143.0,6.6,165.0,0.0,,,,,2020-04-29T16:34:00,,,,0,,,,,,,,,,,,,,,,,,,
2020-04-29 18:00:00,1012.0,23.7,72,0.8,162.0,6.6,161.0,0.0,,,,,2020-04-29T17:42:00,,,,0,,,,,,,,,,,,,,,,,,,
2020-04-29 19:00:00,1012.0,23.3,75,0.7,142.0,6.0,159.0,0.0,,,,,2020-04-29T18:05:00,,,,0,,,,,,,,,,,,,,,,,,,
2020-04-29 20:00:00,1012.5,23.4,73,0.6,149.0,6.0,146.0,0.0,,,,,2020-04-29T19:40:00,,,,0,,,,,,,,,,,,,,,,,,,
2020-04-29 21:00:00,1012.8,23.3,75,0.9,167.0,5.5,159.0,0.0,,,,,2020-04-29T20:07:00,,,,0,,,,,,,,,,,,,,,,,,,
2020-04-29 22:00:00,1012.8,22.9,78,0.9,157.0,5.5,169.0,0.0,,,,,2020-04-29T21:03:00,,,,0,,,,,,,,,,,,,,,,,,,
2020-04-29 23:00:00,1012.4,23.0,78,1.2,137.0,5.5,175.0,0.0,,,,,2020-04-29T22:57:00,,,,0,,,,,,,,,,,,,,,,,,,
2020-04-30 00:00:00,1011.7,23.0,79,1.1,137.0,6.0,154.0,0.0,,,,,2020-04-29T23:10:00,,,,0,,,,,,,,,,,,,,,,,,,
2020-04-30 01:00:00,1011.2,22.8,79,0.6,327.0,3.5,83.0,0.0,,,,,2020-04-30T00:16:00,,,,0,,,,,,,,,,,,,,,,,,,
2020-04-30 02:00:00,1010.8,21.4,84,0.0,0.0,1.9,39.0,0.0,,,,,2020-04-30T01:26:00,,,,0,,,,,,,,,,,,,,,,,,,
2020-04-30 03:00:00,1010.8,19.6,92,0.0,0.0,2.2,350.0,0.0,,,,,2020-04-30T02:28:00,,,,0,,,,,,,,,,,,,,,,,,,
2020-04-30 04:00:00,1011.3,18.8,94,0.0,0.0,1.3,12.0,0.0,,,,,2020-04-30T03:10:00,,,,0,,,,,,,,,,,,,,,,,,,
2020-04-30 05:00:00,1011.7,18.0,96,0.0,0.0,1.3,326.0,0.0,,,,,2020-04-30T04:17:00,,,,0,,,,,,,,,,,,,,,,,,,
2020-04-30 06:00:00,1012.2,18.1,96,0.0,0.0,1.3,324.0,0.0,,,,,2020-04-30T05:15:00,,,,0,,,,,,,,,,,,,,,,,,,
2020-04-30 07:00:00,1012.5,18.9,95,0.0,0.0,1.3,330.0,0.0,,,,,2020-04-30T06:34:00,,,,0,,,,,,,,,,,,,,,,,,,
2020-04-30 08:00:00,1012.8,22.4,85,0.0,0.0,1.3,332.0,0.0,,,,,2020-04-30T07:38:00,,,,0,,,,,,,,,,,,,,,,,,,
2020-04-30 09:00:00,1012.6,25.2,74,0.6,185.0,3.8,269.0,0.0,,,,,2020-04-30T08:30:00,,,,0,,,,,,,,,,,,,,,,,,,
2020-04-30 10:00:00,1012.4,26.2,71,0.2,0.0,4.9,140.0,0.0,,,,,2020-04-30T09:43:00,,,,0,,,,,,,,,,,,,,,,,,,
2020-04-30 11:00:00,1011.8,26.9,68,0.9,165.0,6.0,149.0,0.0,,,,,2020-04-30T10:30:00,,,,0,,,,,,,,,,,,,,,,,,,
2020-04-30 12:00:00,1011.3,27.7,66,1.4,174.0,5.5,204.0,0.0,,,,,2020-04-30T11:33:00,,,,0,,,,,,,,,,,,,,,,,,,
2020-04-30 13:00:00,1010.5,27.5,68,0.8,167.0,5.5,172.0,0.0,,,,,2020-04-30T12:22:00,,,,0,,,,,,,,,,,,,,,,,,,
2020-04-30 14:00:00,1009.9,27.1,69,1.6,167.0,7.1,140.0,0.0,,,,,2020-04-30T13:10:00,,,,0,,,,,,,,,,,,,,,,,,,
2020-04-30 15:00:00,1009.7,26.5,71,0.9,160.0,4.9,173.0,0.0,,,,,2020-04-30T14:07:00,,,,0,,,,,,,,,,,,,,,,,,,
2020-04-30 16:00:00,1009.4,25.9,73,0.8,173.0,5.5,192.0,0.0,,,,,2020-04-30T15:18:00,,,,0,,,,,,,,,,,,,,,,,,,
2020-04-30 17:00:00,1009.4,25.0,77,0.3,169.0,5.5,187.0,0.0,,,,,2020-04-30T16:22:00,,,,0,,,,,,,,,,,,,,,,,,,
2020-04-30 18:00:00,1009.9,24.6,79,0.2,0.0,3.3,189.0,0.0,,,,,2020-04-30T17:04:00,,,,0,,,,,,,,,,,,,,,,,,,
2020-04-30 19:00:00,1010.1,24.0,81,0.1,0.0,4.9,181.0,0.0,,,,,2020-04-30T18:02:00,,,,0,,,,,,,,,,,,,,,,,,,
2020-04-30 20:00:00,1010.4,22.9,87,0.5,329.0,1.6,351.0,0.0,,,,,2020-04-30T19:36:00,,,,0,,,,,,,,,,,,,,,,,,,
2020-04-30 21:00:00,1010.5,21.7,91,0.1,0.0,2.4,312.0,0.0,,,,,2020-04-30T20:45:00,,,,0,,,,,,,,,,,,,,,,,,,
2020-04-30 22:00:00,1010.5,21.0,93,0.5,339.0,2.2,339.0,0.0,,,,,2020-04-30T21:34:00,,,,0,,,,,,,,,,,,,,,,,,,
2020-04-30 23:00:00,1010.0,20.7,94,0.0,0.0,1.9,355.0,0.0,,,,,2020-04-30T22:15:00,,,,0,,,,,,,,,,,,,,,,,,,
2020-05-01 00:00:00,1009.1,20.8,94,0.1,0.0,2.4,352.0,0.0,,,,,2020-04-30T23:37:00,,,,0,,,,,,,,,,,,,,,,,,,
2020-05-01 01:00:00,1008.5,20.7,95,0.0,0.0,2.7,349.0,0.0,,,,,2020-05-01T00:05:00,,,,0,,,,,,,,,,,,,,,,,,,
2020-05-01 02:00:00,1007.8,20.7,96,0.1,0.0,1.6,344.0,0.0,,,,,2020-05-01T01:42:00,,,,0,,,,,,,,,,,,,,,,,,,
2020-05-01 03:00:00,1007.4,20.6,96,0.3,328.0,1.3,327.0,0.0,,,,,2020-05-01T02:01:00,,,,0,,,,,,,,,,,,,,,,,,,
2020-05-01 04:00:00,1007.4,20.1,96,0.7,329.0,1.9,348.0,0.0,,,,,2020-05-01T03:22:00,,,,0,,,,,,,,,,,,,,,,,,,
2020-05-01 05:00:00,1008.0,20.2,96,0.0,0.0,1.9,13.0,0.0,,,,,2020-05-01T04:04:00,,,,0,,,,,,,,,,,,,,,,,,,
2020-05-01 06:00:00,1008.6,20.2,96,0.0,0.0,1.6,325.0,0.0,,,,,2020-05-01T05:51:00,,,,0,,,,,,,,,,,,,,,,,,,
2020-05-01 07:00:00,1009.2,21.0,95,0.2,0.0,1.6,335.0,0.0,,,,,2020-05-01T06:02:00,,,,0,,,,,,,,,,,,,,,,,,,
2020-05-01 08:00:00,1009.5,23.0,89,0.0,0.0,1.3,343.0,0.0,,,,,2020-05-01T07:30:00,,,,0,,,,,,,,,,,,,,,,,,,
2020-05-01 09:00:00,1009.6,25.5,81,0.0,0.0,0.8,290.0,0.0,,,,,2020-05-01T08:16:00,,,,0,,,,,,,,,,,,,,,,,,,
2020-05-01 10:00:00,1009.7,27.3,72,0.0,0.0,0.0,0.0,0.0,,,,,2020-05-01T09:05:00,,,,0,,,,,,,,,,,,,,,,,,,
2020-05-01 11:00:00,1009.0,29.8,60,0.1,0.0,1.3,326.0,0.0,,,,,2020-05-01T10:19:00,,,,0,,,,,,,,,,,,,,,,,,,
2020-05-01 12:00:00,1008.4,29.9,60,0.4,176.0,3.0,176.0,0.0,,,,,2020-05-01T11:54:00,,,,0,,,,,,,,,,,,,,,,,,,
2020-05-01 13:00:00,1007.4,31.2,60,0.6,172.0,3.0,186.0,0.0,,,,,2020-05-01T12:58:00,,,,0,,,,,,,,,,,,,,,,,,,
2020-05-01 14:00:00,1006.8,28.8,65,0.1,0.0,3.5,179.0,0.0,,,,,2020-05-01T13:43:00,,,,0,,,,,,,,,,,,,,,,,,,
2020-05-01 15:00:00,1006.4,28.3,70,0.2,0.0,3.3,218.0,0.0,,,,,2020-05-01T15:00:00,,,,0,,,,,,,,,,,,,,,,,,,
2020-05-01 16:00:00,1006.2,27.4,74,0.0,0.0,2.7,178.0,0.0,,,,,2020-05-01T15:11:00,,,,0,,,,,,,,,,,,,,,,,,,
2020-05-01 17:00:00,1006.2,26.8,79,0.0,0.0,2.7,175.0,0.0,,,,,2020-05-01T16:42:00,,,,0,,,,,,,,,,,,,,,,,,,
2020-05-01 18:00:00,1006.4,26.3,81,0.1,0.0,1.9,166.0,0.0,,,,,2020-05-01T17:46:00,,,,0,,,,,,,,,,,,,,,,,,,
2020-05-01 19:00:00,1007.0,25.4,86,0.0,0.0,1.6,188.0,0.0,,,,,2020-05-01T18:53:00,,,,0,,,,,,,,,,,,,,,,,,,
2020-05-01 20:00:00,1007.5,25.1,88,0.0,0.0,0.8,12.0,0.0,,,,,2020-05-01T19:13:00,,,,0,,,,,,,,,,,,,,,,,,,
2020-05-01 21:00:00,1008.0,24.6,90,0.0,0.0,0.8,277.0,0.0,,,,,2020-05-01T20:37:00,,,,0,,,,,,,,,,,,,,,,,,,
2020-05-01 22:00:00,1007.8,24.2,91,0.0,0.0,0.8,332.0,0.0,,,,,2020-05-01T21:25:00,,,,0,,,,,,,,,,,,,,,,,,,
2020-05-01 23:00:00,1007.6,23.5,93,0.1,0.0,1.6,330.0,0.0,,,,,2020-05-01T22:39:00,,,,0,,,,,,,,,,,,,,,,,,,
2020-05-02 00:00:00,1006.9,22.9,94,0.0,0.0,1.6,330.0,0.0,,,,,2020-05-01T23:20:00,,,,0,,,,,,,,,,,,,,,,,,,
2020-05-02 01:00:00,1006.0,22.6,95,0.0,0.0,1.3,315.0,0.0,,,,,2020-05-02T00:21:00,,,,0,,,,,,,,,,,,,,,,,,,
2020-05-02 02:00:00,1005.5,22.4,95,0.0,0.0,1.3,263.0,0.0,,,,,2020-05-02T01:01:00,,,,0,,,,,,,,,,,,,,,,,,,
2020-05-02 03:00:00,1004.9,22.3,95,0.0,0.0,0.8,337.0,0.0,,,,,2020-05-02T02:49:00,,,,0,,,,,,,,,,,,,,,,,,,
2020-05-02 04:00:00,1004.4,22.1,96,0.0,0.0,1.6,285.0,0.0,,,,,2020-05-02T03:49:00,,,,0,,,,,,,,,,,,,,,,,,,
2020-05-02 05:00:00,1005.0,22.1,96,0.0,0.0,1.3,318.0,0.0,,,,,2020-05-02T04:37:00,,,,0,,,,,,,,,,,,,,,,,,,
2020-05-02 06:00:00,1005.9,22.1,96,0.0,0.0,1.3,310.0,0.0,,,,,2020-05-02T05:25:00,,,,0,,,,,,,,,,,,,,,,,,,
2020-05-02 07:00:00,1006.2,22.9,94,0.0,0.0,1.3,262.0,0.0,,,,,2020-05-02T06:03:00,,,,0,,,,,,,,,,,,,,,,,,,
2020-05-02 08:00:00,1006.4,24.3,88,0.0,0.0,1.1,339.0,0.0,,,,,2020-05-02T07:53:00,,,,0,,,,,,,,,,,,,,,,,,,
2020-05-02 09:00:00,1006.5,27.6,64,0.5,279.0,2.4,342.0,0.0,,,,,2020-05-02T08:56:00,,,,0,,,,,,,,,,,,,,,,,,,
2020-05-02 10:00:00,1005.8,28.9,52,0.0,0.0,3.0,258.0,0.0,,,,,2020-05-02T09:12:00,,,,0,,,,,,,,,,,,,,,,,,,
2020-05-02 11:00:00,1005.5,29.2,70,0.2,0.0,3.0,352.0,0.0,,,,,2020-05-02T10:47:00,,,,0,,,,,,,,,,,,,,,,,,,
2020-05-02 12:00:00,1004.7,30.8,64,0.0,0.0,2.4,174.0,0.0,,,,,2020-05-02T11:31:00,,,,0,,,,,,,,,,,,,,,,,,,
2020-05-02 13:00:00,1004.5,29.4,72,0.1,0.0,2.4,340.0,0.0,,,,,2020-05-02T12:30:00,,,,0,,,,,,,,,,,,,,,,,,,
2020-05-02 14:00:00,1003.9,27.5,79,0.0,0.0,2.4,331.0,0.0,,,,,2020-05-02T13:08:00,,,,0,,,,,,,,,,,,,,,,,,,
2020-05-02 15:00:00,1003.6,27.0,81,0.1,0.0,1.3,205.0,0.0,,,,,2020-05-02T14:09:00,,,,0,,,,,,,,,,,,,,,,,,,
2020-05-02 16:00:00,1003.5,26.6,83,0.0,0.0,1.6,188.0,0.0,,,,,2020-05-02T15:37:00,,,,0,,,,,,,,,,,,,,,,,,,
2020-05-02 17:00:00,1003.3,25.5,87,0.0,0.0,1.9,187.0,0.0,,,,,2020-05-02T16:43:00,,,,0,,,,,,,,,,,,,,,,,,,
2020-05-02 18:00:00,1003.5,25.5,87,0.0,0.0,1.9,173.0,0.0,,,,,2020-05-02T17:07:00,,,,0,,,,,,,,,,,,,,,,,,,
2020-05-02 19:00:00,1003.9,25.1,89,0.0,0.0,0.8,99.0,0.0,,,,,2020-05-02T18:09:00,,,,0,,,,,,,,,,,,,,,,,,,
2020-05-02 20:00:00,1004.6,24.6,91,0.0,0.0,0.8,252.0,0.0,,,,,2020-05-02T19:58:00,,,,0,,,,,,,,,,,,,,,,,,,
2020-05-02 21:00:00,1004.7,24.0,93,0.0,0.0,0.8,256.0,0.0,,,,,2020-05-02T20:15:00,,,,0,,,,,,,,,,,,,,,,,,,
2020-05-02 22:00:00,1004.8,23.2,93,0.0,0.0,0.8,12.0,0.0,,,,,2020-05-02T21:04:00,,,,0,,,,,,,,,,,,,,,,,,,
2020-05-02 23:00:00,1004.3,22.7,94,0.0,0.0,0.0,0.0,0.0,,,,,2020-05-02T22:05:00,,,,0,,,,,,,,,,,,,,,,,,,
2020-05-03 00:00:00,1003.7,22.2,95,0.0,0.0,0.0,0.0,0.0,,,,,2020-05-02T23:05:00,,,,0,,,,,,,,,,,,,,,,,,,
2020-05-03 01:00:00,1002.8,21.7,96,0.7,346.0,1.9,333.0,0.0,,,,,2020-05-03T00:44:00,,,,0,,,,,,,,,,,,,,,,,,,
2020-05-03 02:00:00,1002.5,21.7,96,0.1,0.0,1.3,344.0,0.0,,,,,2020-05-03T01:03:00,,,,0,,,,,,,,,,,,,,,,,,,
2020-05-03 03:00:00,1002.1,21.5,95,0.0,0.0,0.0,0.0,0.0,,,,,2020-05-03T02:05:00,,,,0,,,,,,,,,,,,,,,,,,,
2020-05-03 04:00:00,1002.2,21.5,96,0.1,0.0,0.8,331.0,0.0,,,,,2020-05-03T03:06:00,,,,0,,,,,,,,,,,,,,,,,,,
2020-05-03 05:00:00,1002.6,21.2,96,0.0,0.0,0.8,317.0,0.0,,,,,2020-05-03T04:49:00,,,,0,,,,,,,,,,,,,,,,,,,
2020-05-03 06:00:00,1003.4,21.6,95,0.0,0.0,0.8,353.0,0.0,,,,,2020-05-03T05:01:00,,,,0,,,,,,,,,,,,,,,,,,,
2020-05-03 07:00:00,1003.7,22.3,94,0.0,0.0,0.0,0.0,0.0,,,,,2020-05-03T06:05:00,,,,0,,,,,,,,,,,,,,,,,,,
2020-05-03 08:00:00,1004.0,24.5,88,0.0,0.0,0.8,331.0,0.0,,,,,2020-05-03T07:33:00,,,,0,,,,,,,,,,,,,,,,,,,
2020-05-03 09:00:00,1003.9,27.8,79,0.0,0.0,0.8,309.0,0.0,,,,,2020-05-03T08:52:00,,,,0,,,,,,,,,,,,,,,,,,,
2020-05-03 10:00:00,1003.5,30.2,66,0.9,256.0,4.9,326.0,0.0,,,,,2020-05-03T09:09:00,,,,0,,,,,,,,,,,,,,,,,,,
2020-05-03 11:00:00,1003.5,30.1,70,0.0,0.0,3.5,247.0,0.0,,,,,2020-05-03T10:12:00,,,,0,,,,,,,,,,,,,,,,,,,
2020-05-03 12:00:00,1003.4,29.5,72,0.3,185.0,2.4,195.0,0.0,,,,,2020-05-03T11:56:00,,,,0,,,,,,,,,,,,,,,,,,,
2020-05-03 13:00:00,1002.9,32.0,65,0.3,184.0,2.4,219.0,0.0,,,,,2020-05-03T12:49:00,,,,0,,,,,,,,,,,,,,,,,,,
2020-05-03 14:00:00,1002.2,31.3,67,0.3,179.0,2.4,165.0,0.0,,,,,2020-05-03T13:54:00,,,,0,,,,,,,,,,,,,,,,,,,
2020-05-03 15:00:00,1002.1,29.8,72,0.2,0.0,3.0,117.0,0.0,,,,,2020-05-03T14:02:00,,,,0,,,,,,,,,,,,,,,,,,,
2020-05-03 16:00:00,1002.2,30.2,70,0.0,0.0,1.6,213.0,0.0,,,,,2020-05-03T15:01:00,,,,0,,,,,,,,,,,,,,,,,,,
2020-05-03 17:00:00,1002.7,28.2,77,0.0,0.0,2.4,152.0,0.0,,,,,2020-05-03T16:38:00,,,,0,,,,,,,,,,,,,,,,,,,
2020-05-03 18:00:00,1003.0,27.3,79,0.0,0.0,2.2,177.0,0.0,,,,,2020-05-03T17:49:00,,,,0,,,,,,,,,,,,,,,,,,,
2020-05-03 19:00:00,1003.9,26.3,83,0.0,0.0,0.8,100.0,0.0,,,,,2020-05-03T18:11:00,,,,0,,,,,,,,,,,,,,,,,,,
2020-05-03 20:00:00,1003.9,25.1,89,0.0,0.0,0.0,0.0,0.0,,,,,2020-05-03T19:05:00,,,,0,,,,,,,,,,,,,,,,,,,
2020-05-03 21:00:00,1004.4,24.1,92,0.0,0.0,0.0,0.0,0.0,,,,,2020-05-03T20:05:00,,,,0,,,,,,,,,,,,,,,,,,,
2020-05-03 22:00:00,1004.8,23.5,93,0.2,0.0,1.3,331.0,0.0,,,,,2020-05-03T21:48:00,,,,0,,,,,,,,,,,,,,,,,,,
2020-05-03 23:00:00,1005.0,23.2,94,0.0,0.0,1.3,270.0,0.0,,,,,2020-05-03T22:04:00,,,,0,,,,,,,,,,,,,,,,,,,
2020-05-04 00:00:00,1004.5,23.2,93,0.0,0.0,0.8,327.0,0.0,,,,,2020-05-03T23:13:00,,,,0,,,,,,,,,,,,,,,,,,,
2020-05-04 01:00:00,1004.2,22.6,95,0.0,0.0,0.0,0.0,0.0,,,,,2020-05-04T00:05:00,,,,0,,,,,,,,,,,,,,,,,,,
2020-05-04 02:00:00,1003.9,22.3,95,0.0,0.0,1.3,346.0,0.0,,,,,2020-05-04T01:30:00,,,,0,,,,,,,,,,,,,,,,,,,
2020-05-04 03:00:00,1003.9,22.3,95,0.0,0.0,0.0,0.0,0.0,,,,,2020-05-04T02:05:00,,,,0,,,,,,,,,,,,,,,,,,,
2020-05-04 04:00:00,1003.7,21.9,95,0.0,0.0,0.0,0.0,0.0,,,,,2020-05-04T03:05:00,,,,0,,,,,,,,,,,,,,,,,,,
2020-05-04 05:00:00,1004.1,21.7,96,0.0,0.0,0.0,0.0,0.0,,,,,2020-05-04T04:05:00,,,,0,,,,,,,,,,,,,,,,,,,
2020-05-04 06:00:00,1004.8,21.4,96,0.0,0.0,0.0,0.0,0.0,,,,,2020-05-04T05:05:00,,,,0,,,,,,,,,,,,,,,,,,,
2020-05-04 07:00:00,1005.4,22.6,95,0.0,0.0,0.0,0.0,0.0,,,,,2020-05-04T06:05:00,,,,0,,,,,,,,,,,,,,,,,,,
2020-05-04 08:00:00,1005.8,26.3,82,0.1,0.0,1.9,343.0,0.0,,,,,2020-05-04T07:42:00,,,,0,,,,,,,,,,,,,,,,,,,
2020-05-04 09:00:00,1006.0,29.3,72,0.0,0.0,2.4,235.0,0.0,,,,,2020-05-04T08:09:00,,,,0,,,,,,,,,,,,,,,,,,,
2020-05-04 10:00:00,1005.9,31.1,71,0.6,213.0,2.7,191.0,0.0,,,,,2020-05-04T09:31:00,,,,0,,,,,,,,,,,,,,,,,,,
2020-05-04 11:00:00,1005.4,32.5,65,0.2,0.0,2.4,224.0,0.0,,,,,2020-05-04T10:30:00,,,,0,,,,,,,,,,,,,,,,,,,
2020-05-04 12:00:00,1004.9,32.0,62,0.3,158.0,3.0,129.0,0.0,,,,,2020-05-04T11:11:00,,,,0,,,,,,,,,,,,,,,,,,,
2020-05-04 13:00:00,1004.6,31.9,63,0.5,165.0,3.0,167.0,0.0,,,,,2020-05-04T12:29:00,,,,0,,,,,,,,,,,,,,,,,,,
2020-05-04 14:00:00,1004.2,30.8,68,0.1,0.0,2.4,175.0,0.0,,,,,2020-05-04T13:12:00,,,,0,,,,,,,,,,,,,,,,,,,
2020-05-04 15:00:00,1003.8,31.2,67,0.7,181.0,3.3,166.0,0.0,,,,,2020-05-04T14:31:00,,,,0,,,,,,,,,,,,,,,,,,,
2020-05-04 16:00:00,1003.8,30.6,68,0.0,0.0,2.7,190.0,0.0,,,,,2020-05-04T15:13:00,,,,0,,,,,,,,,,,,,,,,,,,
2020-05-04 17:00:00,1003.8,30.2,69,0.0,0.0,2.7,207.0,0.0,,,,,2020-05-04T16:41:00,,,,0,,,,,,,,,,,,,,,,,,,
2020-05-04 18:00:00,1004.3,28.5,74,0.0,0.0,1.9,171.0,0.0,,,,,2020-05-04T17:08:00,,,,0,,,,,,,,,,,,,,,,,,,
2020-05-04 19:00:00,1004.7,27.2,81,0.0,0.0,0.8,110.0,0.0,,,,,2020-05-04T18:13:00,,,,0,,,,,,,,,,,,,,,,,,,
2020-05-04 20:00:00,1005.5,25.8,88,0.0,0.0,0.0,0.0,0.0,,,,,2020-05-04T19:05:00,,,,0,,,,,,,,,,,,,,,,,,,
2020-05-04 21:00:00,1005.8,25.0,91,0.0,0.0,0.0,0.0,0.0,,,,,2020-05-04T20:05:00,,,,0,,,,,,,,,,,,,,,,,,,
2020-05-04 22:00:00,1006.0,24.2,92,0.0,0.0,1.3,309.0,0.0,,,,,2020-05-04T21:34:00,,,,0,,,,,,,,,,,,,,,,,,,
2020-05-04 23:00:00,1005.8,23.9,93,0.0,0.0,0.0,0.0,0.0,,,,,2020-05-04T22:05:00,,,,0,,,,,,,,,,,,,,,,,,,
2020-05-05 00:00:00,1005.5,23.4,93,0.0,0.0,0.0,0.0,0.0,,,,,2020-05-04T23:05:00,,,,0,,,,,,,,,,,,,,,,,,,
2020-05-05 01:00:00,1005.1,23.0,94,0.0,0.0,0.0,0.0,0.0,,,,,2020-05-05T00:05:00,,,,0,,,,,,,,,,,,,,,,,,,
2020-05-05 02:00:00,1004.6,22.8,93,0.0,0.0,0.8,328.0,0.0,,,,,2020-05-05T01:11:00,,,,0,,,,,,,,,,,,,,,,,,,
2020-05-05 03:00:00,1004.2,22.4,93,0.0,0.0,1.3,259.0,0.0,,,,,2020-05-05T02:22:00,,,,0,,,,,,,,,,,,,,,,,,,
2020-05-05 04:00:00,1004.3,22.1,94,0.0,0.0,0.8,350.0,0.0,,,,,2020-05-05T03:59:00,,,,0,,,,,,,,,,,,,,,,,,,
2020-05-05 05:00:00,1004.6,21.9,95,0.0,0.0,0.0,0.0,0.0,,,,,2020-05-05T04:05:00,,,,0,,,,,,,,,,,,,,,,,,,
2020-05-05 06:00:00,1004.8,22.2,95,0.0,0.0,1.1,328.0,0.0,,,,,2020-05-05T05:26:00,,,,0,,,,,,,,,,,,,,,,,,,
2020-05-05 07:00:00,1004.9,23.2,92,0.0,0.0,0.8,331.0,0.0,,,,,2020-05-05T06:50:00,,,,0,,,,,,,,,,,,,,,,,,,
2020-05-05 08:00:00,1004.8,25.9,86,0.0,0.0,0.8,335.0,0.0,,,,,2020-05-05T07:30:00,,,,0,,,,,,,,,,,,,,,,,,,
2020-05-05 09:00:00,1004.9,27.9,81,0.2,0.0,1.3,17.0,0.0,,,,,2020-05-05T08:57:00,,,,0,,,,,,,,,,,,,,,,,,,
2020-05-05 10:00:00,1004.5,29.4,71,0.2,0.0,3.5,132.0,0.0,,,,,2020-05-05T09:55:00,,,,0,,,,,,,,,,,,,,,,,,,
2020-05-05 11:00:00,1004.0,29.7,67,0.5,147.0,5.5,199.0,0.0,,,,,2020-05-05T10:51:00,,,,0,,,,,,,,,,,,,,,,,,,
2020-05-05 12:00:00,1003.4,30.4,66,0.2,0.0,3.5,161.0,0.0,,,,,2020-05-05T11:52:00,,,,0,,,,,,,,,,,,,,,,,,,
2020-05-05 13:00:00,1002.8,30.6,66,0.6,164.0,3.5,149.0,0.0,,,,,2020-05-05T12:38:00,,,,0,,,,,,,,,,,,,,,,,,,
2020-05-05 14:00:00,1002.5,29.9,71,0.4,180.0,3.0,159.0,0.0,,,,,2020-05-05T13:56:00,,,,0,,,,,,,,,,,,,,,,,,,
2020-05-05 15:00:00,1002.2,28.6,75,0.1,0.0,2.7,184.0,0.0,,,,,2020-05-05T14:13:00,,,,0,,,,,,,,,,,,,,,,,,,
2020-05-05 16:00:00,1001.6,28.7,76,0.1,0.0,2.7,183.0,0.0,,,,,2020-05-05T15:34:00,,,,0,,,,,,,,,,,,,,,,,,,
2020-05-05 17:00:00,1001.1,28.5,77,0.1,0.0,2.7,164.0,0.0,,,,,2020-05-05T17:00:00,,,,0,,,,,,,,,,,,,,,,,,,
2020-05-05 18:00:00,1001.1,28.0,79,0.0,0.0,3.0,158.0,0.0,,,,,2020-05-05T17:02:00,,,,0,,,,,,,,,,,,,,,,,,,
2020-05-05 19:00:00,1001.6,27.0,84,0.0,0.0,1.3,343.0,0.0,,,,,2020-05-05T18:16:00,,,,0,,,,,,,,,,,,,,,,,,,
2020-05-05 20:00:00,1002.2,25.7,89,0.1,0.0,1.9,255.0,0.0,,,,,2020-05-05T19:54:00,,,,0,,,,,,,,,,,,,,,,,,,
2020-05-05 21:00:00,1002.1,25.1,91,0.0,0.0,1.3,252.0,0.0,,,,,2020-05-05T20:23:00,,,,0,,,,,,,,,,,,,,,,,,,
2020-05-05 22:00:00,1002.4,24.8,91,0.0,0.0,0.8,338.0,0.0,,,,,2020-05-05T21:12:00,,,,0,,,,,,,,,,,,,,,,,,,
2020-05-05 23:00:00,1002.1,24.2,93,0.0,0.0,1.3,300.0,0.0,,,,,2020-05-05T22:17:00,,,,0,,,,,,,,,,,,,,,,,,,
2020-05-06 00:00:00,1001.3,23.9,93,0.0,0.0,0.0,0.0,0.0,,,,,2020-05-05T23:05:00,,,,0,,,,,,,,,,,,,,,,,,,
2020-05-06 01:00:00,1001.1,23.4,94,0.1,0.0,1.1,354.0,0.0,,,,,2020-05-06T00:58:00,,,,0,,,,,,,,,,,,,,,,,,,
2020-05-06 02:00:00,1000.6,23.2,94,0.0,0.0,0.0,0.0,0.0,,,,,2020-05-06T01:05:00,,,,0,,,,,,,,,,,,,,,,,,,
2020-05-06 03:00:00,1000.3,22.8,95,0.0,0.0,0.0,0.0,0.0,,,,,2020-05-06T02:05:00,,,,0,,,,,,,,,,,,,,,,,,,
2020-05-06 04:00:00,1000.1,23.0,95,0.0,0.0,1.9,318.0,0.0,,,,,2020-05-06T03:23:00,,,,0,,,,,,,,,,,,,,,,,,,
2020-05-06 05:00:00,1001.2,23.1,94,0.0,0.0,1.3,328.0,0.0,,,,,2020-05-06T04:43:00,,,,0,,,,,,,,,,,,,,,,,,,
2020-05-06 06:00:00,1001.8,23.7,91,0.0,0.0,1.3,64.0,0.0,,,,,2020-05-06T05:20:00,,,,0,,,,,,,,,,,,,,,,,,,
2020-05-06 07:00:00,1002.7,25.0,90,0.0,0.0,0.0,0.0,0.0,,,,,2020-05-06T06:05:00,,,,0,,,,,,,,,,,,,,,,,,,
2020-05-06 08:00:00,1003.1,27.5,83,0.0,0.0,1.3,180.0,0.0,,,,,2020-05-06T07:55:00,,,,0,,,,,,,,,,,,,,,,,,,
2020-05-06 09:00:00,1003.4,29.0,78,0.1,0.0,3.0,166.0,0.0,,,,,2020-05-06T08:37:00,,,,0,,,,,,,,,,,,,,,,,,,
2020-05-06 10:00:00,1004.0,30.0,73,0.1,0.0,3.3,12.0,0.0,,,,,2020-05-06T09:16:00,,,,0,,,,,,,,,,,,,,,,,,,
2020-05-06 11:00:00,1004.5,27.8,80,1.7,335.0,7.7,315.0,0.0,,,,,2020-05-06T10:44:00,,,,0,,,,,,,,,,,,,,,,,,,
2020-05-06 12:00:00,1004.9,25.0,86,0.2,0.0,5.5,15.0,0.0,,,,,2020-05-06T11:43:00,,,,0,,,,,,,,,,,,,,,,,,,
2020-05-06 13:00:00,1005.1,24.8,81,1.1,335.0,4.9,337.0,0.0,,,,,2020-05-06T12:15:00,,,,0,,,,,,,,,,,,,,,,,,,
2020-05-06 14:00:00,1005.0,24.3,82,0.2,0.0,3.5,335.0,0.0,,,,,2020-05-06T13:02:00,,,,0,,,,,,,,,,,,,,,,,,,
2020-05-06 15:00:00,1004.7,23.9,83,0.1,0.0,3.5,332.0,0.0,,,,,2020-05-06T14:07:00,,,,0,,,,,,,,,,,,,,,,,,,
2020-05-06 16:00:00,1004.0,24.2,82,0.2,0.0,3.3,328.0,0.0,,,,,2020-05-06T15:41:00,,,,0,,,,,,,,,,,,,,,,,,,
2020-05-06 17:00:00,1004.5,24.4,83,0.0,0.0,2.4,329.0,0.0,,,,,2020-05-06T16:01:00,,,,0,,,,,,,,,,,,,,,,,,,
2020-05-06 18:00:00,1005.1,23.8,83,0.0,0.0,0.8,201.0,0.0,,,,,2020-05-06T17:17:00,,,,0,,,,,,,,,,,,,,,,,,,
2020-05-06 19:00:00,1005.9,23.2,86,0.0,0.0,1.3,188.0,0.0,,,,,2020-05-06T18:09:00,,,,0,,,,,,,,,,,,,,,,,,,
2020-05-06 20:00:00,1006.6,23.0,88,0.0,0.0,0.0,0.0,0.0,,,,,2020-05-06T19:05:00,,,,0,,,,,,,,,,,,,,,,,,,
2020-05-06 21:00:00,1006.2,22.3,93,0.0,0.0,1.3,311.0,0.0,,,,,2020-05-06T20:02:00,,,,0,,,,,,,,,,,,,,,,,,,
2020-05-06 22:00:00,1006.9,22.1,94,0.0,0.0,1.3,253.0,0.0,,,,,2020-05-06T21:48:00,,,,0,,,,,,,,,,,,,,,,,,,
2020-05-06 23:00:00,1006.3,22.1,94,0.0,0.0,1.3,251.0,0.0,,,,,2020-05-06T22:08:00,,,,0,,,,,,,,,,,,,,,,,,,
2020-05-07 00:00:00,1005.9,22.0,94,0.1,0.0,1.9,284.0,0.0,,,,,2020-05-06T23:58:00,,,,0,,,,,,,,,,,,,,,,,,,
2020-05-07 01:00:00,1005.8,22.1,94,0.0,0.0,1.3,352.0,0.0,,,,,2020-05-07T00:11:00,,,,0,,,,,,,,,,,,,,,,,,,
2020-05-07 02:00:00,1005.3,22.1,95,0.0,0.0,0.0,0.0,0.0,,,,,2020-05-07T01:05:00,,,,0,,,,,,,,,,,,,,,,,,,
2020-05-07 03:00:00,1005.2,22.1,95,0.0,0.0,0.0,0.0,0.0,,,,,2020-05-07T02:05:00,,,,0,,,,,,,,,,,,,,,,,,,
2020-05-07 04:00:00,1005.4,21.9,95,0.0,0.0,0.0,0.0,0.0,,,,,2020-05-07T03:05:00,,,,0,,,,,,,,,,,,,,,,,,,
2020-05-07 05:00:00,1005.9,21.9,96,0.0,0.0,0.0,0.0,0.0,,,,,2020-05-07T04:05:00,,,,0,,,,,,,,,,,,,,,,,,,
2020-05-07 06:00:00,1005.5,21.6,97,0.0,0.0,3.0,153.0,6.0,,,,,2020-05-07T05:47:00,,,,0,,,,,,,,,,,,,,,,,,,
2020-05-07 07:00:00,1006.4,22.0,97,0.0,0.0,2.2,315.0,0.0,,,,,2020-05-07T06:10:00,,,,0,,,,,,,,,,,,,,,,,,,
2020-05-07 08:00:00,1006.8,22.6,97,0.0,0.0,0.8,171.0,0.0,,,,,2020-05-07T07:42:00,,,,0,,,,,,,,,,,,,,,,,,,
2020-05-07 09:00:00,1006.9,23.2,95,0.0,0.0,1.3,176.0,0.0,,,,,2020-05-07T08:10:00,,,,0,,,,,,,,,,,,,,,,,,,
2020-05-07 10:00:00,1006.9,24.1,91,0.0,0.0,1.3,198.0,0.0,,,,,2020-05-07T09:25:00,,,,0,,,,,,,,,,,,,,,,,,,
2020-05-07 11:00:00,1006.8,24.8,91,0.0,0.0,0.8,115.0,0.0,,,,,2020-05-07T10:48:00,,,,0,,,,,,,,,,,,,,,,,,,
2020-05-07 12:00:00,1006.6,24.4,89,0.0,0.0,1.9,154.0,0.0,,,,,2020-05-07T11:06:00,,,,0,,,,,,,,,,,,,,,,,,,
2020-05-07 13:00:00,1005.7,25.1,88,0.1,0.0,1.6,187.0,0.0,,,,,2020-05-07T12:02:00,,,,0,,,,,,,,,,,,,,,,,,,
2020-05-07 14:00:00,-9999.7,-99.7,-9997,-99.7,-999.7,1.9,200.0,0.0,,,,,2020-05-07T13:04:00,,,,0,,,,,,,,,,,,,,,,,,,
2020-05-07 15:00:00,1004.8,26.4,85,0.2,0.0,6.0,190.0,0.0,,,,,2020-05-07T14:18:00,,,,0,,,,,,,,,,,,,,,,,,,
2020-05-07 16:00:00,1004.6,26.7,85,0.0,0.0,1.3,340.0,0.0,,,,,2020-05-07T15:02:00,,,,0,,,,,,,,,,,,,,,,,,,
2020-05-07 17:00:00,1004.6,26.0,87,0.0,0.0,1.3,325.0,0.0,,,,,2020-05-07T16:09:00,,,,0,,,,,,,,,,,,,,,,,,,
2020-05-07 18:00:00,1004.8,25.5,90,0.0,0.0,1.1,39.0,0.0,,,,,2020-05-07T17:34:00,,,,0,,,,,,,,,,,,,,,,,,,
2020-05-07 19:00:00,1005.2,25.0,91,0.0,0.0,0.0,0.0,0.0,,,,,2020-05-07T18:05:00,,,,0,,,,,,,,,,,,,,,,,,,
2020-05-07 20:00:00,1005.7,24.4,93,0.0,0.0,0.0,0.0,0.0,,,,,2020-05-07T19:05:00,,,,0,,,,,,,,,,,,,,,,,,,
2020-05-07 21:00:00,1006.2,24.4,92,0.0,0.0,0.0,0.0,0.0,,,,,2020-05-07T20:05:00,,,,0,,,,,,,,,,,,,,,,,,,
2020-05-07 22:00:00,1006.4,24.0,94,0.0,0.0,0.0,0.0,0.0,,,,,2020-05-07T21:05:00,,,,0,,,,,,,,,,,,,,,,,,,
2020-05-07 23:00:00,1006.2,23.6,95,0.0,0.0,0.0,0.0,0.0,,,,,2020-05-07T22:05:00,,,,0,,,,,,,,,,,,,,,,,,,
2020-05-08 00:00:00,1005.6,23.3,96,0.0,0.0,0.0,0.0,0.0,,,,,2020-05-07T23:05:00,,,,0,,,,,,,,,,,,,,,,,,,
2020-05-08 01:00:00,1005.4,23.0,97,0.0,0.0,1.3,331.0,0.0,,,,,2020-05-08T00:05:00,,,,0,,,,,,,,,,,,,,,,,,,
2020-05-08 02:00:00,1004.8,22.8,97,0.0,0.0,1.9,320.0,0.0,,,,,2020-05-08T01:04:00,,,,0,,,,,,,,,,,,,,,,,,,
2020-05-08 03:00:00,1004.6,22.6,97,0.0,0.0,1.3,338.0,0.0,,,,,2020-05-08T02:03:00,,,,0,,,,,,,,,,,,,,,,,,,
2020-05-08 04:00:00,1004.6,22.8,97,0.2,0.0,1.3,316.0,0.0,,,,,2020-05-08T03:58:00,,,,0,,,,,,,,,,,,,,,,,,,
2020-05-08 05:00:00,1004.9,22.6,97,0.4,325.0,1.9,313.0,0.0,,,,,2020-05-08T04:09:00,,,,0,,,,,,,,,,,,,,,,,,,
2020-05-08 06:00:00,1005.5,22.8,97,0.0,0.0,1.9,325.0,0.0,,,,,2020-05-08T05:04:00,,,,0,,,,,,,,,,,,,,,,,,,
2020-05-08 07:00:00,1006.0,23.7,96,0.0,0.0,1.3,315.0,0.0,,,,,2020-05-08T06:20:00,,,,0,,,,,,,,,,,,,,,,,,,
2020-05-08 08:00:00,1006.1,25.3,91,0.0,0.0,1.1,328.0,0.0,,,,,2020-05-08T07:14:00,,,,0,,,,,,,,,,,,,,,,,,,
2020-05-08 09:00:00,1005.9,28.1,78,0.0,0.0,2.4,170.0,0.0,,,,,2020-05-08T08:45:00,,,,0,,,,,,,,,,,,,,,,,,,
2020-05-08 10:00:00,1005.6,29.9,72,0.2,0.0,3.5,174.0,0.0,,,,,2020-05-08T09:55:00,,,,0,,,,,,,,,,,,,,,,,,,
2020-05-08 11:00:00,1005.0,30.4,69,0.3,140.0,3.5,150.0,0.0,,,,,2020-05-08T10:34:00,,,,0,,,,,,,,,,,,,,,,,,,
2020-05-08 12:00:00,1004.7,29.4,73,0.6,138.0,6.0,177.0,0.0,,,,,2020-05-08T11:40:00,,,,0,,,,,,,,,,,,,,,,,,,
2020-05-08 13:00:00,1004.4,29.4,73,0.3,138.0,6.6,152.0,0.0,,,,,2020-05-08T12:11:00,,,,0,,,,,,,,,,,,,,,,,,,
2020-05-08 14:00:00,1004.1,29.0,75,0.4,131.0,6.0,172.0,0.0,,,,,2020-05-08T13:05:00,,,,0,,,,,,,,,,,,,,,,,,,
2020-05-08 15:00:00,1003.9,27.8,80,0.3,156.0,4.9,156.0,0.0,,,,,2020-05-08T14:48:00,,,,0,,,,,,,,,,,,,,,,,,,
2020-05-08 16:00:00,1003.5,27.8,80,0.1,0.0,2.4,176.0,0.0,,,,,2020-05-08T15:02:00,,,,0,,,,,,,,,,,,,,,,,,,
2020-05-08 17:00:00,1003.6,27.4,81,0.1,0.0,2.7,207.0,0.0,,,,,2020-05-08T16:26:00,,,,0,,,,,,,,,,,,,,,,,,,
2020-05-08 18:00:00,1004.1,27.1,81,0.2,0.0,1.9,337.0,0.0,,,,,2020-05-08T17:34:00,,,,0,,,,,,,,,,,,,,,,,,,
2020-05-08 19:00:00,1004.6,26.4,86,0.0,0.0,1.9,169.0,0.0,,,,,2020-05-08T18:10:00,,,,0,,,,,,,,,,,,,,,,,,,
2020-05-08 20:00:00,1005.2,25.8,89,0.0,0.0,1.3,325.0,0.0,,,,,2020-05-08T19:37:00,,,,0,,,,,,,,,,,,,,,,,,,
2020-05-08 21:00:00,1005.3,25.6,91,0.0,0.0,2.4,350.0,0.0,,,,,2020-05-08T20:49:00,,,,0,,,,,,,,,,,,,,,,,,,
2020-05-08 22:00:00,1006.0,25.6,90,0.0,0.0,2.4,350.0,0.0,,,,,2020-05-08T21:10:00,,,,0,,,,,,,,,,,,,,,,,,,
2020-05-08 23:00:00,1005.5,26.0,91,0.0,0.0,0.0,0.0,0.0,,,,,2020-05-08T22:05:00,,,,0,,,,,,,,,,,,,,,,,,,
2020-05-09 00:00:00,1004.8,26.0,92,0.0,0.0,1.3,351.0,0.0,,,,,2020-05-08T23:46:00,,,,0,,,,,,,,,,,,,,,,,,,
2020-05-09 01:00:00,1004.1,26.1,91,0.0,0.0,2.4,345.0,0.0,,,,,2020-05-09T00:04:00,,,,0,,,,,,,,,,,,,,,,,,,
2020-05-09 02:00:00,1003.7,26.0,92,0.0,0.0,1.3,330.0,0.0,,,,,2020-05-09T01:02:00,,,,0,,,,,,,,,,,,,,,,,,,
2020-05-09 03:00:00,1003.3,25.7,93,0.0,0.0,1.3,249.0,0.0,,,,,2020-05-09T02:28:00,,,,0,,,,,,,,,,,,,,,,,,,
2020-05-09 04:00:00,1003.3,25.2,94,0.0,0.0,0.8,11.0,0.0,,,,,2020-05-09T03:32:00,,,,0,,,,,,,,,,,,,,,,,,,
2020-05-09 05:00:00,1003.9,24.5,95,0.1,0.0,1.3,317.0,0.0,,,,,2020-05-09T04:31:00,,,,0,,,,,,,,,,,,,,,,,,,
2020-05-09 06:00:00,1004.6,24.4,95,0.1,0.0,1.9,271.0,0.0,,,,,2020-05-09T05:47:00,,,,0,,,,,,,,,,,,,,,,,,,
2020-05-09 07:00:00,1004.8,25.6,93,0.0,0.0,1.3,328.0,0.0,,,,,2020-05-09T06:33:00,,,,0,,,,,,,,,,,,,,,,,,,
2020-05-09 08:00:00,1004.6,28.0,85,0.0,0.0,1.9,326.0,0.0,,,,,2020-05-09T07:50:00,,,,0,,,,,,,,,,,,,,,,,,,
2020-05-09 09:00:00,1004.6,29.6,81,0.0,0.0,1.9,172.0,0.0,,,,,2020-05-09T08:26:00,,,,0,,,,,,,,,,,,,,,,,,,
2020-05-09 10:00:00,1004.4,32.1,71,0.0,0.0,2.4,134.0,0.0,,,,,2020-05-09T09:30:00,,,,0,,,,,,,,,,,,,,,,,,,
2020-05-09 11:00:00,1004.0,33.6,66,0.5,173.0,3.5,156.0,0.0,,,,,2020-05-09T10:42:00,,,,0,,,,,,,,,,,,,,,,,,,
2020-05-09 12:00:00,1003.7,31.9,70,0.5,182.0,3.5,167.0,0.0,,,,,2020-05-09T11:31:00,,,,0,,,,,,,,,,,,,,,,,,,
2020-05-09 13:00:00,1003.1,32.5,69,0.1,0.0,4.9,170.0,0.0,,,,,2020-05-09T12:04:00,,,,0,,,,,,,,,,,,,,,,,,,
2020-05-09 14:00:00,1002.6,31.3,73,0.2,0.0,4.9,167.0,0.0,,,,,2020-05-09T13:51:00,,,,0,,,,,,,,,,,,,,,,,,,
2020-05-09 15:00:00,1002.2,31.4,73,0.2,0.0,3.5,170.0,0.0,,,,,2020-05-09T14:10:00,,,,0,,,,,,,,,,,,,,,,,,,
2020-05-09 16:00:00,1002.0,30.4,77,0.6,154.0,5.5,168.0,0.0,,,,,2020-05-09T15:18:00,,,,0,,,,,,,,,,,,,,,,,,,
2020-05-09 17:00:00,1002.0,29.5,80,0.0,0.0,3.5,161.0,0.0,,,,,2020-05-09T16:33:00,,,,0,,,,,,,,,,,,,,,,,,,
2020-05-09 18:00:00,1002.4,28.7,83,0.1,0.0,4.9,160.0,0.0,,,,,2020-05-09T17:24:00,,,,0,,,,,,,,,,,,,,,,,,,
2020-05-09 19:00:00,1002.9,28.6,83,0.0,0.0,3.3,159.0,0.0,,,,,2020-05-09T18:17:00,,,,0,,,,,,,,,,,,,,,,,,,
2020-05-09 20:00:00,1003.3,28.5,85,0.0,0.0,0.8,45.0,0.0,,,,,2020-05-09T19:05:00,,,,0,,,,,,,,,,,,,,,,,,,
2020-05-09 21:00:00,1003.9,27.9,87,0.4,69.0,1.9,61.0,0.0,,,,,2020-05-09T20:59:00,,,,0,,,,,,,,,,,,,,,,,,,
2020-05-09 22:00:00,1004.3,27.4,88,0.0,0.0,1.6,269.0,0.0,,,,,2020-05-09T21:10:00,,,,0,,,,,,,,,,,,,,,,,,,
2020-05-09 23:00:00,1004.6,27.5,90,0.0,0.0,1.1,321.0,0.0,,,,,2020-05-09T22:27:00,,,,0,,,,,,,,,,,,,,,,,,,
2020-05-10 00:00:00,1004.5,26.8,93,0.0,0.0,1.3,322.0,0.0,,,,,2020-05-09T23:27:00,,,,0,,,,,,,,,,,,,,,,,,,
2020-05-10 01:00:00,1003.9,26.6,94,0.0,0.0,0.8,317.0,0.0,,,,,2020-05-10T00:21:00,,,,0,,,,,,,,,,,,,,,,,,,
2020-05-10 02:00:00,1003.4,26.4,93,0.0,0.0,1.3,317.0,0.0,,,,,2020-05-10T01:13:00,,,,0,,,,,,,,,,,,,,,,,,,
2020-05-10 03:00:00,1003.9,26.3,94,0.0,0.0,0.8,278.0,0.0,,,,,2020-05-10T02:59:00,,,,0,,,,,,,,,,,,,,,,,,,
2020-05-10 04:00:00,1003.9,26.1,94,0.0,0.0,0.0,0.0,0.0,,,,,2020-05-10T03:05:00,,,,0,,,,,,,,,,,,,,,,,,,
2020-05-10 05:00:00,1004.2,25.6,94,0.0,0.0,0.8,335.0,0.0,,,,,2020-05-10T04:09:00,,,,0,,,,,,,,,,,,,,,,,,,
2020-05-10 06:00:00,1004.9,25.5,95,0.0,0.0,0.0,0.0,0.0,,,,,2020-05-10T05:05:00,,,,0,,,,,,,,,,,,,,,,,,,
2020-05-10 07:00:00,1005.2,26.2,94,0.0,0.0,1.1,314.0,0.0,,,,,2020-05-10T06:21:00,,,,0,,,,,,,,,,,,,,,,,,,
2020-05-10 08:00:00,1005.3,27.8,88,0.0,0.0,2.2,322.0,0.0,,,,,2020-05-10T07:46:00,,,,0,,,,,,,,,,,,,,,,,,,
2020-05-10 09:00:00,1005.1,30.4,79,0.0,0.0,1.3,355.0,0.0,,,,,2020-05-10T08:34:00,,,,0,,,,,,,,,,,,,,,,,,,
2020-05-10 10:00:00,1004.8,32.1,71,0.1,0.0,1.6,192.0,0.0,,,,,2020-05-10T09:03:00,,,,0,,,,,,,,,,,,,,,,,,,
2020-05-10 11:00:00,1004.6,32.3,75,0.1,0.0,1.9,165.0,0.0,,,,,2020-05-10T10:55:00,,,,0,,,,,,,,,,,,,,,,,,,
2020-05-10 12:00:00,1004.1,32.5,73,0.4,335.0,3.3,355.0,0.0,,,,,2020-05-10T11:59:00,,,,0,,,,,,,,,,,,,,,,,,,
2020-05-10 13:00:00,1004.0,31.7,75,0.0,0.0,1.6,226.0,0.0,,,,,2020-05-10T12:48:00,,,,0,,,,,,,,,,,,,,,,,,,
2020-05-10 14:00:00,1003.7,29.5,79,0.0,0.0,3.5,174.0,0.0,,,,,2020-05-10T13:14:00,,,,0,,,,,,,,,,,,,,,,,,,
2020-05-10 15:00:00,1003.3,29.6,79,0.4,165.0,2.2,265.0,0.0,,,,,2020-05-10T14:07:00,,,,0,,,,,,,,,,,,,,,,,,,
2020-05-10 16:00:00,1003.2,28.6,86,0.0,0.0,2.4,177.0,0.0,,,,,2020-05-10T15:38:00,,,,0,,,,,,,,,,,,,,,,,,,
2020-05-10 17:00:00,1003.7,27.7,90,0.0,0.0,1.3,172.0,0.0,,,,,2020-05-10T16:27:00,,,,0,,,,,,,,,,,,,,,,,,,
2020-05-10 18:00:00,1004.6,28.0,83,0.0,0.0,2.4,208.0,0.0,,,,,2020-05-10T17:09:00,,,,0,,,,,,,,,,,,,,,,,,,
2020-05-10 19:00:00,1004.8,27.1,91,0.0,0.0,1.3,172.0,0.0,,,,,2020-05-10T18:17:00,,,,0,,,,,,,,,,,,,,,,,,,
2020-05-10 20:00:00,1005.9,26.6,93,0.0,0.0,1.6,329.0,2.0,,,,,2020-05-10T19:31:00,,,,0,,,,,,,,,,,,,,,,,,,
2020-05-10 21:00:00,1007.0,25.5,95,0.1,0.0,1.9,202.0,8.5,,,,,2020-05-10T20:23:00,,,,0,,,,,,,,,,,,,,,,,,,
2020-05-10 22:00:00,1007.2,24.1,96,0.0,0.0,2.2,349.0,14.5,,,,,2020-05-10T21:08:00,,,,0,,,,,,,,,,,,,,,,,,,
2020-05-10 23:00:00,1006.8,23.9,97,0.0,0.0,0.8,157.0,0.0,,,,,2020-05-10T22:48:00,,,,0,,,,,,,,,,,,,,,,,,,
2020-05-11 00:00:00,1006.5,24.0,97,0.0,0.0,0.8,183.0,0.0,,,,,2020-05-10T23:06:00,,,,0,,,,,,,,,,,,,,,,,,,
2020-05-11 01:00:00,1006.1,24.3,97,0.0,0.0,1.3,170.0,0.5,,,,,2020-05-11T00:38:00,,,,0,,,,,,,,,,,,,,,,,,,
2020-05-11 02:00:00,1005.9,24.3,97,0.0,0.0,0.8,279.0,0.0,,,,,2020-05-11T01:45:00,,,,0,,,,,,,,,,,,,,,,,,,
2020-05-11 03:00:00,1005.7,24.3,97,0.0,0.0,1.9,246.0,0.5,,,,,2020-05-11T02:09:00,,,,0,,,,,,,,,,,,,,,,,,,
2020-05-11 04:00:00,1005.7,24.3,98,0.0,0.0,0.0,0.0,0.0,,,,,2020-05-11T03:05:00,,,,0,,,,,,,,,,,,,,,,,,,
2020-05-11 05:00:00,1006.3,24.0,97,0.0,0.0,1.6,186.0,0.5,,,,,2020-05-11T04:57:00,,,,0,,,,,,,,,,,,,,,,,,,
2020-05-11 06:00:00,1006.6,23.8,97,0.0,0.0,1.3,93.0,1.0,,,,,2020-05-11T05:01:00,,,,0,,,,,,,,,,,,,,,,,,,
2020-05-11 07:00:00,1007.3,23.6,98,0.0,0.0,0.8,118.0,0.0,,,,,2020-05-11T06:34:00,,,,0,,,,,,,,,,,,,,,,,,,
2020-05-11 08:00:00,1007.7,23.4,98,0.0,0.0,0.8,188.0,0.0,,,,,2020-05-11T07:18:00,,,,0,,,,,,,,,,,,,,,,,,,
2020-05-11 09:00:00,1007.7,23.4,98,0.0,0.0,0.8,172.0,0.0,,,,,2020-05-11T08:27:00,,,,0,,,,,,,,,,,,,,,,,,,
2020-05-11 10:00:00,1007.4,23.8,97,0.0,0.0,1.3,170.0,0.0,,,,,2020-05-11T09:05:00,,,,0,,,,,,,,,,,,,,,,,,,
2020-05-11 11:00:00,1007.4,24.2,96,0.0,0.0,1.3,180.0,0.0,,,,,2020-05-11T10:08:00,,,,0,,,,,,,,,,,,,,,,,,,
2020-05-11 12:00:00,1007.0,24.8,94,0.0,0.0,0.8,288.0,0.0,,,,,2020-05-11T11:56:00,,,,0,,,,,,,,,,,,,,,,,,,
2020-05-11 13:00:00,1006.1,24.7,94,0.0,0.0,1.9,350.0,0.0,,,,,2020-05-11T12:33:00,,,,0,,,,,,,,,,,,,,,,,,,
2020-05-11 14:00:00,1005.6,24.3,93,0.8,353.0,1.9,326.0,0.0,,,,,2020-05-11T13:56:00,,,,0,,,,,,,,,,,,,,,,,,,
2020-05-11 15:00:00,1005.1,23.8,93,0.0,0.0,3.0,335.0,0.0,,,,,2020-05-11T14:04:00,,,,0,,,,,,,,,,,,,,,,,,,
2020-05-11 16:00:00,1004.7,23.1,96,0.0,0.0,1.6,179.0,0.0,,,,,2020-05-11T15:18:00,,,,0,,,,,,,,,,,,,,,,,,,
2020-05-11 17:00:00,1005.1,22.5,97,0.1,0.0,1.3,179.0,0.0,,,,,2020-05-11T16:58:00,,,,0,,,,,,,,,,,,,,,,,,,
2020-05-11 18:00:00,1005.3,22.3,97,0.0,0.0,1.6,165.0,0.0,,,,,2020-05-11T17:22:00,,,,0,,,,,,,,,,,,,,,,,,,
2020-05-11 19:00:00,1005.7,22.3,97,0.0,0.0,1.3,169.0,0.0,,,,,2020-05-11T18:06:00,,,,0,,,,,,,,,,,,,,,,,,,
2020-05-11 20:00:00,1005.6,22.3,97,0.0,0.0,1.3,157.0,0.0,,,,,2020-05-11T19:46:00,,,,0,,,,,,,,,,,,,,,,,,,
2020-05-11 21:00:00,1006.2,22.5,97,0.0,0.0,0.0,0.0,0.0,,,,,2020-05-11T20:05:00,,,,0,,,,,,,,,,,,,,,,,,,
2020-05-11 22:00:00,1006.3,22.4,97,0.0,0.0,0.0,0.0,0.0,,,,,2020-05-11T21:05:00,,,,0,,,,,,,,,,,,,,,,,,,
2020-05-11 23:00:00,1006.2,22.6,97,0.0,0.0,0.0,0.0,0.5,,,,,2020-05-11T22:05:00,,,,0,,,,,,,,,,,,,,,,,,,
2020-05-12 00:00:00,1005.9,22.6,97,0.0,0.0,0.0,0.0,0.0,,,,,2020-05-11T23:05:00,,,,0,,,,,,,,,,,,,,,,,,,
2020-05-12 01:00:00,1005.2,22.6,97,0.0,0.0,0.0,0.0,0.0,,,,,2020-05-12T00:05:00,,,,0,,,,,,,,,,,,,,,,,,,
2020-05-12 02:00:00,1004.7,22.7,97,0.0,0.0,0.0,0.0,0.0,,,,,2020-05-12T01:05:00,,,,0,,,,,,,,,,,,,,,,,,,
2020-05-12 03:00:00,1004.5,22.8,97,0.0,0.0,0.0,0.0,0.0,,,,,2020-05-12T02:05:00,,,,0,,,,,,,,,,,,,,,,,,,
2020-05-12 04:00:00,1004.4,22.8,97,0.0,0.0,1.3,246.0,0.0,,,,,2020-05-12T03:39:00,,,,0,,,,,,,,,,,,,,,,,,,
2020-05-12 05:00:00,1004.5,22.8,97,0.0,0.0,1.9,235.0,0.0,,,,,2020-05-12T04:44:00,,,,0,,,,,,,,,,,,,,,,,,,
2020-05-12 06:00:00,1004.9,23.0,97,0.0,0.0,1.3,218.0,0.0,,,,,2020-05-12T05:02:00,,,,0,,,,,,,,,,,,,,,,,,,
2020-05-12 07:00:00,1005.1,23.3,97,0.0,0.0,1.3,329.0,0.0,,,,,2020-05-12T06:03:00,,,,0,,,,,,,,,,,,,,,,,,,
2020-05-12 08:00:00,1006.0,23.4,96,0.0,0.0,1.9,265.0,0.0,,,,,2020-05-12T07:32:00,,,,0,,,,,,,,,,,,,,,,,,,
2020-05-12 09:00:00,1006.8,23.5,96,0.2,0.0,3.0,347.0,1.5,,,,,2020-05-12T08:55:00,,,,0,,,,,,,,,,,,,,,,,,,
2020-05-12 10:00:00,1006.9,23.3,94,0.4,262.0,2.4,345.0,0.0,,,,,2020-05-12T09:06:00,,,,0,,,,,,,,,,,,,,,,,,,
2020-05-12 11:00:00,1007.2,22.9,95,0.0,0.0,2.4,249.0,1.5,,,,,2020-05-12T10:03:00,,,,0,,,,,,,,,,,,,,,,,,,
2020-05-12 12:00:00,1007.7,22.2,96,0.0,0.0,1.9,260.0,3.5,,,,,2020-05-12T11:44:00,,,,0,,,,,,,,,,,,,,,,,,,
2020-05-12 13:00:00,1007.5,21.9,96,0.0,0.0,1.3,288.0,8.0,,,,,2020-05-12T12:03:00,,,,0,,,,,,,,,,,,,,,,,,,
2020-05-12 14:00:00,1006.9,22.5,96,0.0,0.0,2.4,331.0,0.5,,,,,2020-05-12T13:44:00,,,,0,,,,,,,,,,,,,,,,,,,
2020-05-12 15:00:00,1006.9,22.3,92,0.0,0.0,3.0,315.0,0.0,,,,,2020-05-12T14:11:00,,,,0,,,,,,,,,,,,,,,,,,,
2020-05-12 16:00:00,1006.8,22.3,91,0.0,0.0,1.3,214.0,0.0,,,,,2020-05-12T15:40:00,,,,0,,,,,,,,,,,,,,,,,,,
2020-05-12 17:00:00,1007.2,22.9,86,0.0,0.0,0.8,348.0,0.0,,,,,2020-05-12T16:01:00,,,,0,,,,,,,,,,,,,,,,,,,
2020-05-12 18:00:00,1007.6,22.6,88,0.0,0.0,1.6,227.0,0.0,,,,,2020-05-12T17:51:00,,,,0,,,,,,,,,,,,,,,,,,,
2020-05-12 19:00:00,1008.3,22.1,93,0.0,0.0,0.0,0.0,0.0,,,,,2020-05-12T18:05:00,,,,0,,,,,,,,,,,,,,,,,,,
2020-05-12 20:00:00,1009.1,21.4,95,0.0,0.0,0.8,198.0,0.0,,,,,2020-05-12T19:15:00,,,,0,,,,,,,,,,,,,,,,,,,
2020-05-12 21:00:00,1009.4,21.0,96,0.0,0.0,1.3,247.0,0.0,,,,,2020-05-12T20:04:00,,,,0,,,,,,,,,,,,,,,,,,,
2020-05-12 22:00:00,1009.7,20.8,96,0.0,0.0,0.0,0.0,0.0,,,,,2020-05-12T21:05:00,,,,0,,,,,,,,,,,,,,,,,,,
2020-05-12 23:00:00,1009.6,20.8,97,0.0,0.0,0.8,289.0,0.0,,,,,2020-05-12T22:28:00,,,,0,,,,,,,,,,,,,,,,,,,
2020-05-13 00:00:00,1009.6,20.5,97,0.0,0.0,0.0,0.0,0.0,,,,,2020-05-12T23:05:00,,,,0,,,,,,,,,,,,,,,,,,,
2020-05-13 01:00:00,1009.3,20.3,98,0.0,0.0,0.0,0.0,0.0,,,,,2020-05-13T00:05:00,,,,0,,,,,,,,,,,,,,,,,,,
2020-05-13 02:00:00,1009.0,20.3,98,0.0,0.0,1.3,280.0,0.0,,,,,2020-05-13T01:33:00,,,,0,,,,,,,,,,,,,,,,,,,
2020-05-13 03:00:00,1008.9,20.3,98,0.0,0.0,0.0,0.0,0.0,,,,,2020-05-13T02:05:00,,,,0,,,,,,,,,,,,,,,,,,,
2020-05-13 04:00:00,1009.2,20.3,98,0.0,0.0,0.0,0.0,0.0,,,,,2020-05-13T03:05:00,,,,0,,,,,,,,,,,,,,,,,,,
2020-05-13 05:00:00,1009.6,20.5,98,0.0,0.0,0.0,0.0,0.0,,,,,2020-05-13T04:05:00,,,,0,,,,,,,,,,,,,,,,,,,
2020-05-13 06:00:00,1010.3,20.7,98,0.0,0.0,0.0,0.0,0.0,,,,,2020-05-13T05:05:00,,,,0,,,,,,,,,,,,,,,,,,,
2020-05-13 07:00:00,1010.7,21.5,96,0.0,0.0,0.0,0.0,0.0,,,,,2020-05-13T06:05:00,,,,0,,,,,,,,,,,,,,,,,,,
2020-05-13 08:00:00,1011.1,23.1,92,0.0,0.0,0.0,0.0,0.0,,,,,2020-05-13T07:05:00,,,,0,,,,,,,,,,,,,,,,,,,
2020-05-13 09:00:00,1011.3,25.4,83,0.1,0.0,1.6,197.0,0.0,,,,,2020-05-13T08:23:00,,,,0,,,,,,,,,,,,,,,,,,,
2020-05-13 10:00:00,1011.3,26.6,74,0.2,0.0,2.2,222.0,0.0,,,,,2020-05-13T09:27:00,,,,0,,,,,,,,,,,,,,,,,,,
2020-05-13 11:00:00,1011.1,27.7,68,0.2,0.0,1.9,204.0,0.0,,,,,2020-05-13T10:04:00,,,,0,,,,,,,,,,,,,,,,,,,
2020-05-13 12:00:00,1010.7,28.4,66,0.5,187.0,2.7,189.0,0.0,,,,,2020-05-13T12:00:00,,,,0,,,,,,,,,,,,,,,,,,,
2020-05-13 13:00:00,1010.2,28.7,66,0.5,185.0,3.5,317.0,0.0,,,,,2020-05-13T12:01:00,,,,0,,,,,,,,,,,,,,,,,,,
2020-05-13 14:00:00,1009.6,28.4,65,0.3,188.0,3.3,191.0,0.0,,,,,2020-05-13T13:38:00,,,,0,,,,,,,,,,,,,,,,,,,
2020-05-13 15:00:00,1009.1,27.1,67,0.1,0.0,2.4,202.0,0.0,,,,,2020-05-13T14:16:00,,,,0,,,,,,,,,,,,,,,,,,,
2020-05-13 16:00:00,1009.1,26.1,70,0.1,0.0,1.9,198.0,0.0,,,,,2020-05-13T15:17:00,,,,0,,,,,,,,,,,,,,,,,,,
2020-05-13 17:00:00,1009.1,25.7,76,0.0,0.0,1.3,115.0,0.0,,,,,2020-05-13T16:28:00,,,,0,,,,,,,,,,,,,,,,,,,
2020-05-13 18:00:00,1009.4,25.5,74,0.0,0.0,1.3,132.0,0.0,,,,,2020-05-13T17:54:00,,,,0,,,,,,,,,,,,,,,,,,,
2020-05-13 19:00:00,1009.5,25.0,79,0.0,0.0,1.3,197.0,0.0,,,,,2020-05-13T18:48:00,,,,0,,,,,,,,,,,,,,,,,,,
2020-05-13 20:00:00,1010.0,25.1,82,0.0,0.0,1.3,179.0,0.0,,,,,2020-05-13T19:32:00,,,,0,,,,,,,,,,,,,,,,,,,
2020-05-13 21:00:00,1010.2,24.8,84,0.0,0.0,2.4,85.0,0.0,,,,,2020-05-13T20:53:00,,,,0,,,,,,,,,,,,,,,,,,,
2020-05-13 22:00:00,1010.4,24.3,89,0.0,0.0,1.9,161.0,0.0,,,,,2020-05-13T21:18:00,,,,0,,,,,,,,,,,,,,,,,,,
2020-05-13 23:00:00,1010.2,23.9,92,0.0,0.0,1.1,37.0,0.0,,,,,2020-05-13T22:02:00,,,,0,,,,,,,,,,,,,,,,,,,
2020-05-14 00:00:00,1009.6,23.9,93,0.0,0.0,0.8,10.0,0.0,,,,,2020-05-13T23:45:00,,,,0,,,,,,,,,,,,,,,,,,,
2020-05-14 01:00:00,1009.0,23.6,96,0.0,0.0,0.8,14.0,0.0,,,,,2020-05-14T00:57:00,,,,0,,,,,,,,,,,,,,,,,,,
2020-05-14 02:00:00,1008.8,23.5,94,0.0,0.0,1.3,12.0,0.0,,,,,2020-05-14T01:35:00,,,,0,,,,,,,,,,,,,,,,,,,
2020-05-14 03:00:00,1008.5,23.5,95,0.0,0.0,1.3,37.0,0.0,,,,,2020-05-14T02:23:00,,,,0,,,,,,,,,,,,,,,,,,,
2020-05-14 04:00:00,1008.4,23.7,94,0.0,0.0,0.8,351.0,0.0,,,,,2020-05-14T03:24:00,,,,0,,,,,,,,,,,,,,,,,,,
2020-05-14 05:00:00,1008.4,23.4,95,0.0,0.0,1.3,315.0,0.0,,,,,2020-05-14T04:51:00,,,,0,,,,,,,,,,,,,,,,,,,
2020-05-14 06:00:00,1008.6,23.5,95,0.0,0.0,0.8,344.0,0.0,,,,,2020-05-14T05:16:00,,,,0,,,,,,,,,,,,,,,,,,,
2020-05-14 07:00:00,1008.7,24.1,92,0.0,0.0,0.8,181.0,0.0,,,,,2020-05-14T06:10:00,,,,0,,,,,,,,,,,,,,,,,,,
2020-05-14 08:00:00,1009.0,25.0,88,0.1,0.0,1.6,33.0,0.0,,,,,2020-05-14T07:28:00,,,,0,,,,,,,,,,,,,,,,,,,
2020-05-14 09:00:00,1009.2,26.3,80,0.1,0.0,2.2,104.0,0.0,,,,,2020-05-14T08:57:00,,,,0,,,,,,,,,,,,,,,,,,,
2020-05-14 10:00:00,1009.0,26.8,77,0.6,181.0,5.5,191.0,0.0,,,,,2020-05-14T09:49:00,,,,0,,,,,,,,,,,,,,,,,,,
2020-05-14 11:00:00,1008.7,28.0,75,0.3,152.0,5.5,171.0,0.0,,,,,2020-05-14T10:51:00,,,,0,,,,,,,,,,,,,,,,,,,
2020-05-14 12:00:00,1007.9,29.3,69,1.2,170.0,5.5,191.0,0.0,,,,,2020-05-14T11:56:00,,,,0,,,,,,,,,,,,,,,,,,,
2020-05-14 13:00:00,1007.3,29.5,68,1.1,181.0,4.9,233.0,0.0,,,,,2020-05-14T12:59:00,,,,0,,,,,,,,,,,,,,,,,,,
2020-05-14 14:00:00,1006.6,29.5,71,0.3,182.0,3.5,168.0,0.0,,,,,2020-05-14T13:26:00,,,,0,,,,,,,,,,,,,,,,,,,
2020-05-14 15:00:00,1006.1,28.6,71,0.7,166.0,6.0,167.0,0.0,,,,,2020-05-14T14:27:00,,,,0,,,,,,,,,,,,,,,,,,,
2020-05-14 16:00:00,1005.5,28.2,75,0.9,171.0,4.9,164.0,0.0,,,,,2020-05-14T15:14:00,,,,0,,,,,,,,,,,,,,,,,,,
2020-05-14 17:00:00,1005.3,27.5,76,0.4,132.0,5.5,180.0,0.0,,,,,2020-05-14T16:46:00,,,,0,,,,,,,,,,,,,,,,,,,
2020-05-14 18:00:00,1005.3,27.3,78,0.0,0.0,3.0,174.0,0.0,,,,,2020-05-14T17:13:00,,,,0,,,,,,,,,,,,,,,,,,,
2020-05-14 19:00:00,1005.7,26.8,80,0.0,0.0,1.3,173.0,0.0,,,,,2020-05-14T18:02:00,,,,0,,,,,,,,,,,,,,,,,,,
2020-05-14 20:00:00,1006.1,26.4,83,0.0,0.0,0.8,307.0,0.0,,,,,2020-05-14T19:04:00,,,,0,,,,,,,,,,,,,,,,,,,
2020-05-14 21:00:00,1006.5,25.5,88,0.0,0.0,1.6,306.0,0.0,,,,,2020-05-14T20:49:00,,,,0,,,,,,,,,,,,,,,,,,,
2020-05-14 22:00:00,1006.9,24.8,91,0.0,0.0,1.3,329.0,0.0,,,,,2020-05-14T21:01:00,,,,0,,,,,,,,,,,,,,,,,,,
2020-05-14 23:00:00,1006.6,24.6,92,0.0,0.0,0.8,302.0,0.0,,,,,2020-05-14T22:01:00,,,,0,,,,,,,,,,,,,,,,,,,
2020-05-15 00:00:00,1006.1,24.1,93,0.0,0.0,0.0,0.0,0.0,,,,,2020-05-14T23:05:00,,,,0,,,,,,,,,,,,,,,,,,,
2020-05-15 01:00:00,1005.8,23.5,94,0.0,0.0,0.0,0.0,0.0,,,,,2020-05-15T00:05:00,,,,0,,,,,,,,,,,,,,,,,,,
2020-05-15 02:00:00,1005.2,23.1,95,0.0,0.0,0.0,0.0,0.0,,,,,2020-05-15T01:05:00,,,,0,,,,,,,,,,,,,,,,,,,
2020-05-15 03:00:00,1004.9,22.6,96,0.0,0.0,0.8,12.0,0.0,,,,,2020-05-15T02:15:00,,,,0,,,,,,,,,,,,,,,,,,,
2020-05-15 04:00:00,1005.0,22.4,96,0.0,0.0,0.0,0.0,0.0,,,,,2020-05-15T03:05:00,,,,0,,,,,,,,,,,,,,,,,,,
2020-05-15 05:00:00,1005.4,22.0,96,0.0,0.0,1.3,336.0,0.0,,,,,2020-05-15T04:19:00,,,,0,,,,,,,,,,,,,,,,,,,
2020-05-15 06:00:00,1005.5,22.1,96,0.0,0.0,0.0,0.0,0.0,,,,,2020-05-15T05:05:00,,,,0,,,,,,,,,,,,,,,,,,,
2020-05-15 07:00:00,1005.4,23.2,95,0.0,0.0,0.8,315.0,0.0,,,,,2020-05-15T06:45:00,,,,0,,,,,,,,,,,,,,,,,,,
2020-05-15 08:00:00,1005.1,26.3,84,0.0,0.0,0.8,330.0,0.0,,,,,2020-05-15T07:11:00,,,,0,,,,,,,,,,,,,,,,,,,
2020-05-15 09:00:00,1004.8,29.9,71,0.3,329.0,1.9,316.0,0.0,,,,,2020-05-15T08:29:00,,,,0,,,,,,,,,,,,,,,,,,,
2020-05-15 10:00:00,1004.8,30.4,65,0.0,0.0,5.5,179.0,0.0,,,,,2020-05-15T09:43:00,,,,0,,,,,,,,,,,,,,,,,,,
2020-05-15 11:00:00,1004.6,30.7,66,0.3,127.0,4.9,150.0,0.0,,,,,2020-05-15T10:07:00,,,,0,,,,,,,,,,,,,,,,,,,
2020-05-15 12:00:00,1004.3,30.1,71,0.4,136.0,5.5,159.0,0.0,,,,,2020-05-15T11:24:00,,,,0,,,,,,,,,,,,,,,,,,,
2020-05-15 13:00:00,1003.9,31.3,68,0.4,151.0,5.5,158.0,0.0,,,,,2020-05-15T12:10:00,,,,0,,,,,,,,,,,,,,,,,,,
2020-05-15 14:00:00,1003.5,31.9,67,0.2,0.0,3.5,199.0,0.0,,,,,2020-05-15T13:20:00,,,,0,,,,,,,,,,,,,,,,,,,
2020-05-15 15:00:00,1003.3,30.5,72,0.2,0.0,3.3,192.0,0.0,,,,,2020-05-15T14:01:00,,,,0,,,,,,,,,,,,,,,,,,,
2020-05-15 16:00:00,1003.3,29.3,77,0.1,0.0,4.9,175.0,0.0,,,,,2020-05-15T15:38:00,,,,0,,,,,,,,,,,,,,,,,,,
2020-05-15 17:00:00,1003.1,30.1,74,0.0,0.0,2.7,178.0,0.0,,,,,2020-05-15T16:01:00,,,,0,,,,,,,,,,,,,,,,,,,
2020-05-15 18:00:00,1003.6,29.3,78,0.0,0.0,2.2,165.0,0.0,,,,,2020-05-15T17:05:00,,,,0,,,,,,,,,,,,,,,,,,,
2020-05-15 19:00:00,1003.9,28.3,84,0.0,0.0,0.8,165.0,0.0,,,,,2020-05-15T18:01:00,,,,0,,,,,,,,,,,,,,,,,,,
2020-05-15 20:00:00,1004.4,27.0,89,0.0,0.0,0.8,187.0,0.0,,,,,2020-05-15T19:21:00,,,,0,,,,,,,,,,,,,,,,,,,
2020-05-15 21:00:00,1004.7,26.1,92,0.3,317.0,1.9,255.0,0.0,,,,,2020-05-15T20:49:00,,,,0,,,,,,,,,,,,,,,,,,,
2020-05-15 22:00:00,1004.8,25.5,93,0.0,0.0,1.6,328.0,0.0,,,,,2020-05-15T21:01:00,,,,0,,,,,,,,,,,,,,,,,,,
2020-05-15 23:00:00,1004.5,25.0,94,0.0,0.0,0.8,332.0,0.0,,,,,2020-05-15T22:47:00,,,,0,,,,,,,,,,,,,,,,,,,
2020-05-16 00:00:00,1004.1,24.6,95,0.0,0.0,0.0,0.0,0.0,,,,,2020-05-15T23:05:00,,,,0,,,,,,,,,,,,,,,,,,,
2020-05-16 01:00:00,1003.6,24.2,95,0.0,0.0,1.1,339.0,0.0,,,,,2020-05-16T00:10:00,,,,0,,,,,,,,,,,,,,,,,,,
2020-05-16 02:00:00,1003.3,23.9,96,0.0,0.0,1.9,339.0,0.0,,,,,2020-05-16T01:34:00,,,,0,,,,,,,,,,,,,,,,,,,
2020-05-16 03:00:00,1003.5,23.8,95,0.0,0.0,1.3,318.0,0.0,,,,,2020-05-16T02:05:00,,,,0,,,,,,,,,,,,,,,,,,,
2020-05-16 04:00:00,1003.9,23.6,96,0.0,0.0,0.8,353.0,0.0,,,,,2020-05-16T03:10:00,,,,0,,,,,,,,,,,,,,,,,,,
2020-05-16 05:00:00,1004.5,23.4,96,0.0,0.0,0.8,313.0,0.0,,,,,2020-05-16T04:28:00,,,,0,,,,,,,,,,,,,,,,,,,
2020-05-16 06:00:00,1004.6,23.4,96,0.0,0.0,1.1,314.0,0.0,,,,,2020-05-16T05:10:00,,,,0,,,,,,,,,,,,,,,,,,,
2020-05-16 07:00:00,1005.1,24.9,93,0.0,0.0,1.3,318.0,0.0,,,,,2020-05-16T06:11:00,,,,0,,,,,,,,,,,,,,,,,,,
2020-05-16 08:00:00,1005.6,26.6,89,0.0,0.0,0.8,319.0,0.0,,,,,2020-05-16T07:24:00,,,,0,,,,,,,,,,,,,,,,,,,
2020-05-16 09:00:00,1005.4,29.5,79,0.1,0.0,1.3,176.0,0.0,,,,,2020-05-16T09:00:00,,,,0,,,,,,,,,,,,,,,,,,,
2020-05-16 10:00:00,1005.3,30.4,73,0.1,0.0,3.0,155.0,0.0,,,,,2020-05-16T09:03:00,,,,0,,,,,,,,,,,,,,,,,,,
2020-05-16 11:00:00,1004.6,30.3,75,0.3,158.0,3.3,156.0,0.0,,,,,2020-05-16T10:58:00,,,,0,,,,,,,,,,,,,,,,,,,
2020-05-16 12:00:00,1004.3,30.4,76,0.2,0.0,3.3,166.0,0.0,,,,,2020-05-16T11:19:00,,,,0,,,,,,,,,,,,,,,,,,,
2020-05-16 13:00:00,1003.7,29.5,80,1.2,310.0,3.8,344.0,0.5,,,,,2020-05-16T12:59:00,,,,0,,,,,,,,,,,,,,,,,,,
2020-05-16 14:00:00,1003.9,26.5,95,0.8,354.0,3.8,323.0,14.0,,,,,2020-05-16T13:02:00,,,,0,,,,,,,,,,,,,,,,,,,
2020-05-16 15:00:00,1004.0,24.7,97,0.0,0.0,4.9,347.0,30.5,,,,,2020-05-16T14:12:00,,,,0,,,,,,,,,,,,,,,,,,,
2020-05-16 16:00:00,1004.3,24.7,97,0.0,0.0,2.4,23.0,2.0,,,,,2020-05-16T15:14:00,,,,0,,,,,,,,,,,,,,,,,,,
2020-05-16 17:00:00,1003.0,25.1,97,0.0,0.0,1.9,311.0,1.5,,,,,2020-05-16T16:11:00,,,,0,,,,,,,,,,,,,,,,,,,
2020-05-16 18:00:00,1003.3,25.0,95,0.0,0.0,3.8,354.0,0.5,,,,,2020-05-16T17:44:00,,,,0,,,,,,,,,,,,,,,,,,,
2020-05-16 19:00:00,1003.3,24.4,96,0.0,0.0,1.3,349.0,0.5,,,,,2020-05-16T18:25:00,,,,0,,,,,,,,,,,,,,,,,,,
2020-05-16 20:00:00,1003.8,24.0,96,0.0,0.0,1.3,350.0,0.0,,,,,2020-05-16T19:24:00,,,,0,,,,,,,,,,,,,,,,,,,
2020-05-16 21:00:00,1003.9,23.6,97,0.0,0.0,1.6,258.0,0.5,,,,,2020-05-16T20:40:00,,,,0,,,,,,,,,,,,,,,,,,,
2020-05-16 22:00:00,1003.6,23.2,97,0.0,0.0,1.9,247.0,0.0,,,,,2020-05-16T21:03:00,,,,0,,,,,,,,,,,,,,,,,,,
2020-05-16 23:00:00,1003.1,23.1,97,0.0,0.0,1.1,243.0,0.0,,,,,2020-05-16T22:41:00,,,,0,,,,,,,,,,,,,,,,,,,
2020-05-17 00:00:00,1002.5,22.9,98,0.1,0.0,3.0,258.0,0.0,,,,,2020-05-16T23:32:00,,,,0,,,,,,,,,,,,,,,,,,,
2020-05-17 01:00:00,1002.0,22.9,97,0.0,0.0,0.0,0.0,0.0,,,,,2020-05-17T00:05:00,,,,0,,,,,,,,,,,,,,,,,,,
2020-05-17 02:00:00,1001.5,22.7,97,0.0,0.0,0.8,294.0,0.0,,,,,2020-05-17T01:20:00,,,,0,,,,,,,,,,,,,,,,,,,
2020-05-17 03:00:00,1001.4,22.5,98,0.0,0.0,1.3,333.0,0.0,,,,,2020-05-17T02:53:00,,,,0,,,,,,,,,,,,,,,,,,,
2020-05-17 04:00:00,1001.7,22.3,98,0.0,0.0,1.3,354.0,0.0,,,,,2020-05-17T03:12:00,,,,0,,,,,,,,,,,,,,,,,,,
2020-05-17 05:00:00,1001.8,21.9,98,0.0,0.0,1.3,349.0,0.0,,,,,2020-05-17T04:15:00,,,,0,,,,,,,,,,,,,,,,,,,
2020-05-17 06:00:00,1001.9,21.8,98,0.0,0.0,1.3,347.0,0.0,,,,,2020-05-17T05:10:00,,,,0,,,,,,,,,,,,,,,,,,,
2020-05-17 07:00:00,1002.1,22.9,98,0.1,0.0,1.3,273.0,0.0,,,,,2020-05-17T06:50:00,,,,0,,,,,,,,,,,,,,,,,,,
2020-05-17 08:00:00,1002.3,25.6,93,0.0,0.0,1.9,314.0,0.0,,,,,2020-05-17T07:41:00,,,,0,,,,,,,,,,,,,,,,,,,
2020-05-17 09:00:00,1001.9,29.8,76,0.0,0.0,1.3,347.0,0.0,,,,,2020-05-17T08:16:00,,,,0,,,,,,,,,,,,,,,,,,,
2020-05-17 10:00:00,1001.8,32.0,67,0.3,342.0,3.3,323.0,0.0,,,,,2020-05-17T10:00:00,,,,0,,,,,,,,,,,,,,,,,,,
2020-05-17 11:00:00,1002.1,30.9,66,1.4,154.0,6.6,162.0,0.0,,,,,2020-05-17T10:44:00,,,,0,,,,,,,,,,,,,,,,,,,
2020-05-17 12:00:00,1002.3,27.7,79,0.8,169.0,7.7,171.0,0.0,,,,,2020-05-17T11:45:00,,,,0,,,,,,,,,,,,,,,,,,,
2020-05-17 13:00:00,1001.4,28.2,72,0.8,156.0,6.6,169.0,0.0,,,,,2020-05-17T12:13:00,,,,0,,,,,,,,,,,,,,,,,,,
2020-05-17 14:00:00,1000.3,27.8,71,0.3,264.0,5.5,99.0,0.0,,,,,2020-05-17T13:21:00,,,,0,,,,,,,,,,,,,,,,,,,
2020-05-17 15:00:00,999.3,29.1,65,0.7,338.0,5.5,316.0,0.0,,,,,2020-05-17T14:18:00,,,,0,,,,,,,,,,,,,,,,,,,
2020-05-17 16:00:00,998.4,29.7,62,0.1,0.0,3.5,156.0,0.0,,,,,2020-05-17T15:12:00,,,,0,,,,,,,,,,,,,,,,,,,
2020-05-17 17:00:00,998.7,28.4,66,0.5,145.0,3.8,183.0,0.0,,,,,2020-05-17T16:46:00,,,,0,,,,,,,,,,,,,,,,,,,
2020-05-17 18:00:00,998.9,28.1,67,0.2,0.0,2.4,182.0,0.0,,,,,2020-05-17T17:12:00,,,,0,,,,,,,,,,,,,,,,,,,
2020-05-17 19:00:00,999.5,26.4,76,0.0,0.0,1.3,88.0,0.0,,,,,2020-05-17T18:05:00,,,,0,,,,,,,,,,,,,,,,,,,
2020-05-17 20:00:00,1000.0,24.5,86,0.2,0.0,1.9,339.0,0.0,,,,,2020-05-17T19:29:00,,,,0,,,,,,,,,,,,,,,,,,,
2020-05-17 21:00:00,1000.5,23.9,90,0.0,0.0,1.9,211.0,0.0,,,,,2020-05-17T20:11:00,,,,0,,,,,,,,,,,,,,,,,,,
2020-05-17 22:00:00,1000.3,23.1,93,0.3,283.0,1.6,280.0,0.0,,,,,2020-05-17T21:59:00,,,,0,,,,,,,,,,,,,,,,,,,
2020-05-17 23:00:00,999.8,22.7,94,0.8,343.0,2.2,268.0,0.0,,,,,2020-05-17T22:48:00,,,,0,,,,,,,,,,,,,,,,,,,
2020-05-18 00:00:00,999.0,22.6,95,0.0,0.0,1.3,247.0,0.0,,,,,2020-05-17T23:01:00,,,,0,,,,,,,,,,,,,,,,,,,
2020-05-18 01:00:00,998.3,22.6,95,0.0,0.0,0.8,351.0,0.0,,,,,2020-05-18T00:05:00,,,,0,,,,,,,,,,,,,,,,,,,
2020-05-18 02:00:00,998.1,22.4,96,0.0,0.0,0.0,0.0,0.0,,,,,2020-05-18T01:05:00,,,,0,,,,,,,,,,,,,,,,,,,
2020-05-18 03:00:00,997.9,22.4,96,0.0,0.0,1.3,333.0,0.0,,,,,2020-05-18T02:33:00,,,,0,,,,,,,,,,,,,,,,,,,
2020-05-18 04:00:00,997.7,22.6,96,0.0,0.0,1.1,262.0,0.0,,,,,2020-05-18T03:50:00,,,,0,,,,,,,,,,,,,,,,,,,
2020-05-18 05:00:00,997.6,22.6,96,0.0,0.0,0.0,0.0,0.0,,,,,2020-05-18T04:05:00,,,,0,,,,,,,,,,,,,,,,,,,
2020-05-18 06:00:00,998.2,22.9,96,0.2,0.0,1.9,328.0,0.0,,,,,2020-05-18T05:57:00,,,,0,,,,,,,,,,,,,,,,,,,
2020-05-18 07:00:00,998.5,24.5,94,0.0,0.0,2.4,249.0,0.0,,,,,2020-05-18T06:36:00,,,,0,,,,,,,,,,,,,,,,,,,
2020-05-18 08:00:00,998.9,25.9,90,0.0,0.0,1.3,351.0,0.0,,,,,2020-05-18T07:38:00,,,,0,,,,,,,,,,,,,,,,,,,
2020-05-18 09:00:00,999.0,27.9,83,0.0,0.0,0.0,0.0,0.0,,,,,2020-05-18T08:05:00,,,,0,,,,,,,,,,,,,,,,,,,
2020-05-18 10:00:00,998.9,27.4,84,0.0,0.0,1.9,338.0,0.0,,,,,2020-05-18T09:25:00,,,,0,,,,,,,,,,,,,,,,,,,
2020-05-18 11:00:00,1000.1,25.4,93,0.0,0.0,2.4,352.0,1.5,,,,,2020-05-18T10:42:00,,,,0,,,,,,,,,,,,,,,,,,,
2020-05-18 12:00:00,1000.3,24.1,92,1.0,342.0,5.5,334.0,2.0,,,,,2020-05-18T11:39:00,,,,0,,,,,,,,,,,,,,,,,,,
2020-05-18 13:00:00,998.7,24.5,92,1.2,309.0,5.5,276.0,1.0,,,,,2020-05-18T12:49:00,,,,0,,,,,,,,,,,,,,,,,,,
2020-05-18 14:00:00,997.8,25.5,87,0.6,307.0,4.9,298.0,0.0,,,,,2020-05-18T13:44:00,,,,0,,,,,,,,,,,,,,,,,,,
2020-05-18 15:00:00,997.5,26.5,84,0.1,0.0,4.9,269.0,0.0,,,,,2020-05-18T14:01:00,,,,0,,,,,,,,,,,,,,,,,,,
2020-05-18 16:00:00,997.8,27.1,82,0.2,0.0,3.5,296.0,0.0,,,,,2020-05-18T15:11:00,,,,0,,,,,,,,,,,,,,,,,,,
2020-05-18 17:00:00,998.3,26.9,84,0.4,287.0,3.5,328.0,0.0,,,,,2020-05-18T16:05:00,,,,0,,,,,,,,,,,,,,,,,,,
2020-05-18 18:00:00,999.0,26.4,86,0.0,0.0,3.0,257.0,0.0,,,,,2020-05-18T17:05:00,,,,0,,,,,,,,,,,,,,,,,,,
2020-05-18 19:00:00,999.0,25.4,93,0.0,0.0,1.1,309.0,0.0,,,,,2020-05-18T18:05:00,,,,0,,,,,,,,,,,,,,,,,,,
2020-05-18 20:00:00,999.8,24.8,95,0.1,0.0,1.3,239.0,0.5,,,,,2020-05-18T19:52:00,,,,0,,,,,,,,,,,,,,,,,,,
2020-05-18 21:00:00,1000.1,24.5,96,0.0,0.0,0.0,0.0,0.0,,,,,2020-05-18T20:05:00,,,,0,,,,,,,,,,,,,,,,,,,
2020-05-18 22:00:00,1000.6,24.3,96,0.0,0.0,1.3,252.0,0.0,,,,,2020-05-18T21:52:00,,,,0,,,,,,,,,,,,,,,,,,,
2020-05-18 23:00:00,1000.3,23.9,97,0.1,0.0,1.1,319.0,0.0,,,,,2020-05-18T22:58:00,,,,0,,,,,,,,,,,,,,,,,,,
2020-05-19 00:00:00,1000.5,23.6,97,0.0,0.0,1.1,314.0,0.0,,,,,2020-05-18T23:27:00,,,,0,,,,,,,,,,,,,,,,,,,
2020-05-19 01:00:00,1000.3,23.4,97,0.0,0.0,0.8,343.0,0.0,,,,,2020-05-19T00:31:00,,,,0,,,,,,,,,,,,,,,,,,,
2020-05-19 02:00:00,1000.0,23.3,97,0.4,329.0,1.3,15.0,0.0,,,,,2020-05-19T01:36:00,,,,0,,,,,,,,,,,,,,,,,,,
2020-05-19 03:00:00,1000.1,23.3,97,0.1,0.0,1.3,336.0,0.0,,,,,2020-05-19T02:01:00,,,,0,,,,,,,,,,,,,,,,,,,
2020-05-19 04:00:00,1000.2,23.4,97,0.0,0.0,1.1,325.0,0.0,,,,,2020-05-19T03:54:00,,,,0,,,,,,,,,,,,,,,,,,,
2020-05-19 05:00:00,1000.3,23.5,97,0.0,0.0,1.3,320.0,0.0,,,,,2020-05-19T04:59:00,,,,0,,,,,,,,,,,,,,,,,,,
2020-05-19 06:00:00,1000.8,23.6,97,0.0,0.0,1.3,8.0,0.0,,,,,2020-05-19T05:23:00,,,,0,,,,,,,,,,,,,,,,,,,
2020-05-19 07:00:00,1000.9,24.0,97,0.0,0.0,1.6,256.0,0.0,,,,,2020-05-19T06:31:00,,,,0,,,,,,,,,,,,,,,,,,,
2020-05-19 08:00:00,1001.5,24.5,96,0.0,0.0,1.3,315.0,0.0,,,,,2020-05-19T07:33:00,,,,0,,,,,,,,,,,,,,,,,,,
2020-05-19 09:00:00,1001.7,25.3,95,0.0,0.0,1.3,341.0,0.0,,,,,2020-05-19T08:13:00,,,,0,,,,,,,,,,,,,,,,,,,
2020-05-19 10:00:00,1002.9,23.9,94,0.0,0.0,2.2,342.0,2.5,,,,,2020-05-19T09:39:00,,,,0,,,,,,,,,,,,,,,,,,,
2020-05-19 11:00:00,1003.6,22.4,97,0.0,0.0,1.9,205.0,3.5,,,,,2020-05-19T10:36:00,,,,0,,,,,,,,,,,,,,,,,,,
2020-05-19 12:00:00,1003.6,22.2,96,0.1,0.0,2.4,315.0,0.5,,,,,2020-05-19T11:51:00,,,,0,,,,,,,,,,,,,,,,,,,
2020-05-19 13:00:00,1003.4,22.5,97,0.0,0.0,2.2,17.0,0.5,,,,,2020-05-19T12:37:00,,,,0,,,,,,,,,,,,,,,,,,,
2020-05-19 14:00:00,1003.1,22.6,97,0.0,0.0,1.3,351.0,0.5,,,,,2020-05-19T13:17:00,,,,0,,,,,,,,,,,,,,,,,,,
2020-05-19 15:00:00,1003.1,22.7,97,0.0,0.0,1.9,16.0,0.0,,,,,2020-05-19T14:01:00,,,,0,,,,,,,,,,,,,,,,,,,
2020-05-19 16:00:00,1002.8,22.7,97,0.0,0.0,0.8,178.0,0.5,,,,,2020-05-19T15:10:00,,,,0,,,,,,,,,,,,,,,,,,,
2020-05-19 17:00:00,1002.8,22.9,97,0.0,0.0,1.1,272.0,0.0,,,,,2020-05-19T16:40:00,,,,0,,,,,,,,,,,,,,,,,,,
2020-05-19 18:00:00,1003.4,22.9,97,0.0,0.0,1.3,263.0,0.0,,,,,2020-05-19T17:14:00,,,,0,,,,,,,,,,,,,,,,,,,
2020-05-19 19:00:00,1004.1,22.6,97,0.0,0.0,0.0,0.0,0.5,,,,,2020-05-19T18:05:00,,,,0,,,,,,,,,,,,,,,,,,,
2020-05-19 20:00:00,1004.7,22.5,97,0.0,0.0,0.0,0.0,0.0,,,,,2020-05-19T19:05:00,,,,0,,,,,,,,,,,,,,,,,,,
2020-05-19 21:00:00,1005.0,22.4,97,0.0,0.0,0.0,0.0,0.0,,,,,2020-05-19T20:05:00,,,,0,,,,,,,,,,,,,,,,,,,
2020-05-19 22:00:00,1005.0,22.3,98,0.0,0.0,0.0,0.0,0.0,,,,,2020-05-19T21:05:00,,,,0,,,,,,,,,,,,,,,,,,,
2020-05-19 23:00:00,1004.8,22.3,97,0.0,0.0,0.0,0.0,0.0,,,,,2020-05-19T22:05:00,,,,0,,,,,,,,,,,,,,,,,,,
2020-05-20 00:00:00,1004.4,22.0,98,0.0,0.0,1.3,264.0,0.0,,,,,2020-05-19T23:08:00,,,,0,,,,,,,,,,,,,,,,,,,
2020-05-20 01:00:00,1004.2,22.2,98,0.0,0.0,1.1,323.0,0.0,,,,,2020-05-20T00:06:00,,,,0,,,,,,,,,,,,,,,,,,,
2020-05-20 02:00:00,1003.9,22.0,98,0.0,0.0,1.9,290.0,1.0,,,,,2020-05-20T01:14:00,,,,0,,,,,,,,,,,,,,,,,,,
2020-05-20 03:00:00,1003.9,22.2,98,0.0,0.0,0.8,251.0,0.0,,,,,2020-05-20T02:47:00,,,,0,,,,,,,,,,,,,,,,,,,
2020-05-20 04:00:00,1003.9,22.2,98,0.0,0.0,1.3,242.0,0.0,,,,,2020-05-20T03:02:00,,,,0,,,,,,,,,,,,,,,,,,,
2020-05-20 05:00:00,1004.4,22.4,98,0.0,0.0,0.0,0.0,0.0,,,,,2020-05-20T04:05:00,,,,0,,,,,,,,,,,,,,,,,,,
2020-05-20 06:00:00,1004.7,22.5,98,0.0,0.0,0.0,0.0,0.0,,,,,2020-05-20T05:05:00,,,,0,,,,,,,,,,,,,,,,,,,
2020-05-20 07:00:00,1005.2,23.1,98,0.0,0.0,0.0,0.0,0.0,,,,,2020-05-20T06:05:00,,,,0,,,,,,,,,,,,,,,,,,,
2020-05-20 08:00:00,1005.6,23.9,97,0.0,0.0,0.0,0.0,0.0,,,,,2020-05-20T07:05:00,,,,0,,,,,,,,,,,,,,,,,,,
2020-05-20 09:00:00,1005.9,23.6,96,0.0,0.0,1.3,190.0,0.0,,,,,2020-05-20T08:36:00,,,,0,,,,,,,,,,,,,,,,,,,
2020-05-20 10:00:00,1006.1,23.6,96,0.0,0.0,1.9,194.0,0.0,,,,,2020-05-20T09:11:00,,,,0,,,,,,,,,,,,,,,,,,,
2020-05-20 11:00:00,1006.1,24.0,92,0.0,0.0,0.8,204.0,0.0,,,,,2020-05-20T10:12:00,,,,0,,,,,,,,,,,,,,,,,,,
2020-05-20 12:00:00,1005.7,24.8,88,0.0,0.0,0.8,157.0,0.0,,,,,2020-05-20T11:36:00,,,,0,,,,,,,,,,,,,,,,,,,
2020-05-20 13:00:00,1005.1,25.7,87,0.0,0.0,1.6,180.0,0.0,,,,,2020-05-20T12:38:00,,,,0,,,,,,,,,,,,,,,,,,,
2020-05-20 14:00:00,1004.7,25.6,90,0.0,0.0,1.9,163.0,0.5,,,,,2020-05-20T13:09:00,,,,0,,,,,,,,,,,,,,,,,,,
2020-05-20 15:00:00,1004.5,24.2,96,0.0,0.0,1.3,180.0,3.5,,,,,2020-05-20T14:39:00,,,,0,,,,,,,,,,,,,,,,,,,
2020-05-20 16:00:00,1004.4,24.4,94,0.0,0.0,0.0,0.0,0.5,,,,,2020-05-20T15:05:00,,,,0,,,,,,,,,,,,,,,,,,,
2020-05-20 17:00:00,1004.4,24.0,97,0.0,0.0,0.8,22.0,5.5,,,,,2020-05-20T16:55:00,,,,0,,,,,,,,,,,,,,,,,,,
2020-05-20 18:00:00,1004.6,23.6,97,0.0,0.0,0.0,0.0,0.0,,,,,2020-05-20T17:05:00,,,,0,,,,,,,,,,,,,,,,,,,
2020-05-20 19:00:00,1005.0,23.6,97,0.0,0.0,0.0,0.0,0.0,,,,,2020-05-20T18:05:00,,,,0,,,,,,,,,,,,,,,,,,,
2020-05-20 20:00:00,1005.2,23.6,97,0.0,0.0,0.0,0.0,0.0,,,,,2020-05-20T19:05:00,,,,0,,,,,,,,,,,,,,,,,,,
2020-05-20 21:00:00,1005.5,23.4,98,0.0,0.0,0.0,0.0,0.0,,,,,2020-05-20T20:05:00,,,,0,,,,,,,,,,,,,,,,,,,
2020-05-20 22:00:00,1005.0,23.4,98,0.0,0.0,0.0,0.0,0.0,,,,,2020-05-20T21:05:00,,,,0,,,,,,,,,,,,,,,,,,,
2020-05-20 23:00:00,1004.8,23.4,98,0.2,0.0,1.6,290.0,1.0,,,,,2020-05-20T22:55:00,,,,0,,,,,,,,,,,,,,,,,,,
2020-05-21 00:00:00,1004.6,23.4,98,0.0,0.0,1.3,340.0,0.0,,,,,2020-05-20T23:01:00,,,,0,,,,,,,,,,,,,,,,,,,
2020-05-21 01:00:00,1003.8,23.4,98,0.0,0.0,1.1,316.0,0.5,,,,,2020-05-21T00:57:00,,,,0,,,,,,,,,,,,,,,,,,,
2020-05-21 02:00:00,1003.1,23.4,98,0.0,0.0,1.1,324.0,0.0,,,,,2020-05-21T01:07:00,,,,0,,,,,,,,,,,,,,,,,,,
2020-05-21 03:00:00,1003.0,23.3,98,0.0,0.0,1.1,354.0,0.0,,,,,2020-05-21T02:28:00,,,,0,,,,,,,,,,,,,,,,,,,
2020-05-21 04:00:00,1002.5,23.1,98,0.0,0.0,1.3,311.0,0.0,,,,,2020-05-21T03:05:00,,,,0,,,,,,,,,,,,,,,,,,,
2020-05-21 05:00:00,1002.8,22.9,99,0.0,0.0,1.3,276.0,0.0,,,,,2020-05-21T04:30:00,,,,0,,,,,,,,,,,,,,,,,,,
2020-05-21 06:00:00,1003.1,23.2,98,0.0,0.0,1.3,350.0,0.0,,,,,2020-05-21T05:09:00,,,,0,,,,,,,,,,,,,,,,,,,
2020-05-21 07:00:00,1003.5,23.2,98,0.0,0.0,1.9,249.0,1.5,,,,,2020-05-21T06:51:00,,,,0,,,,,,,,,,,,,,,,,,,
2020-05-21 08:00:00,1003.6,24.4,99,0.0,0.0,2.7,254.0,0.0,,,,,2020-05-21T07:47:00,,,,0,,,,,,,,,,,,,,,,,,,
2020-05-21 09:00:00,1003.5,27.2,88,0.5,344.0,3.0,332.0,0.0,,,,,2020-05-21T08:50:00,,,,0,,,,,,,,,,,,,,,,,,,
2020-05-21 10:00:00,1003.5,26.7,89,0.0,0.0,2.4,171.0,0.0,,,,,2020-05-21T09:33:00,,,,0,,,,,,,,,,,,,,,,,,,
2020-05-21 11:00:00,1003.3,26.6,92,0.0,0.0,1.6,195.0,0.0,,,,,2020-05-21T10:28:00,,,,0,,,,,,,,,,,,,,,,,,,
2020-05-21 12:00:00,1003.1,25.4,95,0.0,0.0,1.9,332.0,0.5,,,,,2020-05-21T11:29:00,,,,0,,,,,,,,,,,,,,,,,,,
2020-05-21 13:00:00,1002.6,24.7,97,0.0,0.0,1.9,102.0,0.5,,,,,2020-05-21T12:11:00,,,,0,,,,,,,,,,,,,,,,,,,
2020-05-21 14:00:00,1001.7,24.3,97,0.0,0.0,2.4,190.0,0.5,,,,,2020-05-21T13:38:00,,,,0,,,,,,,,,,,,,,,,,,,
2020-05-21 15:00:00,1001.4,24.0,98,0.1,0.0,2.7,195.0,0.5,,,,,2020-05-21T14:50:00,,,,0,,,,,,,,,,,,,,,,,,,
2020-05-21 16:00:00,1001.1,23.9,98,0.4,144.0,3.0,185.0,1.0,,,,,2020-05-21T15:08:00,,,,0,,,,,,,,,,,,,,,,,,,
2020-05-21 17:00:00,1001.1,23.8,98,0.1,0.0,2.4,198.0,2.0,,,,,2020-05-21T16:35:00,,,,0,,,,,,,,,,,,,,,,,,,
2020-05-21 18:00:00,1001.3,23.6,99,0.6,180.0,3.0,142.0,3.5,,,,,2020-05-21T17:21:00,,,,0,,,,,,,,,,,,,,,,,,,
2020-05-21 19:00:00,1001.0,23.4,99,0.5,157.0,3.0,170.0,2.5,,,,,2020-05-21T18:27:00,,,,0,,,,,,,,,,,,,,,,,,,
2020-05-21 20:00:00,1002.6,23.4,99,0.5,249.0,3.0,247.0,12.0,,,,,2020-05-21T19:59:00,,,,0,,,,,,,,,,,,,,,,,,,
2020-05-21 21:00:00,1002.6,22.7,99,0.2,0.0,1.9,193.0,33.0,,,,,2020-05-21T20:04:00,,,,0,,,,,,,,,,,,,,,,,,,
2020-05-21 22:00:00,1002.7,22.8,99,0.2,0.0,2.2,104.0,6.5,,,,,2020-05-21T22:00:00,,,,0,,,,,,,,,,,,,,,,,,,
2020-05-21 23:00:00,1001.8,23.3,99,0.4,149.0,2.4,91.0,1.0,,,,,2020-05-21T22:51:00,,,,0,,,,,,,,,,,,,,,,,,,
2020-05-22 00:00:00,1001.0,23.4,99,0.0,0.0,1.9,204.0,3.5,,,,,2020-05-21T23:14:00,,,,0,,,,,,,,,,,,,,,,,,,
2020-05-22 01:00:00,1000.2,23.7,99,0.0,0.0,0.8,39.0,8.0,,,,,2020-05-22T00:19:00,,,,0,,,,,,,,,,,,,,,,,,,
2020-05-22 02:00:00,999.2,23.6,99,0.0,0.0,3.0,349.0,9.5,,,,,2020-05-22T01:33:00,,,,0,,,,,,,,,,,,,,,,,,,
2020-05-22 03:00:00,998.6,23.6,99,0.0,0.0,0.8,270.0,1.5,,,,,2020-05-22T02:56:00,,,,0,,,,,,,,,,,,,,,,,,,
2020-05-22 04:00:00,998.3,23.6,99,0.0,0.0,1.3,252.0,0.0,,,,,2020-05-22T03:05:00,,,,0,,,,,,,,,,,,,,,,,,,
2020-05-22 05:00:00,998.0,23.4,99,0.0,0.0,0.0,0.0,0.0,,,,,2020-05-22T04:05:00,,,,0,,,,,,,,,,,,,,,,,,,
2020-05-22 06:00:00,998.6,23.4,99,0.0,0.0,0.8,280.0,0.0,,,,,2020-05-22T05:14:00,,,,0,,,,,,,,,,,,,,,,,,,
2020-05-22 07:00:00,998.8,24.0,99,0.0,0.0,1.3,332.0,0.0,,,,,2020-05-22T06:40:00,,,,0,,,,,,,,,,,,,,,,,,,
2020-05-22 08:00:00,998.9,25.1,98,0.0,0.0,1.3,332.0,0.0,,,,,2020-05-22T07:31:00,,,,0,,,,,,,,,,,,,,,,,,,
2020-05-22 09:00:00,999.2,25.6,96,0.0,0.0,1.3,352.0,0.0,,,,,2020-05-22T08:19:00,,,,0,,,,,,,,,,,,,,,,,,,
2020-05-22 10:00:00,999.4,25.9,95,0.0,0.0,1.3,266.0,4.0,,,,,2020-05-22T10:00:00,,,,0,,,,,,,,,,,,,,,,,,,
2020-05-22 11:00:00,999.3,25.5,97,0.0,0.0,1.1,350.0,10.5,,,,,2020-05-22T10:34:00,,,,0,,,,,,,,,,,,,,,,,,,
2020-05-22 12:00:00,998.9,25.8,96,0.2,0.0,1.3,318.0,0.5,,,,,2020-05-22T11:31:00,,,,0,,,,,,,,,,,,,,,,,,,
2020-05-22 13:00:00,998.6,25.9,96,0.0,0.0,0.8,355.0,4.0,,,,,2020-05-22T12:01:00,,,,0,,,,,,,,,,,,,,,,,,,
2020-05-22 14:00:00,998.0,25.8,97,0.0,0.0,0.8,231.0,1.5,,,,,2020-05-22T13:10:00,,,,0,,,,,,,,,,,,,,,,,,,
2020-05-22 15:00:00,997.9,24.8,98,0.1,0.0,1.9,211.0,0.5,,,,,2020-05-22T14:41:00,,,,0,,,,,,,,,,,,,,,,,,,
2020-05-22 16:00:00,997.9,24.2,98,0.0,0.0,1.6,187.0,0.0,,,,,2020-05-22T15:54:00,,,,0,,,,,,,,,,,,,,,,,,,
2020-05-22 17:00:00,998.5,23.9,99,0.1,0.0,1.9,123.0,4.5,,,,,2020-05-22T16:27:00,,,,0,,,,,,,,,,,,,,,,,,,
2020-05-22 18:00:00,998.7,23.8,99,0.0,0.0,1.3,219.0,5.5,,,,,2020-05-22T17:41:00,,,,0,,,,,,,,,,,,,,,,,,,
2020-05-22 19:00:00,999.1,23.8,99,0.0,0.0,1.6,213.0,7.0,,,,,2020-05-22T18:02:00,,,,0,,,,,,,,,,,,,,,,,,,
2020-05-22 20:00:00,999.8,23.8,99,0.0,0.0,2.4,285.0,12.0,,,,,2020-05-22T19:14:00,,,,0,,,,,,,,,,,,,,,,,,,
2020-05-22 21:00:00,1000.4,23.6,99,0.0,0.0,2.7,114.0,3.5,,,,,2020-05-22T20:49:00,,,,0,,,,,,,,,,,,,,,,,,,
2020-05-22 22:00:00,1000.6,23.8,99,0.1,0.0,1.9,152.0,2.5,,,,,2020-05-22T21:19:00,,,,0,,,,,,,,,,,,,,,,,,,
2020-05-22 23:00:00,1000.6,23.9,99,0.0,0.0,1.3,197.0,5.0,,,,,2020-05-22T22:17:00,,,,0,,,,,,,,,,,,,,,,,,,
2020-05-23 00:00:00,1000.0,23.8,99,0.1,0.0,2.4,258.0,1.0,,,,,2020-05-22T23:38:00,,,,0,,,,,,,,,,,,,,,,,,,
2020-05-23 01:00:00,999.6,23.8,99,0.0,0.0,1.3,251.0,0.5,,,,,2020-05-23T00:10:00,,,,0,,,,,,,,,,,,,,,,,,,
2020-05-23 02:00:00,999.4,23.6,99,0.0,0.0,1.3,242.0,2.5,,,,,2020-05-23T01:46:00,,,,0,,,,,,,,,,,,,,,,,,,
2020-05-23 03:00:00,999.1,23.3,99,0.0,0.0,2.2,246.0,7.0,,,,,2020-05-23T02:14:00,,,,0,,,,,,,,,,,,,,,,,,,
2020-05-23 04:00:00,999.2,23.1,99,0.0,0.0,1.3,251.0,1.0,,,,,2020-05-23T03:04:00,,,,0,,,,,,,,,,,,,,,,,,,
2020-05-23 05:00:00,999.8,23.1,99,0.1,0.0,1.9,172.0,1.0,,,,,2020-05-23T05:00:00,,,,0,,,,,,,,,,,,,,,,,,,
2020-05-23 06:00:00,1000.3,22.8,99,0.1,0.0,2.2,289.0,1.5,,,,,2020-05-23T05:52:00,,,,0,,,,,,,,,,,,,,,,,,,
2020-05-23 07:00:00,1001.0,23.2,99,0.0,0.0,1.3,252.0,2.0,,,,,2020-05-23T06:01:00,,,,0,,,,,,,,,,,,,,,,,,,
2020-05-23 08:00:00,1001.3,23.7,99,0.0,0.0,0.8,260.0,2.0,,,,,2020-05-23T07:39:00,,,,0,,,,,,,,,,,,,,,,,,,
2020-05-23 09:00:00,1001.7,23.8,99,0.0,0.0,0.0,0.0,3.0,,,,,2020-05-23T08:05:00,,,,0,,,,,,,,,,,,,,,,,,,
2020-05-23 10:00:00,1002.2,23.9,99,0.0,0.0,1.3,257.0,7.5,,,,,2020-05-23T09:45:00,,,,0,,,,,,,,,,,,,,,,,,,
2020-05-23 11:00:00,1002.2,24.1,98,0.0,0.0,1.3,287.0,2.5,,,,,2020-05-23T10:02:00,,,,0,,,,,,,,,,,,,,,,,,,
2020-05-23 12:00:00,1002.2,24.3,98,0.0,0.0,1.9,224.0,0.5,,,,,2020-05-23T11:18:00,,,,0,,,,,,,,,,,,,,,,,,,
2020-05-23 13:00:00,1001.9,24.3,98,0.0,0.0,0.8,159.0,0.5,,,,,2020-05-23T12:10:00,,,,0,,,,,,,,,,,,,,,,,,,
2020-05-23 14:00:00,1001.9,24.5,96,0.0,0.0,1.9,328.0,0.0,,,,,2020-05-23T13:19:00,,,,0,,,,,,,,,,,,,,,,,,,
2020-05-23 15:00:00,1001.7,23.9,96,0.0,0.0,1.1,195.0,0.0,,,,,2020-05-23T14:09:00,,,,0,,,,,,,,,,,,,,,,,,,
2020-05-23 16:00:00,1001.6,24.1,97,0.0,0.0,0.0,0.0,0.0,,,,,2020-05-23T15:05:00,,,,0,,,,,,,,,,,,,,,,,,,
2020-05-23 17:00:00,1001.9,23.8,97,0.0,0.0,0.0,0.0,0.0,,,,,2020-05-23T16:05:00,,,,0,,,,,,,,,,,,,,,,,,,
2020-05-23 18:00:00,1002.3,23.6,97,0.0,0.0,0.8,291.0,0.5,,,,,2020-05-23T17:56:00,,,,0,,,,,,,,,,,,,,,,,,,
2020-05-23 19:00:00,1002.5,23.8,97,0.0,0.0,0.0,0.0,0.0,,,,,2020-05-23T18:05:00,,,,0,,,,,,,,,,,,,,,,,,,
2020-05-23 20:00:00,1002.9,23.4,98,0.0,0.0,0.8,272.0,0.5,,,,,2020-05-23T19:24:00,,,,0,,,,,,,,,,,,,,,,,,,
2020-05-23 21:00:00,1003.4,23.4,98,0.0,0.0,0.0,0.0,0.0,,,,,2020-05-23T20:05:00,,,,0,,,,,,,,,,,,,,,,,,,
2020-05-23 22:00:00,1003.7,23.4,98,0.0,0.0,0.0,0.0,0.0,,,,,2020-05-23T21:05:00,,,,0,,,,,,,,,,,,,,,,,,,
2020-05-23 23:00:00,1003.9,23.3,98,0.0,0.0,0.0,0.0,0.0,,,,,2020-05-23T22:05:00,,,,0,,,,,,,,,,,,,,,,,,,
2020-05-24 00:00:00,1003.9,23.1,98,0.0,0.0,0.8,250.0,0.0,,,,,2020-05-23T23:27:00,,,,0,,,,,,,,,,,,,,,,,,,
2020-05-24 01:00:00,1003.7,23.1,98,0.0,0.0,1.3,352.0,0.0,,,,,2020-05-24T00:03:00,,,,0,,,,,,,,,,,,,,,,,,,
2020-05-24 02:00:00,1003.5,22.9,99,0.0,0.0,0.0,0.0,0.0,,,,,2020-05-24T01:05:00,,,,0,,,,,,,,,,,,,,,,,,,
2020-05-24 03:00:00,1003.7,23.0,98,0.0,0.0,0.0,0.0,0.0,,,,,2020-05-24T02:05:00,,,,0,,,,,,,,,,,,,,,,,,,
2020-05-24 04:00:00,1003.7,22.9,98,0.0,0.0,0.0,0.0,0.0,,,,,2020-05-24T03:05:00,,,,0,,,,,,,,,,,,,,,,,,,
2020-05-24 05:00:00,1003.9,23.1,98,0.0,0.0,0.0,0.0,0.0,,,,,2020-05-24T04:05:00,,,,0,,,,,,,,,,,,,,,,,,,
2020-05-24 06:00:00,1004.5,22.9,98,0.0,0.0,0.0,0.0,0.0,,,,,2020-05-24T05:05:00,,,,0,,,,,,,,,,,,,,,,,,,
2020-05-24 07:00:00,1005.0,23.3,98,0.0,0.0,0.0,0.0,0.0,,,,,2020-05-24T06:05:00,,,,0,,,,,,,,,,,,,,,,,,,
2020-05-24 08:00:00,1005.4,23.9,98,0.0,0.0,0.0,0.0,0.0,,,,,2020-05-24T07:05:00,,,,0,,,,,,,,,,,,,,,,,,,
2020-05-24 09:00:00,1005.6,25.0,94,0.0,0.0,0.8,191.0,0.0,,,,,2020-05-24T08:54:00,,,,0,,,,,,,,,,,,,,,,,,,
2020-05-24 10:00:00,1005.9,25.5,91,0.2,0.0,1.9,169.0,0.0,,,,,2020-05-24T09:28:00,,,,0,,,,,,,,,,,,,,,,,,,
2020-05-24 11:00:00,1005.8,27.2,86,0.0,0.0,1.3,208.0,0.0,,,,,2020-05-24T10:26:00,,,,0,,,,,,,,,,,,,,,,,,,
2020-05-24 12:00:00,1005.1,28.3,81,0.0,0.0,1.9,205.0,0.0,,,,,2020-05-24T11:39:00,,,,0,,,,,,,,,,,,,,,,,,,
2020-05-24 13:00:00,1004.3,28.8,78,0.0,0.0,1.6,168.0,0.0,,,,,2020-05-24T12:45:00,,,,0,,,,,,,,,,,,,,,,,,,
2020-05-24 14:00:00,1004.0,29.4,74,0.0,0.0,1.6,200.0,0.0,,,,,2020-05-24T13:24:00,,,,0,,,,,,,,,,,,,,,,,,,
2020-05-24 15:00:00,1004.3,29.0,76,0.1,0.0,1.9,196.0,0.0,,,,,2020-05-24T14:04:00,,,,0,,,,,,,,,,,,,,,,,,,
2020-05-24 16:00:00,1004.5,26.9,82,0.1,0.0,2.4,183.0,0.0,,,,,2020-05-24T15:14:00,,,,0,,,,,,,,,,,,,,,,,,,
2020-05-24 17:00:00,1004.5,25.9,85,0.0,0.0,2.4,197.0,0.0,,,,,2020-05-24T16:07:00,,,,0,,,,,,,,,,,,,,,,,,,
2020-05-24 18:00:00,1005.1,25.8,87,0.0,0.0,1.1,184.0,0.0,,,,,2020-05-24T17:04:00,,,,0,,,,,,,,,,,,,,,,,,,
2020-05-24 19:00:00,1005.7,25.1,90,0.0,0.0,0.8,164.0,0.0,,,,,2020-05-24T18:15:00,,,,0,,,,,,,,,,,,,,,,,,,
2020-05-24 20:00:00,1005.9,24.7,93,0.0,0.0,0.0,0.0,0.0,,,,,2020-05-24T19:05:00,,,,0,,,,,,,,,,,,,,,,,,,
2020-05-24 21:00:00,1006.3,24.7,94,0.0,0.0,0.0,0.0,0.0,,,,,2020-05-24T20:05:00,,,,0,,,,,,,,,,,,,,,,,,,
2020-05-24 22:00:00,1006.7,24.7,94,0.0,0.0,0.0,0.0,0.0,,,,,2020-05-24T21:05:00,,,,0,,,,,,,,,,,,,,,,,,,
2020-05-24 23:00:00,1006.5,24.5,95,0.0,0.0,0.0,0.0,0.0,,,,,2020-05-24T22:05:00,,,,0,,,,,,,,,,,,,,,,,,,
2020-05-25 00:00:00,1006.1,24.7,95,0.0,0.0,0.0,0.0,0.0,,,,,2020-05-24T23:05:00,,,,0,,,,,,,,,,,,,,,,,,,
2020-05-25 01:00:00,1005.7,24.5,95,0.0,0.0,0.0,0.0,0.0,,,,,2020-05-25T00:05:00,,,,0,,,,,,,,,,,,,,,,,,,
2020-05-25 02:00:00,1005.5,24.2,96,0.0,0.0,0.8,247.0,0.0,,,,,2020-05-25T01:28:00,,,,0,,,,,,,,,,,,,,,,,,,
2020-05-25 03:00:00,1005.1,23.8,96,0.0,0.0,0.0,0.0,0.0,,,,,2020-05-25T02:05:00,,,,0,,,,,,,,,,,,,,,,,,,
2020-05-25 04:00:00,1005.4,23.7,96,0.0,0.0,0.8,278.0,0.0,,,,,2020-05-25T03:03:00,,,,0,,,,,,,,,,,,,,,,,,,
2020-05-25 05:00:00,1005.7,23.6,96,0.0,0.0,1.6,338.0,0.0,,,,,2020-05-25T04:47:00,,,,0,,,,,,,,,,,,,,,,,,,
2020-05-25 06:00:00,1006.0,23.9,96,0.0,0.0,0.0,0.0,0.0,,,,,2020-05-25T05:05:00,,,,0,,,,,,,,,,,,,,,,,,,
2020-05-25 07:00:00,1006.5,24.4,94,0.0,0.0,0.0,0.0,0.0,,,,,2020-05-25T06:05:00,,,,0,,,,,,,,,,,,,,,,,,,
2020-05-25 08:00:00,1006.8,24.7,95,0.0,0.0,0.0,0.0,0.0,,,,,2020-05-25T07:05:00,,,,0,,,,,,,,,,,,,,,,,,,
2020-05-25 09:00:00,1007.1,24.8,97,0.0,0.0,1.3,278.0,4.0,,,,,2020-05-25T08:29:00,,,,0,,,,,,,,,,,,,,,,,,,
2020-05-25 10:00:00,1006.7,26.2,93,0.0,0.0,0.0,0.0,0.0,,,,,2020-05-25T09:05:00,,,,0,,,,,,,,,,,,,,,,,,,
2020-05-25 11:00:00,1006.0,28.3,85,0.0,0.0,1.3,180.0,0.0,,,,,2020-05-25T10:51:00,,,,0,,,,,,,,,,,,,,,,,,,
2020-05-25 12:00:00,1005.9,28.8,85,0.0,0.0,1.3,109.0,0.0,,,,,2020-05-25T11:58:00,,,,0,,,,,,,,,,,,,,,,,,,
2020-05-25 13:00:00,1005.6,27.3,91,0.0,0.0,1.3,182.0,0.0,,,,,2020-05-25T12:01:00,,,,0,,,,,,,,,,,,,,,,,,,
2020-05-25 14:00:00,1005.1,26.5,92,0.0,0.0,1.9,172.0,0.5,,,,,2020-05-25T13:35:00,,,,0,,,,,,,,,,,,,,,,,,,
2020-05-25 15:00:00,1004.8,26.2,96,0.0,0.0,1.3,325.0,1.5,,,,,2020-05-25T14:07:00,,,,0,,,,,,,,,,,,,,,,,,,
2020-05-25 16:00:00,1004.9,25.8,96,0.0,0.0,2.2,257.0,2.0,,,,,2020-05-25T15:18:00,,,,0,,,,,,,,,,,,,,,,,,,
2020-05-25 17:00:00,1005.1,25.6,96,0.0,0.0,0.8,176.0,0.0,,,,,2020-05-25T16:31:00,,,,0,,,,,,,,,,,,,,,,,,,
2020-05-25 18:00:00,1005.5,25.8,96,0.0,0.0,0.0,0.0,0.0,,,,,2020-05-25T17:05:00,,,,0,,,,,,,,,,,,,,,,,,,
2020-05-25 19:00:00,1005.9,25.4,97,0.0,0.0,0.0,0.0,0.0,,,,,2020-05-25T18:05:00,,,,0,,,,,,,,,,,,,,,,,,,
2020-05-25 20:00:00,1006.3,25.2,97,0.0,0.0,1.3,337.0,0.0,,,,,2020-05-25T19:48:00,,,,0,,,,,,,,,,,,,,,,,,,
2020-05-25 21:00:00,1006.3,24.9,97,0.0,0.0,0.0,0.0,0.0,,,,,2020-05-25T20:05:00,,,,0,,,,,,,,,,,,,,,,,,,
2020-05-25 22:00:00,1006.2,24.4,97,0.0,0.0,0.0,0.0,0.0,,,,,2020-05-25T21:05:00,,,,0,,,,,,,,,,,,,,,,,,,
2020-05-25 23:00:00,1005.9,24.2,97,0.0,0.0,0.0,0.0,0.0,,,,,2020-05-25T22:05:00,,,,0,,,,,,,,,,,,,,,,,,,
2020-05-26 00:00:00,1005.2,23.8,98,0.0,0.0,0.0,0.0,0.0,,,,,2020-05-25T23:05:00,,,,0,,,,,,,,,,,,,,,,,,,
2020-05-26 01:00:00,1005.1,23.8,98,0.2,0.0,1.3,334.0,0.0,,,,,2020-05-26T00:30:00,,,,0,,,,,,,,,,,,,,,,,,,
2020-05-26 02:00:00,1004.6,23.8,98,0.0,0.0,1.3,322.0,0.0,,,,,2020-05-26T01:01:00,,,,0,,,,,,,,,,,,,,,,,,,
2020-05-26 03:00:00,1003.8,23.8,98,0.0,0.0,0.0,0.0,0.0,,,,,2020-05-26T02:05:00,,,,0,,,,,,,,,,,,,,,,,,,
2020-05-26 04:00:00,1003.8,23.4,98,0.0,0.0,1.1,248.0,0.0,,,,,2020-05-26T03:08:00,,,,0,,,,,,,,,,,,,,,,,,,
2020-05-26 05:00:00,1003.5,23.3,98,0.0,0.0,0.8,312.0,0.0,,,,,2020-05-26T04:42:00,,,,0,,,,,,,,,,,,,,,,,,,
2020-05-26 06:00:00,1003.5,23.4,98,0.0,0.0,1.3,320.0,0.0,,,,,2020-05-26T05:08:00,,,,0,,,,,,,,,,,,,,,,,,,
2020-05-26 07:00:00,1003.5,24.3,98,0.0,0.0,1.3,320.0,0.0,,,,,2020-05-26T06:55:00,,,,0,,,,,,,,,,,,,,,,,,,
2020-05-26 08:00:00,1003.8,27.2,89,0.0,0.0,0.8,321.0,0.0,,,,,2020-05-26T07:02:00,,,,0,,,,,,,,,,,,,,,,,,,
2020-05-26 09:00:00,1003.7,29.7,77,0.0,0.0,1.3,337.0,0.0,,,,,2020-05-26T08:49:00,,,,0,,,,,,,,,,,,,,,,,,,
2020-05-26 10:00:00,1003.5,30.5,74,0.3,330.0,2.4,307.0,0.0,,,,,2020-05-26T09:18:00,,,,0,,,,,,,,,,,,,,,,,,,
2020-05-26 11:00:00,1003.1,30.9,77,0.0,0.0,1.3,183.0,0.0,,,,,2020-05-26T10:11:00,,,,0,,,,,,,,,,,,,,,,,,,
2020-05-26 12:00:00,1003.1,30.2,78,0.0,0.0,2.4,310.0,0.0,,,,,2020-05-26T11:44:00,,,,0,,,,,,,,,,,,,,,,,,,
2020-05-26 13:00:00,1002.5,29.5,82,0.0,0.0,1.1,332.0,0.0,,,,,2020-05-26T12:29:00,,,,0,,,,,,,,,,,,,,,,,,,
2020-05-26 14:00:00,1002.4,28.3,91,0.0,0.0,1.9,343.0,1.0,,,,,2020-05-26T13:20:00,,,,0,,,,,,,,,,,,,,,,,,,
2020-05-26 15:00:00,1002.8,27.4,94,0.0,0.0,0.8,190.0,1.0,,,,,2020-05-26T14:01:00,,,,0,,,,,,,,,,,,,,,,,,,
2020-05-26 16:00:00,1002.4,27.0,93,0.0,0.0,1.3,95.0,0.5,,,,,2020-05-26T15:25:00,,,,0,,,,,,,,,,,,,,,,,,,
2020-05-26 17:00:00,1001.7,27.6,92,0.0,0.0,0.8,154.0,0.0,,,,,2020-05-26T16:09:00,,,,0,,,,,,,,,,,,,,,,,,,
2020-05-26 18:00:00,1001.5,27.1,93,0.0,0.0,1.1,347.0,0.0,,,,,2020-05-26T17:35:00,,,,0,,,,,,,,,,,,,,,,,,,
2020-05-26 19:00:00,1002.0,26.3,95,0.0,0.0,0.8,159.0,0.0,,,,,2020-05-26T18:24:00,,,,0,,,,,,,,,,,,,,,,,,,
2020-05-26 20:00:00,1002.6,25.7,96,0.0,0.0,1.3,89.0,0.0,,,,,2020-05-26T19:50:00,,,,0,,,,,,,,,,,,,,,,,,,
2020-05-26 21:00:00,1003.5,25.6,96,0.0,0.0,0.8,350.0,0.0,,,,,2020-05-26T20:07:00,,,,0,,,,,,,,,,,,,,,,,,,
2020-05-26 22:00:00,1003.8,25.6,97,0.0,0.0,0.8,265.0,0.0,,,,,2020-05-26T21:55:00,,,,0,,,,,,,,,,,,,,,,,,,
2020-05-26 23:00:00,1004.3,25.4,97,0.0,0.0,0.8,341.0,0.0,,,,,2020-05-26T22:01:00,,,,0,,,,,,,,,,,,,,,,,,,
2020-05-27 00:00:00,1003.9,25.2,97,0.0,0.0,1.3,348.0,0.0,,,,,2020-05-26T23:34:00,,,,0,,,,,,,,,,,,,,,,,,,
2020-05-27 01:00:00,1003.8,25.1,97,0.0,0.0,1.1,241.0,0.0,,,,,2020-05-27T00:54:00,,,,0,,,,,,,,,,,,,,,,,,,
2020-05-27 02:00:00,1003.3,24.9,97,0.0,0.0,1.9,321.0,0.0,,,,,2020-05-27T01:30:00,,,,0,,,,,,,,,,,,,,,,,,,
2020-05-27 03:00:00,1003.7,23.9,97,0.0,0.0,1.6,208.0,0.0,,,,,2020-05-27T02:35:00,,,,0,,,,,,,,,,,,,,,,,,,
2020-05-27 04:00:00,1003.6,23.6,97,0.0,0.0,1.9,184.0,0.0,,,,,2020-05-27T03:19:00,,,,0,,,,,,,,,,,,,,,,,,,
2020-05-27 05:00:00,1004.3,23.5,96,0.0,0.0,0.8,191.0,0.0,,,,,2020-05-27T04:09:00,,,,0,,,,,,,,,,,,,,,,,,,
2020-05-27 06:00:00,1004.7,23.5,97,0.0,0.0,1.3,153.0,0.0,,,,,2020-05-27T05:49:00,,,,0,,,,,,,,,,,,,,,,,,,
2020-05-27 07:00:00,1005.2,23.5,97,0.0,0.0,1.3,16.0,0.0,,,,,2020-05-27T06:04:00,,,,0,,,,,,,,,,,,,,,,,,,
2020-05-27 08:00:00,1005.6,22.9,97,0.0,0.0,1.3,187.0,0.5,,,,,2020-05-27T07:43:00,,,,0,,,,,,,,,,,,,,,,,,,
2020-05-27 09:00:00,1005.7,23.1,97,0.0,0.0,0.8,198.0,1.5,,,,,2020-05-27T08:48:00,,,,0,,,,,,,,,,,,,,,,,,,
2020-05-27 10:00:00,1006.1,23.5,96,0.0,0.0,1.3,322.0,0.0,,,,,2020-05-27T09:07:00,,,,0,,,,,,,,,,,,,,,,,,,
2020-05-27 11:00:00,1005.9,23.3,97,0.0,0.0,0.0,0.0,2.5,,,,,2020-05-27T10:05:00,,,,0,,,,,,,,,,,,,,,,,,,
2020-05-27 12:00:00,1005.6,24.2,93,0.0,0.0,2.2,171.0,0.5,,,,,2020-05-27T11:26:00,,,,0,,,,,,,,,,,,,,,,,,,
2020-05-27 13:00:00,1005.4,24.4,90,0.0,0.0,1.9,355.0,0.0,,,,,2020-05-27T12:15:00,,,,0,,,,,,,,,,,,,,,,,,,
2020-05-27 14:00:00,1005.2,24.2,93,0.0,0.0,1.9,147.0,0.0,,,,,2020-05-27T13:11:00,,,,0,,,,,,,,,,,,,,,,,,,
2020-05-27 15:00:00,1005.1,24.0,93,0.0,0.0,1.3,112.0,0.0,,,,,2020-05-27T14:49:00,,,,0,,,,,,,,,,,,,,,,,,,
2020-05-27 16:00:00,1005.1,23.9,93,0.0,0.0,0.8,170.0,0.0,,,,,2020-05-27T15:48:00,,,,0,,,,,,,,,,,,,,,,,,,
2020-05-27 17:00:00,1005.2,24.0,92,0.0,0.0,0.0,0.0,0.0,,,,,2020-05-27T16:05:00,,,,0,,,,,,,,,,,,,,,,,,,
2020-05-27 18:00:00,1005.7,23.5,95,0.0,0.0,1.1,255.0,0.0,,,,,2020-05-27T17:35:00,,,,0,,,,,,,,,,,,,,,,,,,
2020-05-27 19:00:00,1006.1,23.3,96,0.0,0.0,0.0,0.0,0.0,,,,,2020-05-27T18:05:00,,,,0,,,,,,,,,,,,,,,,,,,
2020-05-27 20:00:00,1006.7,23.1,97,0.0,0.0,0.8,264.0,0.0,,,,,2020-05-27T19:45:00,,,,0,,,,,,,,,,,,,,,,,,,
2020-05-27 21:00:00,1007.5,22.9,97,0.0,0.0,0.8,258.0,0.0,,,,,2020-05-27T20:24:00,,,,0,,,,,,,,,,,,,,,,,,,
2020-05-27 22:00:00,1007.6,22.6,98,0.0,0.0,1.3,280.0,0.0,,,,,2020-05-27T21:25:00,,,,0,,,,,,,,,,,,,,,,,,,
2020-05-27 23:00:00,1007.4,22.7,98,0.0,0.0,0.8,288.0,0.0,,,,,2020-05-27T22:45:00,,,,0,,,,,,,,,,,,,,,,,,,
2020-05-28 00:00:00,1007.1,22.7,98,0.0,0.0,0.8,353.0,0.0,,,,,2020-05-27T23:11:00,,,,0,,,,,,,,,,,,,,,,,,,
2020-05-28 01:00:00,1006.5,22.6,98,0.0,0.0,0.0,0.0,0.5,,,,,2020-05-28T00:05:00,,,,0,,,,,,,,,,,,,,,,,,,
2020-05-28 02:00:00,1006.1,22.6,98,0.0,0.0,0.0,0.0,0.5,,,,,2020-05-28T01:05:00,,,,0,,,,,,,,,,,,,,,,,,,
2020-05-28 03:00:00,1006.4,22.4,98,0.0,0.0,1.3,242.0,6.0,,,,,2020-05-28T03:00:00,,,,0,,,,,,,,,,,,,,,,,,,
2020-05-28 04:00:00,1006.3,22.2,99,0.0,0.0,1.9,249.0,11.5,,,,,2020-05-28T03:03:00,,,,0,,,,,,,,,,,,,,,,,,,
2020-05-28 05:00:00,1006.2,22.0,99,0.0,0.0,0.0,0.0,19.5,,,,,2020-05-28T04:05:00,,,,0,,,,,,,,,,,,,,,,,,,
2020-05-28 06:00:00,1007.0,22.0,99,0.0,0.0,0.8,337.0,15.5,,,,,2020-05-28T05:30:00,,,,0,,,,,,,,,,,,,,,,,,,
2020-05-28 07:00:00,1007.1,22.2,99,0.0,0.0,0.0,0.0,9.5,,,,,2020-05-28T06:05:00,,,,0,,,,,,,,,,,,,,,,,,,
2020-05-28 08:00:00,1007.4,22.5,99,0.0,0.0,0.0,0.0,4.5,,,,,2020-05-28T07:05:00,,,,0,,,,,,,,,,,,,,,,,,,
2020-05-28 09:00:00,1007.6,22.8,99,0.0,0.0,1.6,173.0,2.0,,,,,2020-05-28T08:44:00,,,,0,,,,,,,,,,,,,,,,,,,
2020-05-28 10:00:00,1007.8,23.0,98,0.0,0.0,0.0,0.0,4.5,,,,,2020-05-28T09:05:00,,,,0,,,,,,,,,,,,,,,,,,,
2020-05-28 11:00:00,1007.3,23.2,99,0.0,0.0,0.8,187.0,12.0,,,,,2020-05-28T10:31:00,,,,0,,,,,,,,,,,,,,,,,,,
2020-05-28 12:00:00,1007.1,23.2,98,0.0,0.0,0.0,0.0,9.0,,,,,2020-05-28T11:05:00,,,,0,,,,,,,,,,,,,,,,,,,
2020-05-28 13:00:00,-9999.7,-99.7,-9997,-99.7,-999.7,0.8,183.0,12.0,,,,,2020-05-28T12:07:00,,,,0,,,,,,,,,,,,,,,,,,,
2020-05-28 14:00:00,1006.7,22.8,99,0.0,0.0,0.0,0.0,10.5,,,,,2020-05-28T13:35:00,,,,0,,,,,,,,,,,,,,,,,,,
2020-05-28 15:00:00,1006.5,22.9,98,0.0,0.0,0.0,0.0,10.5,,,,,2020-05-28T14:05:00,,,,0,,,,,,,,,,,,,,,,,,,
2020-05-28 16:00:00,1006.8,23.0,98,0.0,0.0,0.0,0.0,9.0,,,,,2020-05-28T15:05:00,,,,0,,,,,,,,,,,,,,,,,,,
2020-05-28 17:00:00,1006.9,22.7,98,0.0,0.0,1.3,146.0,3.0,,,,,2020-05-28T16:37:00,,,,0,,,,,,,,,,,,,,,,,,,
2020-05-28 18:00:00,1007.6,22.9,98,0.0,0.0,0.0,0.0,1.0,,,,,2020-05-28T17:05:00,,,,0,,,,,,,,,,,,,,,,,,,
2020-05-28 19:00:00,1008.2,22.6,98,0.0,0.0,0.8,168.0,3.0,,,,,2020-05-28T18:50:00,,,,0,,,,,,,,,,,,,,,,,,,
2020-05-28 20:00:00,1008.6,22.7,98,0.0,0.0,0.0,0.0,0.5,,,,,2020-05-28T19:05:00,,,,0,,,,,,,,,,,,,,,,,,,
2020-05-28 21:00:00,1008.9,22.6,98,0.0,0.0,0.0,0.0,0.5,,,,,2020-05-28T20:05:00,,,,0,,,,,,,,,,,,,,,,,,,
2020-05-28 22:00:00,1008.8,22.7,98,0.0,0.0,0.0,0.0,0.0,,,,,2020-05-28T21:05:00,,,,0,,,,,,,,,,,,,,,,,,,
2020-05-28 23:00:00,1008.7,22.6,98,0.1,0.0,1.3,258.0,0.0,,,,,2020-05-28T22:40:00,,,,0,,,,,,,,,,,,,,,,,,,
2020-05-29 00:00:00,1008.0,22.5,98,0.0,0.0,0.8,327.0,0.0,,,,,2020-05-28T23:02:00,,,,0,,,,,,,,,,,,,,,,,,,
2020-05-29 01:00:00,1007.5,22.5,98,0.0,0.0,0.0,0.0,0.0,,,,,2020-05-29T00:15:00,,,,0,,,,,,,,,,,,,,,,,,,
2020-05-29 02:00:00,1007.0,22.5,98,0.0,0.0,0.0,0.0,0.0,,,,,2020-05-29T01:05:00,,,,0,,,,,,,,,,,,,,,,,,,
2020-05-29 03:00:00,1006.9,22.5,98,0.0,0.0,1.1,275.0,0.0,,,,,2020-05-29T02:25:00,,,,0,,,,,,,,,,,,,,,,,,,
2020-05-29 04:00:00,1006.8,22.5,98,0.0,0.0,0.0,0.0,0.0,,,,,2020-05-29T03:05:00,,,,0,,,,,,,,,,,,,,,,,,,
2020-05-29 05:00:00,1007.0,22.6,98,0.0,0.0,0.0,0.0,0.0,,,,,2020-05-29T04:05:00,,,,0,,,,,,,,,,,,,,,,,,,
2020-05-29 06:00:00,1007.4,22.6,99,0.0,0.0,1.3,334.0,0.0,,,,,2020-05-29T05:15:00,,,,0,,,,,,,,,,,,,,,,,,,
2020-05-29 07:00:00,1007.8,23.1,98,0.0,0.0,0.0,0.0,0.0,,,,,2020-05-29T06:05:00,,,,0,,,,,,,,,,,,,,,,,,,
2020-05-29 08:00:00,1007.7,24.2,98,0.0,0.0,0.0,0.0,0.0,,,,,2020-05-29T07:05:00,,,,0,,,,,,,,,,,,,,,,,,,
2020-05-29 09:00:00,1007.6,25.7,95,0.0,0.0,1.3,250.0,0.0,,,,,2020-05-29T08:13:00,,,,0,,,,,,,,,,,,,,,,,,,
2020-05-29 10:00:00,1007.3,28.6,83,0.0,0.0,1.9,314.0,0.0,,,,,2020-05-29T09:37:00,,,,0,,,,,,,,,,,,,,,,,,,
2020-05-29 11:00:00,1006.6,29.1,84,0.3,312.0,1.9,333.0,0.0,,,,,2020-05-29T10:21:00,,,,0,,,,,,,,,,,,,,,,,,,
2020-05-29 12:00:00,1006.3,30.9,79,0.2,0.0,2.7,130.0,0.0,,,,,2020-05-29T11:58:00,,,,0,,,,,,,,,,,,,,,,,,,
2020-05-29 13:00:00,1006.0,29.8,82,0.1,0.0,2.2,147.0,0.0,,,,,2020-05-29T12:05:00,,,,0,,,,,,,,,,,,,,,,,,,
2020-05-29 14:00:00,1006.1,27.2,91,0.0,0.0,1.6,254.0,0.5,,,,,2020-05-29T13:24:00,,,,0,,,,,,,,,,,,,,,,,,,
2020-05-29 15:00:00,1006.3,26.3,95,0.0,0.0,0.8,148.0,1.5,,,,,2020-05-29T14:08:00,,,,0,,,,,,,,,,,,,,,,,,,
2020-05-29 16:00:00,1005.8,26.3,95,0.0,0.0,1.9,174.0,1.5,,,,,2020-05-29T15:37:00,,,,0,,,,,,,,,,,,,,,,,,,
2020-05-29 17:00:00,1006.4,26.4,95,0.0,0.0,0.0,0.0,1.0,,,,,2020-05-29T16:05:00,,,,0,,,,,,,,,,,,,,,,,,,
2020-05-29 18:00:00,1006.5,26.0,95,0.0,0.0,0.0,0.0,1.5,,,,,2020-05-29T17:05:00,,,,0,,,,,,,,,,,,,,,,,,,
2020-05-29 19:00:00,1006.3,25.6,96,0.0,0.0,0.0,0.0,0.0,,,,,2020-05-29T18:05:00,,,,0,,,,,,,,,,,,,,,,,,,
2020-05-29 20:00:00,1006.7,25.1,96,0.0,0.0,0.0,0.0,0.0,,,,,2020-05-29T19:05:00,,,,0,,,,,,,,,,,,,,,,,,,
2020-05-29 21:00:00,1007.3,24.6,97,0.0,0.0,0.8,346.0,0.0,,,,,2020-05-29T20:52:00,,,,0,,,,,,,,,,,,,,,,,,,
2020-05-29 22:00:00,1008.0,24.4,97,0.0,0.0,0.0,0.0,0.0,,,,,2020-05-29T21:05:00,,,,0,,,,,,,,,,,,,,,,,,,
2020-05-29 23:00:00,1007.9,24.2,97,0.0,0.0,0.0,0.0,0.0,,,,,2020-05-29T22:05:00,,,,0,,,,,,,,,,,,,,,,,,,
2020-05-30 00:00:00,1007.4,24.0,97,0.0,0.0,0.8,310.0,0.0,,,,,2020-05-29T23:07:00,,,,0,,,,,,,,,,,,,,,,,,,
2020-05-30 01:00:00,1007.0,23.6,97,0.0,0.0,1.3,279.0,0.0,,,,,2020-05-30T00:32:00,,,,0,,,,,,,,,,,,,,,,,,,
2020-05-30 02:00:00,1006.5,23.4,98,0.0,0.0,0.8,352.0,0.0,,,,,2020-05-30T01:23:00,,,,0,,,,,,,,,,,,,,,,,,,
2020-05-30 03:00:00,-9999.7,-99.7,-9997,-99.7,-999.7,0.8,10.0,0.0,,,,,2020-05-30T02:06:00,,,,0,,,,,,,,,,,,,,,,,,,
2020-05-30 04:00:00,1006.2,22.7,98,0.0,0.0,0.0,0.0,0.0,,,,,2020-05-30T03:15:00,,,,0,,,,,,,,,,,,,,,,,,,
2020-05-30 05:00:00,1006.7,22.5,98,0.1,0.0,1.3,340.0,0.0,,,,,2020-05-30T05:00:00,,,,0,,,,,,,,,,,,,,,,,,,
2020-05-30 06:00:00,1006.9,22.5,98,0.0,0.0,1.3,340.0,0.0,,,,,2020-05-30T05:01:00,,,,0,,,,,,,,,,,,,,,,,,,
2020-05-30 07:00:00,1007.2,23.5,98,0.1,0.0,1.3,332.0,0.0,,,,,2020-05-30T07:00:00,,,,0,,,,,,,,,,,,,,,,,,,
2020-05-30 08:00:00,1007.0,26.0,89,0.0,0.0,1.6,333.0,0.0,,,,,2020-05-30T07:09:00,,,,0,,,,,,,,,,,,,,,,,,,
2020-05-30 09:00:00,1006.9,29.3,77,0.1,0.0,1.6,326.0,0.0,,,,,2020-05-30T08:30:00,,,,0,,,,,,,,,,,,,,,,,,,
2020-05-30 10:00:00,1006.6,31.1,78,0.0,0.0,1.9,254.0,0.0,,,,,2020-05-30T09:43:00,,,,0,,,,,,,,,,,,,,,,,,,
2020-05-30 11:00:00,1006.4,31.8,77,0.0,0.0,1.9,291.0,0.0,,,,,2020-05-30T10:26:00,,,,0,,,,,,,,,,,,,,,,,,,
2020-05-30 12:00:00,-9999.7,-99.7,-9997,-99.7,-999.7,1.9,318.0,0.0,,,,,2020-05-30T11:43:00,,,,0,,,,,,,,,,,,,,,,,,,
2020-05-30 13:00:00,1005.7,30.2,77,0.1,0.0,2.7,176.0,0.0,,,,,2020-05-30T12:33:00,,,,0,,,,,,,,,,,,,,,,,,,
2020-05-30 14:00:00,1004.9,31.6,72,0.1,0.0,1.9,157.0,0.0,,,,,2020-05-30T13:39:00,,,,0,,,,,,,,,,,,,,,,,,,
2020-05-30 15:00:00,1004.6,32.3,70,0.0,0.0,1.9,287.0,0.0,,,,,2020-05-30T14:01:00,,,,0,,,,,,,,,,,,,,,,,,,
2020-05-30 16:00:00,1004.7,29.2,82,0.0,0.0,1.1,163.0,0.0,,,,,2020-05-30T15:10:00,,,,0,,,,,,,,,,,,,,,,,,,
2020-05-30 17:00:00,1004.9,28.4,83,0.0,0.0,1.6,145.0,0.5,,,,,2020-05-30T16:19:00,,,,0,,,,,,,,,,,,,,,,,,,
2020-05-30 18:00:00,-9999.7,-99.7,-9997,-99.7,-999.7,3.5,259.0,0.0,,,,,2020-05-30T17:20:00,,,,0,,,,,,,,,,,,,,,,,,,
2020-05-30 19:00:00,1005.8,25.9,91,0.0,0.0,0.8,268.0,0.0,,,,,2020-05-30T18:31:00,,,,0,,,,,,,,,,,,,,,,,,,
2020-05-30 20:00:00,1005.9,25.2,94,0.0,0.0,0.0,0.0,0.0,,,,,2020-05-30T19:15:00,,,,0,,,,,,,,,,,,,,,,,,,
2020-05-30 21:00:00,1006.0,24.7,95,0.0,0.0,0.0,0.0,0.0,,,,,2020-05-30T20:05:00,,,,0,,,,,,,,,,,,,,,,,,,
2020-05-30 22:00:00,1006.6,24.5,96,0.0,0.0,0.8,179.0,0.0,,,,,2020-05-30T21:26:00,,,,0,,,,,,,,,,,,,,,,,,,
2020-05-30 23:00:00,1007.0,24.2,96,0.0,0.0,1.9,275.0,0.0,,,,,2020-05-30T22:50:00,,,,0,,,,,,,,,,,,,,,,,,,
2020-05-31 00:00:00,1006.7,24.0,96,0.0,0.0,1.9,329.0,0.0,,,,,2020-05-30T23:06:00,,,,0,,,,,,,,,,,,,,,,,,,
2020-05-31 01:00:00,1006.3,23.8,96,0.0,0.0,1.1,342.0,0.0,,,,,2020-05-31T00:35:00,,,,0,,,,,,,,,,,,,,,,,,,
2020-05-31 02:00:00,1005.8,23.6,96,0.0,0.0,0.8,331.0,0.0,,,,,2020-05-31T01:25:00,,,,0,,,,,,,,,,,,,,,,,,,
2020-05-31 03:00:00,1005.8,23.5,97,0.0,0.0,0.0,0.0,0.0,,,,,2020-05-31T02:25:00,,,,0,,,,,,,,,,,,,,,,,,,
2020-05-31 04:00:00,1005.9,23.3,97,0.0,0.0,1.3,325.0,0.0,,,,,2020-05-31T03:02:00,,,,0,,,,,,,,,,,,,,,,,,,
2020-05-31 05:00:00,1006.3,23.3,97,0.0,0.0,0.8,351.0,0.0,,,,,2020-05-31T04:20:00,,,,0,,,,,,,,,,,,,,,,,,,
2020-05-31 06:00:00,1006.9,23.6,97,0.0,0.0,1.3,336.0,0.0,,,,,2020-05-31T05:48:00,,,,0,,,,,,,,,,,,,,,,,,,
2020-05-31 07:00:00,1006.9,25.3,94,0.0,0.0,0.8,340.0,0.0,,,,,2020-05-31T06:15:00,,,,0,,,,,,,,,,,,,,,,,,,
2020-05-31 08:00:00,1006.7,28.9,74,1.4,342.0,4.9,334.0,0.0,,,,,2020-05-31T07:58:00,,,,0,,,,,,,,,,,,,,,,,,,
2020-05-31 09:00:00,1006.7,30.6,69,0.6,304.0,5.5,328.0,0.0,,,,,2020-05-31T08:15:00,,,,0,,,,,,,,,,,,,,,,,,,
2020-05-31 10:00:00,1006.4,31.7,66,0.7,262.0,4.9,240.0,0.0,,,,,2020-05-31T09:59:00,,,,0,,,,,,,,,,,,,,,,,,,
2020-05-31 11:00:00,-9999.7,-99.7,-9997,-99.7,-999.7,3.3,323.0,0.0,,,,,2020-05-31T10:30:00,,,,0,,,,,,,,,,,,,,,,,,,
2020-05-31 12:00:00,1005.7,31.1,75,0.1,0.0,3.5,167.0,0.0,,,,,2020-05-31T11:25:00,,,,0,,,,,,,,,,,,,,,,,,,
2020-05-31 13:00:00,1005.3,32.8,65,0.6,261.0,4.9,245.0,0.0,,,,,2020-05-31T12:54:00,,,,0,,,,,,,,,,,,,,,,,,,
2020-05-31 14:00:00,1005.0,31.7,73,0.0,0.0,3.5,259.0,0.0,,,,,2020-05-31T13:11:00,,,,0,,,,,,,,,,,,,,,,,,,
2020-05-31 15:00:00,1005.1,27.6,86,0.0,0.0,1.9,112.0,0.0,,,,,2020-05-31T14:39:00,,,,0,,,,,,,,,,,,,,,,,,,
2020-05-31 16:00:00,1005.0,26.2,95,0.0,0.0,1.6,218.0,9.0,,,,,2020-05-31T15:36:00,,,,0,,,,,,,,,,,,,,,,,,,
2020-05-31 17:00:00,1005.1,26.4,96,0.0,0.0,3.0,325.0,10.0,,,,,2020-05-31T16:20:00,,,,0,,,,,,,,,,,,,,,,,,,
2020-05-31 18:00:00,1005.9,26.3,96,0.0,0.0,1.1,355.0,2.5,,,,,2020-05-31T17:10:00,,,,0,,,,,,,,,,,,,,,,,,,
2020-05-31 19:00:00,1006.4,25.7,96,0.0,0.0,0.0,0.0,1.0,,,,,2020-05-31T18:05:00,,,,0,,,,,,,,,,,,,,,,,,,
2020-05-31 20:00:00,1007.4,25.6,97,0.0,0.0,1.6,255.0,20.0,,,,,2020-05-31T20:00:00,,,,0,,,,,,,,,,,,,,,,,,,
2020-05-31 21:00:00,1008.1,25.4,97,0.0,0.0,1.9,329.0,11.5,,,,,2020-05-31T20:17:00,,,,0,,,,,,,,,,,,,,,,,,,
2020-05-31 22:00:00,1008.0,25.4,97,0.0,0.0,1.9,240.0,6.0,,,,,2020-05-31T21:02:00,,,,0,,,,,,,,,,,,,,,,,,,
2020-05-31 23:00:00,1007.8,25.2,97,0.0,0.0,0.0,0.0,0.0,,,,,2020-05-31T22:05:00,,,,0,,,,,,,,,,,,,,,,,,,
2020-06-01 00:00:00,-9999.7,-99.7,-9997,-99.7,-999.7,0.0,0.0,0.0,,,,,2020-05-31T23:05:00,,,,0,,,,,,,,,,,,,,,,,,,
2020-06-01 01:00:00,1007.5,24.9,97,0.9,354.0,2.2,342.0,7.5,,,,,2020-06-01T00:59:00,,,,0,,,,,,,,,,,,,,,,,,,
2020-06-01 02:00:00,1006.8,24.6,98,0.0,0.0,1.1,56.0,5.5,,,,,2020-06-01T01:09:00,,,,0,,,,,,,,,,,,,,,,,,,
2020-06-01 03:00:00,1006.6,24.7,98,0.0,0.0,0.0,0.0,0.5,,,,,2020-06-01T02:05:00,,,,0,,,,,,,,,,,,,,,,,,,
2020-06-01 04:00:00,1006.6,24.7,98,0.0,0.0,0.0,0.0,0.0,,,,,2020-06-01T03:05:00,,,,0,,,,,,,,,,,,,,,,,,,
2020-06-01 05:00:00,1006.9,24.7,97,0.0,0.0,0.0,0.0,0.0,,,,,2020-06-01T04:05:00,,,,0,,,,,,,,,,,,,,,,,,,
2020-06-01 06:00:00,1007.1,25.1,98,0.0,0.0,0.8,274.0,0.0,,,,,2020-06-01T05:59:00,,,,0,,,,,,,,,,,,,,,,,,,
2020-06-01 07:00:00,1007.4,25.3,97,0.0,0.0,1.9,348.0,0.0,,,,,2020-06-01T06:47:00,,,,0,,,,,,,,,,,,,,,,,,,
2020-06-01 08:00:00,1007.1,26.5,95,0.1,0.0,1.3,329.0,0.0,,,,,2020-06-01T07:10:00,,,,0,,,,,,,,,,,,,,,,,,,
2020-06-01 09:00:00,1006.9,29.5,84,0.0,0.0,1.6,344.0,0.0,,,,,2020-06-01T08:50:00,,,,0,,,,,,,,,,,,,,,,,,,
2020-06-01 10:00:00,1006.5,30.8,76,0.2,0.0,3.3,133.0,0.0,,,,,2020-06-01T09:56:00,,,,0,,,,,,,,,,,,,,,,,,,
2020-06-01 11:00:00,1006.8,29.4,85,0.1,0.0,2.7,317.0,0.0,,,,,2020-06-01T10:46:00,,,,0,,,,,,,,,,,,,,,,,,,
2020-06-01 12:00:00,1006.9,27.8,90,0.2,0.0,1.9,215.0,0.0,,,,,2020-06-01T11:17:00,,,,0,,,,,,,,,,,,,,,,,,,
2020-06-01 13:00:00,1006.9,26.8,94,0.0,0.0,2.2,127.0,9.0,,,,,2020-06-01T12:24:00,,,,0,,,,,,,,,,,,,,,,,,,
2020-06-01 14:00:00,1006.2,26.4,96,0.2,0.0,2.4,164.0,2.5,,,,,2020-06-01T13:39:00,,,,0,,,,,,,,,,,,,,,,,,,
2020-06-01 15:00:00,1005.4,27.2,92,0.0,0.0,1.9,161.0,0.0,,,,,2020-06-01T14:14:00,,,,0,,,,,,,,,,,,,,,,,,,
2020-06-01 16:00:00,1005.3,27.1,93,0.1,0.0,1.3,191.0,0.0,,,,,2020-06-01T15:56:00,,,,0,,,,,,,,,,,,,,,,,,,
2020-06-01 17:00:00,1005.6,27.3,91,0.0,0.0,1.3,165.0,0.0,,,,,2020-06-01T16:53:00,,,,0,,,,,,,,,,,,,,,,,,,
2020-06-01 18:00:00,1005.9,27.0,92,0.0,0.0,0.8,350.0,1.5,,,,,2020-06-01T17:59:00,,,,0,,,,,,,,,,,,,,,,,,,
2020-06-01 19:00:00,1006.3,26.3,95,0.0,0.0,1.3,349.0,1.0,,,,,2020-06-01T18:02:00,,,,0,,,,,,,,,,,,,,,,,,,
2020-06-01 20:00:00,1007.1,26.1,96,0.0,0.0,1.9,255.0,1.5,,,,,2020-06-01T19:11:00,,,,0,,,,,,,,,,,,,,,,,,,
2020-06-01 21:00:00,1007.0,26.0,96,0.0,0.0,0.8,255.0,0.0,,,,,2020-06-01T20:06:00,,,,0,,,,,,,,,,,,,,,,,,,
2020-06-01 22:00:00,1007.8,25.4,97,0.0,0.0,1.3,331.0,0.0,,,,,2020-06-01T21:35:00,,,,0,,,,,,,,,,,,,,,,,,,
2020-06-01 23:00:00,1007.7,25.3,97,0.0,0.0,0.0,0.0,0.0,,,,,2020-06-01T22:05:00,,,,0,,,,,,,,,,,,,,,,,,,
2020-06-02 00:00:00,-9999.7,-99.7,-9997,-99.7,-999.7,0.0,0.0,0.0,,,,,2020-06-01T23:05:00,,,,0,,,,,,,,,,,,,,,,,,,
2020-06-02 01:00:00,1006.9,24.7,97,0.0,0.0,1.3,324.0,0.0,,,,,2020-06-02T00:44:00,,,,0,,,,,,,,,,,,,,,,,,,
2020-06-02 02:00:00,1006.3,24.4,97,0.0,0.0,0.8,250.0,0.0,,,,,2020-06-02T01:09:00,,,,0,,,,,,,,,,,,,,,,,,,
2020-06-02 03:00:00,1004.8,24.2,97,0.0,0.0,0.0,0.0,0.0,,,,,2020-06-02T02:05:00,,,,0,,,,,,,,,,,,,,,,,,,
2020-06-02 04:00:00,1005.0,24.2,98,0.0,0.0,0.8,351.0,0.0,,,,,2020-06-02T03:46:00,,,,0,,,,,,,,,,,,,,,,,,,
2020-06-02 05:00:00,1005.3,23.8,98,0.0,0.0,0.8,297.0,0.0,,,,,2020-06-02T04:36:00,,,,0,,,,,,,,,,,,,,,,,,,
2020-06-02 06:00:00,1005.6,23.8,98,0.0,0.0,0.8,309.0,0.0,,,,,2020-06-02T05:52:00,,,,0,,,,,,,,,,,,,,,,,,,
2020-06-02 07:00:00,1006.0,24.6,97,0.0,0.0,1.6,346.0,0.0,,,,,2020-06-02T06:08:00,,,,0,,,,,,,,,,,,,,,,,,,
2020-06-02 08:00:00,1005.8,27.0,93,0.0,0.0,0.8,284.0,0.0,,,,,2020-06-02T07:41:00,,,,0,,,,,,,,,,,,,,,,,,,
2020-06-02 09:00:00,1005.8,29.6,80,0.0,0.0,2.2,179.0,0.0,,,,,2020-06-02T08:35:00,,,,0,,,,,,,,,,,,,,,,,,,
2020-06-02 10:00:00,1005.8,31.1,78,0.0,0.0,1.1,187.0,0.0,,,,,2020-06-02T09:42:00,,,,0,,,,,,,,,,,,,,,,,,,
2020-06-02 11:00:00,1005.4,32.5,75,0.0,0.0,2.4,335.0,0.0,,,,,2020-06-02T10:22:00,,,,0,,,,,,,,,,,,,,,,,,,
2020-06-02 12:00:00,1005.0,31.1,77,0.0,0.0,1.9,154.0,0.0,,,,,2020-06-02T11:03:00,,,,0,,,,,,,,,,,,,,,,,,,
2020-06-02 13:00:00,1004.6,31.3,77,0.1,0.0,2.4,196.0,0.0,,,,,2020-06-02T12:45:00,,,,0,,,,,,,,,,,,,,,,,,,
2020-06-02 14:00:00,1004.2,31.6,76,0.3,189.0,2.4,160.0,0.0,,,,,2020-06-02T13:22:00,,,,0,,,,,,,,,,,,,,,,,,,
2020-06-02 15:00:00,1004.0,30.4,79,0.0,0.0,2.2,170.0,0.0,,,,,2020-06-02T14:28:00,,,,0,,,,,,,,,,,,,,,,,,,
2020-06-02 16:00:00,1003.7,29.7,82,0.0,0.0,1.1,172.0,0.0,,,,,2020-06-02T15:36:00,,,,0,,,,,,,,,,,,,,,,,,,
2020-06-02 17:00:00,1003.6,28.2,89,0.1,0.0,1.9,124.0,0.0,,,,,2020-06-02T16:35:00,,,,0,,,,,,,,,,,,,,,,,,,
2020-06-02 18:00:00,1004.5,27.5,92,0.0,0.0,1.9,180.0,0.5,,,,,2020-06-02T17:01:00,,,,0,,,,,,,,,,,,,,,,,,,
2020-06-02 19:00:00,1004.8,26.5,93,0.0,0.0,2.4,274.0,0.0,,,,,2020-06-02T18:44:00,,,,0,,,,,,,,,,,,,,,,,,,
2020-06-02 20:00:00,1005.6,25.8,94,0.0,0.0,1.9,267.0,0.0,,,,,2020-06-02T19:06:00,,,,0,,,,,,,,,,,,,,,,,,,
2020-06-02 21:00:00,1006.0,25.6,94,0.2,0.0,1.9,260.0,0.0,,,,,2020-06-02T20:35:00,,,,0,,,,,,,,,,,,,,,,,,,
2020-06-02 22:00:00,1006.5,25.6,95,0.0,0.0,0.0,0.0,0.0,,,,,2020-06-02T21:05:00,,,,0,,,,,,,,,,,,,,,,,,,
2020-06-02 23:00:00,1006.0,25.4,95,0.0,0.0,0.8,313.0,0.0,,,,,2020-06-02T22:23:00,,,,0,,,,,,,,,,,,,,,,,,,
2020-06-03 00:00:00,1005.3,25.1,95,0.0,0.0,0.0,0.0,0.0,,,,,2020-06-02T23:05:00,,,,0,,,,,,,,,,,,,,,,,,,
2020-06-03 01:00:00,1004.6,24.9,96,0.0,0.0,1.3,345.0,0.0,,,,,2020-06-03T00:04:00,,,,0,,,,,,,,,,,,,,,,,,,
2020-06-03 02:00:00,1004.0,24.5,97,0.0,0.0,0.8,269.0,0.0,,,,,2020-06-03T01:52:00,,,,0,,,,,,,,,,,,,,,,,,,
2020-06-03 03:00:00,1003.4,24.2,97,0.0,0.0,1.3,343.0,0.0,,,,,2020-06-03T02:03:00,,,,0,,,,,,,,,,,,,,,,,,,
2020-06-03 04:00:00,1003.3,23.9,97,0.3,349.0,1.3,355.0,0.0,,,,,2020-06-03T03:55:00,,,,0,,,,,,,,,,,,,,,,,,,
2020-06-03 05:00:00,1003.8,23.8,97,0.0,0.0,1.3,336.0,0.0,,,,,2020-06-03T04:06:00,,,,0,,,,,,,,,,,,,,,,,,,
2020-06-03 06:00:00,1004.5,23.8,97,0.0,0.0,1.3,254.0,0.0,,,,,2020-06-03T05:48:00,,,,0,,,,,,,,,,,,,,,,,,,
2020-06-03 07:00:00,1004.9,25.1,96,0.1,0.0,1.9,338.0,0.0,,,,,2020-06-03T06:42:00,,,,0,,,,,,,,,,,,,,,,,,,
2020-06-03 08:00:00,-9999.7,-99.7,-9997,-99.7,-999.7,1.3,335.0,0.0,,,,,2020-06-03T07:02:00,,,,0,,,,,,,,,,,,,,,,,,,
2020-06-03 09:00:00,1005.0,29.4,80,0.0,0.0,1.3,325.0,0.0,,,,,2020-06-03T08:46:00,,,,0,,,,,,,,,,,,,,,,,,,
2020-06-03 10:00:00,1004.8,30.1,77,0.0,0.0,1.6,215.0,0.0,,,,,2020-06-03T09:50:00,,,,0,,,,,,,,,,,,,,,,,,,
2020-06-03 11:00:00,1004.5,31.7,72,0.0,0.0,1.3,249.0,0.0,,,,,2020-06-03T10:05:00,,,,0,,,,,,,,,,,,,,,,,,,
2020-06-03 12:00:00,1003.8,32.0,73,0.0,0.0,1.9,300.0,0.0,,,,,2020-06-03T11:46:00,,,,0,,,,,,,,,,,,,,,,,,,
2020-06-03 13:00:00,1003.3,31.2,76,0.0,0.0,1.3,53.0,0.0,,,,,2020-06-03T12:02:00,,,,0,,,,,,,,,,,,,,,,,,,
2020-06-03 14:00:00,-9999.7,-99.7,-9997,-99.7,-999.7,1.9,226.0,0.0,,,,,2020-06-03T13:03:00,,,,0,,,,,,,,,,,,,,,,,,,
2020-06-03 15:00:00,1002.1,32.4,72,0.1,0.0,2.7,175.0,0.0,,,,,2020-06-03T14:19:00,,,,0,,,,,,,,,,,,,,,,,,,
2020-06-03 16:00:00,1001.6,31.3,77,0.1,0.0,1.9,200.0,0.0,,,,,2020-06-03T15:10:00,,,,0,,,,,,,,,,,,,,,,,,,
2020-06-03 17:00:00,1001.2,30.7,80,0.0,0.0,1.6,194.0,0.0,,,,,2020-06-03T16:50:00,,,,0,,,,,,,,,,,,,,,,,,,
2020-06-03 18:00:00,1001.6,30.2,79,0.0,0.0,1.9,178.0,0.0,,,,,2020-06-03T17:02:00,,,,0,,,,,,,,,,,,,,,,,,,
2020-06-03 19:00:00,1002.3,28.6,86,0.0,0.0,0.0,0.0,0.0,,,,,2020-06-03T18:05:00,,,,0,,,,,,,,,,,,,,,,,,,
2020-06-03 20:00:00,1003.0,27.2,91,0.0,0.0,0.0,0.0,0.0,,,,,2020-06-03T19:05:00,,,,0,,,,,,,,,,,,,,,,,,,
2020-06-03 21:00:00,1003.5,26.4,94,0.0,0.0,0.0,0.0,0.0,,,,,2020-06-03T20:05:00,,,,0,,,,,,,,,,,,,,,,,,,
2020-06-03 22:00:00,1004.4,25.8,94,0.2,0.0,2.4,343.0,0.0,,,,,2020-06-03T21:56:00,,,,0,,,,,,,,,,,,,,,,,,,
2020-06-03 23:00:00,1004.3,25.4,95,0.0,0.0,1.6,329.0,0.0,,,,,2020-06-03T22:19:00,,,,0,,,,,,,,,,,,,,,,,,,
2020-06-04 00:00:00,1003.7,25.0,95,0.0,0.0,0.0,0.0,0.0,,,,,2020-06-03T23:05:00,,,,0,,,,,,,,,,,,,,,,,,,
2020-06-04 01:00:00,1003.1,24.6,96,0.0,0.0,0.0,0.0,0.0,,,,,2020-06-04T00:15:00,,,,0,,,,,,,,,,,,,,,,,,,
2020-06-04 02:00:00,1002.4,24.1,96,0.0,0.0,1.9,335.0,0.0,,,,,2020-06-04T01:39:00,,,,0,,,,,,,,,,,,,,,,,,,
2020-06-04 03:00:00,1002.1,23.8,96,0.0,0.0,1.9,14.0,0.0,,,,,2020-06-04T02:31:00,,,,0,,,,,,,,,,,,,,,,,,,
2020-06-04 04:00:00,1002.1,23.6,96,0.0,0.0,0.8,324.0,0.0,,,,,2020-06-04T03:58:00,,,,0,,,,,,,,,,,,,,,,,,,
2020-06-04 05:00:00,1002.4,23.3,96,0.0,0.0,0.8,347.0,0.0,,,,,2020-06-04T04:01:00,,,,0,,,,,,,,,,,,,,,,,,,
2020-06-04 06:00:00,1003.0,23.3,97,0.8,350.0,1.3,14.0,0.0,,,,,2020-06-04T05:51:00,,,,0,,,,,,,,,,,,,,,,,,,
2020-06-04 07:00:00,1003.3,25.2,94,0.3,340.0,1.3,352.0,0.0,,,,,2020-06-04T06:02:00,,,,0,,,,,,,,,,,,,,,,,,,
2020-06-04 08:00:00,1003.6,28.7,83,0.0,0.0,1.6,338.0,0.0,,,,,2020-06-04T07:33:00,,,,0,,,,,,,,,,,,,,,,,,,
2020-06-04 09:00:00,1003.7,30.4,66,0.5,319.0,3.5,341.0,0.0,,,,,2020-06-04T08:52:00,,,,0,,,,,,,,,,,,,,,,,,,
2020-06-04 10:00:00,1003.4,32.4,59,0.9,270.0,4.9,335.0,0.0,,,,,2020-06-04T09:50:00,,,,0,,,,,,,,,,,,,,,,,,,
2020-06-04 11:00:00,1003.0,33.4,55,1.8,258.0,6.0,279.0,0.0,,,,,2020-06-04T10:52:00,,,,0,,,,,,,,,,,,,,,,,,,
2020-06-04 12:00:00,1002.4,35.1,52,0.9,309.0,6.6,265.0,0.0,,,,,2020-06-04T11:21:00,,,,0,,,,,,,,,,,,,,,,,,,
2020-06-04 13:00:00,1002.3,34.3,62,0.0,0.0,4.1,254.0,0.0,,,,,2020-06-04T12:04:00,,,,0,,,,,,,,,,,,,,,,,,,
2020-06-04 14:00:00,1002.2,34.4,66,0.1,0.0,2.4,212.0,0.0,,,,,2020-06-04T13:42:00,,,,0,,,,,,,,,,,,,,,,,,,
2020-06-04 15:00:00,1002.2,30.3,79,0.0,0.0,1.3,251.0,0.0,,,,,2020-06-04T14:03:00,,,,0,,,,,,,,,,,,,,,,,,,
2020-06-04 16:00:00,1001.7,30.3,77,0.0,0.0,0.8,190.0,0.0,,,,,2020-06-04T15:02:00,,,,0,,,,,,,,,,,,,,,,,,,
2020-06-04 17:00:00,1001.9,30.2,77,0.0,0.0,0.8,208.0,0.0,,,,,2020-06-04T16:02:00,,,,0,,,,,,,,,,,,,,,,,,,
2020-06-04 18:00:00,1001.9,29.5,81,0.0,0.0,0.8,95.0,0.0,,,,,2020-06-04T17:21:00,,,,0,,,,,,,,,,,,,,,,,,,
2020-06-04 19:00:00,1002.7,28.7,86,0.0,0.0,0.8,295.0,0.0,,,,,2020-06-04T18:08:00,,,,0,,,,,,,,,,,,,,,,,,,
2020-06-04 20:00:00,1003.6,27.8,90,0.0,0.0,0.0,0.0,0.0,,,,,2020-06-04T19:05:00,,,,0,,,,,,,,,,,,,,,,,,,
2020-06-04 21:00:00,1004.1,27.2,92,0.0,0.0,0.0,0.0,0.0,,,,,2020-06-04T20:05:00,,,,0,,,,,,,,,,,,,,,,,,,
2020-06-04 22:00:00,1004.3,26.6,93,0.0,0.0,0.8,339.0,0.0,,,,,2020-06-04T21:42:00,,,,0,,,,,,,,,,,,,,,,,,,
2020-06-04 23:00:00,1004.1,26.2,94,0.0,0.0,1.1,340.0,0.0,,,,,2020-06-04T22:12:00,,,,0,,,,,,,,,,,,,,,,,,,
2020-06-05 00:00:00,1004.0,25.8,95,0.0,0.0,1.3,282.0,0.0,,,,,2020-06-04T23:56:00,,,,0,,,,,,,,,,,,,,,,,,,
2020-06-05 01:00:00,1003.6,25.3,95,0.1,0.0,1.3,339.0,0.0,,,,,2020-06-05T00:58:00,,,,0,,,,,,,,,,,,,,,,,,,
2020-06-05 02:00:00,1003.1,25.3,95,0.0,0.0,1.1,344.0,0.0,,,,,2020-06-05T01:47:00,,,,0,,,,,,,,,,,,,,,,,,,
2020-06-05 03:00:00,1003.2,24.9,95,0.0,0.0,1.6,318.0,0.0,,,,,2020-06-05T02:29:00,,,,0,,,,,,,,,,,,,,,,,,,
2020-06-05 04:00:00,1002.9,24.9,95,0.0,0.0,1.3,329.0,0.0,,,,,2020-06-05T03:43:00,,,,0,,,,,,,,,,,,,,,,,,,
2020-06-05 05:00:00,1003.0,24.7,95,0.0,0.0,0.8,314.0,0.0,,,,,2020-06-05T04:35:00,,,,0,,,,,,,,,,,,,,,,,,,
2020-06-05 06:00:00,1003.4,24.7,95,0.0,0.0,1.9,349.0,0.0,,,,,2020-06-05T05:28:00,,,,0,,,,,,,,,,,,,,,,,,,
2020-06-05 07:00:00,1003.8,26.0,91,0.0,0.0,0.8,340.0,0.0,,,,,2020-06-05T06:05:00,,,,0,,,,,,,,,,,,,,,,,,,
2020-06-05 08:00:00,1003.7,29.0,80,0.0,0.0,1.3,336.0,0.0,,,,,2020-06-05T07:41:00,,,,0,,,,,,,,,,,,,,,,,,,
2020-06-05 09:00:00,1004.0,31.3,69,0.0,0.0,1.9,328.0,0.0,,,,,2020-06-05T08:27:00,,,,0,,,,,,,,,,,,,,,,,,,
2020-06-05 10:00:00,1003.4,33.3,62,0.0,0.0,1.6,345.0,0.0,,,,,2020-06-05T09:52:00,,,,0,,,,,,,,,,,,,,,,,,,
2020-06-05 11:00:00,1002.4,33.4,65,0.2,0.0,2.4,174.0,0.0,,,,,2020-06-05T10:27:00,,,,0,,,,,,,,,,,,,,,,,,,
2020-06-05 12:00:00,1002.5,33.6,65,0.2,0.0,2.4,199.0,0.0,,,,,2020-06-05T11:04:00,,,,0,,,,,,,,,,,,,,,,,,,
2020-06-05 13:00:00,1002.7,32.6,66,0.2,0.0,2.2,240.0,0.0,,,,,2020-06-05T12:09:00,,,,0,,,,,,,,,,,,,,,,,,,
2020-06-05 14:00:00,1002.2,30.7,75,0.2,0.0,2.4,172.0,0.0,,,,,2020-06-05T13:47:00,,,,0,,,,,,,,,,,,,,,,,,,
2020-06-05 15:00:00,1001.8,31.5,70,0.4,174.0,3.0,170.0,0.0,,,,,2020-06-05T14:27:00,,,,0,,,,,,,,,,,,,,,,,,,
2020-06-05 16:00:00,1001.2,32.0,69,0.0,0.0,2.2,177.0,0.0,,,,,2020-06-05T15:22:00,,,,0,,,,,,,,,,,,,,,,,,,
2020-06-05 17:00:00,1000.8,30.1,75,0.0,0.0,3.5,197.0,0.0,,,,,2020-06-05T16:10:00,,,,0,,,,,,,,,,,,,,,,,,,
2020-06-05 18:00:00,1002.3,26.1,94,0.3,335.0,4.9,28.0,8.0,,,,,2020-06-05T17:36:00,,,,0,,,,,,,,,,,,,,,,,,,
2020-06-05 19:00:00,1002.4,25.5,96,0.0,0.0,3.3,326.0,11.0,,,,,2020-06-05T18:22:00,,,,0,,,,,,,,,,,,,,,,,,,
2020-06-05 20:00:00,1003.1,25.1,96,0.0,0.0,1.6,355.0,0.0,,,,,2020-06-05T19:07:00,,,,0,,,,,,,,,,,,,,,,,,,
2020-06-05 21:00:00,1003.7,25.1,96,0.0,0.0,1.9,241.0,0.0,,,,,2020-06-05T20:56:00,,,,0,,,,,,,,,,,,,,,,,,,
2020-06-05 22:00:00,1003.9,25.0,97,0.0,0.0,1.6,353.0,0.0,,,,,2020-06-05T21:49:00,,,,0,,,,,,,,,,,,,,,,,,,
2020-06-05 23:00:00,-9999.7,-99.7,-9997,-99.7,-999.7,1.6,301.0,0.0,,,,,2020-06-05T22:13:00,,,,0,,,,,,,,,,,,,,,,,,,
2020-06-06 00:00:00,1003.2,24.7,96,0.0,0.0,0.8,341.0,0.0,,,,,2020-06-05T23:04:00,,,,0,,,,,,,,,,,,,,,,,,,
2020-06-06 01:00:00,1002.6,24.4,97,0.0,0.0,0.0,0.0,0.0,,,,,2020-06-06T00:15:00,,,,0,,,,,,,,,,,,,,,,,,,
2020-06-06 02:00:00,1002.0,24.3,97,0.0,0.0,1.1,287.0,0.0,,,,,2020-06-06T01:58:00,,,,0,,,,,,,,,,,,,,,,,,,
2020-06-06 03:00:00,1001.9,23.9,97,0.0,0.0,1.6,327.0,0.0,,,,,2020-06-06T02:52:00,,,,0,,,,,,,,,,,,,,,,,,,
2020-06-06 04:00:00,1001.4,23.9,97,0.0,0.0,0.0,0.0,0.0,,,,,2020-06-06T03:15:00,,,,0,,,,,,,,,,,,,,,,,,,
2020-06-06 05:00:00,1001.3,23.7,97,0.0,0.0,0.8,333.0,0.0,,,,,2020-06-06T04:42:00,,,,0,,,,,,,,,,,,,,,,,,,
2020-06-06 06:00:00,1001.7,23.5,97,0.0,0.0,1.3,285.0,0.0,,,,,2020-06-06T05:51:00,,,,0,,,,,,,,,,,,,,,,,,,
2020-06-06 07:00:00,1001.9,24.2,97,0.1,0.0,1.6,354.0,0.0,,,,,2020-06-06T06:12:00,,,,0,,,,,,,,,,,,,,,,,,,
2020-06-06 08:00:00,1002.3,26.6,93,0.1,0.0,1.3,348.0,0.0,,,,,2020-06-06T07:12:00,,,,0,,,,,,,,,,,,,,,,,,,
2020-06-06 09:00:00,1002.4,30.8,78,0.2,0.0,1.9,318.0,0.0,,,,,2020-06-06T08:59:00,,,,0,,,,,,,,,,,,,,,,,,,
2020-06-06 10:00:00,1002.2,33.3,64,0.0,0.0,4.9,340.0,0.0,,,,,2020-06-06T09:15:00,,,,0,,,,,,,,,,,,,,,,,,,
2020-06-06 11:00:00,1001.7,33.5,65,0.2,0.0,2.4,324.0,0.0,,,,,2020-06-06T10:20:00,,,,0,,,,,,,,,,,,,,,,,,,
2020-06-06 12:00:00,1001.3,32.4,69,0.6,170.0,5.5,168.0,0.0,,,,,2020-06-06T11:22:00,,,,0,,,,,,,,,,,,,,,,,,,
2020-06-06 13:00:00,1001.4,29.8,78,0.2,0.0,3.0,224.0,0.0,,,,,2020-06-06T12:44:00,,,,0,,,,,,,,,,,,,,,,,,,
2020-06-06 14:00:00,-9999.7,-99.7,-9997,-99.7,-999.7,3.0,175.0,0.5,,,,,2020-06-06T13:12:00,,,,0,,,,,,,,,,,,,,,,,,,
2020-06-06 15:00:00,1001.4,26.6,91,0.2,0.0,3.5,26.0,0.0,,,,,2020-06-06T14:02:00,,,,0,,,,,,,,,,,,,,,,,,,
2020-06-06 16:00:00,1002.0,25.6,93,0.0,0.0,3.0,168.0,2.0,,,,,2020-06-06T15:43:00,,,,0,,,,,,,,,,,,,,,,,,,
2020-06-06 17:00:00,1001.2,25.8,94,0.4,255.0,2.4,254.0,0.5,,,,,2020-06-06T17:00:00,,,,0,,,,,,,,,,,,,,,,,,,
2020-06-06 18:00:00,1001.1,25.9,95,0.0,0.0,2.2,261.0,0.0,,,,,2020-06-06T17:01:00,,,,0,,,,,,,,,,,,,,,,,,,
2020-06-06 19:00:00,1001.3,25.7,95,0.0,0.0,0.0,0.0,0.0,,,,,2020-06-06T18:05:00,,,,0,,,,,,,,,,,,,,,,,,,
2020-06-06 20:00:00,1002.3,25.5,96,0.0,0.0,1.3,346.0,0.0,,,,,2020-06-06T19:35:00,,,,0,,,,,,,,,,,,,,,,,,,
2020-06-06 21:00:00,1003.2,25.4,96,0.1,0.0,1.3,280.0,0.0,,,,,2020-06-06T20:54:00,,,,0,,,,,,,,,,,,,,,,,,,
2020-06-06 22:00:00,1003.4,25.3,96,0.0,0.0,1.3,353.0,0.0,,,,,2020-06-06T21:20:00,,,,0,,,,,,,,,,,,,,,,,,,
2020-06-06 23:00:00,1003.2,25.1,97,0.0,0.0,1.3,157.0,0.0,,,,,2020-06-06T22:34:00,,,,0,,,,,,,,,,,,,,,,,,,
2020-06-07 00:00:00,-9999.7,-99.7,-9997,-99.7,-999.7,0.8,273.0,0.0,,,,,2020-06-06T23:21:00,,,,0,,,,,,,,,,,,,,,,,,,
2020-06-07 01:00:00,1002.5,24.8,97,0.0,0.0,1.1,287.0,0.0,,,,,2020-06-07T00:06:00,,,,0,,,,,,,,,,,,,,,,,,,
2020-06-07 02:00:00,1002.2,24.6,97,0.0,0.0,0.0,0.0,0.0,,,,,2020-06-07T01:05:00,,,,0,,,,,,,,,,,,,,,,,,,
2020-06-07 03:00:00,1002.4,24.2,97,0.0,0.0,0.8,324.0,0.0,,,,,2020-06-07T02:34:00,,,,0,,,,,,,,,,,,,,,,,,,
2020-06-07 04:00:00,1002.6,24.1,97,0.0,0.0,1.3,354.0,0.0,,,,,2020-06-07T03:25:00,,,,0,,,,,,,,,,,,,,,,,,,
2020-06-07 05:00:00,1002.8,24.1,97,0.0,0.0,1.3,355.0,0.0,,,,,2020-06-07T04:32:00,,,,0,,,,,,,,,,,,,,,,,,,
2020-06-07 06:00:00,1002.4,24.3,97,0.0,0.0,1.3,349.0,0.0,,,,,2020-06-07T05:07:00,,,,0,,,,,,,,,,,,,,,,,,,
2020-06-07 07:00:00,1002.7,25.3,96,0.0,0.0,0.0,0.0,0.0,,,,,2020-06-07T06:05:00,,,,0,,,,,,,,,,,,,,,,,,,
2020-06-07 08:00:00,1003.1,27.3,90,0.0,0.0,1.3,348.0,0.0,,,,,2020-06-07T07:33:00,,,,0,,,,,,,,,,,,,,,,,,,
2020-06-07 09:00:00,1003.1,28.2,88,0.0,0.0,1.6,177.0,0.0,,,,,2020-06-07T08:43:00,,,,0,,,,,,,,,,,,,,,,,,,
2020-06-07 10:00:00,1002.5,29.2,78,0.4,271.0,2.4,274.0,0.0,,,,,2020-06-07T09:32:00,,,,0,,,,,,,,,,,,,,,,,,,
2020-06-07 11:00:00,1002.5,29.9,74,0.3,295.0,3.0,341.0,0.0,,,,,2020-06-07T10:42:00,,,,0,,,,,,,,,,,,,,,,,,,
2020-06-07 12:00:00,1002.2,29.8,75,0.7,321.0,4.9,321.0,0.0,,,,,2020-06-07T11:31:00,,,,0,,,,,,,,,,,,,,,,,,,
2020-06-07 13:00:00,1001.9,29.5,79,0.2,0.0,3.5,13.0,0.5,,,,,2020-06-07T12:02:00,,,,0,,,,,,,,,,,,,,,,,,,
2020-06-07 14:00:00,1002.5,25.2,96,0.0,0.0,6.6,330.0,17.5,,,,,2020-06-07T13:13:00,,,,0,,,,,,,,,,,,,,,,,,,
2020-06-07 15:00:00,1002.6,25.5,96,0.0,0.0,0.0,0.0,4.0,,,,,2020-06-07T14:05:00,,,,0,,,,,,,,,,,,,,,,,,,
2020-06-07 16:00:00,1001.5,24.9,97,0.0,0.0,1.1,347.0,4.0,,,,,2020-06-07T15:08:00,,,,0,,,,,,,,,,,,,,,,,,,
2020-06-07 17:00:00,1001.9,25.2,96,0.0,0.0,1.3,351.0,0.5,,,,,2020-06-07T16:16:00,,,,0,,,,,,,,,,,,,,,,,,,
2020-06-07 18:00:00,1002.7,25.4,96,0.0,0.0,1.3,172.0,0.0,,,,,2020-06-07T17:18:00,,,,0,,,,,,,,,,,,,,,,,,,
2020-06-07 19:00:00,1003.2,25.4,97,0.0,0.0,0.0,0.0,0.0,,,,,2020-06-07T18:05:00,,,,0,,,,,,,,,,,,,,,,,,,
2020-06-07 20:00:00,1003.4,25.1,97,0.0,0.0,1.1,335.0,0.5,,,,,2020-06-07T19:54:00,,,,0,,,,,,,,,,,,,,,,,,,
2020-06-07 21:00:00,1003.6,25.0,97,0.0,0.0,0.0,0.0,0.0,,,,,2020-06-07T20:05:00,,,,0,,,,,,,,,,,,,,,,,,,
2020-06-07 22:00:00,1003.9,24.8,97,0.1,0.0,1.9,238.0,0.5,,,,,2020-06-07T22:00:00,,,,0,,,,,,,,,,,,,,,,,,,
2020-06-07 23:00:00,1004.1,24.4,97,0.0,0.0,1.3,290.0,0.0,,,,,2020-06-07T22:02:00,,,,0,,,,,,,,,,,,,,,,,,,
2020-06-08 00:00:00,1003.6,24.4,97,0.0,0.0,0.8,244.0,0.0,,,,,2020-06-08T00:00:00,,,,0,,,,,,,,,,,,,,,,,,,
2020-06-08 01:00:00,1003.2,24.1,97,0.0,0.0,0.8,246.0,0.0,,,,,2020-06-08T00:01:00,,,,0,,,,,,,,,,,,,,,,,,,
2020-06-08 02:00:00,1002.9,23.9,98,0.0,0.0,0.0,0.0,0.0,,,,,2020-06-08T01:15:00,,,,0,,,,,,,,,,,,,,,,,,,
2020-06-08 03:00:00,1002.6,23.6,98,0.0,0.0,0.0,0.0,0.0,,,,,2020-06-08T02:05:00,,,,0,,,,,,,,,,,,,,,,,,,
2020-06-08 04:00:00,1003.0,23.7,98,0.0,0.0,0.8,20.0,0.0,,,,,2020-06-08T03:54:00,,,,0,,,,,,,,,,,,,,,,,,,
2020-06-08 05:00:00,1002.8,23.6,98,0.0,0.0,0.8,347.0,0.0,,,,,2020-06-08T04:49:00,,,,0,,,,,,,,,,,,,,,,,,,
2020-06-08 06:00:00,1003.4,23.8,98,0.0,0.0,0.0,0.0,0.0,,,,,2020-06-08T05:05:00,,,,0,,,,,,,,,,,,,,,,,,,
2020-06-08 07:00:00,1003.7,24.3,98,0.0,0.0,1.3,267.0,0.0,,,,,2020-06-08T06:20:00,,,,0,,,,,,,,,,,,,,,,,,,
2020-06-08 08:00:00,1004.0,25.0,97,0.0,0.0,0.0,0.0,0.0,,,,,2020-06-08T07:05:00,,,,0,,,,,,,,,,,,,,,,,,,
2020-06-08 09:00:00,1004.1,26.2,94,0.0,0.0,0.8,328.0,0.0,,,,,2020-06-08T08:54:00,,,,0,,,,,,,,,,,,,,,,,,,
2020-06-08 10:00:00,1004.2,27.8,89,0.0,0.0,0.0,0.0,0.0,,,,,2020-06-08T09:05:00,,,,0,,,,,,,,,,,,,,,,,,,
2020-06-08 11:00:00,1004.3,28.6,87,0.0,0.0,0.8,350.0,0.0,,,,,2020-06-08T10:20:00,,,,0,,,,,,,,,,,,,,,,,,,
2020-06-08 12:00:00,1004.0,28.4,89,0.0,0.0,0.8,340.0,0.0,,,,,2020-06-08T11:08:00,,,,0,,,,,,,,,,,,,,,,,,,
2020-06-08 13:00:00,1003.8,28.0,91,0.0,0.0,0.0,0.0,0.0,,,,,2020-06-08T12:05:00,,,,0,,,,,,,,,,,,,,,,,,,
2020-06-08 14:00:00,1004.0,26.3,92,0.0,0.0,1.9,14.0,1.0,,,,,2020-06-08T13:30:00,,,,0,,,,,,,,,,,,,,,,,,,
2020-06-08 15:00:00,1003.9,25.9,94,0.0,0.0,2.2,245.0,0.5,,,,,2020-06-08T14:12:00,,,,0,,,,,,,,,,,,,,,,,,,
2020-06-08 16:00:00,-9999.7,-99.7,-9997,-99.7,-999.7,1.9,219.0,0.0,,,,,2020-06-08T15:07:00,,,,0,,,,,,,,,,,,,,,,,,,
2020-06-08 17:00:00,1004.2,25.9,95,0.0,0.0,1.6,244.0,0.0,,,,,2020-06-08T16:23:00,,,,0,,,,,,,,,,,,,,,,,,,
2020-06-08 18:00:00,1004.7,25.7,96,0.0,0.0,0.0,0.0,0.5,,,,,2020-06-08T17:05:00,,,,0,,,,,,,,,,,,,,,,,,,
2020-06-08 19:00:00,1004.9,25.4,96,0.0,0.0,0.0,0.0,0.0,,,,,2020-06-08T18:05:00,,,,0,,,,,,,,,,,,,,,,,,,
2020-06-08 20:00:00,1004.8,24.8,97,0.0,0.0,0.0,0.0,0.0,,,,,2020-06-08T19:05:00,,,,0,,,,,,,,,,,,,,,,,,,
2020-06-08 21:00:00,1005.0,24.5,97,0.0,0.0,0.0,0.0,0.0,,,,,2020-06-08T20:05:00,,,,0,,,,,,,,,,,,,,,,,,,
2020-06-08 22:00:00,1005.8,24.4,97,0.0,0.0,0.0,0.0,0.0,,,,,2020-06-08T21:05:00,,,,0,,,,,,,,,,,,,,,,,,,
2020-06-08 23:00:00,1006.0,24.3,97,0.0,0.0,0.0,0.0,0.0,,,,,2020-06-08T22:05:00,,,,0,,,,,,,,,,,,,,,,,,,
2020-06-09 00:00:00,1005.5,24.3,97,0.0,0.0,0.0,0.0,0.0,,,,,2020-06-08T23:05:00,,,,0,,,,,,,,,,,,,,,,,,,
2020-06-09 01:00:00,1004.8,24.1,97,0.0,0.0,1.1,273.0,0.0,,,,,2020-06-09T00:19:00,,,,0,,,,,,,,,,,,,,,,,,,
2020-06-09 02:00:00,1004.1,23.9,98,0.0,0.0,1.3,250.0,0.0,,,,,2020-06-09T01:09:00,,,,0,,,,,,,,,,,,,,,,,,,
2020-06-09 03:00:00,1003.9,23.7,98,0.0,0.0,1.3,331.0,0.0,,,,,2020-06-09T02:09:00,,,,0,,,,,,,,,,,,,,,,,,,
2020-06-09 04:00:00,1004.0,23.5,98,0.0,0.0,0.0,0.0,0.0,,,,,2020-06-09T03:05:00,,,,0,,,,,,,,,,,,,,,,,,,
2020-06-09 05:00:00,1004.1,23.5,98,0.0,0.0,0.0,0.0,0.0,,,,,2020-06-09T04:05:00,,,,0,,,,,,,,,,,,,,,,,,,
2020-06-09 06:00:00,1004.4,23.7,98,0.0,0.0,0.8,299.0,0.0,,,,,2020-06-09T05:01:00,,,,0,,,,,,,,,,,,,,,,,,,
2020-06-09 07:00:00,1004.8,24.2,98,0.0,0.0,1.6,325.0,0.0,,,,,2020-06-09T06:40:00,,,,0,,,,,,,,,,,,,,,,,,,
2020-06-09 08:00:00,1005.0,25.0,97,0.0,0.0,2.2,310.0,0.0,,,,,2020-06-09T07:17:00,,,,0,,,,,,,,,,,,,,,,,,,
2020-06-09 09:00:00,1005.1,25.6,96,0.0,0.0,1.3,257.0,0.0,,,,,2020-06-09T08:42:00,,,,0,,,,,,,,,,,,,,,,,,,
2020-06-09 10:00:00,1005.3,26.8,92,0.0,0.0,1.6,335.0,0.0,,,,,2020-06-09T09:15:00,,,,0,,,,,,,,,,,,,,,,,,,
2020-06-09 11:00:00,1005.4,28.9,83,0.0,0.0,1.6,355.0,0.0,,,,,2020-06-09T10:39:00,,,,0,,,,,,,,,,,,,,,,,,,
2020-06-09 12:00:00,1005.3,28.1,84,0.0,0.0,0.8,179.0,0.0,,,,,2020-06-09T11:08:00,,,,0,,,,,,,,,,,,,,,,,,,
2020-06-09 13:00:00,-9999.7,-99.7,-9997,-99.7,-999.7,0.0,0.0,0.0,,,,,2020-06-09T12:05:00,,,,0,,,,,,,,,,,,,,,,,,,
2020-06-09 14:00:00,1005.2,28.5,85,0.0,0.0,1.6,327.0,0.0,,,,,2020-06-09T13:21:00,,,,0,,,,,,,,,,,,,,,,,,,
2020-06-09 15:00:00,1005.3,27.3,90,0.7,287.0,3.0,330.0,1.0,,,,,2020-06-09T14:57:00,,,,0,,,,,,,,,,,,,,,,,,,
2020-06-09 16:00:00,1005.0,27.0,92,0.0,0.0,1.1,298.0,0.0,,,,,2020-06-09T15:05:00,,,,0,,,,,,,,,,,,,,,,,,,
2020-06-09 17:00:00,1005.3,26.5,93,0.0,0.0,1.3,313.0,0.0,,,,,2020-06-09T16:20:00,,,,0,,,,,,,,,,,,,,,,,,,
2020-06-09 18:00:00,1005.1,25.3,95,0.0,0.0,1.3,253.0,4.0,,,,,2020-06-09T17:57:00,,,,0,,,,,,,,,,,,,,,,,,,
2020-06-09 19:00:00,1005.4,24.6,96,0.0,0.0,0.0,0.0,1.0,,,,,2020-06-09T18:05:00,,,,0,,,,,,,,,,,,,,,,,,,
2020-06-09 20:00:00,1006.1,24.2,96,0.0,0.0,0.8,332.0,0.0,,,,,2020-06-09T19:39:00,,,,0,,,,,,,,,,,,,,,,,,,
2020-06-09 21:00:00,1006.6,23.5,97,0.0,0.0,0.0,0.0,0.0,,,,,2020-06-09T20:05:00,,,,0,,,,,,,,,,,,,,,,,,,
2020-06-09 22:00:00,1007.0,23.5,97,0.0,0.0,0.0,0.0,0.0,,,,,2020-06-09T21:05:00,,,,0,,,,,,,,,,,,,,,,,,,
2020-06-09 23:00:00,1006.7,23.6,97,0.0,0.0,0.0,0.0,0.0,,,,,2020-06-09T22:05:00,,,,0,,,,,,,,,,,,,,,,,,,
2020-06-10 00:00:00,1006.1,23.7,97,0.0,0.0,1.1,332.0,0.0,,,,,2020-06-09T23:38:00,,,,0,,,,,,,,,,,,,,,,,,,
2020-06-10 01:00:00,1005.6,23.7,98,0.0,0.0,2.2,336.0,0.0,,,,,2020-06-10T00:52:00,,,,0,,,,,,,,,,,,,,,,,,,
2020-06-10 02:00:00,1004.9,23.8,98,0.0,0.0,2.7,348.0,0.0,,,,,2020-06-10T01:49:00,,,,0,,,,,,,,,,,,,,,,,,,
2020-06-10 03:00:00,1004.9,23.7,98,0.0,0.0,1.1,350.0,0.0,,,,,2020-06-10T02:12:00,,,,0,,,,,,,,,,,,,,,,,,,
2020-06-10 04:00:00,1004.7,23.7,98,0.0,0.0,1.3,329.0,0.0,,,,,2020-06-10T03:31:00,,,,0,,,,,,,,,,,,,,,,,,,
2020-06-10 05:00:00,1004.7,23.7,98,0.0,0.0,0.0,0.0,0.0,,,,,2020-06-10T04:05:00,,,,0,,,,,,,,,,,,,,,,,,,
2020-06-10 06:00:00,1005.0,24.0,98,0.0,0.0,1.1,322.0,0.0,,,,,2020-06-10T05:03:00,,,,0,,,,,,,,,,,,,,,,,,,
2020-06-10 07:00:00,1005.0,24.8,97,0.0,0.0,1.1,266.0,0.0,,,,,2020-06-10T06:52:00,,,,0,,,,,,,,,,,,,,,,,,,
2020-06-10 08:00:00,1005.1,26.4,93,0.0,0.0,0.8,270.0,0.0,,,,,2020-06-10T07:03:00,,,,0,,,,,,,,,,,,,,,,,,,
2020-06-10 09:00:00,1005.7,27.7,90,0.0,0.0,0.8,318.0,0.0,,,,,2020-06-10T08:12:00,,,,0,,,,,,,,,,,,,,,,,,,
2020-06-10 10:00:00,1005.8,29.5,82,0.0,0.0,1.3,345.0,0.0,,,,,2020-06-10T09:20:00,,,,0,,,,,,,,,,,,,,,,,,,
2020-06-10 11:00:00,1005.7,30.7,74,0.1,0.0,1.6,178.0,0.0,,,,,2020-06-10T10:53:00,,,,0,,,,,,,,,,,,,,,,,,,
2020-06-10 12:00:00,1005.2,31.5,68,0.2,0.0,1.9,166.0,0.0,,,,,2020-06-10T11:32:00,,,,0,,,,,,,,,,,,,,,,,,,
2020-06-10 13:00:00,1004.5,33.0,61,0.5,332.0,2.7,327.0,0.0,,,,,2020-06-10T12:52:00,,,,0,,,,,,,,,,,,,,,,,,,
2020-06-10 14:00:00,1004.1,31.9,69,0.0,0.0,2.2,353.0,0.0,,,,,2020-06-10T13:02:00,,,,0,,,,,,,,,,,,,,,,,,,
2020-06-10 15:00:00,1003.4,31.2,72,0.0,0.0,1.9,119.0,0.0,,,,,2020-06-10T14:09:00,,,,0,,,,,,,,,,,,,,,,,,,
2020-06-10 16:00:00,1003.1,31.4,69,0.0,0.0,2.2,144.0,0.0,,,,,2020-06-10T15:45:00,,,,0,,,,,,,,,,,,,,,,,,,
2020-06-10 17:00:00,1003.1,30.3,72,0.0,0.0,2.7,205.0,0.0,,,,,2020-06-10T16:11:00,,,,0,,,,,,,,,,,,,,,,,,,
2020-06-10 18:00:00,1003.5,29.5,78,0.0,0.0,1.3,88.0,0.0,,,,,2020-06-10T17:01:00,,,,0,,,,,,,,,,,,,,,,,,,
2020-06-10 19:00:00,1004.2,28.1,85,0.0,0.0,1.1,40.0,0.0,,,,,2020-06-10T18:21:00,,,,0,,,,,,,,,,,,,,,,,,,
2020-06-10 20:00:00,1004.7,26.7,91,0.0,0.0,1.3,348.0,0.0,,,,,2020-06-10T19:59:00,,,,0,,,,,,,,,,,,,,,,,,,
2020-06-10 21:00:00,1005.2,26.2,93,0.1,0.0,1.3,350.0,0.0,,,,,2020-06-10T20:49:00,,,,0,,,,,,,,,,,,,,,,,,,
2020-06-10 22:00:00,1005.4,25.9,93,0.0,0.0,0.0,0.0,0.0,,,,,2020-06-10T21:05:00,,,,0,,,,,,,,,,,,,,,,,,,
2020-06-10 23:00:00,1005.3,25.7,94,0.0,0.0,0.8,278.0,0.0,,,,,2020-06-10T22:20:00,,,,0,,,,,,,,,,,,,,,,,,,
2020-06-11 00:00:00,1004.8,25.5,94,0.0,0.0,0.8,299.0,0.0,,,,,2020-06-10T23:50:00,,,,0,,,,,,,,,,,,,,,,,,,
2020-06-11 01:00:00,1004.3,25.5,95,0.0,0.0,0.8,327.0,0.0,,,,,2020-06-11T00:20:00,,,,0,,,,,,,,,,,,,,,,,,,
2020-06-11 02:00:00,1003.8,25.2,95,0.0,0.0,0.0,0.0,0.0,,,,,2020-06-11T01:05:00,,,,0,,,,,,,,,,,,,,,,,,,
2020-06-11 03:00:00,1003.8,25.2,95,0.0,0.0,0.0,0.0,0.0,,,,,2020-06-11T02:05:00,,,,0,,,,,,,,,,,,,,,,,,,
2020-06-11 04:00:00,1003.9,25.0,96,0.0,0.0,1.3,327.0,0.0,,,,,2020-06-11T03:38:00,,,,0,,,,,,,,,,,,,,,,,,,
2020-06-11 05:00:00,1003.9,25.0,96,0.2,0.0,1.9,337.0,0.0,,,,,2020-06-11T04:34:00,,,,0,,,,,,,,,,,,,,,,,,,
2020-06-11 06:00:00,1004.2,25.1,95,0.1,0.0,1.3,344.0,0.0,,,,,2020-06-11T05:11:00,,,,0,,,,,,,,,,,,,,,,,,,
2020-06-11 07:00:00,1004.6,25.7,94,0.0,0.0,0.0,0.0,0.0,,,,,2020-06-11T06:05:00,,,,0,,,,,,,,,,,,,,,,,,,
2020-06-11 08:00:00,1004.8,27.1,90,0.0,0.0,0.0,0.0,0.0,,,,,2020-06-11T07:05:00,,,,0,,,,,,,,,,,,,,,,,,,
2020-06-11 09:00:00,1004.6,28.3,88,0.0,0.0,0.8,343.0,0.0,,,,,2020-06-11T08:33:00,,,,0,,,,,,,,,,,,,,,,,,,
2020-06-11 10:00:00,1004.6,28.8,87,0.0,0.0,0.8,302.0,0.0,,,,,2020-06-11T09:06:00,,,,0,,,,,,,,,,,,,,,,,,,
2020-06-11 11:00:00,1004.6,29.3,84,0.0,0.0,1.1,120.0,0.0,,,,,2020-06-11T10:38:00,,,,0,,,,,,,,,,,,,,,,,,,
2020-06-11 12:00:00,1003.8,31.2,75,0.1,0.0,2.7,166.0,0.0,,,,,2020-06-11T11:33:00,,,,0,,,,,,,,,,,,,,,,,,,
2020-06-11 13:00:00,1003.2,31.9,74,0.0,0.0,1.3,348.0,0.0,,,,,2020-06-11T12:33:00,,,,0,,,,,,,,,,,,,,,,,,,
2020-06-11 14:00:00,1002.7,31.9,72,0.2,0.0,1.6,250.0,0.0,,,,,2020-06-11T13:34:00,,,,0,,,,,,,,,,,,,,,,,,,
2020-06-11 15:00:00,1002.4,29.5,78,0.0,0.0,3.0,166.0,0.0,,,,,2020-06-11T14:49:00,,,,0,,,,,,,,,,,,,,,,,,,
2020-06-11 16:00:00,1001.8,29.2,80,0.0,0.0,1.1,159.0,0.0,,,,,2020-06-11T15:48:00,,,,0,,,,,,,,,,,,,,,,,,,
2020-06-11 17:00:00,1001.8,29.4,77,0.0,0.0,1.3,96.0,0.0,,,,,2020-06-11T16:31:00,,,,0,,,,,,,,,,,,,,,,,,,
2020-06-11 18:00:00,1002.0,29.2,79,0.0,0.0,1.9,315.0,0.0,,,,,2020-06-11T17:33:00,,,,0,,,,,,,,,,,,,,,,,,,
2020-06-11 19:00:00,1002.5,28.4,83,0.1,0.0,3.0,180.0,0.0,,,,,2020-06-11T18:31:00,,,,0,,,,,,,,,,,,,,,,,,,
2020-06-11 20:00:00,1002.9,27.1,89,0.3,325.0,2.4,341.0,0.0,,,,,2020-06-11T19:21:00,,,,0,,,,,,,,,,,,,,,,,,,
2020-06-11 21:00:00,1003.0,28.1,84,0.0,0.0,6.0,325.0,0.0,,,,,2020-06-11T20:34:00,,,,0,,,,,,,,,,,,,,,,,,,
2020-06-11 22:00:00,1003.4,28.7,81,0.6,339.0,4.1,324.0,0.0,,,,,2020-06-11T21:45:00,,,,0,,,,,,,,,,,,,,,,,,,
2020-06-11 23:00:00,1002.9,28.8,77,0.7,351.0,3.5,277.0,0.0,,,,,2020-06-11T22:57:00,,,,0,,,,,,,,,,,,,,,,,,,
2020-06-12 00:00:00,1002.5,28.5,80,0.7,68.0,4.9,326.0,0.0,,,,,2020-06-11T23:27:00,,,,0,,,,,,,,,,,,,,,,,,,
2020-06-12 01:00:00,1001.9,28.1,82,0.3,208.0,4.9,181.0,0.0,,,,,2020-06-12T00:39:00,,,,0,,,,,,,,,,,,,,,,,,,
2020-06-12 02:00:00,1002.1,27.3,86,0.0,0.0,4.9,338.0,0.0,,,,,2020-06-12T01:22:00,,,,0,,,,,,,,,,,,,,,,,,,
2020-06-12 03:00:00,1002.2,25.8,92,0.0,0.0,1.3,311.0,0.0,,,,,2020-06-12T02:06:00,,,,0,,,,,,,,,,,,,,,,,,,
2020-06-12 04:00:00,1002.5,25.1,94,0.5,341.0,1.9,330.0,0.0,,,,,2020-06-12T03:18:00,,,,0,,,,,,,,,,,,,,,,,,,
2020-06-12 05:00:00,1002.8,24.9,94,0.0,0.0,1.1,339.0,0.0,,,,,2020-06-12T05:00:00,,,,0,,,,,,,,,,,,,,,,,,,
2020-06-12 06:00:00,1003.2,24.9,95,0.0,0.0,1.3,332.0,0.0,,,,,2020-06-12T05:01:00,,,,0,,,,,,,,,,,,,,,,,,,
2020-06-12 07:00:00,-9999.7,-99.7,-9997,-99.7,-999.7,1.3,317.0,0.0,,,,,2020-06-12T06:30:00,,,,0,,,,,,,,,,,,,,,,,,,
2020-06-12 08:00:00,1003.8,28.7,83,0.0,0.0,1.3,343.0,0.0,,,,,2020-06-12T07:09:00,,,,0,,,,,,,,,,,,,,,,,,,
2020-06-12 09:00:00,1003.9,29.6,83,0.0,0.0,1.1,197.0,0.0,,,,,2020-06-12T08:59:00,,,,0,,,,,,,,,,,,,,,,,,,
2020-06-12 10:00:00,1003.5,32.0,67,0.2,0.0,2.4,193.0,0.0,,,,,2020-06-12T09:46:00,,,,0,,,,,,,,,,,,,,,,,,,
2020-06-12 11:00:00,1003.0,31.8,67,0.2,0.0,3.8,176.0,0.0,,,,,2020-06-12T10:34:00,,,,0,,,,,,,,,,,,,,,,,,,
2020-06-12 12:00:00,1002.6,32.0,70,0.3,133.0,3.5,182.0,0.0,,,,,2020-06-12T11:31:00,,,,0,,,,,,,,,,,,,,,,,,,
2020-06-12 13:00:00,1002.1,32.4,70,0.3,171.0,6.0,158.0,0.0,,,,,2020-06-12T12:17:00,,,,0,,,,,,,,,,,,,,,,,,,
2020-06-12 14:00:00,1001.6,31.7,67,0.5,143.0,4.9,174.0,0.0,,,,,2020-06-12T13:58:00,,,,0,,,,,,,,,,,,,,,,,,,
2020-06-12 15:00:00,1001.2,32.0,66,0.2,0.0,4.9,168.0,0.0,,,,,2020-06-12T14:29:00,,,,0,,,,,,,,,,,,,,,,,,,
2020-06-12 16:00:00,1000.9,31.8,68,0.3,221.0,6.0,167.0,0.0,,,,,2020-06-12T15:40:00,,,,0,,,,,,,,,,,,,,,,,,,
2020-06-12 17:00:00,1001.2,30.4,73,0.2,0.0,3.0,185.0,0.0,,,,,2020-06-12T16:08:00,,,,0,,,,,,,,,,,,,,,,,,,
2020-06-12 18:00:00,1001.2,29.8,77,0.0,0.0,3.5,254.0,0.0,,,,,2020-06-12T17:47:00,,,,0,,,,,,,,,,,,,,,,,,,
2020-06-12 19:00:00,-9999.7,-99.7,-9997,-99.7,-999.7,3.8,183.0,0.0,,,,,2020-06-12T18:20:00,,,,0,,,,,,,,,,,,,,,,,,,
2020-06-12 20:00:00,1001.9,29.4,79,0.5,130.0,7.1,187.0,0.0,,,,,2020-06-12T19:22:00,,,,0,,,,,,,,,,,,,,,,,,,
2020-06-12 21:00:00,1002.4,29.2,79,1.4,161.0,7.7,184.0,0.0,,,,,2020-06-12T20:23:00,,,,0,,,,,,,,,,,,,,,,,,,
2020-06-12 22:00:00,1002.3,29.0,79,1.3,155.0,11.0,189.0,0.0,,,,,2020-06-12T21:11:00,,,,0,,,,,,,,,,,,,,,,,,,
2020-06-12 23:00:00,1002.3,29.1,80,0.2,0.0,6.6,144.0,0.0,,,,,2020-06-12T22:19:00,,,,0,,,,,,,,,,,,,,,,,,,
2020-06-13 00:00:00,1002.0,28.9,80,0.6,340.0,3.5,249.0,0.0,,,,,2020-06-12T23:01:00,,,,0,,,,,,,,,,,,,,,,,,,
2020-06-13 01:00:00,1001.5,28.9,78,0.3,281.0,5.5,211.0,0.0,,,,,2020-06-13T00:08:00,,,,0,,,,,,,,,,,,,,,,,,,
2020-06-13 02:00:00,1001.3,28.5,78,0.3,273.0,3.5,249.0,0.0,,,,,2020-06-13T01:04:00,,,,0,,,,,,,,,,,,,,,,,,,
2020-06-13 03:00:00,1000.8,28.5,77,0.2,0.0,6.0,261.0,0.0,,,,,2020-06-13T02:41:00,,,,0,,,,,,,,,,,,,,,,,,,
2020-06-13 04:00:00,1001.1,27.2,84,0.5,345.0,3.0,200.0,0.0,,,,,2020-06-13T03:23:00,,,,0,,,,,,,,,,,,,,,,,,,
2020-06-13 05:00:00,1001.8,26.1,89,0.0,0.0,3.5,228.0,0.0,,,,,2020-06-13T04:33:00,,,,0,,,,,,,,,,,,,,,,,,,
2020-06-13 06:00:00,1002.8,25.5,92,0.1,0.0,1.3,326.0,0.0,,,,,2020-06-13T05:02:00,,,,0,,,,,,,,,,,,,,,,,,,
2020-06-13 07:00:00,1003.5,27.0,86,0.0,0.0,1.3,294.0,0.0,,,,,2020-06-13T06:02:00,,,,0,,,,,,,,,,,,,,,,,,,
2020-06-13 08:00:00,-9999.7,-99.7,-9997,-99.7,-999.7,1.3,341.0,0.0,,,,,2020-06-13T07:58:00,,,,0,,,,,,,,,,,,,,,,,,,
2020-06-13 09:00:00,1003.7,31.3,68,0.5,156.0,3.5,187.0,0.0,,,,,2020-06-13T08:59:00,,,,0,,,,,,,,,,,,,,,,,,,
2020-06-13 10:00:00,1003.4,31.4,70,0.3,136.0,3.8,175.0,0.0,,,,,2020-06-13T09:01:00,,,,0,,,,,,,,,,,,,,,,,,,
2020-06-13 11:00:00,1003.1,31.8,67,0.2,0.0,4.9,165.0,0.0,,,,,2020-06-13T10:22:00,,,,0,,,,,,,,,,,,,,,,,,,
2020-06-13 12:00:00,1002.8,32.1,68,0.6,158.0,5.5,192.0,0.0,,,,,2020-06-13T11:35:00,,,,0,,,,,,,,,,,,,,,,,,,
2020-06-13 13:00:00,1002.3,31.6,70,0.8,143.0,7.7,164.0,0.0,,,,,2020-06-13T12:52:00,,,,0,,,,,,,,,,,,,,,,,,,
2020-06-13 14:00:00,1002.1,31.9,69,0.9,146.0,7.1,195.0,0.0,,,,,2020-06-13T13:25:00,,,,0,,,,,,,,,,,,,,,,,,,
2020-06-13 15:00:00,1002.0,31.1,71,0.4,160.0,6.6,170.0,0.0,,,,,2020-06-13T14:30:00,,,,0,,,,,,,,,,,,,,,,,,,
2020-06-13 16:00:00,1002.1,31.3,70,0.7,193.0,6.0,175.0,0.0,,,,,2020-06-13T15:10:00,,,,0,,,,,,,,,,,,,,,,,,,
2020-06-13 17:00:00,1002.7,30.9,72,0.0,0.0,2.4,145.0,0.0,,,,,2020-06-13T16:02:00,,,,0,,,,,,,,,,,,,,,,,,,
2020-06-13 18:00:00,1003.7,30.1,77,0.0,0.0,2.2,179.0,0.0,,,,,2020-06-13T17:22:00,,,,0,,,,,,,,,,,,,,,,,,,
2020-06-13 19:00:00,1004.4,29.2,82,0.0,0.0,1.1,330.0,0.0,,,,,2020-06-13T18:16:00,,,,0,,,,,,,,,,,,,,,,,,,
2020-06-13 20:00:00,-9999.7,-99.7,-9997,-99.7,-999.7,1.1,319.0,0.0,,,,,2020-06-13T19:49:00,,,,0,,,,,,,,,,,,,,,,,,,
2020-06-13 21:00:00,1006.0,27.2,89,0.1,0.0,1.9,347.0,0.0,,,,,2020-06-13T20:50:00,,,,0,,,,,,,,,,,,,,,,,,,
2020-06-13 22:00:00,1006.4,26.7,91,0.0,0.0,1.3,280.0,0.0,,,,,2020-06-13T21:12:00,,,,0,,,,,,,,,,,,,,,,,,,
2020-06-13 23:00:00,1006.3,26.2,92,0.0,0.0,1.1,340.0,0.0,,,,,2020-06-13T22:44:00,,,,0,,,,,,,,,,,,,,,,,,,
2020-06-14 00:00:00,1005.6,25.7,93,0.0,0.0,1.3,328.0,0.0,,,,,2020-06-13T23:02:00,,,,0,,,,,,,,,,,,,,,,,,,
2020-06-14 01:00:00,1005.3,25.3,94,0.0,0.0,1.3,345.0,0.0,,,,,2020-06-14T00:44:00,,,,0,,,,,,,,,,,,,,,,,,,
2020-06-14 02:00:00,1005.1,25.1,94,0.0,0.0,1.6,267.0,0.0,,,,,2020-06-14T01:24:00,,,,0,,,,,,,,,,,,,,,,,,,
2020-06-14 03:00:00,1005.0,25.0,95,0.0,0.0,1.1,352.0,0.0,,,,,2020-06-14T02:19:00,,,,0,,,,,,,,,,,,,,,,,,,
2020-06-14 04:00:00,1005.0,24.6,95,0.0,0.0,0.0,0.0,0.0,,,,,2020-06-14T03:05:00,,,,0,,,,,,,,,,,,,,,,,,,
2020-06-14 05:00:00,1005.4,24.6,95,0.0,0.0,0.8,337.0,0.0,,,,,2020-06-14T04:13:00,,,,0,,,,,,,,,,,,,,,,,,,
2020-06-14 06:00:00,1006.1,24.7,95,0.0,0.0,1.3,325.0,0.0,,,,,2020-06-14T05:38:00,,,,0,,,,,,,,,,,,,,,,,,,
2020-06-14 07:00:00,1006.5,26.3,91,0.0,0.0,0.8,335.0,0.0,,,,,2020-06-14T06:48:00,,,,0,,,,,,,,,,,,,,,,,,,
2020-06-14 08:00:00,1007.2,29.4,80,0.0,0.0,1.3,320.0,0.0,,,,,2020-06-14T07:19:00,,,,0,,,,,,,,,,,,,,,,,,,
2020-06-14 09:00:00,1007.4,32.4,69,0.0,0.0,0.8,5.0,0.0,,,,,2020-06-14T08:24:00,,,,0,,,,,,,,,,,,,,,,,,,
2020-06-14 10:00:00,1007.5,33.1,69,0.3,224.0,2.4,303.0,0.0,,,,,2020-06-14T09:58:00,,,,0,,,,,,,,,,,,,,,,,,,
2020-06-14 11:00:00,1007.5,32.5,70,0.1,0.0,2.2,184.0,0.0,,,,,2020-06-14T10:27:00,,,,0,,,,,,,,,,,,,,,,,,,
2020-06-14 12:00:00,1007.3,33.2,68,0.0,0.0,2.4,220.0,0.0,,,,,2020-06-14T11:20:00,,,,0,,,,,,,,,,,,,,,,,,,
2020-06-14 13:00:00,1006.8,33.0,69,0.0,0.0,2.2,208.0,0.0,,,,,2020-06-14T12:07:00,,,,0,,,,,,,,,,,,,,,,,,,
2020-06-14 14:00:00,1006.6,32.0,72,0.3,184.0,2.2,232.0,0.0,,,,,2020-06-14T13:10:00,,,,0,,,,,,,,,,,,,,,,,,,
2020-06-14 15:00:00,1006.5,31.7,72,0.0,0.0,1.3,208.0,0.0,,,,,2020-06-14T14:08:00,,,,0,,,,,,,,,,,,,,,,,,,
2020-06-14 16:00:00,1006.6,31.7,71,0.0,0.0,2.4,164.0,0.0,,,,,2020-06-14T15:11:00,,,,0,,,,,,,,,,,,,,,,,,,
2020-06-14 17:00:00,1006.5,31.1,76,0.0,0.0,1.1,314.0,0.0,,,,,2020-06-14T16:22:00,,,,0,,,,,,,,,,,,,,,,,,,
2020-06-14 18:00:00,1007.3,30.1,78,0.0,0.0,0.8,166.0,0.0,,,,,2020-06-14T17:24:00,,,,0,,,,,,,,,,,,,,,,,,,
2020-06-14 19:00:00,1008.1,28.8,84,0.0,0.0,0.0,0.0,0.0,,,,,2020-06-14T18:05:00,,,,0,,,,,,,,,,,,,,,,,,,
2020-06-14 20:00:00,1008.6,27.9,88,0.0,0.0,1.1,240.0,0.0,,,,,2020-06-14T19:34:00,,,,0,,,,,,,,,,,,,,,,,,,
2020-06-14 21:00:00,1009.0,27.6,89,0.0,0.0,0.0,0.0,0.0,,,,,2020-06-14T20:05:00,,,,0,,,,,,,,,,,,,,,,,,,
2020-06-14 22:00:00,1009.4,27.1,91,0.0,0.0,0.8,247.0,0.0,,,,,2020-06-14T21:09:00,,,,0,,,,,,,,,,,,,,,,,,,
2020-06-14 23:00:00,1009.1,26.6,93,0.0,0.0,1.3,337.0,0.0,,,,,2020-06-14T22:19:00,,,,0,,,,,,,,,,,,,,,,,,,
2020-06-15 00:00:00,-9999.7,-99.7,-9997,-99.7,-999.7,0.8,249.0,0.0,,,,,2020-06-14T23:07:00,,,,0,,,,,,,,,,,,,,,,,,,
2020-06-15 01:00:00,1008.7,25.6,94,0.7,345.0,1.9,342.0,0.0,,,,,2020-06-15T00:59:00,,,,0,,,,,,,,,,,,,,,,,,,
2020-06-15 02:00:00,1008.5,25.7,94,0.0,0.0,1.9,329.0,0.0,,,,,2020-06-15T01:01:00,,,,0,,,,,,,,,,,,,,,,,,,
2020-06-15 03:00:00,1008.0,25.5,93,0.0,0.0,1.3,342.0,0.0,,,,,2020-06-15T02:08:00,,,,0,,,,,,,,,,,,,,,,,,,
2020-06-15 04:00:00,1007.7,25.6,93,0.0,0.0,1.3,338.0,0.0,,,,,2020-06-15T03:43:00,,,,0,,,,,,,,,,,,,,,,,,,
2020-06-15 05:00:00,1007.7,25.9,93,0.0,0.0,0.0,0.0,0.0,,,,,2020-06-15T04:05:00,,,,0,,,,,,,,,,,,,,,,,,,
2020-06-15 06:00:00,1007.9,26.0,93,0.0,0.0,0.0,0.0,0.0,,,,,2020-06-15T05:05:00,,,,0,,,,,,,,,,,,,,,,,,,
2020-06-15 07:00:00,1008.3,27.1,89,0.0,0.0,0.8,347.0,0.0,,,,,2020-06-15T06:01:00,,,,0,,,,,,,,,,,,,,,,,,,
2020-06-15 08:00:00,1008.4,29.1,81,0.0,0.0,1.6,252.0,0.0,,,,,2020-06-15T07:56:00,,,,0,,,,,,,,,,,,,,,,,,,
2020-06-15 09:00:00,1007.9,30.2,75,0.4,275.0,2.7,247.0,0.0,,,,,2020-06-15T08:53:00,,,,0,,,,,,,,,,,,,,,,,,,
2020-06-15 10:00:00,1007.4,32.3,65,0.3,345.0,2.2,254.0,0.0,,,,,2020-06-15T09:02:00,,,,0,,,,,,,,,,,,,,,,,,,
2020-06-15 11:00:00,1006.8,33.5,64,0.2,0.0,2.4,330.0,0.0,,,,,2020-06-15T10:29:00,,,,0,,,,,,,,,,,,,,,,,,,
2020-06-15 12:00:00,1006.4,32.5,70,0.0,0.0,2.7,284.0,0.0,,,,,2020-06-15T11:36:00,,,,0,,,,,,,,,,,,,,,,,,,
2020-06-15 13:00:00,1005.8,33.3,69,0.1,0.0,1.9,12.0,0.0,,,,,2020-06-15T12:10:00,,,,0,,,,,,,,,,,,,,,,,,,
2020-06-15 14:00:00,1005.5,33.9,67,0.0,0.0,2.7,160.0,0.0,,,,,2020-06-15T13:13:00,,,,0,,,,,,,,,,,,,,,,,,,
2020-06-15 15:00:00,1005.4,32.3,69,0.1,0.0,2.4,327.0,0.0,,,,,2020-06-15T14:21:00,,,,0,,,,,,,,,,,,,,,,,,,
2020-06-15 16:00:00,1005.3,32.3,68,0.0,0.0,1.3,343.0,0.0,,,,,2020-06-15T15:03:00,,,,0,,,,,,,,,,,,,,,,,,,
2020-06-15 17:00:00,1005.7,31.0,74,0.0,0.0,0.8,337.0,0.0,,,,,2020-06-15T16:08:00,,,,0,,,,,,,,,,,,,,,,,,,
2020-06-15 18:00:00,1005.7,30.5,78,0.0,0.0,0.8,26.0,0.0,,,,,2020-06-15T17:04:00,,,,0,,,,,,,,,,,,,,,,,,,
2020-06-15 19:00:00,1006.2,29.5,83,0.0,0.0,0.8,223.0,0.0,,,,,2020-06-15T18:04:00,,,,0,,,,,,,,,,,,,,,,,,,
2020-06-15 20:00:00,1006.5,28.6,87,0.0,0.0,1.1,232.0,0.0,,,,,2020-06-15T19:03:00,,,,0,,,,,,,,,,,,,,,,,,,
2020-06-15 21:00:00,1006.9,28.2,89,0.0,0.0,0.0,0.0,0.0,,,,,2020-06-15T20:05:00,,,,0,,,,,,,,,,,,,,,,,,,
2020-06-15 22:00:00,1007.0,28.0,89,0.0,0.0,0.0,0.0,0.0,,,,,2020-06-15T21:05:00,,,,0,,,,,,,,,,,,,,,,,,,
2020-06-15 23:00:00,1006.8,27.1,92,0.0,0.0,0.0,0.0,0.0,,,,,2020-06-15T22:15:00,,,,0,,,,,,,,,,,,,,,,,,,
2020-06-16 00:00:00,1006.0,26.5,93,0.0,0.0,1.3,333.0,0.0,,,,,2020-06-15T23:07:00,,,,0,,,,,,,,,,,,,,,,,,,
2020-06-16 01:00:00,1005.2,26.0,94,0.1,0.0,1.3,320.0,0.0,,,,,2020-06-16T00:22:00,,,,0,,,,,,,,,,,,,,,,,,,
2020-06-16 02:00:00,1005.0,25.7,94,0.0,0.0,1.3,349.0,0.0,,,,,2020-06-16T01:01:00,,,,0,,,,,,,,,,,,,,,,,,,
2020-06-16 03:00:00,1005.1,25.4,94,0.0,0.0,1.3,338.0,0.0,,,,,2020-06-16T02:04:00,,,,0,,,,,,,,,,,,,,,,,,,
2020-06-16 04:00:00,1005.3,25.0,95,0.0,0.0,1.9,327.0,0.0,,,,,2020-06-16T03:19:00,,,,0,,,,,,,,,,,,,,,,,,,
2020-06-16 05:00:00,1005.0,24.8,95,0.0,0.0,0.8,334.0,0.0,,,,,2020-06-16T04:35:00,,,,0,,,,,,,,,,,,,,,,,,,
2020-06-16 06:00:00,1005.3,24.8,95,0.1,0.0,1.6,343.0,0.0,,,,,2020-06-16T05:51:00,,,,0,,,,,,,,,,,,,,,,,,,
2020-06-16 07:00:00,1005.3,26.3,91,0.1,0.0,1.9,350.0,0.0,,,,,2020-06-16T06:03:00,,,,0,,,,,,,,,,,,,,,,,,,
2020-06-16 08:00:00,1005.4,29.1,82,0.2,0.0,2.2,243.0,0.0,,,,,2020-06-16T07:58:00,,,,0,,,,,,,,,,,,,,,,,,,
2020-06-16 09:00:00,1004.8,31.5,66,0.4,257.0,2.7,252.0,0.0,,,,,2020-06-16T08:52:00,,,,0,,,,,,,,,,,,,,,,,,,
2020-06-16 10:00:00,1004.3,33.2,60,0.8,266.0,5.5,328.0,0.0,,,,,2020-06-16T09:16:00,,,,0,,,,,,,,,,,,,,,,,,,
2020-06-16 11:00:00,1003.5,34.2,63,0.1,0.0,2.7,267.0,0.0,,,,,2020-06-16T10:01:00,,,,0,,,,,,,,,,,,,,,,,,,
2020-06-16 12:00:00,1003.0,34.3,64,0.2,0.0,3.0,177.0,0.0,,,,,2020-06-16T11:47:00,,,,0,,,,,,,,,,,,,,,,,,,
2020-06-16 13:00:00,1002.4,35.1,62,0.0,0.0,1.9,141.0,0.0,,,,,2020-06-16T12:17:00,,,,0,,,,,,,,,,,,,,,,,,,
2020-06-16 14:00:00,1002.2,33.8,67,0.0,0.0,3.0,325.0,0.0,,,,,2020-06-16T13:25:00,,,,0,,,,,,,,,,,,,,,,,,,
2020-06-16 15:00:00,1002.0,32.9,67,0.0,0.0,1.9,173.0,0.0,,,,,2020-06-16T14:04:00,,,,0,,,,,,,,,,,,,,,,,,,
2020-06-16 16:00:00,1001.7,32.9,69,0.0,0.0,1.1,341.0,0.0,,,,,2020-06-16T15:52:00,,,,0,,,,,,,,,,,,,,,,,,,
2020-06-16 17:00:00,1001.9,31.6,73,0.0,0.0,1.9,185.0,0.0,,,,,2020-06-16T16:35:00,,,,0,,,,,,,,,,,,,,,,,,,
2020-06-16 18:00:00,1002.3,31.6,72,0.0,0.0,0.8,315.0,0.0,,,,,2020-06-16T17:22:00,,,,0,,,,,,,,,,,,,,,,,,,
2020-06-16 19:00:00,1002.6,29.8,82,0.0,0.0,1.3,331.0,0.0,,,,,2020-06-16T18:41:00,,,,0,,,,,,,,,,,,,,,,,,,
2020-06-16 20:00:00,1002.8,28.3,88,0.0,0.0,1.3,274.0,0.0,,,,,2020-06-16T19:23:00,,,,0,,,,,,,,,,,,,,,,,,,
2020-06-16 21:00:00,1003.6,27.4,90,0.0,0.0,0.0,0.0,0.0,,,,,2020-06-16T20:05:00,,,,0,,,,,,,,,,,,,,,,,,,
2020-06-16 22:00:00,1003.9,26.8,91,0.0,0.0,1.6,344.0,0.0,,,,,2020-06-16T21:35:00,,,,0,,,,,,,,,,,,,,,,,,,
2020-06-16 23:00:00,1003.5,26.4,92,0.0,0.0,1.3,324.0,0.0,,,,,2020-06-16T22:41:00,,,,0,,,,,,,,,,,,,,,,,,,
2020-06-17 00:00:00,1003.2,26.0,93,0.0,0.0,1.3,329.0,0.0,,,,,2020-06-16T23:01:00,,,,0,,,,,,,,,,,,,,,,,,,
2020-06-17 01:00:00,-9999.7,-99.7,-9997,-99.7,-999.7,1.6,334.0,0.0,,,,,2020-06-17T00:43:00,,,,0,,,,,,,,,,,,,,,,,,,
2020-06-17 02:00:00,1002.4,25.4,94,0.0,0.0,0.8,330.0,0.0,,,,,2020-06-17T01:08:00,,,,0,,,,,,,,,,,,,,,,,,,
2020-06-17 03:00:00,1002.1,25.1,95,0.0,0.0,1.3,315.0,0.0,,,,,2020-06-17T02:07:00,,,,0,,,,,,,,,,,,,,,,,,,
2020-06-17 04:00:00,1002.3,24.9,95,0.0,0.0,0.0,0.0,0.0,,,,,2020-06-17T03:05:00,,,,0,,,,,,,,,,,,,,,,,,,
2020-06-17 05:00:00,1002.2,24.8,95,0.0,0.0,0.0,0.0,0.0,,,,,2020-06-17T04:05:00,,,,0,,,,,,,,,,,,,,,,,,,
2020-06-17 06:00:00,1002.7,25.0,95,0.2,0.0,1.3,346.0,0.0,,,,,2020-06-17T05:24:00,,,,0,,,,,,,,,,,,,,,,,,,
2020-06-17 07:00:00,1002.9,26.5,91,0.0,0.0,1.3,350.0,0.0,,,,,2020-06-17T06:09:00,,,,0,,,,,,,,,,,,,,,,,,,
2020-06-17 08:00:00,1003.0,29.6,79,0.0,0.0,0.0,0.0,0.0,,,,,2020-06-17T07:05:00,,,,0,,,,,,,,,,,,,,,,,,,
2020-06-17 09:00:00,1002.6,31.9,72,0.1,0.0,1.3,190.0,0.0,,,,,2020-06-17T08:15:00,,,,0,,,,,,,,,,,,,,,,,,,
2020-06-17 10:00:00,1002.6,33.1,70,0.1,0.0,1.9,192.0,0.0,,,,,2020-06-17T09:34:00,,,,0,,,,,,,,,,,,,,,,,,,
2020-06-17 11:00:00,1002.5,33.8,66,0.1,0.0,1.6,155.0,0.0,,,,,2020-06-17T10:42:00,,,,0,,,,,,,,,,,,,,,,,,,
2020-06-17 12:00:00,1002.2,35.1,65,0.0,0.0,2.7,133.0,0.0,,,,,2020-06-17T11:53:00,,,,0,,,,,,,,,,,,,,,,,,,
2020-06-17 13:00:00,1001.8,35.2,67,0.2,0.0,2.4,187.0,0.0,,,,,2020-06-17T12:45:00,,,,0,,,,,,,,,,,,,,,,,,,
2020-06-17 14:00:00,1001.5,34.9,69,0.1,0.0,2.4,177.0,0.0,,,,,2020-06-17T13:08:00,,,,0,,,,,,,,,,,,,,,,,,,
2020-06-17 15:00:00,1001.2,32.7,71,0.6,164.0,3.3,176.0,0.0,,,,,2020-06-17T14:56:00,,,,0,,,,,,,,,,,,,,,,,,,
2020-06-17 16:00:00,1001.2,32.5,71,0.0,0.0,3.3,148.0,0.0,,,,,2020-06-17T15:06:00,,,,0,,,,,,,,,,,,,,,,,,,
2020-06-17 17:00:00,1001.4,32.1,72,0.1,0.0,2.7,171.0,0.0,,,,,2020-06-17T16:27:00,,,,0,,,,,,,,,,,,,,,,,,,
2020-06-17 18:00:00,1001.7,31.4,74,0.0,0.0,2.4,225.0,0.0,,,,,2020-06-17T17:19:00,,,,0,,,,,,,,,,,,,,,,,,,
2020-06-17 19:00:00,1002.2,30.0,82,0.0,0.0,0.0,0.0,0.0,,,,,2020-06-17T18:05:00,,,,0,,,,,,,,,,,,,,,,,,,
2020-06-17 20:00:00,1002.8,28.7,88,0.0,0.0,1.1,325.0,0.0,,,,,2020-06-17T20:00:00,,,,0,,,,,,,,,,,,,,,,,,,
2020-06-17 21:00:00,1003.3,28.1,90,0.0,0.0,0.8,324.0,0.0,,,,,2020-06-17T20:01:00,,,,0,,,,,,,,,,,,,,,,,,,
2020-06-17 22:00:00,1003.9,27.6,92,0.0,0.0,0.0,0.0,0.0,,,,,2020-06-17T21:05:00,,,,0,,,,,,,,,,,,,,,,,,,
2020-06-17 23:00:00,1003.6,27.2,93,0.0,0.0,1.3,348.0,0.0,,,,,2020-06-17T22:52:00,,,,0,,,,,,,,,,,,,,,,,,,
2020-06-18 00:00:00,1003.3,26.7,93,0.0,0.0,1.3,253.0,0.0,,,,,2020-06-17T23:50:00,,,,0,,,,,,,,,,,,,,,,,,,
2020-06-18 01:00:00,1002.7,26.3,94,0.0,0.0,1.3,355.0,0.0,,,,,2020-06-18T00:07:00,,,,0,,,,,,,,,,,,,,,,,,,
2020-06-18 02:00:00,1002.0,25.8,95,0.0,0.0,1.1,348.0,0.0,,,,,2020-06-18T01:42:00,,,,0,,,,,,,,,,,,,,,,,,,
2020-06-18 03:00:00,1001.8,25.6,95,0.0,0.0,1.3,351.0,0.0,,,,,2020-06-18T02:16:00,,,,0,,,,,,,,,,,,,,,,,,,
2020-06-18 04:00:00,1001.8,25.6,94,0.0,0.0,0.8,9.0,0.0,,,,,2020-06-18T03:01:00,,,,0,,,,,,,,,,,,,,,,,,,
2020-06-18 05:00:00,1002.2,25.4,95,0.0,0.0,1.1,342.0,0.0,,,,,2020-06-18T04:10:00,,,,0,,,,,,,,,,,,,,,,,,,
2020-06-18 06:00:00,1002.7,25.5,95,0.0,0.0,0.8,340.0,0.0,,,,,2020-06-18T05:46:00,,,,0,,,,,,,,,,,,,,,,,,,
2020-06-18 07:00:00,1003.3,27.1,92,0.1,0.0,1.9,320.0,0.0,,,,,2020-06-18T06:40:00,,,,0,,,,,,,,,,,,,,,,,,,
2020-06-18 08:00:00,1003.6,29.2,77,0.8,261.0,3.3,261.0,0.0,,,,,2020-06-18T07:52:00,,,,0,,,,,,,,,,,,,,,,,,,
2020-06-18 09:00:00,1003.9,-99.5,68,1.1,269.0,4.9,263.0,0.0,,,,,2020-06-18T08:15:00,,,,0,,,,,,,,,,,,,,,,,,,
2020-06-18 10:00:00,1003.8,-99.5,59,1.0,276.0,5.5,246.0,0.0,,,,,2020-06-18T09:49:00,,,,0,,,,,,,,,,,,,,,,,,,
2020-06-18 11:00:00,1003.4,-99.5,55,0.7,307.0,4.1,313.0,0.0,,,,,2020-06-18T10:48:00,,,,0,,,,,,,,,,,,,,,,,,,
2020-06-18 12:00:00,1003.0,-99.5,62,0.0,0.0,3.0,346.0,0.0,,,,,2020-06-18T11:20:00,,,,0,,,,,,,,,,,,,,,,,,,
2020-06-18 13:00:00,1002.7,-99.5,65,0.5,175.0,3.3,176.0,0.0,,,,,2020-06-18T12:34:00,,,,0,,,,,,,,,,,,,,,,,,,
2020-06-18 14:00:00,1002.1,-99.5,64,0.1,0.0,4.9,170.0,0.0,,,,,2020-06-18T13:34:00,,,,0,,,,,,,,,,,,,,,,,,,
2020-06-18 15:00:00,1001.3,-99.5,65,0.4,156.0,4.1,181.0,0.0,,,,,2020-06-18T14:30:00,,,,0,,,,,,,,,,,,,,,,,,,
2020-06-18 16:00:00,-9999.7,-99.5,-9997,-99.7,-999.7,3.5,157.0,0.0,,,,,2020-06-18T15:07:00,,,,0,,,,,,,,,,,,,,,,,,,
2020-06-18 17:00:00,1000.8,-99.5,72,0.0,0.0,3.3,170.0,0.0,,,,,2020-06-18T16:16:00,,,,0,,,,,,,,,,,,,,,,,,,
2020-06-18 18:00:00,1000.9,-99.5,71,0.1,0.0,3.0,165.0,0.0,,,,,2020-06-18T17:17:00,,,,0,,,,,,,,,,,,,,,,,,,
2020-06-18 19:00:00,1001.7,-99.5,78,0.1,0.0,2.2,127.0,0.0,,,,,2020-06-18T18:49:00,,,,0,,,,,,,,,,,,,,,,,,,
2020-06-18 20:00:00,1002.2,-99.5,85,0.0,0.0,1.9,350.0,0.0,,,,,2020-06-18T19:14:00,,,,0,,,,,,,,,,,,,,,,,,,
2020-06-18 21:00:00,1002.8,-99.5,90,0.0,0.0,1.3,320.0,0.0,,,,,2020-06-18T20:31:00,,,,0,,,,,,,,,,,,,,,,,,,
2020-06-18 22:00:00,1003.1,-99.5,91,0.2,0.0,1.9,315.0,0.0,,,,,2020-06-18T21:19:00,,,,0,,,,,,,,,,,,,,,,,,,
2020-06-18 23:00:00,1003.1,-99.5,93,0.0,0.0,1.1,287.0,0.0,,,,,2020-06-18T22:59:00,,,,0,,,,,,,,,,,,,,,,,,,
2020-06-19 00:00:00,1002.9,-99.5,94,0.0,0.0,1.3,347.0,0.0,,,,,2020-06-18T23:23:00,,,,0,,,,,,,,,,,,,,,,,,,
2020-06-19 01:00:00,1002.8,-99.5,94,0.0,0.0,1.3,350.0,0.0,,,,,2020-06-19T00:11:00,,,,0,,,,,,,,,,,,,,,,,,,
2020-06-19 02:00:00,1002.5,-99.5,94,0.0,0.0,1.6,348.0,0.0,,,,,2020-06-19T01:22:00,,,,0,,,,,,,,,,,,,,,,,,,
2020-06-19 03:00:00,1002.4,-99.5,95,0.0,0.0,1.3,335.0,0.0,,,,,2020-06-19T02:21:00,,,,0,,,,,,,,,,,,,,,,,,,
2020-06-19 04:00:00,1002.4,-99.5,95,0.0,0.0,1.3,310.0,0.0,,,,,2020-06-19T03:09:00,,,,0,,,,,,,,,,,,,,,,,,,
2020-06-19 05:00:00,1002.6,-99.5,96,0.0,0.0,0.0,0.0,0.0,,,,,2020-06-19T04:05:00,,,,0,,,,,,,,,,,,,,,,,,,
2020-06-19 06:00:00,1003.2,-99.5,96,0.0,0.0,0.0,0.0,0.0,,,,,2020-06-19T05:05:00,,,,0,,,,,,,,,,,,,,,,,,,
2020-06-19 07:00:00,1003.4,-99.5,93,0.0,0.0,1.3,344.0,0.0,,,,,2020-06-19T06:45:00,,,,0,,,,,,,,,,,,,,,,,,,
2020-06-19 08:00:00,1003.3,-99.5,81,0.0,0.0,1.3,326.0,0.0,,,,,2020-06-19T07:05:00,,,,0,,,,,,,,,,,,,,,,,,,
2020-06-19 09:00:00,1003.3,-99.5,72,1.1,329.0,2.4,342.0,0.0,,,,,2020-06-19T08:19:00,,,,0,,,,,,,,,,,,,,,,,,,
2020-06-19 10:00:00,1003.3,-99.5,69,0.1,0.0,1.9,332.0,0.0,,,,,2020-06-19T09:38:00,,,,0,,,,,,,,,,,,,,,,,,,
2020-06-19 11:00:00,1003.5,-99.5,70,0.4,191.0,1.9,172.0,0.0,,,,,2020-06-19T10:16:00,,,,0,,,,,,,,,,,,,,,,,,,
2020-06-19 12:00:00,1003.5,-99.5,64,0.0,0.0,2.2,200.0,0.0,,,,,2020-06-19T11:06:00,,,,0,,,,,,,,,,,,,,,,,,,
2020-06-19 13:00:00,1002.9,-99.5,63,0.3,188.0,2.4,346.0,0.0,,,,,2020-06-19T12:11:00,,,,0,,,,,,,,,,,,,,,,,,,
2020-06-19 14:00:00,1003.0,-99.5,69,0.1,0.0,2.7,210.0,0.0,,,,,2020-06-19T13:59:00,,,,0,,,,,,,,,,,,,,,,,,,
2020-06-19 15:00:00,1002.6,-99.5,65,0.0,0.0,1.9,201.0,0.0,,,,,2020-06-19T14:12:00,,,,0,,,,,,,,,,,,,,,,,,,
2020-06-19 16:00:00,1002.2,-99.5,61,0.1,0.0,1.9,191.0,0.0,,,,,2020-06-19T15:03:00,,,,0,,,,,,,,,,,,,,,,,,,
2020-06-19 17:00:00,1002.4,-99.5,67,0.0,0.0,3.0,189.0,0.0,,,,,2020-06-19T16:05:00,,,,0,,,,,,,,,,,,,,,,,,,
2020-06-19 18:00:00,1002.5,-99.5,73,0.0,0.0,2.7,170.0,0.0,,,,,2020-06-19T17:01:00,,,,0,,,,,,,,,,,,,,,,,,,
2020-06-19 19:00:00,1003.2,-99.5,78,0.0,0.0,1.3,127.0,0.0,,,,,2020-06-19T18:33:00,,,,0,,,,,,,,,,,,,,,,,,,
2020-06-19 20:00:00,1003.7,-99.5,82,0.0,0.0,3.5,175.0,0.0,,,,,2020-06-19T19:19:00,,,,0,,,,,,,,,,,,,,,,,,,
2020-06-19 21:00:00,1003.9,-99.5,88,0.0,0.0,1.6,331.0,0.0,,,,,2020-06-19T20:19:00,,,,0,,,,,,,,,,,,,,,,,,,
2020-06-19 22:00:00,1004.5,-99.5,91,0.0,0.0,1.3,324.0,0.0,,,,,2020-06-19T21:17:00,,,,0,,,,,,,,,,,,,,,,,,,
2020-06-19 23:00:00,1004.5,-99.5,93,0.1,0.0,1.3,264.0,0.0,,,,,2020-06-19T22:03:00,,,,0,,,,,,,,,,,,,,,,,,,
2020-06-20 00:00:00,1004.1,-99.5,95,0.0,0.0,1.3,348.0,0.0,,,,,2020-06-19T23:08:00,,,,0,,,,,,,,,,,,,,,,,,,
2020-06-20 01:00:00,1003.6,-99.5,95,0.0,0.0,1.3,336.0,0.0,,,,,2020-06-20T00:32:00,,,,0,,,,,,,,,,,,,,,,,,,
2020-06-20 02:00:00,1003.5,-99.5,96,0.0,0.0,1.3,330.0,0.0,,,,,2020-06-20T01:29:00,,,,0,,,,,,,,,,,,,,,,,,,
2020-06-20 03:00:00,1003.8,-99.5,96,0.1,0.0,1.3,347.0,0.0,,,,,2020-06-20T02:47:00,,,,0,,,,,,,,,,,,,,,,,,,
2020-06-20 04:00:00,1003.8,-99.5,96,0.0,0.0,1.3,280.0,0.0,,,,,2020-06-20T03:18:00,,,,0,,,,,,,,,,,,,,,,,,,
2020-06-20 05:00:00,1003.7,-99.5,96,0.0,0.0,0.0,0.0,0.0,,,,,2020-06-20T04:05:00,,,,0,,,,,,,,,,,,,,,,,,,
2020-06-20 06:00:00,1003.9,-99.5,96,0.0,0.0,0.0,0.0,0.0,,,,,2020-06-20T05:05:00,,,,0,,,,,,,,,,,,,,,,,,,
2020-06-20 07:00:00,1004.2,-99.5,94,0.0,0.0,1.1,336.0,0.0,,,,,2020-06-20T06:40:00,,,,0,,,,,,,,,,,,,,,,,,,
2020-06-20 08:00:00,1003.9,-99.5,88,0.0,0.0,1.3,189.0,0.0,,,,,2020-06-20T07:55:00,,,,0,,,,,,,,,,,,,,,,,,,
2020-06-20 09:00:00,1004.0,-99.5,68,0.9,276.0,4.9,286.0,0.0,,,,,2020-06-20T08:50:00,,,,0,,,,,,,,,,,,,,,,,,,
2020-06-20 10:00:00,1004.0,-99.5,63,1.1,268.0,6.0,340.0,0.0,,,,,2020-06-20T09:16:00,,,,0,,,,,,,,,,,,,,,,,,,
2020-06-20 11:00:00,1003.6,-99.5,61,0.0,0.0,3.5,226.0,0.0,,,,,2020-06-20T10:18:00,,,,0,,,,,,,,,,,,,,,,,,,
2020-06-20 12:00:00,1003.2,-99.5,70,0.1,0.0,3.0,169.0,0.0,,,,,2020-06-20T11:53:00,,,,0,,,,,,,,,,,,,,,,,,,
2020-06-20 13:00:00,1002.8,-99.5,71,0.1,0.0,3.0,154.0,0.0,,,,,2020-06-20T12:04:00,,,,0,,,,,,,,,,,,,,,,,,,
2020-06-20 14:00:00,1002.1,-99.5,67,0.1,0.0,3.0,206.0,0.0,,,,,2020-06-20T13:22:00,,,,0,,,,,,,,,,,,,,,,,,,
2020-06-20 15:00:00,1001.5,-99.5,66,0.0,0.0,2.7,179.0,0.0,,,,,2020-06-20T14:07:00,,,,0,,,,,,,,,,,,,,,,,,,
2020-06-20 16:00:00,1001.0,-99.5,71,0.0,0.0,3.5,162.0,0.0,,,,,2020-06-20T15:35:00,,,,0,,,,,,,,,,,,,,,,,,,
2020-06-20 17:00:00,1001.2,-99.5,72,0.1,0.0,1.9,144.0,0.0,,,,,2020-06-20T16:08:00,,,,0,,,,,,,,,,,,,,,,,,,
2020-06-20 18:00:00,1001.3,-99.5,74,0.0,0.0,3.3,187.0,0.0,,,,,2020-06-20T17:26:00,,,,0,,,,,,,,,,,,,,,,,,,
2020-06-20 19:00:00,1001.3,-99.5,79,0.0,0.0,3.0,182.0,0.0,,,,,2020-06-20T18:10:00,,,,0,,,,,,,,,,,,,,,,,,,
2020-06-20 20:00:00,1001.7,-99.5,87,0.0,0.0,0.8,16.0,0.0,,,,,2020-06-20T19:01:00,,,,0,,,,,,,,,,,,,,,,,,,
2020-06-20 21:00:00,1001.9,-99.5,91,0.0,0.0,0.8,291.0,0.0,,,,,2020-06-20T20:10:00,,,,0,,,,,,,,,,,,,,,,,,,
2020-06-20 22:00:00,1002.4,-99.5,94,0.0,0.0,1.3,330.0,0.0,,,,,2020-06-20T21:28:00,,,,0,,,,,,,,,,,,,,,,,,,
2020-06-20 23:00:00,1002.3,-99.5,94,0.0,0.0,1.3,330.0,0.0,,,,,2020-06-20T22:39:00,,,,0,,,,,,,,,,,,,,,,,,,
2020-06-21 00:00:00,1002.3,-99.5,95,0.0,0.0,1.9,343.0,0.0,,,,,2020-06-20T23:06:00,,,,0,,,,,,,,,,,,,,,,,,,
2020-06-21 01:00:00,1002.0,-99.5,96,0.0,0.0,1.3,257.0,0.0,,,,,2020-06-21T00:10:00,,,,0,,,,,,,,,,,,,,,,,,,
2020-06-21 02:00:00,1001.2,-99.5,97,0.0,0.0,0.0,0.0,0.0,,,,,2020-06-21T01:05:00,,,,0,,,,,,,,,,,,,,,,,,,
2020-06-21 03:00:00,1000.6,-99.5,98,0.0,0.0,0.0,0.0,0.0,,,,,2020-06-21T02:05:00,,,,0,,,,,,,,,,,,,,,,,,,
2020-06-21 04:00:00,1000.2,-99.5,99,0.0,0.0,0.8,331.0,0.0,,,,,2020-06-21T03:27:00,,,,0,,,,,,,,,,,,,,,,,,,
2020-06-21 05:00:00,1000.5,-99.5,99,0.0,0.0,0.0,0.0,0.0,,,,,2020-06-21T04:05:00,,,,0,,,,,,,,,,,,,,,,,,,
2020-06-21 06:00:00,1000.9,-99.5,99,0.0,0.0,1.3,14.0,0.0,,,,,2020-06-21T05:17:00,,,,0,,,,,,,,,,,,,,,,,,,
2020-06-21 07:00:00,1001.1,-99.5,95,0.0,0.0,1.1,352.0,0.0,,,,,2020-06-21T06:50:00,,,,0,,,,,,,,,,,,,,,,,,,
2020-06-21 08:00:00,1001.1,-99.5,88,0.0,0.0,1.3,328.0,0.0,,,,,2020-06-21T07:26:00,,,,0,,,,,,,,,,,,,,,,,,,
2020-06-21 09:00:00,1000.8,-99.5,73,0.5,284.0,3.3,338.0,0.0,,,,,2020-06-21T08:28:00,,,,0,,,,,,,,,,,,,,,,,,,
2020-06-21 10:00:00,1000.4,-99.5,66,1.3,331.0,5.5,343.0,0.0,,,,,2020-06-21T09:55:00,,,,0,,,,,,,,,,,,,,,,,,,
2020-06-21 11:00:00,1000.0,-99.5,62,0.8,236.0,4.1,326.0,0.0,,,,,2020-06-21T10:04:00,,,,0,,,,,,,,,,,,,,,,,,,
2020-06-21 12:00:00,999.4,-99.5,54,0.9,265.0,4.9,261.0,0.0,,,,,2020-06-21T11:30:00,,,,0,,,,,,,,,,,,,,,,,,,
2020-06-21 13:00:00,999.5,-99.5,71,0.5,187.0,7.1,331.0,0.0,,,,,2020-06-21T12:03:00,,,,0,,,,,,,,,,,,,,,,,,,
2020-06-21 14:00:00,999.3,-99.5,68,0.1,0.0,2.4,186.0,0.0,,,,,2020-06-21T13:01:00,,,,0,,,,,,,,,,,,,,,,,,,
2020-06-21 15:00:00,998.7,-99.5,71,0.0,0.0,1.6,183.0,0.0,,,,,2020-06-21T14:09:00,,,,0,,,,,,,,,,,,,,,,,,,
2020-06-21 16:00:00,998.3,-99.5,72,0.0,0.0,2.2,174.0,0.0,,,,,2020-06-21T15:47:00,,,,0,,,,,,,,,,,,,,,,,,,
2020-06-21 17:00:00,998.0,-99.5,74,0.0,0.0,1.6,150.0,0.0,,,,,2020-06-21T16:02:00,,,,0,,,,,,,,,,,,,,,,,,,
2020-06-21 18:00:00,998.4,-99.5,74,0.0,0.0,0.8,16.0,0.0,,,,,2020-06-21T17:20:00,,,,0,,,,,,,,,,,,,,,,,,,
2020-06-21 19:00:00,999.3,-99.5,84,0.0,0.0,0.8,326.0,0.0,,,,,2020-06-21T18:57:00,,,,0,,,,,,,,,,,,,,,,,,,
2020-06-21 20:00:00,1000.0,-99.5,93,0.0,0.0,0.8,350.0,0.0,,,,,2020-06-21T19:57:00,,,,0,,,,,,,,,,,,,,,,,,,
2020-06-21 21:00:00,1000.8,-99.5,96,0.0,0.0,1.3,315.0,0.0,,,,,2020-06-21T20:36:00,,,,0,,,,,,,,,,,,,,,,,,,
2020-06-21 22:00:00,1001.1,-99.5,93,0.0,0.0,1.1,344.0,0.0,,,,,2020-06-21T21:04:00,,,,0,,,,,,,,,,,,,,,,,,,
2020-06-21 23:00:00,1000.8,-99.5,94,0.0,0.0,1.3,335.0,0.0,,,,,2020-06-21T22:42:00,,,,0,,,,,,,,,,,,,,,,,,,
2020-06-22 00:00:00,1000.7,-99.5,96,0.0,0.0,1.3,343.0,0.0,,,,,2020-06-21T23:35:00,,,,0,,,,,,,,,,,,,,,,,,,
2020-06-22 01:00:00,1000.3,-99.5,96,0.0,0.0,0.8,328.0,0.0,,,,,2020-06-22T00:29:00,,,,0,,,,,,,,,,,,,,,,,,,
2020-06-22 02:00:00,999.7,-99.5,97,0.0,0.0,0.0,0.0,0.0,,,,,2020-06-22T01:05:00,,,,0,,,,,,,,,,,,,,,,,,,
2020-06-22 03:00:00,999.5,-99.5,97,0.0,0.0,0.0,0.0,0.0,,,,,2020-06-22T02:05:00,,,,0,,,,,,,,,,,,,,,,,,,
2020-06-22 04:00:00,999.6,-99.5,97,0.4,343.0,1.3,332.0,0.0,,,,,2020-06-22T03:25:00,,,,0,,,,,,,,,,,,,,,,,,,
2020-06-22 05:00:00,999.5,-99.5,97,0.0,0.0,1.9,352.0,0.0,,,,,2020-06-22T04:07:00,,,,0,,,,,,,,,,,,,,,,,,,
2020-06-22 06:00:00,999.5,-99.5,99,0.0,0.0,0.8,326.0,0.0,,,,,2020-06-22T05:40:00,,,,0,,,,,,,,,,,,,,,,,,,
2020-06-22 07:00:00,999.6,-99.5,96,0.4,332.0,1.6,12.0,0.0,,,,,2020-06-22T06:09:00,,,,0,,,,,,,,,,,,,,,,,,,
2020-06-22 08:00:00,999.8,-99.5,78,0.5,285.0,3.0,252.0,0.0,,,,,2020-06-22T07:52:00,,,,0,,,,,,,,,,,,,,,,,,,
2020-06-22 09:00:00,1000.2,-99.5,63,1.1,272.0,5.5,294.0,0.0,,,,,2020-06-22T08:57:00,,,,0,,,,,,,,,,,,,,,,,,,
2020-06-22 10:00:00,1000.2,-99.5,59,0.6,290.0,7.7,322.0,0.0,,,,,2020-06-22T09:32:00,,,,0,,,,,,,,,,,,,,,,,,,
2020-06-22 11:00:00,1000.2,-99.5,52,1.3,310.0,3.8,338.0,0.0,,,,,2020-06-22T10:48:00,,,,0,,,,,,,,,,,,,,,,,,,
2020-06-22 12:00:00,1000.0,-99.5,51,0.7,217.0,3.5,328.0,0.0,,,,,2020-06-22T11:38:00,,,,0,,,,,,,,,,,,,,,,,,,
2020-06-22 13:00:00,999.8,-99.5,54,0.5,188.0,3.5,313.0,0.0,,,,,2020-06-22T12:33:00,,,,0,,,,,,,,,,,,,,,,,,,
2020-06-22 14:00:00,999.6,-99.5,60,0.0,0.0,3.0,176.0,0.0,,,,,2020-06-22T13:34:00,,,,0,,,,,,,,,,,,,,,,,,,
2020-06-22 15:00:00,999.3,-99.5,63,0.0,0.0,2.4,161.0,0.0,,,,,2020-06-22T14:18:00,,,,0,,,,,,,,,,,,,,,,,,,
2020-06-22 16:00:00,999.2,-99.5,66,0.0,0.0,1.9,151.0,0.0,,,,,2020-06-22T15:54:00,,,,0,,,,,,,,,,,,,,,,,,,
2020-06-22 17:00:00,999.2,-99.5,68,0.0,0.0,1.9,319.0,0.0,,,,,2020-06-22T16:13:00,,,,0,,,,,,,,,,,,,,,,,,,
2020-06-22 18:00:00,999.5,-99.5,71,0.2,0.0,2.4,348.0,0.0,,,,,2020-06-22T17:19:00,,,,0,,,,,,,,,,,,,,,,,,,
2020-06-22 19:00:00,1000.3,-99.5,81,0.0,0.0,3.5,335.0,0.0,,,,,2020-06-22T18:07:00,,,,0,,,,,,,,,,,,,,,,,,,
2020-06-22 20:00:00,1000.9,-99.5,88,0.0,0.0,0.8,179.0,0.0,,,,,2020-06-22T19:54:00,,,,0,,,,,,,,,,,,,,,,,,,
2020-06-22 21:00:00,1001.8,-99.5,93,0.0,0.0,0.0,0.0,0.0,,,,,2020-06-22T20:05:00,,,,0,,,,,,,,,,,,,,,,,,,
2020-06-22 22:00:00,1002.4,-99.5,95,0.0,0.0,1.3,338.0,0.0,,,,,2020-06-22T21:51:00,,,,0,,,,,,,,,,,,,,,,,,,
2020-06-22 23:00:00,1002.4,-99.5,94,0.0,0.0,1.3,335.0,0.0,,,,,2020-06-22T22:28:00,,,,0,,,,,,,,,,,,,,,,,,,
2020-06-23 00:00:00,1002.1,-99.5,94,0.0,0.0,1.3,300.0,0.0,,,,,2020-06-22T23:30:00,,,,0,,,,,,,,,,,,,,,,,,,
2020-06-23 01:00:00,1001.6,-99.5,94,0.2,0.0,1.3,342.0,0.0,,,,,2020-06-23T00:36:00,,,,0,,,,,,,,,,,,,,,,,,,
2020-06-23 02:00:00,1001.1,-99.5,94,0.1,0.0,1.9,299.0,0.0,,,,,2020-06-23T01:24:00,,,,0,,,,,,,,,,,,,,,,,,,
2020-06-23 03:00:00,1001.1,-99.5,94,0.4,334.0,1.9,316.0,0.0,,,,,2020-06-23T02:55:00,,,,0,,,,,,,,,,,,,,,,,,,
2020-06-23 04:00:00,1000.9,-99.5,94,0.0,0.0,1.3,341.0,0.0,,,,,2020-06-23T03:01:00,,,,0,,,,,,,,,,,,,,,,,,,
2020-06-23 05:00:00,1001.1,-99.5,95,0.0,0.0,0.8,320.0,0.0,,,,,2020-06-23T04:20:00,,,,0,,,,,,,,,,,,,,,,,,,
2020-06-23 06:00:00,1001.2,-99.5,96,0.0,0.0,0.8,274.0,0.0,,,,,2020-06-23T05:51:00,,,,0,,,,,,,,,,,,,,,,,,,
2020-06-23 07:00:00,1001.5,-99.5,92,0.0,0.0,0.8,354.0,0.0,,,,,2020-06-23T06:01:00,,,,0,,,,,,,,,,,,,,,,,,,
2020-06-23 08:00:00,1001.4,-99.5,81,0.1,0.0,1.3,317.0,0.0,,,,,2020-06-23T07:49:00,,,,0,,,,,,,,,,,,,,,,,,,
2020-06-23 09:00:00,1001.2,-99.5,64,0.6,273.0,4.9,259.0,0.0,,,,,2020-06-23T08:31:00,,,,0,,,,,,,,,,,,,,,,,,,
2020-06-23 10:00:00,1001.0,-99.5,55,0.8,284.0,4.9,334.0,0.0,,,,,2020-06-23T09:51:00,,,,0,,,,,,,,,,,,,,,,,,,
2020-06-23 11:00:00,1000.9,-99.5,50,0.2,0.0,3.0,239.0,0.0,,,,,2020-06-23T10:12:00,,,,0,,,,,,,,,,,,,,,,,,,
2020-06-23 12:00:00,1000.8,-99.5,61,0.8,185.0,3.3,190.0,0.0,,,,,2020-06-23T11:50:00,,,,0,,,,,,,,,,,,,,,,,,,
2020-06-23 13:00:00,1001.4,-99.5,60,0.2,0.0,2.4,232.0,0.0,,,,,2020-06-23T12:14:00,,,,0,,,,,,,,,,,,,,,,,,,
2020-06-23 14:00:00,1001.3,-99.5,61,0.2,0.0,1.9,159.0,0.0,,,,,2020-06-23T13:07:00,,,,0,,,,,,,,,,,,,,,,,,,
2020-06-23 15:00:00,-9999.7,-99.5,-9997,-99.7,-999.7,2.4,224.0,0.0,,,,,2020-06-23T14:42:00,,,,0,,,,,,,,,,,,,,,,,,,
2020-06-23 16:00:00,1000.4,-99.5,65,0.3,173.0,3.0,167.0,0.0,,,,,2020-06-23T15:37:00,,,,0,,,,,,,,,,,,,,,,,,,
2020-06-23 17:00:00,1000.3,-99.5,70,0.0,0.0,2.4,172.0,0.0,,,,,2020-06-23T16:08:00,,,,0,,,,,,,,,,,,,,,,,,,
2020-06-23 18:00:00,1000.4,-99.5,76,0.0,0.0,1.1,212.0,0.0,,,,,2020-06-23T17:27:00,,,,0,,,,,,,,,,,,,,,,,,,
2020-06-23 19:00:00,1000.7,-99.5,82,0.0,0.0,1.3,195.0,0.0,,,,,2020-06-23T18:34:00,,,,0,,,,,,,,,,,,,,,,,,,
2020-06-23 20:00:00,1001.0,-99.5,87,0.0,0.0,0.8,331.0,0.0,,,,,2020-06-23T19:32:00,,,,0,,,,,,,,,,,,,,,,,,,
2020-06-23 21:00:00,1001.6,-99.5,92,0.0,0.0,0.8,336.0,0.0,,,,,2020-06-23T20:21:00,,,,0,,,,,,,,,,,,,,,,,,,
2020-06-23 22:00:00,1002.1,-99.5,94,0.0,0.0,1.3,349.0,0.0,,,,,2020-06-23T21:10:00,,,,0,,,,,,,,,,,,,,,,,,,
2020-06-23 23:00:00,1002.2,-99.5,96,0.1,0.0,1.3,324.0,0.0,,,,,2020-06-23T22:57:00,,,,0,,,,,,,,,,,,,,,,,,,
2020-06-24 00:00:00,1001.8,-99.5,99,0.0,0.0,1.3,341.0,0.0,,,,,2020-06-23T23:02:00,,,,0,,,,,,,,,,,,,,,,,,,
2020-06-24 01:00:00,1001.7,-99.5,99,0.0,0.0,1.1,331.0,0.0,,,,,2020-06-24T00:54:00,,,,0,,,,,,,,,,,,,,,,,,,
2020-06-24 02:00:00,1001.2,-99.5,98,0.0,0.0,1.6,328.0,0.0,,,,,2020-06-24T01:17:00,,,,0,,,,,,,,,,,,,,,,,,,
2020-06-24 03:00:00,1000.9,-99.5,96,0.0,0.0,0.8,339.0,0.0,,,,,2020-06-24T02:36:00,,,,0,,,,,,,,,,,,,,,,,,,
2020-06-24 04:00:00,1000.8,-99.5,96,0.0,0.0,0.8,334.0,0.0,,,,,2020-06-24T03:20:00,,,,0,,,,,,,,,,,,,,,,,,,
2020-06-24 05:00:00,1000.9,-99.5,96,0.0,0.0,0.0,0.0,0.0,,,,,2020-06-24T04:05:00,,,,0,,,,,,,,,,,,,,,,,,,
2020-06-24 06:00:00,1001.4,-99.5,96,0.0,0.0,0.0,0.0,0.0,,,,,2020-06-24T05:05:00,,,,0,,,,,,,,,,,,,,,,,,,
2020-06-24 07:00:00,1001.5,-99.5,93,0.0,0.0,0.0,0.0,0.0,,,,,2020-06-24T06:05:00,,,,0,,,,,,,,,,,,,,,,,,,
2020-06-24 08:00:00,1001.6,-99.5,86,0.0,0.0,1.3,352.0,0.0,,,,,2020-06-24T07:30:00,,,,0,,,,,,,,,,,,,,,,,,,
2020-06-24 09:00:00,1001.1,-99.5,72,0.0,0.0,2.4,244.0,0.0,,,,,2020-06-24T08:16:00,,,,0,,,,,,,,,,,,,,,,,,,
2020-06-24 10:00:00,1000.6,-99.5,73,0.1,0.0,1.6,212.0,0.0,,,,,2020-06-24T09:10:00,,,,0,,,,,,,,,,,,,,,,,,,
2020-06-24 11:00:00,1000.4,-99.5,72,0.2,0.0,3.0,204.0,0.0,,,,,2020-06-24T10:42:00,,,,0,,,,,,,,,,,,,,,,,,,
2020-06-24 12:00:00,1000.2,-99.5,65,0.1,0.0,2.4,186.0,0.0,,,,,2020-06-24T11:23:00,,,,0,,,,,,,,,,,,,,,,,,,
2020-06-24 13:00:00,999.8,-99.5,50,0.1,0.0,2.2,121.0,0.0,,,,,2020-06-24T12:02:00,,,,0,,,,,,,,,,,,,,,,,,,
2020-06-24 14:00:00,999.7,-99.5,64,0.2,0.0,1.6,222.0,0.0,,,,,2020-06-24T13:52:00,,,,0,,,,,,,,,,,,,,,,,,,
2020-06-24 15:00:00,999.5,32.3,64,0.6,167.0,3.0,162.0,0.0,,,,,2020-06-24T14:56:00,,,,0,,,,,,,,,,,,,,,,,,,
2020-06-24 16:00:00,999.5,32.0,62,0.1,0.0,3.0,205.0,0.0,,,,,2020-06-24T15:30:00,,,,0,,,,,,,,,,,,,,,,,,,
2020-06-24 17:00:00,999.7,30.8,65,0.0,0.0,2.4,191.0,0.0,,,,,2020-06-24T16:12:00,,,,0,,,,,,,,,,,,,,,,,,,
2020-06-24 18:00:00,1000.0,30.1,71,0.0,0.0,1.9,172.0,0.0,,,,,2020-06-24T17:20:00,,,,0,,,,,,,,,,,,,,,,,,,
2020-06-24 19:00:00,1000.7,28.5,81,0.0,0.0,0.0,0.0,0.0,,,,,2020-06-24T18:05:00,,,,0,,,,,,,,,,,,,,,,,,,
2020-06-24 20:00:00,1000.9,27.4,85,0.0,0.0,0.0,0.0,0.0,,,,,2020-06-24T19:05:00,,,,0,,,,,,,,,,,,,,,,,,,
2020-06-24 21:00:00,1001.1,26.5,88,0.0,0.0,1.3,221.0,0.0,,,,,2020-06-24T20:27:00,,,,0,,,,,,,,,,,,,,,,,,,
2020-06-24 22:00:00,1001.4,25.8,91,0.0,0.0,1.3,343.0,0.0,,,,,2020-06-24T21:46:00,,,,0,,,,,,,,,,,,,,,,,,,
2020-06-24 23:00:00,1001.3,25.3,92,0.0,0.0,1.3,249.0,0.0,,,,,2020-06-24T22:58:00,,,,0,,,,,,,,,,,,,,,,,,,
2020-06-25 00:00:00,-9999.7,-99.7,-9997,-99.7,-999.7,1.3,250.0,0.0,,,,,2020-06-24T23:16:00,,,,0,,,,,,,,,,,,,,,,,,,
2020-06-25 01:00:00,1001.3,24.4,93,0.0,0.0,0.8,348.0,0.0,,,,,2020-06-25T00:22:00,,,,0,,,,,,,,,,,,,,,,,,,
2020-06-25 02:00:00,1001.2,24.3,93,0.0,0.0,0.0,0.0,0.0,,,,,2020-06-25T01:05:00,,,,0,,,,,,,,,,,,,,,,,,,
2020-06-25 03:00:00,1001.3,24.2,93,0.0,0.0,0.0,0.0,0.0,,,,,2020-06-25T02:05:00,,,,0,,,,,,,,,,,,,,,,,,,
2020-06-25 04:00:00,1001.3,24.1,94,0.0,0.0,0.0,0.0,0.0,,,,,2020-06-25T03:05:00,,,,0,,,,,,,,,,,,,,,,,,,
2020-06-25 05:00:00,1001.3,24.1,94,0.0,0.0,0.0,0.0,0.0,,,,,2020-06-25T04:05:00,,,,0,,,,,,,,,,,,,,,,,,,
2020-06-25 06:00:00,1001.3,24.3,93,0.0,0.0,0.8,318.0,0.0,,,,,2020-06-25T05:55:00,,,,0,,,,,,,,,,,,,,,,,,,
2020-06-25 07:00:00,1001.4,25.4,91,0.0,0.0,0.0,0.0,0.0,,,,,2020-06-25T06:05:00,,,,0,,,,,,,,,,,,,,,,,,,
2020-06-25 08:00:00,1001.5,28.2,82,0.0,0.0,0.8,319.0,0.0,,,,,2020-06-25T07:32:00,,,,0,,,,,,,,,,,,,,,,,,,
2020-06-25 09:00:00,1001.7,30.5,71,0.0,0.0,1.3,176.0,0.0,,,,,2020-06-25T08:51:00,,,,0,,,,,,,,,,,,,,,,,,,
2020-06-25 10:00:00,1001.8,32.8,59,0.1,0.0,1.6,346.0,0.0,,,,,2020-06-25T09:30:00,,,,0,,,,,,,,,,,,,,,,,,,
2020-06-25 11:00:00,1001.5,32.7,67,0.0,0.0,1.9,178.0,0.0,,,,,2020-06-25T10:19:00,,,,0,,,,,,,,,,,,,,,,,,,
2020-06-25 12:00:00,1001.4,34.0,61,0.0,0.0,2.4,334.0,0.0,,,,,2020-06-25T11:18:00,,,,0,,,,,,,,,,,,,,,,,,,
2020-06-25 13:00:00,1001.1,33.8,57,0.0,0.0,2.4,167.0,0.0,,,,,2020-06-25T12:27:00,,,,0,,,,,,,,,,,,,,,,,,,
2020-06-25 14:00:00,1000.6,34.6,51,0.2,0.0,2.4,252.0,0.0,,,,,2020-06-25T13:57:00,,,,0,,,,,,,,,,,,,,,,,,,
2020-06-25 15:00:00,1000.3,32.2,61,1.1,171.0,3.0,200.0,0.0,,,,,2020-06-25T14:58:00,,,,0,,,,,,,,,,,,,,,,,,,
2020-06-25 16:00:00,1000.5,31.0,68,0.1,0.0,3.0,176.0,0.0,,,,,2020-06-25T15:11:00,,,,0,,,,,,,,,,,,,,,,,,,
2020-06-25 17:00:00,1000.9,30.9,69,0.0,0.0,2.4,176.0,0.0,,,,,2020-06-25T16:03:00,,,,0,,,,,,,,,,,,,,,,,,,
2020-06-25 18:00:00,1001.4,30.1,75,0.1,0.0,1.3,347.0,0.0,,,,,2020-06-25T17:58:00,,,,0,,,,,,,,,,,,,,,,,,,
2020-06-25 19:00:00,1001.9,28.5,84,0.0,0.0,1.6,331.0,0.0,,,,,2020-06-25T18:01:00,,,,0,,,,,,,,,,,,,,,,,,,
2020-06-25 20:00:00,1002.3,27.4,88,0.0,0.0,0.8,245.0,0.0,,,,,2020-06-25T19:17:00,,,,0,,,,,,,,,,,,,,,,,,,
2020-06-25 21:00:00,1003.2,26.8,90,0.0,0.0,0.0,0.0,0.0,,,,,2020-06-25T20:05:00,,,,0,,,,,,,,,,,,,,,,,,,
2020-06-25 22:00:00,-9999.7,-99.7,-9997,-99.7,-999.7,0.0,0.0,0.0,,,,,2020-06-25T21:05:00,,,,0,,,,,,,,,,,,,,,,,,,
2020-06-25 23:00:00,1003.5,25.8,92,0.0,0.0,0.0,0.0,0.0,,,,,2020-06-25T22:15:00,,,,0,,,,,,,,,,,,,,,,,,,
2020-06-26 00:00:00,1003.4,25.6,93,0.0,0.0,1.3,324.0,0.0,,,,,2020-06-25T23:02:00,,,,0,,,,,,,,,,,,,,,,,,,
2020-06-26 01:00:00,1003.4,25.4,92,0.0,0.0,1.6,348.0,0.0,,,,,2020-06-26T00:41:00,,,,0,,,,,,,,,,,,,,,,,,,
2020-06-26 02:00:00,1003.1,25.2,93,0.0,0.0,0.8,323.0,0.0,,,,,2020-06-26T01:26:00,,,,0,,,,,,,,,,,,,,,,,,,
2020-06-26 03:00:00,1003.1,25.0,93,0.0,0.0,1.3,336.0,0.0,,,,,2020-06-26T02:15:00,,,,0,,,,,,,,,,,,,,,,,,,
2020-06-26 04:00:00,1003.1,24.7,94,0.0,0.0,1.1,259.0,0.0,,,,,2020-06-26T04:00:00,,,,0,,,,,,,,,,,,,,,,,,,
2020-06-26 05:00:00,1002.8,24.5,94,0.3,337.0,1.6,344.0,0.0,,,,,2020-06-26T04:13:00,,,,0,,,,,,,,,,,,,,,,,,,
2020-06-26 06:00:00,1003.2,24.8,93,0.0,0.0,0.8,350.0,0.0,,,,,2020-06-26T05:01:00,,,,0,,,,,,,,,,,,,,,,,,,
2020-06-26 07:00:00,1003.7,25.7,89,0.0,0.0,1.3,333.0,0.0,,,,,2020-06-26T06:54:00,,,,0,,,,,,,,,,,,,,,,,,,
2020-06-26 08:00:00,1003.7,28.2,79,0.0,0.0,1.6,341.0,0.0,,,,,2020-06-26T07:43:00,,,,0,,,,,,,,,,,,,,,,,,,
2020-06-26 09:00:00,1004.0,29.6,77,0.0,0.0,1.3,331.0,0.0,,,,,2020-06-26T08:18:00,,,,0,,,,,,,,,,,,,,,,,,,
2020-06-26 10:00:00,1004.0,31.6,68,0.2,0.0,1.6,179.0,0.0,,,,,2020-06-26T09:58:00,,,,0,,,,,,,,,,,,,,,,,,,
2020-06-26 11:00:00,1003.8,34.2,59,0.3,347.0,2.4,187.0,0.0,,,,,2020-06-26T10:18:00,,,,0,,,,,,,,,,,,,,,,,,,
2020-06-26 12:00:00,1003.5,35.5,55,0.1,0.0,2.2,179.0,0.0,,,,,2020-06-26T11:54:00,,,,0,,,,,,,,,,,,,,,,,,,
2020-06-26 13:00:00,1005.3,26.4,86,1.0,277.0,6.0,259.0,7.5,,,,,2020-06-26T12:53:00,,,,0,,,,,,,,,,,,,,,,,,,
2020-06-26 14:00:00,1003.5,25.3,93,0.0,0.0,5.5,331.0,8.5,,,,,2020-06-26T13:05:00,,,,0,,,,,,,,,,,,,,,,,,,
2020-06-26 15:00:00,1004.1,25.6,90,0.0,0.0,2.2,271.0,0.0,,,,,2020-06-26T14:42:00,,,,0,,,,,,,,,,,,,,,,,,,
2020-06-26 16:00:00,1003.9,25.6,92,0.0,0.0,1.9,262.0,0.0,,,,,2020-06-26T15:12:00,,,,0,,,,,,,,,,,,,,,,,,,
2020-06-26 17:00:00,1004.2,25.9,92,0.0,0.0,1.9,342.0,0.0,,,,,2020-06-26T16:29:00,,,,0,,,,,,,,,,,,,,,,,,,
2020-06-26 18:00:00,1004.4,25.7,91,0.0,0.0,3.0,308.0,0.0,,,,,2020-06-26T17:38:00,,,,0,,,,,,,,,,,,,,,,,,,
2020-06-26 19:00:00,1004.8,25.1,93,0.0,0.0,1.9,267.0,0.0,,,,,2020-06-26T18:14:00,,,,0,,,,,,,,,,,,,,,,,,,
2020-06-26 20:00:00,1005.3,24.8,93,0.0,0.0,1.9,250.0,0.0,,,,,2020-06-26T19:20:00,,,,0,,,,,,,,,,,,,,,,,,,
2020-06-26 21:00:00,1005.6,24.2,94,0.0,0.0,1.6,263.0,0.0,,,,,2020-06-26T20:44:00,,,,0,,,,,,,,,,,,,,,,,,,
2020-06-26 22:00:00,1006.1,24.2,94,0.0,0.0,1.3,315.0,0.0,,,,,2020-06-26T21:02:00,,,,0,,,,,,,,,,,,,,,,,,,
2020-06-26 23:00:00,1005.6,24.0,94,0.0,0.0,1.3,273.0,0.0,,,,,2020-06-26T22:17:00,,,,0,,,,,,,,,,,,,,,,,,,
2020-06-27 00:00:00,1005.1,24.1,95,0.0,0.0,1.3,327.0,0.0,,,,,2020-06-26T23:27:00,,,,0,,,,,,,,,,,,,,,,,,,
2020-06-27 01:00:00,1004.6,24.0,96,0.2,0.0,1.6,336.0,0.0,,,,,2020-06-27T00:33:00,,,,0,,,,,,,,,,,,,,,,,,,
2020-06-27 02:00:00,1003.8,24.0,95,0.3,350.0,1.9,253.0,0.0,,,,,2020-06-27T01:19:00,,,,0,,,,,,,,,,,,,,,,,,,
2020-06-27 03:00:00,1003.7,24.0,95,0.0,0.0,1.1,334.0,0.0,,,,,2020-06-27T02:01:00,,,,0,,,,,,,,,,,,,,,,,,,
2020-06-27 04:00:00,1003.9,23.7,96,0.0,0.0,0.8,338.0,0.0,,,,,2020-06-27T03:53:00,,,,0,,,,,,,,,,,,,,,,,,,
2020-06-27 05:00:00,1004.1,23.6,96,0.0,0.0,1.3,348.0,0.0,,,,,2020-06-27T04:32:00,,,,0,,,,,,,,,,,,,,,,,,,
2020-06-27 06:00:00,1004.3,23.5,96,0.1,0.0,1.3,326.0,0.0,,,,,2020-06-27T05:16:00,,,,0,,,,,,,,,,,,,,,,,,,
2020-06-27 07:00:00,1004.4,25.1,90,0.2,0.0,1.3,275.0,0.0,,,,,2020-06-27T06:23:00,,,,0,,,,,,,,,,,,,,,,,,,
2020-06-27 08:00:00,1004.4,27.6,85,0.0,0.0,1.3,335.0,0.0,,,,,2020-06-27T07:05:00,,,,0,,,,,,,,,,,,,,,,,,,
2020-06-27 09:00:00,1004.5,30.3,72,0.7,341.0,2.2,354.0,0.0,,,,,2020-06-27T08:57:00,,,,0,,,,,,,,,,,,,,,,,,,
2020-06-27 10:00:00,1004.3,31.9,64,0.0,0.0,2.4,334.0,0.0,,,,,2020-06-27T09:50:00,,,,0,,,,,,,,,,,,,,,,,,,
2020-06-27 11:00:00,1004.1,33.0,67,0.0,0.0,1.9,331.0,0.0,,,,,2020-06-27T10:25:00,,,,0,,,,,,,,,,,,,,,,,,,
2020-06-27 12:00:00,1003.5,33.6,63,0.1,0.0,2.2,175.0,0.0,,,,,2020-06-27T11:12:00,,,,0,,,,,,,,,,,,,,,,,,,
2020-06-27 13:00:00,1003.1,34.2,59,0.1,0.0,2.4,129.0,0.0,,,,,2020-06-27T12:37:00,,,,0,,,,,,,,,,,,,,,,,,,
2020-06-27 14:00:00,1002.8,32.8,63,0.7,179.0,2.4,162.0,0.0,,,,,2020-06-27T13:52:00,,,,0,,,,,,,,,,,,,,,,,,,
2020-06-27 15:00:00,1002.5,31.8,66,0.7,164.0,3.8,183.0,0.0,,,,,2020-06-27T14:32:00,,,,0,,,,,,,,,,,,,,,,,,,
2020-06-27 16:00:00,1002.8,31.3,69,0.2,0.0,3.3,179.0,0.0,,,,,2020-06-27T15:04:00,,,,0,,,,,,,,,,,,,,,,,,,
2020-06-27 17:00:00,1002.4,31.1,72,0.1,0.0,2.4,174.0,0.0,,,,,2020-06-27T16:10:00,,,,0,,,,,,,,,,,,,,,,,,,
2020-06-27 18:00:00,1002.9,30.4,74,0.0,0.0,1.3,158.0,0.0,,,,,2020-06-27T17:01:00,,,,0,,,,,,,,,,,,,,,,,,,
2020-06-27 19:00:00,1003.4,29.3,78,0.0,0.0,1.6,164.0,0.0,,,,,2020-06-27T18:05:00,,,,0,,,,,,,,,,,,,,,,,,,
2020-06-27 20:00:00,1004.0,27.6,87,0.0,0.0,0.8,349.0,0.0,,,,,2020-06-27T19:01:00,,,,0,,,,,,,,,,,,,,,,,,,
2020-06-27 21:00:00,1004.4,26.9,91,0.0,0.0,0.8,350.0,0.0,,,,,2020-06-27T20:35:00,,,,0,,,,,,,,,,,,,,,,,,,
2020-06-27 22:00:00,1004.7,26.5,93,0.0,0.0,0.8,349.0,0.0,,,,,2020-06-27T21:46:00,,,,0,,,,,,,,,,,,,,,,,,,
2020-06-27 23:00:00,1003.9,26.1,93,0.0,0.0,0.0,0.0,0.0,,,,,2020-06-27T22:05:00,,,,0,,,,,,,,,,,,,,,,,,,
2020-06-28 00:00:00,1003.5,25.8,94,0.0,0.0,1.1,329.0,0.0,,,,,2020-06-27T23:07:00,,,,0,,,,,,,,,,,,,,,,,,,
2020-06-28 01:00:00,1003.2,25.4,95,0.0,0.0,1.3,324.0,0.0,,,,,2020-06-28T00:27:00,,,,0,,,,,,,,,,,,,,,,,,,
2020-06-28 02:00:00,1002.9,25.1,94,0.0,0.0,1.9,338.0,0.0,,,,,2020-06-28T01:14:00,,,,0,,,,,,,,,,,,,,,,,,,
2020-06-28 03:00:00,-9999.7,-99.7,-9997,-99.7,-999.7,1.3,329.0,0.0,,,,,2020-06-28T02:12:00,,,,0,,,,,,,,,,,,,,,,,,,
2020-06-28 04:00:00,1002.8,24.6,95,0.1,0.0,1.3,318.0,0.0,,,,,2020-06-28T03:56:00,,,,0,,,,,,,,,,,,,,,,,,,
2020-06-28 05:00:00,1003.3,24.4,95,0.0,0.0,1.3,347.0,0.0,,,,,2020-06-28T04:02:00,,,,0,,,,,,,,,,,,,,,,,,,
2020-06-28 06:00:00,1004.0,24.6,95,0.0,0.0,0.8,341.0,0.0,,,,,2020-06-28T05:56:00,,,,0,,,,,,,,,,,,,,,,,,,
2020-06-28 07:00:00,1004.0,25.9,90,0.0,0.0,1.3,267.0,0.0,,,,,2020-06-28T06:09:00,,,,0,,,,,,,,,,,,,,,,,,,
2020-06-28 08:00:00,1004.0,28.7,79,0.0,0.0,1.3,335.0,0.0,,,,,2020-06-28T07:06:00,,,,0,,,,,,,,,,,,,,,,,,,
2020-06-28 09:00:00,1003.9,30.2,73,0.4,183.0,1.9,178.0,0.0,,,,,2020-06-28T08:33:00,,,,0,,,,,,,,,,,,,,,,,,,
2020-06-28 10:00:00,1003.6,32.3,64,0.0,0.0,1.3,183.0,0.0,,,,,2020-06-28T09:02:00,,,,0,,,,,,,,,,,,,,,,,,,
2020-06-28 11:00:00,1003.1,32.8,63,0.1,0.0,2.4,189.0,0.0,,,,,2020-06-28T10:16:00,,,,0,,,,,,,,,,,,,,,,,,,
2020-06-28 12:00:00,1002.9,32.7,64,0.0,0.0,1.9,124.0,0.0,,,,,2020-06-28T11:17:00,,,,0,,,,,,,,,,,,,,,,,,,
2020-06-28 13:00:00,1002.5,32.7,60,0.1,0.0,1.9,180.0,0.0,,,,,2020-06-28T12:16:00,,,,0,,,,,,,,,,,,,,,,,,,
2020-06-28 14:00:00,1002.3,33.0,58,0.0,0.0,1.9,178.0,0.0,,,,,2020-06-28T13:14:00,,,,0,,,,,,,,,,,,,,,,,,,
2020-06-28 15:00:00,1002.0,33.0,58,0.0,0.0,2.4,174.0,0.0,,,,,2020-06-28T14:11:00,,,,0,,,,,,,,,,,,,,,,,,,
2020-06-28 16:00:00,1001.8,31.1,65,0.2,0.0,2.4,192.0,0.0,,,,,2020-06-28T15:11:00,,,,0,,,,,,,,,,,,,,,,,,,
2020-06-28 17:00:00,1001.9,30.0,73,0.0,0.0,2.4,173.0,0.0,,,,,2020-06-28T16:11:00,,,,0,,,,,,,,,,,,,,,,,,,
2020-06-28 18:00:00,1001.9,29.5,77,0.0,0.0,1.3,168.0,0.0,,,,,2020-06-28T17:13:00,,,,0,,,,,,,,,,,,,,,,,,,
2020-06-28 19:00:00,1002.3,28.2,84,0.0,0.0,0.8,206.0,0.0,,,,,2020-06-28T18:52:00,,,,0,,,,,,,,,,,,,,,,,,,
2020-06-28 20:00:00,1002.4,28.3,80,0.0,0.0,1.9,167.0,0.0,,,,,2020-06-28T19:49:00,,,,0,,,,,,,,,,,,,,,,,,,
2020-06-28 21:00:00,1002.4,27.1,89,0.0,0.0,1.6,334.0,0.0,,,,,2020-06-28T20:36:00,,,,0,,,,,,,,,,,,,,,,,,,
2020-06-28 22:00:00,1002.4,26.2,92,0.0,0.0,1.9,324.0,0.0,,,,,2020-06-28T21:44:00,,,,0,,,,,,,,,,,,,,,,,,,
2020-06-28 23:00:00,1001.8,25.7,93,0.0,0.0,1.6,330.0,0.0,,,,,2020-06-28T22:05:00,,,,0,,,,,,,,,,,,,,,,,,,
2020-06-29 00:00:00,1001.4,25.3,93,0.3,327.0,1.9,336.0,0.0,,,,,2020-06-28T23:08:00,,,,0,,,,,,,,,,,,,,,,,,,
2020-06-29 01:00:00,1001.2,25.0,93,0.0,0.0,1.9,318.0,0.0,,,,,2020-06-29T00:16:00,,,,0,,,,,,,,,,,,,,,,,,,
2020-06-29 02:00:00,1001.3,24.8,93,0.7,347.0,1.9,325.0,0.0,,,,,2020-06-29T01:09:00,,,,0,,,,,,,,,,,,,,,,,,,
2020-06-29 03:00:00,1001.2,24.6,95,0.0,0.0,1.9,351.0,0.0,,,,,2020-06-29T02:01:00,,,,0,,,,,,,,,,,,,,,,,,,
2020-06-29 04:00:00,1001.5,24.5,95,0.0,0.0,1.6,336.0,0.0,,,,,2020-06-29T03:27:00,,,,0,,,,,,,,,,,,,,,,,,,
2020-06-29 05:00:00,1001.8,24.6,94,0.0,0.0,1.1,327.0,0.0,,,,,2020-06-29T04:28:00,,,,0,,,,,,,,,,,,,,,,,,,
2020-06-29 06:00:00,1002.1,25.1,93,0.0,0.0,0.8,343.0,0.0,,,,,2020-06-29T05:06:00,,,,0,,,,,,,,,,,,,,,,,,,
2020-06-29 07:00:00,1002.3,26.3,88,0.0,0.0,1.3,331.0,0.0,,,,,2020-06-29T06:23:00,,,,0,,,,,,,,,,,,,,,,,,,
2020-06-29 08:00:00,1002.3,28.7,77,0.0,0.0,1.3,184.0,0.0,,,,,2020-06-29T07:21:00,,,,0,,,,,,,,,,,,,,,,,,,
2020-06-29 09:00:00,1001.9,30.5,72,0.0,0.0,1.9,324.0,0.0,,,,,2020-06-29T08:41:00,,,,0,,,,,,,,,,,,,,,,,,,
2020-06-29 10:00:00,1001.5,32.2,66,0.1,0.0,1.9,198.0,0.0,,,,,2020-06-29T09:39:00,,,,0,,,,,,,,,,,,,,,,,,,
2020-06-29 11:00:00,1001.4,32.1,62,0.5,184.0,1.9,204.0,0.0,,,,,2020-06-29T10:56:00,,,,0,,,,,,,,,,,,,,,,,,,
2020-06-29 12:00:00,1000.7,32.9,58,0.4,180.0,3.3,163.0,0.0,,,,,2020-06-29T11:58:00,,,,0,,,,,,,,,,,,,,,,,,,
2020-06-29 13:00:00,1000.2,32.5,62,0.6,172.0,3.5,176.0,0.0,,,,,2020-06-29T13:00:00,,,,0,,,,,,,,,,,,,,,,,,,
2020-06-29 14:00:00,-9999.7,-99.7,-9997,-99.7,-999.7,3.5,176.0,0.0,,,,,2020-06-29T13:51:00,,,,0,,,,,,,,,,,,,,,,,,,
2020-06-29 15:00:00,999.5,31.7,65,0.0,0.0,3.8,161.0,0.0,,,,,2020-06-29T14:32:00,,,,0,,,,,,,,,,,,,,,,,,,
2020-06-29 16:00:00,999.9,30.1,69,1.0,344.0,2.7,338.0,0.0,,,,,2020-06-29T15:54:00,,,,0,,,,,,,,,,,,,,,,,,,
2020-06-29 17:00:00,999.5,29.1,79,0.1,0.0,3.0,263.0,0.0,,,,,2020-06-29T16:13:00,,,,0,,,,,,,,,,,,,,,,,,,
2020-06-29 18:00:00,999.6,29.1,79,0.0,0.0,1.6,341.0,0.0,,,,,2020-06-29T17:48:00,,,,0,,,,,,,,,,,,,,,,,,,
2020-06-29 19:00:00,1000.1,28.4,84,0.0,0.0,1.3,278.0,0.0,,,,,2020-06-29T18:06:00,,,,0,,,,,,,,,,,,,,,,,,,
2020-06-29 20:00:00,1000.4,27.6,87,0.0,0.0,1.9,235.0,0.0,,,,,2020-06-29T19:04:00,,,,0,,,,,,,,,,,,,,,,,,,
2020-06-29 21:00:00,1000.3,26.8,90,0.1,0.0,1.3,247.0,0.0,,,,,2020-06-29T20:08:00,,,,0,,,,,,,,,,,,,,,,,,,
2020-06-29 22:00:00,1000.4,26.2,92,0.3,345.0,1.3,347.0,0.0,,,,,2020-06-29T21:23:00,,,,0,,,,,,,,,,,,,,,,,,,
2020-06-29 23:00:00,1000.4,25.7,93,0.0,0.0,1.3,337.0,0.0,,,,,2020-06-29T22:40:00,,,,0,,,,,,,,,,,,,,,,,,,
2020-06-30 00:00:00,999.7,25.3,93,0.0,0.0,1.6,272.0,0.0,,,,,2020-06-29T23:32:00,,,,0,,,,,,,,,,,,,,,,,,,
2020-06-30 01:00:00,999.3,25.0,93,0.1,0.0,1.6,254.0,0.0,,,,,2020-06-30T00:08:00,,,,0,,,,,,,,,,,,,,,,,,,
2020-06-30 02:00:00,999.2,25.0,93,0.1,0.0,1.9,267.0,0.0,,,,,2020-06-30T01:02:00,,,,0,,,,,,,,,,,,,,,,,,,
2020-06-30 03:00:00,999.4,24.9,93,0.0,0.0,1.9,317.0,0.0,,,,,2020-06-30T02:13:00,,,,0,,,,,,,,,,,,,,,,,,,
2020-06-30 04:00:00,999.5,24.6,94,0.0,0.0,1.1,351.0,0.0,,,,,2020-06-30T03:18:00,,,,0,,,,,,,,,,,,,,,,,,,
2020-06-30 05:00:00,999.9,24.4,95,0.0,0.0,1.3,14.0,0.0,,,,,2020-06-30T04:03:00,,,,0,,,,,,,,,,,,,,,,,,,
2020-06-30 06:00:00,1000.1,24.5,94,0.0,0.0,1.3,350.0,0.0,,,,,2020-06-30T05:32:00,,,,0,,,,,,,,,,,,,,,,,,,
2020-06-30 07:00:00,1000.3,25.9,90,0.0,0.0,0.8,331.0,0.0,,,,,2020-06-30T06:31:00,,,,0,,,,,,,,,,,,,,,,,,,
2020-06-30 08:00:00,1000.1,28.6,79,0.0,0.0,1.3,174.0,0.0,,,,,2020-06-30T07:44:00,,,,0,,,,,,,,,,,,,,,,,,,
2020-06-30 09:00:00,1000.0,30.4,74,0.0,0.0,1.9,181.0,0.0,,,,,2020-06-30T08:50:00,,,,0,,,,,,,,,,,,,,,,,,,
2020-06-30 10:00:00,1000.1,31.3,71,0.2,0.0,1.9,338.0,0.0,,,,,2020-06-30T09:36:00,,,,0,,,,,,,,,,,,,,,,,,,
2020-06-30 11:00:00,1000.1,33.3,67,0.0,0.0,1.9,180.0,0.0,,,,,2020-06-30T10:10:00,,,,0,,,,,,,,,,,,,,,,,,,
2020-06-30 12:00:00,999.5,32.9,66,0.0,0.0,1.9,163.0,0.0,,,,,2020-06-30T11:11:00,,,,0,,,,,,,,,,,,,,,,,,,
2020-06-30 13:00:00,999.4,31.9,69,0.0,0.0,1.9,121.0,0.0,,,,,2020-06-30T12:10:00,,,,0,,,,,,,,,,,,,,,,,,,
2020-06-30 14:00:00,999.0,33.4,66,0.0,0.0,1.9,16.0,0.0,,,,,2020-06-30T13:41:00,,,,0,,,,,,,,,,,,,,,,,,,
2020-06-30 15:00:00,998.6,32.2,63,0.0,0.0,1.9,148.0,0.0,,,,,2020-06-30T14:19:00,,,,0,,,,,,,,,,,,,,,,,,,
2020-06-30 16:00:00,999.0,30.2,72,0.9,326.0,3.8,328.0,0.0,,,,,2020-06-30T15:40:00,,,,0,,,,,,,,,,,,,,,,,,,
2020-06-30 17:00:00,998.8,29.1,80,0.1,0.0,3.5,315.0,0.0,,,,,2020-06-30T16:02:00,,,,0,,,,,,,,,,,,,,,,,,,
2020-06-30 18:00:00,999.2,28.7,81,0.0,0.0,2.7,222.0,0.0,,,,,2020-06-30T17:15:00,,,,0,,,,,,,,,,,,,,,,,,,
2020-06-30 19:00:00,999.8,27.8,86,0.0,0.0,1.3,245.0,0.0,,,,,2020-06-30T18:05:00,,,,0,,,,,,,,,,,,,,,,,,,
2020-06-30 20:00:00,1000.4,27.4,88,0.0,0.0,1.6,249.0,0.0,,,,,2020-06-30T19:38:00,,,,0,,,,,,,,,,,,,,,,,,,
2020-06-30 21:00:00,1000.9,27.0,88,0.2,0.0,2.4,260.0,0.0,,,,,2020-06-30T20:26:00,,,,0,,,,,,,,,,,,,,,,,,,
2020-06-30 22:00:00,1001.3,27.0,88,0.0,0.0,1.6,293.0,0.0,,,,,2020-06-30T21:25:00,,,,0,,,,,,,,,,,,,,,,,,,
2020-06-30 23:00:00,1001.1,26.6,90,0.0,0.0,1.3,288.0,0.0,,,,,2020-06-30T22:02:00,,,,0,,,,,,,,,,,,,,,,,,,
2020-07-01 00:00:00,-9999.7,-99.7,-9997,-99.7,-999.7,1.1,260.0,0.0,,,,,2020-06-30T23:49:00,,,,0,,,,,,,,,,,,,,,,,,,
2020-07-01 01:00:00,1000.2,25.7,93,0.0,0.0,0.0,0.0,0.0,,,,,2020-07-01T00:05:00,,,,0,,,,,,,,,,,,,,,,,,,
2020-07-01 02:00:00,999.7,25.4,94,0.0,0.0,0.8,308.0,0.0,,,,,2020-07-01T01:51:00,,,,0,,,,,,,,,,,,,,,,,,,
2020-07-01 03:00:00,999.4,25.2,94,0.0,0.0,0.8,285.0,0.0,,,,,2020-07-01T02:40:00,,,,0,,,,,,,,,,,,,,,,,,,
2020-07-01 04:00:00,999.3,25.0,95,0.0,0.0,1.3,333.0,0.0,,,,,2020-07-01T03:05:00,,,,0,,,,,,,,,,,,,,,,,,,
2020-07-01 05:00:00,999.5,25.1,94,0.0,0.0,1.6,310.0,0.0,,,,,2020-07-01T04:19:00,,,,0,,,,,,,,,,,,,,,,,,,
2020-07-01 06:00:00,999.6,25.5,93,0.1,0.0,2.2,331.0,0.0,,,,,2020-07-01T05:38:00,,,,0,,,,,,,,,,,,,,,,,,,
2020-07-01 07:00:00,1000.0,26.6,88,0.0,0.0,1.6,346.0,0.0,,,,,2020-07-01T06:22:00,,,,0,,,,,,,,,,,,,,,,,,,
2020-07-01 08:00:00,1000.6,28.6,81,0.0,0.0,1.1,246.0,0.0,,,,,2020-07-01T07:59:00,,,,0,,,,,,,,,,,,,,,,,,,
2020-07-01 09:00:00,1000.9,29.9,76,0.2,0.0,1.6,326.0,0.0,,,,,2020-07-01T08:20:00,,,,0,,,,,,,,,,,,,,,,,,,
2020-07-01 10:00:00,1001.5,30.0,76,0.0,0.0,1.9,172.0,0.0,,,,,2020-07-01T09:33:00,,,,0,,,,,,,,,,,,,,,,,,,
2020-07-01 11:00:00,1001.3,31.2,72,0.0,0.0,1.9,194.0,0.0,,,,,2020-07-01T10:18:00,,,,0,,,,,,,,,,,,,,,,,,,
2020-07-01 12:00:00,1000.4,29.6,87,0.2,0.0,2.4,157.0,0.0,,,,,2020-07-01T11:33:00,,,,0,,,,,,,,,,,,,,,,,,,
2020-07-01 13:00:00,1000.3,28.9,90,1.0,344.0,3.8,352.0,3.5,,,,,2020-07-01T13:00:00,,,,0,,,,,,,,,,,,,,,,,,,
2020-07-01 14:00:00,1000.3,26.2,98,0.6,263.0,3.8,353.0,38.5,,,,,2020-07-01T13:01:00,,,,0,,,,,,,,,,,,,,,,,,,
2020-07-01 15:00:00,1000.2,25.6,98,0.1,0.0,2.7,254.0,2.5,,,,,2020-07-01T14:45:00,,,,0,,,,,,,,,,,,,,,,,,,
2020-07-01 16:00:00,1000.8,25.5,97,0.0,0.0,3.3,258.0,1.0,,,,,2020-07-01T15:13:00,,,,0,,,,,,,,,,,,,,,,,,,
2020-07-01 17:00:00,1001.2,25.3,96,0.1,0.0,2.4,267.0,1.5,,,,,2020-07-01T16:50:00,,,,0,,,,,,,,,,,,,,,,,,,
2020-07-01 18:00:00,1001.5,24.8,97,0.0,0.0,1.3,269.0,2.0,,,,,2020-07-01T17:04:00,,,,0,,,,,,,,,,,,,,,,,,,
2020-07-01 19:00:00,1001.4,24.6,97,0.0,0.0,1.3,267.0,1.5,,,,,2020-07-01T18:19:00,,,,0,,,,,,,,,,,,,,,,,,,
2020-07-01 20:00:00,1002.3,24.4,97,0.0,0.0,1.3,350.0,0.0,,,,,2020-07-01T19:54:00,,,,0,,,,,,,,,,,,,,,,,,,
2020-07-01 21:00:00,1003.2,24.3,97,0.0,0.0,1.9,250.0,0.0,,,,,2020-07-01T20:22:00,,,,0,,,,,,,,,,,,,,,,,,,
2020-07-01 22:00:00,1003.7,24.1,97,0.0,0.0,0.8,266.0,0.0,,,,,2020-07-01T21:10:00,,,,0,,,,,,,,,,,,,,,,,,,
2020-07-01 23:00:00,1003.4,24.1,97,0.0,0.0,1.6,339.0,0.0,,,,,2020-07-01T22:38:00,,,,0,,,,,,,,,,,,,,,,,,,
2020-07-02 00:00:00,1002.6,24.0,97,0.0,0.0,0.8,318.0,0.0,,,,,2020-07-01T23:21:00,,,,0,,,,,,,,,,,,,,,,,,,
2020-07-02 01:00:00,1002.7,23.9,97,0.0,0.0,0.0,0.0,0.0,,,,,2020-07-02T00:05:00,,,,0,,,,,,,,,,,,,,,,,,,
2020-07-02 02:00:00,1002.4,23.9,97,0.0,0.0,1.6,268.0,0.0,,,,,2020-07-02T01:25:00,,,,0,,,,,,,,,,,,,,,,,,,
2020-07-02 03:00:00,1001.9,23.9,97,0.0,0.0,0.0,0.0,0.0,,,,,2020-07-02T02:05:00,,,,0,,,,,,,,,,,,,,,,,,,
2020-07-02 04:00:00,1002.0,23.8,97,0.0,0.0,0.0,0.0,0.0,,,,,2020-07-02T03:05:00,,,,0,,,,,,,,,,,,,,,,,,,
2020-07-02 05:00:00,1002.1,23.8,97,0.0,0.0,0.8,339.0,0.0,,,,,2020-07-02T04:07:00,,,,0,,,,,,,,,,,,,,,,,,,
2020-07-02 06:00:00,1002.4,24.1,97,0.0,0.0,0.0,0.0,0.0,,,,,2020-07-02T05:05:00,,,,0,,,,,,,,,,,,,,,,,,,
2020-07-02 07:00:00,1002.7,24.8,96,0.0,0.0,0.0,0.0,0.0,,,,,2020-07-02T06:05:00,,,,0,,,,,,,,,,,,,,,,,,,
2020-07-02 08:00:00,1002.8,26.5,92,0.1,0.0,1.3,342.0,0.0,,,,,2020-07-02T07:05:00,,,,0,,,,,,,,,,,,,,,,,,,
2020-07-02 09:00:00,1002.7,28.7,85,0.0,0.0,1.9,335.0,0.0,,,,,2020-07-02T08:02:00,,,,0,,,,,,,,,,,,,,,,,,,
2020-07-02 10:00:00,1002.7,30.1,77,0.0,0.0,1.1,225.0,0.0,,,,,2020-07-02T09:12:00,,,,0,,,,,,,,,,,,,,,,,,,
2020-07-02 11:00:00,1003.2,31.1,73,0.0,0.0,1.3,172.0,0.0,,,,,2020-07-02T10:07:00,,,,0,,,,,,,,,,,,,,,,,,,
2020-07-02 12:00:00,1002.7,31.5,72,0.1,0.0,3.0,160.0,0.0,,,,,2020-07-02T11:28:00,,,,0,,,,,,,,,,,,,,,,,,,
2020-07-02 13:00:00,1002.2,30.2,75,0.0,0.0,1.6,210.0,0.0,,,,,2020-07-02T12:09:00,,,,0,,,,,,,,,,,,,,,,,,,
2020-07-02 14:00:00,1001.8,30.0,77,0.0,0.0,1.9,181.0,0.0,,,,,2020-07-02T13:59:00,,,,0,,,,,,,,,,,,,,,,,,,
2020-07-02 15:00:00,1001.9,29.0,82,0.0,0.0,1.9,199.0,0.0,,,,,2020-07-02T14:25:00,,,,0,,,,,,,,,,,,,,,,,,,
2020-07-02 16:00:00,1002.0,28.9,79,0.0,0.0,0.8,328.0,0.0,,,,,2020-07-02T15:08:00,,,,0,,,,,,,,,,,,,,,,,,,
2020-07-02 17:00:00,1002.4,27.4,92,0.2,0.0,1.9,277.0,0.0,,,,,2020-07-02T16:29:00,,,,0,,,,,,,,,,,,,,,,,,,
2020-07-02 18:00:00,1004.1,26.2,95,0.6,277.0,3.8,251.0,1.5,,,,,2020-07-02T17:58:00,,,,0,,,,,,,,,,,,,,,,,,,
2020-07-02 19:00:00,1004.7,23.5,95,0.0,0.0,4.9,249.0,3.0,,,,,2020-07-02T18:17:00,,,,0,,,,,,,,,,,,,,,,,,,
2020-07-02 20:00:00,1005.2,23.2,97,0.1,0.0,3.0,238.0,0.5,,,,,2020-07-02T19:28:00,,,,0,,,,,,,,,,,,,,,,,,,
2020-07-02 21:00:00,1006.0,23.5,97,0.0,0.0,1.6,260.0,1.5,,,,,2020-07-02T20:01:00,,,,0,,,,,,,,,,,,,,,,,,,
2020-07-02 22:00:00,1006.3,23.6,97,0.0,0.0,0.8,242.0,1.5,,,,,2020-07-02T21:28:00,,,,0,,,,,,,,,,,,,,,,,,,
2020-07-02 23:00:00,1005.7,23.6,97,0.0,0.0,1.3,270.0,0.0,,,,,2020-07-02T22:50:00,,,,0,,,,,,,,,,,,,,,,,,,
2020-07-03 00:00:00,-9999.7,-99.7,-9997,-99.7,-999.7,1.3,230.0,0.0,,,,,2020-07-02T23:10:00,,,,0,,,,,,,,,,,,,,,,,,,
2020-07-03 01:00:00,1004.0,23.5,97,0.0,0.0,0.8,257.0,0.0,,,,,2020-07-03T00:03:00,,,,0,,,,,,,,,,,,,,,,,,,
2020-07-03 02:00:00,1004.2,23.4,98,0.0,0.0,1.3,262.0,0.0,,,,,2020-07-03T01:10:00,,,,0,,,,,,,,,,,,,,,,,,,
2020-07-03 03:00:00,1004.6,23.4,97,0.1,0.0,1.3,338.0,0.0,,,,,2020-07-03T02:59:00,,,,0,,,,,,,,,,,,,,,,,,,
2020-07-03 04:00:00,1004.9,23.6,97,0.0,0.0,0.0,0.0,0.0,,,,,2020-07-03T03:05:00,,,,0,,,,,,,,,,,,,,,,,,,
2020-07-03 05:00:00,1005.0,23.6,97,0.0,0.0,0.0,0.0,0.5,,,,,2020-07-03T04:05:00,,,,0,,,,,,,,,,,,,,,,,,,
2020-07-03 06:00:00,1005.2,23.7,97,0.0,0.0,0.0,0.0,0.0,,,,,2020-07-03T05:05:00,,,,0,,,,,,,,,,,,,,,,,,,
2020-07-03 07:00:00,1005.3,24.2,97,0.1,0.0,1.3,280.0,0.0,,,,,2020-07-03T06:56:00,,,,0,,,,,,,,,,,,,,,,,,,
2020-07-03 08:00:00,1005.5,26.0,91,0.0,0.0,1.6,329.0,0.0,,,,,2020-07-03T07:42:00,,,,0,,,,,,,,,,,,,,,,,,,
2020-07-03 09:00:00,1005.4,29.3,78,0.0,0.0,1.3,335.0,0.0,,,,,2020-07-03T08:10:00,,,,0,,,,,,,,,,,,,,,,,,,
2020-07-03 10:00:00,1005.2,31.5,72,0.0,0.0,1.3,170.0,0.0,,,,,2020-07-03T09:49:00,,,,0,,,,,,,,,,,,,,,,,,,
2020-07-03 11:00:00,1004.9,30.8,68,0.1,0.0,1.9,201.0,0.0,,,,,2020-07-03T10:41:00,,,,0,,,,,,,,,,,,,,,,,,,
2020-07-03 12:00:00,1004.5,31.5,64,0.1,0.0,3.0,161.0,0.0,,,,,2020-07-03T11:48:00,,,,0,,,,,,,,,,,,,,,,,,,
2020-07-03 13:00:00,1004.0,32.5,62,0.7,181.0,2.7,170.0,0.0,,,,,2020-07-03T12:43:00,,,,0,,,,,,,,,,,,,,,,,,,
2020-07-03 14:00:00,1004.0,31.5,67,0.0,0.0,2.4,173.0,0.0,,,,,2020-07-03T13:11:00,,,,0,,,,,,,,,,,,,,,,,,,
2020-07-03 15:00:00,1004.2,30.6,74,0.0,0.0,3.0,191.0,0.0,,,,,2020-07-03T14:20:00,,,,0,,,,,,,,,,,,,,,,,,,
2020-07-03 16:00:00,1004.1,30.0,74,0.0,0.0,1.1,77.0,0.0,,,,,2020-07-03T15:02:00,,,,0,,,,,,,,,,,,,,,,,,,
2020-07-03 17:00:00,1004.0,29.4,79,0.0,0.0,1.6,153.0,0.0,,,,,2020-07-03T16:10:00,,,,0,,,,,,,,,,,,,,,,,,,
2020-07-03 18:00:00,1004.4,29.3,79,0.0,0.0,0.8,196.0,0.0,,,,,2020-07-03T17:20:00,,,,0,,,,,,,,,,,,,,,,,,,
2020-07-03 19:00:00,1005.0,27.9,88,0.0,0.0,0.0,0.0,0.0,,,,,2020-07-03T18:05:00,,,,0,,,,,,,,,,,,,,,,,,,
2020-07-03 20:00:00,1005.4,27.1,91,0.0,0.0,0.0,0.0,0.0,,,,,2020-07-03T19:05:00,,,,0,,,,,,,,,,,,,,,,,,,
2020-07-03 21:00:00,1005.9,26.3,94,0.1,0.0,1.3,327.0,0.0,,,,,2020-07-03T21:00:00,,,,0,,,,,,,,,,,,,,,,,,,
2020-07-03 22:00:00,1006.4,25.8,94,0.0,0.0,1.6,352.0,0.0,,,,,2020-07-03T21:10:00,,,,0,,,,,,,,,,,,,,,,,,,
2020-07-03 23:00:00,1006.4,25.4,93,0.0,0.0,1.6,257.0,0.0,,,,,2020-07-03T22:09:00,,,,0,,,,,,,,,,,,,,,,,,,
2020-07-04 00:00:00,1006.1,25.1,95,0.0,0.0,0.8,313.0,0.0,,,,,2020-07-03T23:38:00,,,,0,,,,,,,,,,,,,,,,,,,
2020-07-04 01:00:00,1005.7,24.7,95,0.1,0.0,1.3,344.0,0.0,,,,,2020-07-04T00:58:00,,,,0,,,,,,,,,,,,,,,,,,,
2020-07-04 02:00:00,1005.9,24.6,95,0.6,343.0,1.6,334.0,0.0,,,,,2020-07-04T01:11:00,,,,0,,,,,,,,,,,,,,,,,,,
2020-07-04 03:00:00,1005.5,24.5,95,0.0,0.0,1.9,355.0,0.0,,,,,2020-07-04T02:01:00,,,,0,,,,,,,,,,,,,,,,,,,
2020-07-04 04:00:00,1005.3,24.2,96,0.0,0.0,0.0,0.0,0.0,,,,,2020-07-04T03:05:00,,,,0,,,,,,,,,,,,,,,,,,,
2020-07-04 05:00:00,1004.7,24.0,96,0.0,0.0,1.3,343.0,0.0,,,,,2020-07-04T04:52:00,,,,0,,,,,,,,,,,,,,,,,,,
2020-07-04 06:00:00,1005.2,24.1,96,0.0,0.0,0.8,332.0,0.0,,,,,2020-07-04T05:57:00,,,,0,,,,,,,,,,,,,,,,,,,
2020-07-04 07:00:00,1005.3,24.9,94,0.0,0.0,1.3,337.0,0.0,,,,,2020-07-04T06:03:00,,,,0,,,,,,,,,,,,,,,,,,,
2020-07-04 08:00:00,1005.4,26.7,89,0.0,0.0,1.1,325.0,0.0,,,,,2020-07-04T07:24:00,,,,0,,,,,,,,,,,,,,,,,,,
2020-07-04 09:00:00,1005.2,28.7,80,0.0,0.0,1.3,241.0,0.0,,,,,2020-07-04T08:12:00,,,,0,,,,,,,,,,,,,,,,,,,
2020-07-04 10:00:00,1004.9,30.5,74,0.1,0.0,1.3,194.0,0.0,,,,,2020-07-04T09:53:00,,,,0,,,,,,,,,,,,,,,,,,,
2020-07-04 11:00:00,1004.3,33.1,65,0.0,0.0,1.9,186.0,0.0,,,,,2020-07-04T10:07:00,,,,0,,,,,,,,,,,,,,,,,,,
2020-07-04 12:00:00,-9999.7,-99.7,-9997,-99.7,-999.7,1.9,207.0,0.0,,,,,2020-07-04T11:45:00,,,,0,,,,,,,,,,,,,,,,,,,
2020-07-04 13:00:00,1003.5,32.5,68,0.0,0.0,1.9,225.0,0.0,,,,,2020-07-04T12:26:00,,,,0,,,,,,,,,,,,,,,,,,,
2020-07-04 14:00:00,1002.9,33.6,63,0.2,0.0,1.9,322.0,0.0,,,,,2020-07-04T13:31:00,,,,0,,,,,,,,,,,,,,,,,,,
2020-07-04 15:00:00,-9999.7,-99.7,-9997,-99.7,-999.7,2.2,183.0,0.0,,,,,2020-07-04T14:03:00,,,,0,,,,,,,,,,,,,,,,,,,
2020-07-04 16:00:00,1002.5,31.0,69,0.0,0.0,3.0,182.0,0.0,,,,,2020-07-04T15:23:00,,,,0,,,,,,,,,,,,,,,,,,,
2020-07-04 17:00:00,1002.6,29.9,73,0.1,0.0,3.0,181.0,0.0,,,,,2020-07-04T16:14:00,,,,0,,,,,,,,,,,,,,,,,,,
2020-07-04 18:00:00,1002.9,29.0,82,0.0,0.0,2.4,166.0,0.0,,,,,2020-07-04T17:10:00,,,,0,,,,,,,,,,,,,,,,,,,
2020-07-04 19:00:00,1003.6,27.2,94,0.0,0.0,1.3,270.0,0.0,,,,,2020-07-04T18:26:00,,,,0,,,,,,,,,,,,,,,,,,,
2020-07-04 20:00:00,1004.2,26.5,93,0.0,0.0,1.9,248.0,0.0,,,,,2020-07-04T19:12:00,,,,0,,,,,,,,,,,,,,,,,,,
2020-07-04 21:00:00,1004.8,26.0,94,0.0,0.0,1.3,347.0,0.0,,,,,2020-07-04T20:26:00,,,,0,,,,,,,,,,,,,,,,,,,
2020-07-04 22:00:00,1004.9,25.5,95,0.1,0.0,1.9,264.0,0.0,,,,,2020-07-04T21:22:00,,,,0,,,,,,,,,,,,,,,,,,,
2020-07-04 23:00:00,1004.2,25.3,95,0.0,0.0,1.6,332.0,0.0,,,,,2020-07-04T22:37:00,,,,0,,,,,,,,,,,,,,,,,,,
2020-07-05 00:00:00,1003.9,25.0,95,0.0,0.0,0.0,0.0,0.0,,,,,2020-07-04T23:05:00,,,,0,,,,,,,,,,,,,,,,,,,
2020-07-05 01:00:00,1003.5,24.8,95,0.0,0.0,0.8,352.0,0.0,,,,,2020-07-05T00:19:00,,,,0,,,,,,,,,,,,,,,,,,,
2020-07-05 02:00:00,-9999.7,-99.7,-9997,-99.7,-999.7,1.6,239.0,0.0,,,,,2020-07-05T01:10:00,,,,0,,,,,,,,,,,,,,,,,,,
2020-07-05 03:00:00,-9999.7,-99.7,-9997,-99.7,-999.7,,,0.0,,,,,,,,,0,,,,,,,,,,,,,,,,,,,
2020-07-05 04:00:00,-9999.7,-99.7,-9997,-99.7,-999.7,0.0,0.0,0.0,,,,,2020-07-05T03:35:00,,,,0,,,,,,,,,,,,,,,,,,,
2020-07-05 05:00:00,-9999.7,-99.7,-9997,-99.7,-999.7,0.0,0.0,0.0,,,,,2020-07-05T04:35:00,,,,0,,,,,,,,,,,,,,,,,,,
2020-07-05 06:00:00,1003.0,24.1,95,0.0,0.0,0.0,0.0,0.0,,,,,2020-07-05T05:55:00,,,,0,,,,,,,,,,,,,,,,,,,
2020-07-05 07:00:00,-9999.7,-99.7,-9997,-99.7,-999.7,0.8,355.0,0.0,,,,,2020-07-05T06:35:00,,,,0,,,,,,,,,,,,,,,,,,,
2020-07-05 08:00:00,-9999.7,-99.7,-9997,-99.7,-999.7,,,0.0,,,,,,,,,0,,,,,,,,,,,,,,,,,,,
2020-07-05 09:00:00,-9999.7,-99.7,-9997,-99.7,-999.7,,,0.0,,,,,,,,,0,,,,,,,,,,,,,,,,,,,
2020-07-05 10:00:00,1002.3,31.6,68,0.1,0.0,1.9,169.0,0.0,,,,,2020-07-05T09:56:00,,,,0,,,,,,,,,,,,,,,,,,,
2020-07-05 11:00:00,1001.9,32.8,61,0.0,0.0,2.2,154.0,0.0,,,,,2020-07-05T10:36:00,,,,0,,,,,,,,,,,,,,,,,,,
2020-07-05 12:00:00,1001.7,33.6,60,0.0,0.0,1.9,233.0,0.0,,,,,2020-07-05T11:10:00,,,,0,,,,,,,,,,,,,,,,,,,
2020-07-05 13:00:00,1001.2,32.5,61,0.3,172.0,3.3,165.0,0.0,,,,,2020-07-05T12:27:00,,,,0,,,,,,,,,,,,,,,,,,,
2020-07-05 14:00:00,1001.1,33.0,60,0.6,188.0,2.7,205.0,0.0,,,,,2020-07-05T13:05:00,,,,0,,,,,,,,,,,,,,,,,,,
2020-07-05 15:00:00,1001.2,31.7,69,0.0,0.0,2.4,162.0,0.0,,,,,2020-07-05T14:02:00,,,,0,,,,,,,,,,,,,,,,,,,
2020-07-05 16:00:00,1001.8,28.5,86,0.0,0.0,2.4,231.0,0.0,,,,,2020-07-05T15:51:00,,,,0,,,,,,,,,,,,,,,,,,,
2020-07-05 17:00:00,1001.1,27.3,90,0.0,0.0,1.9,228.0,0.5,,,,,2020-07-05T16:05:00,,,,0,,,,,,,,,,,,,,,,,,,
2020-07-05 18:00:00,1001.1,27.9,89,0.0,0.0,0.0,0.0,0.0,,,,,2020-07-05T17:05:00,,,,0,,,,,,,,,,,,,,,,,,,
2020-07-05 19:00:00,1001.6,27.4,92,0.0,0.0,0.0,0.0,0.0,,,,,2020-07-05T18:05:00,,,,0,,,,,,,,,,,,,,,,,,,
2020-07-05 20:00:00,-9999.7,-99.7,-9997,-99.7,-999.7,0.8,347.0,0.0,,,,,2020-07-05T19:36:00,,,,0,,,,,,,,,,,,,,,,,,,
2020-07-05 21:00:00,1002.0,26.1,94,0.0,0.0,0.8,230.0,0.0,,,,,2020-07-05T20:08:00,,,,0,,,,,,,,,,,,,,,,,,,
2020-07-05 22:00:00,1002.3,25.6,94,0.0,0.0,1.3,285.0,0.0,,,,,2020-07-05T21:52:00,,,,0,,,,,,,,,,,,,,,,,,,
2020-07-05 23:00:00,1002.2,25.3,94,0.0,0.0,1.3,335.0,0.0,,,,,2020-07-05T22:34:00,,,,0,,,,,,,,,,,,,,,,,,,
2020-07-06 00:00:00,1001.5,24.9,95,0.0,0.0,0.8,275.0,0.0,,,,,2020-07-05T23:04:00,,,,0,,,,,,,,,,,,,,,,,,,
2020-07-06 01:00:00,1001.2,24.6,95,0.0,0.0,1.6,330.0,0.0,,,,,2020-07-06T00:49:00,,,,0,,,,,,,,,,,,,,,,,,,
2020-07-06 02:00:00,1000.8,24.3,95,0.1,0.0,1.1,309.0,0.0,,,,,2020-07-06T01:48:00,,,,0,,,,,,,,,,,,,,,,,,,
2020-07-06 03:00:00,1000.6,24.2,95,0.0,0.0,1.3,342.0,0.0,,,,,2020-07-06T02:03:00,,,,0,,,,,,,,,,,,,,,,,,,
2020-07-06 04:00:00,1000.8,24.2,95,0.0,0.0,0.8,335.0,0.0,,,,,2020-07-06T03:59:00,,,,0,,,,,,,,,,,,,,,,,,,
2020-07-06 05:00:00,1000.8,23.8,96,0.0,0.0,0.8,326.0,0.0,,,,,2020-07-06T04:21:00,,,,0,,,,,,,,,,,,,,,,,,,
2020-07-06 06:00:00,1001.4,24.0,95,0.0,0.0,0.8,343.0,0.0,,,,,2020-07-06T05:23:00,,,,0,,,,,,,,,,,,,,,,,,,
2020-07-06 07:00:00,1002.0,25.5,90,0.1,0.0,1.3,316.0,0.0,,,,,2020-07-06T06:58:00,,,,0,,,,,,,,,,,,,,,,,,,
2020-07-06 08:00:00,1002.4,27.9,85,0.0,0.0,1.3,355.0,0.0,,,,,2020-07-06T07:01:00,,,,0,,,,,,,,,,,,,,,,,,,
2020-07-06 09:00:00,1002.6,29.3,77,0.0,0.0,1.9,153.0,0.0,,,,,2020-07-06T08:04:00,,,,0,,,,,,,,,,,,,,,,,,,
2020-07-06 10:00:00,1002.8,30.3,68,0.0,0.0,1.9,348.0,0.0,,,,,2020-07-06T09:16:00,,,,0,,,,,,,,,,,,,,,,,,,
2020-07-06 11:00:00,1002.9,31.1,70,0.2,0.0,3.0,181.0,0.0,,,,,2020-07-06T10:57:00,,,,0,,,,,,,,,,,,,,,,,,,
2020-07-06 12:00:00,1002.4,32.3,68,0.2,0.0,1.9,192.0,0.0,,,,,2020-07-06T11:08:00,,,,0,,,,,,,,,,,,,,,,,,,
2020-07-06 13:00:00,1002.1,32.7,65,0.4,206.0,2.4,131.0,0.0,,,,,2020-07-06T12:05:00,,,,0,,,,,,,,,,,,,,,,,,,
2020-07-06 14:00:00,1001.7,32.3,62,0.1,0.0,3.3,171.0,0.0,,,,,2020-07-06T13:05:00,,,,0,,,,,,,,,,,,,,,,,,,
2020-07-06 15:00:00,1001.3,32.4,60,0.1,0.0,2.4,191.0,0.0,,,,,2020-07-06T14:36:00,,,,0,,,,,,,,,,,,,,,,,,,
2020-07-06 16:00:00,1001.4,31.1,68,0.0,0.0,3.0,153.0,0.0,,,,,2020-07-06T15:10:00,,,,0,,,,,,,,,,,,,,,,,,,
2020-07-06 17:00:00,1002.0,30.3,73,0.0,0.0,1.3,204.0,0.0,,,,,2020-07-06T16:31:00,,,,0,,,,,,,,,,,,,,,,,,,
2020-07-06 18:00:00,1002.4,29.4,77,0.0,0.0,1.9,167.0,0.0,,,,,2020-07-06T17:12:00,,,,0,,,,,,,,,,,,,,,,,,,
2020-07-06 19:00:00,1002.7,28.4,84,0.0,0.0,1.3,158.0,0.0,,,,,2020-07-06T18:29:00,,,,0,,,,,,,,,,,,,,,,,,,
2020-07-06 20:00:00,1003.1,27.8,86,0.0,0.0,1.1,285.0,0.0,,,,,2020-07-06T19:30:00,,,,0,,,,,,,,,,,,,,,,,,,
2020-07-06 21:00:00,1003.5,27.4,88,0.0,0.0,0.8,276.0,0.0,,,,,2020-07-06T20:07:00,,,,0,,,,,,,,,,,,,,,,,,,
2020-07-06 22:00:00,1004.2,26.8,91,0.0,0.0,1.3,341.0,0.0,,,,,2020-07-06T21:53:00,,,,0,,,,,,,,,,,,,,,,,,,
2020-07-06 23:00:00,1004.0,26.5,93,0.0,0.0,1.3,306.0,0.0,,,,,2020-07-06T22:30:00,,,,0,,,,,,,,,,,,,,,,,,,
2020-07-07 00:00:00,1003.8,26.3,93,0.0,0.0,3.0,323.0,0.0,,,,,2020-07-06T23:53:00,,,,0,,,,,,,,,,,,,,,,,,,
2020-07-07 01:00:00,1003.7,26.1,93,0.1,0.0,1.9,249.0,0.0,,,,,2020-07-07T00:10:00,,,,0,,,,,,,,,,,,,,,,,,,
2020-07-07 02:00:00,1003.7,26.1,93,0.0,0.0,1.3,326.0,0.0,,,,,2020-07-07T01:01:00,,,,0,,,,,,,,,,,,,,,,,,,
2020-07-07 03:00:00,1003.8,25.9,94,0.0,0.0,1.3,343.0,0.0,,,,,2020-07-07T02:09:00,,,,0,,,,,,,,,,,,,,,,,,,
2020-07-07 04:00:00,1003.9,26.0,94,0.0,0.0,0.8,263.0,0.0,,,,,2020-07-07T03:55:00,,,,0,,,,,,,,,,,,,,,,,,,
2020-07-07 05:00:00,1004.0,25.8,95,0.0,0.0,0.0,0.0,0.0,,,,,2020-07-07T04:05:00,,,,0,,,,,,,,,,,,,,,,,,,
2020-07-07 06:00:00,1004.3,25.6,95,0.0,0.0,1.3,354.0,0.0,,,,,2020-07-07T05:28:00,,,,0,,,,,,,,,,,,,,,,,,,
2020-07-07 07:00:00,1004.6,26.4,90,0.1,0.0,1.6,330.0,0.0,,,,,2020-07-07T06:41:00,,,,0,,,,,,,,,,,,,,,,,,,
2020-07-07 08:00:00,1004.6,28.3,80,0.0,0.0,1.3,324.0,0.0,,,,,2020-07-07T07:02:00,,,,0,,,,,,,,,,,,,,,,,,,
2020-07-07 09:00:00,1004.7,29.8,74,0.0,0.0,0.8,189.0,0.0,,,,,2020-07-07T08:36:00,,,,0,,,,,,,,,,,,,,,,,,,
2020-07-07 10:00:00,1004.7,30.9,72,0.7,346.0,2.4,346.0,0.0,,,,,2020-07-07T09:58:00,,,,0,,,,,,,,,,,,,,,,,,,
2020-07-07 11:00:00,1004.7,33.1,64,0.1,0.0,2.4,330.0,0.0,,,,,2020-07-07T10:15:00,,,,0,,,,,,,,,,,,,,,,,,,
2020-07-07 12:00:00,1004.0,31.9,65,0.0,0.0,4.9,346.0,0.0,,,,,2020-07-07T11:30:00,,,,0,,,,,,,,,,,,,,,,,,,
2020-07-07 13:00:00,1003.9,30.9,74,0.0,0.0,3.3,123.0,0.0,,,,,2020-07-07T12:19:00,,,,0,,,,,,,,,,,,,,,,,,,
2020-07-07 14:00:00,1004.0,30.5,76,0.1,0.0,1.9,178.0,0.0,,,,,2020-07-07T14:00:00,,,,0,,,,,,,,,,,,,,,,,,,
2020-07-07 15:00:00,1003.5,29.9,80,0.0,0.0,2.7,122.0,0.0,,,,,2020-07-07T14:42:00,,,,0,,,,,,,,,,,,,,,,,,,
2020-07-07 16:00:00,1003.8,27.9,92,0.0,0.0,0.8,200.0,1.5,,,,,2020-07-07T15:05:00,,,,0,,,,,,,,,,,,,,,,,,,
2020-07-07 17:00:00,1003.8,27.5,94,0.0,0.0,1.9,254.0,0.0,,,,,2020-07-07T16:26:00,,,,0,,,,,,,,,,,,,,,,,,,
2020-07-07 18:00:00,1003.5,27.2,95,0.0,0.0,1.9,328.0,0.0,,,,,2020-07-07T17:23:00,,,,0,,,,,,,,,,,,,,,,,,,
2020-07-07 19:00:00,1003.6,27.0,96,0.0,0.0,0.8,240.0,0.0,,,,,2020-07-07T18:03:00,,,,0,,,,,,,,,,,,,,,,,,,
2020-07-07 20:00:00,1004.0,26.5,96,0.2,0.0,1.3,311.0,0.0,,,,,2020-07-07T19:56:00,,,,0,,,,,,,,,,,,,,,,,,,
2020-07-07 21:00:00,1004.6,26.0,95,0.0,0.0,1.6,275.0,0.0,,,,,2020-07-07T20:28:00,,,,0,,,,,,,,,,,,,,,,,,,
2020-07-07 22:00:00,1004.7,25.6,96,0.0,0.0,0.8,330.0,0.0,,,,,2020-07-07T21:14:00,,,,0,,,,,,,,,,,,,,,,,,,
2020-07-07 23:00:00,1004.5,25.4,96,0.0,0.0,1.3,337.0,0.0,,,,,2020-07-07T22:28:00,,,,0,,,,,,,,,,,,,,,,,,,
2020-07-08 00:00:00,1004.1,25.1,96,0.0,0.0,0.8,323.0,0.0,,,,,2020-07-07T23:11:00,,,,0,,,,,,,,,,,,,,,,,,,
2020-07-08 01:00:00,1003.4,24.8,96,0.0,0.0,0.0,0.0,0.0,,,,,2020-07-08T00:05:00,,,,0,,,,,,,,,,,,,,,,,,,
2020-07-08 02:00:00,1003.0,24.6,97,0.0,0.0,0.8,328.0,0.0,,,,,2020-07-08T01:58:00,,,,0,,,,,,,,,,,,,,,,,,,
2020-07-08 03:00:00,1002.9,24.5,96,0.0,0.0,0.8,324.0,0.0,,,,,2020-07-08T02:09:00,,,,0,,,,,,,,,,,,,,,,,,,
2020-07-08 04:00:00,1002.8,24.5,96,0.0,0.0,1.1,321.0,0.0,,,,,2020-07-08T03:29:00,,,,0,,,,,,,,,,,,,,,,,,,
2020-07-08 05:00:00,1002.5,24.4,96,0.0,0.0,0.0,0.0,0.0,,,,,2020-07-08T04:05:00,,,,0,,,,,,,,,,,,,,,,,,,
2020-07-08 06:00:00,1002.4,24.5,96,0.0,0.0,0.0,0.0,0.0,,,,,2020-07-08T05:05:00,,,,0,,,,,,,,,,,,,,,,,,,
2020-07-08 07:00:00,1002.4,25.2,94,0.0,0.0,1.3,12.0,0.0,,,,,2020-07-08T06:40:00,,,,0,,,,,,,,,,,,,,,,,,,
2020-07-08 08:00:00,1002.5,27.6,88,0.0,0.0,0.0,0.0,0.0,,,,,2020-07-08T07:05:00,,,,0,,,,,,,,,,,,,,,,,,,
2020-07-08 09:00:00,1002.2,29.9,78,0.0,0.0,1.3,193.0,0.0,,,,,2020-07-08T08:51:00,,,,0,,,,,,,,,,,,,,,,,,,
2020-07-08 10:00:00,1001.8,31.9,67,0.0,0.0,1.9,219.0,0.0,,,,,2020-07-08T09:10:00,,,,0,,,,,,,,,,,,,,,,,,,
2020-07-08 11:00:00,1001.4,32.0,71,0.0,0.0,1.3,192.0,0.0,,,,,2020-07-08T10:54:00,,,,0,,,,,,,,,,,,,,,,,,,
2020-07-08 12:00:00,1001.0,32.0,68,0.0,0.0,3.3,163.0,0.0,,,,,2020-07-08T11:33:00,,,,0,,,,,,,,,,,,,,,,,,,
2020-07-08 13:00:00,1000.1,33.9,67,0.2,0.0,1.9,192.0,0.0,,,,,2020-07-08T12:14:00,,,,0,,,,,,,,,,,,,,,,,,,
2020-07-08 14:00:00,999.5,31.2,69,0.4,156.0,3.3,163.0,0.0,,,,,2020-07-08T13:57:00,,,,0,,,,,,,,,,,,,,,,,,,
2020-07-08 15:00:00,999.8,28.7,84,0.0,0.0,3.3,205.0,1.0,,,,,2020-07-08T14:09:00,,,,0,,,,,,,,,,,,,,,,,,,
2020-07-08 16:00:00,1000.2,27.9,91,0.0,0.0,1.3,345.0,1.0,,,,,2020-07-08T15:47:00,,,,0,,,,,,,,,,,,,,,,,,,
2020-07-08 17:00:00,1000.5,26.6,96,0.2,0.0,2.2,264.0,7.5,,,,,2020-07-08T16:28:00,,,,0,,,,,,,,,,,,,,,,,,,
2020-07-08 18:00:00,1000.8,24.4,96,0.1,0.0,3.3,291.0,6.0,,,,,2020-07-08T17:11:00,,,,0,,,,,,,,,,,,,,,,,,,
2020-07-08 19:00:00,1000.7,24.2,97,0.0,0.0,2.4,293.0,0.5,,,,,2020-07-08T18:16:00,,,,0,,,,,,,,,,,,,,,,,,,
2020-07-08 20:00:00,1000.6,24.1,96,0.0,0.0,1.3,279.0,0.0,,,,,2020-07-08T19:45:00,,,,0,,,,,,,,,,,,,,,,,,,
2020-07-08 21:00:00,1000.8,24.2,97,0.1,0.0,1.9,259.0,0.0,,,,,2020-07-08T20:55:00,,,,0,,,,,,,,,,,,,,,,,,,
2020-07-08 22:00:00,1001.1,24.4,97,0.0,0.0,1.3,264.0,0.0,,,,,2020-07-08T21:04:00,,,,0,,,,,,,,,,,,,,,,,,,
2020-07-08 23:00:00,1000.9,24.3,97,0.0,0.0,0.0,0.0,0.0,,,,,2020-07-08T22:05:00,,,,0,,,,,,,,,,,,,,,,,,,
2020-07-09 00:00:00,1000.0,24.3,97,0.0,0.0,1.1,274.0,0.0,,,,,2020-07-08T23:55:00,,,,0,,,,,,,,,,,,,,,,,,,
2020-07-09 01:00:00,999.4,24.3,97,0.1,0.0,1.3,328.0,0.0,,,,,2020-07-09T00:02:00,,,,0,,,,,,,,,,,,,,,,,,,
2020-07-09 02:00:00,999.2,24.2,97,0.0,0.0,0.8,314.0,0.0,,,,,2020-07-09T01:02:00,,,,0,,,,,,,,,,,,,,,,,,,
2020-07-09 03:00:00,998.8,24.2,97,0.0,0.0,1.6,337.0,0.0,,,,,2020-07-09T02:04:00,,,,0,,,,,,,,,,,,,,,,,,,
2020-07-09 04:00:00,998.7,24.2,97,0.0,0.0,1.3,346.0,0.0,,,,,2020-07-09T03:49:00,,,,0,,,,,,,,,,,,,,,,,,,
2020-07-09 05:00:00,998.8,24.1,97,0.0,0.0,0.8,258.0,0.0,,,,,2020-07-09T04:33:00,,,,0,,,,,,,,,,,,,,,,,,,
2020-07-09 06:00:00,998.7,24.2,97,0.0,0.0,0.0,0.0,0.0,,,,,2020-07-09T05:05:00,,,,0,,,,,,,,,,,,,,,,,,,
2020-07-09 07:00:00,998.9,25.1,94,0.0,0.0,0.8,307.0,0.0,,,,,2020-07-09T06:14:00,,,,0,,,,,,,,,,,,,,,,,,,
2020-07-09 08:00:00,998.8,27.2,88,0.0,0.0,1.6,326.0,0.0,,,,,2020-07-09T07:30:00,,,,0,,,,,,,,,,,,,,,,,,,
2020-07-09 09:00:00,998.8,29.5,77,0.2,0.0,2.4,247.0,0.0,,,,,2020-07-09T08:51:00,,,,0,,,,,,,,,,,,,,,,,,,
2020-07-09 10:00:00,998.5,31.0,67,0.1,0.0,2.4,346.0,0.0,,,,,2020-07-09T09:11:00,,,,0,,,,,,,,,,,,,,,,,,,
2020-07-09 11:00:00,998.7,32.0,65,0.0,0.0,1.9,214.0,0.0,,,,,2020-07-09T10:07:00,,,,0,,,,,,,,,,,,,,,,,,,
2020-07-09 12:00:00,998.5,31.8,65,1.2,337.0,3.8,346.0,0.0,,,,,2020-07-09T11:58:00,,,,0,,,,,,,,,,,,,,,,,,,
2020-07-09 13:00:00,997.9,31.9,67,0.1,0.0,2.7,20.0,0.0,,,,,2020-07-09T12:01:00,,,,0,,,,,,,,,,,,,,,,,,,
2020-07-09 14:00:00,997.8,30.6,72,0.1,0.0,3.0,178.0,0.0,,,,,2020-07-09T13:50:00,,,,0,,,,,,,,,,,,,,,,,,,
2020-07-09 15:00:00,997.5,30.5,79,0.0,0.0,1.9,176.0,0.0,,,,,2020-07-09T14:10:00,,,,0,,,,,,,,,,,,,,,,,,,
2020-07-09 16:00:00,997.6,30.0,80,0.0,0.0,1.3,198.0,0.0,,,,,2020-07-09T15:54:00,,,,0,,,,,,,,,,,,,,,,,,,
2020-07-09 17:00:00,997.6,29.6,83,0.0,0.0,1.1,122.0,0.0,,,,,2020-07-09T16:31:00,,,,0,,,,,,,,,,,,,,,,,,,
2020-07-09 18:00:00,998.3,28.6,89,0.0,0.0,0.8,205.0,0.0,,,,,2020-07-09T17:02:00,,,,0,,,,,,,,,,,,,,,,,,,
2020-07-09 19:00:00,998.5,28.0,91,0.0,0.0,0.8,197.0,0.0,,,,,2020-07-09T18:06:00,,,,0,,,,,,,,,,,,,,,,,,,
2020-07-09 20:00:00,999.0,27.5,93,0.0,0.0,0.8,294.0,0.0,,,,,2020-07-09T19:20:00,,,,0,,,,,,,,,,,,,,,,,,,
2020-07-09 21:00:00,999.3,27.2,94,0.0,0.0,1.1,342.0,0.0,,,,,2020-07-09T20:11:00,,,,0,,,,,,,,,,,,,,,,,,,
2020-07-09 22:00:00,999.6,26.8,95,0.0,0.0,0.8,275.0,0.0,,,,,2020-07-09T21:49:00,,,,0,,,,,,,,,,,,,,,,,,,
2020-07-09 23:00:00,999.6,26.6,94,0.1,0.0,1.3,281.0,0.0,,,,,2020-07-09T22:11:00,,,,0,,,,,,,,,,,,,,,,,,,
2020-07-10 00:00:00,999.8,26.4,95,0.0,0.0,0.8,328.0,0.0,,,,,2020-07-09T23:01:00,,,,0,,,,,,,,,,,,,,,,,,,
2020-07-10 01:00:00,999.4,26.2,96,0.0,0.0,0.8,336.0,0.0,,,,,2020-07-10T00:33:00,,,,0,,,,,,,,,,,,,,,,,,,
2020-07-10 02:00:00,999.4,25.9,96,0.4,333.0,1.9,318.0,0.0,,,,,2020-07-10T01:52:00,,,,0,,,,,,,,,,,,,,,,,,,
2020-07-10 03:00:00,999.5,25.8,95,0.0,0.0,1.9,342.0,0.0,,,,,2020-07-10T02:23:00,,,,0,,,,,,,,,,,,,,,,,,,
2020-07-10 04:00:00,999.5,25.3,96,0.0,0.0,0.0,0.0,0.0,,,,,2020-07-10T03:05:00,,,,0,,,,,,,,,,,,,,,,,,,
2020-07-10 05:00:00,999.6,24.8,96,0.0,0.0,0.0,0.0,0.0,,,,,2020-07-10T04:05:00,,,,0,,,,,,,,,,,,,,,,,,,
2020-07-10 06:00:00,1000.1,24.9,96,0.0,0.0,0.0,0.0,0.0,,,,,2020-07-10T05:15:00,,,,0,,,,,,,,,,,,,,,,,,,
2020-07-10 07:00:00,1001.1,26.4,89,0.0,0.0,0.0,0.0,0.0,,,,,2020-07-10T06:05:00,,,,0,,,,,,,,,,,,,,,,,,,
2020-07-10 08:00:00,1001.4,29.5,78,0.3,333.0,1.9,344.0,0.0,,,,,2020-07-10T07:39:00,,,,0,,,,,,,,,,,,,,,,,,,
2020-07-10 09:00:00,1001.5,31.1,74,0.0,0.0,2.2,336.0,0.0,,,,,2020-07-10T08:22:00,,,,0,,,,,,,,,,,,,,,,,,,
2020-07-10 10:00:00,-9999.7,-99.7,-9997,-99.7,-999.7,1.3,201.0,0.0,,,,,2020-07-10T09:43:00,,,,0,,,,,,,,,,,,,,,,,,,
2020-07-10 11:00:00,1001.7,33.3,64,0.1,0.0,2.4,340.0,0.0,,,,,2020-07-10T10:40:00,,,,0,,,,,,,,,,,,,,,,,,,
2020-07-10 12:00:00,1001.5,34.4,60,0.4,337.0,2.4,210.0,0.0,,,,,2020-07-10T11:35:00,,,,0,,,,,,,,,,,,,,,,,,,
2020-07-10 13:00:00,1001.2,34.0,62,0.1,0.0,1.9,172.0,0.0,,,,,2020-07-10T12:56:00,,,,0,,,,,,,,,,,,,,,,,,,
2020-07-10 14:00:00,1001.1,33.4,59,1.3,183.0,2.7,190.0,0.0,,,,,2020-07-10T13:54:00,,,,0,,,,,,,,,,,,,,,,,,,
2020-07-10 15:00:00,1001.4,32.3,60,0.0,0.0,3.0,167.0,0.0,,,,,2020-07-10T14:29:00,,,,0,,,,,,,,,,,,,,,,,,,
2020-07-10 16:00:00,1001.3,30.8,63,0.0,0.0,1.1,161.0,0.0,,,,,2020-07-10T15:22:00,,,,0,,,,,,,,,,,,,,,,,,,
2020-07-10 17:00:00,1001.5,29.6,78,0.5,276.0,2.4,329.0,0.0,,,,,2020-07-10T16:47:00,,,,0,,,,,,,,,,,,,,,,,,,
2020-07-10 18:00:00,1001.9,29.1,81,0.0,0.0,2.2,269.0,0.0,,,,,2020-07-10T17:16:00,,,,0,,,,,,,,,,,,,,,,,,,
2020-07-10 19:00:00,1002.4,27.6,87,0.0,0.0,1.3,17.0,0.0,,,,,2020-07-10T18:29:00,,,,0,,,,,,,,,,,,,,,,,,,
2020-07-10 20:00:00,1003.3,27.1,89,0.0,0.0,1.6,271.0,0.0,,,,,2020-07-10T19:04:00,,,,0,,,,,,,,,,,,,,,,,,,
2020-07-10 21:00:00,1003.7,26.3,91,0.0,0.0,1.3,260.0,0.0,,,,,2020-07-10T20:11:00,,,,0,,,,,,,,,,,,,,,,,,,
2020-07-10 22:00:00,1004.0,26.1,92,0.0,0.0,1.3,345.0,0.0,,,,,2020-07-10T21:41:00,,,,0,,,,,,,,,,,,,,,,,,,
2020-07-10 23:00:00,1003.6,25.7,93,0.0,0.0,1.3,343.0,0.0,,,,,2020-07-10T22:14:00,,,,0,,,,,,,,,,,,,,,,,,,
2020-07-11 00:00:00,1003.7,25.5,93,0.0,0.0,1.3,344.0,0.0,,,,,2020-07-10T23:52:00,,,,0,,,,,,,,,,,,,,,,,,,
2020-07-11 01:00:00,1003.3,25.2,95,0.1,0.0,1.3,317.0,0.0,,,,,2020-07-11T00:30:00,,,,0,,,,,,,,,,,,,,,,,,,
2020-07-11 02:00:00,1002.9,24.9,94,0.0,0.0,1.6,284.0,0.0,,,,,2020-07-11T01:11:00,,,,0,,,,,,,,,,,,,,,,,,,
2020-07-11 03:00:00,1003.1,24.7,94,0.0,0.0,1.6,260.0,0.0,,,,,2020-07-11T02:41:00,,,,0,,,,,,,,,,,,,,,,,,,
2020-07-11 04:00:00,1003.5,24.5,94,0.0,0.0,0.8,19.0,0.0,,,,,2020-07-11T03:23:00,,,,0,,,,,,,,,,,,,,,,,,,
2020-07-11 05:00:00,1003.9,24.3,95,0.0,0.0,0.0,0.0,0.0,,,,,2020-07-11T04:05:00,,,,0,,,,,,,,,,,,,,,,,,,
2020-07-11 06:00:00,1004.2,24.3,95,0.0,0.0,0.0,0.0,0.0,,,,,2020-07-11T05:05:00,,,,0,,,,,,,,,,,,,,,,,,,
2020-07-11 07:00:00,1004.5,25.8,90,0.3,336.0,1.9,332.0,0.0,,,,,2020-07-11T06:50:00,,,,0,,,,,,,,,,,,,,,,,,,
2020-07-11 08:00:00,1004.6,28.5,81,0.0,0.0,1.6,341.0,0.0,,,,,2020-07-11T07:01:00,,,,0,,,,,,,,,,,,,,,,,,,
2020-07-11 09:00:00,1004.2,30.8,68,0.1,0.0,1.9,230.0,0.0,,,,,2020-07-11T08:45:00,,,,0,,,,,,,,,,,,,,,,,,,
2020-07-11 10:00:00,1003.8,31.7,61,0.0,0.0,3.0,320.0,0.0,,,,,2020-07-11T09:20:00,,,,0,,,,,,,,,,,,,,,,,,,
2020-07-11 11:00:00,1003.5,32.7,63,0.4,171.0,3.3,173.0,0.0,,,,,2020-07-11T10:37:00,,,,0,,,,,,,,,,,,,,,,,,,
2020-07-11 12:00:00,1003.1,32.9,66,0.4,189.0,2.4,164.0,0.0,,,,,2020-07-11T11:13:00,,,,0,,,,,,,,,,,,,,,,,,,
2020-07-11 13:00:00,1002.7,33.0,66,0.3,193.0,2.4,181.0,0.0,,,,,2020-07-11T12:30:00,,,,0,,,,,,,,,,,,,,,,,,,
2020-07-11 14:00:00,1002.9,32.3,66,0.0,0.0,1.9,199.0,0.0,,,,,2020-07-11T13:07:00,,,,0,,,,,,,,,,,,,,,,,,,
2020-07-11 15:00:00,1002.6,31.7,67,0.0,0.0,2.4,303.0,0.0,,,,,2020-07-11T14:07:00,,,,0,,,,,,,,,,,,,,,,,,,
2020-07-11 16:00:00,1002.5,31.6,66,0.0,0.0,1.9,179.0,0.0,,,,,2020-07-11T15:10:00,,,,0,,,,,,,,,,,,,,,,,,,
2020-07-11 17:00:00,1002.3,30.5,68,0.0,0.0,2.2,193.0,0.0,,,,,2020-07-11T16:21:00,,,,0,,,,,,,,,,,,,,,,,,,
2020-07-11 18:00:00,1003.1,29.7,73,0.0,0.0,0.8,185.0,0.0,,,,,2020-07-11T17:03:00,,,,0,,,,,,,,,,,,,,,,,,,
2020-07-11 19:00:00,1003.7,28.2,80,0.0,0.0,0.0,0.0,0.0,,,,,2020-07-11T18:05:00,,,,0,,,,,,,,,,,,,,,,,,,
2020-07-11 20:00:00,1003.9,27.4,85,0.1,0.0,1.3,342.0,0.0,,,,,2020-07-11T20:00:00,,,,0,,,,,,,,,,,,,,,,,,,
2020-07-11 21:00:00,1004.4,26.8,89,0.0,0.0,0.8,325.0,0.0,,,,,2020-07-11T20:04:00,,,,0,,,,,,,,,,,,,,,,,,,
2020-07-11 22:00:00,1004.6,25.9,93,0.0,0.0,1.1,294.0,0.0,,,,,2020-07-11T21:27:00,,,,0,,,,,,,,,,,,,,,,,,,
2020-07-11 23:00:00,1004.8,25.7,93,0.0,0.0,0.8,298.0,0.0,,,,,2020-07-11T22:26:00,,,,0,,,,,,,,,,,,,,,,,,,
2020-07-12 00:00:00,1004.4,25.4,93,0.0,0.0,1.3,335.0,0.0,,,,,2020-07-11T23:07:00,,,,0,,,,,,,,,,,,,,,,,,,
2020-07-12 01:00:00,1004.0,25.1,94,0.0,0.0,1.3,339.0,0.0,,,,,2020-07-12T00:13:00,,,,0,,,,,,,,,,,,,,,,,,,
2020-07-12 02:00:00,1004.0,24.9,94,0.0,0.0,1.3,332.0,0.0,,,,,2020-07-12T01:51:00,,,,0,,,,,,,,,,,,,,,,,,,
2020-07-12 03:00:00,1003.9,24.7,95,0.0,0.0,1.9,296.0,0.0,,,,,2020-07-12T02:06:00,,,,0,,,,,,,,,,,,,,,,,,,
2020-07-12 04:00:00,1004.3,24.8,94,0.0,0.0,2.2,249.0,0.0,,,,,2020-07-12T03:28:00,,,,0,,,,,,,,,,,,,,,,,,,
2020-07-12 05:00:00,1004.3,24.4,95,0.0,0.0,0.8,317.0,0.0,,,,,2020-07-12T04:02:00,,,,0,,,,,,,,,,,,,,,,,,,
2020-07-12 06:00:00,1004.4,24.4,95,0.0,0.0,0.0,0.0,0.0,,,,,2020-07-12T05:05:00,,,,0,,,,,,,,,,,,,,,,,,,
2020-07-12 07:00:00,1004.6,25.5,92,0.0,0.0,0.8,335.0,0.0,,,,,2020-07-12T06:05:00,,,,0,,,,,,,,,,,,,,,,,,,
2020-07-12 08:00:00,1004.6,28.1,81,0.0,0.0,0.0,0.0,0.0,,,,,2020-07-12T07:05:00,,,,0,,,,,,,,,,,,,,,,,,,
2020-07-12 09:00:00,1004.2,30.8,68,0.0,0.0,1.3,203.0,0.0,,,,,2020-07-12T08:44:00,,,,0,,,,,,,,,,,,,,,,,,,
2020-07-12 10:00:00,1003.6,32.6,60,0.1,0.0,1.3,180.0,0.0,,,,,2020-07-12T09:01:00,,,,0,,,,,,,,,,,,,,,,,,,
2020-07-12 11:00:00,1003.1,33.5,63,0.0,0.0,3.5,166.0,0.0,,,,,2020-07-12T10:45:00,,,,0,,,,,,,,,,,,,,,,,,,
2020-07-12 12:00:00,1002.3,34.5,57,0.3,193.0,3.0,313.0,0.0,,,,,2020-07-12T11:19:00,,,,0,,,,,,,,,,,,,,,,,,,
2020-07-12 13:00:00,1001.8,35.4,57,0.2,0.0,3.0,342.0,0.0,,,,,2020-07-12T12:38:00,,,,0,,,,,,,,,,,,,,,,,,,
2020-07-12 14:00:00,1001.5,33.0,61,0.2,0.0,3.3,179.0,0.0,,,,,2020-07-12T13:47:00,,,,0,,,,,,,,,,,,,,,,,,,
2020-07-12 15:00:00,1001.0,32.4,63,0.6,168.0,3.5,174.0,0.0,,,,,2020-07-12T14:39:00,,,,0,,,,,,,,,,,,,,,,,,,
2020-07-12 16:00:00,1001.0,31.7,66,0.1,0.0,3.5,187.0,0.0,,,,,2020-07-12T15:14:00,,,,0,,,,,,,,,,,,,,,,,,,
2020-07-12 17:00:00,1001.6,30.6,73,0.3,150.0,3.3,158.0,0.0,,,,,2020-07-12T16:13:00,,,,0,,,,,,,,,,,,,,,,,,,
2020-07-12 18:00:00,1001.8,29.9,75,0.4,153.0,3.0,163.0,0.0,,,,,2020-07-12T17:29:00,,,,0,,,,,,,,,,,,,,,,,,,
2020-07-12 19:00:00,1002.9,29.4,76,0.0,0.0,3.0,200.0,0.0,,,,,2020-07-12T18:02:00,,,,0,,,,,,,,,,,,,,,,,,,
2020-07-12 20:00:00,1003.4,28.7,80,0.0,0.0,1.3,348.0,0.0,,,,,2020-07-12T19:02:00,,,,0,,,,,,,,,,,,,,,,,,,
2020-07-12 21:00:00,1003.5,27.7,86,0.0,0.0,2.4,167.0,0.0,,,,,2020-07-12T20:18:00,,,,0,,,,,,,,,,,,,,,,,,,
2020-07-12 22:00:00,-9999.7,-99.7,-9997,-99.7,-999.7,2.2,344.0,0.0,,,,,2020-07-12T21:17:00,,,,0,,,,,,,,,,,,,,,,,,,
2020-07-12 23:00:00,1003.4,26.1,92,0.0,0.0,1.3,341.0,0.0,,,,,2020-07-12T22:09:00,,,,0,,,,,,,,,,,,,,,,,,,
2020-07-13 00:00:00,1003.3,25.4,93,0.0,0.0,1.3,315.0,0.0,,,,,2020-07-12T23:28:00,,,,0,,,,,,,,,,,,,,,,,,,
2020-07-13 01:00:00,1002.8,25.1,93,0.0,0.0,1.1,280.0,0.0,,,,,2020-07-13T00:02:00,,,,0,,,,,,,,,,,,,,,,,,,
2020-07-13 02:00:00,1002.6,24.6,94,0.0,0.0,1.1,348.0,0.0,,,,,2020-07-13T01:36:00,,,,0,,,,,,,,,,,,,,,,,,,
2020-07-13 03:00:00,1002.7,24.2,94,0.1,0.0,1.9,349.0,0.0,,,,,2020-07-13T02:49:00,,,,0,,,,,,,,,,,,,,,,,,,
2020-07-13 04:00:00,1002.7,24.0,94,0.0,0.0,1.3,332.0,0.0,,,,,2020-07-13T03:01:00,,,,0,,,,,,,,,,,,,,,,,,,
2020-07-13 05:00:00,1002.7,23.7,95,0.0,0.0,0.8,318.0,0.0,,,,,2020-07-13T04:18:00,,,,0,,,,,,,,,,,,,,,,,,,
2020-07-13 06:00:00,1003.1,24.0,94,0.0,0.0,1.3,277.0,0.0,,,,,2020-07-13T05:04:00,,,,0,,,,,,,,,,,,,,,,,,,
2020-07-13 07:00:00,1003.5,25.0,92,0.0,0.0,0.8,340.0,0.0,,,,,2020-07-13T06:42:00,,,,0,,,,,,,,,,,,,,,,,,,
2020-07-13 08:00:00,1003.5,27.6,84,0.0,0.0,1.3,334.0,0.0,,,,,2020-07-13T07:17:00,,,,0,,,,,,,,,,,,,,,,,,,
2020-07-13 09:00:00,1003.4,30.6,71,0.1,0.0,1.9,326.0,0.0,,,,,2020-07-13T08:50:00,,,,0,,,,,,,,,,,,,,,,,,,
2020-07-13 10:00:00,1003.2,32.3,60,0.1,0.0,3.0,181.0,0.0,,,,,2020-07-13T09:46:00,,,,0,,,,,,,,,,,,,,,,,,,
2020-07-13 11:00:00,1003.0,33.3,53,0.3,168.0,2.4,175.0,0.0,,,,,2020-07-13T10:22:00,,,,0,,,,,,,,,,,,,,,,,,,
2020-07-13 12:00:00,1002.6,34.0,49,0.8,179.0,3.8,171.0,0.0,,,,,2020-07-13T11:58:00,,,,0,,,,,,,,,,,,,,,,,,,
2020-07-13 13:00:00,1002.3,32.7,51,0.1,0.0,5.5,176.0,0.0,,,,,2020-07-13T12:39:00,,,,0,,,,,,,,,,,,,,,,,,,
2020-07-13 14:00:00,1001.8,32.6,48,0.5,159.0,4.9,197.0,0.0,,,,,2020-07-13T13:38:00,,,,0,,,,,,,,,,,,,,,,,,,
2020-07-13 15:00:00,1001.4,32.8,45,0.1,0.0,4.9,171.0,0.0,,,,,2020-07-13T14:39:00,,,,0,,,,,,,,,,,,,,,,,,,
2020-07-13 16:00:00,1001.2,31.6,51,0.2,0.0,6.0,173.0,0.0,,,,,2020-07-13T15:49:00,,,,0,,,,,,,,,,,,,,,,,,,
2020-07-13 17:00:00,1001.3,31.3,55,0.4,161.0,4.9,162.0,0.0,,,,,2020-07-13T16:12:00,,,,0,,,,,,,,,,,,,,,,,,,
2020-07-13 18:00:00,1001.4,30.5,54,0.1,0.0,3.5,167.0,0.0,,,,,2020-07-13T17:24:00,,,,0,,,,,,,,,,,,,,,,,,,
2020-07-13 19:00:00,1002.1,28.2,70,0.1,0.0,4.9,181.0,0.0,,,,,2020-07-13T18:21:00,,,,0,,,,,,,,,,,,,,,,,,,
2020-07-13 20:00:00,1002.7,26.1,82,0.1,0.0,1.3,323.0,0.0,,,,,2020-07-13T19:11:00,,,,0,,,,,,,,,,,,,,,,,,,
2020-07-13 21:00:00,1003.0,25.1,87,0.1,0.0,1.9,325.0,0.0,,,,,2020-07-13T20:07:00,,,,0,,,,,,,,,,,,,,,,,,,
2020-07-13 22:00:00,1003.1,24.6,89,0.0,0.0,1.3,347.0,0.0,,,,,2020-07-13T21:08:00,,,,0,,,,,,,,,,,,,,,,,,,
2020-07-13 23:00:00,1002.8,24.1,92,0.0,0.0,1.9,342.0,0.0,,,,,2020-07-13T22:34:00,,,,0,,,,,,,,,,,,,,,,,,,
2020-07-14 00:00:00,1002.2,23.8,93,0.2,0.0,1.9,330.0,0.0,,,,,2020-07-13T23:07:00,,,,0,,,,,,,,,,,,,,,,,,,
2020-07-14 01:00:00,1001.6,23.5,93,0.1,0.0,1.9,329.0,0.0,,,,,2020-07-14T00:20:00,,,,0,,,,,,,,,,,,,,,,,,,
2020-07-14 02:00:00,1001.3,23.4,93,0.1,0.0,2.2,334.0,0.0,,,,,2020-07-14T01:21:00,,,,0,,,,,,,,,,,,,,,,,,,
2020-07-14 03:00:00,1001.1,23.3,93,0.0,0.0,1.9,351.0,0.0,,,,,2020-07-14T02:07:00,,,,0,,,,,,,,,,,,,,,,,,,
2020-07-14 04:00:00,1001.2,22.9,94,0.0,0.0,1.9,329.0,0.0,,,,,2020-07-14T03:33:00,,,,0,,,,,,,,,,,,,,,,,,,
2020-07-14 05:00:00,1001.8,22.8,94,0.0,0.0,1.9,342.0,0.0,,,,,2020-07-14T04:15:00,,,,0,,,,,,,,,,,,,,,,,,,
2020-07-14 06:00:00,1002.3,23.1,93,0.0,0.0,0.8,349.0,0.0,,,,,2020-07-14T05:06:00,,,,0,,,,,,,,,,,,,,,,,,,
2020-07-14 07:00:00,1002.7,24.1,90,0.0,0.0,1.6,331.0,0.0,,,,,2020-07-14T06:47:00,,,,0,,,,,,,,,,,,,,,,,,,
2020-07-14 08:00:00,1002.7,26.9,81,0.0,0.0,1.3,331.0,0.0,,,,,2020-07-14T07:08:00,,,,0,,,,,,,,,,,,,,,,,,,
2020-07-14 09:00:00,1002.6,30.0,73,0.0,0.0,1.3,332.0,0.0,,,,,2020-07-14T08:48:00,,,,0,,,,,,,,,,,,,,,,,,,
2020-07-14 10:00:00,1002.6,32.0,67,0.0,0.0,2.4,318.0,0.0,,,,,2020-07-14T09:28:00,,,,0,,,,,,,,,,,,,,,,,,,
2020-07-14 11:00:00,1002.2,32.7,62,0.0,0.0,2.4,183.0,0.0,,,,,2020-07-14T10:47:00,,,,0,,,,,,,,,,,,,,,,,,,
2020-07-14 12:00:00,1001.4,33.2,53,0.8,173.0,4.1,157.0,0.0,,,,,2020-07-14T11:32:00,,,,0,,,,,,,,,,,,,,,,,,,
2020-07-14 13:00:00,1001.1,32.6,61,0.3,166.0,4.1,173.0,0.0,,,,,2020-07-14T12:54:00,,,,0,,,,,,,,,,,,,,,,,,,
2020-07-14 14:00:00,1000.6,32.5,60,0.8,186.0,4.1,164.0,0.0,,,,,2020-07-14T13:04:00,,,,0,,,,,,,,,,,,,,,,,,,
2020-07-14 15:00:00,1000.4,32.1,63,0.7,175.0,4.9,157.0,0.0,,,,,2020-07-14T14:17:00,,,,0,,,,,,,,,,,,,,,,,,,
2020-07-14 16:00:00,-9999.7,-99.7,-9997,-99.7,-999.7,4.9,163.0,0.0,,,,,2020-07-14T15:33:00,,,,0,,,,,,,,,,,,,,,,,,,
2020-07-14 17:00:00,-9999.7,-99.7,-9997,-99.7,-999.7,4.9,179.0,0.0,,,,,2020-07-14T16:10:00,,,,0,,,,,,,,,,,,,,,,,,,
2020-07-14 18:00:00,1000.2,29.9,73,0.8,168.0,4.9,187.0,0.0,,,,,2020-07-14T17:25:00,,,,0,,,,,,,,,,,,,,,,,,,
2020-07-14 19:00:00,1000.7,29.4,76,0.0,0.0,3.3,148.0,0.0,,,,,2020-07-14T18:17:00,,,,0,,,,,,,,,,,,,,,,,,,
2020-07-14 20:00:00,1001.1,29.2,76,0.1,0.0,3.0,183.0,0.0,,,,,2020-07-14T19:12:00,,,,0,,,,,,,,,,,,,,,,,,,
2020-07-14 21:00:00,1001.3,28.6,79,0.0,0.0,2.4,158.0,0.0,,,,,2020-07-14T20:04:00,,,,0,,,,,,,,,,,,,,,,,,,
2020-07-14 22:00:00,1001.4,28.7,77,0.0,0.0,2.2,187.0,0.0,,,,,2020-07-14T21:32:00,,,,0,,,,,,,,,,,,,,,,,,,
2020-07-14 23:00:00,1001.2,27.7,83,0.1,0.0,3.0,165.0,0.0,,,,,2020-07-14T22:24:00,,,,0,,,,,,,,,,,,,,,,,,,
2020-07-15 00:00:00,1000.9,27.1,86,0.0,0.0,1.3,340.0,0.0,,,,,2020-07-14T23:14:00,,,,0,,,,,,,,,,,,,,,,,,,
2020-07-15 01:00:00,1000.5,26.8,88,0.4,301.0,2.4,346.0,0.0,,,,,2020-07-15T00:13:00,,,,0,,,,,,,,,,,,,,,,,,,
2020-07-15 02:00:00,1000.3,26.4,90,0.0,0.0,0.8,333.0,0.0,,,,,2020-07-15T01:05:00,,,,0,,,,,,,,,,,,,,,,,,,
2020-07-15 03:00:00,1000.3,26.4,90,0.0,0.0,1.3,326.0,0.0,,,,,2020-07-15T02:13:00,,,,0,,,,,,,,,,,,,,,,,,,
2020-07-15 04:00:00,1000.0,26.2,91,0.0,0.0,1.1,346.0,0.0,,,,,2020-07-15T03:35:00,,,,0,,,,,,,,,,,,,,,,,,,
2020-07-15 05:00:00,1000.0,25.6,93,0.0,0.0,1.3,286.0,0.0,,,,,2020-07-15T04:42:00,,,,0,,,,,,,,,,,,,,,,,,,
2020-07-15 06:00:00,1000.4,25.7,93,0.0,0.0,0.8,263.0,0.0,,,,,2020-07-15T05:08:00,,,,0,,,,,,,,,,,,,,,,,,,
2020-07-15 07:00:00,1001.0,27.5,85,0.0,0.0,1.3,349.0,0.0,,,,,2020-07-15T06:20:00,,,,0,,,,,,,,,,,,,,,,,,,
2020-07-15 08:00:00,1001.7,28.8,77,0.8,348.0,1.9,349.0,0.0,,,,,2020-07-15T07:59:00,,,,0,,,,,,,,,,,,,,,,,,,
2020-07-15 09:00:00,1001.5,30.9,69,0.0,0.0,1.9,355.0,0.0,,,,,2020-07-15T08:02:00,,,,0,,,,,,,,,,,,,,,,,,,
2020-07-15 10:00:00,1000.9,32.0,63,0.9,290.0,3.5,337.0,0.0,,,,,2020-07-15T09:27:00,,,,0,,,,,,,,,,,,,,,,,,,
2020-07-15 11:00:00,1000.6,32.4,63,0.5,341.0,4.9,329.0,0.0,,,,,2020-07-15T10:09:00,,,,0,,,,,,,,,,,,,,,,,,,
2020-07-15 12:00:00,1000.6,29.5,77,0.0,0.0,2.4,210.0,0.0,,,,,2020-07-15T11:23:00,,,,0,,,,,,,,,,,,,,,,,,,
2020-07-15 13:00:00,1000.2,29.6,84,0.0,0.0,1.9,218.0,0.5,,,,,2020-07-15T12:24:00,,,,0,,,,,,,,,,,,,,,,,,,
2020-07-15 14:00:00,999.7,29.1,87,0.0,0.0,1.9,345.0,0.0,,,,,2020-07-15T13:25:00,,,,0,,,,,,,,,,,,,,,,,,,
2020-07-15 15:00:00,999.6,27.7,93,0.0,0.0,0.8,235.0,0.0,,,,,2020-07-15T14:13:00,,,,0,,,,,,,,,,,,,,,,,,,
2020-07-15 16:00:00,999.2,27.0,96,0.0,0.0,1.6,233.0,1.0,,,,,2020-07-15T15:23:00,,,,0,,,,,,,,,,,,,,,,,,,
2020-07-15 17:00:00,999.4,27.6,94,0.0,0.0,1.1,234.0,0.0,,,,,2020-07-15T16:26:00,,,,0,,,,,,,,,,,,,,,,,,,
2020-07-15 18:00:00,1000.2,28.0,92,0.2,0.0,1.3,319.0,0.0,,,,,2020-07-15T17:42:00,,,,0,,,,,,,,,,,,,,,,,,,
2020-07-15 19:00:00,1000.8,27.6,94,0.0,0.0,1.3,324.0,0.0,,,,,2020-07-15T18:36:00,,,,0,,,,,,,,,,,,,,,,,,,
2020-07-15 20:00:00,1000.8,26.8,96,0.0,0.0,0.8,235.0,0.0,,,,,2020-07-15T19:51:00,,,,0,,,,,,,,,,,,,,,,,,,
2020-07-15 21:00:00,-9999.7,-99.7,-9997,-99.7,-999.7,0.8,321.0,0.0,,,,,2020-07-15T20:16:00,,,,0,,,,,,,,,,,,,,,,,,,
2020-07-15 22:00:00,1001.4,26.1,96,0.0,0.0,1.3,242.0,0.0,,,,,2020-07-15T21:40:00,,,,0,,,,,,,,,,,,,,,,,,,
2020-07-15 23:00:00,1001.7,26.1,95,0.0,0.0,1.3,342.0,0.0,,,,,2020-07-15T22:40:00,,,,0,,,,,,,,,,,,,,,,,,,
2020-07-16 00:00:00,1001.3,25.6,95,0.0,0.0,0.0,0.0,0.0,,,,,2020-07-15T23:05:00,,,,0,,,,,,,,,,,,,,,,,,,
2020-07-16 01:00:00,1001.1,25.4,96,0.0,0.0,0.0,0.0,0.0,,,,,2020-07-16T00:05:00,,,,0,,,,,,,,,,,,,,,,,,,
2020-07-16 02:00:00,1000.8,25.2,97,0.0,0.0,0.0,0.0,0.0,,,,,2020-07-16T01:05:00,,,,0,,,,,,,,,,,,,,,,,,,
2020-07-16 03:00:00,1000.4,25.2,96,0.0,0.0,1.9,323.0,0.0,,,,,2020-07-16T02:48:00,,,,0,,,,,,,,,,,,,,,,,,,
2020-07-16 04:00:00,1000.2,25.3,95,0.1,0.0,1.3,16.0,0.0,,,,,2020-07-16T03:05:00,,,,0,,,,,,,,,,,,,,,,,,,
2020-07-16 05:00:00,1000.4,25.3,96,0.0,0.0,0.8,279.0,0.0,,,,,2020-07-16T04:04:00,,,,0,,,,,,,,,,,,,,,,,,,
2020-07-16 06:00:00,1000.7,25.3,96,0.0,0.0,0.0,0.0,0.0,,,,,2020-07-16T05:05:00,,,,0,,,,,,,,,,,,,,,,,,,
2020-07-16 07:00:00,1000.8,26.1,92,0.0,0.0,1.3,337.0,0.0,,,,,2020-07-16T06:31:00,,,,0,,,,,,,,,,,,,,,,,,,
2020-07-16 08:00:00,1001.4,27.5,89,0.0,0.0,1.3,352.0,0.0,,,,,2020-07-16T07:40:00,,,,0,,,,,,,,,,,,,,,,,,,
2020-07-16 09:00:00,1001.3,29.8,74,0.5,292.0,3.3,343.0,0.0,,,,,2020-07-16T08:37:00,,,,0,,,,,,,,,,,,,,,,,,,
2020-07-16 10:00:00,1000.9,31.3,66,1.3,336.0,3.3,229.0,0.0,,,,,2020-07-16T09:09:00,,,,0,,,,,,,,,,,,,,,,,,,
2020-07-16 11:00:00,1000.8,32.8,60,0.6,245.0,2.4,264.0,0.0,,,,,2020-07-16T10:34:00,,,,0,,,,,,,,,,,,,,,,,,,
2020-07-16 12:00:00,1000.3,33.3,56,0.1,0.0,4.9,270.0,0.0,,,,,2020-07-16T11:35:00,,,,0,,,,,,,,,,,,,,,,,,,
2020-07-16 13:00:00,1000.3,33.3,54,0.4,300.0,4.9,260.0,0.0,,,,,2020-07-16T12:46:00,,,,0,,,,,,,,,,,,,,,,,,,
2020-07-16 14:00:00,1000.4,31.6,69,0.1,0.0,3.5,297.0,0.0,,,,,2020-07-16T13:19:00,,,,0,,,,,,,,,,,,,,,,,,,
2020-07-16 15:00:00,1000.3,30.7,74,0.0,0.0,1.9,175.0,0.0,,,,,2020-07-16T14:46:00,,,,0,,,,,,,,,,,,,,,,,,,
2020-07-16 16:00:00,1000.4,30.8,71,0.0,0.0,2.4,167.0,0.0,,,,,2020-07-16T15:54:00,,,,0,,,,,,,,,,,,,,,,,,,
2020-07-16 17:00:00,1000.6,30.7,75,0.1,0.0,1.9,170.0,0.0,,,,,2020-07-16T16:05:00,,,,0,,,,,,,,,,,,,,,,,,,
2020-07-16 18:00:00,1000.8,29.7,75,0.0,0.0,2.4,169.0,0.0,,,,,2020-07-16T17:18:00,,,,0,,,,,,,,,,,,,,,,,,,
2020-07-16 19:00:00,1001.6,28.7,81,0.0,0.0,0.8,323.0,0.0,,,,,2020-07-16T18:03:00,,,,0,,,,,,,,,,,,,,,,,,,
2020-07-16 20:00:00,1002.2,27.3,88,0.1,0.0,1.6,342.0,0.0,,,,,2020-07-16T19:56:00,,,,0,,,,,,,,,,,,,,,,,,,
2020-07-16 21:00:00,1003.0,26.6,89,0.0,0.0,1.3,271.0,0.0,,,,,2020-07-16T20:08:00,,,,0,,,,,,,,,,,,,,,,,,,
2020-07-16 22:00:00,1002.9,26.0,90,0.0,0.0,1.3,342.0,0.0,,,,,2020-07-16T21:30:00,,,,0,,,,,,,,,,,,,,,,,,,
2020-07-16 23:00:00,1002.6,25.4,92,0.0,0.0,1.3,264.0,0.0,,,,,2020-07-16T22:43:00,,,,0,,,,,,,,,,,,,,,,,,,
2020-07-17 00:00:00,1002.2,25.1,93,0.0,0.0,1.9,340.0,0.0,,,,,2020-07-16T23:12:00,,,,0,,,,,,,,,,,,,,,,,,,
2020-07-17 01:00:00,1001.7,24.7,93,0.0,0.0,1.3,330.0,0.0,,,,,2020-07-17T00:10:00,,,,0,,,,,,,,,,,,,,,,,,,
2020-07-17 02:00:00,1001.4,24.4,94,0.0,0.0,1.3,335.0,0.0,,,,,2020-07-17T01:57:00,,,,0,,,,,,,,,,,,,,,,,,,
2020-07-17 03:00:00,1001.2,24.3,94,0.0,0.0,0.8,334.0,0.0,,,,,2020-07-17T02:33:00,,,,0,,,,,,,,,,,,,,,,,,,
2020-07-17 04:00:00,1001.6,24.0,95,0.0,0.0,0.8,355.0,0.0,,,,,2020-07-17T03:48:00,,,,0,,,,,,,,,,,,,,,,,,,
2020-07-17 05:00:00,1002.2,23.9,94,0.0,0.0,1.3,355.0,0.0,,,,,2020-07-17T04:50:00,,,,0,,,,,,,,,,,,,,,,,,,
2020-07-17 06:00:00,1003.1,23.9,94,0.0,0.0,0.8,330.0,0.0,,,,,2020-07-17T05:49:00,,,,0,,,,,,,,,,,,,,,,,,,
2020-07-17 07:00:00,1003.8,25.4,88,0.0,0.0,1.3,331.0,0.0,,,,,2020-07-17T06:03:00,,,,0,,,,,,,,,,,,,,,,,,,
2020-07-17 08:00:00,1003.8,28.4,72,0.3,297.0,2.7,354.0,0.0,,,,,2020-07-17T07:54:00,,,,0,,,,,,,,,,,,,,,,,,,
2020-07-17 09:00:00,1003.3,30.4,61,0.1,0.0,3.3,280.0,0.0,,,,,2020-07-17T08:23:00,,,,0,,,,,,,,,,,,,,,,,,,
2020-07-17 10:00:00,1003.3,32.8,55,0.2,0.0,3.5,334.0,0.0,,,,,2020-07-17T09:52:00,,,,0,,,,,,,,,,,,,,,,,,,
2020-07-17 11:00:00,1002.8,34.1,51,0.7,334.0,3.5,339.0,0.0,,,,,2020-07-17T10:54:00,,,,0,,,,,,,,,,,,,,,,,,,
2020-07-17 12:00:00,1002.3,33.6,59,0.0,0.0,2.2,349.0,0.0,,,,,2020-07-17T11:02:00,,,,0,,,,,,,,,,,,,,,,,,,
2020-07-17 13:00:00,1002.2,33.8,59,0.3,161.0,3.0,159.0,0.0,,,,,2020-07-17T12:24:00,,,,0,,,,,,,,,,,,,,,,,,,
2020-07-17 14:00:00,1002.1,33.0,61,0.3,158.0,3.3,193.0,0.0,,,,,2020-07-17T13:31:00,,,,0,,,,,,,,,,,,,,,,,,,
2020-07-17 15:00:00,1002.1,31.5,67,0.4,183.0,5.5,176.0,0.0,,,,,2020-07-17T14:18:00,,,,0,,,,,,,,,,,,,,,,,,,
2020-07-17 16:00:00,1002.4,29.2,86,0.1,0.0,1.9,172.0,1.0,,,,,2020-07-17T15:54:00,,,,0,,,,,,,,,,,,,,,,,,,
2020-07-17 17:00:00,1003.4,24.9,95,1.4,340.0,3.5,293.0,11.0,,,,,2020-07-17T16:28:00,,,,0,,,,,,,,,,,,,,,,,,,
2020-07-17 18:00:00,1003.4,24.9,93,0.0,0.0,1.9,252.0,0.0,,,,,2020-07-17T17:23:00,,,,0,,,,,,,,,,,,,,,,,,,
2020-07-17 19:00:00,1003.7,24.5,96,0.0,0.0,1.3,241.0,0.0,,,,,2020-07-17T18:11:00,,,,0,,,,,,,,,,,,,,,,,,,
2020-07-17 20:00:00,1003.9,24.5,95,0.0,0.0,1.9,328.0,0.0,,,,,2020-07-17T19:40:00,,,,0,,,,,,,,,,,,,,,,,,,
2020-07-17 21:00:00,1004.1,24.3,97,0.2,0.0,1.9,340.0,0.0,,,,,2020-07-17T21:00:00,,,,0,,,,,,,,,,,,,,,,,,,
2020-07-17 22:00:00,1004.4,24.4,96,0.0,0.0,1.3,326.0,0.0,,,,,2020-07-17T21:17:00,,,,0,,,,,,,,,,,,,,,,,,,
2020-07-17 23:00:00,1003.8,24.1,96,0.0,0.0,0.8,345.0,0.0,,,,,2020-07-17T22:24:00,,,,0,,,,,,,,,,,,,,,,,,,
2020-07-18 00:00:00,1003.2,24.1,96,0.0,0.0,1.3,347.0,0.0,,,,,2020-07-17T23:28:00,,,,0,,,,,,,,,,,,,,,,,,,
2020-07-18 01:00:00,1002.8,23.9,96,0.0,0.0,1.6,327.0,0.0,,,,,2020-07-18T00:31:00,,,,0,,,,,,,,,,,,,,,,,,,
2020-07-18 02:00:00,1002.7,23.9,96,0.0,0.0,1.3,289.0,0.0,,,,,2020-07-18T01:01:00,,,,0,,,,,,,,,,,,,,,,,,,
2020-07-18 03:00:00,1002.7,23.8,96,0.0,0.0,1.9,330.0,0.0,,,,,2020-07-18T02:24:00,,,,0,,,,,,,,,,,,,,,,,,,
2020-07-18 04:00:00,1002.8,23.6,96,0.0,0.0,1.3,9.0,0.0,,,,,2020-07-18T03:49:00,,,,0,,,,,,,,,,,,,,,,,,,
2020-07-18 05:00:00,1003.1,23.6,96,0.0,0.0,0.8,290.0,0.0,,,,,2020-07-18T04:22:00,,,,0,,,,,,,,,,,,,,,,,,,
2020-07-18 06:00:00,1003.4,23.7,96,0.0,0.0,0.0,0.0,0.0,,,,,2020-07-18T05:05:00,,,,0,,,,,,,,,,,,,,,,,,,
2020-07-18 07:00:00,1003.8,24.9,94,0.0,0.0,1.3,340.0,0.0,,,,,2020-07-18T06:12:00,,,,0,,,,,,,,,,,,,,,,,,,
2020-07-18 08:00:00,1003.9,27.2,88,0.0,0.0,0.8,181.0,0.0,,,,,2020-07-18T07:46:00,,,,0,,,,,,,,,,,,,,,,,,,
2020-07-18 09:00:00,1003.8,30.2,74,0.0,0.0,1.6,169.0,0.0,,,,,2020-07-18T08:48:00,,,,0,,,,,,,,,,,,,,,,,,,
2020-07-18 10:00:00,-9999.7,-99.7,-9997,-99.7,-999.7,2.4,194.0,0.0,,,,,2020-07-18T09:15:00,,,,0,,,,,,,,,,,,,,,,,,,
2020-07-18 11:00:00,1003.5,33.1,64,0.1,0.0,2.4,176.0,0.0,,,,,2020-07-18T10:43:00,,,,0,,,,,,,,,,,,,,,,,,,
2020-07-18 12:00:00,1003.0,33.1,63,0.7,181.0,3.3,192.0,0.0,,,,,2020-07-18T11:50:00,,,,0,,,,,,,,,,,,,,,,,,,
2020-07-18 13:00:00,1002.5,34.2,61,0.1,0.0,2.4,186.0,0.0,,,,,2020-07-18T12:01:00,,,,0,,,,,,,,,,,,,,,,,,,
2020-07-18 14:00:00,1001.9,33.8,60,0.1,0.0,1.9,339.0,0.0,,,,,2020-07-18T13:11:00,,,,0,,,,,,,,,,,,,,,,,,,
2020-07-18 15:00:00,1001.9,33.8,57,0.0,0.0,1.9,190.0,0.0,,,,,2020-07-18T14:06:00,,,,0,,,,,,,,,,,,,,,,,,,
2020-07-18 16:00:00,1001.8,32.2,64,0.1,0.0,2.7,186.0,0.0,,,,,2020-07-18T15:38:00,,,,0,,,,,,,,,,,,,,,,,,,
2020-07-18 17:00:00,1002.2,30.9,70,0.1,0.0,2.7,231.0,0.0,,,,,2020-07-18T16:40:00,,,,0,,,,,,,,,,,,,,,,,,,
2020-07-18 18:00:00,1002.4,29.6,76,0.0,0.0,1.3,336.0,0.0,,,,,2020-07-18T17:14:00,,,,0,,,,,,,,,,,,,,,,,,,
2020-07-18 19:00:00,1002.4,28.3,85,0.0,0.0,1.9,321.0,0.0,,,,,2020-07-18T18:45:00,,,,0,,,,,,,,,,,,,,,,,,,
2020-07-18 20:00:00,1003.1,27.2,91,0.1,0.0,1.3,315.0,0.0,,,,,2020-07-18T19:50:00,,,,0,,,,,,,,,,,,,,,,,,,
2020-07-18 21:00:00,1003.4,26.4,91,0.1,0.0,2.2,256.0,0.0,,,,,2020-07-18T20:29:00,,,,0,,,,,,,,,,,,,,,,,,,
2020-07-18 22:00:00,1003.7,26.0,90,0.2,0.0,1.9,334.0,0.0,,,,,2020-07-18T21:17:00,,,,0,,,,,,,,,,,,,,,,,,,
2020-07-18 23:00:00,1003.6,25.4,93,0.0,0.0,1.6,337.0,0.0,,,,,2020-07-18T22:42:00,,,,0,,,,,,,,,,,,,,,,,,,
2020-07-19 00:00:00,1003.3,25.1,92,0.0,0.0,1.3,337.0,0.0,,,,,2020-07-18T23:39:00,,,,0,,,,,,,,,,,,,,,,,,,
2020-07-19 01:00:00,1002.8,24.8,92,0.0,0.0,1.3,237.0,0.0,,,,,2020-07-19T00:25:00,,,,0,,,,,,,,,,,,,,,,,,,
2020-07-19 02:00:00,-9999.7,-99.7,-9997,-99.7,-999.7,1.1,300.0,0.0,,,,,2020-07-19T01:02:00,,,,0,,,,,,,,,,,,,,,,,,,
2020-07-19 03:00:00,1002.1,24.4,94,0.0,0.0,1.6,284.0,0.0,,,,,2020-07-19T02:52:00,,,,0,,,,,,,,,,,,,,,,,,,
2020-07-19 04:00:00,1002.2,24.4,94,0.2,0.0,1.3,320.0,0.0,,,,,2020-07-19T03:04:00,,,,0,,,,,,,,,,,,,,,,,,,
2020-07-19 05:00:00,1002.4,24.2,95,0.0,0.0,1.3,352.0,0.0,,,,,2020-07-19T04:06:00,,,,0,,,,,,,,,,,,,,,,,,,
2020-07-19 06:00:00,1003.0,24.3,95,0.0,0.0,0.0,0.0,0.0,,,,,2020-07-19T05:05:00,,,,0,,,,,,,,,,,,,,,,,,,
2020-07-19 07:00:00,1003.2,25.5,90,0.2,0.0,1.3,348.0,0.0,,,,,2020-07-19T06:59:00,,,,0,,,,,,,,,,,,,,,,,,,
2020-07-19 08:00:00,1003.6,27.8,84,0.0,0.0,1.3,347.0,0.0,,,,,2020-07-19T07:01:00,,,,0,,,,,,,,,,,,,,,,,,,
2020-07-19 09:00:00,1003.7,29.9,78,0.0,0.0,1.6,144.0,0.0,,,,,2020-07-19T08:54:00,,,,0,,,,,,,,,,,,,,,,,,,
2020-07-19 10:00:00,1003.6,31.2,74,0.0,0.0,2.2,211.0,0.0,,,,,2020-07-19T09:48:00,,,,0,,,,,,,,,,,,,,,,,,,
2020-07-19 11:00:00,1003.5,32.2,72,0.0,0.0,2.2,160.0,0.0,,,,,2020-07-19T10:16:00,,,,0,,,,,,,,,,,,,,,,,,,
2020-07-19 12:00:00,1003.1,33.1,64,0.5,174.0,2.7,165.0,0.0,,,,,2020-07-19T11:47:00,,,,0,,,,,,,,,,,,,,,,,,,
2020-07-19 13:00:00,1003.0,32.2,66,0.4,155.0,3.3,182.0,0.0,,,,,2020-07-19T12:09:00,,,,0,,,,,,,,,,,,,,,,,,,
2020-07-19 14:00:00,1002.9,31.6,69,0.4,165.0,5.5,178.0,0.0,,,,,2020-07-19T13:23:00,,,,0,,,,,,,,,,,,,,,,,,,
2020-07-19 15:00:00,1002.3,31.7,70,0.2,0.0,3.3,164.0,0.0,,,,,2020-07-19T14:35:00,,,,0,,,,,,,,,,,,,,,,,,,
2020-07-19 16:00:00,1002.5,30.5,73,0.4,158.0,3.5,188.0,0.0,,,,,2020-07-19T15:52:00,,,,0,,,,,,,,,,,,,,,,,,,
2020-07-19 17:00:00,1002.9,30.5,73,0.0,0.0,3.5,178.0,0.0,,,,,2020-07-19T16:04:00,,,,0,,,,,,,,,,,,,,,,,,,
2020-07-19 18:00:00,1003.4,29.7,78,0.0,0.0,2.7,198.0,0.0,,,,,2020-07-19T17:15:00,,,,0,,,,,,,,,,,,,,,,,,,
2020-07-19 19:00:00,1003.8,29.1,79,0.0,0.0,1.9,199.0,0.0,,,,,2020-07-19T18:33:00,,,,0,,,,,,,,,,,,,,,,,,,
2020-07-19 20:00:00,1004.0,28.1,84,0.0,0.0,3.0,250.0,0.0,,,,,2020-07-19T19:28:00,,,,0,,,,,,,,,,,,,,,,,,,
2020-07-19 21:00:00,1004.4,26.4,87,0.0,0.0,1.1,151.0,0.0,,,,,2020-07-19T20:38:00,,,,0,,,,,,,,,,,,,,,,,,,
2020-07-19 22:00:00,1004.9,26.0,92,0.0,0.0,0.8,322.0,0.0,,,,,2020-07-19T21:52:00,,,,0,,,,,,,,,,,,,,,,,,,
2020-07-19 23:00:00,1004.9,25.5,93,0.0,0.0,1.6,238.0,0.0,,,,,2020-07-19T22:01:00,,,,0,,,,,,,,,,,,,,,,,,,
2020-07-20 00:00:00,1004.9,25.1,94,0.0,0.0,1.3,325.0,0.0,,,,,2020-07-19T23:01:00,,,,0,,,,,,,,,,,,,,,,,,,
2020-07-20 01:00:00,1004.3,24.8,94,0.0,0.0,1.6,335.0,0.0,,,,,2020-07-20T00:41:00,,,,0,,,,,,,,,,,,,,,,,,,
2020-07-20 02:00:00,1004.5,24.8,94,0.0,0.0,0.8,350.0,0.0,,,,,2020-07-20T01:41:00,,,,0,,,,,,,,,,,,,,,,,,,
2020-07-20 03:00:00,1004.2,24.6,95,0.0,0.0,1.3,350.0,0.0,,,,,2020-07-20T02:09:00,,,,0,,,,,,,,,,,,,,,,,,,
2020-07-20 04:00:00,1004.5,24.4,95,0.0,0.0,1.6,336.0,0.0,,,,,2020-07-20T03:18:00,,,,0,,,,,,,,,,,,,,,,,,,
2020-07-20 05:00:00,1004.6,24.5,94,0.0,0.0,1.3,338.0,0.0,,,,,2020-07-20T04:02:00,,,,0,,,,,,,,,,,,,,,,,,,
2020-07-20 06:00:00,1004.9,24.4,95,0.0,0.0,1.3,330.0,0.0,,,,,2020-07-20T05:02:00,,,,0,,,,,,,,,,,,,,,,,,,
2020-07-20 07:00:00,1005.4,25.4,92,0.0,0.0,0.8,341.0,0.0,,,,,2020-07-20T06:41:00,,,,0,,,,,,,,,,,,,,,,,,,
2020-07-20 08:00:00,1005.7,28.0,84,0.0,0.0,1.3,348.0,0.0,,,,,2020-07-20T07:11:00,,,,0,,,,,,,,,,,,,,,,,,,
2020-07-20 09:00:00,1006.0,30.4,73,0.0,0.0,1.9,175.0,0.0,,,,,2020-07-20T08:46:00,,,,0,,,,,,,,,,,,,,,,,,,
2020-07-20 10:00:00,1006.0,31.5,70,0.2,0.0,3.0,183.0,0.0,,,,,2020-07-20T09:41:00,,,,0,,,,,,,,,,,,,,,,,,,
2020-07-20 11:00:00,1005.7,32.9,62,0.0,0.0,1.9,323.0,0.0,,,,,2020-07-20T10:02:00,,,,0,,,,,,,,,,,,,,,,,,,
2020-07-20 12:00:00,1005.5,32.6,63,0.0,0.0,2.4,306.0,0.0,,,,,2020-07-20T11:17:00,,,,0,,,,,,,,,,,,,,,,,,,
2020-07-20 13:00:00,1005.0,33.3,59,0.1,0.0,3.0,204.0,0.0,,,,,2020-07-20T12:41:00,,,,0,,,,,,,,,,,,,,,,,,,
2020-07-20 14:00:00,1004.6,33.2,62,0.0,0.0,2.7,154.0,0.0,,,,,2020-07-20T13:02:00,,,,0,,,,,,,,,,,,,,,,,,,
2020-07-20 15:00:00,1004.5,31.7,69,0.6,167.0,5.5,171.0,0.0,,,,,2020-07-20T14:45:00,,,,0,,,,,,,,,,,,,,,,,,,
2020-07-20 16:00:00,1004.3,30.4,73,0.5,154.0,3.8,167.0,0.0,,,,,2020-07-20T15:20:00,,,,0,,,,,,,,,,,,,,,,,,,
2020-07-20 17:00:00,1005.0,29.9,75,0.8,195.0,4.9,181.0,0.0,,,,,2020-07-20T16:20:00,,,,0,,,,,,,,,,,,,,,,,,,
2020-07-20 18:00:00,1004.9,26.1,90,0.5,253.0,4.9,156.0,0.5,,,,,2020-07-20T17:07:00,,,,0,,,,,,,,,,,,,,,,,,,
2020-07-20 19:00:00,1005.8,25.7,90,0.0,0.0,2.7,256.0,0.0,,,,,2020-07-20T18:01:00,,,,0,,,,,,,,,,,,,,,,,,,
2020-07-20 20:00:00,1006.8,25.3,93,0.0,0.0,2.2,261.0,0.0,,,,,2020-07-20T19:12:00,,,,0,,,,,,,,,,,,,,,,,,,
2020-07-20 21:00:00,1007.2,24.9,93,0.0,0.0,0.8,313.0,0.0,,,,,2020-07-20T20:06:00,,,,0,,,,,,,,,,,,,,,,,,,
2020-07-20 22:00:00,1007.4,24.7,93,0.0,0.0,1.6,246.0,0.0,,,,,2020-07-20T21:04:00,,,,0,,,,,,,,,,,,,,,,,,,
2020-07-20 23:00:00,1007.4,24.4,94,0.0,0.0,1.3,326.0,0.0,,,,,2020-07-20T22:14:00,,,,0,,,,,,,,,,,,,,,,,,,
2020-07-21 00:00:00,1007.0,24.1,95,0.0,0.0,1.9,336.0,0.0,,,,,2020-07-20T23:14:00,,,,0,,,,,,,,,,,,,,,,,,,
2020-07-21 01:00:00,1006.7,24.1,95,0.0,0.0,1.1,308.0,0.0,,,,,2020-07-21T00:26:00,,,,0,,,,,,,,,,,,,,,,,,,
2020-07-21 02:00:00,1006.4,23.9,95,0.0,0.0,1.3,319.0,0.0,,,,,2020-07-21T01:37:00,,,,0,,,,,,,,,,,,,,,,,,,
2020-07-21 03:00:00,1006.5,23.9,95,0.0,0.0,1.9,328.0,0.0,,,,,2020-07-21T02:13:00,,,,0,,,,,,,,,,,,,,,,,,,
2020-07-21 04:00:00,1006.5,23.9,95,0.0,0.0,1.3,344.0,0.0,,,,,2020-07-21T03:13:00,,,,0,,,,,,,,,,,,,,,,,,,
2020-07-21 05:00:00,1006.8,23.7,96,0.0,0.0,0.8,330.0,0.0,,,,,2020-07-21T04:16:00,,,,0,,,,,,,,,,,,,,,,,,,
2020-07-21 06:00:00,1007.1,24.0,95,0.0,0.0,1.3,337.0,0.0,,,,,2020-07-21T05:23:00,,,,0,,,,,,,,,,,,,,,,,,,
2020-07-21 07:00:00,1007.2,25.2,92,0.1,0.0,1.3,347.0,0.0,,,,,2020-07-21T06:30:00,,,,0,,,,,,,,,,,,,,,,,,,
2020-07-21 08:00:00,1007.3,27.8,79,0.0,0.0,0.8,336.0,0.0,,,,,2020-07-21T07:01:00,,,,0,,,,,,,,,,,,,,,,,,,
2020-07-21 09:00:00,1007.3,30.4,69,0.1,0.0,1.6,173.0,0.0,,,,,2020-07-21T08:29:00,,,,0,,,,,,,,,,,,,,,,,,,
2020-07-21 10:00:00,1007.3,31.7,65,0.1,0.0,2.4,165.0,0.0,,,,,2020-07-21T09:50:00,,,,0,,,,,,,,,,,,,,,,,,,
2020-07-21 11:00:00,1007.0,31.9,61,0.7,166.0,3.3,174.0,0.0,,,,,2020-07-21T10:22:00,,,,0,,,,,,,,,,,,,,,,,,,
2020-07-21 12:00:00,1006.6,32.4,57,0.5,165.0,4.1,174.0,0.0,,,,,2020-07-21T12:00:00,,,,0,,,,,,,,,,,,,,,,,,,
2020-07-21 13:00:00,1006.3,32.6,53,0.2,0.0,4.9,161.0,0.0,,,,,2020-07-21T12:40:00,,,,0,,,,,,,,,,,,,,,,,,,
2020-07-21 14:00:00,1006.1,32.9,52,0.3,175.0,4.1,174.0,0.0,,,,,2020-07-21T13:17:00,,,,0,,,,,,,,,,,,,,,,,,,
2020-07-21 15:00:00,1005.8,31.8,55,0.2,0.0,4.9,153.0,0.0,,,,,2020-07-21T14:49:00,,,,0,,,,,,,,,,,,,,,,,,,
2020-07-21 16:00:00,1005.7,30.3,65,0.6,228.0,4.9,171.0,0.0,,,,,2020-07-21T15:05:00,,,,0,,,,,,,,,,,,,,,,,,,
2020-07-21 17:00:00,1005.6,30.6,63,0.4,224.0,4.1,171.0,0.0,,,,,2020-07-21T16:15:00,,,,0,,,,,,,,,,,,,,,,,,,
2020-07-21 18:00:00,1005.7,29.7,69,0.0,0.0,2.4,172.0,0.0,,,,,2020-07-21T17:07:00,,,,0,,,,,,,,,,,,,,,,,,,
2020-07-21 19:00:00,1006.2,28.5,77,0.0,0.0,2.4,174.0,0.0,,,,,2020-07-21T18:22:00,,,,0,,,,,,,,,,,,,,,,,,,
2020-07-21 20:00:00,1007.0,27.1,85,0.0,0.0,1.1,355.0,0.0,,,,,2020-07-21T19:38:00,,,,0,,,,,,,,,,,,,,,,,,,
2020-07-21 21:00:00,1007.4,26.2,89,0.0,0.0,1.3,324.0,0.0,,,,,2020-07-21T20:19:00,,,,0,,,,,,,,,,,,,,,,,,,
2020-07-21 22:00:00,1007.7,25.9,90,0.0,0.0,1.6,326.0,0.0,,,,,2020-07-21T21:02:00,,,,0,,,,,,,,,,,,,,,,,,,
2020-07-21 23:00:00,1007.5,25.7,92,0.4,327.0,1.9,342.0,0.0,,,,,2020-07-21T22:59:00,,,,0,,,,,,,,,,,,,,,,,,,
2020-07-22 00:00:00,1007.2,25.7,92,0.0,0.0,2.4,323.0,0.0,,,,,2020-07-21T23:26:00,,,,0,,,,,,,,,,,,,,,,,,,
2020-07-22 01:00:00,1006.7,25.7,92,0.1,0.0,1.6,336.0,0.0,,,,,2020-07-22T00:11:00,,,,0,,,,,,,,,,,,,,,,,,,
2020-07-22 02:00:00,1006.1,25.4,93,0.1,0.0,2.4,349.0,0.0,,,,,2020-07-22T01:23:00,,,,0,,,,,,,,,,,,,,,,,,,
2020-07-22 03:00:00,1005.8,25.0,94,0.0,0.0,1.9,328.0,0.0,,,,,2020-07-22T02:05:00,,,,0,,,,,,,,,,,,,,,,,,,
2020-07-22 04:00:00,1005.9,24.8,93,0.0,0.0,1.9,342.0,0.0,,,,,2020-07-22T03:23:00,,,,0,,,,,,,,,,,,,,,,,,,
2020-07-22 05:00:00,1005.9,24.4,94,0.0,0.0,0.8,264.0,0.0,,,,,2020-07-22T04:08:00,,,,0,,,,,,,,,,,,,,,,,,,
2020-07-22 06:00:00,1006.0,24.1,93,0.0,0.0,1.3,325.0,0.0,,,,,2020-07-22T05:21:00,,,,0,,,,,,,,,,,,,,,,,,,
2020-07-22 07:00:00,1006.1,25.6,86,0.0,0.0,0.8,278.0,0.0,,,,,2020-07-22T06:03:00,,,,0,,,,,,,,,,,,,,,,,,,
2020-07-22 08:00:00,1006.3,28.4,77,0.0,0.0,1.3,336.0,0.0,,,,,2020-07-22T07:10:00,,,,0,,,,,,,,,,,,,,,,,,,
2020-07-22 09:00:00,1006.4,30.4,68,0.2,0.0,2.4,181.0,0.0,,,,,2020-07-22T08:55:00,,,,0,,,,,,,,,,,,,,,,,,,
2020-07-22 10:00:00,1006.2,31.0,66,0.0,0.0,2.4,330.0,0.0,,,,,2020-07-22T09:29:00,,,,0,,,,,,,,,,,,,,,,,,,
2020-07-22 11:00:00,1006.1,32.2,64,0.0,0.0,2.2,155.0,0.0,,,,,2020-07-22T10:24:00,,,,0,,,,,,,,,,,,,,,,,,,
2020-07-22 12:00:00,-9999.7,-99.7,-9997,-99.7,-999.7,2.4,203.0,0.0,,,,,2020-07-22T11:49:00,,,,0,,,,,,,,,,,,,,,,,,,
2020-07-22 13:00:00,1005.4,33.4,58,0.3,186.0,2.7,313.0,0.0,,,,,2020-07-22T12:28:00,,,,0,,,,,,,,,,,,,,,,,,,
2020-07-22 14:00:00,1005.0,34.1,55,0.1,0.0,1.9,199.0,0.0,,,,,2020-07-22T13:28:00,,,,0,,,,,,,,,,,,,,,,,,,
2020-07-22 15:00:00,1004.6,32.3,57,0.1,0.0,1.9,179.0,0.0,,,,,2020-07-22T14:38:00,,,,0,,,,,,,,,,,,,,,,,,,
2020-07-22 16:00:00,1004.2,32.2,57,0.4,181.0,2.7,240.0,0.0,,,,,2020-07-22T15:42:00,,,,0,,,,,,,,,,,,,,,,,,,
2020-07-22 17:00:00,1004.0,32.0,56,0.0,0.0,3.0,180.0,0.0,,,,,2020-07-22T16:24:00,,,,0,,,,,,,,,,,,,,,,,,,
2020-07-22 18:00:00,1004.0,30.6,62,0.0,0.0,1.9,163.0,0.0,,,,,2020-07-22T17:13:00,,,,0,,,,,,,,,,,,,,,,,,,
2020-07-22 19:00:00,1004.2,28.6,74,0.0,0.0,0.8,135.0,0.0,,,,,2020-07-22T18:04:00,,,,0,,,,,,,,,,,,,,,,,,,
2020-07-22 20:00:00,1004.4,27.2,82,0.0,0.0,1.9,343.0,0.0,,,,,2020-07-22T19:37:00,,,,0,,,,,,,,,,,,,,,,,,,
2020-07-22 21:00:00,1004.5,26.1,87,0.0,0.0,1.9,332.0,0.0,,,,,2020-07-22T20:07:00,,,,0,,,,,,,,,,,,,,,,,,,
2020-07-22 22:00:00,1005.0,25.4,89,0.2,0.0,2.4,327.0,0.0,,,,,2020-07-22T21:26:00,,,,0,,,,,,,,,,,,,,,,,,,
2020-07-22 23:00:00,1005.2,25.5,89,0.0,0.0,1.9,343.0,0.0,,,,,2020-07-22T22:22:00,,,,0,,,,,,,,,,,,,,,,,,,
2020-07-23 00:00:00,1004.9,25.9,88,0.2,0.0,1.9,201.0,0.0,,,,,2020-07-22T23:11:00,,,,0,,,,,,,,,,,,,,,,,,,
2020-07-23 01:00:00,1004.5,25.2,91,0.2,0.0,1.9,320.0,0.0,,,,,2020-07-23T00:41:00,,,,0,,,,,,,,,,,,,,,,,,,
2020-07-23 02:00:00,1004.3,24.8,93,0.0,0.0,1.3,254.0,0.0,,,,,2020-07-23T01:01:00,,,,0,,,,,,,,,,,,,,,,,,,
2020-07-23 03:00:00,1004.1,24.6,93,0.0,0.0,1.3,345.0,0.0,,,,,2020-07-23T02:21:00,,,,0,,,,,,,,,,,,,,,,,,,
2020-07-23 04:00:00,1004.1,24.3,94,0.0,0.0,1.3,342.0,0.0,,,,,2020-07-23T03:32:00,,,,0,,,,,,,,,,,,,,,,,,,
2020-07-23 05:00:00,1004.8,24.3,93,0.0,0.0,1.1,340.0,0.0,,,,,2020-07-23T04:39:00,,,,0,,,,,,,,,,,,,,,,,,,
2020-07-23 06:00:00,1004.9,24.2,94,0.1,0.0,1.3,335.0,0.0,,,,,2020-07-23T05:44:00,,,,0,,,,,,,,,,,,,,,,,,,
2020-07-23 07:00:00,1005.1,25.9,87,0.2,0.0,1.9,350.0,0.0,,,,,2020-07-23T06:19:00,,,,0,,,,,,,,,,,,,,,,,,,
2020-07-23 08:00:00,1005.3,28.6,79,0.0,0.0,1.3,260.0,0.0,,,,,2020-07-23T07:59:00,,,,0,,,,,,,,,,,,,,,,,,,
2020-07-23 09:00:00,1005.1,30.2,73,0.7,268.0,4.9,278.0,0.0,,,,,2020-07-23T08:44:00,,,,0,,,,,,,,,,,,,,,,,,,
2020-07-23 10:00:00,1004.9,32.0,64,1.0,270.0,3.8,257.0,0.0,,,,,2020-07-23T09:34:00,,,,0,,,,,,,,,,,,,,,,,,,
2020-07-23 11:00:00,1004.5,33.5,64,0.0,0.0,3.8,22.0,0.0,,,,,2020-07-23T10:03:00,,,,0,,,,,,,,,,,,,,,,,,,
2020-07-23 12:00:00,1004.4,32.9,66,0.0,0.0,3.3,172.0,0.0,,,,,2020-07-23T11:30:00,,,,0,,,,,,,,,,,,,,,,,,,
2020-07-23 13:00:00,1004.3,33.5,64,0.3,193.0,1.9,156.0,0.0,,,,,2020-07-23T12:09:00,,,,0,,,,,,,,,,,,,,,,,,,
2020-07-23 14:00:00,1004.3,32.7,67,0.1,0.0,2.4,189.0,0.0,,,,,2020-07-23T13:14:00,,,,0,,,,,,,,,,,,,,,,,,,
2020-07-23 15:00:00,1003.9,31.5,68,0.1,0.0,2.2,140.0,0.0,,,,,2020-07-23T14:23:00,,,,0,,,,,,,,,,,,,,,,,,,
2020-07-23 16:00:00,1003.4,30.6,71,0.0,0.0,3.0,198.0,0.0,,,,,2020-07-23T15:54:00,,,,0,,,,,,,,,,,,,,,,,,,
2020-07-23 17:00:00,1003.9,30.6,72,0.1,0.0,2.7,171.0,0.0,,,,,2020-07-23T16:06:00,,,,0,,,,,,,,,,,,,,,,,,,
2020-07-23 18:00:00,1003.1,30.1,73,0.0,0.0,1.6,168.0,0.0,,,,,2020-07-23T17:13:00,,,,0,,,,,,,,,,,,,,,,,,,
2020-07-23 19:00:00,1003.6,29.3,76,0.0,0.0,2.4,64.0,0.0,,,,,2020-07-23T18:51:00,,,,0,,,,,,,,,,,,,,,,,,,
2020-07-23 20:00:00,1004.2,27.9,85,0.2,0.0,1.3,209.0,0.0,,,,,2020-07-23T19:21:00,,,,0,,,,,,,,,,,,,,,,,,,
2020-07-23 21:00:00,1004.2,26.9,89,0.0,0.0,1.9,341.0,0.0,,,,,2020-07-23T20:26:00,,,,0,,,,,,,,,,,,,,,,,,,
2020-07-23 22:00:00,1004.2,26.3,92,0.0,0.0,1.3,339.0,0.0,,,,,2020-07-23T21:24:00,,,,0,,,,,,,,,,,,,,,,,,,
2020-07-23 23:00:00,1003.9,25.8,93,0.1,0.0,1.9,336.0,0.0,,,,,2020-07-23T22:07:00,,,,0,,,,,,,,,,,,,,,,,,,
2020-07-24 00:00:00,1003.8,25.4,93,0.0,0.0,2.2,328.0,0.0,,,,,2020-07-23T23:41:00,,,,0,,,,,,,,,,,,,,,,,,,
2020-07-24 01:00:00,1003.6,25.3,92,0.0,0.0,1.9,349.0,0.0,,,,,2020-07-24T00:46:00,,,,0,,,,,,,,,,,,,,,,,,,
2020-07-24 02:00:00,1003.1,24.9,94,0.0,0.0,1.1,324.0,0.0,,,,,2020-07-24T01:39:00,,,,0,,,,,,,,,,,,,,,,,,,
2020-07-24 03:00:00,1002.9,24.6,94,0.0,0.0,1.3,324.0,0.0,,,,,2020-07-24T02:42:00,,,,0,,,,,,,,,,,,,,,,,,,
2020-07-24 04:00:00,-9999.7,-99.7,-9997,-99.7,-999.7,1.3,349.0,0.0,,,,,2020-07-24T03:45:00,,,,0,,,,,,,,,,,,,,,,,,,
2020-07-24 05:00:00,1003.4,24.0,94,0.0,0.0,1.3,310.0,0.0,,,,,2020-07-24T04:05:00,,,,0,,,,,,,,,,,,,,,,,,,
2020-07-24 06:00:00,1004.1,24.2,93,0.0,0.0,1.6,342.0,0.0,,,,,2020-07-24T05:33:00,,,,0,,,,,,,,,,,,,,,,,,,
2020-07-24 07:00:00,1004.2,25.2,90,0.0,0.0,1.1,337.0,0.0,,,,,2020-07-24T06:29:00,,,,0,,,,,,,,,,,,,,,,,,,
2020-07-24 08:00:00,1003.9,29.5,67,0.9,286.0,3.8,267.0,0.0,,,,,2020-07-24T07:58:00,,,,0,,,,,,,,,,,,,,,,,,,
2020-07-24 09:00:00,1003.9,31.0,59,0.8,275.0,4.9,328.0,0.0,,,,,2020-07-24T08:12:00,,,,0,,,,,,,,,,,,,,,,,,,
2020-07-24 10:00:00,1003.5,33.1,54,1.0,289.0,6.0,325.0,0.0,,,,,2020-07-24T09:52:00,,,,0,,,,,,,,,,,,,,,,,,,
2020-07-24 11:00:00,1003.3,35.1,48,0.9,299.0,7.1,260.0,0.0,,,,,2020-07-24T11:00:00,,,,0,,,,,,,,,,,,,,,,,,,
2020-07-24 12:00:00,1002.5,36.4,46,0.4,283.0,6.6,321.0,0.0,,,,,2020-07-24T11:38:00,,,,0,,,,,,,,,,,,,,,,,,,
2020-07-24 13:00:00,1001.9,36.0,50,0.0,0.0,4.9,352.0,0.0,,,,,2020-07-24T12:07:00,,,,0,,,,,,,,,,,,,,,,,,,
2020-07-24 14:00:00,1001.6,34.0,55,0.0,0.0,3.5,182.0,0.0,,,,,2020-07-24T13:29:00,,,,0,,,,,,,,,,,,,,,,,,,
2020-07-24 15:00:00,1001.2,33.0,59,0.0,0.0,3.0,149.0,0.0,,,,,2020-07-24T14:32:00,,,,0,,,,,,,,,,,,,,,,,,,
2020-07-24 16:00:00,1000.9,32.0,61,0.1,0.0,3.5,155.0,0.0,,,,,2020-07-24T15:52:00,,,,0,,,,,,,,,,,,,,,,,,,
2020-07-24 17:00:00,1001.0,31.7,63,0.0,0.0,3.5,178.0,0.0,,,,,2020-07-24T16:08:00,,,,0,,,,,,,,,,,,,,,,,,,
2020-07-24 18:00:00,1001.3,30.5,69,0.0,0.0,1.3,167.0,0.0,,,,,2020-07-24T17:23:00,,,,0,,,,,,,,,,,,,,,,,,,
2020-07-24 19:00:00,1001.8,28.8,80,0.0,0.0,1.1,195.0,0.0,,,,,2020-07-24T18:13:00,,,,0,,,,,,,,,,,,,,,,,,,
2020-07-24 20:00:00,1002.5,27.5,86,0.0,0.0,1.9,342.0,0.0,,,,,2020-07-24T19:30:00,,,,0,,,,,,,,,,,,,,,,,,,
2020-07-24 21:00:00,1003.0,26.7,89,0.0,0.0,1.6,317.0,0.0,,,,,2020-07-24T20:25:00,,,,0,,,,,,,,,,,,,,,,,,,
2020-07-24 22:00:00,1003.3,26.1,90,0.1,0.0,1.3,350.0,0.0,,,,,2020-07-24T21:17:00,,,,0,,,,,,,,,,,,,,,,,,,
2020-07-24 23:00:00,1003.1,25.7,90,0.1,0.0,1.3,282.0,0.0,,,,,2020-07-24T22:03:00,,,,0,,,,,,,,,,,,,,,,,,,
2020-07-25 00:00:00,1002.8,25.4,91,0.1,0.0,1.6,342.0,0.0,,,,,2020-07-24T23:22:00,,,,0,,,,,,,,,,,,,,,,,,,
2020-07-25 01:00:00,1002.5,25.1,92,0.0,0.0,1.6,343.0,0.0,,,,,2020-07-25T00:08:00,,,,0,,,,,,,,,,,,,,,,,,,
2020-07-25 02:00:00,1002.6,25.2,92,0.0,0.0,1.3,351.0,0.0,,,,,2020-07-25T01:39:00,,,,0,,,,,,,,,,,,,,,,,,,
2020-07-25 03:00:00,1002.5,25.3,92,0.1,0.0,1.3,323.0,0.0,,,,,2020-07-25T02:04:00,,,,0,,,,,,,,,,,,,,,,,,,
2020-07-25 04:00:00,1002.2,25.3,92,0.0,0.0,0.0,0.0,0.0,,,,,2020-07-25T03:05:00,,,,0,,,,,,,,,,,,,,,,,,,
2020-07-25 05:00:00,1002.2,25.1,94,0.0,0.0,1.1,19.0,0.0,,,,,2020-07-25T04:30:00,,,,0,,,,,,,,,,,,,,,,,,,
2020-07-25 06:00:00,1002.3,25.3,93,0.0,0.0,0.0,0.0,0.0,,,,,2020-07-25T05:05:00,,,,0,,,,,,,,,,,,,,,,,,,
2020-07-25 07:00:00,1002.8,26.2,90,0.0,0.0,1.3,322.0,0.0,,,,,2020-07-25T06:51:00,,,,0,,,,,,,,,,,,,,,,,,,
2020-07-25 08:00:00,1002.9,28.3,84,0.0,0.0,0.8,321.0,0.0,,,,,2020-07-25T07:27:00,,,,0,,,,,,,,,,,,,,,,,,,
2020-07-25 09:00:00,1002.8,30.2,75,0.1,0.0,3.3,257.0,0.0,,,,,2020-07-25T08:53:00,,,,0,,,,,,,,,,,,,,,,,,,
2020-07-25 10:00:00,1002.8,31.7,65,0.7,334.0,3.0,309.0,0.0,,,,,2020-07-25T09:23:00,,,,0,,,,,,,,,,,,,,,,,,,
2020-07-25 11:00:00,-9999.7,-99.7,-9997,-99.7,-999.7,1.9,208.0,0.0,,,,,2020-07-25T10:03:00,,,,0,,,,,,,,,,,,,,,,,,,
2020-07-25 12:00:00,-9999.7,-99.7,-9997,-99.7,-999.7,3.3,181.0,0.0,,,,,2020-07-25T11:39:00,,,,0,,,,,,,,,,,,,,,,,,,
2020-07-25 13:00:00,1002.9,24.8,96,0.0,0.0,5.5,323.0,13.0,,,,,2020-07-25T12:38:00,,,,0,,,,,,,,,,,,,,,,,,,
2020-07-25 14:00:00,1002.4,23.6,96,0.4,279.0,5.5,253.0,7.0,,,,,2020-07-25T13:49:00,,,,0,,,,,,,,,,,,,,,,,,,
2020-07-25 15:00:00,1003.7,22.8,94,0.1,0.0,2.2,248.0,1.0,,,,,2020-07-25T14:02:00,,,,0,,,,,,,,,,,,,,,,,,,
2020-07-25 16:00:00,1002.2,23.4,96,0.0,0.0,2.4,315.0,1.5,,,,,2020-07-25T15:01:00,,,,0,,,,,,,,,,,,,,,,,,,
2020-07-25 17:00:00,1001.2,25.3,92,0.1,0.0,1.6,250.0,0.0,,,,,2020-07-25T16:52:00,,,,0,,,,,,,,,,,,,,,,,,,
2020-07-25 18:00:00,1001.6,25.5,94,0.1,0.0,2.2,237.0,0.0,,,,,2020-07-25T17:36:00,,,,0,,,,,,,,,,,,,,,,,,,
2020-07-25 19:00:00,1002.4,25.1,96,0.0,0.0,1.3,350.0,0.0,,,,,2020-07-25T18:07:00,,,,0,,,,,,,,,,,,,,,,,,,
2020-07-25 20:00:00,1002.7,24.5,96,0.0,0.0,1.3,281.0,0.0,,,,,2020-07-25T19:20:00,,,,0,,,,,,,,,,,,,,,,,,,
2020-07-25 21:00:00,1003.4,24.2,96,0.0,0.0,1.6,334.0,0.0,,,,,2020-07-25T20:15:00,,,,0,,,,,,,,,,,,,,,,,,,
2020-07-25 22:00:00,1003.8,23.9,97,0.0,0.0,1.3,274.0,0.0,,,,,2020-07-25T21:54:00,,,,0,,,,,,,,,,,,,,,,,,,
2020-07-25 23:00:00,1003.5,23.5,97,0.2,0.0,1.3,336.0,0.0,,,,,2020-07-25T22:27:00,,,,0,,,,,,,,,,,,,,,,,,,
2020-07-26 00:00:00,1003.2,23.4,97,0.0,0.0,1.9,337.0,0.0,,,,,2020-07-25T23:22:00,,,,0,,,,,,,,,,,,,,,,,,,
2020-07-26 01:00:00,1002.9,23.2,96,0.0,0.0,2.2,241.0,0.0,,,,,2020-07-26T00:35:00,,,,0,,,,,,,,,,,,,,,,,,,
2020-07-26 02:00:00,-9999.7,-99.7,-9997,-99.7,-999.7,0.8,305.0,0.0,,,,,2020-07-26T01:31:00,,,,0,,,,,,,,,,,,,,,,,,,
2020-07-26 03:00:00,1002.0,23.3,96,0.0,0.0,0.8,343.0,0.0,,,,,2020-07-26T02:13:00,,,,0,,,,,,,,,,,,,,,,,,,
2020-07-26 04:00:00,1002.0,23.2,96,0.0,0.0,0.0,0.0,0.0,,,,,2020-07-26T03:05:00,,,,0,,,,,,,,,,,,,,,,,,,
2020-07-26 05:00:00,1001.9,23.3,96,0.4,340.0,1.6,350.0,0.0,,,,,2020-07-26T04:52:00,,,,0,,,,,,,,,,,,,,,,,,,
2020-07-26 06:00:00,1002.3,23.5,96,0.0,0.0,1.9,352.0,0.0,,,,,2020-07-26T05:21:00,,,,0,,,,,,,,,,,,,,,,,,,
2020-07-26 07:00:00,1002.9,24.6,94,0.1,0.0,1.9,334.0,0.0,,,,,2020-07-26T06:35:00,,,,0,,,,,,,,,,,,,,,,,,,
2020-07-26 08:00:00,1003.0,26.0,90,0.0,0.0,0.8,333.0,0.0,,,,,2020-07-26T07:03:00,,,,0,,,,,,,,,,,,,,,,,,,
2020-07-26 09:00:00,1002.6,28.2,83,0.2,0.0,1.6,342.0,0.0,,,,,2020-07-26T08:47:00,,,,0,,,,,,,,,,,,,,,,,,,
2020-07-26 10:00:00,1002.0,30.6,70,0.4,271.0,5.5,272.0,0.0,,,,,2020-07-26T09:50:00,,,,0,,,,,,,,,,,,,,,,,,,
2020-07-26 11:00:00,1001.8,32.1,62,1.1,288.0,5.5,244.0,0.0,,,,,2020-07-26T10:36:00,,,,0,,,,,,,,,,,,,,,,,,,
2020-07-26 12:00:00,1002.0,34.0,59,0.4,95.0,4.9,259.0,0.0,,,,,2020-07-26T11:27:00,,,,0,,,,,,,,,,,,,,,,,,,
2020-07-26 13:00:00,1001.6,32.9,69,0.2,0.0,1.9,190.0,0.0,,,,,2020-07-26T12:05:00,,,,0,,,,,,,,,,,,,,,,,,,
2020-07-26 14:00:00,1000.8,32.9,68,0.1,0.0,3.0,153.0,0.0,,,,,2020-07-26T13:09:00,,,,0,,,,,,,,,,,,,,,,,,,
2020-07-26 15:00:00,1000.5,33.0,63,0.3,255.0,2.4,142.0,0.0,,,,,2020-07-26T14:47:00,,,,0,,,,,,,,,,,,,,,,,,,
2020-07-26 16:00:00,1001.6,29.6,74,1.2,315.0,3.5,269.0,0.0,,,,,2020-07-26T15:53:00,,,,0,,,,,,,,,,,,,,,,,,,
2020-07-26 17:00:00,1001.6,28.5,76,0.0,0.0,3.0,337.0,0.0,,,,,2020-07-26T16:12:00,,,,0,,,,,,,,,,,,,,,,,,,
2020-07-26 18:00:00,-9999.7,-99.7,-9997,-99.7,-999.7,2.4,261.0,0.0,,,,,2020-07-26T17:31:00,,,,0,,,,,,,,,,,,,,,,,,,
2020-07-26 19:00:00,1002.4,26.7,83,0.1,0.0,1.9,265.0,0.0,,,,,2020-07-26T18:48:00,,,,0,,,,,,,,,,,,,,,,,,,
2020-07-26 20:00:00,1002.8,26.1,88,0.0,0.0,2.2,273.0,0.0,,,,,2020-07-26T19:24:00,,,,0,,,,,,,,,,,,,,,,,,,
2020-07-26 21:00:00,1003.0,25.6,90,0.1,0.0,1.3,328.0,0.0,,,,,2020-07-26T20:13:00,,,,0,,,,,,,,,,,,,,,,,,,
2020-07-26 22:00:00,1003.4,25.4,91,0.0,0.0,1.9,341.0,0.0,,,,,2020-07-26T21:32:00,,,,0,,,,,,,,,,,,,,,,,,,
2020-07-26 23:00:00,1002.8,25.3,92,0.0,0.0,1.9,331.0,0.0,,,,,2020-07-26T22:17:00,,,,0,,,,,,,,,,,,,,,,,,,
2020-07-27 00:00:00,1002.4,24.9,93,0.0,0.0,1.3,320.0,0.0,,,,,2020-07-26T23:04:00,,,,0,,,,,,,,,,,,,,,,,,,
2020-07-27 01:00:00,1002.3,24.6,94,0.0,0.0,1.3,324.0,0.0,,,,,2020-07-27T01:00:00,,,,0,,,,,,,,,,,,,,,,,,,
2020-07-27 02:00:00,1002.0,24.3,94,0.0,0.0,1.3,343.0,0.0,,,,,2020-07-27T01:20:00,,,,0,,,,,,,,,,,,,,,,,,,
2020-07-27 03:00:00,1001.3,24.0,95,0.0,0.0,0.8,326.0,0.0,,,,,2020-07-27T02:07:00,,,,0,,,,,,,,,,,,,,,,,,,
2020-07-27 04:00:00,1001.5,23.9,95,0.0,0.0,0.0,0.0,0.0,,,,,2020-07-27T03:05:00,,,,0,,,,,,,,,,,,,,,,,,,
2020-07-27 05:00:00,1002.0,23.8,95,0.0,0.0,1.1,280.0,0.0,,,,,2020-07-27T04:06:00,,,,0,,,,,,,,,,,,,,,,,,,
2020-07-27 06:00:00,1002.1,23.8,95,0.0,0.0,1.3,328.0,0.0,,,,,2020-07-27T05:49:00,,,,0,,,,,,,,,,,,,,,,,,,
2020-07-27 07:00:00,1002.4,24.9,92,0.0,0.0,1.9,325.0,0.0,,,,,2020-07-27T06:20:00,,,,0,,,,,,,,,,,,,,,,,,,
2020-07-27 08:00:00,1002.9,27.1,86,0.1,0.0,1.9,265.0,0.0,,,,,2020-07-27T07:45:00,,,,0,,,,,,,,,,,,,,,,,,,
2020-07-27 09:00:00,1003.2,30.3,73,0.2,0.0,1.9,266.0,0.0,,,,,2020-07-27T08:20:00,,,,0,,,,,,,,,,,,,,,,,,,
2020-07-27 10:00:00,1003.1,32.1,67,0.1,0.0,1.6,137.0,0.0,,,,,2020-07-27T09:25:00,,,,0,,,,,,,,,,,,,,,,,,,
2020-07-27 11:00:00,1003.0,32.9,65,0.1,0.0,3.0,162.0,0.0,,,,,2020-07-27T10:10:00,,,,0,,,,,,,,,,,,,,,,,,,
2020-07-27 12:00:00,1002.6,33.8,59,0.2,0.0,2.2,99.0,0.0,,,,,2020-07-27T11:05:00,,,,0,,,,,,,,,,,,,,,,,,,
2020-07-27 13:00:00,1002.0,34.5,55,0.4,206.0,2.7,334.0,0.0,,,,,2020-07-27T12:20:00,,,,0,,,,,,,,,,,,,,,,,,,
2020-07-27 14:00:00,1001.8,32.6,58,0.4,190.0,1.9,137.0,0.0,,,,,2020-07-27T13:28:00,,,,0,,,,,,,,,,,,,,,,,,,
2020-07-27 15:00:00,1002.1,30.8,70,0.0,0.0,1.9,196.0,0.0,,,,,2020-07-27T14:04:00,,,,0,,,,,,,,,,,,,,,,,,,
2020-07-27 16:00:00,1002.5,29.5,76,0.3,154.0,3.3,181.0,0.0,,,,,2020-07-27T15:50:00,,,,0,,,,,,,,,,,,,,,,,,,
2020-07-27 17:00:00,1002.6,27.4,88,0.0,0.0,2.4,155.0,0.0,,,,,2020-07-27T16:01:00,,,,0,,,,,,,,,,,,,,,,,,,
2020-07-27 18:00:00,1002.2,26.6,94,0.0,0.0,2.2,327.0,0.0,,,,,2020-07-27T17:20:00,,,,0,,,,,,,,,,,,,,,,,,,
2020-07-27 19:00:00,1002.7,26.1,95,0.0,0.0,1.1,244.0,0.0,,,,,2020-07-27T18:44:00,,,,0,,,,,,,,,,,,,,,,,,,
2020-07-27 20:00:00,1003.2,25.5,95,0.0,0.0,1.3,322.0,0.0,,,,,2020-07-27T19:43:00,,,,0,,,,,,,,,,,,,,,,,,,
2020-07-27 21:00:00,1003.8,25.0,94,0.0,0.0,1.1,234.0,0.0,,,,,2020-07-27T20:09:00,,,,0,,,,,,,,,,,,,,,,,,,
2020-07-27 22:00:00,1004.4,25.0,95,0.0,0.0,1.3,251.0,0.0,,,,,2020-07-27T21:13:00,,,,0,,,,,,,,,,,,,,,,,,,
2020-07-27 23:00:00,1004.0,24.7,95,0.0,0.0,1.6,322.0,0.0,,,,,2020-07-27T22:16:00,,,,0,,,,,,,,,,,,,,,,,,,
2020-07-28 00:00:00,1003.8,24.8,95,0.2,0.0,2.2,345.0,0.0,,,,,2020-07-27T23:29:00,,,,0,,,,,,,,,,,,,,,,,,,
2020-07-28 01:00:00,1003.4,25.1,94,0.0,0.0,1.9,348.0,0.0,,,,,2020-07-28T00:02:00,,,,0,,,,,,,,,,,,,,,,,,,
2020-07-28 02:00:00,1002.5,25.0,95,0.0,0.0,1.9,330.0,0.0,,,,,2020-07-28T01:12:00,,,,0,,,,,,,,,,,,,,,,,,,
2020-07-28 03:00:00,1003.0,24.9,95,0.0,0.0,1.3,332.0,0.0,,,,,2020-07-28T02:21:00,,,,0,,,,,,,,,,,,,,,,,,,
2020-07-28 04:00:00,1003.2,24.6,95,0.0,0.0,1.3,271.0,0.0,,,,,2020-07-28T03:32:00,,,,0,,,,,,,,,,,,,,,,,,,
2020-07-28 05:00:00,1003.9,24.3,96,0.0,0.0,0.8,256.0,0.0,,,,,2020-07-28T04:31:00,,,,0,,,,,,,,,,,,,,,,,,,
2020-07-28 06:00:00,1004.2,24.1,96,0.0,0.0,1.1,277.0,0.0,,,,,2020-07-28T05:32:00,,,,0,,,,,,,,,,,,,,,,,,,
2020-07-28 07:00:00,1004.5,25.0,91,0.0,0.0,1.3,333.0,0.0,,,,,2020-07-28T06:11:00,,,,0,,,,,,,,,,,,,,,,,,,
2020-07-28 08:00:00,1004.6,27.7,80,0.0,0.0,0.8,316.0,0.0,,,,,2020-07-28T07:58:00,,,,0,,,,,,,,,,,,,,,,,,,
2020-07-28 09:00:00,1004.8,30.1,70,0.0,0.0,1.3,165.0,0.0,,,,,2020-07-28T08:53:00,,,,0,,,,,,,,,,,,,,,,,,,
2020-07-28 10:00:00,1004.9,31.9,68,0.0,0.0,1.1,181.0,0.0,,,,,2020-07-28T09:56:00,,,,0,,,,,,,,,,,,,,,,,,,
2020-07-28 11:00:00,1004.5,32.9,63,0.2,0.0,1.9,204.0,0.0,,,,,2020-07-28T10:40:00,,,,0,,,,,,,,,,,,,,,,,,,
2020-07-28 12:00:00,1003.9,32.9,61,0.3,197.0,1.9,184.0,0.0,,,,,2020-07-28T11:47:00,,,,0,,,,,,,,,,,,,,,,,,,
2020-07-28 13:00:00,1003.8,31.9,66,0.3,182.0,2.2,225.0,0.0,,,,,2020-07-28T12:20:00,,,,0,,,,,,,,,,,,,,,,,,,
2020-07-28 14:00:00,1003.4,29.9,77,0.0,0.0,1.9,218.0,0.0,,,,,2020-07-28T13:30:00,,,,0,,,,,,,,,,,,,,,,,,,
2020-07-28 15:00:00,1003.2,28.8,81,0.0,0.0,1.9,141.0,0.0,,,,,2020-07-28T14:49:00,,,,0,,,,,,,,,,,,,,,,,,,
2020-07-28 16:00:00,1002.9,27.9,88,0.1,0.0,2.4,185.0,0.5,,,,,2020-07-28T15:26:00,,,,0,,,,,,,,,,,,,,,,,,,
2020-07-28 17:00:00,1003.0,29.1,77,0.3,166.0,4.9,187.0,0.0,,,,,2020-07-28T16:20:00,,,,0,,,,,,,,,,,,,,,,,,,
2020-07-28 18:00:00,1003.3,28.6,80,0.2,0.0,1.9,168.0,0.0,,,,,2020-07-28T17:06:00,,,,0,,,,,,,,,,,,,,,,,,,
2020-07-28 19:00:00,1004.0,28.4,80,0.1,0.0,3.3,222.0,0.0,,,,,2020-07-28T18:11:00,,,,0,,,,,,,,,,,,,,,,,,,
2020-07-28 20:00:00,1004.1,27.3,87,0.0,0.0,3.0,184.0,0.0,,,,,2020-07-28T19:01:00,,,,0,,,,,,,,,,,,,,,,,,,
2020-07-28 21:00:00,1004.7,26.6,91,0.0,0.0,1.9,322.0,0.0,,,,,2020-07-28T20:04:00,,,,0,,,,,,,,,,,,,,,,,,,
2020-07-28 22:00:00,1005.0,26.4,91,0.0,0.0,1.3,328.0,0.0,,,,,2020-07-28T21:10:00,,,,0,,,,,,,,,,,,,,,,,,,
2020-07-28 23:00:00,1004.7,25.9,93,0.0,0.0,2.4,331.0,0.0,,,,,2020-07-28T22:41:00,,,,0,,,,,,,,,,,,,,,,,,,
2020-07-29 00:00:00,1004.3,25.3,94,0.0,0.0,1.9,327.0,0.0,,,,,2020-07-28T23:14:00,,,,0,,,,,,,,,,,,,,,,,,,
2020-07-29 01:00:00,1004.0,24.9,94,0.5,331.0,1.9,341.0,0.0,,,,,2020-07-29T00:56:00,,,,0,,,,,,,,,,,,,,,,,,,
2020-07-29 02:00:00,1003.6,24.5,95,0.0,0.0,1.9,333.0,0.0,,,,,2020-07-29T01:48:00,,,,0,,,,,,,,,,,,,,,,,,,
2020-07-29 03:00:00,1003.7,24.4,95,0.1,0.0,1.6,352.0,0.0,,,,,2020-07-29T02:18:00,,,,0,,,,,,,,,,,,,,,,,,,
2020-07-29 04:00:00,1003.6,24.2,95,0.0,0.0,0.8,312.0,0.0,,,,,2020-07-29T03:20:00,,,,0,,,,,,,,,,,,,,,,,,,
2020-07-29 05:00:00,1003.8,23.9,96,0.0,0.0,1.3,317.0,0.0,,,,,2020-07-29T04:28:00,,,,0,,,,,,,,,,,,,,,,,,,
2020-07-29 06:00:00,1004.2,23.8,96,0.0,0.0,1.3,326.0,0.0,,,,,2020-07-29T05:57:00,,,,0,,,,,,,,,,,,,,,,,,,
2020-07-29 07:00:00,1004.5,24.9,93,0.0,0.0,0.8,326.0,0.0,,,,,2020-07-29T06:07:00,,,,0,,,,,,,,,,,,,,,,,,,
2020-07-29 08:00:00,1004.4,28.9,76,0.3,158.0,3.3,154.0,0.0,,,,,2020-07-29T08:00:00,,,,0,,,,,,,,,,,,,,,,,,,
2020-07-29 09:00:00,1004.9,29.7,72,0.5,173.0,3.8,191.0,0.0,,,,,2020-07-29T08:57:00,,,,0,,,,,,,,,,,,,,,,,,,
2020-07-29 10:00:00,-9999.7,-99.7,-9997,-99.7,-999.7,3.0,59.0,0.0,,,,,2020-07-29T09:40:00,,,,0,,,,,,,,,,,,,,,,,,,
2020-07-29 11:00:00,1004.5,30.8,69,0.4,147.0,3.3,108.0,0.0,,,,,2020-07-29T10:11:00,,,,0,,,,,,,,,,,,,,,,,,,
2020-07-29 12:00:00,1004.2,30.4,71,0.3,129.0,3.0,156.0,0.0,,,,,2020-07-29T11:25:00,,,,0,,,,,,,,,,,,,,,,,,,
2020-07-29 13:00:00,1003.9,30.5,71,0.4,134.0,3.5,98.0,0.0,,,,,2020-07-29T12:46:00,,,,0,,,,,,,,,,,,,,,,,,,
2020-07-29 14:00:00,1003.4,30.7,71,0.2,0.0,4.1,170.0,0.0,,,,,2020-07-29T13:38:00,,,,0,,,,,,,,,,,,,,,,,,,
2020-07-29 15:00:00,-9999.7,-99.7,-9997,-99.7,-999.7,5.5,164.0,0.0,,,,,2020-07-29T14:47:00,,,,0,,,,,,,,,,,,,,,,,,,
2020-07-29 16:00:00,1002.8,30.6,69,0.3,146.0,6.6,180.0,0.0,,,,,2020-07-29T15:46:00,,,,0,,,,,,,,,,,,,,,,,,,
2020-07-29 17:00:00,1002.8,29.8,74,0.5,150.0,3.0,64.0,0.0,,,,,2020-07-29T16:35:00,,,,0,,,,,,,,,,,,,,,,,,,
2020-07-29 18:00:00,1003.1,29.2,76,0.2,0.0,3.8,176.0,0.0,,,,,2020-07-29T17:32:00,,,,0,,,,,,,,,,,,,,,,,,,
2020-07-29 19:00:00,1003.8,28.6,79,0.3,141.0,3.3,175.0,0.0,,,,,2020-07-29T18:05:00,,,,0,,,,,,,,,,,,,,,,,,,
2020-07-29 20:00:00,1004.6,28.6,80,0.2,0.0,3.8,184.0,0.0,,,,,2020-07-29T19:41:00,,,,0,,,,,,,,,,,,,,,,,,,
2020-07-29 21:00:00,1005.3,28.6,79,0.5,155.0,4.9,186.0,0.0,,,,,2020-07-29T20:59:00,,,,0,,,,,,,,,,,,,,,,,,,
2020-07-29 22:00:00,1005.6,28.4,81,0.3,163.0,2.4,155.0,0.0,,,,,2020-07-29T21:07:00,,,,0,,,,,,,,,,,,,,,,,,,
2020-07-29 23:00:00,1005.8,28.1,83,0.0,0.0,1.9,163.0,0.0,,,,,2020-07-29T22:15:00,,,,0,,,,,,,,,,,,,,,,,,,
2020-07-30 00:00:00,1005.1,28.1,83,0.0,0.0,1.9,323.0,0.0,,,,,2020-07-29T23:46:00,,,,0,,,,,,,,,,,,,,,,,,,
2020-07-30 01:00:00,1004.5,27.7,84,0.0,0.0,1.1,124.0,0.0,,,,,2020-07-30T00:27:00,,,,0,,,,,,,,,,,,,,,,,,,
2020-07-30 02:00:00,1004.8,27.6,78,0.1,0.0,2.4,162.0,0.0,,,,,2020-07-30T01:07:00,,,,0,,,,,,,,,,,,,,,,,,,
2020-07-30 03:00:00,1003.1,27.3,86,0.0,0.0,1.6,165.0,0.0,,,,,2020-07-30T02:06:00,,,,0,,,,,,,,,,,,,,,,,,,
2020-07-30 04:00:00,1003.5,26.8,88,0.0,0.0,3.0,175.0,0.0,,,,,2020-07-30T03:24:00,,,,0,,,,,,,,,,,,,,,,,,,
2020-07-30 05:00:00,1003.8,26.8,88,0.6,335.0,1.6,333.0,0.0,,,,,2020-07-30T04:56:00,,,,0,,,,,,,,,,,,,,,,,,,
2020-07-30 06:00:00,1004.2,26.6,88,0.0,0.0,0.8,341.0,0.0,,,,,2020-07-30T05:29:00,,,,0,,,,,,,,,,,,,,,,,,,
2020-07-30 07:00:00,1005.1,27.8,82,0.0,0.0,1.6,184.0,0.0,,,,,2020-07-30T06:39:00,,,,0,,,,,,,,,,,,,,,,,,,
2020-07-30 08:00:00,1005.3,28.5,80,0.1,0.0,2.4,187.0,0.0,,,,,2020-07-30T07:53:00,,,,0,,,,,,,,,,,,,,,,,,,
2020-07-30 09:00:00,-9999.7,-99.7,-9997,-99.7,-999.7,3.3,138.0,0.0,,,,,2020-07-30T08:29:00,,,,0,,,,,,,,,,,,,,,,,,,
2020-07-30 10:00:00,1005.0,28.5,82,0.3,83.0,5.5,133.0,0.0,,,,,2020-07-30T09:45:00,,,,0,,,,,,,,,,,,,,,,,,,
2020-07-30 11:00:00,1005.3,28.7,78,0.2,0.0,2.2,112.0,0.0,,,,,2020-07-30T10:58:00,,,,0,,,,,,,,,,,,,,,,,,,
2020-07-30 12:00:00,1004.7,28.5,81,0.0,0.0,3.5,170.0,0.0,,,,,2020-07-30T11:05:00,,,,0,,,,,,,,,,,,,,,,,,,
2020-07-30 13:00:00,1004.9,28.5,82,0.2,0.0,3.0,177.0,0.0,,,,,2020-07-30T12:26:00,,,,0,,,,,,,,,,,,,,,,,,,
2020-07-30 14:00:00,1004.5,28.0,82,0.3,132.0,3.8,154.0,0.0,,,,,2020-07-30T13:03:00,,,,0,,,,,,,,,,,,,,,,,,,
2020-07-30 15:00:00,1004.5,27.1,88,0.0,0.0,4.1,182.0,0.0,,,,,2020-07-30T14:29:00,,,,0,,,,,,,,,,,,,,,,,,,
2020-07-30 16:00:00,1004.6,27.5,84,0.0,0.0,1.9,164.0,0.0,,,,,2020-07-30T15:43:00,,,,0,,,,,,,,,,,,,,,,,,,
2020-07-30 17:00:00,1003.8,27.3,88,0.0,0.0,1.9,181.0,0.0,,,,,2020-07-30T16:21:00,,,,0,,,,,,,,,,,,,,,,,,,
2020-07-30 18:00:00,1003.7,27.6,83,0.0,0.0,2.2,86.0,0.0,,,,,2020-07-30T17:36:00,,,,0,,,,,,,,,,,,,,,,,,,
2020-07-30 19:00:00,1003.9,27.1,87,0.0,0.0,2.2,202.0,0.0,,,,,2020-07-30T18:18:00,,,,0,,,,,,,,,,,,,,,,,,,
2020-07-30 20:00:00,1004.3,27.4,86,0.1,0.0,2.4,126.0,0.0,,,,,2020-07-30T19:03:00,,,,0,,,,,,,,,,,,,,,,,,,
2020-07-30 21:00:00,1004.7,27.6,84,0.2,0.0,1.9,224.0,0.0,,,,,2020-07-30T20:12:00,,,,0,,,,,,,,,,,,,,,,,,,
2020-07-30 22:00:00,1004.7,27.7,85,0.2,0.0,2.4,66.0,0.0,,,,,2020-07-30T21:39:00,,,,0,,,,,,,,,,,,,,,,,,,
2020-07-30 23:00:00,1004.4,27.5,89,0.2,0.0,3.0,157.0,0.5,,,,,2020-07-30T22:23:00,,,,0,,,,,,,,,,,,,,,,,,,
2020-07-31 00:00:00,1004.4,26.5,93,0.0,0.0,6.0,174.0,3.0,,,,,2020-07-30T23:55:00,,,,0,,,,,,,,,,,,,,,,,,,
2020-07-31 01:00:00,1004.4,26.1,96,0.4,195.0,2.7,244.0,3.5,,,,,2020-07-31T00:57:00,,,,0,,,,,,,,,,,,,,,,,,,
2020-07-31 02:00:00,1003.7,25.8,95,0.0,0.0,2.4,134.0,0.5,,,,,2020-07-31T01:04:00,,,,0,,,,,,,,,,,,,,,,,,,
2020-07-31 03:00:00,1003.4,25.7,93,0.1,0.0,1.9,123.0,0.0,,,,,2020-07-31T02:38:00,,,,0,,,,,,,,,,,,,,,,,,,
2020-07-31 04:00:00,1003.3,26.0,90,0.1,0.0,3.0,160.0,0.0,,,,,2020-07-31T03:48:00,,,,0,,,,,,,,,,,,,,,,,,,
2020-07-31 05:00:00,1003.1,26.6,88,0.1,0.0,3.3,213.0,0.0,,,,,2020-07-31T04:10:00,,,,0,,,,,,,,,,,,,,,,,,,
2020-07-31 06:00:00,1003.9,27.2,84,0.7,153.0,5.5,213.0,0.0,,,,,2020-07-31T05:49:00,,,,0,,,,,,,,,,,,,,,,,,,
2020-07-31 07:00:00,1004.6,27.9,82,1.0,166.0,6.0,170.0,0.0,,,,,2020-07-31T06:17:00,,,,0,,,,,,,,,,,,,,,,,,,
2020-07-31 08:00:00,1005.0,28.6,80,1.0,163.0,7.1,174.0,0.0,,,,,2020-07-31T07:50:00,,,,0,,,,,,,,,,,,,,,,,,,
2020-07-31 09:00:00,1005.3,28.7,82,0.2,0.0,4.9,172.0,0.0,,,,,2020-07-31T08:07:00,,,,0,,,,,,,,,,,,,,,,,,,
2020-07-31 10:00:00,1005.1,29.5,78,0.9,169.0,8.2,171.0,0.0,,,,,2020-07-31T09:46:00,,,,0,,,,,,,,,,,,,,,,,,,
2020-07-31 11:00:00,1005.1,30.1,74,1.5,166.0,8.2,149.0,0.0,,,,,2020-07-31T10:52:00,,,,0,,,,,,,,,,,,,,,,,,,
2020-07-31 12:00:00,1004.5,30.9,70,1.4,177.0,7.7,192.0,0.0,,,,,2020-07-31T11:58:00,,,,0,,,,,,,,,,,,,,,,,,,
2020-07-31 13:00:00,1004.0,31.5,68,0.7,172.0,7.1,164.0,0.0,,,,,2020-07-31T12:03:00,,,,0,,,,,,,,,,,,,,,,,,,
2020-07-31 14:00:00,1003.7,31.0,68,0.8,156.0,4.9,195.0,0.0,,,,,2020-07-31T13:09:00,,,,0,,,,,,,,,,,,,,,,,,,
2020-07-31 15:00:00,1003.4,30.6,69,1.8,177.0,6.6,166.0,0.0,,,,,2020-07-31T15:00:00,,,,0,,,,,,,,,,,,,,,,,,,
2020-07-31 16:00:00,1003.1,30.3,74,0.9,174.0,6.6,177.0,0.0,,,,,2020-07-31T15:32:00,,,,0,,,,,,,,,,,,,,,,,,,
2020-07-31 17:00:00,1003.0,30.0,75,1.1,171.0,7.1,176.0,0.0,,,,,2020-07-31T16:53:00,,,,0,,,,,,,,,,,,,,,,,,,
2020-07-31 18:00:00,1003.0,29.5,72,1.6,169.0,8.2,173.0,0.0,,,,,2020-07-31T17:42:00,,,,0,,,,,,,,,,,,,,,,,,,
2020-07-31 19:00:00,1003.2,29.0,76,1.7,165.0,9.9,174.0,0.0,,,,,2020-07-31T18:38:00,,,,0,,,,,,,,,,,,,,,,,,,
2020-07-31 20:00:00,1004.0,29.0,77,0.9,167.0,6.6,148.0,0.0,,,,,2020-07-31T19:41:00,,,,0,,,,,,,,,,,,,,,,,,,
2020-07-31 21:00:00,1004.4,29.0,77,0.6,162.0,6.6,182.0,0.0,,,,,2020-07-31T20:47:00,,,,0,,,,,,,,,,,,,,,,,,,
2020-07-31 22:00:00,1004.9,28.9,79,0.9,172.0,5.5,203.0,0.0,,,,,2020-07-31T21:10:00,,,,0,,,,,,,,,,,,,,,,,,,
2020-07-31 23:00:00,1005.0,28.8,77,1.1,149.0,7.1,170.0,0.0,,,,,2020-07-31T22:59:00,,,,0,,,,,,,,,,,,,,,,,,,
2020-08-01 00:00:00,1005.1,28.6,79,0.4,173.0,7.7,167.0,0.0,,,,,2020-07-31T23:53:00,,,,0,,,,,,,,,,,,,,,,,,,
2020-08-01 01:00:00,1004.6,28.6,79,1.2,172.0,5.5,157.0,0.0,,,,,2020-08-01T00:34:00,,,,0,,,,,,,,,,,,,,,,,,,
2020-08-01 02:00:00,1004.1,28.5,80,1.0,155.0,8.8,182.0,0.0,,,,,2020-08-01T01:44:00,,,,0,,,,,,,,,,,,,,,,,,,
2020-08-01 03:00:00,1003.9,28.5,78,1.5,156.0,5.5,166.0,0.0,,,,,2020-08-01T02:26:00,,,,0,,,,,,,,,,,,,,,,,,,
2020-08-01 04:00:00,1003.9,28.5,76,1.0,155.0,9.3,165.0,0.0,,,,,2020-08-01T03:17:00,,,,0,,,,,,,,,,,,,,,,,,,
2020-08-01 05:00:00,1004.1,28.4,76,1.3,149.0,7.7,179.0,0.0,,,,,2020-08-01T04:02:00,,,,0,,,,,,,,,,,,,,,,,,,
2020-08-01 06:00:00,1004.6,28.2,77,0.6,159.0,7.1,180.0,0.0,,,,,2020-08-01T05:05:00,,,,0,,,,,,,,,,,,,,,,,,,
2020-08-01 07:00:00,1004.7,28.6,77,0.9,151.0,4.9,122.0,0.0,,,,,2020-08-01T06:58:00,,,,0,,,,,,,,,,,,,,,,,,,
2020-08-01 08:00:00,1004.9,28.7,78,0.6,172.0,6.6,175.0,0.0,,,,,2020-08-01T07:50:00,,,,0,,,,,,,,,,,,,,,,,,,
2020-08-01 09:00:00,1005.1,29.3,74,1.2,160.0,4.9,142.0,0.0,,,,,2020-08-01T08:16:00,,,,0,,,,,,,,,,,,,,,,,,,
2020-08-01 10:00:00,1004.8,29.6,74,1.0,162.0,5.5,168.0,0.0,,,,,2020-08-01T09:04:00,,,,0,,,,,,,,,,,,,,,,,,,
2020-08-01 11:00:00,1004.5,30.2,73,0.7,124.0,4.9,198.0,0.0,,,,,2020-08-01T10:07:00,,,,0,,,,,,,,,,,,,,,,,,,
2020-08-01 12:00:00,1004.1,30.7,71,0.6,128.0,4.1,171.0,0.0,,,,,2020-08-01T11:03:00,,,,0,,,,,,,,,,,,,,,,,,,
2020-08-01 13:00:00,1003.8,30.8,71,0.4,145.0,5.5,129.0,0.0,,,,,2020-08-01T12:07:00,,,,0,,,,,,,,,,,,,,,,,,,
2020-08-01 14:00:00,1003.3,31.0,71,0.7,130.0,4.9,195.0,0.0,,,,,2020-08-01T13:07:00,,,,0,,,,,,,,,,,,,,,,,,,
2020-08-01 15:00:00,1003.2,30.9,72,0.4,179.0,3.8,179.0,0.0,,,,,2020-08-01T14:22:00,,,,0,,,,,,,,,,,,,,,,,,,
2020-08-01 16:00:00,1003.0,30.2,74,0.3,156.0,4.9,163.0,0.0,,,,,2020-08-01T15:30:00,,,,0,,,,,,,,,,,,,,,,,,,
2020-08-01 17:00:00,1003.2,29.7,76,0.9,167.0,4.1,186.0,0.0,,,,,2020-08-01T16:59:00,,,,0,,,,,,,,,,,,,,,,,,,
2020-08-01 18:00:00,1003.6,29.6,74,0.5,169.0,7.1,185.0,0.0,,,,,2020-08-01T17:29:00,,,,0,,,,,,,,,,,,,,,,,,,
2020-08-01 19:00:00,1004.2,29.0,76,0.0,0.0,4.1,187.0,0.0,,,,,2020-08-01T18:16:00,,,,0,,,,,,,,,,,,,,,,,,,
2020-08-01 20:00:00,1004.5,28.7,78,0.3,157.0,3.0,165.0,0.0,,,,,2020-08-01T19:08:00,,,,0,,,,,,,,,,,,,,,,,,,
2020-08-01 21:00:00,1005.0,28.5,80,0.0,0.0,2.7,220.0,0.0,,,,,2020-08-01T20:26:00,,,,0,,,,,,,,,,,,,,,,,,,
2020-08-01 22:00:00,1005.8,26.6,88,0.1,0.0,1.6,250.0,0.0,,,,,2020-08-01T21:19:00,,,,0,,,,,,,,,,,,,,,,,,,
2020-08-01 23:00:00,1005.7,26.2,90,0.0,0.0,1.6,326.0,0.0,,,,,2020-08-01T22:13:00,,,,0,,,,,,,,,,,,,,,,,,,
2020-08-02 00:00:00,1005.7,25.5,92,0.1,0.0,1.3,305.0,0.0,,,,,2020-08-01T23:37:00,,,,0,,,,,,,,,,,,,,,,,,,
2020-08-02 01:00:00,1005.2,25.1,93,0.0,0.0,1.3,328.0,0.0,,,,,2020-08-02T00:09:00,,,,0,,,,,,,,,,,,,,,,,,,
2020-08-02 02:00:00,1004.5,24.8,94,0.0,0.0,1.6,331.0,0.0,,,,,2020-08-02T01:27:00,,,,0,,,,,,,,,,,,,,,,,,,
2020-08-02 03:00:00,1004.3,24.5,95,0.0,0.0,1.3,321.0,0.0,,,,,2020-08-02T02:07:00,,,,0,,,,,,,,,,,,,,,,,,,
2020-08-02 04:00:00,1004.1,24.3,95,0.0,0.0,0.8,327.0,0.0,,,,,2020-08-02T03:02:00,,,,0,,,,,,,,,,,,,,,,,,,
2020-08-02 05:00:00,1004.0,24.1,94,0.3,328.0,1.6,349.0,0.0,,,,,2020-08-02T04:58:00,,,,0,,,,,,,,,,,,,,,,,,,
2020-08-02 06:00:00,1004.2,24.1,94,0.0,0.0,0.8,328.0,0.0,,,,,2020-08-02T05:01:00,,,,0,,,,,,,,,,,,,,,,,,,
2020-08-02 07:00:00,1004.1,24.6,92,0.1,0.0,1.3,355.0,0.0,,,,,2020-08-02T06:27:00,,,,0,,,,,,,,,,,,,,,,,,,
2020-08-02 08:00:00,1004.4,26.8,85,0.0,0.0,0.8,332.0,0.0,,,,,2020-08-02T07:01:00,,,,0,,,,,,,,,,,,,,,,,,,
2020-08-02 09:00:00,-9999.7,-99.7,-9997,-99.7,-999.7,0.8,320.0,0.0,,,,,2020-08-02T08:15:00,,,,0,,,,,,,,,,,,,,,,,,,
2020-08-02 10:00:00,1004.2,30.8,71,0.0,0.0,1.6,191.0,0.0,,,,,2020-08-02T09:32:00,,,,0,,,,,,,,,,,,,,,,,,,
2020-08-02 11:00:00,1003.8,32.1,61,0.4,221.0,2.2,310.0,0.0,,,,,2020-08-02T10:54:00,,,,0,,,,,,,,,,,,,,,,,,,
2020-08-02 12:00:00,1003.6,33.3,62,0.5,178.0,2.7,184.0,0.0,,,,,2020-08-02T11:53:00,,,,0,,,,,,,,,,,,,,,,,,,
2020-08-02 13:00:00,1003.1,33.1,63,0.5,191.0,3.3,176.0,0.0,,,,,2020-08-02T12:25:00,,,,0,,,,,,,,,,,,,,,,,,,
2020-08-02 14:00:00,1002.3,31.6,65,0.2,0.0,3.3,198.0,0.0,,,,,2020-08-02T13:29:00,,,,0,,,,,,,,,,,,,,,,,,,
2020-08-02 15:00:00,1001.9,28.7,87,0.0,0.0,2.4,203.0,0.0,,,,,2020-08-02T14:22:00,,,,0,,,,,,,,,,,,,,,,,,,
2020-08-02 16:00:00,1001.5,31.0,67,0.3,320.0,2.7,324.0,0.0,,,,,2020-08-02T15:55:00,,,,0,,,,,,,,,,,,,,,,,,,
2020-08-02 17:00:00,1001.7,29.0,77,0.0,0.0,1.9,318.0,0.0,,,,,2020-08-02T16:12:00,,,,0,,,,,,,,,,,,,,,,,,,
2020-08-02 18:00:00,1001.4,28.7,81,0.0,0.0,1.3,190.0,0.0,,,,,2020-08-02T17:15:00,,,,0,,,,,,,,,,,,,,,,,,,
2020-08-02 19:00:00,1001.7,27.2,89,0.1,0.0,1.3,193.0,0.0,,,,,2020-08-02T18:19:00,,,,0,,,,,,,,,,,,,,,,,,,
2020-08-02 20:00:00,1001.9,26.8,91,0.0,0.0,1.3,265.0,0.0,,,,,2020-08-02T19:52:00,,,,0,,,,,,,,,,,,,,,,,,,
2020-08-02 21:00:00,1001.8,26.2,93,0.1,0.0,1.6,256.0,0.0,,,,,2020-08-02T20:50:00,,,,0,,,,,,,,,,,,,,,,,,,
2020-08-02 22:00:00,1001.8,25.6,97,1.2,333.0,3.0,338.0,1.5,,,,,2020-08-02T21:55:00,,,,0,,,,,,,,,,,,,,,,,,,
2020-08-02 23:00:00,1001.2,25.5,97,0.1,0.0,3.0,281.0,0.5,,,,,2020-08-02T22:12:00,,,,0,,,,,,,,,,,,,,,,,,,
2020-08-03 00:00:00,1000.9,25.4,97,0.1,0.0,1.6,271.0,0.5,,,,,2020-08-02T23:35:00,,,,0,,,,,,,,,,,,,,,,,,,
2020-08-03 01:00:00,1000.0,25.1,97,0.0,0.0,2.4,268.0,0.0,,,,,2020-08-03T00:42:00,,,,0,,,,,,,,,,,,,,,,,,,
2020-08-03 02:00:00,999.3,24.9,97,0.6,270.0,1.9,263.0,0.0,,,,,2020-08-03T01:08:00,,,,0,,,,,,,,,,,,,,,,,,,
2020-08-03 03:00:00,999.0,24.8,96,0.2,0.0,3.0,262.0,0.0,,,,,2020-08-03T02:40:00,,,,0,,,,,,,,,,,,,,,,,,,
2020-08-03 04:00:00,998.3,24.9,97,0.3,268.0,2.4,279.0,0.0,,,,,2020-08-03T03:56:00,,,,0,,,,,,,,,,,,,,,,,,,
2020-08-03 05:00:00,998.3,25.0,97,0.0,0.0,2.7,280.0,9.0,,,,,2020-08-03T04:11:00,,,,0,,,,,,,,,,,,,,,,,,,
2020-08-03 06:00:00,998.4,24.8,97,0.0,0.0,2.2,263.0,1.0,,,,,2020-08-03T05:30:00,,,,0,,,,,,,,,,,,,,,,,,,
2020-08-03 07:00:00,997.9,24.6,96,0.4,286.0,3.8,248.0,1.0,,,,,2020-08-03T06:32:00,,,,0,,,,,,,,,,,,,,,,,,,
2020-08-03 08:00:00,997.4,25.2,95,0.7,292.0,3.5,326.0,2.5,,,,,2020-08-03T07:19:00,,,,0,,,,,,,,,,,,,,,,,,,
2020-08-03 09:00:00,997.2,25.5,94,0.8,307.0,7.1,339.0,5.5,,,,,2020-08-03T08:23:00,,,,0,,,,,,,,,,,,,,,,,,,
2020-08-03 10:00:00,996.7,25.7,93,0.7,327.0,7.1,324.0,5.0,,,,,2020-08-03T09:27:00,,,,0,,,,,,,,,,,,,,,,,,,
2020-08-03 11:00:00,996.7,25.5,96,0.7,295.0,7.1,325.0,14.0,,,,,2020-08-03T10:18:00,,,,0,,,,,,,,,,,,,,,,,,,
2020-08-03 12:00:00,996.4,25.1,96,0.8,268.0,5.5,264.0,4.0,,,,,2020-08-03T11:24:00,,,,0,,,,,,,,,,,,,,,,,,,
2020-08-03 13:00:00,996.1,25.3,95,0.8,284.0,6.0,287.0,4.5,,,,,2020-08-03T12:15:00,,,,0,,,,,,,,,,,,,,,,,,,
2020-08-03 14:00:00,995.7,25.2,95,1.3,291.0,8.2,262.0,7.0,,,,,2020-08-03T14:00:00,,,,0,,,,,,,,,,,,,,,,,,,
2020-08-03 15:00:00,995.7,25.4,92,1.0,265.0,6.0,261.0,0.0,,,,,2020-08-03T14:37:00,,,,0,,,,,,,,,,,,,,,,,,,
2020-08-03 16:00:00,996.0,26.1,86,0.7,284.0,6.6,330.0,0.0,,,,,2020-08-03T15:08:00,,,,0,,,,,,,,,,,,,,,,,,,
2020-08-03 17:00:00,996.4,26.2,85,0.1,0.0,2.4,343.0,0.0,,,,,2020-08-03T16:14:00,,,,0,,,,,,,,,,,,,,,,,,,
2020-08-03 18:00:00,997.7,24.3,96,0.0,0.0,1.9,350.0,8.0,,,,,2020-08-03T17:34:00,,,,0,,,,,,,,,,,,,,,,,,,
2020-08-03 19:00:00,998.0,24.2,97,0.0,0.0,1.9,340.0,0.0,,,,,2020-08-03T18:50:00,,,,0,,,,,,,,,,,,,,,,,,,
2020-08-03 20:00:00,998.2,24.2,97,0.0,0.0,0.8,246.0,0.0,,,,,2020-08-03T19:10:00,,,,0,,,,,,,,,,,,,,,,,,,
2020-08-03 21:00:00,999.0,24.1,97,0.0,0.0,1.3,266.0,0.0,,,,,2020-08-03T20:10:00,,,,0,,,,,,,,,,,,,,,,,,,
2020-08-03 22:00:00,999.0,23.9,97,0.0,0.0,1.3,258.0,0.0,,,,,2020-08-03T21:06:00,,,,0,,,,,,,,,,,,,,,,,,,
2020-08-03 23:00:00,998.8,23.9,97,0.0,0.0,1.3,337.0,0.0,,,,,2020-08-03T22:27:00,,,,0,,,,,,,,,,,,,,,,,,,
2020-08-04 00:00:00,998.9,23.7,98,0.0,0.0,1.9,343.0,0.0,,,,,2020-08-03T23:38:00,,,,0,,,,,,,,,,,,,,,,,,,
2020-08-04 01:00:00,999.1,23.8,98,0.0,0.0,1.9,271.0,0.5,,,,,2020-08-04T00:14:00,,,,0,,,,,,,,,,,,,,,,,,,
2020-08-04 02:00:00,998.8,24.1,97,0.0,0.0,1.3,259.0,0.0,,,,,2020-08-04T01:03:00,,,,0,,,,,,,,,,,,,,,,,,,
2020-08-04 03:00:00,998.9,24.2,97,0.0,0.0,1.3,322.0,0.0,,,,,2020-08-04T02:08:00,,,,0,,,,,,,,,,,,,,,,,,,
2020-08-04 04:00:00,999.6,24.1,97,0.0,0.0,1.3,277.0,0.0,,,,,2020-08-04T03:05:00,,,,0,,,,,,,,,,,,,,,,,,,
2020-08-04 05:00:00,999.8,24.0,97,0.1,0.0,1.1,314.0,0.0,,,,,2020-08-04T04:33:00,,,,0,,,,,,,,,,,,,,,,,,,
2020-08-04 06:00:00,1000.3,24.0,97,0.0,0.0,1.3,324.0,0.0,,,,,2020-08-04T05:01:00,,,,0,,,,,,,,,,,,,,,,,,,
2020-08-04 07:00:00,1000.9,24.6,97,0.0,0.0,1.3,355.0,0.0,,,,,2020-08-04T06:05:00,,,,0,,,,,,,,,,,,,,,,,,,
2020-08-04 08:00:00,1001.5,25.7,94,0.0,0.0,1.9,323.0,0.0,,,,,2020-08-04T07:52:00,,,,0,,,,,,,,,,,,,,,,,,,
2020-08-04 09:00:00,1002.1,27.8,87,0.0,0.0,1.3,350.0,0.0,,,,,2020-08-04T08:43:00,,,,0,,,,,,,,,,,,,,,,,,,
2020-08-04 10:00:00,1002.0,29.5,76,0.0,0.0,1.9,177.0,0.0,,,,,2020-08-04T09:26:00,,,,0,,,,,,,,,,,,,,,,,,,
2020-08-04 11:00:00,1002.0,30.3,71,0.4,162.0,3.5,196.0,0.0,,,,,2020-08-04T10:28:00,,,,0,,,,,,,,,,,,,,,,,,,
2020-08-04 12:00:00,1002.1,30.5,69,0.2,0.0,6.6,172.0,0.0,,,,,2020-08-04T11:46:00,,,,0,,,,,,,,,,,,,,,,,,,
2020-08-04 13:00:00,1002.2,30.0,72,0.0,0.0,3.5,128.0,0.0,,,,,2020-08-04T12:05:00,,,,0,,,,,,,,,,,,,,,,,,,
2020-08-04 14:00:00,1001.9,29.7,75,0.0,0.0,3.0,137.0,0.0,,,,,2020-08-04T13:45:00,,,,0,,,,,,,,,,,,,,,,,,,
2020-08-04 15:00:00,1001.8,30.0,74,0.5,340.0,1.9,336.0,0.0,,,,,2020-08-04T14:57:00,,,,0,,,,,,,,,,,,,,,,,,,
2020-08-04 16:00:00,1002.3,29.3,78,0.0,0.0,2.4,330.0,0.0,,,,,2020-08-04T15:14:00,,,,0,,,,,,,,,,,,,,,,,,,
2020-08-04 17:00:00,1002.9,28.1,77,0.9,160.0,6.0,61.0,0.0,,,,,2020-08-04T17:00:00,,,,0,,,,,,,,,,,,,,,,,,,
2020-08-04 18:00:00,1003.2,27.9,78,0.4,159.0,4.9,182.0,0.0,,,,,2020-08-04T17:53:00,,,,0,,,,,,,,,,,,,,,,,,,
2020-08-04 19:00:00,1003.5,27.9,80,0.2,0.0,4.9,283.0,0.0,,,,,2020-08-04T18:16:00,,,,0,,,,,,,,,,,,,,,,,,,
2020-08-04 20:00:00,1004.4,28.0,81,0.0,0.0,4.9,132.0,0.0,,,,,2020-08-04T19:09:00,,,,0,,,,,,,,,,,,,,,,,,,
2020-08-04 21:00:00,1005.1,27.8,82,0.5,290.0,3.0,330.0,0.5,,,,,2020-08-04T20:56:00,,,,0,,,,,,,,,,,,,,,,,,,
2020-08-04 22:00:00,1006.0,25.9,94,0.0,0.0,3.8,171.0,0.5,,,,,2020-08-04T21:10:00,,,,0,,,,,,,,,,,,,,,,,,,
2020-08-04 23:00:00,1006.2,25.8,93,0.6,345.0,1.9,355.0,0.0,,,,,2020-08-04T22:15:00,,,,0,,,,,,,,,,,,,,,,,,,
2020-08-05 00:00:00,1006.4,25.3,96,0.0,0.0,1.6,323.0,0.0,,,,,2020-08-04T23:04:00,,,,0,,,,,,,,,,,,,,,,,,,
2020-08-05 01:00:00,1005.8,25.1,96,0.0,0.0,0.0,0.0,0.0,,,,,2020-08-05T00:05:00,,,,0,,,,,,,,,,,,,,,,,,,
2020-08-05 02:00:00,1005.3,24.8,97,0.0,0.0,0.0,0.0,0.0,,,,,2020-08-05T01:05:00,,,,0,,,,,,,,,,,,,,,,,,,
2020-08-05 03:00:00,1004.9,24.8,97,0.0,0.0,0.0,0.0,0.5,,,,,2020-08-05T02:05:00,,,,0,,,,,,,,,,,,,,,,,,,
2020-08-05 04:00:00,1004.8,24.7,97,0.2,0.0,1.3,355.0,0.0,,,,,2020-08-05T03:38:00,,,,0,,,,,,,,,,,,,,,,,,,
2020-08-05 05:00:00,1005.1,24.5,97,0.0,0.0,1.6,327.0,0.0,,,,,2020-08-05T04:35:00,,,,0,,,,,,,,,,,,,,,,,,,
2020-08-05 06:00:00,1005.5,24.5,97,0.0,0.0,2.4,263.0,0.0,,,,,2020-08-05T05:25:00,,,,0,,,,,,,,,,,,,,,,,,,
2020-08-05 07:00:00,1006.1,24.9,96,0.0,0.0,1.3,325.0,0.0,,,,,2020-08-05T06:34:00,,,,0,,,,,,,,,,,,,,,,,,,
2020-08-05 08:00:00,1006.2,27.0,89,0.0,0.0,1.9,317.0,0.0,,,,,2020-08-05T07:22:00,,,,0,,,,,,,,,,,,,,,,,,,
2020-08-05 09:00:00,1006.4,30.2,73,0.0,0.0,1.3,11.0,0.0,,,,,2020-08-05T08:07:00,,,,0,,,,,,,,,,,,,,,,,,,
2020-08-05 10:00:00,1006.4,31.1,66,0.0,0.0,1.9,213.0,0.0,,,,,2020-08-05T09:54:00,,,,0,,,,,,,,,,,,,,,,,,,
2020-08-05 11:00:00,1006.5,31.0,64,0.5,151.0,3.0,165.0,0.0,,,,,2020-08-05T10:24:00,,,,0,,,,,,,,,,,,,,,,,,,
2020-08-05 12:00:00,1006.6,31.0,64,0.5,182.0,4.9,152.0,0.0,,,,,2020-08-05T11:34:00,,,,0,,,,,,,,,,,,,,,,,,,
2020-08-05 13:00:00,1006.6,30.7,64,0.0,0.0,3.5,157.0,0.0,,,,,2020-08-05T12:01:00,,,,0,,,,,,,,,,,,,,,,,,,
2020-08-05 14:00:00,1006.4,31.6,62,0.1,0.0,2.7,153.0,0.0,,,,,2020-08-05T13:51:00,,,,0,,,,,,,,,,,,,,,,,,,
2020-08-05 15:00:00,1006.3,31.3,63,0.3,148.0,3.5,155.0,0.0,,,,,2020-08-05T14:29:00,,,,0,,,,,,,,,,,,,,,,,,,
2020-08-05 16:00:00,-9999.7,-99.7,-9997,-99.7,-999.7,3.0,163.0,0.0,,,,,2020-08-05T15:09:00,,,,0,,,,,,,,,,,,,,,,,,,
2020-08-05 17:00:00,1006.3,29.7,75,0.0,0.0,2.7,156.0,0.0,,,,,2020-08-05T16:02:00,,,,0,,,,,,,,,,,,,,,,,,,
2020-08-05 18:00:00,1006.6,28.3,86,0.0,0.0,1.3,165.0,0.0,,,,,2020-08-05T17:13:00,,,,0,,,,,,,,,,,,,,,,,,,
2020-08-05 19:00:00,1007.3,27.2,92,0.3,349.0,1.9,336.0,0.0,,,,,2020-08-05T18:56:00,,,,0,,,,,,,,,,,,,,,,,,,
2020-08-05 20:00:00,1007.5,27.6,86,0.0,0.0,1.9,219.0,0.0,,,,,2020-08-05T19:32:00,,,,0,,,,,,,,,,,,,,,,,,,
2020-08-05 21:00:00,1007.9,27.8,83,0.5,134.0,3.0,164.0,0.0,,,,,2020-08-05T21:00:00,,,,0,,,,,,,,,,,,,,,,,,,
2020-08-05 22:00:00,1008.2,28.5,80,0.2,0.0,5.5,163.0,0.0,,,,,2020-08-05T21:15:00,,,,0,,,,,,,,,,,,,,,,,,,
2020-08-05 23:00:00,1008.1,28.3,82,0.4,170.0,4.9,164.0,0.0,,,,,2020-08-05T22:02:00,,,,0,,,,,,,,,,,,,,,,,,,
2020-08-06 00:00:00,-9999.7,-99.7,-9997,-99.7,-999.7,3.8,168.0,0.0,,,,,2020-08-05T23:28:00,,,,0,,,,,,,,,,,,,,,,,,,
2020-08-06 01:00:00,1007.5,28.4,78,0.6,170.0,4.9,161.0,0.0,,,,,2020-08-06T00:57:00,,,,0,,,,,,,,,,,,,,,,,,,
2020-08-06 02:00:00,1006.9,27.7,83,0.0,0.0,3.3,190.0,0.0,,,,,2020-08-06T01:10:00,,,,0,,,,,,,,,,,,,,,,,,,
2020-08-06 03:00:00,1006.9,26.3,90,0.0,0.0,0.8,239.0,0.0,,,,,2020-08-06T02:03:00,,,,0,,,,,,,,,,,,,,,,,,,
2020-08-06 04:00:00,1006.8,25.6,92,0.1,0.0,1.3,308.0,0.0,,,,,2020-08-06T03:30:00,,,,0,,,,,,,,,,,,,,,,,,,
2020-08-06 05:00:00,1006.7,25.0,94,0.0,0.0,1.3,325.0,0.0,,,,,2020-08-06T04:03:00,,,,0,,,,,,,,,,,,,,,,,,,
2020-08-06 06:00:00,1007.1,24.9,94,0.0,0.0,1.3,331.0,0.0,,,,,2020-08-06T05:16:00,,,,0,,,,,,,,,,,,,,,,,,,
2020-08-06 07:00:00,1007.4,25.9,90,0.0,0.0,0.8,12.0,0.0,,,,,2020-08-06T06:49:00,,,,0,,,,,,,,,,,,,,,,,,,
2020-08-06 08:00:00,1007.6,28.2,77,0.0,0.0,0.8,35.0,0.0,,,,,2020-08-06T07:46:00,,,,0,,,,,,,,,,,,,,,,,,,
2020-08-06 09:00:00,1007.5,30.3,69,0.0,0.0,0.8,152.0,0.0,,,,,2020-08-06T08:34:00,,,,0,,,,,,,,,,,,,,,,,,,
2020-08-06 10:00:00,1007.3,31.9,64,0.0,0.0,1.6,226.0,0.0,,,,,2020-08-06T09:03:00,,,,0,,,,,,,,,,,,,,,,,,,
2020-08-06 11:00:00,1006.9,32.8,60,0.1,0.0,3.0,159.0,0.0,,,,,2020-08-06T10:11:00,,,,0,,,,,,,,,,,,,,,,,,,
2020-08-06 12:00:00,1006.2,33.4,57,0.1,0.0,3.0,176.0,0.0,,,,,2020-08-06T11:27:00,,,,0,,,,,,,,,,,,,,,,,,,
2020-08-06 13:00:00,1005.7,33.3,56,1.0,172.0,3.0,195.0,0.0,,,,,2020-08-06T12:41:00,,,,0,,,,,,,,,,,,,,,,,,,
2020-08-06 14:00:00,1005.3,32.7,59,0.2,0.0,3.5,158.0,0.0,,,,,2020-08-06T13:23:00,,,,0,,,,,,,,,,,,,,,,,,,
2020-08-06 15:00:00,1005.3,31.7,63,0.4,163.0,4.1,163.0,0.0,,,,,2020-08-06T14:28:00,,,,0,,,,,,,,,,,,,,,,,,,
2020-08-06 16:00:00,1005.1,30.9,68,0.2,0.0,3.3,174.0,0.0,,,,,2020-08-06T15:46:00,,,,0,,,,,,,,,,,,,,,,,,,
2020-08-06 17:00:00,1005.1,30.0,69,0.2,0.0,4.9,174.0,0.0,,,,,2020-08-06T16:28:00,,,,0,,,,,,,,,,,,,,,,,,,
2020-08-06 18:00:00,1005.3,29.3,73,0.5,188.0,3.3,173.0,0.0,,,,,2020-08-06T17:12:00,,,,0,,,,,,,,,,,,,,,,,,,
2020-08-06 19:00:00,1005.9,28.7,75,0.1,0.0,3.5,196.0,0.0,,,,,2020-08-06T18:15:00,,,,0,,,,,,,,,,,,,,,,,,,
2020-08-06 20:00:00,1006.1,28.3,79,0.1,0.0,2.4,353.0,0.0,,,,,2020-08-06T19:48:00,,,,0,,,,,,,,,,,,,,,,,,,
2020-08-06 21:00:00,1005.9,28.3,77,0.0,0.0,2.7,163.0,0.0,,,,,2020-08-06T20:49:00,,,,0,,,,,,,,,,,,,,,,,,,
2020-08-06 22:00:00,-9999.7,-99.7,-9997,-99.7,-999.7,1.9,182.0,0.0,,,,,2020-08-06T21:32:00,,,,0,,,,,,,,,,,,,,,,,,,
2020-08-06 23:00:00,1005.9,28.3,75,0.7,170.0,4.1,166.0,0.0,,,,,2020-08-06T22:54:00,,,,0,,,,,,,,,,,,,,,,,,,
2020-08-07 00:00:00,1005.4,27.2,82,0.0,0.0,1.9,148.0,0.0,,,,,2020-08-06T23:01:00,,,,0,,,,,,,,,,,,,,,,,,,
2020-08-07 01:00:00,1005.1,25.3,90,0.0,0.0,1.9,316.0,0.0,,,,,2020-08-07T00:13:00,,,,0,,,,,,,,,,,,,,,,,,,
2020-08-07 02:00:00,1004.8,24.7,92,0.0,0.0,1.9,341.0,0.0,,,,,2020-08-07T01:08:00,,,,0,,,,,,,,,,,,,,,,,,,
2020-08-07 03:00:00,1004.3,24.3,92,0.0,0.0,1.3,244.0,0.0,,,,,2020-08-07T02:10:00,,,,0,,,,,,,,,,,,,,,,,,,
2020-08-07 04:00:00,1004.0,24.1,92,0.0,0.0,1.3,348.0,0.0,,,,,2020-08-07T03:08:00,,,,0,,,,,,,,,,,,,,,,,,,
2020-08-07 05:00:00,1004.3,24.5,90,0.0,0.0,0.0,0.0,0.0,,,,,2020-08-07T04:05:00,,,,0,,,,,,,,,,,,,,,,,,,
2020-08-07 06:00:00,1004.3,24.3,93,0.0,0.0,0.0,0.0,0.0,,,,,2020-08-07T05:05:00,,,,0,,,,,,,,,,,,,,,,,,,
2020-08-07 07:00:00,1005.0,25.8,88,0.0,0.0,1.1,331.0,0.0,,,,,2020-08-07T06:48:00,,,,0,,,,,,,,,,,,,,,,,,,
2020-08-07 08:00:00,1005.0,28.6,78,0.0,0.0,1.6,336.0,0.0,,,,,2020-08-07T07:27:00,,,,0,,,,,,,,,,,,,,,,,,,
2020-08-07 09:00:00,1005.4,30.2,64,0.2,0.0,3.3,146.0,0.0,,,,,2020-08-07T08:45:00,,,,0,,,,,,,,,,,,,,,,,,,
2020-08-07 10:00:00,1005.2,31.4,60,0.1,0.0,3.8,178.0,0.0,,,,,2020-08-07T09:10:00,,,,0,,,,,,,,,,,,,,,,,,,
2020-08-07 11:00:00,1005.1,32.9,55,0.0,0.0,2.4,137.0,0.0,,,,,2020-08-07T10:20:00,,,,0,,,,,,,,,,,,,,,,,,,
2020-08-07 12:00:00,1004.6,33.4,51,0.3,163.0,3.5,176.0,0.0,,,,,2020-08-07T11:49:00,,,,0,,,,,,,,,,,,,,,,,,,
2020-08-07 13:00:00,1004.0,32.4,59,0.2,0.0,5.5,176.0,0.0,,,,,2020-08-07T12:04:00,,,,0,,,,,,,,,,,,,,,,,,,
2020-08-07 14:00:00,1003.4,32.3,59,0.2,0.0,3.0,180.0,0.0,,,,,2020-08-07T13:17:00,,,,0,,,,,,,,,,,,,,,,,,,
2020-08-07 15:00:00,1002.8,31.5,60,0.3,209.0,3.8,173.0,0.0,,,,,2020-08-07T14:34:00,,,,0,,,,,,,,,,,,,,,,,,,
2020-08-07 16:00:00,1002.7,30.7,62,0.8,170.0,4.9,189.0,0.0,,,,,2020-08-07T15:56:00,,,,0,,,,,,,,,,,,,,,,,,,
2020-08-07 17:00:00,1002.4,30.3,66,0.2,0.0,4.9,191.0,0.0,,,,,2020-08-07T16:26:00,,,,0,,,,,,,,,,,,,,,,,,,
2020-08-07 18:00:00,-9999.7,-99.7,-9997,-99.7,-999.7,4.9,175.0,0.0,,,,,2020-08-07T17:20:00,,,,0,,,,,,,,,,,,,,,,,,,
2020-08-07 19:00:00,1003.0,29.0,76,0.4,162.0,4.9,173.0,0.0,,,,,2020-08-07T18:51:00,,,,0,,,,,,,,,,,,,,,,,,,
2020-08-07 20:00:00,1003.5,28.9,76,0.7,156.0,5.5,160.0,0.0,,,,,2020-08-07T19:53:00,,,,0,,,,,,,,,,,,,,,,,,,
2020-08-07 21:00:00,1003.8,28.7,73,0.2,0.0,4.9,175.0,0.0,,,,,2020-08-07T20:01:00,,,,0,,,,,,,,,,,,,,,,,,,
2020-08-07 22:00:00,1003.7,28.8,68,0.2,0.0,3.5,183.0,0.0,,,,,2020-08-07T21:04:00,,,,0,,,,,,,,,,,,,,,,,,,
2020-08-07 23:00:00,1003.6,28.6,72,0.3,112.0,4.9,350.0,0.0,,,,,2020-08-07T22:22:00,,,,0,,,,,,,,,,,,,,,,,,,
2020-08-08 00:00:00,1003.3,28.4,72,0.7,328.0,3.0,354.0,0.0,,,,,2020-08-07T23:41:00,,,,0,,,,,,,,,,,,,,,,,,,
2020-08-08 01:00:00,1002.5,28.1,71,0.0,0.0,3.3,330.0,0.0,,,,,2020-08-08T00:30:00,,,,0,,,,,,,,,,,,,,,,,,,
2020-08-08 02:00:00,1002.2,27.5,73,0.3,334.0,3.0,323.0,0.0,,,,,2020-08-08T01:04:00,,,,0,,,,,,,,,,,,,,,,,,,
2020-08-08 03:00:00,1002.3,26.3,81,0.2,0.0,2.2,350.0,0.0,,,,,2020-08-08T02:13:00,,,,0,,,,,,,,,,,,,,,,,,,
2020-08-08 04:00:00,1002.1,25.8,85,0.0,0.0,2.2,343.0,0.0,,,,,2020-08-08T03:27:00,,,,0,,,,,,,,,,,,,,,,,,,
2020-08-08 05:00:00,1002.0,25.0,90,0.0,0.0,1.3,326.0,0.0,,,,,2020-08-08T04:16:00,,,,0,,,,,,,,,,,,,,,,,,,
2020-08-08 06:00:00,1002.1,24.6,92,0.0,0.0,0.8,298.0,0.0,,,,,2020-08-08T05:04:00,,,,0,,,,,,,,,,,,,,,,,,,
2020-08-08 07:00:00,1002.6,25.7,85,0.0,0.0,0.8,351.0,0.0,,,,,2020-08-08T06:59:00,,,,0,,,,,,,,,,,,,,,,,,,
2020-08-08 08:00:00,1002.4,27.6,78,0.0,0.0,1.9,335.0,0.0,,,,,2020-08-08T07:07:00,,,,0,,,,,,,,,,,,,,,,,,,
2020-08-08 09:00:00,1002.1,30.1,69,0.4,320.0,1.9,347.0,0.0,,,,,2020-08-08T08:36:00,,,,0,,,,,,,,,,,,,,,,,,,
2020-08-08 10:00:00,1001.9,32.0,64,0.0,0.0,2.4,342.0,0.0,,,,,2020-08-08T09:45:00,,,,0,,,,,,,,,,,,,,,,,,,
2020-08-08 11:00:00,1001.7,33.4,61,0.2,0.0,1.9,191.0,0.0,,,,,2020-08-08T10:12:00,,,,0,,,,,,,,,,,,,,,,,,,
2020-08-08 12:00:00,-9999.7,-99.7,-9997,-99.7,-999.7,2.4,176.0,0.0,,,,,2020-08-08T11:18:00,,,,0,,,,,,,,,,,,,,,,,,,
2020-08-08 13:00:00,1000.7,33.2,56,0.1,0.0,2.2,195.0,0.0,,,,,2020-08-08T12:28:00,,,,0,,,,,,,,,,,,,,,,,,,
2020-08-08 14:00:00,999.9,34.2,54,0.2,0.0,2.2,201.0,0.0,,,,,2020-08-08T13:52:00,,,,0,,,,,,,,,,,,,,,,,,,
2020-08-08 15:00:00,999.5,33.3,55,0.1,0.0,1.9,179.0,0.0,,,,,2020-08-08T14:12:00,,,,0,,,,,,,,,,,,,,,,,,,
2020-08-08 16:00:00,999.3,31.1,62,0.8,170.0,3.5,158.0,0.0,,,,,2020-08-08T15:24:00,,,,0,,,,,,,,,,,,,,,,,,,
2020-08-08 17:00:00,999.9,30.0,68,0.6,168.0,4.9,192.0,0.0,,,,,2020-08-08T16:43:00,,,,0,,,,,,,,,,,,,,,,,,,
2020-08-08 18:00:00,1000.1,29.1,74,0.0,0.0,3.5,169.0,0.0,,,,,2020-08-08T17:36:00,,,,0,,,,,,,,,,,,,,,,,,,
2020-08-08 19:00:00,1000.6,27.8,81,0.0,0.0,1.6,199.0,0.0,,,,,2020-08-08T18:26:00,,,,0,,,,,,,,,,,,,,,,,,,
2020-08-08 20:00:00,1001.0,26.9,87,0.5,338.0,1.6,350.0,0.0,,,,,2020-08-08T19:57:00,,,,0,,,,,,,,,,,,,,,,,,,
2020-08-08 21:00:00,1001.3,26.1,90,0.0,0.0,1.3,334.0,0.0,,,,,2020-08-08T20:29:00,,,,0,,,,,,,,,,,,,,,,,,,
2020-08-08 22:00:00,1001.3,25.3,91,0.0,0.0,1.3,326.0,0.0,,,,,2020-08-08T21:06:00,,,,0,,,,,,,,,,,,,,,,,,,
2020-08-08 23:00:00,1000.8,24.9,92,0.4,347.0,1.3,325.0,0.0,,,,,2020-08-08T22:03:00,,,,0,,,,,,,,,,,,,,,,,,,
2020-08-09 00:00:00,1000.1,24.6,92,0.3,339.0,1.9,340.0,0.0,,,,,2020-08-08T23:12:00,,,,0,,,,,,,,,,,,,,,,,,,
2020-08-09 01:00:00,999.5,24.7,92,0.2,0.0,1.6,328.0,0.0,,,,,2020-08-09T00:39:00,,,,0,,,,,,,,,,,,,,,,,,,
2020-08-09 02:00:00,998.8,24.4,93,0.0,0.0,1.9,328.0,0.0,,,,,2020-08-09T01:34:00,,,,0,,,,,,,,,,,,,,,,,,,
2020-08-09 03:00:00,998.9,24.2,94,0.1,0.0,1.9,345.0,0.0,,,,,2020-08-09T02:02:00,,,,0,,,,,,,,,,,,,,,,,,,
2020-08-09 04:00:00,999.2,23.9,94,0.0,0.0,1.9,257.0,0.0,,,,,2020-08-09T03:20:00,,,,0,,,,,,,,,,,,,,,,,,,
2020-08-09 05:00:00,999.4,23.7,94,0.1,0.0,2.2,348.0,0.0,,,,,2020-08-09T04:55:00,,,,0,,,,,,,,,,,,,,,,,,,
2020-08-09 06:00:00,999.5,23.6,93,0.0,0.0,1.6,268.0,0.0,,,,,2020-08-09T05:20:00,,,,0,,,,,,,,,,,,,,,,,,,
2020-08-09 07:00:00,999.6,24.5,90,0.3,332.0,1.9,350.0,0.0,,,,,2020-08-09T06:49:00,,,,0,,,,,,,,,,,,,,,,,,,
2020-08-09 08:00:00,999.8,25.8,88,0.0,0.0,1.9,348.0,0.0,,,,,2020-08-09T07:04:00,,,,0,,,,,,,,,,,,,,,,,,,
2020-08-09 09:00:00,999.7,27.8,85,0.2,0.0,1.9,246.0,0.0,,,,,2020-08-09T08:57:00,,,,0,,,,,,,,,,,,,,,,,,,
2020-08-09 10:00:00,999.5,29.0,76,0.2,0.0,2.7,330.0,0.0,,,,,2020-08-09T09:47:00,,,,0,,,,,,,,,,,,,,,,,,,
2020-08-09 11:00:00,998.8,31.6,63,1.4,331.0,2.4,337.0,0.0,,,,,2020-08-09T10:21:00,,,,0,,,,,,,,,,,,,,,,,,,
2020-08-09 12:00:00,998.2,32.8,59,2.1,332.0,6.0,334.0,0.0,,,,,2020-08-09T11:31:00,,,,0,,,,,,,,,,,,,,,,,,,
2020-08-09 13:00:00,997.2,33.3,55,1.5,335.0,7.1,322.0,0.0,,,,,2020-08-09T12:16:00,,,,0,,,,,,,,,,,,,,,,,,,
2020-08-09 14:00:00,997.0,31.7,62,2.0,332.0,6.0,322.0,0.0,,,,,2020-08-09T13:32:00,,,,0,,,,,,,,,,,,,,,,,,,
2020-08-09 15:00:00,997.0,31.7,62,1.4,322.0,6.6,330.0,0.0,,,,,2020-08-09T14:16:00,,,,0,,,,,,,,,,,,,,,,,,,
2020-08-09 16:00:00,997.3,30.8,58,1.5,338.0,6.0,329.0,0.0,,,,,2020-08-09T15:36:00,,,,0,,,,,,,,,,,,,,,,,,,
2020-08-09 17:00:00,997.3,31.2,63,0.5,292.0,3.3,323.0,0.0,,,,,2020-08-09T16:27:00,,,,0,,,,,,,,,,,,,,,,,,,
2020-08-09 18:00:00,998.2,29.6,74,0.0,0.0,3.8,224.0,0.0,,,,,2020-08-09T17:08:00,,,,0,,,,,,,,,,,,,,,,,,,
2020-08-09 19:00:00,998.5,28.6,75,0.1,0.0,3.5,153.0,0.0,,,,,2020-08-09T18:41:00,,,,0,,,,,,,,,,,,,,,,,,,
2020-08-09 20:00:00,998.9,28.1,79,0.0,0.0,2.4,342.0,0.0,,,,,2020-08-09T19:04:00,,,,0,,,,,,,,,,,,,,,,,,,
2020-08-09 21:00:00,999.4,27.0,85,0.0,0.0,2.4,318.0,0.0,,,,,2020-08-09T20:19:00,,,,0,,,,,,,,,,,,,,,,,,,
2020-08-09 22:00:00,999.9,26.8,85,0.1,0.0,2.7,170.0,0.0,,,,,2020-08-09T21:30:00,,,,0,,,,,,,,,,,,,,,,,,,
2020-08-09 23:00:00,1000.0,26.2,87,0.3,333.0,2.2,344.0,0.0,,,,,2020-08-09T22:29:00,,,,0,,,,,,,,,,,,,,,,,,,
2020-08-10 00:00:00,1000.1,25.4,90,0.0,0.0,1.9,323.0,0.0,,,,,2020-08-09T23:09:00,,,,0,,,,,,,,,,,,,,,,,,,
2020-08-10 01:00:00,999.9,24.9,92,0.0,0.0,1.3,333.0,0.0,,,,,2020-08-10T00:25:00,,,,0,,,,,,,,,,,,,,,,,,,
2020-08-10 02:00:00,999.4,24.4,93,0.1,0.0,1.6,324.0,0.0,,,,,2020-08-10T01:11:00,,,,0,,,,,,,,,,,,,,,,,,,
2020-08-10 03:00:00,999.4,24.2,94,0.0,0.0,1.9,255.0,0.0,,,,,2020-08-10T02:23:00,,,,0,,,,,,,,,,,,,,,,,,,
2020-08-10 04:00:00,1000.0,24.1,93,0.0,0.0,1.3,322.0,0.0,,,,,2020-08-10T03:14:00,,,,0,,,,,,,,,,,,,,,,,,,
2020-08-10 05:00:00,1000.5,23.9,94,0.0,0.0,0.0,0.0,0.0,,,,,2020-08-10T04:05:00,,,,0,,,,,,,,,,,,,,,,,,,
2020-08-10 06:00:00,1001.0,24.0,94,0.0,0.0,0.0,0.0,0.0,,,,,2020-08-10T05:15:00,,,,0,,,,,,,,,,,,,,,,,,,
2020-08-10 07:00:00,1001.4,24.8,92,0.0,0.0,1.6,323.0,0.0,,,,,2020-08-10T06:20:00,,,,0,,,,,,,,,,,,,,,,,,,
2020-08-10 08:00:00,1001.6,27.5,81,0.0,0.0,1.1,345.0,0.0,,,,,2020-08-10T07:37:00,,,,0,,,,,,,,,,,,,,,,,,,
2020-08-10 09:00:00,1001.9,30.1,67,0.1,0.0,4.1,169.0,0.0,,,,,2020-08-10T08:41:00,,,,0,,,,,,,,,,,,,,,,,,,
2020-08-10 10:00:00,1002.3,30.0,71,0.3,154.0,2.4,155.0,0.0,,,,,2020-08-10T09:47:00,,,,0,,,,,,,,,,,,,,,,,,,
2020-08-10 11:00:00,1001.9,30.5,71,0.1,0.0,7.1,267.0,0.0,,,,,2020-08-10T10:46:00,,,,0,,,,,,,,,,,,,,,,,,,
2020-08-10 12:00:00,1001.4,31.0,70,0.2,0.0,5.5,216.0,0.0,,,,,2020-08-10T11:04:00,,,,0,,,,,,,,,,,,,,,,,,,
2020-08-10 13:00:00,1000.9,30.1,73,1.0,147.0,5.5,162.0,0.0,,,,,2020-08-10T12:45:00,,,,0,,,,,,,,,,,,,,,,,,,
2020-08-10 14:00:00,1000.7,30.6,70,0.6,152.0,7.1,171.0,0.0,,,,,2020-08-10T13:07:00,,,,0,,,,,,,,,,,,,,,,,,,
2020-08-10 15:00:00,1000.3,29.3,78,1.1,158.0,7.1,182.0,0.0,,,,,2020-08-10T14:27:00,,,,0,,,,,,,,,,,,,,,,,,,
2020-08-10 16:00:00,-9999.7,-99.7,-9997,-99.7,-999.7,6.6,164.0,0.0,,,,,2020-08-10T15:41:00,,,,0,,,,,,,,,,,,,,,,,,,
2020-08-10 17:00:00,1000.8,29.1,77,0.6,168.0,5.5,172.0,0.0,,,,,2020-08-10T16:48:00,,,,0,,,,,,,,,,,,,,,,,,,
2020-08-10 18:00:00,1001.0,28.8,77,0.1,0.0,3.8,172.0,0.0,,,,,2020-08-10T17:30:00,,,,0,,,,,,,,,,,,,,,,,,,
2020-08-10 19:00:00,1001.4,27.5,83,0.8,163.0,3.5,162.0,0.0,,,,,2020-08-10T18:05:00,,,,0,,,,,,,,,,,,,,,,,,,
2020-08-10 20:00:00,1002.2,26.6,89,0.0,0.0,4.9,173.0,0.5,,,,,2020-08-10T19:03:00,,,,0,,,,,,,,,,,,,,,,,,,
2020-08-10 21:00:00,1002.2,26.2,90,0.4,258.0,2.7,34.0,0.0,,,,,2020-08-10T20:14:00,,,,0,,,,,,,,,,,,,,,,,,,
2020-08-10 22:00:00,1001.9,27.3,85,0.4,43.0,4.9,352.0,0.0,,,,,2020-08-10T21:08:00,,,,0,,,,,,,,,,,,,,,,,,,
2020-08-10 23:00:00,1001.8,27.7,82,0.4,146.0,3.8,221.0,0.0,,,,,2020-08-10T22:31:00,,,,0,,,,,,,,,,,,,,,,,,,
2020-08-11 00:00:00,1001.8,27.9,80,0.7,152.0,6.0,145.0,0.0,,,,,2020-08-10T23:53:00,,,,0,,,,,,,,,,,,,,,,,,,
2020-08-11 01:00:00,1000.8,27.9,79,0.3,169.0,6.0,167.0,0.0,,,,,2020-08-11T00:04:00,,,,0,,,,,,,,,,,,,,,,,,,
2020-08-11 02:00:00,1001.0,27.7,81,0.5,178.0,4.9,257.0,0.0,,,,,2020-08-11T01:48:00,,,,0,,,,,,,,,,,,,,,,,,,
2020-08-11 03:00:00,1000.9,27.0,84,0.0,0.0,4.9,178.0,0.0,,,,,2020-08-11T02:17:00,,,,0,,,,,,,,,,,,,,,,,,,
2020-08-11 04:00:00,1001.5,25.9,89,0.0,0.0,1.9,245.0,0.0,,,,,2020-08-11T03:04:00,,,,0,,,,,,,,,,,,,,,,,,,
2020-08-11 05:00:00,1002.3,25.5,91,0.0,0.0,1.3,319.0,0.0,,,,,2020-08-11T04:23:00,,,,0,,,,,,,,,,,,,,,,,,,
2020-08-11 06:00:00,1003.0,25.1,93,0.3,333.0,1.9,327.0,0.0,,,,,2020-08-11T05:56:00,,,,0,,,,,,,,,,,,,,,,,,,
2020-08-11 07:00:00,1003.5,25.8,90,0.0,0.0,1.3,318.0,0.0,,,,,2020-08-11T06:01:00,,,,0,,,,,,,,,,,,,,,,,,,
2020-08-11 08:00:00,1004.1,27.0,85,0.0,0.0,1.3,271.0,0.0,,,,,2020-08-11T07:18:00,,,,0,,,,,,,,,,,,,,,,,,,
2020-08-11 09:00:00,1004.1,30.0,72,0.0,0.0,1.9,344.0,0.0,,,,,2020-08-11T08:42:00,,,,0,,,,,,,,,,,,,,,,,,,
2020-08-11 10:00:00,1004.7,30.4,71,0.0,0.0,1.6,197.0,0.0,,,,,2020-08-11T09:02:00,,,,0,,,,,,,,,,,,,,,,,,,
2020-08-11 11:00:00,-9999.7,-99.7,-9997,-99.7,-999.7,2.2,185.0,0.0,,,,,2020-08-11T10:32:00,,,,0,,,,,,,,,,,,,,,,,,,
2020-08-11 12:00:00,1005.0,30.1,72,0.2,0.0,2.2,149.0,0.0,,,,,2020-08-11T11:45:00,,,,0,,,,,,,,,,,,,,,,,,,
2020-08-11 13:00:00,1005.5,29.5,74,0.2,0.0,6.0,230.0,0.0,,,,,2020-08-11T12:33:00,,,,0,,,,,,,,,,,,,,,,,,,
2020-08-11 14:00:00,1005.4,30.0,70,0.3,142.0,6.6,161.0,0.0,,,,,2020-08-11T13:04:00,,,,0,,,,,,,,,,,,,,,,,,,
2020-08-11 15:00:00,1005.0,29.0,76,1.0,338.0,3.5,185.0,0.0,,,,,2020-08-11T14:15:00,,,,0,,,,,,,,,,,,,,,,,,,
2020-08-11 16:00:00,-9999.7,-99.7,-9997,-99.7,-999.7,2.4,336.0,0.0,,,,,2020-08-11T15:14:00,,,,0,,,,,,,,,,,,,,,,,,,
2020-08-11 17:00:00,1005.9,28.6,79,0.0,0.0,3.0,271.0,0.0,,,,,2020-08-11T16:23:00,,,,0,,,,,,,,,,,,,,,,,,,
2020-08-11 18:00:00,1006.0,27.8,85,0.0,0.0,0.8,252.0,0.0,,,,,2020-08-11T17:53:00,,,,0,,,,,,,,,,,,,,,,,,,
2020-08-11 19:00:00,1006.9,27.3,86,0.0,0.0,0.8,275.0,0.0,,,,,2020-08-11T18:06:00,,,,0,,,,,,,,,,,,,,,,,,,
2020-08-11 20:00:00,1007.5,26.9,88,0.0,0.0,0.8,244.0,0.0,,,,,2020-08-11T19:58:00,,,,0,,,,,,,,,,,,,,,,,,,
2020-08-11 21:00:00,1007.9,26.5,90,0.0,0.0,0.8,249.0,0.0,,,,,2020-08-11T20:01:00,,,,0,,,,,,,,,,,,,,,,,,,
2020-08-11 22:00:00,1008.0,26.4,90,0.0,0.0,0.8,335.0,0.0,,,,,2020-08-11T21:42:00,,,,0,,,,,,,,,,,,,,,,,,,
2020-08-11 23:00:00,1007.8,28.1,78,0.8,147.0,4.9,147.0,0.0,,,,,2020-08-11T22:59:00,,,,0,,,,,,,,,,,,,,,,,,,
2020-08-12 00:00:00,1007.9,27.2,82,0.0,0.0,3.0,146.0,0.0,,,,,2020-08-11T23:12:00,,,,0,,,,,,,,,,,,,,,,,,,
2020-08-12 01:00:00,1007.5,25.9,88,0.0,0.0,1.3,239.0,0.0,,,,,2020-08-12T00:46:00,,,,0,,,,,,,,,,,,,,,,,,,
2020-08-12 02:00:00,1007.7,25.2,91,0.0,0.0,1.6,350.0,0.0,,,,,2020-08-12T01:40:00,,,,0,,,,,,,,,,,,,,,,,,,
2020-08-12 03:00:00,1007.8,24.6,93,0.0,0.0,1.3,244.0,0.0,,,,,2020-08-12T02:21:00,,,,0,,,,,,,,,,,,,,,,,,,
2020-08-12 04:00:00,1008.1,24.3,94,0.0,0.0,1.3,350.0,0.0,,,,,2020-08-12T03:53:00,,,,0,,,,,,,,,,,,,,,,,,,
2020-08-12 05:00:00,1008.6,24.1,94,0.0,0.0,0.8,341.0,0.0,,,,,2020-08-12T04:06:00,,,,0,,,,,,,,,,,,,,,,,,,
2020-08-12 06:00:00,1009.1,23.9,94,0.3,345.0,1.3,343.0,0.0,,,,,2020-08-12T06:00:00,,,,0,,,,,,,,,,,,,,,,,,,
2020-08-12 07:00:00,1009.4,24.8,92,0.0,0.0,1.3,343.0,0.0,,,,,2020-08-12T06:01:00,,,,0,,,,,,,,,,,,,,,,,,,
2020-08-12 08:00:00,1009.1,28.5,77,0.0,0.0,1.9,201.0,0.0,,,,,2020-08-12T07:43:00,,,,0,,,,,,,,,,,,,,,,,,,
2020-08-12 09:00:00,1009.3,30.0,66,0.4,141.0,3.5,197.0,0.0,,,,,2020-08-12T08:42:00,,,,0,,,,,,,,,,,,,,,,,,,
2020-08-12 10:00:00,1009.4,30.3,69,0.3,163.0,6.0,167.0,0.0,,,,,2020-08-12T09:20:00,,,,0,,,,,,,,,,,,,,,,,,,
2020-08-12 11:00:00,1009.3,30.6,68,0.5,154.0,6.0,136.0,0.0,,,,,2020-08-12T10:32:00,,,,0,,,,,,,,,,,,,,,,,,,
2020-08-12 12:00:00,1008.9,31.1,66,0.4,143.0,5.5,172.0,0.0,,,,,2020-08-12T11:44:00,,,,0,,,,,,,,,,,,,,,,,,,
2020-08-12 13:00:00,1008.8,32.0,62,0.5,140.0,5.5,148.0,0.0,,,,,2020-08-12T12:15:00,,,,0,,,,,,,,,,,,,,,,,,,
2020-08-12 14:00:00,1008.2,31.8,64,0.4,147.0,5.5,157.0,0.0,,,,,2020-08-12T13:34:00,,,,0,,,,,,,,,,,,,,,,,,,
2020-08-12 15:00:00,1008.2,32.1,64,0.2,0.0,4.9,254.0,0.0,,,,,2020-08-12T14:10:00,,,,0,,,,,,,,,,,,,,,,,,,
2020-08-12 16:00:00,1008.1,31.1,65,0.2,0.0,3.0,240.0,0.0,,,,,2020-08-12T15:18:00,,,,0,,,,,,,,,,,,,,,,,,,
2020-08-12 17:00:00,1007.8,30.6,66,0.2,0.0,3.3,177.0,0.0,,,,,2020-08-12T16:47:00,,,,0,,,,,,,,,,,,,,,,,,,
2020-08-12 18:00:00,1008.4,29.7,71,0.2,0.0,2.4,170.0,0.0,,,,,2020-08-12T17:09:00,,,,0,,,,,,,,,,,,,,,,,,,
2020-08-12 19:00:00,1008.9,28.6,79,0.0,0.0,1.1,153.0,0.0,,,,,2020-08-12T18:01:00,,,,0,,,,,,,,,,,,,,,,,,,
2020-08-12 20:00:00,1009.7,27.6,85,0.0,0.0,1.3,323.0,0.0,,,,,2020-08-12T19:11:00,,,,0,,,,,,,,,,,,,,,,,,,
2020-08-12 21:00:00,1010.5,27.2,88,0.0,0.0,0.8,310.0,0.0,,,,,2020-08-12T20:09:00,,,,0,,,,,,,,,,,,,,,,,,,
2020-08-12 22:00:00,1010.9,26.6,90,0.0,0.0,0.8,200.0,0.0,,,,,2020-08-12T21:03:00,,,,0,,,,,,,,,,,,,,,,,,,
2020-08-12 23:00:00,1010.7,26.1,91,0.0,0.0,1.3,334.0,0.0,,,,,2020-08-12T22:34:00,,,,0,,,,,,,,,,,,,,,,,,,
2020-08-13 00:00:00,1010.3,25.9,92,0.0,0.0,1.3,313.0,0.0,,,,,2020-08-12T23:35:00,,,,0,,,,,,,,,,,,,,,,,,,
2020-08-13 01:00:00,1009.7,25.5,93,0.0,0.0,1.3,339.0,0.0,,,,,2020-08-13T00:04:00,,,,0,,,,,,,,,,,,,,,,,,,
2020-08-13 02:00:00,1009.2,25.0,94,0.0,0.0,0.8,323.0,0.0,,,,,2020-08-13T01:15:00,,,,0,,,,,,,,,,,,,,,,,,,
2020-08-13 03:00:00,1008.6,24.6,94,0.1,0.0,1.3,318.0,0.0,,,,,2020-08-13T02:53:00,,,,0,,,,,,,,,,,,,,,,,,,
2020-08-13 04:00:00,1008.3,24.3,94,0.0,0.0,1.1,329.0,0.0,,,,,2020-08-13T03:16:00,,,,0,,,,,,,,,,,,,,,,,,,
2020-08-13 05:00:00,1008.5,24.1,94,0.0,0.0,0.8,328.0,0.0,,,,,2020-08-13T04:01:00,,,,0,,,,,,,,,,,,,,,,,,,
2020-08-13 06:00:00,1008.7,23.9,94,0.0,0.0,0.8,241.0,0.0,,,,,2020-08-13T05:15:00,,,,0,,,,,,,,,,,,,,,,,,,
2020-08-13 07:00:00,1008.8,24.9,90,0.0,0.0,1.3,338.0,0.0,,,,,2020-08-13T06:28:00,,,,0,,,,,,,,,,,,,,,,,,,
2020-08-13 08:00:00,1008.5,27.7,81,0.1,0.0,1.3,334.0,0.0,,,,,2020-08-13T07:03:00,,,,0,,,,,,,,,,,,,,,,,,,
2020-08-13 09:00:00,1008.5,30.8,66,0.1,0.0,1.9,185.0,0.0,,,,,2020-08-13T08:17:00,,,,0,,,,,,,,,,,,,,,,,,,
2020-08-13 10:00:00,1008.6,32.0,61,0.0,0.0,2.4,182.0,0.0,,,,,2020-08-13T09:36:00,,,,0,,,,,,,,,,,,,,,,,,,
2020-08-13 11:00:00,1008.1,32.7,59,0.5,177.0,2.7,186.0,0.0,,,,,2020-08-13T10:01:00,,,,0,,,,,,,,,,,,,,,,,,,
2020-08-13 12:00:00,1007.7,33.2,57,1.2,174.0,4.1,175.0,0.0,,,,,2020-08-13T11:56:00,,,,0,,,,,,,,,,,,,,,,,,,
2020-08-13 13:00:00,1007.1,33.2,52,0.8,170.0,3.5,222.0,0.0,,,,,2020-08-13T12:03:00,,,,0,,,,,,,,,,,,,,,,,,,
2020-08-13 14:00:00,-9999.7,-99.7,-9997,-99.7,-999.7,3.0,158.0,0.0,,,,,2020-08-13T13:03:00,,,,0,,,,,,,,,,,,,,,,,,,
2020-08-13 15:00:00,1005.7,32.9,57,0.3,158.0,3.3,139.0,0.0,,,,,2020-08-13T14:57:00,,,,0,,,,,,,,,,,,,,,,,,,
2020-08-13 16:00:00,1005.7,32.3,59,0.2,0.0,3.0,170.0,0.0,,,,,2020-08-13T15:02:00,,,,0,,,,,,,,,,,,,,,,,,,
2020-08-13 17:00:00,1005.7,30.8,66,0.0,0.0,2.2,137.0,0.0,,,,,2020-08-13T16:06:00,,,,0,,,,,,,,,,,,,,,,,,,
2020-08-13 18:00:00,1006.3,29.4,73,0.0,0.0,1.9,136.0,0.0,,,,,2020-08-13T17:22:00,,,,0,,,,,,,,,,,,,,,,,,,
2020-08-13 19:00:00,1006.8,27.9,81,0.0,0.0,0.8,87.0,0.0,,,,,2020-08-13T18:24:00,,,,0,,,,,,,,,,,,,,,,,,,
2020-08-13 20:00:00,1007.3,26.4,85,0.0,0.0,0.8,274.0,0.0,,,,,2020-08-13T19:33:00,,,,0,,,,,,,,,,,,,,,,,,,
2020-08-13 21:00:00,1007.5,25.7,89,0.0,0.0,1.3,324.0,0.0,,,,,2020-08-13T21:00:00,,,,0,,,,,,,,,,,,,,,,,,,
2020-08-13 22:00:00,1007.5,25.4,90,0.0,0.0,1.6,330.0,0.0,,,,,2020-08-13T21:55:00,,,,0,,,,,,,,,,,,,,,,,,,
2020-08-13 23:00:00,1007.5,25.0,92,0.0,0.0,1.3,323.0,0.0,,,,,2020-08-13T22:22:00,,,,0,,,,,,,,,,,,,,,,,,,
2020-08-14 00:00:00,1006.8,24.7,93,0.0,0.0,1.6,341.0,0.0,,,,,2020-08-13T23:04:00,,,,0,,,,,,,,,,,,,,,,,,,
2020-08-14 01:00:00,1006.2,24.4,93,0.1,0.0,1.6,309.0,0.0,,,,,2020-08-14T00:18:00,,,,0,,,,,,,,,,,,,,,,,,,
2020-08-14 02:00:00,1005.2,24.2,94,0.0,0.0,1.6,333.0,0.0,,,,,2020-08-14T01:15:00,,,,0,,,,,,,,,,,,,,,,,,,
2020-08-14 03:00:00,1005.3,24.0,94,0.0,0.0,0.8,298.0,0.0,,,,,2020-08-14T02:02:00,,,,0,,,,,,,,,,,,,,,,,,,
2020-08-14 04:00:00,1005.2,23.9,94,0.0,0.0,1.9,280.0,0.0,,,,,2020-08-14T03:40:00,,,,0,,,,,,,,,,,,,,,,,,,
2020-08-14 05:00:00,1005.2,23.7,94,0.0,0.0,1.3,260.0,0.0,,,,,2020-08-14T04:04:00,,,,0,,,,,,,,,,,,,,,,,,,
2020-08-14 06:00:00,1005.9,23.6,94,0.0,0.0,0.8,331.0,0.0,,,,,2020-08-14T05:04:00,,,,0,,,,,,,,,,,,,,,,,,,
2020-08-14 07:00:00,1006.2,24.7,88,0.0,0.0,1.3,347.0,0.0,,,,,2020-08-14T06:19:00,,,,0,,,,,,,,,,,,,,,,,,,
2020-08-14 08:00:00,1006.6,27.5,76,0.0,0.0,1.1,345.0,0.0,,,,,2020-08-14T07:21:00,,,,0,,,,,,,,,,,,,,,,,,,
2020-08-14 09:00:00,1006.6,30.5,62,0.0,0.0,1.6,182.0,0.0,,,,,2020-08-14T08:31:00,,,,0,,,,,,,,,,,,,,,,,,,
2020-08-14 10:00:00,1006.2,31.9,58,0.5,185.0,2.4,157.0,0.0,,,,,2020-08-14T09:58:00,,,,0,,,,,,,,,,,,,,,,,,,
2020-08-14 11:00:00,1005.5,33.0,52,0.0,0.0,3.0,180.0,0.0,,,,,2020-08-14T10:06:00,,,,0,,,,,,,,,,,,,,,,,,,
2020-08-14 12:00:00,1005.2,33.0,52,0.1,0.0,3.0,171.0,0.0,,,,,2020-08-14T11:12:00,,,,0,,,,,,,,,,,,,,,,,,,
2020-08-14 13:00:00,1004.8,33.0,55,0.2,0.0,3.0,177.0,0.0,,,,,2020-08-14T12:24:00,,,,0,,,,,,,,,,,,,,,,,,,
2020-08-14 14:00:00,-9999.7,-99.7,-9997,-99.7,-999.7,2.7,168.0,0.0,,,,,2020-08-14T13:11:00,,,,0,,,,,,,,,,,,,,,,,,,
2020-08-14 15:00:00,1002.7,33.5,51,0.1,0.0,2.4,202.0,0.0,,,,,2020-08-14T14:11:00,,,,0,,,,,,,,,,,,,,,,,,,
2020-08-14 16:00:00,1003.1,32.8,59,0.2,0.0,2.4,213.0,0.0,,,,,2020-08-14T15:46:00,,,,0,,,,,,,,,,,,,,,,,,,
2020-08-14 17:00:00,1003.4,29.7,70,0.0,0.0,3.8,34.0,0.0,,,,,2020-08-14T16:35:00,,,,0,,,,,,,,,,,,,,,,,,,
2020-08-14 18:00:00,1003.8,28.5,78,0.1,0.0,1.3,182.0,0.0,,,,,2020-08-14T17:47:00,,,,0,,,,,,,,,,,,,,,,,,,
2020-08-14 19:00:00,1004.6,27.8,83,0.0,0.0,1.9,173.0,0.0,,,,,2020-08-14T18:08:00,,,,0,,,,,,,,,,,,,,,,,,,
2020-08-14 20:00:00,1004.5,26.9,87,0.0,0.0,1.3,335.0,0.0,,,,,2020-08-14T19:26:00,,,,0,,,,,,,,,,,,,,,,,,,
2020-08-14 21:00:00,1005.5,26.1,90,0.0,0.0,1.9,347.0,0.0,,,,,2020-08-14T20:36:00,,,,0,,,,,,,,,,,,,,,,,,,
2020-08-14 22:00:00,1005.8,25.6,91,0.0,0.0,1.3,342.0,0.0,,,,,2020-08-14T21:04:00,,,,0,,,,,,,,,,,,,,,,,,,
2020-08-14 23:00:00,1005.6,25.3,92,0.0,0.0,1.3,326.0,0.0,,,,,2020-08-14T22:49:00,,,,0,,,,,,,,,,,,,,,,,,,
2020-08-15 00:00:00,1005.2,24.8,93,0.0,0.0,1.6,339.0,0.0,,,,,2020-08-14T23:14:00,,,,0,,,,,,,,,,,,,,,,,,,
2020-08-15 01:00:00,1004.5,24.6,93,0.0,0.0,1.1,341.0,0.0,,,,,2020-08-15T00:38:00,,,,0,,,,,,,,,,,,,,,,,,,
2020-08-15 02:00:00,1004.2,24.3,93,0.0,0.0,1.9,336.0,0.0,,,,,2020-08-15T01:39:00,,,,0,,,,,,,,,,,,,,,,,,,
2020-08-15 03:00:00,1003.9,24.1,93,0.0,0.0,1.6,261.0,0.0,,,,,2020-08-15T02:20:00,,,,0,,,,,,,,,,,,,,,,,,,
2020-08-15 04:00:00,1003.7,23.9,94,0.0,0.0,1.6,331.0,0.0,,,,,2020-08-15T03:20:00,,,,0,,,,,,,,,,,,,,,,,,,
2020-08-15 05:00:00,1004.2,23.8,94,0.0,0.0,1.9,342.0,0.0,,,,,2020-08-15T04:44:00,,,,0,,,,,,,,,,,,,,,,,,,
2020-08-15 06:00:00,1004.7,23.7,93,0.0,0.0,1.3,332.0,0.0,,,,,2020-08-15T05:03:00,,,,0,,,,,,,,,,,,,,,,,,,
2020-08-15 07:00:00,1004.9,25.0,90,0.0,0.0,1.6,342.0,0.0,,,,,2020-08-15T06:45:00,,,,0,,,,,,,,,,,,,,,,,,,
2020-08-15 08:00:00,1005.1,27.8,77,0.0,0.0,1.3,345.0,0.0,,,,,2020-08-15T07:26:00,,,,0,,,,,,,,,,,,,,,,,,,
2020-08-15 09:00:00,1005.1,29.8,67,0.0,0.0,1.3,337.0,0.0,,,,,2020-08-15T08:26:00,,,,0,,,,,,,,,,,,,,,,,,,
2020-08-15 10:00:00,1005.1,30.7,56,0.0,0.0,3.3,165.0,0.0,,,,,2020-08-15T09:37:00,,,,0,,,,,,,,,,,,,,,,,,,
2020-08-15 11:00:00,1004.8,32.3,54,0.1,0.0,2.2,165.0,0.0,,,,,2020-08-15T10:31:00,,,,0,,,,,,,,,,,,,,,,,,,
2020-08-15 12:00:00,-9999.7,-99.7,-9997,-99.7,-999.7,3.5,181.0,0.0,,,,,2020-08-15T11:06:00,,,,0,,,,,,,,,,,,,,,,,,,
2020-08-15 13:00:00,1003.9,32.7,51,0.2,0.0,3.5,166.0,0.0,,,,,2020-08-15T12:45:00,,,,0,,,,,,,,,,,,,,,,,,,
2020-08-15 14:00:00,1003.5,32.1,58,0.7,170.0,4.9,203.0,0.0,,,,,2020-08-15T13:12:00,,,,0,,,,,,,,,,,,,,,,,,,
2020-08-15 15:00:00,1003.0,31.2,62,0.8,174.0,5.5,186.0,0.0,,,,,2020-08-15T14:34:00,,,,0,,,,,,,,,,,,,,,,,,,
2020-08-15 16:00:00,1003.2,31.0,65,1.3,180.0,4.1,182.0,0.0,,,,,2020-08-15T15:10:00,,,,0,,,,,,,,,,,,,,,,,,,
2020-08-15 17:00:00,1003.5,29.4,73,0.0,0.0,2.7,129.0,0.0,,,,,2020-08-15T16:02:00,,,,0,,,,,,,,,,,,,,,,,,,
2020-08-15 18:00:00,1003.7,29.0,73,0.1,0.0,3.5,169.0,0.0,,,,,2020-08-15T17:34:00,,,,0,,,,,,,,,,,,,,,,,,,
2020-08-15 19:00:00,1004.2,28.6,77,0.0,0.0,3.0,249.0,0.0,,,,,2020-08-15T18:34:00,,,,0,,,,,,,,,,,,,,,,,,,
2020-08-15 20:00:00,1004.9,28.3,79,0.0,0.0,1.9,161.0,0.0,,,,,2020-08-15T19:48:00,,,,0,,,,,,,,,,,,,,,,,,,
2020-08-15 21:00:00,1005.6,27.1,84,0.2,0.0,3.0,157.0,0.0,,,,,2020-08-15T20:33:00,,,,0,,,,,,,,,,,,,,,,,,,
2020-08-15 22:00:00,1006.1,26.0,89,0.0,0.0,1.6,341.0,0.0,,,,,2020-08-15T21:16:00,,,,0,,,,,,,,,,,,,,,,,,,
2020-08-15 23:00:00,1006.3,25.5,91,0.0,0.0,0.8,272.0,0.0,,,,,2020-08-15T22:42:00,,,,0,,,,,,,,,,,,,,,,,,,
2020-08-16 00:00:00,1006.2,25.1,92,0.0,0.0,0.8,262.0,0.0,,,,,2020-08-15T23:02:00,,,,0,,,,,,,,,,,,,,,,,,,
2020-08-16 01:00:00,1005.9,24.7,92,0.0,0.0,1.3,318.0,0.0,,,,,2020-08-16T00:11:00,,,,0,,,,,,,,,,,,,,,,,,,
2020-08-16 02:00:00,1005.7,24.3,93,0.0,0.0,1.1,332.0,0.0,,,,,2020-08-16T01:37:00,,,,0,,,,,,,,,,,,,,,,,,,
2020-08-16 03:00:00,1005.3,24.1,93,0.0,0.0,0.8,317.0,0.0,,,,,2020-08-16T02:01:00,,,,0,,,,,,,,,,,,,,,,,,,
2020-08-16 04:00:00,1005.1,23.8,94,0.0,0.0,0.8,339.0,0.0,,,,,2020-08-16T03:12:00,,,,0,,,,,,,,,,,,,,,,,,,
2020-08-16 05:00:00,1005.0,23.6,94,0.0,0.0,1.3,335.0,0.0,,,,,2020-08-16T04:09:00,,,,0,,,,,,,,,,,,,,,,,,,
2020-08-16 06:00:00,1005.1,23.6,94,0.2,0.0,1.3,313.0,0.0,,,,,2020-08-16T05:56:00,,,,0,,,,,,,,,,,,,,,,,,,
2020-08-16 07:00:00,1005.6,24.8,90,0.3,335.0,1.6,330.0,0.0,,,,,2020-08-16T06:46:00,,,,0,,,,,,,,,,,,,,,,,,,
2020-08-16 08:00:00,1005.6,27.8,79,0.1,0.0,2.4,163.0,0.0,,,,,2020-08-16T07:59:00,,,,0,,,,,,,,,,,,,,,,,,,
2020-08-16 09:00:00,1005.5,29.8,71,0.1,0.0,2.7,170.0,0.0,,,,,2020-08-16T08:52:00,,,,0,,,,,,,,,,,,,,,,,,,
2020-08-16 10:00:00,1005.3,30.4,65,0.4,175.0,4.9,181.0,0.0,,,,,2020-08-16T09:36:00,,,,0,,,,,,,,,,,,,,,,,,,
2020-08-16 11:00:00,1005.0,31.6,62,0.5,174.0,5.5,178.0,0.0,,,,,2020-08-16T10:26:00,,,,0,,,,,,,,,,,,,,,,,,,
2020-08-16 12:00:00,1004.7,32.0,61,0.5,162.0,3.8,164.0,0.0,,,,,2020-08-16T11:53:00,,,,0,,,,,,,,,,,,,,,,,,,
2020-08-16 13:00:00,1004.5,32.3,61,0.5,177.0,3.5,176.0,0.0,,,,,2020-08-16T12:03:00,,,,0,,,,,,,,,,,,,,,,,,,
2020-08-16 14:00:00,-9999.7,-99.7,-9997,-99.7,-999.7,5.5,231.0,0.0,,,,,2020-08-16T13:30:00,,,,0,,,,,,,,,,,,,,,,,,,
2020-08-16 15:00:00,1003.8,31.9,63,0.9,212.0,4.9,255.0,0.0,,,,,2020-08-16T14:59:00,,,,0,,,,,,,,,,,,,,,,,,,
2020-08-16 16:00:00,1003.4,31.0,66,0.4,155.0,3.3,209.0,0.0,,,,,2020-08-16T15:16:00,,,,0,,,,,,,,,,,,,,,,,,,
2020-08-16 17:00:00,1003.8,30.1,70,0.1,0.0,3.0,191.0,0.0,,,,,2020-08-16T16:16:00,,,,0,,,,,,,,,,,,,,,,,,,
2020-08-16 18:00:00,1003.8,29.2,77,0.0,0.0,2.7,175.0,0.0,,,,,2020-08-16T17:30:00,,,,0,,,,,,,,,,,,,,,,,,,
2020-08-16 19:00:00,1004.6,28.4,81,0.0,0.0,0.8,53.0,0.0,,,,,2020-08-16T18:18:00,,,,0,,,,,,,,,,,,,,,,,,,
2020-08-16 20:00:00,1005.1,27.5,86,0.0,0.0,1.1,216.0,0.0,,,,,2020-08-16T19:57:00,,,,0,,,,,,,,,,,,,,,,,,,
2020-08-16 21:00:00,1005.6,28.0,83,0.0,0.0,1.9,153.0,0.0,,,,,2020-08-16T20:38:00,,,,0,,,,,,,,,,,,,,,,,,,
2020-08-16 22:00:00,1006.2,28.0,81,0.0,0.0,1.3,61.0,0.0,,,,,2020-08-16T21:09:00,,,,0,,,,,,,,,,,,,,,,,,,
2020-08-16 23:00:00,1006.3,27.0,86,0.0,0.0,3.8,147.0,0.0,,,,,2020-08-16T22:48:00,,,,0,,,,,,,,,,,,,,,,,,,
2020-08-17 00:00:00,1006.0,25.9,90,0.0,0.0,0.0,0.0,0.0,,,,,2020-08-16T23:05:00,,,,0,,,,,,,,,,,,,,,,,,,
2020-08-17 01:00:00,1006.1,25.2,95,0.0,0.0,1.3,349.0,0.5,,,,,2020-08-17T00:10:00,,,,0,,,,,,,,,,,,,,,,,,,
2020-08-17 02:00:00,1005.0,25.1,95,0.0,0.0,1.9,349.0,0.0,,,,,2020-08-17T01:38:00,,,,0,,,,,,,,,,,,,,,,,,,
2020-08-17 03:00:00,1004.5,24.7,96,0.0,0.0,0.8,273.0,0.0,,,,,2020-08-17T02:38:00,,,,0,,,,,,,,,,,,,,,,,,,
2020-08-17 04:00:00,1004.6,24.7,96,0.0,0.0,0.8,338.0,0.0,,,,,2020-08-17T03:29:00,,,,0,,,,,,,,,,,,,,,,,,,
2020-08-17 05:00:00,1004.5,24.4,96,0.0,0.0,0.8,336.0,0.0,,,,,2020-08-17T04:09:00,,,,0,,,,,,,,,,,,,,,,,,,
2020-08-17 06:00:00,1004.5,24.2,97,0.0,0.0,0.8,327.0,0.0,,,,,2020-08-17T05:12:00,,,,0,,,,,,,,,,,,,,,,,,,
2020-08-17 07:00:00,1004.7,24.9,96,0.0,0.0,0.8,338.0,0.0,,,,,2020-08-17T06:13:00,,,,0,,,,,,,,,,,,,,,,,,,
2020-08-17 08:00:00,1005.1,26.3,90,0.0,0.0,1.3,91.0,0.0,,,,,2020-08-17T07:32:00,,,,0,,,,,,,,,,,,,,,,,,,
2020-08-17 09:00:00,1005.1,26.5,94,0.0,0.0,1.3,181.0,0.5,,,,,2020-08-17T08:52:00,,,,0,,,,,,,,,,,,,,,,,,,
2020-08-17 10:00:00,1005.1,28.5,79,0.8,159.0,6.6,192.0,0.0,,,,,2020-08-17T09:55:00,,,,0,,,,,,,,,,,,,,,,,,,
2020-08-17 11:00:00,1005.2,29.6,72,1.0,185.0,4.9,174.0,0.0,,,,,2020-08-17T10:47:00,,,,0,,,,,,,,,,,,,,,,,,,
2020-08-17 12:00:00,1004.8,29.4,73,0.4,168.0,4.9,167.0,0.0,,,,,2020-08-17T11:37:00,,,,0,,,,,,,,,,,,,,,,,,,
2020-08-17 13:00:00,1004.3,30.8,67,0.7,144.0,3.3,212.0,0.0,,,,,2020-08-17T12:42:00,,,,0,,,,,,,,,,,,,,,,,,,
2020-08-17 14:00:00,1004.1,31.2,67,0.6,190.0,3.3,138.0,0.0,,,,,2020-08-17T13:34:00,,,,0,,,,,,,,,,,,,,,,,,,
2020-08-17 15:00:00,1003.7,30.2,70,0.4,165.0,3.3,102.0,0.0,,,,,2020-08-17T14:54:00,,,,0,,,,,,,,,,,,,,,,,,,
2020-08-17 16:00:00,1003.7,29.9,74,0.1,0.0,3.3,171.0,0.0,,,,,2020-08-17T15:54:00,,,,0,,,,,,,,,,,,,,,,,,,
2020-08-17 17:00:00,1003.8,29.5,70,0.1,0.0,2.4,191.0,0.0,,,,,2020-08-17T16:16:00,,,,0,,,,,,,,,,,,,,,,,,,
2020-08-17 18:00:00,1003.9,28.8,74,0.0,0.0,2.4,157.0,0.0,,,,,2020-08-17T17:04:00,,,,0,,,,,,,,,,,,,,,,,,,
2020-08-17 19:00:00,1004.5,28.2,78,0.1,0.0,2.4,145.0,0.0,,,,,2020-08-17T18:21:00,,,,0,,,,,,,,,,,,,,,,,,,
2020-08-17 20:00:00,1005.2,28.1,81,0.0,0.0,1.9,191.0,0.0,,,,,2020-08-17T19:01:00,,,,0,,,,,,,,,,,,,,,,,,,
2020-08-17 21:00:00,1005.3,28.1,80,0.0,0.0,3.0,160.0,0.0,,,,,2020-08-17T20:45:00,,,,0,,,,,,,,,,,,,,,,,,,
2020-08-17 22:00:00,1005.8,27.7,81,0.1,0.0,2.4,190.0,0.0,,,,,2020-08-17T21:56:00,,,,0,,,,,,,,,,,,,,,,,,,
2020-08-17 23:00:00,1005.9,27.7,81,0.0,0.0,2.7,202.0,0.0,,,,,2020-08-17T22:36:00,,,,0,,,,,,,,,,,,,,,,,,,
2020-08-18 00:00:00,1005.8,27.7,81,0.1,0.0,1.9,175.0,0.0,,,,,2020-08-17T23:02:00,,,,0,,,,,,,,,,,,,,,,,,,
2020-08-18 01:00:00,1005.0,27.5,83,0.0,0.0,1.6,179.0,0.0,,,,,2020-08-18T00:24:00,,,,0,,,,,,,,,,,,,,,,,,,
2020-08-18 02:00:00,1004.5,26.6,88,0.0,0.0,1.3,60.0,0.0,,,,,2020-08-18T01:13:00,,,,0,,,,,,,,,,,,,,,,,,,
2020-08-18 03:00:00,1004.3,26.1,91,0.3,335.0,1.6,337.0,0.0,,,,,2020-08-18T02:58:00,,,,0,,,,,,,,,,,,,,,,,,,
2020-08-18 04:00:00,1004.3,25.9,91,0.0,0.0,1.1,336.0,0.0,,,,,2020-08-18T03:01:00,,,,0,,,,,,,,,,,,,,,,,,,
2020-08-18 05:00:00,1004.5,27.2,86,0.0,0.0,1.3,10.0,0.0,,,,,2020-08-18T04:48:00,,,,0,,,,,,,,,,,,,,,,,,,
2020-08-18 06:00:00,1005.0,26.8,88,0.4,90.0,2.4,47.0,0.0,,,,,2020-08-18T05:03:00,,,,0,,,,,,,,,,,,,,,,,,,
2020-08-18 07:00:00,1005.0,26.5,87,0.2,0.0,2.4,104.0,0.5,,,,,2020-08-18T06:07:00,,,,0,,,,,,,,,,,,,,,,,,,
2020-08-18 08:00:00,1005.8,26.7,86,0.1,0.0,3.3,182.0,0.0,,,,,2020-08-18T07:01:00,,,,0,,,,,,,,,,,,,,,,,,,
2020-08-18 09:00:00,1005.6,27.0,84,0.4,139.0,2.4,174.0,0.0,,,,,2020-08-18T08:05:00,,,,0,,,,,,,,,,,,,,,,,,,
2020-08-18 10:00:00,1004.9,27.2,80,0.2,0.0,2.4,163.0,0.0,,,,,2020-08-18T09:02:00,,,,0,,,,,,,,,,,,,,,,,,,
2020-08-18 11:00:00,1004.7,28.4,72,0.2,0.0,3.5,180.0,0.0,,,,,2020-08-18T10:33:00,,,,0,,,,,,,,,,,,,,,,,,,
2020-08-18 12:00:00,1004.4,29.3,68,0.7,102.0,5.5,139.0,0.0,,,,,2020-08-18T11:26:00,,,,0,,,,,,,,,,,,,,,,,,,
2020-08-18 13:00:00,1004.0,29.9,68,0.2,0.0,3.5,156.0,0.0,,,,,2020-08-18T12:28:00,,,,0,,,,,,,,,,,,,,,,,,,
2020-08-18 14:00:00,1003.6,29.6,71,0.6,172.0,5.5,202.0,0.0,,,,,2020-08-18T13:47:00,,,,0,,,,,,,,,,,,,,,,,,,
2020-08-18 15:00:00,1003.1,30.2,68,0.6,166.0,3.0,189.0,0.0,,,,,2020-08-18T14:03:00,,,,0,,,,,,,,,,,,,,,,,,,
2020-08-18 16:00:00,1003.2,29.3,76,0.7,161.0,6.6,172.0,0.0,,,,,2020-08-18T15:53:00,,,,0,,,,,,,,,,,,,,,,,,,
2020-08-18 17:00:00,1003.2,29.1,78,0.2,0.0,3.5,84.0,0.0,,,,,2020-08-18T16:11:00,,,,0,,,,,,,,,,,,,,,,,,,
2020-08-18 18:00:00,1003.7,28.8,78,0.2,0.0,3.0,177.0,0.0,,,,,2020-08-18T17:53:00,,,,0,,,,,,,,,,,,,,,,,,,
2020-08-18 19:00:00,1004.5,28.4,80,0.0,0.0,2.4,240.0,0.0,,,,,2020-08-18T18:12:00,,,,0,,,,,,,,,,,,,,,,,,,
2020-08-18 20:00:00,1004.9,28.2,81,0.0,0.0,1.9,54.0,0.0,,,,,2020-08-18T19:35:00,,,,0,,,,,,,,,,,,,,,,,,,
2020-08-18 21:00:00,1005.5,28.1,82,0.0,0.0,2.4,152.0,0.0,,,,,2020-08-18T20:27:00,,,,0,,,,,,,,,,,,,,,,,,,
2020-08-18 22:00:00,1005.1,28.0,82,0.0,0.0,2.4,58.0,0.0,,,,,2020-08-18T21:42:00,,,,0,,,,,,,,,,,,,,,,,,,
2020-08-18 23:00:00,1004.9,28.2,81,0.3,102.0,2.4,172.0,0.0,,,,,2020-08-18T22:51:00,,,,0,,,,,,,,,,,,,,,,,,,
2020-08-19 00:00:00,1004.7,28.3,79,0.5,167.0,3.5,159.0,0.0,,,,,2020-08-18T23:55:00,,,,0,,,,,,,,,,,,,,,,,,,
2020-08-19 01:00:00,1004.4,27.9,80,0.0,0.0,3.0,168.0,0.0,,,,,2020-08-19T00:20:00,,,,0,,,,,,,,,,,,,,,,,,,
2020-08-19 02:00:00,1004.1,28.0,80,0.1,0.0,4.9,184.0,0.0,,,,,2020-08-19T01:38:00,,,,0,,,,,,,,,,,,,,,,,,,
2020-08-19 03:00:00,1003.9,26.1,88,0.0,0.0,2.4,215.0,0.0,,,,,2020-08-19T02:08:00,,,,0,,,,,,,,,,,,,,,,,,,
2020-08-19 04:00:00,1003.9,24.8,92,0.0,0.0,1.9,346.0,0.0,,,,,2020-08-19T03:10:00,,,,0,,,,,,,,,,,,,,,,,,,
2020-08-19 05:00:00,1004.0,24.3,94,0.0,0.0,1.3,300.0,0.0,,,,,2020-08-19T04:07:00,,,,0,,,,,,,,,,,,,,,,,,,
2020-08-19 06:00:00,1004.6,24.1,94,0.0,0.0,1.1,328.0,0.0,,,,,2020-08-19T05:02:00,,,,0,,,,,,,,,,,,,,,,,,,
2020-08-19 07:00:00,1004.9,24.9,91,0.0,0.0,1.1,354.0,0.0,,,,,2020-08-19T06:02:00,,,,0,,,,,,,,,,,,,,,,,,,
2020-08-19 08:00:00,1004.9,26.4,89,0.0,0.0,0.0,0.0,0.0,,,,,2020-08-19T07:05:00,,,,0,,,,,,,,,,,,,,,,,,,
2020-08-19 09:00:00,1005.1,29.5,73,0.0,0.0,2.2,193.0,0.0,,,,,2020-08-19T08:48:00,,,,0,,,,,,,,,,,,,,,,,,,
2020-08-19 10:00:00,1005.0,31.5,62,0.3,167.0,2.7,202.0,0.0,,,,,2020-08-19T09:42:00,,,,0,,,,,,,,,,,,,,,,,,,
2020-08-19 11:00:00,1004.6,32.1,60,0.3,152.0,4.9,185.0,0.0,,,,,2020-08-19T10:14:00,,,,0,,,,,,,,,,,,,,,,,,,
2020-08-19 12:00:00,1004.1,32.5,61,0.2,0.0,3.0,217.0,0.0,,,,,2020-08-19T11:08:00,,,,0,,,,,,,,,,,,,,,,,,,
2020-08-19 13:00:00,1003.8,32.7,60,0.4,176.0,3.5,172.0,0.0,,,,,2020-08-19T12:23:00,,,,0,,,,,,,,,,,,,,,,,,,
2020-08-19 14:00:00,1003.4,31.6,64,0.4,114.0,3.3,123.0,0.0,,,,,2020-08-19T13:55:00,,,,0,,,,,,,,,,,,,,,,,,,
2020-08-19 15:00:00,1003.0,31.5,66,0.3,162.0,3.0,187.0,0.0,,,,,2020-08-19T14:01:00,,,,0,,,,,,,,,,,,,,,,,,,
2020-08-19 16:00:00,1003.2,30.8,66,0.8,169.0,3.5,182.0,0.0,,,,,2020-08-19T15:54:00,,,,0,,,,,,,,,,,,,,,,,,,
2020-08-19 17:00:00,1003.0,30.3,70,0.1,0.0,3.3,182.0,0.0,,,,,2020-08-19T16:37:00,,,,0,,,,,,,,,,,,,,,,,,,
2020-08-19 18:00:00,1003.7,29.2,73,0.0,0.0,3.3,181.0,0.0,,,,,2020-08-19T17:07:00,,,,0,,,,,,,,,,,,,,,,,,,
2020-08-19 19:00:00,1003.9,28.0,76,0.0,0.0,0.8,84.0,0.0,,,,,2020-08-19T18:01:00,,,,0,,,,,,,,,,,,,,,,,,,
2020-08-19 20:00:00,1004.2,26.8,84,0.0,0.0,0.0,0.0,0.0,,,,,2020-08-19T19:05:00,,,,0,,,,,,,,,,,,,,,,,,,
2020-08-19 21:00:00,1004.5,26.0,88,0.0,0.0,1.3,338.0,0.0,,,,,2020-08-19T20:21:00,,,,0,,,,,,,,,,,,,,,,,,,
2020-08-19 22:00:00,1005.0,25.5,90,0.4,340.0,1.3,335.0,0.0,,,,,2020-08-19T21:37:00,,,,0,,,,,,,,,,,,,,,,,,,
2020-08-19 23:00:00,1005.3,24.9,91,0.0,0.0,1.9,326.0,0.0,,,,,2020-08-19T22:33:00,,,,0,,,,,,,,,,,,,,,,,,,
2020-08-20 00:00:00,1005.0,24.6,91,0.0,0.0,2.2,325.0,0.0,,,,,2020-08-19T23:20:00,,,,0,,,,,,,,,,,,,,,,,,,
2020-08-20 01:00:00,1004.9,24.8,91,0.0,0.0,1.9,328.0,0.0,,,,,2020-08-20T00:13:00,,,,0,,,,,,,,,,,,,,,,,,,
2020-08-20 02:00:00,1004.8,24.5,92,0.4,328.0,3.0,324.0,0.0,,,,,2020-08-20T01:43:00,,,,0,,,,,,,,,,,,,,,,,,,
2020-08-20 03:00:00,1004.7,24.3,93,0.0,0.0,1.6,321.0,0.0,,,,,2020-08-20T02:03:00,,,,0,,,,,,,,,,,,,,,,,,,
2020-08-20 04:00:00,1004.9,24.1,93,0.0,0.0,1.3,345.0,0.0,,,,,2020-08-20T03:19:00,,,,0,,,,,,,,,,,,,,,,,,,
2020-08-20 05:00:00,1005.0,23.9,94,0.0,0.0,1.3,338.0,0.0,,,,,2020-08-20T04:19:00,,,,0,,,,,,,,,,,,,,,,,,,
2020-08-20 06:00:00,1005.4,23.8,94,0.0,0.0,1.6,341.0,0.0,,,,,2020-08-20T05:14:00,,,,0,,,,,,,,,,,,,,,,,,,
2020-08-20 07:00:00,1005.6,24.8,92,0.0,0.0,0.8,335.0,0.0,,,,,2020-08-20T06:13:00,,,,0,,,,,,,,,,,,,,,,,,,
2020-08-20 08:00:00,1005.7,28.4,79,0.1,0.0,1.3,170.0,0.0,,,,,2020-08-20T07:58:00,,,,0,,,,,,,,,,,,,,,,,,,
2020-08-20 09:00:00,1005.6,30.0,66,0.2,0.0,2.7,175.0,0.0,,,,,2020-08-20T08:38:00,,,,0,,,,,,,,,,,,,,,,,,,
2020-08-20 10:00:00,-9999.7,-99.7,-9997,-99.7,-999.7,3.0,171.0,0.0,,,,,2020-08-20T09:06:00,,,,0,,,,,,,,,,,,,,,,,,,
2020-08-20 11:00:00,1004.9,31.1,64,0.4,142.0,3.5,191.0,0.0,,,,,2020-08-20T10:56:00,,,,0,,,,,,,,,,,,,,,,,,,
2020-08-20 12:00:00,1004.7,31.5,65,0.5,151.0,4.9,175.0,0.0,,,,,2020-08-20T11:32:00,,,,0,,,,,,,,,,,,,,,,,,,
2020-08-20 13:00:00,1004.4,30.7,69,0.6,141.0,4.9,164.0,0.0,,,,,2020-08-20T12:19:00,,,,0,,,,,,,,,,,,,,,,,,,
2020-08-20 14:00:00,1003.8,31.1,68,0.2,0.0,3.3,84.0,0.0,,,,,2020-08-20T13:41:00,,,,0,,,,,,,,,,,,,,,,,,,
2020-08-20 15:00:00,1003.7,31.1,66,0.3,138.0,3.3,187.0,0.0,,,,,2020-08-20T15:00:00,,,,0,,,,,,,,,,,,,,,,,,,
2020-08-20 16:00:00,1003.1,30.8,69,0.0,0.0,3.5,165.0,0.0,,,,,2020-08-20T15:07:00,,,,0,,,,,,,,,,,,,,,,,,,
2020-08-20 17:00:00,1003.2,30.5,72,0.0,0.0,2.4,204.0,0.0,,,,,2020-08-20T16:08:00,,,,0,,,,,,,,,,,,,,,,,,,
2020-08-20 18:00:00,1003.7,29.6,79,0.0,0.0,2.7,146.0,0.0,,,,,2020-08-20T17:08:00,,,,0,,,,,,,,,,,,,,,,,,,
2020-08-20 19:00:00,1003.9,28.5,82,0.0,0.0,1.3,67.0,0.0,,,,,2020-08-20T18:01:00,,,,0,,,,,,,,,,,,,,,,,,,
2020-08-20 20:00:00,1004.5,28.3,83,0.0,0.0,1.3,209.0,0.0,,,,,2020-08-20T19:11:00,,,,0,,,,,,,,,,,,,,,,,,,
2020-08-20 21:00:00,1005.4,28.3,82,0.0,0.0,1.3,103.0,0.0,,,,,2020-08-20T20:31:00,,,,0,,,,,,,,,,,,,,,,,,,
2020-08-20 22:00:00,1005.8,28.2,82,0.0,0.0,1.6,64.0,0.0,,,,,2020-08-20T21:44:00,,,,0,,,,,,,,,,,,,,,,,,,
2020-08-20 23:00:00,1005.7,28.2,80,0.1,0.0,1.9,62.0,0.0,,,,,2020-08-20T22:13:00,,,,0,,,,,,,,,,,,,,,,,,,
2020-08-21 00:00:00,1005.9,26.0,94,0.0,0.0,1.3,295.0,1.0,,,,,2020-08-20T23:41:00,,,,0,,,,,,,,,,,,,,,,,,,
2020-08-21 01:00:00,1006.0,25.6,96,0.0,0.0,1.1,350.0,0.0,,,,,2020-08-21T00:03:00,,,,0,,,,,,,,,,,,,,,,,,,
2020-08-21 02:00:00,1004.9,25.5,96,0.0,0.0,1.3,334.0,0.0,,,,,2020-08-21T01:14:00,,,,0,,,,,,,,,,,,,,,,,,,
2020-08-21 03:00:00,1004.9,25.3,96,0.0,0.0,0.8,247.0,0.0,,,,,2020-08-21T02:10:00,,,,0,,,,,,,,,,,,,,,,,,,
2020-08-21 04:00:00,1004.8,25.0,96,0.0,0.0,0.0,0.0,0.0,,,,,2020-08-21T03:05:00,,,,0,,,,,,,,,,,,,,,,,,,
2020-08-21 05:00:00,1004.4,24.8,97,0.0,0.0,0.0,0.0,0.0,,,,,2020-08-21T04:05:00,,,,0,,,,,,,,,,,,,,,,,,,
2020-08-21 06:00:00,1004.4,24.9,96,0.0,0.0,1.9,353.0,0.0,,,,,2020-08-21T05:16:00,,,,0,,,,,,,,,,,,,,,,,,,
2020-08-21 07:00:00,1004.8,26.0,96,0.0,0.0,0.8,221.0,0.0,,,,,2020-08-21T06:25:00,,,,0,,,,,,,,,,,,,,,,,,,
2020-08-21 08:00:00,1005.3,28.5,86,0.0,0.0,1.9,24.0,0.0,,,,,2020-08-21T07:02:00,,,,0,,,,,,,,,,,,,,,,,,,
2020-08-21 09:00:00,1005.7,26.3,93,0.0,0.0,2.4,61.0,1.0,,,,,2020-08-21T08:43:00,,,,0,,,,,,,,,,,,,,,,,,,
2020-08-21 10:00:00,1005.6,26.8,90,0.0,0.0,0.8,95.0,0.0,,,,,2020-08-21T09:12:00,,,,0,,,,,,,,,,,,,,,,,,,
2020-08-21 11:00:00,1005.8,27.2,90,0.0,0.0,1.9,195.0,0.0,,,,,2020-08-21T10:30:00,,,,0,,,,,,,,,,,,,,,,,,,
2020-08-21 12:00:00,1005.3,26.2,95,0.0,0.0,1.9,82.0,4.0,,,,,2020-08-21T11:07:00,,,,0,,,,,,,,,,,,,,,,,,,
2020-08-21 13:00:00,1004.5,29.5,81,0.2,0.0,3.3,187.0,0.0,,,,,2020-08-21T12:40:00,,,,0,,,,,,,,,,,,,,,,,,,
2020-08-21 14:00:00,1004.1,30.3,74,0.3,168.0,3.0,24.0,0.0,,,,,2020-08-21T13:08:00,,,,0,,,,,,,,,,,,,,,,,,,
2020-08-21 15:00:00,1004.1,30.4,74,0.5,140.0,4.9,191.0,0.0,,,,,2020-08-21T14:43:00,,,,0,,,,,,,,,,,,,,,,,,,
2020-08-21 16:00:00,1003.7,29.3,74,0.8,168.0,4.1,57.0,0.0,,,,,2020-08-21T15:06:00,,,,0,,,,,,,,,,,,,,,,,,,
2020-08-21 17:00:00,1003.2,28.3,74,0.3,180.0,5.5,164.0,0.0,,,,,2020-08-21T16:25:00,,,,0,,,,,,,,,,,,,,,,,,,
2020-08-21 18:00:00,1003.7,27.3,78,0.5,155.0,4.9,196.0,0.0,,,,,2020-08-21T17:50:00,,,,0,,,,,,,,,,,,,,,,,,,
2020-08-21 19:00:00,1003.9,26.7,81,0.1,0.0,4.9,141.0,0.0,,,,,2020-08-21T18:25:00,,,,0,,,,,,,,,,,,,,,,,,,
2020-08-21 20:00:00,1003.8,27.0,81,0.2,0.0,2.7,157.0,0.0,,,,,2020-08-21T19:30:00,,,,0,,,,,,,,,,,,,,,,,,,
2020-08-21 21:00:00,1004.1,27.2,81,0.1,0.0,2.2,72.0,0.0,,,,,2020-08-21T20:05:00,,,,0,,,,,,,,,,,,,,,,,,,
2020-08-21 22:00:00,1004.2,27.1,82,0.0,0.0,2.2,178.0,0.0,,,,,2020-08-21T21:01:00,,,,0,,,,,,,,,,,,,,,,,,,
2020-08-21 23:00:00,1004.2,26.6,87,0.0,0.0,0.8,13.0,0.0,,,,,2020-08-21T22:04:00,,,,0,,,,,,,,,,,,,,,,,,,
2020-08-22 00:00:00,1004.0,26.2,86,0.2,0.0,5.5,187.0,0.0,,,,,2020-08-21T23:55:00,,,,0,,,,,,,,,,,,,,,,,,,
2020-08-22 01:00:00,1003.5,25.2,88,0.0,0.0,1.6,142.0,0.0,,,,,2020-08-22T00:21:00,,,,0,,,,,,,,,,,,,,,,,,,
2020-08-22 02:00:00,1003.3,23.9,96,0.0,0.0,1.9,155.0,3.5,,,,,2020-08-22T01:17:00,,,,0,,,,,,,,,,,,,,,,,,,
2020-08-22 03:00:00,1002.4,24.1,97,0.0,0.0,0.8,88.0,2.0,,,,,2020-08-22T02:15:00,,,,0,,,,,,,,,,,,,,,,,,,
2020-08-22 04:00:00,1002.2,24.2,97,0.2,0.0,2.4,38.0,3.5,,,,,2020-08-22T03:51:00,,,,0,,,,,,,,,,,,,,,,,,,
2020-08-22 05:00:00,1002.4,24.4,97,0.0,0.0,2.2,40.0,0.5,,,,,2020-08-22T04:09:00,,,,0,,,,,,,,,,,,,,,,,,,
2020-08-22 06:00:00,1002.2,24.4,97,0.0,0.0,0.0,0.0,0.0,,,,,2020-08-22T05:05:00,,,,0,,,,,,,,,,,,,,,,,,,
2020-08-22 07:00:00,1002.6,25.1,97,0.0,0.0,0.0,0.0,0.0,,,,,2020-08-22T06:05:00,,,,0,,,,,,,,,,,,,,,,,,,
2020-08-22 08:00:00,1002.7,26.0,95,0.0,0.0,0.8,60.0,0.0,,,,,2020-08-22T07:59:00,,,,0,,,,,,,,,,,,,,,,,,,
2020-08-22 09:00:00,1002.3,26.9,92,0.0,0.0,2.4,119.0,0.5,,,,,2020-08-22T08:50:00,,,,0,,,,,,,,,,,,,,,,,,,
2020-08-22 10:00:00,1002.4,26.0,95,0.3,186.0,1.9,199.0,3.5,,,,,2020-08-22T09:34:00,,,,0,,,,,,,,,,,,,,,,,,,
2020-08-22 11:00:00,1002.0,27.7,89,0.1,0.0,2.7,207.0,0.0,,,,,2020-08-22T10:44:00,,,,0,,,,,,,,,,,,,,,,,,,
2020-08-22 12:00:00,1001.5,27.1,91,0.3,215.0,3.5,304.0,0.5,,,,,2020-08-22T11:53:00,,,,0,,,,,,,,,,,,,,,,,,,
2020-08-22 13:00:00,1001.0,27.8,88,0.0,0.0,2.7,214.0,0.0,,,,,2020-08-22T12:42:00,,,,0,,,,,,,,,,,,,,,,,,,
2020-08-22 14:00:00,1000.8,28.4,82,0.2,0.0,2.7,154.0,0.0,,,,,2020-08-22T13:29:00,,,,0,,,,,,,,,,,,,,,,,,,
2020-08-22 15:00:00,1000.2,27.6,85,0.5,284.0,3.3,341.0,0.0,,,,,2020-08-22T14:46:00,,,,0,,,,,,,,,,,,,,,,,,,
2020-08-22 16:00:00,999.6,27.2,87,0.8,326.0,4.1,327.0,0.0,,,,,2020-08-22T15:58:00,,,,0,,,,,,,,,,,,,,,,,,,
2020-08-22 17:00:00,999.8,27.3,84,0.7,331.0,2.4,304.0,0.0,,,,,2020-08-22T16:04:00,,,,0,,,,,,,,,,,,,,,,,,,
2020-08-22 18:00:00,1000.0,25.6,91,0.1,0.0,3.5,334.0,0.5,,,,,2020-08-22T17:12:00,,,,0,,,,,,,,,,,,,,,,,,,
2020-08-22 19:00:00,1000.0,25.0,95,0.1,0.0,2.2,249.0,0.0,,,,,2020-08-22T18:45:00,,,,0,,,,,,,,,,,,,,,,,,,
2020-08-22 20:00:00,1000.3,24.8,95,0.9,343.0,2.2,349.0,0.5,,,,,2020-08-22T19:32:00,,,,0,,,,,,,,,,,,,,,,,,,
2020-08-22 21:00:00,1000.4,24.6,96,0.0,0.0,2.2,329.0,0.0,,,,,2020-08-22T20:02:00,,,,0,,,,,,,,,,,,,,,,,,,
2020-08-22 22:00:00,1000.4,24.6,95,0.2,0.0,3.0,239.0,1.5,,,,,2020-08-22T21:12:00,,,,0,,,,,,,,,,,,,,,,,,,
2020-08-22 23:00:00,999.9,24.3,97,0.6,284.0,2.7,250.0,3.0,,,,,2020-08-22T22:57:00,,,,0,,,,,,,,,,,,,,,,,,,
2020-08-23 00:00:00,999.2,24.4,94,0.4,304.0,5.5,319.0,0.0,,,,,2020-08-22T23:10:00,,,,0,,,,,,,,,,,,,,,,,,,
2020-08-23 01:00:00,999.1,24.6,95,0.9,304.0,3.5,320.0,0.5,,,,,2020-08-23T00:11:00,,,,0,,,,,,,,,,,,,,,,,,,
2020-08-23 02:00:00,998.8,24.8,93,0.9,297.0,5.5,258.0,0.0,,,,,2020-08-23T02:00:00,,,,0,,,,,,,,,,,,,,,,,,,
2020-08-23 03:00:00,998.8,24.9,92,0.8,330.0,4.1,328.0,1.0,,,,,2020-08-23T02:54:00,,,,0,,,,,,,,,,,,,,,,,,,
2020-08-23 04:00:00,998.8,24.7,92,1.3,329.0,5.5,347.0,2.0,,,,,2020-08-23T03:57:00,,,,0,,,,,,,,,,,,,,,,,,,
2020-08-23 05:00:00,998.6,24.8,93,0.6,316.0,6.0,326.0,3.0,,,,,2020-08-23T04:51:00,,,,0,,,,,,,,,,,,,,,,,,,
2020-08-23 06:00:00,998.9,24.8,93,1.1,310.0,4.9,336.0,0.0,,,,,2020-08-23T05:26:00,,,,0,,,,,,,,,,,,,,,,,,,
2020-08-23 07:00:00,998.9,25.7,89,1.6,329.0,8.2,12.0,0.5,,,,,2020-08-23T06:39:00,,,,0,,,,,,,,,,,,,,,,,,,
2020-08-23 08:00:00,999.2,25.7,90,1.7,323.0,6.6,332.0,3.0,,,,,2020-08-23T07:44:00,,,,0,,,,,,,,,,,,,,,,,,,
2020-08-23 09:00:00,999.5,26.8,84,1.0,305.0,8.2,318.0,0.0,,,,,2020-08-23T08:09:00,,,,0,,,,,,,,,,,,,,,,,,,
2020-08-23 10:00:00,999.6,27.1,81,2.1,330.0,6.6,324.0,0.0,,,,,2020-08-23T09:24:00,,,,0,,,,,,,,,,,,,,,,,,,
2020-08-23 11:00:00,999.4,28.0,78,1.7,318.0,9.3,334.0,0.0,,,,,2020-08-23T10:50:00,,,,0,,,,,,,,,,,,,,,,,,,
2020-08-23 12:00:00,998.7,29.3,72,0.9,284.0,8.2,317.0,0.0,,,,,2020-08-23T11:38:00,,,,0,,,,,,,,,,,,,,,,,,,
2020-08-23 13:00:00,998.5,29.2,69,1.4,330.0,9.9,329.0,0.0,,,,,2020-08-23T12:18:00,,,,0,,,,,,,,,,,,,,,,,,,
2020-08-23 14:00:00,-9999.7,-99.7,-9997,-99.7,-999.7,7.7,349.0,0.0,,,,,2020-08-23T13:02:00,,,,0,,,,,,,,,,,,,,,,,,,
2020-08-23 15:00:00,998.0,31.2,60,3.7,334.0,12.6,321.0,0.0,,,,,2020-08-23T14:07:00,,,,0,,,,,,,,,,,,,,,,,,,
2020-08-23 16:00:00,997.9,31.1,58,1.7,325.0,12.1,328.0,0.0,,,,,2020-08-23T15:04:00,,,,0,,,,,,,,,,,,,,,,,,,
2020-08-23 17:00:00,-9999.7,-99.7,-9997,-99.7,-999.7,9.9,330.0,0.0,,,,,2020-08-23T16:22:00,,,,0,,,,,,,,,,,,,,,,,,,
2020-08-23 18:00:00,998.9,29.7,60,0.9,318.0,7.1,345.0,0.0,,,,,2020-08-23T17:08:00,,,,0,,,,,,,,,,,,,,,,,,,
2020-08-23 19:00:00,999.2,28.7,63,0.6,325.0,5.5,296.0,0.0,,,,,2020-08-23T18:15:00,,,,0,,,,,,,,,,,,,,,,,,,
2020-08-23 20:00:00,999.7,27.5,70,0.2,0.0,3.0,262.0,0.0,,,,,2020-08-23T19:08:00,,,,0,,,,,,,,,,,,,,,,,,,
2020-08-23 21:00:00,999.9,26.2,78,0.0,0.0,2.2,272.0,0.0,,,,,2020-08-23T20:10:00,,,,0,,,,,,,,,,,,,,,,,,,
2020-08-23 22:00:00,1000.3,27.3,73,0.8,328.0,3.8,329.0,0.0,,,,,2020-08-23T21:47:00,,,,0,,,,,,,,,,,,,,,,,,,
2020-08-23 23:00:00,1000.2,27.4,76,1.2,296.0,5.5,267.0,0.0,,,,,2020-08-23T22:47:00,,,,0,,,,,,,,,,,,,,,,,,,
2020-08-24 00:00:00,999.9,27.5,77,1.5,317.0,6.0,335.0,0.0,,,,,2020-08-23T23:27:00,,,,0,,,,,,,,,,,,,,,,,,,
2020-08-24 01:00:00,999.4,27.3,78,1.6,274.0,7.1,21.0,0.0,,,,,2020-08-24T00:21:00,,,,0,,,,,,,,,,,,,,,,,,,
2020-08-24 02:00:00,999.0,27.1,79,1.0,280.0,7.7,243.0,0.0,,,,,2020-08-24T01:07:00,,,,0,,,,,,,,,,,,,,,,,,,
2020-08-24 03:00:00,998.6,26.8,78,1.6,299.0,6.6,242.0,0.0,,,,,2020-08-24T03:00:00,,,,0,,,,,,,,,,,,,,,,,,,
2020-08-24 04:00:00,998.5,26.5,77,0.8,280.0,5.5,345.0,0.0,,,,,2020-08-24T03:02:00,,,,0,,,,,,,,,,,,,,,,,,,
2020-08-24 05:00:00,998.5,26.8,73,0.6,281.0,6.0,249.0,0.0,,,,,2020-08-24T04:52:00,,,,0,,,,,,,,,,,,,,,,,,,
2020-08-24 06:00:00,999.6,26.8,73,1.6,340.0,6.0,343.0,0.0,,,,,2020-08-24T05:22:00,,,,0,,,,,,,,,,,,,,,,,,,
2020-08-24 07:00:00,999.4,26.8,76,0.2,0.0,3.5,18.0,0.0,,,,,2020-08-24T06:21:00,,,,0,,,,,,,,,,,,,,,,,,,
2020-08-24 08:00:00,999.4,27.8,72,1.3,316.0,6.6,345.0,0.0,,,,,2020-08-24T07:36:00,,,,0,,,,,,,,,,,,,,,,,,,
2020-08-24 09:00:00,999.1,28.7,69,0.8,303.0,3.3,353.0,0.0,,,,,2020-08-24T08:15:00,,,,0,,,,,,,,,,,,,,,,,,,
2020-08-24 10:00:00,998.6,30.2,65,1.1,280.0,6.0,348.0,0.0,,,,,2020-08-24T09:09:00,,,,0,,,,,,,,,,,,,,,,,,,
2020-08-24 11:00:00,997.9,31.4,60,1.1,301.0,6.0,285.0,0.0,,,,,2020-08-24T10:35:00,,,,0,,,,,,,,,,,,,,,,,,,
2020-08-24 12:00:00,997.4,33.7,52,1.2,290.0,5.5,261.0,0.0,,,,,2020-08-24T11:43:00,,,,0,,,,,,,,,,,,,,,,,,,
2020-08-24 13:00:00,997.1,35.2,49,1.4,287.0,6.0,285.0,0.0,,,,,2020-08-24T12:26:00,,,,0,,,,,,,,,,,,,,,,,,,
2020-08-24 14:00:00,996.5,36.0,45,0.9,317.0,7.1,342.0,0.0,,,,,2020-08-24T13:37:00,,,,0,,,,,,,,,,,,,,,,,,,
2020-08-24 15:00:00,995.9,35.8,46,2.4,324.0,5.5,279.0,0.0,,,,,2020-08-24T14:14:00,,,,0,,,,,,,,,,,,,,,,,,,
2020-08-24 16:00:00,995.9,35.4,47,0.8,325.0,5.5,335.0,0.0,,,,,2020-08-24T15:16:00,,,,0,,,,,,,,,,,,,,,,,,,
2020-08-24 17:00:00,996.1,32.5,60,0.0,0.0,3.5,346.0,0.0,,,,,2020-08-24T16:01:00,,,,0,,,,,,,,,,,,,,,,,,,
2020-08-24 18:00:00,996.7,30.7,70,0.0,0.0,1.9,172.0,0.0,,,,,2020-08-24T17:23:00,,,,0,,,,,,,,,,,,,,,,,,,
2020-08-24 19:00:00,997.1,28.0,85,0.0,0.0,0.0,0.0,0.0,,,,,2020-08-24T18:05:00,,,,0,,,,,,,,,,,,,,,,,,,
2020-08-24 20:00:00,997.8,27.1,86,0.0,0.0,2.4,248.0,0.0,,,,,2020-08-24T19:38:00,,,,0,,,,,,,,,,,,,,,,,,,
2020-08-24 21:00:00,998.4,26.1,90,0.0,0.0,0.8,306.0,0.0,,,,,2020-08-24T20:08:00,,,,0,,,,,,,,,,,,,,,,,,,
2020-08-24 22:00:00,998.7,25.7,92,0.0,0.0,0.8,328.0,0.0,,,,,2020-08-24T21:57:00,,,,0,,,,,,,,,,,,,,,,,,,
2020-08-24 23:00:00,998.5,25.5,93,0.0,0.0,1.3,323.0,0.0,,,,,2020-08-24T22:14:00,,,,0,,,,,,,,,,,,,,,,,,,
2020-08-25 00:00:00,997.9,25.2,94,0.0,0.0,0.8,89.0,0.0,,,,,2020-08-24T23:52:00,,,,0,,,,,,,,,,,,,,,,,,,
2020-08-25 01:00:00,997.3,25.1,94,0.0,0.0,1.1,332.0,0.0,,,,,2020-08-25T00:23:00,,,,0,,,,,,,,,,,,,,,,,,,
2020-08-25 02:00:00,996.8,26.4,90,0.1,0.0,3.0,307.0,0.0,,,,,2020-08-25T01:55:00,,,,0,,,,,,,,,,,,,,,,,,,
2020-08-25 03:00:00,996.1,27.1,84,0.3,287.0,3.3,254.0,0.0,,,,,2020-08-25T02:48:00,,,,0,,,,,,,,,,,,,,,,,,,
2020-08-25 04:00:00,995.9,27.0,83,0.6,279.0,4.1,240.0,0.0,,,,,2020-08-25T03:43:00,,,,0,,,,,,,,,,,,,,,,,,,
2020-08-25 05:00:00,996.3,26.9,81,0.0,0.0,3.5,276.0,0.0,,,,,2020-08-25T04:40:00,,,,0,,,,,,,,,,,,,,,,,,,
2020-08-25 06:00:00,997.3,26.7,81,0.0,0.0,3.5,341.0,0.0,,,,,2020-08-25T05:17:00,,,,0,,,,,,,,,,,,,,,,,,,
2020-08-25 07:00:00,997.9,27.5,77,0.5,330.0,2.7,265.0,0.0,,,,,2020-08-25T06:39:00,,,,0,,,,,,,,,,,,,,,,,,,
2020-08-25 08:00:00,-9999.7,-99.7,-9997,-99.7,-999.7,3.8,238.0,0.0,,,,,2020-08-25T07:38:00,,,,0,,,,,,,,,,,,,,,,,,,
2020-08-25 09:00:00,997.5,31.0,63,0.4,273.0,3.3,259.0,0.0,,,,,2020-08-25T08:44:00,,,,0,,,,,,,,,,,,,,,,,,,
2020-08-25 10:00:00,997.3,32.1,57,0.7,267.0,6.0,242.0,0.0,,,,,2020-08-25T09:18:00,,,,0,,,,,,,,,,,,,,,,,,,
2020-08-25 11:00:00,996.5,34.1,52,1.0,282.0,7.1,330.0,0.0,,,,,2020-08-25T10:53:00,,,,0,,,,,,,,,,,,,,,,,,,
2020-08-25 12:00:00,995.8,35.7,47,1.4,287.0,6.0,272.0,0.0,,,,,2020-08-25T12:00:00,,,,0,,,,,,,,,,,,,,,,,,,
2020-08-25 13:00:00,995.2,36.7,42,1.6,292.0,8.2,327.0,0.0,,,,,2020-08-25T12:47:00,,,,0,,,,,,,,,,,,,,,,,,,
2020-08-25 14:00:00,994.6,36.9,38,1.6,328.0,7.1,324.0,0.0,,,,,2020-08-25T13:03:00,,,,0,,,,,,,,,,,,,,,,,,,
2020-08-25 15:00:00,994.2,36.6,42,0.5,261.0,7.1,239.0,0.0,,,,,2020-08-25T14:13:00,,,,0,,,,,,,,,,,,,,,,,,,
2020-08-25 16:00:00,-9999.7,-99.7,-9997,-99.7,-999.7,3.5,255.0,0.0,,,,,2020-08-25T15:04:00,,,,0,,,,,,,,,,,,,,,,,,,
2020-08-25 17:00:00,994.8,32.0,69,0.0,0.0,1.3,190.0,0.0,,,,,2020-08-25T16:20:00,,,,0,,,,,,,,,,,,,,,,,,,
2020-08-25 18:00:00,995.2,30.8,73,0.0,0.0,0.8,132.0,0.0,,,,,2020-08-25T17:07:00,,,,0,,,,,,,,,,,,,,,,,,,
2020-08-25 19:00:00,-9999.7,-99.7,-9997,-99.7,-999.7,0.8,142.0,0.0,,,,,2020-08-25T18:02:00,,,,0,,,,,,,,,,,,,,,,,,,
2020-08-25 20:00:00,996.8,27.8,88,0.0,0.0,0.0,0.0,0.0,,,,,2020-08-25T19:05:00,,,,0,,,,,,,,,,,,,,,,,,,
2020-08-25 21:00:00,997.4,27.2,91,0.0,0.0,0.8,345.0,0.0,,,,,2020-08-25T20:20:00,,,,0,,,,,,,,,,,,,,,,,,,
2020-08-25 22:00:00,997.6,26.8,92,0.0,0.0,0.0,0.0,0.0,,,,,2020-08-25T21:05:00,,,,0,,,,,,,,,,,,,,,,,,,
2020-08-25 23:00:00,997.3,26.3,93,0.0,0.0,0.0,0.0,0.0,,,,,2020-08-25T22:05:00,,,,0,,,,,,,,,,,,,,,,,,,
2020-08-26 00:00:00,997.2,25.9,93,0.0,0.0,0.0,0.0,0.0,,,,,2020-08-25T23:05:00,,,,0,,,,,,,,,,,,,,,,,,,
2020-08-26 01:00:00,997.0,25.7,93,0.0,0.0,0.8,16.0,0.0,,,,,2020-08-26T00:10:00,,,,0,,,,,,,,,,,,,,,,,,,
2020-08-26 02:00:00,996.6,25.4,93,0.3,344.0,1.3,319.0,0.0,,,,,2020-08-26T01:18:00,,,,0,,,,,,,,,,,,,,,,,,,
2020-08-26 03:00:00,996.2,25.3,93,0.0,0.0,0.8,347.0,0.0,,,,,2020-08-26T02:01:00,,,,0,,,,,,,,,,,,,,,,,,,
2020-08-26 04:00:00,996.2,25.0,93,0.0,0.0,1.3,340.0,0.0,,,,,2020-08-26T03:55:00,,,,0,,,,,,,,,,,,,,,,,,,
2020-08-26 05:00:00,996.2,24.8,93,0.0,0.0,0.8,350.0,0.0,,,,,2020-08-26T04:01:00,,,,0,,,,,,,,,,,,,,,,,,,
2020-08-26 06:00:00,996.5,24.5,94,0.0,0.0,1.6,263.0,0.0,,,,,2020-08-26T05:43:00,,,,0,,,,,,,,,,,,,,,,,,,
2020-08-26 07:00:00,997.1,25.6,88,0.0,0.0,1.3,275.0,0.0,,,,,2020-08-26T06:12:00,,,,0,,,,,,,,,,,,,,,,,,,
2020-08-26 08:00:00,997.3,28.2,77,0.0,0.0,1.6,340.0,0.0,,,,,2020-08-26T07:31:00,,,,0,,,,,,,,,,,,,,,,,,,
2020-08-26 09:00:00,997.0,30.7,65,0.0,0.0,1.9,313.0,0.0,,,,,2020-08-26T08:33:00,,,,0,,,,,,,,,,,,,,,,,,,
2020-08-26 10:00:00,996.8,32.7,59,0.1,0.0,2.4,317.0,0.0,,,,,2020-08-26T09:29:00,,,,0,,,,,,,,,,,,,,,,,,,
2020-08-26 11:00:00,996.6,34.0,61,1.4,196.0,3.5,216.0,0.0,,,,,2020-08-26T10:57:00,,,,0,,,,,,,,,,,,,,,,,,,
2020-08-26 12:00:00,996.3,35.4,58,0.1,0.0,2.4,184.0,0.0,,,,,2020-08-26T11:35:00,,,,0,,,,,,,,,,,,,,,,,,,
2020-08-26 13:00:00,995.6,35.6,58,0.3,188.0,2.2,172.0,0.0,,,,,2020-08-26T13:00:00,,,,0,,,,,,,,,,,,,,,,,,,
2020-08-26 14:00:00,995.6,31.5,68,0.3,273.0,2.4,242.0,0.0,,,,,2020-08-26T14:00:00,,,,0,,,,,,,,,,,,,,,,,,,
2020-08-26 15:00:00,996.8,25.7,90,0.6,300.0,3.5,330.0,1.0,,,,,2020-08-26T14:42:00,,,,0,,,,,,,,,,,,,,,,,,,
2020-08-26 16:00:00,996.1,25.4,90,0.0,0.0,2.2,261.0,0.5,,,,,2020-08-26T15:04:00,,,,0,,,,,,,,,,,,,,,,,,,
2020-08-26 17:00:00,995.9,25.7,92,0.0,0.0,1.1,273.0,0.0,,,,,2020-08-26T16:12:00,,,,0,,,,,,,,,,,,,,,,,,,
2020-08-26 18:00:00,996.4,26.4,92,0.0,0.0,1.3,253.0,0.0,,,,,2020-08-26T17:09:00,,,,0,,,,,,,,,,,,,,,,,,,
2020-08-26 19:00:00,996.3,26.0,92,0.0,0.0,1.3,321.0,0.0,,,,,2020-08-26T18:15:00,,,,0,,,,,,,,,,,,,,,,,,,
2020-08-26 20:00:00,997.2,25.5,93,0.0,0.0,1.3,312.0,0.0,,,,,2020-08-26T19:11:00,,,,0,,,,,,,,,,,,,,,,,,,
2020-08-26 21:00:00,998.0,25.1,93,0.2,0.0,1.9,328.0,0.0,,,,,2020-08-26T20:07:00,,,,0,,,,,,,,,,,,,,,,,,,
2020-08-26 22:00:00,998.3,24.8,92,0.5,323.0,1.9,328.0,0.0,,,,,2020-08-26T21:36:00,,,,0,,,,,,,,,,,,,,,,,,,
2020-08-26 23:00:00,998.0,24.6,93,0.1,0.0,1.6,263.0,0.0,,,,,2020-08-26T22:35:00,,,,0,,,,,,,,,,,,,,,,,,,
2020-08-27 00:00:00,997.8,24.5,92,0.0,0.0,2.2,333.0,0.0,,,,,2020-08-26T23:13:00,,,,0,,,,,,,,,,,,,,,,,,,
2020-08-27 01:00:00,997.4,24.0,94,0.0,0.0,1.3,336.0,0.0,,,,,2020-08-27T00:18:00,,,,0,,,,,,,,,,,,,,,,,,,
2020-08-27 02:00:00,997.1,23.8,94,0.0,0.0,0.0,0.0,0.0,,,,,2020-08-27T01:05:00,,,,0,,,,,,,,,,,,,,,,,,,
2020-08-27 03:00:00,997.0,23.6,95,0.0,0.0,0.8,348.0,0.0,,,,,2020-08-27T02:30:00,,,,0,,,,,,,,,,,,,,,,,,,
2020-08-27 04:00:00,996.8,23.4,96,0.0,0.0,0.0,0.0,0.0,,,,,2020-08-27T03:05:00,,,,0,,,,,,,,,,,,,,,,,,,
2020-08-27 05:00:00,997.1,23.3,96,0.0,0.0,0.0,0.0,0.0,,,,,2020-08-27T04:05:00,,,,0,,,,,,,,,,,,,,,,,,,
2020-08-27 06:00:00,997.2,23.3,96,0.0,0.0,0.8,253.0,0.0,,,,,2020-08-27T05:59:00,,,,0,,,,,,,,,,,,,,,,,,,
2020-08-27 07:00:00,997.7,24.3,92,0.1,0.0,1.9,331.0,0.0,,,,,2020-08-27T06:53:00,,,,0,,,,,,,,,,,,,,,,,,,
2020-08-27 08:00:00,998.1,27.2,82,0.0,0.0,1.3,319.0,0.0,,,,,2020-08-27T07:48:00,,,,0,,,,,,,,,,,,,,,,,,,
2020-08-27 09:00:00,-9999.7,-99.7,-9997,-99.7,-999.7,0.8,321.0,0.0,,,,,2020-08-27T08:44:00,,,,0,,,,,,,,,,,,,,,,,,,
2020-08-27 10:00:00,998.0,32.4,63,0.8,175.0,3.0,160.0,0.0,,,,,2020-08-27T09:19:00,,,,0,,,,,,,,,,,,,,,,,,,
2020-08-27 11:00:00,998.0,32.0,66,0.3,144.0,3.0,189.0,0.0,,,,,2020-08-27T10:25:00,,,,0,,,,,,,,,,,,,,,,,,,
2020-08-27 12:00:00,997.2,31.5,70,0.0,0.0,2.4,121.0,0.0,,,,,2020-08-27T11:10:00,,,,0,,,,,,,,,,,,,,,,,,,
2020-08-27 13:00:00,997.2,29.0,79,0.0,0.0,3.8,216.0,0.0,,,,,2020-08-27T12:30:00,,,,0,,,,,,,,,,,,,,,,,,,
2020-08-27 14:00:00,997.5,26.0,96,0.0,0.0,1.6,183.0,5.0,,,,,2020-08-27T13:02:00,,,,0,,,,,,,,,,,,,,,,,,,
2020-08-27 15:00:00,997.4,25.5,96,0.0,0.0,0.8,179.0,4.0,,,,,2020-08-27T14:07:00,,,,0,,,,,,,,,,,,,,,,,,,
2020-08-27 16:00:00,997.6,24.9,97,0.0,0.0,2.4,244.0,9.5,,,,,2020-08-27T15:29:00,,,,0,,,,,,,,,,,,,,,,,,,
2020-08-27 17:00:00,998.4,24.5,97,0.0,0.0,2.4,270.0,6.0,,,,,2020-08-27T16:24:00,,,,0,,,,,,,,,,,,,,,,,,,
2020-08-27 18:00:00,998.7,24.4,97,0.4,263.0,2.4,248.0,4.5,,,,,2020-08-27T17:58:00,,,,0,,,,,,,,,,,,,,,,,,,
2020-08-27 19:00:00,999.0,24.5,97,0.0,0.0,1.9,261.0,0.0,,,,,2020-08-27T18:04:00,,,,0,,,,,,,,,,,,,,,,,,,
2020-08-27 20:00:00,999.2,24.4,97,0.0,0.0,1.9,339.0,0.5,,,,,2020-08-27T19:26:00,,,,0,,,,,,,,,,,,,,,,,,,
2020-08-27 21:00:00,1000.3,24.4,97,0.0,0.0,1.9,251.0,0.0,,,,,2020-08-27T20:18:00,,,,0,,,,,,,,,,,,,,,,,,,
2020-08-27 22:00:00,1000.0,24.2,97,0.0,0.0,1.9,249.0,0.0,,,,,2020-08-27T21:06:00,,,,0,,,,,,,,,,,,,,,,,,,
2020-08-27 23:00:00,999.1,24.2,97,0.0,0.0,1.1,263.0,0.0,,,,,2020-08-27T22:03:00,,,,0,,,,,,,,,,,,,,,,,,,
2020-08-28 00:00:00,-9999.7,-99.7,-9997,-99.7,-999.7,2.2,290.0,0.0,,,,,2020-08-27T23:48:00,,,,0,,,,,,,,,,,,,,,,,,,
2020-08-28 01:00:00,998.0,24.0,98,0.0,0.0,2.2,261.0,0.0,,,,,2020-08-28T00:55:00,,,,0,,,,,,,,,,,,,,,,,,,
2020-08-28 02:00:00,998.0,24.1,97,0.0,0.0,1.1,350.0,0.0,,,,,2020-08-28T01:10:00,,,,0,,,,,,,,,,,,,,,,,,,
2020-08-28 03:00:00,997.9,24.1,97,0.0,0.0,0.0,0.0,0.0,,,,,2020-08-28T02:05:00,,,,0,,,,,,,,,,,,,,,,,,,
2020-08-28 04:00:00,997.9,23.9,98,0.1,0.0,1.9,257.0,0.0,,,,,2020-08-28T03:30:00,,,,0,,,,,,,,,,,,,,,,,,,
2020-08-28 05:00:00,997.8,23.7,97,0.1,0.0,1.9,259.0,0.0,,,,,2020-08-28T04:04:00,,,,0,,,,,,,,,,,,,,,,,,,
2020-08-28 06:00:00,998.5,23.8,97,0.0,0.0,0.8,328.0,0.0,,,,,2020-08-28T05:11:00,,,,0,,,,,,,,,,,,,,,,,,,
2020-08-28 07:00:00,998.9,24.6,95,0.0,0.0,0.0,0.0,0.0,,,,,2020-08-28T06:05:00,,,,0,,,,,,,,,,,,,,,,,,,
2020-08-28 08:00:00,999.2,26.4,89,0.0,0.0,0.0,0.0,0.0,,,,,2020-08-28T07:05:00,,,,0,,,,,,,,,,,,,,,,,,,
2020-08-28 09:00:00,999.0,28.5,79,0.0,0.0,1.1,334.0,0.0,,,,,2020-08-28T08:23:00,,,,0,,,,,,,,,,,,,,,,,,,
2020-08-28 10:00:00,999.0,31.6,67,0.0,0.0,1.6,163.0,0.0,,,,,2020-08-28T09:29:00,,,,0,,,,,,,,,,,,,,,,,,,
2020-08-28 11:00:00,998.7,33.0,56,1.5,334.0,4.1,342.0,0.0,,,,,2020-08-28T10:38:00,,,,0,,,,,,,,,,,,,,,,,,,
2020-08-28 12:00:00,998.3,33.0,56,1.7,324.0,4.9,321.0,0.0,,,,,2020-08-28T11:59:00,,,,0,,,,,,,,,,,,,,,,,,,
2020-08-28 13:00:00,998.1,32.4,57,0.4,323.0,3.8,323.0,0.0,,,,,2020-08-28T12:07:00,,,,0,,,,,,,,,,,,,,,,,,,
2020-08-28 14:00:00,997.8,32.0,65,0.4,180.0,1.9,353.0,0.0,,,,,2020-08-28T13:14:00,,,,0,,,,,,,,,,,,,,,,,,,
2020-08-28 15:00:00,998.1,31.1,65,0.0,0.0,2.2,195.0,0.0,,,,,2020-08-28T14:01:00,,,,0,,,,,,,,,,,,,,,,,,,
2020-08-28 16:00:00,998.3,30.4,69,0.0,0.0,1.9,204.0,0.0,,,,,2020-08-28T15:04:00,,,,0,,,,,,,,,,,,,,,,,,,
2020-08-28 17:00:00,998.5,29.5,79,0.0,0.0,1.9,189.0,0.0,,,,,2020-08-28T16:20:00,,,,0,,,,,,,,,,,,,,,,,,,
2020-08-28 18:00:00,998.9,28.5,83,0.0,0.0,1.3,181.0,0.0,,,,,2020-08-28T17:11:00,,,,0,,,,,,,,,,,,,,,,,,,
2020-08-28 19:00:00,999.4,27.1,91,0.0,0.0,1.6,244.0,0.0,,,,,2020-08-28T18:57:00,,,,0,,,,,,,,,,,,,,,,,,,
2020-08-28 20:00:00,1000.1,26.5,91,0.0,0.0,2.2,332.0,0.0,,,,,2020-08-28T19:26:00,,,,0,,,,,,,,,,,,,,,,,,,
2020-08-28 21:00:00,1000.0,25.9,92,0.1,0.0,1.3,292.0,0.0,,,,,2020-08-28T20:23:00,,,,0,,,,,,,,,,,,,,,,,,,
2020-08-28 22:00:00,1000.2,25.6,92,0.5,331.0,1.9,271.0,0.0,,,,,2020-08-28T21:21:00,,,,0,,,,,,,,,,,,,,,,,,,
2020-08-28 23:00:00,1000.3,25.4,92,0.2,0.0,2.4,325.0,0.0,,,,,2020-08-28T22:29:00,,,,0,,,,,,,,,,,,,,,,,,,
2020-08-29 00:00:00,1000.1,25.7,92,0.0,0.0,1.3,347.0,0.0,,,,,2020-08-28T23:01:00,,,,0,,,,,,,,,,,,,,,,,,,
2020-08-29 01:00:00,999.9,25.0,94,0.0,0.0,0.8,341.0,0.0,,,,,2020-08-29T00:04:00,,,,0,,,,,,,,,,,,,,,,,,,
2020-08-29 02:00:00,999.8,24.9,94,0.1,0.0,1.9,261.0,0.0,,,,,2020-08-29T01:58:00,,,,0,,,,,,,,,,,,,,,,,,,
2020-08-29 03:00:00,999.4,25.1,93,0.0,0.0,1.3,279.0,0.0,,,,,2020-08-29T02:01:00,,,,0,,,,,,,,,,,,,,,,,,,
2020-08-29 04:00:00,999.5,25.3,93,0.0,0.0,0.8,315.0,0.0,,,,,2020-08-29T03:06:00,,,,0,,,,,,,,,,,,,,,,,,,
2020-08-29 05:00:00,999.8,25.1,94,0.0,0.0,1.6,350.0,0.0,,,,,2020-08-29T04:34:00,,,,0,,,,,,,,,,,,,,,,,,,
2020-08-29 06:00:00,1000.1,25.1,94,0.0,0.0,1.3,349.0,0.0,,,,,2020-08-29T05:25:00,,,,0,,,,,,,,,,,,,,,,,,,
2020-08-29 07:00:00,1000.5,25.5,92,0.0,0.0,1.9,332.0,0.0,,,,,2020-08-29T06:23:00,,,,0,,,,,,,,,,,,,,,,,,,
2020-08-29 08:00:00,1000.9,27.3,87,0.1,0.0,1.9,332.0,0.0,,,,,2020-08-29T07:40:00,,,,0,,,,,,,,,,,,,,,,,,,
2020-08-29 09:00:00,1001.3,27.8,91,0.0,0.0,1.3,254.0,0.0,,,,,2020-08-29T08:01:00,,,,0,,,,,,,,,,,,,,,,,,,
2020-08-29 10:00:00,1001.3,28.9,83,0.0,0.0,1.6,176.0,0.0,,,,,2020-08-29T09:06:00,,,,0,,,,,,,,,,,,,,,,,,,
2020-08-29 11:00:00,1001.4,28.2,88,0.0,0.0,0.8,269.0,0.0,,,,,2020-08-29T10:25:00,,,,0,,,,,,,,,,,,,,,,,,,
2020-08-29 12:00:00,1000.9,28.3,87,0.2,0.0,2.7,261.0,0.0,,,,,2020-08-29T11:24:00,,,,0,,,,,,,,,,,,,,,,,,,
2020-08-29 13:00:00,1000.4,30.9,76,0.5,191.0,2.4,223.0,0.0,,,,,2020-08-29T12:51:00,,,,0,,,,,,,,,,,,,,,,,,,
2020-08-29 14:00:00,999.9,31.0,73,0.4,191.0,2.4,331.0,0.0,,,,,2020-08-29T13:28:00,,,,0,,,,,,,,,,,,,,,,,,,
2020-08-29 15:00:00,999.8,30.3,78,0.1,0.0,1.9,213.0,0.0,,,,,2020-08-29T14:39:00,,,,0,,,,,,,,,,,,,,,,,,,
2020-08-29 16:00:00,1000.1,29.3,84,0.0,0.0,1.6,186.0,0.0,,,,,2020-08-29T15:10:00,,,,0,,,,,,,,,,,,,,,,,,,
2020-08-29 17:00:00,1000.3,28.7,84,0.0,0.0,0.8,147.0,0.0,,,,,2020-08-29T16:01:00,,,,0,,,,,,,,,,,,,,,,,,,
2020-08-29 18:00:00,1000.5,28.2,86,0.0,0.0,0.8,102.0,0.0,,,,,2020-08-29T17:12:00,,,,0,,,,,,,,,,,,,,,,,,,
2020-08-29 19:00:00,1000.9,27.3,89,0.0,0.0,0.8,206.0,0.0,,,,,2020-08-29T18:33:00,,,,0,,,,,,,,,,,,,,,,,,,
2020-08-29 20:00:00,1001.4,27.4,89,0.0,0.0,0.8,96.0,0.0,,,,,2020-08-29T19:21:00,,,,0,,,,,,,,,,,,,,,,,,,
2020-08-29 21:00:00,1001.8,27.6,88,0.0,0.0,1.6,110.0,0.0,,,,,2020-08-29T20:04:00,,,,0,,,,,,,,,,,,,,,,,,,
2020-08-29 22:00:00,1001.9,27.5,88,0.0,0.0,1.3,203.0,0.0,,,,,2020-08-29T21:08:00,,,,0,,,,,,,,,,,,,,,,,,,
2020-08-29 23:00:00,1001.4,27.4,90,0.0,0.0,0.8,260.0,0.0,,,,,2020-08-29T22:13:00,,,,0,,,,,,,,,,,,,,,,,,,
2020-08-30 00:00:00,1000.9,27.0,92,0.0,0.0,1.3,181.0,0.0,,,,,2020-08-29T23:29:00,,,,0,,,,,,,,,,,,,,,,,,,
2020-08-30 01:00:00,1000.4,25.9,94,0.0,0.0,1.6,334.0,0.0,,,,,2020-08-30T00:28:00,,,,0,,,,,,,,,,,,,,,,,,,
2020-08-30 02:00:00,1000.2,25.6,95,0.0,0.0,1.3,308.0,0.0,,,,,2020-08-30T01:12:00,,,,0,,,,,,,,,,,,,,,,,,,
2020-08-30 03:00:00,999.9,25.5,95,0.1,0.0,1.9,324.0,0.0,,,,,2020-08-30T02:55:00,,,,0,,,,,,,,,,,,,,,,,,,
2020-08-30 04:00:00,1000.2,25.2,95,0.0,0.0,0.8,311.0,0.0,,,,,2020-08-30T03:25:00,,,,0,,,,,,,,,,,,,,,,,,,
2020-08-30 05:00:00,1000.7,24.9,95,0.0,0.0,1.9,335.0,0.0,,,,,2020-08-30T04:21:00,,,,0,,,,,,,,,,,,,,,,,,,
2020-08-30 06:00:00,1001.1,24.9,96,0.0,0.0,1.1,326.0,0.0,,,,,2020-08-30T05:41:00,,,,0,,,,,,,,,,,,,,,,,,,
2020-08-30 07:00:00,1001.8,25.3,95,0.0,0.0,0.8,311.0,0.0,,,,,2020-08-30T06:06:00,,,,0,,,,,,,,,,,,,,,,,,,
2020-08-30 08:00:00,1001.8,26.9,89,0.0,0.0,1.9,340.0,0.0,,,,,2020-08-30T07:10:00,,,,0,,,,,,,,,,,,,,,,,,,
2020-08-30 09:00:00,1002.2,27.9,87,0.0,0.0,1.3,327.0,1.5,,,,,2020-08-30T08:45:00,,,,0,,,,,,,,,,,,,,,,,,,
2020-08-30 10:00:00,1002.0,30.0,81,0.0,0.0,1.1,165.0,0.0,,,,,2020-08-30T09:45:00,,,,0,,,,,,,,,,,,,,,,,,,
2020-08-30 11:00:00,1002.0,31.3,74,0.0,0.0,1.6,171.0,0.0,,,,,2020-08-30T10:37:00,,,,0,,,,,,,,,,,,,,,,,,,
2020-08-30 12:00:00,1001.7,32.4,70,0.3,187.0,2.2,190.0,0.0,,,,,2020-08-30T12:00:00,,,,0,,,,,,,,,,,,,,,,,,,
2020-08-30 13:00:00,1001.3,32.9,69,0.3,191.0,2.4,192.0,0.0,,,,,2020-08-30T12:37:00,,,,0,,,,,,,,,,,,,,,,,,,
2020-08-30 14:00:00,1000.7,31.7,71,0.1,0.0,1.9,175.0,0.0,,,,,2020-08-30T13:03:00,,,,0,,,,,,,,,,,,,,,,,,,
2020-08-30 15:00:00,1000.5,31.7,70,0.2,0.0,2.4,193.0,0.0,,,,,2020-08-30T14:51:00,,,,0,,,,,,,,,,,,,,,,,,,
2020-08-30 16:00:00,1000.6,30.4,74,0.1,0.0,2.4,200.0,0.0,,,,,2020-08-30T15:56:00,,,,0,,,,,,,,,,,,,,,,,,,
2020-08-30 17:00:00,1000.5,30.0,77,0.0,0.0,2.2,202.0,0.0,,,,,2020-08-30T16:11:00,,,,0,,,,,,,,,,,,,,,,,,,
2020-08-30 18:00:00,1000.8,28.6,83,0.0,0.0,1.3,188.0,0.0,,,,,2020-08-30T17:20:00,,,,0,,,,,,,,,,,,,,,,,,,
2020-08-30 19:00:00,1001.5,27.2,93,0.0,0.0,0.0,0.0,0.0,,,,,2020-08-30T18:05:00,,,,0,,,,,,,,,,,,,,,,,,,
2020-08-30 20:00:00,1001.8,26.8,94,0.0,0.0,0.8,263.0,0.0,,,,,2020-08-30T19:31:00,,,,0,,,,,,,,,,,,,,,,,,,
2020-08-30 21:00:00,1002.1,26.5,95,0.0,0.0,0.0,0.0,0.0,,,,,2020-08-30T20:05:00,,,,0,,,,,,,,,,,,,,,,,,,
2020-08-30 22:00:00,1002.1,26.5,95,0.0,0.0,1.1,316.0,0.0,,,,,2020-08-30T21:54:00,,,,0,,,,,,,,,,,,,,,,,,,
2020-08-30 23:00:00,1002.1,26.3,95,0.0,0.0,1.6,350.0,0.0,,,,,2020-08-30T22:37:00,,,,0,,,,,,,,,,,,,,,,,,,
2020-08-31 00:00:00,1001.8,26.2,95,0.1,0.0,1.3,261.0,0.0,,,,,2020-08-30T23:26:00,,,,0,,,,,,,,,,,,,,,,,,,
2020-08-31 01:00:00,1001.0,26.1,95,0.0,0.0,1.3,274.0,0.0,,,,,2020-08-31T00:14:00,,,,0,,,,,,,,,,,,,,,,,,,
2020-08-31 02:00:00,1000.5,26.0,95,0.0,0.0,1.1,335.0,0.0,,,,,2020-08-31T01:43:00,,,,0,,,,,,,,,,,,,,,,,,,
2020-08-31 03:00:00,1000.2,25.9,96,0.0,0.0,1.9,349.0,0.0,,,,,2020-08-31T02:41:00,,,,0,,,,,,,,,,,,,,,,,,,
2020-08-31 04:00:00,1000.4,25.5,96,0.0,0.0,1.3,259.0,0.0,,,,,2020-08-31T03:46:00,,,,0,,,,,,,,,,,,,,,,,,,
2020-08-31 05:00:00,1000.5,25.2,96,0.1,0.0,1.6,341.0,0.0,,,,,2020-08-31T04:22:00,,,,0,,,,,,,,,,,,,,,,,,,
2020-08-31 06:00:00,1000.7,25.1,97,0.0,0.0,2.4,342.0,1.0,,,,,2020-08-31T05:17:00,,,,0,,,,,,,,,,,,,,,,,,,
2020-08-31 07:00:00,1001.0,25.5,97,0.3,320.0,1.9,290.0,0.0,,,,,2020-08-31T06:18:00,,,,0,,,,,,,,,,,,,,,,,,,
2020-08-31 08:00:00,1000.9,27.0,94,0.0,0.0,1.9,268.0,0.0,,,,,2020-08-31T07:53:00,,,,0,,,,,,,,,,,,,,,,,,,
2020-08-31 09:00:00,1000.9,28.5,84,0.4,322.0,3.0,348.0,0.0,,,,,2020-08-31T08:45:00,,,,0,,,,,,,,,,,,,,,,,,,
2020-08-31 10:00:00,1001.3,27.7,85,0.2,0.0,3.3,15.0,0.5,,,,,2020-08-31T09:45:00,,,,0,,,,,,,,,,,,,,,,,,,
2020-08-31 11:00:00,1000.6,27.4,88,0.5,269.0,3.3,321.0,0.0,,,,,2020-08-31T10:40:00,,,,0,,,,,,,,,,,,,,,,,,,
2020-08-31 12:00:00,1000.1,30.9,69,0.8,335.0,3.0,321.0,0.0,,,,,2020-08-31T11:42:00,,,,0,,,,,,,,,,,,,,,,,,,
2020-08-31 13:00:00,999.4,30.7,69,2.3,335.0,5.5,332.0,0.0,,,,,2020-08-31T12:19:00,,,,0,,,,,,,,,,,,,,,,,,,
2020-08-31 14:00:00,998.7,30.3,73,0.6,320.0,5.5,347.0,0.0,,,,,2020-08-31T13:35:00,,,,0,,,,,,,,,,,,,,,,,,,
2020-08-31 15:00:00,998.4,26.5,96,0.0,0.0,4.1,345.0,7.0,,,,,2020-08-31T14:14:00,,,,0,,,,,,,,,,,,,,,,,,,
2020-08-31 16:00:00,997.8,27.4,89,1.0,333.0,2.7,346.0,0.0,,,,,2020-08-31T15:52:00,,,,0,,,,,,,,,,,,,,,,,,,
2020-08-31 17:00:00,997.3,27.9,85,0.2,0.0,3.8,333.0,0.0,,,,,2020-08-31T16:38:00,,,,0,,,,,,,,,,,,,,,,,,,
2020-08-31 18:00:00,997.7,27.8,84,0.9,324.0,4.9,10.0,0.0,,,,,2020-08-31T17:19:00,,,,0,,,,,,,,,,,,,,,,,,,
2020-08-31 19:00:00,998.0,26.4,91,0.5,337.0,3.8,341.0,1.5,,,,,2020-08-31T18:34:00,,,,0,,,,,,,,,,,,,,,,,,,
2020-08-31 20:00:00,998.5,26.2,92,0.8,328.0,2.4,314.0,1.5,,,,,2020-08-31T19:33:00,,,,0,,,,,,,,,,,,,,,,,,,
2020-08-31 21:00:00,998.9,26.0,91,1.1,322.0,3.8,331.0,1.0,,,,,2020-08-31T20:57:00,,,,0,,,,,,,,,,,,,,,,,,,
2020-08-31 22:00:00,998.9,26.6,89,1.3,326.0,6.0,236.0,0.0,,,,,2020-08-31T21:50:00,,,,0,,,,,,,,,,,,,,,,,,,
2020-08-31 23:00:00,998.6,26.2,92,0.3,297.0,3.3,249.0,0.0,,,,,2020-08-31T22:21:00,,,,0,,,,,,,,,,,,,,,,,,,
2020-09-01 00:00:00,998.1,24.7,93,0.8,333.0,7.1,321.0,5.0,,,,,2020-08-31T23:38:00,,,,0,,,,,,,,,,,,,,,,,,,
2020-09-01 01:00:00,997.1,26.3,91,0.8,323.0,7.1,336.0,0.0,,,,,2020-09-01T00:01:00,,,,0,,,,,,,,,,,,,,,,,,,
2020-09-01 02:00:00,996.4,26.0,92,0.5,276.0,4.9,326.0,0.5,,,,,2020-09-01T01:06:00,,,,0,,,,,,,,,,,,,,,,,,,
2020-09-01 03:00:00,995.7,25.5,93,0.9,327.0,4.9,340.0,0.0,,,,,2020-09-01T02:02:00,,,,0,,,,,,,,,,,,,,,,,,,
2020-09-01 04:00:00,995.7,25.0,95,0.3,274.0,3.5,334.0,4.5,,,,,2020-09-01T03:45:00,,,,0,,,,,,,,,,,,,,,,,,,
2020-09-01 05:00:00,996.3,24.9,97,0.0,0.0,4.1,283.0,2.5,,,,,2020-09-01T04:15:00,,,,0,,,,,,,,,,,,,,,,,,,
2020-09-01 06:00:00,996.5,25.5,94,0.2,0.0,5.5,331.0,0.0,,,,,2020-09-01T05:36:00,,,,0,,,,,,,,,,,,,,,,,,,
2020-09-01 07:00:00,997.1,25.1,95,0.2,0.0,3.3,218.0,3.0,,,,,2020-09-01T06:17:00,,,,0,,,,,,,,,,,,,,,,,,,
2020-09-01 08:00:00,997.4,25.4,95,0.9,342.0,3.3,331.0,2.0,,,,,2020-09-01T07:01:00,,,,0,,,,,,,,,,,,,,,,,,,
2020-09-01 09:00:00,997.8,25.9,92,0.6,296.0,4.9,338.0,3.5,,,,,2020-09-01T08:52:00,,,,0,,,,,,,,,,,,,,,,,,,
2020-09-01 10:00:00,997.9,28.6,79,2.7,328.0,7.1,328.0,0.0,,,,,2020-09-01T09:56:00,,,,0,,,,,,,,,,,,,,,,,,,
2020-09-01 11:00:00,997.7,29.4,77,0.7,299.0,6.6,327.0,0.0,,,,,2020-09-01T10:02:00,,,,0,,,,,,,,,,,,,,,,,,,
2020-09-01 12:00:00,997.2,29.2,76,1.1,297.0,5.5,321.0,0.0,,,,,2020-09-01T11:10:00,,,,0,,,,,,,,,,,,,,,,,,,
2020-09-01 13:00:00,996.8,30.2,71,0.8,318.0,6.6,325.0,0.0,,,,,2020-09-01T12:48:00,,,,0,,,,,,,,,,,,,,,,,,,
2020-09-01 14:00:00,996.2,30.3,69,2.4,325.0,8.8,340.0,0.0,,,,,2020-09-01T13:09:00,,,,0,,,,,,,,,,,,,,,,,,,
2020-09-01 15:00:00,996.1,30.8,65,1.0,289.0,8.2,352.0,0.0,,,,,2020-09-01T14:22:00,,,,0,,,,,,,,,,,,,,,,,,,
2020-09-01 16:00:00,996.1,30.2,64,1.1,312.0,4.9,256.0,0.0,,,,,2020-09-01T15:15:00,,,,0,,,,,,,,,,,,,,,,,,,
2020-09-01 17:00:00,996.1,29.6,64,0.8,293.0,3.0,331.0,0.0,,,,,2020-09-01T16:16:00,,,,0,,,,,,,,,,,,,,,,,,,
2020-09-01 18:00:00,996.7,29.1,67,0.1,0.0,3.5,261.0,0.0,,,,,2020-09-01T17:01:00,,,,0,,,,,,,,,,,,,,,,,,,
2020-09-01 19:00:00,996.8,29.1,64,0.5,317.0,3.3,286.0,0.0,,,,,2020-09-01T18:48:00,,,,0,,,,,,,,,,,,,,,,,,,
2020-09-01 20:00:00,997.3,28.3,69,0.2,0.0,3.5,344.0,0.0,,,,,2020-09-01T19:24:00,,,,0,,,,,,,,,,,,,,,,,,,
2020-09-01 21:00:00,997.9,26.5,82,0.0,0.0,1.3,268.0,0.0,,,,,2020-09-01T20:01:00,,,,0,,,,,,,,,,,,,,,,,,,
2020-09-01 22:00:00,998.5,25.6,87,0.0,0.0,1.9,342.0,0.0,,,,,2020-09-01T21:03:00,,,,0,,,,,,,,,,,,,,,,,,,
2020-09-01 23:00:00,998.6,25.2,88,0.0,0.0,1.3,348.0,0.0,,,,,2020-09-01T22:17:00,,,,0,,,,,,,,,,,,,,,,,,,
2020-09-02 00:00:00,998.0,25.7,83,0.0,0.0,1.6,340.0,0.0,,,,,2020-09-01T23:46:00,,,,0,,,,,,,,,,,,,,,,,,,
2020-09-02 01:00:00,997.8,25.8,83,0.0,0.0,1.9,290.0,0.0,,,,,2020-09-02T00:16:00,,,,0,,,,,,,,,,,,,,,,,,,
2020-09-02 02:00:00,997.9,25.1,84,0.4,307.0,2.4,273.0,0.0,,,,,2020-09-02T01:57:00,,,,0,,,,,,,,,,,,,,,,,,,
2020-09-02 03:00:00,998.2,26.9,79,1.2,327.0,4.9,316.0,0.0,,,,,2020-09-02T02:50:00,,,,0,,,,,,,,,,,,,,,,,,,
2020-09-02 04:00:00,998.4,26.7,81,1.4,260.0,6.0,237.0,0.0,,,,,2020-09-02T03:40:00,,,,0,,,,,,,,,,,,,,,,,,,
2020-09-02 05:00:00,998.7,26.5,80,0.5,261.0,4.9,254.0,0.0,,,,,2020-09-02T04:14:00,,,,0,,,,,,,,,,,,,,,,,,,
2020-09-02 06:00:00,999.6,26.3,80,0.2,0.0,4.9,227.0,0.0,,,,,2020-09-02T05:16:00,,,,0,,,,,,,,,,,,,,,,,,,
2020-09-02 07:00:00,1000.0,26.7,78,0.8,265.0,3.5,246.0,0.0,,,,,2020-09-02T06:37:00,,,,0,,,,,,,,,,,,,,,,,,,
2020-09-02 08:00:00,1000.4,28.0,73,0.1,0.0,3.8,246.0,0.0,,,,,2020-09-02T07:01:00,,,,0,,,,,,,,,,,,,,,,,,,
2020-09-02 09:00:00,1000.3,30.3,61,0.3,267.0,3.3,272.0,0.0,,,,,2020-09-02T08:52:00,,,,0,,,,,,,,,,,,,,,,,,,
2020-09-02 10:00:00,1000.3,32.2,55,0.2,0.0,5.5,247.0,0.0,,,,,2020-09-02T09:24:00,,,,0,,,,,,,,,,,,,,,,,,,
2020-09-02 11:00:00,999.9,33.6,51,0.5,244.0,4.9,250.0,0.0,,,,,2020-09-02T10:20:00,,,,0,,,,,,,,,,,,,,,,,,,
2020-09-02 12:00:00,999.5,35.0,48,0.9,271.0,4.9,262.0,0.0,,,,,2020-09-02T12:00:00,,,,0,,,,,,,,,,,,,,,,,,,
2020-09-02 13:00:00,998.9,36.1,45,0.4,241.0,4.1,333.0,0.0,,,,,2020-09-02T12:03:00,,,,0,,,,,,,,,,,,,,,,,,,
2020-09-02 14:00:00,998.8,32.8,61,0.0,0.0,2.7,283.0,0.0,,,,,2020-09-02T13:13:00,,,,0,,,,,,,,,,,,,,,,,,,
2020-09-02 15:00:00,999.1,28.2,88,0.0,0.0,1.6,197.0,0.5,,,,,2020-09-02T14:45:00,,,,0,,,,,,,,,,,,,,,,,,,
2020-09-02 16:00:00,999.1,28.8,85,0.0,0.0,2.4,171.0,0.0,,,,,2020-09-02T15:31:00,,,,0,,,,,,,,,,,,,,,,,,,
2020-09-02 17:00:00,999.3,28.0,91,0.0,0.0,1.9,349.0,0.5,,,,,2020-09-02T16:42:00,,,,0,,,,,,,,,,,,,,,,,,,
2020-09-02 18:00:00,999.8,27.3,91,0.2,0.0,2.4,318.0,0.0,,,,,2020-09-02T17:48:00,,,,0,,,,,,,,,,,,,,,,,,,
2020-09-02 19:00:00,1000.5,26.5,96,0.1,0.0,1.9,323.0,1.5,,,,,2020-09-02T18:02:00,,,,0,,,,,,,,,,,,,,,,,,,
2020-09-02 20:00:00,1001.9,25.3,96,0.7,311.0,3.0,251.0,2.5,,,,,2020-09-02T19:11:00,,,,0,,,,,,,,,,,,,,,,,,,
2020-09-02 21:00:00,1002.3,24.3,96,0.2,0.0,3.0,272.0,7.0,,,,,2020-09-02T20:32:00,,,,0,,,,,,,,,,,,,,,,,,,
2020-09-02 22:00:00,1002.2,24.1,97,0.0,0.0,2.7,234.0,0.0,,,,,2020-09-02T21:21:00,,,,0,,,,,,,,,,,,,,,,,,,
2020-09-02 23:00:00,1002.6,23.9,97,0.0,0.0,0.8,325.0,0.0,,,,,2020-09-02T22:14:00,,,,0,,,,,,,,,,,,,,,,,,,
2020-09-03 00:00:00,1002.2,23.7,97,0.0,0.0,1.3,337.0,0.0,,,,,2020-09-02T23:45:00,,,,0,,,,,,,,,,,,,,,,,,,
2020-09-03 01:00:00,1001.8,23.4,97,0.0,0.0,1.3,279.0,0.0,,,,,2020-09-03T00:05:00,,,,0,,,,,,,,,,,,,,,,,,,
2020-09-03 02:00:00,1001.6,23.2,97,0.0,0.0,1.6,258.0,0.0,,,,,2020-09-03T01:37:00,,,,0,,,,,,,,,,,,,,,,,,,
2020-09-03 03:00:00,1001.8,23.3,97,0.0,0.0,0.8,351.0,0.0,,,,,2020-09-03T02:05:00,,,,0,,,,,,,,,,,,,,,,,,,
2020-09-03 04:00:00,1002.2,23.5,97,0.0,0.0,1.1,331.0,0.0,,,,,2020-09-03T03:39:00,,,,0,,,,,,,,,,,,,,,,,,,
2020-09-03 05:00:00,1002.0,23.7,97,0.0,0.0,0.0,0.0,0.0,,,,,2020-09-03T04:05:00,,,,0,,,,,,,,,,,,,,,,,,,
2020-09-03 06:00:00,1002.5,23.7,97,0.1,0.0,1.9,260.0,0.0,,,,,2020-09-03T05:55:00,,,,0,,,,,,,,,,,,,,,,,,,
2020-09-03 07:00:00,1002.7,24.6,96,0.0,0.0,1.6,335.0,0.0,,,,,2020-09-03T06:49:00,,,,0,,,,,,,,,,,,,,,,,,,
2020-09-03 08:00:00,1003.8,26.2,94,0.0,0.0,1.3,319.0,0.0,,,,,2020-09-03T07:50:00,,,,0,,,,,,,,,,,,,,,,,,,
2020-09-03 09:00:00,1004.1,28.8,81,0.6,321.0,2.4,339.0,0.0,,,,,2020-09-03T08:58:00,,,,0,,,,,,,,,,,,,,,,,,,
2020-09-03 10:00:00,1004.7,28.0,83,1.1,275.0,3.5,221.0,0.0,,,,,2020-09-03T09:12:00,,,,0,,,,,,,,,,,,,,,,,,,
2020-09-03 11:00:00,1005.2,25.6,91,1.2,341.0,6.0,264.0,1.0,,,,,2020-09-03T10:13:00,,,,0,,,,,,,,,,,,,,,,,,,
2020-09-03 12:00:00,1004.9,25.6,91,0.1,0.0,4.9,331.0,0.0,,,,,2020-09-03T11:19:00,,,,0,,,,,,,,,,,,,,,,,,,
2020-09-03 13:00:00,1004.8,26.4,87,0.7,325.0,2.7,308.0,0.5,,,,,2020-09-03T12:27:00,,,,0,,,,,,,,,,,,,,,,,,,
2020-09-03 14:00:00,1003.6,29.2,75,0.4,232.0,3.5,298.0,0.0,,,,,2020-09-03T13:11:00,,,,0,,,,,,,,,,,,,,,,,,,
2020-09-03 15:00:00,1002.8,30.8,69,1.4,344.0,3.5,322.0,0.0,,,,,2020-09-03T14:36:00,,,,0,,,,,,,,,,,,,,,,,,,
2020-09-03 16:00:00,1003.0,30.0,72,1.9,351.0,5.5,344.0,0.0,,,,,2020-09-03T15:17:00,,,,0,,,,,,,,,,,,,,,,,,,
2020-09-03 17:00:00,1003.8,28.5,74,0.6,329.0,3.8,339.0,0.0,,,,,2020-09-03T16:11:00,,,,0,,,,,,,,,,,,,,,,,,,
2020-09-03 18:00:00,1004.4,27.2,83,0.1,0.0,2.7,326.0,0.0,,,,,2020-09-03T17:14:00,,,,0,,,,,,,,,,,,,,,,,,,
2020-09-03 19:00:00,1004.9,26.8,88,0.0,0.0,1.9,270.0,0.0,,,,,2020-09-03T18:13:00,,,,0,,,,,,,,,,,,,,,,,,,
2020-09-03 20:00:00,1005.7,25.9,92,0.0,0.0,1.1,218.0,0.0,,,,,2020-09-03T19:22:00,,,,0,,,,,,,,,,,,,,,,,,,
2020-09-03 21:00:00,1006.5,25.4,94,0.0,0.0,0.8,219.0,0.0,,,,,2020-09-03T20:19:00,,,,0,,,,,,,,,,,,,,,,,,,
2020-09-03 22:00:00,1006.6,25.0,95,0.1,0.0,1.3,327.0,0.0,,,,,2020-09-03T22:00:00,,,,0,,,,,,,,,,,,,,,,,,,
2020-09-03 23:00:00,1006.5,24.6,95,0.0,0.0,1.3,350.0,0.0,,,,,2020-09-03T22:20:00,,,,0,,,,,,,,,,,,,,,,,,,
2020-09-04 00:00:00,1006.5,24.4,95,0.0,0.0,1.6,300.0,0.0,,,,,2020-09-03T23:34:00,,,,0,,,,,,,,,,,,,,,,,,,
2020-09-04 01:00:00,1006.2,24.1,95,0.0,0.0,1.3,337.0,0.0,,,,,2020-09-04T00:31:00,,,,0,,,,,,,,,,,,,,,,,,,
2020-09-04 02:00:00,1005.8,23.8,96,0.0,0.0,0.0,0.0,0.0,,,,,2020-09-04T01:05:00,,,,0,,,,,,,,,,,,,,,,,,,
2020-09-04 03:00:00,1005.4,23.4,96,0.0,0.0,0.0,0.0,0.0,,,,,2020-09-04T02:05:00,,,,0,,,,,,,,,,,,,,,,,,,
2020-09-04 04:00:00,1005.3,23.2,96,0.0,0.0,1.3,315.0,0.0,,,,,2020-09-04T03:45:00,,,,0,,,,,,,,,,,,,,,,,,,
2020-09-04 05:00:00,1005.3,23.2,96,0.0,0.0,1.3,292.0,0.0,,,,,2020-09-04T04:05:00,,,,0,,,,,,,,,,,,,,,,,,,
2020-09-04 06:00:00,1005.7,23.2,96,0.0,0.0,0.8,343.0,0.0,,,,,2020-09-04T05:32:00,,,,0,,,,,,,,,,,,,,,,,,,
2020-09-04 07:00:00,1006.3,23.8,95,0.0,0.0,1.6,318.0,0.0,,,,,2020-09-04T06:40:00,,,,0,,,,,,,,,,,,,,,,,,,
2020-09-04 08:00:00,1006.9,25.5,91,0.0,0.0,1.6,324.0,0.0,,,,,2020-09-04T07:52:00,,,,0,,,,,,,,,,,,,,,,,,,
2020-09-04 09:00:00,1006.9,27.0,88,0.0,0.0,1.3,328.0,0.0,,,,,2020-09-04T08:10:00,,,,0,,,,,,,,,,,,,,,,,,,
2020-09-04 10:00:00,1006.7,29.0,80,0.1,0.0,2.4,199.0,0.0,,,,,2020-09-04T09:54:00,,,,0,,,,,,,,,,,,,,,,,,,
2020-09-04 11:00:00,1006.1,30.2,75,0.2,0.0,2.4,161.0,0.0,,,,,2020-09-04T10:10:00,,,,0,,,,,,,,,,,,,,,,,,,
2020-09-04 12:00:00,1005.7,30.4,72,0.1,0.0,2.7,23.0,0.0,,,,,2020-09-04T11:50:00,,,,0,,,,,,,,,,,,,,,,,,,
2020-09-04 13:00:00,1005.0,29.8,77,0.5,191.0,2.7,159.0,0.0,,,,,2020-09-04T12:03:00,,,,0,,,,,,,,,,,,,,,,,,,
2020-09-04 14:00:00,-9999.7,-99.7,-9997,-99.7,-999.7,2.7,181.0,0.0,,,,,2020-09-04T13:01:00,,,,0,,,,,,,,,,,,,,,,,,,
2020-09-04 15:00:00,1003.9,29.4,76,0.0,0.0,1.9,208.0,0.0,,,,,2020-09-04T14:11:00,,,,0,,,,,,,,,,,,,,,,,,,
2020-09-04 16:00:00,1003.9,29.2,78,0.2,0.0,1.9,146.0,0.0,,,,,2020-09-04T15:13:00,,,,0,,,,,,,,,,,,,,,,,,,
2020-09-04 17:00:00,1004.1,28.2,80,0.2,0.0,4.9,131.0,0.0,,,,,2020-09-04T16:39:00,,,,0,,,,,,,,,,,,,,,,,,,
2020-09-04 18:00:00,1004.3,27.0,82,0.0,0.0,1.9,183.0,0.0,,,,,2020-09-04T17:15:00,,,,0,,,,,,,,,,,,,,,,,,,
2020-09-04 19:00:00,1004.5,26.1,88,0.0,0.0,0.8,209.0,0.0,,,,,2020-09-04T18:14:00,,,,0,,,,,,,,,,,,,,,,,,,
2020-09-04 20:00:00,1005.1,24.9,93,0.0,0.0,1.3,283.0,0.0,,,,,2020-09-04T19:48:00,,,,0,,,,,,,,,,,,,,,,,,,
2020-09-04 21:00:00,1005.7,24.5,93,0.0,0.0,1.3,335.0,0.0,,,,,2020-09-04T20:22:00,,,,0,,,,,,,,,,,,,,,,,,,
2020-09-04 22:00:00,1005.7,24.1,94,0.0,0.0,1.3,327.0,0.0,,,,,2020-09-04T21:08:00,,,,0,,,,,,,,,,,,,,,,,,,
2020-09-04 23:00:00,1005.2,23.7,95,0.0,0.0,0.0,0.0,0.0,,,,,2020-09-04T22:05:00,,,,0,,,,,,,,,,,,,,,,,,,
2020-09-05 00:00:00,1005.0,23.5,95,0.0,0.0,0.0,0.0,0.0,,,,,2020-09-04T23:05:00,,,,0,,,,,,,,,,,,,,,,,,,
2020-09-05 01:00:00,1004.0,23.3,95,0.0,0.0,0.8,336.0,0.0,,,,,2020-09-05T00:04:00,,,,0,,,,,,,,,,,,,,,,,,,
2020-09-05 02:00:00,1003.7,23.2,95,0.0,0.0,0.8,320.0,0.0,,,,,2020-09-05T01:05:00,,,,0,,,,,,,,,,,,,,,,,,,
2020-09-05 03:00:00,1003.4,23.1,95,0.0,0.0,1.1,275.0,0.0,,,,,2020-09-05T02:02:00,,,,0,,,,,,,,,,,,,,,,,,,
2020-09-05 04:00:00,1003.1,22.7,96,0.0,0.0,0.8,354.0,0.0,,,,,2020-09-05T03:01:00,,,,0,,,,,,,,,,,,,,,,,,,
2020-09-05 05:00:00,1003.1,22.5,95,0.0,0.0,1.9,333.0,0.0,,,,,2020-09-05T04:33:00,,,,0,,,,,,,,,,,,,,,,,,,
2020-09-05 06:00:00,1003.5,22.4,95,0.2,0.0,1.3,341.0,0.0,,,,,2020-09-05T05:14:00,,,,0,,,,,,,,,,,,,,,,,,,
2020-09-05 07:00:00,1003.8,23.1,94,0.0,0.0,1.3,5.0,0.0,,,,,2020-09-05T06:13:00,,,,0,,,,,,,,,,,,,,,,,,,
2020-09-05 08:00:00,1003.9,26.8,78,1.4,333.0,4.1,337.0,0.0,,,,,2020-09-05T07:53:00,,,,0,,,,,,,,,,,,,,,,,,,
2020-09-05 09:00:00,1003.9,28.3,66,0.9,333.0,5.5,332.0,0.0,,,,,2020-09-05T08:14:00,,,,0,,,,,,,,,,,,,,,,,,,
2020-09-05 10:00:00,1004.0,28.4,63,1.5,345.0,6.0,327.0,0.0,,,,,2020-09-05T09:39:00,,,,0,,,,,,,,,,,,,,,,,,,
2020-09-05 11:00:00,1003.5,29.2,61,1.6,322.0,6.0,322.0,0.0,,,,,2020-09-05T10:48:00,,,,0,,,,,,,,,,,,,,,,,,,
2020-09-05 12:00:00,1003.0,30.2,58,1.3,317.0,6.0,328.0,0.0,,,,,2020-09-05T11:04:00,,,,0,,,,,,,,,,,,,,,,,,,
2020-09-05 13:00:00,1001.9,30.7,53,1.4,339.0,7.1,14.0,0.0,,,,,2020-09-05T12:09:00,,,,0,,,,,,,,,,,,,,,,,,,
2020-09-05 14:00:00,1001.1,30.2,58,2.6,330.0,7.7,343.0,0.0,,,,,2020-09-05T14:00:00,,,,0,,,,,,,,,,,,,,,,,,,
2020-09-05 15:00:00,1000.9,29.5,60,1.5,337.0,7.7,317.0,0.0,,,,,2020-09-05T14:58:00,,,,0,,,,,,,,,,,,,,,,,,,
2020-09-05 16:00:00,1000.6,28.8,61,0.8,315.0,5.5,334.0,0.0,,,,,2020-09-05T15:07:00,,,,0,,,,,,,,,,,,,,,,,,,
2020-09-05 17:00:00,1000.7,27.8,66,1.1,318.0,5.5,273.0,0.0,,,,,2020-09-05T16:13:00,,,,0,,,,,,,,,,,,,,,,,,,
2020-09-05 18:00:00,1000.9,27.2,68,0.7,326.0,5.5,327.0,0.0,,,,,2020-09-05T17:19:00,,,,0,,,,,,,,,,,,,,,,,,,
2020-09-05 19:00:00,1001.1,26.6,71,0.8,326.0,3.5,345.0,0.0,,,,,2020-09-05T18:02:00,,,,0,,,,,,,,,,,,,,,,,,,
2020-09-05 20:00:00,1001.8,26.1,74,0.9,346.0,4.9,332.0,0.0,,,,,2020-09-05T19:42:00,,,,0,,,,,,,,,,,,,,,,,,,
2020-09-05 21:00:00,1002.0,25.7,75,0.0,0.0,2.4,332.0,0.0,,,,,2020-09-05T20:01:00,,,,0,,,,,,,,,,,,,,,,,,,
2020-09-05 22:00:00,1002.0,25.1,79,0.2,0.0,3.8,340.0,0.0,,,,,2020-09-05T21:19:00,,,,0,,,,,,,,,,,,,,,,,,,
2020-09-05 23:00:00,-9999.7,-99.7,-9997,-99.7,-999.7,2.4,327.0,0.0,,,,,2020-09-05T22:04:00,,,,0,,,,,,,,,,,,,,,,,,,
2020-09-06 00:00:00,1001.2,23.8,87,0.4,331.0,2.4,317.0,0.0,,,,,2020-09-05T23:56:00,,,,0,,,,,,,,,,,,,,,,,,,
2020-09-06 01:00:00,1000.7,23.3,88,0.1,0.0,3.5,260.0,0.0,,,,,2020-09-06T00:45:00,,,,0,,,,,,,,,,,,,,,,,,,
2020-09-06 02:00:00,1000.1,23.8,83,1.1,325.0,3.3,311.0,0.0,,,,,2020-09-06T01:58:00,,,,0,,,,,,,,,,,,,,,,,,,
2020-09-06 03:00:00,999.6,23.9,75,0.2,0.0,3.0,347.0,0.0,,,,,2020-09-06T02:11:00,,,,0,,,,,,,,,,,,,,,,,,,
2020-09-06 04:00:00,999.7,23.1,80,0.2,0.0,3.8,326.0,0.0,,,,,2020-09-06T03:20:00,,,,0,,,,,,,,,,,,,,,,,,,
2020-09-06 05:00:00,999.7,23.5,78,0.3,316.0,2.2,326.0,0.0,,,,,2020-09-06T04:10:00,,,,0,,,,,,,,,,,,,,,,,,,
2020-09-06 06:00:00,1000.0,23.3,81,0.0,0.0,1.9,318.0,0.0,,,,,2020-09-06T05:20:00,,,,0,,,,,,,,,,,,,,,,,,,
2020-09-06 07:00:00,1000.7,23.9,77,0.0,0.0,2.4,284.0,0.0,,,,,2020-09-06T06:49:00,,,,0,,,,,,,,,,,,,,,,,,,
2020-09-06 08:00:00,1000.8,25.6,68,0.8,296.0,4.1,324.0,0.0,,,,,2020-09-06T07:37:00,,,,0,,,,,,,,,,,,,,,,,,,
2020-09-06 09:00:00,1000.9,27.2,59,1.9,326.0,6.6,323.0,0.0,,,,,2020-09-06T08:31:00,,,,0,,,,,,,,,,,,,,,,,,,
2020-09-06 10:00:00,1000.7,28.5,56,0.4,316.0,6.6,340.0,0.0,,,,,2020-09-06T09:08:00,,,,0,,,,,,,,,,,,,,,,,,,
2020-09-06 11:00:00,1000.1,29.4,45,1.9,338.0,6.6,348.0,0.0,,,,,2020-09-06T10:43:00,,,,0,,,,,,,,,,,,,,,,,,,
2020-09-06 12:00:00,999.5,29.5,46,2.0,342.0,8.2,321.0,0.0,,,,,2020-09-06T11:59:00,,,,0,,,,,,,,,,,,,,,,,,,
2020-09-06 13:00:00,999.1,28.2,53,2.3,344.0,9.9,330.0,0.0,,,,,2020-09-06T12:21:00,,,,0,,,,,,,,,,,,,,,,,,,
2020-09-06 14:00:00,998.9,29.2,48,2.7,335.0,7.1,333.0,0.0,,,,,2020-09-06T13:23:00,,,,0,,,,,,,,,,,,,,,,,,,
2020-09-06 15:00:00,999.1,28.9,50,1.6,334.0,8.2,332.0,0.0,,,,,2020-09-06T14:18:00,,,,0,,,,,,,,,,,,,,,,,,,
2020-09-06 16:00:00,999.5,28.4,43,1.8,329.0,7.7,333.0,0.0,,,,,2020-09-06T15:46:00,,,,0,,,,,,,,,,,,,,,,,,,
2020-09-06 17:00:00,999.8,27.8,48,0.1,0.0,7.1,328.0,0.0,,,,,2020-09-06T16:05:00,,,,0,,,,,,,,,,,,,,,,,,,
2020-09-06 18:00:00,1000.5,26.2,54,0.2,0.0,6.6,339.0,0.0,,,,,2020-09-06T17:07:00,,,,0,,,,,,,,,,,,,,,,,,,
2020-09-06 19:00:00,1001.0,23.8,70,0.0,0.0,3.3,332.0,0.0,,,,,2020-09-06T18:23:00,,,,0,,,,,,,,,,,,,,,,,,,
2020-09-06 20:00:00,1001.6,22.2,78,0.0,0.0,2.2,355.0,0.0,,,,,2020-09-06T19:14:00,,,,0,,,,,,,,,,,,,,,,,,,
2020-09-06 21:00:00,1002.2,20.7,85,0.0,0.0,1.1,350.0,0.0,,,,,2020-09-06T20:03:00,,,,0,,,,,,,,,,,,,,,,,,,
2020-09-06 22:00:00,1002.1,20.0,89,0.0,0.0,1.3,352.0,0.0,,,,,2020-09-06T21:54:00,,,,0,,,,,,,,,,,,,,,,,,,
2020-09-06 23:00:00,1002.3,19.5,91,0.0,0.0,0.8,347.0,0.0,,,,,2020-09-06T23:00:00,,,,0,,,,,,,,,,,,,,,,,,,
2020-09-07 00:00:00,1002.3,19.4,91,0.0,0.0,1.3,326.0,0.0,,,,,2020-09-06T23:25:00,,,,0,,,,,,,,,,,,,,,,,,,
2020-09-07 01:00:00,1002.2,19.2,92,0.0,0.0,1.3,351.0,0.0,,,,,2020-09-07T00:48:00,,,,0,,,,,,,,,,,,,,,,,,,
2020-09-07 02:00:00,1002.2,18.8,93,0.0,0.0,1.3,354.0,0.0,,,,,2020-09-07T01:15:00,,,,0,,,,,,,,,,,,,,,,,,,
2020-09-07 03:00:00,1002.2,18.5,93,0.0,0.0,0.8,337.0,0.0,,,,,2020-09-07T02:44:00,,,,0,,,,,,,,,,,,,,,,,,,
2020-09-07 04:00:00,1002.4,18.4,92,0.0,0.0,1.3,318.0,0.0,,,,,2020-09-07T03:45:00,,,,0,,,,,,,,,,,,,,,,,,,
2020-09-07 05:00:00,1002.8,18.2,93,0.1,0.0,0.8,346.0,0.0,,,,,2020-09-07T04:53:00,,,,0,,,,,,,,,,,,,,,,,,,
2020-09-07 06:00:00,1003.3,18.0,93,0.4,346.0,1.3,352.0,0.0,,,,,2020-09-07T05:56:00,,,,0,,,,,,,,,,,,,,,,,,,
2020-09-07 07:00:00,1004.1,19.2,88,0.2,0.0,1.6,355.0,0.0,,,,,2020-09-07T07:00:00,,,,0,,,,,,,,,,,,,,,,,,,
2020-09-07 08:00:00,1004.5,22.2,75,0.1,0.0,1.6,335.0,0.0,,,,,2020-09-07T07:09:00,,,,0,,,,,,,,,,,,,,,,,,,
2020-09-07 09:00:00,1004.7,26.3,65,0.0,0.0,1.3,335.0,0.0,,,,,2020-09-07T08:51:00,,,,0,,,,,,,,,,,,,,,,,,,
2020-09-07 10:00:00,1004.6,29.9,49,0.0,0.0,0.8,339.0,0.0,,,,,2020-09-07T09:35:00,,,,0,,,,,,,,,,,,,,,,,,,
2020-09-07 11:00:00,1004.5,31.7,40,0.0,0.0,0.8,238.0,0.0,,,,,2020-09-07T10:13:00,,,,0,,,,,,,,,,,,,,,,,,,
2020-09-07 12:00:00,1004.0,32.7,40,0.2,0.0,1.9,181.0,0.0,,,,,2020-09-07T11:55:00,,,,0,,,,,,,,,,,,,,,,,,,
2020-09-07 13:00:00,1003.8,32.1,40,0.1,0.0,2.2,247.0,0.0,,,,,2020-09-07T12:35:00,,,,0,,,,,,,,,,,,,,,,,,,
2020-09-07 14:00:00,1003.5,31.3,45,0.7,162.0,2.4,170.0,0.0,,,,,2020-09-07T13:44:00,,,,0,,,,,,,,,,,,,,,,,,,
2020-09-07 15:00:00,1003.5,29.7,61,0.7,170.0,4.9,156.0,0.0,,,,,2020-09-07T14:03:00,,,,0,,,,,,,,,,,,,,,,,,,
2020-09-07 16:00:00,1003.8,29.3,63,0.1,0.0,5.5,189.0,0.0,,,,,2020-09-07T15:54:00,,,,0,,,,,,,,,,,,,,,,,,,
2020-09-07 17:00:00,-9999.7,-99.7,-9997,-99.7,-999.7,4.9,166.0,0.0,,,,,2020-09-07T16:25:00,,,,0,,,,,,,,,,,,,,,,,,,
2020-09-07 18:00:00,1004.7,27.7,70,1.0,162.0,6.6,160.0,0.0,,,,,2020-09-07T17:18:00,,,,0,,,,,,,,,,,,,,,,,,,
2020-09-07 19:00:00,1005.0,27.5,72,0.8,168.0,5.5,183.0,0.0,,,,,2020-09-07T18:14:00,,,,0,,,,,,,,,,,,,,,,,,,
2020-09-07 20:00:00,1005.8,27.3,72,0.4,154.0,3.0,181.0,0.0,,,,,2020-09-07T19:02:00,,,,0,,,,,,,,,,,,,,,,,,,
2020-09-07 21:00:00,1006.2,27.1,74,1.0,354.0,3.8,192.0,0.0,,,,,2020-09-07T20:32:00,,,,0,,,,,,,,,,,,,,,,,,,
2020-09-07 22:00:00,1006.4,27.2,73,0.8,247.0,3.5,349.0,0.0,,,,,2020-09-07T21:25:00,,,,0,,,,,,,,,,,,,,,,,,,
2020-09-07 23:00:00,1006.5,27.3,73,0.0,0.0,3.5,335.0,0.0,,,,,2020-09-07T22:30:00,,,,0,,,,,,,,,,,,,,,,,,,
2020-09-08 00:00:00,1006.3,26.3,78,0.0,0.0,3.0,186.0,0.0,,,,,2020-09-07T23:25:00,,,,0,,,,,,,,,,,,,,,,,,,
2020-09-08 01:00:00,1006.5,25.5,81,0.0,0.0,3.5,164.0,0.0,,,,,2020-09-08T00:06:00,,,,0,,,,,,,,,,,,,,,,,,,
2020-09-08 02:00:00,1006.4,24.7,86,0.7,325.0,2.2,328.0,0.0,,,,,2020-09-08T01:12:00,,,,0,,,,,,,,,,,,,,,,,,,
2020-09-08 03:00:00,1006.4,24.2,88,0.0,0.0,1.9,325.0,0.0,,,,,2020-09-08T02:07:00,,,,0,,,,,,,,,,,,,,,,,,,
2020-09-08 04:00:00,1006.7,23.5,90,0.0,0.0,1.1,346.0,0.0,,,,,2020-09-08T03:45:00,,,,0,,,,,,,,,,,,,,,,,,,
2020-09-08 05:00:00,1007.1,23.3,91,0.0,0.0,1.9,341.0,0.0,,,,,2020-09-08T04:07:00,,,,0,,,,,,,,,,,,,,,,,,,
2020-09-08 06:00:00,1007.4,23.0,92,0.0,0.0,1.6,281.0,0.0,,,,,2020-09-08T05:02:00,,,,0,,,,,,,,,,,,,,,,,,,
2020-09-08 07:00:00,1008.0,24.2,84,0.0,0.0,1.9,337.0,0.0,,,,,2020-09-08T06:46:00,,,,0,,,,,,,,,,,,,,,,,,,
2020-09-08 08:00:00,1008.1,26.6,74,0.0,0.0,0.8,273.0,0.0,,,,,2020-09-08T07:27:00,,,,0,,,,,,,,,,,,,,,,,,,
2020-09-08 09:00:00,1008.2,29.4,60,0.3,180.0,2.2,182.0,0.0,,,,,2020-09-08T08:56:00,,,,0,,,,,,,,,,,,,,,,,,,
2020-09-08 10:00:00,-9999.7,-99.7,-9997,-99.7,-999.7,2.2,171.0,0.0,,,,,2020-09-08T09:03:00,,,,0,,,,,,,,,,,,,,,,,,,
2020-09-08 11:00:00,1007.4,31.6,45,0.8,162.0,3.3,172.0,0.0,,,,,2020-09-08T10:40:00,,,,0,,,,,,,,,,,,,,,,,,,
2020-09-08 12:00:00,1007.2,31.1,53,0.6,148.0,6.6,171.0,0.0,,,,,2020-09-08T11:47:00,,,,0,,,,,,,,,,,,,,,,,,,
2020-09-08 13:00:00,1006.9,31.0,59,1.8,169.0,5.5,159.0,0.0,,,,,2020-09-08T12:59:00,,,,0,,,,,,,,,,,,,,,,,,,
2020-09-08 14:00:00,1006.1,30.6,60,1.5,155.0,6.0,156.0,0.0,,,,,2020-09-08T13:30:00,,,,0,,,,,,,,,,,,,,,,,,,
2020-09-08 15:00:00,1005.9,29.7,66,0.6,160.0,5.5,163.0,0.0,,,,,2020-09-08T14:11:00,,,,0,,,,,,,,,,,,,,,,,,,
2020-09-08 16:00:00,-9999.7,-99.7,-9997,-99.7,-999.7,4.9,171.0,0.0,,,,,2020-09-08T15:10:00,,,,0,,,,,,,,,,,,,,,,,,,
2020-09-08 17:00:00,1006.6,28.4,74,0.0,0.0,2.7,173.0,0.0,,,,,2020-09-08T16:28:00,,,,0,,,,,,,,,,,,,,,,,,,
2020-09-08 18:00:00,1007.0,27.3,82,0.0,0.0,1.3,211.0,0.0,,,,,2020-09-08T17:11:00,,,,0,,,,,,,,,,,,,,,,,,,
2020-09-08 19:00:00,1007.4,26.2,90,0.0,0.0,1.3,299.0,0.0,,,,,2020-09-08T18:19:00,,,,0,,,,,,,,,,,,,,,,,,,
2020-09-08 20:00:00,1008.1,25.8,90,0.0,0.0,1.6,332.0,0.0,,,,,2020-09-08T19:35:00,,,,0,,,,,,,,,,,,,,,,,,,
2020-09-08 21:00:00,1008.3,25.5,91,0.0,0.0,1.6,240.0,0.0,,,,,2020-09-08T20:31:00,,,,0,,,,,,,,,,,,,,,,,,,
2020-09-08 22:00:00,1008.3,25.3,90,0.2,0.0,1.3,299.0,0.0,,,,,2020-09-08T21:02:00,,,,0,,,,,,,,,,,,,,,,,,,
2020-09-08 23:00:00,1008.1,24.9,92,0.0,0.0,0.8,272.0,0.0,,,,,2020-09-08T22:53:00,,,,0,,,,,,,,,,,,,,,,,,,
2020-09-09 00:00:00,1007.9,24.6,92,0.0,0.0,1.6,307.0,0.0,,,,,2020-09-08T23:22:00,,,,0,,,,,,,,,,,,,,,,,,,
2020-09-09 01:00:00,1007.7,24.5,93,0.0,0.0,0.8,347.0,0.0,,,,,2020-09-09T00:13:00,,,,0,,,,,,,,,,,,,,,,,,,
2020-09-09 02:00:00,1007.1,24.1,93,0.0,0.0,0.0,0.0,0.0,,,,,2020-09-09T01:05:00,,,,0,,,,,,,,,,,,,,,,,,,
2020-09-09 03:00:00,1006.7,23.7,93,0.0,0.0,1.9,324.0,0.0,,,,,2020-09-09T02:41:00,,,,0,,,,,,,,,,,,,,,,,,,
2020-09-09 04:00:00,1006.7,23.3,91,0.0,0.0,1.6,252.0,0.0,,,,,2020-09-09T03:09:00,,,,0,,,,,,,,,,,,,,,,,,,
2020-09-09 05:00:00,1006.8,23.2,92,0.0,0.0,1.6,350.0,0.0,,,,,2020-09-09T04:21:00,,,,0,,,,,,,,,,,,,,,,,,,
2020-09-09 06:00:00,1007.0,23.1,91,0.3,346.0,1.6,348.0,0.0,,,,,2020-09-09T05:59:00,,,,0,,,,,,,,,,,,,,,,,,,
2020-09-09 07:00:00,1007.1,23.6,90,0.0,0.0,1.1,326.0,0.0,,,,,2020-09-09T06:02:00,,,,0,,,,,,,,,,,,,,,,,,,
2020-09-09 08:00:00,1006.7,24.5,86,0.0,0.0,0.8,305.0,0.0,,,,,2020-09-09T07:54:00,,,,0,,,,,,,,,,,,,,,,,,,
2020-09-09 09:00:00,1006.7,26.4,82,0.1,0.0,1.3,267.0,0.0,,,,,2020-09-09T08:57:00,,,,0,,,,,,,,,,,,,,,,,,,
2020-09-09 10:00:00,1006.2,30.7,62,0.2,0.0,1.9,327.0,0.0,,,,,2020-09-09T09:49:00,,,,0,,,,,,,,,,,,,,,,,,,
2020-09-09 11:00:00,1005.4,32.2,59,0.6,344.0,2.4,328.0,0.0,,,,,2020-09-09T10:46:00,,,,0,,,,,,,,,,,,,,,,,,,
2020-09-09 12:00:00,1005.1,29.6,68,0.0,0.0,2.7,234.0,0.0,,,,,2020-09-09T11:23:00,,,,0,,,,,,,,,,,,,,,,,,,
2020-09-09 13:00:00,1004.4,30.3,68,1.1,169.0,3.0,165.0,0.0,,,,,2020-09-09T12:07:00,,,,0,,,,,,,,,,,,,,,,,,,
2020-09-09 14:00:00,1004.0,29.7,73,0.0,0.0,3.5,187.0,0.0,,,,,2020-09-09T13:43:00,,,,0,,,,,,,,,,,,,,,,,,,
2020-09-09 15:00:00,1003.8,28.2,79,0.3,166.0,3.0,163.0,0.0,,,,,2020-09-09T14:07:00,,,,0,,,,,,,,,,,,,,,,,,,
2020-09-09 16:00:00,1003.8,28.1,78,0.6,167.0,3.0,179.0,0.0,,,,,2020-09-09T15:01:00,,,,0,,,,,,,,,,,,,,,,,,,
2020-09-09 17:00:00,1003.9,27.6,79,0.0,0.0,3.3,171.0,0.0,,,,,2020-09-09T16:12:00,,,,0,,,,,,,,,,,,,,,,,,,
2020-09-09 18:00:00,1003.9,26.7,80,0.0,0.0,0.8,197.0,0.0,,,,,2020-09-09T17:02:00,,,,0,,,,,,,,,,,,,,,,,,,
2020-09-09 19:00:00,1004.2,25.9,88,0.0,0.0,1.6,253.0,0.0,,,,,2020-09-09T18:39:00,,,,0,,,,,,,,,,,,,,,,,,,
2020-09-09 20:00:00,1004.1,25.4,90,0.0,0.0,1.9,223.0,0.0,,,,,2020-09-09T19:15:00,,,,0,,,,,,,,,,,,,,,,,,,
2020-09-09 21:00:00,1004.3,24.9,92,0.0,0.0,0.8,272.0,0.0,,,,,2020-09-09T20:56:00,,,,0,,,,,,,,,,,,,,,,,,,
2020-09-09 22:00:00,1004.4,24.3,92,0.0,0.0,0.8,238.0,0.0,,,,,2020-09-09T21:45:00,,,,0,,,,,,,,,,,,,,,,,,,
2020-09-09 23:00:00,1004.4,23.9,93,0.0,0.0,1.6,249.0,0.0,,,,,2020-09-09T22:18:00,,,,0,,,,,,,,,,,,,,,,,,,
2020-09-10 00:00:00,1004.3,23.6,94,0.0,0.0,1.3,297.0,0.0,,,,,2020-09-09T23:44:00,,,,0,,,,,,,,,,,,,,,,,,,
2020-09-10 01:00:00,1004.2,23.3,94,0.0,0.0,1.1,330.0,0.0,,,,,2020-09-10T00:57:00,,,,0,,,,,,,,,,,,,,,,,,,
2020-09-10 02:00:00,1003.8,23.1,94,0.0,0.0,0.8,330.0,0.0,,,,,2020-09-10T01:24:00,,,,0,,,,,,,,,,,,,,,,,,,
2020-09-10 03:00:00,1003.2,22.9,95,0.0,0.0,0.0,0.0,0.0,,,,,2020-09-10T02:05:00,,,,0,,,,,,,,,,,,,,,,,,,
2020-09-10 04:00:00,1003.2,22.8,94,0.0,0.0,0.0,0.0,0.0,,,,,2020-09-10T03:05:00,,,,0,,,,,,,,,,,,,,,,,,,
2020-09-10 05:00:00,1002.9,22.6,94,0.0,0.0,0.0,0.0,0.0,,,,,2020-09-10T04:05:00,,,,0,,,,,,,,,,,,,,,,,,,
2020-09-10 06:00:00,1003.0,22.5,94,0.0,0.0,0.8,303.0,0.0,,,,,2020-09-10T05:41:00,,,,0,,,,,,,,,,,,,,,,,,,
2020-09-10 07:00:00,1003.3,23.5,90,0.0,0.0,1.3,315.0,0.0,,,,,2020-09-10T06:30:00,,,,0,,,,,,,,,,,,,,,,,,,
2020-09-10 08:00:00,1003.7,25.5,86,0.0,0.0,1.3,266.0,0.0,,,,,2020-09-10T07:48:00,,,,0,,,,,,,,,,,,,,,,,,,
2020-09-10 09:00:00,1004.0,26.3,83,0.1,0.0,1.9,276.0,0.0,,,,,2020-09-10T08:27:00,,,,0,,,,,,,,,,,,,,,,,,,
2020-09-10 10:00:00,1004.0,26.9,82,0.0,0.0,2.7,329.0,0.0,,,,,2020-09-10T09:27:00,,,,0,,,,,,,,,,,,,,,,,,,
2020-09-10 11:00:00,1003.7,28.1,73,0.0,0.0,2.4,272.0,0.0,,,,,2020-09-10T10:52:00,,,,0,,,,,,,,,,,,,,,,,,,
2020-09-10 12:00:00,1002.8,28.7,71,0.0,0.0,1.9,284.0,0.0,,,,,2020-09-10T11:08:00,,,,0,,,,,,,,,,,,,,,,,,,
2020-09-10 13:00:00,1002.1,29.4,68,0.5,178.0,2.2,181.0,0.0,,,,,2020-09-10T13:00:00,,,,0,,,,,,,,,,,,,,,,,,,
2020-09-10 14:00:00,1001.5,30.0,69,0.4,183.0,3.5,158.0,0.0,,,,,2020-09-10T13:25:00,,,,0,,,,,,,,,,,,,,,,,,,
2020-09-10 15:00:00,1000.9,30.8,65,0.1,0.0,3.0,186.0,0.0,,,,,2020-09-10T14:01:00,,,,0,,,,,,,,,,,,,,,,,,,
2020-09-10 16:00:00,1000.9,30.4,61,0.2,0.0,2.2,210.0,0.0,,,,,2020-09-10T15:02:00,,,,0,,,,,,,,,,,,,,,,,,,
2020-09-10 17:00:00,1001.4,29.1,64,0.1,0.0,3.3,157.0,0.0,,,,,2020-09-10T16:07:00,,,,0,,,,,,,,,,,,,,,,,,,
2020-09-10 18:00:00,1001.5,27.6,71,0.0,0.0,2.4,168.0,0.0,,,,,2020-09-10T17:14:00,,,,0,,,,,,,,,,,,,,,,,,,
2020-09-10 19:00:00,1002.2,26.0,81,0.0,0.0,1.6,164.0,0.0,,,,,2020-09-10T18:05:00,,,,0,,,,,,,,,,,,,,,,,,,
2020-09-10 20:00:00,1002.7,25.1,86,0.0,0.0,1.3,325.0,0.0,,,,,2020-09-10T19:47:00,,,,0,,,,,,,,,,,,,,,,,,,
2020-09-10 21:00:00,1003.6,24.5,88,0.0,0.0,1.3,263.0,0.0,,,,,2020-09-10T20:29:00,,,,0,,,,,,,,,,,,,,,,,,,
2020-09-10 22:00:00,1003.6,24.0,91,0.0,0.0,1.3,303.0,0.0,,,,,2020-09-10T21:13:00,,,,0,,,,,,,,,,,,,,,,,,,
2020-09-10 23:00:00,1003.5,23.7,92,0.0,0.0,1.3,266.0,0.0,,,,,2020-09-10T22:54:00,,,,0,,,,,,,,,,,,,,,,,,,
2020-09-11 00:00:00,1003.5,23.4,92,0.0,0.0,1.3,321.0,0.0,,,,,2020-09-10T23:42:00,,,,0,,,,,,,,,,,,,,,,,,,
2020-09-11 01:00:00,1003.2,23.3,93,0.0,0.0,0.8,298.0,0.0,,,,,2020-09-11T00:08:00,,,,0,,,,,,,,,,,,,,,,,,,
2020-09-11 02:00:00,1002.9,22.8,94,0.0,0.0,1.3,322.0,0.0,,,,,2020-09-11T01:17:00,,,,0,,,,,,,,,,,,,,,,,,,
2020-09-11 03:00:00,1002.8,22.8,94,0.0,0.0,1.3,318.0,0.0,,,,,2020-09-11T02:07:00,,,,0,,,,,,,,,,,,,,,,,,,
2020-09-11 04:00:00,1003.0,22.8,94,0.0,0.0,0.8,322.0,0.0,,,,,2020-09-11T03:01:00,,,,0,,,,,,,,,,,,,,,,,,,
2020-09-11 05:00:00,1003.1,22.6,93,0.0,0.0,0.8,335.0,0.0,,,,,2020-09-11T04:22:00,,,,0,,,,,,,,,,,,,,,,,,,
2020-09-11 06:00:00,1003.3,22.6,94,0.0,0.0,1.3,335.0,0.0,,,,,2020-09-11T05:47:00,,,,0,,,,,,,,,,,,,,,,,,,
2020-09-11 07:00:00,1003.8,23.3,91,0.0,0.0,1.3,330.0,0.0,,,,,2020-09-11T06:44:00,,,,0,,,,,,,,,,,,,,,,,,,
2020-09-11 08:00:00,-9999.7,-99.7,-9997,-99.7,-999.7,1.3,267.0,0.0,,,,,2020-09-11T07:12:00,,,,0,,,,,,,,,,,,,,,,,,,
2020-09-11 09:00:00,1004.3,27.9,77,0.0,0.0,0.0,0.0,0.0,,,,,2020-09-11T08:05:00,,,,0,,,,,,,,,,,,,,,,,,,
2020-09-11 10:00:00,1003.8,30.9,64,0.3,328.0,1.9,277.0,0.0,,,,,2020-09-11T09:56:00,,,,0,,,,,,,,,,,,,,,,,,,
2020-09-11 11:00:00,1003.7,32.1,62,0.0,0.0,2.4,296.0,0.0,,,,,2020-09-11T10:23:00,,,,0,,,,,,,,,,,,,,,,,,,
2020-09-11 12:00:00,1003.7,30.4,68,0.0,0.0,1.9,163.0,0.0,,,,,2020-09-11T11:04:00,,,,0,,,,,,,,,,,,,,,,,,,
2020-09-11 13:00:00,1003.5,29.6,71,0.0,0.0,1.3,183.0,0.0,,,,,2020-09-11T12:45:00,,,,0,,,,,,,,,,,,,,,,,,,
2020-09-11 14:00:00,1003.2,30.5,63,0.4,165.0,3.3,172.0,0.0,,,,,2020-09-11T13:37:00,,,,0,,,,,,,,,,,,,,,,,,,
2020-09-11 15:00:00,1002.7,30.5,66,0.0,0.0,2.4,176.0,0.0,,,,,2020-09-11T14:20:00,,,,0,,,,,,,,,,,,,,,,,,,
2020-09-11 16:00:00,1002.5,30.4,63,0.5,169.0,2.7,166.0,0.0,,,,,2020-09-11T15:16:00,,,,0,,,,,,,,,,,,,,,,,,,
2020-09-11 17:00:00,1002.7,29.5,69,0.0,0.0,3.0,174.0,0.0,,,,,2020-09-11T16:01:00,,,,0,,,,,,,,,,,,,,,,,,,
2020-09-11 18:00:00,1003.2,28.2,80,0.0,0.0,1.6,176.0,0.0,,,,,2020-09-11T17:05:00,,,,0,,,,,,,,,,,,,,,,,,,
2020-09-11 19:00:00,1003.7,26.5,87,0.0,0.0,1.1,167.0,0.0,,,,,2020-09-11T18:09:00,,,,0,,,,,,,,,,,,,,,,,,,
2020-09-11 20:00:00,1004.3,25.9,89,0.3,328.0,1.3,332.0,0.0,,,,,2020-09-11T19:59:00,,,,0,,,,,,,,,,,,,,,,,,,
2020-09-11 21:00:00,1004.9,25.4,91,0.0,0.0,1.3,341.0,0.0,,,,,2020-09-11T20:47:00,,,,0,,,,,,,,,,,,,,,,,,,
2020-09-11 22:00:00,1005.4,25.1,90,0.0,0.0,1.1,349.0,0.0,,,,,2020-09-11T21:27:00,,,,0,,,,,,,,,,,,,,,,,,,
2020-09-11 23:00:00,1005.9,24.7,92,0.1,0.0,1.6,331.0,0.0,,,,,2020-09-11T22:32:00,,,,0,,,,,,,,,,,,,,,,,,,
2020-09-12 00:00:00,1005.3,24.5,92,0.0,0.0,1.6,351.0,0.0,,,,,2020-09-11T23:44:00,,,,0,,,,,,,,,,,,,,,,,,,
2020-09-12 01:00:00,1005.7,24.5,92,0.0,0.0,0.8,303.0,0.0,,,,,2020-09-12T00:59:00,,,,0,,,,,,,,,,,,,,,,,,,
2020-09-12 02:00:00,1005.6,24.5,92,0.0,0.0,1.3,330.0,0.0,,,,,2020-09-12T01:24:00,,,,0,,,,,,,,,,,,,,,,,,,
2020-09-12 03:00:00,1005.3,24.1,94,0.0,0.0,0.8,288.0,0.0,,,,,2020-09-12T02:29:00,,,,0,,,,,,,,,,,,,,,,,,,
2020-09-12 04:00:00,1005.0,24.1,94,0.0,0.0,0.8,350.0,0.0,,,,,2020-09-12T03:17:00,,,,0,,,,,,,,,,,,,,,,,,,
2020-09-12 05:00:00,1005.0,23.9,94,0.0,0.0,0.8,328.0,0.0,,,,,2020-09-12T04:32:00,,,,0,,,,,,,,,,,,,,,,,,,
2020-09-12 06:00:00,1005.8,23.8,95,0.0,0.0,1.3,343.0,0.0,,,,,2020-09-12T05:37:00,,,,0,,,,,,,,,,,,,,,,,,,
2020-09-12 07:00:00,1006.7,25.1,90,0.2,0.0,1.9,327.0,0.0,,,,,2020-09-12T06:54:00,,,,0,,,,,,,,,,,,,,,,,,,
2020-09-12 08:00:00,1006.7,27.5,82,0.0,0.0,1.3,318.0,0.0,,,,,2020-09-12T07:06:00,,,,0,,,,,,,,,,,,,,,,,,,
2020-09-12 09:00:00,1006.9,30.4,67,0.1,0.0,3.3,333.0,0.0,,,,,2020-09-12T08:31:00,,,,0,,,,,,,,,,,,,,,,,,,
2020-09-12 10:00:00,1006.7,30.5,67,1.0,342.0,5.5,343.0,0.0,,,,,2020-09-12T09:31:00,,,,0,,,,,,,,,,,,,,,,,,,
2020-09-12 11:00:00,1006.8,30.0,76,1.0,175.0,3.0,168.0,0.0,,,,,2020-09-12T10:58:00,,,,0,,,,,,,,,,,,,,,,,,,
2020-09-12 12:00:00,1006.4,29.7,75,0.6,166.0,3.3,189.0,0.0,,,,,2020-09-12T11:23:00,,,,0,,,,,,,,,,,,,,,,,,,
2020-09-12 13:00:00,1006.1,28.5,85,2.5,338.0,4.9,172.0,4.5,,,,,2020-09-12T12:33:00,,,,0,,,,,,,,,,,,,,,,,,,
2020-09-12 14:00:00,1006.1,25.1,96,0.0,0.0,3.8,345.0,23.5,,,,,2020-09-12T13:01:00,,,,0,,,,,,,,,,,,,,,,,,,
2020-09-12 15:00:00,1006.2,24.7,97,0.0,0.0,2.4,266.0,2.0,,,,,2020-09-12T14:19:00,,,,0,,,,,,,,,,,,,,,,,,,
2020-09-12 16:00:00,1006.8,24.7,97,0.0,0.0,2.2,171.0,17.5,,,,,2020-09-12T15:15:00,,,,0,,,,,,,,,,,,,,,,,,,
2020-09-12 17:00:00,1007.8,24.2,97,0.0,0.0,2.2,350.0,12.0,,,,,2020-09-12T16:46:00,,,,0,,,,,,,,,,,,,,,,,,,
2020-09-12 18:00:00,1008.0,24.1,97,0.0,0.0,0.8,200.0,2.5,,,,,2020-09-12T17:01:00,,,,0,,,,,,,,,,,,,,,,,,,
2020-09-12 19:00:00,1008.6,24.2,97,0.0,0.0,0.0,0.0,0.5,,,,,2020-09-12T18:05:00,,,,0,,,,,,,,,,,,,,,,,,,
2020-09-12 20:00:00,1008.6,24.1,97,0.0,0.0,1.3,319.0,0.5,,,,,2020-09-12T19:15:00,,,,0,,,,,,,,,,,,,,,,,,,
2020-09-12 21:00:00,1009.0,24.2,97,0.0,0.0,0.0,0.0,2.0,,,,,2020-09-12T20:05:00,,,,0,,,,,,,,,,,,,,,,,,,
2020-09-12 22:00:00,1008.5,24.1,98,0.0,0.0,1.1,324.0,1.5,,,,,2020-09-12T21:05:00,,,,0,,,,,,,,,,,,,,,,,,,
2020-09-12 23:00:00,1008.2,24.0,98,0.0,0.0,0.8,324.0,0.0,,,,,2020-09-12T22:22:00,,,,0,,,,,,,,,,,,,,,,,,,
2020-09-13 00:00:00,1007.7,23.9,98,0.0,0.0,0.8,280.0,0.0,,,,,2020-09-12T23:40:00,,,,0,,,,,,,,,,,,,,,,,,,
2020-09-13 01:00:00,1007.5,23.8,98,0.0,0.0,0.8,326.0,0.0,,,,,2020-09-13T00:46:00,,,,0,,,,,,,,,,,,,,,,,,,
2020-09-13 02:00:00,1007.4,23.7,98,0.0,0.0,0.0,0.0,0.0,,,,,2020-09-13T01:05:00,,,,0,,,,,,,,,,,,,,,,,,,
2020-09-13 03:00:00,1006.9,23.6,98,0.0,0.0,1.1,329.0,0.0,,,,,2020-09-13T02:07:00,,,,0,,,,,,,,,,,,,,,,,,,
2020-09-13 04:00:00,1006.9,23.4,98,0.0,0.0,1.6,347.0,0.0,,,,,2020-09-13T03:31:00,,,,0,,,,,,,,,,,,,,,,,,,
2020-09-13 05:00:00,1007.3,23.6,98,0.0,0.0,0.8,327.0,0.0,,,,,2020-09-13T04:40:00,,,,0,,,,,,,,,,,,,,,,,,,
2020-09-13 06:00:00,1007.5,23.6,98,0.0,0.0,0.8,328.0,0.0,,,,,2020-09-13T05:29:00,,,,0,,,,,,,,,,,,,,,,,,,
2020-09-13 07:00:00,1007.7,23.9,98,0.0,0.0,0.8,328.0,0.0,,,,,2020-09-13T06:16:00,,,,0,,,,,,,,,,,,,,,,,,,
2020-09-13 08:00:00,1008.3,24.1,98,0.0,0.0,1.9,271.0,0.0,,,,,2020-09-13T07:31:00,,,,0,,,,,,,,,,,,,,,,,,,
2020-09-13 09:00:00,1008.6,24.3,97,0.1,0.0,1.3,250.0,0.0,,,,,2020-09-13T08:28:00,,,,0,,,,,,,,,,,,,,,,,,,
2020-09-13 10:00:00,1008.8,24.4,97,0.0,0.0,0.0,0.0,5.0,,,,,2020-09-13T09:05:00,,,,0,,,,,,,,,,,,,,,,,,,
2020-09-13 11:00:00,1008.9,24.4,98,0.0,0.0,0.0,0.0,2.5,,,,,2020-09-13T10:05:00,,,,0,,,,,,,,,,,,,,,,,,,
2020-09-13 12:00:00,1007.6,24.6,98,0.0,0.0,0.8,350.0,0.5,,,,,2020-09-13T11:31:00,,,,0,,,,,,,,,,,,,,,,,,,
2020-09-13 13:00:00,1007.2,25.0,97,0.0,0.0,0.0,0.0,1.0,,,,,2020-09-13T12:05:00,,,,0,,,,,,,,,,,,,,,,,,,
2020-09-13 14:00:00,-9999.7,-99.7,-9997,-99.7,-999.7,0.0,0.0,0.0,,,,,2020-09-13T13:05:00,,,,0,,,,,,,,,,,,,,,,,,,
2020-09-13 15:00:00,1006.6,26.4,95,0.0,0.0,0.8,181.0,0.0,,,,,2020-09-13T14:09:00,,,,0,,,,,,,,,,,,,,,,,,,
2020-09-13 16:00:00,1006.5,26.7,92,0.0,0.0,1.3,217.0,0.0,,,,,2020-09-13T15:01:00,,,,0,,,,,,,,,,,,,,,,,,,
2020-09-13 17:00:00,1006.5,26.6,93,0.0,0.0,0.8,348.0,0.0,,,,,2020-09-13T16:59:00,,,,0,,,,,,,,,,,,,,,,,,,
2020-09-13 18:00:00,1006.7,26.0,95,0.0,0.0,0.8,178.0,0.0,,,,,2020-09-13T17:52:00,,,,0,,,,,,,,,,,,,,,,,,,
2020-09-13 19:00:00,1007.3,25.2,96,0.0,0.0,1.3,350.0,1.5,,,,,2020-09-13T18:15:00,,,,0,,,,,,,,,,,,,,,,,,,
2020-09-13 20:00:00,1008.1,24.8,97,0.0,0.0,1.3,320.0,23.0,,,,,2020-09-13T19:51:00,,,,0,,,,,,,,,,,,,,,,,,,
2020-09-13 21:00:00,1008.6,24.2,98,0.0,0.0,2.7,163.0,18.5,,,,,2020-09-13T20:50:00,,,,0,,,,,,,,,,,,,,,,,,,
2020-09-13 22:00:00,1008.8,24.1,98,0.0,0.0,1.9,322.0,13.5,,,,,2020-09-13T21:46:00,,,,0,,,,,,,,,,,,,,,,,,,
2020-09-13 23:00:00,1008.4,24.0,98,0.1,0.0,1.3,330.0,13.5,,,,,2020-09-13T22:05:00,,,,0,,,,,,,,,,,,,,,,,,,
2020-09-14 00:00:00,1008.2,24.1,98,0.1,0.0,1.3,177.0,0.5,,,,,2020-09-13T23:57:00,,,,0,,,,,,,,,,,,,,,,,,,
2020-09-14 01:00:00,1007.5,24.0,98,0.0,0.0,0.0,0.0,0.5,,,,,2020-09-14T00:05:00,,,,0,,,,,,,,,,,,,,,,,,,
2020-09-14 02:00:00,1007.0,23.7,98,0.0,0.0,0.0,0.0,0.0,,,,,2020-09-14T01:05:00,,,,0,,,,,,,,,,,,,,,,,,,
2020-09-14 03:00:00,1006.6,23.5,98,0.0,0.0,0.0,0.0,0.0,,,,,2020-09-14T02:05:00,,,,0,,,,,,,,,,,,,,,,,,,
2020-09-14 04:00:00,1006.4,23.4,98,0.0,0.0,0.0,0.0,0.0,,,,,2020-09-14T03:05:00,,,,0,,,,,,,,,,,,,,,,,,,
2020-09-14 05:00:00,1006.3,23.3,98,0.0,0.0,0.0,0.0,0.0,,,,,2020-09-14T04:05:00,,,,0,,,,,,,,,,,,,,,,,,,
2020-09-14 06:00:00,1006.3,23.2,98,0.0,0.0,0.0,0.0,0.0,,,,,2020-09-14T05:15:00,,,,0,,,,,,,,,,,,,,,,,,,
2020-09-14 07:00:00,1006.7,23.4,98,0.0,0.0,0.8,303.0,0.0,,,,,2020-09-14T06:04:00,,,,0,,,,,,,,,,,,,,,,,,,
2020-09-14 08:00:00,1007.1,23.7,98,0.0,0.0,1.3,272.0,0.0,,,,,2020-09-14T07:34:00,,,,0,,,,,,,,,,,,,,,,,,,
2020-09-14 09:00:00,1007.6,25.6,97,0.0,0.0,1.3,267.0,0.0,,,,,2020-09-14T08:28:00,,,,0,,,,,,,,,,,,,,,,,,,
2020-09-14 10:00:00,1007.4,27.2,91,0.0,0.0,1.6,313.0,0.0,,,,,2020-09-14T09:34:00,,,,0,,,,,,,,,,,,,,,,,,,
2020-09-14 11:00:00,-9999.7,-99.7,-9997,-99.7,-999.7,2.2,137.0,0.0,,,,,2020-09-14T10:40:00,,,,0,,,,,,,,,,,,,,,,,,,
2020-09-14 12:00:00,1006.5,28.2,86,0.1,0.0,3.0,200.0,0.0,,,,,2020-09-14T11:33:00,,,,0,,,,,,,,,,,,,,,,,,,
2020-09-14 13:00:00,1005.7,28.8,84,0.1,0.0,2.4,167.0,0.0,,,,,2020-09-14T12:11:00,,,,0,,,,,,,,,,,,,,,,,,,
2020-09-14 14:00:00,1005.2,28.3,84,0.3,117.0,2.2,105.0,0.0,,,,,2020-09-14T13:58:00,,,,0,,,,,,,,,,,,,,,,,,,
2020-09-14 15:00:00,1004.5,28.9,77,0.2,0.0,2.2,180.0,0.0,,,,,2020-09-14T14:01:00,,,,0,,,,,,,,,,,,,,,,,,,
2020-09-14 16:00:00,1004.3,29.5,73,0.0,0.0,3.0,179.0,0.0,,,,,2020-09-14T15:54:00,,,,0,,,,,,,,,,,,,,,,,,,
2020-09-14 17:00:00,1004.6,28.3,76,0.0,0.0,3.0,188.0,0.0,,,,,2020-09-14T16:20:00,,,,0,,,,,,,,,,,,,,,,,,,
2020-09-14 18:00:00,1005.2,27.0,85,0.0,0.0,1.6,104.0,0.0,,,,,2020-09-14T17:26:00,,,,0,,,,,,,,,,,,,,,,,,,
2020-09-14 19:00:00,1005.8,25.8,92,0.0,0.0,0.8,235.0,0.0,,,,,2020-09-14T18:50:00,,,,0,,,,,,,,,,,,,,,,,,,
2020-09-14 20:00:00,1006.6,25.2,94,0.0,0.0,0.8,341.0,0.0,,,,,2020-09-14T19:26:00,,,,0,,,,,,,,,,,,,,,,,,,
2020-09-14 21:00:00,1006.9,24.7,95,0.0,0.0,0.0,0.0,0.0,,,,,2020-09-14T20:05:00,,,,0,,,,,,,,,,,,,,,,,,,
2020-09-14 22:00:00,1007.0,24.4,96,0.0,0.0,0.0,0.0,0.0,,,,,2020-09-14T21:05:00,,,,0,,,,,,,,,,,,,,,,,,,
2020-09-14 23:00:00,1006.9,24.2,96,0.0,0.0,1.6,340.0,0.0,,,,,2020-09-14T22:53:00,,,,0,,,,,,,,,,,,,,,,,,,
2020-09-15 00:00:00,1006.8,23.8,96,0.0,0.0,1.3,317.0,0.0,,,,,2020-09-14T23:47:00,,,,0,,,,,,,,,,,,,,,,,,,
2020-09-15 01:00:00,1006.2,23.6,96,0.1,0.0,1.3,286.0,0.0,,,,,2020-09-15T00:03:00,,,,0,,,,,,,,,,,,,,,,,,,
2020-09-15 02:00:00,1005.7,23.3,96,0.3,329.0,1.3,346.0,0.0,,,,,2020-09-15T01:01:00,,,,0,,,,,,,,,,,,,,,,,,,
2020-09-15 03:00:00,1005.0,23.3,96,0.0,0.0,1.3,329.0,0.0,,,,,2020-09-15T02:03:00,,,,0,,,,,,,,,,,,,,,,,,,
2020-09-15 04:00:00,1004.9,23.1,97,0.0,0.0,0.8,12.0,0.0,,,,,2020-09-15T03:04:00,,,,0,,,,,,,,,,,,,,,,,,,
2020-09-15 05:00:00,1005.1,23.1,96,0.0,0.0,1.3,347.0,0.0,,,,,2020-09-15T04:38:00,,,,0,,,,,,,,,,,,,,,,,,,
2020-09-15 06:00:00,1005.3,23.0,97,0.0,0.0,1.1,338.0,0.0,,,,,2020-09-15T05:06:00,,,,0,,,,,,,,,,,,,,,,,,,
2020-09-15 07:00:00,1005.6,23.8,95,0.0,0.0,1.3,325.0,0.0,,,,,2020-09-15T06:01:00,,,,0,,,,,,,,,,,,,,,,,,,
2020-09-15 08:00:00,1006.0,25.7,89,0.0,0.0,0.8,263.0,0.0,,,,,2020-09-15T07:13:00,,,,0,,,,,,,,,,,,,,,,,,,
2020-09-15 09:00:00,1006.0,28.6,75,0.0,0.0,2.7,226.0,0.0,,,,,2020-09-15T08:48:00,,,,0,,,,,,,,,,,,,,,,,,,
2020-09-15 10:00:00,1005.8,30.4,69,0.0,0.0,1.1,218.0,0.0,,,,,2020-09-15T09:12:00,,,,0,,,,,,,,,,,,,,,,,,,
2020-09-15 11:00:00,-9999.7,-99.7,-9997,-99.7,-999.7,2.7,178.0,0.0,,,,,2020-09-15T10:45:00,,,,0,,,,,,,,,,,,,,,,,,,
2020-09-15 12:00:00,-9999.7,-99.7,-9997,-99.7,-999.7,3.0,179.0,0.0,,,,,2020-09-15T11:50:00,,,,0,,,,,,,,,,,,,,,,,,,
2020-09-15 13:00:00,1004.2,32.4,62,0.0,0.0,2.7,190.0,0.0,,,,,2020-09-15T12:37:00,,,,0,,,,,,,,,,,,,,,,,,,
2020-09-15 14:00:00,1004.0,30.6,67,0.1,0.0,3.0,166.0,0.0,,,,,2020-09-15T13:01:00,,,,0,,,,,,,,,,,,,,,,,,,
2020-09-15 15:00:00,1003.9,30.3,70,0.0,0.0,3.0,161.0,0.0,,,,,2020-09-15T14:20:00,,,,0,,,,,,,,,,,,,,,,,,,
2020-09-15 16:00:00,1004.1,29.6,72,0.0,0.0,2.2,170.0,0.0,,,,,2020-09-15T15:25:00,,,,0,,,,,,,,,,,,,,,,,,,
2020-09-15 17:00:00,1004.3,29.2,75,0.0,0.0,1.9,174.0,0.0,,,,,2020-09-15T16:45:00,,,,0,,,,,,,,,,,,,,,,,,,
2020-09-15 18:00:00,1004.8,28.0,84,0.0,0.0,0.8,158.0,0.0,,,,,2020-09-15T17:02:00,,,,0,,,,,,,,,,,,,,,,,,,
2020-09-15 19:00:00,1005.4,27.0,90,0.0,0.0,0.8,323.0,0.0,,,,,2020-09-15T18:56:00,,,,0,,,,,,,,,,,,,,,,,,,
2020-09-15 20:00:00,1006.0,26.4,92,0.0,0.0,1.3,325.0,0.0,,,,,2020-09-15T19:22:00,,,,0,,,,,,,,,,,,,,,,,,,
2020-09-15 21:00:00,1006.6,26.1,93,0.0,0.0,1.3,335.0,0.0,,,,,2020-09-15T20:05:00,,,,0,,,,,,,,,,,,,,,,,,,
2020-09-15 22:00:00,1006.3,25.6,94,0.2,0.0,1.3,324.0,0.0,,,,,2020-09-15T21:02:00,,,,0,,,,,,,,,,,,,,,,,,,
2020-09-15 23:00:00,1006.0,25.2,95,0.0,0.0,1.6,324.0,0.0,,,,,2020-09-15T22:25:00,,,,0,,,,,,,,,,,,,,,,,,,
2020-09-16 00:00:00,1005.7,25.0,95,0.0,0.0,1.3,348.0,0.0,,,,,2020-09-15T23:10:00,,,,0,,,,,,,,,,,,,,,,,,,
2020-09-16 01:00:00,1005.2,24.7,95,0.0,0.0,1.6,326.0,0.0,,,,,2020-09-16T00:09:00,,,,0,,,,,,,,,,,,,,,,,,,
2020-09-16 02:00:00,1005.0,24.4,96,0.0,0.0,1.3,300.0,0.0,,,,,2020-09-16T01:11:00,,,,0,,,,,,,,,,,,,,,,,,,
2020-09-16 03:00:00,1004.5,24.1,96,0.0,0.0,1.9,340.0,0.0,,,,,2020-09-16T02:04:00,,,,0,,,,,,,,,,,,,,,,,,,
2020-09-16 04:00:00,1004.3,24.0,96,0.0,0.0,0.0,0.0,0.0,,,,,2020-09-16T03:05:00,,,,0,,,,,,,,,,,,,,,,,,,
2020-09-16 05:00:00,1004.4,23.7,96,0.0,0.0,0.8,340.0,0.0,,,,,2020-09-16T04:04:00,,,,0,,,,,,,,,,,,,,,,,,,
2020-09-16 06:00:00,1004.9,23.5,96,0.0,0.0,0.8,329.0,0.0,,,,,2020-09-16T05:20:00,,,,0,,,,,,,,,,,,,,,,,,,
2020-09-16 07:00:00,1005.4,24.1,94,0.0,0.0,0.8,327.0,0.0,,,,,2020-09-16T06:33:00,,,,0,,,,,,,,,,,,,,,,,,,
2020-09-16 08:00:00,1005.4,26.8,85,0.0,0.0,1.1,318.0,0.0,,,,,2020-09-16T07:49:00,,,,0,,,,,,,,,,,,,,,,,,,
2020-09-16 09:00:00,1005.2,30.2,72,0.0,0.0,1.9,189.0,0.0,,,,,2020-09-16T08:34:00,,,,0,,,,,,,,,,,,,,,,,,,
2020-09-16 10:00:00,1004.8,31.4,61,0.9,148.0,5.5,183.0,0.0,,,,,2020-09-16T09:46:00,,,,0,,,,,,,,,,,,,,,,,,,
2020-09-16 11:00:00,1004.6,32.2,64,0.4,166.0,4.1,176.0,0.0,,,,,2020-09-16T10:30:00,,,,0,,,,,,,,,,,,,,,,,,,
2020-09-16 12:00:00,1004.2,32.2,64,0.5,157.0,4.1,165.0,0.0,,,,,2020-09-16T11:17:00,,,,0,,,,,,,,,,,,,,,,,,,
2020-09-16 13:00:00,1004.3,32.0,65,0.1,0.0,3.0,174.0,0.0,,,,,2020-09-16T12:15:00,,,,0,,,,,,,,,,,,,,,,,,,
2020-09-16 14:00:00,1004.2,31.8,63,0.9,164.0,4.9,173.0,0.0,,,,,2020-09-16T13:43:00,,,,0,,,,,,,,,,,,,,,,,,,
2020-09-16 15:00:00,1003.9,30.5,69,0.4,164.0,4.9,179.0,0.0,,,,,2020-09-16T14:51:00,,,,0,,,,,,,,,,,,,,,,,,,
2020-09-16 16:00:00,1003.9,29.9,73,1.0,169.0,5.5,164.0,0.0,,,,,2020-09-16T15:55:00,,,,0,,,,,,,,,,,,,,,,,,,
2020-09-16 17:00:00,1003.9,29.7,75,0.2,0.0,3.0,168.0,0.0,,,,,2020-09-16T16:05:00,,,,0,,,,,,,,,,,,,,,,,,,
2020-09-16 18:00:00,1004.2,28.7,79,0.3,126.0,4.1,154.0,0.0,,,,,2020-09-16T17:06:00,,,,0,,,,,,,,,,,,,,,,,,,
2020-09-16 19:00:00,1004.5,28.8,73,0.0,0.0,3.5,215.0,0.0,,,,,2020-09-16T18:25:00,,,,0,,,,,,,,,,,,,,,,,,,
2020-09-16 20:00:00,1005.1,28.5,76,0.6,162.0,3.0,167.0,0.0,,,,,2020-09-16T19:58:00,,,,0,,,,,,,,,,,,,,,,,,,
2020-09-16 21:00:00,1005.7,28.4,78,0.7,154.0,3.8,166.0,0.0,,,,,2020-09-16T20:58:00,,,,0,,,,,,,,,,,,,,,,,,,
2020-09-16 22:00:00,1005.8,27.9,78,0.3,286.0,3.0,352.0,0.0,,,,,2020-09-16T21:31:00,,,,0,,,,,,,,,,,,,,,,,,,
2020-09-16 23:00:00,1005.3,28.2,78,0.5,11.0,3.0,245.0,0.0,,,,,2020-09-16T22:26:00,,,,0,,,,,,,,,,,,,,,,,,,
2020-09-17 00:00:00,1005.0,28.2,78,0.3,284.0,2.7,106.0,0.0,,,,,2020-09-16T23:04:00,,,,0,,,,,,,,,,,,,,,,,,,
2020-09-17 01:00:00,1004.4,27.9,79,0.3,27.0,4.1,349.0,0.0,,,,,2020-09-17T00:17:00,,,,0,,,,,,,,,,,,,,,,,,,
2020-09-17 02:00:00,1004.3,27.4,80,0.3,85.0,3.0,346.0,0.0,,,,,2020-09-17T01:29:00,,,,0,,,,,,,,,,,,,,,,,,,
2020-09-17 03:00:00,1004.0,27.4,80,0.1,0.0,3.3,157.0,0.0,,,,,2020-09-17T02:04:00,,,,0,,,,,,,,,,,,,,,,,,,
2020-09-17 04:00:00,1003.8,26.5,84,0.2,0.0,3.0,245.0,0.0,,,,,2020-09-17T04:00:00,,,,0,,,,,,,,,,,,,,,,,,,
2020-09-17 05:00:00,1003.4,26.8,81,0.1,0.0,3.0,124.0,0.0,,,,,2020-09-17T04:27:00,,,,0,,,,,,,,,,,,,,,,,,,
2020-09-17 06:00:00,1003.6,27.5,78,0.2,0.0,3.3,106.0,0.0,,,,,2020-09-17T05:01:00,,,,0,,,,,,,,,,,,,,,,,,,
2020-09-17 07:00:00,1004.0,28.1,75,0.0,0.0,3.5,127.0,0.0,,,,,2020-09-17T06:49:00,,,,0,,,,,,,,,,,,,,,,,,,
2020-09-17 08:00:00,1004.3,28.1,75,0.0,0.0,4.9,106.0,0.0,,,,,2020-09-17T07:06:00,,,,0,,,,,,,,,,,,,,,,,,,
2020-09-17 09:00:00,1004.4,30.2,64,0.4,184.0,3.0,254.0,0.0,,,,,2020-09-17T08:14:00,,,,0,,,,,,,,,,,,,,,,,,,
2020-09-17 10:00:00,1004.3,31.3,60,0.4,154.0,3.3,164.0,0.0,,,,,2020-09-17T09:55:00,,,,0,,,,,,,,,,,,,,,,,,,
2020-09-17 11:00:00,1004.0,31.6,59,1.0,148.0,6.0,182.0,0.0,,,,,2020-09-17T10:39:00,,,,0,,,,,,,,,,,,,,,,,,,
2020-09-17 12:00:00,1003.7,31.4,63,1.4,143.0,6.0,161.0,0.0,,,,,2020-09-17T11:46:00,,,,0,,,,,,,,,,,,,,,,,,,
2020-09-17 13:00:00,-9999.7,-99.7,-9997,-99.7,-999.7,4.9,175.0,0.0,,,,,2020-09-17T12:11:00,,,,0,,,,,,,,,,,,,,,,,,,
2020-09-17 14:00:00,1002.6,31.6,68,0.8,140.0,7.1,161.0,0.0,,,,,2020-09-17T13:16:00,,,,0,,,,,,,,,,,,,,,,,,,
2020-09-17 15:00:00,1002.7,31.1,70,1.0,159.0,6.0,170.0,0.0,,,,,2020-09-17T14:55:00,,,,0,,,,,,,,,,,,,,,,,,,
2020-09-17 16:00:00,1003.0,30.3,73,0.2,0.0,4.9,169.0,0.0,,,,,2020-09-17T15:03:00,,,,0,,,,,,,,,,,,,,,,,,,
2020-09-17 17:00:00,1003.3,29.7,76,0.3,140.0,3.8,179.0,0.0,,,,,2020-09-17T16:04:00,,,,0,,,,,,,,,,,,,,,,,,,
2020-09-17 18:00:00,1003.7,29.0,79,0.0,0.0,3.0,169.0,0.0,,,,,2020-09-17T17:16:00,,,,0,,,,,,,,,,,,,,,,,,,
2020-09-17 19:00:00,1004.3,28.6,80,0.6,307.0,3.0,172.0,0.0,,,,,2020-09-17T18:25:00,,,,0,,,,,,,,,,,,,,,,,,,
2020-09-17 20:00:00,1005.1,28.7,80,0.0,0.0,2.4,349.0,0.0,,,,,2020-09-17T19:30:00,,,,0,,,,,,,,,,,,,,,,,,,
2020-09-17 21:00:00,1005.5,26.6,90,0.0,0.0,2.7,46.0,0.0,,,,,2020-09-17T20:37:00,,,,0,,,,,,,,,,,,,,,,,,,
2020-09-17 22:00:00,1005.7,26.2,92,0.3,321.0,2.2,349.0,0.0,,,,,2020-09-17T21:49:00,,,,0,,,,,,,,,,,,,,,,,,,
2020-09-17 23:00:00,1005.8,25.6,93,0.0,0.0,1.9,322.0,0.0,,,,,2020-09-17T22:09:00,,,,0,,,,,,,,,,,,,,,,,,,
2020-09-18 00:00:00,1005.8,25.5,94,0.0,0.0,2.4,321.0,0.0,,,,,2020-09-17T23:49:00,,,,0,,,,,,,,,,,,,,,,,,,
2020-09-18 01:00:00,1005.7,25.2,94,0.0,0.0,1.3,337.0,0.0,,,,,2020-09-18T00:10:00,,,,0,,,,,,,,,,,,,,,,,,,
2020-09-18 02:00:00,1005.9,24.7,95,0.0,0.0,1.3,331.0,0.0,,,,,2020-09-18T01:01:00,,,,0,,,,,,,,,,,,,,,,,,,
2020-09-18 03:00:00,1006.0,24.5,95,0.0,0.0,1.6,349.0,0.0,,,,,2020-09-18T02:30:00,,,,0,,,,,,,,,,,,,,,,,,,
2020-09-18 04:00:00,1006.1,24.5,95,0.0,0.0,0.8,308.0,0.0,,,,,2020-09-18T03:28:00,,,,0,,,,,,,,,,,,,,,,,,,
2020-09-18 05:00:00,1006.4,24.1,95,0.0,0.0,0.0,0.0,0.0,,,,,2020-09-18T04:05:00,,,,0,,,,,,,,,,,,,,,,,,,
2020-09-18 06:00:00,1006.8,23.9,96,0.0,0.0,0.8,310.0,0.0,,,,,2020-09-18T05:55:00,,,,0,,,,,,,,,,,,,,,,,,,
2020-09-18 07:00:00,1007.3,24.5,94,0.0,0.0,1.3,323.0,0.0,,,,,2020-09-18T06:07:00,,,,0,,,,,,,,,,,,,,,,,,,
2020-09-18 08:00:00,1007.7,26.8,87,0.0,0.0,0.8,326.0,0.0,,,,,2020-09-18T07:17:00,,,,0,,,,,,,,,,,,,,,,,,,
2020-09-18 09:00:00,1007.9,30.2,73,0.0,0.0,1.3,202.0,0.0,,,,,2020-09-18T08:53:00,,,,0,,,,,,,,,,,,,,,,,,,
2020-09-18 10:00:00,1007.5,32.1,71,0.0,0.0,2.2,176.0,0.0,,,,,2020-09-18T09:19:00,,,,0,,,,,,,,,,,,,,,,,,,
2020-09-18 11:00:00,1007.3,32.8,67,0.4,187.0,1.9,186.0,0.0,,,,,2020-09-18T10:54:00,,,,0,,,,,,,,,,,,,,,,,,,
2020-09-18 12:00:00,1006.9,33.0,66,0.5,178.0,4.9,163.0,0.0,,,,,2020-09-18T11:49:00,,,,0,,,,,,,,,,,,,,,,,,,
2020-09-18 13:00:00,1006.9,30.3,75,1.2,168.0,5.5,172.0,0.0,,,,,2020-09-18T12:45:00,,,,0,,,,,,,,,,,,,,,,,,,
2020-09-18 14:00:00,1006.7,30.8,74,0.0,0.0,4.9,178.0,0.0,,,,,2020-09-18T13:06:00,,,,0,,,,,,,,,,,,,,,,,,,
2020-09-18 15:00:00,1006.6,30.3,78,0.0,0.0,2.4,195.0,0.0,,,,,2020-09-18T14:16:00,,,,0,,,,,,,,,,,,,,,,,,,
2020-09-18 16:00:00,1006.6,30.4,77,0.0,0.0,1.6,163.0,0.0,,,,,2020-09-18T15:02:00,,,,0,,,,,,,,,,,,,,,,,,,
2020-09-18 17:00:00,1007.0,29.1,82,0.0,0.0,0.8,209.0,0.0,,,,,2020-09-18T16:01:00,,,,0,,,,,,,,,,,,,,,,,,,
2020-09-18 18:00:00,1007.6,27.7,88,0.0,0.0,0.8,328.0,0.0,,,,,2020-09-18T17:50:00,,,,0,,,,,,,,,,,,,,,,,,,
2020-09-18 19:00:00,1008.3,26.7,89,0.0,0.0,1.1,349.0,0.0,,,,,2020-09-18T18:14:00,,,,0,,,,,,,,,,,,,,,,,,,
2020-09-18 20:00:00,1009.0,26.2,90,0.0,0.0,1.3,350.0,0.0,,,,,2020-09-18T19:21:00,,,,0,,,,,,,,,,,,,,,,,,,
2020-09-18 21:00:00,1009.4,25.8,92,0.0,0.0,0.0,0.0,0.0,,,,,2020-09-18T20:05:00,,,,0,,,,,,,,,,,,,,,,,,,
2020-09-18 22:00:00,1009.1,25.3,94,0.0,0.0,0.8,258.0,0.0,,,,,2020-09-18T21:11:00,,,,0,,,,,,,,,,,,,,,,,,,
2020-09-18 23:00:00,1008.8,25.1,94,0.0,0.0,0.0,0.0,0.0,,,,,2020-09-18T22:05:00,,,,0,,,,,,,,,,,,,,,,,,,
2020-09-19 00:00:00,1008.6,25.8,94,0.0,0.0,0.8,325.0,0.0,,,,,2020-09-18T23:29:00,,,,0,,,,,,,,,,,,,,,,,,,
2020-09-19 01:00:00,1008.3,26.4,91,0.0,0.0,1.3,349.0,0.0,,,,,2020-09-19T00:04:00,,,,0,,,,,,,,,,,,,,,,,,,
2020-09-19 02:00:00,1008.0,25.2,94,0.1,0.0,1.9,337.0,0.0,,,,,2020-09-19T01:13:00,,,,0,,,,,,,,,,,,,,,,,,,
2020-09-19 03:00:00,1007.9,25.1,95,0.0,0.0,1.9,339.0,0.0,,,,,2020-09-19T02:05:00,,,,0,,,,,,,,,,,,,,,,,,,
2020-09-19 04:00:00,1007.9,24.8,94,0.0,0.0,1.6,327.0,0.0,,,,,2020-09-19T03:14:00,,,,0,,,,,,,,,,,,,,,,,,,
2020-09-19 05:00:00,1007.9,24.3,96,0.0,0.0,1.3,242.0,0.0,,,,,2020-09-19T04:13:00,,,,0,,,,,,,,,,,,,,,,,,,
2020-09-19 06:00:00,1008.3,24.2,95,0.0,0.0,1.9,255.0,0.0,,,,,2020-09-19T05:02:00,,,,0,,,,,,,,,,,,,,,,,,,
2020-09-19 07:00:00,1008.7,25.3,91,0.3,325.0,1.3,313.0,0.0,,,,,2020-09-19T06:35:00,,,,0,,,,,,,,,,,,,,,,,,,
2020-09-19 08:00:00,1009.1,26.6,87,0.0,0.0,1.1,333.0,0.0,,,,,2020-09-19T07:51:00,,,,0,,,,,,,,,,,,,,,,,,,
2020-09-19 09:00:00,1009.4,28.0,84,0.2,0.0,1.9,242.0,0.0,,,,,2020-09-19T08:36:00,,,,0,,,,,,,,,,,,,,,,,,,
2020-09-19 10:00:00,1009.1,31.3,68,0.0,0.0,2.2,346.0,0.0,,,,,2020-09-19T09:44:00,,,,0,,,,,,,,,,,,,,,,,,,
2020-09-19 11:00:00,1008.4,33.3,58,0.4,311.0,4.1,311.0,0.0,,,,,2020-09-19T10:12:00,,,,0,,,,,,,,,,,,,,,,,,,
2020-09-19 12:00:00,1007.6,33.8,56,0.3,335.0,3.8,330.0,0.0,,,,,2020-09-19T11:07:00,,,,0,,,,,,,,,,,,,,,,,,,
2020-09-19 13:00:00,1007.0,32.8,64,0.0,0.0,2.4,326.0,0.0,,,,,2020-09-19T12:38:00,,,,0,,,,,,,,,,,,,,,,,,,
2020-09-19 14:00:00,1006.8,27.9,89,0.0,0.0,1.9,97.0,3.5,,,,,2020-09-19T13:51:00,,,,0,,,,,,,,,,,,,,,,,,,
2020-09-19 15:00:00,1007.1,27.4,94,0.0,0.0,0.8,294.0,0.0,,,,,2020-09-19T14:46:00,,,,0,,,,,,,,,,,,,,,,,,,
2020-09-19 16:00:00,1007.5,27.5,91,0.0,0.0,2.4,294.0,0.0,,,,,2020-09-19T15:03:00,,,,0,,,,,,,,,,,,,,,,,,,
2020-09-19 17:00:00,1007.9,27.2,93,0.0,0.0,1.3,339.0,0.0,,,,,2020-09-19T16:45:00,,,,0,,,,,,,,,,,,,,,,,,,
2020-09-19 18:00:00,-9999.7,-99.7,-9997,-99.7,-999.7,2.2,260.0,1.0,,,,,2020-09-19T17:41:00,,,,0,,,,,,,,,,,,,,,,,,,
2020-09-19 19:00:00,1008.2,24.9,96,0.0,0.0,2.2,252.0,0.5,,,,,2020-09-19T18:01:00,,,,0,,,,,,,,,,,,,,,,,,,
2020-09-19 20:00:00,1009.0,24.9,96,0.0,0.0,0.8,314.0,0.0,,,,,2020-09-19T19:40:00,,,,0,,,,,,,,,,,,,,,,,,,
2020-09-19 21:00:00,1008.9,24.8,96,0.0,0.0,0.8,311.0,0.0,,,,,2020-09-19T20:06:00,,,,0,,,,,,,,,,,,,,,,,,,
2020-09-19 22:00:00,1008.5,24.4,96,0.0,0.0,1.1,9.0,0.0,,,,,2020-09-19T21:42:00,,,,0,,,,,,,,,,,,,,,,,,,
2020-09-19 23:00:00,1008.0,24.2,97,0.0,0.0,1.3,337.0,0.0,,,,,2020-09-19T22:29:00,,,,0,,,,,,,,,,,,,,,,,,,
2020-09-20 00:00:00,1007.7,24.0,97,0.0,0.0,1.6,341.0,0.0,,,,,2020-09-19T23:04:00,,,,0,,,,,,,,,,,,,,,,,,,
2020-09-20 01:00:00,1007.4,23.7,97,0.0,0.0,1.6,349.0,0.0,,,,,2020-09-20T00:42:00,,,,0,,,,,,,,,,,,,,,,,,,
2020-09-20 02:00:00,1007.5,23.7,96,0.0,0.0,1.1,337.0,0.0,,,,,2020-09-20T01:03:00,,,,0,,,,,,,,,,,,,,,,,,,
2020-09-20 03:00:00,1007.1,23.4,97,0.0,0.0,1.9,348.0,0.0,,,,,2020-09-20T02:45:00,,,,0,,,,,,,,,,,,,,,,,,,
2020-09-20 04:00:00,1006.8,23.6,97,0.0,0.0,1.3,249.0,0.0,,,,,2020-09-20T03:34:00,,,,0,,,,,,,,,,,,,,,,,,,
2020-09-20 05:00:00,1006.9,23.7,96,0.0,0.0,0.0,0.0,0.0,,,,,2020-09-20T04:05:00,,,,0,,,,,,,,,,,,,,,,,,,
2020-09-20 06:00:00,1007.0,23.8,97,0.1,0.0,1.6,345.0,0.0,,,,,2020-09-20T05:38:00,,,,0,,,,,,,,,,,,,,,,,,,
2020-09-20 07:00:00,-9999.7,-99.7,-9997,-99.7,-999.7,,,7.0,,,,,,,,,0,,,,,,,,,,,,,,,,,,,
2020-09-20 08:00:00,1008.4,23.5,98,0.4,278.0,2.4,274.0,20.0,,,,,2020-09-20T07:56:00,,,,0,,,,,,,,,,,,,,,,,,,
2020-09-20 09:00:00,-9999.7,-99.7,-9997,-99.7,-999.7,,,17.5,,,,,,,,,0,,,,,,,,,,,,,,,,,,,
2020-09-20 10:00:00,-9999.7,-99.7,-9997,-99.7,-999.7,1.6,320.0,4.5,,,,,2020-09-20T09:16:00,,,,0,,,,,,,,,,,,,,,,,,,
2020-09-20 11:00:00,-9999.7,-99.7,-9997,-99.7,-999.7,,,2.0,,,,,,,,,0,,,,,,,,,,,,,,,,,,,
2020-09-20 12:00:00,-9999.7,-99.7,-9997,-99.7,-999.7,0.8,180.0,1.0,,,,,2020-09-20T11:29:00,,,,0,,,,,,,,,,,,,,,,,,,
2020-09-20 13:00:00,1007.5,25.7,97,0.0,0.0,1.3,64.0,2.5,,,,,2020-09-20T12:57:00,,,,0,,,,,,,,,,,,,,,,,,,
2020-09-20 14:00:00,-9999.7,-99.7,-9997,-99.7,-999.7,,,2.0,,,,,,,,,0,,,,,,,,,,,,,,,,,,,
2020-09-20 15:00:00,-9999.7,-99.7,-9997,-99.7,-999.7,,,1.0,,,,,,,,,0,,,,,,,,,,,,,,,,,,,
2020-09-20 16:00:00,-9999.7,-99.7,-9997,-99.7,-999.7,,,1.0,,,,,,,,,0,,,,,,,,,,,,,,,,,,,
2020-09-20 17:00:00,-9999.7,-99.7,-9997,-99.7,-999.7,0.8,201.0,3.0,,,,,2020-09-20T16:45:00,,,,0,,,,,,,,,,,,,,,,,,,
2020-09-20 18:00:00,-9999.7,-99.7,-9997,-99.7,-999.7,1.3,203.0,1.0,,,,,2020-09-20T17:21:00,,,,0,,,,,,,,,,,,,,,,,,,
2020-09-20 19:00:00,-9999.7,-99.7,-9997,-99.7,-999.7,,,1.5,,,,,,,,,0,,,,,,,,,,,,,,,,,,,
2020-09-20 20:00:00,-9999.7,-99.7,-9997,-99.7,-999.7,1.9,350.0,0.5,,,,,2020-09-20T19:39:00,,,,0,,,,,,,,,,,,,,,,,,,
2020-09-20 21:00:00,-9999.7,-99.7,-9997,-99.7,-999.7,1.9,344.0,0.5,,,,,2020-09-20T20:03:00,,,,0,,,,,,,,,,,,,,,,,,,
2020-09-20 22:00:00,-9999.7,-99.7,-9997,-99.7,-999.7,0.8,239.0,1.0,,,,,2020-09-20T21:04:00,,,,0,,,,,,,,,,,,,,,,,,,
2020-09-20 23:00:00,-9999.7,-99.7,-9997,-99.7,-999.7,,,0.5,,,,,,,,,0,,,,,,,,,,,,,,,,,,,
2020-09-21 00:00:00,-9999.7,-99.7,-9997,-99.7,-999.7,,,0.0,,,,,,,,,0,,,,,,,,,,,,,,,,,,,
2020-09-21 01:00:00,-9999.7,-99.7,-9997,-99.7,-999.7,,,1.0,,,,,,,,,0,,,,,,,,,,,,,,,,,,,
2020-09-21 02:00:00,1007.6,23.1,98,0.1,0.0,1.9,251.0,0.0,,,,,2020-09-21T01:59:00,,,,0,,,,,,,,,,,,,,,,,,,
2020-09-21 03:00:00,-9999.7,-99.7,-9997,-99.7,-999.7,,,0.5,,,,,,,,,0,,,,,,,,,,,,,,,,,,,
2020-09-21 04:00:00,1007.5,23.1,98,0.0,0.0,1.3,340.0,3.0,,,,,2020-09-21T03:14:00,,,,0,,,,,,,,,,,,,,,,,,,
2020-09-21 05:00:00,-9999.7,-99.7,-9997,-99.7,-999.7,1.3,271.0,3.5,,,,,2020-09-21T04:38:00,,,,0,,,,,,,,,,,,,,,,,,,
2020-09-21 06:00:00,-9999.7,-99.7,-9997,-99.7,-999.7,,,1.0,,,,,,,,,0,,,,,,,,,,,,,,,,,,,
2020-09-21 07:00:00,-9999.7,-99.7,-9997,-99.7,-999.7,0.0,0.0,0.0,,,,,2020-09-21T06:45:00,,,,0,,,,,,,,,,,,,,,,,,,
2020-09-21 08:00:00,-9999.7,-99.7,-9997,-99.7,-999.7,,,0.0,,,,,,,,,0,,,,,,,,,,,,,,,,,,,
2020-09-21 09:00:00,1008.3,23.7,98,0.8,322.0,2.4,333.0,0.5,,,,,2020-09-21T08:58:00,,,,0,,,,,,,,,,,,,,,,,,,
2020-09-21 10:00:00,-9999.7,-99.7,-9997,-99.7,-999.7,0.8,287.0,1.0,,,,,2020-09-21T09:25:00,,,,0,,,,,,,,,,,,,,,,,,,
2020-09-21 11:00:00,1008.4,24.3,97,0.0,0.0,0.8,241.0,0.0,,,,,2020-09-21T10:08:00,,,,0,,,,,,,,,,,,,,,,,,,
2020-09-21 12:00:00,-9999.7,-99.7,-9997,-99.7,-999.7,1.1,279.0,0.0,,,,,2020-09-21T11:21:00,,,,0,,,,,,,,,,,,,,,,,,,
2020-09-21 13:00:00,1007.0,25.1,90,0.0,0.0,0.8,184.0,0.0,,,,,2020-09-21T12:36:00,,,,0,,,,,,,,,,,,,,,,,,,
2020-09-21 14:00:00,1006.7,24.7,91,0.0,0.0,1.3,20.0,0.0,,,,,2020-09-21T13:17:00,,,,0,,,,,,,,,,,,,,,,,,,
2020-09-21 15:00:00,1006.4,24.7,90,0.0,0.0,1.9,188.0,0.0,,,,,2020-09-21T14:41:00,,,,0,,,,,,,,,,,,,,,,,,,
2020-09-21 16:00:00,1006.3,24.3,92,0.0,0.0,1.6,166.0,0.0,,,,,2020-09-21T15:13:00,,,,0,,,,,,,,,,,,,,,,,,,
2020-09-21 17:00:00,1006.7,24.1,93,0.0,0.0,1.1,215.0,0.0,,,,,2020-09-21T16:48:00,,,,0,,,,,,,,,,,,,,,,,,,
2020-09-21 18:00:00,1006.9,23.6,94,0.0,0.0,0.0,0.0,0.0,,,,,2020-09-21T17:05:00,,,,0,,,,,,,,,,,,,,,,,,,
2020-09-21 19:00:00,1007.2,23.3,95,0.0,0.0,0.8,321.0,0.0,,,,,2020-09-21T18:22:00,,,,0,,,,,,,,,,,,,,,,,,,
2020-09-21 20:00:00,1007.7,23.1,95,0.0,0.0,0.8,277.0,0.0,,,,,2020-09-21T19:13:00,,,,0,,,,,,,,,,,,,,,,,,,
2020-09-21 21:00:00,1008.2,22.9,95,0.0,0.0,1.3,255.0,0.0,,,,,2020-09-21T20:14:00,,,,0,,,,,,,,,,,,,,,,,,,
2020-09-21 22:00:00,1008.3,22.8,95,0.2,0.0,1.6,331.0,0.0,,,,,2020-09-21T22:00:00,,,,0,,,,,,,,,,,,,,,,,,,
2020-09-21 23:00:00,1008.1,22.6,95,0.0,0.0,1.3,334.0,0.0,,,,,2020-09-21T22:05:00,,,,0,,,,,,,,,,,,,,,,,,,
2020-09-22 00:00:00,1007.8,21.9,95,0.0,0.0,1.1,276.0,0.0,,,,,2020-09-21T23:01:00,,,,0,,,,,,,,,,,,,,,,,,,
2020-09-22 01:00:00,1007.3,21.3,95,0.1,0.0,1.9,330.0,0.0,,,,,2020-09-22T00:33:00,,,,0,,,,,,,,,,,,,,,,,,,
2020-09-22 02:00:00,1007.1,20.9,96,0.0,0.0,1.3,313.0,0.0,,,,,2020-09-22T01:29:00,,,,0,,,,,,,,,,,,,,,,,,,
2020-09-22 03:00:00,1007.0,20.6,95,0.2,0.0,1.9,350.0,0.0,,,,,2020-09-22T02:32:00,,,,0,,,,,,,,,,,,,,,,,,,
2020-09-22 04:00:00,1006.9,20.4,96,0.0,0.0,1.3,323.0,0.0,,,,,2020-09-22T03:10:00,,,,0,,,,,,,,,,,,,,,,,,,
2020-09-22 05:00:00,1006.9,20.4,95,0.0,0.0,1.3,331.0,0.0,,,,,2020-09-22T04:20:00,,,,0,,,,,,,,,,,,,,,,,,,
2020-09-22 06:00:00,1007.2,20.7,95,0.0,0.0,1.6,344.0,0.0,,,,,2020-09-22T05:02:00,,,,0,,,,,,,,,,,,,,,,,,,
2020-09-22 07:00:00,1007.5,21.1,95,0.0,0.0,1.3,333.0,0.0,,,,,2020-09-22T06:27:00,,,,0,,,,,,,,,,,,,,,,,,,
2020-09-22 08:00:00,1007.8,23.0,89,0.0,0.0,1.3,250.0,0.0,,,,,2020-09-22T07:11:00,,,,0,,,,,,,,,,,,,,,,,,,
2020-09-22 09:00:00,1008.0,26.5,67,0.2,0.0,2.7,337.0,0.0,,,,,2020-09-22T08:48:00,,,,0,,,,,,,,,,,,,,,,,,,
2020-09-22 10:00:00,1007.8,27.8,61,0.0,0.0,2.7,333.0,0.0,,,,,2020-09-22T09:17:00,,,,0,,,,,,,,,,,,,,,,,,,
2020-09-22 11:00:00,1007.3,27.6,66,0.0,0.0,2.4,185.0,0.0,,,,,2020-09-22T10:53:00,,,,0,,,,,,,,,,,,,,,,,,,
2020-09-22 12:00:00,1006.7,27.6,67,0.3,183.0,2.7,173.0,0.0,,,,,2020-09-22T11:14:00,,,,0,,,,,,,,,,,,,,,,,,,
2020-09-22 13:00:00,1006.4,27.1,70,0.0,0.0,2.4,10.0,0.0,,,,,2020-09-22T12:16:00,,,,0,,,,,,,,,,,,,,,,,,,
2020-09-22 14:00:00,1006.0,26.3,73,0.0,0.0,2.2,326.0,0.0,,,,,2020-09-22T13:37:00,,,,0,,,,,,,,,,,,,,,,,,,
2020-09-22 15:00:00,1005.7,26.2,71,0.0,0.0,2.4,341.0,0.0,,,,,2020-09-22T14:22:00,,,,0,,,,,,,,,,,,,,,,,,,
2020-09-22 16:00:00,1005.8,25.6,70,0.1,0.0,3.0,327.0,0.0,,,,,2020-09-22T15:08:00,,,,0,,,,,,,,,,,,,,,,,,,
2020-09-22 17:00:00,1005.9,24.9,74,0.0,0.0,1.1,211.0,0.0,,,,,2020-09-22T16:01:00,,,,0,,,,,,,,,,,,,,,,,,,
2020-09-22 18:00:00,1006.1,23.2,85,0.0,0.0,0.0,0.0,0.0,,,,,2020-09-22T17:05:00,,,,0,,,,,,,,,,,,,,,,,,,
2020-09-22 19:00:00,1006.6,22.1,91,0.0,0.0,0.8,352.0,0.0,,,,,2020-09-22T18:29:00,,,,0,,,,,,,,,,,,,,,,,,,
2020-09-22 20:00:00,1007.0,21.9,91,0.0,0.0,1.3,264.0,0.0,,,,,2020-09-22T19:50:00,,,,0,,,,,,,,,,,,,,,,,,,
2020-09-22 21:00:00,1007.6,21.4,92,0.0,0.0,1.9,355.0,0.0,,,,,2020-09-22T20:03:00,,,,0,,,,,,,,,,,,,,,,,,,
2020-09-22 22:00:00,1007.7,20.9,94,0.1,0.0,1.3,320.0,0.0,,,,,2020-09-22T21:07:00,,,,0,,,,,,,,,,,,,,,,,,,
2020-09-22 23:00:00,-9999.7,-99.7,-9997,-99.7,-999.7,1.6,337.0,0.0,,,,,2020-09-22T22:02:00,,,,0,,,,,,,,,,,,,,,,,,,
2020-09-23 00:00:00,1007.3,20.5,94,0.0,0.0,0.0,0.0,0.0,,,,,2020-09-22T23:55:00,,,,0,,,,,,,,,,,,,,,,,,,
2020-09-23 01:00:00,1006.9,20.3,94,0.0,0.0,0.0,0.0,0.0,,,,,2020-09-23T00:05:00,,,,0,,,,,,,,,,,,,,,,,,,
2020-09-23 02:00:00,1006.3,20.0,95,0.0,0.0,0.0,0.0,0.0,,,,,2020-09-23T01:05:00,,,,0,,,,,,,,,,,,,,,,,,,
2020-09-23 03:00:00,1006.1,19.8,96,0.0,0.0,0.0,0.0,0.0,,,,,2020-09-23T02:05:00,,,,0,,,,,,,,,,,,,,,,,,,
2020-09-23 04:00:00,1006.0,19.7,96,0.0,0.0,0.0,0.0,0.0,,,,,2020-09-23T03:05:00,,,,0,,,,,,,,,,,,,,,,,,,
2020-09-23 05:00:00,1006.1,19.7,96,0.0,0.0,0.8,333.0,0.0,,,,,2020-09-23T04:38:00,,,,0,,,,,,,,,,,,,,,,,,,
2020-09-23 06:00:00,1006.6,19.7,96,0.0,0.0,0.0,0.0,0.0,,,,,2020-09-23T05:05:00,,,,0,,,,,,,,,,,,,,,,,,,
2020-09-23 07:00:00,1006.9,20.4,94,0.0,0.0,1.3,333.0,0.0,,,,,2020-09-23T06:45:00,,,,0,,,,,,,,,,,,,,,,,,,
2020-09-23 08:00:00,1007.0,23.0,86,0.0,0.0,1.3,272.0,0.0,,,,,2020-09-23T07:38:00,,,,0,,,,,,,,,,,,,,,,,,,
2020-09-23 09:00:00,1007.0,25.9,71,0.0,0.0,1.9,171.0,0.0,,,,,2020-09-23T08:53:00,,,,0,,,,,,,,,,,,,,,,,,,
2020-09-23 10:00:00,1007.0,27.3,64,0.1,0.0,2.4,325.0,0.0,,,,,2020-09-23T09:17:00,,,,0,,,,,,,,,,,,,,,,,,,
2020-09-23 11:00:00,1006.8,29.2,60,0.0,0.0,2.4,188.0,0.0,,,,,2020-09-23T10:08:00,,,,0,,,,,,,,,,,,,,,,,,,
2020-09-23 12:00:00,1006.2,29.5,57,0.1,0.0,1.9,189.0,0.0,,,,,2020-09-23T11:16:00,,,,0,,,,,,,,,,,,,,,,,,,
2020-09-23 13:00:00,1005.6,29.5,57,0.2,0.0,2.2,321.0,0.0,,,,,2020-09-23T12:18:00,,,,0,,,,,,,,,,,,,,,,,,,
2020-09-23 14:00:00,1005.1,29.0,62,0.3,183.0,2.4,131.0,0.0,,,,,2020-09-23T13:08:00,,,,0,,,,,,,,,,,,,,,,,,,
2020-09-23 15:00:00,1005.0,28.3,63,0.0,0.0,1.9,155.0,0.0,,,,,2020-09-23T14:17:00,,,,0,,,,,,,,,,,,,,,,,,,
2020-09-23 16:00:00,1005.0,27.2,67,0.2,0.0,1.9,189.0,0.0,,,,,2020-09-23T15:30:00,,,,0,,,,,,,,,,,,,,,,,,,
2020-09-23 17:00:00,1005.3,26.1,74,0.0,0.0,2.2,192.0,0.0,,,,,2020-09-23T16:19:00,,,,0,,,,,,,,,,,,,,,,,,,
2020-09-23 18:00:00,1006.0,24.8,81,0.0,0.0,1.1,198.0,0.0,,,,,2020-09-23T17:08:00,,,,0,,,,,,,,,,,,,,,,,,,
2020-09-23 19:00:00,1006.7,23.9,87,0.0,0.0,1.1,254.0,0.0,,,,,2020-09-23T19:00:00,,,,0,,,,,,,,,,,,,,,,,,,
2020-09-23 20:00:00,1007.1,23.7,88,0.0,0.0,1.3,255.0,0.0,,,,,2020-09-23T19:01:00,,,,0,,,,,,,,,,,,,,,,,,,
2020-09-23 21:00:00,1007.7,23.3,90,0.0,0.0,0.8,314.0,0.0,,,,,2020-09-23T20:04:00,,,,0,,,,,,,,,,,,,,,,,,,
2020-09-23 22:00:00,1007.3,22.5,93,0.0,0.0,0.0,0.0,0.0,,,,,2020-09-23T21:05:00,,,,0,,,,,,,,,,,,,,,,,,,
2020-09-23 23:00:00,1007.2,22.3,94,0.0,0.0,0.0,0.0,0.0,,,,,2020-09-23T22:05:00,,,,0,,,,,,,,,,,,,,,,,,,
2020-09-24 00:00:00,1007.0,22.2,94,0.0,0.0,1.1,255.0,0.0,,,,,2020-09-23T23:02:00,,,,0,,,,,,,,,,,,,,,,,,,
2020-09-24 01:00:00,1006.4,21.9,94,0.0,0.0,0.8,352.0,0.0,,,,,2020-09-24T00:36:00,,,,0,,,,,,,,,,,,,,,,,,,
2020-09-24 02:00:00,1006.2,21.6,94,0.0,0.0,0.0,0.0,0.0,,,,,2020-09-24T01:05:00,,,,0,,,,,,,,,,,,,,,,,,,
2020-09-24 03:00:00,1005.8,21.8,94,0.0,0.0,0.8,317.0,0.0,,,,,2020-09-24T02:53:00,,,,0,,,,,,,,,,,,,,,,,,,
2020-09-24 04:00:00,1005.4,22.1,92,0.0,0.0,1.3,9.0,0.0,,,,,2020-09-24T03:16:00,,,,0,,,,,,,,,,,,,,,,,,,
2020-09-24 05:00:00,1005.6,22.3,92,0.0,0.0,1.3,332.0,0.0,,,,,2020-09-24T04:43:00,,,,0,,,,,,,,,,,,,,,,,,,
2020-09-24 06:00:00,1006.0,22.4,94,0.0,0.0,0.0,0.0,0.0,,,,,2020-09-24T05:05:00,,,,0,,,,,,,,,,,,,,,,,,,
2020-09-24 07:00:00,1006.3,22.7,94,0.0,0.0,0.0,0.0,0.0,,,,,2020-09-24T06:05:00,,,,0,,,,,,,,,,,,,,,,,,,
2020-09-24 08:00:00,1007.0,22.8,95,0.0,0.0,0.0,0.0,0.0,,,,,2020-09-24T07:05:00,,,,0,,,,,,,,,,,,,,,,,,,
2020-09-24 09:00:00,1007.5,23.1,96,0.0,0.0,0.0,0.0,0.5,,,,,2020-09-24T08:05:00,,,,0,,,,,,,,,,,,,,,,,,,
2020-09-24 10:00:00,1007.4,23.1,97,0.0,0.0,0.8,351.0,0.5,,,,,2020-09-24T09:23:00,,,,0,,,,,,,,,,,,,,,,,,,
2020-09-24 11:00:00,1007.1,23.1,97,0.0,0.0,1.3,264.0,0.5,,,,,2020-09-24T10:26:00,,,,0,,,,,,,,,,,,,,,,,,,
2020-09-24 12:00:00,1006.5,23.6,97,0.0,0.0,0.8,276.0,0.5,,,,,2020-09-24T11:05:00,,,,0,,,,,,,,,,,,,,,,,,,
2020-09-24 13:00:00,1006.2,23.6,96,0.0,0.0,0.0,0.0,0.0,,,,,2020-09-24T12:05:00,,,,0,,,,,,,,,,,,,,,,,,,
2020-09-24 14:00:00,1005.9,23.2,96,0.0,0.0,0.0,0.0,1.0,,,,,2020-09-24T13:05:00,,,,0,,,,,,,,,,,,,,,,,,,
2020-09-24 15:00:00,1005.7,23.1,96,0.0,0.0,0.0,0.0,1.0,,,,,2020-09-24T14:05:00,,,,0,,,,,,,,,,,,,,,,,,,
2020-09-24 16:00:00,1006.1,22.3,96,0.0,0.0,1.3,316.0,1.0,,,,,2020-09-24T15:18:00,,,,0,,,,,,,,,,,,,,,,,,,
2020-09-24 17:00:00,1006.2,22.3,97,0.0,0.0,1.3,179.0,0.5,,,,,2020-09-24T16:21:00,,,,0,,,,,,,,,,,,,,,,,,,
2020-09-24 18:00:00,1006.3,22.0,97,0.0,0.0,1.3,171.0,0.0,,,,,2020-09-24T17:34:00,,,,0,,,,,,,,,,,,,,,,,,,
2020-09-24 19:00:00,1006.7,21.9,97,0.0,0.0,0.8,164.0,0.0,,,,,2020-09-24T18:07:00,,,,0,,,,,,,,,,,,,,,,,,,
2020-09-24 20:00:00,1007.0,21.7,97,0.0,0.0,0.0,0.0,0.5,,,,,2020-09-24T19:05:00,,,,0,,,,,,,,,,,,,,,,,,,
2020-09-24 21:00:00,1007.2,21.9,97,0.0,0.0,0.0,0.0,0.0,,,,,2020-09-24T20:15:00,,,,0,,,,,,,,,,,,,,,,,,,
2020-09-24 22:00:00,1007.3,21.8,97,0.0,0.0,0.8,313.0,0.5,,,,,2020-09-24T21:14:00,,,,0,,,,,,,,,,,,,,,,,,,
2020-09-24 23:00:00,1007.1,21.6,97,0.0,0.0,1.3,245.0,0.5,,,,,2020-09-24T22:17:00,,,,0,,,,,,,,,,,,,,,,,,,
2020-09-25 00:00:00,1006.9,21.5,97,0.0,0.0,0.8,352.0,1.0,,,,,2020-09-24T23:51:00,,,,0,,,,,,,,,,,,,,,,,,,
2020-09-25 01:00:00,1006.4,21.3,97,0.0,0.0,1.3,274.0,0.0,,,,,2020-09-25T00:47:00,,,,0,,,,,,,,,,,,,,,,,,,
2020-09-25 02:00:00,1006.1,21.0,98,0.0,0.0,1.9,241.0,0.5,,,,,2020-09-25T01:25:00,,,,0,,,,,,,,,,,,,,,,,,,
2020-09-25 03:00:00,1005.9,20.9,97,0.0,0.0,1.6,251.0,0.0,,,,,2020-09-25T02:07:00,,,,0,,,,,,,,,,,,,,,,,,,
2020-09-25 04:00:00,1006.0,20.8,97,0.0,0.0,1.9,334.0,0.0,,,,,2020-09-25T03:04:00,,,,0,,,,,,,,,,,,,,,,,,,
2020-09-25 05:00:00,1006.2,20.5,97,0.0,0.0,2.2,243.0,0.5,,,,,2020-09-25T04:52:00,,,,0,,,,,,,,,,,,,,,,,,,
2020-09-25 06:00:00,1006.2,20.6,97,0.0,0.0,1.9,244.0,0.0,,,,,2020-09-25T05:03:00,,,,0,,,,,,,,,,,,,,,,,,,
2020-09-25 07:00:00,1006.8,20.6,97,0.0,0.0,1.9,257.0,0.0,,,,,2020-09-25T06:29:00,,,,0,,,,,,,,,,,,,,,,,,,
2020-09-25 08:00:00,1007.0,20.9,97,0.1,0.0,1.9,261.0,0.0,,,,,2020-09-25T07:19:00,,,,0,,,,,,,,,,,,,,,,,,,
2020-09-25 09:00:00,1006.7,21.2,96,0.1,0.0,1.9,251.0,0.0,,,,,2020-09-25T08:06:00,,,,0,,,,,,,,,,,,,,,,,,,
2020-09-25 10:00:00,1007.0,22.0,95,0.0,0.0,1.6,270.0,0.0,,,,,2020-09-25T09:27:00,,,,0,,,,,,,,,,,,,,,,,,,
2020-09-25 11:00:00,1006.7,22.4,95,0.0,0.0,1.6,248.0,0.0,,,,,2020-09-25T10:33:00,,,,0,,,,,,,,,,,,,,,,,,,
2020-09-25 12:00:00,1006.5,23.4,89,0.0,0.0,1.9,223.0,0.0,,,,,2020-09-25T11:41:00,,,,0,,,,,,,,,,,,,,,,,,,
2020-09-25 13:00:00,1005.9,24.7,82,0.0,0.0,1.3,341.0,0.0,,,,,2020-09-25T12:02:00,,,,0,,,,,,,,,,,,,,,,,,,
2020-09-25 14:00:00,1005.3,23.3,90,0.0,0.0,0.8,235.0,0.0,,,,,2020-09-25T13:25:00,,,,0,,,,,,,,,,,,,,,,,,,
2020-09-25 15:00:00,1005.1,23.5,90,0.7,324.0,3.0,328.0,0.0,,,,,2020-09-25T14:56:00,,,,0,,,,,,,,,,,,,,,,,,,
2020-09-25 16:00:00,1005.2,23.9,88,0.0,0.0,0.8,284.0,0.0,,,,,2020-09-25T15:01:00,,,,0,,,,,,,,,,,,,,,,,,,
2020-09-25 17:00:00,1005.3,23.0,94,0.1,0.0,1.3,303.0,0.0,,,,,2020-09-25T16:22:00,,,,0,,,,,,,,,,,,,,,,,,,
2020-09-25 18:00:00,1005.9,22.5,96,0.1,0.0,2.4,259.0,0.0,,,,,2020-09-25T17:19:00,,,,0,,,,,,,,,,,,,,,,,,,
2020-09-25 19:00:00,1006.4,22.3,96,0.0,0.0,2.4,334.0,0.0,,,,,2020-09-25T18:47:00,,,,0,,,,,,,,,,,,,,,,,,,
2020-09-25 20:00:00,1006.9,22.2,96,0.0,0.0,1.9,327.0,0.0,,,,,2020-09-25T19:17:00,,,,0,,,,,,,,,,,,,,,,,,,
2020-09-25 21:00:00,1007.2,22.2,96,0.0,0.0,1.3,267.0,0.0,,,,,2020-09-25T20:33:00,,,,0,,,,,,,,,,,,,,,,,,,
2020-09-25 22:00:00,1007.4,22.1,97,0.0,0.0,1.9,277.0,0.0,,,,,2020-09-25T21:22:00,,,,0,,,,,,,,,,,,,,,,,,,
2020-09-25 23:00:00,1007.0,22.1,96,0.0,0.0,1.6,265.0,0.0,,,,,2020-09-25T22:19:00,,,,0,,,,,,,,,,,,,,,,,,,
2020-09-26 00:00:00,1007.0,22.0,96,0.0,0.0,0.8,332.0,0.0,,,,,2020-09-25T23:28:00,,,,0,,,,,,,,,,,,,,,,,,,
2020-09-26 01:00:00,1006.6,22.0,96,0.0,0.0,1.3,341.0,0.0,,,,,2020-09-26T00:53:00,,,,0,,,,,,,,,,,,,,,,,,,
2020-09-26 02:00:00,1005.8,22.0,96,0.0,0.0,0.8,342.0,0.0,,,,,2020-09-26T01:06:00,,,,0,,,,,,,,,,,,,,,,,,,
2020-09-26 03:00:00,1005.6,21.8,97,0.5,258.0,2.7,251.0,1.0,,,,,2020-09-26T02:54:00,,,,0,,,,,,,,,,,,,,,,,,,
2020-09-26 04:00:00,1005.2,21.5,97,0.1,0.0,3.0,242.0,0.5,,,,,2020-09-26T03:09:00,,,,0,,,,,,,,,,,,,,,,,,,
2020-09-26 05:00:00,1005.5,21.2,98,0.2,0.0,2.7,290.0,0.0,,,,,2020-09-26T04:04:00,,,,0,,,,,,,,,,,,,,,,,,,
2020-09-26 06:00:00,1006.1,21.4,98,0.1,0.0,1.9,274.0,0.0,,,,,2020-09-26T05:19:00,,,,0,,,,,,,,,,,,,,,,,,,
2020-09-26 07:00:00,1006.6,21.6,98,0.0,0.0,2.2,256.0,0.0,,,,,2020-09-26T06:07:00,,,,0,,,,,,,,,,,,,,,,,,,
2020-09-26 08:00:00,1007.3,21.6,98,0.3,282.0,3.0,249.0,4.0,,,,,2020-09-26T07:34:00,,,,0,,,,,,,,,,,,,,,,,,,
2020-09-26 09:00:00,1007.9,21.7,98,0.1,0.0,2.7,238.0,2.0,,,,,2020-09-26T08:18:00,,,,0,,,,,,,,,,,,,,,,,,,
2020-09-26 10:00:00,1008.1,21.9,98,0.0,0.0,1.9,285.0,0.0,,,,,2020-09-26T09:09:00,,,,0,,,,,,,,,,,,,,,,,,,
2020-09-26 11:00:00,1007.9,22.2,98,0.0,0.0,1.9,255.0,0.0,,,,,2020-09-26T10:44:00,,,,0,,,,,,,,,,,,,,,,,,,
2020-09-26 12:00:00,1007.5,22.7,96,0.0,0.0,1.9,347.0,0.0,,,,,2020-09-26T11:04:00,,,,0,,,,,,,,,,,,,,,,,,,
2020-09-26 13:00:00,1006.9,22.8,94,0.2,0.0,2.2,252.0,0.0,,,,,2020-09-26T12:27:00,,,,0,,,,,,,,,,,,,,,,,,,
2020-09-26 14:00:00,1006.1,24.0,88,0.0,0.0,1.9,310.0,0.0,,,,,2020-09-26T13:23:00,,,,0,,,,,,,,,,,,,,,,,,,
2020-09-26 15:00:00,1005.9,24.4,85,0.0,0.0,1.9,246.0,0.0,,,,,2020-09-26T14:02:00,,,,0,,,,,,,,,,,,,,,,,,,
2020-09-26 16:00:00,1006.2,23.3,91,0.0,0.0,0.8,250.0,0.0,,,,,2020-09-26T15:07:00,,,,0,,,,,,,,,,,,,,,,,,,
2020-09-26 17:00:00,1007.2,22.7,88,0.0,0.0,3.0,327.0,0.0,,,,,2020-09-26T16:48:00,,,,0,,,,,,,,,,,,,,,,,,,
2020-09-26 18:00:00,1007.4,21.8,94,0.0,0.0,1.9,256.0,0.0,,,,,2020-09-26T17:19:00,,,,0,,,,,,,,,,,,,,,,,,,
2020-09-26 19:00:00,1007.7,21.5,95,0.1,0.0,2.2,256.0,0.0,,,,,2020-09-26T18:33:00,,,,0,,,,,,,,,,,,,,,,,,,
2020-09-26 20:00:00,1008.2,21.4,96,0.1,0.0,1.9,349.0,0.5,,,,,2020-09-26T19:55:00,,,,0,,,,,,,,,,,,,,,,,,,
2020-09-26 21:00:00,1008.8,21.3,96,0.0,0.0,1.9,306.0,0.0,,,,,2020-09-26T20:04:00,,,,0,,,,,,,,,,,,,,,,,,,
2020-09-26 22:00:00,1009.1,21.0,97,0.5,360.0,2.4,355.0,2.5,,,,,2020-09-26T22:00:00,,,,0,,,,,,,,,,,,,,,,,,,
2020-09-26 23:00:00,1008.9,20.7,97,0.0,0.0,1.9,353.0,0.5,,,,,2020-09-26T22:01:00,,,,0,,,,,,,,,,,,,,,,,,,
2020-09-27 00:00:00,1008.7,20.7,97,0.1,0.0,1.3,255.0,0.5,,,,,2020-09-26T23:41:00,,,,0,,,,,,,,,,,,,,,,,,,
2020-09-27 01:00:00,1008.4,20.4,97,0.0,0.0,1.1,260.0,0.5,,,,,2020-09-27T00:01:00,,,,0,,,,,,,,,,,,,,,,,,,
2020-09-27 02:00:00,1007.9,20.1,97,0.0,0.0,0.8,173.0,0.5,,,,,2020-09-27T01:15:00,,,,0,,,,,,,,,,,,,,,,,,,
2020-09-27 03:00:00,1007.7,20.2,97,0.0,0.0,1.3,242.0,0.0,,,,,2020-09-27T02:38:00,,,,0,,,,,,,,,,,,,,,,,,,
2020-09-27 04:00:00,-9999.7,-99.7,-9997,-99.7,-999.7,1.3,261.0,0.0,,,,,2020-09-27T03:14:00,,,,0,,,,,,,,,,,,,,,,,,,
2020-09-27 05:00:00,1007.5,20.0,98,0.0,0.0,1.9,273.0,0.5,,,,,2020-09-27T04:51:00,,,,0,,,,,,,,,,,,,,,,,,,
2020-09-27 06:00:00,1008.0,20.0,98,0.0,0.0,1.3,292.0,0.0,,,,,2020-09-27T05:03:00,,,,0,,,,,,,,,,,,,,,,,,,
2020-09-27 07:00:00,1008.7,20.0,98,0.0,0.0,1.6,242.0,1.5,,,,,2020-09-27T06:08:00,,,,0,,,,,,,,,,,,,,,,,,,
2020-09-27 08:00:00,1009.5,20.1,98,0.0,0.0,0.0,0.0,3.0,,,,,2020-09-27T07:05:00,,,,0,,,,,,,,,,,,,,,,,,,
2020-09-27 09:00:00,1009.6,20.5,98,0.0,0.0,0.8,272.0,1.5,,,,,2020-09-27T08:50:00,,,,0,,,,,,,,,,,,,,,,,,,
2020-09-27 10:00:00,1009.5,20.5,98,0.0,0.0,1.3,254.0,2.0,,,,,2020-09-27T09:18:00,,,,0,,,,,,,,,,,,,,,,,,,
2020-09-27 11:00:00,1009.5,20.8,97,0.0,0.0,1.3,292.0,2.0,,,,,2020-09-27T10:55:00,,,,0,,,,,,,,,,,,,,,,,,,
2020-09-27 12:00:00,1008.6,20.9,97,0.0,0.0,1.3,355.0,3.0,,,,,2020-09-27T11:01:00,,,,0,,,,,,,,,,,,,,,,,,,
2020-09-27 13:00:00,1007.9,21.1,97,0.0,0.0,0.8,273.0,2.0,,,,,2020-09-27T12:45:00,,,,0,,,,,,,,,,,,,,,,,,,
2020-09-27 14:00:00,1007.2,21.2,97,0.0,0.0,0.8,176.0,2.5,,,,,2020-09-27T13:27:00,,,,0,,,,,,,,,,,,,,,,,,,
2020-09-27 15:00:00,1007.0,21.4,97,0.0,0.0,0.0,0.0,2.0,,,,,2020-09-27T14:05:00,,,,0,,,,,,,,,,,,,,,,,,,
2020-09-27 16:00:00,1007.1,21.2,97,0.0,0.0,0.8,171.0,1.5,,,,,2020-09-27T15:12:00,,,,0,,,,,,,,,,,,,,,,,,,
2020-09-27 17:00:00,1007.4,21.1,97,0.0,0.0,0.8,267.0,1.5,,,,,2020-09-27T16:56:00,,,,0,,,,,,,,,,,,,,,,,,,
2020-09-27 18:00:00,1007.6,20.9,98,0.0,0.0,1.3,261.0,1.0,,,,,2020-09-27T17:18:00,,,,0,,,,,,,,,,,,,,,,,,,
2020-09-27 19:00:00,1008.1,20.8,98,0.0,0.0,0.8,253.0,0.0,,,,,2020-09-27T18:15:00,,,,0,,,,,,,,,,,,,,,,,,,
2020-09-27 20:00:00,1008.5,20.7,98,0.0,0.0,0.8,282.0,1.0,,,,,2020-09-27T19:09:00,,,,0,,,,,,,,,,,,,,,,,,,
2020-09-27 21:00:00,1008.9,20.7,98,0.0,0.0,0.0,0.0,3.5,,,,,2020-09-27T20:05:00,,,,0,,,,,,,,,,,,,,,,,,,
2020-09-27 22:00:00,1008.7,20.6,98,0.0,0.0,0.0,0.0,1.0,,,,,2020-09-27T21:05:00,,,,0,,,,,,,,,,,,,,,,,,,
2020-09-27 23:00:00,1008.4,20.7,98,0.0,0.0,0.0,0.0,0.5,,,,,2020-09-27T22:05:00,,,,0,,,,,,,,,,,,,,,,,,,
2020-09-28 00:00:00,1007.7,20.7,98,0.0,0.0,0.0,0.0,0.0,,,,,2020-09-27T23:05:00,,,,0,,,,,,,,,,,,,,,,,,,
2020-09-28 01:00:00,1007.2,20.7,98,0.0,0.0,0.8,343.0,0.0,,,,,2020-09-28T00:11:00,,,,0,,,,,,,,,,,,,,,,,,,
2020-09-28 02:00:00,1006.8,20.8,98,0.0,0.0,0.0,0.0,0.0,,,,,2020-09-28T01:05:00,,,,0,,,,,,,,,,,,,,,,,,,
2020-09-28 03:00:00,1006.2,20.8,98,0.0,0.0,0.0,0.0,0.0,,,,,2020-09-28T02:05:00,,,,0,,,,,,,,,,,,,,,,,,,
2020-09-28 04:00:00,1006.2,20.8,98,0.0,0.0,0.0,0.0,1.0,,,,,2020-09-28T03:05:00,,,,0,,,,,,,,,,,,,,,,,,,
2020-09-28 05:00:00,1006.5,20.9,98,0.0,0.0,0.8,273.0,1.5,,,,,2020-09-28T04:59:00,,,,0,,,,,,,,,,,,,,,,,,,
2020-09-28 06:00:00,1006.8,21.0,98,0.3,328.0,1.6,334.0,0.5,,,,,2020-09-28T05:56:00,,,,0,,,,,,,,,,,,,,,,,,,
2020-09-28 07:00:00,1007.3,21.2,98,0.0,0.0,1.3,348.0,0.5,,,,,2020-09-28T06:06:00,,,,0,,,,,,,,,,,,,,,,,,,
2020-09-28 08:00:00,1007.9,21.4,98,0.0,0.0,0.0,0.0,2.5,,,,,2020-09-28T07:05:00,,,,0,,,,,,,,,,,,,,,,,,,
2020-09-28 09:00:00,1008.3,21.6,98,0.0,0.0,3.0,328.0,4.0,,,,,2020-09-28T08:22:00,,,,0,,,,,,,,,,,,,,,,,,,
2020-09-28 10:00:00,1008.7,21.5,98,0.0,0.0,1.3,254.0,8.5,,,,,2020-09-28T09:08:00,,,,0,,,,,,,,,,,,,,,,,,,
2020-09-28 11:00:00,1008.3,21.4,98,0.0,0.0,1.9,168.0,0.5,,,,,2020-09-28T10:36:00,,,,0,,,,,,,,,,,,,,,,,,,
2020-09-28 12:00:00,1007.7,21.4,98,0.0,0.0,1.9,260.0,2.0,,,,,2020-09-28T11:37:00,,,,0,,,,,,,,,,,,,,,,,,,
2020-09-28 13:00:00,1006.8,21.6,97,0.0,0.0,1.3,281.0,1.5,,,,,2020-09-28T12:08:00,,,,0,,,,,,,,,,,,,,,,,,,
2020-09-28 14:00:00,1005.8,21.7,97,0.0,0.0,1.3,268.0,0.0,,,,,2020-09-28T13:04:00,,,,0,,,,,,,,,,,,,,,,,,,
2020-09-28 15:00:00,1005.4,21.9,97,0.0,0.0,0.0,0.0,1.5,,,,,2020-09-28T14:05:00,,,,0,,,,,,,,,,,,,,,,,,,
2020-09-28 16:00:00,1005.7,21.7,98,0.0,0.0,0.8,180.0,1.0,,,,,2020-09-28T15:31:00,,,,0,,,,,,,,,,,,,,,,,,,
2020-09-28 17:00:00,1006.0,21.5,97,0.0,0.0,0.0,0.0,1.0,,,,,2020-09-28T16:05:00,,,,0,,,,,,,,,,,,,,,,,,,
2020-09-28 18:00:00,1006.3,21.2,98,0.0,0.0,1.1,258.0,0.5,,,,,2020-09-28T17:54:00,,,,0,,,,,,,,,,,,,,,,,,,
2020-09-28 19:00:00,1006.8,21.0,98,0.0,0.0,1.9,340.0,1.5,,,,,2020-09-28T18:01:00,,,,0,,,,,,,,,,,,,,,,,,,
2020-09-28 20:00:00,1007.3,20.9,98,0.0,0.0,1.9,328.0,0.0,,,,,2020-09-28T19:27:00,,,,0,,,,,,,,,,,,,,,,,,,
2020-09-28 21:00:00,-9999.7,-99.7,-9997,-99.7,-999.7,1.6,284.0,0.5,,,,,2020-09-28T20:42:00,,,,0,,,,,,,,,,,,,,,,,,,
2020-09-28 22:00:00,1007.6,20.6,97,0.0,0.0,0.8,340.0,0.0,,,,,2020-09-28T21:22:00,,,,0,,,,,,,,,,,,,,,,,,,
2020-09-28 23:00:00,1007.3,20.8,98,0.0,0.0,0.8,18.0,0.5,,,,,2020-09-28T22:58:00,,,,0,,,,,,,,,,,,,,,,,,,
2020-09-29 00:00:00,1006.9,20.8,98,0.0,0.0,0.8,155.0,0.0,,,,,2020-09-28T23:31:00,,,,0,,,,,,,,,,,,,,,,,,,
2020-09-29 01:00:00,1006.3,20.8,98,0.0,0.0,1.3,258.0,0.0,,,,,2020-09-29T00:35:00,,,,0,,,,,,,,,,,,,,,,,,,
2020-09-29 02:00:00,1005.8,20.6,98,0.0,0.0,1.3,352.0,0.0,,,,,2020-09-29T01:22:00,,,,0,,,,,,,,,,,,,,,,,,,
2020-09-29 03:00:00,1005.8,20.6,98,0.2,0.0,2.2,259.0,1.0,,,,,2020-09-29T02:54:00,,,,0,,,,,,,,,,,,,,,,,,,
2020-09-29 04:00:00,1005.6,20.4,98,0.0,0.0,1.6,249.0,1.0,,,,,2020-09-29T03:03:00,,,,0,,,,,,,,,,,,,,,,,,,
2020-09-29 05:00:00,1005.7,20.4,98,0.3,273.0,2.4,273.0,0.5,,,,,2020-09-29T04:51:00,,,,0,,,,,,,,,,,,,,,,,,,
2020-09-29 06:00:00,1005.8,20.5,98,0.0,0.0,1.9,255.0,0.5,,,,,2020-09-29T05:18:00,,,,0,,,,,,,,,,,,,,,,,,,
2020-09-29 07:00:00,1006.1,20.7,98,0.0,0.0,1.9,294.0,0.0,,,,,2020-09-29T06:20:00,,,,0,,,,,,,,,,,,,,,,,,,
2020-09-29 08:00:00,1006.1,21.4,98,0.2,0.0,2.4,244.0,0.0,,,,,2020-09-29T07:47:00,,,,0,,,,,,,,,,,,,,,,,,,
2020-09-29 09:00:00,1006.1,22.8,96,0.0,0.0,2.2,273.0,0.0,,,,,2020-09-29T08:17:00,,,,0,,,,,,,,,,,,,,,,,,,
2020-09-29 10:00:00,1005.4,24.7,82,0.0,0.0,1.6,314.0,0.0,,,,,2020-09-29T09:05:00,,,,0,,,,,,,,,,,,,,,,,,,
2020-09-29 11:00:00,1004.9,24.9,83,0.0,0.0,0.8,215.0,0.0,,,,,2020-09-29T10:01:00,,,,0,,,,,,,,,,,,,,,,,,,
2020-09-29 12:00:00,1004.1,24.5,83,0.0,0.0,1.9,332.0,0.0,,,,,2020-09-29T11:22:00,,,,0,,,,,,,,,,,,,,,,,,,
2020-09-29 13:00:00,1003.3,24.6,80,0.0,0.0,1.9,339.0,0.0,,,,,2020-09-29T12:06:00,,,,0,,,,,,,,,,,,,,,,,,,
2020-09-29 14:00:00,1002.8,24.5,81,0.0,0.0,1.6,349.0,0.0,,,,,2020-09-29T13:31:00,,,,0,,,,,,,,,,,,,,,,,,,
2020-09-29 15:00:00,1002.3,25.4,72,0.0,0.0,1.1,159.0,0.0,,,,,2020-09-29T14:34:00,,,,0,,,,,,,,,,,,,,,,,,,
2020-09-29 16:00:00,1002.5,25.2,71,0.6,341.0,2.2,335.0,0.0,,,,,2020-09-29T15:27:00,,,,0,,,,,,,,,,,,,,,,,,,
2020-09-29 17:00:00,1002.9,23.1,87,0.0,0.0,1.3,340.0,0.0,,,,,2020-09-29T16:01:00,,,,0,,,,,,,,,,,,,,,,,,,
2020-09-29 18:00:00,1003.2,22.6,91,0.0,0.0,0.8,251.0,0.0,,,,,2020-09-29T17:30:00,,,,0,,,,,,,,,,,,,,,,,,,
2020-09-29 19:00:00,1003.8,22.1,93,0.0,0.0,1.3,314.0,0.0,,,,,2020-09-29T19:00:00,,,,0,,,,,,,,,,,,,,,,,,,
2020-09-29 20:00:00,1004.5,21.8,94,0.0,0.0,1.3,307.0,0.0,,,,,2020-09-29T19:01:00,,,,0,,,,,,,,,,,,,,,,,,,
2020-09-29 21:00:00,1004.9,21.9,93,0.0,0.0,1.9,327.0,0.0,,,,,2020-09-29T20:17:00,,,,0,,,,,,,,,,,,,,,,,,,
2020-09-29 22:00:00,1005.2,21.5,95,0.0,0.0,1.3,339.0,0.0,,,,,2020-09-29T21:32:00,,,,0,,,,,,,,,,,,,,,,,,,
2020-09-29 23:00:00,1005.0,20.8,96,0.0,0.0,1.9,262.0,0.0,,,,,2020-09-29T22:49:00,,,,0,,,,,,,,,,,,,,,,,,,
2020-09-30 00:00:00,1004.7,20.7,97,0.0,0.0,2.2,261.0,0.0,,,,,2020-09-29T23:28:00,,,,0,,,,,,,,,,,,,,,,,,,
2020-09-30 01:00:00,1004.5,20.6,97,0.0,0.0,1.3,326.0,0.0,,,,,2020-09-30T00:06:00,,,,0,,,,,,,,,,,,,,,,,,,
2020-09-30 02:00:00,1004.0,20.3,97,0.0,0.0,1.3,267.0,0.5,,,,,2020-09-30T01:25:00,,,,0,,,,,,,,,,,,,,,,,,,
2020-09-30 03:00:00,1004.0,20.1,97,0.0,0.0,1.3,242.0,1.5,,,,,2020-09-30T02:39:00,,,,0,,,,,,,,,,,,,,,,,,,
2020-09-30 04:00:00,1003.4,20.0,97,0.0,0.0,2.7,323.0,0.0,,,,,2020-09-30T03:31:00,,,,0,,,,,,,,,,,,,,,,,,,
2020-09-30 05:00:00,1003.8,19.7,97,0.0,0.0,2.4,342.0,0.0,,,,,2020-09-30T04:15:00,,,,0,,,,,,,,,,,,,,,,,,,
2020-09-30 06:00:00,1004.6,19.7,97,0.1,0.0,1.9,217.0,0.5,,,,,2020-09-30T05:17:00,,,,0,,,,,,,,,,,,,,,,,,,
2020-09-30 07:00:00,1005.4,19.5,98,0.0,0.0,2.4,255.0,0.5,,,,,2020-09-30T06:07:00,,,,0,,,,,,,,,,,,,,,,,,,
2020-09-30 08:00:00,1006.0,20.0,96,0.2,0.0,2.2,322.0,0.0,,,,,2020-09-30T07:26:00,,,,0,,,,,,,,,,,,,,,,,,,
2020-09-30 09:00:00,1006.3,21.1,94,0.3,266.0,2.4,334.0,0.0,,,,,2020-09-30T08:34:00,,,,0,,,,,,,,,,,,,,,,,,,
2020-09-30 10:00:00,1007.0,20.8,92,0.1,0.0,3.5,318.0,0.0,,,,,2020-09-30T09:17:00,,,,0,,,,,,,,,,,,,,,,,,,
2020-09-30 11:00:00,1006.3,21.4,90,0.1,0.0,3.3,334.0,0.0,,,,,2020-09-30T10:29:00,,,,0,,,,,,,,,,,,,,,,,,,
2020-09-30 12:00:00,1005.7,21.8,85,0.6,259.0,3.3,260.0,0.0,,,,,2020-09-30T11:12:00,,,,0,,,,,,,,,,,,,,,,,,,
2020-09-30 13:00:00,1005.3,21.9,84,0.8,300.0,3.5,326.0,0.0,,,,,2020-09-30T12:25:00,,,,0,,,,,,,,,,,,,,,,,,,
2020-09-30 14:00:00,1004.9,21.4,89,0.2,0.0,3.0,339.0,0.0,,,,,2020-09-30T13:37:00,,,,0,,,,,,,,,,,,,,,,,,,
2020-09-30 15:00:00,1004.7,21.5,90,0.2,0.0,2.4,250.0,0.0,,,,,2020-09-30T14:46:00,,,,0,,,,,,,,,,,,,,,,,,,
2020-09-30 16:00:00,1004.7,21.7,89,0.0,0.0,1.3,289.0,0.0,,,,,2020-09-30T15:02:00,,,,0,,,,,,,,,,,,,,,,,,,
2020-09-30 17:00:00,1005.1,21.4,92,0.1,0.0,1.9,320.0,0.0,,,,,2020-09-30T16:36:00,,,,0,,,,,,,,,,,,,,,,,,,
2020-09-30 18:00:00,1005.3,20.7,94,0.0,0.0,1.9,266.0,0.0,,,,,2020-09-30T17:44:00,,,,0,,,,,,,,,,,,,,,,,,,
2020-09-30 19:00:00,1005.6,20.4,95,0.0,0.0,1.9,259.0,0.0,,,,,2020-09-30T18:42:00,,,,0,,,,,,,,,,,,,,,,,,,
2020-09-30 20:00:00,1006.3,20.2,95,0.1,0.0,1.6,261.0,0.0,,,,,2020-09-30T19:10:00,,,,0,,,,,,,,,,,,,,,,,,,
2020-09-30 21:00:00,1007.1,19.7,96,0.2,0.0,1.6,322.0,0.0,,,,,2020-09-30T20:57:00,,,,0,,,,,,,,,,,,,,,,,,,
2020-09-30 22:00:00,1007.3,19.6,97,0.0,0.0,2.2,250.0,0.0,,,,,2020-09-30T21:46:00,,,,0,,,,,,,,,,,,,,,,,,,
2020-09-30 23:00:00,1007.1,19.7,96,0.1,0.0,2.2,293.0,0.0,,,,,2020-09-30T22:06:00,,,,0,,,,,,,,,,,,,,,,,,,
2020-10-01 00:00:00,1006.7,19.9,96,0.0,0.0,1.9,350.0,0.0,,,,,2020-09-30T23:44:00,,,,0,,,,,,,,,,,,,,,,,,,
2020-10-01 01:00:00,1006.2,20.0,96,0.0,0.0,1.9,323.0,0.0,,,,,2020-10-01T00:05:00,,,,0,,,,,,,,,,,,,,,,,,,
2020-10-01 02:00:00,1005.7,19.6,97,0.0,0.0,0.0,0.0,0.0,,,,,2020-10-01T01:05:00,,,,0,,,,,,,,,,,,,,,,,,,
2020-10-01 03:00:00,1005.3,19.4,97,0.0,0.0,1.3,310.0,0.0,,,,,2020-10-01T02:29:00,,,,0,,,,,,,,,,,,,,,,,,,
2020-10-01 04:00:00,1005.5,19.7,97,0.0,0.0,1.6,328.0,0.0,,,,,2020-10-01T03:25:00,,,,0,,,,,,,,,,,,,,,,,,,
2020-10-01 05:00:00,1005.8,19.8,97,0.0,0.0,1.6,287.0,0.0,,,,,2020-10-01T04:08:00,,,,0,,,,,,,,,,,,,,,,,,,
2020-10-01 06:00:00,1006.4,20.1,97,0.0,0.0,0.8,348.0,0.0,,,,,2020-10-01T05:25:00,,,,0,,,,,,,,,,,,,,,,,,,
2020-10-01 07:00:00,1007.2,20.6,97,0.1,0.0,1.9,338.0,0.0,,,,,2020-10-01T06:37:00,,,,0,,,,,,,,,,,,,,,,,,,
2020-10-01 08:00:00,1007.7,21.9,94,0.0,0.0,1.9,260.0,0.0,,,,,2020-10-01T07:04:00,,,,0,,,,,,,,,,,,,,,,,,,
2020-10-01 09:00:00,1008.2,23.5,87,0.0,0.0,1.3,319.0,0.0,,,,,2020-10-01T08:08:00,,,,0,,,,,,,,,,,,,,,,,,,
2020-10-01 10:00:00,1008.4,25.2,72,0.3,296.0,3.0,333.0,0.0,,,,,2020-10-01T09:50:00,,,,0,,,,,,,,,,,,,,,,,,,
2020-10-01 11:00:00,1008.1,26.1,67,0.1,0.0,3.3,320.0,0.0,,,,,2020-10-01T10:45:00,,,,0,,,,,,,,,,,,,,,,,,,
2020-10-01 12:00:00,1007.4,26.3,65,0.4,198.0,2.7,134.0,0.0,,,,,2020-10-01T11:42:00,,,,0,,,,,,,,,,,,,,,,,,,
2020-10-01 13:00:00,1006.4,26.2,66,0.2,0.0,2.7,203.0,0.0,,,,,2020-10-01T12:34:00,,,,0,,,,,,,,,,,,,,,,,,,
2020-10-01 14:00:00,1005.8,25.4,71,0.0,0.0,2.4,204.0,0.0,,,,,2020-10-01T13:10:00,,,,0,,,,,,,,,,,,,,,,,,,
2020-10-01 15:00:00,1005.4,25.0,75,0.3,190.0,1.9,215.0,0.0,,,,,2020-10-01T14:39:00,,,,0,,,,,,,,,,,,,,,,,,,
2020-10-01 16:00:00,1005.7,24.9,76,0.0,0.0,1.9,152.0,0.0,,,,,2020-10-01T15:55:00,,,,0,,,,,,,,,,,,,,,,,,,
2020-10-01 17:00:00,1005.5,24.5,78,0.0,0.0,1.9,178.0,0.0,,,,,2020-10-01T16:09:00,,,,0,,,,,,,,,,,,,,,,,,,
2020-10-01 18:00:00,1005.9,23.3,86,0.0,0.0,0.0,0.0,0.0,,,,,2020-10-01T17:05:00,,,,0,,,,,,,,,,,,,,,,,,,
2020-10-01 19:00:00,1006.6,21.9,92,0.0,0.0,0.0,0.0,0.0,,,,,2020-10-01T18:05:00,,,,0,,,,,,,,,,,,,,,,,,,
2020-10-01 20:00:00,1007.2,21.6,94,0.0,0.0,1.3,240.0,0.0,,,,,2020-10-01T19:55:00,,,,0,,,,,,,,,,,,,,,,,,,
2020-10-01 21:00:00,1007.8,20.9,94,0.0,0.0,1.3,270.0,0.0,,,,,2020-10-01T20:07:00,,,,0,,,,,,,,,,,,,,,,,,,
2020-10-01 22:00:00,1007.8,20.3,95,0.0,0.0,0.8,303.0,0.0,,,,,2020-10-01T21:24:00,,,,0,,,,,,,,,,,,,,,,,,,
2020-10-01 23:00:00,1007.7,20.0,96,0.1,0.0,1.3,332.0,0.0,,,,,2020-10-01T22:59:00,,,,0,,,,,,,,,,,,,,,,,,,
2020-10-02 00:00:00,1007.7,20.1,96,0.0,0.0,0.8,339.0,0.0,,,,,2020-10-01T23:01:00,,,,0,,,,,,,,,,,,,,,,,,,
2020-10-02 01:00:00,1007.5,20.2,96,0.0,0.0,1.1,340.0,0.0,,,,,2020-10-02T00:59:00,,,,0,,,,,,,,,,,,,,,,,,,
2020-10-02 02:00:00,1007.1,20.2,96,0.0,0.0,0.8,340.0,0.0,,,,,2020-10-02T01:01:00,,,,0,,,,,,,,,,,,,,,,,,,
2020-10-02 03:00:00,1006.9,20.2,96,0.0,0.0,0.0,0.0,0.0,,,,,2020-10-02T02:05:00,,,,0,,,,,,,,,,,,,,,,,,,
2020-10-02 04:00:00,1006.9,20.3,96,0.0,0.0,0.0,0.0,0.0,,,,,2020-10-02T03:05:00,,,,0,,,,,,,,,,,,,,,,,,,
2020-10-02 05:00:00,1007.2,20.2,96,0.0,0.0,0.0,0.0,0.0,,,,,2020-10-02T04:05:00,,,,0,,,,,,,,,,,,,,,,,,,
2020-10-02 06:00:00,1007.5,19.9,97,0.0,0.0,0.0,0.0,0.0,,,,,2020-10-02T05:05:00,,,,0,,,,,,,,,,,,,,,,,,,
2020-10-02 07:00:00,1008.0,20.4,97,0.0,0.0,1.1,340.0,0.0,,,,,2020-10-02T06:37:00,,,,0,,,,,,,,,,,,,,,,,,,
2020-10-02 08:00:00,1008.3,22.3,89,0.0,0.0,0.8,333.0,0.0,,,,,2020-10-02T07:22:00,,,,0,,,,,,,,,,,,,,,,,,,
2020-10-02 09:00:00,1008.4,26.2,75,0.0,0.0,1.3,230.0,0.0,,,,,2020-10-02T08:58:00,,,,0,,,,,,,,,,,,,,,,,,,
2020-10-02 10:00:00,1008.5,27.0,75,0.1,0.0,1.9,206.0,0.0,,,,,2020-10-02T09:10:00,,,,0,,,,,,,,,,,,,,,,,,,
2020-10-02 11:00:00,1008.3,27.3,74,0.2,0.0,1.9,188.0,0.0,,,,,2020-10-02T10:09:00,,,,0,,,,,,,,,,,,,,,,,,,
2020-10-02 12:00:00,1007.3,28.9,69,0.2,0.0,2.4,245.0,0.0,,,,,2020-10-02T11:31:00,,,,0,,,,,,,,,,,,,,,,,,,
2020-10-02 13:00:00,1006.8,27.1,76,0.1,0.0,3.0,324.0,0.0,,,,,2020-10-02T12:09:00,,,,0,,,,,,,,,,,,,,,,,,,
2020-10-02 14:00:00,1006.1,26.2,80,0.2,0.0,2.4,186.0,0.0,,,,,2020-10-02T13:22:00,,,,0,,,,,,,,,,,,,,,,,,,
2020-10-02 15:00:00,1005.7,26.0,82,0.1,0.0,2.4,172.0,0.0,,,,,2020-10-02T14:08:00,,,,0,,,,,,,,,,,,,,,,,,,
2020-10-02 16:00:00,1005.9,25.7,83,0.1,0.0,2.2,176.0,0.0,,,,,2020-10-02T15:40:00,,,,0,,,,,,,,,,,,,,,,,,,
2020-10-02 17:00:00,1006.4,25.3,83,0.0,0.0,1.6,186.0,0.0,,,,,2020-10-02T16:35:00,,,,0,,,,,,,,,,,,,,,,,,,
2020-10-02 18:00:00,1006.5,24.9,86,0.0,0.0,1.3,181.0,0.0,,,,,2020-10-02T17:29:00,,,,0,,,,,,,,,,,,,,,,,,,
2020-10-02 19:00:00,1006.9,24.1,91,0.0,0.0,1.6,172.0,0.0,,,,,2020-10-02T18:10:00,,,,0,,,,,,,,,,,,,,,,,,,
2020-10-02 20:00:00,1007.6,23.3,96,0.0,0.0,1.6,259.0,0.5,,,,,2020-10-02T19:06:00,,,,0,,,,,,,,,,,,,,,,,,,
2020-10-02 21:00:00,1008.0,23.1,96,0.0,0.0,0.8,268.0,0.0,,,,,2020-10-02T20:09:00,,,,0,,,,,,,,,,,,,,,,,,,
2020-10-02 22:00:00,1008.3,22.6,97,0.0,0.0,0.0,0.0,0.0,,,,,2020-10-02T21:05:00,,,,0,,,,,,,,,,,,,,,,,,,
2020-10-02 23:00:00,1008.3,22.3,97,0.0,0.0,0.0,0.0,0.0,,,,,2020-10-02T22:05:00,,,,0,,,,,,,,,,,,,,,,,,,
2020-10-03 00:00:00,1008.2,22.2,98,0.0,0.0,0.8,343.0,0.0,,,,,2020-10-02T23:28:00,,,,0,,,,,,,,,,,,,,,,,,,
2020-10-03 01:00:00,1007.9,22.0,98,0.0,0.0,1.3,281.0,0.0,,,,,2020-10-03T00:40:00,,,,0,,,,,,,,,,,,,,,,,,,
2020-10-03 02:00:00,1007.5,21.7,98,0.0,0.0,0.8,328.0,0.0,,,,,2020-10-03T01:08:00,,,,0,,,,,,,,,,,,,,,,,,,
2020-10-03 03:00:00,1007.3,21.3,98,0.0,0.0,0.8,322.0,0.0,,,,,2020-10-03T02:41:00,,,,0,,,,,,,,,,,,,,,,,,,
2020-10-03 04:00:00,1007.0,21.0,98,0.0,0.0,0.0,0.0,0.0,,,,,2020-10-03T03:05:00,,,,0,,,,,,,,,,,,,,,,,,,
2020-10-03 05:00:00,1007.2,20.9,98,0.0,0.0,0.8,324.0,0.5,,,,,2020-10-03T04:18:00,,,,0,,,,,,,,,,,,,,,,,,,
2020-10-03 06:00:00,1007.3,20.6,98,0.0,0.0,0.0,0.0,0.0,,,,,2020-10-03T05:05:00,,,,0,,,,,,,,,,,,,,,,,,,
2020-10-03 07:00:00,1007.6,20.9,98,0.0,0.0,0.0,0.0,0.0,,,,,2020-10-03T06:05:00,,,,0,,,,,,,,,,,,,,,,,,,
2020-10-03 08:00:00,1007.8,22.6,98,0.0,0.0,0.8,309.0,0.0,,,,,2020-10-03T07:56:00,,,,0,,,,,,,,,,,,,,,,,,,
2020-10-03 09:00:00,1008.0,26.9,82,0.2,0.0,2.2,103.0,0.0,,,,,2020-10-03T08:57:00,,,,0,,,,,,,,,,,,,,,,,,,
2020-10-03 10:00:00,1007.9,29.0,69,0.2,0.0,2.7,118.0,0.0,,,,,2020-10-03T09:17:00,,,,0,,,,,,,,,,,,,,,,,,,
2020-10-03 11:00:00,1007.2,29.9,61,0.6,168.0,3.3,171.0,0.0,,,,,2020-10-03T10:26:00,,,,0,,,,,,,,,,,,,,,,,,,
2020-10-03 12:00:00,1006.5,28.6,68,0.5,138.0,3.3,170.0,0.0,,,,,2020-10-03T11:02:00,,,,0,,,,,,,,,,,,,,,,,,,
2020-10-03 13:00:00,1005.7,29.1,68,0.5,161.0,5.5,174.0,0.0,,,,,2020-10-03T12:48:00,,,,0,,,,,,,,,,,,,,,,,,,
2020-10-03 14:00:00,1005.1,28.5,68,0.3,154.0,4.9,178.0,0.0,,,,,2020-10-03T13:07:00,,,,0,,,,,,,,,,,,,,,,,,,
2020-10-03 15:00:00,1005.0,28.2,74,0.0,0.0,3.0,175.0,0.0,,,,,2020-10-03T14:03:00,,,,0,,,,,,,,,,,,,,,,,,,
2020-10-03 16:00:00,1005.1,27.6,75,0.0,0.0,2.4,142.0,0.0,,,,,2020-10-03T15:22:00,,,,0,,,,,,,,,,,,,,,,,,,
2020-10-03 17:00:00,1005.3,26.7,79,0.0,0.0,1.9,201.0,0.0,,,,,2020-10-03T16:10:00,,,,0,,,,,,,,,,,,,,,,,,,
2020-10-03 18:00:00,1005.8,26.2,82,0.0,0.0,0.8,100.0,0.0,,,,,2020-10-03T17:01:00,,,,0,,,,,,,,,,,,,,,,,,,
2020-10-03 19:00:00,1006.3,25.3,88,0.0,0.0,0.0,0.0,0.0,,,,,2020-10-03T18:05:00,,,,0,,,,,,,,,,,,,,,,,,,
2020-10-03 20:00:00,1007.2,24.5,92,0.0,0.0,1.1,328.0,0.0,,,,,2020-10-03T19:23:00,,,,0,,,,,,,,,,,,,,,,,,,
2020-10-03 21:00:00,1007.6,24.4,94,0.0,0.0,0.0,0.0,0.0,,,,,2020-10-03T20:05:00,,,,0,,,,,,,,,,,,,,,,,,,
2020-10-03 22:00:00,1007.8,24.0,94,0.0,0.0,0.8,310.0,0.0,,,,,2020-10-03T21:43:00,,,,0,,,,,,,,,,,,,,,,,,,
2020-10-03 23:00:00,1007.9,23.6,95,0.0,0.0,0.0,0.0,0.0,,,,,2020-10-03T22:05:00,,,,0,,,,,,,,,,,,,,,,,,,
2020-10-04 00:00:00,1007.6,23.2,96,0.0,0.0,0.8,326.0,0.0,,,,,2020-10-03T23:26:00,,,,0,,,,,,,,,,,,,,,,,,,
2020-10-04 01:00:00,1007.1,23.0,96,0.0,0.0,0.0,0.0,0.0,,,,,2020-10-04T00:05:00,,,,0,,,,,,,,,,,,,,,,,,,
2020-10-04 02:00:00,-9999.7,-99.7,-9997,-99.7,-999.7,1.3,326.0,0.0,,,,,2020-10-04T01:50:00,,,,0,,,,,,,,,,,,,,,,,,,
2020-10-04 03:00:00,1006.2,22.3,97,0.0,0.0,0.8,330.0,0.0,,,,,2020-10-04T02:39:00,,,,0,,,,,,,,,,,,,,,,,,,
2020-10-04 04:00:00,1006.1,21.9,97,0.0,0.0,0.0,0.0,0.0,,,,,2020-10-04T03:05:00,,,,0,,,,,,,,,,,,,,,,,,,
2020-10-04 05:00:00,1006.1,21.5,97,0.0,0.0,0.0,0.0,0.0,,,,,2020-10-04T04:05:00,,,,0,,,,,,,,,,,,,,,,,,,
2020-10-04 06:00:00,1006.3,21.3,97,0.0,0.0,0.0,0.0,0.0,,,,,2020-10-04T05:05:00,,,,0,,,,,,,,,,,,,,,,,,,
2020-10-04 07:00:00,1006.7,21.6,97,0.0,0.0,0.8,342.0,0.0,,,,,2020-10-04T06:16:00,,,,0,,,,,,,,,,,,,,,,,,,
2020-10-04 08:00:00,1006.7,23.6,92,0.0,0.0,0.0,0.0,0.0,,,,,2020-10-04T07:05:00,,,,0,,,,,,,,,,,,,,,,,,,
2020-10-04 09:00:00,1006.3,27.9,74,0.0,0.0,1.9,163.0,0.0,,,,,2020-10-04T08:36:00,,,,0,,,,,,,,,,,,,,,,,,,
2020-10-04 10:00:00,1005.8,29.2,64,0.1,0.0,3.8,174.0,0.0,,,,,2020-10-04T09:40:00,,,,0,,,,,,,,,,,,,,,,,,,
2020-10-04 11:00:00,1004.9,30.0,61,0.4,167.0,3.0,176.0,0.0,,,,,2020-10-04T10:25:00,,,,0,,,,,,,,,,,,,,,,,,,
2020-10-04 12:00:00,1004.1,30.6,59,0.3,172.0,3.5,183.0,0.0,,,,,2020-10-04T11:59:00,,,,0,,,,,,,,,,,,,,,,,,,
2020-10-04 13:00:00,1003.4,30.7,62,0.6,192.0,3.0,216.0,0.0,,,,,2020-10-04T12:58:00,,,,0,,,,,,,,,,,,,,,,,,,
2020-10-04 14:00:00,1002.9,29.8,63,0.5,173.0,3.5,159.0,0.0,,,,,2020-10-04T13:59:00,,,,0,,,,,,,,,,,,,,,,,,,
2020-10-04 15:00:00,1002.8,29.5,66,0.1,0.0,3.3,156.0,0.0,,,,,2020-10-04T14:05:00,,,,0,,,,,,,,,,,,,,,,,,,
2020-10-04 16:00:00,1003.2,28.7,68,0.0,0.0,3.5,180.0,0.0,,,,,2020-10-04T15:24:00,,,,0,,,,,,,,,,,,,,,,,,,
2020-10-04 17:00:00,1003.8,27.4,72,0.3,167.0,2.4,168.0,0.0,,,,,2020-10-04T16:40:00,,,,0,,,,,,,,,,,,,,,,,,,
2020-10-04 18:00:00,1004.4,25.6,84,0.0,0.0,2.7,156.0,0.0,,,,,2020-10-04T17:10:00,,,,0,,,,,,,,,,,,,,,,,,,
2020-10-04 19:00:00,1005.6,24.1,91,0.0,0.0,0.0,0.0,0.0,,,,,2020-10-04T18:05:00,,,,0,,,,,,,,,,,,,,,,,,,
2020-10-04 20:00:00,1006.7,23.5,93,0.0,0.0,0.0,0.0,0.0,,,,,2020-10-04T19:05:00,,,,0,,,,,,,,,,,,,,,,,,,
2020-10-04 21:00:00,1007.4,23.2,94,0.0,0.0,1.3,297.0,0.0,,,,,2020-10-04T20:48:00,,,,0,,,,,,,,,,,,,,,,,,,
2020-10-04 22:00:00,1008.0,23.0,94,0.0,0.0,0.0,0.0,0.0,,,,,2020-10-04T21:05:00,,,,0,,,,,,,,,,,,,,,,,,,
2020-10-04 23:00:00,1007.8,22.6,95,0.0,0.0,0.0,0.0,0.0,,,,,2020-10-04T22:05:00,,,,0,,,,,,,,,,,,,,,,,,,
2020-10-05 00:00:00,1007.5,22.2,96,0.0,0.0,0.0,0.0,0.0,,,,,2020-10-04T23:05:00,,,,0,,,,,,,,,,,,,,,,,,,
2020-10-05 01:00:00,1007.3,22.0,95,0.0,0.0,0.8,319.0,0.0,,,,,2020-10-05T01:00:00,,,,0,,,,,,,,,,,,,,,,,,,
2020-10-05 02:00:00,1007.2,22.3,95,0.0,0.0,1.3,324.0,0.0,,,,,2020-10-05T01:09:00,,,,0,,,,,,,,,,,,,,,,,,,
2020-10-05 03:00:00,1007.5,22.6,95,0.0,0.0,1.3,285.0,0.0,,,,,2020-10-05T02:34:00,,,,0,,,,,,,,,,,,,,,,,,,
2020-10-05 04:00:00,1007.8,22.3,96,0.0,0.0,0.0,0.0,0.0,,,,,2020-10-05T03:05:00,,,,0,,,,,,,,,,,,,,,,,,,
2020-10-05 05:00:00,1007.8,21.6,97,0.2,0.0,2.4,263.0,2.0,,,,,2020-10-05T04:46:00,,,,0,,,,,,,,,,,,,,,,,,,
2020-10-05 06:00:00,1008.2,21.8,98,0.1,0.0,3.0,332.0,1.0,,,,,2020-10-05T05:38:00,,,,0,,,,,,,,,,,,,,,,,,,
2020-10-05 07:00:00,1008.4,22.4,97,0.1,0.0,2.4,176.0,1.0,,,,,2020-10-05T06:02:00,,,,0,,,,,,,,,,,,,,,,,,,
2020-10-05 08:00:00,1009.0,22.9,97,0.2,0.0,2.7,169.0,0.0,,,,,2020-10-05T07:08:00,,,,0,,,,,,,,,,,,,,,,,,,
2020-10-05 09:00:00,1009.4,22.8,96,0.5,251.0,3.0,124.0,0.5,,,,,2020-10-05T08:10:00,,,,0,,,,,,,,,,,,,,,,,,,
2020-10-05 10:00:00,1009.6,22.6,95,0.1,0.0,3.3,121.0,0.5,,,,,2020-10-05T09:25:00,,,,0,,,,,,,,,,,,,,,,,,,
2020-10-05 11:00:00,1009.4,22.5,94,0.2,0.0,2.4,149.0,0.0,,,,,2020-10-05T10:08:00,,,,0,,,,,,,,,,,,,,,,,,,
2020-10-05 12:00:00,1009.0,22.5,93,0.2,0.0,2.4,29.0,0.0,,,,,2020-10-05T11:34:00,,,,0,,,,,,,,,,,,,,,,,,,
2020-10-05 13:00:00,1008.3,22.9,90,0.1,0.0,3.3,192.0,0.0,,,,,2020-10-05T12:47:00,,,,0,,,,,,,,,,,,,,,,,,,
2020-10-05 14:00:00,1007.8,23.3,88,0.0,0.0,4.9,346.0,0.0,,,,,2020-10-05T13:24:00,,,,0,,,,,,,,,,,,,,,,,,,
2020-10-05 15:00:00,1007.9,23.6,88,0.4,229.0,3.3,145.0,0.0,,,,,2020-10-05T14:39:00,,,,0,,,,,,,,,,,,,,,,,,,
2020-10-05 16:00:00,1008.4,23.3,89,0.8,328.0,5.5,331.0,0.0,,,,,2020-10-05T15:59:00,,,,0,,,,,,,,,,,,,,,,,,,
2020-10-05 17:00:00,1008.9,22.9,89,0.4,254.0,4.9,330.0,0.0,,,,,2020-10-05T16:26:00,,,,0,,,,,,,,,,,,,,,,,,,
2020-10-05 18:00:00,1009.5,23.1,84,0.3,220.0,5.5,136.0,0.0,,,,,2020-10-05T17:34:00,,,,0,,,,,,,,,,,,,,,,,,,
2020-10-05 19:00:00,1010.1,21.7,92,0.1,0.0,3.0,195.0,0.5,,,,,2020-10-05T18:22:00,,,,0,,,,,,,,,,,,,,,,,,,
2020-10-05 20:00:00,1010.9,22.5,86,0.2,0.0,3.3,307.0,0.0,,,,,2020-10-05T19:36:00,,,,0,,,,,,,,,,,,,,,,,,,
2020-10-05 21:00:00,1011.7,22.6,82,0.0,0.0,2.7,208.0,0.0,,,,,2020-10-05T20:23:00,,,,0,,,,,,,,,,,,,,,,,,,
2020-10-05 22:00:00,1012.0,21.9,88,0.0,0.0,3.0,344.0,0.0,,,,,2020-10-05T21:17:00,,,,0,,,,,,,,,,,,,,,,,,,
2020-10-05 23:00:00,1012.0,20.9,95,0.1,0.0,1.9,273.0,0.0,,,,,2020-10-05T22:13:00,,,,0,,,,,,,,,,,,,,,,,,,
2020-10-06 00:00:00,1011.7,20.7,95,0.0,0.0,1.3,307.0,0.5,,,,,2020-10-05T23:03:00,,,,0,,,,,,,,,,,,,,,,,,,
2020-10-06 01:00:00,1011.4,20.5,96,0.0,0.0,1.3,306.0,0.0,,,,,2020-10-06T00:26:00,,,,0,,,,,,,,,,,,,,,,,,,
2020-10-06 02:00:00,1011.1,20.5,96,0.1,0.0,2.2,324.0,0.0,,,,,2020-10-06T01:55:00,,,,0,,,,,,,,,,,,,,,,,,,
2020-10-06 03:00:00,1010.8,20.4,96,0.8,336.0,2.4,254.0,0.0,,,,,2020-10-06T02:21:00,,,,0,,,,,,,,,,,,,,,,,,,
2020-10-06 04:00:00,1010.8,20.5,96,0.3,303.0,2.4,321.0,0.0,,,,,2020-10-06T03:55:00,,,,0,,,,,,,,,,,,,,,,,,,
2020-10-06 05:00:00,1011.0,20.4,95,0.0,0.0,1.9,266.0,0.0,,,,,2020-10-06T04:02:00,,,,0,,,,,,,,,,,,,,,,,,,
2020-10-06 06:00:00,1011.5,20.4,96,0.2,0.0,1.9,241.0,0.0,,,,,2020-10-06T05:36:00,,,,0,,,,,,,,,,,,,,,,,,,
2020-10-06 07:00:00,1012.0,20.4,95,0.1,0.0,2.4,309.0,0.0,,,,,2020-10-06T06:33:00,,,,0,,,,,,,,,,,,,,,,,,,
2020-10-06 08:00:00,1012.6,20.5,95,0.2,0.0,2.4,339.0,0.0,,,,,2020-10-06T07:19:00,,,,0,,,,,,,,,,,,,,,,,,,
2020-10-06 09:00:00,1012.8,20.9,94,0.8,335.0,2.4,325.0,0.0,,,,,2020-10-06T08:59:00,,,,0,,,,,,,,,,,,,,,,,,,
2020-10-06 10:00:00,1012.9,21.4,89,0.0,0.0,1.9,278.0,0.0,,,,,2020-10-06T09:15:00,,,,0,,,,,,,,,,,,,,,,,,,
2020-10-06 11:00:00,1012.8,21.9,84,0.1,0.0,2.4,351.0,0.0,,,,,2020-10-06T10:19:00,,,,0,,,,,,,,,,,,,,,,,,,
2020-10-06 12:00:00,1012.4,22.2,81,0.4,329.0,2.4,342.0,0.0,,,,,2020-10-06T11:04:00,,,,0,,,,,,,,,,,,,,,,,,,
2020-10-06 13:00:00,1011.7,22.4,84,0.2,0.0,3.5,340.0,0.0,,,,,2020-10-06T12:42:00,,,,0,,,,,,,,,,,,,,,,,,,
2020-10-06 14:00:00,1011.1,23.1,73,0.7,338.0,3.0,333.0,0.0,,,,,2020-10-06T13:13:00,,,,0,,,,,,,,,,,,,,,,,,,
2020-10-06 15:00:00,1011.1,22.4,85,0.6,334.0,3.5,334.0,0.0,,,,,2020-10-06T14:11:00,,,,0,,,,,,,,,,,,,,,,,,,
2020-10-06 16:00:00,1011.0,21.9,88,0.0,0.0,1.9,268.0,0.0,,,,,2020-10-06T15:33:00,,,,0,,,,,,,,,,,,,,,,,,,
2020-10-06 17:00:00,1011.2,21.4,90,0.3,274.0,2.4,330.0,0.0,,,,,2020-10-06T16:20:00,,,,0,,,,,,,,,,,,,,,,,,,
2020-10-06 18:00:00,1011.7,21.1,88,0.0,0.0,3.8,300.0,0.0,,,,,2020-10-06T17:27:00,,,,0,,,,,,,,,,,,,,,,,,,
2020-10-06 19:00:00,1012.1,20.6,94,0.1,0.0,1.9,245.0,0.0,,,,,2020-10-06T18:40:00,,,,0,,,,,,,,,,,,,,,,,,,
2020-10-06 20:00:00,1013.0,20.4,91,0.0,0.0,1.6,191.0,0.0,,,,,2020-10-06T19:37:00,,,,0,,,,,,,,,,,,,,,,,,,
2020-10-06 21:00:00,1013.3,20.4,93,0.0,0.0,2.4,278.0,0.0,,,,,2020-10-06T20:11:00,,,,0,,,,,,,,,,,,,,,,,,,
2020-10-06 22:00:00,1013.4,20.2,93,0.1,0.0,2.4,324.0,0.5,,,,,2020-10-06T21:43:00,,,,0,,,,,,,,,,,,,,,,,,,
2020-10-06 23:00:00,1013.2,20.1,94,0.2,0.0,2.4,259.0,0.0,,,,,2020-10-06T22:50:00,,,,0,,,,,,,,,,,,,,,,,,,
2020-10-07 00:00:00,1012.7,20.0,94,0.1,0.0,2.7,260.0,0.0,,,,,2020-10-06T23:21:00,,,,0,,,,,,,,,,,,,,,,,,,
2020-10-07 01:00:00,1012.1,20.0,93,0.0,0.0,2.4,268.0,0.0,,,,,2020-10-07T00:40:00,,,,0,,,,,,,,,,,,,,,,,,,
2020-10-07 02:00:00,1011.6,19.9,94,0.3,293.0,2.4,274.0,0.0,,,,,2020-10-07T01:41:00,,,,0,,,,,,,,,,,,,,,,,,,
2020-10-07 03:00:00,1011.3,19.8,95,0.0,0.0,2.4,256.0,0.0,,,,,2020-10-07T02:22:00,,,,0,,,,,,,,,,,,,,,,,,,
2020-10-07 04:00:00,1011.0,19.7,95,0.3,283.0,1.9,253.0,0.0,,,,,2020-10-07T03:45:00,,,,0,,,,,,,,,,,,,,,,,,,
2020-10-07 05:00:00,1011.1,19.8,94,0.0,0.0,2.4,262.0,0.0,,,,,2020-10-07T04:42:00,,,,0,,,,,,,,,,,,,,,,,,,
2020-10-07 06:00:00,1011.6,19.8,95,0.1,0.0,2.7,287.0,0.0,,,,,2020-10-07T05:41:00,,,,0,,,,,,,,,,,,,,,,,,,
2020-10-07 07:00:00,1012.0,20.2,94,0.0,0.0,2.2,264.0,0.0,,,,,2020-10-07T06:02:00,,,,0,,,,,,,,,,,,,,,,,,,
2020-10-07 08:00:00,1012.5,20.9,92,0.1,0.0,1.9,327.0,0.0,,,,,2020-10-07T07:30:00,,,,0,,,,,,,,,,,,,,,,,,,
2020-10-07 09:00:00,1013.0,23.9,78,0.3,233.0,2.7,338.0,0.0,,,,,2020-10-07T08:35:00,,,,0,,,,,,,,,,,,,,,,,,,
2020-10-07 10:00:00,1013.2,24.0,74,0.5,212.0,3.5,115.0,0.0,,,,,2020-10-07T09:40:00,,,,0,,,,,,,,,,,,,,,,,,,
2020-10-07 11:00:00,-9999.7,-99.7,-9997,-99.7,-999.7,3.5,303.0,0.0,,,,,2020-10-07T10:24:00,,,,0,,,,,,,,,,,,,,,,,,,
2020-10-07 12:00:00,1011.9,24.4,71,0.5,190.0,6.0,320.0,0.0,,,,,2020-10-07T11:10:00,,,,0,,,,,,,,,,,,,,,,,,,
2020-10-07 13:00:00,1011.2,24.8,69,0.6,282.0,6.0,310.0,0.0,,,,,2020-10-07T12:45:00,,,,0,,,,,,,,,,,,,,,,,,,
2020-10-07 14:00:00,1010.5,24.2,71,1.1,340.0,3.8,328.0,0.0,,,,,2020-10-07T13:22:00,,,,0,,,,,,,,,,,,,,,,,,,
2020-10-07 15:00:00,1010.4,23.3,72,0.5,341.0,3.5,328.0,0.0,,,,,2020-10-07T14:04:00,,,,0,,,,,,,,,,,,,,,,,,,
2020-10-07 16:00:00,1010.4,22.9,74,0.2,0.0,3.8,338.0,0.0,,,,,2020-10-07T15:04:00,,,,0,,,,,,,,,,,,,,,,,,,
2020-10-07 17:00:00,1010.5,22.9,72,0.1,0.0,2.7,310.0,0.0,,,,,2020-10-07T16:30:00,,,,0,,,,,,,,,,,,,,,,,,,
2020-10-07 18:00:00,1010.8,22.6,75,0.1,0.0,3.8,320.0,0.0,,,,,2020-10-07T17:10:00,,,,0,,,,,,,,,,,,,,,,,,,
2020-10-07 19:00:00,1011.3,22.3,75,0.1,0.0,2.4,10.0,0.0,,,,,2020-10-07T18:07:00,,,,0,,,,,,,,,,,,,,,,,,,
2020-10-07 20:00:00,1011.9,22.1,77,0.0,0.0,3.0,337.0,0.0,,,,,2020-10-07T19:32:00,,,,0,,,,,,,,,,,,,,,,,,,
2020-10-07 21:00:00,1012.1,22.1,78,0.7,316.0,3.5,313.0,0.0,,,,,2020-10-07T20:58:00,,,,0,,,,,,,,,,,,,,,,,,,
2020-10-07 22:00:00,1012.2,22.5,78,0.1,0.0,4.1,315.0,0.0,,,,,2020-10-07T21:23:00,,,,0,,,,,,,,,,,,,,,,,,,
2020-10-07 23:00:00,1011.7,22.0,76,0.2,0.0,1.9,335.0,0.0,,,,,2020-10-07T22:02:00,,,,0,,,,,,,,,,,,,,,,,,,
2020-10-08 00:00:00,1011.5,20.4,88,0.0,0.0,1.9,176.0,0.0,,,,,2020-10-07T23:38:00,,,,0,,,,,,,,,,,,,,,,,,,
2020-10-08 01:00:00,1011.1,20.1,95,0.0,0.0,1.6,339.0,0.5,,,,,2020-10-08T00:10:00,,,,0,,,,,,,,,,,,,,,,,,,
2020-10-08 02:00:00,1010.7,19.9,96,0.2,0.0,3.3,248.0,0.0,,,,,2020-10-08T01:26:00,,,,0,,,,,,,,,,,,,,,,,,,
2020-10-08 03:00:00,1010.3,19.8,96,0.0,0.0,2.2,289.0,0.0,,,,,2020-10-08T02:29:00,,,,0,,,,,,,,,,,,,,,,,,,
2020-10-08 04:00:00,1010.6,19.7,96,0.0,0.0,1.9,304.0,0.0,,,,,2020-10-08T03:02:00,,,,0,,,,,,,,,,,,,,,,,,,
2020-10-08 05:00:00,1011.1,19.3,95,0.0,0.0,1.9,349.0,0.0,,,,,2020-10-08T04:10:00,,,,0,,,,,,,,,,,,,,,,,,,
2020-10-08 06:00:00,1011.6,20.0,89,1.1,337.0,4.1,341.0,0.0,,,,,2020-10-08T05:57:00,,,,0,,,,,,,,,,,,,,,,,,,
2020-10-08 07:00:00,1011.8,20.0,93,0.1,0.0,3.5,339.0,0.0,,,,,2020-10-08T06:02:00,,,,0,,,,,,,,,,,,,,,,,,,
2020-10-08 08:00:00,1012.1,20.5,93,0.1,0.0,2.2,311.0,0.0,,,,,2020-10-08T07:53:00,,,,0,,,,,,,,,,,,,,,,,,,
2020-10-08 09:00:00,1012.5,23.7,73,0.1,0.0,3.5,319.0,0.0,,,,,2020-10-08T08:26:00,,,,0,,,,,,,,,,,,,,,,,,,
2020-10-08 10:00:00,1012.3,24.0,74,0.3,316.0,4.1,328.0,0.0,,,,,2020-10-08T09:32:00,,,,0,,,,,,,,,,,,,,,,,,,
2020-10-08 11:00:00,1012.0,24.4,70,1.4,324.0,6.6,344.0,0.0,,,,,2020-10-08T10:14:00,,,,0,,,,,,,,,,,,,,,,,,,
2020-10-08 12:00:00,1011.5,24.7,68,0.7,335.0,5.5,342.0,0.0,,,,,2020-10-08T11:01:00,,,,0,,,,,,,,,,,,,,,,,,,
2020-10-08 13:00:00,1010.8,26.0,63,1.7,335.0,7.1,329.0,0.0,,,,,2020-10-08T12:02:00,,,,0,,,,,,,,,,,,,,,,,,,
2020-10-08 14:00:00,1010.5,25.7,63,1.1,334.0,6.6,338.0,0.0,,,,,2020-10-08T13:06:00,,,,0,,,,,,,,,,,,,,,,,,,
2020-10-08 15:00:00,1010.3,24.6,71,0.8,324.0,6.0,321.0,0.0,,,,,2020-10-08T14:11:00,,,,0,,,,,,,,,,,,,,,,,,,
2020-10-08 16:00:00,1010.4,23.6,79,0.3,331.0,4.9,340.0,0.5,,,,,2020-10-08T15:52:00,,,,0,,,,,,,,,,,,,,,,,,,
2020-10-08 17:00:00,1010.7,22.3,87,0.2,0.0,2.2,146.0,0.0,,,,,2020-10-08T16:10:00,,,,0,,,,,,,,,,,,,,,,,,,
2020-10-08 18:00:00,1011.3,21.9,88,0.3,184.0,2.2,322.0,0.0,,,,,2020-10-08T17:46:00,,,,0,,,,,,,,,,,,,,,,,,,
2020-10-08 19:00:00,1011.4,20.7,95,0.0,0.0,1.9,289.0,0.0,,,,,2020-10-08T18:04:00,,,,0,,,,,,,,,,,,,,,,,,,
2020-10-08 20:00:00,1012.2,20.5,96,0.0,0.0,3.0,323.0,0.5,,,,,2020-10-08T19:45:00,,,,0,,,,,,,,,,,,,,,,,,,
2020-10-08 21:00:00,1012.3,20.6,95,0.1,0.0,3.0,348.0,0.5,,,,,2020-10-08T20:51:00,,,,0,,,,,,,,,,,,,,,,,,,
2020-10-08 22:00:00,1012.3,20.4,96,0.0,0.0,1.9,251.0,0.0,,,,,2020-10-08T21:16:00,,,,0,,,,,,,,,,,,,,,,,,,
2020-10-08 23:00:00,1012.1,20.2,96,0.1,0.0,2.4,321.0,0.0,,,,,2020-10-08T22:43:00,,,,0,,,,,,,,,,,,,,,,,,,
2020-10-09 00:00:00,1011.9,20.1,96,0.1,0.0,2.4,263.0,0.0,,,,,2020-10-08T23:38:00,,,,0,,,,,,,,,,,,,,,,,,,
2020-10-09 01:00:00,1011.5,20.2,96,0.2,0.0,3.3,276.0,1.5,,,,,2020-10-09T00:47:00,,,,0,,,,,,,,,,,,,,,,,,,
2020-10-09 02:00:00,1011.0,20.3,97,0.2,0.0,2.4,264.0,0.0,,,,,2020-10-09T01:17:00,,,,0,,,,,,,,,,,,,,,,,,,
2020-10-09 03:00:00,1010.6,20.4,97,0.0,0.0,4.1,216.0,0.0,,,,,2020-10-09T02:09:00,,,,0,,,,,,,,,,,,,,,,,,,
2020-10-09 04:00:00,1010.5,20.3,97,0.4,267.0,2.7,320.0,0.0,,,,,2020-10-09T03:17:00,,,,0,,,,,,,,,,,,,,,,,,,
2020-10-09 05:00:00,1010.5,20.3,97,0.4,291.0,2.4,266.0,0.5,,,,,2020-10-09T04:02:00,,,,0,,,,,,,,,,,,,,,,,,,
2020-10-09 06:00:00,1010.9,20.2,97,0.0,0.0,2.4,258.0,0.0,,,,,2020-10-09T05:18:00,,,,0,,,,,,,,,,,,,,,,,,,
2020-10-09 07:00:00,1011.4,20.2,97,0.1,0.0,3.0,328.0,1.0,,,,,2020-10-09T06:30:00,,,,0,,,,,,,,,,,,,,,,,,,
2020-10-09 08:00:00,1012.1,20.3,97,0.1,0.0,3.0,327.0,1.0,,,,,2020-10-09T07:09:00,,,,0,,,,,,,,,,,,,,,,,,,
2020-10-09 09:00:00,1012.4,20.6,97,0.6,311.0,2.2,10.0,0.0,,,,,2020-10-09T08:06:00,,,,0,,,,,,,,,,,,,,,,,,,
2020-10-09 10:00:00,1012.4,21.1,96,0.0,0.0,2.2,260.0,0.0,,,,,2020-10-09T09:25:00,,,,0,,,,,,,,,,,,,,,,,,,
2020-10-09 11:00:00,1012.0,21.6,93,0.4,290.0,1.9,264.0,0.0,,,,,2020-10-09T10:19:00,,,,0,,,,,,,,,,,,,,,,,,,
2020-10-09 12:00:00,1011.2,22.5,82,1.0,334.0,4.1,337.0,0.0,,,,,2020-10-09T11:23:00,,,,0,,,,,,,,,,,,,,,,,,,
2020-10-09 13:00:00,1010.4,23.2,77,0.4,319.0,4.9,343.0,0.0,,,,,2020-10-09T12:39:00,,,,0,,,,,,,,,,,,,,,,,,,
2020-10-09 14:00:00,1010.1,23.4,75,0.4,340.0,3.3,340.0,0.0,,,,,2020-10-09T13:14:00,,,,0,,,,,,,,,,,,,,,,,,,
2020-10-09 15:00:00,1010.0,23.0,77,0.5,324.0,2.4,327.0,0.0,,,,,2020-10-09T14:06:00,,,,0,,,,,,,,,,,,,,,,,,,
2020-10-09 16:00:00,1009.8,22.8,82,0.3,310.0,2.4,341.0,0.0,,,,,2020-10-09T15:17:00,,,,0,,,,,,,,,,,,,,,,,,,
2020-10-09 17:00:00,1010.0,21.1,93,0.1,0.0,3.0,322.0,0.0,,,,,2020-10-09T16:02:00,,,,0,,,,,,,,,,,,,,,,,,,
2020-10-09 18:00:00,1010.3,20.6,95,0.1,0.0,3.0,328.0,0.5,,,,,2020-10-09T17:26:00,,,,0,,,,,,,,,,,,,,,,,,,
2020-10-09 19:00:00,1010.8,20.4,97,0.4,328.0,2.7,273.0,2.0,,,,,2020-10-09T18:11:00,,,,0,,,,,,,,,,,,,,,,,,,
2020-10-09 20:00:00,1011.4,20.5,97,0.8,322.0,3.0,259.0,0.0,,,,,2020-10-09T19:14:00,,,,0,,,,,,,,,,,,,,,,,,,
2020-10-09 21:00:00,1011.5,20.6,97,0.8,316.0,2.2,260.0,0.0,,,,,2020-10-09T20:24:00,,,,0,,,,,,,,,,,,,,,,,,,
2020-10-09 22:00:00,1011.4,20.6,97,0.2,0.0,2.2,337.0,0.0,,,,,2020-10-09T21:01:00,,,,0,,,,,,,,,,,,,,,,,,,
2020-10-09 23:00:00,1011.0,20.6,97,0.4,320.0,2.4,320.0,0.0,,,,,2020-10-09T22:22:00,,,,0,,,,,,,,,,,,,,,,,,,
2020-10-10 00:00:00,1010.7,20.8,97,0.2,0.0,2.4,345.0,0.0,,,,,2020-10-09T23:13:00,,,,0,,,,,,,,,,,,,,,,,,,
2020-10-10 01:00:00,1010.1,20.8,97,0.0,0.0,2.2,260.0,2.0,,,,,2020-10-10T00:12:00,,,,0,,,,,,,,,,,,,,,,,,,
2020-10-10 02:00:00,1009.6,20.6,97,0.1,0.0,2.4,307.0,0.5,,,,,2020-10-10T01:11:00,,,,0,,,,,,,,,,,,,,,,,,,
2020-10-10 03:00:00,1009.0,20.6,97,0.2,0.0,1.9,262.0,0.0,,,,,2020-10-10T02:10:00,,,,0,,,,,,,,,,,,,,,,,,,
2020-10-10 04:00:00,1008.9,20.5,97,0.5,270.0,3.0,251.0,0.0,,,,,2020-10-10T03:54:00,,,,0,,,,,,,,,,,,,,,,,,,
2020-10-10 05:00:00,1009.1,20.5,97,0.0,0.0,1.9,225.0,0.0,,,,,2020-10-10T04:01:00,,,,0,,,,,,,,,,,,,,,,,,,
2020-10-10 06:00:00,1009.6,20.5,97,0.0,0.0,1.9,254.0,0.0,,,,,2020-10-10T05:04:00,,,,0,,,,,,,,,,,,,,,,,,,
2020-10-10 07:00:00,1010.2,20.5,98,0.0,0.0,2.7,249.0,1.5,,,,,2020-10-10T06:40:00,,,,0,,,,,,,,,,,,,,,,,,,
2020-10-10 08:00:00,1010.7,20.8,98,0.0,0.0,2.2,257.0,1.0,,,,,2020-10-10T07:28:00,,,,0,,,,,,,,,,,,,,,,,,,
2020-10-10 09:00:00,1010.7,21.3,98,0.0,0.0,2.4,286.0,3.5,,,,,2020-10-10T08:40:00,,,,0,,,,,,,,,,,,,,,,,,,
2020-10-10 10:00:00,1010.5,22.2,98,0.0,0.0,1.9,333.0,0.0,,,,,2020-10-10T09:35:00,,,,0,,,,,,,,,,,,,,,,,,,
2020-10-10 11:00:00,1010.0,22.5,97,0.0,0.0,1.9,326.0,0.0,,,,,2020-10-10T10:41:00,,,,0,,,,,,,,,,,,,,,,,,,
2020-10-10 12:00:00,1009.3,22.8,95,0.0,0.0,1.3,274.0,0.0,,,,,2020-10-10T11:03:00,,,,0,,,,,,,,,,,,,,,,,,,
2020-10-10 13:00:00,1008.7,22.4,94,0.2,0.0,2.7,139.0,0.5,,,,,2020-10-10T12:33:00,,,,0,,,,,,,,,,,,,,,,,,,
2020-10-10 14:00:00,1008.3,22.0,96,0.0,0.0,1.9,316.0,0.5,,,,,2020-10-10T13:10:00,,,,0,,,,,,,,,,,,,,,,,,,
2020-10-10 15:00:00,1008.2,22.0,97,0.0,0.0,2.4,322.0,1.5,,,,,2020-10-10T14:36:00,,,,0,,,,,,,,,,,,,,,,,,,
2020-10-10 16:00:00,1008.1,22.0,97,0.0,0.0,1.3,241.0,0.5,,,,,2020-10-10T15:42:00,,,,0,,,,,,,,,,,,,,,,,,,
2020-10-10 17:00:00,1008.2,21.8,97,0.0,0.0,1.3,200.0,0.5,,,,,2020-10-10T16:41:00,,,,0,,,,,,,,,,,,,,,,,,,
2020-10-10 18:00:00,1008.7,21.6,97,0.1,0.0,1.3,201.0,0.0,,,,,2020-10-10T17:54:00,,,,0,,,,,,,,,,,,,,,,,,,
2020-10-10 19:00:00,1008.8,21.7,98,0.0,0.0,1.3,274.0,0.0,,,,,2020-10-10T18:42:00,,,,0,,,,,,,,,,,,,,,,,,,
2020-10-10 20:00:00,1009.3,21.7,98,0.3,338.0,1.6,348.0,0.0,,,,,2020-10-10T19:42:00,,,,0,,,,,,,,,,,,,,,,,,,
2020-10-10 21:00:00,1009.4,21.7,98,0.0,0.0,1.3,271.0,0.0,,,,,2020-10-10T20:09:00,,,,0,,,,,,,,,,,,,,,,,,,
2020-10-10 22:00:00,1009.3,21.6,98,0.0,0.0,1.3,284.0,0.0,,,,,2020-10-10T21:42:00,,,,0,,,,,,,,,,,,,,,,,,,
2020-10-10 23:00:00,1009.0,21.6,98,0.0,0.0,0.8,266.0,0.0,,,,,2020-10-10T22:01:00,,,,0,,,,,,,,,,,,,,,,,,,
2020-10-11 00:00:00,1008.5,21.5,98,0.2,0.0,2.2,268.0,0.5,,,,,2020-10-10T23:27:00,,,,0,,,,,,,,,,,,,,,,,,,
2020-10-11 01:00:00,1007.9,21.6,98,0.2,0.0,1.9,260.0,0.0,,,,,2020-10-11T00:22:00,,,,0,,,,,,,,,,,,,,,,,,,
2020-10-11 02:00:00,1007.2,21.7,98,0.0,0.0,1.9,330.0,0.0,,,,,2020-10-11T01:09:00,,,,0,,,,,,,,,,,,,,,,,,,
2020-10-11 03:00:00,1007.0,21.9,98,0.0,0.0,1.6,331.0,0.0,,,,,2020-10-11T02:37:00,,,,0,,,,,,,,,,,,,,,,,,,
2020-10-11 04:00:00,1006.7,22.5,98,0.0,0.0,1.3,9.0,2.5,,,,,2020-10-11T03:03:00,,,,0,,,,,,,,,,,,,,,,,,,
2020-10-11 05:00:00,1007.1,22.3,98,0.0,0.0,1.3,180.0,0.0,,,,,2020-10-11T04:24:00,,,,0,,,,,,,,,,,,,,,,,,,
2020-10-11 06:00:00,1007.3,22.3,98,0.0,0.0,0.8,151.0,2.0,,,,,2020-10-11T05:01:00,,,,0,,,,,,,,,,,,,,,,,,,
2020-10-11 07:00:00,1007.7,22.4,98,0.0,0.0,0.8,183.0,2.5,,,,,2020-10-11T06:01:00,,,,0,,,,,,,,,,,,,,,,,,,
2020-10-11 08:00:00,1008.1,22.8,98,0.0,0.0,2.2,193.0,5.0,,,,,2020-10-11T07:51:00,,,,0,,,,,,,,,,,,,,,,,,,
2020-10-11 09:00:00,1008.1,23.0,98,0.0,0.0,2.4,192.0,2.5,,,,,2020-10-11T08:37:00,,,,0,,,,,,,,,,,,,,,,,,,
2020-10-11 10:00:00,1007.8,23.5,98,0.0,0.0,1.1,217.0,2.0,,,,,2020-10-11T09:40:00,,,,0,,,,,,,,,,,,,,,,,,,
2020-10-11 11:00:00,1007.5,23.5,98,0.1,0.0,1.6,213.0,1.5,,,,,2020-10-11T10:02:00,,,,0,,,,,,,,,,,,,,,,,,,
2020-10-11 12:00:00,1006.7,23.8,98,0.0,0.0,1.9,174.0,3.5,,,,,2020-10-11T11:08:00,,,,0,,,,,,,,,,,,,,,,,,,
2020-10-11 13:00:00,1005.7,23.9,98,0.0,0.0,1.6,239.0,2.5,,,,,2020-10-11T12:02:00,,,,0,,,,,,,,,,,,,,,,,,,
2020-10-11 14:00:00,1005.0,24.0,98,0.2,0.0,2.4,203.0,2.5,,,,,2020-10-11T13:17:00,,,,0,,,,,,,,,,,,,,,,,,,
2020-10-11 15:00:00,1004.6,23.9,98,0.0,0.0,2.7,183.0,4.5,,,,,2020-10-11T14:14:00,,,,0,,,,,,,,,,,,,,,,,,,
2020-10-11 16:00:00,1004.9,23.9,98,0.0,0.0,3.5,340.0,17.0,,,,,2020-10-11T15:38:00,,,,0,,,,,,,,,,,,,,,,,,,
2020-10-11 17:00:00,1005.1,23.8,98,0.0,0.0,2.4,175.0,10.0,,,,,2020-10-11T16:23:00,,,,0,,,,,,,,,,,,,,,,,,,
2020-10-11 18:00:00,1005.5,23.8,98,0.0,0.0,1.9,195.0,4.5,,,,,2020-10-11T17:23:00,,,,0,,,,,,,,,,,,,,,,,,,
2020-10-11 19:00:00,1006.0,23.9,98,0.0,0.0,1.3,184.0,0.5,,,,,2020-10-11T18:04:00,,,,0,,,,,,,,,,,,,,,,,,,
2020-10-11 20:00:00,1006.5,23.8,98,0.1,0.0,1.6,204.0,0.0,,,,,2020-10-11T19:57:00,,,,0,,,,,,,,,,,,,,,,,,,
2020-10-11 21:00:00,1006.7,23.7,98,0.5,188.0,2.2,215.0,0.5,,,,,2020-10-11T20:13:00,,,,0,,,,,,,,,,,,,,,,,,,
2020-10-11 22:00:00,1006.8,23.8,98,0.2,0.0,2.4,173.0,1.5,,,,,2020-10-11T21:29:00,,,,0,,,,,,,,,,,,,,,,,,,
2020-10-11 23:00:00,1006.7,23.6,98,0.2,0.0,3.0,216.0,2.5,,,,,2020-10-11T22:26:00,,,,0,,,,,,,,,,,,,,,,,,,
2020-10-12 00:00:00,1006.2,23.5,99,0.5,189.0,2.7,148.0,10.0,,,,,2020-10-11T23:47:00,,,,0,,,,,,,,,,,,,,,,,,,
2020-10-12 01:00:00,1005.8,23.5,99,0.5,202.0,3.5,189.0,3.5,,,,,2020-10-12T01:00:00,,,,0,,,,,,,,,,,,,,,,,,,
2020-10-12 02:00:00,1005.1,23.6,99,0.1,0.0,3.3,188.0,11.5,,,,,2020-10-12T01:01:00,,,,0,,,,,,,,,,,,,,,,,,,
2020-10-12 03:00:00,1005.1,23.9,99,0.0,0.0,2.4,159.0,2.5,,,,,2020-10-12T02:22:00,,,,0,,,,,,,,,,,,,,,,,,,
2020-10-12 04:00:00,1005.4,23.8,99,0.0,0.0,0.0,0.0,0.5,,,,,2020-10-12T03:05:00,,,,0,,,,,,,,,,,,,,,,,,,
2020-10-12 05:00:00,1006.0,23.6,99,0.0,0.0,0.8,249.0,1.0,,,,,2020-10-12T04:21:00,,,,0,,,,,,,,,,,,,,,,,,,
2020-10-12 06:00:00,1006.5,23.6,99,0.0,0.0,1.1,146.0,0.0,,,,,2020-10-12T05:46:00,,,,0,,,,,,,,,,,,,,,,,,,
2020-10-12 07:00:00,1007.1,23.8,99,0.0,0.0,0.0,0.0,0.5,,,,,2020-10-12T06:05:00,,,,0,,,,,,,,,,,,,,,,,,,
2020-10-12 08:00:00,1007.6,24.1,99,0.0,0.0,1.3,159.0,1.0,,,,,2020-10-12T07:29:00,,,,0,,,,,,,,,,,,,,,,,,,
2020-10-12 09:00:00,1007.8,24.3,98,0.1,0.0,2.2,308.0,0.0,,,,,2020-10-12T08:27:00,,,,0,,,,,,,,,,,,,,,,,,,
2020-10-12 10:00:00,1007.8,24.3,98,0.1,0.0,1.9,188.0,0.0,,,,,2020-10-12T09:15:00,,,,0,,,,,,,,,,,,,,,,,,,
2020-10-12 11:00:00,1007.2,25.5,92,0.0,0.0,1.9,167.0,0.0,,,,,2020-10-12T10:35:00,,,,0,,,,,,,,,,,,,,,,,,,
2020-10-12 12:00:00,1006.5,26.0,90,0.3,187.0,1.9,192.0,0.0,,,,,2020-10-12T11:36:00,,,,0,,,,,,,,,,,,,,,,,,,
2020-10-12 13:00:00,1005.9,25.3,93,0.5,180.0,2.4,178.0,0.0,,,,,2020-10-12T13:00:00,,,,0,,,,,,,,,,,,,,,,,,,
2020-10-12 14:00:00,1005.3,24.8,95,0.2,0.0,3.0,194.0,0.0,,,,,2020-10-12T13:48:00,,,,0,,,,,,,,,,,,,,,,,,,
2020-10-12 15:00:00,1005.4,24.5,96,0.1,0.0,2.4,203.0,0.0,,,,,2020-10-12T14:14:00,,,,0,,,,,,,,,,,,,,,,,,,
2020-10-12 16:00:00,1005.8,24.4,96,0.4,201.0,5.5,176.0,0.0,,,,,2020-10-12T15:43:00,,,,0,,,,,,,,,,,,,,,,,,,
2020-10-12 17:00:00,1006.3,24.5,97,0.0,0.0,2.4,220.0,2.5,,,,,2020-10-12T16:12:00,,,,0,,,,,,,,,,,,,,,,,,,
2020-10-12 18:00:00,1006.6,24.2,97,0.0,0.0,1.9,171.0,2.0,,,,,2020-10-12T17:58:00,,,,0,,,,,,,,,,,,,,,,,,,
2020-10-12 19:00:00,1007.2,24.3,98,0.0,0.0,1.3,66.0,0.5,,,,,2020-10-12T18:24:00,,,,0,,,,,,,,,,,,,,,,,,,
2020-10-12 20:00:00,1007.9,24.3,98,1.0,188.0,3.5,320.0,0.5,,,,,2020-10-12T20:00:00,,,,0,,,,,,,,,,,,,,,,,,,
2020-10-12 21:00:00,1008.2,24.0,98,0.5,189.0,3.5,190.0,11.5,,,,,2020-10-12T20:36:00,,,,0,,,,,,,,,,,,,,,,,,,
2020-10-12 22:00:00,1008.2,23.8,98,0.5,186.0,4.9,322.0,4.0,,,,,2020-10-12T21:10:00,,,,0,,,,,,,,,,,,,,,,,,,
2020-10-12 23:00:00,1008.6,23.6,98,0.8,188.0,3.3,199.0,0.0,,,,,2020-10-12T22:18:00,,,,0,,,,,,,,,,,,,,,,,,,
2020-10-13 00:00:00,-9999.7,-99.7,-9997,-99.7,-999.7,3.0,211.0,0.5,,,,,2020-10-12T23:39:00,,,,0,,,,,,,,,,,,,,,,,,,
2020-10-13 01:00:00,1008.3,23.4,99,0.4,189.0,3.8,216.0,16.5,,,,,2020-10-13T00:24:00,,,,0,,,,,,,,,,,,,,,,,,,
2020-10-13 02:00:00,1008.1,23.1,99,0.4,209.0,3.0,264.0,0.5,,,,,2020-10-13T01:51:00,,,,0,,,,,,,,,,,,,,,,,,,
2020-10-13 03:00:00,1008.0,23.0,99,0.4,209.0,3.0,134.0,1.5,,,,,2020-10-13T02:08:00,,,,0,,,,,,,,,,,,,,,,,,,
2020-10-13 04:00:00,1007.9,23.2,99,0.3,182.0,3.5,122.0,0.5,,,,,2020-10-13T03:32:00,,,,0,,,,,,,,,,,,,,,,,,,
2020-10-13 05:00:00,1008.3,23.0,99,0.3,187.0,3.0,218.0,6.5,,,,,2020-10-13T04:22:00,,,,0,,,,,,,,,,,,,,,,,,,
2020-10-13 06:00:00,1008.9,23.0,99,0.6,188.0,2.7,210.0,6.5,,,,,2020-10-13T05:32:00,,,,0,,,,,,,,,,,,,,,,,,,
2020-10-13 07:00:00,1009.6,23.3,99,0.2,0.0,2.4,208.0,3.0,,,,,2020-10-13T06:31:00,,,,0,,,,,,,,,,,,,,,,,,,
2020-10-13 08:00:00,-9999.7,-99.7,-9997,-99.7,-999.7,4.1,207.0,27.0,,,,,2020-10-13T07:16:00,,,,0,,,,,,,,,,,,,,,,,,,
2020-10-13 09:00:00,1010.3,23.7,99,0.5,178.0,4.9,171.0,4.0,,,,,2020-10-13T08:02:00,,,,0,,,,,,,,,,,,,,,,,,,
2020-10-13 10:00:00,1010.7,24.0,99,0.3,182.0,3.0,160.0,1.0,,,,,2020-10-13T10:00:00,,,,0,,,,,,,,,,,,,,,,,,,
2020-10-13 11:00:00,1010.3,23.7,98,0.1,0.0,2.7,212.0,7.0,,,,,2020-10-13T10:19:00,,,,0,,,,,,,,,,,,,,,,,,,
2020-10-13 12:00:00,1009.8,23.8,99,0.1,0.0,2.7,158.0,5.0,,,,,2020-10-13T11:13:00,,,,0,,,,,,,,,,,,,,,,,,,
2020-10-13 13:00:00,1009.5,23.7,98,0.5,156.0,2.4,130.0,2.0,,,,,2020-10-13T12:13:00,,,,0,,,,,,,,,,,,,,,,,,,
2020-10-13 14:00:00,1009.2,23.6,98,0.1,0.0,3.0,205.0,0.0,,,,,2020-10-13T13:39:00,,,,0,,,,,,,,,,,,,,,,,,,
2020-10-13 15:00:00,1009.1,23.5,97,0.0,0.0,1.9,117.0,0.5,,,,,2020-10-13T14:13:00,,,,0,,,,,,,,,,,,,,,,,,,
2020-10-13 16:00:00,1009.6,23.4,96,0.2,0.0,2.4,150.0,1.0,,,,,2020-10-13T15:05:00,,,,0,,,,,,,,,,,,,,,,,,,
2020-10-13 17:00:00,1010.0,22.8,98,0.0,0.0,2.4,176.0,5.0,,,,,2020-10-13T16:19:00,,,,0,,,,,,,,,,,,,,,,,,,
2020-10-13 18:00:00,1010.6,22.7,98,0.0,0.0,1.3,121.0,7.0,,,,,2020-10-13T17:02:00,,,,0,,,,,,,,,,,,,,,,,,,
2020-10-13 19:00:00,1011.0,22.5,98,0.1,0.0,1.9,195.0,6.0,,,,,2020-10-13T18:04:00,,,,0,,,,,,,,,,,,,,,,,,,
2020-10-13 20:00:00,1011.8,22.3,98,0.0,0.0,1.3,186.0,6.0,,,,,2020-10-13T19:06:00,,,,0,,,,,,,,,,,,,,,,,,,
2020-10-13 21:00:00,1012.0,22.2,97,0.0,0.0,1.9,183.0,1.0,,,,,2020-10-13T20:28:00,,,,0,,,,,,,,,,,,,,,,,,,
2020-10-13 22:00:00,1011.9,22.8,91,0.1,0.0,2.2,164.0,0.5,,,,,2020-10-13T21:31:00,,,,0,,,,,,,,,,,,,,,,,,,
2020-10-13 23:00:00,1012.2,23.0,93,0.1,0.0,2.4,151.0,0.0,,,,,2020-10-13T22:23:00,,,,0,,,,,,,,,,,,,,,,,,,
2020-10-14 00:00:00,1011.8,23.2,90,0.1,0.0,3.0,117.0,0.5,,,,,2020-10-13T23:36:00,,,,0,,,,,,,,,,,,,,,,,,,
2020-10-14 01:00:00,1011.4,23.1,91,0.0,0.0,2.2,110.0,0.0,,,,,2020-10-14T00:39:00,,,,0,,,,,,,,,,,,,,,,,,,
2020-10-14 02:00:00,1011.2,23.1,91,0.0,0.0,1.3,152.0,0.0,,,,,2020-10-14T01:13:00,,,,0,,,,,,,,,,,,,,,,,,,
2020-10-14 03:00:00,1011.0,22.3,96,0.0,0.0,1.9,116.0,2.0,,,,,2020-10-14T02:04:00,,,,0,,,,,,,,,,,,,,,,,,,
2020-10-14 04:00:00,1011.6,22.4,96,0.0,0.0,1.3,110.0,2.5,,,,,2020-10-14T03:12:00,,,,0,,,,,,,,,,,,,,,,,,,
2020-10-14 05:00:00,1012.1,22.3,97,0.2,0.0,1.9,195.0,0.5,,,,,2020-10-14T04:06:00,,,,0,,,,,,,,,,,,,,,,,,,
2020-10-14 06:00:00,1012.5,22.0,97,0.0,0.0,1.9,333.0,0.0,,,,,2020-10-14T05:20:00,,,,0,,,,,,,,,,,,,,,,,,,
2020-10-14 07:00:00,1013.0,22.3,97,0.0,0.0,1.3,339.0,0.0,,,,,2020-10-14T06:08:00,,,,0,,,,,,,,,,,,,,,,,,,
2020-10-14 08:00:00,1013.3,23.1,94,0.0,0.0,1.6,198.0,0.0,,,,,2020-10-14T07:32:00,,,,0,,,,,,,,,,,,,,,,,,,
2020-10-14 09:00:00,1013.5,23.6,91,0.0,0.0,1.1,177.0,0.0,,,,,2020-10-14T08:06:00,,,,0,,,,,,,,,,,,,,,,,,,
2020-10-14 10:00:00,1013.8,22.9,95,0.0,0.0,1.6,165.0,0.5,,,,,2020-10-14T09:39:00,,,,0,,,,,,,,,,,,,,,,,,,
2020-10-14 11:00:00,1013.5,22.5,97,0.0,0.0,1.1,140.0,1.5,,,,,2020-10-14T10:03:00,,,,0,,,,,,,,,,,,,,,,,,,
2020-10-14 12:00:00,1012.9,22.7,97,0.0,0.0,1.3,182.0,0.0,,,,,2020-10-14T11:03:00,,,,0,,,,,,,,,,,,,,,,,,,
2020-10-14 13:00:00,1012.3,23.0,92,0.0,0.0,1.3,189.0,0.0,,,,,2020-10-14T12:55:00,,,,0,,,,,,,,,,,,,,,,,,,
2020-10-14 14:00:00,1011.8,23.3,91,0.1,0.0,1.3,182.0,0.0,,,,,2020-10-14T13:57:00,,,,0,,,,,,,,,,,,,,,,,,,
2020-10-14 15:00:00,1011.7,23.6,89,0.0,0.0,2.4,213.0,0.0,,,,,2020-10-14T14:48:00,,,,0,,,,,,,,,,,,,,,,,,,
2020-10-14 16:00:00,1011.8,23.8,86,0.0,0.0,1.6,127.0,0.0,,,,,2020-10-14T15:16:00,,,,0,,,,,,,,,,,,,,,,,,,
2020-10-14 17:00:00,1012.0,23.6,86,0.0,0.0,1.3,107.0,0.0,,,,,2020-10-14T16:34:00,,,,0,,,,,,,,,,,,,,,,,,,
2020-10-14 18:00:00,1012.2,23.6,85,0.0,0.0,2.2,179.0,0.0,,,,,2020-10-14T17:23:00,,,,0,,,,,,,,,,,,,,,,,,,
2020-10-14 19:00:00,1012.9,23.8,83,0.0,0.0,1.9,102.0,0.0,,,,,2020-10-14T18:46:00,,,,0,,,,,,,,,,,,,,,,,,,
2020-10-14 20:00:00,1013.5,23.7,84,0.0,0.0,1.3,206.0,0.0,,,,,2020-10-14T19:40:00,,,,0,,,,,,,,,,,,,,,,,,,
2020-10-14 21:00:00,1013.6,23.7,84,0.0,0.0,1.6,156.0,0.0,,,,,2020-10-14T20:27:00,,,,0,,,,,,,,,,,,,,,,,,,
2020-10-14 22:00:00,1013.8,23.6,84,0.1,0.0,1.9,184.0,0.0,,,,,2020-10-14T21:54:00,,,,0,,,,,,,,,,,,,,,,,,,
2020-10-14 23:00:00,1013.5,23.6,83,0.0,0.0,1.9,140.0,0.0,,,,,2020-10-14T22:05:00,,,,0,,,,,,,,,,,,,,,,,,,
2020-10-15 00:00:00,1013.3,23.7,80,0.2,0.0,1.9,197.0,0.0,,,,,2020-10-14T23:26:00,,,,0,,,,,,,,,,,,,,,,,,,
2020-10-15 01:00:00,1013.2,23.6,80,0.0,0.0,2.2,163.0,0.0,,,,,2020-10-15T00:29:00,,,,0,,,,,,,,,,,,,,,,,,,
2020-10-15 02:00:00,1012.6,23.7,79,0.2,0.0,1.9,189.0,0.0,,,,,2020-10-15T02:00:00,,,,0,,,,,,,,,,,,,,,,,,,
2020-10-15 03:00:00,1012.0,23.5,82,0.2,0.0,3.0,198.0,0.0,,,,,2020-10-15T02:42:00,,,,0,,,,,,,,,,,,,,,,,,,
2020-10-15 04:00:00,1011.9,23.5,81,0.1,0.0,2.4,77.0,0.0,,,,,2020-10-15T03:26:00,,,,0,,,,,,,,,,,,,,,,,,,
2020-10-15 05:00:00,1012.2,23.7,80,0.0,0.0,1.3,186.0,0.0,,,,,2020-10-15T04:19:00,,,,0,,,,,,,,,,,,,,,,,,,
2020-10-15 06:00:00,1012.6,23.7,83,0.2,0.0,1.9,194.0,0.0,,,,,2020-10-15T05:30:00,,,,0,,,,,,,,,,,,,,,,,,,
2020-10-15 07:00:00,1013.0,24.1,80,0.0,0.0,2.2,192.0,0.0,,,,,2020-10-15T06:32:00,,,,0,,,,,,,,,,,,,,,,,,,
2020-10-15 08:00:00,1013.2,24.0,83,0.2,0.0,4.9,227.0,0.0,,,,,2020-10-15T07:16:00,,,,0,,,,,,,,,,,,,,,,,,,
2020-10-15 09:00:00,1013.5,23.1,90,0.0,0.0,3.0,191.0,0.5,,,,,2020-10-15T08:48:00,,,,0,,,,,,,,,,,,,,,,,,,
2020-10-15 10:00:00,1013.5,23.9,85,0.4,181.0,2.4,178.0,0.0,,,,,2020-10-15T09:21:00,,,,0,,,,,,,,,,,,,,,,,,,
2020-10-15 11:00:00,1013.1,24.2,83,0.5,180.0,2.7,201.0,0.0,,,,,2020-10-15T11:00:00,,,,0,,,,,,,,,,,,,,,,,,,
2020-10-15 12:00:00,1012.3,24.6,83,0.5,178.0,3.0,208.0,0.0,,,,,2020-10-15T11:01:00,,,,0,,,,,,,,,,,,,,,,,,,
2020-10-15 13:00:00,1011.5,24.5,84,0.5,184.0,3.0,204.0,0.0,,,,,2020-10-15T12:04:00,,,,0,,,,,,,,,,,,,,,,,,,
2020-10-15 14:00:00,1010.9,24.5,85,0.7,176.0,4.9,121.0,0.0,,,,,2020-10-15T13:55:00,,,,0,,,,,,,,,,,,,,,,,,,
2020-10-15 15:00:00,1010.4,24.3,86,0.5,180.0,3.0,111.0,0.0,,,,,2020-10-15T14:29:00,,,,0,,,,,,,,,,,,,,,,,,,
2020-10-15 16:00:00,1010.4,24.0,88,0.1,0.0,3.0,221.0,0.0,,,,,2020-10-15T15:22:00,,,,0,,,,,,,,,,,,,,,,,,,
2020-10-15 17:00:00,1010.7,23.6,90,0.2,0.0,2.4,71.0,1.5,,,,,2020-10-15T16:47:00,,,,0,,,,,,,,,,,,,,,,,,,
2020-10-15 18:00:00,1011.0,23.9,87,0.1,0.0,3.0,198.0,0.0,,,,,2020-10-15T17:33:00,,,,0,,,,,,,,,,,,,,,,,,,
2020-10-15 19:00:00,1011.2,24.2,86,0.4,172.0,3.5,182.0,0.0,,,,,2020-10-15T18:02:00,,,,0,,,,,,,,,,,,,,,,,,,
2020-10-15 20:00:00,1012.1,24.4,85,0.0,0.0,2.7,147.0,0.0,,,,,2020-10-15T19:29:00,,,,0,,,,,,,,,,,,,,,,,,,
2020-10-15 21:00:00,1012.1,24.5,86,0.1,0.0,2.4,85.0,0.0,,,,,2020-10-15T20:12:00,,,,0,,,,,,,,,,,,,,,,,,,
2020-10-15 22:00:00,1012.1,24.6,85,0.5,165.0,4.1,187.0,0.0,,,,,2020-10-15T21:38:00,,,,0,,,,,,,,,,,,,,,,,,,
2020-10-15 23:00:00,1011.8,24.5,86,0.7,172.0,2.7,183.0,0.0,,,,,2020-10-15T22:35:00,,,,0,,,,,,,,,,,,,,,,,,,
2020-10-16 00:00:00,1011.6,23.5,94,0.0,0.0,2.2,190.0,0.5,,,,,2020-10-15T23:24:00,,,,0,,,,,,,,,,,,,,,,,,,
2020-10-16 01:00:00,1010.9,23.7,92,0.1,0.0,2.7,148.0,0.5,,,,,2020-10-16T00:04:00,,,,0,,,,,,,,,,,,,,,,,,,
2020-10-16 02:00:00,1010.5,23.2,94,0.4,174.0,1.9,125.0,1.0,,,,,2020-10-16T01:15:00,,,,0,,,,,,,,,,,,,,,,,,,
2020-10-16 03:00:00,1010.1,23.1,95,0.4,178.0,1.9,184.0,2.0,,,,,2020-10-16T02:29:00,,,,0,,,,,,,,,,,,,,,,,,,
2020-10-16 04:00:00,1010.1,22.9,97,0.1,0.0,1.9,146.0,3.5,,,,,2020-10-16T03:17:00,,,,0,,,,,,,,,,,,,,,,,,,
2020-10-16 05:00:00,1010.4,22.9,96,0.4,114.0,1.9,106.0,2.0,,,,,2020-10-16T04:53:00,,,,0,,,,,,,,,,,,,,,,,,,
2020-10-16 06:00:00,1010.9,22.8,97,0.0,0.0,2.4,144.0,4.0,,,,,2020-10-16T05:21:00,,,,0,,,,,,,,,,,,,,,,,,,
2020-10-16 07:00:00,1011.3,22.9,97,0.1,0.0,2.4,217.0,0.5,,,,,2020-10-16T06:42:00,,,,0,,,,,,,,,,,,,,,,,,,
2020-10-16 08:00:00,1011.9,23.5,93,0.0,0.0,1.9,200.0,0.0,,,,,2020-10-16T07:01:00,,,,0,,,,,,,,,,,,,,,,,,,
2020-10-16 09:00:00,1012.1,24.2,89,0.0,0.0,2.2,118.0,0.0,,,,,2020-10-16T08:14:00,,,,0,,,,,,,,,,,,,,,,,,,
2020-10-16 10:00:00,1012.1,24.3,89,0.0,0.0,1.1,177.0,0.0,,,,,2020-10-16T09:28:00,,,,0,,,,,,,,,,,,,,,,,,,
2020-10-16 11:00:00,1011.5,25.2,87,0.0,0.0,1.3,204.0,0.0,,,,,2020-10-16T10:04:00,,,,0,,,,,,,,,,,,,,,,,,,
2020-10-16 12:00:00,1010.8,24.1,91,0.0,0.0,2.2,96.0,1.0,,,,,2020-10-16T11:52:00,,,,0,,,,,,,,,,,,,,,,,,,
2020-10-16 13:00:00,1010.0,25.0,94,0.0,0.0,1.3,128.0,0.5,,,,,2020-10-16T12:48:00,,,,0,,,,,,,,,,,,,,,,,,,
2020-10-16 14:00:00,1009.6,24.0,94,0.1,0.0,2.4,218.0,0.0,,,,,2020-10-16T13:55:00,,,,0,,,,,,,,,,,,,,,,,,,
2020-10-16 15:00:00,1009.4,23.7,94,0.1,0.0,2.4,197.0,0.5,,,,,2020-10-16T14:03:00,,,,0,,,,,,,,,,,,,,,,,,,
2020-10-16 16:00:00,1009.1,23.0,97,0.4,191.0,3.0,177.0,2.0,,,,,2020-10-16T15:32:00,,,,0,,,,,,,,,,,,,,,,,,,
2020-10-16 17:00:00,1009.3,22.7,97,0.3,191.0,3.3,150.0,0.5,,,,,2020-10-16T16:13:00,,,,0,,,,,,,,,,,,,,,,,,,
2020-10-16 18:00:00,1009.8,22.7,97,0.3,162.0,3.3,173.0,0.0,,,,,2020-10-16T17:11:00,,,,0,,,,,,,,,,,,,,,,,,,
2020-10-16 19:00:00,1010.7,22.5,97,0.0,0.0,2.4,190.0,2.5,,,,,2020-10-16T18:48:00,,,,0,,,,,,,,,,,,,,,,,,,
2020-10-16 20:00:00,1011.8,22.2,97,0.3,187.0,2.2,199.0,2.0,,,,,2020-10-16T19:52:00,,,,0,,,,,,,,,,,,,,,,,,,
2020-10-16 21:00:00,1012.2,22.0,97,0.2,0.0,2.7,170.0,0.5,,,,,2020-10-16T20:26:00,,,,0,,,,,,,,,,,,,,,,,,,
2020-10-16 22:00:00,1012.7,22.0,97,0.0,0.0,1.9,196.0,0.0,,,,,2020-10-16T21:43:00,,,,0,,,,,,,,,,,,,,,,,,,
2020-10-16 23:00:00,1012.7,21.8,97,0.1,0.0,2.4,138.0,0.5,,,,,2020-10-16T22:33:00,,,,0,,,,,,,,,,,,,,,,,,,
2020-10-17 00:00:00,1012.4,21.6,96,0.3,184.0,3.0,190.0,0.0,,,,,2020-10-16T23:42:00,,,,0,,,,,,,,,,,,,,,,,,,
2020-10-17 01:00:00,1012.2,21.9,94,0.0,0.0,1.9,203.0,0.0,,,,,2020-10-17T00:28:00,,,,0,,,,,,,,,,,,,,,,,,,
2020-10-17 02:00:00,1011.8,21.8,93,0.1,0.0,1.3,204.0,0.0,,,,,2020-10-17T01:05:00,,,,0,,,,,,,,,,,,,,,,,,,
2020-10-17 03:00:00,1011.4,22.1,90,0.2,0.0,2.7,203.0,0.0,,,,,2020-10-17T02:50:00,,,,0,,,,,,,,,,,,,,,,,,,
2020-10-17 04:00:00,1011.5,21.9,93,0.5,194.0,2.7,161.0,0.0,,,,,2020-10-17T03:01:00,,,,0,,,,,,,,,,,,,,,,,,,
2020-10-17 05:00:00,1011.8,22.1,86,0.5,194.0,3.0,222.0,0.0,,,,,2020-10-17T04:39:00,,,,0,,,,,,,,,,,,,,,,,,,
2020-10-17 06:00:00,1012.6,21.9,83,0.0,0.0,3.8,158.0,0.0,,,,,2020-10-17T05:15:00,,,,0,,,,,,,,,,,,,,,,,,,
2020-10-17 07:00:00,1013.3,22.1,84,0.1,0.0,2.4,205.0,0.0,,,,,2020-10-17T06:19:00,,,,0,,,,,,,,,,,,,,,,,,,
2020-10-17 08:00:00,1013.7,22.3,85,0.1,0.0,2.2,224.0,0.0,,,,,2020-10-17T07:03:00,,,,0,,,,,,,,,,,,,,,,,,,
2020-10-17 09:00:00,1014.0,22.1,86,0.1,0.0,1.9,138.0,0.0,,,,,2020-10-17T08:53:00,,,,0,,,,,,,,,,,,,,,,,,,
2020-10-17 10:00:00,1014.1,22.7,85,0.1,0.0,2.4,232.0,0.0,,,,,2020-10-17T09:51:00,,,,0,,,,,,,,,,,,,,,,,,,
2020-10-17 11:00:00,1013.6,23.4,83,0.2,0.0,2.4,199.0,0.0,,,,,2020-10-17T10:36:00,,,,0,,,,,,,,,,,,,,,,,,,
2020-10-17 12:00:00,1013.0,22.6,84,0.0,0.0,3.0,297.0,0.0,,,,,2020-10-17T11:02:00,,,,0,,,,,,,,,,,,,,,,,,,
2020-10-17 13:00:00,1012.4,21.3,95,0.0,0.0,2.4,127.0,0.5,,,,,2020-10-17T12:07:00,,,,0,,,,,,,,,,,,,,,,,,,
2020-10-17 14:00:00,1012.1,21.6,93,0.1,0.0,1.9,221.0,0.0,,,,,2020-10-17T14:00:00,,,,0,,,,,,,,,,,,,,,,,,,
2020-10-17 15:00:00,1011.9,21.9,89,0.1,0.0,2.4,176.0,0.0,,,,,2020-10-17T14:07:00,,,,0,,,,,,,,,,,,,,,,,,,
2020-10-17 16:00:00,1011.9,22.1,88,0.0,0.0,2.4,204.0,0.0,,,,,2020-10-17T15:48:00,,,,0,,,,,,,,,,,,,,,,,,,
2020-10-17 17:00:00,1012.1,21.8,89,0.5,201.0,3.0,210.0,0.0,,,,,2020-10-17T16:36:00,,,,0,,,,,,,,,,,,,,,,,,,
2020-10-17 18:00:00,1012.3,21.6,90,0.4,217.0,3.0,183.0,0.5,,,,,2020-10-17T17:27:00,,,,0,,,,,,,,,,,,,,,,,,,
2020-10-17 19:00:00,1013.0,20.8,96,0.5,185.0,3.0,131.0,1.0,,,,,2020-10-17T18:56:00,,,,0,,,,,,,,,,,,,,,,,,,
2020-10-17 20:00:00,1013.4,20.7,96,0.4,220.0,2.4,205.0,2.0,,,,,2020-10-17T19:03:00,,,,0,,,,,,,,,,,,,,,,,,,
2020-10-17 21:00:00,1013.8,20.7,97,0.0,0.0,2.4,208.0,0.5,,,,,2020-10-17T20:06:00,,,,0,,,,,,,,,,,,,,,,,,,
2020-10-17 22:00:00,1013.8,21.0,95,0.1,0.0,3.5,330.0,0.0,,,,,2020-10-17T21:42:00,,,,0,,,,,,,,,,,,,,,,,,,
2020-10-17 23:00:00,1013.7,21.1,96,0.0,0.0,3.8,286.0,0.5,,,,,2020-10-17T22:17:00,,,,0,,,,,,,,,,,,,,,,,,,
2020-10-18 00:00:00,1013.2,21.0,96,0.5,192.0,2.7,190.0,0.0,,,,,2020-10-17T23:53:00,,,,0,,,,,,,,,,,,,,,,,,,
2020-10-18 01:00:00,1012.8,21.2,94,0.2,0.0,2.4,196.0,0.0,,,,,2020-10-18T00:55:00,,,,0,,,,,,,,,,,,,,,,,,,
2020-10-18 02:00:00,1012.3,20.9,96,0.0,0.0,2.7,155.0,2.0,,,,,2020-10-18T01:47:00,,,,0,,,,,,,,,,,,,,,,,,,
2020-10-18 03:00:00,1012.1,20.7,97,0.0,0.0,2.4,177.0,1.5,,,,,2020-10-18T02:28:00,,,,0,,,,,,,,,,,,,,,,,,,
2020-10-18 04:00:00,1012.0,20.8,97,0.0,0.0,2.4,226.0,0.0,,,,,2020-10-18T03:49:00,,,,0,,,,,,,,,,,,,,,,,,,
2020-10-18 05:00:00,1012.0,21.1,95,0.3,191.0,3.3,223.0,0.0,,,,,2020-10-18T04:12:00,,,,0,,,,,,,,,,,,,,,,,,,
2020-10-18 06:00:00,1012.4,21.1,95,0.4,190.0,3.0,157.0,0.0,,,,,2020-10-18T05:06:00,,,,0,,,,,,,,,,,,,,,,,,,
2020-10-18 07:00:00,1012.9,21.3,95,0.1,0.0,3.0,174.0,0.0,,,,,2020-10-18T06:13:00,,,,0,,,,,,,,,,,,,,,,,,,
2020-10-18 08:00:00,1013.6,21.4,96,0.0,0.0,1.9,228.0,1.0,,,,,2020-10-18T07:07:00,,,,0,,,,,,,,,,,,,,,,,,,
2020-10-18 09:00:00,1014.0,22.0,95,0.1,0.0,1.9,174.0,0.0,,,,,2020-10-18T08:10:00,,,,0,,,,,,,,,,,,,,,,,,,
2020-10-18 10:00:00,1014.0,22.4,93,0.1,0.0,2.4,199.0,0.0,,,,,2020-10-18T09:41:00,,,,0,,,,,,,,,,,,,,,,,,,
2020-10-18 11:00:00,1013.5,21.9,96,0.1,0.0,2.4,190.0,0.5,,,,,2020-10-18T10:21:00,,,,0,,,,,,,,,,,,,,,,,,,
2020-10-18 12:00:00,1012.8,21.7,96,0.2,0.0,2.7,219.0,1.0,,,,,2020-10-18T11:44:00,,,,0,,,,,,,,,,,,,,,,,,,
2020-10-18 13:00:00,1012.2,21.4,97,0.0,0.0,3.0,193.0,1.0,,,,,2020-10-18T12:25:00,,,,0,,,,,,,,,,,,,,,,,,,
2020-10-18 14:00:00,1011.8,20.9,97,0.0,0.0,2.2,194.0,3.0,,,,,2020-10-18T13:27:00,,,,0,,,,,,,,,,,,,,,,,,,
2020-10-18 15:00:00,1011.9,20.9,97,0.0,0.0,1.3,186.0,1.5,,,,,2020-10-18T14:25:00,,,,0,,,,,,,,,,,,,,,,,,,
2020-10-18 16:00:00,1012.3,20.6,97,0.1,0.0,2.4,193.0,2.0,,,,,2020-10-18T15:03:00,,,,0,,,,,,,,,,,,,,,,,,,
2020-10-18 17:00:00,1012.7,20.6,97,0.0,0.0,1.3,175.0,1.5,,,,,2020-10-18T16:14:00,,,,0,,,,,,,,,,,,,,,,,,,
2020-10-18 18:00:00,1012.9,20.5,98,0.0,0.0,0.8,195.0,2.5,,,,,2020-10-18T17:01:00,,,,0,,,,,,,,,,,,,,,,,,,
2020-10-18 19:00:00,1013.7,20.3,98,0.0,0.0,1.3,174.0,3.5,,,,,2020-10-18T18:30:00,,,,0,,,,,,,,,,,,,,,,,,,
2020-10-18 20:00:00,1014.5,19.8,98,0.1,0.0,1.9,212.0,2.5,,,,,2020-10-18T19:37:00,,,,0,,,,,,,,,,,,,,,,,,,
2020-10-18 21:00:00,1014.9,19.4,98,0.0,0.0,1.3,226.0,2.0,,,,,2020-10-18T20:29:00,,,,0,,,,,,,,,,,,,,,,,,,
2020-10-18 22:00:00,1014.7,19.6,98,0.0,0.0,1.3,188.0,2.0,,,,,2020-10-18T21:28:00,,,,0,,,,,,,,,,,,,,,,,,,
2020-10-18 23:00:00,1014.4,19.5,98,0.0,0.0,1.3,283.0,1.0,,,,,2020-10-18T22:12:00,,,,0,,,,,,,,,,,,,,,,,,,
2020-10-19 00:00:00,1014.0,19.5,98,0.0,0.0,2.7,255.0,1.0,,,,,2020-10-18T23:42:00,,,,0,,,,,,,,,,,,,,,,,,,
2020-10-19 01:00:00,1013.7,19.4,98,0.1,0.0,3.0,254.0,1.5,,,,,2020-10-19T00:06:00,,,,0,,,,,,,,,,,,,,,,,,,
2020-10-19 02:00:00,1013.2,19.4,98,0.4,278.0,2.4,262.0,1.0,,,,,2020-10-19T01:13:00,,,,0,,,,,,,,,,,,,,,,,,,
2020-10-19 03:00:00,1012.8,19.4,98,0.0,0.0,2.4,350.0,0.5,,,,,2020-10-19T02:51:00,,,,0,,,,,,,,,,,,,,,,,,,
2020-10-19 04:00:00,1012.7,19.5,98,0.2,0.0,2.2,246.0,0.0,,,,,2020-10-19T03:06:00,,,,0,,,,,,,,,,,,,,,,,,,
2020-10-19 05:00:00,1012.9,19.5,98,0.2,0.0,1.9,261.0,0.0,,,,,2020-10-19T04:19:00,,,,0,,,,,,,,,,,,,,,,,,,
2020-10-19 06:00:00,1013.2,19.6,98,0.0,0.0,2.4,270.0,0.5,,,,,2020-10-19T05:43:00,,,,0,,,,,,,,,,,,,,,,,,,
2020-10-19 07:00:00,-9999.7,-99.7,-9997,-99.7,-999.7,1.9,252.0,0.5,,,,,2020-10-19T06:25:00,,,,0,,,,,,,,,,,,,,,,,,,
2020-10-19 08:00:00,1014.2,20.2,98,0.1,0.0,1.9,112.0,1.0,,,,,2020-10-19T07:56:00,,,,0,,,,,,,,,,,,,,,,,,,
2020-10-19 09:00:00,1014.6,20.1,98,0.0,0.0,1.6,247.0,0.5,,,,,2020-10-19T08:44:00,,,,0,,,,,,,,,,,,,,,,,,,
2020-10-19 10:00:00,1014.4,20.0,98,0.0,0.0,1.9,323.0,0.5,,,,,2020-10-19T09:08:00,,,,0,,,,,,,,,,,,,,,,,,,
2020-10-19 11:00:00,1013.6,20.3,98,0.0,0.0,1.6,315.0,1.0,,,,,2020-10-19T10:44:00,,,,0,,,,,,,,,,,,,,,,,,,
2020-10-19 12:00:00,1012.6,20.3,98,0.0,0.0,1.9,276.0,0.5,,,,,2020-10-19T11:32:00,,,,0,,,,,,,,,,,,,,,,,,,
2020-10-19 13:00:00,1011.7,20.4,98,0.0,0.0,1.9,255.0,1.5,,,,,2020-10-19T12:41:00,,,,0,,,,,,,,,,,,,,,,,,,
2020-10-19 14:00:00,1011.4,20.6,98,0.5,322.0,3.0,301.0,1.0,,,,,2020-10-19T13:52:00,,,,0,,,,,,,,,,,,,,,,,,,
2020-10-19 15:00:00,1011.2,20.8,98,0.2,0.0,3.0,186.0,0.0,,,,,2020-10-19T14:13:00,,,,0,,,,,,,,,,,,,,,,,,,
2020-10-19 16:00:00,1011.6,20.9,96,0.8,197.0,3.0,188.0,0.0,,,,,2020-10-19T15:58:00,,,,0,,,,,,,,,,,,,,,,,,,
2020-10-19 17:00:00,1012.2,21.1,94,0.6,223.0,3.5,201.0,0.5,,,,,2020-10-19T16:25:00,,,,0,,,,,,,,,,,,,,,,,,,
2020-10-19 18:00:00,1012.8,21.2,94,0.3,184.0,3.3,205.0,0.0,,,,,2020-10-19T17:36:00,,,,0,,,,,,,,,,,,,,,,,,,
2020-10-19 19:00:00,1013.5,21.5,93,0.3,202.0,4.9,198.0,0.0,,,,,2020-10-19T18:23:00,,,,0,,,,,,,,,,,,,,,,,,,
2020-10-19 20:00:00,1014.3,21.5,95,0.0,0.0,1.9,178.0,0.0,,,,,2020-10-19T19:18:00,,,,0,,,,,,,,,,,,,,,,,,,
2020-10-19 21:00:00,1014.5,21.7,91,0.0,0.0,1.9,204.0,0.0,,,,,2020-10-19T20:05:00,,,,0,,,,,,,,,,,,,,,,,,,
2020-10-19 22:00:00,1014.4,21.5,92,0.0,0.0,1.6,178.0,0.0,,,,,2020-10-19T21:32:00,,,,0,,,,,,,,,,,,,,,,,,,
2020-10-19 23:00:00,1014.1,20.6,96,0.1,0.0,1.9,336.0,0.0,,,,,2020-10-19T22:20:00,,,,0,,,,,,,,,,,,,,,,,,,
2020-10-20 00:00:00,1013.5,20.1,97,0.0,0.0,1.9,326.0,0.0,,,,,2020-10-19T23:08:00,,,,0,,,,,,,,,,,,,,,,,,,
2020-10-20 01:00:00,1013.4,19.5,97,0.1,0.0,1.9,270.0,0.0,,,,,2020-10-20T00:28:00,,,,0,,,,,,,,,,,,,,,,,,,
2020-10-20 02:00:00,1013.3,19.5,98,0.1,0.0,1.6,252.0,0.0,,,,,2020-10-20T01:03:00,,,,0,,,,,,,,,,,,,,,,,,,
2020-10-20 03:00:00,1013.0,19.7,98,0.0,0.0,2.2,245.0,0.0,,,,,2020-10-20T02:17:00,,,,0,,,,,,,,,,,,,,,,,,,
2020-10-20 04:00:00,1012.4,20.0,98,0.0,0.0,1.9,249.0,0.0,,,,,2020-10-20T03:25:00,,,,0,,,,,,,,,,,,,,,,,,,
2020-10-20 05:00:00,1012.5,20.3,97,0.0,0.0,1.9,199.0,0.0,,,,,2020-10-20T04:48:00,,,,0,,,,,,,,,,,,,,,,,,,
2020-10-20 06:00:00,1012.6,21.5,91,0.1,0.0,2.4,204.0,0.0,,,,,2020-10-20T05:49:00,,,,0,,,,,,,,,,,,,,,,,,,
2020-10-20 07:00:00,1013.2,22.2,88,0.1,0.0,2.7,204.0,0.0,,,,,2020-10-20T06:25:00,,,,0,,,,,,,,,,,,,,,,,,,
2020-10-20 08:00:00,1013.5,22.6,88,0.0,0.0,1.9,183.0,0.0,,,,,2020-10-20T07:19:00,,,,0,,,,,,,,,,,,,,,,,,,
2020-10-20 09:00:00,1013.3,22.6,88,0.6,191.0,2.7,221.0,0.0,,,,,2020-10-20T08:48:00,,,,0,,,,,,,,,,,,,,,,,,,
2020-10-20 10:00:00,1013.1,22.9,89,0.4,182.0,2.2,210.0,0.0,,,,,2020-10-20T09:04:00,,,,0,,,,,,,,,,,,,,,,,,,
2020-10-20 11:00:00,1012.5,23.4,88,0.1,0.0,2.4,197.0,0.0,,,,,2020-10-20T10:34:00,,,,0,,,,,,,,,,,,,,,,,,,
2020-10-20 12:00:00,1011.7,23.1,89,0.1,0.0,2.2,203.0,0.0,,,,,2020-10-20T11:20:00,,,,0,,,,,,,,,,,,,,,,,,,
2020-10-20 13:00:00,1010.5,22.5,95,0.0,0.0,1.9,203.0,0.0,,,,,2020-10-20T12:44:00,,,,0,,,,,,,,,,,,,,,,,,,
2020-10-20 14:00:00,1010.1,23.0,92,0.2,0.0,2.4,204.0,0.0,,,,,2020-10-20T13:11:00,,,,0,,,,,,,,,,,,,,,,,,,
2020-10-20 15:00:00,1010.2,22.2,96,0.2,0.0,3.0,165.0,1.0,,,,,2020-10-20T14:57:00,,,,0,,,,,,,,,,,,,,,,,,,
2020-10-20 16:00:00,1010.6,21.9,97,0.6,185.0,3.3,194.0,0.0,,,,,2020-10-20T15:06:00,,,,0,,,,,,,,,,,,,,,,,,,
2020-10-20 17:00:00,1010.3,21.7,97,0.5,187.0,3.0,166.0,0.5,,,,,2020-10-20T16:53:00,,,,0,,,,,,,,,,,,,,,,,,,
2020-10-20 18:00:00,1010.1,21.9,98,0.4,185.0,3.0,222.0,0.0,,,,,2020-10-20T17:04:00,,,,0,,,,,,,,,,,,,,,,,,,
2020-10-20 19:00:00,1010.5,22.0,97,0.3,167.0,3.3,193.0,0.0,,,,,2020-10-20T18:22:00,,,,0,,,,,,,,,,,,,,,,,,,
2020-10-20 20:00:00,1010.8,22.0,97,0.1,0.0,2.4,188.0,0.5,,,,,2020-10-20T19:39:00,,,,0,,,,,,,,,,,,,,,,,,,
2020-10-20 21:00:00,1010.5,22.2,97,0.0,0.0,2.2,166.0,0.5,,,,,2020-10-20T20:19:00,,,,0,,,,,,,,,,,,,,,,,,,
2020-10-20 22:00:00,1010.2,22.6,97,0.0,0.0,1.9,176.0,1.0,,,,,2020-10-20T21:42:00,,,,0,,,,,,,,,,,,,,,,,,,
2020-10-20 23:00:00,1009.8,22.9,97,0.6,176.0,4.9,202.0,4.5,,,,,2020-10-20T22:58:00,,,,0,,,,,,,,,,,,,,,,,,,
2020-10-21 00:00:00,1009.3,23.0,98,0.4,329.0,2.2,178.0,1.0,,,,,2020-10-20T23:45:00,,,,0,,,,,,,,,,,,,,,,,,,
2020-10-21 01:00:00,1008.6,23.3,98,0.2,0.0,2.4,201.0,3.0,,,,,2020-10-21T00:32:00,,,,0,,,,,,,,,,,,,,,,,,,
2020-10-21 02:00:00,1008.2,23.3,98,0.0,0.0,1.1,189.0,1.0,,,,,2020-10-21T01:03:00,,,,0,,,,,,,,,,,,,,,,,,,
2020-10-21 03:00:00,1007.8,23.3,98,0.0,0.0,1.3,182.0,1.0,,,,,2020-10-21T02:54:00,,,,0,,,,,,,,,,,,,,,,,,,
2020-10-21 04:00:00,1007.5,23.4,98,0.0,0.0,0.8,105.0,0.5,,,,,2020-10-21T03:26:00,,,,0,,,,,,,,,,,,,,,,,,,
2020-10-21 05:00:00,1007.2,23.5,98,0.0,0.0,1.6,206.0,1.0,,,,,2020-10-21T04:53:00,,,,0,,,,,,,,,,,,,,,,,,,
2020-10-21 06:00:00,1007.3,23.4,98,0.0,0.0,1.9,189.0,1.5,,,,,2020-10-21T05:54:00,,,,0,,,,,,,,,,,,,,,,,,,
2020-10-21 07:00:00,1007.7,23.5,98,0.0,0.0,1.3,176.0,0.5,,,,,2020-10-21T06:21:00,,,,0,,,,,,,,,,,,,,,,,,,
2020-10-21 08:00:00,1007.9,23.6,98,0.0,0.0,1.3,104.0,1.0,,,,,2020-10-21T07:05:00,,,,0,,,,,,,,,,,,,,,,,,,
2020-10-21 09:00:00,1007.8,24.3,97,0.0,0.0,1.3,189.0,0.0,,,,,2020-10-21T08:51:00,,,,0,,,,,,,,,,,,,,,,,,,
2020-10-21 10:00:00,1007.7,24.4,96,0.0,0.0,1.9,174.0,0.0,,,,,2020-10-21T09:12:00,,,,0,,,,,,,,,,,,,,,,,,,
2020-10-21 11:00:00,1007.2,24.3,96,0.0,0.0,2.2,107.0,2.0,,,,,2020-10-21T10:07:00,,,,0,,,,,,,,,,,,,,,,,,,
2020-10-21 12:00:00,1006.5,24.6,95,0.1,0.0,2.4,131.0,0.0,,,,,2020-10-21T11:01:00,,,,0,,,,,,,,,,,,,,,,,,,
2020-10-21 13:00:00,1005.2,25.3,91,0.2,0.0,1.9,85.0,0.0,,,,,2020-10-21T12:59:00,,,,0,,,,,,,,,,,,,,,,,,,
2020-10-21 14:00:00,1004.8,24.0,97,0.2,0.0,4.9,108.0,3.5,,,,,2020-10-21T13:21:00,,,,0,,,,,,,,,,,,,,,,,,,
2020-10-21 15:00:00,1004.4,24.3,97,0.0,0.0,2.2,102.0,0.5,,,,,2020-10-21T14:10:00,,,,0,,,,,,,,,,,,,,,,,,,
2020-10-21 16:00:00,1004.3,24.0,98,0.0,0.0,2.4,104.0,0.5,,,,,2020-10-21T15:07:00,,,,0,,,,,,,,,,,,,,,,,,,
2020-10-21 17:00:00,1004.6,24.0,98,0.0,0.0,1.9,140.0,1.0,,,,,2020-10-21T16:02:00,,,,0,,,,,,,,,,,,,,,,,,,
2020-10-21 18:00:00,1004.6,24.0,98,0.0,0.0,1.6,213.0,0.5,,,,,2020-10-21T17:20:00,,,,0,,,,,,,,,,,,,,,,,,,
2020-10-21 19:00:00,1004.7,24.0,98,0.0,0.0,0.8,215.0,7.0,,,,,2020-10-21T18:09:00,,,,0,,,,,,,,,,,,,,,,,,,
2020-10-21 20:00:00,1004.7,23.7,98,0.0,0.0,1.3,177.0,2.5,,,,,2020-10-21T19:08:00,,,,0,,,,,,,,,,,,,,,,,,,
2020-10-21 21:00:00,1004.8,23.7,99,0.0,0.0,1.6,141.0,3.0,,,,,2020-10-21T20:03:00,,,,0,,,,,,,,,,,,,,,,,,,
2020-10-21 22:00:00,1005.1,22.7,99,0.0,0.0,2.2,191.0,12.0,,,,,2020-10-21T21:09:00,,,,0,,,,,,,,,,,,,,,,,,,
2020-10-21 23:00:00,1004.9,22.1,98,0.1,0.0,1.9,194.0,2.0,,,,,2020-10-21T22:15:00,,,,0,,,,,,,,,,,,,,,,,,,
2020-10-22 00:00:00,1004.7,21.8,98,0.2,0.0,2.4,202.0,2.5,,,,,2020-10-21T23:06:00,,,,0,,,,,,,,,,,,,,,,,,,
2020-10-22 01:00:00,1004.2,21.6,98,0.0,0.0,4.9,264.0,6.0,,,,,2020-10-22T00:09:00,,,,0,,,,,,,,,,,,,,,,,,,
2020-10-22 02:00:00,1004.0,21.5,98,0.0,0.0,2.4,261.0,6.0,,,,,2020-10-22T01:19:00,,,,0,,,,,,,,,,,,,,,,,,,
2020-10-22 03:00:00,1003.7,21.5,98,0.5,239.0,3.3,213.0,4.0,,,,,2020-10-22T02:57:00,,,,0,,,,,,,,,,,,,,,,,,,
2020-10-22 04:00:00,1003.8,21.4,98,1.0,305.0,3.0,180.0,1.5,,,,,2020-10-22T03:32:00,,,,0,,,,,,,,,,,,,,,,,,,
2020-10-22 05:00:00,1003.7,21.2,97,0.3,341.0,6.0,326.0,2.0,,,,,2020-10-22T04:24:00,,,,0,,,,,,,,,,,,,,,,,,,
2020-10-22 06:00:00,1004.5,21.3,97,0.4,316.0,3.3,317.0,3.5,,,,,2020-10-22T05:34:00,,,,0,,,,,,,,,,,,,,,,,,,
2020-10-22 07:00:00,1005.2,21.1,98,0.0,0.0,4.1,339.0,6.0,,,,,2020-10-22T06:06:00,,,,0,,,,,,,,,,,,,,,,,,,
2020-10-22 08:00:00,1005.8,21.1,98,0.2,0.0,4.1,350.0,3.5,,,,,2020-10-22T07:12:00,,,,0,,,,,,,,,,,,,,,,,,,
2020-10-22 09:00:00,1007.0,20.8,98,0.5,281.0,3.5,210.0,4.0,,,,,2020-10-22T08:51:00,,,,0,,,,,,,,,,,,,,,,,,,
2020-10-22 10:00:00,1007.2,20.9,97,0.5,302.0,3.8,337.0,2.0,,,,,2020-10-22T09:26:00,,,,0,,,,,,,,,,,,,,,,,,,
2020-10-22 11:00:00,1006.9,21.2,93,0.5,324.0,4.9,337.0,0.0,,,,,2020-10-22T10:03:00,,,,0,,,,,,,,,,,,,,,,,,,
2020-10-22 12:00:00,1006.7,21.3,92,0.4,339.0,7.1,341.0,0.0,,,,,2020-10-22T11:03:00,,,,0,,,,,,,,,,,,,,,,,,,
2020-10-22 13:00:00,1006.4,21.1,93,0.2,0.0,7.1,318.0,0.5,,,,,2020-10-22T12:48:00,,,,0,,,,,,,,,,,,,,,,,,,
2020-10-22 14:00:00,1006.6,20.5,93,0.9,337.0,7.7,344.0,1.0,,,,,2020-10-22T13:53:00,,,,0,,,,,,,,,,,,,,,,,,,
2020-10-22 15:00:00,1007.0,19.9,95,1.5,337.0,6.0,355.0,1.5,,,,,2020-10-22T14:41:00,,,,0,,,,,,,,,,,,,,,,,,,
2020-10-22 16:00:00,1007.7,19.4,95,0.4,325.0,3.8,8.0,2.0,,,,,2020-10-22T15:02:00,,,,0,,,,,,,,,,,,,,,,,,,
2020-10-22 17:00:00,1008.7,19.1,96,0.2,0.0,4.9,350.0,2.0,,,,,2020-10-22T16:40:00,,,,0,,,,,,,,,,,,,,,,,,,
2020-10-22 18:00:00,1009.4,18.8,95,0.1,0.0,4.1,343.0,1.5,,,,,2020-10-22T17:45:00,,,,0,,,,,,,,,,,,,,,,,,,
2020-10-22 19:00:00,1009.7,18.6,96,0.1,0.0,3.8,350.0,2.0,,,,,2020-10-22T18:54:00,,,,0,,,,,,,,,,,,,,,,,,,
2020-10-22 20:00:00,1010.1,18.6,96,0.0,0.0,5.5,286.0,2.5,,,,,2020-10-22T19:40:00,,,,0,,,,,,,,,,,,,,,,,,,
2020-10-22 21:00:00,1010.5,18.2,96,0.1,0.0,3.5,48.0,1.5,,,,,2020-10-22T20:24:00,,,,0,,,,,,,,,,,,,,,,,,,
2020-10-22 22:00:00,1010.8,17.7,97,0.0,0.0,4.9,297.0,1.0,,,,,2020-10-22T21:34:00,,,,0,,,,,,,,,,,,,,,,,,,
2020-10-22 23:00:00,1010.9,17.9,98,0.0,0.0,2.2,277.0,0.5,,,,,2020-10-22T22:26:00,,,,0,,,,,,,,,,,,,,,,,,,
2020-10-23 00:00:00,1010.4,17.9,97,0.0,0.0,2.4,333.0,0.5,,,,,2020-10-22T23:19:00,,,,0,,,,,,,,,,,,,,,,,,,
2020-10-23 01:00:00,1009.5,18.1,98,0.2,0.0,1.6,351.0,0.0,,,,,2020-10-23T01:00:00,,,,0,,,,,,,,,,,,,,,,,,,
2020-10-23 02:00:00,1009.2,18.3,95,0.1,0.0,3.5,324.0,0.5,,,,,2020-10-23T01:26:00,,,,0,,,,,,,,,,,,,,,,,,,
2020-10-23 03:00:00,1009.2,18.5,94,0.1,0.0,3.5,292.0,0.5,,,,,2020-10-23T02:37:00,,,,0,,,,,,,,,,,,,,,,,,,
2020-10-23 04:00:00,1009.4,18.7,94,1.3,337.0,3.3,332.0,0.0,,,,,2020-10-23T03:39:00,,,,0,,,,,,,,,,,,,,,,,,,
2020-10-23 05:00:00,1009.8,18.4,96,0.7,326.0,3.5,349.0,2.5,,,,,2020-10-23T04:14:00,,,,0,,,,,,,,,,,,,,,,,,,
2020-10-23 06:00:00,1010.6,18.2,94,1.2,329.0,4.9,36.0,2.0,,,,,2020-10-23T05:53:00,,,,0,,,,,,,,,,,,,,,,,,,
2020-10-23 07:00:00,1011.7,17.9,90,0.4,338.0,3.5,338.0,0.0,,,,,2020-10-23T06:18:00,,,,0,,,,,,,,,,,,,,,,,,,
2020-10-23 08:00:00,1012.7,17.3,95,0.0,0.0,4.1,323.0,2.0,,,,,2020-10-23T07:08:00,,,,0,,,,,,,,,,,,,,,,,,,
2020-10-23 09:00:00,1013.2,17.5,97,0.5,316.0,2.4,276.0,0.5,,,,,2020-10-23T08:22:00,,,,0,,,,,,,,,,,,,,,,,,,
2020-10-23 10:00:00,1012.8,17.8,97,0.1,0.0,2.4,265.0,0.0,,,,,2020-10-23T09:48:00,,,,0,,,,,,,,,,,,,,,,,,,
2020-10-23 11:00:00,1012.7,17.7,98,0.2,0.0,1.9,255.0,0.5,,,,,2020-10-23T10:32:00,,,,0,,,,,,,,,,,,,,,,,,,
2020-10-23 12:00:00,1012.0,18.3,97,0.3,343.0,2.4,258.0,0.0,,,,,2020-10-23T11:30:00,,,,0,,,,,,,,,,,,,,,,,,,
2020-10-23 13:00:00,1011.3,18.9,93,0.5,336.0,2.4,326.0,0.0,,,,,2020-10-23T12:46:00,,,,0,,,,,,,,,,,,,,,,,,,
2020-10-23 14:00:00,1011.0,18.8,95,0.3,253.0,1.9,250.0,0.0,,,,,2020-10-23T14:00:00,,,,0,,,,,,,,,,,,,,,,,,,
2020-10-23 15:00:00,1010.9,18.6,97,0.0,0.0,2.4,349.0,0.5,,,,,2020-10-23T14:35:00,,,,0,,,,,,,,,,,,,,,,,,,
2020-10-23 16:00:00,1011.4,18.6,96,0.0,0.0,1.9,221.0,0.0,,,,,2020-10-23T15:39:00,,,,0,,,,,,,,,,,,,,,,,,,
2020-10-23 17:00:00,1011.9,18.3,96,0.0,0.0,1.9,206.0,0.0,,,,,2020-10-23T16:26:00,,,,0,,,,,,,,,,,,,,,,,,,
2020-10-23 18:00:00,1012.7,18.0,96,0.0,0.0,1.9,248.0,0.0,,,,,2020-10-23T17:03:00,,,,0,,,,,,,,,,,,,,,,,,,
2020-10-23 19:00:00,1012.9,17.9,94,0.0,0.0,1.6,165.0,0.0,,,,,2020-10-23T18:34:00,,,,0,,,,,,,,,,,,,,,,,,,
2020-10-23 20:00:00,1013.6,17.7,95,0.1,0.0,1.9,335.0,0.0,,,,,2020-10-23T19:54:00,,,,0,,,,,,,,,,,,,,,,,,,
2020-10-23 21:00:00,1013.7,17.4,97,0.1,0.0,1.9,344.0,0.0,,,,,2020-10-23T20:36:00,,,,0,,,,,,,,,,,,,,,,,,,
2020-10-23 22:00:00,1013.5,17.3,97,0.2,0.0,2.4,328.0,0.0,,,,,2020-10-23T21:01:00,,,,0,,,,,,,,,,,,,,,,,,,
2020-10-23 23:00:00,1013.3,17.3,97,0.1,0.0,1.9,301.0,0.0,,,,,2020-10-23T22:07:00,,,,0,,,,,,,,,,,,,,,,,,,
2020-10-24 00:00:00,1013.3,17.2,97,0.1,0.0,1.6,269.0,0.0,,,,,2020-10-23T23:06:00,,,,0,,,,,,,,,,,,,,,,,,,
2020-10-24 01:00:00,1013.3,17.3,97,0.0,0.0,1.9,247.0,0.0,,,,,2020-10-24T00:21:00,,,,0,,,,,,,,,,,,,,,,,,,
2020-10-24 02:00:00,1013.1,17.3,97,0.0,0.0,1.3,335.0,0.0,,,,,2020-10-24T01:07:00,,,,0,,,,,,,,,,,,,,,,,,,
2020-10-24 03:00:00,1013.2,17.3,98,0.0,0.0,1.9,268.0,0.0,,,,,2020-10-24T02:17:00,,,,0,,,,,,,,,,,,,,,,,,,
2020-10-24 04:00:00,1013.2,17.4,98,0.0,0.0,1.6,276.0,0.0,,,,,2020-10-24T03:04:00,,,,0,,,,,,,,,,,,,,,,,,,
2020-10-24 05:00:00,1013.5,17.6,98,0.0,0.0,1.9,341.0,0.0,,,,,2020-10-24T04:50:00,,,,0,,,,,,,,,,,,,,,,,,,
2020-10-24 06:00:00,1014.4,17.4,96,0.0,0.0,2.4,332.0,0.0,,,,,2020-10-24T05:43:00,,,,0,,,,,,,,,,,,,,,,,,,
2020-10-24 07:00:00,1015.4,18.7,80,0.1,0.0,1.6,188.0,0.0,,,,,2020-10-24T06:06:00,,,,0,,,,,,,,,,,,,,,,,,,
2020-10-24 08:00:00,1016.0,19.3,79,0.0,0.0,1.6,176.0,0.0,,,,,2020-10-24T07:13:00,,,,0,,,,,,,,,,,,,,,,,,,
2020-10-24 09:00:00,1016.0,19.5,82,0.0,0.0,1.3,329.0,0.0,,,,,2020-10-24T08:04:00,,,,0,,,,,,,,,,,,,,,,,,,
2020-10-24 10:00:00,1015.9,20.7,73,0.0,0.0,1.9,181.0,0.0,,,,,2020-10-24T09:08:00,,,,0,,,,,,,,,,,,,,,,,,,
2020-10-24 11:00:00,1015.1,20.8,74,0.4,178.0,2.2,201.0,0.0,,,,,2020-10-24T10:15:00,,,,0,,,,,,,,,,,,,,,,,,,
2020-10-24 12:00:00,1014.4,20.8,71,0.0,0.0,2.4,201.0,0.0,,,,,2020-10-24T11:09:00,,,,0,,,,,,,,,,,,,,,,,,,
2020-10-24 13:00:00,1013.5,21.4,70,0.0,0.0,1.9,192.0,0.0,,,,,2020-10-24T12:31:00,,,,0,,,,,,,,,,,,,,,,,,,
2020-10-24 14:00:00,1013.0,21.5,69,0.0,0.0,0.8,90.0,0.0,,,,,2020-10-24T13:10:00,,,,0,,,,,,,,,,,,,,,,,,,
2020-10-24 15:00:00,1012.9,21.0,73,0.2,0.0,1.6,103.0,0.0,,,,,2020-10-24T14:16:00,,,,0,,,,,,,,,,,,,,,,,,,
2020-10-24 16:00:00,1013.5,20.7,67,0.0,0.0,1.9,191.0,0.0,,,,,2020-10-24T15:04:00,,,,0,,,,,,,,,,,,,,,,,,,
2020-10-24 17:00:00,1013.6,20.7,64,0.0,0.0,1.1,104.0,0.0,,,,,2020-10-24T16:03:00,,,,0,,,,,,,,,,,,,,,,,,,
2020-10-24 18:00:00,-9999.7,-99.7,-9997,-99.7,-999.7,1.3,71.0,0.0,,,,,2020-10-24T17:02:00,,,,0,,,,,,,,,,,,,,,,,,,
2020-10-24 19:00:00,-9999.7,-99.7,-9997,-99.7,-999.7,1.6,327.0,0.0,,,,,2020-10-24T18:22:00,,,,0,,,,,,,,,,,,,,,,,,,
2020-10-24 20:00:00,-9999.7,-99.7,-9997,-99.7,-999.7,1.3,192.0,0.0,,,,,2020-10-24T19:22:00,,,,0,,,,,,,,,,,,,,,,,,,
2020-10-24 21:00:00,-9999.7,-99.7,-9997,-99.7,-999.7,0.0,0.0,0.0,,,,,2020-10-24T20:35:00,,,,0,,,,,,,,,,,,,,,,,,,
2020-10-24 22:00:00,1014.6,17.8,94,0.0,0.0,1.6,323.0,0.0,,,,,2020-10-24T21:51:00,,,,0,,,,,,,,,,,,,,,,,,,
2020-10-24 23:00:00,1014.5,17.2,96,0.0,0.0,1.3,236.0,0.0,,,,,2020-10-24T22:37:00,,,,0,,,,,,,,,,,,,,,,,,,
2020-10-25 00:00:00,1014.2,16.9,97,0.0,0.0,0.8,289.0,0.0,,,,,2020-10-24T23:36:00,,,,0,,,,,,,,,,,,,,,,,,,
2020-10-25 01:00:00,1013.7,17.0,97,0.2,0.0,1.9,317.0,0.0,,,,,2020-10-25T00:44:00,,,,0,,,,,,,,,,,,,,,,,,,
2020-10-25 02:00:00,1013.4,17.2,97,0.3,318.0,1.6,315.0,0.0,,,,,2020-10-25T01:29:00,,,,0,,,,,,,,,,,,,,,,,,,
2020-10-25 03:00:00,1013.2,17.5,96,0.0,0.0,1.6,317.0,0.0,,,,,2020-10-25T02:02:00,,,,0,,,,,,,,,,,,,,,,,,,
2020-10-25 04:00:00,1013.1,17.8,96,0.0,0.0,1.9,319.0,0.0,,,,,2020-10-25T03:29:00,,,,0,,,,,,,,,,,,,,,,,,,
2020-10-25 05:00:00,1013.3,18.1,96,0.0,0.0,1.9,323.0,0.0,,,,,2020-10-25T04:35:00,,,,0,,,,,,,,,,,,,,,,,,,
2020-10-25 06:00:00,1013.8,18.2,96,0.1,0.0,1.3,320.0,0.0,,,,,2020-10-25T05:15:00,,,,0,,,,,,,,,,,,,,,,,,,
2020-10-25 07:00:00,1014.2,18.3,96,0.0,0.0,1.3,313.0,0.0,,,,,2020-10-25T06:40:00,,,,0,,,,,,,,,,,,,,,,,,,
2020-10-25 08:00:00,1014.4,18.7,96,0.0,0.0,1.3,264.0,0.0,,,,,2020-10-25T07:12:00,,,,0,,,,,,,,,,,,,,,,,,,
2020-10-25 09:00:00,1014.5,19.2,95,0.1,0.0,1.9,331.0,0.0,,,,,2020-10-25T08:21:00,,,,0,,,,,,,,,,,,,,,,,,,
2020-10-25 10:00:00,1014.4,20.2,91,0.0,0.0,1.9,257.0,0.0,,,,,2020-10-25T09:04:00,,,,0,,,,,,,,,,,,,,,,,,,
2020-10-25 11:00:00,1013.8,21.8,87,0.0,0.0,1.3,338.0,0.0,,,,,2020-10-25T10:08:00,,,,0,,,,,,,,,,,,,,,,,,,
2020-10-25 12:00:00,1013.0,22.2,78,0.0,0.0,0.0,0.0,0.0,,,,,2020-10-25T11:05:00,,,,0,,,,,,,,,,,,,,,,,,,
2020-10-25 13:00:00,1012.0,21.9,82,0.0,0.0,0.0,0.0,0.0,,,,,2020-10-25T12:05:00,,,,0,,,,,,,,,,,,,,,,,,,
2020-10-25 14:00:00,1011.5,21.0,93,0.0,0.0,0.0,0.0,0.0,,,,,2020-10-25T13:05:00,,,,0,,,,,,,,,,,,,,,,,,,
2020-10-25 15:00:00,1011.2,20.7,95,0.0,0.0,0.0,0.0,0.0,,,,,2020-10-25T14:05:00,,,,0,,,,,,,,,,,,,,,,,,,
2020-10-25 16:00:00,1011.0,20.5,96,0.0,0.0,0.0,0.0,0.0,,,,,2020-10-25T15:05:00,,,,0,,,,,,,,,,,,,,,,,,,
2020-10-25 17:00:00,1011.6,20.2,96,0.0,0.0,0.0,0.0,0.0,,,,,2020-10-25T16:05:00,,,,0,,,,,,,,,,,,,,,,,,,
2020-10-25 18:00:00,1012.1,20.0,97,0.0,0.0,0.0,0.0,0.0,,,,,2020-10-25T17:05:00,,,,0,,,,,,,,,,,,,,,,,,,
2020-10-25 19:00:00,1012.5,20.0,97,0.0,0.0,0.0,0.0,0.0,,,,,2020-10-25T18:05:00,,,,0,,,,,,,,,,,,,,,,,,,
2020-10-25 20:00:00,1012.8,19.7,97,0.0,0.0,0.0,0.0,0.0,,,,,2020-10-25T19:05:00,,,,0,,,,,,,,,,,,,,,,,,,
2020-10-25 21:00:00,1013.1,19.7,97,0.0,0.0,0.0,0.0,0.0,,,,,2020-10-25T20:05:00,,,,0,,,,,,,,,,,,,,,,,,,
2020-10-25 22:00:00,1012.7,19.3,98,0.0,0.0,0.8,142.0,0.0,,,,,2020-10-25T21:35:00,,,,0,,,,,,,,,,,,,,,,,,,
2020-10-25 23:00:00,1012.5,19.0,98,0.0,0.0,0.0,0.0,0.0,,,,,2020-10-25T22:05:00,,,,0,,,,,,,,,,,,,,,,,,,
2020-10-26 00:00:00,1012.1,18.9,98,0.0,0.0,1.3,329.0,0.0,,,,,2020-10-25T23:45:00,,,,0,,,,,,,,,,,,,,,,,,,
2020-10-26 01:00:00,1011.5,18.9,98,0.0,0.0,0.0,0.0,0.0,,,,,2020-10-26T00:05:00,,,,0,,,,,,,,,,,,,,,,,,,
2020-10-26 02:00:00,1011.1,18.8,98,0.0,0.0,1.1,284.0,0.0,,,,,2020-10-26T01:51:00,,,,0,,,,,,,,,,,,,,,,,,,
2020-10-26 03:00:00,1010.7,19.0,98,0.0,0.0,1.1,355.0,0.0,,,,,2020-10-26T02:01:00,,,,0,,,,,,,,,,,,,,,,,,,
2020-10-26 04:00:00,1010.7,19.2,98,0.0,0.0,0.0,0.0,0.0,,,,,2020-10-26T03:05:00,,,,0,,,,,,,,,,,,,,,,,,,
2020-10-26 05:00:00,1010.9,19.2,98,0.0,0.0,0.0,0.0,0.0,,,,,2020-10-26T04:05:00,,,,0,,,,,,,,,,,,,,,,,,,
2020-10-26 06:00:00,1011.6,19.1,98,0.0,0.0,0.0,0.0,0.0,,,,,2020-10-26T05:05:00,,,,0,,,,,,,,,,,,,,,,,,,
2020-10-26 07:00:00,1012.2,19.1,98,0.0,0.0,0.0,0.0,0.0,,,,,2020-10-26T06:05:00,,,,0,,,,,,,,,,,,,,,,,,,
2020-10-26 08:00:00,1012.6,19.7,98,0.0,0.0,0.0,0.0,0.0,,,,,2020-10-26T07:05:00,,,,0,,,,,,,,,,,,,,,,,,,
2020-10-26 09:00:00,1012.8,21.1,97,0.0,0.0,0.8,319.0,0.0,,,,,2020-10-26T08:45:00,,,,0,,,,,,,,,,,,,,,,,,,
2020-10-26 10:00:00,1012.1,25.0,77,0.3,178.0,1.9,226.0,0.0,,,,,2020-10-26T09:50:00,,,,0,,,,,,,,,,,,,,,,,,,
2020-10-26 11:00:00,1011.0,25.8,70,0.2,0.0,3.8,170.0,0.0,,,,,2020-10-26T10:31:00,,,,0,,,,,,,,,,,,,,,,,,,
2020-10-26 12:00:00,1010.6,24.5,72,0.1,0.0,2.4,220.0,0.0,,,,,2020-10-26T11:18:00,,,,0,,,,,,,,,,,,,,,,,,,
2020-10-26 13:00:00,1009.7,24.4,72,0.0,0.0,1.6,107.0,0.0,,,,,2020-10-26T12:44:00,,,,0,,,,,,,,,,,,,,,,,,,
2020-10-26 14:00:00,1009.0,24.6,71,0.0,0.0,1.6,189.0,0.0,,,,,2020-10-26T13:35:00,,,,0,,,,,,,,,,,,,,,,,,,
2020-10-26 15:00:00,1008.7,24.1,76,0.0,0.0,2.4,114.0,0.0,,,,,2020-10-26T14:18:00,,,,0,,,,,,,,,,,,,,,,,,,
2020-10-26 16:00:00,1008.8,24.0,76,0.1,0.0,1.3,227.0,0.0,,,,,2020-10-26T15:15:00,,,,0,,,,,,,,,,,,,,,,,,,
2020-10-26 17:00:00,1009.0,23.5,74,0.1,0.0,1.9,106.0,0.0,,,,,2020-10-26T16:17:00,,,,0,,,,,,,,,,,,,,,,,,,
2020-10-26 18:00:00,1009.7,22.7,79,0.0,0.0,1.1,111.0,0.0,,,,,2020-10-26T17:02:00,,,,0,,,,,,,,,,,,,,,,,,,
2020-10-26 19:00:00,1010.5,21.6,87,0.0,0.0,1.3,102.0,0.0,,,,,2020-10-26T18:09:00,,,,0,,,,,,,,,,,,,,,,,,,
2020-10-26 20:00:00,1011.2,20.7,93,0.0,0.0,0.0,0.0,0.0,,,,,2020-10-26T19:05:00,,,,0,,,,,,,,,,,,,,,,,,,
2020-10-26 21:00:00,1011.6,20.4,94,0.1,0.0,1.3,326.0,0.0,,,,,2020-10-26T21:00:00,,,,0,,,,,,,,,,,,,,,,,,,
2020-10-26 22:00:00,1011.5,19.9,95,0.0,0.0,0.8,337.0,0.0,,,,,2020-10-26T22:00:00,,,,0,,,,,,,,,,,,,,,,,,,
2020-10-26 23:00:00,1011.1,19.4,96,0.0,0.0,1.6,315.0,0.0,,,,,2020-10-26T22:35:00,,,,0,,,,,,,,,,,,,,,,,,,
2020-10-27 00:00:00,1010.6,18.8,97,0.0,0.0,0.0,0.0,0.0,,,,,2020-10-26T23:05:00,,,,0,,,,,,,,,,,,,,,,,,,
2020-10-27 01:00:00,1010.2,18.3,97,0.0,0.0,0.0,0.0,0.0,,,,,2020-10-27T00:05:00,,,,0,,,,,,,,,,,,,,,,,,,
2020-10-27 02:00:00,1009.8,17.8,98,0.0,0.0,0.0,0.0,0.0,,,,,2020-10-27T01:05:00,,,,0,,,,,,,,,,,,,,,,,,,
2020-10-27 03:00:00,1009.4,17.7,98,0.0,0.0,0.0,0.0,0.0,,,,,2020-10-27T02:05:00,,,,0,,,,,,,,,,,,,,,,,,,
2020-10-27 04:00:00,1009.4,17.4,98,0.0,0.0,0.0,0.0,0.0,,,,,2020-10-27T03:05:00,,,,0,,,,,,,,,,,,,,,,,,,
2020-10-27 05:00:00,1009.8,17.3,98,0.0,0.0,0.0,0.0,0.0,,,,,2020-10-27T04:05:00,,,,0,,,,,,,,,,,,,,,,,,,
2020-10-27 06:00:00,1010.5,17.3,98,0.0,0.0,0.0,0.0,0.0,,,,,2020-10-27T05:05:00,,,,0,,,,,,,,,,,,,,,,,,,
2020-10-27 07:00:00,1011.2,17.9,98,0.0,0.0,0.0,0.0,0.0,,,,,2020-10-27T06:05:00,,,,0,,,,,,,,,,,,,,,,,,,
2020-10-27 08:00:00,1011.7,19.7,96,0.0,0.0,0.0,0.0,0.0,,,,,2020-10-27T07:05:00,,,,0,,,,,,,,,,,,,,,,,,,
2020-10-27 09:00:00,1011.7,23.3,82,0.0,0.0,0.8,177.0,0.0,,,,,2020-10-27T08:44:00,,,,0,,,,,,,,,,,,,,,,,,,
2020-10-27 10:00:00,1011.7,23.8,81,0.1,0.0,1.6,180.0,0.0,,,,,2020-10-27T09:11:00,,,,0,,,,,,,,,,,,,,,,,,,
2020-10-27 11:00:00,1011.3,22.8,83,0.0,0.0,1.9,240.0,0.0,,,,,2020-10-27T10:14:00,,,,0,,,,,,,,,,,,,,,,,,,
2020-10-27 12:00:00,1010.6,23.5,85,0.0,0.0,0.8,191.0,0.0,,,,,2020-10-27T11:59:00,,,,0,,,,,,,,,,,,,,,,,,,
2020-10-27 13:00:00,1009.9,23.9,74,0.1,0.0,1.9,144.0,0.0,,,,,2020-10-27T12:13:00,,,,0,,,,,,,,,,,,,,,,,,,
2020-10-27 14:00:00,1009.3,24.8,72,0.0,0.0,1.9,132.0,0.0,,,,,2020-10-27T13:08:00,,,,0,,,,,,,,,,,,,,,,,,,
2020-10-27 15:00:00,1009.1,24.1,76,0.0,0.0,2.4,227.0,0.0,,,,,2020-10-27T14:09:00,,,,0,,,,,,,,,,,,,,,,,,,
2020-10-27 16:00:00,1009.4,23.8,77,0.0,0.0,1.9,104.0,0.0,,,,,2020-10-27T15:31:00,,,,0,,,,,,,,,,,,,,,,,,,
2020-10-27 17:00:00,1009.8,23.0,82,0.0,0.0,1.1,82.0,0.0,,,,,2020-10-27T16:33:00,,,,0,,,,,,,,,,,,,,,,,,,
2020-10-27 18:00:00,1010.3,21.9,90,0.0,0.0,0.0,0.0,0.0,,,,,2020-10-27T17:05:00,,,,0,,,,,,,,,,,,,,,,,,,
2020-10-27 19:00:00,1011.2,21.8,92,0.0,0.0,1.3,184.0,0.0,,,,,2020-10-27T18:50:00,,,,0,,,,,,,,,,,,,,,,,,,
2020-10-27 20:00:00,1012.0,21.4,95,0.0,0.0,1.3,334.0,0.0,,,,,2020-10-27T19:19:00,,,,0,,,,,,,,,,,,,,,,,,,
2020-10-27 21:00:00,1012.4,21.2,96,0.0,0.0,1.3,321.0,0.5,,,,,2020-10-27T20:06:00,,,,0,,,,,,,,,,,,,,,,,,,
2020-10-27 22:00:00,1012.6,21.2,97,0.0,0.0,1.3,334.0,0.0,,,,,2020-10-27T21:15:00,,,,0,,,,,,,,,,,,,,,,,,,
2020-10-27 23:00:00,1012.7,21.1,97,0.0,0.0,0.0,0.0,0.0,,,,,2020-10-27T22:05:00,,,,0,,,,,,,,,,,,,,,,,,,
2020-10-28 00:00:00,1012.7,21.0,97,0.0,0.0,0.8,354.0,0.0,,,,,2020-10-27T23:18:00,,,,0,,,,,,,,,,,,,,,,,,,
2020-10-28 01:00:00,1012.2,21.0,97,0.0,0.0,1.3,355.0,0.0,,,,,2020-10-28T00:06:00,,,,0,,,,,,,,,,,,,,,,,,,
2020-10-28 02:00:00,1011.8,20.5,97,0.0,0.0,0.0,0.0,0.0,,,,,2020-10-28T01:05:00,,,,0,,,,,,,,,,,,,,,,,,,
2020-10-28 03:00:00,1011.7,20.3,98,0.0,0.0,0.0,0.0,0.0,,,,,2020-10-28T02:05:00,,,,0,,,,,,,,,,,,,,,,,,,
2020-10-28 04:00:00,1011.6,20.1,98,0.0,0.0,0.8,352.0,0.0,,,,,2020-10-28T03:19:00,,,,0,,,,,,,,,,,,,,,,,,,
2020-10-28 05:00:00,1011.8,19.9,98,0.0,0.0,0.0,0.0,0.0,,,,,2020-10-28T04:05:00,,,,0,,,,,,,,,,,,,,,,,,,
2020-10-28 06:00:00,1012.4,19.9,98,0.0,0.0,0.0,0.0,0.0,,,,,2020-10-28T05:05:00,,,,0,,,,,,,,,,,,,,,,,,,
2020-10-28 07:00:00,1013.0,20.3,98,0.0,0.0,0.0,0.0,0.0,,,,,2020-10-28T06:05:00,,,,0,,,,,,,,,,,,,,,,,,,
2020-10-28 08:00:00,1013.7,20.9,98,0.0,0.0,0.0,0.0,0.0,,,,,2020-10-28T07:05:00,,,,0,,,,,,,,,,,,,,,,,,,
2020-10-28 09:00:00,1014.2,21.5,96,0.0,0.0,0.0,0.0,0.0,,,,,2020-10-28T08:05:00,,,,0,,,,,,,,,,,,,,,,,,,
2020-10-28 10:00:00,1014.4,22.3,96,0.0,0.0,0.8,209.0,0.0,,,,,2020-10-28T09:07:00,,,,0,,,,,,,,,,,,,,,,,,,
2020-10-28 11:00:00,1013.9,22.4,95,0.0,0.0,0.0,0.0,0.0,,,,,2020-10-28T10:05:00,,,,0,,,,,,,,,,,,,,,,,,,
2020-10-28 12:00:00,1013.2,22.8,94,0.0,0.0,0.0,0.0,0.0,,,,,2020-10-28T11:05:00,,,,0,,,,,,,,,,,,,,,,,,,
2020-10-28 13:00:00,1012.5,23.6,89,0.0,0.0,1.1,291.0,0.0,,,,,2020-10-28T12:19:00,,,,0,,,,,,,,,,,,,,,,,,,
2020-10-28 14:00:00,1012.3,23.0,93,0.0,0.0,0.8,290.0,0.0,,,,,2020-10-28T13:06:00,,,,0,,,,,,,,,,,,,,,,,,,
2020-10-28 15:00:00,1012.3,22.5,95,0.0,0.0,1.3,249.0,0.0,,,,,2020-10-28T14:47:00,,,,0,,,,,,,,,,,,,,,,,,,
2020-10-28 16:00:00,1012.5,22.2,96,0.2,0.0,1.9,260.0,0.0,,,,,2020-10-28T15:08:00,,,,0,,,,,,,,,,,,,,,,,,,
2020-10-28 17:00:00,1013.0,22.0,96,0.1,0.0,2.2,231.0,0.0,,,,,2020-10-28T16:16:00,,,,0,,,,,,,,,,,,,,,,,,,
2020-10-28 18:00:00,1013.5,21.7,96,0.0,0.0,1.9,242.0,0.0,,,,,2020-10-28T17:06:00,,,,0,,,,,,,,,,,,,,,,,,,
2020-10-28 19:00:00,1014.1,21.4,97,0.0,0.0,1.3,253.0,0.0,,,,,2020-10-28T18:23:00,,,,0,,,,,,,,,,,,,,,,,,,
2020-10-28 20:00:00,1014.5,21.2,98,0.0,0.0,1.9,338.0,0.5,,,,,2020-10-28T19:06:00,,,,0,,,,,,,,,,,,,,,,,,,
2020-10-28 21:00:00,1014.9,21.2,98,0.0,0.0,1.1,242.0,0.0,,,,,2020-10-28T20:29:00,,,,0,,,,,,,,,,,,,,,,,,,
2020-10-28 22:00:00,1014.8,21.1,98,0.0,0.0,0.8,263.0,0.0,,,,,2020-10-28T21:58:00,,,,0,,,,,,,,,,,,,,,,,,,
2020-10-28 23:00:00,1014.9,21.0,98,0.0,0.0,0.8,276.0,0.0,,,,,2020-10-28T22:05:00,,,,0,,,,,,,,,,,,,,,,,,,
2020-10-29 00:00:00,1014.7,21.1,98,0.0,0.0,1.9,332.0,0.0,,,,,2020-10-28T23:19:00,,,,0,,,,,,,,,,,,,,,,,,,
2020-10-29 01:00:00,1014.4,21.0,98,0.0,0.0,0.8,213.0,1.5,,,,,2020-10-29T00:02:00,,,,0,,,,,,,,,,,,,,,,,,,
2020-10-29 02:00:00,1014.1,21.0,98,0.0,0.0,1.3,268.0,1.5,,,,,2020-10-29T01:50:00,,,,0,,,,,,,,,,,,,,,,,,,
2020-10-29 03:00:00,1014.1,21.0,98,0.0,0.0,1.9,251.0,0.5,,,,,2020-10-29T02:18:00,,,,0,,,,,,,,,,,,,,,,,,,
2020-10-29 04:00:00,1014.5,20.9,98,0.1,0.0,1.6,328.0,0.5,,,,,2020-10-29T03:09:00,,,,0,,,,,,,,,,,,,,,,,,,
2020-10-29 05:00:00,1014.4,20.8,98,0.5,323.0,2.2,248.0,0.5,,,,,2020-10-29T04:47:00,,,,0,,,,,,,,,,,,,,,,,,,
2020-10-29 06:00:00,1014.8,20.8,98,0.0,0.0,2.4,260.0,1.0,,,,,2020-10-29T05:46:00,,,,0,,,,,,,,,,,,,,,,,,,
2020-10-29 07:00:00,1015.3,20.9,98,0.0,0.0,1.9,353.0,0.0,,,,,2020-10-29T06:06:00,,,,0,,,,,,,,,,,,,,,,,,,
2020-10-29 08:00:00,1016.0,21.3,98,0.1,0.0,1.3,341.0,0.0,,,,,2020-10-29T07:03:00,,,,0,,,,,,,,,,,,,,,,,,,
2020-10-29 09:00:00,1016.2,21.5,98,0.0,0.0,1.1,299.0,0.0,,,,,2020-10-29T08:16:00,,,,0,,,,,,,,,,,,,,,,,,,
2020-10-29 10:00:00,1016.1,21.3,98,0.0,0.0,1.3,332.0,0.5,,,,,2020-10-29T09:04:00,,,,0,,,,,,,,,,,,,,,,,,,
2020-10-29 11:00:00,1015.5,21.8,98,0.0,0.0,0.0,0.0,0.0,,,,,2020-10-29T10:05:00,,,,0,,,,,,,,,,,,,,,,,,,
2020-10-29 12:00:00,1014.8,21.9,98,0.0,0.0,1.1,243.0,0.0,,,,,2020-10-29T11:08:00,,,,0,,,,,,,,,,,,,,,,,,,
2020-10-29 13:00:00,1013.9,22.2,94,0.3,333.0,1.6,318.0,0.0,,,,,2020-10-29T12:59:00,,,,0,,,,,,,,,,,,,,,,,,,
2020-10-29 14:00:00,1013.4,21.9,94,0.0,0.0,2.2,316.0,0.0,,,,,2020-10-29T13:01:00,,,,0,,,,,,,,,,,,,,,,,,,
2020-10-29 15:00:00,1013.2,21.6,95,0.0,0.0,1.3,253.0,0.0,,,,,2020-10-29T14:50:00,,,,0,,,,,,,,,,,,,,,,,,,
2020-10-29 16:00:00,1013.6,21.3,96,0.0,0.0,0.8,266.0,0.0,,,,,2020-10-29T15:49:00,,,,0,,,,,,,,,,,,,,,,,,,
2020-10-29 17:00:00,1014.0,21.0,96,0.0,0.0,0.0,0.0,0.0,,,,,2020-10-29T16:15:00,,,,0,,,,,,,,,,,,,,,,,,,
2020-10-29 18:00:00,1014.4,20.8,97,0.0,0.0,1.9,275.0,0.0,,,,,2020-10-29T17:33:00,,,,0,,,,,,,,,,,,,,,,,,,
2020-10-29 19:00:00,1014.7,20.6,97,0.0,0.0,1.9,258.0,0.0,,,,,2020-10-29T18:07:00,,,,0,,,,,,,,,,,,,,,,,,,
2020-10-29 20:00:00,1015.5,20.4,97,0.1,0.0,1.6,297.0,0.0,,,,,2020-10-29T19:20:00,,,,0,,,,,,,,,,,,,,,,,,,
2020-10-29 21:00:00,1015.8,20.3,97,0.0,0.0,1.6,276.0,0.0,,,,,2020-10-29T20:25:00,,,,0,,,,,,,,,,,,,,,,,,,
2020-10-29 22:00:00,1015.9,20.3,97,0.0,0.0,1.9,281.0,0.0,,,,,2020-10-29T21:22:00,,,,0,,,,,,,,,,,,,,,,,,,
2020-10-29 23:00:00,1015.8,20.1,98,0.0,0.0,1.6,296.0,0.0,,,,,2020-10-29T22:19:00,,,,0,,,,,,,,,,,,,,,,,,,
2020-10-30 00:00:00,1015.5,20.0,97,0.1,0.0,2.2,254.0,0.5,,,,,2020-10-29T23:27:00,,,,0,,,,,,,,,,,,,,,,,,,
2020-10-30 01:00:00,1015.2,20.0,98,0.1,0.0,2.4,337.0,0.0,,,,,2020-10-30T00:12:00,,,,0,,,,,,,,,,,,,,,,,,,
2020-10-30 02:00:00,1015.0,19.7,97,0.4,317.0,2.4,340.0,0.5,,,,,2020-10-30T01:51:00,,,,0,,,,,,,,,,,,,,,,,,,
2020-10-30 03:00:00,-9999.7,-99.7,-9997,-99.7,-999.7,1.9,325.0,0.0,,,,,2020-10-30T02:43:00,,,,0,,,,,,,,,,,,,,,,,,,
2020-10-30 04:00:00,-9999.7,-99.7,-9997,-99.7,-999.7,0.8,256.0,0.0,,,,,2020-10-30T03:22:00,,,,0,,,,,,,,,,,,,,,,,,,
2020-10-30 05:00:00,-9999.7,-99.7,-9997,-99.7,-999.7,0.0,0.0,0.0,,,,,2020-10-30T04:35:00,,,,0,,,,,,,,,,,,,,,,,,,
2020-10-30 06:00:00,1015.9,19.1,98,0.0,0.0,1.3,352.0,0.0,,,,,2020-10-30T05:07:00,,,,0,,,,,,,,,,,,,,,,,,,
2020-10-30 07:00:00,1016.1,19.1,97,0.1,0.0,1.9,306.0,0.0,,,,,2020-10-30T06:07:00,,,,0,,,,,,,,,,,,,,,,,,,
2020-10-30 08:00:00,-9999.7,-99.7,-9997,-99.7,-999.7,1.3,232.0,0.0,,,,,2020-10-30T07:45:00,,,,0,,,,,,,,,,,,,,,,,,,
2020-10-30 09:00:00,1017.4,19.7,89,0.0,0.0,0.0,0.0,0.0,,,,,2020-10-30T08:55:00,,,,0,,,,,,,,,,,,,,,,,,,
2020-10-30 10:00:00,1017.7,21.0,80,0.3,244.0,2.7,328.0,0.0,,,,,2020-10-30T09:57:00,,,,0,,,,,,,,,,,,,,,,,,,
2020-10-30 11:00:00,1017.3,20.6,76,0.3,335.0,3.3,342.0,0.0,,,,,2020-10-30T10:38:00,,,,0,,,,,,,,,,,,,,,,,,,
2020-10-30 12:00:00,1016.7,20.9,79,0.0,0.0,2.7,190.0,0.0,,,,,2020-10-30T11:41:00,,,,0,,,,,,,,,,,,,,,,,,,
2020-10-30 13:00:00,1015.8,21.2,73,0.3,256.0,3.0,334.0,0.0,,,,,2020-10-30T12:45:00,,,,0,,,,,,,,,,,,,,,,,,,
2020-10-30 14:00:00,1015.5,20.6,75,0.3,82.0,3.5,338.0,0.0,,,,,2020-10-30T13:25:00,,,,0,,,,,,,,,,,,,,,,,,,
2020-10-30 15:00:00,1015.4,20.4,76,0.0,0.0,2.7,194.0,0.0,,,,,2020-10-30T14:42:00,,,,0,,,,,,,,,,,,,,,,,,,
2020-10-30 16:00:00,-9999.7,-99.7,-9997,-99.7,-999.7,1.9,209.0,0.0,,,,,2020-10-30T15:25:00,,,,0,,,,,,,,,,,,,,,,,,,
2020-10-30 17:00:00,1015.9,20.4,73,0.0,0.0,1.9,142.0,0.0,,,,,2020-10-30T16:48:00,,,,0,,,,,,,,,,,,,,,,,,,
2020-10-30 18:00:00,1016.1,19.6,82,0.3,158.0,3.5,134.0,0.0,,,,,2020-10-30T17:58:00,,,,0,,,,,,,,,,,,,,,,,,,
2020-10-30 19:00:00,1016.9,19.9,74,0.0,0.0,2.7,155.0,0.0,,,,,2020-10-30T18:21:00,,,,0,,,,,,,,,,,,,,,,,,,
2020-10-30 20:00:00,1017.3,18.6,89,0.1,0.0,1.6,331.0,0.0,,,,,2020-10-30T19:59:00,,,,0,,,,,,,,,,,,,,,,,,,
2020-10-30 21:00:00,1017.6,17.5,95,0.1,0.0,1.9,334.0,0.0,,,,,2020-10-30T20:21:00,,,,0,,,,,,,,,,,,,,,,,,,
2020-10-30 22:00:00,1017.3,17.0,96,0.1,0.0,1.9,245.0,0.0,,,,,2020-10-30T21:34:00,,,,0,,,,,,,,,,,,,,,,,,,
2020-10-30 23:00:00,1017.1,16.8,95,0.4,331.0,2.2,319.0,0.0,,,,,2020-10-30T22:04:00,,,,0,,,,,,,,,,,,,,,,,,,
2020-10-31 00:00:00,1016.7,16.3,96,0.2,0.0,1.3,297.0,0.0,,,,,2020-10-30T23:10:00,,,,0,,,,,,,,,,,,,,,,,,,
2020-10-31 01:00:00,1016.6,16.1,96,0.0,0.0,1.9,344.0,0.0,,,,,2020-10-31T00:31:00,,,,0,,,,,,,,,,,,,,,,,,,
2020-10-31 02:00:00,1016.1,16.1,96,0.0,0.0,1.6,333.0,0.0,,,,,2020-10-31T01:52:00,,,,0,,,,,,,,,,,,,,,,,,,
2020-10-31 03:00:00,1015.5,16.1,96,0.0,0.0,1.6,337.0,0.0,,,,,2020-10-31T02:29:00,,,,0,,,,,,,,,,,,,,,,,,,
2020-10-31 04:00:00,1015.2,15.8,97,0.1,0.0,1.3,343.0,0.0,,,,,2020-10-31T03:34:00,,,,0,,,,,,,,,,,,,,,,,,,
2020-10-31 05:00:00,1015.2,15.6,97,0.1,0.0,1.3,13.0,0.0,,,,,2020-10-31T04:02:00,,,,0,,,,,,,,,,,,,,,,,,,
2020-10-31 06:00:00,1015.7,15.7,97,0.0,0.0,1.6,329.0,0.0,,,,,2020-10-31T05:52:00,,,,0,,,,,,,,,,,,,,,,,,,
2020-10-31 07:00:00,1016.1,15.9,96,0.1,0.0,1.6,346.0,0.0,,,,,2020-10-31T06:01:00,,,,0,,,,,,,,,,,,,,,,,,,
2020-10-31 08:00:00,1016.4,17.4,93,0.0,0.0,1.3,336.0,0.0,,,,,2020-10-31T07:01:00,,,,0,,,,,,,,,,,,,,,,,,,
2020-10-31 09:00:00,1016.5,20.6,80,0.0,0.0,1.3,337.0,0.0,,,,,2020-10-31T08:29:00,,,,0,,,,,,,,,,,,,,,,,,,
2020-10-31 10:00:00,1016.3,23.4,61,0.1,0.0,2.7,195.0,0.0,,,,,2020-10-31T09:13:00,,,,0,,,,,,,,,,,,,,,,,,,
2020-10-31 11:00:00,1015.7,23.8,60,0.1,0.0,3.0,174.0,0.0,,,,,2020-10-31T10:43:00,,,,0,,,,,,,,,,,,,,,,,,,
2020-10-31 12:00:00,1014.7,23.6,63,0.1,0.0,4.9,314.0,0.0,,,,,2020-10-31T11:13:00,,,,0,,,,,,,,,,,,,,,,,,,
2020-10-31 13:00:00,1013.9,23.8,63,0.1,0.0,1.9,239.0,0.0,,,,,2020-10-31T12:22:00,,,,0,,,,,,,,,,,,,,,,,,,
2020-10-31 14:00:00,1013.1,24.3,60,0.1,0.0,2.4,342.0,0.0,,,,,2020-10-31T13:35:00,,,,0,,,,,,,,,,,,,,,,,,,
2020-10-31 15:00:00,1012.8,23.1,72,0.4,192.0,3.0,331.0,0.0,,,,,2020-10-31T14:27:00,,,,0,,,,,,,,,,,,,,,,,,,
2020-10-31 16:00:00,1012.8,22.4,76,0.0,0.0,2.2,196.0,0.0,,,,,2020-10-31T15:11:00,,,,0,,,,,,,,,,,,,,,,,,,
2020-10-31 17:00:00,1012.7,21.7,79,0.0,0.0,1.3,195.0,0.0,,,,,2020-10-31T16:07:00,,,,0,,,,,,,,,,,,,,,,,,,
2020-10-31 18:00:00,1012.9,19.9,91,0.0,0.0,1.3,338.0,0.0,,,,,2020-10-31T17:43:00,,,,0,,,,,,,,,,,,,,,,,,,
2020-10-31 19:00:00,1013.3,19.7,92,0.0,0.0,1.3,262.0,0.0,,,,,2020-10-31T18:15:00,,,,0,,,,,,,,,,,,,,,,,,,
2020-10-31 20:00:00,1013.5,19.6,93,0.0,0.0,1.3,342.0,0.0,,,,,2020-10-31T19:21:00,,,,0,,,,,,,,,,,,,,,,,,,
2020-10-31 21:00:00,1013.4,21.6,84,0.1,0.0,1.9,196.0,0.0,,,,,2020-10-31T20:38:00,,,,0,,,,,,,,,,,,,,,,,,,
2020-10-31 22:00:00,1013.4,20.3,92,0.2,0.0,1.9,324.0,0.0,,,,,2020-10-31T21:33:00,,,,0,,,,,,,,,,,,,,,,,,,
2020-10-31 23:00:00,1013.0,20.0,94,0.3,315.0,1.9,338.0,0.0,,,,,2020-10-31T22:02:00,,,,0,,,,,,,,,,,,,,,,,,,
2020-11-01 00:00:00,1012.7,19.0,95,0.0,0.0,0.8,309.0,0.0,,,,,2020-10-31T23:01:00,,,,0,,,,,,,,,,,,,,,,,,,
2020-11-01 01:00:00,1012.4,18.1,96,0.0,0.0,1.3,341.0,0.0,,,,,2020-11-01T00:35:00,,,,0,,,,,,,,,,,,,,,,,,,
2020-11-01 02:00:00,1012.1,17.7,97,0.0,0.0,1.3,346.0,0.0,,,,,2020-11-01T01:20:00,,,,0,,,,,,,,,,,,,,,,,,,
2020-11-01 03:00:00,1011.7,17.8,97,0.0,0.0,0.0,0.0,0.0,,,,,2020-11-01T02:05:00,,,,0,,,,,,,,,,,,,,,,,,,
2020-11-01 04:00:00,1011.6,17.9,97,0.0,0.0,0.0,0.0,0.0,,,,,2020-11-01T03:05:00,,,,0,,,,,,,,,,,,,,,,,,,
2020-11-01 05:00:00,1011.9,17.7,97,0.0,0.0,0.0,0.0,0.0,,,,,2020-11-01T04:05:00,,,,0,,,,,,,,,,,,,,,,,,,
2020-11-01 06:00:00,1012.4,17.2,97,0.0,0.0,0.0,0.0,0.0,,,,,2020-11-01T05:05:00,,,,0,,,,,,,,,,,,,,,,,,,
2020-11-01 07:00:00,1012.5,17.4,97,0.0,0.0,0.0,0.0,0.0,,,,,2020-11-01T06:05:00,,,,0,,,,,,,,,,,,,,,,,,,
2020-11-01 08:00:00,1012.5,18.5,97,0.0,0.0,1.3,349.0,0.0,,,,,2020-11-01T07:24:00,,,,0,,,,,,,,,,,,,,,,,,,
2020-11-01 09:00:00,1013.0,20.3,93,0.0,0.0,0.0,0.0,0.0,,,,,2020-11-01T08:05:00,,,,0,,,,,,,,,,,,,,,,,,,
2020-11-01 10:00:00,1012.7,22.3,89,0.0,0.0,0.0,0.0,0.0,,,,,2020-11-01T09:05:00,,,,0,,,,,,,,,,,,,,,,,,,
2020-11-01 11:00:00,-9999.7,-99.7,-9997,-99.7,-999.7,2.4,333.0,0.0,,,,,2020-11-01T10:32:00,,,,0,,,,,,,,,,,,,,,,,,,
2020-11-01 12:00:00,1011.1,25.2,73,0.2,0.0,1.9,121.0,0.0,,,,,2020-11-01T11:52:00,,,,0,,,,,,,,,,,,,,,,,,,
2020-11-01 13:00:00,1010.5,26.0,73,0.0,0.0,3.8,167.0,0.0,,,,,2020-11-01T12:34:00,,,,0,,,,,,,,,,,,,,,,,,,
2020-11-01 14:00:00,1009.7,25.9,73,0.1,0.0,3.8,163.0,0.0,,,,,2020-11-01T13:07:00,,,,0,,,,,,,,,,,,,,,,,,,
2020-11-01 15:00:00,1009.6,24.8,78,0.3,121.0,3.3,180.0,0.0,,,,,2020-11-01T14:11:00,,,,0,,,,,,,,,,,,,,,,,,,
2020-11-01 16:00:00,1009.6,23.8,83,0.0,0.0,1.3,68.0,0.0,,,,,2020-11-01T15:08:00,,,,0,,,,,,,,,,,,,,,,,,,
2020-11-01 17:00:00,1009.9,23.6,84,0.0,0.0,1.3,108.0,0.0,,,,,2020-11-01T16:36:00,,,,0,,,,,,,,,,,,,,,,,,,
2020-11-01 18:00:00,1010.3,23.3,85,0.0,0.0,1.3,212.0,0.0,,,,,2020-11-01T17:11:00,,,,0,,,,,,,,,,,,,,,,,,,
2020-11-01 19:00:00,1010.8,22.4,90,0.0,0.0,0.8,96.0,0.0,,,,,2020-11-01T18:15:00,,,,0,,,,,,,,,,,,,,,,,,,
2020-11-01 20:00:00,1011.3,21.4,94,0.0,0.0,0.8,178.0,0.0,,,,,2020-11-01T19:08:00,,,,0,,,,,,,,,,,,,,,,,,,
2020-11-01 21:00:00,1011.5,20.6,95,0.0,0.0,0.0,0.0,0.0,,,,,2020-11-01T20:05:00,,,,0,,,,,,,,,,,,,,,,,,,
2020-11-01 22:00:00,1011.3,20.6,96,0.0,0.0,0.0,0.0,0.0,,,,,2020-11-01T21:05:00,,,,0,,,,,,,,,,,,,,,,,,,
2020-11-01 23:00:00,1011.1,20.2,96,0.0,0.0,0.8,344.0,0.0,,,,,2020-11-01T22:54:00,,,,0,,,,,,,,,,,,,,,,,,,
2020-11-02 00:00:00,1010.9,19.8,97,0.0,0.0,0.8,325.0,0.0,,,,,2020-11-01T23:06:00,,,,0,,,,,,,,,,,,,,,,,,,
2020-11-02 01:00:00,1010.8,19.9,97,0.0,0.0,0.0,0.0,0.0,,,,,2020-11-02T00:05:00,,,,0,,,,,,,,,,,,,,,,,,,
2020-11-02 02:00:00,1010.8,19.5,97,0.0,0.0,0.0,0.0,0.0,,,,,2020-11-02T01:05:00,,,,0,,,,,,,,,,,,,,,,,,,
2020-11-02 03:00:00,1010.6,19.0,97,0.0,0.0,0.8,336.0,0.0,,,,,2020-11-02T02:58:00,,,,0,,,,,,,,,,,,,,,,,,,
2020-11-02 04:00:00,1010.5,18.6,97,0.0,0.0,0.0,0.0,0.0,,,,,2020-11-02T03:05:00,,,,0,,,,,,,,,,,,,,,,,,,
2020-11-02 05:00:00,1010.7,18.3,97,0.0,0.0,0.8,313.0,0.0,,,,,2020-11-02T04:24:00,,,,0,,,,,,,,,,,,,,,,,,,
2020-11-02 06:00:00,1011.2,18.3,97,0.0,0.0,0.0,0.0,0.0,,,,,2020-11-02T05:05:00,,,,0,,,,,,,,,,,,,,,,,,,
2020-11-02 07:00:00,1011.8,18.4,97,0.0,0.0,0.0,0.0,0.0,,,,,2020-11-02T06:05:00,,,,0,,,,,,,,,,,,,,,,,,,
2020-11-02 08:00:00,1012.5,19.3,97,0.0,0.0,0.0,0.0,0.0,,,,,2020-11-02T07:05:00,,,,0,,,,,,,,,,,,,,,,,,,
2020-11-02 09:00:00,1012.6,21.2,92,0.0,0.0,0.0,0.0,0.0,,,,,2020-11-02T08:05:00,,,,0,,,,,,,,,,,,,,,,,,,
2020-11-02 10:00:00,1011.8,25.5,72,0.0,0.0,1.3,194.0,0.0,,,,,2020-11-02T09:48:00,,,,0,,,,,,,,,,,,,,,,,,,
2020-11-02 11:00:00,1011.2,24.9,75,0.2,0.0,2.4,95.0,0.0,,,,,2020-11-02T10:12:00,,,,0,,,,,,,,,,,,,,,,,,,
2020-11-02 12:00:00,1010.9,25.8,73,0.4,181.0,3.0,338.0,0.0,,,,,2020-11-02T11:39:00,,,,0,,,,,,,,,,,,,,,,,,,
2020-11-02 13:00:00,1010.9,24.1,78,0.5,178.0,3.3,210.0,0.0,,,,,2020-11-02T12:08:00,,,,0,,,,,,,,,,,,,,,,,,,
2020-11-02 14:00:00,1010.6,24.2,74,0.6,182.0,3.5,152.0,0.0,,,,,2020-11-02T13:24:00,,,,0,,,,,,,,,,,,,,,,,,,
2020-11-02 15:00:00,1010.3,23.6,75,0.0,0.0,3.8,151.0,0.0,,,,,2020-11-02T14:03:00,,,,0,,,,,,,,,,,,,,,,,,,
2020-11-02 16:00:00,1010.2,23.2,80,0.3,180.0,3.0,340.0,0.0,,,,,2020-11-02T15:44:00,,,,0,,,,,,,,,,,,,,,,,,,
2020-11-02 17:00:00,1010.6,22.3,83,0.2,0.0,2.7,200.0,0.0,,,,,2020-11-02T16:05:00,,,,0,,,,,,,,,,,,,,,,,,,
2020-11-02 18:00:00,1011.1,22.2,83,0.5,191.0,3.3,306.0,0.0,,,,,2020-11-02T17:15:00,,,,0,,,,,,,,,,,,,,,,,,,
2020-11-02 19:00:00,1012.2,22.0,83,0.6,233.0,3.5,289.0,0.0,,,,,2020-11-02T18:47:00,,,,0,,,,,,,,,,,,,,,,,,,
2020-11-02 20:00:00,1012.9,21.9,82,0.5,176.0,3.5,137.0,0.0,,,,,2020-11-02T19:30:00,,,,0,,,,,,,,,,,,,,,,,,,
2020-11-02 21:00:00,1013.5,21.5,82,0.1,0.0,3.3,332.0,0.0,,,,,2020-11-02T20:08:00,,,,0,,,,,,,,,,,,,,,,,,,
2020-11-02 22:00:00,1013.3,21.3,82,0.2,0.0,3.0,234.0,0.0,,,,,2020-11-02T21:04:00,,,,0,,,,,,,,,,,,,,,,,,,
2020-11-02 23:00:00,1013.1,21.4,82,0.1,0.0,2.4,333.0,0.0,,,,,2020-11-02T22:34:00,,,,0,,,,,,,,,,,,,,,,,,,
2020-11-03 00:00:00,1012.9,21.4,79,0.6,324.0,4.9,334.0,0.0,,,,,2020-11-02T23:52:00,,,,0,,,,,,,,,,,,,,,,,,,
2020-11-03 01:00:00,1012.7,21.0,83,0.5,306.0,3.5,319.0,0.0,,,,,2020-11-03T00:07:00,,,,0,,,,,,,,,,,,,,,,,,,
2020-11-03 02:00:00,1012.9,20.2,88,0.3,334.0,4.9,342.0,0.0,,,,,2020-11-03T01:06:00,,,,0,,,,,,,,,,,,,,,,,,,
2020-11-03 03:00:00,1012.7,19.2,95,0.6,209.0,3.0,340.0,0.5,,,,,2020-11-03T02:26:00,,,,0,,,,,,,,,,,,,,,,,,,
2020-11-03 04:00:00,1012.7,18.8,94,0.3,326.0,6.6,352.0,1.0,,,,,2020-11-03T03:07:00,,,,0,,,,,,,,,,,,,,,,,,,
2020-11-03 05:00:00,1012.9,19.0,95,0.0,0.0,2.4,296.0,0.5,,,,,2020-11-03T04:06:00,,,,0,,,,,,,,,,,,,,,,,,,
2020-11-03 06:00:00,1013.6,18.9,95,0.5,296.0,6.0,305.0,4.0,,,,,2020-11-03T06:00:00,,,,0,,,,,,,,,,,,,,,,,,,
2020-11-03 07:00:00,1014.3,18.5,95,0.4,291.0,5.5,320.0,1.5,,,,,2020-11-03T06:19:00,,,,0,,,,,,,,,,,,,,,,,,,
2020-11-03 08:00:00,1014.6,18.3,94,0.2,0.0,4.9,353.0,0.5,,,,,2020-11-03T07:05:00,,,,0,,,,,,,,,,,,,,,,,,,
2020-11-03 09:00:00,1015.4,18.8,85,0.1,0.0,3.0,24.0,0.0,,,,,2020-11-03T08:40:00,,,,0,,,,,,,,,,,,,,,,,,,
2020-11-03 10:00:00,1015.4,19.1,84,0.0,0.0,3.5,322.0,0.0,,,,,2020-11-03T09:20:00,,,,0,,,,,,,,,,,,,,,,,,,
2020-11-03 11:00:00,1015.0,21.0,74,0.4,315.0,3.5,320.0,0.0,,,,,2020-11-03T10:17:00,,,,0,,,,,,,,,,,,,,,,,,,
2020-11-03 12:00:00,1014.4,20.2,75,0.1,0.0,3.0,327.0,0.0,,,,,2020-11-03T11:06:00,,,,0,,,,,,,,,,,,,,,,,,,
2020-11-03 13:00:00,1013.7,21.9,68,0.1,0.0,3.8,302.0,0.0,,,,,2020-11-03T12:53:00,,,,0,,,,,,,,,,,,,,,,,,,
2020-11-03 14:00:00,1013.5,21.0,73,1.0,322.0,3.3,298.0,0.0,,,,,2020-11-03T13:13:00,,,,0,,,,,,,,,,,,,,,,,,,
2020-11-03 15:00:00,1013.8,20.1,74,0.9,320.0,3.8,312.0,0.0,,,,,2020-11-03T14:05:00,,,,0,,,,,,,,,,,,,,,,,,,
2020-11-03 16:00:00,1014.1,18.6,85,0.2,0.0,3.5,329.0,0.0,,,,,2020-11-03T15:26:00,,,,0,,,,,,,,,,,,,,,,,,,
2020-11-03 17:00:00,1014.7,19.8,70,0.4,181.0,3.5,306.0,0.0,,,,,2020-11-03T16:49:00,,,,0,,,,,,,,,,,,,,,,,,,
2020-11-03 18:00:00,1015.3,19.7,70,0.2,0.0,3.5,295.0,0.0,,,,,2020-11-03T17:27:00,,,,0,,,,,,,,,,,,,,,,,,,
2020-11-03 19:00:00,1015.8,19.6,69,0.0,0.0,3.3,333.0,0.0,,,,,2020-11-03T18:29:00,,,,0,,,,,,,,,,,,,,,,,,,
2020-11-03 20:00:00,1016.3,18.1,84,0.2,0.0,1.6,226.0,0.0,,,,,2020-11-03T19:06:00,,,,0,,,,,,,,,,,,,,,,,,,
2020-11-03 21:00:00,1016.4,18.4,88,0.2,0.0,2.7,340.0,0.0,,,,,2020-11-03T20:05:00,,,,0,,,,,,,,,,,,,,,,,,,
2020-11-03 22:00:00,1016.3,17.7,95,0.2,0.0,1.9,253.0,0.5,,,,,2020-11-03T21:36:00,,,,0,,,,,,,,,,,,,,,,,,,
2020-11-03 23:00:00,1016.0,17.6,97,0.2,0.0,2.4,252.0,3.0,,,,,2020-11-03T22:04:00,,,,0,,,,,,,,,,,,,,,,,,,
2020-11-04 00:00:00,1015.5,17.2,97,0.0,0.0,1.9,340.0,1.0,,,,,2020-11-03T23:19:00,,,,0,,,,,,,,,,,,,,,,,,,
2020-11-04 01:00:00,1015.5,17.0,95,0.1,0.0,2.4,267.0,0.0,,,,,2020-11-04T00:02:00,,,,0,,,,,,,,,,,,,,,,,,,
2020-11-04 02:00:00,1015.3,16.7,94,0.2,0.0,1.9,353.0,0.0,,,,,2020-11-04T01:53:00,,,,0,,,,,,,,,,,,,,,,,,,
2020-11-04 03:00:00,1015.1,16.5,95,0.5,329.0,2.4,298.0,0.0,,,,,2020-11-04T02:17:00,,,,0,,,,,,,,,,,,,,,,,,,
2020-11-04 04:00:00,1015.0,16.8,95,0.0,0.0,1.9,328.0,0.0,,,,,2020-11-04T03:02:00,,,,0,,,,,,,,,,,,,,,,,,,
2020-11-04 05:00:00,1015.1,16.7,95,0.1,0.0,3.0,345.0,0.0,,,,,2020-11-04T04:55:00,,,,0,,,,,,,,,,,,,,,,,,,
2020-11-04 06:00:00,1015.7,17.8,84,0.0,0.0,2.4,166.0,0.0,,,,,2020-11-04T05:37:00,,,,0,,,,,,,,,,,,,,,,,,,
2020-11-04 07:00:00,1016.3,18.6,76,0.0,0.0,2.4,194.0,0.0,,,,,2020-11-04T06:33:00,,,,0,,,,,,,,,,,,,,,,,,,
2020-11-04 08:00:00,1016.9,18.2,87,0.0,0.0,1.1,195.0,0.0,,,,,2020-11-04T07:20:00,,,,0,,,,,,,,,,,,,,,,,,,
2020-11-04 09:00:00,1017.1,18.6,87,0.6,334.0,2.4,331.0,0.0,,,,,2020-11-04T08:16:00,,,,0,,,,,,,,,,,,,,,,,,,
2020-11-04 10:00:00,1016.9,20.2,77,0.0,0.0,1.9,193.0,0.0,,,,,2020-11-04T09:34:00,,,,0,,,,,,,,,,,,,,,,,,,
2020-11-04 11:00:00,1016.1,20.6,71,0.6,180.0,2.7,218.0,0.0,,,,,2020-11-04T10:56:00,,,,0,,,,,,,,,,,,,,,,,,,
2020-11-04 12:00:00,1015.3,23.1,60,0.0,0.0,2.4,199.0,0.0,,,,,2020-11-04T11:43:00,,,,0,,,,,,,,,,,,,,,,,,,
2020-11-04 13:00:00,1014.5,21.2,67,0.4,184.0,2.2,303.0,0.0,,,,,2020-11-04T12:21:00,,,,0,,,,,,,,,,,,,,,,,,,
2020-11-04 14:00:00,1014.0,20.8,70,0.0,0.0,2.7,129.0,0.0,,,,,2020-11-04T13:25:00,,,,0,,,,,,,,,,,,,,,,,,,
2020-11-04 15:00:00,1013.9,19.9,73,0.0,0.0,1.9,205.0,0.0,,,,,2020-11-04T14:05:00,,,,0,,,,,,,,,,,,,,,,,,,
2020-11-04 16:00:00,1014.2,20.0,73,0.1,0.0,2.4,220.0,0.0,,,,,2020-11-04T15:20:00,,,,0,,,,,,,,,,,,,,,,,,,
2020-11-04 17:00:00,1014.6,19.7,73,0.0,0.0,2.4,185.0,0.0,,,,,2020-11-04T16:06:00,,,,0,,,,,,,,,,,,,,,,,,,
2020-11-04 18:00:00,1014.6,18.8,83,0.1,0.0,1.9,313.0,0.0,,,,,2020-11-04T17:50:00,,,,0,,,,,,,,,,,,,,,,,,,
2020-11-04 19:00:00,1015.2,17.9,89,0.1,0.0,1.9,297.0,0.0,,,,,2020-11-04T18:16:00,,,,0,,,,,,,,,,,,,,,,,,,
2020-11-04 20:00:00,1015.7,17.5,91,0.1,0.0,1.9,341.0,0.0,,,,,2020-11-04T19:42:00,,,,0,,,,,,,,,,,,,,,,,,,
2020-11-04 21:00:00,1015.9,17.6,91,0.3,306.0,1.9,267.0,0.0,,,,,2020-11-04T20:05:00,,,,0,,,,,,,,,,,,,,,,,,,
2020-11-04 22:00:00,1015.9,17.7,92,0.3,326.0,1.9,332.0,0.0,,,,,2020-11-04T21:09:00,,,,0,,,,,,,,,,,,,,,,,,,
2020-11-04 23:00:00,1015.6,17.8,93,1.2,326.0,1.9,335.0,0.0,,,,,2020-11-04T22:56:00,,,,0,,,,,,,,,,,,,,,,,,,
2020-11-05 00:00:00,1015.1,17.7,93,0.1,0.0,1.9,346.0,0.0,,,,,2020-11-04T23:02:00,,,,0,,,,,,,,,,,,,,,,,,,
2020-11-05 01:00:00,1014.7,17.0,95,0.1,0.0,2.2,288.0,0.0,,,,,2020-11-05T00:45:00,,,,0,,,,,,,,,,,,,,,,,,,
2020-11-05 02:00:00,1014.3,16.7,96,0.2,0.0,2.7,266.0,0.0,,,,,2020-11-05T01:23:00,,,,0,,,,,,,,,,,,,,,,,,,
2020-11-05 03:00:00,1014.2,17.0,94,0.0,0.0,1.9,316.0,0.0,,,,,2020-11-05T02:10:00,,,,0,,,,,,,,,,,,,,,,,,,
2020-11-05 04:00:00,1014.0,17.0,94,0.0,0.0,1.3,328.0,0.0,,,,,2020-11-05T03:21:00,,,,0,,,,,,,,,,,,,,,,,,,
2020-11-05 05:00:00,1014.2,17.1,95,0.0,0.0,1.3,326.0,0.0,,,,,2020-11-05T04:05:00,,,,0,,,,,,,,,,,,,,,,,,,
2020-11-05 06:00:00,1014.8,17.2,95,0.0,0.0,1.1,312.0,0.0,,,,,2020-11-05T05:27:00,,,,0,,,,,,,,,,,,,,,,,,,
2020-11-05 07:00:00,1015.1,17.6,95,0.0,0.0,1.3,335.0,0.0,,,,,2020-11-05T06:24:00,,,,0,,,,,,,,,,,,,,,,,,,
2020-11-05 08:00:00,1015.6,18.7,93,0.0,0.0,0.8,352.0,0.0,,,,,2020-11-05T07:10:00,,,,0,,,,,,,,,,,,,,,,,,,
2020-11-05 09:00:00,1015.7,20.9,86,0.1,0.0,1.3,335.0,0.0,,,,,2020-11-05T08:21:00,,,,0,,,,,,,,,,,,,,,,,,,
2020-11-05 10:00:00,1015.5,21.0,86,0.0,0.0,2.2,137.0,0.0,,,,,2020-11-05T09:09:00,,,,0,,,,,,,,,,,,,,,,,,,
2020-11-05 11:00:00,1014.8,20.8,87,0.0,0.0,1.6,250.0,0.0,,,,,2020-11-05T10:06:00,,,,0,,,,,,,,,,,,,,,,,,,
2020-11-05 12:00:00,1014.0,20.9,89,0.0,0.0,1.6,269.0,0.0,,,,,2020-11-05T11:36:00,,,,0,,,,,,,,,,,,,,,,,,,
2020-11-05 13:00:00,1013.1,20.9,90,0.0,0.0,1.9,268.0,0.0,,,,,2020-11-05T12:23:00,,,,0,,,,,,,,,,,,,,,,,,,
2020-11-05 14:00:00,1012.5,22.1,83,0.0,0.0,1.9,270.0,0.0,,,,,2020-11-05T13:02:00,,,,0,,,,,,,,,,,,,,,,,,,
2020-11-05 15:00:00,1012.4,21.9,82,0.1,0.0,2.2,93.0,0.0,,,,,2020-11-05T14:57:00,,,,0,,,,,,,,,,,,,,,,,,,
2020-11-05 16:00:00,1012.8,20.2,94,0.0,0.0,2.2,173.0,1.0,,,,,2020-11-05T15:25:00,,,,0,,,,,,,,,,,,,,,,,,,
2020-11-05 17:00:00,1012.8,20.1,97,0.0,0.0,0.8,259.0,1.0,,,,,2020-11-05T16:11:00,,,,0,,,,,,,,,,,,,,,,,,,
2020-11-05 18:00:00,1013.0,20.0,97,0.0,0.0,1.3,290.0,0.0,,,,,2020-11-05T17:08:00,,,,0,,,,,,,,,,,,,,,,,,,
2020-11-05 19:00:00,1013.4,20.0,97,0.0,0.0,1.3,320.0,1.0,,,,,2020-11-05T18:14:00,,,,0,,,,,,,,,,,,,,,,,,,
2020-11-05 20:00:00,1014.0,20.6,98,0.0,0.0,1.3,167.0,2.0,,,,,2020-11-05T19:49:00,,,,0,,,,,,,,,,,,,,,,,,,
2020-11-05 21:00:00,1014.0,20.8,98,0.0,0.0,1.9,207.0,3.0,,,,,2020-11-05T20:05:00,,,,0,,,,,,,,,,,,,,,,,,,
2020-11-05 22:00:00,1013.7,21.0,98,0.0,0.0,1.3,196.0,2.5,,,,,2020-11-05T21:48:00,,,,0,,,,,,,,,,,,,,,,,,,
2020-11-05 23:00:00,1013.3,21.1,98,0.0,0.0,1.6,210.0,3.0,,,,,2020-11-05T22:23:00,,,,0,,,,,,,,,,,,,,,,,,,
2020-11-06 00:00:00,1012.8,21.4,98,0.0,0.0,1.9,226.0,4.0,,,,,2020-11-05T23:36:00,,,,0,,,,,,,,,,,,,,,,,,,
2020-11-06 01:00:00,1012.1,21.7,98,0.0,0.0,1.1,123.0,4.0,,,,,2020-11-06T00:36:00,,,,0,,,,,,,,,,,,,,,,,,,
2020-11-06 02:00:00,1011.4,21.8,98,0.0,0.0,0.8,244.0,2.5,,,,,2020-11-06T01:02:00,,,,0,,,,,,,,,,,,,,,,,,,
2020-11-06 03:00:00,1010.8,22.2,98,0.0,0.0,1.3,204.0,5.5,,,,,2020-11-06T02:56:00,,,,0,,,,,,,,,,,,,,,,,,,
2020-11-06 04:00:00,1010.6,22.4,98,0.0,0.0,1.6,93.0,2.0,,,,,2020-11-06T03:06:00,,,,0,,,,,,,,,,,,,,,,,,,
2020-11-06 05:00:00,1010.7,22.7,99,0.0,0.0,1.6,157.0,0.5,,,,,2020-11-06T04:45:00,,,,0,,,,,,,,,,,,,,,,,,,
2020-11-06 06:00:00,1010.9,22.5,98,0.0,0.0,0.8,194.0,0.0,,,,,2020-11-06T06:00:00,,,,0,,,,,,,,,,,,,,,,,,,
2020-11-06 07:00:00,1011.3,22.9,99,0.0,0.0,1.3,101.0,0.0,,,,,2020-11-06T06:49:00,,,,0,,,,,,,,,,,,,,,,,,,
2020-11-06 08:00:00,1011.6,24.1,98,0.0,0.0,1.3,109.0,0.0,,,,,2020-11-06T07:15:00,,,,0,,,,,,,,,,,,,,,,,,,
2020-11-06 09:00:00,1011.6,24.3,98,0.0,0.0,1.9,125.0,1.5,,,,,2020-11-06T08:51:00,,,,0,,,,,,,,,,,,,,,,,,,
2020-11-06 10:00:00,1011.2,24.8,98,0.0,0.0,1.9,165.0,0.0,,,,,2020-11-06T09:23:00,,,,0,,,,,,,,,,,,,,,,,,,
2020-11-06 11:00:00,1010.5,24.9,97,0.0,0.0,1.9,98.0,0.0,,,,,2020-11-06T10:04:00,,,,0,,,,,,,,,,,,,,,,,,,
2020-11-06 12:00:00,1009.2,24.7,97,0.1,0.0,1.9,56.0,3.0,,,,,2020-11-06T11:27:00,,,,0,,,,,,,,,,,,,,,,,,,
2020-11-06 13:00:00,1008.6,24.9,97,0.2,0.0,2.4,142.0,7.5,,,,,2020-11-06T12:47:00,,,,0,,,,,,,,,,,,,,,,,,,
2020-11-06 14:00:00,1008.1,24.7,97,0.8,83.0,3.0,154.0,1.0,,,,,2020-11-06T13:49:00,,,,0,,,,,,,,,,,,,,,,,,,
2020-11-06 15:00:00,1007.8,24.7,97,0.6,150.0,4.9,170.0,3.0,,,,,2020-11-06T14:58:00,,,,0,,,,,,,,,,,,,,,,,,,
2020-11-06 16:00:00,1007.9,25.0,95,0.4,141.0,3.5,127.0,0.0,,,,,2020-11-06T15:06:00,,,,0,,,,,,,,,,,,,,,,,,,
2020-11-06 17:00:00,1008.0,25.1,94,0.3,128.0,3.0,60.0,0.0,,,,,2020-11-06T16:19:00,,,,0,,,,,,,,,,,,,,,,,,,
2020-11-06 18:00:00,1008.0,25.3,93,1.2,118.0,6.0,181.0,0.0,,,,,2020-11-06T17:54:00,,,,0,,,,,,,,,,,,,,,,,,,
2020-11-06 19:00:00,1008.7,24.2,94,0.6,89.0,9.3,179.0,1.5,,,,,2020-11-06T18:40:00,,,,0,,,,,,,,,,,,,,,,,,,
2020-11-06 20:00:00,1009.1,23.9,96,0.6,114.0,4.9,131.0,3.5,,,,,2020-11-06T19:11:00,,,,0,,,,,,,,,,,,,,,,,,,
2020-11-06 21:00:00,1009.3,24.0,95,1.1,154.0,6.6,155.0,2.0,,,,,2020-11-06T20:49:00,,,,0,,,,,,,,,,,,,,,,,,,
2020-11-06 22:00:00,1009.7,25.2,89,0.4,132.0,8.2,180.0,0.0,,,,,2020-11-06T21:15:00,,,,0,,,,,,,,,,,,,,,,,,,
2020-11-06 23:00:00,1009.8,25.2,90,0.5,156.0,4.9,193.0,0.0,,,,,2020-11-06T22:42:00,,,,0,,,,,,,,,,,,,,,,,,,
2020-11-07 00:00:00,1009.5,25.3,89,0.7,143.0,5.5,187.0,0.5,,,,,2020-11-06T23:17:00,,,,0,,,,,,,,,,,,,,,,,,,
2020-11-07 01:00:00,1009.3,25.1,89,0.7,94.0,6.6,171.0,0.0,,,,,2020-11-07T00:23:00,,,,0,,,,,,,,,,,,,,,,,,,
2020-11-07 02:00:00,1009.1,25.2,91,0.6,139.0,6.6,157.0,0.5,,,,,2020-11-07T01:42:00,,,,0,,,,,,,,,,,,,,,,,,,
2020-11-07 03:00:00,1009.3,23.9,94,0.5,206.0,7.7,190.0,5.5,,,,,2020-11-07T02:41:00,,,,0,,,,,,,,,,,,,,,,,,,
2020-11-07 04:00:00,1008.9,23.9,94,0.0,0.0,4.9,169.0,0.0,,,,,2020-11-07T03:20:00,,,,0,,,,,,,,,,,,,,,,,,,
2020-11-07 05:00:00,1009.0,24.3,94,0.1,0.0,2.4,85.0,0.0,,,,,2020-11-07T05:00:00,,,,0,,,,,,,,,,,,,,,,,,,
2020-11-07 06:00:00,1009.1,25.1,90,0.4,74.0,3.0,170.0,0.0,,,,,2020-11-07T05:22:00,,,,0,,,,,,,,,,,,,,,,,,,
2020-11-07 07:00:00,1009.5,25.2,89,0.6,138.0,3.3,58.0,0.0,,,,,2020-11-07T06:31:00,,,,0,,,,,,,,,,,,,,,,,,,
2020-11-07 08:00:00,1010.2,25.4,88,0.4,134.0,3.3,165.0,0.0,,,,,2020-11-07T07:32:00,,,,0,,,,,,,,,,,,,,,,,,,
2020-11-07 09:00:00,1010.8,25.7,88,0.4,87.0,5.5,172.0,0.0,,,,,2020-11-07T08:12:00,,,,0,,,,,,,,,,,,,,,,,,,
2020-11-07 10:00:00,1010.7,26.3,85,0.6,98.0,3.5,161.0,0.0,,,,,2020-11-07T09:17:00,,,,0,,,,,,,,,,,,,,,,,,,
2020-11-07 11:00:00,1009.9,25.6,89,0.2,0.0,4.9,117.0,0.5,,,,,2020-11-07T10:32:00,,,,0,,,,,,,,,,,,,,,,,,,
2020-11-07 12:00:00,1009.7,26.5,85,0.4,174.0,4.9,163.0,0.0,,,,,2020-11-07T11:47:00,,,,0,,,,,,,,,,,,,,,,,,,
2020-11-07 13:00:00,1009.6,27.1,81,0.6,162.0,5.5,164.0,0.0,,,,,2020-11-07T12:51:00,,,,0,,,,,,,,,,,,,,,,,,,
2020-11-07 14:00:00,1009.3,25.6,92,0.0,0.0,3.8,178.0,1.0,,,,,2020-11-07T13:07:00,,,,0,,,,,,,,,,,,,,,,,,,
2020-11-07 15:00:00,1009.4,25.1,95,0.0,0.0,1.6,57.0,0.0,,,,,2020-11-07T14:21:00,,,,0,,,,,,,,,,,,,,,,,,,
2020-11-07 16:00:00,1010.0,25.2,93,0.0,0.0,1.3,204.0,0.0,,,,,2020-11-07T15:47:00,,,,0,,,,,,,,,,,,,,,,,,,
2020-11-07 17:00:00,1010.7,24.7,95,0.0,0.0,1.1,19.0,0.0,,,,,2020-11-07T16:33:00,,,,0,,,,,,,,,,,,,,,,,,,
2020-11-07 18:00:00,1011.3,24.4,97,0.1,0.0,2.7,119.0,1.0,,,,,2020-11-07T17:57:00,,,,0,,,,,,,,,,,,,,,,,,,
2020-11-07 19:00:00,1012.3,22.8,96,0.0,0.0,1.9,324.0,0.5,,,,,2020-11-07T18:48:00,,,,0,,,,,,,,,,,,,,,,,,,
2020-11-07 20:00:00,1012.9,22.1,97,0.0,0.0,1.9,266.0,4.0,,,,,2020-11-07T19:11:00,,,,0,,,,,,,,,,,,,,,,,,,
2020-11-07 21:00:00,1013.1,21.7,97,0.5,293.0,2.7,255.0,0.0,,,,,2020-11-07T20:34:00,,,,0,,,,,,,,,,,,,,,,,,,
2020-11-07 22:00:00,1013.4,21.3,96,0.0,0.0,2.7,254.0,0.5,,,,,2020-11-07T21:14:00,,,,0,,,,,,,,,,,,,,,,,,,
2020-11-07 23:00:00,1013.7,20.8,95,0.5,307.0,3.5,323.0,0.5,,,,,2020-11-07T22:14:00,,,,0,,,,,,,,,,,,,,,,,,,
2020-11-08 00:00:00,1013.8,20.2,96,0.2,0.0,3.0,328.0,2.0,,,,,2020-11-07T23:50:00,,,,0,,,,,,,,,,,,,,,,,,,
2020-11-08 01:00:00,1014.0,19.7,96,0.3,334.0,3.0,263.0,0.5,,,,,2020-11-08T00:06:00,,,,0,,,,,,,,,,,,,,,,,,,
2020-11-08 02:00:00,1013.9,19.3,96,0.3,313.0,2.7,321.0,1.0,,,,,2020-11-08T01:07:00,,,,0,,,,,,,,,,,,,,,,,,,
2020-11-08 03:00:00,1013.7,19.2,96,0.5,321.0,3.0,341.0,0.5,,,,,2020-11-08T02:37:00,,,,0,,,,,,,,,,,,,,,,,,,
2020-11-08 04:00:00,1014.0,19.0,96,0.3,267.0,2.4,242.0,0.0,,,,,2020-11-08T03:21:00,,,,0,,,,,,,,,,,,,,,,,,,
2020-11-08 05:00:00,1014.3,19.1,96,0.5,325.0,3.0,241.0,0.0,,,,,2020-11-08T04:18:00,,,,0,,,,,,,,,,,,,,,,,,,
2020-11-08 06:00:00,1015.0,19.2,97,0.0,0.0,3.0,320.0,0.5,,,,,2020-11-08T05:18:00,,,,0,,,,,,,,,,,,,,,,,,,
2020-11-08 07:00:00,1015.7,19.4,97,0.0,0.0,1.6,354.0,0.5,,,,,2020-11-08T06:14:00,,,,0,,,,,,,,,,,,,,,,,,,
2020-11-08 08:00:00,1016.4,19.0,97,1.3,340.0,2.7,342.0,0.5,,,,,2020-11-08T07:57:00,,,,0,,,,,,,,,,,,,,,,,,,
2020-11-08 09:00:00,1017.2,19.0,93,0.5,341.0,4.9,320.0,0.0,,,,,2020-11-08T08:25:00,,,,0,,,,,,,,,,,,,,,,,,,
2020-11-08 10:00:00,1017.4,18.8,95,0.0,0.0,2.4,342.0,0.0,,,,,2020-11-08T09:38:00,,,,0,,,,,,,,,,,,,,,,,,,
2020-11-08 11:00:00,1016.8,19.0,96,0.0,0.0,1.6,253.0,0.5,,,,,2020-11-08T10:08:00,,,,0,,,,,,,,,,,,,,,,,,,
2020-11-08 12:00:00,1016.4,18.9,96,0.0,0.0,1.3,170.0,0.0,,,,,2020-11-08T11:10:00,,,,0,,,,,,,,,,,,,,,,,,,
2020-11-08 13:00:00,1015.7,19.1,97,0.0,0.0,1.9,177.0,0.5,,,,,2020-11-08T12:49:00,,,,0,,,,,,,,,,,,,,,,,,,
2020-11-08 14:00:00,1015.5,19.1,97,0.0,0.0,1.6,189.0,0.5,,,,,2020-11-08T13:11:00,,,,0,,,,,,,,,,,,,,,,,,,
2020-11-08 15:00:00,1015.7,19.0,97,0.2,0.0,1.9,184.0,0.5,,,,,2020-11-08T14:50:00,,,,0,,,,,,,,,,,,,,,,,,,
2020-11-08 16:00:00,1015.9,18.9,97,0.0,0.0,1.3,187.0,1.5,,,,,2020-11-08T15:18:00,,,,0,,,,,,,,,,,,,,,,,,,
2020-11-08 17:00:00,1016.3,18.8,98,0.0,0.0,1.1,165.0,1.0,,,,,2020-11-08T16:06:00,,,,0,,,,,,,,,,,,,,,,,,,
2020-11-08 18:00:00,1016.8,18.6,98,0.0,0.0,1.3,330.0,1.0,,,,,2020-11-08T17:18:00,,,,0,,,,,,,,,,,,,,,,,,,
2020-11-08 19:00:00,1017.6,18.4,98,0.2,0.0,1.9,202.0,2.0,,,,,2020-11-08T18:57:00,,,,0,,,,,,,,,,,,,,,,,,,
2020-11-08 20:00:00,1017.9,17.8,98,0.1,0.0,2.7,150.0,2.0,,,,,2020-11-08T19:51:00,,,,0,,,,,,,,,,,,,,,,,,,
2020-11-08 21:00:00,1017.8,18.2,98,0.0,0.0,2.4,215.0,1.5,,,,,2020-11-08T20:36:00,,,,0,,,,,,,,,,,,,,,,,,,
2020-11-08 22:00:00,1017.8,18.3,98,0.3,200.0,1.9,220.0,2.0,,,,,2020-11-08T21:31:00,,,,0,,,,,,,,,,,,,,,,,,,
2020-11-08 23:00:00,1017.4,17.9,98,0.0,0.0,2.2,188.0,1.5,,,,,2020-11-08T22:19:00,,,,0,,,,,,,,,,,,,,,,,,,
2020-11-09 00:00:00,1017.0,17.5,98,0.0,0.0,1.6,243.0,0.5,,,,,2020-11-08T23:50:00,,,,0,,,,,,,,,,,,,,,,,,,
2020-11-09 01:00:00,1016.7,17.5,98,0.0,0.0,1.9,331.0,0.0,,,,,2020-11-09T00:28:00,,,,0,,,,,,,,,,,,,,,,,,,
2020-11-09 02:00:00,1016.4,17.5,98,0.0,0.0,1.6,265.0,0.0,,,,,2020-11-09T01:26:00,,,,0,,,,,,,,,,,,,,,,,,,
2020-11-09 03:00:00,1016.6,17.6,98,0.0,0.0,1.6,321.0,1.0,,,,,2020-11-09T02:03:00,,,,0,,,,,,,,,,,,,,,,,,,
2020-11-09 04:00:00,1016.3,17.6,98,0.0,0.0,1.9,267.0,0.5,,,,,2020-11-09T03:40:00,,,,0,,,,,,,,,,,,,,,,,,,
2020-11-09 05:00:00,1016.0,17.2,98,0.1,0.0,2.2,290.0,0.5,,,,,2020-11-09T04:54:00,,,,0,,,,,,,,,,,,,,,,,,,
2020-11-09 06:00:00,1016.5,16.9,98,0.2,0.0,3.0,247.0,0.0,,,,,2020-11-09T05:07:00,,,,0,,,,,,,,,,,,,,,,,,,
2020-11-09 07:00:00,1017.2,17.1,97,0.5,311.0,2.4,342.0,0.5,,,,,2020-11-09T06:46:00,,,,0,,,,,,,,,,,,,,,,,,,
2020-11-09 08:00:00,1017.6,17.2,96,0.1,0.0,3.0,248.0,0.5,,,,,2020-11-09T07:35:00,,,,0,,,,,,,,,,,,,,,,,,,
2020-11-09 09:00:00,1018.0,17.4,97,0.2,0.0,2.4,339.0,0.0,,,,,2020-11-09T08:43:00,,,,0,,,,,,,,,,,,,,,,,,,
2020-11-09 10:00:00,1017.9,17.5,96,0.0,0.0,2.4,294.0,1.0,,,,,2020-11-09T09:30:00,,,,0,,,,,,,,,,,,,,,,,,,
2020-11-09 11:00:00,1017.6,17.3,96,0.0,0.0,2.4,307.0,1.5,,,,,2020-11-09T10:36:00,,,,0,,,,,,,,,,,,,,,,,,,
2020-11-09 12:00:00,1017.2,17.1,97,0.2,0.0,1.9,250.0,0.5,,,,,2020-11-09T11:13:00,,,,0,,,,,,,,,,,,,,,,,,,
2020-11-09 13:00:00,1016.5,17.3,97,0.2,0.0,1.9,216.0,0.0,,,,,2020-11-09T12:04:00,,,,0,,,,,,,,,,,,,,,,,,,
2020-11-09 14:00:00,1016.1,17.4,95,0.0,0.0,1.9,343.0,0.0,,,,,2020-11-09T13:01:00,,,,0,,,,,,,,,,,,,,,,,,,
2020-11-09 15:00:00,1016.0,17.3,94,0.1,0.0,1.9,349.0,0.0,,,,,2020-11-09T14:33:00,,,,0,,,,,,,,,,,,,,,,,,,
2020-11-09 16:00:00,1016.4,17.3,96,0.1,0.0,1.9,339.0,0.0,,,,,2020-11-09T15:08:00,,,,0,,,,,,,,,,,,,,,,,,,
2020-11-09 17:00:00,1016.9,17.0,96,0.9,227.0,2.4,244.0,0.5,,,,,2020-11-09T16:56:00,,,,0,,,,,,,,,,,,,,,,,,,
2020-11-09 18:00:00,1017.0,16.9,97,0.4,304.0,3.0,343.0,0.0,,,,,2020-11-09T17:32:00,,,,0,,,,,,,,,,,,,,,,,,,
2020-11-09 19:00:00,1017.4,16.8,97,0.4,299.0,1.9,324.0,0.0,,,,,2020-11-09T18:26:00,,,,0,,,,,,,,,,,,,,,,,,,
2020-11-09 20:00:00,1017.6,16.8,97,0.1,0.0,2.4,273.0,0.0,,,,,2020-11-09T19:35:00,,,,0,,,,,,,,,,,,,,,,,,,
2020-11-09 21:00:00,1018.0,16.9,95,0.1,0.0,2.7,246.0,0.0,,,,,2020-11-09T20:40:00,,,,0,,,,,,,,,,,,,,,,,,,
2020-11-09 22:00:00,1017.8,16.8,97,0.0,0.0,2.2,276.0,0.0,,,,,2020-11-09T21:31:00,,,,0,,,,,,,,,,,,,,,,,,,
2020-11-09 23:00:00,1017.8,16.8,97,0.0,0.0,1.9,240.0,0.0,,,,,2020-11-09T22:34:00,,,,0,,,,,,,,,,,,,,,,,,,
2020-11-10 00:00:00,1017.2,16.7,98,0.1,0.0,2.4,256.0,0.5,,,,,2020-11-09T23:45:00,,,,0,,,,,,,,,,,,,,,,,,,
2020-11-10 01:00:00,1017.0,16.7,98,0.5,284.0,2.2,267.0,0.0,,,,,2020-11-10T00:56:00,,,,0,,,,,,,,,,,,,,,,,,,
2020-11-10 02:00:00,1016.7,16.7,97,0.1,0.0,2.4,326.0,0.5,,,,,2020-11-10T01:24:00,,,,0,,,,,,,,,,,,,,,,,,,
2020-11-10 03:00:00,1016.7,16.7,98,0.2,0.0,2.4,299.0,0.0,,,,,2020-11-10T02:26:00,,,,0,,,,,,,,,,,,,,,,,,,
2020-11-10 04:00:00,1016.6,16.6,98,0.2,0.0,2.2,253.0,0.5,,,,,2020-11-10T03:20:00,,,,0,,,,,,,,,,,,,,,,,,,
2020-11-10 05:00:00,1016.9,16.5,98,0.1,0.0,2.7,263.0,0.0,,,,,2020-11-10T04:55:00,,,,0,,,,,,,,,,,,,,,,,,,
2020-11-10 06:00:00,1017.3,16.6,98,0.3,275.0,2.4,263.0,0.5,,,,,2020-11-10T05:57:00,,,,0,,,,,,,,,,,,,,,,,,,
2020-11-10 07:00:00,1017.8,16.7,98,0.0,0.0,2.2,254.0,0.5,,,,,2020-11-10T06:09:00,,,,0,,,,,,,,,,,,,,,,,,,
2020-11-10 08:00:00,1018.4,16.9,98,0.2,0.0,2.4,255.0,0.5,,,,,2020-11-10T07:20:00,,,,0,,,,,,,,,,,,,,,,,,,
2020-11-10 09:00:00,1019.1,17.0,98,0.3,261.0,3.0,247.0,1.5,,,,,2020-11-10T08:11:00,,,,0,,,,,,,,,,,,,,,,,,,
2020-11-10 10:00:00,1019.1,17.3,99,0.0,0.0,1.9,252.0,2.0,,,,,2020-11-10T09:01:00,,,,0,,,,,,,,,,,,,,,,,,,
2020-11-10 11:00:00,1018.6,17.3,99,0.2,0.0,2.2,288.0,0.5,,,,,2020-11-10T10:32:00,,,,0,,,,,,,,,,,,,,,,,,,
2020-11-10 12:00:00,1018.1,17.4,98,0.1,0.0,2.2,247.0,1.0,,,,,2020-11-10T11:54:00,,,,0,,,,,,,,,,,,,,,,,,,
2020-11-10 13:00:00,1017.5,17.4,98,0.0,0.0,1.1,322.0,1.0,,,,,2020-11-10T12:01:00,,,,0,,,,,,,,,,,,,,,,,,,
2020-11-10 14:00:00,1017.2,17.4,98,0.3,255.0,2.2,266.0,1.0,,,,,2020-11-10T14:00:00,,,,0,,,,,,,,,,,,,,,,,,,
2020-11-10 15:00:00,1017.3,17.4,98,0.0,0.0,2.7,277.0,1.0,,,,,2020-11-10T14:41:00,,,,0,,,,,,,,,,,,,,,,,,,
2020-11-10 16:00:00,1017.8,17.5,98,0.0,0.0,2.2,208.0,0.5,,,,,2020-11-10T15:31:00,,,,0,,,,,,,,,,,,,,,,,,,
2020-11-10 17:00:00,1018.2,17.2,98,0.0,0.0,1.9,340.0,0.5,,,,,2020-11-10T16:11:00,,,,0,,,,,,,,,,,,,,,,,,,
2020-11-10 18:00:00,1018.5,17.0,96,0.0,0.0,3.0,224.0,0.0,,,,,2020-11-10T17:10:00,,,,0,,,,,,,,,,,,,,,,,,,
2020-11-10 19:00:00,1019.0,17.2,98,0.4,277.0,2.4,332.0,1.0,,,,,2020-11-10T18:07:00,,,,0,,,,,,,,,,,,,,,,,,,
2020-11-10 20:00:00,1019.5,17.1,98,0.4,272.0,2.4,318.0,0.0,,,,,2020-11-10T19:07:00,,,,0,,,,,,,,,,,,,,,,,,,
2020-11-10 21:00:00,1019.5,17.3,98,0.6,302.0,1.9,263.0,0.0,,,,,2020-11-10T20:01:00,,,,0,,,,,,,,,,,,,,,,,,,
2020-11-10 22:00:00,1019.6,17.2,98,0.0,0.0,2.4,335.0,0.0,,,,,2020-11-10T21:36:00,,,,0,,,,,,,,,,,,,,,,,,,
2020-11-10 23:00:00,1019.2,17.4,94,0.2,0.0,3.0,206.0,0.0,,,,,2020-11-10T22:23:00,,,,0,,,,,,,,,,,,,,,,,,,
2020-11-11 00:00:00,1018.8,17.2,96,0.0,0.0,1.9,347.0,0.0,,,,,2020-11-10T23:37:00,,,,0,,,,,,,,,,,,,,,,,,,
2020-11-11 01:00:00,1018.9,17.0,97,0.5,325.0,1.9,324.0,0.0,,,,,2020-11-11T00:51:00,,,,0,,,,,,,,,,,,,,,,,,,
2020-11-11 02:00:00,1018.7,17.0,97,0.1,0.0,2.4,341.0,0.0,,,,,2020-11-11T01:17:00,,,,0,,,,,,,,,,,,,,,,,,,
2020-11-11 03:00:00,1018.4,17.0,97,0.1,0.0,1.9,237.0,0.0,,,,,2020-11-11T02:53:00,,,,0,,,,,,,,,,,,,,,,,,,
2020-11-11 04:00:00,1018.3,18.1,85,0.0,0.0,1.9,174.0,0.0,,,,,2020-11-11T03:10:00,,,,0,,,,,,,,,,,,,,,,,,,
2020-11-11 05:00:00,1018.2,18.6,82,0.1,0.0,2.4,136.0,0.0,,,,,2020-11-11T04:09:00,,,,0,,,,,,,,,,,,,,,,,,,
2020-11-11 06:00:00,1018.8,18.8,76,0.1,0.0,2.7,171.0,0.0,,,,,2020-11-11T05:29:00,,,,0,,,,,,,,,,,,,,,,,,,
2020-11-11 07:00:00,1019.6,17.0,95,0.0,0.0,2.2,337.0,0.0,,,,,2020-11-11T06:15:00,,,,0,,,,,,,,,,,,,,,,,,,
2020-11-11 08:00:00,1020.3,17.5,93,0.3,299.0,1.9,237.0,0.0,,,,,2020-11-11T07:26:00,,,,0,,,,,,,,,,,,,,,,,,,
2020-11-11 09:00:00,1020.5,20.1,80,0.4,187.0,2.4,179.0,0.0,,,,,2020-11-11T08:26:00,,,,0,,,,,,,,,,,,,,,,,,,
2020-11-11 10:00:00,1020.6,21.1,72,0.6,176.0,2.4,190.0,0.0,,,,,2020-11-11T09:03:00,,,,0,,,,,,,,,,,,,,,,,,,
2020-11-11 11:00:00,1020.2,21.3,70,0.3,179.0,2.4,190.0,0.0,,,,,2020-11-11T10:18:00,,,,0,,,,,,,,,,,,,,,,,,,
2020-11-11 12:00:00,1019.7,21.2,74,0.4,176.0,2.7,199.0,0.0,,,,,2020-11-11T11:17:00,,,,0,,,,,,,,,,,,,,,,,,,
2020-11-11 13:00:00,1018.7,21.2,75,0.6,208.0,3.3,322.0,0.0,,,,,2020-11-11T12:27:00,,,,0,,,,,,,,,,,,,,,,,,,
2020-11-11 14:00:00,1018.5,20.6,77,0.0,0.0,3.3,149.0,0.0,,,,,2020-11-11T13:12:00,,,,0,,,,,,,,,,,,,,,,,,,
2020-11-11 15:00:00,1018.5,20.3,78,0.1,0.0,2.2,188.0,0.0,,,,,2020-11-11T14:33:00,,,,0,,,,,,,,,,,,,,,,,,,
2020-11-11 16:00:00,1018.6,20.4,75,0.1,0.0,1.9,212.0,0.0,,,,,2020-11-11T15:37:00,,,,0,,,,,,,,,,,,,,,,,,,
2020-11-11 17:00:00,1019.2,20.3,74,0.1,0.0,2.4,187.0,0.0,,,,,2020-11-11T16:17:00,,,,0,,,,,,,,,,,,,,,,,,,
2020-11-11 18:00:00,1019.5,20.4,74,0.3,179.0,2.4,183.0,0.0,,,,,2020-11-11T17:50:00,,,,0,,,,,,,,,,,,,,,,,,,
2020-11-11 19:00:00,1019.8,20.7,71,0.1,0.0,2.7,190.0,0.0,,,,,2020-11-11T18:46:00,,,,0,,,,,,,,,,,,,,,,,,,
2020-11-11 20:00:00,1020.0,20.7,73,0.0,0.0,2.2,199.0,0.0,,,,,2020-11-11T19:08:00,,,,0,,,,,,,,,,,,,,,,,,,
2020-11-11 21:00:00,1019.8,20.9,71,0.2,0.0,2.7,174.0,0.0,,,,,2020-11-11T20:36:00,,,,0,,,,,,,,,,,,,,,,,,,
2020-11-11 22:00:00,1019.6,20.9,74,0.4,179.0,3.0,207.0,0.0,,,,,2020-11-11T21:18:00,,,,0,,,,,,,,,,,,,,,,,,,
2020-11-11 23:00:00,1019.3,21.1,73,0.2,0.0,2.4,201.0,0.0,,,,,2020-11-11T22:21:00,,,,0,,,,,,,,,,,,,,,,,,,
2020-11-12 00:00:00,1018.8,20.3,80,0.0,0.0,2.4,205.0,0.0,,,,,2020-11-11T23:04:00,,,,0,,,,,,,,,,,,,,,,,,,
2020-11-12 01:00:00,1018.2,18.7,92,0.2,0.0,3.3,324.0,0.0,,,,,2020-11-12T00:28:00,,,,0,,,,,,,,,,,,,,,,,,,
2020-11-12 02:00:00,1017.5,18.3,96,0.5,313.0,3.3,270.0,1.0,,,,,2020-11-12T01:03:00,,,,0,,,,,,,,,,,,,,,,,,,
2020-11-12 03:00:00,1016.9,18.3,97,0.6,310.0,3.0,349.0,1.0,,,,,2020-11-12T02:25:00,,,,0,,,,,,,,,,,,,,,,,,,
2020-11-12 04:00:00,1016.8,18.4,98,0.0,0.0,2.4,326.0,3.0,,,,,2020-11-12T03:01:00,,,,0,,,,,,,,,,,,,,,,,,,
2020-11-12 05:00:00,1016.8,18.5,98,0.1,0.0,2.4,211.0,2.5,,,,,2020-11-12T04:15:00,,,,0,,,,,,,,,,,,,,,,,,,
2020-11-12 06:00:00,1016.8,18.4,98,0.7,298.0,2.4,279.0,0.5,,,,,2020-11-12T05:51:00,,,,0,,,,,,,,,,,,,,,,,,,
2020-11-12 07:00:00,1017.5,18.5,98,0.0,0.0,2.2,339.0,1.5,,,,,2020-11-12T06:15:00,,,,0,,,,,,,,,,,,,,,,,,,
2020-11-12 08:00:00,1017.9,18.6,98,0.1,0.0,2.4,281.0,2.0,,,,,2020-11-12T07:56:00,,,,0,,,,,,,,,,,,,,,,,,,
2020-11-12 09:00:00,1018.3,18.9,98,0.1,0.0,2.4,229.0,2.0,,,,,2020-11-12T08:12:00,,,,0,,,,,,,,,,,,,,,,,,,
2020-11-12 10:00:00,1018.3,19.2,97,0.0,0.0,2.4,161.0,3.5,,,,,2020-11-12T09:55:00,,,,0,,,,,,,,,,,,,,,,,,,
2020-11-12 11:00:00,1017.7,19.3,97,0.0,0.0,1.9,317.0,2.5,,,,,2020-11-12T10:28:00,,,,0,,,,,,,,,,,,,,,,,,,
2020-11-12 12:00:00,1016.8,19.4,98,0.0,0.0,1.9,196.0,3.0,,,,,2020-11-12T11:43:00,,,,0,,,,,,,,,,,,,,,,,,,
2020-11-12 13:00:00,1016.1,19.6,97,0.0,0.0,1.9,346.0,0.5,,,,,2020-11-12T12:53:00,,,,0,,,,,,,,,,,,,,,,,,,
2020-11-12 14:00:00,1015.6,19.5,98,0.0,0.0,1.9,273.0,0.5,,,,,2020-11-12T13:43:00,,,,0,,,,,,,,,,,,,,,,,,,
2020-11-12 15:00:00,1015.7,19.6,98,0.0,0.0,1.9,335.0,0.5,,,,,2020-11-12T14:27:00,,,,0,,,,,,,,,,,,,,,,,,,
2020-11-12 16:00:00,1015.6,19.6,98,0.0,0.0,1.6,94.0,5.0,,,,,2020-11-12T15:39:00,,,,0,,,,,,,,,,,,,,,,,,,
2020-11-12 17:00:00,1015.9,19.6,98,0.0,0.0,1.9,86.0,3.0,,,,,2020-11-12T16:11:00,,,,0,,,,,,,,,,,,,,,,,,,
2020-11-12 18:00:00,1016.0,19.6,97,0.0,0.0,2.4,189.0,2.5,,,,,2020-11-12T17:12:00,,,,0,,,,,,,,,,,,,,,,,,,
2020-11-12 19:00:00,1016.3,19.7,97,0.0,0.0,1.9,189.0,0.0,,,,,2020-11-12T18:53:00,,,,0,,,,,,,,,,,,,,,,,,,
2020-11-12 20:00:00,1016.8,20.0,96,0.0,0.0,2.2,106.0,4.5,,,,,2020-11-12T19:24:00,,,,0,,,,,,,,,,,,,,,,,,,
2020-11-12 21:00:00,1016.6,20.0,97,0.0,0.0,3.5,193.0,4.0,,,,,2020-11-12T20:13:00,,,,0,,,,,,,,,,,,,,,,,,,
2020-11-12 22:00:00,1016.2,20.1,95,0.2,0.0,2.2,200.0,0.0,,,,,2020-11-12T21:03:00,,,,0,,,,,,,,,,,,,,,,,,,
2020-11-12 23:00:00,1016.1,20.6,91,0.0,0.0,1.9,192.0,0.0,,,,,2020-11-12T22:05:00,,,,0,,,,,,,,,,,,,,,,,,,
2020-11-13 00:00:00,1015.7,20.2,97,0.1,0.0,2.2,175.0,4.5,,,,,2020-11-12T23:50:00,,,,0,,,,,,,,,,,,,,,,,,,
2020-11-13 01:00:00,1015.4,20.1,97,0.0,0.0,1.3,170.0,1.5,,,,,2020-11-13T00:04:00,,,,0,,,,,,,,,,,,,,,,,,,
2020-11-13 02:00:00,1015.1,19.9,98,0.0,0.0,1.6,170.0,3.0,,,,,2020-11-13T01:19:00,,,,0,,,,,,,,,,,,,,,,,,,
2020-11-13 03:00:00,1014.6,19.9,98,0.3,196.0,1.9,176.0,2.5,,,,,2020-11-13T02:56:00,,,,0,,,,,,,,,,,,,,,,,,,
2020-11-13 04:00:00,1014.3,20.0,98,0.1,0.0,1.3,203.0,2.5,,,,,2020-11-13T03:59:00,,,,0,,,,,,,,,,,,,,,,,,,
2020-11-13 05:00:00,1014.3,19.9,98,0.0,0.0,1.3,213.0,2.5,,,,,2020-11-13T04:02:00,,,,0,,,,,,,,,,,,,,,,,,,
2020-11-13 06:00:00,1014.7,19.8,98,0.0,0.0,0.8,201.0,3.5,,,,,2020-11-13T05:04:00,,,,0,,,,,,,,,,,,,,,,,,,
2020-11-13 07:00:00,1015.5,20.1,98,0.2,0.0,1.9,201.0,2.5,,,,,2020-11-13T07:00:00,,,,0,,,,,,,,,,,,,,,,,,,
2020-11-13 08:00:00,1015.9,20.1,98,0.2,0.0,2.4,170.0,3.5,,,,,2020-11-13T07:54:00,,,,0,,,,,,,,,,,,,,,,,,,
2020-11-13 09:00:00,1016.3,20.2,98,0.0,0.0,1.9,192.0,3.5,,,,,2020-11-13T08:40:00,,,,0,,,,,,,,,,,,,,,,,,,
2020-11-13 10:00:00,1016.0,20.5,98,0.0,0.0,1.9,220.0,4.5,,,,,2020-11-13T09:10:00,,,,0,,,,,,,,,,,,,,,,,,,
2020-11-13 11:00:00,1015.5,20.7,98,0.0,0.0,2.4,180.0,2.0,,,,,2020-11-13T10:22:00,,,,0,,,,,,,,,,,,,,,,,,,
2020-11-13 12:00:00,1014.8,20.9,98,0.0,0.0,1.9,239.0,1.5,,,,,2020-11-13T11:45:00,,,,0,,,,,,,,,,,,,,,,,,,
2020-11-13 13:00:00,1014.0,21.0,98,0.4,342.0,2.2,348.0,1.0,,,,,2020-11-13T13:00:00,,,,0,,,,,,,,,,,,,,,,,,,
2020-11-13 14:00:00,1013.6,21.0,97,0.6,354.0,2.7,11.0,1.5,,,,,2020-11-13T13:58:00,,,,0,,,,,,,,,,,,,,,,,,,
2020-11-13 15:00:00,1013.5,21.0,97,0.0,0.0,3.0,331.0,2.5,,,,,2020-11-13T14:03:00,,,,0,,,,,,,,,,,,,,,,,,,
2020-11-13 16:00:00,1013.8,20.9,98,0.0,0.0,2.2,186.0,8.0,,,,,2020-11-13T15:31:00,,,,0,,,,,,,,,,,,,,,,,,,
2020-11-13 17:00:00,1014.4,20.6,98,0.3,194.0,2.4,208.0,13.0,,,,,2020-11-13T16:20:00,,,,0,,,,,,,,,,,,,,,,,,,
2020-11-13 18:00:00,1014.7,20.6,98,0.1,0.0,1.3,220.0,0.5,,,,,2020-11-13T17:01:00,,,,0,,,,,,,,,,,,,,,,,,,
2020-11-13 19:00:00,1015.4,20.7,98,0.0,0.0,1.6,104.0,2.0,,,,,2020-11-13T18:24:00,,,,0,,,,,,,,,,,,,,,,,,,
2020-11-13 20:00:00,1016.0,20.3,98,0.5,181.0,3.3,221.0,8.5,,,,,2020-11-13T20:00:00,,,,0,,,,,,,,,,,,,,,,,,,
2020-11-13 21:00:00,1016.5,20.1,98,0.0,0.0,3.0,198.0,3.0,,,,,2020-11-13T20:05:00,,,,0,,,,,,,,,,,,,,,,,,,
2020-11-13 22:00:00,1016.5,19.9,95,0.0,0.0,1.3,193.0,0.5,,,,,2020-11-13T21:20:00,,,,0,,,,,,,,,,,,,,,,,,,
2020-11-13 23:00:00,1016.8,19.9,97,0.0,0.0,1.1,265.0,0.0,,,,,2020-11-13T22:52:00,,,,0,,,,,,,,,,,,,,,,,,,
2020-11-14 00:00:00,1016.4,19.6,98,0.0,0.0,1.3,265.0,0.5,,,,,2020-11-13T23:38:00,,,,0,,,,,,,,,,,,,,,,,,,
2020-11-14 01:00:00,1016.1,19.6,98,0.0,0.0,1.3,217.0,0.0,,,,,2020-11-14T00:13:00,,,,0,,,,,,,,,,,,,,,,,,,
2020-11-14 02:00:00,1015.5,19.6,98,0.0,0.0,2.2,335.0,3.5,,,,,2020-11-14T01:44:00,,,,0,,,,,,,,,,,,,,,,,,,
2020-11-14 03:00:00,1015.3,20.0,98,0.1,0.0,1.9,190.0,3.5,,,,,2020-11-14T02:44:00,,,,0,,,,,,,,,,,,,,,,,,,
2020-11-14 04:00:00,1015.4,19.7,98,0.1,0.0,1.9,197.0,6.0,,,,,2020-11-14T03:27:00,,,,0,,,,,,,,,,,,,,,,,,,
2020-11-14 05:00:00,1015.6,19.4,98,0.0,0.0,1.3,159.0,5.0,,,,,2020-11-14T04:07:00,,,,0,,,,,,,,,,,,,,,,,,,
2020-11-14 06:00:00,1016.1,19.2,98,0.0,0.0,1.3,168.0,3.0,,,,,2020-11-14T05:45:00,,,,0,,,,,,,,,,,,,,,,,,,
2020-11-14 07:00:00,1016.7,19.2,98,0.0,0.0,1.9,92.0,5.0,,,,,2020-11-14T06:11:00,,,,0,,,,,,,,,,,,,,,,,,,
2020-11-14 08:00:00,1017.0,19.3,98,0.2,0.0,1.9,198.0,2.5,,,,,2020-11-14T07:48:00,,,,0,,,,,,,,,,,,,,,,,,,
2020-11-14 09:00:00,1017.3,19.5,98,0.1,0.0,1.9,281.0,0.5,,,,,2020-11-14T08:45:00,,,,0,,,,,,,,,,,,,,,,,,,
2020-11-14 10:00:00,1017.5,19.4,97,0.0,0.0,3.0,162.0,0.0,,,,,2020-11-14T09:13:00,,,,0,,,,,,,,,,,,,,,,,,,
2020-11-14 11:00:00,1017.1,20.0,92,0.0,0.0,1.6,193.0,0.0,,,,,2020-11-14T10:27:00,,,,0,,,,,,,,,,,,,,,,,,,
2020-11-14 12:00:00,1016.7,20.2,91,0.0,0.0,1.9,199.0,0.0,,,,,2020-11-14T11:18:00,,,,0,,,,,,,,,,,,,,,,,,,
2020-11-14 13:00:00,1016.3,20.0,91,0.0,0.0,1.9,141.0,0.0,,,,,2020-11-14T12:43:00,,,,0,,,,,,,,,,,,,,,,,,,
2020-11-14 14:00:00,1016.0,19.9,90,0.0,0.0,1.3,194.0,0.0,,,,,2020-11-14T13:02:00,,,,0,,,,,,,,,,,,,,,,,,,
2020-11-14 15:00:00,1015.9,20.1,91,0.0,0.0,1.6,135.0,0.0,,,,,2020-11-14T14:01:00,,,,0,,,,,,,,,,,,,,,,,,,
2020-11-14 16:00:00,1016.1,19.4,96,0.0,0.0,1.6,341.0,0.0,,,,,2020-11-14T15:09:00,,,,0,,,,,,,,,,,,,,,,,,,
2020-11-14 17:00:00,1016.5,18.9,97,0.5,256.0,2.2,251.0,0.0,,,,,2020-11-14T16:59:00,,,,0,,,,,,,,,,,,,,,,,,,
2020-11-14 18:00:00,1016.8,18.8,97,0.0,0.0,1.6,261.0,0.0,,,,,2020-11-14T17:07:00,,,,0,,,,,,,,,,,,,,,,,,,
2020-11-14 19:00:00,1017.0,18.6,97,0.0,0.0,1.3,286.0,0.0,,,,,2020-11-14T18:39:00,,,,0,,,,,,,,,,,,,,,,,,,
2020-11-14 20:00:00,1017.3,18.5,97,0.0,0.0,1.3,327.0,0.0,,,,,2020-11-14T19:01:00,,,,0,,,,,,,,,,,,,,,,,,,
2020-11-14 21:00:00,1017.2,18.4,97,0.0,0.0,0.8,333.0,0.0,,,,,2020-11-14T20:36:00,,,,0,,,,,,,,,,,,,,,,,,,
2020-11-14 22:00:00,1017.5,18.4,97,0.0,0.0,0.8,275.0,0.0,,,,,2020-11-14T21:04:00,,,,0,,,,,,,,,,,,,,,,,,,
2020-11-14 23:00:00,1017.2,18.3,97,0.0,0.0,1.1,304.0,0.0,,,,,2020-11-14T22:22:00,,,,0,,,,,,,,,,,,,,,,,,,
2020-11-15 00:00:00,1016.9,17.8,98,0.0,0.0,0.0,0.0,0.0,,,,,2020-11-14T23:05:00,,,,0,,,,,,,,,,,,,,,,,,,
2020-11-15 01:00:00,1016.6,17.8,98,0.0,0.0,0.0,0.0,0.0,,,,,2020-11-15T00:05:00,,,,0,,,,,,,,,,,,,,,,,,,
2020-11-15 02:00:00,1016.0,17.6,98,0.0,0.0,0.0,0.0,0.0,,,,,2020-11-15T01:05:00,,,,0,,,,,,,,,,,,,,,,,,,
2020-11-15 03:00:00,1015.5,17.5,98,0.0,0.0,1.1,333.0,0.0,,,,,2020-11-15T02:22:00,,,,0,,,,,,,,,,,,,,,,,,,
2020-11-15 04:00:00,1015.3,17.8,98,0.0,0.0,0.0,0.0,0.0,,,,,2020-11-15T03:05:00,,,,0,,,,,,,,,,,,,,,,,,,
2020-11-15 05:00:00,1015.2,17.8,98,0.0,0.0,0.0,0.0,0.0,,,,,2020-11-15T04:05:00,,,,0,,,,,,,,,,,,,,,,,,,
2020-11-15 06:00:00,1015.8,18.0,98,0.0,0.0,0.0,0.0,0.0,,,,,2020-11-15T05:05:00,,,,0,,,,,,,,,,,,,,,,,,,
2020-11-15 07:00:00,1016.1,18.3,98,0.0,0.0,0.8,343.0,0.0,,,,,2020-11-15T06:26:00,,,,0,,,,,,,,,,,,,,,,,,,
2020-11-15 08:00:00,1016.4,19.5,98,0.0,0.0,0.0,0.0,0.0,,,,,2020-11-15T07:05:00,,,,0,,,,,,,,,,,,,,,,,,,
2020-11-15 09:00:00,1016.8,21.3,93,0.0,0.0,0.8,322.0,0.0,,,,,2020-11-15T08:44:00,,,,0,,,,,,,,,,,,,,,,,,,
2020-11-15 10:00:00,1016.7,22.2,92,0.0,0.0,0.8,130.0,0.0,,,,,2020-11-15T09:12:00,,,,0,,,,,,,,,,,,,,,,,,,
2020-11-15 11:00:00,1016.3,23.2,92,0.0,0.0,2.2,174.0,0.5,,,,,2020-11-15T10:29:00,,,,0,,,,,,,,,,,,,,,,,,,
2020-11-15 12:00:00,1015.8,24.4,82,0.0,0.0,2.7,154.0,0.0,,,,,2020-11-15T11:29:00,,,,0,,,,,,,,,,,,,,,,,,,
2020-11-15 13:00:00,1014.7,24.8,80,0.1,0.0,1.6,96.0,0.0,,,,,2020-11-15T12:16:00,,,,0,,,,,,,,,,,,,,,,,,,
2020-11-15 14:00:00,1014.3,24.4,79,0.1,0.0,1.9,238.0,0.0,,,,,2020-11-15T13:22:00,,,,0,,,,,,,,,,,,,,,,,,,
2020-11-15 15:00:00,1014.0,24.8,77,0.3,169.0,1.9,180.0,0.0,,,,,2020-11-15T14:59:00,,,,0,,,,,,,,,,,,,,,,,,,
2020-11-15 16:00:00,1014.1,24.3,77,0.2,0.0,3.0,166.0,0.0,,,,,2020-11-15T15:07:00,,,,0,,,,,,,,,,,,,,,,,,,
2020-11-15 17:00:00,1014.5,22.0,90,0.0,0.0,1.6,174.0,0.0,,,,,2020-11-15T16:02:00,,,,0,,,,,,,,,,,,,,,,,,,
2020-11-15 18:00:00,1014.9,20.5,94,0.0,0.0,0.0,0.0,0.0,,,,,2020-11-15T17:05:00,,,,0,,,,,,,,,,,,,,,,,,,
2020-11-15 19:00:00,1015.3,20.2,96,0.0,0.0,0.0,0.0,0.0,,,,,2020-11-15T18:05:00,,,,0,,,,,,,,,,,,,,,,,,,
2020-11-15 20:00:00,1015.7,19.6,97,0.0,0.0,0.0,0.0,0.0,,,,,2020-11-15T19:05:00,,,,0,,,,,,,,,,,,,,,,,,,
2020-11-15 21:00:00,1015.7,19.3,97,0.0,0.0,0.0,0.0,0.0,,,,,2020-11-15T20:05:00,,,,0,,,,,,,,,,,,,,,,,,,
2020-11-15 22:00:00,1015.7,19.0,98,0.0,0.0,0.0,0.0,0.0,,,,,2020-11-15T21:05:00,,,,0,,,,,,,,,,,,,,,,,,,
2020-11-15 23:00:00,1015.6,18.4,98,0.0,0.0,0.8,166.0,0.0,,,,,2020-11-15T22:02:00,,,,0,,,,,,,,,,,,,,,,,,,
2020-11-16 00:00:00,1015.2,18.3,98,0.0,0.0,0.0,0.0,0.0,,,,,2020-11-15T23:05:00,,,,0,,,,,,,,,,,,,,,,,,,
2020-11-16 01:00:00,1014.7,17.9,99,0.0,0.0,0.0,0.0,0.0,,,,,2020-11-16T00:05:00,,,,0,,,,,,,,,,,,,,,,,,,
2020-11-16 02:00:00,1014.4,17.5,99,0.0,0.0,0.0,0.0,0.0,,,,,2020-11-16T01:05:00,,,,0,,,,,,,,,,,,,,,,,,,
2020-11-16 03:00:00,1014.1,17.3,99,0.0,0.0,0.0,0.0,0.0,,,,,2020-11-16T02:05:00,,,,0,,,,,,,,,,,,,,,,,,,
2020-11-16 04:00:00,1014.2,17.1,99,0.0,0.0,0.0,0.0,0.0,,,,,2020-11-16T03:05:00,,,,0,,,,,,,,,,,,,,,,,,,
2020-11-16 05:00:00,1014.0,16.7,99,0.0,0.0,0.0,0.0,0.0,,,,,2020-11-16T04:05:00,,,,0,,,,,,,,,,,,,,,,,,,
2020-11-16 06:00:00,1014.4,16.7,99,0.0,0.0,0.0,0.0,0.0,,,,,2020-11-16T05:05:00,,,,0,,,,,,,,,,,,,,,,,,,
2020-11-16 07:00:00,1015.2,16.9,99,0.0,0.0,0.8,316.0,0.0,,,,,2020-11-16T06:35:00,,,,0,,,,,,,,,,,,,,,,,,,
2020-11-16 08:00:00,1015.2,18.5,99,0.0,0.0,0.8,316.0,0.0,,,,,2020-11-16T07:16:00,,,,0,,,,,,,,,,,,,,,,,,,
2020-11-16 09:00:00,1015.5,20.2,99,0.0,0.0,0.0,0.0,0.0,,,,,2020-11-16T08:05:00,,,,0,,,,,,,,,,,,,,,,,,,
2020-11-16 10:00:00,1015.5,22.4,98,0.0,0.0,0.0,0.0,0.0,,,,,2020-11-16T09:05:00,,,,0,,,,,,,,,,,,,,,,,,,
2020-11-16 11:00:00,1014.7,24.3,87,0.0,0.0,1.6,176.0,0.0,,,,,2020-11-16T10:56:00,,,,0,,,,,,,,,,,,,,,,,,,
2020-11-16 12:00:00,1013.7,24.0,86,0.0,0.0,1.9,98.0,0.0,,,,,2020-11-16T11:32:00,,,,0,,,,,,,,,,,,,,,,,,,
2020-11-16 13:00:00,1012.7,25.3,80,0.4,153.0,2.4,188.0,0.0,,,,,2020-11-16T12:58:00,,,,0,,,,,,,,,,,,,,,,,,,
2020-11-16 14:00:00,1012.4,24.4,84,0.0,0.0,2.4,109.0,0.0,,,,,2020-11-16T13:04:00,,,,0,,,,,,,,,,,,,,,,,,,
2020-11-16 15:00:00,1012.6,22.6,95,0.0,0.0,1.1,110.0,0.5,,,,,2020-11-16T14:17:00,,,,0,,,,,,,,,,,,,,,,,,,
2020-11-16 16:00:00,1012.6,22.3,96,0.0,0.0,1.3,182.0,0.5,,,,,2020-11-16T15:27:00,,,,0,,,,,,,,,,,,,,,,,,,
2020-11-16 17:00:00,1013.1,22.1,97,0.0,0.0,0.0,0.0,0.0,,,,,2020-11-16T16:05:00,,,,0,,,,,,,,,,,,,,,,,,,
2020-11-16 18:00:00,1013.2,21.7,97,0.0,0.0,0.0,0.0,0.0,,,,,2020-11-16T17:05:00,,,,0,,,,,,,,,,,,,,,,,,,
2020-11-16 19:00:00,1013.7,21.5,97,0.0,0.0,1.3,117.0,0.0,,,,,2020-11-16T18:35:00,,,,0,,,,,,,,,,,,,,,,,,,
2020-11-16 20:00:00,1013.8,21.2,97,0.0,0.0,0.0,0.0,0.0,,,,,2020-11-16T19:05:00,,,,0,,,,,,,,,,,,,,,,,,,
2020-11-16 21:00:00,1014.0,21.0,98,0.0,0.0,0.0,0.0,0.0,,,,,2020-11-16T20:05:00,,,,0,,,,,,,,,,,,,,,,,,,
2020-11-16 22:00:00,1014.0,21.0,97,0.0,0.0,1.1,106.0,0.0,,,,,2020-11-16T21:46:00,,,,0,,,,,,,,,,,,,,,,,,,
2020-11-16 23:00:00,1013.7,21.6,92,0.0,0.0,1.3,201.0,0.0,,,,,2020-11-16T22:37:00,,,,0,,,,,,,,,,,,,,,,,,,
2020-11-17 00:00:00,1013.5,22.0,88,0.0,0.0,1.9,212.0,0.0,,,,,2020-11-16T23:03:00,,,,0,,,,,,,,,,,,,,,,,,,
2020-11-17 01:00:00,1012.9,22.4,85,0.0,0.0,1.9,103.0,0.0,,,,,2020-11-17T00:38:00,,,,0,,,,,,,,,,,,,,,,,,,
2020-11-17 02:00:00,1012.4,22.7,85,0.2,0.0,2.2,97.0,0.0,,,,,2020-11-17T01:37:00,,,,0,,,,,,,,,,,,,,,,,,,
2020-11-17 03:00:00,1012.2,21.5,95,0.0,0.0,3.3,166.0,2.0,,,,,2020-11-17T02:27:00,,,,0,,,,,,,,,,,,,,,,,,,
2020-11-17 04:00:00,1012.2,21.1,97,0.0,0.0,1.3,173.0,0.5,,,,,2020-11-17T03:06:00,,,,0,,,,,,,,,,,,,,,,,,,
2020-11-17 05:00:00,1012.2,20.7,97,0.0,0.0,1.1,333.0,0.0,,,,,2020-11-17T04:51:00,,,,0,,,,,,,,,,,,,,,,,,,
2020-11-17 06:00:00,1012.5,20.5,98,0.0,0.0,0.0,0.0,0.0,,,,,2020-11-17T05:05:00,,,,0,,,,,,,,,,,,,,,,,,,
2020-11-17 07:00:00,1012.8,20.4,98,0.0,0.0,0.0,0.0,0.0,,,,,2020-11-17T06:05:00,,,,0,,,,,,,,,,,,,,,,,,,
2020-11-17 08:00:00,1013.1,20.8,98,0.0,0.0,1.1,331.0,0.0,,,,,2020-11-17T07:15:00,,,,0,,,,,,,,,,,,,,,,,,,
2020-11-17 09:00:00,1013.4,22.1,96,0.1,0.0,1.3,174.0,0.0,,,,,2020-11-17T08:57:00,,,,0,,,,,,,,,,,,,,,,,,,
2020-11-17 10:00:00,1013.4,22.7,93,0.1,0.0,1.9,103.0,0.0,,,,,2020-11-17T09:09:00,,,,0,,,,,,,,,,,,,,,,,,,
2020-11-17 11:00:00,1013.0,22.4,95,0.1,0.0,1.9,179.0,0.5,,,,,2020-11-17T10:29:00,,,,0,,,,,,,,,,,,,,,,,,,
2020-11-17 12:00:00,1012.0,23.7,87,0.2,0.0,2.4,67.0,0.0,,,,,2020-11-17T11:58:00,,,,0,,,,,,,,,,,,,,,,,,,
2020-11-17 13:00:00,1011.3,23.4,89,0.0,0.0,3.5,97.0,0.0,,,,,2020-11-17T12:02:00,,,,0,,,,,,,,,,,,,,,,,,,
2020-11-17 14:00:00,1010.7,23.4,86,0.2,0.0,2.4,59.0,0.0,,,,,2020-11-17T13:57:00,,,,0,,,,,,,,,,,,,,,,,,,
2020-11-17 15:00:00,1011.1,23.2,86,0.0,0.0,1.3,129.0,0.0,,,,,2020-11-17T14:06:00,,,,0,,,,,,,,,,,,,,,,,,,
2020-11-17 16:00:00,1011.2,22.9,93,0.0,0.0,0.0,0.0,0.0,,,,,2020-11-17T15:05:00,,,,0,,,,,,,,,,,,,,,,,,,
2020-11-17 17:00:00,1011.5,22.2,95,0.0,0.0,0.8,170.0,0.0,,,,,2020-11-17T16:18:00,,,,0,,,,,,,,,,,,,,,,,,,
2020-11-17 18:00:00,1011.7,21.7,97,0.0,0.0,0.8,282.0,0.5,,,,,2020-11-17T17:03:00,,,,0,,,,,,,,,,,,,,,,,,,
2020-11-17 19:00:00,1011.8,21.4,97,0.0,0.0,0.0,0.0,0.5,,,,,2020-11-17T18:05:00,,,,0,,,,,,,,,,,,,,,,,,,
2020-11-17 20:00:00,1012.1,21.4,98,0.0,0.0,0.0,0.0,0.0,,,,,2020-11-17T19:05:00,,,,0,,,,,,,,,,,,,,,,,,,
2020-11-17 21:00:00,1012.0,21.3,98,0.0,0.0,0.0,0.0,0.0,,,,,2020-11-17T20:05:00,,,,0,,,,,,,,,,,,,,,,,,,
2020-11-17 22:00:00,1011.7,21.4,98,0.0,0.0,1.3,285.0,0.0,,,,,2020-11-17T21:24:00,,,,0,,,,,,,,,,,,,,,,,,,
2020-11-17 23:00:00,1011.3,21.9,97,0.5,181.0,1.9,99.0,0.0,,,,,2020-11-17T22:33:00,,,,0,,,,,,,,,,,,,,,,,,,
2020-11-18 00:00:00,1010.7,22.1,95,0.2,0.0,2.2,119.0,0.5,,,,,2020-11-17T23:02:00,,,,0,,,,,,,,,,,,,,,,,,,
2020-11-18 01:00:00,1010.0,21.8,95,0.3,29.0,1.9,171.0,0.0,,,,,2020-11-18T00:09:00,,,,0,,,,,,,,,,,,,,,,,,,
2020-11-18 02:00:00,1009.5,22.3,89,0.0,0.0,3.3,161.0,0.0,,,,,2020-11-18T01:30:00,,,,0,,,,,,,,,,,,,,,,,,,
2020-11-18 03:00:00,1009.1,22.3,88,0.0,0.0,3.3,98.0,0.0,,,,,2020-11-18T02:02:00,,,,0,,,,,,,,,,,,,,,,,,,
2020-11-18 04:00:00,1009.2,21.9,92,0.5,45.0,5.5,28.0,0.0,,,,,2020-11-18T03:04:00,,,,0,,,,,,,,,,,,,,,,,,,
2020-11-18 05:00:00,1009.4,22.3,89,0.3,98.0,2.7,338.0,0.0,,,,,2020-11-18T04:38:00,,,,0,,,,,,,,,,,,,,,,,,,
2020-11-18 06:00:00,1009.7,22.3,89,0.1,0.0,3.3,210.0,0.0,,,,,2020-11-18T05:33:00,,,,0,,,,,,,,,,,,,,,,,,,
2020-11-18 07:00:00,1010.1,22.3,90,0.0,0.0,5.5,253.0,0.0,,,,,2020-11-18T06:02:00,,,,0,,,,,,,,,,,,,,,,,,,
2020-11-18 08:00:00,1010.4,23.7,87,0.0,0.0,1.3,331.0,0.0,,,,,2020-11-18T07:08:00,,,,0,,,,,,,,,,,,,,,,,,,
2020-11-18 09:00:00,1010.6,25.4,77,0.6,148.0,3.0,146.0,0.0,,,,,2020-11-18T08:57:00,,,,0,,,,,,,,,,,,,,,,,,,
2020-11-18 10:00:00,1010.6,25.3,77,0.5,135.0,5.5,196.0,0.0,,,,,2020-11-18T09:17:00,,,,0,,,,,,,,,,,,,,,,,,,
2020-11-18 11:00:00,1009.8,26.5,72,0.7,160.0,6.6,156.0,0.0,,,,,2020-11-18T10:47:00,,,,0,,,,,,,,,,,,,,,,,,,
2020-11-18 12:00:00,1009.0,27.1,70,0.9,196.0,4.9,263.0,0.0,,,,,2020-11-18T11:15:00,,,,0,,,,,,,,,,,,,,,,,,,
2020-11-18 13:00:00,1008.1,26.7,71,0.5,143.0,5.5,156.0,0.0,,,,,2020-11-18T12:27:00,,,,0,,,,,,,,,,,,,,,,,,,
2020-11-18 14:00:00,1007.5,26.5,72,0.2,0.0,3.5,158.0,0.0,,,,,2020-11-18T13:15:00,,,,0,,,,,,,,,,,,,,,,,,,
2020-11-18 15:00:00,1007.4,26.0,74,0.0,0.0,3.0,184.0,0.0,,,,,2020-11-18T14:29:00,,,,0,,,,,,,,,,,,,,,,,,,
2020-11-18 16:00:00,1007.6,25.3,77,0.3,176.0,3.5,149.0,0.0,,,,,2020-11-18T15:30:00,,,,0,,,,,,,,,,,,,,,,,,,
2020-11-18 17:00:00,1008.1,24.4,82,0.2,0.0,3.3,173.0,0.0,,,,,2020-11-18T16:16:00,,,,0,,,,,,,,,,,,,,,,,,,
2020-11-18 18:00:00,1008.6,22.4,91,0.0,0.0,1.3,349.0,0.0,,,,,2020-11-18T17:01:00,,,,0,,,,,,,,,,,,,,,,,,,
2020-11-18 19:00:00,1008.8,21.6,94,0.0,0.0,0.0,0.0,0.0,,,,,2020-11-18T18:05:00,,,,0,,,,,,,,,,,,,,,,,,,
2020-11-18 20:00:00,1009.0,21.2,96,0.0,0.0,1.1,330.0,0.0,,,,,2020-11-18T19:38:00,,,,0,,,,,,,,,,,,,,,,,,,
2020-11-18 21:00:00,1008.9,21.0,96,0.0,0.0,2.2,328.0,0.0,,,,,2020-11-18T20:23:00,,,,0,,,,,,,,,,,,,,,,,,,
2020-11-18 22:00:00,1009.0,21.0,96,0.0,0.0,1.6,352.0,0.0,,,,,2020-11-18T21:26:00,,,,0,,,,,,,,,,,,,,,,,,,
2020-11-18 23:00:00,1008.8,20.6,97,0.0,0.0,1.3,347.0,0.0,,,,,2020-11-18T22:08:00,,,,0,,,,,,,,,,,,,,,,,,,
2020-11-19 00:00:00,1008.7,20.3,97,0.2,0.0,1.9,200.0,0.0,,,,,2020-11-18T23:44:00,,,,0,,,,,,,,,,,,,,,,,,,
2020-11-19 01:00:00,1008.8,20.2,97,0.0,0.0,1.6,339.0,0.0,,,,,2020-11-19T00:35:00,,,,0,,,,,,,,,,,,,,,,,,,
2020-11-19 02:00:00,1008.5,19.9,97,0.0,0.0,1.9,351.0,0.0,,,,,2020-11-19T01:34:00,,,,0,,,,,,,,,,,,,,,,,,,
2020-11-19 03:00:00,1008.2,19.4,98,0.0,0.0,1.3,322.0,0.0,,,,,2020-11-19T02:01:00,,,,0,,,,,,,,,,,,,,,,,,,
2020-11-19 04:00:00,1008.3,19.2,98,0.1,0.0,0.8,349.0,0.0,,,,,2020-11-19T03:56:00,,,,0,,,,,,,,,,,,,,,,,,,
2020-11-19 05:00:00,1008.3,19.1,98,0.0,0.0,1.3,12.0,0.0,,,,,2020-11-19T04:04:00,,,,0,,,,,,,,,,,,,,,,,,,
2020-11-19 06:00:00,1008.7,18.7,98,0.0,0.0,0.0,0.0,0.0,,,,,2020-11-19T05:05:00,,,,0,,,,,,,,,,,,,,,,,,,
2020-11-19 07:00:00,1009.2,18.9,98,0.0,0.0,0.0,0.0,0.0,,,,,2020-11-19T06:05:00,,,,0,,,,,,,,,,,,,,,,,,,
2020-11-19 08:00:00,1009.2,20.3,97,0.7,350.0,2.4,351.0,0.0,,,,,2020-11-19T07:56:00,,,,0,,,,,,,,,,,,,,,,,,,
2020-11-19 09:00:00,1009.5,23.5,86,0.0,0.0,1.6,262.0,0.0,,,,,2020-11-19T08:35:00,,,,0,,,,,,,,,,,,,,,,,,,
2020-11-19 10:00:00,1009.3,27.0,72,0.0,0.0,1.1,334.0,0.0,,,,,2020-11-19T09:22:00,,,,0,,,,,,,,,,,,,,,,,,,
2020-11-19 11:00:00,1008.4,29.9,59,0.3,338.0,1.3,174.0,0.0,,,,,2020-11-19T10:54:00,,,,0,,,,,,,,,,,,,,,,,,,
2020-11-19 12:00:00,1007.4,29.9,62,0.3,168.0,4.1,160.0,0.0,,,,,2020-11-19T11:41:00,,,,0,,,,,,,,,,,,,,,,,,,
2020-11-19 13:00:00,1006.8,28.7,68,0.4,152.0,3.3,191.0,0.0,,,,,2020-11-19T12:22:00,,,,0,,,,,,,,,,,,,,,,,,,
2020-11-19 14:00:00,1006.5,27.8,73,0.6,157.0,4.1,171.0,0.0,,,,,2020-11-19T13:07:00,,,,0,,,,,,,,,,,,,,,,,,,
2020-11-19 15:00:00,1005.9,27.2,76,0.7,154.0,3.5,184.0,0.0,,,,,2020-11-19T14:25:00,,,,0,,,,,,,,,,,,,,,,,,,
2020-11-19 16:00:00,1006.1,26.7,79,0.2,0.0,3.5,175.0,0.0,,,,,2020-11-19T15:07:00,,,,0,,,,,,,,,,,,,,,,,,,
2020-11-19 17:00:00,1006.5,25.5,86,0.0,0.0,1.6,182.0,0.0,,,,,2020-11-19T16:13:00,,,,0,,,,,,,,,,,,,,,,,,,
2020-11-19 18:00:00,1006.7,24.4,91,0.0,0.0,0.8,173.0,0.0,,,,,2020-11-19T17:10:00,,,,0,,,,,,,,,,,,,,,,,,,
2020-11-19 19:00:00,1007.1,23.3,94,0.2,0.0,1.9,325.0,0.0,,,,,2020-11-19T19:00:00,,,,0,,,,,,,,,,,,,,,,,,,
2020-11-19 20:00:00,1007.6,22.7,95,0.0,0.0,1.9,325.0,0.0,,,,,2020-11-19T19:01:00,,,,0,,,,,,,,,,,,,,,,,,,
2020-11-19 21:00:00,1007.8,22.4,96,0.1,0.0,1.9,328.0,0.0,,,,,2020-11-19T20:40:00,,,,0,,,,,,,,,,,,,,,,,,,
2020-11-19 22:00:00,1008.1,22.0,96,0.0,0.0,1.6,333.0,0.0,,,,,2020-11-19T21:38:00,,,,0,,,,,,,,,,,,,,,,,,,
2020-11-19 23:00:00,1007.8,21.6,96,0.0,0.0,1.6,332.0,0.0,,,,,2020-11-19T22:04:00,,,,0,,,,,,,,,,,,,,,,,,,
2020-11-20 00:00:00,1007.6,21.5,97,0.0,0.0,0.8,340.0,0.0,,,,,2020-11-19T23:07:00,,,,0,,,,,,,,,,,,,,,,,,,
2020-11-20 01:00:00,1007.3,21.2,97,0.0,0.0,1.1,318.0,0.0,,,,,2020-11-20T00:57:00,,,,0,,,,,,,,,,,,,,,,,,,
2020-11-20 02:00:00,1007.4,21.0,97,0.0,0.0,0.0,0.0,0.0,,,,,2020-11-20T01:05:00,,,,0,,,,,,,,,,,,,,,,,,,
2020-11-20 03:00:00,1007.8,20.9,97,0.0,0.0,1.9,341.0,0.0,,,,,2020-11-20T02:40:00,,,,0,,,,,,,,,,,,,,,,,,,
2020-11-20 04:00:00,1008.0,20.6,97,0.0,0.0,0.0,0.0,0.0,,,,,2020-11-20T03:05:00,,,,0,,,,,,,,,,,,,,,,,,,
2020-11-20 05:00:00,1008.4,20.3,97,0.0,0.0,0.0,0.0,0.0,,,,,2020-11-20T04:05:00,,,,0,,,,,,,,,,,,,,,,,,,
2020-11-20 06:00:00,1008.7,20.1,97,0.0,0.0,0.0,0.0,0.0,,,,,2020-11-20T05:05:00,,,,0,,,,,,,,,,,,,,,,,,,
2020-11-20 07:00:00,1009.3,20.1,97,0.0,0.0,0.0,0.0,0.0,,,,,2020-11-20T06:05:00,,,,0,,,,,,,,,,,,,,,,,,,
2020-11-20 08:00:00,1009.8,21.3,97,0.0,0.0,0.0,0.0,0.0,,,,,2020-11-20T07:05:00,,,,0,,,,,,,,,,,,,,,,,,,
2020-11-20 09:00:00,1010.2,24.4,86,0.0,0.0,0.0,0.0,0.0,,,,,2020-11-20T08:05:00,,,,0,,,,,,,,,,,,,,,,,,,
2020-11-20 10:00:00,1010.2,27.2,68,1.4,326.0,3.8,328.0,0.0,,,,,2020-11-20T09:58:00,,,,0,,,,,,,,,,,,,,,,,,,
2020-11-20 11:00:00,1010.0,26.2,74,1.2,338.0,6.0,320.0,0.0,,,,,2020-11-20T10:23:00,,,,0,,,,,,,,,,,,,,,,,,,
2020-11-20 12:00:00,1009.8,25.0,81,0.3,240.0,3.8,324.0,0.0,,,,,2020-11-20T11:39:00,,,,0,,,,,,,,,,,,,,,,,,,
2020-11-20 13:00:00,1009.0,25.0,82,0.6,329.0,1.9,231.0,0.0,,,,,2020-11-20T12:06:00,,,,0,,,,,,,,,,,,,,,,,,,
2020-11-20 14:00:00,1008.8,24.1,89,0.2,0.0,1.9,279.0,0.0,,,,,2020-11-20T13:31:00,,,,0,,,,,,,,,,,,,,,,,,,
2020-11-20 15:00:00,1009.1,23.4,91,0.0,0.0,2.4,335.0,0.0,,,,,2020-11-20T14:42:00,,,,0,,,,,,,,,,,,,,,,,,,
2020-11-20 16:00:00,-9999.7,-99.7,-9997,-99.7,-999.7,1.3,335.0,0.0,,,,,2020-11-20T15:18:00,,,,0,,,,,,,,,,,,,,,,,,,
2020-11-20 17:00:00,-9999.7,-99.7,-9997,-99.7,-999.7,0.8,329.0,0.0,,,,,2020-11-20T16:29:00,,,,0,,,,,,,,,,,,,,,,,,,
2020-11-20 18:00:00,-9999.7,-99.7,-9997,-99.7,-999.7,,,0.0,,,,,,,,,0,,,,,,,,,,,,,,,,,,,
2020-11-20 19:00:00,-9999.7,-99.7,-9997,-99.7,-999.7,,,0.0,,,,,,,,,0,,,,,,,,,,,,,,,,,,,
2020-11-20 20:00:00,-9999.7,-99.7,-9997,-99.7,-999.7,,,1.0,,,,,,,,,0,,,,,,,,,,,,,,,,,,,
2020-11-20 21:00:00,-9999.7,-99.7,-9997,-99.7,-999.7,,,0.5,,,,,,,,,0,,,,,,,,,,,,,,,,,,,
2020-11-20 22:00:00,-9999.7,-99.7,-9997,-99.7,-999.7,,,0.0,,,,,,,,,0,,,,,,,,,,,,,,,,,,,
2020-11-20 23:00:00,-9999.7,-99.7,-9997,-99.7,-999.7,,,0.0,,,,,,,,,0,,,,,,,,,,,,,,,,,,,
2020-11-21 00:00:00,-9999.7,-99.7,-9997,-99.7,-999.7,2.4,184.0,0.0,,,,,2020-11-20T23:21:00,,,,0,,,,,,,,,,,,,,,,,,,
2020-11-21 01:00:00,-9999.7,-99.7,-9997,-99.7,-999.7,1.9,190.0,0.0,,,,,2020-11-21T00:25:00,,,,0,,,,,,,,,,,,,,,,,,,
2020-11-21 02:00:00,1010.9,21.9,96,0.2,0.0,1.9,166.0,0.0,,,,,2020-11-21T01:02:00,,,,0,,,,,,,,,,,,,,,,,,,
2020-11-21 03:00:00,1010.8,21.8,95,0.5,183.0,2.4,184.0,0.0,,,,,2020-11-21T02:57:00,,,,0,,,,,,,,,,,,,,,,,,,
2020-11-21 04:00:00,-9999.7,-99.7,-9997,-99.7,-999.7,1.6,185.0,0.5,,,,,2020-11-21T03:40:00,,,,0,,,,,,,,,,,,,,,,,,,
2020-11-21 05:00:00,-9999.7,-99.7,-9997,-99.7,-999.7,,,2.0,,,,,,,,,0,,,,,,,,,,,,,,,,,,,
2020-11-21 06:00:00,-9999.7,-99.7,-9997,-99.7,-999.7,,,1.0,,,,,,,,,0,,,,,,,,,,,,,,,,,,,
2020-11-21 07:00:00,-9999.7,-99.7,-9997,-99.7,-999.7,,,2.5,,,,,,,,,0,,,,,,,,,,,,,,,,,,,
2020-11-21 08:00:00,-9999.7,-99.7,-9997,-99.7,-999.7,,,0.5,,,,,,,,,0,,,,,,,,,,,,,,,,,,,
2020-11-21 09:00:00,-9999.7,-99.7,-9997,-99.7,-999.7,,,0.5,,,,,,,,,0,,,,,,,,,,,,,,,,,,,
2020-11-21 10:00:00,-9999.7,-99.7,-9997,-99.7,-999.7,,,0.0,,,,,,,,,0,,,,,,,,,,,,,,,,,,,
2020-11-21 11:00:00,-9999.7,-99.7,-9997,-99.7,-999.7,,,1.5,,,,,,,,,0,,,,,,,,,,,,,,,,,,,
2020-11-21 12:00:00,-9999.7,-99.7,-9997,-99.7,-999.7,,,1.0,,,,,,,,,0,,,,,,,,,,,,,,,,,,,
2020-11-21 13:00:00,-9999.7,-99.7,-9997,-99.7,-999.7,,,0.5,,,,,,,,,0,,,,,,,,,,,,,,,,,,,
2020-11-21 14:00:00,-9999.7,-99.7,-9997,-99.7,-999.7,,,0.0,,,,,,,,,0,,,,,,,,,,,,,,,,,,,
2020-11-21 15:00:00,-9999.7,-99.7,-9997,-99.7,-999.7,0.0,0.0,0.0,,,,,2020-11-21T14:15:00,,,,0,,,,,,,,,,,,,,,,,,,
2020-11-21 16:00:00,-9999.7,-99.7,-9997,-99.7,-999.7,,,0.0,,,,,,,,,0,,,,,,,,,,,,,,,,,,,
2020-11-21 17:00:00,-9999.7,-99.7,-9997,-99.7,-999.7,,,0.0,,,,,,,,,0,,,,,,,,,,,,,,,,,,,
2020-11-21 18:00:00,-9999.7,-99.7,-9997,-99.7,-999.7,,,1.0,,,,,,,,,0,,,,,,,,,,,,,,,,,,,
2020-11-21 19:00:00,-9999.7,-99.7,-9997,-99.7,-999.7,,,12.5,,,,,,,,,0,,,,,,,,,,,,,,,,,,,
2020-11-21 20:00:00,-9999.7,-99.7,-9997,-99.7,-999.7,,,1.5,,,,,,,,,0,,,,,,,,,,,,,,,,,,,
2020-11-21 21:00:00,-9999.7,-99.7,-9997,-99.7,-999.7,0.0,0.0,1.5,,,,,2020-11-21T20:15:00,,,,0,,,,,,,,,,,,,,,,,,,
2020-11-21 22:00:00,-9999.7,-99.7,-9997,-99.7,-999.7,,,0.0,,,,,,,,,0,,,,,,,,,,,,,,,,,,,
2020-11-21 23:00:00,-9999.7,-99.7,-9997,-99.7,-999.7,,,0.0,,,,,,,,,0,,,,,,,,,,,,,,,,,,,
2020-11-22 00:00:00,-9999.7,-99.7,-9997,-99.7,-999.7,,,0.0,,,,,,,,,0,,,,,,,,,,,,,,,,,,,
2020-11-22 01:00:00,1011.6,20.6,98,0.0,0.0,0.0,0.0,0.0,,,,,2020-11-22T00:25:00,,,,0,,,,,,,,,,,,,,,,,,,
2020-11-22 02:00:00,1011.4,20.3,98,0.0,0.0,0.0,0.0,0.0,,,,,2020-11-22T01:45:00,,,,0,,,,,,,,,,,,,,,,,,,
2020-11-22 03:00:00,1011.2,20.0,99,0.0,0.0,1.3,324.0,0.0,,,,,2020-11-22T02:53:00,,,,0,,,,,,,,,,,,,,,,,,,
2020-11-22 04:00:00,-9999.7,-99.7,-9997,-99.7,-999.7,0.8,323.0,0.0,,,,,2020-11-22T03:33:00,,,,0,,,,,,,,,,,,,,,,,,,
2020-11-22 05:00:00,-9999.7,-99.7,-9997,-99.7,-999.7,0.8,302.0,0.0,,,,,2020-11-22T04:12:00,,,,0,,,,,,,,,,,,,,,,,,,
2020-11-22 06:00:00,-9999.7,-99.7,-9997,-99.7,-999.7,1.3,337.0,0.0,,,,,2020-11-22T05:11:00,,,,0,,,,,,,,,,,,,,,,,,,
2020-11-22 07:00:00,-9999.7,-99.7,-9997,-99.7,-999.7,,,0.5,,,,,,,,,0,,,,,,,,,,,,,,,,,,,
2020-11-22 08:00:00,1013.2,20.8,99,0.0,0.0,0.8,306.0,0.0,,,,,2020-11-22T07:08:00,,,,0,,,,,,,,,,,,,,,,,,,
2020-11-22 09:00:00,1013.5,22.8,98,0.0,0.0,0.0,0.0,0.0,,,,,2020-11-22T08:35:00,,,,0,,,,,,,,,,,,,,,,,,,
2020-11-22 10:00:00,1013.3,26.5,75,0.4,162.0,3.3,175.0,0.0,,,,,2020-11-22T09:57:00,,,,0,,,,,,,,,,,,,,,,,,,
2020-11-22 11:00:00,-9999.7,-99.7,-9997,-99.7,-999.7,,,0.0,,,,,,,,,0,,,,,,,,,,,,,,,,,,,
2020-11-22 12:00:00,-9999.7,-99.7,-9997,-99.7,-999.7,,,0.0,,,,,,,,,0,,,,,,,,,,,,,,,,,,,
2020-11-22 13:00:00,-9999.7,-99.7,-9997,-99.7,-999.7,,,0.0,,,,,,,,,0,,,,,,,,,,,,,,,,,,,
2020-11-22 14:00:00,-9999.7,-99.7,-9997,-99.7,-999.7,,,0.0,,,,,,,,,0,,,,,,,,,,,,,,,,,,,
2020-11-22 15:00:00,-9999.7,-99.7,-9997,-99.7,-999.7,1.3,203.0,0.0,,,,,2020-11-22T14:24:00,,,,0,,,,,,,,,,,,,,,,,,,
2020-11-22 16:00:00,-9999.7,-99.7,-9997,-99.7,-999.7,,,0.0,,,,,,,,,0,,,,,,,,,,,,,,,,,,,
2020-11-22 17:00:00,1014.0,22.8,92,0.3,327.0,2.4,321.0,0.0,,,,,2020-11-22T16:51:00,,,,0,,,,,,,,,,,,,,,,,,,
2020-11-22 18:00:00,-9999.7,-99.7,-9997,-99.7,-999.7,1.1,314.0,0.5,,,,,2020-11-22T17:12:00,,,,0,,,,,,,,,,,,,,,,,,,
2020-11-22 19:00:00,1016.0,22.2,97,0.1,0.0,1.3,280.0,0.5,,,,,2020-11-22T18:57:00,,,,0,,,,,,,,,,,,,,,,,,,
2020-11-22 20:00:00,-9999.7,-99.7,-9997,-99.7,-999.7,,,0.0,,,,,,,,,0,,,,,,,,,,,,,,,,,,,
2020-11-22 21:00:00,-9999.7,-99.7,-9997,-99.7,-999.7,,,0.0,,,,,,,,,0,,,,,,,,,,,,,,,,,,,
2020-11-22 22:00:00,1018.0,20.8,97,0.0,0.0,0.8,207.0,2.5,,,,,2020-11-22T21:51:00,,,,0,,,,,,,,,,,,,,,,,,,
2020-11-22 23:00:00,-9999.7,-99.7,-9997,-99.7,-999.7,1.3,23.0,5.5,,,,,2020-11-22T22:38:00,,,,0,,,,,,,,,,,,,,,,,,,
2020-11-23 00:00:00,-9999.7,-99.7,-9997,-99.7,-999.7,1.9,214.0,4.5,,,,,2020-11-22T23:49:00,,,,0,,,,,,,,,,,,,,,,,,,
2020-11-23 01:00:00,1017.9,19.6,98,0.0,0.0,1.3,241.0,2.5,,,,,2020-11-23T00:54:00,,,,0,,,,,,,,,,,,,,,,,,,
2020-11-23 02:00:00,1017.6,19.6,98,0.4,187.0,2.4,163.0,3.5,,,,,2020-11-23T01:54:00,,,,0,,,,,,,,,,,,,,,,,,,
2020-11-23 03:00:00,-9999.7,-99.7,-9997,-99.7,-999.7,,,3.5,,,,,,,,,0,,,,,,,,,,,,,,,,,,,
2020-11-23 04:00:00,-9999.7,-99.7,-9997,-99.7,-999.7,2.4,223.0,4.5,,,,,2020-11-23T03:03:00,,,,0,,,,,,,,,,,,,,,,,,,
2020-11-23 05:00:00,-9999.7,-99.7,-9997,-99.7,-999.7,2.4,210.0,2.0,,,,,2020-11-23T04:47:00,,,,0,,,,,,,,,,,,,,,,,,,
2020-11-23 06:00:00,-9999.7,-99.7,-9997,-99.7,-999.7,,,3.5,,,,,,,,,0,,,,,,,,,,,,,,,,,,,
2020-11-23 07:00:00,1018.5,19.4,98,0.8,176.0,2.4,207.0,6.0,,,,,2020-11-23T06:59:00,,,,0,,,,,,,,,,,,,,,,,,,
2020-11-23 08:00:00,1019.1,19.3,98,0.5,194.0,3.3,196.0,3.0,,,,,2020-11-23T07:38:00,,,,0,,,,,,,,,,,,,,,,,,,
2020-11-23 09:00:00,-9999.7,-99.7,-9997,-99.7,-999.7,,,2.0,,,,,,,,,0,,,,,,,,,,,,,,,,,,,
2020-11-23 10:00:00,1019.3,20.3,98,0.1,0.0,1.3,191.0,1.0,,,,,2020-11-23T09:52:00,,,,0,,,,,,,,,,,,,,,,,,,
2020-11-23 11:00:00,1018.3,20.1,97,0.0,0.0,1.9,194.0,0.5,,,,,2020-11-23T10:13:00,,,,0,,,,,,,,,,,,,,,,,,,
2020-11-23 12:00:00,-9999.7,-99.7,-9997,-99.7,-999.7,2.4,182.0,0.0,,,,,2020-11-23T11:47:00,,,,0,,,,,,,,,,,,,,,,,,,
2020-11-23 13:00:00,1016.8,20.2,96,0.0,0.0,1.3,217.0,0.0,,,,,2020-11-23T12:04:00,,,,0,,,,,,,,,,,,,,,,,,,
2020-11-23 14:00:00,1016.4,20.3,97,0.0,0.0,1.9,280.0,1.0,,,,,2020-11-23T13:14:00,,,,0,,,,,,,,,,,,,,,,,,,
2020-11-23 15:00:00,1016.2,20.0,97,0.0,0.0,1.9,114.0,1.0,,,,,2020-11-23T14:06:00,,,,0,,,,,,,,,,,,,,,,,,,
2020-11-23 16:00:00,1016.3,19.7,97,0.0,0.0,1.3,199.0,1.5,,,,,2020-11-23T15:26:00,,,,0,,,,,,,,,,,,,,,,,,,
2020-11-23 17:00:00,1016.8,19.7,97,0.0,0.0,2.4,213.0,1.0,,,,,2020-11-23T16:28:00,,,,0,,,,,,,,,,,,,,,,,,,
2020-11-23 18:00:00,1017.2,19.6,97,0.0,0.0,2.7,166.0,0.5,,,,,2020-11-23T17:38:00,,,,0,,,,,,,,,,,,,,,,,,,
2020-11-23 19:00:00,1017.6,19.5,97,0.0,0.0,1.3,184.0,1.0,,,,,2020-11-23T18:02:00,,,,0,,,,,,,,,,,,,,,,,,,
2020-11-23 20:00:00,1017.8,19.5,97,0.0,0.0,2.2,133.0,1.0,,,,,2020-11-23T19:55:00,,,,0,,,,,,,,,,,,,,,,,,,
2020-11-23 21:00:00,1017.9,19.5,97,0.0,0.0,1.1,183.0,0.5,,,,,2020-11-23T20:41:00,,,,0,,,,,,,,,,,,,,,,,,,
2020-11-23 22:00:00,1017.8,19.5,97,0.0,0.0,2.7,159.0,1.0,,,,,2020-11-23T21:07:00,,,,0,,,,,,,,,,,,,,,,,,,
2020-11-23 23:00:00,1017.5,19.6,97,0.0,0.0,1.3,150.0,0.5,,,,,2020-11-23T22:17:00,,,,0,,,,,,,,,,,,,,,,,,,
2020-11-24 00:00:00,1017.1,19.5,98,0.0,0.0,1.3,292.0,3.5,,,,,2020-11-23T23:08:00,,,,0,,,,,,,,,,,,,,,,,,,
2020-11-24 01:00:00,1016.9,19.5,98,0.0,0.0,1.3,276.0,4.0,,,,,2020-11-24T00:29:00,,,,0,,,,,,,,,,,,,,,,,,,
2020-11-24 02:00:00,1016.6,19.5,98,0.0,0.0,0.0,0.0,2.0,,,,,2020-11-24T01:05:00,,,,0,,,,,,,,,,,,,,,,,,,
2020-11-24 03:00:00,1016.4,19.5,98,0.0,0.0,0.0,0.0,0.5,,,,,2020-11-24T02:05:00,,,,0,,,,,,,,,,,,,,,,,,,
2020-11-24 04:00:00,1016.5,19.6,98,0.0,0.0,0.0,0.0,2.0,,,,,2020-11-24T03:05:00,,,,0,,,,,,,,,,,,,,,,,,,
2020-11-24 05:00:00,1016.7,19.4,98,0.0,0.0,1.9,169.0,1.5,,,,,2020-11-24T04:22:00,,,,0,,,,,,,,,,,,,,,,,,,
2020-11-24 06:00:00,1017.3,19.5,98,0.0,0.0,1.3,260.0,0.5,,,,,2020-11-24T05:46:00,,,,0,,,,,,,,,,,,,,,,,,,
2020-11-24 07:00:00,1017.8,19.5,98,0.0,0.0,1.6,336.0,0.0,,,,,2020-11-24T06:15:00,,,,0,,,,,,,,,,,,,,,,,,,
2020-11-24 08:00:00,1018.3,19.6,98,0.0,0.0,1.6,320.0,0.5,,,,,2020-11-24T07:29:00,,,,0,,,,,,,,,,,,,,,,,,,
2020-11-24 09:00:00,1018.7,19.9,98,0.0,0.0,1.3,296.0,0.5,,,,,2020-11-24T08:23:00,,,,0,,,,,,,,,,,,,,,,,,,
2020-11-24 10:00:00,1018.5,20.1,98,0.0,0.0,1.6,335.0,0.0,,,,,2020-11-24T09:27:00,,,,0,,,,,,,,,,,,,,,,,,,
2020-11-24 11:00:00,1017.8,20.2,98,0.0,0.0,1.9,323.0,0.0,,,,,2020-11-24T10:04:00,,,,0,,,,,,,,,,,,,,,,,,,
2020-11-24 12:00:00,1017.2,20.4,98,0.0,0.0,1.3,334.0,0.0,,,,,2020-11-24T11:34:00,,,,0,,,,,,,,,,,,,,,,,,,
2020-11-24 13:00:00,1016.3,20.6,98,0.1,0.0,1.9,182.0,0.0,,,,,2020-11-24T12:57:00,,,,0,,,,,,,,,,,,,,,,,,,
2020-11-24 14:00:00,1015.8,19.9,98,0.0,0.0,0.8,110.0,0.0,,,,,2020-11-24T13:15:00,,,,0,,,,,,,,,,,,,,,,,,,
2020-11-24 15:00:00,1015.5,19.9,95,0.0,0.0,0.8,89.0,0.0,,,,,2020-11-24T14:20:00,,,,0,,,,,,,,,,,,,,,,,,,
2020-11-24 16:00:00,1015.5,20.3,91,0.0,0.0,1.3,191.0,0.0,,,,,2020-11-24T15:03:00,,,,0,,,,,,,,,,,,,,,,,,,
2020-11-24 17:00:00,1015.8,20.4,89,0.0,0.0,0.0,0.0,0.0,,,,,2020-11-24T16:05:00,,,,0,,,,,,,,,,,,,,,,,,,
2020-11-24 18:00:00,1016.4,20.1,94,0.0,0.0,0.0,0.0,0.0,,,,,2020-11-24T17:05:00,,,,0,,,,,,,,,,,,,,,,,,,
2020-11-24 19:00:00,1017.1,19.7,96,0.0,0.0,0.8,240.0,0.0,,,,,2020-11-24T18:11:00,,,,0,,,,,,,,,,,,,,,,,,,
2020-11-24 20:00:00,1017.4,19.5,97,0.0,0.0,0.8,257.0,0.0,,,,,2020-11-24T19:02:00,,,,0,,,,,,,,,,,,,,,,,,,
2020-11-24 21:00:00,1017.5,19.4,98,0.0,0.0,0.8,256.0,0.0,,,,,2020-11-24T20:21:00,,,,0,,,,,,,,,,,,,,,,,,,
2020-11-24 22:00:00,1017.3,19.1,98,0.0,0.0,1.6,264.0,0.0,,,,,2020-11-24T21:51:00,,,,0,,,,,,,,,,,,,,,,,,,
2020-11-24 23:00:00,1017.2,19.1,98,0.0,0.0,1.3,229.0,0.0,,,,,2020-11-24T22:25:00,,,,0,,,,,,,,,,,,,,,,,,,
2020-11-25 00:00:00,1016.7,19.2,98,0.0,0.0,1.3,243.0,0.0,,,,,2020-11-24T23:13:00,,,,0,,,,,,,,,,,,,,,,,,,
2020-11-25 01:00:00,1016.4,19.2,98,0.0,0.0,1.3,274.0,0.0,,,,,2020-11-25T00:40:00,,,,0,,,,,,,,,,,,,,,,,,,
2020-11-25 02:00:00,1016.1,19.1,98,0.0,0.0,0.0,0.0,0.0,,,,,2020-11-25T01:05:00,,,,0,,,,,,,,,,,,,,,,,,,
2020-11-25 03:00:00,1015.8,18.8,98,0.0,0.0,0.0,0.0,0.0,,,,,2020-11-25T02:05:00,,,,0,,,,,,,,,,,,,,,,,,,
2020-11-25 04:00:00,1015.7,18.6,98,0.0,0.0,0.0,0.0,0.0,,,,,2020-11-25T03:05:00,,,,0,,,,,,,,,,,,,,,,,,,
2020-11-25 05:00:00,1015.6,18.8,98,0.0,0.0,0.0,0.0,0.5,,,,,2020-11-25T04:05:00,,,,0,,,,,,,,,,,,,,,,,,,
2020-11-25 06:00:00,1015.9,19.0,98,0.0,0.0,0.8,265.0,0.0,,,,,2020-11-25T05:31:00,,,,0,,,,,,,,,,,,,,,,,,,
2020-11-25 07:00:00,1016.3,18.9,98,0.0,0.0,0.0,0.0,0.0,,,,,2020-11-25T06:05:00,,,,0,,,,,,,,,,,,,,,,,,,
2020-11-25 08:00:00,1016.6,19.7,98,0.0,0.0,0.0,0.0,0.0,,,,,2020-11-25T07:05:00,,,,0,,,,,,,,,,,,,,,,,,,
2020-11-25 09:00:00,1016.8,21.3,97,0.0,0.0,0.8,123.0,0.0,,,,,2020-11-25T08:17:00,,,,0,,,,,,,,,,,,,,,,,,,
2020-11-25 10:00:00,1016.6,22.8,88,0.2,0.0,1.9,93.0,0.0,,,,,2020-11-25T09:46:00,,,,0,,,,,,,,,,,,,,,,,,,
2020-11-25 11:00:00,1016.1,23.6,84,0.1,0.0,2.4,128.0,0.0,,,,,2020-11-25T10:31:00,,,,0,,,,,,,,,,,,,,,,,,,
2020-11-25 12:00:00,1015.0,24.1,78,0.2,0.0,2.7,183.0,0.0,,,,,2020-11-25T11:48:00,,,,0,,,,,,,,,,,,,,,,,,,
2020-11-25 13:00:00,1014.3,23.9,80,0.2,0.0,2.4,115.0,0.0,,,,,2020-11-25T12:21:00,,,,0,,,,,,,,,,,,,,,,,,,
2020-11-25 14:00:00,1013.6,23.2,83,0.0,0.0,1.9,199.0,0.0,,,,,2020-11-25T13:35:00,,,,0,,,,,,,,,,,,,,,,,,,
2020-11-25 15:00:00,1013.5,23.3,83,0.1,0.0,1.9,126.0,0.0,,,,,2020-11-25T14:01:00,,,,0,,,,,,,,,,,,,,,,,,,
2020-11-25 16:00:00,1013.7,22.7,87,0.0,0.0,1.3,131.0,0.0,,,,,2020-11-25T15:09:00,,,,0,,,,,,,,,,,,,,,,,,,
2020-11-25 17:00:00,1014.2,21.6,95,0.0,0.0,0.0,0.0,0.5,,,,,2020-11-25T16:05:00,,,,0,,,,,,,,,,,,,,,,,,,
2020-11-25 18:00:00,1014.7,21.2,97,0.0,0.0,1.3,223.0,3.5,,,,,2020-11-25T17:57:00,,,,0,,,,,,,,,,,,,,,,,,,
2020-11-25 19:00:00,1015.0,20.7,97,0.0,0.0,0.0,0.0,0.0,,,,,2020-11-25T18:05:00,,,,0,,,,,,,,,,,,,,,,,,,
2020-11-25 20:00:00,1015.6,20.2,98,0.0,0.0,0.0,0.0,0.0,,,,,2020-11-25T19:05:00,,,,0,,,,,,,,,,,,,,,,,,,
2020-11-25 21:00:00,1015.6,20.1,98,0.0,0.0,0.0,0.0,0.0,,,,,2020-11-25T20:05:00,,,,0,,,,,,,,,,,,,,,,,,,
2020-11-25 22:00:00,1015.6,20.2,98,0.0,0.0,0.8,285.0,1.5,,,,,2020-11-25T21:01:00,,,,0,,,,,,,,,,,,,,,,,,,
2020-11-25 23:00:00,1015.5,20.3,98,0.0,0.0,0.0,0.0,0.0,,,,,2020-11-25T22:05:00,,,,0,,,,,,,,,,,,,,,,,,,
2020-11-26 00:00:00,1015.0,20.2,98,0.0,0.0,1.3,355.0,0.0,,,,,2020-11-25T23:12:00,,,,0,,,,,,,,,,,,,,,,,,,
2020-11-26 01:00:00,1014.6,19.8,98,0.0,0.0,0.0,0.0,0.0,,,,,2020-11-26T00:05:00,,,,0,,,,,,,,,,,,,,,,,,,
2020-11-26 02:00:00,1014.4,19.5,98,0.0,0.0,1.3,328.0,0.0,,,,,2020-11-26T01:25:00,,,,0,,,,,,,,,,,,,,,,,,,
2020-11-26 03:00:00,1014.3,19.5,99,0.0,0.0,1.3,320.0,0.0,,,,,2020-11-26T02:02:00,,,,0,,,,,,,,,,,,,,,,,,,
2020-11-26 04:00:00,1014.3,19.5,99,0.2,0.0,1.6,340.0,0.5,,,,,2020-11-26T03:52:00,,,,0,,,,,,,,,,,,,,,,,,,
2020-11-26 05:00:00,1014.7,20.3,99,0.0,0.0,0.0,0.0,0.0,,,,,2020-11-26T04:05:00,,,,0,,,,,,,,,,,,,,,,,,,
2020-11-26 06:00:00,1015.1,20.1,99,0.0,0.0,1.6,346.0,0.0,,,,,2020-11-26T05:48:00,,,,0,,,,,,,,,,,,,,,,,,,
2020-11-26 07:00:00,1016.0,20.3,99,0.0,0.0,0.0,0.0,0.0,,,,,2020-11-26T06:05:00,,,,0,,,,,,,,,,,,,,,,,,,
2020-11-26 08:00:00,1016.6,20.9,99,0.0,0.0,0.8,311.0,0.0,,,,,2020-11-26T07:59:00,,,,0,,,,,,,,,,,,,,,,,,,
2020-11-26 09:00:00,1017.0,21.6,98,0.0,0.0,1.3,327.0,0.0,,,,,2020-11-26T08:02:00,,,,0,,,,,,,,,,,,,,,,,,,
2020-11-26 10:00:00,1016.8,23.0,91,0.0,0.0,1.3,169.0,0.0,,,,,2020-11-26T09:43:00,,,,0,,,,,,,,,,,,,,,,,,,
2020-11-26 11:00:00,1016.1,25.7,76,0.1,0.0,3.0,165.0,0.0,,,,,2020-11-26T10:39:00,,,,0,,,,,,,,,,,,,,,,,,,
2020-11-26 12:00:00,1015.3,24.8,73,0.5,165.0,4.9,162.0,0.0,,,,,2020-11-26T11:15:00,,,,0,,,,,,,,,,,,,,,,,,,
2020-11-26 13:00:00,1014.3,25.3,69,0.5,155.0,5.5,158.0,0.0,,,,,2020-11-26T12:50:00,,,,0,,,,,,,,,,,,,,,,,,,
2020-11-26 14:00:00,1013.7,25.5,67,0.3,161.0,3.8,170.0,0.0,,,,,2020-11-26T13:15:00,,,,0,,,,,,,,,,,,,,,,,,,
2020-11-26 15:00:00,1013.8,25.1,71,1.3,166.0,4.9,167.0,0.0,,,,,2020-11-26T14:37:00,,,,0,,,,,,,,,,,,,,,,,,,
2020-11-26 16:00:00,1014.2,23.9,80,0.0,0.0,3.8,190.0,0.0,,,,,2020-11-26T15:01:00,,,,0,,,,,,,,,,,,,,,,,,,
2020-11-26 17:00:00,1015.1,22.6,87,0.0,0.0,0.8,112.0,0.0,,,,,2020-11-26T16:03:00,,,,0,,,,,,,,,,,,,,,,,,,
2020-11-26 18:00:00,1016.0,20.8,94,0.0,0.0,0.0,0.0,0.0,,,,,2020-11-26T17:05:00,,,,0,,,,,,,,,,,,,,,,,,,
2020-11-26 19:00:00,1016.5,20.0,95,0.0,0.0,0.0,0.0,0.0,,,,,2020-11-26T18:05:00,,,,0,,,,,,,,,,,,,,,,,,,
2020-11-26 20:00:00,1017.4,19.6,97,0.0,0.0,0.0,0.0,0.0,,,,,2020-11-26T19:05:00,,,,0,,,,,,,,,,,,,,,,,,,
2020-11-26 21:00:00,1017.4,19.2,97,0.0,0.0,0.0,0.0,0.0,,,,,2020-11-26T20:05:00,,,,0,,,,,,,,,,,,,,,,,,,
2020-11-26 22:00:00,1017.4,18.9,97,0.0,0.0,0.0,0.0,0.0,,,,,2020-11-26T21:05:00,,,,0,,,,,,,,,,,,,,,,,,,
2020-11-26 23:00:00,1017.3,18.6,97,0.0,0.0,0.0,0.0,0.0,,,,,2020-11-26T22:05:00,,,,0,,,,,,,,,,,,,,,,,,,
2020-11-27 00:00:00,1017.1,18.5,98,0.0,0.0,0.0,0.0,0.0,,,,,2020-11-26T23:05:00,,,,0,,,,,,,,,,,,,,,,,,,
2020-11-27 01:00:00,1016.8,18.6,98,0.0,0.0,0.8,335.0,0.0,,,,,2020-11-27T00:57:00,,,,0,,,,,,,,,,,,,,,,,,,
2020-11-27 02:00:00,1016.4,18.4,98,0.0,0.0,1.1,346.0,0.0,,,,,2020-11-27T01:03:00,,,,0,,,,,,,,,,,,,,,,,,,
2020-11-27 03:00:00,1016.2,18.5,98,0.0,0.0,1.1,333.0,0.0,,,,,2020-11-27T02:07:00,,,,0,,,,,,,,,,,,,,,,,,,
2020-11-27 04:00:00,1016.3,18.7,98,0.3,318.0,2.4,271.0,10.0,,,,,2020-11-27T04:00:00,,,,0,,,,,,,,,,,,,,,,,,,
2020-11-27 05:00:00,1016.6,19.5,98,0.0,0.0,2.2,173.0,5.0,,,,,2020-11-27T04:06:00,,,,0,,,,,,,,,,,,,,,,,,,
2020-11-27 06:00:00,1016.8,20.0,98,0.0,0.0,2.2,183.0,0.5,,,,,2020-11-27T05:11:00,,,,0,,,,,,,,,,,,,,,,,,,
2020-11-27 07:00:00,1017.7,19.8,98,0.0,0.0,1.9,185.0,0.0,,,,,2020-11-27T06:47:00,,,,0,,,,,,,,,,,,,,,,,,,
2020-11-27 08:00:00,1018.2,19.9,98,0.0,0.0,1.9,188.0,0.5,,,,,2020-11-27T07:27:00,,,,0,,,,,,,,,,,,,,,,,,,
2020-11-27 09:00:00,1018.9,20.0,97,0.2,0.0,1.9,179.0,0.0,,,,,2020-11-27T08:56:00,,,,0,,,,,,,,,,,,,,,,,,,
2020-11-27 10:00:00,1019.0,20.0,97,0.3,197.0,2.2,227.0,1.5,,,,,2020-11-27T09:52:00,,,,0,,,,,,,,,,,,,,,,,,,
2020-11-27 11:00:00,1018.5,19.6,97,0.0,0.0,1.9,228.0,0.0,,,,,2020-11-27T10:11:00,,,,0,,,,,,,,,,,,,,,,,,,
2020-11-27 12:00:00,1018.3,19.5,97,0.1,0.0,2.2,210.0,0.0,,,,,2020-11-27T11:49:00,,,,0,,,,,,,,,,,,,,,,,,,
2020-11-27 13:00:00,1017.4,19.3,96,0.0,0.0,2.2,171.0,0.0,,,,,2020-11-27T12:24:00,,,,0,,,,,,,,,,,,,,,,,,,
2020-11-27 14:00:00,1017.0,19.4,91,0.2,0.0,3.0,299.0,0.0,,,,,2020-11-27T13:23:00,,,,0,,,,,,,,,,,,,,,,,,,
2020-11-27 15:00:00,1017.1,19.6,88,0.4,331.0,3.3,330.0,0.0,,,,,2020-11-27T14:44:00,,,,0,,,,,,,,,,,,,,,,,,,
2020-11-27 16:00:00,1017.2,19.4,89,0.5,341.0,4.1,343.0,0.0,,,,,2020-11-27T15:30:00,,,,0,,,,,,,,,,,,,,,,,,,
2020-11-27 17:00:00,1017.7,19.2,91,0.6,328.0,3.5,337.0,0.0,,,,,2020-11-27T16:24:00,,,,0,,,,,,,,,,,,,,,,,,,
2020-11-27 18:00:00,1018.1,19.1,93,0.0,0.0,1.9,354.0,0.5,,,,,2020-11-27T17:02:00,,,,0,,,,,,,,,,,,,,,,,,,
2020-11-27 19:00:00,1018.5,19.4,93,0.0,0.0,3.0,335.0,0.0,,,,,2020-11-27T18:08:00,,,,0,,,,,,,,,,,,,,,,,,,
2020-11-27 20:00:00,1019.0,19.8,90,0.0,0.0,2.4,88.0,0.0,,,,,2020-11-27T19:30:00,,,,0,,,,,,,,,,,,,,,,,,,
2020-11-27 21:00:00,1019.3,19.7,91,0.4,202.0,2.4,102.0,0.0,,,,,2020-11-27T20:07:00,,,,0,,,,,,,,,,,,,,,,,,,
2020-11-27 22:00:00,1019.4,19.8,89,0.2,0.0,3.3,340.0,0.0,,,,,2020-11-27T21:55:00,,,,0,,,,,,,,,,,,,,,,,,,
2020-11-27 23:00:00,1019.3,19.2,93,0.5,196.0,3.0,321.0,1.5,,,,,2020-11-27T22:05:00,,,,0,,,,,,,,,,,,,,,,,,,
2020-11-28 00:00:00,1018.9,18.5,96,0.6,203.0,3.8,13.0,0.5,,,,,2020-11-27T23:12:00,,,,0,,,,,,,,,,,,,,,,,,,
2020-11-28 01:00:00,1018.5,18.4,95,0.4,336.0,3.3,193.0,1.5,,,,,2020-11-28T00:22:00,,,,0,,,,,,,,,,,,,,,,,,,
2020-11-28 02:00:00,1018.6,18.8,92,0.8,347.0,3.8,209.0,0.0,,,,,2020-11-28T01:03:00,,,,0,,,,,,,,,,,,,,,,,,,
2020-11-28 03:00:00,1018.4,18.6,93,0.1,0.0,5.5,330.0,0.0,,,,,2020-11-28T02:01:00,,,,0,,,,,,,,,,,,,,,,,,,
2020-11-28 04:00:00,1018.5,18.4,94,0.5,330.0,3.5,212.0,0.5,,,,,2020-11-28T03:07:00,,,,0,,,,,,,,,,,,,,,,,,,
2020-11-28 05:00:00,1018.4,18.2,96,0.1,0.0,3.3,216.0,3.0,,,,,2020-11-28T04:03:00,,,,0,,,,,,,,,,,,,,,,,,,
2020-11-28 06:00:00,1018.8,18.1,98,0.0,0.0,2.4,343.0,2.0,,,,,2020-11-28T05:33:00,,,,0,,,,,,,,,,,,,,,,,,,
2020-11-28 07:00:00,1019.2,18.1,98,0.4,315.0,1.9,351.0,0.0,,,,,2020-11-28T06:04:00,,,,0,,,,,,,,,,,,,,,,,,,
2020-11-28 08:00:00,1019.7,18.4,98,0.0,0.0,1.9,334.0,1.0,,,,,2020-11-28T07:07:00,,,,0,,,,,,,,,,,,,,,,,,,
2020-11-28 09:00:00,1020.5,18.6,98,0.1,0.0,1.9,218.0,5.5,,,,,2020-11-28T08:07:00,,,,0,,,,,,,,,,,,,,,,,,,
2020-11-28 10:00:00,1020.4,18.4,97,0.1,0.0,2.2,97.0,5.0,,,,,2020-11-28T09:35:00,,,,0,,,,,,,,,,,,,,,,,,,
2020-11-28 11:00:00,1019.9,18.4,98,0.0,0.0,2.4,214.0,18.0,,,,,2020-11-28T10:41:00,,,,0,,,,,,,,,,,,,,,,,,,
2020-11-28 12:00:00,1019.0,18.9,98,0.0,0.0,3.0,105.0,1.5,,,,,2020-11-28T11:03:00,,,,0,,,,,,,,,,,,,,,,,,,
2020-11-28 13:00:00,1017.9,18.8,97,0.0,0.0,1.9,118.0,1.0,,,,,2020-11-28T12:31:00,,,,0,,,,,,,,,,,,,,,,,,,
2020-11-28 14:00:00,1017.3,18.3,97,0.0,0.0,1.9,217.0,0.0,,,,,2020-11-28T13:02:00,,,,0,,,,,,,,,,,,,,,,,,,
2020-11-28 15:00:00,1017.2,18.1,97,0.1,0.0,3.0,340.0,1.5,,,,,2020-11-28T14:36:00,,,,0,,,,,,,,,,,,,,,,,,,
2020-11-28 16:00:00,1017.3,17.5,98,0.1,0.0,2.4,198.0,2.0,,,,,2020-11-28T15:29:00,,,,0,,,,,,,,,,,,,,,,,,,
2020-11-28 17:00:00,1017.8,17.4,98,0.0,0.0,1.9,197.0,2.0,,,,,2020-11-28T16:37:00,,,,0,,,,,,,,,,,,,,,,,,,
2020-11-28 18:00:00,1018.0,17.4,98,0.1,0.0,2.2,171.0,0.5,,,,,2020-11-28T17:54:00,,,,0,,,,,,,,,,,,,,,,,,,
2020-11-28 19:00:00,1018.8,17.4,98,0.0,0.0,2.7,171.0,1.0,,,,,2020-11-28T18:12:00,,,,0,,,,,,,,,,,,,,,,,,,
2020-11-28 20:00:00,1019.1,17.2,98,0.0,0.0,1.9,202.0,1.5,,,,,2020-11-28T19:12:00,,,,0,,,,,,,,,,,,,,,,,,,
2020-11-28 21:00:00,1019.1,17.0,98,0.0,0.0,1.9,169.0,1.0,,,,,2020-11-28T20:07:00,,,,0,,,,,,,,,,,,,,,,,,,
2020-11-28 22:00:00,1019.0,17.2,98,0.0,0.0,1.9,189.0,1.0,,,,,2020-11-28T21:53:00,,,,0,,,,,,,,,,,,,,,,,,,
2020-11-28 23:00:00,1018.7,17.2,98,0.0,0.0,0.8,182.0,1.0,,,,,2020-11-28T22:37:00,,,,0,,,,,,,,,,,,,,,,,,,
2020-11-29 00:00:00,1018.5,17.2,98,0.2,0.0,2.2,190.0,2.0,,,,,2020-11-28T23:04:00,,,,0,,,,,,,,,,,,,,,,,,,
2020-11-29 01:00:00,1018.5,17.1,98,0.0,0.0,2.2,191.0,2.0,,,,,2020-11-29T00:40:00,,,,0,,,,,,,,,,,,,,,,,,,
2020-11-29 02:00:00,1018.1,16.9,98,0.0,0.0,1.9,181.0,0.5,,,,,2020-11-29T01:21:00,,,,0,,,,,,,,,,,,,,,,,,,
2020-11-29 03:00:00,1018.1,16.8,98,0.0,0.0,1.9,168.0,2.5,,,,,2020-11-29T02:46:00,,,,0,,,,,,,,,,,,,,,,,,,
2020-11-29 04:00:00,1017.9,16.7,98,0.1,0.0,1.9,207.0,2.5,,,,,2020-11-29T03:08:00,,,,0,,,,,,,,,,,,,,,,,,,
2020-11-29 05:00:00,1017.8,16.7,98,0.0,0.0,1.6,196.0,0.0,,,,,2020-11-29T04:01:00,,,,0,,,,,,,,,,,,,,,,,,,
2020-11-29 06:00:00,1018.5,16.6,98,0.0,0.0,2.4,205.0,2.0,,,,,2020-11-29T05:39:00,,,,0,,,,,,,,,,,,,,,,,,,
2020-11-29 07:00:00,1019.1,16.9,98,0.0,0.0,2.4,179.0,3.0,,,,,2020-11-29T06:29:00,,,,0,,,,,,,,,,,,,,,,,,,
2020-11-29 08:00:00,1019.8,16.8,98,0.0,0.0,2.4,138.0,3.0,,,,,2020-11-29T07:13:00,,,,0,,,,,,,,,,,,,,,,,,,
2020-11-29 09:00:00,1020.2,17.2,98,0.0,0.0,1.9,191.0,2.0,,,,,2020-11-29T08:51:00,,,,0,,,,,,,,,,,,,,,,,,,
2020-11-29 10:00:00,1020.4,17.3,98,0.1,0.0,2.4,190.0,3.0,,,,,2020-11-29T09:57:00,,,,0,,,,,,,,,,,,,,,,,,,
2020-11-29 11:00:00,1020.0,17.1,98,0.0,0.0,1.9,185.0,2.0,,,,,2020-11-29T10:16:00,,,,0,,,,,,,,,,,,,,,,,,,
2020-11-29 12:00:00,1019.3,17.2,98,0.0,0.0,2.2,175.0,1.0,,,,,2020-11-29T11:10:00,,,,0,,,,,,,,,,,,,,,,,,,
2020-11-29 13:00:00,1018.4,17.2,97,0.0,0.0,1.3,157.0,1.0,,,,,2020-11-29T12:26:00,,,,0,,,,,,,,,,,,,,,,,,,
2020-11-29 14:00:00,1018.0,17.0,97,0.0,0.0,1.9,298.0,1.5,,,,,2020-11-29T13:07:00,,,,0,,,,,,,,,,,,,,,,,,,
2020-11-29 15:00:00,1018.2,17.1,98,0.0,0.0,1.3,178.0,0.5,,,,,2020-11-29T14:28:00,,,,0,,,,,,,,,,,,,,,,,,,
2020-11-29 16:00:00,1018.4,16.8,98,0.0,0.0,1.3,251.0,2.0,,,,,2020-11-29T15:06:00,,,,0,,,,,,,,,,,,,,,,,,,
2020-11-29 17:00:00,1018.9,16.6,98,0.0,0.0,1.9,187.0,2.0,,,,,2020-11-29T16:06:00,,,,0,,,,,,,,,,,,,,,,,,,
2020-11-29 18:00:00,1019.2,16.5,98,0.0,0.0,0.8,207.0,0.5,,,,,2020-11-29T17:03:00,,,,0,,,,,,,,,,,,,,,,,,,
2020-11-29 19:00:00,1019.6,16.7,98,0.0,0.0,1.9,323.0,0.5,,,,,2020-11-29T18:45:00,,,,0,,,,,,,,,,,,,,,,,,,
2020-11-29 20:00:00,1020.5,16.6,98,0.0,0.0,1.9,183.0,2.5,,,,,2020-11-29T19:46:00,,,,0,,,,,,,,,,,,,,,,,,,
2020-11-29 21:00:00,1020.6,16.6,99,0.0,0.0,1.3,330.0,1.0,,,,,2020-11-29T20:37:00,,,,0,,,,,,,,,,,,,,,,,,,
2020-11-29 22:00:00,1020.9,16.7,99,0.4,195.0,3.3,328.0,3.0,,,,,2020-11-29T21:27:00,,,,0,,,,,,,,,,,,,,,,,,,
2020-11-29 23:00:00,1020.7,16.7,98,0.0,0.0,1.9,180.0,0.5,,,,,2020-11-29T22:03:00,,,,0,,,,,,,,,,,,,,,,,,,
2020-11-30 00:00:00,1020.5,17.0,98,0.2,0.0,1.9,198.0,1.0,,,,,2020-11-29T00:00:00,,,,0,,,,,,,,,,,,,,,,,,,
2020-11-30 01:00:00,1019.9,16.6,98,0.4,340.0,1.9,203.0,0.0,,,,,2020-11-30T00:03:00,,,,0,,,,,,,,,,,,,,,,,,,
2020-11-30 02:00:00,1019.6,16.8,98,0.2,0.0,3.5,192.0,5.0,,,,,2020-11-30T01:33:00,,,,0,,,,,,,,,,,,,,,,,,,
2020-11-30 03:00:00,1019.3,16.3,98,0.0,0.0,2.4,187.0,1.0,,,,,2020-11-30T02:04:00,,,,0,,,,,,,,,,,,,,,,,,,
2020-11-30 04:00:00,1019.3,16.7,98,0.2,0.0,1.9,198.0,3.5,,,,,2020-11-30T03:28:00,,,,0,,,,,,,,,,,,,,,,,,,
2020-11-30 05:00:00,1019.6,16.6,98,0.0,0.0,1.9,126.0,1.0,,,,,2020-11-30T04:16:00,,,,0,,,,,,,,,,,,,,,,,,,
2020-11-30 06:00:00,1019.9,16.5,98,0.0,0.0,2.7,210.0,1.5,,,,,2020-11-30T05:09:00,,,,0,,,,,,,,,,,,,,,,,,,
2020-11-30 07:00:00,1020.5,16.5,98,0.0,0.0,1.9,343.0,1.5,,,,,2020-11-30T06:37:00,,,,0,,,,,,,,,,,,,,,,,,,
2020-11-30 08:00:00,1020.7,16.3,98,0.2,0.0,1.6,174.0,2.5,,,,,2020-11-30T07:31:00,,,,0,,,,,,,,,,,,,,,,,,,
2020-11-30 09:00:00,1021.5,16.5,97,0.0,0.0,1.9,330.0,1.5,,,,,2020-11-30T08:39:00,,,,0,,,,,,,,,,,,,,,,,,,
2020-11-30 10:00:00,1021.9,16.5,97,0.3,198.0,3.5,174.0,5.5,,,,,2020-11-30T09:57:00,,,,0,,,,,,,,,,,,,,,,,,,
2020-11-30 11:00:00,1021.6,16.6,98,0.0,0.0,3.5,199.0,4.5,,,,,2020-11-30T10:25:00,,,,0,,,,,,,,,,,,,,,,,,,
2020-11-30 12:00:00,1020.9,16.2,97,0.0,0.0,1.9,191.0,2.0,,,,,2020-11-30T11:37:00,,,,0,,,,,,,,,,,,,,,,,,,
2020-11-30 13:00:00,1019.9,16.6,97,0.0,0.0,2.2,217.0,2.0,,,,,2020-11-30T12:45:00,,,,0,,,,,,,,,,,,,,,,,,,
2020-11-30 14:00:00,1019.1,16.7,98,0.0,0.0,1.6,252.0,2.5,,,,,2020-11-30T13:50:00,,,,0,,,,,,,,,,,,,,,,,,,
2020-11-30 15:00:00,1018.6,17.0,97,0.0,0.0,2.2,200.0,1.5,,,,,2020-11-30T14:37:00,,,,0,,,,,,,,,,,,,,,,,,,
2020-11-30 16:00:00,1018.7,17.0,98,0.0,0.0,1.9,200.0,2.5,,,,,2020-11-30T15:14:00,,,,0,,,,,,,,,,,,,,,,,,,
2020-11-30 17:00:00,1019.2,17.1,98,0.4,186.0,2.4,172.0,0.0,,,,,2020-11-30T16:53:00,,,,0,,,,,,,,,,,,,,,,,,,
2020-11-30 18:00:00,1019.8,17.1,98,0.0,0.0,2.2,166.0,0.0,,,,,2020-11-30T17:13:00,,,,0,,,,,,,,,,,,,,,,,,,
2020-11-30 19:00:00,1020.2,17.2,98,0.0,0.0,2.4,192.0,2.0,,,,,2020-11-30T18:48:00,,,,0,,,,,,,,,,,,,,,,,,,
2020-11-30 20:00:00,1020.6,17.1,98,0.3,197.0,3.0,197.0,2.5,,,,,2020-11-30T19:42:00,,,,0,,,,,,,,,,,,,,,,,,,
2020-11-30 21:00:00,1020.5,17.0,98,0.2,0.0,1.9,222.0,3.0,,,,,2020-11-30T20:10:00,,,,0,,,,,,,,,,,,,,,,,,,
2020-11-30 22:00:00,1020.7,17.4,98,0.8,185.0,3.3,173.0,2.0,,,,,2020-11-30T21:45:00,,,,0,,,,,,,,,,,,,,,,,,,
2020-11-30 23:00:00,1020.4,17.4,98,0.2,0.0,2.2,184.0,2.5,,,,,2020-11-30T22:17:00,,,,0,,,,,,,,,,,,,,,,,,,
2020-12-01 00:00:00,1020.0,17.0,98,0.0,0.0,3.3,217.0,6.5,,,,,2020-11-30T23:18:00,,,,0,,,,,,,,,,,,,,,,,,,
2020-12-01 01:00:00,1019.8,17.0,99,0.3,188.0,3.5,167.0,6.5,,,,,2020-12-01T00:32:00,,,,0,,,,,,,,,,,,,,,,,,,
2020-12-01 02:00:00,1019.5,17.1,99,0.3,196.0,2.4,205.0,6.5,,,,,2020-12-01T01:53:00,,,,0,,,,,,,,,,,,,,,,,,,
2020-12-01 03:00:00,1018.8,17.0,99,0.2,0.0,4.1,220.0,3.0,,,,,2020-12-01T02:36:00,,,,0,,,,,,,,,,,,,,,,,,,
2020-12-01 04:00:00,1018.9,17.2,98,0.2,0.0,2.4,163.0,4.0,,,,,2020-12-01T03:05:00,,,,0,,,,,,,,,,,,,,,,,,,
2020-12-01 05:00:00,1019.0,17.2,98,0.3,187.0,2.4,214.0,4.0,,,,,2020-12-01T04:04:00,,,,0,,,,,,,,,,,,,,,,,,,
2020-12-01 06:00:00,1019.2,17.2,98,0.2,0.0,2.4,180.0,4.0,,,,,2020-12-01T05:43:00,,,,0,,,,,,,,,,,,,,,,,,,
2020-12-01 07:00:00,1019.6,17.6,98,0.0,0.0,2.4,191.0,0.5,,,,,2020-12-01T06:35:00,,,,0,,,,,,,,,,,,,,,,,,,
2020-12-01 08:00:00,1019.7,17.8,97,0.5,186.0,3.0,167.0,0.5,,,,,2020-12-01T07:21:00,,,,0,,,,,,,,,,,,,,,,,,,
2020-12-01 09:00:00,1020.2,17.9,97,0.1,0.0,3.3,151.0,4.5,,,,,2020-12-01T08:02:00,,,,0,,,,,,,,,,,,,,,,,,,
2020-12-01 10:00:00,1019.6,18.1,97,0.2,0.0,2.4,174.0,0.5,,,,,2020-12-01T09:22:00,,,,0,,,,,,,,,,,,,,,,,,,
2020-12-01 11:00:00,1018.9,18.5,90,0.1,0.0,2.7,175.0,0.0,,,,,2020-12-01T10:44:00,,,,0,,,,,,,,,,,,,,,,,,,
2020-12-01 12:00:00,1018.2,18.8,87,0.3,173.0,2.7,196.0,0.5,,,,,2020-12-01T12:00:00,,,,0,,,,,,,,,,,,,,,,,,,
2020-12-01 13:00:00,1017.2,18.8,87,0.4,183.0,3.8,170.0,0.0,,,,,2020-12-01T12:19:00,,,,0,,,,,,,,,,,,,,,,,,,
2020-12-01 14:00:00,1016.6,19.0,84,0.6,182.0,3.0,208.0,0.0,,,,,2020-12-01T13:11:00,,,,0,,,,,,,,,,,,,,,,,,,
2020-12-01 15:00:00,1016.7,18.4,90,0.1,0.0,3.3,173.0,0.5,,,,,2020-12-01T14:19:00,,,,0,,,,,,,,,,,,,,,,,,,
2020-12-01 16:00:00,1016.8,17.4,97,0.2,0.0,3.3,192.0,1.5,,,,,2020-12-01T15:25:00,,,,0,,,,,,,,,,,,,,,,,,,
2020-12-01 17:00:00,1017.2,17.5,95,0.0,0.0,1.9,195.0,0.0,,,,,2020-12-01T16:05:00,,,,0,,,,,,,,,,,,,,,,,,,
2020-12-01 18:00:00,1017.5,17.8,93,0.0,0.0,1.9,195.0,0.5,,,,,2020-12-01T17:10:00,,,,0,,,,,,,,,,,,,,,,,,,
2020-12-01 19:00:00,1017.6,17.6,93,0.1,0.0,1.9,208.0,0.0,,,,,2020-12-01T18:10:00,,,,0,,,,,,,,,,,,,,,,,,,
2020-12-01 20:00:00,1017.7,18.4,88,0.2,0.0,2.2,178.0,0.0,,,,,2020-12-01T19:01:00,,,,0,,,,,,,,,,,,,,,,,,,
2020-12-01 21:00:00,1017.9,19.3,81,0.0,0.0,2.7,177.0,0.0,,,,,2020-12-01T20:09:00,,,,0,,,,,,,,,,,,,,,,,,,
2020-12-01 22:00:00,1017.7,19.3,80,0.0,0.0,2.4,178.0,0.0,,,,,2020-12-01T21:11:00,,,,0,,,,,,,,,,,,,,,,,,,
2020-12-01 23:00:00,1017.3,19.3,81,0.0,0.0,2.4,158.0,0.0,,,,,2020-12-01T22:15:00,,,,0,,,,,,,,,,,,,,,,,,,
2020-12-02 00:00:00,1017.3,19.0,85,0.2,0.0,1.9,191.0,0.0,,,,,2020-12-01T23:32:00,,,,0,,,,,,,,,,,,,,,,,,,
2020-12-02 01:00:00,1016.9,18.2,94,0.0,0.0,2.7,200.0,0.5,,,,,2020-12-02T00:05:00,,,,0,,,,,,,,,,,,,,,,,,,
2020-12-02 02:00:00,1016.3,17.6,97,0.2,0.0,1.9,335.0,0.5,,,,,2020-12-02T01:37:00,,,,0,,,,,,,,,,,,,,,,,,,
2020-12-02 03:00:00,1016.2,17.4,98,0.1,0.0,1.6,267.0,0.5,,,,,2020-12-02T02:59:00,,,,0,,,,,,,,,,,,,,,,,,,
2020-12-02 04:00:00,1016.2,17.4,98,0.0,0.0,1.9,242.0,0.0,,,,,2020-12-02T03:28:00,,,,0,,,,,,,,,,,,,,,,,,,
2020-12-02 05:00:00,1016.3,17.8,95,0.1,0.0,3.0,186.0,0.0,,,,,2020-12-02T04:53:00,,,,0,,,,,,,,,,,,,,,,,,,
2020-12-02 06:00:00,1016.7,17.8,92,0.2,0.0,2.2,151.0,0.0,,,,,2020-12-02T05:26:00,,,,0,,,,,,,,,,,,,,,,,,,
2020-12-02 07:00:00,1016.9,18.3,91,0.4,183.0,2.2,205.0,0.5,,,,,2020-12-02T06:19:00,,,,0,,,,,,,,,,,,,,,,,,,
2020-12-02 08:00:00,1017.7,18.1,94,0.0,0.0,3.0,163.0,0.5,,,,,2020-12-02T07:34:00,,,,0,,,,,,,,,,,,,,,,,,,
2020-12-02 09:00:00,1018.0,18.4,90,0.1,0.0,2.4,208.0,0.0,,,,,2020-12-02T08:21:00,,,,0,,,,,,,,,,,,,,,,,,,
2020-12-02 10:00:00,1018.0,19.1,85,0.0,0.0,3.0,190.0,0.0,,,,,2020-12-02T09:22:00,,,,0,,,,,,,,,,,,,,,,,,,
2020-12-02 11:00:00,1017.3,19.4,84,0.5,14.0,3.0,18.0,0.0,,,,,2020-12-02T10:56:00,,,,0,,,,,,,,,,,,,,,,,,,
2020-12-02 12:00:00,1016.8,19.0,91,0.1,0.0,1.9,243.0,0.0,,,,,2020-12-02T11:09:00,,,,0,,,,,,,,,,,,,,,,,,,
2020-12-02 13:00:00,1016.0,19.8,84,0.2,0.0,3.0,332.0,0.0,,,,,2020-12-02T12:31:00,,,,0,,,,,,,,,,,,,,,,,,,
2020-12-02 14:00:00,1015.7,19.6,84,0.1,0.0,3.0,304.0,0.0,,,,,2020-12-02T13:13:00,,,,0,,,,,,,,,,,,,,,,,,,
2020-12-02 15:00:00,1015.8,17.7,93,0.3,299.0,3.3,149.0,0.5,,,,,2020-12-02T14:25:00,,,,0,,,,,,,,,,,,,,,,,,,
2020-12-02 16:00:00,1015.8,18.0,89,0.0,0.0,1.9,167.0,0.0,,,,,2020-12-02T15:39:00,,,,0,,,,,,,,,,,,,,,,,,,
2020-12-02 17:00:00,1016.5,17.9,86,0.3,318.0,2.2,200.0,0.0,,,,,2020-12-02T16:37:00,,,,0,,,,,,,,,,,,,,,,,,,
2020-12-02 18:00:00,1017.4,16.5,95,0.1,0.0,2.7,170.0,0.5,,,,,2020-12-02T17:07:00,,,,0,,,,,,,,,,,,,,,,,,,
2020-12-02 19:00:00,1018.2,16.0,96,0.1,0.0,2.7,230.0,2.0,,,,,2020-12-02T18:25:00,,,,0,,,,,,,,,,,,,,,,,,,
2020-12-02 20:00:00,1018.6,15.9,96,0.0,0.0,3.0,355.0,1.0,,,,,2020-12-02T19:30:00,,,,0,,,,,,,,,,,,,,,,,,,
2020-12-02 21:00:00,1018.7,15.9,96,0.4,283.0,2.4,314.0,0.0,,,,,2020-12-02T20:38:00,,,,0,,,,,,,,,,,,,,,,,,,
2020-12-02 22:00:00,1018.2,16.2,91,0.2,0.0,2.4,343.0,0.0,,,,,2020-12-02T21:09:00,,,,0,,,,,,,,,,,,,,,,,,,
2020-12-02 23:00:00,1018.3,16.0,94,0.1,0.0,3.5,350.0,0.0,,,,,2020-12-02T22:04:00,,,,0,,,,,,,,,,,,,,,,,,,
2020-12-03 00:00:00,1017.9,15.7,96,0.1,0.0,2.7,333.0,0.0,,,,,2020-12-02T23:18:00,,,,0,,,,,,,,,,,,,,,,,,,
2020-12-03 01:00:00,1017.7,15.8,97,0.0,0.0,3.5,336.0,1.0,,,,,2020-12-03T00:03:00,,,,0,,,,,,,,,,,,,,,,,,,
2020-12-03 02:00:00,1017.3,15.7,97,0.0,0.0,1.9,335.0,1.5,,,,,2020-12-03T01:27:00,,,,0,,,,,,,,,,,,,,,,,,,
2020-12-03 03:00:00,1017.2,15.6,98,0.2,0.0,2.4,178.0,1.5,,,,,2020-12-03T02:56:00,,,,0,,,,,,,,,,,,,,,,,,,
2020-12-03 04:00:00,1017.4,15.4,97,0.0,0.0,1.9,230.0,1.0,,,,,2020-12-03T03:30:00,,,,0,,,,,,,,,,,,,,,,,,,
2020-12-03 05:00:00,1017.2,15.3,97,0.2,0.0,3.0,292.0,1.0,,,,,2020-12-03T04:47:00,,,,0,,,,,,,,,,,,,,,,,,,
2020-12-03 06:00:00,1017.9,15.2,97,0.0,0.0,1.9,202.0,0.5,,,,,2020-12-03T05:53:00,,,,0,,,,,,,,,,,,,,,,,,,
2020-12-03 07:00:00,1018.8,15.0,97,0.0,0.0,3.0,232.0,1.0,,,,,2020-12-03T06:45:00,,,,0,,,,,,,,,,,,,,,,,,,
2020-12-03 08:00:00,1019.2,15.1,98,0.2,0.0,3.8,232.0,0.5,,,,,2020-12-03T07:02:00,,,,0,,,,,,,,,,,,,,,,,,,
2020-12-03 09:00:00,1019.5,15.1,97,0.0,0.0,1.9,343.0,0.5,,,,,2020-12-03T08:01:00,,,,0,,,,,,,,,,,,,,,,,,,
2020-12-03 10:00:00,1019.3,15.2,97,0.0,0.0,3.5,255.0,1.0,,,,,2020-12-03T09:42:00,,,,0,,,,,,,,,,,,,,,,,,,
2020-12-03 11:00:00,1018.6,15.4,96,0.0,0.0,2.4,350.0,1.0,,,,,2020-12-03T10:16:00,,,,0,,,,,,,,,,,,,,,,,,,
2020-12-03 12:00:00,1018.3,15.5,95,0.2,0.0,3.5,260.0,1.0,,,,,2020-12-03T11:10:00,,,,0,,,,,,,,,,,,,,,,,,,
2020-12-03 13:00:00,1017.4,15.5,96,0.1,0.0,1.9,273.0,2.5,,,,,2020-12-03T12:39:00,,,,0,,,,,,,,,,,,,,,,,,,
2020-12-03 14:00:00,1017.2,15.6,95,0.0,0.0,3.0,355.0,1.5,,,,,2020-12-03T13:33:00,,,,0,,,,,,,,,,,,,,,,,,,
2020-12-03 15:00:00,1017.5,15.3,96,0.3,311.0,3.5,333.0,2.0,,,,,2020-12-03T14:22:00,,,,0,,,,,,,,,,,,,,,,,,,
2020-12-03 16:00:00,1017.7,15.2,95,1.4,335.0,7.7,340.0,1.5,,,,,2020-12-03T15:58:00,,,,0,,,,,,,,,,,,,,,,,,,
2020-12-03 17:00:00,1018.3,14.8,96,0.4,28.0,3.3,28.0,1.0,,,,,2020-12-03T16:58:00,,,,0,,,,,,,,,,,,,,,,,,,
2020-12-03 18:00:00,1018.6,14.8,97,0.2,0.0,2.4,32.0,2.5,,,,,2020-12-03T17:45:00,,,,0,,,,,,,,,,,,,,,,,,,
2020-12-03 19:00:00,1019.0,14.8,97,0.0,0.0,3.3,329.0,3.0,,,,,2020-12-03T18:39:00,,,,0,,,,,,,,,,,,,,,,,,,
2020-12-03 20:00:00,1019.2,15.0,96,0.1,0.0,4.1,305.0,1.0,,,,,2020-12-03T19:35:00,,,,0,,,,,,,,,,,,,,,,,,,
2020-12-03 21:00:00,1019.0,14.9,95,0.0,0.0,3.0,335.0,0.0,,,,,2020-12-03T20:08:00,,,,0,,,,,,,,,,,,,,,,,,,
2020-12-03 22:00:00,1018.9,14.9,97,0.0,0.0,1.3,218.0,2.0,,,,,2020-12-03T21:07:00,,,,0,,,,,,,,,,,,,,,,,,,
2020-12-03 23:00:00,1018.3,14.9,98,0.0,0.0,1.9,337.0,1.0,,,,,2020-12-03T22:44:00,,,,0,,,,,,,,,,,,,,,,,,,
2020-12-04 00:00:00,1017.9,15.2,98,0.3,311.0,2.4,314.0,2.0,,,,,2020-12-03T23:52:00,,,,0,,,,,,,,,,,,,,,,,,,
2020-12-04 01:00:00,1017.5,15.3,98,0.0,0.0,1.3,230.0,3.0,,,,,2020-12-04T00:02:00,,,,0,,,,,,,,,,,,,,,,,,,
2020-12-04 02:00:00,1017.0,15.5,98,0.0,0.0,3.0,150.0,2.5,,,,,2020-12-04T01:34:00,,,,0,,,,,,,,,,,,,,,,,,,
2020-12-04 03:00:00,1016.8,15.5,98,0.0,0.0,2.4,91.0,3.5,,,,,2020-12-04T02:43:00,,,,0,,,,,,,,,,,,,,,,,,,
2020-12-04 04:00:00,1016.8,15.6,99,0.4,179.0,1.9,172.0,4.5,,,,,2020-12-04T03:10:00,,,,0,,,,,,,,,,,,,,,,,,,
2020-12-04 05:00:00,1016.8,15.7,99,0.3,161.0,2.2,231.0,6.0,,,,,2020-12-04T04:55:00,,,,0,,,,,,,,,,,,,,,,,,,
2020-12-04 06:00:00,1017.1,15.5,98,0.2,0.0,2.7,123.0,2.0,,,,,2020-12-04T05:06:00,,,,0,,,,,,,,,,,,,,,,,,,
2020-12-04 07:00:00,1017.9,15.3,99,0.0,0.0,2.7,186.0,8.0,,,,,2020-12-04T06:14:00,,,,0,,,,,,,,,,,,,,,,,,,
2020-12-04 08:00:00,1018.5,15.2,98,0.0,0.0,2.4,220.0,1.5,,,,,2020-12-04T07:22:00,,,,0,,,,,,,,,,,,,,,,,,,
2020-12-04 09:00:00,1019.1,15.5,98,0.0,0.0,1.9,261.0,1.5,,,,,2020-12-04T08:07:00,,,,0,,,,,,,,,,,,,,,,,,,
2020-12-04 10:00:00,1019.2,15.7,98,0.5,179.0,2.4,235.0,3.5,,,,,2020-12-04T09:09:00,,,,0,,,,,,,,,,,,,,,,,,,
2020-12-04 11:00:00,1018.5,15.8,98,0.2,0.0,1.9,190.0,1.0,,,,,2020-12-04T10:18:00,,,,0,,,,,,,,,,,,,,,,,,,
2020-12-04 12:00:00,1017.8,16.0,97,0.0,0.0,3.0,203.0,0.5,,,,,2020-12-04T11:16:00,,,,0,,,,,,,,,,,,,,,,,,,
2020-12-04 13:00:00,1016.8,16.1,96,0.7,339.0,7.1,340.0,1.0,,,,,2020-12-04T12:24:00,,,,0,,,,,,,,,,,,,,,,,,,
2020-12-04 14:00:00,1016.5,15.8,97,0.1,0.0,1.9,202.0,1.5,,,,,2020-12-04T13:19:00,,,,0,,,,,,,,,,,,,,,,,,,
2020-12-04 15:00:00,1016.7,15.5,98,0.2,0.0,3.0,201.0,5.0,,,,,2020-12-04T14:27:00,,,,0,,,,,,,,,,,,,,,,,,,
2020-12-04 16:00:00,1017.0,15.3,98,0.3,181.0,2.7,201.0,4.0,,,,,2020-12-04T15:58:00,,,,0,,,,,,,,,,,,,,,,,,,
2020-12-04 17:00:00,1017.4,15.1,98,0.0,0.0,3.3,288.0,4.5,,,,,2020-12-04T16:32:00,,,,0,,,,,,,,,,,,,,,,,,,
2020-12-04 18:00:00,1017.8,14.9,98,0.0,0.0,3.0,183.0,3.0,,,,,2020-12-04T17:15:00,,,,0,,,,,,,,,,,,,,,,,,,
2020-12-04 19:00:00,1018.4,15.2,98,0.3,195.0,2.2,348.0,3.5,,,,,2020-12-04T18:07:00,,,,0,,,,,,,,,,,,,,,,,,,
2020-12-04 20:00:00,1018.9,15.2,98,0.5,183.0,2.7,183.0,3.5,,,,,2020-12-04T19:08:00,,,,0,,,,,,,,,,,,,,,,,,,
2020-12-04 21:00:00,1019.1,15.0,98,0.1,0.0,3.0,174.0,5.0,,,,,2020-12-04T20:53:00,,,,0,,,,,,,,,,,,,,,,,,,
2020-12-04 22:00:00,1019.1,15.0,98,0.3,190.0,3.3,225.0,3.5,,,,,2020-12-04T21:41:00,,,,0,,,,,,,,,,,,,,,,,,,
2020-12-04 23:00:00,1019.0,15.0,98,0.3,200.0,3.0,108.0,3.5,,,,,2020-12-04T22:08:00,,,,0,,,,,,,,,,,,,,,,,,,
2020-12-05 00:00:00,1018.9,14.8,98,0.1,0.0,2.4,215.0,2.5,,,,,2020-12-04T23:05:00,,,,0,,,,,,,,,,,,,,,,,,,
2020-12-05 01:00:00,1018.6,14.9,99,0.1,0.0,3.0,183.0,2.0,,,,,2020-12-05T00:03:00,,,,0,,,,,,,,,,,,,,,,,,,
2020-12-05 02:00:00,1018.3,14.9,99,0.4,199.0,2.4,192.0,2.0,,,,,2020-12-05T01:38:00,,,,0,,,,,,,,,,,,,,,,,,,
2020-12-05 03:00:00,1018.2,14.9,99,0.3,200.0,1.9,209.0,2.5,,,,,2020-12-05T02:01:00,,,,0,,,,,,,,,,,,,,,,,,,
2020-12-05 04:00:00,1017.8,15.1,99,0.0,0.0,2.2,176.0,2.0,,,,,2020-12-05T03:01:00,,,,0,,,,,,,,,,,,,,,,,,,
2020-12-05 05:00:00,1018.1,15.0,99,0.1,0.0,2.2,199.0,3.0,,,,,2020-12-05T04:49:00,,,,0,,,,,,,,,,,,,,,,,,,
2020-12-05 06:00:00,1018.6,15.0,99,0.0,0.0,2.4,157.0,2.0,,,,,2020-12-05T05:11:00,,,,0,,,,,,,,,,,,,,,,,,,
2020-12-05 07:00:00,1019.0,15.2,99,0.0,0.0,1.9,346.0,1.5,,,,,2020-12-05T06:03:00,,,,0,,,,,,,,,,,,,,,,,,,
2020-12-05 08:00:00,1019.4,15.4,99,0.0,0.0,1.9,256.0,3.5,,,,,2020-12-05T07:02:00,,,,0,,,,,,,,,,,,,,,,,,,
2020-12-05 09:00:00,1019.8,16.2,99,0.0,0.0,1.9,190.0,2.0,,,,,2020-12-05T08:02:00,,,,0,,,,,,,,,,,,,,,,,,,
2020-12-05 10:00:00,1019.6,16.3,99,0.2,0.0,3.5,171.0,2.0,,,,,2020-12-05T09:52:00,,,,0,,,,,,,,,,,,,,,,,,,
2020-12-05 11:00:00,1018.9,16.6,99,0.2,0.0,2.4,203.0,2.0,,,,,2020-12-05T10:04:00,,,,0,,,,,,,,,,,,,,,,,,,
2020-12-05 12:00:00,1018.1,16.7,98,0.1,0.0,2.2,247.0,3.0,,,,,2020-12-05T11:10:00,,,,0,,,,,,,,,,,,,,,,,,,
2020-12-05 13:00:00,1017.0,16.8,98,0.0,0.0,1.3,161.0,1.0,,,,,2020-12-05T12:12:00,,,,0,,,,,,,,,,,,,,,,,,,
2020-12-05 14:00:00,1016.5,16.9,98,0.5,177.0,2.2,203.0,1.5,,,,,2020-12-05T13:57:00,,,,0,,,,,,,,,,,,,,,,,,,
2020-12-05 15:00:00,1016.7,16.7,98,0.1,0.0,1.9,227.0,1.5,,,,,2020-12-05T14:06:00,,,,0,,,,,,,,,,,,,,,,,,,
2020-12-05 16:00:00,1016.8,16.4,98,0.0,0.0,2.4,193.0,1.5,,,,,2020-12-05T15:39:00,,,,0,,,,,,,,,,,,,,,,,,,
2020-12-05 17:00:00,1017.5,16.5,98,0.0,0.0,1.9,188.0,1.5,,,,,2020-12-05T16:14:00,,,,0,,,,,,,,,,,,,,,,,,,
2020-12-05 18:00:00,1017.7,16.5,99,0.0,0.0,1.9,175.0,2.5,,,,,2020-12-05T17:19:00,,,,0,,,,,,,,,,,,,,,,,,,
2020-12-05 19:00:00,1018.0,16.5,98,0.2,0.0,2.4,203.0,1.5,,,,,2020-12-05T19:00:00,,,,0,,,,,,,,,,,,,,,,,,,
2020-12-05 20:00:00,1018.3,16.5,99,0.1,0.0,3.3,74.0,2.5,,,,,2020-12-05T19:37:00,,,,0,,,,,,,,,,,,,,,,,,,
2020-12-05 21:00:00,1018.3,16.5,99,0.0,0.0,2.4,283.0,3.5,,,,,2020-12-05T20:06:00,,,,0,,,,,,,,,,,,,,,,,,,
2020-12-05 22:00:00,1018.2,16.6,99,0.0,0.0,1.1,186.0,1.5,,,,,2020-12-05T21:05:00,,,,0,,,,,,,,,,,,,,,,,,,
2020-12-05 23:00:00,1017.7,16.8,99,0.0,0.0,1.9,198.0,1.5,,,,,2020-12-05T22:32:00,,,,0,,,,,,,,,,,,,,,,,,,
2020-12-06 00:00:00,1017.5,16.8,99,0.3,198.0,2.4,289.0,0.5,,,,,2020-12-05T23:16:00,,,,0,,,,,,,,,,,,,,,,,,,
2020-12-06 01:00:00,1017.2,16.9,98,0.5,206.0,3.3,188.0,0.5,,,,,2020-12-06T00:27:00,,,,0,,,,,,,,,,,,,,,,,,,
2020-12-06 02:00:00,1016.7,16.9,99,0.2,0.0,2.4,169.0,2.5,,,,,2020-12-06T01:27:00,,,,0,,,,,,,,,,,,,,,,,,,
2020-12-06 03:00:00,1016.4,17.1,99,0.2,0.0,3.0,198.0,2.5,,,,,2020-12-06T02:30:00,,,,0,,,,,,,,,,,,,,,,,,,
2020-12-06 04:00:00,1016.4,17.2,99,0.1,0.0,2.7,189.0,4.0,,,,,2020-12-06T03:47:00,,,,0,,,,,,,,,,,,,,,,,,,
2020-12-06 05:00:00,1016.5,17.1,99,0.0,0.0,2.7,259.0,3.0,,,,,2020-12-06T04:10:00,,,,0,,,,,,,,,,,,,,,,,,,
2020-12-06 06:00:00,1016.9,17.0,99,0.0,0.0,1.9,178.0,4.0,,,,,2020-12-06T05:19:00,,,,0,,,,,,,,,,,,,,,,,,,
2020-12-06 07:00:00,1017.2,17.1,99,0.0,0.0,1.9,199.0,4.0,,,,,2020-12-06T06:21:00,,,,0,,,,,,,,,,,,,,,,,,,
2020-12-06 08:00:00,1017.6,17.6,99,0.0,0.0,1.9,139.0,3.5,,,,,2020-12-06T07:54:00,,,,0,,,,,,,,,,,,,,,,,,,
2020-12-06 09:00:00,1017.9,17.8,99,0.2,0.0,2.2,217.0,3.5,,,,,2020-12-06T08:35:00,,,,0,,,,,,,,,,,,,,,,,,,
2020-12-06 10:00:00,1017.8,18.2,98,0.0,0.0,1.9,217.0,2.5,,,,,2020-12-06T09:17:00,,,,0,,,,,,,,,,,,,,,,,,,
2020-12-06 11:00:00,1017.3,18.4,98,0.1,0.0,2.4,161.0,3.0,,,,,2020-12-06T10:16:00,,,,0,,,,,,,,,,,,,,,,,,,
2020-12-06 12:00:00,1016.5,18.4,98,0.0,0.0,2.7,205.0,4.5,,,,,2020-12-06T11:10:00,,,,0,,,,,,,,,,,,,,,,,,,
2020-12-06 13:00:00,1015.7,18.4,98,0.0,0.0,2.2,202.0,5.5,,,,,2020-12-06T12:41:00,,,,0,,,,,,,,,,,,,,,,,,,
2020-12-06 14:00:00,1015.3,18.3,98,0.0,0.0,1.9,172.0,2.5,,,,,2020-12-06T13:07:00,,,,0,,,,,,,,,,,,,,,,,,,
2020-12-06 15:00:00,1015.2,18.1,98,0.0,0.0,2.7,141.0,4.0,,,,,2020-12-06T14:15:00,,,,0,,,,,,,,,,,,,,,,,,,
2020-12-06 16:00:00,1015.4,18.0,98,0.2,0.0,2.4,168.0,4.5,,,,,2020-12-06T15:12:00,,,,0,,,,,,,,,,,,,,,,,,,
2020-12-06 17:00:00,1015.6,17.8,98,0.0,0.0,1.9,199.0,4.5,,,,,2020-12-06T16:01:00,,,,0,,,,,,,,,,,,,,,,,,,
2020-12-06 18:00:00,1016.0,17.9,99,0.0,0.0,1.6,180.0,3.5,,,,,2020-12-06T17:17:00,,,,0,,,,,,,,,,,,,,,,,,,
2020-12-06 19:00:00,1016.3,17.9,99,0.0,0.0,1.3,195.0,3.5,,,,,2020-12-06T18:25:00,,,,0,,,,,,,,,,,,,,,,,,,
2020-12-06 20:00:00,1016.5,18.1,99,0.0,0.0,2.4,220.0,1.0,,,,,2020-12-06T19:43:00,,,,0,,,,,,,,,,,,,,,,,,,
2020-12-06 21:00:00,1016.8,18.3,99,0.0,0.0,2.4,195.0,2.0,,,,,2020-12-06T20:50:00,,,,0,,,,,,,,,,,,,,,,,,,
2020-12-06 22:00:00,1016.8,18.3,99,0.0,0.0,1.9,198.0,4.0,,,,,2020-12-06T21:18:00,,,,0,,,,,,,,,,,,,,,,,,,
2020-12-06 23:00:00,1016.7,18.3,99,0.0,0.0,2.7,77.0,3.0,,,,,2020-12-06T22:04:00,,,,0,,,,,,,,,,,,,,,,,,,
2020-12-07 00:00:00,1016.5,18.4,99,0.0,0.0,1.6,192.0,3.5,,,,,2020-12-06T23:25:00,,,,0,,,,,,,,,,,,,,,,,,,
2020-12-07 01:00:00,1016.1,18.5,99,0.0,0.0,1.3,189.0,4.0,,,,,2020-12-07T00:55:00,,,,0,,,,,,,,,,,,,,,,,,,
2020-12-07 02:00:00,1015.8,18.7,99,0.0,0.0,2.4,212.0,5.0,,,,,2020-12-07T01:34:00,,,,0,,,,,,,,,,,,,,,,,,,
2020-12-07 03:00:00,1015.5,18.7,99,0.1,0.0,1.9,132.0,5.0,,,,,2020-12-07T02:23:00,,,,0,,,,,,,,,,,,,,,,,,,
2020-12-07 04:00:00,1015.7,18.7,99,0.0,0.0,1.9,85.0,3.0,,,,,2020-12-07T03:02:00,,,,0,,,,,,,,,,,,,,,,,,,
2020-12-07 05:00:00,1016.0,18.6,99,0.0,0.0,1.3,181.0,1.0,,,,,2020-12-07T04:50:00,,,,0,,,,,,,,,,,,,,,,,,,
2020-12-07 06:00:00,1016.4,18.7,99,0.3,190.0,2.4,199.0,1.5,,,,,2020-12-07T05:31:00,,,,0,,,,,,,,,,,,,,,,,,,
2020-12-07 07:00:00,1017.1,18.7,99,0.0,0.0,2.4,199.0,2.5,,,,,2020-12-07T06:02:00,,,,0,,,,,,,,,,,,,,,,,,,
2020-12-07 08:00:00,1017.5,18.7,99,0.1,0.0,2.4,109.0,2.5,,,,,2020-12-07T07:33:00,,,,0,,,,,,,,,,,,,,,,,,,
2020-12-07 09:00:00,1017.8,18.9,99,0.0,0.0,2.4,172.0,2.5,,,,,2020-12-07T08:15:00,,,,0,,,,,,,,,,,,,,,,,,,
2020-12-07 10:00:00,1017.8,19.2,99,0.0,0.0,1.9,121.0,2.0,,,,,2020-12-07T09:15:00,,,,0,,,,,,,,,,,,,,,,,,,
2020-12-07 11:00:00,1017.3,19.4,99,0.0,0.0,2.7,136.0,2.0,,,,,2020-12-07T10:10:00,,,,0,,,,,,,,,,,,,,,,,,,
2020-12-07 12:00:00,1016.5,19.5,99,0.3,183.0,3.0,187.0,1.5,,,,,2020-12-07T11:13:00,,,,0,,,,,,,,,,,,,,,,,,,
2020-12-07 13:00:00,-9999.7,-99.7,-9997,-99.7,-999.7,2.4,188.0,1.5,,,,,2020-12-07T12:22:00,,,,0,,,,,,,,,,,,,,,,,,,
2020-12-07 14:00:00,1015.1,19.4,99,0.0,0.0,1.9,211.0,1.0,,,,,2020-12-07T13:17:00,,,,0,,,,,,,,,,,,,,,,,,,
2020-12-07 15:00:00,1015.3,19.1,98,0.0,0.0,2.4,218.0,1.0,,,,,2020-12-07T14:46:00,,,,0,,,,,,,,,,,,,,,,,,,
2020-12-07 16:00:00,1015.7,18.8,99,0.1,0.0,2.4,219.0,1.5,,,,,2020-12-07T15:09:00,,,,0,,,,,,,,,,,,,,,,,,,
2020-12-07 17:00:00,1016.2,18.7,99,0.3,185.0,2.7,182.0,2.5,,,,,2020-12-07T16:03:00,,,,0,,,,,,,,,,,,,,,,,,,
2020-12-07 18:00:00,1016.8,18.6,99,0.5,179.0,2.7,154.0,1.5,,,,,2020-12-07T17:59:00,,,,0,,,,,,,,,,,,,,,,,,,
2020-12-07 19:00:00,1017.1,18.4,99,0.3,180.0,2.7,193.0,1.5,,,,,2020-12-07T18:15:00,,,,0,,,,,,,,,,,,,,,,,,,
2020-12-07 20:00:00,1017.5,18.3,99,0.3,191.0,2.7,215.0,2.0,,,,,2020-12-07T19:43:00,,,,0,,,,,,,,,,,,,,,,,,,
2020-12-07 21:00:00,1017.8,18.4,99,0.3,180.0,3.3,148.0,1.5,,,,,2020-12-07T20:54:00,,,,0,,,,,,,,,,,,,,,,,,,
2020-12-07 22:00:00,1017.8,18.3,99,0.2,0.0,1.9,182.0,1.5,,,,,2020-12-07T21:08:00,,,,0,,,,,,,,,,,,,,,,,,,
2020-12-07 23:00:00,1017.6,18.4,99,0.4,190.0,1.9,283.0,2.0,,,,,2020-12-07T22:23:00,,,,0,,,,,,,,,,,,,,,,,,,
2020-12-08 00:00:00,1017.4,18.3,99,0.0,0.0,2.4,201.0,2.0,,,,,2020-12-07T23:09:00,,,,0,,,,,,,,,,,,,,,,,,,
2020-12-08 01:00:00,1017.1,18.0,99,0.3,185.0,2.2,200.0,2.0,,,,,2020-12-08T00:12:00,,,,0,,,,,,,,,,,,,,,,,,,
2020-12-08 02:00:00,1016.5,17.8,99,0.2,0.0,2.4,206.0,2.0,,,,,2020-12-08T01:59:00,,,,0,,,,,,,,,,,,,,,,,,,
2020-12-08 03:00:00,1016.4,17.4,99,0.1,0.0,2.4,148.0,2.0,,,,,2020-12-08T02:28:00,,,,0,,,,,,,,,,,,,,,,,,,
2020-12-08 04:00:00,1016.4,17.4,99,0.0,0.0,3.0,192.0,1.5,,,,,2020-12-08T03:37:00,,,,0,,,,,,,,,,,,,,,,,,,
2020-12-08 05:00:00,1016.7,17.2,99,0.0,0.0,2.4,95.0,1.0,,,,,2020-12-08T04:14:00,,,,0,,,,,,,,,,,,,,,,,,,
2020-12-08 06:00:00,1016.9,17.1,99,0.1,0.0,2.2,191.0,1.0,,,,,2020-12-08T05:43:00,,,,0,,,,,,,,,,,,,,,,,,,
2020-12-08 07:00:00,1017.3,17.2,99,0.0,0.0,1.6,182.0,1.0,,,,,2020-12-08T06:05:00,,,,0,,,,,,,,,,,,,,,,,,,
2020-12-08 08:00:00,1017.7,17.4,99,0.2,0.0,1.9,169.0,2.0,,,,,2020-12-08T07:29:00,,,,0,,,,,,,,,,,,,,,,,,,
2020-12-08 09:00:00,1018.1,17.5,99,0.1,0.0,2.4,185.0,1.5,,,,,2020-12-08T08:41:00,,,,0,,,,,,,,,,,,,,,,,,,
2020-12-08 10:00:00,1018.1,17.4,99,0.0,0.0,3.8,192.0,1.5,,,,,2020-12-08T09:06:00,,,,0,,,,,,,,,,,,,,,,,,,
2020-12-08 11:00:00,1017.5,17.7,99,0.0,0.0,2.4,135.0,1.0,,,,,2020-12-08T10:31:00,,,,0,,,,,,,,,,,,,,,,,,,
2020-12-08 12:00:00,1016.6,17.7,98,0.0,0.0,1.9,198.0,0.5,,,,,2020-12-08T11:26:00,,,,0,,,,,,,,,,,,,,,,,,,
2020-12-08 13:00:00,1015.6,17.9,98,0.2,0.0,1.9,352.0,0.5,,,,,2020-12-08T13:00:00,,,,0,,,,,,,,,,,,,,,,,,,
2020-12-08 14:00:00,1015.1,17.5,98,0.2,0.0,2.2,348.0,0.0,,,,,2020-12-08T13:53:00,,,,0,,,,,,,,,,,,,,,,,,,
2020-12-08 15:00:00,1015.2,17.3,98,0.0,0.0,1.9,183.0,0.5,,,,,2020-12-08T14:06:00,,,,0,,,,,,,,,,,,,,,,,,,
2020-12-08 16:00:00,1015.6,16.9,98,0.0,0.0,3.0,339.0,0.5,,,,,2020-12-08T15:15:00,,,,0,,,,,,,,,,,,,,,,,,,
2020-12-08 17:00:00,1016.3,16.6,98,0.0,0.0,1.9,247.0,0.0,,,,,2020-12-08T16:21:00,,,,0,,,,,,,,,,,,,,,,,,,
2020-12-08 18:00:00,1016.5,16.6,98,0.0,0.0,1.3,186.0,0.5,,,,,2020-12-08T17:32:00,,,,0,,,,,,,,,,,,,,,,,,,
2020-12-08 19:00:00,1016.7,16.6,98,0.0,0.0,1.3,262.0,0.0,,,,,2020-12-08T18:59:00,,,,0,,,,,,,,,,,,,,,,,,,
2020-12-08 20:00:00,1017.4,16.6,99,0.0,0.0,2.4,323.0,1.5,,,,,2020-12-08T19:03:00,,,,0,,,,,,,,,,,,,,,,,,,
2020-12-08 21:00:00,1017.3,16.5,99,0.0,0.0,2.2,227.0,0.5,,,,,2020-12-08T20:45:00,,,,0,,,,,,,,,,,,,,,,,,,
2020-12-08 22:00:00,1016.8,16.8,99,0.0,0.0,2.4,117.0,2.5,,,,,2020-12-08T21:42:00,,,,0,,,,,,,,,,,,,,,,,,,
2020-12-08 23:00:00,1016.5,16.8,99,0.1,0.0,3.0,135.0,0.5,,,,,2020-12-08T22:09:00,,,,0,,,,,,,,,,,,,,,,,,,
2020-12-09 00:00:00,1016.0,16.5,99,0.0,0.0,3.0,190.0,0.5,,,,,2020-12-08T23:12:00,,,,0,,,,,,,,,,,,,,,,,,,
2020-12-09 01:00:00,1016.0,16.3,98,0.0,0.0,3.3,99.0,0.5,,,,,2020-12-09T00:12:00,,,,0,,,,,,,,,,,,,,,,,,,
2020-12-09 02:00:00,1016.0,16.3,98,0.0,0.0,3.0,188.0,1.5,,,,,2020-12-09T01:28:00,,,,0,,,,,,,,,,,,,,,,,,,
2020-12-09 03:00:00,1015.3,16.3,99,0.0,0.0,1.9,172.0,1.0,,,,,2020-12-09T02:31:00,,,,0,,,,,,,,,,,,,,,,,,,
2020-12-09 04:00:00,1015.1,16.5,99,0.2,0.0,1.3,320.0,2.5,,,,,2020-12-09T03:25:00,,,,0,,,,,,,,,,,,,,,,,,,
2020-12-09 05:00:00,1015.2,16.6,99,0.0,0.0,1.6,15.0,3.5,,,,,2020-12-09T04:06:00,,,,0,,,,,,,,,,,,,,,,,,,
2020-12-09 06:00:00,1015.7,16.8,99,0.0,0.0,1.6,192.0,2.0,,,,,2020-12-09T05:16:00,,,,0,,,,,,,,,,,,,,,,,,,
2020-12-09 07:00:00,1016.1,17.1,99,0.1,0.0,2.2,164.0,4.0,,,,,2020-12-09T06:57:00,,,,0,,,,,,,,,,,,,,,,,,,
2020-12-09 08:00:00,1016.6,17.1,99,0.0,0.0,2.2,199.0,4.5,,,,,2020-12-09T07:13:00,,,,0,,,,,,,,,,,,,,,,,,,
2020-12-09 09:00:00,1016.8,17.5,99,0.0,0.0,1.9,332.0,2.0,,,,,2020-12-09T08:49:00,,,,0,,,,,,,,,,,,,,,,,,,
2020-12-09 10:00:00,1016.4,18.2,99,0.1,0.0,1.9,319.0,2.0,,,,,2020-12-09T09:44:00,,,,0,,,,,,,,,,,,,,,,,,,
2020-12-09 11:00:00,1015.4,18.7,99,0.2,0.0,1.3,341.0,3.0,,,,,2020-12-09T10:01:00,,,,0,,,,,,,,,,,,,,,,,,,
2020-12-09 12:00:00,1014.3,18.7,99,0.0,0.0,1.6,210.0,1.5,,,,,2020-12-09T11:09:00,,,,0,,,,,,,,,,,,,,,,,,,
2020-12-09 13:00:00,1013.2,18.8,99,0.0,0.0,1.9,185.0,2.5,,,,,2020-12-09T12:44:00,,,,0,,,,,,,,,,,,,,,,,,,
2020-12-09 14:00:00,1012.5,18.8,99,0.0,0.0,1.6,135.0,2.0,,,,,2020-12-09T13:22:00,,,,0,,,,,,,,,,,,,,,,,,,
2020-12-09 15:00:00,1011.9,18.8,99,0.0,0.0,1.9,103.0,3.5,,,,,2020-12-09T14:49:00,,,,0,,,,,,,,,,,,,,,,,,,
2020-12-09 16:00:00,1011.7,19.0,99,0.0,0.0,1.1,119.0,2.0,,,,,2020-12-09T15:07:00,,,,0,,,,,,,,,,,,,,,,,,,
2020-12-09 17:00:00,1012.6,19.1,99,0.0,0.0,1.3,124.0,1.5,,,,,2020-12-09T16:11:00,,,,0,,,,,,,,,,,,,,,,,,,
2020-12-09 18:00:00,1012.5,19.1,99,0.0,0.0,0.0,0.0,2.0,,,,,2020-12-09T17:05:00,,,,0,,,,,,,,,,,,,,,,,,,
2020-12-09 19:00:00,1012.8,19.1,99,0.0,0.0,0.0,0.0,2.0,,,,,2020-12-09T18:05:00,,,,0,,,,,,,,,,,,,,,,,,,
2020-12-09 20:00:00,1012.9,19.1,99,0.0,0.0,1.3,183.0,2.0,,,,,2020-12-09T19:51:00,,,,0,,,,,,,,,,,,,,,,,,,
2020-12-09 21:00:00,1012.9,19.2,99,0.0,0.0,0.0,0.0,1.5,,,,,2020-12-09T20:05:00,,,,0,,,,,,,,,,,,,,,,,,,
2020-12-09 22:00:00,1012.6,19.1,99,0.0,0.0,0.0,0.0,0.5,,,,,2020-12-09T21:05:00,,,,0,,,,,,,,,,,,,,,,,,,
2020-12-09 23:00:00,1012.7,19.1,99,0.0,0.0,0.0,0.0,0.5,,,,,2020-12-09T22:05:00,,,,0,,,,,,,,,,,,,,,,,,,
2020-12-10 00:00:00,1012.0,18.9,99,0.0,0.0,0.0,0.0,1.5,,,,,2020-12-09T23:05:00,,,,0,,,,,,,,,,,,,,,,,,,
2020-12-10 01:00:00,1011.9,18.9,99,0.0,0.0,1.9,247.0,1.5,,,,,2020-12-10T00:45:00,,,,0,,,,,,,,,,,,,,,,,,,
2020-12-10 02:00:00,1011.5,18.8,99,0.0,0.0,1.3,260.0,1.0,,,,,2020-12-10T01:30:00,,,,0,,,,,,,,,,,,,,,,,,,
2020-12-10 03:00:00,1011.4,18.8,99,0.0,0.0,0.0,0.0,0.5,,,,,2020-12-10T02:05:00,,,,0,,,,,,,,,,,,,,,,,,,
2020-12-10 04:00:00,1011.4,18.8,99,0.0,0.0,0.0,0.0,0.0,,,,,2020-12-10T03:05:00,,,,0,,,,,,,,,,,,,,,,,,,
2020-12-10 05:00:00,1011.3,18.8,99,0.2,0.0,1.6,267.0,0.0,,,,,2020-12-10T04:53:00,,,,0,,,,,,,,,,,,,,,,,,,
2020-12-10 06:00:00,1012.0,19.0,99,0.0,0.0,1.9,279.0,0.5,,,,,2020-12-10T05:09:00,,,,0,,,,,,,,,,,,,,,,,,,
2020-12-10 07:00:00,1012.9,19.2,99,0.1,0.0,2.2,314.0,4.0,,,,,2020-12-10T06:54:00,,,,0,,,,,,,,,,,,,,,,,,,
2020-12-10 08:00:00,1013.6,19.6,99,0.0,0.0,1.9,181.0,5.5,,,,,2020-12-10T07:08:00,,,,0,,,,,,,,,,,,,,,,,,,
2020-12-10 09:00:00,1014.0,19.5,99,0.0,0.0,2.2,307.0,4.0,,,,,2020-12-10T08:38:00,,,,0,,,,,,,,,,,,,,,,,,,
2020-12-10 10:00:00,1013.9,19.4,99,0.0,0.0,3.0,182.0,8.5,,,,,2020-12-10T09:12:00,,,,0,,,,,,,,,,,,,,,,,,,
2020-12-10 11:00:00,1013.6,19.5,99,0.0,0.0,2.4,348.0,6.5,,,,,2020-12-10T10:13:00,,,,0,,,,,,,,,,,,,,,,,,,
2020-12-10 12:00:00,1012.6,19.6,99,0.0,0.0,2.2,162.0,3.5,,,,,2020-12-10T11:36:00,,,,0,,,,,,,,,,,,,,,,,,,
2020-12-10 13:00:00,1011.8,19.5,99,0.0,0.0,1.6,191.0,1.5,,,,,2020-12-10T12:19:00,,,,0,,,,,,,,,,,,,,,,,,,
2020-12-10 14:00:00,1011.2,19.4,99,0.2,0.0,1.9,166.0,1.0,,,,,2020-12-10T13:04:00,,,,0,,,,,,,,,,,,,,,,,,,
2020-12-10 15:00:00,1011.2,19.4,99,0.0,0.0,1.9,207.0,2.0,,,,,2020-12-10T14:49:00,,,,0,,,,,,,,,,,,,,,,,,,
2020-12-10 16:00:00,1011.2,19.2,99,0.0,0.0,1.9,109.0,1.5,,,,,2020-12-10T15:17:00,,,,0,,,,,,,,,,,,,,,,,,,
2020-12-10 17:00:00,1011.9,19.1,99,0.0,0.0,1.3,185.0,1.0,,,,,2020-12-10T16:03:00,,,,0,,,,,,,,,,,,,,,,,,,
2020-12-10 18:00:00,1012.7,19.1,99,0.0,0.0,0.8,191.0,1.5,,,,,2020-12-10T17:17:00,,,,0,,,,,,,,,,,,,,,,,,,
2020-12-10 19:00:00,1013.3,19.0,99,0.0,0.0,1.9,200.0,1.0,,,,,2020-12-10T18:32:00,,,,0,,,,,,,,,,,,,,,,,,,
2020-12-10 20:00:00,1013.7,18.9,99,0.1,0.0,1.3,189.0,2.0,,,,,2020-12-10T19:55:00,,,,0,,,,,,,,,,,,,,,,,,,
2020-12-10 21:00:00,1013.7,18.9,99,0.0,0.0,2.4,105.0,1.0,,,,,2020-12-10T20:52:00,,,,0,,,,,,,,,,,,,,,,,,,
2020-12-10 22:00:00,1013.7,18.8,99,0.0,0.0,1.3,194.0,0.5,,,,,2020-12-10T21:19:00,,,,0,,,,,,,,,,,,,,,,,,,
2020-12-10 23:00:00,1013.6,18.8,99,0.0,0.0,0.0,0.0,1.5,,,,,2020-12-10T22:05:00,,,,0,,,,,,,,,,,,,,,,,,,
2020-12-11 00:00:00,1012.8,18.7,99,0.1,0.0,1.9,208.0,1.0,,,,,2020-12-10T23:59:00,,,,0,,,,,,,,,,,,,,,,,,,
2020-12-11 01:00:00,1012.9,18.7,99,0.0,0.0,0.8,112.0,0.5,,,,,2020-12-11T00:08:00,,,,0,,,,,,,,,,,,,,,,,,,
2020-12-11 02:00:00,1012.4,18.7,99,0.0,0.0,1.3,260.0,1.0,,,,,2020-12-11T01:36:00,,,,0,,,,,,,,,,,,,,,,,,,
2020-12-11 03:00:00,1012.4,18.6,99,0.0,0.0,1.3,274.0,2.0,,,,,2020-12-11T02:53:00,,,,0,,,,,,,,,,,,,,,,,,,
2020-12-11 04:00:00,1012.1,18.6,99,0.0,0.0,0.8,271.0,4.0,,,,,2020-12-11T03:04:00,,,,0,,,,,,,,,,,,,,,,,,,
2020-12-11 05:00:00,1011.7,18.6,99,0.0,0.0,0.0,0.0,4.0,,,,,2020-12-11T04:05:00,,,,0,,,,,,,,,,,,,,,,,,,
2020-12-11 06:00:00,1012.4,18.6,99,0.2,0.0,1.3,341.0,0.5,,,,,2020-12-11T05:54:00,,,,0,,,,,,,,,,,,,,,,,,,
2020-12-11 07:00:00,1012.4,18.6,99,0.0,0.0,2.4,259.0,6.0,,,,,2020-12-11T06:03:00,,,,0,,,,,,,,,,,,,,,,,,,
2020-12-11 08:00:00,1012.7,18.8,99,0.0,0.0,1.3,330.0,12.5,,,,,2020-12-11T07:14:00,,,,0,,,,,,,,,,,,,,,,,,,
2020-12-11 09:00:00,1013.3,19.2,99,0.0,0.0,1.3,214.0,2.5,,,,,2020-12-11T08:25:00,,,,0,,,,,,,,,,,,,,,,,,,
2020-12-11 10:00:00,1013.1,19.4,99,0.0,0.0,1.3,191.0,6.0,,,,,2020-12-11T09:53:00,,,,0,,,,,,,,,,,,,,,,,,,
2020-12-11 11:00:00,1012.4,19.6,99,0.0,0.0,1.1,176.0,2.0,,,,,2020-12-11T10:29:00,,,,0,,,,,,,,,,,,,,,,,,,
2020-12-11 12:00:00,1011.4,19.5,99,0.0,0.0,1.6,218.0,0.5,,,,,2020-12-11T11:08:00,,,,0,,,,,,,,,,,,,,,,,,,
2020-12-11 13:00:00,1010.7,19.2,99,0.0,0.0,1.3,253.0,2.5,,,,,2020-12-11T12:46:00,,,,0,,,,,,,,,,,,,,,,,,,
2020-12-11 14:00:00,1009.9,19.4,99,0.0,0.0,1.3,164.0,1.0,,,,,2020-12-11T13:04:00,,,,0,,,,,,,,,,,,,,,,,,,
2020-12-11 15:00:00,1009.8,19.4,99,0.0,0.0,1.3,318.0,5.0,,,,,2020-12-11T14:07:00,,,,0,,,,,,,,,,,,,,,,,,,
2020-12-11 16:00:00,1009.6,19.5,99,0.0,0.0,0.0,0.0,0.0,,,,,2020-12-11T15:05:00,,,,0,,,,,,,,,,,,,,,,,,,
2020-12-11 17:00:00,1010.0,19.3,99,0.0,0.0,0.8,257.0,0.0,,,,,2020-12-11T16:25:00,,,,0,,,,,,,,,,,,,,,,,,,
2020-12-11 18:00:00,1010.6,19.0,99,0.0,0.0,1.3,253.0,0.5,,,,,2020-12-11T17:09:00,,,,0,,,,,,,,,,,,,,,,,,,
2020-12-11 19:00:00,1011.2,19.1,99,0.0,0.0,0.0,0.0,0.0,,,,,2020-12-11T18:05:00,,,,0,,,,,,,,,,,,,,,,,,,
2020-12-11 20:00:00,1011.6,19.0,99,0.0,0.0,0.8,242.0,0.5,,,,,2020-12-11T19:06:00,,,,0,,,,,,,,,,,,,,,,,,,
2020-12-11 21:00:00,1011.9,18.8,99,0.0,0.0,1.3,245.0,0.5,,,,,2020-12-11T20:43:00,,,,0,,,,,,,,,,,,,,,,,,,
2020-12-11 22:00:00,1012.1,18.8,99,0.0,0.0,1.9,290.0,0.5,,,,,2020-12-11T21:50:00,,,,0,,,,,,,,,,,,,,,,,,,
2020-12-11 23:00:00,1012.1,18.6,99,0.0,0.0,1.3,223.0,0.0,,,,,2020-12-11T22:07:00,,,,0,,,,,,,,,,,,,,,,,,,
2020-12-12 00:00:00,1012.2,18.3,99,0.0,0.0,0.8,272.0,0.0,,,,,2020-12-11T23:06:00,,,,0,,,,,,,,,,,,,,,,,,,
2020-12-12 01:00:00,1012.2,18.1,99,0.0,0.0,1.9,255.0,0.0,,,,,2020-12-12T00:37:00,,,,0,,,,,,,,,,,,,,,,,,,
2020-12-12 02:00:00,1012.0,18.1,99,0.0,0.0,1.9,271.0,0.0,,,,,2020-12-12T01:01:00,,,,0,,,,,,,,,,,,,,,,,,,
2020-12-12 03:00:00,1012.0,18.0,99,0.0,0.0,1.9,259.0,1.0,,,,,2020-12-12T02:49:00,,,,0,,,,,,,,,,,,,,,,,,,
2020-12-12 04:00:00,1012.0,18.0,99,0.0,0.0,1.6,352.0,0.0,,,,,2020-12-12T03:29:00,,,,0,,,,,,,,,,,,,,,,,,,
2020-12-12 05:00:00,1011.9,17.8,99,0.0,0.0,1.6,288.0,0.0,,,,,2020-12-12T04:52:00,,,,0,,,,,,,,,,,,,,,,,,,
2020-12-12 06:00:00,1012.2,17.8,99,0.0,0.0,2.4,255.0,0.0,,,,,2020-12-12T05:22:00,,,,0,,,,,,,,,,,,,,,,,,,
2020-12-12 07:00:00,1012.7,17.8,99,0.0,0.0,1.3,267.0,0.0,,,,,2020-12-12T06:08:00,,,,0,,,,,,,,,,,,,,,,,,,
2020-12-12 08:00:00,1013.2,17.9,99,0.0,0.0,1.3,327.0,0.5,,,,,2020-12-12T07:18:00,,,,0,,,,,,,,,,,,,,,,,,,
2020-12-12 09:00:00,1013.7,17.8,99,0.0,0.0,1.6,267.0,0.0,,,,,2020-12-12T08:19:00,,,,0,,,,,,,,,,,,,,,,,,,
2020-12-12 10:00:00,1013.6,17.9,99,0.0,0.0,1.9,264.0,0.0,,,,,2020-12-12T09:36:00,,,,0,,,,,,,,,,,,,,,,,,,
2020-12-12 11:00:00,1012.9,17.8,99,0.0,0.0,1.1,285.0,0.5,,,,,2020-12-12T10:08:00,,,,0,,,,,,,,,,,,,,,,,,,
2020-12-12 12:00:00,1012.0,17.7,99,0.0,0.0,1.9,333.0,0.5,,,,,2020-12-12T11:31:00,,,,0,,,,,,,,,,,,,,,,,,,
2020-12-12 13:00:00,1011.2,17.2,99,0.4,330.0,1.9,344.0,0.5,,,,,2020-12-12T13:00:00,,,,0,,,,,,,,,,,,,,,,,,,
2020-12-12 14:00:00,1010.8,17.2,99,0.0,0.0,1.9,321.0,0.5,,,,,2020-12-12T13:01:00,,,,0,,,,,,,,,,,,,,,,,,,
2020-12-12 15:00:00,1010.6,17.1,99,0.0,0.0,1.3,250.0,0.0,,,,,2020-12-12T14:38:00,,,,0,,,,,,,,,,,,,,,,,,,
2020-12-12 16:00:00,1010.7,16.9,99,0.0,0.0,1.6,250.0,0.0,,,,,2020-12-12T15:04:00,,,,0,,,,,,,,,,,,,,,,,,,
2020-12-12 17:00:00,1011.2,16.6,99,0.0,0.0,1.3,346.0,0.0,,,,,2020-12-12T16:19:00,,,,0,,,,,,,,,,,,,,,,,,,
2020-12-12 18:00:00,1011.8,16.6,99,0.1,0.0,1.3,267.0,0.0,,,,,2020-12-12T17:53:00,,,,0,,,,,,,,,,,,,,,,,,,
2020-12-12 19:00:00,1012.3,16.4,99,0.0,0.0,1.3,275.0,0.0,,,,,2020-12-12T18:03:00,,,,0,,,,,,,,,,,,,,,,,,,
2020-12-12 20:00:00,1012.2,16.2,99,0.0,0.0,0.0,0.0,0.5,,,,,2020-12-12T19:05:00,,,,0,,,,,,,,,,,,,,,,,,,
2020-12-12 21:00:00,1012.3,16.2,99,0.0,0.0,0.8,170.0,0.0,,,,,2020-12-12T20:44:00,,,,0,,,,,,,,,,,,,,,,,,,
2020-12-12 22:00:00,1012.2,16.0,99,0.0,0.0,1.3,260.0,1.0,,,,,2020-12-12T21:44:00,,,,0,,,,,,,,,,,,,,,,,,,
2020-12-12 23:00:00,1012.2,16.2,99,0.0,0.0,0.0,0.0,0.5,,,,,2020-12-12T22:05:00,,,,0,,,,,,,,,,,,,,,,,,,
2020-12-13 00:00:00,1011.9,15.6,99,0.0,0.0,1.3,205.0,0.5,,,,,2020-12-12T23:10:00,,,,0,,,,,,,,,,,,,,,,,,,
2020-12-13 01:00:00,1011.8,15.8,99,0.0,0.0,0.8,301.0,0.5,,,,,2020-12-13T00:55:00,,,,0,,,,,,,,,,,,,,,,,,,
2020-12-13 02:00:00,1011.1,15.7,99,0.0,0.0,1.9,281.0,0.0,,,,,2020-12-13T01:09:00,,,,0,,,,,,,,,,,,,,,,,,,
2020-12-13 03:00:00,1011.0,15.7,99,0.0,0.0,0.8,242.0,0.0,,,,,2020-12-13T02:01:00,,,,0,,,,,,,,,,,,,,,,,,,
2020-12-13 04:00:00,1011.1,15.6,99,0.0,0.0,0.0,0.0,0.0,,,,,2020-12-13T03:05:00,,,,0,,,,,,,,,,,,,,,,,,,
2020-12-13 05:00:00,1011.3,15.8,99,0.0,0.0,0.8,313.0,0.0,,,,,2020-12-13T04:42:00,,,,0,,,,,,,,,,,,,,,,,,,
2020-12-13 06:00:00,1011.9,15.9,99,0.0,0.0,0.0,0.0,0.0,,,,,2020-12-13T05:05:00,,,,0,,,,,,,,,,,,,,,,,,,
2020-12-13 07:00:00,1012.5,15.8,99,0.0,0.0,0.0,0.0,0.0,,,,,2020-12-13T06:05:00,,,,0,,,,,,,,,,,,,,,,,,,
2020-12-13 08:00:00,1013.1,16.1,99,0.0,0.0,0.8,264.0,0.0,,,,,2020-12-13T07:45:00,,,,0,,,,,,,,,,,,,,,,,,,
2020-12-13 09:00:00,1013.1,16.6,99,0.2,0.0,1.6,343.0,0.0,,,,,2020-12-13T08:59:00,,,,0,,,,,,,,,,,,,,,,,,,
2020-12-13 10:00:00,1013.0,18.4,97,0.0,0.0,1.3,326.0,0.0,,,,,2020-12-13T09:01:00,,,,0,,,,,,,,,,,,,,,,,,,
2020-12-13 11:00:00,1012.0,21.9,80,0.0,0.0,1.3,182.0,0.0,,,,,2020-12-13T10:28:00,,,,0,,,,,,,,,,,,,,,,,,,
2020-12-13 12:00:00,1010.9,23.3,73,0.0,0.0,2.4,166.0,0.0,,,,,2020-12-13T11:08:00,,,,0,,,,,,,,,,,,,,,,,,,
2020-12-13 13:00:00,1010.3,22.3,76,0.0,0.0,2.4,177.0,0.0,,,,,2020-12-13T12:13:00,,,,0,,,,,,,,,,,,,,,,,,,
2020-12-13 14:00:00,1010.0,20.8,83,0.0,0.0,2.7,349.0,0.0,,,,,2020-12-13T13:17:00,,,,0,,,,,,,,,,,,,,,,,,,
2020-12-13 15:00:00,1009.8,21.1,81,0.0,0.0,3.0,345.0,0.0,,,,,2020-12-13T14:30:00,,,,0,,,,,,,,,,,,,,,,,,,
2020-12-13 16:00:00,1010.1,20.5,85,0.2,0.0,1.3,318.0,0.0,,,,,2020-12-13T15:57:00,,,,0,,,,,,,,,,,,,,,,,,,
2020-12-13 17:00:00,1010.5,18.8,92,0.0,0.0,1.9,213.0,0.0,,,,,2020-12-13T16:35:00,,,,0,,,,,,,,,,,,,,,,,,,
2020-12-13 18:00:00,1011.3,17.8,96,0.0,0.0,1.3,244.0,0.0,,,,,2020-12-13T17:08:00,,,,0,,,,,,,,,,,,,,,,,,,
2020-12-13 19:00:00,1012.0,17.0,97,0.0,0.0,0.0,0.0,0.0,,,,,2020-12-13T18:05:00,,,,0,,,,,,,,,,,,,,,,,,,
2020-12-13 20:00:00,1012.4,16.4,98,0.0,0.0,0.0,0.0,0.0,,,,,2020-12-13T19:05:00,,,,0,,,,,,,,,,,,,,,,,,,
2020-12-13 21:00:00,1012.5,16.2,98,0.0,0.0,1.3,352.0,0.0,,,,,2020-12-13T20:26:00,,,,0,,,,,,,,,,,,,,,,,,,
2020-12-13 22:00:00,1012.9,16.1,98,0.0,0.0,0.8,16.0,0.0,,,,,2020-12-13T21:01:00,,,,0,,,,,,,,,,,,,,,,,,,
2020-12-13 23:00:00,1013.0,16.4,98,0.1,0.0,1.6,266.0,0.0,,,,,2020-12-13T22:57:00,,,,0,,,,,,,,,,,,,,,,,,,
2020-12-14 00:00:00,1012.5,16.7,98,0.5,326.0,2.2,331.0,0.0,,,,,2020-12-14T00:00:00,,,,0,,,,,,,,,,,,,,,,,,,
2020-12-14 01:00:00,1012.3,17.2,98,0.1,0.0,1.6,343.0,6.5,,,,,2020-12-14T00:59:00,,,,0,,,,,,,,,,,,,,,,,,,
2020-12-14 02:00:00,1012.3,17.6,99,0.0,0.0,1.9,331.0,10.0,,,,,2020-12-14T01:47:00,,,,0,,,,,,,,,,,,,,,,,,,
2020-12-14 03:00:00,1012.5,17.7,99,0.0,0.0,1.3,14.0,0.5,,,,,2020-12-14T02:06:00,,,,0,,,,,,,,,,,,,,,,,,,
2020-12-14 04:00:00,1012.8,17.7,99,0.3,189.0,2.4,187.0,2.0,,,,,2020-12-14T03:18:00,,,,0,,,,,,,,,,,,,,,,,,,
2020-12-14 05:00:00,1013.6,17.2,99,0.0,0.0,2.4,119.0,1.0,,,,,2020-12-14T04:20:00,,,,0,,,,,,,,,,,,,,,,,,,
2020-12-14 06:00:00,1014.3,17.2,99,0.4,185.0,3.0,233.0,2.0,,,,,2020-12-14T06:00:00,,,,0,,,,,,,,,,,,,,,,,,,
2020-12-14 07:00:00,1015.5,16.6,99,0.1,0.0,3.5,183.0,3.0,,,,,2020-12-14T06:31:00,,,,0,,,,,,,,,,,,,,,,,,,
2020-12-14 08:00:00,1016.6,16.3,99,0.1,0.0,2.2,213.0,2.0,,,,,2020-12-14T07:09:00,,,,0,,,,,,,,,,,,,,,,,,,
2020-12-14 09:00:00,1017.6,16.2,99,0.1,0.0,1.6,192.0,1.0,,,,,2020-12-14T08:48:00,,,,0,,,,,,,,,,,,,,,,,,,
2020-12-14 10:00:00,1018.0,15.8,99,0.1,0.0,2.2,180.0,1.0,,,,,2020-12-14T09:21:00,,,,0,,,,,,,,,,,,,,,,,,,
2020-12-14 11:00:00,1017.6,15.8,99,0.0,0.0,2.7,199.0,0.5,,,,,2020-12-14T10:41:00,,,,0,,,,,,,,,,,,,,,,,,,
2020-12-14 12:00:00,1016.8,15.6,98,0.5,169.0,2.7,340.0,1.0,,,,,2020-12-14T11:27:00,,,,0,,,,,,,,,,,,,,,,,,,
2020-12-14 13:00:00,1016.1,15.5,98,0.3,209.0,2.4,122.0,0.5,,,,,2020-12-14T12:19:00,,,,0,,,,,,,,,,,,,,,,,,,
2020-12-14 14:00:00,1015.7,15.6,98,0.1,0.0,3.0,291.0,1.0,,,,,2020-12-14T13:54:00,,,,0,,,,,,,,,,,,,,,,,,,
2020-12-14 15:00:00,1015.7,15.5,98,0.1,0.0,1.9,113.0,0.5,,,,,2020-12-14T14:04:00,,,,0,,,,,,,,,,,,,,,,,,,
2020-12-14 16:00:00,1015.9,15.3,98,0.2,0.0,2.4,205.0,1.5,,,,,2020-12-14T15:53:00,,,,0,,,,,,,,,,,,,,,,,,,
2020-12-14 17:00:00,1016.7,14.8,99,0.0,0.0,2.4,188.0,1.0,,,,,2020-12-14T16:06:00,,,,0,,,,,,,,,,,,,,,,,,,
2020-12-14 18:00:00,1017.5,14.9,99,0.1,0.0,1.6,338.0,1.5,,,,,2020-12-14T17:42:00,,,,0,,,,,,,,,,,,,,,,,,,
2020-12-14 19:00:00,1017.9,14.8,99,0.0,0.0,2.4,213.0,1.5,,,,,2020-12-14T18:13:00,,,,0,,,,,,,,,,,,,,,,,,,
2020-12-14 20:00:00,1018.4,14.7,99,0.0,0.0,1.3,119.0,0.5,,,,,2020-12-14T19:02:00,,,,0,,,,,,,,,,,,,,,,,,,
2020-12-14 21:00:00,1018.6,14.6,99,0.0,0.0,1.9,224.0,0.5,,,,,2020-12-14T20:29:00,,,,0,,,,,,,,,,,,,,,,,,,
2020-12-14 22:00:00,1018.9,14.4,99,0.0,0.0,1.9,190.0,1.5,,,,,2020-12-14T21:32:00,,,,0,,,,,,,,,,,,,,,,,,,
2020-12-14 23:00:00,1019.0,14.5,99,0.0,0.0,2.4,137.0,1.0,,,,,2020-12-14T22:46:00,,,,0,,,,,,,,,,,,,,,,,,,
2020-12-15 00:00:00,1018.9,14.4,99,0.0,0.0,3.0,353.0,1.0,,,,,2020-12-14T23:32:00,,,,0,,,,,,,,,,,,,,,,,,,
2020-12-15 01:00:00,1018.8,14.3,99,0.1,0.0,3.0,191.0,2.0,,,,,2020-12-15T00:26:00,,,,0,,,,,,,,,,,,,,,,,,,
2020-12-15 02:00:00,1018.8,14.3,99,0.0,0.0,3.0,343.0,0.5,,,,,2020-12-15T01:37:00,,,,0,,,,,,,,,,,,,,,,,,,
2020-12-15 03:00:00,1018.8,13.9,99,0.0,0.0,2.7,145.0,3.0,,,,,2020-12-15T02:43:00,,,,0,,,,,,,,,,,,,,,,,,,
2020-12-15 04:00:00,1019.2,14.1,99,0.1,0.0,2.2,280.0,2.0,,,,,2020-12-15T03:31:00,,,,0,,,,,,,,,,,,,,,,,,,
2020-12-15 05:00:00,1019.1,14.0,99,0.0,0.0,3.0,207.0,1.5,,,,,2020-12-15T04:39:00,,,,0,,,,,,,,,,,,,,,,,,,
2020-12-15 06:00:00,1019.8,14.0,99,0.0,0.0,2.2,328.0,2.0,,,,,2020-12-15T05:16:00,,,,0,,,,,,,,,,,,,,,,,,,
2020-12-15 07:00:00,1020.3,13.9,99,0.0,0.0,2.7,200.0,2.0,,,,,2020-12-15T06:21:00,,,,0,,,,,,,,,,,,,,,,,,,
2020-12-15 08:00:00,1020.7,14.1,99,0.1,0.0,3.0,239.0,4.0,,,,,2020-12-15T07:31:00,,,,0,,,,,,,,,,,,,,,,,,,
2020-12-15 09:00:00,1021.4,14.3,99,0.0,0.0,1.9,195.0,2.5,,,,,2020-12-15T08:08:00,,,,0,,,,,,,,,,,,,,,,,,,
2020-12-15 10:00:00,1021.1,14.7,99,0.5,180.0,1.3,192.0,3.5,,,,,2020-12-15T09:17:00,,,,0,,,,,,,,,,,,,,,,,,,
2020-12-15 11:00:00,1020.6,15.0,99,0.0,0.0,3.0,341.0,2.0,,,,,2020-12-15T10:01:00,,,,0,,,,,,,,,,,,,,,,,,,
2020-12-15 12:00:00,1019.4,14.6,99,0.0,0.0,1.9,198.0,2.5,,,,,2020-12-15T11:12:00,,,,0,,,,,,,,,,,,,,,,,,,
2020-12-15 13:00:00,1018.5,15.1,98,0.0,0.0,1.6,187.0,2.0,,,,,2020-12-15T12:41:00,,,,0,,,,,,,,,,,,,,,,,,,
2020-12-15 14:00:00,1017.7,15.1,99,0.2,0.0,1.9,292.0,1.5,,,,,2020-12-15T13:36:00,,,,0,,,,,,,,,,,,,,,,,,,
2020-12-15 15:00:00,1017.6,14.6,99,0.3,178.0,3.3,205.0,2.0,,,,,2020-12-15T14:36:00,,,,0,,,,,,,,,,,,,,,,,,,
2020-12-15 16:00:00,1017.8,14.6,99,0.2,0.0,1.6,44.0,4.0,,,,,2020-12-15T15:09:00,,,,0,,,,,,,,,,,,,,,,,,,
2020-12-15 17:00:00,1018.4,14.6,99,0.2,0.0,2.4,110.0,3.5,,,,,2020-12-15T16:05:00,,,,0,,,,,,,,,,,,,,,,,,,
2020-12-15 18:00:00,1018.9,14.5,99,0.2,0.0,1.9,172.0,3.0,,,,,2020-12-15T17:46:00,,,,0,,,,,,,,,,,,,,,,,,,
2020-12-15 19:00:00,1019.5,14.6,99,0.0,0.0,1.9,183.0,2.0,,,,,2020-12-15T18:04:00,,,,0,,,,,,,,,,,,,,,,,,,
2020-12-15 20:00:00,1019.7,14.6,99,0.0,0.0,1.9,155.0,4.5,,,,,2020-12-15T19:42:00,,,,0,,,,,,,,,,,,,,,,,,,
2020-12-15 21:00:00,1019.7,14.5,99,0.0,0.0,3.3,178.0,5.0,,,,,2020-12-15T20:49:00,,,,0,,,,,,,,,,,,,,,,,,,
2020-12-15 22:00:00,1019.8,14.5,99,0.0,0.0,2.7,120.0,4.0,,,,,2020-12-15T21:20:00,,,,0,,,,,,,,,,,,,,,,,,,
2020-12-15 23:00:00,1019.7,14.6,99,0.0,0.0,2.2,79.0,2.5,,,,,2020-12-15T22:26:00,,,,0,,,,,,,,,,,,,,,,,,,
2020-12-16 00:00:00,1019.3,14.5,99,0.0,0.0,1.9,190.0,4.5,,,,,2020-12-15T23:28:00,,,,0,,,,,,,,,,,,,,,,,,,
2020-12-16 01:00:00,1019.3,14.7,99,0.0,0.0,2.2,131.0,2.0,,,,,2020-12-16T00:48:00,,,,0,,,,,,,,,,,,,,,,,,,
2020-12-16 02:00:00,1019.1,14.8,99,0.0,0.0,1.9,117.0,3.5,,,,,2020-12-16T01:30:00,,,,0,,,,,,,,,,,,,,,,,,,
2020-12-16 03:00:00,1019.3,14.6,99,0.0,0.0,2.4,228.0,3.0,,,,,2020-12-16T02:07:00,,,,0,,,,,,,,,,,,,,,,,,,
2020-12-16 04:00:00,1019.6,14.4,99,0.1,0.0,1.9,142.0,4.0,,,,,2020-12-16T03:07:00,,,,0,,,,,,,,,,,,,,,,,,,
2020-12-16 05:00:00,1020.0,14.3,99,0.3,164.0,2.4,174.0,3.0,,,,,2020-12-16T04:01:00,,,,0,,,,,,,,,,,,,,,,,,,
2020-12-16 06:00:00,1020.6,14.2,99,0.0,0.0,3.5,12.0,3.5,,,,,2020-12-16T05:25:00,,,,0,,,,,,,,,,,,,,,,,,,
2020-12-16 07:00:00,1020.6,14.3,99,0.2,0.0,2.4,196.0,1.5,,,,,2020-12-16T06:54:00,,,,0,,,,,,,,,,,,,,,,,,,
2020-12-16 08:00:00,1021.4,14.1,99,0.6,209.0,2.4,256.0,6.5,,,,,2020-12-16T08:00:00,,,,0,,,,,,,,,,,,,,,,,,,
2020-12-16 09:00:00,1021.8,14.2,99,0.0,0.0,2.4,201.0,3.0,,,,,2020-12-16T08:49:00,,,,0,,,,,,,,,,,,,,,,,,,
2020-12-16 10:00:00,1021.9,14.5,99,0.1,0.0,1.6,210.0,1.0,,,,,2020-12-16T09:01:00,,,,0,,,,,,,,,,,,,,,,,,,
2020-12-16 11:00:00,1021.6,14.5,99,0.2,0.0,2.4,122.0,5.0,,,,,2020-12-16T10:45:00,,,,0,,,,,,,,,,,,,,,,,,,
2020-12-16 12:00:00,1020.4,14.5,99,0.0,0.0,2.4,158.0,3.0,,,,,2020-12-16T11:17:00,,,,0,,,,,,,,,,,,,,,,,,,
2020-12-16 13:00:00,1019.8,14.5,99,0.0,0.0,1.1,161.0,2.0,,,,,2020-12-16T12:56:00,,,,0,,,,,,,,,,,,,,,,,,,
2020-12-16 14:00:00,1019.5,14.5,99,0.0,0.0,2.2,182.0,2.5,,,,,2020-12-16T13:10:00,,,,0,,,,,,,,,,,,,,,,,,,
2020-12-16 15:00:00,1019.2,14.5,99,0.5,172.0,1.9,194.0,3.5,,,,,2020-12-16T14:39:00,,,,0,,,,,,,,,,,,,,,,,,,
2020-12-16 16:00:00,1019.3,14.0,99,0.3,189.0,3.5,202.0,4.0,,,,,2020-12-16T15:23:00,,,,0,,,,,,,,,,,,,,,,,,,
2020-12-16 17:00:00,1019.5,14.1,99,0.0,0.0,3.0,81.0,3.0,,,,,2020-12-16T16:39:00,,,,0,,,,,,,,,,,,,,,,,,,
2020-12-16 18:00:00,1019.9,14.1,99,0.0,0.0,1.9,193.0,3.5,,,,,2020-12-16T17:13:00,,,,0,,,,,,,,,,,,,,,,,,,
2020-12-16 19:00:00,1020.4,14.0,99,0.0,0.0,2.4,167.0,5.0,,,,,2020-12-16T18:03:00,,,,0,,,,,,,,,,,,,,,,,,,
2020-12-16 20:00:00,1020.7,13.9,99,0.6,200.0,4.9,190.0,4.5,,,,,2020-12-16T19:15:00,,,,0,,,,,,,,,,,,,,,,,,,
2020-12-16 21:00:00,1020.8,13.8,99,0.1,0.0,2.4,108.0,6.5,,,,,2020-12-16T20:05:00,,,,0,,,,,,,,,,,,,,,,,,,
2020-12-16 22:00:00,1020.6,13.9,99,0.3,173.0,2.4,216.0,5.0,,,,,2020-12-16T21:38:00,,,,0,,,,,,,,,,,,,,,,,,,
2020-12-16 23:00:00,1020.4,13.9,99,0.8,183.0,2.4,193.0,4.0,,,,,2020-12-16T22:57:00,,,,0,,,,,,,,,,,,,,,,,,,
2020-12-17 00:00:00,1020.4,13.6,99,0.1,0.0,2.7,181.0,3.5,,,,,2020-12-16T23:03:00,,,,0,,,,,,,,,,,,,,,,,,,
2020-12-17 01:00:00,1020.1,13.6,99,0.1,0.0,2.4,201.0,2.5,,,,,2020-12-17T00:49:00,,,,0,,,,,,,,,,,,,,,,,,,
2020-12-17 02:00:00,1019.7,13.4,99,0.0,0.0,3.3,171.0,2.0,,,,,2020-12-17T01:05:00,,,,0,,,,,,,,,,,,,,,,,,,
2020-12-17 03:00:00,1019.5,13.5,99,0.2,0.0,1.6,252.0,2.0,,,,,2020-12-17T02:37:00,,,,0,,,,,,,,,,,,,,,,,,,
2020-12-17 04:00:00,1019.1,13.5,99,0.5,342.0,2.2,278.0,2.5,,,,,2020-12-17T03:44:00,,,,0,,,,,,,,,,,,,,,,,,,
2020-12-17 05:00:00,1019.4,14.1,99,0.1,0.0,2.7,166.0,3.0,,,,,2020-12-17T04:47:00,,,,0,,,,,,,,,,,,,,,,,,,
2020-12-17 06:00:00,1019.9,14.0,99,0.2,0.0,2.4,87.0,3.5,,,,,2020-12-17T05:58:00,,,,0,,,,,,,,,,,,,,,,,,,
2020-12-17 07:00:00,1020.3,13.8,99,0.4,182.0,2.7,196.0,4.0,,,,,2020-12-17T06:41:00,,,,0,,,,,,,,,,,,,,,,,,,
2020-12-17 08:00:00,1020.6,13.8,99,0.3,182.0,2.7,196.0,2.0,,,,,2020-12-17T07:58:00,,,,0,,,,,,,,,,,,,,,,,,,
2020-12-17 09:00:00,1021.0,14.1,99,0.6,181.0,3.0,187.0,4.0,,,,,2020-12-17T08:31:00,,,,0,,,,,,,,,,,,,,,,,,,
2020-12-17 10:00:00,1020.8,14.2,99,0.0,0.0,2.2,205.0,2.0,,,,,2020-12-17T09:32:00,,,,0,,,,,,,,,,,,,,,,,,,
2020-12-17 11:00:00,1020.1,14.3,99,0.2,0.0,2.7,189.0,1.5,,,,,2020-12-17T10:59:00,,,,0,,,,,,,,,,,,,,,,,,,
2020-12-17 12:00:00,1019.1,14.8,99,0.0,0.0,1.9,146.0,1.5,,,,,2020-12-17T11:59:00,,,,0,,,,,,,,,,,,,,,,,,,
2020-12-17 13:00:00,1018.0,15.1,99,0.0,0.0,1.6,192.0,2.0,,,,,2020-12-17T12:02:00,,,,0,,,,,,,,,,,,,,,,,,,
2020-12-17 14:00:00,1016.8,15.3,98,0.0,0.0,1.9,182.0,1.5,,,,,2020-12-17T13:21:00,,,,0,,,,,,,,,,,,,,,,,,,
2020-12-17 15:00:00,1016.7,15.3,99,0.0,0.0,1.9,126.0,3.5,,,,,2020-12-17T14:22:00,,,,0,,,,,,,,,,,,,,,,,,,
2020-12-17 16:00:00,1016.7,15.1,99,0.0,0.0,2.2,89.0,2.5,,,,,2020-12-17T15:25:00,,,,0,,,,,,,,,,,,,,,,,,,
2020-12-17 17:00:00,1017.0,15.1,99,0.0,0.0,1.3,106.0,2.5,,,,,2020-12-17T16:10:00,,,,0,,,,,,,,,,,,,,,,,,,
2020-12-17 18:00:00,1017.2,15.2,99,0.0,0.0,1.6,167.0,3.0,,,,,2020-12-17T17:06:00,,,,0,,,,,,,,,,,,,,,,,,,
2020-12-17 19:00:00,1017.3,15.6,99,0.0,0.0,1.3,17.0,3.0,,,,,2020-12-17T18:29:00,,,,0,,,,,,,,,,,,,,,,,,,
2020-12-17 20:00:00,1017.2,15.8,99,0.0,0.0,1.3,313.0,4.5,,,,,2020-12-17T19:25:00,,,,0,,,,,,,,,,,,,,,,,,,
2020-12-17 21:00:00,1017.1,16.0,99,0.0,0.0,1.3,166.0,4.0,,,,,2020-12-17T20:03:00,,,,0,,,,,,,,,,,,,,,,,,,
2020-12-17 22:00:00,1016.6,16.2,99,0.0,0.0,0.0,0.0,4.0,,,,,2020-12-17T21:05:00,,,,0,,,,,,,,,,,,,,,,,,,
2020-12-17 23:00:00,1016.2,16.7,99,0.0,0.0,1.3,209.0,2.0,,,,,2020-12-17T22:04:00,,,,0,,,,,,,,,,,,,,,,,,,
2020-12-18 00:00:00,1016.0,16.5,99,0.0,0.0,1.1,69.0,0.5,,,,,2020-12-17T23:06:00,,,,0,,,,,,,,,,,,,,,,,,,
2020-12-18 01:00:00,1015.6,16.5,99,0.0,0.0,0.0,0.0,1.0,,,,,2020-12-18T00:05:00,,,,0,,,,,,,,,,,,,,,,,,,
2020-12-18 02:00:00,1015.3,16.3,99,0.0,0.0,0.0,0.0,0.5,,,,,2020-12-18T01:05:00,,,,0,,,,,,,,,,,,,,,,,,,
2020-12-18 03:00:00,1015.0,16.0,99,0.0,0.0,0.0,0.0,0.0,,,,,2020-12-18T02:05:00,,,,0,,,,,,,,,,,,,,,,,,,
2020-12-18 04:00:00,1015.3,16.1,99,0.0,0.0,0.8,350.0,0.0,,,,,2020-12-18T03:46:00,,,,0,,,,,,,,,,,,,,,,,,,
2020-12-18 05:00:00,1015.5,15.5,99,0.0,0.0,1.3,297.0,0.0,,,,,2020-12-18T04:03:00,,,,0,,,,,,,,,,,,,,,,,,,
2020-12-18 06:00:00,1015.9,14.8,99,0.0,0.0,1.3,335.0,0.0,,,,,2020-12-18T05:43:00,,,,0,,,,,,,,,,,,,,,,,,,
2020-12-18 07:00:00,1016.2,14.6,100,0.0,0.0,1.3,8.0,0.0,,,,,2020-12-18T06:12:00,,,,0,,,,,,,,,,,,,,,,,,,
2020-12-18 08:00:00,1017.0,15.1,100,0.0,0.0,0.8,295.0,0.0,,,,,2020-12-18T08:00:00,,,,0,,,,,,,,,,,,,,,,,,,
2020-12-18 09:00:00,1017.0,17.2,99,0.0,0.0,3.0,277.0,0.0,,,,,2020-12-18T08:18:00,,,,0,,,,,,,,,,,,,,,,,,,
2020-12-18 10:00:00,1016.6,18.4,96,0.6,262.0,3.5,283.0,0.0,,,,,2020-12-18T09:49:00,,,,0,,,,,,,,,,,,,,,,,,,
2020-12-18 11:00:00,1016.1,19.4,94,0.0,0.0,2.7,259.0,0.0,,,,,2020-12-18T10:12:00,,,,0,,,,,,,,,,,,,,,,,,,
2020-12-18 12:00:00,1015.4,19.2,97,0.0,0.0,1.9,178.0,2.5,,,,,2020-12-18T11:14:00,,,,0,,,,,,,,,,,,,,,,,,,
2020-12-18 13:00:00,1014.8,19.1,98,0.0,0.0,1.9,130.0,2.5,,,,,2020-12-18T12:37:00,,,,0,,,,,,,,,,,,,,,,,,,
2020-12-18 14:00:00,1014.5,18.9,98,0.0,0.0,1.3,273.0,6.0,,,,,2020-12-18T13:18:00,,,,0,,,,,,,,,,,,,,,,,,,
2020-12-18 15:00:00,1014.3,18.7,98,0.0,0.0,0.8,203.0,5.5,,,,,2020-12-18T14:13:00,,,,0,,,,,,,,,,,,,,,,,,,
2020-12-18 16:00:00,1014.9,18.2,98,0.0,0.0,2.2,207.0,0.5,,,,,2020-12-18T15:23:00,,,,0,,,,,,,,,,,,,,,,,,,
2020-12-18 17:00:00,1015.7,17.9,98,0.4,328.0,3.5,202.0,2.0,,,,,2020-12-18T16:44:00,,,,0,,,,,,,,,,,,,,,,,,,
2020-12-18 18:00:00,1016.3,18.0,98,0.0,0.0,3.0,334.0,1.5,,,,,2020-12-18T17:05:00,,,,0,,,,,,,,,,,,,,,,,,,
2020-12-18 19:00:00,1016.5,18.0,98,0.1,0.0,2.2,317.0,2.0,,,,,2020-12-18T18:40:00,,,,0,,,,,,,,,,,,,,,,,,,
2020-12-18 20:00:00,1016.9,17.9,98,0.2,0.0,3.3,302.0,1.0,,,,,2020-12-18T19:26:00,,,,0,,,,,,,,,,,,,,,,,,,
2020-12-18 21:00:00,1017.3,17.7,99,0.5,202.0,4.9,114.0,2.0,,,,,2020-12-18T20:15:00,,,,0,,,,,,,,,,,,,,,,,,,
2020-12-18 22:00:00,1017.5,17.5,99,0.3,202.0,4.9,114.0,3.5,,,,,2020-12-18T21:46:00,,,,0,,,,,,,,,,,,,,,,,,,
2020-12-18 23:00:00,1017.5,17.2,99,0.5,192.0,3.8,187.0,3.5,,,,,2020-12-18T22:50:00,,,,0,,,,,,,,,,,,,,,,,,,
2020-12-19 00:00:00,1017.8,17.0,99,0.1,0.0,2.4,172.0,3.0,,,,,2020-12-18T23:04:00,,,,0,,,,,,,,,,,,,,,,,,,
2020-12-19 01:00:00,1017.7,16.8,99,0.4,174.0,2.7,83.0,3.0,,,,,2020-12-19T00:38:00,,,,0,,,,,,,,,,,,,,,,,,,
2020-12-19 02:00:00,1017.9,16.6,99,0.0,0.0,2.4,318.0,1.5,,,,,2020-12-19T01:12:00,,,,0,,,,,,,,,,,,,,,,,,,
2020-12-19 03:00:00,1018.3,16.5,99,0.1,0.0,1.6,248.0,2.0,,,,,2020-12-19T02:49:00,,,,0,,,,,,,,,,,,,,,,,,,
2020-12-19 04:00:00,1019.0,16.0,99,0.0,0.0,2.2,178.0,1.0,,,,,2020-12-19T03:27:00,,,,0,,,,,,,,,,,,,,,,,,,
2020-12-19 05:00:00,1019.4,15.7,99,0.1,0.0,3.0,244.0,1.5,,,,,2020-12-19T04:40:00,,,,0,,,,,,,,,,,,,,,,,,,
2020-12-19 06:00:00,1020.4,15.3,99,0.0,0.0,1.3,20.0,1.0,,,,,2020-12-19T05:04:00,,,,0,,,,,,,,,,,,,,,,,,,
2020-12-19 07:00:00,1020.9,14.8,99,0.3,214.0,3.0,207.0,0.5,,,,,2020-12-19T06:55:00,,,,0,,,,,,,,,,,,,,,,,,,
2020-12-19 08:00:00,1021.7,14.9,99,0.0,0.0,2.7,122.0,0.5,,,,,2020-12-19T07:02:00,,,,0,,,,,,,,,,,,,,,,,,,
2020-12-19 09:00:00,1022.3,15.1,99,0.6,334.0,2.7,316.0,1.5,,,,,2020-12-19T08:58:00,,,,0,,,,,,,,,,,,,,,,,,,
2020-12-19 10:00:00,1022.1,15.1,98,0.0,0.0,2.4,226.0,0.5,,,,,2020-12-19T09:21:00,,,,0,,,,,,,,,,,,,,,,,,,
2020-12-19 11:00:00,1021.7,15.2,97,0.2,0.0,2.4,207.0,0.5,,,,,2020-12-19T10:58:00,,,,0,,,,,,,,,,,,,,,,,,,
2020-12-19 12:00:00,1020.9,15.0,97,0.0,0.0,2.7,317.0,1.0,,,,,2020-12-19T11:49:00,,,,0,,,,,,,,,,,,,,,,,,,
2020-12-19 13:00:00,1020.2,14.9,97,0.4,259.0,2.2,17.0,1.0,,,,,2020-12-19T12:29:00,,,,0,,,,,,,,,,,,,,,,,,,
2020-12-19 14:00:00,1019.5,14.9,97,0.0,0.0,3.0,300.0,0.5,,,,,2020-12-19T13:03:00,,,,0,,,,,,,,,,,,,,,,,,,
2020-12-19 15:00:00,1019.3,14.9,98,0.0,0.0,1.9,212.0,1.0,,,,,2020-12-19T14:40:00,,,,0,,,,,,,,,,,,,,,,,,,
2020-12-19 16:00:00,1019.9,14.7,98,0.0,0.0,1.9,340.0,1.5,,,,,2020-12-19T15:32:00,,,,0,,,,,,,,,,,,,,,,,,,
2020-12-19 17:00:00,1020.5,14.5,98,0.1,0.0,2.4,233.0,3.0,,,,,2020-12-19T16:08:00,,,,0,,,,,,,,,,,,,,,,,,,
2020-12-19 18:00:00,1021.2,14.3,98,0.2,0.0,3.3,202.0,3.5,,,,,2020-12-19T17:34:00,,,,0,,,,,,,,,,,,,,,,,,,
2020-12-19 19:00:00,1021.6,14.2,99,0.1,0.0,2.2,153.0,3.0,,,,,2020-12-19T18:53:00,,,,0,,,,,,,,,,,,,,,,,,,
2020-12-19 20:00:00,1021.8,14.1,99,0.0,0.0,2.7,136.0,0.0,,,,,2020-12-19T19:04:00,,,,0,,,,,,,,,,,,,,,,,,,
2020-12-19 21:00:00,1022.0,14.2,99,0.0,0.0,2.4,251.0,2.5,,,,,2020-12-19T20:08:00,,,,0,,,,,,,,,,,,,,,,,,,
2020-12-19 22:00:00,1021.8,14.2,99,0.2,0.0,2.4,242.0,1.0,,,,,2020-12-19T21:56:00,,,,0,,,,,,,,,,,,,,,,,,,
2020-12-19 23:00:00,1021.2,14.1,99,0.1,0.0,1.9,333.0,3.0,,,,,2020-12-19T22:21:00,,,,0,,,,,,,,,,,,,,,,,,,
2020-12-20 00:00:00,1020.9,14.0,99,0.2,0.0,1.9,266.0,3.0,,,,,2020-12-19T23:32:00,,,,0,,,,,,,,,,,,,,,,,,,
2020-12-20 01:00:00,1020.8,14.0,99,0.5,261.0,2.4,266.0,1.5,,,,,2020-12-20T00:59:00,,,,0,,,,,,,,,,,,,,,,,,,
2020-12-20 02:00:00,1020.4,14.3,99,0.0,0.0,3.3,334.0,0.0,,,,,2020-12-20T01:02:00,,,,0,,,,,,,,,,,,,,,,,,,
2020-12-20 03:00:00,1020.2,14.8,99,0.1,0.0,5.5,148.0,2.5,,,,,2020-12-20T02:36:00,,,,0,,,,,,,,,,,,,,,,,,,
2020-12-20 04:00:00,1020.4,14.6,99,0.1,0.0,4.1,131.0,0.0,,,,,2020-12-20T03:20:00,,,,0,,,,,,,,,,,,,,,,,,,
2020-12-20 05:00:00,1020.6,14.8,99,0.0,0.0,2.2,193.0,1.0,,,,,2020-12-20T04:49:00,,,,0,,,,,,,,,,,,,,,,,,,
2020-12-20 06:00:00,1021.1,14.5,99,0.0,0.0,2.7,171.0,2.5,,,,,2020-12-20T05:03:00,,,,0,,,,,,,,,,,,,,,,,,,
2020-12-20 07:00:00,1021.9,14.3,99,0.0,0.0,2.4,159.0,2.5,,,,,2020-12-20T06:54:00,,,,0,,,,,,,,,,,,,,,,,,,
2020-12-20 08:00:00,1022.5,14.4,99,0.0,0.0,2.7,206.0,3.5,,,,,2020-12-20T07:43:00,,,,0,,,,,,,,,,,,,,,,,,,
2020-12-20 09:00:00,1022.9,14.4,99,0.2,0.0,2.4,224.0,3.5,,,,,2020-12-20T08:29:00,,,,0,,,,,,,,,,,,,,,,,,,
2020-12-20 10:00:00,1022.8,14.5,99,0.6,175.0,3.0,91.0,2.5,,,,,2020-12-20T09:24:00,,,,0,,,,,,,,,,,,,,,,,,,
2020-12-20 11:00:00,1022.3,14.6,99,0.1,0.0,2.4,182.0,2.5,,,,,2020-12-20T10:15:00,,,,0,,,,,,,,,,,,,,,,,,,
2020-12-20 12:00:00,1021.4,14.5,99,0.0,0.0,1.9,199.0,1.5,,,,,2020-12-20T11:11:00,,,,0,,,,,,,,,,,,,,,,,,,
2020-12-20 13:00:00,1020.4,14.7,99,0.1,0.0,2.2,208.0,0.5,,,,,2020-12-20T12:07:00,,,,0,,,,,,,,,,,,,,,,,,,
2020-12-20 14:00:00,1020.0,14.7,98,0.0,0.0,2.4,175.0,1.0,,,,,2020-12-20T13:25:00,,,,0,,,,,,,,,,,,,,,,,,,
2020-12-20 15:00:00,1019.9,14.6,98,0.0,0.0,1.9,194.0,0.5,,,,,2020-12-20T14:10:00,,,,0,,,,,,,,,,,,,,,,,,,
2020-12-20 16:00:00,1020.2,14.5,99,0.2,0.0,2.4,80.0,2.0,,,,,2020-12-20T15:50:00,,,,0,,,,,,,,,,,,,,,,,,,
2020-12-20 17:00:00,1020.9,14.3,99,0.0,0.0,3.0,338.0,1.0,,,,,2020-12-20T16:04:00,,,,0,,,,,,,,,,,,,,,,,,,
2020-12-20 18:00:00,1021.2,14.2,99,0.2,0.0,2.7,137.0,1.5,,,,,2020-12-20T17:46:00,,,,0,,,,,,,,,,,,,,,,,,,
2020-12-20 19:00:00,1021.9,14.1,98,0.2,0.0,2.4,199.0,3.5,,,,,2020-12-20T18:24:00,,,,0,,,,,,,,,,,,,,,,,,,
2020-12-20 20:00:00,1022.0,14.0,98,0.1,0.0,2.7,104.0,2.5,,,,,2020-12-20T19:03:00,,,,0,,,,,,,,,,,,,,,,,,,
2020-12-20 21:00:00,1022.2,14.0,98,0.0,0.0,2.2,83.0,2.5,,,,,2020-12-20T20:01:00,,,,0,,,,,,,,,,,,,,,,,,,
2020-12-20 22:00:00,1021.9,13.8,98,0.0,0.0,2.2,200.0,2.0,,,,,2020-12-20T21:21:00,,,,0,,,,,,,,,,,,,,,,,,,
2020-12-20 23:00:00,1021.5,13.9,98,0.2,0.0,2.7,87.0,6.0,,,,,2020-12-20T22:10:00,,,,0,,,,,,,,,,,,,,,,,,,
2020-12-21 00:00:00,1021.0,13.8,98,0.0,0.0,2.4,183.0,5.5,,,,,2020-12-20T23:19:00,,,,0,,,,,,,,,,,,,,,,,,,
2020-12-21 01:00:00,1020.7,13.9,98,0.0,0.0,1.3,91.0,1.5,,,,,2020-12-21T00:09:00,,,,0,,,,,,,,,,,,,,,,,,,
2020-12-21 02:00:00,1020.5,13.9,98,0.0,0.0,1.9,204.0,3.0,,,,,2020-12-21T01:38:00,,,,0,,,,,,,,,,,,,,,,,,,
2020-12-21 03:00:00,1020.3,13.9,98,0.2,0.0,4.9,187.0,4.0,,,,,2020-12-21T02:41:00,,,,0,,,,,,,,,,,,,,,,,,,
2020-12-21 04:00:00,1020.0,13.6,98,0.2,0.0,2.4,145.0,3.0,,,,,2020-12-21T03:59:00,,,,0,,,,,,,,,,,,,,,,,,,
2020-12-21 05:00:00,1019.9,13.6,99,0.1,0.0,1.9,168.0,3.0,,,,,2020-12-21T04:11:00,,,,0,,,,,,,,,,,,,,,,,,,
2020-12-21 06:00:00,1020.5,13.2,99,0.0,0.0,2.2,188.0,2.5,,,,,2020-12-21T05:39:00,,,,0,,,,,,,,,,,,,,,,,,,
2020-12-21 07:00:00,1020.9,13.2,99,0.1,0.0,2.2,192.0,1.0,,,,,2020-12-21T06:10:00,,,,0,,,,,,,,,,,,,,,,,,,
2020-12-21 08:00:00,1021.5,13.4,99,0.0,0.0,1.6,222.0,2.5,,,,,2020-12-21T07:01:00,,,,0,,,,,,,,,,,,,,,,,,,
2020-12-21 09:00:00,1021.8,14.0,99,0.0,0.0,0.8,278.0,2.0,,,,,2020-12-21T08:02:00,,,,0,,,,,,,,,,,,,,,,,,,
2020-12-21 10:00:00,1021.6,13.9,99,0.0,0.0,1.3,207.0,2.0,,,,,2020-12-21T09:46:00,,,,0,,,,,,,,,,,,,,,,,,,
2020-12-21 11:00:00,1021.2,14.2,99,0.1,0.0,1.3,292.0,1.0,,,,,2020-12-21T10:57:00,,,,0,,,,,,,,,,,,,,,,,,,
2020-12-21 12:00:00,1020.3,14.1,99,0.1,0.0,1.6,193.0,1.0,,,,,2020-12-21T11:57:00,,,,0,,,,,,,,,,,,,,,,,,,
2020-12-21 13:00:00,1019.2,14.0,99,0.0,0.0,1.3,246.0,0.5,,,,,2020-12-21T12:39:00,,,,0,,,,,,,,,,,,,,,,,,,
2020-12-21 14:00:00,1018.5,14.2,99,0.0,0.0,1.9,268.0,1.5,,,,,2020-12-21T13:06:00,,,,0,,,,,,,,,,,,,,,,,,,
2020-12-21 15:00:00,1017.9,14.4,99,0.0,0.0,0.8,313.0,1.0,,,,,2020-12-21T14:28:00,,,,0,,,,,,,,,,,,,,,,,,,
2020-12-21 16:00:00,1018.4,14.4,99,0.0,0.0,0.8,267.0,0.5,,,,,2020-12-21T15:06:00,,,,0,,,,,,,,,,,,,,,,,,,
2020-12-21 17:00:00,1018.4,14.4,99,0.0,0.0,0.8,250.0,1.0,,,,,2020-12-21T16:04:00,,,,0,,,,,,,,,,,,,,,,,,,
2020-12-21 18:00:00,1018.7,14.7,99,0.0,0.0,1.3,188.0,2.0,,,,,2020-12-21T17:13:00,,,,0,,,,,,,,,,,,,,,,,,,
2020-12-21 19:00:00,1019.3,14.8,99,0.1,0.0,1.9,208.0,3.5,,,,,2020-12-21T18:46:00,,,,0,,,,,,,,,,,,,,,,,,,
2020-12-21 20:00:00,1019.3,14.8,99,0.2,0.0,2.4,205.0,3.5,,,,,2020-12-21T19:08:00,,,,0,,,,,,,,,,,,,,,,,,,
2020-12-21 21:00:00,1019.4,14.9,99,0.3,196.0,2.4,198.0,4.5,,,,,2020-12-21T20:02:00,,,,0,,,,,,,,,,,,,,,,,,,
2020-12-21 22:00:00,1019.3,14.7,99,0.0,0.0,2.4,90.0,6.0,,,,,2020-12-21T21:51:00,,,,0,,,,,,,,,,,,,,,,,,,
2020-12-21 23:00:00,1018.7,14.9,99,0.0,0.0,2.4,180.0,4.5,,,,,2020-12-21T22:38:00,,,,0,,,,,,,,,,,,,,,,,,,
2020-12-22 00:00:00,1018.7,15.1,99,0.0,0.0,1.9,216.0,4.5,,,,,2020-12-21T23:05:00,,,,0,,,,,,,,,,,,,,,,,,,
2020-12-22 01:00:00,1018.9,15.0,100,0.3,195.0,3.0,170.0,4.5,,,,,2020-12-22T00:18:00,,,,0,,,,,,,,,,,,,,,,,,,
2020-12-22 02:00:00,1018.5,14.8,100,0.2,0.0,2.4,194.0,2.0,,,,,2020-12-22T01:36:00,,,,0,,,,,,,,,,,,,,,,,,,
2020-12-22 03:00:00,1018.2,14.9,100,0.0,0.0,2.2,202.0,2.0,,,,,2020-12-22T02:39:00,,,,0,,,,,,,,,,,,,,,,,,,
2020-12-22 04:00:00,1017.8,15.1,100,0.0,0.0,1.9,171.0,2.5,,,,,2020-12-22T03:28:00,,,,0,,,,,,,,,,,,,,,,,,,
2020-12-22 05:00:00,1017.9,15.1,100,0.0,0.0,1.9,196.0,1.5,,,,,2020-12-22T04:19:00,,,,0,,,,,,,,,,,,,,,,,,,
2020-12-22 06:00:00,1018.1,15.2,99,0.0,0.0,1.3,193.0,1.5,,,,,2020-12-22T05:29:00,,,,0,,,,,,,,,,,,,,,,,,,
2020-12-22 07:00:00,1018.3,15.3,99,0.0,0.0,1.3,183.0,1.0,,,,,2020-12-22T06:19:00,,,,0,,,,,,,,,,,,,,,,,,,
2020-12-22 08:00:00,1018.8,15.6,100,0.0,0.0,1.3,335.0,4.0,,,,,2020-12-22T07:05:00,,,,0,,,,,,,,,,,,,,,,,,,
2020-12-22 09:00:00,1019.1,15.7,99,0.0,0.0,1.3,352.0,2.5,,,,,2020-12-22T08:25:00,,,,0,,,,,,,,,,,,,,,,,,,
2020-12-22 10:00:00,1018.6,16.3,99,0.0,0.0,1.9,186.0,5.0,,,,,2020-12-22T09:05:00,,,,0,,,,,,,,,,,,,,,,,,,
2020-12-22 11:00:00,1017.5,16.6,99,0.0,0.0,0.0,0.0,4.0,,,,,2020-12-22T10:05:00,,,,0,,,,,,,,,,,,,,,,,,,
2020-12-22 12:00:00,1016.0,17.3,99,0.0,0.0,1.1,197.0,2.5,,,,,2020-12-22T11:34:00,,,,0,,,,,,,,,,,,,,,,,,,
2020-12-22 13:00:00,1014.9,17.1,99,0.0,0.0,1.9,113.0,2.5,,,,,2020-12-22T12:32:00,,,,0,,,,,,,,,,,,,,,,,,,
2020-12-22 14:00:00,1014.3,17.4,99,0.0,0.0,3.0,173.0,4.5,,,,,2020-12-22T13:32:00,,,,0,,,,,,,,,,,,,,,,,,,
2020-12-22 15:00:00,1013.9,17.5,99,0.0,0.0,1.9,189.0,10.5,,,,,2020-12-22T14:26:00,,,,0,,,,,,,,,,,,,,,,,,,
2020-12-22 16:00:00,1013.9,17.8,99,0.0,0.0,3.3,154.0,8.0,,,,,2020-12-22T15:14:00,,,,0,,,,,,,,,,,,,,,,,,,
2020-12-22 17:00:00,1014.1,17.9,99,0.0,0.0,2.4,79.0,2.5,,,,,2020-12-22T16:27:00,,,,0,,,,,,,,,,,,,,,,,,,
2020-12-22 18:00:00,1015.1,18.0,99,0.0,0.0,2.2,89.0,6.0,,,,,2020-12-22T17:23:00,,,,0,,,,,,,,,,,,,,,,,,,
2020-12-22 19:00:00,1015.3,18.2,99,0.0,0.0,1.3,196.0,0.5,,,,,2020-12-22T18:53:00,,,,0,,,,,,,,,,,,,,,,,,,
2020-12-22 20:00:00,1015.5,18.3,99,0.0,0.0,1.3,195.0,1.0,,,,,2020-12-22T19:24:00,,,,0,,,,,,,,,,,,,,,,,,,
2020-12-22 21:00:00,1015.5,18.3,99,0.0,0.0,2.4,180.0,2.5,,,,,2020-12-22T20:18:00,,,,0,,,,,,,,,,,,,,,,,,,
2020-12-22 22:00:00,1015.0,17.9,99,0.0,0.0,1.1,156.0,0.5,,,,,2020-12-22T21:07:00,,,,0,,,,,,,,,,,,,,,,,,,
2020-12-22 23:00:00,1015.5,17.8,99,0.0,0.0,1.3,13.0,1.5,,,,,2020-12-22T22:24:00,,,,0,,,,,,,,,,,,,,,,,,,
2020-12-23 00:00:00,1015.0,17.7,99,0.0,0.0,0.8,257.0,3.0,,,,,2020-12-22T23:11:00,,,,0,,,,,,,,,,,,,,,,,,,
2020-12-23 01:00:00,1014.5,17.4,99,0.0,0.0,1.3,260.0,0.0,,,,,2020-12-23T00:29:00,,,,0,,,,,,,,,,,,,,,,,,,
2020-12-23 02:00:00,1014.0,17.4,99,0.0,0.0,1.1,90.0,0.5,,,,,2020-12-23T02:00:00,,,,0,,,,,,,,,,,,,,,,,,,
2020-12-23 03:00:00,1014.2,17.5,99,0.0,0.0,2.7,60.0,0.5,,,,,2020-12-23T02:18:00,,,,0,,,,,,,,,,,,,,,,,,,
2020-12-23 04:00:00,1013.5,17.3,99,0.0,0.0,1.3,328.0,3.5,,,,,2020-12-23T03:43:00,,,,0,,,,,,,,,,,,,,,,,,,
2020-12-23 05:00:00,1013.2,17.3,99,0.0,0.0,1.6,323.0,2.0,,,,,2020-12-23T04:49:00,,,,0,,,,,,,,,,,,,,,,,,,
2020-12-23 06:00:00,1013.4,17.6,99,0.4,162.0,4.1,164.0,1.0,,,,,2020-12-23T05:56:00,,,,0,,,,,,,,,,,,,,,,,,,
2020-12-23 07:00:00,1013.3,17.4,99,0.0,0.0,1.6,355.0,1.0,,,,,2020-12-23T06:11:00,,,,0,,,,,,,,,,,,,,,,,,,
2020-12-23 08:00:00,1014.3,17.6,99,0.0,0.0,1.6,327.0,2.0,,,,,2020-12-23T07:41:00,,,,0,,,,,,,,,,,,,,,,,,,
2020-12-23 09:00:00,1014.1,17.7,99,0.1,0.0,2.2,172.0,5.0,,,,,2020-12-23T08:47:00,,,,0,,,,,,,,,,,,,,,,,,,
2020-12-23 10:00:00,1013.6,18.3,99,0.0,0.0,1.9,336.0,1.5,,,,,2020-12-23T09:35:00,,,,0,,,,,,,,,,,,,,,,,,,
2020-12-23 11:00:00,1013.2,18.5,98,0.0,0.0,0.0,0.0,0.0,,,,,2020-12-23T10:05:00,,,,0,,,,,,,,,,,,,,,,,,,
2020-12-23 12:00:00,1012.5,18.2,99,0.0,0.0,0.8,323.0,1.0,,,,,2020-12-23T11:30:00,,,,0,,,,,,,,,,,,,,,,,,,
2020-12-23 13:00:00,1011.7,18.4,99,0.0,0.0,1.3,221.0,3.5,,,,,2020-12-23T12:31:00,,,,0,,,,,,,,,,,,,,,,,,,
2020-12-23 14:00:00,1011.0,18.6,99,0.0,0.0,0.0,0.0,3.5,,,,,2020-12-23T13:05:00,,,,0,,,,,,,,,,,,,,,,,,,
2020-12-23 15:00:00,1009.9,18.5,99,0.0,0.0,0.8,150.0,0.5,,,,,2020-12-23T14:24:00,,,,0,,,,,,,,,,,,,,,,,,,
2020-12-23 16:00:00,1010.1,18.6,99,0.0,0.0,1.3,331.0,0.0,,,,,2020-12-23T16:00:00,,,,0,,,,,,,,,,,,,,,,,,,
2020-12-23 17:00:00,1010.6,18.6,99,0.0,0.0,1.1,290.0,0.0,,,,,2020-12-23T16:01:00,,,,0,,,,,,,,,,,,,,,,,,,
2020-12-23 18:00:00,1010.6,18.4,99,0.0,0.0,0.0,0.0,1.0,,,,,2020-12-23T17:05:00,,,,0,,,,,,,,,,,,,,,,,,,
2020-12-23 19:00:00,1010.9,18.2,99,0.0,0.0,1.1,294.0,0.5,,,,,2020-12-23T18:38:00,,,,0,,,,,,,,,,,,,,,,,,,
2020-12-23 20:00:00,1011.0,18.2,99,0.0,0.0,1.3,271.0,0.0,,,,,2020-12-23T19:29:00,,,,0,,,,,,,,,,,,,,,,,,,
2020-12-23 21:00:00,1011.0,18.2,99,0.0,0.0,1.3,287.0,0.0,,,,,2020-12-23T20:03:00,,,,0,,,,,,,,,,,,,,,,,,,
2020-12-23 22:00:00,1010.9,18.1,99,0.0,0.0,1.3,297.0,0.0,,,,,2020-12-23T21:06:00,,,,0,,,,,,,,,,,,,,,,,,,
2020-12-23 23:00:00,1010.8,18.1,99,0.0,0.0,1.3,350.0,0.5,,,,,2020-12-23T22:48:00,,,,0,,,,,,,,,,,,,,,,,,,
2020-12-24 00:00:00,1010.4,17.8,99,0.1,0.0,2.2,319.0,1.0,,,,,2020-12-23T23:03:00,,,,0,,,,,,,,,,,,,,,,,,,
2020-12-24 01:00:00,1010.1,17.8,99,0.2,0.0,1.9,10.0,0.0,,,,,2020-12-24T00:50:00,,,,0,,,,,,,,,,,,,,,,,,,
2020-12-24 02:00:00,1009.7,17.8,99,0.1,0.0,2.7,330.0,0.5,,,,,2020-12-24T01:07:00,,,,0,,,,,,,,,,,,,,,,,,,
2020-12-24 03:00:00,1009.7,17.7,99,0.0,0.0,3.8,338.0,0.5,,,,,2020-12-24T02:36:00,,,,0,,,,,,,,,,,,,,,,,,,
2020-12-24 04:00:00,1010.0,17.6,99,0.5,291.0,3.8,349.0,0.0,,,,,2020-12-24T03:49:00,,,,0,,,,,,,,,,,,,,,,,,,
2020-12-24 05:00:00,1010.3,17.6,99,0.2,0.0,3.0,310.0,0.5,,,,,2020-12-24T04:18:00,,,,0,,,,,,,,,,,,,,,,,,,
2020-12-24 06:00:00,1010.6,17.6,99,0.2,0.0,3.0,318.0,0.0,,,,,2020-12-24T05:09:00,,,,0,,,,,,,,,,,,,,,,,,,
2020-12-24 07:00:00,1011.4,17.7,98,0.3,290.0,3.5,348.0,0.5,,,,,2020-12-24T06:17:00,,,,0,,,,,,,,,,,,,,,,,,,
2020-12-24 08:00:00,1012.0,18.1,97,0.9,330.0,4.9,328.0,0.5,,,,,2020-12-24T07:58:00,,,,0,,,,,,,,,,,,,,,,,,,
2020-12-24 09:00:00,1012.6,18.1,97,0.0,0.0,3.5,342.0,1.0,,,,,2020-12-24T08:49:00,,,,0,,,,,,,,,,,,,,,,,,,
2020-12-24 10:00:00,1012.7,18.1,96,0.7,336.0,4.9,330.0,0.5,,,,,2020-12-24T09:22:00,,,,0,,,,,,,,,,,,,,,,,,,
2020-12-24 11:00:00,1012.3,17.7,97,0.0,0.0,2.4,315.0,0.5,,,,,2020-12-24T10:02:00,,,,0,,,,,,,,,,,,,,,,,,,
2020-12-24 12:00:00,1011.6,17.4,96,0.0,0.0,2.2,336.0,0.0,,,,,2020-12-24T11:12:00,,,,0,,,,,,,,,,,,,,,,,,,
2020-12-24 13:00:00,1011.2,17.0,96,0.6,335.0,2.7,315.0,0.5,,,,,2020-12-24T12:36:00,,,,0,,,,,,,,,,,,,,,,,,,
2020-12-24 14:00:00,1010.9,16.6,95,0.1,0.0,3.8,323.0,0.0,,,,,2020-12-24T13:30:00,,,,0,,,,,,,,,,,,,,,,,,,
2020-12-24 15:00:00,1011.1,16.3,96,0.0,0.0,2.2,18.0,0.0,,,,,2020-12-24T14:13:00,,,,0,,,,,,,,,,,,,,,,,,,
2020-12-24 16:00:00,1011.6,16.1,97,0.0,0.0,1.3,316.0,0.5,,,,,2020-12-24T15:08:00,,,,0,,,,,,,,,,,,,,,,,,,
2020-12-24 17:00:00,1012.3,15.8,97,0.9,333.0,2.7,342.0,0.0,,,,,2020-12-24T16:55:00,,,,0,,,,,,,,,,,,,,,,,,,
2020-12-24 18:00:00,1013.2,15.8,97,0.1,0.0,2.4,332.0,0.0,,,,,2020-12-24T17:04:00,,,,0,,,,,,,,,,,,,,,,,,,
2020-12-24 19:00:00,1014.1,15.4,95,0.3,327.0,2.4,9.0,0.5,,,,,2020-12-24T18:34:00,,,,0,,,,,,,,,,,,,,,,,,,
2020-12-24 20:00:00,1014.6,15.3,96,0.0,0.0,3.3,348.0,0.0,,,,,2020-12-24T19:04:00,,,,0,,,,,,,,,,,,,,,,,,,
2020-12-24 21:00:00,1015.0,15.2,97,0.0,0.0,2.4,352.0,0.5,,,,,2020-12-24T20:09:00,,,,0,,,,,,,,,,,,,,,,,,,
2020-12-24 22:00:00,1014.9,15.1,98,0.3,257.0,1.9,232.0,0.0,,,,,2020-12-24T21:28:00,,,,0,,,,,,,,,,,,,,,,,,,
2020-12-24 23:00:00,1014.6,15.1,99,0.2,0.0,2.4,254.0,0.5,,,,,2020-12-24T22:37:00,,,,0,,,,,,,,,,,,,,,,,,,
2020-12-25 00:00:00,1014.7,15.2,99,0.0,0.0,1.9,320.0,0.5,,,,,2020-12-24T23:12:00,,,,0,,,,,,,,,,,,,,,,,,,
2020-12-25 01:00:00,1014.6,15.2,99,0.0,0.0,2.4,274.0,0.5,,,,,2020-12-25T00:42:00,,,,0,,,,,,,,,,,,,,,,,,,
2020-12-25 02:00:00,1014.4,15.2,99,0.2,0.0,2.7,265.0,2.0,,,,,2020-12-25T01:21:00,,,,0,,,,,,,,,,,,,,,,,,,
2020-12-25 03:00:00,1014.5,15.3,99,0.0,0.0,1.9,227.0,2.5,,,,,2020-12-25T02:06:00,,,,0,,,,,,,,,,,,,,,,,,,
2020-12-25 04:00:00,1014.8,15.4,99,0.0,0.0,1.9,256.0,4.5,,,,,2020-12-25T03:26:00,,,,0,,,,,,,,,,,,,,,,,,,
2020-12-25 05:00:00,1015.3,15.3,99,0.0,0.0,1.1,328.0,2.5,,,,,2020-12-25T04:18:00,,,,0,,,,,,,,,,,,,,,,,,,
2020-12-25 06:00:00,1016.1,15.1,99,0.1,0.0,1.9,182.0,2.5,,,,,2020-12-25T05:20:00,,,,0,,,,,,,,,,,,,,,,,,,
2020-12-25 07:00:00,1016.8,14.7,99,0.0,0.0,2.2,147.0,2.0,,,,,2020-12-25T06:07:00,,,,0,,,,,,,,,,,,,,,,,,,
2020-12-25 08:00:00,1017.5,14.6,99,0.0,0.0,2.2,179.0,0.5,,,,,2020-12-25T07:26:00,,,,0,,,,,,,,,,,,,,,,,,,
2020-12-25 09:00:00,1017.8,14.7,99,0.0,0.0,1.3,13.0,0.5,,,,,2020-12-25T08:19:00,,,,0,,,,,,,,,,,,,,,,,,,
2020-12-25 10:00:00,1017.7,14.8,99,0.0,0.0,1.3,344.0,0.5,,,,,2020-12-25T09:37:00,,,,0,,,,,,,,,,,,,,,,,,,
2020-12-25 11:00:00,1017.2,14.7,99,0.0,0.0,0.8,249.0,0.0,,,,,2020-12-25T10:02:00,,,,0,,,,,,,,,,,,,,,,,,,
2020-12-25 12:00:00,1016.4,14.9,99,0.0,0.0,1.9,343.0,0.0,,,,,2020-12-25T11:01:00,,,,0,,,,,,,,,,,,,,,,,,,
2020-12-25 13:00:00,1015.7,14.7,99,0.0,0.0,1.3,268.0,0.0,,,,,2020-12-25T12:01:00,,,,0,,,,,,,,,,,,,,,,,,,
2020-12-25 14:00:00,1015.2,14.7,99,0.0,0.0,1.3,259.0,0.5,,,,,2020-12-25T13:31:00,,,,0,,,,,,,,,,,,,,,,,,,
2020-12-25 15:00:00,1015.3,14.8,98,0.1,0.0,2.4,179.0,0.0,,,,,2020-12-25T14:58:00,,,,0,,,,,,,,,,,,,,,,,,,
2020-12-25 16:00:00,1015.4,14.6,98,0.0,0.0,1.3,190.0,0.0,,,,,2020-12-25T15:13:00,,,,0,,,,,,,,,,,,,,,,,,,
2020-12-25 17:00:00,1015.9,14.4,99,0.0,0.0,1.9,249.0,0.0,,,,,2020-12-25T16:19:00,,,,0,,,,,,,,,,,,,,,,,,,
2020-12-25 18:00:00,1016.5,14.4,99,0.2,0.0,2.4,244.0,0.0,,,,,2020-12-25T17:11:00,,,,0,,,,,,,,,,,,,,,,,,,
2020-12-25 19:00:00,1016.9,14.3,99,0.0,0.0,1.9,263.0,0.5,,,,,2020-12-25T18:46:00,,,,0,,,,,,,,,,,,,,,,,,,
2020-12-25 20:00:00,1017.3,14.3,99,0.1,0.0,1.9,254.0,0.0,,,,,2020-12-25T19:38:00,,,,0,,,,,,,,,,,,,,,,,,,
2020-12-25 21:00:00,1017.3,14.4,99,0.0,0.0,2.2,239.0,0.0,,,,,2020-12-25T20:11:00,,,,0,,,,,,,,,,,,,,,,,,,
2020-12-25 22:00:00,1017.1,14.5,99,0.0,0.0,1.3,260.0,1.5,,,,,2020-12-25T21:55:00,,,,0,,,,,,,,,,,,,,,,,,,
2020-12-25 23:00:00,1016.8,14.7,99,0.0,0.0,1.9,253.0,2.5,,,,,2020-12-25T22:06:00,,,,0,,,,,,,,,,,,,,,,,,,
2020-12-26 00:00:00,1016.5,14.7,99,0.0,0.0,1.3,311.0,1.0,,,,,2020-12-25T23:52:00,,,,0,,,,,,,,,,,,,,,,,,,
2020-12-26 01:00:00,1016.3,14.9,99,0.0,0.0,1.3,12.0,1.5,,,,,2020-12-26T00:45:00,,,,0,,,,,,,,,,,,,,,,,,,
2020-12-26 02:00:00,1016.0,15.0,99,0.0,0.0,1.3,327.0,1.5,,,,,2020-12-26T01:07:00,,,,0,,,,,,,,,,,,,,,,,,,
2020-12-26 03:00:00,1015.6,15.2,99,0.0,0.0,1.3,256.0,0.0,,,,,2020-12-26T02:08:00,,,,0,,,,,,,,,,,,,,,,,,,
2020-12-26 04:00:00,1015.2,15.3,99,0.0,0.0,1.3,343.0,1.5,,,,,2020-12-26T03:04:00,,,,0,,,,,,,,,,,,,,,,,,,
2020-12-26 05:00:00,1015.1,15.2,99,0.0,0.0,0.0,0.0,0.0,,,,,2020-12-26T04:05:00,,,,0,,,,,,,,,,,,,,,,,,,
2020-12-26 06:00:00,1015.5,15.1,99,0.0,0.0,0.0,0.0,0.0,,,,,2020-12-26T05:05:00,,,,0,,,,,,,,,,,,,,,,,,,
2020-12-26 07:00:00,1016.0,14.9,100,0.0,0.0,0.0,0.0,0.0,,,,,2020-12-26T06:05:00,,,,0,,,,,,,,,,,,,,,,,,,
2020-12-26 08:00:00,1016.2,15.1,100,0.0,0.0,0.8,138.0,0.5,,,,,2020-12-26T07:42:00,,,,0,,,,,,,,,,,,,,,,,,,
2020-12-26 09:00:00,1016.6,16.1,100,0.0,0.0,1.3,332.0,0.0,,,,,2020-12-26T08:51:00,,,,0,,,,,,,,,,,,,,,,,,,
2020-12-26 10:00:00,1016.4,17.5,99,0.0,0.0,0.0,0.0,0.0,,,,,2020-12-26T09:05:00,,,,0,,,,,,,,,,,,,,,,,,,
2020-12-26 11:00:00,1015.4,19.1,98,0.0,0.0,0.8,242.0,0.0,,,,,2020-12-26T10:33:00,,,,0,,,,,,,,,,,,,,,,,,,
2020-12-26 12:00:00,1013.9,21.3,86,0.0,0.0,1.3,169.0,0.0,,,,,2020-12-26T11:15:00,,,,0,,,,,,,,,,,,,,,,,,,
2020-12-26 13:00:00,1012.8,20.6,86,0.0,0.0,3.0,142.0,0.0,,,,,2020-12-26T12:38:00,,,,0,,,,,,,,,,,,,,,,,,,
2020-12-26 14:00:00,1012.2,21.0,85,0.3,188.0,1.9,210.0,0.0,,,,,2020-12-26T13:58:00,,,,0,,,,,,,,,,,,,,,,,,,
2020-12-26 15:00:00,1011.6,21.2,84,0.0,0.0,1.9,170.0,0.0,,,,,2020-12-26T14:06:00,,,,0,,,,,,,,,,,,,,,,,,,
2020-12-26 16:00:00,1011.5,20.1,88,0.2,0.0,1.6,167.0,0.0,,,,,2020-12-26T15:56:00,,,,0,,,,,,,,,,,,,,,,,,,
2020-12-26 17:00:00,1011.9,19.1,94,0.0,0.0,0.8,167.0,0.0,,,,,2020-12-26T16:01:00,,,,0,,,,,,,,,,,,,,,,,,,
2020-12-26 18:00:00,-9999.7,-99.7,-9997,-99.7,-999.7,0.8,248.0,0.0,,,,,2020-12-26T17:18:00,,,,0,,,,,,,,,,,,,,,,,,,
2020-12-26 19:00:00,1013.0,16.6,97,0.0,0.0,0.0,0.0,0.0,,,,,2020-12-26T18:05:00,,,,0,,,,,,,,,,,,,,,,,,,
2020-12-26 20:00:00,1013.2,16.2,98,0.0,0.0,1.1,319.0,0.0,,,,,2020-12-26T19:55:00,,,,0,,,,,,,,,,,,,,,,,,,
2020-12-26 21:00:00,1013.5,15.6,98,0.2,0.0,1.9,355.0,0.0,,,,,2020-12-26T20:59:00,,,,0,,,,,,,,,,,,,,,,,,,
2020-12-26 22:00:00,1013.5,15.1,98,0.0,0.0,1.1,351.0,0.0,,,,,2020-12-26T21:04:00,,,,0,,,,,,,,,,,,,,,,,,,
2020-12-26 23:00:00,1013.1,14.8,98,0.0,0.0,0.0,0.0,0.0,,,,,2020-12-26T22:05:00,,,,0,,,,,,,,,,,,,,,,,,,
2020-12-27 00:00:00,1013.1,14.6,99,0.0,0.0,2.4,340.0,0.0,,,,,2020-12-26T23:27:00,,,,0,,,,,,,,,,,,,,,,,,,
2020-12-27 01:00:00,1012.9,14.3,99,0.1,0.0,1.3,317.0,0.0,,,,,2020-12-27T00:56:00,,,,0,,,,,,,,,,,,,,,,,,,
2020-12-27 02:00:00,1012.6,13.8,99,0.0,0.0,0.8,352.0,0.0,,,,,2020-12-27T01:12:00,,,,0,,,,,,,,,,,,,,,,,,,
2020-12-27 03:00:00,1012.0,14.1,99,0.0,0.0,1.3,8.0,0.0,,,,,2020-12-27T02:20:00,,,,0,,,,,,,,,,,,,,,,,,,
2020-12-27 04:00:00,1011.9,13.8,99,0.0,0.0,0.0,0.0,0.0,,,,,2020-12-27T03:05:00,,,,0,,,,,,,,,,,,,,,,,,,
2020-12-27 05:00:00,1012.1,14.0,99,0.4,9.0,1.9,335.0,0.0,,,,,2020-12-27T04:45:00,,,,0,,,,,,,,,,,,,,,,,,,
2020-12-27 06:00:00,1012.4,13.7,99,0.0,0.0,0.8,31.0,0.0,,,,,2020-12-27T05:01:00,,,,0,,,,,,,,,,,,,,,,,,,
2020-12-27 07:00:00,1012.5,13.3,99,0.0,0.0,0.0,0.0,0.0,,,,,2020-12-27T06:05:00,,,,0,,,,,,,,,,,,,,,,,,,
2020-12-27 08:00:00,1012.7,14.9,99,0.0,0.0,1.3,11.0,0.0,,,,,2020-12-27T07:04:00,,,,0,,,,,,,,,,,,,,,,,,,
2020-12-27 09:00:00,1013.1,16.3,99,0.0,0.0,1.1,322.0,0.0,,,,,2020-12-27T08:10:00,,,,0,,,,,,,,,,,,,,,,,,,
2020-12-27 10:00:00,1012.4,19.5,88,0.0,0.0,0.8,91.0,0.0,,,,,2020-12-27T09:51:00,,,,0,,,,,,,,,,,,,,,,,,,
2020-12-27 11:00:00,1012.1,22.5,74,0.1,0.0,2.4,166.0,0.0,,,,,2020-12-27T10:49:00,,,,0,,,,,,,,,,,,,,,,,,,
2020-12-27 12:00:00,1011.7,22.3,75,0.0,0.0,2.7,173.0,0.0,,,,,2020-12-27T11:01:00,,,,0,,,,,,,,,,,,,,,,,,,
2020-12-27 13:00:00,1011.7,20.7,78,1.0,335.0,4.9,331.0,0.0,,,,,2020-12-27T12:08:00,,,,0,,,,,,,,,,,,,,,,,,,
2020-12-27 14:00:00,1011.4,20.6,77,0.1,0.0,5.5,329.0,0.0,,,,,2020-12-27T13:13:00,,,,0,,,,,,,,,,,,,,,,,,,
2020-12-27 15:00:00,1010.5,21.0,76,0.4,325.0,2.7,342.0,0.0,,,,,2020-12-27T14:20:00,,,,0,,,,,,,,,,,,,,,,,,,
2020-12-27 16:00:00,1011.1,19.7,87,0.3,231.0,1.6,249.0,0.0,,,,,2020-12-27T15:50:00,,,,0,,,,,,,,,,,,,,,,,,,
2020-12-27 17:00:00,1011.7,18.8,91,0.0,0.0,1.9,246.0,0.0,,,,,2020-12-27T16:17:00,,,,0,,,,,,,,,,,,,,,,,,,
2020-12-27 18:00:00,1012.5,18.2,95,0.0,0.0,1.6,324.0,0.0,,,,,2020-12-27T17:50:00,,,,0,,,,,,,,,,,,,,,,,,,
2020-12-27 19:00:00,1013.6,17.8,97,0.2,0.0,1.9,251.0,0.0,,,,,2020-12-27T18:58:00,,,,0,,,,,,,,,,,,,,,,,,,
2020-12-27 20:00:00,1013.7,17.7,98,0.0,0.0,1.1,293.0,0.0,,,,,2020-12-27T19:01:00,,,,0,,,,,,,,,,,,,,,,,,,
2020-12-27 21:00:00,1013.7,17.5,98,0.0,0.0,0.0,0.0,0.0,,,,,2020-12-27T20:05:00,,,,0,,,,,,,,,,,,,,,,,,,
2020-12-27 22:00:00,1013.8,17.3,98,0.0,0.0,1.1,330.0,0.0,,,,,2020-12-27T21:29:00,,,,0,,,,,,,,,,,,,,,,,,,
2020-12-27 23:00:00,1013.8,17.2,99,0.0,0.0,0.8,330.0,0.5,,,,,2020-12-27T22:28:00,,,,0,,,,,,,,,,,,,,,,,,,
2020-12-28 00:00:00,1013.9,17.0,99,0.0,0.0,0.0,0.0,0.0,,,,,2020-12-27T23:05:00,,,,0,,,,,,,,,,,,,,,,,,,
2020-12-28 01:00:00,1013.4,16.9,99,0.0,0.0,1.3,287.0,0.0,,,,,2020-12-28T00:05:00,,,,0,,,,,,,,,,,,,,,,,,,
2020-12-28 02:00:00,1013.3,16.6,99,0.0,0.0,1.3,261.0,0.0,,,,,2020-12-28T01:33:00,,,,0,,,,,,,,,,,,,,,,,,,
2020-12-28 03:00:00,1013.1,16.5,99,0.0,0.0,1.3,326.0,0.0,,,,,2020-12-28T02:07:00,,,,0,,,,,,,,,,,,,,,,,,,
2020-12-28 04:00:00,1012.7,16.5,99,0.0,0.0,1.3,332.0,0.0,,,,,2020-12-28T03:03:00,,,,0,,,,,,,,,,,,,,,,,,,
2020-12-28 05:00:00,1012.9,16.5,99,0.0,0.0,1.9,12.0,0.0,,,,,2020-12-28T04:31:00,,,,0,,,,,,,,,,,,,,,,,,,
2020-12-28 06:00:00,1013.5,16.7,99,0.0,0.0,2.2,315.0,0.0,,,,,2020-12-28T05:18:00,,,,0,,,,,,,,,,,,,,,,,,,
2020-12-28 07:00:00,1014.1,17.0,99,0.0,0.0,1.9,174.0,1.0,,,,,2020-12-28T06:46:00,,,,0,,,,,,,,,,,,,,,,,,,
2020-12-28 08:00:00,1014.7,17.0,98,0.0,0.0,0.8,100.0,0.5,,,,,2020-12-28T07:03:00,,,,0,,,,,,,,,,,,,,,,,,,
2020-12-28 09:00:00,1014.9,17.5,96,0.0,0.0,0.8,317.0,0.0,,,,,2020-12-28T08:29:00,,,,0,,,,,,,,,,,,,,,,,,,
2020-12-28 10:00:00,1014.9,18.5,88,0.0,0.0,1.6,197.0,0.0,,,,,2020-12-28T09:44:00,,,,0,,,,,,,,,,,,,,,,,,,
2020-12-28 11:00:00,1014.2,19.6,84,0.1,0.0,1.6,188.0,0.0,,,,,2020-12-28T10:12:00,,,,0,,,,,,,,,,,,,,,,,,,
2020-12-28 12:00:00,1013.8,19.1,85,0.0,0.0,1.9,146.0,0.0,,,,,2020-12-28T11:42:00,,,,0,,,,,,,,,,,,,,,,,,,
2020-12-28 13:00:00,1012.8,19.1,83,0.0,0.0,2.4,129.0,0.0,,,,,2020-12-28T13:00:00,,,,0,,,,,,,,,,,,,,,,,,,
2020-12-28 14:00:00,-9999.7,-99.7,-9997,-99.7,-999.7,2.7,163.0,0.0,,,,,2020-12-28T13:13:00,,,,0,,,,,,,,,,,,,,,,,,,
2020-12-28 15:00:00,1011.6,19.5,82,0.1,0.0,3.0,101.0,0.0,,,,,2020-12-28T14:35:00,,,,0,,,,,,,,,,,,,,,,,,,
2020-12-28 16:00:00,-9999.7,-99.7,-9997,-99.7,-999.7,1.9,117.0,0.0,,,,,2020-12-28T15:30:00,,,,0,,,,,,,,,,,,,,,,,,,
2020-12-28 17:00:00,1011.5,18.6,85,0.0,0.0,2.2,93.0,0.0,,,,,2020-12-28T16:03:00,,,,0,,,,,,,,,,,,,,,,,,,
2020-12-28 18:00:00,1011.6,18.4,86,0.0,0.0,0.8,107.0,0.0,,,,,2020-12-28T17:17:00,,,,0,,,,,,,,,,,,,,,,,,,
2020-12-28 19:00:00,1011.7,18.5,90,0.0,0.0,1.3,101.0,0.0,,,,,2020-12-28T18:59:00,,,,0,,,,,,,,,,,,,,,,,,,
2020-12-28 20:00:00,1011.7,18.9,87,0.0,0.0,1.3,99.0,0.0,,,,,2020-12-28T19:03:00,,,,0,,,,,,,,,,,,,,,,,,,
2020-12-28 21:00:00,1011.4,18.6,90,0.0,0.0,0.8,14.0,0.0,,,,,2020-12-28T20:34:00,,,,0,,,,,,,,,,,,,,,,,,,
2020-12-28 22:00:00,1011.1,18.4,93,0.0,0.0,0.8,176.0,0.0,,,,,2020-12-28T21:19:00,,,,0,,,,,,,,,,,,,,,,,,,
2020-12-28 23:00:00,1010.6,18.4,90,0.0,0.0,1.3,353.0,0.0,,,,,2020-12-28T22:05:00,,,,0,,,,,,,,,,,,,,,,,,,
2020-12-29 00:00:00,1010.2,19.0,89,0.0,0.0,2.4,42.0,0.0,,,,,2020-12-28T23:06:00,,,,0,,,,,,,,,,,,,,,,,,,
2020-12-29 01:00:00,1010.1,18.9,90,0.0,0.0,1.9,54.0,0.0,,,,,2020-12-29T00:25:00,,,,0,,,,,,,,,,,,,,,,,,,
2020-12-29 02:00:00,1009.7,18.2,93,0.0,0.0,1.3,58.0,0.0,,,,,2020-12-29T01:07:00,,,,0,,,,,,,,,,,,,,,,,,,
2020-12-29 03:00:00,1009.5,17.3,96,0.0,0.0,1.1,185.0,0.0,,,,,2020-12-29T02:31:00,,,,0,,,,,,,,,,,,,,,,,,,
2020-12-29 04:00:00,1009.5,16.9,97,0.0,0.0,1.3,317.0,0.0,,,,,2020-12-29T03:19:00,,,,0,,,,,,,,,,,,,,,,,,,
2020-12-29 05:00:00,1009.8,16.9,98,0.0,0.0,1.6,327.0,0.0,,,,,2020-12-29T04:35:00,,,,0,,,,,,,,,,,,,,,,,,,
2020-12-29 06:00:00,1009.9,16.9,98,0.0,0.0,0.8,302.0,0.0,,,,,2020-12-29T05:44:00,,,,0,,,,,,,,,,,,,,,,,,,
2020-12-29 07:00:00,1010.2,17.0,98,0.0,0.0,0.0,0.0,0.0,,,,,2020-12-29T06:04:00,,,,0,,,,,,,,,,,,,,,,,,,
2020-12-29 08:00:00,1010.6,17.6,98,0.1,0.0,1.3,351.0,0.0,,,,,2020-12-29T07:19:00,,,,0,,,,,,,,,,,,,,,,,,,
2020-12-29 09:00:00,1010.7,19.3,92,0.0,0.0,1.3,10.0,0.0,,,,,2020-12-29T08:53:00,,,,0,,,,,,,,,,,,,,,,,,,
2020-12-29 10:00:00,1010.1,22.2,79,0.0,0.0,1.1,218.0,0.0,,,,,2020-12-29T09:44:00,,,,0,,,,,,,,,,,,,,,,,,,
2020-12-29 11:00:00,1009.3,23.2,81,0.0,0.0,2.2,166.0,0.0,,,,,2020-12-29T10:18:00,,,,0,,,,,,,,,,,,,,,,,,,
2020-12-29 12:00:00,1008.4,24.0,76,0.2,0.0,1.9,132.0,0.0,,,,,2020-12-29T11:23:00,,,,0,,,,,,,,,,,,,,,,,,,
2020-12-29 13:00:00,1007.7,23.4,79,0.0,0.0,1.9,190.0,0.0,,,,,2020-12-29T12:10:00,,,,0,,,,,,,,,,,,,,,,,,,
2020-12-29 14:00:00,1007.4,23.2,80,0.0,0.0,1.3,140.0,0.0,,,,,2020-12-29T13:04:00,,,,0,,,,,,,,,,,,,,,,,,,
2020-12-29 15:00:00,1007.3,21.9,82,0.0,0.0,2.4,325.0,0.0,,,,,2020-12-29T14:26:00,,,,0,,,,,,,,,,,,,,,,,,,
2020-12-29 16:00:00,1007.7,21.7,83,0.8,341.0,3.5,343.0,0.0,,,,,2020-12-29T15:54:00,,,,0,,,,,,,,,,,,,,,,,,,
2020-12-29 17:00:00,1008.2,20.9,88,0.6,2.0,5.5,319.0,0.0,,,,,2020-12-29T16:44:00,,,,0,,,,,,,,,,,,,,,,,,,
2020-12-29 18:00:00,1008.8,20.8,88,0.1,0.0,3.3,9.0,0.0,,,,,2020-12-29T17:31:00,,,,0,,,,,,,,,,,,,,,,,,,
2020-12-29 19:00:00,1009.4,20.3,90,0.0,0.0,2.4,302.0,0.0,,,,,2020-12-29T18:36:00,,,,0,,,,,,,,,,,,,,,,,,,
2020-12-29 20:00:00,1009.8,20.0,92,0.0,0.0,2.4,331.0,0.0,,,,,2020-12-29T19:39:00,,,,0,,,,,,,,,,,,,,,,,,,
2020-12-29 21:00:00,1010.1,19.8,92,0.2,0.0,2.4,254.0,0.0,,,,,2020-12-29T20:54:00,,,,0,,,,,,,,,,,,,,,,,,,
2020-12-29 22:00:00,1010.8,19.6,93,0.0,0.0,1.9,349.0,0.0,,,,,2020-12-29T21:50:00,,,,0,,,,,,,,,,,,,,,,,,,
2020-12-29 23:00:00,1011.2,20.2,89,0.3,335.0,1.9,316.0,0.0,,,,,2020-12-29T22:03:00,,,,0,,,,,,,,,,,,,,,,,,,
2020-12-30 00:00:00,1011.8,19.4,95,0.7,278.0,2.7,166.0,1.0,,,,,2020-12-29T23:57:00,,,,0,,,,,,,,,,,,,,,,,,,
2020-12-30 01:00:00,1013.8,16.0,94,1.0,265.0,6.0,332.0,1.0,,,,,2020-12-30T00:09:00,,,,0,,,,,,,,,,,,,,,,,,,
2020-12-30 02:00:00,1015.3,14.9,93,0.5,239.0,8.2,335.0,0.5,,,,,2020-12-30T01:44:00,,,,0,,,,,,,,,,,,,,,,,,,
2020-12-30 03:00:00,1016.3,13.8,93,1.3,342.0,6.0,353.0,0.5,,,,,2020-12-30T02:12:00,,,,0,,,,,,,,,,,,,,,,,,,
2020-12-30 04:00:00,1017.2,12.9,95,0.5,327.0,7.7,317.0,1.5,,,,,2020-12-30T03:05:00,,,,0,,,,,,,,,,,,,,,,,,,
2020-12-30 05:00:00,1018.0,12.2,95,0.8,332.0,6.0,315.0,2.5,,,,,2020-12-30T04:31:00,,,,0,,,,,,,,,,,,,,,,,,,
2020-12-30 06:00:00,1019.1,11.8,94,0.9,331.0,6.6,333.0,3.5,,,,,2020-12-30T05:52:00,,,,0,,,,,,,,,,,,,,,,,,,
2020-12-30 07:00:00,1020.7,11.1,94,1.5,345.0,7.1,338.0,5.5,,,,,2020-12-30T06:06:00,,,,0,,,,,,,,,,,,,,,,,,,
2020-12-30 08:00:00,1021.6,10.6,93,0.4,338.0,9.9,38.0,3.5,,,,,2020-12-30T07:11:00,,,,0,,,,,,,,,,,,,,,,,,,
2020-12-30 09:00:00,1022.3,10.4,94,1.0,336.0,4.1,326.0,3.0,,,,,2020-12-30T08:45:00,,,,0,,,,,,,,,,,,,,,,,,,
2020-12-30 10:00:00,1022.7,10.2,93,2.0,349.0,7.1,350.0,2.0,,,,,2020-12-30T09:29:00,,,,0,,,,,,,,,,,,,,,,,,,
2020-12-30 11:00:00,1022.6,9.7,89,2.2,347.0,8.8,352.0,0.5,,,,,2020-12-30T10:54:00,,,,0,,,,,,,,,,,,,,,,,,,
2020-12-30 12:00:00,1022.1,9.4,88,1.5,339.0,7.7,341.0,0.5,,,,,2020-12-30T11:05:00,,,,0,,,,,,,,,,,,,,,,,,,
2020-12-30 13:00:00,1021.5,9.8,82,0.2,0.0,6.0,42.0,0.0,,,,,2020-12-30T12:03:00,,,,0,,,,,,,,,,,,,,,,,,,
2020-12-30 14:00:00,1021.6,9.2,80,1.2,336.0,6.6,348.0,0.0,,,,,2020-12-30T13:40:00,,,,0,,,,,,,,,,,,,,,,,,,
2020-12-30 15:00:00,1021.7,9.5,72,2.2,350.0,4.9,326.0,0.0,,,,,2020-12-30T14:24:00,,,,0,,,,,,,,,,,,,,,,,,,
2020-12-30 16:00:00,1022.1,9.4,78,0.9,337.0,4.9,327.0,0.0,,,,,2020-12-30T15:50:00,,,,0,,,,,,,,,,,,,,,,,,,
2020-12-30 17:00:00,1022.7,9.3,73,1.3,336.0,5.5,343.0,0.0,,,,,2020-12-30T16:02:00,,,,0,,,,,,,,,,,,,,,,,,,
2020-12-30 18:00:00,1023.3,9.2,71,0.7,344.0,5.5,338.0,0.0,,,,,2020-12-30T17:40:00,,,,0,,,,,,,,,,,,,,,,,,,
2020-12-30 19:00:00,1024.1,9.1,75,0.2,0.0,3.3,329.0,0.0,,,,,2020-12-30T18:08:00,,,,0,,,,,,,,,,,,,,,,,,,
2020-12-30 20:00:00,1024.4,9.4,73,0.9,346.0,4.9,339.0,0.0,,,,,2020-12-30T19:51:00,,,,0,,,,,,,,,,,,,,,,,,,
2020-12-30 21:00:00,1024.8,9.1,73,0.4,327.0,5.5,337.0,0.0,,,,,2020-12-30T20:11:00,,,,0,,,,,,,,,,,,,,,,,,,
2020-12-30 22:00:00,1024.7,8.8,70,0.4,247.0,5.5,316.0,0.0,,,,,2020-12-30T21:24:00,,,,0,,,,,,,,,,,,,,,,,,,
2020-12-30 23:00:00,1024.8,8.7,69,0.4,301.0,4.9,314.0,0.0,,,,,2020-12-30T22:16:00,,,,0,,,,,,,,,,,,,,,,,,,
2020-12-31 00:00:00,1025.1,8.4,63,0.7,336.0,5.5,323.0,0.0,,,,,2020-12-30T23:50:00,,,,0,,,,,,,,,,,,,,,,,,,
2020-12-31 01:00:00,1025.2,8.2,62,0.6,335.0,4.9,332.0,0.0,,,,,2020-12-31T00:23:00,,,,0,,,,,,,,,,,,,,,,,,,
2020-12-31 02:00:00,1025.0,8.1,71,0.3,320.0,4.1,20.0,0.0,,,,,2020-12-31T01:03:00,,,,0,,,,,,,,,,,,,,,,,,,
2020-12-31 03:00:00,1024.8,8.2,71,1.2,315.0,6.0,326.0,0.0,,,,,2020-12-31T02:17:00,,,,0,,,,,,,,,,,,,,,,,,,
2020-12-31 04:00:00,1024.8,8.0,64,1.2,339.0,3.5,317.0,0.0,,,,,2020-12-31T03:58:00,,,,0,,,,,,,,,,,,,,,,,,,
2020-12-31 05:00:00,1025.6,7.2,72,1.4,338.0,7.7,330.0,0.0,,,,,2020-12-31T04:38:00,,,,0,,,,,,,,,,,,,,,,,,,
2020-12-31 06:00:00,1025.5,7.2,69,1.2,348.0,6.0,346.0,0.0,,,,,2020-12-31T05:49:00,,,,0,,,,,,,,,,,,,,,,,,,
2020-12-31 07:00:00,1025.7,7.3,70,0.1,0.0,4.1,344.0,0.0,,,,,2020-12-31T06:12:00,,,,0,,,,,,,,,,,,,,,,,,,
2020-12-31 08:00:00,1025.9,7.3,73,0.0,0.0,3.5,341.0,0.0,,,,,2020-12-31T07:21:00,,,,0,,,,,,,,,,,,,,,,,,,
2020-12-31 09:00:00,1026.2,7.7,75,0.5,339.0,3.5,56.0,0.0,,,,,2020-12-31T08:19:00,,,,0,,,,,,,,,,,,,,,,,,,
2020-12-31 10:00:00,1025.8,8.1,73,0.3,341.0,2.2,34.0,0.0,,,,,2020-12-31T09:20:00,,,,0,,,,,,,,,,,,,,,,,,,
2020-12-31 11:00:00,1025.2,8.1,80,0.0,0.0,3.5,320.0,0.0,,,,,2020-12-31T10:16:00,,,,0,,,,,,,,,,,,,,,,,,,
2020-12-31 12:00:00,1024.3,8.5,75,0.2,0.0,1.9,338.0,0.0,,,,,2020-12-31T11:53:00,,,,0,,,,,,,,,,,,,,,,,,,
2020-12-31 13:00:00,1023.1,8.5,78,0.1,0.0,3.0,349.0,0.0,,,,,2020-12-31T12:35:00,,,,0,,,,,,,,,,,,,,,,,,,
2020-12-31 14:00:00,1022.6,8.8,77,0.8,323.0,2.4,355.0,0.0,,,,,2020-12-31T13:32:00,,,,0,,,,,,,,,,,,,,,,,,,
2020-12-31 15:00:00,1022.3,9.1,71,0.7,338.0,3.5,338.0,0.0,,,,,2020-12-31T14:47:00,,,,0,,,,,,,,,,,,,,,,,,,
2020-12-31 16:00:00,1022.6,9.0,75,0.5,344.0,3.5,323.0,0.0,,,,,2020-12-31T15:19:00,,,,0,,,,,,,,,,,,,,,,,,,
2020-12-31 17:00:00,1022.9,9.3,72,0.5,342.0,3.3,324.0,0.0,,,,,2020-12-31T16:48:00,,,,0,,,,,,,,,,,,,,,,,,,
2020-12-31 18:00:00,1023.6,9.3,75,0.1,0.0,4.1,350.0,0.0,,,,,2020-12-31T17:24:00,,,,0,,,,,,,,,,,,,,,,,,,
2020-12-31 19:00:00,1023.9,9.3,76,0.0,0.0,1.9,349.0,0.0,,,,,2020-12-31T18:17:00,,,,0,,,,,,,,,,,,,,,,,,,
2020-12-31 20:00:00,1024.2,9.4,77,0.0,0.0,3.0,318.0,0.0,,,,,2020-12-31T19:20:00,,,,0,,,,,,,,,,,,,,,,,,,
2020-12-31 21:00:00,1024.1,9.4,79,0.1,0.0,1.9,212.0,0.0,,,,,2020-12-31T20:30:00,,,,0,,,,,,,,,,,,,,,,,,,
2020-12-31 22:00:00,1023.8,9.1,85,0.0,0.0,1.3,218.0,0.0,,,,,2020-12-31T21:33:00,,,,0,,,,,,,,,,,,,,,,,,,
2020-12-31 23:00:00,1023.6,8.9,90,0.0,0.0,1.9,334.0,0.0,,,,,2020-12-31T22:01:00,,,,0,,,,,,,,,,,,,,,,,,,
2021-01-01 00:00:00,1023.6,8.8,93,0.0,0.0,1.6,273.0,0.0,,,,,2020-12-31T23:23:00,,,,0,,,,,,,,,,,,,,,,,,,
