,StnPres,SeaPres,StnPresMax,StnPresMaxTime,StnPresMin,StnPresMinTime,Tx,TxMaxAbs,TxMaxAbsTime,TxMinAbs,TxMinAbsTime,Td,RH,RHMin,RHMinTime,WS,WD,WSGust,WDGust,WGustTime,Precp,PrecpHour,PrecpMax10,PrecpMax10Time,PrecpMax60,PrecpMax60Time,SunShine,SunShineRate,GloblRad,EvapA,TxSoil0cm,TxSoil5cm,TxSoil10cm,TxSoil20cm,TxSoil50cm,TxSoil100cm,AirTemperature.DailyRangef,AirTemperature.MaximumTimef,AirTemperature.Maximumf,AirTemperature.Meanf,AirTemperature.MinimumTimef,AirTemperature.Minimumf,CloudAmount,CloudAmountSat,DewPointTemperature.Maximum,DewPointTemperature.MaximumTime,DewPointTemperature.MaximumTimef,DewPointTemperature.Maximumf,DewPointTemperature.Meanf,DewPointTemperature.Minimum,DewPointTemperature.MinimumTime,DewPointTemperature.MinimumTimef,DewPointTemperature.Minimumf,EvaporationClassAPan.Accumulationf,GlobalSolarRadiation.Accumulationf,GlobalSolarRadiation.HourlyMaximumTimef,GlobalSolarRadiation.HourlyMaximumf,GloblRadMax,GloblRadMaxTime,PeakGust.Directionf,PeakGust.MaximumTimef,PeakGust.Maximumf,Precipitation.Accumulationf,Precipitation.HourlyMaximum,Precipitation.HourlyMaximumTime,Precipitation.HourlyMaximumTimef,Precipitation.HourlyMaximumf,Precipitation.SixtyMinutelyMaximumTimef,Precipitation.SixtyMinutelyMaximumf,Precipitation.TenMinutelyMaximumTimef,Precipitation.TenMinutelyMaximumf,PrecipitationDuration.Totalf,RelativeHumidity.Maximum,RelativeHumidity.MaximumTime,RelativeHumidity.MaximumTimef,RelativeHumidity.Maximumf,RelativeHumidity.Meanf,RelativeHumidity.MinimumTimef,RelativeHumidity.Minimumf,SeaLevelPressure.Maximum,SeaLevelPressure.MaximumTime,SeaLevelPressure.MaximumTimef,SeaLevelPressure.Maximumf,SeaLevelPressure.Meanf,SeaLevelPressure.Minimum,SeaLevelPressure.MinimumTime,SeaLevelPressure.MinimumTimef,SeaLevelPressure.Minimumf,SoilTemperatureAt0cm.Meanf,SoilTemperatureAt100cm.Meanf,SoilTemperatureAt10cm.Meanf,SoilTemperatureAt20cm.Meanf,SoilTemperatureAt30cm.Meanf,SoilTemperatureAt50cm.Meanf,SoilTemperatureAt5cm.Meanf,StationPressure.MaximumTimef,StationPressure.Maximumf,StationPressure.Meanf,StationPressure.MinimumTimef,StationPressure.Minimumf,SunshineDuration.Ratef,SunshineDuration.Totalf,TotalCloudAmount.Meanf,TotalCloudAmount.SatRetrievedMeanf,TxRange,TxSoil30cm,UVIMax,UVIMaxTime,UVIndex.MaximumTimef,UVIndex.Maximumf,VisbAutoMean,VisbMean,Visibility.AutoMeanf,Visibility.Meanf,WindDirection.CountForCode00,WindDirection.CountForCode00f,WindDirection.CountForCode01,WindDirection.CountForCode01f,WindDirection.CountForCode02,WindDirection.CountForCode02f,WindDirection.CountForCode03,WindDirection.CountForCode03f,WindDirection.CountForCode04,WindDirection.CountForCode04f,WindDirection.CountForCode05,WindDirection.CountForCode05f,WindDirection.CountForCode06,WindDirection.CountForCode06f,WindDirection.CountForCode07,WindDirection.CountForCode07f,WindDirection.CountForCode08,WindDirection.CountForCode08f,WindDirection.CountForCode09,WindDirection.CountForCode09f,WindDirection.CountForCode10,WindDirection.CountForCode10f,WindDirection.CountForCode11,WindDirection.CountForCode11f,WindDirection.CountForCode12,WindDirection.CountForCode12f,WindDirection.CountForCode13,WindDirection.CountForCode13f,WindDirection.CountForCode14,WindDirection.CountForCode14f,WindDirection.CountForCode15,WindDirection.CountForCode15f,WindDirection.CountForCode16,WindDirection.CountForCode16f,WindDirection.CountForCode17,WindDirection.CountForCode17f,WindDirection.CountForCode18,WindDirection.CountForCode18f,WindDirection.CountForCode19,WindDirection.CountForCode19f,WindDirection.CountForCode20,WindDirection.CountForCode20f,WindDirection.CountForCode21,WindDirection.CountForCode21f,WindDirection.CountForCode22,WindDirection.CountForCode22f,WindDirection.CountForCode23,WindDirection.CountForCode23f,WindDirection.CountForCode24,WindDirection.CountForCode24f,WindDirection.CountForCode25,WindDirection.CountForCode25f,WindDirection.CountForCode26,WindDirection.CountForCode26f,WindDirection.CountForCode27,WindDirection.CountForCode27f,WindDirection.CountForCode28,WindDirection.CountForCode28f,WindDirection.CountForCode29,WindDirection.CountForCode29f,WindDirection.CountForCode30,WindDirection.CountForCode30f,WindDirection.CountForCode31,WindDirection.CountForCode31f,WindDirection.CountForCode32,WindDirection.CountForCode32f,WindDirection.CountForCode33,WindDirection.CountForCode33f,WindDirection.CountForCode34,WindDirection.CountForCode34f,WindDirection.CountForCode35,WindDirection.CountForCode35f,WindDirection.CountForCode36,WindDirection.CountForCode36f,WindDirection.CountForCode99,WindDirection.CountForCode99f,WindDirection.Prevailingf,WindDirection.TenMinutelyMaximum,WindDirection.TenMinutelyMaximumf,WindSpeed.Meanf,WindSpeed.TenMinutelyMaximum,WindSpeed.TenMinutelyMaximumTime,WindSpeed.TenMinutelyMaximumTimef,WindSpeed.TenMinutelyMaximumf,WindSpeed.TotalForCode00,WindSpeed.TotalForCode00f,WindSpeed.TotalForCode01,WindSpeed.TotalForCode01f,WindSpeed.TotalForCode02,WindSpeed.TotalForCode02f,WindSpeed.TotalForCode03,WindSpeed.TotalForCode03f,WindSpeed.TotalForCode04,WindSpeed.TotalForCode04f,WindSpeed.TotalForCode05,WindSpeed.TotalForCode05f,WindSpeed.TotalForCode06,WindSpeed.TotalForCode06f,WindSpeed.TotalForCode07,WindSpeed.TotalForCode07f,WindSpeed.TotalForCode08,WindSpeed.TotalForCode08f,WindSpeed.TotalForCode09,WindSpeed.TotalForCode09f,WindSpeed.TotalForCode10,WindSpeed.TotalForCode10f,WindSpeed.TotalForCode11,WindSpeed.TotalForCode11f,WindSpeed.TotalForCode12,WindSpeed.TotalForCode12f,WindSpeed.TotalForCode13,WindSpeed.TotalForCode13f,WindSpeed.TotalForCode14,WindSpeed.TotalForCode14f,WindSpeed.TotalForCode15,WindSpeed.TotalForCode15f,WindSpeed.TotalForCode16,WindSpeed.TotalForCode16f,WindSpeed.TotalForCode17,WindSpeed.TotalForCode17f,WindSpeed.TotalForCode18,WindSpeed.TotalForCode18f,WindSpeed.TotalForCode19,WindSpeed.TotalForCode19f,WindSpeed.TotalForCode20,WindSpeed.TotalForCode20f,WindSpeed.TotalForCode21,WindSpeed.TotalForCode21f,WindSpeed.TotalForCode22,WindSpeed.TotalForCode22f,WindSpeed.TotalForCode23,WindSpeed.TotalForCode23f,WindSpeed.TotalForCode24,WindSpeed.TotalForCode24f,WindSpeed.TotalForCode25,WindSpeed.TotalForCode25f,WindSpeed.TotalForCode26,WindSpeed.TotalForCode26f,WindSpeed.TotalForCode27,WindSpeed.TotalForCode27f,WindSpeed.TotalForCode28,WindSpeed.TotalForCode28f,WindSpeed.TotalForCode29,WindSpeed.TotalForCode29f,WindSpeed.TotalForCode30,WindSpeed.TotalForCode30f,WindSpeed.TotalForCode31,WindSpeed.TotalForCode31f,WindSpeed.TotalForCode32,WindSpeed.TotalForCode32f,WindSpeed.TotalForCode33,WindSpeed.TotalForCode33f,WindSpeed.TotalForCode34,WindSpeed.TotalForCode34f,WindSpeed.TotalForCode35,WindSpeed.TotalForCode35f,WindSpeed.TotalForCode36,WindSpeed.TotalForCode36f,WindSpeed.TotalForCode99,WindSpeed.TotalForCode99f
2002-01-01,1016.7,1019.9,1018.2,2002-01-01T09:14:00,1014.9,2002-01-01T14:29:00,17.9,23.6,2002-01-01T13:40:00,14.2,2002-01-01T06:40:00,11.1,66,40,2002-01-01T14:27:00,3.8,20,10.1,40,2002-01-01T08:32:00,0.0,0.0,0.0,,0.0,,9.4,87.8,12.24,,,,,,,,,,,,,,1.4,,14.2,2002-01-01T00:12:00,,,,9.1,2002-01-01T14:31:00,,,,,,,1.8,2002-01-01T14:00:00,,,,,,,,,,,,,,90,2002-01-01T03:35:00,,,,,,,,,,,,,,,,,,,,,,,,,,,,,,,9.4,,,,,,,2.4,,,0,,7,,10,,1,,0,,0,,0,,1,,0,,0,,0,,0,,0,,0,,0,,0,,0,,0,,0,,0,,0,,0,,0,,0,,0,,0,,0,,0,,0,,0,,0,,0,,0,,0,,0,,1,,4,,0,,,20,,,6.5,2002-01-01T08:33:00,,,0.0,,27.8,,36.0,,3.0,,0.0,,0.0,,0.0,,1.0,,0.0,,0.0,,0.0,,0.0,,0.0,,0.0,,0.0,,0.0,,0.0,,0.0,,0.0,,0.0,,0.0,,0.0,,0.0,,0.0,,0.0,,0.0,,0.0,,0.0,,0.0,,0.0,,0.0,,0.0,,0.0,,0.0,,0.0,,4.9,,17.8,,0.0,
2002-01-02,1020.6,1023.8,1022.6,2002-01-02T21:04:00,1018.1,2002-01-02T00:01:00,15.5,21.5,2002-01-02T13:27:00,12.4,2002-01-02T06:54:00,5.8,54,32,2002-01-02T16:42:00,5.0,20,13.6,30,2002-01-02T16:37:00,0.0,0.0,0.0,,0.0,,8.0,74.7,11.34,,,,,,,,,,,,,,0.0,,10.3,2002-01-02T02:40:00,,,,-2.2,2002-01-02T23:54:00,,,,,,,1.8,2002-01-02T14:00:00,,,,,,,,,,,,,,80,2002-01-02T02:27:00,,,,,,,,,,,,,,,,,,,,,,,,,,,,,,,9.1,,,,,,,3.4,,,0,,7,,16,,1,,0,,0,,0,,0,,0,,0,,0,,0,,0,,0,,0,,0,,0,,0,,0,,0,,0,,0,,0,,0,,0,,0,,0,,0,,0,,0,,0,,0,,0,,0,,0,,0,,0,,0,,,10,,,7.5,2002-01-02T16:50:00,,,0.0,,39.6,,75.7,,4.4,,0.0,,0.0,,0.0,,0.0,,0.0,,0.0,,0.0,,0.0,,0.0,,0.0,,0.0,,0.0,,0.0,,0.0,,0.0,,0.0,,0.0,,0.0,,0.0,,0.0,,0.0,,0.0,,0.0,,0.0,,0.0,,0.0,,0.0,,0.0,,0.0,,0.0,,0.0,,0.0,,0.0,,0.0,
2002-01-03,1021.2,1024.5,1022.7,2002-01-03T08:55:00,1019.0,2002-01-03T13:43:00,15.4,21.3,2002-01-03T12:40:00,10.5,2002-01-03T06:23:00,5.8,53,39,2002-01-03T14:18:00,2.8,20,9.3,100,2002-01-03T00:13:00,0.0,0.0,0.0,,0.0,,8.9,83.0,12.1,,,,,,,,,,,,,,0.0,,9.8,2002-01-03T12:00:00,,,,0.5,2002-01-03T00:19:00,,,,,,,1.81,2002-01-03T13:00:00,,,,,,,,,,,,,,74,2002-01-03T23:49:00,,,,,,,,,,,,,,,,,,,,,,,,,,,,,,,10.8,,,,,,,6.5,,,0,,1,,13,,3,,0,,0,,1,,0,,0,,0,,0,,0,,0,,0,,0,,0,,0,,0,,1,,0,,1,,0,,1,,0,,0,,0,,0,,1,,0,,0,,0,,0,,0,,0,,0,,2,,0,,0,,,10,,,5.0,2002-01-03T00:04:00,,,0.0,,1.2,,40.5,,8.0,,0.0,,0.0,,1.4,,0.0,,0.0,,0.0,,0.0,,0.0,,0.0,,0.0,,0.0,,0.0,,0.0,,0.0,,1.3,,0.0,,3.4,,0.0,,3.5,,0.0,,0.0,,0.0,,0.0,,1.8,,0.0,,0.0,,0.0,,0.0,,0.0,,0.0,,0.0,,6.0,,0.0,,0.0,
2002-01-04,1020.5,1023.7,1022.6,2002-01-04T09:14:00,1018.7,2002-01-04T14:11:00,16.6,21.3,2002-01-04T13:44:00,11.9,2002-01-04T05:13:00,11.2,71,50,2002-01-04T13:53:00,1.7,20,6.1,290,2002-01-04T14:53:00,0.0,0.0,0.0,,0.0,,8.8,82.1,12.02,,,,,,,,,,,,,,0.1,,14.3,2002-01-04T11:00:00,,,,8.1,2002-01-04T05:50:00,,,,,,,1.8,2002-01-04T14:00:00,,,,,,,,,,,,,,81,2002-01-04T04:35:00,,,,,,,,,,,,,,,,,,,,,,,,,,,,,,,9.4,,,,,,,3.5,,,0,,1,,8,,5,,1,,1,,0,,0,,0,,0,,0,,0,,0,,0,,0,,0,,0,,0,,0,,0,,0,,0,,0,,0,,0,,0,,1,,1,,1,,2,,0,,1,,0,,0,,0,,1,,1,,0,,,280,,,3.4,2002-01-04T14:56:00,,,0.0,,1.1,,12.6,,9.2,,0.7,,1.0,,0.0,,0.0,,0.0,,0.0,,0.0,,0.0,,0.0,,0.0,,0.0,,0.0,,0.0,,0.0,,0.0,,0.0,,0.0,,0.0,,0.0,,0.0,,0.0,,0.0,,2.4,,2.0,,2.2,,4.7,,0.0,,2.0,,0.0,,0.0,,0.0,,1.8,,2.1,,0.0,
2002-01-05,1018.7,1021.9,1020.7,2002-01-05T09:04:00,1016.5,2002-01-05T14:39:00,17.5,22.5,2002-01-05T13:11:00,14.0,2002-01-05T06:42:00,11.4,69,35,2002-01-05T12:47:00,1.9,350,7.1,320,2002-01-05T13:37:00,0.0,0.0,0.0,,0.0,,9.0,83.9,11.76,,,,,,,,,,,,,,0.3,,13.5,2002-01-05T18:26:00,,,,5.8,2002-01-05T12:48:00,,,,,,,1.87,2002-01-05T13:00:00,,,,,,,,,,,,,,84,2002-01-05T00:46:00,,,,,,,,,,,,,,,,,,,,,,,,,,,,,,,8.5,,,,,,,4.0,,,2,,1,,2,,1,,0,,1,,0,,2,,1,,1,,3,,0,,1,,0,,0,,0,,0,,0,,0,,0,,0,,0,,0,,0,,0,,0,,0,,0,,0,,0,,1,,1,,0,,1,,1,,4,,1,,0,,,310,,,4.7,2002-01-05T15:08:00,,,0.2,,1.3,,5.7,,1.3,,0.0,,1.4,,0.0,,2.0,,0.3,,1.2,,6.2,,0.0,,0.3,,0.0,,0.0,,0.0,,0.0,,0.0,,0.0,,0.0,,0.0,,0.0,,0.0,,0.0,,0.0,,0.0,,0.0,,0.0,,0.0,,0.0,,3.4,,4.2,,0.0,,3.9,,2.7,,9.2,,2.8,,0.0,
2002-01-06,1018.7,1021.9,1020.4,2002-01-06T09:12:00,1016.9,2002-01-06T15:04:00,18.1,23.5,2002-01-06T14:12:00,13.9,2002-01-06T06:22:00,10.8,65,32,2002-01-06T13:40:00,2.0,70,6.6,60,2002-01-06T14:38:00,0.0,0.0,0.0,,0.0,,9.4,87.5,12.59,,,,,,,,,,,,,,0.8,,12.8,2002-01-06T01:24:00,,,,5.8,2002-01-06T13:41:00,,,,,,,1.95,2002-01-06T12:00:00,,,,,,,,,,,,,,84,2002-01-06T01:53:00,,,,,,,,,,,,,,,,,,,,,,,,,,,,,,,9.6,,,,,,,4.4,,,1,,1,,3,,1,,2,,2,,1,,4,,0,,0,,1,,1,,0,,0,,0,,0,,0,,0,,0,,0,,0,,0,,0,,0,,0,,0,,0,,0,,0,,0,,0,,0,,0,,3,,1,,1,,2,,0,,,20,,,4.3,2002-01-06T19:33:00,,,0.2,,3.1,,7.2,,2.1,,2.6,,2.5,,2.8,,6.1,,0.0,,0.0,,1.3,,0.7,,0.0,,0.0,,0.0,,0.0,,0.0,,0.0,,0.0,,0.0,,0.0,,0.0,,0.0,,0.0,,0.0,,0.0,,0.0,,0.0,,0.0,,0.0,,0.0,,0.0,,0.0,,8.1,,2.3,,3.3,,5.7,,0.0,
2002-01-07,1019.5,1022.7,1021.4,2002-01-07T22:44:00,1017.0,2002-01-07T14:34:00,17.9,22.9,2002-01-07T14:18:00,14.3,2002-01-07T03:50:00,13.2,75,57,2002-01-07T14:26:00,3.4,20,9.9,20,2002-01-07T12:20:00,0.0,0.0,0.0,,0.0,,8.1,75.4,11.1,,,,,,,,,,,,,,0.4,,15.8,2002-01-07T11:29:00,,,,9.9,2002-01-07T06:32:00,,,,,,,1.8,2002-01-07T13:00:00,,,,,,,,,,,,,,90,2002-01-07T23:58:00,,,,,,,,,,,,,,,,,,,,,,,,,,,,,,,8.6,,,,,,,3.5,,,0,,6,,7,,6,,2,,0,,0,,0,,0,,0,,0,,0,,0,,0,,0,,0,,0,,0,,0,,0,,0,,0,,0,,0,,0,,0,,0,,0,,0,,0,,0,,0,,0,,0,,0,,0,,3,,0,,,20,,,5.6,2002-01-07T10:30:00,,,0.0,,24.9,,27.1,,12.6,,3.9,,0.0,,0.0,,0.0,,0.0,,0.0,,0.0,,0.0,,0.0,,0.0,,0.0,,0.0,,0.0,,0.0,,0.0,,0.0,,0.0,,0.0,,0.0,,0.0,,0.0,,0.0,,0.0,,0.0,,0.0,,0.0,,0.0,,0.0,,0.0,,0.0,,0.0,,0.0,,14.1,,0.0,
2002-01-08,1020.7,1024.0,1022.5,2002-01-08T08:55:00,1018.8,2002-01-08T14:46:00,16.5,22.8,2002-01-08T13:58:00,12.6,2002-01-08T05:31:00,13.3,83,60,2002-01-08T13:58:00,3.4,20,9.0,20,2002-01-08T15:48:00,0.0,0.0,0.0,,0.0,,8.4,78.1,11.83,,,,,,,,,,,,,,0.3,,15.3,2002-01-08T16:08:00,,,,11.5,2002-01-08T06:39:00,,,,,,,1.8,2002-01-08T14:00:00,,,,,,,,,,,,,,97,2002-01-08T02:29:00,,,,,,,,,,,,,,,,,,,,,,,,,,,,,,,10.2,,,,,,,2.3,,,0,,6,,11,,0,,0,,0,,0,,0,,0,,0,,0,,0,,0,,0,,0,,0,,0,,0,,0,,0,,0,,0,,0,,0,,0,,0,,0,,0,,0,,0,,0,,0,,0,,0,,0,,2,,5,,0,,,350,,,5.3,2002-01-08T15:49:00,,,0.0,,19.4,,35.8,,0.0,,0.0,,0.0,,0.0,,0.0,,0.0,,0.0,,0.0,,0.0,,0.0,,0.0,,0.0,,0.0,,0.0,,0.0,,0.0,,0.0,,0.0,,0.0,,0.0,,0.0,,0.0,,0.0,,0.0,,0.0,,0.0,,0.0,,0.0,,0.0,,0.0,,0.0,,0.0,,7.3,,19.3,,0.0,
2002-01-09,1020.5,1023.7,1022.6,2002-01-09T09:06:00,1018.4,2002-01-09T15:07:00,16.8,21.8,2002-01-09T13:39:00,11.8,2002-01-09T06:52:00,13.9,84,65,2002-01-09T11:49:00,2.3,20,6.7,20,2002-01-09T12:44:00,0.0,0.0,0.0,,0.0,,8.9,82.7,12.27,,,,,,,,,,,,,,0.0,,17.1,2002-01-09T14:50:00,,,,10.4,2002-01-09T03:43:00,,,,,,,1.83,2002-01-09T12:00:00,,,,,,,,,,,,,,98,2002-01-09T06:33:00,,,,,,,,,,,,,,,,,,,,,,,,,,,,,,,10.0,,,,,,,3.7,,,0,,1,,6,,6,,1,,0,,0,,0,,1,,0,,0,,0,,0,,0,,0,,0,,0,,0,,0,,0,,0,,0,,0,,0,,0,,0,,0,,0,,0,,0,,0,,0,,4,,3,,0,,0,,2,,0,,,320,,,4.3,2002-01-09T12:01:00,,,0.0,,1.3,,13.9,,8.4,,1.5,,0.0,,0.0,,0.0,,0.7,,0.0,,0.0,,0.0,,0.0,,0.0,,0.0,,0.0,,0.0,,0.0,,0.0,,0.0,,0.0,,0.0,,0.0,,0.0,,0.0,,0.0,,0.0,,0.0,,0.0,,0.0,,0.0,,0.0,,13.9,,10.3,,0.0,,0.0,,4.8,,0.0,
2002-01-10,1017.7,1020.9,1020.6,2002-01-10T09:18:00,1015.1,2002-01-10T16:16:00,18.5,23.2,2002-01-10T11:59:00,14.9,2002-01-10T05:26:00,14.3,77,54,2002-01-10T13:54:00,2.3,30,7.6,320,2002-01-10T13:36:00,0.0,0.0,0.0,,0.0,,9.3,86.3,12.87,,,,,,,,,,,,,,0.0,,16.8,2002-01-10T10:35:00,,,,12.7,2002-01-10T23:57:00,,,,,,,2.04,2002-01-10T13:00:00,,,,,,,,,,,,,,96,2002-01-10T05:51:00,,,,,,,,,,,,,,,,,,,,,,,,,,,,,,,8.3,,,,,,,4.1,,,0,,2,,2,,4,,1,,1,,1,,1,,2,,0,,0,,1,,1,,0,,0,,0,,0,,0,,0,,0,,0,,0,,0,,0,,0,,0,,0,,0,,0,,0,,0,,1,,1,,3,,2,,0,,1,,0,,,320,,,5.0,2002-01-10T14:46:00,,,0.0,,3.4,,3.6,,7.1,,1.4,,0.8,,2.5,,1.7,,3.7,,0.0,,0.0,,1.6,,1.1,,0.0,,0.0,,0.0,,0.0,,0.0,,0.0,,0.0,,0.0,,0.0,,0.0,,0.0,,0.0,,0.0,,0.0,,0.0,,0.0,,0.0,,0.0,,3.0,,2.9,,11.5,,6.3,,0.0,,3.6,,0.0,
2002-01-11,1015.4,1018.6,1016.7,2002-01-11T00:15:00,1013.2,2002-01-11T14:38:00,19.4,24.2,2002-01-11T13:34:00,15.2,2002-01-11T05:56:00,14.9,76,58,2002-01-11T12:26:00,2.1,10,7.5,40,2002-01-11T12:43:00,0.0,0.0,0.0,,0.0,,9.8,90.9,12.99,,,,,,,,,,,,,,0.0,,17.6,2002-01-11T18:21:00,,,,11.2,2002-01-11T06:55:00,,,,,,,1.92,2002-01-11T12:00:00,,,,,,,,,,,,,,88,2002-01-11T22:23:00,,,,,,,,,,,,,,,,,,,,,,,,,,,,,,,9.0,,,,,,,3.3,,,0,,3,,3,,1,,2,,1,,1,,2,,1,,0,,3,,1,,0,,0,,0,,0,,0,,0,,0,,0,,0,,0,,0,,0,,0,,0,,0,,0,,0,,0,,0,,2,,0,,1,,0,,1,,2,,0,,,320,,,4.8,2002-01-11T14:45:00,,,0.0,,8.2,,6.2,,2.0,,3.4,,0.9,,1.0,,2.2,,0.8,,0.0,,4.2,,1.9,,0.0,,0.0,,0.0,,0.0,,0.0,,0.0,,0.0,,0.0,,0.0,,0.0,,0.0,,0.0,,0.0,,0.0,,0.0,,0.0,,0.0,,0.0,,0.0,,7.1,,0.0,,4.5,,0.0,,3.0,,5.1,,0.0,
2002-01-12,1014.9,1018.1,1016.8,2002-01-12T09:23:00,1012.8,2002-01-12T14:50:00,20.7,25.5,2002-01-12T13:59:00,16.9,2002-01-12T04:07:00,17.2,81,64,2002-01-12T13:35:00,2.6,20,8.2,330,2002-01-12T14:04:00,0.0,0.0,0.0,,0.0,,8.4,77.9,11.94,,,,,,,,,,,,,,3.6,,19.9,2002-01-12T15:12:00,,,,14.5,2002-01-12T06:56:00,,,,,,,1.81,2002-01-12T12:00:00,,,,,,,,,,,,,,94,2002-01-12T04:32:00,,,,,,,,,,,,,,,,,,,,,,,,,,,,,,,8.6,,,,,,,2.8,,,0,,3,,5,,4,,3,,2,,1,,1,,0,,0,,0,,0,,0,,0,,0,,0,,0,,0,,0,,0,,0,,0,,0,,0,,0,,0,,0,,0,,0,,0,,0,,0,,0,,2,,0,,2,,1,,0,,,330,,,5.6,2002-01-12T16:08:00,,,0.0,,11.1,,15.3,,6.3,,4.3,,3.1,,1.9,,1.2,,0.0,,0.0,,0.0,,0.0,,0.0,,0.0,,0.0,,0.0,,0.0,,0.0,,0.0,,0.0,,0.0,,0.0,,0.0,,0.0,,0.0,,0.0,,0.0,,0.0,,0.0,,0.0,,0.0,,0.0,,0.0,,8.9,,0.0,,8.1,,3.3,,0.0,
2002-01-13,1013.9,1017.1,1016.1,2002-01-13T08:37:00,1011.9,2002-01-13T14:42:00,21.7,26.1,2002-01-13T13:22:00,18.5,2002-01-13T07:06:00,18.4,82,65,2002-01-13T12:22:00,2.3,350,8.6,360,2002-01-13T15:15:00,0.0,0.0,0.0,,0.0,,6.4,59.3,11.48,,,,,,,,,,,,,,4.4,,20.6,2002-01-13T16:38:00,,,,16.3,2002-01-13T00:20:00,,,,,,,1.91,2002-01-13T13:00:00,,,,,,,,,,,,,,96,2002-01-13T22:52:00,,,,,,,,,,,,,,,,,,,,,,,,,,,,,,,7.6,,,,,,,3.3,,,0,,3,,3,,0,,3,,0,,0,,0,,0,,0,,1,,1,,0,,1,,2,,0,,2,,0,,0,,1,,0,,0,,0,,0,,0,,0,,0,,0,,0,,0,,0,,0,,0,,0,,2,,3,,2,,0,,,330,,,5.3,2002-01-13T15:17:00,,,0.0,,8.2,,8.1,,0.0,,3.2,,0.0,,0.0,,0.0,,0.0,,0.0,,1.4,,0.8,,0.0,,0.3,,2.0,,0.0,,2.1,,0.0,,0.0,,1.3,,0.0,,0.0,,0.0,,0.0,,0.0,,0.0,,0.0,,0.0,,0.0,,0.0,,0.0,,0.0,,0.0,,0.0,,9.2,,10.9,,7.8,,0.0,
2002-01-14,1012.3,1015.5,1013.8,2002-01-14T09:40:00,1010.1,2002-01-14T14:37:00,21.5,26.4,2002-01-14T13:02:00,18.7,2002-01-14T03:45:00,19.5,89,69,2002-01-14T13:29:00,2.7,20,8.1,50,2002-01-14T23:50:00,0.2,2.0,0.1,2002-01-14T20:01:00,0.1,2002-01-14T19:30:00,1.7,15.7,8.2,,,,,,,,,,,,,,8.0,,21.8,2002-01-14T14:04:00,,,,17.1,2002-01-14T06:59:00,,,,,,,1.81,2002-01-14T13:00:00,,,,,,,,,,,,,,99,2002-01-14T03:59:00,,,,,,,,,,,,,,,,,,,,,,,,,,,,,,,7.7,,,,,,,1.9,,,0,,5,,7,,3,,1,,1,,0,,0,,0,,0,,0,,0,,0,,0,,0,,0,,0,,0,,0,,0,,0,,0,,0,,0,,0,,0,,0,,0,,0,,0,,0,,0,,2,,1,,1,,1,,2,,0,,,20,,,5.3,2002-01-14T23:55:00,,,0.0,,15.4,,16.1,,7.6,,1.2,,1.8,,0.0,,0.0,,0.0,,0.0,,0.0,,0.0,,0.0,,0.0,,0.0,,0.0,,0.0,,0.0,,0.0,,0.0,,0.0,,0.0,,0.0,,0.0,,0.0,,0.0,,0.0,,0.0,,0.0,,0.0,,0.0,,0.0,,7.3,,2.4,,3.8,,2.4,,6.0,,0.0,
2002-01-15,1012.1,1015.2,1014.2,2002-01-15T08:50:00,1010.0,2002-01-15T14:04:00,24.0,28.8,2002-01-15T11:20:00,20.1,2002-01-15T06:48:00,21.8,88,70,2002-01-15T10:59:00,3.1,20,9.1,260,2002-01-15T11:17:00,0.0,0.0,0.0,,0.0,,4.5,41.6,9.81,,,,,,,,,,,,,,7.4,,24.5,2002-01-15T15:15:00,,,,18.9,2002-01-15T03:30:00,,,,,,,1.86,2002-01-15T12:00:00,,,,,,,,,,,,,,100,2002-01-15T06:58:00,,,,,,,,,,,,,,,,,,,,,,,,,,,,,,,8.7,,,,,,,4.6,,,1,,0,,6,,3,,1,,0,,1,,0,,0,,0,,0,,0,,0,,0,,0,,0,,0,,2,,4,,2,,1,,1,,1,,0,,1,,0,,0,,0,,0,,0,,0,,0,,0,,0,,0,,0,,0,,0,,,200,,,5.7,2002-01-15T14:22:00,,,0.2,,0.0,,19.3,,9.2,,2.7,,0.0,,2.5,,0.0,,0.0,,0.0,,0.0,,0.0,,0.0,,0.0,,0.0,,0.0,,0.0,,5.4,,13.4,,6.0,,5.3,,3.4,,3.8,,0.0,,2.7,,0.0,,0.0,,0.0,,0.0,,0.0,,0.0,,0.0,,0.0,,0.0,,0.0,,0.0,,0.0,,0.0,
2002-01-16,1011.0,1014.1,1013.2,2002-01-16T09:03:00,1009.0,2002-01-16T14:51:00,24.3,28.0,2002-01-16T12:19:00,22.4,2002-01-16T23:26:00,22.9,92,81,2002-01-16T12:19:00,2.3,140,7.6,290,2002-01-16T12:23:00,0.0,0.0,0.0,,0.0,,6.3,58.2,11.54,,,,,,,,,,,,,,4.9,,25.1,2002-01-16T13:15:00,,,,20.3,2002-01-16T23:03:00,,,,,,,2.0,2002-01-16T14:00:00,,,,,,,,,,,,,,100,2002-01-16T02:17:00,,,,,,,,,,,,,,,,,,,,,,,,,,,,,,,5.6,,,,,,,5.3,,,0,,0,,0,,0,,0,,2,,0,,1,,0,,0,,0,,0,,0,,1,,4,,0,,3,,0,,0,,2,,0,,0,,0,,0,,2,,0,,1,,3,,0,,1,,0,,0,,1,,2,,0,,1,,0,,0,,,260,,,4.8,2002-01-16T13:01:00,,,0.0,,0.0,,0.0,,0.0,,0.0,,2.0,,0.0,,1.6,,0.0,,0.0,,0.0,,0.0,,0.0,,2.1,,6.4,,0.0,,6.8,,0.0,,0.0,,4.5,,0.0,,0.0,,0.0,,0.0,,5.5,,0.0,,4.5,,10.5,,0.0,,2.5,,0.0,,0.0,,1.7,,4.5,,0.0,,2.0,,0.0,,0.0,
2002-01-17,1010.6,1013.7,1012.6,2002-01-17T09:23:00,1008.9,2002-01-17T14:50:00,22.4,26.6,2002-01-17T14:35:00,20.0,2002-01-17T21:29:00,19.5,84,67,2002-01-17T14:19:00,3.0,10,8.5,50,2002-01-17T20:15:00,0.0,0.0,0.0,,0.0,,5.3,48.9,10.6,,,,,,,,,,,,,,3.4,,22.0,2002-01-17T02:12:00,,,,16.8,2002-01-17T21:33:00,,,,,,,1.67,2002-01-17T13:00:00,,,,,,,,,,,,,,100,2002-01-17T04:14:00,,,,,,,,,,,,,,,,,,,,,,,,,,,,,,,6.6,,,,,,,4.3,,,0,,9,,7,,2,,0,,0,,0,,0,,0,,0,,0,,0,,0,,0,,0,,0,,0,,0,,0,,0,,0,,0,,0,,0,,0,,0,,0,,0,,0,,0,,0,,0,,0,,1,,0,,2,,3,,0,,,20,,,5.8,2002-01-17T19:44:00,,,0.0,,26.4,,22.1,,2.7,,0.0,,0.0,,0.0,,0.0,,0.0,,0.0,,0.0,,0.0,,0.0,,0.0,,0.0,,0.0,,0.0,,0.0,,0.0,,0.0,,0.0,,0.0,,0.0,,0.0,,0.0,,0.0,,0.0,,0.0,,0.0,,0.0,,0.0,,0.0,,0.0,,4.9,,0.0,,7.3,,9.5,,0.0,
2002-01-18,1010.7,1013.9,1012.0,2002-01-18T08:59:00,1008.2,2002-01-18T15:14:00,21.8,28.6,2002-01-18T15:49:00,18.3,2002-01-18T23:59:00,17.0,76,45,2002-01-18T15:49:00,4.2,20,12.8,30,2002-01-18T18:43:00,0.0,0.0,0.0,,0.0,,5.6,51.6,11.4,,,,,,,,,,,,,,4.5,,20.9,2002-01-18T16:22:00,,,,15.0,2002-01-18T23:26:00,,,,,,,2.07,2002-01-18T13:00:00,,,,,,,,,,,,,,85,2002-01-18T00:57:00,,,,,,,,,,,,,,,,,,,,,,,,,,,,,,,10.3,,,,,,,6.0,,,0,,8,,9,,0,,2,,0,,0,,0,,0,,0,,0,,0,,0,,0,,0,,0,,0,,0,,0,,0,,0,,0,,0,,0,,0,,0,,0,,0,,0,,0,,0,,0,,0,,0,,1,,2,,2,,0,,,20,,,8.2,2002-01-18T19:07:00,,,0.0,,39.5,,36.7,,0.0,,5.3,,0.0,,0.0,,0.0,,0.0,,0.0,,0.0,,0.0,,0.0,,0.0,,0.0,,0.0,,0.0,,0.0,,0.0,,0.0,,0.0,,0.0,,0.0,,0.0,,0.0,,0.0,,0.0,,0.0,,0.0,,0.0,,0.0,,0.0,,0.0,,0.0,,4.6,,7.6,,7.0,,0.0,
2002-01-19,1013.5,1016.7,1015.1,2002-01-19T23:42:00,1011.8,2002-01-19T14:12:00,19.0,24.4,2002-01-19T13:57:00,16.2,2002-01-19T07:10:00,15.0,78,63,2002-01-19T13:31:00,4.6,10,12.1,30,2002-01-19T01:09:00,0.0,0.0,0.0,,0.0,,8.8,81.0,13.53,,,,,,,,,,,,,,0.5,,17.6,2002-01-19T14:03:00,,,,13.2,2002-01-19T21:42:00,,,,,,,2.31,2002-01-19T13:00:00,,,,,,,,,,,,,,89,2002-01-19T06:36:00,,,,,,,,,,,,,,,,,,,,,,,,,,,,,,,8.2,,,,,,,7.6,,,0,,12,,5,,2,,0,,0,,0,,0,,0,,0,,0,,0,,0,,0,,0,,0,,0,,0,,0,,0,,0,,0,,0,,0,,0,,0,,0,,0,,0,,0,,0,,0,,0,,0,,2,,0,,3,,0,,,20,,,7.1,2002-01-19T03:12:00,,,0.0,,55.6,,21.9,,8.6,,0.0,,0.0,,0.0,,0.0,,0.0,,0.0,,0.0,,0.0,,0.0,,0.0,,0.0,,0.0,,0.0,,0.0,,0.0,,0.0,,0.0,,0.0,,0.0,,0.0,,0.0,,0.0,,0.0,,0.0,,0.0,,0.0,,0.0,,0.0,,0.0,,0.0,,7.9,,0.0,,15.7,,0.0,
2002-01-20,1014.9,1018.1,1016.3,2002-01-20T09:42:00,1012.7,2002-01-20T14:52:00,18.7,23.1,2002-01-20T13:13:00,15.8,2002-01-20T05:57:00,14.6,78,68,2002-01-20T10:26:00,4.7,10,12.6,20,2002-01-20T15:44:00,0.0,0.0,0.0,,0.0,,9.1,83.6,13.57,,,,,,,,,,,,,,1.9,,17.3,2002-01-20T13:15:00,,,,12.9,2002-01-20T05:17:00,,,,,,,2.22,2002-01-20T13:00:00,,,,,,,,,,,,,,85,2002-01-20T04:30:00,,,,,,,,,,,,,,,,,,,,,,,,,,,,,,,7.3,,,,,,,4.5,,,0,,10,,7,,1,,0,,0,,0,,0,,0,,0,,0,,0,,0,,0,,0,,0,,0,,0,,0,,0,,0,,0,,0,,0,,0,,0,,0,,0,,0,,0,,0,,0,,0,,0,,0,,2,,4,,0,,,10,,,6.9,2002-01-20T16:35:00,,,0.0,,50.9,,28.7,,4.6,,0.0,,0.0,,0.0,,0.0,,0.0,,0.0,,0.0,,0.0,,0.0,,0.0,,0.0,,0.0,,0.0,,0.0,,0.0,,0.0,,0.0,,0.0,,0.0,,0.0,,0.0,,0.0,,0.0,,0.0,,0.0,,0.0,,0.0,,0.0,,0.0,,0.0,,0.0,,10.5,,18.8,,0.0,
2002-01-21,1016.4,1019.6,1018.0,2002-01-21T08:58:00,1014.8,2002-01-21T14:37:00,15.8,19.1,2002-01-21T12:31:00,13.0,2002-01-21T23:24:00,9.8,68,58,2002-01-21T11:13:00,6.1,20,14.6,40,2002-01-21T13:00:00,0.0,0.0,0.0,,0.0,,9.3,85.4,13.61,,,,,,,,,,,,,,3.0,,13.0,2002-01-21T00:08:00,,,,7.0,2002-01-21T21:05:00,,,,,,,2.25,2002-01-21T13:00:00,,,,,,,,,,,,,,79,2002-01-21T00:08:00,,,,,,,,,,,,,,,,,,,,,,,,,,,,,,,6.1,,,,,,,5.0,,,0,,8,,12,,1,,0,,0,,0,,0,,0,,0,,0,,0,,0,,0,,0,,0,,0,,0,,0,,0,,0,,0,,0,,0,,0,,0,,0,,0,,0,,0,,0,,0,,0,,0,,0,,0,,3,,0,,,10,,,8.3,2002-01-21T16:23:00,,,0.0,,49.7,,71.5,,6.0,,0.0,,0.0,,0.0,,0.0,,0.0,,0.0,,0.0,,0.0,,0.0,,0.0,,0.0,,0.0,,0.0,,0.0,,0.0,,0.0,,0.0,,0.0,,0.0,,0.0,,0.0,,0.0,,0.0,,0.0,,0.0,,0.0,,0.0,,0.0,,0.0,,0.0,,0.0,,0.0,,19.2,,0.0,
2002-01-22,1017.9,1021.2,1019.7,2002-01-22T09:26:00,1015.7,2002-01-22T14:47:00,14.6,19.0,2002-01-22T14:21:00,11.7,2002-01-22T23:25:00,8.5,67,56,2002-01-22T13:00:00,4.2,10,11.1,40,2002-01-22T17:02:00,0.0,0.0,0.0,,0.0,,2.8,25.7,9.48,,,,,,,,,,,,,,6.4,,11.2,2002-01-22T16:00:00,,,,6.1,2002-01-22T07:00:00,,,,,,,1.83,2002-01-22T13:00:00,,,,,,,,,,,,,,82,2002-01-22T23:59:59,,,,,,,,,,,,,,,,,,,,,,,,,,,,,,,7.3,,,,,,,7.4,,,0,,11,,7,,1,,0,,0,,0,,0,,0,,0,,0,,0,,0,,0,,0,,0,,0,,0,,0,,0,,0,,0,,0,,0,,0,,0,,0,,0,,0,,0,,0,,0,,0,,0,,0,,2,,3,,0,,,10,,,6.6,2002-01-22T17:05:00,,,0.0,,45.6,,29.4,,4.8,,0.0,,0.0,,0.0,,0.0,,0.0,,0.0,,0.0,,0.0,,0.0,,0.0,,0.0,,0.0,,0.0,,0.0,,0.0,,0.0,,0.0,,0.0,,0.0,,0.0,,0.0,,0.0,,0.0,,0.0,,0.0,,0.0,,0.0,,0.0,,0.0,,0.0,,0.0,,8.3,,11.8,,0.0,
2002-01-23,1018.9,1022.1,1020.6,2002-01-23T09:31:00,1016.9,2002-01-23T14:53:00,15.1,21.0,2002-01-23T13:30:00,11.0,2002-01-23T03:25:00,11.3,79,66,2002-01-23T12:38:00,3.9,20,9.7,60,2002-01-23T13:51:00,0.0,0.0,0.0,,0.0,,8.8,80.6,13.06,,,,,,,,,,,,,,2.4,,14.4,2002-01-23T13:31:00,,,,8.5,2002-01-23T02:00:00,,,,,,,2.19,2002-01-23T13:00:00,,,,,,,,,,,,,,88,2002-01-23T08:00:00,,,,,,,,,,,,,,,,,,,,,,,,,,,,,,,10.0,,,,,,,8.0,,,0,,6,,8,,3,,0,,0,,0,,0,,0,,0,,0,,0,,0,,0,,0,,0,,0,,0,,0,,0,,0,,0,,0,,0,,0,,0,,0,,0,,0,,0,,0,,0,,0,,0,,3,,2,,2,,0,,,20,,,5.6,2002-01-23T04:09:00,,,0.0,,24.1,,32.6,,9.9,,0.0,,0.0,,0.0,,0.0,,0.0,,0.0,,0.0,,0.0,,0.0,,0.0,,0.0,,0.0,,0.0,,0.0,,0.0,,0.0,,0.0,,0.0,,0.0,,0.0,,0.0,,0.0,,0.0,,0.0,,0.0,,0.0,,0.0,,0.0,,0.0,,0.0,,13.3,,7.8,,6.8,,0.0,
2002-01-24,1016.9,1020.1,1019.1,2002-01-24T00:01:00,1014.4,2002-01-24T15:22:00,16.9,23.0,2002-01-24T13:12:00,11.8,2002-01-24T03:27:00,13.3,80,62,2002-01-24T13:12:00,3.7,20,10.1,10,2002-01-24T16:00:00,0.0,0.0,0.0,,0.0,,9.0,82.3,13.21,,,,,,,,,,,,,,2.0,,16.8,2002-01-24T14:07:00,,,,9.8,2002-01-24T03:57:00,,,,,,,2.06,2002-01-24T13:00:00,,,,,,,,,,,,,,90,2002-01-24T22:49:00,,,,,,,,,,,,,,,,,,,,,,,,,,,,,,,11.2,,,,,,,4.3,,,0,,3,,8,,3,,2,,0,,0,,0,,0,,0,,0,,0,,0,,0,,0,,0,,0,,0,,0,,0,,0,,0,,0,,0,,0,,0,,0,,0,,0,,0,,0,,0,,0,,3,,0,,2,,3,,0,,,330,,,6.4,2002-01-24T13:59:00,,,0.0,,11.3,,29.7,,9.9,,4.1,,0.0,,0.0,,0.0,,0.0,,0.0,,0.0,,0.0,,0.0,,0.0,,0.0,,0.0,,0.0,,0.0,,0.0,,0.0,,0.0,,0.0,,0.0,,0.0,,0.0,,0.0,,0.0,,0.0,,0.0,,0.0,,0.0,,0.0,,0.0,,15.5,,0.0,,7.5,,11.1,,0.0,
2002-01-25,1012.3,1015.4,1015.4,2002-01-25T00:10:00,1009.6,2002-01-25T15:05:00,18.9,24.7,2002-01-25T12:55:00,14.6,2002-01-25T04:51:00,17.1,89,51,2002-01-25T11:11:00,2.8,20,7.2,40,2002-01-25T09:31:00,0.0,0.0,0.0,,0.0,,4.1,37.4,9.14,,,,,,,,,,,,,,5.3,,21.9,2002-01-25T14:26:00,,,,11.5,2002-01-25T10:21:00,,,,,,,1.5,2002-01-25T13:00:00,,,,,,,,,,,,,,100,2002-01-25T09:59:00,,,,,,,,,,,,,,,,,,,,,,,,,,,,,,,10.1,,,,,,,3.8,,,0,,5,,10,,4,,0,,0,,0,,0,,0,,0,,0,,0,,0,,0,,0,,0,,0,,0,,0,,0,,0,,0,,0,,0,,0,,0,,0,,0,,0,,0,,1,,0,,1,,1,,0,,0,,2,,0,,,20,,,5.1,2002-01-25T09:32:00,,,0.0,,15.6,,27.6,,12.1,,0.0,,0.0,,0.0,,0.0,,0.0,,0.0,,0.0,,0.0,,0.0,,0.0,,0.0,,0.0,,0.0,,0.0,,0.0,,0.0,,0.0,,0.0,,0.0,,0.0,,0.0,,0.0,,0.0,,0.0,,0.0,,0.0,,1.8,,0.0,,2.7,,3.0,,0.0,,0.0,,5.5,,0.0,
2002-01-26,1012.9,1016.1,1015.1,2002-01-26T09:58:00,1010.7,2002-01-26T04:36:00,18.7,24.3,2002-01-26T13:49:00,15.3,2002-01-26T23:59:59,15.6,83,65,2002-01-26T13:32:00,3.9,20,12.8,40,2002-01-26T16:56:00,1.0,1.3,1.0,2002-01-26T10:02:00,1.0,2002-01-26T10:02:00,4.6,41.9,9.33,,,,,,,,,,,,,,6.9,,18.5,2002-01-26T11:07:00,,,,12.9,2002-01-26T20:38:00,,,,,,,1.95,2002-01-26T13:00:00,,,,,,,,,,,,,,99,2002-01-26T00:19:00,,,,,,,,,,,,,,,,,,,,,,,,,,,,,,,9.0,,,,,,,5.9,,,0,,7,,8,,3,,0,,1,,0,,0,,0,,0,,0,,0,,0,,0,,0,,0,,0,,0,,0,,0,,0,,0,,0,,0,,0,,0,,0,,0,,0,,0,,0,,0,,0,,0,,1,,1,,3,,0,,,20,,,7.4,2002-01-26T16:59:00,,,0.0,,31.5,,30.7,,8.5,,0.0,,2.5,,0.0,,0.0,,0.0,,0.0,,0.0,,0.0,,0.0,,0.0,,0.0,,0.0,,0.0,,0.0,,0.0,,0.0,,0.0,,0.0,,0.0,,0.0,,0.0,,0.0,,0.0,,0.0,,0.0,,0.0,,0.0,,0.0,,0.0,,0.0,,5.0,,2.8,,11.9,,0.0,
2002-01-27,1015.8,1019.0,1017.5,2002-01-27T10:11:00,1013.1,2002-01-27T05:48:00,13.4,15.3,2002-01-27T00:01:00,12.4,2002-01-27T11:50:00,12.3,93,82,2002-01-27T02:13:00,4.2,20,11.7,20,2002-01-27T09:05:00,13.5,8.2,1.5,2002-01-27T13:28:00,5.0,2002-01-27T13:15:00,0.0,0.0,0.0,,,,,,,,,,,,,,9.9,,13.7,2002-01-27T00:01:00,,,,10.9,2002-01-27T05:41:00,,,,,,,0.0,2002-01-27T23:59:00,,,,,,,,,,,,,,100,2002-01-27T09:55:00,,,,,,,,,,,,,,,,,,,,,,,,,,,,,,,2.9,,,,,,,5.1,,,0,,4,,15,,3,,0,,0,,0,,0,,0,,0,,0,,0,,0,,0,,0,,0,,0,,0,,0,,0,,0,,0,,0,,0,,0,,0,,0,,0,,0,,0,,0,,0,,0,,0,,0,,0,,2,,0,,,10,,,6.6,2002-01-27T00:43:00,,,0.0,,18.3,,65.2,,9.7,,0.0,,0.0,,0.0,,0.0,,0.0,,0.0,,0.0,,0.0,,0.0,,0.0,,0.0,,0.0,,0.0,,0.0,,0.0,,0.0,,0.0,,0.0,,0.0,,0.0,,0.0,,0.0,,0.0,,0.0,,0.0,,0.0,,0.0,,0.0,,0.0,,0.0,,0.0,,0.0,,7.2,,0.0,
2002-01-28,1017.7,1021.0,1019.8,2002-01-28T23:28:00,1016.1,2002-01-28T02:51:00,15.2,18.4,2002-01-28T15:13:00,13.0,2002-01-28T04:14:00,13.5,90,74,2002-01-28T09:43:00,3.8,10,9.4,20,2002-01-28T23:38:00,0.5,0.7,0.5,2002-01-28T04:30:00,0.5,2002-01-28T04:30:00,0.1,0.9,7.57,,,,,,,,,,,,,,9.8,,15.7,2002-01-28T12:34:00,,,,10.4,2002-01-28T09:43:00,,,,,,,1.46,2002-01-28T11:00:00,,,,,,,,,,,,,,100,2002-01-28T04:35:00,,,,,,,,,,,,,,,,,,,,,,,,,,,,,,,5.4,,,,,,,2.6,,,0,,8,,8,,4,,0,,0,,0,,0,,0,,0,,0,,0,,0,,0,,0,,0,,0,,0,,0,,0,,0,,0,,0,,0,,0,,0,,0,,0,,0,,0,,0,,0,,0,,0,,0,,0,,4,,0,,,360,,,5.8,2002-01-28T23:39:00,,,0.0,,33.5,,30.6,,12.4,,0.0,,0.0,,0.0,,0.0,,0.0,,0.0,,0.0,,0.0,,0.0,,0.0,,0.0,,0.0,,0.0,,0.0,,0.0,,0.0,,0.0,,0.0,,0.0,,0.0,,0.0,,0.0,,0.0,,0.0,,0.0,,0.0,,0.0,,0.0,,0.0,,0.0,,0.0,,0.0,,15.0,,0.0,
2002-01-29,1020.1,1023.3,1021.3,2002-01-29T09:46:00,1018.7,2002-01-29T13:40:00,14.6,18.1,2002-01-29T14:17:00,12.0,2002-01-29T06:58:00,10.8,79,64,2002-01-29T13:29:00,5.0,10,11.9,70,2002-01-29T06:59:00,0.0,0.0,0.0,,0.0,,1.6,14.5,10.18,,,,,,,,,,,,,,9.0,,12.7,2002-01-29T00:02:00,,,,9.1,2002-01-29T20:02:00,,,,,,,1.8,2002-01-29T14:00:00,,,,,,,,,,,,,,96,2002-01-29T00:02:00,,,,,,,,,,,,,,,,,,,,,,,,,,,,,,,6.1,,,,,,,4.3,,,0,,11,,7,,0,,0,,0,,0,,0,,0,,0,,0,,0,,0,,0,,0,,0,,0,,0,,0,,0,,0,,0,,0,,0,,0,,0,,0,,0,,0,,0,,0,,0,,0,,0,,0,,0,,6,,0,,,20,,,7.0,2002-01-29T10:35:00,,,0.0,,56.8,,36.6,,0.0,,0.0,,0.0,,0.0,,0.0,,0.0,,0.0,,0.0,,0.0,,0.0,,0.0,,0.0,,0.0,,0.0,,0.0,,0.0,,0.0,,0.0,,0.0,,0.0,,0.0,,0.0,,0.0,,0.0,,0.0,,0.0,,0.0,,0.0,,0.0,,0.0,,0.0,,0.0,,0.0,,27.4,,0.0,
2002-01-30,1020.2,1023.5,1021.8,2002-01-30T08:57:00,1017.9,2002-01-30T15:02:00,15.6,20.4,2002-01-30T13:09:00,12.0,2002-01-30T06:00:00,10.5,73,52,2002-01-30T12:34:00,3.4,10,9.1,30,2002-01-30T22:16:00,0.0,0.0,0.0,,0.0,,9.0,81.6,13.83,,,,,,,,,,,,,,1.5,,11.8,2002-01-30T22:17:00,,,,9.4,2002-01-30T08:10:00,,,,,,,2.39,2002-01-30T13:00:00,,,,,,,,,,,,,,90,2002-01-30T06:55:00,,,,,,,,,,,,,,,,,,,,,,,,,,,,,,,8.4,,,,,,,3.6,,,0,,12,,5,,0,,0,,0,,0,,0,,0,,0,,0,,0,,0,,0,,0,,0,,0,,0,,0,,0,,0,,0,,0,,0,,0,,0,,0,,0,,0,,0,,0,,0,,0,,0,,0,,3,,4,,0,,,360,,,5.6,2002-01-30T17:27:00,,,0.0,,41.5,,14.9,,0.0,,0.0,,0.0,,0.0,,0.0,,0.0,,0.0,,0.0,,0.0,,0.0,,0.0,,0.0,,0.0,,0.0,,0.0,,0.0,,0.0,,0.0,,0.0,,0.0,,0.0,,0.0,,0.0,,0.0,,0.0,,0.0,,0.0,,0.0,,0.0,,0.0,,0.0,,0.0,,10.5,,14.5,,0.0,
2002-01-31,1019.4,1022.6,1021.0,2002-01-31T09:06:00,1017.6,2002-01-31T14:28:00,16.6,22.5,2002-01-31T13:55:00,12.1,2002-01-31T05:59:00,11.2,72,50,2002-01-31T13:49:00,3.5,20,8.4,50,2002-01-31T23:52:00,0.0,0.0,0.0,,0.0,,9.0,81.5,14.09,,,,,,,,,,,,,,0.8,,12.8,2002-01-31T14:32:00,,,,9.8,2002-01-31T04:25:00,,,,,,,2.39,2002-01-31T13:00:00,,,,,,,,,,,,,,89,2002-01-31T05:28:00,,,,,,,,,,,,,,,,,,,,,,,,,,,,,,,10.4,,,,,,,3.3,,,0,,6,,10,,2,,0,,0,,0,,0,,0,,0,,0,,0,,0,,0,,0,,0,,0,,0,,0,,0,,0,,0,,0,,0,,0,,0,,0,,0,,0,,0,,0,,0,,2,,1,,1,,0,,2,,0,,,320,,,5.7,2002-01-31T14:57:00,,,0.0,,18.7,,35.2,,7.0,,0.0,,0.0,,0.0,,0.0,,0.0,,0.0,,0.0,,0.0,,0.0,,0.0,,0.0,,0.0,,0.0,,0.0,,0.0,,0.0,,0.0,,0.0,,0.0,,0.0,,0.0,,0.0,,0.0,,0.0,,0.0,,0.0,,0.0,,0.0,,9.4,,2.5,,3.7,,0.0,,6.7,,0.0,
2002-02-01,1017.8,1021.1,1019.8,2002-02-01T09:16:00,1015.7,2002-02-01T13:38:00,17.1,21.9,2002-02-01T13:32:00,14.1,2002-02-01T07:09:00,12.2,73,54,2002-02-01T13:31:00,5.2,10,15.4,30,2002-02-01T23:19:00,0.0,0.0,0.0,,0.0,,8.3,75.0,13.6,,,,,,,,,,,,,,5.0,,13.7,2002-02-01T14:00:00,,,,10.4,2002-02-01T01:35:00,,,,,,,2.18,2002-02-01T12:00:00,,,,,,,,,,,,,,87,2002-02-01T06:44:00,,,,,,,,,,,,,,,,,,,,,,,,,,,,,,,7.8,,,,,,,3.3,,,0,,12,,6,,2,,0,,0,,0,,0,,0,,0,,0,,0,,0,,0,,0,,0,,0,,0,,0,,0,,0,,0,,0,,0,,0,,0,,0,,0,,0,,0,,0,,0,,0,,0,,0,,3,,1,,0,,,10,,,8.5,2002-02-01T23:10:00,,,0.0,,67.8,,25.4,,9.6,,0.0,,0.0,,0.0,,0.0,,0.0,,0.0,,0.0,,0.0,,0.0,,0.0,,0.0,,0.0,,0.0,,0.0,,0.0,,0.0,,0.0,,0.0,,0.0,,0.0,,0.0,,0.0,,0.0,,0.0,,0.0,,0.0,,0.0,,0.0,,0.0,,0.0,,0.0,,15.8,,5.8,,0.0,
2002-02-02,1017.4,1020.7,1018.8,2002-02-02T09:45:00,1016.2,2002-02-02T03:40:00,15.0,19.4,2002-02-02T13:00:00,11.9,2002-02-02T23:52:00,9.4,70,54,2002-02-02T13:36:00,5.5,10,14.8,40,2002-02-02T00:07:00,0.0,0.0,0.0,,0.0,,6.9,62.3,14.54,,,,,,,,,,,,,,5.6,,11.9,2002-02-02T00:01:00,,,,7.0,2002-02-02T22:41:00,,,,,,,2.4,2002-02-02T13:00:00,,,,,,,,,,,,,,83,2002-02-02T03:34:00,,,,,,,,,,,,,,,,,,,,,,,,,,,,,,,7.5,,,,,,,6.5,,,0,,10,,10,,1,,0,,0,,0,,0,,0,,0,,0,,0,,0,,0,,0,,0,,0,,0,,0,,0,,0,,0,,0,,0,,0,,0,,0,,0,,0,,0,,0,,0,,0,,0,,0,,0,,3,,0,,,20,,,9.7,2002-02-02T14:48:00,,,0.0,,57.9,,51.3,,6.5,,0.0,,0.0,,0.0,,0.0,,0.0,,0.0,,0.0,,0.0,,0.0,,0.0,,0.0,,0.0,,0.0,,0.0,,0.0,,0.0,,0.0,,0.0,,0.0,,0.0,,0.0,,0.0,,0.0,,0.0,,0.0,,0.0,,0.0,,0.0,,0.0,,0.0,,0.0,,0.0,,16.8,,0.0,
2002-02-03,1017.6,1020.8,1019.1,2002-02-03T07:46:00,1015.2,2002-02-03T15:11:00,16.1,22.0,2002-02-03T13:47:00,11.5,2002-02-03T03:07:00,9.4,65,48,2002-02-03T13:47:00,3.4,10,8.3,30,2002-02-03T02:58:00,0.0,0.0,0.0,,0.0,,6.6,59.5,12.96,,,,,,,,,,,,,,7.1,,11.6,2002-02-03T15:25:00,,,,6.4,2002-02-03T02:33:00,,,,,,,2.17,2002-02-03T12:00:00,,,,,,,,,,,,,,78,2002-02-03T07:04:00,,,,,,,,,,,,,,,,,,,,,,,,,,,,,,,10.5,,,,,,,4.5,,,0,,11,,5,,1,,0,,0,,0,,0,,0,,0,,0,,0,,0,,0,,0,,0,,0,,0,,0,,0,,0,,0,,0,,0,,0,,0,,0,,0,,0,,0,,0,,0,,1,,1,,0,,1,,4,,0,,,320,,,5.3,2002-02-03T15:01:00,,,0.0,,34.4,,22.0,,3.6,,0.0,,0.0,,0.0,,0.0,,0.0,,0.0,,0.0,,0.0,,0.0,,0.0,,0.0,,0.0,,0.0,,0.0,,0.0,,0.0,,0.0,,0.0,,0.0,,0.0,,0.0,,0.0,,0.0,,0.0,,0.0,,0.0,,0.0,,0.0,,5.2,,4.5,,0.0,,2.7,,9.7,,0.0,
2002-02-04,1015.9,1019.0,1018.0,2002-02-04T01:03:00,1013.2,2002-02-04T15:01:00,18.8,24.3,2002-02-04T15:05:00,14.6,2002-02-04T05:55:00,12.3,68,44,2002-02-04T14:40:00,2.6,20,7.0,20,2002-02-04T05:41:00,0.0,0.0,0.0,,0.0,,9.2,82.8,14.29,,,,,,,,,,,,,,1.1,,15.7,2002-02-04T20:41:00,,,,9.6,2002-02-04T03:57:00,,,,,,,2.4,2002-02-04T13:00:00,,,,,,,,,,,,,,90,2002-02-04T23:00:00,,,,,,,,,,,,,,,,,,,,,,,,,,,,,,,9.7,,,,,,,2.9,,,0,,4,,4,,2,,0,,0,,0,,1,,0,,0,,0,,0,,0,,0,,0,,0,,0,,0,,0,,0,,0,,0,,0,,0,,0,,0,,1,,0,,0,,0,,1,,0,,2,,2,,2,,1,,4,,0,,,330,,,4.6,2002-02-04T17:27:00,,,0.0,,9.7,,11.5,,4.6,,0.0,,0.0,,0.0,,2.5,,0.0,,0.0,,0.0,,0.0,,0.0,,0.0,,0.0,,0.0,,0.0,,0.0,,0.0,,0.0,,0.0,,0.0,,0.0,,0.0,,0.0,,0.0,,1.5,,0.0,,0.0,,0.0,,2.9,,0.0,,6.7,,5.2,,5.8,,2.3,,9.2,,0.0,
2002-02-05,1014.4,1017.6,1016.4,2002-02-05T09:20:00,1012.6,2002-02-05T14:32:00,17.8,22.3,2002-02-05T14:31:00,15.2,2002-02-05T23:55:00,14.1,79,59,2002-02-05T14:38:00,4.3,10,12.8,30,2002-02-05T15:28:00,0.0,0.0,0.0,,0.0,,5.0,44.9,11.36,,,,,,,,,,,,,,6.5,,15.8,2002-02-05T03:21:00,,,,11.0,2002-02-05T23:58:00,,,,,,,2.15,2002-02-05T13:00:00,,,,,,,,,,,,,,97,2002-02-05T03:21:00,,,,,,,,,,,,,,,,,,,,,,,,,,,,,,,7.1,,,,,,,2.4,,,0,,12,,5,,2,,0,,0,,0,,0,,0,,0,,0,,0,,0,,0,,0,,0,,0,,0,,0,,0,,0,,0,,0,,0,,0,,0,,0,,0,,0,,0,,0,,0,,0,,0,,0,,1,,4,,0,,,360,,,7.2,2002-02-05T15:37:00,,,0.0,,51.3,,19.3,,6.5,,0.0,,0.0,,0.0,,0.0,,0.0,,0.0,,0.0,,0.0,,0.0,,0.0,,0.0,,0.0,,0.0,,0.0,,0.0,,0.0,,0.0,,0.0,,0.0,,0.0,,0.0,,0.0,,0.0,,0.0,,0.0,,0.0,,0.0,,0.0,,0.0,,0.0,,0.0,,5.4,,21.4,,0.0,
2002-02-06,1014.1,1017.3,1016.1,2002-02-06T08:31:00,1012.1,2002-02-06T14:52:00,17.9,23.7,2002-02-06T13:27:00,14.1,2002-02-06T04:38:00,11.7,68,49,2002-02-06T13:27:00,3.7,20,14.6,40,2002-02-06T11:03:00,0.0,0.0,0.0,,0.0,,7.7,69.1,13.8,,,,,,,,,,,,,,4.3,,13.1,2002-02-06T11:37:00,,,,10.2,2002-02-06T04:05:00,,,,,,,2.4,2002-02-06T13:00:00,,,,,,,,,,,,,,83,2002-02-06T04:54:00,,,,,,,,,,,,,,,,,,,,,,,,,,,,,,,9.6,,,,,,,3.1,,,0,,7,,9,,2,,0,,0,,0,,0,,0,,0,,0,,0,,0,,0,,0,,0,,0,,0,,0,,0,,0,,0,,0,,0,,0,,0,,0,,0,,0,,0,,0,,0,,0,,0,,1,,3,,2,,0,,,20,,,5.6,2002-02-06T00:08:00,,,0.0,,25.6,,30.6,,8.1,,0.0,,0.0,,0.0,,0.0,,0.0,,0.0,,0.0,,0.0,,0.0,,0.0,,0.0,,0.0,,0.0,,0.0,,0.0,,0.0,,0.0,,0.0,,0.0,,0.0,,0.0,,0.0,,0.0,,0.0,,0.0,,0.0,,0.0,,0.0,,0.0,,0.0,,3.7,,13.5,,7.2,,0.0,
2002-02-07,1014.5,1017.7,1016.6,2002-02-07T09:02:00,1012.4,2002-02-07T15:02:00,18.9,23.6,2002-02-07T14:43:00,15.2,2002-02-07T05:41:00,13.3,71,54,2002-02-07T11:14:00,3.2,20,8.7,360,2002-02-07T15:14:00,0.0,0.0,0.0,,0.0,,9.3,83.3,14.52,,,,,,,,,,,,,,1.9,,15.5,2002-02-07T15:16:00,,,,11.5,2002-02-07T03:24:00,,,,,,,2.4,2002-02-07T13:00:00,,,,,,,,,,,,,,84,2002-02-07T07:10:00,,,,,,,,,,,,,,,,,,,,,,,,,,,,,,,8.4,,,,,,,4.3,,,0,,3,,10,,0,,2,,0,,0,,0,,0,,0,,0,,0,,0,,0,,0,,0,,0,,0,,0,,0,,0,,0,,0,,0,,0,,0,,0,,0,,0,,0,,0,,0,,0,,0,,3,,2,,4,,0,,,330,,,5.9,2002-02-07T12:46:00,,,0.0,,9.2,,32.4,,0.0,,4.2,,0.0,,0.0,,0.0,,0.0,,0.0,,0.0,,0.0,,0.0,,0.0,,0.0,,0.0,,0.0,,0.0,,0.0,,0.0,,0.0,,0.0,,0.0,,0.0,,0.0,,0.0,,0.0,,0.0,,0.0,,0.0,,0.0,,0.0,,0.0,,0.0,,11.5,,8.1,,12.2,,0.0,
2002-02-08,1013.8,1017.0,1016.1,2002-02-08T09:56:00,1011.7,2002-02-08T14:58:00,20.1,25.8,2002-02-08T12:56:00,16.9,2002-02-08T06:34:00,14.8,73,49,2002-02-08T12:31:00,3.2,20,9.8,360,2002-02-08T15:57:00,0.0,0.0,0.0,,0.0,,8.7,77.8,14.14,,,,,,,,,,,,,,3.5,,17.1,2002-02-08T18:14:00,,,,13.6,2002-02-08T12:08:00,,,,,,,2.39,2002-02-08T13:00:00,,,,,,,,,,,,,,87,2002-02-08T07:08:00,,,,,,,,,,,,,,,,,,,,,,,,,,,,,,,8.9,,,,,,,4.8,,,0,,6,,6,,2,,0,,0,,1,,1,,0,,0,,0,,0,,0,,0,,0,,0,,0,,0,,0,,0,,0,,0,,0,,0,,0,,0,,0,,0,,0,,0,,0,,0,,2,,1,,0,,4,,1,,0,,,320,,,6.2,2002-02-08T14:43:00,,,0.0,,18.4,,18.7,,5.2,,0.0,,0.0,,2.7,,1.5,,0.0,,0.0,,0.0,,0.0,,0.0,,0.0,,0.0,,0.0,,0.0,,0.0,,0.0,,0.0,,0.0,,0.0,,0.0,,0.0,,0.0,,0.0,,0.0,,0.0,,0.0,,0.0,,0.0,,0.0,,8.4,,5.1,,0.0,,12.8,,3.3,,0.0,
2002-02-09,1012.6,1015.8,1014.7,2002-02-09T09:18:00,1010.0,2002-02-09T15:10:00,19.6,25.4,2002-02-09T14:34:00,16.0,2002-02-09T06:00:00,15.0,76,51,2002-02-09T14:33:00,3.2,10,11.6,70,2002-02-09T02:51:00,0.0,0.0,0.0,,0.0,,8.8,78.6,14.56,,,,,,,,,,,,,,1.5,,16.4,2002-02-09T02:25:00,,,,13.8,2002-02-09T19:39:00,,,,,,,2.4,2002-02-09T13:00:00,,,,,,,,,,,,,,96,2002-02-09T02:25:00,,,,,,,,,,,,,,,,,,,,,,,,,,,,,,,9.4,,,,,,,3.2,,,0,,7,,5,,1,,1,,0,,0,,0,,0,,0,,0,,0,,0,,0,,0,,0,,0,,0,,0,,0,,0,,0,,0,,0,,0,,0,,0,,0,,0,,0,,0,,2,,1,,2,,1,,1,,3,,0,,,10,,,6.9,2002-02-09T02:57:00,,,0.0,,28.3,,16.5,,2.8,,1.5,,0.0,,0.0,,0.0,,0.0,,0.0,,0.0,,0.0,,0.0,,0.0,,0.0,,0.0,,0.0,,0.0,,0.0,,0.0,,0.0,,0.0,,0.0,,0.0,,0.0,,0.0,,0.0,,0.0,,0.0,,0.0,,0.0,,7.2,,2.6,,5.0,,3.7,,2.8,,7.4,,0.0,
2002-02-10,1014.7,1017.9,1017.4,2002-02-10T22:25:00,1012.5,2002-02-10T03:33:00,17.9,21.7,2002-02-10T14:11:00,15.3,2002-02-10T21:07:00,13.3,75,57,2002-02-10T23:58:00,5.3,10,14.8,30,2002-02-10T12:41:00,0.0,0.0,0.0,,0.0,,7.6,67.7,14.16,,,,,,,,,,,,,,2.6,,15.9,2002-02-10T11:12:00,,,,7.4,2002-02-10T23:58:00,,,,,,,2.25,2002-02-10T13:00:00,,,,,,,,,,,,,,91,2002-02-10T06:57:00,,,,,,,,,,,,,,,,,,,,,,,,,,,,,,,6.4,,,,,,,3.8,,,0,,9,,8,,0,,0,,0,,0,,0,,0,,0,,0,,0,,0,,0,,0,,0,,0,,0,,0,,0,,0,,0,,0,,0,,0,,0,,0,,0,,0,,0,,0,,0,,0,,0,,0,,1,,6,,0,,,360,,,8.3,2002-02-10T12:50:00,,,0.0,,53.8,,37.7,,0.0,,0.0,,0.0,,0.0,,0.0,,0.0,,0.0,,0.0,,0.0,,0.0,,0.0,,0.0,,0.0,,0.0,,0.0,,0.0,,0.0,,0.0,,0.0,,0.0,,0.0,,0.0,,0.0,,0.0,,0.0,,0.0,,0.0,,0.0,,0.0,,0.0,,0.0,,0.0,,6.3,,30.5,,0.0,
2002-02-11,1018.1,1021.3,1019.6,2002-02-11T09:40:00,1016.7,2002-02-11T01:58:00,16.6,19.2,2002-02-11T15:19:00,13.8,2002-02-11T06:11:00,9.8,64,52,2002-02-11T00:57:00,2.1,10,12.3,40,2002-02-11T00:02:00,0.0,0.0,0.0,,0.0,,0.0,0.0,3.62,,,,,,,,,,,,,,9.1,,12.8,2002-02-11T19:05:00,,,,5.6,2002-02-11T01:18:00,,,,,,,0.6,2002-02-11T15:00:00,,,,,,,,,,,,,,76,2002-02-11T23:58:00,,,,,,,,,,,,,,,,,,,,,,,,,,,,,,,5.4,,,,,,,7.0,,,0,,6,,4,,0,,0,,0,,1,,0,,0,,0,,1,,1,,0,,0,,0,,0,,0,,1,,1,,1,,1,,0,,0,,1,,0,,1,,0,,1,,0,,0,,0,,0,,0,,1,,1,,1,,1,,0,,,10,,,6.6,2002-02-11T00:27:00,,,0.0,,21.4,,12.0,,0.0,,0.0,,0.0,,0.7,,0.0,,0.0,,0.0,,1.3,,0.9,,0.0,,0.0,,0.0,,0.0,,0.0,,0.8,,1.1,,1.5,,1.8,,0.0,,0.0,,0.6,,0.0,,1.3,,0.0,,0.8,,0.0,,0.0,,0.0,,0.0,,0.0,,0.9,,2.3,,0.5,,1.7,,0.0,
2002-02-12,1018.4,1021.6,1020.6,2002-02-12T09:26:00,1016.4,2002-02-12T15:55:00,18.0,22.4,2002-02-12T12:20:00,15.4,2002-02-12T23:39:00,12.7,72,54,2002-02-12T12:50:00,2.8,10,7.9,30,2002-02-12T15:21:00,0.0,0.0,0.0,,0.0,,5.3,47.1,11.73,,,,,,,,,,,,,,4.9,,14.3,2002-02-12T19:44:00,,,,10.6,2002-02-12T08:02:00,,,,,,,2.31,2002-02-12T13:00:00,,,,,,,,,,,,,,93,2002-02-12T23:58:00,,,,,,,,,,,,,,,,,,,,,,,,,,,,,,,7.0,,,,,,,4.0,,,0,,7,,4,,1,,0,,0,,0,,0,,0,,0,,0,,0,,0,,0,,0,,0,,0,,0,,0,,0,,0,,0,,0,,0,,0,,0,,0,,0,,0,,0,,0,,0,,1,,1,,4,,1,,5,,0,,,320,,,5.2,2002-02-12T15:51:00,,,0.0,,17.7,,9.0,,3.7,,0.0,,0.0,,0.0,,0.0,,0.0,,0.0,,0.0,,0.0,,0.0,,0.0,,0.0,,0.0,,0.0,,0.0,,0.0,,0.0,,0.0,,0.0,,0.0,,0.0,,0.0,,0.0,,0.0,,0.0,,0.0,,0.0,,0.0,,0.0,,3.9,,3.9,,15.1,,1.4,,13.2,,0.0,
2002-02-13,1017.3,1020.5,1019.1,2002-02-13T09:35:00,1015.5,2002-02-13T14:33:00,18.6,24.3,2002-02-13T12:36:00,14.3,2002-02-13T06:01:00,14.1,77,48,2002-02-13T12:49:00,2.7,30,7.1,40,2002-02-13T20:49:00,0.0,0.0,0.0,,0.0,,5.9,52.3,13.29,,,,,,,,,,,,,,3.3,,16.6,2002-02-13T20:39:00,,,,11.9,2002-02-13T13:57:00,,,,,,,2.32,2002-02-13T12:00:00,,,,,,,,,,,,,,99,2002-02-13T06:22:00,,,,,,,,,,,,,,,,,,,,,,,,,,,,,,,10.0,,,,,,,3.6,,,0,,3,,3,,9,,0,,1,,0,,0,,0,,0,,0,,0,,0,,0,,0,,0,,0,,0,,0,,0,,0,,0,,1,,0,,1,,2,,1,,0,,0,,0,,0,,0,,1,,0,,0,,1,,1,,0,,,10,,,4.5,2002-02-13T20:57:00,,,0.0,,10.3,,7.2,,25.6,,0.0,,1.4,,0.0,,0.0,,0.0,,0.0,,0.0,,0.0,,0.0,,0.0,,0.0,,0.0,,0.0,,0.0,,0.0,,0.0,,0.0,,0.0,,1.4,,0.0,,3.3,,5.4,,2.8,,0.0,,0.0,,0.0,,0.0,,0.0,,2.7,,0.0,,0.0,,2.5,,2.4,,0.0,
2002-02-14,1018.6,1021.8,1020.1,2002-02-14T09:25:00,1017.2,2002-02-14T14:47:00,19.6,25.3,2002-02-14T12:53:00,16.3,2002-02-14T04:03:00,16.1,81,53,2002-02-14T12:31:00,3.4,10,10.0,10,2002-02-14T15:28:00,0.0,0.0,0.0,,0.0,,9.1,80.5,15.64,,,,,,,,,,,,,,0.9,,17.9,2002-02-14T14:29:00,,,,14.7,2002-02-14T12:31:00,,,,,,,2.4,2002-02-14T12:00:00,,,,,,,,,,,,,,99,2002-02-14T04:18:00,,,,,,,,,,,,,,,,,,,,,,,,,,,,,,,9.0,,,,,,,3.8,,,0,,8,,6,,4,,1,,0,,0,,0,,0,,0,,0,,0,,0,,0,,0,,0,,0,,0,,0,,0,,0,,0,,0,,0,,0,,0,,0,,0,,0,,0,,0,,0,,0,,2,,0,,2,,1,,0,,,350,,,6.0,2002-02-14T15:51:00,,,0.0,,31.7,,16.2,,7.4,,1.7,,0.0,,0.0,,0.0,,0.0,,0.0,,0.0,,0.0,,0.0,,0.0,,0.0,,0.0,,0.0,,0.0,,0.0,,0.0,,0.0,,0.0,,0.0,,0.0,,0.0,,0.0,,0.0,,0.0,,0.0,,0.0,,0.0,,0.0,,0.0,,10.1,,0.0,,9.7,,4.5,,0.0,
2002-02-15,1019.2,1022.4,1020.5,2002-02-15T09:56:00,1017.4,2002-02-15T15:32:00,18.7,23.6,2002-02-15T15:22:00,16.0,2002-02-15T05:45:00,16.1,86,64,2002-02-15T13:07:00,3.4,10,8.4,20,2002-02-15T17:04:00,0.0,0.0,0.0,,0.0,,3.8,33.6,11.92,,,,,,,,,,,,,,6.4,,17.2,2002-02-15T15:24:00,,,,15.0,2002-02-15T23:42:00,,,,,,,2.19,2002-02-15T12:00:00,,,,,,,,,,,,,,100,2002-02-15T03:41:00,,,,,,,,,,,,,,,,,,,,,,,,,,,,,,,7.6,,,,,,,4.8,,,0,,6,,5,,5,,0,,0,,0,,0,,0,,0,,0,,0,,0,,0,,0,,0,,0,,0,,0,,0,,0,,0,,0,,0,,0,,0,,0,,0,,0,,0,,0,,0,,0,,1,,0,,4,,3,,0,,,20,,,5.5,2002-02-15T23:55:00,,,0.0,,21.6,,16.7,,14.0,,0.0,,0.0,,0.0,,0.0,,0.0,,0.0,,0.0,,0.0,,0.0,,0.0,,0.0,,0.0,,0.0,,0.0,,0.0,,0.0,,0.0,,0.0,,0.0,,0.0,,0.0,,0.0,,0.0,,0.0,,0.0,,0.0,,0.0,,0.0,,0.0,,4.9,,0.0,,15.4,,9.3,,0.0,
2002-02-16,1018.0,1021.2,1019.9,2002-02-16T00:01:00,1015.9,2002-02-16T14:58:00,19.5,24.7,2002-02-16T12:35:00,16.7,2002-02-16T07:03:00,15.8,80,58,2002-02-16T12:26:00,3.8,10,9.1,340,2002-02-16T13:41:00,0.0,0.0,0.0,,0.0,,7.3,64.4,14.15,,,,,,,,,,,,,,5.4,,17.1,2002-02-16T13:38:00,,,,14.6,2002-02-16T02:49:00,,,,,,,2.3,2002-02-16T12:00:00,,,,,,,,,,,,,,96,2002-02-16T23:50:00,,,,,,,,,,,,,,,,,,,,,,,,,,,,,,,8.0,,,,,,,6.4,,,0,,8,,7,,2,,0,,0,,0,,0,,0,,0,,0,,0,,0,,0,,0,,0,,0,,0,,0,,0,,0,,0,,0,,0,,0,,0,,0,,0,,0,,0,,0,,0,,2,,0,,2,,1,,2,,0,,,320,,,5.6,2002-02-16T13:47:00,,,0.0,,29.1,,27.5,,6.5,,0.0,,0.0,,0.0,,0.0,,0.0,,0.0,,0.0,,0.0,,0.0,,0.0,,0.0,,0.0,,0.0,,0.0,,0.0,,0.0,,0.0,,0.0,,0.0,,0.0,,0.0,,0.0,,0.0,,0.0,,0.0,,0.0,,0.0,,0.0,,9.1,,0.0,,8.1,,4.6,,5.1,,0.0,
2002-02-17,1017.3,1020.5,1018.9,2002-02-17T08:37:00,1015.0,2002-02-17T14:45:00,20.8,26.4,2002-02-17T12:51:00,16.2,2002-02-17T05:28:00,15.8,75,49,2002-02-17T13:14:00,3.5,20,9.7,350,2002-02-17T14:17:00,0.0,0.0,0.0,,0.0,,9.6,84.5,16.29,,,,,,,,,,,,,,1.3,,17.5,2002-02-17T16:54:00,,,,14.7,2002-02-17T20:44:00,,,,,,,2.4,2002-02-17T13:00:00,,,,,,,,,,,,,,99,2002-02-17T01:23:00,,,,,,,,,,,,,,,,,,,,,,,,,,,,,,,10.2,,,,,,,5.8,,,0,,5,,8,,3,,1,,0,,0,,0,,0,,0,,0,,0,,0,,0,,0,,0,,0,,0,,0,,0,,0,,0,,0,,0,,0,,0,,0,,0,,0,,0,,0,,0,,3,,0,,2,,1,,1,,0,,,320,,,6.2,2002-02-17T13:59:00,,,0.0,,15.3,,23.9,,8.4,,1.6,,0.0,,0.0,,0.0,,0.0,,0.0,,0.0,,0.0,,0.0,,0.0,,0.0,,0.0,,0.0,,0.0,,0.0,,0.0,,0.0,,0.0,,0.0,,0.0,,0.0,,0.0,,0.0,,0.0,,0.0,,0.0,,0.0,,0.0,,16.8,,0.0,,8.2,,5.4,,4.8,,0.0,
2002-02-18,1018.9,1022.1,1020.8,2002-02-18T22:43:00,1017.2,2002-02-18T03:25:00,21.1,25.5,2002-02-18T14:55:00,17.9,2002-02-18T06:03:00,15.3,71,46,2002-02-18T17:00:00,2.5,10,8.3,40,2002-02-18T15:40:00,0.0,0.0,0.0,,0.0,,1.6,14.1,9.84,,,,,,,,,,,,,,6.6,,17.4,2002-02-18T11:00:00,,,,12.3,2002-02-18T17:00:00,,,,,,,1.45,2002-02-18T13:00:00,,,,,,,,,,,,,,94,2002-02-18T04:00:00,,,,,,,,,,,,,,,,,,,,,,,,,,,,,,,7.6,,,,,,,3.0,,,0,,8,,6,,2,,0,,0,,0,,0,,0,,0,,0,,0,,0,,0,,0,,0,,0,,0,,0,,0,,0,,0,,0,,0,,0,,0,,0,,0,,0,,0,,0,,0,,0,,0,,1,,2,,5,,0,,,10,,,4.8,2002-02-18T15:41:00,,,0.0,,19.1,,15.9,,4.3,,0.0,,0.0,,0.0,,0.0,,0.0,,0.0,,0.0,,0.0,,0.0,,0.0,,0.0,,0.0,,0.0,,0.0,,0.0,,0.0,,0.0,,0.0,,0.0,,0.0,,0.0,,0.0,,0.0,,0.0,,0.0,,0.0,,0.0,,0.0,,0.0,,0.0,,2.0,,6.1,,13.6,,0.0,
2002-02-19,1020.8,1024.0,1023.2,2002-02-19T21:27:00,1019.0,2002-02-19T15:08:00,19.9,25.7,2002-02-19T12:46:00,15.8,2002-02-19T23:54:00,11.6,59,50,2002-02-19T12:30:00,3.5,10,8.9,340,2002-02-19T13:53:00,0.0,0.0,0.0,,0.0,,7.5,65.8,12.97,,,,,,,,,,,,,,2.3,,14.8,2002-02-19T13:17:00,,,,8.0,2002-02-19T23:39:00,,,,,,,1.88,2002-02-19T14:00:00,,,,,,,,,,,,,,67,2002-02-19T02:26:00,,,,,,,,,,,,,,,,,,,,,,,,,,,,,,,9.9,,,,,,,4.6,,,0,,11,,5,,1,,0,,0,,0,,0,,0,,0,,0,,0,,0,,0,,0,,0,,0,,0,,0,,0,,0,,0,,0,,0,,0,,0,,0,,0,,0,,0,,1,,0,,0,,2,,0,,2,,2,,0,,,320,,,5.8,2002-02-19T13:46:00,,,0.0,,39.7,,15.7,,3.3,,0.0,,0.0,,0.0,,0.0,,0.0,,0.0,,0.0,,0.0,,0.0,,0.0,,0.0,,0.0,,0.0,,0.0,,0.0,,0.0,,0.0,,0.0,,0.0,,0.0,,0.0,,0.0,,0.0,,0.0,,0.0,,0.0,,2.7,,0.0,,0.0,,8.4,,0.0,,7.2,,8.0,,0.0,
2002-02-20,1021.6,1024.8,1023.9,2002-02-20T09:27:00,1019.5,2002-02-20T15:39:00,18.6,22.8,2002-02-20T13:27:00,14.7,2002-02-20T06:53:00,10.7,60,52,2002-02-20T13:20:00,2.5,20,8.1,340,2002-02-20T14:07:00,0.0,0.0,0.0,,0.0,,8.6,75.3,15.27,,,,,,,,,,,,,,1.4,,12.9,2002-02-20T14:57:00,,,,7.4,2002-02-20T03:09:00,,,,,,,2.4,2002-02-20T13:00:00,,,,,,,,,,,,,,67,2002-02-20T07:12:00,,,,,,,,,,,,,,,,,,,,,,,,,,,,,,,8.1,,,,,,,5.5,,,0,,1,,6,,1,,0,,0,,0,,0,,0,,0,,0,,0,,0,,0,,0,,0,,0,,0,,1,,0,,0,,0,,0,,0,,0,,1,,1,,1,,0,,0,,0,,1,,3,,3,,1,,1,,3,,0,,,320,,,5.0,2002-02-20T14:24:00,,,0.0,,1.9,,12.6,,3.2,,0.0,,0.0,,0.0,,0.0,,0.0,,0.0,,0.0,,0.0,,0.0,,0.0,,0.0,,0.0,,0.0,,0.0,,0.3,,0.0,,0.0,,0.0,,0.0,,0.0,,0.0,,2.6,,2.5,,1.7,,0.0,,0.0,,0.0,,4.2,,12.4,,9.0,,1.2,,1.9,,7.4,,0.0,
2002-02-21,1019.9,1023.1,1021.8,2002-02-21T09:15:00,1017.9,2002-02-21T15:25:00,20.0,24.0,2002-02-21T13:21:00,17.3,2002-02-21T05:44:00,14.3,70,59,2002-02-21T10:30:00,2.9,10,9.9,340,2002-02-21T13:47:00,0.0,0.0,0.0,,0.0,,7.9,69.1,14.72,,,,,,,,,,,,,,2.9,,17.8,2002-02-21T12:37:00,,,,11.7,2002-02-21T00:09:00,,,,,,,2.33,2002-02-21T14:00:00,,,,,,,,,,,,,,76,2002-02-21T19:38:00,,,,,,,,,,,,,,,,,,,,,,,,,,,,,,,6.7,,,,,,,4.4,,,0,,6,,3,,3,,3,,0,,0,,0,,0,,0,,0,,0,,0,,0,,0,,0,,0,,0,,0,,0,,0,,0,,0,,0,,0,,0,,0,,0,,0,,0,,0,,0,,1,,4,,1,,1,,2,,0,,,320,,,6.1,2002-02-21T14:52:00,,,0.0,,14.3,,8.5,,6.1,,4.7,,0.0,,0.0,,0.0,,0.0,,0.0,,0.0,,0.0,,0.0,,0.0,,0.0,,0.0,,0.0,,0.0,,0.0,,0.0,,0.0,,0.0,,0.0,,0.0,,0.0,,0.0,,0.0,,0.0,,0.0,,0.0,,0.0,,0.0,,4.9,,18.3,,4.0,,2.9,,5.7,,0.0,
2002-02-22,1018.9,1022.0,1021.1,2002-02-22T07:44:00,1016.8,2002-02-22T15:12:00,21.1,26.9,2002-02-22T12:45:00,17.0,2002-02-22T07:00:00,14.7,68,45,2002-02-22T12:45:00,2.9,350,8.8,350,2002-02-22T15:35:00,0.0,0.0,0.0,,0.0,,9.7,84.6,16.54,,,,,,,,,,,,,,1.0,,16.0,2002-02-22T23:40:00,,,,12.0,2002-02-22T00:29:00,,,,,,,2.4,2002-02-22T14:00:00,,,,,,,,,,,,,,86,2002-02-22T07:00:00,,,,,,,,,,,,,,,,,,,,,,,,,,,,,,,9.9,,,,,,,6.8,,,0,,4,,4,,2,,1,,2,,2,,1,,0,,0,,0,,0,,0,,0,,0,,0,,0,,0,,0,,0,,0,,0,,0,,0,,0,,0,,0,,0,,0,,0,,0,,0,,0,,1,,1,,4,,2,,0,,,330,,,6.1,2002-02-22T15:38:00,,,0.0,,10.2,,10.4,,4.7,,1.5,,3.3,,2.6,,1.9,,0.0,,0.0,,0.0,,0.0,,0.0,,0.0,,0.0,,0.0,,0.0,,0.0,,0.0,,0.0,,0.0,,0.0,,0.0,,0.0,,0.0,,0.0,,0.0,,0.0,,0.0,,0.0,,0.0,,0.0,,0.0,,5.0,,4.4,,16.1,,8.5,,0.0,
2002-02-23,1016.1,1019.2,1018.5,2002-02-23T00:04:00,1013.6,2002-02-23T15:00:00,20.9,26.5,2002-02-23T12:57:00,17.2,2002-02-23T06:15:00,16.7,78,57,2002-02-23T12:04:00,3.4,20,9.9,10,2002-02-23T14:27:00,0.0,0.0,0.0,,0.0,,9.3,81.0,15.8,,,,,,,,,,,,,,2.0,,18.1,2002-02-23T13:00:00,,,,15.8,2002-02-23T00:01:00,,,,,,,2.4,2002-02-23T13:00:00,,,,,,,,,,,,,,95,2002-02-23T05:50:00,,,,,,,,,,,,,,,,,,,,,,,,,,,,,,,9.3,,,,,,,3.7,,,0,,3,,8,,1,,1,,0,,0,,0,,0,,0,,0,,0,,0,,0,,0,,0,,0,,0,,0,,0,,0,,0,,0,,0,,0,,0,,0,,0,,0,,0,,0,,0,,1,,3,,0,,2,,5,,0,,,330,,,6.1,2002-02-23T14:36:00,,,0.0,,9.2,,25.6,,2.6,,2.4,,0.0,,0.0,,0.0,,0.0,,0.0,,0.0,,0.0,,0.0,,0.0,,0.0,,0.0,,0.0,,0.0,,0.0,,0.0,,0.0,,0.0,,0.0,,0.0,,0.0,,0.0,,0.0,,0.0,,0.0,,0.0,,0.0,,0.0,,3.5,,13.5,,0.0,,8.0,,15.7,,0.0,
2002-02-24,1016.3,1019.5,1018.2,2002-02-24T09:04:00,1014.4,2002-02-24T15:12:00,19.4,24.2,2002-02-24T13:49:00,16.1,2002-02-24T23:39:00,15.4,79,61,2002-02-24T13:48:00,5.1,10,13.6,20,2002-02-24T09:42:00,0.0,0.0,0.0,,0.0,,9.2,80.0,16.06,,,,,,,,,,,,,,1.6,,16.7,2002-02-24T03:07:00,,,,12.8,2002-02-24T23:52:00,,,,,,,2.4,2002-02-24T13:00:00,,,,,,,,,,,,,,92,2002-02-24T03:07:00,,,,,,,,,,,,,,,,,,,,,,,,,,,,,,,8.1,,,,,,,4.3,,,0,,13,,6,,0,,0,,0,,0,,0,,0,,0,,0,,0,,0,,0,,0,,0,,0,,0,,0,,0,,0,,0,,0,,0,,0,,0,,0,,0,,0,,0,,0,,0,,0,,0,,0,,0,,5,,0,,,10,,,8.1,2002-02-24T09:50:00,,,0.0,,68.1,,29.1,,0.0,,0.0,,0.0,,0.0,,0.0,,0.0,,0.0,,0.0,,0.0,,0.0,,0.0,,0.0,,0.0,,0.0,,0.0,,0.0,,0.0,,0.0,,0.0,,0.0,,0.0,,0.0,,0.0,,0.0,,0.0,,0.0,,0.0,,0.0,,0.0,,0.0,,0.0,,0.0,,0.0,,24.5,,0.0,
2002-02-25,1017.1,1020.2,1019.5,2002-02-25T09:16:00,1014.7,2002-02-25T15:47:00,19.1,23.9,2002-02-25T12:59:00,14.9,2002-02-25T06:55:00,15.0,77,63,2002-02-25T11:31:00,3.9,20,10.0,40,2002-02-25T14:33:00,0.0,0.0,0.0,,0.0,,8.4,72.9,15.06,,,,,,,,,,,,,,2.3,,17.4,2002-02-25T13:25:00,,,,12.5,2002-02-25T06:42:00,,,,,,,2.4,2002-02-25T12:00:00,,,,,,,,,,,,,,88,2002-02-25T06:55:00,,,,,,,,,,,,,,,,,,,,,,,,,,,,,,,9.0,,,,,,,4.6,,,0,,6,,6,,3,,0,,0,,0,,0,,0,,0,,0,,0,,0,,0,,0,,0,,0,,0,,0,,0,,0,,0,,0,,0,,0,,0,,0,,0,,0,,0,,0,,0,,0,,0,,1,,2,,6,,0,,,360,,,6.3,2002-02-25T15:22:00,,,0.0,,24.4,,24.9,,12.2,,0.0,,0.0,,0.0,,0.0,,0.0,,0.0,,0.0,,0.0,,0.0,,0.0,,0.0,,0.0,,0.0,,0.0,,0.0,,0.0,,0.0,,0.0,,0.0,,0.0,,0.0,,0.0,,0.0,,0.0,,0.0,,0.0,,0.0,,0.0,,0.0,,0.0,,4.8,,5.5,,21.4,,0.0,
2002-02-26,1015.4,1018.6,1018.0,2002-02-26T09:20:00,1012.8,2002-02-26T15:16:00,21.5,26.8,2002-02-26T13:58:00,17.2,2002-02-26T06:23:00,15.7,71,49,2002-02-26T15:00:00,2.6,10,9.4,320,2002-02-26T15:34:00,0.0,0.0,0.0,,0.0,,9.8,84.9,15.74,,,,,,,,,,,,,,0.1,,17.0,2002-02-26T13:56:00,,,,14.4,2002-02-26T16:00:00,,,,,,,2.4,2002-02-26T13:00:00,,,,,,,,,,,,,,88,2002-02-26T06:23:00,,,,,,,,,,,,,,,,,,,,,,,,,,,,,,,9.6,,,,,,,4.9,,,0,,6,,5,,0,,1,,0,,1,,1,,0,,0,,0,,0,,0,,0,,0,,0,,0,,0,,0,,0,,0,,0,,0,,0,,0,,0,,0,,0,,0,,0,,0,,2,,0,,2,,1,,3,,2,,0,,,310,,,6.0,2002-02-26T15:23:00,,,0.0,,11.6,,9.3,,0.0,,1.7,,0.0,,1.5,,1.1,,0.0,,0.0,,0.0,,0.0,,0.0,,0.0,,0.0,,0.0,,0.0,,0.0,,0.0,,0.0,,0.0,,0.0,,0.0,,0.0,,0.0,,0.0,,0.0,,0.0,,0.0,,0.0,,0.0,,10.5,,0.0,,7.3,,3.8,,9.9,,4.9,,0.0,
2002-02-27,1013.2,1016.3,1015.8,2002-02-27T08:52:00,1010.5,2002-02-27T16:32:00,22.4,27.6,2002-02-27T13:35:00,18.4,2002-02-27T06:39:00,15.2,65,48,2002-02-27T12:16:00,2.5,10,8.2,30,2002-02-27T11:29:00,0.0,0.0,0.0,,0.0,,10.4,89.9,16.03,,,,,,,,,,,,,,0.4,,16.5,2002-02-27T13:56:00,,,,13.6,2002-02-27T06:24:00,,,,,,,2.4,2002-02-27T12:00:00,,,,,,,,,,,,,,78,2002-02-27T01:03:00,,,,,,,,,,,,,,,,,,,,,,,,,,,,,,,9.2,,,,,,,8.1,,,0,,5,,2,,1,,1,,1,,2,,1,,0,,0,,1,,0,,0,,0,,0,,0,,0,,0,,0,,0,,0,,0,,0,,0,,0,,0,,0,,0,,1,,1,,0,,1,,2,,2,,1,,0,,2,,0,,,310,,,4.9,2002-02-27T14:01:00,,,0.0,,10.9,,5.3,,1.9,,1.1,,1.6,,3.1,,1.2,,0.0,,0.0,,1.5,,0.0,,0.0,,0.0,,0.0,,0.0,,0.0,,0.0,,0.0,,0.0,,0.0,,0.0,,0.0,,0.0,,0.0,,0.0,,0.0,,0.0,,2.5,,2.4,,0.0,,4.8,,6.5,,7.0,,3.5,,0.0,,6.5,,0.0,
2002-02-28,1013.4,1016.5,1015.3,2002-02-28T08:52:00,1012.0,2002-02-28T03:09:00,22.8,27.3,2002-02-28T12:00:00,19.2,2002-02-28T05:49:00,16.3,67,57,2002-02-28T11:19:00,2.3,360,7.5,360,2002-02-28T12:38:00,0.0,0.0,0.0,,0.0,,8.2,70.8,14.69,,,,,,,,,,,,,,4.0,,18.1,2002-02-28T12:02:00,,,,13.8,2002-02-28T06:34:00,,,,,,,2.37,2002-02-28T13:00:00,,,,,,,,,,,,,,80,2002-02-28T23:32:00,,,,,,,,,,,,,,,,,,,,,,,,,,,,,,,8.1,,,,,,,6.3,,,0,,0,,0,,0,,0,,0,,1,,1,,1,,1,,4,,0,,1,,0,,0,,0,,0,,1,,0,,0,,0,,0,,0,,0,,0,,1,,0,,0,,3,,1,,1,,0,,1,,0,,1,,0,,6,,0,,,260,,,4.3,2002-02-28T13:45:00,,,0.0,,0.0,,0.0,,0.0,,0.0,,0.0,,1.2,,0.7,,1.5,,0.9,,6.8,,0.0,,1.1,,0.0,,0.0,,0.0,,0.0,,0.7,,0.0,,0.0,,0.0,,0.0,,0.0,,0.0,,0.0,,2.7,,0.0,,0.0,,8.5,,3.1,,3.4,,0.0,,3.7,,0.0,,2.9,,0.0,,18.6,,0.0,
2002-03-01,1013.8,1017.0,1015.7,2002-03-01T09:28:00,1012.0,2002-03-01T15:30:00,22.0,26.4,2002-03-01T12:36:00,18.9,2002-03-01T23:49:00,17.4,76,60,2002-03-01T11:24:00,3.7,10,10.7,90,2002-03-01T13:12:00,0.0,0.0,0.0,,0.0,,5.8,50.0,13.29,,,,,,,,,,,,,,2.3,,19.5,2002-03-01T13:02:00,,,,16.6,2002-03-01T23:26:00,,,,,,,1.99,2002-03-01T13:00:00,,,,,,,,,,,,,,87,2002-03-01T23:30:00,,,,,,,,,,,,,,,,,,,,,,,,,,,,,,,7.5,,,,,,,3.1,,,0,,8,,4,,0,,0,,0,,0,,0,,0,,0,,0,,0,,0,,0,,0,,0,,0,,0,,0,,0,,0,,0,,0,,0,,0,,0,,0,,0,,0,,0,,0,,0,,0,,0,,0,,7,,5,,0,,,340,,,6.3,2002-03-01T13:26:00,,,0.0,,28.9,,13.1,,0.0,,0.0,,0.0,,0.0,,0.0,,0.0,,0.0,,0.0,,0.0,,0.0,,0.0,,0.0,,0.0,,0.0,,0.0,,0.0,,0.0,,0.0,,0.0,,0.0,,0.0,,0.0,,0.0,,0.0,,0.0,,0.0,,0.0,,0.0,,0.0,,0.0,,0.0,,0.0,,28.8,,18.5,,0.0,
2002-03-02,1012.7,1015.9,1014.7,2002-03-02T09:39:00,1011.2,2002-03-02T16:32:00,22.5,27.3,2002-03-02T13:49:00,18.4,2002-03-02T06:49:00,17.6,75,57,2002-03-02T16:01:00,3.3,20,10.9,360,2002-03-02T14:46:00,0.0,0.0,0.0,,0.0,,9.5,81.7,15.19,,,,,,,,,,,,,,1.3,,19.9,2002-03-02T14:11:00,,,,16.5,2002-03-02T00:19:00,,,,,,,2.34,2002-03-02T12:00:00,,,,,,,,,,,,,,91,2002-03-02T06:49:00,,,,,,,,,,,,,,,,,,,,,,,,,,,,,,,8.9,,,,,,,2.9,,,0,,4,,9,,2,,0,,0,,0,,0,,0,,0,,0,,0,,0,,0,,0,,0,,0,,0,,0,,0,,0,,0,,0,,0,,0,,0,,0,,0,,0,,0,,0,,0,,0,,0,,0,,5,,4,,0,,,350,,,6.8,2002-03-02T14:48:00,,,0.0,,11.4,,25.4,,3.6,,0.0,,0.0,,0.0,,0.0,,0.0,,0.0,,0.0,,0.0,,0.0,,0.0,,0.0,,0.0,,0.0,,0.0,,0.0,,0.0,,0.0,,0.0,,0.0,,0.0,,0.0,,0.0,,0.0,,0.0,,0.0,,0.0,,0.0,,0.0,,0.0,,0.0,,0.0,,25.0,,12.8,,0.0,
2002-03-03,1013.4,1016.5,1015.3,2002-03-03T08:40:00,1011.5,2002-03-03T14:25:00,22.4,28.2,2002-03-03T12:13:00,18.8,2002-03-03T06:36:00,17.7,76,55,2002-03-03T14:10:00,3.3,10,9.7,20,2002-03-03T20:17:00,0.0,0.0,0.0,,0.0,,8.1,69.5,15.16,,,,,,,,,,,,,,4.5,,19.3,2002-03-03T10:55:00,,,,16.2,2002-03-03T23:52:00,,,,,,,2.4,2002-03-03T13:00:00,,,,,,,,,,,,,,89,2002-03-03T02:49:00,,,,,,,,,,,,,,,,,,,,,,,,,,,,,,,9.4,,,,,,,4.7,,,0,,6,,3,,0,,0,,0,,0,,0,,0,,0,,0,,0,,0,,0,,0,,0,,0,,0,,0,,0,,0,,0,,0,,1,,0,,2,,0,,0,,0,,0,,1,,1,,1,,1,,2,,1,,5,,0,,,10,,,5.3,2002-03-03T22:26:00,,,0.0,,20.4,,11.6,,0.0,,0.0,,0.0,,0.0,,0.0,,0.0,,0.0,,0.0,,0.0,,0.0,,0.0,,0.0,,0.0,,0.0,,0.0,,0.0,,0.0,,0.0,,0.0,,0.0,,3.9,,0.0,,6.8,,0.0,,0.0,,0.0,,0.0,,3.3,,2.8,,2.0,,1.5,,5.0,,2.9,,19.5,,0.0,
2002-03-04,1013.0,1016.2,1014.8,2002-03-04T08:07:00,1010.8,2002-03-04T14:47:00,21.7,27.4,2002-03-04T13:13:00,18.2,2002-03-04T06:33:00,17.7,79,63,2002-03-04T12:27:00,3.4,360,15.9,40,2002-03-04T11:49:00,0.0,0.0,0.0,,0.0,,7.0,60.0,14.58,,,,,,,,,,,,,,5.0,,20.6,2002-03-04T13:53:00,,,,15.6,2002-03-04T04:40:00,,,,,,,2.39,2002-03-04T12:00:00,,,,,,,,,,,,,,87,2002-03-04T22:59:00,,,,,,,,,,,,,,,,,,,,,,,,,,,,,,,9.2,,,,,,,4.3,,,0,,5,,3,,0,,0,,0,,0,,0,,0,,0,,0,,0,,0,,0,,0,,0,,0,,0,,0,,0,,0,,0,,0,,0,,0,,0,,0,,0,,0,,0,,0,,0,,4,,0,,1,,2,,9,,0,,,320,,,6.3,2002-03-04T14:20:00,,,0.0,,19.2,,7.0,,0.0,,0.0,,0.0,,0.0,,0.0,,0.0,,0.0,,0.0,,0.0,,0.0,,0.0,,0.0,,0.0,,0.0,,0.0,,0.0,,0.0,,0.0,,0.0,,0.0,,0.0,,0.0,,0.0,,0.0,,0.0,,0.0,,0.0,,0.0,,0.0,,19.3,,0.0,,3.9,,6.8,,26.4,,0.0,
2002-03-05,1011.6,1014.7,1013.2,2002-03-05T23:23:00,1009.5,2002-03-05T14:15:00,22.4,27.3,2002-03-05T12:47:00,19.2,2002-03-05T05:56:00,17.8,76,59,2002-03-05T12:47:00,3.7,10,10.4,350,2002-03-05T14:00:00,0.0,0.0,0.0,,0.0,,7.5,64.1,15.03,,,,,,,,,,,,,,3.0,,19.1,2002-03-05T11:18:00,,,,16.6,2002-03-05T23:59:00,,,,,,,2.29,2002-03-05T13:00:00,,,,,,,,,,,,,,92,2002-03-05T04:16:00,,,,,,,,,,,,,,,,,,,,,,,,,,,,,,,8.1,,,,,,,3.6,,,0,,7,,5,,1,,0,,0,,0,,0,,0,,0,,0,,0,,0,,0,,0,,0,,0,,0,,0,,0,,0,,0,,0,,0,,0,,0,,0,,0,,0,,0,,0,,0,,2,,0,,3,,2,,4,,0,,,340,,,6.6,2002-03-05T15:33:00,,,0.0,,22.1,,16.6,,2.3,,0.0,,0.0,,0.0,,0.0,,0.0,,0.0,,0.0,,0.0,,0.0,,0.0,,0.0,,0.0,,0.0,,0.0,,0.0,,0.0,,0.0,,0.0,,0.0,,0.0,,0.0,,0.0,,0.0,,0.0,,0.0,,0.0,,0.0,,0.0,,11.7,,0.0,,13.2,,10.2,,13.7,,0.0,
2002-03-06,1013.8,1017.0,1016.1,2002-03-06T22:55:00,1011.7,2002-03-06T02:52:00,18.4,21.6,2002-03-06T00:14:00,14.9,2002-03-06T23:26:00,12.4,68,58,2002-03-06T13:20:00,5.7,10,15.9,30,2002-03-06T10:23:00,0.0,0.0,0.0,,0.0,,4.5,38.4,11.55,,,,,,,,,,,,,,6.9,,17.7,2002-03-06T04:08:00,,,,7.4,2002-03-06T22:34:00,,,,,,,1.87,2002-03-06T11:00:00,,,,,,,,,,,,,,88,2002-03-06T04:16:00,,,,,,,,,,,,,,,,,,,,,,,,,,,,,,,6.7,,,,,,,4.8,,,0,,19,,0,,0,,0,,0,,0,,0,,0,,0,,0,,0,,0,,0,,0,,0,,0,,0,,0,,0,,0,,0,,0,,0,,0,,0,,0,,0,,0,,0,,0,,0,,0,,0,,0,,0,,5,,0,,,10,,,9.0,2002-03-06T07:44:00,,,0.0,,105.7,,0.0,,0.0,,0.0,,0.0,,0.0,,0.0,,0.0,,0.0,,0.0,,0.0,,0.0,,0.0,,0.0,,0.0,,0.0,,0.0,,0.0,,0.0,,0.0,,0.0,,0.0,,0.0,,0.0,,0.0,,0.0,,0.0,,0.0,,0.0,,0.0,,0.0,,0.0,,0.0,,0.0,,0.0,,30.7,,0.0,
2002-03-07,1016.3,1019.5,1018.7,2002-03-07T23:16:00,1014.7,2002-03-07T03:27:00,19.1,23.9,2002-03-07T12:23:00,14.6,2002-03-07T01:27:00,9.5,54,40,2002-03-07T15:51:00,3.2,10,10.0,210,2002-03-07T13:12:00,0.0,0.0,0.0,,0.0,,9.3,79.2,15.83,,,,,,,,,,,,,,2.8,,14.0,2002-03-07T12:08:00,,,,4.8,2002-03-07T03:52:00,,,,,,,2.4,2002-03-07T13:00:00,,,,,,,,,,,,,,66,2002-03-07T23:25:00,,,,,,,,,,,,,,,,,,,,,,,,,,,,,,,9.3,,,,,,,7.0,,,0,,6,,3,,2,,0,,0,,1,,0,,0,,0,,0,,0,,0,,1,,1,,1,,0,,2,,1,,1,,0,,1,,1,,1,,0,,0,,0,,0,,0,,0,,0,,0,,0,,0,,0,,0,,2,,0,,,190,,,6.9,2002-03-07T13:18:00,,,0.0,,21.1,,10.1,,3.4,,0.0,,0.0,,1.6,,0.0,,0.0,,0.0,,0.0,,0.0,,0.0,,1.8,,3.1,,1.7,,0.0,,9.1,,2.1,,2.4,,0.0,,4.9,,3.8,,3.7,,0.0,,0.0,,0.0,,0.0,,0.0,,0.0,,0.0,,0.0,,0.0,,0.0,,0.0,,0.0,,7.1,,0.0,
2002-03-08,1019.3,1022.5,1021.0,2002-03-08T09:27:00,1017.5,2002-03-08T03:24:00,20.9,25.3,2002-03-08T12:09:00,16.9,2002-03-08T06:24:00,13.0,61,49,2002-03-08T11:38:00,2.3,310,9.9,340,2002-03-08T13:15:00,0.0,0.0,0.0,,0.0,,9.1,77.3,15.3,,,,,,,,,,,,,,0.6,,14.4,2002-03-08T20:25:00,,,,11.1,2002-03-08T05:37:00,,,,,,,2.33,2002-03-08T12:00:00,,,,,,,,,,,,,,71,2002-03-08T23:44:00,,,,,,,,,,,,,,,,,,,,,,,,,,,,,,,8.4,,,,,,,6.5,,,0,,3,,0,,0,,1,,1,,0,,1,,1,,1,,1,,0,,0,,2,,0,,1,,0,,1,,1,,0,,0,,0,,0,,0,,0,,1,,0,,0,,0,,1,,2,,3,,2,,0,,1,,0,,0,,0,,,300,,,5.3,2002-03-08T13:23:00,,,0.0,,3.5,,0.0,,0.0,,1.9,,0.3,,0.0,,1.5,,1.6,,1.3,,2.3,,0.0,,0.0,,3.0,,0.0,,2.6,,0.0,,2.4,,1.5,,0.0,,0.0,,0.0,,0.0,,0.0,,0.0,,1.3,,0.0,,0.0,,0.0,,3.5,,9.5,,12.4,,4.8,,0.0,,2.3,,0.0,,0.0,,0.0,
2002-03-09,1018.8,1022.0,1020.8,2002-03-09T08:43:00,1016.8,2002-03-09T16:18:00,20.8,24.9,2002-03-09T12:08:00,17.4,2002-03-09T05:59:00,14.2,66,58,2002-03-09T10:04:00,2.5,140,8.4,300,2002-03-09T13:24:00,0.0,0.0,0.0,,0.0,,8.8,74.7,15.1,,,,,,,,,,,,,,0.9,,16.7,2002-03-09T14:50:00,,,,11.8,2002-03-09T05:31:00,,,,,,,2.39,2002-03-09T13:00:00,,,,,,,,,,,,,,71,2002-03-09T02:41:00,,,,,,,,,,,,,,,,,,,,,,,,,,,,,,,7.5,,,,,,,4.9,,,0,,0,,0,,0,,0,,0,,0,,0,,0,,0,,3,,2,,1,,0,,3,,1,,0,,0,,0,,0,,0,,1,,0,,0,,1,,1,,0,,0,,1,,2,,0,,2,,2,,0,,1,,1,,2,,0,,,300,,,5.3,2002-03-09T14:58:00,,,0.0,,0.0,,0.0,,0.0,,0.0,,0.0,,0.0,,0.0,,0.0,,0.0,,6.4,,3.9,,1.9,,0.0,,7.1,,1.3,,0.0,,0.0,,0.0,,0.0,,0.0,,2.2,,0.0,,0.0,,3.6,,4.1,,0.0,,0.0,,3.7,,7.8,,0.0,,8.4,,3.3,,0.0,,2.3,,0.8,,3.5,,0.0,
2002-03-10,1016.9,1020.0,1018.8,2002-03-10T08:17:00,1014.8,2002-03-10T15:28:00,21.9,26.2,2002-03-10T13:49:00,17.9,2002-03-10T04:53:00,14.3,62,49,2002-03-10T16:18:00,2.2,100,8.3,340,2002-03-10T14:49:00,0.0,0.0,0.0,,0.0,,8.9,75.4,16.09,,,,,,,,,,,,,,2.9,,16.8,2002-03-10T12:23:00,,,,12.0,2002-03-10T05:35:00,,,,,,,2.4,2002-03-10T13:00:00,,,,,,,,,,,,,,71,2002-03-10T00:20:00,,,,,,,,,,,,,,,,,,,,,,,,,,,,,,,8.3,,,,,,,5.4,,,0,,0,,0,,1,,0,,0,,0,,0,,0,,1,,5,,0,,0,,2,,1,,0,,1,,0,,0,,0,,0,,0,,0,,0,,0,,0,,0,,1,,0,,2,,4,,2,,3,,0,,0,,1,,0,,0,,,310,,,5.3,2002-03-10T15:07:00,,,0.0,,0.0,,0.0,,0.9,,0.0,,0.0,,0.0,,0.0,,0.0,,2.1,,8.3,,0.0,,0.0,,2.1,,1.4,,0.0,,1.3,,0.0,,0.0,,0.0,,0.0,,0.0,,0.0,,0.0,,0.0,,0.0,,0.0,,4.6,,0.0,,2.7,,12.0,,6.0,,8.6,,0.0,,0.0,,2.6,,0.0,,0.0,
2002-03-11,1015.6,1018.8,1017.3,2002-03-11T08:56:00,1013.7,2002-03-11T15:11:00,22.0,26.2,2002-03-11T11:20:00,18.9,2002-03-11T06:29:00,15.3,66,53,2002-03-11T14:52:00,2.1,330,8.4,330,2002-03-11T13:24:00,0.0,0.0,0.0,,0.0,,7.4,62.5,13.99,,,,,,,,,,,,,,1.5,,17.7,2002-03-11T13:25:00,,,,13.9,2002-03-11T06:23:00,,,,,,,1.89,2002-03-11T13:00:00,,,,,,,,,,,,,,77,2002-03-11T23:58:00,,,,,,,,,,,,,,,,,,,,,,,,,,,,,,,7.3,,,,,,,5.3,,,0,,2,,0,,2,,2,,2,,0,,0,,0,,1,,0,,1,,0,,2,,0,,0,,0,,1,,0,,0,,0,,0,,0,,0,,0,,0,,0,,0,,0,,0,,0,,1,,0,,4,,3,,1,,2,,0,,,310,,,4.8,2002-03-11T13:50:00,,,0.0,,4.3,,0.0,,2.2,,2.2,,1.8,,0.0,,0.0,,0.0,,0.9,,0.0,,0.9,,0.0,,2.4,,0.0,,0.0,,0.0,,0.5,,0.0,,0.0,,0.0,,0.0,,0.0,,0.0,,0.0,,0.0,,0.0,,0.0,,0.0,,0.0,,0.0,,4.6,,0.0,,11.1,,10.1,,3.0,,6.3,,0.0,
2002-03-12,1015.0,1018.1,1017.0,2002-03-12T08:01:00,1012.5,2002-03-12T15:19:00,22.8,28.1,2002-03-12T13:03:00,18.7,2002-03-12T05:24:00,14.9,62,36,2002-03-12T13:13:00,2.3,320,8.3,330,2002-03-12T13:08:00,0.0,0.0,0.0,,0.0,,9.8,82.7,16.46,,,,,,,,,,,,,,0.6,,16.4,2002-03-12T23:31:00,,,,11.2,2002-03-12T13:14:00,,,,,,,2.4,2002-03-12T12:00:00,,,,,,,,,,,,,,80,2002-03-12T06:02:00,,,,,,,,,,,,,,,,,,,,,,,,,,,,,,,9.4,,,,,,,6.4,,,0,,1,,3,,2,,1,,0,,1,,0,,1,,0,,0,,0,,1,,0,,0,,0,,0,,0,,0,,0,,0,,0,,0,,0,,0,,0,,0,,0,,0,,0,,0,,3,,3,,3,,3,,0,,2,,0,,,310,,,5.2,2002-03-12T14:49:00,,,0.0,,1.6,,6.5,,2.7,,1.3,,0.0,,2.2,,0.0,,1.3,,0.0,,0.0,,0.0,,1.7,,0.0,,0.0,,0.0,,0.0,,0.0,,0.0,,0.0,,0.0,,0.0,,0.0,,0.0,,0.0,,0.0,,0.0,,0.0,,0.0,,0.0,,0.0,,8.9,,13.0,,8.6,,5.3,,0.0,,3.2,,0.0,
2002-03-13,1012.7,1015.8,1015.5,2002-03-13T00:01:00,1010.0,2002-03-13T18:01:00,23.4,28.1,2002-03-13T11:35:00,19.7,2002-03-13T06:12:00,17.3,69,51,2002-03-13T11:35:00,1.9,310,8.6,350,2002-03-13T14:08:00,0.0,0.0,0.0,,0.0,,7.7,64.8,13.44,,,,,,,,,,,,,,3.0,,19.6,2002-03-13T14:46:00,,,,14.3,2002-03-13T06:37:00,,,,,,,2.3,2002-03-13T12:00:00,,,,,,,,,,,,,,84,2002-03-13T23:45:00,,,,,,,,,,,,,,,,,,,,,,,,,,,,,,,8.4,,,,,,,3.4,,,2,,2,,3,,0,,0,,0,,0,,0,,0,,3,,0,,0,,0,,0,,0,,0,,0,,0,,0,,0,,1,,1,,0,,0,,0,,0,,0,,1,,0,,0,,0,,3,,3,,0,,0,,3,,2,,0,,,310,,,5.9,2002-03-13T14:11:00,,,0.3,,2.0,,5.1,,0.0,,0.0,,0.0,,0.0,,0.0,,0.0,,3.4,,0.0,,0.0,,0.0,,0.0,,0.0,,0.0,,0.0,,0.0,,0.0,,0.0,,2.2,,1.5,,0.0,,0.0,,0.0,,0.0,,0.0,,1.4,,0.0,,0.0,,0.0,,12.3,,6.9,,0.0,,0.0,,7.5,,2.5,,0.0,
2002-03-14,1010.2,1013.3,1012.0,2002-03-14T00:01:00,1007.5,2002-03-14T15:03:00,24.9,30.3,2002-03-14T13:13:00,20.8,2002-03-14T04:33:00,20.4,77,60,2002-03-14T13:13:00,2.2,50,8.8,300,2002-03-14T14:27:00,0.0,0.0,0.0,,0.0,,8.4,70.6,13.09,,,,,,,,,,,,,,4.6,,22.6,2002-03-14T15:08:00,,,,17.4,2002-03-14T02:05:00,,,,,,,1.88,2002-03-14T13:00:00,,,,,,,,,,,,,,85,2002-03-14T00:20:00,,,,,,,,,,,,,,,,,,,,,,,,,,,,,,,9.5,,,,,,,6.1,,,1,,1,,2,,1,,0,,3,,1,,0,,0,,0,,0,,0,,0,,0,,0,,0,,0,,0,,1,,2,,1,,2,,2,,1,,1,,1,,0,,0,,2,,0,,0,,1,,1,,0,,0,,0,,0,,0,,,260,,,5.5,2002-03-14T15:38:00,,,0.2,,0.9,,4.1,,1.2,,0.0,,4.8,,1.1,,0.0,,0.0,,0.0,,0.0,,0.0,,0.0,,0.0,,0.0,,0.0,,0.0,,0.0,,4.6,,3.7,,4.3,,5.4,,5.1,,4.4,,2.2,,4.2,,0.0,,0.0,,3.6,,0.0,,0.0,,1.7,,1.0,,0.0,,0.0,,0.0,,0.0,,0.0,
2002-03-15,1009.4,1012.5,1011.0,2002-03-15T08:57:00,1007.5,2002-03-15T15:27:00,25.2,28.8,2002-03-15T11:54:00,23.6,2002-03-15T06:49:00,20.9,78,58,2002-03-15T12:41:00,2.2,240,8.1,270,2002-03-15T13:43:00,0.0,0.0,0.0,,0.0,,3.9,32.7,10.24,,,,,,,,,,,,,,5.9,,22.2,2002-03-15T09:42:00,,,,19.3,2002-03-15T17:03:00,,,,,,,1.8,2002-03-15T11:00:00,,,,,,,,,,,,,,90,2002-03-15T06:57:00,,,,,,,,,,,,,,,,,,,,,,,,,,,,,,,5.2,,,,,,,6.4,,,2,,2,,0,,1,,0,,0,,0,,0,,0,,0,,1,,0,,1,,0,,0,,0,,0,,0,,0,,2,,0,,2,,1,,1,,4,,0,,1,,0,,1,,1,,1,,1,,1,,0,,0,,0,,1,,0,,,250,,,4.9,2002-03-15T13:47:00,,,0.4,,4.2,,0.0,,1.6,,0.0,,0.0,,0.0,,0.0,,0.0,,0.0,,1.4,,0.0,,1.5,,0.0,,0.0,,0.0,,0.0,,0.0,,0.0,,4.3,,0.0,,6.3,,3.5,,0.7,,10.4,,0.0,,3.9,,0.0,,4.0,,3.3,,1.7,,1.3,,1.8,,0.0,,0.0,,0.0,,2.7,,0.0,
2002-03-16,1010.3,1013.4,1012.8,2002-03-16T23:40:00,1008.5,2002-03-16T03:41:00,24.1,27.2,2002-03-16T13:26:00,21.7,2002-03-16T22:49:00,19.6,76,67,2002-03-16T13:55:00,2.2,360,7.7,10,2002-03-16T18:23:00,0.5,0.3,0.5,2002-03-16T04:49:00,0.5,2002-03-16T04:47:00,0.9,7.5,6.18,,,,,,,,,,,,,,8.1,,22.0,2002-03-16T09:23:00,,,,17.7,2002-03-16T23:48:00,,,,,,,1.21,2002-03-16T14:00:00,,,,,,,,,,,,,,86,2002-03-16T07:21:00,,,,,,,,,,,,,,,,,,,,,,,,,,,,,,,5.5,,,,,,,6.1,,,2,,4,,3,,1,,1,,0,,0,,0,,0,,0,,0,,0,,0,,0,,1,,0,,0,,0,,0,,0,,0,,1,,0,,0,,0,,0,,0,,0,,0,,0,,0,,1,,1,,2,,3,,0,,4,,0,,,10,,,4.8,2002-03-16T20:16:00,,,0.3,,10.5,,8.0,,3.1,,1.1,,0.0,,0.0,,0.0,,0.0,,0.0,,0.0,,0.0,,0.0,,0.0,,1.2,,0.0,,0.0,,0.0,,0.0,,0.0,,0.0,,0.7,,0.0,,0.0,,0.0,,0.0,,0.0,,0.0,,0.0,,0.0,,0.0,,1.4,,1.9,,7.1,,6.6,,0.0,,11.0,,0.0,
2002-03-17,1013.8,1017.0,1016.3,2002-03-17T23:59:00,1011.3,2002-03-17T04:07:00,22.0,26.4,2002-03-17T12:00:00,19.2,2002-03-17T23:44:00,18.5,80,70,2002-03-17T11:37:00,3.7,10,12.1,40,2002-03-17T21:36:00,0.0,0.0,0.0,,0.0,,0.0,0.0,6.76,,,,,,,,,,,,,,6.5,,21.1,2002-03-17T13:14:00,,,,15.0,2002-03-17T23:39:00,,,,,,,1.24,2002-03-17T14:00:00,,,,,,,,,,,,,,87,2002-03-17T05:52:00,,,,,,,,,,,,,,,,,,,,,,,,,,,,,,,7.2,,,,,,,3.8,,,0,,8,,4,,0,,0,,0,,0,,0,,0,,0,,0,,0,,0,,0,,0,,0,,0,,0,,0,,0,,0,,0,,0,,0,,0,,0,,0,,0,,0,,0,,0,,0,,1,,1,,2,,3,,5,,0,,,10,,,6.9,2002-03-17T18:48:00,,,0.0,,31.3,,11.6,,0.0,,0.0,,0.0,,0.0,,0.0,,0.0,,0.0,,0.0,,0.0,,0.0,,0.0,,0.0,,0.0,,0.0,,0.0,,0.0,,0.0,,0.0,,0.0,,0.0,,0.0,,0.0,,0.0,,0.0,,0.0,,0.0,,0.0,,0.0,,0.0,,2.5,,3.7,,6.6,,12.5,,21.6,,0.0,
2002-03-18,1016.8,1019.9,1019.2,2002-03-18T09:36:00,1015.0,2002-03-18T14:42:00,22.2,28.0,2002-03-18T14:50:00,18.8,2002-03-18T03:50:00,16.6,71,57,2002-03-18T12:44:00,2.9,10,11.6,40,2002-03-18T02:20:00,0.0,0.0,0.0,,0.0,,3.9,32.5,9.62,,,,,,,,,,,,,,7.5,,18.7,2002-03-18T15:46:00,,,,14.9,2002-03-18T04:03:00,,,,,,,1.8,2002-03-18T14:00:00,,,,,,,,,,,,,,81,2002-03-18T02:21:00,,,,,,,,,,,,,,,,,,,,,,,,,,,,,,,9.2,,,,,,,3.6,,,2,,6,,3,,1,,0,,0,,0,,0,,0,,0,,0,,0,,0,,0,,0,,0,,0,,0,,0,,1,,0,,0,,0,,0,,0,,0,,0,,0,,1,,0,,0,,1,,0,,3,,1,,2,,3,,0,,,10,,,7.2,2002-03-18T02:25:00,,,0.3,,21.5,,12.9,,1.5,,0.0,,0.0,,0.0,,0.0,,0.0,,0.0,,0.0,,0.0,,0.0,,0.0,,0.0,,0.0,,0.0,,0.0,,0.0,,0.8,,0.0,,0.0,,0.0,,0.0,,0.0,,0.0,,0.0,,0.0,,1.1,,0.0,,0.0,,3.9,,0.0,,9.2,,2.8,,5.3,,10.1,,0.0,
2002-03-19,1016.3,1019.4,1018.5,2002-03-19T09:00:00,1013.7,2002-03-19T14:52:00,23.6,28.2,2002-03-19T14:15:00,21.2,2002-03-19T06:04:00,17.2,68,51,2002-03-19T16:11:00,2.9,360,8.9,40,2002-03-19T15:40:00,0.0,0.0,0.0,,0.0,,8.8,73.3,14.5,,,,,,,,,,,,,,3.1,,19.0,2002-03-19T10:55:00,,,,14.3,2002-03-19T17:41:00,,,,,,,2.34,2002-03-19T13:00:00,,,,,,,,,,,,,,79,2002-03-19T05:44:00,,,,,,,,,,,,,,,,,,,,,,,,,,,,,,,7.0,,,,,,,6.5,,,0,,2,,2,,0,,0,,1,,0,,0,,0,,0,,1,,0,,0,,0,,0,,0,,0,,0,,0,,0,,0,,0,,0,,0,,0,,0,,0,,0,,0,,0,,0,,1,,3,,1,,2,,0,,11,,0,,,320,,,6.0,2002-03-19T15:53:00,,,0.0,,5.0,,4.7,,0.0,,0.0,,0.4,,0.0,,0.0,,0.0,,0.0,,1.2,,0.0,,0.0,,0.0,,0.0,,0.0,,0.0,,0.0,,0.0,,0.0,,0.0,,0.0,,0.0,,0.0,,0.0,,0.0,,0.0,,0.0,,0.0,,0.0,,0.0,,2.4,,14.0,,1.9,,5.2,,0.0,,34.0,,0.0,
2002-03-20,1013.0,1016.2,1015.7,2002-03-20T00:01:00,1010.5,2002-03-20T15:30:00,24.7,29.1,2002-03-20T12:55:00,21.1,2002-03-20T06:18:00,18.3,68,54,2002-03-20T12:24:00,1.6,250,7.1,310,2002-03-20T13:56:00,0.0,0.0,0.0,,0.0,,9.1,75.6,14.2,,,,,,,,,,,,,,2.5,,19.9,2002-03-20T19:37:00,,,,16.3,2002-03-20T00:13:00,,,,,,,2.34,2002-03-20T13:00:00,,,,,,,,,,,,,,77,2002-03-20T06:18:00,,,,,,,,,,,,,,,,,,,,,,,,,,,,,,,8.0,,,,,,,4.9,,,0,,1,,3,,0,,0,,0,,0,,0,,0,,3,,1,,2,,2,,0,,0,,1,,0,,0,,0,,0,,0,,0,,0,,1,,3,,4,,0,,0,,0,,1,,1,,0,,0,,0,,1,,0,,0,,0,,,250,,,4.0,2002-03-20T14:07:00,,,0.0,,1.2,,4.3,,0.0,,0.0,,0.0,,0.0,,0.0,,0.0,,3.6,,0.7,,2.5,,1.7,,0.0,,0.0,,0.9,,0.0,,0.0,,0.0,,0.0,,0.0,,0.0,,0.0,,1.6,,6.5,,9.7,,0.0,,0.0,,0.0,,2.5,,2.5,,0.0,,0.0,,0.0,,1.2,,0.0,,0.0,,0.0,
2002-03-21,1009.4,1012.5,1012.3,2002-03-21T07:38:00,1006.7,2002-03-21T15:34:00,25.3,28.4,2002-03-21T12:28:00,22.9,2002-03-21T05:01:00,19.9,72,61,2002-03-21T11:26:00,2.9,180,10.3,230,2002-03-21T16:40:00,0.0,0.0,0.0,,0.0,,6.1,50.6,12.37,,,,,,,,,,,,,,5.1,,21.3,2002-03-21T15:58:00,,,,18.3,2002-03-21T04:32:00,,,,,,,1.88,2002-03-21T13:00:00,,,,,,,,,,,,,,79,2002-03-21T19:44:00,,,,,,,,,,,,,,,,,,,,,,,,,,,,,,,5.5,,,,,,,4.3,,,0,,3,,2,,1,,0,,1,,0,,0,,0,,0,,1,,0,,0,,0,,0,,0,,0,,3,,3,,2,,0,,2,,0,,0,,0,,2,,0,,0,,0,,0,,1,,0,,0,,0,,0,,2,,1,,0,,,200,,,7.4,2002-03-21T16:45:00,,,0.0,,3.9,,3.8,,1.6,,0.0,,0.8,,0.0,,0.0,,0.0,,0.0,,0.6,,0.0,,0.0,,0.0,,0.0,,0.0,,0.0,,12.3,,12.5,,7.6,,0.0,,9.0,,0.0,,0.0,,0.0,,8.0,,0.0,,0.0,,0.0,,0.0,,2.1,,0.0,,0.0,,0.0,,0.0,,5.1,,2.6,,0.0,
2002-03-22,1007.5,1010.6,1009.8,2002-03-22T23:32:00,1005.5,2002-03-22T14:52:00,25.0,28.0,2002-03-22T10:45:00,22.5,2002-03-22T06:01:00,21.0,79,67,2002-03-22T11:20:00,3.8,190,10.4,220,2002-03-22T01:33:00,0.0,0.0,0.0,,0.0,,9.4,77.8,16.59,,,,,,,,,,,,,,4.0,,22.1,2002-03-22T10:56:00,,,,19.7,2002-03-22T21:41:00,,,,,,,2.4,2002-03-22T13:00:00,,,,,,,,,,,,,,90,2002-03-22T06:25:00,,,,,,,,,,,,,,,,,,,,,,,,,,,,,,,5.5,,,,,,,8.1,,,0,,1,,0,,0,,0,,0,,0,,0,,0,,0,,0,,0,,0,,0,,1,,0,,1,,2,,2,,4,,1,,1,,1,,3,,2,,2,,1,,0,,0,,0,,0,,0,,0,,0,,1,,1,,0,,0,,,200,,,6.3,2002-03-22T01:40:00,,,0.0,,2.7,,0.0,,0.0,,0.0,,0.0,,0.0,,0.0,,0.0,,0.0,,0.0,,0.0,,0.0,,0.0,,2.1,,0.0,,2.7,,7.8,,7.4,,20.4,,5.2,,3.5,,5.8,,10.5,,8.6,,6.1,,2.9,,0.0,,0.0,,0.0,,0.0,,0.0,,0.0,,0.0,,2.2,,2.4,,0.0,,0.0,
2002-03-23,1009.4,1012.6,1011.0,2002-03-23T07:47:00,1007.7,2002-03-23T14:53:00,23.0,27.0,2002-03-23T10:54:00,19.0,2002-03-23T06:14:00,18.1,74,63,2002-03-23T14:53:00,3.4,350,8.4,330,2002-03-23T14:00:00,0.0,0.0,0.0,,0.0,,5.9,48.7,11.94,,,,,,,,,,,,,,7.0,,20.4,2002-03-23T00:12:00,,,,15.6,2002-03-23T06:34:00,,,,,,,1.79,2002-03-23T14:00:00,,,,,,,,,,,,,,86,2002-03-23T02:02:00,,,,,,,,,,,,,,,,,,,,,,,,,,,,,,,8.0,,,,,,,8.5,,,0,,4,,4,,2,,0,,0,,0,,0,,0,,0,,0,,0,,0,,0,,0,,0,,0,,0,,0,,0,,0,,0,,0,,0,,0,,0,,1,,0,,0,,0,,1,,2,,0,,2,,0,,5,,3,,0,,,310,,,5.3,2002-03-23T14:01:00,,,0.0,,13.5,,12.0,,4.2,,0.0,,0.0,,0.0,,0.0,,0.0,,0.0,,0.0,,0.0,,0.0,,0.0,,0.0,,0.0,,0.0,,0.0,,0.0,,0.0,,0.0,,0.0,,0.0,,0.0,,0.0,,0.0,,3.7,,0.0,,0.0,,0.0,,4.2,,9.6,,0.0,,7.8,,0.0,,15.5,,10.2,,0.0,
2002-03-24,1008.6,1011.7,1010.5,2002-03-24T09:04:00,1006.2,2002-03-24T14:54:00,22.8,27.5,2002-03-24T13:21:00,20.6,2002-03-24T23:16:00,18.4,77,64,2002-03-24T13:21:00,3.5,10,11.2,40,2002-03-24T18:09:00,-9.8,0.4,-9.8,2002-03-24T22:50:00,-9.8,2002-03-24T22:50:00,2.7,22.3,9.93,,,,,,,,,,,,,,7.0,,20.7,2002-03-24T15:18:00,,,,16.9,2002-03-24T00:40:00,,,,,,,1.69,2002-03-24T13:00:00,,,,,,,,,,,,,,86,2002-03-24T23:56:00,,,,,,,,,,,,,,,,,,,,,,,,,,,,,,,6.9,,,,,,,6.5,,,0,,10,,2,,1,,0,,0,,0,,0,,0,,0,,0,,0,,0,,0,,0,,0,,0,,0,,0,,0,,0,,0,,0,,0,,0,,0,,0,,0,,0,,0,,0,,0,,0,,0,,0,,1,,10,,0,,,10,,,6.5,2002-03-24T18:17:00,,,0.0,,43.0,,7.2,,1.4,,0.0,,0.0,,0.0,,0.0,,0.0,,0.0,,0.0,,0.0,,0.0,,0.0,,0.0,,0.0,,0.0,,0.0,,0.0,,0.0,,0.0,,0.0,,0.0,,0.0,,0.0,,0.0,,0.0,,0.0,,0.0,,0.0,,0.0,,0.0,,0.0,,0.0,,0.0,,1.0,,31.1,,0.0,
2002-03-25,1009.3,1012.5,1011.3,2002-03-25T09:45:00,1006.8,2002-03-25T06:17:00,22.2,27.1,2002-03-25T14:40:00,19.8,2002-03-25T03:18:00,18.8,82,66,2002-03-25T14:39:00,3.7,10,10.9,40,2002-03-25T00:16:00,0.1,3.1,0.1,2002-03-25T10:10:00,0.1,2002-03-25T09:50:00,2.0,16.5,7.97,,,,,,,,,,,,,,8.4,,20.6,2002-03-25T14:02:00,,,,17.6,2002-03-25T02:58:00,,,,,,,2.06,2002-03-25T14:00:00,,,,,,,,,,,,,,89,2002-03-25T03:11:00,,,,,,,,,,,,,,,,,,,,,,,,,,,,,,,7.3,,,,,,,4.1,,,0,,8,,4,,0,,0,,0,,0,,0,,0,,0,,0,,0,,0,,0,,0,,0,,0,,0,,0,,0,,0,,0,,0,,0,,0,,0,,0,,0,,0,,0,,0,,0,,2,,1,,1,,0,,8,,0,,,10,,,6.5,2002-03-25T00:21:00,,,0.0,,32.9,,16.2,,0.0,,0.0,,0.0,,0.0,,0.0,,0.0,,0.0,,0.0,,0.0,,0.0,,0.0,,0.0,,0.0,,0.0,,0.0,,0.0,,0.0,,0.0,,0.0,,0.0,,0.0,,0.0,,0.0,,0.0,,0.0,,0.0,,0.0,,0.0,,0.0,,7.1,,4.8,,2.4,,0.0,,25.8,,0.0,
2002-03-26,1009.3,1012.4,1011.5,2002-03-26T08:52:00,1007.0,2002-03-26T15:13:00,23.4,28.5,2002-03-26T12:50:00,20.3,2002-03-26T04:07:00,20.1,82,66,2002-03-26T13:29:00,2.3,10,8.1,230,2002-03-26T14:20:00,0.2,1.9,0.1,2002-03-26T10:05:00,0.1,2002-03-26T10:05:00,2.1,17.3,9.33,,,,,,,,,,,,,,9.0,,22.4,2002-03-26T13:12:00,,,,17.9,2002-03-26T05:40:00,,,,,,,1.62,2002-03-26T15:00:00,,,,,,,,,,,,,,91,2002-03-26T21:46:00,,,,,,,,,,,,,,,,,,,,,,,,,,,,,,,8.2,,,,,,,3.1,,,0,,7,,4,,1,,1,,0,,0,,1,,0,,1,,0,,2,,0,,0,,0,,0,,0,,0,,0,,0,,0,,2,,2,,1,,0,,1,,0,,0,,0,,1,,0,,0,,0,,0,,0,,0,,0,,0,,,200,,,5.1,2002-03-26T15:47:00,,,0.0,,16.5,,10.9,,2.4,,0.6,,0.0,,0.0,,0.6,,0.0,,0.4,,0.0,,3.0,,0.0,,0.0,,0.0,,0.0,,0.0,,0.0,,0.0,,0.0,,0.0,,5.3,,5.7,,3.1,,0.0,,2.8,,0.0,,0.0,,0.0,,2.7,,0.0,,0.0,,0.0,,0.0,,0.0,,0.0,,0.0,,0.0,
2002-03-27,1009.2,1012.3,1011.0,2002-03-27T22:47:00,1007.8,2002-03-27T14:42:00,25.1,30.3,2002-03-27T13:16:00,22.9,2002-03-27T21:44:00,21.4,80,61,2002-03-27T13:06:00,3.1,350,10.2,340,2002-03-27T13:43:00,0.0,0.0,0.0,,0.0,,9.8,80.4,15.26,,,,,,,,,,,,,,3.9,,22.5,2002-03-27T09:59:00,,,,20.1,2002-03-27T18:36:00,,,,,,,2.38,2002-03-27T13:00:00,,,,,,,,,,,,,,91,2002-03-27T01:54:00,,,,,,,,,,,,,,,,,,,,,,,,,,,,,,,7.4,,,,,,,5.1,,,0,,2,,1,,2,,0,,0,,0,,0,,0,,0,,0,,0,,0,,0,,0,,0,,0,,0,,0,,0,,0,,0,,0,,0,,0,,0,,0,,0,,0,,0,,0,,1,,2,,3,,2,,9,,2,,0,,,310,,,6.8,2002-03-27T14:00:00,,,0.0,,3.9,,1.6,,2.5,,0.0,,0.0,,0.0,,0.0,,0.0,,0.0,,0.0,,0.0,,0.0,,0.0,,0.0,,0.0,,0.0,,0.0,,0.0,,0.0,,0.0,,0.0,,0.0,,0.0,,0.0,,0.0,,0.0,,0.0,,0.0,,0.0,,0.0,,6.8,,6.3,,11.7,,4.7,,32.4,,4.4,,0.0,
2002-03-28,1009.5,1012.6,1011.8,2002-03-28T09:03:00,1007.0,2002-03-28T15:58:00,24.8,29.9,2002-03-28T13:05:00,21.9,2002-03-28T05:28:00,20.6,78,63,2002-03-28T12:33:00,2.4,10,6.4,290,2002-03-28T14:48:00,0.0,0.0,0.0,,0.0,,7.1,58.1,13.19,,,,,,,,,,,,,,6.1,,22.4,2002-03-28T13:44:00,,,,19.7,2002-03-28T04:02:00,,,,,,,2.06,2002-03-28T13:00:00,,,,,,,,,,,,,,89,2002-03-28T06:15:00,,,,,,,,,,,,,,,,,,,,,,,,,,,,,,,8.0,,,,,,,3.3,,,0,,6,,2,,0,,0,,0,,0,,0,,1,,0,,1,,0,,0,,0,,0,,0,,0,,0,,0,,0,,0,,0,,0,,0,,0,,0,,0,,3,,0,,1,,0,,1,,2,,1,,0,,1,,5,,0,,,20,,,3.9,2002-03-28T08:43:00,,,0.0,,15.8,,5.9,,0.0,,0.0,,0.0,,0.0,,0.0,,0.9,,0.0,,1.8,,0.0,,0.0,,0.0,,0.0,,0.0,,0.0,,0.0,,0.0,,0.0,,0.0,,0.0,,0.0,,0.0,,0.0,,0.0,,0.0,,10.1,,0.0,,2.9,,0.0,,2.4,,3.7,,3.0,,0.0,,1.9,,9.6,,0.0,
2002-03-29,1009.1,1012.2,1010.5,2002-03-29T08:57:00,1007.8,2002-03-29T03:14:00,25.6,30.4,2002-03-29T11:28:00,23.2,2002-03-29T05:27:00,21.6,79,60,2002-03-29T11:27:00,2.2,270,7.5,320,2002-03-29T12:47:00,0.0,0.0,0.0,,0.0,,6.1,49.8,12.7,,,,,,,,,,,,,,5.1,,23.0,2002-03-29T12:41:00,,,,20.0,2002-03-29T06:03:00,,,,,,,1.9,2002-03-29T12:00:00,,,,,,,,,,,,,,87,2002-03-29T19:10:00,,,,,,,,,,,,,,,,,,,,,,,,,,,,,,,7.2,,,,,,,4.8,,,3,,0,,0,,0,,0,,0,,0,,0,,0,,0,,2,,0,,0,,0,,0,,0,,0,,0,,0,,1,,0,,0,,1,,0,,1,,1,,2,,4,,2,,1,,3,,2,,1,,0,,0,,0,,0,,0,,,260,,,4.9,2002-03-29T12:19:00,,,0.5,,0.0,,0.0,,0.0,,0.0,,0.0,,0.0,,0.0,,0.0,,0.0,,4.0,,0.0,,0.0,,0.0,,0.0,,0.0,,0.0,,0.0,,0.0,,1.6,,0.0,,0.0,,1.9,,0.0,,4.1,,0.9,,5.0,,11.3,,7.2,,1.6,,6.9,,5.2,,1.6,,0.0,,0.0,,0.0,,0.0,,0.0,
2002-03-30,1009.9,1013.0,1011.7,2002-03-30T23:53:00,1008.5,2002-03-30T04:45:00,25.0,27.9,2002-03-30T12:31:00,22.3,2002-03-30T22:33:00,21.8,83,76,2002-03-30T11:00:00,2.3,350,6.6,100,2002-03-30T20:16:00,0.0,0.0,0.0,,0.0,,0.3,2.4,7.04,,,,,,,,,,,,,,8.1,,23.4,2002-03-30T12:32:00,,,,19.3,2002-03-30T23:16:00,,,,,,,1.28,2002-03-30T13:00:00,,,,,,,,,,,,,,88,2002-03-30T05:31:00,,,,,,,,,,,,,,,,,,,,,,,,,,,,,,,5.6,,,,,,,6.5,,,1,,2,,1,,0,,0,,0,,0,,0,,0,,0,,0,,0,,0,,0,,0,,0,,0,,0,,2,,0,,1,,1,,0,,2,,1,,3,,1,,0,,0,,0,,0,,1,,0,,1,,2,,4,,1,,0,,,20,,,4.5,2002-03-30T20:40:00,,,0.1,,5.4,,3.4,,0.0,,0.0,,0.0,,0.0,,0.0,,0.0,,0.0,,0.0,,0.0,,0.0,,0.0,,0.0,,0.0,,0.0,,0.0,,1.5,,0.0,,1.9,,2.3,,0.0,,3.0,,2.7,,8.8,,3.2,,0.0,,0.0,,0.0,,0.0,,4.0,,0.0,,2.0,,5.1,,8.7,,3.3,,0.0,
2002-03-31,1011.7,1014.8,1014.5,2002-03-31T22:41:00,1009.5,2002-03-31T03:12:00,24.2,28.5,2002-03-31T13:03:00,21.8,2002-03-31T05:45:00,19.9,78,66,2002-03-31T17:08:00,2.2,360,8.1,20,2002-03-31T04:56:00,0.0,0.0,0.0,,0.0,,1.1,9.0,7.02,,,,,,,,,,,,,,9.5,,22.1,2002-03-31T12:28:00,,,,18.8,2002-03-31T16:46:00,,,,,,,2.06,2002-03-31T13:00:00,,,,,,,,,,,,,,86,2002-03-31T06:16:00,,,,,,,,,,,,,,,,,,,,,,,,,,,,,,,6.7,,,,,,,5.6,,,0,,2,,3,,1,,0,,0,,0,,0,,0,,0,,0,,0,,0,,0,,0,,0,,1,,2,,0,,0,,1,,0,,0,,0,,0,,0,,0,,0,,0,,0,,0,,2,,2,,0,,3,,2,,5,,0,,,10,,,5.3,2002-03-31T04:59:00,,,0.0,,7.1,,8.1,,1.8,,0.0,,0.0,,0.0,,0.0,,0.0,,0.0,,0.0,,0.0,,0.0,,0.0,,0.0,,0.0,,1.5,,0.6,,0.0,,0.0,,1.1,,0.0,,0.0,,0.0,,0.0,,0.0,,0.0,,0.0,,0.0,,0.0,,0.0,,7.5,,6.4,,0.0,,6.1,,5.6,,7.4,,0.0,
2002-04-01,1012.7,1015.8,1015.2,2002-04-01T09:16:00,1010.8,2002-04-01T16:21:00,25.5,29.4,2002-04-01T13:18:00,23.3,2002-04-01T03:26:00,21.0,76,66,2002-04-01T13:18:00,2.4,360,9.3,350,2002-04-01T14:52:00,0.0,0.0,0.0,,0.0,,4.9,39.8,11.25,,,,,,,,,,,,,,6.5,,22.7,2002-04-01T11:23:00,,,,19.4,2002-04-01T21:15:00,,,,,,,1.96,2002-04-01T14:00:00,,,,,,,,,,,,,,89,2002-04-01T03:32:00,,,,,,,,,,,,,,,,,,,,,,,,,,,,,,,6.1,,,,,,,4.9,,,1,,1,,2,,0,,1,,1,,0,,0,,0,,0,,0,,0,,0,,0,,0,,0,,0,,0,,0,,3,,0,,0,,1,,0,,0,,0,,0,,0,,0,,0,,0,,0,,3,,2,,3,,2,,4,,0,,,320,,,6.0,2002-04-01T14:40:00,,,0.1,,2.4,,2.6,,0.0,,0.6,,0.3,,0.0,,0.0,,0.0,,0.0,,0.0,,0.0,,0.0,,0.0,,0.0,,0.0,,0.0,,0.0,,0.0,,6.3,,0.0,,0.0,,0.5,,0.0,,0.0,,0.0,,0.0,,0.0,,0.0,,0.0,,0.0,,0.0,,10.3,,8.0,,12.5,,6.3,,8.3,,0.0,
2002-04-02,1010.8,1013.9,1012.7,2002-04-02T08:47:00,1008.5,2002-04-02T16:16:00,25.9,29.6,2002-04-02T12:29:00,24.1,2002-04-02T05:48:00,21.4,77,66,2002-04-02T12:28:00,2.0,260,7.8,290,2002-04-02T13:38:00,0.0,0.0,0.0,,0.0,,7.1,57.6,13.86,,,,,,,,,,,,,,3.3,,22.8,2002-04-02T14:08:00,,,,19.4,2002-04-02T00:16:00,,,,,,,2.4,2002-04-02T13:00:00,,,,,,,,,,,,,,86,2002-04-02T23:56:00,,,,,,,,,,,,,,,,,,,,,,,,,,,,,,,5.5,,,,,,,4.6,,,4,,2,,1,,0,,0,,0,,0,,0,,0,,1,,0,,0,,0,,0,,0,,0,,0,,1,,0,,0,,1,,0,,0,,1,,1,,2,,4,,0,,0,,1,,0,,2,,1,,0,,0,,2,,0,,0,,,250,,,4.5,2002-04-02T12:38:00,,,0.6,,1.8,,1.4,,0.0,,0.0,,0.0,,0.0,,0.0,,0.0,,0.9,,0.0,,0.0,,0.0,,0.0,,0.0,,0.0,,0.0,,1.8,,0.0,,0.0,,0.8,,0.0,,0.0,,3.0,,1.5,,6.9,,13.9,,0.0,,0.0,,3.3,,0.0,,5.9,,2.5,,0.0,,0.0,,2.7,,0.0,,0.0,
2002-04-03,1007.7,1010.8,1009.3,2002-04-03T07:39:00,1005.5,2002-04-03T16:42:00,25.3,28.4,2002-04-03T10:59:00,23.6,2002-04-03T04:48:00,21.6,80,69,2002-04-03T10:44:00,2.1,260,8.3,260,2002-04-03T13:25:00,0.0,0.0,0.0,,0.0,,5.0,40.5,12.85,,,,,,,,,,,,,,5.6,,22.8,2002-04-03T13:18:00,,,,20.9,2002-04-03T05:58:00,,,,,,,2.06,2002-04-03T11:00:00,,,,,,,,,,,,,,87,2002-04-03T01:04:00,,,,,,,,,,,,,,,,,,,,,,,,,,,,,,,4.8,,,,,,,5.3,,,1,,0,,0,,1,,1,,0,,2,,1,,0,,0,,0,,0,,0,,0,,0,,0,,0,,0,,1,,0,,0,,0,,0,,1,,1,,2,,5,,4,,1,,0,,0,,0,,0,,1,,1,,1,,0,,0,,,260,,,5.0,2002-04-03T16:01:00,,,0.1,,0.0,,0.0,,0.9,,1.3,,0.0,,2.9,,0.5,,0.0,,0.0,,0.0,,0.0,,0.0,,0.0,,0.0,,0.0,,0.0,,0.0,,2.5,,0.0,,0.0,,0.0,,0.0,,3.0,,1.1,,4.2,,18.1,,10.6,,1.4,,0.0,,0.0,,0.0,,0.0,,1.4,,1.1,,1.0,,0.0,,0.0,
2002-04-04,1008.3,1011.4,1009.8,2002-04-04T21:49:00,1007.0,2002-04-04T15:57:00,26.1,30.4,2002-04-04T11:28:00,23.5,2002-04-04T05:58:00,21.6,77,57,2002-04-04T12:28:00,2.2,260,8.6,270,2002-04-04T13:25:00,0.0,0.0,0.0,,0.0,,8.1,65.4,15.67,,,,,,,,,,,,,,6.6,,22.4,2002-04-04T16:36:00,,,,20.6,2002-04-04T12:23:00,,,,,,,2.4,2002-04-04T13:00:00,,,,,,,,,,,,,,87,2002-04-04T03:50:00,,,,,,,,,,,,,,,,,,,,,,,,,,,,,,,6.9,,,,,,,5.4,,,0,,3,,1,,0,,0,,0,,1,,1,,0,,0,,1,,1,,0,,0,,0,,0,,0,,0,,0,,0,,0,,0,,0,,0,,0,,1,,4,,2,,1,,1,,3,,1,,0,,1,,0,,0,,2,,0,,,260,,,6.1,2002-04-04T13:28:00,,,0.0,,7.0,,1.1,,0.0,,0.0,,0.0,,1.1,,0.3,,0.0,,0.0,,1.9,,1.1,,0.0,,0.0,,0.0,,0.0,,0.0,,0.0,,0.0,,0.0,,0.0,,0.0,,0.0,,0.0,,0.0,,1.9,,12.6,,7.5,,3.6,,1.8,,4.1,,2.5,,0.0,,2.3,,0.0,,0.0,,3.3,,0.0,
2002-04-05,1008.4,1011.5,1009.8,2002-04-05T08:53:00,1006.8,2002-04-05T14:55:00,26.8,30.5,2002-04-05T13:12:00,24.1,2002-04-05T06:25:00,21.7,74,61,2002-04-05T13:12:00,3.2,180,13.4,220,2002-04-05T15:36:00,0.0,0.0,0.0,,0.0,,9.3,75.0,15.64,,,,,,,,,,,,,,2.4,,23.7,2002-04-05T10:37:00,,,,20.6,2002-04-05T21:14:00,,,,,,,2.4,2002-04-05T13:00:00,,,,,,,,,,,,,,85,2002-04-05T06:25:00,,,,,,,,,,,,,,,,,,,,,,,,,,,,,,,6.4,,,,,,,4.3,,,1,,1,,1,,0,,0,,0,,0,,0,,0,,1,,0,,0,,1,,0,,2,,1,,1,,1,,4,,3,,3,,1,,0,,0,,1,,1,,1,,0,,0,,0,,0,,0,,0,,0,,0,,0,,0,,0,,,200,,,8.9,2002-04-05T15:19:00,,,0.1,,1.1,,0.3,,0.0,,0.0,,0.0,,0.0,,0.0,,0.0,,1.3,,0.0,,0.0,,1.1,,0.0,,1.8,,0.6,,2.8,,5.0,,16.5,,13.9,,21.3,,2.2,,0.0,,0.0,,1.5,,4.5,,3.9,,0.0,,0.0,,0.0,,0.0,,0.0,,0.0,,0.0,,0.0,,0.0,,0.0,,0.0,
2002-04-06,1009.3,1012.4,1010.8,2002-04-06T09:39:00,1007.8,2002-04-06T02:28:00,26.8,31.2,2002-04-06T13:54:00,24.2,2002-04-06T05:49:00,22.1,76,61,2002-04-06T13:49:00,4.2,190,14.0,220,2002-04-06T10:07:00,0.0,0.0,0.0,,0.0,,9.0,72.4,16.25,,,,,,,,,,,,,,2.3,,23.8,2002-04-06T10:40:00,,,,20.5,2002-04-06T02:49:00,,,,,,,2.4,2002-04-06T14:00:00,,,,,,,,,,,,,,85,2002-04-06T21:49:00,,,,,,,,,,,,,,,,,,,,,,,,,,,,,,,7.0,,,,,,,5.3,,,0,,0,,0,,0,,0,,0,,0,,0,,0,,0,,0,,0,,0,,0,,0,,2,,5,,3,,1,,5,,0,,1,,2,,1,,0,,2,,0,,1,,0,,1,,0,,0,,0,,0,,0,,0,,0,,0,,,200,,,9.3,2002-04-06T10:25:00,,,0.0,,0.0,,0.0,,0.0,,0.0,,0.0,,0.0,,0.0,,0.0,,0.0,,0.0,,0.0,,0.0,,0.0,,0.0,,6.0,,13.5,,10.6,,7.6,,33.4,,0.0,,5.7,,11.2,,2.8,,0.0,,5.4,,0.0,,3.5,,0.0,,0.6,,0.0,,0.0,,0.0,,0.0,,0.0,,0.0,,0.0,,0.0,
2002-04-07,1009.6,1012.7,1011.4,2002-04-07T08:28:00,1007.7,2002-04-07T16:01:00,26.1,29.6,2002-04-07T12:38:00,24.2,2002-04-07T23:50:00,22.0,79,63,2002-04-07T10:38:00,2.0,270,7.5,280,2002-04-07T12:19:00,0.0,0.0,0.0,,0.0,,9.4,75.5,16.34,,,,,,,,,,,,,,3.8,,23.0,2002-04-07T08:02:00,,,,21.2,2002-04-07T17:12:00,,,,,,,2.4,2002-04-07T12:00:00,,,,,,,,,,,,,,88,2002-04-07T03:03:00,,,,,,,,,,,,,,,,,,,,,,,,,,,,,,,5.4,,,,,,,7.6,,,1,,0,,0,,0,,0,,0,,0,,1,,0,,0,,2,,0,,0,,0,,0,,0,,0,,0,,1,,2,,1,,0,,0,,0,,0,,2,,1,,4,,3,,2,,1,,0,,1,,1,,1,,0,,0,,0,,,280,,,4.3,2002-04-07T12:22:00,,,0.1,,0.0,,0.0,,0.0,,0.0,,0.0,,0.0,,0.3,,0.0,,0.0,,3.4,,0.0,,0.0,,0.0,,0.0,,0.0,,0.0,,0.0,,1.4,,2.5,,1.0,,0.0,,0.0,,0.0,,0.0,,4.0,,3.4,,9.0,,9.4,,4.8,,2.9,,0.0,,2.2,,1.8,,1.4,,0.0,,0.0,,0.0,
2002-04-08,1009.5,1012.6,1011.5,2002-04-08T08:46:00,1007.8,2002-04-08T16:35:00,25.6,28.9,2002-04-08T14:38:00,23.4,2002-04-08T02:51:00,21.4,78,65,2002-04-08T13:29:00,2.0,250,8.0,290,2002-04-08T13:24:00,0.0,0.0,0.0,,0.0,,8.1,65.0,15.79,,,,,,,,,,,,,,1.9,,22.6,2002-04-08T09:34:00,,,,20.5,2002-04-08T23:47:00,,,,,,,2.4,2002-04-08T14:00:00,,,,,,,,,,,,,,91,2002-04-08T03:32:00,,,,,,,,,,,,,,,,,,,,,,,,,,,,,,,5.5,,,,,,,8.5,,,2,,0,,0,,0,,1,,0,,1,,1,,0,,1,,0,,1,,0,,0,,0,,0,,0,,1,,1,,1,,0,,0,,2,,1,,3,,3,,2,,2,,0,,0,,0,,0,,0,,0,,0,,1,,0,,0,,,260,,,4.9,2002-04-08T13:09:00,,,0.4,,0.0,,0.0,,0.0,,0.3,,0.0,,1.8,,1.2,,0.0,,1.5,,0.0,,0.5,,0.0,,0.0,,0.0,,0.0,,0.0,,1.4,,1.9,,1.0,,0.0,,0.0,,6.1,,2.2,,7.4,,11.0,,4.0,,6.9,,0.0,,0.0,,0.0,,0.0,,0.0,,0.0,,0.0,,0.7,,0.0,,0.0,
2002-04-09,1010.3,1013.4,1012.0,2002-04-09T21:49:00,1008.8,2002-04-09T03:53:00,24.9,30.0,2002-04-09T11:58:00,21.3,2002-04-09T22:49:00,19.7,74,57,2002-04-09T11:35:00,3.0,10,9.3,330,2002-04-09T14:21:00,0.0,0.0,0.0,,0.0,,5.9,47.2,13.56,,,,,,,,,,,,,,2.6,,22.1,2002-04-09T14:24:00,,,,17.6,2002-04-09T22:44:00,,,,,,,1.99,2002-04-09T14:00:00,,,,,,,,,,,,,,83,2002-04-09T02:39:00,,,,,,,,,,,,,,,,,,,,,,,,,,,,,,,8.7,,,,,,,6.5,,,0,,7,,3,,1,,0,,0,,2,,0,,0,,0,,1,,1,,0,,0,,0,,0,,0,,0,,0,,0,,0,,0,,0,,0,,0,,0,,1,,0,,0,,2,,0,,0,,1,,1,,0,,2,,2,,0,,,10,,,5.9,2002-04-09T19:24:00,,,0.0,,27.8,,6.7,,0.3,,0.0,,0.0,,1.3,,0.0,,0.0,,0.0,,1.4,,2.3,,0.0,,0.0,,0.0,,0.0,,0.0,,0.0,,0.0,,0.0,,0.0,,0.0,,0.0,,0.0,,0.0,,0.0,,4.1,,0.0,,0.0,,6.7,,0.0,,0.0,,3.9,,4.0,,0.0,,6.7,,6.6,,0.0,
2002-04-10,1010.7,1013.8,1012.3,2002-04-10T08:26:00,1009.0,2002-04-10T14:41:00,24.2,29.0,2002-04-10T12:48:00,20.3,2002-04-10T03:58:00,18.9,73,59,2002-04-10T11:52:00,3.3,10,9.1,20,2002-04-10T16:45:00,0.0,0.0,0.0,,0.0,,5.1,40.8,12.4,,,,,,,,,,,,,,3.4,,20.8,2002-04-10T14:21:00,,,,17.0,2002-04-10T03:06:00,,,,,,,1.85,2002-04-10T14:00:00,,,,,,,,,,,,,,82,2002-04-10T04:30:00,,,,,,,,,,,,,,,,,,,,,,,,,,,,,,,8.7,,,,,,,4.3,,,0,,9,,4,,0,,0,,1,,0,,0,,0,,0,,0,,0,,0,,0,,0,,0,,0,,0,,0,,0,,0,,0,,0,,0,,0,,0,,0,,0,,0,,0,,2,,2,,1,,0,,2,,0,,3,,0,,,320,,,5.8,2002-04-10T16:05:00,,,0.0,,29.4,,12.1,,0.0,,0.0,,1.2,,0.0,,0.0,,0.0,,0.0,,0.0,,0.0,,0.0,,0.0,,0.0,,0.0,,0.0,,0.0,,0.0,,0.0,,0.0,,0.0,,0.0,,0.0,,0.0,,0.0,,0.0,,0.0,,0.0,,0.0,,6.2,,8.4,,5.3,,0.0,,6.4,,0.0,,9.4,,0.0,
2002-04-11,1011.8,1015.0,1013.8,2002-04-11T21:15:00,1009.8,2002-04-11T15:20:00,23.5,29.3,2002-04-11T12:51:00,19.3,2002-04-11T23:33:00,18.7,75,59,2002-04-11T12:51:00,4.4,10,11.7,20,2002-04-11T18:27:00,0.0,0.0,0.0,,0.0,,4.8,38.3,12.33,,,,,,,,,,,,,,7.6,,20.7,2002-04-11T09:55:00,,,,15.2,2002-04-11T22:02:00,,,,,,,2.31,2002-04-11T13:00:00,,,,,,,,,,,,,,86,2002-04-11T04:26:00,,,,,,,,,,,,,,,,,,,,,,,,,,,,,,,10.0,,,,,,,3.5,,,0,,11,,3,,0,,0,,1,,0,,0,,0,,0,,0,,0,,0,,0,,0,,0,,0,,0,,0,,0,,0,,0,,0,,0,,0,,0,,0,,0,,0,,0,,0,,0,,0,,0,,2,,2,,5,,0,,,10,,,7.3,2002-04-11T16:52:00,,,0.0,,52.4,,9.3,,0.0,,0.0,,1.3,,0.0,,0.0,,0.0,,0.0,,0.0,,0.0,,0.0,,0.0,,0.0,,0.0,,0.0,,0.0,,0.0,,0.0,,0.0,,0.0,,0.0,,0.0,,0.0,,0.0,,0.0,,0.0,,0.0,,0.0,,0.0,,0.0,,0.0,,0.0,,9.0,,8.5,,24.8,,0.0,
2002-04-12,1013.8,1016.9,1015.3,2002-04-12T09:54:00,1011.8,2002-04-12T02:58:00,20.8,24.5,2002-04-12T13:43:00,18.7,2002-04-12T01:29:00,15.7,73,61,2002-04-12T15:03:00,4.4,10,11.1,20,2002-04-12T15:30:00,0.0,0.0,0.0,,0.0,,0.8,6.4,8.53,,,,,,,,,,,,,,8.8,,17.4,2002-04-12T13:44:00,,,,14.7,2002-04-12T23:05:00,,,,,,,1.56,2002-04-12T14:00:00,,,,,,,,,,,,,,81,2002-04-12T01:29:00,,,,,,,,,,,,,,,,,,,,,,,,,,,,,,,5.8,,,,,,,5.4,,,0,,15,,2,,0,,0,,0,,0,,0,,0,,0,,0,,0,,0,,0,,0,,0,,0,,0,,0,,0,,0,,0,,0,,0,,0,,0,,0,,0,,0,,0,,0,,0,,0,,0,,0,,1,,6,,0,,,10,,,7.3,2002-04-12T15:30:00,,,0.0,,68.9,,8.5,,0.0,,0.0,,0.0,,0.0,,0.0,,0.0,,0.0,,0.0,,0.0,,0.0,,0.0,,0.0,,0.0,,0.0,,0.0,,0.0,,0.0,,0.0,,0.0,,0.0,,0.0,,0.0,,0.0,,0.0,,0.0,,0.0,,0.0,,0.0,,0.0,,0.0,,0.0,,0.0,,5.3,,22.5,,0.0,
2002-04-13,1012.3,1015.4,1014.3,2002-04-13T00:01:00,1010.3,2002-04-13T16:43:00,23.6,28.9,2002-04-13T12:11:00,18.3,2002-04-13T02:55:00,18.0,71,58,2002-04-13T12:11:00,2.3,10,7.7,340,2002-04-13T14:35:00,0.0,0.0,0.0,,0.0,,8.4,66.8,15.82,,,,,,,,,,,,,,4.9,,20.1,2002-04-13T12:24:00,,,,14.8,2002-04-13T00:09:00,,,,,,,2.34,2002-04-13T14:00:00,,,,,,,,,,,,,,82,2002-04-13T02:44:00,,,,,,,,,,,,,,,,,,,,,,,,,,,,,,,10.6,,,,,,,4.8,,,0,,7,,3,,0,,0,,0,,0,,0,,0,,0,,0,,0,,0,,0,,0,,0,,0,,0,,0,,0,,0,,0,,0,,0,,0,,0,,0,,0,,1,,1,,0,,4,,1,,2,,1,,3,,1,,0,,,310,,,4.5,2002-04-13T13:12:00,,,0.0,,12.3,,5.3,,0.0,,0.0,,0.0,,0.0,,0.0,,0.0,,0.0,,0.0,,0.0,,0.0,,0.0,,0.0,,0.0,,0.0,,0.0,,0.0,,0.0,,0.0,,0.0,,0.0,,0.0,,0.0,,0.0,,0.0,,0.0,,1.6,,3.2,,0.0,,12.4,,2.0,,7.3,,1.9,,7.0,,1.1,,0.0,
2002-04-14,1010.2,1013.3,1011.7,2002-04-14T00:01:00,1007.7,2002-04-14T16:12:00,26.3,31.2,2002-04-14T13:06:00,22.4,2002-04-14T05:27:00,20.3,70,53,2002-04-14T13:02:00,3.0,200,14.6,210,2002-04-14T15:11:00,0.0,0.0,0.0,,0.0,,9.5,75.4,16.35,,,,,,,,,,,,,,2.8,,22.1,2002-04-14T15:58:00,,,,18.4,2002-04-14T02:54:00,,,,,,,2.4,2002-04-14T13:00:00,,,,,,,,,,,,,,80,2002-04-14T05:10:00,,,,,,,,,,,,,,,,,,,,,,,,,,,,,,,8.8,,,,,,,5.6,,,2,,0,,1,,1,,1,,0,,0,,0,,0,,0,,1,,0,,0,,2,,1,,1,,1,,1,,1,,2,,2,,1,,0,,1,,2,,0,,0,,0,,0,,0,,0,,1,,0,,0,,0,,0,,2,,0,,,190,,,10.0,2002-04-14T15:14:00,,,0.4,,0.0,,2.4,,2.1,,0.9,,0.0,,0.0,,0.0,,0.0,,0.0,,1.2,,0.0,,0.0,,1.8,,0.6,,0.6,,2.9,,2.5,,5.2,,13.9,,13.9,,7.3,,0.0,,2.7,,6.3,,0.0,,0.0,,0.0,,0.0,,0.0,,0.0,,1.9,,0.0,,0.0,,0.0,,0.0,,4.8,,0.0,
2002-04-15,1010.6,1013.7,1011.8,2002-04-15T20:37:00,1009.2,2002-04-15T15:25:00,27.2,31.2,2002-04-15T13:34:00,23.9,2002-04-15T05:50:00,21.8,73,58,2002-04-15T13:31:00,4.7,190,15.9,220,2002-04-15T12:24:00,0.0,0.0,0.0,,0.0,,11.1,87.9,17.5,,,,,,,,,,,,,,0.8,,23.0,2002-04-15T16:09:00,,,,20.0,2002-04-15T06:13:00,,,,,,,2.4,2002-04-15T14:00:00,,,,,,,,,,,,,,82,2002-04-15T04:53:00,,,,,,,,,,,,,,,,,,,,,,,,,,,,,,,7.3,,,,,,,7.8,,,2,,0,,0,,0,,0,,0,,1,,0,,0,,0,,0,,0,,0,,0,,3,,1,,2,,5,,1,,7,,2,,0,,0,,0,,0,,0,,0,,0,,0,,0,,0,,0,,0,,0,,0,,0,,0,,0,,,190,,,10.4,2002-04-15T15:23:00,,,0.2,,0.0,,0.0,,0.0,,0.0,,0.0,,1.6,,0.0,,0.0,,0.0,,0.0,,0.0,,0.0,,0.0,,4.7,,2.7,,5.6,,19.3,,4.4,,58.8,,16.1,,0.0,,0.0,,0.0,,0.0,,0.0,,0.0,,0.0,,0.0,,0.0,,0.0,,0.0,,0.0,,0.0,,0.0,,0.0,,0.0,,0.0,
2002-04-16,1010.7,1013.8,1013.0,2002-04-16T09:54:00,1008.8,2002-04-16T04:22:00,27.9,32.5,2002-04-16T12:19:00,24.4,2002-04-16T05:32:00,22.8,75,59,2002-04-16T12:19:00,4.1,160,11.9,210,2002-04-16T14:39:00,0.0,0.0,0.0,,0.0,,10.5,83.0,17.63,,,,,,,,,,,,,,3.1,,24.3,2002-04-16T10:33:00,,,,21.2,2002-04-16T05:52:00,,,,,,,2.4,2002-04-16T14:00:00,,,,,,,,,,,,,,84,2002-04-16T05:33:00,,,,,,,,,,,,,,,,,,,,,,,,,,,,,,,8.1,,,,,,,11.0,,,0,,0,,0,,0,,0,,0,,0,,0,,0,,0,,0,,0,,0,,0,,1,,0,,6,,3,,4,,2,,5,,1,,2,,0,,0,,0,,0,,0,,0,,0,,0,,0,,0,,0,,0,,0,,0,,0,,,200,,,7.8,2002-04-16T16:23:00,,,0.0,,0.0,,0.0,,0.0,,0.0,,0.0,,0.0,,0.0,,0.0,,0.0,,0.0,,0.0,,0.0,,0.0,,2.5,,0.0,,16.5,,7.0,,15.5,,8.0,,30.5,,6.0,,11.5,,0.0,,0.0,,0.0,,0.0,,0.0,,0.0,,0.0,,0.0,,0.0,,0.0,,0.0,,0.0,,0.0,,0.0,,0.0,
2002-04-17,1010.7,1013.8,1012.3,2002-04-17T09:11:00,1009.2,2002-04-17T15:37:00,27.1,31.0,2002-04-17T14:18:00,24.2,2002-04-17T23:47:00,22.5,77,58,2002-04-17T15:50:00,3.0,360,9.2,340,2002-04-17T16:06:00,0.0,0.0,0.0,,0.0,,7.9,62.4,17.0,,,,,,,,,,,,,,4.5,,24.3,2002-04-17T09:22:00,,,,21.2,2002-04-17T23:51:00,,,,,,,2.4,2002-04-17T13:00:00,,,,,,,,,,,,,,88,2002-04-17T05:16:00,,,,,,,,,,,,,,,,,,,,,,,,,,,,,,,6.8,,,,,,,9.0,,,1,,4,,0,,1,,0,,0,,0,,0,,0,,0,,0,,0,,0,,0,,0,,0,,1,,1,,0,,0,,0,,0,,0,,1,,2,,1,,1,,1,,1,,1,,1,,0,,0,,0,,2,,1,,4,,0,,,320,,,6.4,2002-04-17T16:14:00,,,0.1,,11.6,,0.0,,1.5,,0.0,,0.0,,0.0,,0.0,,0.0,,0.0,,0.0,,0.0,,0.0,,0.0,,0.0,,0.0,,2.3,,2.6,,0.0,,0.0,,0.0,,0.0,,0.0,,3.8,,4.1,,5.1,,4.5,,2.7,,2.3,,4.1,,4.6,,0.0,,0.0,,0.0,,5.2,,5.0,,13.1,,0.0,
2002-04-18,1011.8,1014.9,1013.5,2002-04-18T22:37:00,1010.3,2002-04-18T14:32:00,24.6,30.4,2002-04-18T14:07:00,21.3,2002-04-18T23:43:00,20.1,76,61,2002-04-18T14:07:00,4.3,10,11.3,30,2002-04-18T18:56:00,0.0,0.0,0.0,,0.0,,2.1,16.6,10.9,,,,,,,,,,,,,,6.6,,22.5,2002-04-18T12:57:00,,,,17.5,2002-04-18T23:55:00,,,,,,,2.19,2002-04-18T14:00:00,,,,,,,,,,,,,,85,2002-04-18T06:54:00,,,,,,,,,,,,,,,,,,,,,,,,,,,,,,,9.1,,,,,,,4.4,,,0,,8,,4,,0,,0,,0,,0,,0,,0,,0,,0,,0,,0,,0,,0,,0,,0,,0,,0,,0,,0,,0,,0,,0,,0,,0,,0,,0,,0,,0,,0,,0,,0,,0,,1,,4,,7,,0,,,10,,,7.6,2002-04-18T18:58:00,,,0.0,,39.6,,13.6,,0.0,,0.0,,0.0,,0.0,,0.0,,0.0,,0.0,,0.0,,0.0,,0.0,,0.0,,0.0,,0.0,,0.0,,0.0,,0.0,,0.0,,0.0,,0.0,,0.0,,0.0,,0.0,,0.0,,0.0,,0.0,,0.0,,0.0,,0.0,,0.0,,0.0,,0.0,,3.2,,17.8,,27.8,,0.0,
2002-04-19,1012.5,1015.6,1014.2,2002-04-19T08:08:00,1011.0,2002-04-19T16:27:00,24.8,30.3,2002-04-19T11:27:00,20.3,2002-04-19T05:05:00,19.9,75,60,2002-04-19T11:17:00,4.0,360,9.8,360,2002-04-19T16:14:00,0.0,0.0,0.0,,0.0,,7.6,59.8,16.75,,,,,,,,,,,,,,1.5,,22.3,2002-04-19T12:48:00,,,,17.1,2002-04-19T01:56:00,,,,,,,2.4,2002-04-19T13:00:00,,,,,,,,,,,,,,85,2002-04-19T04:40:00,,,,,,,,,,,,,,,,,,,,,,,,,,,,,,,10.0,,,,,,,4.4,,,0,,7,,3,,0,,0,,1,,0,,0,,0,,0,,0,,0,,0,,0,,0,,0,,0,,0,,0,,0,,0,,0,,0,,0,,0,,0,,0,,0,,0,,0,,1,,1,,1,,1,,0,,0,,9,,0,,,320,,,6.3,2002-04-19T13:20:00,,,0.0,,30.6,,12.5,,0.0,,0.0,,0.7,,0.0,,0.0,,0.0,,0.0,,0.0,,0.0,,0.0,,0.0,,0.0,,0.0,,0.0,,0.0,,0.0,,0.0,,0.0,,0.0,,0.0,,0.0,,0.0,,0.0,,0.0,,0.0,,0.0,,0.0,,2.9,,2.2,,5.3,,5.3,,0.0,,0.0,,36.3,,0.0,
2002-04-20,1010.1,1013.2,1012.5,2002-04-20T00:18:00,1007.5,2002-04-20T15:48:00,26.6,31.7,2002-04-20T13:58:00,23.0,2002-04-20T03:25:00,21.6,75,56,2002-04-20T13:58:00,2.5,20,9.5,230,2002-04-20T13:34:00,0.0,0.0,0.0,,0.0,,10.7,84.1,18.09,,,,,,,,,,,,,,2.0,,22.8,2002-04-20T12:46:00,,,,20.4,2002-04-20T00:01:00,,,,,,,2.4,2002-04-20T14:00:00,,,,,,,,,,,,,,86,2002-04-20T00:29:00,,,,,,,,,,,,,,,,,,,,,,,,,,,,,,,8.7,,,,,,,7.0,,,1,,2,,4,,1,,0,,0,,1,,0,,0,,1,,0,,1,,0,,0,,0,,0,,1,,0,,0,,0,,0,,2,,1,,0,,0,,2,,0,,3,,0,,0,,1,,1,,0,,0,,0,,2,,0,,0,,,210,,,5.9,2002-04-20T14:26:00,,,0.2,,4.5,,6.7,,1.5,,0.0,,0.0,,2.7,,0.0,,0.0,,1.3,,0.0,,0.9,,0.0,,0.0,,0.0,,0.0,,1.7,,0.0,,0.0,,0.0,,0.0,,8.7,,3.7,,0.0,,0.0,,7.2,,0.0,,8.4,,0.0,,0.0,,3.1,,3.1,,0.0,,0.0,,0.0,,6.0,,0.0,,0.0,
2002-04-21,1008.3,1011.4,1009.3,2002-04-21T09:41:00,1007.0,2002-04-21T15:31:00,27.5,31.5,2002-04-21T10:30:00,24.8,2002-04-21T04:54:00,23.5,79,66,2002-04-21T10:26:00,3.6,190,10.8,240,2002-04-21T12:43:00,0.0,0.0,0.0,,0.0,,10.4,81.6,18.28,,,,,,,,,,,,,,3.5,,25.2,2002-04-21T14:07:00,,,,21.3,2002-04-21T00:11:00,,,,,,,2.4,2002-04-21T13:00:00,,,,,,,,,,,,,,86,2002-04-21T23:52:00,,,,,,,,,,,,,,,,,,,,,,,,,,,,,,,6.7,,,,,,,11.0,,,0,,1,,0,,0,,0,,0,,0,,0,,0,,0,,2,,0,,1,,2,,1,,0,,1,,2,,0,,5,,1,,1,,4,,2,,1,,0,,0,,0,,0,,0,,0,,0,,0,,0,,0,,0,,0,,0,,,210,,,6.7,2002-04-21T12:58:00,,,0.0,,0.3,,0.0,,0.0,,0.0,,0.0,,0.0,,0.0,,0.0,,0.0,,1.5,,0.0,,2.3,,3.7,,3.0,,0.0,,4.3,,4.4,,0.0,,22.0,,4.2,,5.2,,21.9,,8.6,,3.9,,0.0,,0.0,,0.0,,0.0,,0.0,,0.0,,0.0,,0.0,,0.0,,0.0,,0.0,,0.0,,0.0,
2002-04-22,1008.9,1012.0,1010.5,2002-04-22T21:40:00,1007.5,2002-04-22T02:32:00,27.6,30.5,2002-04-22T12:12:00,25.4,2002-04-22T05:45:00,22.7,75,64,2002-04-22T14:11:00,4.0,190,12.0,230,2002-04-22T13:59:00,0.0,0.0,0.0,,0.0,,11.2,87.7,18.31,,,,,,,,,,,,,,1.3,,24.7,2002-04-22T08:30:00,,,,20.8,2002-04-22T18:36:00,,,,,,,2.4,2002-04-22T14:00:00,,,,,,,,,,,,,,87,2002-04-22T02:53:00,,,,,,,,,,,,,,,,,,,,,,,,,,,,,,,5.1,,,,,,,10.3,,,0,,0,,0,,0,,0,,0,,0,,0,,0,,0,,0,,0,,0,,0,,1,,0,,2,,0,,1,,8,,4,,2,,3,,3,,0,,0,,0,,0,,0,,0,,0,,0,,0,,0,,0,,0,,0,,0,,,220,,,7.1,2002-04-22T13:59:00,,,0.0,,0.0,,0.0,,0.0,,0.0,,0.0,,0.0,,0.0,,0.0,,0.0,,0.0,,0.0,,0.0,,0.0,,1.6,,0.0,,4.2,,0.0,,4.5,,27.0,,17.4,,11.9,,13.5,,15.4,,0.0,,0.0,,0.0,,0.0,,0.0,,0.0,,0.0,,0.0,,0.0,,0.0,,0.0,,0.0,,0.0,,0.0,
2002-04-23,1010.1,1013.2,1011.5,2002-04-23T09:33:00,1009.0,2002-04-23T03:49:00,27.8,31.9,2002-04-23T12:07:00,24.6,2002-04-23T05:03:00,22.5,73,59,2002-04-23T13:35:00,3.1,190,8.3,320,2002-04-23T13:18:00,0.0,0.0,0.0,,0.0,,10.4,81.3,16.65,,,,,,,,,,,,,,3.0,,23.6,2002-04-23T21:04:00,,,,20.7,2002-04-23T04:46:00,,,,,,,2.4,2002-04-23T13:00:00,,,,,,,,,,,,,,83,2002-04-23T21:54:00,,,,,,,,,,,,,,,,,,,,,,,,,,,,,,,7.3,,,,,,,10.8,,,0,,0,,4,,3,,0,,2,,0,,0,,0,,0,,0,,0,,0,,0,,0,,0,,0,,0,,0,,4,,1,,1,,0,,1,,1,,2,,0,,0,,1,,1,,1,,1,,0,,0,,0,,1,,0,,0,,,260,,,5.2,2002-04-23T13:30:00,,,0.0,,0.0,,10.6,,5.5,,0.0,,4.2,,0.0,,0.0,,0.0,,0.0,,0.0,,0.0,,0.0,,0.0,,0.0,,0.0,,0.0,,0.0,,0.0,,15.9,,3.8,,2.7,,0.0,,3.2,,4.1,,6.6,,0.0,,0.0,,3.4,,3.2,,3.9,,2.9,,0.0,,0.0,,0.0,,3.5,,0.0,,0.0,
2002-04-24,1009.9,1013.0,1012.0,2002-04-24T21:43:00,1008.0,2002-04-24T02:22:00,27.1,31.0,2002-04-24T11:29:00,24.2,2002-04-24T23:37:00,22.5,76,65,2002-04-24T11:28:00,3.5,360,10.7,330,2002-04-24T13:04:00,0.0,0.0,0.0,,0.0,,3.3,25.8,11.09,,,,,,,,,,,,,,6.9,,24.7,2002-04-24T11:58:00,,,,20.7,2002-04-24T23:37:00,,,,,,,1.8,2002-04-24T12:00:00,,,,,,,,,,,,,,87,2002-04-24T11:59:00,,,,,,,,,,,,,,,,,,,,,,,,,,,,,,,6.8,,,,,,,11.3,,,0,,2,,0,,0,,0,,0,,0,,0,,0,,0,,0,,0,,0,,0,,0,,0,,0,,0,,2,,2,,1,,0,,0,,2,,0,,0,,0,,1,,0,,1,,1,,0,,4,,2,,1,,0,,5,,0,,,320,,,7.3,2002-04-24T12:49:00,,,0.0,,6.7,,0.0,,0.0,,0.0,,0.0,,0.0,,0.0,,0.0,,0.0,,0.0,,0.0,,0.0,,0.0,,0.0,,0.0,,0.0,,0.0,,5.1,,5.3,,0.9,,0.0,,0.0,,4.0,,0.0,,0.0,,0.0,,1.7,,0.0,,2.7,,3.3,,0.0,,21.7,,9.7,,3.9,,0.0,,19.1,,0.0,
2002-04-25,1011.2,1014.3,1013.0,2002-04-25T21:39:00,1009.0,2002-04-25T16:08:00,24.7,29.7,2002-04-25T10:55:00,21.5,2002-04-25T23:50:00,19.4,73,61,2002-04-25T14:04:00,4.5,10,11.0,20,2002-04-25T21:32:00,0.0,0.0,0.0,,0.0,,3.3,25.7,13.47,,,,,,,,,,,,,,8.4,,21.7,2002-04-25T10:48:00,,,,16.7,2002-04-25T23:51:00,,,,,,,2.25,2002-04-25T11:00:00,,,,,,,,,,,,,,82,2002-04-25T03:00:00,,,,,,,,,,,,,,,,,,,,,,,,,,,,,,,8.2,,,,,,,6.6,,,0,,10,,2,,0,,0,,0,,0,,0,,0,,0,,0,,0,,0,,0,,0,,0,,0,,0,,0,,0,,0,,0,,0,,0,,0,,0,,0,,0,,0,,0,,0,,0,,1,,0,,3,,5,,3,,0,,,10,,,6.9,2002-04-25T21:57:00,,,0.0,,48.1,,7.1,,0.0,,0.0,,0.0,,0.0,,0.0,,0.0,,0.0,,0.0,,0.0,,0.0,,0.0,,0.0,,0.0,,0.0,,0.0,,0.0,,0.0,,0.0,,0.0,,0.0,,0.0,,0.0,,0.0,,0.0,,0.0,,0.0,,0.0,,0.0,,0.0,,3.4,,0.0,,16.4,,22.5,,10.3,,0.0,
2002-04-26,1011.7,1014.8,1013.5,2002-04-26T09:23:00,1009.5,2002-04-26T17:36:00,23.0,27.2,2002-04-26T14:12:00,20.4,2002-04-26T05:48:00,17.9,73,62,2002-04-26T11:49:00,3.8,10,9.8,360,2002-04-26T14:38:00,0.0,0.0,0.0,,0.0,,1.1,8.6,9.11,,,,,,,,,,,,,,7.0,,20.1,2002-04-26T16:04:00,,,,16.1,2002-04-26T05:48:00,,,,,,,1.53,2002-04-26T11:00:00,,,,,,,,,,,,,,79,2002-04-26T03:56:00,,,,,,,,,,,,,,,,,,,,,,,,,,,,,,,6.8,,,,,,,4.0,,,0,,10,,3,,0,,0,,0,,0,,0,,0,,0,,0,,0,,0,,0,,0,,0,,0,,0,,0,,0,,0,,0,,0,,0,,0,,0,,0,,0,,0,,0,,0,,0,,0,,0,,1,,1,,9,,0,,,10,,,5.7,2002-04-26T14:58:00,,,0.0,,38.1,,12.4,,0.0,,0.0,,0.0,,0.0,,0.0,,0.0,,0.0,,0.0,,0.0,,0.0,,0.0,,0.0,,0.0,,0.0,,0.0,,0.0,,0.0,,0.0,,0.0,,0.0,,0.0,,0.0,,0.0,,0.0,,0.0,,0.0,,0.0,,0.0,,0.0,,0.0,,0.0,,3.8,,3.9,,32.2,,0.0,
2002-04-27,1011.1,1014.2,1013.0,2002-04-27T10:33:00,1009.5,2002-04-27T14:24:00,24.4,30.0,2002-04-27T12:17:00,20.6,2002-04-27T05:00:00,19.3,73,54,2002-04-27T14:12:00,3.4,10,10.4,350,2002-04-27T15:07:00,0.0,0.0,0.0,,0.0,,2.6,20.2,12.22,,,,,,,,,,,,,,9.3,,21.1,2002-04-27T14:52:00,,,,17.1,2002-04-27T05:24:00,,,,,,,2.39,2002-04-27T12:00:00,,,,,,,,,,,,,,82,2002-04-27T04:21:00,,,,,,,,,,,,,,,,,,,,,,,,,,,,,,,9.4,,,,,,,4.7,,,0,,11,,3,,1,,0,,0,,0,,0,,0,,0,,0,,0,,0,,0,,0,,0,,0,,0,,0,,0,,0,,0,,0,,0,,0,,0,,0,,0,,0,,0,,0,,0,,1,,0,,1,,2,,5,,0,,,10,,,5.8,2002-04-27T02:30:00,,,0.0,,36.9,,7.8,,1.4,,0.0,,0.0,,0.0,,0.0,,0.0,,0.0,,0.0,,0.0,,0.0,,0.0,,0.0,,0.0,,0.0,,0.0,,0.0,,0.0,,0.0,,0.0,,0.0,,0.0,,0.0,,0.0,,0.0,,0.0,,0.0,,0.0,,0.0,,0.0,,5.0,,0.0,,4.7,,6.3,,19.6,,0.0,
2002-04-28,1010.5,1013.6,1012.5,2002-04-28T09:10:00,1008.8,2002-04-28T17:12:00,25.7,29.8,2002-04-28T12:41:00,21.7,2002-04-28T05:40:00,20.8,75,63,2002-04-28T12:15:00,2.8,10,8.0,10,2002-04-28T19:26:00,0.0,0.0,0.0,,0.0,,1.9,14.7,10.98,,,,,,,,,,,,,,7.1,,22.2,2002-04-28T10:49:00,,,,18.8,2002-04-28T03:35:00,,,,,,,1.83,2002-04-28T11:00:00,,,,,,,,,,,,,,86,2002-04-28T05:42:00,,,,,,,,,,,,,,,,,,,,,,,,,,,,,,,8.1,,,,,,,5.5,,,0,,7,,5,,1,,1,,0,,0,,0,,0,,0,,0,,0,,0,,0,,0,,0,,0,,0,,0,,0,,0,,0,,0,,0,,0,,0,,0,,0,,0,,0,,1,,1,,0,,2,,2,,2,,2,,0,,,360,,,5.1,2002-04-28T19:37:00,,,0.0,,17.1,,13.4,,0.8,,1.8,,0.0,,0.0,,0.0,,0.0,,0.0,,0.0,,0.0,,0.0,,0.0,,0.0,,0.0,,0.0,,0.0,,0.0,,0.0,,0.0,,0.0,,0.0,,0.0,,0.0,,0.0,,0.0,,0.0,,0.0,,0.0,,2.7,,1.8,,0.0,,7.8,,6.1,,7.7,,6.9,,0.0,
2002-04-29,1009.4,1012.5,1011.3,2002-04-29T09:40:00,1008.0,2002-04-29T16:32:00,26.3,30.8,2002-04-29T11:56:00,23.8,2002-04-29T06:14:00,21.3,74,63,2002-04-29T11:40:00,2.2,330,9.2,330,2002-04-29T13:23:00,0.0,0.0,0.0,,0.0,,2.4,18.6,11.73,,,,,,,,,,,,,,8.0,,23.4,2002-04-29T13:08:00,,,,19.7,2002-04-29T23:07:00,,,,,,,1.8,2002-04-29T12:00:00,,,,,,,,,,,,,,84,2002-04-29T06:01:00,,,,,,,,,,,,,,,,,,,,,,,,,,,,,,,7.0,,,,,,,6.0,,,1,,2,,0,,0,,0,,0,,0,,0,,0,,0,,0,,0,,0,,0,,0,,0,,0,,0,,0,,0,,0,,0,,0,,0,,0,,0,,0,,0,,0,,2,,2,,2,,4,,5,,3,,1,,2,,0,,,280,,,5.5,2002-04-29T13:45:00,,,0.1,,4.6,,0.0,,0.0,,0.0,,0.0,,0.0,,0.0,,0.0,,0.0,,0.0,,0.0,,0.0,,0.0,,0.0,,0.0,,0.0,,0.0,,0.0,,0.0,,0.0,,0.0,,0.0,,0.0,,0.0,,0.0,,0.0,,0.0,,0.0,,8.0,,8.7,,7.2,,6.6,,8.7,,5.7,,0.6,,3.2,,0.0,
2002-04-30,1008.2,1011.3,1010.0,2002-04-30T08:48:00,1006.5,2002-04-30T16:25:00,27.1,31.5,2002-04-30T11:56:00,24.0,2002-04-30T04:20:00,20.5,68,51,2002-04-30T13:45:00,2.0,280,8.0,280,2002-04-30T12:59:00,0.0,0.0,0.0,,0.0,,8.5,65.7,16.97,,,,,,,,,,,,,,2.3,,21.7,2002-04-30T10:50:00,,,,19.3,2002-04-30T13:07:00,,,,,,,2.4,2002-04-30T14:00:00,,,,,,,,,,,,,,78,2002-04-30T05:34:00,,,,,,,,,,,,,,,,,,,,,,,,,,,,,,,7.5,,,,,,,5.3,,,2,,2,,1,,1,,0,,0,,2,,0,,0,,0,,0,,0,,0,,0,,0,,0,,1,,0,,1,,0,,0,,0,,0,,0,,0,,0,,1,,3,,3,,0,,0,,2,,1,,0,,0,,1,,3,,0,,,260,,,4.8,2002-04-30T12:15:00,,,0.4,,4.7,,0.8,,0.8,,0.0,,0.0,,0.7,,0.0,,0.0,,0.0,,0.0,,0.0,,0.0,,0.0,,0.0,,0.0,,1.1,,0.0,,2.3,,0.0,,0.0,,0.0,,0.0,,0.0,,0.0,,0.0,,2.9,,8.5,,9.6,,0.0,,0.0,,5.4,,3.4,,0.0,,0.0,,2.2,,4.1,,0.0,
2002-05-01,1008.0,1011.0,1009.5,2002-05-01T21:34:00,1006.3,2002-05-01T02:13:00,27.2,31.3,2002-05-01T12:59:00,23.9,2002-05-01T05:51:00,21.8,73,60,2002-05-01T12:44:00,2.5,10,8.9,360,2002-05-01T15:15:00,0.0,0.0,0.0,,0.0,,8.7,67.2,16.18,,,,,,,,,,,,,,3.3,,23.2,2002-05-01T14:49:00,,,,20.1,2002-05-01T01:11:00,,,,,,,2.4,2002-05-01T13:00:00,,,,,,,,,,,,,,83,2002-05-01T05:44:00,,,,,,,,,,,,,,,,,,,,,,,,,,,,,,,7.4,,,,,,,5.9,,,0,,5,,5,,0,,1,,0,,0,,0,,0,,0,,0,,0,,0,,0,,0,,0,,0,,0,,0,,0,,0,,0,,0,,0,,0,,0,,0,,0,,0,,1,,1,,3,,1,,3,,2,,2,,0,,0,,,310,,,5.6,2002-05-01T15:23:00,,,0.0,,10.0,,9.9,,0.0,,1.7,,0.0,,0.0,,0.0,,0.0,,0.0,,0.0,,0.0,,0.0,,0.0,,0.0,,0.0,,0.0,,0.0,,0.0,,0.0,,0.0,,0.0,,0.0,,0.0,,0.0,,0.0,,0.0,,0.0,,0.0,,4.5,,3.8,,11.8,,3.7,,8.1,,3.4,,3.8,,0.0,,0.0,
2002-05-02,1009.7,1012.8,1011.5,2002-05-02T08:59:00,1008.3,2002-05-02T01:58:00,28.1,32.3,2002-05-02T12:06:00,25.1,2002-05-02T02:36:00,21.4,68,52,2002-05-02T14:47:00,2.9,350,9.3,10,2002-05-02T13:00:00,0.0,0.0,0.0,,0.0,,6.2,47.8,14.72,,,,,,,,,,,,,,4.1,,23.0,2002-05-02T10:50:00,,,,20.2,2002-05-02T23:02:00,,,,,,,2.21,2002-05-02T12:00:00,,,,,,,,,,,,,,80,2002-05-02T02:45:00,,,,,,,,,,,,,,,,,,,,,,,,,,,,,,,7.2,,,,,,,8.0,,,1,,3,,5,,1,,0,,0,,0,,0,,0,,0,,0,,0,,0,,0,,0,,1,,0,,0,,0,,0,,0,,0,,0,,0,,0,,0,,0,,0,,0,,0,,0,,0,,1,,0,,2,,5,,5,,0,,,320,,,5.6,2002-05-02T14:50:00,,,0.2,,7.1,,11.7,,3.3,,0.0,,0.0,,0.0,,0.0,,0.0,,0.0,,0.0,,0.0,,0.0,,0.0,,0.0,,1.9,,0.0,,0.0,,0.0,,0.0,,0.0,,0.0,,0.0,,0.0,,0.0,,0.0,,0.0,,0.0,,0.0,,0.0,,0.0,,0.0,,5.4,,0.0,,8.4,,16.6,,15.2,,0.0,
2002-05-03,1010.1,1013.2,1011.8,2002-05-03T09:20:00,1008.5,2002-05-03T15:47:00,27.8,31.6,2002-05-03T13:29:00,25.1,2002-05-03T04:57:00,21.6,69,58,2002-05-03T14:25:00,3.2,350,11.5,20,2002-05-03T14:31:00,0.0,0.0,0.0,,0.0,,6.6,50.8,14.13,,,,,,,,,,,,,,2.5,,23.4,2002-05-03T12:59:00,,,,19.8,2002-05-03T21:38:00,,,,,,,2.32,2002-05-03T14:00:00,,,,,,,,,,,,,,82,2002-05-03T03:07:00,,,,,,,,,,,,,,,,,,,,,,,,,,,,,,,6.5,,,,,,,7.3,,,0,,3,,1,,0,,0,,2,,0,,0,,0,,0,,0,,0,,0,,0,,2,,0,,0,,0,,0,,0,,1,,0,,0,,0,,0,,0,,0,,0,,0,,0,,0,,0,,2,,1,,2,,8,,2,,0,,,330,,,6.6,2002-05-03T13:42:00,,,0.0,,7.2,,3.3,,0.0,,0.0,,3.5,,0.0,,0.0,,0.0,,0.0,,0.0,,0.0,,0.0,,0.0,,3.5,,0.0,,0.0,,0.0,,0.0,,0.0,,1.2,,0.0,,0.0,,0.0,,0.0,,0.0,,0.0,,0.0,,0.0,,0.0,,0.0,,0.0,,11.4,,3.4,,4.6,,32.7,,6.1,,0.0,
2002-05-04,1009.8,1012.9,1011.3,2002-05-04T08:30:00,1008.0,2002-05-04T15:38:00,27.5,31.3,2002-05-04T10:49:00,25.1,2002-05-04T05:11:00,21.6,70,57,2002-05-04T11:00:00,2.9,330,11.8,330,2002-05-04T11:40:00,0.0,0.0,0.0,,0.0,,6.6,50.7,16.2,,,,,,,,,,,,,,5.9,,23.6,2002-05-04T11:38:00,,,,20.6,2002-05-04T00:01:00,,,,,,,2.4,2002-05-04T13:00:00,,,,,,,,,,,,,,80,2002-05-04T22:30:00,,,,,,,,,,,,,,,,,,,,,,,,,,,,,,,6.2,,,,,,,6.0,,,0,,1,,2,,0,,0,,0,,0,,0,,0,,0,,1,,0,,0,,0,,0,,1,,2,,0,,0,,0,,0,,1,,0,,0,,0,,0,,0,,0,,0,,0,,0,,0,,4,,5,,3,,2,,2,,0,,,320,,,7.6,2002-05-04T12:05:00,,,0.0,,2.3,,3.0,,0.0,,0.0,,0.0,,0.0,,0.0,,0.0,,0.0,,2.4,,0.0,,0.0,,0.0,,0.0,,1.9,,3.5,,0.0,,0.0,,0.0,,0.0,,0.6,,0.0,,0.0,,0.0,,0.0,,0.0,,0.0,,0.0,,0.0,,0.0,,0.0,,15.1,,23.0,,6.3,,4.6,,6.7,,0.0,
2002-05-05,1008.6,1011.7,1010.3,2002-05-05T08:57:00,1007.0,2002-05-05T15:57:00,27.3,31.1,2002-05-05T12:18:00,24.4,2002-05-05T05:59:00,21.7,72,61,2002-05-05T12:12:00,2.8,10,10.0,330,2002-05-05T14:21:00,0.0,0.0,0.0,,0.0,,8.9,68.3,17.1,,,,,,,,,,,,,,4.1,,22.8,2002-05-05T09:33:00,,,,20.5,2002-05-05T23:06:00,,,,,,,2.39,2002-05-05T13:00:00,,,,,,,,,,,,,,85,2002-05-05T06:20:00,,,,,,,,,,,,,,,,,,,,,,,,,,,,,,,6.7,,,,,,,5.6,,,0,,7,,2,,0,,0,,0,,0,,0,,0,,0,,0,,0,,0,,0,,0,,0,,0,,0,,0,,0,,0,,0,,0,,0,,0,,0,,0,,1,,0,,0,,3,,1,,3,,2,,0,,0,,5,,0,,,310,,,6.4,2002-05-05T15:22:00,,,0.0,,10.1,,2.4,,0.0,,0.0,,0.0,,0.0,,0.0,,0.0,,0.0,,0.0,,0.0,,0.0,,0.0,,0.0,,0.0,,0.0,,0.0,,0.0,,0.0,,0.0,,0.0,,0.0,,0.0,,0.0,,0.0,,0.0,,3.8,,0.0,,0.0,,13.1,,4.4,,12.9,,7.5,,0.0,,0.0,,14.1,,0.0,
2002-05-06,1007.5,1010.6,1009.7,2002-05-06T09:42:00,1005.8,2002-05-06T16:56:00,27.5,31.3,2002-05-06T12:35:00,25.1,2002-05-06T05:55:00,21.3,69,60,2002-05-06T12:35:00,2.3,300,8.4,330,2002-05-06T11:32:00,0.0,0.0,0.0,,0.0,,6.5,49.8,15.36,,,,,,,,,,,,,,3.6,,22.9,2002-05-06T12:37:00,,,,20.2,2002-05-06T01:27:00,,,,,,,2.24,2002-05-06T13:00:00,,,,,,,,,,,,,,76,2002-05-06T05:55:00,,,,,,,,,,,,,,,,,,,,,,,,,,,,,,,6.2,,,,,,,9.0,,,0,,1,,2,,0,,0,,0,,2,,0,,0,,0,,0,,0,,0,,0,,0,,0,,0,,0,,0,,0,,0,,0,,0,,0,,0,,0,,0,,0,,0,,2,,4,,0,,1,,4,,2,,3,,3,,0,,,310,,,5.2,2002-05-06T13:40:00,,,0.0,,1.8,,2.2,,0.0,,0.0,,0.0,,1.4,,0.0,,0.0,,0.0,,0.0,,0.0,,0.0,,0.0,,0.0,,0.0,,0.0,,0.0,,0.0,,0.0,,0.0,,0.0,,0.0,,0.0,,0.0,,0.0,,0.0,,0.0,,0.0,,7.9,,13.8,,0.0,,3.7,,10.7,,3.3,,6.8,,3.6,,0.0,
2002-05-07,1007.3,1010.4,1009.2,2002-05-07T08:27:00,1005.5,2002-05-07T15:44:00,27.6,31.4,2002-05-07T13:18:00,25.4,2002-05-07T03:32:00,22.2,73,63,2002-05-07T13:18:00,2.4,280,9.7,330,2002-05-07T14:30:00,0.0,0.0,0.0,,0.0,,7.4,56.7,15.97,,,,,,,,,,,,,,5.9,,23.6,2002-05-07T11:16:00,,,,20.7,2002-05-07T03:48:00,,,,,,,2.3,2002-05-07T14:00:00,,,,,,,,,,,,,,79,2002-05-07T21:38:00,,,,,,,,,,,,,,,,,,,,,,,,,,,,,,,6.0,,,,,,,8.3,,,0,,0,,2,,0,,0,,0,,0,,0,,0,,0,,0,,0,,0,,0,,0,,0,,1,,0,,2,,1,,1,,0,,0,,0,,0,,3,,0,,0,,5,,2,,4,,1,,0,,1,,1,,0,,0,,0,,,310,,,5.8,2002-05-07T14:20:00,,,0.0,,0.0,,4.0,,0.0,,0.0,,0.0,,0.0,,0.0,,0.0,,0.0,,0.0,,0.0,,0.0,,0.0,,0.0,,0.0,,1.0,,0.0,,1.8,,1.2,,0.6,,0.0,,0.0,,0.0,,0.0,,5.6,,0.0,,0.0,,16.1,,6.0,,15.5,,3.5,,0.0,,0.7,,1.1,,0.0,,0.0,,0.0,
2002-05-08,1009.4,1012.5,1011.3,2002-05-08T21:51:00,1007.7,2002-05-08T02:24:00,27.5,31.7,2002-05-08T12:54:00,24.4,2002-05-08T03:43:00,22.7,75,62,2002-05-08T12:53:00,3.6,10,10.2,360,2002-05-08T13:27:00,4.4,0.7,3.5,2002-05-08T03:35:00,4.0,2002-05-08T02:52:00,4.2,32.1,14.4,,,,,,,,,,,,,,8.0,,23.8,2002-05-08T11:25:00,,,,21.3,2002-05-08T03:42:00,,,,,,,2.27,2002-05-08T14:00:00,,,,,,,,,,,,,,91,2002-05-08T04:26:00,,,,,,,,,,,,,,,,,,,,,,,,,,,,,,,7.3,,,,,,,5.6,,,0,,6,,0,,0,,0,,0,,0,,0,,0,,0,,0,,0,,0,,0,,0,,0,,0,,0,,0,,0,,0,,0,,0,,0,,0,,0,,0,,0,,0,,1,,0,,0,,0,,5,,4,,4,,4,,0,,,320,,,6.1,2002-05-08T13:27:00,,,0.0,,22.9,,0.0,,0.0,,0.0,,0.0,,0.0,,0.0,,0.0,,0.0,,0.0,,0.0,,0.0,,0.0,,0.0,,0.0,,0.0,,0.0,,0.0,,0.0,,0.0,,0.0,,0.0,,0.0,,0.0,,0.0,,0.0,,0.0,,0.0,,2.0,,0.0,,0.0,,0.0,,19.6,,13.8,,16.8,,10.3,,0.0,
2002-05-09,1009.3,1012.4,1010.7,2002-05-09T09:04:00,1007.5,2002-05-09T16:25:00,27.3,31.3,2002-05-09T12:37:00,24.7,2002-05-09T05:28:00,22.2,74,61,2002-05-09T10:22:00,2.7,10,8.7,340,2002-05-09T13:53:00,0.0,0.0,0.0,,0.0,,5.0,38.2,15.51,,,,,,,,,,,,,,7.8,,23.6,2002-05-09T12:29:00,,,,20.7,2002-05-09T22:52:00,,,,,,,2.27,2002-05-09T12:00:00,,,,,,,,,,,,,,87,2002-05-09T05:37:00,,,,,,,,,,,,,,,,,,,,,,,,,,,,,,,6.6,,,,,,,4.6,,,0,,6,,4,,0,,0,,1,,0,,0,,0,,0,,0,,0,,1,,0,,0,,0,,0,,0,,0,,0,,0,,0,,0,,0,,0,,0,,0,,0,,2,,0,,2,,1,,1,,0,,1,,1,,4,,0,,,310,,,5.3,2002-05-09T14:02:00,,,0.0,,11.1,,9.7,,0.0,,0.0,,1.9,,0.0,,0.0,,0.0,,0.0,,0.0,,0.0,,0.8,,0.0,,0.0,,0.0,,0.0,,0.0,,0.0,,0.0,,0.0,,0.0,,0.0,,0.0,,0.0,,0.0,,0.0,,0.0,,6.7,,0.0,,8.3,,5.1,,3.7,,0.0,,3.6,,2.3,,11.2,,0.0,
2002-05-10,1008.2,1011.2,1010.0,2002-05-10T09:11:00,1006.3,2002-05-10T16:34:00,27.9,31.5,2002-05-10T11:10:00,25.3,2002-05-10T02:56:00,21.7,70,55,2002-05-10T11:10:00,2.1,260,8.0,280,2002-05-10T13:28:00,0.0,0.0,0.0,,0.0,,9.5,72.4,18.45,,,,,,,,,,,,,,5.6,,22.8,2002-05-10T08:04:00,,,,20.6,2002-05-10T08:30:00,,,,,,,2.5,2002-05-10T11:00:00,,,,,,,,,,,,,,80,2002-05-10T05:55:00,,,,,,,,,,,,,,,,,,,,,,,,,,,,,,,6.2,,,,,,,7.9,,,0,,0,,1,,2,,0,,1,,0,,0,,0,,1,,0,,0,,1,,1,,1,,0,,0,,1,,0,,0,,1,,0,,0,,0,,3,,2,,3,,2,,1,,0,,1,,0,,1,,1,,0,,0,,0,,0,,,270,,,5.4,2002-05-10T14:22:00,,,0.0,,0.0,,1.1,,3.0,,0.0,,0.9,,0.0,,0.0,,0.0,,1.5,,0.0,,0.0,,1.5,,1.3,,1.5,,0.0,,0.0,,1.3,,0.0,,0.0,,0.6,,0.0,,0.0,,0.0,,7.7,,6.2,,10.4,,6.0,,2.6,,0.0,,1.3,,0.0,,2.0,,1.1,,0.0,,0.0,,0.0,,0.0,
2002-05-11,1008.0,1011.1,1010.0,2002-05-11T22:17:00,1006.2,2002-05-11T15:52:00,27.8,32.1,2002-05-11T12:10:00,24.6,2002-05-11T23:44:00,22.2,72,59,2002-05-11T10:36:00,2.6,360,8.8,260,2002-05-11T12:54:00,0.0,0.0,0.0,,0.0,,5.8,44.2,15.18,,,,,,,,,,,,,,5.1,,23.5,2002-05-11T17:27:00,,,,21.2,2002-05-11T05:31:00,,,,,,,2.65,2002-05-11T13:00:00,,,,,,,,,,,,,,82,2002-05-11T22:19:00,,,,,,,,,,,,,,,,,,,,,,,,,,,,,,,7.5,,,,,,,8.4,,,0,,3,,1,,1,,0,,0,,0,,1,,0,,1,,2,,0,,0,,0,,0,,0,,0,,0,,0,,0,,1,,0,,1,,0,,0,,1,,2,,2,,1,,1,,0,,0,,1,,0,,1,,0,,4,,0,,,260,,,5.8,2002-05-11T11:55:00,,,0.0,,10.8,,0.5,,0.8,,0.0,,0.0,,0.0,,1.0,,0.0,,1.9,,2.1,,0.0,,0.0,,0.0,,0.0,,0.0,,0.0,,0.0,,0.0,,0.0,,3.0,,0.0,,1.2,,0.0,,0.0,,4.7,,10.9,,3.3,,0.5,,2.4,,0.0,,0.0,,4.1,,0.0,,3.5,,0.0,,11.8,,0.0,
2002-05-12,1009.5,1012.5,1010.7,2002-05-12T23:00:00,1008.0,2002-05-12T16:08:00,27.4,32.3,2002-05-12T11:19:00,23.7,2002-05-12T05:13:00,21.9,73,55,2002-05-12T11:12:00,3.9,360,11.3,350,2002-05-12T13:36:00,0.0,0.0,0.0,,0.0,,10.7,81.4,18.45,,,,,,,,,,,,,,3.5,,23.5,2002-05-12T12:24:00,,,,20.6,2002-05-12T05:23:00,,,,,,,2.4,2002-05-12T14:00:00,,,,,,,,,,,,,,85,2002-05-12T02:43:00,,,,,,,,,,,,,,,,,,,,,,,,,,,,,,,8.6,,,,,,,7.8,,,0,,8,,1,,0,,0,,0,,0,,0,,0,,0,,0,,0,,0,,0,,0,,0,,0,,0,,0,,0,,0,,0,,0,,0,,0,,0,,0,,0,,0,,0,,0,,0,,0,,2,,3,,1,,9,,0,,,320,,,7.0,2002-05-12T11:40:00,,,0.0,,29.5,,3.6,,0.0,,0.0,,0.0,,0.0,,0.0,,0.0,,0.0,,0.0,,0.0,,0.0,,0.0,,0.0,,0.0,,0.0,,0.0,,0.0,,0.0,,0.0,,0.0,,0.0,,0.0,,0.0,,0.0,,0.0,,0.0,,0.0,,0.0,,0.0,,0.0,,0.0,,12.2,,16.9,,3.2,,28.0,,0.0,
2002-05-13,1009.5,1012.5,1010.7,2002-05-13T08:07:00,1007.8,2002-05-13T16:08:00,27.6,31.8,2002-05-13T11:42:00,24.4,2002-05-13T04:50:00,22.2,73,60,2002-05-13T10:57:00,2.4,360,8.3,330,2002-05-13T13:39:00,0.0,0.0,0.0,,0.0,,5.3,40.3,15.3,,,,,,,,,,,,,,5.8,,23.5,2002-05-13T12:56:00,,,,21.1,2002-05-13T05:27:00,,,,,,,2.24,2002-05-13T12:00:00,,,,,,,,,,,,,,84,2002-05-13T03:48:00,,,,,,,,,,,,,,,,,,,,,,,,,,,,,,,7.4,,,,,,,7.5,,,0,,3,,3,,0,,1,,0,,0,,0,,0,,0,,0,,0,,0,,0,,0,,0,,0,,0,,0,,0,,0,,0,,0,,0,,0,,0,,0,,1,,1,,0,,1,,1,,4,,2,,1,,1,,5,,0,,,310,,,5.5,2002-05-13T13:41:00,,,0.0,,5.4,,3.4,,0.0,,1.0,,0.0,,0.0,,0.0,,0.0,,0.0,,0.0,,0.0,,0.0,,0.0,,0.0,,0.0,,0.0,,0.0,,0.0,,0.0,,0.0,,0.0,,0.0,,0.0,,0.0,,0.0,,0.0,,1.4,,2.7,,0.0,,1.3,,3.1,,15.5,,4.2,,2.4,,3.8,,12.2,,0.0,
2002-05-14,1007.9,1011.0,1009.8,2002-05-14T00:01:00,1006.0,2002-05-14T16:31:00,28.5,31.9,2002-05-14T12:42:00,26.2,2002-05-14T05:16:00,23.2,73,61,2002-05-14T10:00:00,3.0,210,9.9,250,2002-05-14T14:04:00,0.0,0.0,0.0,,0.0,,10.2,77.4,19.18,,,,,,,,,,,,,,4.5,,24.7,2002-05-14T21:00:00,,,,21.8,2002-05-14T02:00:00,,,,,,,2.78,2002-05-14T12:00:00,,,,,,,,,,,,,,84,2002-05-14T21:00:00,,,,,,,,,,,,,,,,,,,,,,,,,,,,,,,5.7,,,,,,,12.3,,,0,,0,,1,,1,,0,,0,,0,,0,,0,,0,,0,,0,,1,,1,,1,,1,,0,,2,,3,,1,,1,,4,,4,,2,,0,,0,,0,,1,,0,,0,,0,,0,,0,,0,,0,,0,,0,,0,,,210,,,6.2,2002-05-14T14:45:00,,,0.0,,0.0,,0.5,,0.6,,0.0,,0.0,,0.0,,0.0,,0.0,,0.0,,0.0,,0.0,,0.8,,1.0,,1.3,,2.1,,0.0,,4.4,,8.9,,3.2,,4.0,,18.1,,17.2,,10.1,,0.0,,0.0,,0.0,,0.8,,0.0,,0.0,,0.0,,0.0,,0.0,,0.0,,0.0,,0.0,,0.0,,0.0,
2002-05-15,1006.6,1009.7,1008.3,2002-05-15T09:22:00,1004.5,2002-05-15T16:06:00,28.2,32.3,2002-05-15T12:06:00,25.4,2002-05-15T16:29:00,23.8,78,65,2002-05-15T11:57:00,3.3,180,11.1,240,2002-05-15T12:41:00,10.7,1.0,4.5,2002-05-15T16:11:00,10.7,2002-05-15T15:50:00,7.3,55.3,16.02,,,,,,,,,,,,,,7.0,,26.2,2002-05-15T11:17:00,,,,22.4,2002-05-15T07:00:00,,,,,,,2.59,2002-05-15T12:00:00,,,,,,,,,,,,,,96,2002-05-15T16:48:00,,,,,,,,,,,,,,,,,,,,,,,,,,,,,,,6.9,,,,,,,14.8,,,0,,0,,0,,0,,0,,0,,0,,0,,0,,0,,0,,0,,0,,0,,0,,0,,4,,3,,4,,2,,3,,2,,2,,1,,0,,0,,0,,1,,0,,0,,1,,0,,1,,0,,0,,0,,0,,0,,,210,,,6.4,2002-05-15T11:49:00,,,0.0,,0.0,,0.0,,0.0,,0.0,,0.0,,0.0,,0.0,,0.0,,0.0,,0.0,,0.0,,0.0,,0.0,,0.0,,0.0,,12.3,,8.3,,16.2,,3.5,,15.2,,6.8,,7.8,,5.1,,0.0,,0.0,,0.0,,1.1,,0.0,,0.0,,0.9,,0.0,,2.6,,0.0,,0.0,,0.0,,0.0,,0.0,
2002-05-16,1006.0,1009.0,1008.0,2002-05-16T09:13:00,1004.2,2002-05-16T02:47:00,28.3,32.5,2002-05-16T11:26:00,26.4,2002-05-16T04:24:00,23.1,74,60,2002-05-16T11:25:00,2.3,230,9.4,250,2002-05-16T12:59:00,0.0,0.0,0.0,,0.0,,6.3,47.7,15.85,,,,,,,,,,,,,,7.3,,24.5,2002-05-16T08:03:00,,,,21.6,2002-05-16T20:19:00,,,,,,,2.58,2002-05-16T13:00:00,,,,,,,,,,,,,,85,2002-05-16T06:04:00,,,,,,,,,,,,,,,,,,,,,,,,,,,,,,,6.1,,,,,,,9.3,,,0,,0,,0,,0,,0,,0,,0,,0,,0,,0,,0,,0,,0,,0,,0,,1,,0,,1,,1,,3,,0,,1,,1,,3,,2,,1,,3,,1,,2,,3,,1,,0,,0,,0,,0,,0,,0,,0,,,260,,,5.1,2002-05-16T13:13:00,,,0.0,,0.0,,0.0,,0.0,,0.0,,0.0,,0.0,,0.0,,0.0,,0.0,,0.0,,0.0,,0.0,,0.0,,0.0,,2.2,,0.0,,1.5,,1.4,,5.4,,0.0,,1.6,,1.4,,10.1,,4.4,,1.3,,9.1,,2.7,,4.0,,6.2,,2.8,,0.0,,0.0,,0.0,,0.0,,0.0,,0.0,,0.0,
2002-05-17,1005.7,1008.8,1007.0,2002-05-17T04:37:00,1004.0,2002-05-17T19:03:00,24.0,27.5,2002-05-17T00:01:00,22.2,2002-05-17T04:55:00,21.2,85,73,2002-05-17T09:49:00,2.6,110,12.1,350,2002-05-17T02:31:00,41.5,10.3,16.0,2002-05-17T13:16:00,28.5,2002-05-17T13:04:00,0.0,0.0,2.53,,,,,,,,,,,,,,8.8,,22.9,2002-05-17T00:01:00,,,,17.6,2002-05-17T04:01:00,,,,,,,0.78,2002-05-17T12:00:00,,,,,,,,,,,,,,95,2002-05-17T13:46:00,,,,,,,,,,,,,,,,,,,,,,,,,,,,,,,5.3,,,,,,,5.6,,,0,,2,,1,,1,,1,,0,,1,,0,,1,,0,,3,,4,,0,,1,,0,,1,,2,,1,,0,,0,,0,,0,,0,,0,,1,,0,,0,,0,,0,,0,,0,,2,,0,,0,,0,,0,,2,,0,,,320,,,7.2,2002-05-17T02:24:00,,,0.0,,9.4,,2.4,,3.6,,2.4,,0.0,,1.4,,0.0,,2.3,,0.0,,6.8,,8.4,,0.0,,1.5,,0.0,,2.9,,4.0,,1.7,,0.0,,0.0,,0.0,,0.0,,0.0,,0.0,,2.3,,0.0,,0.0,,0.0,,0.0,,0.0,,0.0,,6.8,,0.0,,0.0,,0.0,,0.0,,6.3,,0.0,
2002-05-18,1005.9,1009.0,1007.5,2002-05-18T08:20:00,1004.5,2002-05-18T15:53:00,25.8,30.1,2002-05-18T11:59:00,22.1,2002-05-18T05:19:00,20.3,72,57,2002-05-18T11:36:00,2.7,360,9.0,310,2002-05-18T15:39:00,0.0,0.0,0.0,,0.0,,9.4,71.0,17.41,,,,,,,,,,,,,,4.1,,21.9,2002-05-18T13:21:00,,,,19.5,2002-05-18T04:58:00,,,,,,,2.69,2002-05-18T12:00:00,,,,,,,,,,,,,,91,2002-05-18T00:01:00,,,,,,,,,,,,,,,,,,,,,,,,,,,,,,,8.0,,,,,,,4.9,,,0,,3,,2,,1,,0,,2,,0,,1,,0,,2,,0,,0,,0,,0,,0,,1,,0,,0,,0,,0,,0,,0,,0,,0,,0,,0,,0,,0,,0,,0,,0,,2,,2,,0,,2,,3,,3,,0,,,320,,,5.2,2002-05-18T13:28:00,,,0.0,,6.6,,4.5,,1.3,,0.0,,2.7,,0.0,,1.7,,0.0,,2.8,,0.0,,0.0,,0.0,,0.0,,0.0,,0.6,,0.0,,0.0,,0.0,,0.0,,0.0,,0.0,,0.0,,0.0,,0.0,,0.0,,0.0,,0.0,,0.0,,0.0,,0.0,,9.7,,8.1,,0.0,,7.4,,9.2,,10.2,,0.0,
2002-05-19,1004.7,1007.8,1006.0,2002-05-19T06:29:00,1002.8,2002-05-19T16:00:00,26.3,29.5,2002-05-19T12:58:00,24.0,2002-05-19T03:31:00,21.2,74,64,2002-05-19T15:11:00,2.0,20,6.9,190,2002-05-19T10:29:00,-9.8,4.0,-9.8,2002-05-19T19:30:00,-9.8,2002-05-19T19:15:00,0.2,1.5,9.35,,,,,,,,,,,,,,9.3,,22.4,2002-05-19T12:30:00,,,,20.1,2002-05-19T00:15:00,,,,,,,1.29,2002-05-19T14:00:00,,,,,,,,,,,,,,84,2002-05-19T20:45:00,,,,,,,,,,,,,,,,,,,,,,,,,,,,,,,5.5,,,,,,,3.4,,,0,,1,,3,,2,,0,,0,,1,,0,,0,,1,,1,,1,,0,,2,,1,,0,,0,,0,,0,,0,,2,,1,,0,,1,,1,,1,,0,,0,,2,,0,,0,,2,,0,,1,,0,,0,,0,,0,,,190,,,4.2,2002-05-19T12:08:00,,,0.0,,1.4,,4.0,,1.3,,0.0,,0.0,,1.6,,0.0,,0.0,,3.0,,1.9,,2.0,,0.0,,4.0,,0.7,,0.0,,0.0,,0.0,,0.0,,0.0,,7.0,,1.8,,0.0,,3.0,,2.2,,1.8,,0.0,,0.0,,4.1,,0.0,,0.0,,4.9,,0.0,,2.3,,0.0,,0.0,,0.0,,0.0,
2002-05-20,1002.8,1005.9,1004.0,2002-05-20T07:59:00,1001.0,2002-05-20T14:56:00,25.4,29.7,2002-05-20T12:05:00,23.5,2002-05-20T06:34:00,22.3,83,69,2002-05-20T11:11:00,3.2,160,10.9,220,2002-05-20T11:55:00,30.5,11.5,6.5,2002-05-20T16:54:00,14.0,2002-05-20T16:17:00,0.1,0.8,7.66,,,,,,,,,,,,,,9.1,,23.8,2002-05-20T12:07:00,,,,20.5,2002-05-20T05:25:00,,,,,,,1.57,2002-05-20T12:00:00,,,,,,,,,,,,,,93,2002-05-20T06:57:00,,,,,,,,,,,,,,,,,,,,,,,,,,,,,,,6.2,,,,,,,5.1,,,0,,0,,0,,0,,0,,0,,0,,0,,1,,0,,0,,1,,1,,4,,3,,1,,6,,2,,2,,2,,0,,0,,1,,0,,0,,0,,0,,0,,0,,0,,0,,0,,0,,0,,0,,0,,0,,0,,,190,,,7.7,2002-05-20T11:59:00,,,0.0,,0.0,,0.0,,0.0,,0.0,,0.0,,0.0,,0.0,,1.0,,0.0,,0.0,,1.5,,1.4,,13.1,,8.6,,3.1,,17.4,,7.6,,8.8,,13.2,,0.0,,0.0,,2.0,,0.0,,0.0,,0.0,,0.0,,0.0,,0.0,,0.0,,0.0,,0.0,,0.0,,0.0,,0.0,,0.0,,0.0,,0.0,
2002-05-21,1003.5,1006.6,1005.3,2002-05-21T22:11:00,1001.7,2002-05-21T03:34:00,27.6,31.8,2002-05-21T13:06:00,24.4,2002-05-21T01:25:00,23.2,78,60,2002-05-21T13:02:00,2.6,150,6.3,160,2002-05-21T06:47:00,1.0,4.0,0.5,2002-05-21T01:46:00,0.5,2002-05-21T00:56:00,0.9,6.8,11.42,,,,,,,,,,,,,,9.5,,24.3,2002-05-21T10:48:00,,,,22.0,2002-05-21T14:26:00,,,,,,,1.94,2002-05-21T13:00:00,,,,,,,,,,,,,,95,2002-05-21T01:58:00,,,,,,,,,,,,,,,,,,,,,,,,,,,,,,,7.4,,,,,,,6.9,,,0,,0,,0,,0,,0,,0,,0,,0,,0,,0,,0,,3,,1,,3,,1,,4,,0,,2,,2,,3,,1,,3,,1,,0,,0,,0,,0,,0,,0,,0,,0,,0,,0,,0,,0,,0,,0,,0,,,190,,,4.0,2002-05-21T09:44:00,,,0.0,,0.0,,0.0,,0.0,,0.0,,0.0,,0.0,,0.0,,0.0,,0.0,,0.0,,5.3,,2.0,,9.1,,2.7,,10.6,,0.0,,5.8,,5.4,,9.4,,3.0,,6.8,,3.1,,0.0,,0.0,,0.0,,0.0,,0.0,,0.0,,0.0,,0.0,,0.0,,0.0,,0.0,,0.0,,0.0,,0.0,,0.0,
2002-05-22,1004.7,1007.8,1006.2,2002-05-22T22:10:00,1003.3,2002-05-22T03:08:00,25.8,28.0,2002-05-22T15:57:00,24.4,2002-05-22T06:29:00,22.9,84,77,2002-05-22T16:10:00,2.8,130,9.0,120,2002-05-22T13:21:00,58.5,10.2,6.0,2002-05-22T10:25:00,12.0,2002-05-22T04:09:00,0.0,0.0,2.92,,,,,,,,,,,,,,8.1,,24.6,2002-05-22T00:07:00,,,,21.2,2002-05-22T06:24:00,,,,,,,1.13,2002-05-22T15:00:00,,,,,,,,,,,,,,90,2002-05-22T06:29:00,,,,,,,,,,,,,,,,,,,,,,,,,,,,,,,3.6,,,,,,,6.4,,,0,,0,,0,,0,,2,,0,,0,,0,,2,,2,,3,,2,,2,,6,,2,,2,,1,,0,,0,,0,,0,,0,,0,,0,,0,,0,,0,,0,,0,,0,,0,,0,,0,,0,,0,,0,,0,,0,,,100,,,5.0,2002-05-22T13:22:00,,,0.0,,0.0,,0.0,,0.0,,6.6,,0.0,,0.0,,0.0,,5.1,,5.2,,9.5,,7.3,,5.4,,16.4,,3.9,,4.4,,2.2,,0.0,,0.0,,0.0,,0.0,,0.0,,0.0,,0.0,,0.0,,0.0,,0.0,,0.0,,0.0,,0.0,,0.0,,0.0,,0.0,,0.0,,0.0,,0.0,,0.0,,0.0,
2002-05-23,1005.4,1008.5,1007.8,2002-05-23T22:59:00,1003.7,2002-05-23T15:07:00,26.5,33.8,2002-05-23T13:42:00,23.6,2002-05-23T23:48:00,22.6,80,58,2002-05-23T13:38:00,3.0,130,7.8,30,2002-05-23T21:17:00,27.5,4.5,5.5,2002-05-23T06:53:00,15.5,2002-05-23T06:11:00,1.8,13.5,9.67,,,,,,,,,,,,,,9.5,,24.6,2002-05-23T14:20:00,,,,19.4,2002-05-23T23:51:00,,,,,,,2.17,2002-05-23T14:00:00,,,,,,,,,,,,,,94,2002-05-23T06:05:00,,,,,,,,,,,,,,,,,,,,,,,,,,,,,,,10.2,,,,,,,8.9,,,0,,3,,0,,0,,0,,0,,1,,0,,1,,0,,0,,0,,1,,8,,1,,0,,1,,1,,0,,0,,0,,0,,0,,0,,0,,0,,2,,0,,0,,0,,0,,1,,0,,0,,0,,1,,3,,0,,,10,,,4.8,2002-05-23T19:52:00,,,0.0,,11.9,,0.0,,0.0,,0.0,,0.0,,2.1,,0.0,,2.2,,0.0,,0.0,,0.0,,2.5,,21.8,,3.9,,0.0,,2.0,,1.6,,0.0,,0.0,,0.0,,0.0,,0.0,,0.0,,0.0,,0.0,,7.3,,0.0,,0.0,,0.0,,0.0,,4.4,,0.0,,0.0,,0.0,,3.6,,9.8,,0.0,
2002-05-24,1007.6,1010.6,1009.3,2002-05-24T22:34:00,1006.0,2002-05-24T15:48:00,25.6,30.7,2002-05-24T12:52:00,22.3,2002-05-24T04:40:00,18.0,64,47,2002-05-24T12:52:00,4.1,360,11.2,20,2002-05-24T04:12:00,0.0,0.0,0.0,,0.0,,9.6,72.1,17.84,,,,,,,,,,,,,,5.1,,19.5,2002-05-24T00:01:00,,,,16.9,2002-05-24T23:08:00,,,,,,,2.4,2002-05-24T13:00:00,,,,,,,,,,,,,,79,2002-05-24T01:24:00,,,,,,,,,,,,,,,,,,,,,,,,,,,,,,,8.4,,,,,,,5.6,,,0,,8,,2,,0,,0,,0,,0,,0,,0,,0,,0,,0,,0,,0,,0,,0,,0,,0,,0,,0,,0,,0,,0,,0,,0,,0,,0,,0,,0,,0,,0,,0,,1,,1,,0,,2,,10,,0,,,10,,,6.5,2002-05-24T04:17:00,,,0.0,,35.4,,6.4,,0.0,,0.0,,0.0,,0.0,,0.0,,0.0,,0.0,,0.0,,0.0,,0.0,,0.0,,0.0,,0.0,,0.0,,0.0,,0.0,,0.0,,0.0,,0.0,,0.0,,0.0,,0.0,,0.0,,0.0,,0.0,,0.0,,0.0,,0.0,,0.0,,3.8,,4.6,,0.0,,8.4,,38.6,,0.0,
2002-05-25,1007.9,1011.0,1009.0,2002-05-25T00:01:00,1006.5,2002-05-25T16:03:00,26.2,29.7,2002-05-25T11:57:00,23.2,2002-05-25T01:14:00,18.6,63,52,2002-05-25T11:54:00,1.8,250,7.1,340,2002-05-25T14:45:00,0.0,0.0,0.0,,0.0,,9.2,69.0,17.37,,,,,,,,,,,,,,5.0,,20.2,2002-05-25T15:37:00,,,,16.6,2002-05-25T00:52:00,,,,,,,2.42,2002-05-25T13:00:00,,,,,,,,,,,,,,74,2002-05-25T05:51:00,,,,,,,,,,,,,,,,,,,,,,,,,,,,,,,6.5,,,,,,,6.8,,,2,,0,,1,,0,,0,,0,,0,,0,,0,,1,,0,,0,,0,,0,,1,,0,,1,,0,,0,,2,,2,,0,,1,,0,,2,,4,,3,,0,,1,,2,,0,,0,,0,,1,,0,,0,,0,,0,,,320,,,4.5,2002-05-25T14:29:00,,,0.4,,0.0,,1.7,,0.0,,0.0,,0.0,,0.0,,0.0,,0.0,,1.1,,0.0,,0.0,,0.0,,0.0,,0.6,,0.0,,0.5,,0.0,,0.0,,3.3,,1.9,,0.0,,2.2,,0.0,,4.8,,6.7,,8.3,,0.0,,3.4,,5.1,,0.0,,0.0,,0.0,,2.1,,0.0,,0.0,,0.0,,0.0,
2002-05-26,1007.3,1010.4,1009.0,2002-05-26T22:12:00,1005.8,2002-05-26T16:03:00,26.9,30.0,2002-05-26T13:02:00,24.4,2002-05-26T02:39:00,19.0,63,47,2002-05-26T09:32:00,2.2,250,8.0,270,2002-05-26T11:31:00,0.0,0.0,0.0,,0.0,,7.4,55.4,17.46,,,,,,,,,,,,,,7.3,,20.1,2002-05-26T08:24:00,,,,16.0,2002-05-26T09:32:00,,,,,,,2.44,2002-05-26T13:00:00,,,,,,,,,,,,,,72,2002-05-26T02:38:00,,,,,,,,,,,,,,,,,,,,,,,,,,,,,,,5.6,,,,,,,7.5,,,2,,0,,0,,0,,0,,0,,0,,0,,0,,0,,2,,0,,0,,3,,2,,1,,0,,1,,0,,0,,0,,0,,1,,2,,0,,3,,3,,3,,1,,0,,0,,0,,0,,0,,0,,0,,0,,0,,,240,,,4.4,2002-05-26T14:52:00,,,0.3,,0.0,,0.0,,0.0,,0.0,,0.0,,0.0,,0.0,,0.0,,0.0,,2.6,,0.0,,0.0,,6.2,,2.9,,2.1,,0.0,,1.8,,0.0,,0.0,,0.0,,0.0,,1.5,,7.2,,0.0,,9.8,,8.5,,7.3,,2.7,,0.0,,0.0,,0.0,,0.0,,0.0,,0.0,,0.0,,0.0,,0.0,
2002-05-27,1007.8,1010.9,1009.3,2002-05-27T21:53:00,1006.7,2002-05-27T15:01:00,27.3,30.8,2002-05-27T11:45:00,24.5,2002-05-27T04:58:00,19.8,64,54,2002-05-27T11:54:00,2.5,290,9.3,60,2002-05-27T13:55:00,0.0,0.0,0.0,,0.0,,4.3,32.2,14.27,,,,,,,,,,,,,,6.6,,20.9,2002-05-27T12:03:00,,,,18.3,2002-05-27T05:30:00,,,,,,,2.53,2002-05-27T12:00:00,,,,,,,,,,,,,,72,2002-05-27T23:43:00,,,,,,,,,,,,,,,,,,,,,,,,,,,,,,,6.3,,,,,,,5.4,,,0,,1,,0,,0,,0,,1,,1,,0,,0,,1,,1,,0,,0,,2,,1,,0,,0,,0,,0,,0,,0,,0,,0,,0,,1,,0,,2,,3,,0,,3,,0,,2,,2,,1,,1,,0,,1,,0,,,330,,,5.2,2002-05-27T13:35:00,,,0.0,,2.5,,0.0,,0.0,,0.0,,1.0,,0.6,,0.0,,0.0,,1.9,,1.6,,0.0,,0.0,,3.9,,2.5,,0.0,,0.0,,0.0,,0.0,,0.0,,0.0,,0.0,,0.0,,0.0,,2.0,,0.0,,4.7,,8.7,,0.0,,9.8,,0.0,,8.6,,5.9,,2.7,,1.9,,0.0,,1.5,,0.0,
2002-05-28,1007.6,1010.7,1008.8,2002-05-28T08:51:00,1006.0,2002-05-28T14:53:00,27.6,32.2,2002-05-28T13:28:00,25.4,2002-05-28T05:50:00,20.4,65,54,2002-05-28T13:00:00,2.9,10,8.0,350,2002-05-28T14:53:00,0.0,0.0,0.0,,0.0,,3.5,26.2,13.46,,,,,,,,,,,,,,7.5,,22.6,2002-05-28T05:45:00,,,,19.2,2002-05-28T21:00:00,,,,,,,2.31,2002-05-28T13:00:00,,,,,,,,,,,,,,84,2002-05-28T05:45:00,,,,,,,,,,,,,,,,,,,,,,,,,,,,,,,6.8,,,,,,,4.8,,,0,,5,,2,,2,,1,,2,,0,,1,,0,,0,,0,,0,,0,,0,,0,,0,,0,,0,,0,,0,,0,,0,,0,,0,,0,,0,,0,,0,,0,,1,,0,,3,,0,,1,,1,,3,,2,,0,,,360,,,4.8,2002-05-28T09:03:00,,,0.0,,14.2,,5.7,,4.9,,1.8,,4.3,,0.0,,1.0,,0.0,,0.0,,0.0,,0.0,,0.0,,0.0,,0.0,,0.0,,0.0,,0.0,,0.0,,0.0,,0.0,,0.0,,0.0,,0.0,,0.0,,0.0,,0.0,,0.0,,0.0,,2.6,,0.0,,9.7,,0.0,,4.5,,3.5,,9.2,,8.2,,0.0,
2002-05-29,1005.4,1008.5,1007.8,2002-05-29T00:01:00,1003.5,2002-05-29T23:56:00,27.3,33.0,2002-05-29T11:37:00,25.1,2002-05-29T23:58:00,21.0,70,50,2002-05-29T11:36:00,2.7,130,11.0,160,2002-05-29T22:27:00,3.5,5.0,1.5,2002-05-29T15:37:00,2.5,2002-05-29T15:20:00,3.5,26.2,11.52,,,,,,,,,,,,,,7.0,,23.0,2002-05-29T15:30:00,,,,20.0,2002-05-29T01:01:00,,,,,,,1.92,2002-05-29T12:00:00,,,,,,,,,,,,,,83,2002-05-29T21:40:00,,,,,,,,,,,,,,,,,,,,,,,,,,,,,,,7.9,,,,,,,4.6,,,0,,0,,3,,2,,2,,0,,0,,0,,0,,0,,2,,0,,1,,4,,1,,2,,0,,0,,2,,0,,0,,0,,0,,1,,0,,0,,1,,2,,0,,1,,0,,0,,0,,0,,0,,0,,0,,0,,,140,,,6.1,2002-05-29T22:29:00,,,0.0,,0.0,,7.5,,3.3,,2.1,,0.0,,0.0,,0.0,,0.0,,0.0,,3.4,,0.0,,3.2,,14.6,,4.4,,8.4,,0.0,,0.0,,4.9,,0.0,,0.0,,0.0,,0.0,,1.0,,0.0,,0.0,,2.7,,7.5,,0.0,,2.6,,0.0,,0.0,,0.0,,0.0,,0.0,,0.0,,0.0,,0.0,
2002-05-30,1003.5,1006.6,1005.0,2002-05-30T21:40:00,1001.8,2002-05-30T05:33:00,26.6,30.3,2002-05-30T16:38:00,23.3,2002-05-30T03:38:00,22.0,76,63,2002-05-30T16:34:00,3.7,250,13.4,190,2002-05-30T03:28:00,5.0,5.5,1.0,2002-05-30T02:37:00,2.5,2002-05-30T02:27:00,5.3,39.6,12.98,,,,,,,,,,,,,,5.9,,24.2,2002-05-30T09:06:00,,,,19.9,2002-05-30T04:01:00,,,,,,,2.11,2002-05-30T14:00:00,,,,,,,,,,,,,,95,2002-05-30T03:04:00,,,,,,,,,,,,,,,,,,,,,,,,,,,,,,,7.0,,,,,,,9.9,,,0,,0,,0,,0,,0,,0,,0,,0,,0,,0,,0,,0,,0,,3,,2,,0,,3,,0,,0,,1,,0,,1,,1,,2,,0,,6,,2,,0,,2,,0,,0,,1,,0,,0,,0,,0,,0,,0,,,160,,,7.3,2002-05-30T03:22:00,,,0.0,,0.0,,0.0,,0.0,,0.0,,0.0,,0.0,,0.0,,0.0,,0.0,,0.0,,0.0,,0.0,,11.6,,9.9,,0.0,,11.6,,0.0,,0.0,,3.6,,0.0,,2.5,,2.4,,6.5,,0.0,,20.2,,7.2,,0.0,,9.8,,0.0,,0.0,,3.4,,0.0,,0.0,,0.0,,0.0,,0.0,,0.0,
2002-05-31,1003.3,1006.4,1004.5,2002-05-31T01:10:00,1002.0,2002-05-31T16:16:00,25.5,29.8,2002-05-31T11:12:00,23.6,2002-05-31T18:26:00,21.9,81,65,2002-05-31T11:09:00,2.9,160,10.7,270,2002-05-31T10:36:00,105.0,7.2,15.0,2002-05-31T18:05:00,59.5,2002-05-31T17:21:00,2.8,20.9,8.68,,,,,,,,,,,,,,9.4,,24.0,2002-05-31T15:11:00,,,,20.2,2002-05-31T00:59:00,,,,,,,2.35,2002-05-31T11:00:00,,,,,,,,,,,,,,98,2002-05-31T18:18:00,,,,,,,,,,,,,,,,,,,,,,,,,,,,,,,6.2,,,,,,,6.9,,,0,,0,,0,,0,,0,,0,,0,,0,,0,,0,,1,,2,,1,,2,,3,,2,,4,,1,,2,,1,,2,,1,,1,,0,,0,,0,,0,,0,,0,,0,,0,,0,,0,,0,,1,,0,,0,,0,,,210,,,6.9,2002-05-31T10:49:00,,,0.0,,0.0,,0.0,,0.0,,0.0,,0.0,,0.0,,0.0,,0.0,,0.0,,3.3,,4.0,,1.8,,4.3,,9.4,,5.0,,11.6,,2.8,,3.6,,4.7,,11.6,,5.4,,0.6,,0.0,,0.0,,0.0,,0.0,,0.0,,0.0,,0.0,,0.0,,0.0,,0.0,,0.0,,0.9,,0.0,,0.0,,0.0,
2002-06-01,1002.4,1005.5,1003.8,2002-06-01T07:45:00,1001.0,2002-06-01T14:25:00,25.3,28.4,2002-06-01T14:41:00,23.1,2002-06-01T04:30:00,21.2,79,65,2002-06-01T14:40:00,2.3,180,8.8,220,2002-06-01T16:12:00,30.0,5.3,8.5,2002-06-01T20:26:00,11.5,2002-06-01T20:05:00,0.8,6.0,7.56,,,,,,,,,,,,,,8.9,,23.3,2002-06-01T00:34:00,,,,19.1,2002-06-01T22:05:00,,,,,,,1.27,2002-06-01T15:00:00,,,,,,,,,,,,,,99,2002-06-01T00:34:00,,,,,,,,,,,,,,,,,,,,,,,,,,,,,,,5.3,,,,,,,5.5,,,0,,1,,0,,0,,0,,0,,0,,0,,0,,1,,3,,0,,1,,3,,0,,0,,1,,1,,3,,2,,2,,1,,2,,0,,0,,0,,1,,0,,1,,1,,0,,0,,0,,0,,0,,0,,0,,0,,,210,,,4.9,2002-06-01T16:12:00,,,0.0,,1.9,,0.0,,0.0,,0.0,,0.0,,0.0,,0.0,,0.0,,2.3,,6.1,,0.0,,1.3,,5.1,,0.0,,0.0,,0.9,,3.6,,6.4,,5.1,,6.8,,1.5,,6.1,,0.0,,0.0,,0.0,,4.2,,0.0,,3.0,,0.9,,0.0,,0.0,,0.0,,0.0,,0.0,,0.0,,0.0,,0.0,
2002-06-02,1002.4,1005.5,1003.3,2002-06-02T21:41:00,1001.3,2002-06-02T04:53:00,25.7,28.1,2002-06-02T14:30:00,23.9,2002-06-02T04:03:00,21.6,78,70,2002-06-02T10:10:00,1.8,130,6.9,190,2002-06-02T03:57:00,11.0,2.1,2.5,2002-06-02T18:08:00,6.0,2002-06-02T03:02:00,0.0,0.0,5.16,,,,,,,,,,,,,,9.1,,23.7,2002-06-02T18:21:00,,,,19.1,2002-06-02T00:38:00,,,,,,,0.83,2002-06-02T15:00:00,,,,,,,,,,,,,,91,2002-06-02T18:21:00,,,,,,,,,,,,,,,,,,,,,,,,,,,,,,,4.2,,,,,,,5.9,,,0,,0,,1,,1,,1,,0,,1,,0,,0,,0,,1,,1,,0,,3,,3,,2,,2,,0,,1,,0,,1,,0,,0,,0,,0,,1,,0,,0,,0,,2,,0,,0,,2,,1,,0,,0,,0,,0,,,160,,,4.6,2002-06-02T04:02:00,,,0.0,,0.0,,3.1,,1.2,,0.3,,0.0,,1.0,,0.0,,0.0,,0.0,,0.9,,1.9,,0.0,,6.3,,4.8,,3.5,,6.1,,0.0,,0.7,,0.0,,2.1,,0.0,,0.0,,0.0,,0.0,,2.5,,0.0,,0.0,,0.0,,2.9,,0.0,,0.0,,4.4,,2.3,,0.0,,0.0,,0.0,,0.0,
2002-06-03,1003.1,1006.1,1004.0,2002-06-03T09:12:00,1001.8,2002-06-03T16:13:00,27.2,30.7,2002-06-03T12:50:00,24.2,2002-06-03T05:58:00,22.5,76,66,2002-06-03T14:33:00,2.1,10,6.3,20,2002-06-03T09:58:00,1.5,0.6,1.0,2002-06-03T05:05:00,1.5,2002-06-03T05:07:00,4.8,35.7,13.33,,,,,,,,,,,,,,7.9,,24.0,2002-06-03T12:47:00,,,,21.1,2002-06-03T05:33:00,,,,,,,2.27,2002-06-03T11:00:00,,,,,,,,,,,,,,90,2002-06-03T06:29:00,,,,,,,,,,,,,,,,,,,,,,,,,,,,,,,6.5,,,,,,,5.4,,,1,,4,,1,,0,,0,,0,,0,,0,,0,,0,,1,,0,,1,,1,,1,,0,,1,,0,,0,,2,,1,,0,,0,,0,,1,,1,,0,,2,,0,,0,,0,,1,,3,,2,,0,,0,,0,,0,,,10,,,4.2,2002-06-03T10:04:00,,,0.2,,9.9,,2.4,,0.0,,0.0,,0.0,,0.0,,0.0,,0.0,,0.0,,1.8,,0.0,,2.1,,1.6,,2.1,,0.0,,1.7,,0.0,,0.0,,4.4,,1.3,,0.0,,0.0,,0.0,,2.2,,3.0,,0.0,,6.2,,0.0,,0.0,,0.0,,2.4,,5.4,,3.2,,0.0,,0.0,,0.0,,0.0,
2002-06-04,1003.5,1006.6,1004.7,2002-06-04T22:23:00,1002.2,2002-06-04T03:13:00,26.8,28.1,2002-06-04T10:00:00,26.0,2002-06-04T05:09:00,22.4,77,71,2002-06-04T14:51:00,1.4,20,5.6,260,2002-06-04T11:48:00,1.5,4.2,0.5,2002-06-04T04:16:00,1.0,2002-06-04T04:07:00,0.0,0.0,3.68,,,,,,,,,,,,,,8.4,,23.1,2002-06-04T09:41:00,,,,21.7,2002-06-04T21:51:00,,,,,,,0.62,2002-06-04T15:00:00,,,,,,,,,,,,,,82,2002-06-04T04:32:00,,,,,,,,,,,,,,,,,,,,,,,,,,,,,,,2.1,,,,,,,4.6,,,1,,3,,3,,1,,0,,0,,1,,1,,1,,0,,1,,1,,0,,0,,1,,0,,1,,1,,0,,0,,0,,0,,0,,0,,0,,2,,0,,0,,0,,0,,0,,1,,0,,1,,1,,1,,2,,0,,,250,,,3.4,2002-06-04T11:13:00,,,0.1,,5.2,,5.6,,1.3,,0.0,,0.0,,0.8,,0.8,,0.3,,0.0,,0.8,,0.8,,0.0,,0.0,,2.5,,0.0,,1.1,,0.5,,0.0,,0.0,,0.0,,0.0,,0.0,,0.0,,0.0,,4.6,,0.0,,0.0,,0.0,,0.0,,0.0,,1.5,,0.0,,2.0,,1.9,,1.5,,3.3,,0.0,
2002-06-05,1003.9,1007.0,1005.2,2002-06-05T09:00:00,1002.8,2002-06-05T15:59:00,26.6,28.6,2002-06-05T09:05:00,24.9,2002-06-05T12:38:00,22.8,80,72,2002-06-05T10:35:00,1.8,160,9.1,190,2002-06-05T11:49:00,12.5,1.7,5.5,2002-06-05T12:27:00,12.0,2002-06-05T12:02:00,0.0,0.0,4.64,,,,,,,,,,,,,,8.3,,25.4,2002-06-05T17:00:00,,,,21.0,2002-06-05T12:48:00,,,,,,,0.86,2002-06-05T09:00:00,,,,,,,,,,,,,,85,2002-06-05T23:50:00,,,,,,,,,,,,,,,,,,,,,,,,,,,,,,,3.7,,,,,,,5.1,,,1,,0,,1,,2,,1,,2,,0,,0,,0,,2,,0,,0,,1,,2,,2,,1,,3,,1,,2,,0,,1,,1,,0,,0,,0,,0,,0,,0,,0,,0,,0,,0,,1,,0,,0,,0,,0,,0,,,180,,,5.4,2002-06-05T11:58:00,,,0.2,,0.0,,1.5,,1.5,,1.5,,2.6,,0.0,,0.0,,0.0,,3.7,,0.0,,0.0,,1.1,,4.5,,5.3,,2.1,,6.0,,2.4,,7.3,,0.0,,2.4,,0.7,,0.0,,0.0,,0.0,,0.0,,0.0,,0.0,,0.0,,0.0,,0.0,,0.0,,1.1,,0.0,,0.0,,0.0,,0.0,,0.0,
2002-06-06,1003.5,1006.6,1004.7,2002-06-06T09:41:00,1002.5,2002-06-06T15:31:00,27.2,30.1,2002-06-06T09:48:00,25.5,2002-06-06T01:54:00,23.0,78,67,2002-06-06T17:02:00,2.6,130,8.7,270,2002-06-06T12:38:00,-9.8,0.6,-9.8,2002-06-06T12:30:00,-9.8,2002-06-06T12:30:00,1.7,12.6,9.95,,,,,,,,,,,,,,8.8,,24.2,2002-06-06T09:15:00,,,,21.4,2002-06-06T17:04:00,,,,,,,1.69,2002-06-06T10:00:00,,,,,,,,,,,,,,87,2002-06-06T00:55:00,,,,,,,,,,,,,,,,,,,,,,,,,,,,,,,4.6,,,,,,,10.0,,,0,,0,,0,,0,,0,,0,,0,,0,,0,,1,,1,,1,,0,,5,,2,,1,,3,,0,,1,,3,,1,,2,,1,,0,,1,,1,,0,,0,,0,,0,,0,,0,,0,,0,,0,,0,,0,,0,,,190,,,5.2,2002-06-06T11:51:00,,,0.0,,0.0,,0.0,,0.0,,0.0,,0.0,,0.0,,0.0,,0.0,,1.7,,1.4,,0.6,,0.0,,12.6,,5.3,,2.3,,7.6,,0.0,,2.1,,10.0,,2.4,,6.4,,3.1,,0.0,,2.4,,3.4,,0.0,,0.0,,0.0,,0.0,,0.0,,0.0,,0.0,,0.0,,0.0,,0.0,,0.0,,0.0,
2002-06-07,1001.4,1004.5,1003.0,2002-06-07T00:01:00,999.7,2002-06-07T17:46:00,27.4,31.9,2002-06-07T11:02:00,25.2,2002-06-07T04:39:00,23.1,78,64,2002-06-07T10:59:00,2.4,20,9.4,350,2002-06-07T13:43:00,2.0,2.4,1.0,2002-06-07T15:50:00,1.5,2002-06-07T15:41:00,2.4,17.8,8.06,,,,,,,,,,,,,,7.3,,25.4,2002-06-07T16:18:00,,,,21.9,2002-06-07T05:46:00,,,,,,,1.74,2002-06-07T11:00:00,,,,,,,,,,,,,,88,2002-06-07T17:39:00,,,,,,,,,,,,,,,,,,,,,,,,,,,,,,,6.7,,,,,,,9.0,,,1,,0,,4,,3,,1,,0,,0,,0,,0,,1,,1,,0,,2,,1,,1,,0,,0,,0,,0,,0,,1,,0,,0,,0,,0,,0,,0,,0,,0,,0,,0,,1,,2,,0,,2,,2,,1,,0,,,310,,,5.9,2002-06-07T13:59:00,,,0.2,,0.0,,12.6,,4.0,,1.0,,0.0,,0.0,,0.0,,0.0,,2.3,,1.9,,0.0,,3.5,,1.6,,1.1,,0.0,,0.0,,0.0,,0.0,,0.0,,2.3,,0.0,,0.0,,0.0,,0.0,,0.0,,0.0,,0.0,,0.0,,0.0,,0.0,,5.8,,4.5,,0.0,,6.7,,6.5,,3.0,,0.0,
2002-06-08,1001.4,1004.4,1004.0,2002-06-08T21:28:00,999.8,2002-06-08T15:51:00,28.2,31.8,2002-06-08T12:32:00,25.7,2002-06-08T04:59:00,23.9,78,66,2002-06-08T12:31:00,2.2,240,8.7,340,2002-06-08T14:12:00,0.0,0.0,0.0,,0.0,,6.8,50.5,15.25,,,,,,,,,,,,,,6.6,,26.0,2002-06-08T11:02:00,,,,22.5,2002-06-08T00:17:00,,,,,,,2.14,2002-06-08T11:00:00,,,,,,,,,,,,,,85,2002-06-08T04:52:00,,,,,,,,,,,,,,,,,,,,,,,,,,,,,,,6.1,,,,,,,8.6,,,3,,1,,0,,0,,0,,0,,0,,1,,0,,1,,1,,0,,0,,0,,1,,0,,0,,0,,0,,2,,2,,0,,0,,1,,4,,0,,0,,0,,2,,0,,3,,0,,1,,0,,0,,0,,1,,0,,,320,,,5.5,2002-06-08T14:58:00,,,0.6,,1.5,,0.0,,0.0,,0.0,,0.0,,0.0,,0.3,,0.0,,1.6,,0.9,,0.0,,0.0,,0.0,,0.9,,0.0,,0.0,,0.0,,0.0,,5.4,,5.3,,0.0,,0.0,,2.8,,8.8,,0.0,,0.0,,0.0,,5.6,,0.0,,11.0,,0.0,,5.2,,0.0,,0.0,,0.0,,1.9,,0.0,
2002-06-09,1003.0,1006.1,1004.8,2002-06-09T22:13:00,1001.5,2002-06-09T15:51:00,28.4,31.4,2002-06-09T12:07:00,26.3,2002-06-09T05:00:00,23.7,76,66,2002-06-09T12:07:00,3.0,220,8.0,240,2002-06-09T14:17:00,-9.8,0.3,-9.8,2002-06-09T08:57:00,-9.8,2002-06-09T08:46:00,6.6,49.0,14.39,,,,,,,,,,,,,,6.3,,25.1,2002-06-09T15:09:00,,,,22.4,2002-06-09T22:26:00,,,,,,,2.54,2002-06-09T13:00:00,,,,,,,,,,,,,,83,2002-06-09T05:04:00,,,,,,,,,,,,,,,,,,,,,,,,,,,,,,,5.1,,,,,,,6.9,,,0,,0,,0,,0,,0,,0,,0,,0,,0,,0,,0,,0,,0,,1,,1,,2,,1,,2,,2,,1,,1,,4,,4,,3,,2,,0,,0,,0,,0,,0,,0,,0,,0,,0,,0,,0,,0,,0,,,230,,,4.6,2002-06-09T13:16:00,,,0.0,,0.0,,0.0,,0.0,,0.0,,0.0,,0.0,,0.0,,0.0,,0.0,,0.0,,0.0,,0.0,,2.9,,2.9,,6.3,,2.3,,4.6,,6.6,,2.8,,3.6,,10.4,,11.4,,11.4,,6.2,,0.0,,0.0,,0.0,,0.0,,0.0,,0.0,,0.0,,0.0,,0.0,,0.0,,0.0,,0.0,,0.0,
2002-06-10,1004.8,1007.8,1006.5,2002-06-10T22:17:00,1003.3,2002-06-10T15:30:00,28.2,32.6,2002-06-10T12:10:00,25.6,2002-06-10T19:49:00,23.5,76,58,2002-06-10T12:10:00,2.8,230,10.9,260,2002-06-10T16:44:00,35.0,2.7,9.0,2002-06-10T20:00:00,20.5,2002-06-10T19:30:00,7.3,54.2,16.82,,,,,,,,,,,,,,6.4,,25.3,2002-06-10T23:36:00,,,,22.2,2002-06-10T17:42:00,,,,,,,2.41,2002-06-10T13:00:00,,,,,,,,,,,,,,98,2002-06-10T23:36:00,,,,,,,,,,,,,,,,,,,,,,,,,,,,,,,7.0,,,,,,,7.3,,,0,,0,,0,,0,,0,,0,,0,,1,,0,,0,,0,,0,,3,,0,,0,,0,,0,,2,,0,,1,,0,,0,,4,,5,,2,,3,,3,,0,,0,,0,,0,,0,,0,,0,,0,,0,,0,,0,,,230,,,5.7,2002-06-10T16:45:00,,,0.0,,0.0,,0.0,,0.0,,0.0,,0.0,,0.0,,1.3,,0.0,,0.0,,0.0,,0.0,,8.6,,0.0,,0.0,,0.0,,0.0,,3.4,,0.0,,2.9,,0.0,,0.0,,8.9,,17.0,,6.0,,10.8,,8.0,,0.0,,0.0,,0.0,,0.0,,0.0,,0.0,,0.0,,0.0,,0.0,,0.0,,0.0,
2002-06-11,1006.2,1009.2,1007.6,2002-06-11T23:33:00,1005.0,2002-06-11T15:23:00,28.5,31.6,2002-06-11T11:21:00,25.5,2002-06-11T00:10:00,24.0,77,68,2002-06-11T10:07:00,3.2,200,10.1,220,2002-06-11T11:55:00,1.5,0.4,1.5,2002-06-11T22:48:00,1.5,2002-06-11T22:48:00,6.3,46.7,15.37,,,,,,,,,,,,,,7.6,,25.7,2002-06-11T00:21:00,,,,22.6,2002-06-11T05:28:00,,,,,,,2.33,2002-06-11T11:00:00,,,,,,,,,,,,,,100,2002-06-11T00:07:00,,,,,,,,,,,,,,,,,,,,,,,,,,,,,,,6.1,,,,,,,10.3,,,0,,0,,0,,0,,0,,0,,0,,0,,0,,0,,0,,1,,2,,1,,1,,0,,2,,1,,1,,4,,5,,3,,3,,0,,0,,0,,0,,0,,0,,0,,0,,0,,0,,0,,0,,0,,0,,0,,,230,,,6.3,2002-06-11T12:36:00,,,0.0,,0.0,,0.0,,0.0,,0.0,,0.0,,0.0,,0.0,,0.0,,0.0,,0.0,,1.3,,2.5,,1.9,,2.1,,0.0,,4.9,,2.2,,3.3,,14.1,,21.2,,11.0,,11.8,,0.0,,0.0,,0.0,,0.0,,0.0,,0.0,,0.0,,0.0,,0.0,,0.0,,0.0,,0.0,,0.0,,0.0,,0.0,
2002-06-12,1006.6,1009.6,1007.7,2002-06-12T21:12:00,1005.3,2002-06-12T17:00:00,29.0,32.0,2002-06-12T11:48:00,27.0,2002-06-12T03:59:00,23.7,73,63,2002-06-12T13:05:00,2.8,250,7.5,280,2002-06-12T11:01:00,0.0,0.0,0.0,,0.0,,8.7,64.5,17.68,,,,,,,,,,,,,,6.6,,25.3,2002-06-12T09:05:00,,,,22.3,2002-06-12T01:21:00,,,,,,,2.59,2002-06-12T12:00:00,,,,,,,,,,,,,,79,2002-06-12T03:16:00,,,,,,,,,,,,,,,,,,,,,,,,,,,,,,,5.0,,,,,,,10.0,,,0,,0,,0,,0,,0,,0,,0,,0,,0,,0,,1,,0,,1,,1,,2,,0,,0,,2,,0,,1,,2,,1,,0,,0,,0,,4,,3,,1,,3,,1,,0,,0,,1,,0,,0,,0,,0,,0,,,260,,,4.8,2002-06-12T11:17:00,,,0.0,,0.0,,0.0,,0.0,,0.0,,0.0,,0.0,,0.0,,0.0,,0.0,,3.0,,0.0,,2.4,,2.3,,5.5,,0.0,,0.0,,4.5,,0.0,,2.5,,5.6,,3.1,,0.0,,0.0,,0.0,,10.8,,11.5,,2.2,,7.7,,3.6,,0.0,,0.0,,2.7,,0.0,,0.0,,0.0,,0.0,,0.0,
2002-06-13,1005.7,1008.8,1007.0,2002-06-13T00:01:00,1004.0,2002-06-13T16:18:00,29.3,32.2,2002-06-13T11:52:00,27.7,2002-06-13T01:39:00,23.6,71,64,2002-06-13T15:55:00,2.5,190,8.5,340,2002-06-13T15:37:00,0.0,0.0,0.0,,0.0,,4.1,30.4,13.91,,,,,,,,,,,,,,6.3,,24.9,2002-06-13T11:32:00,,,,22.9,2002-06-13T18:23:00,,,,,,,2.29,2002-06-13T12:00:00,,,,,,,,,,,,,,77,2002-06-13T00:50:00,,,,,,,,,,,,,,,,,,,,,,,,,,,,,,,4.5,,,,,,,10.3,,,0,,0,,0,,0,,0,,0,,0,,0,,0,,0,,0,,0,,0,,0,,0,,0,,0,,1,,2,,4,,0,,0,,0,,0,,0,,1,,1,,0,,0,,1,,3,,2,,2,,2,,1,,2,,2,,0,,,310,,,5.4,2002-06-13T15:39:00,,,0.0,,0.0,,0.0,,0.0,,0.0,,0.0,,0.0,,0.0,,0.0,,0.0,,0.0,,0.0,,0.0,,0.0,,0.0,,0.0,,0.0,,1.3,,4.4,,10.1,,0.0,,0.0,,0.0,,0.0,,0.0,,1.6,,0.9,,0.0,,0.0,,1.9,,10.3,,8.5,,5.7,,5.2,,1.2,,4.3,,4.7,,0.0,
2002-06-14,1005.5,1008.5,1006.8,2002-06-14T00:01:00,1004.5,2002-06-14T16:15:00,29.3,32.7,2002-06-14T11:18:00,27.3,2002-06-14T04:23:00,23.1,69,57,2002-06-14T12:29:00,2.1,260,7.8,310,2002-06-14T13:44:00,0.0,0.0,0.0,,0.0,,7.1,52.6,18.18,,,,,,,,,,,,,,6.3,,25.3,2002-06-14T10:03:00,,,,21.7,2002-06-14T23:10:00,,,,,,,2.7,2002-06-14T13:00:00,,,,,,,,,,,,,,76,2002-06-14T01:51:00,,,,,,,,,,,,,,,,,,,,,,,,,,,,,,,5.4,,,,,,,15.3,,,0,,2,,1,,1,,0,,0,,0,,0,,0,,0,,0,,0,,0,,0,,0,,0,,0,,0,,2,,1,,0,,1,,0,,2,,3,,0,,4,,3,,1,,0,,0,,1,,0,,0,,0,,1,,1,,0,,,260,,,4.7,2002-06-14T13:17:00,,,0.0,,3.1,,1.8,,1.8,,0.0,,0.0,,0.0,,0.0,,0.0,,0.0,,0.0,,0.0,,0.0,,0.0,,0.0,,0.0,,0.0,,0.0,,3.6,,0.9,,0.0,,1.2,,0.0,,2.5,,6.8,,0.0,,14.1,,6.8,,2.0,,0.0,,0.0,,1.7,,0.0,,0.0,,0.0,,1.1,,1.9,,0.0,
2002-06-15,1005.4,1008.5,1006.3,2002-06-15T07:20:00,1003.8,2002-06-15T03:03:00,29.0,32.2,2002-06-15T14:21:00,26.7,2002-06-15T05:40:00,22.8,70,60,2002-06-15T14:21:00,2.2,270,6.3,250,2002-06-15T09:59:00,0.0,0.0,0.0,,0.0,,4.2,31.1,13.94,,,,,,,,,,,,,,7.4,,24.1,2002-06-15T08:40:00,,,,21.2,2002-06-15T20:39:00,,,,,,,1.78,2002-06-15T15:00:00,,,,,,,,,,,,,,78,2002-06-15T05:23:00,,,,,,,,,,,,,,,,,,,,,,,,,,,,,,,5.5,,,,,,,17.8,,,0,,0,,0,,0,,0,,0,,0,,0,,0,,0,,0,,0,,0,,0,,1,,0,,2,,3,,2,,3,,0,,0,,0,,0,,0,,1,,3,,4,,1,,1,,1,,1,,0,,1,,0,,0,,0,,0,,,260,,,3.8,2002-06-15T12:07:00,,,0.0,,0.0,,0.0,,0.0,,0.0,,0.0,,0.0,,0.0,,0.0,,0.0,,0.0,,0.0,,0.0,,0.0,,2.1,,0.0,,3.9,,6.7,,3.0,,7.2,,0.0,,0.0,,0.0,,0.0,,0.0,,3.4,,6.6,,11.2,,1.0,,2.0,,1.9,,2.6,,0.0,,1.5,,0.0,,0.0,,0.0,,0.0,
2002-06-16,1006.1,1009.2,1007.0,2002-06-16T08:33:00,1005.0,2002-06-16T04:24:00,28.8,31.7,2002-06-16T11:26:00,26.3,2002-06-16T04:53:00,23.4,73,65,2002-06-16T11:50:00,3.5,190,9.7,250,2002-06-16T13:09:00,0.0,0.0,0.0,,0.0,,2.4,17.8,11.81,,,,,,,,,,,,,,7.0,,24.7,2002-06-16T10:55:00,,,,21.8,2002-06-16T05:24:00,,,,,,,1.97,2002-06-16T12:00:00,,,,,,,,,,,,,,78,2002-06-16T04:21:00,,,,,,,,,,,,,,,,,,,,,,,,,,,,,,,5.4,,,,,,,19.4,,,0,,0,,0,,0,,0,,0,,0,,0,,0,,0,,0,,0,,0,,1,,1,,0,,4,,2,,2,,8,,2,,2,,1,,1,,0,,0,,0,,0,,0,,0,,0,,0,,0,,0,,0,,0,,0,,0,,,230,,,6.3,2002-06-16T12:50:00,,,0.0,,0.0,,0.0,,0.0,,0.0,,0.0,,0.0,,0.0,,0.0,,0.0,,0.0,,0.0,,0.0,,3.9,,3.0,,0.0,,12.4,,6.6,,7.5,,24.1,,6.9,,9.8,,4.9,,4.3,,0.0,,0.0,,0.0,,0.0,,0.0,,0.0,,0.0,,0.0,,0.0,,0.0,,0.0,,0.0,,0.0,,0.0,
2002-06-17,1006.1,1009.1,1007.7,2002-06-17T22:41:00,1004.7,2002-06-17T16:17:00,29.4,33.0,2002-06-17T14:23:00,26.9,2002-06-17T04:39:00,22.8,68,58,2002-06-17T17:05:00,2.5,130,6.8,250,2002-06-17T12:10:00,0.0,0.0,0.0,,0.0,,4.4,32.6,13.53,,,,,,,,,,,,,,6.9,,24.2,2002-06-17T09:54:00,,,,21.3,2002-06-17T18:58:00,,,,,,,2.31,2002-06-17T13:00:00,,,,,,,,,,,,,,78,2002-06-17T00:41:00,,,,,,,,,,,,,,,,,,,,,,,,,,,,,,,6.1,,,,,,,15.6,,,1,,0,,0,,0,,0,,0,,0,,0,,0,,0,,0,,0,,0,,3,,1,,0,,2,,1,,0,,2,,1,,2,,1,,0,,0,,3,,2,,1,,0,,1,,3,,0,,0,,0,,0,,0,,0,,0,,,160,,,4.3,2002-06-17T08:10:00,,,0.2,,0.0,,0.0,,0.0,,0.0,,0.0,,0.0,,0.0,,0.0,,0.0,,0.0,,0.0,,0.0,,7.6,,2.8,,0.0,,5.5,,2.2,,0.0,,6.0,,3.0,,6.8,,3.1,,0.0,,0.0,,7.0,,5.7,,1.4,,0.0,,2.2,,6.5,,0.0,,0.0,,0.0,,0.0,,0.0,,0.0,,0.0,
2002-06-18,1006.4,1009.5,1007.3,2002-06-18T20:55:00,1005.1,2002-06-18T16:59:00,29.6,32.4,2002-06-18T11:25:00,27.2,2002-06-18T05:48:00,23.1,68,59,2002-06-18T11:55:00,2.5,190,7.7,280,2002-06-18T13:20:00,0.0,0.0,0.0,,0.0,,9.9,73.3,18.94,,,,,,,,,,,,,,5.1,,24.4,2002-06-18T16:05:00,,,,21.6,2002-06-18T00:16:00,,,,,,,2.56,2002-06-18T12:00:00,,,,,,,,,,,,,,74,2002-06-18T23:08:00,,,,,,,,,,,,,,,,,,,,,,,,,,,,,,,5.2,,,,,,,16.9,,,0,,0,,0,,0,,0,,0,,0,,0,,0,,0,,1,,0,,0,,1,,0,,0,,1,,0,,2,,6,,2,,0,,2,,1,,2,,3,,3,,0,,0,,0,,0,,0,,0,,0,,0,,0,,0,,0,,,260,,,4.8,2002-06-18T13:28:00,,,0.0,,0.0,,0.0,,0.0,,0.0,,0.0,,0.0,,0.0,,0.0,,0.0,,1.8,,0.0,,0.0,,0.8,,0.0,,0.0,,1.3,,0.0,,4.4,,15.6,,4.0,,0.0,,4.9,,3.0,,4.8,,9.3,,10.1,,0.0,,0.0,,0.0,,0.0,,0.0,,0.0,,0.0,,0.0,,0.0,,0.0,,0.0,
2002-06-19,1005.6,1008.7,1006.8,2002-06-19T06:50:00,1003.8,2002-06-19T16:02:00,29.9,33.3,2002-06-19T11:25:00,27.3,2002-06-19T03:51:00,23.1,67,55,2002-06-19T11:18:00,3.1,220,9.8,240,2002-06-19T15:52:00,0.0,0.0,0.0,,0.0,,10.9,80.7,19.8,,,,,,,,,,,,,,4.9,,24.1,2002-06-19T17:25:00,,,,22.0,2002-06-19T05:29:00,,,,,,,2.4,2002-06-19T14:00:00,,,,,,,,,,,,,,75,2002-06-19T03:03:00,,,,,,,,,,,,,,,,,,,,,,,,,,,,,,,6.0,,,,,,,11.3,,,0,,0,,0,,0,,0,,0,,0,,0,,0,,0,,0,,0,,0,,2,,3,,1,,1,,0,,2,,4,,4,,2,,4,,1,,0,,0,,0,,0,,0,,0,,0,,0,,0,,0,,0,,0,,0,,0,,,200,,,6.1,2002-06-19T13:53:00,,,0.0,,0.0,,0.0,,0.0,,0.0,,0.0,,0.0,,0.0,,0.0,,0.0,,0.0,,0.0,,0.0,,4.7,,5.7,,1.6,,3.6,,0.0,,4.6,,11.4,,14.4,,8.1,,16.4,,4.1,,0.0,,0.0,,0.0,,0.0,,0.0,,0.0,,0.0,,0.0,,0.0,,0.0,,0.0,,0.0,,0.0,,0.0,
2002-06-20,1004.5,1007.6,1005.5,2002-06-20T10:00:00,1003.2,2002-06-20T15:50:00,30.0,33.0,2002-06-20T11:46:00,27.6,2002-06-20T04:28:00,22.9,66,57,2002-06-20T10:02:00,3.0,260,9.1,290,2002-06-20T13:42:00,0.0,0.0,0.0,,0.0,,10.7,79.2,19.58,,,,,,,,,,,,,,3.4,,24.2,2002-06-20T12:10:00,,,,21.8,2002-06-20T21:55:00,,,,,,,2.4,2002-06-20T14:00:00,,,,,,,,,,,,,,75,2002-06-20T01:55:00,,,,,,,,,,,,,,,,,,,,,,,,,,,,,,,5.4,,,,,,,12.4,,,0,,0,,0,,0,,0,,0,,0,,0,,0,,0,,0,,0,,0,,3,,2,,0,,3,,0,,1,,3,,3,,0,,2,,2,,0,,2,,3,,0,,0,,0,,0,,0,,0,,0,,0,,0,,0,,0,,,260,,,6.2,2002-06-20T13:11:00,,,0.0,,0.0,,0.0,,0.0,,0.0,,0.0,,0.0,,0.0,,0.0,,0.0,,0.0,,0.0,,0.0,,8.8,,5.0,,0.0,,7.9,,0.0,,2.4,,6.3,,6.1,,0.0,,5.9,,7.5,,0.0,,9.4,,12.3,,0.0,,0.0,,0.0,,0.0,,0.0,,0.0,,0.0,,0.0,,0.0,,0.0,,0.0,
2002-06-21,1004.7,1007.8,1006.2,2002-06-21T23:02:00,1003.3,2002-06-21T15:49:00,30.4,34.0,2002-06-21T10:19:00,27.6,2002-06-21T04:21:00,22.7,64,51,2002-06-21T11:45:00,2.8,190,8.9,290,2002-06-21T14:14:00,0.0,0.0,0.0,,0.0,,12.4,91.8,19.6,,,,,,,,,,,,,,3.1,,23.8,2002-06-21T10:38:00,,,,21.3,2002-06-21T12:03:00,,,,,,,2.4,2002-06-21T14:00:00,,,,,,,,,,,,,,71,2002-06-21T03:49:00,,,,,,,,,,,,,,,,,,,,,,,,,,,,,,,6.4,,,,,,,11.3,,,0,,0,,0,,0,,0,,0,,0,,0,,0,,1,,0,,0,,1,,1,,2,,2,,0,,0,,1,,5,,2,,1,,3,,0,,2,,1,,2,,0,,0,,0,,0,,0,,0,,0,,0,,0,,0,,0,,,260,,,5.6,2002-06-21T14:17:00,,,0.0,,0.0,,0.0,,0.0,,0.0,,0.0,,0.0,,0.0,,0.0,,1.2,,0.0,,0.0,,0.9,,2.3,,3.7,,3.6,,0.0,,0.0,,2.8,,13.9,,5.5,,3.0,,7.7,,0.0,,8.7,,4.4,,9.0,,0.0,,0.0,,0.0,,0.0,,0.0,,0.0,,0.0,,0.0,,0.0,,0.0,,0.0,
2002-06-22,1006.8,1009.8,1009.0,2002-06-22T21:09:00,1005.0,2002-06-22T04:27:00,30.6,33.7,2002-06-22T10:20:00,28.3,2002-06-22T04:32:00,22.9,64,55,2002-06-22T09:04:00,3.8,170,9.7,260,2002-06-22T14:21:00,0.0,0.0,0.0,,0.0,,12.2,90.3,19.39,,,,,,,,,,,,,,2.9,,24.2,2002-06-22T11:29:00,,,,21.6,2002-06-22T05:21:00,,,,,,,2.4,2002-06-22T13:00:00,,,,,,,,,,,,,,71,2002-06-22T03:15:00,,,,,,,,,,,,,,,,,,,,,,,,,,,,,,,5.4,,,,,,,14.1,,,0,,0,,0,,0,,0,,0,,0,,0,,0,,0,,0,,0,,0,,0,,1,,2,,4,,4,,2,,0,,3,,0,,1,,1,,2,,3,,1,,0,,0,,0,,0,,0,,0,,0,,0,,0,,0,,0,,,260,,,6.0,2002-06-22T14:24:00,,,0.0,,0.0,,0.0,,0.0,,0.0,,0.0,,0.0,,0.0,,0.0,,0.0,,0.0,,0.0,,0.0,,0.0,,2.5,,6.5,,12.4,,14.2,,9.5,,0.0,,10.2,,0.0,,5.5,,5.0,,8.3,,13.0,,4.5,,0.0,,0.0,,0.0,,0.0,,0.0,,0.0,,0.0,,0.0,,0.0,,0.0,,0.0,
2002-06-23,1008.2,1011.3,1009.0,2002-06-23T06:56:00,1007.3,2002-06-23T16:31:00,30.8,34.2,2002-06-23T10:33:00,28.0,2002-06-23T05:11:00,23.7,66,53,2002-06-23T10:43:00,2.6,270,9.6,300,2002-06-23T17:27:00,0.0,0.0,0.0,,0.0,,12.7,94.0,20.23,,,,,,,,,,,,,,1.9,,25.1,2002-06-23T13:48:00,,,,22.5,2002-06-23T05:32:00,,,,,,,2.4,2002-06-23T14:00:00,,,,,,,,,,,,,,73,2002-06-23T03:50:00,,,,,,,,,,,,,,,,,,,,,,,,,,,,,,,6.2,,,,,,,19.6,,,0,,0,,0,,0,,0,,0,,0,,0,,0,,0,,0,,1,,0,,0,,2,,1,,3,,0,,3,,1,,2,,0,,1,,0,,2,,0,,1,,4,,1,,2,,0,,0,,0,,0,,0,,0,,0,,0,,,260,,,5.6,2002-06-23T16:24:00,,,0.0,,0.0,,0.0,,0.0,,0.0,,0.0,,0.0,,0.0,,0.0,,0.0,,0.0,,1.1,,0.0,,0.0,,4.6,,1.7,,7.8,,0.0,,6.2,,1.8,,3.8,,0.0,,1.9,,0.0,,7.7,,0.0,,3.7,,14.9,,4.0,,4.1,,0.0,,0.0,,0.0,,0.0,,0.0,,0.0,,0.0,,0.0,
2002-06-24,1007.1,1010.1,1008.3,2002-06-24T00:01:00,1005.7,2002-06-24T16:39:00,30.7,33.9,2002-06-24T12:02:00,28.1,2002-06-24T05:28:00,23.6,66,56,2002-06-24T09:52:00,2.6,180,8.2,270,2002-06-24T14:27:00,0.0,0.0,0.0,,0.0,,12.3,91.1,19.6,,,,,,,,,,,,,,3.6,,24.9,2002-06-24T12:18:00,,,,22.7,2002-06-24T05:21:00,,,,,,,2.4,2002-06-24T12:00:00,,,,,,,,,,,,,,74,2002-06-24T04:09:00,,,,,,,,,,,,,,,,,,,,,,,,,,,,,,,5.8,,,,,,,23.8,,,0,,0,,0,,0,,0,,0,,0,,0,,0,,0,,0,,0,,0,,0,,3,,0,,1,,0,,4,,3,,1,,0,,0,,1,,0,,2,,2,,3,,2,,2,,0,,0,,0,,0,,0,,0,,0,,0,,,270,,,5.2,2002-06-24T15:39:00,,,0.0,,0.0,,0.0,,0.0,,0.0,,0.0,,0.0,,0.0,,0.0,,0.0,,0.0,,0.0,,0.0,,0.0,,5.9,,0.0,,2.5,,0.0,,9.4,,5.9,,2.6,,0.0,,0.0,,1.8,,0.0,,5.1,,6.5,,11.7,,5.8,,5.4,,0.0,,0.0,,0.0,,0.0,,0.0,,0.0,,0.0,,0.0,
2002-06-25,1007.1,1010.2,1008.5,2002-06-25T22:27:00,1005.5,2002-06-25T15:45:00,30.6,33.5,2002-06-25T13:48:00,28.5,2002-06-25T03:37:00,23.5,66,58,2002-06-25T12:48:00,2.7,260,9.4,320,2002-06-25T14:22:00,0.0,0.0,0.0,,0.0,,9.9,73.3,18.4,,,,,,,,,,,,,,4.8,,24.7,2002-06-25T15:29:00,,,,22.2,2002-06-25T05:19:00,,,,,,,2.4,2002-06-25T14:00:00,,,,,,,,,,,,,,71,2002-06-25T01:33:00,,,,,,,,,,,,,,,,,,,,,,,,,,,,,,,5.0,,,,,,,22.3,,,0,,0,,0,,0,,0,,0,,0,,0,,0,,0,,0,,0,,1,,1,,3,,1,,0,,0,,1,,2,,3,,1,,0,,0,,1,,3,,4,,1,,0,,1,,1,,0,,0,,0,,0,,0,,0,,0,,,270,,,5.8,2002-06-25T14:29:00,,,0.0,,0.0,,0.0,,0.0,,0.0,,0.0,,0.0,,0.0,,0.0,,0.0,,0.0,,0.0,,2.0,,1.5,,5.8,,1.5,,0.0,,0.0,,2.0,,5.3,,8.1,,1.8,,0.0,,0.0,,3.8,,11.0,,12.6,,5.2,,0.0,,1.8,,1.6,,0.0,,0.0,,0.0,,0.0,,0.0,,0.0,,0.0,
2002-06-26,1007.6,1010.7,1009.3,2002-06-26T21:24:00,1006.0,2002-06-26T15:23:00,30.4,33.7,2002-06-26T12:52:00,28.1,2002-06-26T21:31:00,24.4,70,55,2002-06-26T10:49:00,2.7,260,8.4,280,2002-06-26T11:44:00,10.0,0.5,8.0,2002-06-26T21:21:00,9.5,2002-06-26T21:15:00,10.3,76.3,16.97,,,,,,,,,,,,,,5.3,,26.5,2002-06-26T11:23:00,,,,21.8,2002-06-26T10:43:00,,,,,,,2.49,2002-06-26T13:00:00,,,,,,,,,,,,,,81,2002-06-26T21:24:00,,,,,,,,,,,,,,,,,,,,,,,,,,,,,,,5.6,,,,,,,19.5,,,0,,0,,0,,0,,0,,0,,0,,1,,0,,0,,0,,0,,0,,3,,0,,1,,1,,1,,1,,1,,0,,0,,1,,1,,0,,2,,4,,0,,1,,2,,1,,0,,1,,1,,0,,1,,0,,0,,,250,,,5.3,2002-06-26T11:44:00,,,0.0,,0.0,,0.0,,0.0,,0.0,,0.0,,0.0,,3.2,,0.0,,0.0,,0.0,,0.0,,0.0,,5.8,,0.0,,0.7,,2.3,,2.1,,2.6,,2.4,,0.0,,0.0,,2.7,,1.6,,0.0,,5.7,,16.3,,0.0,,3.1,,6.9,,2.5,,0.0,,1.9,,3.3,,0.0,,1.7,,0.0,,0.0,
2002-06-27,1007.8,1010.9,1009.0,2002-06-27T00:01:00,1006.3,2002-06-27T15:31:00,30.3,33.5,2002-06-27T12:08:00,27.7,2002-06-27T05:18:00,24.5,71,63,2002-06-27T10:32:00,2.3,280,8.3,270,2002-06-27T14:56:00,0.0,0.0,0.0,,0.0,,11.3,83.7,18.58,,,,,,,,,,,,,,3.1,,25.9,2002-06-27T13:08:00,,,,23.6,2002-06-27T00:10:00,,,,,,,2.42,2002-06-27T12:00:00,,,,,,,,,,,,,,80,2002-06-27T05:16:00,,,,,,,,,,,,,,,,,,,,,,,,,,,,,,,5.8,,,,,,,17.9,,,0,,0,,1,,2,,0,,1,,2,,0,,0,,0,,2,,0,,0,,1,,0,,1,,1,,0,,0,,0,,1,,0,,0,,0,,1,,2,,3,,1,,3,,1,,1,,0,,0,,0,,0,,0,,0,,0,,,280,,,5.1,2002-06-27T12:37:00,,,0.0,,0.0,,0.4,,2.3,,0.0,,1.1,,2.8,,0.0,,0.0,,0.0,,1.7,,0.0,,0.0,,2.6,,0.0,,1.9,,1.6,,0.0,,0.0,,0.0,,1.6,,0.0,,0.0,,0.0,,2.7,,6.6,,7.5,,4.8,,11.6,,3.7,,2.1,,0.0,,0.0,,0.0,,0.0,,0.0,,0.0,,0.0,
2002-06-28,1007.2,1010.2,1008.3,2002-06-28T00:09:00,1005.5,2002-06-28T16:15:00,30.1,33.2,2002-06-28T15:32:00,27.7,2002-06-28T05:38:00,24.1,70,61,2002-06-28T15:55:00,2.3,270,8.0,290,2002-06-28T14:33:00,0.0,0.0,0.0,,0.0,,7.8,57.8,15.8,,,,,,,,,,,,,,5.4,,25.8,2002-06-28T11:32:00,,,,23.0,2002-06-28T05:42:00,,,,,,,2.24,2002-06-28T11:00:00,,,,,,,,,,,,,,77,2002-06-28T05:38:00,,,,,,,,,,,,,,,,,,,,,,,,,,,,,,,5.5,,,,,,,16.5,,,1,,0,,0,,0,,0,,0,,0,,0,,0,,0,,1,,1,,0,,0,,3,,0,,2,,1,,0,,0,,0,,1,,0,,1,,2,,2,,2,,3,,1,,2,,1,,0,,0,,0,,0,,0,,0,,0,,,300,,,4.6,2002-06-28T13:08:00,,,0.2,,0.0,,0.0,,0.0,,0.0,,0.0,,0.0,,0.0,,0.0,,0.0,,2.2,,1.0,,0.0,,0.0,,5.2,,0.0,,3.1,,2.0,,0.0,,0.0,,0.0,,1.4,,0.0,,2.4,,3.5,,4.6,,7.1,,9.8,,3.0,,7.7,,3.0,,0.0,,0.0,,0.0,,0.0,,0.0,,0.0,,0.0,
2002-06-29,1005.7,1008.7,1007.0,2002-06-29T00:01:00,1003.8,2002-06-29T16:35:00,30.2,33.4,2002-06-29T14:36:00,27.6,2002-06-29T04:46:00,24.1,70,59,2002-06-29T10:08:00,2.8,260,9.6,300,2002-06-29T15:31:00,0.0,0.0,0.0,,0.0,,9.9,73.4,18.75,,,,,,,,,,,,,,5.6,,25.5,2002-06-29T14:36:00,,,,23.0,2002-06-29T04:49:00,,,,,,,2.4,2002-06-29T11:00:00,,,,,,,,,,,,,,78,2002-06-29T03:21:00,,,,,,,,,,,,,,,,,,,,,,,,,,,,,,,5.8,,,,,,,14.3,,,0,,0,,0,,0,,0,,0,,0,,0,,0,,0,,0,,0,,0,,2,,2,,2,,1,,1,,2,,0,,0,,3,,1,,1,,1,,3,,5,,0,,0,,0,,0,,0,,0,,0,,0,,0,,0,,0,,,260,,,5.1,2002-06-29T14:58:00,,,0.0,,0.0,,0.0,,0.0,,0.0,,0.0,,0.0,,0.0,,0.0,,0.0,,0.0,,0.0,,0.0,,3.6,,4.8,,4.2,,2.2,,2.0,,4.1,,0.0,,0.0,,6.8,,2.7,,1.6,,3.2,,10.5,,20.4,,0.0,,0.0,,0.0,,0.0,,0.0,,0.0,,0.0,,0.0,,0.0,,0.0,,0.0,
2002-06-30,1004.1,1007.1,1005.3,2002-06-30T00:01:00,1002.3,2002-06-30T16:31:00,30.1,33.1,2002-06-30T13:28:00,27.7,2002-06-30T05:07:00,23.7,69,60,2002-06-30T14:54:00,3.0,170,9.8,290,2002-06-30T12:30:00,0.0,0.0,0.0,,0.0,,10.0,74.1,18.6,,,,,,,,,,,,,,3.0,,25.1,2002-06-30T10:13:00,,,,22.4,2002-06-30T22:30:00,,,,,,,2.4,2002-06-30T13:00:00,,,,,,,,,,,,,,78,2002-06-30T03:25:00,,,,,,,,,,,,,,,,,,,,,,,,,,,,,,,5.4,,,,,,,17.0,,,0,,0,,0,,0,,0,,0,,0,,0,,0,,0,,0,,0,,0,,2,,1,,1,,1,,4,,1,,2,,0,,1,,2,,1,,3,,2,,3,,0,,0,,0,,0,,0,,0,,0,,0,,0,,0,,0,,,270,,,5.5,2002-06-30T12:19:00,,,0.0,,0.0,,0.0,,0.0,,0.0,,0.0,,0.0,,0.0,,0.0,,0.0,,0.0,,0.0,,0.0,,4.9,,1.6,,1.5,,3.2,,8.5,,3.7,,5.3,,0.0,,3.7,,6.7,,3.7,,12.1,,7.0,,11.0,,0.0,,0.0,,0.0,,0.0,,0.0,,0.0,,0.0,,0.0,,0.0,,0.0,,0.0,
2002-07-01,1003.9,1006.9,1006.9,2002-07-01T19:20:00,1002.9,2002-07-01T03:38:00,29.5,33.5,2002-07-01T13:14:00,24.4,2002-07-01T19:55:00,23.4,70,60,2002-07-01T13:22:00,2.8,260,13.3,190,2002-07-01T19:12:00,54.0,1.4,18.0,2002-07-01T19:15:00,54.0,2002-07-01T19:05:00,8.5,63.0,16.64,,,,,,,,,,,,,,5.3,,25.3,2002-07-01T12:10:00,,,,20.5,2002-07-01T20:06:00,,,,,,,2.36,2002-07-01T13:00:00,,,,,,,,,,,,,,83,2002-07-01T19:52:00,,,,,,,,,,,,,,,,,,,,,,,,,,,,,,,9.1,,10.36,2002-07-01T13:00:00,,,,19.3,,,0,,2,,0,,0,,0,,1,,2,,1,,0,,0,,1,,1,,1,,3,,2,,0,,0,,0,,0,,0,,0,,0,,0,,1,,1,,0,,4,,3,,1,,0,,0,,0,,0,,0,,0,,0,,0,,0,,,130,,,6.5,2002-07-01T19:15:00,,,0.0,,6.4,,0.0,,0.0,,0.0,,1.8,,3.4,,5.0,,0.0,,0.0,,1.5,,1.9,,1.4,,4.2,,3.8,,0.0,,0.0,,0.0,,0.0,,0.0,,0.0,,0.0,,0.0,,3.4,,1.4,,0.0,,17.6,,10.9,,3.3,,0.0,,0.0,,0.0,,0.0,,0.0,,0.0,,0.0,,0.0,,0.0,
2002-07-02,1003.2,1006.2,1004.9,2002-07-02T00:04:00,1001.7,2002-07-02T17:20:00,30.0,33.7,2002-07-02T14:36:00,26.2,2002-07-02T05:07:00,23.5,69,57,2002-07-02T10:35:00,3.4,340,12.6,360,2002-07-02T16:23:00,0.0,0.0,0.0,,0.0,,11.1,82.4,18.56,,,,,,,,,,,,,,4.6,,25.2,2002-07-02T11:40:00,,,,21.4,2002-07-02T05:18:00,,,,,,,2.4,2002-07-02T14:00:00,,,,,,,,,,,,,,78,2002-07-02T00:16:00,,,,,,,,,,,,,,,,,,,,,,,,,,,,,,,7.5,,9.0,2002-07-02T13:00:00,,,,13.3,,,0,,2,,1,,2,,0,,0,,0,,0,,0,,1,,1,,0,,0,,0,,0,,0,,0,,0,,0,,0,,0,,0,,0,,0,,0,,0,,0,,0,,0,,0,,0,,0,,2,,2,,6,,5,,2,,0,,,320,,,7.3,2002-07-02T13:13:00,,,0.0,,4.0,,1.4,,2.0,,0.0,,0.0,,0.0,,0.0,,0.0,,0.3,,0.8,,0.0,,0.0,,0.0,,0.0,,0.0,,0.0,,0.0,,0.0,,0.0,,0.0,,0.0,,0.0,,0.0,,0.0,,0.0,,0.0,,0.0,,0.0,,0.0,,0.0,,0.0,,11.7,,11.6,,27.2,,15.9,,7.0,,0.0,
2002-07-03,997.5,1000.5,1001.8,2002-07-03T00:01:00,995.3,2002-07-03T16:20:00,29.4,32.1,2002-07-03T10:21:00,27.8,2002-07-03T05:00:00,23.6,71,63,2002-07-03T10:00:00,7.1,350,21.9,50,2002-07-03T10:54:00,0.0,0.0,0.0,,0.0,,3.0,22.3,10.2,,,,,,,,,,,,,,8.6,,24.7,2002-07-03T00:20:00,,,,21.9,2002-07-03T07:00:00,,,,,,,2.12,2002-07-03T11:00:00,,,,,,,,,,,,,,78,2002-07-03T04:49:00,,,,,,,,,,,,,,,,,,,,,,,,,,,,,,,4.3,,9.39,2002-07-03T11:00:00,,,,8.5,,,0,,3,,1,,0,,0,,0,,0,,0,,0,,0,,0,,0,,0,,0,,0,,0,,0,,0,,0,,0,,0,,0,,0,,0,,0,,0,,0,,0,,0,,0,,0,,0,,0,,0,,2,,15,,3,,0,,,350,,,11.9,2002-07-03T14:37:00,,,0.0,,18.5,,3.6,,0.0,,0.0,,0.0,,0.0,,0.0,,0.0,,0.0,,0.0,,0.0,,0.0,,0.0,,0.0,,0.0,,0.0,,0.0,,0.0,,0.0,,0.0,,0.0,,0.0,,0.0,,0.0,,0.0,,0.0,,0.0,,0.0,,0.0,,0.0,,0.0,,0.0,,0.0,,12.8,,113.4,,23.0,,0.0,
2002-07-04,997.3,1000.3,999.5,2002-07-04T21:47:00,995.9,2002-07-04T04:52:00,30.4,33.8,2002-07-04T12:28:00,28.1,2002-07-04T04:10:00,24.7,72,62,2002-07-04T12:27:00,4.6,310,15.8,50,2002-07-04T00:43:00,0.0,0.0,0.0,,0.0,,10.3,76.5,18.02,,,,,,,,,,,,,,5.6,,26.3,2002-07-04T12:45:00,,,,23.0,2002-07-04T04:31:00,,,,,,,2.35,2002-07-04T14:00:00,,,,,,,,,,,,,,77,2002-07-04T06:49:00,,,,,,,,,,,,,,,,,,,,,,,,,,,,,,,5.7,,10.79,2002-07-04T13:00:00,,,,8.6,,,0,,0,,0,,0,,0,,0,,0,,0,,0,,0,,0,,0,,0,,0,,0,,1,,2,,1,,0,,1,,0,,0,,0,,0,,1,,1,,2,,0,,0,,1,,4,,4,,1,,2,,1,,2,,0,,0,,,350,,,8.8,2002-07-04T00:16:00,,,0.0,,0.0,,0.0,,0.0,,0.0,,0.0,,0.0,,0.0,,0.0,,0.0,,0.0,,0.0,,0.0,,0.0,,0.0,,1.6,,5.0,,1.5,,0.0,,2.9,,0.0,,0.0,,0.0,,0.0,,3.0,,3.5,,8.7,,0.0,,0.0,,5.5,,20.3,,23.3,,5.9,,9.7,,3.8,,14.5,,0.0,,0.0,
2002-07-05,999.4,1002.4,1001.3,2002-07-05T22:29:00,997.8,2002-07-05T16:03:00,30.5,33.6,2002-07-05T10:32:00,28.2,2002-07-05T04:51:00,24.4,70,60,2002-07-05T12:13:00,3.5,190,8.9,220,2002-07-05T21:15:00,0.0,0.0,0.0,,0.0,,10.3,76.5,19.24,,,,,,,,,,,,,,4.6,,25.5,2002-07-05T11:21:00,,,,22.8,2002-07-05T05:39:00,,,,,,,2.45,2002-07-05T12:00:00,,,,,,,,,,,,,,78,2002-07-05T01:56:00,,,,,,,,,,,,,,,,,,,,,,,,,,,,,,,5.4,,12.02,2002-07-05T13:00:00,,,,12.8,,,0,,0,,0,,0,,0,,0,,0,,0,,0,,0,,0,,0,,0,,1,,2,,3,,1,,1,,2,,5,,0,,2,,2,,2,,1,,0,,1,,1,,0,,0,,0,,0,,0,,0,,0,,0,,0,,0,,,260,,,5.7,2002-07-05T15:10:00,,,0.0,,0.0,,0.0,,0.0,,0.0,,0.0,,0.0,,0.0,,0.0,,0.0,,0.0,,0.0,,0.0,,2.8,,6.1,,6.7,,1.7,,2.7,,6.6,,21.2,,0.0,,6.6,,8.2,,8.5,,3.6,,0.0,,5.1,,5.2,,0.0,,0.0,,0.0,,0.0,,0.0,,0.0,,0.0,,0.0,,0.0,,0.0,
2002-07-06,999.4,1002.4,1000.8,2002-07-06T10:08:00,997.8,2002-07-06T16:08:00,30.0,32.9,2002-07-06T14:56:00,27.9,2002-07-06T03:15:00,23.4,68,60,2002-07-06T14:56:00,4.4,190,14.2,230,2002-07-06T14:46:00,0.0,0.0,0.0,,0.0,,5.0,37.2,14.41,,,,,,,,,,,,,,6.3,,24.5,2002-07-06T09:30:00,,,,21.8,2002-07-06T23:59:00,,,,,,,1.87,2002-07-06T10:00:00,,,,,,,,,,,,,,77,2002-07-06T04:43:00,,,,,,,,,,,,,,,,,,,,,,,,,,,,,,,5.0,,7.76,2002-07-06T13:00:00,,,,13.9,,,0,,0,,0,,0,,0,,0,,0,,0,,0,,0,,0,,0,,1,,0,,5,,5,,1,,3,,4,,5,,0,,0,,0,,0,,0,,0,,0,,0,,0,,0,,0,,0,,0,,0,,0,,0,,0,,0,,,200,,,9.3,2002-07-06T14:51:00,,,0.0,,0.0,,0.0,,0.0,,0.0,,0.0,,0.0,,0.0,,0.0,,0.0,,0.0,,0.0,,2.3,,0.0,,15.8,,17.5,,6.1,,12.7,,23.6,,28.0,,0.0,,0.0,,0.0,,0.0,,0.0,,0.0,,0.0,,0.0,,0.0,,0.0,,0.0,,0.0,,0.0,,0.0,,0.0,,0.0,,0.0,,0.0,
2002-07-07,997.4,1000.4,999.7,2002-07-07T00:05:00,995.7,2002-07-07T17:00:00,29.2,32.6,2002-07-07T09:41:00,27.2,2002-07-07T13:28:00,22.8,69,60,2002-07-07T09:40:00,2.2,200,10.3,210,2002-07-07T14:37:00,9.5,0.4,7.5,2002-07-07T13:17:00,9.5,2002-07-07T13:10:00,3.1,23.1,11.69,,,,,,,,,,,,,,7.1,,24.4,2002-07-07T10:59:00,,,,21.7,2002-07-07T05:54:00,,,,,,,1.87,2002-07-07T12:00:00,,,,,,,,,,,,,,81,2002-07-07T13:33:00,,,,,,,,,,,,,,,,,,,,,,,,,,,,,,,5.4,,8.66,2002-07-07T12:00:00,,,,13.0,,,0,,1,,1,,1,,1,,1,,2,,0,,0,,1,,2,,0,,1,,0,,1,,0,,2,,0,,2,,1,,3,,0,,0,,0,,1,,1,,0,,1,,0,,0,,1,,0,,0,,0,,0,,0,,0,,0,,,190,,,6.6,2002-07-07T14:43:00,,,0.0,,2.7,,2.7,,0.6,,0.9,,1.4,,4.4,,0.0,,0.0,,1.7,,2.1,,0.0,,1.8,,0.0,,2.7,,0.0,,3.7,,0.0,,6.1,,1.5,,9.1,,0.0,,0.0,,0.0,,3.4,,3.7,,0.0,,2.7,,0.0,,0.0,,1.6,,0.0,,0.0,,0.0,,0.0,,0.0,,0.0,,0.0,
2002-07-08,993.2,996.2,996.2,2002-07-08T00:01:00,990.8,2002-07-08T16:21:00,28.7,33.2,2002-07-08T12:28:00,26.3,2002-07-08T21:12:00,22.4,69,57,2002-07-08T12:10:00,2.6,130,13.3,200,2002-07-08T14:45:00,1.0,3.2,0.5,2002-07-08T21:15:00,1.0,2002-07-08T21:00:00,0.6,4.5,9.19,,,,,,,,,,,,,,9.3,,23.7,2002-07-08T12:33:00,,,,21.1,2002-07-08T21:30:00,,,,,,,1.81,2002-07-08T13:00:00,,,,,,,,,,,,,,80,2002-07-08T23:59:59,,,,,,,,,,,,,,,,,,,,,,,,,,,,,,,6.9,,8.88,2002-07-08T12:00:00,,,,8.5,,,1,,0,,0,,1,,0,,1,,0,,0,,0,,1,,2,,0,,2,,4,,1,,2,,1,,2,,1,,1,,1,,1,,1,,0,,1,,0,,0,,0,,0,,0,,0,,0,,0,,0,,0,,0,,0,,0,,,180,,,8.6,2002-07-08T14:54:00,,,0.2,,0.0,,0.0,,1.4,,0.0,,1.5,,0.0,,0.0,,0.0,,2.9,,3.0,,0.0,,6.2,,10.8,,1.7,,10.9,,6.0,,9.7,,3.0,,3.2,,1.4,,0.4,,0.5,,0.0,,0.6,,0.0,,0.0,,0.0,,0.0,,0.0,,0.0,,0.0,,0.0,,0.0,,0.0,,0.0,,0.0,,0.0,
2002-07-09,989.7,992.7,993.2,2002-07-09T22:27:00,987.2,2002-07-09T08:11:00,27.6,30.6,2002-07-09T12:34:00,25.8,2002-07-09T00:51:00,24.0,81,73,2002-07-09T14:48:00,6.1,150,19.0,210,2002-07-09T10:14:00,37.0,14.6,9.0,2002-07-09T00:02:00,22.0,2002-07-09T00:02:00,0.0,0.0,7.61,,,,,,,,,,,,,,9.8,,27.0,2002-07-09T09:03:00,,,,22.6,2002-07-09T01:50:00,,,,,,,1.41,2002-07-09T13:00:00,,,,,,,,,,,,,,97,2002-07-09T09:01:00,,,,,,,,,,,,,,,,,,,,,,,,,,,,,,,4.8,,7.22,2002-07-09T13:00:00,,,,5.3,,,0,,0,,0,,0,,0,,0,,0,,0,,0,,0,,1,,0,,1,,1,,2,,4,,0,,0,,3,,1,,0,,3,,1,,0,,1,,2,,1,,0,,1,,2,,0,,0,,0,,0,,0,,0,,0,,0,,,180,,,11.1,2002-07-09T10:45:00,,,0.0,,0.0,,0.0,,0.0,,0.0,,0.0,,0.0,,0.0,,0.0,,0.0,,5.4,,0.0,,4.5,,6.7,,11.1,,29.3,,0.0,,0.0,,28.4,,7.9,,0.0,,17.7,,4.5,,0.0,,5.4,,9.3,,4.2,,0.0,,4.1,,9.0,,0.0,,0.0,,0.0,,0.0,,0.0,,0.0,,0.0,,0.0,
2002-07-10,994.6,997.6,996.8,2002-07-10T22:08:00,992.5,2002-07-10T03:05:00,27.0,28.9,2002-07-10T10:03:00,25.6,2002-07-10T03:01:00,23.1,80,71,2002-07-10T09:21:00,4.2,320,12.8,320,2002-07-10T01:41:00,26.5,12.5,5.0,2002-07-10T23:42:00,8.5,2002-07-10T05:36:00,0.0,0.0,4.07,,,,,,,,,,,,,,10.0,,24.5,2002-07-10T23:10:00,,,,21.9,2002-07-10T01:28:00,,,,,,,0.71,2002-07-10T09:00:00,,,,,,,,,,,,,,87,2002-07-10T02:24:00,,,,,,,,,,,,,,,,,,,,,,,,,,,,,,,3.3,,4.14,2002-07-10T13:00:00,,,,8.5,,,0,,0,,0,,0,,0,,0,,0,,0,,0,,0,,0,,0,,0,,0,,0,,0,,0,,0,,0,,0,,0,,0,,0,,0,,0,,0,,0,,2,,1,,2,,1,,5,,8,,3,,2,,0,,0,,0,,,320,,,7.8,2002-07-10T14:28:00,,,0.0,,0.0,,0.0,,0.0,,0.0,,0.0,,0.0,,0.0,,0.0,,0.0,,0.0,,0.0,,0.0,,0.0,,0.0,,0.0,,0.0,,0.0,,0.0,,0.0,,0.0,,0.0,,0.0,,0.0,,0.0,,0.0,,0.0,,11.0,,4.5,,8.0,,3.3,,21.7,,32.3,,14.4,,6.2,,0.0,,0.0,,0.0,
2002-07-11,997.9,1001.0,1000.2,2002-07-11T23:57:00,996.3,2002-07-11T02:26:00,28.1,33.8,2002-07-11T12:12:00,25.5,2002-07-11T03:52:00,24.6,82,65,2002-07-11T12:12:00,2.2,320,7.1,350,2002-07-11T14:30:00,165.0,5.3,15.5,2002-07-11T04:43:00,47.5,2002-07-11T03:02:00,3.4,25.3,9.58,,,,,,,,,,,,,,7.5,,26.5,2002-07-11T12:13:00,,,,22.3,2002-07-11T00:04:00,,,,,,,1.63,2002-07-11T12:00:00,,,,,,,,,,,,,,100,2002-07-11T01:46:00,,,,,,,,,,,,,,,,,,,,,,,,,,,,,,,8.3,,8.61,2002-07-11T12:00:00,,,,4.7,,,0,,1,,2,,2,,0,,0,,0,,0,,0,,0,,0,,0,,0,,0,,0,,0,,0,,0,,0,,0,,0,,0,,0,,1,,2,,2,,0,,0,,1,,0,,2,,2,,4,,2,,1,,2,,0,,0,,,320,,,4.8,2002-07-11T14:14:00,,,0.0,,2.2,,5.7,,4.4,,0.0,,0.0,,0.0,,0.0,,0.0,,0.0,,0.0,,0.0,,0.0,,0.0,,0.0,,0.0,,0.0,,0.0,,0.0,,0.0,,0.0,,0.0,,0.0,,3.0,,3.0,,3.5,,0.0,,0.0,,1.5,,0.0,,4.7,,3.8,,10.3,,5.0,,2.0,,4.8,,0.0,,0.0,
2002-07-12,999.6,1002.6,1001.0,2002-07-12T09:26:00,997.5,2002-07-12T15:49:00,28.7,32.9,2002-07-12T14:54:00,25.0,2002-07-12T06:47:00,24.5,79,64,2002-07-12T14:33:00,2.3,100,8.3,40,2002-07-12T07:46:00,75.5,2.3,16.5,2002-07-12T06:27:00,40.0,2002-07-12T06:24:00,3.9,29.1,11.02,,,,,,,,,,,,,,7.1,,26.8,2002-07-12T12:49:00,,,,22.5,2002-07-12T06:32:00,,,,,,,2.26,2002-07-12T14:00:00,,,,,,,,,,,,,,100,2002-07-12T07:58:00,,,,,,,,,,,,,,,,,,,,,,,,,,,,,,,7.9,,8.01,2002-07-12T13:00:00,,,,3.9,,,1,,0,,1,,1,,1,,1,,0,,0,,1,,0,,2,,1,,0,,0,,1,,2,,0,,1,,1,,0,,0,,0,,2,,2,,2,,1,,0,,0,,0,,0,,1,,1,,0,,1,,0,,0,,0,,0,,,30,,,5.4,2002-07-12T07:55:00,,,0.2,,0.0,,2.4,,4.3,,1.8,,1.1,,0.0,,0.0,,3.2,,0.0,,6.5,,1.4,,0.0,,0.0,,1.7,,4.4,,0.0,,2.4,,2.6,,0.0,,0.0,,0.0,,3.6,,3.7,,4.6,,3.5,,0.0,,0.0,,0.0,,0.0,,2.6,,2.8,,0.0,,2.1,,0.0,,0.0,,0.0,,0.0,
2002-07-13,999.3,1002.4,1000.5,2002-07-13T07:12:00,997.7,2002-07-13T15:09:00,29.3,33.7,2002-07-13T14:51:00,27.0,2002-07-13T03:43:00,24.5,76,65,2002-07-13T11:02:00,2.0,100,7.3,280,2002-07-13T15:33:00,2.0,0.7,1.5,2002-07-13T16:31:00,2.0,2002-07-13T16:25:00,5.7,42.6,12.98,,,,,,,,,,,,,,6.9,,26.4,2002-07-13T16:40:00,,,,22.7,2002-07-13T05:51:00,,,,,,,2.24,2002-07-13T14:00:00,,,,,,,,,,,,,,88,2002-07-13T18:38:00,,,,,,,,,,,,,,,,,,,,,,,,,,,,,,,6.7,,9.94,2002-07-13T13:00:00,,,,7.1,,,0,,0,,0,,0,,0,,1,,0,,0,,0,,2,,4,,0,,1,,4,,3,,0,,0,,2,,0,,0,,0,,0,,0,,0,,1,,0,,0,,0,,1,,0,,2,,2,,0,,1,,0,,0,,0,,0,,,240,,,4.1,2002-07-13T15:58:00,,,0.0,,0.0,,0.0,,0.0,,0.0,,1.0,,0.0,,0.0,,0.0,,3.0,,8.0,,0.0,,1.7,,6.0,,5.2,,0.0,,0.0,,4.5,,0.0,,0.0,,0.0,,0.0,,0.0,,0.0,,3.9,,0.0,,0.0,,0.0,,2.0,,0.0,,6.3,,5.6,,0.0,,1.3,,0.0,,0.0,,0.0,,0.0,
2002-07-14,998.6,1001.6,1000.3,2002-07-14T22:50:00,997.5,2002-07-14T15:30:00,29.7,33.6,2002-07-14T12:54:00,26.6,2002-07-14T07:56:00,24.4,74,55,2002-07-14T13:00:00,2.3,190,6.7,270,2002-07-14T13:46:00,1.0,0.6,1.0,2002-07-14T07:46:00,1.0,2002-07-14T07:30:00,3.5,26.1,12.77,,,,,,,,,,,,,,6.8,,25.6,2002-07-14T13:13:00,,,,22.9,2002-07-14T14:38:00,,,,,,,2.48,2002-07-14T13:00:00,,,,,,,,,,,,,,92,2002-07-14T07:49:00,,,,,,,,,,,,,,,,,,,,,,,,,,,,,,,7.0,,10.79,2002-07-14T13:00:00,,,,5.4,,,2,,0,,0,,0,,0,,0,,1,,1,,0,,1,,1,,0,,0,,0,,0,,0,,0,,0,,2,,4,,0,,0,,0,,1,,1,,2,,2,,2,,0,,1,,0,,1,,0,,0,,1,,1,,0,,0,,,240,,,4.1,2002-07-14T13:41:00,,,0.4,,0.0,,0.0,,0.0,,0.0,,0.0,,2.5,,1.9,,0.0,,1.4,,2.2,,0.0,,0.0,,0.0,,0.0,,0.0,,0.0,,0.0,,7.1,,12.5,,0.0,,0.0,,0.0,,2.8,,3.2,,5.6,,3.7,,3.0,,0.0,,1.8,,0.0,,2.3,,0.0,,0.0,,2.0,,1.6,,0.0,,0.0,
2002-07-15,1001.9,1004.9,1005.3,2002-07-15T22:20:00,999.3,2002-07-15T03:13:00,28.6,32.0,2002-07-15T10:46:00,26.0,2002-07-15T21:49:00,24.8,80,65,2002-07-15T10:20:00,4.6,150,15.0,220,2002-07-15T12:44:00,13.0,1.6,3.0,2002-07-15T15:48:00,6.0,2002-07-15T22:48:00,4.7,35.1,11.81,,,,,,,,,,,,,,8.3,,26.3,2002-07-15T16:23:00,,,,23.7,2002-07-15T19:44:00,,,,,,,2.09,2002-07-15T11:00:00,,,,,,,,,,,,,,99,2002-07-15T21:57:00,,,,,,,,,,,,,,,,,,,,,,,,,,,,,,,6.0,,9.91,2002-07-15T11:00:00,,,,7.1,,,0,,0,,0,,0,,0,,0,,0,,0,,0,,0,,0,,0,,0,,1,,4,,7,,2,,2,,3,,3,,0,,2,,0,,0,,0,,0,,0,,0,,0,,0,,0,,0,,0,,0,,0,,0,,0,,0,,,200,,,9.9,2002-07-15T12:53:00,,,0.0,,0.0,,0.0,,0.0,,0.0,,0.0,,0.0,,0.0,,0.0,,0.0,,0.0,,0.0,,0.0,,3.5,,14.7,,23.8,,7.3,,9.8,,20.9,,18.8,,0.0,,11.3,,0.0,,0.0,,0.0,,0.0,,0.0,,0.0,,0.0,,0.0,,0.0,,0.0,,0.0,,0.0,,0.0,,0.0,,0.0,,0.0,
2002-07-16,1005.1,1008.1,1006.8,2002-07-16T21:42:00,1003.8,2002-07-16T02:54:00,28.5,31.6,2002-07-16T10:28:00,26.1,2002-07-16T04:59:00,24.3,78,64,2002-07-16T09:51:00,4.6,180,17.0,200,2002-07-16T11:45:00,7.0,1.0,7.0,2002-07-16T11:47:00,7.0,2002-07-16T11:40:00,5.2,38.9,12.79,,,,,,,,,,,,,,7.5,,25.7,2002-07-16T12:27:00,,,,22.9,2002-07-16T23:44:00,,,,,,,2.11,2002-07-16T11:00:00,,,,,,,,,,,,,,91,2002-07-16T12:07:00,,,,,,,,,,,,,,,,,,,,,,,,,,,,,,,5.5,,9.88,2002-07-16T11:00:00,,,,10.6,,,0,,0,,0,,0,,0,,0,,0,,0,,0,,0,,0,,0,,0,,3,,4,,3,,1,,4,,5,,4,,0,,0,,0,,0,,0,,0,,0,,0,,0,,0,,0,,0,,0,,0,,0,,0,,0,,0,,,180,,,9.5,2002-07-16T11:52:00,,,0.0,,0.0,,0.0,,0.0,,0.0,,0.0,,0.0,,0.0,,0.0,,0.0,,0.0,,0.0,,0.0,,10.8,,15.4,,11.8,,5.6,,22.7,,23.3,,21.2,,0.0,,0.0,,0.0,,0.0,,0.0,,0.0,,0.0,,0.0,,0.0,,0.0,,0.0,,0.0,,0.0,,0.0,,0.0,,0.0,,0.0,,0.0,
2002-07-17,1005.2,1008.3,1006.2,2002-07-17T07:11:00,1004.0,2002-07-17T16:01:00,26.3,27.8,2002-07-17T00:06:00,24.3,2002-07-17T15:11:00,23.9,87,73,2002-07-17T00:34:00,2.8,120,12.0,300,2002-07-17T07:10:00,43.0,10.7,12.5,2002-07-17T07:08:00,15.0,2002-07-17T06:22:00,0.0,0.0,0.38,,,,,,,,,,,,,,9.3,,26.5,2002-07-17T11:37:00,,,,22.2,2002-07-17T17:04:00,,,,,,,0.15,2002-07-17T15:00:00,,,,,,,,,,,,,,100,2002-07-17T08:55:00,,,,,,,,,,,,,,,,,,,,,,,,,,,,,,,3.5,,1.41,2002-07-17T14:00:00,,,,9.1,,,0,,0,,1,,0,,0,,0,,0,,0,,1,,2,,1,,2,,5,,3,,2,,2,,3,,0,,1,,0,,0,,0,,0,,0,,0,,0,,0,,0,,0,,0,,0,,0,,0,,1,,0,,0,,0,,0,,,130,,,4.9,2002-07-17T23:19:00,,,0.0,,0.0,,3.3,,0.0,,0.0,,0.0,,0.0,,0.0,,2.4,,3.9,,3.3,,6.5,,12.3,,10.4,,6.3,,5.6,,9.2,,0.0,,2.3,,0.0,,0.0,,0.0,,0.0,,0.0,,0.0,,0.0,,0.0,,0.0,,0.0,,0.0,,0.0,,0.0,,0.0,,2.4,,0.0,,0.0,,0.0,,0.0,
2002-07-18,1004.6,1007.6,1006.5,2002-07-18T21:37:00,1003.5,2002-07-18T03:21:00,28.7,31.8,2002-07-18T14:22:00,26.2,2002-07-18T03:30:00,24.7,79,69,2002-07-18T13:45:00,4.6,160,14.6,220,2002-07-18T09:32:00,0.5,0.7,0.5,2002-07-18T17:48:00,0.5,2002-07-18T17:48:00,2.3,17.2,13.44,,,,,,,,,,,,,,8.3,,25.9,2002-07-18T08:38:00,,,,23.2,2002-07-18T18:48:00,,,,,,,2.37,2002-07-18T14:00:00,,,,,,,,,,,,,,89,2002-07-18T04:22:00,,,,,,,,,,,,,,,,,,,,,,,,,,,,,,,5.6,,11.07,2002-07-18T14:00:00,,,,8.8,,,0,,0,,0,,0,,0,,0,,0,,0,,0,,0,,0,,0,,0,,3,,3,,3,,4,,1,,1,,3,,3,,2,,1,,0,,0,,0,,0,,0,,0,,0,,0,,0,,0,,0,,0,,0,,0,,0,,,200,,,8.5,2002-07-18T09:35:00,,,0.0,,0.0,,0.0,,0.0,,0.0,,0.0,,0.0,,0.0,,0.0,,0.0,,0.0,,0.0,,0.0,,7.9,,7.9,,8.8,,16.4,,3.8,,5.3,,17.4,,22.1,,14.1,,5.8,,0.0,,0.0,,0.0,,0.0,,0.0,,0.0,,0.0,,0.0,,0.0,,0.0,,0.0,,0.0,,0.0,,0.0,,0.0,
2002-07-19,1006.3,1009.4,1008.3,2002-07-19T21:30:00,1004.5,2002-07-19T03:50:00,29.4,32.7,2002-07-19T12:06:00,26.9,2002-07-19T04:28:00,24.6,76,61,2002-07-19T12:36:00,4.4,190,12.2,210,2002-07-19T11:45:00,0.5,0.1,0.5,2002-07-19T00:50:00,0.5,2002-07-19T00:50:00,5.7,42.8,16.11,,,,,,,,,,,,,,7.9,,25.8,2002-07-19T08:01:00,,,,23.6,2002-07-19T12:36:00,,,,,,,2.6,2002-07-19T12:00:00,,,,,,,,,,,,,,86,2002-07-19T04:07:00,,,,,,,,,,,,,,,,,,,,,,,,,,,,,,,5.8,,12.06,2002-07-19T12:00:00,,,,8.4,,,0,,0,,0,,0,,0,,0,,0,,0,,0,,0,,0,,0,,0,,0,,1,,6,,4,,1,,4,,7,,1,,0,,0,,0,,0,,0,,0,,0,,0,,0,,0,,0,,0,,0,,0,,0,,0,,0,,,200,,,8.2,2002-07-19T14:15:00,,,0.0,,0.0,,0.0,,0.0,,0.0,,0.0,,0.0,,0.0,,0.0,,0.0,,0.0,,0.0,,0.0,,0.0,,3.2,,17.7,,11.4,,6.5,,22.5,,38.9,,6.1,,0.0,,0.0,,0.0,,0.0,,0.0,,0.0,,0.0,,0.0,,0.0,,0.0,,0.0,,0.0,,0.0,,0.0,,0.0,,0.0,,0.0,
2002-07-20,1007.5,1010.5,1008.5,2002-07-20T09:16:00,1006.0,2002-07-20T15:51:00,29.4,32.0,2002-07-20T10:51:00,26.8,2002-07-20T05:54:00,23.8,72,60,2002-07-20T10:26:00,4.0,190,10.6,250,2002-07-20T15:18:00,0.0,0.0,0.0,,0.0,,10.7,80.4,17.96,,,,,,,,,,,,,,5.5,,25.1,2002-07-20T00:54:00,,,,22.8,2002-07-20T10:26:00,,,,,,,2.36,2002-07-20T11:00:00,,,,,,,,,,,,,,87,2002-07-20T04:18:00,,,,,,,,,,,,,,,,,,,,,,,,,,,,,,,5.2,,9.92,2002-07-20T11:00:00,,,,9.8,,,0,,0,,0,,0,,0,,0,,0,,0,,0,,0,,0,,0,,0,,1,,3,,2,,3,,0,,1,,5,,4,,3,,1,,1,,0,,0,,0,,0,,0,,0,,0,,0,,0,,0,,0,,0,,0,,0,,,210,,,6.8,2002-07-20T15:34:00,,,0.0,,0.0,,0.0,,0.0,,0.0,,0.0,,0.0,,0.0,,0.0,,0.0,,0.0,,0.0,,0.0,,3.0,,8.5,,5.7,,11.1,,0.0,,5.4,,17.9,,20.2,,13.3,,5.7,,5.3,,0.0,,0.0,,0.0,,0.0,,0.0,,0.0,,0.0,,0.0,,0.0,,0.0,,0.0,,0.0,,0.0,,0.0,
2002-07-21,1006.3,1009.4,1008.0,2002-07-21T00:01:00,1004.5,2002-07-21T15:53:00,29.8,33.3,2002-07-21T14:02:00,27.3,2002-07-21T04:54:00,23.2,68,54,2002-07-21T14:52:00,3.1,330,9.9,330,2002-07-21T13:56:00,0.0,0.0,0.0,,0.0,,8.8,66.2,16.75,,,,,,,,,,,,,,5.8,,24.2,2002-07-21T08:20:00,,,,21.7,2002-07-21T14:52:00,,,,,,,2.37,2002-07-21T13:00:00,,,,,,,,,,,,,,81,2002-07-21T06:21:00,,,,,,,,,,,,,,,,,,,,,,,,,,,,,,,6.0,,10.77,2002-07-21T13:00:00,,,,16.1,,,0,,4,,3,,1,,0,,0,,0,,0,,0,,0,,0,,0,,0,,0,,0,,0,,0,,0,,0,,0,,0,,0,,0,,0,,0,,0,,1,,0,,0,,0,,0,,0,,4,,5,,2,,4,,0,,0,,,320,,,5.9,2002-07-21T16:46:00,,,0.0,,9.6,,5.8,,1.3,,0.0,,0.0,,0.0,,0.0,,0.0,,0.0,,0.0,,0.0,,0.0,,0.0,,0.0,,0.0,,0.0,,0.0,,0.0,,0.0,,0.0,,0.0,,0.0,,0.0,,0.0,,0.0,,1.6,,0.0,,0.0,,0.0,,0.0,,0.0,,15.8,,20.4,,8.6,,11.4,,0.0,,0.0,
2002-07-22,1004.7,1007.8,1006.5,2002-07-22T00:01:00,1003.0,2002-07-22T17:03:00,29.5,32.6,2002-07-22T12:39:00,27.0,2002-07-22T05:36:00,22.8,68,54,2002-07-22T16:02:00,3.4,320,9.4,20,2002-07-22T08:36:00,0.0,0.0,0.0,,0.0,,8.5,64.0,16.07,,,,,,,,,,,,,,4.8,,24.0,2002-07-22T22:23:00,,,,20.9,2002-07-22T16:57:00,,,,,,,1.93,2002-07-22T12:00:00,,,,,,,,,,,,,,80,2002-07-22T05:38:00,,,,,,,,,,,,,,,,,,,,,,,,,,,,,,,5.6,,8.52,2002-07-22T13:00:00,,,,13.4,,,0,,5,,3,,0,,0,,0,,0,,0,,0,,0,,0,,0,,0,,0,,0,,0,,0,,0,,0,,0,,0,,0,,0,,0,,0,,0,,0,,0,,0,,0,,0,,0,,5,,3,,3,,3,,2,,0,,,310,,,6.2,2002-07-22T14:24:00,,,0.0,,12.4,,6.5,,0.0,,0.0,,0.0,,0.0,,0.0,,0.0,,0.0,,0.0,,0.0,,0.0,,0.0,,0.0,,0.0,,0.0,,0.0,,0.0,,0.0,,0.0,,0.0,,0.0,,0.0,,0.0,,0.0,,0.0,,0.0,,0.0,,0.0,,0.0,,0.0,,20.6,,13.3,,10.3,,11.4,,6.0,,0.0,
2002-07-23,1003.9,1006.9,1005.8,2002-07-23T00:01:00,1002.5,2002-07-23T16:21:00,29.8,33.0,2002-07-23T11:14:00,26.8,2002-07-23T05:21:00,23.3,69,53,2002-07-23T10:58:00,3.5,340,8.8,20,2002-07-23T08:35:00,0.0,0.0,0.0,,0.0,,10.4,78.3,17.98,,,,,,,,,,,,,,3.5,,24.3,2002-07-23T14:46:00,,,,21.6,2002-07-23T10:59:00,,,,,,,2.37,2002-07-23T11:00:00,,,,,,,,,,,,,,83,2002-07-23T04:25:00,,,,,,,,,,,,,,,,,,,,,,,,,,,,,,,6.2,,8.5,2002-07-23T11:00:00,,,,11.0,,,0,,4,,3,,0,,0,,0,,0,,0,,0,,0,,0,,0,,0,,0,,0,,0,,0,,0,,0,,0,,0,,0,,0,,0,,0,,0,,0,,0,,0,,0,,0,,3,,2,,1,,4,,3,,4,,0,,,300,,,5.5,2002-07-23T12:51:00,,,0.0,,13.2,,9.3,,0.0,,0.0,,0.0,,0.0,,0.0,,0.0,,0.0,,0.0,,0.0,,0.0,,0.0,,0.0,,0.0,,0.0,,0.0,,0.0,,0.0,,0.0,,0.0,,0.0,,0.0,,0.0,,0.0,,0.0,,0.0,,0.0,,0.0,,0.0,,14.1,,9.9,,4.2,,13.3,,8.6,,10.3,,0.0,
2002-07-24,1003.6,1006.6,1004.5,2002-07-24T22:21:00,1002.0,2002-07-24T16:19:00,30.2,33.1,2002-07-24T15:32:00,28.0,2002-07-24T06:00:00,22.5,64,50,2002-07-24T15:31:00,2.9,320,9.2,330,2002-07-24T12:37:00,0.0,0.0,0.0,,0.0,,10.9,82.2,17.94,,,,,,,,,,,,,,3.6,,23.9,2002-07-24T07:29:00,,,,20.9,2002-07-24T16:24:00,,,,,,,2.4,2002-07-24T14:00:00,,,,,,,,,,,,,,76,2002-07-24T06:11:00,,,,,,,,,,,,,,,,,,,,,,,,,,,,,,,5.1,,11.5,2002-07-24T13:00:00,,,,11.6,,,0,,2,,2,,0,,0,,0,,1,,0,,0,,0,,0,,0,,0,,0,,0,,0,,0,,0,,0,,0,,0,,0,,0,,0,,0,,0,,0,,0,,0,,0,,1,,3,,6,,1,,2,,1,,5,,0,,,310,,,5.6,2002-07-24T11:39:00,,,0.0,,3.7,,4.1,,0.0,,0.0,,0.0,,1.0,,0.0,,0.0,,0.0,,0.0,,0.0,,0.0,,0.0,,0.0,,0.0,,0.0,,0.0,,0.0,,0.0,,0.0,,0.0,,0.0,,0.0,,0.0,,0.0,,0.0,,0.0,,0.0,,0.0,,5.2,,10.5,,19.3,,1.2,,8.2,,3.6,,12.8,,0.0,
2002-07-25,1001.0,1004.1,1003.8,2002-07-25T00:01:00,998.5,2002-07-25T16:06:00,30.0,33.6,2002-07-25T13:27:00,27.3,2002-07-25T05:22:00,23.1,67,50,2002-07-25T13:11:00,2.0,280,8.6,260,2002-07-25T11:12:00,0.0,0.0,0.0,,0.0,,9.7,73.2,17.13,,,,,,,,,,,,,,2.3,,24.4,2002-07-25T22:11:00,,,,21.5,2002-07-25T12:59:00,,,,,,,2.4,2002-07-25T14:00:00,,,,,,,,,,,,,,76,2002-07-25T02:17:00,,,,,,,,,,,,,,,,,,,,,,,,,,,,,,,6.3,,11.44,2002-07-25T13:00:00,,,,16.3,,,2,,0,,0,,1,,0,,1,,3,,0,,0,,1,,0,,0,,0,,0,,0,,0,,1,,0,,0,,1,,0,,0,,1,,0,,1,,1,,1,,2,,4,,2,,1,,0,,1,,0,,0,,0,,0,,0,,,320,,,4.6,2002-07-25T12:56:00,,,0.3,,0.0,,0.0,,1.1,,0.0,,0.3,,3.1,,0.0,,0.0,,1.9,,0.0,,0.0,,0.0,,0.0,,0.0,,0.0,,1.5,,0.0,,0.0,,2.6,,0.0,,0.0,,1.3,,0.0,,1.5,,1.6,,1.8,,5.4,,11.7,,7.5,,1.6,,0.0,,4.3,,0.0,,0.0,,0.0,,0.0,,0.0,
2002-07-26,1000.2,1003.2,1002.5,2002-07-26T21:54:00,998.3,2002-07-26T16:02:00,30.3,33.7,2002-07-26T14:37:00,27.2,2002-07-26T05:42:00,24.1,70,56,2002-07-26T12:04:00,2.9,180,8.7,250,2002-07-26T17:36:00,0.0,0.0,0.0,,0.0,,11.4,86.2,19.21,,,,,,,,,,,,,,3.0,,25.3,2002-07-26T16:46:00,,,,22.6,2002-07-26T06:31:00,,,,,,,2.4,2002-07-26T11:00:00,,,,,,,,,,,,,,80,2002-07-26T04:20:00,,,,,,,,,,,,,,,,,,,,,,,,,,,,,,,6.5,,12.18,2002-07-26T13:00:00,,,,19.4,,,0,,0,,0,,0,,0,,0,,0,,0,,0,,2,,2,,1,,0,,0,,0,,1,,2,,0,,4,,3,,0,,2,,2,,1,,3,,0,,1,,0,,0,,0,,0,,0,,0,,0,,0,,0,,0,,0,,,210,,,5.3,2002-07-26T17:13:00,,,0.0,,0.0,,0.0,,0.0,,0.0,,0.0,,0.0,,0.0,,0.0,,3.1,,3.5,,1.8,,0.0,,0.0,,0.0,,1.4,,3.1,,0.0,,11.7,,10.8,,0.0,,6.3,,8.4,,3.7,,11.2,,0.0,,4.1,,0.0,,0.0,,0.0,,0.0,,0.0,,0.0,,0.0,,0.0,,0.0,,0.0,,0.0,
2002-07-27,1003.4,1006.4,1006.0,2002-07-27T21:32:00,1001.5,2002-07-27T02:53:00,29.9,33.2,2002-07-27T11:58:00,27.7,2002-07-27T05:02:00,24.2,72,61,2002-07-27T11:58:00,3.7,190,12.4,220,2002-07-27T12:59:00,0.0,0.0,0.0,,0.0,,7.6,57.5,14.84,,,,,,,,,,,,,,5.4,,25.4,2002-07-27T15:03:00,,,,22.6,2002-07-27T06:11:00,,,,,,,2.44,2002-07-27T13:00:00,,,,,,,,,,,,,,83,2002-07-27T04:38:00,,,,,,,,,,,,,,,,,,,,,,,,,,,,,,,5.5,,11.4,2002-07-27T13:00:00,,,,12.3,,,0,,0,,0,,0,,0,,0,,0,,1,,1,,0,,0,,0,,0,,5,,2,,0,,1,,0,,0,,7,,2,,4,,1,,0,,0,,0,,0,,0,,0,,0,,0,,0,,0,,0,,0,,0,,0,,0,,,200,,,7.1,2002-07-27T16:27:00,,,0.0,,0.0,,0.0,,0.0,,0.0,,0.0,,0.0,,1.8,,2.3,,0.0,,0.0,,0.0,,0.0,,14.6,,4.8,,0.0,,2.7,,0.0,,0.0,,30.6,,8.1,,18.4,,4.7,,0.0,,0.0,,0.0,,0.0,,0.0,,0.0,,0.0,,0.0,,0.0,,0.0,,0.0,,0.0,,0.0,,0.0,,0.0,
2002-07-28,1005.1,1008.2,1006.5,2002-07-28T19:46:00,1003.5,2002-07-28T14:54:00,28.8,33.4,2002-07-28T13:43:00,25.5,2002-07-28T16:30:00,23.9,76,59,2002-07-28T11:11:00,2.3,360,12.5,320,2002-07-28T15:57:00,22.0,0.8,10.5,2002-07-28T15:52:00,22.0,2002-07-28T15:50:00,3.2,24.2,9.54,,,,,,,,,,,,,,7.1,,25.8,2002-07-28T16:35:00,,,,23.0,2002-07-28T05:36:00,,,,,,,1.67,2002-07-28T13:00:00,,,,,,,,,,,,,,100,2002-07-28T16:35:00,,,,,,,,,,,,,,,,,,,,,,,,,,,,,,,7.9,,8.1,2002-07-28T13:00:00,,,,12.1,,,0,,2,,3,,2,,3,,1,,2,,0,,0,,0,,1,,0,,0,,0,,0,,0,,0,,0,,1,,0,,0,,0,,0,,0,,0,,0,,0,,0,,0,,0,,1,,1,,2,,1,,0,,1,,3,,0,,,300,,,7.7,2002-07-28T16:03:00,,,0.0,,3.6,,6.9,,1.8,,6.0,,1.4,,3.4,,0.0,,0.0,,0.0,,0.6,,0.0,,0.0,,0.0,,0.0,,0.0,,0.0,,0.0,,0.9,,0.0,,0.0,,0.0,,0.0,,0.0,,0.0,,0.0,,0.0,,0.0,,0.0,,0.0,,6.7,,2.5,,5.7,,3.7,,0.0,,2.5,,9.1,,0.0,
2002-07-29,1005.7,1008.7,1007.3,2002-07-29T21:15:00,1004.5,2002-07-29T16:24:00,28.8,32.9,2002-07-29T11:35:00,25.2,2002-07-29T22:17:00,23.8,76,58,2002-07-29T10:01:00,2.6,210,10.4,230,2002-07-29T15:01:00,15.5,5.3,2.5,2002-07-29T18:42:00,5.0,2002-07-29T21:50:00,6.0,45.5,12.05,,,,,,,,,,,,,,9.3,,27.2,2002-07-29T20:46:00,,,,22.6,2002-07-29T03:57:00,,,,,,,1.97,2002-07-29T10:00:00,,,,,,,,,,,,,,100,2002-07-29T20:46:00,,,,,,,,,,,,,,,,,,,,,,,,,,,,,,,7.7,,7.67,2002-07-29T12:00:00,,,,11.4,,,1,,0,,0,,1,,1,,1,,2,,0,,1,,3,,2,,0,,0,,0,,0,,0,,0,,0,,1,,1,,0,,5,,2,,0,,0,,1,,1,,0,,0,,0,,0,,0,,0,,0,,0,,0,,1,,0,,,210,,,6.7,2002-07-29T15:02:00,,,0.2,,0.0,,0.0,,0.9,,1.5,,2.9,,3.6,,0.0,,1.1,,4.4,,3.1,,0.0,,0.0,,0.0,,0.0,,0.0,,0.0,,0.0,,1.2,,2.3,,0.0,,23.0,,9.8,,0.0,,0.0,,3.7,,2.7,,0.0,,0.0,,0.0,,0.0,,0.0,,0.0,,0.0,,0.0,,0.0,,1.9,,0.0,
2002-07-30,1004.8,1007.8,1006.5,2002-07-30T00:01:00,1003.2,2002-07-30T16:10:00,29.0,33.1,2002-07-30T13:02:00,25.5,2002-07-30T00:01:00,23.3,72,58,2002-07-30T13:16:00,2.5,330,8.4,10,2002-07-30T14:19:00,-9.8,0.2,-9.8,2002-07-30T00:01:00,-9.8,2002-07-30T00:01:00,7.1,53.9,14.31,,,,,,,,,,,,,,5.3,,24.7,2002-07-30T16:44:00,,,,22.5,2002-07-30T05:55:00,,,,,,,2.32,2002-07-30T14:00:00,,,,,,,,,,,,,,92,2002-07-30T01:14:00,,,,,,,,,,,,,,,,,,,,,,,,,,,,,,,7.6,,9.85,2002-07-30T13:00:00,,,,13.6,,,0,,0,,0,,2,,0,,0,,0,,0,,2,,0,,3,,0,,0,,2,,1,,0,,0,,1,,0,,1,,0,,0,,0,,0,,0,,0,,1,,0,,0,,0,,0,,1,,2,,4,,2,,0,,2,,0,,,320,,,5.7,2002-07-30T15:09:00,,,0.0,,0.0,,0.0,,3.7,,0.0,,0.0,,0.0,,0.0,,1.5,,0.0,,6.8,,0.0,,0.0,,6.6,,2.0,,0.0,,0.0,,0.7,,0.0,,1.0,,0.0,,0.0,,0.0,,0.0,,0.0,,0.0,,2.0,,0.0,,0.0,,0.0,,0.0,,3.3,,7.4,,10.7,,7.6,,0.0,,5.5,,0.0,
2002-07-31,1002.1,1005.2,1004.7,2002-07-31T00:01:00,999.8,2002-07-31T16:12:00,28.5,33.0,2002-07-31T14:43:00,26.7,2002-07-31T20:10:00,23.4,74,61,2002-07-31T13:59:00,2.1,140,9.3,50,2002-07-31T15:30:00,32.5,2.9,16.0,2002-07-31T16:42:00,23.0,2002-07-31T15:58:00,4.1,31.2,10.66,,,,,,,,,,,,,,4.9,,25.9,2002-07-31T16:53:00,,,,21.6,2002-07-31T02:19:00,,,,,,,1.91,2002-07-31T15:00:00,,,,,,,,,,,,,,91,2002-07-31T16:53:00,,,,,,,,,,,,,,,,,,,,,,,,,,,,,,,6.3,,7.14,2002-07-31T13:00:00,,,,7.0,,,1,,1,,0,,1,,1,,0,,0,,0,,0,,2,,1,,0,,0,,2,,4,,1,,1,,1,,0,,0,,2,,0,,1,,1,,1,,0,,0,,0,,0,,0,,0,,1,,0,,0,,2,,0,,0,,0,,,340,,,5.5,2002-07-31T15:32:00,,,0.1,,0.7,,0.0,,0.3,,3.2,,0.0,,0.0,,0.0,,0.0,,2.0,,2.2,,0.0,,0.0,,4.7,,10.9,,2.8,,1.4,,0.9,,0.0,,0.0,,4.5,,0.0,,1.0,,1.8,,1.9,,0.0,,0.0,,0.0,,0.0,,0.0,,0.0,,2.5,,0.0,,0.0,,8.3,,0.0,,0.0,,0.0,
2002-08-01,1000.8,1003.9,1002.3,2002-08-01T09:57:00,999.3,2002-08-01T16:01:00,28.8,31.4,2002-08-01T16:40:00,26.8,2002-08-01T02:36:00,23.5,73,67,2002-08-01T16:40:00,2.7,130,5.9,160,2002-08-01T00:15:00,0.5,1.5,0.5,2002-08-01T09:16:00,0.5,2002-08-01T09:00:00,1.6,12.2,8.44,,,,,,,,,,,,,,7.3,,24.8,2002-08-01T16:43:00,,,,21.8,2002-08-01T04:56:00,,,,,,,1.38,2002-08-01T12:00:00,,,,,,,,,,,,,,79,2002-08-01T09:43:00,,,,,,,,,,,,,,,,,,,,,,,,,,,,,,,4.6,,7.6,2002-08-01T12:00:00,,,,5.8,,,0,,0,,0,,0,,0,,0,,0,,0,,0,,0,,0,,0,,2,,5,,4,,0,,0,,0,,0,,0,,1,,0,,0,,0,,0,,1,,1,,1,,1,,3,,1,,0,,2,,0,,1,,1,,0,,0,,,130,,,4.3,2002-08-01T08:53:00,,,0.0,,0.0,,0.0,,0.0,,0.0,,0.0,,0.0,,0.0,,0.0,,0.0,,0.0,,0.0,,7.2,,14.1,,10.5,,0.0,,0.0,,0.0,,0.0,,0.0,,1.4,,0.0,,0.0,,0.0,,0.0,,2.5,,3.1,,2.6,,2.5,,7.8,,2.6,,0.0,,5.8,,0.0,,1.6,,2.7,,0.0,,0.0,
2002-08-02,999.1,1002.1,1001.5,2002-08-02T00:01:00,997.5,2002-08-02T13:50:00,28.9,33.5,2002-08-02T11:44:00,25.7,2002-08-02T16:17:00,24.1,76,62,2002-08-02T11:09:00,2.6,350,10.6,200,2002-08-02T22:15:00,12.5,3.6,5.0,2002-08-02T16:06:00,11.0,2002-08-02T15:33:00,1.3,9.9,8.4,,,,,,,,,,,,,,8.6,,25.6,2002-08-02T11:47:00,,,,21.9,2002-08-02T23:03:00,,,,,,,2.11,2002-08-02T12:00:00,,,,,,,,,,,,,,88,2002-08-02T16:31:00,,,,,,,,,,,,,,,,,,,,,,,,,,,,,,,7.8,,9.6,2002-08-02T12:00:00,,,,6.5,,,1,,1,,1,,1,,0,,0,,0,,0,,0,,0,,0,,0,,0,,0,,2,,1,,2,,2,,1,,1,,0,,0,,0,,1,,1,,0,,0,,0,,0,,0,,1,,0,,0,,0,,1,,4,,3,,0,,,170,,,6.4,2002-08-02T23:09:00,,,0.2,,1.9,,2.6,,1.4,,0.0,,0.0,,0.0,,0.0,,0.0,,0.0,,0.0,,0.0,,0.0,,0.0,,5.5,,1.8,,6.9,,10.1,,3.3,,3.9,,0.0,,0.0,,0.0,,3.3,,3.1,,0.0,,0.0,,0.0,,0.0,,0.0,,3.2,,0.0,,0.0,,0.0,,1.1,,8.4,,4.7,,0.0,
2002-08-03,999.1,1002.1,1000.5,2002-08-03T08:45:00,997.5,2002-08-03T16:46:00,28.8,33.4,2002-08-03T12:13:00,26.5,2002-08-03T03:36:00,22.9,71,54,2002-08-03T12:04:00,2.9,150,11.3,190,2002-08-03T22:22:00,0.5,0.8,0.5,2002-08-03T20:36:00,0.5,2002-08-03T20:24:00,2.9,22.1,11.01,,,,,,,,,,,,,,8.0,,24.2,2002-08-03T08:49:00,,,,21.5,2002-08-03T22:26:00,,,,,,,2.15,2002-08-03T12:00:00,,,,,,,,,,,,,,83,2002-08-03T03:53:00,,,,,,,,,,,,,,,,,,,,,,,,,,,,,,,6.9,,10.47,2002-08-03T12:00:00,,,,9.3,,,0,,0,,2,,2,,2,,1,,2,,1,,0,,2,,1,,0,,0,,1,,0,,2,,2,,1,,1,,0,,1,,1,,2,,0,,0,,0,,0,,0,,0,,0,,0,,0,,0,,0,,0,,0,,0,,0,,,190,,,7.2,2002-08-03T15:49:00,,,0.0,,0.0,,6.7,,4.0,,2.5,,2.0,,3.9,,2.5,,0.0,,4.8,,2.5,,0.0,,0.0,,4.3,,0.0,,7.4,,6.8,,5.4,,4.9,,0.0,,1.6,,4.7,,6.7,,0.0,,0.0,,0.0,,0.0,,0.0,,0.0,,0.0,,0.0,,0.0,,0.0,,0.0,,0.0,,0.0,,0.0,,0.0,
2002-08-04,999.6,1002.7,1001.8,2002-08-04T23:49:00,997.7,2002-08-04T03:55:00,25.5,27.9,2002-08-04T08:45:00,23.6,2002-08-04T23:54:00,22.9,86,71,2002-08-04T00:01:00,4.8,140,15.7,180,2002-08-04T00:59:00,34.5,10.1,6.5,2002-08-04T10:33:00,12.5,2002-08-04T22:50:00,0.0,0.0,3.31,,,,,,,,,,,,,,9.5,,25.4,2002-08-04T16:04:00,,,,21.2,2002-08-04T05:16:00,,,,,,,0.64,2002-08-04T10:00:00,,,,,,,,,,,,,,100,2002-08-04T19:36:00,,,,,,,,,,,,,,,,,,,,,,,,,,,,,,,4.3,,3.49,2002-08-04T14:00:00,,,,7.4,,,0,,0,,0,,0,,0,,0,,0,,0,,0,,0,,0,,0,,0,,5,,10,,3,,1,,4,,1,,0,,0,,0,,0,,0,,0,,0,,0,,0,,0,,0,,0,,0,,0,,0,,0,,0,,0,,0,,,170,,,8.9,2002-08-04T01:04:00,,,0.0,,0.0,,0.0,,0.0,,0.0,,0.0,,0.0,,0.0,,0.0,,0.0,,0.0,,0.0,,0.0,,23.7,,44.0,,14.9,,4.0,,24.0,,4.1,,0.0,,0.0,,0.0,,0.0,,0.0,,0.0,,0.0,,0.0,,0.0,,0.0,,0.0,,0.0,,0.0,,0.0,,0.0,,0.0,,0.0,,0.0,,0.0,
2002-08-05,1000.8,1003.9,1003.9,2002-08-05T22:01:00,998.6,2002-08-05T04:17:00,26.7,29.9,2002-08-05T12:48:00,23.7,2002-08-05T00:01:00,23.6,84,69,2002-08-05T12:33:00,7.4,170,20.6,180,2002-08-05T11:44:00,40.0,12.4,6.0,2002-08-05T19:26:00,11.0,2002-08-05T18:36:00,0.0,0.0,3.49,,,,,,,,,,,,,,10.0,,26.5,2002-08-05T20:13:00,,,,21.7,2002-08-05T01:20:00,,,,,,,0.87,2002-08-05T13:00:00,,,,,,,,,,,,,,100,2002-08-05T00:04:00,,,,,,,,,,,,,,,,,,,,,,,,,,,,,,,6.2,,4.84,2002-08-05T13:00:00,,,,5.5,,,0,,0,,0,,0,,0,,0,,0,,0,,0,,0,,0,,0,,0,,1,,1,,2,,7,,10,,2,,0,,1,,0,,0,,0,,0,,0,,0,,0,,0,,0,,0,,0,,0,,0,,0,,0,,0,,0,,,160,,,10.9,2002-08-05T13:38:00,,,0.0,,0.0,,0.0,,0.0,,0.0,,0.0,,0.0,,0.0,,0.0,,0.0,,0.0,,0.0,,0.0,,4.5,,4.9,,11.2,,53.7,,81.2,,16.5,,0.0,,5.1,,0.0,,0.0,,0.0,,0.0,,0.0,,0.0,,0.0,,0.0,,0.0,,0.0,,0.0,,0.0,,0.0,,0.0,,0.0,,0.0,,0.0,
2002-08-06,1004.0,1007.1,1006.2,2002-08-06T21:45:00,1001.8,2002-08-06T04:31:00,26.3,27.8,2002-08-06T17:56:00,23.9,2002-08-06T00:33:00,24.1,88,76,2002-08-06T19:12:00,5.8,170,19.8,240,2002-08-06T00:06:00,37.0,10.6,6.5,2002-08-06T00:05:00,12.0,2002-08-06T00:01:00,0.2,1.5,3.45,,,,,,,,,,,,,,8.8,,26.9,2002-08-06T15:30:00,,,,22.2,2002-08-06T04:27:00,,,,,,,0.6,2002-08-06T14:00:00,,,,,,,,,,,,,,100,2002-08-06T05:10:00,,,,,,,,,,,,,,,,,,,,,,,,,,,,,,,3.9,,2.89,2002-08-06T14:00:00,,,,7.3,,,0,,0,,0,,0,,0,,0,,0,,0,,0,,0,,0,,0,,0,,0,,2,,1,,8,,9,,3,,1,,0,,0,,0,,0,,0,,0,,0,,0,,0,,0,,0,,0,,0,,0,,0,,0,,0,,0,,,190,,,10.3,2002-08-06T00:10:00,,,0.0,,0.0,,0.0,,0.0,,0.0,,0.0,,0.0,,0.0,,0.0,,0.0,,0.0,,0.0,,0.0,,0.0,,9.2,,5.5,,45.6,,52.6,,19.9,,6.6,,0.0,,0.0,,0.0,,0.0,,0.0,,0.0,,0.0,,0.0,,0.0,,0.0,,0.0,,0.0,,0.0,,0.0,,0.0,,0.0,,0.0,,0.0,
2002-08-07,1004.8,1007.9,1005.8,2002-08-07T10:19:00,1003.8,2002-08-07T05:10:00,27.4,29.3,2002-08-07T10:04:00,25.9,2002-08-07T12:32:00,23.2,78,72,2002-08-07T20:51:00,4.8,160,14.3,210,2002-08-07T09:03:00,16.0,1.6,8.0,2002-08-07T12:25:00,11.0,2002-08-07T11:42:00,0.3,2.3,3.14,,,,,,,,,,,,,,9.5,,26.1,2002-08-07T12:40:00,,,,22.0,2002-08-07T20:51:00,,,,,,,0.97,2002-08-07T10:00:00,,,,,,,,,,,,,,100,2002-08-07T12:39:00,,,,,,,,,,,,,,,,,,,,,,,,,,,,,,,3.4,,4.15,2002-08-07T10:00:00,,,,9.0,,,0,,0,,0,,0,,0,,0,,0,,0,,0,,0,,0,,0,,0,,1,,2,,7,,8,,5,,1,,0,,0,,0,,0,,0,,0,,0,,0,,0,,0,,0,,0,,0,,0,,0,,0,,0,,0,,0,,,180,,,8.5,2002-08-07T09:03:00,,,0.0,,0.0,,0.0,,0.0,,0.0,,0.0,,0.0,,0.0,,0.0,,0.0,,0.0,,0.0,,0.0,,4.2,,8.6,,27.2,,38.1,,28.5,,7.8,,0.0,,0.0,,0.0,,0.0,,0.0,,0.0,,0.0,,0.0,,0.0,,0.0,,0.0,,0.0,,0.0,,0.0,,0.0,,0.0,,0.0,,0.0,,0.0,
2002-08-08,1004.4,1007.4,1005.7,2002-08-08T21:37:00,1003.0,2002-08-08T16:05:00,28.4,31.4,2002-08-08T12:18:00,26.2,2002-08-08T04:48:00,24.0,78,70,2002-08-08T11:15:00,4.4,180,12.3,220,2002-08-08T12:30:00,2.5,0.9,0.5,2002-08-08T04:35:00,1.0,2002-08-08T04:32:00,2.1,16.1,11.31,,,,,,,,,,,,,,6.9,,26.6,2002-08-08T11:40:00,,,,22.0,2002-08-08T00:04:00,,,,,,,2.19,2002-08-08T12:00:00,,,,,,,,,,,,,,89,2002-08-08T04:48:00,,,,,,,,,,,,,,,,,,,,,,,,,,,,,,,5.2,,10.63,2002-08-08T12:00:00,,,,10.0,,,0,,0,,0,,0,,0,,0,,0,,0,,0,,0,,0,,0,,0,,0,,4,,5,,3,,2,,7,,2,,1,,0,,0,,0,,0,,0,,0,,0,,0,,0,,0,,0,,0,,0,,0,,0,,0,,0,,,200,,,7.9,2002-08-08T12:35:00,,,0.0,,0.0,,0.0,,0.0,,0.0,,0.0,,0.0,,0.0,,0.0,,0.0,,0.0,,0.0,,0.0,,0.0,,14.6,,17.4,,11.7,,8.0,,35.2,,11.9,,6.1,,0.0,,0.0,,0.0,,0.0,,0.0,,0.0,,0.0,,0.0,,0.0,,0.0,,0.0,,0.0,,0.0,,0.0,,0.0,,0.0,,0.0,
2002-08-09,1004.6,1007.7,1006.3,2002-08-09T21:56:00,1003.0,2002-08-09T16:19:00,28.9,32.6,2002-08-09T12:26:00,26.5,2002-08-09T05:20:00,24.7,78,64,2002-08-09T12:26:00,4.1,190,9.7,210,2002-08-09T10:55:00,0.0,0.0,0.0,,0.0,,9.4,72.3,16.22,,,,,,,,,,,,,,6.5,,25.8,2002-08-09T19:56:00,,,,23.0,2002-08-09T23:23:00,,,,,,,2.53,2002-08-09T12:00:00,,,,,,,,,,,,,,87,2002-08-09T03:12:00,,,,,,,,,,,,,,,,,,,,,,,,,,,,,,,6.1,,11.79,2002-08-09T12:00:00,,,,13.3,,,0,,0,,0,,0,,0,,0,,0,,0,,0,,0,,0,,0,,0,,1,,2,,3,,4,,0,,5,,8,,1,,0,,0,,0,,0,,0,,0,,0,,0,,0,,0,,0,,0,,0,,0,,0,,0,,0,,,180,,,6.6,2002-08-09T10:17:00,,,0.0,,0.0,,0.0,,0.0,,0.0,,0.0,,0.0,,0.0,,0.0,,0.0,,0.0,,0.0,,0.0,,2.7,,5.5,,10.1,,11.7,,0.0,,25.6,,38.3,,4.7,,0.0,,0.0,,0.0,,0.0,,0.0,,0.0,,0.0,,0.0,,0.0,,0.0,,0.0,,0.0,,0.0,,0.0,,0.0,,0.0,,0.0,
2002-08-10,1005.9,1009.0,1008.0,2002-08-10T21:36:00,1004.3,2002-08-10T15:04:00,29.0,32.4,2002-08-10T10:19:00,26.7,2002-08-10T03:10:00,24.7,78,66,2002-08-10T09:46:00,2.5,130,8.4,310,2002-08-10T13:04:00,0.0,0.0,0.0,,0.0,,8.1,62.4,15.12,,,,,,,,,,,,,,6.4,,26.0,2002-08-10T10:20:00,,,,23.3,2002-08-10T00:04:00,,,,,,,2.21,2002-08-10T13:00:00,,,,,,,,,,,,,,89,2002-08-10T02:57:00,,,,,,,,,,,,,,,,,,,,,,,,,,,,,,,5.7,,10.68,2002-08-10T13:00:00,,,,15.0,,,0,,0,,0,,0,,0,,0,,0,,0,,0,,0,,0,,0,,1,,5,,1,,1,,1,,1,,2,,1,,3,,2,,0,,1,,2,,2,,1,,0,,0,,0,,0,,0,,0,,0,,0,,0,,0,,0,,,260,,,5.1,2002-08-10T12:33:00,,,0.0,,0.0,,0.0,,0.0,,0.0,,0.0,,0.0,,0.0,,0.0,,0.0,,0.0,,0.0,,0.3,,12.1,,2.5,,2.1,,1.5,,1.5,,4.0,,2.3,,7.1,,5.4,,0.0,,4.4,,9.0,,5.8,,2.9,,0.0,,0.0,,0.0,,0.0,,0.0,,0.0,,0.0,,0.0,,0.0,,0.0,,0.0,
2002-08-11,1007.6,1010.6,1009.0,2002-08-11T22:11:00,1006.5,2002-08-11T03:58:00,27.6,32.2,2002-08-11T10:19:00,25.0,2002-08-11T16:48:00,24.9,86,64,2002-08-11T10:19:00,1.6,90,15.5,10,2002-08-11T12:27:00,41.5,5.5,10.5,2002-08-11T12:41:00,35.0,2002-08-11T12:22:00,2.4,18.5,5.86,,,,,,,,,,,,,,8.8,,27.5,2002-08-11T15:01:00,,,,23.3,2002-08-11T18:26:00,,,,,,,1.46,2002-08-11T09:00:00,,,,,,,,,,,,,,100,2002-08-11T13:06:00,,,,,,,,,,,,,,,,,,,,,,,,,,,,,,,7.2,,5.46,2002-08-11T10:00:00,,,,10.8,,,0,,0,,2,,1,,0,,2,,1,,2,,0,,6,,2,,0,,1,,0,,0,,0,,1,,1,,0,,0,,0,,0,,0,,0,,0,,0,,0,,0,,0,,0,,1,,0,,1,,2,,0,,0,,1,,0,,,320,,,7.6,2002-08-11T12:31:00,,,0.0,,0.0,,2.7,,1.0,,0.0,,2.3,,0.6,,4.3,,0.0,,10.4,,2.8,,0.0,,1.3,,0.0,,0.0,,0.0,,1.7,,0.9,,0.0,,0.0,,0.0,,0.0,,0.0,,0.0,,0.0,,0.0,,0.0,,0.0,,0.0,,0.0,,3.1,,0.0,,3.9,,3.4,,0.0,,0.0,,0.8,,0.0,
2002-08-12,1007.2,1010.2,1008.5,2002-08-12T00:01:00,1005.0,2002-08-12T15:29:00,28.4,32.5,2002-08-12T13:52:00,25.5,2002-08-12T05:41:00,24.5,80,67,2002-08-12T10:41:00,2.2,330,8.4,10,2002-08-12T14:36:00,-9.8,1.0,-9.8,2002-08-12T18:12:00,-9.8,2002-08-12T18:12:00,8.5,65.7,16.71,,,,,,,,,,,,,,6.1,,26.5,2002-08-12T12:46:00,,,,22.9,2002-08-12T02:34:00,,,,,,,2.4,2002-08-12T14:00:00,,,,,,,,,,,,,,89,2002-08-12T01:16:00,,,,,,,,,,,,,,,,,,,,,,,,,,,,,,,7.0,,10.26,2002-08-12T13:00:00,,,,7.6,,,1,,2,,1,,0,,2,,0,,3,,1,,1,,0,,2,,1,,0,,1,,0,,1,,0,,0,,0,,0,,0,,0,,0,,0,,0,,0,,0,,0,,0,,0,,1,,0,,1,,5,,0,,1,,0,,0,,,320,,,5.8,2002-08-12T12:34:00,,,0.2,,4.9,,1.6,,0.0,,1.2,,0.0,,4.0,,1.3,,1.8,,0.0,,4.9,,1.6,,0.0,,0.9,,0.0,,0.3,,0.0,,0.0,,0.0,,0.0,,0.0,,0.0,,0.0,,0.0,,0.0,,0.0,,0.0,,0.0,,0.0,,0.0,,4.3,,0.0,,5.1,,19.1,,0.0,,2.2,,0.0,,0.0,
2002-08-13,1005.2,1008.3,1007.0,2002-08-13T00:01:00,1003.2,2002-08-13T16:22:00,29.2,32.6,2002-08-13T13:31:00,25.9,2002-08-13T05:26:00,24.8,77,66,2002-08-13T10:10:00,2.1,280,7.1,290,2002-08-13T14:58:00,0.0,0.0,0.0,,0.0,,10.4,80.5,18.53,,,,,,,,,,,,,,3.5,,26.4,2002-08-13T10:48:00,,,,22.7,2002-08-13T05:45:00,,,,,,,2.4,2002-08-13T14:00:00,,,,,,,,,,,,,,85,2002-08-13T04:52:00,,,,,,,,,,,,,,,,,,,,,,,,,,,,,,,6.7,,9.72,2002-08-13T13:00:00,,,,9.0,,,1,,0,,0,,1,,0,,1,,1,,0,,0,,2,,1,,0,,1,,0,,1,,1,,0,,0,,0,,0,,0,,0,,0,,1,,0,,1,,1,,1,,3,,0,,2,,1,,1,,1,,0,,2,,0,,0,,,270,,,4.3,2002-08-13T13:53:00,,,0.2,,0.0,,0.0,,0.9,,0.0,,0.4,,0.8,,0.0,,0.0,,2.0,,1.4,,0.0,,1.4,,0.0,,1.6,,0.7,,0.0,,0.0,,0.0,,0.0,,0.0,,0.0,,0.0,,3.5,,0.0,,3.3,,3.6,,3.9,,10.0,,0.0,,5.3,,2.7,,1.8,,1.6,,0.0,,5.3,,0.0,,0.0,
2002-08-14,1003.2,1006.3,1005.0,2002-08-14T00:15:00,1001.0,2002-08-14T15:16:00,29.7,33.2,2002-08-14T13:22:00,26.8,2002-08-14T05:14:00,25.2,77,65,2002-08-14T14:34:00,2.1,310,7.2,300,2002-08-14T14:44:00,0.0,0.0,0.0,,0.0,,10.7,82.9,17.7,,,,,,,,,,,,,,4.1,,26.4,2002-08-14T13:25:00,,,,23.6,2002-08-14T05:38:00,,,,,,,2.4,2002-08-14T14:00:00,,,,,,,,,,,,,,86,2002-08-14T02:51:00,,,,,,,,,,,,,,,,,,,,,,,,,,,,,,,6.4,,9.27,2002-08-14T12:00:00,,,,8.5,,,0,,0,,0,,0,,0,,0,,1,,0,,0,,2,,2,,1,,0,,1,,1,,1,,0,,0,,2,,1,,0,,1,,0,,0,,0,,1,,0,,0,,3,,0,,2,,4,,1,,0,,0,,0,,0,,0,,,320,,,4.1,2002-08-14T13:40:00,,,0.0,,0.0,,0.0,,0.0,,0.0,,0.0,,0.8,,0.0,,0.0,,3.3,,2.9,,0.9,,0.0,,2.1,,1.5,,1.5,,0.0,,0.0,,3.6,,1.6,,0.0,,1.7,,0.0,,0.0,,0.0,,2.5,,0.0,,0.0,,9.5,,0.0,,5.0,,11.0,,2.8,,0.0,,0.0,,0.0,,0.0,,0.0,
2002-08-15,1001.7,1004.7,1003.2,2002-08-15T00:01:00,1000.0,2002-08-15T15:06:00,30.0,32.9,2002-08-15T12:00:00,27.4,2002-08-15T05:46:00,25.2,76,61,2002-08-15T12:00:00,2.2,300,8.4,310,2002-08-15T12:23:00,0.0,0.0,0.0,,0.0,,10.0,77.6,17.98,,,,,,,,,,,,,,3.9,,26.0,2002-08-15T03:02:00,,,,24.0,2002-08-15T09:24:00,,,,,,,2.4,2002-08-15T13:00:00,,,,,,,,,,,,,,88,2002-08-15T04:00:00,,,,,,,,,,,,,,,,,,,,,,,,,,,,,,,5.5,,10.81,2002-08-15T13:00:00,,,,8.9,,,1,,3,,0,,0,,0,,1,,1,,0,,0,,0,,0,,0,,0,,1,,0,,0,,0,,1,,0,,2,,1,,0,,0,,0,,0,,2,,0,,0,,1,,2,,3,,1,,1,,1,,0,,0,,2,,0,,,290,,,4.8,2002-08-15T13:12:00,,,0.2,,4.8,,0.0,,0.0,,0.0,,0.7,,0.3,,0.0,,0.0,,0.0,,0.0,,0.0,,0.0,,1.0,,0.0,,0.0,,0.0,,2.1,,0.0,,2.4,,1.8,,0.0,,0.0,,0.0,,0.0,,5.2,,0.0,,0.0,,3.5,,5.9,,10.0,,4.2,,3.0,,2.6,,0.0,,0.0,,4.9,,0.0,
2002-08-16,1000.6,1003.6,1001.8,2002-08-16T22:25:00,998.8,2002-08-16T16:17:00,30.2,33.5,2002-08-16T13:31:00,27.7,2002-08-16T05:46:00,24.8,74,59,2002-08-16T13:54:00,2.2,290,7.7,340,2002-08-16T12:56:00,0.0,0.0,0.0,,0.0,,9.6,74.6,17.13,,,,,,,,,,,,,,6.0,,25.8,2002-08-16T23:03:00,,,,23.6,2002-08-16T18:22:00,,,,,,,2.32,2002-08-16T14:00:00,,,,,,,,,,,,,,84,2002-08-16T05:28:00,,,,,,,,,,,,,,,,,,,,,,,,,,,,,,,5.8,,10.34,2002-08-16T13:00:00,,,,8.1,,,0,,0,,0,,1,,0,,0,,1,,1,,0,,1,,2,,0,,0,,1,,0,,0,,0,,1,,0,,1,,0,,1,,0,,0,,1,,0,,0,,0,,1,,3,,2,,1,,2,,2,,1,,0,,1,,0,,,310,,,5.2,2002-08-16T12:10:00,,,0.0,,0.0,,0.0,,0.8,,0.0,,0.0,,1.7,,0.8,,0.0,,0.9,,2.8,,0.0,,0.0,,1.6,,0.0,,0.0,,0.0,,0.5,,0.0,,2.1,,0.0,,0.4,,0.0,,0.0,,1.4,,0.0,,0.0,,0.0,,2.1,,11.3,,7.7,,3.6,,8.0,,3.6,,2.5,,0.0,,1.2,,0.0,
2002-08-17,1001.1,1004.1,1003.0,2002-08-17T22:16:00,999.5,2002-08-17T15:44:00,30.3,33.3,2002-08-17T12:36:00,28.0,2002-08-17T04:15:00,24.9,74,62,2002-08-17T12:36:00,2.0,300,8.8,350,2002-08-17T13:55:00,0.0,0.0,0.0,,0.0,,8.7,67.7,16.59,,,,,,,,,,,,,,4.6,,25.7,2002-08-17T03:10:00,,,,23.9,2002-08-17T08:24:00,,,,,,,2.4,2002-08-17T14:00:00,,,,,,,,,,,,,,84,2002-08-17T03:07:00,,,,,,,,,,,,,,,,,,,,,,,,,,,,,,,5.3,,10.78,2002-08-17T13:00:00,,,,7.0,,,1,,0,,0,,0,,1,,0,,0,,1,,0,,0,,0,,0,,0,,0,,0,,0,,0,,0,,0,,0,,0,,0,,1,,0,,0,,0,,1,,1,,1,,4,,4,,1,,1,,3,,1,,1,,2,,0,,,320,,,4.8,2002-08-17T13:28:00,,,0.2,,0.0,,0.0,,0.0,,0.8,,0.0,,0.0,,0.4,,0.0,,0.0,,0.0,,0.0,,0.0,,0.0,,0.0,,0.0,,0.0,,0.0,,0.0,,0.0,,0.0,,0.0,,1.1,,0.0,,0.0,,0.0,,1.9,,1.3,,2.5,,9.0,,14.1,,3.8,,3.5,,4.5,,1.4,,0.7,,3.6,,0.0,
2002-08-18,1002.9,1006.0,1005.2,2002-08-18T21:30:00,1001.7,2002-08-18T04:26:00,29.8,34.2,2002-08-18T13:14:00,27.8,2002-08-18T05:05:00,25.0,75,59,2002-08-18T13:13:00,2.3,50,8.7,280,2002-08-18T15:46:00,0.0,0.0,0.0,,0.0,,5.6,43.7,14.18,,,,,,,,,,,,,,7.1,,25.8,2002-08-18T08:01:00,,,,24.2,2002-08-18T11:28:00,,,,,,,2.49,2002-08-18T12:00:00,,,,,,,,,,,,,,85,2002-08-18T05:05:00,,,,,,,,,,,,,,,,,,,,,,,,,,,,,,,6.4,,10.83,2002-08-18T13:00:00,,,,7.8,,,1,,1,,1,,2,,0,,3,,1,,2,,0,,1,,0,,0,,0,,0,,0,,0,,1,,0,,0,,0,,0,,0,,0,,0,,0,,0,,2,,2,,1,,2,,2,,0,,0,,0,,1,,1,,0,,0,,,260,,,5.9,2002-08-18T15:21:00,,,0.2,,1.4,,2.8,,2.4,,0.0,,3.8,,1.4,,3.7,,0.0,,1.4,,0.0,,0.0,,0.0,,0.0,,0.0,,0.0,,0.9,,0.0,,0.0,,0.0,,0.0,,0.0,,0.0,,0.0,,0.0,,0.0,,9.3,,5.4,,2.8,,7.4,,7.5,,0.0,,0.0,,0.0,,0.8,,3.0,,0.0,,0.0,
2002-08-19,1005.7,1008.7,1008.3,2002-08-19T21:06:00,1003.9,2002-08-19T04:56:00,29.1,33.5,2002-08-19T10:25:00,25.9,2002-08-19T20:13:00,24.7,77,60,2002-08-19T10:50:00,2.5,10,10.1,270,2002-08-19T14:16:00,12.5,3.4,5.0,2002-08-19T19:31:00,12.0,2002-08-19T19:09:00,5.4,42.2,11.82,,,,,,,,,,,,,,7.6,,27.0,2002-08-19T12:56:00,,,,23.0,2002-08-19T05:29:00,,,,,,,2.31,2002-08-19T13:00:00,,,,,,,,,,,,,,98,2002-08-19T19:45:00,,,,,,,,,,,,,,,,,,,,,,,,,,,,,,,7.6,,8.75,2002-08-19T13:00:00,,,,8.5,,,0,,4,,2,,3,,1,,0,,0,,2,,0,,1,,0,,0,,2,,0,,0,,1,,0,,0,,0,,0,,0,,1,,2,,1,,0,,1,,1,,0,,1,,0,,1,,0,,0,,0,,0,,0,,0,,0,,,250,,,6.6,2002-08-19T14:17:00,,,0.0,,7.9,,5.3,,7.3,,1.4,,0.0,,0.0,,2.5,,0.0,,1.9,,0.0,,0.0,,2.6,,0.0,,0.0,,1.4,,0.0,,0.0,,0.0,,0.0,,0.0,,3.7,,7.8,,4.2,,0.0,,4.0,,5.5,,0.0,,3.9,,0.0,,1.2,,0.0,,0.0,,0.0,,0.0,,0.0,,0.0,,0.0,
2002-08-20,1007.7,1010.8,1009.2,2002-08-20T21:05:00,1006.3,2002-08-20T03:35:00,29.5,32.6,2002-08-20T10:20:00,26.8,2002-08-20T04:57:00,25.1,78,65,2002-08-20T10:19:00,2.4,320,8.4,340,2002-08-20T15:17:00,0.0,0.0,0.0,,0.0,,6.4,50.1,13.11,,,,,,,,,,,,,,6.3,,26.4,2002-08-20T10:50:00,,,,23.5,2002-08-20T04:53:00,,,,,,,1.79,2002-08-20T10:00:00,,,,,,,,,,,,,,87,2002-08-20T00:01:00,,,,,,,,,,,,,,,,,,,,,,,,,,,,,,,5.8,,7.14,2002-08-20T12:00:00,,,,6.5,,,1,,1,,1,,0,,1,,1,,1,,0,,1,,0,,0,,0,,0,,2,,0,,1,,0,,0,,0,,0,,0,,0,,0,,0,,0,,0,,1,,1,,0,,1,,2,,3,,5,,1,,0,,0,,0,,0,,,300,,,5.5,2002-08-20T15:44:00,,,0.2,,2.2,,2.0,,0.0,,1.6,,0.8,,1.0,,0.0,,1.8,,0.0,,0.0,,0.0,,0.0,,2.5,,0.0,,0.6,,0.0,,0.0,,0.0,,0.0,,0.0,,0.0,,0.0,,0.0,,0.0,,0.0,,3.8,,3.0,,0.0,,3.4,,3.9,,11.7,,17.8,,2.2,,0.0,,0.0,,0.0,,0.0,
2002-08-21,1008.2,1011.2,1009.8,2002-08-21T09:10:00,1006.7,2002-08-21T16:27:00,29.5,32.3,2002-08-21T13:18:00,27.4,2002-08-21T04:14:00,25.3,78,65,2002-08-21T12:02:00,2.6,310,9.3,320,2002-08-21T14:37:00,2.5,0.2,2.5,2002-08-21T01:00:00,2.5,2002-08-21T01:00:00,5.6,43.9,12.54,,,,,,,,,,,,,,5.8,,27.0,2002-08-21T01:07:00,,,,24.3,2002-08-21T12:02:00,,,,,,,2.21,2002-08-21T14:00:00,,,,,,,,,,,,,,93,2002-08-21T01:07:00,,,,,,,,,,,,,,,,,,,,,,,,,,,,,,,4.9,,9.89,2002-08-21T13:00:00,,,,6.0,,,0,,0,,0,,0,,0,,0,,0,,0,,0,,0,,1,,0,,3,,0,,1,,2,,0,,1,,0,,0,,1,,0,,1,,0,,0,,0,,0,,0,,0,,0,,3,,4,,2,,2,,1,,0,,2,,0,,,310,,,5.7,2002-08-21T13:33:00,,,0.0,,0.0,,0.0,,0.0,,0.0,,0.0,,0.0,,0.0,,0.0,,0.0,,1.6,,0.0,,3.7,,0.0,,1.3,,3.1,,0.0,,1.4,,0.0,,0.0,,1.3,,0.0,,1.4,,0.0,,0.0,,0.0,,0.0,,0.0,,0.0,,0.0,,8.0,,16.9,,8.8,,7.2,,2.8,,0.0,,4.7,,0.0,
2002-08-22,1008.1,1011.2,1009.3,2002-08-22T07:48:00,1006.5,2002-08-22T17:02:00,29.7,32.5,2002-08-22T13:03:00,27.0,2002-08-22T04:52:00,25.5,79,67,2002-08-22T12:05:00,2.1,320,7.1,320,2002-08-22T14:29:00,3.5,0.5,2.0,2002-08-22T04:48:00,3.5,2002-08-22T04:30:00,3.5,27.5,12.81,,,,,,,,,,,,,,7.9,,27.1,2002-08-22T04:57:00,,,,24.6,2002-08-22T12:23:00,,,,,,,1.99,2002-08-22T11:00:00,,,,,,,,,,,,,,100,2002-08-22T04:53:00,,,,,,,,,,,,,,,,,,,,,,,,,,,,,,,5.5,,8.74,2002-08-22T13:00:00,,,,6.1,,,0,,1,,0,,0,,0,,0,,0,,0,,0,,0,,0,,0,,1,,0,,0,,1,,0,,0,,1,,0,,2,,0,,0,,0,,0,,1,,0,,1,,0,,2,,1,,3,,4,,1,,1,,1,,3,,0,,,310,,,4.3,2002-08-22T14:33:00,,,0.0,,0.8,,0.0,,0.0,,0.0,,0.0,,0.0,,0.0,,0.0,,0.0,,0.0,,0.0,,0.6,,0.0,,0.0,,0.8,,0.0,,0.0,,1.7,,0.0,,3.2,,0.0,,0.0,,0.0,,0.0,,1.0,,0.0,,1.7,,0.0,,3.4,,3.5,,7.4,,11.0,,2.0,,3.5,,3.8,,6.3,,0.0,
2002-08-23,1008.4,1011.5,1010.0,2002-08-23T09:18:00,1007.2,2002-08-23T02:21:00,29.5,32.5,2002-08-23T12:53:00,28.0,2002-08-23T02:34:00,24.6,75,58,2002-08-23T14:09:00,2.1,270,6.9,270,2002-08-23T15:14:00,0.0,0.0,0.0,,0.0,,7.8,61.3,15.24,,,,,,,,,,,,,,4.1,,25.8,2002-08-23T01:49:00,,,,22.9,2002-08-23T16:18:00,,,,,,,2.4,2002-08-23T14:00:00,,,,,,,,,,,,,,87,2002-08-23T02:20:00,,,,,,,,,,,,,,,,,,,,,,,,,,,,,,,4.5,,10.57,2002-08-23T13:00:00,,,,5.8,,,0,,1,,0,,0,,0,,0,,0,,0,,0,,0,,0,,0,,0,,0,,2,,1,,2,,2,,0,,1,,2,,0,,0,,0,,1,,4,,2,,5,,0,,1,,0,,0,,0,,0,,0,,0,,0,,0,,,250,,,4.2,2002-08-23T13:34:00,,,0.0,,0.8,,0.0,,0.0,,0.0,,0.0,,0.0,,0.0,,0.0,,0.0,,0.0,,0.0,,0.0,,0.0,,2.8,,1.9,,2.8,,3.5,,0.0,,1.7,,2.2,,0.0,,0.0,,0.0,,3.2,,12.4,,5.6,,11.7,,0.0,,2.3,,0.0,,0.0,,0.0,,0.0,,0.0,,0.0,,0.0,,0.0,
2002-08-24,1008.0,1011.1,1009.8,2002-08-24T08:20:00,1006.7,2002-08-24T15:48:00,29.4,33.1,2002-08-24T11:44:00,27.0,2002-08-24T04:27:00,24.4,75,63,2002-08-24T11:41:00,2.4,240,8.3,310,2002-08-24T16:06:00,0.0,0.0,0.0,,0.0,,10.2,80.3,17.38,,,,,,,,,,,,,,2.9,,25.8,2002-08-24T14:10:00,,,,23.2,2002-08-24T04:36:00,,,,,,,2.4,2002-08-24T12:00:00,,,,,,,,,,,,,,82,2002-08-24T02:26:00,,,,,,,,,,,,,,,,,,,,,,,,,,,,,,,6.1,,11.54,2002-08-24T13:00:00,,,,8.4,,,0,,0,,0,,0,,0,,0,,0,,0,,1,,0,,1,,1,,1,,1,,1,,0,,0,,0,,0,,3,,0,,0,,2,,1,,3,,1,,2,,2,,2,,0,,1,,0,,1,,0,,0,,0,,0,,0,,,260,,,5.3,2002-08-24T15:51:00,,,0.0,,0.0,,0.0,,0.0,,0.0,,0.0,,0.0,,0.0,,0.7,,0.0,,2.6,,1.1,,1.1,,1.5,,1.3,,0.0,,0.0,,0.0,,0.0,,7.0,,0.0,,0.0,,4.4,,2.5,,7.6,,3.6,,8.4,,6.6,,6.5,,0.0,,2.2,,0.0,,1.6,,0.0,,0.0,,0.0,,0.0,,0.0,
2002-08-25,1006.5,1009.6,1007.8,2002-08-25T00:10:00,1004.5,2002-08-25T16:22:00,29.5,32.5,2002-08-25T13:07:00,27.6,2002-08-25T06:13:00,24.4,75,64,2002-08-25T14:32:00,2.3,250,7.9,270,2002-08-25T12:13:00,0.0,0.0,0.0,,0.0,,10.3,81.3,18.49,,,,,,,,,,,,,,3.1,,25.7,2002-08-25T12:44:00,,,,23.3,2002-08-25T16:41:00,,,,,,,2.88,2002-08-25T12:00:00,,,,,,,,,,,,,,84,2002-08-25T06:27:00,,,,,,,,,,,,,,,,,,,,,,,,,,,,,,,4.9,,12.25,2002-08-25T12:00:00,,,,14.0,,,0,,0,,0,,0,,0,,0,,0,,0,,0,,0,,0,,1,,0,,0,,0,,0,,0,,0,,1,,2,,2,,1,,2,,1,,2,,10,,2,,0,,0,,0,,0,,0,,0,,0,,0,,0,,0,,0,,,270,,,4.7,2002-08-25T13:27:00,,,0.0,,0.0,,0.0,,0.0,,0.0,,0.0,,0.0,,0.0,,0.0,,0.0,,0.0,,1.4,,0.0,,0.0,,0.0,,0.0,,0.0,,0.0,,1.6,,3.8,,1.7,,1.4,,3.9,,2.5,,2.1,,30.8,,5.1,,0.0,,0.0,,0.0,,0.0,,0.0,,0.0,,0.0,,0.0,,0.0,,0.0,,0.0,
2002-08-26,1005.4,1008.4,1006.8,2002-08-26T00:01:00,1004.0,2002-08-26T16:05:00,29.5,32.8,2002-08-26T10:22:00,27.1,2002-08-26T03:31:00,24.3,74,62,2002-08-26T10:24:00,2.4,260,7.8,310,2002-08-26T15:03:00,0.0,0.0,0.0,,0.0,,9.5,75.1,17.49,,,,,,,,,,,,,,2.1,,26.0,2002-08-26T11:44:00,,,,23.2,2002-08-26T04:12:00,,,,,,,2.47,2002-08-26T12:00:00,,,,,,,,,,,,,,82,2002-08-26T02:02:00,,,,,,,,,,,,,,,,,,,,,,,,,,,,,,,5.7,,11.55,2002-08-26T13:00:00,,,,16.5,,,0,,0,,0,,0,,0,,0,,0,,0,,0,,2,,0,,0,,2,,1,,1,,0,,1,,2,,0,,2,,1,,0,,0,,1,,1,,2,,3,,1,,1,,0,,0,,2,,1,,0,,0,,0,,0,,0,,,250,,,4.7,2002-08-26T11:07:00,,,0.0,,0.0,,0.0,,0.0,,0.0,,0.0,,0.0,,0.0,,0.0,,3.5,,0.0,,0.0,,5.1,,0.9,,1.9,,0.0,,1.6,,2.7,,0.0,,4.9,,1.8,,0.0,,0.0,,2.1,,3.5,,4.5,,12.3,,3.2,,1.8,,0.0,,0.0,,6.4,,0.6,,0.0,,0.0,,0.0,,0.0,,0.0,
2002-08-27,1005.3,1008.3,1006.5,2002-08-27T21:05:00,1003.5,2002-08-27T16:03:00,29.6,33.1,2002-08-27T12:50:00,27.0,2002-08-27T03:22:00,24.5,74,63,2002-08-27T09:49:00,2.3,130,7.8,330,2002-08-27T14:44:00,0.0,0.0,0.0,,0.0,,8.6,68.1,16.39,,,,,,,,,,,,,,4.5,,25.9,2002-08-27T11:37:00,,,,23.4,2002-08-27T09:49:00,,,,,,,2.45,2002-08-27T12:00:00,,,,,,,,,,,,,,84,2002-08-27T02:19:00,,,,,,,,,,,,,,,,,,,,,,,,,,,,,,,6.1,,10.93,2002-08-27T12:00:00,,,,20.5,,,0,,0,,0,,0,,0,,0,,0,,0,,1,,0,,0,,0,,0,,5,,0,,3,,0,,1,,0,,1,,0,,0,,0,,0,,0,,2,,4,,0,,2,,3,,1,,1,,0,,0,,0,,0,,0,,0,,,270,,,5.1,2002-08-27T14:43:00,,,0.0,,0.0,,0.0,,0.0,,0.0,,0.0,,0.0,,0.0,,0.5,,0.0,,0.0,,0.0,,0.0,,8.3,,0.0,,4.4,,0.0,,1.1,,0.0,,1.8,,0.0,,0.0,,0.0,,0.0,,0.0,,7.0,,14.8,,0.0,,5.4,,7.9,,1.3,,3.3,,0.0,,0.0,,0.0,,0.0,,0.0,,0.0,
2002-08-28,1005.4,1008.5,1006.8,2002-08-28T07:05:00,1003.8,2002-08-28T16:30:00,29.9,33.2,2002-08-28T14:24:00,27.5,2002-08-28T04:36:00,24.4,73,62,2002-08-28T14:24:00,2.3,310,9.1,330,2002-08-28T11:28:00,0.0,0.0,0.0,,0.0,,9.2,73.0,16.32,,,,,,,,,,,,,,2.1,,26.4,2002-08-28T11:29:00,,,,23.6,2002-08-28T04:48:00,,,,,,,2.4,2002-08-28T14:00:00,,,,,,,,,,,,,,82,2002-08-28T06:15:00,,,,,,,,,,,,,,,,,,,,,,,,,,,,,,,5.7,,10.83,2002-08-28T13:00:00,,,,14.1,,,0,,1,,0,,0,,0,,1,,0,,1,,0,,0,,0,,0,,0,,0,,0,,0,,0,,1,,1,,3,,0,,0,,0,,0,,0,,0,,0,,0,,0,,1,,2,,4,,4,,1,,2,,0,,2,,0,,,310,,,5.3,2002-08-28T14:12:00,,,0.0,,1.3,,0.0,,0.0,,0.0,,1.6,,0.0,,1.9,,0.0,,0.0,,0.0,,0.0,,0.0,,0.0,,0.0,,0.0,,0.0,,1.6,,0.4,,3.2,,0.0,,0.0,,0.0,,0.0,,0.0,,0.0,,0.0,,0.0,,0.0,,3.5,,5.8,,16.2,,11.6,,2.4,,3.7,,0.0,,2.9,,0.0,
2002-08-29,1004.2,1007.2,1006.2,2002-08-29T00:05:00,1002.0,2002-08-29T16:37:00,29.9,33.3,2002-08-29T11:53:00,27.4,2002-08-29T06:07:00,25.2,76,60,2002-08-29T12:43:00,2.8,310,8.2,330,2002-08-29T14:22:00,0.0,0.0,0.0,,0.0,,10.4,82.6,17.64,,,,,,,,,,,,,,2.6,,26.7,2002-08-29T23:42:00,,,,23.4,2002-08-29T09:39:00,,,,,,,2.4,2002-08-29T14:00:00,,,,,,,,,,,,,,86,2002-08-29T07:19:00,,,,,,,,,,,,,,,,,,,,,,,,,,,,,,,5.9,,10.77,2002-08-29T13:00:00,,,,6.4,,,0,,1,,2,,0,,0,,0,,0,,0,,0,,0,,0,,0,,0,,0,,0,,0,,0,,0,,0,,0,,0,,0,,0,,0,,0,,0,,1,,1,,0,,3,,2,,8,,3,,0,,2,,0,,1,,0,,,310,,,5.6,2002-08-29T14:29:00,,,0.0,,2.4,,4.1,,0.0,,0.0,,0.0,,0.0,,0.0,,0.0,,0.0,,0.0,,0.0,,0.0,,0.0,,0.0,,0.0,,0.0,,0.0,,0.0,,0.0,,0.0,,0.0,,0.0,,0.0,,0.0,,0.0,,1.8,,3.9,,0.0,,13.1,,8.9,,19.5,,8.0,,0.0,,2.5,,0.0,,2.5,,0.0,
2002-08-30,1002.6,1005.6,1004.3,2002-08-30T10:22:00,1000.8,2002-08-30T16:25:00,30.3,34.0,2002-08-30T12:02:00,27.8,2002-08-30T05:29:00,25.4,75,58,2002-08-30T12:02:00,2.5,190,6.5,290,2002-08-30T09:14:00,0.0,0.0,0.0,,0.0,,7.0,55.7,13.01,,,,,,,,,,,,,,4.8,,26.7,2002-08-30T00:54:00,,,,23.6,2002-08-30T17:57:00,,,,,,,2.4,2002-08-30T13:00:00,,,,,,,,,,,,,,87,2002-08-30T00:55:00,,,,,,,,,,,,,,,,,,,,,,,,,,,,,,,6.2,,9.67,2002-08-30T12:00:00,,,,4.9,,,0,,0,,0,,0,,0,,0,,0,,0,,0,,1,,1,,0,,0,,1,,1,,1,,0,,0,,0,,5,,0,,1,,2,,0,,1,,2,,1,,4,,0,,0,,0,,2,,0,,1,,0,,0,,0,,0,,,320,,,4.5,2002-08-30T12:56:00,,,0.0,,0.0,,0.0,,0.0,,0.0,,0.0,,0.0,,0.0,,0.0,,1.5,,1.8,,0.0,,0.0,,2.0,,0.8,,1.9,,0.0,,0.0,,0.0,,15.5,,0.0,,3.0,,4.6,,0.0,,3.0,,3.2,,2.5,,10.8,,0.0,,0.0,,0.0,,6.6,,0.0,,2.3,,0.0,,0.0,,0.0,,0.0,
2002-08-31,1004.0,1007.0,1005.7,2002-08-31T22:08:00,1002.3,2002-08-31T02:30:00,29.5,33.0,2002-08-31T11:01:00,23.7,2002-08-31T05:58:00,25.2,78,65,2002-08-31T12:37:00,2.9,190,9.5,290,2002-08-31T05:49:00,15.0,1.3,8.5,2002-08-31T05:49:00,14.5,2002-08-31T05:02:00,8.6,68.6,15.92,,,,,,,,,,,,,,6.6,,27.0,2002-08-31T14:15:00,,,,21.1,2002-08-31T05:13:00,,,,,,,2.4,2002-08-31T13:00:00,,,,,,,,,,,,,,94,2002-08-31T05:53:00,,,,,,,,,,,,,,,,,,,,,,,,,,,,,,,9.3,,10.21,2002-08-31T13:00:00,,,,5.8,,,0,,0,,0,,0,,0,,0,,0,,0,,0,,0,,0,,0,,1,,3,,0,,0,,2,,0,,2,,5,,1,,0,,1,,2,,3,,2,,2,,0,,0,,0,,0,,0,,0,,0,,0,,0,,0,,0,,,260,,,5.5,2002-08-31T16:59:00,,,0.0,,0.0,,0.0,,0.0,,0.0,,0.0,,0.0,,0.0,,0.0,,0.0,,0.0,,0.0,,1.9,,6.2,,0.0,,0.0,,3.4,,0.0,,5.0,,13.8,,3.0,,0.0,,2.8,,6.8,,8.9,,8.7,,10.2,,0.0,,0.0,,0.0,,0.0,,0.0,,0.0,,0.0,,0.0,,0.0,,0.0,,0.0,
2002-09-01,1006.8,1009.9,1008.7,2002-09-01T21:48:00,1005.0,2002-09-01T02:02:00,29.8,33.3,2002-09-01T11:30:00,27.0,2002-09-01T05:52:00,24.7,75,59,2002-09-01T11:17:00,2.6,150,6.8,270,2002-09-01T13:29:00,0.0,0.0,0.0,,0.0,,6.8,54.3,14.84,,,,,,,,,,,,,,4.9,,25.9,2002-09-01T12:42:00,,,,23.2,2002-09-01T23:44:00,,,,,,,2.4,2002-09-01T12:00:00,,,,,,,,,,,,,,89,2002-09-01T03:43:00,,,,,,,,,,,,,,,,,,,,,,,,,,,,,,,6.3,,10.77,2002-09-01T12:00:00,,,,9.0,,,0,,0,,0,,0,,0,,0,,0,,0,,0,,0,,0,,0,,1,,3,,1,,3,,1,,1,,0,,2,,2,,0,,0,,1,,1,,1,,1,,1,,1,,2,,0,,2,,0,,0,,0,,0,,0,,0,,,270,,,4.8,2002-09-01T14:27:00,,,0.0,,0.0,,0.0,,0.0,,0.0,,0.0,,0.0,,0.0,,0.0,,0.0,,0.0,,0.0,,1.3,,8.7,,2.2,,8.7,,2.4,,1.4,,0.0,,4.4,,4.1,,0.0,,0.0,,2.2,,3.2,,2.0,,1.7,,3.6,,3.0,,6.5,,0.0,,5.8,,0.0,,0.0,,0.0,,0.0,,0.0,,0.0,
2002-09-02,1008.3,1011.3,1010.5,2002-09-02T09:23:00,1006.3,2002-09-02T15:19:00,28.6,30.9,2002-09-02T15:54:00,24.8,2002-09-02T05:37:00,23.8,75,63,2002-09-02T15:58:00,1.8,330,8.0,330,2002-09-02T04:17:00,-9.8,0.6,-9.8,2002-09-02T11:45:00,-9.8,2002-09-02T11:45:00,0.9,7.2,8.96,,,,,,,,,,,,,,6.4,,25.1,2002-09-02T22:16:00,,,,22.3,2002-09-02T05:44:00,,,,,,,1.13,2002-09-02T13:00:00,,,,,,,,,,,,,,88,2002-09-02T05:18:00,,,,,,,,,,,,,,,,,,,,,,,,,,,,,,,6.1,,5.65,2002-09-02T12:00:00,,,,11.1,,,2,,0,,1,,0,,0,,0,,0,,0,,0,,0,,1,,1,,0,,1,,1,,0,,1,,0,,2,,1,,0,,0,,0,,0,,0,,1,,1,,0,,2,,1,,0,,1,,1,,4,,2,,0,,0,,0,,,310,,,5.0,2002-09-02T04:26:00,,,0.3,,0.0,,1.3,,0.0,,0.0,,0.0,,0.0,,0.0,,0.0,,0.0,,1.3,,1.3,,0.0,,1.9,,0.6,,0.0,,2.1,,0.0,,3.3,,0.6,,0.0,,0.0,,0.0,,0.0,,0.0,,1.9,,3.5,,0.0,,4.6,,1.3,,0.0,,2.2,,2.0,,9.5,,4.7,,0.0,,0.0,,0.0,
2002-09-03,1006.9,1010.0,1008.8,2002-09-03T07:51:00,1004.8,2002-09-03T18:13:00,29.2,33.0,2002-09-03T12:26:00,27.1,2002-09-03T02:34:00,23.9,73,60,2002-09-03T12:03:00,2.6,10,9.3,340,2002-09-03T13:41:00,0.0,0.0,0.0,,0.0,,8.5,68.1,15.44,,,,,,,,,,,,,,6.4,,25.6,2002-09-03T08:27:00,,,,22.7,2002-09-03T22:01:00,,,,,,,2.4,2002-09-03T13:00:00,,,,,,,,,,,,,,86,2002-09-03T02:26:00,,,,,,,,,,,,,,,,,,,,,,,,,,,,,,,5.9,,9.43,2002-09-03T13:00:00,,,,9.0,,,0,,5,,2,,0,,0,,0,,0,,0,,0,,0,,0,,0,,0,,0,,4,,1,,1,,0,,0,,0,,0,,0,,0,,0,,0,,0,,0,,0,,0,,0,,2,,2,,2,,1,,0,,3,,1,,0,,,320,,,5.8,2002-09-03T14:02:00,,,0.0,,6.0,,4.0,,0.0,,0.0,,0.0,,0.0,,0.0,,0.0,,0.0,,0.0,,0.0,,0.0,,0.0,,9.0,,2.3,,2.8,,0.0,,0.0,,0.0,,0.0,,0.0,,0.0,,0.0,,0.0,,0.0,,0.0,,0.0,,0.0,,0.0,,8.0,,8.6,,8.6,,3.8,,0.0,,7.4,,0.9,,0.0,
2002-09-04,1004.8,1007.9,1006.5,2002-09-04T08:39:00,1002.8,2002-09-04T16:00:00,29.5,33.7,2002-09-04T13:38:00,26.9,2002-09-04T01:32:00,23.6,71,52,2002-09-04T11:53:00,2.5,10,9.4,10,2002-09-04T17:13:00,0.0,0.0,0.0,,0.0,,8.9,71.4,15.89,,,,,,,,,,,,,,5.4,,24.9,2002-09-04T08:09:00,,,,21.8,2002-09-04T11:53:00,,,,,,,2.4,2002-09-04T13:00:00,,,,,,,,,,,,,,84,2002-09-04T22:41:00,,,,,,,,,,,,,,,,,,,,,,,,,,,,,,,6.8,,9.08,2002-09-04T12:00:00,,,,6.4,,,0,,3,,1,,0,,0,,0,,0,,0,,0,,1,,1,,1,,2,,0,,0,,2,,0,,1,,1,,0,,0,,0,,1,,0,,2,,0,,0,,2,,1,,0,,0,,0,,0,,1,,1,,2,,1,,0,,,350,,,5.7,2002-09-04T16:50:00,,,0.0,,12.0,,3.9,,0.0,,0.0,,0.0,,0.0,,0.0,,0.0,,1.9,,1.4,,0.8,,2.5,,0.0,,0.0,,2.4,,0.0,,2.1,,0.9,,0.0,,0.0,,0.0,,1.9,,0.0,,3.9,,0.0,,0.0,,4.6,,2.5,,0.0,,0.0,,0.0,,0.0,,3.7,,5.1,,8.4,,3.0,,0.0,
2002-09-05,1002.2,1005.2,1004.9,2002-09-05T00:04:00,1000.0,2002-09-05T16:44:00,29.2,32.1,2002-09-05T11:12:00,26.6,2002-09-05T04:56:00,23.8,73,63,2002-09-05T10:18:00,3.7,350,16.3,30,2002-09-05T15:53:00,0.0,0.0,0.0,,0.0,,5.0,40.2,11.68,,,,,,,,,,,,,,5.0,,25.9,2002-09-05T14:22:00,,,,22.0,2002-09-05T21:56:00,,,,,,,1.71,2002-09-05T15:00:00,,,,,,,,,,,,,,83,2002-09-05T04:27:00,,,,,,,,,,,,,,,,,,,,,,,,,,,,,,,5.5,,6.44,2002-09-05T12:00:00,,,,4.3,,,0,,4,,2,,2,,0,,0,,0,,0,,0,,1,,0,,0,,0,,3,,1,,0,,0,,1,,1,,0,,0,,0,,0,,0,,0,,0,,0,,0,,0,,0,,0,,0,,0,,0,,1,,6,,2,,0,,,350,,,8.9,2002-09-05T15:04:00,,,0.0,,18.0,,7.2,,2.2,,0.0,,0.0,,0.0,,0.0,,0.0,,1.1,,0.0,,0.0,,0.0,,7.2,,0.8,,0.0,,0.0,,1.2,,1.6,,0.0,,0.0,,0.0,,0.0,,0.0,,0.0,,0.0,,0.0,,0.0,,0.0,,0.0,,0.0,,0.0,,0.0,,0.0,,6.7,,34.9,,9.0,,0.0,
2002-09-06,1000.0,1003.0,1002.2,2002-09-06T08:49:00,998.0,2002-09-06T17:01:00,29.4,32.8,2002-09-06T13:52:00,27.6,2002-09-06T04:00:00,22.3,66,54,2002-09-06T23:04:00,6.1,350,18.1,50,2002-09-06T14:00:00,-9.8,0.1,-9.8,2002-09-06T09:30:00,-9.8,2002-09-06T09:30:00,7.4,59.6,13.28,,,,,,,,,,,,,,4.5,,26.1,2002-09-06T09:57:00,,,,18.7,2002-09-06T23:40:00,,,,,,,1.84,2002-09-06T14:00:00,,,,,,,,,,,,,,83,2002-09-06T09:54:00,,,,,,,,,,,,,,,,,,,,,,,,,,,,,,,5.2,,7.3,2002-09-06T13:00:00,,,,7.3,,,0,,7,,1,,0,,0,,0,,0,,0,,0,,0,,0,,0,,0,,0,,0,,0,,0,,0,,0,,0,,0,,0,,0,,0,,0,,0,,0,,0,,0,,0,,0,,0,,0,,0,,0,,8,,8,,0,,,360,,,9.4,2002-09-06T16:19:00,,,0.0,,45.7,,7.3,,0.0,,0.0,,0.0,,0.0,,0.0,,0.0,,0.0,,0.0,,0.0,,0.0,,0.0,,0.0,,0.0,,0.0,,0.0,,0.0,,0.0,,0.0,,0.0,,0.0,,0.0,,0.0,,0.0,,0.0,,0.0,,0.0,,0.0,,0.0,,0.0,,0.0,,0.0,,0.0,,49.7,,42.6,,0.0,
2002-09-07,999.3,1002.3,1000.7,2002-09-07T23:50:00,997.8,2002-09-07T02:32:00,29.0,32.4,2002-09-07T15:29:00,27.0,2002-09-07T23:52:00,21.1,63,47,2002-09-07T15:04:00,3.6,360,11.2,30,2002-09-07T00:08:00,0.0,0.0,0.0,,0.0,,3.7,29.9,10.51,,,,,,,,,,,,,,5.9,,24.2,2002-09-07T13:30:00,,,,18.1,2002-09-07T03:05:00,,,,,,,1.82,2002-09-07T14:00:00,,,,,,,,,,,,,,82,2002-09-07T23:13:00,,,,,,,,,,,,,,,,,,,,,,,,,,,,,,,5.4,,7.01,2002-09-07T14:00:00,,,,6.6,,,0,,3,,0,,0,,0,,0,,0,,0,,0,,0,,0,,0,,0,,0,,0,,0,,1,,1,,1,,1,,1,,0,,0,,0,,1,,0,,0,,0,,0,,1,,2,,2,,2,,1,,1,,0,,6,,0,,,10,,,7.0,2002-09-07T00:38:00,,,0.0,,16.2,,0.0,,0.0,,0.0,,0.0,,0.0,,0.0,,0.0,,0.0,,0.0,,0.0,,0.0,,0.0,,0.0,,0.0,,3.4,,2.9,,2.0,,3.1,,2.1,,0.0,,0.0,,0.0,,2.5,,0.0,,0.0,,0.0,,0.0,,2.5,,4.9,,7.1,,5.8,,4.5,,3.9,,0.0,,24.5,,0.0,
2002-09-08,1002.9,1005.9,1004.8,2002-09-08T20:23:00,1000.3,2002-09-08T01:46:00,29.6,33.1,2002-09-08T12:32:00,26.0,2002-09-08T02:34:00,23.9,72,61,2002-09-08T10:29:00,3.1,130,9.4,240,2002-09-08T12:50:00,0.0,0.0,0.0,,0.0,,8.8,71.2,16.17,,,,,,,,,,,,,,2.9,,26.0,2002-09-08T12:31:00,,,,21.7,2002-09-08T06:03:00,,,,,,,2.4,2002-09-08T12:00:00,,,,,,,,,,,,,,84,2002-09-08T01:48:00,,,,,,,,,,,,,,,,,,,,,,,,,,,,,,,7.1,,8.43,2002-09-08T12:00:00,,,,4.5,,,0,,2,,0,,0,,0,,0,,0,,0,,0,,0,,0,,0,,1,,6,,1,,0,,1,,0,,1,,1,,0,,3,,1,,2,,1,,0,,0,,0,,0,,0,,0,,0,,0,,1,,1,,0,,2,,0,,,220,,,5.8,2002-09-08T12:50:00,,,0.0,,3.4,,0.0,,0.0,,0.0,,0.0,,0.0,,0.0,,0.0,,0.0,,0.0,,0.0,,4.0,,21.6,,3.2,,0.0,,3.0,,0.0,,3.1,,1.5,,0.0,,11.3,,4.2,,6.9,,4.3,,0.0,,0.0,,0.0,,0.0,,0.0,,0.0,,0.0,,0.0,,1.6,,1.7,,0.0,,4.9,,0.0,
2002-09-09,1002.5,1005.6,1004.4,2002-09-09T00:04:00,1000.3,2002-09-09T14:42:00,29.6,34.2,2002-09-09T11:08:00,27.4,2002-09-09T06:11:00,25.3,79,60,2002-09-09T10:44:00,2.7,20,9.1,320,2002-09-09T11:48:00,1.5,0.9,1.0,2002-09-09T17:05:00,1.5,2002-09-09T16:52:00,7.2,58.3,15.05,,,,,,,,,,,,,,7.4,,26.6,2002-09-09T11:38:00,,,,24.3,2002-09-09T00:01:00,,,,,,,2.27,2002-09-09T12:00:00,,,,,,,,,,,,,,91,2002-09-09T17:27:00,,,,,,,,,,,,,,,,,,,,,,,,,,,,,,,6.8,,9.41,2002-09-09T12:00:00,,,,4.3,,,0,,4,,4,,0,,0,,0,,0,,0,,0,,0,,0,,0,,0,,0,,0,,1,,1,,0,,1,,3,,1,,0,,0,,0,,1,,0,,0,,0,,0,,0,,1,,2,,1,,1,,1,,1,,1,,0,,,310,,,6.0,2002-09-09T12:17:00,,,0.0,,8.1,,8.7,,0.0,,0.0,,0.0,,0.0,,0.0,,0.0,,0.0,,0.0,,0.0,,0.0,,0.0,,0.0,,1.9,,1.8,,0.0,,2.0,,7.0,,5.2,,0.0,,0.0,,0.0,,1.5,,0.0,,0.0,,0.0,,0.0,,0.0,,5.2,,7.3,,4.6,,3.5,,3.1,,3.7,,2.0,,0.0,
2002-09-10,1003.4,1006.4,1006.8,2002-09-10T21:01:00,1000.7,2002-09-10T04:09:00,28.0,31.1,2002-09-10T09:44:00,26.2,2002-09-10T23:06:00,24.4,81,73,2002-09-10T09:46:00,4.0,10,15.2,200,2002-09-10T20:31:00,-9.8,0.2,-9.8,2002-09-10T16:05:00,-9.8,2002-09-10T16:05:00,2.2,17.9,8.07,,,,,,,,,,,,,,6.6,,26.4,2002-09-10T09:34:00,,,,22.1,2002-09-10T21:01:00,,,,,,,1.51,2002-09-10T10:00:00,,,,,,,,,,,,,,90,2002-09-10T04:14:00,,,,,,,,,,,,,,,,,,,,,,,,,,,,,,,4.9,,6.44,2002-09-10T12:00:00,,,,8.4,,,0,,4,,3,,1,,0,,0,,0,,1,,0,,0,,0,,0,,0,,0,,1,,0,,2,,2,,3,,3,,0,,1,,0,,2,,0,,0,,0,,0,,0,,0,,0,,0,,0,,1,,0,,0,,0,,0,,,170,,,9.9,2002-09-10T20:34:00,,,0.0,,12.6,,7.9,,2.5,,0.0,,0.0,,0.0,,1.1,,0.0,,0.0,,0.0,,0.0,,0.0,,0.0,,4.6,,0.0,,7.6,,13.5,,10.4,,21.7,,0.0,,5.8,,0.0,,6.8,,0.0,,0.0,,0.0,,0.0,,0.0,,0.0,,0.0,,0.0,,0.0,,1.8,,0.0,,0.0,,0.0,,0.0,
2002-09-11,1007.5,1010.6,1009.3,2002-09-11T19:44:00,1005.0,2002-09-11T00:41:00,27.0,32.8,2002-09-11T11:06:00,24.7,2002-09-11T13:22:00,23.7,82,65,2002-09-11T11:41:00,2.3,10,9.2,40,2002-09-11T07:35:00,7.0,3.7,4.0,2002-09-11T13:10:00,4.0,2002-09-11T13:05:00,3.2,26.0,6.84,,,,,,,,,,,,,,7.9,,26.0,2002-09-11T12:36:00,,,,22.5,2002-09-11T20:17:00,,,,,,,1.89,2002-09-11T11:00:00,,,,,,,,,,,,,,95,2002-09-11T16:07:00,,,,,,,,,,,,,,,,,,,,,,,,,,,,,,,8.1,,7.45,2002-09-11T11:00:00,,,,10.4,,,1,,4,,3,,1,,2,,1,,0,,0,,2,,0,,1,,0,,0,,1,,1,,1,,0,,0,,1,,0,,0,,0,,0,,0,,1,,0,,0,,1,,0,,0,,0,,0,,0,,0,,1,,1,,1,,0,,,20,,,5.5,2002-09-11T08:21:00,,,0.2,,16.1,,9.4,,1.1,,3.9,,2.9,,0.0,,0.0,,2.0,,0.0,,2.5,,0.0,,0.0,,0.6,,1.9,,2.7,,0.0,,0.0,,1.0,,0.0,,0.0,,0.0,,0.0,,0.0,,2.5,,0.0,,0.0,,2.5,,0.0,,0.0,,0.0,,0.0,,0.0,,0.0,,2.4,,3.0,,0.7,,0.0,
2002-09-12,1009.1,1012.2,1010.8,2002-09-12T21:53:00,1007.7,2002-09-12T14:56:00,27.0,30.3,2002-09-12T11:34:00,24.7,2002-09-12T23:30:00,23.8,83,72,2002-09-12T13:15:00,2.8,210,10.4,200,2002-09-12T19:55:00,1.0,0.7,1.0,2002-09-12T15:30:00,1.0,2002-09-12T15:25:00,1.1,9.0,7.6,,,,,,,,,,,,,,8.5,,25.7,2002-09-12T15:39:00,,,,22.6,2002-09-12T00:04:00,,,,,,,1.63,2002-09-12T12:00:00,,,,,,,,,,,,,,100,2002-09-12T15:39:00,,,,,,,,,,,,,,,,,,,,,,,,,,,,,,,5.6,,7.46,2002-09-12T12:00:00,,,,11.9,,,0,,0,,0,,0,,0,,0,,0,,0,,1,,3,,2,,0,,2,,1,,0,,1,,4,,2,,1,,0,,0,,5,,1,,0,,0,,1,,0,,0,,0,,0,,0,,0,,0,,0,,0,,0,,0,,0,,,170,,,6.6,2002-09-12T19:58:00,,,0.0,,0.0,,0.0,,0.0,,0.0,,0.0,,0.0,,0.0,,1.2,,5.1,,4.4,,0.0,,2.3,,0.9,,0.0,,2.4,,17.6,,12.3,,4.1,,0.0,,0.0,,13.8,,3.7,,0.0,,0.0,,0.5,,0.0,,0.0,,0.0,,0.0,,0.0,,0.0,,0.0,,0.0,,0.0,,0.0,,0.0,,0.0,
2002-09-13,1009.4,1012.5,1010.5,2002-09-13T09:13:00,1008.3,2002-09-13T16:49:00,25.7,29.3,2002-09-13T11:33:00,24.1,2002-09-13T19:54:00,23.5,88,75,2002-09-13T10:53:00,4.8,170,11.8,220,2002-09-13T12:49:00,6.0,4.7,2.5,2002-09-13T18:53:00,5.0,2002-09-13T18:55:00,1.2,9.8,9.65,,,,,,,,,,,,,,9.0,,24.8,2002-09-13T19:07:00,,,,22.2,2002-09-13T04:52:00,,,,,,,2.1,2002-09-13T12:00:00,,,,,,,,,,,,,,100,2002-09-13T19:02:00,,,,,,,,,,,,,,,,,,,,,,,,,,,,,,,5.2,,10.05,2002-09-13T12:00:00,,,,11.3,,,0,,0,,0,,0,,0,,0,,0,,0,,0,,0,,0,,0,,0,,0,,2,,2,,3,,8,,4,,2,,3,,0,,0,,0,,0,,0,,0,,0,,0,,0,,0,,0,,0,,0,,0,,0,,0,,0,,,200,,,7.8,2002-09-13T12:04:00,,,0.0,,0.0,,0.0,,0.0,,0.0,,0.0,,0.0,,0.0,,0.0,,0.0,,0.0,,0.0,,0.0,,0.0,,6.7,,8.4,,12.8,,36.9,,21.7,,9.3,,18.3,,0.0,,0.0,,0.0,,0.0,,0.0,,0.0,,0.0,,0.0,,0.0,,0.0,,0.0,,0.0,,0.0,,0.0,,0.0,,0.0,,0.0,
2002-09-14,1008.4,1011.5,1010.0,2002-09-14T23:01:00,1006.8,2002-09-14T16:32:00,26.8,31.8,2002-09-14T12:19:00,23.6,2002-09-14T05:21:00,23.0,80,60,2002-09-14T13:53:00,5.6,150,17.9,220,2002-09-14T14:05:00,0.5,1.4,0.5,2002-09-14T23:22:00,0.5,2002-09-14T23:22:00,5.1,41.7,13.64,,,,,,,,,,,,,,8.6,,24.8,2002-09-14T10:55:00,,,,21.4,2002-09-14T20:04:00,,,,,,,2.13,2002-09-14T13:00:00,,,,,,,,,,,,,,92,2002-09-14T05:21:00,,,,,,,,,,,,,,,,,,,,,,,,,,,,,,,8.2,,9.53,2002-09-14T13:00:00,,,,14.0,,,0,,0,,0,,0,,0,,0,,0,,0,,0,,0,,0,,0,,0,,1,,3,,5,,4,,4,,3,,2,,1,,1,,0,,0,,0,,0,,0,,0,,0,,0,,0,,0,,0,,0,,0,,0,,0,,0,,,190,,,11.2,2002-09-14T14:13:00,,,0.0,,0.0,,0.0,,0.0,,0.0,,0.0,,0.0,,0.0,,0.0,,0.0,,0.0,,0.0,,0.0,,3.3,,12.0,,27.3,,21.3,,29.3,,23.5,,8.4,,7.0,,1.3,,0.0,,0.0,,0.0,,0.0,,0.0,,0.0,,0.0,,0.0,,0.0,,0.0,,0.0,,0.0,,0.0,,0.0,,0.0,,0.0,
2002-09-15,1007.5,1010.6,1009.5,2002-09-15T00:01:00,1005.5,2002-09-15T15:02:00,27.5,31.6,2002-09-15T13:17:00,23.8,2002-09-15T06:12:00,23.6,80,61,2002-09-15T13:06:00,4.5,180,13.4,200,2002-09-15T12:22:00,3.0,1.4,2.0,2002-09-15T06:01:00,3.0,2002-09-15T05:55:00,6.3,51.6,14.5,,,,,,,,,,,,,,6.1,,25.3,2002-09-15T12:33:00,,,,22.1,2002-09-15T05:13:00,,,,,,,2.45,2002-09-15T13:00:00,,,,,,,,,,,,,,98,2002-09-15T06:03:00,,,,,,,,,,,,,,,,,,,,,,,,,,,,,,,7.8,,10.98,2002-09-15T13:00:00,,,,13.5,,,0,,0,,0,,0,,0,,0,,0,,0,,0,,0,,0,,0,,0,,2,,2,,2,,3,,3,,8,,4,,0,,0,,0,,0,,0,,0,,0,,0,,0,,0,,0,,0,,0,,0,,0,,0,,0,,0,,,180,,,9.1,2002-09-15T12:23:00,,,0.0,,0.0,,0.0,,0.0,,0.0,,0.0,,0.0,,0.0,,0.0,,0.0,,0.0,,0.0,,0.0,,6.1,,5.7,,6.4,,11.0,,12.9,,41.7,,24.5,,0.0,,0.0,,0.0,,0.0,,0.0,,0.0,,0.0,,0.0,,0.0,,0.0,,0.0,,0.0,,0.0,,0.0,,0.0,,0.0,,0.0,,0.0,
2002-09-16,1006.7,1009.7,1008.0,2002-09-16T20:44:00,1005.2,2002-09-16T15:34:00,28.5,32.4,2002-09-16T12:23:00,25.7,2002-09-16T04:40:00,23.9,76,63,2002-09-16T10:45:00,3.6,190,11.0,240,2002-09-16T11:25:00,0.0,0.0,0.0,,0.0,,7.2,59.1,15.4,,,,,,,,,,,,,,6.0,,25.5,2002-09-16T16:03:00,,,,21.8,2002-09-16T06:28:00,,,,,,,2.4,2002-09-16T11:00:00,,,,,,,,,,,,,,87,2002-09-16T22:18:00,,,,,,,,,,,,,,,,,,,,,,,,,,,,,,,6.7,,10.81,2002-09-16T12:00:00,,,,15.4,,,0,,2,,1,,0,,0,,0,,0,,0,,1,,0,,0,,0,,0,,3,,2,,2,,1,,1,,2,,4,,4,,1,,0,,0,,0,,0,,0,,0,,0,,0,,0,,0,,0,,0,,0,,0,,0,,0,,,200,,,7.4,2002-09-16T11:33:00,,,0.0,,5.9,,4.0,,0.0,,0.0,,0.0,,0.0,,0.0,,0.4,,0.0,,0.0,,0.0,,0.0,,8.6,,4.3,,5.9,,2.8,,3.7,,6.5,,22.4,,16.9,,5.3,,0.0,,0.0,,0.0,,0.0,,0.0,,0.0,,0.0,,0.0,,0.0,,0.0,,0.0,,0.0,,0.0,,0.0,,0.0,,0.0,
2002-09-17,1007.0,1010.1,1008.6,2002-09-17T22:46:00,1005.3,2002-09-17T14:50:00,29.0,32.9,2002-09-17T12:48:00,26.0,2002-09-17T05:59:00,24.8,78,64,2002-09-17T11:33:00,2.9,340,10.0,340,2002-09-17T14:46:00,0.0,0.0,0.0,,0.0,,7.6,62.5,12.67,,,,,,,,,,,,,,5.0,,26.0,2002-09-17T13:37:00,,,,23.0,2002-09-17T01:39:00,,,,,,,1.7,2002-09-17T12:00:00,,,,,,,,,,,,,,89,2002-09-17T23:40:00,,,,,,,,,,,,,,,,,,,,,,,,,,,,,,,6.9,,7.02,2002-09-17T12:00:00,,,,9.3,,,0,,3,,3,,1,,1,,0,,0,,1,,0,,0,,0,,0,,0,,0,,0,,0,,1,,0,,1,,0,,0,,0,,0,,0,,0,,0,,0,,0,,0,,0,,0,,0,,1,,1,,6,,1,,4,,0,,,330,,,6.1,2002-09-17T14:49:00,,,0.0,,6.1,,9.3,,1.4,,0.8,,0.0,,0.0,,1.4,,0.0,,0.0,,0.0,,0.0,,0.0,,0.0,,0.0,,0.0,,1.9,,0.0,,1.6,,0.0,,0.0,,0.0,,0.0,,0.0,,0.0,,0.0,,0.0,,0.0,,0.0,,0.0,,0.0,,0.0,,0.9,,4.4,,23.3,,2.7,,15.1,,0.0,
2002-09-18,1008.3,1011.4,1010.2,2002-09-18T23:07:00,1006.0,2002-09-18T14:31:00,29.3,33.5,2002-09-18T15:29:00,26.8,2002-09-18T04:47:00,25.0,78,62,2002-09-18T15:29:00,2.7,350,8.1,30,2002-09-18T15:44:00,0.0,0.0,0.0,,0.0,,1.7,14.0,8.79,,,,,,,,,,,,,,6.1,,26.5,2002-09-18T15:38:00,,,,23.7,2002-09-18T06:09:00,,,,,,,1.72,2002-09-18T10:00:00,,,,,,,,,,,,,,89,2002-09-18T00:40:00,,,,,,,,,,,,,,,,,,,,,,,,,,,,,,,6.7,,5.47,2002-09-18T10:00:00,,,,4.2,,,0,,2,,2,,0,,1,,1,,0,,0,,0,,0,,0,,0,,0,,3,,0,,1,,0,,3,,1,,0,,0,,0,,0,,0,,0,,0,,0,,0,,0,,0,,0,,0,,0,,1,,0,,7,,2,,0,,,340,,,5.1,2002-09-18T15:45:00,,,0.0,,4.6,,3.5,,0.0,,1.6,,1.7,,0.0,,0.0,,0.0,,0.0,,0.0,,0.0,,0.0,,5.4,,0.0,,3.3,,0.0,,7.7,,2.8,,0.0,,0.0,,0.0,,0.0,,0.0,,0.0,,0.0,,0.0,,0.0,,0.0,,0.0,,0.0,,0.0,,0.0,,2.6,,0.0,,24.1,,6.4,,0.0,
2002-09-19,1009.3,1012.4,1011.2,2002-09-19T09:29:00,1007.6,2002-09-19T16:02:00,29.9,34.1,2002-09-19T11:31:00,27.6,2002-09-19T04:42:00,24.7,74,54,2002-09-19T11:58:00,2.6,360,9.9,330,2002-09-19T13:00:00,0.0,0.0,0.0,,0.0,,8.7,71.8,16.26,,,,,,,,,,,,,,3.5,,26.3,2002-09-19T12:40:00,,,,23.1,2002-09-19T10:56:00,,,,,,,2.4,2002-09-19T12:00:00,,,,,,,,,,,,,,89,2002-09-19T01:19:00,,,,,,,,,,,,,,,,,,,,,,,,,,,,,,,6.5,,9.93,2002-09-19T12:00:00,,,,6.3,,,0,,1,,1,,0,,0,,0,,1,,0,,0,,1,,0,,0,,1,,1,,0,,0,,1,,0,,0,,2,,0,,0,,0,,1,,0,,0,,0,,1,,0,,2,,2,,1,,0,,0,,1,,1,,6,,0,,,340,,,5.8,2002-09-19T15:23:00,,,0.0,,1.5,,1.0,,0.0,,0.0,,0.0,,1.3,,0.0,,0.0,,2.2,,0.0,,0.0,,0.4,,0.9,,0.0,,0.0,,2.1,,0.0,,0.0,,4.5,,0.0,,0.0,,0.0,,2.9,,0.0,,0.0,,0.0,,1.7,,0.0,,5.6,,9.4,,4.5,,0.0,,0.0,,3.9,,3.7,,17.5,,0.0,
2002-09-20,1008.6,1011.7,1010.3,2002-09-20T09:05:00,1006.3,2002-09-20T15:36:00,29.5,33.0,2002-09-20T14:14:00,27.0,2002-09-20T23:52:00,24.9,77,62,2002-09-20T14:53:00,2.6,130,7.6,30,2002-09-20T21:17:00,-9.8,0.1,-9.8,2002-09-20T17:52:00,-9.8,2002-09-20T17:52:00,9.3,76.9,16.08,,,,,,,,,,,,,,3.4,,26.3,2002-09-20T13:11:00,,,,23.7,2002-09-20T16:43:00,,,,,,,2.37,2002-09-20T12:00:00,,,,,,,,,,,,,,87,2002-09-20T04:47:00,,,,,,,,,,,,,,,,,,,,,,,,,,,,,,,6.0,,8.85,2002-09-20T12:00:00,,,,5.8,,,0,,2,,0,,1,,0,,0,,0,,0,,0,,0,,0,,0,,0,,4,,1,,0,,1,,1,,0,,0,,0,,1,,1,,0,,0,,2,,0,,0,,0,,1,,3,,1,,0,,0,,1,,1,,3,,0,,,10,,,5.0,2002-09-20T21:19:00,,,0.0,,6.9,,0.0,,1.4,,0.0,,0.0,,0.0,,0.0,,0.0,,0.0,,0.0,,0.0,,0.0,,5.5,,2.0,,0.0,,2.2,,2.2,,0.0,,0.0,,0.0,,2.5,,2.5,,0.0,,0.0,,7.0,,0.0,,0.0,,0.0,,2.8,,9.6,,3.5,,0.0,,0.0,,3.4,,4.0,,7.8,,0.0,
2002-09-21,1007.1,1010.2,1008.8,2002-09-21T00:01:00,1005.3,2002-09-21T14:59:00,28.7,32.3,2002-09-21T12:13:00,26.1,2002-09-21T03:54:00,24.6,79,65,2002-09-21T12:13:00,2.2,190,7.9,210,2002-09-21T12:23:00,0.0,0.0,0.0,,0.0,,7.0,58.0,14.36,,,,,,,,,,,,,,5.5,,26.4,2002-09-21T11:29:00,,,,23.4,2002-09-21T01:32:00,,,,,,,2.3,2002-09-21T13:00:00,,,,,,,,,,,,,,87,2002-09-21T03:55:00,,,,,,,,,,,,,,,,,,,,,,,,,,,,,,,6.2,,7.98,2002-09-21T13:00:00,,,,4.5,,,0,,1,,1,,0,,0,,1,,1,,0,,0,,0,,0,,0,,0,,1,,1,,1,,1,,2,,1,,2,,2,,1,,0,,1,,2,,0,,1,,0,,0,,1,,0,,0,,0,,0,,0,,1,,2,,0,,,190,,,5.3,2002-09-21T12:24:00,,,0.0,,3.0,,1.7,,0.0,,0.0,,1.1,,0.9,,0.0,,0.0,,0.0,,0.0,,0.0,,0.0,,2.7,,2.2,,2.4,,2.4,,4.0,,4.5,,5.2,,3.3,,3.8,,0.0,,4.1,,5.1,,0.0,,1.2,,0.0,,0.0,,1.4,,0.0,,0.0,,0.0,,0.0,,0.0,,0.4,,2.9,,0.0,
2002-09-22,1008.2,1011.2,1010.0,2002-09-22T22:43:00,1006.8,2002-09-22T14:55:00,28.2,32.3,2002-09-22T13:26:00,25.3,2002-09-22T23:51:00,23.6,77,63,2002-09-22T14:35:00,3.1,10,9.4,40,2002-09-22T18:57:00,2.5,0.9,2.5,2002-09-22T06:00:00,2.5,2002-09-22T05:20:00,3.9,32.4,11.9,,,,,,,,,,,,,,6.0,,25.9,2002-09-22T10:02:00,,,,21.3,2002-09-22T22:39:00,,,,,,,1.91,2002-09-22T12:00:00,,,,,,,,,,,,,,97,2002-09-22T06:08:00,,,,,,,,,,,,,,,,,,,,,,,,,,,,,,,7.0,,6.97,2002-09-22T13:00:00,,,,3.8,,,0,,5,,4,,0,,2,,0,,1,,0,,0,,0,,1,,0,,0,,0,,1,,1,,1,,0,,0,,0,,0,,0,,0,,0,,0,,0,,0,,0,,0,,0,,0,,1,,1,,0,,0,,3,,3,,0,,,360,,,6.0,2002-09-22T19:00:00,,,0.0,,16.5,,13.6,,0.0,,2.8,,0.0,,1.6,,0.0,,0.0,,0.0,,2.4,,0.0,,0.0,,0.0,,2.8,,1.7,,2.1,,0.0,,0.0,,0.0,,0.0,,0.0,,0.0,,0.0,,0.0,,0.0,,0.0,,0.0,,0.0,,0.0,,0.0,,4.8,,3.3,,0.0,,0.0,,8.5,,13.3,,0.0,
2002-09-23,1010.0,1013.1,1011.8,2002-09-23T21:44:00,1008.5,2002-09-23T13:55:00,27.1,32.3,2002-09-23T13:42:00,24.0,2002-09-23T06:36:00,21.8,73,59,2002-09-23T13:41:00,2.3,10,6.5,50,2002-09-23T07:20:00,0.0,0.0,0.0,,0.0,,3.8,31.6,11.44,,,,,,,,,,,,,,6.6,,24.0,2002-09-23T11:44:00,,,,19.9,2002-09-23T23:43:00,,,,,,,1.88,2002-09-23T14:00:00,,,,,,,,,,,,,,85,2002-09-23T06:25:00,,,,,,,,,,,,,,,,,,,,,,,,,,,,,,,8.3,,6.76,2002-09-23T13:00:00,,,,4.8,,,0,,8,,6,,0,,0,,0,,0,,0,,1,,0,,0,,0,,0,,0,,0,,0,,0,,0,,1,,0,,0,,0,,0,,0,,3,,0,,0,,0,,2,,0,,0,,0,,0,,0,,0,,0,,3,,0,,,20,,,4.1,2002-09-23T06:57:00,,,0.0,,21.3,,14.2,,0.0,,0.0,,0.0,,0.0,,0.0,,0.4,,0.0,,0.0,,0.0,,0.0,,0.0,,0.0,,0.0,,0.0,,0.0,,2.7,,0.0,,0.0,,0.0,,0.0,,0.0,,7.5,,0.0,,0.0,,0.0,,3.5,,0.0,,0.0,,0.0,,0.0,,0.0,,0.0,,0.0,,6.2,,0.0,
2002-09-24,1011.4,1014.5,1012.8,2002-09-24T20:52:00,1010.0,2002-09-24T14:27:00,26.9,30.4,2002-09-24T10:32:00,24.0,2002-09-24T03:38:00,21.7,73,66,2002-09-24T12:51:00,2.3,10,6.9,230,2002-09-24T13:14:00,0.0,0.0,0.0,,0.0,,2.4,20.0,9.89,,,,,,,,,,,,,,7.3,,23.9,2002-09-24T10:38:00,,,,19.3,2002-09-24T02:57:00,,,,,,,1.67,2002-09-24T11:00:00,,,,,,,,,,,,,,81,2002-09-24T06:23:00,,,,,,,,,,,,,,,,,,,,,,,,,,,,,,,6.4,,6.06,2002-09-24T11:00:00,,,,5.6,,,0,,3,,2,,0,,0,,0,,0,,0,,1,,1,,0,,1,,0,,1,,0,,3,,0,,1,,0,,2,,0,,1,,0,,0,,1,,2,,1,,0,,0,,0,,1,,1,,0,,0,,1,,0,,1,,0,,,240,,,4.5,2002-09-24T15:04:00,,,0.0,,6.5,,5.6,,0.0,,0.0,,0.0,,0.0,,0.0,,1.4,,1.5,,0.0,,1.4,,0.0,,2.3,,0.0,,5.0,,0.0,,1.8,,0.0,,3.8,,0.0,,2.5,,0.0,,0.0,,3.8,,6.6,,3.3,,0.0,,0.0,,0.0,,3.7,,3.1,,0.0,,0.0,,2.7,,0.0,,0.9,,0.0,
2002-09-25,1011.7,1014.8,1013.2,2002-09-25T09:03:00,1010.2,2002-09-25T15:17:00,26.1,28.2,2002-09-25T14:14:00,23.6,2002-09-25T23:41:00,22.8,82,73,2002-09-25T14:14:00,2.2,20,6.7,30,2002-09-25T18:35:00,2.0,4.6,1.0,2002-09-25T23:14:00,1.5,2002-09-25T23:06:00,0.0,0.0,5.08,,,,,,,,,,,,,,9.3,,24.8,2002-09-25T18:42:00,,,,21.5,2002-09-25T06:53:00,,,,,,,0.82,2002-09-25T12:00:00,,,,,,,,,,,,,,100,2002-09-25T23:30:00,,,,,,,,,,,,,,,,,,,,,,,,,,,,,,,4.6,,4.23,2002-09-25T12:00:00,,,,4.1,,,0,,3,,3,,0,,0,,0,,1,,0,,0,,1,,1,,1,,0,,3,,0,,1,,2,,2,,2,,0,,1,,0,,0,,0,,1,,0,,0,,0,,0,,0,,0,,0,,0,,2,,0,,0,,0,,0,,,20,,,4.3,2002-09-25T21:03:00,,,0.0,,8.4,,10.9,,0.0,,0.0,,0.0,,0.6,,0.0,,0.0,,1.5,,1.1,,0.4,,0.0,,4.9,,0.0,,3.6,,4.0,,4.7,,5.0,,0.0,,2.3,,0.0,,0.0,,0.0,,1.4,,0.0,,0.0,,0.0,,0.0,,0.0,,0.0,,0.0,,0.0,,4.9,,0.0,,0.0,,0.0,,0.0,
2002-09-26,1010.4,1013.5,1012.2,2002-09-26T00:01:00,1008.7,2002-09-26T14:22:00,26.8,31.5,2002-09-26T14:31:00,23.7,2002-09-26T00:01:00,23.0,80,68,2002-09-26T11:59:00,3.8,10,9.8,30,2002-09-26T14:56:00,0.0,0.0,0.0,,0.0,,8.9,74.4,15.47,,,,,,,,,,,,,,4.9,,25.2,2002-09-26T13:59:00,,,,21.5,2002-09-26T05:49:00,,,,,,,2.39,2002-09-26T13:00:00,,,,,,,,,,,,,,95,2002-09-26T00:45:00,,,,,,,,,,,,,,,,,,,,,,,,,,,,,,,7.8,,10.26,2002-09-26T12:00:00,,,,5.1,,,0,,8,,4,,0,,0,,0,,0,,0,,0,,0,,0,,0,,0,,0,,0,,0,,0,,0,,0,,0,,0,,0,,0,,0,,0,,0,,0,,0,,0,,0,,0,,0,,0,,0,,3,,1,,8,,0,,,20,,,5.5,2002-09-26T07:56:00,,,0.0,,30.3,,14.4,,0.0,,0.0,,0.0,,0.0,,0.0,,0.0,,0.0,,0.0,,0.0,,0.0,,0.0,,0.0,,0.0,,0.0,,0.0,,0.0,,0.0,,0.0,,0.0,,0.0,,0.0,,0.0,,0.0,,0.0,,0.0,,0.0,,0.0,,0.0,,0.0,,0.0,,0.0,,13.6,,4.1,,29.2,,0.0,
2002-09-27,1010.1,1013.1,1011.4,2002-09-27T00:04:00,1008.3,2002-09-27T13:35:00,27.1,32.2,2002-09-27T13:03:00,23.6,2002-09-27T05:09:00,22.3,76,59,2002-09-27T12:56:00,3.4,360,9.6,330,2002-09-27T14:47:00,0.0,0.0,0.0,,0.0,,9.3,77.9,14.97,,,,,,,,,,,,,,2.5,,24.2,2002-09-27T09:58:00,,,,21.1,2002-09-27T03:27:00,,,,,,,2.4,2002-09-27T13:00:00,,,,,,,,,,,,,,89,2002-09-27T05:09:00,,,,,,,,,,,,,,,,,,,,,,,,,,,,,,,8.6,,8.71,2002-09-27T12:00:00,,,,3.8,,,0,,5,,3,,0,,0,,1,,0,,0,,0,,0,,0,,0,,0,,0,,0,,0,,0,,0,,0,,0,,0,,0,,0,,0,,0,,0,,0,,0,,0,,1,,0,,1,,1,,1,,2,,2,,7,,0,,,320,,,6.7,2002-09-27T14:50:00,,,0.0,,14.5,,8.3,,0.0,,0.0,,1.2,,0.0,,0.0,,0.0,,0.0,,0.0,,0.0,,0.0,,0.0,,0.0,,0.0,,0.0,,0.0,,0.0,,0.0,,0.0,,0.0,,0.0,,0.0,,0.0,,0.0,,0.0,,0.0,,0.0,,2.8,,0.0,,3.8,,5.2,,5.5,,8.3,,8.8,,22.0,,0.0,
2002-09-28,1010.2,1013.3,1011.5,2002-09-28T21:52:00,1008.7,2002-09-28T15:15:00,27.5,31.8,2002-09-28T13:28:00,24.5,2002-09-28T06:24:00,22.8,76,59,2002-09-28T13:23:00,2.9,360,9.9,30,2002-09-28T19:20:00,0.0,0.0,0.0,,0.0,,7.0,58.8,12.86,,,,,,,,,,,,,,0.8,,24.8,2002-09-28T12:23:00,,,,21.3,2002-09-28T23:38:00,,,,,,,1.8,2002-09-28T14:00:00,,,,,,,,,,,,,,89,2002-09-28T06:23:00,,,,,,,,,,,,,,,,,,,,,,,,,,,,,,,7.3,,5.89,2002-09-28T13:00:00,,,,3.4,,,0,,3,,4,,0,,0,,0,,2,,0,,0,,0,,0,,1,,0,,0,,0,,0,,0,,0,,0,,0,,0,,0,,0,,0,,0,,0,,0,,0,,1,,1,,1,,0,,2,,0,,1,,3,,5,,0,,,320,,,6.0,2002-09-28T14:04:00,,,0.0,,10.4,,8.8,,0.0,,0.0,,0.0,,2.5,,0.0,,0.0,,0.0,,0.0,,0.9,,0.0,,0.0,,0.0,,0.0,,0.0,,0.0,,0.0,,0.0,,0.0,,0.0,,0.0,,0.0,,0.0,,0.0,,0.0,,0.0,,3.2,,2.2,,3.7,,0.0,,9.8,,0.0,,3.8,,7.3,,17.7,,0.0,
2002-09-29,1009.7,1012.8,1011.0,2002-09-29T00:01:00,1008.3,2002-09-29T14:11:00,27.6,32.4,2002-09-29T12:05:00,24.0,2002-09-29T05:30:00,22.3,74,59,2002-09-29T11:44:00,2.9,10,7.6,320,2002-09-29T14:01:00,0.0,0.0,0.0,,0.0,,10.1,85.0,14.9,,,,,,,,,,,,,,1.9,,24.3,2002-09-29T12:17:00,,,,20.5,2002-09-29T04:31:00,,,,,,,2.3,2002-09-29T13:00:00,,,,,,,,,,,,,,85,2002-09-29T23:18:00,,,,,,,,,,,,,,,,,,,,,,,,,,,,,,,8.4,,8.02,2002-09-29T12:00:00,,,,3.8,,,0,,7,,6,,0,,0,,0,,0,,0,,0,,0,,0,,0,,0,,0,,0,,0,,0,,0,,0,,0,,0,,0,,0,,0,,0,,0,,0,,0,,0,,2,,1,,0,,3,,0,,1,,3,,1,,0,,,300,,,4.6,2002-09-29T13:45:00,,,0.0,,18.8,,17.9,,0.0,,0.0,,0.0,,0.0,,0.0,,0.0,,0.0,,0.0,,0.0,,0.0,,0.0,,0.0,,0.0,,0.0,,0.0,,0.0,,0.0,,0.0,,0.0,,0.0,,0.0,,0.0,,0.0,,0.0,,0.0,,0.0,,6.0,,3.6,,0.0,,9.6,,0.0,,3.4,,8.1,,3.0,,0.0,
2002-09-30,1009.0,1012.0,1010.7,2002-09-30T08:34:00,1006.8,2002-09-30T14:54:00,27.8,32.3,2002-09-30T14:06:00,25.0,2002-09-30T05:55:00,22.9,75,62,2002-09-30T12:21:00,2.1,360,9.8,350,2002-09-30T15:53:00,0.0,0.0,0.0,,0.0,,7.9,66.6,13.94,,,,,,,,,,,,,,1.9,,24.9,2002-09-30T15:27:00,,,,21.1,2002-09-30T19:38:00,,,,,,,2.32,2002-09-30T13:00:00,,,,,,,,,,,,,,88,2002-09-30T05:33:00,,,,,,,,,,,,,,,,,,,,,,,,,,,,,,,7.3,,8.28,2002-09-30T13:00:00,,,,4.0,,,0,,2,,1,,2,,1,,0,,0,,0,,1,,0,,1,,0,,0,,0,,0,,0,,2,,0,,0,,1,,0,,0,,0,,1,,0,,1,,3,,0,,0,,0,,0,,1,,0,,2,,2,,0,,3,,0,,,320,,,6.5,2002-09-30T15:53:00,,,0.0,,3.5,,3.4,,2.0,,0.3,,0.0,,0.0,,0.0,,0.6,,0.0,,1.3,,0.0,,0.0,,0.0,,0.0,,0.0,,2.5,,0.0,,0.0,,0.3,,0.0,,0.0,,0.0,,1.7,,0.0,,3.0,,3.6,,0.0,,0.0,,0.0,,0.0,,3.5,,0.0,,8.6,,7.4,,0.0,,8.9,,0.0,
2002-10-01,1008.9,1012.0,1010.2,2002-10-01T08:53:00,1007.3,2002-10-01T15:12:00,27.6,31.1,2002-10-01T12:45:00,25.7,2002-10-01T01:30:00,22.5,74,64,2002-10-01T13:12:00,1.8,130,6.6,270,2002-10-01T12:01:00,0.0,0.0,0.0,,0.0,,1.9,16.0,10.28,,,,,,,,,,,,,,7.6,,24.3,2002-10-01T12:09:00,,,,21.6,2002-10-01T00:01:00,,,,,,,2.16,2002-10-01T13:00:00,,,,,,,,,,,,,,81,2002-10-01T23:18:00,,,,,,,,,,,,,,,,,,,,,,,,,,,,,,,5.4,,7.87,2002-10-01T13:00:00,,,,5.0,,,2,,2,,1,,0,,0,,0,,0,,0,,0,,0,,1,,0,,0,,2,,1,,0,,0,,0,,0,,0,,0,,0,,0,,0,,0,,1,,2,,1,,2,,1,,1,,2,,1,,1,,2,,1,,0,,0,,,240,,,3.7,2002-10-01T14:32:00,,,0.4,,3.5,,2.0,,0.0,,0.0,,0.0,,0.0,,0.0,,0.0,,0.0,,2.3,,0.0,,0.0,,4.8,,2.2,,0.0,,0.0,,0.0,,0.0,,0.0,,0.0,,0.0,,0.0,,0.0,,0.0,,3.1,,3.9,,2.7,,2.9,,0.7,,0.3,,3.1,,3.1,,2.3,,2.9,,2.4,,0.0,,0.0,
2002-10-02,1009.9,1013.0,1011.3,2002-10-02T09:07:00,1008.8,2002-10-02T01:51:00,27.7,30.5,2002-10-02T13:30:00,26.2,2002-10-02T06:06:00,23.1,76,56,2002-10-02T13:30:00,1.9,130,5.7,260,2002-10-02T13:14:00,0.0,0.0,0.0,,0.0,,0.3,2.5,6.44,,,,,,,,,,,,,,9.4,,24.3,2002-10-02T12:53:00,,,,20.8,2002-10-02T13:30:00,,,,,,,0.89,2002-10-02T14:00:00,,,,,,,,,,,,,,85,2002-10-02T05:45:00,,,,,,,,,,,,,,,,,,,,,,,,,,,,,,,4.3,,3.95,2002-10-02T13:00:00,,,,3.6,,,0,,0,,0,,0,,1,,2,,0,,0,,0,,0,,1,,0,,1,,5,,3,,0,,2,,1,,2,,0,,1,,1,,0,,0,,0,,1,,0,,2,,0,,0,,0,,0,,0,,0,,0,,0,,0,,1,,,100,,,3.4,2002-10-02T17:20:00,,,0.0,,0.0,,0.0,,0.0,,1.1,,3.4,,0.0,,0.0,,0.0,,0.0,,2.0,,0.0,,1.5,,8.2,,7.8,,0.0,,2.7,,2.3,,4.0,,0.0,,2.4,,2.0,,0.0,,0.0,,0.0,,2.5,,0.0,,3.6,,0.0,,0.0,,0.0,,0.0,,0.0,,0.0,,0.0,,0.0,,0.0,,1.5,
2002-10-03,1011.2,1014.3,1012.8,2002-10-03T21:20:00,1009.8,2002-10-03T13:55:00,28.6,32.6,2002-10-03T12:46:00,25.4,2002-10-03T05:58:00,22.3,69,56,2002-10-03T13:07:00,2.5,320,9.5,330,2002-10-03T14:47:00,0.0,0.0,0.0,,0.0,,9.2,78.0,13.7,,,,,,,,,,,,,,1.8,,23.9,2002-10-03T10:04:00,,,,19.4,2002-10-03T19:16:00,,,,,,,2.12,2002-10-03T13:00:00,,,,,,,,,,,,,,83,2002-10-03T01:08:00,,,,,,,,,,,,,,,,,,,,,,,,,,,,,,,7.2,,7.5,2002-10-03T12:00:00,,,,4.5,,,1,,1,,3,,0,,1,,0,,0,,0,,0,,2,,3,,0,,0,,1,,0,,0,,0,,0,,0,,0,,0,,0,,0,,0,,0,,0,,0,,0,,0,,0,,2,,0,,4,,1,,1,,4,,0,,0,,,320,,,6.4,2002-10-03T15:00:00,,,0.2,,2.0,,5.4,,0.0,,0.6,,0.0,,0.0,,0.0,,0.0,,2.3,,4.7,,0.0,,0.0,,1.4,,0.0,,0.0,,0.0,,0.0,,0.0,,0.0,,0.0,,0.0,,0.0,,0.0,,0.0,,0.0,,0.0,,0.0,,0.0,,0.0,,6.7,,0.0,,19.9,,2.5,,3.0,,12.0,,0.0,,0.0,
2002-10-04,1011.2,1014.3,1012.8,2002-10-04T08:31:00,1009.3,2002-10-04T14:16:00,28.4,32.0,2002-10-04T11:40:00,25.2,2002-10-04T06:01:00,23.2,74,60,2002-10-04T15:05:00,2.3,310,7.7,310,2002-10-04T12:32:00,0.0,0.0,0.0,,0.0,,10.3,87.5,14.1,,,,,,,,,,,,,,0.3,,24.8,2002-10-04T11:24:00,,,,21.4,2002-10-04T21:01:00,,,,,,,2.1,2002-10-04T12:00:00,,,,,,,,,,,,,,87,2002-10-04T23:27:00,,,,,,,,,,,,,,,,,,,,,,,,,,,,,,,6.8,,7.56,2002-10-04T12:00:00,,,,3.5,,,0,,3,,4,,0,,0,,1,,0,,1,,1,,1,,0,,0,,0,,0,,0,,0,,0,,0,,0,,0,,0,,0,,0,,0,,0,,0,,0,,0,,1,,1,,2,,5,,2,,0,,0,,0,,2,,0,,,310,,,4.7,2002-10-04T12:43:00,,,0.0,,5.7,,7.7,,0.0,,0.0,,0.7,,0.0,,1.5,,0.9,,1.9,,0.0,,0.0,,0.0,,0.0,,0.0,,0.0,,0.0,,0.0,,0.0,,0.0,,0.0,,0.0,,0.0,,0.0,,0.0,,0.0,,0.0,,0.0,,1.6,,3.2,,6.8,,17.0,,4.6,,0.0,,0.0,,0.0,,4.2,,0.0,
2002-10-05,1009.8,1012.8,1011.5,2002-10-05T07:45:00,1007.5,2002-10-05T14:34:00,28.6,32.5,2002-10-05T12:09:00,25.4,2002-10-05T05:56:00,23.2,73,58,2002-10-05T17:19:00,1.8,310,7.3,310,2002-10-05T14:21:00,0.0,0.0,0.0,,0.0,,9.5,80.8,14.23,,,,,,,,,,,,,,3.5,,25.4,2002-10-05T12:16:00,,,,20.8,2002-10-05T17:22:00,,,,,,,2.17,2002-10-05T12:00:00,,,,,,,,,,,,,,89,2002-10-05T00:41:00,,,,,,,,,,,,,,,,,,,,,,,,,,,,,,,7.1,,7.36,2002-10-05T13:00:00,,,,4.5,,,1,,1,,1,,1,,1,,2,,1,,1,,0,,1,,2,,0,,0,,0,,0,,0,,0,,0,,0,,0,,0,,0,,0,,0,,0,,0,,0,,2,,0,,1,,4,,4,,0,,0,,0,,0,,1,,0,,,310,,,4.8,2002-10-05T14:00:00,,,0.1,,1.8,,1.4,,1.6,,0.5,,1.1,,0.6,,0.8,,0.0,,0.8,,2.9,,0.0,,0.0,,0.0,,0.0,,0.0,,0.0,,0.0,,0.0,,0.0,,0.0,,0.0,,0.0,,0.0,,0.0,,0.0,,0.0,,5.7,,0.0,,3.4,,8.6,,12.1,,0.0,,0.0,,0.0,,0.0,,1.9,,0.0,
2002-10-06,1008.7,1011.8,1010.3,2002-10-06T09:11:00,1007.0,2002-10-06T14:27:00,26.9,33.1,2002-10-06T12:23:00,21.2,2002-10-06T23:35:00,21.7,74,51,2002-10-06T15:17:00,4.5,10,19.7,90,2002-10-06T19:19:00,0.0,0.0,0.0,,0.0,,9.1,77.6,14.16,,,,,,,,,,,,,,3.3,,25.0,2002-10-06T13:13:00,,,,17.4,2002-10-06T21:57:00,,,,,,,2.26,2002-10-06T12:00:00,,,,,,,,,,,,,,90,2002-10-06T05:37:00,,,,,,,,,,,,,,,,,,,,,,,,,,,,,,,11.9,,8.09,2002-10-06T12:00:00,,,,5.1,,,0,,9,,4,,0,,0,,1,,1,,0,,0,,0,,0,,0,,0,,0,,0,,0,,0,,0,,0,,0,,0,,0,,0,,0,,0,,0,,0,,0,,0,,0,,0,,0,,1,,3,,0,,0,,5,,0,,,10,,,10.7,2002-10-06T19:01:00,,,0.0,,54.3,,9.8,,0.0,,0.0,,0.5,,0.8,,0.0,,0.0,,0.0,,0.0,,0.0,,0.0,,0.0,,0.0,,0.0,,0.0,,0.0,,0.0,,0.0,,0.0,,0.0,,0.0,,0.0,,0.0,,0.0,,0.0,,0.0,,0.0,,0.0,,0.0,,0.0,,5.5,,12.1,,0.0,,0.0,,25.7,,0.0,
2002-10-07,1009.8,1012.9,1011.7,2002-10-07T23:00:00,1007.8,2002-10-07T13:46:00,24.4,30.3,2002-10-07T12:35:00,20.9,2002-10-07T02:41:00,18.8,72,56,2002-10-07T14:49:00,4.7,10,11.9,30,2002-10-07T20:23:00,0.0,0.0,0.0,,0.0,,3.4,29.0,10.43,,,,,,,,,,,,,,6.8,,21.6,2002-10-07T12:18:00,,,,17.2,2002-10-07T06:22:00,,,,,,,1.94,2002-10-07T13:00:00,,,,,,,,,,,,,,82,2002-10-07T02:10:00,,,,,,,,,,,,,,,,,,,,,,,,,,,,,,,9.4,,7.01,2002-10-07T13:00:00,,,,6.0,,,0,,10,,4,,0,,0,,0,,0,,0,,0,,0,,0,,0,,0,,0,,0,,0,,0,,0,,0,,0,,0,,0,,0,,0,,0,,0,,0,,0,,0,,0,,0,,0,,0,,0,,0,,1,,9,,0,,,10,,,6.6,2002-10-07T01:42:00,,,0.0,,47.0,,18.0,,0.0,,0.0,,0.0,,0.0,,0.0,,0.0,,0.0,,0.0,,0.0,,0.0,,0.0,,0.0,,0.0,,0.0,,0.0,,0.0,,0.0,,0.0,,0.0,,0.0,,0.0,,0.0,,0.0,,0.0,,0.0,,0.0,,0.0,,0.0,,0.0,,0.0,,0.0,,0.0,,4.3,,43.5,,0.0,
2002-10-08,1010.6,1013.7,1012.0,2002-10-08T08:36:00,1008.5,2002-10-08T14:22:00,24.6,29.9,2002-10-08T14:17:00,21.8,2002-10-08T04:47:00,18.8,71,59,2002-10-08T14:15:00,4.9,10,11.2,40,2002-10-08T18:16:00,0.0,0.0,0.0,,0.0,,6.0,51.3,12.44,,,,,,,,,,,,,,6.5,,21.2,2002-10-08T14:19:00,,,,17.1,2002-10-08T21:53:00,,,,,,,2.05,2002-10-08T12:00:00,,,,,,,,,,,,,,81,2002-10-08T06:12:00,,,,,,,,,,,,,,,,,,,,,,,,,,,,,,,8.1,,7.34,2002-10-08T12:00:00,,,,6.3,,,0,,15,,2,,0,,0,,0,,0,,0,,0,,0,,0,,0,,0,,0,,0,,0,,0,,0,,0,,0,,0,,0,,0,,0,,0,,0,,0,,0,,0,,0,,0,,0,,0,,0,,0,,1,,6,,0,,,360,,,6.6,2002-10-08T11:44:00,,,0.0,,70.6,,8.0,,0.0,,0.0,,0.0,,0.0,,0.0,,0.0,,0.0,,0.0,,0.0,,0.0,,0.0,,0.0,,0.0,,0.0,,0.0,,0.0,,0.0,,0.0,,0.0,,0.0,,0.0,,0.0,,0.0,,0.0,,0.0,,0.0,,0.0,,0.0,,0.0,,0.0,,0.0,,0.0,,4.7,,33.5,,0.0,
2002-10-09,1010.5,1013.6,1012.5,2002-10-09T09:10:00,1009.0,2002-10-09T15:40:00,25.6,31.4,2002-10-09T12:39:00,20.9,2002-10-09T05:53:00,19.8,71,56,2002-10-09T12:39:00,3.9,20,8.9,40,2002-10-09T01:39:00,0.0,0.0,0.0,,0.0,,6.6,56.6,15.79,,,,,,,,,,,,,,6.8,,21.8,2002-10-09T12:40:00,,,,17.2,2002-10-09T04:33:00,,,,,,,2.72,2002-10-09T12:00:00,,,,,,,,,,,,,,81,2002-10-09T05:53:00,,,,,,,,,,,,,,,,,,,,,,,,,,,,,,,10.5,,6.91,2002-10-09T12:00:00,,,,8.5,,,0,,5,,7,,0,,0,,0,,0,,0,,0,,0,,0,,0,,0,,0,,0,,0,,0,,0,,0,,0,,0,,0,,0,,0,,0,,0,,0,,0,,0,,1,,0,,1,,0,,2,,1,,2,,5,,0,,,20,,,5.9,2002-10-09T01:44:00,,,0.0,,16.7,,30.1,,0.0,,0.0,,0.0,,0.0,,0.0,,0.0,,0.0,,0.0,,0.0,,0.0,,0.0,,0.0,,0.0,,0.0,,0.0,,0.0,,0.0,,0.0,,0.0,,0.0,,0.0,,0.0,,0.0,,0.0,,0.0,,0.0,,3.7,,0.0,,4.7,,0.0,,6.6,,4.1,,9.5,,17.5,,0.0,
2002-10-10,1010.1,1013.2,1011.8,2002-10-10T09:02:00,1008.8,2002-10-10T14:46:00,26.2,30.9,2002-10-10T12:32:00,22.7,2002-10-10T05:46:00,21.7,77,61,2002-10-10T13:26:00,2.8,360,7.5,30,2002-10-10T19:09:00,0.0,0.0,0.0,,0.0,,6.9,59.3,16.3,,,,,,,,,,,,,,5.4,,23.5,2002-10-10T12:14:00,,,,20.3,2002-10-10T00:01:00,,,,,,,2.45,2002-10-10T13:00:00,,,,,,,,,,,,,,90,2002-10-10T06:02:00,,,,,,,,,,,,,,,,,,,,,,,,,,,,,,,8.2,,6.54,2002-10-10T13:00:00,,,,6.5,,,0,,7,,2,,0,,0,,0,,0,,0,,0,,0,,0,,0,,0,,0,,0,,0,,0,,0,,0,,0,,0,,0,,0,,0,,0,,0,,0,,0,,0,,1,,1,,2,,2,,1,,0,,1,,7,,0,,,360,,,4.8,2002-10-10T17:42:00,,,0.0,,17.7,,5.6,,0.0,,0.0,,0.0,,0.0,,0.0,,0.0,,0.0,,0.0,,0.0,,0.0,,0.0,,0.0,,0.0,,0.0,,0.0,,0.0,,0.0,,0.0,,0.0,,0.0,,0.0,,0.0,,0.0,,0.0,,0.0,,0.0,,2.6,,2.4,,7.4,,5.9,,2.6,,0.0,,3.1,,19.8,,0.0,
2002-10-11,1008.3,1011.4,1010.0,2002-10-11T00:01:00,1006.5,2002-10-11T14:48:00,27.1,31.8,2002-10-11T12:08:00,23.6,2002-10-11T04:12:00,22.9,78,61,2002-10-11T12:08:00,2.0,250,6.1,250,2002-10-11T12:43:00,0.0,0.0,0.0,,0.0,,8.9,76.6,18.49,,,,,,,,,,,,,,3.4,,24.4,2002-10-11T10:08:00,,,,20.9,2002-10-11T02:02:00,,,,,,,3.0,2002-10-11T12:00:00,,,,,,,,,,,,,,87,2002-10-11T04:27:00,,,,,,,,,,,,,,,,,,,,,,,,,,,,,,,8.2,,7.94,2002-10-11T12:00:00,,,,4.5,,,2,,0,,0,,1,,0,,1,,0,,0,,0,,1,,1,,0,,0,,1,,0,,0,,0,,0,,0,,0,,0,,0,,0,,0,,3,,3,,1,,1,,0,,0,,0,,2,,2,,0,,1,,3,,1,,0,,,270,,,4.1,2002-10-11T15:32:00,,,0.3,,0.0,,0.0,,1.8,,0.0,,1.1,,0.0,,0.0,,0.0,,0.9,,1.8,,0.0,,0.0,,1.9,,0.0,,0.0,,0.0,,0.0,,0.0,,0.0,,0.0,,0.0,,0.0,,0.0,,8.1,,8.5,,3.4,,1.3,,0.0,,0.0,,0.0,,4.1,,4.4,,0.0,,1.9,,5.8,,2.0,,0.0,
2002-10-12,1007.8,1010.9,1009.0,2002-10-12T08:38:00,1006.5,2002-10-12T02:35:00,28.0,31.8,2002-10-12T11:57:00,25.5,2002-10-12T05:31:00,24.1,80,65,2002-10-12T11:57:00,2.0,280,8.3,330,2002-10-12T15:35:00,0.0,0.0,0.0,,0.0,,9.2,79.3,18.28,,,,,,,,,,,,,,2.8,,25.5,2002-10-12T14:04:00,,,,22.7,2002-10-12T00:07:00,,,,,,,2.81,2002-10-12T13:00:00,,,,,,,,,,,,,,87,2002-10-12T04:47:00,,,,,,,,,,,,,,,,,,,,,,,,,,,,,,,6.3,,6.81,2002-10-12T13:00:00,,,,4.6,,,3,,1,,0,,0,,0,,0,,0,,0,,0,,0,,0,,0,,0,,3,,1,,1,,0,,0,,2,,1,,0,,0,,0,,1,,0,,0,,0,,1,,3,,0,,0,,2,,1,,0,,1,,2,,1,,0,,,310,,,5.7,2002-10-12T15:26:00,,,0.6,,1.4,,0.0,,0.0,,0.0,,0.0,,0.0,,0.0,,0.0,,0.0,,0.0,,0.0,,0.0,,4.3,,1.8,,1.4,,0.0,,0.0,,1.5,,1.3,,0.0,,0.0,,0.0,,1.6,,0.0,,0.0,,0.0,,2.2,,7.2,,0.0,,0.0,,9.1,,4.1,,0.0,,4.1,,5.2,,2.2,,0.0,
2002-10-13,1008.9,1011.9,1010.5,2002-10-13T22:20:00,1007.5,2002-10-13T14:06:00,27.9,31.5,2002-10-13T13:24:00,25.4,2002-10-13T06:14:00,24.2,81,71,2002-10-13T10:16:00,2.1,310,8.3,350,2002-10-13T14:49:00,0.0,0.0,0.0,,0.0,,8.3,71.7,17.35,,,,,,,,,,,,,,2.1,,25.7,2002-10-13T13:24:00,,,,23.0,2002-10-13T04:23:00,,,,,,,2.72,2002-10-13T12:00:00,,,,,,,,,,,,,,91,2002-10-13T06:33:00,,,,,,,,,,,,,,,,,,,,,,,,,,,,,,,6.1,,6.64,2002-10-13T12:00:00,,,,4.3,,,2,,2,,0,,0,,1,,0,,2,,0,,0,,0,,2,,0,,0,,0,,0,,0,,0,,0,,0,,2,,1,,0,,1,,0,,0,,0,,0,,0,,0,,0,,1,,3,,3,,1,,3,,0,,0,,0,,,320,,,5.1,2002-10-13T14:56:00,,,0.3,,4.7,,0.0,,0.0,,1.1,,0.0,,2.4,,0.0,,0.0,,0.0,,3.1,,0.0,,0.0,,0.0,,0.0,,0.0,,0.0,,0.0,,0.0,,2.7,,2.3,,0.0,,1.4,,0.0,,0.0,,0.0,,0.0,,0.0,,0.0,,0.0,,3.4,,11.4,,7.3,,4.5,,5.6,,0.0,,0.0,,0.0,
2002-10-14,1010.7,1013.8,1012.0,2002-10-14T21:01:00,1009.3,2002-10-14T14:19:00,27.9,31.1,2002-10-14T12:29:00,25.8,2002-10-14T05:36:00,23.4,77,67,2002-10-14T14:13:00,2.2,130,7.8,280,2002-10-14T13:55:00,0.0,0.0,0.0,,0.0,,8.6,74.4,17.74,,,,,,,,,,,,,,3.3,,24.8,2002-10-14T11:37:00,,,,22.0,2002-10-14T23:34:00,,,,,,,2.95,2002-10-14T13:00:00,,,,,,,,,,,,,,87,2002-10-14T03:47:00,,,,,,,,,,,,,,,,,,,,,,,,,,,,,,,5.3,,7.4,2002-10-14T13:00:00,,,,6.5,,,0,,0,,0,,0,,0,,0,,0,,0,,0,,0,,0,,1,,0,,8,,1,,2,,0,,1,,0,,0,,1,,0,,0,,0,,1,,1,,2,,0,,1,,1,,0,,2,,0,,0,,0,,1,,1,,0,,,260,,,4.9,2002-10-14T13:57:00,,,0.0,,0.0,,0.0,,0.0,,0.0,,0.0,,0.0,,0.0,,0.0,,0.0,,0.0,,1.2,,0.0,,14.1,,1.7,,2.5,,0.0,,1.6,,0.0,,0.0,,1.0,,0.0,,0.0,,0.0,,3.2,,4.5,,5.6,,0.0,,4.1,,3.5,,0.0,,7.0,,0.0,,0.0,,0.0,,2.5,,1.4,,0.0,
2002-10-15,1012.3,1015.4,1014.3,2002-10-15T08:47:00,1010.5,2002-10-15T15:10:00,27.8,31.6,2002-10-15T14:22:00,25.3,2002-10-15T04:49:00,23.0,76,61,2002-10-15T14:43:00,2.3,310,8.1,330,2002-10-15T14:28:00,0.0,0.0,0.0,,0.0,,8.2,71.1,17.55,,,,,,,,,,,,,,1.9,,24.2,2002-10-15T11:55:00,,,,21.6,2002-10-15T05:03:00,,,,,,,2.99,2002-10-15T13:00:00,,,,,,,,,,,,,,84,2002-10-15T23:52:00,,,,,,,,,,,,,,,,,,,,,,,,,,,,,,,6.3,,7.04,2002-10-15T13:00:00,,,,6.0,,,0,,4,,1,,0,,0,,1,,1,,0,,1,,1,,1,,0,,0,,1,,3,,1,,0,,0,,0,,0,,0,,0,,0,,0,,0,,0,,0,,0,,0,,2,,0,,4,,0,,0,,2,,1,,0,,0,,,310,,,5.2,2002-10-15T14:55:00,,,0.0,,8.0,,3.0,,0.0,,0.0,,1.0,,1.0,,0.0,,1.4,,1.1,,1.2,,0.0,,0.0,,0.3,,4.2,,1.0,,0.0,,0.0,,0.0,,0.0,,0.0,,0.0,,0.0,,0.0,,0.0,,0.0,,0.0,,0.0,,0.0,,6.4,,0.0,,16.8,,0.0,,0.0,,6.3,,4.0,,0.0,,0.0,
2002-10-16,1012.2,1015.3,1014.3,2002-10-16T07:55:00,1009.8,2002-10-16T14:08:00,27.4,31.3,2002-10-16T12:46:00,24.7,2002-10-16T05:47:00,22.9,77,61,2002-10-16T12:35:00,2.0,10,7.3,300,2002-10-16T14:03:00,0.0,0.0,0.0,,0.0,,6.9,59.9,17.06,,,,,,,,,,,,,,2.8,,23.9,2002-10-16T10:04:00,,,,21.9,2002-10-16T13:10:00,,,,,,,2.82,2002-10-16T12:00:00,,,,,,,,,,,,,,89,2002-10-16T05:47:00,,,,,,,,,,,,,,,,,,,,,,,,,,,,,,,6.6,,6.52,2002-10-16T12:00:00,,,,5.9,,,0,,5,,1,,1,,1,,0,,0,,0,,0,,0,,0,,0,,0,,0,,0,,1,,0,,2,,0,,0,,0,,0,,0,,0,,0,,0,,0,,1,,2,,1,,2,,2,,1,,0,,1,,1,,2,,0,,,300,,,4.5,2002-10-16T15:32:00,,,0.0,,6.0,,1.4,,0.9,,0.6,,0.0,,0.0,,0.0,,0.0,,0.0,,0.0,,0.0,,0.0,,0.0,,0.0,,1.1,,0.0,,2.5,,0.0,,0.0,,0.0,,0.0,,0.0,,0.0,,0.0,,0.0,,0.0,,3.5,,6.6,,4.1,,7.7,,3.9,,2.3,,0.0,,3.0,,2.0,,3.4,,0.0,
2002-10-17,1009.9,1013.0,1011.8,2002-10-17T08:56:00,1008.3,2002-10-17T14:50:00,27.2,30.5,2002-10-17T12:34:00,25.0,2002-10-17T06:00:00,22.7,77,65,2002-10-17T12:34:00,2.1,250,7.6,290,2002-10-17T12:09:00,0.0,0.0,0.0,,0.0,,7.7,67.0,17.78,,,,,,,,,,,,,,2.3,,24.0,2002-10-17T09:32:00,,,,21.6,2002-10-17T06:02:00,,,,,,,2.83,2002-10-17T12:00:00,,,,,,,,,,,,,,84,2002-10-17T01:36:00,,,,,,,,,,,,,,,,,,,,,,,,,,,,,,,5.5,,6.78,2002-10-17T12:00:00,,,,7.4,,,1,,2,,1,,1,,0,,0,,0,,0,,0,,0,,0,,0,,2,,1,,2,,0,,0,,0,,1,,1,,0,,1,,0,,0,,0,,3,,1,,2,,1,,0,,1,,0,,1,,0,,0,,0,,2,,0,,,270,,,4.3,2002-10-17T13:10:00,,,0.2,,4.9,,1.2,,0.8,,0.0,,0.0,,0.0,,0.0,,0.0,,0.0,,0.0,,0.0,,3.0,,2.2,,1.9,,0.0,,0.0,,0.0,,0.9,,0.9,,0.0,,2.3,,0.0,,0.0,,0.0,,8.5,,3.2,,7.2,,1.6,,0.0,,3.7,,0.0,,2.0,,0.0,,0.0,,0.0,,4.8,,0.0,
2002-10-18,1007.8,1010.9,1009.3,2002-10-18T07:54:00,1006.0,2002-10-18T15:01:00,27.9,32.3,2002-10-18T11:05:00,24.5,2002-10-18T05:32:00,23.3,76,61,2002-10-18T10:59:00,2.3,260,8.5,280,2002-10-18T13:20:00,0.0,0.0,0.0,,0.0,,9.5,82.8,17.76,,,,,,,,,,,,,,4.1,,24.8,2002-10-18T14:45:00,,,,21.5,2002-10-18T06:09:00,,,,,,,2.73,2002-10-18T12:00:00,,,,,,,,,,,,,,86,2002-10-18T05:16:00,,,,,,,,,,,,,,,,,,,,,,,,,,,,,,,7.8,,6.13,2002-10-18T12:00:00,,,,8.3,,,0,,2,,2,,0,,0,,1,,3,,0,,0,,0,,1,,0,,0,,0,,2,,0,,0,,0,,1,,0,,0,,0,,0,,1,,2,,0,,3,,1,,0,,1,,0,,1,,0,,0,,0,,2,,1,,0,,,260,,,5.2,2002-10-18T13:46:00,,,0.0,,3.9,,3.5,,0.0,,0.0,,2.0,,4.8,,0.0,,0.0,,0.0,,1.6,,0.0,,0.0,,0.0,,5.0,,0.0,,0.0,,0.0,,3.0,,0.0,,0.0,,0.0,,0.0,,4.4,,5.3,,0.0,,12.8,,1.6,,0.0,,1.9,,0.0,,1.1,,0.0,,0.0,,0.0,,3.2,,1.1,,0.0,
2002-10-19,1007.5,1010.6,1009.0,2002-10-19T21:45:00,1006.0,2002-10-19T15:05:00,28.4,32.0,2002-10-19T11:20:00,26.0,2002-10-19T04:04:00,23.9,77,64,2002-10-19T12:39:00,2.7,330,9.2,340,2002-10-19T13:37:00,0.0,0.0,0.0,,0.0,,9.3,81.2,18.32,,,,,,,,,,,,,,1.5,,25.5,2002-10-19T11:36:00,,,,22.7,2002-10-19T20:11:00,,,,,,,2.92,2002-10-19T13:00:00,,,,,,,,,,,,,,87,2002-10-19T04:04:00,,,,,,,,,,,,,,,,,,,,,,,,,,,,,,,6.0,,7.4,2002-10-19T13:00:00,,,,6.0,,,0,,5,,2,,1,,2,,0,,0,,0,,0,,0,,1,,0,,0,,0,,0,,0,,0,,0,,0,,0,,0,,0,,0,,0,,0,,0,,0,,0,,0,,0,,0,,2,,1,,5,,0,,2,,3,,0,,,310,,,6.2,2002-10-19T15:38:00,,,0.0,,11.0,,4.2,,0.8,,2.1,,0.0,,0.0,,0.0,,0.0,,0.0,,1.9,,0.0,,0.0,,0.0,,0.0,,0.0,,0.0,,0.0,,0.0,,0.0,,0.0,,0.0,,0.0,,0.0,,0.0,,0.0,,0.0,,0.0,,0.0,,0.0,,0.0,,9.2,,4.5,,18.4,,0.0,,6.4,,7.0,,0.0,
2002-10-20,1008.6,1011.7,1010.4,2002-10-20T09:22:00,1007.0,2002-10-20T15:14:00,27.8,31.3,2002-10-20T11:56:00,24.5,2002-10-20T06:12:00,22.7,74,62,2002-10-20T11:38:00,2.3,250,6.7,300,2002-10-20T12:28:00,0.0,0.0,0.0,,0.0,,8.6,75.2,17.47,,,,,,,,,,,,,,1.1,,25.4,2002-10-20T09:42:00,,,,21.8,2002-10-20T06:29:00,,,,,,,2.87,2002-10-20T12:00:00,,,,,,,,,,,,,,87,2002-10-20T06:06:00,,,,,,,,,,,,,,,,,,,,,,,,,,,,,,,6.8,,7.53,2002-10-20T12:00:00,,,,4.5,,,0,,3,,1,,2,,1,,0,,1,,0,,0,,0,,0,,0,,0,,0,,1,,0,,0,,0,,0,,1,,0,,0,,0,,0,,0,,3,,0,,0,,1,,0,,2,,2,,1,,1,,1,,2,,1,,0,,,260,,,4.5,2002-10-20T12:54:00,,,0.0,,5.0,,2.0,,2.9,,1.1,,0.0,,1.4,,0.0,,0.0,,0.0,,0.0,,0.0,,0.0,,0.0,,1.3,,0.0,,0.0,,0.0,,0.0,,1.8,,0.0,,0.0,,0.0,,0.0,,0.0,,10.7,,0.0,,0.0,,3.8,,0.0,,4.8,,5.7,,2.8,,1.6,,2.1,,5.0,,2.1,,0.0,
2002-10-21,1009.1,1012.2,1010.3,2002-10-21T20:19:00,1007.5,2002-10-21T14:43:00,26.9,30.9,2002-10-21T13:12:00,23.8,2002-10-21T23:46:00,22.1,75,63,2002-10-21T13:10:00,3.4,360,11.3,10,2002-10-21T14:05:00,0.0,0.0,0.0,,0.0,,5.7,50.0,16.33,,,,,,,,,,,,,,6.1,,23.5,2002-10-21T12:29:00,,,,20.1,2002-10-21T23:46:00,,,,,,,2.62,2002-10-21T13:00:00,,,,,,,,,,,,,,84,2002-10-21T05:01:00,,,,,,,,,,,,,,,,,,,,,,,,,,,,,,,7.1,,6.63,2002-10-21T12:00:00,,,,7.0,,,0,,9,,1,,0,,0,,0,,0,,0,,0,,0,,0,,0,,0,,0,,0,,0,,0,,0,,0,,0,,0,,0,,0,,0,,0,,0,,0,,0,,0,,0,,0,,0,,0,,1,,1,,3,,9,,0,,,10,,,6.6,2002-10-21T17:28:00,,,0.0,,27.0,,4.0,,0.0,,0.0,,0.0,,0.0,,0.0,,0.0,,0.0,,0.0,,0.0,,0.0,,0.0,,0.0,,0.0,,0.0,,0.0,,0.0,,0.0,,0.0,,0.0,,0.0,,0.0,,0.0,,0.0,,0.0,,0.0,,0.0,,0.0,,0.0,,0.0,,0.0,,5.6,,3.8,,10.7,,31.4,,0.0,
2002-10-22,1009.6,1012.7,1011.3,2002-10-22T09:07:00,1008.0,2002-10-22T15:09:00,26.2,30.1,2002-10-22T12:16:00,23.4,2002-10-22T01:09:00,22.2,79,69,2002-10-22T14:38:00,2.1,10,7.8,340,2002-10-22T17:07:00,0.0,0.0,0.0,,0.0,,1.0,8.8,9.26,,,,,,,,,,,,,,8.3,,24.2,2002-10-22T12:06:00,,,,20.1,2002-10-22T00:04:00,,,,,,,2.09,2002-10-22T12:00:00,,,,,,,,,,,,,,86,2002-10-22T23:20:00,,,,,,,,,,,,,,,,,,,,,,,,,,,,,,,6.7,,5.17,2002-10-22T12:00:00,,,,7.0,,,2,,5,,2,,1,,1,,0,,0,,1,,0,,0,,0,,0,,0,,0,,0,,0,,0,,0,,1,,1,,0,,0,,0,,0,,0,,0,,0,,0,,0,,1,,1,,0,,2,,2,,0,,2,,2,,0,,,320,,,5.7,2002-10-22T17:15:00,,,0.4,,12.7,,6.4,,1.7,,0.8,,0.0,,0.0,,1.1,,0.0,,0.0,,0.0,,0.0,,0.0,,0.0,,0.0,,0.0,,0.0,,0.0,,1.7,,0.7,,0.0,,0.0,,0.0,,0.0,,0.0,,0.0,,0.0,,0.0,,0.0,,1.8,,2.6,,0.0,,5.8,,5.5,,0.0,,5.7,,3.4,,0.0,
2002-10-23,1009.6,1012.7,1010.8,2002-10-23T09:01:00,1007.8,2002-10-23T14:24:00,25.8,30.5,2002-10-23T13:22:00,22.9,2002-10-23T23:14:00,21.7,78,67,2002-10-23T11:01:00,3.4,360,11.4,30,2002-10-23T17:28:00,0.0,0.0,0.0,,0.0,,7.4,65.1,15.53,,,,,,,,,,,,,,4.9,,24.0,2002-10-23T13:22:00,,,,19.6,2002-10-23T23:39:00,,,,,,,2.42,2002-10-23T13:00:00,,,,,,,,,,,,,,86,2002-10-23T00:40:00,,,,,,,,,,,,,,,,,,,,,,,,,,,,,,,7.6,,5.33,2002-10-23T11:00:00,,,,5.8,,,1,,4,,1,,1,,0,,0,,0,,0,,0,,0,,0,,0,,0,,0,,0,,0,,0,,0,,0,,0,,0,,0,,0,,0,,0,,0,,0,,0,,1,,0,,0,,2,,1,,2,,2,,4,,5,,0,,,10,,,7.1,2002-10-23T17:36:00,,,0.2,,16.6,,1.6,,0.3,,0.0,,0.0,,0.0,,0.0,,0.0,,0.0,,0.0,,0.0,,0.0,,0.0,,0.0,,0.0,,0.0,,0.0,,0.0,,0.0,,0.0,,0.0,,0.0,,0.0,,0.0,,0.0,,0.0,,0.0,,1.6,,0.0,,0.0,,7.1,,4.6,,3.0,,7.9,,12.3,,26.4,,0.0,
2002-10-24,1011.2,1014.3,1013.0,2002-10-24T09:15:00,1009.7,2002-10-24T03:03:00,25.5,30.5,2002-10-24T12:07:00,22.4,2002-10-24T05:49:00,21.1,77,65,2002-10-24T12:07:00,3.6,10,9.7,20,2002-10-24T00:41:00,0.0,0.0,0.0,,0.0,,5.7,50.2,14.4,,,,,,,,,,,,,,6.4,,23.3,2002-10-24T11:28:00,,,,19.5,2002-10-24T00:15:00,,,,,,,2.31,2002-10-24T12:00:00,,,,,,,,,,,,,,87,2002-10-24T07:01:00,,,,,,,,,,,,,,,,,,,,,,,,,,,,,,,8.1,,5.5,2002-10-24T12:00:00,,,,5.8,,,0,,12,,3,,0,,0,,0,,0,,0,,0,,0,,0,,0,,0,,0,,0,,0,,0,,0,,0,,0,,0,,0,,0,,0,,0,,0,,0,,0,,0,,0,,1,,0,,1,,1,,1,,3,,2,,0,,,10,,,6.1,2002-10-24T01:05:00,,,0.0,,43.6,,9.7,,0.0,,0.0,,0.0,,0.0,,0.0,,0.0,,0.0,,0.0,,0.0,,0.0,,0.0,,0.0,,0.0,,0.0,,0.0,,0.0,,0.0,,0.0,,0.0,,0.0,,0.0,,0.0,,0.0,,0.0,,0.0,,0.0,,0.0,,2.2,,0.0,,4.4,,4.3,,3.3,,9.9,,9.0,,0.0,
2002-10-25,1013.3,1016.4,1014.7,2002-10-25T09:30:00,1011.8,2002-10-25T14:56:00,26.3,30.9,2002-10-25T12:10:00,22.9,2002-10-25T06:00:00,22.0,77,64,2002-10-25T11:38:00,2.6,360,9.2,330,2002-10-25T14:24:00,0.0,0.0,0.0,,0.0,,9.7,85.6,16.85,,,,,,,,,,,,,,3.0,,23.4,2002-10-25T10:28:00,,,,20.2,2002-10-25T02:50:00,,,,,,,2.52,2002-10-25T12:00:00,,,,,,,,,,,,,,87,2002-10-25T06:35:00,,,,,,,,,,,,,,,,,,,,,,,,,,,,,,,8.0,,5.87,2002-10-25T12:00:00,,,,7.6,,,0,,3,,3,,0,,0,,0,,0,,0,,0,,0,,0,,0,,0,,0,,0,,0,,0,,0,,0,,0,,0,,0,,0,,0,,0,,0,,0,,0,,0,,1,,1,,0,,3,,2,,1,,4,,6,,0,,,320,,,5.7,2002-10-25T14:29:00,,,0.0,,5.2,,6.9,,0.0,,0.0,,0.0,,0.0,,0.0,,0.0,,0.0,,0.0,,0.0,,0.0,,0.0,,0.0,,0.0,,0.0,,0.0,,0.0,,0.0,,0.0,,0.0,,0.0,,0.0,,0.0,,0.0,,0.0,,0.0,,0.0,,3.4,,4.3,,0.0,,10.5,,5.9,,1.5,,10.0,,14.7,,0.0,
2002-10-26,1012.8,1015.9,1014.3,2002-10-26T00:07:00,1010.7,2002-10-26T14:25:00,25.4,30.5,2002-10-26T12:31:00,22.5,2002-10-26T23:39:00,21.1,78,63,2002-10-26T13:42:00,3.8,10,10.8,20,2002-10-26T15:18:00,0.0,0.0,0.0,,0.0,,6.6,58.4,14.6,,,,,,,,,,,,,,2.9,,23.7,2002-10-26T10:42:00,,,,18.4,2002-10-26T23:36:00,,,,,,,2.23,2002-10-26T11:00:00,,,,,,,,,,,,,,93,2002-10-26T07:22:00,,,,,,,,,,,,,,,,,,,,,,,,,,,,,,,8.0,,4.49,2002-10-26T12:00:00,,,,4.3,,,0,,10,,2,,0,,0,,0,,0,,0,,0,,0,,0,,0,,0,,0,,0,,0,,0,,0,,0,,0,,0,,0,,0,,0,,0,,0,,0,,0,,0,,0,,0,,0,,0,,0,,3,,3,,6,,0,,,350,,,6.6,2002-10-26T14:12:00,,,0.0,,32.5,,7.5,,0.0,,0.0,,0.0,,0.0,,0.0,,0.0,,0.0,,0.0,,0.0,,0.0,,0.0,,0.0,,0.0,,0.0,,0.0,,0.0,,0.0,,0.0,,0.0,,0.0,,0.0,,0.0,,0.0,,0.0,,0.0,,0.0,,0.0,,0.0,,0.0,,0.0,,0.0,,12.4,,15.6,,23.3,,0.0,
2002-10-27,1012.1,1015.2,1013.7,2002-10-27T09:25:00,1010.0,2002-10-27T14:23:00,24.3,28.9,2002-10-27T13:10:00,21.2,2002-10-27T04:20:00,19.3,74,65,2002-10-27T13:02:00,2.5,10,7.2,40,2002-10-27T19:03:00,0.0,0.0,0.0,,0.0,,2.8,24.8,9.53,,,,,,,,,,,,,,7.5,,21.8,2002-10-27T14:37:00,,,,17.6,2002-10-27T02:30:00,,,,,,,1.86,2002-10-27T13:00:00,,,,,,,,,,,,,,82,2002-10-27T07:32:00,,,,,,,,,,,,,,,,,,,,,,,,,,,,,,,7.7,,4.22,2002-10-27T13:00:00,,,,4.0,,,0,,7,,1,,2,,0,,0,,0,,0,,0,,0,,0,,0,,0,,0,,0,,0,,0,,0,,0,,1,,0,,0,,0,,0,,0,,0,,0,,0,,1,,0,,0,,3,,1,,0,,2,,0,,6,,0,,,20,,,4.3,2002-10-27T02:26:00,,,0.0,,19.6,,3.9,,3.5,,0.0,,0.0,,0.0,,0.0,,0.0,,0.0,,0.0,,0.0,,0.0,,0.0,,0.0,,0.0,,0.0,,0.0,,0.0,,0.4,,0.0,,0.0,,0.0,,0.0,,0.0,,0.0,,0.0,,0.0,,1.8,,0.0,,0.0,,6.8,,2.1,,0.0,,4.8,,0.0,,16.3,,0.0,
2002-10-28,1011.8,1014.9,1013.0,2002-10-28T07:29:00,1009.8,2002-10-28T14:26:00,25.2,30.5,2002-10-28T11:50:00,21.2,2002-10-28T06:28:00,19.5,71,52,2002-10-28T12:00:00,3.3,20,9.3,330,2002-10-28T13:33:00,0.0,0.0,0.0,,0.0,,7.2,63.9,15.4,,,,,,,,,,,,,,5.9,,21.6,2002-10-28T13:43:00,,,,17.1,2002-10-28T05:30:00,,,,,,,2.54,2002-10-28T12:00:00,,,,,,,,,,,,,,84,2002-10-28T22:56:00,,,,,,,,,,,,,,,,,,,,,,,,,,,,,,,9.3,,5.42,2002-10-28T12:00:00,,,,4.9,,,0,,4,,7,,2,,1,,0,,0,,0,,0,,0,,0,,0,,0,,0,,0,,0,,0,,0,,0,,0,,0,,0,,0,,0,,0,,0,,0,,0,,0,,0,,0,,1,,3,,0,,1,,3,,2,,0,,,320,,,6.2,2002-10-28T13:49:00,,,0.0,,12.7,,20.7,,5.5,,2.2,,0.0,,0.0,,0.0,,0.0,,0.0,,0.0,,0.0,,0.0,,0.0,,0.0,,0.0,,0.0,,0.0,,0.0,,0.0,,0.0,,0.0,,0.0,,0.0,,0.0,,0.0,,0.0,,0.0,,0.0,,0.0,,0.0,,4.3,,14.2,,0.0,,3.6,,10.0,,6.0,,0.0,
2002-10-29,1011.3,1014.4,1012.7,2002-10-29T22:38:00,1010.0,2002-10-29T13:41:00,25.7,30.3,2002-10-29T11:39:00,22.3,2002-10-29T05:18:00,21.7,79,62,2002-10-29T10:10:00,2.8,10,10.4,20,2002-10-29T21:04:00,0.0,0.0,0.0,,0.0,,7.9,70.2,15.67,,,,,,,,,,,,,,5.1,,23.0,2002-10-29T18:22:00,,,,20.1,2002-10-29T02:14:00,,,,,,,2.4,2002-10-29T13:00:00,,,,,,,,,,,,,,89,2002-10-29T05:20:00,,,,,,,,,,,,,,,,,,,,,,,,,,,,,,,8.0,,5.27,2002-10-29T12:00:00,,,,5.1,,,1,,5,,3,,0,,1,,1,,0,,0,,1,,0,,0,,0,,0,,0,,0,,0,,0,,0,,0,,0,,0,,0,,0,,0,,0,,0,,1,,0,,2,,0,,1,,1,,0,,1,,0,,2,,4,,0,,,10,,,6.5,2002-10-29T20:55:00,,,0.2,,21.8,,6.8,,0.0,,1.2,,1.0,,0.0,,0.0,,0.3,,0.0,,0.0,,0.0,,0.0,,0.0,,0.0,,0.0,,0.0,,0.0,,0.0,,0.0,,0.0,,0.0,,0.0,,0.0,,0.0,,0.0,,4.0,,0.0,,5.8,,0.0,,3.9,,2.5,,0.0,,3.0,,0.0,,5.5,,11.8,,0.0,
2002-10-30,1011.1,1014.2,1012.8,2002-10-30T09:05:00,1009.0,2002-10-30T14:23:00,26.6,32.1,2002-10-30T13:35:00,23.2,2002-10-30T04:58:00,22.9,81,58,2002-10-30T13:25:00,3.5,360,8.9,340,2002-10-30T14:27:00,0.0,0.0,0.0,,0.0,,8.6,76.6,15.9,,,,,,,,,,,,,,5.0,,24.3,2002-10-30T14:09:00,,,,21.6,2002-10-30T05:06:00,,,,,,,2.4,2002-10-30T13:00:00,,,,,,,,,,,,,,93,2002-10-30T06:16:00,,,,,,,,,,,,,,,,,,,,,,,,,,,,,,,8.9,,5.87,2002-10-30T12:00:00,,,,6.0,,,0,,5,,3,,0,,1,,0,,0,,0,,0,,0,,0,,0,,0,,0,,0,,0,,0,,0,,0,,0,,0,,0,,0,,0,,0,,0,,0,,0,,0,,0,,0,,0,,2,,1,,1,,3,,8,,0,,,310,,,6.1,2002-10-30T14:43:00,,,0.0,,15.7,,9.4,,0.0,,1.5,,0.0,,0.0,,0.0,,0.0,,0.0,,0.0,,0.0,,0.0,,0.0,,0.0,,0.0,,0.0,,0.0,,0.0,,0.0,,0.0,,0.0,,0.0,,0.0,,0.0,,0.0,,0.0,,0.0,,0.0,,0.0,,0.0,,0.0,,9.6,,3.0,,3.6,,10.7,,29.4,,0.0,
2002-10-31,1010.5,1013.6,1012.3,2002-10-31T07:22:00,1008.5,2002-10-31T15:27:00,26.4,31.0,2002-10-31T11:24:00,24.3,2002-10-31T04:52:00,23.4,84,67,2002-10-31T10:58:00,4.0,360,11.9,10,2002-10-31T12:36:00,0.0,0.0,0.0,,0.0,,7.8,69.6,15.82,,,,,,,,,,,,,,5.1,,25.2,2002-10-31T11:31:00,,,,22.7,2002-10-31T23:47:00,,,,,,,2.4,2002-10-31T13:00:00,,,,,,,,,,,,,,93,2002-10-31T02:18:00,,,,,,,,,,,,,,,,,,,,,,,,,,,,,,,6.7,,6.52,2002-10-31T12:00:00,,,,4.3,,,0,,6,,3,,1,,0,,0,,0,,0,,0,,0,,0,,0,,0,,0,,0,,0,,0,,0,,0,,0,,0,,0,,0,,0,,0,,0,,0,,0,,0,,0,,0,,0,,0,,2,,1,,5,,6,,0,,,350,,,6.8,2002-10-31T12:00:00,,,0.0,,20.0,,11.4,,2.7,,0.0,,0.0,,0.0,,0.0,,0.0,,0.0,,0.0,,0.0,,0.0,,0.0,,0.0,,0.0,,0.0,,0.0,,0.0,,0.0,,0.0,,0.0,,0.0,,0.0,,0.0,,0.0,,0.0,,0.0,,0.0,,0.0,,0.0,,0.0,,0.0,,10.6,,6.3,,22.7,,22.1,,0.0,
2002-11-01,1011.6,1014.7,1013.8,2002-11-01T22:49:00,1009.5,2002-11-01T14:34:00,25.3,30.4,2002-11-01T13:18:00,21.7,2002-11-01T23:57:00,21.3,79,63,2002-11-01T13:13:00,4.5,10,12.2,40,2002-11-01T17:03:00,0.0,0.0,0.0,,0.0,,7.3,65.2,15.47,,,,,,,,,,,,,,4.3,,23.1,2002-11-01T10:36:00,,,,17.9,2002-11-01T23:53:00,,,,,,,2.46,2002-11-01T11:00:00,,,,,,,,,,,,,,92,2002-11-01T02:59:00,,,,,,,,,,,,,,,,,,,,,,,,,,,,,,,8.7,,6.07,2002-11-01T12:00:00,,,,5.6,,,0,,11,,1,,0,,0,,0,,0,,0,,0,,0,,0,,0,,0,,0,,0,,0,,0,,0,,0,,0,,0,,0,,0,,0,,0,,0,,0,,0,,0,,0,,0,,0,,0,,1,,0,,3,,8,,0,,,350,,,6.4,2002-11-01T15:41:00,,,0.0,,47.7,,3.2,,0.0,,0.0,,0.0,,0.0,,0.0,,0.0,,0.0,,0.0,,0.0,,0.0,,0.0,,0.0,,0.0,,0.0,,0.0,,0.0,,0.0,,0.0,,0.0,,0.0,,0.0,,0.0,,0.0,,0.0,,0.0,,0.0,,0.0,,0.0,,0.0,,0.0,,4.4,,0.0,,15.4,,36.5,,0.0,
2002-11-02,1014.4,1017.5,1016.4,2002-11-02T22:12:00,1012.6,2002-11-02T14:43:00,22.9,27.6,2002-11-02T13:35:00,19.8,2002-11-02T23:59:00,17.4,71,61,2002-11-02T12:43:00,5.0,10,13.7,20,2002-11-02T16:08:00,0.0,0.0,0.0,,0.0,,4.8,43.0,12.93,,,,,,,,,,,,,,7.1,,19.7,2002-11-02T13:47:00,,,,15.3,2002-11-02T23:51:00,,,,,,,2.03,2002-11-02T13:00:00,,,,,,,,,,,,,,81,2002-11-02T05:47:00,,,,,,,,,,,,,,,,,,,,,,,,,,,,,,,7.8,,4.78,2002-11-02T13:00:00,,,,8.0,,,0,,14,,0,,0,,0,,0,,0,,0,,0,,0,,0,,0,,0,,0,,0,,0,,0,,0,,0,,0,,0,,0,,0,,0,,0,,0,,0,,0,,0,,0,,0,,0,,0,,0,,0,,2,,8,,0,,,10,,,7.6,2002-11-02T06:56:00,,,0.0,,68.0,,0.0,,0.0,,0.0,,0.0,,0.0,,0.0,,0.0,,0.0,,0.0,,0.0,,0.0,,0.0,,0.0,,0.0,,0.0,,0.0,,0.0,,0.0,,0.0,,0.0,,0.0,,0.0,,0.0,,0.0,,0.0,,0.0,,0.0,,0.0,,0.0,,0.0,,0.0,,0.0,,0.0,,10.0,,43.0,,0.0,
2002-11-03,1016.7,1019.9,1018.8,2002-11-03T21:06:00,1014.7,2002-11-03T14:27:00,21.0,26.6,2002-11-03T13:53:00,17.7,2002-11-03T06:21:00,14.2,66,52,2002-11-03T13:11:00,5.3,10,14.2,40,2002-11-03T15:45:00,0.0,0.0,0.0,,0.0,,7.8,69.9,15.58,,,,,,,,,,,,,,3.3,,16.0,2002-11-03T13:54:00,,,,9.1,2002-11-03T23:58:00,,,,,,,2.4,2002-11-03T13:00:00,,,,,,,,,,,,,,82,2002-11-03T04:34:00,,,,,,,,,,,,,,,,,,,,,,,,,,,,,,,8.9,,5.55,2002-11-03T12:00:00,,,,4.9,,,0,,13,,0,,0,,0,,0,,0,,0,,0,,0,,0,,0,,0,,0,,0,,0,,0,,0,,0,,0,,0,,0,,0,,0,,0,,0,,0,,0,,0,,0,,0,,0,,0,,0,,0,,1,,10,,0,,,360,,,8.0,2002-11-03T16:23:00,,,0.0,,69.0,,0.0,,0.0,,0.0,,0.0,,0.0,,0.0,,0.0,,0.0,,0.0,,0.0,,0.0,,0.0,,0.0,,0.0,,0.0,,0.0,,0.0,,0.0,,0.0,,0.0,,0.0,,0.0,,0.0,,0.0,,0.0,,0.0,,0.0,,0.0,,0.0,,0.0,,0.0,,0.0,,0.0,,6.0,,52.9,,0.0,
2002-11-04,1017.5,1020.7,1019.2,2002-11-04T09:12:00,1015.5,2002-11-04T14:13:00,20.6,26.3,2002-11-04T13:52:00,16.6,2002-11-04T07:04:00,10.8,54,40,2002-11-04T13:52:00,3.7,10,11.3,40,2002-11-04T00:54:00,0.0,0.0,0.0,,0.0,,7.3,65.5,15.11,,,,,,,,,,,,,,3.4,,14.8,2002-11-04T16:15:00,,,,5.6,2002-11-04T03:15:00,,,,,,,2.4,2002-11-04T13:00:00,,,,,,,,,,,,,,70,2002-11-04T23:47:00,,,,,,,,,,,,,,,,,,,,,,,,,,,,,,,9.7,,5.3,2002-11-04T12:00:00,,,,9.0,,,0,,12,,3,,0,,0,,0,,0,,0,,0,,0,,0,,0,,0,,0,,0,,0,,0,,0,,0,,0,,1,,1,,0,,0,,0,,1,,0,,0,,0,,0,,0,,1,,1,,0,,0,,1,,3,,0,,,10,,,6.9,2002-11-04T01:20:00,,,0.0,,49.1,,12.2,,0.0,,0.0,,0.0,,0.0,,0.0,,0.0,,0.0,,0.0,,0.0,,0.0,,0.0,,0.0,,0.0,,0.0,,0.0,,0.0,,0.0,,2.3,,3.0,,0.0,,0.0,,0.0,,2.6,,0.0,,0.0,,0.0,,0.0,,0.0,,3.7,,2.7,,0.0,,0.0,,3.0,,10.4,,0.0,
2002-11-05,1016.7,1019.9,1018.5,2002-11-05T00:01:00,1014.8,2002-11-05T15:38:00,21.5,26.4,2002-11-05T12:43:00,16.8,2002-11-05T02:28:00,14.3,64,49,2002-11-05T14:01:00,2.2,10,8.5,330,2002-11-05T14:25:00,0.0,0.0,0.0,,0.0,,9.6,86.3,16.07,,,,,,,,,,,,,,0.8,,16.4,2002-11-05T10:49:00,,,,11.5,2002-11-05T03:18:00,,,,,,,2.4,2002-11-05T13:00:00,,,,,,,,,,,,,,74,2002-11-05T05:07:00,,,,,,,,,,,,,,,,,,,,,,,,,,,,,,,9.6,,4.58,2002-11-05T12:00:00,,,,4.9,,,0,,4,,3,,2,,1,,0,,0,,0,,2,,0,,1,,2,,0,,0,,0,,0,,0,,1,,0,,0,,0,,0,,0,,0,,0,,0,,1,,1,,0,,2,,0,,1,,1,,1,,0,,1,,0,,0,,,300,,,5.3,2002-11-05T14:29:00,,,0.0,,9.0,,7.8,,2.5,,0.5,,0.0,,0.0,,0.0,,2.1,,0.0,,1.1,,2.5,,0.0,,0.0,,0.0,,0.0,,0.0,,1.3,,0.0,,0.0,,0.0,,0.0,,0.0,,0.0,,0.0,,0.0,,2.6,,2.8,,0.0,,6.7,,0.0,,4.5,,4.7,,2.9,,0.0,,2.3,,0.0,,0.0,
2002-11-06,1015.1,1018.3,1016.8,2002-11-06T09:00:00,1013.4,2002-11-06T14:52:00,23.8,29.3,2002-11-06T12:16:00,19.7,2002-11-06T04:30:00,15.9,63,39,2002-11-06T11:50:00,2.5,360,9.7,50,2002-11-06T17:08:00,0.0,0.0,0.0,,0.0,,8.4,75.7,15.26,,,,,,,,,,,,,,3.0,,19.6,2002-11-06T17:09:00,,,,13.4,2002-11-06T11:50:00,,,,,,,2.4,2002-11-06T13:00:00,,,,,,,,,,,,,,74,2002-11-06T17:24:00,,,,,,,,,,,,,,,,,,,,,,,,,,,,,,,9.6,,5.64,2002-11-06T12:00:00,,,,5.4,,,0,,3,,2,,0,,1,,2,,1,,1,,2,,0,,0,,0,,0,,0,,0,,0,,0,,0,,0,,0,,0,,0,,0,,0,,0,,0,,0,,0,,0,,0,,0,,0,,2,,0,,1,,4,,5,,0,,,310,,,6.4,2002-11-06T13:04:00,,,0.0,,6.3,,2.5,,0.0,,0.9,,2.4,,0.8,,1.3,,2.6,,0.0,,0.0,,0.0,,0.0,,0.0,,0.0,,0.0,,0.0,,0.0,,0.0,,0.0,,0.0,,0.0,,0.0,,0.0,,0.0,,0.0,,0.0,,0.0,,0.0,,0.0,,0.0,,0.0,,10.1,,0.0,,4.4,,13.3,,14.9,,0.0,
2002-11-07,1013.7,1016.8,1015.2,2002-11-07T00:02:00,1012.0,2002-11-07T14:28:00,24.7,29.7,2002-11-07T12:58:00,21.5,2002-11-07T06:42:00,19.2,72,59,2002-11-07T10:52:00,2.7,330,7.8,340,2002-11-07T14:55:00,0.0,0.0,0.0,,0.0,,4.8,43.3,13.2,,,,,,,,,,,,,,5.0,,22.8,2002-11-07T13:07:00,,,,16.6,2002-11-07T00:04:00,,,,,,,2.34,2002-11-07T13:00:00,,,,,,,,,,,,,,84,2002-11-07T23:57:00,,,,,,,,,,,,,,,,,,,,,,,,,,,,,,,8.2,,5.67,2002-11-07T13:00:00,,,,4.9,,,0,,1,,5,,1,,2,,1,,0,,1,,0,,0,,1,,0,,0,,0,,0,,0,,0,,0,,0,,0,,0,,0,,1,,0,,0,,0,,0,,0,,0,,0,,0,,0,,2,,5,,0,,2,,2,,0,,,310,,,5.0,2002-11-07T15:44:00,,,0.0,,3.1,,12.9,,1.4,,3.5,,1.5,,0.0,,0.6,,0.0,,0.0,,1.1,,0.0,,0.0,,0.0,,0.0,,0.0,,0.0,,0.0,,0.0,,0.0,,0.0,,0.0,,0.5,,0.0,,0.0,,0.0,,0.0,,0.0,,0.0,,0.0,,0.0,,0.0,,6.3,,18.2,,0.0,,9.1,,6.5,,0.0,
2002-11-08,1013.2,1016.4,1015.3,2002-11-08T22:42:00,1011.3,2002-11-08T14:21:00,24.3,30.5,2002-11-08T13:59:00,20.7,2002-11-08T23:55:00,19.6,76,57,2002-11-08T13:37:00,4.0,10,11.7,20,2002-11-08T15:28:00,0.0,0.0,0.0,,0.0,,9.3,84.0,15.61,,,,,,,,,,,,,,0.8,,22.4,2002-11-08T14:12:00,,,,16.2,2002-11-08T23:42:00,,,,,,,2.4,2002-11-08T12:00:00,,,,,,,,,,,,,,93,2002-11-08T06:10:00,,,,,,,,,,,,,,,,,,,,,,,,,,,,,,,9.8,,5.79,2002-11-08T12:00:00,,,,3.1,,,0,,9,,4,,0,,0,,0,,0,,0,,0,,0,,0,,0,,0,,0,,0,,0,,0,,0,,0,,0,,0,,0,,0,,0,,0,,0,,0,,0,,0,,0,,0,,0,,0,,0,,0,,5,,6,,0,,,350,,,6.9,2002-11-08T14:47:00,,,0.0,,30.9,,14.6,,0.0,,0.0,,0.0,,0.0,,0.0,,0.0,,0.0,,0.0,,0.0,,0.0,,0.0,,0.0,,0.0,,0.0,,0.0,,0.0,,0.0,,0.0,,0.0,,0.0,,0.0,,0.0,,0.0,,0.0,,0.0,,0.0,,0.0,,0.0,,0.0,,0.0,,0.0,,0.0,,22.6,,27.0,,0.0,
2002-11-09,1015.3,1018.5,1017.0,2002-11-09T08:56:00,1013.8,2002-11-09T14:52:00,22.9,27.2,2002-11-09T11:30:00,19.0,2002-11-09T05:28:00,16.1,66,53,2002-11-09T08:56:00,2.7,10,8.2,270,2002-11-09T13:37:00,0.0,0.0,0.0,,0.0,,7.1,64.2,14.15,,,,,,,,,,,,,,0.3,,18.8,2002-11-09T11:33:00,,,,10.7,2002-11-09T07:07:00,,,,,,,2.4,2002-11-09T12:00:00,,,,,,,,,,,,,,81,2002-11-09T05:22:00,,,,,,,,,,,,,,,,,,,,,,,,,,,,,,,8.2,,4.7,2002-11-09T12:00:00,,,,4.6,,,0,,7,,3,,0,,0,,0,,0,,0,,0,,0,,0,,0,,0,,0,,0,,0,,0,,0,,0,,0,,0,,0,,0,,2,,1,,2,,1,,0,,2,,0,,1,,1,,0,,0,,1,,1,,2,,0,,,260,,,4.9,2002-11-09T12:33:00,,,0.0,,19.1,,10.6,,0.0,,0.0,,0.0,,0.0,,0.0,,0.0,,0.0,,0.0,,0.0,,0.0,,0.0,,0.0,,0.0,,0.0,,0.0,,0.0,,0.0,,0.0,,0.0,,0.0,,5.6,,3.3,,6.4,,3.4,,0.0,,4.6,,0.0,,2.7,,1.1,,0.0,,0.0,,1.6,,1.9,,3.9,,0.0,
2002-11-10,1015.6,1018.8,1017.6,2002-11-10T08:59:00,1014.0,2002-11-10T14:53:00,23.3,27.5,2002-11-10T12:55:00,20.8,2002-11-10T02:01:00,17.7,71,60,2002-11-10T12:42:00,3.0,20,8.7,320,2002-11-10T14:03:00,0.0,0.0,0.0,,0.0,,5.5,49.8,13.18,,,,,,,,,,,,,,6.1,,19.6,2002-11-10T15:08:00,,,,14.9,2002-11-10T02:37:00,,,,,,,1.96,2002-11-10T11:00:00,,,,,,,,,,,,,,81,2002-11-10T23:49:00,,,,,,,,,,,,,,,,,,,,,,,,,,,,,,,6.7,,3.84,2002-11-10T12:00:00,,,,5.1,,,0,,3,,10,,1,,0,,0,,0,,0,,0,,0,,0,,0,,0,,0,,0,,0,,0,,0,,0,,0,,0,,0,,0,,0,,0,,0,,0,,0,,0,,0,,0,,0,,3,,1,,0,,4,,2,,0,,,310,,,5.6,2002-11-10T14:07:00,,,0.0,,8.7,,24.9,,2.1,,0.0,,0.0,,0.0,,0.0,,0.0,,0.0,,0.0,,0.0,,0.0,,0.0,,0.0,,0.0,,0.0,,0.0,,0.0,,0.0,,0.0,,0.0,,0.0,,0.0,,0.0,,0.0,,0.0,,0.0,,0.0,,0.0,,0.0,,0.0,,13.7,,3.5,,0.0,,13.9,,4.5,,0.0,
2002-11-11,1014.0,1017.2,1016.3,2002-11-11T08:50:00,1011.8,2002-11-11T14:31:00,24.9,30.5,2002-11-11T13:36:00,21.1,2002-11-11T05:27:00,17.7,66,43,2002-11-11T15:05:00,3.0,10,8.2,30,2002-11-11T10:35:00,0.0,0.0,0.0,,0.0,,6.0,54.4,12.75,,,,,,,,,,,,,,4.5,,18.9,2002-11-11T08:37:00,,,,15.8,2002-11-11T15:15:00,,,,,,,2.4,2002-11-11T13:00:00,,,,,,,,,,,,,,84,2002-11-11T01:22:00,,,,,,,,,,,,,,,,,,,,,,,,,,,,,,,9.4,,5.29,2002-11-11T12:00:00,,,,4.9,,,0,,9,,7,,1,,1,,1,,0,,0,,0,,0,,0,,0,,0,,0,,0,,0,,0,,0,,0,,0,,0,,0,,0,,0,,0,,0,,0,,0,,0,,0,,0,,0,,2,,0,,1,,2,,0,,0,,,10,,,5.1,2002-11-11T10:27:00,,,0.0,,27.9,,21.4,,1.5,,1.7,,1.3,,0.0,,0.0,,0.0,,0.0,,0.0,,0.0,,0.0,,0.0,,0.0,,0.0,,0.0,,0.0,,0.0,,0.0,,0.0,,0.0,,0.0,,0.0,,0.0,,0.0,,0.0,,0.0,,0.0,,0.0,,0.0,,0.0,,9.5,,0.0,,3.2,,6.3,,0.0,,0.0,
2002-11-12,1012.1,1015.2,1014.0,2002-11-12T00:01:00,1009.7,2002-11-12T14:48:00,26.1,30.9,2002-11-12T12:03:00,23.1,2002-11-12T06:26:00,18.0,62,44,2002-11-12T11:34:00,3.5,360,11.4,30,2002-11-12T14:41:00,0.0,0.0,0.0,,0.0,,9.7,88.2,15.76,,,,,,,,,,,,,,1.5,,19.9,2002-11-12T18:10:00,,,,16.7,2002-11-12T06:41:00,,,,,,,2.4,2002-11-12T13:00:00,,,,,,,,,,,,,,76,2002-11-12T23:53:00,,,,,,,,,,,,,,,,,,,,,,,,,,,,,,,7.8,,5.32,2002-11-12T12:00:00,,,,5.0,,,0,,6,,2,,1,,0,,0,,1,,0,,0,,0,,1,,0,,0,,0,,0,,0,,0,,0,,0,,0,,0,,0,,0,,0,,0,,0,,0,,0,,0,,0,,0,,0,,0,,1,,1,,4,,7,,0,,,350,,,6.4,2002-11-12T14:47:00,,,0.0,,23.1,,4.4,,1.6,,0.0,,0.0,,0.7,,0.0,,0.0,,0.0,,1.6,,0.0,,0.0,,0.0,,0.0,,0.0,,0.0,,0.0,,0.0,,0.0,,0.0,,0.0,,0.0,,0.0,,0.0,,0.0,,0.0,,0.0,,0.0,,0.0,,0.0,,0.0,,0.0,,5.0,,6.1,,19.4,,23.1,,0.0,
2002-11-13,1009.9,1013.0,1012.3,2002-11-13T08:41:00,1007.7,2002-11-13T14:35:00,25.4,29.8,2002-11-13T13:00:00,22.0,2002-11-13T05:49:00,20.6,75,60,2002-11-13T13:41:00,1.9,10,5.7,10,2002-11-13T18:05:00,0.0,0.0,0.0,,0.0,,7.7,70.1,13.86,,,,,,,,,,,,,,1.5,,22.3,2002-11-13T13:01:00,,,,18.8,2002-11-13T07:22:00,,,,,,,2.35,2002-11-13T13:00:00,,,,,,,,,,,,,,85,2002-11-13T04:25:00,,,,,,,,,,,,,,,,,,,,,,,,,,,,,,,7.8,,4.32,2002-11-13T13:00:00,,,,3.6,,,0,,4,,0,,0,,1,,1,,2,,0,,0,,0,,0,,0,,0,,2,,1,,0,,1,,0,,2,,0,,0,,0,,1,,0,,0,,0,,1,,0,,0,,1,,0,,1,,1,,1,,1,,1,,2,,0,,,230,,,3.7,2002-11-13T12:18:00,,,0.0,,6.2,,0.0,,0.0,,1.5,,1.8,,1.8,,0.0,,0.0,,0.0,,0.0,,0.0,,0.0,,3.4,,2.3,,0.0,,1.5,,0.0,,0.8,,0.0,,0.0,,0.0,,3.0,,0.0,,0.0,,0.0,,2.8,,0.0,,0.0,,2.5,,0.0,,3.5,,3.3,,3.3,,2.6,,2.2,,3.2,,0.0,
2002-11-14,1007.7,1010.8,1010.3,2002-11-14T08:57:00,1004.5,2002-11-14T15:10:00,26.1,31.2,2002-11-14T12:30:00,22.1,2002-11-14T04:23:00,21.3,76,57,2002-11-14T12:05:00,1.9,20,5.2,260,2002-11-14T16:10:00,0.0,0.0,0.0,,0.0,,9.4,85.7,15.45,,,,,,,,,,,,,,1.9,,22.6,2002-11-14T18:55:00,,,,19.7,2002-11-14T02:50:00,,,,,,,2.4,2002-11-14T13:00:00,,,,,,,,,,,,,,90,2002-11-14T04:23:00,,,,,,,,,,,,,,,,,,,,,,,,,,,,,,,9.1,,5.18,2002-11-14T12:00:00,,,,5.3,,,0,,3,,4,,1,,1,,0,,1,,0,,1,,0,,1,,0,,1,,0,,0,,0,,0,,0,,0,,0,,0,,0,,0,,0,,1,,2,,1,,0,,3,,0,,1,,0,,0,,0,,1,,0,,2,,0,,,250,,,3.8,2002-11-14T16:12:00,,,0.0,,5.8,,8.2,,0.6,,1.7,,0.0,,1.5,,0.0,,0.9,,0.0,,2.2,,0.0,,1.4,,0.0,,0.0,,0.0,,0.0,,0.0,,0.0,,0.0,,0.0,,0.0,,0.0,,0.0,,2.3,,5.2,,2.2,,0.0,,7.3,,0.0,,0.7,,0.0,,0.0,,0.0,,2.2,,0.0,,3.0,,0.0,
2002-11-15,1008.6,1011.7,1010.5,2002-11-15T22:59:00,1007.2,2002-11-15T14:24:00,26.1,29.8,2002-11-15T11:55:00,23.3,2002-11-15T23:51:00,22.0,79,71,2002-11-15T10:01:00,3.0,10,9.4,20,2002-11-15T23:58:00,0.0,0.0,0.0,,0.0,,9.3,84.9,14.63,,,,,,,,,,,,,,1.5,,24.3,2002-11-15T11:30:00,,,,19.9,2002-11-15T05:46:00,,,,,,,2.16,2002-11-15T11:00:00,,,,,,,,,,,,,,90,2002-11-15T23:42:00,,,,,,,,,,,,,,,,,,,,,,,,,,,,,,,6.5,,5.14,2002-11-15T12:00:00,,,,5.0,,,0,,6,,1,,3,,1,,0,,0,,0,,0,,0,,0,,0,,0,,0,,0,,0,,0,,0,,0,,0,,0,,0,,0,,0,,0,,0,,0,,0,,0,,0,,1,,2,,2,,2,,0,,2,,4,,0,,,10,,,5.7,2002-11-15T23:58:00,,,0.0,,20.6,,1.5,,4.5,,1.5,,0.0,,0.0,,0.0,,0.0,,0.0,,0.0,,0.0,,0.0,,0.0,,0.0,,0.0,,0.0,,0.0,,0.0,,0.0,,0.0,,0.0,,0.0,,0.0,,0.0,,0.0,,0.0,,0.0,,0.0,,0.0,,2.5,,7.2,,8.7,,8.7,,0.0,,6.1,,10.0,,0.0,
2002-11-16,1011.4,1014.5,1014.2,2002-11-16T23:12:00,1009.0,2002-11-16T02:18:00,23.6,28.3,2002-11-16T11:41:00,21.3,2002-11-16T06:01:00,20.2,82,68,2002-11-16T11:39:00,4.6,360,12.8,40,2002-11-16T16:34:00,0.0,0.0,0.0,,0.0,,5.2,47.5,12.76,,,,,,,,,,,,,,5.8,,22.2,2002-11-16T11:31:00,,,,18.2,2002-11-16T23:39:00,,,,,,,2.16,2002-11-16T12:00:00,,,,,,,,,,,,,,93,2002-11-16T03:28:00,,,,,,,,,,,,,,,,,,,,,,,,,,,,,,,7.0,,4.98,2002-11-16T12:00:00,,,,3.9,,,0,,9,,1,,0,,1,,0,,0,,0,,0,,0,,0,,0,,0,,0,,0,,0,,0,,0,,0,,0,,0,,0,,0,,0,,0,,0,,0,,0,,0,,0,,0,,0,,0,,1,,0,,3,,9,,0,,,360,,,7.3,2002-11-16T15:24:00,,,0.0,,39.5,,3.6,,0.0,,3.8,,0.0,,0.0,,0.0,,0.0,,0.0,,0.0,,0.0,,0.0,,0.0,,0.0,,0.0,,0.0,,0.0,,0.0,,0.0,,0.0,,0.0,,0.0,,0.0,,0.0,,0.0,,0.0,,0.0,,0.0,,0.0,,0.0,,0.0,,0.0,,5.0,,0.0,,14.1,,43.8,,0.0,
2002-11-17,1014.4,1017.6,1016.0,2002-11-17T21:12:00,1012.8,2002-11-17T14:30:00,23.1,28.4,2002-11-17T13:56:00,20.2,2002-11-17T03:44:00,18.5,76,60,2002-11-17T15:13:00,4.3,10,10.4,30,2002-11-17T00:21:00,0.0,0.0,0.0,,0.0,,6.7,61.3,13.98,,,,,,,,,,,,,,5.4,,20.9,2002-11-17T12:11:00,,,,16.5,2002-11-17T23:16:00,,,,,,,2.4,2002-11-17T13:00:00,,,,,,,,,,,,,,89,2002-11-17T04:46:00,,,,,,,,,,,,,,,,,,,,,,,,,,,,,,,8.2,,5.06,2002-11-17T12:00:00,,,,5.5,,,0,,11,,2,,0,,0,,0,,0,,0,,0,,0,,0,,0,,0,,0,,0,,0,,0,,0,,0,,0,,0,,0,,0,,0,,0,,0,,0,,0,,0,,0,,0,,0,,0,,0,,1,,1,,9,,0,,,10,,,6.2,2002-11-17T00:30:00,,,0.0,,48.1,,8.7,,0.0,,0.0,,0.0,,0.0,,0.0,,0.0,,0.0,,0.0,,0.0,,0.0,,0.0,,0.0,,0.0,,0.0,,0.0,,0.0,,0.0,,0.0,,0.0,,0.0,,0.0,,0.0,,0.0,,0.0,,0.0,,0.0,,0.0,,0.0,,0.0,,0.0,,0.0,,3.1,,3.6,,39.4,,0.0,
2002-11-18,1015.3,1018.4,1017.2,2002-11-18T09:26:00,1013.0,2002-11-18T14:29:00,23.1,28.8,2002-11-18T13:45:00,19.8,2002-11-18T05:29:00,17.4,71,60,2002-11-18T13:35:00,2.9,360,9.8,10,2002-11-18T16:32:00,0.0,0.0,0.0,,0.0,,5.0,45.8,12.21,,,,,,,,,,,,,,7.0,,20.7,2002-11-18T14:00:00,,,,15.8,2002-11-18T06:03:00,,,,,,,2.37,2002-11-18T13:00:00,,,,,,,,,,,,,,81,2002-11-18T01:53:00,,,,,,,,,,,,,,,,,,,,,,,,,,,,,,,9.0,,4.81,2002-11-18T12:00:00,,,,6.6,,,0,,6,,4,,1,,0,,0,,0,,0,,0,,0,,1,,0,,0,,0,,0,,0,,0,,0,,0,,0,,0,,0,,0,,0,,0,,0,,0,,0,,0,,0,,0,,0,,0,,1,,1,,3,,7,,0,,,320,,,5.9,2002-11-18T15:10:00,,,0.0,,14.4,,10.3,,2.8,,0.0,,0.0,,0.0,,0.0,,0.0,,0.0,,0.3,,0.0,,0.0,,0.0,,0.0,,0.0,,0.0,,0.0,,0.0,,0.0,,0.0,,0.0,,0.0,,0.0,,0.0,,0.0,,0.0,,0.0,,0.0,,0.0,,0.0,,0.0,,0.0,,4.7,,5.3,,10.2,,22.7,,0.0,
2002-11-19,1014.6,1017.7,1017.0,2002-11-19T08:23:00,1011.8,2002-11-19T15:27:00,23.8,28.9,2002-11-19T12:11:00,19.9,2002-11-19T06:10:00,18.8,74,52,2002-11-19T12:05:00,3.8,360,11.3,360,2002-11-19T13:26:00,0.0,0.0,0.0,,0.0,,6.6,60.5,13.93,,,,,,,,,,,,,,4.4,,20.8,2002-11-19T14:23:00,,,,16.3,2002-11-19T06:32:00,,,,,,,2.34,2002-11-19T12:00:00,,,,,,,,,,,,,,91,2002-11-19T23:23:00,,,,,,,,,,,,,,,,,,,,,,,,,,,,,,,9.0,,5.04,2002-11-19T12:00:00,,,,4.8,,,0,,9,,0,,0,,0,,0,,1,,0,,0,,0,,0,,0,,0,,0,,0,,0,,0,,0,,0,,0,,0,,0,,0,,0,,0,,0,,0,,0,,0,,0,,0,,0,,0,,0,,0,,5,,9,,0,,,350,,,6.8,2002-11-19T13:29:00,,,0.0,,31.1,,0.0,,0.0,,0.0,,0.0,,2.5,,0.0,,0.0,,0.0,,0.0,,0.0,,0.0,,0.0,,0.0,,0.0,,0.0,,0.0,,0.0,,0.0,,0.0,,0.0,,0.0,,0.0,,0.0,,0.0,,0.0,,0.0,,0.0,,0.0,,0.0,,0.0,,0.0,,0.0,,0.0,,19.8,,37.2,,0.0,
2002-11-20,1013.6,1016.8,1015.4,2002-11-20T00:04:00,1011.3,2002-11-20T14:51:00,24.6,30.1,2002-11-20T14:15:00,21.3,2002-11-20T06:28:00,20.8,80,63,2002-11-20T14:05:00,3.8,10,12.3,30,2002-11-20T10:34:00,0.0,0.0,0.0,,0.0,,6.8,62.5,13.72,,,,,,,,,,,,,,3.6,,22.9,2002-11-20T14:24:00,,,,19.4,2002-11-20T06:50:00,,,,,,,2.27,2002-11-20T11:00:00,,,,,,,,,,,,,,94,2002-11-20T02:05:00,,,,,,,,,,,,,,,,,,,,,,,,,,,,,,,8.8,,4.75,2002-11-20T12:00:00,,,,4.9,,,0,,15,,0,,0,,0,,0,,0,,0,,0,,0,,0,,0,,0,,0,,0,,0,,0,,0,,0,,0,,0,,0,,0,,0,,0,,0,,0,,0,,0,,0,,0,,0,,0,,2,,1,,1,,5,,0,,,10,,,7.4,2002-11-20T09:19:00,,,0.0,,60.2,,0.0,,0.0,,0.0,,0.0,,0.0,,0.0,,0.0,,0.0,,0.0,,0.0,,0.0,,0.0,,0.0,,0.0,,0.0,,0.0,,0.0,,0.0,,0.0,,0.0,,0.0,,0.0,,0.0,,0.0,,0.0,,0.0,,0.0,,0.0,,0.0,,0.0,,0.0,,6.9,,3.4,,3.7,,17.7,,0.0,
2002-11-21,1012.7,1015.8,1014.5,2002-11-21T08:50:00,1010.3,2002-11-21T14:07:00,23.3,28.3,2002-11-21T15:08:00,20.5,2002-11-21T23:28:00,20.6,85,68,2002-11-21T14:46:00,4.5,10,14.7,30,2002-11-21T18:59:00,0.0,0.0,0.0,,0.0,,5.4,49.7,11.41,,,,,,,,,,,,,,2.9,,22.5,2002-11-21T14:11:00,,,,18.1,2002-11-21T23:35:00,,,,,,,1.8,2002-11-21T14:00:00,,,,,,,,,,,,,,100,2002-11-21T06:37:00,,,,,,,,,,,,,,,,,,,,,,,,,,,,,,,7.8,,4.4,2002-11-21T13:00:00,,,,3.6,,,0,,16,,0,,0,,0,,0,,0,,0,,0,,0,,0,,0,,0,,0,,0,,0,,0,,0,,0,,0,,0,,0,,0,,0,,0,,0,,0,,0,,0,,0,,0,,0,,0,,0,,0,,1,,7,,0,,,350,,,7.8,2002-11-21T16:15:00,,,0.0,,68.3,,0.0,,0.0,,0.0,,0.0,,0.0,,0.0,,0.0,,0.0,,0.0,,0.0,,0.0,,0.0,,0.0,,0.0,,0.0,,0.0,,0.0,,0.0,,0.0,,0.0,,0.0,,0.0,,0.0,,0.0,,0.0,,0.0,,0.0,,0.0,,0.0,,0.0,,0.0,,0.0,,0.0,,5.7,,32.8,,0.0,
2002-11-22,1011.4,1014.6,1013.0,2002-11-22T09:04:00,1009.8,2002-11-22T13:40:00,23.0,28.0,2002-11-22T13:01:00,19.7,2002-11-22T03:22:00,19.6,82,67,2002-11-22T13:00:00,4.0,360,9.7,50,2002-11-22T16:56:00,0.0,0.0,0.0,,0.0,,2.9,26.7,11.89,,,,,,,,,,,,,,6.9,,22.1,2002-11-22T14:27:00,,,,17.7,2002-11-22T03:42:00,,,,,,,2.4,2002-11-22T12:00:00,,,,,,,,,,,,,,92,2002-11-22T05:38:00,,,,,,,,,,,,,,,,,,,,,,,,,,,,,,,8.3,,4.79,2002-11-22T12:00:00,,,,5.3,,,0,,9,,3,,0,,0,,0,,0,,0,,0,,0,,0,,0,,0,,0,,0,,0,,0,,0,,0,,0,,0,,0,,0,,0,,0,,0,,0,,0,,0,,0,,0,,0,,0,,1,,1,,1,,9,,0,,,330,,,5.9,2002-11-22T14:01:00,,,0.0,,35.7,,11.7,,0.0,,0.0,,0.0,,0.0,,0.0,,0.0,,0.0,,0.0,,0.0,,0.0,,0.0,,0.0,,0.0,,0.0,,0.0,,0.0,,0.0,,0.0,,0.0,,0.0,,0.0,,0.0,,0.0,,0.0,,0.0,,0.0,,0.0,,0.0,,0.0,,0.0,,5.7,,2.7,,5.0,,35.8,,0.0,
2002-11-23,1010.4,1013.5,1012.3,2002-11-23T08:22:00,1008.3,2002-11-23T15:22:00,23.2,27.9,2002-11-23T12:59:00,20.4,2002-11-23T23:48:00,19.2,79,68,2002-11-23T14:39:00,3.3,10,10.1,340,2002-11-23T13:44:00,0.0,0.0,0.0,,0.0,,8.6,79.3,13.49,,,,,,,,,,,,,,4.6,,22.0,2002-11-23T12:52:00,,,,16.1,2002-11-23T23:50:00,,,,,,,2.04,2002-11-23T13:00:00,,,,,,,,,,,,,,94,2002-11-23T07:28:00,,,,,,,,,,,,,,,,,,,,,,,,,,,,,,,7.5,,3.79,2002-11-23T13:00:00,,,,5.6,,,0,,9,,2,,1,,1,,0,,0,,0,,0,,0,,0,,0,,0,,0,,0,,0,,0,,0,,0,,0,,0,,0,,0,,0,,0,,0,,0,,0,,0,,0,,0,,0,,2,,1,,1,,4,,3,,0,,,10,,,5.9,2002-11-23T19:05:00,,,0.0,,35.7,,4.0,,2.4,,2.4,,0.0,,0.0,,0.0,,0.0,,0.0,,0.0,,0.0,,0.0,,0.0,,0.0,,0.0,,0.0,,0.0,,0.0,,0.0,,0.0,,0.0,,0.0,,0.0,,0.0,,0.0,,0.0,,0.0,,0.0,,0.0,,0.0,,0.0,,6.2,,4.7,,3.9,,12.4,,7.0,,0.0,
2002-11-24,1012.1,1015.3,1014.5,2002-11-24T23:49:00,1010.3,2002-11-24T14:57:00,21.0,25.8,2002-11-24T13:12:00,17.6,2002-11-24T23:39:00,13.5,63,45,2002-11-24T12:14:00,5.9,10,17.9,30,2002-11-24T18:07:00,0.0,0.0,0.0,,0.0,,6.1,56.3,12.83,,,,,,,,,,,,,,3.8,,16.2,2002-11-24T00:04:00,,,,10.1,2002-11-24T23:48:00,,,,,,,2.4,2002-11-24T13:00:00,,,,,,,,,,,,,,79,2002-11-24T00:43:00,,,,,,,,,,,,,,,,,,,,,,,,,,,,,,,8.2,,4.94,2002-11-24T12:00:00,,,,4.1,,,0,,13,,0,,0,,0,,0,,0,,0,,0,,0,,0,,0,,0,,0,,0,,0,,0,,0,,0,,0,,0,,0,,0,,0,,0,,0,,0,,0,,0,,0,,0,,0,,0,,0,,1,,1,,9,,0,,,10,,,9.2,2002-11-24T18:26:00,,,0.0,,75.9,,0.0,,0.0,,0.0,,0.0,,0.0,,0.0,,0.0,,0.0,,0.0,,0.0,,0.0,,0.0,,0.0,,0.0,,0.0,,0.0,,0.0,,0.0,,0.0,,0.0,,0.0,,0.0,,0.0,,0.0,,0.0,,0.0,,0.0,,0.0,,0.0,,0.0,,0.0,,0.0,,5.6,,7.0,,52.9,,0.0,
2002-11-25,1015.2,1018.4,1017.2,2002-11-25T23:12:00,1013.5,2002-11-25T13:33:00,19.0,23.7,2002-11-25T12:58:00,15.8,2002-11-25T23:57:00,11.2,61,48,2002-11-25T12:35:00,5.7,360,18.0,40,2002-11-25T05:44:00,0.0,0.0,0.0,,0.0,,8.3,76.7,13.68,,,,,,,,,,,,,,0.0,,13.1,2002-11-25T13:54:00,,,,9.3,2002-11-25T04:47:00,,,,,,,2.4,2002-11-25T12:00:00,,,,,,,,,,,,,,73,2002-11-25T23:37:00,,,,,,,,,,,,,,,,,,,,,,,,,,,,,,,7.9,,4.62,2002-11-25T12:00:00,,,,4.9,,,0,,10,,1,,0,,0,,0,,0,,0,,0,,0,,0,,0,,0,,0,,0,,0,,0,,0,,0,,0,,0,,0,,0,,0,,0,,0,,0,,0,,0,,0,,0,,0,,0,,0,,0,,1,,12,,0,,,10,,,10.1,2002-11-25T05:48:00,,,0.0,,63.2,,4.7,,0.0,,0.0,,0.0,,0.0,,0.0,,0.0,,0.0,,0.0,,0.0,,0.0,,0.0,,0.0,,0.0,,0.0,,0.0,,0.0,,0.0,,0.0,,0.0,,0.0,,0.0,,0.0,,0.0,,0.0,,0.0,,0.0,,0.0,,0.0,,0.0,,0.0,,0.0,,0.0,,6.5,,62.0,,0.0,
2002-11-26,1017.8,1021.0,1019.5,2002-11-26T09:14:00,1015.5,2002-11-26T14:49:00,18.6,24.2,2002-11-26T13:41:00,14.8,2002-11-26T05:57:00,10.0,59,41,2002-11-26T14:08:00,4.4,10,11.0,20,2002-11-26T09:57:00,0.0,0.0,0.0,,0.0,,7.7,71.2,13.78,,,,,,,,,,,,,,2.9,,11.4,2002-11-26T12:34:00,,,,8.5,2002-11-26T23:34:00,,,,,,,2.21,2002-11-26T12:00:00,,,,,,,,,,,,,,75,2002-11-26T02:07:00,,,,,,,,,,,,,,,,,,,,,,,,,,,,,,,9.4,,5.41,2002-11-26T12:00:00,,,,6.5,,,0,,9,,4,,0,,0,,0,,0,,0,,0,,0,,0,,0,,0,,0,,0,,0,,0,,0,,0,,0,,0,,0,,0,,0,,0,,0,,0,,0,,0,,0,,0,,0,,0,,0,,0,,3,,8,,0,,,10,,,6.5,2002-11-26T00:13:00,,,0.0,,40.4,,19.3,,0.0,,0.0,,0.0,,0.0,,0.0,,0.0,,0.0,,0.0,,0.0,,0.0,,0.0,,0.0,,0.0,,0.0,,0.0,,0.0,,0.0,,0.0,,0.0,,0.0,,0.0,,0.0,,0.0,,0.0,,0.0,,0.0,,0.0,,0.0,,0.0,,0.0,,0.0,,0.0,,12.0,,33.1,,0.0,
2002-11-27,1018.1,1021.3,1020.0,2002-11-27T08:35:00,1016.0,2002-11-27T14:41:00,19.8,23.8,2002-11-27T13:10:00,15.2,2002-11-27T04:07:00,12.2,61,52,2002-11-27T13:03:00,2.1,10,6.5,330,2002-11-27T14:45:00,0.0,0.0,0.0,,0.0,,2.1,19.4,8.18,,,,,,,,,,,,,,7.3,,14.7,2002-11-27T14:35:00,,,,8.6,2002-11-27T00:02:00,,,,,,,1.54,2002-11-27T10:00:00,,,,,,,,,,,,,,68,2002-11-27T03:47:00,,,,,,,,,,,,,,,,,,,,,,,,,,,,,,,8.6,,3.15,2002-11-27T14:00:00,,,,3.9,,,0,,7,,1,,1,,1,,1,,1,,0,,0,,0,,0,,0,,0,,0,,0,,0,,0,,0,,0,,0,,0,,0,,0,,0,,0,,0,,0,,0,,0,,0,,1,,0,,2,,1,,1,,4,,3,,0,,,320,,,4.3,2002-11-27T14:54:00,,,0.0,,15.3,,1.5,,0.8,,1.3,,1.3,,1.4,,0.0,,0.0,,0.0,,0.0,,0.0,,0.0,,0.0,,0.0,,0.0,,0.0,,0.0,,0.0,,0.0,,0.0,,0.0,,0.0,,0.0,,0.0,,0.0,,0.0,,0.0,,0.0,,0.0,,2.1,,0.0,,6.6,,0.7,,3.5,,9.7,,5.8,,0.0,
2002-11-28,1016.8,1020.0,1018.8,2002-11-28T08:23:00,1014.8,2002-11-28T15:32:00,21.1,23.9,2002-11-28T12:06:00,18.7,2002-11-28T06:14:00,15.0,69,56,2002-11-28T13:34:00,3.0,10,8.6,20,2002-11-28T17:11:00,0.0,0.0,0.0,,0.0,,0.0,0.0,4.87,,,,,,,,,,,,,,9.5,,16.4,2002-11-28T15:51:00,,,,13.5,2002-11-28T00:02:00,,,,,,,1.03,2002-11-28T10:00:00,,,,,,,,,,,,,,79,2002-11-28T06:12:00,,,,,,,,,,,,,,,,,,,,,,,,,,,,,,,5.2,,2.17,2002-11-28T11:00:00,,,,2.1,,,0,,12,,6,,0,,0,,0,,1,,0,,0,,0,,0,,0,,0,,0,,0,,0,,0,,0,,0,,0,,0,,0,,0,,0,,0,,0,,0,,0,,0,,0,,0,,0,,0,,0,,0,,2,,3,,0,,,10,,,5.4,2002-11-28T17:12:00,,,0.0,,35.5,,15.6,,0.0,,0.0,,0.0,,1.1,,0.0,,0.0,,0.0,,0.0,,0.0,,0.0,,0.0,,0.0,,0.0,,0.0,,0.0,,0.0,,0.0,,0.0,,0.0,,0.0,,0.0,,0.0,,0.0,,0.0,,0.0,,0.0,,0.0,,0.0,,0.0,,0.0,,0.0,,0.0,,8.2,,11.8,,0.0,
2002-11-29,1016.5,1019.6,1018.5,2002-11-29T08:57:00,1014.8,2002-11-29T14:14:00,21.5,25.3,2002-11-29T14:53:00,19.0,2002-11-29T02:41:00,17.6,79,64,2002-11-29T14:50:00,4.4,10,12.1,100,2002-11-29T04:45:00,0.0,0.0,0.0,,0.0,,5.0,46.4,12.55,,,,,,,,,,,,,,6.0,,21.5,2002-11-29T10:52:00,,,,14.9,2002-11-29T00:49:00,,,,,,,2.18,2002-11-29T11:00:00,,,,,,,,,,,,,,94,2002-11-29T10:52:00,,,,,,,,,,,,,,,,,,,,,,,,,,,,,,,6.3,,5.42,2002-11-29T12:00:00,,,,6.8,,,0,,11,,6,,0,,0,,0,,0,,0,,0,,0,,0,,0,,0,,0,,0,,0,,0,,0,,0,,0,,0,,0,,0,,0,,0,,0,,0,,0,,0,,0,,0,,0,,0,,0,,0,,1,,6,,0,,,20,,,6.8,2002-11-29T05:01:00,,,0.0,,47.6,,27.5,,0.0,,0.0,,0.0,,0.0,,0.0,,0.0,,0.0,,0.0,,0.0,,0.0,,0.0,,0.0,,0.0,,0.0,,0.0,,0.0,,0.0,,0.0,,0.0,,0.0,,0.0,,0.0,,0.0,,0.0,,0.0,,0.0,,0.0,,0.0,,0.0,,0.0,,0.0,,0.0,,5.0,,24.6,,0.0,
2002-11-30,1014.0,1017.2,1016.3,2002-11-30T00:01:00,1011.2,2002-11-30T15:00:00,22.3,27.9,2002-11-30T12:20:00,18.7,2002-11-30T06:02:00,17.8,77,51,2002-11-30T12:35:00,3.2,10,8.9,20,2002-11-30T16:18:00,0.0,0.0,0.0,,0.0,,7.5,69.6,14.06,,,,,,,,,,,,,,4.9,,19.5,2002-11-30T10:32:00,,,,16.6,2002-11-30T12:28:00,,,,,,,2.25,2002-11-30T13:00:00,,,,,,,,,,,,,,93,2002-11-30T07:25:00,,,,,,,,,,,,,,,,,,,,,,,,,,,,,,,9.2,,5.49,2002-11-30T13:00:00,,,,5.2,,,0,,9,,4,,1,,1,,0,,0,,0,,0,,0,,0,,0,,0,,0,,0,,0,,0,,0,,0,,0,,0,,0,,0,,0,,0,,0,,0,,0,,0,,0,,0,,0,,0,,0,,1,,4,,4,,0,,,360,,,5.3,2002-11-30T18:27:00,,,0.0,,26.0,,13.3,,1.1,,2.4,,0.0,,0.0,,0.0,,0.0,,0.0,,0.0,,0.0,,0.0,,0.0,,0.0,,0.0,,0.0,,0.0,,0.0,,0.0,,0.0,,0.0,,0.0,,0.0,,0.0,,0.0,,0.0,,0.0,,0.0,,0.0,,0.0,,0.0,,0.0,,0.0,,4.4,,14.2,,15.1,,0.0,
2002-12-01,1013.4,1016.5,1015.0,2002-12-01T09:26:00,1011.5,2002-12-01T15:03:00,23.0,27.9,2002-12-01T13:21:00,19.3,2002-12-01T06:02:00,17.6,73,54,2002-12-01T13:30:00,2.4,10,6.7,20,2002-12-01T05:22:00,0.0,0.0,0.0,,0.0,,4.3,39.9,11.17,,,,,,,,,,,,,,7.1,,20.1,2002-12-01T10:47:00,,,,15.8,2002-12-01T06:07:00,,,,,,,2.15,2002-12-01T13:00:00,,,,,,,,,,,,,,83,2002-12-01T04:12:00,,,,,,1018.1,2002-12-01T09:26:00,,,,1014.6,2002-12-01T15:03:00,,,,,,,,,,,,,,,,,,,8.6,,4.77,2002-12-01T12:00:00,,,,3.4,,,0,,8,,3,,2,,0,,0,,0,,0,,0,,0,,0,,0,,0,,0,,0,,0,,0,,1,,0,,0,,0,,0,,0,,0,,0,,0,,1,,0,,0,,0,,1,,1,,0,,0,,4,,1,,2,,0,,,320,,,4.8,2002-12-01T14:28:00,,,0.0,,18.2,,11.0,,2.8,,0.0,,0.0,,0.0,,0.0,,0.0,,0.0,,0.0,,0.0,,0.0,,0.0,,0.0,,0.0,,0.0,,1.9,,0.0,,0.0,,0.0,,0.0,,0.0,,0.0,,0.0,,0.0,,3.0,,0.0,,0.0,,0.0,,1.7,,3.5,,0.0,,0.0,,8.6,,2.1,,3.8,,0.0,
2002-12-02,1014.2,1017.4,1016.1,2002-12-02T09:18:00,1012.3,2002-12-02T14:01:00,23.4,29.1,2002-12-02T14:42:00,20.1,2002-12-02T05:54:00,18.9,77,53,2002-12-02T14:19:00,2.3,360,7.3,360,2002-12-02T17:27:00,0.0,0.0,0.0,,0.0,,8.2,76.2,13.54,,,,,,,,,,,,,,1.0,,20.4,2002-12-02T17:19:00,,,,17.5,2002-12-02T06:06:00,,,,,,,2.23,2002-12-02T12:00:00,,,,,,,,,,,,,,88,2002-12-02T22:11:00,,,,,,1019.2,2002-12-02T09:18:00,,,,1015.4,2002-12-02T14:01:00,,,,,,,,,,,,,,,,,,,9.0,,4.65,2002-12-02T13:00:00,,,,3.5,,,1,,4,,2,,1,,0,,1,,1,,1,,0,,0,,0,,0,,0,,0,,0,,0,,0,,0,,0,,0,,0,,0,,0,,0,,0,,0,,0,,0,,0,,0,,0,,1,,2,,2,,1,,2,,5,,0,,,310,,,4.4,2002-12-02T16:06:00,,,0.2,,11.1,,4.1,,0.5,,0.0,,1.9,,0.9,,0.5,,0.0,,0.0,,0.0,,0.0,,0.0,,0.0,,0.0,,0.0,,0.0,,0.0,,0.0,,0.0,,0.0,,0.0,,0.0,,0.0,,0.0,,0.0,,0.0,,0.0,,0.0,,0.0,,0.0,,4.0,,5.5,,6.7,,3.5,,5.3,,11.0,,0.0,
2002-12-03,1014.0,1017.2,1015.8,2002-12-03T08:34:00,1011.8,2002-12-03T15:22:00,24.1,29.0,2002-12-03T12:46:00,19.8,2002-12-03T03:25:00,19.7,78,60,2002-12-03T12:46:00,2.4,20,6.5,350,2002-12-03T13:56:00,0.0,0.0,0.0,,0.0,,3.8,35.4,11.27,,,,,,,,,,,,,,5.3,,20.8,2002-12-03T13:32:00,,,,18.8,2002-12-03T02:55:00,,,,,,,1.81,2002-12-03T12:00:00,,,,,,,,,,,,,,96,2002-12-03T04:20:00,,,,,,1019.0,2002-12-03T08:34:00,,,,1014.9,2002-12-03T15:22:00,,,,,,,,,,,,,,,,,,,9.2,,4.38,2002-12-03T12:00:00,,,,2.7,,,0,,6,,8,,0,,0,,0,,1,,0,,0,,0,,0,,0,,0,,0,,0,,0,,0,,0,,0,,0,,0,,0,,0,,0,,0,,0,,0,,0,,1,,0,,2,,1,,0,,1,,0,,0,,4,,0,,,20,,,4.2,2002-12-03T09:47:00,,,0.0,,14.7,,16.1,,0.0,,0.0,,0.0,,1.9,,0.0,,0.0,,0.0,,0.0,,0.0,,0.0,,0.0,,0.0,,0.0,,0.0,,0.0,,0.0,,0.0,,0.0,,0.0,,0.0,,0.0,,0.0,,0.0,,0.0,,0.0,,2.4,,0.0,,7.1,,2.7,,0.0,,3.5,,0.0,,0.0,,10.0,,0.0,
2002-12-04,1013.7,1016.8,1015.3,2002-12-04T08:28:00,1012.0,2002-12-04T14:01:00,25.6,30.0,2002-12-04T11:27:00,22.8,2002-12-04T02:17:00,20.8,75,60,2002-12-04T10:53:00,2.5,10,7.7,330,2002-12-04T12:20:00,0.0,0.0,0.0,,0.0,,8.2,76.3,12.76,,,,,,,,,,,,,,3.0,,22.0,2002-12-04T15:23:00,,,,19.0,2002-12-04T06:26:00,,,,,,,1.97,2002-12-04T11:00:00,,,,,,,,,,,,,,85,2002-12-04T02:24:00,,,,,,1018.4,2002-12-04T08:28:00,,,,1015.1,2002-12-04T14:01:00,,,,,,,,,,,,,,,,,,,7.2,,3.98,2002-12-04T13:00:00,,,,4.0,,,0,,5,,4,,2,,0,,2,,1,,0,,0,,0,,0,,0,,0,,0,,0,,0,,0,,0,,0,,0,,0,,0,,0,,0,,0,,0,,0,,0,,0,,0,,0,,0,,4,,0,,1,,2,,3,,0,,,320,,,5.1,2002-12-04T12:35:00,,,0.0,,12.6,,7.7,,3.6,,0.0,,2.4,,0.3,,0.0,,0.0,,0.0,,0.0,,0.0,,0.0,,0.0,,0.0,,0.0,,0.0,,0.0,,0.0,,0.0,,0.0,,0.0,,0.0,,0.0,,0.0,,0.0,,0.0,,0.0,,0.0,,0.0,,0.0,,0.0,,15.8,,0.0,,3.2,,6.5,,7.3,,0.0,
2002-12-05,1013.8,1016.9,1015.3,2002-12-05T09:16:00,1012.2,2002-12-05T15:01:00,25.2,29.2,2002-12-05T11:45:00,22.1,2002-12-05T06:45:00,21.2,79,62,2002-12-05T11:45:00,2.4,20,8.5,340,2002-12-05T13:52:00,0.0,0.0,0.0,,0.0,,8.3,77.3,12.7,,,,,,,,,,,,,,2.5,,22.4,2002-12-05T12:12:00,,,,20.4,2002-12-05T05:44:00,,,,,,,2.03,2002-12-05T12:00:00,,,,,,,,,,,,,,91,2002-12-05T06:45:00,,,,,,1018.4,2002-12-05T09:16:00,,,,1015.3,2002-12-05T15:01:00,,,,,,,,,,,,,,,,,,,7.1,,4.0,2002-12-05T12:00:00,,,,2.8,,,0,,3,,8,,1,,0,,0,,1,,0,,0,,0,,0,,1,,0,,0,,0,,0,,0,,0,,0,,0,,0,,0,,0,,0,,0,,0,,0,,0,,0,,0,,0,,2,,2,,2,,2,,1,,1,,0,,,320,,,5.5,2002-12-05T13:55:00,,,0.0,,6.4,,15.3,,2.0,,0.0,,0.0,,0.5,,0.0,,0.0,,0.0,,0.0,,0.5,,0.0,,0.0,,0.0,,0.0,,0.0,,0.0,,0.0,,0.0,,0.0,,0.0,,0.0,,0.0,,0.0,,0.0,,0.0,,0.0,,0.0,,0.0,,0.0,,4.9,,9.0,,6.4,,5.1,,2.8,,3.7,,0.0,
2002-12-06,1013.2,1016.3,1015.0,2002-12-06T08:52:00,1011.5,2002-12-06T14:27:00,25.7,30.0,2002-12-06T12:46:00,22.6,2002-12-06T06:49:00,20.7,74,60,2002-12-06T11:51:00,2.0,20,7.1,320,2002-12-06T12:32:00,0.0,0.0,0.0,,0.0,,7.8,72.7,12.93,,,,,,,,,,,,,,1.0,,21.8,2002-12-06T12:55:00,,,,19.7,2002-12-06T07:02:00,,,,,,,2.15,2002-12-06T13:00:00,,,,,,,,,,,,,,87,2002-12-06T00:00:00,,,,,,1018.1,2002-12-06T08:52:00,,,,1014.6,2002-12-06T14:27:00,,,,,,,,,,,,,,,,,,,7.4,,4.43,2002-12-06T13:00:00,,,,2.5,,,0,,2,,5,,1,,0,,1,,0,,0,,0,,3,,3,,0,,0,,0,,0,,0,,0,,0,,0,,0,,0,,0,,0,,0,,0,,0,,0,,0,,1,,0,,1,,3,,0,,1,,2,,0,,1,,0,,,310,,,4.7,2002-12-06T15:10:00,,,0.0,,3.1,,7.1,,1.0,,0.0,,0.6,,0.0,,0.0,,0.0,,4.8,,6.2,,0.0,,0.0,,0.0,,0.0,,0.0,,0.0,,0.0,,0.0,,0.0,,0.0,,0.0,,0.0,,0.0,,0.0,,0.0,,0.0,,0.0,,3.5,,0.0,,3.9,,9.2,,0.0,,2.2,,4.9,,0.0,,2.0,,0.0,
2002-12-07,1012.6,1015.7,1014.3,2002-12-07T09:16:00,1010.5,2002-12-07T14:33:00,25.9,30.9,2002-12-07T12:39:00,23.6,2002-12-07T05:56:00,20.9,74,59,2002-12-07T12:34:00,2.7,10,8.7,30,2002-12-07T23:14:00,0.0,0.0,0.0,,0.0,,8.7,81.2,13.07,,,,,,,,,,,,,,1.9,,22.5,2002-12-07T17:45:00,,,,19.2,2002-12-07T06:01:00,,,,,,,2.12,2002-12-07T13:00:00,,,,,,,,,,,,,,85,2002-12-07T22:54:00,,,,,,1017.4,2002-12-07T09:16:00,,,,1013.6,2002-12-07T14:33:00,,,,,,,,,,,,,,,,,,,7.3,,4.79,2002-12-07T12:00:00,,,,4.1,,,0,,5,,2,,2,,0,,0,,2,,0,,0,,3,,1,,0,,0,,0,,0,,0,,0,,0,,0,,0,,0,,0,,0,,0,,0,,1,,3,,0,,0,,1,,0,,0,,1,,1,,0,,1,,1,,0,,,20,,,5.6,2002-12-07T19:08:00,,,0.0,,17.8,,6.0,,3.0,,0.0,,0.0,,2.6,,0.0,,0.0,,4.9,,1.4,,0.0,,0.0,,0.0,,0.0,,0.0,,0.0,,0.0,,0.0,,0.0,,0.0,,0.0,,0.0,,0.0,,0.0,,3.5,,11.1,,0.0,,0.0,,1.6,,0.0,,0.0,,3.4,,2.4,,0.0,,3.9,,2.3,,0.0,
2002-12-08,1015.1,1018.3,1018.3,2002-12-08T23:33:00,1012.8,2002-12-08T04:20:00,19.9,24.1,2002-12-08T13:10:00,15.0,2002-12-08T23:45:00,15.6,76,63,2002-12-08T13:10:00,6.2,360,16.5,30,2002-12-08T23:19:00,0.0,0.0,0.0,,0.0,,4.4,41.1,12.25,,,,,,,,,,,,,,7.6,,20.8,2002-12-08T00:17:00,,,,10.3,2002-12-08T23:47:00,,,,,,,2.34,2002-12-08T13:00:00,,,,,,,,,,,,,,90,2002-12-08T02:24:00,,,,,,1021.5,2002-12-08T23:33:00,,,,1016.0,2002-12-08T04:20:00,,,,,,,,,,,,,,,,,,,9.1,,5.2,2002-12-08T13:00:00,,,,5.6,,,0,,11,,0,,0,,0,,0,,0,,0,,0,,0,,0,,0,,0,,0,,0,,0,,0,,0,,0,,0,,0,,0,,0,,0,,0,,0,,0,,0,,0,,0,,0,,0,,0,,0,,0,,1,,12,,0,,,10,,,9.7,2002-12-08T23:26:00,,,0.0,,69.5,,0.0,,0.0,,0.0,,0.0,,0.0,,0.0,,0.0,,0.0,,0.0,,0.0,,0.0,,0.0,,0.0,,0.0,,0.0,,0.0,,0.0,,0.0,,0.0,,0.0,,0.0,,0.0,,0.0,,0.0,,0.0,,0.0,,0.0,,0.0,,0.0,,0.0,,0.0,,0.0,,0.0,,6.9,,71.4,,0.0,
2002-12-09,1019.6,1022.8,1021.5,2002-12-09T09:29:00,1018.0,2002-12-09T14:24:00,15.0,17.8,2002-12-09T14:34:00,13.4,2002-12-09T23:49:00,9.3,69,61,2002-12-09T14:33:00,6.0,10,16.2,30,2002-12-09T01:41:00,0.0,0.0,0.0,,0.0,,0.0,0.0,5.95,,,,,,,,,,,,,,10.0,,10.5,2002-12-09T12:52:00,,,,7.8,2002-12-09T23:19:00,,,,,,,1.07,2002-12-09T13:00:00,,,,,,,,,,,,,,75,2002-12-09T01:37:00,,,,,,1024.8,2002-12-09T09:29:00,,,,1021.2,2002-12-09T14:24:00,,,,,,,,,,,,,,,,,,,4.4,,3.13,2002-12-09T13:00:00,,,,6.4,,,0,,20,,2,,0,,0,,0,,0,,0,,0,,0,,0,,0,,0,,0,,0,,0,,0,,0,,0,,0,,0,,0,,0,,0,,0,,0,,0,,0,,0,,0,,0,,0,,0,,0,,0,,0,,2,,0,,,10,,,9.3,2002-12-09T00:23:00,,,0.0,,123.2,,11.4,,0.0,,0.0,,0.0,,0.0,,0.0,,0.0,,0.0,,0.0,,0.0,,0.0,,0.0,,0.0,,0.0,,0.0,,0.0,,0.0,,0.0,,0.0,,0.0,,0.0,,0.0,,0.0,,0.0,,0.0,,0.0,,0.0,,0.0,,0.0,,0.0,,0.0,,0.0,,0.0,,0.0,,9.3,,0.0,
2002-12-10,1019.3,1022.5,1020.8,2002-12-10T08:21:00,1017.8,2002-12-10T14:13:00,16.4,20.8,2002-12-10T15:17:00,12.8,2002-12-10T02:06:00,9.9,66,57,2002-12-10T15:45:00,3.1,20,8.5,50,2002-12-10T00:06:00,0.0,0.0,0.0,,0.0,,0.9,8.4,7.47,,,,,,,,,,,,,,8.3,,12.9,2002-12-10T12:28:00,,,,7.4,2002-12-10T02:21:00,,,,,,,1.36,2002-12-10T11:00:00,,,,,,,,,,,,,,74,2002-12-10T04:45:00,,,,,,1024.1,2002-12-10T08:21:00,,,,1021.0,2002-12-10T14:13:00,,,,,,,,,,,,,,,,,,,8.0,,3.45,2002-12-10T12:00:00,,,,5.1,,,0,,5,,7,,1,,0,,0,,0,,0,,0,,0,,0,,0,,0,,0,,0,,0,,0,,0,,0,,0,,0,,0,,0,,0,,0,,0,,0,,0,,0,,0,,0,,0,,1,,0,,3,,4,,3,,0,,,20,,,5.4,2002-12-10T00:27:00,,,0.0,,20.7,,18.6,,2.5,,0.0,,0.0,,0.0,,0.0,,0.0,,0.0,,0.0,,0.0,,0.0,,0.0,,0.0,,0.0,,0.0,,0.0,,0.0,,0.0,,0.0,,0.0,,0.0,,0.0,,0.0,,0.0,,0.0,,0.0,,0.0,,0.0,,0.0,,0.0,,3.9,,0.0,,9.1,,10.8,,9.5,,0.0,
2002-12-11,1018.9,1022.1,1020.3,2002-12-11T07:42:00,1017.2,2002-12-11T14:52:00,19.2,23.9,2002-12-11T12:41:00,14.7,2002-12-11T03:25:00,13.1,68,51,2002-12-11T11:58:00,2.5,10,9.7,10,2002-12-11T16:02:00,0.0,0.0,0.0,,0.0,,6.0,56.1,12.22,,,,,,,,,,,,,,5.9,,15.8,2002-12-11T17:10:00,,,,10.1,2002-12-11T01:54:00,,,,,,,2.3,2002-12-11T13:00:00,,,,,,,,,,,,,,78,2002-12-11T19:43:00,,,,,,1023.5,2002-12-11T07:42:00,,,,1020.4,2002-12-11T14:52:00,,,,,,,,,,,,,,,,,,,9.2,,4.76,2002-12-11T13:00:00,,,,4.2,,,1,,6,,0,,3,,0,,0,,2,,0,,1,,0,,0,,0,,0,,0,,0,,0,,0,,0,,0,,0,,0,,0,,0,,0,,0,,0,,0,,0,,0,,0,,1,,0,,2,,1,,1,,1,,5,,0,,,350,,,6.2,2002-12-11T16:09:00,,,0.2,,19.1,,0.0,,4.3,,0.0,,0.0,,3.7,,0.0,,0.8,,0.0,,0.0,,0.0,,0.0,,0.0,,0.0,,0.0,,0.0,,0.0,,0.0,,0.0,,0.0,,0.0,,0.0,,0.0,,0.0,,0.0,,0.0,,0.0,,0.0,,0.0,,2.4,,0.0,,8.2,,1.8,,3.3,,1.0,,14.1,,0.0,
2002-12-12,1021.2,1024.4,1023.8,2002-12-12T20:59:00,1018.5,2002-12-12T02:55:00,18.0,20.5,2002-12-12T14:30:00,14.9,2002-12-12T23:34:00,13.9,77,67,2002-12-12T15:31:00,5.7,360,15.3,40,2002-12-12T15:42:00,-9.8,0.2,-9.8,2002-12-12T07:10:00,-9.8,2002-12-12T07:10:00,2.3,21.5,8.03,,,,,,,,,,,,,,6.3,,15.9,2002-12-12T10:12:00,,,,11.5,2002-12-12T23:08:00,,,,,,,1.3,2002-12-12T15:00:00,,,,,,,,,,,,,,93,2002-12-12T07:47:00,,,,,,1027.1,2002-12-12T20:59:00,,,,1021.7,2002-12-12T02:55:00,,,,,,,,,,,,,,,,,,,5.6,,3.37,2002-12-12T12:00:00,,,,4.3,,,0,,9,,3,,0,,0,,0,,0,,0,,0,,0,,0,,0,,0,,0,,0,,0,,0,,0,,0,,0,,0,,0,,0,,0,,0,,0,,0,,0,,0,,0,,0,,0,,0,,0,,0,,0,,12,,0,,,10,,,9.2,2002-12-12T14:51:00,,,0.0,,50.0,,12.4,,0.0,,0.0,,0.0,,0.0,,0.0,,0.0,,0.0,,0.0,,0.0,,0.0,,0.0,,0.0,,0.0,,0.0,,0.0,,0.0,,0.0,,0.0,,0.0,,0.0,,0.0,,0.0,,0.0,,0.0,,0.0,,0.0,,0.0,,0.0,,0.0,,0.0,,0.0,,0.0,,0.0,,74.4,,0.0,
2002-12-13,1023.1,1026.3,1025.0,2002-12-13T09:05:00,1021.3,2002-12-13T14:16:00,17.4,23.3,2002-12-13T14:47:00,12.9,2002-12-13T06:16:00,11.2,69,48,2002-12-13T14:33:00,3.7,10,9.1,30,2002-12-13T00:02:00,0.0,0.0,0.0,,0.0,,8.8,82.3,14.15,,,,,,,,,,,,,,3.0,,12.3,2002-12-13T13:44:00,,,,9.8,2002-12-13T17:41:00,,,,,,,2.3,2002-12-13T13:00:00,,,,,,,,,,,,,,89,2002-12-13T06:01:00,,,,,,1028.3,2002-12-13T09:05:00,,,,1024.5,2002-12-13T14:16:00,,,,,,,,,,,,,,,,,,,10.4,,5.52,2002-12-13T12:00:00,,,,4.1,,,0,,12,,5,,0,,0,,0,,0,,0,,0,,0,,0,,0,,0,,0,,0,,0,,0,,0,,0,,0,,0,,0,,0,,0,,0,,0,,0,,0,,0,,0,,0,,0,,0,,0,,1,,1,,5,,0,,,10,,,5.5,2002-12-13T00:08:00,,,0.0,,43.5,,20.2,,0.0,,0.0,,0.0,,0.0,,0.0,,0.0,,0.0,,0.0,,0.0,,0.0,,0.0,,0.0,,0.0,,0.0,,0.0,,0.0,,0.0,,0.0,,0.0,,0.0,,0.0,,0.0,,0.0,,0.0,,0.0,,0.0,,0.0,,0.0,,0.0,,0.0,,0.0,,3.4,,3.8,,17.1,,0.0,
2002-12-14,1021.8,1025.0,1023.7,2002-12-14T00:16:00,1019.6,2002-12-14T15:19:00,19.7,24.8,2002-12-14T13:31:00,15.4,2002-12-14T00:52:00,12.8,66,46,2002-12-14T14:13:00,2.4,350,8.4,340,2002-12-14T14:02:00,0.0,0.0,0.0,,0.0,,8.4,78.6,13.87,,,,,,,,,,,,,,0.1,,16.6,2002-12-14T23:06:00,,,,9.8,2002-12-14T01:37:00,,,,,,,2.4,2002-12-14T13:00:00,,,,,,,,,,,,,,85,2002-12-14T23:06:00,,,,,,1026.9,2002-12-14T00:16:00,,,,1022.8,2002-12-14T15:19:00,,,,,,,,,,,,,,,,,,,9.4,,5.52,2002-12-14T12:00:00,,,,5.6,,,0,,3,,3,,0,,2,,0,,0,,0,,1,,3,,0,,0,,0,,0,,0,,0,,0,,0,,0,,0,,0,,0,,0,,0,,0,,0,,0,,0,,0,,1,,0,,0,,1,,1,,2,,4,,3,,0,,,320,,,5.1,2002-12-14T14:05:00,,,0.0,,5.6,,5.6,,0.0,,4.1,,0.0,,0.0,,0.0,,1.9,,6.0,,0.0,,0.0,,0.0,,0.0,,0.0,,0.0,,0.0,,0.0,,0.0,,0.0,,0.0,,0.0,,0.0,,0.0,,0.0,,0.0,,0.0,,0.0,,0.0,,3.7,,0.0,,0.0,,3.3,,3.5,,6.4,,11.8,,6.8,,0.0,
2002-12-15,1019.6,1022.8,1021.7,2002-12-15T00:01:00,1016.8,2002-12-15T14:32:00,20.9,26.8,2002-12-15T13:24:00,16.7,2002-12-15T04:49:00,14.6,69,40,2002-12-15T13:00:00,2.8,10,9.1,20,2002-12-15T19:00:00,0.0,0.0,0.0,,0.0,,9.3,87.0,14.75,,,,,,,,,,,,,,1.8,,16.5,2002-12-15T18:46:00,,,,11.8,2002-12-15T13:30:00,,,,,,,2.4,2002-12-15T12:00:00,,,,,,,,,,,,,,84,2002-12-15T01:16:00,,,,,,1024.9,2002-12-15T00:01:00,,,,1019.9,2002-12-15T14:32:00,,,,,,,,,,,,,,,,,,,10.1,,5.27,2002-12-15T12:00:00,,,,4.5,,,0,,6,,3,,0,,1,,2,,1,,1,,0,,1,,1,,0,,0,,0,,0,,0,,0,,0,,0,,0,,0,,0,,0,,0,,0,,0,,0,,0,,0,,0,,0,,0,,1,,1,,1,,3,,2,,0,,,350,,,5.6,2002-12-15T16:35:00,,,0.0,,14.4,,8.6,,0.0,,1.6,,2.5,,1.5,,1.2,,0.0,,1.9,,1.6,,0.0,,0.0,,0.0,,0.0,,0.0,,0.0,,0.0,,0.0,,0.0,,0.0,,0.0,,0.0,,0.0,,0.0,,0.0,,0.0,,0.0,,0.0,,0.0,,0.0,,0.0,,4.7,,4.9,,4.8,,11.9,,7.4,,0.0,
2002-12-16,1017.9,1021.1,1020.0,2002-12-16T08:20:00,1016.2,2002-12-16T15:03:00,22.0,27.5,2002-12-16T12:20:00,18.8,2002-12-16T03:53:00,15.3,66,42,2002-12-16T12:02:00,2.6,20,8.6,340,2002-12-16T14:15:00,-9.8,0.3,-9.8,2002-12-16T17:25:00,-9.8,2002-12-16T17:25:00,6.0,56.2,13.6,,,,,,,,,,,,,,5.8,,17.5,2002-12-16T15:59:00,,,,13.1,2002-12-16T12:04:00,,,,,,,2.39,2002-12-16T12:00:00,,,,,,,,,,,,,,77,2002-12-16T00:01:00,,,,,,1023.2,2002-12-16T08:20:00,,,,1019.3,2002-12-16T15:03:00,,,,,,,,,,,,,,,,,,,8.7,,5.44,2002-12-16T12:00:00,,,,5.9,,,0,,5,,5,,2,,0,,0,,1,,2,,0,,0,,0,,0,,0,,0,,0,,0,,0,,0,,0,,0,,0,,0,,0,,0,,0,,0,,0,,0,,1,,0,,0,,0,,3,,0,,2,,1,,2,,0,,,320,,,6.1,2002-12-16T14:18:00,,,0.0,,11.4,,14.4,,2.7,,0.0,,0.0,,1.3,,1.3,,0.0,,0.0,,0.0,,0.0,,0.0,,0.0,,0.0,,0.0,,0.0,,0.0,,0.0,,0.0,,0.0,,0.0,,0.0,,0.0,,0.0,,0.0,,0.0,,0.0,,0.5,,0.0,,0.0,,0.0,,13.1,,0.0,,6.3,,4.1,,6.9,,0.0,
2002-12-17,1016.1,1019.3,1018.0,2002-12-17T08:54:00,1013.5,2002-12-17T15:31:00,22.4,27.8,2002-12-17T12:31:00,18.6,2002-12-17T06:32:00,17.0,73,46,2002-12-17T12:32:00,1.9,360,7.0,40,2002-12-17T21:51:00,0.0,0.0,0.0,,0.0,,7.8,73.0,13.0,,,,,,,,,,,,,,2.3,,19.2,2002-12-17T18:22:00,,,,14.8,2002-12-17T13:00:00,,,,,,,2.26,2002-12-17T13:00:00,,,,,,,,,,,,,,93,2002-12-17T23:25:00,,,,,,1021.2,2002-12-17T08:54:00,,,,1016.6,2002-12-17T15:31:00,,,,,,,,,,,,,,,,,,,9.2,,4.78,2002-12-17T13:00:00,,,,2.7,,,1,,4,,3,,0,,1,,0,,0,,0,,0,,0,,1,,0,,0,,0,,0,,0,,1,,0,,1,,1,,0,,0,,0,,0,,0,,0,,0,,1,,0,,1,,2,,1,,0,,1,,1,,0,,4,,0,,,20,,,4.3,2002-12-17T23:24:00,,,0.2,,9.7,,4.6,,0.0,,0.5,,0.0,,0.0,,0.0,,0.0,,0.0,,1.0,,0.0,,0.0,,0.0,,0.0,,0.0,,1.7,,0.0,,1.3,,0.9,,0.0,,0.0,,0.0,,0.0,,0.0,,0.0,,0.0,,2.5,,0.0,,2.9,,4.7,,2.9,,0.0,,1.2,,2.4,,0.0,,10.0,,0.0,
2002-12-18,1013.0,1016.1,1016.2,2002-12-18T00:01:00,1010.3,2002-12-18T15:05:00,23.1,28.1,2002-12-18T14:11:00,18.5,2002-12-18T05:00:00,18.7,78,57,2002-12-18T12:54:00,2.1,20,6.3,320,2002-12-18T12:57:00,0.0,0.0,0.0,,0.0,,7.1,66.5,12.71,,,,,,,,,,,,,,2.0,,19.9,2002-12-18T12:00:00,,,,16.8,2002-12-18T08:08:00,,,,,,,2.29,2002-12-18T13:00:00,,,,,,,,,,,,,,100,2002-12-18T03:32:00,,,,,,1019.4,2002-12-18T00:01:00,,,,1013.4,2002-12-18T15:05:00,,,,,,,,,,,,,,,,,,,9.6,,4.65,2002-12-18T13:00:00,,,,2.0,,,0,,4,,5,,2,,0,,2,,1,,0,,0,,0,,0,,0,,0,,0,,0,,0,,0,,0,,0,,0,,0,,0,,0,,0,,0,,0,,0,,1,,0,,1,,1,,3,,1,,1,,0,,1,,1,,0,,,320,,,3.9,2002-12-18T13:07:00,,,0.0,,8.5,,10.5,,3.1,,0.0,,4.4,,2.7,,0.0,,0.0,,0.0,,0.0,,0.0,,0.0,,0.0,,0.0,,0.0,,0.0,,0.0,,0.0,,0.0,,0.0,,0.0,,0.0,,0.0,,0.0,,0.0,,0.0,,1.7,,0.0,,1.3,,2.0,,6.9,,3.0,,1.6,,0.0,,2.2,,1.8,,0.0,
2002-12-19,1010.8,1014.0,1014.0,2002-12-19T09:26:00,1009.2,2002-12-19T15:58:00,22.9,27.9,2002-12-19T12:21:00,18.8,2002-12-19T23:50:00,19.6,82,65,2002-12-19T12:21:00,3.3,350,18.4,360,2002-12-19T23:03:00,29.5,4.2,17.0,2002-12-19T23:00:00,18.0,2002-12-19T22:30:00,5.1,47.8,10.33,,,,,,,,,,,,,,6.6,,22.1,2002-12-19T15:27:00,,,,17.4,2002-12-19T03:50:00,,,,,,,2.24,2002-12-19T12:00:00,,,,,,,,,,,,,,100,2002-12-19T07:20:00,,,,,,1017.2,2002-12-19T09:26:00,,,,1012.3,2002-12-19T15:58:00,,,,,,,,,,,,,,,,,,,9.1,,5.75,2002-12-19T12:00:00,,,,5.5,,,0,,3,,2,,2,,2,,0,,2,,0,,1,,0,,0,,0,,0,,0,,1,,0,,1,,0,,0,,0,,0,,0,,0,,0,,0,,0,,0,,0,,0,,0,,0,,2,,0,,0,,2,,3,,3,,0,,,350,,,8.1,2002-12-19T23:08:00,,,0.0,,9.1,,6.7,,5.6,,6.0,,0.0,,5.0,,0.0,,2.5,,0.0,,0.0,,0.0,,0.0,,0.0,,2.9,,0.0,,2.2,,0.0,,0.0,,0.0,,0.0,,0.0,,0.0,,0.0,,0.0,,0.0,,0.0,,0.0,,0.0,,0.0,,0.0,,4.5,,0.0,,0.0,,11.0,,12.7,,10.3,,0.0,
2002-12-20,1009.6,1012.8,1012.0,2002-12-20T10:13:00,1007.5,2002-12-20T14:04:00,20.6,23.4,2002-12-20T14:36:00,18.8,2002-12-20T00:08:00,18.8,89,82,2002-12-20T14:36:00,3.1,10,10.7,30,2002-12-20T10:45:00,2.5,5.8,0.5,2002-12-20T11:10:00,1.0,2002-12-20T11:06:00,0.4,3.7,3.68,,,,,,,,,,,,,,9.1,,20.4,2002-12-20T13:55:00,,,,17.5,2002-12-20T00:14:00,,,,,,,0.72,2002-12-20T16:00:00,,,,,,,,,,,,,,100,2002-12-20T00:08:00,,,,,,1015.2,2002-12-20T10:13:00,,,,1010.6,2002-12-20T14:04:00,,,,,,,,,,,,,,,,,,,4.6,,2.08,2002-12-20T14:00:00,,,,5.5,,,1,,4,,2,,2,,2,,0,,1,,0,,2,,0,,0,,0,,1,,1,,0,,0,,0,,0,,0,,0,,0,,0,,0,,0,,0,,0,,0,,0,,0,,0,,0,,0,,1,,0,,1,,2,,4,,0,,,10,,,6.0,2002-12-20T10:47:00,,,0.2,,16.8,,6.7,,5.3,,6.3,,0.0,,3.3,,0.0,,6.2,,0.0,,0.0,,0.0,,2.4,,1.0,,0.0,,0.0,,0.0,,0.0,,0.0,,0.0,,0.0,,0.0,,0.0,,0.0,,0.0,,0.0,,0.0,,0.0,,0.0,,0.0,,0.0,,0.0,,2.0,,0.0,,3.5,,7.2,,13.6,,0.0,
2002-12-21,1010.6,1013.8,1013.0,2002-12-21T22:15:00,1007.8,2002-12-21T14:48:00,21.1,26.2,2002-12-21T14:49:00,19.5,2002-12-21T23:37:00,18.6,86,61,2002-12-21T14:49:00,3.1,20,11.1,20,2002-12-21T17:35:00,5.0,8.1,0.5,2002-12-21T18:42:00,1.5,2002-12-21T18:42:00,1.7,15.9,7.14,,,,,,,,,,,,,,8.0,,19.7,2002-12-21T00:04:00,,,,17.0,2002-12-21T12:42:00,,,,,,,1.87,2002-12-21T14:00:00,,,,,,,,,,,,,,98,2002-12-21T05:21:00,,,,,,1016.2,2002-12-21T22:15:00,,,,1010.9,2002-12-21T14:48:00,,,,,,,,,,,,,,,,,,,6.7,,4.55,2002-12-21T14:00:00,,,,6.0,,,0,,5,,6,,2,,1,,0,,1,,2,,0,,1,,0,,0,,0,,0,,0,,0,,0,,0,,0,,0,,0,,0,,0,,0,,0,,0,,0,,0,,0,,0,,0,,0,,0,,2,,0,,0,,4,,0,,,330,,,6.3,2002-12-21T15:03:00,,,0.0,,18.6,,18.2,,4.3,,2.8,,0.0,,2.5,,4.5,,0.0,,3.7,,0.0,,0.0,,0.0,,0.0,,0.0,,0.0,,0.0,,0.0,,0.0,,0.0,,0.0,,0.0,,0.0,,0.0,,0.0,,0.0,,0.0,,0.0,,0.0,,0.0,,0.0,,0.0,,0.0,,9.6,,0.0,,0.0,,10.3,,0.0,
2002-12-22,1012.9,1016.1,1014.8,2002-12-22T23:07:00,1011.3,2002-12-22T14:18:00,20.8,24.8,2002-12-22T13:27:00,17.7,2002-12-22T06:20:00,17.6,82,68,2002-12-22T13:25:00,3.7,360,8.7,20,2002-12-22T13:45:00,-9.8,0.2,-9.8,2002-12-22T19:56:00,-9.8,2002-12-22T19:56:00,5.9,55.3,12.36,,,,,,,,,,,,,,4.9,,18.9,2002-12-22T11:49:00,,,,16.0,2002-12-22T23:38:00,,,,,,,2.37,2002-12-22T12:00:00,,,,,,,,,,,,,,93,2002-12-22T03:26:00,,,,,,1018.0,2002-12-22T23:07:00,,,,1014.4,2002-12-22T14:18:00,,,,,,,,,,,,,,,,,,,7.1,,5.74,2002-12-22T12:00:00,,,,4.9,,,0,,5,,4,,0,,0,,0,,0,,0,,0,,0,,0,,0,,0,,0,,0,,0,,0,,0,,0,,0,,0,,0,,0,,0,,0,,0,,0,,0,,0,,0,,0,,0,,0,,0,,1,,5,,9,,0,,,20,,,5.2,2002-12-22T08:18:00,,,0.0,,16.8,,15.0,,0.0,,0.0,,0.0,,0.0,,0.0,,0.0,,0.0,,0.0,,0.0,,0.0,,0.0,,0.0,,0.0,,0.0,,0.0,,0.0,,0.0,,0.0,,0.0,,0.0,,0.0,,0.0,,0.0,,0.0,,0.0,,0.0,,0.0,,0.0,,0.0,,0.0,,0.0,,4.5,,19.0,,33.8,,0.0,
2002-12-23,1014.2,1017.4,1016.5,2002-12-23T09:35:00,1012.3,2002-12-23T14:24:00,20.2,23.1,2002-12-23T13:31:00,18.2,2002-12-23T04:53:00,16.2,78,68,2002-12-23T13:31:00,3.7,10,9.8,30,2002-12-23T12:51:00,-9.8,0.1,-9.8,2002-12-23T10:50:00,-9.8,2002-12-23T10:50:00,0.2,1.9,6.35,,,,,,,,,,,,,,9.3,,17.3,2002-12-23T17:21:00,,,,15.1,2002-12-23T06:39:00,,,,,,,1.39,2002-12-23T13:00:00,,,,,,,,,,,,,,85,2002-12-23T02:00:00,,,,,,1019.7,2002-12-23T09:35:00,,,,1015.4,2002-12-23T14:24:00,,,,,,,,,,,,,,,,,,,4.9,,3.83,2002-12-23T13:00:00,,,,5.1,,,0,,15,,1,,0,,0,,0,,0,,0,,0,,0,,0,,0,,0,,0,,0,,0,,0,,0,,0,,0,,0,,0,,0,,0,,0,,0,,0,,0,,0,,0,,0,,0,,0,,0,,0,,0,,8,,0,,,10,,,6.0,2002-12-23T12:53:00,,,0.0,,58.5,,4.4,,0.0,,0.0,,0.0,,0.0,,0.0,,0.0,,0.0,,0.0,,0.0,,0.0,,0.0,,0.0,,0.0,,0.0,,0.0,,0.0,,0.0,,0.0,,0.0,,0.0,,0.0,,0.0,,0.0,,0.0,,0.0,,0.0,,0.0,,0.0,,0.0,,0.0,,0.0,,0.0,,0.0,,26.2,,0.0,
2002-12-24,1014.5,1017.7,1016.2,2002-12-24T08:35:00,1012.7,2002-12-24T14:11:00,20.6,25.2,2002-12-24T14:21:00,17.9,2002-12-24T05:52:00,16.4,77,60,2002-12-24T14:17:00,3.3,10,8.5,30,2002-12-24T21:24:00,0.0,0.0,0.0,,0.0,,2.8,26.2,11.42,,,,,,,,,,,,,,8.1,,18.0,2002-12-24T12:26:00,,,,14.8,2002-12-24T07:08:00,,,,,,,1.86,2002-12-24T13:00:00,,,,,,,,,,,,,,84,2002-12-24T04:07:00,,,,,,1019.4,2002-12-24T08:35:00,,,,1015.8,2002-12-24T14:11:00,,,,,,,,,,,,,,,,,,,7.3,,4.67,2002-12-24T13:00:00,,,,6.4,,,0,,10,,2,,0,,0,,0,,0,,0,,0,,0,,0,,0,,0,,0,,0,,0,,0,,0,,0,,0,,0,,0,,0,,0,,0,,0,,0,,0,,0,,0,,0,,0,,0,,0,,0,,5,,7,,0,,,350,,,4.9,2002-12-24T16:35:00,,,0.0,,33.5,,6.6,,0.0,,0.0,,0.0,,0.0,,0.0,,0.0,,0.0,,0.0,,0.0,,0.0,,0.0,,0.0,,0.0,,0.0,,0.0,,0.0,,0.0,,0.0,,0.0,,0.0,,0.0,,0.0,,0.0,,0.0,,0.0,,0.0,,0.0,,0.0,,0.0,,0.0,,0.0,,0.0,,16.6,,23.2,,0.0,
2002-12-25,1015.5,1018.7,1017.3,2002-12-25T21:00:00,1013.3,2002-12-25T14:26:00,18.8,23.0,2002-12-25T12:34:00,15.3,2002-12-25T23:58:00,15.1,79,70,2002-12-25T14:13:00,5.7,10,15.9,50,2002-12-25T16:34:00,0.0,0.0,0.0,,0.0,,5.0,46.8,11.85,,,,,,,,,,,,,,7.9,,17.7,2002-12-25T12:43:00,,,,11.4,2002-12-25T23:50:00,,,,,,,2.27,2002-12-25T13:00:00,,,,,,,,,,,,,,88,2002-12-25T05:24:00,,,,,,1020.5,2002-12-25T21:00:00,,,,1016.5,2002-12-25T14:26:00,,,,,,,,,,,,,,,,,,,7.7,,5.84,2002-12-25T13:00:00,,,,8.1,,,0,,13,,2,,0,,0,,0,,0,,0,,0,,0,,0,,0,,0,,0,,0,,0,,0,,0,,0,,0,,0,,0,,0,,0,,0,,0,,0,,0,,0,,0,,0,,0,,0,,0,,0,,0,,9,,0,,,360,,,8.8,2002-12-25T16:38:00,,,0.0,,78.0,,8.3,,0.0,,0.0,,0.0,,0.0,,0.0,,0.0,,0.0,,0.0,,0.0,,0.0,,0.0,,0.0,,0.0,,0.0,,0.0,,0.0,,0.0,,0.0,,0.0,,0.0,,0.0,,0.0,,0.0,,0.0,,0.0,,0.0,,0.0,,0.0,,0.0,,0.0,,0.0,,0.0,,0.0,,50.1,,0.0,
2002-12-26,1016.1,1019.3,1019.5,2002-12-26T09:16:00,1013.0,2002-12-26T14:49:00,14.2,15.8,2002-12-26T15:34:00,12.8,2002-12-26T23:59:00,12.0,87,75,2002-12-26T08:52:00,5.1,10,13.4,40,2002-12-26T09:14:00,10.0,10.5,1.0,2002-12-26T18:23:00,3.0,2002-12-26T17:41:00,0.0,0.0,1.04,,,,,,,,,,,,,,9.6,,13.7,2002-12-26T18:16:00,,,,10.2,2002-12-26T05:58:00,,,,,,,0.38,2002-12-26T14:00:00,,,,,,,,,,,,,,100,2002-12-26T18:16:00,,,,,,1022.8,2002-12-26T09:16:00,,,,1016.2,2002-12-26T14:49:00,,,,,,,,,,,,,,,,,,,3.0,,1.21,2002-12-26T14:00:00,,,,5.6,,,0,,16,,4,,0,,0,,0,,0,,0,,0,,0,,0,,0,,0,,0,,0,,0,,0,,0,,0,,0,,0,,0,,0,,0,,0,,0,,0,,0,,0,,0,,0,,0,,0,,0,,0,,0,,4,,0,,,10,,,7.9,2002-12-26T07:19:00,,,0.0,,80.1,,20.9,,0.0,,0.0,,0.0,,0.0,,0.0,,0.0,,0.0,,0.0,,0.0,,0.0,,0.0,,0.0,,0.0,,0.0,,0.0,,0.0,,0.0,,0.0,,0.0,,0.0,,0.0,,0.0,,0.0,,0.0,,0.0,,0.0,,0.0,,0.0,,0.0,,0.0,,0.0,,0.0,,0.0,,21.9,,0.0,
2002-12-27,1016.5,1019.7,1018.9,2002-12-27T11:03:00,1014.8,2002-12-27T03:10:00,12.9,14.0,2002-12-27T16:02:00,11.9,2002-12-27T05:06:00,12.8,99,96,2002-12-27T16:03:00,4.7,10,11.4,60,2002-12-27T00:34:00,9.0,6.0,1.0,2002-12-27T04:12:00,2.5,2002-12-27T03:52:00,0.0,0.0,2.37,,,,,,,,,,,,,,9.9,,13.7,2002-12-27T15:36:00,,,,11.8,2002-12-27T08:19:00,,,,,,,0.48,2002-12-27T10:00:00,,,,,,,,,,,,,,100,2002-12-27T00:01:00,,,,,,1022.2,2002-12-27T11:03:00,,,,1018.1,2002-12-27T03:10:00,,,,,,,,,,,,,,,,,,,2.1,,1.63,2002-12-27T12:00:00,,,,5.0,,,0,,11,,7,,0,,0,,0,,0,,0,,0,,0,,0,,0,,0,,0,,0,,0,,0,,0,,0,,0,,0,,0,,0,,0,,0,,0,,0,,0,,0,,0,,0,,0,,0,,0,,1,,0,,5,,0,,,20,,,6.8,2002-12-27T02:25:00,,,0.0,,55.3,,28.2,,0.0,,0.0,,0.0,,0.0,,0.0,,0.0,,0.0,,0.0,,0.0,,0.0,,0.0,,0.0,,0.0,,0.0,,0.0,,0.0,,0.0,,0.0,,0.0,,0.0,,0.0,,0.0,,0.0,,0.0,,0.0,,0.0,,0.0,,0.0,,0.0,,0.0,,0.0,,4.1,,0.0,,24.0,,0.0,
2002-12-28,1016.0,1019.2,1018.3,2002-12-28T09:39:00,1013.5,2002-12-28T15:09:00,16.1,20.5,2002-12-28T15:22:00,13.2,2002-12-28T02:49:00,15.1,94,80,2002-12-28T15:21:00,3.1,10,7.7,30,2002-12-28T18:55:00,0.0,0.0,0.0,,0.0,,0.0,0.0,7.22,,,,,,,,,,,,,,9.3,,17.0,2002-12-28T14:29:00,,,,12.8,2002-12-28T00:12:00,,,,,,,1.19,2002-12-28T12:00:00,,,,,,,,,,,,,,100,2002-12-28T02:48:00,,,,,,1021.5,2002-12-28T09:39:00,,,,1016.7,2002-12-28T15:09:00,,,,,,,,,,,,,,,,,,,7.3,,3.61,2002-12-28T12:00:00,,,,4.6,,,0,,12,,4,,0,,1,,0,,0,,0,,0,,0,,0,,0,,0,,0,,0,,0,,0,,0,,0,,0,,0,,0,,0,,0,,0,,0,,0,,0,,0,,0,,0,,0,,0,,0,,1,,1,,5,,0,,,10,,,4.7,2002-12-28T18:49:00,,,0.0,,38.8,,11.3,,0.0,,2.8,,0.0,,0.0,,0.0,,0.0,,0.0,,0.0,,0.0,,0.0,,0.0,,0.0,,0.0,,0.0,,0.0,,0.0,,0.0,,0.0,,0.0,,0.0,,0.0,,0.0,,0.0,,0.0,,0.0,,0.0,,0.0,,0.0,,0.0,,0.0,,0.0,,3.5,,3.2,,14.8,,0.0,
2002-12-29,1016.5,1019.7,1018.7,2002-12-29T09:56:00,1014.7,2002-12-29T14:54:00,18.2,23.0,2002-12-29T15:45:00,15.1,2002-12-29T06:38:00,16.7,91,74,2002-12-29T15:34:00,4.0,10,10.9,360,2002-12-29T17:19:00,0.0,0.0,0.0,,0.0,,4.0,37.4,11.79,,,,,,,,,,,,,,6.0,,18.6,2002-12-29T14:16:00,,,,14.8,2002-12-29T06:44:00,,,,,,,1.85,2002-12-29T12:00:00,,,,,,,,,,,,,,100,2002-12-29T07:03:00,,,,,,1021.9,2002-12-29T09:56:00,,,,1017.8,2002-12-29T14:54:00,,,,,,,,,,,,,,,,,,,7.9,,4.95,2002-12-29T12:00:00,,,,4.5,,,0,,11,,3,,0,,0,,0,,0,,0,,0,,0,,0,,0,,0,,0,,0,,0,,0,,0,,0,,0,,0,,0,,0,,0,,0,,0,,0,,0,,0,,0,,0,,0,,0,,0,,0,,3,,7,,0,,,350,,,6.6,2002-12-29T17:20:00,,,0.0,,45.8,,11.1,,0.0,,0.0,,0.0,,0.0,,0.0,,0.0,,0.0,,0.0,,0.0,,0.0,,0.0,,0.0,,0.0,,0.0,,0.0,,0.0,,0.0,,0.0,,0.0,,0.0,,0.0,,0.0,,0.0,,0.0,,0.0,,0.0,,0.0,,0.0,,0.0,,0.0,,0.0,,0.0,,12.8,,26.6,,0.0,
2002-12-30,1014.3,1017.4,1016.5,2002-12-30T00:01:00,1011.5,2002-12-30T13:55:00,19.5,25.1,2002-12-30T12:58:00,16.8,2002-12-30T03:31:00,17.2,87,64,2002-12-30T13:08:00,4.9,10,14.4,50,2002-12-30T15:31:00,0.0,0.0,0.0,,0.0,,6.9,64.5,13.93,,,,,,,,,,,,,,4.4,,19.1,2002-12-30T14:08:00,,,,16.1,2002-12-30T08:15:00,,,,,,,2.4,2002-12-30T13:00:00,,,,,,,,,,,,,,100,2002-12-30T01:18:00,,,,,,1019.7,2002-12-30T00:01:00,,,,1014.6,2002-12-30T13:55:00,,,,,,,,,,,,,,,,,,,8.3,,5.84,2002-12-30T12:00:00,,,,4.6,,,0,,11,,1,,0,,0,,0,,0,,0,,0,,0,,0,,0,,0,,0,,0,,0,,0,,0,,0,,0,,0,,0,,0,,0,,0,,0,,0,,0,,0,,0,,0,,0,,0,,0,,0,,2,,10,,0,,,10,,,8.2,2002-12-30T15:57:00,,,0.0,,52.5,,4.2,,0.0,,0.0,,0.0,,0.0,,0.0,,0.0,,0.0,,0.0,,0.0,,0.0,,0.0,,0.0,,0.0,,0.0,,0.0,,0.0,,0.0,,0.0,,0.0,,0.0,,0.0,,0.0,,0.0,,0.0,,0.0,,0.0,,0.0,,0.0,,0.0,,0.0,,0.0,,0.0,,9.8,,51.7,,0.0,
2002-12-31,1015.6,1018.8,1017.8,2002-12-31T22:37:00,1013.8,2002-12-31T13:42:00,17.7,22.5,2002-12-31T12:04:00,14.0,2002-12-31T23:38:00,13.7,78,61,2002-12-31T11:53:00,5.7,360,13.3,30,2002-12-31T09:49:00,0.0,0.0,0.0,,0.0,,9.2,86.0,14.91,,,,,,,,,,,,,,0.6,,16.2,2002-12-31T00:01:00,,,,10.7,2002-12-31T23:12:00,,,,,,,2.4,2002-12-31T12:00:00,,,,,,,,,,,,,,93,2002-12-31T03:48:00,,,,,,1021.0,2002-12-31T22:37:00,,,,1017.0,2002-12-31T13:42:00,,,,,,,,,,,,,,,,,,,8.5,,6.05,2002-12-31T12:00:00,,,,4.1,,,0,,9,,2,,0,,0,,0,,0,,0,,0,,0,,0,,0,,0,,0,,0,,0,,0,,0,,0,,0,,0,,0,,0,,0,,0,,0,,0,,0,,0,,0,,0,,0,,0,,0,,0,,2,,11,,0,,,360,,,7.4,2002-12-31T09:56:00,,,0.0,,51.5,,12.6,,0.0,,0.0,,0.0,,0.0,,0.0,,0.0,,0.0,,0.0,,0.0,,0.0,,0.0,,0.0,,0.0,,0.0,,0.0,,0.0,,0.0,,0.0,,0.0,,0.0,,0.0,,0.0,,0.0,,0.0,,0.0,,0.0,,0.0,,0.0,,0.0,,0.0,,0.0,,0.0,,11.9,,60.2,,0.0,
