,StnPres,Tx,RH,WS,WD,WSGust,WDGust,Precp,GloblRad,TxSoil0cm,TxSoil5cm,TxSoil20cm,TxSoil50cm,TxSoil100cm,AirTemperature.Instantaneousf,GlobalSolarRadiation.Accumulationf,PeakGust.Directionf,PeakGust.MaximumTime,PeakGust.MaximumTimef,PeakGust.Maximumf,Precipitation.Accumulationf,Precipitation.MeltFlag,Precipitation.MeltFlagf,RelativeHumidity.Instantaneousf,SoilTemperatureAt0cm.Instantaneousf,SoilTemperatureAt100cm.Instantaneousf,SoilTemperatureAt10cm.Instantaneousf,SoilTemperatureAt20cm.Instantaneousf,SoilTemperatureAt50cm.Instantaneousf,SoilTemperatureAt5cm.Instantaneousf,StationPressure.Instantaneousf,SunShine,SunshineDuration.Totalf,TxSoil10cm,WindDirection.Meanf,WindSpeed.Meanf
2020-01-01 01:00:00,938.4,11.6,100,0.0,0.0,0.4,228.0,0.0,,,,,,,,,,2020-01-01T00:02:00,,,,0,,,,,,,,,,,,,,
2020-01-01 02:00:00,937.9,11.7,100,0.0,0.0,0.2,0.0,0.0,,,,,,,,,,2020-01-01T01:32:00,,,,0,,,,,,,,,,,,,,
2020-01-01 03:00:00,937.8,11.6,100,0.0,0.0,0.8,101.0,0.0,,,,,,,,,,2020-01-01T02:31:00,,,,0,,,,,,,,,,,,,,
2020-01-01 04:00:00,938.0,11.5,100,0.0,0.0,0.8,232.0,0.0,,,,,,,,,,2020-01-01T03:42:00,,,,0,,,,,,,,,,,,,,
2020-01-01 05:00:00,938.3,11.4,100,0.0,0.0,1.1,226.0,0.0,,,,,,,,,,2020-01-01T04:43:00,,,,0,,,,,,,,,,,,,,
2020-01-01 06:00:00,938.8,11.2,100,0.6,218.0,1.2,199.0,0.0,,,,,,,,,,2020-01-01T05:39:00,,,,0,,,,,,,,,,,,,,
2020-01-01 07:00:00,939.1,11.7,100,0.1,0.0,1.5,207.0,0.0,,,,,,,,,,2020-01-01T06:06:00,,,,0,,,,,,,,,,,,,,
2020-01-01 08:00:00,939.7,12.7,98,0.0,0.0,0.8,50.0,0.0,,,,,,,,,,2020-01-01T07:32:00,,,,0,,,,,,,,,,,,,,
2020-01-01 09:00:00,940.1,13.9,96,0.4,31.0,1.0,78.0,0.0,,,,,,,,,,2020-01-01T08:24:00,,,,0,,,,,,,,,,,,,,
2020-01-01 10:00:00,939.9,14.9,90,1.3,93.0,2.6,102.0,0.0,,,,,,,,,,2020-01-01T09:50:00,,,,0,,,,,,,,,,,,,,
2020-01-01 11:00:00,939.3,15.7,85,1.6,104.0,3.9,77.0,0.0,,,,,,,,,,2020-01-01T10:29:00,,,,0,,,,,,,,,,,,,,
2020-01-01 12:00:00,938.4,16.2,81,1.0,103.0,4.3,76.0,0.0,,,,,,,,,,2020-01-01T11:20:00,,,,0,,,,,,,,,,,,,,
2020-01-01 13:00:00,937.3,16.4,81,0.8,51.0,5.2,106.0,0.0,,,,,,,,,,2020-01-01T12:43:00,,,,0,,,,,,,,,,,,,,
2020-01-01 14:00:00,936.9,16.3,80,1.4,30.0,4.2,80.0,0.0,,,,,,,,,,2020-01-01T13:40:00,,,,0,,,,,,,,,,,,,,
2020-01-01 15:00:00,936.8,15.9,81,1.2,60.0,4.9,34.0,0.0,,,,,,,,,,2020-01-01T14:04:00,,,,0,,,,,,,,,,,,,,
2020-01-01 16:00:00,937.2,15.6,83,1.2,106.0,4.1,94.0,0.0,,,,,,,,,,2020-01-01T15:18:00,,,,0,,,,,,,,,,,,,,
2020-01-01 17:00:00,937.6,15.2,89,0.1,0.0,1.8,75.0,0.0,,,,,,,,,,2020-01-01T16:06:00,,,,0,,,,,,,,,,,,,,
2020-01-01 18:00:00,937.9,14.0,92,1.2,144.0,3.0,122.0,0.0,,,,,,,,,,2020-01-01T17:37:00,,,,0,,,,,,,,,,,,,,
2020-01-01 19:00:00,938.9,13.7,97,0.2,0.0,1.8,124.0,0.0,,,,,,,,,,2020-01-01T18:23:00,,,,0,,,,,,,,,,,,,,
2020-01-01 20:00:00,938.9,13.0,98,0.4,194.0,0.9,187.0,0.0,,,,,,,,,,2020-01-01T19:47:00,,,,0,,,,,,,,,,,,,,
2020-01-01 21:00:00,939.0,12.2,99,0.9,219.0,2.0,206.0,0.0,,,,,,,,,,2020-01-01T20:29:00,,,,0,,,,,,,,,,,,,,
2020-01-01 22:00:00,938.8,11.6,98,1.2,198.0,2.0,233.0,0.0,,,,,,,,,,2020-01-01T21:30:00,,,,0,,,,,,,,,,,,,,
2020-01-01 23:00:00,938.7,12.1,98,0.7,211.0,1.8,197.0,0.0,,,,,,,,,,2020-01-01T22:03:00,,,,0,,,,,,,,,,,,,,
2020-01-02 00:00:00,938.3,11.9,96,0.7,212.0,1.6,201.0,0.0,,,,,,,,,,2020-01-01T23:43:00,,,,0,,,,,,,,,,,,,,
2020-01-02 01:00:00,938.1,11.0,98,0.9,220.0,2.0,244.0,0.0,,,,,,,,,,2020-01-02T00:25:00,,,,0,,,,,,,,,,,,,,
2020-01-02 02:00:00,937.6,11.3,96,0.2,0.0,2.0,172.0,0.0,,,,,,,,,,2020-01-02T01:11:00,,,,0,,,,,,,,,,,,,,
2020-01-02 03:00:00,936.9,11.9,93,1.2,249.0,1.6,212.0,0.0,,,,,,,,,,2020-01-02T02:49:00,,,,0,,,,,,,,,,,,,,
2020-01-02 04:00:00,936.8,11.7,96,0.7,172.0,1.3,110.0,0.0,,,,,,,,,,2020-01-02T03:38:00,,,,0,,,,,,,,,,,,,,
2020-01-02 05:00:00,936.9,11.9,96,0.2,0.0,1.4,217.0,0.0,,,,,,,,,,2020-01-02T04:38:00,,,,0,,,,,,,,,,,,,,
2020-01-02 06:00:00,937.5,12.0,97,0.4,161.0,1.6,201.0,0.0,,,,,,,,,,2020-01-02T05:40:00,,,,0,,,,,,,,,,,,,,
2020-01-02 07:00:00,938.3,12.4,96,1.0,239.0,1.3,238.0,0.0,,,,,,,,,,2020-01-02T06:57:00,,,,0,,,,,,,,,,,,,,
2020-01-02 08:00:00,938.8,13.8,91,0.1,0.0,1.0,226.0,0.0,,,,,,,,,,2020-01-02T07:02:00,,,,0,,,,,,,,,,,,,,
2020-01-02 09:00:00,939.2,15.3,82,1.1,94.0,2.3,85.0,0.0,,,,,,,,,,2020-01-02T08:58:00,,,,0,,,,,,,,,,,,,,
2020-01-02 10:00:00,939.0,16.1,82,1.2,128.0,3.9,109.0,0.0,,,,,,,,,,2020-01-02T09:32:00,,,,0,,,,,,,,,,,,,,
2020-01-02 11:00:00,938.2,17.1,78,0.8,75.0,4.1,121.0,0.0,,,,,,,,,,2020-01-02T10:27:00,,,,0,,,,,,,,,,,,,,
2020-01-02 12:00:00,937.2,16.9,77,1.8,64.0,6.0,105.0,0.0,,,,,,,,,,2020-01-02T11:55:00,,,,0,,,,,,,,,,,,,,
2020-01-02 13:00:00,936.5,16.7,80,1.4,94.0,5.5,74.0,0.0,,,,,,,,,,2020-01-02T12:40:00,,,,0,,,,,,,,,,,,,,
2020-01-02 14:00:00,936.3,16.9,79,1.4,93.0,4.4,80.0,0.0,,,,,,,,,,2020-01-02T13:01:00,,,,0,,,,,,,,,,,,,,
2020-01-02 15:00:00,935.7,17.4,78,0.7,135.0,3.9,89.0,0.0,,,,,,,,,,2020-01-02T14:04:00,,,,0,,,,,,,,,,,,,,
2020-01-02 16:00:00,935.8,16.0,85,0.9,154.0,2.7,128.0,0.0,,,,,,,,,,2020-01-02T15:40:00,,,,0,,,,,,,,,,,,,,
2020-01-02 17:00:00,936.5,15.5,87,0.9,168.0,2.3,177.0,0.0,,,,,,,,,,2020-01-02T16:42:00,,,,0,,,,,,,,,,,,,,
2020-01-02 18:00:00,936.8,14.8,93,0.7,174.0,1.8,166.0,0.0,,,,,,,,,,2020-01-02T17:21:00,,,,0,,,,,,,,,,,,,,
2020-01-02 19:00:00,937.3,15.0,94,0.7,194.0,1.3,125.0,0.0,,,,,,,,,,2020-01-02T18:11:00,,,,0,,,,,,,,,,,,,,
2020-01-02 20:00:00,937.6,14.7,95,0.3,147.0,1.6,111.0,0.0,,,,,,,,,,2020-01-02T19:27:00,,,,0,,,,,,,,,,,,,,
2020-01-02 21:00:00,938.0,14.6,97,0.0,0.0,0.7,281.0,0.0,,,,,,,,,,2020-01-02T20:33:00,,,,0,,,,,,,,,,,,,,
2020-01-02 22:00:00,937.7,13.5,97,1.1,209.0,1.4,208.0,0.0,,,,,,,,,,2020-01-02T21:58:00,,,,0,,,,,,,,,,,,,,
2020-01-02 23:00:00,937.4,11.9,97,1.5,198.0,2.2,203.0,0.0,,,,,,,,,,2020-01-02T22:11:00,,,,0,,,,,,,,,,,,,,
2020-01-03 00:00:00,937.5,11.9,96,1.5,212.0,2.6,205.0,0.0,,,,,,,,,,2020-01-02T23:38:00,,,,0,,,,,,,,,,,,,,
2020-01-03 01:00:00,937.4,11.7,95,1.1,238.0,1.8,232.0,0.0,,,,,,,,,,2020-01-03T00:58:00,,,,0,,,,,,,,,,,,,,
2020-01-03 02:00:00,936.7,11.5,91,0.8,220.0,2.3,219.0,0.0,,,,,,,,,,2020-01-03T01:34:00,,,,0,,,,,,,,,,,,,,
2020-01-03 03:00:00,936.3,11.2,90,1.0,232.0,2.4,279.0,0.0,,,,,,,,,,2020-01-03T02:50:00,,,,0,,,,,,,,,,,,,,
2020-01-03 04:00:00,936.1,10.7,90,1.1,241.0,3.3,288.0,0.0,,,,,,,,,,2020-01-03T03:11:00,,,,0,,,,,,,,,,,,,,
2020-01-03 05:00:00,936.3,10.5,90,0.8,231.0,4.1,283.0,0.0,,,,,,,,,,2020-01-03T04:24:00,,,,0,,,,,,,,,,,,,,
2020-01-03 06:00:00,936.4,10.1,91,1.3,223.0,2.9,225.0,0.0,,,,,,,,,,2020-01-03T05:57:00,,,,0,,,,,,,,,,,,,,
2020-01-03 07:00:00,937.0,10.1,90,1.4,231.0,3.2,217.0,0.0,,,,,,,,,,2020-01-03T06:55:00,,,,0,,,,,,,,,,,,,,
2020-01-03 08:00:00,937.1,10.9,88,0.1,0.0,2.1,249.0,0.0,,,,,,,,,,2020-01-03T07:04:00,,,,0,,,,,,,,,,,,,,
2020-01-03 09:00:00,937.3,14.8,76,0.3,131.0,1.0,155.0,0.0,,,,,,,,,,2020-01-03T08:45:00,,,,0,,,,,,,,,,,,,,
2020-01-03 10:00:00,937.1,17.5,66,0.7,99.0,1.7,90.0,0.0,,,,,,,,,,2020-01-03T09:57:00,,,,0,,,,,,,,,,,,,,
2020-01-03 11:00:00,936.3,17.8,65,1.0,67.0,4.2,36.0,0.0,,,,,,,,,,2020-01-03T10:46:00,,,,0,,,,,,,,,,,,,,
2020-01-03 12:00:00,935.3,18.0,65,2.1,81.0,6.4,74.0,0.0,,,,,,,,,,2020-01-03T11:55:00,,,,0,,,,,,,,,,,,,,
2020-01-03 13:00:00,934.3,17.9,69,1.2,97.0,5.1,67.0,0.0,,,,,,,,,,2020-01-03T12:31:00,,,,0,,,,,,,,,,,,,,
2020-01-03 14:00:00,934.2,17.3,74,1.5,122.0,5.8,90.0,0.0,,,,,,,,,,2020-01-03T13:22:00,,,,0,,,,,,,,,,,,,,
2020-01-03 15:00:00,934.0,17.0,73,0.6,142.0,3.2,75.0,0.0,,,,,,,,,,2020-01-03T14:14:00,,,,0,,,,,,,,,,,,,,
2020-01-03 16:00:00,934.2,16.3,82,1.0,189.0,2.9,146.0,0.0,,,,,,,,,,2020-01-03T15:56:00,,,,0,,,,,,,,,,,,,,
2020-01-03 17:00:00,934.5,15.8,86,1.1,144.0,3.4,80.0,0.0,,,,,,,,,,2020-01-03T16:04:00,,,,0,,,,,,,,,,,,,,
2020-01-03 18:00:00,934.7,15.3,90,1.0,153.0,2.7,141.0,0.0,,,,,,,,,,2020-01-03T17:50:00,,,,0,,,,,,,,,,,,,,
2020-01-03 19:00:00,935.3,14.8,94,0.0,0.0,1.7,170.0,0.0,,,,,,,,,,2020-01-03T18:10:00,,,,0,,,,,,,,,,,,,,
2020-01-03 20:00:00,935.9,14.6,95,0.2,0.0,0.9,157.0,0.0,,,,,,,,,,2020-01-03T19:55:00,,,,0,,,,,,,,,,,,,,
2020-01-03 21:00:00,936.2,14.6,95,0.1,0.0,1.7,87.0,0.0,,,,,,,,,,2020-01-03T20:26:00,,,,0,,,,,,,,,,,,,,
2020-01-03 22:00:00,936.0,14.3,96,0.3,240.0,0.8,249.0,0.0,,,,,,,,,,2020-01-03T21:39:00,,,,0,,,,,,,,,,,,,,
2020-01-03 23:00:00,935.6,14.3,97,0.2,0.0,1.2,131.0,0.0,,,,,,,,,,2020-01-03T22:45:00,,,,0,,,,,,,,,,,,,,
2020-01-04 00:00:00,935.4,14.2,98,0.4,247.0,0.9,281.0,0.0,,,,,,,,,,2020-01-03T23:50:00,,,,0,,,,,,,,,,,,,,
2020-01-04 01:00:00,934.8,12.7,94,0.8,239.0,2.4,288.0,0.0,,,,,,,,,,2020-01-04T00:53:00,,,,0,,,,,,,,,,,,,,
2020-01-04 02:00:00,934.3,10.9,95,1.8,212.0,2.7,200.0,0.0,,,,,,,,,,2020-01-04T01:55:00,,,,0,,,,,,,,,,,,,,
2020-01-04 03:00:00,934.0,10.7,93,1.5,223.0,2.6,205.0,0.0,,,,,,,,,,2020-01-04T02:33:00,,,,0,,,,,,,,,,,,,,
2020-01-04 04:00:00,933.9,9.8,97,1.6,216.0,2.4,214.0,0.0,,,,,,,,,,2020-01-04T03:44:00,,,,0,,,,,,,,,,,,,,
2020-01-04 05:00:00,934.0,10.3,92,1.2,235.0,2.3,305.0,0.0,,,,,,,,,,2020-01-04T04:54:00,,,,0,,,,,,,,,,,,,,
2020-01-04 06:00:00,934.6,10.8,86,1.0,236.0,2.9,231.0,0.0,,,,,,,,,,2020-01-04T05:58:00,,,,0,,,,,,,,,,,,,,
2020-01-04 07:00:00,935.1,10.1,90,0.9,209.0,2.9,321.0,0.0,,,,,,,,,,2020-01-04T06:24:00,,,,0,,,,,,,,,,,,,,
2020-01-04 08:00:00,935.7,11.5,87,0.6,239.0,2.2,300.0,0.0,,,,,,,,,,2020-01-04T07:04:00,,,,0,,,,,,,,,,,,,,
2020-01-04 09:00:00,936.0,16.0,73,0.0,0.0,1.3,160.0,0.0,,,,,,,,,,2020-01-04T08:05:00,,,,0,,,,,,,,,,,,,,
2020-01-04 10:00:00,935.6,16.8,65,1.2,103.0,2.8,106.0,0.0,,,,,,,,,,2020-01-04T09:57:00,,,,0,,,,,,,,,,,,,,
2020-01-04 11:00:00,935.0,17.4,67,1.1,65.0,3.5,90.0,0.0,,,,,,,,,,2020-01-04T10:10:00,,,,0,,,,,,,,,,,,,,
2020-01-04 12:00:00,933.7,18.4,70,1.8,64.0,5.2,111.0,0.0,,,,,,,,,,2020-01-04T11:07:00,,,,0,,,,,,,,,,,,,,
2020-01-04 13:00:00,932.8,17.7,71,2.1,127.0,6.0,78.0,0.0,,,,,,,,,,2020-01-04T12:07:00,,,,0,,,,,,,,,,,,,,
2020-01-04 14:00:00,932.4,17.4,74,1.8,76.0,5.1,89.0,0.0,,,,,,,,,,2020-01-04T13:16:00,,,,0,,,,,,,,,,,,,,
2020-01-04 15:00:00,932.2,17.2,74,0.6,80.0,5.0,56.0,0.0,,,,,,,,,,2020-01-04T14:01:00,,,,0,,,,,,,,,,,,,,
2020-01-04 16:00:00,932.4,17.2,78,0.0,0.0,2.0,225.0,0.0,,,,,,,,,,2020-01-04T15:06:00,,,,0,,,,,,,,,,,,,,
2020-01-04 17:00:00,933.1,15.9,87,0.7,210.0,1.6,139.0,0.0,,,,,,,,,,2020-01-04T16:18:00,,,,0,,,,,,,,,,,,,,
2020-01-04 18:00:00,933.8,15.3,89,1.0,196.0,1.8,204.0,0.0,,,,,,,,,,2020-01-04T17:36:00,,,,0,,,,,,,,,,,,,,
2020-01-04 19:00:00,934.4,14.7,91,1.1,196.0,2.1,204.0,0.0,,,,,,,,,,2020-01-04T18:01:00,,,,0,,,,,,,,,,,,,,
2020-01-04 20:00:00,935.0,13.3,95,1.6,207.0,2.4,196.0,0.0,,,,,,,,,,2020-01-04T19:38:00,,,,0,,,,,,,,,,,,,,
2020-01-04 21:00:00,935.4,14.4,96,0.2,0.0,2.4,207.0,0.0,,,,,,,,,,2020-01-04T20:08:00,,,,0,,,,,,,,,,,,,,
2020-01-04 22:00:00,935.4,14.4,96,0.2,0.0,1.2,218.0,0.0,,,,,,,,,,2020-01-04T21:47:00,,,,0,,,,,,,,,,,,,,
2020-01-04 23:00:00,935.3,13.7,96,0.8,186.0,1.6,197.0,0.0,,,,,,,,,,2020-01-04T22:50:00,,,,0,,,,,,,,,,,,,,
2020-01-05 00:00:00,935.4,13.6,96,0.5,268.0,1.5,222.0,0.0,,,,,,,,,,2020-01-04T23:27:00,,,,0,,,,,,,,,,,,,,
2020-01-05 01:00:00,935.4,13.8,89,0.1,0.0,2.1,295.0,0.0,,,,,,,,,,2020-01-05T00:41:00,,,,0,,,,,,,,,,,,,,
2020-01-05 02:00:00,935.0,13.6,87,0.3,232.0,1.5,219.0,0.0,,,,,,,,,,2020-01-05T01:19:00,,,,0,,,,,,,,,,,,,,
2020-01-05 03:00:00,934.6,14.0,79,1.3,270.0,4.1,303.0,0.0,,,,,,,,,,2020-01-05T02:42:00,,,,0,,,,,,,,,,,,,,
2020-01-05 04:00:00,934.6,14.2,81,0.5,120.0,4.3,303.0,0.0,,,,,,,,,,2020-01-05T03:09:00,,,,0,,,,,,,,,,,,,,
2020-01-05 05:00:00,935.2,11.8,92,1.2,227.0,2.0,210.0,0.0,,,,,,,,,,2020-01-05T04:20:00,,,,0,,,,,,,,,,,,,,
2020-01-05 06:00:00,935.4,11.3,90,1.4,214.0,2.5,234.0,0.0,,,,,,,,,,2020-01-05T05:44:00,,,,0,,,,,,,,,,,,,,
2020-01-05 07:00:00,936.4,10.9,93,1.7,214.0,2.7,200.0,0.0,,,,,,,,,,2020-01-05T06:30:00,,,,0,,,,,,,,,,,,,,
2020-01-05 08:00:00,937.0,12.5,91,0.0,0.0,1.6,215.0,0.0,,,,,,,,,,2020-01-05T07:01:00,,,,0,,,,,,,,,,,,,,
2020-01-05 09:00:00,937.4,14.5,79,0.1,0.0,0.8,188.0,0.0,,,,,,,,,,2020-01-05T08:25:00,,,,0,,,,,,,,,,,,,,
2020-01-05 10:00:00,936.9,17.8,69,0.4,55.0,1.7,34.0,0.0,,,,,,,,,,2020-01-05T09:47:00,,,,0,,,,,,,,,,,,,,
2020-01-05 11:00:00,935.8,17.8,71,0.8,150.0,2.8,147.0,0.0,,,,,,,,,,2020-01-05T10:11:00,,,,0,,,,,,,,,,,,,,
2020-01-05 12:00:00,934.8,18.2,69,1.2,130.0,3.6,87.0,0.0,,,,,,,,,,2020-01-05T11:41:00,,,,0,,,,,,,,,,,,,,
2020-01-05 13:00:00,933.9,17.9,71,0.6,22.0,4.7,46.0,0.0,,,,,,,,,,2020-01-05T12:42:00,,,,0,,,,,,,,,,,,,,
2020-01-05 14:00:00,933.7,17.9,76,0.9,210.0,3.3,90.0,0.0,,,,,,,,,,2020-01-05T13:32:00,,,,0,,,,,,,,,,,,,,
2020-01-05 15:00:00,933.6,17.8,76,0.6,43.0,3.3,89.0,0.0,,,,,,,,,,2020-01-05T14:35:00,,,,0,,,,,,,,,,,,,,
2020-01-05 16:00:00,934.1,17.3,79,0.1,0.0,2.4,26.0,0.0,,,,,,,,,,2020-01-05T15:25:00,,,,0,,,,,,,,,,,,,,
2020-01-05 17:00:00,934.6,16.6,84,0.4,151.0,1.3,142.0,0.0,,,,,,,,,,2020-01-05T16:09:00,,,,0,,,,,,,,,,,,,,
2020-01-05 18:00:00,935.2,15.7,88,0.6,177.0,2.3,178.0,0.0,,,,,,,,,,2020-01-05T17:33:00,,,,0,,,,,,,,,,,,,,
2020-01-05 19:00:00,935.9,15.1,91,0.8,184.0,1.6,133.0,0.0,,,,,,,,,,2020-01-05T18:05:00,,,,0,,,,,,,,,,,,,,
2020-01-05 20:00:00,936.4,15.0,94,0.3,209.0,1.3,154.0,0.0,,,,,,,,,,2020-01-05T19:10:00,,,,0,,,,,,,,,,,,,,
2020-01-05 21:00:00,936.4,14.7,96,0.1,0.0,0.7,246.0,0.0,,,,,,,,,,2020-01-05T20:59:00,,,,0,,,,,,,,,,,,,,
2020-01-05 22:00:00,936.6,14.6,97,0.1,0.0,0.8,234.0,0.0,,,,,,,,,,2020-01-05T21:04:00,,,,0,,,,,,,,,,,,,,
2020-01-05 23:00:00,936.4,14.5,96,0.1,0.0,0.8,211.0,0.0,,,,,,,,,,2020-01-05T22:17:00,,,,0,,,,,,,,,,,,,,
2020-01-06 00:00:00,936.1,13.9,95,1.2,207.0,1.6,208.0,0.0,,,,,,,,,,2020-01-05T23:52:00,,,,0,,,,,,,,,,,,,,
2020-01-06 01:00:00,935.7,14.1,97,0.2,0.0,1.7,208.0,0.0,,,,,,,,,,2020-01-06T00:05:00,,,,0,,,,,,,,,,,,,,
2020-01-06 02:00:00,935.2,14.0,97,0.2,0.0,1.3,323.0,0.0,,,,,,,,,,2020-01-06T01:08:00,,,,0,,,,,,,,,,,,,,
2020-01-06 03:00:00,935.0,13.2,95,0.9,223.0,1.5,229.0,0.0,,,,,,,,,,2020-01-06T02:56:00,,,,0,,,,,,,,,,,,,,
2020-01-06 04:00:00,934.8,14.2,81,1.0,262.0,3.4,276.0,0.0,,,,,,,,,,2020-01-06T03:45:00,,,,0,,,,,,,,,,,,,,
2020-01-06 05:00:00,934.6,14.5,72,1.0,266.0,3.9,332.0,0.0,,,,,,,,,,2020-01-06T04:12:00,,,,0,,,,,,,,,,,,,,
2020-01-06 06:00:00,934.9,13.6,77,0.7,261.0,3.2,293.0,0.0,,,,,,,,,,2020-01-06T05:42:00,,,,0,,,,,,,,,,,,,,
2020-01-06 07:00:00,935.3,12.1,87,0.6,235.0,1.9,220.0,0.0,,,,,,,,,,2020-01-06T06:29:00,,,,0,,,,,,,,,,,,,,
2020-01-06 08:00:00,935.6,13.6,82,0.3,154.0,1.8,218.0,0.0,,,,,,,,,,2020-01-06T07:05:00,,,,0,,,,,,,,,,,,,,
2020-01-06 09:00:00,935.7,18.2,68,0.4,130.0,0.9,119.0,0.0,,,,,,,,,,2020-01-06T08:55:00,,,,0,,,,,,,,,,,,,,
2020-01-06 10:00:00,935.3,19.1,63,1.1,104.0,2.9,73.0,0.0,,,,,,,,,,2020-01-06T09:42:00,,,,0,,,,,,,,,,,,,,
2020-01-06 11:00:00,934.6,19.9,62,1.1,74.0,3.2,176.0,0.0,,,,,,,,,,2020-01-06T10:43:00,,,,0,,,,,,,,,,,,,,
2020-01-06 12:00:00,933.6,21.1,57,1.0,3.0,3.7,9.0,0.0,,,,,,,,,,2020-01-06T11:58:00,,,,0,,,,,,,,,,,,,,
2020-01-06 13:00:00,932.9,21.0,61,1.0,24.0,4.1,30.0,0.0,,,,,,,,,,2020-01-06T12:55:00,,,,0,,,,,,,,,,,,,,
2020-01-06 14:00:00,932.2,20.4,67,0.7,315.0,4.1,75.0,0.0,,,,,,,,,,2020-01-06T13:03:00,,,,0,,,,,,,,,,,,,,
2020-01-06 15:00:00,932.0,19.5,74,0.9,48.0,6.1,60.0,0.0,,,,,,,,,,2020-01-06T14:49:00,,,,0,,,,,,,,,,,,,,
2020-01-06 16:00:00,932.2,18.9,79,0.6,238.0,4.5,71.0,0.0,,,,,,,,,,2020-01-06T15:16:00,,,,0,,,,,,,,,,,,,,
2020-01-06 17:00:00,932.7,18.0,86,0.2,0.0,2.6,206.0,0.0,,,,,,,,,,2020-01-06T16:11:00,,,,0,,,,,,,,,,,,,,
2020-01-06 18:00:00,932.9,17.5,89,0.9,166.0,2.7,81.0,0.0,,,,,,,,,,2020-01-06T17:08:00,,,,0,,,,,,,,,,,,,,
2020-01-06 19:00:00,933.2,17.1,94,1.0,124.0,2.2,129.0,0.0,,,,,,,,,,2020-01-06T18:20:00,,,,0,,,,,,,,,,,,,,
2020-01-06 20:00:00,933.6,16.7,97,0.0,0.0,2.6,130.0,0.0,,,,,,,,,,2020-01-06T19:08:00,,,,0,,,,,,,,,,,,,,
2020-01-06 21:00:00,933.6,16.0,98,0.0,0.0,0.7,179.0,0.0,,,,,,,,,,2020-01-06T20:08:00,,,,0,,,,,,,,,,,,,,
2020-01-06 22:00:00,933.4,15.8,99,0.4,127.0,1.0,114.0,0.0,,,,,,,,,,2020-01-06T21:52:00,,,,0,,,,,,,,,,,,,,
2020-01-06 23:00:00,933.2,15.7,100,0.0,0.0,1.7,114.0,0.0,,,,,,,,,,2020-01-06T22:14:00,,,,0,,,,,,,,,,,,,,
2020-01-07 00:00:00,932.8,15.5,100,0.4,267.0,1.1,265.0,0.0,,,,,,,,,,2020-01-06T23:59:00,,,,0,,,,,,,,,,,,,,
2020-01-07 01:00:00,932.5,13.8,93,1.3,211.0,2.2,283.0,0.0,,,,,,,,,,2020-01-07T00:15:00,,,,0,,,,,,,,,,,,,,
2020-01-07 02:00:00,932.2,12.7,95,1.4,219.0,2.5,207.0,0.0,,,,,,,,,,2020-01-07T01:27:00,,,,0,,,,,,,,,,,,,,
2020-01-07 03:00:00,931.7,12.1,94,1.5,222.0,2.7,214.0,0.0,,,,,,,,,,2020-01-07T02:23:00,,,,0,,,,,,,,,,,,,,
2020-01-07 04:00:00,931.5,11.5,94,1.2,220.0,2.3,227.0,0.0,,,,,,,,,,2020-01-07T03:13:00,,,,0,,,,,,,,,,,,,,
2020-01-07 05:00:00,931.8,11.4,93,1.4,213.0,2.2,214.0,0.0,,,,,,,,,,2020-01-07T04:58:00,,,,0,,,,,,,,,,,,,,
2020-01-07 06:00:00,931.7,11.0,95,1.0,198.0,2.3,198.0,0.0,,,,,,,,,,2020-01-07T05:45:00,,,,0,,,,,,,,,,,,,,
2020-01-07 07:00:00,931.8,11.0,93,1.1,220.0,2.2,194.0,0.0,,,,,,,,,,2020-01-07T06:16:00,,,,0,,,,,,,,,,,,,,
2020-01-07 08:00:00,932.0,13.3,84,0.2,0.0,1.8,216.0,0.0,,,,,,,,,,2020-01-07T07:12:00,,,,0,,,,,,,,,,,,,,
2020-01-07 09:00:00,932.7,17.0,63,0.0,0.0,1.1,113.0,0.0,,,,,,,,,,2020-01-07T08:37:00,,,,0,,,,,,,,,,,,,,
2020-01-07 10:00:00,932.6,19.5,66,0.5,60.0,2.0,137.0,0.0,,,,,,,,,,2020-01-07T09:35:00,,,,0,,,,,,,,,,,,,,
2020-01-07 11:00:00,931.5,20.4,66,0.9,82.0,2.8,92.0,0.0,,,,,,,,,,2020-01-07T10:54:00,,,,0,,,,,,,,,,,,,,
2020-01-07 12:00:00,930.3,21.0,67,0.9,24.0,3.5,71.0,0.0,,,,,,,,,,2020-01-07T11:03:00,,,,0,,,,,,,,,,,,,,
2020-01-07 13:00:00,929.3,22.0,58,0.9,134.0,5.3,72.0,0.0,,,,,,,,,,2020-01-07T12:02:00,,,,0,,,,,,,,,,,,,,
2020-01-07 14:00:00,929.2,21.2,60,0.8,207.0,3.5,49.0,0.0,,,,,,,,,,2020-01-07T13:26:00,,,,0,,,,,,,,,,,,,,
2020-01-07 15:00:00,929.2,20.1,65,1.4,174.0,5.1,172.0,0.0,,,,,,,,,,2020-01-07T14:39:00,,,,0,,,,,,,,,,,,,,
2020-01-07 16:00:00,929.2,18.5,74,1.1,169.0,4.1,189.0,0.0,,,,,,,,,,2020-01-07T15:44:00,,,,0,,,,,,,,,,,,,,
2020-01-07 17:00:00,929.6,17.1,79,2.6,204.0,3.2,202.0,0.0,,,,,,,,,,2020-01-07T16:54:00,,,,0,,,,,,,,,,,,,,
2020-01-07 18:00:00,930.4,14.4,87,1.4,201.0,3.6,199.0,0.0,,,,,,,,,,2020-01-07T17:27:00,,,,0,,,,,,,,,,,,,,
2020-01-07 19:00:00,931.4,15.3,86,0.8,227.0,2.3,209.0,0.0,,,,,,,,,,2020-01-07T18:07:00,,,,0,,,,,,,,,,,,,,
2020-01-07 20:00:00,931.9,15.8,86,0.8,226.0,1.7,203.0,0.0,,,,,,,,,,2020-01-07T19:38:00,,,,0,,,,,,,,,,,,,,
2020-01-07 21:00:00,932.2,15.6,88,0.7,230.0,1.4,214.0,0.0,,,,,,,,,,2020-01-07T20:05:00,,,,0,,,,,,,,,,,,,,
2020-01-07 22:00:00,932.1,15.5,86,0.6,195.0,1.6,200.0,0.0,,,,,,,,,,2020-01-07T21:59:00,,,,0,,,,,,,,,,,,,,
2020-01-07 23:00:00,932.6,13.7,91,1.9,210.0,2.8,209.0,0.0,,,,,,,,,,2020-01-07T22:49:00,,,,0,,,,,,,,,,,,,,
2020-01-08 00:00:00,932.7,14.7,80,1.1,261.0,4.4,308.0,0.0,,,,,,,,,,2020-01-07T23:47:00,,,,0,,,,,,,,,,,,,,
2020-01-08 01:00:00,932.6,14.1,81,1.3,248.0,3.8,269.0,0.0,,,,,,,,,,2020-01-08T00:54:00,,,,0,,,,,,,,,,,,,,
2020-01-08 02:00:00,932.6,13.5,82,0.9,253.0,3.6,288.0,0.0,,,,,,,,,,2020-01-08T01:22:00,,,,0,,,,,,,,,,,,,,
2020-01-08 03:00:00,932.6,13.8,82,1.2,263.0,3.8,289.0,0.0,,,,,,,,,,2020-01-08T02:43:00,,,,0,,,,,,,,,,,,,,
2020-01-08 04:00:00,932.7,14.3,78,1.6,269.0,5.2,314.0,0.0,,,,,,,,,,2020-01-08T03:17:00,,,,0,,,,,,,,,,,,,,
2020-01-08 05:00:00,933.0,14.9,73,1.8,282.0,6.0,332.0,0.0,,,,,,,,,,2020-01-08T04:41:00,,,,0,,,,,,,,,,,,,,
2020-01-08 06:00:00,933.4,13.8,75,0.5,246.0,4.6,281.0,0.0,,,,,,,,,,2020-01-08T05:32:00,,,,0,,,,,,,,,,,,,,
2020-01-08 07:00:00,933.7,14.3,72,1.2,257.0,3.3,244.0,0.0,,,,,,,,,,2020-01-08T06:52:00,,,,0,,,,,,,,,,,,,,
2020-01-08 08:00:00,934.3,14.8,76,0.5,50.0,3.4,310.0,0.0,,,,,,,,,,2020-01-08T07:08:00,,,,0,,,,,,,,,,,,,,
2020-01-08 09:00:00,934.6,19.1,63,0.2,0.0,1.6,211.0,0.0,,,,,,,,,,2020-01-08T08:11:00,,,,0,,,,,,,,,,,,,,
2020-01-08 10:00:00,934.3,20.8,57,1.0,107.0,2.0,100.0,0.0,,,,,,,,,,2020-01-08T09:54:00,,,,0,,,,,,,,,,,,,,
2020-01-08 11:00:00,933.6,20.6,63,1.3,89.0,4.9,86.0,0.0,,,,,,,,,,2020-01-08T10:38:00,,,,0,,,,,,,,,,,,,,
2020-01-08 12:00:00,932.4,21.7,63,1.7,133.0,4.1,139.0,0.0,,,,,,,,,,2020-01-08T11:54:00,,,,0,,,,,,,,,,,,,,
2020-01-08 13:00:00,931.2,21.6,64,1.6,75.0,6.0,98.0,0.0,,,,,,,,,,2020-01-08T12:24:00,,,,0,,,,,,,,,,,,,,
2020-01-08 14:00:00,930.6,21.3,66,2.0,104.0,5.9,74.0,0.0,,,,,,,,,,2020-01-08T13:19:00,,,,0,,,,,,,,,,,,,,
2020-01-08 15:00:00,930.8,18.8,77,2.1,82.0,8.8,83.0,0.0,,,,,,,,,,2020-01-08T14:38:00,,,,0,,,,,,,,,,,,,,
2020-01-08 16:00:00,931.7,16.3,88,0.9,55.0,7.9,68.0,0.0,,,,,,,,,,2020-01-08T15:21:00,,,,0,,,,,,,,,,,,,,
2020-01-08 17:00:00,932.2,14.9,91,0.5,23.0,3.4,19.0,0.0,,,,,,,,,,2020-01-08T16:10:00,,,,0,,,,,,,,,,,,,,
2020-01-08 18:00:00,932.8,13.8,96,0.9,123.0,2.9,93.0,0.0,,,,,,,,,,2020-01-08T17:06:00,,,,0,,,,,,,,,,,,,,
2020-01-08 19:00:00,933.4,13.4,99,0.4,143.0,3.6,135.0,0.0,,,,,,,,,,2020-01-08T18:05:00,,,,0,,,,,,,,,,,,,,
2020-01-08 20:00:00,933.8,13.5,98,0.7,139.0,2.7,127.0,0.0,,,,,,,,,,2020-01-08T19:20:00,,,,0,,,,,,,,,,,,,,
2020-01-08 21:00:00,933.9,13.2,100,0.1,0.0,1.1,97.0,0.0,,,,,,,,,,2020-01-08T20:45:00,,,,0,,,,,,,,,,,,,,
2020-01-08 22:00:00,933.8,13.1,100,0.3,146.0,0.9,184.0,0.0,,,,,,,,,,2020-01-08T21:53:00,,,,0,,,,,,,,,,,,,,
2020-01-08 23:00:00,933.8,13.3,96,0.7,149.0,2.0,129.0,0.0,,,,,,,,,,2020-01-08T22:07:00,,,,0,,,,,,,,,,,,,,
2020-01-09 00:00:00,933.5,13.1,100,0.0,0.0,1.3,145.0,0.0,,,,,,,,,,2020-01-08T23:05:00,,,,0,,,,,,,,,,,,,,
2020-01-09 01:00:00,933.3,13.1,97,0.7,154.0,2.0,109.0,0.0,,,,,,,,,,2020-01-09T00:24:00,,,,0,,,,,,,,,,,,,,
2020-01-09 02:00:00,932.9,12.9,98,0.5,133.0,1.7,128.0,0.0,,,,,,,,,,2020-01-09T01:17:00,,,,0,,,,,,,,,,,,,,
2020-01-09 03:00:00,932.5,12.8,100,0.0,0.0,1.6,115.0,0.0,,,,,,,,,,2020-01-09T02:02:00,,,,0,,,,,,,,,,,,,,
2020-01-09 04:00:00,932.1,12.7,100,0.0,0.0,0.7,280.0,0.0,,,,,,,,,,2020-01-09T03:37:00,,,,0,,,,,,,,,,,,,,
2020-01-09 05:00:00,932.2,12.8,100,0.3,220.0,0.9,230.0,0.0,,,,,,,,,,2020-01-09T04:51:00,,,,0,,,,,,,,,,,,,,
2020-01-09 06:00:00,932.6,12.9,100,0.2,0.0,0.9,155.0,0.0,,,,,,,,,,2020-01-09T05:41:00,,,,0,,,,,,,,,,,,,,
2020-01-09 07:00:00,933.2,12.5,100,0.5,98.0,2.7,104.0,0.0,,,,,,,,,,2020-01-09T06:40:00,,,,0,,,,,,,,,,,,,,
2020-01-09 08:00:00,933.8,12.7,100,1.1,119.0,3.2,126.0,0.0,,,,,,,,,,2020-01-09T07:59:00,,,,0,,,,,,,,,,,,,,
2020-01-09 09:00:00,934.1,13.3,98,0.5,79.0,2.8,106.0,0.0,,,,,,,,,,2020-01-09T08:36:00,,,,0,,,,,,,,,,,,,,
2020-01-09 10:00:00,933.8,15.0,87,0.9,84.0,1.8,80.0,0.0,,,,,,,,,,2020-01-09T10:00:00,,,,0,,,,,,,,,,,,,,
2020-01-09 11:00:00,933.0,16.5,80,1.7,94.0,4.0,107.0,0.0,,,,,,,,,,2020-01-09T10:46:00,,,,0,,,,,,,,,,,,,,
2020-01-09 12:00:00,931.9,16.7,76,1.7,72.0,5.7,63.0,0.0,,,,,,,,,,2020-01-09T11:10:00,,,,0,,,,,,,,,,,,,,
2020-01-09 13:00:00,931.0,16.4,78,1.1,15.0,6.4,89.0,0.0,,,,,,,,,,2020-01-09T12:07:00,,,,0,,,,,,,,,,,,,,
2020-01-09 14:00:00,930.5,16.5,79,1.3,265.0,5.3,202.0,0.0,,,,,,,,,,2020-01-09T13:52:00,,,,0,,,,,,,,,,,,,,
2020-01-09 15:00:00,930.2,16.5,82,0.3,122.0,3.0,214.0,0.0,,,,,,,,,,2020-01-09T14:23:00,,,,0,,,,,,,,,,,,,,
2020-01-09 16:00:00,930.3,15.7,85,0.9,253.0,3.1,239.0,0.0,,,,,,,,,,2020-01-09T15:57:00,,,,0,,,,,,,,,,,,,,
2020-01-09 17:00:00,930.4,15.0,88,0.8,102.0,2.7,72.0,0.0,,,,,,,,,,2020-01-09T16:50:00,,,,0,,,,,,,,,,,,,,
2020-01-09 18:00:00,930.8,14.2,91,0.7,117.0,2.3,111.0,0.0,,,,,,,,,,2020-01-09T17:06:00,,,,0,,,,,,,,,,,,,,
2020-01-09 19:00:00,931.2,14.0,93,0.3,138.0,1.3,151.0,0.0,,,,,,,,,,2020-01-09T18:06:00,,,,0,,,,,,,,,,,,,,
2020-01-09 20:00:00,931.7,13.8,95,0.2,0.0,1.6,104.0,0.0,,,,,,,,,,2020-01-09T19:23:00,,,,0,,,,,,,,,,,,,,
2020-01-09 21:00:00,931.9,13.7,97,0.0,0.0,0.7,150.0,0.0,,,,,,,,,,2020-01-09T20:38:00,,,,0,,,,,,,,,,,,,,
2020-01-09 22:00:00,931.8,13.6,97,0.2,0.0,0.7,63.0,0.0,,,,,,,,,,2020-01-09T21:23:00,,,,0,,,,,,,,,,,,,,
2020-01-09 23:00:00,931.3,13.6,95,0.3,225.0,1.4,299.0,0.0,,,,,,,,,,2020-01-09T22:49:00,,,,0,,,,,,,,,,,,,,
2020-01-10 00:00:00,931.4,13.5,97,0.1,0.0,1.2,92.0,0.0,,,,,,,,,,2020-01-09T23:21:00,,,,0,,,,,,,,,,,,,,
2020-01-10 01:00:00,931.0,13.3,98,0.2,0.0,0.5,229.0,0.0,,,,,,,,,,2020-01-10T00:13:00,,,,0,,,,,,,,,,,,,,
2020-01-10 02:00:00,930.8,13.3,99,0.2,0.0,0.9,199.0,0.0,,,,,,,,,,2020-01-10T01:43:00,,,,0,,,,,,,,,,,,,,
2020-01-10 03:00:00,930.5,13.0,95,0.6,198.0,1.0,214.0,0.0,,,,,,,,,,2020-01-10T02:30:00,,,,0,,,,,,,,,,,,,,
2020-01-10 04:00:00,930.4,13.0,98,0.1,0.0,1.0,202.0,0.0,,,,,,,,,,2020-01-10T03:06:00,,,,0,,,,,,,,,,,,,,
2020-01-10 05:00:00,930.5,12.9,96,0.9,201.0,1.2,195.0,0.0,,,,,,,,,,2020-01-10T04:58:00,,,,0,,,,,,,,,,,,,,
2020-01-10 06:00:00,930.9,13.0,96,0.8,219.0,1.1,225.0,0.0,,,,,,,,,,2020-01-10T05:49:00,,,,0,,,,,,,,,,,,,,
2020-01-10 07:00:00,931.2,13.2,92,0.6,216.0,1.5,214.0,0.0,,,,,,,,,,2020-01-10T06:07:00,,,,0,,,,,,,,,,,,,,
2020-01-10 08:00:00,931.7,13.7,92,0.2,0.0,0.7,239.0,0.0,,,,,,,,,,2020-01-10T07:03:00,,,,0,,,,,,,,,,,,,,
2020-01-10 09:00:00,932.4,14.7,92,0.2,0.0,0.7,316.0,0.0,,,,,,,,,,2020-01-10T08:04:00,,,,0,,,,,,,,,,,,,,
2020-01-10 10:00:00,932.2,15.7,78,0.3,56.0,1.1,78.0,0.0,,,,,,,,,,2020-01-10T09:54:00,,,,0,,,,,,,,,,,,,,
2020-01-10 11:00:00,931.3,16.9,72,0.8,74.0,1.7,99.0,0.0,,,,,,,,,,2020-01-10T10:56:00,,,,0,,,,,,,,,,,,,,
2020-01-10 12:00:00,930.0,17.3,70,1.6,107.0,2.8,123.0,0.0,,,,,,,,,,2020-01-10T11:58:00,,,,0,,,,,,,,,,,,,,
2020-01-10 13:00:00,928.9,18.2,68,0.8,22.0,3.7,139.0,0.0,,,,,,,,,,2020-01-10T12:11:00,,,,0,,,,,,,,,,,,,,
2020-01-10 14:00:00,928.1,17.9,69,0.6,275.0,3.6,95.0,0.0,,,,,,,,,,2020-01-10T13:59:00,,,,0,,,,,,,,,,,,,,
2020-01-10 15:00:00,928.1,18.0,71,0.9,164.0,4.3,141.0,0.0,,,,,,,,,,2020-01-10T14:18:00,,,,0,,,,,,,,,,,,,,
2020-01-10 16:00:00,928.1,17.3,81,0.6,231.0,2.0,11.0,0.0,,,,,,,,,,2020-01-10T15:15:00,,,,0,,,,,,,,,,,,,,
2020-01-10 17:00:00,928.2,16.4,85,0.6,169.0,1.6,198.0,0.0,,,,,,,,,,2020-01-10T16:58:00,,,,0,,,,,,,,,,,,,,
2020-01-10 18:00:00,928.6,15.7,88,1.0,160.0,2.1,89.0,0.0,,,,,,,,,,2020-01-10T17:14:00,,,,0,,,,,,,,,,,,,,
2020-01-10 19:00:00,928.9,15.0,92,1.1,123.0,2.5,121.0,0.0,,,,,,,,,,2020-01-10T18:54:00,,,,0,,,,,,,,,,,,,,
2020-01-10 20:00:00,929.3,14.8,94,0.5,126.0,1.8,153.0,0.0,,,,,,,,,,2020-01-10T19:02:00,,,,0,,,,,,,,,,,,,,
2020-01-10 21:00:00,929.5,14.7,95,0.0,0.0,1.6,119.0,0.0,,,,,,,,,,2020-01-10T20:01:00,,,,0,,,,,,,,,,,,,,
2020-01-10 22:00:00,929.8,14.6,96,0.0,0.0,0.6,173.0,0.0,,,,,,,,,,2020-01-10T21:23:00,,,,0,,,,,,,,,,,,,,
2020-01-10 23:00:00,929.8,14.6,96,0.6,225.0,0.9,232.0,0.0,,,,,,,,,,2020-01-10T22:23:00,,,,0,,,,,,,,,,,,,,
2020-01-11 00:00:00,929.7,14.5,96,0.2,0.0,0.8,219.0,0.0,,,,,,,,,,2020-01-10T23:19:00,,,,0,,,,,,,,,,,,,,
2020-01-11 01:00:00,929.6,14.3,96,0.1,0.0,1.0,235.0,0.0,,,,,,,,,,2020-01-11T00:11:00,,,,0,,,,,,,,,,,,,,
2020-01-11 02:00:00,929.1,14.0,85,0.5,208.0,3.2,280.0,0.0,,,,,,,,,,2020-01-11T01:34:00,,,,0,,,,,,,,,,,,,,
2020-01-11 03:00:00,928.9,14.0,77,0.9,234.0,2.0,203.0,0.0,,,,,,,,,,2020-01-11T02:25:00,,,,0,,,,,,,,,,,,,,
2020-01-11 04:00:00,928.8,13.9,76,0.2,0.0,4.4,223.0,0.0,,,,,,,,,,2020-01-11T03:32:00,,,,0,,,,,,,,,,,,,,
2020-01-11 05:00:00,928.9,13.7,75,1.2,272.0,4.0,296.0,0.0,,,,,,,,,,2020-01-11T04:44:00,,,,0,,,,,,,,,,,,,,
2020-01-11 06:00:00,929.2,12.3,83,0.9,251.0,3.1,261.0,0.0,,,,,,,,,,2020-01-11T05:01:00,,,,0,,,,,,,,,,,,,,
2020-01-11 07:00:00,929.4,12.5,82,1.1,256.0,2.7,304.0,0.0,,,,,,,,,,2020-01-11T06:25:00,,,,0,,,,,,,,,,,,,,
2020-01-11 08:00:00,929.4,14.0,78,0.4,261.0,2.7,243.0,0.0,,,,,,,,,,2020-01-11T07:03:00,,,,0,,,,,,,,,,,,,,
2020-01-11 09:00:00,929.2,17.5,65,0.3,33.0,3.7,298.0,0.0,,,,,,,,,,2020-01-11T08:18:00,,,,0,,,,,,,,,,,,,,
2020-01-11 10:00:00,929.0,18.1,64,1.7,94.0,3.5,98.0,0.0,,,,,,,,,,2020-01-11T09:57:00,,,,0,,,,,,,,,,,,,,
2020-01-11 11:00:00,928.2,19.8,62,0.5,88.0,4.2,109.0,0.0,,,,,,,,,,2020-01-11T10:15:00,,,,0,,,,,,,,,,,,,,
2020-01-11 12:00:00,927.4,20.3,68,1.3,32.0,4.8,35.0,0.0,,,,,,,,,,2020-01-11T11:51:00,,,,0,,,,,,,,,,,,,,
2020-01-11 13:00:00,926.4,20.5,68,0.8,92.0,4.7,204.0,0.0,,,,,,,,,,2020-01-11T12:08:00,,,,0,,,,,,,,,,,,,,
2020-01-11 14:00:00,925.8,18.9,75,1.0,243.0,3.6,161.0,0.0,,,,,,,,,,2020-01-11T13:36:00,,,,0,,,,,,,,,,,,,,
2020-01-11 15:00:00,925.7,19.0,75,1.1,89.0,3.2,249.0,0.0,,,,,,,,,,2020-01-11T14:06:00,,,,0,,,,,,,,,,,,,,
2020-01-11 16:00:00,926.3,18.5,81,0.7,15.0,4.1,30.0,0.0,,,,,,,,,,2020-01-11T15:24:00,,,,0,,,,,,,,,,,,,,
2020-01-11 17:00:00,927.0,17.7,85,0.4,156.0,2.9,85.0,0.0,,,,,,,,,,2020-01-11T16:11:00,,,,0,,,,,,,,,,,,,,
2020-01-11 18:00:00,927.3,17.1,88,0.6,151.0,1.9,147.0,0.0,,,,,,,,,,2020-01-11T17:42:00,,,,0,,,,,,,,,,,,,,
2020-01-11 19:00:00,927.8,16.1,90,1.1,183.0,1.4,164.0,0.0,,,,,,,,,,2020-01-11T18:58:00,,,,0,,,,,,,,,,,,,,
2020-01-11 20:00:00,928.2,15.6,91,1.4,200.0,2.0,206.0,0.0,,,,,,,,,,2020-01-11T19:34:00,,,,0,,,,,,,,,,,,,,
2020-01-11 21:00:00,928.4,15.3,94,0.8,223.0,1.9,202.0,0.0,,,,,,,,,,2020-01-11T20:01:00,,,,0,,,,,,,,,,,,,,
2020-01-11 22:00:00,928.5,14.2,94,2.2,201.0,2.8,205.0,0.0,,,,,,,,,,2020-01-11T21:33:00,,,,0,,,,,,,,,,,,,,
2020-01-11 23:00:00,928.4,14.2,94,0.4,213.0,2.5,198.0,0.0,,,,,,,,,,2020-01-11T22:01:00,,,,0,,,,,,,,,,,,,,
2020-01-12 00:00:00,928.3,13.2,93,1.2,208.0,2.5,195.0,0.0,,,,,,,,,,2020-01-11T23:48:00,,,,0,,,,,,,,,,,,,,
2020-01-12 01:00:00,928.0,12.9,91,0.8,216.0,2.1,201.0,0.0,,,,,,,,,,2020-01-12T00:08:00,,,,0,,,,,,,,,,,,,,
2020-01-12 02:00:00,927.8,12.3,91,1.5,222.0,2.4,211.0,0.0,,,,,,,,,,2020-01-12T01:34:00,,,,0,,,,,,,,,,,,,,
2020-01-12 03:00:00,927.4,13.0,85,0.4,209.0,2.7,217.0,0.0,,,,,,,,,,2020-01-12T02:33:00,,,,0,,,,,,,,,,,,,,
2020-01-12 04:00:00,927.4,12.0,88,1.8,225.0,2.8,226.0,0.0,,,,,,,,,,2020-01-12T03:56:00,,,,0,,,,,,,,,,,,,,
2020-01-12 05:00:00,927.8,11.6,89,1.1,231.0,2.3,209.0,0.0,,,,,,,,,,2020-01-12T04:08:00,,,,0,,,,,,,,,,,,,,
2020-01-12 06:00:00,928.5,12.9,85,0.7,246.0,2.4,263.0,0.0,,,,,,,,,,2020-01-12T05:15:00,,,,0,,,,,,,,,,,,,,
2020-01-12 07:00:00,928.5,12.9,80,0.7,232.0,3.0,220.0,0.0,,,,,,,,,,2020-01-12T06:34:00,,,,0,,,,,,,,,,,,,,
2020-01-12 08:00:00,928.8,12.9,83,0.3,194.0,2.0,239.0,0.0,,,,,,,,,,2020-01-12T07:23:00,,,,0,,,,,,,,,,,,,,
2020-01-12 09:00:00,929.1,16.5,71,0.7,79.0,1.7,60.0,0.0,,,,,,,,,,2020-01-12T08:58:00,,,,0,,,,,,,,,,,,,,
2020-01-12 10:00:00,929.2,16.5,83,0.8,116.0,3.0,87.0,0.0,,,,,,,,,,2020-01-12T09:05:00,,,,0,,,,,,,,,,,,,,
2020-01-12 11:00:00,928.8,16.8,85,1.0,177.0,6.1,88.0,0.0,,,,,,,,,,2020-01-12T10:42:00,,,,0,,,,,,,,,,,,,,
2020-01-12 12:00:00,928.0,16.7,83,2.1,102.0,6.6,84.0,0.0,,,,,,,,,,2020-01-12T11:46:00,,,,0,,,,,,,,,,,,,,
2020-01-12 13:00:00,927.4,16.2,85,1.6,93.0,5.1,93.0,0.0,,,,,,,,,,2020-01-12T12:17:00,,,,0,,,,,,,,,,,,,,
2020-01-12 14:00:00,927.2,15.5,89,0.8,53.0,5.0,61.0,0.0,,,,,,,,,,2020-01-12T13:01:00,,,,0,,,,,,,,,,,,,,
2020-01-12 15:00:00,927.3,14.7,90,1.3,98.0,4.1,71.0,0.0,,,,,,,,,,2020-01-12T14:45:00,,,,0,,,,,,,,,,,,,,
2020-01-12 16:00:00,927.7,14.6,89,1.4,119.0,3.2,96.0,0.0,,,,,,,,,,2020-01-12T15:51:00,,,,0,,,,,,,,,,,,,,
2020-01-12 17:00:00,928.3,13.4,92,0.7,156.0,2.9,73.0,0.0,,,,,,,,,,2020-01-12T16:38:00,,,,0,,,,,,,,,,,,,,
2020-01-12 18:00:00,928.7,12.7,94,1.5,147.0,2.9,128.0,0.0,,,,,,,,,,2020-01-12T17:49:00,,,,0,,,,,,,,,,,,,,
2020-01-12 19:00:00,929.2,12.1,97,1.5,149.0,3.4,137.0,0.0,,,,,,,,,,2020-01-12T18:46:00,,,,0,,,,,,,,,,,,,,
2020-01-12 20:00:00,929.8,12.0,99,0.1,0.0,3.0,112.0,0.0,,,,,,,,,,2020-01-12T19:15:00,,,,0,,,,,,,,,,,,,,
2020-01-12 21:00:00,930.1,11.8,100,0.0,0.0,0.5,332.0,0.0,,,,,,,,,,2020-01-12T20:02:00,,,,0,,,,,,,,,,,,,,
2020-01-12 22:00:00,930.1,11.7,100,0.4,138.0,1.9,118.0,0.0,,,,,,,,,,2020-01-12T21:28:00,,,,0,,,,,,,,,,,,,,
2020-01-12 23:00:00,930.3,11.8,100,0.0,0.0,0.5,66.0,0.5,,,,,,,,,,2020-01-12T22:47:00,,,,0,,,,,,,,,,,,,,
2020-01-13 00:00:00,930.2,11.7,100,0.1,0.0,1.2,118.0,0.0,,,,,,,,,,2020-01-12T23:26:00,,,,0,,,,,,,,,,,,,,
2020-01-13 01:00:00,929.9,11.8,100,0.0,0.0,1.1,215.0,0.0,,,,,,,,,,2020-01-13T00:24:00,,,,0,,,,,,,,,,,,,,
2020-01-13 02:00:00,929.4,11.8,100,0.0,0.0,0.7,72.0,0.0,,,,,,,,,,2020-01-13T01:34:00,,,,0,,,,,,,,,,,,,,
2020-01-13 03:00:00,929.1,11.2,100,0.3,200.0,1.2,151.0,0.0,,,,,,,,,,2020-01-13T02:45:00,,,,0,,,,,,,,,,,,,,
2020-01-13 04:00:00,929.1,11.4,100,0.5,216.0,1.2,205.0,0.0,,,,,,,,,,2020-01-13T03:10:00,,,,0,,,,,,,,,,,,,,
2020-01-13 05:00:00,929.4,11.5,100,0.9,162.0,2.2,181.0,0.0,,,,,,,,,,2020-01-13T04:51:00,,,,0,,,,,,,,,,,,,,
2020-01-13 06:00:00,929.9,11.6,100,0.1,0.0,1.5,190.0,0.0,,,,,,,,,,2020-01-13T05:02:00,,,,0,,,,,,,,,,,,,,
2020-01-13 07:00:00,930.4,11.8,100,0.2,0.0,0.9,220.0,0.0,,,,,,,,,,2020-01-13T06:03:00,,,,0,,,,,,,,,,,,,,
2020-01-13 08:00:00,930.8,12.3,100,0.3,24.0,1.1,101.0,0.0,,,,,,,,,,2020-01-13T07:15:00,,,,0,,,,,,,,,,,,,,
2020-01-13 09:00:00,931.4,12.8,99,0.5,24.0,1.4,15.0,0.0,,,,,,,,,,2020-01-13T08:50:00,,,,0,,,,,,,,,,,,,,
2020-01-13 10:00:00,931.4,13.3,91,0.7,97.0,1.9,53.0,0.0,,,,,,,,,,2020-01-13T09:44:00,,,,0,,,,,,,,,,,,,,
2020-01-13 11:00:00,930.9,15.1,86,0.9,64.0,2.9,78.0,0.0,,,,,,,,,,2020-01-13T11:00:00,,,,0,,,,,,,,,,,,,,
2020-01-13 12:00:00,930.2,14.8,83,1.6,108.0,3.6,107.0,0.0,,,,,,,,,,2020-01-13T11:51:00,,,,0,,,,,,,,,,,,,,
2020-01-13 13:00:00,929.4,15.1,84,0.6,63.0,3.5,93.0,0.0,,,,,,,,,,2020-01-13T12:01:00,,,,0,,,,,,,,,,,,,,
2020-01-13 14:00:00,928.8,15.2,81,1.4,138.0,4.5,75.0,0.0,,,,,,,,,,2020-01-13T13:23:00,,,,0,,,,,,,,,,,,,,
2020-01-13 15:00:00,929.0,14.5,83,0.5,187.0,4.3,134.0,0.0,,,,,,,,,,2020-01-13T14:46:00,,,,0,,,,,,,,,,,,,,
2020-01-13 16:00:00,929.2,14.3,82,0.8,255.0,4.8,196.0,0.0,,,,,,,,,,2020-01-13T15:07:00,,,,0,,,,,,,,,,,,,,
2020-01-13 17:00:00,929.6,14.0,85,1.1,136.0,2.3,112.0,0.0,,,,,,,,,,2020-01-13T16:49:00,,,,0,,,,,,,,,,,,,,
2020-01-13 18:00:00,930.1,13.1,92,0.4,246.0,1.5,140.0,0.0,,,,,,,,,,2020-01-13T17:06:00,,,,0,,,,,,,,,,,,,,
2020-01-13 19:00:00,930.5,12.8,93,0.5,231.0,1.2,195.0,0.0,,,,,,,,,,2020-01-13T18:36:00,,,,0,,,,,,,,,,,,,,
2020-01-13 20:00:00,931.0,12.7,95,0.4,216.0,1.9,203.0,0.0,,,,,,,,,,2020-01-13T19:25:00,,,,0,,,,,,,,,,,,,,
2020-01-13 21:00:00,931.2,13.1,91,0.7,233.0,1.6,231.0,0.0,,,,,,,,,,2020-01-13T20:52:00,,,,0,,,,,,,,,,,,,,
2020-01-13 22:00:00,931.3,12.7,87,0.7,242.0,1.7,238.0,0.0,,,,,,,,,,2020-01-13T22:00:00,,,,0,,,,,,,,,,,,,,
2020-01-13 23:00:00,930.8,12.7,77,0.7,264.0,2.7,248.0,0.0,,,,,,,,,,2020-01-13T22:17:00,,,,0,,,,,,,,,,,,,,
2020-01-14 00:00:00,931.1,12.2,74,1.4,286.0,3.8,304.0,0.0,,,,,,,,,,2020-01-13T23:19:00,,,,0,,,,,,,,,,,,,,
2020-01-14 01:00:00,931.3,12.0,72,1.3,276.0,4.4,330.0,0.0,,,,,,,,,,2020-01-14T00:35:00,,,,0,,,,,,,,,,,,,,
2020-01-14 02:00:00,930.9,11.8,73,1.9,288.0,4.8,319.0,0.0,,,,,,,,,,2020-01-14T01:44:00,,,,0,,,,,,,,,,,,,,
2020-01-14 03:00:00,930.7,12.9,62,2.4,271.0,6.2,284.0,0.0,,,,,,,,,,2020-01-14T02:56:00,,,,0,,,,,,,,,,,,,,
2020-01-14 04:00:00,930.7,11.8,65,0.7,262.0,6.6,256.0,0.0,,,,,,,,,,2020-01-14T03:18:00,,,,0,,,,,,,,,,,,,,
2020-01-14 05:00:00,931.0,12.5,59,1.8,278.0,4.7,304.0,0.0,,,,,,,,,,2020-01-14T04:56:00,,,,0,,,,,,,,,,,,,,
2020-01-14 06:00:00,931.3,11.4,69,0.7,248.0,3.4,260.0,0.0,,,,,,,,,,2020-01-14T05:50:00,,,,0,,,,,,,,,,,,,,
2020-01-14 07:00:00,931.6,9.8,79,1.4,225.0,2.4,212.0,0.0,,,,,,,,,,2020-01-14T06:59:00,,,,0,,,,,,,,,,,,,,
2020-01-14 08:00:00,932.2,10.9,77,0.5,170.0,2.6,198.0,0.0,,,,,,,,,,2020-01-14T07:07:00,,,,0,,,,,,,,,,,,,,
2020-01-14 09:00:00,932.6,15.4,60,0.2,0.0,1.1,164.0,0.0,,,,,,,,,,2020-01-14T08:10:00,,,,0,,,,,,,,,,,,,,
2020-01-14 10:00:00,932.5,17.6,57,0.4,50.0,1.0,36.0,0.0,,,,,,,,,,2020-01-14T09:23:00,,,,0,,,,,,,,,,,,,,
2020-01-14 11:00:00,931.8,18.7,53,0.8,83.0,3.6,122.0,0.0,,,,,,,,,,2020-01-14T10:31:00,,,,0,,,,,,,,,,,,,,
2020-01-14 12:00:00,931.0,18.6,55,1.8,44.0,8.1,59.0,0.0,,,,,,,,,,2020-01-14T11:45:00,,,,0,,,,,,,,,,,,,,
2020-01-14 13:00:00,930.3,18.9,59,1.3,142.0,5.0,223.0,0.0,,,,,,,,,,2020-01-14T12:02:00,,,,0,,,,,,,,,,,,,,
2020-01-14 14:00:00,929.9,17.9,65,1.0,152.0,4.9,33.0,0.0,,,,,,,,,,2020-01-14T13:38:00,,,,0,,,,,,,,,,,,,,
2020-01-14 15:00:00,929.9,17.7,66,0.8,206.0,5.5,86.0,0.0,,,,,,,,,,2020-01-14T14:09:00,,,,0,,,,,,,,,,,,,,
2020-01-14 16:00:00,930.5,17.0,75,0.7,309.0,3.8,118.0,0.0,,,,,,,,,,2020-01-14T15:30:00,,,,0,,,,,,,,,,,,,,
2020-01-14 17:00:00,931.4,16.4,77,0.5,119.0,4.9,63.0,0.0,,,,,,,,,,2020-01-14T16:17:00,,,,0,,,,,,,,,,,,,,
2020-01-14 18:00:00,931.9,15.7,82,0.6,180.0,2.0,67.0,0.0,,,,,,,,,,2020-01-14T17:07:00,,,,0,,,,,,,,,,,,,,
2020-01-14 19:00:00,932.4,15.2,88,1.1,141.0,2.0,142.0,0.0,,,,,,,,,,2020-01-14T18:43:00,,,,0,,,,,,,,,,,,,,
2020-01-14 20:00:00,932.8,14.5,91,1.0,205.0,2.5,120.0,0.0,,,,,,,,,,2020-01-14T19:11:00,,,,0,,,,,,,,,,,,,,
2020-01-14 21:00:00,933.3,14.4,91,1.0,142.0,2.3,133.0,0.0,,,,,,,,,,2020-01-14T20:45:00,,,,0,,,,,,,,,,,,,,
2020-01-14 22:00:00,933.5,13.4,97,0.6,140.0,2.5,132.0,0.0,,,,,,,,,,2020-01-14T21:10:00,,,,0,,,,,,,,,,,,,,
2020-01-14 23:00:00,933.7,13.7,95,0.7,120.0,2.5,184.0,0.0,,,,,,,,,,2020-01-14T22:15:00,,,,0,,,,,,,,,,,,,,
2020-01-15 00:00:00,933.7,13.4,97,0.7,248.0,1.2,100.0,0.0,,,,,,,,,,2020-01-14T23:04:00,,,,0,,,,,,,,,,,,,,
2020-01-15 01:00:00,933.2,13.2,88,0.9,242.0,2.1,282.0,0.0,,,,,,,,,,2020-01-15T00:55:00,,,,0,,,,,,,,,,,,,,
2020-01-15 02:00:00,933.1,11.2,93,1.3,215.0,2.0,191.0,0.0,,,,,,,,,,2020-01-15T01:10:00,,,,0,,,,,,,,,,,,,,
2020-01-15 03:00:00,932.9,10.6,93,2.1,205.0,2.9,206.0,0.0,,,,,,,,,,2020-01-15T02:08:00,,,,0,,,,,,,,,,,,,,
2020-01-15 04:00:00,933.0,10.1,93,1.5,213.0,2.7,192.0,0.0,,,,,,,,,,2020-01-15T03:34:00,,,,0,,,,,,,,,,,,,,
2020-01-15 05:00:00,933.4,9.9,91,1.8,214.0,2.7,202.0,0.0,,,,,,,,,,2020-01-15T04:24:00,,,,0,,,,,,,,,,,,,,
2020-01-15 06:00:00,933.8,10.8,86,1.0,228.0,2.7,243.0,0.0,,,,,,,,,,2020-01-15T05:03:00,,,,0,,,,,,,,,,,,,,
2020-01-15 07:00:00,933.9,10.4,88,0.8,205.0,1.9,217.0,0.0,,,,,,,,,,2020-01-15T06:28:00,,,,0,,,,,,,,,,,,,,
2020-01-15 08:00:00,933.9,11.4,83,0.2,0.0,1.3,197.0,0.0,,,,,,,,,,2020-01-15T07:31:00,,,,0,,,,,,,,,,,,,,
2020-01-15 09:00:00,934.2,14.5,75,0.4,157.0,1.4,147.0,0.0,,,,,,,,,,2020-01-15T08:54:00,,,,0,,,,,,,,,,,,,,
2020-01-15 10:00:00,933.9,17.0,61,1.0,90.0,3.0,89.0,0.0,,,,,,,,,,2020-01-15T09:59:00,,,,0,,,,,,,,,,,,,,
2020-01-15 11:00:00,933.1,17.3,72,1.6,61.0,5.4,67.0,0.0,,,,,,,,,,2020-01-15T10:53:00,,,,0,,,,,,,,,,,,,,
2020-01-15 12:00:00,931.8,18.3,71,1.1,69.0,6.0,62.0,0.0,,,,,,,,,,2020-01-15T11:42:00,,,,0,,,,,,,,,,,,,,
2020-01-15 13:00:00,930.8,18.2,70,1.5,44.0,6.8,62.0,0.0,,,,,,,,,,2020-01-15T12:48:00,,,,0,,,,,,,,,,,,,,
2020-01-15 14:00:00,930.1,18.3,71,0.6,88.0,3.9,44.0,0.0,,,,,,,,,,2020-01-15T13:10:00,,,,0,,,,,,,,,,,,,,
2020-01-15 15:00:00,930.0,18.0,69,1.7,91.0,4.5,76.0,0.0,,,,,,,,,,2020-01-15T14:56:00,,,,0,,,,,,,,,,,,,,
2020-01-15 16:00:00,930.3,17.3,75,0.8,21.0,5.6,57.0,0.0,,,,,,,,,,2020-01-15T15:15:00,,,,0,,,,,,,,,,,,,,
2020-01-15 17:00:00,930.8,16.8,79,0.4,178.0,3.0,117.0,0.0,,,,,,,,,,2020-01-15T16:05:00,,,,0,,,,,,,,,,,,,,
2020-01-15 18:00:00,931.3,15.9,86,0.2,0.0,1.6,11.0,0.0,,,,,,,,,,2020-01-15T17:03:00,,,,0,,,,,,,,,,,,,,
2020-01-15 19:00:00,931.5,15.6,88,0.7,151.0,1.8,130.0,0.0,,,,,,,,,,2020-01-15T18:46:00,,,,0,,,,,,,,,,,,,,
2020-01-15 20:00:00,931.8,14.5,92,1.0,202.0,1.6,202.0,0.0,,,,,,,,,,2020-01-15T19:43:00,,,,0,,,,,,,,,,,,,,
2020-01-15 21:00:00,931.9,14.5,94,0.5,224.0,1.5,181.0,0.0,,,,,,,,,,2020-01-15T20:10:00,,,,0,,,,,,,,,,,,,,
2020-01-15 22:00:00,932.0,14.6,81,0.5,253.0,2.6,311.0,0.0,,,,,,,,,,2020-01-15T21:45:00,,,,0,,,,,,,,,,,,,,
2020-01-15 23:00:00,932.1,12.7,85,1.3,230.0,2.5,238.0,0.0,,,,,,,,,,2020-01-15T22:55:00,,,,0,,,,,,,,,,,,,,
2020-01-16 00:00:00,931.7,11.8,83,1.2,238.0,2.8,238.0,0.0,,,,,,,,,,2020-01-15T23:12:00,,,,0,,,,,,,,,,,,,,
2020-01-16 01:00:00,931.7,11.2,86,1.1,225.0,3.0,326.0,0.0,,,,,,,,,,2020-01-16T00:20:00,,,,0,,,,,,,,,,,,,,
2020-01-16 02:00:00,931.8,10.5,89,1.8,219.0,2.5,221.0,0.0,,,,,,,,,,2020-01-16T01:01:00,,,,0,,,,,,,,,,,,,,
2020-01-16 03:00:00,931.4,11.6,76,1.0,291.0,3.2,324.0,0.0,,,,,,,,,,2020-01-16T02:57:00,,,,0,,,,,,,,,,,,,,
2020-01-16 04:00:00,930.9,11.4,77,0.7,252.0,3.5,318.0,0.0,,,,,,,,,,2020-01-16T03:12:00,,,,0,,,,,,,,,,,,,,
2020-01-16 05:00:00,931.0,11.2,79,0.7,253.0,2.6,285.0,0.0,,,,,,,,,,2020-01-16T04:28:00,,,,0,,,,,,,,,,,,,,
2020-01-16 06:00:00,931.3,11.2,81,1.0,241.0,2.7,302.0,0.0,,,,,,,,,,2020-01-16T05:10:00,,,,0,,,,,,,,,,,,,,
2020-01-16 07:00:00,931.9,11.2,82,1.1,229.0,2.8,210.0,0.0,,,,,,,,,,2020-01-16T06:25:00,,,,0,,,,,,,,,,,,,,
2020-01-16 08:00:00,932.2,12.4,77,0.9,276.0,2.8,272.0,0.0,,,,,,,,,,2020-01-16T07:29:00,,,,0,,,,,,,,,,,,,,
2020-01-16 09:00:00,932.2,15.9,67,0.2,0.0,2.4,288.0,0.0,,,,,,,,,,2020-01-16T08:01:00,,,,0,,,,,,,,,,,,,,
2020-01-16 10:00:00,931.9,17.8,59,0.6,63.0,1.5,101.0,0.0,,,,,,,,,,2020-01-16T09:48:00,,,,0,,,,,,,,,,,,,,
2020-01-16 11:00:00,931.0,20.0,56,0.7,92.0,3.6,58.0,0.0,,,,,,,,,,2020-01-16T10:37:00,,,,0,,,,,,,,,,,,,,
2020-01-16 12:00:00,929.9,20.5,58,1.0,166.0,3.4,36.0,0.0,,,,,,,,,,2020-01-16T11:16:00,,,,0,,,,,,,,,,,,,,
2020-01-16 13:00:00,928.5,19.7,60,1.4,177.0,4.0,80.0,0.0,,,,,,,,,,2020-01-16T12:20:00,,,,0,,,,,,,,,,,,,,
2020-01-16 14:00:00,927.9,18.7,64,0.9,190.0,3.8,110.0,0.0,,,,,,,,,,2020-01-16T13:24:00,,,,0,,,,,,,,,,,,,,
2020-01-16 15:00:00,927.8,18.1,73,1.1,157.0,2.8,195.0,0.0,,,,,,,,,,2020-01-16T14:57:00,,,,0,,,,,,,,,,,,,,
2020-01-16 16:00:00,928.2,17.6,79,1.1,159.0,3.9,185.0,0.0,,,,,,,,,,2020-01-16T15:43:00,,,,0,,,,,,,,,,,,,,
2020-01-16 17:00:00,928.8,17.2,81,0.7,149.0,3.7,209.0,0.0,,,,,,,,,,2020-01-16T16:49:00,,,,0,,,,,,,,,,,,,,
2020-01-16 18:00:00,929.4,16.0,84,1.3,175.0,2.8,175.0,0.0,,,,,,,,,,2020-01-16T17:19:00,,,,0,,,,,,,,,,,,,,
2020-01-16 19:00:00,930.0,15.1,90,1.0,182.0,2.1,192.0,0.0,,,,,,,,,,2020-01-16T18:39:00,,,,0,,,,,,,,,,,,,,
2020-01-16 20:00:00,930.6,14.8,92,0.6,195.0,1.7,188.0,0.0,,,,,,,,,,2020-01-16T19:01:00,,,,0,,,,,,,,,,,,,,
2020-01-16 21:00:00,930.7,14.3,93,1.7,205.0,2.4,201.0,0.0,,,,,,,,,,2020-01-16T21:00:00,,,,0,,,,,,,,,,,,,,
2020-01-16 22:00:00,930.9,14.0,92,1.6,208.0,2.2,203.0,0.0,,,,,,,,,,2020-01-16T21:01:00,,,,0,,,,,,,,,,,,,,
2020-01-16 23:00:00,930.8,13.7,88,0.9,233.0,2.6,238.0,0.0,,,,,,,,,,2020-01-16T22:37:00,,,,0,,,,,,,,,,,,,,
2020-01-17 00:00:00,930.4,13.7,81,1.3,225.0,3.6,212.0,0.0,,,,,,,,,,2020-01-16T23:45:00,,,,0,,,,,,,,,,,,,,
2020-01-17 01:00:00,930.1,13.4,78,1.3,234.0,3.0,233.0,0.0,,,,,,,,,,2020-01-17T00:58:00,,,,0,,,,,,,,,,,,,,
2020-01-17 02:00:00,930.0,12.8,79,0.8,225.0,2.5,213.0,0.0,,,,,,,,,,2020-01-17T01:03:00,,,,0,,,,,,,,,,,,,,
2020-01-17 03:00:00,929.7,12.0,83,0.9,204.0,2.6,265.0,0.0,,,,,,,,,,2020-01-17T02:20:00,,,,0,,,,,,,,,,,,,,
2020-01-17 04:00:00,929.7,11.5,87,1.5,209.0,2.2,229.0,0.0,,,,,,,,,,2020-01-17T03:08:00,,,,0,,,,,,,,,,,,,,
2020-01-17 05:00:00,929.9,11.6,87,1.2,219.0,2.0,193.0,0.0,,,,,,,,,,2020-01-17T04:44:00,,,,0,,,,,,,,,,,,,,
2020-01-17 06:00:00,930.2,10.9,89,1.7,213.0,2.5,204.0,0.0,,,,,,,,,,2020-01-17T05:36:00,,,,0,,,,,,,,,,,,,,
2020-01-17 07:00:00,930.9,11.3,88,1.2,226.0,3.2,194.0,0.0,,,,,,,,,,2020-01-17T06:03:00,,,,0,,,,,,,,,,,,,,
2020-01-17 08:00:00,931.4,13.4,78,0.0,0.0,1.9,201.0,0.0,,,,,,,,,,2020-01-17T07:14:00,,,,0,,,,,,,,,,,,,,
2020-01-17 09:00:00,931.6,16.5,72,0.4,70.0,1.4,89.0,0.0,,,,,,,,,,2020-01-17T08:59:00,,,,0,,,,,,,,,,,,,,
2020-01-17 10:00:00,931.6,17.3,63,1.8,96.0,3.2,102.0,0.0,,,,,,,,,,2020-01-17T09:49:00,,,,0,,,,,,,,,,,,,,
2020-01-17 11:00:00,930.8,18.4,71,1.0,73.0,4.0,87.0,0.0,,,,,,,,,,2020-01-17T10:21:00,,,,0,,,,,,,,,,,,,,
2020-01-17 12:00:00,929.9,17.3,75,1.6,132.0,5.3,112.0,0.0,,,,,,,,,,2020-01-17T11:41:00,,,,0,,,,,,,,,,,,,,
2020-01-17 13:00:00,928.8,17.6,74,2.0,134.0,5.4,119.0,0.0,,,,,,,,,,2020-01-17T12:22:00,,,,0,,,,,,,,,,,,,,
2020-01-17 14:00:00,928.4,17.0,83,2.1,113.0,6.3,90.0,0.0,,,,,,,,,,2020-01-17T13:53:00,,,,0,,,,,,,,,,,,,,
2020-01-17 15:00:00,928.5,16.2,82,2.0,100.0,5.5,112.0,0.0,,,,,,,,,,2020-01-17T14:41:00,,,,0,,,,,,,,,,,,,,
2020-01-17 16:00:00,929.1,15.5,86,1.0,118.0,5.6,73.0,0.0,,,,,,,,,,2020-01-17T15:01:00,,,,0,,,,,,,,,,,,,,
2020-01-17 17:00:00,929.5,14.5,91,0.8,100.0,3.7,88.0,0.0,,,,,,,,,,2020-01-17T16:25:00,,,,0,,,,,,,,,,,,,,
2020-01-17 18:00:00,930.3,13.7,93,1.0,152.0,3.0,129.0,0.0,,,,,,,,,,2020-01-17T17:41:00,,,,0,,,,,,,,,,,,,,
2020-01-17 19:00:00,931.1,13.1,96,1.7,138.0,3.4,131.0,0.0,,,,,,,,,,2020-01-17T18:51:00,,,,0,,,,,,,,,,,,,,
2020-01-17 20:00:00,931.4,12.9,95,1.2,149.0,3.2,107.0,0.0,,,,,,,,,,2020-01-17T19:15:00,,,,0,,,,,,,,,,,,,,
2020-01-17 21:00:00,931.6,12.7,98,0.1,0.0,1.8,147.0,0.0,,,,,,,,,,2020-01-17T20:01:00,,,,0,,,,,,,,,,,,,,
2020-01-17 22:00:00,931.7,12.5,100,0.7,124.0,1.7,144.0,0.0,,,,,,,,,,2020-01-17T21:57:00,,,,0,,,,,,,,,,,,,,
2020-01-17 23:00:00,931.6,12.3,100,1.1,149.0,2.8,111.0,0.0,,,,,,,,,,2020-01-17T22:05:00,,,,0,,,,,,,,,,,,,,
2020-01-18 00:00:00,931.4,12.1,100,0.8,133.0,2.5,113.0,0.0,,,,,,,,,,2020-01-17T23:02:00,,,,0,,,,,,,,,,,,,,
2020-01-18 01:00:00,931.3,11.8,100,1.2,144.0,2.7,164.0,0.0,,,,,,,,,,2020-01-18T00:50:00,,,,0,,,,,,,,,,,,,,
2020-01-18 02:00:00,931.0,11.6,100,0.7,104.0,2.7,136.0,0.5,,,,,,,,,,2020-01-18T01:06:00,,,,0,,,,,,,,,,,,,,
2020-01-18 03:00:00,930.8,11.3,100,0.5,130.0,2.3,135.0,0.0,,,,,,,,,,2020-01-18T02:29:00,,,,0,,,,,,,,,,,,,,
2020-01-18 04:00:00,930.7,11.3,100,0.8,146.0,2.2,129.0,0.0,,,,,,,,,,2020-01-18T03:12:00,,,,0,,,,,,,,,,,,,,
2020-01-18 05:00:00,930.8,11.4,100,0.0,0.0,0.9,132.0,0.0,,,,,,,,,,2020-01-18T04:02:00,,,,0,,,,,,,,,,,,,,
2020-01-18 06:00:00,931.4,11.1,100,0.5,160.0,2.1,131.0,0.0,,,,,,,,,,2020-01-18T05:41:00,,,,0,,,,,,,,,,,,,,
2020-01-18 07:00:00,931.8,11.2,99,1.1,132.0,2.6,112.0,0.0,,,,,,,,,,2020-01-18T06:51:00,,,,0,,,,,,,,,,,,,,
2020-01-18 08:00:00,932.5,11.4,100,1.1,125.0,2.4,137.0,0.0,,,,,,,,,,2020-01-18T07:52:00,,,,0,,,,,,,,,,,,,,
2020-01-18 09:00:00,933.0,12.0,96,1.4,104.0,3.1,128.0,0.0,,,,,,,,,,2020-01-18T08:12:00,,,,0,,,,,,,,,,,,,,
2020-01-18 10:00:00,932.9,12.3,95,0.7,59.0,3.5,122.0,0.0,,,,,,,,,,2020-01-18T09:10:00,,,,0,,,,,,,,,,,,,,
2020-01-18 11:00:00,932.1,12.2,95,1.2,140.0,3.2,93.0,0.0,,,,,,,,,,2020-01-18T10:30:00,,,,0,,,,,,,,,,,,,,
2020-01-18 12:00:00,931.6,12.8,91,0.5,151.0,4.0,94.0,0.0,,,,,,,,,,2020-01-18T11:18:00,,,,0,,,,,,,,,,,,,,
2020-01-18 13:00:00,930.8,13.0,91,1.1,39.0,3.4,75.0,0.0,,,,,,,,,,2020-01-18T12:07:00,,,,0,,,,,,,,,,,,,,
2020-01-18 14:00:00,930.2,12.8,89,1.0,157.0,4.3,178.0,0.0,,,,,,,,,,2020-01-18T13:52:00,,,,0,,,,,,,,,,,,,,
2020-01-18 15:00:00,930.1,13.0,89,0.5,113.0,2.8,189.0,0.0,,,,,,,,,,2020-01-18T14:09:00,,,,0,,,,,,,,,,,,,,
2020-01-18 16:00:00,930.5,12.0,97,0.4,43.0,2.3,99.0,0.0,,,,,,,,,,2020-01-18T15:31:00,,,,0,,,,,,,,,,,,,,
2020-01-18 17:00:00,931.1,11.2,100,1.4,123.0,3.1,111.0,0.0,,,,,,,,,,2020-01-18T16:49:00,,,,0,,,,,,,,,,,,,,
2020-01-18 18:00:00,931.5,11.2,100,0.2,0.0,2.3,120.0,0.0,,,,,,,,,,2020-01-18T17:06:00,,,,0,,,,,,,,,,,,,,
2020-01-18 19:00:00,932.0,11.1,100,0.2,0.0,1.1,37.0,0.0,,,,,,,,,,2020-01-18T18:06:00,,,,0,,,,,,,,,,,,,,
2020-01-18 20:00:00,932.5,11.1,100,0.1,0.0,0.7,123.0,0.0,,,,,,,,,,2020-01-18T19:01:00,,,,0,,,,,,,,,,,,,,
2020-01-18 21:00:00,932.6,11.2,100,0.0,0.0,0.5,314.0,0.0,,,,,,,,,,2020-01-18T20:04:00,,,,0,,,,,,,,,,,,,,
2020-01-18 22:00:00,932.5,11.3,100,0.1,0.0,0.5,205.0,0.0,,,,,,,,,,2020-01-18T21:43:00,,,,0,,,,,,,,,,,,,,
2020-01-18 23:00:00,932.1,11.3,100,0.1,0.0,0.8,254.0,0.0,,,,,,,,,,2020-01-18T22:10:00,,,,0,,,,,,,,,,,,,,
2020-01-19 00:00:00,932.0,11.1,100,0.1,0.0,0.8,204.0,0.0,,,,,,,,,,2020-01-18T23:52:00,,,,0,,,,,,,,,,,,,,
2020-01-19 01:00:00,931.7,10.5,100,0.9,211.0,1.7,202.0,0.0,,,,,,,,,,2020-01-19T00:21:00,,,,0,,,,,,,,,,,,,,
2020-01-19 02:00:00,931.2,10.4,98,1.0,221.0,2.0,210.0,0.0,,,,,,,,,,2020-01-19T02:00:00,,,,0,,,,,,,,,,,,,,
2020-01-19 03:00:00,931.2,9.5,98,1.2,205.0,2.4,235.0,0.0,,,,,,,,,,2020-01-19T02:36:00,,,,0,,,,,,,,,,,,,,
2020-01-19 04:00:00,931.4,9.4,100,1.3,229.0,2.4,201.0,0.0,,,,,,,,,,2020-01-19T03:13:00,,,,0,,,,,,,,,,,,,,
2020-01-19 05:00:00,931.3,9.1,99,1.2,220.0,2.1,200.0,0.0,,,,,,,,,,2020-01-19T04:27:00,,,,0,,,,,,,,,,,,,,
2020-01-19 06:00:00,932.0,9.2,99,1.0,222.0,2.3,225.0,0.0,,,,,,,,,,2020-01-19T05:25:00,,,,0,,,,,,,,,,,,,,
2020-01-19 07:00:00,932.6,9.6,99,1.0,239.0,2.0,221.0,0.0,,,,,,,,,,2020-01-19T06:48:00,,,,0,,,,,,,,,,,,,,
2020-01-19 08:00:00,933.2,10.9,95,0.6,247.0,1.5,222.0,0.0,,,,,,,,,,2020-01-19T07:13:00,,,,0,,,,,,,,,,,,,,
2020-01-19 09:00:00,933.6,14.3,84,0.5,110.0,1.7,185.0,0.0,,,,,,,,,,2020-01-19T08:20:00,,,,0,,,,,,,,,,,,,,
2020-01-19 10:00:00,933.2,15.9,73,1.2,87.0,2.3,74.0,0.0,,,,,,,,,,2020-01-19T10:00:00,,,,0,,,,,,,,,,,,,,
2020-01-19 11:00:00,932.7,16.5,73,1.4,88.0,4.5,86.0,0.0,,,,,,,,,,2020-01-19T10:53:00,,,,0,,,,,,,,,,,,,,
2020-01-19 12:00:00,931.6,18.5,66,0.8,39.0,6.3,71.0,0.0,,,,,,,,,,2020-01-19T11:04:00,,,,0,,,,,,,,,,,,,,
2020-01-19 13:00:00,930.6,18.4,68,1.0,69.0,4.9,83.0,0.0,,,,,,,,,,2020-01-19T12:01:00,,,,0,,,,,,,,,,,,,,
2020-01-19 14:00:00,930.2,17.3,70,0.8,80.0,4.5,68.0,0.0,,,,,,,,,,2020-01-19T13:04:00,,,,0,,,,,,,,,,,,,,
2020-01-19 15:00:00,930.3,16.7,74,0.9,117.0,3.1,100.0,0.0,,,,,,,,,,2020-01-19T15:00:00,,,,0,,,,,,,,,,,,,,
2020-01-19 16:00:00,930.7,16.0,81,0.9,128.0,4.8,89.0,0.0,,,,,,,,,,2020-01-19T15:10:00,,,,0,,,,,,,,,,,,,,
2020-01-19 17:00:00,931.6,14.7,88,0.6,175.0,2.7,223.0,0.0,,,,,,,,,,2020-01-19T16:30:00,,,,0,,,,,,,,,,,,,,
2020-01-19 18:00:00,932.2,14.6,88,0.7,166.0,2.2,187.0,0.0,,,,,,,,,,2020-01-19T17:12:00,,,,0,,,,,,,,,,,,,,
2020-01-19 19:00:00,932.8,14.1,92,0.5,156.0,1.3,191.0,0.0,,,,,,,,,,2020-01-19T18:02:00,,,,0,,,,,,,,,,,,,,
2020-01-19 20:00:00,933.1,13.2,95,1.1,215.0,1.4,219.0,0.0,,,,,,,,,,2020-01-19T19:54:00,,,,0,,,,,,,,,,,,,,
2020-01-19 21:00:00,933.3,13.1,96,0.6,237.0,1.9,200.0,0.0,,,,,,,,,,2020-01-19T20:15:00,,,,0,,,,,,,,,,,,,,
2020-01-19 22:00:00,933.6,12.9,97,0.6,206.0,1.1,109.0,0.0,,,,,,,,,,2020-01-19T21:17:00,,,,0,,,,,,,,,,,,,,
2020-01-19 23:00:00,933.3,11.8,95,1.4,205.0,2.5,204.0,0.0,,,,,,,,,,2020-01-19T22:59:00,,,,0,,,,,,,,,,,,,,
2020-01-20 00:00:00,933.0,11.3,93,0.9,222.0,2.5,200.0,0.0,,,,,,,,,,2020-01-19T23:13:00,,,,0,,,,,,,,,,,,,,
2020-01-20 01:00:00,932.6,10.9,90,0.8,224.0,2.3,222.0,0.0,,,,,,,,,,2020-01-20T00:08:00,,,,0,,,,,,,,,,,,,,
2020-01-20 02:00:00,932.5,10.6,89,1.4,225.0,3.0,236.0,0.0,,,,,,,,,,2020-01-20T01:58:00,,,,0,,,,,,,,,,,,,,
2020-01-20 03:00:00,932.1,9.7,91,1.2,217.0,2.3,212.0,0.0,,,,,,,,,,2020-01-20T02:11:00,,,,0,,,,,,,,,,,,,,
2020-01-20 04:00:00,932.1,9.1,92,1.4,203.0,2.2,212.0,0.0,,,,,,,,,,2020-01-20T03:11:00,,,,0,,,,,,,,,,,,,,
2020-01-20 05:00:00,932.3,8.9,93,1.4,220.0,2.4,200.0,0.0,,,,,,,,,,2020-01-20T04:08:00,,,,0,,,,,,,,,,,,,,
2020-01-20 06:00:00,933.1,9.0,90,1.5,223.0,2.5,215.0,0.0,,,,,,,,,,2020-01-20T05:53:00,,,,0,,,,,,,,,,,,,,
2020-01-20 07:00:00,933.8,8.8,91,1.4,209.0,2.2,212.0,0.0,,,,,,,,,,2020-01-20T06:37:00,,,,0,,,,,,,,,,,,,,
2020-01-20 08:00:00,934.4,10.7,86,0.1,0.0,1.7,190.0,0.0,,,,,,,,,,2020-01-20T07:01:00,,,,0,,,,,,,,,,,,,,
2020-01-20 09:00:00,934.8,13.0,83,0.0,0.0,1.1,103.0,0.0,,,,,,,,,,2020-01-20T08:28:00,,,,0,,,,,,,,,,,,,,
2020-01-20 10:00:00,934.8,16.2,62,0.7,98.0,1.4,31.0,0.0,,,,,,,,,,2020-01-20T09:28:00,,,,0,,,,,,,,,,,,,,
2020-01-20 11:00:00,934.4,17.3,72,0.9,64.0,4.1,67.0,0.0,,,,,,,,,,2020-01-20T10:58:00,,,,0,,,,,,,,,,,,,,
2020-01-20 12:00:00,933.7,18.8,71,0.6,199.0,3.7,257.0,0.0,,,,,,,,,,2020-01-20T11:24:00,,,,0,,,,,,,,,,,,,,
2020-01-20 13:00:00,932.9,18.3,72,1.0,183.0,3.9,157.0,0.0,,,,,,,,,,2020-01-20T12:38:00,,,,0,,,,,,,,,,,,,,
2020-01-20 14:00:00,932.4,16.8,77,0.9,181.0,7.0,61.0,0.0,,,,,,,,,,2020-01-20T13:38:00,,,,0,,,,,,,,,,,,,,
2020-01-20 15:00:00,932.3,16.2,82,1.1,241.0,3.8,276.0,0.0,,,,,,,,,,2020-01-20T14:20:00,,,,0,,,,,,,,,,,,,,
2020-01-20 16:00:00,932.8,16.0,83,1.1,175.0,3.4,297.0,0.0,,,,,,,,,,2020-01-20T15:56:00,,,,0,,,,,,,,,,,,,,
2020-01-20 17:00:00,933.5,14.8,86,0.6,128.0,1.7,230.0,0.0,,,,,,,,,,2020-01-20T16:35:00,,,,0,,,,,,,,,,,,,,
2020-01-20 18:00:00,934.3,13.9,92,1.5,133.0,3.5,196.0,0.0,,,,,,,,,,2020-01-20T17:22:00,,,,0,,,,,,,,,,,,,,
2020-01-20 19:00:00,934.9,13.7,94,0.7,133.0,2.8,140.0,0.0,,,,,,,,,,2020-01-20T18:07:00,,,,0,,,,,,,,,,,,,,
2020-01-20 20:00:00,935.6,13.3,97,0.0,0.0,1.4,150.0,0.0,,,,,,,,,,2020-01-20T19:01:00,,,,0,,,,,,,,,,,,,,
2020-01-20 21:00:00,935.9,13.3,98,0.0,0.0,0.3,75.0,0.0,,,,,,,,,,2020-01-20T20:02:00,,,,0,,,,,,,,,,,,,,
2020-01-20 22:00:00,936.1,13.0,100,0.0,0.0,0.5,316.0,0.0,,,,,,,,,,2020-01-20T21:48:00,,,,0,,,,,,,,,,,,,,
2020-01-20 23:00:00,936.1,12.8,99,1.2,174.0,2.4,118.0,0.0,,,,,,,,,,2020-01-20T22:26:00,,,,0,,,,,,,,,,,,,,
2020-01-21 00:00:00,935.8,12.9,100,0.5,268.0,1.5,203.0,0.0,,,,,,,,,,2020-01-20T23:01:00,,,,0,,,,,,,,,,,,,,
2020-01-21 01:00:00,935.6,12.8,100,0.2,0.0,0.9,239.0,0.0,,,,,,,,,,2020-01-21T00:01:00,,,,0,,,,,,,,,,,,,,
2020-01-21 02:00:00,935.0,12.7,100,0.3,139.0,1.3,77.0,0.0,,,,,,,,,,2020-01-21T01:46:00,,,,0,,,,,,,,,,,,,,
2020-01-21 03:00:00,934.6,12.6,100,0.3,161.0,1.1,174.0,0.0,,,,,,,,,,2020-01-21T02:56:00,,,,0,,,,,,,,,,,,,,
2020-01-21 04:00:00,934.5,12.4,100,1.0,117.0,1.8,96.0,0.0,,,,,,,,,,2020-01-21T03:40:00,,,,0,,,,,,,,,,,,,,
2020-01-21 05:00:00,935.1,12.4,100,0.1,0.0,1.6,115.0,0.0,,,,,,,,,,2020-01-21T04:01:00,,,,0,,,,,,,,,,,,,,
2020-01-21 06:00:00,935.6,12.5,100,0.1,0.0,1.1,289.0,0.0,,,,,,,,,,2020-01-21T05:04:00,,,,0,,,,,,,,,,,,,,
2020-01-21 07:00:00,936.4,12.6,100,0.2,0.0,1.1,179.0,0.0,,,,,,,,,,2020-01-21T06:29:00,,,,0,,,,,,,,,,,,,,
2020-01-21 08:00:00,937.1,13.1,100,0.3,82.0,1.2,103.0,0.0,,,,,,,,,,2020-01-21T07:47:00,,,,0,,,,,,,,,,,,,,
2020-01-21 09:00:00,937.7,14.5,90,0.4,329.0,1.1,324.0,0.0,,,,,,,,,,2020-01-21T08:56:00,,,,0,,,,,,,,,,,,,,
2020-01-21 10:00:00,937.6,16.4,78,1.4,91.0,3.2,132.0,0.0,,,,,,,,,,2020-01-21T09:50:00,,,,0,,,,,,,,,,,,,,
2020-01-21 11:00:00,937.4,16.2,80,0.5,355.0,3.2,172.0,0.0,,,,,,,,,,2020-01-21T10:27:00,,,,0,,,,,,,,,,,,,,
2020-01-21 12:00:00,936.5,17.4,74,1.0,178.0,4.3,56.0,0.0,,,,,,,,,,2020-01-21T11:35:00,,,,0,,,,,,,,,,,,,,
2020-01-21 13:00:00,935.3,16.9,76,1.8,153.0,5.7,88.0,0.0,,,,,,,,,,2020-01-21T12:25:00,,,,0,,,,,,,,,,,,,,
2020-01-21 14:00:00,934.8,16.7,76,1.7,86.0,7.3,54.0,0.0,,,,,,,,,,2020-01-21T13:53:00,,,,0,,,,,,,,,,,,,,
2020-01-21 15:00:00,934.7,16.6,76,1.6,161.0,4.4,230.0,0.0,,,,,,,,,,2020-01-21T15:00:00,,,,0,,,,,,,,,,,,,,
2020-01-21 16:00:00,935.2,16.3,81,0.9,235.0,3.6,351.0,0.0,,,,,,,,,,2020-01-21T15:41:00,,,,0,,,,,,,,,,,,,,
2020-01-21 17:00:00,935.7,15.7,83,0.5,34.0,4.8,28.0,0.0,,,,,,,,,,2020-01-21T16:10:00,,,,0,,,,,,,,,,,,,,
2020-01-21 18:00:00,936.1,14.7,88,1.2,145.0,2.0,211.0,0.0,,,,,,,,,,2020-01-21T17:29:00,,,,0,,,,,,,,,,,,,,
2020-01-21 19:00:00,936.5,13.9,93,1.0,183.0,2.0,141.0,0.0,,,,,,,,,,2020-01-21T18:02:00,,,,0,,,,,,,,,,,,,,
2020-01-21 20:00:00,937.1,14.2,92,1.2,227.0,1.6,144.0,0.0,,,,,,,,,,2020-01-21T19:03:00,,,,0,,,,,,,,,,,,,,
2020-01-21 21:00:00,937.0,14.8,88,1.2,308.0,4.4,316.0,0.0,,,,,,,,,,2020-01-21T20:57:00,,,,0,,,,,,,,,,,,,,
2020-01-21 22:00:00,937.0,14.4,92,0.4,203.0,3.4,327.0,0.0,,,,,,,,,,2020-01-21T21:10:00,,,,0,,,,,,,,,,,,,,
2020-01-21 23:00:00,937.0,13.5,95,0.7,205.0,1.3,208.0,0.0,,,,,,,,,,2020-01-21T22:36:00,,,,0,,,,,,,,,,,,,,
2020-01-22 00:00:00,936.8,13.5,97,0.0,0.0,1.2,104.0,0.0,,,,,,,,,,2020-01-21T23:09:00,,,,0,,,,,,,,,,,,,,
2020-01-22 01:00:00,936.2,13.4,96,0.4,223.0,0.9,240.0,0.0,,,,,,,,,,2020-01-22T00:10:00,,,,0,,,,,,,,,,,,,,
2020-01-22 02:00:00,935.4,13.1,97,0.6,231.0,1.5,224.0,0.0,,,,,,,,,,2020-01-22T01:24:00,,,,0,,,,,,,,,,,,,,
2020-01-22 03:00:00,934.7,13.7,81,0.7,237.0,2.4,295.0,0.0,,,,,,,,,,2020-01-22T02:48:00,,,,0,,,,,,,,,,,,,,
2020-01-22 04:00:00,934.0,11.8,91,0.8,227.0,3.5,215.0,0.0,,,,,,,,,,2020-01-22T03:17:00,,,,0,,,,,,,,,,,,,,
2020-01-22 05:00:00,933.8,11.7,90,1.8,217.0,2.4,203.0,0.0,,,,,,,,,,2020-01-22T04:58:00,,,,0,,,,,,,,,,,,,,
2020-01-22 06:00:00,934.3,12.7,86,0.3,234.0,2.2,230.0,0.0,,,,,,,,,,2020-01-22T05:38:00,,,,0,,,,,,,,,,,,,,
2020-01-22 07:00:00,935.0,13.0,85,0.2,0.0,2.0,211.0,0.0,,,,,,,,,,2020-01-22T06:04:00,,,,0,,,,,,,,,,,,,,
2020-01-22 08:00:00,935.5,14.7,77,0.2,0.0,1.8,231.0,0.0,,,,,,,,,,2020-01-22T07:09:00,,,,0,,,,,,,,,,,,,,
2020-01-22 09:00:00,936.0,15.9,75,0.6,112.0,1.4,109.0,0.0,,,,,,,,,,2020-01-22T08:57:00,,,,0,,,,,,,,,,,,,,
2020-01-22 10:00:00,935.8,17.6,69,1.0,56.0,1.9,99.0,0.0,,,,,,,,,,2020-01-22T09:37:00,,,,0,,,,,,,,,,,,,,
2020-01-22 11:00:00,934.8,20.1,64,0.9,75.0,4.2,57.0,0.0,,,,,,,,,,2020-01-22T10:55:00,,,,0,,,,,,,,,,,,,,
2020-01-22 12:00:00,933.8,20.7,63,1.2,154.0,6.3,86.0,0.0,,,,,,,,,,2020-01-22T11:42:00,,,,0,,,,,,,,,,,,,,
2020-01-22 13:00:00,932.7,20.3,67,0.8,1.0,3.6,249.0,0.0,,,,,,,,,,2020-01-22T12:18:00,,,,0,,,,,,,,,,,,,,
2020-01-22 14:00:00,931.9,21.0,70,0.9,135.0,4.9,250.0,0.0,,,,,,,,,,2020-01-22T13:27:00,,,,0,,,,,,,,,,,,,,
2020-01-22 15:00:00,932.0,19.5,76,1.2,60.0,4.8,40.0,0.0,,,,,,,,,,2020-01-22T14:40:00,,,,0,,,,,,,,,,,,,,
2020-01-22 16:00:00,932.4,19.0,78,0.9,166.0,3.6,101.0,0.0,,,,,,,,,,2020-01-22T15:03:00,,,,0,,,,,,,,,,,,,,
2020-01-22 17:00:00,933.0,18.2,82,1.0,162.0,3.8,120.0,0.0,,,,,,,,,,2020-01-22T16:29:00,,,,0,,,,,,,,,,,,,,
2020-01-22 18:00:00,933.2,17.0,89,1.1,184.0,2.0,107.0,0.0,,,,,,,,,,2020-01-22T17:21:00,,,,0,,,,,,,,,,,,,,
2020-01-22 19:00:00,933.7,16.1,92,1.0,166.0,2.2,187.0,0.0,,,,,,,,,,2020-01-22T18:39:00,,,,0,,,,,,,,,,,,,,
2020-01-22 20:00:00,934.1,15.4,94,1.0,188.0,2.2,157.0,0.0,,,,,,,,,,2020-01-22T19:10:00,,,,0,,,,,,,,,,,,,,
2020-01-22 21:00:00,934.3,16.2,95,0.7,250.0,1.2,232.0,0.0,,,,,,,,,,2020-01-22T20:29:00,,,,0,,,,,,,,,,,,,,
2020-01-22 22:00:00,934.5,16.5,90,0.6,244.0,1.4,265.0,0.0,,,,,,,,,,2020-01-22T21:50:00,,,,0,,,,,,,,,,,,,,
2020-01-22 23:00:00,934.1,16.1,93,0.5,165.0,1.5,331.0,0.0,,,,,,,,,,2020-01-22T22:07:00,,,,0,,,,,,,,,,,,,,
2020-01-23 00:00:00,934.1,15.8,90,0.6,237.0,1.1,223.0,0.0,,,,,,,,,,2020-01-22T23:24:00,,,,0,,,,,,,,,,,,,,
2020-01-23 01:00:00,933.7,15.5,92,0.6,213.0,1.4,230.0,0.0,,,,,,,,,,2020-01-23T00:34:00,,,,0,,,,,,,,,,,,,,
2020-01-23 02:00:00,933.2,15.1,90,0.9,233.0,2.2,233.0,0.0,,,,,,,,,,2020-01-23T01:58:00,,,,0,,,,,,,,,,,,,,
2020-01-23 03:00:00,932.8,15.7,84,1.0,238.0,3.0,242.0,0.0,,,,,,,,,,2020-01-23T02:18:00,,,,0,,,,,,,,,,,,,,
2020-01-23 04:00:00,932.3,15.1,85,0.0,0.0,2.6,320.0,0.0,,,,,,,,,,2020-01-23T03:29:00,,,,0,,,,,,,,,,,,,,
2020-01-23 05:00:00,932.3,13.9,91,1.1,227.0,2.7,228.0,0.0,,,,,,,,,,2020-01-23T04:06:00,,,,0,,,,,,,,,,,,,,
2020-01-23 06:00:00,932.6,14.1,91,0.7,191.0,1.6,216.0,0.0,,,,,,,,,,2020-01-23T05:10:00,,,,0,,,,,,,,,,,,,,
2020-01-23 07:00:00,933.2,14.4,90,1.4,216.0,2.8,197.0,0.0,,,,,,,,,,2020-01-23T06:53:00,,,,0,,,,,,,,,,,,,,
2020-01-23 08:00:00,933.5,15.9,81,0.4,242.0,1.8,308.0,0.0,,,,,,,,,,2020-01-23T07:02:00,,,,0,,,,,,,,,,,,,,
2020-01-23 09:00:00,934.0,16.3,79,0.6,196.0,2.7,352.0,0.0,,,,,,,,,,2020-01-23T08:35:00,,,,0,,,,,,,,,,,,,,
2020-01-23 10:00:00,933.9,19.4,69,1.6,109.0,4.6,72.0,0.0,,,,,,,,,,2020-01-23T09:45:00,,,,0,,,,,,,,,,,,,,
2020-01-23 11:00:00,933.4,20.7,72,0.6,118.0,4.0,131.0,0.0,,,,,,,,,,2020-01-23T10:45:00,,,,0,,,,,,,,,,,,,,
2020-01-23 12:00:00,932.5,20.8,75,1.9,325.0,6.9,59.0,0.0,,,,,,,,,,2020-01-23T11:48:00,,,,0,,,,,,,,,,,,,,
2020-01-23 13:00:00,931.5,21.3,75,1.0,24.0,5.4,42.0,0.0,,,,,,,,,,2020-01-23T12:14:00,,,,0,,,,,,,,,,,,,,
2020-01-23 14:00:00,930.9,20.4,80,1.1,239.0,7.0,65.0,0.0,,,,,,,,,,2020-01-23T13:11:00,,,,0,,,,,,,,,,,,,,
2020-01-23 15:00:00,930.9,19.4,85,0.9,204.0,4.8,154.0,0.0,,,,,,,,,,2020-01-23T14:01:00,,,,0,,,,,,,,,,,,,,
2020-01-23 16:00:00,931.4,18.0,86,0.9,166.0,3.7,77.0,0.0,,,,,,,,,,2020-01-23T15:12:00,,,,0,,,,,,,,,,,,,,
2020-01-23 17:00:00,931.8,17.1,91,1.2,115.0,3.5,107.0,0.0,,,,,,,,,,2020-01-23T16:11:00,,,,0,,,,,,,,,,,,,,
2020-01-23 18:00:00,932.4,16.7,94,0.4,126.0,1.8,119.0,0.0,,,,,,,,,,2020-01-23T17:12:00,,,,0,,,,,,,,,,,,,,
2020-01-23 19:00:00,932.7,16.8,92,0.5,243.0,1.2,225.0,0.0,,,,,,,,,,2020-01-23T18:48:00,,,,0,,,,,,,,,,,,,,
2020-01-23 20:00:00,933.2,16.8,92,0.2,0.0,1.1,224.0,0.0,,,,,,,,,,2020-01-23T19:13:00,,,,0,,,,,,,,,,,,,,
2020-01-23 21:00:00,933.4,17.1,91,0.4,260.0,2.6,308.0,0.0,,,,,,,,,,2020-01-23T20:13:00,,,,0,,,,,,,,,,,,,,
2020-01-23 22:00:00,933.8,16.7,93,0.4,180.0,1.5,339.0,0.0,,,,,,,,,,2020-01-23T21:15:00,,,,0,,,,,,,,,,,,,,
2020-01-23 23:00:00,933.9,16.5,94,0.6,201.0,1.1,199.0,0.0,,,,,,,,,,2020-01-23T22:58:00,,,,0,,,,,,,,,,,,,,
2020-01-24 00:00:00,933.9,16.3,96,0.4,224.0,1.4,213.0,0.0,,,,,,,,,,2020-01-23T23:21:00,,,,0,,,,,,,,,,,,,,
2020-01-24 01:00:00,933.5,16.1,95,0.5,220.0,1.0,244.0,0.0,,,,,,,,,,2020-01-24T00:12:00,,,,0,,,,,,,,,,,,,,
2020-01-24 02:00:00,932.8,16.3,94,0.4,228.0,1.9,299.0,0.0,,,,,,,,,,2020-01-24T01:50:00,,,,0,,,,,,,,,,,,,,
2020-01-24 03:00:00,932.3,14.8,90,1.1,227.0,2.2,321.0,0.0,,,,,,,,,,2020-01-24T02:19:00,,,,0,,,,,,,,,,,,,,
2020-01-24 04:00:00,932.1,13.6,91,2.0,204.0,2.9,203.0,0.0,,,,,,,,,,2020-01-24T03:34:00,,,,0,,,,,,,,,,,,,,
2020-01-24 05:00:00,932.7,12.7,93,2.2,207.0,3.2,199.0,0.0,,,,,,,,,,2020-01-24T04:29:00,,,,0,,,,,,,,,,,,,,
2020-01-24 06:00:00,933.4,12.9,89,1.4,236.0,2.7,248.0,0.0,,,,,,,,,,2020-01-24T05:59:00,,,,0,,,,,,,,,,,,,,
2020-01-24 07:00:00,934.0,12.4,87,1.5,224.0,2.9,239.0,0.0,,,,,,,,,,2020-01-24T06:05:00,,,,0,,,,,,,,,,,,,,
2020-01-24 08:00:00,934.5,14.0,81,0.3,200.0,2.7,229.0,0.0,,,,,,,,,,2020-01-24T07:01:00,,,,0,,,,,,,,,,,,,,
2020-01-24 09:00:00,934.9,18.1,69,0.3,134.0,0.9,29.0,0.0,,,,,,,,,,2020-01-24T08:36:00,,,,0,,,,,,,,,,,,,,
2020-01-24 10:00:00,934.5,20.8,54,0.5,359.0,1.2,19.0,0.0,,,,,,,,,,2020-01-24T09:52:00,,,,0,,,,,,,,,,,,,,
2020-01-24 11:00:00,934.0,21.7,61,0.8,8.0,3.2,82.0,0.0,,,,,,,,,,2020-01-24T10:21:00,,,,0,,,,,,,,,,,,,,
2020-01-24 12:00:00,932.9,21.7,61,2.0,43.0,5.9,41.0,0.0,,,,,,,,,,2020-01-24T11:56:00,,,,0,,,,,,,,,,,,,,
2020-01-24 13:00:00,931.8,22.0,53,1.8,63.0,5.5,69.0,0.0,,,,,,,,,,2020-01-24T12:59:00,,,,0,,,,,,,,,,,,,,
2020-01-24 14:00:00,931.3,21.3,55,1.0,196.0,5.0,31.0,0.0,,,,,,,,,,2020-01-24T13:40:00,,,,0,,,,,,,,,,,,,,
2020-01-24 15:00:00,930.9,20.0,56,1.0,173.0,3.8,177.0,0.0,,,,,,,,,,2020-01-24T14:12:00,,,,0,,,,,,,,,,,,,,
2020-01-24 16:00:00,931.1,20.1,72,0.7,194.0,4.1,214.0,0.0,,,,,,,,,,2020-01-24T15:35:00,,,,0,,,,,,,,,,,,,,
2020-01-24 17:00:00,931.9,18.5,82,0.6,267.0,5.3,76.0,0.0,,,,,,,,,,2020-01-24T16:26:00,,,,0,,,,,,,,,,,,,,
2020-01-24 18:00:00,932.5,17.9,81,1.0,154.0,3.0,168.0,0.0,,,,,,,,,,2020-01-24T17:40:00,,,,0,,,,,,,,,,,,,,
2020-01-24 19:00:00,933.1,17.5,76,0.9,163.0,2.6,190.0,0.0,,,,,,,,,,2020-01-24T18:09:00,,,,0,,,,,,,,,,,,,,
2020-01-24 20:00:00,933.8,17.2,78,1.2,182.0,2.0,205.0,0.0,,,,,,,,,,2020-01-24T19:41:00,,,,0,,,,,,,,,,,,,,
2020-01-24 21:00:00,934.1,16.3,80,1.2,220.0,2.2,202.0,0.0,,,,,,,,,,2020-01-24T20:15:00,,,,0,,,,,,,,,,,,,,
2020-01-24 22:00:00,934.0,17.0,79,0.2,0.0,2.5,292.0,0.0,,,,,,,,,,2020-01-24T21:38:00,,,,0,,,,,,,,,,,,,,
2020-01-24 23:00:00,933.8,16.8,81,0.7,221.0,3.6,279.0,0.0,,,,,,,,,,2020-01-24T22:13:00,,,,0,,,,,,,,,,,,,,
2020-01-25 00:00:00,933.6,14.6,89,1.1,218.0,1.9,210.0,0.0,,,,,,,,,,2020-01-24T23:37:00,,,,0,,,,,,,,,,,,,,
2020-01-25 01:00:00,933.2,14.3,91,1.0,209.0,1.9,123.0,0.0,,,,,,,,,,2020-01-25T00:26:00,,,,0,,,,,,,,,,,,,,
2020-01-25 02:00:00,932.6,13.5,92,1.4,198.0,2.8,200.0,0.0,,,,,,,,,,2020-01-25T01:20:00,,,,0,,,,,,,,,,,,,,
2020-01-25 03:00:00,932.1,13.1,88,1.7,203.0,3.2,201.0,0.0,,,,,,,,,,2020-01-25T02:27:00,,,,0,,,,,,,,,,,,,,
2020-01-25 04:00:00,931.9,12.8,87,1.6,208.0,2.7,197.0,0.0,,,,,,,,,,2020-01-25T03:02:00,,,,0,,,,,,,,,,,,,,
2020-01-25 05:00:00,931.9,12.2,85,1.5,207.0,2.7,216.0,0.0,,,,,,,,,,2020-01-25T04:10:00,,,,0,,,,,,,,,,,,,,
2020-01-25 06:00:00,932.2,12.0,88,1.7,219.0,2.4,203.0,0.0,,,,,,,,,,2020-01-25T05:03:00,,,,0,,,,,,,,,,,,,,
2020-01-25 07:00:00,932.9,12.4,84,1.1,228.0,2.9,239.0,0.0,,,,,,,,,,2020-01-25T06:50:00,,,,0,,,,,,,,,,,,,,
2020-01-25 08:00:00,932.8,14.8,75,0.4,305.0,3.0,248.0,0.0,,,,,,,,,,2020-01-25T07:52:00,,,,0,,,,,,,,,,,,,,
2020-01-25 09:00:00,932.9,17.6,62,0.8,340.0,3.6,287.0,0.0,,,,,,,,,,2020-01-25T08:49:00,,,,0,,,,,,,,,,,,,,
2020-01-25 10:00:00,932.8,19.5,57,0.4,171.0,2.0,85.0,0.0,,,,,,,,,,2020-01-25T09:05:00,,,,0,,,,,,,,,,,,,,
2020-01-25 11:00:00,932.7,19.1,62,1.7,142.0,4.0,196.0,0.0,,,,,,,,,,2020-01-25T10:55:00,,,,0,,,,,,,,,,,,,,
2020-01-25 12:00:00,931.6,19.7,66,1.7,130.0,4.5,110.0,0.0,,,,,,,,,,2020-01-25T11:53:00,,,,0,,,,,,,,,,,,,,
2020-01-25 13:00:00,930.2,21.2,63,0.4,43.0,5.6,77.0,0.0,,,,,,,,,,2020-01-25T12:11:00,,,,0,,,,,,,,,,,,,,
2020-01-25 14:00:00,929.9,19.9,64,0.6,115.0,4.4,18.0,0.0,,,,,,,,,,2020-01-25T13:27:00,,,,0,,,,,,,,,,,,,,
2020-01-25 15:00:00,929.3,19.2,68,1.1,137.0,3.0,90.0,0.0,,,,,,,,,,2020-01-25T14:06:00,,,,0,,,,,,,,,,,,,,
2020-01-25 16:00:00,930.3,18.4,74,1.0,158.0,3.5,139.0,0.0,,,,,,,,,,2020-01-25T15:08:00,,,,0,,,,,,,,,,,,,,
2020-01-25 17:00:00,929.4,17.7,79,1.1,187.0,2.7,223.0,0.0,,,,,,,,,,2020-01-25T16:39:00,,,,0,,,,,,,,,,,,,,
2020-01-25 18:00:00,930.4,17.3,82,0.9,236.0,3.0,163.0,0.0,,,,,,,,,,2020-01-25T17:15:00,,,,0,,,,,,,,,,,,,,
2020-01-25 19:00:00,930.0,17.7,82,0.8,289.0,3.8,308.0,0.0,,,,,,,,,,2020-01-25T18:41:00,,,,0,,,,,,,,,,,,,,
2020-01-25 20:00:00,930.5,16.8,82,1.3,218.0,2.6,151.0,0.0,,,,,,,,,,2020-01-25T19:09:00,,,,0,,,,,,,,,,,,,,
2020-01-25 21:00:00,930.5,16.2,88,1.2,192.0,2.6,204.0,0.0,,,,,,,,,,2020-01-25T20:21:00,,,,0,,,,,,,,,,,,,,
2020-01-25 22:00:00,930.7,16.0,90,0.8,147.0,2.0,205.0,0.0,,,,,,,,,,2020-01-25T21:17:00,,,,0,,,,,,,,,,,,,,
2020-01-25 23:00:00,930.6,15.3,94,1.0,184.0,2.1,207.0,0.0,,,,,,,,,,2020-01-25T22:10:00,,,,0,,,,,,,,,,,,,,
2020-01-26 00:00:00,929.9,15.5,94,1.4,236.0,2.6,224.0,0.0,,,,,,,,,,2020-01-25T23:56:00,,,,0,,,,,,,,,,,,,,
2020-01-26 01:00:00,928.9,15.0,94,0.8,234.0,4.1,290.0,0.0,,,,,,,,,,2020-01-26T00:09:00,,,,0,,,,,,,,,,,,,,
2020-01-26 02:00:00,928.0,15.4,91,0.6,243.0,2.6,276.0,0.0,,,,,,,,,,2020-01-26T01:49:00,,,,0,,,,,,,,,,,,,,
2020-01-26 03:00:00,927.9,14.9,94,0.9,221.0,2.0,292.0,1.0,,,,,,,,,,2020-01-26T02:06:00,,,,0,,,,,,,,,,,,,,
2020-01-26 04:00:00,927.0,14.5,97,1.3,253.0,3.3,228.0,0.5,,,,,,,,,,2020-01-26T03:33:00,,,,0,,,,,,,,,,,,,,
2020-01-26 05:00:00,926.4,15.1,93,0.7,262.0,3.4,227.0,0.0,,,,,,,,,,2020-01-26T04:03:00,,,,0,,,,,,,,,,,,,,
2020-01-26 06:00:00,926.1,14.7,97,0.8,249.0,1.8,253.0,0.0,,,,,,,,,,2020-01-26T05:16:00,,,,0,,,,,,,,,,,,,,
2020-01-26 07:00:00,925.8,14.7,99,0.9,147.0,3.2,282.0,1.0,,,,,,,,,,2020-01-26T06:47:00,,,,0,,,,,,,,,,,,,,
2020-01-26 08:00:00,926.7,15.1,99,1.3,220.0,3.7,58.0,1.5,,,,,,,,,,2020-01-26T07:24:00,,,,0,,,,,,,,,,,,,,
2020-01-26 09:00:00,926.0,16.7,90,1.3,286.0,4.2,299.0,1.0,,,,,,,,,,2020-01-26T08:49:00,,,,0,,,,,,,,,,,,,,
2020-01-26 10:00:00,925.9,16.5,98,1.0,129.0,3.4,126.0,0.0,,,,,,,,,,2020-01-26T09:56:00,,,,0,,,,,,,,,,,,,,
2020-01-26 11:00:00,925.6,16.5,99,0.4,25.0,1.7,319.0,4.0,,,,,,,,,,2020-01-26T10:01:00,,,,0,,,,,,,,,,,,,,
2020-01-26 12:00:00,924.2,18.0,96,0.7,89.0,1.6,114.0,1.5,,,,,,,,,,2020-01-26T11:28:00,,,,0,,,,,,,,,,,,,,
2020-01-26 13:00:00,922.7,17.8,94,1.0,134.0,2.8,84.0,0.0,,,,,,,,,,2020-01-26T12:11:00,,,,0,,,,,,,,,,,,,,
2020-01-26 14:00:00,921.7,19.1,89,1.8,98.0,4.0,133.0,0.0,,,,,,,,,,2020-01-26T13:43:00,,,,0,,,,,,,,,,,,,,
2020-01-26 15:00:00,921.8,19.6,87,2.4,113.0,4.4,118.0,0.0,,,,,,,,,,2020-01-26T14:56:00,,,,0,,,,,,,,,,,,,,
2020-01-26 16:00:00,921.2,17.8,95,1.7,45.0,5.9,91.0,0.0,,,,,,,,,,2020-01-26T15:16:00,,,,0,,,,,,,,,,,,,,
2020-01-26 17:00:00,921.4,17.4,93,1.8,98.0,6.6,113.0,0.0,,,,,,,,,,2020-01-26T16:48:00,,,,0,,,,,,,,,,,,,,
2020-01-26 18:00:00,922.0,17.1,98,0.6,47.0,5.6,85.0,0.0,,,,,,,,,,2020-01-26T17:34:00,,,,0,,,,,,,,,,,,,,
2020-01-26 19:00:00,922.4,16.9,99,0.8,189.0,3.5,21.0,0.0,,,,,,,,,,2020-01-26T18:07:00,,,,0,,,,,,,,,,,,,,
2020-01-26 20:00:00,923.4,16.7,98,0.2,0.0,5.2,136.0,0.0,,,,,,,,,,2020-01-26T19:15:00,,,,0,,,,,,,,,,,,,,
2020-01-26 21:00:00,923.6,16.5,99,0.3,72.0,3.0,247.0,0.0,,,,,,,,,,2020-01-26T20:39:00,,,,0,,,,,,,,,,,,,,
2020-01-26 22:00:00,923.6,16.3,97,1.2,152.0,2.7,127.0,0.0,,,,,,,,,,2020-01-26T21:28:00,,,,0,,,,,,,,,,,,,,
2020-01-26 23:00:00,923.7,15.4,98,0.9,168.0,2.6,107.0,0.0,,,,,,,,,,2020-01-26T22:05:00,,,,0,,,,,,,,,,,,,,
2020-01-27 00:00:00,923.8,15.2,100,0.3,136.0,1.5,152.0,0.0,,,,,,,,,,2020-01-26T23:01:00,,,,0,,,,,,,,,,,,,,
2020-01-27 01:00:00,923.9,15.4,99,1.0,156.0,2.9,101.0,0.0,,,,,,,,,,2020-01-27T00:20:00,,,,0,,,,,,,,,,,,,,
2020-01-27 02:00:00,923.2,14.7,99,1.4,202.0,2.9,107.0,0.0,,,,,,,,,,2020-01-27T01:14:00,,,,0,,,,,,,,,,,,,,
2020-01-27 03:00:00,923.0,14.2,100,0.4,191.0,1.9,209.0,0.0,,,,,,,,,,2020-01-27T02:01:00,,,,0,,,,,,,,,,,,,,
2020-01-27 04:00:00,923.2,14.6,99,1.0,212.0,1.7,215.0,0.0,,,,,,,,,,2020-01-27T03:55:00,,,,0,,,,,,,,,,,,,,
2020-01-27 05:00:00,923.8,14.2,99,0.7,173.0,1.6,181.0,0.0,,,,,,,,,,2020-01-27T05:00:00,,,,0,,,,,,,,,,,,,,
2020-01-27 06:00:00,924.4,14.1,99,0.9,235.0,2.0,235.0,0.0,,,,,,,,,,2020-01-27T05:47:00,,,,0,,,,,,,,,,,,,,
2020-01-27 07:00:00,925.3,14.5,94,0.7,218.0,1.8,246.0,0.0,,,,,,,,,,2020-01-27T06:35:00,,,,0,,,,,,,,,,,,,,
2020-01-27 08:00:00,925.7,15.8,86,0.3,294.0,1.6,273.0,0.0,,,,,,,,,,2020-01-27T07:22:00,,,,0,,,,,,,,,,,,,,
2020-01-27 09:00:00,925.8,18.2,70,0.9,92.0,1.7,97.0,0.0,,,,,,,,,,2020-01-27T08:54:00,,,,0,,,,,,,,,,,,,,
2020-01-27 10:00:00,926.0,19.3,80,1.0,56.0,4.5,102.0,0.0,,,,,,,,,,2020-01-27T09:26:00,,,,0,,,,,,,,,,,,,,
2020-01-27 11:00:00,925.7,19.3,82,1.9,53.0,5.3,65.0,0.0,,,,,,,,,,2020-01-27T10:45:00,,,,0,,,,,,,,,,,,,,
2020-01-27 12:00:00,925.1,18.8,79,2.4,86.0,6.7,92.0,0.0,,,,,,,,,,2020-01-27T11:50:00,,,,0,,,,,,,,,,,,,,
2020-01-27 13:00:00,924.5,18.2,83,2.2,92.0,6.3,134.0,0.0,,,,,,,,,,2020-01-27T12:03:00,,,,0,,,,,,,,,,,,,,
2020-01-27 14:00:00,924.4,17.3,84,2.2,108.0,7.6,105.0,0.0,,,,,,,,,,2020-01-27T13:53:00,,,,0,,,,,,,,,,,,,,
2020-01-27 15:00:00,924.5,16.3,89,2.0,101.0,6.7,79.0,0.0,,,,,,,,,,2020-01-27T14:56:00,,,,0,,,,,,,,,,,,,,
2020-01-27 16:00:00,925.1,15.5,92,1.3,97.0,7.5,94.0,0.0,,,,,,,,,,2020-01-27T15:09:00,,,,0,,,,,,,,,,,,,,
2020-01-27 17:00:00,925.8,14.9,94,1.2,190.0,4.4,103.0,0.0,,,,,,,,,,2020-01-27T16:09:00,,,,0,,,,,,,,,,,,,,
2020-01-27 18:00:00,926.5,14.3,97,0.7,202.0,3.7,189.0,0.0,,,,,,,,,,2020-01-27T17:01:00,,,,0,,,,,,,,,,,,,,
2020-01-27 19:00:00,926.7,13.9,97,1.7,133.0,3.2,197.0,0.0,,,,,,,,,,2020-01-27T18:12:00,,,,0,,,,,,,,,,,,,,
2020-01-27 20:00:00,927.5,13.5,99,0.8,165.0,3.7,175.0,0.0,,,,,,,,,,2020-01-27T19:03:00,,,,0,,,,,,,,,,,,,,
2020-01-27 21:00:00,928.4,13.4,99,0.5,163.0,2.4,115.0,0.0,,,,,,,,,,2020-01-27T20:13:00,,,,0,,,,,,,,,,,,,,
2020-01-27 22:00:00,928.7,13.2,100,1.0,106.0,2.4,153.0,0.0,,,,,,,,,,2020-01-27T21:05:00,,,,0,,,,,,,,,,,,,,
2020-01-27 23:00:00,927.9,13.1,99,0.2,0.0,2.7,114.0,0.0,,,,,,,,,,2020-01-27T22:23:00,,,,0,,,,,,,,,,,,,,
2020-01-28 00:00:00,927.6,13.0,100,1.0,126.0,2.3,213.0,0.0,,,,,,,,,,2020-01-28T00:00:00,,,,0,,,,,,,,,,,,,,
2020-01-28 01:00:00,928.1,12.9,100,0.5,21.0,2.5,113.0,0.0,,,,,,,,,,2020-01-28T00:07:00,,,,0,,,,,,,,,,,,,,
2020-01-28 02:00:00,927.4,13.0,98,0.8,122.0,3.3,294.0,0.0,,,,,,,,,,2020-01-28T01:41:00,,,,0,,,,,,,,,,,,,,
2020-01-28 03:00:00,927.7,12.4,98,0.3,285.0,2.5,286.0,0.0,,,,,,,,,,2020-01-28T02:59:00,,,,0,,,,,,,,,,,,,,
2020-01-28 04:00:00,927.1,12.0,99,0.9,158.0,2.5,293.0,0.5,,,,,,,,,,2020-01-28T03:05:00,,,,0,,,,,,,,,,,,,,
2020-01-28 05:00:00,927.5,12.0,99,0.4,239.0,2.6,86.0,0.5,,,,,,,,,,2020-01-28T04:05:00,,,,0,,,,,,,,,,,,,,
2020-01-28 06:00:00,927.6,12.0,99,0.6,215.0,1.6,85.0,0.0,,,,,,,,,,2020-01-28T05:29:00,,,,0,,,,,,,,,,,,,,
2020-01-28 07:00:00,928.4,12.2,100,0.4,17.0,2.6,138.0,0.0,,,,,,,,,,2020-01-28T06:34:00,,,,0,,,,,,,,,,,,,,
2020-01-28 08:00:00,928.8,12.2,100,0.8,232.0,1.9,227.0,0.0,,,,,,,,,,2020-01-28T08:00:00,,,,0,,,,,,,,,,,,,,
2020-01-28 09:00:00,929.2,12.6,99,0.4,138.0,2.5,290.0,0.5,,,,,,,,,,2020-01-28T08:03:00,,,,0,,,,,,,,,,,,,,
2020-01-28 10:00:00,928.6,12.7,98,1.9,132.0,3.4,104.0,0.0,,,,,,,,,,2020-01-28T10:00:00,,,,0,,,,,,,,,,,,,,
2020-01-28 11:00:00,928.7,12.6,100,0.5,65.0,3.7,125.0,0.0,,,,,,,,,,2020-01-28T10:16:00,,,,0,,,,,,,,,,,,,,
2020-01-28 12:00:00,928.5,12.7,99,0.9,101.0,3.2,96.0,0.0,,,,,,,,,,2020-01-28T11:22:00,,,,0,,,,,,,,,,,,,,
2020-01-28 13:00:00,927.5,13.0,98,1.3,95.0,3.5,65.0,0.0,,,,,,,,,,2020-01-28T12:56:00,,,,0,,,,,,,,,,,,,,
2020-01-28 14:00:00,927.3,12.8,97,1.1,106.0,2.8,90.0,0.0,,,,,,,,,,2020-01-28T13:05:00,,,,0,,,,,,,,,,,,,,
2020-01-28 15:00:00,926.9,13.2,98,0.6,71.0,3.9,204.0,0.5,,,,,,,,,,2020-01-28T14:10:00,,,,0,,,,,,,,,,,,,,
2020-01-28 16:00:00,927.5,12.8,98,1.4,117.0,3.1,108.0,0.0,,,,,,,,,,2020-01-28T15:48:00,,,,0,,,,,,,,,,,,,,
2020-01-28 17:00:00,927.8,12.4,100,0.2,0.0,3.3,159.0,0.5,,,,,,,,,,2020-01-28T16:05:00,,,,0,,,,,,,,,,,,,,
2020-01-28 18:00:00,928.1,12.3,100,0.1,0.0,1.4,100.0,0.0,,,,,,,,,,2020-01-28T17:01:00,,,,0,,,,,,,,,,,,,,
2020-01-28 19:00:00,929.1,12.3,100,0.2,0.0,0.7,300.0,0.0,,,,,,,,,,2020-01-28T18:55:00,,,,0,,,,,,,,,,,,,,
2020-01-28 20:00:00,929.7,12.2,100,0.4,63.0,1.7,102.0,0.5,,,,,,,,,,2020-01-28T19:06:00,,,,0,,,,,,,,,,,,,,
2020-01-28 21:00:00,929.4,11.7,100,0.9,131.0,2.3,134.0,0.0,,,,,,,,,,2020-01-28T20:30:00,,,,0,,,,,,,,,,,,,,
2020-01-28 22:00:00,929.6,11.6,100,0.2,0.0,3.3,131.0,0.0,,,,,,,,,,2020-01-28T21:02:00,,,,0,,,,,,,,,,,,,,
2020-01-28 23:00:00,929.4,11.5,100,0.1,0.0,1.7,116.0,0.0,,,,,,,,,,2020-01-28T22:08:00,,,,0,,,,,,,,,,,,,,
2020-01-29 00:00:00,929.7,11.4,100,0.3,330.0,1.3,121.0,0.0,,,,,,,,,,2020-01-28T23:04:00,,,,0,,,,,,,,,,,,,,
2020-01-29 01:00:00,929.7,11.2,100,0.1,0.0,1.0,77.0,0.0,,,,,,,,,,2020-01-29T00:46:00,,,,0,,,,,,,,,,,,,,
2020-01-29 02:00:00,928.9,11.1,100,0.4,65.0,1.1,26.0,0.0,,,,,,,,,,2020-01-29T01:43:00,,,,0,,,,,,,,,,,,,,
2020-01-29 03:00:00,929.1,10.9,100,0.3,62.0,1.2,84.0,0.0,,,,,,,,,,2020-01-29T02:26:00,,,,0,,,,,,,,,,,,,,
2020-01-29 04:00:00,929.3,10.6,100,0.9,129.0,2.7,181.0,0.0,,,,,,,,,,2020-01-29T03:13:00,,,,0,,,,,,,,,,,,,,
2020-01-29 05:00:00,929.3,10.6,100,0.7,116.0,2.2,111.0,0.0,,,,,,,,,,2020-01-29T04:29:00,,,,0,,,,,,,,,,,,,,
2020-01-29 06:00:00,929.2,10.6,100,0.3,354.0,2.1,128.0,0.0,,,,,,,,,,2020-01-29T05:04:00,,,,0,,,,,,,,,,,,,,
2020-01-29 07:00:00,929.9,10.5,100,0.4,37.0,1.4,102.0,0.0,,,,,,,,,,2020-01-29T06:29:00,,,,0,,,,,,,,,,,,,,
2020-01-29 08:00:00,930.1,10.7,100,0.3,48.0,1.5,78.0,0.0,,,,,,,,,,2020-01-29T07:20:00,,,,0,,,,,,,,,,,,,,
2020-01-29 09:00:00,930.5,11.4,99,0.5,58.0,2.2,114.0,0.0,,,,,,,,,,2020-01-29T08:26:00,,,,0,,,,,,,,,,,,,,
2020-01-29 10:00:00,930.7,12.1,94,1.0,91.0,2.5,91.0,0.0,,,,,,,,,,2020-01-29T09:50:00,,,,0,,,,,,,,,,,,,,
2020-01-29 11:00:00,929.9,12.3,91,1.0,88.0,3.9,56.0,0.0,,,,,,,,,,2020-01-29T10:39:00,,,,0,,,,,,,,,,,,,,
2020-01-29 12:00:00,928.8,12.6,86,1.2,112.0,3.5,72.0,0.0,,,,,,,,,,2020-01-29T11:16:00,,,,0,,,,,,,,,,,,,,
2020-01-29 13:00:00,928.1,12.2,93,0.7,142.0,4.4,189.0,0.0,,,,,,,,,,2020-01-29T12:07:00,,,,0,,,,,,,,,,,,,,
2020-01-29 14:00:00,927.8,12.4,91,0.9,203.0,3.7,108.0,0.0,,,,,,,,,,2020-01-29T13:18:00,,,,0,,,,,,,,,,,,,,
2020-01-29 15:00:00,927.6,11.2,94,1.0,157.0,4.5,147.0,0.0,,,,,,,,,,2020-01-29T14:13:00,,,,0,,,,,,,,,,,,,,
2020-01-29 16:00:00,927.8,10.9,98,0.5,98.0,3.2,127.0,0.0,,,,,,,,,,2020-01-29T15:22:00,,,,0,,,,,,,,,,,,,,
2020-01-29 17:00:00,928.1,10.5,100,0.6,111.0,3.1,106.0,0.0,,,,,,,,,,2020-01-29T16:37:00,,,,0,,,,,,,,,,,,,,
2020-01-29 18:00:00,928.7,10.3,100,1.2,101.0,3.1,107.0,0.0,,,,,,,,,,2020-01-29T17:45:00,,,,0,,,,,,,,,,,,,,
2020-01-29 19:00:00,929.1,9.9,100,0.6,160.0,2.8,183.0,0.0,,,,,,,,,,2020-01-29T18:25:00,,,,0,,,,,,,,,,,,,,
2020-01-29 20:00:00,929.5,9.7,100,0.7,125.0,3.2,140.0,0.0,,,,,,,,,,2020-01-29T19:12:00,,,,0,,,,,,,,,,,,,,
2020-01-29 21:00:00,929.8,9.6,100,1.2,142.0,2.7,185.0,0.0,,,,,,,,,,2020-01-29T20:34:00,,,,0,,,,,,,,,,,,,,
2020-01-29 22:00:00,929.6,9.6,100,0.0,0.0,3.2,136.0,0.0,,,,,,,,,,2020-01-29T21:12:00,,,,0,,,,,,,,,,,,,,
2020-01-29 23:00:00,929.5,9.5,100,0.2,0.0,1.1,94.0,0.0,,,,,,,,,,2020-01-29T22:09:00,,,,0,,,,,,,,,,,,,,
2020-01-30 00:00:00,929.0,9.5,100,0.6,93.0,1.6,90.0,0.5,,,,,,,,,,2020-01-30T00:00:00,,,,0,,,,,,,,,,,,,,
2020-01-30 01:00:00,929.0,9.5,99,0.7,147.0,2.0,146.0,0.0,,,,,,,,,,2020-01-30T00:09:00,,,,0,,,,,,,,,,,,,,
2020-01-30 02:00:00,928.7,9.0,100,0.9,150.0,2.7,153.0,0.0,,,,,,,,,,2020-01-30T01:26:00,,,,0,,,,,,,,,,,,,,
2020-01-30 03:00:00,928.3,8.7,100,1.0,130.0,2.8,111.0,0.0,,,,,,,,,,2020-01-30T02:38:00,,,,0,,,,,,,,,,,,,,
2020-01-30 04:00:00,928.2,8.2,100,0.9,87.0,2.8,91.0,0.0,,,,,,,,,,2020-01-30T03:13:00,,,,0,,,,,,,,,,,,,,
2020-01-30 05:00:00,928.6,8.0,99,1.7,137.0,3.0,134.0,0.0,,,,,,,,,,2020-01-30T04:51:00,,,,0,,,,,,,,,,,,,,
2020-01-30 06:00:00,929.2,7.8,99,1.1,147.0,3.2,111.0,0.0,,,,,,,,,,2020-01-30T05:38:00,,,,0,,,,,,,,,,,,,,
2020-01-30 07:00:00,929.8,7.7,100,0.8,135.0,2.5,94.0,0.0,,,,,,,,,,2020-01-30T06:49:00,,,,0,,,,,,,,,,,,,,
2020-01-30 08:00:00,930.4,8.0,100,0.8,114.0,2.2,107.0,0.0,,,,,,,,,,2020-01-30T07:21:00,,,,0,,,,,,,,,,,,,,
2020-01-30 09:00:00,931.0,9.0,95,0.7,61.0,3.3,123.0,0.0,,,,,,,,,,2020-01-30T08:16:00,,,,0,,,,,,,,,,,,,,
2020-01-30 10:00:00,930.8,11.1,83,0.8,16.0,4.5,36.0,0.0,,,,,,,,,,2020-01-30T09:40:00,,,,0,,,,,,,,,,,,,,
2020-01-30 11:00:00,930.2,11.5,79,1.5,94.0,4.1,139.0,0.0,,,,,,,,,,2020-01-30T10:51:00,,,,0,,,,,,,,,,,,,,
2020-01-30 12:00:00,929.4,11.8,76,1.1,29.0,4.8,125.0,0.0,,,,,,,,,,2020-01-30T11:03:00,,,,0,,,,,,,,,,,,,,
2020-01-30 13:00:00,928.7,10.4,79,1.2,352.0,5.1,70.0,0.0,,,,,,,,,,2020-01-30T12:13:00,,,,0,,,,,,,,,,,,,,
2020-01-30 14:00:00,928.4,9.6,84,2.0,130.0,5.8,90.0,0.0,,,,,,,,,,2020-01-30T13:57:00,,,,0,,,,,,,,,,,,,,
2020-01-30 15:00:00,928.4,9.1,87,1.0,134.0,5.9,71.0,0.0,,,,,,,,,,2020-01-30T14:26:00,,,,0,,,,,,,,,,,,,,
2020-01-30 16:00:00,928.8,9.0,90,1.0,171.0,3.1,72.0,0.0,,,,,,,,,,2020-01-30T15:43:00,,,,0,,,,,,,,,,,,,,
2020-01-30 17:00:00,929.7,8.5,94,1.3,150.0,3.0,118.0,0.0,,,,,,,,,,2020-01-30T16:52:00,,,,0,,,,,,,,,,,,,,
2020-01-30 18:00:00,930.3,8.2,98,1.5,116.0,2.9,106.0,0.0,,,,,,,,,,2020-01-30T17:48:00,,,,0,,,,,,,,,,,,,,
2020-01-30 19:00:00,930.8,8.3,98,0.7,125.0,2.5,117.0,0.0,,,,,,,,,,2020-01-30T18:09:00,,,,0,,,,,,,,,,,,,,
2020-01-30 20:00:00,931.3,8.2,97,0.5,109.0,2.1,130.0,0.0,,,,,,,,,,2020-01-30T19:32:00,,,,0,,,,,,,,,,,,,,
2020-01-30 21:00:00,931.8,8.2,97,0.7,100.0,1.8,109.0,0.0,,,,,,,,,,2020-01-30T20:41:00,,,,0,,,,,,,,,,,,,,
2020-01-30 22:00:00,932.1,8.0,100,0.1,0.0,1.6,196.0,0.0,,,,,,,,,,2020-01-30T21:11:00,,,,0,,,,,,,,,,,,,,
2020-01-30 23:00:00,931.8,7.3,100,0.8,198.0,1.6,207.0,0.0,,,,,,,,,,2020-01-30T22:44:00,,,,0,,,,,,,,,,,,,,
2020-01-31 00:00:00,931.4,7.9,99,0.5,176.0,1.0,189.0,0.0,,,,,,,,,,2020-01-30T23:02:00,,,,0,,,,,,,,,,,,,,
2020-01-31 01:00:00,931.3,7.6,99,0.5,184.0,0.9,118.0,0.0,,,,,,,,,,2020-01-31T00:50:00,,,,0,,,,,,,,,,,,,,
2020-01-31 02:00:00,931.3,7.7,94,0.5,147.0,2.7,164.0,0.0,,,,,,,,,,2020-01-31T01:47:00,,,,0,,,,,,,,,,,,,,
2020-01-31 03:00:00,931.2,7.6,95,0.0,0.0,1.9,136.0,0.0,,,,,,,,,,2020-01-31T02:01:00,,,,0,,,,,,,,,,,,,,
2020-01-31 04:00:00,931.2,7.4,91,0.1,0.0,1.8,152.0,0.0,,,,,,,,,,2020-01-31T03:32:00,,,,0,,,,,,,,,,,,,,
2020-01-31 05:00:00,931.4,7.1,90,1.0,177.0,1.6,179.0,0.0,,,,,,,,,,2020-01-31T04:35:00,,,,0,,,,,,,,,,,,,,
2020-01-31 06:00:00,932.5,7.0,88,0.9,176.0,2.0,175.0,0.0,,,,,,,,,,2020-01-31T05:42:00,,,,0,,,,,,,,,,,,,,
2020-01-31 07:00:00,933.1,7.0,89,0.7,227.0,1.8,138.0,0.0,,,,,,,,,,2020-01-31T06:09:00,,,,0,,,,,,,,,,,,,,
2020-01-31 08:00:00,933.6,7.8,91,0.6,74.0,1.1,79.0,0.0,,,,,,,,,,2020-01-31T07:55:00,,,,0,,,,,,,,,,,,,,
2020-01-31 09:00:00,933.9,9.2,81,0.4,344.0,1.5,34.0,0.0,,,,,,,,,,2020-01-31T08:18:00,,,,0,,,,,,,,,,,,,,
2020-01-31 10:00:00,934.0,10.0,72,0.8,82.0,2.5,101.0,0.0,,,,,,,,,,2020-01-31T09:34:00,,,,0,,,,,,,,,,,,,,
2020-01-31 11:00:00,933.8,11.5,59,1.1,86.0,3.9,100.0,0.0,,,,,,,,,,2020-01-31T10:49:00,,,,0,,,,,,,,,,,,,,
2020-01-31 12:00:00,933.1,12.1,63,1.4,20.0,5.8,83.0,0.0,,,,,,,,,,2020-01-31T11:26:00,,,,0,,,,,,,,,,,,,,
2020-01-31 13:00:00,932.4,11.5,58,1.7,55.0,6.2,65.0,0.0,,,,,,,,,,2020-01-31T12:58:00,,,,0,,,,,,,,,,,,,,
2020-01-31 14:00:00,931.8,10.8,64,0.7,85.0,6.0,97.0,0.0,,,,,,,,,,2020-01-31T13:16:00,,,,0,,,,,,,,,,,,,,
2020-01-31 15:00:00,931.6,10.9,64,1.3,64.0,5.6,62.0,0.0,,,,,,,,,,2020-01-31T14:28:00,,,,0,,,,,,,,,,,,,,
2020-01-31 16:00:00,932.0,10.0,69,1.7,123.0,6.3,62.0,0.0,,,,,,,,,,2020-01-31T15:08:00,,,,0,,,,,,,,,,,,,,
2020-01-31 17:00:00,932.4,9.5,72,1.2,95.0,4.2,89.0,0.0,,,,,,,,,,2020-01-31T16:14:00,,,,0,,,,,,,,,,,,,,
2020-01-31 18:00:00,933.0,9.1,77,0.7,159.0,3.2,85.0,0.0,,,,,,,,,,2020-01-31T17:07:00,,,,0,,,,,,,,,,,,,,
2020-01-31 19:00:00,933.6,8.8,79,1.0,175.0,1.6,170.0,0.0,,,,,,,,,,2020-01-31T18:53:00,,,,0,,,,,,,,,,,,,,
2020-01-31 20:00:00,934.4,8.7,78,0.8,176.0,1.8,165.0,0.0,,,,,,,,,,2020-01-31T19:17:00,,,,0,,,,,,,,,,,,,,
2020-01-31 21:00:00,934.8,8.5,87,0.8,233.0,1.2,167.0,0.0,,,,,,,,,,2020-01-31T20:03:00,,,,0,,,,,,,,,,,,,,
2020-01-31 22:00:00,935.0,8.4,86,0.7,207.0,1.4,208.0,0.0,,,,,,,,,,2020-01-31T21:30:00,,,,0,,,,,,,,,,,,,,
2020-01-31 23:00:00,934.9,8.5,84,1.1,269.0,2.7,248.0,0.0,,,,,,,,,,2020-01-31T22:54:00,,,,0,,,,,,,,,,,,,,
2020-02-01 00:00:00,934.8,8.3,77,0.5,235.0,2.9,314.0,0.0,,,,,,,,,,2020-01-31T23:01:00,,,,0,,,,,,,,,,,,,,
2020-02-01 01:00:00,934.8,7.8,77,0.6,257.0,3.0,325.0,0.0,,,,,,,,,,2020-02-01T00:33:00,,,,0,,,,,,,,,,,,,,
2020-02-01 02:00:00,934.5,7.3,77,1.2,289.0,3.2,280.0,0.0,,,,,,,,,,2020-02-01T01:12:00,,,,0,,,,,,,,,,,,,,
2020-02-01 03:00:00,934.1,6.9,79,1.0,265.0,3.9,339.0,0.0,,,,,,,,,,2020-02-01T02:41:00,,,,0,,,,,,,,,,,,,,
2020-02-01 04:00:00,934.3,6.5,81,0.8,270.0,4.2,332.0,0.0,,,,,,,,,,2020-02-01T03:24:00,,,,0,,,,,,,,,,,,,,
2020-02-01 05:00:00,934.4,6.0,82,0.7,231.0,2.2,299.0,0.0,,,,,,,,,,2020-02-01T04:01:00,,,,0,,,,,,,,,,,,,,
2020-02-01 06:00:00,934.9,5.0,91,1.4,212.0,2.0,227.0,0.0,,,,,,,,,,2020-02-01T05:19:00,,,,0,,,,,,,,,,,,,,
2020-02-01 07:00:00,935.7,5.3,89,1.2,215.0,2.5,209.0,0.0,,,,,,,,,,2020-02-01T06:16:00,,,,0,,,,,,,,,,,,,,
2020-02-01 08:00:00,935.9,8.2,80,0.3,103.0,1.8,214.0,0.0,,,,,,,,,,2020-02-01T07:01:00,,,,0,,,,,,,,,,,,,,
2020-02-01 09:00:00,935.7,10.8,65,0.7,24.0,1.2,62.0,0.0,,,,,,,,,,2020-02-01T08:10:00,,,,0,,,,,,,,,,,,,,
2020-02-01 10:00:00,935.5,12.6,57,1.6,97.0,3.3,114.0,0.0,,,,,,,,,,2020-02-01T09:54:00,,,,0,,,,,,,,,,,,,,
2020-02-01 11:00:00,934.9,13.2,59,1.9,81.0,5.0,39.0,0.0,,,,,,,,,,2020-02-01T11:00:00,,,,0,,,,,,,,,,,,,,
2020-02-01 12:00:00,934.1,13.5,60,2.1,81.0,6.5,78.0,0.0,,,,,,,,,,2020-02-01T11:08:00,,,,0,,,,,,,,,,,,,,
2020-02-01 13:00:00,933.3,13.7,64,1.1,77.0,6.0,76.0,0.0,,,,,,,,,,2020-02-01T12:40:00,,,,0,,,,,,,,,,,,,,
2020-02-01 14:00:00,932.9,12.8,68,1.5,54.0,5.2,52.0,0.0,,,,,,,,,,2020-02-01T13:45:00,,,,0,,,,,,,,,,,,,,
2020-02-01 15:00:00,932.9,12.0,72,1.1,52.0,6.1,101.0,0.0,,,,,,,,,,2020-02-01T14:14:00,,,,0,,,,,,,,,,,,,,
2020-02-01 16:00:00,933.2,11.6,71,1.6,78.0,5.8,77.0,0.0,,,,,,,,,,2020-02-01T15:53:00,,,,0,,,,,,,,,,,,,,
2020-02-01 17:00:00,934.0,11.2,76,0.9,155.0,3.9,84.0,0.0,,,,,,,,,,2020-02-01T16:03:00,,,,0,,,,,,,,,,,,,,
2020-02-01 18:00:00,934.4,10.5,83,0.1,0.0,2.3,125.0,0.0,,,,,,,,,,2020-02-01T17:17:00,,,,0,,,,,,,,,,,,,,
2020-02-01 19:00:00,935.0,10.3,87,0.3,210.0,1.4,195.0,0.0,,,,,,,,,,2020-02-01T18:30:00,,,,0,,,,,,,,,,,,,,
2020-02-01 20:00:00,935.4,9.8,90,0.4,194.0,1.0,204.0,0.0,,,,,,,,,,2020-02-01T19:42:00,,,,0,,,,,,,,,,,,,,
2020-02-01 21:00:00,935.1,9.3,92,0.8,196.0,1.4,195.0,0.0,,,,,,,,,,2020-02-01T20:52:00,,,,0,,,,,,,,,,,,,,
2020-02-01 22:00:00,935.2,9.2,93,0.6,198.0,1.4,212.0,0.0,,,,,,,,,,2020-02-01T21:27:00,,,,0,,,,,,,,,,,,,,
2020-02-01 23:00:00,935.2,8.9,94,1.1,215.0,1.5,204.0,0.0,,,,,,,,,,2020-02-01T22:38:00,,,,0,,,,,,,,,,,,,,
2020-02-02 00:00:00,935.2,8.8,93,1.3,205.0,1.7,202.0,0.0,,,,,,,,,,2020-02-01T23:13:00,,,,0,,,,,,,,,,,,,,
2020-02-02 01:00:00,935.2,8.6,95,1.0,226.0,1.6,205.0,0.0,,,,,,,,,,2020-02-02T00:02:00,,,,0,,,,,,,,,,,,,,
2020-02-02 02:00:00,935.0,7.5,95,1.6,209.0,2.8,204.0,0.0,,,,,,,,,,2020-02-02T01:43:00,,,,0,,,,,,,,,,,,,,
2020-02-02 03:00:00,935.1,6.8,94,1.5,204.0,2.0,201.0,0.0,,,,,,,,,,2020-02-02T02:06:00,,,,0,,,,,,,,,,,,,,
2020-02-02 04:00:00,935.2,6.6,93,1.4,212.0,2.4,206.0,0.0,,,,,,,,,,2020-02-02T03:17:00,,,,0,,,,,,,,,,,,,,
2020-02-02 05:00:00,935.3,7.1,88,1.0,226.0,2.6,233.0,0.0,,,,,,,,,,2020-02-02T04:55:00,,,,0,,,,,,,,,,,,,,
2020-02-02 06:00:00,936.0,7.4,87,1.0,238.0,2.8,306.0,0.0,,,,,,,,,,2020-02-02T05:11:00,,,,0,,,,,,,,,,,,,,
2020-02-02 07:00:00,936.6,7.6,89,1.1,214.0,2.0,319.0,0.0,,,,,,,,,,2020-02-02T06:04:00,,,,0,,,,,,,,,,,,,,
2020-02-02 08:00:00,936.3,10.4,80,0.4,100.0,1.6,214.0,0.0,,,,,,,,,,2020-02-02T07:03:00,,,,0,,,,,,,,,,,,,,
2020-02-02 09:00:00,935.9,12.6,70,0.8,92.0,1.8,88.0,0.0,,,,,,,,,,2020-02-02T08:20:00,,,,0,,,,,,,,,,,,,,
2020-02-02 10:00:00,935.9,13.7,65,1.8,87.0,5.1,99.0,0.0,,,,,,,,,,2020-02-02T09:49:00,,,,0,,,,,,,,,,,,,,
2020-02-02 11:00:00,935.4,14.7,62,1.5,144.0,3.7,119.0,0.0,,,,,,,,,,2020-02-02T10:16:00,,,,0,,,,,,,,,,,,,,
2020-02-02 12:00:00,934.5,15.5,61,1.2,71.0,4.6,187.0,0.0,,,,,,,,,,2020-02-02T11:26:00,,,,0,,,,,,,,,,,,,,
2020-02-02 13:00:00,933.9,15.8,60,1.9,53.0,8.1,69.0,0.0,,,,,,,,,,2020-02-02T12:52:00,,,,0,,,,,,,,,,,,,,
2020-02-02 14:00:00,933.4,14.8,69,1.0,113.0,5.6,75.0,0.0,,,,,,,,,,2020-02-02T13:25:00,,,,0,,,,,,,,,,,,,,
2020-02-02 15:00:00,932.8,14.3,76,1.5,240.0,5.5,81.0,0.0,,,,,,,,,,2020-02-02T14:08:00,,,,0,,,,,,,,,,,,,,
2020-02-02 16:00:00,932.9,14.2,77,0.6,272.0,2.8,42.0,0.0,,,,,,,,,,2020-02-02T15:06:00,,,,0,,,,,,,,,,,,,,
2020-02-02 17:00:00,933.5,13.2,83,0.8,144.0,2.1,60.0,0.0,,,,,,,,,,2020-02-02T16:56:00,,,,0,,,,,,,,,,,,,,
2020-02-02 18:00:00,933.8,12.8,84,0.9,150.0,2.7,60.0,0.0,,,,,,,,,,2020-02-02T17:03:00,,,,0,,,,,,,,,,,,,,
2020-02-02 19:00:00,934.2,12.5,88,0.4,157.0,1.7,168.0,0.0,,,,,,,,,,2020-02-02T18:26:00,,,,0,,,,,,,,,,,,,,
2020-02-02 20:00:00,934.7,12.3,91,0.5,172.0,1.8,145.0,0.0,,,,,,,,,,2020-02-02T19:07:00,,,,0,,,,,,,,,,,,,,
2020-02-02 21:00:00,934.7,12.2,89,0.6,151.0,1.3,135.0,0.0,,,,,,,,,,2020-02-02T20:37:00,,,,0,,,,,,,,,,,,,,
2020-02-02 22:00:00,934.7,12.0,92,0.7,227.0,1.2,230.0,0.0,,,,,,,,,,2020-02-02T21:49:00,,,,0,,,,,,,,,,,,,,
2020-02-02 23:00:00,934.5,11.5,93,1.1,227.0,1.5,220.0,0.0,,,,,,,,,,2020-02-02T22:56:00,,,,0,,,,,,,,,,,,,,
2020-02-03 00:00:00,934.1,11.5,89,1.1,223.0,2.6,208.0,0.0,,,,,,,,,,2020-02-02T23:58:00,,,,0,,,,,,,,,,,,,,
2020-02-03 01:00:00,934.1,9.9,92,1.9,205.0,2.6,205.0,0.0,,,,,,,,,,2020-02-03T00:56:00,,,,0,,,,,,,,,,,,,,
2020-02-03 02:00:00,933.8,9.1,95,1.5,230.0,2.7,203.0,0.0,,,,,,,,,,2020-02-03T01:28:00,,,,0,,,,,,,,,,,,,,
2020-02-03 03:00:00,933.8,9.5,96,0.9,235.0,2.5,205.0,0.0,,,,,,,,,,2020-02-03T02:25:00,,,,0,,,,,,,,,,,,,,
2020-02-03 04:00:00,933.5,10.8,87,0.7,283.0,2.4,272.0,0.0,,,,,,,,,,2020-02-03T03:40:00,,,,0,,,,,,,,,,,,,,
2020-02-03 05:00:00,933.8,9.9,92,0.4,210.0,1.9,242.0,0.0,,,,,,,,,,2020-02-03T04:18:00,,,,0,,,,,,,,,,,,,,
2020-02-03 06:00:00,934.4,10.6,82,1.0,242.0,2.1,228.0,0.0,,,,,,,,,,2020-02-03T05:50:00,,,,0,,,,,,,,,,,,,,
2020-02-03 07:00:00,934.7,10.7,81,0.6,250.0,3.8,280.0,0.0,,,,,,,,,,2020-02-03T06:26:00,,,,0,,,,,,,,,,,,,,
2020-02-03 08:00:00,935.2,12.4,71,1.7,292.0,4.8,325.0,0.0,,,,,,,,,,2020-02-03T07:11:00,,,,0,,,,,,,,,,,,,,
2020-02-03 09:00:00,935.2,13.1,74,0.3,66.0,4.4,270.0,0.0,,,,,,,,,,2020-02-03T08:01:00,,,,0,,,,,,,,,,,,,,
2020-02-03 10:00:00,935.0,15.5,64,1.1,89.0,3.6,87.0,0.0,,,,,,,,,,2020-02-03T09:30:00,,,,0,,,,,,,,,,,,,,
2020-02-03 11:00:00,934.2,17.4,63,0.6,7.0,3.6,79.0,0.0,,,,,,,,,,2020-02-03T10:26:00,,,,0,,,,,,,,,,,,,,
2020-02-03 12:00:00,933.0,16.1,65,2.0,102.0,5.8,108.0,0.0,,,,,,,,,,2020-02-03T11:59:00,,,,0,,,,,,,,,,,,,,
2020-02-03 13:00:00,932.4,16.3,66,2.1,92.0,6.0,96.0,0.0,,,,,,,,,,2020-02-03T12:29:00,,,,0,,,,,,,,,,,,,,
2020-02-03 14:00:00,931.7,16.2,75,0.9,27.0,7.0,84.0,0.0,,,,,,,,,,2020-02-03T13:21:00,,,,0,,,,,,,,,,,,,,
2020-02-03 15:00:00,931.8,15.4,80,1.6,102.0,5.1,34.0,0.0,,,,,,,,,,2020-02-03T14:02:00,,,,0,,,,,,,,,,,,,,
2020-02-03 16:00:00,932.1,14.4,87,1.3,144.0,5.9,92.0,0.0,,,,,,,,,,2020-02-03T15:14:00,,,,0,,,,,,,,,,,,,,
2020-02-03 17:00:00,932.7,14.0,88,1.5,143.0,4.5,64.0,0.0,,,,,,,,,,2020-02-03T16:09:00,,,,0,,,,,,,,,,,,,,
2020-02-03 18:00:00,933.1,13.7,91,0.3,274.0,4.8,88.0,0.0,,,,,,,,,,2020-02-03T17:12:00,,,,0,,,,,,,,,,,,,,
2020-02-03 19:00:00,933.5,13.6,90,0.6,174.0,1.5,132.0,0.0,,,,,,,,,,2020-02-03T18:36:00,,,,0,,,,,,,,,,,,,,
2020-02-03 20:00:00,934.0,13.2,94,0.1,0.0,1.6,201.0,0.0,,,,,,,,,,2020-02-03T19:01:00,,,,0,,,,,,,,,,,,,,
2020-02-03 21:00:00,934.1,13.2,93,0.6,261.0,1.0,233.0,0.0,,,,,,,,,,2020-02-03T20:24:00,,,,0,,,,,,,,,,,,,,
2020-02-03 22:00:00,933.8,12.1,96,1.0,202.0,2.5,201.0,0.0,,,,,,,,,,2020-02-03T21:32:00,,,,0,,,,,,,,,,,,,,
2020-02-03 23:00:00,934.0,12.2,95,1.1,218.0,1.7,206.0,0.0,,,,,,,,,,2020-02-03T22:11:00,,,,0,,,,,,,,,,,,,,
2020-02-04 00:00:00,933.8,11.8,95,1.0,220.0,1.9,221.0,0.0,,,,,,,,,,2020-02-03T23:20:00,,,,0,,,,,,,,,,,,,,
2020-02-04 01:00:00,933.7,11.3,94,1.3,227.0,2.0,229.0,0.0,,,,,,,,,,2020-02-04T00:52:00,,,,0,,,,,,,,,,,,,,
2020-02-04 02:00:00,933.2,10.7,89,1.1,218.0,2.5,257.0,0.0,,,,,,,,,,2020-02-04T01:28:00,,,,0,,,,,,,,,,,,,,
2020-02-04 03:00:00,932.8,11.3,86,0.9,253.0,2.7,209.0,0.0,,,,,,,,,,2020-02-04T02:44:00,,,,0,,,,,,,,,,,,,,
2020-02-04 04:00:00,932.6,10.8,87,0.7,226.0,2.8,283.0,0.0,,,,,,,,,,2020-02-04T03:06:00,,,,0,,,,,,,,,,,,,,
2020-02-04 05:00:00,932.3,12.6,74,1.2,280.0,3.5,285.0,0.0,,,,,,,,,,2020-02-04T04:45:00,,,,0,,,,,,,,,,,,,,
2020-02-04 06:00:00,932.7,11.9,77,1.3,287.0,4.1,291.0,0.0,,,,,,,,,,2020-02-04T05:57:00,,,,0,,,,,,,,,,,,,,
2020-02-04 07:00:00,932.9,11.3,82,0.5,62.0,3.2,297.0,0.0,,,,,,,,,,2020-02-04T06:41:00,,,,0,,,,,,,,,,,,,,
2020-02-04 08:00:00,932.9,12.8,78,0.0,0.0,3.3,332.0,0.0,,,,,,,,,,2020-02-04T07:23:00,,,,0,,,,,,,,,,,,,,
2020-02-04 09:00:00,933.0,15.3,69,0.7,66.0,1.9,94.0,0.0,,,,,,,,,,2020-02-04T09:00:00,,,,0,,,,,,,,,,,,,,
2020-02-04 10:00:00,933.1,17.4,66,0.5,55.0,3.4,105.0,0.0,,,,,,,,,,2020-02-04T09:49:00,,,,0,,,,,,,,,,,,,,
2020-02-04 11:00:00,932.4,17.9,67,1.2,46.0,5.9,70.0,0.0,,,,,,,,,,2020-02-04T10:54:00,,,,0,,,,,,,,,,,,,,
2020-02-04 12:00:00,931.4,18.0,71,1.2,91.0,5.4,18.0,0.0,,,,,,,,,,2020-02-04T11:20:00,,,,0,,,,,,,,,,,,,,
2020-02-04 13:00:00,930.5,17.6,72,0.5,201.0,4.7,252.0,0.0,,,,,,,,,,2020-02-04T12:20:00,,,,0,,,,,,,,,,,,,,
2020-02-04 14:00:00,930.1,17.4,73,1.3,55.0,5.8,58.0,0.0,,,,,,,,,,2020-02-04T13:24:00,,,,0,,,,,,,,,,,,,,
2020-02-04 15:00:00,930.1,16.7,78,1.4,70.0,5.4,89.0,0.0,,,,,,,,,,2020-02-04T14:21:00,,,,0,,,,,,,,,,,,,,
2020-02-04 16:00:00,930.4,15.9,85,0.5,141.0,4.1,80.0,0.0,,,,,,,,,,2020-02-04T15:05:00,,,,0,,,,,,,,,,,,,,
2020-02-04 17:00:00,931.2,15.4,88,0.5,294.0,2.8,278.0,0.0,,,,,,,,,,2020-02-04T16:10:00,,,,0,,,,,,,,,,,,,,
2020-02-04 18:00:00,931.3,14.6,94,0.7,103.0,3.1,210.0,0.0,,,,,,,,,,2020-02-04T17:47:00,,,,0,,,,,,,,,,,,,,
2020-02-04 19:00:00,931.6,14.3,97,0.0,0.0,1.2,184.0,0.0,,,,,,,,,,2020-02-04T18:01:00,,,,0,,,,,,,,,,,,,,
2020-02-04 20:00:00,932.4,13.9,98,0.1,0.0,0.8,221.0,0.0,,,,,,,,,,2020-02-04T19:43:00,,,,0,,,,,,,,,,,,,,
2020-02-04 21:00:00,932.6,14.0,98,0.2,0.0,1.0,230.0,0.0,,,,,,,,,,2020-02-04T20:02:00,,,,0,,,,,,,,,,,,,,
2020-02-04 22:00:00,932.5,13.5,96,0.6,193.0,1.5,226.0,0.0,,,,,,,,,,2020-02-04T21:28:00,,,,0,,,,,,,,,,,,,,
2020-02-04 23:00:00,932.7,13.9,97,1.0,158.0,2.0,199.0,0.0,,,,,,,,,,2020-02-04T22:08:00,,,,0,,,,,,,,,,,,,,
2020-02-05 00:00:00,932.7,13.7,98,0.7,228.0,1.4,224.0,0.0,,,,,,,,,,2020-02-04T23:50:00,,,,0,,,,,,,,,,,,,,
2020-02-05 01:00:00,932.3,12.8,98,0.7,184.0,1.3,204.0,0.0,,,,,,,,,,2020-02-05T00:34:00,,,,0,,,,,,,,,,,,,,
2020-02-05 02:00:00,932.0,12.9,98,1.1,197.0,1.6,190.0,0.0,,,,,,,,,,2020-02-05T01:55:00,,,,0,,,,,,,,,,,,,,
2020-02-05 03:00:00,931.8,12.1,97,1.4,223.0,1.8,208.0,0.0,,,,,,,,,,2020-02-05T02:32:00,,,,0,,,,,,,,,,,,,,
2020-02-05 04:00:00,931.6,12.6,96,0.4,196.0,2.1,207.0,0.0,,,,,,,,,,2020-02-05T03:15:00,,,,0,,,,,,,,,,,,,,
2020-02-05 05:00:00,931.6,12.4,96,0.1,0.0,1.3,211.0,0.0,,,,,,,,,,2020-02-05T04:11:00,,,,0,,,,,,,,,,,,,,
2020-02-05 06:00:00,932.3,11.5,96,1.2,207.0,1.7,209.0,0.0,,,,,,,,,,2020-02-05T05:58:00,,,,0,,,,,,,,,,,,,,
2020-02-05 07:00:00,933.0,11.6,95,1.1,221.0,1.7,214.0,0.0,,,,,,,,,,2020-02-05T06:03:00,,,,0,,,,,,,,,,,,,,
2020-02-05 08:00:00,933.1,13.5,87,0.2,0.0,2.1,203.0,0.0,,,,,,,,,,2020-02-05T07:04:00,,,,0,,,,,,,,,,,,,,
2020-02-05 09:00:00,933.4,15.9,76,1.7,92.0,3.7,78.0,0.0,,,,,,,,,,2020-02-05T08:53:00,,,,0,,,,,,,,,,,,,,
2020-02-05 10:00:00,933.5,17.4,74,1.1,11.0,3.5,155.0,0.0,,,,,,,,,,2020-02-05T09:15:00,,,,0,,,,,,,,,,,,,,
2020-02-05 11:00:00,933.2,17.1,79,1.9,87.0,5.9,58.0,0.0,,,,,,,,,,2020-02-05T10:36:00,,,,0,,,,,,,,,,,,,,
2020-02-05 12:00:00,932.4,18.0,74,1.8,80.0,4.9,88.0,0.0,,,,,,,,,,2020-02-05T11:01:00,,,,0,,,,,,,,,,,,,,
2020-02-05 13:00:00,931.8,16.1,80,1.6,94.0,6.0,51.0,0.0,,,,,,,,,,2020-02-05T12:15:00,,,,0,,,,,,,,,,,,,,
2020-02-05 14:00:00,931.5,15.8,82,1.2,73.0,3.9,95.0,0.0,,,,,,,,,,2020-02-05T13:02:00,,,,0,,,,,,,,,,,,,,
2020-02-05 15:00:00,931.7,14.5,87,1.3,123.0,4.5,150.0,0.0,,,,,,,,,,2020-02-05T14:37:00,,,,0,,,,,,,,,,,,,,
2020-02-05 16:00:00,931.8,14.0,84,1.1,114.0,3.7,86.0,0.0,,,,,,,,,,2020-02-05T15:23:00,,,,0,,,,,,,,,,,,,,
2020-02-05 17:00:00,932.3,13.2,89,1.7,135.0,3.2,119.0,0.0,,,,,,,,,,2020-02-05T16:27:00,,,,0,,,,,,,,,,,,,,
2020-02-05 18:00:00,933.1,12.4,94,1.1,125.0,3.7,129.0,0.0,,,,,,,,,,2020-02-05T17:14:00,,,,0,,,,,,,,,,,,,,
2020-02-05 19:00:00,933.9,12.3,94,0.9,113.0,2.5,144.0,0.0,,,,,,,,,,2020-02-05T18:15:00,,,,0,,,,,,,,,,,,,,
2020-02-05 20:00:00,934.8,12.1,96,0.1,0.0,1.9,107.0,0.0,,,,,,,,,,2020-02-05T19:13:00,,,,0,,,,,,,,,,,,,,
2020-02-05 21:00:00,935.2,11.8,95,0.8,131.0,2.0,97.0,0.0,,,,,,,,,,2020-02-05T20:08:00,,,,0,,,,,,,,,,,,,,
2020-02-05 22:00:00,935.5,11.7,97,0.0,0.0,1.7,178.0,0.0,,,,,,,,,,2020-02-05T21:05:00,,,,0,,,,,,,,,,,,,,
2020-02-05 23:00:00,935.7,11.6,97,0.0,0.0,0.6,98.0,0.0,,,,,,,,,,2020-02-05T22:46:00,,,,0,,,,,,,,,,,,,,
2020-02-06 00:00:00,935.4,11.7,97,0.3,190.0,1.6,308.0,0.0,,,,,,,,,,2020-02-05T23:29:00,,,,0,,,,,,,,,,,,,,
2020-02-06 01:00:00,935.2,11.9,97,0.0,0.0,0.8,121.0,0.0,,,,,,,,,,2020-02-06T00:10:00,,,,0,,,,,,,,,,,,,,
2020-02-06 02:00:00,934.7,11.7,98,0.2,0.0,0.8,204.0,0.0,,,,,,,,,,2020-02-06T01:25:00,,,,0,,,,,,,,,,,,,,
2020-02-06 03:00:00,934.1,12.0,95,1.0,231.0,2.2,272.0,0.0,,,,,,,,,,2020-02-06T02:48:00,,,,0,,,,,,,,,,,,,,
2020-02-06 04:00:00,934.0,11.7,97,0.3,196.0,1.5,205.0,0.0,,,,,,,,,,2020-02-06T03:02:00,,,,0,,,,,,,,,,,,,,
2020-02-06 05:00:00,934.3,10.8,98,0.7,198.0,1.7,211.0,0.0,,,,,,,,,,2020-02-06T04:13:00,,,,0,,,,,,,,,,,,,,
2020-02-06 06:00:00,934.8,10.1,98,1.0,213.0,1.7,196.0,0.0,,,,,,,,,,2020-02-06T05:47:00,,,,0,,,,,,,,,,,,,,
2020-02-06 07:00:00,935.1,10.6,95,0.7,230.0,2.2,211.0,0.0,,,,,,,,,,2020-02-06T06:07:00,,,,0,,,,,,,,,,,,,,
2020-02-06 08:00:00,935.2,12.7,90,0.6,103.0,2.6,282.0,0.0,,,,,,,,,,2020-02-06T07:03:00,,,,0,,,,,,,,,,,,,,
2020-02-06 09:00:00,935.3,14.5,77,1.2,84.0,1.9,101.0,0.0,,,,,,,,,,2020-02-06T08:59:00,,,,0,,,,,,,,,,,,,,
2020-02-06 10:00:00,935.0,18.0,71,0.7,6.0,2.3,92.0,0.0,,,,,,,,,,2020-02-06T09:27:00,,,,0,,,,,,,,,,,,,,
2020-02-06 11:00:00,933.9,19.2,62,1.3,76.0,4.0,54.0,0.0,,,,,,,,,,2020-02-06T10:56:00,,,,0,,,,,,,,,,,,,,
2020-02-06 12:00:00,932.7,18.8,60,1.4,74.0,5.9,87.0,0.0,,,,,,,,,,2020-02-06T11:36:00,,,,0,,,,,,,,,,,,,,
2020-02-06 13:00:00,931.3,19.4,60,1.5,313.0,7.7,94.0,0.0,,,,,,,,,,2020-02-06T12:33:00,,,,0,,,,,,,,,,,,,,
2020-02-06 14:00:00,930.6,19.7,58,1.7,77.0,7.6,57.0,0.0,,,,,,,,,,2020-02-06T13:56:00,,,,0,,,,,,,,,,,,,,
2020-02-06 15:00:00,930.7,17.9,67,1.1,63.0,6.6,63.0,0.0,,,,,,,,,,2020-02-06T14:04:00,,,,0,,,,,,,,,,,,,,
2020-02-06 16:00:00,931.0,17.9,72,0.8,209.0,3.7,52.0,0.0,,,,,,,,,,2020-02-06T15:35:00,,,,0,,,,,,,,,,,,,,
2020-02-06 17:00:00,931.3,16.9,78,0.5,334.0,3.4,60.0,0.0,,,,,,,,,,2020-02-06T16:14:00,,,,0,,,,,,,,,,,,,,
2020-02-06 18:00:00,931.8,16.2,82,0.8,163.0,2.2,168.0,0.0,,,,,,,,,,2020-02-06T17:23:00,,,,0,,,,,,,,,,,,,,
2020-02-06 19:00:00,932.1,15.6,86,0.9,168.0,1.7,150.0,0.0,,,,,,,,,,2020-02-06T18:43:00,,,,0,,,,,,,,,,,,,,
2020-02-06 20:00:00,932.7,13.9,92,1.4,204.0,2.3,205.0,0.0,,,,,,,,,,2020-02-06T19:35:00,,,,0,,,,,,,,,,,,,,
2020-02-06 21:00:00,932.9,12.7,94,2.0,210.0,2.7,207.0,0.0,,,,,,,,,,2020-02-06T20:16:00,,,,0,,,,,,,,,,,,,,
2020-02-06 22:00:00,932.8,12.4,96,1.6,207.0,2.6,204.0,0.0,,,,,,,,,,2020-02-06T21:36:00,,,,0,,,,,,,,,,,,,,
2020-02-06 23:00:00,932.9,11.8,96,1.6,220.0,2.5,198.0,0.0,,,,,,,,,,2020-02-06T22:23:00,,,,0,,,,,,,,,,,,,,
2020-02-07 00:00:00,932.9,12.7,89,1.5,232.0,2.9,220.0,0.0,,,,,,,,,,2020-02-06T23:57:00,,,,0,,,,,,,,,,,,,,
2020-02-07 01:00:00,932.3,11.4,91,1.2,222.0,2.6,225.0,0.0,,,,,,,,,,2020-02-07T00:26:00,,,,0,,,,,,,,,,,,,,
2020-02-07 02:00:00,931.8,11.1,90,1.3,226.0,2.5,201.0,0.0,,,,,,,,,,2020-02-07T01:01:00,,,,0,,,,,,,,,,,,,,
2020-02-07 03:00:00,931.3,11.1,88,1.5,209.0,2.6,209.0,0.0,,,,,,,,,,2020-02-07T02:27:00,,,,0,,,,,,,,,,,,,,
2020-02-07 04:00:00,931.2,11.0,87,1.5,225.0,2.5,203.0,0.0,,,,,,,,,,2020-02-07T03:32:00,,,,0,,,,,,,,,,,,,,
2020-02-07 05:00:00,931.7,10.6,88,1.6,220.0,3.1,205.0,0.0,,,,,,,,,,2020-02-07T04:19:00,,,,0,,,,,,,,,,,,,,
2020-02-07 06:00:00,932.2,10.8,85,0.9,216.0,2.6,231.0,0.0,,,,,,,,,,2020-02-07T05:02:00,,,,0,,,,,,,,,,,,,,
2020-02-07 07:00:00,932.6,10.8,86,0.7,204.0,2.4,210.0,0.0,,,,,,,,,,2020-02-07T06:30:00,,,,0,,,,,,,,,,,,,,
2020-02-07 08:00:00,933.2,13.4,81,0.2,0.0,1.7,194.0,0.0,,,,,,,,,,2020-02-07T07:02:00,,,,0,,,,,,,,,,,,,,
2020-02-07 09:00:00,933.4,16.8,65,0.4,88.0,1.0,101.0,0.0,,,,,,,,,,2020-02-07T08:50:00,,,,0,,,,,,,,,,,,,,
2020-02-07 10:00:00,933.4,19.6,59,0.7,100.0,2.1,104.0,0.0,,,,,,,,,,2020-02-07T09:38:00,,,,0,,,,,,,,,,,,,,
2020-02-07 11:00:00,933.0,20.2,69,0.7,273.0,2.9,18.0,0.0,,,,,,,,,,2020-02-07T10:12:00,,,,0,,,,,,,,,,,,,,
2020-02-07 12:00:00,931.9,21.6,66,0.9,31.0,3.8,28.0,0.0,,,,,,,,,,2020-02-07T11:41:00,,,,0,,,,,,,,,,,,,,
2020-02-07 13:00:00,930.9,21.0,66,1.8,27.0,6.8,83.0,0.0,,,,,,,,,,2020-02-07T12:45:00,,,,0,,,,,,,,,,,,,,
2020-02-07 14:00:00,930.8,20.8,71,1.1,100.0,8.0,52.0,0.0,,,,,,,,,,2020-02-07T13:22:00,,,,0,,,,,,,,,,,,,,
2020-02-07 15:00:00,930.5,19.9,78,1.3,324.0,7.0,82.0,0.0,,,,,,,,,,2020-02-07T14:12:00,,,,0,,,,,,,,,,,,,,
2020-02-07 16:00:00,930.9,18.9,84,0.6,300.0,4.9,80.0,0.0,,,,,,,,,,2020-02-07T15:49:00,,,,0,,,,,,,,,,,,,,
2020-02-07 17:00:00,931.6,18.4,88,1.1,125.0,3.2,90.0,0.0,,,,,,,,,,2020-02-07T16:23:00,,,,0,,,,,,,,,,,,,,
2020-02-07 18:00:00,932.0,17.6,93,0.6,138.0,3.7,96.0,0.0,,,,,,,,,,2020-02-07T17:07:00,,,,0,,,,,,,,,,,,,,
2020-02-07 19:00:00,932.7,17.0,95,0.6,138.0,2.1,178.0,0.0,,,,,,,,,,2020-02-07T18:31:00,,,,0,,,,,,,,,,,,,,
2020-02-07 20:00:00,933.4,16.4,96,0.7,172.0,2.4,142.0,0.0,,,,,,,,,,2020-02-07T19:09:00,,,,0,,,,,,,,,,,,,,
2020-02-07 21:00:00,933.9,15.9,96,0.6,152.0,2.1,220.0,0.0,,,,,,,,,,2020-02-07T20:06:00,,,,0,,,,,,,,,,,,,,
2020-02-07 22:00:00,934.0,15.3,97,1.1,123.0,3.3,122.0,0.0,,,,,,,,,,2020-02-07T21:27:00,,,,0,,,,,,,,,,,,,,
2020-02-07 23:00:00,934.0,15.0,97,1.2,145.0,2.7,162.0,0.0,,,,,,,,,,2020-02-07T22:02:00,,,,0,,,,,,,,,,,,,,
2020-02-08 00:00:00,934.2,14.6,97,1.2,153.0,2.9,109.0,0.0,,,,,,,,,,2020-02-07T23:39:00,,,,0,,,,,,,,,,,,,,
2020-02-08 01:00:00,934.3,14.3,98,1.3,146.0,2.6,114.0,0.0,,,,,,,,,,2020-02-08T00:24:00,,,,0,,,,,,,,,,,,,,
2020-02-08 02:00:00,933.8,14.2,98,0.8,141.0,2.5,171.0,0.0,,,,,,,,,,2020-02-08T01:06:00,,,,0,,,,,,,,,,,,,,
2020-02-08 03:00:00,933.8,13.9,99,1.4,128.0,3.3,118.0,0.0,,,,,,,,,,2020-02-08T02:35:00,,,,0,,,,,,,,,,,,,,
2020-02-08 04:00:00,933.7,13.7,100,1.2,170.0,2.8,105.0,0.0,,,,,,,,,,2020-02-08T03:04:00,,,,0,,,,,,,,,,,,,,
2020-02-08 05:00:00,933.8,13.4,100,0.9,165.0,1.8,180.0,0.0,,,,,,,,,,2020-02-08T04:06:00,,,,0,,,,,,,,,,,,,,
2020-02-08 06:00:00,934.4,13.4,100,1.1,120.0,2.3,115.0,0.0,,,,,,,,,,2020-02-08T05:57:00,,,,0,,,,,,,,,,,,,,
2020-02-08 07:00:00,934.9,13.2,100,1.2,154.0,3.1,133.0,0.0,,,,,,,,,,2020-02-08T06:30:00,,,,0,,,,,,,,,,,,,,
2020-02-08 08:00:00,935.4,13.9,96,0.8,82.0,2.4,128.0,0.0,,,,,,,,,,2020-02-08T07:08:00,,,,0,,,,,,,,,,,,,,
2020-02-08 09:00:00,935.8,14.0,93,1.3,83.0,3.3,106.0,0.0,,,,,,,,,,2020-02-08T08:30:00,,,,0,,,,,,,,,,,,,,
2020-02-08 10:00:00,935.9,15.0,89,0.7,45.0,3.0,123.0,0.0,,,,,,,,,,2020-02-08T09:37:00,,,,0,,,,,,,,,,,,,,
2020-02-08 11:00:00,935.3,15.9,82,1.1,109.0,3.8,80.0,0.0,,,,,,,,,,2020-02-08T10:15:00,,,,0,,,,,,,,,,,,,,
2020-02-08 12:00:00,934.7,15.5,84,1.8,111.0,4.5,63.0,0.0,,,,,,,,,,2020-02-08T11:12:00,,,,0,,,,,,,,,,,,,,
2020-02-08 13:00:00,934.0,15.0,85,1.6,113.0,5.8,87.0,0.0,,,,,,,,,,2020-02-08T12:23:00,,,,0,,,,,,,,,,,,,,
2020-02-08 14:00:00,933.7,14.1,91,0.9,75.0,5.7,119.0,0.0,,,,,,,,,,2020-02-08T13:38:00,,,,0,,,,,,,,,,,,,,
2020-02-08 15:00:00,933.8,13.9,93,0.5,69.0,3.2,77.0,0.0,,,,,,,,,,2020-02-08T14:18:00,,,,0,,,,,,,,,,,,,,
2020-02-08 16:00:00,934.2,13.4,92,1.1,158.0,2.9,220.0,0.0,,,,,,,,,,2020-02-08T15:08:00,,,,0,,,,,,,,,,,,,,
2020-02-08 17:00:00,934.8,13.0,94,0.8,139.0,2.9,157.0,0.0,,,,,,,,,,2020-02-08T16:40:00,,,,0,,,,,,,,,,,,,,
2020-02-08 18:00:00,935.4,12.5,98,0.2,0.0,2.4,130.0,0.0,,,,,,,,,,2020-02-08T17:33:00,,,,0,,,,,,,,,,,,,,
2020-02-08 19:00:00,935.8,12.4,99,0.1,0.0,1.4,104.0,0.0,,,,,,,,,,2020-02-08T18:11:00,,,,0,,,,,,,,,,,,,,
2020-02-08 20:00:00,936.4,12.1,100,0.0,0.0,2.4,108.0,0.0,,,,,,,,,,2020-02-08T19:11:00,,,,0,,,,,,,,,,,,,,
2020-02-08 21:00:00,936.7,12.0,100,0.0,0.0,0.8,50.0,0.0,,,,,,,,,,2020-02-08T20:05:00,,,,0,,,,,,,,,,,,,,
2020-02-08 22:00:00,937.0,12.0,100,0.6,138.0,1.2,169.0,0.0,,,,,,,,,,2020-02-08T21:52:00,,,,0,,,,,,,,,,,,,,
2020-02-08 23:00:00,936.9,11.9,100,0.1,0.0,1.3,107.0,0.0,,,,,,,,,,2020-02-08T22:05:00,,,,0,,,,,,,,,,,,,,
2020-02-09 00:00:00,936.9,11.6,100,1.3,123.0,2.5,105.0,0.0,,,,,,,,,,2020-02-08T23:46:00,,,,0,,,,,,,,,,,,,,
2020-02-09 01:00:00,936.5,11.5,98,0.5,126.0,2.9,118.0,0.0,,,,,,,,,,2020-02-09T00:11:00,,,,0,,,,,,,,,,,,,,
2020-02-09 02:00:00,936.1,11.3,100,0.0,0.0,0.9,112.0,0.0,,,,,,,,,,2020-02-09T01:11:00,,,,0,,,,,,,,,,,,,,
2020-02-09 03:00:00,935.9,11.3,100,0.0,0.0,0.6,97.0,0.0,,,,,,,,,,2020-02-09T02:42:00,,,,0,,,,,,,,,,,,,,
2020-02-09 04:00:00,936.0,11.1,100,0.8,116.0,2.1,116.0,0.0,,,,,,,,,,2020-02-09T03:52:00,,,,0,,,,,,,,,,,,,,
2020-02-09 05:00:00,936.3,11.1,100,0.0,0.0,1.8,106.0,0.0,,,,,,,,,,2020-02-09T04:08:00,,,,0,,,,,,,,,,,,,,
2020-02-09 06:00:00,936.4,11.1,100,0.1,0.0,0.7,323.0,0.0,,,,,,,,,,2020-02-09T05:06:00,,,,0,,,,,,,,,,,,,,
2020-02-09 07:00:00,936.9,11.3,100,0.0,0.0,0.6,100.0,0.0,,,,,,,,,,2020-02-09T06:44:00,,,,0,,,,,,,,,,,,,,
2020-02-09 08:00:00,937.4,11.6,100,0.0,0.0,0.3,334.0,0.0,,,,,,,,,,2020-02-09T07:30:00,,,,0,,,,,,,,,,,,,,
2020-02-09 09:00:00,937.5,12.2,100,0.1,0.0,0.9,72.0,0.0,,,,,,,,,,2020-02-09T08:10:00,,,,0,,,,,,,,,,,,,,
2020-02-09 10:00:00,937.8,13.2,94,0.5,47.0,1.5,360.0,0.0,,,,,,,,,,2020-02-09T09:38:00,,,,0,,,,,,,,,,,,,,
2020-02-09 11:00:00,937.5,12.9,93,1.8,128.0,4.0,129.0,0.0,,,,,,,,,,2020-02-09T10:54:00,,,,0,,,,,,,,,,,,,,
2020-02-09 12:00:00,936.5,13.9,87,2.0,131.0,4.5,122.0,0.0,,,,,,,,,,2020-02-09T11:50:00,,,,0,,,,,,,,,,,,,,
2020-02-09 13:00:00,935.5,14.3,82,1.1,93.0,4.2,120.0,0.0,,,,,,,,,,2020-02-09T12:47:00,,,,0,,,,,,,,,,,,,,
2020-02-09 14:00:00,934.7,14.2,83,1.6,126.0,4.0,208.0,0.0,,,,,,,,,,2020-02-09T13:41:00,,,,0,,,,,,,,,,,,,,
2020-02-09 15:00:00,934.5,14.1,83,1.5,118.0,4.7,74.0,0.0,,,,,,,,,,2020-02-09T15:00:00,,,,0,,,,,,,,,,,,,,
2020-02-09 16:00:00,934.6,13.3,87,1.4,139.0,4.3,91.0,0.0,,,,,,,,,,2020-02-09T15:37:00,,,,0,,,,,,,,,,,,,,
2020-02-09 17:00:00,935.2,12.3,92,1.7,148.0,3.6,133.0,0.0,,,,,,,,,,2020-02-09T16:03:00,,,,0,,,,,,,,,,,,,,
2020-02-09 18:00:00,935.7,11.7,96,1.3,109.0,3.9,113.0,0.0,,,,,,,,,,2020-02-09T17:14:00,,,,0,,,,,,,,,,,,,,
2020-02-09 19:00:00,936.1,11.5,98,0.1,0.0,3.1,99.0,0.0,,,,,,,,,,2020-02-09T18:04:00,,,,0,,,,,,,,,,,,,,
2020-02-09 20:00:00,936.5,11.4,100,0.0,0.0,0.6,330.0,0.0,,,,,,,,,,2020-02-09T19:25:00,,,,0,,,,,,,,,,,,,,
2020-02-09 21:00:00,936.6,11.4,100,0.0,0.0,0.6,122.0,0.0,,,,,,,,,,2020-02-09T20:44:00,,,,0,,,,,,,,,,,,,,
2020-02-09 22:00:00,936.8,11.4,100,0.0,0.0,0.6,205.0,0.0,,,,,,,,,,2020-02-09T21:06:00,,,,0,,,,,,,,,,,,,,
2020-02-09 23:00:00,936.5,11.3,100,0.0,0.0,0.3,326.0,0.0,,,,,,,,,,2020-02-09T22:18:00,,,,0,,,,,,,,,,,,,,
2020-02-10 00:00:00,936.4,11.3,100,0.0,0.0,0.4,244.0,0.0,,,,,,,,,,2020-02-09T23:02:00,,,,0,,,,,,,,,,,,,,
2020-02-10 01:00:00,936.1,11.1,100,0.0,0.0,0.5,118.0,0.0,,,,,,,,,,2020-02-10T00:21:00,,,,0,,,,,,,,,,,,,,
2020-02-10 02:00:00,935.8,11.2,100,0.0,0.0,0.5,84.0,0.0,,,,,,,,,,2020-02-10T01:59:00,,,,0,,,,,,,,,,,,,,
2020-02-10 03:00:00,935.3,11.1,100,0.0,0.0,0.6,88.0,0.0,,,,,,,,,,2020-02-10T02:02:00,,,,0,,,,,,,,,,,,,,
2020-02-10 04:00:00,935.1,11.0,100,0.7,106.0,1.7,113.0,0.0,,,,,,,,,,2020-02-10T03:57:00,,,,0,,,,,,,,,,,,,,
2020-02-10 05:00:00,935.1,11.0,100,0.0,0.0,1.7,99.0,0.0,,,,,,,,,,2020-02-10T04:01:00,,,,0,,,,,,,,,,,,,,
2020-02-10 06:00:00,935.4,10.7,100,1.4,123.0,2.9,125.0,0.0,,,,,,,,,,2020-02-10T06:00:00,,,,0,,,,,,,,,,,,,,
2020-02-10 07:00:00,936.0,10.8,100,0.5,27.0,2.7,127.0,0.0,,,,,,,,,,2020-02-10T06:01:00,,,,0,,,,,,,,,,,,,,
2020-02-10 08:00:00,936.4,11.1,98,0.6,128.0,2.1,93.0,0.0,,,,,,,,,,2020-02-10T07:46:00,,,,0,,,,,,,,,,,,,,
2020-02-10 09:00:00,937.0,11.6,94,0.9,105.0,2.8,92.0,0.0,,,,,,,,,,2020-02-10T08:44:00,,,,0,,,,,,,,,,,,,,
2020-02-10 10:00:00,937.3,12.9,87,0.9,101.0,3.8,71.0,0.0,,,,,,,,,,2020-02-10T09:29:00,,,,0,,,,,,,,,,,,,,
2020-02-10 11:00:00,936.8,13.1,86,0.9,84.0,4.1,161.0,0.0,,,,,,,,,,2020-02-10T10:39:00,,,,0,,,,,,,,,,,,,,
2020-02-10 12:00:00,936.5,13.2,83,1.9,114.0,4.6,89.0,0.0,,,,,,,,,,2020-02-10T11:30:00,,,,0,,,,,,,,,,,,,,
2020-02-10 13:00:00,935.5,13.5,82,1.5,79.0,4.2,89.0,0.0,,,,,,,,,,2020-02-10T12:12:00,,,,0,,,,,,,,,,,,,,
2020-02-10 14:00:00,934.9,13.8,82,0.7,185.0,4.2,81.0,0.0,,,,,,,,,,2020-02-10T13:21:00,,,,0,,,,,,,,,,,,,,
2020-02-10 15:00:00,934.5,14.0,81,0.9,31.0,3.3,32.0,0.0,,,,,,,,,,2020-02-10T14:55:00,,,,0,,,,,,,,,,,,,,
2020-02-10 16:00:00,934.5,13.8,79,0.9,143.0,3.4,45.0,0.0,,,,,,,,,,2020-02-10T15:38:00,,,,0,,,,,,,,,,,,,,
2020-02-10 17:00:00,935.3,12.9,84,0.4,271.0,3.6,102.0,0.0,,,,,,,,,,2020-02-10T16:02:00,,,,0,,,,,,,,,,,,,,
2020-02-10 18:00:00,935.8,12.5,88,0.4,145.0,2.0,225.0,0.0,,,,,,,,,,2020-02-10T17:14:00,,,,0,,,,,,,,,,,,,,
2020-02-10 19:00:00,936.3,12.2,91,0.2,0.0,1.2,95.0,0.0,,,,,,,,,,2020-02-10T18:11:00,,,,0,,,,,,,,,,,,,,
2020-02-10 20:00:00,936.5,12.1,92,0.3,266.0,0.7,274.0,0.0,,,,,,,,,,2020-02-10T19:52:00,,,,0,,,,,,,,,,,,,,
2020-02-10 21:00:00,936.7,12.1,92,0.3,265.0,1.1,214.0,0.0,,,,,,,,,,2020-02-10T20:28:00,,,,0,,,,,,,,,,,,,,
2020-02-10 22:00:00,936.9,12.0,93,0.2,0.0,1.2,150.0,0.0,,,,,,,,,,2020-02-10T21:59:00,,,,0,,,,,,,,,,,,,,
2020-02-10 23:00:00,936.8,12.0,93,0.7,230.0,1.3,235.0,0.0,,,,,,,,,,2020-02-10T22:56:00,,,,0,,,,,,,,,,,,,,
2020-02-11 00:00:00,936.4,11.9,96,0.3,268.0,0.8,309.0,0.0,,,,,,,,,,2020-02-10T23:55:00,,,,0,,,,,,,,,,,,,,
2020-02-11 01:00:00,936.2,11.8,96,0.0,0.0,0.7,94.0,0.0,,,,,,,,,,2020-02-11T00:41:00,,,,0,,,,,,,,,,,,,,
2020-02-11 02:00:00,935.5,11.9,96,0.0,0.0,1.2,223.0,0.0,,,,,,,,,,2020-02-11T01:42:00,,,,0,,,,,,,,,,,,,,
2020-02-11 03:00:00,935.1,11.9,96,0.3,253.0,1.2,244.0,0.0,,,,,,,,,,2020-02-11T02:14:00,,,,0,,,,,,,,,,,,,,
2020-02-11 04:00:00,935.1,11.5,93,0.5,190.0,0.9,211.0,0.0,,,,,,,,,,2020-02-11T03:52:00,,,,0,,,,,,,,,,,,,,
2020-02-11 05:00:00,935.3,12.3,83,0.8,237.0,2.2,212.0,0.0,,,,,,,,,,2020-02-11T04:45:00,,,,0,,,,,,,,,,,,,,
2020-02-11 06:00:00,935.6,11.1,89,0.6,214.0,1.8,218.0,0.0,,,,,,,,,,2020-02-11T05:22:00,,,,0,,,,,,,,,,,,,,
2020-02-11 07:00:00,936.3,10.9,92,0.5,239.0,2.0,197.0,0.0,,,,,,,,,,2020-02-11T06:18:00,,,,0,,,,,,,,,,,,,,
2020-02-11 08:00:00,936.6,12.3,86,0.2,0.0,1.2,224.0,0.0,,,,,,,,,,2020-02-11T07:02:00,,,,0,,,,,,,,,,,,,,
2020-02-11 09:00:00,936.9,13.4,86,0.5,84.0,1.8,194.0,0.0,,,,,,,,,,2020-02-11T08:16:00,,,,0,,,,,,,,,,,,,,
2020-02-11 10:00:00,936.9,14.5,79,0.0,0.0,1.2,20.0,0.0,,,,,,,,,,2020-02-11T09:08:00,,,,0,,,,,,,,,,,,,,
2020-02-11 11:00:00,936.5,15.8,73,1.4,102.0,3.1,120.0,0.0,,,,,,,,,,2020-02-11T10:50:00,,,,0,,,,,,,,,,,,,,
2020-02-11 12:00:00,936.3,16.1,76,0.6,25.0,3.4,105.0,0.0,,,,,,,,,,2020-02-11T11:12:00,,,,0,,,,,,,,,,,,,,
2020-02-11 13:00:00,935.6,15.7,77,1.6,107.0,4.8,133.0,0.0,,,,,,,,,,2020-02-11T12:59:00,,,,0,,,,,,,,,,,,,,
2020-02-11 14:00:00,935.1,15.9,80,0.3,32.0,5.1,53.0,0.0,,,,,,,,,,2020-02-11T13:12:00,,,,0,,,,,,,,,,,,,,
2020-02-11 15:00:00,934.8,15.4,80,0.2,0.0,2.6,233.0,0.0,,,,,,,,,,2020-02-11T14:45:00,,,,0,,,,,,,,,,,,,,
2020-02-11 16:00:00,934.9,15.3,80,0.3,83.0,1.7,88.0,0.0,,,,,,,,,,2020-02-11T15:33:00,,,,0,,,,,,,,,,,,,,
2020-02-11 17:00:00,935.1,14.8,83,0.9,165.0,2.5,245.0,0.0,,,,,,,,,,2020-02-11T16:19:00,,,,0,,,,,,,,,,,,,,
2020-02-11 18:00:00,935.5,14.2,89,0.0,0.0,1.4,157.0,0.0,,,,,,,,,,2020-02-11T17:02:00,,,,0,,,,,,,,,,,,,,
2020-02-11 19:00:00,935.1,14.1,89,1.3,167.0,2.4,177.0,0.0,,,,,,,,,,2020-02-11T19:00:00,,,,0,,,,,,,,,,,,,,
2020-02-11 20:00:00,935.4,14.2,88,0.8,219.0,2.0,184.0,0.0,,,,,,,,,,2020-02-11T19:01:00,,,,0,,,,,,,,,,,,,,
2020-02-11 21:00:00,935.5,13.9,90,0.3,236.0,1.9,236.0,0.0,,,,,,,,,,2020-02-11T20:26:00,,,,0,,,,,,,,,,,,,,
2020-02-11 22:00:00,935.5,14.0,89,0.7,236.0,1.9,278.0,0.0,,,,,,,,,,2020-02-11T21:37:00,,,,0,,,,,,,,,,,,,,
2020-02-11 23:00:00,935.7,13.6,91,0.4,207.0,2.5,216.0,0.0,,,,,,,,,,2020-02-11T22:11:00,,,,0,,,,,,,,,,,,,,
2020-02-12 00:00:00,935.2,13.1,95,0.4,209.0,2.0,231.0,0.0,,,,,,,,,,2020-02-11T23:30:00,,,,0,,,,,,,,,,,,,,
2020-02-12 01:00:00,935.2,12.8,97,0.9,266.0,1.8,172.0,0.0,,,,,,,,,,2020-02-12T00:22:00,,,,0,,,,,,,,,,,,,,
2020-02-12 02:00:00,934.3,11.7,97,1.2,209.0,2.2,205.0,0.0,,,,,,,,,,2020-02-12T01:23:00,,,,0,,,,,,,,,,,,,,
2020-02-12 03:00:00,933.9,12.6,94,0.6,241.0,2.2,209.0,0.0,,,,,,,,,,2020-02-12T02:23:00,,,,0,,,,,,,,,,,,,,
2020-02-12 04:00:00,933.6,12.9,92,1.2,239.0,3.0,304.0,0.0,,,,,,,,,,2020-02-12T03:47:00,,,,0,,,,,,,,,,,,,,
2020-02-12 05:00:00,933.5,12.1,96,1.0,225.0,2.1,225.0,0.0,,,,,,,,,,2020-02-12T04:03:00,,,,0,,,,,,,,,,,,,,
2020-02-12 06:00:00,933.8,11.7,95,1.3,215.0,2.1,252.0,0.0,,,,,,,,,,2020-02-12T05:16:00,,,,0,,,,,,,,,,,,,,
2020-02-12 07:00:00,934.4,11.8,95,1.3,215.0,2.6,204.0,0.0,,,,,,,,,,2020-02-12T06:11:00,,,,0,,,,,,,,,,,,,,
2020-02-12 08:00:00,934.6,13.2,92,0.1,0.0,1.8,224.0,0.0,,,,,,,,,,2020-02-12T07:01:00,,,,0,,,,,,,,,,,,,,
2020-02-12 09:00:00,934.5,17.0,79,0.5,18.0,1.2,325.0,0.0,,,,,,,,,,2020-02-12T08:15:00,,,,0,,,,,,,,,,,,,,
2020-02-12 10:00:00,934.3,19.0,64,1.5,96.0,2.9,97.0,0.0,,,,,,,,,,2020-02-12T09:53:00,,,,0,,,,,,,,,,,,,,
2020-02-12 11:00:00,933.6,20.4,64,1.2,27.0,3.8,58.0,0.0,,,,,,,,,,2020-02-12T10:10:00,,,,0,,,,,,,,,,,,,,
2020-02-12 12:00:00,932.8,21.4,63,1.6,57.0,4.6,71.0,0.0,,,,,,,,,,2020-02-12T11:22:00,,,,0,,,,,,,,,,,,,,
2020-02-12 13:00:00,931.8,21.9,63,1.6,78.0,5.0,49.0,0.0,,,,,,,,,,2020-02-12T12:36:00,,,,0,,,,,,,,,,,,,,
2020-02-12 14:00:00,931.1,21.7,66,1.2,119.0,5.4,129.0,0.0,,,,,,,,,,2020-02-12T13:06:00,,,,0,,,,,,,,,,,,,,
2020-02-12 15:00:00,930.6,20.1,74,1.2,190.0,3.8,191.0,0.0,,,,,,,,,,2020-02-12T14:02:00,,,,0,,,,,,,,,,,,,,
2020-02-12 16:00:00,930.7,19.8,78,0.6,181.0,3.9,45.0,0.0,,,,,,,,,,2020-02-12T15:49:00,,,,0,,,,,,,,,,,,,,
2020-02-12 17:00:00,931.1,19.0,83,0.6,245.0,2.4,338.0,0.0,,,,,,,,,,2020-02-12T16:08:00,,,,0,,,,,,,,,,,,,,
2020-02-12 18:00:00,931.3,17.9,89,0.9,165.0,1.9,70.0,0.0,,,,,,,,,,2020-02-12T17:33:00,,,,0,,,,,,,,,,,,,,
2020-02-12 19:00:00,931.5,16.3,93,1.5,200.0,2.8,154.0,0.0,,,,,,,,,,2020-02-12T18:12:00,,,,0,,,,,,,,,,,,,,
2020-02-12 20:00:00,931.8,15.5,96,1.4,204.0,2.5,205.0,0.0,,,,,,,,,,2020-02-12T19:45:00,,,,0,,,,,,,,,,,,,,
2020-02-12 21:00:00,932.3,15.0,96,1.5,224.0,2.4,196.0,0.0,,,,,,,,,,2020-02-12T20:03:00,,,,0,,,,,,,,,,,,,,
2020-02-12 22:00:00,932.1,14.7,95,1.1,209.0,2.3,195.0,0.0,,,,,,,,,,2020-02-12T21:43:00,,,,0,,,,,,,,,,,,,,
2020-02-12 23:00:00,932.3,14.1,97,1.5,224.0,1.9,186.0,0.0,,,,,,,,,,2020-02-12T22:25:00,,,,0,,,,,,,,,,,,,,
2020-02-13 00:00:00,932.0,13.9,96,1.5,214.0,2.4,214.0,0.0,,,,,,,,,,2020-02-12T23:17:00,,,,0,,,,,,,,,,,,,,
2020-02-13 01:00:00,931.7,14.0,93,1.8,211.0,2.4,205.0,0.0,,,,,,,,,,2020-02-13T00:58:00,,,,0,,,,,,,,,,,,,,
2020-02-13 02:00:00,931.2,13.6,94,1.8,217.0,2.3,203.0,0.0,,,,,,,,,,2020-02-13T01:50:00,,,,0,,,,,,,,,,,,,,
2020-02-13 03:00:00,930.9,13.4,94,0.9,213.0,2.4,199.0,0.0,,,,,,,,,,2020-02-13T02:30:00,,,,0,,,,,,,,,,,,,,
2020-02-13 04:00:00,930.7,13.3,94,1.5,211.0,2.2,206.0,0.0,,,,,,,,,,2020-02-13T03:29:00,,,,0,,,,,,,,,,,,,,
2020-02-13 05:00:00,930.8,13.2,94,1.5,214.0,2.5,200.0,0.0,,,,,,,,,,2020-02-13T04:05:00,,,,0,,,,,,,,,,,,,,
2020-02-13 06:00:00,931.3,13.2,93,1.0,202.0,2.3,216.0,0.0,,,,,,,,,,2020-02-13T05:13:00,,,,0,,,,,,,,,,,,,,
2020-02-13 07:00:00,931.8,13.5,93,1.3,222.0,2.1,236.0,0.0,,,,,,,,,,2020-02-13T06:05:00,,,,0,,,,,,,,,,,,,,
2020-02-13 08:00:00,931.9,15.0,89,0.7,178.0,2.1,206.0,0.0,,,,,,,,,,2020-02-13T07:01:00,,,,0,,,,,,,,,,,,,,
2020-02-13 09:00:00,932.0,19.5,69,0.6,72.0,1.8,93.0,0.0,,,,,,,,,,2020-02-13T08:55:00,,,,0,,,,,,,,,,,,,,
2020-02-13 10:00:00,931.6,21.6,61,1.5,87.0,3.7,93.0,0.0,,,,,,,,,,2020-02-13T10:00:00,,,,0,,,,,,,,,,,,,,
2020-02-13 11:00:00,930.6,22.8,68,0.6,81.0,4.2,85.0,0.0,,,,,,,,,,2020-02-13T10:21:00,,,,0,,,,,,,,,,,,,,
2020-02-13 12:00:00,929.6,22.3,77,1.5,29.0,4.1,60.0,0.0,,,,,,,,,,2020-02-13T12:00:00,,,,0,,,,,,,,,,,,,,
2020-02-13 13:00:00,928.8,22.1,80,0.8,272.0,5.1,83.0,0.0,,,,,,,,,,2020-02-13T12:18:00,,,,0,,,,,,,,,,,,,,
2020-02-13 14:00:00,928.0,22.3,81,0.7,22.0,3.6,258.0,0.0,,,,,,,,,,2020-02-13T13:03:00,,,,0,,,,,,,,,,,,,,
2020-02-13 15:00:00,927.6,21.8,83,1.1,126.0,5.1,238.0,0.0,,,,,,,,,,2020-02-13T14:18:00,,,,0,,,,,,,,,,,,,,
2020-02-13 16:00:00,927.8,21.3,84,1.4,125.0,4.5,80.0,0.0,,,,,,,,,,2020-02-13T15:02:00,,,,0,,,,,,,,,,,,,,
2020-02-13 17:00:00,928.3,19.4,95,1.0,149.0,3.0,105.0,3.5,,,,,,,,,,2020-02-13T16:16:00,,,,0,,,,,,,,,,,,,,
2020-02-13 18:00:00,928.8,19.0,99,0.0,0.0,2.3,55.0,1.5,,,,,,,,,,2020-02-13T17:03:00,,,,0,,,,,,,,,,,,,,
2020-02-13 19:00:00,929.3,18.6,99,0.8,197.0,1.4,231.0,0.5,,,,,,,,,,2020-02-13T18:37:00,,,,0,,,,,,,,,,,,,,
2020-02-13 20:00:00,930.0,18.5,100,0.8,177.0,2.0,208.0,0.0,,,,,,,,,,2020-02-13T19:28:00,,,,0,,,,,,,,,,,,,,
2020-02-13 21:00:00,930.4,17.8,100,0.8,252.0,1.5,217.0,0.0,,,,,,,,,,2020-02-13T20:08:00,,,,0,,,,,,,,,,,,,,
2020-02-13 22:00:00,930.4,17.5,87,1.5,255.0,3.5,307.0,0.0,,,,,,,,,,2020-02-13T21:46:00,,,,0,,,,,,,,,,,,,,
2020-02-13 23:00:00,930.0,15.9,91,1.0,254.0,2.3,283.0,0.0,,,,,,,,,,2020-02-13T22:10:00,,,,0,,,,,,,,,,,,,,
2020-02-14 00:00:00,930.1,15.6,96,0.8,248.0,2.5,227.0,0.0,,,,,,,,,,2020-02-13T23:38:00,,,,0,,,,,,,,,,,,,,
2020-02-14 01:00:00,929.7,15.4,94,1.1,228.0,2.3,225.0,0.0,,,,,,,,,,2020-02-14T00:50:00,,,,0,,,,,,,,,,,,,,
2020-02-14 02:00:00,929.4,16.1,92,0.4,148.0,3.0,212.0,0.0,,,,,,,,,,2020-02-14T01:32:00,,,,0,,,,,,,,,,,,,,
2020-02-14 03:00:00,928.7,15.8,93,0.3,216.0,2.1,218.0,0.0,,,,,,,,,,2020-02-14T02:19:00,,,,0,,,,,,,,,,,,,,
2020-02-14 04:00:00,928.6,15.5,91,1.4,206.0,2.7,226.0,0.0,,,,,,,,,,2020-02-14T03:44:00,,,,0,,,,,,,,,,,,,,
2020-02-14 05:00:00,928.9,14.6,95,1.6,215.0,2.7,201.0,0.0,,,,,,,,,,2020-02-14T04:03:00,,,,0,,,,,,,,,,,,,,
2020-02-14 06:00:00,929.5,14.4,94,1.0,210.0,2.5,199.0,0.0,,,,,,,,,,2020-02-14T05:13:00,,,,0,,,,,,,,,,,,,,
2020-02-14 07:00:00,930.2,14.9,94,0.4,204.0,2.1,210.0,0.0,,,,,,,,,,2020-02-14T06:35:00,,,,0,,,,,,,,,,,,,,
2020-02-14 08:00:00,930.4,17.6,81,0.3,358.0,1.5,213.0,0.0,,,,,,,,,,2020-02-14T07:08:00,,,,0,,,,,,,,,,,,,,
2020-02-14 09:00:00,930.5,19.8,80,0.6,75.0,1.9,299.0,0.0,,,,,,,,,,2020-02-14T08:34:00,,,,0,,,,,,,,,,,,,,
2020-02-14 10:00:00,930.2,21.7,70,1.0,70.0,2.8,62.0,0.0,,,,,,,,,,2020-02-14T09:46:00,,,,0,,,,,,,,,,,,,,
2020-02-14 11:00:00,929.6,22.8,65,0.6,21.0,3.2,99.0,0.0,,,,,,,,,,2020-02-14T10:28:00,,,,0,,,,,,,,,,,,,,
2020-02-14 12:00:00,928.8,23.4,69,1.2,75.0,5.6,66.0,0.0,,,,,,,,,,2020-02-14T11:42:00,,,,0,,,,,,,,,,,,,,
2020-02-14 13:00:00,928.3,23.9,65,2.1,75.0,5.8,72.0,0.0,,,,,,,,,,2020-02-14T12:22:00,,,,0,,,,,,,,,,,,,,
2020-02-14 14:00:00,927.7,23.4,71,0.4,44.0,5.5,80.0,0.0,,,,,,,,,,2020-02-14T13:20:00,,,,0,,,,,,,,,,,,,,
2020-02-14 15:00:00,927.3,22.5,76,1.4,138.0,4.2,90.0,0.0,,,,,,,,,,2020-02-14T14:46:00,,,,0,,,,,,,,,,,,,,
2020-02-14 16:00:00,927.9,21.7,84,1.0,153.0,4.1,132.0,0.0,,,,,,,,,,2020-02-14T15:04:00,,,,0,,,,,,,,,,,,,,
2020-02-14 17:00:00,928.4,20.8,87,1.1,174.0,4.2,207.0,0.0,,,,,,,,,,2020-02-14T16:09:00,,,,0,,,,,,,,,,,,,,
2020-02-14 18:00:00,929.0,20.0,90,1.0,167.0,2.8,129.0,0.0,,,,,,,,,,2020-02-14T17:45:00,,,,0,,,,,,,,,,,,,,
2020-02-14 19:00:00,929.6,19.2,95,0.7,159.0,2.3,137.0,0.0,,,,,,,,,,2020-02-14T18:05:00,,,,0,,,,,,,,,,,,,,
2020-02-14 20:00:00,930.4,19.0,96,0.3,228.0,1.9,131.0,0.0,,,,,,,,,,2020-02-14T19:29:00,,,,0,,,,,,,,,,,,,,
2020-02-14 21:00:00,931.1,19.0,96,0.8,221.0,1.6,204.0,0.0,,,,,,,,,,2020-02-14T20:11:00,,,,0,,,,,,,,,,,,,,
2020-02-14 22:00:00,931.2,18.1,96,0.8,207.0,1.5,203.0,0.0,,,,,,,,,,2020-02-14T21:56:00,,,,0,,,,,,,,,,,,,,
2020-02-14 23:00:00,931.1,17.4,94,0.9,205.0,2.5,234.0,0.0,,,,,,,,,,2020-02-14T22:26:00,,,,0,,,,,,,,,,,,,,
2020-02-15 00:00:00,931.1,16.5,94,0.9,194.0,2.1,200.0,0.0,,,,,,,,,,2020-02-14T23:29:00,,,,0,,,,,,,,,,,,,,
2020-02-15 01:00:00,931.0,16.1,94,1.2,211.0,2.5,210.0,0.0,,,,,,,,,,2020-02-15T00:15:00,,,,0,,,,,,,,,,,,,,
2020-02-15 02:00:00,930.9,15.5,94,0.8,188.0,2.3,220.0,0.0,,,,,,,,,,2020-02-15T01:32:00,,,,0,,,,,,,,,,,,,,
2020-02-15 03:00:00,930.5,15.4,92,1.2,202.0,2.0,201.0,0.0,,,,,,,,,,2020-02-15T02:21:00,,,,0,,,,,,,,,,,,,,
2020-02-15 04:00:00,930.4,14.8,94,1.6,210.0,2.2,196.0,0.0,,,,,,,,,,2020-02-15T03:07:00,,,,0,,,,,,,,,,,,,,
2020-02-15 05:00:00,930.7,14.3,95,1.2,222.0,2.3,205.0,0.0,,,,,,,,,,2020-02-15T04:22:00,,,,0,,,,,,,,,,,,,,
2020-02-15 06:00:00,931.3,14.1,94,1.4,206.0,2.6,200.0,0.0,,,,,,,,,,2020-02-15T05:32:00,,,,0,,,,,,,,,,,,,,
2020-02-15 07:00:00,931.7,14.7,92,0.8,224.0,2.6,216.0,0.0,,,,,,,,,,2020-02-15T06:20:00,,,,0,,,,,,,,,,,,,,
2020-02-15 08:00:00,931.8,18.2,72,0.6,326.0,3.4,7.0,0.0,,,,,,,,,,2020-02-15T07:44:00,,,,0,,,,,,,,,,,,,,
2020-02-15 09:00:00,931.8,21.1,68,0.2,0.0,1.3,14.0,0.0,,,,,,,,,,2020-02-15T08:01:00,,,,0,,,,,,,,,,,,,,
2020-02-15 10:00:00,931.4,22.5,61,1.0,88.0,1.9,88.0,0.0,,,,,,,,,,2020-02-15T09:57:00,,,,0,,,,,,,,,,,,,,
2020-02-15 11:00:00,930.4,24.1,58,0.5,5.0,3.9,143.0,0.0,,,,,,,,,,2020-02-15T10:46:00,,,,0,,,,,,,,,,,,,,
2020-02-15 12:00:00,929.5,23.4,69,1.6,67.0,6.2,61.0,0.0,,,,,,,,,,2020-02-15T11:25:00,,,,0,,,,,,,,,,,,,,
2020-02-15 13:00:00,928.8,22.4,77,1.4,177.0,6.3,67.0,0.0,,,,,,,,,,2020-02-15T12:10:00,,,,0,,,,,,,,,,,,,,
2020-02-15 14:00:00,928.0,22.6,77,1.2,243.0,6.1,96.0,0.0,,,,,,,,,,2020-02-15T13:15:00,,,,0,,,,,,,,,,,,,,
2020-02-15 15:00:00,927.7,21.8,80,1.1,157.0,3.9,133.0,0.0,,,,,,,,,,2020-02-15T14:47:00,,,,0,,,,,,,,,,,,,,
2020-02-15 16:00:00,927.8,21.6,83,1.2,195.0,4.3,143.0,0.0,,,,,,,,,,2020-02-15T15:01:00,,,,0,,,,,,,,,,,,,,
2020-02-15 17:00:00,928.3,20.8,87,0.6,209.0,4.2,102.0,0.0,,,,,,,,,,2020-02-15T16:18:00,,,,0,,,,,,,,,,,,,,
2020-02-15 18:00:00,928.7,20.1,90,1.3,161.0,2.7,188.0,0.0,,,,,,,,,,2020-02-15T17:33:00,,,,0,,,,,,,,,,,,,,
2020-02-15 19:00:00,929.1,19.4,94,1.0,134.0,2.2,140.0,0.0,,,,,,,,,,2020-02-15T18:36:00,,,,0,,,,,,,,,,,,,,
2020-02-15 20:00:00,929.6,19.2,95,1.1,170.0,2.3,157.0,0.0,,,,,,,,,,2020-02-15T19:01:00,,,,0,,,,,,,,,,,,,,
2020-02-15 21:00:00,929.6,17.8,95,1.4,203.0,1.8,204.0,0.0,,,,,,,,,,2020-02-15T20:58:00,,,,0,,,,,,,,,,,,,,
2020-02-15 22:00:00,929.4,18.0,97,0.7,197.0,1.8,205.0,0.0,,,,,,,,,,2020-02-15T21:26:00,,,,0,,,,,,,,,,,,,,
2020-02-15 23:00:00,929.4,17.0,97,1.0,230.0,1.6,219.0,0.0,,,,,,,,,,2020-02-15T22:49:00,,,,0,,,,,,,,,,,,,,
2020-02-16 00:00:00,929.2,15.7,96,1.6,215.0,2.7,203.0,0.0,,,,,,,,,,2020-02-16T00:00:00,,,,0,,,,,,,,,,,,,,
2020-02-16 01:00:00,929.1,14.6,92,1.5,211.0,2.6,202.0,0.0,,,,,,,,,,2020-02-16T00:01:00,,,,0,,,,,,,,,,,,,,
2020-02-16 02:00:00,928.6,13.9,92,1.4,229.0,3.0,197.0,0.0,,,,,,,,,,2020-02-16T01:47:00,,,,0,,,,,,,,,,,,,,
2020-02-16 03:00:00,928.2,13.9,87,1.2,228.0,3.0,193.0,0.0,,,,,,,,,,2020-02-16T02:16:00,,,,0,,,,,,,,,,,,,,
2020-02-16 04:00:00,928.0,13.2,90,1.2,222.0,2.4,216.0,0.0,,,,,,,,,,2020-02-16T03:40:00,,,,0,,,,,,,,,,,,,,
2020-02-16 05:00:00,928.0,12.7,92,1.3,201.0,2.3,212.0,0.0,,,,,,,,,,2020-02-16T05:00:00,,,,0,,,,,,,,,,,,,,
2020-02-16 06:00:00,928.6,12.7,89,1.1,209.0,2.9,199.0,0.0,,,,,,,,,,2020-02-16T05:23:00,,,,0,,,,,,,,,,,,,,
2020-02-16 07:00:00,929.0,13.6,89,0.5,224.0,2.2,207.0,0.0,,,,,,,,,,2020-02-16T06:12:00,,,,0,,,,,,,,,,,,,,
2020-02-16 08:00:00,929.6,17.6,72,0.3,250.0,1.9,195.0,0.0,,,,,,,,,,2020-02-16T07:04:00,,,,0,,,,,,,,,,,,,,
2020-02-16 09:00:00,930.2,21.1,70,0.5,132.0,1.7,135.0,0.0,,,,,,,,,,2020-02-16T08:45:00,,,,0,,,,,,,,,,,,,,
2020-02-16 10:00:00,930.5,21.7,66,1.4,94.0,3.2,66.0,0.0,,,,,,,,,,2020-02-16T09:56:00,,,,0,,,,,,,,,,,,,,
2020-02-16 11:00:00,929.7,22.6,72,0.9,84.0,4.2,64.0,0.0,,,,,,,,,,2020-02-16T10:04:00,,,,0,,,,,,,,,,,,,,
2020-02-16 12:00:00,929.3,20.3,79,1.5,68.0,6.6,78.0,0.0,,,,,,,,,,2020-02-16T11:42:00,,,,0,,,,,,,,,,,,,,
2020-02-16 13:00:00,929.0,18.3,87,2.2,190.0,7.3,87.0,0.0,,,,,,,,,,2020-02-16T12:24:00,,,,0,,,,,,,,,,,,,,
2020-02-16 14:00:00,928.6,16.7,88,1.2,163.0,6.7,211.0,0.0,,,,,,,,,,2020-02-16T13:12:00,,,,0,,,,,,,,,,,,,,
2020-02-16 15:00:00,929.1,14.9,93,0.9,115.0,5.1,65.0,0.0,,,,,,,,,,2020-02-16T14:27:00,,,,0,,,,,,,,,,,,,,
2020-02-16 16:00:00,929.7,13.8,98,0.8,152.0,3.1,167.0,0.0,,,,,,,,,,2020-02-16T15:43:00,,,,0,,,,,,,,,,,,,,
2020-02-16 17:00:00,930.6,12.9,98,0.9,62.0,4.2,79.0,0.0,,,,,,,,,,2020-02-16T16:13:00,,,,0,,,,,,,,,,,,,,
2020-02-16 18:00:00,931.5,12.4,98,0.8,130.0,3.7,77.0,0.0,,,,,,,,,,2020-02-16T17:50:00,,,,0,,,,,,,,,,,,,,
2020-02-16 19:00:00,932.1,11.8,98,0.9,167.0,3.2,135.0,0.0,,,,,,,,,,2020-02-16T18:50:00,,,,0,,,,,,,,,,,,,,
2020-02-16 20:00:00,933.0,11.0,99,0.9,132.0,4.1,98.0,0.5,,,,,,,,,,2020-02-16T19:32:00,,,,0,,,,,,,,,,,,,,
2020-02-16 21:00:00,933.5,10.6,99,1.2,149.0,2.7,94.0,0.5,,,,,,,,,,2020-02-16T20:15:00,,,,0,,,,,,,,,,,,,,
2020-02-16 22:00:00,933.7,10.4,99,1.3,137.0,3.1,179.0,0.5,,,,,,,,,,2020-02-16T21:29:00,,,,0,,,,,,,,,,,,,,
2020-02-16 23:00:00,933.7,10.2,99,0.6,149.0,2.9,143.0,0.0,,,,,,,,,,2020-02-16T22:23:00,,,,0,,,,,,,,,,,,,,
2020-02-17 00:00:00,933.6,10.0,99,0.6,324.0,2.9,129.0,0.0,,,,,,,,,,2020-02-16T23:43:00,,,,0,,,,,,,,,,,,,,
2020-02-17 01:00:00,933.5,10.1,100,0.6,128.0,2.0,69.0,0.0,,,,,,,,,,2020-02-17T00:02:00,,,,0,,,,,,,,,,,,,,
2020-02-17 02:00:00,933.2,9.9,100,1.3,125.0,2.8,120.0,0.0,,,,,,,,,,2020-02-17T01:55:00,,,,0,,,,,,,,,,,,,,
2020-02-17 03:00:00,932.9,9.5,100,0.7,158.0,3.2,113.0,0.0,,,,,,,,,,2020-02-17T02:43:00,,,,0,,,,,,,,,,,,,,
2020-02-17 04:00:00,933.0,9.3,100,0.8,270.0,2.7,309.0,0.0,,,,,,,,,,2020-02-17T03:51:00,,,,0,,,,,,,,,,,,,,
2020-02-17 05:00:00,933.5,9.0,100,0.8,154.0,3.0,142.0,0.5,,,,,,,,,,2020-02-17T04:44:00,,,,0,,,,,,,,,,,,,,
2020-02-17 06:00:00,934.2,9.1,100,0.8,131.0,2.1,113.0,0.0,,,,,,,,,,2020-02-17T05:30:00,,,,0,,,,,,,,,,,,,,
2020-02-17 07:00:00,934.9,8.8,100,1.2,164.0,3.3,176.0,0.0,,,,,,,,,,2020-02-17T06:58:00,,,,0,,,,,,,,,,,,,,
2020-02-17 08:00:00,935.6,9.3,98,1.0,152.0,2.0,116.0,0.0,,,,,,,,,,2020-02-17T07:49:00,,,,0,,,,,,,,,,,,,,
2020-02-17 09:00:00,936.2,10.1,95,1.8,129.0,3.7,123.0,0.0,,,,,,,,,,2020-02-17T09:00:00,,,,0,,,,,,,,,,,,,,
2020-02-17 10:00:00,936.3,9.9,95,1.0,121.0,3.7,135.0,0.0,,,,,,,,,,2020-02-17T09:19:00,,,,0,,,,,,,,,,,,,,
2020-02-17 11:00:00,935.9,10.3,93,0.6,17.0,2.9,357.0,0.5,,,,,,,,,,2020-02-17T10:59:00,,,,0,,,,,,,,,,,,,,
2020-02-17 12:00:00,935.5,10.2,90,1.1,95.0,3.6,88.0,0.0,,,,,,,,,,2020-02-17T11:50:00,,,,0,,,,,,,,,,,,,,
2020-02-17 13:00:00,935.1,9.9,95,1.1,97.0,4.1,123.0,0.0,,,,,,,,,,2020-02-17T12:03:00,,,,0,,,,,,,,,,,,,,
2020-02-17 14:00:00,934.7,9.7,92,0.8,68.0,5.0,70.0,0.0,,,,,,,,,,2020-02-17T13:03:00,,,,0,,,,,,,,,,,,,,
2020-02-17 15:00:00,934.7,9.5,93,1.0,115.0,2.9,75.0,0.0,,,,,,,,,,2020-02-17T14:50:00,,,,0,,,,,,,,,,,,,,
2020-02-17 16:00:00,935.1,8.9,94,1.5,112.0,3.8,78.0,0.0,,,,,,,,,,2020-02-17T15:41:00,,,,0,,,,,,,,,,,,,,
2020-02-17 17:00:00,935.9,8.6,97,0.5,87.0,3.9,85.0,0.0,,,,,,,,,,2020-02-17T16:13:00,,,,0,,,,,,,,,,,,,,
2020-02-17 18:00:00,936.5,8.2,99,0.9,104.0,3.0,87.0,0.0,,,,,,,,,,2020-02-17T17:09:00,,,,0,,,,,,,,,,,,,,
2020-02-17 19:00:00,937.2,8.1,99,0.7,169.0,2.1,100.0,0.0,,,,,,,,,,2020-02-17T18:05:00,,,,0,,,,,,,,,,,,,,
2020-02-17 20:00:00,937.9,7.9,99,1.5,111.0,3.2,85.0,0.0,,,,,,,,,,2020-02-17T19:58:00,,,,0,,,,,,,,,,,,,,
2020-02-17 21:00:00,938.1,7.5,100,1.1,116.0,4.0,130.0,0.0,,,,,,,,,,2020-02-17T20:52:00,,,,0,,,,,,,,,,,,,,
2020-02-17 22:00:00,938.5,6.8,100,1.1,146.0,4.1,92.0,0.0,,,,,,,,,,2020-02-17T21:02:00,,,,0,,,,,,,,,,,,,,
2020-02-17 23:00:00,938.5,6.4,100,0.6,68.0,4.4,58.0,0.0,,,,,,,,,,2020-02-17T22:11:00,,,,0,,,,,,,,,,,,,,
2020-02-18 00:00:00,938.4,6.1,99,0.9,144.0,3.6,168.0,0.0,,,,,,,,,,2020-02-17T23:37:00,,,,0,,,,,,,,,,,,,,
2020-02-18 01:00:00,938.0,5.8,100,0.9,100.0,2.8,94.0,0.5,,,,,,,,,,2020-02-18T00:02:00,,,,0,,,,,,,,,,,,,,
2020-02-18 02:00:00,937.8,5.7,100,0.7,113.0,2.3,115.0,0.0,,,,,,,,,,2020-02-18T01:41:00,,,,0,,,,,,,,,,,,,,
2020-02-18 03:00:00,937.5,5.6,100,0.9,117.0,2.1,104.0,0.0,,,,,,,,,,2020-02-18T02:52:00,,,,0,,,,,,,,,,,,,,
2020-02-18 04:00:00,937.5,5.8,100,0.0,0.0,1.7,109.0,0.0,,,,,,,,,,2020-02-18T03:07:00,,,,0,,,,,,,,,,,,,,
2020-02-18 05:00:00,937.7,5.8,97,1.5,122.0,2.3,127.0,0.0,,,,,,,,,,2020-02-18T04:51:00,,,,0,,,,,,,,,,,,,,
2020-02-18 06:00:00,938.3,5.9,97,0.1,0.0,2.3,107.0,0.5,,,,,,,,,,2020-02-18T05:05:00,,,,0,,,,,,,,,,,,,,
2020-02-18 07:00:00,938.9,6.1,97,0.4,84.0,1.4,142.0,0.0,,,,,,,,,,2020-02-18T06:46:00,,,,0,,,,,,,,,,,,,,
2020-02-18 08:00:00,939.3,6.7,93,0.0,0.0,1.1,335.0,0.0,,,,,,,,,,2020-02-18T07:32:00,,,,0,,,,,,,,,,,,,,
2020-02-18 09:00:00,940.0,7.2,93,1.1,84.0,2.3,72.0,0.0,,,,,,,,,,2020-02-18T08:57:00,,,,0,,,,,,,,,,,,,,
2020-02-18 10:00:00,939.9,8.4,91,0.7,58.0,1.9,71.0,0.0,,,,,,,,,,2020-02-18T09:06:00,,,,0,,,,,,,,,,,,,,
2020-02-18 11:00:00,938.9,9.3,86,0.7,56.0,2.3,40.0,0.0,,,,,,,,,,2020-02-18T10:35:00,,,,0,,,,,,,,,,,,,,
2020-02-18 12:00:00,938.2,9.4,82,1.1,113.0,3.5,99.0,0.0,,,,,,,,,,2020-02-18T11:53:00,,,,0,,,,,,,,,,,,,,
2020-02-18 13:00:00,937.4,8.9,80,1.2,150.0,3.4,99.0,0.0,,,,,,,,,,2020-02-18T12:15:00,,,,0,,,,,,,,,,,,,,
2020-02-18 14:00:00,936.3,9.3,81,1.3,104.0,3.4,86.0,0.0,,,,,,,,,,2020-02-18T13:18:00,,,,0,,,,,,,,,,,,,,
2020-02-18 15:00:00,936.2,9.0,82,1.8,133.0,3.4,133.0,0.0,,,,,,,,,,2020-02-18T14:32:00,,,,0,,,,,,,,,,,,,,
2020-02-18 16:00:00,936.6,9.0,84,0.8,103.0,3.1,130.0,0.0,,,,,,,,,,2020-02-18T15:01:00,,,,0,,,,,,,,,,,,,,
2020-02-18 17:00:00,936.8,9.0,85,0.0,0.0,1.3,80.0,0.0,,,,,,,,,,2020-02-18T16:01:00,,,,0,,,,,,,,,,,,,,
2020-02-18 18:00:00,937.1,8.5,92,0.4,235.0,0.5,298.0,0.0,,,,,,,,,,2020-02-18T17:07:00,,,,0,,,,,,,,,,,,,,
2020-02-18 19:00:00,937.5,8.3,94,0.1,0.0,0.8,195.0,0.0,,,,,,,,,,2020-02-18T18:29:00,,,,0,,,,,,,,,,,,,,
2020-02-18 20:00:00,937.9,8.4,93,0.5,232.0,1.2,218.0,0.0,,,,,,,,,,2020-02-18T19:55:00,,,,0,,,,,,,,,,,,,,
2020-02-18 21:00:00,938.2,8.5,95,0.0,0.0,0.9,97.0,0.0,,,,,,,,,,2020-02-18T20:14:00,,,,0,,,,,,,,,,,,,,
2020-02-18 22:00:00,938.2,8.5,96,0.4,194.0,1.0,181.0,0.0,,,,,,,,,,2020-02-18T21:23:00,,,,0,,,,,,,,,,,,,,
2020-02-18 23:00:00,937.8,8.6,95,0.2,0.0,0.9,204.0,0.0,,,,,,,,,,2020-02-18T22:07:00,,,,0,,,,,,,,,,,,,,
2020-02-19 00:00:00,937.4,8.7,96,0.1,0.0,0.8,211.0,0.0,,,,,,,,,,2020-02-18T23:07:00,,,,0,,,,,,,,,,,,,,
2020-02-19 01:00:00,937.0,8.7,96,0.4,190.0,0.8,155.0,0.0,,,,,,,,,,2020-02-19T00:22:00,,,,0,,,,,,,,,,,,,,
2020-02-19 02:00:00,936.9,8.5,98,0.0,0.0,0.8,130.0,0.0,,,,,,,,,,2020-02-19T01:24:00,,,,0,,,,,,,,,,,,,,
2020-02-19 03:00:00,936.2,8.5,97,0.1,0.0,0.6,231.0,0.0,,,,,,,,,,2020-02-19T02:14:00,,,,0,,,,,,,,,,,,,,
2020-02-19 04:00:00,936.3,8.5,97,0.4,203.0,1.0,211.0,0.0,,,,,,,,,,2020-02-19T03:14:00,,,,0,,,,,,,,,,,,,,
2020-02-19 05:00:00,936.5,8.5,97,0.4,190.0,1.1,212.0,0.0,,,,,,,,,,2020-02-19T04:18:00,,,,0,,,,,,,,,,,,,,
2020-02-19 06:00:00,936.9,7.6,96,1.3,202.0,1.7,206.0,0.0,,,,,,,,,,2020-02-19T05:50:00,,,,0,,,,,,,,,,,,,,
2020-02-19 07:00:00,937.6,7.8,97,0.7,208.0,2.6,205.0,0.0,,,,,,,,,,2020-02-19T06:11:00,,,,0,,,,,,,,,,,,,,
2020-02-19 08:00:00,937.5,10.1,90,0.1,0.0,1.5,205.0,0.0,,,,,,,,,,2020-02-19T07:04:00,,,,0,,,,,,,,,,,,,,
2020-02-19 09:00:00,937.8,13.4,74,0.8,81.0,1.7,36.0,0.0,,,,,,,,,,2020-02-19T09:00:00,,,,0,,,,,,,,,,,,,,
2020-02-19 10:00:00,937.6,14.7,60,0.8,44.0,3.2,76.0,0.0,,,,,,,,,,2020-02-19T09:33:00,,,,0,,,,,,,,,,,,,,
2020-02-19 11:00:00,937.2,13.5,70,1.8,119.0,5.3,81.0,0.0,,,,,,,,,,2020-02-19T10:31:00,,,,0,,,,,,,,,,,,,,
2020-02-19 12:00:00,936.2,15.2,62,0.8,47.0,3.1,145.0,0.0,,,,,,,,,,2020-02-19T11:01:00,,,,0,,,,,,,,,,,,,,
2020-02-19 13:00:00,935.0,16.8,53,1.4,220.0,3.7,57.0,0.0,,,,,,,,,,2020-02-19T12:31:00,,,,0,,,,,,,,,,,,,,
2020-02-19 14:00:00,934.3,16.2,63,0.8,350.0,4.4,1.0,0.0,,,,,,,,,,2020-02-19T13:08:00,,,,0,,,,,,,,,,,,,,
2020-02-19 15:00:00,933.9,16.0,66,1.5,41.0,5.6,62.0,0.0,,,,,,,,,,2020-02-19T14:03:00,,,,0,,,,,,,,,,,,,,
2020-02-19 16:00:00,934.4,14.8,72,1.4,58.0,5.7,83.0,0.0,,,,,,,,,,2020-02-19T15:18:00,,,,0,,,,,,,,,,,,,,
2020-02-19 17:00:00,935.2,13.8,80,0.5,314.0,3.7,119.0,0.0,,,,,,,,,,2020-02-19T16:01:00,,,,0,,,,,,,,,,,,,,
2020-02-19 18:00:00,935.7,12.9,85,0.6,71.0,3.0,72.0,0.0,,,,,,,,,,2020-02-19T17:21:00,,,,0,,,,,,,,,,,,,,
2020-02-19 19:00:00,935.9,12.6,88,0.2,0.0,2.3,250.0,0.0,,,,,,,,,,2020-02-19T18:01:00,,,,0,,,,,,,,,,,,,,
2020-02-19 20:00:00,936.4,12.5,90,0.7,130.0,1.8,173.0,0.0,,,,,,,,,,2020-02-19T19:08:00,,,,0,,,,,,,,,,,,,,
2020-02-19 21:00:00,937.0,12.4,90,0.6,144.0,1.9,143.0,0.0,,,,,,,,,,2020-02-19T20:19:00,,,,0,,,,,,,,,,,,,,
2020-02-19 22:00:00,937.2,12.2,92,0.0,0.0,1.2,152.0,0.0,,,,,,,,,,2020-02-19T21:06:00,,,,0,,,,,,,,,,,,,,
2020-02-19 23:00:00,936.9,12.1,92,0.5,229.0,1.1,232.0,0.0,,,,,,,,,,2020-02-19T22:59:00,,,,0,,,,,,,,,,,,,,
2020-02-20 00:00:00,936.8,11.9,94,0.5,229.0,1.2,197.0,0.0,,,,,,,,,,2020-02-19T23:01:00,,,,0,,,,,,,,,,,,,,
2020-02-20 01:00:00,936.3,12.3,91,0.5,255.0,2.1,344.0,0.0,,,,,,,,,,2020-02-20T00:54:00,,,,0,,,,,,,,,,,,,,
2020-02-20 02:00:00,936.2,11.9,93,0.6,236.0,1.3,211.0,0.0,,,,,,,,,,2020-02-20T01:32:00,,,,0,,,,,,,,,,,,,,
2020-02-20 03:00:00,935.4,12.5,77,1.1,255.0,4.1,294.0,0.0,,,,,,,,,,2020-02-20T02:43:00,,,,0,,,,,,,,,,,,,,
2020-02-20 04:00:00,935.6,10.9,84,1.4,226.0,2.6,306.0,0.0,,,,,,,,,,2020-02-20T03:10:00,,,,0,,,,,,,,,,,,,,
2020-02-20 05:00:00,935.9,11.9,80,0.9,289.0,3.5,315.0,0.0,,,,,,,,,,2020-02-20T04:36:00,,,,0,,,,,,,,,,,,,,
2020-02-20 06:00:00,936.7,11.7,78,1.3,285.0,3.9,308.0,0.0,,,,,,,,,,2020-02-20T05:59:00,,,,0,,,,,,,,,,,,,,
2020-02-20 07:00:00,937.8,12.1,77,0.8,281.0,3.8,281.0,0.0,,,,,,,,,,2020-02-20T06:23:00,,,,0,,,,,,,,,,,,,,
2020-02-20 08:00:00,938.3,12.3,81,0.4,199.0,2.6,321.0,0.0,,,,,,,,,,2020-02-20T07:02:00,,,,0,,,,,,,,,,,,,,
2020-02-20 09:00:00,938.9,13.1,82,0.7,83.0,1.7,98.0,0.0,,,,,,,,,,2020-02-20T08:54:00,,,,0,,,,,,,,,,,,,,
2020-02-20 10:00:00,939.4,14.8,74,0.4,101.0,1.9,71.0,0.0,,,,,,,,,,2020-02-20T09:25:00,,,,0,,,,,,,,,,,,,,
2020-02-20 11:00:00,938.8,15.5,71,1.5,44.0,3.2,23.0,0.0,,,,,,,,,,2020-02-20T10:53:00,,,,0,,,,,,,,,,,,,,
2020-02-20 12:00:00,938.1,17.2,65,0.9,43.0,3.8,75.0,0.0,,,,,,,,,,2020-02-20T11:10:00,,,,0,,,,,,,,,,,,,,
2020-02-20 13:00:00,937.2,17.8,63,1.2,49.0,5.4,54.0,0.0,,,,,,,,,,2020-02-20T12:33:00,,,,0,,,,,,,,,,,,,,
2020-02-20 14:00:00,936.8,16.5,69,1.9,98.0,7.2,73.0,0.0,,,,,,,,,,2020-02-20T13:27:00,,,,0,,,,,,,,,,,,,,
2020-02-20 15:00:00,936.8,16.1,72,1.9,93.0,6.1,72.0,0.0,,,,,,,,,,2020-02-20T14:46:00,,,,0,,,,,,,,,,,,,,
2020-02-20 16:00:00,937.1,16.1,74,0.7,55.0,3.1,43.0,0.0,,,,,,,,,,2020-02-20T15:13:00,,,,0,,,,,,,,,,,,,,
2020-02-20 17:00:00,937.6,15.6,76,0.4,46.0,2.7,102.0,0.0,,,,,,,,,,2020-02-20T16:24:00,,,,0,,,,,,,,,,,,,,
2020-02-20 18:00:00,938.0,14.7,82,0.8,183.0,1.6,333.0,0.0,,,,,,,,,,2020-02-20T17:07:00,,,,0,,,,,,,,,,,,,,
2020-02-20 19:00:00,938.4,14.1,89,1.0,144.0,1.9,122.0,0.0,,,,,,,,,,2020-02-20T18:46:00,,,,0,,,,,,,,,,,,,,
2020-02-20 20:00:00,939.1,13.6,90,0.9,227.0,1.6,152.0,0.0,,,,,,,,,,2020-02-20T19:01:00,,,,0,,,,,,,,,,,,,,
2020-02-20 21:00:00,939.3,13.4,93,0.8,217.0,1.2,211.0,0.0,,,,,,,,,,2020-02-20T20:16:00,,,,0,,,,,,,,,,,,,,
2020-02-20 22:00:00,939.5,13.3,92,1.1,202.0,1.6,204.0,0.0,,,,,,,,,,2020-02-20T22:00:00,,,,0,,,,,,,,,,,,,,
2020-02-20 23:00:00,939.6,12.6,94,0.9,188.0,1.9,191.0,0.0,,,,,,,,,,2020-02-20T22:45:00,,,,0,,,,,,,,,,,,,,
2020-02-21 00:00:00,939.5,11.9,94,1.7,205.0,2.6,197.0,0.0,,,,,,,,,,2020-02-21T00:00:00,,,,0,,,,,,,,,,,,,,
2020-02-21 01:00:00,939.4,11.2,96,1.4,218.0,2.4,198.0,0.0,,,,,,,,,,2020-02-21T00:03:00,,,,0,,,,,,,,,,,,,,
2020-02-21 02:00:00,939.2,10.5,97,1.8,212.0,2.7,204.0,0.0,,,,,,,,,,2020-02-21T01:20:00,,,,0,,,,,,,,,,,,,,
2020-02-21 03:00:00,938.7,10.2,93,1.4,222.0,2.5,199.0,0.0,,,,,,,,,,2020-02-21T02:24:00,,,,0,,,,,,,,,,,,,,
2020-02-21 04:00:00,938.6,10.0,92,1.1,213.0,2.6,211.0,0.0,,,,,,,,,,2020-02-21T03:21:00,,,,0,,,,,,,,,,,,,,
2020-02-21 05:00:00,938.9,10.4,92,0.9,218.0,1.8,205.0,0.0,,,,,,,,,,2020-02-21T04:11:00,,,,0,,,,,,,,,,,,,,
2020-02-21 06:00:00,939.5,10.3,91,0.8,160.0,2.1,202.0,0.0,,,,,,,,,,2020-02-21T05:05:00,,,,0,,,,,,,,,,,,,,
2020-02-21 07:00:00,940.3,10.4,91,0.8,207.0,2.5,202.0,0.0,,,,,,,,,,2020-02-21T06:29:00,,,,0,,,,,,,,,,,,,,
2020-02-21 08:00:00,940.6,14.4,75,0.5,347.0,1.6,336.0,0.0,,,,,,,,,,2020-02-21T07:54:00,,,,0,,,,,,,,,,,,,,
2020-02-21 09:00:00,940.7,16.3,67,0.7,104.0,2.0,106.0,0.0,,,,,,,,,,2020-02-21T08:53:00,,,,0,,,,,,,,,,,,,,
2020-02-21 10:00:00,940.7,17.6,64,1.6,60.0,6.6,64.0,0.0,,,,,,,,,,2020-02-21T10:00:00,,,,0,,,,,,,,,,,,,,
2020-02-21 11:00:00,940.2,18.1,71,1.8,64.0,7.8,104.0,0.0,,,,,,,,,,2020-02-21T10:31:00,,,,0,,,,,,,,,,,,,,
2020-02-21 12:00:00,939.4,18.5,67,1.3,74.0,5.3,57.0,0.0,,,,,,,,,,2020-02-21T11:15:00,,,,0,,,,,,,,,,,,,,
2020-02-21 13:00:00,938.6,20.0,61,1.3,34.0,4.3,82.0,0.0,,,,,,,,,,2020-02-21T12:10:00,,,,0,,,,,,,,,,,,,,
2020-02-21 14:00:00,937.8,19.2,61,0.9,68.0,4.2,93.0,0.0,,,,,,,,,,2020-02-21T13:25:00,,,,0,,,,,,,,,,,,,,
2020-02-21 15:00:00,937.6,18.1,68,0.5,186.0,2.6,81.0,0.0,,,,,,,,,,2020-02-21T14:10:00,,,,0,,,,,,,,,,,,,,
2020-02-21 16:00:00,937.3,17.5,72,0.7,148.0,2.5,83.0,0.0,,,,,,,,,,2020-02-21T15:20:00,,,,0,,,,,,,,,,,,,,
2020-02-21 17:00:00,937.6,17.1,78,0.2,0.0,3.0,131.0,0.0,,,,,,,,,,2020-02-21T16:20:00,,,,0,,,,,,,,,,,,,,
2020-02-21 18:00:00,937.9,16.1,83,0.4,218.0,1.6,172.0,0.0,,,,,,,,,,2020-02-21T17:40:00,,,,0,,,,,,,,,,,,,,
2020-02-21 19:00:00,938.3,16.0,84,0.7,160.0,1.7,183.0,0.0,,,,,,,,,,2020-02-21T18:50:00,,,,0,,,,,,,,,,,,,,
2020-02-21 20:00:00,939.1,15.7,87,0.8,187.0,1.8,198.0,0.0,,,,,,,,,,2020-02-21T19:58:00,,,,0,,,,,,,,,,,,,,
2020-02-21 21:00:00,939.4,15.1,93,1.0,224.0,1.6,210.0,0.0,,,,,,,,,,2020-02-21T20:58:00,,,,0,,,,,,,,,,,,,,
2020-02-21 22:00:00,939.2,15.1,89,0.3,207.0,2.7,311.0,0.0,,,,,,,,,,2020-02-21T21:34:00,,,,0,,,,,,,,,,,,,,
2020-02-21 23:00:00,939.0,13.2,93,1.6,205.0,2.2,204.0,0.0,,,,,,,,,,2020-02-21T22:55:00,,,,0,,,,,,,,,,,,,,
2020-02-22 00:00:00,938.9,12.5,92,1.7,203.0,2.4,204.0,0.0,,,,,,,,,,2020-02-21T23:02:00,,,,0,,,,,,,,,,,,,,
2020-02-22 01:00:00,938.7,11.7,92,1.8,208.0,3.0,201.0,0.0,,,,,,,,,,2020-02-22T00:19:00,,,,0,,,,,,,,,,,,,,
2020-02-22 02:00:00,938.3,11.8,92,1.3,212.0,2.8,202.0,0.0,,,,,,,,,,2020-02-22T01:04:00,,,,0,,,,,,,,,,,,,,
2020-02-22 03:00:00,937.8,12.2,91,0.8,194.0,2.0,200.0,0.0,,,,,,,,,,2020-02-22T02:47:00,,,,0,,,,,,,,,,,,,,
2020-02-22 04:00:00,937.6,12.3,91,0.6,246.0,1.7,218.0,0.0,,,,,,,,,,2020-02-22T03:39:00,,,,0,,,,,,,,,,,,,,
2020-02-22 05:00:00,937.8,13.0,90,0.5,226.0,1.8,211.0,0.0,,,,,,,,,,2020-02-22T04:17:00,,,,0,,,,,,,,,,,,,,
2020-02-22 06:00:00,938.4,13.3,87,0.4,219.0,1.3,223.0,0.0,,,,,,,,,,2020-02-22T05:44:00,,,,0,,,,,,,,,,,,,,
2020-02-22 07:00:00,938.9,13.6,84,0.6,230.0,1.6,282.0,0.0,,,,,,,,,,2020-02-22T06:47:00,,,,0,,,,,,,,,,,,,,
2020-02-22 08:00:00,939.4,14.6,82,0.5,356.0,1.5,93.0,0.0,,,,,,,,,,2020-02-22T07:39:00,,,,0,,,,,,,,,,,,,,
2020-02-22 09:00:00,939.5,18.3,65,0.9,64.0,2.0,99.0,0.0,,,,,,,,,,2020-02-22T08:49:00,,,,0,,,,,,,,,,,,,,
2020-02-22 10:00:00,939.6,19.1,67,1.4,24.0,4.4,117.0,0.0,,,,,,,,,,2020-02-22T09:24:00,,,,0,,,,,,,,,,,,,,
2020-02-22 11:00:00,939.1,19.3,70,1.8,115.0,6.5,93.0,0.0,,,,,,,,,,2020-02-22T10:54:00,,,,0,,,,,,,,,,,,,,
2020-02-22 12:00:00,938.6,20.4,66,1.9,117.0,6.8,92.0,0.0,,,,,,,,,,2020-02-22T11:25:00,,,,0,,,,,,,,,,,,,,
2020-02-22 13:00:00,938.1,20.1,65,2.5,84.0,6.0,98.0,0.0,,,,,,,,,,2020-02-22T12:57:00,,,,0,,,,,,,,,,,,,,
2020-02-22 14:00:00,937.2,20.8,66,0.8,338.0,5.0,87.0,0.0,,,,,,,,,,2020-02-22T13:12:00,,,,0,,,,,,,,,,,,,,
2020-02-22 15:00:00,936.9,19.4,71,1.0,101.0,5.0,64.0,0.0,,,,,,,,,,2020-02-22T14:25:00,,,,0,,,,,,,,,,,,,,
2020-02-22 16:00:00,936.7,19.0,71,0.9,85.0,5.1,61.0,0.0,,,,,,,,,,2020-02-22T15:03:00,,,,0,,,,,,,,,,,,,,
2020-02-22 17:00:00,937.2,18.3,77,0.8,24.0,4.3,116.0,0.0,,,,,,,,,,2020-02-22T16:34:00,,,,0,,,,,,,,,,,,,,
2020-02-22 18:00:00,937.5,17.5,83,0.7,186.0,2.7,132.0,0.0,,,,,,,,,,2020-02-22T17:23:00,,,,0,,,,,,,,,,,,,,
2020-02-22 19:00:00,938.1,16.9,88,0.6,177.0,2.6,72.0,0.0,,,,,,,,,,2020-02-22T18:43:00,,,,0,,,,,,,,,,,,,,
2020-02-22 20:00:00,938.8,16.3,91,0.3,112.0,3.2,80.0,0.0,,,,,,,,,,2020-02-22T19:33:00,,,,0,,,,,,,,,,,,,,
2020-02-22 21:00:00,939.0,15.7,93,0.7,225.0,1.5,178.0,0.0,,,,,,,,,,2020-02-22T20:03:00,,,,0,,,,,,,,,,,,,,
2020-02-22 22:00:00,939.3,15.1,96,0.3,228.0,1.8,203.0,0.0,,,,,,,,,,2020-02-22T21:14:00,,,,0,,,,,,,,,,,,,,
2020-02-22 23:00:00,939.4,15.2,96,0.4,154.0,2.4,135.0,0.0,,,,,,,,,,2020-02-22T22:32:00,,,,0,,,,,,,,,,,,,,
2020-02-23 00:00:00,939.0,15.0,93,1.6,288.0,3.7,303.0,0.0,,,,,,,,,,2020-02-22T23:56:00,,,,0,,,,,,,,,,,,,,
2020-02-23 01:00:00,938.7,13.9,96,0.7,204.0,2.5,277.0,0.0,,,,,,,,,,2020-02-23T00:01:00,,,,0,,,,,,,,,,,,,,
2020-02-23 02:00:00,938.4,13.4,89,1.7,223.0,2.6,221.0,0.0,,,,,,,,,,2020-02-23T01:51:00,,,,0,,,,,,,,,,,,,,
2020-02-23 03:00:00,938.1,12.7,92,1.3,212.0,2.4,201.0,0.0,,,,,,,,,,2020-02-23T02:52:00,,,,0,,,,,,,,,,,,,,
2020-02-23 04:00:00,937.8,12.6,90,0.4,192.0,2.2,223.0,0.0,,,,,,,,,,2020-02-23T03:10:00,,,,0,,,,,,,,,,,,,,
2020-02-23 05:00:00,937.9,12.4,91,1.2,227.0,2.0,218.0,0.0,,,,,,,,,,2020-02-23T04:57:00,,,,0,,,,,,,,,,,,,,
2020-02-23 06:00:00,938.4,12.7,90,0.7,226.0,1.6,220.0,0.0,,,,,,,,,,2020-02-23T05:13:00,,,,0,,,,,,,,,,,,,,
2020-02-23 07:00:00,938.6,13.4,89,0.1,0.0,1.9,228.0,0.0,,,,,,,,,,2020-02-23T06:47:00,,,,0,,,,,,,,,,,,,,
2020-02-23 08:00:00,939.2,14.7,80,0.2,0.0,1.3,195.0,0.0,,,,,,,,,,2020-02-23T07:26:00,,,,0,,,,,,,,,,,,,,
2020-02-23 09:00:00,939.8,16.3,76,0.3,344.0,1.1,33.0,0.0,,,,,,,,,,2020-02-23T08:39:00,,,,0,,,,,,,,,,,,,,
2020-02-23 10:00:00,939.6,17.9,74,1.5,92.0,3.3,103.0,0.0,,,,,,,,,,2020-02-23T09:55:00,,,,0,,,,,,,,,,,,,,
2020-02-23 11:00:00,938.9,19.2,75,2.4,134.0,5.7,83.0,0.0,,,,,,,,,,2020-02-23T10:49:00,,,,0,,,,,,,,,,,,,,
2020-02-23 12:00:00,938.2,18.6,78,2.6,118.0,6.1,180.0,0.0,,,,,,,,,,2020-02-23T11:17:00,,,,0,,,,,,,,,,,,,,
2020-02-23 13:00:00,937.2,19.1,76,1.6,96.0,7.0,71.0,0.0,,,,,,,,,,2020-02-23T12:16:00,,,,0,,,,,,,,,,,,,,
2020-02-23 14:00:00,936.3,18.2,81,1.3,117.0,5.3,91.0,0.0,,,,,,,,,,2020-02-23T13:27:00,,,,0,,,,,,,,,,,,,,
2020-02-23 15:00:00,936.0,17.4,84,1.2,117.0,4.2,146.0,0.0,,,,,,,,,,2020-02-23T14:50:00,,,,0,,,,,,,,,,,,,,
2020-02-23 16:00:00,936.0,16.8,86,1.3,125.0,3.9,78.0,0.0,,,,,,,,,,2020-02-23T15:31:00,,,,0,,,,,,,,,,,,,,
2020-02-23 17:00:00,936.5,16.1,90,0.9,148.0,3.4,123.0,0.0,,,,,,,,,,2020-02-23T16:33:00,,,,0,,,,,,,,,,,,,,
2020-02-23 18:00:00,936.7,15.5,94,1.0,164.0,2.6,137.0,0.0,,,,,,,,,,2020-02-23T17:10:00,,,,0,,,,,,,,,,,,,,
2020-02-23 19:00:00,937.0,15.2,98,0.0,0.0,1.5,150.0,0.0,,,,,,,,,,2020-02-23T18:01:00,,,,0,,,,,,,,,,,,,,
2020-02-23 20:00:00,937.7,14.9,100,0.0,0.0,0.6,59.0,0.0,,,,,,,,,,2020-02-23T19:12:00,,,,0,,,,,,,,,,,,,,
2020-02-23 21:00:00,937.9,14.9,100,0.0,0.0,0.0,0.0,0.0,,,,,,,,,,2020-02-23T20:05:00,,,,0,,,,,,,,,,,,,,
2020-02-23 22:00:00,937.9,14.7,100,0.1,0.0,0.8,189.0,0.0,,,,,,,,,,2020-02-23T22:00:00,,,,0,,,,,,,,,,,,,,
2020-02-23 23:00:00,937.5,14.4,99,0.6,222.0,1.3,207.0,0.0,,,,,,,,,,2020-02-23T22:29:00,,,,0,,,,,,,,,,,,,,
2020-02-24 00:00:00,937.2,14.5,100,0.4,217.0,1.2,213.0,0.0,,,,,,,,,,2020-02-23T23:01:00,,,,0,,,,,,,,,,,,,,
2020-02-24 01:00:00,936.7,14.6,99,0.2,0.0,1.0,227.0,0.0,,,,,,,,,,2020-02-24T00:05:00,,,,0,,,,,,,,,,,,,,
2020-02-24 02:00:00,936.2,14.6,98,0.1,0.0,1.6,247.0,0.0,,,,,,,,,,2020-02-24T01:12:00,,,,0,,,,,,,,,,,,,,
2020-02-24 03:00:00,935.7,14.5,96,0.5,243.0,1.8,229.0,0.0,,,,,,,,,,2020-02-24T02:15:00,,,,0,,,,,,,,,,,,,,
2020-02-24 04:00:00,935.0,14.3,95,0.4,51.0,2.1,237.0,0.0,,,,,,,,,,2020-02-24T03:29:00,,,,0,,,,,,,,,,,,,,
2020-02-24 05:00:00,935.2,13.7,95,0.6,188.0,1.8,214.0,0.0,,,,,,,,,,2020-02-24T04:26:00,,,,0,,,,,,,,,,,,,,
2020-02-24 06:00:00,935.6,14.7,81,1.2,273.0,3.2,264.0,0.0,,,,,,,,,,2020-02-24T05:55:00,,,,0,,,,,,,,,,,,,,
2020-02-24 07:00:00,936.0,15.4,73,1.2,297.0,4.0,256.0,0.0,,,,,,,,,,2020-02-24T06:04:00,,,,0,,,,,,,,,,,,,,
2020-02-24 08:00:00,936.4,15.6,80,0.5,90.0,2.9,216.0,0.0,,,,,,,,,,2020-02-24T07:08:00,,,,0,,,,,,,,,,,,,,
2020-02-24 09:00:00,936.8,16.9,72,1.0,110.0,2.9,76.0,0.0,,,,,,,,,,2020-02-24T08:14:00,,,,0,,,,,,,,,,,,,,
2020-02-24 10:00:00,936.5,19.0,76,1.0,38.0,4.6,35.0,0.0,,,,,,,,,,2020-02-24T09:56:00,,,,0,,,,,,,,,,,,,,
2020-02-24 11:00:00,935.8,19.5,70,1.7,54.0,6.6,75.0,0.0,,,,,,,,,,2020-02-24T10:36:00,,,,0,,,,,,,,,,,,,,
2020-02-24 12:00:00,934.9,20.4,67,1.6,40.0,5.7,61.0,0.0,,,,,,,,,,2020-02-24T11:57:00,,,,0,,,,,,,,,,,,,,
2020-02-24 13:00:00,933.8,20.5,67,1.2,338.0,5.7,44.0,0.0,,,,,,,,,,2020-02-24T12:24:00,,,,0,,,,,,,,,,,,,,
2020-02-24 14:00:00,933.0,20.0,70,1.6,43.0,5.6,94.0,0.0,,,,,,,,,,2020-02-24T13:16:00,,,,0,,,,,,,,,,,,,,
2020-02-24 15:00:00,932.6,19.7,73,0.6,207.0,6.1,84.0,0.0,,,,,,,,,,2020-02-24T14:02:00,,,,0,,,,,,,,,,,,,,
2020-02-24 16:00:00,932.6,18.7,79,0.8,179.0,4.1,67.0,0.0,,,,,,,,,,2020-02-24T15:47:00,,,,0,,,,,,,,,,,,,,
2020-02-24 17:00:00,932.9,18.2,85,0.2,0.0,3.2,217.0,0.0,,,,,,,,,,2020-02-24T16:08:00,,,,0,,,,,,,,,,,,,,
2020-02-24 18:00:00,933.4,16.2,97,1.5,150.0,3.3,136.0,0.0,,,,,,,,,,2020-02-24T17:58:00,,,,0,,,,,,,,,,,,,,
2020-02-24 19:00:00,933.8,15.9,97,1.1,142.0,3.4,207.0,0.0,,,,,,,,,,2020-02-24T18:20:00,,,,0,,,,,,,,,,,,,,
2020-02-24 20:00:00,934.4,15.6,100,0.0,0.0,1.4,116.0,0.0,,,,,,,,,,2020-02-24T19:01:00,,,,0,,,,,,,,,,,,,,
2020-02-24 21:00:00,934.6,15.6,100,0.3,264.0,0.8,264.0,0.0,,,,,,,,,,2020-02-24T20:52:00,,,,0,,,,,,,,,,,,,,
2020-02-24 22:00:00,934.7,15.6,99,0.2,0.0,1.1,232.0,0.0,,,,,,,,,,2020-02-24T21:22:00,,,,0,,,,,,,,,,,,,,
2020-02-24 23:00:00,934.7,15.2,100,0.9,227.0,1.3,212.0,0.0,,,,,,,,,,2020-02-24T22:50:00,,,,0,,,,,,,,,,,,,,
2020-02-25 00:00:00,934.3,15.3,92,0.9,264.0,3.2,263.0,0.0,,,,,,,,,,2020-02-24T23:50:00,,,,0,,,,,,,,,,,,,,
2020-02-25 01:00:00,933.8,14.2,95,0.7,195.0,2.8,200.0,0.0,,,,,,,,,,2020-02-25T00:01:00,,,,0,,,,,,,,,,,,,,
2020-02-25 02:00:00,933.3,14.2,89,1.1,238.0,2.7,255.0,0.0,,,,,,,,,,2020-02-25T01:16:00,,,,0,,,,,,,,,,,,,,
2020-02-25 03:00:00,932.9,13.4,92,0.8,238.0,2.7,255.0,0.0,,,,,,,,,,2020-02-25T02:42:00,,,,0,,,,,,,,,,,,,,
2020-02-25 04:00:00,932.8,13.3,88,1.0,228.0,2.6,306.0,0.0,,,,,,,,,,2020-02-25T03:24:00,,,,0,,,,,,,,,,,,,,
2020-02-25 05:00:00,933.0,13.6,86,1.3,286.0,4.5,313.0,0.0,,,,,,,,,,2020-02-25T04:26:00,,,,0,,,,,,,,,,,,,,
2020-02-25 06:00:00,933.4,14.1,83,0.8,271.0,4.0,280.0,0.0,,,,,,,,,,2020-02-25T05:35:00,,,,0,,,,,,,,,,,,,,
2020-02-25 07:00:00,933.8,14.5,80,1.2,282.0,4.1,299.0,0.0,,,,,,,,,,2020-02-25T06:01:00,,,,0,,,,,,,,,,,,,,
2020-02-25 08:00:00,934.2,15.3,76,0.7,292.0,3.7,309.0,0.0,,,,,,,,,,2020-02-25T07:28:00,,,,0,,,,,,,,,,,,,,
2020-02-25 09:00:00,934.1,19.4,68,0.5,77.0,3.6,333.0,0.0,,,,,,,,,,2020-02-25T08:09:00,,,,0,,,,,,,,,,,,,,
2020-02-25 10:00:00,933.8,21.0,61,1.3,81.0,3.2,99.0,0.0,,,,,,,,,,2020-02-25T09:47:00,,,,0,,,,,,,,,,,,,,
2020-02-25 11:00:00,933.0,22.5,66,0.9,89.0,3.8,76.0,0.0,,,,,,,,,,2020-02-25T10:52:00,,,,0,,,,,,,,,,,,,,
2020-02-25 12:00:00,932.0,22.8,67,1.9,50.0,5.2,1.0,0.0,,,,,,,,,,2020-02-25T11:57:00,,,,0,,,,,,,,,,,,,,
2020-02-25 13:00:00,931.2,23.5,68,1.4,14.0,4.9,59.0,0.0,,,,,,,,,,2020-02-25T13:00:00,,,,0,,,,,,,,,,,,,,
2020-02-25 14:00:00,930.6,21.7,74,1.2,107.0,7.1,65.0,0.0,,,,,,,,,,2020-02-25T13:48:00,,,,0,,,,,,,,,,,,,,
2020-02-25 15:00:00,930.2,21.5,76,1.8,106.0,5.2,82.0,0.0,,,,,,,,,,2020-02-25T14:59:00,,,,0,,,,,,,,,,,,,,
2020-02-25 16:00:00,930.5,21.1,79,0.8,240.0,4.6,61.0,0.0,,,,,,,,,,2020-02-25T15:04:00,,,,0,,,,,,,,,,,,,,
2020-02-25 17:00:00,930.9,20.3,83,1.3,86.0,4.6,102.0,0.0,,,,,,,,,,2020-02-25T16:55:00,,,,0,,,,,,,,,,,,,,
2020-02-25 18:00:00,931.2,19.6,88,0.2,0.0,3.5,110.0,0.0,,,,,,,,,,2020-02-25T17:23:00,,,,0,,,,,,,,,,,,,,
2020-02-25 19:00:00,931.6,19.1,91,0.5,149.0,2.2,221.0,0.0,,,,,,,,,,2020-02-25T18:24:00,,,,0,,,,,,,,,,,,,,
2020-02-25 20:00:00,932.0,18.3,94,0.8,144.0,1.6,145.0,0.0,,,,,,,,,,2020-02-25T19:54:00,,,,0,,,,,,,,,,,,,,
2020-02-25 21:00:00,932.4,17.7,94,1.7,200.0,2.1,206.0,0.0,,,,,,,,,,2020-02-25T20:46:00,,,,0,,,,,,,,,,,,,,
2020-02-25 22:00:00,932.4,17.0,95,1.4,209.0,2.2,196.0,0.0,,,,,,,,,,2020-02-25T21:59:00,,,,0,,,,,,,,,,,,,,
2020-02-25 23:00:00,932.4,16.0,94,1.8,210.0,2.6,210.0,0.0,,,,,,,,,,2020-02-25T22:58:00,,,,0,,,,,,,,,,,,,,
2020-02-26 00:00:00,932.3,15.2,88,1.6,228.0,2.7,226.0,0.0,,,,,,,,,,2020-02-25T23:45:00,,,,0,,,,,,,,,,,,,,
2020-02-26 01:00:00,931.9,15.5,80,0.5,260.0,3.2,334.0,0.0,,,,,,,,,,2020-02-26T00:22:00,,,,0,,,,,,,,,,,,,,
2020-02-26 02:00:00,931.5,14.4,83,1.0,226.0,3.2,285.0,0.0,,,,,,,,,,2020-02-26T01:05:00,,,,0,,,,,,,,,,,,,,
2020-02-26 03:00:00,931.3,13.7,84,1.0,223.0,3.0,298.0,0.0,,,,,,,,,,2020-02-26T02:12:00,,,,0,,,,,,,,,,,,,,
2020-02-26 04:00:00,931.4,12.8,86,1.4,208.0,2.7,206.0,0.0,,,,,,,,,,2020-02-26T03:09:00,,,,0,,,,,,,,,,,,,,
2020-02-26 05:00:00,931.7,12.6,84,1.5,217.0,2.3,199.0,0.0,,,,,,,,,,2020-02-26T05:00:00,,,,0,,,,,,,,,,,,,,
2020-02-26 06:00:00,932.5,12.4,84,1.2,216.0,2.8,209.0,0.0,,,,,,,,,,2020-02-26T05:40:00,,,,0,,,,,,,,,,,,,,
2020-02-26 07:00:00,933.3,13.1,82,1.0,209.0,2.0,212.0,0.0,,,,,,,,,,2020-02-26T06:22:00,,,,0,,,,,,,,,,,,,,
2020-02-26 08:00:00,933.4,18.0,69,0.4,61.0,1.2,218.0,0.0,,,,,,,,,,2020-02-26T07:03:00,,,,0,,,,,,,,,,,,,,
2020-02-26 09:00:00,933.4,20.4,56,0.6,43.0,1.5,29.0,0.0,,,,,,,,,,2020-02-26T09:00:00,,,,0,,,,,,,,,,,,,,
2020-02-26 10:00:00,933.3,21.3,61,1.2,102.0,5.0,88.0,0.0,,,,,,,,,,2020-02-26T09:49:00,,,,0,,,,,,,,,,,,,,
2020-02-26 11:00:00,932.7,22.5,62,0.9,16.0,5.3,54.0,0.0,,,,,,,,,,2020-02-26T10:41:00,,,,0,,,,,,,,,,,,,,
2020-02-26 12:00:00,931.9,22.8,59,1.9,88.0,6.5,180.0,0.0,,,,,,,,,,2020-02-26T11:50:00,,,,0,,,,,,,,,,,,,,
2020-02-26 13:00:00,931.1,22.7,62,1.2,89.0,5.8,90.0,0.0,,,,,,,,,,2020-02-26T12:02:00,,,,0,,,,,,,,,,,,,,
2020-02-26 14:00:00,930.3,22.0,66,1.5,62.0,6.1,123.0,0.0,,,,,,,,,,2020-02-26T13:41:00,,,,0,,,,,,,,,,,,,,
2020-02-26 15:00:00,930.4,21.6,72,1.4,74.0,7.3,101.0,0.0,,,,,,,,,,2020-02-26T14:10:00,,,,0,,,,,,,,,,,,,,
2020-02-26 16:00:00,930.8,21.0,76,1.4,73.0,6.3,59.0,0.0,,,,,,,,,,2020-02-26T15:38:00,,,,0,,,,,,,,,,,,,,
2020-02-26 17:00:00,931.3,20.5,78,0.4,71.0,4.1,60.0,0.0,,,,,,,,,,2020-02-26T16:40:00,,,,0,,,,,,,,,,,,,,
2020-02-26 18:00:00,931.8,19.7,82,0.7,154.0,3.8,55.0,0.0,,,,,,,,,,2020-02-26T17:15:00,,,,0,,,,,,,,,,,,,,
2020-02-26 19:00:00,932.2,19.2,84,0.7,147.0,1.8,110.0,0.0,,,,,,,,,,2020-02-26T18:53:00,,,,0,,,,,,,,,,,,,,
2020-02-26 20:00:00,933.0,18.8,87,1.2,158.0,1.9,162.0,0.0,,,,,,,,,,2020-02-26T19:50:00,,,,0,,,,,,,,,,,,,,
2020-02-26 21:00:00,933.5,18.4,92,0.6,170.0,2.6,153.0,0.0,,,,,,,,,,2020-02-26T20:15:00,,,,0,,,,,,,,,,,,,,
2020-02-26 22:00:00,933.6,17.9,93,0.6,160.0,2.1,168.0,0.0,,,,,,,,,,2020-02-26T21:28:00,,,,0,,,,,,,,,,,,,,
2020-02-26 23:00:00,933.8,16.5,92,1.8,207.0,2.2,215.0,0.0,,,,,,,,,,2020-02-26T22:40:00,,,,0,,,,,,,,,,,,,,
2020-02-27 00:00:00,933.2,16.2,93,1.7,219.0,2.8,222.0,0.0,,,,,,,,,,2020-02-26T23:56:00,,,,0,,,,,,,,,,,,,,
2020-02-27 01:00:00,932.8,15.6,95,1.5,205.0,2.0,206.0,0.0,,,,,,,,,,2020-02-27T00:02:00,,,,0,,,,,,,,,,,,,,
2020-02-27 02:00:00,932.7,15.9,94,0.7,247.0,1.6,203.0,0.0,,,,,,,,,,2020-02-27T01:01:00,,,,0,,,,,,,,,,,,,,
2020-02-27 03:00:00,932.3,14.9,95,1.5,221.0,2.5,232.0,0.0,,,,,,,,,,2020-02-27T02:41:00,,,,0,,,,,,,,,,,,,,
2020-02-27 04:00:00,932.3,14.3,93,1.3,229.0,2.4,225.0,0.0,,,,,,,,,,2020-02-27T03:28:00,,,,0,,,,,,,,,,,,,,
2020-02-27 05:00:00,932.8,13.9,92,0.7,228.0,2.8,199.0,0.0,,,,,,,,,,2020-02-27T04:27:00,,,,0,,,,,,,,,,,,,,
2020-02-27 06:00:00,933.0,14.5,83,0.7,251.0,2.6,247.0,0.0,,,,,,,,,,2020-02-27T05:22:00,,,,0,,,,,,,,,,,,,,
2020-02-27 07:00:00,933.8,14.6,90,0.8,227.0,2.0,202.0,0.0,,,,,,,,,,2020-02-27T06:22:00,,,,0,,,,,,,,,,,,,,
2020-02-27 08:00:00,934.3,16.1,78,0.3,276.0,1.8,221.0,0.0,,,,,,,,,,2020-02-27T07:04:00,,,,0,,,,,,,,,,,,,,
2020-02-27 09:00:00,934.4,17.8,75,0.7,56.0,1.9,58.0,0.0,,,,,,,,,,2020-02-27T08:55:00,,,,0,,,,,,,,,,,,,,
2020-02-27 10:00:00,934.6,18.7,81,2.0,111.0,4.6,98.0,0.0,,,,,,,,,,2020-02-27T09:57:00,,,,0,,,,,,,,,,,,,,
2020-02-27 11:00:00,934.1,18.7,83,2.5,97.0,6.5,97.0,0.0,,,,,,,,,,2020-02-27T10:59:00,,,,0,,,,,,,,,,,,,,
2020-02-27 12:00:00,933.8,18.6,82,1.4,73.0,6.2,105.0,0.0,,,,,,,,,,2020-02-27T11:06:00,,,,0,,,,,,,,,,,,,,
2020-02-27 13:00:00,933.3,19.3,80,0.8,133.0,4.4,91.0,0.0,,,,,,,,,,2020-02-27T12:04:00,,,,0,,,,,,,,,,,,,,
2020-02-27 14:00:00,932.7,19.2,79,0.9,82.0,4.9,88.0,0.0,,,,,,,,,,2020-02-27T13:01:00,,,,0,,,,,,,,,,,,,,
2020-02-27 15:00:00,932.6,18.3,81,1.4,137.0,4.1,29.0,0.0,,,,,,,,,,2020-02-27T14:02:00,,,,0,,,,,,,,,,,,,,
2020-02-27 16:00:00,932.9,17.5,86,1.4,122.0,3.7,113.0,0.0,,,,,,,,,,2020-02-27T15:18:00,,,,0,,,,,,,,,,,,,,
2020-02-27 17:00:00,933.1,16.7,90,1.8,138.0,3.9,128.0,0.0,,,,,,,,,,2020-02-27T16:08:00,,,,0,,,,,,,,,,,,,,
2020-02-27 18:00:00,933.4,16.3,93,0.1,0.0,3.3,103.0,0.0,,,,,,,,,,2020-02-27T17:23:00,,,,0,,,,,,,,,,,,,,
2020-02-27 19:00:00,933.6,16.1,94,0.0,0.0,1.3,100.0,0.0,,,,,,,,,,2020-02-27T18:14:00,,,,0,,,,,,,,,,,,,,
2020-02-27 20:00:00,934.2,15.8,97,0.1,0.0,0.7,102.0,0.0,,,,,,,,,,2020-02-27T19:21:00,,,,0,,,,,,,,,,,,,,
2020-02-27 21:00:00,934.4,15.9,96,0.6,219.0,1.3,222.0,0.0,,,,,,,,,,2020-02-27T20:55:00,,,,0,,,,,,,,,,,,,,
2020-02-27 22:00:00,934.3,15.6,97,0.5,212.0,1.0,236.0,0.0,,,,,,,,,,2020-02-27T22:00:00,,,,0,,,,,,,,,,,,,,
2020-02-27 23:00:00,934.1,15.4,96,0.8,209.0,1.5,189.0,0.0,,,,,,,,,,2020-02-27T22:59:00,,,,0,,,,,,,,,,,,,,
2020-02-28 00:00:00,933.8,14.4,97,1.0,192.0,2.1,213.0,0.0,,,,,,,,,,2020-02-27T23:35:00,,,,0,,,,,,,,,,,,,,
2020-02-28 01:00:00,933.2,14.7,97,0.7,202.0,1.9,230.0,0.0,,,,,,,,,,2020-02-28T00:21:00,,,,0,,,,,,,,,,,,,,
2020-02-28 02:00:00,932.7,14.2,96,0.6,202.0,2.4,230.0,0.0,,,,,,,,,,2020-02-28T01:30:00,,,,0,,,,,,,,,,,,,,
2020-02-28 03:00:00,932.2,13.6,94,0.9,221.0,2.2,191.0,0.0,,,,,,,,,,2020-02-28T02:24:00,,,,0,,,,,,,,,,,,,,
2020-02-28 04:00:00,932.0,13.5,92,1.2,223.0,2.6,246.0,0.0,,,,,,,,,,2020-02-28T03:51:00,,,,0,,,,,,,,,,,,,,
2020-02-28 05:00:00,931.9,13.4,90,0.8,230.0,2.5,233.0,0.0,,,,,,,,,,2020-02-28T04:15:00,,,,0,,,,,,,,,,,,,,
2020-02-28 06:00:00,932.3,12.7,92,1.4,225.0,2.5,230.0,0.0,,,,,,,,,,2020-02-28T05:27:00,,,,0,,,,,,,,,,,,,,
2020-02-28 07:00:00,932.7,13.5,89,0.4,253.0,2.6,205.0,0.0,,,,,,,,,,2020-02-28T06:26:00,,,,0,,,,,,,,,,,,,,
2020-02-28 08:00:00,932.7,16.9,78,0.4,35.0,1.3,289.0,0.0,,,,,,,,,,2020-02-28T07:09:00,,,,0,,,,,,,,,,,,,,
2020-02-28 09:00:00,932.7,19.3,65,0.3,357.0,1.5,32.0,0.0,,,,,,,,,,2020-02-28T08:11:00,,,,0,,,,,,,,,,,,,,
2020-02-28 10:00:00,932.8,20.6,62,1.1,26.0,4.4,54.0,0.0,,,,,,,,,,2020-02-28T09:55:00,,,,0,,,,,,,,,,,,,,
2020-02-28 11:00:00,932.1,21.8,62,1.2,38.0,4.2,24.0,0.0,,,,,,,,,,2020-02-28T10:02:00,,,,0,,,,,,,,,,,,,,
2020-02-28 12:00:00,931.3,21.6,67,2.0,66.0,6.6,68.0,0.0,,,,,,,,,,2020-02-28T11:58:00,,,,0,,,,,,,,,,,,,,
2020-02-28 13:00:00,930.4,22.2,66,0.4,349.0,5.1,33.0,0.0,,,,,,,,,,2020-02-28T12:01:00,,,,0,,,,,,,,,,,,,,
2020-02-28 14:00:00,929.5,21.5,70,1.0,41.0,4.8,57.0,0.0,,,,,,,,,,2020-02-28T13:51:00,,,,0,,,,,,,,,,,,,,
2020-02-28 15:00:00,929.2,21.4,71,2.2,103.0,6.8,137.0,0.0,,,,,,,,,,2020-02-28T14:56:00,,,,0,,,,,,,,,,,,,,
2020-02-28 16:00:00,929.6,20.3,77,1.8,77.0,5.8,105.0,0.0,,,,,,,,,,2020-02-28T15:59:00,,,,0,,,,,,,,,,,,,,
2020-02-28 17:00:00,929.9,19.5,84,1.8,134.0,4.7,133.0,0.0,,,,,,,,,,2020-02-28T16:04:00,,,,0,,,,,,,,,,,,,,
2020-02-28 18:00:00,930.1,18.8,88,1.1,191.0,3.3,204.0,0.0,,,,,,,,,,2020-02-28T17:05:00,,,,0,,,,,,,,,,,,,,
2020-02-28 19:00:00,930.6,18.2,91,0.6,156.0,2.7,195.0,0.0,,,,,,,,,,2020-02-28T18:07:00,,,,0,,,,,,,,,,,,,,
2020-02-28 20:00:00,931.2,17.9,92,1.1,165.0,2.4,159.0,0.0,,,,,,,,,,2020-02-28T19:47:00,,,,0,,,,,,,,,,,,,,
2020-02-28 21:00:00,931.5,17.5,95,0.2,0.0,1.5,190.0,0.0,,,,,,,,,,2020-02-28T20:40:00,,,,0,,,,,,,,,,,,,,
2020-02-28 22:00:00,931.7,16.5,96,0.9,221.0,1.4,212.0,0.0,,,,,,,,,,2020-02-28T21:56:00,,,,0,,,,,,,,,,,,,,
2020-02-28 23:00:00,931.5,16.2,96,1.5,226.0,2.5,228.0,0.0,,,,,,,,,,2020-02-28T22:57:00,,,,0,,,,,,,,,,,,,,
2020-02-29 00:00:00,931.2,15.8,88,1.3,233.0,2.5,229.0,0.0,,,,,,,,,,2020-02-28T23:55:00,,,,0,,,,,,,,,,,,,,
2020-02-29 01:00:00,930.6,15.3,87,0.5,181.0,2.5,217.0,0.0,,,,,,,,,,2020-02-29T00:01:00,,,,0,,,,,,,,,,,,,,
2020-02-29 02:00:00,930.2,15.3,91,0.9,222.0,1.9,233.0,0.0,,,,,,,,,,2020-02-29T01:21:00,,,,0,,,,,,,,,,,,,,
2020-02-29 03:00:00,929.8,16.2,79,1.3,227.0,3.2,220.0,0.0,,,,,,,,,,2020-02-29T02:55:00,,,,0,,,,,,,,,,,,,,
2020-02-29 04:00:00,929.5,15.7,83,0.6,265.0,2.0,198.0,0.0,,,,,,,,,,2020-02-29T03:45:00,,,,0,,,,,,,,,,,,,,
2020-02-29 05:00:00,929.8,15.5,86,1.0,227.0,1.9,213.0,0.0,,,,,,,,,,2020-02-29T04:34:00,,,,0,,,,,,,,,,,,,,
2020-02-29 06:00:00,929.8,15.2,88,0.5,215.0,2.3,210.0,0.0,,,,,,,,,,2020-02-29T05:42:00,,,,0,,,,,,,,,,,,,,
2020-02-29 07:00:00,930.2,15.6,86,1.0,219.0,2.5,206.0,0.0,,,,,,,,,,2020-02-29T06:04:00,,,,0,,,,,,,,,,,,,,
2020-02-29 08:00:00,930.6,16.8,81,0.7,92.0,1.9,238.0,0.0,,,,,,,,,,2020-02-29T07:08:00,,,,0,,,,,,,,,,,,,,
2020-02-29 09:00:00,931.1,18.0,77,0.8,92.0,2.2,62.0,0.0,,,,,,,,,,2020-02-29T08:45:00,,,,0,,,,,,,,,,,,,,
2020-02-29 10:00:00,930.6,18.7,84,1.0,138.0,3.0,152.0,0.0,,,,,,,,,,2020-02-29T09:59:00,,,,0,,,,,,,,,,,,,,
2020-02-29 11:00:00,930.1,21.3,72,1.0,46.0,2.8,82.0,0.0,,,,,,,,,,2020-02-29T10:59:00,,,,0,,,,,,,,,,,,,,
2020-02-29 12:00:00,929.0,22.3,71,1.5,54.0,5.1,53.0,0.0,,,,,,,,,,2020-02-29T11:42:00,,,,0,,,,,,,,,,,,,,
2020-02-29 13:00:00,928.0,21.4,72,1.5,134.0,7.3,96.0,0.0,,,,,,,,,,2020-02-29T12:44:00,,,,0,,,,,,,,,,,,,,
2020-02-29 14:00:00,927.1,21.3,74,1.6,170.0,4.3,120.0,0.0,,,,,,,,,,2020-02-29T13:33:00,,,,0,,,,,,,,,,,,,,
2020-02-29 15:00:00,926.9,21.1,75,1.8,108.0,5.7,94.0,0.0,,,,,,,,,,2020-02-29T14:40:00,,,,0,,,,,,,,,,,,,,
2020-02-29 16:00:00,926.9,20.7,77,1.3,57.0,4.8,63.0,0.0,,,,,,,,,,2020-02-29T15:56:00,,,,0,,,,,,,,,,,,,,
2020-02-29 17:00:00,927.3,19.7,84,1.3,212.0,5.0,87.0,0.0,,,,,,,,,,2020-02-29T16:16:00,,,,0,,,,,,,,,,,,,,
2020-02-29 18:00:00,927.5,18.9,87,1.4,174.0,3.6,125.0,0.0,,,,,,,,,,2020-02-29T17:32:00,,,,0,,,,,,,,,,,,,,
2020-02-29 19:00:00,927.9,18.0,92,1.3,157.0,2.7,140.0,0.0,,,,,,,,,,2020-02-29T18:27:00,,,,0,,,,,,,,,,,,,,
2020-02-29 20:00:00,928.3,18.0,94,0.0,0.0,1.9,147.0,0.0,,,,,,,,,,2020-02-29T19:20:00,,,,0,,,,,,,,,,,,,,
2020-02-29 21:00:00,928.7,17.6,96,1.0,175.0,2.1,122.0,0.0,,,,,,,,,,2020-02-29T20:14:00,,,,0,,,,,,,,,,,,,,
2020-02-29 22:00:00,928.7,17.5,98,0.4,248.0,1.5,170.0,0.0,,,,,,,,,,2020-02-29T21:01:00,,,,0,,,,,,,,,,,,,,
2020-02-29 23:00:00,928.1,17.2,98,0.4,180.0,1.0,250.0,0.0,,,,,,,,,,2020-02-29T22:01:00,,,,0,,,,,,,,,,,,,,
2020-03-01 00:00:00,927.8,17.2,99,0.6,229.0,1.6,222.0,0.0,,,,,,,,,,2020-03-01T00:00:00,,,,0,,,,,,,,,,,,,,
2020-03-01 01:00:00,927.6,17.0,98,0.7,194.0,1.6,234.0,0.0,,,,,,,,,,2020-03-01T00:07:00,,,,0,,,,,,,,,,,,,,
2020-03-01 02:00:00,927.4,16.9,99,0.1,0.0,1.8,160.0,0.0,,,,,,,,,,2020-03-01T01:09:00,,,,0,,,,,,,,,,,,,,
2020-03-01 03:00:00,926.7,16.5,97,1.1,208.0,1.7,222.0,0.0,,,,,,,,,,2020-03-01T02:57:00,,,,0,,,,,,,,,,,,,,
2020-03-01 04:00:00,926.8,15.8,98,0.9,198.0,2.3,194.0,0.0,,,,,,,,,,2020-03-01T03:27:00,,,,0,,,,,,,,,,,,,,
2020-03-01 05:00:00,927.0,16.5,96,0.2,0.0,1.3,218.0,0.0,,,,,,,,,,2020-03-01T04:40:00,,,,0,,,,,,,,,,,,,,
2020-03-01 06:00:00,927.3,15.2,96,1.2,203.0,1.8,205.0,0.0,,,,,,,,,,2020-03-01T05:15:00,,,,0,,,,,,,,,,,,,,
2020-03-01 07:00:00,927.7,15.7,95,0.7,217.0,2.5,203.0,0.0,,,,,,,,,,2020-03-01T06:16:00,,,,0,,,,,,,,,,,,,,
2020-03-01 08:00:00,927.7,19.3,79,0.4,32.0,1.3,180.0,0.0,,,,,,,,,,2020-03-01T07:03:00,,,,0,,,,,,,,,,,,,,
2020-03-01 09:00:00,927.9,21.1,74,0.9,84.0,2.4,95.0,0.0,,,,,,,,,,2020-03-01T08:57:00,,,,0,,,,,,,,,,,,,,
2020-03-01 10:00:00,927.6,22.5,67,0.9,57.0,4.0,66.0,0.0,,,,,,,,,,2020-03-01T09:21:00,,,,0,,,,,,,,,,,,,,
2020-03-01 11:00:00,927.1,23.1,68,1.8,90.0,6.2,133.0,0.0,,,,,,,,,,2020-03-01T10:32:00,,,,0,,,,,,,,,,,,,,
2020-03-01 12:00:00,926.7,24.2,62,1.5,39.0,5.7,91.0,0.0,,,,,,,,,,2020-03-01T11:04:00,,,,0,,,,,,,,,,,,,,
2020-03-01 13:00:00,925.9,24.2,62,1.7,52.0,7.2,70.0,0.0,,,,,,,,,,2020-03-01T12:56:00,,,,0,,,,,,,,,,,,,,
2020-03-01 14:00:00,925.3,23.4,66,1.4,51.0,7.1,39.0,0.0,,,,,,,,,,2020-03-01T13:10:00,,,,0,,,,,,,,,,,,,,
2020-03-01 15:00:00,925.1,22.7,70,1.1,82.0,6.9,99.0,0.0,,,,,,,,,,2020-03-01T14:33:00,,,,0,,,,,,,,,,,,,,
2020-03-01 16:00:00,925.6,22.0,74,1.4,102.0,5.7,124.0,0.0,,,,,,,,,,2020-03-01T15:34:00,,,,0,,,,,,,,,,,,,,
2020-03-01 17:00:00,926.4,20.8,79,1.3,94.0,5.8,73.0,0.0,,,,,,,,,,2020-03-01T16:20:00,,,,0,,,,,,,,,,,,,,
2020-03-01 18:00:00,927.3,19.6,84,1.4,172.0,3.6,183.0,0.0,,,,,,,,,,2020-03-01T17:08:00,,,,0,,,,,,,,,,,,,,
2020-03-01 19:00:00,927.8,18.4,87,1.0,186.0,2.5,231.0,0.0,,,,,,,,,,2020-03-01T18:05:00,,,,0,,,,,,,,,,,,,,
2020-03-01 20:00:00,928.5,18.2,89,0.9,145.0,2.0,117.0,0.0,,,,,,,,,,2020-03-01T19:40:00,,,,0,,,,,,,,,,,,,,
2020-03-01 21:00:00,929.5,18.0,93,1.1,140.0,2.4,184.0,0.0,,,,,,,,,,2020-03-01T20:18:00,,,,0,,,,,,,,,,,,,,
2020-03-01 22:00:00,929.9,17.6,95,0.3,308.0,2.0,186.0,0.0,,,,,,,,,,2020-03-01T21:02:00,,,,0,,,,,,,,,,,,,,
2020-03-01 23:00:00,929.9,17.2,97,0.3,242.0,1.1,267.0,0.0,,,,,,,,,,2020-03-01T22:36:00,,,,0,,,,,,,,,,,,,,
2020-03-02 00:00:00,929.9,16.6,91,1.6,208.0,2.3,209.0,0.0,,,,,,,,,,2020-03-01T23:54:00,,,,0,,,,,,,,,,,,,,
2020-03-02 01:00:00,929.8,16.2,92,1.8,210.0,2.7,203.0,0.0,,,,,,,,,,2020-03-02T00:15:00,,,,0,,,,,,,,,,,,,,
2020-03-02 02:00:00,929.6,15.4,93,1.2,207.0,2.6,215.0,0.0,,,,,,,,,,2020-03-02T01:06:00,,,,0,,,,,,,,,,,,,,
2020-03-02 03:00:00,929.4,15.4,96,0.7,199.0,1.9,203.0,0.0,,,,,,,,,,2020-03-02T02:07:00,,,,0,,,,,,,,,,,,,,
2020-03-02 04:00:00,929.6,16.0,97,0.7,124.0,1.6,135.0,0.0,,,,,,,,,,2020-03-02T03:52:00,,,,0,,,,,,,,,,,,,,
2020-03-02 05:00:00,930.2,15.4,98,1.0,120.0,3.0,134.0,0.0,,,,,,,,,,2020-03-02T04:58:00,,,,0,,,,,,,,,,,,,,
2020-03-02 06:00:00,931.0,14.8,98,1.1,127.0,3.5,143.0,0.0,,,,,,,,,,2020-03-02T05:33:00,,,,0,,,,,,,,,,,,,,
2020-03-02 07:00:00,931.9,14.4,96,1.3,145.0,3.5,126.0,0.0,,,,,,,,,,2020-03-02T06:13:00,,,,0,,,,,,,,,,,,,,
2020-03-02 08:00:00,932.6,14.4,94,1.4,104.0,4.6,90.0,0.0,,,,,,,,,,2020-03-02T07:54:00,,,,0,,,,,,,,,,,,,,
2020-03-02 09:00:00,933.2,14.5,93,1.2,135.0,3.3,86.0,0.0,,,,,,,,,,2020-03-02T08:03:00,,,,0,,,,,,,,,,,,,,
2020-03-02 10:00:00,933.4,15.7,87,1.3,107.0,3.7,70.0,0.0,,,,,,,,,,2020-03-02T09:49:00,,,,0,,,,,,,,,,,,,,
2020-03-02 11:00:00,933.2,16.5,82,1.0,62.0,3.9,71.0,0.0,,,,,,,,,,2020-03-02T10:03:00,,,,0,,,,,,,,,,,,,,
2020-03-02 12:00:00,932.5,16.0,84,1.8,120.0,4.2,112.0,0.0,,,,,,,,,,2020-03-02T11:59:00,,,,0,,,,,,,,,,,,,,
2020-03-02 13:00:00,931.5,16.7,80,1.2,73.0,3.7,73.0,0.0,,,,,,,,,,2020-03-02T12:08:00,,,,0,,,,,,,,,,,,,,
2020-03-02 14:00:00,930.8,16.8,79,1.7,89.0,4.0,86.0,0.0,,,,,,,,,,2020-03-02T13:53:00,,,,0,,,,,,,,,,,,,,
2020-03-02 15:00:00,930.5,16.9,79,1.2,74.0,4.1,85.0,0.0,,,,,,,,,,2020-03-02T14:07:00,,,,0,,,,,,,,,,,,,,
2020-03-02 16:00:00,930.8,15.8,84,1.0,113.0,4.7,69.0,0.0,,,,,,,,,,2020-03-02T15:01:00,,,,0,,,,,,,,,,,,,,
2020-03-02 17:00:00,931.4,15.1,87,1.2,130.0,3.4,80.0,0.0,,,,,,,,,,2020-03-02T16:34:00,,,,0,,,,,,,,,,,,,,
2020-03-02 18:00:00,932.0,14.1,92,1.6,143.0,3.2,179.0,0.0,,,,,,,,,,2020-03-02T17:33:00,,,,0,,,,,,,,,,,,,,
2020-03-02 19:00:00,932.5,13.9,94,0.5,144.0,2.2,127.0,0.0,,,,,,,,,,2020-03-02T18:03:00,,,,0,,,,,,,,,,,,,,
2020-03-02 20:00:00,933.0,13.7,96,0.0,0.0,1.1,153.0,0.0,,,,,,,,,,2020-03-02T19:02:00,,,,0,,,,,,,,,,,,,,
2020-03-02 21:00:00,933.6,13.8,97,0.1,0.0,0.9,91.0,0.0,,,,,,,,,,2020-03-02T20:06:00,,,,0,,,,,,,,,,,,,,
2020-03-02 22:00:00,934.0,13.7,98,0.5,236.0,1.0,200.0,0.0,,,,,,,,,,2020-03-02T21:58:00,,,,0,,,,,,,,,,,,,,
2020-03-02 23:00:00,933.9,13.8,97,0.0,0.0,1.2,228.0,0.0,,,,,,,,,,2020-03-02T22:02:00,,,,0,,,,,,,,,,,,,,
2020-03-03 00:00:00,933.4,13.8,97,0.1,0.0,0.8,316.0,0.0,,,,,,,,,,2020-03-02T23:09:00,,,,0,,,,,,,,,,,,,,
2020-03-03 01:00:00,933.1,13.8,98,0.7,110.0,1.3,114.0,0.0,,,,,,,,,,2020-03-03T00:57:00,,,,0,,,,,,,,,,,,,,
2020-03-03 02:00:00,932.6,13.7,98,0.1,0.0,1.1,113.0,0.0,,,,,,,,,,2020-03-03T01:02:00,,,,0,,,,,,,,,,,,,,
2020-03-03 03:00:00,932.3,13.7,99,0.2,0.0,0.9,200.0,0.0,,,,,,,,,,2020-03-03T02:22:00,,,,0,,,,,,,,,,,,,,
2020-03-03 04:00:00,932.3,13.7,98,0.3,215.0,0.8,222.0,0.0,,,,,,,,,,2020-03-03T03:42:00,,,,0,,,,,,,,,,,,,,
2020-03-03 05:00:00,932.7,13.7,99,0.6,241.0,1.0,233.0,0.0,,,,,,,,,,2020-03-03T04:53:00,,,,0,,,,,,,,,,,,,,
2020-03-03 06:00:00,932.9,12.6,96,1.0,197.0,1.6,211.0,0.0,,,,,,,,,,2020-03-03T05:59:00,,,,0,,,,,,,,,,,,,,
2020-03-03 07:00:00,933.7,13.0,94,1.2,209.0,2.4,200.0,0.0,,,,,,,,,,2020-03-03T06:06:00,,,,0,,,,,,,,,,,,,,
2020-03-03 08:00:00,934.0,16.3,84,0.3,12.0,1.5,210.0,0.0,,,,,,,,,,2020-03-03T07:01:00,,,,0,,,,,,,,,,,,,,
2020-03-03 09:00:00,934.1,17.4,76,1.2,81.0,2.7,81.0,0.0,,,,,,,,,,2020-03-03T08:35:00,,,,0,,,,,,,,,,,,,,
2020-03-03 10:00:00,933.6,19.9,65,1.2,65.0,3.1,62.0,0.0,,,,,,,,,,2020-03-03T09:26:00,,,,0,,,,,,,,,,,,,,
2020-03-03 11:00:00,932.8,20.6,64,1.9,52.0,4.7,70.0,0.0,,,,,,,,,,2020-03-03T10:59:00,,,,0,,,,,,,,,,,,,,
2020-03-03 12:00:00,931.9,20.7,62,1.7,84.0,7.3,66.0,0.0,,,,,,,,,,2020-03-03T11:20:00,,,,0,,,,,,,,,,,,,,
2020-03-03 13:00:00,930.7,21.5,62,1.7,38.0,6.4,104.0,0.0,,,,,,,,,,2020-03-03T12:13:00,,,,0,,,,,,,,,,,,,,
2020-03-03 14:00:00,930.0,20.7,67,1.9,64.0,7.7,76.0,0.0,,,,,,,,,,2020-03-03T13:55:00,,,,0,,,,,,,,,,,,,,
2020-03-03 15:00:00,929.8,19.2,74,2.5,76.0,7.0,81.0,0.0,,,,,,,,,,2020-03-03T15:00:00,,,,0,,,,,,,,,,,,,,
2020-03-03 16:00:00,930.0,18.1,82,1.3,104.0,6.6,60.0,0.0,,,,,,,,,,2020-03-03T15:06:00,,,,0,,,,,,,,,,,,,,
2020-03-03 17:00:00,930.4,17.2,87,0.9,54.0,4.3,80.0,0.0,,,,,,,,,,2020-03-03T16:08:00,,,,0,,,,,,,,,,,,,,
2020-03-03 18:00:00,931.0,16.3,92,0.7,150.0,3.6,119.0,0.0,,,,,,,,,,2020-03-03T17:22:00,,,,0,,,,,,,,,,,,,,
2020-03-03 19:00:00,931.7,15.6,99,0.5,141.0,2.4,209.0,0.0,,,,,,,,,,2020-03-03T18:33:00,,,,0,,,,,,,,,,,,,,
2020-03-03 20:00:00,932.1,15.4,99,0.8,131.0,1.7,118.0,0.0,,,,,,,,,,2020-03-03T19:15:00,,,,0,,,,,,,,,,,,,,
2020-03-03 21:00:00,932.7,15.2,100,0.5,132.0,1.6,76.0,0.0,,,,,,,,,,2020-03-03T20:25:00,,,,0,,,,,,,,,,,,,,
2020-03-03 22:00:00,932.9,15.1,100,0.1,0.0,2.2,104.0,0.0,,,,,,,,,,2020-03-03T21:05:00,,,,0,,,,,,,,,,,,,,
2020-03-03 23:00:00,932.7,15.2,100,0.0,0.0,1.5,129.0,0.0,,,,,,,,,,2020-03-03T22:13:00,,,,0,,,,,,,,,,,,,,
2020-03-04 00:00:00,932.4,15.1,100,0.1,0.0,1.1,119.0,0.0,,,,,,,,,,2020-03-03T23:25:00,,,,0,,,,,,,,,,,,,,
2020-03-04 01:00:00,931.8,14.7,100,0.3,220.0,0.7,177.0,0.5,,,,,,,,,,2020-03-04T00:45:00,,,,0,,,,,,,,,,,,,,
2020-03-04 02:00:00,931.4,14.5,98,0.4,228.0,1.3,240.0,0.0,,,,,,,,,,2020-03-04T01:53:00,,,,0,,,,,,,,,,,,,,
2020-03-04 03:00:00,931.4,13.4,96,1.3,218.0,2.1,198.0,0.0,,,,,,,,,,2020-03-04T02:36:00,,,,0,,,,,,,,,,,,,,
2020-03-04 04:00:00,931.3,13.3,94,1.0,233.0,2.8,324.0,0.0,,,,,,,,,,2020-03-04T03:42:00,,,,0,,,,,,,,,,,,,,
2020-03-04 05:00:00,931.4,12.1,98,1.3,215.0,2.8,203.0,0.0,,,,,,,,,,2020-03-04T04:17:00,,,,0,,,,,,,,,,,,,,
2020-03-04 06:00:00,932.1,12.6,94,1.3,243.0,3.1,239.0,0.0,,,,,,,,,,2020-03-04T06:00:00,,,,0,,,,,,,,,,,,,,
2020-03-04 07:00:00,932.7,12.5,96,1.0,229.0,2.7,258.0,0.0,,,,,,,,,,2020-03-04T06:01:00,,,,0,,,,,,,,,,,,,,
2020-03-04 08:00:00,932.8,14.2,92,0.1,0.0,1.9,310.0,0.0,,,,,,,,,,2020-03-04T07:35:00,,,,0,,,,,,,,,,,,,,
2020-03-04 09:00:00,932.7,17.1,79,0.4,358.0,1.3,209.0,0.0,,,,,,,,,,2020-03-04T08:33:00,,,,0,,,,,,,,,,,,,,
2020-03-04 10:00:00,932.3,19.9,75,0.9,66.0,2.9,85.0,0.0,,,,,,,,,,2020-03-04T09:46:00,,,,0,,,,,,,,,,,,,,
2020-03-04 11:00:00,931.5,21.1,66,2.6,73.0,6.5,101.0,0.0,,,,,,,,,,2020-03-04T10:59:00,,,,0,,,,,,,,,,,,,,
2020-03-04 12:00:00,930.7,21.6,66,2.4,64.0,7.8,23.0,0.0,,,,,,,,,,2020-03-04T11:57:00,,,,0,,,,,,,,,,,,,,
2020-03-04 13:00:00,930.0,20.7,73,1.6,67.0,6.9,72.0,0.0,,,,,,,,,,2020-03-04T12:31:00,,,,0,,,,,,,,,,,,,,
2020-03-04 14:00:00,929.2,20.5,73,1.3,64.0,6.4,86.0,0.0,,,,,,,,,,2020-03-04T13:17:00,,,,0,,,,,,,,,,,,,,
2020-03-04 15:00:00,928.8,19.8,79,1.5,92.0,6.6,96.0,0.0,,,,,,,,,,2020-03-04T15:00:00,,,,0,,,,,,,,,,,,,,
2020-03-04 16:00:00,929.3,18.6,85,0.8,104.0,5.1,103.0,0.0,,,,,,,,,,2020-03-04T15:01:00,,,,0,,,,,,,,,,,,,,
2020-03-04 17:00:00,929.5,18.3,88,0.4,119.0,2.5,69.0,0.0,,,,,,,,,,2020-03-04T16:03:00,,,,0,,,,,,,,,,,,,,
2020-03-04 18:00:00,929.5,17.5,96,0.8,149.0,2.9,138.0,0.0,,,,,,,,,,2020-03-04T17:29:00,,,,0,,,,,,,,,,,,,,
2020-03-04 19:00:00,930.3,15.8,98,1.2,113.0,3.0,80.0,0.0,,,,,,,,,,2020-03-04T18:58:00,,,,0,,,,,,,,,,,,,,
2020-03-04 20:00:00,931.0,14.7,99,2.0,139.0,4.6,123.0,0.0,,,,,,,,,,2020-03-04T19:49:00,,,,0,,,,,,,,,,,,,,
2020-03-04 21:00:00,932.0,14.3,99,1.7,149.0,3.7,152.0,0.5,,,,,,,,,,2020-03-04T20:28:00,,,,0,,,,,,,,,,,,,,
2020-03-04 22:00:00,932.0,14.3,100,0.0,0.0,3.0,143.0,0.0,,,,,,,,,,2020-03-04T21:01:00,,,,0,,,,,,,,,,,,,,
2020-03-04 23:00:00,931.9,14.1,100,0.1,0.0,0.9,75.0,0.0,,,,,,,,,,2020-03-04T22:01:00,,,,0,,,,,,,,,,,,,,
2020-03-05 00:00:00,932.1,13.6,100,1.0,106.0,2.7,129.0,0.0,,,,,,,,,,2020-03-04T23:20:00,,,,0,,,,,,,,,,,,,,
2020-03-05 01:00:00,931.3,13.3,100,1.0,133.0,2.5,105.0,0.0,,,,,,,,,,2020-03-05T00:16:00,,,,0,,,,,,,,,,,,,,
2020-03-05 02:00:00,931.3,12.9,100,0.9,53.0,3.5,124.0,0.0,,,,,,,,,,2020-03-05T01:29:00,,,,0,,,,,,,,,,,,,,
2020-03-05 03:00:00,931.3,12.7,100,0.7,115.0,3.6,104.0,0.0,,,,,,,,,,2020-03-05T02:47:00,,,,0,,,,,,,,,,,,,,
2020-03-05 04:00:00,931.1,12.5,100,0.8,113.0,2.6,103.0,0.5,,,,,,,,,,2020-03-05T03:01:00,,,,0,,,,,,,,,,,,,,
2020-03-05 05:00:00,931.4,12.3,99,1.1,134.0,2.7,121.0,0.0,,,,,,,,,,2020-03-05T04:52:00,,,,0,,,,,,,,,,,,,,
2020-03-05 06:00:00,932.3,12.1,99,0.9,159.0,2.7,145.0,0.0,,,,,,,,,,2020-03-05T05:12:00,,,,0,,,,,,,,,,,,,,
2020-03-05 07:00:00,932.9,12.1,100,0.4,88.0,2.2,99.0,0.0,,,,,,,,,,2020-03-05T06:14:00,,,,0,,,,,,,,,,,,,,
2020-03-05 08:00:00,933.7,12.0,100,1.1,127.0,2.9,106.0,0.5,,,,,,,,,,2020-03-05T07:44:00,,,,0,,,,,,,,,,,,,,
2020-03-05 09:00:00,933.9,12.6,98,1.4,104.0,2.6,87.0,0.0,,,,,,,,,,2020-03-05T08:52:00,,,,0,,,,,,,,,,,,,,
2020-03-05 10:00:00,934.1,13.8,94,1.1,61.0,3.4,113.0,0.0,,,,,,,,,,2020-03-05T09:08:00,,,,0,,,,,,,,,,,,,,
2020-03-05 11:00:00,933.4,15.1,86,0.7,59.0,3.4,24.0,0.0,,,,,,,,,,2020-03-05T10:24:00,,,,0,,,,,,,,,,,,,,
2020-03-05 12:00:00,932.2,15.9,82,1.7,77.0,4.4,74.0,0.0,,,,,,,,,,2020-03-05T11:55:00,,,,0,,,,,,,,,,,,,,
2020-03-05 13:00:00,931.3,16.0,84,0.9,97.0,4.8,87.0,0.0,,,,,,,,,,2020-03-05T12:46:00,,,,0,,,,,,,,,,,,,,
2020-03-05 14:00:00,930.4,15.7,81,0.8,43.0,4.3,63.0,0.0,,,,,,,,,,2020-03-05T13:40:00,,,,0,,,,,,,,,,,,,,
2020-03-05 15:00:00,930.5,14.7,86,0.5,40.0,4.8,82.0,0.0,,,,,,,,,,2020-03-05T14:10:00,,,,0,,,,,,,,,,,,,,
2020-03-05 16:00:00,930.7,14.0,90,0.5,100.0,2.5,38.0,0.0,,,,,,,,,,2020-03-05T15:08:00,,,,0,,,,,,,,,,,,,,
2020-03-05 17:00:00,931.3,13.1,94,0.7,157.0,3.0,103.0,0.0,,,,,,,,,,2020-03-05T16:12:00,,,,0,,,,,,,,,,,,,,
2020-03-05 18:00:00,931.8,12.7,95,0.5,124.0,2.5,151.0,0.0,,,,,,,,,,2020-03-05T17:01:00,,,,0,,,,,,,,,,,,,,
2020-03-05 19:00:00,932.4,12.5,98,0.1,0.0,1.4,88.0,0.0,,,,,,,,,,2020-03-05T18:32:00,,,,0,,,,,,,,,,,,,,
2020-03-05 20:00:00,933.0,12.3,99,0.0,0.0,1.4,347.0,0.0,,,,,,,,,,2020-03-05T19:13:00,,,,0,,,,,,,,,,,,,,
2020-03-05 21:00:00,933.4,12.1,100,0.1,0.0,0.6,97.0,0.0,,,,,,,,,,2020-03-05T20:01:00,,,,0,,,,,,,,,,,,,,
2020-03-05 22:00:00,933.5,12.1,100,0.0,0.0,0.6,285.0,0.0,,,,,,,,,,2020-03-05T21:22:00,,,,0,,,,,,,,,,,,,,
2020-03-05 23:00:00,933.6,12.2,100,0.2,0.0,0.9,323.0,0.0,,,,,,,,,,2020-03-05T22:01:00,,,,0,,,,,,,,,,,,,,
2020-03-06 00:00:00,933.3,12.3,100,0.3,215.0,1.1,305.0,0.0,,,,,,,,,,2020-03-05T23:41:00,,,,0,,,,,,,,,,,,,,
2020-03-06 01:00:00,932.5,12.0,100,0.7,193.0,1.1,197.0,0.0,,,,,,,,,,2020-03-06T00:54:00,,,,0,,,,,,,,,,,,,,
2020-03-06 02:00:00,932.1,11.5,99,1.1,203.0,1.8,199.0,0.0,,,,,,,,,,2020-03-06T01:59:00,,,,0,,,,,,,,,,,,,,
2020-03-06 03:00:00,931.9,11.7,100,0.8,223.0,1.7,198.0,0.0,,,,,,,,,,2020-03-06T02:01:00,,,,0,,,,,,,,,,,,,,
2020-03-06 04:00:00,931.6,12.0,100,0.3,153.0,1.1,225.0,0.0,,,,,,,,,,2020-03-06T03:06:00,,,,0,,,,,,,,,,,,,,
2020-03-06 05:00:00,931.6,12.0,100,0.5,234.0,1.4,227.0,0.0,,,,,,,,,,2020-03-06T04:48:00,,,,0,,,,,,,,,,,,,,
2020-03-06 06:00:00,931.9,12.2,100,0.4,233.0,1.3,232.0,0.0,,,,,,,,,,2020-03-06T05:27:00,,,,0,,,,,,,,,,,,,,
2020-03-06 07:00:00,932.1,12.6,99,0.4,157.0,1.1,215.0,0.0,,,,,,,,,,2020-03-06T06:08:00,,,,0,,,,,,,,,,,,,,
2020-03-06 08:00:00,932.6,13.4,96,0.2,0.0,1.4,287.0,0.0,,,,,,,,,,2020-03-06T07:39:00,,,,0,,,,,,,,,,,,,,
2020-03-06 09:00:00,933.0,14.4,94,0.3,6.0,1.3,80.0,0.0,,,,,,,,,,2020-03-06T08:45:00,,,,0,,,,,,,,,,,,,,
2020-03-06 10:00:00,932.7,16.8,78,1.2,44.0,2.8,33.0,0.0,,,,,,,,,,2020-03-06T09:51:00,,,,0,,,,,,,,,,,,,,
2020-03-06 11:00:00,931.8,17.1,72,1.4,66.0,4.4,99.0,0.0,,,,,,,,,,2020-03-06T11:00:00,,,,0,,,,,,,,,,,,,,
2020-03-06 12:00:00,931.1,17.5,72,0.9,133.0,3.7,49.0,0.0,,,,,,,,,,2020-03-06T11:37:00,,,,0,,,,,,,,,,,,,,
2020-03-06 13:00:00,930.1,18.5,73,0.3,6.0,4.4,99.0,0.0,,,,,,,,,,2020-03-06T12:10:00,,,,0,,,,,,,,,,,,,,
2020-03-06 14:00:00,929.1,18.7,71,0.8,124.0,4.3,11.0,0.0,,,,,,,,,,2020-03-06T13:43:00,,,,0,,,,,,,,,,,,,,
2020-03-06 15:00:00,928.7,18.1,73,0.9,85.0,3.8,184.0,0.0,,,,,,,,,,2020-03-06T14:31:00,,,,0,,,,,,,,,,,,,,
2020-03-06 16:00:00,928.9,17.4,77,0.9,14.0,3.6,14.0,0.0,,,,,,,,,,2020-03-06T15:53:00,,,,0,,,,,,,,,,,,,,
2020-03-06 17:00:00,929.2,17.2,81,0.7,43.0,2.7,13.0,0.0,,,,,,,,,,2020-03-06T16:54:00,,,,0,,,,,,,,,,,,,,
2020-03-06 18:00:00,929.7,16.4,87,0.7,140.0,2.1,53.0,0.0,,,,,,,,,,2020-03-06T17:01:00,,,,0,,,,,,,,,,,,,,
2020-03-06 19:00:00,930.1,16.0,90,0.7,149.0,2.0,121.0,0.0,,,,,,,,,,2020-03-06T18:11:00,,,,0,,,,,,,,,,,,,,
2020-03-06 20:00:00,930.8,15.1,95,0.2,0.0,1.1,190.0,0.0,,,,,,,,,,2020-03-06T19:03:00,,,,0,,,,,,,,,,,,,,
2020-03-06 21:00:00,931.2,15.0,95,0.2,0.0,0.7,234.0,0.0,,,,,,,,,,2020-03-06T20:32:00,,,,0,,,,,,,,,,,,,,
2020-03-06 22:00:00,930.8,14.9,95,0.4,178.0,0.9,234.0,0.0,,,,,,,,,,2020-03-06T21:14:00,,,,0,,,,,,,,,,,,,,
2020-03-06 23:00:00,931.0,14.8,96,0.6,227.0,1.2,226.0,0.0,,,,,,,,,,2020-03-06T22:52:00,,,,0,,,,,,,,,,,,,,
2020-03-07 00:00:00,930.5,15.0,94,0.4,235.0,1.5,232.0,0.0,,,,,,,,,,2020-03-06T23:34:00,,,,0,,,,,,,,,,,,,,
2020-03-07 01:00:00,929.7,15.2,88,0.3,257.0,3.2,311.0,0.0,,,,,,,,,,2020-03-07T00:49:00,,,,0,,,,,,,,,,,,,,
2020-03-07 02:00:00,929.1,13.8,90,1.2,225.0,2.3,213.0,0.0,,,,,,,,,,2020-03-07T01:57:00,,,,0,,,,,,,,,,,,,,
2020-03-07 03:00:00,928.9,13.5,89,1.0,223.0,2.8,233.0,0.0,,,,,,,,,,2020-03-07T02:08:00,,,,0,,,,,,,,,,,,,,
2020-03-07 04:00:00,928.7,12.9,92,1.1,221.0,2.5,230.0,0.0,,,,,,,,,,2020-03-07T03:40:00,,,,0,,,,,,,,,,,,,,
2020-03-07 05:00:00,928.5,13.2,90,0.9,231.0,3.2,230.0,0.0,,,,,,,,,,2020-03-07T04:50:00,,,,0,,,,,,,,,,,,,,
2020-03-07 06:00:00,928.6,13.6,87,1.3,233.0,3.1,279.0,0.0,,,,,,,,,,2020-03-07T05:17:00,,,,0,,,,,,,,,,,,,,
2020-03-07 07:00:00,929.5,14.3,89,0.0,0.0,2.2,213.0,0.0,,,,,,,,,,2020-03-07T06:28:00,,,,0,,,,,,,,,,,,,,
2020-03-07 08:00:00,929.7,16.3,76,0.1,0.0,1.5,41.0,0.0,,,,,,,,,,2020-03-07T07:24:00,,,,0,,,,,,,,,,,,,,
2020-03-07 09:00:00,930.1,19.5,67,0.2,0.0,1.8,25.0,0.0,,,,,,,,,,2020-03-07T08:38:00,,,,0,,,,,,,,,,,,,,
2020-03-07 10:00:00,929.6,21.2,64,1.1,66.0,3.0,77.0,0.0,,,,,,,,,,2020-03-07T09:51:00,,,,0,,,,,,,,,,,,,,
2020-03-07 11:00:00,928.9,22.5,64,1.0,68.0,4.9,78.0,0.0,,,,,,,,,,2020-03-07T10:44:00,,,,0,,,,,,,,,,,,,,
2020-03-07 12:00:00,927.9,22.7,68,1.5,49.0,5.9,84.0,0.0,,,,,,,,,,2020-03-07T11:33:00,,,,0,,,,,,,,,,,,,,
2020-03-07 13:00:00,926.9,23.3,65,2.3,37.0,7.4,47.0,0.0,,,,,,,,,,2020-03-07T12:33:00,,,,0,,,,,,,,,,,,,,
2020-03-07 14:00:00,925.9,23.4,65,1.6,50.0,5.8,83.0,0.0,,,,,,,,,,2020-03-07T13:45:00,,,,0,,,,,,,,,,,,,,
2020-03-07 15:00:00,925.5,21.6,76,0.9,75.0,5.7,48.0,0.0,,,,,,,,,,2020-03-07T14:47:00,,,,0,,,,,,,,,,,,,,
2020-03-07 16:00:00,925.6,20.8,81,1.0,170.0,4.3,100.0,0.0,,,,,,,,,,2020-03-07T15:04:00,,,,0,,,,,,,,,,,,,,
2020-03-07 17:00:00,925.9,20.4,86,0.6,54.0,3.5,252.0,0.0,,,,,,,,,,2020-03-07T16:17:00,,,,0,,,,,,,,,,,,,,
2020-03-07 18:00:00,926.5,19.4,93,1.0,168.0,3.0,125.0,0.0,,,,,,,,,,2020-03-07T17:25:00,,,,0,,,,,,,,,,,,,,
2020-03-07 19:00:00,926.9,18.8,96,0.3,163.0,1.6,149.0,0.0,,,,,,,,,,2020-03-07T18:02:00,,,,0,,,,,,,,,,,,,,
2020-03-07 20:00:00,927.5,17.6,95,1.4,213.0,1.7,204.0,0.0,,,,,,,,,,2020-03-07T19:59:00,,,,0,,,,,,,,,,,,,,
2020-03-07 21:00:00,927.9,17.0,97,0.9,202.0,2.3,200.0,0.0,,,,,,,,,,2020-03-07T20:47:00,,,,0,,,,,,,,,,,,,,
2020-03-07 22:00:00,928.1,16.5,96,1.8,205.0,2.4,203.0,0.0,,,,,,,,,,2020-03-07T21:29:00,,,,0,,,,,,,,,,,,,,
2020-03-07 23:00:00,928.0,15.7,94,1.9,218.0,2.7,202.0,0.0,,,,,,,,,,2020-03-07T22:06:00,,,,0,,,,,,,,,,,,,,
2020-03-08 00:00:00,928.1,15.1,94,1.4,216.0,2.6,198.0,0.0,,,,,,,,,,2020-03-07T23:31:00,,,,0,,,,,,,,,,,,,,
2020-03-08 01:00:00,927.7,14.6,95,1.2,211.0,2.5,195.0,0.0,,,,,,,,,,2020-03-08T00:05:00,,,,0,,,,,,,,,,,,,,
2020-03-08 02:00:00,927.1,14.5,93,1.0,217.0,2.2,215.0,0.0,,,,,,,,,,2020-03-08T01:06:00,,,,0,,,,,,,,,,,,,,
2020-03-08 03:00:00,926.7,14.3,92,1.4,223.0,3.0,230.0,0.0,,,,,,,,,,2020-03-08T03:00:00,,,,0,,,,,,,,,,,,,,
2020-03-08 04:00:00,926.4,14.3,92,1.3,220.0,2.3,241.0,0.0,,,,,,,,,,2020-03-08T03:01:00,,,,0,,,,,,,,,,,,,,
2020-03-08 05:00:00,926.7,14.1,93,1.5,205.0,2.3,200.0,0.0,,,,,,,,,,2020-03-08T04:54:00,,,,0,,,,,,,,,,,,,,
2020-03-08 06:00:00,927.3,14.3,95,0.3,240.0,1.9,195.0,0.0,,,,,,,,,,2020-03-08T05:14:00,,,,0,,,,,,,,,,,,,,
2020-03-08 07:00:00,928.0,16.0,88,0.2,0.0,1.6,223.0,0.0,,,,,,,,,,2020-03-08T06:46:00,,,,0,,,,,,,,,,,,,,
2020-03-08 08:00:00,928.2,17.2,81,0.4,99.0,1.0,96.0,0.0,,,,,,,,,,2020-03-08T07:48:00,,,,0,,,,,,,,,,,,,,
2020-03-08 09:00:00,928.2,21.2,68,0.9,79.0,1.6,104.0,0.0,,,,,,,,,,2020-03-08T08:51:00,,,,0,,,,,,,,,,,,,,
2020-03-08 10:00:00,928.1,22.7,62,1.1,17.0,3.8,33.0,0.0,,,,,,,,,,2020-03-08T09:58:00,,,,0,,,,,,,,,,,,,,
2020-03-08 11:00:00,927.6,22.8,66,2.3,65.0,6.2,90.0,0.0,,,,,,,,,,2020-03-08T10:32:00,,,,0,,,,,,,,,,,,,,
2020-03-08 12:00:00,926.6,23.5,68,1.9,82.0,6.4,97.0,0.0,,,,,,,,,,2020-03-08T11:25:00,,,,0,,,,,,,,,,,,,,
2020-03-08 13:00:00,925.4,23.2,68,1.6,53.0,6.8,72.0,0.0,,,,,,,,,,2020-03-08T12:11:00,,,,0,,,,,,,,,,,,,,
2020-03-08 14:00:00,924.4,23.2,70,1.1,311.0,5.5,57.0,0.0,,,,,,,,,,2020-03-08T13:34:00,,,,0,,,,,,,,,,,,,,
2020-03-08 15:00:00,924.2,21.4,77,0.9,196.0,6.2,29.0,0.0,,,,,,,,,,2020-03-08T14:11:00,,,,0,,,,,,,,,,,,,,
2020-03-08 16:00:00,924.2,21.1,80,0.4,223.0,5.3,67.0,0.0,,,,,,,,,,2020-03-08T15:02:00,,,,0,,,,,,,,,,,,,,
2020-03-08 17:00:00,924.7,20.4,85,0.4,244.0,3.0,264.0,0.0,,,,,,,,,,2020-03-08T16:37:00,,,,0,,,,,,,,,,,,,,
2020-03-08 18:00:00,925.1,19.7,88,0.1,0.0,1.4,276.0,0.0,,,,,,,,,,2020-03-08T17:26:00,,,,0,,,,,,,,,,,,,,
2020-03-08 19:00:00,925.5,19.3,92,0.6,128.0,2.2,104.0,0.0,,,,,,,,,,2020-03-08T18:40:00,,,,0,,,,,,,,,,,,,,
2020-03-08 20:00:00,925.9,19.1,94,0.1,0.0,2.4,133.0,0.0,,,,,,,,,,2020-03-08T19:09:00,,,,0,,,,,,,,,,,,,,
2020-03-08 21:00:00,926.2,18.3,96,0.6,219.0,1.3,264.0,0.0,,,,,,,,,,2020-03-08T20:10:00,,,,0,,,,,,,,,,,,,,
2020-03-08 22:00:00,926.1,17.3,94,1.0,210.0,2.0,212.0,0.0,,,,,,,,,,2020-03-08T21:44:00,,,,0,,,,,,,,,,,,,,
2020-03-08 23:00:00,926.1,16.4,92,1.4,231.0,2.2,246.0,0.0,,,,,,,,,,2020-03-08T22:51:00,,,,0,,,,,,,,,,,,,,
2020-03-09 00:00:00,925.9,16.4,82,1.0,252.0,4.0,301.0,0.0,,,,,,,,,,2020-03-08T23:46:00,,,,0,,,,,,,,,,,,,,
2020-03-09 01:00:00,925.4,14.6,92,1.5,221.0,2.5,212.0,0.0,,,,,,,,,,2020-03-09T00:40:00,,,,0,,,,,,,,,,,,,,
2020-03-09 02:00:00,925.1,14.3,91,1.7,221.0,2.7,195.0,0.0,,,,,,,,,,2020-03-09T01:57:00,,,,0,,,,,,,,,,,,,,
2020-03-09 03:00:00,924.7,13.6,93,1.5,212.0,2.5,203.0,0.0,,,,,,,,,,2020-03-09T02:02:00,,,,0,,,,,,,,,,,,,,
2020-03-09 04:00:00,924.6,13.3,91,1.2,210.0,2.2,206.0,0.0,,,,,,,,,,2020-03-09T03:06:00,,,,0,,,,,,,,,,,,,,
2020-03-09 05:00:00,924.5,12.8,92,1.3,213.0,2.3,203.0,0.0,,,,,,,,,,2020-03-09T04:18:00,,,,0,,,,,,,,,,,,,,
2020-03-09 06:00:00,924.6,12.8,87,1.6,211.0,2.9,201.0,0.0,,,,,,,,,,2020-03-09T05:01:00,,,,0,,,,,,,,,,,,,,
2020-03-09 07:00:00,924.8,13.9,83,0.6,209.0,2.8,203.0,0.0,,,,,,,,,,2020-03-09T06:21:00,,,,0,,,,,,,,,,,,,,
2020-03-09 08:00:00,924.9,17.9,69,0.5,49.0,1.4,205.0,0.0,,,,,,,,,,2020-03-09T07:01:00,,,,0,,,,,,,,,,,,,,
2020-03-09 09:00:00,924.5,21.2,58,0.3,7.0,1.6,34.0,0.0,,,,,,,,,,2020-03-09T08:15:00,,,,0,,,,,,,,,,,,,,
2020-03-09 10:00:00,924.0,22.9,59,1.2,78.0,3.1,56.0,0.0,,,,,,,,,,2020-03-09T09:46:00,,,,0,,,,,,,,,,,,,,
2020-03-09 11:00:00,923.4,23.1,71,1.5,54.0,5.2,92.0,0.0,,,,,,,,,,2020-03-09T10:42:00,,,,0,,,,,,,,,,,,,,
2020-03-09 12:00:00,922.0,24.5,71,1.3,70.0,4.2,96.0,0.0,,,,,,,,,,2020-03-09T11:16:00,,,,0,,,,,,,,,,,,,,
2020-03-09 13:00:00,920.6,27.7,44,1.2,247.0,6.4,176.0,0.0,,,,,,,,,,2020-03-09T12:42:00,,,,0,,,,,,,,,,,,,,
2020-03-09 14:00:00,-9999.7,-99.7,-9997,-99.7,-999.7,6.6,211.0,0.0,,,,,,,,,,2020-03-09T13:14:00,,,,0,,,,,,,,,,,,,,
2020-03-09 15:00:00,-9999.7,-99.7,-9997,-99.7,-999.7,,,0.0,,,,,,,,,,,,,,0,,,,,,,,,,,,,,
2020-03-09 16:00:00,918.5,27.0,33,2.1,274.0,7.6,358.0,0.0,,,,,,,,,,2020-03-09T15:02:00,,,,0,,,,,,,,,,,,,,
2020-03-09 17:00:00,919.0,26.6,34,2.0,258.0,5.6,261.0,0.0,,,,,,,,,,2020-03-09T16:30:00,,,,0,,,,,,,,,,,,,,
2020-03-09 18:00:00,919.8,25.4,37,1.7,256.0,7.5,261.0,0.0,,,,,,,,,,2020-03-09T17:33:00,,,,0,,,,,,,,,,,,,,
2020-03-09 19:00:00,920.5,24.4,38,1.2,254.0,7.8,231.0,0.0,,,,,,,,,,2020-03-09T18:04:00,,,,0,,,,,,,,,,,,,,
2020-03-09 20:00:00,921.3,21.9,49,0.8,193.0,4.6,358.0,0.0,,,,,,,,,,2020-03-09T19:27:00,,,,0,,,,,,,,,,,,,,
2020-03-09 21:00:00,921.9,20.8,57,0.9,189.0,3.5,166.0,0.0,,,,,,,,,,2020-03-09T20:21:00,,,,0,,,,,,,,,,,,,,
2020-03-09 22:00:00,922.0,24.4,41,1.8,247.0,6.2,323.0,0.0,,,,,,,,,,2020-03-09T21:38:00,,,,0,,,,,,,,,,,,,,
2020-03-09 23:00:00,922.3,23.7,45,0.9,286.0,6.2,210.0,0.0,,,,,,,,,,2020-03-09T22:16:00,,,,0,,,,,,,,,,,,,,
2020-03-10 00:00:00,922.3,25.2,39,2.2,276.0,6.7,315.0,0.0,,,,,,,,,,2020-03-09T23:57:00,,,,0,,,,,,,,,,,,,,
2020-03-10 01:00:00,921.7,25.1,38,2.2,272.0,10.2,305.0,0.0,,,,,,,,,,2020-03-10T00:22:00,,,,0,,,,,,,,,,,,,,
2020-03-10 02:00:00,921.5,22.8,48,1.0,195.0,8.7,342.0,0.0,,,,,,,,,,2020-03-10T01:17:00,,,,0,,,,,,,,,,,,,,
2020-03-10 03:00:00,921.4,20.2,59,1.0,192.0,2.7,259.0,0.0,,,,,,,,,,2020-03-10T02:16:00,,,,0,,,,,,,,,,,,,,
2020-03-10 04:00:00,921.5,19.5,62,1.5,190.0,2.9,172.0,0.0,,,,,,,,,,2020-03-10T03:58:00,,,,0,,,,,,,,,,,,,,
2020-03-10 05:00:00,921.8,18.9,67,1.2,193.0,2.3,204.0,0.0,,,,,,,,,,2020-03-10T04:39:00,,,,0,,,,,,,,,,,,,,
2020-03-10 06:00:00,922.7,19.0,70,1.1,178.0,2.5,187.0,0.0,,,,,,,,,,2020-03-10T05:47:00,,,,0,,,,,,,,,,,,,,
2020-03-10 07:00:00,923.7,18.9,75,0.9,163.0,3.2,71.0,0.0,,,,,,,,,,2020-03-10T06:36:00,,,,0,,,,,,,,,,,,,,
2020-03-10 08:00:00,924.9,19.4,78,0.7,103.0,2.3,191.0,0.0,,,,,,,,,,2020-03-10T07:17:00,,,,0,,,,,,,,,,,,,,
2020-03-10 09:00:00,925.6,19.8,82,1.0,137.0,3.1,121.0,0.0,,,,,,,,,,2020-03-10T08:37:00,,,,0,,,,,,,,,,,,,,
2020-03-10 10:00:00,925.9,21.3,77,0.1,0.0,2.2,307.0,0.0,,,,,,,,,,2020-03-10T09:18:00,,,,0,,,,,,,,,,,,,,
2020-03-10 11:00:00,926.7,19.9,89,0.1,0.0,1.6,2.0,0.5,,,,,,,,,,2020-03-10T10:43:00,,,,0,,,,,,,,,,,,,,
2020-03-10 12:00:00,925.9,19.0,95,1.7,114.0,4.1,107.0,0.5,,,,,,,,,,2020-03-10T11:53:00,,,,0,,,,,,,,,,,,,,
2020-03-10 13:00:00,925.6,18.2,94,0.9,118.0,4.8,172.0,0.0,,,,,,,,,,2020-03-10T12:32:00,,,,0,,,,,,,,,,,,,,
2020-03-10 14:00:00,925.6,18.1,93,0.5,102.0,3.2,126.0,0.0,,,,,,,,,,2020-03-10T13:24:00,,,,0,,,,,,,,,,,,,,
2020-03-10 15:00:00,925.7,17.5,93,0.7,129.0,3.3,79.0,0.0,,,,,,,,,,2020-03-10T14:41:00,,,,0,,,,,,,,,,,,,,
2020-03-10 16:00:00,926.2,16.7,95,1.3,91.0,4.4,88.0,0.0,,,,,,,,,,2020-03-10T15:57:00,,,,0,,,,,,,,,,,,,,
2020-03-10 17:00:00,927.0,16.3,96,0.8,133.0,2.9,210.0,0.0,,,,,,,,,,2020-03-10T16:43:00,,,,0,,,,,,,,,,,,,,
2020-03-10 18:00:00,927.3,15.7,97,1.0,128.0,3.1,143.0,0.0,,,,,,,,,,2020-03-10T17:51:00,,,,0,,,,,,,,,,,,,,
2020-03-10 19:00:00,928.0,15.1,95,1.4,146.0,3.4,124.0,0.0,,,,,,,,,,2020-03-10T18:51:00,,,,0,,,,,,,,,,,,,,
2020-03-10 20:00:00,928.9,14.4,95,1.3,132.0,3.7,110.0,0.0,,,,,,,,,,2020-03-10T19:49:00,,,,0,,,,,,,,,,,,,,
2020-03-10 21:00:00,930.2,13.7,96,1.1,170.0,3.2,81.0,0.0,,,,,,,,,,2020-03-10T20:02:00,,,,0,,,,,,,,,,,,,,
2020-03-10 22:00:00,930.5,13.2,96,1.9,137.0,3.5,135.0,0.0,,,,,,,,,,2020-03-10T22:00:00,,,,0,,,,,,,,,,,,,,
2020-03-10 23:00:00,930.9,12.8,97,1.2,142.0,3.6,86.0,0.0,,,,,,,,,,2020-03-10T22:05:00,,,,0,,,,,,,,,,,,,,
2020-03-11 00:00:00,930.8,12.5,99,1.2,134.0,2.8,139.0,0.0,,,,,,,,,,2020-03-10T23:45:00,,,,0,,,,,,,,,,,,,,
2020-03-11 01:00:00,930.6,12.2,100,1.1,128.0,2.9,131.0,0.0,,,,,,,,,,2020-03-11T00:19:00,,,,0,,,,,,,,,,,,,,
2020-03-11 02:00:00,930.6,12.1,100,0.6,116.0,2.3,107.0,0.5,,,,,,,,,,2020-03-11T01:36:00,,,,0,,,,,,,,,,,,,,
2020-03-11 03:00:00,930.5,12.1,100,0.5,144.0,2.4,161.0,0.0,,,,,,,,,,2020-03-11T02:42:00,,,,0,,,,,,,,,,,,,,
2020-03-11 04:00:00,930.5,11.9,100,1.0,131.0,2.4,100.0,0.0,,,,,,,,,,2020-03-11T03:55:00,,,,0,,,,,,,,,,,,,,
2020-03-11 05:00:00,931.0,11.9,100,1.3,155.0,2.7,141.0,0.0,,,,,,,,,,2020-03-11T04:48:00,,,,0,,,,,,,,,,,,,,
2020-03-11 06:00:00,931.8,12.0,99,1.0,138.0,2.4,150.0,0.0,,,,,,,,,,2020-03-11T05:56:00,,,,0,,,,,,,,,,,,,,
2020-03-11 07:00:00,932.7,12.0,100,0.4,36.0,1.6,126.0,0.0,,,,,,,,,,2020-03-11T06:07:00,,,,0,,,,,,,,,,,,,,
2020-03-11 08:00:00,933.3,12.6,100,0.3,89.0,1.1,76.0,0.0,,,,,,,,,,2020-03-11T07:17:00,,,,0,,,,,,,,,,,,,,
2020-03-11 09:00:00,933.5,12.8,97,0.5,221.0,2.8,96.0,0.0,,,,,,,,,,2020-03-11T08:18:00,,,,0,,,,,,,,,,,,,,
2020-03-11 10:00:00,933.5,14.0,93,0.9,34.0,2.6,3.0,0.0,,,,,,,,,,2020-03-11T09:48:00,,,,0,,,,,,,,,,,,,,
2020-03-11 11:00:00,933.3,14.3,87,1.2,76.0,4.3,54.0,0.0,,,,,,,,,,2020-03-11T10:42:00,,,,0,,,,,,,,,,,,,,
2020-03-11 12:00:00,932.5,14.8,86,1.1,7.0,4.0,82.0,0.0,,,,,,,,,,2020-03-11T11:39:00,,,,0,,,,,,,,,,,,,,
2020-03-11 13:00:00,931.6,15.5,82,1.1,71.0,2.9,10.0,0.0,,,,,,,,,,2020-03-11T12:40:00,,,,0,,,,,,,,,,,,,,
2020-03-11 14:00:00,931.1,14.8,86,0.7,138.0,4.1,105.0,0.0,,,,,,,,,,2020-03-11T13:02:00,,,,0,,,,,,,,,,,,,,
2020-03-11 15:00:00,931.0,14.1,90,1.0,95.0,3.0,185.0,0.0,,,,,,,,,,2020-03-11T14:12:00,,,,0,,,,,,,,,,,,,,
2020-03-11 16:00:00,930.8,14.1,90,0.5,137.0,2.8,126.0,0.0,,,,,,,,,,2020-03-11T15:07:00,,,,0,,,,,,,,,,,,,,
2020-03-11 17:00:00,931.6,13.6,91,0.5,95.0,3.2,139.0,0.0,,,,,,,,,,2020-03-11T16:23:00,,,,0,,,,,,,,,,,,,,
2020-03-11 18:00:00,932.1,13.4,94,0.1,0.0,1.5,93.0,0.0,,,,,,,,,,2020-03-11T17:11:00,,,,0,,,,,,,,,,,,,,
2020-03-11 19:00:00,932.4,12.9,98,0.0,0.0,0.8,93.0,0.0,,,,,,,,,,2020-03-11T18:25:00,,,,0,,,,,,,,,,,,,,
2020-03-11 20:00:00,933.1,12.9,100,0.0,0.0,0.9,90.0,0.0,,,,,,,,,,2020-03-11T19:20:00,,,,0,,,,,,,,,,,,,,
2020-03-11 21:00:00,933.7,12.9,100,0.0,0.0,0.7,89.0,0.0,,,,,,,,,,2020-03-11T20:22:00,,,,0,,,,,,,,,,,,,,
2020-03-11 22:00:00,934.0,12.9,100,0.1,0.0,0.7,216.0,0.0,,,,,,,,,,2020-03-11T21:31:00,,,,0,,,,,,,,,,,,,,
2020-03-11 23:00:00,933.7,13.0,100,0.0,0.0,0.6,222.0,0.0,,,,,,,,,,2020-03-11T22:37:00,,,,0,,,,,,,,,,,,,,
2020-03-12 00:00:00,933.3,13.0,100,0.5,149.0,1.3,69.0,0.0,,,,,,,,,,2020-03-11T23:51:00,,,,0,,,,,,,,,,,,,,
2020-03-12 01:00:00,932.6,13.1,99,0.1,0.0,1.2,257.0,0.0,,,,,,,,,,2020-03-12T00:41:00,,,,0,,,,,,,,,,,,,,
2020-03-12 02:00:00,932.0,13.4,98,0.3,254.0,1.4,191.0,0.0,,,,,,,,,,2020-03-12T01:36:00,,,,0,,,,,,,,,,,,,,
2020-03-12 03:00:00,931.8,13.4,98,0.4,206.0,1.5,226.0,0.0,,,,,,,,,,2020-03-12T02:20:00,,,,0,,,,,,,,,,,,,,
2020-03-12 04:00:00,931.5,13.5,97,0.4,270.0,1.2,92.0,0.0,,,,,,,,,,2020-03-12T03:05:00,,,,0,,,,,,,,,,,,,,
2020-03-12 05:00:00,931.2,13.8,97,0.2,0.0,1.9,304.0,0.0,,,,,,,,,,2020-03-12T04:23:00,,,,0,,,,,,,,,,,,,,
2020-03-12 06:00:00,931.5,13.8,96,0.3,246.0,0.9,213.0,0.0,,,,,,,,,,2020-03-12T05:38:00,,,,0,,,,,,,,,,,,,,
2020-03-12 07:00:00,931.8,14.4,94,0.1,0.0,1.0,207.0,0.0,,,,,,,,,,2020-03-12T06:16:00,,,,0,,,,,,,,,,,,,,
2020-03-12 08:00:00,931.6,15.9,84,0.5,317.0,2.7,302.0,0.0,,,,,,,,,,2020-03-12T07:25:00,,,,0,,,,,,,,,,,,,,
2020-03-12 09:00:00,931.4,18.1,76,1.1,29.0,2.4,68.0,0.0,,,,,,,,,,2020-03-12T08:55:00,,,,0,,,,,,,,,,,,,,
2020-03-12 10:00:00,931.3,19.8,67,1.2,81.0,3.2,94.0,0.0,,,,,,,,,,2020-03-12T09:52:00,,,,0,,,,,,,,,,,,,,
2020-03-12 11:00:00,930.9,20.7,65,1.8,36.0,5.7,69.0,0.0,,,,,,,,,,2020-03-12T11:00:00,,,,0,,,,,,,,,,,,,,
2020-03-12 12:00:00,930.1,21.3,66,1.6,58.0,5.2,34.0,0.0,,,,,,,,,,2020-03-12T11:47:00,,,,0,,,,,,,,,,,,,,
2020-03-12 13:00:00,929.1,21.3,70,1.6,67.0,5.2,30.0,0.0,,,,,,,,,,2020-03-12T12:49:00,,,,0,,,,,,,,,,,,,,
2020-03-12 14:00:00,928.4,20.8,75,1.3,53.0,6.2,62.0,0.0,,,,,,,,,,2020-03-12T13:57:00,,,,0,,,,,,,,,,,,,,
2020-03-12 15:00:00,928.3,20.2,78,0.9,300.0,4.7,49.0,0.0,,,,,,,,,,2020-03-12T14:48:00,,,,0,,,,,,,,,,,,,,
2020-03-12 16:00:00,928.3,19.3,85,0.8,84.0,3.2,343.0,0.0,,,,,,,,,,2020-03-12T15:03:00,,,,0,,,,,,,,,,,,,,
2020-03-12 17:00:00,928.2,18.9,89,1.0,120.0,2.7,134.0,0.0,,,,,,,,,,2020-03-12T16:12:00,,,,0,,,,,,,,,,,,,,
2020-03-12 18:00:00,928.5,18.1,93,0.6,207.0,3.1,102.0,0.0,,,,,,,,,,2020-03-12T17:04:00,,,,0,,,,,,,,,,,,,,
2020-03-12 19:00:00,928.7,17.1,96,1.1,202.0,1.9,205.0,0.0,,,,,,,,,,2020-03-12T18:46:00,,,,0,,,,,,,,,,,,,,
2020-03-12 20:00:00,929.3,16.8,96,0.9,202.0,1.9,203.0,0.0,,,,,,,,,,2020-03-12T19:03:00,,,,0,,,,,,,,,,,,,,
2020-03-12 21:00:00,929.8,16.5,95,1.4,210.0,2.1,213.0,0.0,,,,,,,,,,2020-03-12T20:17:00,,,,0,,,,,,,,,,,,,,
2020-03-12 22:00:00,929.6,16.3,96,1.0,204.0,2.0,226.0,0.0,,,,,,,,,,2020-03-12T21:01:00,,,,0,,,,,,,,,,,,,,
2020-03-12 23:00:00,929.6,16.1,96,1.2,230.0,2.0,202.0,0.0,,,,,,,,,,2020-03-12T22:02:00,,,,0,,,,,,,,,,,,,,
2020-03-13 00:00:00,929.3,15.9,97,1.2,215.0,2.4,210.0,0.0,,,,,,,,,,2020-03-12T23:13:00,,,,0,,,,,,,,,,,,,,
2020-03-13 01:00:00,928.8,16.2,95,0.9,178.0,2.0,219.0,0.0,,,,,,,,,,2020-03-13T00:02:00,,,,0,,,,,,,,,,,,,,
2020-03-13 02:00:00,928.3,16.1,95,1.1,216.0,2.1,241.0,0.0,,,,,,,,,,2020-03-13T01:54:00,,,,0,,,,,,,,,,,,,,
2020-03-13 03:00:00,927.7,15.9,96,0.7,231.0,2.2,226.0,0.0,,,,,,,,,,2020-03-13T02:06:00,,,,0,,,,,,,,,,,,,,
2020-03-13 04:00:00,927.3,15.7,97,1.3,204.0,2.8,179.0,0.0,,,,,,,,,,2020-03-13T03:23:00,,,,0,,,,,,,,,,,,,,
2020-03-13 05:00:00,927.5,15.4,96,1.1,215.0,2.0,193.0,0.0,,,,,,,,,,2020-03-13T04:13:00,,,,0,,,,,,,,,,,,,,
2020-03-13 06:00:00,928.0,15.5,94,1.3,215.0,2.4,194.0,0.0,,,,,,,,,,2020-03-13T05:41:00,,,,0,,,,,,,,,,,,,,
2020-03-13 07:00:00,928.5,16.8,88,0.5,222.0,2.8,202.0,0.0,,,,,,,,,,2020-03-13T06:45:00,,,,0,,,,,,,,,,,,,,
2020-03-13 08:00:00,929.0,19.9,76,0.4,198.0,1.9,308.0,0.0,,,,,,,,,,2020-03-13T07:08:00,,,,0,,,,,,,,,,,,,,
2020-03-13 09:00:00,928.9,22.5,69,0.4,82.0,1.7,84.0,0.0,,,,,,,,,,2020-03-13T08:06:00,,,,0,,,,,,,,,,,,,,
2020-03-13 10:00:00,929.3,22.1,72,1.1,89.0,5.8,98.0,0.0,,,,,,,,,,2020-03-13T09:17:00,,,,0,,,,,,,,,,,,,,
2020-03-13 11:00:00,929.0,24.1,67,1.2,23.0,5.5,80.0,0.0,,,,,,,,,,2020-03-13T10:02:00,,,,0,,,,,,,,,,,,,,
2020-03-13 12:00:00,928.6,23.5,73,2.5,67.0,7.5,83.0,0.0,,,,,,,,,,2020-03-13T11:47:00,,,,0,,,,,,,,,,,,,,
2020-03-13 13:00:00,927.7,24.3,69,1.5,72.0,6.9,89.0,0.0,,,,,,,,,,2020-03-13T12:28:00,,,,0,,,,,,,,,,,,,,
2020-03-13 14:00:00,926.6,24.8,66,1.2,314.0,5.2,95.0,0.0,,,,,,,,,,2020-03-13T13:03:00,,,,0,,,,,,,,,,,,,,
2020-03-13 15:00:00,926.4,23.0,73,1.6,73.0,6.9,95.0,0.0,,,,,,,,,,2020-03-13T14:53:00,,,,0,,,,,,,,,,,,,,
2020-03-13 16:00:00,926.7,21.5,82,1.8,59.0,6.2,89.0,0.0,,,,,,,,,,2020-03-13T15:10:00,,,,0,,,,,,,,,,,,,,
2020-03-13 17:00:00,927.3,20.0,90,1.3,147.0,5.9,93.0,0.0,,,,,,,,,,2020-03-13T16:38:00,,,,0,,,,,,,,,,,,,,
2020-03-13 18:00:00,927.8,19.4,93,1.3,188.0,5.4,92.0,0.0,,,,,,,,,,2020-03-13T17:01:00,,,,0,,,,,,,,,,,,,,
2020-03-13 19:00:00,928.1,18.9,96,1.4,145.0,3.6,150.0,0.0,,,,,,,,,,2020-03-13T18:59:00,,,,0,,,,,,,,,,,,,,
2020-03-13 20:00:00,928.8,18.4,99,2.0,146.0,5.0,132.0,0.0,,,,,,,,,,2020-03-13T19:52:00,,,,0,,,,,,,,,,,,,,
2020-03-13 21:00:00,929.1,18.2,100,0.5,134.0,2.9,133.0,0.0,,,,,,,,,,2020-03-13T20:01:00,,,,0,,,,,,,,,,,,,,
2020-03-13 22:00:00,929.4,18.2,100,1.4,164.0,2.6,101.0,0.0,,,,,,,,,,2020-03-13T21:48:00,,,,0,,,,,,,,,,,,,,
2020-03-13 23:00:00,929.2,18.0,100,0.9,135.0,3.4,140.0,0.5,,,,,,,,,,2020-03-13T22:27:00,,,,0,,,,,,,,,,,,,,
2020-03-14 00:00:00,929.1,17.9,100,0.4,123.0,2.4,105.0,0.0,,,,,,,,,,2020-03-13T23:48:00,,,,0,,,,,,,,,,,,,,
2020-03-14 01:00:00,928.6,17.9,100,0.7,164.0,2.3,85.0,0.0,,,,,,,,,,2020-03-14T00:42:00,,,,0,,,,,,,,,,,,,,
2020-03-14 02:00:00,928.2,17.9,100,0.4,129.0,2.6,74.0,0.0,,,,,,,,,,2020-03-14T01:12:00,,,,0,,,,,,,,,,,,,,
2020-03-14 03:00:00,927.7,17.9,100,0.1,0.0,1.6,134.0,0.0,,,,,,,,,,2020-03-14T02:01:00,,,,0,,,,,,,,,,,,,,
2020-03-14 04:00:00,927.4,17.6,100,1.0,116.0,3.9,67.0,0.0,,,,,,,,,,2020-03-14T03:45:00,,,,0,,,,,,,,,,,,,,
2020-03-14 05:00:00,927.7,17.1,100,0.5,124.0,2.3,34.0,0.0,,,,,,,,,,2020-03-14T04:19:00,,,,0,,,,,,,,,,,,,,
2020-03-14 06:00:00,928.2,16.6,100,0.9,112.0,2.9,71.0,0.5,,,,,,,,,,2020-03-14T05:28:00,,,,0,,,,,,,,,,,,,,
2020-03-14 07:00:00,928.9,16.0,100,0.3,273.0,2.4,141.0,0.5,,,,,,,,,,2020-03-14T06:21:00,,,,0,,,,,,,,,,,,,,
2020-03-14 08:00:00,929.8,15.4,100,0.4,67.0,4.7,73.0,1.5,,,,,,,,,,2020-03-14T07:44:00,,,,0,,,,,,,,,,,,,,
2020-03-14 09:00:00,930.4,15.2,99,1.2,140.0,3.0,158.0,1.0,,,,,,,,,,2020-03-14T08:43:00,,,,0,,,,,,,,,,,,,,
2020-03-14 10:00:00,930.3,14.9,100,0.3,52.0,3.2,186.0,2.5,,,,,,,,,,2020-03-14T09:15:00,,,,0,,,,,,,,,,,,,,
2020-03-14 11:00:00,929.8,15.0,100,0.4,334.0,2.8,134.0,2.0,,,,,,,,,,2020-03-14T10:33:00,,,,0,,,,,,,,,,,,,,
2020-03-14 12:00:00,929.3,14.9,99,0.2,0.0,2.3,127.0,2.0,,,,,,,,,,2020-03-14T11:38:00,,,,0,,,,,,,,,,,,,,
2020-03-14 13:00:00,928.7,14.3,98,1.2,84.0,3.5,77.0,2.0,,,,,,,,,,2020-03-14T12:52:00,,,,0,,,,,,,,,,,,,,
2020-03-14 14:00:00,928.2,14.1,99,0.8,23.0,3.6,68.0,0.5,,,,,,,,,,2020-03-14T13:04:00,,,,0,,,,,,,,,,,,,,
2020-03-14 15:00:00,928.2,14.1,98,0.2,0.0,2.6,140.0,0.5,,,,,,,,,,2020-03-14T14:14:00,,,,0,,,,,,,,,,,,,,
2020-03-14 16:00:00,928.5,14.0,99,1.1,129.0,2.5,98.0,0.5,,,,,,,,,,2020-03-14T15:24:00,,,,0,,,,,,,,,,,,,,
2020-03-14 17:00:00,928.9,13.6,99,1.1,108.0,2.8,131.0,0.0,,,,,,,,,,2020-03-14T16:46:00,,,,0,,,,,,,,,,,,,,
2020-03-14 18:00:00,929.4,13.3,100,0.6,162.0,2.4,154.0,0.0,,,,,,,,,,2020-03-14T17:36:00,,,,0,,,,,,,,,,,,,,
2020-03-14 19:00:00,930.0,12.7,100,0.8,107.0,4.3,47.0,0.0,,,,,,,,,,2020-03-14T18:24:00,,,,0,,,,,,,,,,,,,,
2020-03-14 20:00:00,930.6,12.4,100,0.4,181.0,2.5,60.0,0.5,,,,,,,,,,2020-03-14T19:13:00,,,,0,,,,,,,,,,,,,,
2020-03-14 21:00:00,931.1,12.0,100,1.8,144.0,3.1,147.0,0.0,,,,,,,,,,2020-03-14T20:53:00,,,,0,,,,,,,,,,,,,,
2020-03-14 22:00:00,931.1,11.7,100,1.3,135.0,3.0,145.0,0.0,,,,,,,,,,2020-03-14T21:41:00,,,,0,,,,,,,,,,,,,,
2020-03-14 23:00:00,931.3,11.3,100,1.5,155.0,3.1,133.0,0.5,,,,,,,,,,2020-03-14T22:49:00,,,,0,,,,,,,,,,,,,,
2020-03-15 00:00:00,931.5,11.3,99,1.5,149.0,2.8,141.0,0.0,,,,,,,,,,2020-03-14T23:03:00,,,,0,,,,,,,,,,,,,,
2020-03-15 01:00:00,931.0,11.1,100,0.9,137.0,2.7,160.0,0.0,,,,,,,,,,2020-03-15T00:01:00,,,,0,,,,,,,,,,,,,,
2020-03-15 02:00:00,930.4,11.1,100,0.2,0.0,2.6,167.0,0.0,,,,,,,,,,2020-03-15T01:13:00,,,,0,,,,,,,,,,,,,,
2020-03-15 03:00:00,930.4,11.1,99,0.9,143.0,2.1,121.0,0.0,,,,,,,,,,2020-03-15T02:58:00,,,,0,,,,,,,,,,,,,,
2020-03-15 04:00:00,930.6,11.0,100,0.8,135.0,2.5,135.0,0.0,,,,,,,,,,2020-03-15T03:34:00,,,,0,,,,,,,,,,,,,,
2020-03-15 05:00:00,931.1,11.2,100,0.2,0.0,1.8,130.0,0.0,,,,,,,,,,2020-03-15T04:03:00,,,,0,,,,,,,,,,,,,,
2020-03-15 06:00:00,931.9,11.1,100,0.7,120.0,1.8,123.0,0.0,,,,,,,,,,2020-03-15T05:51:00,,,,0,,,,,,,,,,,,,,
2020-03-15 07:00:00,932.8,11.2,99,0.7,138.0,2.2,108.0,0.0,,,,,,,,,,2020-03-15T06:32:00,,,,0,,,,,,,,,,,,,,
2020-03-15 08:00:00,933.3,11.4,99,0.9,124.0,2.8,113.0,0.0,,,,,,,,,,2020-03-15T07:28:00,,,,0,,,,,,,,,,,,,,
2020-03-15 09:00:00,933.4,11.4,100,1.2,143.0,3.1,98.0,0.0,,,,,,,,,,2020-03-15T08:47:00,,,,0,,,,,,,,,,,,,,
2020-03-15 10:00:00,933.5,11.7,98,0.8,63.0,3.6,71.0,0.0,,,,,,,,,,2020-03-15T09:31:00,,,,0,,,,,,,,,,,,,,
2020-03-15 11:00:00,933.2,12.1,93,0.9,120.0,4.7,71.0,0.0,,,,,,,,,,2020-03-15T10:32:00,,,,0,,,,,,,,,,,,,,
2020-03-15 12:00:00,932.6,12.3,91,0.9,58.0,4.4,62.0,0.5,,,,,,,,,,2020-03-15T11:02:00,,,,0,,,,,,,,,,,,,,
2020-03-15 13:00:00,931.7,12.2,87,0.8,101.0,3.5,101.0,0.0,,,,,,,,,,2020-03-15T12:24:00,,,,0,,,,,,,,,,,,,,
2020-03-15 14:00:00,931.4,12.2,89,0.7,113.0,3.5,132.0,0.0,,,,,,,,,,2020-03-15T13:56:00,,,,0,,,,,,,,,,,,,,
2020-03-15 15:00:00,931.1,12.2,89,0.2,0.0,3.5,121.0,0.0,,,,,,,,,,2020-03-15T14:17:00,,,,0,,,,,,,,,,,,,,
2020-03-15 16:00:00,931.1,12.0,91,0.3,56.0,2.7,153.0,0.0,,,,,,,,,,2020-03-15T15:05:00,,,,0,,,,,,,,,,,,,,
2020-03-15 17:00:00,931.4,11.7,92,0.3,87.0,2.2,111.0,0.0,,,,,,,,,,2020-03-15T16:31:00,,,,0,,,,,,,,,,,,,,
2020-03-15 18:00:00,931.7,11.3,96,0.0,0.0,2.5,105.0,0.0,,,,,,,,,,2020-03-15T17:03:00,,,,0,,,,,,,,,,,,,,
2020-03-15 19:00:00,932.0,11.1,97,0.4,141.0,1.4,102.0,0.0,,,,,,,,,,2020-03-15T18:49:00,,,,0,,,,,,,,,,,,,,
2020-03-15 20:00:00,932.7,11.1,94,0.7,156.0,2.5,129.0,0.0,,,,,,,,,,2020-03-15T19:30:00,,,,0,,,,,,,,,,,,,,
2020-03-15 21:00:00,933.4,11.1,98,0.1,0.0,1.3,176.0,0.0,,,,,,,,,,2020-03-15T20:36:00,,,,0,,,,,,,,,,,,,,
2020-03-15 22:00:00,933.5,11.1,98,0.0,0.0,0.5,269.0,0.0,,,,,,,,,,2020-03-15T21:03:00,,,,0,,,,,,,,,,,,,,
2020-03-15 23:00:00,933.2,11.1,96,0.2,0.0,0.9,243.0,0.0,,,,,,,,,,2020-03-15T22:48:00,,,,0,,,,,,,,,,,,,,
2020-03-16 00:00:00,933.2,11.0,98,0.2,0.0,0.8,134.0,0.0,,,,,,,,,,2020-03-15T23:25:00,,,,0,,,,,,,,,,,,,,
2020-03-16 01:00:00,932.9,11.0,98,0.2,0.0,0.8,198.0,0.0,,,,,,,,,,2020-03-16T00:20:00,,,,0,,,,,,,,,,,,,,
2020-03-16 02:00:00,932.9,11.0,100,0.3,129.0,1.1,214.0,0.0,,,,,,,,,,2020-03-16T01:14:00,,,,0,,,,,,,,,,,,,,
2020-03-16 03:00:00,932.9,11.1,97,0.5,238.0,1.2,229.0,0.0,,,,,,,,,,2020-03-16T03:00:00,,,,0,,,,,,,,,,,,,,
2020-03-16 04:00:00,932.8,11.0,96,0.1,0.0,1.5,268.0,0.0,,,,,,,,,,2020-03-16T03:35:00,,,,0,,,,,,,,,,,,,,
2020-03-16 05:00:00,933.4,11.7,80,1.1,265.0,3.2,296.0,0.0,,,,,,,,,,2020-03-16T04:55:00,,,,0,,,,,,,,,,,,,,
2020-03-16 06:00:00,933.9,11.3,85,0.1,0.0,2.5,264.0,0.0,,,,,,,,,,2020-03-16T05:21:00,,,,0,,,,,,,,,,,,,,
2020-03-16 07:00:00,934.7,11.5,83,0.3,268.0,1.5,213.0,0.0,,,,,,,,,,2020-03-16T06:56:00,,,,0,,,,,,,,,,,,,,
2020-03-16 08:00:00,935.5,12.1,91,0.1,0.0,1.8,255.0,0.0,,,,,,,,,,2020-03-16T07:14:00,,,,0,,,,,,,,,,,,,,
2020-03-16 09:00:00,935.6,13.7,73,0.8,295.0,2.2,308.0,0.0,,,,,,,,,,2020-03-16T08:58:00,,,,0,,,,,,,,,,,,,,
2020-03-16 10:00:00,935.3,15.1,75,1.1,64.0,3.7,103.0,0.0,,,,,,,,,,2020-03-16T10:00:00,,,,0,,,,,,,,,,,,,,
2020-03-16 11:00:00,934.9,15.1,71,1.5,90.0,5.2,96.0,0.0,,,,,,,,,,2020-03-16T10:48:00,,,,0,,,,,,,,,,,,,,
2020-03-16 12:00:00,934.1,15.8,72,1.6,76.0,5.2,66.0,0.0,,,,,,,,,,2020-03-16T11:53:00,,,,0,,,,,,,,,,,,,,
2020-03-16 13:00:00,933.3,15.5,72,2.2,58.0,6.1,13.0,0.0,,,,,,,,,,2020-03-16T12:57:00,,,,0,,,,,,,,,,,,,,
2020-03-16 14:00:00,932.3,15.1,71,1.3,75.0,4.8,18.0,0.0,,,,,,,,,,2020-03-16T13:01:00,,,,0,,,,,,,,,,,,,,
2020-03-16 15:00:00,932.6,13.8,73,1.2,108.0,5.0,86.0,0.0,,,,,,,,,,2020-03-16T14:17:00,,,,0,,,,,,,,,,,,,,
2020-03-16 16:00:00,933.0,13.0,77,1.4,119.0,3.8,114.0,0.0,,,,,,,,,,2020-03-16T15:30:00,,,,0,,,,,,,,,,,,,,
2020-03-16 17:00:00,933.7,12.7,77,1.2,113.0,2.8,121.0,0.0,,,,,,,,,,2020-03-16T16:15:00,,,,0,,,,,,,,,,,,,,
2020-03-16 18:00:00,934.1,11.9,85,0.9,192.0,2.1,169.0,0.0,,,,,,,,,,2020-03-16T17:04:00,,,,0,,,,,,,,,,,,,,
2020-03-16 19:00:00,934.3,11.4,91,0.8,204.0,1.9,196.0,0.0,,,,,,,,,,2020-03-16T18:01:00,,,,0,,,,,,,,,,,,,,
2020-03-16 20:00:00,934.7,11.6,92,0.2,0.0,1.1,213.0,0.0,,,,,,,,,,2020-03-16T19:03:00,,,,0,,,,,,,,,,,,,,
2020-03-16 21:00:00,935.3,11.6,93,0.1,0.0,1.1,218.0,0.0,,,,,,,,,,2020-03-16T20:25:00,,,,0,,,,,,,,,,,,,,
2020-03-16 22:00:00,935.4,11.6,92,0.3,235.0,1.2,229.0,0.0,,,,,,,,,,2020-03-16T21:24:00,,,,0,,,,,,,,,,,,,,
2020-03-16 23:00:00,935.0,11.7,92,0.4,234.0,1.0,227.0,0.0,,,,,,,,,,2020-03-16T22:18:00,,,,0,,,,,,,,,,,,,,
2020-03-17 00:00:00,934.3,11.9,90,0.2,0.0,1.6,276.0,0.0,,,,,,,,,,2020-03-16T23:40:00,,,,0,,,,,,,,,,,,,,
2020-03-17 01:00:00,933.8,11.6,94,0.6,203.0,1.0,195.0,0.0,,,,,,,,,,2020-03-17T00:07:00,,,,0,,,,,,,,,,,,,,
2020-03-17 02:00:00,933.4,11.5,92,1.0,216.0,1.7,203.0,0.0,,,,,,,,,,2020-03-17T01:58:00,,,,0,,,,,,,,,,,,,,
2020-03-17 03:00:00,933.1,10.9,93,1.4,204.0,1.9,200.0,0.0,,,,,,,,,,2020-03-17T02:50:00,,,,0,,,,,,,,,,,,,,
2020-03-17 04:00:00,932.8,10.0,96,1.5,212.0,2.4,195.0,0.0,,,,,,,,,,2020-03-17T03:26:00,,,,0,,,,,,,,,,,,,,
2020-03-17 05:00:00,933.2,9.9,95,1.1,205.0,2.5,212.0,0.0,,,,,,,,,,2020-03-17T04:26:00,,,,0,,,,,,,,,,,,,,
2020-03-17 06:00:00,933.8,9.8,96,0.9,229.0,2.4,227.0,0.0,,,,,,,,,,2020-03-17T05:45:00,,,,0,,,,,,,,,,,,,,
2020-03-17 07:00:00,934.3,11.6,93,0.3,68.0,1.8,200.0,0.0,,,,,,,,,,2020-03-17T06:11:00,,,,0,,,,,,,,,,,,,,
2020-03-17 08:00:00,934.3,14.0,81,0.2,0.0,1.1,31.0,0.0,,,,,,,,,,2020-03-17T07:33:00,,,,0,,,,,,,,,,,,,,
2020-03-17 09:00:00,934.4,16.7,66,0.8,47.0,1.9,19.0,0.0,,,,,,,,,,2020-03-17T08:49:00,,,,0,,,,,,,,,,,,,,
2020-03-17 10:00:00,933.9,18.0,64,1.3,26.0,3.1,34.0,0.0,,,,,,,,,,2020-03-17T09:30:00,,,,0,,,,,,,,,,,,,,
2020-03-17 11:00:00,933.2,19.0,60,1.4,11.0,3.4,36.0,0.0,,,,,,,,,,2020-03-17T10:37:00,,,,0,,,,,,,,,,,,,,
2020-03-17 12:00:00,932.0,18.7,63,1.0,41.0,4.3,61.0,0.0,,,,,,,,,,2020-03-17T11:40:00,,,,0,,,,,,,,,,,,,,
2020-03-17 13:00:00,931.3,17.9,65,2.0,71.0,7.2,52.0,0.0,,,,,,,,,,2020-03-17T12:58:00,,,,0,,,,,,,,,,,,,,
2020-03-17 14:00:00,930.5,18.0,67,2.5,70.0,8.5,72.0,0.0,,,,,,,,,,2020-03-17T13:52:00,,,,0,,,,,,,,,,,,,,
2020-03-17 15:00:00,929.9,18.0,69,1.2,354.0,6.7,64.0,0.0,,,,,,,,,,2020-03-17T14:27:00,,,,0,,,,,,,,,,,,,,
2020-03-17 16:00:00,929.8,17.2,72,0.7,268.0,5.4,39.0,0.0,,,,,,,,,,2020-03-17T15:08:00,,,,0,,,,,,,,,,,,,,
2020-03-17 17:00:00,930.3,16.7,72,0.4,233.0,3.5,51.0,0.0,,,,,,,,,,2020-03-17T16:35:00,,,,0,,,,,,,,,,,,,,
2020-03-17 18:00:00,930.6,15.8,77,0.7,93.0,2.3,150.0,0.0,,,,,,,,,,2020-03-17T17:50:00,,,,0,,,,,,,,,,,,,,
2020-03-17 19:00:00,931.5,15.4,79,0.6,226.0,1.7,172.0,0.0,,,,,,,,,,2020-03-17T18:38:00,,,,0,,,,,,,,,,,,,,
2020-03-17 20:00:00,931.7,15.0,83,0.7,172.0,1.4,165.0,0.0,,,,,,,,,,2020-03-17T19:10:00,,,,0,,,,,,,,,,,,,,
2020-03-17 21:00:00,932.2,14.7,82,0.8,173.0,1.3,155.0,0.0,,,,,,,,,,2020-03-17T20:58:00,,,,0,,,,,,,,,,,,,,
2020-03-17 22:00:00,932.5,14.7,87,0.6,220.0,1.4,163.0,0.0,,,,,,,,,,2020-03-17T21:03:00,,,,0,,,,,,,,,,,,,,
2020-03-17 23:00:00,932.2,14.8,85,1.0,208.0,1.9,226.0,0.0,,,,,,,,,,2020-03-17T22:13:00,,,,0,,,,,,,,,,,,,,
2020-03-18 00:00:00,931.6,14.5,89,0.3,209.0,1.6,198.0,0.0,,,,,,,,,,2020-03-17T23:39:00,,,,0,,,,,,,,,,,,,,
2020-03-18 01:00:00,931.1,14.6,87,0.4,208.0,1.3,231.0,0.0,,,,,,,,,,2020-03-18T00:15:00,,,,0,,,,,,,,,,,,,,
2020-03-18 02:00:00,930.6,14.3,89,0.5,233.0,1.1,218.0,0.0,,,,,,,,,,2020-03-18T01:58:00,,,,0,,,,,,,,,,,,,,
2020-03-18 03:00:00,929.9,13.8,90,0.6,236.0,1.4,208.0,0.0,,,,,,,,,,2020-03-18T02:47:00,,,,0,,,,,,,,,,,,,,
2020-03-18 04:00:00,929.6,13.3,91,1.1,222.0,2.4,200.0,0.0,,,,,,,,,,2020-03-18T03:10:00,,,,0,,,,,,,,,,,,,,
2020-03-18 05:00:00,929.9,14.1,89,0.6,236.0,2.2,217.0,0.0,,,,,,,,,,2020-03-18T04:09:00,,,,0,,,,,,,,,,,,,,
2020-03-18 06:00:00,930.2,14.3,89,0.5,231.0,1.6,215.0,0.0,,,,,,,,,,2020-03-18T05:02:00,,,,0,,,,,,,,,,,,,,
2020-03-18 07:00:00,931.0,14.9,87,0.2,0.0,1.9,262.0,0.0,,,,,,,,,,2020-03-18T06:38:00,,,,0,,,,,,,,,,,,,,
2020-03-18 08:00:00,931.1,15.9,86,0.4,100.0,1.6,295.0,0.0,,,,,,,,,,2020-03-18T07:40:00,,,,0,,,,,,,,,,,,,,
2020-03-18 09:00:00,931.5,16.4,85,0.5,29.0,1.6,23.0,0.0,,,,,,,,,,2020-03-18T08:54:00,,,,0,,,,,,,,,,,,,,
2020-03-18 10:00:00,931.2,17.4,78,0.8,74.0,1.7,46.0,0.0,,,,,,,,,,2020-03-18T09:59:00,,,,0,,,,,,,,,,,,,,
2020-03-18 11:00:00,930.5,18.7,74,1.2,92.0,3.7,128.0,0.0,,,,,,,,,,2020-03-18T10:39:00,,,,0,,,,,,,,,,,,,,
2020-03-18 12:00:00,929.5,18.9,72,1.5,149.0,4.0,80.0,0.0,,,,,,,,,,2020-03-18T11:35:00,,,,0,,,,,,,,,,,,,,
2020-03-18 13:00:00,928.6,19.5,72,0.8,16.0,2.9,22.0,0.0,,,,,,,,,,2020-03-18T12:09:00,,,,0,,,,,,,,,,,,,,
2020-03-18 14:00:00,927.6,19.8,71,1.2,120.0,4.8,35.0,0.0,,,,,,,,,,2020-03-18T13:01:00,,,,0,,,,,,,,,,,,,,
2020-03-18 15:00:00,927.2,19.8,73,1.2,65.0,4.3,71.0,0.0,,,,,,,,,,2020-03-18T14:17:00,,,,0,,,,,,,,,,,,,,
2020-03-18 16:00:00,927.2,19.5,76,0.5,32.0,3.3,88.0,0.0,,,,,,,,,,2020-03-18T15:34:00,,,,0,,,,,,,,,,,,,,
2020-03-18 17:00:00,927.7,17.9,84,2.0,126.0,3.7,96.0,0.0,,,,,,,,,,2020-03-18T16:56:00,,,,0,,,,,,,,,,,,,,
2020-03-18 18:00:00,928.1,16.7,93,1.7,118.0,3.2,110.0,0.0,,,,,,,,,,2020-03-18T17:20:00,,,,0,,,,,,,,,,,,,,
2020-03-18 19:00:00,928.6,16.1,96,0.4,179.0,3.0,123.0,0.0,,,,,,,,,,2020-03-18T18:01:00,,,,0,,,,,,,,,,,,,,
2020-03-18 20:00:00,929.1,15.9,96,0.8,218.0,1.5,194.0,0.0,,,,,,,,,,2020-03-18T19:04:00,,,,0,,,,,,,,,,,,,,
2020-03-18 21:00:00,929.0,16.6,91,1.0,218.0,2.0,225.0,0.0,,,,,,,,,,2020-03-18T20:53:00,,,,0,,,,,,,,,,,,,,
2020-03-18 22:00:00,928.7,15.9,95,0.7,192.0,1.6,213.0,0.0,,,,,,,,,,2020-03-18T21:09:00,,,,0,,,,,,,,,,,,,,
2020-03-18 23:00:00,928.5,15.8,96,0.5,245.0,1.6,196.0,0.0,,,,,,,,,,2020-03-18T22:08:00,,,,0,,,,,,,,,,,,,,
2020-03-19 00:00:00,928.1,15.4,96,0.9,221.0,1.8,244.0,0.0,,,,,,,,,,2020-03-18T23:21:00,,,,0,,,,,,,,,,,,,,
2020-03-19 01:00:00,927.8,15.4,96,0.7,229.0,2.1,209.0,0.0,,,,,,,,,,2020-03-19T00:13:00,,,,0,,,,,,,,,,,,,,
2020-03-19 02:00:00,927.4,15.5,97,0.3,220.0,1.4,219.0,0.0,,,,,,,,,,2020-03-19T01:10:00,,,,0,,,,,,,,,,,,,,
2020-03-19 03:00:00,927.0,15.8,96,0.3,168.0,1.2,230.0,0.0,,,,,,,,,,2020-03-19T02:11:00,,,,0,,,,,,,,,,,,,,
2020-03-19 04:00:00,926.9,16.0,96,0.5,192.0,1.1,217.0,0.0,,,,,,,,,,2020-03-19T03:32:00,,,,0,,,,,,,,,,,,,,
2020-03-19 05:00:00,927.0,15.7,96,0.6,175.0,1.3,213.0,0.0,,,,,,,,,,2020-03-19T04:12:00,,,,0,,,,,,,,,,,,,,
2020-03-19 06:00:00,927.6,16.0,96,0.7,202.0,1.5,221.0,0.0,,,,,,,,,,2020-03-19T05:39:00,,,,0,,,,,,,,,,,,,,
2020-03-19 07:00:00,928.1,16.6,94,0.5,217.0,1.6,221.0,0.0,,,,,,,,,,2020-03-19T06:16:00,,,,0,,,,,,,,,,,,,,
2020-03-19 08:00:00,928.5,18.0,90,0.6,71.0,1.5,236.0,0.0,,,,,,,,,,2020-03-19T07:49:00,,,,0,,,,,,,,,,,,,,
2020-03-19 09:00:00,928.3,20.5,75,1.2,91.0,2.8,71.0,0.0,,,,,,,,,,2020-03-19T08:57:00,,,,0,,,,,,,,,,,,,,
2020-03-19 10:00:00,928.2,21.0,73,1.8,76.0,5.3,54.0,0.0,,,,,,,,,,2020-03-19T09:47:00,,,,0,,,,,,,,,,,,,,
2020-03-19 11:00:00,928.1,21.8,72,1.5,89.0,4.8,102.0,0.0,,,,,,,,,,2020-03-19T10:05:00,,,,0,,,,,,,,,,,,,,
2020-03-19 12:00:00,927.3,23.0,68,1.6,33.0,5.1,88.0,0.0,,,,,,,,,,2020-03-19T11:36:00,,,,0,,,,,,,,,,,,,,
2020-03-19 13:00:00,926.4,22.7,70,1.7,60.0,4.9,95.0,0.0,,,,,,,,,,2020-03-19T12:45:00,,,,0,,,,,,,,,,,,,,
2020-03-19 14:00:00,925.9,22.8,70,1.2,12.0,4.9,343.0,0.0,,,,,,,,,,2020-03-19T13:09:00,,,,0,,,,,,,,,,,,,,
2020-03-19 15:00:00,925.4,23.1,72,1.3,333.0,6.6,79.0,0.0,,,,,,,,,,2020-03-19T14:09:00,,,,0,,,,,,,,,,,,,,
2020-03-19 16:00:00,925.4,22.1,76,1.0,125.0,3.9,197.0,0.0,,,,,,,,,,2020-03-19T15:12:00,,,,0,,,,,,,,,,,,,,
2020-03-19 17:00:00,926.1,21.4,82,0.4,313.0,2.9,83.0,0.0,,,,,,,,,,2020-03-19T16:31:00,,,,0,,,,,,,,,,,,,,
2020-03-19 18:00:00,927.0,20.3,85,0.5,202.0,3.8,11.0,0.0,,,,,,,,,,2020-03-19T17:12:00,,,,0,,,,,,,,,,,,,,
2020-03-19 19:00:00,927.7,19.1,91,1.0,175.0,2.5,175.0,0.0,,,,,,,,,,2020-03-19T18:11:00,,,,0,,,,,,,,,,,,,,
2020-03-19 20:00:00,928.6,18.7,93,0.5,172.0,2.1,191.0,0.0,,,,,,,,,,2020-03-19T19:01:00,,,,0,,,,,,,,,,,,,,
2020-03-19 21:00:00,929.2,18.2,95,0.9,210.0,1.3,199.0,0.0,,,,,,,,,,2020-03-19T20:35:00,,,,0,,,,,,,,,,,,,,
2020-03-19 22:00:00,929.7,18.4,96,0.1,0.0,1.4,225.0,0.0,,,,,,,,,,2020-03-19T21:08:00,,,,0,,,,,,,,,,,,,,
2020-03-19 23:00:00,929.7,18.2,98,0.0,0.0,1.4,181.0,0.0,,,,,,,,,,2020-03-19T22:19:00,,,,0,,,,,,,,,,,,,,
2020-03-20 00:00:00,929.7,18.1,100,0.0,0.0,0.9,222.0,0.0,,,,,,,,,,2020-03-19T23:44:00,,,,0,,,,,,,,,,,,,,
2020-03-20 01:00:00,929.3,17.9,100,0.3,162.0,1.0,144.0,0.0,,,,,,,,,,2020-03-20T00:54:00,,,,0,,,,,,,,,,,,,,
2020-03-20 02:00:00,928.8,17.8,99,0.2,0.0,1.2,194.0,0.0,,,,,,,,,,2020-03-20T01:29:00,,,,0,,,,,,,,,,,,,,
2020-03-20 03:00:00,928.5,17.7,98,0.3,216.0,1.3,234.0,0.0,,,,,,,,,,2020-03-20T02:08:00,,,,0,,,,,,,,,,,,,,
2020-03-20 04:00:00,928.4,17.3,98,0.4,171.0,0.9,194.0,0.0,,,,,,,,,,2020-03-20T03:11:00,,,,0,,,,,,,,,,,,,,
2020-03-20 05:00:00,928.8,17.4,100,0.1,0.0,0.9,144.0,0.0,,,,,,,,,,2020-03-20T04:02:00,,,,0,,,,,,,,,,,,,,
2020-03-20 06:00:00,929.1,17.3,100,0.1,0.0,0.6,89.0,0.0,,,,,,,,,,2020-03-20T05:06:00,,,,0,,,,,,,,,,,,,,
2020-03-20 07:00:00,929.6,17.3,99,0.4,81.0,1.8,107.0,0.0,,,,,,,,,,2020-03-20T06:44:00,,,,0,,,,,,,,,,,,,,
2020-03-20 08:00:00,930.5,17.2,100,0.4,92.0,1.6,78.0,0.0,,,,,,,,,,2020-03-20T07:58:00,,,,0,,,,,,,,,,,,,,
2020-03-20 09:00:00,931.0,17.7,97,0.9,106.0,2.1,95.0,0.0,,,,,,,,,,2020-03-20T08:39:00,,,,0,,,,,,,,,,,,,,
2020-03-20 10:00:00,930.8,19.3,90,1.3,72.0,3.1,102.0,0.0,,,,,,,,,,2020-03-20T09:56:00,,,,0,,,,,,,,,,,,,,
2020-03-20 11:00:00,930.4,19.8,87,1.2,123.0,4.1,196.0,0.0,,,,,,,,,,2020-03-20T10:20:00,,,,0,,,,,,,,,,,,,,
2020-03-20 12:00:00,929.7,19.2,84,2.1,110.0,5.7,194.0,0.0,,,,,,,,,,2020-03-20T11:35:00,,,,0,,,,,,,,,,,,,,
2020-03-20 13:00:00,929.5,18.4,89,1.3,158.0,6.2,92.0,0.0,,,,,,,,,,2020-03-20T12:19:00,,,,0,,,,,,,,,,,,,,
2020-03-20 14:00:00,928.6,18.0,93,1.6,104.0,3.7,114.0,0.0,,,,,,,,,,2020-03-20T13:42:00,,,,0,,,,,,,,,,,,,,
2020-03-20 15:00:00,928.2,17.7,95,0.4,113.0,3.9,89.0,0.0,,,,,,,,,,2020-03-20T14:01:00,,,,0,,,,,,,,,,,,,,
2020-03-20 16:00:00,928.3,17.6,96,0.6,83.0,2.0,78.0,0.0,,,,,,,,,,2020-03-20T15:42:00,,,,0,,,,,,,,,,,,,,
2020-03-20 17:00:00,928.2,17.2,99,0.2,0.0,2.5,88.0,0.0,,,,,,,,,,2020-03-20T16:42:00,,,,0,,,,,,,,,,,,,,
2020-03-20 18:00:00,928.6,17.1,99,0.3,75.0,1.2,99.0,0.0,,,,,,,,,,2020-03-20T17:16:00,,,,0,,,,,,,,,,,,,,
2020-03-20 19:00:00,929.1,16.9,100,0.8,97.0,1.4,81.0,0.0,,,,,,,,,,2020-03-20T18:12:00,,,,0,,,,,,,,,,,,,,
2020-03-20 20:00:00,929.8,17.0,100,0.2,0.0,1.5,94.0,0.0,,,,,,,,,,2020-03-20T19:18:00,,,,0,,,,,,,,,,,,,,
2020-03-20 21:00:00,930.6,17.0,100,0.1,0.0,0.9,287.0,0.0,,,,,,,,,,2020-03-20T20:59:00,,,,0,,,,,,,,,,,,,,
2020-03-20 22:00:00,930.6,16.8,100,0.3,218.0,0.9,218.0,0.0,,,,,,,,,,2020-03-20T22:00:00,,,,0,,,,,,,,,,,,,,
2020-03-20 23:00:00,930.5,16.9,99,0.4,223.0,1.1,231.0,0.0,,,,,,,,,,2020-03-20T22:45:00,,,,0,,,,,,,,,,,,,,
2020-03-21 00:00:00,930.3,16.8,99,0.2,0.0,1.3,207.0,0.0,,,,,,,,,,2020-03-20T23:02:00,,,,0,,,,,,,,,,,,,,
2020-03-21 01:00:00,929.6,16.6,98,0.7,232.0,1.4,212.0,0.0,,,,,,,,,,2020-03-21T00:39:00,,,,0,,,,,,,,,,,,,,
2020-03-21 02:00:00,929.0,17.0,92,0.9,252.0,2.9,320.0,0.0,,,,,,,,,,2020-03-21T01:47:00,,,,0,,,,,,,,,,,,,,
2020-03-21 03:00:00,928.9,16.0,92,1.3,223.0,2.3,218.0,0.0,,,,,,,,,,2020-03-21T02:50:00,,,,0,,,,,,,,,,,,,,
2020-03-21 04:00:00,929.1,16.0,86,0.8,258.0,2.9,288.0,0.0,,,,,,,,,,2020-03-21T03:25:00,,,,0,,,,,,,,,,,,,,
2020-03-21 05:00:00,929.7,15.2,89,1.2,233.0,3.2,243.0,0.0,,,,,,,,,,2020-03-21T04:01:00,,,,0,,,,,,,,,,,,,,
2020-03-21 06:00:00,930.3,15.4,86,0.8,240.0,2.8,278.0,0.0,,,,,,,,,,2020-03-21T05:35:00,,,,0,,,,,,,,,,,,,,
2020-03-21 07:00:00,930.9,16.2,83,0.4,292.0,3.8,290.0,0.0,,,,,,,,,,2020-03-21T06:38:00,,,,0,,,,,,,,,,,,,,
2020-03-21 08:00:00,931.4,19.3,72,0.5,355.0,1.6,356.0,0.0,,,,,,,,,,2020-03-21T07:58:00,,,,0,,,,,,,,,,,,,,
2020-03-21 09:00:00,931.9,20.9,69,0.4,27.0,1.6,56.0,0.0,,,,,,,,,,2020-03-21T08:41:00,,,,0,,,,,,,,,,,,,,
2020-03-21 10:00:00,931.5,22.2,61,1.7,109.0,3.6,84.0,0.0,,,,,,,,,,2020-03-21T10:00:00,,,,0,,,,,,,,,,,,,,
2020-03-21 11:00:00,930.7,23.0,61,1.7,66.0,5.0,73.0,0.0,,,,,,,,,,2020-03-21T10:50:00,,,,0,,,,,,,,,,,,,,
2020-03-21 12:00:00,929.6,23.6,61,2.8,101.0,5.9,105.0,0.0,,,,,,,,,,2020-03-21T11:25:00,,,,0,,,,,,,,,,,,,,
2020-03-21 13:00:00,929.0,24.6,57,1.2,104.0,6.8,145.0,0.0,,,,,,,,,,2020-03-21T12:02:00,,,,0,,,,,,,,,,,,,,
2020-03-21 14:00:00,928.0,24.4,60,2.3,63.0,7.7,52.0,0.0,,,,,,,,,,2020-03-21T13:21:00,,,,0,,,,,,,,,,,,,,
2020-03-21 15:00:00,927.6,25.0,59,1.1,34.0,5.2,41.0,0.0,,,,,,,,,,2020-03-21T14:37:00,,,,0,,,,,,,,,,,,,,
2020-03-21 16:00:00,927.6,23.6,69,0.9,16.0,5.8,71.0,0.0,,,,,,,,,,2020-03-21T15:27:00,,,,0,,,,,,,,,,,,,,
2020-03-21 17:00:00,927.8,21.9,77,0.6,160.0,3.3,98.0,0.0,,,,,,,,,,2020-03-21T16:18:00,,,,0,,,,,,,,,,,,,,
2020-03-21 18:00:00,928.2,20.1,85,0.9,156.0,3.3,235.0,0.0,,,,,,,,,,2020-03-21T17:12:00,,,,0,,,,,,,,,,,,,,
2020-03-21 19:00:00,928.7,18.5,90,1.7,200.0,2.5,123.0,0.0,,,,,,,,,,2020-03-21T18:03:00,,,,0,,,,,,,,,,,,,,
2020-03-21 20:00:00,929.0,18.6,91,1.1,216.0,2.3,214.0,0.0,,,,,,,,,,2020-03-21T19:27:00,,,,0,,,,,,,,,,,,,,
2020-03-21 21:00:00,929.3,18.5,92,1.0,211.0,1.7,203.0,0.0,,,,,,,,,,2020-03-21T20:05:00,,,,0,,,,,,,,,,,,,,
2020-03-21 22:00:00,929.1,17.9,93,1.1,213.0,1.9,200.0,0.0,,,,,,,,,,2020-03-21T21:36:00,,,,0,,,,,,,,,,,,,,
2020-03-21 23:00:00,928.9,17.2,95,1.4,211.0,2.5,208.0,0.0,,,,,,,,,,2020-03-21T22:29:00,,,,0,,,,,,,,,,,,,,
2020-03-22 00:00:00,928.8,16.5,97,1.6,209.0,2.0,233.0,0.0,,,,,,,,,,2020-03-21T23:29:00,,,,0,,,,,,,,,,,,,,
2020-03-22 01:00:00,928.2,16.1,97,0.9,196.0,2.0,219.0,0.0,,,,,,,,,,2020-03-22T00:41:00,,,,0,,,,,,,,,,,,,,
2020-03-22 02:00:00,927.7,15.9,96,0.9,219.0,2.1,200.0,0.0,,,,,,,,,,2020-03-22T01:46:00,,,,0,,,,,,,,,,,,,,
2020-03-22 03:00:00,927.0,15.7,97,1.2,195.0,2.1,195.0,0.0,,,,,,,,,,2020-03-22T02:04:00,,,,0,,,,,,,,,,,,,,
2020-03-22 04:00:00,926.7,15.1,98,1.4,222.0,2.2,209.0,0.0,,,,,,,,,,2020-03-22T03:34:00,,,,0,,,,,,,,,,,,,,
2020-03-22 05:00:00,927.0,15.2,96,1.0,214.0,2.2,192.0,0.0,,,,,,,,,,2020-03-22T04:49:00,,,,0,,,,,,,,,,,,,,
2020-03-22 06:00:00,927.5,15.0,95,1.3,205.0,2.2,198.0,0.0,,,,,,,,,,2020-03-22T05:16:00,,,,0,,,,,,,,,,,,,,
2020-03-22 07:00:00,928.1,16.7,90,0.4,234.0,1.9,197.0,0.0,,,,,,,,,,2020-03-22T06:24:00,,,,0,,,,,,,,,,,,,,
2020-03-22 08:00:00,928.3,20.2,78,0.2,0.0,1.3,321.0,0.0,,,,,,,,,,2020-03-22T07:16:00,,,,0,,,,,,,,,,,,,,
2020-03-22 09:00:00,928.3,21.9,69,1.0,72.0,2.5,68.0,0.0,,,,,,,,,,2020-03-22T08:57:00,,,,0,,,,,,,,,,,,,,
2020-03-22 10:00:00,927.9,23.7,69,1.1,68.0,3.5,94.0,0.0,,,,,,,,,,2020-03-22T09:03:00,,,,0,,,,,,,,,,,,,,
2020-03-22 11:00:00,927.7,24.9,64,1.5,46.0,5.0,66.0,0.0,,,,,,,,,,2020-03-22T10:28:00,,,,0,,,,,,,,,,,,,,
2020-03-22 12:00:00,926.9,26.3,60,1.4,52.0,5.2,92.0,0.0,,,,,,,,,,2020-03-22T11:31:00,,,,0,,,,,,,,,,,,,,
2020-03-22 13:00:00,926.0,26.3,62,1.9,76.0,5.1,75.0,0.0,,,,,,,,,,2020-03-22T12:09:00,,,,0,,,,,,,,,,,,,,
2020-03-22 14:00:00,925.1,26.7,59,1.5,91.0,5.4,75.0,0.0,,,,,,,,,,2020-03-22T13:06:00,,,,0,,,,,,,,,,,,,,
2020-03-22 15:00:00,924.6,26.5,62,1.2,84.0,5.2,35.0,0.0,,,,,,,,,,2020-03-22T14:13:00,,,,0,,,,,,,,,,,,,,
2020-03-22 16:00:00,924.6,26.0,66,1.3,163.0,3.0,179.0,0.0,,,,,,,,,,2020-03-22T15:25:00,,,,0,,,,,,,,,,,,,,
2020-03-22 17:00:00,924.8,24.2,73,1.3,143.0,4.2,173.0,0.0,,,,,,,,,,2020-03-22T16:18:00,,,,0,,,,,,,,,,,,,,
2020-03-22 18:00:00,925.2,22.1,81,2.3,205.0,3.0,206.0,0.0,,,,,,,,,,2020-03-22T17:54:00,,,,0,,,,,,,,,,,,,,
2020-03-22 19:00:00,925.8,20.2,88,1.7,218.0,2.8,200.0,0.0,,,,,,,,,,2020-03-22T18:07:00,,,,0,,,,,,,,,,,,,,
2020-03-22 20:00:00,926.7,19.8,90,1.9,221.0,2.9,198.0,0.0,,,,,,,,,,2020-03-22T19:14:00,,,,0,,,,,,,,,,,,,,
2020-03-22 21:00:00,927.4,19.1,84,1.5,207.0,2.7,202.0,0.0,,,,,,,,,,2020-03-22T20:09:00,,,,0,,,,,,,,,,,,,,
2020-03-22 22:00:00,927.8,18.6,80,1.2,199.0,3.0,199.0,0.0,,,,,,,,,,2020-03-22T21:05:00,,,,0,,,,,,,,,,,,,,
2020-03-22 23:00:00,927.8,18.1,79,1.7,206.0,2.6,201.0,0.0,,,,,,,,,,2020-03-22T22:57:00,,,,0,,,,,,,,,,,,,,
2020-03-23 00:00:00,927.8,17.6,81,1.8,216.0,2.9,203.0,0.0,,,,,,,,,,2020-03-22T23:55:00,,,,0,,,,,,,,,,,,,,
2020-03-23 01:00:00,927.5,17.3,82,1.7,192.0,2.7,200.0,0.0,,,,,,,,,,2020-03-23T00:05:00,,,,0,,,,,,,,,,,,,,
2020-03-23 02:00:00,927.8,16.8,84,1.5,217.0,2.3,203.0,0.0,,,,,,,,,,2020-03-23T01:10:00,,,,0,,,,,,,,,,,,,,
2020-03-23 03:00:00,927.8,16.8,88,1.6,214.0,2.7,202.0,0.0,,,,,,,,,,2020-03-23T02:24:00,,,,0,,,,,,,,,,,,,,
2020-03-23 04:00:00,928.0,16.3,91,1.5,206.0,2.4,207.0,0.0,,,,,,,,,,2020-03-23T03:07:00,,,,0,,,,,,,,,,,,,,
2020-03-23 05:00:00,928.3,16.2,92,1.3,203.0,2.8,197.0,0.0,,,,,,,,,,2020-03-23T04:07:00,,,,0,,,,,,,,,,,,,,
2020-03-23 06:00:00,928.9,16.2,92,1.6,215.0,2.2,211.0,0.0,,,,,,,,,,2020-03-23T05:59:00,,,,0,,,,,,,,,,,,,,
2020-03-23 07:00:00,929.4,18.6,80,0.0,0.0,2.2,198.0,0.0,,,,,,,,,,2020-03-23T06:02:00,,,,0,,,,,,,,,,,,,,
2020-03-23 08:00:00,929.8,20.9,71,0.3,28.0,1.4,127.0,0.0,,,,,,,,,,2020-03-23T07:19:00,,,,0,,,,,,,,,,,,,,
2020-03-23 09:00:00,929.8,22.6,64,1.7,92.0,4.4,103.0,0.0,,,,,,,,,,2020-03-23T08:59:00,,,,0,,,,,,,,,,,,,,
2020-03-23 10:00:00,929.6,23.6,72,1.5,77.0,4.3,81.0,0.0,,,,,,,,,,2020-03-23T09:57:00,,,,0,,,,,,,,,,,,,,
2020-03-23 11:00:00,929.2,22.8,77,2.4,91.0,6.3,88.0,0.0,,,,,,,,,,2020-03-23T10:36:00,,,,0,,,,,,,,,,,,,,
2020-03-23 12:00:00,928.3,24.0,72,2.1,67.0,5.4,79.0,0.0,,,,,,,,,,2020-03-23T11:56:00,,,,0,,,,,,,,,,,,,,
2020-03-23 13:00:00,927.5,24.8,69,1.5,46.0,6.0,33.0,0.0,,,,,,,,,,2020-03-23T12:42:00,,,,0,,,,,,,,,,,,,,
2020-03-23 14:00:00,926.8,24.2,70,1.9,68.0,6.2,64.0,0.0,,,,,,,,,,2020-03-23T13:16:00,,,,0,,,,,,,,,,,,,,
2020-03-23 15:00:00,926.5,23.4,74,1.5,40.0,5.9,75.0,0.0,,,,,,,,,,2020-03-23T14:01:00,,,,0,,,,,,,,,,,,,,
2020-03-23 16:00:00,926.8,22.7,80,1.5,86.0,6.2,62.0,0.0,,,,,,,,,,2020-03-23T15:25:00,,,,0,,,,,,,,,,,,,,
2020-03-23 17:00:00,927.1,20.9,89,1.4,130.0,4.7,94.0,0.0,,,,,,,,,,2020-03-23T16:01:00,,,,0,,,,,,,,,,,,,,
2020-03-23 18:00:00,927.8,19.9,93,1.4,138.0,3.5,104.0,0.0,,,,,,,,,,2020-03-23T17:07:00,,,,0,,,,,,,,,,,,,,
2020-03-23 19:00:00,928.5,19.2,96,1.2,118.0,3.5,131.0,0.0,,,,,,,,,,2020-03-23T18:49:00,,,,0,,,,,,,,,,,,,,
2020-03-23 20:00:00,929.3,18.6,96,1.4,152.0,3.8,191.0,0.0,,,,,,,,,,2020-03-23T19:18:00,,,,0,,,,,,,,,,,,,,
2020-03-23 21:00:00,930.2,18.5,95,1.3,147.0,3.0,108.0,0.0,,,,,,,,,,2020-03-23T20:05:00,,,,0,,,,,,,,,,,,,,
2020-03-23 22:00:00,930.4,18.6,93,0.8,148.0,2.0,172.0,0.0,,,,,,,,,,2020-03-23T21:04:00,,,,0,,,,,,,,,,,,,,
2020-03-23 23:00:00,930.5,18.1,97,0.2,0.0,1.8,98.0,0.0,,,,,,,,,,2020-03-23T22:25:00,,,,0,,,,,,,,,,,,,,
2020-03-24 00:00:00,930.3,17.8,98,0.0,0.0,2.4,110.0,0.0,,,,,,,,,,2020-03-23T23:09:00,,,,0,,,,,,,,,,,,,,
2020-03-24 01:00:00,929.8,17.6,100,0.0,0.0,0.9,86.0,0.0,,,,,,,,,,2020-03-24T00:40:00,,,,0,,,,,,,,,,,,,,
2020-03-24 02:00:00,929.4,17.4,100,0.0,0.0,0.8,62.0,0.0,,,,,,,,,,2020-03-24T01:11:00,,,,0,,,,,,,,,,,,,,
2020-03-24 03:00:00,928.8,17.3,100,0.0,0.0,1.0,98.0,0.0,,,,,,,,,,2020-03-24T02:33:00,,,,0,,,,,,,,,,,,,,
2020-03-24 04:00:00,928.6,17.0,100,0.0,0.0,1.9,131.0,0.0,,,,,,,,,,2020-03-24T03:21:00,,,,0,,,,,,,,,,,,,,
2020-03-24 05:00:00,929.0,17.0,100,0.3,74.0,1.5,80.0,0.0,,,,,,,,,,2020-03-24T04:36:00,,,,0,,,,,,,,,,,,,,
2020-03-24 06:00:00,929.2,16.9,100,0.0,0.0,0.9,78.0,0.0,,,,,,,,,,2020-03-24T05:21:00,,,,0,,,,,,,,,,,,,,
2020-03-24 07:00:00,929.7,17.0,100,0.0,0.0,0.5,99.0,0.0,,,,,,,,,,2020-03-24T06:44:00,,,,0,,,,,,,,,,,,,,
2020-03-24 08:00:00,930.5,17.2,100,1.2,102.0,2.5,115.0,0.0,,,,,,,,,,2020-03-24T07:49:00,,,,0,,,,,,,,,,,,,,
2020-03-24 09:00:00,930.8,17.9,95,0.5,80.0,2.3,86.0,0.0,,,,,,,,,,2020-03-24T08:12:00,,,,0,,,,,,,,,,,,,,
2020-03-24 10:00:00,930.7,18.5,93,0.9,69.0,2.1,97.0,0.0,,,,,,,,,,2020-03-24T09:08:00,,,,0,,,,,,,,,,,,,,
2020-03-24 11:00:00,930.0,19.9,85,0.7,70.0,1.8,95.0,0.0,,,,,,,,,,2020-03-24T10:08:00,,,,0,,,,,,,,,,,,,,
2020-03-24 12:00:00,929.4,20.7,82,1.0,75.0,3.7,92.0,0.0,,,,,,,,,,2020-03-24T11:16:00,,,,0,,,,,,,,,,,,,,
2020-03-24 13:00:00,928.7,21.4,75,1.9,121.0,4.4,111.0,0.0,,,,,,,,,,2020-03-24T12:52:00,,,,0,,,,,,,,,,,,,,
2020-03-24 14:00:00,927.9,21.5,77,1.0,57.0,4.3,95.0,0.0,,,,,,,,,,2020-03-24T13:02:00,,,,0,,,,,,,,,,,,,,
2020-03-24 15:00:00,927.6,21.1,77,2.0,108.0,5.5,66.0,0.0,,,,,,,,,,2020-03-24T14:57:00,,,,0,,,,,,,,,,,,,,
2020-03-24 16:00:00,927.8,20.2,83,0.9,145.0,4.1,119.0,0.0,,,,,,,,,,2020-03-24T15:04:00,,,,0,,,,,,,,,,,,,,
2020-03-24 17:00:00,928.4,19.9,85,0.6,261.0,3.5,55.0,0.0,,,,,,,,,,2020-03-24T16:38:00,,,,0,,,,,,,,,,,,,,
2020-03-24 18:00:00,928.7,19.2,88,1.0,194.0,3.2,200.0,0.0,,,,,,,,,,2020-03-24T17:56:00,,,,0,,,,,,,,,,,,,,
2020-03-24 19:00:00,929.0,19.0,90,0.9,118.0,1.7,163.0,0.0,,,,,,,,,,2020-03-24T18:14:00,,,,0,,,,,,,,,,,,,,
2020-03-24 20:00:00,929.8,18.6,94,0.2,0.0,1.4,105.0,0.0,,,,,,,,,,2020-03-24T19:21:00,,,,0,,,,,,,,,,,,,,
2020-03-24 21:00:00,930.3,18.5,96,0.0,0.0,1.1,126.0,0.0,,,,,,,,,,2020-03-24T20:19:00,,,,0,,,,,,,,,,,,,,
2020-03-24 22:00:00,930.4,18.1,98,0.0,0.0,0.5,266.0,0.0,,,,,,,,,,2020-03-24T21:08:00,,,,0,,,,,,,,,,,,,,
2020-03-24 23:00:00,930.1,17.4,97,0.6,223.0,1.2,197.0,0.0,,,,,,,,,,2020-03-24T22:41:00,,,,0,,,,,,,,,,,,,,
2020-03-25 00:00:00,929.8,17.2,97,0.7,209.0,2.0,201.0,0.0,,,,,,,,,,2020-03-24T23:39:00,,,,0,,,,,,,,,,,,,,
2020-03-25 01:00:00,929.6,17.2,95,1.2,219.0,2.2,223.0,0.0,,,,,,,,,,2020-03-25T00:48:00,,,,0,,,,,,,,,,,,,,
2020-03-25 02:00:00,929.0,15.6,96,1.4,215.0,2.3,196.0,0.0,,,,,,,,,,2020-03-25T01:23:00,,,,0,,,,,,,,,,,,,,
2020-03-25 03:00:00,929.1,15.2,95,1.2,222.0,2.7,213.0,0.0,,,,,,,,,,2020-03-25T02:35:00,,,,0,,,,,,,,,,,,,,
2020-03-25 04:00:00,929.2,15.1,92,1.4,208.0,2.5,206.0,0.0,,,,,,,,,,2020-03-25T03:08:00,,,,0,,,,,,,,,,,,,,
2020-03-25 05:00:00,929.2,15.7,86,1.3,267.0,3.1,298.0,0.0,,,,,,,,,,2020-03-25T04:54:00,,,,0,,,,,,,,,,,,,,
2020-03-25 06:00:00,929.1,15.5,87,0.3,226.0,3.2,308.0,0.0,,,,,,,,,,2020-03-25T05:16:00,,,,0,,,,,,,,,,,,,,
2020-03-25 07:00:00,929.4,17.4,76,0.3,3.0,2.6,305.0,0.0,,,,,,,,,,2020-03-25T06:32:00,,,,0,,,,,,,,,,,,,,
2020-03-25 08:00:00,929.5,19.8,68,0.5,49.0,1.5,32.0,0.0,,,,,,,,,,2020-03-25T07:49:00,,,,0,,,,,,,,,,,,,,
2020-03-25 09:00:00,929.9,22.2,60,0.6,86.0,3.2,129.0,0.0,,,,,,,,,,2020-03-25T08:32:00,,,,0,,,,,,,,,,,,,,
2020-03-25 10:00:00,929.9,22.3,67,1.9,53.0,5.4,57.0,0.0,,,,,,,,,,2020-03-25T09:58:00,,,,0,,,,,,,,,,,,,,
2020-03-25 11:00:00,929.3,23.9,65,1.8,58.0,5.8,58.0,0.0,,,,,,,,,,2020-03-25T10:01:00,,,,0,,,,,,,,,,,,,,
2020-03-25 12:00:00,928.5,24.5,61,1.9,66.0,6.9,81.0,0.0,,,,,,,,,,2020-03-25T11:31:00,,,,0,,,,,,,,,,,,,,
2020-03-25 13:00:00,927.7,25.4,59,1.9,29.0,7.0,81.0,0.0,,,,,,,,,,2020-03-25T12:32:00,,,,0,,,,,,,,,,,,,,
2020-03-25 14:00:00,927.2,25.3,58,1.6,35.0,5.2,69.0,0.0,,,,,,,,,,2020-03-25T13:39:00,,,,0,,,,,,,,,,,,,,
2020-03-25 15:00:00,927.1,24.3,66,1.3,8.0,7.4,68.0,0.0,,,,,,,,,,2020-03-25T14:12:00,,,,0,,,,,,,,,,,,,,
2020-03-25 16:00:00,927.3,23.3,68,1.3,67.0,5.2,83.0,0.0,,,,,,,,,,2020-03-25T15:46:00,,,,0,,,,,,,,,,,,,,
2020-03-25 17:00:00,927.5,21.8,77,0.7,39.0,4.5,94.0,0.0,,,,,,,,,,2020-03-25T16:07:00,,,,0,,,,,,,,,,,,,,
2020-03-25 18:00:00,927.6,21.1,81,1.4,194.0,3.6,87.0,0.0,,,,,,,,,,2020-03-25T17:02:00,,,,0,,,,,,,,,,,,,,
2020-03-25 19:00:00,928.2,20.5,86,0.3,212.0,3.0,39.0,0.0,,,,,,,,,,2020-03-25T18:07:00,,,,0,,,,,,,,,,,,,,
2020-03-25 20:00:00,928.5,19.6,91,0.7,215.0,2.5,155.0,0.0,,,,,,,,,,2020-03-25T19:10:00,,,,0,,,,,,,,,,,,,,
2020-03-25 21:00:00,929.1,18.7,92,1.7,202.0,2.6,195.0,0.0,,,,,,,,,,2020-03-25T20:54:00,,,,0,,,,,,,,,,,,,,
2020-03-25 22:00:00,929.6,18.3,93,1.2,205.0,2.5,198.0,0.0,,,,,,,,,,2020-03-25T21:06:00,,,,0,,,,,,,,,,,,,,
2020-03-25 23:00:00,930.0,18.3,94,1.0,203.0,2.2,194.0,0.0,,,,,,,,,,2020-03-25T22:17:00,,,,0,,,,,,,,,,,,,,
2020-03-26 00:00:00,930.1,17.2,94,1.7,214.0,2.3,197.0,0.0,,,,,,,,,,2020-03-25T23:21:00,,,,0,,,,,,,,,,,,,,
2020-03-26 01:00:00,930.1,18.0,86,1.0,285.0,3.3,284.0,0.0,,,,,,,,,,2020-03-26T00:48:00,,,,0,,,,,,,,,,,,,,
2020-03-26 02:00:00,929.9,16.3,90,1.8,212.0,3.0,221.0,0.0,,,,,,,,,,2020-03-26T01:24:00,,,,0,,,,,,,,,,,,,,
2020-03-26 03:00:00,929.5,15.6,90,1.6,208.0,2.7,203.0,0.0,,,,,,,,,,2020-03-26T02:24:00,,,,0,,,,,,,,,,,,,,
2020-03-26 04:00:00,929.3,15.6,87,1.4,219.0,2.6,217.0,0.0,,,,,,,,,,2020-03-26T03:08:00,,,,0,,,,,,,,,,,,,,
2020-03-26 05:00:00,929.6,15.6,85,1.0,212.0,2.2,218.0,0.0,,,,,,,,,,2020-03-26T05:00:00,,,,0,,,,,,,,,,,,,,
2020-03-26 06:00:00,930.1,15.2,86,1.1,206.0,2.6,237.0,0.0,,,,,,,,,,2020-03-26T05:43:00,,,,0,,,,,,,,,,,,,,
2020-03-26 07:00:00,930.2,18.2,68,0.6,328.0,2.7,298.0,0.0,,,,,,,,,,2020-03-26T06:59:00,,,,0,,,,,,,,,,,,,,
2020-03-26 08:00:00,930.3,20.7,63,0.6,83.0,4.2,317.0,0.0,,,,,,,,,,2020-03-26T07:01:00,,,,0,,,,,,,,,,,,,,
2020-03-26 09:00:00,930.4,22.2,56,0.4,153.0,1.8,89.0,0.0,,,,,,,,,,2020-03-26T08:13:00,,,,0,,,,,,,,,,,,,,
2020-03-26 10:00:00,930.0,23.9,64,2.0,61.0,4.8,99.0,0.0,,,,,,,,,,2020-03-26T09:43:00,,,,0,,,,,,,,,,,,,,
2020-03-26 11:00:00,929.4,25.5,60,1.5,358.0,5.8,72.0,0.0,,,,,,,,,,2020-03-26T10:39:00,,,,0,,,,,,,,,,,,,,
2020-03-26 12:00:00,929.1,25.2,66,2.1,118.0,8.4,72.0,0.0,,,,,,,,,,2020-03-26T11:20:00,,,,0,,,,,,,,,,,,,,
2020-03-26 13:00:00,928.7,23.6,74,1.7,97.0,5.3,89.0,0.0,,,,,,,,,,2020-03-26T12:45:00,,,,0,,,,,,,,,,,,,,
2020-03-26 14:00:00,928.3,22.9,75,1.3,88.0,7.0,92.0,0.0,,,,,,,,,,2020-03-26T13:14:00,,,,0,,,,,,,,,,,,,,
2020-03-26 15:00:00,927.8,23.2,74,0.8,263.0,4.2,29.0,0.0,,,,,,,,,,2020-03-26T14:29:00,,,,0,,,,,,,,,,,,,,
2020-03-26 16:00:00,927.5,22.6,79,1.0,339.0,4.0,218.0,0.0,,,,,,,,,,2020-03-26T15:16:00,,,,0,,,,,,,,,,,,,,
2020-03-26 17:00:00,927.6,22.0,82,0.8,235.0,3.9,47.0,0.0,,,,,,,,,,2020-03-26T16:01:00,,,,0,,,,,,,,,,,,,,
2020-03-26 18:00:00,928.0,20.9,89,0.3,203.0,2.2,211.0,0.0,,,,,,,,,,2020-03-26T17:05:00,,,,0,,,,,,,,,,,,,,
2020-03-26 19:00:00,928.3,19.8,92,1.4,199.0,1.7,207.0,0.0,,,,,,,,,,2020-03-26T18:50:00,,,,0,,,,,,,,,,,,,,
2020-03-26 20:00:00,928.9,19.2,94,1.0,196.0,1.6,207.0,0.0,,,,,,,,,,2020-03-26T19:03:00,,,,0,,,,,,,,,,,,,,
2020-03-26 21:00:00,929.7,18.8,94,1.5,202.0,2.2,201.0,0.0,,,,,,,,,,2020-03-26T21:00:00,,,,0,,,,,,,,,,,,,,
2020-03-26 22:00:00,930.1,19.2,93,1.0,212.0,2.1,201.0,0.0,,,,,,,,,,2020-03-26T21:01:00,,,,0,,,,,,,,,,,,,,
2020-03-26 23:00:00,930.4,18.5,86,1.4,220.0,2.4,225.0,0.0,,,,,,,,,,2020-03-26T22:47:00,,,,0,,,,,,,,,,,,,,
2020-03-27 00:00:00,930.3,18.2,86,0.8,211.0,2.6,203.0,0.0,,,,,,,,,,2020-03-26T23:36:00,,,,0,,,,,,,,,,,,,,
2020-03-27 01:00:00,929.8,17.3,91,1.0,217.0,2.3,212.0,0.0,,,,,,,,,,2020-03-27T00:30:00,,,,0,,,,,,,,,,,,,,
2020-03-27 02:00:00,929.2,17.1,83,1.0,227.0,2.5,236.0,0.0,,,,,,,,,,2020-03-27T01:38:00,,,,0,,,,,,,,,,,,,,
2020-03-27 03:00:00,928.6,16.0,88,1.4,206.0,2.6,267.0,0.0,,,,,,,,,,2020-03-27T02:04:00,,,,0,,,,,,,,,,,,,,
2020-03-27 04:00:00,928.3,15.2,89,1.4,198.0,2.8,203.0,0.0,,,,,,,,,,2020-03-27T03:08:00,,,,0,,,,,,,,,,,,,,
2020-03-27 05:00:00,928.5,15.2,85,2.1,203.0,2.7,199.0,0.0,,,,,,,,,,2020-03-27T04:51:00,,,,0,,,,,,,,,,,,,,
2020-03-27 06:00:00,928.9,15.0,86,1.5,219.0,2.6,221.0,0.0,,,,,,,,,,2020-03-27T05:39:00,,,,0,,,,,,,,,,,,,,
2020-03-27 07:00:00,929.3,17.6,76,0.2,0.0,2.5,196.0,0.0,,,,,,,,,,2020-03-27T06:02:00,,,,0,,,,,,,,,,,,,,
2020-03-27 08:00:00,929.6,20.4,65,0.2,0.0,1.7,32.0,0.0,,,,,,,,,,2020-03-27T07:42:00,,,,0,,,,,,,,,,,,,,
2020-03-27 09:00:00,929.7,23.3,60,0.6,343.0,1.5,328.0,0.0,,,,,,,,,,2020-03-27T08:58:00,,,,0,,,,,,,,,,,,,,
2020-03-27 10:00:00,929.6,25.0,62,1.0,12.0,2.6,86.0,0.0,,,,,,,,,,2020-03-27T09:25:00,,,,0,,,,,,,,,,,,,,
2020-03-27 11:00:00,929.1,25.0,65,2.1,51.0,6.3,24.0,0.0,,,,,,,,,,2020-03-27T10:57:00,,,,0,,,,,,,,,,,,,,
2020-03-27 12:00:00,928.3,26.0,62,1.9,113.0,6.7,130.0,0.0,,,,,,,,,,2020-03-27T11:25:00,,,,0,,,,,,,,,,,,,,
2020-03-27 13:00:00,927.5,26.0,65,1.5,40.0,6.3,148.0,0.0,,,,,,,,,,2020-03-27T12:24:00,,,,0,,,,,,,,,,,,,,
2020-03-27 14:00:00,926.8,23.8,77,1.9,79.0,7.0,72.0,0.0,,,,,,,,,,2020-03-27T13:02:00,,,,0,,,,,,,,,,,,,,
2020-03-27 15:00:00,926.6,22.8,84,1.9,139.0,6.8,96.0,0.0,,,,,,,,,,2020-03-27T14:55:00,,,,0,,,,,,,,,,,,,,
2020-03-27 16:00:00,926.7,21.3,90,2.2,124.0,6.6,131.0,0.0,,,,,,,,,,2020-03-27T15:46:00,,,,0,,,,,,,,,,,,,,
2020-03-27 17:00:00,926.7,21.4,84,1.6,171.0,6.3,94.0,0.0,,,,,,,,,,2020-03-27T16:01:00,,,,0,,,,,,,,,,,,,,
2020-03-27 18:00:00,927.3,20.7,90,0.4,152.0,2.2,118.0,0.0,,,,,,,,,,2020-03-27T17:30:00,,,,0,,,,,,,,,,,,,,
2020-03-27 19:00:00,927.8,19.9,93,0.8,212.0,1.6,170.0,0.0,,,,,,,,,,2020-03-27T18:03:00,,,,0,,,,,,,,,,,,,,
2020-03-27 20:00:00,928.2,19.7,94,0.6,210.0,1.8,208.0,0.0,,,,,,,,,,2020-03-27T19:26:00,,,,0,,,,,,,,,,,,,,
2020-03-27 21:00:00,929.1,19.7,94,0.6,233.0,1.4,204.0,0.0,,,,,,,,,,2020-03-27T20:34:00,,,,0,,,,,,,,,,,,,,
2020-03-27 22:00:00,928.9,19.4,93,0.8,212.0,1.7,238.0,0.0,,,,,,,,,,2020-03-27T21:46:00,,,,0,,,,,,,,,,,,,,
2020-03-27 23:00:00,928.9,18.0,96,0.9,168.0,2.2,199.0,0.0,,,,,,,,,,2020-03-27T22:42:00,,,,0,,,,,,,,,,,,,,
2020-03-28 00:00:00,928.9,17.5,97,0.6,226.0,1.8,204.0,0.0,,,,,,,,,,2020-03-27T23:17:00,,,,0,,,,,,,,,,,,,,
2020-03-28 01:00:00,928.2,18.0,86,1.4,288.0,3.9,313.0,0.0,,,,,,,,,,2020-03-28T00:52:00,,,,0,,,,,,,,,,,,,,
2020-03-28 02:00:00,927.5,16.7,87,0.9,229.0,2.7,335.0,0.0,,,,,,,,,,2020-03-28T01:15:00,,,,0,,,,,,,,,,,,,,
2020-03-28 03:00:00,927.0,16.1,89,1.1,199.0,2.4,226.0,0.0,,,,,,,,,,2020-03-28T02:10:00,,,,0,,,,,,,,,,,,,,
2020-03-28 04:00:00,927.0,15.7,93,0.9,214.0,2.1,211.0,0.0,,,,,,,,,,2020-03-28T03:21:00,,,,0,,,,,,,,,,,,,,
2020-03-28 05:00:00,926.6,15.4,91,1.4,216.0,2.2,204.0,0.0,,,,,,,,,,2020-03-28T04:52:00,,,,0,,,,,,,,,,,,,,
2020-03-28 06:00:00,926.4,15.6,89,1.1,237.0,2.5,219.0,0.0,,,,,,,,,,2020-03-28T05:19:00,,,,0,,,,,,,,,,,,,,
2020-03-28 07:00:00,926.9,18.8,78,0.7,339.0,2.3,225.0,0.0,,,,,,,,,,2020-03-28T06:01:00,,,,0,,,,,,,,,,,,,,
2020-03-28 08:00:00,927.5,19.9,72,0.4,356.0,2.3,35.0,0.0,,,,,,,,,,2020-03-28T07:38:00,,,,0,,,,,,,,,,,,,,
2020-03-28 09:00:00,927.4,17.6,90,1.5,115.0,5.9,212.0,3.0,,,,,,,,,,2020-03-28T08:46:00,,,,0,,,,,,,,,,,,,,
2020-03-28 10:00:00,926.7,20.3,82,1.2,111.0,4.8,304.0,0.0,,,,,,,,,,2020-03-28T09:21:00,,,,0,,,,,,,,,,,,,,
2020-03-28 11:00:00,926.4,21.2,76,1.1,89.0,4.6,77.0,0.0,,,,,,,,,,2020-03-28T10:01:00,,,,0,,,,,,,,,,,,,,
2020-03-28 12:00:00,926.0,22.3,77,1.6,24.0,5.1,37.0,0.0,,,,,,,,,,2020-03-28T11:58:00,,,,0,,,,,,,,,,,,,,
2020-03-28 13:00:00,924.9,22.5,78,0.9,76.0,5.5,68.0,0.0,,,,,,,,,,2020-03-28T12:35:00,,,,0,,,,,,,,,,,,,,
2020-03-28 14:00:00,924.1,23.6,71,2.1,82.0,4.8,82.0,0.0,,,,,,,,,,2020-03-28T13:50:00,,,,0,,,,,,,,,,,,,,
2020-03-28 15:00:00,924.3,22.9,74,2.5,102.0,7.9,48.0,0.0,,,,,,,,,,2020-03-28T14:43:00,,,,0,,,,,,,,,,,,,,
2020-03-28 16:00:00,924.5,22.6,77,1.2,41.0,5.4,68.0,0.0,,,,,,,,,,2020-03-28T15:19:00,,,,0,,,,,,,,,,,,,,
2020-03-28 17:00:00,924.9,21.8,80,1.0,83.0,6.6,61.0,0.0,,,,,,,,,,2020-03-28T16:12:00,,,,0,,,,,,,,,,,,,,
2020-03-28 18:00:00,925.6,19.2,92,1.1,169.0,4.8,197.0,0.0,,,,,,,,,,2020-03-28T17:16:00,,,,0,,,,,,,,,,,,,,
2020-03-28 19:00:00,926.5,17.7,96,1.4,142.0,4.8,242.0,0.0,,,,,,,,,,2020-03-28T18:03:00,,,,0,,,,,,,,,,,,,,
2020-03-28 20:00:00,927.3,16.7,97,1.5,181.0,4.0,202.0,0.0,,,,,,,,,,2020-03-28T19:37:00,,,,0,,,,,,,,,,,,,,
2020-03-28 21:00:00,928.1,15.9,97,1.1,140.0,4.2,122.0,0.0,,,,,,,,,,2020-03-28T20:18:00,,,,0,,,,,,,,,,,,,,
2020-03-28 22:00:00,929.0,15.2,97,0.7,331.0,3.9,100.0,0.0,,,,,,,,,,2020-03-28T21:26:00,,,,0,,,,,,,,,,,,,,
2020-03-28 23:00:00,929.4,15.0,96,0.8,151.0,3.0,115.0,0.0,,,,,,,,,,2020-03-28T22:47:00,,,,0,,,,,,,,,,,,,,
2020-03-29 00:00:00,929.3,14.5,98,0.8,137.0,2.4,128.0,0.0,,,,,,,,,,2020-03-28T23:49:00,,,,0,,,,,,,,,,,,,,
2020-03-29 01:00:00,929.1,14.0,99,1.2,128.0,3.1,164.0,0.0,,,,,,,,,,2020-03-29T00:29:00,,,,0,,,,,,,,,,,,,,
2020-03-29 02:00:00,929.0,13.9,100,0.4,255.0,2.3,160.0,0.0,,,,,,,,,,2020-03-29T01:07:00,,,,0,,,,,,,,,,,,,,
2020-03-29 03:00:00,929.0,13.8,100,0.7,125.0,2.3,134.0,0.0,,,,,,,,,,2020-03-29T02:37:00,,,,0,,,,,,,,,,,,,,
2020-03-29 04:00:00,928.9,13.5,100,1.2,128.0,2.4,115.0,0.0,,,,,,,,,,2020-03-29T03:54:00,,,,0,,,,,,,,,,,,,,
2020-03-29 05:00:00,929.4,13.3,100,0.4,124.0,2.8,158.0,0.0,,,,,,,,,,2020-03-29T04:36:00,,,,0,,,,,,,,,,,,,,
2020-03-29 06:00:00,929.8,13.4,100,0.0,0.0,1.2,78.0,0.0,,,,,,,,,,2020-03-29T05:23:00,,,,0,,,,,,,,,,,,,,
2020-03-29 07:00:00,930.0,13.5,100,0.4,38.0,1.2,35.0,0.0,,,,,,,,,,2020-03-29T06:49:00,,,,0,,,,,,,,,,,,,,
2020-03-29 08:00:00,930.3,14.5,95,0.7,82.0,1.8,88.0,0.0,,,,,,,,,,2020-03-29T07:52:00,,,,0,,,,,,,,,,,,,,
2020-03-29 09:00:00,930.6,15.4,91,1.0,140.0,2.8,110.0,0.0,,,,,,,,,,2020-03-29T08:59:00,,,,0,,,,,,,,,,,,,,
2020-03-29 10:00:00,930.2,17.4,85,1.2,24.0,3.3,35.0,0.0,,,,,,,,,,2020-03-29T09:37:00,,,,0,,,,,,,,,,,,,,
2020-03-29 11:00:00,929.2,18.6,77,1.9,42.0,5.5,54.0,0.0,,,,,,,,,,2020-03-29T10:54:00,,,,0,,,,,,,,,,,,,,
2020-03-29 12:00:00,928.6,17.9,80,1.7,59.0,6.1,53.0,0.0,,,,,,,,,,2020-03-29T11:33:00,,,,0,,,,,,,,,,,,,,
2020-03-29 13:00:00,927.7,18.1,79,1.5,92.0,6.7,80.0,0.0,,,,,,,,,,2020-03-29T12:05:00,,,,0,,,,,,,,,,,,,,
2020-03-29 14:00:00,926.9,17.2,85,1.3,28.0,5.0,121.0,0.0,,,,,,,,,,2020-03-29T13:11:00,,,,0,,,,,,,,,,,,,,
2020-03-29 15:00:00,926.5,16.8,88,0.7,215.0,5.2,67.0,0.0,,,,,,,,,,2020-03-29T14:11:00,,,,0,,,,,,,,,,,,,,
2020-03-29 16:00:00,926.4,16.3,91,1.1,84.0,4.1,89.0,0.0,,,,,,,,,,2020-03-29T15:32:00,,,,0,,,,,,,,,,,,,,
2020-03-29 17:00:00,926.4,15.5,96,1.0,150.0,3.7,76.0,0.0,,,,,,,,,,2020-03-29T16:28:00,,,,0,,,,,,,,,,,,,,
2020-03-29 18:00:00,926.9,15.1,100,0.5,110.0,1.8,126.0,0.0,,,,,,,,,,2020-03-29T17:48:00,,,,0,,,,,,,,,,,,,,
2020-03-29 19:00:00,927.0,15.1,100,0.3,125.0,1.6,127.0,0.0,,,,,,,,,,2020-03-29T18:59:00,,,,0,,,,,,,,,,,,,,
2020-03-29 20:00:00,927.7,15.0,100,0.2,0.0,1.9,103.0,0.0,,,,,,,,,,2020-03-29T19:14:00,,,,0,,,,,,,,,,,,,,
2020-03-29 21:00:00,928.3,15.1,100,0.0,0.0,1.2,143.0,0.0,,,,,,,,,,2020-03-29T20:24:00,,,,0,,,,,,,,,,,,,,
2020-03-29 22:00:00,928.4,15.1,100,0.2,0.0,1.1,142.0,0.0,,,,,,,,,,2020-03-29T21:29:00,,,,0,,,,,,,,,,,,,,
2020-03-29 23:00:00,928.4,15.2,100,0.0,0.0,0.7,242.0,0.0,,,,,,,,,,2020-03-29T22:37:00,,,,0,,,,,,,,,,,,,,
2020-03-30 00:00:00,928.0,15.4,100,0.2,0.0,1.4,216.0,0.0,,,,,,,,,,2020-03-29T23:09:00,,,,0,,,,,,,,,,,,,,
2020-03-30 01:00:00,927.7,15.4,100,0.0,0.0,0.8,244.0,0.0,,,,,,,,,,2020-03-30T00:27:00,,,,0,,,,,,,,,,,,,,
2020-03-30 02:00:00,927.3,15.0,99,0.6,218.0,1.4,221.0,0.0,,,,,,,,,,2020-03-30T02:00:00,,,,0,,,,,,,,,,,,,,
2020-03-30 03:00:00,927.0,14.4,98,0.9,212.0,2.3,192.0,0.0,,,,,,,,,,2020-03-30T02:46:00,,,,0,,,,,,,,,,,,,,
2020-03-30 04:00:00,927.3,14.5,98,0.6,222.0,2.0,193.0,0.0,,,,,,,,,,2020-03-30T03:09:00,,,,0,,,,,,,,,,,,,,
2020-03-30 05:00:00,927.5,14.5,94,1.2,222.0,2.2,222.0,0.0,,,,,,,,,,2020-03-30T04:19:00,,,,0,,,,,,,,,,,,,,
2020-03-30 06:00:00,927.9,14.4,95,0.9,226.0,1.9,224.0,0.0,,,,,,,,,,2020-03-30T05:55:00,,,,0,,,,,,,,,,,,,,
2020-03-30 07:00:00,928.2,15.6,91,0.2,0.0,1.7,240.0,0.0,,,,,,,,,,2020-03-30T06:17:00,,,,0,,,,,,,,,,,,,,
2020-03-30 08:00:00,928.2,18.1,84,0.4,62.0,1.1,18.0,0.0,,,,,,,,,,2020-03-30T07:31:00,,,,0,,,,,,,,,,,,,,
2020-03-30 09:00:00,928.0,20.3,69,0.7,12.0,2.0,29.0,0.0,,,,,,,,,,2020-03-30T08:28:00,,,,0,,,,,,,,,,,,,,
2020-03-30 10:00:00,927.6,21.1,68,1.0,69.0,3.5,89.0,0.0,,,,,,,,,,2020-03-30T09:46:00,,,,0,,,,,,,,,,,,,,
2020-03-30 11:00:00,927.0,20.4,74,2.7,109.0,6.9,89.0,0.0,,,,,,,,,,2020-03-30T10:55:00,,,,0,,,,,,,,,,,,,,
2020-03-30 12:00:00,926.3,21.4,72,2.0,360.0,5.6,88.0,0.0,,,,,,,,,,2020-03-30T11:50:00,,,,0,,,,,,,,,,,,,,
2020-03-30 13:00:00,925.5,22.0,72,1.3,65.0,5.6,78.0,0.0,,,,,,,,,,2020-03-30T12:10:00,,,,0,,,,,,,,,,,,,,
2020-03-30 14:00:00,925.0,22.4,75,1.4,21.0,5.8,24.0,0.0,,,,,,,,,,2020-03-30T13:25:00,,,,0,,,,,,,,,,,,,,
2020-03-30 15:00:00,924.8,21.2,81,0.8,10.0,5.4,67.0,0.0,,,,,,,,,,2020-03-30T14:29:00,,,,0,,,,,,,,,,,,,,
2020-03-30 16:00:00,925.2,19.9,89,1.2,146.0,4.2,232.0,0.0,,,,,,,,,,2020-03-30T15:21:00,,,,0,,,,,,,,,,,,,,
2020-03-30 17:00:00,925.4,19.9,90,0.3,54.0,2.4,217.0,0.0,,,,,,,,,,2020-03-30T16:01:00,,,,0,,,,,,,,,,,,,,
2020-03-30 18:00:00,925.7,19.3,92,0.5,151.0,1.1,113.0,0.0,,,,,,,,,,2020-03-30T17:50:00,,,,0,,,,,,,,,,,,,,
2020-03-30 19:00:00,926.4,18.9,96,0.3,303.0,1.1,335.0,0.0,,,,,,,,,,2020-03-30T18:14:00,,,,0,,,,,,,,,,,,,,
2020-03-30 20:00:00,927.1,18.9,97,0.0,0.0,0.8,307.0,0.0,,,,,,,,,,2020-03-30T19:02:00,,,,0,,,,,,,,,,,,,,
2020-03-30 21:00:00,927.5,18.8,97,0.0,0.0,0.7,294.0,0.0,,,,,,,,,,2020-03-30T20:25:00,,,,0,,,,,,,,,,,,,,
2020-03-30 22:00:00,927.8,18.7,97,0.1,0.0,0.9,263.0,0.0,,,,,,,,,,2020-03-30T21:46:00,,,,0,,,,,,,,,,,,,,
2020-03-30 23:00:00,927.9,18.6,97,0.1,0.0,0.8,250.0,0.0,,,,,,,,,,2020-03-30T22:13:00,,,,0,,,,,,,,,,,,,,
2020-03-31 00:00:00,927.6,18.6,97,0.0,0.0,0.4,277.0,0.0,,,,,,,,,,2020-03-30T23:32:00,,,,0,,,,,,,,,,,,,,
2020-03-31 01:00:00,927.3,18.6,97,0.3,199.0,0.8,203.0,0.0,,,,,,,,,,2020-03-31T00:08:00,,,,0,,,,,,,,,,,,,,
2020-03-31 02:00:00,926.9,18.3,96,0.3,219.0,0.9,195.0,0.0,,,,,,,,,,2020-03-31T01:46:00,,,,0,,,,,,,,,,,,,,
2020-03-31 03:00:00,926.8,18.1,97,0.8,175.0,1.7,187.0,0.0,,,,,,,,,,2020-03-31T02:47:00,,,,0,,,,,,,,,,,,,,
2020-03-31 04:00:00,927.0,18.1,100,0.0,0.0,1.3,173.0,0.0,,,,,,,,,,2020-03-31T03:01:00,,,,0,,,,,,,,,,,,,,
2020-03-31 05:00:00,927.2,18.0,100,0.0,0.0,0.6,210.0,0.0,,,,,,,,,,2020-03-31T04:16:00,,,,0,,,,,,,,,,,,,,
2020-03-31 06:00:00,927.6,18.0,100,0.0,0.0,0.6,308.0,0.0,,,,,,,,,,2020-03-31T05:40:00,,,,0,,,,,,,,,,,,,,
2020-03-31 07:00:00,928.3,18.3,100,0.0,0.0,0.4,21.0,0.0,,,,,,,,,,2020-03-31T06:20:00,,,,0,,,,,,,,,,,,,,
2020-03-31 08:00:00,928.5,19.1,97,0.2,0.0,1.0,3.0,0.0,,,,,,,,,,2020-03-31T07:29:00,,,,0,,,,,,,,,,,,,,
2020-03-31 09:00:00,928.2,21.0,85,0.8,25.0,1.7,18.0,0.0,,,,,,,,,,2020-03-31T08:57:00,,,,0,,,,,,,,,,,,,,
2020-03-31 10:00:00,928.0,22.3,77,0.8,38.0,3.0,34.0,0.0,,,,,,,,,,2020-03-31T09:35:00,,,,0,,,,,,,,,,,,,,
2020-03-31 11:00:00,927.9,22.4,80,0.7,52.0,3.8,225.0,0.0,,,,,,,,,,2020-03-31T10:34:00,,,,0,,,,,,,,,,,,,,
2020-03-31 12:00:00,927.0,23.5,76,1.2,33.0,5.1,66.0,0.0,,,,,,,,,,2020-03-31T11:49:00,,,,0,,,,,,,,,,,,,,
2020-03-31 13:00:00,926.0,22.8,79,1.6,27.0,5.2,20.0,0.0,,,,,,,,,,2020-03-31T12:46:00,,,,0,,,,,,,,,,,,,,
2020-03-31 14:00:00,925.3,22.9,80,1.2,43.0,5.2,77.0,0.0,,,,,,,,,,2020-03-31T13:39:00,,,,0,,,,,,,,,,,,,,
2020-03-31 15:00:00,924.6,21.0,90,1.6,74.0,5.0,81.0,0.0,,,,,,,,,,2020-03-31T14:55:00,,,,0,,,,,,,,,,,,,,
2020-03-31 16:00:00,924.7,20.6,93,0.7,16.0,4.6,68.0,0.0,,,,,,,,,,2020-03-31T15:15:00,,,,0,,,,,,,,,,,,,,
2020-03-31 17:00:00,925.0,20.1,97,0.5,72.0,2.6,11.0,0.0,,,,,,,,,,2020-03-31T16:07:00,,,,0,,,,,,,,,,,,,,
2020-03-31 18:00:00,925.1,19.9,98,0.4,88.0,2.6,99.0,0.0,,,,,,,,,,2020-03-31T17:28:00,,,,0,,,,,,,,,,,,,,
2020-03-31 19:00:00,925.6,19.7,99,0.0,0.0,0.8,74.0,0.0,,,,,,,,,,2020-03-31T18:08:00,,,,0,,,,,,,,,,,,,,
2020-03-31 20:00:00,926.3,19.4,99,0.4,228.0,1.4,106.0,0.0,,,,,,,,,,2020-03-31T19:22:00,,,,0,,,,,,,,,,,,,,
2020-03-31 21:00:00,926.7,18.7,98,0.7,194.0,2.1,217.0,0.0,,,,,,,,,,2020-03-31T21:00:00,,,,0,,,,,,,,,,,,,,
2020-03-31 22:00:00,926.5,18.3,98,0.6,223.0,1.8,229.0,0.0,,,,,,,,,,2020-03-31T21:01:00,,,,0,,,,,,,,,,,,,,
2020-03-31 23:00:00,926.3,17.6,97,1.4,213.0,2.0,215.0,0.0,,,,,,,,,,2020-03-31T22:45:00,,,,0,,,,,,,,,,,,,,
2020-04-01 00:00:00,925.6,17.7,94,0.8,210.0,3.1,195.0,0.0,,,,,,,,,,2020-03-31T23:36:00,,,,0,,,,,,,,,,,,,,
2020-04-01 01:00:00,925.2,18.1,90,1.5,200.0,2.7,208.0,0.0,,,,,,,,,,2020-04-01T00:54:00,,,,0,,,,,,,,,,,,,,
2020-04-01 02:00:00,924.9,19.7,78,0.9,287.0,3.4,252.0,0.0,,,,,,,,,,2020-04-01T01:59:00,,,,0,,,,,,,,,,,,,,
2020-04-01 03:00:00,924.7,19.3,76,0.4,153.0,2.6,211.0,0.0,,,,,,,,,,2020-04-01T02:04:00,,,,0,,,,,,,,,,,,,,
2020-04-01 04:00:00,925.2,17.1,92,0.5,261.0,1.4,193.0,0.0,,,,,,,,,,2020-04-01T03:02:00,,,,0,,,,,,,,,,,,,,
2020-04-01 05:00:00,926.0,17.2,100,0.6,127.0,1.7,93.0,0.0,,,,,,,,,,2020-04-01T04:55:00,,,,0,,,,,,,,,,,,,,
2020-04-01 06:00:00,927.2,17.3,99,0.4,141.0,1.5,237.0,0.0,,,,,,,,,,2020-04-01T05:24:00,,,,0,,,,,,,,,,,,,,
2020-04-01 07:00:00,928.3,18.2,97,0.4,294.0,2.0,185.0,0.0,,,,,,,,,,2020-04-01T06:05:00,,,,0,,,,,,,,,,,,,,
2020-04-01 08:00:00,928.9,20.2,88,0.2,0.0,1.6,85.0,0.0,,,,,,,,,,2020-04-01T07:50:00,,,,0,,,,,,,,,,,,,,
2020-04-01 09:00:00,929.1,23.0,74,0.9,18.0,2.6,360.0,0.0,,,,,,,,,,2020-04-01T08:48:00,,,,0,,,,,,,,,,,,,,
2020-04-01 10:00:00,928.9,23.7,71,1.9,95.0,5.1,89.0,0.0,,,,,,,,,,2020-04-01T09:51:00,,,,0,,,,,,,,,,,,,,
2020-04-01 11:00:00,928.9,21.5,81,2.9,94.0,7.6,59.0,0.0,,,,,,,,,,2020-04-01T10:26:00,,,,0,,,,,,,,,,,,,,
2020-04-01 12:00:00,928.5,21.6,82,2.0,104.0,6.8,81.0,0.0,,,,,,,,,,2020-04-01T11:01:00,,,,0,,,,,,,,,,,,,,
2020-04-01 13:00:00,927.9,20.3,87,1.1,172.0,5.4,72.0,0.0,,,,,,,,,,2020-04-01T12:45:00,,,,0,,,,,,,,,,,,,,
2020-04-01 14:00:00,927.7,18.9,95,1.2,94.0,5.2,87.0,0.0,,,,,,,,,,2020-04-01T13:28:00,,,,0,,,,,,,,,,,,,,
2020-04-01 15:00:00,927.4,17.6,99,0.4,71.0,4.2,189.0,0.0,,,,,,,,,,2020-04-01T14:09:00,,,,0,,,,,,,,,,,,,,
2020-04-01 16:00:00,928.0,16.9,98,1.0,84.0,4.2,98.0,0.0,,,,,,,,,,2020-04-01T15:56:00,,,,0,,,,,,,,,,,,,,
2020-04-01 17:00:00,928.7,16.4,99,0.4,52.0,3.8,78.0,0.5,,,,,,,,,,2020-04-01T16:42:00,,,,0,,,,,,,,,,,,,,
2020-04-01 18:00:00,929.4,15.8,99,0.6,142.0,3.1,90.0,0.0,,,,,,,,,,2020-04-01T17:34:00,,,,0,,,,,,,,,,,,,,
2020-04-01 19:00:00,930.2,15.5,99,0.2,0.0,2.5,79.0,0.0,,,,,,,,,,2020-04-01T18:05:00,,,,0,,,,,,,,,,,,,,
2020-04-01 20:00:00,931.0,15.2,100,0.5,126.0,2.6,64.0,0.5,,,,,,,,,,2020-04-01T19:25:00,,,,0,,,,,,,,,,,,,,
2020-04-01 21:00:00,931.7,15.1,100,0.6,128.0,1.9,119.0,0.0,,,,,,,,,,2020-04-01T20:32:00,,,,0,,,,,,,,,,,,,,
2020-04-01 22:00:00,932.0,14.9,100,0.9,131.0,2.4,125.0,0.0,,,,,,,,,,2020-04-01T21:41:00,,,,0,,,,,,,,,,,,,,
2020-04-01 23:00:00,931.9,14.7,100,0.5,133.0,2.2,110.0,0.0,,,,,,,,,,2020-04-01T22:07:00,,,,0,,,,,,,,,,,,,,
2020-04-02 00:00:00,931.8,14.4,100,0.9,157.0,2.6,112.0,0.5,,,,,,,,,,2020-04-01T23:50:00,,,,0,,,,,,,,,,,,,,
2020-04-02 01:00:00,931.5,14.6,100,0.0,0.0,2.3,188.0,0.0,,,,,,,,,,2020-04-02T00:06:00,,,,0,,,,,,,,,,,,,,
2020-04-02 02:00:00,930.9,14.5,100,0.2,0.0,0.8,97.0,0.0,,,,,,,,,,2020-04-02T01:57:00,,,,0,,,,,,,,,,,,,,
2020-04-02 03:00:00,930.4,14.5,100,0.1,0.0,0.7,73.0,0.0,,,,,,,,,,2020-04-02T02:13:00,,,,0,,,,,,,,,,,,,,
2020-04-02 04:00:00,930.3,14.5,100,0.0,0.0,0.4,14.0,0.0,,,,,,,,,,2020-04-02T03:16:00,,,,0,,,,,,,,,,,,,,
2020-04-02 05:00:00,930.7,14.5,100,0.0,0.0,0.5,305.0,0.0,,,,,,,,,,2020-04-02T04:53:00,,,,0,,,,,,,,,,,,,,
2020-04-02 06:00:00,931.3,14.4,100,0.3,149.0,0.9,303.0,0.0,,,,,,,,,,2020-04-02T05:45:00,,,,0,,,,,,,,,,,,,,
2020-04-02 07:00:00,932.8,14.7,100,0.2,0.0,1.4,86.0,0.0,,,,,,,,,,2020-04-02T06:04:00,,,,0,,,,,,,,,,,,,,
2020-04-02 08:00:00,933.0,15.5,100,0.3,50.0,1.3,31.0,0.0,,,,,,,,,,2020-04-02T07:49:00,,,,0,,,,,,,,,,,,,,
2020-04-02 09:00:00,933.6,16.0,96,0.8,53.0,3.2,100.0,0.0,,,,,,,,,,2020-04-02T08:20:00,,,,0,,,,,,,,,,,,,,
2020-04-02 10:00:00,933.5,17.2,90,1.1,76.0,2.1,82.0,0.0,,,,,,,,,,2020-04-02T09:59:00,,,,0,,,,,,,,,,,,,,
2020-04-02 11:00:00,933.4,18.2,84,1.0,56.0,2.9,125.0,0.0,,,,,,,,,,2020-04-02T10:28:00,,,,0,,,,,,,,,,,,,,
2020-04-02 12:00:00,932.2,20.7,73,1.2,22.0,3.3,25.0,0.0,,,,,,,,,,2020-04-02T11:54:00,,,,0,,,,,,,,,,,,,,
2020-04-02 13:00:00,930.7,22.5,62,0.4,358.0,3.8,1.0,0.0,,,,,,,,,,2020-04-02T12:13:00,,,,0,,,,,,,,,,,,,,
2020-04-02 14:00:00,929.7,21.3,71,1.1,77.0,4.2,91.0,0.0,,,,,,,,,,2020-04-02T13:33:00,,,,0,,,,,,,,,,,,,,
2020-04-02 15:00:00,929.4,20.6,71,1.0,29.0,5.5,83.0,0.0,,,,,,,,,,2020-04-02T14:15:00,,,,0,,,,,,,,,,,,,,
2020-04-02 16:00:00,929.4,19.2,79,0.9,80.0,3.7,123.0,0.0,,,,,,,,,,2020-04-02T16:00:00,,,,0,,,,,,,,,,,,,,
2020-04-02 17:00:00,929.7,18.5,83,0.8,23.0,3.3,147.0,0.0,,,,,,,,,,2020-04-02T16:01:00,,,,0,,,,,,,,,,,,,,
2020-04-02 18:00:00,930.4,17.8,88,1.4,122.0,3.6,140.0,0.0,,,,,,,,,,2020-04-02T17:41:00,,,,0,,,,,,,,,,,,,,
2020-04-02 19:00:00,931.5,17.3,90,0.7,21.0,3.1,133.0,0.0,,,,,,,,,,2020-04-02T18:02:00,,,,0,,,,,,,,,,,,,,
2020-04-02 20:00:00,932.4,17.0,94,0.9,141.0,2.3,124.0,0.0,,,,,,,,,,2020-04-02T19:41:00,,,,0,,,,,,,,,,,,,,
2020-04-02 21:00:00,933.0,16.9,94,0.4,128.0,2.3,147.0,0.0,,,,,,,,,,2020-04-02T20:36:00,,,,0,,,,,,,,,,,,,,
2020-04-02 22:00:00,932.9,16.8,95,0.3,221.0,0.8,211.0,0.0,,,,,,,,,,2020-04-02T21:26:00,,,,0,,,,,,,,,,,,,,
2020-04-02 23:00:00,932.7,16.7,97,0.3,90.0,1.1,123.0,0.0,,,,,,,,,,2020-04-02T22:36:00,,,,0,,,,,,,,,,,,,,
2020-04-03 00:00:00,932.4,16.6,98,0.0,0.0,0.7,353.0,0.0,,,,,,,,,,2020-04-02T23:10:00,,,,0,,,,,,,,,,,,,,
2020-04-03 01:00:00,931.6,16.6,98,0.1,0.0,0.9,288.0,0.0,,,,,,,,,,2020-04-03T00:09:00,,,,0,,,,,,,,,,,,,,
2020-04-03 02:00:00,931.1,16.5,99,0.0,0.0,0.5,153.0,0.0,,,,,,,,,,2020-04-03T01:19:00,,,,0,,,,,,,,,,,,,,
2020-04-03 03:00:00,930.6,16.6,99,0.3,122.0,1.0,220.0,0.0,,,,,,,,,,2020-04-03T02:37:00,,,,0,,,,,,,,,,,,,,
2020-04-03 04:00:00,930.9,16.3,100,0.1,0.0,1.3,125.0,0.0,,,,,,,,,,2020-04-03T03:22:00,,,,0,,,,,,,,,,,,,,
2020-04-03 05:00:00,931.3,16.3,100,0.1,0.0,0.7,256.0,0.0,,,,,,,,,,2020-04-03T04:14:00,,,,0,,,,,,,,,,,,,,
2020-04-03 06:00:00,931.8,16.5,100,0.0,0.0,0.7,218.0,0.0,,,,,,,,,,2020-04-03T05:39:00,,,,0,,,,,,,,,,,,,,
2020-04-03 07:00:00,932.3,17.3,96,0.1,0.0,0.5,211.0,0.0,,,,,,,,,,2020-04-03T06:38:00,,,,0,,,,,,,,,,,,,,
2020-04-03 08:00:00,932.6,18.0,90,0.0,0.0,1.1,18.0,0.0,,,,,,,,,,2020-04-03T07:41:00,,,,0,,,,,,,,,,,,,,
2020-04-03 09:00:00,932.7,19.8,79,0.7,340.0,2.1,6.0,0.0,,,,,,,,,,2020-04-03T08:45:00,,,,0,,,,,,,,,,,,,,
2020-04-03 10:00:00,932.4,19.8,78,0.9,84.0,2.2,325.0,0.0,,,,,,,,,,2020-04-03T09:07:00,,,,0,,,,,,,,,,,,,,
2020-04-03 11:00:00,932.1,19.9,78,0.7,86.0,3.6,131.0,0.0,,,,,,,,,,2020-04-03T10:47:00,,,,0,,,,,,,,,,,,,,
2020-04-03 12:00:00,931.2,20.8,74,1.2,58.0,4.7,93.0,0.0,,,,,,,,,,2020-04-03T11:52:00,,,,0,,,,,,,,,,,,,,
2020-04-03 13:00:00,930.1,21.3,73,1.2,74.0,4.3,101.0,0.0,,,,,,,,,,2020-04-03T12:30:00,,,,0,,,,,,,,,,,,,,
2020-04-03 14:00:00,929.3,21.4,72,0.8,79.0,6.1,16.0,0.0,,,,,,,,,,2020-04-03T13:37:00,,,,0,,,,,,,,,,,,,,
2020-04-03 15:00:00,928.8,20.9,72,1.4,111.0,6.3,103.0,0.0,,,,,,,,,,2020-04-03T14:22:00,,,,0,,,,,,,,,,,,,,
2020-04-03 16:00:00,929.0,19.5,86,1.1,151.0,4.3,142.0,0.0,,,,,,,,,,2020-04-03T15:08:00,,,,0,,,,,,,,,,,,,,
2020-04-03 17:00:00,929.4,19.1,88,0.7,104.0,1.7,55.0,0.0,,,,,,,,,,2020-04-03T16:55:00,,,,0,,,,,,,,,,,,,,
2020-04-03 18:00:00,929.8,18.7,91,0.9,119.0,2.6,74.0,0.0,,,,,,,,,,2020-04-03T17:33:00,,,,0,,,,,,,,,,,,,,
2020-04-03 19:00:00,930.4,18.4,94,0.3,225.0,3.0,103.0,0.0,,,,,,,,,,2020-04-03T18:16:00,,,,0,,,,,,,,,,,,,,
2020-04-03 20:00:00,931.0,17.9,97,1.6,160.0,3.2,106.0,0.0,,,,,,,,,,2020-04-03T19:48:00,,,,0,,,,,,,,,,,,,,
2020-04-03 21:00:00,931.4,17.8,99,0.5,98.0,2.8,173.0,0.0,,,,,,,,,,2020-04-03T20:04:00,,,,0,,,,,,,,,,,,,,
2020-04-03 22:00:00,931.6,17.6,100,0.0,0.0,1.9,248.0,0.0,,,,,,,,,,2020-04-03T21:27:00,,,,0,,,,,,,,,,,,,,
2020-04-03 23:00:00,931.7,17.5,100,0.5,108.0,2.4,122.0,0.0,,,,,,,,,,2020-04-03T22:43:00,,,,0,,,,,,,,,,,,,,
2020-04-04 00:00:00,931.3,17.4,100,0.5,101.0,1.9,178.0,0.0,,,,,,,,,,2020-04-03T23:03:00,,,,0,,,,,,,,,,,,,,
2020-04-04 01:00:00,930.7,17.3,100,0.1,0.0,1.1,61.0,0.0,,,,,,,,,,2020-04-04T00:04:00,,,,0,,,,,,,,,,,,,,
2020-04-04 02:00:00,930.1,17.4,100,0.0,0.0,1.1,216.0,0.0,,,,,,,,,,2020-04-04T01:18:00,,,,0,,,,,,,,,,,,,,
2020-04-04 03:00:00,929.6,17.3,100,0.0,0.0,0.6,153.0,0.0,,,,,,,,,,2020-04-04T02:22:00,,,,0,,,,,,,,,,,,,,
2020-04-04 04:00:00,930.0,17.2,100,0.0,0.0,0.9,95.0,0.0,,,,,,,,,,2020-04-04T03:11:00,,,,0,,,,,,,,,,,,,,
2020-04-04 05:00:00,930.0,17.2,100,0.6,120.0,1.4,112.0,0.0,,,,,,,,,,2020-04-04T04:58:00,,,,0,,,,,,,,,,,,,,
2020-04-04 06:00:00,930.5,17.1,100,0.1,0.0,1.1,135.0,0.0,,,,,,,,,,2020-04-04T05:01:00,,,,0,,,,,,,,,,,,,,
2020-04-04 07:00:00,931.0,17.7,100,0.3,64.0,0.8,90.0,0.0,,,,,,,,,,2020-04-04T06:40:00,,,,0,,,,,,,,,,,,,,
2020-04-04 08:00:00,931.3,18.1,96,0.1,0.0,1.6,128.0,0.0,,,,,,,,,,2020-04-04T07:15:00,,,,0,,,,,,,,,,,,,,
2020-04-04 09:00:00,931.4,20.2,85,1.0,79.0,3.1,89.0,0.0,,,,,,,,,,2020-04-04T08:57:00,,,,0,,,,,,,,,,,,,,
2020-04-04 10:00:00,931.5,20.2,83,1.0,350.0,4.1,32.0,0.0,,,,,,,,,,2020-04-04T09:22:00,,,,0,,,,,,,,,,,,,,
2020-04-04 11:00:00,931.2,20.5,81,1.3,171.0,4.8,34.0,0.0,,,,,,,,,,2020-04-04T10:06:00,,,,0,,,,,,,,,,,,,,
2020-04-04 12:00:00,930.2,22.2,74,1.1,36.0,4.9,41.0,0.0,,,,,,,,,,2020-04-04T11:27:00,,,,0,,,,,,,,,,,,,,
2020-04-04 13:00:00,929.8,20.8,78,1.4,5.0,6.0,82.0,0.0,,,,,,,,,,2020-04-04T12:26:00,,,,0,,,,,,,,,,,,,,
2020-04-04 14:00:00,929.5,19.6,83,2.3,135.0,5.8,98.0,0.0,,,,,,,,,,2020-04-04T13:50:00,,,,0,,,,,,,,,,,,,,
2020-04-04 15:00:00,929.3,18.5,90,1.7,105.0,5.5,80.0,0.0,,,,,,,,,,2020-04-04T14:11:00,,,,0,,,,,,,,,,,,,,
2020-04-04 16:00:00,929.6,17.6,93,0.5,323.0,4.0,71.0,0.0,,,,,,,,,,2020-04-04T15:03:00,,,,0,,,,,,,,,,,,,,
2020-04-04 17:00:00,930.0,17.1,94,1.2,168.0,3.9,76.0,0.0,,,,,,,,,,2020-04-04T16:25:00,,,,0,,,,,,,,,,,,,,
2020-04-04 18:00:00,930.6,17.0,95,1.1,134.0,2.3,132.0,0.0,,,,,,,,,,2020-04-04T17:21:00,,,,0,,,,,,,,,,,,,,
2020-04-04 19:00:00,931.3,16.5,98,0.9,137.0,2.9,98.0,0.0,,,,,,,,,,2020-04-04T18:44:00,,,,0,,,,,,,,,,,,,,
2020-04-04 20:00:00,931.9,16.3,99,0.1,0.0,1.5,170.0,0.0,,,,,,,,,,2020-04-04T19:02:00,,,,0,,,,,,,,,,,,,,
2020-04-04 21:00:00,932.5,16.1,100,0.9,129.0,2.6,122.0,0.0,,,,,,,,,,2020-04-04T20:36:00,,,,0,,,,,,,,,,,,,,
2020-04-04 22:00:00,932.5,16.2,96,0.3,109.0,2.3,96.0,0.0,,,,,,,,,,2020-04-04T21:16:00,,,,0,,,,,,,,,,,,,,
2020-04-04 23:00:00,932.3,15.8,98,0.9,133.0,2.6,128.0,0.0,,,,,,,,,,2020-04-04T22:30:00,,,,0,,,,,,,,,,,,,,
2020-04-05 00:00:00,931.7,15.3,100,1.0,118.0,2.6,100.0,0.0,,,,,,,,,,2020-04-04T23:50:00,,,,0,,,,,,,,,,,,,,
2020-04-05 01:00:00,931.3,14.9,100,1.2,137.0,4.2,92.0,0.0,,,,,,,,,,2020-04-05T00:43:00,,,,0,,,,,,,,,,,,,,
2020-04-05 02:00:00,930.9,14.4,100,1.4,149.0,3.2,129.0,0.0,,,,,,,,,,2020-04-05T01:40:00,,,,0,,,,,,,,,,,,,,
2020-04-05 03:00:00,930.5,14.2,100,0.4,49.0,2.8,202.0,0.0,,,,,,,,,,2020-04-05T02:20:00,,,,0,,,,,,,,,,,,,,
2020-04-05 04:00:00,930.8,14.0,100,0.4,105.0,3.5,194.0,0.0,,,,,,,,,,2020-04-05T03:21:00,,,,0,,,,,,,,,,,,,,
2020-04-05 05:00:00,931.2,14.0,100,0.0,0.0,1.6,109.0,0.0,,,,,,,,,,2020-04-05T04:05:00,,,,0,,,,,,,,,,,,,,
2020-04-05 06:00:00,931.6,13.8,100,0.3,89.0,1.2,63.0,0.0,,,,,,,,,,2020-04-05T05:47:00,,,,0,,,,,,,,,,,,,,
2020-04-05 07:00:00,932.3,13.9,99,1.3,148.0,2.7,108.0,0.5,,,,,,,,,,2020-04-05T06:26:00,,,,0,,,,,,,,,,,,,,
2020-04-05 08:00:00,932.9,14.2,98,0.7,100.0,2.9,111.0,0.0,,,,,,,,,,2020-04-05T07:19:00,,,,0,,,,,,,,,,,,,,
2020-04-05 09:00:00,933.3,14.6,98,1.1,118.0,2.4,94.0,0.0,,,,,,,,,,2020-04-05T08:12:00,,,,0,,,,,,,,,,,,,,
2020-04-05 10:00:00,933.2,15.7,93,1.3,93.0,3.5,94.0,0.0,,,,,,,,,,2020-04-05T09:18:00,,,,0,,,,,,,,,,,,,,
2020-04-05 11:00:00,932.9,16.1,87,1.6,124.0,4.1,91.0,0.0,,,,,,,,,,2020-04-05T10:51:00,,,,0,,,,,,,,,,,,,,
2020-04-05 12:00:00,932.8,15.5,90,0.9,99.0,5.4,65.0,0.0,,,,,,,,,,2020-04-05T11:44:00,,,,0,,,,,,,,,,,,,,
2020-04-05 13:00:00,932.1,15.5,89,0.5,43.0,5.2,93.0,0.0,,,,,,,,,,2020-04-05T12:06:00,,,,0,,,,,,,,,,,,,,
2020-04-05 14:00:00,931.2,15.5,89,1.3,145.0,2.7,116.0,0.0,,,,,,,,,,2020-04-05T13:36:00,,,,0,,,,,,,,,,,,,,
2020-04-05 15:00:00,930.8,15.4,90,0.6,162.0,3.2,56.0,0.0,,,,,,,,,,2020-04-05T14:40:00,,,,0,,,,,,,,,,,,,,
2020-04-05 16:00:00,930.8,15.3,91,1.4,136.0,2.5,105.0,0.0,,,,,,,,,,2020-04-05T15:50:00,,,,0,,,,,,,,,,,,,,
2020-04-05 17:00:00,931.0,14.7,93,1.2,119.0,3.1,111.0,0.0,,,,,,,,,,2020-04-05T16:47:00,,,,0,,,,,,,,,,,,,,
2020-04-05 18:00:00,931.4,13.8,97,1.4,130.0,3.3,166.0,0.0,,,,,,,,,,2020-04-05T17:44:00,,,,0,,,,,,,,,,,,,,
2020-04-05 19:00:00,932.3,13.7,99,0.9,114.0,2.5,88.0,0.0,,,,,,,,,,2020-04-05T18:14:00,,,,0,,,,,,,,,,,,,,
2020-04-05 20:00:00,932.9,13.7,99,0.2,0.0,2.4,107.0,0.0,,,,,,,,,,2020-04-05T19:46:00,,,,0,,,,,,,,,,,,,,
2020-04-05 21:00:00,933.6,13.5,100,0.2,0.0,1.1,213.0,0.0,,,,,,,,,,2020-04-05T20:49:00,,,,0,,,,,,,,,,,,,,
2020-04-05 22:00:00,933.5,13.6,100,0.1,0.0,1.1,96.0,0.0,,,,,,,,,,2020-04-05T21:27:00,,,,0,,,,,,,,,,,,,,
2020-04-05 23:00:00,932.9,13.7,100,0.0,0.0,1.4,211.0,0.0,,,,,,,,,,2020-04-05T22:37:00,,,,0,,,,,,,,,,,,,,
2020-04-06 00:00:00,932.4,13.4,100,0.4,217.0,2.2,307.0,0.0,,,,,,,,,,2020-04-05T23:32:00,,,,0,,,,,,,,,,,,,,
2020-04-06 01:00:00,931.9,13.6,100,0.5,223.0,1.5,165.0,0.0,,,,,,,,,,2020-04-06T00:08:00,,,,0,,,,,,,,,,,,,,
2020-04-06 02:00:00,930.8,13.5,100,0.5,160.0,1.6,206.0,0.0,,,,,,,,,,2020-04-06T01:37:00,,,,0,,,,,,,,,,,,,,
2020-04-06 03:00:00,930.3,13.5,100,0.2,0.0,1.4,74.0,0.0,,,,,,,,,,2020-04-06T02:20:00,,,,0,,,,,,,,,,,,,,
2020-04-06 04:00:00,930.3,13.7,100,0.7,232.0,1.5,230.0,0.0,,,,,,,,,,2020-04-06T03:06:00,,,,0,,,,,,,,,,,,,,
2020-04-06 05:00:00,930.3,13.8,100,0.2,0.0,1.9,218.0,0.0,,,,,,,,,,2020-04-06T04:37:00,,,,0,,,,,,,,,,,,,,
2020-04-06 06:00:00,930.7,13.9,100,0.3,194.0,1.3,148.0,0.0,,,,,,,,,,2020-04-06T05:09:00,,,,0,,,,,,,,,,,,,,
2020-04-06 07:00:00,931.4,14.0,100,0.1,0.0,1.3,90.0,0.0,,,,,,,,,,2020-04-06T06:30:00,,,,0,,,,,,,,,,,,,,
2020-04-06 08:00:00,931.8,14.3,100,0.5,56.0,1.1,218.0,0.0,,,,,,,,,,2020-04-06T07:45:00,,,,0,,,,,,,,,,,,,,
2020-04-06 09:00:00,931.9,14.8,99,0.2,0.0,1.4,224.0,0.0,,,,,,,,,,2020-04-06T08:15:00,,,,0,,,,,,,,,,,,,,
2020-04-06 10:00:00,931.7,15.4,97,0.0,0.0,1.1,279.0,0.0,,,,,,,,,,2020-04-06T09:01:00,,,,0,,,,,,,,,,,,,,
2020-04-06 11:00:00,931.3,15.6,99,0.5,73.0,1.1,105.0,0.0,,,,,,,,,,2020-04-06T10:48:00,,,,0,,,,,,,,,,,,,,
2020-04-06 12:00:00,930.4,15.9,94,1.4,105.0,3.0,115.0,0.5,,,,,,,,,,2020-04-06T11:58:00,,,,0,,,,,,,,,,,,,,
2020-04-06 13:00:00,929.5,16.1,97,0.9,74.0,2.9,73.0,0.0,,,,,,,,,,2020-04-06T12:27:00,,,,0,,,,,,,,,,,,,,
2020-04-06 14:00:00,928.9,15.2,97,0.3,8.0,3.1,97.0,0.0,,,,,,,,,,2020-04-06T13:06:00,,,,0,,,,,,,,,,,,,,
2020-04-06 15:00:00,928.0,15.2,98,0.6,92.0,1.2,354.0,0.0,,,,,,,,,,2020-04-06T14:02:00,,,,0,,,,,,,,,,,,,,
2020-04-06 16:00:00,927.7,15.2,96,0.7,91.0,1.9,93.0,0.0,,,,,,,,,,2020-04-06T15:33:00,,,,0,,,,,,,,,,,,,,
2020-04-06 17:00:00,928.1,15.2,97,0.2,0.0,1.2,102.0,0.0,,,,,,,,,,2020-04-06T16:03:00,,,,0,,,,,,,,,,,,,,
2020-04-06 18:00:00,928.3,15.1,97,0.7,220.0,1.2,200.0,0.0,,,,,,,,,,2020-04-06T17:52:00,,,,0,,,,,,,,,,,,,,
2020-04-06 19:00:00,928.7,15.0,100,0.0,0.0,1.4,237.0,0.0,,,,,,,,,,2020-04-06T18:29:00,,,,0,,,,,,,,,,,,,,
2020-04-06 20:00:00,929.2,14.8,100,0.4,260.0,0.8,235.0,1.5,,,,,,,,,,2020-04-06T19:54:00,,,,0,,,,,,,,,,,,,,
2020-04-06 21:00:00,929.5,14.7,100,0.0,0.0,1.0,201.0,1.0,,,,,,,,,,2020-04-06T20:13:00,,,,0,,,,,,,,,,,,,,
2020-04-06 22:00:00,929.3,14.9,100,0.2,0.0,1.0,232.0,3.0,,,,,,,,,,2020-04-06T21:26:00,,,,0,,,,,,,,,,,,,,
2020-04-06 23:00:00,929.0,14.9,100,0.0,0.0,1.4,244.0,2.0,,,,,,,,,,2020-04-06T22:17:00,,,,0,,,,,,,,,,,,,,
2020-04-07 00:00:00,928.8,14.9,100,0.1,0.0,1.8,219.0,2.5,,,,,,,,,,2020-04-06T23:20:00,,,,0,,,,,,,,,,,,,,
2020-04-07 01:00:00,927.5,14.9,100,0.9,146.0,2.7,207.0,5.0,,,,,,,,,,2020-04-07T00:39:00,,,,0,,,,,,,,,,,,,,
2020-04-07 02:00:00,926.9,14.8,100,0.4,221.0,1.1,218.0,1.0,,,,,,,,,,2020-04-07T01:15:00,,,,0,,,,,,,,,,,,,,
2020-04-07 03:00:00,926.6,14.8,100,0.0,0.0,1.3,230.0,2.5,,,,,,,,,,2020-04-07T02:39:00,,,,0,,,,,,,,,,,,,,
2020-04-07 04:00:00,926.3,14.7,100,1.1,199.0,2.1,221.0,0.5,,,,,,,,,,2020-04-07T04:00:00,,,,0,,,,,,,,,,,,,,
2020-04-07 05:00:00,926.5,14.9,100,0.3,312.0,1.6,191.0,1.0,,,,,,,,,,2020-04-07T04:01:00,,,,0,,,,,,,,,,,,,,
2020-04-07 06:00:00,926.9,14.9,100,0.9,253.0,1.2,277.0,0.5,,,,,,,,,,2020-04-07T05:52:00,,,,0,,,,,,,,,,,,,,
2020-04-07 07:00:00,926.7,15.4,100,0.7,142.0,1.6,252.0,1.5,,,,,,,,,,2020-04-07T06:34:00,,,,0,,,,,,,,,,,,,,
2020-04-07 08:00:00,927.8,16.6,97,0.3,319.0,1.4,225.0,0.0,,,,,,,,,,2020-04-07T07:22:00,,,,0,,,,,,,,,,,,,,
2020-04-07 09:00:00,927.9,18.5,87,1.0,69.0,1.9,53.0,0.0,,,,,,,,,,2020-04-07T08:17:00,,,,0,,,,,,,,,,,,,,
2020-04-07 10:00:00,928.0,19.4,79,1.2,103.0,2.8,89.0,0.0,,,,,,,,,,2020-04-07T09:18:00,,,,0,,,,,,,,,,,,,,
2020-04-07 11:00:00,928.0,19.9,84,0.4,35.0,2.3,103.0,0.0,,,,,,,,,,2020-04-07T10:11:00,,,,0,,,,,,,,,,,,,,
2020-04-07 12:00:00,927.3,19.6,81,1.0,69.0,3.6,69.0,0.0,,,,,,,,,,2020-04-07T11:41:00,,,,0,,,,,,,,,,,,,,
2020-04-07 13:00:00,926.8,19.0,84,1.2,139.0,5.5,68.0,0.0,,,,,,,,,,2020-04-07T12:30:00,,,,0,,,,,,,,,,,,,,
2020-04-07 14:00:00,926.1,19.4,83,1.3,64.0,4.6,79.0,0.0,,,,,,,,,,2020-04-07T13:47:00,,,,0,,,,,,,,,,,,,,
2020-04-07 15:00:00,926.0,17.5,90,1.5,105.0,6.9,87.0,0.0,,,,,,,,,,2020-04-07T14:38:00,,,,0,,,,,,,,,,,,,,
2020-04-07 16:00:00,926.2,16.8,94,0.6,114.0,4.1,130.0,0.0,,,,,,,,,,2020-04-07T15:23:00,,,,0,,,,,,,,,,,,,,
2020-04-07 17:00:00,926.5,16.1,99,0.5,73.0,2.3,200.0,0.0,,,,,,,,,,2020-04-07T16:02:00,,,,0,,,,,,,,,,,,,,
2020-04-07 18:00:00,927.1,15.8,99,1.3,137.0,2.6,194.0,0.0,,,,,,,,,,2020-04-07T17:29:00,,,,0,,,,,,,,,,,,,,
2020-04-07 19:00:00,927.6,15.4,100,1.5,132.0,2.8,122.0,0.0,,,,,,,,,,2020-04-07T18:58:00,,,,0,,,,,,,,,,,,,,
2020-04-07 20:00:00,928.4,15.3,100,0.6,94.0,2.6,127.0,0.0,,,,,,,,,,2020-04-07T19:03:00,,,,0,,,,,,,,,,,,,,
2020-04-07 21:00:00,928.9,15.1,100,0.6,104.0,1.7,102.0,0.0,,,,,,,,,,2020-04-07T20:22:00,,,,0,,,,,,,,,,,,,,
2020-04-07 22:00:00,929.2,15.0,100,0.9,167.0,2.2,195.0,0.0,,,,,,,,,,2020-04-07T21:47:00,,,,0,,,,,,,,,,,,,,
2020-04-07 23:00:00,929.3,14.8,100,1.1,130.0,2.6,121.0,0.0,,,,,,,,,,2020-04-07T22:47:00,,,,0,,,,,,,,,,,,,,
2020-04-08 00:00:00,928.8,14.7,100,0.0,0.0,1.9,170.0,0.0,,,,,,,,,,2020-04-07T23:23:00,,,,0,,,,,,,,,,,,,,
2020-04-08 01:00:00,928.3,14.6,100,0.0,0.0,0.7,32.0,0.0,,,,,,,,,,2020-04-08T00:29:00,,,,0,,,,,,,,,,,,,,
2020-04-08 02:00:00,927.9,14.5,100,0.1,0.0,1.0,210.0,0.0,,,,,,,,,,2020-04-08T01:51:00,,,,0,,,,,,,,,,,,,,
2020-04-08 03:00:00,927.8,14.3,100,0.3,206.0,1.2,205.0,0.0,,,,,,,,,,2020-04-08T02:36:00,,,,0,,,,,,,,,,,,,,
2020-04-08 04:00:00,927.4,14.3,100,0.8,217.0,1.7,199.0,0.0,,,,,,,,,,2020-04-08T03:35:00,,,,0,,,,,,,,,,,,,,
2020-04-08 05:00:00,927.8,14.6,100,0.0,0.0,0.8,217.0,0.0,,,,,,,,,,2020-04-08T04:24:00,,,,0,,,,,,,,,,,,,,
2020-04-08 06:00:00,928.3,14.8,100,0.0,0.0,1.1,224.0,0.0,,,,,,,,,,2020-04-08T05:40:00,,,,0,,,,,,,,,,,,,,
2020-04-08 07:00:00,928.8,15.1,100,0.2,0.0,1.0,67.0,0.0,,,,,,,,,,2020-04-08T06:43:00,,,,0,,,,,,,,,,,,,,
2020-04-08 08:00:00,929.1,16.8,93,0.2,0.0,1.1,48.0,0.0,,,,,,,,,,2020-04-08T07:27:00,,,,0,,,,,,,,,,,,,,
2020-04-08 09:00:00,929.3,18.1,87,1.1,44.0,2.9,97.0,0.0,,,,,,,,,,2020-04-08T08:36:00,,,,0,,,,,,,,,,,,,,
2020-04-08 10:00:00,929.3,19.7,73,1.2,128.0,4.1,31.0,0.0,,,,,,,,,,2020-04-08T09:46:00,,,,0,,,,,,,,,,,,,,
2020-04-08 11:00:00,928.8,19.1,77,1.2,99.0,5.2,99.0,0.0,,,,,,,,,,2020-04-08T10:24:00,,,,0,,,,,,,,,,,,,,
2020-04-08 12:00:00,928.5,18.6,78,2.5,79.0,6.0,71.0,0.0,,,,,,,,,,2020-04-08T11:38:00,,,,0,,,,,,,,,,,,,,
2020-04-08 13:00:00,928.1,19.3,78,0.9,171.0,4.9,90.0,0.0,,,,,,,,,,2020-04-08T12:28:00,,,,0,,,,,,,,,,,,,,
2020-04-08 14:00:00,927.6,18.0,80,2.1,110.0,6.3,85.0,0.0,,,,,,,,,,2020-04-08T13:51:00,,,,0,,,,,,,,,,,,,,
2020-04-08 15:00:00,927.7,17.5,85,0.9,164.0,4.5,14.0,0.0,,,,,,,,,,2020-04-08T14:05:00,,,,0,,,,,,,,,,,,,,
2020-04-08 16:00:00,928.0,17.0,88,1.0,135.0,2.6,214.0,0.0,,,,,,,,,,2020-04-08T15:31:00,,,,0,,,,,,,,,,,,,,
2020-04-08 17:00:00,928.0,16.8,92,0.9,127.0,2.8,140.0,0.0,,,,,,,,,,2020-04-08T16:42:00,,,,0,,,,,,,,,,,,,,
2020-04-08 18:00:00,928.6,16.6,94,0.2,0.0,2.6,111.0,0.0,,,,,,,,,,2020-04-08T17:20:00,,,,0,,,,,,,,,,,,,,
2020-04-08 19:00:00,929.2,16.4,96,0.2,0.0,0.7,167.0,0.0,,,,,,,,,,2020-04-08T18:22:00,,,,0,,,,,,,,,,,,,,
2020-04-08 20:00:00,929.8,16.1,97,0.2,0.0,1.1,201.0,0.0,,,,,,,,,,2020-04-08T19:45:00,,,,0,,,,,,,,,,,,,,
2020-04-08 21:00:00,930.4,15.7,98,0.7,210.0,1.6,203.0,0.0,,,,,,,,,,2020-04-08T20:48:00,,,,0,,,,,,,,,,,,,,
2020-04-08 22:00:00,930.5,15.9,98,0.5,219.0,1.5,213.0,0.0,,,,,,,,,,2020-04-08T21:02:00,,,,0,,,,,,,,,,,,,,
2020-04-08 23:00:00,930.3,15.8,98,0.5,206.0,1.7,200.0,0.0,,,,,,,,,,2020-04-08T22:11:00,,,,0,,,,,,,,,,,,,,
2020-04-09 00:00:00,930.0,15.8,99,0.0,0.0,1.1,190.0,0.0,,,,,,,,,,2020-04-08T23:09:00,,,,0,,,,,,,,,,,,,,
2020-04-09 01:00:00,929.2,15.2,99,0.6,212.0,1.2,201.0,0.0,,,,,,,,,,2020-04-09T00:52:00,,,,0,,,,,,,,,,,,,,
2020-04-09 02:00:00,928.9,15.6,99,0.8,240.0,1.7,218.0,0.0,,,,,,,,,,2020-04-09T01:14:00,,,,0,,,,,,,,,,,,,,
2020-04-09 03:00:00,928.5,15.4,100,0.7,183.0,1.5,203.0,0.0,,,,,,,,,,2020-04-09T02:15:00,,,,0,,,,,,,,,,,,,,
2020-04-09 04:00:00,928.0,15.1,99,0.7,175.0,1.7,192.0,0.0,,,,,,,,,,2020-04-09T03:39:00,,,,0,,,,,,,,,,,,,,
2020-04-09 05:00:00,928.5,14.9,100,0.8,197.0,1.3,190.0,0.0,,,,,,,,,,2020-04-09T04:02:00,,,,0,,,,,,,,,,,,,,
2020-04-09 06:00:00,929.1,15.5,100,0.5,225.0,1.3,243.0,0.0,,,,,,,,,,2020-04-09T05:48:00,,,,0,,,,,,,,,,,,,,
2020-04-09 07:00:00,929.5,16.0,99,0.2,0.0,1.3,132.0,0.0,,,,,,,,,,2020-04-09T06:14:00,,,,0,,,,,,,,,,,,,,
2020-04-09 08:00:00,930.1,16.9,95,0.2,0.0,1.4,19.0,0.0,,,,,,,,,,2020-04-09T07:39:00,,,,0,,,,,,,,,,,,,,
2020-04-09 09:00:00,930.3,17.9,91,0.4,26.0,1.2,68.0,0.0,,,,,,,,,,2020-04-09T08:46:00,,,,0,,,,,,,,,,,,,,
2020-04-09 10:00:00,930.4,19.3,82,0.8,62.0,2.1,98.0,0.0,,,,,,,,,,2020-04-09T09:34:00,,,,0,,,,,,,,,,,,,,
2020-04-09 11:00:00,930.1,20.3,76,0.8,237.0,4.8,77.0,0.0,,,,,,,,,,2020-04-09T10:27:00,,,,0,,,,,,,,,,,,,,
2020-04-09 12:00:00,929.6,19.7,77,1.1,55.0,4.4,98.0,0.0,,,,,,,,,,2020-04-09T11:46:00,,,,0,,,,,,,,,,,,,,
2020-04-09 13:00:00,929.1,19.3,79,2.2,97.0,6.7,152.0,0.0,,,,,,,,,,2020-04-09T12:57:00,,,,0,,,,,,,,,,,,,,
2020-04-09 14:00:00,929.0,18.7,84,1.8,82.0,7.9,97.0,0.0,,,,,,,,,,2020-04-09T13:09:00,,,,0,,,,,,,,,,,,,,
2020-04-09 15:00:00,929.1,17.7,90,1.4,86.0,5.6,223.0,0.0,,,,,,,,,,2020-04-09T14:03:00,,,,0,,,,,,,,,,,,,,
2020-04-09 16:00:00,929.4,16.5,94,1.4,145.0,3.8,133.0,0.0,,,,,,,,,,2020-04-09T15:16:00,,,,0,,,,,,,,,,,,,,
2020-04-09 17:00:00,930.0,15.6,96,1.0,152.0,3.8,92.0,0.0,,,,,,,,,,2020-04-09T16:31:00,,,,0,,,,,,,,,,,,,,
2020-04-09 18:00:00,930.7,14.7,94,1.2,156.0,3.8,202.0,0.0,,,,,,,,,,2020-04-09T17:07:00,,,,0,,,,,,,,,,,,,,
2020-04-09 19:00:00,931.3,14.6,96,0.7,204.0,1.4,195.0,0.0,,,,,,,,,,2020-04-09T18:53:00,,,,0,,,,,,,,,,,,,,
2020-04-09 20:00:00,932.0,14.4,98,0.0,0.0,0.9,285.0,0.0,,,,,,,,,,2020-04-09T19:18:00,,,,0,,,,,,,,,,,,,,
2020-04-09 21:00:00,932.8,14.4,98,0.5,235.0,0.8,263.0,0.0,,,,,,,,,,2020-04-09T20:45:00,,,,0,,,,,,,,,,,,,,
2020-04-09 22:00:00,933.0,14.5,100,0.2,0.0,0.8,252.0,0.0,,,,,,,,,,2020-04-09T21:01:00,,,,0,,,,,,,,,,,,,,
2020-04-09 23:00:00,933.0,14.7,98,0.3,256.0,1.0,215.0,0.0,,,,,,,,,,2020-04-09T22:45:00,,,,0,,,,,,,,,,,,,,
2020-04-10 00:00:00,932.7,14.4,98,0.4,205.0,1.4,209.0,0.0,,,,,,,,,,2020-04-09T23:22:00,,,,0,,,,,,,,,,,,,,
2020-04-10 01:00:00,932.5,14.5,98,0.3,243.0,1.3,214.0,0.0,,,,,,,,,,2020-04-10T00:40:00,,,,0,,,,,,,,,,,,,,
2020-04-10 02:00:00,932.2,14.0,95,1.1,214.0,2.0,194.0,0.0,,,,,,,,,,2020-04-10T01:51:00,,,,0,,,,,,,,,,,,,,
2020-04-10 03:00:00,931.7,13.1,97,1.8,202.0,2.5,204.0,0.0,,,,,,,,,,2020-04-10T02:36:00,,,,0,,,,,,,,,,,,,,
2020-04-10 04:00:00,931.7,13.3,96,1.0,226.0,2.3,202.0,0.0,,,,,,,,,,2020-04-10T03:48:00,,,,0,,,,,,,,,,,,,,
2020-04-10 05:00:00,932.2,13.4,98,0.9,231.0,2.2,209.0,0.0,,,,,,,,,,2020-04-10T04:24:00,,,,0,,,,,,,,,,,,,,
2020-04-10 06:00:00,932.7,14.1,94,0.1,0.0,2.9,304.0,0.0,,,,,,,,,,2020-04-10T05:31:00,,,,0,,,,,,,,,,,,,,
2020-04-10 07:00:00,933.2,14.9,92,0.1,0.0,0.7,312.0,0.0,,,,,,,,,,2020-04-10T06:13:00,,,,0,,,,,,,,,,,,,,
2020-04-10 08:00:00,933.5,15.9,88,0.8,98.0,1.6,100.0,0.0,,,,,,,,,,2020-04-10T07:51:00,,,,0,,,,,,,,,,,,,,
2020-04-10 09:00:00,933.5,19.2,75,1.4,79.0,3.6,70.0,0.0,,,,,,,,,,2020-04-10T08:57:00,,,,0,,,,,,,,,,,,,,
2020-04-10 10:00:00,933.4,20.8,60,1.7,77.0,4.3,69.0,0.0,,,,,,,,,,2020-04-10T09:25:00,,,,0,,,,,,,,,,,,,,
2020-04-10 11:00:00,933.0,20.2,65,2.1,77.0,6.6,80.0,0.0,,,,,,,,,,2020-04-10T10:56:00,,,,0,,,,,,,,,,,,,,
2020-04-10 12:00:00,932.2,22.1,61,1.6,37.0,5.6,50.0,0.0,,,,,,,,,,2020-04-10T11:05:00,,,,0,,,,,,,,,,,,,,
2020-04-10 13:00:00,931.7,21.0,67,1.1,72.0,5.5,94.0,0.0,,,,,,,,,,2020-04-10T12:13:00,,,,0,,,,,,,,,,,,,,
2020-04-10 14:00:00,931.0,20.0,70,1.3,77.0,5.8,83.0,0.0,,,,,,,,,,2020-04-10T13:12:00,,,,0,,,,,,,,,,,,,,
2020-04-10 15:00:00,930.4,19.9,73,1.0,102.0,6.8,101.0,0.0,,,,,,,,,,2020-04-10T14:13:00,,,,0,,,,,,,,,,,,,,
2020-04-10 16:00:00,930.8,18.2,81,1.2,75.0,4.7,67.0,0.0,,,,,,,,,,2020-04-10T15:51:00,,,,0,,,,,,,,,,,,,,
2020-04-10 17:00:00,931.0,17.5,84,0.7,106.0,4.0,125.0,0.0,,,,,,,,,,2020-04-10T16:11:00,,,,0,,,,,,,,,,,,,,
2020-04-10 18:00:00,931.6,16.9,88,1.4,136.0,3.9,88.0,0.0,,,,,,,,,,2020-04-10T17:17:00,,,,0,,,,,,,,,,,,,,
2020-04-10 19:00:00,932.2,16.5,91,0.8,159.0,2.6,130.0,0.0,,,,,,,,,,2020-04-10T18:20:00,,,,0,,,,,,,,,,,,,,
2020-04-10 20:00:00,932.5,16.4,94,0.2,0.0,1.2,150.0,0.0,,,,,,,,,,2020-04-10T19:02:00,,,,0,,,,,,,,,,,,,,
2020-04-10 21:00:00,933.0,16.2,95,0.0,0.0,0.5,209.0,0.0,,,,,,,,,,2020-04-10T20:16:00,,,,0,,,,,,,,,,,,,,
2020-04-10 22:00:00,932.6,16.0,97,0.0,0.0,0.6,145.0,0.0,,,,,,,,,,2020-04-10T21:34:00,,,,0,,,,,,,,,,,,,,
2020-04-10 23:00:00,932.3,15.9,99,0.0,0.0,0.4,254.0,0.0,,,,,,,,,,2020-04-10T22:37:00,,,,0,,,,,,,,,,,,,,
2020-04-11 00:00:00,931.7,15.7,100,0.2,0.0,1.0,82.0,0.0,,,,,,,,,,2020-04-10T23:53:00,,,,0,,,,,,,,,,,,,,
2020-04-11 01:00:00,931.0,15.2,98,0.6,209.0,1.1,193.0,0.0,,,,,,,,,,2020-04-11T01:00:00,,,,0,,,,,,,,,,,,,,
2020-04-11 02:00:00,930.4,15.4,99,0.2,0.0,1.2,219.0,0.0,,,,,,,,,,2020-04-11T01:04:00,,,,0,,,,,,,,,,,,,,
2020-04-11 03:00:00,929.7,15.7,97,0.3,211.0,1.4,208.0,0.0,,,,,,,,,,2020-04-11T02:47:00,,,,0,,,,,,,,,,,,,,
2020-04-11 04:00:00,929.7,15.2,98,0.5,198.0,1.0,187.0,0.0,,,,,,,,,,2020-04-11T03:17:00,,,,0,,,,,,,,,,,,,,
2020-04-11 05:00:00,929.8,14.9,100,0.7,233.0,1.5,204.0,0.0,,,,,,,,,,2020-04-11T04:49:00,,,,0,,,,,,,,,,,,,,
2020-04-11 06:00:00,929.8,15.2,96,0.2,0.0,1.2,230.0,0.0,,,,,,,,,,2020-04-11T05:17:00,,,,0,,,,,,,,,,,,,,
2020-04-11 07:00:00,929.9,16.7,88,0.5,328.0,2.2,347.0,0.0,,,,,,,,,,2020-04-11T06:59:00,,,,0,,,,,,,,,,,,,,
2020-04-11 08:00:00,929.8,18.5,84,0.8,88.0,2.5,338.0,0.0,,,,,,,,,,2020-04-11T07:16:00,,,,0,,,,,,,,,,,,,,
2020-04-11 09:00:00,929.7,19.7,73,1.6,85.0,3.4,54.0,0.0,,,,,,,,,,2020-04-11T08:47:00,,,,0,,,,,,,,,,,,,,
2020-04-11 10:00:00,929.2,20.5,69,1.6,43.0,4.4,26.0,0.0,,,,,,,,,,2020-04-11T09:49:00,,,,0,,,,,,,,,,,,,,
2020-04-11 11:00:00,928.5,20.9,69,2.3,79.0,6.3,84.0,0.0,,,,,,,,,,2020-04-11T10:52:00,,,,0,,,,,,,,,,,,,,
2020-04-11 12:00:00,927.8,21.7,68,2.2,86.0,5.9,64.0,0.0,,,,,,,,,,2020-04-11T11:17:00,,,,0,,,,,,,,,,,,,,
2020-04-11 13:00:00,927.0,21.8,68,1.8,56.0,6.8,53.0,0.0,,,,,,,,,,2020-04-11T12:17:00,,,,0,,,,,,,,,,,,,,
2020-04-11 14:00:00,926.3,20.7,74,2.1,92.0,5.9,89.0,0.0,,,,,,,,,,2020-04-11T13:42:00,,,,0,,,,,,,,,,,,,,
2020-04-11 15:00:00,926.2,18.7,84,1.2,25.0,5.9,65.0,0.0,,,,,,,,,,2020-04-11T14:03:00,,,,0,,,,,,,,,,,,,,
2020-04-11 16:00:00,926.0,17.9,90,0.7,166.0,2.8,35.0,0.0,,,,,,,,,,2020-04-11T15:15:00,,,,0,,,,,,,,,,,,,,
2020-04-11 17:00:00,925.8,17.5,91,0.3,40.0,2.4,103.0,0.0,,,,,,,,,,2020-04-11T16:01:00,,,,0,,,,,,,,,,,,,,
2020-04-11 18:00:00,926.0,17.4,93,0.3,67.0,1.4,156.0,0.0,,,,,,,,,,2020-04-11T17:01:00,,,,0,,,,,,,,,,,,,,
2020-04-11 19:00:00,926.5,17.3,94,0.2,0.0,1.4,68.0,0.0,,,,,,,,,,2020-04-11T18:40:00,,,,0,,,,,,,,,,,,,,
2020-04-11 20:00:00,926.7,17.1,96,1.0,192.0,1.5,139.0,0.0,,,,,,,,,,2020-04-11T19:23:00,,,,0,,,,,,,,,,,,,,
2020-04-11 21:00:00,926.7,17.0,98,0.6,122.0,1.5,125.0,0.0,,,,,,,,,,2020-04-11T21:00:00,,,,0,,,,,,,,,,,,,,
2020-04-11 22:00:00,926.8,16.8,99,0.2,0.0,1.6,130.0,0.0,,,,,,,,,,2020-04-11T21:01:00,,,,0,,,,,,,,,,,,,,
2020-04-11 23:00:00,926.5,17.1,96,1.1,205.0,1.8,190.0,0.0,,,,,,,,,,2020-04-11T22:57:00,,,,0,,,,,,,,,,,,,,
2020-04-12 00:00:00,925.9,17.0,98,0.4,187.0,2.2,88.0,0.0,,,,,,,,,,2020-04-11T23:09:00,,,,0,,,,,,,,,,,,,,
2020-04-12 01:00:00,925.1,17.1,97,0.6,205.0,1.3,217.0,0.0,,,,,,,,,,2020-04-12T00:54:00,,,,0,,,,,,,,,,,,,,
2020-04-12 02:00:00,924.8,17.0,98,0.7,228.0,1.6,214.0,0.0,,,,,,,,,,2020-04-12T01:56:00,,,,0,,,,,,,,,,,,,,
2020-04-12 03:00:00,924.2,17.2,98,0.2,0.0,1.3,230.0,0.0,,,,,,,,,,2020-04-12T02:06:00,,,,0,,,,,,,,,,,,,,
2020-04-12 04:00:00,924.7,17.1,99,0.4,144.0,1.3,111.0,0.0,,,,,,,,,,2020-04-12T03:57:00,,,,0,,,,,,,,,,,,,,
2020-04-12 05:00:00,925.2,17.4,97,0.6,224.0,2.7,221.0,0.0,,,,,,,,,,2020-04-12T04:47:00,,,,0,,,,,,,,,,,,,,
2020-04-12 06:00:00,925.4,17.0,99,0.7,177.0,2.0,228.0,0.0,,,,,,,,,,2020-04-12T05:29:00,,,,0,,,,,,,,,,,,,,
2020-04-12 07:00:00,925.8,17.1,99,0.6,210.0,2.6,107.0,0.0,,,,,,,,,,2020-04-12T06:37:00,,,,0,,,,,,,,,,,,,,
2020-04-12 08:00:00,926.4,16.8,98,1.1,106.0,4.1,113.0,0.0,,,,,,,,,,2020-04-12T07:35:00,,,,0,,,,,,,,,,,,,,
2020-04-12 09:00:00,926.7,16.3,96,1.2,144.0,3.9,88.0,0.0,,,,,,,,,,2020-04-12T08:09:00,,,,0,,,,,,,,,,,,,,
2020-04-12 10:00:00,926.8,16.3,94,0.6,59.0,3.4,127.0,0.0,,,,,,,,,,2020-04-12T09:13:00,,,,0,,,,,,,,,,,,,,
2020-04-12 11:00:00,926.4,15.6,96,1.2,204.0,3.5,82.0,0.0,,,,,,,,,,2020-04-12T10:10:00,,,,0,,,,,,,,,,,,,,
2020-04-12 12:00:00,926.0,15.9,93,1.0,85.0,6.0,111.0,0.0,,,,,,,,,,2020-04-12T12:00:00,,,,0,,,,,,,,,,,,,,
2020-04-12 13:00:00,925.8,15.6,93,1.0,51.0,5.5,87.0,0.0,,,,,,,,,,2020-04-12T12:18:00,,,,0,,,,,,,,,,,,,,
2020-04-12 14:00:00,925.8,14.8,96,1.2,57.0,4.3,48.0,0.0,,,,,,,,,,2020-04-12T13:23:00,,,,0,,,,,,,,,,,,,,
2020-04-12 15:00:00,925.6,14.7,95,1.5,4.0,4.2,12.0,0.0,,,,,,,,,,2020-04-12T14:54:00,,,,0,,,,,,,,,,,,,,
2020-04-12 16:00:00,925.9,14.5,95,1.0,88.0,4.9,71.0,0.0,,,,,,,,,,2020-04-12T15:38:00,,,,0,,,,,,,,,,,,,,
2020-04-12 17:00:00,926.4,13.9,99,0.8,120.0,5.8,218.0,0.0,,,,,,,,,,2020-04-12T16:35:00,,,,0,,,,,,,,,,,,,,
2020-04-12 18:00:00,926.8,13.3,100,0.7,194.0,2.6,76.0,0.0,,,,,,,,,,2020-04-12T17:13:00,,,,0,,,,,,,,,,,,,,
2020-04-12 19:00:00,927.6,12.4,100,0.9,37.0,3.1,6.0,0.0,,,,,,,,,,2020-04-12T18:57:00,,,,0,,,,,,,,,,,,,,
2020-04-12 20:00:00,928.6,12.0,100,0.8,107.0,4.6,101.0,0.0,,,,,,,,,,2020-04-12T19:34:00,,,,0,,,,,,,,,,,,,,
2020-04-12 21:00:00,929.7,11.6,100,0.9,89.0,3.2,62.0,0.0,,,,,,,,,,2020-04-12T20:22:00,,,,0,,,,,,,,,,,,,,
2020-04-12 22:00:00,930.0,11.3,100,0.7,86.0,2.5,118.0,0.0,,,,,,,,,,2020-04-12T21:01:00,,,,0,,,,,,,,,,,,,,
2020-04-12 23:00:00,930.0,11.3,100,0.7,133.0,1.9,92.0,0.5,,,,,,,,,,2020-04-12T22:33:00,,,,0,,,,,,,,,,,,,,
2020-04-13 00:00:00,929.4,11.1,100,1.0,126.0,2.3,116.0,0.0,,,,,,,,,,2020-04-12T23:22:00,,,,0,,,,,,,,,,,,,,
2020-04-13 01:00:00,928.8,11.0,100,0.2,0.0,3.1,195.0,0.0,,,,,,,,,,2020-04-13T00:30:00,,,,0,,,,,,,,,,,,,,
2020-04-13 02:00:00,928.4,10.8,100,1.4,114.0,4.1,111.0,0.0,,,,,,,,,,2020-04-13T01:37:00,,,,0,,,,,,,,,,,,,,
2020-04-13 03:00:00,928.0,10.8,100,0.6,91.0,3.2,141.0,0.0,,,,,,,,,,2020-04-13T02:17:00,,,,0,,,,,,,,,,,,,,
2020-04-13 04:00:00,928.3,10.7,100,0.3,152.0,1.7,126.0,0.0,,,,,,,,,,2020-04-13T03:09:00,,,,0,,,,,,,,,,,,,,
2020-04-13 05:00:00,929.0,10.8,100,0.7,257.0,1.3,268.0,0.0,,,,,,,,,,2020-04-13T04:57:00,,,,0,,,,,,,,,,,,,,
2020-04-13 06:00:00,929.6,10.3,98,0.7,219.0,1.6,210.0,0.0,,,,,,,,,,2020-04-13T05:44:00,,,,0,,,,,,,,,,,,,,
2020-04-13 07:00:00,929.9,11.1,99,0.1,0.0,1.1,194.0,0.0,,,,,,,,,,2020-04-13T06:01:00,,,,0,,,,,,,,,,,,,,
2020-04-13 08:00:00,930.4,12.4,94,0.5,50.0,1.3,44.0,0.0,,,,,,,,,,2020-04-13T07:59:00,,,,0,,,,,,,,,,,,,,
2020-04-13 09:00:00,930.8,13.7,76,0.8,86.0,2.6,54.0,0.0,,,,,,,,,,2020-04-13T08:49:00,,,,0,,,,,,,,,,,,,,
2020-04-13 10:00:00,931.0,15.6,62,1.3,32.0,4.3,35.0,0.0,,,,,,,,,,2020-04-13T09:59:00,,,,0,,,,,,,,,,,,,,
2020-04-13 11:00:00,930.6,16.3,61,1.6,67.0,4.8,102.0,0.0,,,,,,,,,,2020-04-13T10:53:00,,,,0,,,,,,,,,,,,,,
2020-04-13 12:00:00,930.2,17.0,56,1.3,15.0,4.5,66.0,0.0,,,,,,,,,,2020-04-13T11:29:00,,,,0,,,,,,,,,,,,,,
2020-04-13 13:00:00,929.2,17.9,48,1.4,90.0,5.1,7.0,0.0,,,,,,,,,,2020-04-13T12:46:00,,,,0,,,,,,,,,,,,,,
2020-04-13 14:00:00,928.9,18.7,50,1.2,59.0,5.1,69.0,0.0,,,,,,,,,,2020-04-13T13:35:00,,,,0,,,,,,,,,,,,,,
2020-04-13 15:00:00,928.8,19.6,46,0.9,27.0,4.8,21.0,0.0,,,,,,,,,,2020-04-13T14:50:00,,,,0,,,,,,,,,,,,,,
2020-04-13 16:00:00,929.0,18.4,50,0.9,46.0,5.6,32.0,0.0,,,,,,,,,,2020-04-13T15:17:00,,,,0,,,,,,,,,,,,,,
2020-04-13 17:00:00,929.6,16.1,59,0.9,87.0,6.0,146.0,0.0,,,,,,,,,,2020-04-13T16:24:00,,,,0,,,,,,,,,,,,,,
2020-04-13 18:00:00,930.2,15.2,61,0.9,86.0,6.4,129.0,0.0,,,,,,,,,,2020-04-13T17:11:00,,,,0,,,,,,,,,,,,,,
2020-04-13 19:00:00,931.3,14.3,67,0.8,183.0,2.4,28.0,0.0,,,,,,,,,,2020-04-13T18:06:00,,,,0,,,,,,,,,,,,,,
2020-04-13 20:00:00,931.7,13.6,72,1.2,174.0,2.2,192.0,0.0,,,,,,,,,,2020-04-13T19:48:00,,,,0,,,,,,,,,,,,,,
2020-04-13 21:00:00,932.2,13.3,76,1.1,154.0,2.3,170.0,0.0,,,,,,,,,,2020-04-13T20:18:00,,,,0,,,,,,,,,,,,,,
2020-04-13 22:00:00,932.6,12.9,81,0.9,175.0,1.6,169.0,0.0,,,,,,,,,,2020-04-13T21:08:00,,,,0,,,,,,,,,,,,,,
2020-04-13 23:00:00,932.5,12.6,79,1.1,156.0,2.3,148.0,0.0,,,,,,,,,,2020-04-13T22:34:00,,,,0,,,,,,,,,,,,,,
2020-04-14 00:00:00,931.9,12.2,83,0.9,157.0,1.5,135.0,0.0,,,,,,,,,,2020-04-14T00:00:00,,,,0,,,,,,,,,,,,,,
2020-04-14 01:00:00,931.5,11.9,88,0.3,186.0,1.7,114.0,0.0,,,,,,,,,,2020-04-14T00:03:00,,,,0,,,,,,,,,,,,,,
2020-04-14 02:00:00,930.8,11.6,86,0.5,241.0,1.8,197.0,0.0,,,,,,,,,,2020-04-14T01:20:00,,,,0,,,,,,,,,,,,,,
2020-04-14 03:00:00,930.8,11.3,89,0.4,251.0,1.9,185.0,0.0,,,,,,,,,,2020-04-14T02:32:00,,,,0,,,,,,,,,,,,,,
2020-04-14 04:00:00,930.9,11.2,91,0.3,236.0,1.4,195.0,0.0,,,,,,,,,,2020-04-14T03:41:00,,,,0,,,,,,,,,,,,,,
2020-04-14 05:00:00,931.2,11.3,92,0.4,216.0,1.5,226.0,0.0,,,,,,,,,,2020-04-14T04:08:00,,,,0,,,,,,,,,,,,,,
2020-04-14 06:00:00,931.5,11.3,91,0.5,224.0,1.1,203.0,0.0,,,,,,,,,,2020-04-14T05:46:00,,,,0,,,,,,,,,,,,,,
2020-04-14 07:00:00,931.9,12.5,84,0.0,0.0,1.3,206.0,0.0,,,,,,,,,,2020-04-14T06:04:00,,,,0,,,,,,,,,,,,,,
2020-04-14 08:00:00,932.1,14.6,76,0.7,77.0,2.0,81.0,0.0,,,,,,,,,,2020-04-14T07:55:00,,,,0,,,,,,,,,,,,,,
2020-04-14 09:00:00,931.9,16.8,56,1.4,64.0,3.0,51.0,0.0,,,,,,,,,,2020-04-14T08:54:00,,,,0,,,,,,,,,,,,,,
2020-04-14 10:00:00,931.5,17.5,53,2.0,39.0,4.6,14.0,0.0,,,,,,,,,,2020-04-14T09:20:00,,,,0,,,,,,,,,,,,,,
2020-04-14 11:00:00,931.0,18.3,52,1.9,77.0,5.4,17.0,0.0,,,,,,,,,,2020-04-14T10:02:00,,,,0,,,,,,,,,,,,,,
2020-04-14 12:00:00,930.7,17.7,53,1.7,67.0,5.5,78.0,0.0,,,,,,,,,,2020-04-14T11:47:00,,,,0,,,,,,,,,,,,,,
2020-04-14 13:00:00,929.8,17.7,57,1.7,31.0,5.2,103.0,0.0,,,,,,,,,,2020-04-14T12:43:00,,,,0,,,,,,,,,,,,,,
2020-04-14 14:00:00,928.9,18.2,58,1.4,26.0,5.2,298.0,0.0,,,,,,,,,,2020-04-14T13:44:00,,,,0,,,,,,,,,,,,,,
2020-04-14 15:00:00,928.5,16.2,65,2.1,78.0,6.4,51.0,0.0,,,,,,,,,,2020-04-14T14:10:00,,,,0,,,,,,,,,,,,,,
2020-04-14 16:00:00,928.6,15.6,70,1.2,52.0,6.3,29.0,0.0,,,,,,,,,,2020-04-14T15:12:00,,,,0,,,,,,,,,,,,,,
2020-04-14 17:00:00,928.7,15.1,74,0.9,3.0,4.7,78.0,0.0,,,,,,,,,,2020-04-14T16:35:00,,,,0,,,,,,,,,,,,,,
2020-04-14 18:00:00,929.2,14.5,78,0.3,286.0,3.3,36.0,0.0,,,,,,,,,,2020-04-14T17:09:00,,,,0,,,,,,,,,,,,,,
2020-04-14 19:00:00,929.6,14.2,81,0.5,107.0,1.9,85.0,0.0,,,,,,,,,,2020-04-14T18:59:00,,,,0,,,,,,,,,,,,,,
2020-04-14 20:00:00,929.9,14.0,83,0.4,138.0,2.1,175.0,0.0,,,,,,,,,,2020-04-14T19:23:00,,,,0,,,,,,,,,,,,,,
2020-04-14 21:00:00,930.4,13.7,86,0.3,167.0,1.3,137.0,0.0,,,,,,,,,,2020-04-14T20:44:00,,,,0,,,,,,,,,,,,,,
2020-04-14 22:00:00,930.6,13.5,88,0.2,0.0,1.1,151.0,0.0,,,,,,,,,,2020-04-14T21:04:00,,,,0,,,,,,,,,,,,,,
2020-04-14 23:00:00,930.1,12.6,91,1.5,206.0,2.1,203.0,0.0,,,,,,,,,,2020-04-14T22:59:00,,,,0,,,,,,,,,,,,,,
2020-04-15 00:00:00,929.5,11.8,94,1.4,208.0,2.7,202.0,0.0,,,,,,,,,,2020-04-14T23:42:00,,,,0,,,,,,,,,,,,,,
2020-04-15 01:00:00,929.0,12.5,92,1.0,211.0,1.9,221.0,0.0,,,,,,,,,,2020-04-15T00:02:00,,,,0,,,,,,,,,,,,,,
2020-04-15 02:00:00,928.6,12.9,92,0.3,121.0,1.3,243.0,0.0,,,,,,,,,,2020-04-15T01:22:00,,,,0,,,,,,,,,,,,,,
2020-04-15 03:00:00,927.6,12.5,93,0.5,173.0,1.4,219.0,0.0,,,,,,,,,,2020-04-15T02:33:00,,,,0,,,,,,,,,,,,,,
2020-04-15 04:00:00,927.6,12.5,94,0.6,237.0,1.4,233.0,0.0,,,,,,,,,,2020-04-15T03:50:00,,,,0,,,,,,,,,,,,,,
2020-04-15 05:00:00,927.9,12.7,92,0.8,218.0,1.6,218.0,0.0,,,,,,,,,,2020-04-15T04:59:00,,,,0,,,,,,,,,,,,,,
2020-04-15 06:00:00,928.4,12.8,92,0.3,234.0,1.3,221.0,0.0,,,,,,,,,,2020-04-15T05:22:00,,,,0,,,,,,,,,,,,,,
2020-04-15 07:00:00,929.0,14.7,86,0.2,0.0,1.7,228.0,0.0,,,,,,,,,,2020-04-15T06:05:00,,,,0,,,,,,,,,,,,,,
2020-04-15 08:00:00,929.3,16.1,74,0.6,359.0,1.7,324.0,0.0,,,,,,,,,,2020-04-15T07:23:00,,,,0,,,,,,,,,,,,,,
2020-04-15 09:00:00,929.1,17.0,72,1.6,94.0,4.5,83.0,0.0,,,,,,,,,,2020-04-15T09:00:00,,,,0,,,,,,,,,,,,,,
2020-04-15 10:00:00,928.7,18.6,66,1.8,102.0,5.3,82.0,0.0,,,,,,,,,,2020-04-15T09:03:00,,,,0,,,,,,,,,,,,,,
2020-04-15 11:00:00,927.8,18.9,66,2.1,100.0,6.5,34.0,0.0,,,,,,,,,,2020-04-15T10:26:00,,,,0,,,,,,,,,,,,,,
2020-04-15 12:00:00,927.1,19.7,65,1.5,50.0,7.0,38.0,0.0,,,,,,,,,,2020-04-15T11:43:00,,,,0,,,,,,,,,,,,,,
2020-04-15 13:00:00,926.5,20.0,66,2.4,76.0,7.3,41.0,0.0,,,,,,,,,,2020-04-15T12:58:00,,,,0,,,,,,,,,,,,,,
2020-04-15 14:00:00,926.1,19.6,70,2.0,88.0,8.2,87.0,0.0,,,,,,,,,,2020-04-15T13:30:00,,,,0,,,,,,,,,,,,,,
2020-04-15 15:00:00,926.0,19.2,73,2.7,95.0,8.3,97.0,0.0,,,,,,,,,,2020-04-15T14:45:00,,,,0,,,,,,,,,,,,,,
2020-04-15 16:00:00,926.3,18.8,76,1.9,98.0,7.6,81.0,0.0,,,,,,,,,,2020-04-15T15:02:00,,,,0,,,,,,,,,,,,,,
2020-04-15 17:00:00,926.9,18.1,79,1.2,113.0,5.0,174.0,0.0,,,,,,,,,,2020-04-15T16:20:00,,,,0,,,,,,,,,,,,,,
2020-04-15 18:00:00,927.4,17.1,83,1.4,180.0,2.4,185.0,0.0,,,,,,,,,,2020-04-15T17:45:00,,,,0,,,,,,,,,,,,,,
2020-04-15 19:00:00,927.9,15.2,91,1.9,205.0,3.2,205.0,0.0,,,,,,,,,,2020-04-15T18:44:00,,,,0,,,,,,,,,,,,,,
2020-04-15 20:00:00,928.6,16.0,91,0.9,197.0,2.7,208.0,0.0,,,,,,,,,,2020-04-15T19:05:00,,,,0,,,,,,,,,,,,,,
2020-04-15 21:00:00,929.3,15.6,92,1.3,206.0,2.1,204.0,0.0,,,,,,,,,,2020-04-15T20:26:00,,,,0,,,,,,,,,,,,,,
2020-04-15 22:00:00,929.8,14.9,92,1.7,220.0,2.6,206.0,0.0,,,,,,,,,,2020-04-15T21:21:00,,,,0,,,,,,,,,,,,,,
2020-04-15 23:00:00,929.9,15.3,87,0.7,242.0,2.5,230.0,0.0,,,,,,,,,,2020-04-15T22:03:00,,,,0,,,,,,,,,,,,,,
2020-04-16 00:00:00,929.3,15.6,77,0.8,282.0,3.0,307.0,0.0,,,,,,,,,,2020-04-15T23:57:00,,,,0,,,,,,,,,,,,,,
2020-04-16 01:00:00,929.0,14.3,80,0.8,245.0,3.8,300.0,0.0,,,,,,,,,,2020-04-16T00:29:00,,,,0,,,,,,,,,,,,,,
2020-04-16 02:00:00,928.5,14.8,74,1.3,275.0,3.2,292.0,0.0,,,,,,,,,,2020-04-16T01:52:00,,,,0,,,,,,,,,,,,,,
2020-04-16 03:00:00,928.2,14.2,76,0.2,0.0,3.2,284.0,0.0,,,,,,,,,,2020-04-16T02:10:00,,,,0,,,,,,,,,,,,,,
2020-04-16 04:00:00,928.4,14.7,70,0.7,236.0,3.8,319.0,0.0,,,,,,,,,,2020-04-16T03:20:00,,,,0,,,,,,,,,,,,,,
2020-04-16 05:00:00,929.2,12.9,83,0.6,210.0,2.6,260.0,0.0,,,,,,,,,,2020-04-16T04:20:00,,,,0,,,,,,,,,,,,,,
2020-04-16 06:00:00,929.8,14.3,75,0.9,287.0,3.3,300.0,0.0,,,,,,,,,,2020-04-16T05:46:00,,,,0,,,,,,,,,,,,,,
2020-04-16 07:00:00,930.2,16.2,71,0.6,10.0,3.8,309.0,0.0,,,,,,,,,,2020-04-16T06:21:00,,,,0,,,,,,,,,,,,,,
2020-04-16 08:00:00,930.3,17.7,67,0.8,73.0,2.5,329.0,0.0,,,,,,,,,,2020-04-16T07:08:00,,,,0,,,,,,,,,,,,,,
2020-04-16 09:00:00,930.5,19.5,59,1.0,48.0,4.1,78.0,0.0,,,,,,,,,,2020-04-16T08:35:00,,,,0,,,,,,,,,,,,,,
2020-04-16 10:00:00,930.2,20.4,59,2.8,91.0,7.0,86.0,0.0,,,,,,,,,,2020-04-16T10:00:00,,,,0,,,,,,,,,,,,,,
2020-04-16 11:00:00,930.1,21.4,58,1.6,90.0,6.3,67.0,0.0,,,,,,,,,,2020-04-16T10:01:00,,,,0,,,,,,,,,,,,,,
2020-04-16 12:00:00,929.4,22.5,58,1.9,62.0,5.9,98.0,0.0,,,,,,,,,,2020-04-16T11:51:00,,,,0,,,,,,,,,,,,,,
2020-04-16 13:00:00,929.0,22.1,64,1.7,33.0,5.7,87.0,0.0,,,,,,,,,,2020-04-16T12:07:00,,,,0,,,,,,,,,,,,,,
2020-04-16 14:00:00,928.6,20.5,70,1.9,76.0,8.1,56.0,0.0,,,,,,,,,,2020-04-16T13:10:00,,,,0,,,,,,,,,,,,,,
2020-04-16 15:00:00,928.7,19.3,79,1.9,82.0,6.9,79.0,0.0,,,,,,,,,,2020-04-16T14:40:00,,,,0,,,,,,,,,,,,,,
2020-04-16 16:00:00,929.1,18.3,82,0.8,36.0,5.9,78.0,0.0,,,,,,,,,,2020-04-16T15:02:00,,,,0,,,,,,,,,,,,,,
2020-04-16 17:00:00,929.5,17.2,87,0.6,69.0,5.1,68.0,0.0,,,,,,,,,,2020-04-16T16:01:00,,,,0,,,,,,,,,,,,,,
2020-04-16 18:00:00,930.4,16.8,89,0.4,131.0,3.0,183.0,0.0,,,,,,,,,,2020-04-16T17:03:00,,,,0,,,,,,,,,,,,,,
2020-04-16 19:00:00,931.0,16.0,95,1.0,163.0,3.0,194.0,0.0,,,,,,,,,,2020-04-16T18:04:00,,,,0,,,,,,,,,,,,,,
2020-04-16 20:00:00,931.5,15.9,95,0.5,167.0,2.1,159.0,0.0,,,,,,,,,,2020-04-16T19:09:00,,,,0,,,,,,,,,,,,,,
2020-04-16 21:00:00,931.9,15.8,96,0.2,0.0,1.1,157.0,0.0,,,,,,,,,,2020-04-16T20:03:00,,,,0,,,,,,,,,,,,,,
2020-04-16 22:00:00,932.1,15.8,93,0.6,232.0,1.1,216.0,0.0,,,,,,,,,,2020-04-16T21:47:00,,,,0,,,,,,,,,,,,,,
2020-04-16 23:00:00,931.9,15.9,94,0.4,240.0,1.6,223.0,0.0,,,,,,,,,,2020-04-16T22:30:00,,,,0,,,,,,,,,,,,,,
2020-04-17 00:00:00,930.9,15.9,89,0.6,312.0,2.6,311.0,0.0,,,,,,,,,,2020-04-16T23:44:00,,,,0,,,,,,,,,,,,,,
2020-04-17 01:00:00,930.6,13.9,94,1.4,225.0,2.4,222.0,0.0,,,,,,,,,,2020-04-17T00:52:00,,,,0,,,,,,,,,,,,,,
2020-04-17 02:00:00,930.0,13.9,86,0.7,251.0,3.5,290.0,0.0,,,,,,,,,,2020-04-17T01:44:00,,,,0,,,,,,,,,,,,,,
2020-04-17 03:00:00,929.9,13.5,84,0.9,250.0,3.4,286.0,0.0,,,,,,,,,,2020-04-17T02:36:00,,,,0,,,,,,,,,,,,,,
2020-04-17 04:00:00,929.9,12.8,88,0.6,222.0,2.5,295.0,0.0,,,,,,,,,,2020-04-17T03:02:00,,,,0,,,,,,,,,,,,,,
2020-04-17 05:00:00,930.4,11.9,93,1.3,218.0,2.4,208.0,0.0,,,,,,,,,,2020-04-17T04:16:00,,,,0,,,,,,,,,,,,,,
2020-04-17 06:00:00,930.7,12.1,88,1.0,218.0,2.8,343.0,0.0,,,,,,,,,,2020-04-17T05:18:00,,,,0,,,,,,,,,,,,,,
2020-04-17 07:00:00,931.0,15.4,67,0.2,0.0,2.8,330.0,0.0,,,,,,,,,,2020-04-17T06:41:00,,,,0,,,,,,,,,,,,,,
2020-04-17 08:00:00,931.1,18.3,60,0.5,22.0,1.4,82.0,0.0,,,,,,,,,,2020-04-17T07:15:00,,,,0,,,,,,,,,,,,,,
2020-04-17 09:00:00,930.9,21.2,49,1.1,61.0,2.1,33.0,0.0,,,,,,,,,,2020-04-17T08:57:00,,,,0,,,,,,,,,,,,,,
2020-04-17 10:00:00,930.6,23.4,46,1.5,48.0,3.7,68.0,0.0,,,,,,,,,,2020-04-17T09:19:00,,,,0,,,,,,,,,,,,,,
2020-04-17 11:00:00,930.1,24.4,48,1.6,70.0,4.5,137.0,0.0,,,,,,,,,,2020-04-17T10:58:00,,,,0,,,,,,,,,,,,,,
2020-04-17 12:00:00,929.5,24.8,51,1.5,37.0,6.2,31.0,0.0,,,,,,,,,,2020-04-17T11:42:00,,,,0,,,,,,,,,,,,,,
2020-04-17 13:00:00,928.8,25.9,51,1.1,320.0,5.9,28.0,0.0,,,,,,,,,,2020-04-17T12:06:00,,,,0,,,,,,,,,,,,,,
2020-04-17 14:00:00,928.4,25.0,54,1.9,122.0,6.4,103.0,0.0,,,,,,,,,,2020-04-17T13:56:00,,,,0,,,,,,,,,,,,,,
2020-04-17 15:00:00,928.1,24.3,60,2.0,97.0,5.8,54.0,0.0,,,,,,,,,,2020-04-17T14:03:00,,,,0,,,,,,,,,,,,,,
2020-04-17 16:00:00,928.0,24.1,64,0.8,264.0,9.3,70.0,0.0,,,,,,,,,,2020-04-17T15:02:00,,,,0,,,,,,,,,,,,,,
2020-04-17 17:00:00,928.2,22.3,73,0.7,233.0,3.1,30.0,0.0,,,,,,,,,,2020-04-17T16:33:00,,,,0,,,,,,,,,,,,,,
2020-04-17 18:00:00,929.0,20.6,82,0.4,226.0,2.9,201.0,0.0,,,,,,,,,,2020-04-17T17:50:00,,,,0,,,,,,,,,,,,,,
2020-04-17 19:00:00,929.5,20.2,84,0.5,173.0,2.0,146.0,0.0,,,,,,,,,,2020-04-17T18:32:00,,,,0,,,,,,,,,,,,,,
2020-04-17 20:00:00,930.4,19.9,87,0.8,192.0,2.3,228.0,0.0,,,,,,,,,,2020-04-17T19:59:00,,,,0,,,,,,,,,,,,,,
2020-04-17 21:00:00,930.8,19.3,92,0.0,0.0,1.8,191.0,0.0,,,,,,,,,,2020-04-17T20:14:00,,,,0,,,,,,,,,,,,,,
2020-04-17 22:00:00,930.8,18.9,94,0.6,243.0,1.0,246.0,0.0,,,,,,,,,,2020-04-17T21:58:00,,,,0,,,,,,,,,,,,,,
2020-04-17 23:00:00,930.5,18.4,92,1.0,224.0,2.7,225.0,0.0,,,,,,,,,,2020-04-17T22:56:00,,,,0,,,,,,,,,,,,,,
2020-04-18 00:00:00,929.8,18.3,80,0.7,243.0,3.7,326.0,0.0,,,,,,,,,,2020-04-17T23:44:00,,,,0,,,,,,,,,,,,,,
2020-04-18 01:00:00,929.4,17.7,75,0.9,260.0,4.0,336.0,0.0,,,,,,,,,,2020-04-18T00:05:00,,,,0,,,,,,,,,,,,,,
2020-04-18 02:00:00,929.4,16.3,80,1.7,216.0,2.6,203.0,0.0,,,,,,,,,,2020-04-18T01:52:00,,,,0,,,,,,,,,,,,,,
2020-04-18 03:00:00,929.4,15.3,81,1.5,220.0,2.7,242.0,0.0,,,,,,,,,,2020-04-18T03:00:00,,,,0,,,,,,,,,,,,,,
2020-04-18 04:00:00,929.6,14.6,83,1.3,210.0,2.5,215.0,0.0,,,,,,,,,,2020-04-18T03:02:00,,,,0,,,,,,,,,,,,,,
2020-04-18 05:00:00,929.9,14.5,83,1.4,218.0,2.5,198.0,0.0,,,,,,,,,,2020-04-18T04:04:00,,,,0,,,,,,,,,,,,,,
2020-04-18 06:00:00,930.1,14.6,83,1.1,206.0,2.6,259.0,0.0,,,,,,,,,,2020-04-18T05:31:00,,,,0,,,,,,,,,,,,,,
2020-04-18 07:00:00,930.5,18.1,66,0.3,40.0,1.9,204.0,0.0,,,,,,,,,,2020-04-18T06:01:00,,,,0,,,,,,,,,,,,,,
2020-04-18 08:00:00,930.6,20.7,60,0.4,358.0,1.3,360.0,0.0,,,,,,,,,,2020-04-18T07:55:00,,,,0,,,,,,,,,,,,,,
2020-04-18 09:00:00,930.5,23.3,52,1.0,58.0,2.1,27.0,0.0,,,,,,,,,,2020-04-18T08:55:00,,,,0,,,,,,,,,,,,,,
2020-04-18 10:00:00,930.2,24.5,59,1.3,92.0,4.9,83.0,0.0,,,,,,,,,,2020-04-18T09:57:00,,,,0,,,,,,,,,,,,,,
2020-04-18 11:00:00,929.9,24.5,62,1.7,33.0,6.8,59.0,0.0,,,,,,,,,,2020-04-18T10:29:00,,,,0,,,,,,,,,,,,,,
2020-04-18 12:00:00,929.4,25.1,60,2.7,73.0,7.6,60.0,0.0,,,,,,,,,,2020-04-18T11:28:00,,,,0,,,,,,,,,,,,,,
2020-04-18 13:00:00,928.9,24.3,66,2.2,71.0,7.4,85.0,0.0,,,,,,,,,,2020-04-18T12:26:00,,,,0,,,,,,,,,,,,,,
2020-04-18 14:00:00,928.4,24.8,68,2.6,105.0,6.4,179.0,0.0,,,,,,,,,,2020-04-18T13:57:00,,,,0,,,,,,,,,,,,,,
2020-04-18 15:00:00,927.9,24.6,70,1.6,107.0,6.1,86.0,0.0,,,,,,,,,,2020-04-18T14:16:00,,,,0,,,,,,,,,,,,,,
2020-04-18 16:00:00,927.7,23.0,78,1.9,135.0,6.4,85.0,0.0,,,,,,,,,,2020-04-18T15:27:00,,,,0,,,,,,,,,,,,,,
2020-04-18 17:00:00,927.8,22.6,79,1.3,67.0,4.6,196.0,0.0,,,,,,,,,,2020-04-18T16:47:00,,,,0,,,,,,,,,,,,,,
2020-04-18 18:00:00,928.3,21.9,84,0.7,158.0,3.2,53.0,0.0,,,,,,,,,,2020-04-18T17:22:00,,,,0,,,,,,,,,,,,,,
2020-04-18 19:00:00,928.8,20.7,90,1.3,170.0,2.0,92.0,0.0,,,,,,,,,,2020-04-18T18:11:00,,,,0,,,,,,,,,,,,,,
2020-04-18 20:00:00,929.4,20.5,90,0.7,190.0,1.9,171.0,0.0,,,,,,,,,,2020-04-18T19:02:00,,,,0,,,,,,,,,,,,,,
2020-04-18 21:00:00,930.1,20.3,92,0.3,245.0,1.2,197.0,0.0,,,,,,,,,,2020-04-18T20:18:00,,,,0,,,,,,,,,,,,,,
2020-04-18 22:00:00,930.0,20.0,94,0.9,228.0,1.3,238.0,0.0,,,,,,,,,,2020-04-18T21:58:00,,,,0,,,,,,,,,,,,,,
2020-04-18 23:00:00,929.5,19.4,94,0.7,171.0,2.6,229.0,0.0,,,,,,,,,,2020-04-18T22:43:00,,,,0,,,,,,,,,,,,,,
2020-04-19 00:00:00,928.9,18.7,94,0.8,213.0,2.1,203.0,0.0,,,,,,,,,,2020-04-18T23:20:00,,,,0,,,,,,,,,,,,,,
2020-04-19 01:00:00,928.3,18.0,93,1.3,217.0,2.1,211.0,0.0,,,,,,,,,,2020-04-19T00:56:00,,,,0,,,,,,,,,,,,,,
2020-04-19 02:00:00,927.7,18.0,90,1.6,224.0,2.2,213.0,0.0,,,,,,,,,,2020-04-19T01:56:00,,,,0,,,,,,,,,,,,,,
2020-04-19 03:00:00,927.2,17.5,90,1.5,222.0,2.4,216.0,0.0,,,,,,,,,,2020-04-19T02:57:00,,,,0,,,,,,,,,,,,,,
2020-04-19 04:00:00,927.3,17.0,92,0.8,203.0,2.2,205.0,0.0,,,,,,,,,,2020-04-19T03:24:00,,,,0,,,,,,,,,,,,,,
2020-04-19 05:00:00,927.5,16.8,92,1.3,214.0,2.1,206.0,0.0,,,,,,,,,,2020-04-19T04:59:00,,,,0,,,,,,,,,,,,,,
2020-04-19 06:00:00,927.6,16.9,90,0.6,195.0,2.4,223.0,0.0,,,,,,,,,,2020-04-19T05:23:00,,,,0,,,,,,,,,,,,,,
2020-04-19 07:00:00,928.1,18.9,80,0.0,0.0,1.4,207.0,0.0,,,,,,,,,,2020-04-19T06:15:00,,,,0,,,,,,,,,,,,,,
2020-04-19 08:00:00,928.5,21.8,68,0.4,24.0,1.3,25.0,0.0,,,,,,,,,,2020-04-19T07:26:00,,,,0,,,,,,,,,,,,,,
2020-04-19 09:00:00,928.4,22.7,69,0.6,40.0,2.1,20.0,0.0,,,,,,,,,,2020-04-19T08:35:00,,,,0,,,,,,,,,,,,,,
2020-04-19 10:00:00,928.0,23.4,71,0.6,78.0,2.1,54.0,0.0,,,,,,,,,,2020-04-19T09:05:00,,,,0,,,,,,,,,,,,,,
2020-04-19 11:00:00,927.5,23.9,66,1.0,95.0,2.7,31.0,0.0,,,,,,,,,,2020-04-19T10:08:00,,,,0,,,,,,,,,,,,,,
2020-04-19 12:00:00,926.7,26.0,68,1.5,33.0,3.7,53.0,0.0,,,,,,,,,,2020-04-19T11:48:00,,,,0,,,,,,,,,,,,,,
2020-04-19 13:00:00,925.1,26.6,66,2.0,56.0,5.2,101.0,0.0,,,,,,,,,,2020-04-19T12:21:00,,,,0,,,,,,,,,,,,,,
2020-04-19 14:00:00,924.0,28.2,62,1.6,110.0,6.1,126.0,0.0,,,,,,,,,,2020-04-19T13:46:00,,,,0,,,,,,,,,,,,,,
2020-04-19 15:00:00,923.7,31.8,27,1.1,305.0,6.5,317.0,0.0,,,,,,,,,,2020-04-19T14:35:00,,,,0,,,,,,,,,,,,,,
2020-04-19 16:00:00,923.5,29.8,31,2.3,282.0,6.9,296.0,0.0,,,,,,,,,,2020-04-19T15:13:00,,,,0,,,,,,,,,,,,,,
2020-04-19 17:00:00,923.8,27.5,48,0.5,193.0,6.9,315.0,0.0,,,,,,,,,,2020-04-19T16:14:00,,,,0,,,,,,,,,,,,,,
2020-04-19 18:00:00,924.3,24.2,68,1.0,226.0,1.6,262.0,0.0,,,,,,,,,,2020-04-19T17:24:00,,,,0,,,,,,,,,,,,,,
2020-04-19 19:00:00,925.0,22.9,59,1.1,164.0,3.2,224.0,0.0,,,,,,,,,,2020-04-19T18:37:00,,,,0,,,,,,,,,,,,,,
2020-04-19 20:00:00,925.6,21.6,65,2.0,211.0,2.8,193.0,0.0,,,,,,,,,,2020-04-19T19:57:00,,,,0,,,,,,,,,,,,,,
2020-04-19 21:00:00,926.4,22.8,61,1.3,252.0,3.0,271.0,0.0,,,,,,,,,,2020-04-19T20:57:00,,,,0,,,,,,,,,,,,,,
2020-04-19 22:00:00,926.9,21.6,56,1.3,238.0,4.2,259.0,0.0,,,,,,,,,,2020-04-19T21:23:00,,,,0,,,,,,,,,,,,,,
2020-04-19 23:00:00,926.9,22.8,45,1.4,280.0,5.3,305.0,0.0,,,,,,,,,,2020-04-19T22:58:00,,,,0,,,,,,,,,,,,,,
2020-04-20 00:00:00,926.6,21.2,51,0.6,205.0,4.3,298.0,0.0,,,,,,,,,,2020-04-19T23:07:00,,,,0,,,,,,,,,,,,,,
2020-04-20 01:00:00,926.6,19.0,59,1.7,219.0,2.5,200.0,0.0,,,,,,,,,,2020-04-20T00:15:00,,,,0,,,,,,,,,,,,,,
2020-04-20 02:00:00,926.2,18.6,57,1.3,220.0,2.5,206.0,0.0,,,,,,,,,,2020-04-20T01:08:00,,,,0,,,,,,,,,,,,,,
2020-04-20 03:00:00,926.0,17.7,62,1.8,221.0,2.7,209.0,0.0,,,,,,,,,,2020-04-20T02:50:00,,,,0,,,,,,,,,,,,,,
2020-04-20 04:00:00,926.5,17.5,65,1.8,216.0,3.1,208.0,0.0,,,,,,,,,,2020-04-20T03:05:00,,,,0,,,,,,,,,,,,,,
2020-04-20 05:00:00,926.6,17.6,63,1.3,216.0,3.0,206.0,0.0,,,,,,,,,,2020-04-20T04:27:00,,,,0,,,,,,,,,,,,,,
2020-04-20 06:00:00,927.3,17.3,68,1.7,208.0,2.5,226.0,0.0,,,,,,,,,,2020-04-20T05:06:00,,,,0,,,,,,,,,,,,,,
2020-04-20 07:00:00,928.5,21.7,53,0.0,0.0,1.9,214.0,0.0,,,,,,,,,,2020-04-20T06:01:00,,,,0,,,,,,,,,,,,,,
2020-04-20 08:00:00,929.3,23.3,52,0.4,32.0,1.2,23.0,0.0,,,,,,,,,,2020-04-20T07:06:00,,,,0,,,,,,,,,,,,,,
2020-04-20 09:00:00,929.2,25.3,51,1.1,88.0,3.2,91.0,0.0,,,,,,,,,,2020-04-20T08:58:00,,,,0,,,,,,,,,,,,,,
2020-04-20 10:00:00,929.0,26.5,60,1.8,100.0,6.1,64.0,0.0,,,,,,,,,,2020-04-20T09:49:00,,,,0,,,,,,,,,,,,,,
2020-04-20 11:00:00,928.4,26.9,61,1.8,89.0,5.6,155.0,0.0,,,,,,,,,,2020-04-20T10:20:00,,,,0,,,,,,,,,,,,,,
2020-04-20 12:00:00,927.7,27.8,55,1.8,90.0,6.1,134.0,0.0,,,,,,,,,,2020-04-20T11:56:00,,,,0,,,,,,,,,,,,,,
2020-04-20 13:00:00,926.6,27.5,58,2.3,63.0,7.5,94.0,0.0,,,,,,,,,,2020-04-20T12:55:00,,,,0,,,,,,,,,,,,,,
2020-04-20 14:00:00,926.2,26.3,67,1.6,56.0,6.2,93.0,0.0,,,,,,,,,,2020-04-20T13:09:00,,,,0,,,,,,,,,,,,,,
2020-04-20 15:00:00,926.4,24.5,74,1.5,81.0,6.6,111.0,0.0,,,,,,,,,,2020-04-20T14:11:00,,,,0,,,,,,,,,,,,,,
2020-04-20 16:00:00,926.3,23.0,81,2.2,116.0,6.3,92.0,0.0,,,,,,,,,,2020-04-20T15:24:00,,,,0,,,,,,,,,,,,,,
2020-04-20 17:00:00,926.5,22.1,86,1.8,145.0,6.2,88.0,0.0,,,,,,,,,,2020-04-20T16:22:00,,,,0,,,,,,,,,,,,,,
2020-04-20 18:00:00,927.0,21.4,89,1.4,131.0,3.5,190.0,0.0,,,,,,,,,,2020-04-20T17:29:00,,,,0,,,,,,,,,,,,,,
2020-04-20 19:00:00,927.5,21.0,91,0.4,100.0,2.9,110.0,0.0,,,,,,,,,,2020-04-20T18:21:00,,,,0,,,,,,,,,,,,,,
2020-04-20 20:00:00,928.1,20.5,94,0.5,113.0,3.0,105.0,0.0,,,,,,,,,,2020-04-20T19:27:00,,,,0,,,,,,,,,,,,,,
2020-04-20 21:00:00,928.7,19.7,97,0.5,175.0,1.1,71.0,0.0,,,,,,,,,,2020-04-20T20:25:00,,,,0,,,,,,,,,,,,,,
2020-04-20 22:00:00,928.8,19.6,98,0.4,321.0,1.3,177.0,0.0,,,,,,,,,,2020-04-20T21:42:00,,,,0,,,,,,,,,,,,,,
2020-04-20 23:00:00,928.4,19.5,99,0.0,0.0,0.7,26.0,0.0,,,,,,,,,,2020-04-20T22:06:00,,,,0,,,,,,,,,,,,,,
2020-04-21 00:00:00,927.9,19.5,99,0.4,68.0,1.0,230.0,0.0,,,,,,,,,,2020-04-20T23:51:00,,,,0,,,,,,,,,,,,,,
2020-04-21 01:00:00,927.5,19.4,99,0.0,0.0,1.6,133.0,0.0,,,,,,,,,,2020-04-21T00:33:00,,,,0,,,,,,,,,,,,,,
2020-04-21 02:00:00,927.1,19.4,98,0.0,0.0,0.9,198.0,0.0,,,,,,,,,,2020-04-21T01:46:00,,,,0,,,,,,,,,,,,,,
2020-04-21 03:00:00,926.7,18.9,98,0.2,0.0,0.8,233.0,0.0,,,,,,,,,,2020-04-21T02:04:00,,,,0,,,,,,,,,,,,,,
2020-04-21 04:00:00,926.6,18.8,98,0.0,0.0,1.6,210.0,0.0,,,,,,,,,,2020-04-21T03:15:00,,,,0,,,,,,,,,,,,,,
2020-04-21 05:00:00,926.9,19.0,98,0.0,0.0,1.3,190.0,0.0,,,,,,,,,,2020-04-21T04:06:00,,,,0,,,,,,,,,,,,,,
2020-04-21 06:00:00,927.4,18.9,97,0.0,0.0,1.1,288.0,0.0,,,,,,,,,,2020-04-21T05:16:00,,,,0,,,,,,,,,,,,,,
2020-04-21 07:00:00,927.6,20.1,88,0.5,23.0,1.7,346.0,0.0,,,,,,,,,,2020-04-21T06:56:00,,,,0,,,,,,,,,,,,,,
2020-04-21 08:00:00,928.0,22.2,80,0.8,53.0,2.1,65.0,0.0,,,,,,,,,,2020-04-21T07:59:00,,,,0,,,,,,,,,,,,,,
2020-04-21 09:00:00,928.1,23.1,74,1.2,100.0,4.2,92.0,0.0,,,,,,,,,,2020-04-21T08:50:00,,,,0,,,,,,,,,,,,,,
2020-04-21 10:00:00,927.8,23.8,72,2.0,64.0,5.1,78.0,0.0,,,,,,,,,,2020-04-21T09:29:00,,,,0,,,,,,,,,,,,,,
2020-04-21 11:00:00,927.1,24.6,68,1.3,114.0,5.8,55.0,0.0,,,,,,,,,,2020-04-21T10:27:00,,,,0,,,,,,,,,,,,,,
2020-04-21 12:00:00,926.5,24.9,67,2.4,88.0,6.5,70.0,0.0,,,,,,,,,,2020-04-21T12:00:00,,,,0,,,,,,,,,,,,,,
2020-04-21 13:00:00,925.5,25.0,70,1.9,22.0,6.9,77.0,0.0,,,,,,,,,,2020-04-21T12:18:00,,,,0,,,,,,,,,,,,,,
2020-04-21 14:00:00,925.1,25.1,69,1.5,89.0,5.3,94.0,0.0,,,,,,,,,,2020-04-21T13:45:00,,,,0,,,,,,,,,,,,,,
2020-04-21 15:00:00,925.0,24.2,73,1.6,60.0,6.4,142.0,0.0,,,,,,,,,,2020-04-21T14:18:00,,,,0,,,,,,,,,,,,,,
2020-04-21 16:00:00,925.4,23.1,79,2.0,96.0,5.5,55.0,0.0,,,,,,,,,,2020-04-21T15:05:00,,,,0,,,,,,,,,,,,,,
2020-04-21 17:00:00,926.1,21.9,86,1.7,123.0,6.3,90.0,0.0,,,,,,,,,,2020-04-21T16:31:00,,,,0,,,,,,,,,,,,,,
2020-04-21 18:00:00,926.7,21.6,89,0.6,137.0,2.5,127.0,0.0,,,,,,,,,,2020-04-21T17:50:00,,,,0,,,,,,,,,,,,,,
2020-04-21 19:00:00,927.3,21.0,93,0.6,79.0,2.6,74.0,0.0,,,,,,,,,,2020-04-21T18:22:00,,,,0,,,,,,,,,,,,,,
2020-04-21 20:00:00,928.0,20.8,94,0.2,0.0,1.6,98.0,0.0,,,,,,,,,,2020-04-21T19:05:00,,,,0,,,,,,,,,,,,,,
2020-04-21 21:00:00,928.6,20.5,96,0.0,0.0,0.6,65.0,0.0,,,,,,,,,,2020-04-21T20:26:00,,,,0,,,,,,,,,,,,,,
2020-04-21 22:00:00,928.8,20.5,96,0.0,0.0,0.6,111.0,0.0,,,,,,,,,,2020-04-21T21:47:00,,,,0,,,,,,,,,,,,,,
2020-04-21 23:00:00,928.6,20.3,98,0.5,235.0,1.1,229.0,0.0,,,,,,,,,,2020-04-21T22:53:00,,,,0,,,,,,,,,,,,,,
2020-04-22 00:00:00,927.8,20.2,98,0.0,0.0,0.9,132.0,0.0,,,,,,,,,,2020-04-21T23:40:00,,,,0,,,,,,,,,,,,,,
2020-04-22 01:00:00,927.4,19.0,96,1.2,201.0,1.9,203.0,0.0,,,,,,,,,,2020-04-22T00:59:00,,,,0,,,,,,,,,,,,,,
2020-04-22 02:00:00,927.3,19.3,99,0.1,0.0,1.6,196.0,0.0,,,,,,,,,,2020-04-22T01:02:00,,,,0,,,,,,,,,,,,,,
2020-04-22 03:00:00,927.4,19.5,92,0.7,225.0,1.3,209.0,0.0,,,,,,,,,,2020-04-22T02:51:00,,,,0,,,,,,,,,,,,,,
2020-04-22 04:00:00,927.8,18.5,96,1.0,210.0,1.7,233.0,0.0,,,,,,,,,,2020-04-22T03:03:00,,,,0,,,,,,,,,,,,,,
2020-04-22 05:00:00,928.3,18.6,97,0.4,197.0,1.4,209.0,0.0,,,,,,,,,,2020-04-22T04:07:00,,,,0,,,,,,,,,,,,,,
2020-04-22 06:00:00,928.6,18.8,99,0.2,0.0,1.1,193.0,0.0,,,,,,,,,,2020-04-22T05:21:00,,,,0,,,,,,,,,,,,,,
2020-04-22 07:00:00,929.1,19.6,95,0.1,0.0,1.0,240.0,0.0,,,,,,,,,,2020-04-22T06:05:00,,,,0,,,,,,,,,,,,,,
2020-04-22 08:00:00,929.4,19.9,94,1.2,85.0,2.1,64.0,0.0,,,,,,,,,,2020-04-22T07:53:00,,,,0,,,,,,,,,,,,,,
2020-04-22 09:00:00,929.5,19.5,96,1.2,228.0,3.3,98.0,0.0,,,,,,,,,,2020-04-22T08:12:00,,,,0,,,,,,,,,,,,,,
2020-04-22 10:00:00,929.5,20.3,90,1.3,80.0,2.8,38.0,0.0,,,,,,,,,,2020-04-22T09:55:00,,,,0,,,,,,,,,,,,,,
2020-04-22 11:00:00,929.2,22.4,76,2.1,93.0,6.4,86.0,0.0,,,,,,,,,,2020-04-22T10:21:00,,,,0,,,,,,,,,,,,,,
2020-04-22 12:00:00,928.9,20.7,81,1.3,161.0,5.4,106.0,0.0,,,,,,,,,,2020-04-22T11:10:00,,,,0,,,,,,,,,,,,,,
2020-04-22 13:00:00,928.4,20.5,82,0.6,57.0,3.1,282.0,0.0,,,,,,,,,,2020-04-22T12:04:00,,,,0,,,,,,,,,,,,,,
2020-04-22 14:00:00,927.8,19.6,86,1.0,48.0,4.0,78.0,0.0,,,,,,,,,,2020-04-22T13:17:00,,,,0,,,,,,,,,,,,,,
2020-04-22 15:00:00,927.6,18.6,88,1.1,101.0,3.8,98.0,0.0,,,,,,,,,,2020-04-22T14:51:00,,,,0,,,,,,,,,,,,,,
2020-04-22 16:00:00,927.8,17.8,92,0.5,173.0,3.2,85.0,0.0,,,,,,,,,,2020-04-22T15:19:00,,,,0,,,,,,,,,,,,,,
2020-04-22 17:00:00,928.3,17.4,94,0.4,18.0,3.8,22.0,0.0,,,,,,,,,,2020-04-22T16:39:00,,,,0,,,,,,,,,,,,,,
2020-04-22 18:00:00,929.1,16.9,95,0.3,159.0,2.4,109.0,0.0,,,,,,,,,,2020-04-22T17:44:00,,,,0,,,,,,,,,,,,,,
2020-04-22 19:00:00,929.9,16.4,98,1.3,103.0,2.8,109.0,0.0,,,,,,,,,,2020-04-22T18:55:00,,,,0,,,,,,,,,,,,,,
2020-04-22 20:00:00,930.7,16.1,100,0.0,0.0,2.4,108.0,0.0,,,,,,,,,,2020-04-22T19:27:00,,,,0,,,,,,,,,,,,,,
2020-04-22 21:00:00,931.2,16.1,100,0.0,0.0,1.0,6.0,0.0,,,,,,,,,,2020-04-22T20:09:00,,,,0,,,,,,,,,,,,,,
2020-04-22 22:00:00,931.3,16.1,100,0.0,0.0,0.7,95.0,0.0,,,,,,,,,,2020-04-22T21:18:00,,,,0,,,,,,,,,,,,,,
2020-04-22 23:00:00,931.0,16.2,100,0.1,0.0,1.1,95.0,0.0,,,,,,,,,,2020-04-22T22:48:00,,,,0,,,,,,,,,,,,,,
2020-04-23 00:00:00,930.7,16.1,100,0.1,0.0,1.1,95.0,0.0,,,,,,,,,,2020-04-22T23:20:00,,,,0,,,,,,,,,,,,,,
2020-04-23 01:00:00,930.2,16.0,100,0.0,0.0,0.8,66.0,0.0,,,,,,,,,,2020-04-23T00:09:00,,,,0,,,,,,,,,,,,,,
2020-04-23 02:00:00,929.9,16.1,100,0.0,0.0,1.2,190.0,0.0,,,,,,,,,,2020-04-23T01:33:00,,,,0,,,,,,,,,,,,,,
2020-04-23 03:00:00,930.1,16.2,100,0.4,226.0,1.9,193.0,1.0,,,,,,,,,,2020-04-23T02:30:00,,,,0,,,,,,,,,,,,,,
2020-04-23 04:00:00,929.8,16.2,100,0.0,0.0,0.9,135.0,1.5,,,,,,,,,,2020-04-23T03:20:00,,,,0,,,,,,,,,,,,,,
2020-04-23 05:00:00,929.8,16.4,100,0.1,0.0,1.3,237.0,0.0,,,,,,,,,,2020-04-23T04:27:00,,,,0,,,,,,,,,,,,,,
2020-04-23 06:00:00,930.4,16.7,100,0.4,288.0,1.9,206.0,1.0,,,,,,,,,,2020-04-23T05:45:00,,,,0,,,,,,,,,,,,,,
2020-04-23 07:00:00,931.0,16.8,100,0.0,0.0,1.3,211.0,0.0,,,,,,,,,,2020-04-23T06:48:00,,,,0,,,,,,,,,,,,,,
2020-04-23 08:00:00,931.1,17.4,100,0.5,45.0,1.4,96.0,0.0,,,,,,,,,,2020-04-23T07:53:00,,,,0,,,,,,,,,,,,,,
2020-04-23 09:00:00,931.4,18.3,98,0.5,334.0,1.1,24.0,0.0,,,,,,,,,,2020-04-23T08:12:00,,,,0,,,,,,,,,,,,,,
2020-04-23 10:00:00,931.3,18.0,100,0.1,0.0,1.4,66.0,0.0,,,,,,,,,,2020-04-23T09:15:00,,,,0,,,,,,,,,,,,,,
2020-04-23 11:00:00,930.9,18.3,98,0.7,93.0,1.9,99.0,0.0,,,,,,,,,,2020-04-23T10:45:00,,,,0,,,,,,,,,,,,,,
2020-04-23 12:00:00,930.6,19.8,90,1.1,360.0,2.6,16.0,0.0,,,,,,,,,,2020-04-23T11:59:00,,,,0,,,,,,,,,,,,,,
2020-04-23 13:00:00,930.3,17.8,97,1.9,124.0,4.2,120.0,0.0,,,,,,,,,,2020-04-23T12:13:00,,,,0,,,,,,,,,,,,,,
2020-04-23 14:00:00,929.8,17.6,96,1.6,119.0,3.7,99.0,0.0,,,,,,,,,,2020-04-23T13:54:00,,,,0,,,,,,,,,,,,,,
2020-04-23 15:00:00,929.7,17.2,98,1.8,138.0,4.0,110.0,0.0,,,,,,,,,,2020-04-23T14:41:00,,,,0,,,,,,,,,,,,,,
2020-04-23 16:00:00,929.6,17.0,97,1.4,129.0,3.5,90.0,0.0,,,,,,,,,,2020-04-23T15:19:00,,,,0,,,,,,,,,,,,,,
2020-04-23 17:00:00,930.1,16.2,100,1.3,110.0,4.2,107.0,0.0,,,,,,,,,,2020-04-23T16:12:00,,,,0,,,,,,,,,,,,,,
2020-04-23 18:00:00,930.4,16.1,99,1.6,135.0,3.2,135.0,0.0,,,,,,,,,,2020-04-23T17:33:00,,,,0,,,,,,,,,,,,,,
2020-04-23 19:00:00,930.8,16.1,99,0.6,138.0,2.7,133.0,0.0,,,,,,,,,,2020-04-23T18:24:00,,,,0,,,,,,,,,,,,,,
2020-04-23 20:00:00,931.4,15.6,100,0.2,0.0,2.1,27.0,0.5,,,,,,,,,,2020-04-23T19:49:00,,,,0,,,,,,,,,,,,,,
2020-04-23 21:00:00,931.5,15.2,100,1.4,92.0,3.0,95.0,0.0,,,,,,,,,,2020-04-23T20:15:00,,,,0,,,,,,,,,,,,,,
2020-04-23 22:00:00,931.6,15.1,100,1.1,116.0,2.5,109.0,0.0,,,,,,,,,,2020-04-23T21:15:00,,,,0,,,,,,,,,,,,,,
2020-04-23 23:00:00,931.7,15.0,100,0.6,95.0,2.3,112.0,0.0,,,,,,,,,,2020-04-23T22:20:00,,,,0,,,,,,,,,,,,,,
2020-04-24 00:00:00,931.5,14.8,100,0.4,116.0,3.3,135.0,0.0,,,,,,,,,,2020-04-23T23:11:00,,,,0,,,,,,,,,,,,,,
2020-04-24 01:00:00,931.0,14.9,100,0.0,0.0,0.9,94.0,0.5,,,,,,,,,,2020-04-24T00:43:00,,,,0,,,,,,,,,,,,,,
2020-04-24 02:00:00,930.6,14.8,100,0.0,0.0,0.8,106.0,0.0,,,,,,,,,,2020-04-24T01:04:00,,,,0,,,,,,,,,,,,,,
2020-04-24 03:00:00,930.5,14.8,100,0.2,0.0,0.9,122.0,0.0,,,,,,,,,,2020-04-24T02:35:00,,,,0,,,,,,,,,,,,,,
2020-04-24 04:00:00,930.6,14.8,100,0.1,0.0,1.1,128.0,0.0,,,,,,,,,,2020-04-24T03:18:00,,,,0,,,,,,,,,,,,,,
2020-04-24 05:00:00,930.6,14.8,100,0.4,249.0,1.1,190.0,0.5,,,,,,,,,,2020-04-24T04:46:00,,,,0,,,,,,,,,,,,,,
2020-04-24 06:00:00,931.2,15.0,100,0.1,0.0,0.9,21.0,0.0,,,,,,,,,,2020-04-24T05:52:00,,,,0,,,,,,,,,,,,,,
2020-04-24 07:00:00,931.7,15.4,100,0.2,0.0,0.8,71.0,0.0,,,,,,,,,,2020-04-24T06:16:00,,,,0,,,,,,,,,,,,,,
2020-04-24 08:00:00,932.2,15.8,100,0.0,0.0,1.0,23.0,0.0,,,,,,,,,,2020-04-24T07:34:00,,,,0,,,,,,,,,,,,,,
2020-04-24 09:00:00,932.1,16.6,100,0.2,0.0,0.9,21.0,0.0,,,,,,,,,,2020-04-24T08:47:00,,,,0,,,,,,,,,,,,,,
2020-04-24 10:00:00,932.1,17.3,96,0.6,76.0,1.6,66.0,0.0,,,,,,,,,,2020-04-24T09:59:00,,,,0,,,,,,,,,,,,,,
2020-04-24 11:00:00,932.0,17.4,93,1.9,104.0,3.6,93.0,0.0,,,,,,,,,,2020-04-24T10:59:00,,,,0,,,,,,,,,,,,,,
2020-04-24 12:00:00,931.7,17.6,91,0.5,119.0,4.5,98.0,0.0,,,,,,,,,,2020-04-24T11:19:00,,,,0,,,,,,,,,,,,,,
2020-04-24 13:00:00,931.1,17.4,87,1.7,94.0,4.3,75.0,0.0,,,,,,,,,,2020-04-24T12:46:00,,,,0,,,,,,,,,,,,,,
2020-04-24 14:00:00,930.5,17.4,86,0.8,67.0,3.3,60.0,0.0,,,,,,,,,,2020-04-24T13:03:00,,,,0,,,,,,,,,,,,,,
2020-04-24 15:00:00,930.4,16.8,88,1.0,126.0,3.5,117.0,0.0,,,,,,,,,,2020-04-24T14:20:00,,,,0,,,,,,,,,,,,,,
2020-04-24 16:00:00,930.7,15.9,92,1.5,131.0,3.7,107.0,0.0,,,,,,,,,,2020-04-24T15:37:00,,,,0,,,,,,,,,,,,,,
2020-04-24 17:00:00,931.1,15.6,98,0.4,325.0,2.8,99.0,0.0,,,,,,,,,,2020-04-24T16:08:00,,,,0,,,,,,,,,,,,,,
2020-04-24 18:00:00,931.4,15.1,100,0.0,0.0,1.3,37.0,0.0,,,,,,,,,,2020-04-24T17:19:00,,,,0,,,,,,,,,,,,,,
2020-04-24 19:00:00,931.7,14.8,100,0.0,0.0,0.9,26.0,0.0,,,,,,,,,,2020-04-24T18:04:00,,,,0,,,,,,,,,,,,,,
2020-04-24 20:00:00,932.3,14.7,100,0.2,0.0,0.7,24.0,0.0,,,,,,,,,,2020-04-24T19:10:00,,,,0,,,,,,,,,,,,,,
2020-04-24 21:00:00,933.2,14.3,100,0.5,83.0,3.2,131.0,0.0,,,,,,,,,,2020-04-24T20:33:00,,,,0,,,,,,,,,,,,,,
2020-04-24 22:00:00,933.3,14.2,100,1.1,114.0,2.6,89.0,0.0,,,,,,,,,,2020-04-24T21:22:00,,,,0,,,,,,,,,,,,,,
2020-04-24 23:00:00,932.8,14.1,100,0.1,0.0,2.0,137.0,0.0,,,,,,,,,,2020-04-24T22:01:00,,,,0,,,,,,,,,,,,,,
2020-04-25 00:00:00,932.1,13.9,100,0.0,0.0,0.8,58.0,0.0,,,,,,,,,,2020-04-24T23:05:00,,,,0,,,,,,,,,,,,,,
2020-04-25 01:00:00,931.8,13.9,100,0.0,0.0,0.7,22.0,0.0,,,,,,,,,,2020-04-25T00:45:00,,,,0,,,,,,,,,,,,,,
2020-04-25 02:00:00,931.2,14.0,100,0.0,0.0,0.6,354.0,0.0,,,,,,,,,,2020-04-25T01:16:00,,,,0,,,,,,,,,,,,,,
2020-04-25 03:00:00,930.4,13.7,100,0.4,178.0,0.9,181.0,0.0,,,,,,,,,,2020-04-25T02:57:00,,,,0,,,,,,,,,,,,,,
2020-04-25 04:00:00,930.4,13.6,100,0.3,259.0,1.4,208.0,0.0,,,,,,,,,,2020-04-25T03:41:00,,,,0,,,,,,,,,,,,,,
2020-04-25 05:00:00,930.4,14.0,99,0.5,273.0,1.8,225.0,0.0,,,,,,,,,,2020-04-25T04:41:00,,,,0,,,,,,,,,,,,,,
2020-04-25 06:00:00,930.9,14.1,100,0.5,297.0,1.3,136.0,0.0,,,,,,,,,,2020-04-25T05:14:00,,,,0,,,,,,,,,,,,,,
2020-04-25 07:00:00,931.4,15.2,96,0.0,0.0,1.3,278.0,0.0,,,,,,,,,,2020-04-25T06:11:00,,,,0,,,,,,,,,,,,,,
2020-04-25 08:00:00,931.9,16.3,93,0.2,0.0,1.1,100.0,0.0,,,,,,,,,,2020-04-25T07:15:00,,,,0,,,,,,,,,,,,,,
2020-04-25 09:00:00,931.8,18.2,81,0.2,0.0,1.6,24.0,0.0,,,,,,,,,,2020-04-25T08:08:00,,,,0,,,,,,,,,,,,,,
2020-04-25 10:00:00,931.5,19.1,76,1.2,92.0,3.2,82.0,0.0,,,,,,,,,,2020-04-25T09:43:00,,,,0,,,,,,,,,,,,,,
2020-04-25 11:00:00,931.1,19.3,76,1.2,99.0,3.9,88.0,0.0,,,,,,,,,,2020-04-25T10:47:00,,,,0,,,,,,,,,,,,,,
2020-04-25 12:00:00,930.6,19.7,73,1.9,105.0,4.7,71.0,0.0,,,,,,,,,,2020-04-25T11:57:00,,,,0,,,,,,,,,,,,,,
2020-04-25 13:00:00,929.8,20.0,73,1.4,80.0,5.1,89.0,0.0,,,,,,,,,,2020-04-25T12:19:00,,,,0,,,,,,,,,,,,,,
2020-04-25 14:00:00,929.2,19.3,76,1.5,113.0,4.7,118.0,0.0,,,,,,,,,,2020-04-25T13:42:00,,,,0,,,,,,,,,,,,,,
2020-04-25 15:00:00,929.0,19.6,77,0.5,118.0,4.7,104.0,0.0,,,,,,,,,,2020-04-25T14:01:00,,,,0,,,,,,,,,,,,,,
2020-04-25 16:00:00,928.9,19.1,79,0.7,56.0,3.3,76.0,0.0,,,,,,,,,,2020-04-25T15:58:00,,,,0,,,,,,,,,,,,,,
2020-04-25 17:00:00,929.0,19.2,80,1.3,110.0,2.0,91.0,0.0,,,,,,,,,,2020-04-25T16:57:00,,,,0,,,,,,,,,,,,,,
2020-04-25 18:00:00,929.5,18.2,86,0.9,146.0,3.0,79.0,0.0,,,,,,,,,,2020-04-25T17:03:00,,,,0,,,,,,,,,,,,,,
2020-04-25 19:00:00,930.2,17.7,88,0.8,170.0,2.4,120.0,0.0,,,,,,,,,,2020-04-25T18:06:00,,,,0,,,,,,,,,,,,,,
2020-04-25 20:00:00,930.9,17.4,92,0.3,240.0,1.1,158.0,0.0,,,,,,,,,,2020-04-25T19:01:00,,,,0,,,,,,,,,,,,,,
2020-04-25 21:00:00,931.3,17.3,93,0.5,199.0,1.2,197.0,0.0,,,,,,,,,,2020-04-25T20:45:00,,,,0,,,,,,,,,,,,,,
2020-04-25 22:00:00,931.4,16.7,94,0.8,190.0,1.3,188.0,0.0,,,,,,,,,,2020-04-25T21:59:00,,,,0,,,,,,,,,,,,,,
2020-04-25 23:00:00,931.3,16.0,96,0.9,224.0,2.1,192.0,0.0,,,,,,,,,,2020-04-25T22:20:00,,,,0,,,,,,,,,,,,,,
2020-04-26 00:00:00,930.8,15.7,97,1.0,229.0,1.9,209.0,0.0,,,,,,,,,,2020-04-25T23:20:00,,,,0,,,,,,,,,,,,,,
2020-04-26 01:00:00,930.2,16.1,96,0.9,211.0,2.1,196.0,0.0,,,,,,,,,,2020-04-26T00:51:00,,,,0,,,,,,,,,,,,,,
2020-04-26 02:00:00,929.8,16.0,97,0.8,229.0,1.7,216.0,0.0,,,,,,,,,,2020-04-26T01:47:00,,,,0,,,,,,,,,,,,,,
2020-04-26 03:00:00,929.5,16.2,94,0.8,231.0,1.9,229.0,0.0,,,,,,,,,,2020-04-26T02:34:00,,,,0,,,,,,,,,,,,,,
2020-04-26 04:00:00,929.1,16.2,94,0.5,164.0,2.0,221.0,0.0,,,,,,,,,,2020-04-26T03:06:00,,,,0,,,,,,,,,,,,,,
2020-04-26 05:00:00,929.8,15.9,94,1.3,222.0,2.3,224.0,0.0,,,,,,,,,,2020-04-26T04:42:00,,,,0,,,,,,,,,,,,,,
2020-04-26 06:00:00,929.8,16.0,94,1.1,220.0,1.9,223.0,0.0,,,,,,,,,,2020-04-26T06:00:00,,,,0,,,,,,,,,,,,,,
2020-04-26 07:00:00,930.0,18.0,87,0.0,0.0,2.0,209.0,0.0,,,,,,,,,,2020-04-26T06:01:00,,,,0,,,,,,,,,,,,,,
2020-04-26 08:00:00,930.0,19.3,86,0.5,30.0,1.6,332.0,0.0,,,,,,,,,,2020-04-26T07:17:00,,,,0,,,,,,,,,,,,,,
2020-04-26 09:00:00,930.1,21.5,69,0.4,21.0,2.4,87.0,0.0,,,,,,,,,,2020-04-26T08:48:00,,,,0,,,,,,,,,,,,,,
2020-04-26 10:00:00,929.6,23.2,65,1.4,44.0,3.8,2.0,0.0,,,,,,,,,,2020-04-26T09:51:00,,,,0,,,,,,,,,,,,,,
2020-04-26 11:00:00,929.4,23.3,67,2.2,90.0,5.4,74.0,0.0,,,,,,,,,,2020-04-26T10:32:00,,,,0,,,,,,,,,,,,,,
2020-04-26 12:00:00,929.1,24.0,64,2.2,67.0,6.1,78.0,0.0,,,,,,,,,,2020-04-26T11:10:00,,,,0,,,,,,,,,,,,,,
2020-04-26 13:00:00,928.5,24.1,65,2.0,55.0,5.4,22.0,0.0,,,,,,,,,,2020-04-26T12:53:00,,,,0,,,,,,,,,,,,,,
2020-04-26 14:00:00,928.2,22.7,72,1.4,102.0,8.3,105.0,0.0,,,,,,,,,,2020-04-26T13:27:00,,,,0,,,,,,,,,,,,,,
2020-04-26 15:00:00,928.2,21.4,81,1.3,29.0,5.2,107.0,0.0,,,,,,,,,,2020-04-26T14:46:00,,,,0,,,,,,,,,,,,,,
2020-04-26 16:00:00,928.3,20.9,85,1.1,89.0,4.5,46.0,0.0,,,,,,,,,,2020-04-26T15:01:00,,,,0,,,,,,,,,,,,,,
2020-04-26 17:00:00,928.6,19.8,90,1.0,118.0,4.5,68.0,0.0,,,,,,,,,,2020-04-26T16:03:00,,,,0,,,,,,,,,,,,,,
2020-04-26 18:00:00,929.1,19.2,97,0.7,142.0,2.8,109.0,0.0,,,,,,,,,,2020-04-26T17:04:00,,,,0,,,,,,,,,,,,,,
2020-04-26 19:00:00,929.7,18.9,99,0.5,122.0,2.0,118.0,0.0,,,,,,,,,,2020-04-26T18:53:00,,,,0,,,,,,,,,,,,,,
2020-04-26 20:00:00,930.3,18.5,97,0.8,151.0,2.4,130.0,0.0,,,,,,,,,,2020-04-26T19:29:00,,,,0,,,,,,,,,,,,,,
2020-04-26 21:00:00,930.7,18.3,100,0.0,0.0,1.2,90.0,0.0,,,,,,,,,,2020-04-26T20:11:00,,,,0,,,,,,,,,,,,,,
2020-04-26 22:00:00,931.1,17.9,100,1.0,132.0,2.1,116.0,0.0,,,,,,,,,,2020-04-26T22:00:00,,,,0,,,,,,,,,,,,,,
2020-04-26 23:00:00,930.9,17.7,99,0.5,145.0,2.2,113.0,0.0,,,,,,,,,,2020-04-26T22:05:00,,,,0,,,,,,,,,,,,,,
2020-04-27 00:00:00,930.4,17.7,100,0.0,0.0,1.3,147.0,0.5,,,,,,,,,,2020-04-26T23:21:00,,,,0,,,,,,,,,,,,,,
2020-04-27 01:00:00,929.9,17.3,100,0.0,0.0,0.8,317.0,0.0,,,,,,,,,,2020-04-27T00:34:00,,,,0,,,,,,,,,,,,,,
2020-04-27 02:00:00,929.3,17.1,100,0.9,96.0,1.6,106.0,0.0,,,,,,,,,,2020-04-27T01:54:00,,,,0,,,,,,,,,,,,,,
2020-04-27 03:00:00,929.4,16.9,100,0.6,135.0,2.3,149.0,0.0,,,,,,,,,,2020-04-27T02:37:00,,,,0,,,,,,,,,,,,,,
2020-04-27 04:00:00,929.7,16.8,100,1.0,135.0,1.9,126.0,0.0,,,,,,,,,,2020-04-27T03:52:00,,,,0,,,,,,,,,,,,,,
2020-04-27 05:00:00,930.0,16.8,100,0.2,0.0,1.8,148.0,0.0,,,,,,,,,,2020-04-27T04:01:00,,,,0,,,,,,,,,,,,,,
2020-04-27 06:00:00,930.6,16.9,100,0.0,0.0,0.0,0.0,0.0,,,,,,,,,,2020-04-27T05:05:00,,,,0,,,,,,,,,,,,,,
2020-04-27 07:00:00,930.8,17.4,100,0.1,0.0,0.8,338.0,0.0,,,,,,,,,,2020-04-27T06:38:00,,,,0,,,,,,,,,,,,,,
2020-04-27 08:00:00,931.4,18.0,98,0.5,84.0,1.1,69.0,0.0,,,,,,,,,,2020-04-27T07:40:00,,,,0,,,,,,,,,,,,,,
2020-04-27 09:00:00,931.3,20.9,86,1.3,40.0,3.3,18.0,0.0,,,,,,,,,,2020-04-27T08:59:00,,,,0,,,,,,,,,,,,,,
2020-04-27 10:00:00,931.4,20.7,82,1.3,52.0,4.4,118.0,0.0,,,,,,,,,,2020-04-27T09:59:00,,,,0,,,,,,,,,,,,,,
2020-04-27 11:00:00,931.2,20.4,85,1.6,89.0,4.9,93.0,0.0,,,,,,,,,,2020-04-27T11:00:00,,,,0,,,,,,,,,,,,,,
2020-04-27 12:00:00,930.9,19.7,88,1.6,98.0,4.8,94.0,0.0,,,,,,,,,,2020-04-27T11:29:00,,,,0,,,,,,,,,,,,,,
2020-04-27 13:00:00,930.3,19.3,88,0.9,82.0,5.3,52.0,0.0,,,,,,,,,,2020-04-27T12:06:00,,,,0,,,,,,,,,,,,,,
2020-04-27 14:00:00,929.9,18.8,94,0.9,111.0,3.7,25.0,0.0,,,,,,,,,,2020-04-27T13:06:00,,,,0,,,,,,,,,,,,,,
2020-04-27 15:00:00,929.8,18.2,94,0.9,101.0,3.1,83.0,0.0,,,,,,,,,,2020-04-27T14:44:00,,,,0,,,,,,,,,,,,,,
2020-04-27 16:00:00,929.9,17.9,94,1.1,106.0,3.0,98.0,0.0,,,,,,,,,,2020-04-27T15:19:00,,,,0,,,,,,,,,,,,,,
2020-04-27 17:00:00,930.2,17.4,96,0.9,144.0,3.1,135.0,0.0,,,,,,,,,,2020-04-27T16:14:00,,,,0,,,,,,,,,,,,,,
2020-04-27 18:00:00,930.9,17.1,94,0.7,157.0,3.5,74.0,0.0,,,,,,,,,,2020-04-27T17:31:00,,,,0,,,,,,,,,,,,,,
2020-04-27 19:00:00,931.3,16.3,97,0.3,157.0,3.1,133.0,0.5,,,,,,,,,,2020-04-27T18:13:00,,,,0,,,,,,,,,,,,,,
2020-04-27 20:00:00,932.1,16.2,100,0.0,0.0,1.1,219.0,1.0,,,,,,,,,,2020-04-27T19:04:00,,,,0,,,,,,,,,,,,,,
2020-04-27 21:00:00,932.5,15.8,100,0.3,62.0,1.5,107.0,0.0,,,,,,,,,,2020-04-27T20:40:00,,,,0,,,,,,,,,,,,,,
2020-04-27 22:00:00,932.9,15.7,100,0.6,20.0,1.1,16.0,0.0,,,,,,,,,,2020-04-27T21:55:00,,,,0,,,,,,,,,,,,,,
2020-04-27 23:00:00,932.5,15.9,100,0.1,0.0,1.0,290.0,0.0,,,,,,,,,,2020-04-27T22:40:00,,,,0,,,,,,,,,,,,,,
2020-04-28 00:00:00,932.2,16.0,100,0.3,286.0,0.7,287.0,0.0,,,,,,,,,,2020-04-27T23:56:00,,,,0,,,,,,,,,,,,,,
2020-04-28 01:00:00,932.0,16.0,100,0.2,0.0,0.9,185.0,0.0,,,,,,,,,,2020-04-28T00:20:00,,,,0,,,,,,,,,,,,,,
2020-04-28 02:00:00,931.4,16.0,100,0.0,0.0,1.3,98.0,0.0,,,,,,,,,,2020-04-28T01:14:00,,,,0,,,,,,,,,,,,,,
2020-04-28 03:00:00,931.1,16.0,100,0.2,0.0,1.2,215.0,0.0,,,,,,,,,,2020-04-28T02:17:00,,,,0,,,,,,,,,,,,,,
2020-04-28 04:00:00,931.2,15.8,97,1.0,175.0,2.3,198.0,0.0,,,,,,,,,,2020-04-28T03:56:00,,,,0,,,,,,,,,,,,,,
2020-04-28 05:00:00,931.6,15.7,100,0.3,236.0,0.9,120.0,0.0,,,,,,,,,,2020-04-28T04:03:00,,,,0,,,,,,,,,,,,,,
2020-04-28 06:00:00,932.2,15.8,100,0.0,0.0,0.5,157.0,0.0,,,,,,,,,,2020-04-28T05:35:00,,,,0,,,,,,,,,,,,,,
2020-04-28 07:00:00,932.6,16.4,99,0.1,0.0,0.8,55.0,0.0,,,,,,,,,,2020-04-28T06:06:00,,,,0,,,,,,,,,,,,,,
2020-04-28 08:00:00,933.0,17.5,97,0.7,32.0,1.4,62.0,0.0,,,,,,,,,,2020-04-28T07:21:00,,,,0,,,,,,,,,,,,,,
2020-04-28 09:00:00,933.0,18.4,89,0.9,64.0,2.9,81.0,0.0,,,,,,,,,,2020-04-28T08:19:00,,,,0,,,,,,,,,,,,,,
2020-04-28 10:00:00,932.9,20.4,76,1.1,52.0,4.9,68.0,0.0,,,,,,,,,,2020-04-28T09:19:00,,,,0,,,,,,,,,,,,,,
2020-04-28 11:00:00,932.8,18.9,78,0.8,116.0,4.6,87.0,0.0,,,,,,,,,,2020-04-28T10:03:00,,,,0,,,,,,,,,,,,,,
2020-04-28 12:00:00,932.7,19.1,78,0.5,99.0,4.2,83.0,0.0,,,,,,,,,,2020-04-28T11:17:00,,,,0,,,,,,,,,,,,,,
2020-04-28 13:00:00,932.3,18.5,79,0.7,59.0,3.2,77.0,0.0,,,,,,,,,,2020-04-28T12:46:00,,,,0,,,,,,,,,,,,,,
2020-04-28 14:00:00,931.9,17.9,85,0.8,131.0,2.6,78.0,0.0,,,,,,,,,,2020-04-28T13:41:00,,,,0,,,,,,,,,,,,,,
2020-04-28 15:00:00,931.7,17.0,93,0.6,130.0,3.2,112.0,0.0,,,,,,,,,,2020-04-28T14:43:00,,,,0,,,,,,,,,,,,,,
2020-04-28 16:00:00,931.8,16.3,94,0.5,173.0,3.5,103.0,0.5,,,,,,,,,,2020-04-28T15:32:00,,,,0,,,,,,,,,,,,,,
2020-04-28 17:00:00,932.0,15.8,96,0.9,196.0,1.4,195.0,0.0,,,,,,,,,,2020-04-28T16:49:00,,,,0,,,,,,,,,,,,,,
2020-04-28 18:00:00,932.4,16.0,99,0.0,0.0,1.5,178.0,0.0,,,,,,,,,,2020-04-28T17:08:00,,,,0,,,,,,,,,,,,,,
2020-04-28 19:00:00,932.6,15.7,99,0.0,0.0,0.5,206.0,0.0,,,,,,,,,,2020-04-28T18:28:00,,,,0,,,,,,,,,,,,,,
2020-04-28 20:00:00,932.9,15.7,99,0.0,0.0,1.0,216.0,0.0,,,,,,,,,,2020-04-28T19:26:00,,,,0,,,,,,,,,,,,,,
2020-04-28 21:00:00,933.2,15.5,99,0.0,0.0,1.1,220.0,0.0,,,,,,,,,,2020-04-28T20:01:00,,,,0,,,,,,,,,,,,,,
2020-04-28 22:00:00,933.4,14.8,99,0.9,220.0,1.6,206.0,0.0,,,,,,,,,,2020-04-28T21:37:00,,,,0,,,,,,,,,,,,,,
2020-04-28 23:00:00,933.1,15.0,100,0.6,121.0,2.1,245.0,0.0,,,,,,,,,,2020-04-28T22:40:00,,,,0,,,,,,,,,,,,,,
2020-04-29 00:00:00,932.4,15.3,98,0.0,0.0,1.7,238.0,0.0,,,,,,,,,,2020-04-28T23:38:00,,,,0,,,,,,,,,,,,,,
2020-04-29 01:00:00,931.9,14.4,99,1.0,196.0,1.7,225.0,0.0,,,,,,,,,,2020-04-29T00:44:00,,,,0,,,,,,,,,,,,,,
2020-04-29 02:00:00,931.5,13.7,99,1.3,210.0,2.1,202.0,0.0,,,,,,,,,,2020-04-29T01:30:00,,,,0,,,,,,,,,,,,,,
2020-04-29 03:00:00,931.1,13.4,99,1.3,220.0,2.3,200.0,0.0,,,,,,,,,,2020-04-29T02:24:00,,,,0,,,,,,,,,,,,,,
2020-04-29 04:00:00,931.4,13.3,100,1.3,218.0,2.4,201.0,0.0,,,,,,,,,,2020-04-29T03:04:00,,,,0,,,,,,,,,,,,,,
2020-04-29 05:00:00,931.6,13.5,98,0.7,224.0,2.2,225.0,0.0,,,,,,,,,,2020-04-29T04:36:00,,,,0,,,,,,,,,,,,,,
2020-04-29 06:00:00,931.9,13.6,97,0.7,207.0,2.0,247.0,0.0,,,,,,,,,,2020-04-29T05:41:00,,,,0,,,,,,,,,,,,,,
2020-04-29 07:00:00,932.2,16.7,85,0.4,38.0,1.4,329.0,0.0,,,,,,,,,,2020-04-29T06:35:00,,,,0,,,,,,,,,,,,,,
2020-04-29 08:00:00,932.3,18.7,79,0.6,356.0,1.4,3.0,0.0,,,,,,,,,,2020-04-29T07:28:00,,,,0,,,,,,,,,,,,,,
2020-04-29 09:00:00,932.1,20.9,68,1.4,38.0,3.2,81.0,0.0,,,,,,,,,,2020-04-29T08:57:00,,,,0,,,,,,,,,,,,,,
2020-04-29 10:00:00,932.0,20.8,65,2.3,91.0,5.0,79.0,0.0,,,,,,,,,,2020-04-29T09:42:00,,,,0,,,,,,,,,,,,,,
2020-04-29 11:00:00,931.5,23.2,60,2.3,27.0,5.5,4.0,0.0,,,,,,,,,,2020-04-29T10:50:00,,,,0,,,,,,,,,,,,,,
2020-04-29 12:00:00,931.3,22.0,63,1.3,70.0,5.4,10.0,0.0,,,,,,,,,,2020-04-29T11:29:00,,,,0,,,,,,,,,,,,,,
2020-04-29 13:00:00,930.7,22.2,64,1.1,23.0,6.0,70.0,0.0,,,,,,,,,,2020-04-29T12:29:00,,,,0,,,,,,,,,,,,,,
2020-04-29 14:00:00,930.4,20.5,71,1.4,155.0,4.5,182.0,0.0,,,,,,,,,,2020-04-29T13:51:00,,,,0,,,,,,,,,,,,,,
2020-04-29 15:00:00,930.4,19.8,74,1.5,81.0,5.6,85.0,0.0,,,,,,,,,,2020-04-29T14:12:00,,,,0,,,,,,,,,,,,,,
2020-04-29 16:00:00,930.4,19.3,78,1.1,85.0,4.2,93.0,0.0,,,,,,,,,,2020-04-29T15:24:00,,,,0,,,,,,,,,,,,,,
2020-04-29 17:00:00,930.6,19.0,81,0.7,72.0,2.1,76.0,0.0,,,,,,,,,,2020-04-29T16:26:00,,,,0,,,,,,,,,,,,,,
2020-04-29 18:00:00,931.3,18.1,89,0.8,99.0,2.9,63.0,0.0,,,,,,,,,,2020-04-29T17:58:00,,,,0,,,,,,,,,,,,,,
2020-04-29 19:00:00,931.6,17.0,95,0.5,125.0,3.4,160.0,0.0,,,,,,,,,,2020-04-29T18:31:00,,,,0,,,,,,,,,,,,,,
2020-04-29 20:00:00,932.2,17.0,97,0.0,0.0,1.2,131.0,0.0,,,,,,,,,,2020-04-29T19:01:00,,,,0,,,,,,,,,,,,,,
2020-04-29 21:00:00,932.5,16.8,97,0.0,0.0,0.7,273.0,0.0,,,,,,,,,,2020-04-29T20:07:00,,,,0,,,,,,,,,,,,,,
2020-04-29 22:00:00,932.6,16.9,97,0.4,227.0,0.7,214.0,0.0,,,,,,,,,,2020-04-29T21:27:00,,,,0,,,,,,,,,,,,,,
2020-04-29 23:00:00,932.3,16.8,98,0.2,0.0,1.0,216.0,0.0,,,,,,,,,,2020-04-29T22:32:00,,,,0,,,,,,,,,,,,,,
2020-04-30 00:00:00,931.6,17.3,89,0.6,248.0,2.2,305.0,0.0,,,,,,,,,,2020-04-29T23:45:00,,,,0,,,,,,,,,,,,,,
2020-04-30 01:00:00,931.0,17.1,87,0.7,209.0,3.2,284.0,0.0,,,,,,,,,,2020-04-30T00:06:00,,,,0,,,,,,,,,,,,,,
2020-04-30 02:00:00,930.8,17.0,86,0.1,0.0,2.1,298.0,0.0,,,,,,,,,,2020-04-30T01:01:00,,,,0,,,,,,,,,,,,,,
2020-04-30 03:00:00,930.6,16.8,81,0.6,284.0,3.0,313.0,0.0,,,,,,,,,,2020-04-30T03:00:00,,,,0,,,,,,,,,,,,,,
2020-04-30 04:00:00,930.6,16.2,82,0.6,257.0,3.6,270.0,0.0,,,,,,,,,,2020-04-30T03:06:00,,,,0,,,,,,,,,,,,,,
2020-04-30 05:00:00,930.9,15.4,88,0.7,233.0,3.0,309.0,0.0,,,,,,,,,,2020-04-30T04:06:00,,,,0,,,,,,,,,,,,,,
2020-04-30 06:00:00,931.2,15.9,89,0.2,0.0,3.4,296.0,0.0,,,,,,,,,,2020-04-30T05:18:00,,,,0,,,,,,,,,,,,,,
2020-04-30 07:00:00,931.6,17.8,78,0.2,0.0,2.8,317.0,0.0,,,,,,,,,,2020-04-30T06:49:00,,,,0,,,,,,,,,,,,,,
2020-04-30 08:00:00,931.5,20.4,68,0.7,24.0,1.6,7.0,0.0,,,,,,,,,,2020-04-30T07:53:00,,,,0,,,,,,,,,,,,,,
2020-04-30 09:00:00,931.6,22.8,59,1.4,29.0,4.4,21.0,0.0,,,,,,,,,,2020-04-30T08:57:00,,,,0,,,,,,,,,,,,,,
2020-04-30 10:00:00,930.9,23.0,61,2.5,88.0,5.7,77.0,0.0,,,,,,,,,,2020-04-30T09:53:00,,,,0,,,,,,,,,,,,,,
2020-04-30 11:00:00,930.4,23.1,62,3.0,70.0,7.4,54.0,0.0,,,,,,,,,,2020-04-30T11:00:00,,,,0,,,,,,,,,,,,,,
2020-04-30 12:00:00,930.3,24.2,62,2.3,77.0,9.0,124.0,0.0,,,,,,,,,,2020-04-30T11:04:00,,,,0,,,,,,,,,,,,,,
2020-04-30 13:00:00,929.7,23.0,68,1.6,53.0,6.9,68.0,0.0,,,,,,,,,,2020-04-30T12:45:00,,,,0,,,,,,,,,,,,,,
2020-04-30 14:00:00,928.9,25.4,62,1.9,357.0,6.5,95.0,0.0,,,,,,,,,,2020-04-30T13:38:00,,,,0,,,,,,,,,,,,,,
2020-04-30 15:00:00,928.5,22.5,72,1.3,117.0,7.5,63.0,0.0,,,,,,,,,,2020-04-30T14:44:00,,,,0,,,,,,,,,,,,,,
2020-04-30 16:00:00,928.6,21.8,77,1.4,97.0,4.2,78.0,0.0,,,,,,,,,,2020-04-30T15:51:00,,,,0,,,,,,,,,,,,,,
2020-04-30 17:00:00,928.8,20.8,84,0.8,35.0,5.5,79.0,0.0,,,,,,,,,,2020-04-30T16:40:00,,,,0,,,,,,,,,,,,,,
2020-04-30 18:00:00,929.3,20.4,86,0.6,129.0,3.2,216.0,0.0,,,,,,,,,,2020-04-30T17:06:00,,,,0,,,,,,,,,,,,,,
2020-04-30 19:00:00,929.7,19.9,90,1.0,160.0,2.3,140.0,0.0,,,,,,,,,,2020-04-30T18:21:00,,,,0,,,,,,,,,,,,,,
2020-04-30 20:00:00,930.3,19.6,93,0.8,139.0,1.8,112.0,0.0,,,,,,,,,,2020-04-30T19:16:00,,,,0,,,,,,,,,,,,,,
2020-04-30 21:00:00,930.6,19.0,98,0.0,0.0,2.2,174.0,0.0,,,,,,,,,,2020-04-30T20:16:00,,,,0,,,,,,,,,,,,,,
2020-04-30 22:00:00,930.7,18.8,99,0.1,0.0,0.9,201.0,0.0,,,,,,,,,,2020-04-30T21:30:00,,,,0,,,,,,,,,,,,,,
2020-04-30 23:00:00,930.1,18.8,98,0.0,0.0,0.6,205.0,0.0,,,,,,,,,,2020-04-30T22:10:00,,,,0,,,,,,,,,,,,,,
2020-05-01 00:00:00,929.5,18.9,98,0.0,0.0,1.3,227.0,0.0,,,,,,,,,,2020-04-30T23:33:00,,,,0,,,,,,,,,,,,,,
2020-05-01 01:00:00,928.8,17.7,97,1.4,201.0,2.3,198.0,0.0,,,,,,,,,,2020-05-01T00:52:00,,,,0,,,,,,,,,,,,,,
2020-05-01 02:00:00,928.4,17.2,98,0.9,235.0,1.8,202.0,0.0,,,,,,,,,,2020-05-01T01:17:00,,,,0,,,,,,,,,,,,,,
2020-05-01 03:00:00,928.0,16.8,95,1.0,213.0,2.1,230.0,0.0,,,,,,,,,,2020-05-01T02:26:00,,,,0,,,,,,,,,,,,,,
2020-05-01 04:00:00,928.2,17.8,87,1.6,301.0,4.2,321.0,0.0,,,,,,,,,,2020-05-01T03:57:00,,,,0,,,,,,,,,,,,,,
2020-05-01 05:00:00,928.6,17.7,86,0.9,282.0,3.9,318.0,0.0,,,,,,,,,,2020-05-01T04:09:00,,,,0,,,,,,,,,,,,,,
2020-05-01 06:00:00,928.9,17.8,82,1.2,281.0,4.7,316.0,0.0,,,,,,,,,,2020-05-01T05:57:00,,,,0,,,,,,,,,,,,,,
2020-05-01 07:00:00,928.9,19.8,75,0.5,30.0,3.9,314.0,0.0,,,,,,,,,,2020-05-01T06:04:00,,,,0,,,,,,,,,,,,,,
2020-05-01 08:00:00,929.3,20.4,74,0.2,0.0,1.8,360.0,0.0,,,,,,,,,,2020-05-01T07:25:00,,,,0,,,,,,,,,,,,,,
2020-05-01 09:00:00,929.4,22.7,69,0.6,34.0,1.8,45.0,0.0,,,,,,,,,,2020-05-01T08:53:00,,,,0,,,,,,,,,,,,,,
2020-05-01 10:00:00,928.7,25.2,60,1.5,13.0,5.0,5.0,0.0,,,,,,,,,,2020-05-01T10:00:00,,,,0,,,,,,,,,,,,,,
2020-05-01 11:00:00,928.1,25.9,62,1.6,76.0,6.6,79.0,0.0,,,,,,,,,,2020-05-01T10:22:00,,,,0,,,,,,,,,,,,,,
2020-05-01 12:00:00,927.7,24.7,66,1.6,97.0,6.5,94.0,0.0,,,,,,,,,,2020-05-01T11:04:00,,,,0,,,,,,,,,,,,,,
2020-05-01 13:00:00,927.1,24.6,73,2.4,65.0,6.3,35.0,0.0,,,,,,,,,,2020-05-01T12:40:00,,,,0,,,,,,,,,,,,,,
2020-05-01 14:00:00,926.2,24.8,71,2.5,80.0,7.8,84.0,0.0,,,,,,,,,,2020-05-01T13:57:00,,,,0,,,,,,,,,,,,,,
2020-05-01 15:00:00,926.0,22.4,80,2.2,66.0,7.5,79.0,0.0,,,,,,,,,,2020-05-01T14:12:00,,,,0,,,,,,,,,,,,,,
2020-05-01 16:00:00,926.0,21.8,83,1.6,119.0,6.3,67.0,0.0,,,,,,,,,,2020-05-01T15:18:00,,,,0,,,,,,,,,,,,,,
2020-05-01 17:00:00,926.2,21.3,87,0.7,72.0,2.1,88.0,0.0,,,,,,,,,,2020-05-01T16:02:00,,,,0,,,,,,,,,,,,,,
2020-05-01 18:00:00,926.6,20.4,95,0.6,117.0,2.9,100.0,0.0,,,,,,,,,,2020-05-01T17:04:00,,,,0,,,,,,,,,,,,,,
2020-05-01 19:00:00,927.2,20.1,98,0.0,0.0,1.0,155.0,0.0,,,,,,,,,,2020-05-01T18:01:00,,,,0,,,,,,,,,,,,,,
2020-05-01 20:00:00,927.7,19.9,100,0.0,0.0,0.4,336.0,0.0,,,,,,,,,,2020-05-01T19:07:00,,,,0,,,,,,,,,,,,,,
2020-05-01 21:00:00,928.0,19.9,99,0.1,0.0,0.8,283.0,0.0,,,,,,,,,,2020-05-01T20:22:00,,,,0,,,,,,,,,,,,,,
2020-05-01 22:00:00,928.2,20.0,97,0.1,0.0,1.3,215.0,0.0,,,,,,,,,,2020-05-01T21:44:00,,,,0,,,,,,,,,,,,,,
2020-05-01 23:00:00,928.2,18.7,98,0.9,221.0,1.7,206.0,0.0,,,,,,,,,,2020-05-01T22:32:00,,,,0,,,,,,,,,,,,,,
2020-05-02 00:00:00,927.3,18.4,99,0.9,229.0,2.0,206.0,0.0,,,,,,,,,,2020-05-01T23:11:00,,,,0,,,,,,,,,,,,,,
2020-05-02 01:00:00,926.6,18.0,98,1.0,233.0,1.9,226.0,0.0,,,,,,,,,,2020-05-02T00:43:00,,,,0,,,,,,,,,,,,,,
2020-05-02 02:00:00,925.9,17.8,94,1.1,226.0,2.1,202.0,0.0,,,,,,,,,,2020-05-02T01:32:00,,,,0,,,,,,,,,,,,,,
2020-05-02 03:00:00,925.5,17.8,90,1.2,216.0,2.6,226.0,0.0,,,,,,,,,,2020-05-02T02:55:00,,,,0,,,,,,,,,,,,,,
2020-05-02 04:00:00,925.5,16.6,95,1.6,204.0,2.5,196.0,0.0,,,,,,,,,,2020-05-02T03:51:00,,,,0,,,,,,,,,,,,,,
2020-05-02 05:00:00,925.7,16.3,95,1.3,204.0,2.8,211.0,0.0,,,,,,,,,,2020-05-02T04:27:00,,,,0,,,,,,,,,,,,,,
2020-05-02 06:00:00,926.3,16.5,93,1.0,220.0,2.5,205.0,0.0,,,,,,,,,,2020-05-02T05:02:00,,,,0,,,,,,,,,,,,,,
2020-05-02 07:00:00,926.4,20.6,73,0.3,360.0,2.0,214.0,0.0,,,,,,,,,,2020-05-02T06:03:00,,,,0,,,,,,,,,,,,,,
2020-05-02 08:00:00,926.5,23.1,64,0.5,31.0,1.6,360.0,0.0,,,,,,,,,,2020-05-02T07:38:00,,,,0,,,,,,,,,,,,,,
2020-05-02 09:00:00,926.7,25.0,58,1.1,354.0,3.5,360.0,0.0,,,,,,,,,,2020-05-02T08:46:00,,,,0,,,,,,,,,,,,,,
2020-05-02 10:00:00,926.1,25.6,67,1.9,37.0,4.6,2.0,0.0,,,,,,,,,,2020-05-02T09:52:00,,,,0,,,,,,,,,,,,,,
2020-05-02 11:00:00,925.1,26.4,64,1.6,109.0,7.6,93.0,0.0,,,,,,,,,,2020-05-02T11:00:00,,,,0,,,,,,,,,,,,,,
2020-05-02 12:00:00,924.6,27.3,62,2.4,66.0,7.1,331.0,0.0,,,,,,,,,,2020-05-02T11:30:00,,,,0,,,,,,,,,,,,,,
2020-05-02 13:00:00,923.5,27.4,67,2.0,77.0,7.5,51.0,0.0,,,,,,,,,,2020-05-02T12:03:00,,,,0,,,,,,,,,,,,,,
2020-05-02 14:00:00,922.7,27.5,66,2.3,108.0,6.9,95.0,0.0,,,,,,,,,,2020-05-02T13:04:00,,,,0,,,,,,,,,,,,,,
2020-05-02 15:00:00,922.5,25.1,76,1.2,138.0,6.7,81.0,0.0,,,,,,,,,,2020-05-02T14:15:00,,,,0,,,,,,,,,,,,,,
2020-05-02 16:00:00,922.7,24.5,80,1.9,85.0,6.5,106.0,0.0,,,,,,,,,,2020-05-02T15:27:00,,,,0,,,,,,,,,,,,,,
2020-05-02 17:00:00,923.1,24.1,83,0.7,150.0,4.2,189.0,0.0,,,,,,,,,,2020-05-02T16:32:00,,,,0,,,,,,,,,,,,,,
2020-05-02 18:00:00,923.4,22.8,91,1.3,112.0,4.1,108.0,0.0,,,,,,,,,,2020-05-02T17:25:00,,,,0,,,,,,,,,,,,,,
2020-05-02 19:00:00,923.8,22.5,92,0.0,0.0,2.3,111.0,0.0,,,,,,,,,,2020-05-02T18:05:00,,,,0,,,,,,,,,,,,,,
2020-05-02 20:00:00,924.1,22.2,92,0.7,234.0,1.7,223.0,0.0,,,,,,,,,,2020-05-02T19:50:00,,,,0,,,,,,,,,,,,,,
2020-05-02 21:00:00,924.4,20.9,94,1.4,210.0,2.1,201.0,0.0,,,,,,,,,,2020-05-02T21:00:00,,,,0,,,,,,,,,,,,,,
2020-05-02 22:00:00,925.0,20.3,93,2.0,205.0,2.9,198.0,0.0,,,,,,,,,,2020-05-02T21:49:00,,,,0,,,,,,,,,,,,,,
2020-05-02 23:00:00,924.9,20.5,85,1.3,243.0,3.5,273.0,0.0,,,,,,,,,,2020-05-02T22:50:00,,,,0,,,,,,,,,,,,,,
2020-05-03 00:00:00,924.3,19.8,83,1.3,229.0,3.2,299.0,0.0,,,,,,,,,,2020-05-02T23:22:00,,,,0,,,,,,,,,,,,,,
2020-05-03 01:00:00,923.8,18.4,85,1.2,221.0,3.0,241.0,0.0,,,,,,,,,,2020-05-03T00:06:00,,,,0,,,,,,,,,,,,,,
2020-05-03 02:00:00,923.3,18.2,84,1.3,219.0,2.8,238.0,0.0,,,,,,,,,,2020-05-03T01:22:00,,,,0,,,,,,,,,,,,,,
2020-05-03 03:00:00,923.0,18.1,84,1.1,216.0,2.3,213.0,0.0,,,,,,,,,,2020-05-03T02:36:00,,,,0,,,,,,,,,,,,,,
2020-05-03 04:00:00,923.0,17.4,87,1.3,217.0,2.7,210.0,0.0,,,,,,,,,,2020-05-03T03:30:00,,,,0,,,,,,,,,,,,,,
2020-05-03 05:00:00,923.4,17.5,83,1.3,208.0,2.8,216.0,0.0,,,,,,,,,,2020-05-03T04:11:00,,,,0,,,,,,,,,,,,,,
2020-05-03 06:00:00,923.9,17.8,76,1.4,210.0,2.1,203.0,0.0,,,,,,,,,,2020-05-03T05:53:00,,,,0,,,,,,,,,,,,,,
2020-05-03 07:00:00,924.0,20.6,70,0.3,56.0,1.7,323.0,0.0,,,,,,,,,,2020-05-03T06:26:00,,,,0,,,,,,,,,,,,,,
2020-05-03 08:00:00,924.4,22.1,57,0.4,91.0,1.4,14.0,0.0,,,,,,,,,,2020-05-03T07:23:00,,,,0,,,,,,,,,,,,,,
2020-05-03 09:00:00,924.2,26.0,56,1.4,42.0,3.4,110.0,0.0,,,,,,,,,,2020-05-03T08:48:00,,,,0,,,,,,,,,,,,,,
2020-05-03 10:00:00,923.6,26.9,57,2.0,78.0,5.0,79.0,0.0,,,,,,,,,,2020-05-03T09:42:00,,,,0,,,,,,,,,,,,,,
2020-05-03 11:00:00,922.8,27.9,58,1.6,77.0,6.2,59.0,0.0,,,,,,,,,,2020-05-03T10:36:00,,,,0,,,,,,,,,,,,,,
2020-05-03 12:00:00,922.3,28.5,57,2.0,66.0,6.2,92.0,0.0,,,,,,,,,,2020-05-03T11:56:00,,,,0,,,,,,,,,,,,,,
2020-05-03 13:00:00,921.5,29.8,49,1.6,79.0,7.5,124.0,0.0,,,,,,,,,,2020-05-03T12:47:00,,,,0,,,,,,,,,,,,,,
2020-05-03 14:00:00,920.5,30.1,50,1.3,55.0,6.2,89.0,0.0,,,,,,,,,,2020-05-03T13:10:00,,,,0,,,,,,,,,,,,,,
2020-05-03 15:00:00,920.4,31.2,47,0.9,38.0,5.6,73.0,0.0,,,,,,,,,,2020-05-03T14:28:00,,,,0,,,,,,,,,,,,,,
2020-05-03 16:00:00,920.4,29.8,52,1.6,97.0,6.2,75.0,0.0,,,,,,,,,,2020-05-03T15:03:00,,,,0,,,,,,,,,,,,,,
2020-05-03 17:00:00,920.8,28.2,64,1.9,122.0,5.9,126.0,0.0,,,,,,,,,,2020-05-03T16:43:00,,,,0,,,,,,,,,,,,,,
2020-05-03 18:00:00,921.9,25.5,75,1.5,152.0,4.3,128.0,0.0,,,,,,,,,,2020-05-03T17:09:00,,,,0,,,,,,,,,,,,,,
2020-05-03 19:00:00,923.1,23.9,83,1.4,166.0,2.5,123.0,0.0,,,,,,,,,,2020-05-03T18:30:00,,,,0,,,,,,,,,,,,,,
2020-05-03 20:00:00,923.7,22.0,90,1.7,213.0,2.2,193.0,0.0,,,,,,,,,,2020-05-03T19:18:00,,,,0,,,,,,,,,,,,,,
2020-05-03 21:00:00,924.3,21.0,93,1.6,219.0,2.1,197.0,0.0,,,,,,,,,,2020-05-03T20:18:00,,,,0,,,,,,,,,,,,,,
2020-05-03 22:00:00,924.9,20.7,92,1.7,211.0,2.2,197.0,0.0,,,,,,,,,,2020-05-03T21:58:00,,,,0,,,,,,,,,,,,,,
2020-05-03 23:00:00,925.0,20.3,88,1.1,218.0,2.4,206.0,0.0,,,,,,,,,,2020-05-03T22:02:00,,,,0,,,,,,,,,,,,,,
2020-05-04 00:00:00,924.7,19.8,86,1.3,213.0,2.4,215.0,0.0,,,,,,,,,,2020-05-03T23:50:00,,,,0,,,,,,,,,,,,,,
2020-05-04 01:00:00,924.2,18.9,91,1.3,222.0,2.7,203.0,0.0,,,,,,,,,,2020-05-04T00:48:00,,,,0,,,,,,,,,,,,,,
2020-05-04 02:00:00,924.0,18.7,88,1.4,213.0,2.7,220.0,0.0,,,,,,,,,,2020-05-04T01:20:00,,,,0,,,,,,,,,,,,,,
2020-05-04 03:00:00,923.9,18.7,85,1.5,210.0,2.5,205.0,0.0,,,,,,,,,,2020-05-04T02:25:00,,,,0,,,,,,,,,,,,,,
2020-05-04 04:00:00,924.2,18.5,87,1.6,213.0,2.4,206.0,0.0,,,,,,,,,,2020-05-04T03:57:00,,,,0,,,,,,,,,,,,,,
2020-05-04 05:00:00,924.7,18.1,86,1.3,210.0,2.3,210.0,0.0,,,,,,,,,,2020-05-04T04:26:00,,,,0,,,,,,,,,,,,,,
2020-05-04 06:00:00,925.3,18.5,84,0.6,185.0,2.6,213.0,0.0,,,,,,,,,,2020-05-04T05:45:00,,,,0,,,,,,,,,,,,,,
2020-05-04 07:00:00,926.0,22.5,62,0.5,354.0,1.3,200.0,0.0,,,,,,,,,,2020-05-04T06:02:00,,,,0,,,,,,,,,,,,,,
2020-05-04 08:00:00,926.4,24.6,57,0.4,332.0,1.5,10.0,0.0,,,,,,,,,,2020-05-04T07:40:00,,,,0,,,,,,,,,,,,,,
2020-05-04 09:00:00,926.7,26.6,57,1.3,38.0,3.9,71.0,0.0,,,,,,,,,,2020-05-04T08:42:00,,,,0,,,,,,,,,,,,,,
2020-05-04 10:00:00,926.5,27.6,59,1.6,106.0,5.2,82.0,0.0,,,,,,,,,,2020-05-04T09:34:00,,,,0,,,,,,,,,,,,,,
2020-05-04 11:00:00,925.9,28.3,56,1.2,53.0,5.7,96.0,0.0,,,,,,,,,,2020-05-04T10:40:00,,,,0,,,,,,,,,,,,,,
2020-05-04 12:00:00,925.6,29.1,57,1.9,76.0,6.9,95.0,0.0,,,,,,,,,,2020-05-04T11:42:00,,,,0,,,,,,,,,,,,,,
2020-05-04 13:00:00,925.4,28.5,55,2.3,76.0,7.0,37.0,0.0,,,,,,,,,,2020-05-04T12:33:00,,,,0,,,,,,,,,,,,,,
2020-05-04 14:00:00,924.7,28.1,60,1.7,58.0,7.3,91.0,0.0,,,,,,,,,,2020-05-04T13:14:00,,,,0,,,,,,,,,,,,,,
2020-05-04 15:00:00,924.3,28.0,62,2.0,8.0,6.1,17.0,0.0,,,,,,,,,,2020-05-04T14:51:00,,,,0,,,,,,,,,,,,,,
2020-05-04 16:00:00,924.5,26.6,69,1.2,55.0,5.8,90.0,0.0,,,,,,,,,,2020-05-04T15:08:00,,,,0,,,,,,,,,,,,,,
2020-05-04 17:00:00,924.8,25.4,75,0.8,61.0,5.7,31.0,0.0,,,,,,,,,,2020-05-04T16:45:00,,,,0,,,,,,,,,,,,,,
2020-05-04 18:00:00,925.3,24.5,79,1.3,91.0,4.5,56.0,0.0,,,,,,,,,,2020-05-04T17:08:00,,,,0,,,,,,,,,,,,,,
2020-05-04 19:00:00,926.0,23.9,84,1.1,166.0,2.2,190.0,0.0,,,,,,,,,,2020-05-04T18:48:00,,,,0,,,,,,,,,,,,,,
2020-05-04 20:00:00,926.4,22.7,86,1.1,216.0,2.0,193.0,0.0,,,,,,,,,,2020-05-04T19:21:00,,,,0,,,,,,,,,,,,,,
2020-05-04 21:00:00,926.8,21.8,89,1.7,199.0,2.5,198.0,0.0,,,,,,,,,,2020-05-04T20:54:00,,,,0,,,,,,,,,,,,,,
2020-05-04 22:00:00,927.2,21.0,92,1.3,202.0,2.3,199.0,0.0,,,,,,,,,,2020-05-04T21:09:00,,,,0,,,,,,,,,,,,,,
2020-05-04 23:00:00,926.9,20.2,93,1.9,205.0,2.4,203.0,0.0,,,,,,,,,,2020-05-04T22:50:00,,,,0,,,,,,,,,,,,,,
2020-05-05 00:00:00,926.4,19.7,90,1.8,214.0,2.5,198.0,0.0,,,,,,,,,,2020-05-04T23:09:00,,,,0,,,,,,,,,,,,,,
2020-05-05 01:00:00,926.1,19.4,89,1.4,210.0,2.5,198.0,0.0,,,,,,,,,,2020-05-05T00:12:00,,,,0,,,,,,,,,,,,,,
2020-05-05 02:00:00,925.4,19.6,83,1.1,224.0,2.8,222.0,0.0,,,,,,,,,,2020-05-05T01:30:00,,,,0,,,,,,,,,,,,,,
2020-05-05 03:00:00,924.6,19.0,83,1.3,209.0,2.1,229.0,0.0,,,,,,,,,,2020-05-05T02:01:00,,,,0,,,,,,,,,,,,,,
2020-05-05 04:00:00,924.9,18.4,84,1.4,210.0,2.8,196.0,0.0,,,,,,,,,,2020-05-05T03:45:00,,,,0,,,,,,,,,,,,,,
2020-05-05 05:00:00,925.1,18.8,81,1.6,226.0,2.7,223.0,0.0,,,,,,,,,,2020-05-05T04:51:00,,,,0,,,,,,,,,,,,,,
2020-05-05 06:00:00,925.5,18.8,80,1.1,224.0,2.5,221.0,0.0,,,,,,,,,,2020-05-05T05:19:00,,,,0,,,,,,,,,,,,,,
2020-05-05 07:00:00,925.5,23.1,64,0.6,34.0,2.6,237.0,0.0,,,,,,,,,,2020-05-05T06:04:00,,,,0,,,,,,,,,,,,,,
2020-05-05 08:00:00,925.9,25.2,57,0.4,341.0,1.5,336.0,0.0,,,,,,,,,,2020-05-05T07:29:00,,,,0,,,,,,,,,,,,,,
2020-05-05 09:00:00,925.5,27.1,51,1.2,12.0,3.5,4.0,0.0,,,,,,,,,,2020-05-05T08:53:00,,,,0,,,,,,,,,,,,,,
2020-05-05 10:00:00,925.0,27.5,50,2.3,76.0,5.1,19.0,0.0,,,,,,,,,,2020-05-05T09:56:00,,,,0,,,,,,,,,,,,,,
2020-05-05 11:00:00,924.5,28.2,50,1.4,33.0,7.1,82.0,0.0,,,,,,,,,,2020-05-05T10:40:00,,,,0,,,,,,,,,,,,,,
2020-05-05 12:00:00,923.8,29.0,49,1.8,63.0,7.5,62.0,0.0,,,,,,,,,,2020-05-05T11:21:00,,,,0,,,,,,,,,,,,,,
2020-05-05 13:00:00,923.0,28.3,54,2.2,71.0,7.5,87.0,0.0,,,,,,,,,,2020-05-05T12:06:00,,,,0,,,,,,,,,,,,,,
2020-05-05 14:00:00,922.4,28.5,59,1.9,76.0,6.3,87.0,0.0,,,,,,,,,,2020-05-05T13:50:00,,,,0,,,,,,,,,,,,,,
2020-05-05 15:00:00,922.1,28.6,58,1.2,68.0,5.9,28.0,0.0,,,,,,,,,,2020-05-05T14:45:00,,,,0,,,,,,,,,,,,,,
2020-05-05 16:00:00,921.6,28.8,60,0.8,138.0,4.3,97.0,0.0,,,,,,,,,,2020-05-05T15:11:00,,,,0,,,,,,,,,,,,,,
2020-05-05 17:00:00,921.4,28.7,61,0.5,60.0,3.0,35.0,0.0,,,,,,,,,,2020-05-05T16:23:00,,,,0,,,,,,,,,,,,,,
2020-05-05 18:00:00,921.8,26.1,72,1.2,149.0,3.1,30.0,0.0,,,,,,,,,,2020-05-05T17:11:00,,,,0,,,,,,,,,,,,,,
2020-05-05 19:00:00,922.3,24.9,80,1.6,152.0,3.3,138.0,0.0,,,,,,,,,,2020-05-05T19:00:00,,,,0,,,,,,,,,,,,,,
2020-05-05 20:00:00,922.9,24.3,82,1.4,180.0,4.8,206.0,0.0,,,,,,,,,,2020-05-05T19:57:00,,,,0,,,,,,,,,,,,,,
2020-05-05 21:00:00,923.3,25.1,65,1.0,210.0,5.4,259.0,0.0,,,,,,,,,,2020-05-05T20:02:00,,,,0,,,,,,,,,,,,,,
2020-05-05 22:00:00,923.2,28.2,43,1.4,285.0,7.3,273.0,0.0,,,,,,,,,,2020-05-05T21:58:00,,,,0,,,,,,,,,,,,,,
2020-05-05 23:00:00,922.8,29.5,38,2.6,268.0,7.4,275.0,0.0,,,,,,,,,,2020-05-05T22:55:00,,,,0,,,,,,,,,,,,,,
2020-05-06 00:00:00,921.7,29.7,38,3.2,255.0,10.3,316.0,0.0,,,,,,,,,,2020-05-05T23:10:00,,,,0,,,,,,,,,,,,,,
2020-05-06 01:00:00,921.2,29.7,38,3.4,252.0,9.6,211.0,0.0,,,,,,,,,,2020-05-06T00:39:00,,,,0,,,,,,,,,,,,,,
2020-05-06 02:00:00,920.6,29.8,38,2.5,268.0,10.2,205.0,0.0,,,,,,,,,,2020-05-06T01:18:00,,,,0,,,,,,,,,,,,,,
2020-05-06 03:00:00,920.2,29.9,37,2.5,274.0,12.1,288.0,0.0,,,,,,,,,,2020-05-06T02:14:00,,,,0,,,,,,,,,,,,,,
2020-05-06 04:00:00,920.2,30.2,37,2.9,258.0,10.5,294.0,0.0,,,,,,,,,,2020-05-06T03:14:00,,,,0,,,,,,,,,,,,,,
2020-05-06 05:00:00,920.4,30.0,38,2.8,241.0,11.2,327.0,0.0,,,,,,,,,,2020-05-06T04:08:00,,,,0,,,,,,,,,,,,,,
2020-05-06 06:00:00,921.0,29.9,38,1.7,256.0,7.6,308.0,0.0,,,,,,,,,,2020-05-06T05:05:00,,,,0,,,,,,,,,,,,,,
2020-05-06 07:00:00,922.0,28.9,54,0.9,91.0,7.7,216.0,0.0,,,,,,,,,,2020-05-06T06:09:00,,,,0,,,,,,,,,,,,,,
2020-05-06 08:00:00,922.9,27.7,59,1.4,71.0,4.4,85.0,0.0,,,,,,,,,,2020-05-06T07:58:00,,,,0,,,,,,,,,,,,,,
2020-05-06 09:00:00,923.4,28.8,57,1.5,105.0,6.8,78.0,0.0,,,,,,,,,,2020-05-06T08:28:00,,,,0,,,,,,,,,,,,,,
2020-05-06 10:00:00,924.1,27.7,62,1.8,81.0,5.8,96.0,0.0,,,,,,,,,,2020-05-06T09:08:00,,,,0,,,,,,,,,,,,,,
2020-05-06 11:00:00,923.9,28.5,60,2.6,103.0,6.4,94.0,0.0,,,,,,,,,,2020-05-06T10:59:00,,,,0,,,,,,,,,,,,,,
2020-05-06 12:00:00,923.8,28.9,60,1.6,80.0,8.2,96.0,0.0,,,,,,,,,,2020-05-06T11:32:00,,,,0,,,,,,,,,,,,,,
2020-05-06 13:00:00,923.4,29.4,59,1.9,49.0,6.9,79.0,0.0,,,,,,,,,,2020-05-06T12:08:00,,,,0,,,,,,,,,,,,,,
2020-05-06 14:00:00,923.1,29.2,62,1.6,64.0,6.8,73.0,0.0,,,,,,,,,,2020-05-06T13:22:00,,,,0,,,,,,,,,,,,,,
2020-05-06 15:00:00,923.2,26.4,73,2.2,88.0,7.2,201.0,0.0,,,,,,,,,,2020-05-06T14:01:00,,,,0,,,,,,,,,,,,,,
2020-05-06 16:00:00,923.1,25.1,81,1.8,90.0,5.8,108.0,0.0,,,,,,,,,,2020-05-06T15:01:00,,,,0,,,,,,,,,,,,,,
2020-05-06 17:00:00,923.7,23.9,86,1.6,68.0,5.3,87.0,0.0,,,,,,,,,,2020-05-06T16:42:00,,,,0,,,,,,,,,,,,,,
2020-05-06 18:00:00,924.3,23.1,90,1.8,141.0,3.9,58.0,0.0,,,,,,,,,,2020-05-06T17:08:00,,,,0,,,,,,,,,,,,,,
2020-05-06 19:00:00,925.0,22.6,93,0.7,110.0,3.7,97.0,0.0,,,,,,,,,,2020-05-06T18:06:00,,,,0,,,,,,,,,,,,,,
2020-05-06 20:00:00,925.7,22.2,96,0.5,206.0,3.0,190.0,0.0,,,,,,,,,,2020-05-06T19:59:00,,,,0,,,,,,,,,,,,,,
2020-05-06 21:00:00,926.3,22.3,95,0.6,111.0,2.4,102.0,0.0,,,,,,,,,,2020-05-06T20:04:00,,,,0,,,,,,,,,,,,,,
2020-05-06 22:00:00,926.3,22.2,96,0.7,129.0,1.8,127.0,0.0,,,,,,,,,,2020-05-06T21:59:00,,,,0,,,,,,,,,,,,,,
2020-05-06 23:00:00,925.7,21.8,99,0.3,33.0,1.6,86.0,0.0,,,,,,,,,,2020-05-06T22:03:00,,,,0,,,,,,,,,,,,,,
2020-05-07 00:00:00,924.8,21.7,100,0.1,0.0,1.0,137.0,0.0,,,,,,,,,,2020-05-06T23:13:00,,,,0,,,,,,,,,,,,,,
2020-05-07 01:00:00,924.5,21.6,99,0.1,0.0,1.6,194.0,0.0,,,,,,,,,,2020-05-07T00:38:00,,,,0,,,,,,,,,,,,,,
2020-05-07 02:00:00,924.4,21.2,100,0.7,134.0,2.6,128.0,0.0,,,,,,,,,,2020-05-07T01:48:00,,,,0,,,,,,,,,,,,,,
2020-05-07 03:00:00,924.3,21.0,100,0.4,77.0,2.3,71.0,0.0,,,,,,,,,,2020-05-07T02:37:00,,,,0,,,,,,,,,,,,,,
2020-05-07 04:00:00,924.8,20.9,100,0.2,0.0,1.5,110.0,0.0,,,,,,,,,,2020-05-07T03:24:00,,,,0,,,,,,,,,,,,,,
2020-05-07 05:00:00,924.9,20.8,100,0.0,0.0,1.2,86.0,0.0,,,,,,,,,,2020-05-07T04:04:00,,,,0,,,,,,,,,,,,,,
2020-05-07 06:00:00,925.3,20.7,100,1.1,131.0,1.8,121.0,0.0,,,,,,,,,,2020-05-07T05:55:00,,,,0,,,,,,,,,,,,,,
2020-05-07 07:00:00,926.3,21.0,98,0.7,144.0,1.9,172.0,0.0,,,,,,,,,,2020-05-07T06:58:00,,,,0,,,,,,,,,,,,,,
2020-05-07 08:00:00,926.8,21.6,97,0.4,80.0,1.6,112.0,0.0,,,,,,,,,,2020-05-07T07:02:00,,,,0,,,,,,,,,,,,,,
2020-05-07 09:00:00,927.0,22.2,92,0.7,80.0,1.8,93.0,0.0,,,,,,,,,,2020-05-07T08:59:00,,,,0,,,,,,,,,,,,,,
2020-05-07 10:00:00,927.1,22.7,90,0.5,239.0,2.8,131.0,0.0,,,,,,,,,,2020-05-07T09:22:00,,,,0,,,,,,,,,,,,,,
2020-05-07 11:00:00,926.7,24.7,80,1.4,28.0,3.0,32.0,0.0,,,,,,,,,,2020-05-07T10:51:00,,,,0,,,,,,,,,,,,,,
2020-05-07 12:00:00,925.6,26.6,68,1.8,74.0,5.8,69.0,0.0,,,,,,,,,,2020-05-07T11:55:00,,,,0,,,,,,,,,,,,,,
2020-05-07 13:00:00,925.3,25.0,76,2.2,113.0,7.1,106.0,0.0,,,,,,,,,,2020-05-07T12:20:00,,,,0,,,,,,,,,,,,,,
2020-05-07 14:00:00,924.7,26.1,71,1.1,46.0,5.4,64.0,0.0,,,,,,,,,,2020-05-07T13:27:00,,,,0,,,,,,,,,,,,,,
2020-05-07 15:00:00,924.4,24.4,80,1.4,67.0,5.2,71.0,0.0,,,,,,,,,,2020-05-07T14:44:00,,,,0,,,,,,,,,,,,,,
2020-05-07 16:00:00,924.1,23.4,84,2.2,77.0,6.0,97.0,0.0,,,,,,,,,,2020-05-07T15:27:00,,,,0,,,,,,,,,,,,,,
2020-05-07 17:00:00,924.3,22.7,89,1.7,147.0,6.1,73.0,0.0,,,,,,,,,,2020-05-07T16:03:00,,,,0,,,,,,,,,,,,,,
2020-05-07 18:00:00,924.6,22.3,92,1.2,153.0,3.8,145.0,0.0,,,,,,,,,,2020-05-07T17:09:00,,,,0,,,,,,,,,,,,,,
2020-05-07 19:00:00,925.0,21.8,96,0.9,82.0,1.8,122.0,0.0,,,,,,,,,,2020-05-07T18:47:00,,,,0,,,,,,,,,,,,,,
2020-05-07 20:00:00,925.4,21.6,98,0.8,94.0,2.5,117.0,0.0,,,,,,,,,,2020-05-07T19:07:00,,,,0,,,,,,,,,,,,,,
2020-05-07 21:00:00,926.1,21.6,98,0.1,0.0,2.0,124.0,0.0,,,,,,,,,,2020-05-07T20:27:00,,,,0,,,,,,,,,,,,,,
2020-05-07 22:00:00,926.5,21.6,98,0.1,0.0,0.9,133.0,0.0,,,,,,,,,,2020-05-07T21:49:00,,,,0,,,,,,,,,,,,,,
2020-05-07 23:00:00,926.3,21.4,99,0.6,229.0,1.1,235.0,0.0,,,,,,,,,,2020-05-07T22:53:00,,,,0,,,,,,,,,,,,,,
2020-05-08 00:00:00,926.1,21.5,98,0.4,128.0,1.6,129.0,0.0,,,,,,,,,,2020-05-07T23:36:00,,,,0,,,,,,,,,,,,,,
2020-05-08 01:00:00,925.7,21.3,100,0.4,274.0,1.3,102.0,0.0,,,,,,,,,,2020-05-08T00:05:00,,,,0,,,,,,,,,,,,,,
2020-05-08 02:00:00,925.2,20.8,97,0.6,226.0,1.0,235.0,0.0,,,,,,,,,,2020-05-08T02:00:00,,,,0,,,,,,,,,,,,,,
2020-05-08 03:00:00,924.8,20.2,97,1.0,206.0,1.8,198.0,0.0,,,,,,,,,,2020-05-08T02:49:00,,,,0,,,,,,,,,,,,,,
2020-05-08 04:00:00,925.0,20.0,95,1.0,233.0,1.6,217.0,0.0,,,,,,,,,,2020-05-08T03:55:00,,,,0,,,,,,,,,,,,,,
2020-05-08 05:00:00,925.5,19.7,92,1.0,227.0,2.0,221.0,0.0,,,,,,,,,,2020-05-08T04:44:00,,,,0,,,,,,,,,,,,,,
2020-05-08 06:00:00,926.0,19.2,91,0.9,210.0,2.4,195.0,0.0,,,,,,,,,,2020-05-08T05:02:00,,,,0,,,,,,,,,,,,,,
2020-05-08 07:00:00,926.3,22.2,75,0.7,352.0,2.0,302.0,0.0,,,,,,,,,,2020-05-08T06:14:00,,,,0,,,,,,,,,,,,,,
2020-05-08 08:00:00,926.6,24.5,65,0.7,336.0,1.5,359.0,0.0,,,,,,,,,,2020-05-08T07:34:00,,,,0,,,,,,,,,,,,,,
2020-05-08 09:00:00,926.6,26.6,64,1.3,27.0,3.6,79.0,0.0,,,,,,,,,,2020-05-08T09:00:00,,,,0,,,,,,,,,,,,,,
2020-05-08 10:00:00,926.2,27.5,61,1.7,72.0,6.1,85.0,0.0,,,,,,,,,,2020-05-08T09:42:00,,,,0,,,,,,,,,,,,,,
2020-05-08 11:00:00,925.8,27.5,61,2.3,76.0,7.1,89.0,0.0,,,,,,,,,,2020-05-08T10:48:00,,,,0,,,,,,,,,,,,,,
2020-05-08 12:00:00,925.2,28.7,55,2.2,84.0,6.2,32.0,0.0,,,,,,,,,,2020-05-08T11:51:00,,,,0,,,,,,,,,,,,,,
2020-05-08 13:00:00,924.6,28.6,59,1.9,108.0,6.6,61.0,0.0,,,,,,,,,,2020-05-08T12:15:00,,,,0,,,,,,,,,,,,,,
2020-05-08 14:00:00,924.3,27.4,66,2.0,72.0,6.4,103.0,0.0,,,,,,,,,,2020-05-08T13:01:00,,,,0,,,,,,,,,,,,,,
2020-05-08 15:00:00,924.3,25.4,77,1.8,73.0,6.9,20.0,0.0,,,,,,,,,,2020-05-08T14:28:00,,,,0,,,,,,,,,,,,,,
2020-05-08 16:00:00,923.9,24.6,82,1.3,170.0,4.7,81.0,0.0,,,,,,,,,,2020-05-08T15:32:00,,,,0,,,,,,,,,,,,,,
2020-05-08 17:00:00,924.1,24.1,87,0.8,184.0,5.1,93.0,0.0,,,,,,,,,,2020-05-08T16:14:00,,,,0,,,,,,,,,,,,,,
2020-05-08 18:00:00,924.5,23.6,90,0.6,155.0,4.1,55.0,0.0,,,,,,,,,,2020-05-08T17:12:00,,,,0,,,,,,,,,,,,,,
2020-05-08 19:00:00,924.9,23.2,93,0.4,127.0,2.9,112.0,0.0,,,,,,,,,,2020-05-08T18:27:00,,,,0,,,,,,,,,,,,,,
2020-05-08 20:00:00,925.8,22.9,96,0.3,120.0,2.3,127.0,0.0,,,,,,,,,,2020-05-08T19:09:00,,,,0,,,,,,,,,,,,,,
2020-05-08 21:00:00,926.3,22.8,94,0.3,237.0,1.3,235.0,0.0,,,,,,,,,,2020-05-08T20:40:00,,,,0,,,,,,,,,,,,,,
2020-05-08 22:00:00,926.4,21.7,95,1.0,198.0,1.7,208.0,0.0,,,,,,,,,,2020-05-08T21:43:00,,,,0,,,,,,,,,,,,,,
2020-05-08 23:00:00,926.2,21.4,96,1.4,209.0,2.1,193.0,0.0,,,,,,,,,,2020-05-08T22:16:00,,,,0,,,,,,,,,,,,,,
2020-05-09 00:00:00,925.4,21.0,96,1.6,195.0,2.1,195.0,0.0,,,,,,,,,,2020-05-08T23:56:00,,,,0,,,,,,,,,,,,,,
2020-05-09 01:00:00,924.9,20.5,95,1.5,207.0,2.3,199.0,0.0,,,,,,,,,,2020-05-09T00:21:00,,,,0,,,,,,,,,,,,,,
2020-05-09 02:00:00,924.5,20.0,94,1.6,211.0,2.3,203.0,0.0,,,,,,,,,,2020-05-09T01:34:00,,,,0,,,,,,,,,,,,,,
2020-05-09 03:00:00,924.4,19.7,92,1.2,227.0,2.2,197.0,0.0,,,,,,,,,,2020-05-09T02:46:00,,,,0,,,,,,,,,,,,,,
2020-05-09 04:00:00,924.3,21.2,76,0.9,287.0,5.1,296.0,0.0,,,,,,,,,,2020-05-09T03:49:00,,,,0,,,,,,,,,,,,,,
2020-05-09 05:00:00,924.6,20.6,79,0.9,239.0,2.5,231.0,0.0,,,,,,,,,,2020-05-09T04:54:00,,,,0,,,,,,,,,,,,,,
2020-05-09 06:00:00,925.1,21.1,77,0.5,253.0,2.4,293.0,0.0,,,,,,,,,,2020-05-09T05:48:00,,,,0,,,,,,,,,,,,,,
2020-05-09 07:00:00,925.5,22.3,72,0.2,0.0,1.5,268.0,0.0,,,,,,,,,,2020-05-09T06:01:00,,,,0,,,,,,,,,,,,,,
2020-05-09 08:00:00,925.5,25.4,64,0.4,7.0,1.4,13.0,0.0,,,,,,,,,,2020-05-09T07:57:00,,,,0,,,,,,,,,,,,,,
2020-05-09 09:00:00,925.2,28.2,55,1.1,73.0,2.6,77.0,0.0,,,,,,,,,,2020-05-09T08:58:00,,,,0,,,,,,,,,,,,,,
2020-05-09 10:00:00,925.3,28.1,63,2.2,77.0,5.9,83.0,0.0,,,,,,,,,,2020-05-09T09:59:00,,,,0,,,,,,,,,,,,,,
2020-05-09 11:00:00,924.8,29.0,59,1.9,54.0,7.1,83.0,0.0,,,,,,,,,,2020-05-09T10:02:00,,,,0,,,,,,,,,,,,,,
2020-05-09 12:00:00,924.2,31.0,54,1.6,86.0,6.2,90.0,0.0,,,,,,,,,,2020-05-09T11:10:00,,,,0,,,,,,,,,,,,,,
2020-05-09 13:00:00,923.7,30.9,55,1.8,53.0,6.7,85.0,0.0,,,,,,,,,,2020-05-09T12:57:00,,,,0,,,,,,,,,,,,,,
2020-05-09 14:00:00,923.5,31.4,55,1.9,31.0,6.5,101.0,0.0,,,,,,,,,,2020-05-09T13:16:00,,,,0,,,,,,,,,,,,,,
2020-05-09 15:00:00,923.2,29.6,63,2.1,64.0,7.4,76.0,0.0,,,,,,,,,,2020-05-09T14:56:00,,,,0,,,,,,,,,,,,,,
2020-05-09 16:00:00,923.1,28.0,70,2.5,108.0,7.5,108.0,0.0,,,,,,,,,,2020-05-09T15:56:00,,,,0,,,,,,,,,,,,,,
2020-05-09 17:00:00,923.3,27.0,75,1.3,73.0,5.7,139.0,0.0,,,,,,,,,,2020-05-09T16:03:00,,,,0,,,,,,,,,,,,,,
2020-05-09 18:00:00,923.8,25.9,82,0.5,236.0,6.5,88.0,0.0,,,,,,,,,,2020-05-09T17:07:00,,,,0,,,,,,,,,,,,,,
2020-05-09 19:00:00,924.4,25.0,87,0.6,128.0,1.7,170.0,0.0,,,,,,,,,,2020-05-09T18:38:00,,,,0,,,,,,,,,,,,,,
2020-05-09 20:00:00,924.8,24.0,90,1.2,221.0,1.8,229.0,0.0,,,,,,,,,,2020-05-09T19:58:00,,,,0,,,,,,,,,,,,,,
2020-05-09 21:00:00,925.0,24.3,87,0.8,207.0,2.3,217.0,0.0,,,,,,,,,,2020-05-09T20:23:00,,,,0,,,,,,,,,,,,,,
2020-05-09 22:00:00,925.3,22.7,91,1.1,204.0,2.3,205.0,0.0,,,,,,,,,,2020-05-09T21:34:00,,,,0,,,,,,,,,,,,,,
2020-05-09 23:00:00,925.4,22.1,93,1.2,227.0,2.2,193.0,0.0,,,,,,,,,,2020-05-09T22:23:00,,,,0,,,,,,,,,,,,,,
2020-05-10 00:00:00,924.9,21.7,92,1.0,202.0,1.8,211.0,0.0,,,,,,,,,,2020-05-09T23:09:00,,,,0,,,,,,,,,,,,,,
2020-05-10 01:00:00,924.4,21.3,90,1.1,210.0,2.3,203.0,0.0,,,,,,,,,,2020-05-10T00:12:00,,,,0,,,,,,,,,,,,,,
2020-05-10 02:00:00,924.1,21.0,89,1.3,220.0,1.9,205.0,0.0,,,,,,,,,,2020-05-10T01:21:00,,,,0,,,,,,,,,,,,,,
2020-05-10 03:00:00,924.1,20.5,90,1.5,198.0,2.1,206.0,0.0,,,,,,,,,,2020-05-10T02:52:00,,,,0,,,,,,,,,,,,,,
2020-05-10 04:00:00,924.2,20.5,89,0.9,213.0,2.2,203.0,0.0,,,,,,,,,,2020-05-10T03:22:00,,,,0,,,,,,,,,,,,,,
2020-05-10 05:00:00,924.5,20.0,89,1.6,207.0,2.6,194.0,0.0,,,,,,,,,,2020-05-10T04:13:00,,,,0,,,,,,,,,,,,,,
2020-05-10 06:00:00,925.3,19.9,90,0.9,224.0,2.5,199.0,0.0,,,,,,,,,,2020-05-10T05:24:00,,,,0,,,,,,,,,,,,,,
2020-05-10 07:00:00,925.3,23.7,70,0.7,12.0,1.7,340.0,0.0,,,,,,,,,,2020-05-10T06:35:00,,,,0,,,,,,,,,,,,,,
2020-05-10 08:00:00,925.5,26.0,64,0.7,357.0,1.6,15.0,0.0,,,,,,,,,,2020-05-10T07:55:00,,,,0,,,,,,,,,,,,,,
2020-05-10 09:00:00,925.5,27.2,66,1.9,78.0,5.1,83.0,0.0,,,,,,,,,,2020-05-10T09:00:00,,,,0,,,,,,,,,,,,,,
2020-05-10 10:00:00,925.2,28.2,66,1.8,74.0,5.8,170.0,0.0,,,,,,,,,,2020-05-10T09:31:00,,,,0,,,,,,,,,,,,,,
2020-05-10 11:00:00,924.9,29.0,64,1.9,67.0,6.7,89.0,0.0,,,,,,,,,,2020-05-10T10:32:00,,,,0,,,,,,,,,,,,,,
2020-05-10 12:00:00,924.7,29.6,62,2.0,124.0,6.6,103.0,0.0,,,,,,,,,,2020-05-10T11:34:00,,,,0,,,,,,,,,,,,,,
2020-05-10 13:00:00,924.1,30.4,58,1.5,61.0,6.4,171.0,0.0,,,,,,,,,,2020-05-10T12:06:00,,,,0,,,,,,,,,,,,,,
2020-05-10 14:00:00,923.4,30.2,59,2.2,40.0,6.0,107.0,0.0,,,,,,,,,,2020-05-10T13:38:00,,,,0,,,,,,,,,,,,,,
2020-05-10 15:00:00,923.0,29.5,62,2.1,66.0,7.7,111.0,0.0,,,,,,,,,,2020-05-10T14:36:00,,,,0,,,,,,,,,,,,,,
2020-05-10 16:00:00,922.9,28.9,67,1.8,70.0,7.0,79.0,0.0,,,,,,,,,,2020-05-10T15:15:00,,,,0,,,,,,,,,,,,,,
2020-05-10 17:00:00,923.5,27.7,74,0.8,90.0,6.7,89.0,0.0,,,,,,,,,,2020-05-10T16:03:00,,,,0,,,,,,,,,,,,,,
2020-05-10 18:00:00,924.1,25.8,82,1.5,100.0,5.8,84.0,0.0,,,,,,,,,,2020-05-10T17:21:00,,,,0,,,,,,,,,,,,,,
2020-05-10 19:00:00,924.7,25.1,86,0.8,141.0,3.0,192.0,0.0,,,,,,,,,,2020-05-10T18:19:00,,,,0,,,,,,,,,,,,,,
2020-05-10 20:00:00,925.7,24.6,88,1.4,124.0,4.0,98.0,0.0,,,,,,,,,,2020-05-10T19:18:00,,,,0,,,,,,,,,,,,,,
2020-05-10 21:00:00,926.2,24.0,90,0.5,142.0,2.9,123.0,0.0,,,,,,,,,,2020-05-10T20:06:00,,,,0,,,,,,,,,,,,,,
2020-05-10 22:00:00,926.8,23.2,93,0.8,221.0,2.0,220.0,0.0,,,,,,,,,,2020-05-10T21:34:00,,,,0,,,,,,,,,,,,,,
2020-05-10 23:00:00,926.8,23.1,90,0.9,228.0,2.3,212.0,0.0,,,,,,,,,,2020-05-10T22:07:00,,,,0,,,,,,,,,,,,,,
2020-05-11 00:00:00,926.3,22.3,86,1.2,217.0,2.9,217.0,0.0,,,,,,,,,,2020-05-10T23:24:00,,,,0,,,,,,,,,,,,,,
2020-05-11 01:00:00,925.8,21.5,87,1.5,206.0,2.4,199.0,0.0,,,,,,,,,,2020-05-11T00:49:00,,,,0,,,,,,,,,,,,,,
2020-05-11 02:00:00,925.5,21.0,87,1.7,206.0,2.7,203.0,0.0,,,,,,,,,,2020-05-11T01:10:00,,,,0,,,,,,,,,,,,,,
2020-05-11 03:00:00,925.3,20.7,88,1.1,226.0,2.4,203.0,0.0,,,,,,,,,,2020-05-11T02:11:00,,,,0,,,,,,,,,,,,,,
2020-05-11 04:00:00,925.5,20.2,89,1.3,217.0,2.6,212.0,0.0,,,,,,,,,,2020-05-11T03:09:00,,,,0,,,,,,,,,,,,,,
2020-05-11 05:00:00,926.0,20.1,88,1.1,218.0,2.3,196.0,0.0,,,,,,,,,,2020-05-11T04:49:00,,,,0,,,,,,,,,,,,,,
2020-05-11 06:00:00,925.8,20.4,87,1.1,217.0,2.6,226.0,0.0,,,,,,,,,,2020-05-11T05:34:00,,,,0,,,,,,,,,,,,,,
2020-05-11 07:00:00,926.1,23.3,74,0.3,335.0,1.6,320.0,0.0,,,,,,,,,,2020-05-11T06:16:00,,,,0,,,,,,,,,,,,,,
2020-05-11 08:00:00,926.5,24.3,73,1.0,91.0,2.2,86.0,0.0,,,,,,,,,,2020-05-11T07:58:00,,,,0,,,,,,,,,,,,,,
2020-05-11 09:00:00,926.2,27.2,64,1.4,37.0,3.3,34.0,0.0,,,,,,,,,,2020-05-11T08:11:00,,,,0,,,,,,,,,,,,,,
2020-05-11 10:00:00,925.8,28.2,61,2.2,67.0,5.8,100.0,0.0,,,,,,,,,,2020-05-11T09:41:00,,,,0,,,,,,,,,,,,,,
2020-05-11 11:00:00,925.3,30.1,57,1.8,82.0,6.4,27.0,0.0,,,,,,,,,,2020-05-11T10:18:00,,,,0,,,,,,,,,,,,,,
2020-05-11 12:00:00,924.6,30.3,56,2.1,36.0,7.7,76.0,0.0,,,,,,,,,,2020-05-11T11:26:00,,,,0,,,,,,,,,,,,,,
2020-05-11 13:00:00,924.3,28.0,66,1.5,20.0,6.7,109.0,0.0,,,,,,,,,,2020-05-11T12:14:00,,,,0,,,,,,,,,,,,,,
2020-05-11 14:00:00,923.9,25.6,82,2.9,104.0,7.2,79.0,0.0,,,,,,,,,,2020-05-11T13:56:00,,,,0,,,,,,,,,,,,,,
2020-05-11 15:00:00,924.3,23.5,91,1.3,116.0,7.5,101.0,0.0,,,,,,,,,,2020-05-11T14:03:00,,,,0,,,,,,,,,,,,,,
2020-05-11 16:00:00,924.2,23.9,86,1.5,117.0,4.8,97.0,0.0,,,,,,,,,,2020-05-11T15:08:00,,,,0,,,,,,,,,,,,,,
2020-05-11 17:00:00,923.9,23.8,82,1.4,103.0,3.3,86.0,0.0,,,,,,,,,,2020-05-11T16:07:00,,,,0,,,,,,,,,,,,,,
2020-05-11 18:00:00,924.2,23.3,87,0.7,137.0,2.8,130.0,0.0,,,,,,,,,,2020-05-11T17:34:00,,,,0,,,,,,,,,,,,,,
2020-05-11 19:00:00,924.7,22.7,90,0.0,0.0,2.4,105.0,0.0,,,,,,,,,,2020-05-11T18:08:00,,,,0,,,,,,,,,,,,,,
2020-05-11 20:00:00,925.2,22.7,90,0.8,115.0,1.8,152.0,0.0,,,,,,,,,,2020-05-11T19:54:00,,,,0,,,,,,,,,,,,,,
2020-05-11 21:00:00,925.7,22.5,93,0.0,0.0,0.9,21.0,0.0,,,,,,,,,,2020-05-11T20:09:00,,,,0,,,,,,,,,,,,,,
2020-05-11 22:00:00,925.9,22.1,95,0.4,233.0,1.2,221.0,0.0,,,,,,,,,,2020-05-11T21:46:00,,,,0,,,,,,,,,,,,,,
2020-05-11 23:00:00,925.8,21.5,94,1.6,213.0,1.8,206.0,0.0,,,,,,,,,,2020-05-11T22:52:00,,,,0,,,,,,,,,,,,,,
2020-05-12 00:00:00,925.4,21.6,90,0.5,231.0,2.4,229.0,0.0,,,,,,,,,,2020-05-11T23:47:00,,,,0,,,,,,,,,,,,,,
2020-05-12 01:00:00,924.9,20.5,91,1.5,219.0,2.3,222.0,0.0,,,,,,,,,,2020-05-12T00:07:00,,,,0,,,,,,,,,,,,,,
2020-05-12 02:00:00,924.8,19.7,93,1.7,204.0,2.3,201.0,0.0,,,,,,,,,,2020-05-12T01:43:00,,,,0,,,,,,,,,,,,,,
2020-05-12 03:00:00,924.5,20.0,92,0.5,238.0,2.0,193.0,0.0,,,,,,,,,,2020-05-12T02:01:00,,,,0,,,,,,,,,,,,,,
2020-05-12 04:00:00,924.2,20.3,89,0.5,225.0,2.8,226.0,0.0,,,,,,,,,,2020-05-12T03:11:00,,,,0,,,,,,,,,,,,,,
2020-05-12 05:00:00,924.3,19.8,93,1.2,252.0,1.9,242.0,0.0,,,,,,,,,,2020-05-12T04:02:00,,,,0,,,,,,,,,,,,,,
2020-05-12 06:00:00,924.8,19.7,93,0.8,204.0,2.2,228.0,0.0,,,,,,,,,,2020-05-12T05:10:00,,,,0,,,,,,,,,,,,,,
2020-05-12 07:00:00,924.9,21.8,85,0.2,0.0,1.4,213.0,0.0,,,,,,,,,,2020-05-12T06:15:00,,,,0,,,,,,,,,,,,,,
2020-05-12 08:00:00,925.1,25.0,72,0.6,36.0,2.4,62.0,0.0,,,,,,,,,,2020-05-12T07:37:00,,,,0,,,,,,,,,,,,,,
2020-05-12 09:00:00,925.5,24.7,74,1.5,122.0,3.8,82.0,0.0,,,,,,,,,,2020-05-12T08:55:00,,,,0,,,,,,,,,,,,,,
2020-05-12 10:00:00,924.7,28.5,63,1.6,20.0,4.8,31.0,0.0,,,,,,,,,,2020-05-12T09:56:00,,,,0,,,,,,,,,,,,,,
2020-05-12 11:00:00,924.6,26.7,67,2.1,132.0,6.4,128.0,0.0,,,,,,,,,,2020-05-12T10:57:00,,,,0,,,,,,,,,,,,,,
2020-05-12 12:00:00,925.2,22.9,95,0.5,199.0,6.5,96.0,2.5,,,,,,,,,,2020-05-12T11:03:00,,,,0,,,,,,,,,,,,,,
2020-05-12 13:00:00,924.1,23.9,92,0.4,74.0,2.8,286.0,1.5,,,,,,,,,,2020-05-12T12:29:00,,,,0,,,,,,,,,,,,,,
2020-05-12 14:00:00,923.7,25.2,81,1.7,64.0,6.1,59.0,0.0,,,,,,,,,,2020-05-12T13:53:00,,,,0,,,,,,,,,,,,,,
2020-05-12 15:00:00,923.7,25.1,81,0.7,127.0,6.0,63.0,0.0,,,,,,,,,,2020-05-12T14:31:00,,,,0,,,,,,,,,,,,,,
2020-05-12 16:00:00,923.6,24.1,88,0.5,190.0,2.7,111.0,0.5,,,,,,,,,,2020-05-12T15:40:00,,,,0,,,,,,,,,,,,,,
2020-05-12 17:00:00,924.0,22.9,94,0.8,116.0,2.5,119.0,1.5,,,,,,,,,,2020-05-12T16:40:00,,,,0,,,,,,,,,,,,,,
2020-05-12 18:00:00,924.9,22.1,95,1.2,136.0,3.0,206.0,0.0,,,,,,,,,,2020-05-12T17:47:00,,,,0,,,,,,,,,,,,,,
2020-05-12 19:00:00,925.9,21.4,96,1.3,149.0,3.1,113.0,0.0,,,,,,,,,,2020-05-12T18:28:00,,,,0,,,,,,,,,,,,,,
2020-05-12 20:00:00,926.7,20.7,99,1.1,150.0,2.9,131.0,0.0,,,,,,,,,,2020-05-12T19:46:00,,,,0,,,,,,,,,,,,,,
2020-05-12 21:00:00,927.5,20.4,99,1.5,111.0,3.1,187.0,0.0,,,,,,,,,,2020-05-12T20:01:00,,,,0,,,,,,,,,,,,,,
2020-05-12 22:00:00,928.0,20.6,99,0.3,45.0,2.2,101.0,0.0,,,,,,,,,,2020-05-12T21:36:00,,,,0,,,,,,,,,,,,,,
2020-05-12 23:00:00,928.2,20.1,99,0.9,132.0,2.7,127.0,0.0,,,,,,,,,,2020-05-12T22:58:00,,,,0,,,,,,,,,,,,,,
2020-05-13 00:00:00,928.0,19.8,100,0.0,0.0,1.6,137.0,0.0,,,,,,,,,,2020-05-12T23:02:00,,,,0,,,,,,,,,,,,,,
2020-05-13 01:00:00,927.6,19.8,100,0.0,0.0,0.7,18.0,0.0,,,,,,,,,,2020-05-13T00:14:00,,,,0,,,,,,,,,,,,,,
2020-05-13 02:00:00,927.2,19.8,100,0.1,0.0,0.9,214.0,0.0,,,,,,,,,,2020-05-13T01:22:00,,,,0,,,,,,,,,,,,,,
2020-05-13 03:00:00,927.2,19.8,100,0.0,0.0,0.6,143.0,0.0,,,,,,,,,,2020-05-13T02:01:00,,,,0,,,,,,,,,,,,,,
2020-05-13 04:00:00,927.2,19.8,100,0.0,0.0,0.7,94.0,0.0,,,,,,,,,,2020-05-13T03:25:00,,,,0,,,,,,,,,,,,,,
2020-05-13 05:00:00,927.7,19.4,100,0.6,257.0,1.4,327.0,0.0,,,,,,,,,,2020-05-13T04:45:00,,,,0,,,,,,,,,,,,,,
2020-05-13 06:00:00,928.1,18.7,100,0.7,198.0,1.6,204.0,0.0,,,,,,,,,,2020-05-13T05:28:00,,,,0,,,,,,,,,,,,,,
2020-05-13 07:00:00,928.5,20.3,92,0.4,341.0,1.1,169.0,0.0,,,,,,,,,,2020-05-13T06:04:00,,,,0,,,,,,,,,,,,,,
2020-05-13 08:00:00,928.9,22.2,83,0.5,17.0,1.6,27.0,0.0,,,,,,,,,,2020-05-13T07:57:00,,,,0,,,,,,,,,,,,,,
2020-05-13 09:00:00,929.1,22.5,84,1.4,43.0,4.5,86.0,0.0,,,,,,,,,,2020-05-13T08:24:00,,,,0,,,,,,,,,,,,,,
2020-05-13 10:00:00,929.1,24.4,74,2.1,84.0,5.2,98.0,0.0,,,,,,,,,,2020-05-13T10:00:00,,,,0,,,,,,,,,,,,,,
2020-05-13 11:00:00,928.9,23.7,75,1.2,42.0,5.3,117.0,0.0,,,,,,,,,,2020-05-13T10:02:00,,,,0,,,,,,,,,,,,,,
2020-05-13 12:00:00,928.6,23.5,72,1.1,61.0,4.6,74.0,0.0,,,,,,,,,,2020-05-13T11:27:00,,,,0,,,,,,,,,,,,,,
2020-05-13 13:00:00,928.4,23.1,68,1.5,70.0,5.9,59.0,0.0,,,,,,,,,,2020-05-13T12:04:00,,,,0,,,,,,,,,,,,,,
2020-05-13 14:00:00,928.0,22.9,69,1.2,98.0,4.8,102.0,0.0,,,,,,,,,,2020-05-13T13:18:00,,,,0,,,,,,,,,,,,,,
2020-05-13 15:00:00,928.0,21.9,78,0.5,234.0,3.4,104.0,0.0,,,,,,,,,,2020-05-13T14:39:00,,,,0,,,,,,,,,,,,,,
2020-05-13 16:00:00,927.9,21.2,81,0.4,134.0,3.1,186.0,0.0,,,,,,,,,,2020-05-13T15:15:00,,,,0,,,,,,,,,,,,,,
2020-05-13 17:00:00,928.4,20.5,83,0.7,198.0,3.6,88.0,0.0,,,,,,,,,,2020-05-13T16:32:00,,,,0,,,,,,,,,,,,,,
2020-05-13 18:00:00,929.0,19.3,92,0.5,155.0,2.3,83.0,0.0,,,,,,,,,,2020-05-13T17:26:00,,,,0,,,,,,,,,,,,,,
2020-05-13 19:00:00,929.6,18.9,95,0.5,181.0,0.9,147.0,0.0,,,,,,,,,,2020-05-13T18:50:00,,,,0,,,,,,,,,,,,,,
2020-05-13 20:00:00,929.9,18.9,96,0.1,0.0,0.8,320.0,0.0,,,,,,,,,,2020-05-13T19:34:00,,,,0,,,,,,,,,,,,,,
2020-05-13 21:00:00,929.9,19.1,95,0.0,0.0,1.5,360.0,0.0,,,,,,,,,,2020-05-13T20:30:00,,,,0,,,,,,,,,,,,,,
2020-05-13 22:00:00,930.3,19.1,96,0.1,0.0,0.8,244.0,0.0,,,,,,,,,,2020-05-13T21:03:00,,,,0,,,,,,,,,,,,,,
2020-05-13 23:00:00,930.2,19.2,95,0.2,0.0,0.8,276.0,0.0,,,,,,,,,,2020-05-13T22:18:00,,,,0,,,,,,,,,,,,,,
2020-05-14 00:00:00,929.5,19.1,97,0.0,0.0,0.9,229.0,0.0,,,,,,,,,,2020-05-13T23:03:00,,,,0,,,,,,,,,,,,,,
2020-05-14 01:00:00,928.9,19.2,96,0.3,203.0,1.2,228.0,0.0,,,,,,,,,,2020-05-14T00:36:00,,,,0,,,,,,,,,,,,,,
2020-05-14 02:00:00,928.5,19.1,97,0.0,0.0,1.4,199.0,0.0,,,,,,,,,,2020-05-14T01:29:00,,,,0,,,,,,,,,,,,,,
2020-05-14 03:00:00,928.0,18.5,98,0.8,194.0,1.1,195.0,0.0,,,,,,,,,,2020-05-14T02:36:00,,,,0,,,,,,,,,,,,,,
2020-05-14 04:00:00,928.2,17.8,97,1.0,212.0,1.8,202.0,0.0,,,,,,,,,,2020-05-14T03:42:00,,,,0,,,,,,,,,,,,,,
2020-05-14 05:00:00,928.6,17.6,98,1.0,204.0,1.9,193.0,0.0,,,,,,,,,,2020-05-14T04:44:00,,,,0,,,,,,,,,,,,,,
2020-05-14 06:00:00,928.8,17.7,98,1.0,219.0,2.0,209.0,0.0,,,,,,,,,,2020-05-14T05:07:00,,,,0,,,,,,,,,,,,,,
2020-05-14 07:00:00,928.9,20.8,83,0.2,0.0,1.2,326.0,0.0,,,,,,,,,,2020-05-14T06:57:00,,,,0,,,,,,,,,,,,,,
2020-05-14 08:00:00,929.1,22.8,76,0.7,4.0,1.6,337.0,0.0,,,,,,,,,,2020-05-14T07:43:00,,,,0,,,,,,,,,,,,,,
2020-05-14 09:00:00,929.0,25.1,66,1.2,18.0,2.6,18.0,0.0,,,,,,,,,,2020-05-14T08:47:00,,,,0,,,,,,,,,,,,,,
2020-05-14 10:00:00,928.4,26.2,60,1.8,74.0,5.0,78.0,0.0,,,,,,,,,,2020-05-14T09:59:00,,,,0,,,,,,,,,,,,,,
2020-05-14 11:00:00,928.0,27.0,59,1.5,68.0,6.4,67.0,0.0,,,,,,,,,,2020-05-14T10:26:00,,,,0,,,,,,,,,,,,,,
2020-05-14 12:00:00,927.5,27.1,59,1.3,50.0,5.9,72.0,0.0,,,,,,,,,,2020-05-14T11:01:00,,,,0,,,,,,,,,,,,,,
2020-05-14 13:00:00,927.0,26.8,60,1.9,67.0,5.6,55.0,0.0,,,,,,,,,,2020-05-14T12:31:00,,,,0,,,,,,,,,,,,,,
2020-05-14 14:00:00,926.3,26.2,68,1.8,52.0,6.5,58.0,0.0,,,,,,,,,,2020-05-14T13:36:00,,,,0,,,,,,,,,,,,,,
2020-05-14 15:00:00,925.9,25.9,70,1.9,82.0,7.0,340.0,0.0,,,,,,,,,,2020-05-14T14:30:00,,,,0,,,,,,,,,,,,,,
2020-05-14 16:00:00,926.0,24.2,76,0.8,339.0,6.7,88.0,0.0,,,,,,,,,,2020-05-14T15:08:00,,,,0,,,,,,,,,,,,,,
2020-05-14 17:00:00,926.0,23.5,78,0.5,29.0,3.9,202.0,0.0,,,,,,,,,,2020-05-14T16:27:00,,,,0,,,,,,,,,,,,,,
2020-05-14 18:00:00,926.3,22.7,82,0.4,314.0,2.8,55.0,0.0,,,,,,,,,,2020-05-14T17:24:00,,,,0,,,,,,,,,,,,,,
2020-05-14 19:00:00,926.6,22.2,84,0.8,180.0,2.6,99.0,0.0,,,,,,,,,,2020-05-14T18:19:00,,,,0,,,,,,,,,,,,,,
2020-05-14 20:00:00,927.2,22.0,85,0.6,138.0,1.6,105.0,0.0,,,,,,,,,,2020-05-14T19:36:00,,,,0,,,,,,,,,,,,,,
2020-05-14 21:00:00,927.6,21.6,88,0.0,0.0,1.6,107.0,0.0,,,,,,,,,,2020-05-14T20:09:00,,,,0,,,,,,,,,,,,,,
2020-05-14 22:00:00,927.7,21.3,88,0.3,235.0,2.0,30.0,0.0,,,,,,,,,,2020-05-14T21:52:00,,,,0,,,,,,,,,,,,,,
2020-05-14 23:00:00,927.4,20.3,92,1.6,219.0,2.3,209.0,0.0,,,,,,,,,,2020-05-14T22:53:00,,,,0,,,,,,,,,,,,,,
2020-05-15 00:00:00,926.9,19.7,93,1.5,199.0,2.7,225.0,0.0,,,,,,,,,,2020-05-14T23:10:00,,,,0,,,,,,,,,,,,,,
2020-05-15 01:00:00,926.4,19.2,93,1.3,207.0,2.7,194.0,0.0,,,,,,,,,,2020-05-15T00:20:00,,,,0,,,,,,,,,,,,,,
2020-05-15 02:00:00,926.3,19.2,90,0.8,187.0,2.1,216.0,0.0,,,,,,,,,,2020-05-15T01:37:00,,,,0,,,,,,,,,,,,,,
2020-05-15 03:00:00,925.9,18.7,91,1.1,232.0,2.3,213.0,0.0,,,,,,,,,,2020-05-15T02:32:00,,,,0,,,,,,,,,,,,,,
2020-05-15 04:00:00,925.6,18.5,89,0.9,180.0,2.2,236.0,0.0,,,,,,,,,,2020-05-15T03:09:00,,,,0,,,,,,,,,,,,,,
2020-05-15 05:00:00,926.1,18.2,89,1.4,217.0,3.0,204.0,0.0,,,,,,,,,,2020-05-15T04:16:00,,,,0,,,,,,,,,,,,,,
2020-05-15 06:00:00,926.4,18.7,87,0.6,204.0,2.9,222.0,0.0,,,,,,,,,,2020-05-15T05:11:00,,,,0,,,,,,,,,,,,,,
2020-05-15 07:00:00,926.6,22.6,66,0.4,29.0,1.2,53.0,0.0,,,,,,,,,,2020-05-15T06:38:00,,,,0,,,,,,,,,,,,,,
2020-05-15 08:00:00,926.8,24.5,61,0.5,343.0,1.5,337.0,0.0,,,,,,,,,,2020-05-15T07:44:00,,,,0,,,,,,,,,,,,,,
2020-05-15 09:00:00,926.5,26.3,60,1.4,40.0,3.2,25.0,0.0,,,,,,,,,,2020-05-15T08:54:00,,,,0,,,,,,,,,,,,,,
2020-05-15 10:00:00,926.0,28.6,59,1.4,49.0,5.1,75.0,0.0,,,,,,,,,,2020-05-15T09:27:00,,,,0,,,,,,,,,,,,,,
2020-05-15 11:00:00,925.7,28.4,60,1.8,27.0,6.8,75.0,0.0,,,,,,,,,,2020-05-15T10:20:00,,,,0,,,,,,,,,,,,,,
2020-05-15 12:00:00,925.2,29.8,56,1.7,40.0,7.4,40.0,0.0,,,,,,,,,,2020-05-15T11:05:00,,,,0,,,,,,,,,,,,,,
2020-05-15 13:00:00,924.4,30.0,58,1.6,42.0,7.3,35.0,0.0,,,,,,,,,,2020-05-15T12:48:00,,,,0,,,,,,,,,,,,,,
2020-05-15 14:00:00,924.2,28.1,64,1.1,61.0,6.1,127.0,0.0,,,,,,,,,,2020-05-15T13:15:00,,,,0,,,,,,,,,,,,,,
2020-05-15 15:00:00,924.2,26.7,68,1.0,343.0,5.6,57.0,0.0,,,,,,,,,,2020-05-15T14:28:00,,,,0,,,,,,,,,,,,,,
2020-05-15 16:00:00,924.0,23.8,91,0.8,227.0,2.9,286.0,5.5,,,,,,,,,,2020-05-15T15:31:00,,,,0,,,,,,,,,,,,,,
2020-05-15 17:00:00,924.7,22.9,96,0.7,243.0,3.4,311.0,1.0,,,,,,,,,,2020-05-15T16:05:00,,,,0,,,,,,,,,,,,,,
2020-05-15 18:00:00,924.9,22.8,95,0.6,245.0,2.0,255.0,0.0,,,,,,,,,,2020-05-15T17:46:00,,,,0,,,,,,,,,,,,,,
2020-05-15 19:00:00,925.7,22.1,98,0.9,239.0,1.5,204.0,0.0,,,,,,,,,,2020-05-15T18:31:00,,,,0,,,,,,,,,,,,,,
2020-05-15 20:00:00,926.0,22.4,92,1.1,235.0,4.0,320.0,0.0,,,,,,,,,,2020-05-15T19:27:00,,,,0,,,,,,,,,,,,,,
2020-05-15 21:00:00,926.3,20.8,95,1.4,220.0,3.2,246.0,0.0,,,,,,,,,,2020-05-15T20:03:00,,,,0,,,,,,,,,,,,,,
2020-05-15 22:00:00,926.7,19.8,95,1.7,216.0,3.1,197.0,0.0,,,,,,,,,,2020-05-15T21:22:00,,,,0,,,,,,,,,,,,,,
2020-05-15 23:00:00,926.7,19.9,92,0.4,218.0,2.8,344.0,0.0,,,,,,,,,,2020-05-15T22:17:00,,,,0,,,,,,,,,,,,,,
2020-05-16 00:00:00,926.1,19.7,89,1.1,238.0,3.5,272.0,0.0,,,,,,,,,,2020-05-15T23:21:00,,,,0,,,,,,,,,,,,,,
2020-05-16 01:00:00,925.5,19.0,94,0.9,215.0,2.1,223.0,0.0,,,,,,,,,,2020-05-16T00:53:00,,,,0,,,,,,,,,,,,,,
2020-05-16 02:00:00,925.4,18.9,94,1.5,216.0,2.1,207.0,0.0,,,,,,,,,,2020-05-16T01:53:00,,,,0,,,,,,,,,,,,,,
2020-05-16 03:00:00,924.9,19.4,88,0.9,244.0,2.6,271.0,0.0,,,,,,,,,,2020-05-16T02:57:00,,,,0,,,,,,,,,,,,,,
2020-05-16 04:00:00,925.0,20.1,86,0.8,128.0,5.4,297.0,0.0,,,,,,,,,,2020-05-16T03:35:00,,,,0,,,,,,,,,,,,,,
2020-05-16 05:00:00,925.8,19.8,89,1.0,255.0,1.6,256.0,0.0,,,,,,,,,,2020-05-16T04:53:00,,,,0,,,,,,,,,,,,,,
2020-05-16 06:00:00,926.2,20.2,91,0.5,247.0,1.9,196.0,0.0,,,,,,,,,,2020-05-16T05:20:00,,,,0,,,,,,,,,,,,,,
2020-05-16 07:00:00,926.6,21.8,84,0.8,86.0,1.8,215.0,0.0,,,,,,,,,,2020-05-16T06:05:00,,,,0,,,,,,,,,,,,,,
2020-05-16 08:00:00,926.5,24.7,72,0.6,323.0,2.7,331.0,0.0,,,,,,,,,,2020-05-16T08:00:00,,,,0,,,,,,,,,,,,,,
2020-05-16 09:00:00,926.6,24.8,70,1.7,106.0,3.6,98.0,0.0,,,,,,,,,,2020-05-16T08:56:00,,,,0,,,,,,,,,,,,,,
2020-05-16 10:00:00,926.7,25.5,78,0.9,203.0,5.5,68.0,0.0,,,,,,,,,,2020-05-16T09:21:00,,,,0,,,,,,,,,,,,,,
2020-05-16 11:00:00,925.6,27.6,68,0.9,152.0,5.3,76.0,0.0,,,,,,,,,,2020-05-16T10:35:00,,,,0,,,,,,,,,,,,,,
2020-05-16 12:00:00,925.3,27.5,70,1.6,30.0,7.3,105.0,0.0,,,,,,,,,,2020-05-16T11:24:00,,,,0,,,,,,,,,,,,,,
2020-05-16 13:00:00,924.9,24.4,84,2.1,168.0,5.6,87.0,1.5,,,,,,,,,,2020-05-16T12:07:00,,,,0,,,,,,,,,,,,,,
2020-05-16 14:00:00,924.2,24.3,86,1.3,269.0,3.6,300.0,0.0,,,,,,,,,,2020-05-16T13:49:00,,,,0,,,,,,,,,,,,,,
2020-05-16 15:00:00,924.5,23.0,78,1.7,284.0,7.4,323.0,0.0,,,,,,,,,,2020-05-16T14:30:00,,,,0,,,,,,,,,,,,,,
2020-05-16 16:00:00,924.5,21.7,86,1.5,282.0,5.2,299.0,0.5,,,,,,,,,,2020-05-16T15:07:00,,,,0,,,,,,,,,,,,,,
2020-05-16 17:00:00,924.7,21.7,85,0.9,266.0,4.9,329.0,0.0,,,,,,,,,,2020-05-16T16:23:00,,,,0,,,,,,,,,,,,,,
2020-05-16 18:00:00,925.1,21.4,83,1.8,287.0,6.2,306.0,0.0,,,,,,,,,,2020-05-16T17:22:00,,,,0,,,,,,,,,,,,,,
2020-05-16 19:00:00,925.9,22.2,76,2.0,295.0,6.4,291.0,0.0,,,,,,,,,,2020-05-16T18:06:00,,,,0,,,,,,,,,,,,,,
2020-05-16 20:00:00,926.1,21.8,75,2.0,280.0,6.2,304.0,0.0,,,,,,,,,,2020-05-16T19:31:00,,,,0,,,,,,,,,,,,,,
2020-05-16 21:00:00,926.5,22.9,65,1.7,272.0,5.8,290.0,0.0,,,,,,,,,,2020-05-16T20:40:00,,,,0,,,,,,,,,,,,,,
2020-05-16 22:00:00,926.1,23.1,63,2.0,277.0,5.8,274.0,0.0,,,,,,,,,,2020-05-16T21:37:00,,,,0,,,,,,,,,,,,,,
2020-05-16 23:00:00,925.3,22.6,67,1.5,273.0,5.7,313.0,0.0,,,,,,,,,,2020-05-16T22:32:00,,,,0,,,,,,,,,,,,,,
2020-05-17 00:00:00,923.9,22.7,65,1.3,247.0,6.0,316.0,0.0,,,,,,,,,,2020-05-16T23:43:00,,,,0,,,,,,,,,,,,,,
2020-05-17 01:00:00,923.1,22.7,63,0.3,314.0,4.3,258.0,0.0,,,,,,,,,,2020-05-17T00:13:00,,,,0,,,,,,,,,,,,,,
2020-05-17 02:00:00,922.9,21.1,74,1.0,209.0,2.9,203.0,0.0,,,,,,,,,,2020-05-17T01:12:00,,,,0,,,,,,,,,,,,,,
2020-05-17 03:00:00,922.5,20.1,79,1.2,223.0,2.7,211.0,0.0,,,,,,,,,,2020-05-17T02:16:00,,,,0,,,,,,,,,,,,,,
2020-05-17 04:00:00,922.6,19.9,83,1.3,205.0,2.2,204.0,0.0,,,,,,,,,,2020-05-17T03:08:00,,,,0,,,,,,,,,,,,,,
2020-05-17 05:00:00,923.3,19.8,85,0.8,201.0,1.7,203.0,0.0,,,,,,,,,,2020-05-17T04:43:00,,,,0,,,,,,,,,,,,,,
2020-05-17 06:00:00,922.9,21.8,69,1.6,278.0,4.4,308.0,0.0,,,,,,,,,,2020-05-17T05:50:00,,,,0,,,,,,,,,,,,,,
2020-05-17 07:00:00,923.1,22.0,72,0.4,92.0,5.5,332.0,0.0,,,,,,,,,,2020-05-17T06:07:00,,,,0,,,,,,,,,,,,,,
2020-05-17 08:00:00,923.9,23.5,73,1.1,180.0,4.1,74.0,0.0,,,,,,,,,,2020-05-17T07:40:00,,,,0,,,,,,,,,,,,,,
2020-05-17 09:00:00,923.9,23.5,78,1.3,104.0,4.9,95.0,0.0,,,,,,,,,,2020-05-17T08:40:00,,,,0,,,,,,,,,,,,,,
2020-05-17 10:00:00,923.6,23.7,76,1.8,107.0,4.3,66.0,0.0,,,,,,,,,,2020-05-17T09:50:00,,,,0,,,,,,,,,,,,,,
2020-05-17 11:00:00,923.5,23.7,78,1.1,54.0,6.5,104.0,0.0,,,,,,,,,,2020-05-17T10:24:00,,,,0,,,,,,,,,,,,,,
2020-05-17 12:00:00,922.4,24.1,81,1.3,31.0,4.4,100.0,0.0,,,,,,,,,,2020-05-17T11:08:00,,,,0,,,,,,,,,,,,,,
2020-05-17 13:00:00,921.5,25.7,70,2.0,98.0,7.2,75.0,0.0,,,,,,,,,,2020-05-17T12:44:00,,,,0,,,,,,,,,,,,,,
2020-05-17 14:00:00,920.9,23.9,79,1.2,105.0,8.4,52.0,0.0,,,,,,,,,,2020-05-17T13:31:00,,,,0,,,,,,,,,,,,,,
2020-05-17 15:00:00,920.6,22.4,84,2.2,78.0,6.5,91.0,0.0,,,,,,,,,,2020-05-17T14:56:00,,,,0,,,,,,,,,,,,,,
2020-05-17 16:00:00,920.3,22.8,85,1.2,107.0,5.9,92.0,0.0,,,,,,,,,,2020-05-17T15:12:00,,,,0,,,,,,,,,,,,,,
2020-05-17 17:00:00,920.2,22.5,85,1.0,163.0,3.9,78.0,0.0,,,,,,,,,,2020-05-17T16:14:00,,,,0,,,,,,,,,,,,,,
2020-05-17 18:00:00,920.6,21.6,92,0.5,126.0,2.7,224.0,0.0,,,,,,,,,,2020-05-17T17:03:00,,,,0,,,,,,,,,,,,,,
2020-05-17 19:00:00,921.5,21.4,94,0.7,138.0,2.5,106.0,0.0,,,,,,,,,,2020-05-17T18:13:00,,,,0,,,,,,,,,,,,,,
2020-05-17 20:00:00,922.2,21.0,96,0.0,0.0,2.2,151.0,0.0,,,,,,,,,,2020-05-17T19:06:00,,,,0,,,,,,,,,,,,,,
2020-05-17 21:00:00,922.1,20.6,97,0.3,236.0,0.8,199.0,0.0,,,,,,,,,,2020-05-17T20:51:00,,,,0,,,,,,,,,,,,,,
2020-05-17 22:00:00,921.7,20.0,97,1.0,217.0,1.8,218.0,0.0,,,,,,,,,,2020-05-17T21:07:00,,,,0,,,,,,,,,,,,,,
2020-05-17 23:00:00,921.1,19.9,95,0.6,224.0,2.2,224.0,0.0,,,,,,,,,,2020-05-17T22:33:00,,,,0,,,,,,,,,,,,,,
2020-05-18 00:00:00,920.8,19.9,90,1.6,225.0,3.1,212.0,0.0,,,,,,,,,,2020-05-17T23:58:00,,,,0,,,,,,,,,,,,,,
2020-05-18 01:00:00,920.1,19.9,86,0.9,273.0,2.9,316.0,0.0,,,,,,,,,,2020-05-18T00:54:00,,,,0,,,,,,,,,,,,,,
2020-05-18 02:00:00,919.3,19.5,84,0.8,246.0,3.9,276.0,0.0,,,,,,,,,,2020-05-18T01:04:00,,,,0,,,,,,,,,,,,,,
2020-05-18 03:00:00,918.9,18.4,87,1.0,222.0,2.8,196.0,0.0,,,,,,,,,,2020-05-18T02:10:00,,,,0,,,,,,,,,,,,,,
2020-05-18 04:00:00,919.1,17.7,89,1.5,214.0,2.8,198.0,0.0,,,,,,,,,,2020-05-18T03:05:00,,,,0,,,,,,,,,,,,,,
2020-05-18 05:00:00,919.0,17.8,86,1.3,211.0,2.7,218.0,0.0,,,,,,,,,,2020-05-18T04:48:00,,,,0,,,,,,,,,,,,,,
2020-05-18 06:00:00,919.3,18.7,85,0.7,231.0,2.1,205.0,0.0,,,,,,,,,,2020-05-18T05:17:00,,,,0,,,,,,,,,,,,,,
2020-05-18 07:00:00,919.5,21.1,73,0.1,0.0,1.6,232.0,0.0,,,,,,,,,,2020-05-18T06:04:00,,,,0,,,,,,,,,,,,,,
2020-05-18 08:00:00,919.6,22.6,69,1.2,240.0,2.9,221.0,0.0,,,,,,,,,,2020-05-18T07:55:00,,,,0,,,,,,,,,,,,,,
2020-05-18 09:00:00,919.6,21.8,80,0.6,96.0,1.9,220.0,0.0,,,,,,,,,,2020-05-18T08:24:00,,,,0,,,,,,,,,,,,,,
2020-05-18 10:00:00,919.0,24.1,65,0.8,240.0,2.3,258.0,0.0,,,,,,,,,,2020-05-18T09:48:00,,,,0,,,,,,,,,,,,,,
2020-05-18 11:00:00,919.0,24.1,72,1.1,163.0,2.6,197.0,0.0,,,,,,,,,,2020-05-18T10:02:00,,,,0,,,,,,,,,,,,,,
2020-05-18 12:00:00,918.7,26.3,61,1.4,300.0,3.2,199.0,0.0,,,,,,,,,,2020-05-18T11:37:00,,,,0,,,,,,,,,,,,,,
2020-05-18 13:00:00,918.1,30.0,36,1.6,296.0,6.1,5.0,0.0,,,,,,,,,,2020-05-18T12:57:00,,,,0,,,,,,,,,,,,,,
2020-05-18 14:00:00,917.8,29.9,33,2.3,276.0,7.0,280.0,0.0,,,,,,,,,,2020-05-18T13:10:00,,,,0,,,,,,,,,,,,,,
2020-05-18 15:00:00,917.7,29.4,33,1.7,254.0,10.3,279.0,0.0,,,,,,,,,,2020-05-18T14:13:00,,,,0,,,,,,,,,,,,,,
2020-05-18 16:00:00,917.8,28.7,34,1.8,285.0,6.4,269.0,0.0,,,,,,,,,,2020-05-18T15:49:00,,,,0,,,,,,,,,,,,,,
2020-05-18 17:00:00,918.4,26.0,60,0.9,306.0,6.5,310.0,0.0,,,,,,,,,,2020-05-18T16:09:00,,,,0,,,,,,,,,,,,,,
2020-05-18 18:00:00,918.9,23.8,65,1.6,150.0,5.3,136.0,0.0,,,,,,,,,,2020-05-18T17:40:00,,,,0,,,,,,,,,,,,,,
2020-05-18 19:00:00,919.3,24.8,63,1.6,157.0,4.2,326.0,0.0,,,,,,,,,,2020-05-18T18:22:00,,,,0,,,,,,,,,,,,,,
2020-05-18 20:00:00,920.5,22.2,82,0.9,72.0,6.7,107.0,0.0,,,,,,,,,,2020-05-18T19:04:00,,,,0,,,,,,,,,,,,,,
2020-05-18 21:00:00,921.1,21.7,86,0.8,128.0,2.6,153.0,0.0,,,,,,,,,,2020-05-18T20:59:00,,,,0,,,,,,,,,,,,,,
2020-05-18 22:00:00,921.2,20.9,89,1.1,226.0,2.9,123.0,0.0,,,,,,,,,,2020-05-18T21:05:00,,,,0,,,,,,,,,,,,,,
2020-05-18 23:00:00,921.1,20.5,91,0.9,188.0,2.1,191.0,0.0,,,,,,,,,,2020-05-18T22:26:00,,,,0,,,,,,,,,,,,,,
2020-05-19 00:00:00,921.0,20.8,90,1.4,202.0,2.7,187.0,0.0,,,,,,,,,,2020-05-18T23:27:00,,,,0,,,,,,,,,,,,,,
2020-05-19 01:00:00,920.8,20.8,91,0.8,133.0,2.0,131.0,0.0,,,,,,,,,,2020-05-19T00:52:00,,,,0,,,,,,,,,,,,,,
2020-05-19 02:00:00,920.7,20.8,92,1.2,225.0,1.8,159.0,0.0,,,,,,,,,,2020-05-19T01:04:00,,,,0,,,,,,,,,,,,,,
2020-05-19 03:00:00,920.4,20.3,94,0.4,183.0,1.7,189.0,0.0,,,,,,,,,,2020-05-19T02:28:00,,,,0,,,,,,,,,,,,,,
2020-05-19 04:00:00,920.9,20.3,95,0.1,0.0,1.0,206.0,0.0,,,,,,,,,,2020-05-19T03:26:00,,,,0,,,,,,,,,,,,,,
2020-05-19 05:00:00,920.7,20.5,94,1.3,109.0,2.9,115.0,0.0,,,,,,,,,,2020-05-19T04:57:00,,,,0,,,,,,,,,,,,,,
2020-05-19 06:00:00,920.3,20.0,97,0.4,194.0,2.7,100.0,0.0,,,,,,,,,,2020-05-19T05:03:00,,,,0,,,,,,,,,,,,,,
2020-05-19 07:00:00,920.6,21.0,95,0.3,335.0,2.6,86.0,0.0,,,,,,,,,,2020-05-19T06:11:00,,,,0,,,,,,,,,,,,,,
2020-05-19 08:00:00,922.0,21.7,92,0.8,101.0,1.6,223.0,0.0,,,,,,,,,,2020-05-19T07:08:00,,,,0,,,,,,,,,,,,,,
2020-05-19 09:00:00,922.5,22.5,85,0.4,89.0,2.2,98.0,0.0,,,,,,,,,,2020-05-19T08:36:00,,,,0,,,,,,,,,,,,,,
2020-05-19 10:00:00,922.3,23.5,82,0.7,16.0,1.6,50.0,0.0,,,,,,,,,,2020-05-19T09:22:00,,,,0,,,,,,,,,,,,,,
2020-05-19 11:00:00,921.2,24.3,73,1.3,262.0,3.7,346.0,0.0,,,,,,,,,,2020-05-19T10:43:00,,,,0,,,,,,,,,,,,,,
2020-05-19 12:00:00,921.0,23.4,82,2.9,127.0,5.6,178.0,0.0,,,,,,,,,,2020-05-19T12:00:00,,,,0,,,,,,,,,,,,,,
2020-05-19 13:00:00,921.1,22.5,89,0.8,126.0,4.4,165.0,0.0,,,,,,,,,,2020-05-19T12:01:00,,,,0,,,,,,,,,,,,,,
2020-05-19 14:00:00,922.0,23.0,87,0.2,0.0,2.9,130.0,0.0,,,,,,,,,,2020-05-19T13:22:00,,,,0,,,,,,,,,,,,,,
2020-05-19 15:00:00,921.8,23.2,85,0.5,49.0,2.2,8.0,0.0,,,,,,,,,,2020-05-19T14:06:00,,,,0,,,,,,,,,,,,,,
2020-05-19 16:00:00,922.0,22.1,91,1.6,138.0,3.6,92.0,0.0,,,,,,,,,,2020-05-19T15:54:00,,,,0,,,,,,,,,,,,,,
2020-05-19 17:00:00,922.3,21.5,96,0.2,0.0,4.2,90.0,0.0,,,,,,,,,,2020-05-19T16:03:00,,,,0,,,,,,,,,,,,,,
2020-05-19 18:00:00,922.8,21.1,96,1.0,143.0,2.0,126.0,0.0,,,,,,,,,,2020-05-19T17:58:00,,,,0,,,,,,,,,,,,,,
2020-05-19 19:00:00,923.7,20.8,98,0.0,0.0,2.5,103.0,0.5,,,,,,,,,,2020-05-19T18:27:00,,,,0,,,,,,,,,,,,,,
2020-05-19 20:00:00,924.3,20.2,95,0.7,261.0,2.1,304.0,2.0,,,,,,,,,,2020-05-19T19:51:00,,,,0,,,,,,,,,,,,,,
2020-05-19 21:00:00,924.1,19.8,94,1.1,236.0,4.0,312.0,2.5,,,,,,,,,,2020-05-19T20:35:00,,,,0,,,,,,,,,,,,,,
2020-05-19 22:00:00,924.7,19.3,98,0.7,199.0,2.1,222.0,0.0,,,,,,,,,,2020-05-19T21:09:00,,,,0,,,,,,,,,,,,,,
2020-05-19 23:00:00,924.9,19.1,98,0.9,240.0,1.8,214.0,0.5,,,,,,,,,,2020-05-19T22:10:00,,,,0,,,,,,,,,,,,,,
2020-05-20 00:00:00,924.5,19.2,95,0.7,259.0,2.4,217.0,0.0,,,,,,,,,,2020-05-19T23:28:00,,,,0,,,,,,,,,,,,,,
2020-05-20 01:00:00,923.8,18.9,97,0.8,230.0,2.2,268.0,0.0,,,,,,,,,,2020-05-20T00:13:00,,,,0,,,,,,,,,,,,,,
2020-05-20 02:00:00,923.9,18.6,98,0.9,223.0,1.4,212.0,0.0,,,,,,,,,,2020-05-20T01:57:00,,,,0,,,,,,,,,,,,,,
2020-05-20 03:00:00,923.5,18.4,99,0.8,222.0,1.4,229.0,0.0,,,,,,,,,,2020-05-20T02:54:00,,,,0,,,,,,,,,,,,,,
2020-05-20 04:00:00,923.6,18.2,99,1.0,237.0,1.8,201.0,0.0,,,,,,,,,,2020-05-20T03:34:00,,,,0,,,,,,,,,,,,,,
2020-05-20 05:00:00,923.9,18.4,99,0.4,201.0,1.7,224.0,0.0,,,,,,,,,,2020-05-20T04:14:00,,,,0,,,,,,,,,,,,,,
2020-05-20 06:00:00,924.4,18.7,99,0.3,170.0,2.1,208.0,0.0,,,,,,,,,,2020-05-20T05:40:00,,,,0,,,,,,,,,,,,,,
2020-05-20 07:00:00,924.9,19.4,98,0.6,295.0,1.7,203.0,0.0,,,,,,,,,,2020-05-20T06:04:00,,,,0,,,,,,,,,,,,,,
2020-05-20 08:00:00,924.9,20.6,88,0.2,0.0,1.4,227.0,0.0,,,,,,,,,,2020-05-20T07:10:00,,,,0,,,,,,,,,,,,,,
2020-05-20 09:00:00,925.0,20.8,90,0.4,86.0,1.9,102.0,0.0,,,,,,,,,,2020-05-20T08:32:00,,,,0,,,,,,,,,,,,,,
2020-05-20 10:00:00,925.3,20.6,94,0.0,0.0,1.3,316.0,0.0,,,,,,,,,,2020-05-20T09:03:00,,,,0,,,,,,,,,,,,,,
2020-05-20 11:00:00,925.1,21.1,92,0.5,101.0,1.4,15.0,0.0,,,,,,,,,,2020-05-20T10:48:00,,,,0,,,,,,,,,,,,,,
2020-05-20 12:00:00,924.8,23.1,80,0.8,57.0,2.7,42.0,0.0,,,,,,,,,,2020-05-20T11:56:00,,,,0,,,,,,,,,,,,,,
2020-05-20 13:00:00,924.7,21.9,89,1.6,127.0,4.1,77.0,0.0,,,,,,,,,,2020-05-20T12:52:00,,,,0,,,,,,,,,,,,,,
2020-05-20 14:00:00,924.0,22.7,83,0.6,193.0,2.5,36.0,0.0,,,,,,,,,,2020-05-20T13:43:00,,,,0,,,,,,,,,,,,,,
2020-05-20 15:00:00,923.6,22.7,88,1.4,109.0,3.6,5.0,0.0,,,,,,,,,,2020-05-20T14:36:00,,,,0,,,,,,,,,,,,,,
2020-05-20 16:00:00,923.8,21.7,92,1.2,136.0,3.3,179.0,0.0,,,,,,,,,,2020-05-20T15:29:00,,,,0,,,,,,,,,,,,,,
2020-05-20 17:00:00,923.8,20.7,99,0.4,353.0,2.4,137.0,1.0,,,,,,,,,,2020-05-20T16:15:00,,,,0,,,,,,,,,,,,,,
2020-05-20 18:00:00,923.2,20.7,99,1.2,130.0,2.9,102.0,0.5,,,,,,,,,,2020-05-20T17:49:00,,,,0,,,,,,,,,,,,,,
2020-05-20 19:00:00,923.4,20.6,98,0.3,138.0,2.3,131.0,0.0,,,,,,,,,,2020-05-20T18:06:00,,,,0,,,,,,,,,,,,,,
2020-05-20 20:00:00,923.8,20.4,100,1.3,145.0,2.3,132.0,0.0,,,,,,,,,,2020-05-20T19:55:00,,,,0,,,,,,,,,,,,,,
2020-05-20 21:00:00,924.8,20.3,100,0.3,125.0,3.2,158.0,0.0,,,,,,,,,,2020-05-20T20:06:00,,,,0,,,,,,,,,,,,,,
2020-05-20 22:00:00,924.6,19.6,98,0.9,141.0,3.8,282.0,0.0,,,,,,,,,,2020-05-20T21:20:00,,,,0,,,,,,,,,,,,,,
2020-05-20 23:00:00,924.5,19.2,99,0.7,215.0,2.4,208.0,0.0,,,,,,,,,,2020-05-20T22:21:00,,,,0,,,,,,,,,,,,,,
2020-05-21 00:00:00,923.8,19.0,97,0.6,197.0,2.3,209.0,0.0,,,,,,,,,,2020-05-20T23:22:00,,,,0,,,,,,,,,,,,,,
2020-05-21 01:00:00,923.4,18.5,98,0.7,230.0,2.1,213.0,0.0,,,,,,,,,,2020-05-21T00:43:00,,,,0,,,,,,,,,,,,,,
2020-05-21 02:00:00,922.8,18.3,97,1.3,225.0,1.9,231.0,0.0,,,,,,,,,,2020-05-21T01:09:00,,,,0,,,,,,,,,,,,,,
2020-05-21 03:00:00,922.9,18.5,96,1.4,233.0,2.2,213.0,0.0,,,,,,,,,,2020-05-21T02:52:00,,,,0,,,,,,,,,,,,,,
2020-05-21 04:00:00,922.9,18.2,98,0.6,223.0,2.1,193.0,0.0,,,,,,,,,,2020-05-21T03:30:00,,,,0,,,,,,,,,,,,,,
2020-05-21 05:00:00,923.2,18.6,94,1.3,234.0,2.4,221.0,0.0,,,,,,,,,,2020-05-21T04:57:00,,,,0,,,,,,,,,,,,,,
2020-05-21 06:00:00,923.3,18.5,98,0.7,229.0,1.8,246.0,0.0,,,,,,,,,,2020-05-21T05:04:00,,,,0,,,,,,,,,,,,,,
2020-05-21 07:00:00,923.8,19.7,97,0.2,0.0,1.7,97.0,0.0,,,,,,,,,,2020-05-21T06:15:00,,,,0,,,,,,,,,,,,,,
2020-05-21 08:00:00,924.0,20.1,92,0.9,207.0,2.0,185.0,0.0,,,,,,,,,,2020-05-21T07:58:00,,,,0,,,,,,,,,,,,,,
2020-05-21 09:00:00,923.5,21.5,88,0.4,275.0,1.5,206.0,0.0,,,,,,,,,,2020-05-21T08:02:00,,,,0,,,,,,,,,,,,,,
2020-05-21 10:00:00,923.3,22.4,80,0.2,0.0,1.6,345.0,0.0,,,,,,,,,,2020-05-21T10:00:00,,,,0,,,,,,,,,,,,,,
2020-05-21 11:00:00,923.6,23.3,82,0.9,87.0,3.9,113.0,0.0,,,,,,,,,,2020-05-21T10:39:00,,,,0,,,,,,,,,,,,,,
2020-05-21 12:00:00,923.4,23.6,85,0.6,70.0,3.2,87.0,0.0,,,,,,,,,,2020-05-21T11:20:00,,,,0,,,,,,,,,,,,,,
2020-05-21 13:00:00,922.9,22.7,89,0.6,58.0,3.4,115.0,0.0,,,,,,,,,,2020-05-21T12:41:00,,,,0,,,,,,,,,,,,,,
2020-05-21 14:00:00,922.1,21.7,94,0.0,0.0,1.7,107.0,0.0,,,,,,,,,,2020-05-21T13:01:00,,,,0,,,,,,,,,,,,,,
2020-05-21 15:00:00,921.3,22.0,95,0.1,0.0,1.0,284.0,1.0,,,,,,,,,,2020-05-21T14:58:00,,,,0,,,,,,,,,,,,,,
2020-05-21 16:00:00,920.9,22.2,95,0.1,0.0,1.6,310.0,0.0,,,,,,,,,,2020-05-21T15:01:00,,,,0,,,,,,,,,,,,,,
2020-05-21 17:00:00,921.2,21.5,98,1.0,150.0,3.7,130.0,0.5,,,,,,,,,,2020-05-21T16:47:00,,,,0,,,,,,,,,,,,,,
2020-05-21 18:00:00,921.4,21.4,99,0.0,0.0,2.5,99.0,1.5,,,,,,,,,,2020-05-21T17:07:00,,,,0,,,,,,,,,,,,,,
2020-05-21 19:00:00,921.4,21.0,100,1.2,153.0,2.3,168.0,0.0,,,,,,,,,,2020-05-21T18:55:00,,,,0,,,,,,,,,,,,,,
2020-05-21 20:00:00,921.7,20.9,100,0.7,141.0,1.7,171.0,0.5,,,,,,,,,,2020-05-21T19:01:00,,,,0,,,,,,,,,,,,,,
2020-05-21 21:00:00,921.9,20.8,100,0.3,61.0,1.3,238.0,0.0,,,,,,,,,,2020-05-21T20:47:00,,,,0,,,,,,,,,,,,,,
2020-05-21 22:00:00,922.1,20.9,96,0.6,272.0,3.3,288.0,0.0,,,,,,,,,,2020-05-21T21:54:00,,,,0,,,,,,,,,,,,,,
2020-05-21 23:00:00,921.8,20.6,96,0.8,235.0,1.7,189.0,0.0,,,,,,,,,,2020-05-21T22:59:00,,,,0,,,,,,,,,,,,,,
2020-05-22 00:00:00,921.6,20.3,100,0.0,0.0,1.6,199.0,1.0,,,,,,,,,,2020-05-21T23:28:00,,,,0,,,,,,,,,,,,,,
2020-05-22 01:00:00,921.1,20.3,99,1.3,215.0,1.9,214.0,0.5,,,,,,,,,,2020-05-22T00:52:00,,,,0,,,,,,,,,,,,,,
2020-05-22 02:00:00,920.1,20.1,99,0.2,0.0,2.5,221.0,4.0,,,,,,,,,,2020-05-22T01:30:00,,,,0,,,,,,,,,,,,,,
2020-05-22 03:00:00,919.4,19.8,100,0.7,185.0,1.9,209.0,4.5,,,,,,,,,,2020-05-22T02:34:00,,,,0,,,,,,,,,,,,,,
2020-05-22 04:00:00,919.2,19.8,100,0.9,223.0,2.2,220.0,2.0,,,,,,,,,,2020-05-22T03:41:00,,,,0,,,,,,,,,,,,,,
2020-05-22 05:00:00,919.5,19.8,100,0.5,238.0,1.7,80.0,3.5,,,,,,,,,,2020-05-22T04:05:00,,,,0,,,,,,,,,,,,,,
2020-05-22 06:00:00,919.5,20.3,98,0.5,292.0,2.9,280.0,1.0,,,,,,,,,,2020-05-22T05:36:00,,,,0,,,,,,,,,,,,,,
2020-05-22 07:00:00,919.7,20.5,99,0.0,0.0,1.8,195.0,0.5,,,,,,,,,,2020-05-22T06:05:00,,,,0,,,,,,,,,,,,,,
2020-05-22 08:00:00,919.8,21.1,100,0.7,125.0,2.2,210.0,0.0,,,,,,,,,,2020-05-22T07:14:00,,,,0,,,,,,,,,,,,,,
2020-05-22 09:00:00,919.6,22.3,98,0.4,315.0,2.1,83.0,0.0,,,,,,,,,,2020-05-22T08:27:00,,,,0,,,,,,,,,,,,,,
2020-05-22 10:00:00,919.5,23.4,93,0.7,153.0,3.6,298.0,0.5,,,,,,,,,,2020-05-22T09:28:00,,,,0,,,,,,,,,,,,,,
2020-05-22 11:00:00,919.2,23.3,98,0.5,32.0,2.2,274.0,1.0,,,,,,,,,,2020-05-22T10:26:00,,,,0,,,,,,,,,,,,,,
2020-05-22 12:00:00,919.4,22.7,98,0.3,340.0,3.9,104.0,1.0,,,,,,,,,,2020-05-22T11:14:00,,,,0,,,,,,,,,,,,,,
2020-05-22 13:00:00,919.1,22.2,99,0.1,0.0,3.2,288.0,3.5,,,,,,,,,,2020-05-22T12:17:00,,,,0,,,,,,,,,,,,,,
2020-05-22 14:00:00,918.8,22.0,100,0.1,0.0,1.5,295.0,4.0,,,,,,,,,,2020-05-22T13:28:00,,,,0,,,,,,,,,,,,,,
2020-05-22 15:00:00,918.5,22.2,99,0.1,0.0,1.1,309.0,0.5,,,,,,,,,,2020-05-22T14:42:00,,,,0,,,,,,,,,,,,,,
2020-05-22 16:00:00,918.1,21.7,100,0.2,0.0,1.1,243.0,3.5,,,,,,,,,,2020-05-22T15:59:00,,,,0,,,,,,,,,,,,,,
2020-05-22 17:00:00,918.7,21.4,100,0.4,198.0,2.7,224.0,5.0,,,,,,,,,,2020-05-22T16:24:00,,,,0,,,,,,,,,,,,,,
2020-05-22 18:00:00,918.8,21.2,99,0.5,341.0,3.9,306.0,6.5,,,,,,,,,,2020-05-22T17:44:00,,,,0,,,,,,,,,,,,,,
2020-05-22 19:00:00,919.0,21.0,100,0.4,117.0,1.6,134.0,4.0,,,,,,,,,,2020-05-22T18:41:00,,,,0,,,,,,,,,,,,,,
2020-05-22 20:00:00,919.8,21.0,100,0.1,0.0,2.0,193.0,0.0,,,,,,,,,,2020-05-22T19:14:00,,,,0,,,,,,,,,,,,,,
2020-05-22 21:00:00,920.6,21.0,100,0.8,224.0,1.3,241.0,0.0,,,,,,,,,,2020-05-22T20:50:00,,,,0,,,,,,,,,,,,,,
2020-05-22 22:00:00,920.2,21.0,98,0.5,264.0,3.2,347.0,2.5,,,,,,,,,,2020-05-22T21:30:00,,,,0,,,,,,,,,,,,,,
2020-05-22 23:00:00,920.0,20.7,100,0.0,0.0,1.7,200.0,2.0,,,,,,,,,,2020-05-22T22:44:00,,,,0,,,,,,,,,,,,,,
2020-05-23 00:00:00,919.5,20.6,100,0.5,247.0,1.2,228.0,0.0,,,,,,,,,,2020-05-22T23:52:00,,,,0,,,,,,,,,,,,,,
2020-05-23 01:00:00,918.8,20.3,100,0.5,180.0,1.3,244.0,0.0,,,,,,,,,,2020-05-23T00:24:00,,,,0,,,,,,,,,,,,,,
2020-05-23 02:00:00,919.1,20.4,100,0.6,306.0,2.1,157.0,0.0,,,,,,,,,,2020-05-23T01:32:00,,,,0,,,,,,,,,,,,,,
2020-05-23 03:00:00,919.0,20.4,100,0.4,253.0,1.3,229.0,0.0,,,,,,,,,,2020-05-23T02:52:00,,,,0,,,,,,,,,,,,,,
2020-05-23 04:00:00,919.1,20.2,100,0.1,0.0,1.7,312.0,10.0,,,,,,,,,,2020-05-23T03:45:00,,,,0,,,,,,,,,,,,,,
2020-05-23 05:00:00,919.1,20.1,100,0.0,0.0,2.2,260.0,1.0,,,,,,,,,,2020-05-23T04:48:00,,,,0,,,,,,,,,,,,,,
2020-05-23 06:00:00,919.7,20.2,100,0.0,0.0,3.1,290.0,0.5,,,,,,,,,,2020-05-23T05:24:00,,,,0,,,,,,,,,,,,,,
2020-05-23 07:00:00,920.5,21.1,98,0.3,12.0,2.0,227.0,0.5,,,,,,,,,,2020-05-23T06:19:00,,,,0,,,,,,,,,,,,,,
2020-05-23 08:00:00,921.1,21.4,100,0.3,10.0,1.5,70.0,0.5,,,,,,,,,,2020-05-23T07:32:00,,,,0,,,,,,,,,,,,,,
2020-05-23 09:00:00,921.0,23.7,88,0.8,40.0,1.8,76.0,0.0,,,,,,,,,,2020-05-23T08:57:00,,,,0,,,,,,,,,,,,,,
2020-05-23 10:00:00,921.1,25.0,84,1.3,24.0,3.3,82.0,0.0,,,,,,,,,,2020-05-23T09:57:00,,,,0,,,,,,,,,,,,,,
2020-05-23 11:00:00,920.9,25.0,83,1.0,77.0,4.4,91.0,0.0,,,,,,,,,,2020-05-23T10:40:00,,,,0,,,,,,,,,,,,,,
2020-05-23 12:00:00,921.1,23.2,91,1.6,122.0,5.3,129.0,0.5,,,,,,,,,,2020-05-23T11:47:00,,,,0,,,,,,,,,,,,,,
2020-05-23 13:00:00,920.9,22.7,97,1.0,125.0,4.0,89.0,1.0,,,,,,,,,,2020-05-23T12:09:00,,,,0,,,,,,,,,,,,,,
2020-05-23 14:00:00,920.4,22.6,97,1.0,70.0,2.6,93.0,2.0,,,,,,,,,,2020-05-23T13:21:00,,,,0,,,,,,,,,,,,,,
2020-05-23 15:00:00,920.4,22.3,98,0.5,58.0,3.7,76.0,0.0,,,,,,,,,,2020-05-23T14:07:00,,,,0,,,,,,,,,,,,,,
2020-05-23 16:00:00,920.3,22.3,98,0.5,122.0,2.8,145.0,0.0,,,,,,,,,,2020-05-23T15:13:00,,,,0,,,,,,,,,,,,,,
2020-05-23 17:00:00,920.6,21.5,100,1.1,103.0,3.5,89.0,0.0,,,,,,,,,,2020-05-23T16:39:00,,,,0,,,,,,,,,,,,,,
2020-05-23 18:00:00,921.3,21.4,99,0.8,110.0,2.2,105.0,0.0,,,,,,,,,,2020-05-23T17:03:00,,,,0,,,,,,,,,,,,,,
2020-05-23 19:00:00,921.8,21.3,100,0.2,0.0,1.9,127.0,0.5,,,,,,,,,,2020-05-23T18:01:00,,,,0,,,,,,,,,,,,,,
2020-05-23 20:00:00,922.5,21.1,100,0.6,123.0,1.8,153.0,0.0,,,,,,,,,,2020-05-23T19:16:00,,,,0,,,,,,,,,,,,,,
2020-05-23 21:00:00,922.9,21.0,100,0.0,0.0,1.1,114.0,0.0,,,,,,,,,,2020-05-23T20:21:00,,,,0,,,,,,,,,,,,,,
2020-05-23 22:00:00,923.4,20.9,100,0.0,0.0,0.9,354.0,0.0,,,,,,,,,,2020-05-23T21:48:00,,,,0,,,,,,,,,,,,,,
2020-05-23 23:00:00,923.6,20.9,100,0.1,0.0,0.8,83.0,0.0,,,,,,,,,,2020-05-23T23:00:00,,,,0,,,,,,,,,,,,,,
2020-05-24 00:00:00,923.4,20.8,100,0.1,0.0,0.6,83.0,0.0,,,,,,,,,,2020-05-23T23:01:00,,,,0,,,,,,,,,,,,,,
2020-05-24 01:00:00,922.9,20.7,100,0.0,0.0,1.9,223.0,0.0,,,,,,,,,,2020-05-24T00:43:00,,,,0,,,,,,,,,,,,,,
2020-05-24 02:00:00,923.0,20.7,100,0.2,0.0,1.4,196.0,0.0,,,,,,,,,,2020-05-24T01:28:00,,,,0,,,,,,,,,,,,,,
2020-05-24 03:00:00,922.9,20.7,100,0.4,124.0,1.8,112.0,0.0,,,,,,,,,,2020-05-24T02:48:00,,,,0,,,,,,,,,,,,,,
2020-05-24 04:00:00,922.9,20.7,100,0.3,278.0,1.1,156.0,0.0,,,,,,,,,,2020-05-24T03:07:00,,,,0,,,,,,,,,,,,,,
2020-05-24 05:00:00,923.1,20.8,100,0.0,0.0,1.3,153.0,0.0,,,,,,,,,,2020-05-24T04:46:00,,,,0,,,,,,,,,,,,,,
2020-05-24 06:00:00,923.7,20.9,100,0.0,0.0,0.6,15.0,0.5,,,,,,,,,,2020-05-24T05:20:00,,,,0,,,,,,,,,,,,,,
2020-05-24 07:00:00,924.4,21.3,100,0.0,0.0,0.8,330.0,0.0,,,,,,,,,,2020-05-24T06:13:00,,,,0,,,,,,,,,,,,,,
2020-05-24 08:00:00,924.7,21.6,100,0.6,56.0,1.3,15.0,0.0,,,,,,,,,,2020-05-24T07:59:00,,,,0,,,,,,,,,,,,,,
2020-05-24 09:00:00,924.8,22.3,98,1.1,109.0,2.4,103.0,0.0,,,,,,,,,,2020-05-24T08:56:00,,,,0,,,,,,,,,,,,,,
2020-05-24 10:00:00,925.0,22.6,95,0.6,145.0,3.3,110.0,0.0,,,,,,,,,,2020-05-24T09:21:00,,,,0,,,,,,,,,,,,,,
2020-05-24 11:00:00,924.6,23.2,92,1.1,116.0,2.9,83.0,0.0,,,,,,,,,,2020-05-24T10:48:00,,,,0,,,,,,,,,,,,,,
2020-05-24 12:00:00,924.3,23.7,89,2.1,89.0,5.7,108.0,0.0,,,,,,,,,,2020-05-24T11:51:00,,,,0,,,,,,,,,,,,,,
2020-05-24 13:00:00,923.8,24.4,87,0.6,119.0,4.4,104.0,0.0,,,,,,,,,,2020-05-24T12:12:00,,,,0,,,,,,,,,,,,,,
2020-05-24 14:00:00,923.7,23.7,90,0.9,131.0,4.1,237.0,0.0,,,,,,,,,,2020-05-24T13:37:00,,,,0,,,,,,,,,,,,,,
2020-05-24 15:00:00,923.7,22.5,96,1.4,165.0,4.4,140.0,0.5,,,,,,,,,,2020-05-24T14:15:00,,,,0,,,,,,,,,,,,,,
2020-05-24 16:00:00,923.6,21.9,98,2.0,131.0,4.9,96.0,0.0,,,,,,,,,,2020-05-24T15:45:00,,,,0,,,,,,,,,,,,,,
2020-05-24 17:00:00,924.1,21.5,99,1.8,105.0,5.0,103.0,0.0,,,,,,,,,,2020-05-24T16:47:00,,,,0,,,,,,,,,,,,,,
2020-05-24 18:00:00,924.7,21.2,99,1.1,153.0,5.5,95.0,0.5,,,,,,,,,,2020-05-24T17:09:00,,,,0,,,,,,,,,,,,,,
2020-05-24 19:00:00,925.1,20.8,100,0.6,161.0,2.5,90.0,1.0,,,,,,,,,,2020-05-24T18:12:00,,,,0,,,,,,,,,,,,,,
2020-05-24 20:00:00,925.7,20.7,100,0.3,59.0,2.1,85.0,0.0,,,,,,,,,,2020-05-24T19:36:00,,,,0,,,,,,,,,,,,,,
2020-05-24 21:00:00,926.1,20.7,100,0.2,0.0,1.9,93.0,0.0,,,,,,,,,,2020-05-24T20:14:00,,,,0,,,,,,,,,,,,,,
2020-05-24 22:00:00,926.4,20.8,100,0.0,0.0,0.0,0.0,0.0,,,,,,,,,,2020-05-24T21:05:00,,,,0,,,,,,,,,,,,,,
2020-05-24 23:00:00,926.5,20.7,100,0.0,0.0,0.0,0.0,0.5,,,,,,,,,,2020-05-24T22:05:00,,,,0,,,,,,,,,,,,,,
2020-05-25 00:00:00,926.1,20.6,100,0.0,0.0,0.7,233.0,0.0,,,,,,,,,,2020-05-24T23:14:00,,,,0,,,,,,,,,,,,,,
2020-05-25 01:00:00,925.8,20.6,100,0.0,0.0,0.0,0.0,0.0,,,,,,,,,,2020-05-25T00:05:00,,,,0,,,,,,,,,,,,,,
2020-05-25 02:00:00,925.3,20.7,100,0.0,0.0,0.0,0.0,0.0,,,,,,,,,,2020-05-25T01:05:00,,,,0,,,,,,,,,,,,,,
2020-05-25 03:00:00,925.2,20.3,100,0.6,217.0,1.4,208.0,0.0,,,,,,,,,,2020-05-25T02:51:00,,,,0,,,,,,,,,,,,,,
2020-05-25 04:00:00,925.0,20.4,100,0.0,0.0,1.3,190.0,0.0,,,,,,,,,,2020-05-25T03:25:00,,,,0,,,,,,,,,,,,,,
2020-05-25 05:00:00,925.5,20.4,100,0.7,256.0,1.3,223.0,0.0,,,,,,,,,,2020-05-25T04:51:00,,,,0,,,,,,,,,,,,,,
2020-05-25 06:00:00,926.0,19.8,99,0.7,252.0,1.7,227.0,0.0,,,,,,,,,,2020-05-25T05:50:00,,,,0,,,,,,,,,,,,,,
2020-05-25 07:00:00,926.3,21.6,90,0.8,307.0,2.8,360.0,0.0,,,,,,,,,,2020-05-25T06:59:00,,,,0,,,,,,,,,,,,,,
2020-05-25 08:00:00,926.4,23.1,88,1.2,58.0,2.7,96.0,0.0,,,,,,,,,,2020-05-25T08:00:00,,,,0,,,,,,,,,,,,,,
2020-05-25 09:00:00,926.5,24.4,84,1.4,42.0,3.3,52.0,0.0,,,,,,,,,,2020-05-25T08:36:00,,,,0,,,,,,,,,,,,,,
2020-05-25 10:00:00,926.3,25.8,78,1.6,51.0,4.5,84.0,0.0,,,,,,,,,,2020-05-25T09:57:00,,,,0,,,,,,,,,,,,,,
2020-05-25 11:00:00,925.8,26.1,75,1.5,95.0,4.9,38.0,0.0,,,,,,,,,,2020-05-25T10:18:00,,,,0,,,,,,,,,,,,,,
2020-05-25 12:00:00,925.4,26.3,72,1.7,43.0,5.4,75.0,0.0,,,,,,,,,,2020-05-25T11:57:00,,,,0,,,,,,,,,,,,,,
2020-05-25 13:00:00,925.1,26.1,73,1.2,46.0,5.9,128.0,0.0,,,,,,,,,,2020-05-25T12:45:00,,,,0,,,,,,,,,,,,,,
2020-05-25 14:00:00,924.4,26.9,72,2.0,70.0,5.4,80.0,0.0,,,,,,,,,,2020-05-25T13:57:00,,,,0,,,,,,,,,,,,,,
2020-05-25 15:00:00,924.2,25.3,81,1.6,42.0,7.5,70.0,0.0,,,,,,,,,,2020-05-25T14:54:00,,,,0,,,,,,,,,,,,,,
2020-05-25 16:00:00,924.2,23.7,89,0.8,56.0,4.8,226.0,0.0,,,,,,,,,,2020-05-25T15:13:00,,,,0,,,,,,,,,,,,,,
2020-05-25 17:00:00,924.5,22.8,93,1.1,111.0,3.4,186.0,0.0,,,,,,,,,,2020-05-25T16:07:00,,,,0,,,,,,,,,,,,,,
2020-05-25 18:00:00,925.0,22.4,96,0.4,76.0,3.4,98.0,0.0,,,,,,,,,,2020-05-25T17:03:00,,,,0,,,,,,,,,,,,,,
2020-05-25 19:00:00,925.7,22.1,97,0.4,138.0,2.1,108.0,0.0,,,,,,,,,,2020-05-25T18:22:00,,,,0,,,,,,,,,,,,,,
2020-05-25 20:00:00,926.2,22.0,99,0.1,0.0,2.2,79.0,0.0,,,,,,,,,,2020-05-25T19:20:00,,,,0,,,,,,,,,,,,,,
2020-05-25 21:00:00,926.5,21.8,100,0.5,90.0,1.6,145.0,0.0,,,,,,,,,,2020-05-25T20:21:00,,,,0,,,,,,,,,,,,,,
2020-05-25 22:00:00,927.0,21.8,100,0.1,0.0,1.3,110.0,0.0,,,,,,,,,,2020-05-25T21:17:00,,,,0,,,,,,,,,,,,,,
2020-05-25 23:00:00,926.9,21.7,100,0.1,0.0,1.0,99.0,0.0,,,,,,,,,,2020-05-25T22:17:00,,,,0,,,,,,,,,,,,,,
2020-05-26 00:00:00,926.1,21.6,100,0.0,0.0,0.7,303.0,0.0,,,,,,,,,,2020-05-25T23:11:00,,,,0,,,,,,,,,,,,,,
2020-05-26 01:00:00,925.8,21.5,100,0.3,277.0,1.2,271.0,0.0,,,,,,,,,,2020-05-26T00:56:00,,,,0,,,,,,,,,,,,,,
2020-05-26 02:00:00,925.0,21.2,100,0.4,262.0,1.1,248.0,0.0,,,,,,,,,,2020-05-26T01:06:00,,,,0,,,,,,,,,,,,,,
2020-05-26 03:00:00,924.6,21.0,99,1.0,198.0,1.7,217.0,0.0,,,,,,,,,,2020-05-26T02:57:00,,,,0,,,,,,,,,,,,,,
2020-05-26 04:00:00,924.7,20.7,99,0.8,221.0,1.7,238.0,0.0,,,,,,,,,,2020-05-26T03:20:00,,,,0,,,,,,,,,,,,,,
2020-05-26 05:00:00,924.5,20.4,98,1.0,217.0,1.7,223.0,0.0,,,,,,,,,,2020-05-26T04:47:00,,,,0,,,,,,,,,,,,,,
2020-05-26 06:00:00,924.5,20.5,99,0.4,196.0,1.4,195.0,0.0,,,,,,,,,,2020-05-26T05:20:00,,,,0,,,,,,,,,,,,,,
2020-05-26 07:00:00,924.4,23.0,87,0.4,345.0,1.3,360.0,0.0,,,,,,,,,,2020-05-26T06:27:00,,,,0,,,,,,,,,,,,,,
2020-05-26 08:00:00,924.2,24.8,79,0.6,15.0,2.2,22.0,0.0,,,,,,,,,,2020-05-26T07:33:00,,,,0,,,,,,,,,,,,,,
2020-05-26 09:00:00,924.0,26.4,75,1.2,57.0,3.6,89.0,0.0,,,,,,,,,,2020-05-26T08:20:00,,,,0,,,,,,,,,,,,,,
2020-05-26 10:00:00,923.6,27.1,74,1.4,78.0,4.8,57.0,0.0,,,,,,,,,,2020-05-26T09:08:00,,,,0,,,,,,,,,,,,,,
2020-05-26 11:00:00,924.2,23.4,90,0.7,243.0,4.3,96.0,0.0,,,,,,,,,,2020-05-26T10:31:00,,,,0,,,,,,,,,,,,,,
2020-05-26 12:00:00,923.3,25.3,91,1.8,93.0,3.6,91.0,0.5,,,,,,,,,,2020-05-26T11:52:00,,,,0,,,,,,,,,,,,,,
2020-05-26 13:00:00,924.0,23.9,95,0.1,0.0,2.8,12.0,1.0,,,,,,,,,,2020-05-26T12:02:00,,,,0,,,,,,,,,,,,,,
2020-05-26 14:00:00,923.8,22.7,89,2.3,289.0,6.8,309.0,2.0,,,,,,,,,,2020-05-26T13:49:00,,,,0,,,,,,,,,,,,,,
2020-05-26 15:00:00,923.0,22.9,90,1.5,272.0,5.9,305.0,1.0,,,,,,,,,,2020-05-26T14:31:00,,,,0,,,,,,,,,,,,,,
2020-05-26 16:00:00,922.1,23.6,90,0.5,73.0,4.3,284.0,0.0,,,,,,,,,,2020-05-26T15:01:00,,,,0,,,,,,,,,,,,,,
2020-05-26 17:00:00,922.1,23.5,93,0.9,83.0,3.1,111.0,0.0,,,,,,,,,,2020-05-26T16:23:00,,,,0,,,,,,,,,,,,,,
2020-05-26 18:00:00,922.5,23.4,93,0.7,83.0,3.1,84.0,0.0,,,,,,,,,,2020-05-26T17:07:00,,,,0,,,,,,,,,,,,,,
2020-05-26 19:00:00,923.0,22.4,94,1.0,223.0,1.8,207.0,0.0,,,,,,,,,,2020-05-26T19:00:00,,,,0,,,,,,,,,,,,,,
2020-05-26 20:00:00,923.9,21.5,94,1.1,228.0,2.2,221.0,0.0,,,,,,,,,,2020-05-26T20:00:00,,,,0,,,,,,,,,,,,,,
2020-05-26 21:00:00,924.6,21.2,94,0.6,187.0,1.9,229.0,0.0,,,,,,,,,,2020-05-26T20:01:00,,,,0,,,,,,,,,,,,,,
2020-05-26 22:00:00,925.2,21.2,92,1.7,231.0,3.1,218.0,0.0,,,,,,,,,,2020-05-26T21:58:00,,,,0,,,,,,,,,,,,,,
2020-05-26 23:00:00,925.3,20.8,96,0.2,0.0,2.9,228.0,0.0,,,,,,,,,,2020-05-26T22:42:00,,,,0,,,,,,,,,,,,,,
2020-05-27 00:00:00,925.0,20.3,98,0.2,0.0,1.9,265.0,3.0,,,,,,,,,,2020-05-26T23:21:00,,,,0,,,,,,,,,,,,,,
2020-05-27 01:00:00,924.3,20.1,99,0.7,190.0,2.0,259.0,1.5,,,,,,,,,,2020-05-27T00:26:00,,,,0,,,,,,,,,,,,,,
2020-05-27 02:00:00,923.5,20.0,99,1.1,218.0,2.0,221.0,0.0,,,,,,,,,,2020-05-27T01:54:00,,,,0,,,,,,,,,,,,,,
2020-05-27 03:00:00,923.4,19.7,100,0.3,230.0,1.3,233.0,0.0,,,,,,,,,,2020-05-27T02:15:00,,,,0,,,,,,,,,,,,,,
2020-05-27 04:00:00,923.6,19.5,100,0.8,207.0,1.6,213.0,0.0,,,,,,,,,,2020-05-27T03:07:00,,,,0,,,,,,,,,,,,,,
2020-05-27 05:00:00,924.3,19.9,99,0.8,229.0,1.5,209.0,0.5,,,,,,,,,,2020-05-27T04:44:00,,,,0,,,,,,,,,,,,,,
2020-05-27 06:00:00,924.3,20.1,99,0.4,107.0,1.9,252.0,1.0,,,,,,,,,,2020-05-27T05:44:00,,,,0,,,,,,,,,,,,,,
2020-05-27 07:00:00,924.6,20.0,100,0.1,0.0,1.8,132.0,1.0,,,,,,,,,,2020-05-27T06:03:00,,,,0,,,,,,,,,,,,,,
2020-05-27 08:00:00,924.4,20.2,100,0.8,218.0,2.5,212.0,0.5,,,,,,,,,,2020-05-27T07:42:00,,,,0,,,,,,,,,,,,,,
2020-05-27 09:00:00,925.9,20.4,100,0.9,241.0,2.2,232.0,0.0,,,,,,,,,,2020-05-27T09:00:00,,,,0,,,,,,,,,,,,,,
2020-05-27 10:00:00,926.0,21.0,100,0.2,0.0,1.7,234.0,0.0,,,,,,,,,,2020-05-27T09:01:00,,,,0,,,,,,,,,,,,,,
2020-05-27 11:00:00,925.8,21.4,98,0.3,109.0,1.1,223.0,0.0,,,,,,,,,,2020-05-27T10:21:00,,,,0,,,,,,,,,,,,,,
2020-05-27 12:00:00,924.8,22.4,96,0.6,102.0,1.5,97.0,0.0,,,,,,,,,,2020-05-27T12:00:00,,,,0,,,,,,,,,,,,,,
2020-05-27 13:00:00,924.1,23.2,94,0.6,40.0,1.6,19.0,0.0,,,,,,,,,,2020-05-27T12:32:00,,,,0,,,,,,,,,,,,,,
2020-05-27 14:00:00,923.5,23.9,85,1.1,60.0,2.5,75.0,0.0,,,,,,,,,,2020-05-27T13:55:00,,,,0,,,,,,,,,,,,,,
2020-05-27 15:00:00,923.2,25.2,79,0.9,128.0,3.6,141.0,0.0,,,,,,,,,,2020-05-27T14:14:00,,,,0,,,,,,,,,,,,,,
2020-05-27 16:00:00,923.2,25.0,82,0.8,71.0,3.8,71.0,0.0,,,,,,,,,,2020-05-27T15:11:00,,,,0,,,,,,,,,,,,,,
2020-05-27 17:00:00,923.7,24.1,87,0.8,62.0,4.1,100.0,0.0,,,,,,,,,,2020-05-27T16:09:00,,,,0,,,,,,,,,,,,,,
2020-05-27 18:00:00,924.3,23.5,89,1.0,150.0,2.7,136.0,0.0,,,,,,,,,,2020-05-27T17:52:00,,,,0,,,,,,,,,,,,,,
2020-05-27 19:00:00,924.9,22.6,94,1.3,144.0,2.3,205.0,0.0,,,,,,,,,,2020-05-27T18:21:00,,,,0,,,,,,,,,,,,,,
2020-05-27 20:00:00,925.9,22.4,94,0.7,127.0,2.3,121.0,0.0,,,,,,,,,,2020-05-27T19:37:00,,,,0,,,,,,,,,,,,,,
2020-05-27 21:00:00,926.4,22.1,97,1.0,129.0,2.2,124.0,0.0,,,,,,,,,,2020-05-27T21:00:00,,,,0,,,,,,,,,,,,,,
2020-05-27 22:00:00,926.7,21.8,100,0.1,0.0,2.2,108.0,0.0,,,,,,,,,,2020-05-27T21:02:00,,,,0,,,,,,,,,,,,,,
2020-05-27 23:00:00,926.8,21.7,99,0.3,114.0,2.3,110.0,0.0,,,,,,,,,,2020-05-27T22:47:00,,,,0,,,,,,,,,,,,,,
2020-05-28 00:00:00,926.4,21.4,100,0.0,0.0,1.8,117.0,0.0,,,,,,,,,,2020-05-27T23:29:00,,,,0,,,,,,,,,,,,,,
2020-05-28 01:00:00,926.1,21.3,100,0.6,107.0,1.3,120.0,0.0,,,,,,,,,,2020-05-28T01:00:00,,,,0,,,,,,,,,,,,,,
2020-05-28 02:00:00,925.7,21.2,100,0.1,0.0,2.2,102.0,0.0,,,,,,,,,,2020-05-28T01:04:00,,,,0,,,,,,,,,,,,,,
2020-05-28 03:00:00,925.0,21.2,100,0.4,77.0,1.1,137.0,0.0,,,,,,,,,,2020-05-28T02:49:00,,,,0,,,,,,,,,,,,,,
2020-05-28 04:00:00,925.4,21.1,100,0.1,0.0,2.5,104.0,0.0,,,,,,,,,,2020-05-28T03:09:00,,,,0,,,,,,,,,,,,,,
2020-05-28 05:00:00,925.4,21.1,100,0.0,0.0,1.2,320.0,0.0,,,,,,,,,,2020-05-28T04:03:00,,,,0,,,,,,,,,,,,,,
2020-05-28 06:00:00,926.2,21.2,100,0.0,0.0,1.4,95.0,0.0,,,,,,,,,,2020-05-28T05:30:00,,,,0,,,,,,,,,,,,,,
2020-05-28 07:00:00,926.2,21.7,100,0.9,79.0,1.9,103.0,0.0,,,,,,,,,,2020-05-28T06:59:00,,,,0,,,,,,,,,,,,,,
2020-05-28 08:00:00,927.2,21.4,100,1.0,168.0,3.0,100.0,0.0,,,,,,,,,,2020-05-28T07:23:00,,,,0,,,,,,,,,,,,,,
2020-05-28 09:00:00,927.0,22.2,98,0.2,0.0,2.9,141.0,0.5,,,,,,,,,,2020-05-28T08:07:00,,,,0,,,,,,,,,,,,,,
2020-05-28 10:00:00,926.0,23.2,94,0.9,67.0,2.4,81.0,0.0,,,,,,,,,,2020-05-28T09:54:00,,,,0,,,,,,,,,,,,,,
2020-05-28 11:00:00,925.4,25.7,85,1.1,54.0,2.8,90.0,0.0,,,,,,,,,,2020-05-28T10:26:00,,,,0,,,,,,,,,,,,,,
2020-05-28 12:00:00,925.6,25.0,83,2.5,89.0,7.6,94.0,0.0,,,,,,,,,,2020-05-28T11:42:00,,,,0,,,,,,,,,,,,,,
2020-05-28 13:00:00,925.3,25.5,78,1.6,92.0,5.7,57.0,0.0,,,,,,,,,,2020-05-28T12:17:00,,,,0,,,,,,,,,,,,,,
2020-05-28 14:00:00,925.2,24.6,86,1.2,15.0,6.1,63.0,0.0,,,,,,,,,,2020-05-28T13:16:00,,,,0,,,,,,,,,,,,,,
2020-05-28 15:00:00,924.9,24.9,86,0.8,346.0,4.8,68.0,0.0,,,,,,,,,,2020-05-28T14:10:00,,,,0,,,,,,,,,,,,,,
2020-05-28 16:00:00,925.1,23.4,93,0.7,94.0,3.5,93.0,0.0,,,,,,,,,,2020-05-28T15:26:00,,,,0,,,,,,,,,,,,,,
2020-05-28 17:00:00,925.3,23.0,98,0.3,64.0,3.0,128.0,0.0,,,,,,,,,,2020-05-28T16:21:00,,,,0,,,,,,,,,,,,,,
2020-05-28 18:00:00,925.6,22.5,99,0.5,72.0,3.6,96.0,0.0,,,,,,,,,,2020-05-28T17:13:00,,,,0,,,,,,,,,,,,,,
2020-05-28 19:00:00,926.3,22.3,100,0.8,116.0,2.1,131.0,0.0,,,,,,,,,,2020-05-28T18:33:00,,,,0,,,,,,,,,,,,,,
2020-05-28 20:00:00,927.3,22.2,99,0.7,103.0,2.3,87.0,1.0,,,,,,,,,,2020-05-28T19:27:00,,,,0,,,,,,,,,,,,,,
2020-05-28 21:00:00,927.6,22.3,100,0.0,0.0,1.2,138.0,0.0,,,,,,,,,,2020-05-28T20:05:00,,,,0,,,,,,,,,,,,,,
2020-05-28 22:00:00,927.8,22.0,100,0.0,0.0,0.8,6.0,0.0,,,,,,,,,,2020-05-28T21:18:00,,,,0,,,,,,,,,,,,,,
2020-05-28 23:00:00,927.7,21.3,100,0.4,235.0,1.1,268.0,0.0,,,,,,,,,,2020-05-28T23:00:00,,,,0,,,,,,,,,,,,,,
2020-05-29 00:00:00,927.5,21.3,100,0.4,220.0,1.3,235.0,0.0,,,,,,,,,,2020-05-28T23:23:00,,,,0,,,,,,,,,,,,,,
2020-05-29 01:00:00,927.2,20.9,99,0.1,0.0,1.0,324.0,0.0,,,,,,,,,,2020-05-29T00:30:00,,,,0,,,,,,,,,,,,,,
2020-05-29 02:00:00,927.0,20.2,99,0.9,228.0,1.6,208.0,0.0,,,,,,,,,,2020-05-29T02:00:00,,,,0,,,,,,,,,,,,,,
2020-05-29 03:00:00,926.8,19.7,100,1.2,218.0,1.9,216.0,0.0,,,,,,,,,,2020-05-29T02:33:00,,,,0,,,,,,,,,,,,,,
2020-05-29 04:00:00,926.9,19.5,99,0.8,194.0,1.7,189.0,0.0,,,,,,,,,,2020-05-29T03:43:00,,,,0,,,,,,,,,,,,,,
2020-05-29 05:00:00,927.3,19.4,98,1.2,229.0,2.2,203.0,0.0,,,,,,,,,,2020-05-29T04:04:00,,,,0,,,,,,,,,,,,,,
2020-05-29 06:00:00,927.3,19.4,99,0.2,0.0,2.4,237.0,0.0,,,,,,,,,,2020-05-29T05:12:00,,,,0,,,,,,,,,,,,,,
2020-05-29 07:00:00,927.3,22.3,88,0.1,0.0,2.4,212.0,0.0,,,,,,,,,,2020-05-29T06:04:00,,,,0,,,,,,,,,,,,,,
2020-05-29 08:00:00,927.7,23.6,78,0.6,46.0,1.7,58.0,0.0,,,,,,,,,,2020-05-29T07:55:00,,,,0,,,,,,,,,,,,,,
2020-05-29 09:00:00,927.7,25.3,79,1.1,37.0,2.7,27.0,0.0,,,,,,,,,,2020-05-29T08:58:00,,,,0,,,,,,,,,,,,,,
2020-05-29 10:00:00,927.4,26.4,74,1.6,69.0,6.0,87.0,0.0,,,,,,,,,,2020-05-29T09:33:00,,,,0,,,,,,,,,,,,,,
2020-05-29 11:00:00,927.0,27.4,69,1.5,100.0,6.5,68.0,0.0,,,,,,,,,,2020-05-29T10:28:00,,,,0,,,,,,,,,,,,,,
2020-05-29 12:00:00,926.9,26.1,74,1.4,53.0,6.4,114.0,0.0,,,,,,,,,,2020-05-29T11:15:00,,,,0,,,,,,,,,,,,,,
2020-05-29 13:00:00,926.4,25.8,76,0.9,98.0,4.9,49.0,0.0,,,,,,,,,,2020-05-29T12:01:00,,,,0,,,,,,,,,,,,,,
2020-05-29 14:00:00,926.4,24.6,87,1.2,147.0,2.9,106.0,0.0,,,,,,,,,,2020-05-29T13:47:00,,,,0,,,,,,,,,,,,,,
2020-05-29 15:00:00,926.6,23.3,95,0.3,108.0,2.8,121.0,1.0,,,,,,,,,,2020-05-29T14:01:00,,,,0,,,,,,,,,,,,,,
2020-05-29 16:00:00,926.4,22.8,96,0.8,150.0,2.3,117.0,2.0,,,,,,,,,,2020-05-29T15:55:00,,,,0,,,,,,,,,,,,,,
2020-05-29 17:00:00,926.0,22.6,94,1.1,149.0,2.1,120.0,0.5,,,,,,,,,,2020-05-29T16:42:00,,,,0,,,,,,,,,,,,,,
2020-05-29 18:00:00,926.1,22.6,96,0.1,0.0,1.6,202.0,0.0,,,,,,,,,,2020-05-29T17:01:00,,,,0,,,,,,,,,,,,,,
2020-05-29 19:00:00,926.8,22.2,99,0.9,111.0,1.8,110.0,0.0,,,,,,,,,,2020-05-29T18:55:00,,,,0,,,,,,,,,,,,,,
2020-05-29 20:00:00,927.6,22.1,100,0.1,0.0,0.9,263.0,0.0,,,,,,,,,,2020-05-29T19:32:00,,,,0,,,,,,,,,,,,,,
2020-05-29 21:00:00,927.8,22.0,100,0.2,0.0,1.1,139.0,0.0,,,,,,,,,,2020-05-29T20:04:00,,,,0,,,,,,,,,,,,,,
2020-05-29 22:00:00,928.3,21.6,99,0.9,227.0,1.5,212.0,0.0,,,,,,,,,,2020-05-29T21:53:00,,,,0,,,,,,,,,,,,,,
2020-05-29 23:00:00,928.5,20.5,99,0.8,192.0,1.7,224.0,0.0,,,,,,,,,,2020-05-29T22:28:00,,,,0,,,,,,,,,,,,,,
2020-05-30 00:00:00,928.1,20.0,98,1.1,223.0,2.4,223.0,0.0,,,,,,,,,,2020-05-29T23:34:00,,,,0,,,,,,,,,,,,,,
2020-05-30 01:00:00,927.5,19.4,98,1.0,216.0,2.8,322.0,0.0,,,,,,,,,,2020-05-30T00:27:00,,,,0,,,,,,,,,,,,,,
2020-05-30 02:00:00,927.2,19.1,98,1.3,221.0,2.1,199.0,0.0,,,,,,,,,,2020-05-30T01:54:00,,,,0,,,,,,,,,,,,,,
2020-05-30 03:00:00,926.7,19.2,96,1.0,228.0,2.3,226.0,0.0,,,,,,,,,,2020-05-30T02:43:00,,,,0,,,,,,,,,,,,,,
2020-05-30 04:00:00,926.8,19.0,96,0.8,238.0,2.7,217.0,0.0,,,,,,,,,,2020-05-30T03:01:00,,,,0,,,,,,,,,,,,,,
2020-05-30 05:00:00,927.0,18.7,97,1.0,232.0,2.7,253.0,0.0,,,,,,,,,,2020-05-30T04:02:00,,,,0,,,,,,,,,,,,,,
2020-05-30 06:00:00,927.0,18.8,98,0.6,171.0,2.9,204.0,0.0,,,,,,,,,,2020-05-30T05:09:00,,,,0,,,,,,,,,,,,,,
2020-05-30 07:00:00,927.4,21.5,87,0.1,0.0,1.6,317.0,0.0,,,,,,,,,,2020-05-30T06:44:00,,,,0,,,,,,,,,,,,,,
2020-05-30 08:00:00,927.2,23.0,83,0.6,353.0,1.7,84.0,0.0,,,,,,,,,,2020-05-30T07:36:00,,,,0,,,,,,,,,,,,,,
2020-05-30 09:00:00,927.1,25.7,72,0.7,19.0,2.0,36.0,0.0,,,,,,,,,,2020-05-30T08:58:00,,,,0,,,,,,,,,,,,,,
2020-05-30 10:00:00,926.7,27.4,67,0.9,36.0,3.6,69.0,0.0,,,,,,,,,,2020-05-30T09:21:00,,,,0,,,,,,,,,,,,,,
2020-05-30 11:00:00,925.9,28.0,68,1.4,48.0,4.6,99.0,0.0,,,,,,,,,,2020-05-30T10:56:00,,,,0,,,,,,,,,,,,,,
2020-05-30 12:00:00,925.8,28.3,69,0.5,73.0,4.5,105.0,0.0,,,,,,,,,,2020-05-30T11:32:00,,,,0,,,,,,,,,,,,,,
2020-05-30 13:00:00,925.3,28.4,68,1.3,36.0,4.2,7.0,0.0,,,,,,,,,,2020-05-30T12:54:00,,,,0,,,,,,,,,,,,,,
2020-05-30 14:00:00,924.9,28.5,70,0.7,19.0,3.4,64.0,0.0,,,,,,,,,,2020-05-30T13:01:00,,,,0,,,,,,,,,,,,,,
2020-05-30 15:00:00,924.6,28.8,70,0.7,64.0,2.1,24.0,0.0,,,,,,,,,,2020-05-30T14:39:00,,,,0,,,,,,,,,,,,,,
2020-05-30 16:00:00,924.2,29.5,65,0.7,62.0,4.3,88.0,0.0,,,,,,,,,,2020-05-30T15:27:00,,,,0,,,,,,,,,,,,,,
2020-05-30 17:00:00,924.4,27.0,77,1.7,147.0,4.0,161.0,0.0,,,,,,,,,,2020-05-30T16:56:00,,,,0,,,,,,,,,,,,,,
2020-05-30 18:00:00,924.9,26.0,83,1.4,121.0,4.5,106.0,0.0,,,,,,,,,,2020-05-30T17:02:00,,,,0,,,,,,,,,,,,,,
2020-05-30 19:00:00,925.4,23.8,85,1.5,203.0,2.7,200.0,0.0,,,,,,,,,,2020-05-30T18:40:00,,,,0,,,,,,,,,,,,,,
2020-05-30 20:00:00,926.1,22.7,85,2.1,202.0,2.9,203.0,0.0,,,,,,,,,,2020-05-30T19:28:00,,,,0,,,,,,,,,,,,,,
2020-05-30 21:00:00,926.8,22.1,93,1.8,210.0,2.6,206.0,0.0,,,,,,,,,,2020-05-30T20:35:00,,,,0,,,,,,,,,,,,,,
2020-05-30 22:00:00,927.1,22.2,88,0.9,224.0,2.3,200.0,0.0,,,,,,,,,,2020-05-30T21:28:00,,,,0,,,,,,,,,,,,,,
2020-05-30 23:00:00,927.1,21.7,89,0.7,231.0,2.2,223.0,0.0,,,,,,,,,,2020-05-30T22:21:00,,,,0,,,,,,,,,,,,,,
2020-05-31 00:00:00,926.7,21.5,88,0.4,196.0,2.4,203.0,0.0,,,,,,,,,,2020-05-30T23:32:00,,,,0,,,,,,,,,,,,,,
2020-05-31 01:00:00,926.2,21.2,86,0.6,233.0,2.3,177.0,0.0,,,,,,,,,,2020-05-31T00:01:00,,,,0,,,,,,,,,,,,,,
2020-05-31 02:00:00,926.1,20.2,89,1.2,190.0,2.9,197.0,0.0,,,,,,,,,,2020-05-31T01:07:00,,,,0,,,,,,,,,,,,,,
2020-05-31 03:00:00,926.1,20.3,86,1.0,227.0,2.8,223.0,0.0,,,,,,,,,,2020-05-31T02:32:00,,,,0,,,,,,,,,,,,,,
2020-05-31 04:00:00,926.5,20.1,86,1.1,214.0,2.3,198.0,0.0,,,,,,,,,,2020-05-31T03:12:00,,,,0,,,,,,,,,,,,,,
2020-05-31 05:00:00,926.6,19.9,86,1.1,195.0,2.1,213.0,0.0,,,,,,,,,,2020-05-31T04:49:00,,,,0,,,,,,,,,,,,,,
2020-05-31 06:00:00,927.1,20.8,82,1.1,249.0,2.0,223.0,0.0,,,,,,,,,,2020-05-31T05:43:00,,,,0,,,,,,,,,,,,,,
2020-05-31 07:00:00,927.4,25.0,70,0.5,75.0,1.9,319.0,0.0,,,,,,,,,,2020-05-31T06:11:00,,,,0,,,,,,,,,,,,,,
2020-05-31 08:00:00,927.4,26.8,69,0.5,16.0,1.6,91.0,0.0,,,,,,,,,,2020-05-31T07:17:00,,,,0,,,,,,,,,,,,,,
2020-05-31 09:00:00,927.2,28.2,64,0.9,30.0,3.2,94.0,0.0,,,,,,,,,,2020-05-31T08:27:00,,,,0,,,,,,,,,,,,,,
2020-05-31 10:00:00,927.0,28.2,64,1.7,30.0,6.5,76.0,0.0,,,,,,,,,,2020-05-31T09:26:00,,,,0,,,,,,,,,,,,,,
2020-05-31 11:00:00,926.8,28.6,65,2.3,100.0,7.1,163.0,0.0,,,,,,,,,,2020-05-31T10:51:00,,,,0,,,,,,,,,,,,,,
2020-05-31 12:00:00,926.5,29.4,62,1.9,94.0,7.1,62.0,0.0,,,,,,,,,,2020-05-31T11:10:00,,,,0,,,,,,,,,,,,,,
2020-05-31 13:00:00,926.0,29.2,63,1.9,24.0,6.8,80.0,0.0,,,,,,,,,,2020-05-31T12:10:00,,,,0,,,,,,,,,,,,,,
2020-05-31 14:00:00,925.5,29.3,68,1.5,28.0,7.6,170.0,0.0,,,,,,,,,,2020-05-31T13:39:00,,,,0,,,,,,,,,,,,,,
2020-05-31 15:00:00,925.6,27.0,73,2.2,88.0,7.9,59.0,0.0,,,,,,,,,,2020-05-31T14:25:00,,,,0,,,,,,,,,,,,,,
2020-05-31 16:00:00,925.7,25.4,84,1.4,53.0,6.0,87.0,0.0,,,,,,,,,,2020-05-31T15:21:00,,,,0,,,,,,,,,,,,,,
2020-05-31 17:00:00,925.6,25.0,82,0.5,49.0,4.6,95.0,0.0,,,,,,,,,,2020-05-31T16:07:00,,,,0,,,,,,,,,,,,,,
2020-05-31 18:00:00,926.1,24.3,84,1.1,142.0,2.6,124.0,0.0,,,,,,,,,,2020-05-31T17:28:00,,,,0,,,,,,,,,,,,,,
2020-05-31 19:00:00,926.8,23.9,85,1.1,184.0,2.3,114.0,0.0,,,,,,,,,,2020-05-31T18:33:00,,,,0,,,,,,,,,,,,,,
2020-05-31 20:00:00,927.4,23.2,92,0.8,206.0,1.5,188.0,0.0,,,,,,,,,,2020-05-31T19:02:00,,,,0,,,,,,,,,,,,,,
2020-05-31 21:00:00,927.9,23.2,91,0.7,231.0,1.1,252.0,0.0,,,,,,,,,,2020-05-31T20:38:00,,,,0,,,,,,,,,,,,,,
2020-05-31 22:00:00,928.0,22.1,93,1.4,200.0,2.0,201.0,0.0,,,,,,,,,,2020-05-31T21:53:00,,,,0,,,,,,,,,,,,,,
2020-05-31 23:00:00,927.9,22.3,94,0.3,252.0,2.0,207.0,0.0,,,,,,,,,,2020-05-31T22:29:00,,,,0,,,,,,,,,,,,,,
2020-06-01 00:00:00,927.8,22.4,94,0.0,0.0,1.0,186.0,0.0,,,,,,,,,,2020-05-31T23:10:00,,,,0,,,,,,,,,,,,,,
2020-06-01 01:00:00,927.7,22.0,94,0.7,223.0,1.1,207.0,0.0,,,,,,,,,,2020-06-01T00:44:00,,,,0,,,,,,,,,,,,,,
2020-06-01 02:00:00,927.2,21.1,95,1.7,210.0,2.0,196.0,0.0,,,,,,,,,,2020-06-01T01:51:00,,,,0,,,,,,,,,,,,,,
2020-06-01 03:00:00,927.3,21.1,93,0.8,223.0,2.7,225.0,0.0,,,,,,,,,,2020-06-01T02:32:00,,,,0,,,,,,,,,,,,,,
2020-06-01 04:00:00,927.1,20.4,94,1.0,229.0,2.1,282.0,0.0,,,,,,,,,,2020-06-01T03:15:00,,,,0,,,,,,,,,,,,,,
2020-06-01 05:00:00,927.4,20.9,86,0.5,229.0,1.8,211.0,0.0,,,,,,,,,,2020-06-01T04:35:00,,,,0,,,,,,,,,,,,,,
2020-06-01 06:00:00,927.9,20.5,90,0.3,206.0,1.7,222.0,0.0,,,,,,,,,,2020-06-01T05:36:00,,,,0,,,,,,,,,,,,,,
2020-06-01 07:00:00,927.9,24.2,75,0.2,0.0,2.1,337.0,0.0,,,,,,,,,,2020-06-01T06:21:00,,,,0,,,,,,,,,,,,,,
2020-06-01 08:00:00,928.1,25.5,73,1.2,58.0,2.7,79.0,0.0,,,,,,,,,,2020-06-01T07:52:00,,,,0,,,,,,,,,,,,,,
2020-06-01 09:00:00,927.8,26.8,72,1.2,32.0,3.4,61.0,0.0,,,,,,,,,,2020-06-01T08:54:00,,,,0,,,,,,,,,,,,,,
2020-06-01 10:00:00,927.3,27.1,73,1.8,104.0,5.1,101.0,0.0,,,,,,,,,,2020-06-01T09:38:00,,,,0,,,,,,,,,,,,,,
2020-06-01 11:00:00,926.7,28.3,70,1.5,31.0,6.5,58.0,0.0,,,,,,,,,,2020-06-01T10:10:00,,,,0,,,,,,,,,,,,,,
2020-06-01 12:00:00,926.2,29.0,64,1.5,37.0,6.8,78.0,0.0,,,,,,,,,,2020-06-01T11:42:00,,,,0,,,,,,,,,,,,,,
2020-06-01 13:00:00,925.7,28.7,68,2.3,117.0,6.6,102.0,0.0,,,,,,,,,,2020-06-01T13:00:00,,,,0,,,,,,,,,,,,,,
2020-06-01 14:00:00,925.0,28.4,68,1.9,95.0,9.8,80.0,0.0,,,,,,,,,,2020-06-01T13:46:00,,,,0,,,,,,,,,,,,,,
2020-06-01 15:00:00,924.3,28.0,73,1.6,28.0,8.1,89.0,0.0,,,,,,,,,,2020-06-01T14:05:00,,,,0,,,,,,,,,,,,,,
2020-06-01 16:00:00,924.3,27.3,76,1.4,76.0,7.8,97.0,0.0,,,,,,,,,,2020-06-01T15:35:00,,,,0,,,,,,,,,,,,,,
2020-06-01 17:00:00,924.8,26.0,82,1.8,109.0,5.4,94.0,0.0,,,,,,,,,,2020-06-01T16:20:00,,,,0,,,,,,,,,,,,,,
2020-06-01 18:00:00,925.5,24.7,90,1.6,121.0,5.3,88.0,0.0,,,,,,,,,,2020-06-01T17:19:00,,,,0,,,,,,,,,,,,,,
2020-06-01 19:00:00,926.1,24.3,92,0.7,100.0,5.5,91.0,0.0,,,,,,,,,,2020-06-01T18:07:00,,,,0,,,,,,,,,,,,,,
2020-06-01 20:00:00,926.6,23.9,92,1.0,182.0,1.6,78.0,0.0,,,,,,,,,,2020-06-01T19:35:00,,,,0,,,,,,,,,,,,,,
2020-06-01 21:00:00,927.1,23.6,95,0.6,73.0,1.5,178.0,0.0,,,,,,,,,,2020-06-01T20:10:00,,,,0,,,,,,,,,,,,,,
2020-06-01 22:00:00,928.0,22.9,96,0.4,204.0,1.4,208.0,0.0,,,,,,,,,,2020-06-01T21:41:00,,,,0,,,,,,,,,,,,,,
2020-06-01 23:00:00,928.1,22.5,95,1.6,199.0,2.4,197.0,0.0,,,,,,,,,,2020-06-01T22:54:00,,,,0,,,,,,,,,,,,,,
2020-06-02 00:00:00,927.9,22.7,96,0.8,231.0,1.7,188.0,0.0,,,,,,,,,,2020-06-01T23:25:00,,,,0,,,,,,,,,,,,,,
2020-06-02 01:00:00,927.0,22.5,93,0.6,228.0,2.3,339.0,0.0,,,,,,,,,,2020-06-02T00:45:00,,,,0,,,,,,,,,,,,,,
2020-06-02 02:00:00,926.2,21.3,92,1.4,220.0,2.3,226.0,0.0,,,,,,,,,,2020-06-02T01:16:00,,,,0,,,,,,,,,,,,,,
2020-06-02 03:00:00,925.9,20.6,91,1.3,212.0,2.5,237.0,0.0,,,,,,,,,,2020-06-02T02:20:00,,,,0,,,,,,,,,,,,,,
2020-06-02 04:00:00,925.8,20.0,92,1.2,210.0,2.5,199.0,0.0,,,,,,,,,,2020-06-02T03:33:00,,,,0,,,,,,,,,,,,,,
2020-06-02 05:00:00,926.1,20.1,90,1.5,210.0,2.5,200.0,0.0,,,,,,,,,,2020-06-02T04:32:00,,,,0,,,,,,,,,,,,,,
2020-06-02 06:00:00,926.4,19.7,93,1.1,192.0,1.9,213.0,0.0,,,,,,,,,,2020-06-02T05:05:00,,,,0,,,,,,,,,,,,,,
2020-06-02 07:00:00,926.7,23.7,76,0.4,21.0,1.4,205.0,0.0,,,,,,,,,,2020-06-02T06:01:00,,,,0,,,,,,,,,,,,,,
2020-06-02 08:00:00,926.7,25.5,70,0.9,29.0,1.9,25.0,0.0,,,,,,,,,,2020-06-02T07:55:00,,,,0,,,,,,,,,,,,,,
2020-06-02 09:00:00,926.6,26.8,72,1.5,17.0,3.2,360.0,0.0,,,,,,,,,,2020-06-02T08:51:00,,,,0,,,,,,,,,,,,,,
2020-06-02 10:00:00,926.4,27.6,70,1.3,127.0,4.2,173.0,0.0,,,,,,,,,,2020-06-02T09:51:00,,,,0,,,,,,,,,,,,,,
2020-06-02 11:00:00,925.7,28.4,64,1.5,62.0,5.8,104.0,0.0,,,,,,,,,,2020-06-02T10:03:00,,,,0,,,,,,,,,,,,,,
2020-06-02 12:00:00,924.9,28.7,66,2.1,83.0,6.6,75.0,0.0,,,,,,,,,,2020-06-02T11:28:00,,,,0,,,,,,,,,,,,,,
2020-06-02 13:00:00,924.5,29.4,62,1.9,73.0,5.7,62.0,0.0,,,,,,,,,,2020-06-02T12:12:00,,,,0,,,,,,,,,,,,,,
2020-06-02 14:00:00,924.0,28.7,66,1.8,63.0,6.6,91.0,0.0,,,,,,,,,,2020-06-02T13:42:00,,,,0,,,,,,,,,,,,,,
2020-06-02 15:00:00,923.9,27.8,73,2.8,70.0,7.0,80.0,0.0,,,,,,,,,,2020-06-02T14:58:00,,,,0,,,,,,,,,,,,,,
2020-06-02 16:00:00,924.1,27.5,75,1.2,26.0,7.7,68.0,0.0,,,,,,,,,,2020-06-02T15:20:00,,,,0,,,,,,,,,,,,,,
2020-06-02 17:00:00,924.2,25.6,84,0.6,51.0,5.5,63.0,0.0,,,,,,,,,,2020-06-02T16:09:00,,,,0,,,,,,,,,,,,,,
2020-06-02 18:00:00,924.5,24.7,89,0.3,42.0,3.7,76.0,0.0,,,,,,,,,,2020-06-02T17:11:00,,,,0,,,,,,,,,,,,,,
2020-06-02 19:00:00,925.2,24.2,92,0.6,75.0,2.8,103.0,0.0,,,,,,,,,,2020-06-02T18:34:00,,,,0,,,,,,,,,,,,,,
2020-06-02 20:00:00,926.0,23.8,95,1.0,123.0,2.1,114.0,0.0,,,,,,,,,,2020-06-02T19:56:00,,,,0,,,,,,,,,,,,,,
2020-06-02 21:00:00,926.5,23.8,94,0.2,0.0,2.5,99.0,0.0,,,,,,,,,,2020-06-02T20:09:00,,,,0,,,,,,,,,,,,,,
2020-06-02 22:00:00,926.9,23.8,92,0.0,0.0,1.8,119.0,0.0,,,,,,,,,,2020-06-02T21:07:00,,,,0,,,,,,,,,,,,,,
2020-06-02 23:00:00,926.6,23.2,93,0.8,233.0,1.4,222.0,0.0,,,,,,,,,,2020-06-02T22:43:00,,,,0,,,,,,,,,,,,,,
2020-06-03 00:00:00,926.2,22.5,87,1.1,226.0,2.5,312.0,0.0,,,,,,,,,,2020-06-02T23:09:00,,,,0,,,,,,,,,,,,,,
2020-06-03 01:00:00,925.6,21.6,86,1.2,226.0,2.7,291.0,0.0,,,,,,,,,,2020-06-03T00:11:00,,,,0,,,,,,,,,,,,,,
2020-06-03 02:00:00,925.1,20.2,89,1.3,206.0,2.4,223.0,0.0,,,,,,,,,,2020-06-03T01:29:00,,,,0,,,,,,,,,,,,,,
2020-06-03 03:00:00,924.8,20.2,84,1.0,208.0,2.3,208.0,0.0,,,,,,,,,,2020-06-03T02:13:00,,,,0,,,,,,,,,,,,,,
2020-06-03 04:00:00,924.8,19.6,85,1.5,211.0,2.5,217.0,0.0,,,,,,,,,,2020-06-03T03:40:00,,,,0,,,,,,,,,,,,,,
2020-06-03 05:00:00,924.8,19.1,84,1.3,224.0,2.6,222.0,0.0,,,,,,,,,,2020-06-03T04:26:00,,,,0,,,,,,,,,,,,,,
2020-06-03 06:00:00,925.3,18.6,87,1.4,208.0,2.4,206.0,0.0,,,,,,,,,,2020-06-03T05:24:00,,,,0,,,,,,,,,,,,,,
2020-06-03 07:00:00,925.9,23.4,67,0.2,0.0,1.7,223.0,0.0,,,,,,,,,,2020-06-03T06:01:00,,,,0,,,,,,,,,,,,,,
2020-06-03 08:00:00,925.7,25.0,65,0.7,48.0,1.7,28.0,0.0,,,,,,,,,,2020-06-03T07:54:00,,,,0,,,,,,,,,,,,,,
2020-06-03 09:00:00,925.6,26.8,60,1.4,52.0,4.2,55.0,0.0,,,,,,,,,,2020-06-03T08:57:00,,,,0,,,,,,,,,,,,,,
2020-06-03 10:00:00,925.1,28.1,66,1.0,128.0,4.4,133.0,0.0,,,,,,,,,,2020-06-03T09:56:00,,,,0,,,,,,,,,,,,,,
2020-06-03 11:00:00,924.5,29.1,58,1.2,80.0,5.1,88.0,0.0,,,,,,,,,,2020-06-03T10:02:00,,,,0,,,,,,,,,,,,,,
2020-06-03 12:00:00,923.5,29.7,57,1.7,91.0,4.9,81.0,0.0,,,,,,,,,,2020-06-03T11:53:00,,,,0,,,,,,,,,,,,,,
2020-06-03 13:00:00,922.9,29.6,60,1.9,74.0,6.7,167.0,0.0,,,,,,,,,,2020-06-03T12:41:00,,,,0,,,,,,,,,,,,,,
2020-06-03 14:00:00,922.3,30.5,57,1.2,66.0,5.2,60.0,0.0,,,,,,,,,,2020-06-03T13:13:00,,,,0,,,,,,,,,,,,,,
2020-06-03 15:00:00,921.7,30.3,60,1.2,48.0,5.0,136.0,0.0,,,,,,,,,,2020-06-03T14:48:00,,,,0,,,,,,,,,,,,,,
2020-06-03 16:00:00,921.4,31.0,60,0.5,242.0,4.1,25.0,0.0,,,,,,,,,,2020-06-03T15:11:00,,,,0,,,,,,,,,,,,,,
2020-06-03 17:00:00,921.5,30.4,63,0.5,29.0,3.7,32.0,0.0,,,,,,,,,,2020-06-03T16:08:00,,,,0,,,,,,,,,,,,,,
2020-06-03 18:00:00,921.9,27.5,75,1.3,169.0,3.3,126.0,0.0,,,,,,,,,,2020-06-03T17:48:00,,,,0,,,,,,,,,,,,,,
2020-06-03 19:00:00,922.7,24.5,85,2.0,202.0,2.6,214.0,0.0,,,,,,,,,,2020-06-03T18:58:00,,,,0,,,,,,,,,,,,,,
2020-06-03 20:00:00,923.6,23.2,85,1.9,218.0,2.6,198.0,0.0,,,,,,,,,,2020-06-03T19:38:00,,,,0,,,,,,,,,,,,,,
2020-06-03 21:00:00,924.1,23.3,70,1.5,224.0,3.8,226.0,0.0,,,,,,,,,,2020-06-03T20:50:00,,,,0,,,,,,,,,,,,,,
2020-06-03 22:00:00,924.7,21.0,76,1.1,184.0,2.7,211.0,0.0,,,,,,,,,,2020-06-03T21:30:00,,,,0,,,,,,,,,,,,,,
2020-06-03 23:00:00,924.7,20.6,76,1.6,220.0,2.9,206.0,0.0,,,,,,,,,,2020-06-03T22:33:00,,,,0,,,,,,,,,,,,,,
2020-06-04 00:00:00,924.3,20.3,72,1.3,201.0,3.2,230.0,0.0,,,,,,,,,,2020-06-03T23:22:00,,,,0,,,,,,,,,,,,,,
2020-06-04 01:00:00,923.7,19.9,72,2.2,207.0,3.1,216.0,0.0,,,,,,,,,,2020-06-04T00:11:00,,,,0,,,,,,,,,,,,,,
2020-06-04 02:00:00,923.4,20.0,69,1.1,221.0,2.6,204.0,0.0,,,,,,,,,,2020-06-04T01:35:00,,,,0,,,,,,,,,,,,,,
2020-06-04 03:00:00,923.2,19.2,71,1.5,216.0,2.9,202.0,0.0,,,,,,,,,,2020-06-04T02:20:00,,,,0,,,,,,,,,,,,,,
2020-06-04 04:00:00,923.5,19.3,69,2.0,215.0,3.0,212.0,0.0,,,,,,,,,,2020-06-04T03:01:00,,,,0,,,,,,,,,,,,,,
2020-06-04 05:00:00,923.8,19.0,69,2.4,210.0,3.5,206.0,0.0,,,,,,,,,,2020-06-04T04:56:00,,,,0,,,,,,,,,,,,,,
2020-06-04 06:00:00,924.3,18.6,71,1.3,219.0,3.0,241.0,0.0,,,,,,,,,,2020-06-04T05:09:00,,,,0,,,,,,,,,,,,,,
2020-06-04 07:00:00,924.5,23.5,56,0.8,87.0,2.4,321.0,0.0,,,,,,,,,,2020-06-04T06:18:00,,,,0,,,,,,,,,,,,,,
2020-06-04 08:00:00,924.4,26.1,55,0.6,41.0,1.6,284.0,0.0,,,,,,,,,,2020-06-04T07:35:00,,,,0,,,,,,,,,,,,,,
2020-06-04 09:00:00,924.3,28.7,44,0.2,0.0,1.7,14.0,0.0,,,,,,,,,,2020-06-04T08:12:00,,,,0,,,,,,,,,,,,,,
2020-06-04 10:00:00,924.1,29.7,47,1.1,69.0,3.5,78.0,0.0,,,,,,,,,,2020-06-04T09:58:00,,,,0,,,,,,,,,,,,,,
2020-06-04 11:00:00,924.0,29.8,51,1.8,110.0,6.5,83.0,0.0,,,,,,,,,,2020-06-04T10:25:00,,,,0,,,,,,,,,,,,,,
2020-06-04 12:00:00,923.4,30.2,53,1.5,72.0,5.7,110.0,0.0,,,,,,,,,,2020-06-04T11:46:00,,,,0,,,,,,,,,,,,,,
2020-06-04 13:00:00,923.0,30.7,56,1.5,124.0,6.2,61.0,0.0,,,,,,,,,,2020-06-04T12:25:00,,,,0,,,,,,,,,,,,,,
2020-06-04 14:00:00,922.4,30.5,59,2.2,89.0,7.5,77.0,0.0,,,,,,,,,,2020-06-04T13:37:00,,,,0,,,,,,,,,,,,,,
2020-06-04 15:00:00,922.2,30.2,62,2.0,95.0,6.0,68.0,0.0,,,,,,,,,,2020-06-04T14:23:00,,,,0,,,,,,,,,,,,,,
2020-06-04 16:00:00,921.9,30.0,62,1.5,83.0,5.4,145.0,0.0,,,,,,,,,,2020-06-04T15:53:00,,,,0,,,,,,,,,,,,,,
2020-06-04 17:00:00,922.2,29.4,61,1.5,131.0,5.6,66.0,0.0,,,,,,,,,,2020-06-04T16:11:00,,,,0,,,,,,,,,,,,,,
2020-06-04 18:00:00,922.7,27.3,65,1.2,148.0,3.8,214.0,0.0,,,,,,,,,,2020-06-04T17:53:00,,,,0,,,,,,,,,,,,,,
2020-06-04 19:00:00,923.6,25.3,76,1.5,180.0,3.8,212.0,0.0,,,,,,,,,,2020-06-04T18:08:00,,,,0,,,,,,,,,,,,,,
2020-06-04 20:00:00,924.5,23.7,87,1.1,192.0,2.2,141.0,0.0,,,,,,,,,,2020-06-04T19:08:00,,,,0,,,,,,,,,,,,,,
2020-06-04 21:00:00,924.9,22.8,88,1.2,213.0,2.8,208.0,0.0,,,,,,,,,,2020-06-04T20:10:00,,,,0,,,,,,,,,,,,,,
2020-06-04 22:00:00,925.4,22.2,89,1.8,217.0,2.6,207.0,0.0,,,,,,,,,,2020-06-04T21:45:00,,,,0,,,,,,,,,,,,,,
2020-06-04 23:00:00,925.6,21.7,86,1.9,207.0,2.7,206.0,0.0,,,,,,,,,,2020-06-04T22:33:00,,,,0,,,,,,,,,,,,,,
2020-06-05 00:00:00,925.4,21.6,83,0.9,220.0,2.7,201.0,0.0,,,,,,,,,,2020-06-04T23:26:00,,,,0,,,,,,,,,,,,,,
2020-06-05 01:00:00,924.9,21.1,81,0.4,226.0,3.3,301.0,0.0,,,,,,,,,,2020-06-05T00:14:00,,,,0,,,,,,,,,,,,,,
2020-06-05 02:00:00,924.5,20.4,84,1.0,225.0,2.3,237.0,0.0,,,,,,,,,,2020-06-05T01:33:00,,,,0,,,,,,,,,,,,,,
2020-06-05 03:00:00,924.2,20.3,79,0.9,215.0,3.1,276.0,0.0,,,,,,,,,,2020-06-05T02:28:00,,,,0,,,,,,,,,,,,,,
2020-06-05 04:00:00,923.9,19.8,81,1.5,218.0,3.0,242.0,0.0,,,,,,,,,,2020-06-05T03:47:00,,,,0,,,,,,,,,,,,,,
2020-06-05 05:00:00,924.2,18.9,86,1.6,218.0,2.5,202.0,0.0,,,,,,,,,,2020-06-05T04:42:00,,,,0,,,,,,,,,,,,,,
2020-06-05 06:00:00,924.9,18.9,83,1.2,206.0,2.5,210.0,0.0,,,,,,,,,,2020-06-05T05:01:00,,,,0,,,,,,,,,,,,,,
2020-06-05 07:00:00,925.1,23.7,63,0.2,0.0,1.6,204.0,0.0,,,,,,,,,,2020-06-05T06:01:00,,,,0,,,,,,,,,,,,,,
2020-06-05 08:00:00,925.1,25.8,56,0.3,352.0,1.4,94.0,0.0,,,,,,,,,,2020-06-05T07:05:00,,,,0,,,,,,,,,,,,,,
2020-06-05 09:00:00,924.9,27.5,54,1.2,42.0,2.4,40.0,0.0,,,,,,,,,,2020-06-05T08:57:00,,,,0,,,,,,,,,,,,,,
2020-06-05 10:00:00,924.2,28.7,57,1.3,71.0,5.2,72.0,0.0,,,,,,,,,,2020-06-05T09:26:00,,,,0,,,,,,,,,,,,,,
2020-06-05 11:00:00,923.9,28.5,57,2.4,93.0,6.1,94.0,0.0,,,,,,,,,,2020-06-05T10:45:00,,,,0,,,,,,,,,,,,,,
2020-06-05 12:00:00,923.3,29.3,58,1.4,80.0,5.5,84.0,0.0,,,,,,,,,,2020-06-05T11:07:00,,,,0,,,,,,,,,,,,,,
2020-06-05 13:00:00,922.8,29.3,59,2.1,86.0,6.2,68.0,0.0,,,,,,,,,,2020-06-05T12:57:00,,,,0,,,,,,,,,,,,,,
2020-06-05 14:00:00,922.2,29.9,63,1.6,42.0,6.0,85.0,0.0,,,,,,,,,,2020-06-05T13:52:00,,,,0,,,,,,,,,,,,,,
2020-06-05 15:00:00,922.1,27.6,69,1.0,116.0,4.8,156.0,0.0,,,,,,,,,,2020-06-05T14:25:00,,,,0,,,,,,,,,,,,,,
2020-06-05 16:00:00,921.8,27.9,68,1.0,111.0,2.8,67.0,0.0,,,,,,,,,,2020-06-05T15:37:00,,,,0,,,,,,,,,,,,,,
2020-06-05 17:00:00,922.0,27.3,70,1.5,113.0,6.8,61.0,0.0,,,,,,,,,,2020-06-05T16:49:00,,,,0,,,,,,,,,,,,,,
2020-06-05 18:00:00,922.4,26.7,74,0.6,198.0,3.6,65.0,0.0,,,,,,,,,,2020-06-05T17:06:00,,,,0,,,,,,,,,,,,,,
2020-06-05 19:00:00,922.5,24.3,85,1.5,201.0,2.3,189.0,0.0,,,,,,,,,,2020-06-05T18:46:00,,,,0,,,,,,,,,,,,,,
2020-06-05 20:00:00,923.0,23.4,88,1.8,201.0,2.5,150.0,0.0,,,,,,,,,,2020-06-05T19:09:00,,,,0,,,,,,,,,,,,,,
2020-06-05 21:00:00,923.9,22.7,92,0.6,210.0,2.2,200.0,0.0,,,,,,,,,,2020-06-05T20:41:00,,,,0,,,,,,,,,,,,,,
2020-06-05 22:00:00,924.6,22.6,92,1.3,226.0,2.2,232.0,0.0,,,,,,,,,,2020-06-05T21:51:00,,,,0,,,,,,,,,,,,,,
2020-06-05 23:00:00,924.8,22.0,94,1.4,214.0,2.0,202.0,0.0,,,,,,,,,,2020-06-05T22:34:00,,,,0,,,,,,,,,,,,,,
2020-06-06 00:00:00,924.7,21.7,96,1.1,210.0,1.8,213.0,0.0,,,,,,,,,,2020-06-05T23:12:00,,,,0,,,,,,,,,,,,,,
2020-06-06 01:00:00,924.1,21.6,96,1.1,228.0,2.1,231.0,0.0,,,,,,,,,,2020-06-06T00:59:00,,,,0,,,,,,,,,,,,,,
2020-06-06 02:00:00,923.1,21.2,96,1.4,215.0,2.0,286.0,0.0,,,,,,,,,,2020-06-06T01:19:00,,,,0,,,,,,,,,,,,,,
2020-06-06 03:00:00,923.1,20.8,95,1.2,228.0,1.9,215.0,0.0,,,,,,,,,,2020-06-06T02:57:00,,,,0,,,,,,,,,,,,,,
2020-06-06 04:00:00,922.8,20.6,93,0.7,217.0,1.9,223.0,0.0,,,,,,,,,,2020-06-06T03:19:00,,,,0,,,,,,,,,,,,,,
2020-06-06 05:00:00,923.2,20.2,96,1.1,211.0,1.7,203.0,0.0,,,,,,,,,,2020-06-06T04:13:00,,,,0,,,,,,,,,,,,,,
2020-06-06 06:00:00,923.3,20.5,92,0.4,205.0,2.0,199.0,0.0,,,,,,,,,,2020-06-06T05:11:00,,,,0,,,,,,,,,,,,,,
2020-06-06 07:00:00,923.4,24.3,67,0.4,31.0,1.4,350.0,0.0,,,,,,,,,,2020-06-06T06:45:00,,,,0,,,,,,,,,,,,,,
2020-06-06 08:00:00,923.3,26.5,63,0.5,26.0,1.7,10.0,0.0,,,,,,,,,,2020-06-06T07:59:00,,,,0,,,,,,,,,,,,,,
2020-06-06 09:00:00,923.1,27.2,66,1.6,39.0,3.6,31.0,0.0,,,,,,,,,,2020-06-06T08:57:00,,,,0,,,,,,,,,,,,,,
2020-06-06 10:00:00,923.0,28.3,66,1.8,46.0,4.8,65.0,0.0,,,,,,,,,,2020-06-06T09:53:00,,,,0,,,,,,,,,,,,,,
2020-06-06 11:00:00,922.4,29.7,61,2.0,90.0,5.8,81.0,0.0,,,,,,,,,,2020-06-06T10:29:00,,,,0,,,,,,,,,,,,,,
2020-06-06 12:00:00,922.0,29.0,61,1.5,125.0,7.5,100.0,0.0,,,,,,,,,,2020-06-06T11:15:00,,,,0,,,,,,,,,,,,,,
2020-06-06 13:00:00,921.0,31.4,52,1.6,43.0,5.1,81.0,0.0,,,,,,,,,,2020-06-06T12:44:00,,,,0,,,,,,,,,,,,,,
2020-06-06 14:00:00,920.7,32.6,39,1.1,268.0,4.9,21.0,0.0,,,,,,,,,,2020-06-06T13:47:00,,,,0,,,,,,,,,,,,,,
2020-06-06 15:00:00,920.4,31.6,40,1.1,264.0,5.7,19.0,0.0,,,,,,,,,,2020-06-06T14:45:00,,,,0,,,,,,,,,,,,,,
2020-06-06 16:00:00,920.3,30.5,43,1.4,274.0,6.3,341.0,0.0,,,,,,,,,,2020-06-06T15:38:00,,,,0,,,,,,,,,,,,,,
2020-06-06 17:00:00,921.4,29.0,47,0.7,233.0,5.2,265.0,0.0,,,,,,,,,,2020-06-06T16:10:00,,,,0,,,,,,,,,,,,,,
2020-06-06 18:00:00,921.6,27.4,53,0.8,260.0,9.1,287.0,0.0,,,,,,,,,,2020-06-06T17:23:00,,,,0,,,,,,,,,,,,,,
2020-06-06 19:00:00,922.0,25.1,80,1.3,147.0,3.8,185.0,0.0,,,,,,,,,,2020-06-06T18:24:00,,,,0,,,,,,,,,,,,,,
2020-06-06 20:00:00,922.6,23.5,83,1.5,199.0,2.2,179.0,0.0,,,,,,,,,,2020-06-06T19:02:00,,,,0,,,,,,,,,,,,,,
2020-06-06 21:00:00,923.5,23.2,89,0.4,183.0,2.3,203.0,0.0,,,,,,,,,,2020-06-06T20:17:00,,,,0,,,,,,,,,,,,,,
2020-06-06 22:00:00,924.1,22.7,91,1.3,202.0,2.0,203.0,0.0,,,,,,,,,,2020-06-06T21:26:00,,,,0,,,,,,,,,,,,,,
2020-06-06 23:00:00,924.2,22.3,91,0.9,224.0,2.2,217.0,0.0,,,,,,,,,,2020-06-06T22:30:00,,,,0,,,,,,,,,,,,,,
2020-06-07 00:00:00,923.8,21.6,92,1.5,214.0,2.1,217.0,0.0,,,,,,,,,,2020-06-06T23:51:00,,,,0,,,,,,,,,,,,,,
2020-06-07 01:00:00,923.7,21.3,93,0.6,221.0,2.0,219.0,0.0,,,,,,,,,,2020-06-07T00:17:00,,,,0,,,,,,,,,,,,,,
2020-06-07 02:00:00,923.3,21.4,90,1.4,224.0,2.5,212.0,0.0,,,,,,,,,,2020-06-07T01:35:00,,,,0,,,,,,,,,,,,,,
2020-06-07 03:00:00,923.4,21.0,92,1.2,228.0,2.1,200.0,0.0,,,,,,,,,,2020-06-07T02:48:00,,,,0,,,,,,,,,,,,,,
2020-06-07 04:00:00,923.1,21.0,89,0.9,201.0,2.1,195.0,0.0,,,,,,,,,,2020-06-07T03:27:00,,,,0,,,,,,,,,,,,,,
2020-06-07 05:00:00,923.3,21.0,92,1.1,204.0,2.0,204.0,0.0,,,,,,,,,,2020-06-07T04:55:00,,,,0,,,,,,,,,,,,,,
2020-06-07 06:00:00,923.4,21.3,88,0.9,234.0,2.2,222.0,0.0,,,,,,,,,,2020-06-07T05:11:00,,,,0,,,,,,,,,,,,,,
2020-06-07 07:00:00,923.5,24.5,73,0.2,0.0,1.5,220.0,0.0,,,,,,,,,,2020-06-07T06:07:00,,,,0,,,,,,,,,,,,,,
2020-06-07 08:00:00,923.6,26.2,70,0.3,10.0,1.9,32.0,0.0,,,,,,,,,,2020-06-07T07:38:00,,,,0,,,,,,,,,,,,,,
2020-06-07 09:00:00,923.3,25.7,75,1.0,82.0,2.8,89.0,0.0,,,,,,,,,,2020-06-07T08:55:00,,,,0,,,,,,,,,,,,,,
2020-06-07 10:00:00,923.4,27.2,67,2.3,100.0,5.6,88.0,0.0,,,,,,,,,,2020-06-07T09:28:00,,,,0,,,,,,,,,,,,,,
2020-06-07 11:00:00,923.1,27.6,69,2.4,57.0,7.0,100.0,0.0,,,,,,,,,,2020-06-07T10:50:00,,,,0,,,,,,,,,,,,,,
2020-06-07 12:00:00,922.7,27.8,67,1.5,84.0,6.3,89.0,0.0,,,,,,,,,,2020-06-07T11:03:00,,,,0,,,,,,,,,,,,,,
2020-06-07 13:00:00,922.1,28.7,67,0.7,45.0,5.3,61.0,0.0,,,,,,,,,,2020-06-07T12:32:00,,,,0,,,,,,,,,,,,,,
2020-06-07 14:00:00,921.6,27.3,75,1.1,91.0,4.8,84.0,0.0,,,,,,,,,,2020-06-07T13:22:00,,,,0,,,,,,,,,,,,,,
2020-06-07 15:00:00,922.2,26.0,80,0.8,83.0,6.6,106.0,0.0,,,,,,,,,,2020-06-07T14:17:00,,,,0,,,,,,,,,,,,,,
2020-06-07 16:00:00,921.6,24.8,91,0.5,58.0,3.5,61.0,0.0,,,,,,,,,,2020-06-07T15:53:00,,,,0,,,,,,,,,,,,,,
2020-06-07 17:00:00,922.0,24.2,91,1.4,110.0,4.8,86.0,0.0,,,,,,,,,,2020-06-07T16:56:00,,,,0,,,,,,,,,,,,,,
2020-06-07 18:00:00,922.7,23.7,91,1.0,135.0,4.8,56.0,0.0,,,,,,,,,,2020-06-07T17:17:00,,,,0,,,,,,,,,,,,,,
2020-06-07 19:00:00,923.2,23.4,93,0.0,0.0,2.4,108.0,0.0,,,,,,,,,,2020-06-07T18:27:00,,,,0,,,,,,,,,,,,,,
2020-06-07 20:00:00,923.4,22.5,93,0.4,206.0,2.0,235.0,0.0,,,,,,,,,,2020-06-07T19:44:00,,,,0,,,,,,,,,,,,,,
2020-06-07 21:00:00,924.3,22.5,95,0.4,242.0,3.0,158.0,0.0,,,,,,,,,,2020-06-07T20:29:00,,,,0,,,,,,,,,,,,,,
2020-06-07 22:00:00,924.9,22.2,94,0.5,211.0,1.6,229.0,0.0,,,,,,,,,,2020-06-07T21:14:00,,,,0,,,,,,,,,,,,,,
2020-06-07 23:00:00,924.7,21.7,92,0.8,211.0,1.7,225.0,0.0,,,,,,,,,,2020-06-07T22:17:00,,,,0,,,,,,,,,,,,,,
2020-06-08 00:00:00,924.1,21.4,92,1.0,224.0,1.8,237.0,0.0,,,,,,,,,,2020-06-07T23:18:00,,,,0,,,,,,,,,,,,,,
2020-06-08 01:00:00,923.9,21.1,93,0.9,203.0,1.6,209.0,0.0,,,,,,,,,,2020-06-08T00:41:00,,,,0,,,,,,,,,,,,,,
2020-06-08 02:00:00,923.7,21.5,91,0.4,196.0,1.7,188.0,0.0,,,,,,,,,,2020-06-08T01:58:00,,,,0,,,,,,,,,,,,,,
2020-06-08 03:00:00,923.6,21.4,92,0.1,0.0,1.5,194.0,0.0,,,,,,,,,,2020-06-08T02:01:00,,,,0,,,,,,,,,,,,,,
2020-06-08 04:00:00,923.3,21.4,92,0.7,226.0,1.0,225.0,0.0,,,,,,,,,,2020-06-08T03:02:00,,,,0,,,,,,,,,,,,,,
2020-06-08 05:00:00,923.6,21.1,94,0.1,0.0,1.8,203.0,0.0,,,,,,,,,,2020-06-08T04:19:00,,,,0,,,,,,,,,,,,,,
2020-06-08 06:00:00,923.9,21.5,92,0.2,0.0,1.1,262.0,0.0,,,,,,,,,,2020-06-08T05:42:00,,,,0,,,,,,,,,,,,,,
2020-06-08 07:00:00,924.3,21.9,89,0.5,112.0,1.6,221.0,0.0,,,,,,,,,,2020-06-08T06:15:00,,,,0,,,,,,,,,,,,,,
2020-06-08 08:00:00,924.6,22.2,89,0.4,154.0,1.9,116.0,0.0,,,,,,,,,,2020-06-08T07:56:00,,,,0,,,,,,,,,,,,,,
2020-06-08 09:00:00,924.7,22.9,88,0.4,26.0,1.5,139.0,0.0,,,,,,,,,,2020-06-08T08:37:00,,,,0,,,,,,,,,,,,,,
2020-06-08 10:00:00,924.8,22.8,89,0.9,69.0,1.5,81.0,0.0,,,,,,,,,,2020-06-08T09:52:00,,,,0,,,,,,,,,,,,,,
2020-06-08 11:00:00,924.8,23.4,86,0.1,0.0,1.4,71.0,0.0,,,,,,,,,,2020-06-08T10:01:00,,,,0,,,,,,,,,,,,,,
2020-06-08 12:00:00,924.9,23.3,89,0.6,68.0,1.9,84.0,0.0,,,,,,,,,,2020-06-08T11:58:00,,,,0,,,,,,,,,,,,,,
2020-06-08 13:00:00,924.4,24.2,89,0.4,39.0,2.6,111.0,0.0,,,,,,,,,,2020-06-08T12:10:00,,,,0,,,,,,,,,,,,,,
2020-06-08 14:00:00,923.9,24.3,88,0.8,63.0,1.8,19.0,0.0,,,,,,,,,,2020-06-08T13:10:00,,,,0,,,,,,,,,,,,,,
2020-06-08 15:00:00,923.7,24.1,87,0.5,89.0,2.1,88.0,0.0,,,,,,,,,,2020-06-08T14:30:00,,,,0,,,,,,,,,,,,,,
2020-06-08 16:00:00,923.8,23.7,92,0.3,66.0,1.0,25.0,0.0,,,,,,,,,,2020-06-08T15:55:00,,,,0,,,,,,,,,,,,,,
2020-06-08 17:00:00,924.4,22.8,95,0.5,270.0,2.1,180.0,0.0,,,,,,,,,,2020-06-08T16:37:00,,,,0,,,,,,,,,,,,,,
2020-06-08 18:00:00,924.2,22.0,83,2.0,279.0,5.6,310.0,0.0,,,,,,,,,,2020-06-08T17:50:00,,,,0,,,,,,,,,,,,,,
2020-06-08 19:00:00,924.1,21.4,86,0.7,161.0,4.4,264.0,0.0,,,,,,,,,,2020-06-08T18:39:00,,,,0,,,,,,,,,,,,,,
2020-06-08 20:00:00,924.5,20.6,91,1.3,200.0,2.2,209.0,0.0,,,,,,,,,,2020-06-08T19:53:00,,,,0,,,,,,,,,,,,,,
2020-06-08 21:00:00,925.7,20.5,90,0.7,239.0,1.4,228.0,0.0,,,,,,,,,,2020-06-08T20:17:00,,,,0,,,,,,,,,,,,,,
2020-06-08 22:00:00,926.3,21.2,83,0.9,254.0,3.3,303.0,0.0,,,,,,,,,,2020-06-08T21:58:00,,,,0,,,,,,,,,,,,,,
2020-06-08 23:00:00,926.3,20.3,90,0.7,222.0,2.6,330.0,0.0,,,,,,,,,,2020-06-08T22:05:00,,,,0,,,,,,,,,,,,,,
2020-06-09 00:00:00,926.2,19.6,89,1.0,196.0,2.0,231.0,0.0,,,,,,,,,,2020-06-08T23:12:00,,,,0,,,,,,,,,,,,,,
2020-06-09 01:00:00,925.7,19.3,90,1.1,219.0,2.1,211.0,0.0,,,,,,,,,,2020-06-09T00:39:00,,,,0,,,,,,,,,,,,,,
2020-06-09 02:00:00,925.4,19.3,88,1.1,210.0,2.0,207.0,0.0,,,,,,,,,,2020-06-09T01:22:00,,,,0,,,,,,,,,,,,,,
2020-06-09 03:00:00,924.7,19.3,88,0.9,214.0,2.2,200.0,0.0,,,,,,,,,,2020-06-09T02:09:00,,,,0,,,,,,,,,,,,,,
2020-06-09 04:00:00,924.6,19.3,88,0.9,205.0,1.9,212.0,0.0,,,,,,,,,,2020-06-09T03:01:00,,,,0,,,,,,,,,,,,,,
2020-06-09 05:00:00,924.8,19.5,84,1.0,228.0,2.0,200.0,0.0,,,,,,,,,,2020-06-09T04:18:00,,,,0,,,,,,,,,,,,,,
2020-06-09 06:00:00,924.8,20.0,83,0.9,198.0,1.8,221.0,0.0,,,,,,,,,,2020-06-09T05:20:00,,,,0,,,,,,,,,,,,,,
2020-06-09 07:00:00,925.3,20.9,88,0.0,0.0,1.8,196.0,0.0,,,,,,,,,,2020-06-09T06:01:00,,,,0,,,,,,,,,,,,,,
2020-06-09 08:00:00,925.9,21.7,81,0.3,306.0,0.9,312.0,0.0,,,,,,,,,,2020-06-09T07:55:00,,,,0,,,,,,,,,,,,,,
2020-06-09 09:00:00,926.4,22.8,82,0.0,0.0,0.9,322.0,0.0,,,,,,,,,,2020-06-09T08:35:00,,,,0,,,,,,,,,,,,,,
2020-06-09 10:00:00,926.5,22.5,85,0.3,63.0,0.9,33.0,0.0,,,,,,,,,,2020-06-09T09:55:00,,,,0,,,,,,,,,,,,,,
2020-06-09 11:00:00,926.6,23.1,80,0.0,0.0,0.9,123.0,0.0,,,,,,,,,,2020-06-09T10:02:00,,,,0,,,,,,,,,,,,,,
2020-06-09 12:00:00,926.5,23.4,85,0.0,0.0,1.0,80.0,0.0,,,,,,,,,,2020-06-09T11:20:00,,,,0,,,,,,,,,,,,,,
2020-06-09 13:00:00,926.2,23.0,88,0.6,81.0,1.6,100.0,0.0,,,,,,,,,,2020-06-09T12:56:00,,,,0,,,,,,,,,,,,,,
2020-06-09 14:00:00,925.6,23.6,81,0.1,0.0,3.0,115.0,0.0,,,,,,,,,,2020-06-09T13:05:00,,,,0,,,,,,,,,,,,,,
2020-06-09 15:00:00,925.6,23.7,81,0.5,89.0,1.1,84.0,0.0,,,,,,,,,,2020-06-09T14:55:00,,,,0,,,,,,,,,,,,,,
2020-06-09 16:00:00,925.4,23.7,87,0.1,0.0,1.3,75.0,0.0,,,,,,,,,,2020-06-09T15:01:00,,,,0,,,,,,,,,,,,,,
2020-06-09 17:00:00,925.4,23.5,85,0.2,0.0,0.9,316.0,0.0,,,,,,,,,,2020-06-09T16:55:00,,,,0,,,,,,,,,,,,,,
2020-06-09 18:00:00,926.0,22.5,88,0.5,266.0,1.4,287.0,0.0,,,,,,,,,,2020-06-09T17:51:00,,,,0,,,,,,,,,,,,,,
2020-06-09 19:00:00,925.5,22.8,79,1.5,264.0,3.9,257.0,0.0,,,,,,,,,,2020-06-09T18:55:00,,,,0,,,,,,,,,,,,,,
2020-06-09 20:00:00,925.9,21.4,81,0.9,204.0,3.0,277.0,0.0,,,,,,,,,,2020-06-09T19:08:00,,,,0,,,,,,,,,,,,,,
2020-06-09 21:00:00,927.0,21.5,82,1.5,241.0,3.9,248.0,0.0,,,,,,,,,,2020-06-09T20:59:00,,,,0,,,,,,,,,,,,,,
2020-06-09 22:00:00,926.6,21.5,75,0.2,0.0,4.3,313.0,0.0,,,,,,,,,,2020-06-09T21:18:00,,,,0,,,,,,,,,,,,,,
2020-06-09 23:00:00,927.2,20.6,82,1.1,224.0,2.6,219.0,0.0,,,,,,,,,,2020-06-09T22:53:00,,,,0,,,,,,,,,,,,,,
2020-06-10 00:00:00,927.0,19.9,84,1.2,214.0,2.0,201.0,0.0,,,,,,,,,,2020-06-09T23:33:00,,,,0,,,,,,,,,,,,,,
2020-06-10 01:00:00,926.9,20.2,82,0.8,235.0,2.8,223.0,0.0,,,,,,,,,,2020-06-10T00:34:00,,,,0,,,,,,,,,,,,,,
2020-06-10 02:00:00,926.0,20.6,78,0.1,0.0,1.7,213.0,0.0,,,,,,,,,,2020-06-10T01:17:00,,,,0,,,,,,,,,,,,,,
2020-06-10 03:00:00,926.1,20.3,79,1.0,237.0,2.2,211.0,0.0,,,,,,,,,,2020-06-10T03:00:00,,,,0,,,,,,,,,,,,,,
2020-06-10 04:00:00,926.0,20.9,72,0.7,243.0,2.5,209.0,0.0,,,,,,,,,,2020-06-10T03:32:00,,,,0,,,,,,,,,,,,,,
2020-06-10 05:00:00,925.5,20.1,82,0.8,218.0,2.6,302.0,0.0,,,,,,,,,,2020-06-10T04:10:00,,,,0,,,,,,,,,,,,,,
2020-06-10 06:00:00,926.0,20.4,82,0.4,232.0,2.0,215.0,0.0,,,,,,,,,,2020-06-10T05:29:00,,,,0,,,,,,,,,,,,,,
2020-06-10 07:00:00,926.2,22.9,71,0.1,0.0,1.6,212.0,0.0,,,,,,,,,,2020-06-10T06:04:00,,,,0,,,,,,,,,,,,,,
2020-06-10 08:00:00,926.3,23.2,69,0.7,91.0,1.5,96.0,0.0,,,,,,,,,,2020-06-10T07:55:00,,,,0,,,,,,,,,,,,,,
2020-06-10 09:00:00,926.3,25.4,62,0.7,72.0,1.8,73.0,0.0,,,,,,,,,,2020-06-10T08:52:00,,,,0,,,,,,,,,,,,,,
2020-06-10 10:00:00,926.5,26.2,67,0.7,11.0,2.3,26.0,0.0,,,,,,,,,,2020-06-10T09:51:00,,,,0,,,,,,,,,,,,,,
2020-06-10 11:00:00,926.3,27.0,66,0.5,30.0,3.1,16.0,0.0,,,,,,,,,,2020-06-10T10:12:00,,,,0,,,,,,,,,,,,,,
2020-06-10 12:00:00,926.2,26.9,64,0.7,13.0,5.8,102.0,0.0,,,,,,,,,,2020-06-10T11:42:00,,,,0,,,,,,,,,,,,,,
2020-06-10 13:00:00,925.5,27.7,65,1.2,53.0,5.5,42.0,0.0,,,,,,,,,,2020-06-10T12:35:00,,,,0,,,,,,,,,,,,,,
2020-06-10 14:00:00,924.9,28.0,67,1.8,72.0,5.6,87.0,0.0,,,,,,,,,,2020-06-10T13:48:00,,,,0,,,,,,,,,,,,,,
2020-06-10 15:00:00,924.3,28.3,68,1.3,83.0,7.0,89.0,0.0,,,,,,,,,,2020-06-10T14:45:00,,,,0,,,,,,,,,,,,,,
2020-06-10 16:00:00,924.3,27.1,72,2.0,109.0,5.7,94.0,0.0,,,,,,,,,,2020-06-10T15:13:00,,,,0,,,,,,,,,,,,,,
2020-06-10 17:00:00,924.3,26.7,75,1.1,85.0,5.4,130.0,0.0,,,,,,,,,,2020-06-10T16:35:00,,,,0,,,,,,,,,,,,,,
2020-06-10 18:00:00,924.6,25.0,84,0.5,222.0,4.4,222.0,0.0,,,,,,,,,,2020-06-10T17:19:00,,,,0,,,,,,,,,,,,,,
2020-06-10 19:00:00,925.2,23.7,91,0.5,153.0,1.9,152.0,0.0,,,,,,,,,,2020-06-10T18:23:00,,,,0,,,,,,,,,,,,,,
2020-06-10 20:00:00,926.2,23.6,92,0.6,150.0,2.9,105.0,0.0,,,,,,,,,,2020-06-10T19:29:00,,,,0,,,,,,,,,,,,,,
2020-06-10 21:00:00,926.6,22.9,95,0.6,233.0,1.5,195.0,0.0,,,,,,,,,,2020-06-10T20:37:00,,,,0,,,,,,,,,,,,,,
2020-06-10 22:00:00,927.1,22.9,96,0.3,175.0,1.6,140.0,0.0,,,,,,,,,,2020-06-10T21:27:00,,,,0,,,,,,,,,,,,,,
2020-06-10 23:00:00,926.6,22.4,96,0.8,246.0,1.8,196.0,0.0,,,,,,,,,,2020-06-10T22:24:00,,,,0,,,,,,,,,,,,,,
2020-06-11 00:00:00,926.3,21.2,96,0.9,190.0,2.2,200.0,0.0,,,,,,,,,,2020-06-10T23:46:00,,,,0,,,,,,,,,,,,,,
2020-06-11 01:00:00,925.8,21.5,88,1.3,248.0,2.8,214.0,0.0,,,,,,,,,,2020-06-11T00:44:00,,,,0,,,,,,,,,,,,,,
2020-06-11 02:00:00,925.4,20.9,81,1.2,231.0,2.9,253.0,0.0,,,,,,,,,,2020-06-11T01:55:00,,,,0,,,,,,,,,,,,,,
2020-06-11 03:00:00,925.0,19.5,87,1.2,218.0,2.6,204.0,0.0,,,,,,,,,,2020-06-11T02:01:00,,,,0,,,,,,,,,,,,,,
2020-06-11 04:00:00,925.0,18.9,87,1.3,217.0,2.5,229.0,0.0,,,,,,,,,,2020-06-11T03:02:00,,,,0,,,,,,,,,,,,,,
2020-06-11 05:00:00,925.2,18.8,86,1.0,234.0,2.7,231.0,0.0,,,,,,,,,,2020-06-11T04:17:00,,,,0,,,,,,,,,,,,,,
2020-06-11 06:00:00,925.8,19.1,84,1.5,217.0,2.7,202.0,0.0,,,,,,,,,,2020-06-11T05:19:00,,,,0,,,,,,,,,,,,,,
2020-06-11 07:00:00,925.9,22.6,70,0.2,0.0,2.3,339.0,0.0,,,,,,,,,,2020-06-11T06:48:00,,,,0,,,,,,,,,,,,,,
2020-06-11 08:00:00,925.8,25.6,61,0.8,28.0,2.4,78.0,0.0,,,,,,,,,,2020-06-11T07:48:00,,,,0,,,,,,,,,,,,,,
2020-06-11 09:00:00,925.6,27.2,60,1.3,28.0,3.2,6.0,0.0,,,,,,,,,,2020-06-11T08:50:00,,,,0,,,,,,,,,,,,,,
2020-06-11 10:00:00,925.3,27.3,67,1.0,48.0,3.5,37.0,0.0,,,,,,,,,,2020-06-11T09:41:00,,,,0,,,,,,,,,,,,,,
2020-06-11 11:00:00,925.1,28.2,67,1.5,55.0,6.0,89.0,0.0,,,,,,,,,,2020-06-11T10:51:00,,,,0,,,,,,,,,,,,,,
2020-06-11 12:00:00,924.5,28.8,64,2.0,38.0,5.7,34.0,0.0,,,,,,,,,,2020-06-11T11:05:00,,,,0,,,,,,,,,,,,,,
2020-06-11 13:00:00,923.7,28.6,61,2.2,66.0,6.1,69.0,0.0,,,,,,,,,,2020-06-11T12:56:00,,,,0,,,,,,,,,,,,,,
2020-06-11 14:00:00,923.0,29.5,58,1.7,358.0,6.8,82.0,0.0,,,,,,,,,,2020-06-11T13:21:00,,,,0,,,,,,,,,,,,,,
2020-06-11 15:00:00,922.6,28.1,66,1.9,75.0,6.8,70.0,0.0,,,,,,,,,,2020-06-11T14:24:00,,,,0,,,,,,,,,,,,,,
2020-06-11 16:00:00,922.8,27.6,66,0.6,338.0,5.3,69.0,0.0,,,,,,,,,,2020-06-11T15:20:00,,,,0,,,,,,,,,,,,,,
2020-06-11 17:00:00,923.5,25.8,72,0.8,276.0,4.3,36.0,0.0,,,,,,,,,,2020-06-11T16:05:00,,,,0,,,,,,,,,,,,,,
2020-06-11 18:00:00,924.0,25.0,76,0.8,158.0,3.7,61.0,0.0,,,,,,,,,,2020-06-11T17:06:00,,,,0,,,,,,,,,,,,,,
2020-06-11 19:00:00,924.7,24.3,80,1.0,168.0,2.6,282.0,0.0,,,,,,,,,,2020-06-11T18:09:00,,,,0,,,,,,,,,,,,,,
2020-06-11 20:00:00,925.3,23.4,84,1.1,173.0,2.9,143.0,0.0,,,,,,,,,,2020-06-11T19:02:00,,,,0,,,,,,,,,,,,,,
2020-06-11 21:00:00,925.6,22.9,87,1.2,184.0,1.9,134.0,0.0,,,,,,,,,,2020-06-11T20:12:00,,,,0,,,,,,,,,,,,,,
2020-06-11 22:00:00,926.5,22.0,89,1.7,199.0,2.2,198.0,0.0,,,,,,,,,,2020-06-11T21:56:00,,,,0,,,,,,,,,,,,,,
2020-06-11 23:00:00,926.2,22.4,88,0.9,221.0,2.1,214.0,0.0,,,,,,,,,,2020-06-11T22:06:00,,,,0,,,,,,,,,,,,,,
2020-06-12 00:00:00,925.8,20.9,93,1.0,192.0,2.5,204.0,0.0,,,,,,,,,,2020-06-11T23:48:00,,,,0,,,,,,,,,,,,,,
2020-06-12 01:00:00,925.8,20.7,92,1.3,210.0,1.9,211.0,0.0,,,,,,,,,,2020-06-12T00:29:00,,,,0,,,,,,,,,,,,,,
2020-06-12 02:00:00,925.6,21.6,83,0.9,245.0,2.2,268.0,0.0,,,,,,,,,,2020-06-12T02:00:00,,,,0,,,,,,,,,,,,,,
2020-06-12 03:00:00,925.2,22.4,78,1.1,290.0,4.5,293.0,0.0,,,,,,,,,,2020-06-12T02:43:00,,,,0,,,,,,,,,,,,,,
2020-06-12 04:00:00,924.9,22.5,74,1.2,279.0,3.6,284.0,0.0,,,,,,,,,,2020-06-12T03:25:00,,,,0,,,,,,,,,,,,,,
2020-06-12 05:00:00,924.8,21.4,83,1.0,205.0,3.6,312.0,0.0,,,,,,,,,,2020-06-12T04:02:00,,,,0,,,,,,,,,,,,,,
2020-06-12 06:00:00,925.2,20.7,87,0.9,187.0,2.6,198.0,0.0,,,,,,,,,,2020-06-12T05:29:00,,,,0,,,,,,,,,,,,,,
2020-06-12 07:00:00,925.7,24.5,71,0.8,21.0,1.6,19.0,0.0,,,,,,,,,,2020-06-12T06:56:00,,,,0,,,,,,,,,,,,,,
2020-06-12 08:00:00,925.4,26.8,62,0.6,59.0,2.0,80.0,0.0,,,,,,,,,,2020-06-12T07:42:00,,,,0,,,,,,,,,,,,,,
2020-06-12 09:00:00,925.8,27.0,68,1.3,120.0,5.3,162.0,0.0,,,,,,,,,,2020-06-12T08:51:00,,,,0,,,,,,,,,,,,,,
2020-06-12 10:00:00,925.5,27.1,69,1.7,134.0,5.6,70.0,0.0,,,,,,,,,,2020-06-12T09:21:00,,,,0,,,,,,,,,,,,,,
2020-06-12 11:00:00,925.0,27.7,69,0.7,47.0,4.7,69.0,0.0,,,,,,,,,,2020-06-12T10:04:00,,,,0,,,,,,,,,,,,,,
2020-06-12 12:00:00,924.3,27.9,65,1.1,76.0,4.4,88.0,0.0,,,,,,,,,,2020-06-12T11:51:00,,,,0,,,,,,,,,,,,,,
2020-06-12 13:00:00,924.0,28.5,61,1.2,62.0,4.9,62.0,0.0,,,,,,,,,,2020-06-12T12:39:00,,,,0,,,,,,,,,,,,,,
2020-06-12 14:00:00,923.4,28.6,62,1.5,80.0,4.5,61.0,0.0,,,,,,,,,,2020-06-12T13:12:00,,,,0,,,,,,,,,,,,,,
2020-06-12 15:00:00,922.8,29.6,60,0.7,85.0,4.0,103.0,0.0,,,,,,,,,,2020-06-12T14:30:00,,,,0,,,,,,,,,,,,,,
2020-06-12 16:00:00,922.6,28.3,62,1.2,40.0,5.8,78.0,0.0,,,,,,,,,,2020-06-12T15:28:00,,,,0,,,,,,,,,,,,,,
2020-06-12 17:00:00,922.9,27.2,72,1.0,11.0,4.3,100.0,0.0,,,,,,,,,,2020-06-12T16:04:00,,,,0,,,,,,,,,,,,,,
2020-06-12 18:00:00,923.8,25.1,81,1.1,217.0,3.8,75.0,0.0,,,,,,,,,,2020-06-12T17:13:00,,,,0,,,,,,,,,,,,,,
2020-06-12 19:00:00,924.2,23.9,88,1.0,174.0,4.2,138.0,0.0,,,,,,,,,,2020-06-12T18:46:00,,,,0,,,,,,,,,,,,,,
2020-06-12 20:00:00,925.5,23.7,86,1.6,131.0,4.2,88.0,0.0,,,,,,,,,,2020-06-12T19:59:00,,,,0,,,,,,,,,,,,,,
2020-06-12 21:00:00,925.9,22.5,94,0.4,228.0,5.5,53.0,0.0,,,,,,,,,,2020-06-12T20:01:00,,,,0,,,,,,,,,,,,,,
2020-06-12 22:00:00,926.3,22.4,93,1.0,231.0,2.3,210.0,0.0,,,,,,,,,,2020-06-12T21:44:00,,,,0,,,,,,,,,,,,,,
2020-06-12 23:00:00,926.4,22.1,93,0.9,211.0,1.9,229.0,0.0,,,,,,,,,,2020-06-12T22:03:00,,,,0,,,,,,,,,,,,,,
2020-06-13 00:00:00,926.1,22.5,90,0.3,208.0,2.5,227.0,0.0,,,,,,,,,,2020-06-12T23:20:00,,,,0,,,,,,,,,,,,,,
2020-06-13 01:00:00,925.2,21.6,93,0.9,208.0,1.9,223.0,0.0,,,,,,,,,,2020-06-13T00:47:00,,,,0,,,,,,,,,,,,,,
2020-06-13 02:00:00,924.7,22.0,91,0.2,0.0,1.9,200.0,0.0,,,,,,,,,,2020-06-13T01:05:00,,,,0,,,,,,,,,,,,,,
2020-06-13 03:00:00,924.7,21.8,90,1.0,212.0,1.9,215.0,0.0,,,,,,,,,,2020-06-13T02:40:00,,,,0,,,,,,,,,,,,,,
2020-06-13 04:00:00,924.7,21.9,91,0.7,167.0,1.5,196.0,0.0,,,,,,,,,,2020-06-13T03:45:00,,,,0,,,,,,,,,,,,,,
2020-06-13 05:00:00,925.4,21.7,93,0.4,156.0,1.3,210.0,0.0,,,,,,,,,,2020-06-13T04:01:00,,,,0,,,,,,,,,,,,,,
2020-06-13 06:00:00,925.7,22.2,87,0.8,258.0,2.9,237.0,0.0,,,,,,,,,,2020-06-13T05:09:00,,,,0,,,,,,,,,,,,,,
2020-06-13 07:00:00,926.4,22.6,90,0.3,197.0,2.2,96.0,0.0,,,,,,,,,,2020-06-13T06:27:00,,,,0,,,,,,,,,,,,,,
2020-06-13 08:00:00,926.7,25.0,79,0.6,31.0,1.6,103.0,0.0,,,,,,,,,,2020-06-13T07:12:00,,,,0,,,,,,,,,,,,,,
2020-06-13 09:00:00,926.2,26.5,71,0.8,39.0,2.3,26.0,0.0,,,,,,,,,,2020-06-13T08:11:00,,,,0,,,,,,,,,,,,,,
2020-06-13 10:00:00,926.3,26.0,71,1.8,124.0,4.5,129.0,0.0,,,,,,,,,,2020-06-13T09:48:00,,,,0,,,,,,,,,,,,,,
2020-06-13 11:00:00,926.6,26.0,78,1.0,114.0,4.4,79.0,0.0,,,,,,,,,,2020-06-13T10:15:00,,,,0,,,,,,,,,,,,,,
2020-06-13 12:00:00,926.2,26.4,76,1.6,26.0,3.4,52.0,0.0,,,,,,,,,,2020-06-13T11:52:00,,,,0,,,,,,,,,,,,,,
2020-06-13 13:00:00,925.7,27.2,70,0.7,52.0,3.5,25.0,0.0,,,,,,,,,,2020-06-13T12:16:00,,,,0,,,,,,,,,,,,,,
2020-06-13 14:00:00,925.8,23.3,92,1.2,109.0,6.3,92.0,3.5,,,,,,,,,,2020-06-13T13:09:00,,,,0,,,,,,,,,,,,,,
2020-06-13 15:00:00,925.4,25.3,89,1.0,8.0,2.1,69.0,0.0,,,,,,,,,,2020-06-13T14:01:00,,,,0,,,,,,,,,,,,,,
2020-06-13 16:00:00,925.4,24.1,92,1.1,97.0,2.0,72.0,0.0,,,,,,,,,,2020-06-13T15:55:00,,,,0,,,,,,,,,,,,,,
2020-06-13 17:00:00,925.5,24.8,90,0.3,338.0,2.0,10.0,0.0,,,,,,,,,,2020-06-13T16:21:00,,,,0,,,,,,,,,,,,,,
2020-06-13 18:00:00,926.0,23.9,92,0.8,101.0,2.3,101.0,0.0,,,,,,,,,,2020-06-13T17:58:00,,,,0,,,,,,,,,,,,,,
2020-06-13 19:00:00,926.8,22.7,97,0.4,254.0,3.0,106.0,0.0,,,,,,,,,,2020-06-13T18:25:00,,,,0,,,,,,,,,,,,,,
2020-06-13 20:00:00,927.7,22.7,98,0.8,207.0,1.3,237.0,0.0,,,,,,,,,,2020-06-13T20:00:00,,,,0,,,,,,,,,,,,,,
2020-06-13 21:00:00,928.2,22.7,97,0.8,115.0,3.1,298.0,0.0,,,,,,,,,,2020-06-13T20:30:00,,,,0,,,,,,,,,,,,,,
2020-06-13 22:00:00,928.9,22.4,98,0.5,260.0,1.3,225.0,0.0,,,,,,,,,,2020-06-13T22:00:00,,,,0,,,,,,,,,,,,,,
2020-06-13 23:00:00,928.5,21.6,96,0.3,198.0,1.7,213.0,0.0,,,,,,,,,,2020-06-13T22:29:00,,,,0,,,,,,,,,,,,,,
2020-06-14 00:00:00,928.3,20.8,97,1.2,217.0,2.0,220.0,0.0,,,,,,,,,,2020-06-13T23:12:00,,,,0,,,,,,,,,,,,,,
2020-06-14 01:00:00,927.8,20.4,96,1.2,222.0,2.0,203.0,0.0,,,,,,,,,,2020-06-14T00:33:00,,,,0,,,,,,,,,,,,,,
2020-06-14 02:00:00,927.9,20.2,95,1.1,228.0,2.4,198.0,0.0,,,,,,,,,,2020-06-14T01:26:00,,,,0,,,,,,,,,,,,,,
2020-06-14 03:00:00,928.1,20.5,96,0.5,190.0,1.8,209.0,0.0,,,,,,,,,,2020-06-14T02:03:00,,,,0,,,,,,,,,,,,,,
2020-06-14 04:00:00,927.7,20.6,91,0.8,225.0,2.5,221.0,0.0,,,,,,,,,,2020-06-14T03:21:00,,,,0,,,,,,,,,,,,,,
2020-06-14 05:00:00,928.0,20.4,92,1.2,227.0,2.6,299.0,0.0,,,,,,,,,,2020-06-14T04:06:00,,,,0,,,,,,,,,,,,,,
2020-06-14 06:00:00,927.9,20.9,86,0.9,230.0,2.8,254.0,0.0,,,,,,,,,,2020-06-14T05:57:00,,,,0,,,,,,,,,,,,,,
2020-06-14 07:00:00,929.2,22.2,83,0.6,265.0,1.4,63.0,0.0,,,,,,,,,,2020-06-14T06:07:00,,,,0,,,,,,,,,,,,,,
2020-06-14 08:00:00,928.7,25.4,76,0.7,70.0,1.9,18.0,0.0,,,,,,,,,,2020-06-14T07:38:00,,,,0,,,,,,,,,,,,,,
2020-06-14 09:00:00,928.6,27.4,62,1.1,34.0,2.5,21.0,0.0,,,,,,,,,,2020-06-14T08:51:00,,,,0,,,,,,,,,,,,,,
2020-06-14 10:00:00,928.0,28.8,60,1.1,55.0,4.7,55.0,0.0,,,,,,,,,,2020-06-14T09:52:00,,,,0,,,,,,,,,,,,,,
2020-06-14 11:00:00,927.6,29.1,63,1.9,94.0,7.0,89.0,0.0,,,,,,,,,,2020-06-14T10:53:00,,,,0,,,,,,,,,,,,,,
2020-06-14 12:00:00,927.5,29.8,63,2.1,91.0,7.2,75.0,0.0,,,,,,,,,,2020-06-14T11:48:00,,,,0,,,,,,,,,,,,,,
2020-06-14 13:00:00,927.1,30.0,57,2.1,17.0,7.0,36.0,0.0,,,,,,,,,,2020-06-14T12:37:00,,,,0,,,,,,,,,,,,,,
2020-06-14 14:00:00,926.7,29.3,61,2.1,54.0,7.5,86.0,0.0,,,,,,,,,,2020-06-14T13:50:00,,,,0,,,,,,,,,,,,,,
2020-06-14 15:00:00,926.6,28.4,69,1.5,34.0,8.1,81.0,0.0,,,,,,,,,,2020-06-14T14:37:00,,,,0,,,,,,,,,,,,,,
2020-06-14 16:00:00,926.9,26.2,79,1.3,205.0,7.5,94.0,0.0,,,,,,,,,,2020-06-14T15:05:00,,,,0,,,,,,,,,,,,,,
2020-06-14 17:00:00,927.4,25.3,84,1.0,96.0,5.0,91.0,0.0,,,,,,,,,,2020-06-14T16:40:00,,,,0,,,,,,,,,,,,,,
2020-06-14 18:00:00,927.8,24.6,89,0.6,82.0,3.4,245.0,0.0,,,,,,,,,,2020-06-14T17:40:00,,,,0,,,,,,,,,,,,,,
2020-06-14 19:00:00,928.7,24.0,93,0.4,113.0,2.7,89.0,0.0,,,,,,,,,,2020-06-14T18:24:00,,,,0,,,,,,,,,,,,,,
2020-06-14 20:00:00,929.3,23.7,96,0.0,0.0,1.8,118.0,0.0,,,,,,,,,,2020-06-14T19:21:00,,,,0,,,,,,,,,,,,,,
2020-06-14 21:00:00,929.3,23.1,98,0.4,203.0,0.8,205.0,0.0,,,,,,,,,,2020-06-14T20:53:00,,,,0,,,,,,,,,,,,,,
2020-06-14 22:00:00,929.9,23.3,98,0.0,0.0,0.7,195.0,0.0,,,,,,,,,,2020-06-14T21:13:00,,,,0,,,,,,,,,,,,,,
2020-06-14 23:00:00,930.1,23.3,98,0.1,0.0,0.7,353.0,0.0,,,,,,,,,,2020-06-14T22:59:00,,,,0,,,,,,,,,,,,,,
2020-06-15 00:00:00,930.0,22.9,91,1.1,281.0,3.3,305.0,0.0,,,,,,,,,,2020-06-15T00:00:00,,,,0,,,,,,,,,,,,,,
2020-06-15 01:00:00,929.5,21.6,94,1.1,188.0,2.0,296.0,0.0,,,,,,,,,,2020-06-15T00:10:00,,,,0,,,,,,,,,,,,,,
2020-06-15 02:00:00,929.1,20.9,95,1.5,218.0,2.1,212.0,0.0,,,,,,,,,,2020-06-15T01:28:00,,,,0,,,,,,,,,,,,,,
2020-06-15 03:00:00,928.6,20.4,93,1.8,203.0,2.3,205.0,0.0,,,,,,,,,,2020-06-15T02:58:00,,,,0,,,,,,,,,,,,,,
2020-06-15 04:00:00,928.7,19.9,94,1.4,209.0,2.4,216.0,0.0,,,,,,,,,,2020-06-15T03:08:00,,,,0,,,,,,,,,,,,,,
2020-06-15 05:00:00,928.6,19.5,92,1.2,210.0,2.3,205.0,0.0,,,,,,,,,,2020-06-15T04:33:00,,,,0,,,,,,,,,,,,,,
2020-06-15 06:00:00,928.9,19.4,92,1.0,207.0,2.0,203.0,0.0,,,,,,,,,,2020-06-15T05:10:00,,,,0,,,,,,,,,,,,,,
2020-06-15 07:00:00,929.2,23.9,74,0.4,2.0,1.7,1.0,0.0,,,,,,,,,,2020-06-15T06:41:00,,,,0,,,,,,,,,,,,,,
2020-06-15 08:00:00,928.9,25.8,67,0.5,66.0,1.5,16.0,0.0,,,,,,,,,,2020-06-15T08:00:00,,,,0,,,,,,,,,,,,,,
2020-06-15 09:00:00,928.6,26.8,64,1.6,71.0,4.5,67.0,0.0,,,,,,,,,,2020-06-15T08:58:00,,,,0,,,,,,,,,,,,,,
2020-06-15 10:00:00,928.0,27.1,68,2.7,92.0,8.4,141.0,0.0,,,,,,,,,,2020-06-15T09:51:00,,,,0,,,,,,,,,,,,,,
2020-06-15 11:00:00,927.6,27.6,72,2.0,75.0,6.9,68.0,0.0,,,,,,,,,,2020-06-15T10:02:00,,,,0,,,,,,,,,,,,,,
2020-06-15 12:00:00,926.8,28.0,71,1.9,82.0,6.3,232.0,0.0,,,,,,,,,,2020-06-15T11:47:00,,,,0,,,,,,,,,,,,,,
2020-06-15 13:00:00,926.0,28.1,71,2.3,93.0,8.7,87.0,0.0,,,,,,,,,,2020-06-15T12:35:00,,,,0,,,,,,,,,,,,,,
2020-06-15 14:00:00,925.8,28.4,69,2.2,88.0,7.4,68.0,0.0,,,,,,,,,,2020-06-15T13:59:00,,,,0,,,,,,,,,,,,,,
2020-06-15 15:00:00,925.7,27.7,72,1.5,47.0,6.6,72.0,0.0,,,,,,,,,,2020-06-15T14:22:00,,,,0,,,,,,,,,,,,,,
2020-06-15 16:00:00,925.6,28.2,72,2.2,98.0,4.9,80.0,0.0,,,,,,,,,,2020-06-15T15:33:00,,,,0,,,,,,,,,,,,,,
2020-06-15 17:00:00,925.8,26.9,79,1.4,68.0,4.7,88.0,0.0,,,,,,,,,,2020-06-15T16:37:00,,,,0,,,,,,,,,,,,,,
2020-06-15 18:00:00,926.2,26.3,83,0.6,134.0,2.6,124.0,0.0,,,,,,,,,,2020-06-15T17:39:00,,,,0,,,,,,,,,,,,,,
2020-06-15 19:00:00,926.6,25.5,86,1.2,143.0,2.7,125.0,0.0,,,,,,,,,,2020-06-15T18:55:00,,,,0,,,,,,,,,,,,,,
2020-06-15 20:00:00,927.2,24.6,91,1.0,181.0,2.1,227.0,0.0,,,,,,,,,,2020-06-15T19:02:00,,,,0,,,,,,,,,,,,,,
2020-06-15 21:00:00,927.5,24.5,90,0.9,229.0,1.7,196.0,0.0,,,,,,,,,,2020-06-15T20:03:00,,,,0,,,,,,,,,,,,,,
2020-06-15 22:00:00,927.7,23.2,94,1.3,212.0,2.1,205.0,0.0,,,,,,,,,,2020-06-15T21:38:00,,,,0,,,,,,,,,,,,,,
2020-06-15 23:00:00,927.6,22.4,90,1.5,207.0,2.8,204.0,0.0,,,,,,,,,,2020-06-15T22:41:00,,,,0,,,,,,,,,,,,,,
2020-06-16 00:00:00,927.5,22.0,86,2.3,201.0,2.9,199.0,0.0,,,,,,,,,,2020-06-15T23:16:00,,,,0,,,,,,,,,,,,,,
2020-06-16 01:00:00,927.0,21.4,87,1.5,209.0,2.7,238.0,0.0,,,,,,,,,,2020-06-16T00:42:00,,,,0,,,,,,,,,,,,,,
2020-06-16 02:00:00,926.6,21.0,85,1.8,208.0,2.9,202.0,0.0,,,,,,,,,,2020-06-16T01:28:00,,,,0,,,,,,,,,,,,,,
2020-06-16 03:00:00,926.3,20.4,87,2.0,210.0,2.6,202.0,0.0,,,,,,,,,,2020-06-16T02:46:00,,,,0,,,,,,,,,,,,,,
2020-06-16 04:00:00,926.4,20.1,87,1.9,204.0,2.8,201.0,0.0,,,,,,,,,,2020-06-16T03:54:00,,,,0,,,,,,,,,,,,,,
2020-06-16 05:00:00,926.2,19.7,87,1.1,204.0,2.4,230.0,0.0,,,,,,,,,,2020-06-16T04:35:00,,,,0,,,,,,,,,,,,,,
2020-06-16 06:00:00,926.7,19.8,87,1.2,199.0,2.3,206.0,0.0,,,,,,,,,,2020-06-16T05:23:00,,,,0,,,,,,,,,,,,,,
2020-06-16 07:00:00,927.0,24.4,66,0.4,359.0,1.6,345.0,0.0,,,,,,,,,,2020-06-16T06:42:00,,,,0,,,,,,,,,,,,,,
2020-06-16 08:00:00,926.5,26.3,61,0.4,353.0,1.2,7.0,0.0,,,,,,,,,,2020-06-16T07:24:00,,,,0,,,,,,,,,,,,,,
2020-06-16 09:00:00,926.2,27.8,60,1.3,23.0,4.1,79.0,0.0,,,,,,,,,,2020-06-16T08:34:00,,,,0,,,,,,,,,,,,,,
2020-06-16 10:00:00,925.4,28.7,62,1.8,100.0,5.5,61.0,0.0,,,,,,,,,,2020-06-16T10:00:00,,,,0,,,,,,,,,,,,,,
2020-06-16 11:00:00,924.4,29.6,60,1.7,67.0,5.6,155.0,0.0,,,,,,,,,,2020-06-16T10:55:00,,,,0,,,,,,,,,,,,,,
2020-06-16 12:00:00,923.6,29.9,63,2.0,41.0,7.9,109.0,0.0,,,,,,,,,,2020-06-16T11:49:00,,,,0,,,,,,,,,,,,,,
2020-06-16 13:00:00,922.9,30.0,62,2.2,65.0,7.0,162.0,0.0,,,,,,,,,,2020-06-16T12:55:00,,,,0,,,,,,,,,,,,,,
2020-06-16 14:00:00,922.5,30.1,61,2.6,64.0,8.0,73.0,0.0,,,,,,,,,,2020-06-16T13:29:00,,,,0,,,,,,,,,,,,,,
2020-06-16 15:00:00,922.4,30.2,67,1.5,89.0,6.7,54.0,0.0,,,,,,,,,,2020-06-16T14:27:00,,,,0,,,,,,,,,,,,,,
2020-06-16 16:00:00,922.3,30.3,66,1.9,87.0,6.5,85.0,0.0,,,,,,,,,,2020-06-16T15:15:00,,,,0,,,,,,,,,,,,,,
2020-06-16 17:00:00,922.8,28.8,72,1.9,86.0,6.2,104.0,0.0,,,,,,,,,,2020-06-16T16:24:00,,,,0,,,,,,,,,,,,,,
2020-06-16 18:00:00,923.1,27.5,79,0.8,238.0,4.9,82.0,0.0,,,,,,,,,,2020-06-16T17:04:00,,,,0,,,,,,,,,,,,,,
2020-06-16 19:00:00,923.8,26.0,84,1.2,150.0,3.0,225.0,0.0,,,,,,,,,,2020-06-16T18:06:00,,,,0,,,,,,,,,,,,,,
2020-06-16 20:00:00,924.4,24.9,89,1.1,209.0,2.1,171.0,0.0,,,,,,,,,,2020-06-16T19:10:00,,,,0,,,,,,,,,,,,,,
2020-06-16 21:00:00,924.6,23.8,93,0.8,196.0,1.8,203.0,0.0,,,,,,,,,,2020-06-16T20:38:00,,,,0,,,,,,,,,,,,,,
2020-06-16 22:00:00,925.0,23.4,95,1.4,210.0,2.0,206.0,0.0,,,,,,,,,,2020-06-16T21:13:00,,,,0,,,,,,,,,,,,,,
2020-06-16 23:00:00,925.0,22.9,95,1.4,207.0,2.0,206.0,0.0,,,,,,,,,,2020-06-16T22:36:00,,,,0,,,,,,,,,,,,,,
2020-06-17 00:00:00,924.8,22.4,95,1.2,221.0,2.2,203.0,0.0,,,,,,,,,,2020-06-16T23:32:00,,,,0,,,,,,,,,,,,,,
2020-06-17 01:00:00,924.5,21.9,94,1.3,222.0,2.3,203.0,0.0,,,,,,,,,,2020-06-17T00:32:00,,,,0,,,,,,,,,,,,,,
2020-06-17 02:00:00,924.2,21.2,91,1.6,216.0,2.7,208.0,0.0,,,,,,,,,,2020-06-17T01:43:00,,,,0,,,,,,,,,,,,,,
2020-06-17 03:00:00,923.8,20.8,87,1.9,203.0,3.0,205.0,0.0,,,,,,,,,,2020-06-17T02:56:00,,,,0,,,,,,,,,,,,,,
2020-06-17 04:00:00,923.8,19.9,90,1.8,208.0,2.5,215.0,0.0,,,,,,,,,,2020-06-17T03:27:00,,,,0,,,,,,,,,,,,,,
2020-06-17 05:00:00,923.9,19.9,86,1.7,215.0,2.7,201.0,0.0,,,,,,,,,,2020-06-17T04:25:00,,,,0,,,,,,,,,,,,,,
2020-06-17 06:00:00,924.1,19.7,86,1.5,208.0,2.5,196.0,0.0,,,,,,,,,,2020-06-17T05:06:00,,,,0,,,,,,,,,,,,,,
2020-06-17 07:00:00,924.4,24.9,62,0.2,0.0,1.8,311.0,0.0,,,,,,,,,,2020-06-17T06:15:00,,,,0,,,,,,,,,,,,,,
2020-06-17 08:00:00,924.2,26.4,59,0.3,358.0,1.6,79.0,0.0,,,,,,,,,,2020-06-17T08:00:00,,,,0,,,,,,,,,,,,,,
2020-06-17 09:00:00,924.3,28.4,62,1.1,17.0,3.5,16.0,0.0,,,,,,,,,,2020-06-17T08:51:00,,,,0,,,,,,,,,,,,,,
2020-06-17 10:00:00,923.9,29.1,63,1.3,73.0,3.7,106.0,0.0,,,,,,,,,,2020-06-17T09:59:00,,,,0,,,,,,,,,,,,,,
2020-06-17 11:00:00,923.4,29.1,65,2.5,36.0,7.0,93.0,0.0,,,,,,,,,,2020-06-17T10:45:00,,,,0,,,,,,,,,,,,,,
2020-06-17 12:00:00,923.0,29.7,64,1.8,106.0,6.2,86.0,0.0,,,,,,,,,,2020-06-17T11:03:00,,,,0,,,,,,,,,,,,,,
2020-06-17 13:00:00,922.4,30.3,61,1.5,70.0,8.2,24.0,0.0,,,,,,,,,,2020-06-17T12:19:00,,,,0,,,,,,,,,,,,,,
2020-06-17 14:00:00,922.3,30.9,61,1.7,27.0,7.0,27.0,0.0,,,,,,,,,,2020-06-17T13:22:00,,,,0,,,,,,,,,,,,,,
2020-06-17 15:00:00,922.3,31.2,63,1.1,5.0,6.7,65.0,0.0,,,,,,,,,,2020-06-17T14:48:00,,,,0,,,,,,,,,,,,,,
2020-06-17 16:00:00,922.4,28.9,68,1.3,297.0,7.9,90.0,0.0,,,,,,,,,,2020-06-17T15:38:00,,,,0,,,,,,,,,,,,,,
2020-06-17 17:00:00,922.6,29.4,68,1.2,54.0,5.1,79.0,0.0,,,,,,,,,,2020-06-17T16:18:00,,,,0,,,,,,,,,,,,,,
2020-06-17 18:00:00,922.9,27.9,72,1.4,184.0,3.2,237.0,0.0,,,,,,,,,,2020-06-17T17:04:00,,,,0,,,,,,,,,,,,,,
2020-06-17 19:00:00,923.5,25.8,83,1.4,179.0,3.2,139.0,0.0,,,,,,,,,,2020-06-17T18:04:00,,,,0,,,,,,,,,,,,,,
2020-06-17 20:00:00,924.4,24.8,86,1.9,203.0,2.3,178.0,0.0,,,,,,,,,,2020-06-17T19:07:00,,,,0,,,,,,,,,,,,,,
2020-06-17 21:00:00,924.8,24.1,90,1.2,207.0,2.3,200.0,0.0,,,,,,,,,,2020-06-17T20:46:00,,,,0,,,,,,,,,,,,,,
2020-06-17 22:00:00,925.0,23.8,87,1.0,204.0,2.2,216.0,0.0,,,,,,,,,,2020-06-17T21:03:00,,,,0,,,,,,,,,,,,,,
2020-06-17 23:00:00,925.2,23.3,80,1.8,215.0,2.7,213.0,0.0,,,,,,,,,,2020-06-17T22:57:00,,,,0,,,,,,,,,,,,,,
2020-06-18 00:00:00,924.8,22.1,82,1.7,213.0,2.6,203.0,0.0,,,,,,,,,,2020-06-17T23:03:00,,,,0,,,,,,,,,,,,,,
2020-06-18 01:00:00,924.3,21.8,77,1.6,210.0,2.7,203.0,0.0,,,,,,,,,,2020-06-18T00:55:00,,,,0,,,,,,,,,,,,,,
2020-06-18 02:00:00,923.9,20.9,79,1.7,210.0,2.6,214.0,0.0,,,,,,,,,,2020-06-18T01:07:00,,,,0,,,,,,,,,,,,,,
2020-06-18 03:00:00,923.6,20.5,78,1.8,212.0,2.7,209.0,0.0,,,,,,,,,,2020-06-18T02:24:00,,,,0,,,,,,,,,,,,,,
2020-06-18 04:00:00,923.4,20.5,75,1.6,209.0,2.6,211.0,0.0,,,,,,,,,,2020-06-18T03:34:00,,,,0,,,,,,,,,,,,,,
2020-06-18 05:00:00,923.2,19.9,75,1.4,212.0,3.0,199.0,0.0,,,,,,,,,,2020-06-18T04:13:00,,,,0,,,,,,,,,,,,,,
2020-06-18 06:00:00,923.8,20.3,76,1.6,219.0,2.8,198.0,0.0,,,,,,,,,,2020-06-18T05:09:00,,,,0,,,,,,,,,,,,,,
2020-06-18 07:00:00,924.2,23.9,65,0.7,51.0,2.4,220.0,0.0,,,,,,,,,,2020-06-18T06:01:00,,,,0,,,,,,,,,,,,,,
2020-06-18 08:00:00,924.3,26.6,55,0.5,4.0,1.3,19.0,0.0,,,,,,,,,,2020-06-18T07:12:00,,,,0,,,,,,,,,,,,,,
2020-06-18 09:00:00,924.3,28.1,53,1.5,39.0,3.6,77.0,0.0,,,,,,,,,,2020-06-18T08:55:00,,,,0,,,,,,,,,,,,,,
2020-06-18 10:00:00,924.0,29.9,58,1.2,57.0,3.8,27.0,0.0,,,,,,,,,,2020-06-18T09:11:00,,,,0,,,,,,,,,,,,,,
2020-06-18 11:00:00,923.7,30.0,58,2.0,121.0,6.3,156.0,0.0,,,,,,,,,,2020-06-18T10:53:00,,,,0,,,,,,,,,,,,,,
2020-06-18 12:00:00,923.4,30.4,59,2.2,88.0,6.5,160.0,0.0,,,,,,,,,,2020-06-18T11:41:00,,,,0,,,,,,,,,,,,,,
2020-06-18 13:00:00,923.3,30.9,56,1.6,85.0,6.1,84.0,0.0,,,,,,,,,,2020-06-18T12:53:00,,,,0,,,,,,,,,,,,,,
2020-06-18 14:00:00,922.9,31.4,57,1.6,30.0,5.4,98.0,0.0,,,,,,,,,,2020-06-18T13:11:00,,,,0,,,,,,,,,,,,,,
2020-06-18 15:00:00,922.6,30.9,61,1.9,35.0,6.1,69.0,0.0,,,,,,,,,,2020-06-18T14:57:00,,,,0,,,,,,,,,,,,,,
2020-06-18 16:00:00,922.5,31.0,62,1.0,55.0,4.7,85.0,0.0,,,,,,,,,,2020-06-18T15:33:00,,,,0,,,,,,,,,,,,,,
2020-06-18 17:00:00,922.7,29.4,65,1.2,126.0,5.2,119.0,0.0,,,,,,,,,,2020-06-18T16:05:00,,,,0,,,,,,,,,,,,,,
2020-06-18 18:00:00,923.3,27.3,73,0.7,228.0,4.5,125.0,0.0,,,,,,,,,,2020-06-18T17:12:00,,,,0,,,,,,,,,,,,,,
2020-06-18 19:00:00,923.9,25.8,78,1.5,160.0,2.5,175.0,0.0,,,,,,,,,,2020-06-18T18:39:00,,,,0,,,,,,,,,,,,,,
2020-06-18 20:00:00,924.2,24.5,84,1.6,221.0,2.1,210.0,0.0,,,,,,,,,,2020-06-18T20:00:00,,,,0,,,,,,,,,,,,,,
2020-06-18 21:00:00,924.3,23.8,88,1.3,201.0,2.5,185.0,0.0,,,,,,,,,,2020-06-18T20:30:00,,,,0,,,,,,,,,,,,,,
2020-06-18 22:00:00,924.8,22.9,87,1.3,197.0,2.3,199.0,0.0,,,,,,,,,,2020-06-18T21:51:00,,,,0,,,,,,,,,,,,,,
2020-06-18 23:00:00,924.7,22.2,85,1.8,225.0,2.9,201.0,0.0,,,,,,,,,,2020-06-18T22:22:00,,,,0,,,,,,,,,,,,,,
2020-06-19 00:00:00,924.5,21.4,81,1.6,207.0,2.9,226.0,0.0,,,,,,,,,,2020-06-18T23:26:00,,,,0,,,,,,,,,,,,,,
2020-06-19 01:00:00,924.4,21.1,76,1.8,206.0,2.7,203.0,0.0,,,,,,,,,,2020-06-19T00:43:00,,,,0,,,,,,,,,,,,,,
2020-06-19 02:00:00,923.9,20.9,74,1.2,213.0,2.6,205.0,0.0,,,,,,,,,,2020-06-19T01:15:00,,,,0,,,,,,,,,,,,,,
2020-06-19 03:00:00,923.9,20.1,75,1.8,203.0,2.5,204.0,0.0,,,,,,,,,,2020-06-19T02:53:00,,,,0,,,,,,,,,,,,,,
2020-06-19 04:00:00,924.0,19.8,75,1.5,203.0,2.4,205.0,0.0,,,,,,,,,,2020-06-19T03:14:00,,,,0,,,,,,,,,,,,,,
2020-06-19 05:00:00,924.1,19.6,75,1.4,229.0,2.3,196.0,0.0,,,,,,,,,,2020-06-19T04:20:00,,,,0,,,,,,,,,,,,,,
2020-06-19 06:00:00,924.3,20.1,73,0.7,189.0,2.8,248.0,0.0,,,,,,,,,,2020-06-19T05:34:00,,,,0,,,,,,,,,,,,,,
2020-06-19 07:00:00,924.3,25.2,56,0.0,0.0,1.4,197.0,0.0,,,,,,,,,,2020-06-19T06:12:00,,,,0,,,,,,,,,,,,,,
2020-06-19 08:00:00,924.4,25.4,54,0.5,338.0,1.5,54.0,0.0,,,,,,,,,,2020-06-19T07:27:00,,,,0,,,,,,,,,,,,,,
2020-06-19 09:00:00,924.4,27.8,52,0.7,78.0,1.8,1.0,0.0,,,,,,,,,,2020-06-19T08:27:00,,,,0,,,,,,,,,,,,,,
2020-06-19 10:00:00,923.9,30.9,43,0.7,17.0,2.6,8.0,0.0,,,,,,,,,,2020-06-19T09:55:00,,,,0,,,,,,,,,,,,,,
2020-06-19 11:00:00,923.6,30.3,53,2.6,104.0,5.6,108.0,0.0,,,,,,,,,,2020-06-19T10:58:00,,,,0,,,,,,,,,,,,,,
2020-06-19 12:00:00,923.3,30.8,52,2.5,102.0,8.1,72.0,0.0,,,,,,,,,,2020-06-19T11:55:00,,,,0,,,,,,,,,,,,,,
2020-06-19 13:00:00,923.2,31.5,49,2.3,69.0,6.9,87.0,0.0,,,,,,,,,,2020-06-19T12:09:00,,,,0,,,,,,,,,,,,,,
2020-06-19 14:00:00,923.2,31.2,53,2.3,63.0,7.2,127.0,0.0,,,,,,,,,,2020-06-19T13:56:00,,,,0,,,,,,,,,,,,,,
2020-06-19 15:00:00,922.9,32.1,50,1.9,125.0,7.6,139.0,0.0,,,,,,,,,,2020-06-19T15:00:00,,,,0,,,,,,,,,,,,,,
2020-06-19 16:00:00,923.0,31.5,57,1.4,89.0,6.5,58.0,0.0,,,,,,,,,,2020-06-19T15:44:00,,,,0,,,,,,,,,,,,,,
2020-06-19 17:00:00,923.1,30.6,57,1.0,49.0,5.7,115.0,0.0,,,,,,,,,,2020-06-19T16:11:00,,,,0,,,,,,,,,,,,,,
2020-06-19 18:00:00,923.5,28.6,62,1.4,162.0,3.3,146.0,0.0,,,,,,,,,,2020-06-19T17:48:00,,,,0,,,,,,,,,,,,,,
2020-06-19 19:00:00,924.2,26.4,72,1.7,183.0,3.8,103.0,0.0,,,,,,,,,,2020-06-19T18:19:00,,,,0,,,,,,,,,,,,,,
2020-06-19 20:00:00,924.7,24.6,79,1.8,204.0,2.8,128.0,0.0,,,,,,,,,,2020-06-19T19:11:00,,,,0,,,,,,,,,,,,,,
2020-06-19 21:00:00,925.0,23.7,85,1.4,198.0,2.3,205.0,0.0,,,,,,,,,,2020-06-19T20:03:00,,,,0,,,,,,,,,,,,,,
2020-06-19 22:00:00,925.6,23.4,86,2.0,200.0,2.3,200.0,0.0,,,,,,,,,,2020-06-19T21:54:00,,,,0,,,,,,,,,,,,,,
2020-06-19 23:00:00,925.5,22.9,86,1.2,190.0,2.5,199.0,0.0,,,,,,,,,,2020-06-19T22:01:00,,,,0,,,,,,,,,,,,,,
2020-06-20 00:00:00,925.4,22.7,86,1.2,225.0,2.3,222.0,0.0,,,,,,,,,,2020-06-19T23:50:00,,,,0,,,,,,,,,,,,,,
2020-06-20 01:00:00,925.0,22.1,86,1.7,205.0,2.3,200.0,0.0,,,,,,,,,,2020-06-20T00:58:00,,,,0,,,,,,,,,,,,,,
2020-06-20 02:00:00,925.0,21.6,87,2.0,206.0,2.5,206.0,0.0,,,,,,,,,,2020-06-20T01:16:00,,,,0,,,,,,,,,,,,,,
2020-06-20 03:00:00,925.0,21.1,89,1.7,203.0,2.5,200.0,0.0,,,,,,,,,,2020-06-20T02:38:00,,,,0,,,,,,,,,,,,,,
2020-06-20 04:00:00,924.6,20.6,89,1.5,207.0,2.4,199.0,0.0,,,,,,,,,,2020-06-20T03:18:00,,,,0,,,,,,,,,,,,,,
2020-06-20 05:00:00,924.7,20.4,86,1.4,212.0,2.4,204.0,0.0,,,,,,,,,,2020-06-20T04:31:00,,,,0,,,,,,,,,,,,,,
2020-06-20 06:00:00,925.2,20.3,88,0.9,209.0,2.4,200.0,0.0,,,,,,,,,,2020-06-20T05:11:00,,,,0,,,,,,,,,,,,,,
2020-06-20 07:00:00,925.2,24.8,67,0.2,0.0,1.7,326.0,0.0,,,,,,,,,,2020-06-20T06:36:00,,,,0,,,,,,,,,,,,,,
2020-06-20 08:00:00,925.1,27.2,59,0.6,9.0,1.3,28.0,0.0,,,,,,,,,,2020-06-20T07:19:00,,,,0,,,,,,,,,,,,,,
2020-06-20 09:00:00,924.7,29.1,53,1.7,32.0,3.9,11.0,0.0,,,,,,,,,,2020-06-20T08:55:00,,,,0,,,,,,,,,,,,,,
2020-06-20 10:00:00,924.3,30.0,57,1.1,113.0,4.8,12.0,0.0,,,,,,,,,,2020-06-20T09:08:00,,,,0,,,,,,,,,,,,,,
2020-06-20 11:00:00,924.1,30.2,57,1.7,34.0,5.9,100.0,0.0,,,,,,,,,,2020-06-20T10:40:00,,,,0,,,,,,,,,,,,,,
2020-06-20 12:00:00,923.4,31.8,50,1.7,92.0,6.3,58.0,0.0,,,,,,,,,,2020-06-20T11:49:00,,,,0,,,,,,,,,,,,,,
2020-06-20 13:00:00,922.9,31.7,47,1.8,92.0,6.6,265.0,0.0,,,,,,,,,,2020-06-20T12:04:00,,,,0,,,,,,,,,,,,,,
2020-06-20 14:00:00,922.4,30.8,58,2.8,81.0,7.0,342.0,0.0,,,,,,,,,,2020-06-20T13:08:00,,,,0,,,,,,,,,,,,,,
2020-06-20 15:00:00,922.1,30.0,63,1.7,99.0,6.6,110.0,0.0,,,,,,,,,,2020-06-20T14:47:00,,,,0,,,,,,,,,,,,,,
2020-06-20 16:00:00,921.7,30.0,63,1.3,115.0,6.5,50.0,0.0,,,,,,,,,,2020-06-20T15:04:00,,,,0,,,,,,,,,,,,,,
2020-06-20 17:00:00,921.8,29.0,70,1.1,23.0,5.5,99.0,0.0,,,,,,,,,,2020-06-20T16:13:00,,,,0,,,,,,,,,,,,,,
2020-06-20 18:00:00,922.1,27.3,74,0.8,158.0,3.8,83.0,0.0,,,,,,,,,,2020-06-20T17:32:00,,,,0,,,,,,,,,,,,,,
2020-06-20 19:00:00,922.9,25.6,82,1.1,171.0,3.2,152.0,0.0,,,,,,,,,,2020-06-20T18:06:00,,,,0,,,,,,,,,,,,,,
2020-06-20 20:00:00,923.1,24.6,87,1.1,198.0,2.3,188.0,0.0,,,,,,,,,,2020-06-20T19:23:00,,,,0,,,,,,,,,,,,,,
2020-06-20 21:00:00,923.3,23.7,91,1.6,200.0,2.0,195.0,0.0,,,,,,,,,,2020-06-20T20:59:00,,,,0,,,,,,,,,,,,,,
2020-06-20 22:00:00,923.9,23.1,93,1.1,214.0,2.1,201.0,0.0,,,,,,,,,,2020-06-20T21:02:00,,,,0,,,,,,,,,,,,,,
2020-06-20 23:00:00,923.8,22.5,93,1.5,205.0,2.2,203.0,0.0,,,,,,,,,,2020-06-20T22:52:00,,,,0,,,,,,,,,,,,,,
2020-06-21 00:00:00,923.5,22.0,91,1.7,206.0,2.4,201.0,0.0,,,,,,,,,,2020-06-20T23:15:00,,,,0,,,,,,,,,,,,,,
2020-06-21 01:00:00,923.0,21.3,87,1.5,215.0,2.6,193.0,0.0,,,,,,,,,,2020-06-21T00:44:00,,,,0,,,,,,,,,,,,,,
2020-06-21 02:00:00,922.4,21.4,82,1.5,226.0,2.8,203.0,0.0,,,,,,,,,,2020-06-21T01:17:00,,,,0,,,,,,,,,,,,,,
2020-06-21 03:00:00,922.2,20.2,85,1.3,204.0,2.4,213.0,0.0,,,,,,,,,,2020-06-21T02:25:00,,,,0,,,,,,,,,,,,,,
2020-06-21 04:00:00,922.2,20.3,82,1.2,210.0,2.7,202.0,0.0,,,,,,,,,,2020-06-21T03:13:00,,,,0,,,,,,,,,,,,,,
2020-06-21 05:00:00,922.0,20.0,78,1.2,209.0,2.4,200.0,0.0,,,,,,,,,,2020-06-21T04:14:00,,,,0,,,,,,,,,,,,,,
2020-06-21 06:00:00,921.9,20.1,79,1.0,217.0,2.9,210.0,0.0,,,,,,,,,,2020-06-21T05:20:00,,,,0,,,,,,,,,,,,,,
2020-06-21 07:00:00,921.7,23.4,67,0.2,0.0,1.9,200.0,0.0,,,,,,,,,,2020-06-21T06:01:00,,,,0,,,,,,,,,,,,,,
2020-06-21 08:00:00,921.8,26.3,58,0.5,1.0,1.8,28.0,0.0,,,,,,,,,,2020-06-21T07:59:00,,,,0,,,,,,,,,,,,,,
2020-06-21 09:00:00,921.9,28.4,48,0.8,36.0,2.1,44.0,0.0,,,,,,,,,,2020-06-21T08:56:00,,,,0,,,,,,,,,,,,,,
2020-06-21 10:00:00,921.7,29.1,59,1.9,110.0,5.0,114.0,0.0,,,,,,,,,,2020-06-21T09:46:00,,,,0,,,,,,,,,,,,,,
2020-06-21 11:00:00,921.1,29.2,61,2.3,111.0,5.3,106.0,0.0,,,,,,,,,,2020-06-21T10:57:00,,,,0,,,,,,,,,,,,,,
2020-06-21 12:00:00,920.5,30.2,58,1.9,64.0,7.4,96.0,0.0,,,,,,,,,,2020-06-21T12:00:00,,,,0,,,,,,,,,,,,,,
2020-06-21 13:00:00,920.2,31.4,55,1.4,87.0,6.0,122.0,0.0,,,,,,,,,,2020-06-21T12:29:00,,,,0,,,,,,,,,,,,,,
2020-06-21 14:00:00,919.8,31.4,55,1.6,122.0,5.3,133.0,0.0,,,,,,,,,,2020-06-21T13:26:00,,,,0,,,,,,,,,,,,,,
2020-06-21 15:00:00,919.4,30.6,58,1.8,86.0,6.1,83.0,0.0,,,,,,,,,,2020-06-21T14:53:00,,,,0,,,,,,,,,,,,,,
2020-06-21 16:00:00,919.5,28.3,71,1.5,100.0,5.9,85.0,0.0,,,,,,,,,,2020-06-21T15:01:00,,,,0,,,,,,,,,,,,,,
2020-06-21 17:00:00,919.9,27.4,75,0.5,35.0,3.9,57.0,0.0,,,,,,,,,,2020-06-21T16:02:00,,,,0,,,,,,,,,,,,,,
2020-06-21 18:00:00,920.5,26.8,77,1.3,118.0,3.0,116.0,0.0,,,,,,,,,,2020-06-21T17:54:00,,,,0,,,,,,,,,,,,,,
2020-06-21 19:00:00,921.2,25.3,85,0.8,137.0,5.3,60.0,0.0,,,,,,,,,,2020-06-21T18:06:00,,,,0,,,,,,,,,,,,,,
2020-06-21 20:00:00,921.8,24.4,88,0.6,223.0,1.9,182.0,0.0,,,,,,,,,,2020-06-21T19:26:00,,,,0,,,,,,,,,,,,,,
2020-06-21 21:00:00,922.4,23.3,91,1.6,200.0,2.1,194.0,0.0,,,,,,,,,,2020-06-21T20:55:00,,,,0,,,,,,,,,,,,,,
2020-06-21 22:00:00,923.0,22.9,92,1.4,208.0,2.3,205.0,0.0,,,,,,,,,,2020-06-21T21:46:00,,,,0,,,,,,,,,,,,,,
2020-06-21 23:00:00,923.0,23.4,82,1.2,225.0,2.6,220.0,0.0,,,,,,,,,,2020-06-21T22:55:00,,,,0,,,,,,,,,,,,,,
2020-06-22 00:00:00,922.6,23.2,78,0.9,258.0,3.5,317.0,0.0,,,,,,,,,,2020-06-21T23:08:00,,,,0,,,,,,,,,,,,,,
2020-06-22 01:00:00,922.0,22.3,78,1.1,234.0,2.6,242.0,0.0,,,,,,,,,,2020-06-22T00:39:00,,,,0,,,,,,,,,,,,,,
2020-06-22 02:00:00,921.5,20.8,82,1.9,216.0,2.5,216.0,0.0,,,,,,,,,,2020-06-22T01:21:00,,,,0,,,,,,,,,,,,,,
2020-06-22 03:00:00,921.6,21.2,73,1.4,227.0,2.7,201.0,0.0,,,,,,,,,,2020-06-22T02:20:00,,,,0,,,,,,,,,,,,,,
2020-06-22 04:00:00,921.1,21.3,67,1.2,219.0,4.0,294.0,0.0,,,,,,,,,,2020-06-22T03:22:00,,,,0,,,,,,,,,,,,,,
2020-06-22 05:00:00,921.1,20.9,69,1.5,220.0,2.8,261.0,0.0,,,,,,,,,,2020-06-22T04:45:00,,,,0,,,,,,,,,,,,,,
2020-06-22 06:00:00,921.4,21.3,72,0.7,217.0,2.7,250.0,0.0,,,,,,,,,,2020-06-22T05:47:00,,,,0,,,,,,,,,,,,,,
2020-06-22 07:00:00,921.5,24.4,57,0.0,0.0,2.1,289.0,0.0,,,,,,,,,,2020-06-22T06:09:00,,,,0,,,,,,,,,,,,,,
2020-06-22 08:00:00,921.5,27.9,49,0.5,9.0,1.9,14.0,0.0,,,,,,,,,,2020-06-22T07:27:00,,,,0,,,,,,,,,,,,,,
2020-06-22 09:00:00,921.4,29.7,44,1.4,50.0,4.3,70.0,0.0,,,,,,,,,,2020-06-22T08:45:00,,,,0,,,,,,,,,,,,,,
2020-06-22 10:00:00,921.5,30.0,50,1.3,88.0,3.8,74.0,0.0,,,,,,,,,,2020-06-22T09:18:00,,,,0,,,,,,,,,,,,,,
2020-06-22 11:00:00,921.3,32.3,46,1.4,38.0,4.2,49.0,0.0,,,,,,,,,,2020-06-22T10:58:00,,,,0,,,,,,,,,,,,,,
2020-06-22 12:00:00,921.0,31.4,47,2.4,50.0,6.8,144.0,0.0,,,,,,,,,,2020-06-22T11:33:00,,,,0,,,,,,,,,,,,,,
2020-06-22 13:00:00,920.8,32.5,45,1.4,77.0,6.8,78.0,0.0,,,,,,,,,,2020-06-22T12:02:00,,,,0,,,,,,,,,,,,,,
2020-06-22 14:00:00,920.6,32.2,49,1.8,88.0,7.2,64.0,0.0,,,,,,,,,,2020-06-22T13:53:00,,,,0,,,,,,,,,,,,,,
2020-06-22 15:00:00,920.4,32.1,52,2.1,105.0,7.1,97.0,0.0,,,,,,,,,,2020-06-22T14:29:00,,,,0,,,,,,,,,,,,,,
2020-06-22 16:00:00,920.5,30.4,60,1.7,119.0,7.8,85.0,0.0,,,,,,,,,,2020-06-22T15:10:00,,,,0,,,,,,,,,,,,,,
2020-06-22 17:00:00,921.0,28.8,67,1.9,96.0,6.5,114.0,0.0,,,,,,,,,,2020-06-22T16:25:00,,,,0,,,,,,,,,,,,,,
2020-06-22 18:00:00,921.7,26.8,75,0.6,237.0,5.1,121.0,0.0,,,,,,,,,,2020-06-22T17:13:00,,,,0,,,,,,,,,,,,,,
2020-06-22 19:00:00,922.5,26.0,80,0.3,149.0,3.2,207.0,0.0,,,,,,,,,,2020-06-22T18:13:00,,,,0,,,,,,,,,,,,,,
2020-06-22 20:00:00,923.1,25.6,82,1.0,163.0,2.2,155.0,0.0,,,,,,,,,,2020-06-22T19:52:00,,,,0,,,,,,,,,,,,,,
2020-06-22 21:00:00,923.8,25.3,83,0.1,0.0,1.8,148.0,0.0,,,,,,,,,,2020-06-22T20:17:00,,,,0,,,,,,,,,,,,,,
2020-06-22 22:00:00,924.2,24.7,86,1.0,203.0,1.5,197.0,0.0,,,,,,,,,,2020-06-22T21:50:00,,,,0,,,,,,,,,,,,,,
2020-06-22 23:00:00,924.3,23.6,89,1.5,211.0,2.3,203.0,0.0,,,,,,,,,,2020-06-22T22:33:00,,,,0,,,,,,,,,,,,,,
2020-06-23 00:00:00,923.8,24.0,84,0.9,222.0,2.6,234.0,0.0,,,,,,,,,,2020-06-22T23:23:00,,,,0,,,,,,,,,,,,,,
2020-06-23 01:00:00,923.4,23.0,86,1.2,218.0,2.1,235.0,0.0,,,,,,,,,,2020-06-23T00:01:00,,,,0,,,,,,,,,,,,,,
2020-06-23 02:00:00,923.0,22.4,85,1.5,215.0,2.3,214.0,0.0,,,,,,,,,,2020-06-23T01:35:00,,,,0,,,,,,,,,,,,,,
2020-06-23 03:00:00,922.7,22.3,82,0.8,207.0,2.2,213.0,0.0,,,,,,,,,,2020-06-23T02:23:00,,,,0,,,,,,,,,,,,,,
2020-06-23 04:00:00,922.6,22.6,77,1.0,229.0,2.6,214.0,0.0,,,,,,,,,,2020-06-23T03:43:00,,,,0,,,,,,,,,,,,,,
2020-06-23 05:00:00,922.7,22.6,74,1.3,223.0,2.5,211.0,0.0,,,,,,,,,,2020-06-23T04:50:00,,,,0,,,,,,,,,,,,,,
2020-06-23 06:00:00,923.1,22.6,74,1.1,228.0,3.0,248.0,0.0,,,,,,,,,,2020-06-23T05:38:00,,,,0,,,,,,,,,,,,,,
2020-06-23 07:00:00,922.8,25.9,61,0.4,25.0,2.5,309.0,0.0,,,,,,,,,,2020-06-23T06:50:00,,,,0,,,,,,,,,,,,,,
2020-06-23 08:00:00,923.0,27.7,59,0.7,61.0,1.7,344.0,0.0,,,,,,,,,,2020-06-23T07:07:00,,,,0,,,,,,,,,,,,,,
2020-06-23 09:00:00,922.7,29.5,51,1.4,31.0,3.8,27.0,0.0,,,,,,,,,,2020-06-23T08:51:00,,,,0,,,,,,,,,,,,,,
2020-06-23 10:00:00,922.3,30.5,47,1.8,100.0,4.7,75.0,0.0,,,,,,,,,,2020-06-23T09:56:00,,,,0,,,,,,,,,,,,,,
2020-06-23 11:00:00,922.4,30.8,46,2.4,67.0,8.9,93.0,0.0,,,,,,,,,,2020-06-23T10:54:00,,,,0,,,,,,,,,,,,,,
2020-06-23 12:00:00,922.2,31.9,43,1.5,61.0,6.7,100.0,0.0,,,,,,,,,,2020-06-23T11:09:00,,,,0,,,,,,,,,,,,,,
2020-06-23 13:00:00,922.3,31.8,47,1.0,35.0,5.8,77.0,0.0,,,,,,,,,,2020-06-23T12:37:00,,,,0,,,,,,,,,,,,,,
2020-06-23 14:00:00,922.2,32.0,52,1.8,71.0,7.1,58.0,0.0,,,,,,,,,,2020-06-23T13:52:00,,,,0,,,,,,,,,,,,,,
2020-06-23 15:00:00,922.0,31.3,53,2.2,84.0,7.2,24.0,0.0,,,,,,,,,,2020-06-23T14:18:00,,,,0,,,,,,,,,,,,,,
2020-06-23 16:00:00,921.5,31.4,52,1.9,92.0,5.9,90.0,0.0,,,,,,,,,,2020-06-23T15:01:00,,,,0,,,,,,,,,,,,,,
2020-06-23 17:00:00,922.0,29.0,63,1.2,122.0,6.9,141.0,0.0,,,,,,,,,,2020-06-23T16:16:00,,,,0,,,,,,,,,,,,,,
2020-06-23 18:00:00,922.2,27.8,67,1.6,85.0,4.3,89.0,0.0,,,,,,,,,,2020-06-23T17:43:00,,,,0,,,,,,,,,,,,,,
2020-06-23 19:00:00,922.5,26.2,74,1.0,175.0,3.4,91.0,0.0,,,,,,,,,,2020-06-23T18:02:00,,,,0,,,,,,,,,,,,,,
2020-06-23 20:00:00,922.9,24.9,80,1.4,219.0,2.2,226.0,0.0,,,,,,,,,,2020-06-23T19:48:00,,,,0,,,,,,,,,,,,,,
2020-06-23 21:00:00,923.4,24.1,85,0.9,218.0,2.1,201.0,0.0,,,,,,,,,,2020-06-23T20:31:00,,,,0,,,,,,,,,,,,,,
2020-06-23 22:00:00,924.1,23.2,88,1.4,214.0,2.0,173.0,0.0,,,,,,,,,,2020-06-23T21:07:00,,,,0,,,,,,,,,,,,,,
2020-06-23 23:00:00,924.1,22.8,89,1.9,205.0,2.5,200.0,0.0,,,,,,,,,,2020-06-23T22:54:00,,,,0,,,,,,,,,,,,,,
2020-06-24 00:00:00,923.9,22.2,89,1.5,206.0,2.2,207.0,0.0,,,,,,,,,,2020-06-23T23:51:00,,,,0,,,,,,,,,,,,,,
2020-06-24 01:00:00,923.6,22.1,84,1.1,221.0,2.4,207.0,0.0,,,,,,,,,,2020-06-24T00:04:00,,,,0,,,,,,,,,,,,,,
2020-06-24 02:00:00,922.8,21.5,83,1.1,210.0,2.2,189.0,0.0,,,,,,,,,,2020-06-24T01:02:00,,,,0,,,,,,,,,,,,,,
2020-06-24 03:00:00,922.6,21.1,83,1.3,198.0,2.5,202.0,0.0,,,,,,,,,,2020-06-24T02:06:00,,,,0,,,,,,,,,,,,,,
2020-06-24 04:00:00,922.2,21.6,79,1.0,206.0,2.1,233.0,0.0,,,,,,,,,,2020-06-24T03:16:00,,,,0,,,,,,,,,,,,,,
2020-06-24 05:00:00,922.5,21.1,81,1.3,222.0,2.2,214.0,0.0,,,,,,,,,,2020-06-24T04:39:00,,,,0,,,,,,,,,,,,,,
2020-06-24 06:00:00,922.8,21.6,81,1.0,210.0,2.1,201.0,0.0,,,,,,,,,,2020-06-24T05:24:00,,,,0,,,,,,,,,,,,,,
2020-06-24 07:00:00,923.1,25.4,65,0.1,0.0,1.1,181.0,0.0,,,,,,,,,,2020-06-24T06:10:00,,,,0,,,,,,,,,,,,,,
2020-06-24 08:00:00,923.2,26.9,60,0.3,14.0,1.5,90.0,0.0,,,,,,,,,,2020-06-24T07:42:00,,,,0,,,,,,,,,,,,,,
2020-06-24 09:00:00,922.9,28.9,52,1.2,60.0,2.3,40.0,0.0,,,,,,,,,,2020-06-24T08:52:00,,,,0,,,,,,,,,,,,,,
2020-06-24 10:00:00,922.1,31.0,49,1.2,82.0,4.6,43.0,0.0,,,,,,,,,,2020-06-24T09:50:00,,,,0,,,,,,,,,,,,,,
2020-06-24 11:00:00,921.6,31.2,46,2.1,80.0,5.9,99.0,0.0,,,,,,,,,,2020-06-24T10:58:00,,,,0,,,,,,,,,,,,,,
2020-06-24 12:00:00,921.3,31.9,46,1.9,96.0,5.9,75.0,0.0,,,,,,,,,,2020-06-24T11:28:00,,,,0,,,,,,,,,,,,,,
2020-06-24 13:00:00,920.8,32.9,44,1.7,76.0,7.2,36.0,0.0,,,,,,,,,,2020-06-24T12:19:00,,,,0,,,,,,,,,,,,,,
2020-06-24 14:00:00,920.7,32.8,48,1.3,86.0,5.9,54.0,0.0,,,,,,,,,,2020-06-24T13:25:00,,,,0,,,,,,,,,,,,,,
2020-06-24 15:00:00,920.6,31.7,52,1.0,19.0,7.1,27.0,0.0,,,,,,,,,,2020-06-24T14:37:00,,,,0,,,,,,,,,,,,,,
2020-06-24 16:00:00,920.4,30.9,60,1.5,31.0,6.2,159.0,0.0,,,,,,,,,,2020-06-24T15:36:00,,,,0,,,,,,,,,,,,,,
2020-06-24 17:00:00,920.7,28.9,67,1.4,119.0,4.5,3.0,0.0,,,,,,,,,,2020-06-24T16:07:00,,,,0,,,,,,,,,,,,,,
2020-06-24 18:00:00,921.4,27.5,73,0.7,98.0,5.4,79.0,0.0,,,,,,,,,,2020-06-24T17:09:00,,,,0,,,,,,,,,,,,,,
2020-06-24 19:00:00,922.5,26.4,78,0.6,153.0,3.6,78.0,0.0,,,,,,,,,,2020-06-24T18:10:00,,,,0,,,,,,,,,,,,,,
2020-06-24 20:00:00,922.7,25.2,84,0.7,193.0,2.6,94.0,0.0,,,,,,,,,,2020-06-24T19:02:00,,,,0,,,,,,,,,,,,,,
2020-06-24 21:00:00,923.3,24.6,87,0.6,191.0,2.1,204.0,0.0,,,,,,,,,,2020-06-24T20:33:00,,,,0,,,,,,,,,,,,,,
2020-06-24 22:00:00,923.5,24.3,88,1.0,228.0,1.5,169.0,0.0,,,,,,,,,,2020-06-24T21:01:00,,,,0,,,,,,,,,,,,,,
2020-06-24 23:00:00,923.3,23.6,88,1.1,217.0,1.6,220.0,0.0,,,,,,,,,,2020-06-24T22:35:00,,,,0,,,,,,,,,,,,,,
2020-06-25 00:00:00,923.4,23.0,85,1.6,194.0,2.2,196.0,0.0,,,,,,,,,,2020-06-24T23:55:00,,,,0,,,,,,,,,,,,,,
2020-06-25 01:00:00,923.1,23.1,81,1.0,236.0,2.4,205.0,0.0,,,,,,,,,,2020-06-25T00:19:00,,,,0,,,,,,,,,,,,,,
2020-06-25 02:00:00,922.6,22.0,84,1.2,191.0,2.8,210.0,0.0,,,,,,,,,,2020-06-25T01:16:00,,,,0,,,,,,,,,,,,,,
2020-06-25 03:00:00,922.8,21.8,84,1.1,219.0,2.4,239.0,0.0,,,,,,,,,,2020-06-25T02:40:00,,,,0,,,,,,,,,,,,,,
2020-06-25 04:00:00,922.8,21.5,81,1.2,211.0,2.1,192.0,0.0,,,,,,,,,,2020-06-25T04:00:00,,,,0,,,,,,,,,,,,,,
2020-06-25 05:00:00,922.8,21.3,81,0.3,192.0,2.1,201.0,0.0,,,,,,,,,,2020-06-25T04:35:00,,,,0,,,,,,,,,,,,,,
2020-06-25 06:00:00,923.0,22.1,80,0.6,214.0,1.9,213.0,0.0,,,,,,,,,,2020-06-25T05:06:00,,,,0,,,,,,,,,,,,,,
2020-06-25 07:00:00,923.1,26.5,63,0.3,28.0,1.8,317.0,0.0,,,,,,,,,,2020-06-25T06:14:00,,,,0,,,,,,,,,,,,,,
2020-06-25 08:00:00,923.0,28.5,57,0.7,65.0,1.9,107.0,0.0,,,,,,,,,,2020-06-25T07:57:00,,,,0,,,,,,,,,,,,,,
2020-06-25 09:00:00,922.9,29.4,57,1.8,101.0,4.8,84.0,0.0,,,,,,,,,,2020-06-25T08:56:00,,,,0,,,,,,,,,,,,,,
2020-06-25 10:00:00,922.6,30.4,57,1.4,99.0,6.1,95.0,0.0,,,,,,,,,,2020-06-25T09:08:00,,,,0,,,,,,,,,,,,,,
2020-06-25 11:00:00,922.2,30.9,54,1.4,82.0,5.5,60.0,0.0,,,,,,,,,,2020-06-25T10:18:00,,,,0,,,,,,,,,,,,,,
2020-06-25 12:00:00,921.8,31.5,52,1.7,109.0,6.6,123.0,0.0,,,,,,,,,,2020-06-25T11:13:00,,,,0,,,,,,,,,,,,,,
2020-06-25 13:00:00,921.8,31.8,53,1.6,85.0,7.2,21.0,0.0,,,,,,,,,,2020-06-25T12:41:00,,,,0,,,,,,,,,,,,,,
2020-06-25 14:00:00,921.1,31.4,53,1.7,78.0,6.9,70.0,0.0,,,,,,,,,,2020-06-25T13:11:00,,,,0,,,,,,,,,,,,,,
2020-06-25 15:00:00,920.9,30.9,57,1.0,20.0,6.5,133.0,0.0,,,,,,,,,,2020-06-25T14:34:00,,,,0,,,,,,,,,,,,,,
2020-06-25 16:00:00,921.2,29.5,63,1.3,67.0,5.6,95.0,0.0,,,,,,,,,,2020-06-25T15:47:00,,,,0,,,,,,,,,,,,,,
2020-06-25 17:00:00,922.0,25.4,85,1.6,169.0,5.5,68.0,2.0,,,,,,,,,,2020-06-25T16:01:00,,,,0,,,,,,,,,,,,,,
2020-06-25 18:00:00,922.5,25.1,82,1.6,174.0,2.8,194.0,0.0,,,,,,,,,,2020-06-25T17:28:00,,,,0,,,,,,,,,,,,,,
2020-06-25 19:00:00,923.3,23.6,91,1.6,197.0,2.7,198.0,0.0,,,,,,,,,,2020-06-25T18:24:00,,,,0,,,,,,,,,,,,,,
2020-06-25 20:00:00,924.1,23.3,92,1.6,203.0,2.8,197.0,0.0,,,,,,,,,,2020-06-25T19:13:00,,,,0,,,,,,,,,,,,,,
2020-06-25 21:00:00,924.6,22.8,94,1.4,191.0,2.9,200.0,0.0,,,,,,,,,,2020-06-25T20:09:00,,,,0,,,,,,,,,,,,,,
2020-06-25 22:00:00,925.0,22.6,94,1.1,211.0,2.7,196.0,0.0,,,,,,,,,,2020-06-25T21:42:00,,,,0,,,,,,,,,,,,,,
2020-06-25 23:00:00,925.1,22.3,89,1.7,214.0,2.7,204.0,0.0,,,,,,,,,,2020-06-25T22:53:00,,,,0,,,,,,,,,,,,,,
2020-06-26 00:00:00,925.0,21.8,92,1.3,216.0,2.9,198.0,0.0,,,,,,,,,,2020-06-25T23:23:00,,,,0,,,,,,,,,,,,,,
2020-06-26 01:00:00,924.9,21.5,90,2.2,206.0,3.0,197.0,0.0,,,,,,,,,,2020-06-26T00:57:00,,,,0,,,,,,,,,,,,,,
2020-06-26 02:00:00,924.6,20.8,90,1.6,201.0,2.7,201.0,0.0,,,,,,,,,,2020-06-26T01:49:00,,,,0,,,,,,,,,,,,,,
2020-06-26 03:00:00,924.8,20.8,87,1.3,217.0,2.7,217.0,0.0,,,,,,,,,,2020-06-26T02:25:00,,,,0,,,,,,,,,,,,,,
2020-06-26 04:00:00,924.6,20.6,86,1.6,206.0,2.8,202.0,0.0,,,,,,,,,,2020-06-26T03:59:00,,,,0,,,,,,,,,,,,,,
2020-06-26 05:00:00,924.9,20.7,86,1.1,232.0,2.8,207.0,0.0,,,,,,,,,,2020-06-26T04:24:00,,,,0,,,,,,,,,,,,,,
2020-06-26 06:00:00,925.1,21.2,78,0.7,223.0,3.0,221.0,0.0,,,,,,,,,,2020-06-26T05:17:00,,,,0,,,,,,,,,,,,,,
2020-06-26 07:00:00,925.3,22.9,76,0.5,215.0,2.6,201.0,0.0,,,,,,,,,,2020-06-26T06:28:00,,,,0,,,,,,,,,,,,,,
2020-06-26 08:00:00,925.0,25.2,60,0.5,214.0,1.6,3.0,0.0,,,,,,,,,,2020-06-26T07:23:00,,,,0,,,,,,,,,,,,,,
2020-06-26 09:00:00,925.0,28.5,49,0.2,0.0,1.5,52.0,0.0,,,,,,,,,,2020-06-26T08:08:00,,,,0,,,,,,,,,,,,,,
2020-06-26 10:00:00,925.0,29.2,53,1.3,69.0,4.9,85.0,0.0,,,,,,,,,,2020-06-26T09:41:00,,,,0,,,,,,,,,,,,,,
2020-06-26 11:00:00,925.5,28.2,60,1.9,100.0,5.4,95.0,0.0,,,,,,,,,,2020-06-26T10:35:00,,,,0,,,,,,,,,,,,,,
2020-06-26 12:00:00,925.7,27.8,64,3.2,85.0,7.1,86.0,0.0,,,,,,,,,,2020-06-26T12:00:00,,,,0,,,,,,,,,,,,,,
2020-06-26 13:00:00,925.2,28.8,63,1.6,91.0,5.4,93.0,0.0,,,,,,,,,,2020-06-26T12:13:00,,,,0,,,,,,,,,,,,,,
2020-06-26 14:00:00,924.7,29.0,60,0.8,103.0,5.6,121.0,0.0,,,,,,,,,,2020-06-26T13:05:00,,,,0,,,,,,,,,,,,,,
2020-06-26 15:00:00,923.9,29.5,59,0.9,7.0,3.2,331.0,0.0,,,,,,,,,,2020-06-26T14:59:00,,,,0,,,,,,,,,,,,,,
2020-06-26 16:00:00,924.3,28.1,66,1.3,67.0,5.4,89.0,0.0,,,,,,,,,,2020-06-26T15:30:00,,,,0,,,,,,,,,,,,,,
2020-06-26 17:00:00,924.6,26.6,76,1.1,247.0,5.6,93.0,0.0,,,,,,,,,,2020-06-26T16:23:00,,,,0,,,,,,,,,,,,,,
2020-06-26 18:00:00,925.1,25.9,80,0.7,181.0,1.6,232.0,0.0,,,,,,,,,,2020-06-26T17:01:00,,,,0,,,,,,,,,,,,,,
2020-06-26 19:00:00,925.3,24.7,84,1.3,198.0,2.3,177.0,0.0,,,,,,,,,,2020-06-26T18:39:00,,,,0,,,,,,,,,,,,,,
2020-06-26 20:00:00,926.1,24.5,89,1.7,127.0,3.3,132.0,0.0,,,,,,,,,,2020-06-26T19:58:00,,,,0,,,,,,,,,,,,,,
2020-06-26 21:00:00,926.9,23.7,91,0.9,222.0,2.3,138.0,0.0,,,,,,,,,,2020-06-26T20:02:00,,,,0,,,,,,,,,,,,,,
2020-06-26 22:00:00,927.3,23.5,89,1.5,215.0,1.9,208.0,0.0,,,,,,,,,,2020-06-26T21:50:00,,,,0,,,,,,,,,,,,,,
2020-06-26 23:00:00,927.2,22.9,90,1.7,202.0,2.4,204.0,0.0,,,,,,,,,,2020-06-26T22:05:00,,,,0,,,,,,,,,,,,,,
2020-06-27 00:00:00,926.7,22.8,88,1.6,211.0,2.1,199.0,0.0,,,,,,,,,,2020-06-26T23:34:00,,,,0,,,,,,,,,,,,,,
2020-06-27 01:00:00,926.1,22.4,85,1.5,212.0,2.4,199.0,0.0,,,,,,,,,,2020-06-27T00:50:00,,,,0,,,,,,,,,,,,,,
2020-06-27 02:00:00,925.7,21.7,87,1.9,199.0,2.5,201.0,0.0,,,,,,,,,,2020-06-27T01:57:00,,,,0,,,,,,,,,,,,,,
2020-06-27 03:00:00,925.8,21.3,88,1.2,220.0,2.3,200.0,0.0,,,,,,,,,,2020-06-27T02:01:00,,,,0,,,,,,,,,,,,,,
2020-06-27 04:00:00,925.7,21.0,88,1.2,223.0,2.6,199.0,0.0,,,,,,,,,,2020-06-27T03:30:00,,,,0,,,,,,,,,,,,,,
2020-06-27 05:00:00,926.1,20.5,89,1.2,207.0,2.1,205.0,0.0,,,,,,,,,,2020-06-27T04:35:00,,,,0,,,,,,,,,,,,,,
2020-06-27 06:00:00,926.5,20.7,88,1.0,206.0,2.2,216.0,0.0,,,,,,,,,,2020-06-27T05:50:00,,,,0,,,,,,,,,,,,,,
2020-06-27 07:00:00,926.9,24.5,71,0.2,0.0,1.7,203.0,0.0,,,,,,,,,,2020-06-27T06:01:00,,,,0,,,,,,,,,,,,,,
2020-06-27 08:00:00,926.8,26.5,62,0.6,356.0,1.3,35.0,0.0,,,,,,,,,,2020-06-27T07:09:00,,,,0,,,,,,,,,,,,,,
2020-06-27 09:00:00,926.4,28.1,60,1.7,30.0,4.4,21.0,0.0,,,,,,,,,,2020-06-27T08:58:00,,,,0,,,,,,,,,,,,,,
2020-06-27 10:00:00,926.2,28.6,63,2.2,103.0,5.1,112.0,0.0,,,,,,,,,,2020-06-27T09:52:00,,,,0,,,,,,,,,,,,,,
2020-06-27 11:00:00,925.7,29.4,65,2.4,69.0,6.6,83.0,0.0,,,,,,,,,,2020-06-27T10:27:00,,,,0,,,,,,,,,,,,,,
2020-06-27 12:00:00,925.1,30.8,58,1.7,102.0,6.0,2.0,0.0,,,,,,,,,,2020-06-27T11:07:00,,,,0,,,,,,,,,,,,,,
2020-06-27 13:00:00,924.6,30.8,58,1.8,69.0,6.6,31.0,0.0,,,,,,,,,,2020-06-27T12:57:00,,,,0,,,,,,,,,,,,,,
2020-06-27 14:00:00,924.1,30.5,61,1.8,91.0,6.6,78.0,0.0,,,,,,,,,,2020-06-27T13:42:00,,,,0,,,,,,,,,,,,,,
2020-06-27 15:00:00,923.9,28.1,70,2.4,113.0,6.8,119.0,0.0,,,,,,,,,,2020-06-27T14:40:00,,,,0,,,,,,,,,,,,,,
2020-06-27 16:00:00,924.3,27.1,74,1.2,216.0,8.4,78.0,0.0,,,,,,,,,,2020-06-27T15:19:00,,,,0,,,,,,,,,,,,,,
2020-06-27 17:00:00,925.0,25.9,80,0.8,272.0,5.6,90.0,0.0,,,,,,,,,,2020-06-27T16:22:00,,,,0,,,,,,,,,,,,,,
2020-06-27 18:00:00,925.8,24.7,88,1.6,141.0,3.7,119.0,0.0,,,,,,,,,,2020-06-27T17:55:00,,,,0,,,,,,,,,,,,,,
2020-06-27 19:00:00,926.7,21.9,92,2.0,275.0,5.4,300.0,21.0,,,,,,,,,,2020-06-27T18:54:00,,,,0,,,,,,,,,,,,,,
2020-06-27 20:00:00,926.0,21.5,94,0.6,171.0,5.0,307.0,0.0,,,,,,,,,,2020-06-27T19:20:00,,,,0,,,,,,,,,,,,,,
2020-06-27 21:00:00,926.5,21.2,94,1.2,236.0,2.2,225.0,0.0,,,,,,,,,,2020-06-27T20:51:00,,,,0,,,,,,,,,,,,,,
2020-06-27 22:00:00,926.9,21.0,89,0.8,238.0,3.1,328.0,0.0,,,,,,,,,,2020-06-27T21:24:00,,,,0,,,,,,,,,,,,,,
2020-06-27 23:00:00,927.0,20.6,92,1.0,222.0,3.1,292.0,0.0,,,,,,,,,,2020-06-27T22:28:00,,,,0,,,,,,,,,,,,,,
2020-06-28 00:00:00,926.8,20.0,95,1.2,221.0,2.2,203.0,0.0,,,,,,,,,,2020-06-27T23:55:00,,,,0,,,,,,,,,,,,,,
2020-06-28 01:00:00,926.2,20.1,92,0.3,245.0,3.0,299.0,0.0,,,,,,,,,,2020-06-28T00:46:00,,,,0,,,,,,,,,,,,,,
2020-06-28 02:00:00,925.8,19.3,94,1.1,211.0,2.4,213.0,0.0,,,,,,,,,,2020-06-28T01:39:00,,,,0,,,,,,,,,,,,,,
2020-06-28 03:00:00,925.5,19.3,92,1.0,221.0,2.5,210.0,0.0,,,,,,,,,,2020-06-28T02:25:00,,,,0,,,,,,,,,,,,,,
2020-06-28 04:00:00,925.8,19.0,90,0.9,222.0,2.5,223.0,0.0,,,,,,,,,,2020-06-28T03:24:00,,,,0,,,,,,,,,,,,,,
2020-06-28 05:00:00,925.7,18.9,91,0.8,230.0,2.6,199.0,0.0,,,,,,,,,,2020-06-28T04:29:00,,,,0,,,,,,,,,,,,,,
2020-06-28 06:00:00,925.9,19.4,90,0.6,230.0,2.6,206.0,0.0,,,,,,,,,,2020-06-28T05:29:00,,,,0,,,,,,,,,,,,,,
2020-06-28 07:00:00,925.9,21.7,81,0.1,0.0,1.9,215.0,0.0,,,,,,,,,,2020-06-28T06:10:00,,,,0,,,,,,,,,,,,,,
2020-06-28 08:00:00,925.8,24.0,77,0.4,41.0,1.4,28.0,0.0,,,,,,,,,,2020-06-28T07:16:00,,,,0,,,,,,,,,,,,,,
2020-06-28 09:00:00,925.5,26.4,61,0.7,36.0,1.7,91.0,0.0,,,,,,,,,,2020-06-28T08:59:00,,,,0,,,,,,,,,,,,,,
2020-06-28 10:00:00,925.0,27.7,63,1.0,71.0,5.4,77.0,0.0,,,,,,,,,,2020-06-28T09:56:00,,,,0,,,,,,,,,,,,,,
2020-06-28 11:00:00,924.3,28.6,64,1.2,120.0,6.0,81.0,0.0,,,,,,,,,,2020-06-28T10:29:00,,,,0,,,,,,,,,,,,,,
2020-06-28 12:00:00,923.7,28.7,65,1.8,79.0,5.9,79.0,0.0,,,,,,,,,,2020-06-28T11:10:00,,,,0,,,,,,,,,,,,,,
2020-06-28 13:00:00,923.2,29.1,63,2.1,81.0,7.3,15.0,0.0,,,,,,,,,,2020-06-28T13:00:00,,,,0,,,,,,,,,,,,,,
2020-06-28 14:00:00,923.1,28.9,66,1.9,39.0,6.6,43.0,0.0,,,,,,,,,,2020-06-28T13:49:00,,,,0,,,,,,,,,,,,,,
2020-06-28 15:00:00,923.0,28.1,72,1.3,61.0,7.3,86.0,0.0,,,,,,,,,,2020-06-28T14:42:00,,,,0,,,,,,,,,,,,,,
2020-06-28 16:00:00,923.0,26.7,78,0.7,65.0,7.2,81.0,0.0,,,,,,,,,,2020-06-28T15:06:00,,,,0,,,,,,,,,,,,,,
2020-06-28 17:00:00,923.3,25.9,84,0.8,179.0,3.9,126.0,0.0,,,,,,,,,,2020-06-28T16:15:00,,,,0,,,,,,,,,,,,,,
2020-06-28 18:00:00,923.9,25.5,85,0.8,108.0,3.5,97.0,0.0,,,,,,,,,,2020-06-28T17:59:00,,,,0,,,,,,,,,,,,,,
2020-06-28 19:00:00,924.6,24.1,92,1.7,97.0,4.3,98.0,0.0,,,,,,,,,,2020-06-28T18:52:00,,,,0,,,,,,,,,,,,,,
2020-06-28 20:00:00,925.7,23.1,89,0.8,169.0,3.7,72.0,0.0,,,,,,,,,,2020-06-28T19:02:00,,,,0,,,,,,,,,,,,,,
2020-06-28 21:00:00,926.2,23.0,92,0.1,0.0,2.3,210.0,0.0,,,,,,,,,,2020-06-28T20:29:00,,,,0,,,,,,,,,,,,,,
2020-06-28 22:00:00,925.7,23.2,87,0.5,249.0,2.6,322.0,0.0,,,,,,,,,,2020-06-28T21:46:00,,,,0,,,,,,,,,,,,,,
2020-06-28 23:00:00,925.8,22.6,92,0.3,176.0,3.5,114.0,0.0,,,,,,,,,,2020-06-28T22:25:00,,,,0,,,,,,,,,,,,,,
2020-06-29 00:00:00,925.4,22.4,92,0.7,218.0,1.5,221.0,0.0,,,,,,,,,,2020-06-28T23:57:00,,,,0,,,,,,,,,,,,,,
2020-06-29 01:00:00,924.7,22.4,93,0.6,177.0,1.6,176.0,0.0,,,,,,,,,,2020-06-29T00:01:00,,,,0,,,,,,,,,,,,,,
2020-06-29 02:00:00,924.3,21.4,95,0.8,188.0,1.6,206.0,0.0,,,,,,,,,,2020-06-29T01:33:00,,,,0,,,,,,,,,,,,,,
2020-06-29 03:00:00,924.1,21.1,94,0.8,184.0,2.5,216.0,0.0,,,,,,,,,,2020-06-29T02:38:00,,,,0,,,,,,,,,,,,,,
2020-06-29 04:00:00,923.8,20.9,94,1.0,214.0,2.1,211.0,0.0,,,,,,,,,,2020-06-29T03:11:00,,,,0,,,,,,,,,,,,,,
2020-06-29 05:00:00,923.7,20.3,96,1.3,212.0,2.2,200.0,0.0,,,,,,,,,,2020-06-29T04:12:00,,,,0,,,,,,,,,,,,,,
2020-06-29 06:00:00,923.9,21.3,90,0.7,235.0,2.2,220.0,0.0,,,,,,,,,,2020-06-29T05:02:00,,,,0,,,,,,,,,,,,,,
2020-06-29 07:00:00,923.7,23.5,84,0.3,42.0,1.5,31.0,0.0,,,,,,,,,,2020-06-29T06:58:00,,,,0,,,,,,,,,,,,,,
2020-06-29 08:00:00,923.6,24.4,79,0.9,82.0,1.8,100.0,0.0,,,,,,,,,,2020-06-29T07:53:00,,,,0,,,,,,,,,,,,,,
2020-06-29 09:00:00,923.5,25.9,73,0.9,47.0,2.5,62.0,0.0,,,,,,,,,,2020-06-29T08:29:00,,,,0,,,,,,,,,,,,,,
2020-06-29 10:00:00,923.3,26.7,73,0.5,50.0,3.6,104.0,0.0,,,,,,,,,,2020-06-29T09:06:00,,,,0,,,,,,,,,,,,,,
2020-06-29 11:00:00,922.9,27.8,72,1.9,118.0,5.1,100.0,0.0,,,,,,,,,,2020-06-29T10:58:00,,,,0,,,,,,,,,,,,,,
2020-06-29 12:00:00,922.5,27.9,72,2.1,53.0,7.1,86.0,0.0,,,,,,,,,,2020-06-29T11:56:00,,,,0,,,,,,,,,,,,,,
2020-06-29 13:00:00,921.8,28.5,72,1.8,52.0,8.1,97.0,0.0,,,,,,,,,,2020-06-29T12:01:00,,,,0,,,,,,,,,,,,,,
2020-06-29 14:00:00,921.2,28.7,74,2.7,123.0,7.0,124.0,0.0,,,,,,,,,,2020-06-29T13:44:00,,,,0,,,,,,,,,,,,,,
2020-06-29 15:00:00,921.4,28.2,75,1.5,90.0,7.2,89.0,0.0,,,,,,,,,,2020-06-29T14:41:00,,,,0,,,,,,,,,,,,,,
2020-06-29 16:00:00,921.4,27.2,79,1.9,101.0,7.9,78.0,0.0,,,,,,,,,,2020-06-29T15:15:00,,,,0,,,,,,,,,,,,,,
2020-06-29 17:00:00,921.6,27.2,80,1.7,101.0,5.5,89.0,0.0,,,,,,,,,,2020-06-29T16:29:00,,,,0,,,,,,,,,,,,,,
2020-06-29 18:00:00,921.8,26.3,83,1.3,134.0,3.0,136.0,0.0,,,,,,,,,,2020-06-29T17:32:00,,,,0,,,,,,,,,,,,,,
2020-06-29 19:00:00,922.4,25.2,90,0.8,129.0,3.8,133.0,0.0,,,,,,,,,,2020-06-29T18:35:00,,,,0,,,,,,,,,,,,,,
2020-06-29 20:00:00,922.7,25.0,91,0.3,257.0,1.8,82.0,0.0,,,,,,,,,,2020-06-29T19:12:00,,,,0,,,,,,,,,,,,,,
2020-06-29 21:00:00,922.8,23.9,94,1.0,194.0,2.1,192.0,0.0,,,,,,,,,,2020-06-29T20:41:00,,,,0,,,,,,,,,,,,,,
2020-06-29 22:00:00,923.1,23.1,94,1.3,205.0,1.9,209.0,0.0,,,,,,,,,,2020-06-29T21:41:00,,,,0,,,,,,,,,,,,,,
2020-06-29 23:00:00,922.8,23.3,78,0.9,245.0,3.1,306.0,0.0,,,,,,,,,,2020-06-29T22:51:00,,,,0,,,,,,,,,,,,,,
2020-06-30 00:00:00,922.3,22.3,79,1.0,216.0,2.4,285.0,0.0,,,,,,,,,,2020-06-29T23:35:00,,,,0,,,,,,,,,,,,,,
2020-06-30 01:00:00,921.8,21.2,84,1.7,213.0,2.7,198.0,0.0,,,,,,,,,,2020-06-30T00:54:00,,,,0,,,,,,,,,,,,,,
2020-06-30 02:00:00,921.4,20.8,82,1.9,214.0,2.5,208.0,0.0,,,,,,,,,,2020-06-30T01:06:00,,,,0,,,,,,,,,,,,,,
2020-06-30 03:00:00,921.4,20.3,81,1.4,201.0,2.6,198.0,0.0,,,,,,,,,,2020-06-30T02:44:00,,,,0,,,,,,,,,,,,,,
2020-06-30 04:00:00,921.4,20.2,83,1.3,219.0,2.8,205.0,0.0,,,,,,,,,,2020-06-30T03:17:00,,,,0,,,,,,,,,,,,,,
2020-06-30 05:00:00,921.6,20.2,81,1.6,228.0,2.6,199.0,0.0,,,,,,,,,,2020-06-30T04:37:00,,,,0,,,,,,,,,,,,,,
2020-06-30 06:00:00,921.7,19.9,82,1.3,216.0,2.6,205.0,0.0,,,,,,,,,,2020-06-30T05:29:00,,,,0,,,,,,,,,,,,,,
2020-06-30 07:00:00,921.7,24.4,69,0.2,0.0,1.9,212.0,0.0,,,,,,,,,,2020-06-30T06:04:00,,,,0,,,,,,,,,,,,,,
2020-06-30 08:00:00,921.7,26.7,61,0.5,56.0,1.7,105.0,0.0,,,,,,,,,,2020-06-30T07:33:00,,,,0,,,,,,,,,,,,,,
2020-06-30 09:00:00,921.7,27.6,64,1.2,39.0,4.1,75.0,0.0,,,,,,,,,,2020-06-30T08:19:00,,,,0,,,,,,,,,,,,,,
2020-06-30 10:00:00,921.3,28.5,68,1.7,34.0,4.6,39.0,0.0,,,,,,,,,,2020-06-30T09:22:00,,,,0,,,,,,,,,,,,,,
2020-06-30 11:00:00,921.0,28.3,70,1.9,97.0,6.7,85.0,0.0,,,,,,,,,,2020-06-30T10:34:00,,,,0,,,,,,,,,,,,,,
2020-06-30 12:00:00,920.8,29.4,71,1.3,111.0,6.6,99.0,0.0,,,,,,,,,,2020-06-30T11:09:00,,,,0,,,,,,,,,,,,,,
2020-06-30 13:00:00,920.3,29.4,71,1.2,53.0,6.2,156.0,0.0,,,,,,,,,,2020-06-30T12:01:00,,,,0,,,,,,,,,,,,,,
2020-06-30 14:00:00,920.1,29.5,69,1.7,66.0,8.9,94.0,0.0,,,,,,,,,,2020-06-30T13:10:00,,,,0,,,,,,,,,,,,,,
2020-06-30 15:00:00,920.2,29.2,71,1.8,96.0,7.6,70.0,0.0,,,,,,,,,,2020-06-30T14:04:00,,,,0,,,,,,,,,,,,,,
2020-06-30 16:00:00,920.1,29.1,69,1.4,88.0,6.0,91.0,0.0,,,,,,,,,,2020-06-30T16:00:00,,,,0,,,,,,,,,,,,,,
2020-06-30 17:00:00,919.9,28.6,71,0.8,200.0,5.2,90.0,0.0,,,,,,,,,,2020-06-30T16:03:00,,,,0,,,,,,,,,,,,,,
2020-06-30 18:00:00,920.2,27.5,76,1.5,149.0,2.9,195.0,0.0,,,,,,,,,,2020-06-30T17:51:00,,,,0,,,,,,,,,,,,,,
2020-06-30 19:00:00,921.1,26.4,80,1.7,191.0,2.5,174.0,0.0,,,,,,,,,,2020-06-30T18:03:00,,,,0,,,,,,,,,,,,,,
2020-06-30 20:00:00,921.4,25.1,86,1.6,197.0,2.3,208.0,0.0,,,,,,,,,,2020-06-30T19:19:00,,,,0,,,,,,,,,,,,,,
2020-06-30 21:00:00,922.2,24.7,89,1.1,178.0,2.1,199.0,0.0,,,,,,,,,,2020-06-30T20:24:00,,,,0,,,,,,,,,,,,,,
2020-06-30 22:00:00,922.6,24.4,90,1.2,207.0,1.9,208.0,0.0,,,,,,,,,,2020-06-30T21:50:00,,,,0,,,,,,,,,,,,,,
2020-06-30 23:00:00,923.0,24.1,91,1.0,211.0,2.0,217.0,0.0,,,,,,,,,,2020-06-30T22:05:00,,,,0,,,,,,,,,,,,,,
2020-07-01 00:00:00,922.9,24.0,88,0.8,229.0,1.9,229.0,0.0,,,,,,,,,,2020-06-30T23:38:00,,,,0,,,,,,,,,,,,,,
2020-07-01 01:00:00,922.1,24.6,80,0.8,252.0,2.9,321.0,0.0,,,,,,,,,,2020-07-01T00:58:00,,,,0,,,,,,,,,,,,,,
2020-07-01 02:00:00,921.8,23.1,88,1.2,222.0,2.0,213.0,0.0,,,,,,,,,,2020-07-01T01:57:00,,,,0,,,,,,,,,,,,,,
2020-07-01 03:00:00,921.7,22.6,91,1.3,215.0,2.2,211.0,0.0,,,,,,,,,,2020-07-01T02:56:00,,,,0,,,,,,,,,,,,,,
2020-07-01 04:00:00,921.6,22.3,89,1.2,216.0,2.2,212.0,0.0,,,,,,,,,,2020-07-01T03:40:00,,,,0,,,,,,,,,,,,,,
2020-07-01 05:00:00,921.7,22.2,88,1.3,210.0,2.2,204.0,0.0,,,,,,,,,,2020-07-01T04:09:00,,,,0,,,,,,,,,,,,,,
2020-07-01 06:00:00,921.8,22.4,88,0.5,213.0,2.4,240.0,0.0,,,,,,,,,,2020-07-01T05:41:00,,,,0,,,,,,,,,,,,,,
2020-07-01 07:00:00,921.9,25.6,73,0.1,0.0,1.3,264.0,0.0,,,,,,,,,,2020-07-01T06:06:00,,,,0,,,,,,,,,,,,,,
2020-07-01 08:00:00,922.0,27.5,64,0.7,57.0,1.6,78.0,0.0,,,,,,,,,,2020-07-01T07:53:00,,,,0,,,,,,,,,,,,,,
2020-07-01 09:00:00,922.0,28.6,69,1.1,22.0,4.6,100.0,0.0,,,,,,,,,,2020-07-01T08:43:00,,,,0,,,,,,,,,,,,,,
2020-07-01 10:00:00,922.2,28.1,69,2.0,68.0,6.7,119.0,0.0,,,,,,,,,,2020-07-01T09:33:00,,,,0,,,,,,,,,,,,,,
2020-07-01 11:00:00,922.1,30.0,64,1.3,87.0,5.9,102.0,0.0,,,,,,,,,,2020-07-01T10:11:00,,,,0,,,,,,,,,,,,,,
2020-07-01 12:00:00,921.7,28.6,68,1.6,62.0,6.5,71.0,0.0,,,,,,,,,,2020-07-01T11:58:00,,,,0,,,,,,,,,,,,,,
2020-07-01 13:00:00,921.3,28.5,70,1.4,7.0,6.5,85.0,0.0,,,,,,,,,,2020-07-01T12:43:00,,,,0,,,,,,,,,,,,,,
2020-07-01 14:00:00,921.9,23.9,91,2.2,219.0,4.8,63.0,4.5,,,,,,,,,,2020-07-01T13:06:00,,,,0,,,,,,,,,,,,,,
2020-07-01 15:00:00,921.5,22.5,96,0.6,273.0,4.6,308.0,4.5,,,,,,,,,,2020-07-01T14:17:00,,,,0,,,,,,,,,,,,,,
2020-07-01 16:00:00,921.6,23.2,90,1.2,255.0,2.7,281.0,0.0,,,,,,,,,,2020-07-01T15:12:00,,,,0,,,,,,,,,,,,,,
2020-07-01 17:00:00,921.7,22.8,94,0.4,37.0,4.2,271.0,0.0,,,,,,,,,,2020-07-01T16:12:00,,,,0,,,,,,,,,,,,,,
2020-07-01 18:00:00,922.4,22.8,88,1.1,214.0,4.4,321.0,0.0,,,,,,,,,,2020-07-01T17:35:00,,,,0,,,,,,,,,,,,,,
2020-07-01 19:00:00,923.0,22.1,93,0.8,238.0,2.3,212.0,0.0,,,,,,,,,,2020-07-01T18:19:00,,,,0,,,,,,,,,,,,,,
2020-07-01 20:00:00,923.3,22.2,90,0.7,257.0,3.2,313.0,0.0,,,,,,,,,,2020-07-01T19:08:00,,,,0,,,,,,,,,,,,,,
2020-07-01 21:00:00,924.1,21.6,93,1.0,200.0,4.6,296.0,0.0,,,,,,,,,,2020-07-01T20:05:00,,,,0,,,,,,,,,,,,,,
2020-07-01 22:00:00,924.8,21.9,89,1.1,236.0,2.5,225.0,0.0,,,,,,,,,,2020-07-01T21:43:00,,,,0,,,,,,,,,,,,,,
2020-07-01 23:00:00,924.2,21.6,89,0.4,246.0,4.1,323.0,0.0,,,,,,,,,,2020-07-01T22:09:00,,,,0,,,,,,,,,,,,,,
2020-07-02 00:00:00,923.9,20.9,91,1.1,215.0,2.4,213.0,0.0,,,,,,,,,,2020-07-01T23:24:00,,,,0,,,,,,,,,,,,,,
2020-07-02 01:00:00,923.8,21.3,89,0.6,235.0,1.8,216.0,0.0,,,,,,,,,,2020-07-02T00:10:00,,,,0,,,,,,,,,,,,,,
2020-07-02 02:00:00,923.6,21.5,89,0.9,236.0,2.4,251.0,0.0,,,,,,,,,,2020-07-02T01:48:00,,,,0,,,,,,,,,,,,,,
2020-07-02 03:00:00,923.6,21.4,86,0.8,221.0,2.5,201.0,0.0,,,,,,,,,,2020-07-02T02:58:00,,,,0,,,,,,,,,,,,,,
2020-07-02 04:00:00,923.2,20.8,92,1.2,210.0,2.3,237.0,0.0,,,,,,,,,,2020-07-02T03:07:00,,,,0,,,,,,,,,,,,,,
2020-07-02 05:00:00,923.7,20.5,91,1.2,212.0,2.2,207.0,0.0,,,,,,,,,,2020-07-02T04:34:00,,,,0,,,,,,,,,,,,,,
2020-07-02 06:00:00,924.0,21.0,92,0.5,231.0,2.3,209.0,0.0,,,,,,,,,,2020-07-02T05:07:00,,,,0,,,,,,,,,,,,,,
2020-07-02 07:00:00,924.2,22.2,85,0.3,115.0,2.2,284.0,0.0,,,,,,,,,,2020-07-02T06:21:00,,,,0,,,,,,,,,,,,,,
2020-07-02 08:00:00,924.5,24.2,82,0.6,40.0,1.1,32.0,0.0,,,,,,,,,,2020-07-02T07:52:00,,,,0,,,,,,,,,,,,,,
2020-07-02 09:00:00,924.4,26.9,63,0.9,79.0,2.6,40.0,0.0,,,,,,,,,,2020-07-02T09:00:00,,,,0,,,,,,,,,,,,,,
2020-07-02 10:00:00,924.1,27.6,70,1.8,32.0,4.9,97.0,0.0,,,,,,,,,,2020-07-02T09:54:00,,,,0,,,,,,,,,,,,,,
2020-07-02 11:00:00,924.0,27.6,72,1.9,86.0,6.3,96.0,0.0,,,,,,,,,,2020-07-02T10:48:00,,,,0,,,,,,,,,,,,,,
2020-07-02 12:00:00,923.7,28.3,72,1.9,95.0,7.1,82.0,0.0,,,,,,,,,,2020-07-02T11:53:00,,,,0,,,,,,,,,,,,,,
2020-07-02 13:00:00,923.3,26.6,79,1.9,121.0,7.3,83.0,0.0,,,,,,,,,,2020-07-02T12:06:00,,,,0,,,,,,,,,,,,,,
2020-07-02 14:00:00,923.3,23.7,84,1.1,254.0,4.8,135.0,0.0,,,,,,,,,,2020-07-02T13:18:00,,,,0,,,,,,,,,,,,,,
2020-07-02 15:00:00,923.9,21.6,95,0.7,107.0,4.5,283.0,11.5,,,,,,,,,,2020-07-02T14:41:00,,,,0,,,,,,,,,,,,,,
2020-07-02 16:00:00,923.9,21.7,97,0.8,272.0,2.8,249.0,2.5,,,,,,,,,,2020-07-02T15:46:00,,,,0,,,,,,,,,,,,,,
2020-07-02 17:00:00,924.2,21.8,97,0.3,67.0,2.5,305.0,2.5,,,,,,,,,,2020-07-02T16:16:00,,,,0,,,,,,,,,,,,,,
2020-07-02 18:00:00,924.7,21.7,97,0.6,148.0,2.3,224.0,0.5,,,,,,,,,,2020-07-02T17:41:00,,,,0,,,,,,,,,,,,,,
2020-07-02 19:00:00,925.5,21.3,96,0.8,219.0,2.2,224.0,0.0,,,,,,,,,,2020-07-02T18:21:00,,,,0,,,,,,,,,,,,,,
2020-07-02 20:00:00,926.3,21.1,96,0.7,236.0,1.8,247.0,0.0,,,,,,,,,,2020-07-02T19:54:00,,,,0,,,,,,,,,,,,,,
2020-07-02 21:00:00,927.3,20.8,98,0.8,232.0,1.7,228.0,0.0,,,,,,,,,,2020-07-02T20:07:00,,,,0,,,,,,,,,,,,,,
2020-07-02 22:00:00,927.6,20.7,97,0.6,217.0,3.3,309.0,0.0,,,,,,,,,,2020-07-02T21:11:00,,,,0,,,,,,,,,,,,,,
2020-07-02 23:00:00,927.4,20.8,95,0.6,265.0,2.3,218.0,0.0,,,,,,,,,,2020-07-02T22:09:00,,,,0,,,,,,,,,,,,,,
2020-07-03 00:00:00,927.2,20.1,96,0.8,232.0,2.1,243.0,0.0,,,,,,,,,,2020-07-02T23:14:00,,,,0,,,,,,,,,,,,,,
2020-07-03 01:00:00,926.7,19.9,97,0.8,207.0,2.1,225.0,0.0,,,,,,,,,,2020-07-03T00:17:00,,,,0,,,,,,,,,,,,,,
2020-07-03 02:00:00,926.3,19.6,97,1.4,225.0,2.2,244.0,0.0,,,,,,,,,,2020-07-03T01:59:00,,,,0,,,,,,,,,,,,,,
2020-07-03 03:00:00,926.2,19.4,97,0.8,220.0,2.0,213.0,0.0,,,,,,,,,,2020-07-03T02:37:00,,,,0,,,,,,,,,,,,,,
2020-07-03 04:00:00,926.5,19.7,94,0.8,245.0,2.1,207.0,0.0,,,,,,,,,,2020-07-03T03:06:00,,,,0,,,,,,,,,,,,,,
2020-07-03 05:00:00,926.7,19.1,93,1.7,227.0,2.4,225.0,0.0,,,,,,,,,,2020-07-03T04:55:00,,,,0,,,,,,,,,,,,,,
2020-07-03 06:00:00,926.9,19.3,90,0.3,199.0,2.8,221.0,0.0,,,,,,,,,,2020-07-03T05:11:00,,,,0,,,,,,,,,,,,,,
2020-07-03 07:00:00,927.2,22.1,81,0.6,340.0,2.0,208.0,0.0,,,,,,,,,,2020-07-03T06:16:00,,,,0,,,,,,,,,,,,,,
2020-07-03 08:00:00,927.1,23.4,80,0.5,56.0,1.9,336.0,0.0,,,,,,,,,,2020-07-03T07:07:00,,,,0,,,,,,,,,,,,,,
2020-07-03 09:00:00,927.3,24.8,70,0.3,345.0,1.1,20.0,0.0,,,,,,,,,,2020-07-03T08:19:00,,,,0,,,,,,,,,,,,,,
2020-07-03 10:00:00,927.1,26.5,68,0.8,55.0,1.9,20.0,0.0,,,,,,,,,,2020-07-03T09:50:00,,,,0,,,,,,,,,,,,,,
2020-07-03 11:00:00,926.5,28.3,69,1.6,46.0,5.8,29.0,0.0,,,,,,,,,,2020-07-03T10:51:00,,,,0,,,,,,,,,,,,,,
2020-07-03 12:00:00,925.9,27.5,72,2.3,98.0,6.5,88.0,0.0,,,,,,,,,,2020-07-03T11:56:00,,,,0,,,,,,,,,,,,,,
2020-07-03 13:00:00,925.6,28.7,70,2.3,84.0,6.4,84.0,0.0,,,,,,,,,,2020-07-03T12:21:00,,,,0,,,,,,,,,,,,,,
2020-07-03 14:00:00,924.9,28.5,70,2.4,60.0,6.0,85.0,0.0,,,,,,,,,,2020-07-03T13:15:00,,,,0,,,,,,,,,,,,,,
2020-07-03 15:00:00,924.8,28.3,73,2.3,77.0,6.3,83.0,0.0,,,,,,,,,,2020-07-03T14:03:00,,,,0,,,,,,,,,,,,,,
2020-07-03 16:00:00,924.8,28.0,72,1.0,14.0,8.4,87.0,0.0,,,,,,,,,,2020-07-03T15:02:00,,,,0,,,,,,,,,,,,,,
2020-07-03 17:00:00,925.3,25.6,81,0.7,47.0,6.1,72.0,0.0,,,,,,,,,,2020-07-03T16:14:00,,,,0,,,,,,,,,,,,,,
2020-07-03 18:00:00,925.9,24.8,85,0.8,91.0,2.4,99.0,0.0,,,,,,,,,,2020-07-03T17:57:00,,,,0,,,,,,,,,,,,,,
2020-07-03 19:00:00,926.7,24.1,88,0.9,157.0,3.0,61.0,0.0,,,,,,,,,,2020-07-03T18:28:00,,,,0,,,,,,,,,,,,,,
2020-07-03 20:00:00,927.2,23.7,91,0.2,0.0,2.0,113.0,0.0,,,,,,,,,,2020-07-03T19:29:00,,,,0,,,,,,,,,,,,,,
2020-07-03 21:00:00,928.0,23.4,93,0.1,0.0,1.9,128.0,0.0,,,,,,,,,,2020-07-03T20:38:00,,,,0,,,,,,,,,,,,,,
2020-07-03 22:00:00,928.3,23.2,94,0.2,0.0,1.0,155.0,0.0,,,,,,,,,,2020-07-03T21:01:00,,,,0,,,,,,,,,,,,,,
2020-07-03 23:00:00,928.1,22.7,96,0.7,174.0,1.5,192.0,0.0,,,,,,,,,,2020-07-03T22:31:00,,,,0,,,,,,,,,,,,,,
2020-07-04 00:00:00,927.6,22.6,98,0.4,263.0,1.0,264.0,0.0,,,,,,,,,,2020-07-03T23:57:00,,,,0,,,,,,,,,,,,,,
2020-07-04 01:00:00,927.1,22.6,96,0.2,0.0,1.6,209.0,0.0,,,,,,,,,,2020-07-04T00:36:00,,,,0,,,,,,,,,,,,,,
2020-07-04 02:00:00,926.7,22.5,91,0.1,0.0,1.9,225.0,0.0,,,,,,,,,,2020-07-04T01:29:00,,,,0,,,,,,,,,,,,,,
2020-07-04 03:00:00,926.4,22.2,89,0.8,224.0,1.9,299.0,0.0,,,,,,,,,,2020-07-04T02:06:00,,,,0,,,,,,,,,,,,,,
2020-07-04 04:00:00,926.5,21.2,92,1.1,190.0,2.6,298.0,0.0,,,,,,,,,,2020-07-04T03:15:00,,,,0,,,,,,,,,,,,,,
2020-07-04 05:00:00,926.6,20.6,93,1.3,216.0,2.0,212.0,0.0,,,,,,,,,,2020-07-04T04:35:00,,,,0,,,,,,,,,,,,,,
2020-07-04 06:00:00,926.9,20.8,93,0.7,196.0,2.3,208.0,0.0,,,,,,,,,,2020-07-04T05:10:00,,,,0,,,,,,,,,,,,,,
2020-07-04 07:00:00,927.3,23.4,78,0.4,309.0,1.1,219.0,0.0,,,,,,,,,,2020-07-04T06:04:00,,,,0,,,,,,,,,,,,,,
2020-07-04 08:00:00,927.0,25.0,74,0.4,30.0,1.2,194.0,0.0,,,,,,,,,,2020-07-04T07:49:00,,,,0,,,,,,,,,,,,,,
2020-07-04 09:00:00,926.5,27.5,66,0.7,11.0,2.0,17.0,0.0,,,,,,,,,,2020-07-04T08:53:00,,,,0,,,,,,,,,,,,,,
2020-07-04 10:00:00,926.0,28.3,71,1.2,39.0,3.4,178.0,0.0,,,,,,,,,,2020-07-04T09:18:00,,,,0,,,,,,,,,,,,,,
2020-07-04 11:00:00,925.6,27.9,71,1.4,93.0,4.0,36.0,0.0,,,,,,,,,,2020-07-04T10:01:00,,,,0,,,,,,,,,,,,,,
2020-07-04 12:00:00,925.2,28.6,65,1.8,110.0,5.2,87.0,0.0,,,,,,,,,,2020-07-04T11:52:00,,,,0,,,,,,,,,,,,,,
2020-07-04 13:00:00,924.6,28.6,69,1.3,33.0,5.7,97.0,0.0,,,,,,,,,,2020-07-04T12:41:00,,,,0,,,,,,,,,,,,,,
2020-07-04 14:00:00,924.1,29.1,66,1.9,88.0,5.9,78.0,0.0,,,,,,,,,,2020-07-04T13:37:00,,,,0,,,,,,,,,,,,,,
2020-07-04 15:00:00,924.0,28.5,71,2.3,98.0,7.3,114.0,0.0,,,,,,,,,,2020-07-04T14:10:00,,,,0,,,,,,,,,,,,,,
2020-07-04 16:00:00,924.2,27.1,71,1.2,84.0,7.7,86.0,0.0,,,,,,,,,,2020-07-04T15:01:00,,,,0,,,,,,,,,,,,,,
2020-07-04 17:00:00,924.5,26.6,76,0.3,19.0,3.8,76.0,0.0,,,,,,,,,,2020-07-04T16:01:00,,,,0,,,,,,,,,,,,,,
2020-07-04 18:00:00,925.2,25.5,84,0.6,141.0,2.6,170.0,0.0,,,,,,,,,,2020-07-04T17:13:00,,,,0,,,,,,,,,,,,,,
2020-07-04 19:00:00,925.7,24.1,91,1.6,129.0,3.2,127.0,0.0,,,,,,,,,,2020-07-04T18:45:00,,,,0,,,,,,,,,,,,,,
2020-07-04 20:00:00,926.8,22.9,98,0.5,239.0,2.9,120.0,9.0,,,,,,,,,,2020-07-04T19:08:00,,,,0,,,,,,,,,,,,,,
2020-07-04 21:00:00,926.9,22.2,94,1.6,273.0,4.9,297.0,4.5,,,,,,,,,,2020-07-04T20:44:00,,,,0,,,,,,,,,,,,,,
2020-07-04 22:00:00,926.9,21.9,97,0.8,214.0,4.2,302.0,0.0,,,,,,,,,,2020-07-04T21:07:00,,,,0,,,,,,,,,,,,,,
2020-07-04 23:00:00,926.7,21.6,98,0.2,0.0,1.7,267.0,0.0,,,,,,,,,,2020-07-04T22:33:00,,,,0,,,,,,,,,,,,,,
2020-07-05 00:00:00,926.4,21.5,96,0.6,253.0,2.5,288.0,0.0,,,,,,,,,,2020-07-04T23:44:00,,,,0,,,,,,,,,,,,,,
2020-07-05 01:00:00,925.9,20.7,97,1.0,220.0,2.3,220.0,0.0,,,,,,,,,,2020-07-05T00:43:00,,,,0,,,,,,,,,,,,,,
2020-07-05 02:00:00,925.3,20.1,99,0.8,233.0,2.2,233.0,0.0,,,,,,,,,,2020-07-05T01:12:00,,,,0,,,,,,,,,,,,,,
2020-07-05 03:00:00,924.9,20.0,97,0.4,177.0,2.2,230.0,0.0,,,,,,,,,,2020-07-05T02:41:00,,,,0,,,,,,,,,,,,,,
2020-07-05 04:00:00,924.8,19.4,98,0.8,223.0,2.0,238.0,0.0,,,,,,,,,,2020-07-05T03:56:00,,,,0,,,,,,,,,,,,,,
2020-07-05 05:00:00,924.5,20.2,89,0.9,241.0,3.4,293.0,0.0,,,,,,,,,,2020-07-05T04:40:00,,,,0,,,,,,,,,,,,,,
2020-07-05 06:00:00,924.5,19.3,94,0.7,219.0,3.2,245.0,0.0,,,,,,,,,,2020-07-05T05:19:00,,,,0,,,,,,,,,,,,,,
2020-07-05 07:00:00,924.9,22.3,84,0.3,64.0,1.9,224.0,0.0,,,,,,,,,,2020-07-05T06:04:00,,,,0,,,,,,,,,,,,,,
2020-07-05 08:00:00,925.0,24.3,72,0.0,0.0,1.7,335.0,0.0,,,,,,,,,,2020-07-05T07:03:00,,,,0,,,,,,,,,,,,,,
2020-07-05 09:00:00,924.5,25.9,61,0.4,340.0,1.2,25.0,0.0,,,,,,,,,,2020-07-05T08:07:00,,,,0,,,,,,,,,,,,,,
2020-07-05 10:00:00,924.4,27.0,68,1.1,59.0,3.9,25.0,0.0,,,,,,,,,,2020-07-05T09:50:00,,,,0,,,,,,,,,,,,,,
2020-07-05 11:00:00,923.9,27.3,69,2.3,89.0,6.5,72.0,0.0,,,,,,,,,,2020-07-05T10:52:00,,,,0,,,,,,,,,,,,,,
2020-07-05 12:00:00,923.2,28.1,71,2.6,98.0,5.0,120.0,0.0,,,,,,,,,,2020-07-05T11:38:00,,,,0,,,,,,,,,,,,,,
2020-07-05 13:00:00,922.9,28.2,71,2.4,96.0,6.3,95.0,0.0,,,,,,,,,,2020-07-05T12:50:00,,,,0,,,,,,,,,,,,,,
2020-07-05 14:00:00,921.6,28.5,69,2.0,59.0,6.1,77.0,0.0,,,,,,,,,,2020-07-05T14:00:00,,,,0,,,,,,,,,,,,,,
2020-07-05 15:00:00,921.8,27.0,77,1.6,86.0,6.1,120.0,0.0,,,,,,,,,,2020-07-05T14:12:00,,,,0,,,,,,,,,,,,,,
2020-07-05 16:00:00,921.8,25.7,86,0.7,116.0,4.0,98.0,1.5,,,,,,,,,,2020-07-05T15:06:00,,,,0,,,,,,,,,,,,,,
2020-07-05 17:00:00,922.0,24.6,90,1.3,165.0,4.2,104.0,0.0,,,,,,,,,,2020-07-05T16:09:00,,,,0,,,,,,,,,,,,,,
2020-07-05 18:00:00,922.5,24.4,91,0.5,176.0,3.2,181.0,0.0,,,,,,,,,,2020-07-05T17:08:00,,,,0,,,,,,,,,,,,,,
2020-07-05 19:00:00,923.1,23.8,95,0.4,143.0,2.3,160.0,0.0,,,,,,,,,,2020-07-05T18:11:00,,,,0,,,,,,,,,,,,,,
2020-07-05 20:00:00,923.4,23.3,97,0.4,252.0,1.7,110.0,0.0,,,,,,,,,,2020-07-05T19:18:00,,,,0,,,,,,,,,,,,,,
2020-07-05 21:00:00,923.5,22.6,97,1.0,202.0,2.2,221.0,0.0,,,,,,,,,,2020-07-05T20:37:00,,,,0,,,,,,,,,,,,,,
2020-07-05 22:00:00,923.9,22.5,97,0.9,220.0,2.0,212.0,0.0,,,,,,,,,,2020-07-05T21:11:00,,,,0,,,,,,,,,,,,,,
2020-07-05 23:00:00,923.7,22.0,98,1.5,198.0,1.8,206.0,0.0,,,,,,,,,,2020-07-05T22:08:00,,,,0,,,,,,,,,,,,,,
2020-07-06 00:00:00,923.6,21.7,97,1.3,228.0,1.7,209.0,0.0,,,,,,,,,,2020-07-05T23:36:00,,,,0,,,,,,,,,,,,,,
2020-07-06 01:00:00,922.9,21.3,97,0.5,198.0,1.9,224.0,0.0,,,,,,,,,,2020-07-06T00:01:00,,,,0,,,,,,,,,,,,,,
2020-07-06 02:00:00,922.3,20.7,97,1.0,210.0,2.0,208.0,0.0,,,,,,,,,,2020-07-06T01:37:00,,,,0,,,,,,,,,,,,,,
2020-07-06 03:00:00,922.3,20.4,97,1.4,210.0,2.2,222.0,0.0,,,,,,,,,,2020-07-06T02:12:00,,,,0,,,,,,,,,,,,,,
2020-07-06 04:00:00,922.2,19.9,97,1.2,212.0,1.9,213.0,0.0,,,,,,,,,,2020-07-06T03:09:00,,,,0,,,,,,,,,,,,,,
2020-07-06 05:00:00,922.7,19.8,95,1.2,215.0,2.2,211.0,0.0,,,,,,,,,,2020-07-06T04:15:00,,,,0,,,,,,,,,,,,,,
2020-07-06 06:00:00,922.9,19.8,95,0.7,237.0,2.2,198.0,0.0,,,,,,,,,,2020-07-06T05:16:00,,,,0,,,,,,,,,,,,,,
2020-07-06 07:00:00,922.9,22.7,83,0.3,347.0,1.6,230.0,0.0,,,,,,,,,,2020-07-06T06:04:00,,,,0,,,,,,,,,,,,,,
2020-07-06 08:00:00,922.9,25.6,71,0.5,96.0,2.0,7.0,0.0,,,,,,,,,,2020-07-06T07:07:00,,,,0,,,,,,,,,,,,,,
2020-07-06 09:00:00,923.1,27.4,63,0.8,19.0,2.1,55.0,0.0,,,,,,,,,,2020-07-06T08:15:00,,,,0,,,,,,,,,,,,,,
2020-07-06 10:00:00,922.9,28.3,66,1.2,14.0,3.3,64.0,0.0,,,,,,,,,,2020-07-06T09:19:00,,,,0,,,,,,,,,,,,,,
2020-07-06 11:00:00,923.0,28.3,70,2.1,116.0,6.0,103.0,0.0,,,,,,,,,,2020-07-06T10:55:00,,,,0,,,,,,,,,,,,,,
2020-07-06 12:00:00,922.5,28.8,70,1.3,162.0,6.3,95.0,0.0,,,,,,,,,,2020-07-06T11:37:00,,,,0,,,,,,,,,,,,,,
2020-07-06 13:00:00,922.4,28.6,74,1.8,87.0,7.8,145.0,0.0,,,,,,,,,,2020-07-06T12:48:00,,,,0,,,,,,,,,,,,,,
2020-07-06 14:00:00,922.1,28.3,73,1.6,121.0,5.5,51.0,0.0,,,,,,,,,,2020-07-06T13:01:00,,,,0,,,,,,,,,,,,,,
2020-07-06 15:00:00,922.1,28.9,71,1.5,102.0,4.7,98.0,0.0,,,,,,,,,,2020-07-06T14:56:00,,,,0,,,,,,,,,,,,,,
2020-07-06 16:00:00,922.0,28.5,73,0.7,172.0,5.4,88.0,0.0,,,,,,,,,,2020-07-06T15:30:00,,,,0,,,,,,,,,,,,,,
2020-07-06 17:00:00,922.2,28.7,73,0.4,38.0,4.6,88.0,0.0,,,,,,,,,,2020-07-06T16:34:00,,,,0,,,,,,,,,,,,,,
2020-07-06 18:00:00,922.5,27.6,79,0.3,165.0,4.5,94.0,0.0,,,,,,,,,,2020-07-06T17:15:00,,,,0,,,,,,,,,,,,,,
2020-07-06 19:00:00,922.7,26.3,86,1.2,154.0,2.3,192.0,0.0,,,,,,,,,,2020-07-06T18:55:00,,,,0,,,,,,,,,,,,,,
2020-07-06 20:00:00,923.6,25.5,91,0.1,0.0,2.7,139.0,0.0,,,,,,,,,,2020-07-06T19:05:00,,,,0,,,,,,,,,,,,,,
2020-07-06 21:00:00,924.0,24.6,94,0.9,205.0,1.5,197.0,0.0,,,,,,,,,,2020-07-06T20:42:00,,,,0,,,,,,,,,,,,,,
2020-07-06 22:00:00,924.7,24.1,95,1.2,210.0,1.7,206.0,0.0,,,,,,,,,,2020-07-06T21:54:00,,,,0,,,,,,,,,,,,,,
2020-07-06 23:00:00,924.6,24.0,95,0.7,206.0,1.7,203.0,0.0,,,,,,,,,,2020-07-06T22:03:00,,,,0,,,,,,,,,,,,,,
2020-07-07 00:00:00,924.2,23.2,92,1.2,218.0,2.1,208.0,0.0,,,,,,,,,,2020-07-06T23:54:00,,,,0,,,,,,,,,,,,,,
2020-07-07 01:00:00,923.9,22.4,92,1.1,199.0,2.2,200.0,0.0,,,,,,,,,,2020-07-07T00:31:00,,,,0,,,,,,,,,,,,,,
2020-07-07 02:00:00,924.1,22.2,92,1.2,225.0,2.2,211.0,0.0,,,,,,,,,,2020-07-07T01:24:00,,,,0,,,,,,,,,,,,,,
2020-07-07 03:00:00,924.2,21.8,91,1.0,209.0,2.9,227.0,0.0,,,,,,,,,,2020-07-07T02:44:00,,,,0,,,,,,,,,,,,,,
2020-07-07 04:00:00,924.1,21.4,90,0.8,218.0,3.2,231.0,0.0,,,,,,,,,,2020-07-07T03:11:00,,,,0,,,,,,,,,,,,,,
2020-07-07 05:00:00,924.3,21.4,87,1.1,246.0,2.5,210.0,0.0,,,,,,,,,,2020-07-07T04:28:00,,,,0,,,,,,,,,,,,,,
2020-07-07 06:00:00,924.4,21.2,88,0.9,213.0,2.4,215.0,0.0,,,,,,,,,,2020-07-07T05:18:00,,,,0,,,,,,,,,,,,,,
2020-07-07 07:00:00,925.0,24.1,76,0.1,0.0,1.6,338.0,0.0,,,,,,,,,,2020-07-07T06:45:00,,,,0,,,,,,,,,,,,,,
2020-07-07 08:00:00,925.0,26.4,72,0.6,50.0,1.8,284.0,0.0,,,,,,,,,,2020-07-07T07:10:00,,,,0,,,,,,,,,,,,,,
2020-07-07 09:00:00,925.3,27.8,70,1.0,21.0,2.5,53.0,0.0,,,,,,,,,,2020-07-07T08:35:00,,,,0,,,,,,,,,,,,,,
2020-07-07 10:00:00,925.2,29.2,67,1.0,61.0,5.8,94.0,0.0,,,,,,,,,,2020-07-07T09:05:00,,,,0,,,,,,,,,,,,,,
2020-07-07 11:00:00,924.6,29.1,65,2.0,118.0,5.1,66.0,0.0,,,,,,,,,,2020-07-07T10:42:00,,,,0,,,,,,,,,,,,,,
2020-07-07 12:00:00,924.3,29.6,63,1.0,114.0,5.1,96.0,0.0,,,,,,,,,,2020-07-07T11:25:00,,,,0,,,,,,,,,,,,,,
2020-07-07 13:00:00,923.8,29.9,65,2.0,93.0,4.8,60.0,0.0,,,,,,,,,,2020-07-07T12:58:00,,,,0,,,,,,,,,,,,,,
2020-07-07 14:00:00,923.5,30.5,66,1.8,121.0,5.9,124.0,0.0,,,,,,,,,,2020-07-07T13:40:00,,,,0,,,,,,,,,,,,,,
2020-07-07 15:00:00,923.3,30.1,68,1.0,351.0,5.9,89.0,0.0,,,,,,,,,,2020-07-07T14:40:00,,,,0,,,,,,,,,,,,,,
2020-07-07 16:00:00,923.0,28.7,72,1.5,101.0,5.1,102.0,0.0,,,,,,,,,,2020-07-07T15:52:00,,,,0,,,,,,,,,,,,,,
2020-07-07 17:00:00,923.2,28.1,77,1.7,99.0,4.8,77.0,0.0,,,,,,,,,,2020-07-07T16:48:00,,,,0,,,,,,,,,,,,,,
2020-07-07 18:00:00,923.4,27.4,81,1.3,205.0,3.2,99.0,0.0,,,,,,,,,,2020-07-07T17:05:00,,,,0,,,,,,,,,,,,,,
2020-07-07 19:00:00,924.0,26.0,87,0.6,174.0,2.6,158.0,0.0,,,,,,,,,,2020-07-07T18:37:00,,,,0,,,,,,,,,,,,,,
2020-07-07 20:00:00,924.2,24.6,92,1.2,198.0,2.0,201.0,0.0,,,,,,,,,,2020-07-07T19:50:00,,,,0,,,,,,,,,,,,,,
2020-07-07 21:00:00,924.5,24.2,94,0.2,0.0,2.3,204.0,0.0,,,,,,,,,,2020-07-07T20:23:00,,,,0,,,,,,,,,,,,,,
2020-07-07 22:00:00,924.9,24.2,93,0.5,231.0,1.4,192.0,0.0,,,,,,,,,,2020-07-07T21:22:00,,,,0,,,,,,,,,,,,,,
2020-07-07 23:00:00,925.0,23.2,94,1.0,206.0,2.0,217.0,0.0,,,,,,,,,,2020-07-07T22:41:00,,,,0,,,,,,,,,,,,,,
2020-07-08 00:00:00,924.7,22.9,90,1.1,210.0,2.0,208.0,0.0,,,,,,,,,,2020-07-07T23:09:00,,,,0,,,,,,,,,,,,,,
2020-07-08 01:00:00,924.3,22.3,87,1.3,220.0,2.1,206.0,0.0,,,,,,,,,,2020-07-08T00:52:00,,,,0,,,,,,,,,,,,,,
2020-07-08 02:00:00,924.1,21.6,90,1.3,211.0,2.3,204.0,0.0,,,,,,,,,,2020-07-08T01:47:00,,,,0,,,,,,,,,,,,,,
2020-07-08 03:00:00,923.5,21.6,88,1.2,208.0,2.3,204.0,0.0,,,,,,,,,,2020-07-08T02:23:00,,,,0,,,,,,,,,,,,,,
2020-07-08 04:00:00,923.2,21.0,89,1.2,198.0,2.2,196.0,0.0,,,,,,,,,,2020-07-08T03:27:00,,,,0,,,,,,,,,,,,,,
2020-07-08 05:00:00,923.5,20.6,90,1.2,218.0,2.1,213.0,0.0,,,,,,,,,,2020-07-08T04:40:00,,,,0,,,,,,,,,,,,,,
2020-07-08 06:00:00,923.6,21.3,86,1.0,224.0,2.5,207.0,0.0,,,,,,,,,,2020-07-08T05:08:00,,,,0,,,,,,,,,,,,,,
2020-07-08 07:00:00,923.7,23.8,77,0.4,51.0,2.0,188.0,0.0,,,,,,,,,,2020-07-08T06:43:00,,,,0,,,,,,,,,,,,,,
2020-07-08 08:00:00,923.2,26.6,66,0.4,24.0,2.0,30.0,0.0,,,,,,,,,,2020-07-08T07:24:00,,,,0,,,,,,,,,,,,,,
2020-07-08 09:00:00,922.9,28.3,60,0.3,36.0,1.8,78.0,0.0,,,,,,,,,,2020-07-08T08:47:00,,,,0,,,,,,,,,,,,,,
2020-07-08 10:00:00,922.6,29.4,57,1.0,53.0,3.6,29.0,0.0,,,,,,,,,,2020-07-08T09:24:00,,,,0,,,,,,,,,,,,,,
2020-07-08 11:00:00,922.2,29.4,64,1.4,133.0,4.5,69.0,0.0,,,,,,,,,,2020-07-08T10:39:00,,,,0,,,,,,,,,,,,,,
2020-07-08 12:00:00,921.4,30.4,59,2.2,60.0,6.5,65.0,0.0,,,,,,,,,,2020-07-08T11:54:00,,,,0,,,,,,,,,,,,,,
2020-07-08 13:00:00,920.9,29.2,66,1.7,78.0,7.7,70.0,0.0,,,,,,,,,,2020-07-08T12:47:00,,,,0,,,,,,,,,,,,,,
2020-07-08 14:00:00,920.4,29.4,66,2.9,102.0,6.5,157.0,0.0,,,,,,,,,,2020-07-08T13:52:00,,,,0,,,,,,,,,,,,,,
2020-07-08 15:00:00,919.7,30.9,63,1.5,35.0,6.4,34.0,0.0,,,,,,,,,,2020-07-08T14:08:00,,,,0,,,,,,,,,,,,,,
2020-07-08 16:00:00,919.8,29.4,68,0.4,264.0,4.2,156.0,0.0,,,,,,,,,,2020-07-08T15:42:00,,,,0,,,,,,,,,,,,,,
2020-07-08 17:00:00,919.7,28.2,75,1.3,123.0,3.0,163.0,0.0,,,,,,,,,,2020-07-08T16:45:00,,,,0,,,,,,,,,,,,,,
2020-07-08 18:00:00,920.0,27.1,80,1.9,150.0,4.8,142.0,0.0,,,,,,,,,,2020-07-08T17:44:00,,,,0,,,,,,,,,,,,,,
2020-07-08 19:00:00,920.6,25.8,86,1.3,186.0,2.7,191.0,0.0,,,,,,,,,,2020-07-08T18:10:00,,,,0,,,,,,,,,,,,,,
2020-07-08 20:00:00,921.0,24.6,91,0.4,195.0,2.6,186.0,0.0,,,,,,,,,,2020-07-08T19:26:00,,,,0,,,,,,,,,,,,,,
2020-07-08 21:00:00,921.2,24.4,91,0.6,214.0,2.1,204.0,0.0,,,,,,,,,,2020-07-08T20:09:00,,,,0,,,,,,,,,,,,,,
2020-07-08 22:00:00,921.5,24.3,89,0.5,188.0,2.4,208.0,0.0,,,,,,,,,,2020-07-08T21:41:00,,,,0,,,,,,,,,,,,,,
2020-07-08 23:00:00,921.3,24.0,84,0.4,237.0,1.6,209.0,0.0,,,,,,,,,,2020-07-08T22:03:00,,,,0,,,,,,,,,,,,,,
2020-07-09 00:00:00,920.4,23.2,83,0.7,205.0,2.3,261.0,0.0,,,,,,,,,,2020-07-08T23:51:00,,,,0,,,,,,,,,,,,,,
2020-07-09 01:00:00,920.1,22.5,81,1.1,218.0,2.3,144.0,0.0,,,,,,,,,,2020-07-09T00:28:00,,,,0,,,,,,,,,,,,,,
2020-07-09 02:00:00,919.5,22.3,74,1.1,217.0,2.7,232.0,0.0,,,,,,,,,,2020-07-09T01:16:00,,,,0,,,,,,,,,,,,,,
2020-07-09 03:00:00,919.1,22.1,71,0.9,191.0,2.3,202.0,0.0,,,,,,,,,,2020-07-09T02:30:00,,,,0,,,,,,,,,,,,,,
2020-07-09 04:00:00,919.4,22.2,79,1.2,206.0,3.0,223.0,0.0,,,,,,,,,,2020-07-09T03:05:00,,,,0,,,,,,,,,,,,,,
2020-07-09 05:00:00,919.5,22.2,79,0.7,223.0,2.9,215.0,0.0,,,,,,,,,,2020-07-09T04:32:00,,,,0,,,,,,,,,,,,,,
2020-07-09 06:00:00,919.8,22.4,72,1.0,228.0,2.1,207.0,0.0,,,,,,,,,,2020-07-09T05:21:00,,,,0,,,,,,,,,,,,,,
2020-07-09 07:00:00,919.6,22.8,75,1.0,229.0,2.4,228.0,0.0,,,,,,,,,,2020-07-09T06:59:00,,,,0,,,,,,,,,,,,,,
2020-07-09 08:00:00,919.6,23.6,77,0.2,0.0,2.2,180.0,0.0,,,,,,,,,,2020-07-09T07:47:00,,,,0,,,,,,,,,,,,,,
2020-07-09 09:00:00,919.7,28.5,56,0.7,68.0,2.1,80.0,0.0,,,,,,,,,,2020-07-09T08:44:00,,,,0,,,,,,,,,,,,,,
2020-07-09 10:00:00,919.5,29.8,54,1.1,47.0,3.2,82.0,0.0,,,,,,,,,,2020-07-09T09:43:00,,,,0,,,,,,,,,,,,,,
2020-07-09 11:00:00,919.4,32.2,50,1.3,14.0,4.4,86.0,0.0,,,,,,,,,,2020-07-09T10:19:00,,,,0,,,,,,,,,,,,,,
2020-07-09 12:00:00,919.1,30.2,58,1.1,40.0,4.9,63.0,0.0,,,,,,,,,,2020-07-09T11:34:00,,,,0,,,,,,,,,,,,,,
2020-07-09 13:00:00,918.5,31.4,55,1.6,73.0,5.1,95.0,0.0,,,,,,,,,,2020-07-09T12:26:00,,,,0,,,,,,,,,,,,,,
2020-07-09 14:00:00,918.4,30.5,63,2.1,95.0,6.9,90.0,0.0,,,,,,,,,,2020-07-09T13:25:00,,,,0,,,,,,,,,,,,,,
2020-07-09 15:00:00,918.2,31.4,61,0.8,355.0,4.6,123.0,0.0,,,,,,,,,,2020-07-09T14:08:00,,,,0,,,,,,,,,,,,,,
2020-07-09 16:00:00,918.4,29.5,67,2.0,104.0,5.2,141.0,0.0,,,,,,,,,,2020-07-09T15:34:00,,,,0,,,,,,,,,,,,,,
2020-07-09 17:00:00,918.5,28.9,71,0.7,131.0,3.6,91.0,0.0,,,,,,,,,,2020-07-09T16:10:00,,,,0,,,,,,,,,,,,,,
2020-07-09 18:00:00,919.1,28.2,64,0.5,230.0,3.4,283.0,0.0,,,,,,,,,,2020-07-09T17:12:00,,,,0,,,,,,,,,,,,,,
2020-07-09 19:00:00,919.4,26.4,61,1.1,190.0,2.5,187.0,0.0,,,,,,,,,,2020-07-09T18:33:00,,,,0,,,,,,,,,,,,,,
2020-07-09 20:00:00,920.1,25.2,61,1.6,206.0,3.2,204.0,0.0,,,,,,,,,,2020-07-09T19:26:00,,,,0,,,,,,,,,,,,,,
2020-07-09 21:00:00,920.5,24.7,59,1.4,225.0,2.5,199.0,0.0,,,,,,,,,,2020-07-09T20:46:00,,,,0,,,,,,,,,,,,,,
2020-07-09 22:00:00,920.9,26.1,46,1.2,275.0,4.0,300.0,0.0,,,,,,,,,,2020-07-09T21:55:00,,,,0,,,,,,,,,,,,,,
2020-07-09 23:00:00,921.2,24.9,53,0.6,233.0,5.0,292.0,0.0,,,,,,,,,,2020-07-09T22:03:00,,,,0,,,,,,,,,,,,,,
2020-07-10 00:00:00,920.7,26.4,42,1.4,230.0,3.1,225.0,0.0,,,,,,,,,,2020-07-09T23:59:00,,,,0,,,,,,,,,,,,,,
2020-07-10 01:00:00,920.7,23.7,55,1.0,189.0,2.4,232.0,0.0,,,,,,,,,,2020-07-10T00:01:00,,,,0,,,,,,,,,,,,,,
2020-07-10 02:00:00,921.0,22.8,60,1.2,211.0,2.4,207.0,0.0,,,,,,,,,,2020-07-10T01:36:00,,,,0,,,,,,,,,,,,,,
2020-07-10 03:00:00,920.7,22.1,62,1.2,225.0,2.8,209.0,0.0,,,,,,,,,,2020-07-10T02:40:00,,,,0,,,,,,,,,,,,,,
2020-07-10 04:00:00,920.7,22.9,58,1.4,230.0,2.9,217.0,0.0,,,,,,,,,,2020-07-10T03:52:00,,,,0,,,,,,,,,,,,,,
2020-07-10 05:00:00,921.1,21.4,65,1.0,205.0,2.7,245.0,0.0,,,,,,,,,,2020-07-10T04:12:00,,,,0,,,,,,,,,,,,,,
2020-07-10 06:00:00,922.1,21.3,68,1.6,209.0,2.6,211.0,0.0,,,,,,,,,,2020-07-10T05:54:00,,,,0,,,,,,,,,,,,,,
2020-07-10 07:00:00,922.3,25.5,53,0.4,28.0,2.1,217.0,0.0,,,,,,,,,,2020-07-10T06:11:00,,,,0,,,,,,,,,,,,,,
2020-07-10 08:00:00,922.6,28.5,47,0.3,12.0,1.4,16.0,0.0,,,,,,,,,,2020-07-10T07:43:00,,,,0,,,,,,,,,,,,,,
2020-07-10 09:00:00,922.5,28.8,46,0.8,90.0,3.9,124.0,0.0,,,,,,,,,,2020-07-10T08:39:00,,,,0,,,,,,,,,,,,,,
2020-07-10 10:00:00,922.3,30.6,51,1.6,14.0,3.5,33.0,0.0,,,,,,,,,,2020-07-10T09:56:00,,,,0,,,,,,,,,,,,,,
2020-07-10 11:00:00,922.3,30.3,51,2.2,107.0,5.6,65.0,0.0,,,,,,,,,,2020-07-10T10:37:00,,,,0,,,,,,,,,,,,,,
2020-07-10 12:00:00,921.8,32.0,45,1.4,77.0,7.2,83.0,0.0,,,,,,,,,,2020-07-10T11:10:00,,,,0,,,,,,,,,,,,,,
2020-07-10 13:00:00,921.5,32.9,47,1.4,72.0,6.3,61.0,0.0,,,,,,,,,,2020-07-10T12:33:00,,,,0,,,,,,,,,,,,,,
2020-07-10 14:00:00,920.8,32.6,48,2.5,50.0,6.8,3.0,0.0,,,,,,,,,,2020-07-10T13:59:00,,,,0,,,,,,,,,,,,,,
2020-07-10 15:00:00,921.0,32.5,51,1.7,118.0,5.8,81.0,0.0,,,,,,,,,,2020-07-10T14:10:00,,,,0,,,,,,,,,,,,,,
2020-07-10 16:00:00,920.7,32.5,51,1.1,74.0,3.8,50.0,0.0,,,,,,,,,,2020-07-10T15:20:00,,,,0,,,,,,,,,,,,,,
2020-07-10 17:00:00,921.1,32.0,55,1.4,129.0,4.1,111.0,0.0,,,,,,,,,,2020-07-10T16:27:00,,,,0,,,,,,,,,,,,,,
2020-07-10 18:00:00,921.6,29.1,67,1.3,177.0,4.3,73.0,0.0,,,,,,,,,,2020-07-10T17:14:00,,,,0,,,,,,,,,,,,,,
2020-07-10 19:00:00,922.3,26.7,78,1.2,167.0,3.9,79.0,0.0,,,,,,,,,,2020-07-10T18:03:00,,,,0,,,,,,,,,,,,,,
2020-07-10 20:00:00,923.1,25.1,85,1.7,208.0,2.3,206.0,0.0,,,,,,,,,,2020-07-10T19:53:00,,,,0,,,,,,,,,,,,,,
2020-07-10 21:00:00,923.8,24.2,87,1.6,206.0,2.4,198.0,0.0,,,,,,,,,,2020-07-10T20:39:00,,,,0,,,,,,,,,,,,,,
2020-07-10 22:00:00,924.5,23.4,79,1.4,204.0,2.8,196.0,0.0,,,,,,,,,,2020-07-10T21:41:00,,,,0,,,,,,,,,,,,,,
2020-07-10 23:00:00,924.3,23.5,75,0.8,216.0,2.8,203.0,0.0,,,,,,,,,,2020-07-10T22:16:00,,,,0,,,,,,,,,,,,,,
2020-07-11 00:00:00,923.8,23.0,73,1.1,201.0,2.6,203.0,0.0,,,,,,,,,,2020-07-10T23:08:00,,,,0,,,,,,,,,,,,,,
2020-07-11 01:00:00,923.6,22.3,74,1.6,205.0,2.7,202.0,0.0,,,,,,,,,,2020-07-11T00:49:00,,,,0,,,,,,,,,,,,,,
2020-07-11 02:00:00,923.5,21.2,77,1.7,201.0,2.7,203.0,0.0,,,,,,,,,,2020-07-11T01:42:00,,,,0,,,,,,,,,,,,,,
2020-07-11 03:00:00,923.7,21.0,75,1.9,205.0,2.9,205.0,0.0,,,,,,,,,,2020-07-11T02:27:00,,,,0,,,,,,,,,,,,,,
2020-07-11 04:00:00,924.0,20.4,73,1.4,211.0,2.8,199.0,0.0,,,,,,,,,,2020-07-11T03:46:00,,,,0,,,,,,,,,,,,,,
2020-07-11 05:00:00,924.2,19.8,74,1.6,216.0,2.7,200.0,0.0,,,,,,,,,,2020-07-11T04:03:00,,,,0,,,,,,,,,,,,,,
2020-07-11 06:00:00,924.8,19.3,77,1.4,208.0,2.8,197.0,0.0,,,,,,,,,,2020-07-11T05:07:00,,,,0,,,,,,,,,,,,,,
2020-07-11 07:00:00,924.7,24.0,56,0.1,0.0,2.2,216.0,0.0,,,,,,,,,,2020-07-11T06:04:00,,,,0,,,,,,,,,,,,,,
2020-07-11 08:00:00,924.7,26.3,47,0.6,356.0,1.5,28.0,0.0,,,,,,,,,,2020-07-11T07:51:00,,,,0,,,,,,,,,,,,,,
2020-07-11 09:00:00,924.5,28.6,49,1.3,39.0,2.9,122.0,0.0,,,,,,,,,,2020-07-11T09:00:00,,,,0,,,,,,,,,,,,,,
2020-07-11 10:00:00,924.2,30.0,56,1.6,65.0,5.0,143.0,0.0,,,,,,,,,,2020-07-11T09:54:00,,,,0,,,,,,,,,,,,,,
2020-07-11 11:00:00,923.6,30.6,56,1.6,128.0,5.8,109.0,0.0,,,,,,,,,,2020-07-11T10:56:00,,,,0,,,,,,,,,,,,,,
2020-07-11 12:00:00,923.0,32.2,52,1.4,99.0,5.4,64.0,0.0,,,,,,,,,,2020-07-11T11:12:00,,,,0,,,,,,,,,,,,,,
2020-07-11 13:00:00,922.4,32.8,50,1.4,75.0,5.8,105.0,0.0,,,,,,,,,,2020-07-11T12:11:00,,,,0,,,,,,,,,,,,,,
2020-07-11 14:00:00,922.1,33.0,49,1.3,69.0,5.9,129.0,0.0,,,,,,,,,,2020-07-11T13:11:00,,,,0,,,,,,,,,,,,,,
2020-07-11 15:00:00,922.0,32.2,52,1.8,70.0,6.9,21.0,0.0,,,,,,,,,,2020-07-11T14:35:00,,,,0,,,,,,,,,,,,,,
2020-07-11 16:00:00,922.3,30.9,52,1.4,102.0,6.5,201.0,0.0,,,,,,,,,,2020-07-11T15:33:00,,,,0,,,,,,,,,,,,,,
2020-07-11 17:00:00,922.3,31.5,56,0.9,53.0,4.4,92.0,0.0,,,,,,,,,,2020-07-11T16:37:00,,,,0,,,,,,,,,,,,,,
2020-07-11 18:00:00,923.2,29.0,64,0.8,135.0,4.4,136.0,0.0,,,,,,,,,,2020-07-11T17:09:00,,,,0,,,,,,,,,,,,,,
2020-07-11 19:00:00,924.1,26.3,80,1.2,173.0,3.4,149.0,0.0,,,,,,,,,,2020-07-11T18:31:00,,,,0,,,,,,,,,,,,,,
2020-07-11 20:00:00,924.6,25.2,86,0.9,177.0,2.5,166.0,0.0,,,,,,,,,,2020-07-11T19:02:00,,,,0,,,,,,,,,,,,,,
2020-07-11 21:00:00,925.4,24.2,80,0.8,214.0,1.5,208.0,0.0,,,,,,,,,,2020-07-11T20:54:00,,,,0,,,,,,,,,,,,,,
2020-07-11 22:00:00,925.9,23.5,81,1.2,212.0,2.4,205.0,0.0,,,,,,,,,,2020-07-11T21:13:00,,,,0,,,,,,,,,,,,,,
2020-07-11 23:00:00,925.9,22.2,83,1.4,205.0,2.1,236.0,0.0,,,,,,,,,,2020-07-11T22:23:00,,,,0,,,,,,,,,,,,,,
2020-07-12 00:00:00,925.9,21.7,83,1.4,208.0,2.4,211.0,0.0,,,,,,,,,,2020-07-11T23:33:00,,,,0,,,,,,,,,,,,,,
2020-07-12 01:00:00,925.2,22.3,76,1.1,239.0,4.1,300.0,0.0,,,,,,,,,,2020-07-12T00:54:00,,,,0,,,,,,,,,,,,,,
2020-07-12 02:00:00,924.7,21.5,78,1.3,224.0,2.4,228.0,0.0,,,,,,,,,,2020-07-12T01:01:00,,,,0,,,,,,,,,,,,,,
2020-07-12 03:00:00,924.8,20.4,80,1.2,201.0,2.2,206.0,0.0,,,,,,,,,,2020-07-12T02:34:00,,,,0,,,,,,,,,,,,,,
2020-07-12 04:00:00,924.8,20.2,79,1.7,205.0,2.8,201.0,0.0,,,,,,,,,,2020-07-12T03:40:00,,,,0,,,,,,,,,,,,,,
2020-07-12 05:00:00,924.8,20.2,77,1.4,226.0,2.6,205.0,0.0,,,,,,,,,,2020-07-12T04:11:00,,,,0,,,,,,,,,,,,,,
2020-07-12 06:00:00,925.0,19.6,80,0.9,228.0,2.8,218.0,0.0,,,,,,,,,,2020-07-12T05:01:00,,,,0,,,,,,,,,,,,,,
2020-07-12 07:00:00,925.1,23.4,62,0.6,342.0,2.2,224.0,0.0,,,,,,,,,,2020-07-12T06:03:00,,,,0,,,,,,,,,,,,,,
2020-07-12 08:00:00,924.9,26.5,53,0.5,4.0,1.5,23.0,0.0,,,,,,,,,,2020-07-12T07:09:00,,,,0,,,,,,,,,,,,,,
2020-07-12 09:00:00,924.8,28.9,47,0.9,16.0,3.2,14.0,0.0,,,,,,,,,,2020-07-12T08:32:00,,,,0,,,,,,,,,,,,,,
2020-07-12 10:00:00,924.2,29.8,57,1.2,33.0,3.9,40.0,0.0,,,,,,,,,,2020-07-12T09:55:00,,,,0,,,,,,,,,,,,,,
2020-07-12 11:00:00,923.8,30.3,56,2.0,68.0,6.8,84.0,0.0,,,,,,,,,,2020-07-12T10:19:00,,,,0,,,,,,,,,,,,,,
2020-07-12 12:00:00,923.1,30.7,55,2.5,87.0,6.6,45.0,0.0,,,,,,,,,,2020-07-12T11:57:00,,,,0,,,,,,,,,,,,,,
2020-07-12 13:00:00,922.5,32.1,52,2.0,142.0,6.9,224.0,0.0,,,,,,,,,,2020-07-12T12:54:00,,,,0,,,,,,,,,,,,,,
2020-07-12 14:00:00,921.8,31.8,57,1.7,77.0,6.8,196.0,0.0,,,,,,,,,,2020-07-12T13:46:00,,,,0,,,,,,,,,,,,,,
2020-07-12 15:00:00,921.5,30.7,60,2.8,81.0,8.5,62.0,0.0,,,,,,,,,,2020-07-12T14:59:00,,,,0,,,,,,,,,,,,,,
2020-07-12 16:00:00,921.5,30.0,66,2.2,43.0,9.5,67.0,0.0,,,,,,,,,,2020-07-12T15:14:00,,,,0,,,,,,,,,,,,,,
2020-07-12 17:00:00,922.1,28.8,69,1.8,100.0,8.6,52.0,0.0,,,,,,,,,,2020-07-12T16:14:00,,,,0,,,,,,,,,,,,,,
2020-07-12 18:00:00,923.3,26.5,80,0.9,224.0,5.8,95.0,0.0,,,,,,,,,,2020-07-12T17:30:00,,,,0,,,,,,,,,,,,,,
2020-07-12 19:00:00,924.3,25.5,88,0.5,268.0,4.0,108.0,0.0,,,,,,,,,,2020-07-12T18:16:00,,,,0,,,,,,,,,,,,,,
2020-07-12 20:00:00,925.1,24.3,95,0.6,103.0,3.7,36.0,0.0,,,,,,,,,,2020-07-12T19:11:00,,,,0,,,,,,,,,,,,,,
2020-07-12 21:00:00,925.5,24.1,96,0.1,0.0,1.9,129.0,0.0,,,,,,,,,,2020-07-12T20:06:00,,,,0,,,,,,,,,,,,,,
2020-07-12 22:00:00,925.7,23.8,96,0.7,220.0,1.8,92.0,0.0,,,,,,,,,,2020-07-12T21:22:00,,,,0,,,,,,,,,,,,,,
2020-07-12 23:00:00,924.7,23.0,96,0.6,220.0,2.0,224.0,0.0,,,,,,,,,,2020-07-12T22:26:00,,,,0,,,,,,,,,,,,,,
2020-07-13 00:00:00,924.4,21.8,95,1.1,196.0,2.3,205.0,0.0,,,,,,,,,,2020-07-12T23:45:00,,,,0,,,,,,,,,,,,,,
2020-07-13 01:00:00,924.0,21.3,85,1.1,213.0,2.6,217.0,0.0,,,,,,,,,,2020-07-13T00:45:00,,,,0,,,,,,,,,,,,,,
2020-07-13 02:00:00,923.9,20.0,85,1.8,215.0,2.8,235.0,0.0,,,,,,,,,,2020-07-13T01:22:00,,,,0,,,,,,,,,,,,,,
2020-07-13 03:00:00,923.4,20.7,73,1.1,220.0,2.9,290.0,0.0,,,,,,,,,,2020-07-13T02:24:00,,,,0,,,,,,,,,,,,,,
2020-07-13 04:00:00,923.0,19.3,77,1.3,199.0,2.1,231.0,0.0,,,,,,,,,,2020-07-13T03:26:00,,,,0,,,,,,,,,,,,,,
2020-07-13 05:00:00,923.6,18.6,78,1.6,202.0,2.6,201.0,0.0,,,,,,,,,,2020-07-13T04:12:00,,,,0,,,,,,,,,,,,,,
2020-07-13 06:00:00,924.0,20.1,65,0.8,237.0,3.0,220.0,0.0,,,,,,,,,,2020-07-13T05:48:00,,,,0,,,,,,,,,,,,,,
2020-07-13 07:00:00,924.2,24.1,56,0.3,41.0,3.5,237.0,0.0,,,,,,,,,,2020-07-13T06:13:00,,,,0,,,,,,,,,,,,,,
2020-07-13 08:00:00,924.1,26.1,49,0.7,2.0,1.8,28.0,0.0,,,,,,,,,,2020-07-13T07:53:00,,,,0,,,,,,,,,,,,,,
2020-07-13 09:00:00,924.0,28.9,40,1.3,66.0,3.2,102.0,0.0,,,,,,,,,,2020-07-13T08:56:00,,,,0,,,,,,,,,,,,,,
2020-07-13 10:00:00,924.2,29.8,52,1.6,67.0,5.3,108.0,0.0,,,,,,,,,,2020-07-13T09:28:00,,,,0,,,,,,,,,,,,,,
2020-07-13 11:00:00,924.2,31.3,51,1.5,67.0,5.0,91.0,0.0,,,,,,,,,,2020-07-13T10:08:00,,,,0,,,,,,,,,,,,,,
2020-07-13 12:00:00,923.5,31.4,50,1.3,32.0,7.0,16.0,0.0,,,,,,,,,,2020-07-13T11:58:00,,,,0,,,,,,,,,,,,,,
2020-07-13 13:00:00,923.1,30.5,53,2.1,72.0,7.0,111.0,0.0,,,,,,,,,,2020-07-13T12:56:00,,,,0,,,,,,,,,,,,,,
2020-07-13 14:00:00,922.3,31.9,51,1.9,37.0,5.6,331.0,0.0,,,,,,,,,,2020-07-13T13:13:00,,,,0,,,,,,,,,,,,,,
2020-07-13 15:00:00,922.2,30.9,56,1.5,51.0,7.5,72.0,0.0,,,,,,,,,,2020-07-13T14:34:00,,,,0,,,,,,,,,,,,,,
2020-07-13 16:00:00,921.9,29.3,61,2.6,75.0,7.0,84.0,0.0,,,,,,,,,,2020-07-13T15:59:00,,,,0,,,,,,,,,,,,,,
2020-07-13 17:00:00,922.4,29.2,60,0.9,88.0,6.4,25.0,0.0,,,,,,,,,,2020-07-13T16:09:00,,,,0,,,,,,,,,,,,,,
2020-07-13 18:00:00,922.9,27.0,67,0.5,213.0,6.7,23.0,0.0,,,,,,,,,,2020-07-13T17:09:00,,,,0,,,,,,,,,,,,,,
2020-07-13 19:00:00,923.3,25.3,72,1.6,166.0,2.4,199.0,0.0,,,,,,,,,,2020-07-13T18:28:00,,,,0,,,,,,,,,,,,,,
2020-07-13 20:00:00,924.0,24.9,73,0.9,186.0,3.1,123.0,0.0,,,,,,,,,,2020-07-13T19:10:00,,,,0,,,,,,,,,,,,,,
2020-07-13 21:00:00,924.8,25.0,74,1.1,150.0,2.3,156.0,0.0,,,,,,,,,,2020-07-13T20:54:00,,,,0,,,,,,,,,,,,,,
2020-07-13 22:00:00,925.0,24.4,77,1.0,207.0,2.1,161.0,0.0,,,,,,,,,,2020-07-13T21:02:00,,,,0,,,,,,,,,,,,,,
2020-07-13 23:00:00,924.6,23.1,83,1.4,219.0,2.3,215.0,0.0,,,,,,,,,,2020-07-13T22:54:00,,,,0,,,,,,,,,,,,,,
2020-07-14 00:00:00,924.1,22.9,84,0.5,226.0,2.2,229.0,0.0,,,,,,,,,,2020-07-13T23:44:00,,,,0,,,,,,,,,,,,,,
2020-07-14 01:00:00,923.5,22.4,83,0.9,194.0,3.1,257.0,0.0,,,,,,,,,,2020-07-14T00:25:00,,,,0,,,,,,,,,,,,,,
2020-07-14 02:00:00,923.0,22.4,77,0.9,240.0,2.0,199.0,0.0,,,,,,,,,,2020-07-14T01:05:00,,,,0,,,,,,,,,,,,,,
2020-07-14 03:00:00,922.6,21.8,75,0.3,206.0,2.8,250.0,0.0,,,,,,,,,,2020-07-14T02:11:00,,,,0,,,,,,,,,,,,,,
2020-07-14 04:00:00,922.4,20.8,76,1.6,230.0,2.4,204.0,0.0,,,,,,,,,,2020-07-14T03:38:00,,,,0,,,,,,,,,,,,,,
2020-07-14 05:00:00,922.7,20.3,75,1.3,213.0,2.5,237.0,0.0,,,,,,,,,,2020-07-14T04:04:00,,,,0,,,,,,,,,,,,,,
2020-07-14 06:00:00,923.2,20.3,77,1.2,207.0,2.6,225.0,0.0,,,,,,,,,,2020-07-14T05:06:00,,,,0,,,,,,,,,,,,,,
2020-07-14 07:00:00,923.5,24.5,61,0.4,356.0,2.0,217.0,0.0,,,,,,,,,,2020-07-14T06:01:00,,,,0,,,,,,,,,,,,,,
2020-07-14 08:00:00,923.4,27.3,50,0.3,355.0,1.5,9.0,0.0,,,,,,,,,,2020-07-14T07:28:00,,,,0,,,,,,,,,,,,,,
2020-07-14 09:00:00,923.4,29.4,46,1.3,31.0,3.2,59.0,0.0,,,,,,,,,,2020-07-14T09:00:00,,,,0,,,,,,,,,,,,,,
2020-07-14 10:00:00,923.4,29.6,54,1.2,18.0,4.5,101.0,0.0,,,,,,,,,,2020-07-14T09:13:00,,,,0,,,,,,,,,,,,,,
2020-07-14 11:00:00,923.0,30.7,51,1.5,73.0,6.2,80.0,0.0,,,,,,,,,,2020-07-14T10:34:00,,,,0,,,,,,,,,,,,,,
2020-07-14 12:00:00,922.2,31.4,52,1.7,25.0,5.7,54.0,0.0,,,,,,,,,,2020-07-14T11:38:00,,,,0,,,,,,,,,,,,,,
2020-07-14 13:00:00,921.7,30.1,57,1.6,50.0,6.5,84.0,0.0,,,,,,,,,,2020-07-14T12:05:00,,,,0,,,,,,,,,,,,,,
2020-07-14 14:00:00,921.1,31.3,55,1.2,358.0,5.5,101.0,0.0,,,,,,,,,,2020-07-14T13:22:00,,,,0,,,,,,,,,,,,,,
2020-07-14 15:00:00,920.8,29.6,62,1.4,60.0,5.6,46.0,0.0,,,,,,,,,,2020-07-14T14:51:00,,,,0,,,,,,,,,,,,,,
2020-07-14 16:00:00,920.8,28.4,68,1.2,91.0,6.6,90.0,0.0,,,,,,,,,,2020-07-14T15:36:00,,,,0,,,,,,,,,,,,,,
2020-07-14 17:00:00,921.1,26.7,77,2.0,88.0,6.2,36.0,0.0,,,,,,,,,,2020-07-14T16:28:00,,,,0,,,,,,,,,,,,,,
2020-07-14 18:00:00,921.7,25.8,79,1.0,72.0,6.3,87.0,0.0,,,,,,,,,,2020-07-14T17:41:00,,,,0,,,,,,,,,,,,,,
2020-07-14 19:00:00,922.5,24.9,81,1.3,165.0,4.1,211.0,0.0,,,,,,,,,,2020-07-14T18:29:00,,,,0,,,,,,,,,,,,,,
2020-07-14 20:00:00,923.2,24.2,86,1.3,170.0,2.5,163.0,0.0,,,,,,,,,,2020-07-14T19:54:00,,,,0,,,,,,,,,,,,,,
2020-07-14 21:00:00,923.5,23.9,88,0.2,0.0,1.6,207.0,0.0,,,,,,,,,,2020-07-14T20:34:00,,,,0,,,,,,,,,,,,,,
2020-07-14 22:00:00,923.9,24.0,90,0.8,111.0,2.0,136.0,0.0,,,,,,,,,,2020-07-14T21:50:00,,,,0,,,,,,,,,,,,,,
2020-07-14 23:00:00,923.5,22.9,93,0.7,184.0,2.0,116.0,0.0,,,,,,,,,,2020-07-14T22:07:00,,,,0,,,,,,,,,,,,,,
2020-07-15 00:00:00,923.1,22.3,93,1.3,215.0,1.9,177.0,0.0,,,,,,,,,,2020-07-14T23:05:00,,,,0,,,,,,,,,,,,,,
2020-07-15 01:00:00,922.4,22.3,94,0.7,176.0,1.8,211.0,0.0,,,,,,,,,,2020-07-15T00:24:00,,,,0,,,,,,,,,,,,,,
2020-07-15 02:00:00,922.2,21.7,93,0.8,188.0,2.2,199.0,0.0,,,,,,,,,,2020-07-15T01:48:00,,,,0,,,,,,,,,,,,,,
2020-07-15 03:00:00,921.8,22.0,90,0.3,214.0,2.1,230.0,0.0,,,,,,,,,,2020-07-15T02:36:00,,,,0,,,,,,,,,,,,,,
2020-07-15 04:00:00,921.3,22.1,86,1.1,208.0,2.4,230.0,0.0,,,,,,,,,,2020-07-15T03:13:00,,,,0,,,,,,,,,,,,,,
2020-07-15 05:00:00,921.2,22.4,81,1.3,221.0,2.2,224.0,0.0,,,,,,,,,,2020-07-15T04:34:00,,,,0,,,,,,,,,,,,,,
2020-07-15 06:00:00,922.2,22.0,86,0.8,232.0,1.8,221.0,0.0,,,,,,,,,,2020-07-15T05:34:00,,,,0,,,,,,,,,,,,,,
2020-07-15 07:00:00,922.5,22.9,77,1.2,265.0,2.7,311.0,0.0,,,,,,,,,,2020-07-15T06:58:00,,,,0,,,,,,,,,,,,,,
2020-07-15 08:00:00,922.1,23.1,77,1.4,142.0,4.5,294.0,0.0,,,,,,,,,,2020-07-15T07:11:00,,,,0,,,,,,,,,,,,,,
2020-07-15 09:00:00,921.2,22.7,86,1.2,170.0,3.1,223.0,0.0,,,,,,,,,,2020-07-15T08:44:00,,,,0,,,,,,,,,,,,,,
2020-07-15 10:00:00,922.0,24.3,76,1.3,297.0,4.0,312.0,0.0,,,,,,,,,,2020-07-15T09:51:00,,,,0,,,,,,,,,,,,,,
2020-07-15 11:00:00,920.7,28.3,62,1.2,60.0,4.4,50.0,0.0,,,,,,,,,,2020-07-15T10:48:00,,,,0,,,,,,,,,,,,,,
2020-07-15 12:00:00,920.8,27.3,66,1.9,46.0,8.0,86.0,0.0,,,,,,,,,,2020-07-15T11:39:00,,,,0,,,,,,,,,,,,,,
2020-07-15 13:00:00,920.1,30.1,57,1.1,77.0,4.5,88.0,0.0,,,,,,,,,,2020-07-15T12:27:00,,,,0,,,,,,,,,,,,,,
2020-07-15 14:00:00,919.4,30.3,57,1.6,48.0,6.6,66.0,0.0,,,,,,,,,,2020-07-15T13:47:00,,,,0,,,,,,,,,,,,,,
2020-07-15 15:00:00,919.1,30.9,56,1.9,91.0,6.9,58.0,0.0,,,,,,,,,,2020-07-15T14:09:00,,,,0,,,,,,,,,,,,,,
2020-07-15 16:00:00,918.9,30.9,57,0.9,76.0,6.4,48.0,0.0,,,,,,,,,,2020-07-15T15:34:00,,,,0,,,,,,,,,,,,,,
2020-07-15 17:00:00,919.4,30.7,60,1.2,90.0,4.1,88.0,0.0,,,,,,,,,,2020-07-15T16:55:00,,,,0,,,,,,,,,,,,,,
2020-07-15 18:00:00,919.9,28.7,70,1.1,178.0,4.2,66.0,0.0,,,,,,,,,,2020-07-15T17:07:00,,,,0,,,,,,,,,,,,,,
2020-07-15 19:00:00,920.9,26.6,79,1.4,173.0,4.3,181.0,0.0,,,,,,,,,,2020-07-15T18:13:00,,,,0,,,,,,,,,,,,,,
2020-07-15 20:00:00,921.7,25.8,82,0.9,148.0,2.8,156.0,0.0,,,,,,,,,,2020-07-15T19:25:00,,,,0,,,,,,,,,,,,,,
2020-07-15 21:00:00,922.4,24.4,88,1.1,208.0,1.8,180.0,0.0,,,,,,,,,,2020-07-15T20:30:00,,,,0,,,,,,,,,,,,,,
2020-07-15 22:00:00,923.0,24.1,91,1.3,217.0,1.8,218.0,0.0,,,,,,,,,,2020-07-15T22:00:00,,,,0,,,,,,,,,,,,,,
2020-07-15 23:00:00,922.7,24.1,91,1.3,205.0,2.1,220.0,0.0,,,,,,,,,,2020-07-15T22:02:00,,,,0,,,,,,,,,,,,,,
2020-07-16 00:00:00,922.5,23.6,91,1.1,211.0,1.8,201.0,0.0,,,,,,,,,,2020-07-15T23:53:00,,,,0,,,,,,,,,,,,,,
2020-07-16 01:00:00,922.3,23.8,86,1.0,231.0,1.9,201.0,0.0,,,,,,,,,,2020-07-16T00:34:00,,,,0,,,,,,,,,,,,,,
2020-07-16 02:00:00,922.0,23.1,86,1.1,218.0,1.9,222.0,0.0,,,,,,,,,,2020-07-16T01:45:00,,,,0,,,,,,,,,,,,,,
2020-07-16 03:00:00,921.4,22.3,87,1.2,195.0,2.3,200.0,0.0,,,,,,,,,,2020-07-16T02:40:00,,,,0,,,,,,,,,,,,,,
2020-07-16 04:00:00,921.2,22.2,86,1.2,213.0,2.0,208.0,0.0,,,,,,,,,,2020-07-16T03:07:00,,,,0,,,,,,,,,,,,,,
2020-07-16 05:00:00,921.3,21.9,86,0.8,241.0,2.4,206.0,0.0,,,,,,,,,,2020-07-16T04:44:00,,,,0,,,,,,,,,,,,,,
2020-07-16 06:00:00,921.8,22.4,85,0.8,232.0,2.3,214.0,0.0,,,,,,,,,,2020-07-16T05:03:00,,,,0,,,,,,,,,,,,,,
2020-07-16 07:00:00,922.0,25.2,72,0.1,0.0,1.7,100.0,0.0,,,,,,,,,,2020-07-16T06:38:00,,,,0,,,,,,,,,,,,,,
2020-07-16 08:00:00,922.0,27.7,61,0.3,20.0,1.5,240.0,0.0,,,,,,,,,,2020-07-16T07:36:00,,,,0,,,,,,,,,,,,,,
2020-07-16 09:00:00,921.5,29.9,54,1.0,68.0,2.1,66.0,0.0,,,,,,,,,,2020-07-16T09:00:00,,,,0,,,,,,,,,,,,,,
2020-07-16 10:00:00,920.9,31.0,55,1.5,50.0,6.1,114.0,0.0,,,,,,,,,,2020-07-16T10:00:00,,,,0,,,,,,,,,,,,,,
2020-07-16 11:00:00,920.5,31.5,52,1.7,94.0,5.4,134.0,0.0,,,,,,,,,,2020-07-16T10:11:00,,,,0,,,,,,,,,,,,,,
2020-07-16 12:00:00,920.0,32.4,49,1.9,75.0,5.8,52.0,0.0,,,,,,,,,,2020-07-16T11:52:00,,,,0,,,,,,,,,,,,,,
2020-07-16 13:00:00,919.7,33.1,48,1.8,71.0,7.5,56.0,0.0,,,,,,,,,,2020-07-16T12:40:00,,,,0,,,,,,,,,,,,,,
2020-07-16 14:00:00,919.4,33.1,50,2.5,38.0,7.6,69.0,0.0,,,,,,,,,,2020-07-16T13:30:00,,,,0,,,,,,,,,,,,,,
2020-07-16 15:00:00,919.8,31.7,54,1.9,71.0,9.4,38.0,0.0,,,,,,,,,,2020-07-16T14:39:00,,,,0,,,,,,,,,,,,,,
2020-07-16 16:00:00,920.8,27.9,74,1.3,57.0,6.7,90.0,0.0,,,,,,,,,,2020-07-16T15:38:00,,,,0,,,,,,,,,,,,,,
2020-07-16 17:00:00,921.0,27.0,73,1.5,121.0,4.3,18.0,0.0,,,,,,,,,,2020-07-16T16:02:00,,,,0,,,,,,,,,,,,,,
2020-07-16 18:00:00,921.6,27.1,72,0.5,100.0,3.1,114.0,0.0,,,,,,,,,,2020-07-16T17:02:00,,,,0,,,,,,,,,,,,,,
2020-07-16 19:00:00,922.7,25.1,82,0.4,270.0,3.0,104.0,0.0,,,,,,,,,,2020-07-16T18:22:00,,,,0,,,,,,,,,,,,,,
2020-07-16 20:00:00,923.5,24.3,84,1.0,227.0,1.6,222.0,0.0,,,,,,,,,,2020-07-16T19:52:00,,,,0,,,,,,,,,,,,,,
2020-07-16 21:00:00,924.0,23.6,86,1.5,208.0,2.2,207.0,0.0,,,,,,,,,,2020-07-16T20:39:00,,,,0,,,,,,,,,,,,,,
2020-07-16 22:00:00,924.4,23.2,88,1.4,200.0,2.0,210.0,0.0,,,,,,,,,,2020-07-16T21:01:00,,,,0,,,,,,,,,,,,,,
2020-07-16 23:00:00,924.5,23.0,87,1.2,225.0,2.0,201.0,0.0,,,,,,,,,,2020-07-16T22:08:00,,,,0,,,,,,,,,,,,,,
2020-07-17 00:00:00,923.9,22.8,85,1.4,221.0,2.4,222.0,0.0,,,,,,,,,,2020-07-16T23:52:00,,,,0,,,,,,,,,,,,,,
2020-07-17 01:00:00,923.4,22.2,86,1.5,202.0,2.4,201.0,0.0,,,,,,,,,,2020-07-17T00:53:00,,,,0,,,,,,,,,,,,,,
2020-07-17 02:00:00,923.1,21.9,86,1.4,214.0,2.3,204.0,0.0,,,,,,,,,,2020-07-17T01:54:00,,,,0,,,,,,,,,,,,,,
2020-07-17 03:00:00,922.7,21.7,84,1.1,228.0,2.1,210.0,0.0,,,,,,,,,,2020-07-17T02:25:00,,,,0,,,,,,,,,,,,,,
2020-07-17 04:00:00,922.5,21.3,83,1.2,224.0,2.4,226.0,0.0,,,,,,,,,,2020-07-17T03:37:00,,,,0,,,,,,,,,,,,,,
2020-07-17 05:00:00,922.8,20.7,86,1.0,194.0,2.4,205.0,0.0,,,,,,,,,,2020-07-17T04:30:00,,,,0,,,,,,,,,,,,,,
2020-07-17 06:00:00,923.4,21.3,83,0.9,225.0,2.6,241.0,0.0,,,,,,,,,,2020-07-17T05:50:00,,,,0,,,,,,,,,,,,,,
2020-07-17 07:00:00,923.5,24.8,64,0.6,350.0,1.6,346.0,0.0,,,,,,,,,,2020-07-17T06:59:00,,,,0,,,,,,,,,,,,,,
2020-07-17 08:00:00,923.8,27.6,57,0.5,10.0,1.6,356.0,0.0,,,,,,,,,,2020-07-17T07:58:00,,,,0,,,,,,,,,,,,,,
2020-07-17 09:00:00,923.8,29.0,54,1.3,43.0,3.6,66.0,0.0,,,,,,,,,,2020-07-17T08:57:00,,,,0,,,,,,,,,,,,,,
2020-07-17 10:00:00,923.3,30.1,58,1.5,47.0,4.9,35.0,0.0,,,,,,,,,,2020-07-17T09:11:00,,,,0,,,,,,,,,,,,,,
2020-07-17 11:00:00,922.8,31.4,55,1.7,100.0,5.3,57.0,0.0,,,,,,,,,,2020-07-17T10:14:00,,,,0,,,,,,,,,,,,,,
2020-07-17 12:00:00,922.7,31.9,50,2.3,62.0,7.0,79.0,0.0,,,,,,,,,,2020-07-17T11:02:00,,,,0,,,,,,,,,,,,,,
2020-07-17 13:00:00,922.5,33.3,44,1.7,47.0,5.8,32.0,0.0,,,,,,,,,,2020-07-17T12:29:00,,,,0,,,,,,,,,,,,,,
2020-07-17 14:00:00,922.2,32.4,50,2.0,69.0,6.3,38.0,0.0,,,,,,,,,,2020-07-17T13:20:00,,,,0,,,,,,,,,,,,,,
2020-07-17 15:00:00,922.2,31.5,56,2.9,111.0,7.6,70.0,0.0,,,,,,,,,,2020-07-17T14:55:00,,,,0,,,,,,,,,,,,,,
2020-07-17 16:00:00,922.5,31.2,58,1.0,129.0,7.6,167.0,0.0,,,,,,,,,,2020-07-17T15:04:00,,,,0,,,,,,,,,,,,,,
2020-07-17 17:00:00,922.5,29.9,63,1.2,65.0,4.7,74.0,0.0,,,,,,,,,,2020-07-17T16:34:00,,,,0,,,,,,,,,,,,,,
2020-07-17 18:00:00,923.1,28.6,68,0.2,0.0,5.1,115.0,0.0,,,,,,,,,,2020-07-17T17:03:00,,,,0,,,,,,,,,,,,,,
2020-07-17 19:00:00,923.8,26.9,77,1.0,162.0,2.1,181.0,0.0,,,,,,,,,,2020-07-17T18:42:00,,,,0,,,,,,,,,,,,,,
2020-07-17 20:00:00,924.6,25.4,83,1.0,163.0,2.5,182.0,0.0,,,,,,,,,,2020-07-17T19:07:00,,,,0,,,,,,,,,,,,,,
2020-07-17 21:00:00,924.7,24.4,87,1.3,217.0,2.3,199.0,0.0,,,,,,,,,,2020-07-17T20:46:00,,,,0,,,,,,,,,,,,,,
2020-07-17 22:00:00,924.9,23.9,89,1.1,222.0,2.0,231.0,0.0,,,,,,,,,,2020-07-17T21:12:00,,,,0,,,,,,,,,,,,,,
2020-07-17 23:00:00,924.9,23.1,93,0.8,207.0,2.4,209.0,0.0,,,,,,,,,,2020-07-17T22:24:00,,,,0,,,,,,,,,,,,,,
2020-07-18 00:00:00,924.6,22.5,89,1.3,221.0,2.3,200.0,0.0,,,,,,,,,,2020-07-17T23:09:00,,,,0,,,,,,,,,,,,,,
2020-07-18 01:00:00,924.0,22.1,84,1.3,208.0,2.3,237.0,0.0,,,,,,,,,,2020-07-18T00:08:00,,,,0,,,,,,,,,,,,,,
2020-07-18 02:00:00,923.3,21.2,78,1.4,198.0,2.4,212.0,0.0,,,,,,,,,,2020-07-18T01:11:00,,,,0,,,,,,,,,,,,,,
2020-07-18 03:00:00,923.0,20.9,74,2.0,207.0,2.5,210.0,0.0,,,,,,,,,,2020-07-18T02:54:00,,,,0,,,,,,,,,,,,,,
2020-07-18 04:00:00,923.0,20.6,71,1.5,202.0,2.5,214.0,0.0,,,,,,,,,,2020-07-18T03:39:00,,,,0,,,,,,,,,,,,,,
2020-07-18 05:00:00,923.5,20.6,71,1.5,202.0,2.4,220.0,0.0,,,,,,,,,,2020-07-18T04:42:00,,,,0,,,,,,,,,,,,,,
2020-07-18 06:00:00,923.6,20.6,71,1.7,212.0,2.7,204.0,0.0,,,,,,,,,,2020-07-18T05:24:00,,,,0,,,,,,,,,,,,,,
2020-07-18 07:00:00,924.0,24.7,58,0.5,40.0,1.5,220.0,0.0,,,,,,,,,,2020-07-18T06:01:00,,,,0,,,,,,,,,,,,,,
2020-07-18 08:00:00,924.4,27.2,48,0.3,338.0,1.2,9.0,0.0,,,,,,,,,,2020-07-18T07:19:00,,,,0,,,,,,,,,,,,,,
2020-07-18 09:00:00,924.5,29.2,52,0.9,55.0,3.2,29.0,0.0,,,,,,,,,,2020-07-18T08:44:00,,,,0,,,,,,,,,,,,,,
2020-07-18 10:00:00,924.1,30.2,55,1.8,41.0,5.2,32.0,0.0,,,,,,,,,,2020-07-18T09:51:00,,,,0,,,,,,,,,,,,,,
2020-07-18 11:00:00,923.7,30.7,55,2.0,85.0,7.6,183.0,0.0,,,,,,,,,,2020-07-18T10:41:00,,,,0,,,,,,,,,,,,,,
2020-07-18 12:00:00,923.3,31.6,55,1.9,84.0,6.7,124.0,0.0,,,,,,,,,,2020-07-18T11:40:00,,,,0,,,,,,,,,,,,,,
2020-07-18 13:00:00,922.8,32.2,50,1.7,83.0,5.7,78.0,0.0,,,,,,,,,,2020-07-18T12:38:00,,,,0,,,,,,,,,,,,,,
2020-07-18 14:00:00,922.7,32.5,54,2.0,39.0,7.1,60.0,0.0,,,,,,,,,,2020-07-18T13:39:00,,,,0,,,,,,,,,,,,,,
2020-07-18 15:00:00,922.9,31.4,60,1.4,23.0,7.3,35.0,0.0,,,,,,,,,,2020-07-18T14:53:00,,,,0,,,,,,,,,,,,,,
2020-07-18 16:00:00,923.1,29.7,64,1.4,102.0,6.4,39.0,0.0,,,,,,,,,,2020-07-18T15:38:00,,,,0,,,,,,,,,,,,,,
2020-07-18 17:00:00,923.1,28.3,70,1.6,84.0,6.1,171.0,0.0,,,,,,,,,,2020-07-18T16:37:00,,,,0,,,,,,,,,,,,,,
2020-07-18 18:00:00,923.4,27.2,77,1.4,129.0,6.1,64.0,0.0,,,,,,,,,,2020-07-18T17:28:00,,,,0,,,,,,,,,,,,,,
2020-07-18 19:00:00,924.0,26.3,81,0.5,78.0,2.7,115.0,0.0,,,,,,,,,,2020-07-18T18:36:00,,,,0,,,,,,,,,,,,,,
2020-07-18 20:00:00,924.2,25.5,85,0.7,185.0,1.4,137.0,0.0,,,,,,,,,,2020-07-18T19:21:00,,,,0,,,,,,,,,,,,,,
2020-07-18 21:00:00,925.1,25.2,85,1.2,159.0,2.6,89.0,0.0,,,,,,,,,,2020-07-18T20:38:00,,,,0,,,,,,,,,,,,,,
2020-07-18 22:00:00,925.2,24.7,87,0.8,230.0,2.3,114.0,0.0,,,,,,,,,,2020-07-18T21:06:00,,,,0,,,,,,,,,,,,,,
2020-07-18 23:00:00,925.1,23.8,89,1.5,204.0,2.3,219.0,0.0,,,,,,,,,,2020-07-18T22:15:00,,,,0,,,,,,,,,,,,,,
2020-07-19 00:00:00,924.7,22.9,91,1.4,214.0,2.3,202.0,0.0,,,,,,,,,,2020-07-18T23:46:00,,,,0,,,,,,,,,,,,,,
2020-07-19 01:00:00,924.2,22.2,91,1.3,208.0,2.6,202.0,0.0,,,,,,,,,,2020-07-19T00:43:00,,,,0,,,,,,,,,,,,,,
2020-07-19 02:00:00,924.0,21.7,88,1.4,221.0,2.2,204.0,0.0,,,,,,,,,,2020-07-19T01:10:00,,,,0,,,,,,,,,,,,,,
2020-07-19 03:00:00,923.6,21.2,87,1.3,208.0,2.6,197.0,0.0,,,,,,,,,,2020-07-19T02:49:00,,,,0,,,,,,,,,,,,,,
2020-07-19 04:00:00,923.2,20.7,85,1.7,214.0,2.4,207.0,0.0,,,,,,,,,,2020-07-19T03:38:00,,,,0,,,,,,,,,,,,,,
2020-07-19 05:00:00,923.1,20.4,83,1.3,205.0,2.6,235.0,0.0,,,,,,,,,,2020-07-19T04:17:00,,,,0,,,,,,,,,,,,,,
2020-07-19 06:00:00,923.4,20.2,82,1.3,192.0,2.6,205.0,0.0,,,,,,,,,,2020-07-19T05:11:00,,,,0,,,,,,,,,,,,,,
2020-07-19 07:00:00,923.7,24.0,66,0.4,25.0,1.3,204.0,0.0,,,,,,,,,,2020-07-19T06:01:00,,,,0,,,,,,,,,,,,,,
2020-07-19 08:00:00,923.8,26.7,53,0.8,331.0,2.0,335.0,0.0,,,,,,,,,,2020-07-19T07:53:00,,,,0,,,,,,,,,,,,,,
2020-07-19 09:00:00,923.6,29.5,43,1.2,35.0,3.0,13.0,0.0,,,,,,,,,,2020-07-19T08:59:00,,,,0,,,,,,,,,,,,,,
2020-07-19 10:00:00,924.0,29.8,53,1.9,77.0,6.0,110.0,0.0,,,,,,,,,,2020-07-19T09:38:00,,,,0,,,,,,,,,,,,,,
2020-07-19 11:00:00,924.3,30.1,54,2.9,78.0,7.6,77.0,0.0,,,,,,,,,,2020-07-19T10:54:00,,,,0,,,,,,,,,,,,,,
2020-07-19 12:00:00,923.9,31.0,56,2.1,73.0,8.0,117.0,0.0,,,,,,,,,,2020-07-19T11:40:00,,,,0,,,,,,,,,,,,,,
2020-07-19 13:00:00,923.5,31.3,55,1.8,51.0,6.6,93.0,0.0,,,,,,,,,,2020-07-19T12:25:00,,,,0,,,,,,,,,,,,,,
2020-07-19 14:00:00,923.3,31.1,57,1.0,38.0,5.6,84.0,0.0,,,,,,,,,,2020-07-19T13:01:00,,,,0,,,,,,,,,,,,,,
2020-07-19 15:00:00,922.9,29.4,63,1.3,73.0,5.9,17.0,0.0,,,,,,,,,,2020-07-19T14:15:00,,,,0,,,,,,,,,,,,,,
2020-07-19 16:00:00,923.3,28.2,70,1.3,101.0,8.6,86.0,0.0,,,,,,,,,,2020-07-19T15:43:00,,,,0,,,,,,,,,,,,,,
2020-07-19 17:00:00,924.6,24.7,82,1.7,121.0,5.4,136.0,0.0,,,,,,,,,,2020-07-19T16:03:00,,,,0,,,,,,,,,,,,,,
2020-07-19 18:00:00,925.3,23.6,86,1.9,137.0,4.4,121.0,0.0,,,,,,,,,,2020-07-19T17:01:00,,,,0,,,,,,,,,,,,,,
2020-07-19 19:00:00,926.1,22.9,89,1.0,232.0,3.1,159.0,0.0,,,,,,,,,,2020-07-19T18:02:00,,,,0,,,,,,,,,,,,,,
2020-07-19 20:00:00,926.0,22.6,91,0.7,141.0,1.5,203.0,0.0,,,,,,,,,,2020-07-19T19:37:00,,,,0,,,,,,,,,,,,,,
2020-07-19 21:00:00,926.4,22.0,94,1.3,217.0,2.3,217.0,0.0,,,,,,,,,,2020-07-19T20:53:00,,,,0,,,,,,,,,,,,,,
2020-07-19 22:00:00,926.6,21.4,93,1.0,247.0,1.9,212.0,0.0,,,,,,,,,,2020-07-19T21:06:00,,,,0,,,,,,,,,,,,,,
2020-07-19 23:00:00,926.7,21.1,87,1.4,223.0,2.2,214.0,0.0,,,,,,,,,,2020-07-19T23:00:00,,,,0,,,,,,,,,,,,,,
2020-07-20 00:00:00,926.7,20.2,87,1.3,203.0,2.4,218.0,0.0,,,,,,,,,,2020-07-19T23:01:00,,,,0,,,,,,,,,,,,,,
2020-07-20 01:00:00,926.3,19.8,84,1.1,202.0,2.6,205.0,0.0,,,,,,,,,,2020-07-20T00:39:00,,,,0,,,,,,,,,,,,,,
2020-07-20 02:00:00,926.1,19.6,83,1.1,213.0,2.4,202.0,0.0,,,,,,,,,,2020-07-20T01:03:00,,,,0,,,,,,,,,,,,,,
2020-07-20 03:00:00,925.7,19.6,81,1.1,211.0,2.3,203.0,0.0,,,,,,,,,,2020-07-20T02:21:00,,,,0,,,,,,,,,,,,,,
2020-07-20 04:00:00,925.8,19.6,79,1.0,213.0,2.2,227.0,0.0,,,,,,,,,,2020-07-20T03:43:00,,,,0,,,,,,,,,,,,,,
2020-07-20 05:00:00,926.0,19.4,80,0.9,210.0,2.4,188.0,0.0,,,,,,,,,,2020-07-20T04:06:00,,,,0,,,,,,,,,,,,,,
2020-07-20 06:00:00,925.8,20.4,76,0.4,208.0,3.2,205.0,0.0,,,,,,,,,,2020-07-20T05:04:00,,,,0,,,,,,,,,,,,,,
2020-07-20 07:00:00,926.3,24.0,63,0.3,42.0,1.6,214.0,0.0,,,,,,,,,,2020-07-20T06:05:00,,,,0,,,,,,,,,,,,,,
2020-07-20 08:00:00,927.1,26.3,56,0.5,351.0,1.4,2.0,0.0,,,,,,,,,,2020-07-20T07:53:00,,,,0,,,,,,,,,,,,,,
2020-07-20 09:00:00,927.0,27.6,62,1.1,28.0,3.7,35.0,0.0,,,,,,,,,,2020-07-20T08:52:00,,,,0,,,,,,,,,,,,,,
2020-07-20 10:00:00,926.5,29.4,57,1.6,102.0,4.1,64.0,0.0,,,,,,,,,,2020-07-20T09:51:00,,,,0,,,,,,,,,,,,,,
2020-07-20 11:00:00,926.0,29.4,59,2.3,93.0,6.6,84.0,0.0,,,,,,,,,,2020-07-20T10:28:00,,,,0,,,,,,,,,,,,,,
2020-07-20 12:00:00,925.6,31.0,54,1.6,61.0,8.0,157.0,0.0,,,,,,,,,,2020-07-20T11:20:00,,,,0,,,,,,,,,,,,,,
2020-07-20 13:00:00,925.2,30.2,55,1.9,78.0,6.0,88.0,0.0,,,,,,,,,,2020-07-20T12:37:00,,,,0,,,,,,,,,,,,,,
2020-07-20 14:00:00,924.9,30.1,50,2.7,73.0,7.6,114.0,0.0,,,,,,,,,,2020-07-20T14:00:00,,,,0,,,,,,,,,,,,,,
2020-07-20 15:00:00,924.4,31.0,51,1.4,47.0,7.7,86.0,0.0,,,,,,,,,,2020-07-20T14:19:00,,,,0,,,,,,,,,,,,,,
2020-07-20 16:00:00,924.8,29.8,56,1.5,51.0,8.2,40.0,0.0,,,,,,,,,,2020-07-20T15:08:00,,,,0,,,,,,,,,,,,,,
2020-07-20 17:00:00,925.5,26.8,69,1.4,80.0,6.2,110.0,0.0,,,,,,,,,,2020-07-20T16:44:00,,,,0,,,,,,,,,,,,,,
2020-07-20 18:00:00,926.2,25.4,74,0.7,174.0,4.2,80.0,0.0,,,,,,,,,,2020-07-20T17:05:00,,,,0,,,,,,,,,,,,,,
2020-07-20 19:00:00,926.7,24.4,74,1.0,231.0,1.9,188.0,0.0,,,,,,,,,,2020-07-20T18:01:00,,,,0,,,,,,,,,,,,,,
2020-07-20 20:00:00,927.4,23.3,77,0.7,230.0,2.1,229.0,0.0,,,,,,,,,,2020-07-20T19:19:00,,,,0,,,,,,,,,,,,,,
2020-07-20 21:00:00,927.9,22.1,82,1.2,240.0,2.1,246.0,0.0,,,,,,,,,,2020-07-20T20:07:00,,,,0,,,,,,,,,,,,,,
2020-07-20 22:00:00,928.3,22.2,77,0.8,259.0,2.3,224.0,0.0,,,,,,,,,,2020-07-20T21:06:00,,,,0,,,,,,,,,,,,,,
2020-07-20 23:00:00,928.3,21.6,79,1.0,204.0,3.2,297.0,0.0,,,,,,,,,,2020-07-20T22:25:00,,,,0,,,,,,,,,,,,,,
2020-07-21 00:00:00,928.0,21.6,75,1.1,242.0,2.6,232.0,0.0,,,,,,,,,,2020-07-20T23:40:00,,,,0,,,,,,,,,,,,,,
2020-07-21 01:00:00,927.7,20.9,79,1.1,219.0,2.3,210.0,0.0,,,,,,,,,,2020-07-21T00:31:00,,,,0,,,,,,,,,,,,,,
2020-07-21 02:00:00,927.4,20.8,79,1.6,220.0,2.8,225.0,0.0,,,,,,,,,,2020-07-21T01:52:00,,,,0,,,,,,,,,,,,,,
2020-07-21 03:00:00,927.3,20.7,77,1.5,224.0,3.0,225.0,0.0,,,,,,,,,,2020-07-21T02:55:00,,,,0,,,,,,,,,,,,,,
2020-07-21 04:00:00,927.2,20.6,77,1.2,219.0,2.2,260.0,0.0,,,,,,,,,,2020-07-21T03:01:00,,,,0,,,,,,,,,,,,,,
2020-07-21 05:00:00,927.6,20.1,78,1.8,208.0,2.4,206.0,0.0,,,,,,,,,,2020-07-21T04:55:00,,,,0,,,,,,,,,,,,,,
2020-07-21 06:00:00,927.8,19.9,80,1.2,218.0,2.3,205.0,0.0,,,,,,,,,,2020-07-21T05:49:00,,,,0,,,,,,,,,,,,,,
2020-07-21 07:00:00,927.8,23.7,63,0.3,19.0,1.8,209.0,0.0,,,,,,,,,,2020-07-21T06:07:00,,,,0,,,,,,,,,,,,,,
2020-07-21 08:00:00,927.9,25.9,55,0.4,356.0,1.7,26.0,0.0,,,,,,,,,,2020-07-21T07:34:00,,,,0,,,,,,,,,,,,,,
2020-07-21 09:00:00,927.9,28.7,49,1.3,21.0,3.4,73.0,0.0,,,,,,,,,,2020-07-21T08:39:00,,,,0,,,,,,,,,,,,,,
2020-07-21 10:00:00,927.5,28.9,56,1.6,74.0,5.3,113.0,0.0,,,,,,,,,,2020-07-21T09:28:00,,,,0,,,,,,,,,,,,,,
2020-07-21 11:00:00,927.4,30.1,50,1.8,84.0,5.6,100.0,0.0,,,,,,,,,,2020-07-21T10:47:00,,,,0,,,,,,,,,,,,,,
2020-07-21 12:00:00,926.9,31.1,46,1.8,91.0,6.9,188.0,0.0,,,,,,,,,,2020-07-21T11:11:00,,,,0,,,,,,,,,,,,,,
2020-07-21 13:00:00,926.4,31.3,48,1.9,37.0,6.3,84.0,0.0,,,,,,,,,,2020-07-21T12:14:00,,,,0,,,,,,,,,,,,,,
2020-07-21 14:00:00,925.8,31.2,52,1.9,50.0,6.7,111.0,0.0,,,,,,,,,,2020-07-21T13:18:00,,,,0,,,,,,,,,,,,,,
2020-07-21 15:00:00,925.6,30.4,56,2.6,105.0,7.3,85.0,0.0,,,,,,,,,,2020-07-21T14:56:00,,,,0,,,,,,,,,,,,,,
2020-07-21 16:00:00,925.5,30.0,58,1.8,56.0,6.6,24.0,0.0,,,,,,,,,,2020-07-21T15:09:00,,,,0,,,,,,,,,,,,,,
2020-07-21 17:00:00,925.7,28.1,65,1.4,57.0,5.5,84.0,0.0,,,,,,,,,,2020-07-21T16:02:00,,,,0,,,,,,,,,,,,,,
2020-07-21 18:00:00,926.0,26.5,72,1.0,52.0,5.8,82.0,0.0,,,,,,,,,,2020-07-21T17:17:00,,,,0,,,,,,,,,,,,,,
2020-07-21 19:00:00,926.7,25.6,76,0.9,134.0,3.6,62.0,0.0,,,,,,,,,,2020-07-21T18:43:00,,,,0,,,,,,,,,,,,,,
2020-07-21 20:00:00,927.2,25.1,79,0.5,158.0,2.8,114.0,0.0,,,,,,,,,,2020-07-21T19:01:00,,,,0,,,,,,,,,,,,,,
2020-07-21 21:00:00,927.9,24.5,86,0.9,150.0,3.9,223.0,0.0,,,,,,,,,,2020-07-21T20:34:00,,,,0,,,,,,,,,,,,,,
2020-07-21 22:00:00,928.7,23.8,88,0.6,227.0,2.5,95.0,0.0,,,,,,,,,,2020-07-21T21:01:00,,,,0,,,,,,,,,,,,,,
2020-07-21 23:00:00,928.5,23.0,90,1.3,181.0,2.2,197.0,0.0,,,,,,,,,,2020-07-21T22:53:00,,,,0,,,,,,,,,,,,,,
2020-07-22 00:00:00,928.4,23.2,92,0.0,0.0,1.8,129.0,0.0,,,,,,,,,,2020-07-21T23:23:00,,,,0,,,,,,,,,,,,,,
2020-07-22 01:00:00,928.0,23.3,93,0.2,0.0,1.3,119.0,0.0,,,,,,,,,,2020-07-22T00:10:00,,,,0,,,,,,,,,,,,,,
2020-07-22 02:00:00,927.2,22.5,87,0.9,201.0,3.0,294.0,0.0,,,,,,,,,,2020-07-22T01:17:00,,,,0,,,,,,,,,,,,,,
2020-07-22 03:00:00,927.2,21.3,88,1.7,216.0,2.4,213.0,0.0,,,,,,,,,,2020-07-22T02:57:00,,,,0,,,,,,,,,,,,,,
2020-07-22 04:00:00,926.7,21.3,83,1.2,223.0,2.4,225.0,0.0,,,,,,,,,,2020-07-22T03:02:00,,,,0,,,,,,,,,,,,,,
2020-07-22 05:00:00,926.6,20.6,85,1.7,213.0,2.5,205.0,0.0,,,,,,,,,,2020-07-22T04:57:00,,,,0,,,,,,,,,,,,,,
2020-07-22 06:00:00,926.7,20.4,82,1.6,215.0,3.2,214.0,0.0,,,,,,,,,,2020-07-22T06:00:00,,,,0,,,,,,,,,,,,,,
2020-07-22 07:00:00,926.8,24.7,64,0.2,0.0,1.8,251.0,0.0,,,,,,,,,,2020-07-22T06:01:00,,,,0,,,,,,,,,,,,,,
2020-07-22 08:00:00,926.7,26.6,59,1.1,69.0,2.2,92.0,0.0,,,,,,,,,,2020-07-22T07:52:00,,,,0,,,,,,,,,,,,,,
2020-07-22 09:00:00,926.7,28.7,53,1.4,11.0,3.6,13.0,0.0,,,,,,,,,,2020-07-22T08:55:00,,,,0,,,,,,,,,,,,,,
2020-07-22 10:00:00,926.4,29.3,55,1.9,101.0,5.6,125.0,0.0,,,,,,,,,,2020-07-22T09:58:00,,,,0,,,,,,,,,,,,,,
2020-07-22 11:00:00,926.0,30.8,49,1.6,58.0,6.5,110.0,0.0,,,,,,,,,,2020-07-22T10:27:00,,,,0,,,,,,,,,,,,,,
2020-07-22 12:00:00,925.5,31.2,48,2.1,90.0,6.7,77.0,0.0,,,,,,,,,,2020-07-22T11:31:00,,,,0,,,,,,,,,,,,,,
2020-07-22 13:00:00,925.1,32.4,45,1.6,65.0,6.6,101.0,0.0,,,,,,,,,,2020-07-22T12:29:00,,,,0,,,,,,,,,,,,,,
2020-07-22 14:00:00,924.7,32.2,51,1.6,107.0,6.1,76.0,0.0,,,,,,,,,,2020-07-22T13:36:00,,,,0,,,,,,,,,,,,,,
2020-07-22 15:00:00,924.4,31.6,53,1.2,43.0,6.0,26.0,0.0,,,,,,,,,,2020-07-22T14:42:00,,,,0,,,,,,,,,,,,,,
2020-07-22 16:00:00,924.4,30.0,58,1.6,58.0,5.8,9.0,0.0,,,,,,,,,,2020-07-22T15:46:00,,,,0,,,,,,,,,,,,,,
2020-07-22 17:00:00,924.6,28.8,62,1.0,40.0,9.3,93.0,0.0,,,,,,,,,,2020-07-22T16:32:00,,,,0,,,,,,,,,,,,,,
2020-07-22 18:00:00,925.1,26.4,74,1.0,194.0,4.2,29.0,0.0,,,,,,,,,,2020-07-22T17:06:00,,,,0,,,,,,,,,,,,,,
2020-07-22 19:00:00,925.6,25.5,81,0.4,185.0,3.8,165.0,0.0,,,,,,,,,,2020-07-22T18:10:00,,,,0,,,,,,,,,,,,,,
2020-07-22 20:00:00,926.1,25.1,86,1.0,159.0,1.9,127.0,0.0,,,,,,,,,,2020-07-22T19:52:00,,,,0,,,,,,,,,,,,,,
2020-07-22 21:00:00,926.6,24.2,90,1.4,158.0,2.0,168.0,0.0,,,,,,,,,,2020-07-22T20:53:00,,,,0,,,,,,,,,,,,,,
2020-07-22 22:00:00,927.3,24.6,89,0.2,0.0,2.7,135.0,0.0,,,,,,,,,,2020-07-22T21:02:00,,,,0,,,,,,,,,,,,,,
2020-07-22 23:00:00,927.0,24.2,91,0.1,0.0,2.3,110.0,0.0,,,,,,,,,,2020-07-22T22:26:00,,,,0,,,,,,,,,,,,,,
2020-07-23 00:00:00,926.8,23.9,94,0.2,0.0,1.5,92.0,0.0,,,,,,,,,,2020-07-22T23:48:00,,,,0,,,,,,,,,,,,,,
2020-07-23 01:00:00,926.2,23.4,94,0.1,0.0,0.6,284.0,0.0,,,,,,,,,,2020-07-23T00:40:00,,,,0,,,,,,,,,,,,,,
2020-07-23 02:00:00,925.9,22.9,95,0.3,239.0,1.5,193.0,0.0,,,,,,,,,,2020-07-23T01:36:00,,,,0,,,,,,,,,,,,,,
2020-07-23 03:00:00,925.7,22.3,92,0.5,227.0,2.2,308.0,0.0,,,,,,,,,,2020-07-23T02:29:00,,,,0,,,,,,,,,,,,,,
2020-07-23 04:00:00,925.7,21.2,95,1.0,203.0,1.9,206.0,0.0,,,,,,,,,,2020-07-23T04:00:00,,,,0,,,,,,,,,,,,,,
2020-07-23 05:00:00,925.9,20.8,92,1.1,218.0,1.9,205.0,0.0,,,,,,,,,,2020-07-23T04:01:00,,,,0,,,,,,,,,,,,,,
2020-07-23 06:00:00,926.0,21.3,89,0.7,245.0,2.2,282.0,0.0,,,,,,,,,,2020-07-23T05:19:00,,,,0,,,,,,,,,,,,,,
2020-07-23 07:00:00,925.8,24.0,77,0.4,337.0,1.7,325.0,0.0,,,,,,,,,,2020-07-23T06:50:00,,,,0,,,,,,,,,,,,,,
2020-07-23 08:00:00,925.6,26.2,67,0.5,357.0,2.0,345.0,0.0,,,,,,,,,,2020-07-23T07:02:00,,,,0,,,,,,,,,,,,,,
2020-07-23 09:00:00,925.4,29.0,55,1.2,53.0,2.9,105.0,0.0,,,,,,,,,,2020-07-23T08:58:00,,,,0,,,,,,,,,,,,,,
2020-07-23 10:00:00,925.2,29.9,52,2.1,104.0,6.0,86.0,0.0,,,,,,,,,,2020-07-23T09:39:00,,,,0,,,,,,,,,,,,,,
2020-07-23 11:00:00,924.6,30.3,52,2.7,96.0,9.2,87.0,0.0,,,,,,,,,,2020-07-23T10:56:00,,,,0,,,,,,,,,,,,,,
2020-07-23 12:00:00,924.5,31.6,51,1.5,71.0,7.8,108.0,0.0,,,,,,,,,,2020-07-23T11:08:00,,,,0,,,,,,,,,,,,,,
2020-07-23 13:00:00,924.4,30.9,51,2.5,80.0,6.8,70.0,0.0,,,,,,,,,,2020-07-23T12:41:00,,,,0,,,,,,,,,,,,,,
2020-07-23 14:00:00,924.4,31.3,51,2.0,101.0,8.1,108.0,0.0,,,,,,,,,,2020-07-23T13:02:00,,,,0,,,,,,,,,,,,,,
2020-07-23 15:00:00,924.0,30.6,51,1.9,68.0,8.3,79.0,0.0,,,,,,,,,,2020-07-23T14:10:00,,,,0,,,,,,,,,,,,,,
2020-07-23 16:00:00,924.0,28.8,61,2.3,77.0,7.0,56.0,0.0,,,,,,,,,,2020-07-23T15:44:00,,,,0,,,,,,,,,,,,,,
2020-07-23 17:00:00,924.2,28.1,65,0.9,141.0,6.4,83.0,0.0,,,,,,,,,,2020-07-23T16:06:00,,,,0,,,,,,,,,,,,,,
2020-07-23 18:00:00,925.1,27.1,71,1.0,19.0,4.8,86.0,0.0,,,,,,,,,,2020-07-23T17:46:00,,,,0,,,,,,,,,,,,,,
2020-07-23 19:00:00,925.7,25.6,80,0.7,257.0,3.5,62.0,0.0,,,,,,,,,,2020-07-23T18:22:00,,,,0,,,,,,,,,,,,,,
2020-07-23 20:00:00,925.9,25.0,84,0.7,167.0,2.5,103.0,0.0,,,,,,,,,,2020-07-23T19:12:00,,,,0,,,,,,,,,,,,,,
2020-07-23 21:00:00,926.1,24.8,86,0.6,134.0,1.9,136.0,0.0,,,,,,,,,,2020-07-23T20:43:00,,,,0,,,,,,,,,,,,,,
2020-07-23 22:00:00,926.5,24.0,90,0.5,234.0,1.1,73.0,0.0,,,,,,,,,,2020-07-23T21:18:00,,,,0,,,,,,,,,,,,,,
2020-07-23 23:00:00,925.9,23.6,91,0.5,208.0,1.2,206.0,0.0,,,,,,,,,,2020-07-23T23:00:00,,,,0,,,,,,,,,,,,,,
2020-07-24 00:00:00,925.7,22.8,91,1.4,203.0,2.1,196.0,0.0,,,,,,,,,,2020-07-23T23:38:00,,,,0,,,,,,,,,,,,,,
2020-07-24 01:00:00,925.4,22.3,93,1.0,209.0,2.0,201.0,0.0,,,,,,,,,,2020-07-24T00:02:00,,,,0,,,,,,,,,,,,,,
2020-07-24 02:00:00,925.0,21.9,90,1.4,216.0,2.4,202.0,0.0,,,,,,,,,,2020-07-24T01:53:00,,,,0,,,,,,,,,,,,,,
2020-07-24 03:00:00,924.5,22.1,85,0.9,220.0,2.4,211.0,0.0,,,,,,,,,,2020-07-24T02:35:00,,,,0,,,,,,,,,,,,,,
2020-07-24 04:00:00,924.3,21.1,85,1.2,213.0,2.1,213.0,0.0,,,,,,,,,,2020-07-24T03:04:00,,,,0,,,,,,,,,,,,,,
2020-07-24 05:00:00,924.2,20.7,85,1.2,197.0,2.9,223.0,0.0,,,,,,,,,,2020-07-24T04:05:00,,,,0,,,,,,,,,,,,,,
2020-07-24 06:00:00,924.6,20.9,83,1.1,213.0,2.3,203.0,0.0,,,,,,,,,,2020-07-24T05:29:00,,,,0,,,,,,,,,,,,,,
2020-07-24 07:00:00,924.8,24.9,67,0.4,337.0,1.9,204.0,0.0,,,,,,,,,,2020-07-24T06:07:00,,,,0,,,,,,,,,,,,,,
2020-07-24 08:00:00,924.9,26.3,60,0.5,338.0,1.7,335.0,0.0,,,,,,,,,,2020-07-24T07:53:00,,,,0,,,,,,,,,,,,,,
2020-07-24 09:00:00,924.9,29.1,54,1.3,21.0,4.0,32.0,0.0,,,,,,,,,,2020-07-24T08:48:00,,,,0,,,,,,,,,,,,,,
2020-07-24 10:00:00,924.8,28.7,60,3.3,97.0,6.4,121.0,0.0,,,,,,,,,,2020-07-24T09:56:00,,,,0,,,,,,,,,,,,,,
2020-07-24 11:00:00,924.1,30.1,54,2.5,90.0,6.5,73.0,0.0,,,,,,,,,,2020-07-24T10:18:00,,,,0,,,,,,,,,,,,,,
2020-07-24 12:00:00,923.4,30.8,47,2.4,87.0,8.2,67.0,0.0,,,,,,,,,,2020-07-24T11:29:00,,,,0,,,,,,,,,,,,,,
2020-07-24 13:00:00,923.0,31.9,51,1.7,74.0,7.3,91.0,0.0,,,,,,,,,,2020-07-24T12:33:00,,,,0,,,,,,,,,,,,,,
2020-07-24 14:00:00,922.8,32.5,50,1.6,95.0,6.9,115.0,0.0,,,,,,,,,,2020-07-24T13:51:00,,,,0,,,,,,,,,,,,,,
2020-07-24 15:00:00,922.7,31.3,55,1.6,90.0,7.1,70.0,0.0,,,,,,,,,,2020-07-24T14:39:00,,,,0,,,,,,,,,,,,,,
2020-07-24 16:00:00,922.2,30.4,59,2.6,110.0,7.7,25.0,0.0,,,,,,,,,,2020-07-24T15:02:00,,,,0,,,,,,,,,,,,,,
2020-07-24 17:00:00,922.3,29.2,64,1.1,20.0,6.7,50.0,0.0,,,,,,,,,,2020-07-24T16:15:00,,,,0,,,,,,,,,,,,,,
2020-07-24 18:00:00,923.0,27.2,73,0.5,320.0,5.8,83.0,0.0,,,,,,,,,,2020-07-24T17:14:00,,,,0,,,,,,,,,,,,,,
2020-07-24 19:00:00,923.5,25.8,81,0.6,151.0,2.1,129.0,0.0,,,,,,,,,,2020-07-24T18:07:00,,,,0,,,,,,,,,,,,,,
2020-07-24 20:00:00,924.3,25.5,85,0.4,145.0,4.1,94.0,0.0,,,,,,,,,,2020-07-24T19:08:00,,,,0,,,,,,,,,,,,,,
2020-07-24 21:00:00,925.4,23.8,95,0.1,0.0,2.6,128.0,3.5,,,,,,,,,,2020-07-24T20:14:00,,,,0,,,,,,,,,,,,,,
2020-07-24 22:00:00,925.7,23.1,97,0.2,0.0,2.0,193.0,0.0,,,,,,,,,,2020-07-24T21:38:00,,,,0,,,,,,,,,,,,,,
2020-07-24 23:00:00,925.1,23.1,98,0.6,216.0,1.7,1.0,0.0,,,,,,,,,,2020-07-24T22:51:00,,,,0,,,,,,,,,,,,,,
2020-07-25 00:00:00,924.9,22.8,99,0.1,0.0,1.6,232.0,0.0,,,,,,,,,,2020-07-24T23:30:00,,,,0,,,,,,,,,,,,,,
2020-07-25 01:00:00,924.9,22.9,99,0.1,0.0,1.4,207.0,0.0,,,,,,,,,,2020-07-25T00:08:00,,,,0,,,,,,,,,,,,,,
2020-07-25 02:00:00,923.9,22.6,97,0.6,236.0,1.8,214.0,0.0,,,,,,,,,,2020-07-25T01:30:00,,,,0,,,,,,,,,,,,,,
2020-07-25 03:00:00,923.6,22.0,98,0.7,211.0,3.3,300.0,0.0,,,,,,,,,,2020-07-25T02:15:00,,,,0,,,,,,,,,,,,,,
2020-07-25 04:00:00,923.3,21.9,95,0.9,237.0,2.0,217.0,0.0,,,,,,,,,,2020-07-25T03:35:00,,,,0,,,,,,,,,,,,,,
2020-07-25 05:00:00,923.1,21.7,97,0.2,0.0,2.1,216.0,0.0,,,,,,,,,,2020-07-25T04:44:00,,,,0,,,,,,,,,,,,,,
2020-07-25 06:00:00,923.2,21.8,95,0.3,216.0,1.6,213.0,0.0,,,,,,,,,,2020-07-25T05:32:00,,,,0,,,,,,,,,,,,,,
2020-07-25 07:00:00,923.3,23.8,92,0.5,82.0,1.3,211.0,0.0,,,,,,,,,,2020-07-25T06:01:00,,,,0,,,,,,,,,,,,,,
2020-07-25 08:00:00,923.7,24.2,87,0.0,0.0,1.1,28.0,0.0,,,,,,,,,,2020-07-25T07:47:00,,,,0,,,,,,,,,,,,,,
2020-07-25 09:00:00,923.8,25.4,83,1.0,61.0,2.5,64.0,0.0,,,,,,,,,,2020-07-25T09:00:00,,,,0,,,,,,,,,,,,,,
2020-07-25 10:00:00,923.7,28.1,73,2.1,62.0,5.0,91.0,0.0,,,,,,,,,,2020-07-25T09:56:00,,,,0,,,,,,,,,,,,,,
2020-07-25 11:00:00,923.6,29.9,60,1.8,66.0,5.6,74.0,0.0,,,,,,,,,,2020-07-25T11:00:00,,,,0,,,,,,,,,,,,,,
2020-07-25 12:00:00,922.8,31.2,51,1.4,49.0,5.7,53.0,0.0,,,,,,,,,,2020-07-25T11:01:00,,,,0,,,,,,,,,,,,,,
2020-07-25 13:00:00,922.6,30.3,58,1.6,75.0,5.6,95.0,0.0,,,,,,,,,,2020-07-25T12:15:00,,,,0,,,,,,,,,,,,,,
2020-07-25 14:00:00,921.7,29.6,59,1.2,123.0,5.2,40.0,0.0,,,,,,,,,,2020-07-25T13:05:00,,,,0,,,,,,,,,,,,,,
2020-07-25 15:00:00,921.5,28.5,65,0.8,175.0,4.0,76.0,0.0,,,,,,,,,,2020-07-25T14:02:00,,,,0,,,,,,,,,,,,,,
2020-07-25 16:00:00,922.1,27.3,75,1.3,67.0,4.9,89.0,0.0,,,,,,,,,,2020-07-25T15:48:00,,,,0,,,,,,,,,,,,,,
2020-07-25 17:00:00,922.5,26.1,78,0.2,0.0,4.1,100.0,0.0,,,,,,,,,,2020-07-25T16:39:00,,,,0,,,,,,,,,,,,,,
2020-07-25 18:00:00,923.0,24.4,82,1.6,134.0,3.0,134.0,0.0,,,,,,,,,,2020-07-25T17:22:00,,,,0,,,,,,,,,,,,,,
2020-07-25 19:00:00,923.4,23.3,90,0.2,0.0,2.5,123.0,0.0,,,,,,,,,,2020-07-25T18:15:00,,,,0,,,,,,,,,,,,,,
2020-07-25 20:00:00,924.3,23.2,90,0.5,228.0,1.4,230.0,0.0,,,,,,,,,,2020-07-25T19:15:00,,,,0,,,,,,,,,,,,,,
2020-07-25 21:00:00,924.6,23.3,83,0.7,229.0,2.2,233.0,0.0,,,,,,,,,,2020-07-25T20:51:00,,,,0,,,,,,,,,,,,,,
2020-07-25 22:00:00,925.1,22.4,81,1.5,204.0,2.1,210.0,0.0,,,,,,,,,,2020-07-25T21:58:00,,,,0,,,,,,,,,,,,,,
2020-07-25 23:00:00,924.8,22.3,79,0.9,213.0,2.5,209.0,0.0,,,,,,,,,,2020-07-25T22:25:00,,,,0,,,,,,,,,,,,,,
2020-07-26 00:00:00,924.7,22.0,79,1.4,227.0,2.3,219.0,0.0,,,,,,,,,,2020-07-25T23:57:00,,,,0,,,,,,,,,,,,,,
2020-07-26 01:00:00,924.2,22.8,71,0.5,264.0,4.6,300.0,0.0,,,,,,,,,,2020-07-26T00:37:00,,,,0,,,,,,,,,,,,,,
2020-07-26 02:00:00,923.8,21.5,77,0.5,242.0,3.0,319.0,0.0,,,,,,,,,,2020-07-26T01:04:00,,,,0,,,,,,,,,,,,,,
2020-07-26 03:00:00,923.3,21.1,78,1.0,220.0,2.1,225.0,0.0,,,,,,,,,,2020-07-26T02:29:00,,,,0,,,,,,,,,,,,,,
2020-07-26 04:00:00,923.2,21.1,78,0.8,215.0,2.3,211.0,0.0,,,,,,,,,,2020-07-26T03:23:00,,,,0,,,,,,,,,,,,,,
2020-07-26 05:00:00,923.2,20.9,79,1.4,208.0,2.2,219.0,0.0,,,,,,,,,,2020-07-26T04:31:00,,,,0,,,,,,,,,,,,,,
2020-07-26 06:00:00,923.7,21.1,78,1.0,218.0,2.3,207.0,0.0,,,,,,,,,,2020-07-26T05:02:00,,,,0,,,,,,,,,,,,,,
2020-07-26 07:00:00,923.8,25.3,62,0.4,341.0,1.7,214.0,0.0,,,,,,,,,,2020-07-26T06:06:00,,,,0,,,,,,,,,,,,,,
2020-07-26 08:00:00,923.2,27.2,58,0.6,25.0,1.8,320.0,0.0,,,,,,,,,,2020-07-26T07:13:00,,,,0,,,,,,,,,,,,,,
2020-07-26 09:00:00,922.8,29.7,47,1.5,63.0,3.8,75.0,0.0,,,,,,,,,,2020-07-26T08:59:00,,,,0,,,,,,,,,,,,,,
2020-07-26 10:00:00,922.6,29.4,57,1.8,80.0,7.3,79.0,0.0,,,,,,,,,,2020-07-26T09:33:00,,,,0,,,,,,,,,,,,,,
2020-07-26 11:00:00,922.4,30.0,55,2.4,62.0,7.5,64.0,0.0,,,,,,,,,,2020-07-26T10:56:00,,,,0,,,,,,,,,,,,,,
2020-07-26 12:00:00,922.4,29.4,57,2.7,96.0,6.8,88.0,0.0,,,,,,,,,,2020-07-26T11:53:00,,,,0,,,,,,,,,,,,,,
2020-07-26 13:00:00,922.2,30.2,55,1.2,93.0,7.1,51.0,0.0,,,,,,,,,,2020-07-26T12:07:00,,,,0,,,,,,,,,,,,,,
2020-07-26 14:00:00,921.9,29.5,60,1.1,50.0,5.3,33.0,0.0,,,,,,,,,,2020-07-26T13:12:00,,,,0,,,,,,,,,,,,,,
2020-07-26 15:00:00,921.4,28.4,61,0.7,265.0,4.0,50.0,0.0,,,,,,,,,,2020-07-26T14:08:00,,,,0,,,,,,,,,,,,,,
2020-07-26 16:00:00,921.6,27.8,72,0.9,81.0,4.4,129.0,0.0,,,,,,,,,,2020-07-26T15:59:00,,,,0,,,,,,,,,,,,,,
2020-07-26 17:00:00,922.7,25.4,78,0.6,277.0,6.0,130.0,0.0,,,,,,,,,,2020-07-26T16:34:00,,,,0,,,,,,,,,,,,,,
2020-07-26 18:00:00,923.2,24.3,83,0.5,203.0,1.5,354.0,0.0,,,,,,,,,,2020-07-26T17:39:00,,,,0,,,,,,,,,,,,,,
2020-07-26 19:00:00,924.0,22.9,93,0.6,200.0,1.7,215.0,0.0,,,,,,,,,,2020-07-26T18:30:00,,,,0,,,,,,,,,,,,,,
2020-07-26 20:00:00,924.3,22.2,94,0.6,242.0,2.1,219.0,0.5,,,,,,,,,,2020-07-26T19:58:00,,,,0,,,,,,,,,,,,,,
2020-07-26 21:00:00,924.7,22.4,90,0.7,253.0,2.6,296.0,0.0,,,,,,,,,,2020-07-26T20:22:00,,,,0,,,,,,,,,,,,,,
2020-07-26 22:00:00,925.1,21.9,91,0.8,254.0,2.4,212.0,0.0,,,,,,,,,,2020-07-26T21:28:00,,,,0,,,,,,,,,,,,,,
2020-07-26 23:00:00,924.5,22.2,86,0.5,268.0,2.8,338.0,0.0,,,,,,,,,,2020-07-26T22:47:00,,,,0,,,,,,,,,,,,,,
2020-07-27 00:00:00,923.8,21.3,89,0.5,231.0,1.6,256.0,0.0,,,,,,,,,,2020-07-27T00:00:00,,,,0,,,,,,,,,,,,,,
2020-07-27 01:00:00,923.1,21.8,82,0.9,268.0,3.0,214.0,0.0,,,,,,,,,,2020-07-27T00:16:00,,,,0,,,,,,,,,,,,,,
2020-07-27 02:00:00,922.9,21.0,86,1.0,242.0,2.2,209.0,0.0,,,,,,,,,,2020-07-27T01:49:00,,,,0,,,,,,,,,,,,,,
2020-07-27 03:00:00,922.9,21.3,82,0.9,220.0,2.8,229.0,0.0,,,,,,,,,,2020-07-27T02:50:00,,,,0,,,,,,,,,,,,,,
2020-07-27 04:00:00,923.0,20.1,87,1.3,204.0,2.6,219.0,0.0,,,,,,,,,,2020-07-27T03:37:00,,,,0,,,,,,,,,,,,,,
2020-07-27 05:00:00,923.0,19.9,86,0.9,194.0,2.5,215.0,0.0,,,,,,,,,,2020-07-27T04:14:00,,,,0,,,,,,,,,,,,,,
2020-07-27 06:00:00,923.3,20.2,84,1.2,223.0,2.2,215.0,0.0,,,,,,,,,,2020-07-27T05:06:00,,,,0,,,,,,,,,,,,,,
2020-07-27 07:00:00,923.9,22.4,75,0.3,357.0,2.3,217.0,0.0,,,,,,,,,,2020-07-27T06:13:00,,,,0,,,,,,,,,,,,,,
2020-07-27 08:00:00,924.0,25.3,65,0.2,0.0,1.6,25.0,0.0,,,,,,,,,,2020-07-27T07:38:00,,,,0,,,,,,,,,,,,,,
2020-07-27 09:00:00,924.2,27.5,54,1.2,51.0,3.2,40.0,0.0,,,,,,,,,,2020-07-27T08:54:00,,,,0,,,,,,,,,,,,,,
2020-07-27 10:00:00,923.6,29.1,59,1.5,23.0,5.6,57.0,0.0,,,,,,,,,,2020-07-27T09:54:00,,,,0,,,,,,,,,,,,,,
2020-07-27 11:00:00,923.2,29.8,57,1.4,104.0,6.0,137.0,0.0,,,,,,,,,,2020-07-27T10:07:00,,,,0,,,,,,,,,,,,,,
2020-07-27 12:00:00,922.4,30.4,52,1.7,88.0,7.0,75.0,0.0,,,,,,,,,,2020-07-27T11:36:00,,,,0,,,,,,,,,,,,,,
2020-07-27 13:00:00,922.4,31.5,54,1.4,73.0,6.8,77.0,0.0,,,,,,,,,,2020-07-27T12:06:00,,,,0,,,,,,,,,,,,,,
2020-07-27 14:00:00,921.8,31.2,55,1.7,29.0,7.5,54.0,0.0,,,,,,,,,,2020-07-27T13:11:00,,,,0,,,,,,,,,,,,,,
2020-07-27 15:00:00,921.8,28.5,64,1.3,73.0,5.2,111.0,0.0,,,,,,,,,,2020-07-27T14:20:00,,,,0,,,,,,,,,,,,,,
2020-07-27 16:00:00,922.1,27.8,69,1.4,102.0,5.6,32.0,0.0,,,,,,,,,,2020-07-27T15:08:00,,,,0,,,,,,,,,,,,,,
2020-07-27 17:00:00,922.2,27.0,73,0.8,318.0,4.7,62.0,0.0,,,,,,,,,,2020-07-27T16:25:00,,,,0,,,,,,,,,,,,,,
2020-07-27 18:00:00,923.0,25.8,82,1.5,181.0,3.9,17.0,0.0,,,,,,,,,,2020-07-27T17:33:00,,,,0,,,,,,,,,,,,,,
2020-07-27 19:00:00,924.1,24.2,87,0.4,245.0,5.8,142.0,0.0,,,,,,,,,,2020-07-27T18:27:00,,,,0,,,,,,,,,,,,,,
2020-07-27 20:00:00,925.2,22.5,96,0.6,101.0,2.0,226.0,1.5,,,,,,,,,,2020-07-27T19:18:00,,,,0,,,,,,,,,,,,,,
2020-07-27 21:00:00,926.0,22.4,98,0.0,0.0,2.1,104.0,3.5,,,,,,,,,,2020-07-27T20:03:00,,,,0,,,,,,,,,,,,,,
2020-07-27 22:00:00,925.3,22.2,97,0.7,278.0,2.9,290.0,2.5,,,,,,,,,,2020-07-27T21:41:00,,,,0,,,,,,,,,,,,,,
2020-07-27 23:00:00,925.1,22.0,99,0.5,157.0,3.3,295.0,0.0,,,,,,,,,,2020-07-27T22:01:00,,,,0,,,,,,,,,,,,,,
2020-07-28 00:00:00,925.3,21.9,98,0.3,62.0,1.6,215.0,0.0,,,,,,,,,,2020-07-27T23:38:00,,,,0,,,,,,,,,,,,,,
2020-07-28 01:00:00,925.0,21.8,97,0.1,0.0,1.9,276.0,0.0,,,,,,,,,,2020-07-28T00:34:00,,,,0,,,,,,,,,,,,,,
2020-07-28 02:00:00,924.6,21.5,96,0.3,249.0,1.5,220.0,0.0,,,,,,,,,,2020-07-28T01:54:00,,,,0,,,,,,,,,,,,,,
2020-07-28 03:00:00,923.9,21.3,96,0.3,190.0,2.6,309.0,0.0,,,,,,,,,,2020-07-28T02:42:00,,,,0,,,,,,,,,,,,,,
2020-07-28 04:00:00,924.1,21.0,97,0.7,240.0,1.8,224.0,0.0,,,,,,,,,,2020-07-28T03:57:00,,,,0,,,,,,,,,,,,,,
2020-07-28 05:00:00,924.3,20.8,95,0.3,236.0,1.9,211.0,0.0,,,,,,,,,,2020-07-28T04:45:00,,,,0,,,,,,,,,,,,,,
2020-07-28 06:00:00,924.9,20.6,97,0.5,141.0,2.2,206.0,0.0,,,,,,,,,,2020-07-28T05:43:00,,,,0,,,,,,,,,,,,,,
2020-07-28 07:00:00,925.1,23.6,87,0.1,0.0,1.5,214.0,0.0,,,,,,,,,,2020-07-28T06:08:00,,,,0,,,,,,,,,,,,,,
2020-07-28 08:00:00,924.9,25.0,80,0.7,25.0,1.7,354.0,0.0,,,,,,,,,,2020-07-28T07:33:00,,,,0,,,,,,,,,,,,,,
2020-07-28 09:00:00,925.3,26.5,69,1.2,62.0,5.4,55.0,0.0,,,,,,,,,,2020-07-28T08:56:00,,,,0,,,,,,,,,,,,,,
2020-07-28 10:00:00,925.1,28.2,65,1.6,93.0,5.6,108.0,0.0,,,,,,,,,,2020-07-28T09:57:00,,,,0,,,,,,,,,,,,,,
2020-07-28 11:00:00,924.8,29.1,64,1.7,49.0,6.1,67.0,0.0,,,,,,,,,,2020-07-28T10:53:00,,,,0,,,,,,,,,,,,,,
2020-07-28 12:00:00,924.4,27.7,65,2.1,49.0,6.2,8.0,0.0,,,,,,,,,,2020-07-28T11:24:00,,,,0,,,,,,,,,,,,,,
2020-07-28 13:00:00,924.0,27.4,68,1.2,84.0,6.7,83.0,0.0,,,,,,,,,,2020-07-28T12:03:00,,,,0,,,,,,,,,,,,,,
2020-07-28 14:00:00,923.6,25.4,92,0.4,57.0,3.4,148.0,1.0,,,,,,,,,,2020-07-28T13:02:00,,,,0,,,,,,,,,,,,,,
2020-07-28 15:00:00,923.9,23.2,93,0.7,126.0,3.5,128.0,6.5,,,,,,,,,,2020-07-28T14:46:00,,,,0,,,,,,,,,,,,,,
2020-07-28 16:00:00,923.9,22.5,95,1.0,245.0,3.0,136.0,2.5,,,,,,,,,,2020-07-28T15:03:00,,,,0,,,,,,,,,,,,,,
2020-07-28 17:00:00,924.5,22.2,96,0.0,0.0,3.9,293.0,6.0,,,,,,,,,,2020-07-28T16:11:00,,,,0,,,,,,,,,,,,,,
2020-07-28 18:00:00,925.1,22.1,99,0.2,0.0,1.2,94.0,0.5,,,,,,,,,,2020-07-28T17:30:00,,,,0,,,,,,,,,,,,,,
2020-07-28 19:00:00,925.0,22.0,99,0.6,276.0,2.5,308.0,0.5,,,,,,,,,,2020-07-28T19:00:00,,,,0,,,,,,,,,,,,,,
2020-07-28 20:00:00,925.2,21.8,97,0.1,0.0,3.7,335.0,2.5,,,,,,,,,,2020-07-28T19:28:00,,,,0,,,,,,,,,,,,,,
2020-07-28 21:00:00,926.1,21.6,98,0.0,0.0,1.5,122.0,0.0,,,,,,,,,,2020-07-28T20:05:00,,,,0,,,,,,,,,,,,,,
2020-07-28 22:00:00,926.3,21.5,96,0.6,244.0,2.2,288.0,0.0,,,,,,,,,,2020-07-28T21:49:00,,,,0,,,,,,,,,,,,,,
2020-07-28 23:00:00,925.9,20.9,97,1.0,223.0,1.7,211.0,0.0,,,,,,,,,,2020-07-28T22:48:00,,,,0,,,,,,,,,,,,,,
2020-07-29 00:00:00,925.2,20.3,98,0.9,229.0,2.2,222.0,0.0,,,,,,,,,,2020-07-29T00:00:00,,,,0,,,,,,,,,,,,,,
2020-07-29 01:00:00,924.6,20.3,95,0.5,208.0,2.2,209.0,0.0,,,,,,,,,,2020-07-29T00:02:00,,,,0,,,,,,,,,,,,,,
2020-07-29 02:00:00,924.0,20.0,97,0.6,216.0,2.4,325.0,0.0,,,,,,,,,,2020-07-29T01:04:00,,,,0,,,,,,,,,,,,,,
2020-07-29 03:00:00,923.8,19.5,98,1.0,222.0,1.6,244.0,0.0,,,,,,,,,,2020-07-29T02:02:00,,,,0,,,,,,,,,,,,,,
2020-07-29 04:00:00,924.2,19.6,96,0.6,248.0,1.7,233.0,0.0,,,,,,,,,,2020-07-29T03:59:00,,,,0,,,,,,,,,,,,,,
2020-07-29 05:00:00,924.8,19.6,95,1.0,249.0,2.4,313.0,0.0,,,,,,,,,,2020-07-29T04:58:00,,,,0,,,,,,,,,,,,,,
2020-07-29 06:00:00,925.1,19.7,96,0.6,133.0,3.6,321.0,0.0,,,,,,,,,,2020-07-29T05:19:00,,,,0,,,,,,,,,,,,,,
2020-07-29 07:00:00,925.3,20.5,94,0.2,0.0,1.8,172.0,0.0,,,,,,,,,,2020-07-29T06:09:00,,,,0,,,,,,,,,,,,,,
2020-07-29 08:00:00,925.8,22.0,91,0.1,0.0,1.2,127.0,0.0,,,,,,,,,,2020-07-29T07:20:00,,,,0,,,,,,,,,,,,,,
2020-07-29 09:00:00,925.4,24.3,79,0.1,0.0,1.6,92.0,0.0,,,,,,,,,,2020-07-29T08:42:00,,,,0,,,,,,,,,,,,,,
2020-07-29 10:00:00,925.4,27.2,71,1.4,75.0,3.7,85.0,0.0,,,,,,,,,,2020-07-29T09:34:00,,,,0,,,,,,,,,,,,,,
2020-07-29 11:00:00,925.1,28.4,66,1.5,40.0,4.3,8.0,0.0,,,,,,,,,,2020-07-29T10:51:00,,,,0,,,,,,,,,,,,,,
2020-07-29 12:00:00,924.6,26.8,76,0.6,9.0,4.7,38.0,0.0,,,,,,,,,,2020-07-29T11:14:00,,,,0,,,,,,,,,,,,,,
2020-07-29 13:00:00,924.5,23.6,92,1.0,124.0,4.2,75.0,3.5,,,,,,,,,,2020-07-29T12:45:00,,,,0,,,,,,,,,,,,,,
2020-07-29 14:00:00,924.0,24.6,89,1.2,107.0,3.2,104.0,1.5,,,,,,,,,,2020-07-29T14:00:00,,,,0,,,,,,,,,,,,,,
2020-07-29 15:00:00,923.7,25.1,83,1.1,95.0,3.2,85.0,1.0,,,,,,,,,,2020-07-29T14:34:00,,,,0,,,,,,,,,,,,,,
2020-07-29 16:00:00,923.3,26.1,78,1.1,104.0,2.6,110.0,0.0,,,,,,,,,,2020-07-29T15:59:00,,,,0,,,,,,,,,,,,,,
2020-07-29 17:00:00,923.8,25.4,82,0.7,98.0,4.5,63.0,0.0,,,,,,,,,,2020-07-29T16:28:00,,,,0,,,,,,,,,,,,,,
2020-07-29 18:00:00,924.2,23.4,93,0.4,173.0,3.7,104.0,0.0,,,,,,,,,,2020-07-29T17:25:00,,,,0,,,,,,,,,,,,,,
2020-07-29 19:00:00,925.2,23.3,90,1.6,182.0,2.3,164.0,0.0,,,,,,,,,,2020-07-29T18:20:00,,,,0,,,,,,,,,,,,,,
2020-07-29 20:00:00,925.8,23.0,91,0.8,163.0,2.1,132.0,0.0,,,,,,,,,,2020-07-29T19:13:00,,,,0,,,,,,,,,,,,,,
2020-07-29 21:00:00,926.5,22.7,94,0.6,224.0,1.5,221.0,0.0,,,,,,,,,,2020-07-29T20:47:00,,,,0,,,,,,,,,,,,,,
2020-07-29 22:00:00,926.7,22.4,95,0.3,167.0,2.5,224.0,0.0,,,,,,,,,,2020-07-29T21:22:00,,,,0,,,,,,,,,,,,,,
2020-07-29 23:00:00,926.8,22.5,94,0.8,246.0,1.7,309.0,0.0,,,,,,,,,,2020-07-29T22:59:00,,,,0,,,,,,,,,,,,,,
2020-07-30 00:00:00,925.6,21.9,94,0.4,185.0,2.3,233.0,0.0,,,,,,,,,,2020-07-29T23:47:00,,,,0,,,,,,,,,,,,,,
2020-07-30 01:00:00,925.9,21.3,99,0.7,225.0,1.7,200.0,0.0,,,,,,,,,,2020-07-30T00:22:00,,,,0,,,,,,,,,,,,,,
2020-07-30 02:00:00,924.8,21.6,90,1.1,264.0,4.4,295.0,0.5,,,,,,,,,,2020-07-30T01:42:00,,,,0,,,,,,,,,,,,,,
2020-07-30 03:00:00,924.0,21.2,92,0.3,274.0,4.3,310.0,0.0,,,,,,,,,,2020-07-30T02:07:00,,,,0,,,,,,,,,,,,,,
2020-07-30 04:00:00,924.3,20.4,95,0.6,218.0,1.7,213.0,0.0,,,,,,,,,,2020-07-30T03:09:00,,,,0,,,,,,,,,,,,,,
2020-07-30 05:00:00,924.1,20.6,90,0.6,217.0,2.9,216.0,0.0,,,,,,,,,,2020-07-30T04:47:00,,,,0,,,,,,,,,,,,,,
2020-07-30 06:00:00,925.7,20.5,91,0.8,264.0,1.6,183.0,0.0,,,,,,,,,,2020-07-30T05:20:00,,,,0,,,,,,,,,,,,,,
2020-07-30 07:00:00,926.9,21.0,94,0.6,124.0,2.1,237.0,0.0,,,,,,,,,,2020-07-30T06:26:00,,,,0,,,,,,,,,,,,,,
2020-07-30 08:00:00,928.6,20.3,98,1.0,159.0,3.8,157.0,8.5,,,,,,,,,,2020-07-30T07:36:00,,,,0,,,,,,,,,,,,,,
2020-07-30 09:00:00,927.2,21.2,90,2.8,269.0,7.1,259.0,5.0,,,,,,,,,,2020-07-30T08:45:00,,,,0,,,,,,,,,,,,,,
2020-07-30 10:00:00,925.8,20.9,96,0.1,0.0,6.0,289.0,1.0,,,,,,,,,,2020-07-30T09:04:00,,,,0,,,,,,,,,,,,,,
2020-07-30 11:00:00,926.0,21.5,89,1.3,286.0,4.8,312.0,0.0,,,,,,,,,,2020-07-30T10:13:00,,,,0,,,,,,,,,,,,,,
2020-07-30 12:00:00,925.8,22.4,90,0.6,60.0,4.8,313.0,0.0,,,,,,,,,,2020-07-30T11:02:00,,,,0,,,,,,,,,,,,,,
2020-07-30 13:00:00,926.2,23.0,88,0.3,298.0,1.3,92.0,0.0,,,,,,,,,,2020-07-30T12:37:00,,,,0,,,,,,,,,,,,,,
2020-07-30 14:00:00,926.0,23.0,89,1.6,279.0,3.8,270.0,0.5,,,,,,,,,,2020-07-30T13:54:00,,,,0,,,,,,,,,,,,,,
2020-07-30 15:00:00,925.9,22.5,92,1.3,266.0,3.2,229.0,1.0,,,,,,,,,,2020-07-30T15:00:00,,,,0,,,,,,,,,,,,,,
2020-07-30 16:00:00,924.5,22.6,90,0.4,342.0,6.9,305.0,0.0,,,,,,,,,,2020-07-30T15:29:00,,,,0,,,,,,,,,,,,,,
2020-07-30 17:00:00,925.0,22.8,90,0.0,0.0,1.3,290.0,0.0,,,,,,,,,,2020-07-30T16:18:00,,,,0,,,,,,,,,,,,,,
2020-07-30 18:00:00,924.4,22.5,95,0.0,0.0,1.1,92.0,0.0,,,,,,,,,,2020-07-30T17:14:00,,,,0,,,,,,,,,,,,,,
2020-07-30 19:00:00,925.0,21.7,98,0.7,141.0,1.9,202.0,0.0,,,,,,,,,,2020-07-30T18:47:00,,,,0,,,,,,,,,,,,,,
2020-07-30 20:00:00,925.3,21.3,95,0.5,230.0,2.2,230.0,0.0,,,,,,,,,,2020-07-30T19:15:00,,,,0,,,,,,,,,,,,,,
2020-07-30 21:00:00,926.2,21.1,94,0.4,244.0,1.5,234.0,0.0,,,,,,,,,,2020-07-30T20:16:00,,,,0,,,,,,,,,,,,,,
2020-07-30 22:00:00,926.3,21.5,90,0.3,235.0,2.0,239.0,0.0,,,,,,,,,,2020-07-30T21:33:00,,,,0,,,,,,,,,,,,,,
2020-07-30 23:00:00,926.2,21.1,93,0.4,200.0,2.3,295.0,0.0,,,,,,,,,,2020-07-30T22:23:00,,,,0,,,,,,,,,,,,,,
2020-07-31 00:00:00,926.1,20.9,93,0.8,233.0,1.9,233.0,0.5,,,,,,,,,,2020-07-30T23:59:00,,,,0,,,,,,,,,,,,,,
2020-07-31 01:00:00,925.3,20.6,96,0.6,282.0,2.4,288.0,0.0,,,,,,,,,,2020-07-31T00:45:00,,,,0,,,,,,,,,,,,,,
2020-07-31 02:00:00,924.9,20.5,95,0.4,238.0,2.8,315.0,0.0,,,,,,,,,,2020-07-31T01:45:00,,,,0,,,,,,,,,,,,,,
2020-07-31 03:00:00,924.4,20.8,95,0.4,265.0,1.9,256.0,0.0,,,,,,,,,,2020-07-31T02:14:00,,,,0,,,,,,,,,,,,,,
2020-07-31 04:00:00,924.8,20.7,97,0.3,138.0,2.2,219.0,0.0,,,,,,,,,,2020-07-31T03:18:00,,,,0,,,,,,,,,,,,,,
2020-07-31 05:00:00,925.3,20.9,97,0.4,262.0,1.6,228.0,0.0,,,,,,,,,,2020-07-31T04:13:00,,,,0,,,,,,,,,,,,,,
2020-07-31 06:00:00,926.2,21.0,97,0.0,0.0,1.4,247.0,0.0,,,,,,,,,,2020-07-31T05:34:00,,,,0,,,,,,,,,,,,,,
2020-07-31 07:00:00,926.6,21.9,95,0.1,0.0,1.5,284.0,0.5,,,,,,,,,,2020-07-31T06:30:00,,,,0,,,,,,,,,,,,,,
2020-07-31 08:00:00,926.8,23.5,88,0.0,0.0,1.2,250.0,0.0,,,,,,,,,,2020-07-31T07:05:00,,,,0,,,,,,,,,,,,,,
2020-07-31 09:00:00,927.2,23.5,93,0.5,6.0,1.4,94.0,0.0,,,,,,,,,,2020-07-31T08:22:00,,,,0,,,,,,,,,,,,,,
2020-07-31 10:00:00,927.3,23.8,89,0.3,43.0,1.9,97.0,0.0,,,,,,,,,,2020-07-31T09:30:00,,,,0,,,,,,,,,,,,,,
2020-07-31 11:00:00,926.7,24.4,87,0.1,0.0,1.3,312.0,0.0,,,,,,,,,,2020-07-31T10:02:00,,,,0,,,,,,,,,,,,,,
2020-07-31 12:00:00,926.4,25.8,83,0.3,3.0,1.2,341.0,0.0,,,,,,,,,,2020-07-31T11:54:00,,,,0,,,,,,,,,,,,,,
2020-07-31 13:00:00,925.8,26.1,81,0.6,63.0,1.8,40.0,0.0,,,,,,,,,,2020-07-31T13:00:00,,,,0,,,,,,,,,,,,,,
2020-07-31 14:00:00,925.4,26.5,77,0.2,0.0,3.1,120.0,0.0,,,,,,,,,,2020-07-31T13:15:00,,,,0,,,,,,,,,,,,,,
2020-07-31 15:00:00,924.9,27.7,67,1.0,58.0,6.3,77.0,0.0,,,,,,,,,,2020-07-31T14:11:00,,,,0,,,,,,,,,,,,,,
2020-07-31 16:00:00,924.7,26.9,68,1.9,106.0,4.9,200.0,0.0,,,,,,,,,,2020-07-31T15:40:00,,,,0,,,,,,,,,,,,,,
2020-07-31 17:00:00,924.5,26.7,68,1.4,112.0,4.3,85.0,0.0,,,,,,,,,,2020-07-31T16:51:00,,,,0,,,,,,,,,,,,,,
2020-07-31 18:00:00,924.6,25.8,77,0.7,74.0,3.3,93.0,0.0,,,,,,,,,,2020-07-31T17:31:00,,,,0,,,,,,,,,,,,,,
2020-07-31 19:00:00,925.3,23.6,88,1.8,163.0,4.2,62.0,0.0,,,,,,,,,,2020-07-31T18:20:00,,,,0,,,,,,,,,,,,,,
2020-07-31 20:00:00,925.7,22.8,95,0.6,194.0,2.5,183.0,0.0,,,,,,,,,,2020-07-31T19:02:00,,,,0,,,,,,,,,,,,,,
2020-07-31 21:00:00,926.3,22.6,95,1.0,224.0,1.7,218.0,0.0,,,,,,,,,,2020-07-31T20:45:00,,,,0,,,,,,,,,,,,,,
2020-07-31 22:00:00,926.8,22.4,95,1.1,221.0,2.4,222.0,0.0,,,,,,,,,,2020-07-31T21:28:00,,,,0,,,,,,,,,,,,,,
2020-07-31 23:00:00,926.9,22.2,95,0.9,234.0,1.9,211.0,0.0,,,,,,,,,,2020-07-31T22:57:00,,,,0,,,,,,,,,,,,,,
2020-08-01 00:00:00,926.9,22.2,92,0.5,239.0,2.3,232.0,0.0,,,,,,,,,,2020-07-31T23:47:00,,,,0,,,,,,,,,,,,,,
2020-08-01 01:00:00,926.3,21.8,91,1.0,225.0,1.9,229.0,0.0,,,,,,,,,,2020-08-01T00:43:00,,,,0,,,,,,,,,,,,,,
2020-08-01 02:00:00,925.8,21.1,92,1.0,225.0,2.1,271.0,0.0,,,,,,,,,,2020-08-01T01:13:00,,,,0,,,,,,,,,,,,,,
2020-08-01 03:00:00,925.5,21.2,90,0.5,223.0,2.7,213.0,0.0,,,,,,,,,,2020-08-01T02:05:00,,,,0,,,,,,,,,,,,,,
2020-08-01 04:00:00,925.6,21.1,92,0.5,218.0,2.7,283.0,0.0,,,,,,,,,,2020-08-01T03:07:00,,,,0,,,,,,,,,,,,,,
2020-08-01 05:00:00,926.1,21.5,90,1.3,210.0,2.2,200.0,0.0,,,,,,,,,,2020-08-01T04:57:00,,,,0,,,,,,,,,,,,,,
2020-08-01 06:00:00,926.4,21.6,92,0.6,227.0,1.9,220.0,0.0,,,,,,,,,,2020-08-01T05:31:00,,,,0,,,,,,,,,,,,,,
2020-08-01 07:00:00,926.0,23.0,82,1.3,309.0,5.0,323.0,0.5,,,,,,,,,,2020-08-01T07:00:00,,,,0,,,,,,,,,,,,,,
2020-08-01 08:00:00,926.0,25.4,75,0.9,82.0,4.2,261.0,0.0,,,,,,,,,,2020-08-01T07:05:00,,,,0,,,,,,,,,,,,,,
2020-08-01 09:00:00,925.9,27.3,65,0.9,62.0,2.4,57.0,0.0,,,,,,,,,,2020-08-01T08:58:00,,,,0,,,,,,,,,,,,,,
2020-08-01 10:00:00,925.6,28.6,61,1.8,105.0,4.8,106.0,0.0,,,,,,,,,,2020-08-01T09:31:00,,,,0,,,,,,,,,,,,,,
2020-08-01 11:00:00,925.4,29.2,59,1.5,69.0,5.8,92.0,0.0,,,,,,,,,,2020-08-01T10:42:00,,,,0,,,,,,,,,,,,,,
2020-08-01 12:00:00,924.8,29.9,59,1.3,41.0,4.6,14.0,0.0,,,,,,,,,,2020-08-01T11:44:00,,,,0,,,,,,,,,,,,,,
2020-08-01 13:00:00,924.3,29.9,62,1.4,70.0,6.4,91.0,0.0,,,,,,,,,,2020-08-01T12:45:00,,,,0,,,,,,,,,,,,,,
2020-08-01 14:00:00,924.3,29.8,62,1.2,31.0,6.3,53.0,0.0,,,,,,,,,,2020-08-01T13:14:00,,,,0,,,,,,,,,,,,,,
2020-08-01 15:00:00,924.6,25.8,73,0.6,45.0,5.6,22.0,0.0,,,,,,,,,,2020-08-01T14:10:00,,,,0,,,,,,,,,,,,,,
2020-08-01 16:00:00,924.6,24.7,78,0.7,291.0,2.4,248.0,0.0,,,,,,,,,,2020-08-01T15:27:00,,,,0,,,,,,,,,,,,,,
2020-08-01 17:00:00,924.3,24.0,85,0.1,0.0,1.0,304.0,0.0,,,,,,,,,,2020-08-01T16:01:00,,,,0,,,,,,,,,,,,,,
2020-08-01 18:00:00,924.6,23.7,88,0.0,0.0,1.4,86.0,0.0,,,,,,,,,,2020-08-01T17:29:00,,,,0,,,,,,,,,,,,,,
2020-08-01 19:00:00,924.9,23.0,91,0.2,0.0,1.0,212.0,0.0,,,,,,,,,,2020-08-01T18:33:00,,,,0,,,,,,,,,,,,,,
2020-08-01 20:00:00,925.4,22.4,93,0.6,223.0,1.7,223.0,0.0,,,,,,,,,,2020-08-01T20:00:00,,,,0,,,,,,,,,,,,,,
2020-08-01 21:00:00,925.8,22.1,91,0.7,223.0,2.2,220.0,0.0,,,,,,,,,,2020-08-01T20:01:00,,,,0,,,,,,,,,,,,,,
2020-08-01 22:00:00,926.1,21.9,88,1.1,220.0,2.6,291.0,0.0,,,,,,,,,,2020-08-01T21:14:00,,,,0,,,,,,,,,,,,,,
2020-08-01 23:00:00,925.8,21.7,84,1.0,245.0,2.4,267.0,0.0,,,,,,,,,,2020-08-01T22:56:00,,,,0,,,,,,,,,,,,,,
2020-08-02 00:00:00,925.5,21.0,87,0.9,237.0,2.4,215.0,0.0,,,,,,,,,,2020-08-01T23:35:00,,,,0,,,,,,,,,,,,,,
2020-08-02 01:00:00,925.0,20.7,87,0.9,229.0,2.7,207.0,0.0,,,,,,,,,,2020-08-02T00:48:00,,,,0,,,,,,,,,,,,,,
2020-08-02 02:00:00,924.7,20.7,84,1.3,221.0,2.3,223.0,0.0,,,,,,,,,,2020-08-02T01:54:00,,,,0,,,,,,,,,,,,,,
2020-08-02 03:00:00,924.3,19.9,87,1.1,214.0,2.6,222.0,0.0,,,,,,,,,,2020-08-02T02:40:00,,,,0,,,,,,,,,,,,,,
2020-08-02 04:00:00,924.2,19.9,85,1.5,219.0,2.6,207.0,0.0,,,,,,,,,,2020-08-02T03:57:00,,,,0,,,,,,,,,,,,,,
2020-08-02 05:00:00,924.0,20.3,80,1.0,222.0,2.8,240.0,0.0,,,,,,,,,,2020-08-02T04:35:00,,,,0,,,,,,,,,,,,,,
2020-08-02 06:00:00,924.3,19.9,84,0.9,224.0,2.4,231.0,0.0,,,,,,,,,,2020-08-02T05:06:00,,,,0,,,,,,,,,,,,,,
2020-08-02 07:00:00,924.2,23.2,69,0.2,0.0,2.8,300.0,0.0,,,,,,,,,,2020-08-02T06:06:00,,,,0,,,,,,,,,,,,,,
2020-08-02 08:00:00,923.8,25.0,71,0.7,50.0,1.8,30.0,0.0,,,,,,,,,,2020-08-02T07:58:00,,,,0,,,,,,,,,,,,,,
2020-08-02 09:00:00,923.9,26.7,60,1.4,69.0,3.7,54.0,0.0,,,,,,,,,,2020-08-02T08:58:00,,,,0,,,,,,,,,,,,,,
2020-08-02 10:00:00,923.4,28.2,57,1.7,103.0,4.8,109.0,0.0,,,,,,,,,,2020-08-02T09:54:00,,,,0,,,,,,,,,,,,,,
2020-08-02 11:00:00,923.2,28.7,65,1.4,64.0,6.8,138.0,0.0,,,,,,,,,,2020-08-02T10:20:00,,,,0,,,,,,,,,,,,,,
2020-08-02 12:00:00,922.9,29.3,58,1.7,104.0,6.9,88.0,0.0,,,,,,,,,,2020-08-02T11:30:00,,,,0,,,,,,,,,,,,,,
2020-08-02 13:00:00,922.1,29.8,59,1.9,25.0,6.1,17.0,0.0,,,,,,,,,,2020-08-02T12:59:00,,,,0,,,,,,,,,,,,,,
2020-08-02 14:00:00,921.6,28.1,65,2.0,129.0,5.9,89.0,0.0,,,,,,,,,,2020-08-02T13:44:00,,,,0,,,,,,,,,,,,,,
2020-08-02 15:00:00,921.5,26.6,77,2.0,105.0,5.3,131.0,0.0,,,,,,,,,,2020-08-02T14:56:00,,,,0,,,,,,,,,,,,,,
2020-08-02 16:00:00,921.4,25.0,87,1.3,162.0,6.5,102.0,0.0,,,,,,,,,,2020-08-02T15:23:00,,,,0,,,,,,,,,,,,,,
2020-08-02 17:00:00,921.5,24.3,89,0.4,220.0,3.7,107.0,0.0,,,,,,,,,,2020-08-02T16:01:00,,,,0,,,,,,,,,,,,,,
2020-08-02 18:00:00,921.5,23.9,90,0.9,132.0,2.9,92.0,0.0,,,,,,,,,,2020-08-02T17:19:00,,,,0,,,,,,,,,,,,,,
2020-08-02 19:00:00,922.3,22.1,99,0.4,182.0,3.8,109.0,33.5,,,,,,,,,,2020-08-02T18:05:00,,,,0,,,,,,,,,,,,,,
2020-08-02 20:00:00,922.7,21.8,99,0.0,0.0,1.2,225.0,0.5,,,,,,,,,,2020-08-02T19:28:00,,,,0,,,,,,,,,,,,,,
2020-08-02 21:00:00,922.2,21.9,99,0.0,0.0,1.4,213.0,0.0,,,,,,,,,,2020-08-02T20:49:00,,,,0,,,,,,,,,,,,,,
2020-08-02 22:00:00,921.7,21.4,-9991,0.4,153.0,1.2,297.0,0.0,,,,,,,,,,2020-08-02T21:11:00,,,,0,,,,,,,,,,,,,,
2020-08-02 23:00:00,922.0,21.7,99,0.8,232.0,1.8,137.0,0.0,,,,,,,,,,2020-08-02T22:27:00,,,,0,,,,,,,,,,,,,,
2020-08-03 00:00:00,921.1,21.8,99,0.4,259.0,1.6,238.0,0.0,,,,,,,,,,2020-08-02T23:28:00,,,,0,,,,,,,,,,,,,,
2020-08-03 01:00:00,919.9,21.6,98,0.6,134.0,1.7,267.0,0.0,,,,,,,,,,2020-08-03T00:39:00,,,,0,,,,,,,,,,,,,,
2020-08-03 02:00:00,919.3,20.8,99,1.0,223.0,1.5,227.0,0.0,,,,,,,,,,2020-08-03T01:56:00,,,,0,,,,,,,,,,,,,,
2020-08-03 03:00:00,918.5,21.2,97,0.9,285.0,3.1,316.0,0.0,,,,,,,,,,2020-08-03T02:53:00,,,,0,,,,,,,,,,,,,,
2020-08-03 04:00:00,918.0,20.7,96,0.6,226.0,3.6,257.0,0.0,,,,,,,,,,2020-08-03T03:10:00,,,,0,,,,,,,,,,,,,,
2020-08-03 05:00:00,917.6,20.0,97,0.9,226.0,2.3,277.0,0.0,,,,,,,,,,2020-08-03T04:10:00,,,,0,,,,,,,,,,,,,,
2020-08-03 06:00:00,917.8,19.7,98,0.7,207.0,2.2,230.0,0.0,,,,,,,,,,2020-08-03T05:29:00,,,,0,,,,,,,,,,,,,,
2020-08-03 07:00:00,918.0,20.6,95,0.7,93.0,2.6,207.0,0.0,,,,,,,,,,2020-08-03T06:08:00,,,,0,,,,,,,,,,,,,,
2020-08-03 08:00:00,918.1,22.9,90,0.5,236.0,2.4,190.0,0.0,,,,,,,,,,2020-08-03T07:05:00,,,,0,,,,,,,,,,,,,,
2020-08-03 09:00:00,918.1,25.3,80,0.5,64.0,1.8,85.0,0.0,,,,,,,,,,2020-08-03T08:44:00,,,,0,,,,,,,,,,,,,,
2020-08-03 10:00:00,918.2,24.6,91,0.6,92.0,1.7,207.0,0.0,,,,,,,,,,2020-08-03T09:02:00,,,,0,,,,,,,,,,,,,,
2020-08-03 11:00:00,918.2,25.2,84,0.7,82.0,1.9,28.0,0.0,,,,,,,,,,2020-08-03T10:52:00,,,,0,,,,,,,,,,,,,,
2020-08-03 12:00:00,918.0,25.7,83,0.4,1.0,2.8,110.0,0.0,,,,,,,,,,2020-08-03T11:15:00,,,,0,,,,,,,,,,,,,,
2020-08-03 13:00:00,917.1,27.0,73,0.4,101.0,1.6,57.0,0.0,,,,,,,,,,2020-08-03T12:46:00,,,,0,,,,,,,,,,,,,,
2020-08-03 14:00:00,916.9,27.5,72,1.2,98.0,4.5,102.0,0.0,,,,,,,,,,2020-08-03T13:58:00,,,,0,,,,,,,,,,,,,,
2020-08-03 15:00:00,917.2,26.8,77,0.7,123.0,4.3,96.0,0.0,,,,,,,,,,2020-08-03T14:09:00,,,,0,,,,,,,,,,,,,,
2020-08-03 16:00:00,917.2,27.2,77,0.9,92.0,2.5,26.0,0.0,,,,,,,,,,2020-08-03T15:17:00,,,,0,,,,,,,,,,,,,,
2020-08-03 17:00:00,917.8,25.9,84,0.8,191.0,4.2,134.0,0.0,,,,,,,,,,2020-08-03T16:32:00,,,,0,,,,,,,,,,,,,,
2020-08-03 18:00:00,918.2,24.9,84,1.0,150.0,3.0,91.0,0.0,,,,,,,,,,2020-08-03T17:17:00,,,,0,,,,,,,,,,,,,,
2020-08-03 19:00:00,919.0,24.1,89,1.3,122.0,2.7,115.0,0.0,,,,,,,,,,2020-08-03T18:56:00,,,,0,,,,,,,,,,,,,,
2020-08-03 20:00:00,919.7,23.3,93,0.3,203.0,3.8,100.0,0.0,,,,,,,,,,2020-08-03T19:28:00,,,,0,,,,,,,,,,,,,,
2020-08-03 21:00:00,920.6,23.0,96,0.6,233.0,1.3,102.0,0.0,,,,,,,,,,2020-08-03T20:32:00,,,,0,,,,,,,,,,,,,,
2020-08-03 22:00:00,921.4,22.7,98,0.8,91.0,2.7,111.0,0.0,,,,,,,,,,2020-08-03T21:43:00,,,,0,,,,,,,,,,,,,,
2020-08-03 23:00:00,921.8,22.6,98,0.1,0.0,3.0,115.0,0.0,,,,,,,,,,2020-08-03T22:11:00,,,,0,,,,,,,,,,,,,,
2020-08-04 00:00:00,921.9,22.5,98,0.7,114.0,2.0,111.0,0.0,,,,,,,,,,2020-08-03T23:14:00,,,,0,,,,,,,,,,,,,,
2020-08-04 01:00:00,922.0,22.3,96,1.4,127.0,2.9,97.0,0.0,,,,,,,,,,2020-08-04T00:52:00,,,,0,,,,,,,,,,,,,,
2020-08-04 02:00:00,921.7,22.1,98,0.7,207.0,1.3,202.0,0.0,,,,,,,,,,2020-08-04T01:59:00,,,,0,,,,,,,,,,,,,,
2020-08-04 03:00:00,921.6,22.0,99,0.2,0.0,1.2,35.0,0.0,,,,,,,,,,2020-08-04T02:07:00,,,,0,,,,,,,,,,,,,,
2020-08-04 04:00:00,920.8,22.0,97,0.4,125.0,4.2,342.0,0.0,,,,,,,,,,2020-08-04T03:25:00,,,,0,,,,,,,,,,,,,,
2020-08-04 05:00:00,921.1,21.6,97,0.5,238.0,1.4,208.0,0.0,,,,,,,,,,2020-08-04T04:32:00,,,,0,,,,,,,,,,,,,,
2020-08-04 06:00:00,922.3,21.6,98,0.7,209.0,1.8,191.0,0.0,,,,,,,,,,2020-08-04T05:22:00,,,,0,,,,,,,,,,,,,,
2020-08-04 07:00:00,923.2,22.0,98,0.7,204.0,1.9,155.0,0.0,,,,,,,,,,2020-08-04T06:26:00,,,,0,,,,,,,,,,,,,,
2020-08-04 08:00:00,923.8,22.3,95,1.7,294.0,4.2,346.0,0.5,,,,,,,,,,2020-08-04T07:51:00,,,,0,,,,,,,,,,,,,,
2020-08-04 09:00:00,923.3,23.7,89,1.4,102.0,3.1,300.0,0.5,,,,,,,,,,2020-08-04T08:03:00,,,,0,,,,,,,,,,,,,,
2020-08-04 10:00:00,924.4,24.0,87,1.5,95.0,4.3,78.0,0.0,,,,,,,,,,2020-08-04T09:53:00,,,,0,,,,,,,,,,,,,,
2020-08-04 11:00:00,924.7,24.4,86,0.6,352.0,4.9,124.0,0.0,,,,,,,,,,2020-08-04T10:12:00,,,,0,,,,,,,,,,,,,,
2020-08-04 12:00:00,924.2,26.3,80,1.0,70.0,2.2,301.0,0.0,,,,,,,,,,2020-08-04T11:09:00,,,,0,,,,,,,,,,,,,,
2020-08-04 13:00:00,923.2,28.0,70,1.3,42.0,2.8,72.0,0.0,,,,,,,,,,2020-08-04T12:42:00,,,,0,,,,,,,,,,,,,,
2020-08-04 14:00:00,922.8,27.1,75,1.5,100.0,5.8,98.0,0.0,,,,,,,,,,2020-08-04T13:45:00,,,,0,,,,,,,,,,,,,,
2020-08-04 15:00:00,922.4,27.6,77,1.4,18.0,4.8,64.0,0.0,,,,,,,,,,2020-08-04T14:01:00,,,,0,,,,,,,,,,,,,,
2020-08-04 16:00:00,922.7,25.4,80,1.7,123.0,5.8,50.0,0.0,,,,,,,,,,2020-08-04T15:22:00,,,,0,,,,,,,,,,,,,,
2020-08-04 17:00:00,923.2,24.5,86,2.1,112.0,6.3,79.0,0.0,,,,,,,,,,2020-08-04T16:55:00,,,,0,,,,,,,,,,,,,,
2020-08-04 18:00:00,923.9,24.5,83,1.7,152.0,5.5,76.0,0.0,,,,,,,,,,2020-08-04T17:31:00,,,,0,,,,,,,,,,,,,,
2020-08-04 19:00:00,925.2,23.0,93,2.0,153.0,5.8,104.0,1.5,,,,,,,,,,2020-08-04T18:35:00,,,,0,,,,,,,,,,,,,,
2020-08-04 20:00:00,925.5,22.2,98,0.5,237.0,3.2,152.0,2.0,,,,,,,,,,2020-08-04T19:02:00,,,,0,,,,,,,,,,,,,,
2020-08-04 21:00:00,926.2,21.9,99,0.7,214.0,1.5,176.0,0.0,,,,,,,,,,2020-08-04T20:29:00,,,,0,,,,,,,,,,,,,,
2020-08-04 22:00:00,927.2,21.8,98,0.6,235.0,1.4,219.0,0.0,,,,,,,,,,2020-08-04T21:49:00,,,,0,,,,,,,,,,,,,,
2020-08-04 23:00:00,927.4,21.5,98,0.6,204.0,2.4,203.0,0.0,,,,,,,,,,2020-08-04T22:08:00,,,,0,,,,,,,,,,,,,,
2020-08-05 00:00:00,926.9,21.3,97,0.6,228.0,1.8,208.0,0.0,,,,,,,,,,2020-08-04T23:03:00,,,,0,,,,,,,,,,,,,,
2020-08-05 01:00:00,926.7,20.8,98,0.5,222.0,3.2,301.0,0.0,,,,,,,,,,2020-08-05T00:15:00,,,,0,,,,,,,,,,,,,,
2020-08-05 02:00:00,926.5,20.8,97,1.0,228.0,1.7,224.0,0.0,,,,,,,,,,2020-08-05T01:06:00,,,,0,,,,,,,,,,,,,,
2020-08-05 03:00:00,926.2,21.0,94,0.7,240.0,2.6,309.0,0.0,,,,,,,,,,2020-08-05T02:50:00,,,,0,,,,,,,,,,,,,,
2020-08-05 04:00:00,926.1,20.6,96,1.1,226.0,2.4,222.0,0.0,,,,,,,,,,2020-08-05T03:12:00,,,,0,,,,,,,,,,,,,,
2020-08-05 05:00:00,926.1,20.2,96,0.9,215.0,1.6,210.0,0.0,,,,,,,,,,2020-08-05T04:01:00,,,,0,,,,,,,,,,,,,,
2020-08-05 06:00:00,926.7,20.0,97,0.6,220.0,2.2,256.0,0.0,,,,,,,,,,2020-08-05T05:12:00,,,,0,,,,,,,,,,,,,,
2020-08-05 07:00:00,927.5,21.8,91,0.3,303.0,1.7,217.0,0.0,,,,,,,,,,2020-08-05T06:07:00,,,,0,,,,,,,,,,,,,,
2020-08-05 08:00:00,927.4,24.5,84,0.6,37.0,1.3,15.0,0.0,,,,,,,,,,2020-08-05T07:44:00,,,,0,,,,,,,,,,,,,,
2020-08-05 09:00:00,927.4,26.3,76,1.0,40.0,2.9,66.0,0.0,,,,,,,,,,2020-08-05T08:56:00,,,,0,,,,,,,,,,,,,,
2020-08-05 10:00:00,927.2,27.1,69,1.7,69.0,4.5,92.0,0.0,,,,,,,,,,2020-08-05T09:40:00,,,,0,,,,,,,,,,,,,,
2020-08-05 11:00:00,927.1,28.3,64,1.6,125.0,5.6,82.0,0.0,,,,,,,,,,2020-08-05T10:50:00,,,,0,,,,,,,,,,,,,,
2020-08-05 12:00:00,926.6,28.5,61,2.6,84.0,6.4,86.0,0.0,,,,,,,,,,2020-08-05T12:00:00,,,,0,,,,,,,,,,,,,,
2020-08-05 13:00:00,926.4,30.0,60,1.4,15.0,6.5,31.0,0.0,,,,,,,,,,2020-08-05T13:00:00,,,,0,,,,,,,,,,,,,,
2020-08-05 14:00:00,926.2,29.8,66,1.2,43.0,5.4,95.0,0.0,,,,,,,,,,2020-08-05T13:46:00,,,,0,,,,,,,,,,,,,,
2020-08-05 15:00:00,926.1,26.9,74,1.8,96.0,7.1,68.0,0.0,,,,,,,,,,2020-08-05T14:43:00,,,,0,,,,,,,,,,,,,,
2020-08-05 16:00:00,926.2,27.1,76,1.5,52.0,6.7,31.0,0.0,,,,,,,,,,2020-08-05T15:55:00,,,,0,,,,,,,,,,,,,,
2020-08-05 17:00:00,926.8,26.3,77,0.4,165.0,4.6,55.0,0.0,,,,,,,,,,2020-08-05T16:11:00,,,,0,,,,,,,,,,,,,,
2020-08-05 18:00:00,927.3,25.0,79,1.4,168.0,2.3,91.0,0.0,,,,,,,,,,2020-08-05T17:11:00,,,,0,,,,,,,,,,,,,,
2020-08-05 19:00:00,927.9,24.0,85,0.6,175.0,2.3,201.0,0.0,,,,,,,,,,2020-08-05T18:08:00,,,,0,,,,,,,,,,,,,,
2020-08-05 20:00:00,928.7,23.4,90,0.4,191.0,2.2,105.0,0.0,,,,,,,,,,2020-08-05T19:11:00,,,,0,,,,,,,,,,,,,,
2020-08-05 21:00:00,929.1,23.2,93,0.8,162.0,1.5,49.0,0.0,,,,,,,,,,2020-08-05T20:14:00,,,,0,,,,,,,,,,,,,,
2020-08-05 22:00:00,929.6,22.8,96,0.6,181.0,1.6,142.0,0.0,,,,,,,,,,2020-08-05T21:10:00,,,,0,,,,,,,,,,,,,,
2020-08-05 23:00:00,929.4,22.5,97,0.4,250.0,0.9,261.0,0.0,,,,,,,,,,2020-08-05T23:00:00,,,,0,,,,,,,,,,,,,,
2020-08-06 00:00:00,929.0,22.2,92,0.4,215.0,1.8,221.0,0.0,,,,,,,,,,2020-08-05T23:53:00,,,,0,,,,,,,,,,,,,,
2020-08-06 01:00:00,928.6,21.2,95,0.5,211.0,1.9,213.0,0.0,,,,,,,,,,2020-08-06T00:37:00,,,,0,,,,,,,,,,,,,,
2020-08-06 02:00:00,928.1,20.6,94,1.2,216.0,2.6,215.0,0.0,,,,,,,,,,2020-08-06T01:15:00,,,,0,,,,,,,,,,,,,,
2020-08-06 03:00:00,927.7,21.2,85,0.8,254.0,2.9,296.0,0.0,,,,,,,,,,2020-08-06T02:46:00,,,,0,,,,,,,,,,,,,,
2020-08-06 04:00:00,927.0,21.7,79,1.0,282.0,3.6,281.0,0.0,,,,,,,,,,2020-08-06T03:24:00,,,,0,,,,,,,,,,,,,,
2020-08-06 05:00:00,927.2,20.5,86,0.7,270.0,4.6,299.0,0.0,,,,,,,,,,2020-08-06T04:10:00,,,,0,,,,,,,,,,,,,,
2020-08-06 06:00:00,927.6,20.4,87,1.2,218.0,2.1,221.0,0.0,,,,,,,,,,2020-08-06T05:09:00,,,,0,,,,,,,,,,,,,,
2020-08-06 07:00:00,928.1,21.8,80,0.6,270.0,2.7,233.0,0.0,,,,,,,,,,2020-08-06T06:35:00,,,,0,,,,,,,,,,,,,,
2020-08-06 08:00:00,927.7,24.8,67,0.7,45.0,1.8,276.0,0.0,,,,,,,,,,2020-08-06T07:04:00,,,,0,,,,,,,,,,,,,,
2020-08-06 09:00:00,927.6,26.7,63,0.6,23.0,1.5,360.0,0.0,,,,,,,,,,2020-08-06T08:58:00,,,,0,,,,,,,,,,,,,,
2020-08-06 10:00:00,927.2,28.0,55,1.3,28.0,3.7,24.0,0.0,,,,,,,,,,2020-08-06T09:53:00,,,,0,,,,,,,,,,,,,,
2020-08-06 11:00:00,927.1,28.1,58,2.6,126.0,6.8,219.0,0.0,,,,,,,,,,2020-08-06T10:55:00,,,,0,,,,,,,,,,,,,,
2020-08-06 12:00:00,926.9,28.6,62,1.5,87.0,5.5,88.0,0.0,,,,,,,,,,2020-08-06T11:02:00,,,,0,,,,,,,,,,,,,,
2020-08-06 13:00:00,926.3,29.3,61,1.8,101.0,7.2,25.0,0.0,,,,,,,,,,2020-08-06T12:31:00,,,,0,,,,,,,,,,,,,,
2020-08-06 14:00:00,925.9,29.6,65,1.5,27.0,5.7,61.0,0.0,,,,,,,,,,2020-08-06T13:05:00,,,,0,,,,,,,,,,,,,,
2020-08-06 15:00:00,925.7,29.3,63,1.5,27.0,5.4,70.0,0.0,,,,,,,,,,2020-08-06T14:30:00,,,,0,,,,,,,,,,,,,,
2020-08-06 16:00:00,926.0,28.1,68,0.8,26.0,5.3,70.0,0.0,,,,,,,,,,2020-08-06T15:18:00,,,,0,,,,,,,,,,,,,,
2020-08-06 17:00:00,926.1,25.4,79,1.0,47.0,4.6,36.0,0.0,,,,,,,,,,2020-08-06T16:22:00,,,,0,,,,,,,,,,,,,,
2020-08-06 18:00:00,927.0,24.5,80,1.1,179.0,4.2,176.0,0.0,,,,,,,,,,2020-08-06T17:06:00,,,,0,,,,,,,,,,,,,,
2020-08-06 19:00:00,927.5,23.7,85,0.9,145.0,1.8,199.0,0.0,,,,,,,,,,2020-08-06T18:36:00,,,,0,,,,,,,,,,,,,,
2020-08-06 20:00:00,927.8,22.9,89,1.1,202.0,1.8,197.0,0.0,,,,,,,,,,2020-08-06T19:59:00,,,,0,,,,,,,,,,,,,,
2020-08-06 21:00:00,928.1,22.7,89,0.9,192.0,2.6,204.0,0.0,,,,,,,,,,2020-08-06T20:09:00,,,,0,,,,,,,,,,,,,,
2020-08-06 22:00:00,927.8,23.2,87,0.7,228.0,2.1,244.0,0.0,,,,,,,,,,2020-08-06T21:34:00,,,,0,,,,,,,,,,,,,,
2020-08-06 23:00:00,927.7,21.9,91,1.0,210.0,1.8,200.0,0.0,,,,,,,,,,2020-08-06T22:44:00,,,,0,,,,,,,,,,,,,,
2020-08-07 00:00:00,927.5,21.4,92,1.4,226.0,2.2,201.0,0.0,,,,,,,,,,2020-08-06T23:20:00,,,,0,,,,,,,,,,,,,,
2020-08-07 01:00:00,926.8,21.2,93,0.9,198.0,2.6,237.0,0.0,,,,,,,,,,2020-08-07T00:30:00,,,,0,,,,,,,,,,,,,,
2020-08-07 02:00:00,925.8,22.2,82,1.5,273.0,3.3,345.0,0.0,,,,,,,,,,2020-08-07T01:51:00,,,,0,,,,,,,,,,,,,,
2020-08-07 03:00:00,924.9,22.8,74,1.3,277.0,4.7,296.0,0.0,,,,,,,,,,2020-08-07T02:28:00,,,,0,,,,,,,,,,,,,,
2020-08-07 04:00:00,924.7,20.9,83,0.8,199.0,4.6,257.0,0.0,,,,,,,,,,2020-08-07T03:06:00,,,,0,,,,,,,,,,,,,,
2020-08-07 05:00:00,924.9,20.1,85,1.4,229.0,2.4,231.0,0.0,,,,,,,,,,2020-08-07T04:03:00,,,,0,,,,,,,,,,,,,,
2020-08-07 06:00:00,925.3,20.1,84,1.4,212.0,2.2,219.0,0.0,,,,,,,,,,2020-08-07T05:38:00,,,,0,,,,,,,,,,,,,,
2020-08-07 07:00:00,926.1,24.0,67,0.1,0.0,1.7,203.0,0.0,,,,,,,,,,2020-08-07T06:03:00,,,,0,,,,,,,,,,,,,,
2020-08-07 08:00:00,926.1,25.4,67,0.8,25.0,1.6,25.0,0.0,,,,,,,,,,2020-08-07T07:54:00,,,,0,,,,,,,,,,,,,,
2020-08-07 09:00:00,926.0,27.2,58,1.3,76.0,2.5,85.0,0.0,,,,,,,,,,2020-08-07T09:00:00,,,,0,,,,,,,,,,,,,,
2020-08-07 10:00:00,925.8,27.8,59,2.0,107.0,5.2,87.0,0.0,,,,,,,,,,2020-08-07T09:58:00,,,,0,,,,,,,,,,,,,,
2020-08-07 11:00:00,925.4,28.0,58,2.2,106.0,5.8,87.0,0.0,,,,,,,,,,2020-08-07T10:57:00,,,,0,,,,,,,,,,,,,,
2020-08-07 12:00:00,924.8,28.6,62,2.4,107.0,7.2,131.0,0.0,,,,,,,,,,2020-08-07T11:16:00,,,,0,,,,,,,,,,,,,,
2020-08-07 13:00:00,924.4,29.6,59,1.7,78.0,7.3,88.0,0.0,,,,,,,,,,2020-08-07T12:08:00,,,,0,,,,,,,,,,,,,,
2020-08-07 14:00:00,923.8,30.3,59,1.2,32.0,5.6,62.0,0.0,,,,,,,,,,2020-08-07T13:27:00,,,,0,,,,,,,,,,,,,,
2020-08-07 15:00:00,923.5,29.9,59,1.3,100.0,6.3,95.0,0.0,,,,,,,,,,2020-08-07T14:08:00,,,,0,,,,,,,,,,,,,,
2020-08-07 16:00:00,923.3,28.6,65,1.6,82.0,5.6,119.0,0.0,,,,,,,,,,2020-08-07T15:34:00,,,,0,,,,,,,,,,,,,,
2020-08-07 17:00:00,923.2,26.6,75,0.9,93.0,4.9,102.0,0.0,,,,,,,,,,2020-08-07T16:30:00,,,,0,,,,,,,,,,,,,,
2020-08-07 18:00:00,923.7,25.0,81,0.9,187.0,3.9,72.0,0.0,,,,,,,,,,2020-08-07T17:02:00,,,,0,,,,,,,,,,,,,,
2020-08-07 19:00:00,924.4,24.2,86,0.7,217.0,3.1,236.0,0.0,,,,,,,,,,2020-08-07T18:47:00,,,,0,,,,,,,,,,,,,,
2020-08-07 20:00:00,924.9,23.7,89,0.3,208.0,2.8,3.0,0.0,,,,,,,,,,2020-08-07T19:48:00,,,,0,,,,,,,,,,,,,,
2020-08-07 21:00:00,925.4,23.2,91,0.4,262.0,2.7,177.0,0.0,,,,,,,,,,2020-08-07T20:19:00,,,,0,,,,,,,,,,,,,,
2020-08-07 22:00:00,925.7,22.9,90,0.4,163.0,1.2,190.0,0.0,,,,,,,,,,2020-08-07T21:39:00,,,,0,,,,,,,,,,,,,,
2020-08-07 23:00:00,925.8,22.7,90,0.7,202.0,1.5,138.0,0.0,,,,,,,,,,2020-08-07T22:36:00,,,,0,,,,,,,,,,,,,,
2020-08-08 00:00:00,925.3,22.7,89,0.7,228.0,1.5,225.0,0.0,,,,,,,,,,2020-08-07T23:25:00,,,,0,,,,,,,,,,,,,,
2020-08-08 01:00:00,924.9,22.3,92,0.0,0.0,1.4,219.0,0.0,,,,,,,,,,2020-08-08T00:23:00,,,,0,,,,,,,,,,,,,,
2020-08-08 02:00:00,924.5,21.5,93,0.7,201.0,1.8,202.0,0.0,,,,,,,,,,2020-08-08T01:07:00,,,,0,,,,,,,,,,,,,,
2020-08-08 03:00:00,923.8,21.1,94,1.2,220.0,2.1,210.0,0.0,,,,,,,,,,2020-08-08T02:53:00,,,,0,,,,,,,,,,,,,,
2020-08-08 04:00:00,923.6,21.4,89,0.3,232.0,3.2,302.0,0.0,,,,,,,,,,2020-08-08T03:35:00,,,,0,,,,,,,,,,,,,,
2020-08-08 05:00:00,923.3,20.5,89,0.6,223.0,2.1,305.0,0.0,,,,,,,,,,2020-08-08T04:05:00,,,,0,,,,,,,,,,,,,,
2020-08-08 06:00:00,923.3,20.0,90,1.3,214.0,2.4,219.0,0.0,,,,,,,,,,2020-08-08T05:22:00,,,,0,,,,,,,,,,,,,,
2020-08-08 07:00:00,923.6,23.9,74,0.3,38.0,2.0,212.0,0.0,,,,,,,,,,2020-08-08T06:01:00,,,,0,,,,,,,,,,,,,,
2020-08-08 08:00:00,923.1,24.8,69,0.5,32.0,3.2,357.0,0.0,,,,,,,,,,2020-08-08T07:45:00,,,,0,,,,,,,,,,,,,,
2020-08-08 09:00:00,922.8,28.1,58,0.6,76.0,1.8,88.0,0.0,,,,,,,,,,2020-08-08T09:00:00,,,,0,,,,,,,,,,,,,,
2020-08-08 10:00:00,922.3,29.3,53,1.4,18.0,3.5,12.0,0.0,,,,,,,,,,2020-08-08T09:57:00,,,,0,,,,,,,,,,,,,,
2020-08-08 11:00:00,921.9,28.6,53,2.5,100.0,6.5,93.0,0.0,,,,,,,,,,2020-08-08T10:56:00,,,,0,,,,,,,,,,,,,,
2020-08-08 12:00:00,921.7,29.0,53,2.1,89.0,7.1,140.0,0.0,,,,,,,,,,2020-08-08T11:35:00,,,,0,,,,,,,,,,,,,,
2020-08-08 13:00:00,920.9,30.1,57,1.2,41.0,6.1,119.0,0.0,,,,,,,,,,2020-08-08T12:36:00,,,,0,,,,,,,,,,,,,,
2020-08-08 14:00:00,920.3,29.3,55,2.6,82.0,7.0,86.0,0.0,,,,,,,,,,2020-08-08T13:43:00,,,,0,,,,,,,,,,,,,,
2020-08-08 15:00:00,920.1,29.4,56,2.2,107.0,7.3,33.0,0.0,,,,,,,,,,2020-08-08T14:25:00,,,,0,,,,,,,,,,,,,,
2020-08-08 16:00:00,919.8,29.0,59,1.4,59.0,8.2,83.0,0.0,,,,,,,,,,2020-08-08T15:18:00,,,,0,,,,,,,,,,,,,,
2020-08-08 17:00:00,920.0,27.6,67,1.8,89.0,4.8,53.0,0.0,,,,,,,,,,2020-08-08T16:58:00,,,,0,,,,,,,,,,,,,,
2020-08-08 18:00:00,920.2,25.9,76,1.3,75.0,6.2,67.0,0.0,,,,,,,,,,2020-08-08T17:38:00,,,,0,,,,,,,,,,,,,,
2020-08-08 19:00:00,921.4,24.6,82,1.5,64.0,5.6,92.0,0.0,,,,,,,,,,2020-08-08T18:35:00,,,,0,,,,,,,,,,,,,,
2020-08-08 20:00:00,921.8,24.0,82,0.8,123.0,4.1,106.0,0.0,,,,,,,,,,2020-08-08T19:11:00,,,,0,,,,,,,,,,,,,,
2020-08-08 21:00:00,922.5,23.4,84,0.5,140.0,3.5,69.0,0.0,,,,,,,,,,2020-08-08T20:16:00,,,,0,,,,,,,,,,,,,,
2020-08-08 22:00:00,922.4,22.1,89,1.4,219.0,2.3,197.0,0.0,,,,,,,,,,2020-08-08T21:39:00,,,,0,,,,,,,,,,,,,,
2020-08-08 23:00:00,922.0,21.5,91,0.8,202.0,2.4,202.0,0.0,,,,,,,,,,2020-08-08T22:36:00,,,,0,,,,,,,,,,,,,,
2020-08-09 00:00:00,921.5,20.8,94,1.7,209.0,2.5,198.0,0.0,,,,,,,,,,2020-08-08T23:24:00,,,,0,,,,,,,,,,,,,,
2020-08-09 01:00:00,920.4,21.3,91,0.7,242.0,2.3,209.0,0.0,,,,,,,,,,2020-08-09T00:45:00,,,,0,,,,,,,,,,,,,,
2020-08-09 02:00:00,920.0,20.3,91,1.5,212.0,2.9,254.0,0.0,,,,,,,,,,2020-08-09T01:12:00,,,,0,,,,,,,,,,,,,,
2020-08-09 03:00:00,919.7,19.5,91,1.3,211.0,2.7,205.0,0.0,,,,,,,,,,2020-08-09T02:48:00,,,,0,,,,,,,,,,,,,,
2020-08-09 04:00:00,919.9,19.0,90,1.3,191.0,2.4,206.0,0.0,,,,,,,,,,2020-08-09T03:47:00,,,,0,,,,,,,,,,,,,,
2020-08-09 05:00:00,920.1,18.8,86,1.0,183.0,2.8,225.0,0.0,,,,,,,,,,2020-08-09T04:33:00,,,,0,,,,,,,,,,,,,,
2020-08-09 06:00:00,920.0,18.8,85,1.8,211.0,2.6,214.0,0.0,,,,,,,,,,2020-08-09T05:36:00,,,,0,,,,,,,,,,,,,,
2020-08-09 07:00:00,919.8,23.4,65,0.2,0.0,1.7,209.0,0.0,,,,,,,,,,2020-08-09T06:01:00,,,,0,,,,,,,,,,,,,,
2020-08-09 08:00:00,919.7,25.0,62,0.6,49.0,2.5,309.0,0.0,,,,,,,,,,2020-08-09T07:05:00,,,,0,,,,,,,,,,,,,,
2020-08-09 09:00:00,920.1,27.3,54,0.7,21.0,2.5,25.0,0.0,,,,,,,,,,2020-08-09T08:26:00,,,,0,,,,,,,,,,,,,,
2020-08-09 10:00:00,919.9,28.2,56,1.4,39.0,4.6,77.0,0.0,,,,,,,,,,2020-08-09T09:58:00,,,,0,,,,,,,,,,,,,,
2020-08-09 11:00:00,919.9,28.8,54,1.3,75.0,7.6,93.0,0.0,,,,,,,,,,2020-08-09T10:03:00,,,,0,,,,,,,,,,,,,,
2020-08-09 12:00:00,919.3,29.1,54,1.6,83.0,6.2,80.0,0.0,,,,,,,,,,2020-08-09T11:03:00,,,,0,,,,,,,,,,,,,,
2020-08-09 13:00:00,918.6,29.8,53,1.4,82.0,6.6,56.0,0.0,,,,,,,,,,2020-08-09T12:49:00,,,,0,,,,,,,,,,,,,,
2020-08-09 14:00:00,918.4,28.9,60,2.5,106.0,7.9,8.0,0.0,,,,,,,,,,2020-08-09T13:47:00,,,,0,,,,,,,,,,,,,,
2020-08-09 15:00:00,918.4,28.4,63,2.8,113.0,6.5,108.0,0.0,,,,,,,,,,2020-08-09T14:56:00,,,,0,,,,,,,,,,,,,,
2020-08-09 16:00:00,918.7,28.1,63,1.4,43.0,7.8,85.0,0.0,,,,,,,,,,2020-08-09T15:27:00,,,,0,,,,,,,,,,,,,,
2020-08-09 17:00:00,919.3,26.5,68,1.8,101.0,6.0,167.0,0.0,,,,,,,,,,2020-08-09T16:24:00,,,,0,,,,,,,,,,,,,,
2020-08-09 18:00:00,920.0,25.6,77,0.7,111.0,5.7,109.0,0.0,,,,,,,,,,2020-08-09T17:10:00,,,,0,,,,,,,,,,,,,,
2020-08-09 19:00:00,920.6,24.5,85,1.1,155.0,2.5,94.0,0.0,,,,,,,,,,2020-08-09T18:08:00,,,,0,,,,,,,,,,,,,,
2020-08-09 20:00:00,921.5,23.8,88,0.6,230.0,2.6,131.0,0.0,,,,,,,,,,2020-08-09T19:04:00,,,,0,,,,,,,,,,,,,,
2020-08-09 21:00:00,921.9,22.8,92,1.0,194.0,2.0,198.0,0.0,,,,,,,,,,2020-08-09T20:31:00,,,,0,,,,,,,,,,,,,,
2020-08-09 22:00:00,922.6,23.0,93,0.5,174.0,1.2,203.0,0.0,,,,,,,,,,2020-08-09T21:02:00,,,,0,,,,,,,,,,,,,,
2020-08-09 23:00:00,922.7,23.0,94,0.1,0.0,2.3,135.0,0.0,,,,,,,,,,2020-08-09T22:30:00,,,,0,,,,,,,,,,,,,,
2020-08-10 00:00:00,922.5,22.1,94,1.2,211.0,1.8,201.0,0.0,,,,,,,,,,2020-08-09T23:50:00,,,,0,,,,,,,,,,,,,,
2020-08-10 01:00:00,921.6,22.3,93,0.5,229.0,2.1,204.0,0.0,,,,,,,,,,2020-08-10T00:02:00,,,,0,,,,,,,,,,,,,,
2020-08-10 02:00:00,921.0,21.2,94,1.2,204.0,2.0,219.0,0.0,,,,,,,,,,2020-08-10T01:10:00,,,,0,,,,,,,,,,,,,,
2020-08-10 03:00:00,921.2,20.9,95,1.2,230.0,2.4,199.0,0.0,,,,,,,,,,2020-08-10T02:29:00,,,,0,,,,,,,,,,,,,,
2020-08-10 04:00:00,921.2,21.5,86,0.1,0.0,3.7,294.0,0.0,,,,,,,,,,2020-08-10T03:29:00,,,,0,,,,,,,,,,,,,,
2020-08-10 05:00:00,921.5,20.8,86,0.9,203.0,2.5,219.0,0.0,,,,,,,,,,2020-08-10T04:37:00,,,,0,,,,,,,,,,,,,,
2020-08-10 06:00:00,922.5,21.7,83,1.0,169.0,2.5,174.0,0.0,,,,,,,,,,2020-08-10T05:52:00,,,,0,,,,,,,,,,,,,,
2020-08-10 07:00:00,923.5,22.8,79,0.6,284.0,1.8,306.0,0.0,,,,,,,,,,2020-08-10T06:57:00,,,,0,,,,,,,,,,,,,,
2020-08-10 08:00:00,923.4,25.9,69,1.0,13.0,2.7,9.0,0.0,,,,,,,,,,2020-08-10T07:52:00,,,,0,,,,,,,,,,,,,,
2020-08-10 09:00:00,923.5,25.3,74,1.9,130.0,4.8,131.0,0.0,,,,,,,,,,2020-08-10T08:38:00,,,,0,,,,,,,,,,,,,,
2020-08-10 10:00:00,923.4,26.8,76,1.2,57.0,3.5,198.0,0.0,,,,,,,,,,2020-08-10T09:42:00,,,,0,,,,,,,,,,,,,,
2020-08-10 11:00:00,923.3,26.3,76,2.6,95.0,5.3,84.0,0.0,,,,,,,,,,2020-08-10T10:50:00,,,,0,,,,,,,,,,,,,,
2020-08-10 12:00:00,923.0,27.1,72,0.8,341.0,6.6,86.0,0.0,,,,,,,,,,2020-08-10T11:46:00,,,,0,,,,,,,,,,,,,,
2020-08-10 13:00:00,922.6,27.7,71,1.4,59.0,6.5,74.0,0.0,,,,,,,,,,2020-08-10T12:14:00,,,,0,,,,,,,,,,,,,,
2020-08-10 14:00:00,922.3,27.5,71,0.6,40.0,4.1,107.0,0.0,,,,,,,,,,2020-08-10T13:02:00,,,,0,,,,,,,,,,,,,,
2020-08-10 15:00:00,922.3,24.0,91,1.1,159.0,4.8,49.0,0.5,,,,,,,,,,2020-08-10T14:23:00,,,,0,,,,,,,,,,,,,,
2020-08-10 16:00:00,922.9,23.5,96,0.5,125.0,2.6,201.0,3.5,,,,,,,,,,2020-08-10T15:11:00,,,,0,,,,,,,,,,,,,,
2020-08-10 17:00:00,923.2,22.5,98,0.9,126.0,3.5,92.0,18.5,,,,,,,,,,2020-08-10T16:24:00,,,,0,,,,,,,,,,,,,,
2020-08-10 18:00:00,923.3,22.1,99,0.7,219.0,1.9,188.0,5.0,,,,,,,,,,2020-08-10T17:23:00,,,,0,,,,,,,,,,,,,,
2020-08-10 19:00:00,923.8,22.2,98,0.9,230.0,2.0,210.0,1.0,,,,,,,,,,2020-08-10T18:52:00,,,,0,,,,,,,,,,,,,,
2020-08-10 20:00:00,924.6,22.1,98,1.0,136.0,2.2,142.0,2.5,,,,,,,,,,2020-08-10T19:50:00,,,,0,,,,,,,,,,,,,,
2020-08-10 21:00:00,925.2,21.9,98,0.3,110.0,4.3,109.0,1.0,,,,,,,,,,2020-08-10T20:14:00,,,,0,,,,,,,,,,,,,,
2020-08-10 22:00:00,925.7,21.8,99,0.2,0.0,1.2,142.0,1.5,,,,,,,,,,2020-08-10T21:09:00,,,,0,,,,,,,,,,,,,,
2020-08-10 23:00:00,925.4,21.5,99,0.6,256.0,1.9,225.0,1.0,,,,,,,,,,2020-08-10T22:59:00,,,,0,,,,,,,,,,,,,,
2020-08-11 00:00:00,925.0,21.6,98,0.7,248.0,1.6,198.0,0.0,,,,,,,,,,2020-08-10T23:40:00,,,,0,,,,,,,,,,,,,,
2020-08-11 01:00:00,924.7,21.4,99,0.5,261.0,1.6,219.0,0.0,,,,,,,,,,2020-08-11T00:17:00,,,,0,,,,,,,,,,,,,,
2020-08-11 02:00:00,924.4,21.4,99,0.0,0.0,2.1,221.0,0.0,,,,,,,,,,2020-08-11T01:34:00,,,,0,,,,,,,,,,,,,,
2020-08-11 03:00:00,923.5,21.3,98,0.1,0.0,1.9,264.0,0.0,,,,,,,,,,2020-08-11T02:49:00,,,,0,,,,,,,,,,,,,,
2020-08-11 04:00:00,925.3,21.2,-9991,0.0,0.0,1.8,211.0,5.0,,,,,,,,,,2020-08-11T03:10:00,,,,0,,,,,,,,,,,,,,
2020-08-11 05:00:00,925.2,20.9,99,0.3,111.0,2.7,312.0,6.0,,,,,,,,,,2020-08-11T04:41:00,,,,0,,,,,,,,,,,,,,
2020-08-11 06:00:00,925.9,20.7,98,1.1,248.0,2.3,218.0,6.0,,,,,,,,,,2020-08-11T05:37:00,,,,0,,,,,,,,,,,,,,
2020-08-11 07:00:00,926.0,21.2,93,1.3,267.0,4.1,288.0,1.5,,,,,,,,,,2020-08-11T06:49:00,,,,0,,,,,,,,,,,,,,
2020-08-11 08:00:00,926.2,21.3,97,0.4,258.0,2.1,221.0,0.5,,,,,,,,,,2020-08-11T07:47:00,,,,0,,,,,,,,,,,,,,
2020-08-11 09:00:00,926.3,22.2,97,0.2,0.0,3.4,309.0,0.0,,,,,,,,,,2020-08-11T08:03:00,,,,0,,,,,,,,,,,,,,
2020-08-11 10:00:00,927.1,22.2,99,0.3,54.0,1.2,85.0,2.0,,,,,,,,,,2020-08-11T09:11:00,,,,0,,,,,,,,,,,,,,
2020-08-11 11:00:00,927.7,22.5,99,0.1,0.0,1.5,105.0,0.0,,,,,,,,,,2020-08-11T10:28:00,,,,0,,,,,,,,,,,,,,
2020-08-11 12:00:00,927.5,23.1,97,0.5,293.0,1.5,341.0,0.5,,,,,,,,,,2020-08-11T11:52:00,,,,0,,,,,,,,,,,,,,
2020-08-11 13:00:00,927.2,23.3,97,0.4,129.0,2.8,270.0,1.0,,,,,,,,,,2020-08-11T12:11:00,,,,0,,,,,,,,,,,,,,
2020-08-11 14:00:00,926.9,23.8,98,0.1,0.0,1.9,68.0,0.5,,,,,,,,,,2020-08-11T13:09:00,,,,0,,,,,,,,,,,,,,
2020-08-11 15:00:00,926.5,24.4,92,0.1,0.0,1.3,16.0,0.0,,,,,,,,,,2020-08-11T14:21:00,,,,0,,,,,,,,,,,,,,
2020-08-11 16:00:00,926.6,24.5,96,0.2,0.0,1.5,98.0,0.0,,,,,,,,,,2020-08-11T15:34:00,,,,0,,,,,,,,,,,,,,
2020-08-11 17:00:00,926.8,24.6,93,0.1,0.0,1.1,13.0,0.0,,,,,,,,,,2020-08-11T16:38:00,,,,0,,,,,,,,,,,,,,
2020-08-11 18:00:00,927.1,23.8,98,0.1,0.0,1.1,144.0,0.0,,,,,,,,,,2020-08-11T17:46:00,,,,0,,,,,,,,,,,,,,
2020-08-11 19:00:00,927.7,23.2,96,1.0,227.0,1.9,238.0,0.0,,,,,,,,,,2020-08-11T18:59:00,,,,0,,,,,,,,,,,,,,
2020-08-11 20:00:00,928.6,22.8,99,0.1,0.0,1.7,212.0,0.0,,,,,,,,,,2020-08-11T19:02:00,,,,0,,,,,,,,,,,,,,
2020-08-11 21:00:00,929.1,22.7,99,0.7,206.0,1.3,204.0,0.0,,,,,,,,,,2020-08-11T20:52:00,,,,0,,,,,,,,,,,,,,
2020-08-11 22:00:00,930.0,22.5,-9991,0.3,310.0,1.0,68.0,0.0,,,,,,,,,,2020-08-11T21:03:00,,,,0,,,,,,,,,,,,,,
2020-08-11 23:00:00,929.9,22.2,95,0.6,264.0,2.6,268.0,0.0,,,,,,,,,,2020-08-11T22:53:00,,,,0,,,,,,,,,,,,,,
2020-08-12 00:00:00,929.8,21.4,98,0.8,223.0,3.2,282.0,0.0,,,,,,,,,,2020-08-11T23:11:00,,,,0,,,,,,,,,,,,,,
2020-08-12 01:00:00,929.1,20.9,97,0.7,213.0,2.9,251.0,0.0,,,,,,,,,,2020-08-12T00:06:00,,,,0,,,,,,,,,,,,,,
2020-08-12 02:00:00,928.8,20.5,98,1.0,252.0,1.7,221.0,0.0,,,,,,,,,,2020-08-12T01:37:00,,,,0,,,,,,,,,,,,,,
2020-08-12 03:00:00,928.5,20.2,98,1.0,224.0,2.4,224.0,0.0,,,,,,,,,,2020-08-12T02:34:00,,,,0,,,,,,,,,,,,,,
2020-08-12 04:00:00,928.6,20.0,97,0.7,212.0,1.8,218.0,0.0,,,,,,,,,,2020-08-12T03:18:00,,,,0,,,,,,,,,,,,,,
2020-08-12 05:00:00,928.8,19.8,96,0.8,252.0,2.0,208.0,0.0,,,,,,,,,,2020-08-12T04:03:00,,,,0,,,,,,,,,,,,,,
2020-08-12 06:00:00,929.8,19.8,96,0.5,185.0,2.1,218.0,0.0,,,,,,,,,,2020-08-12T05:07:00,,,,0,,,,,,,,,,,,,,
2020-08-12 07:00:00,930.4,22.4,86,0.3,319.0,2.1,336.0,0.0,,,,,,,,,,2020-08-12T06:52:00,,,,0,,,,,,,,,,,,,,
2020-08-12 08:00:00,930.4,23.4,87,0.6,94.0,1.9,269.0,0.0,,,,,,,,,,2020-08-12T07:06:00,,,,0,,,,,,,,,,,,,,
2020-08-12 09:00:00,930.3,26.5,77,1.1,66.0,2.6,78.0,0.0,,,,,,,,,,2020-08-12T08:53:00,,,,0,,,,,,,,,,,,,,
2020-08-12 10:00:00,930.4,27.0,69,0.9,19.0,4.9,62.0,0.0,,,,,,,,,,2020-08-12T10:00:00,,,,0,,,,,,,,,,,,,,
2020-08-12 11:00:00,930.1,28.1,66,1.1,59.0,3.8,40.0,0.0,,,,,,,,,,2020-08-12T11:00:00,,,,0,,,,,,,,,,,,,,
2020-08-12 12:00:00,929.8,26.7,77,1.0,137.0,5.6,103.0,0.0,,,,,,,,,,2020-08-12T11:40:00,,,,0,,,,,,,,,,,,,,
2020-08-12 13:00:00,929.3,28.3,68,1.2,24.0,5.0,92.0,0.0,,,,,,,,,,2020-08-12T12:15:00,,,,0,,,,,,,,,,,,,,
2020-08-12 14:00:00,928.8,28.5,67,0.9,73.0,6.9,94.0,0.0,,,,,,,,,,2020-08-12T13:14:00,,,,0,,,,,,,,,,,,,,
2020-08-12 15:00:00,928.3,28.0,68,1.4,62.0,5.1,33.0,0.0,,,,,,,,,,2020-08-12T14:26:00,,,,0,,,,,,,,,,,,,,
2020-08-12 16:00:00,928.4,26.9,71,1.2,136.0,5.3,40.0,0.0,,,,,,,,,,2020-08-12T15:07:00,,,,0,,,,,,,,,,,,,,
2020-08-12 17:00:00,928.3,27.2,71,1.4,128.0,4.1,229.0,0.0,,,,,,,,,,2020-08-12T16:05:00,,,,0,,,,,,,,,,,,,,
2020-08-12 18:00:00,929.0,24.5,83,1.0,203.0,2.3,145.0,0.0,,,,,,,,,,2020-08-12T17:21:00,,,,0,,,,,,,,,,,,,,
2020-08-12 19:00:00,929.4,22.7,88,2.2,202.0,3.0,200.0,0.0,,,,,,,,,,2020-08-12T18:49:00,,,,0,,,,,,,,,,,,,,
2020-08-12 20:00:00,930.3,22.3,90,2.2,205.0,3.0,201.0,0.0,,,,,,,,,,2020-08-12T19:52:00,,,,0,,,,,,,,,,,,,,
2020-08-12 21:00:00,930.7,21.9,92,1.5,228.0,2.5,205.0,0.0,,,,,,,,,,2020-08-12T20:03:00,,,,0,,,,,,,,,,,,,,
2020-08-12 22:00:00,931.1,21.2,92,1.3,209.0,2.3,206.0,0.0,,,,,,,,,,2020-08-12T21:04:00,,,,0,,,,,,,,,,,,,,
2020-08-12 23:00:00,931.0,20.8,90,0.8,213.0,2.5,209.0,0.0,,,,,,,,,,2020-08-12T22:22:00,,,,0,,,,,,,,,,,,,,
2020-08-13 00:00:00,930.3,21.5,82,0.6,221.0,2.8,226.0,0.0,,,,,,,,,,2020-08-12T23:48:00,,,,0,,,,,,,,,,,,,,
2020-08-13 01:00:00,930.0,20.5,86,1.2,240.0,2.4,251.0,0.0,,,,,,,,,,2020-08-13T00:54:00,,,,0,,,,,,,,,,,,,,
2020-08-13 02:00:00,929.4,19.8,88,1.3,202.0,2.4,204.0,0.0,,,,,,,,,,2020-08-13T01:49:00,,,,0,,,,,,,,,,,,,,
2020-08-13 03:00:00,929.3,19.2,89,1.8,210.0,2.5,206.0,0.0,,,,,,,,,,2020-08-13T02:11:00,,,,0,,,,,,,,,,,,,,
2020-08-13 04:00:00,929.0,19.4,86,1.4,223.0,2.4,214.0,0.0,,,,,,,,,,2020-08-13T03:07:00,,,,0,,,,,,,,,,,,,,
2020-08-13 05:00:00,928.7,19.1,85,1.3,224.0,2.7,208.0,0.0,,,,,,,,,,2020-08-13T04:24:00,,,,0,,,,,,,,,,,,,,
2020-08-13 06:00:00,929.3,19.1,86,1.1,220.0,2.7,197.0,0.0,,,,,,,,,,2020-08-13T05:35:00,,,,0,,,,,,,,,,,,,,
2020-08-13 07:00:00,929.3,22.6,71,0.8,297.0,2.2,306.0,0.0,,,,,,,,,,2020-08-13T06:56:00,,,,0,,,,,,,,,,,,,,
2020-08-13 08:00:00,929.3,24.8,67,0.5,38.0,1.3,343.0,0.0,,,,,,,,,,2020-08-13T07:03:00,,,,0,,,,,,,,,,,,,,
2020-08-13 09:00:00,929.1,26.6,63,0.7,49.0,1.7,32.0,0.0,,,,,,,,,,2020-08-13T08:37:00,,,,0,,,,,,,,,,,,,,
2020-08-13 10:00:00,928.9,27.7,64,1.5,87.0,5.0,12.0,0.0,,,,,,,,,,2020-08-13T09:45:00,,,,0,,,,,,,,,,,,,,
2020-08-13 11:00:00,928.4,28.2,64,1.4,135.0,5.3,105.0,0.0,,,,,,,,,,2020-08-13T10:35:00,,,,0,,,,,,,,,,,,,,
2020-08-13 12:00:00,927.9,29.0,65,1.4,95.0,6.1,96.0,0.0,,,,,,,,,,2020-08-13T11:05:00,,,,0,,,,,,,,,,,,,,
2020-08-13 13:00:00,927.1,28.8,65,3.0,84.0,6.9,126.0,0.0,,,,,,,,,,2020-08-13T12:59:00,,,,0,,,,,,,,,,,,,,
2020-08-13 14:00:00,926.5,29.5,63,1.3,61.0,6.0,53.0,0.0,,,,,,,,,,2020-08-13T13:22:00,,,,0,,,,,,,,,,,,,,
2020-08-13 15:00:00,926.0,29.3,63,1.2,16.0,6.0,77.0,0.0,,,,,,,,,,2020-08-13T14:31:00,,,,0,,,,,,,,,,,,,,
2020-08-13 16:00:00,925.9,25.9,79,1.4,156.0,6.3,86.0,0.0,,,,,,,,,,2020-08-13T15:20:00,,,,0,,,,,,,,,,,,,,
2020-08-13 17:00:00,926.3,23.2,91,2.2,142.0,7.0,54.0,0.0,,,,,,,,,,2020-08-13T16:35:00,,,,0,,,,,,,,,,,,,,
2020-08-13 18:00:00,926.8,23.2,94,1.1,141.0,3.2,185.0,0.0,,,,,,,,,,2020-08-13T17:08:00,,,,0,,,,,,,,,,,,,,
2020-08-13 19:00:00,927.1,22.7,96,0.1,0.0,2.0,96.0,0.0,,,,,,,,,,2020-08-13T18:08:00,,,,0,,,,,,,,,,,,,,
2020-08-13 20:00:00,927.5,22.6,98,0.4,100.0,1.1,85.0,0.0,,,,,,,,,,2020-08-13T19:51:00,,,,0,,,,,,,,,,,,,,
2020-08-13 21:00:00,928.0,22.4,99,0.2,0.0,1.7,192.0,0.0,,,,,,,,,,2020-08-13T21:00:00,,,,0,,,,,,,,,,,,,,
2020-08-13 22:00:00,928.2,21.6,95,1.4,217.0,2.3,212.0,0.0,,,,,,,,,,2020-08-13T21:57:00,,,,0,,,,,,,,,,,,,,
2020-08-13 23:00:00,928.1,20.9,95,1.1,225.0,2.2,215.0,0.0,,,,,,,,,,2020-08-13T22:40:00,,,,0,,,,,,,,,,,,,,
2020-08-14 00:00:00,928.1,20.3,96,1.2,206.0,2.2,207.0,0.0,,,,,,,,,,2020-08-14T00:00:00,,,,0,,,,,,,,,,,,,,
2020-08-14 01:00:00,927.3,19.9,95,1.0,227.0,2.3,203.0,0.0,,,,,,,,,,2020-08-14T00:50:00,,,,0,,,,,,,,,,,,,,
2020-08-14 02:00:00,926.9,19.4,95,1.0,241.0,2.6,196.0,0.0,,,,,,,,,,2020-08-14T01:22:00,,,,0,,,,,,,,,,,,,,
2020-08-14 03:00:00,926.4,20.0,92,0.7,236.0,2.6,220.0,0.0,,,,,,,,,,2020-08-14T02:44:00,,,,0,,,,,,,,,,,,,,
2020-08-14 04:00:00,925.7,19.4,91,0.6,240.0,2.6,229.0,0.0,,,,,,,,,,2020-08-14T03:30:00,,,,0,,,,,,,,,,,,,,
2020-08-14 05:00:00,925.7,19.7,89,0.9,229.0,4.2,275.0,0.0,,,,,,,,,,2020-08-14T04:03:00,,,,0,,,,,,,,,,,,,,
2020-08-14 06:00:00,926.4,19.4,88,1.0,231.0,2.1,213.0,0.0,,,,,,,,,,2020-08-14T05:08:00,,,,0,,,,,,,,,,,,,,
2020-08-14 07:00:00,926.5,22.0,81,0.5,25.0,4.9,301.0,0.0,,,,,,,,,,2020-08-14T06:17:00,,,,0,,,,,,,,,,,,,,
2020-08-14 08:00:00,926.8,24.3,70,0.5,325.0,1.7,27.0,0.0,,,,,,,,,,2020-08-14T08:00:00,,,,0,,,,,,,,,,,,,,
2020-08-14 09:00:00,927.2,26.1,64,0.6,10.0,1.6,25.0,0.0,,,,,,,,,,2020-08-14T08:54:00,,,,0,,,,,,,,,,,,,,
2020-08-14 10:00:00,926.6,27.4,64,1.3,65.0,3.4,75.0,0.0,,,,,,,,,,2020-08-14T09:53:00,,,,0,,,,,,,,,,,,,,
2020-08-14 11:00:00,926.2,28.1,64,1.0,7.0,6.0,62.0,0.0,,,,,,,,,,2020-08-14T10:33:00,,,,0,,,,,,,,,,,,,,
2020-08-14 12:00:00,925.9,27.2,67,2.1,65.0,5.7,320.0,0.0,,,,,,,,,,2020-08-14T11:54:00,,,,0,,,,,,,,,,,,,,
2020-08-14 13:00:00,925.2,28.5,64,1.5,29.0,6.2,72.0,0.0,,,,,,,,,,2020-08-14T12:01:00,,,,0,,,,,,,,,,,,,,
2020-08-14 14:00:00,923.8,29.4,61,1.1,90.0,3.7,21.0,0.0,,,,,,,,,,2020-08-14T13:23:00,,,,0,,,,,,,,,,,,,,
2020-08-14 15:00:00,923.1,28.5,65,1.8,74.0,5.2,79.0,0.0,,,,,,,,,,2020-08-14T14:51:00,,,,0,,,,,,,,,,,,,,
2020-08-14 16:00:00,923.2,27.3,70,0.9,77.0,7.8,82.0,0.0,,,,,,,,,,2020-08-14T15:08:00,,,,0,,,,,,,,,,,,,,
2020-08-14 17:00:00,924.0,23.6,92,1.0,154.0,5.9,98.0,0.5,,,,,,,,,,2020-08-14T16:26:00,,,,0,,,,,,,,,,,,,,
2020-08-14 18:00:00,924.4,23.2,94,1.2,122.0,4.6,112.0,0.5,,,,,,,,,,2020-08-14T18:00:00,,,,0,,,,,,,,,,,,,,
2020-08-14 19:00:00,925.0,22.3,96,0.9,141.0,3.2,44.0,0.0,,,,,,,,,,2020-08-14T18:01:00,,,,0,,,,,,,,,,,,,,
2020-08-14 20:00:00,925.6,22.3,95,0.7,164.0,2.2,134.0,0.0,,,,,,,,,,2020-08-14T19:32:00,,,,0,,,,,,,,,,,,,,
2020-08-14 21:00:00,926.4,22.4,93,1.4,148.0,2.5,153.0,0.0,,,,,,,,,,2020-08-14T20:54:00,,,,0,,,,,,,,,,,,,,
2020-08-14 22:00:00,926.7,21.8,98,0.5,249.0,2.2,178.0,0.0,,,,,,,,,,2020-08-14T21:15:00,,,,0,,,,,,,,,,,,,,
2020-08-14 23:00:00,927.0,21.6,99,0.6,243.0,1.3,195.0,0.0,,,,,,,,,,2020-08-14T22:09:00,,,,0,,,,,,,,,,,,,,
2020-08-15 00:00:00,926.7,21.6,98,0.2,0.0,1.2,212.0,0.0,,,,,,,,,,2020-08-14T23:42:00,,,,0,,,,,,,,,,,,,,
2020-08-15 01:00:00,926.0,21.3,98,0.2,0.0,1.5,303.0,0.0,,,,,,,,,,2020-08-15T00:46:00,,,,0,,,,,,,,,,,,,,
2020-08-15 02:00:00,925.0,21.3,92,1.8,279.0,4.4,315.0,1.0,,,,,,,,,,2020-08-15T01:31:00,,,,0,,,,,,,,,,,,,,
2020-08-15 03:00:00,924.6,20.5,97,0.5,236.0,4.3,300.0,0.0,,,,,,,,,,2020-08-15T02:04:00,,,,0,,,,,,,,,,,,,,
2020-08-15 04:00:00,924.6,20.6,94,1.3,234.0,2.4,237.0,0.0,,,,,,,,,,2020-08-15T03:59:00,,,,0,,,,,,,,,,,,,,
2020-08-15 05:00:00,925.0,20.5,92,0.8,239.0,4.5,297.0,0.0,,,,,,,,,,2020-08-15T04:05:00,,,,0,,,,,,,,,,,,,,
2020-08-15 06:00:00,925.3,20.8,94,0.3,100.0,2.6,268.0,0.0,,,,,,,,,,2020-08-15T05:13:00,,,,0,,,,,,,,,,,,,,
2020-08-15 07:00:00,925.8,21.2,89,0.3,277.0,3.3,288.0,0.0,,,,,,,,,,2020-08-15T06:45:00,,,,0,,,,,,,,,,,,,,
2020-08-15 08:00:00,926.2,22.1,87,0.4,15.0,1.9,332.0,0.0,,,,,,,,,,2020-08-15T07:48:00,,,,0,,,,,,,,,,,,,,
2020-08-15 09:00:00,926.1,23.3,83,0.5,72.0,1.8,240.0,0.0,,,,,,,,,,2020-08-15T08:11:00,,,,0,,,,,,,,,,,,,,
2020-08-15 10:00:00,926.0,24.2,78,1.1,59.0,2.5,87.0,0.0,,,,,,,,,,2020-08-15T09:49:00,,,,0,,,,,,,,,,,,,,
2020-08-15 11:00:00,925.7,24.5,76,0.9,89.0,3.1,91.0,0.0,,,,,,,,,,2020-08-15T10:21:00,,,,0,,,,,,,,,,,,,,
2020-08-15 12:00:00,925.5,25.1,72,0.4,68.0,2.0,177.0,0.0,,,,,,,,,,2020-08-15T11:48:00,,,,0,,,,,,,,,,,,,,
2020-08-15 13:00:00,924.4,26.2,67,0.6,10.0,1.9,327.0,0.0,,,,,,,,,,2020-08-15T12:35:00,,,,0,,,,,,,,,,,,,,
2020-08-15 14:00:00,924.1,26.9,71,2.2,110.0,5.9,60.0,0.0,,,,,,,,,,2020-08-15T13:40:00,,,,0,,,,,,,,,,,,,,
2020-08-15 15:00:00,924.4,25.8,75,0.8,110.0,5.7,80.0,0.0,,,,,,,,,,2020-08-15T14:19:00,,,,0,,,,,,,,,,,,,,
2020-08-15 16:00:00,924.5,24.9,80,1.2,111.0,4.4,81.0,0.0,,,,,,,,,,2020-08-15T15:08:00,,,,0,,,,,,,,,,,,,,
2020-08-15 17:00:00,924.7,24.1,87,0.3,254.0,3.6,66.0,0.0,,,,,,,,,,2020-08-15T16:23:00,,,,0,,,,,,,,,,,,,,
2020-08-15 18:00:00,925.3,23.2,89,0.4,154.0,2.7,200.0,0.0,,,,,,,,,,2020-08-15T17:24:00,,,,0,,,,,,,,,,,,,,
2020-08-15 19:00:00,925.5,22.8,89,0.9,248.0,2.3,289.0,0.0,,,,,,,,,,2020-08-15T18:52:00,,,,0,,,,,,,,,,,,,,
2020-08-15 20:00:00,925.6,22.7,85,1.4,263.0,3.2,246.0,0.0,,,,,,,,,,2020-08-15T19:53:00,,,,0,,,,,,,,,,,,,,
2020-08-15 21:00:00,926.3,21.4,91,0.9,227.0,2.0,318.0,0.0,,,,,,,,,,2020-08-15T20:05:00,,,,0,,,,,,,,,,,,,,
2020-08-15 22:00:00,926.7,21.3,87,0.8,213.0,4.0,288.0,0.0,,,,,,,,,,2020-08-15T21:25:00,,,,0,,,,,,,,,,,,,,
2020-08-15 23:00:00,927.3,20.5,88,1.6,215.0,2.5,204.0,0.0,,,,,,,,,,2020-08-15T23:00:00,,,,0,,,,,,,,,,,,,,
2020-08-16 00:00:00,927.1,21.2,85,0.6,221.0,2.4,208.0,0.0,,,,,,,,,,2020-08-15T23:03:00,,,,0,,,,,,,,,,,,,,
2020-08-16 01:00:00,926.7,20.3,88,0.9,218.0,2.1,207.0,0.0,,,,,,,,,,2020-08-16T00:33:00,,,,0,,,,,,,,,,,,,,
2020-08-16 02:00:00,926.4,20.4,87,1.2,222.0,2.1,203.0,0.0,,,,,,,,,,2020-08-16T01:13:00,,,,0,,,,,,,,,,,,,,
2020-08-16 03:00:00,925.9,20.0,89,0.8,221.0,2.0,234.0,0.0,,,,,,,,,,2020-08-16T02:13:00,,,,0,,,,,,,,,,,,,,
2020-08-16 04:00:00,925.9,19.5,89,1.6,200.0,2.7,299.0,0.0,,,,,,,,,,2020-08-16T03:23:00,,,,0,,,,,,,,,,,,,,
2020-08-16 05:00:00,926.0,20.0,86,0.8,225.0,2.3,227.0,0.0,,,,,,,,,,2020-08-16T04:40:00,,,,0,,,,,,,,,,,,,,
2020-08-16 06:00:00,926.2,20.5,81,0.7,224.0,2.0,227.0,0.0,,,,,,,,,,2020-08-16T05:08:00,,,,0,,,,,,,,,,,,,,
2020-08-16 07:00:00,926.3,21.2,82,0.0,0.0,3.4,215.0,0.0,,,,,,,,,,2020-08-16T06:06:00,,,,0,,,,,,,,,,,,,,
2020-08-16 08:00:00,926.4,23.2,82,0.4,53.0,1.3,329.0,0.0,,,,,,,,,,2020-08-16T07:37:00,,,,0,,,,,,,,,,,,,,
2020-08-16 09:00:00,926.2,26.6,65,0.6,73.0,1.7,35.0,0.0,,,,,,,,,,2020-08-16T08:29:00,,,,0,,,,,,,,,,,,,,
2020-08-16 10:00:00,926.1,27.6,63,1.6,96.0,4.3,40.0,0.0,,,,,,,,,,2020-08-16T09:57:00,,,,0,,,,,,,,,,,,,,
2020-08-16 11:00:00,926.0,27.3,62,1.8,87.0,5.4,74.0,0.0,,,,,,,,,,2020-08-16T10:16:00,,,,0,,,,,,,,,,,,,,
2020-08-16 12:00:00,925.2,28.7,64,1.4,18.0,6.0,91.0,0.0,,,,,,,,,,2020-08-16T11:10:00,,,,0,,,,,,,,,,,,,,
2020-08-16 13:00:00,924.8,29.5,62,1.5,35.0,7.0,79.0,0.0,,,,,,,,,,2020-08-16T12:36:00,,,,0,,,,,,,,,,,,,,
2020-08-16 14:00:00,924.3,29.6,61,0.9,73.0,5.1,118.0,0.0,,,,,,,,,,2020-08-16T13:31:00,,,,0,,,,,,,,,,,,,,
2020-08-16 15:00:00,923.6,28.5,66,1.5,72.0,6.0,14.0,0.0,,,,,,,,,,2020-08-16T14:43:00,,,,0,,,,,,,,,,,,,,
2020-08-16 16:00:00,924.0,24.5,87,2.1,144.0,5.6,109.0,0.5,,,,,,,,,,2020-08-16T15:36:00,,,,0,,,,,,,,,,,,,,
2020-08-16 17:00:00,924.2,23.5,92,0.2,0.0,4.4,198.0,0.5,,,,,,,,,,2020-08-16T16:04:00,,,,0,,,,,,,,,,,,,,
2020-08-16 18:00:00,924.6,22.8,95,0.4,179.0,1.9,222.0,0.0,,,,,,,,,,2020-08-16T17:15:00,,,,0,,,,,,,,,,,,,,
2020-08-16 19:00:00,925.5,22.6,96,0.8,166.0,1.6,168.0,0.0,,,,,,,,,,2020-08-16T18:05:00,,,,0,,,,,,,,,,,,,,
2020-08-16 20:00:00,925.9,22.6,97,0.6,177.0,1.3,140.0,0.0,,,,,,,,,,2020-08-16T19:25:00,,,,0,,,,,,,,,,,,,,
2020-08-16 21:00:00,926.6,22.3,96,0.5,210.0,1.6,199.0,0.0,,,,,,,,,,2020-08-16T20:32:00,,,,0,,,,,,,,,,,,,,
2020-08-16 22:00:00,926.9,21.6,95,1.2,217.0,2.5,210.0,0.0,,,,,,,,,,2020-08-16T21:25:00,,,,0,,,,,,,,,,,,,,
2020-08-16 23:00:00,926.7,21.2,96,1.3,230.0,2.6,222.0,0.0,,,,,,,,,,2020-08-16T23:00:00,,,,0,,,,,,,,,,,,,,
2020-08-17 00:00:00,925.3,21.2,95,0.4,136.0,3.8,298.0,0.0,,,,,,,,,,2020-08-16T23:21:00,,,,0,,,,,,,,,,,,,,
2020-08-17 01:00:00,925.9,20.2,96,1.8,209.0,2.3,200.0,0.0,,,,,,,,,,2020-08-17T00:49:00,,,,0,,,,,,,,,,,,,,
2020-08-17 02:00:00,925.0,20.8,87,1.1,280.0,3.3,287.0,0.0,,,,,,,,,,2020-08-17T01:54:00,,,,0,,,,,,,,,,,,,,
2020-08-17 03:00:00,924.9,19.6,92,1.0,165.0,2.6,291.0,0.0,,,,,,,,,,2020-08-17T02:04:00,,,,0,,,,,,,,,,,,,,
2020-08-17 04:00:00,925.3,21.2,81,1.2,278.0,3.9,115.0,0.0,,,,,,,,,,2020-08-17T03:07:00,,,,0,,,,,,,,,,,,,,
2020-08-17 05:00:00,924.8,20.1,87,0.5,169.0,5.3,290.0,0.0,,,,,,,,,,2020-08-17T04:37:00,,,,0,,,,,,,,,,,,,,
2020-08-17 06:00:00,925.2,20.1,88,1.3,219.0,2.3,228.0,0.0,,,,,,,,,,2020-08-17T05:54:00,,,,0,,,,,,,,,,,,,,
2020-08-17 07:00:00,925.1,21.0,85,0.5,212.0,2.3,227.0,0.0,,,,,,,,,,2020-08-17T06:39:00,,,,0,,,,,,,,,,,,,,
2020-08-17 08:00:00,925.0,22.8,79,0.6,343.0,2.1,110.0,0.0,,,,,,,,,,2020-08-17T07:07:00,,,,0,,,,,,,,,,,,,,
2020-08-17 09:00:00,926.4,23.8,76,1.2,123.0,2.6,88.0,0.0,,,,,,,,,,2020-08-17T08:31:00,,,,0,,,,,,,,,,,,,,
2020-08-17 10:00:00,927.3,23.3,83,1.4,142.0,3.6,160.0,0.0,,,,,,,,,,2020-08-17T09:03:00,,,,0,,,,,,,,,,,,,,
2020-08-17 11:00:00,927.5,20.9,98,0.7,266.0,3.9,134.0,4.5,,,,,,,,,,2020-08-17T10:08:00,,,,0,,,,,,,,,,,,,,
2020-08-17 12:00:00,926.2,21.2,98,0.1,0.0,4.3,297.0,2.5,,,,,,,,,,2020-08-17T11:08:00,,,,0,,,,,,,,,,,,,,
2020-08-17 13:00:00,925.6,22.3,94,0.1,0.0,1.4,29.0,0.0,,,,,,,,,,2020-08-17T12:40:00,,,,0,,,,,,,,,,,,,,
2020-08-17 14:00:00,925.4,23.5,94,0.0,0.0,1.0,28.0,0.0,,,,,,,,,,2020-08-17T13:22:00,,,,0,,,,,,,,,,,,,,
2020-08-17 15:00:00,925.2,23.4,89,0.4,77.0,1.9,76.0,0.0,,,,,,,,,,2020-08-17T14:59:00,,,,0,,,,,,,,,,,,,,
2020-08-17 16:00:00,925.5,23.3,89,1.0,143.0,2.7,141.0,0.0,,,,,,,,,,2020-08-17T15:57:00,,,,0,,,,,,,,,,,,,,
2020-08-17 17:00:00,924.3,23.2,87,0.5,280.0,2.6,186.0,0.5,,,,,,,,,,2020-08-17T16:07:00,,,,0,,,,,,,,,,,,,,
2020-08-17 18:00:00,925.2,22.8,96,0.3,226.0,2.8,331.0,0.0,,,,,,,,,,2020-08-17T17:02:00,,,,0,,,,,,,,,,,,,,
2020-08-17 19:00:00,925.5,21.5,96,1.0,227.0,1.9,228.0,0.0,,,,,,,,,,2020-08-17T18:47:00,,,,0,,,,,,,,,,,,,,
2020-08-17 20:00:00,925.9,20.9,97,0.7,231.0,2.0,237.0,0.0,,,,,,,,,,2020-08-17T19:09:00,,,,0,,,,,,,,,,,,,,
2020-08-17 21:00:00,926.6,20.8,97,1.1,227.0,1.9,246.0,0.0,,,,,,,,,,2020-08-17T20:07:00,,,,0,,,,,,,,,,,,,,
2020-08-17 22:00:00,926.7,20.8,93,0.6,230.0,2.1,205.0,0.0,,,,,,,,,,2020-08-17T21:15:00,,,,0,,,,,,,,,,,,,,
2020-08-17 23:00:00,927.1,20.7,94,0.1,0.0,3.0,185.0,0.0,,,,,,,,,,2020-08-17T22:12:00,,,,0,,,,,,,,,,,,,,
2020-08-18 00:00:00,926.4,20.7,93,0.3,280.0,2.5,266.0,0.0,,,,,,,,,,2020-08-17T23:16:00,,,,0,,,,,,,,,,,,,,
2020-08-18 01:00:00,926.0,20.1,93,0.6,245.0,2.1,301.0,0.0,,,,,,,,,,2020-08-18T00:14:00,,,,0,,,,,,,,,,,,,,
2020-08-18 02:00:00,925.7,20.4,92,0.1,0.0,2.5,221.0,0.0,,,,,,,,,,2020-08-18T01:46:00,,,,0,,,,,,,,,,,,,,
2020-08-18 03:00:00,925.6,20.5,90,0.1,0.0,3.2,316.0,0.0,,,,,,,,,,2020-08-18T02:10:00,,,,0,,,,,,,,,,,,,,
2020-08-18 04:00:00,925.1,20.5,88,0.7,165.0,3.4,265.0,0.0,,,,,,,,,,2020-08-18T03:46:00,,,,0,,,,,,,,,,,,,,
2020-08-18 05:00:00,926.0,20.1,92,0.7,234.0,1.9,200.0,0.0,,,,,,,,,,2020-08-18T04:27:00,,,,0,,,,,,,,,,,,,,
2020-08-18 06:00:00,925.5,21.0,82,1.7,284.0,4.5,288.0,0.0,,,,,,,,,,2020-08-18T05:58:00,,,,0,,,,,,,,,,,,,,
2020-08-18 07:00:00,925.8,20.9,85,0.5,219.0,4.6,328.0,0.0,,,,,,,,,,2020-08-18T06:13:00,,,,0,,,,,,,,,,,,,,
2020-08-18 08:00:00,926.6,22.2,83,0.7,311.0,1.7,134.0,0.0,,,,,,,,,,2020-08-18T07:14:00,,,,0,,,,,,,,,,,,,,
2020-08-18 09:00:00,926.2,25.0,77,0.4,359.0,1.7,12.0,0.0,,,,,,,,,,2020-08-18T09:00:00,,,,0,,,,,,,,,,,,,,
2020-08-18 10:00:00,925.8,27.8,62,0.8,47.0,2.5,33.0,0.0,,,,,,,,,,2020-08-18T09:59:00,,,,0,,,,,,,,,,,,,,
2020-08-18 11:00:00,925.4,28.3,63,1.6,87.0,4.8,71.0,0.0,,,,,,,,,,2020-08-18T10:58:00,,,,0,,,,,,,,,,,,,,
2020-08-18 12:00:00,925.1,28.2,68,1.3,80.0,5.8,79.0,0.0,,,,,,,,,,2020-08-18T11:57:00,,,,0,,,,,,,,,,,,,,
2020-08-18 13:00:00,924.6,29.0,60,0.8,39.0,6.1,77.0,0.0,,,,,,,,,,2020-08-18T12:01:00,,,,0,,,,,,,,,,,,,,
2020-08-18 14:00:00,924.4,29.8,65,0.9,22.0,4.1,48.0,0.0,,,,,,,,,,2020-08-18T13:36:00,,,,0,,,,,,,,,,,,,,
2020-08-18 15:00:00,924.3,27.7,68,0.6,137.0,5.2,31.0,0.0,,,,,,,,,,2020-08-18T14:03:00,,,,0,,,,,,,,,,,,,,
2020-08-18 16:00:00,924.3,26.2,74,0.6,173.0,4.3,160.0,0.0,,,,,,,,,,2020-08-18T15:20:00,,,,0,,,,,,,,,,,,,,
2020-08-18 17:00:00,924.8,25.1,80,0.9,157.0,2.9,160.0,0.0,,,,,,,,,,2020-08-18T16:27:00,,,,0,,,,,,,,,,,,,,
2020-08-18 18:00:00,924.8,24.5,84,0.8,239.0,2.2,132.0,0.0,,,,,,,,,,2020-08-18T17:09:00,,,,0,,,,,,,,,,,,,,
2020-08-18 19:00:00,925.2,23.4,89,0.9,242.0,2.0,249.0,0.0,,,,,,,,,,2020-08-18T18:04:00,,,,0,,,,,,,,,,,,,,
2020-08-18 20:00:00,925.7,22.9,90,1.1,204.0,2.6,239.0,0.0,,,,,,,,,,2020-08-18T19:11:00,,,,0,,,,,,,,,,,,,,
2020-08-18 21:00:00,926.4,22.2,93,0.7,221.0,1.6,209.0,0.0,,,,,,,,,,2020-08-18T20:22:00,,,,0,,,,,,,,,,,,,,
2020-08-18 22:00:00,926.5,21.8,92,0.9,221.0,2.0,228.0,0.0,,,,,,,,,,2020-08-18T21:36:00,,,,0,,,,,,,,,,,,,,
2020-08-18 23:00:00,926.5,21.2,93,0.8,223.0,1.8,210.0,0.0,,,,,,,,,,2020-08-18T22:43:00,,,,0,,,,,,,,,,,,,,
2020-08-19 00:00:00,926.3,20.7,94,1.3,202.0,2.3,195.0,0.0,,,,,,,,,,2020-08-18T23:51:00,,,,0,,,,,,,,,,,,,,
2020-08-19 01:00:00,925.7,20.4,93,1.1,220.0,2.2,213.0,0.0,,,,,,,,,,2020-08-19T00:18:00,,,,0,,,,,,,,,,,,,,
2020-08-19 02:00:00,925.3,20.1,94,0.8,218.0,2.4,208.0,0.0,,,,,,,,,,2020-08-19T01:13:00,,,,0,,,,,,,,,,,,,,
2020-08-19 03:00:00,925.0,19.8,93,1.0,221.0,1.9,210.0,0.0,,,,,,,,,,2020-08-19T02:25:00,,,,0,,,,,,,,,,,,,,
2020-08-19 04:00:00,924.9,19.6,93,1.1,215.0,2.3,200.0,0.0,,,,,,,,,,2020-08-19T03:11:00,,,,0,,,,,,,,,,,,,,
2020-08-19 05:00:00,924.9,19.5,93,1.2,223.0,2.4,204.0,0.0,,,,,,,,,,2020-08-19T04:10:00,,,,0,,,,,,,,,,,,,,
2020-08-19 06:00:00,925.3,19.5,93,0.4,247.0,2.9,206.0,0.0,,,,,,,,,,2020-08-19T05:13:00,,,,0,,,,,,,,,,,,,,
2020-08-19 07:00:00,925.5,23.2,76,0.6,21.0,2.1,266.0,0.0,,,,,,,,,,2020-08-19T06:44:00,,,,0,,,,,,,,,,,,,,
2020-08-19 08:00:00,925.6,25.2,71,0.3,14.0,1.3,13.0,0.0,,,,,,,,,,2020-08-19T07:24:00,,,,0,,,,,,,,,,,,,,
2020-08-19 09:00:00,925.4,27.1,65,0.5,20.0,1.6,25.0,0.0,,,,,,,,,,2020-08-19T08:22:00,,,,0,,,,,,,,,,,,,,
2020-08-19 10:00:00,925.2,27.6,64,2.2,97.0,5.0,100.0,0.0,,,,,,,,,,2020-08-19T09:51:00,,,,0,,,,,,,,,,,,,,
2020-08-19 11:00:00,925.0,28.3,68,1.4,89.0,5.8,91.0,0.0,,,,,,,,,,2020-08-19T10:30:00,,,,0,,,,,,,,,,,,,,
2020-08-19 12:00:00,924.7,28.4,66,2.2,83.0,6.5,100.0,0.0,,,,,,,,,,2020-08-19T11:48:00,,,,0,,,,,,,,,,,,,,
2020-08-19 13:00:00,924.1,28.9,66,1.6,65.0,5.3,92.0,0.0,,,,,,,,,,2020-08-19T12:02:00,,,,0,,,,,,,,,,,,,,
2020-08-19 14:00:00,923.6,29.3,66,1.2,38.0,7.1,44.0,0.0,,,,,,,,,,2020-08-19T13:46:00,,,,0,,,,,,,,,,,,,,
2020-08-19 15:00:00,923.1,28.3,71,1.5,39.0,6.7,20.0,0.0,,,,,,,,,,2020-08-19T14:04:00,,,,0,,,,,,,,,,,,,,
2020-08-19 16:00:00,923.2,26.9,75,1.6,47.0,8.3,101.0,0.0,,,,,,,,,,2020-08-19T15:22:00,,,,0,,,,,,,,,,,,,,
2020-08-19 17:00:00,923.4,25.6,78,0.9,277.0,6.0,102.0,0.0,,,,,,,,,,2020-08-19T16:31:00,,,,0,,,,,,,,,,,,,,
2020-08-19 18:00:00,923.9,24.6,82,0.6,79.0,5.9,35.0,0.0,,,,,,,,,,2020-08-19T17:16:00,,,,0,,,,,,,,,,,,,,
2020-08-19 19:00:00,924.4,23.2,87,1.0,185.0,2.5,136.0,0.0,,,,,,,,,,2020-08-19T18:30:00,,,,0,,,,,,,,,,,,,,
2020-08-19 20:00:00,925.0,23.3,88,1.0,158.0,2.3,172.0,0.0,,,,,,,,,,2020-08-19T19:54:00,,,,0,,,,,,,,,,,,,,
2020-08-19 21:00:00,925.7,23.0,91,1.0,156.0,2.0,183.0,0.0,,,,,,,,,,2020-08-19T20:44:00,,,,0,,,,,,,,,,,,,,
2020-08-19 22:00:00,926.2,22.5,93,0.8,136.0,1.9,167.0,0.0,,,,,,,,,,2020-08-19T21:27:00,,,,0,,,,,,,,,,,,,,
2020-08-19 23:00:00,926.1,22.2,95,0.5,230.0,1.2,165.0,0.0,,,,,,,,,,2020-08-19T22:31:00,,,,0,,,,,,,,,,,,,,
2020-08-20 00:00:00,926.1,21.7,96,0.8,179.0,1.6,211.0,0.0,,,,,,,,,,2020-08-19T23:13:00,,,,0,,,,,,,,,,,,,,
2020-08-20 01:00:00,925.8,21.5,92,1.0,228.0,2.4,205.0,0.0,,,,,,,,,,2020-08-20T00:22:00,,,,0,,,,,,,,,,,,,,
2020-08-20 02:00:00,925.6,21.5,85,1.2,225.0,2.5,235.0,0.0,,,,,,,,,,2020-08-20T01:51:00,,,,0,,,,,,,,,,,,,,
2020-08-20 03:00:00,925.6,20.8,86,0.9,245.0,2.4,220.0,0.0,,,,,,,,,,2020-08-20T02:38:00,,,,0,,,,,,,,,,,,,,
2020-08-20 04:00:00,925.3,20.8,82,0.5,247.0,2.7,304.0,0.0,,,,,,,,,,2020-08-20T03:45:00,,,,0,,,,,,,,,,,,,,
2020-08-20 05:00:00,925.4,19.8,83,1.2,225.0,2.8,223.0,0.0,,,,,,,,,,2020-08-20T04:08:00,,,,0,,,,,,,,,,,,,,
2020-08-20 06:00:00,925.8,19.1,85,1.5,216.0,2.9,208.0,0.0,,,,,,,,,,2020-08-20T05:23:00,,,,0,,,,,,,,,,,,,,
2020-08-20 07:00:00,926.3,22.9,72,0.5,338.0,1.9,217.0,0.0,,,,,,,,,,2020-08-20T06:06:00,,,,0,,,,,,,,,,,,,,
2020-08-20 08:00:00,926.0,24.2,69,0.8,72.0,2.1,340.0,0.0,,,,,,,,,,2020-08-20T07:30:00,,,,0,,,,,,,,,,,,,,
2020-08-20 09:00:00,926.2,26.3,58,1.0,60.0,2.8,27.0,0.0,,,,,,,,,,2020-08-20T08:45:00,,,,0,,,,,,,,,,,,,,
2020-08-20 10:00:00,925.6,27.6,58,0.9,87.0,3.9,80.0,0.0,,,,,,,,,,2020-08-20T09:23:00,,,,0,,,,,,,,,,,,,,
2020-08-20 11:00:00,925.5,28.3,63,1.1,57.0,4.8,93.0,0.0,,,,,,,,,,2020-08-20T10:18:00,,,,0,,,,,,,,,,,,,,
2020-08-20 12:00:00,925.3,28.2,57,1.6,51.0,6.1,96.0,0.0,,,,,,,,,,2020-08-20T11:17:00,,,,0,,,,,,,,,,,,,,
2020-08-20 13:00:00,924.9,28.6,59,2.1,24.0,5.5,4.0,0.0,,,,,,,,,,2020-08-20T12:53:00,,,,0,,,,,,,,,,,,,,
2020-08-20 14:00:00,924.5,28.4,61,1.2,55.0,6.7,8.0,0.0,,,,,,,,,,2020-08-20T13:19:00,,,,0,,,,,,,,,,,,,,
2020-08-20 15:00:00,923.4,28.8,56,1.0,87.0,7.1,16.0,0.0,,,,,,,,,,2020-08-20T14:30:00,,,,0,,,,,,,,,,,,,,
2020-08-20 16:00:00,923.5,28.9,53,1.0,68.0,4.9,78.0,0.0,,,,,,,,,,2020-08-20T15:17:00,,,,0,,,,,,,,,,,,,,
2020-08-20 17:00:00,923.8,27.1,62,1.4,106.0,5.2,60.0,0.0,,,,,,,,,,2020-08-20T16:02:00,,,,0,,,,,,,,,,,,,,
2020-08-20 18:00:00,924.3,25.5,68,0.8,177.0,4.0,139.0,0.0,,,,,,,,,,2020-08-20T17:01:00,,,,0,,,,,,,,,,,,,,
2020-08-20 19:00:00,925.2,23.7,77,1.5,177.0,2.5,162.0,0.0,,,,,,,,,,2020-08-20T18:08:00,,,,0,,,,,,,,,,,,,,
2020-08-20 20:00:00,925.8,22.6,83,1.8,194.0,2.4,209.0,0.0,,,,,,,,,,2020-08-20T19:23:00,,,,0,,,,,,,,,,,,,,
2020-08-20 21:00:00,926.4,22.3,86,1.4,219.0,2.7,203.0,0.0,,,,,,,,,,2020-08-20T20:04:00,,,,0,,,,,,,,,,,,,,
2020-08-20 22:00:00,926.7,21.8,88,1.0,200.0,2.1,205.0,0.0,,,,,,,,,,2020-08-20T21:26:00,,,,0,,,,,,,,,,,,,,
2020-08-20 23:00:00,926.8,21.4,89,1.4,225.0,2.3,211.0,0.0,,,,,,,,,,2020-08-20T22:51:00,,,,0,,,,,,,,,,,,,,
2020-08-21 00:00:00,925.5,22.4,76,1.4,269.0,3.9,307.0,0.0,,,,,,,,,,2020-08-21T00:00:00,,,,0,,,,,,,,,,,,,,
2020-08-21 01:00:00,924.6,22.7,74,1.1,297.0,4.6,316.0,0.0,,,,,,,,,,2020-08-21T00:01:00,,,,0,,,,,,,,,,,,,,
2020-08-21 02:00:00,925.1,22.2,77,1.8,164.0,3.8,125.0,0.0,,,,,,,,,,2020-08-21T01:49:00,,,,0,,,,,,,,,,,,,,
2020-08-21 03:00:00,925.4,21.6,81,1.1,230.0,2.4,128.0,0.0,,,,,,,,,,2020-08-21T02:03:00,,,,0,,,,,,,,,,,,,,
2020-08-21 04:00:00,924.8,22.2,74,0.7,294.0,3.4,305.0,0.0,,,,,,,,,,2020-08-21T03:51:00,,,,0,,,,,,,,,,,,,,
2020-08-21 05:00:00,925.2,20.6,83,1.2,214.0,2.7,268.0,0.0,,,,,,,,,,2020-08-21T04:06:00,,,,0,,,,,,,,,,,,,,
2020-08-21 06:00:00,925.0,20.7,82,0.7,213.0,2.3,244.0,0.0,,,,,,,,,,2020-08-21T05:22:00,,,,0,,,,,,,,,,,,,,
2020-08-21 07:00:00,925.1,22.9,73,0.2,0.0,2.8,214.0,0.0,,,,,,,,,,2020-08-21T06:14:00,,,,0,,,,,,,,,,,,,,
2020-08-21 08:00:00,925.4,24.1,73,0.4,49.0,2.0,197.0,0.0,,,,,,,,,,2020-08-21T07:09:00,,,,0,,,,,,,,,,,,,,
2020-08-21 09:00:00,925.1,26.4,69,1.4,75.0,2.8,56.0,0.0,,,,,,,,,,2020-08-21T08:54:00,,,,0,,,,,,,,,,,,,,
2020-08-21 10:00:00,924.9,28.2,67,1.2,87.0,4.2,3.0,0.0,,,,,,,,,,2020-08-21T09:18:00,,,,0,,,,,,,,,,,,,,
2020-08-21 11:00:00,924.5,27.3,76,0.5,87.0,4.6,29.0,0.0,,,,,,,,,,2020-08-21T10:02:00,,,,0,,,,,,,,,,,,,,
2020-08-21 12:00:00,924.3,24.4,88,1.7,57.0,5.5,20.0,0.0,,,,,,,,,,2020-08-21T12:00:00,,,,0,,,,,,,,,,,,,,
2020-08-21 13:00:00,924.2,24.0,92,0.7,108.0,6.6,61.0,0.0,,,,,,,,,,2020-08-21T12:03:00,,,,0,,,,,,,,,,,,,,
2020-08-21 14:00:00,923.4,26.3,83,0.4,49.0,2.1,36.0,0.0,,,,,,,,,,2020-08-21T13:55:00,,,,0,,,,,,,,,,,,,,
2020-08-21 15:00:00,922.8,26.9,74,1.0,23.0,3.8,155.0,0.0,,,,,,,,,,2020-08-21T14:49:00,,,,0,,,,,,,,,,,,,,
2020-08-21 16:00:00,922.9,23.4,89,1.3,189.0,3.7,109.0,0.5,,,,,,,,,,2020-08-21T15:26:00,,,,0,,,,,,,,,,,,,,
2020-08-21 17:00:00,923.4,22.8,94,1.1,183.0,1.9,223.0,0.5,,,,,,,,,,2020-08-21T16:01:00,,,,0,,,,,,,,,,,,,,
2020-08-21 18:00:00,923.1,22.4,98,0.2,0.0,1.8,192.0,0.0,,,,,,,,,,2020-08-21T17:08:00,,,,0,,,,,,,,,,,,,,
2020-08-21 19:00:00,923.2,22.0,96,0.9,160.0,2.7,126.0,0.0,,,,,,,,,,2020-08-21T18:30:00,,,,0,,,,,,,,,,,,,,
2020-08-21 20:00:00,923.3,21.8,98,0.4,121.0,2.5,132.0,0.0,,,,,,,,,,2020-08-21T19:14:00,,,,0,,,,,,,,,,,,,,
2020-08-21 21:00:00,923.9,21.7,95,0.9,165.0,1.9,195.0,0.0,,,,,,,,,,2020-08-21T20:53:00,,,,0,,,,,,,,,,,,,,
2020-08-21 22:00:00,923.2,21.3,98,0.8,162.0,1.5,203.0,0.0,,,,,,,,,,2020-08-21T22:00:00,,,,0,,,,,,,,,,,,,,
2020-08-21 23:00:00,922.7,21.2,98,1.1,229.0,2.1,219.0,0.0,,,,,,,,,,2020-08-21T22:59:00,,,,0,,,,,,,,,,,,,,
2020-08-22 00:00:00,922.4,21.0,98,0.2,0.0,2.6,213.0,0.0,,,,,,,,,,2020-08-21T23:04:00,,,,0,,,,,,,,,,,,,,
2020-08-22 01:00:00,921.8,20.9,98,0.3,223.0,1.5,207.0,0.0,,,,,,,,,,2020-08-22T00:35:00,,,,0,,,,,,,,,,,,,,
2020-08-22 02:00:00,921.5,21.0,-9991,0.4,91.0,2.3,120.0,0.0,,,,,,,,,,2020-08-22T01:36:00,,,,0,,,,,,,,,,,,,,
2020-08-22 03:00:00,920.9,20.8,99,0.7,233.0,1.5,224.0,0.0,,,,,,,,,,2020-08-22T02:53:00,,,,0,,,,,,,,,,,,,,
2020-08-22 04:00:00,920.0,20.0,98,0.8,242.0,1.5,220.0,0.0,,,,,,,,,,2020-08-22T03:59:00,,,,0,,,,,,,,,,,,,,
2020-08-22 05:00:00,920.6,19.6,98,0.8,224.0,2.1,202.0,0.0,,,,,,,,,,2020-08-22T04:49:00,,,,0,,,,,,,,,,,,,,
2020-08-22 06:00:00,921.4,19.9,97,0.8,182.0,1.7,204.0,0.0,,,,,,,,,,2020-08-22T05:22:00,,,,0,,,,,,,,,,,,,,
2020-08-22 07:00:00,921.1,20.6,95,0.1,0.0,2.2,277.0,0.0,,,,,,,,,,2020-08-22T06:04:00,,,,0,,,,,,,,,,,,,,
2020-08-22 08:00:00,921.2,22.2,89,0.2,0.0,1.7,203.0,0.0,,,,,,,,,,2020-08-22T07:29:00,,,,0,,,,,,,,,,,,,,
2020-08-22 09:00:00,921.5,25.1,76,0.7,65.0,3.2,82.0,0.0,,,,,,,,,,2020-08-22T08:37:00,,,,0,,,,,,,,,,,,,,
2020-08-22 10:00:00,921.0,26.2,70,1.6,94.0,4.1,88.0,0.0,,,,,,,,,,2020-08-22T09:51:00,,,,0,,,,,,,,,,,,,,
2020-08-22 11:00:00,920.8,26.6,71,2.0,144.0,7.2,82.0,0.0,,,,,,,,,,2020-08-22T10:47:00,,,,0,,,,,,,,,,,,,,
2020-08-22 12:00:00,921.4,25.0,75,1.1,221.0,7.4,50.0,0.0,,,,,,,,,,2020-08-22T11:11:00,,,,0,,,,,,,,,,,,,,
2020-08-22 13:00:00,920.9,26.0,72,0.6,246.0,4.9,199.0,0.0,,,,,,,,,,2020-08-22T12:09:00,,,,0,,,,,,,,,,,,,,
2020-08-22 14:00:00,920.4,25.2,77,1.0,79.0,4.7,104.0,0.0,,,,,,,,,,2020-08-22T13:48:00,,,,0,,,,,,,,,,,,,,
2020-08-22 15:00:00,919.6,26.5,77,1.1,82.0,3.2,26.0,0.0,,,,,,,,,,2020-08-22T14:50:00,,,,0,,,,,,,,,,,,,,
2020-08-22 16:00:00,920.0,24.4,83,1.0,137.0,4.9,151.0,0.0,,,,,,,,,,2020-08-22T15:35:00,,,,0,,,,,,,,,,,,,,
2020-08-22 17:00:00,919.9,24.1,81,0.7,114.0,4.7,40.0,0.0,,,,,,,,,,2020-08-22T16:01:00,,,,0,,,,,,,,,,,,,,
2020-08-22 18:00:00,920.1,22.9,91,1.3,222.0,2.3,210.0,0.5,,,,,,,,,,2020-08-22T17:53:00,,,,0,,,,,,,,,,,,,,
2020-08-22 19:00:00,920.3,21.8,96,0.9,189.0,2.4,225.0,0.5,,,,,,,,,,2020-08-22T18:12:00,,,,0,,,,,,,,,,,,,,
2020-08-22 20:00:00,920.1,21.8,96,0.2,0.0,2.1,225.0,0.0,,,,,,,,,,2020-08-22T19:41:00,,,,0,,,,,,,,,,,,,,
2020-08-22 21:00:00,920.4,21.4,97,0.8,222.0,1.8,211.0,0.0,,,,,,,,,,2020-08-22T20:13:00,,,,0,,,,,,,,,,,,,,
2020-08-22 22:00:00,921.0,21.2,98,0.7,203.0,1.5,195.0,0.0,,,,,,,,,,2020-08-22T21:22:00,,,,0,,,,,,,,,,,,,,
2020-08-22 23:00:00,921.2,21.4,98,0.5,221.0,1.3,222.0,0.0,,,,,,,,,,2020-08-22T22:02:00,,,,0,,,,,,,,,,,,,,
2020-08-23 00:00:00,920.5,21.2,97,0.3,224.0,1.6,171.0,0.0,,,,,,,,,,2020-08-22T23:35:00,,,,0,,,,,,,,,,,,,,
2020-08-23 01:00:00,920.4,20.6,96,0.8,230.0,1.9,300.0,0.0,,,,,,,,,,2020-08-23T00:09:00,,,,0,,,,,,,,,,,,,,
2020-08-23 02:00:00,919.8,21.0,91,1.2,236.0,3.1,236.0,0.0,,,,,,,,,,2020-08-23T01:53:00,,,,0,,,,,,,,,,,,,,
2020-08-23 03:00:00,919.1,20.3,93,1.1,235.0,2.9,317.0,0.0,,,,,,,,,,2020-08-23T02:02:00,,,,0,,,,,,,,,,,,,,
2020-08-23 04:00:00,918.7,20.0,94,1.3,215.0,2.3,201.0,0.0,,,,,,,,,,2020-08-23T03:10:00,,,,0,,,,,,,,,,,,,,
2020-08-23 05:00:00,919.4,20.2,91,1.3,228.0,2.5,224.0,0.0,,,,,,,,,,2020-08-23T04:46:00,,,,0,,,,,,,,,,,,,,
2020-08-23 06:00:00,919.3,21.2,85,0.9,242.0,3.1,267.0,0.0,,,,,,,,,,2020-08-23T05:44:00,,,,0,,,,,,,,,,,,,,
2020-08-23 07:00:00,919.4,21.9,88,0.8,217.0,1.6,200.0,0.0,,,,,,,,,,2020-08-23T06:37:00,,,,0,,,,,,,,,,,,,,
2020-08-23 08:00:00,919.8,23.7,79,0.5,284.0,2.4,224.0,0.0,,,,,,,,,,2020-08-23T07:10:00,,,,0,,,,,,,,,,,,,,
2020-08-23 09:00:00,919.6,26.9,67,0.4,158.0,2.0,182.0,0.0,,,,,,,,,,2020-08-23T08:58:00,,,,0,,,,,,,,,,,,,,
2020-08-23 10:00:00,919.1,29.0,67,1.1,66.0,2.5,91.0,0.0,,,,,,,,,,2020-08-23T09:51:00,,,,0,,,,,,,,,,,,,,
2020-08-23 11:00:00,919.4,28.5,60,2.7,114.0,7.3,82.0,0.0,,,,,,,,,,2020-08-23T10:28:00,,,,0,,,,,,,,,,,,,,
2020-08-23 12:00:00,918.9,29.3,60,1.4,44.0,7.8,76.0,0.0,,,,,,,,,,2020-08-23T11:20:00,,,,0,,,,,,,,,,,,,,
2020-08-23 13:00:00,918.7,29.4,63,1.4,28.0,5.9,79.0,0.0,,,,,,,,,,2020-08-23T12:45:00,,,,0,,,,,,,,,,,,,,
2020-08-23 14:00:00,918.8,28.9,70,1.8,38.0,8.0,58.0,0.0,,,,,,,,,,2020-08-23T13:30:00,,,,0,,,,,,,,,,,,,,
2020-08-23 15:00:00,918.8,27.8,75,1.9,10.0,6.7,80.0,0.0,,,,,,,,,,2020-08-23T14:39:00,,,,0,,,,,,,,,,,,,,
2020-08-23 16:00:00,918.9,28.0,74,0.8,63.0,6.6,50.0,0.0,,,,,,,,,,2020-08-23T15:13:00,,,,0,,,,,,,,,,,,,,
2020-08-23 17:00:00,919.4,26.7,80,0.8,112.0,7.3,87.0,0.0,,,,,,,,,,2020-08-23T16:48:00,,,,0,,,,,,,,,,,,,,
2020-08-23 18:00:00,920.3,25.4,87,1.3,141.0,4.1,215.0,0.0,,,,,,,,,,2020-08-23T17:07:00,,,,0,,,,,,,,,,,,,,
2020-08-23 19:00:00,920.9,24.6,90,1.0,194.0,2.8,139.0,0.0,,,,,,,,,,2020-08-23T18:09:00,,,,0,,,,,,,,,,,,,,
2020-08-23 20:00:00,920.8,23.6,94,1.0,171.0,2.7,127.0,0.0,,,,,,,,,,2020-08-23T19:14:00,,,,0,,,,,,,,,,,,,,
2020-08-23 21:00:00,921.2,22.8,96,1.2,207.0,1.8,202.0,0.0,,,,,,,,,,2020-08-23T20:32:00,,,,0,,,,,,,,,,,,,,
2020-08-23 22:00:00,921.8,22.2,95,1.4,206.0,2.6,208.0,0.0,,,,,,,,,,2020-08-23T21:03:00,,,,0,,,,,,,,,,,,,,
2020-08-23 23:00:00,921.7,21.3,86,1.5,216.0,2.6,202.0,0.0,,,,,,,,,,2020-08-23T22:22:00,,,,0,,,,,,,,,,,,,,
2020-08-24 00:00:00,921.2,20.2,82,1.8,211.0,2.8,202.0,0.0,,,,,,,,,,2020-08-23T23:58:00,,,,0,,,,,,,,,,,,,,
2020-08-24 01:00:00,921.3,19.5,81,1.9,213.0,2.7,203.0,0.0,,,,,,,,,,2020-08-24T00:45:00,,,,0,,,,,,,,,,,,,,
2020-08-24 02:00:00,920.8,20.7,73,1.0,220.0,2.9,249.0,0.0,,,,,,,,,,2020-08-24T01:57:00,,,,0,,,,,,,,,,,,,,
2020-08-24 03:00:00,920.4,20.1,75,1.3,230.0,2.5,225.0,0.0,,,,,,,,,,2020-08-24T02:52:00,,,,0,,,,,,,,,,,,,,
2020-08-24 04:00:00,919.8,20.4,75,0.7,210.0,2.6,330.0,0.0,,,,,,,,,,2020-08-24T03:30:00,,,,0,,,,,,,,,,,,,,
2020-08-24 05:00:00,919.9,19.3,81,1.9,220.0,2.5,207.0,0.0,,,,,,,,,,2020-08-24T04:48:00,,,,0,,,,,,,,,,,,,,
2020-08-24 06:00:00,920.1,20.3,72,1.3,224.0,3.2,233.0,0.0,,,,,,,,,,2020-08-24T05:57:00,,,,0,,,,,,,,,,,,,,
2020-08-24 07:00:00,920.0,23.7,64,0.4,350.0,2.6,287.0,0.0,,,,,,,,,,2020-08-24T06:39:00,,,,0,,,,,,,,,,,,,,
2020-08-24 08:00:00,920.0,25.5,63,0.5,20.0,2.7,356.0,0.0,,,,,,,,,,2020-08-24T07:01:00,,,,0,,,,,,,,,,,,,,
2020-08-24 09:00:00,919.8,28.7,56,0.3,58.0,1.5,311.0,0.0,,,,,,,,,,2020-08-24T08:32:00,,,,0,,,,,,,,,,,,,,
2020-08-24 10:00:00,919.5,29.7,49,1.2,30.0,3.3,29.0,0.0,,,,,,,,,,2020-08-24T09:56:00,,,,0,,,,,,,,,,,,,,
2020-08-24 11:00:00,918.9,30.1,56,1.4,92.0,6.0,86.0,0.0,,,,,,,,,,2020-08-24T10:44:00,,,,0,,,,,,,,,,,,,,
2020-08-24 12:00:00,919.0,29.5,64,1.8,95.0,7.2,68.0,0.0,,,,,,,,,,2020-08-24T11:37:00,,,,0,,,,,,,,,,,,,,
2020-08-24 13:00:00,918.4,29.9,62,2.1,94.0,5.9,102.0,0.0,,,,,,,,,,2020-08-24T12:16:00,,,,0,,,,,,,,,,,,,,
2020-08-24 14:00:00,917.9,30.1,62,2.1,96.0,6.3,70.0,0.0,,,,,,,,,,2020-08-24T13:59:00,,,,0,,,,,,,,,,,,,,
2020-08-24 15:00:00,917.7,30.1,61,1.5,76.0,7.8,57.0,0.0,,,,,,,,,,2020-08-24T14:31:00,,,,0,,,,,,,,,,,,,,
2020-08-24 16:00:00,917.4,29.8,65,1.8,101.0,5.7,92.0,0.0,,,,,,,,,,2020-08-24T15:20:00,,,,0,,,,,,,,,,,,,,
2020-08-24 17:00:00,917.9,28.2,74,1.7,105.0,6.2,104.0,0.0,,,,,,,,,,2020-08-24T16:49:00,,,,0,,,,,,,,,,,,,,
2020-08-24 18:00:00,918.7,26.8,78,1.7,96.0,5.7,44.0,0.0,,,,,,,,,,2020-08-24T17:30:00,,,,0,,,,,,,,,,,,,,
2020-08-24 19:00:00,919.5,25.8,82,0.9,165.0,4.4,150.0,0.0,,,,,,,,,,2020-08-24T18:02:00,,,,0,,,,,,,,,,,,,,
2020-08-24 20:00:00,920.2,25.0,85,1.6,227.0,2.3,213.0,0.0,,,,,,,,,,2020-08-24T19:44:00,,,,0,,,,,,,,,,,,,,
2020-08-24 21:00:00,920.2,25.0,84,1.0,204.0,3.9,257.0,0.0,,,,,,,,,,2020-08-24T20:24:00,,,,0,,,,,,,,,,,,,,
2020-08-24 22:00:00,920.4,23.6,89,1.4,212.0,2.6,206.0,0.0,,,,,,,,,,2020-08-24T21:45:00,,,,0,,,,,,,,,,,,,,
2020-08-24 23:00:00,919.9,24.0,80,1.2,262.0,3.4,334.0,0.0,,,,,,,,,,2020-08-24T22:56:00,,,,0,,,,,,,,,,,,,,
2020-08-25 00:00:00,919.4,22.4,84,1.5,212.0,3.1,234.0,0.0,,,,,,,,,,2020-08-24T23:09:00,,,,0,,,,,,,,,,,,,,
2020-08-25 01:00:00,918.9,21.9,84,1.4,214.0,3.2,208.0,0.0,,,,,,,,,,2020-08-25T00:49:00,,,,0,,,,,,,,,,,,,,
2020-08-25 02:00:00,918.7,21.1,85,1.6,212.0,2.7,200.0,0.0,,,,,,,,,,2020-08-25T01:41:00,,,,0,,,,,,,,,,,,,,
2020-08-25 03:00:00,917.9,21.5,79,1.4,220.0,2.6,226.0,0.0,,,,,,,,,,2020-08-25T02:22:00,,,,0,,,,,,,,,,,,,,
2020-08-25 04:00:00,917.6,20.7,82,1.3,207.0,2.3,229.0,0.0,,,,,,,,,,2020-08-25T03:32:00,,,,0,,,,,,,,,,,,,,
2020-08-25 05:00:00,918.3,20.6,81,0.9,215.0,2.5,204.0,0.0,,,,,,,,,,2020-08-25T04:09:00,,,,0,,,,,,,,,,,,,,
2020-08-25 06:00:00,918.6,22.5,69,1.4,261.0,3.8,216.0,0.0,,,,,,,,,,2020-08-25T05:28:00,,,,0,,,,,,,,,,,,,,
2020-08-25 07:00:00,919.3,24.3,67,0.3,252.0,2.5,306.0,0.0,,,,,,,,,,2020-08-25T06:01:00,,,,0,,,,,,,,,,,,,,
2020-08-25 08:00:00,918.9,26.6,63,0.8,349.0,4.3,313.0,0.0,,,,,,,,,,2020-08-25T07:37:00,,,,0,,,,,,,,,,,,,,
2020-08-25 09:00:00,918.6,29.2,53,0.8,66.0,2.5,334.0,0.0,,,,,,,,,,2020-08-25T08:08:00,,,,0,,,,,,,,,,,,,,
2020-08-25 10:00:00,918.1,30.9,52,0.9,81.0,3.1,74.0,0.0,,,,,,,,,,2020-08-25T09:36:00,,,,0,,,,,,,,,,,,,,
2020-08-25 11:00:00,918.2,31.2,46,1.8,76.0,6.4,104.0,0.0,,,,,,,,,,2020-08-25T10:38:00,,,,0,,,,,,,,,,,,,,
2020-08-25 12:00:00,917.8,31.0,49,2.3,98.0,8.3,94.0,0.0,,,,,,,,,,2020-08-25T11:17:00,,,,0,,,,,,,,,,,,,,
2020-08-25 13:00:00,917.3,31.3,52,2.0,109.0,6.5,77.0,0.0,,,,,,,,,,2020-08-25T12:44:00,,,,0,,,,,,,,,,,,,,
2020-08-25 14:00:00,916.8,31.6,54,1.7,112.0,5.2,59.0,0.0,,,,,,,,,,2020-08-25T13:11:00,,,,0,,,,,,,,,,,,,,
2020-08-25 15:00:00,917.0,29.4,60,1.4,96.0,6.6,52.0,0.0,,,,,,,,,,2020-08-25T14:22:00,,,,0,,,,,,,,,,,,,,
2020-08-25 16:00:00,917.4,28.9,63,0.7,99.0,3.0,307.0,0.0,,,,,,,,,,2020-08-25T15:10:00,,,,0,,,,,,,,,,,,,,
2020-08-25 17:00:00,917.6,28.0,68,1.4,152.0,3.3,101.0,0.0,,,,,,,,,,2020-08-25T16:08:00,,,,0,,,,,,,,,,,,,,
2020-08-25 18:00:00,918.0,27.0,73,0.9,173.0,3.3,103.0,0.0,,,,,,,,,,2020-08-25T17:02:00,,,,0,,,,,,,,,,,,,,
2020-08-25 19:00:00,918.6,25.6,78,1.3,180.0,2.3,163.0,0.0,,,,,,,,,,2020-08-25T18:38:00,,,,0,,,,,,,,,,,,,,
2020-08-25 20:00:00,919.5,24.3,84,1.7,214.0,2.6,208.0,0.0,,,,,,,,,,2020-08-25T19:14:00,,,,0,,,,,,,,,,,,,,
2020-08-25 21:00:00,920.2,24.7,82,1.1,251.0,2.9,203.0,0.0,,,,,,,,,,2020-08-25T20:25:00,,,,0,,,,,,,,,,,,,,
2020-08-25 22:00:00,920.1,24.4,82,0.6,235.0,2.1,312.0,0.0,,,,,,,,,,2020-08-25T21:04:00,,,,0,,,,,,,,,,,,,,
2020-08-25 23:00:00,919.8,24.0,80,1.3,220.0,2.6,210.0,0.0,,,,,,,,,,2020-08-25T22:53:00,,,,0,,,,,,,,,,,,,,
2020-08-26 00:00:00,919.7,22.8,84,0.8,218.0,2.6,222.0,0.0,,,,,,,,,,2020-08-25T23:30:00,,,,0,,,,,,,,,,,,,,
2020-08-26 01:00:00,919.1,22.7,79,1.2,220.0,2.5,222.0,0.0,,,,,,,,,,2020-08-26T00:48:00,,,,0,,,,,,,,,,,,,,
2020-08-26 02:00:00,918.6,22.8,77,1.7,227.0,3.1,228.0,0.0,,,,,,,,,,2020-08-26T01:53:00,,,,0,,,,,,,,,,,,,,
2020-08-26 03:00:00,918.5,23.5,74,1.1,237.0,2.8,203.0,0.0,,,,,,,,,,2020-08-26T02:53:00,,,,0,,,,,,,,,,,,,,
2020-08-26 04:00:00,918.3,22.6,75,0.8,228.0,3.3,217.0,0.0,,,,,,,,,,2020-08-26T03:32:00,,,,0,,,,,,,,,,,,,,
2020-08-26 05:00:00,918.6,22.2,76,1.4,223.0,2.7,224.0,0.0,,,,,,,,,,2020-08-26T04:13:00,,,,0,,,,,,,,,,,,,,
2020-08-26 06:00:00,918.5,23.0,75,0.5,116.0,3.2,223.0,0.0,,,,,,,,,,2020-08-26T05:26:00,,,,0,,,,,,,,,,,,,,
2020-08-26 07:00:00,918.6,23.6,75,1.7,287.0,4.9,312.0,0.0,,,,,,,,,,2020-08-26T06:35:00,,,,0,,,,,,,,,,,,,,
2020-08-26 08:00:00,919.2,21.8,90,1.0,224.0,5.1,294.0,0.0,,,,,,,,,,2020-08-26T07:04:00,,,,0,,,,,,,,,,,,,,
2020-08-26 09:00:00,918.5,24.5,84,0.3,47.0,3.6,314.0,0.0,,,,,,,,,,2020-08-26T08:14:00,,,,0,,,,,,,,,,,,,,
2020-08-26 10:00:00,917.8,28.0,67,0.8,87.0,2.3,75.0,0.0,,,,,,,,,,2020-08-26T09:25:00,,,,0,,,,,,,,,,,,,,
2020-08-26 11:00:00,918.0,28.9,57,1.5,148.0,3.7,172.0,0.0,,,,,,,,,,2020-08-26T10:57:00,,,,0,,,,,,,,,,,,,,
2020-08-26 12:00:00,918.0,28.5,58,1.3,109.0,5.6,91.0,0.0,,,,,,,,,,2020-08-26T11:09:00,,,,0,,,,,,,,,,,,,,
2020-08-26 13:00:00,917.7,28.6,59,1.4,101.0,4.0,65.0,0.0,,,,,,,,,,2020-08-26T12:01:00,,,,0,,,,,,,,,,,,,,
2020-08-26 14:00:00,917.3,27.9,63,0.8,160.0,2.5,119.0,0.0,,,,,,,,,,2020-08-26T13:50:00,,,,0,,,,,,,,,,,,,,
2020-08-26 15:00:00,917.1,26.8,75,0.1,0.0,1.4,181.0,0.0,,,,,,,,,,2020-08-26T14:14:00,,,,0,,,,,,,,,,,,,,
2020-08-26 16:00:00,917.0,26.7,72,0.4,118.0,1.3,156.0,0.0,,,,,,,,,,2020-08-26T15:53:00,,,,0,,,,,,,,,,,,,,
2020-08-26 17:00:00,916.9,26.3,74,1.3,122.0,3.5,126.0,0.0,,,,,,,,,,2020-08-26T16:46:00,,,,0,,,,,,,,,,,,,,
2020-08-26 18:00:00,918.0,25.1,79,0.9,159.0,2.9,108.0,0.0,,,,,,,,,,2020-08-26T17:39:00,,,,0,,,,,,,,,,,,,,
2020-08-26 19:00:00,918.1,24.0,85,1.1,199.0,2.1,194.0,0.0,,,,,,,,,,2020-08-26T18:43:00,,,,0,,,,,,,,,,,,,,
2020-08-26 20:00:00,918.9,24.3,82,1.6,161.0,3.2,125.0,0.0,,,,,,,,,,2020-08-26T19:53:00,,,,0,,,,,,,,,,,,,,
2020-08-26 21:00:00,919.8,23.6,86,1.3,222.0,3.1,129.0,0.0,,,,,,,,,,2020-08-26T20:01:00,,,,0,,,,,,,,,,,,,,
2020-08-26 22:00:00,919.9,23.3,88,1.0,167.0,1.9,215.0,0.0,,,,,,,,,,2020-08-26T21:01:00,,,,0,,,,,,,,,,,,,,
2020-08-26 23:00:00,919.9,22.9,91,0.7,205.0,1.9,199.0,0.0,,,,,,,,,,2020-08-26T22:26:00,,,,0,,,,,,,,,,,,,,
2020-08-27 00:00:00,919.3,23.0,88,1.4,226.0,2.1,224.0,0.0,,,,,,,,,,2020-08-26T23:54:00,,,,0,,,,,,,,,,,,,,
2020-08-27 01:00:00,918.7,23.0,86,0.5,230.0,2.7,225.0,0.0,,,,,,,,,,2020-08-27T00:44:00,,,,0,,,,,,,,,,,,,,
2020-08-27 02:00:00,918.1,22.1,89,1.1,189.0,2.7,204.0,0.0,,,,,,,,,,2020-08-27T01:40:00,,,,0,,,,,,,,,,,,,,
2020-08-27 03:00:00,918.0,22.4,88,1.2,219.0,2.2,224.0,0.0,,,,,,,,,,2020-08-27T02:16:00,,,,0,,,,,,,,,,,,,,
2020-08-27 04:00:00,918.1,21.6,90,1.2,232.0,2.8,244.0,2.0,,,,,,,,,,2020-08-27T03:55:00,,,,0,,,,,,,,,,,,,,
2020-08-27 05:00:00,918.5,21.4,94,0.6,239.0,2.8,284.0,0.5,,,,,,,,,,2020-08-27T04:42:00,,,,0,,,,,,,,,,,,,,
2020-08-27 06:00:00,918.5,21.1,94,1.6,261.0,5.8,338.0,1.0,,,,,,,,,,2020-08-27T05:43:00,,,,0,,,,,,,,,,,,,,
2020-08-27 07:00:00,918.5,21.5,96,0.2,0.0,3.6,336.0,0.0,,,,,,,,,,2020-08-27T06:03:00,,,,0,,,,,,,,,,,,,,
2020-08-27 08:00:00,919.2,24.1,85,0.2,0.0,1.9,100.0,0.0,,,,,,,,,,2020-08-27T07:20:00,,,,0,,,,,,,,,,,,,,
2020-08-27 09:00:00,919.5,25.8,85,0.9,40.0,2.2,60.0,0.0,,,,,,,,,,2020-08-27T08:57:00,,,,0,,,,,,,,,,,,,,
2020-08-27 10:00:00,920.4,24.9,83,1.0,155.0,3.0,100.0,0.0,,,,,,,,,,2020-08-27T09:44:00,,,,0,,,,,,,,,,,,,,
2020-08-27 11:00:00,920.0,22.7,96,0.8,276.0,2.4,288.0,5.0,,,,,,,,,,2020-08-27T10:54:00,,,,0,,,,,,,,,,,,,,
2020-08-27 12:00:00,919.4,23.1,93,0.6,306.0,3.6,325.0,0.5,,,,,,,,,,2020-08-27T11:10:00,,,,0,,,,,,,,,,,,,,
2020-08-27 13:00:00,918.4,23.1,98,1.0,106.0,3.5,319.0,0.5,,,,,,,,,,2020-08-27T12:03:00,,,,0,,,,,,,,,,,,,,
2020-08-27 14:00:00,918.1,24.2,89,0.4,83.0,2.4,86.0,0.0,,,,,,,,,,2020-08-27T13:41:00,,,,0,,,,,,,,,,,,,,
2020-08-27 15:00:00,917.9,25.7,88,0.7,40.0,1.7,53.0,0.0,,,,,,,,,,2020-08-27T14:55:00,,,,0,,,,,,,,,,,,,,
2020-08-27 16:00:00,918.4,24.2,87,1.5,125.0,4.1,96.0,0.0,,,,,,,,,,2020-08-27T15:41:00,,,,0,,,,,,,,,,,,,,
2020-08-27 17:00:00,918.2,23.7,93,0.4,248.0,3.2,216.0,0.0,,,,,,,,,,2020-08-27T16:01:00,,,,0,,,,,,,,,,,,,,
2020-08-27 18:00:00,918.1,23.0,94,0.5,196.0,4.0,172.0,0.0,,,,,,,,,,2020-08-27T17:26:00,,,,0,,,,,,,,,,,,,,
2020-08-27 19:00:00,919.5,22.6,97,0.3,227.0,2.8,108.0,0.5,,,,,,,,,,2020-08-27T18:04:00,,,,0,,,,,,,,,,,,,,
2020-08-27 20:00:00,921.1,21.8,97,1.3,268.0,4.2,308.0,4.0,,,,,,,,,,2020-08-27T20:00:00,,,,0,,,,,,,,,,,,,,
2020-08-27 21:00:00,920.3,21.5,93,0.9,282.0,6.2,320.0,3.5,,,,,,,,,,2020-08-27T20:37:00,,,,0,,,,,,,,,,,,,,
2020-08-27 22:00:00,920.5,20.9,97,0.7,196.0,2.9,209.0,0.0,,,,,,,,,,2020-08-27T21:15:00,,,,0,,,,,,,,,,,,,,
2020-08-27 23:00:00,920.8,20.7,98,1.3,233.0,2.6,226.0,0.0,,,,,,,,,,2020-08-27T23:00:00,,,,0,,,,,,,,,,,,,,
2020-08-28 00:00:00,920.0,20.7,96,0.8,213.0,3.6,333.0,0.0,,,,,,,,,,2020-08-27T23:11:00,,,,0,,,,,,,,,,,,,,
2020-08-28 01:00:00,919.3,21.0,90,1.5,275.0,4.1,301.0,0.0,,,,,,,,,,2020-08-28T00:56:00,,,,0,,,,,,,,,,,,,,
2020-08-28 02:00:00,918.7,20.6,96,0.3,235.0,3.2,274.0,0.0,,,,,,,,,,2020-08-28T01:04:00,,,,0,,,,,,,,,,,,,,
2020-08-28 03:00:00,918.5,20.0,97,0.6,209.0,2.0,201.0,0.0,,,,,,,,,,2020-08-28T02:17:00,,,,0,,,,,,,,,,,,,,
2020-08-28 04:00:00,918.4,19.9,98,1.0,200.0,2.0,206.0,0.0,,,,,,,,,,2020-08-28T03:15:00,,,,0,,,,,,,,,,,,,,
2020-08-28 05:00:00,918.5,20.1,96,0.3,187.0,2.0,232.0,0.0,,,,,,,,,,2020-08-28T04:44:00,,,,0,,,,,,,,,,,,,,
2020-08-28 06:00:00,918.5,19.8,97,0.9,204.0,2.9,219.0,0.0,,,,,,,,,,2020-08-28T05:10:00,,,,0,,,,,,,,,,,,,,
2020-08-28 07:00:00,919.6,21.2,94,0.7,189.0,1.8,204.0,0.0,,,,,,,,,,2020-08-28T06:03:00,,,,0,,,,,,,,,,,,,,
2020-08-28 08:00:00,919.7,22.9,88,0.4,321.0,1.8,329.0,0.0,,,,,,,,,,2020-08-28T07:58:00,,,,0,,,,,,,,,,,,,,
2020-08-28 09:00:00,919.5,25.1,82,0.6,81.0,2.0,193.0,0.0,,,,,,,,,,2020-08-28T08:12:00,,,,0,,,,,,,,,,,,,,
2020-08-28 10:00:00,919.9,25.7,75,0.2,0.0,2.5,71.0,0.0,,,,,,,,,,2020-08-28T09:09:00,,,,0,,,,,,,,,,,,,,
2020-08-28 11:00:00,919.4,26.3,74,1.0,97.0,2.6,93.0,0.0,,,,,,,,,,2020-08-28T10:53:00,,,,0,,,,,,,,,,,,,,
2020-08-28 12:00:00,919.1,28.2,69,1.0,40.0,3.6,71.0,0.0,,,,,,,,,,2020-08-28T11:34:00,,,,0,,,,,,,,,,,,,,
2020-08-28 13:00:00,918.9,26.6,73,1.3,77.0,5.1,143.0,0.0,,,,,,,,,,2020-08-28T12:34:00,,,,0,,,,,,,,,,,,,,
2020-08-28 14:00:00,919.0,26.7,76,0.5,45.0,3.6,47.0,0.0,,,,,,,,,,2020-08-28T13:15:00,,,,0,,,,,,,,,,,,,,
2020-08-28 15:00:00,919.1,26.1,77,1.1,114.0,4.0,86.0,0.0,,,,,,,,,,2020-08-28T14:46:00,,,,0,,,,,,,,,,,,,,
2020-08-28 16:00:00,919.5,27.4,74,0.9,33.0,2.2,34.0,0.0,,,,,,,,,,2020-08-28T15:59:00,,,,0,,,,,,,,,,,,,,
2020-08-28 17:00:00,919.6,26.2,81,0.8,141.0,2.3,112.0,0.0,,,,,,,,,,2020-08-28T16:54:00,,,,0,,,,,,,,,,,,,,
2020-08-28 18:00:00,920.2,25.1,85,0.6,147.0,3.1,83.0,0.0,,,,,,,,,,2020-08-28T17:23:00,,,,0,,,,,,,,,,,,,,
2020-08-28 19:00:00,920.6,23.6,92,1.5,198.0,1.9,206.0,0.0,,,,,,,,,,2020-08-28T18:58:00,,,,0,,,,,,,,,,,,,,
2020-08-28 20:00:00,920.9,22.9,94,1.5,214.0,2.3,212.0,0.0,,,,,,,,,,2020-08-28T19:32:00,,,,0,,,,,,,,,,,,,,
2020-08-28 21:00:00,920.8,22.4,96,1.6,199.0,2.3,203.0,0.0,,,,,,,,,,2020-08-28T20:57:00,,,,0,,,,,,,,,,,,,,
2020-08-28 22:00:00,920.9,22.0,96,1.6,214.0,2.4,199.0,0.0,,,,,,,,,,2020-08-28T21:08:00,,,,0,,,,,,,,,,,,,,
2020-08-28 23:00:00,920.9,21.8,96,1.0,224.0,1.7,216.0,0.0,,,,,,,,,,2020-08-28T22:09:00,,,,0,,,,,,,,,,,,,,
2020-08-29 00:00:00,920.4,21.5,89,0.6,214.0,3.1,285.0,0.0,,,,,,,,,,2020-08-28T23:15:00,,,,0,,,,,,,,,,,,,,
2020-08-29 01:00:00,920.3,20.7,92,1.0,228.0,2.2,219.0,0.0,,,,,,,,,,2020-08-29T00:38:00,,,,0,,,,,,,,,,,,,,
2020-08-29 02:00:00,920.1,20.3,94,1.0,230.0,2.2,227.0,0.0,,,,,,,,,,2020-08-29T01:28:00,,,,0,,,,,,,,,,,,,,
2020-08-29 03:00:00,920.0,20.4,93,0.9,215.0,2.4,210.0,0.0,,,,,,,,,,2020-08-29T02:38:00,,,,0,,,,,,,,,,,,,,
2020-08-29 04:00:00,920.3,19.9,95,1.4,218.0,2.0,207.0,0.0,,,,,,,,,,2020-08-29T03:50:00,,,,0,,,,,,,,,,,,,,
2020-08-29 05:00:00,920.3,20.1,89,0.6,227.0,2.7,231.0,0.0,,,,,,,,,,2020-08-29T04:22:00,,,,0,,,,,,,,,,,,,,
2020-08-29 06:00:00,920.8,19.6,90,1.1,211.0,2.0,210.0,0.0,,,,,,,,,,2020-08-29T05:46:00,,,,0,,,,,,,,,,,,,,
2020-08-29 07:00:00,921.6,22.0,78,0.0,0.0,1.5,199.0,0.0,,,,,,,,,,2020-08-29T06:06:00,,,,0,,,,,,,,,,,,,,
2020-08-29 08:00:00,921.9,25.3,72,0.4,24.0,1.5,316.0,0.0,,,,,,,,,,2020-08-29T07:11:00,,,,0,,,,,,,,,,,,,,
2020-08-29 09:00:00,921.8,27.8,63,0.7,63.0,1.7,22.0,0.0,,,,,,,,,,2020-08-29T09:00:00,,,,0,,,,,,,,,,,,,,
2020-08-29 10:00:00,921.6,28.1,65,1.0,112.0,4.4,99.0,0.0,,,,,,,,,,2020-08-29T09:40:00,,,,0,,,,,,,,,,,,,,
2020-08-29 11:00:00,921.1,28.8,66,1.6,108.0,5.8,91.0,0.0,,,,,,,,,,2020-08-29T10:43:00,,,,0,,,,,,,,,,,,,,
2020-08-29 12:00:00,920.5,28.7,65,2.2,71.0,6.0,92.0,0.0,,,,,,,,,,2020-08-29T11:24:00,,,,0,,,,,,,,,,,,,,
2020-08-29 13:00:00,920.0,28.2,66,1.8,45.0,6.4,150.0,0.0,,,,,,,,,,2020-08-29T12:02:00,,,,0,,,,,,,,,,,,,,
2020-08-29 14:00:00,919.7,29.1,66,1.8,77.0,6.8,161.0,0.0,,,,,,,,,,2020-08-29T13:11:00,,,,0,,,,,,,,,,,,,,
2020-08-29 15:00:00,919.5,28.7,68,1.6,99.0,5.0,97.0,0.0,,,,,,,,,,2020-08-29T14:12:00,,,,0,,,,,,,,,,,,,,
2020-08-29 16:00:00,919.8,27.2,76,1.6,91.0,5.7,108.0,0.0,,,,,,,,,,2020-08-29T15:02:00,,,,0,,,,,,,,,,,,,,
2020-08-29 17:00:00,920.1,26.3,79,0.7,154.0,4.7,75.0,0.0,,,,,,,,,,2020-08-29T16:07:00,,,,0,,,,,,,,,,,,,,
2020-08-29 18:00:00,921.5,23.0,91,1.1,148.0,5.0,134.0,0.5,,,,,,,,,,2020-08-29T17:22:00,,,,0,,,,,,,,,,,,,,
2020-08-29 19:00:00,921.5,22.7,97,0.4,217.0,2.4,152.0,0.0,,,,,,,,,,2020-08-29T18:01:00,,,,0,,,,,,,,,,,,,,
2020-08-29 20:00:00,922.2,22.6,98,0.0,0.0,1.2,201.0,0.0,,,,,,,,,,2020-08-29T19:38:00,,,,0,,,,,,,,,,,,,,
2020-08-29 21:00:00,922.7,22.1,98,0.8,206.0,1.8,170.0,0.0,,,,,,,,,,2020-08-29T20:45:00,,,,0,,,,,,,,,,,,,,
2020-08-29 22:00:00,922.5,21.9,97,0.4,239.0,1.7,227.0,0.0,,,,,,,,,,2020-08-29T21:41:00,,,,0,,,,,,,,,,,,,,
2020-08-29 23:00:00,922.3,21.6,98,0.9,215.0,1.9,205.0,0.0,,,,,,,,,,2020-08-29T22:34:00,,,,0,,,,,,,,,,,,,,
2020-08-30 00:00:00,921.8,21.2,95,1.0,211.0,2.3,198.0,0.0,,,,,,,,,,2020-08-29T23:40:00,,,,0,,,,,,,,,,,,,,
2020-08-30 01:00:00,921.5,20.9,95,1.2,196.0,2.2,204.0,0.0,,,,,,,,,,2020-08-30T00:42:00,,,,0,,,,,,,,,,,,,,
2020-08-30 02:00:00,921.0,20.6,92,1.7,214.0,2.6,204.0,0.0,,,,,,,,,,2020-08-30T01:56:00,,,,0,,,,,,,,,,,,,,
2020-08-30 03:00:00,920.8,20.0,94,1.5,214.0,2.5,209.0,0.0,,,,,,,,,,2020-08-30T02:43:00,,,,0,,,,,,,,,,,,,,
2020-08-30 04:00:00,920.8,19.8,92,1.5,222.0,2.4,208.0,0.0,,,,,,,,,,2020-08-30T03:53:00,,,,0,,,,,,,,,,,,,,
2020-08-30 05:00:00,921.0,19.5,92,1.4,223.0,2.4,203.0,0.0,,,,,,,,,,2020-08-30T04:03:00,,,,0,,,,,,,,,,,,,,
2020-08-30 06:00:00,921.4,19.3,92,1.3,220.0,2.3,212.0,0.0,,,,,,,,,,2020-08-30T05:25:00,,,,0,,,,,,,,,,,,,,
2020-08-30 07:00:00,921.9,23.1,79,0.2,0.0,1.7,233.0,0.0,,,,,,,,,,2020-08-30T06:01:00,,,,0,,,,,,,,,,,,,,
2020-08-30 08:00:00,922.0,25.2,70,0.2,0.0,1.3,21.0,0.0,,,,,,,,,,2020-08-30T07:45:00,,,,0,,,,,,,,,,,,,,
2020-08-30 09:00:00,922.2,27.2,67,0.5,45.0,1.9,86.0,0.0,,,,,,,,,,2020-08-30T08:59:00,,,,0,,,,,,,,,,,,,,
2020-08-30 10:00:00,921.8,27.8,68,1.9,123.0,5.6,71.0,0.0,,,,,,,,,,2020-08-30T09:51:00,,,,0,,,,,,,,,,,,,,
2020-08-30 11:00:00,921.8,29.1,63,1.2,45.0,6.4,52.0,0.0,,,,,,,,,,2020-08-30T10:45:00,,,,0,,,,,,,,,,,,,,
2020-08-30 12:00:00,921.4,27.8,69,1.3,111.0,5.1,99.0,0.0,,,,,,,,,,2020-08-30T11:42:00,,,,0,,,,,,,,,,,,,,
2020-08-30 13:00:00,920.6,28.1,71,1.4,116.0,5.2,31.0,0.0,,,,,,,,,,2020-08-30T12:30:00,,,,0,,,,,,,,,,,,,,
2020-08-30 14:00:00,919.8,29.5,68,1.1,103.0,5.2,112.0,0.0,,,,,,,,,,2020-08-30T13:49:00,,,,0,,,,,,,,,,,,,,
2020-08-30 15:00:00,919.6,29.9,64,1.3,52.0,5.6,141.0,0.0,,,,,,,,,,2020-08-30T14:10:00,,,,0,,,,,,,,,,,,,,
2020-08-30 16:00:00,919.8,27.1,74,1.1,88.0,4.5,70.0,0.0,,,,,,,,,,2020-08-30T15:02:00,,,,0,,,,,,,,,,,,,,
2020-08-30 17:00:00,919.8,26.7,75,0.7,22.0,3.5,153.0,0.0,,,,,,,,,,2020-08-30T16:12:00,,,,0,,,,,,,,,,,,,,
2020-08-30 18:00:00,920.7,25.3,80,1.1,107.0,3.3,78.0,0.0,,,,,,,,,,2020-08-30T17:51:00,,,,0,,,,,,,,,,,,,,
2020-08-30 19:00:00,921.2,24.2,83,1.4,169.0,2.7,180.0,0.0,,,,,,,,,,2020-08-30T18:14:00,,,,0,,,,,,,,,,,,,,
2020-08-30 20:00:00,921.5,23.0,87,1.7,198.0,2.4,209.0,0.0,,,,,,,,,,2020-08-30T19:38:00,,,,0,,,,,,,,,,,,,,
2020-08-30 21:00:00,921.7,22.0,92,1.0,217.0,2.8,205.0,0.0,,,,,,,,,,2020-08-30T20:33:00,,,,0,,,,,,,,,,,,,,
2020-08-30 22:00:00,921.4,21.9,93,1.3,237.0,2.2,250.0,0.0,,,,,,,,,,2020-08-30T21:10:00,,,,0,,,,,,,,,,,,,,
2020-08-30 23:00:00,921.4,21.2,93,1.5,206.0,2.0,207.0,0.0,,,,,,,,,,2020-08-30T22:55:00,,,,0,,,,,,,,,,,,,,
2020-08-31 00:00:00,921.7,20.6,94,0.9,220.0,2.6,205.0,0.0,,,,,,,,,,2020-08-30T23:34:00,,,,0,,,,,,,,,,,,,,
2020-08-31 01:00:00,920.9,21.1,85,1.1,229.0,2.5,218.0,0.0,,,,,,,,,,2020-08-31T00:27:00,,,,0,,,,,,,,,,,,,,
2020-08-31 02:00:00,920.5,19.8,91,1.4,226.0,2.5,201.0,0.0,,,,,,,,,,2020-08-31T01:41:00,,,,0,,,,,,,,,,,,,,
2020-08-31 03:00:00,919.7,19.5,89,1.6,215.0,3.0,225.0,0.0,,,,,,,,,,2020-08-31T02:09:00,,,,0,,,,,,,,,,,,,,
2020-08-31 04:00:00,920.3,19.2,90,1.5,219.0,2.6,208.0,0.0,,,,,,,,,,2020-08-31T03:44:00,,,,0,,,,,,,,,,,,,,
2020-08-31 05:00:00,920.6,18.9,89,1.6,210.0,2.9,203.0,0.0,,,,,,,,,,2020-08-31T04:01:00,,,,0,,,,,,,,,,,,,,
2020-08-31 06:00:00,921.2,18.7,91,1.0,199.0,2.9,237.0,0.0,,,,,,,,,,2020-08-31T05:28:00,,,,0,,,,,,,,,,,,,,
2020-08-31 07:00:00,921.2,19.9,81,1.1,244.0,2.2,291.0,0.0,,,,,,,,,,2020-08-31T06:26:00,,,,0,,,,,,,,,,,,,,
2020-08-31 08:00:00,920.9,21.2,83,0.1,0.0,1.9,182.0,0.0,,,,,,,,,,2020-08-31T07:16:00,,,,0,,,,,,,,,,,,,,
2020-08-31 09:00:00,920.2,24.9,66,0.7,356.0,1.4,353.0,0.0,,,,,,,,,,2020-08-31T08:54:00,,,,0,,,,,,,,,,,,,,
2020-08-31 10:00:00,920.9,27.3,57,0.8,28.0,3.6,55.0,0.0,,,,,,,,,,2020-08-31T09:48:00,,,,0,,,,,,,,,,,,,,
2020-08-31 11:00:00,920.5,29.4,58,1.1,15.0,5.1,54.0,0.0,,,,,,,,,,2020-08-31T11:00:00,,,,0,,,,,,,,,,,,,,
2020-08-31 12:00:00,919.3,29.5,58,1.4,25.0,4.4,95.0,0.0,,,,,,,,,,2020-08-31T11:59:00,,,,0,,,,,,,,,,,,,,
2020-08-31 13:00:00,918.6,28.5,61,1.7,26.0,5.9,23.0,0.0,,,,,,,,,,2020-08-31T12:55:00,,,,0,,,,,,,,,,,,,,
2020-08-31 14:00:00,918.4,25.4,82,0.8,175.0,6.0,77.0,0.0,,,,,,,,,,2020-08-31T13:37:00,,,,0,,,,,,,,,,,,,,
2020-08-31 15:00:00,918.3,23.9,93,0.2,0.0,5.3,195.0,0.5,,,,,,,,,,2020-08-31T14:14:00,,,,0,,,,,,,,,,,,,,
2020-08-31 16:00:00,918.1,24.0,92,0.2,0.0,2.9,158.0,0.5,,,,,,,,,,2020-08-31T15:33:00,,,,0,,,,,,,,,,,,,,
2020-08-31 17:00:00,918.4,23.2,92,1.3,108.0,3.0,93.0,0.5,,,,,,,,,,2020-08-31T16:53:00,,,,0,,,,,,,,,,,,,,
2020-08-31 18:00:00,918.8,22.7,94,1.9,145.0,4.6,137.0,1.0,,,,,,,,,,2020-08-31T17:54:00,,,,0,,,,,,,,,,,,,,
2020-08-31 19:00:00,918.7,22.2,97,0.7,241.0,2.1,213.0,1.0,,,,,,,,,,2020-08-31T18:47:00,,,,0,,,,,,,,,,,,,,
2020-08-31 20:00:00,919.4,21.6,99,0.8,206.0,1.8,240.0,0.0,,,,,,,,,,2020-08-31T19:02:00,,,,0,,,,,,,,,,,,,,
2020-08-31 21:00:00,919.7,21.3,99,1.2,228.0,1.9,233.0,0.0,,,,,,,,,,2020-08-31T20:57:00,,,,0,,,,,,,,,,,,,,
2020-08-31 22:00:00,919.4,20.9,98,0.8,215.0,2.0,216.0,0.5,,,,,,,,,,2020-08-31T21:08:00,,,,0,,,,,,,,,,,,,,
2020-08-31 23:00:00,918.9,20.5,97,1.2,222.0,1.9,228.0,0.0,,,,,,,,,,2020-08-31T22:21:00,,,,0,,,,,,,,,,,,,,
2020-09-01 00:00:00,918.7,19.9,98,0.9,229.0,1.8,223.0,0.0,,,,,,,,,,2020-08-31T23:36:00,,,,0,,,,,,,,,,,,,,
2020-09-01 01:00:00,918.5,19.7,99,1.2,214.0,2.7,217.0,0.0,,,,,,,,,,2020-09-01T00:58:00,,,,0,,,,,,,,,,,,,,
2020-09-01 02:00:00,918.4,19.4,98,1.3,221.0,2.2,232.0,0.0,,,,,,,,,,2020-09-01T01:53:00,,,,0,,,,,,,,,,,,,,
2020-09-01 03:00:00,917.6,19.1,98,1.1,212.0,3.4,211.0,0.0,,,,,,,,,,2020-09-01T02:34:00,,,,0,,,,,,,,,,,,,,
2020-09-01 04:00:00,917.4,18.8,98,1.0,226.0,2.2,202.0,0.0,,,,,,,,,,2020-09-01T03:28:00,,,,0,,,,,,,,,,,,,,
2020-09-01 05:00:00,917.4,18.7,98,0.9,212.0,2.4,207.0,0.0,,,,,,,,,,2020-09-01T04:21:00,,,,0,,,,,,,,,,,,,,
2020-09-01 06:00:00,917.2,18.8,95,1.2,231.0,2.3,195.0,0.0,,,,,,,,,,2020-09-01T05:33:00,,,,0,,,,,,,,,,,,,,
2020-09-01 07:00:00,917.7,20.5,90,0.1,0.0,1.8,208.0,0.0,,,,,,,,,,2020-09-01T06:03:00,,,,0,,,,,,,,,,,,,,
2020-09-01 08:00:00,918.0,23.2,82,0.2,0.0,1.5,264.0,0.0,,,,,,,,,,2020-09-01T07:09:00,,,,0,,,,,,,,,,,,,,
2020-09-01 09:00:00,918.3,25.8,74,0.2,0.0,1.5,54.0,0.0,,,,,,,,,,2020-09-01T08:25:00,,,,0,,,,,,,,,,,,,,
2020-09-01 10:00:00,918.0,28.0,64,1.1,60.0,2.3,116.0,0.0,,,,,,,,,,2020-09-01T09:53:00,,,,0,,,,,,,,,,,,,,
2020-09-01 11:00:00,917.3,29.5,58,1.1,98.0,3.0,114.0,0.0,,,,,,,,,,2020-09-01T10:46:00,,,,0,,,,,,,,,,,,,,
2020-09-01 12:00:00,916.6,29.9,54,1.2,199.0,4.1,88.0,0.0,,,,,,,,,,2020-09-01T11:34:00,,,,0,,,,,,,,,,,,,,
2020-09-01 13:00:00,916.6,29.8,60,1.4,108.0,5.9,87.0,0.0,,,,,,,,,,2020-09-01T12:11:00,,,,0,,,,,,,,,,,,,,
2020-09-01 14:00:00,916.7,29.5,64,1.4,122.0,5.4,75.0,0.0,,,,,,,,,,2020-09-01T13:46:00,,,,0,,,,,,,,,,,,,,
2020-09-01 15:00:00,916.5,29.4,66,1.6,145.0,4.6,62.0,0.0,,,,,,,,,,2020-09-01T14:04:00,,,,0,,,,,,,,,,,,,,
2020-09-01 16:00:00,916.8,28.2,69,1.3,115.0,8.7,82.0,0.0,,,,,,,,,,2020-09-01T15:51:00,,,,0,,,,,,,,,,,,,,
2020-09-01 17:00:00,917.3,27.1,69,0.9,206.0,6.4,87.0,0.0,,,,,,,,,,2020-09-01T16:30:00,,,,0,,,,,,,,,,,,,,
2020-09-01 18:00:00,918.2,25.8,79,0.4,232.0,4.2,87.0,0.0,,,,,,,,,,2020-09-01T17:38:00,,,,0,,,,,,,,,,,,,,
2020-09-01 19:00:00,919.1,24.6,86,1.1,196.0,1.9,183.0,0.0,,,,,,,,,,2020-09-01T18:57:00,,,,0,,,,,,,,,,,,,,
2020-09-01 20:00:00,919.9,24.3,88,0.9,165.0,2.2,137.0,0.0,,,,,,,,,,2020-09-01T19:23:00,,,,0,,,,,,,,,,,,,,
2020-09-01 21:00:00,920.8,23.8,91,0.5,201.0,1.5,185.0,0.0,,,,,,,,,,2020-09-01T20:09:00,,,,0,,,,,,,,,,,,,,
2020-09-01 22:00:00,921.1,23.7,94,0.2,0.0,2.0,128.0,0.0,,,,,,,,,,2020-09-01T21:11:00,,,,0,,,,,,,,,,,,,,
2020-09-01 23:00:00,920.7,22.9,95,0.5,231.0,1.3,208.0,0.0,,,,,,,,,,2020-09-01T22:48:00,,,,0,,,,,,,,,,,,,,
2020-09-02 00:00:00,920.5,23.2,93,0.4,78.0,1.4,138.0,0.0,,,,,,,,,,2020-09-01T23:45:00,,,,0,,,,,,,,,,,,,,
2020-09-02 01:00:00,920.7,23.0,95,0.0,0.0,1.7,118.0,0.0,,,,,,,,,,2020-09-02T00:38:00,,,,0,,,,,,,,,,,,,,
2020-09-02 02:00:00,920.5,22.6,90,0.7,234.0,1.3,242.0,0.0,,,,,,,,,,2020-09-02T01:56:00,,,,0,,,,,,,,,,,,,,
2020-09-02 03:00:00,920.4,21.8,89,0.8,240.0,2.0,219.0,0.0,,,,,,,,,,2020-09-02T02:28:00,,,,0,,,,,,,,,,,,,,
2020-09-02 04:00:00,920.2,20.8,93,1.5,220.0,2.3,206.0,0.0,,,,,,,,,,2020-09-02T03:57:00,,,,0,,,,,,,,,,,,,,
2020-09-02 05:00:00,920.7,21.1,84,1.3,238.0,3.1,287.0,0.0,,,,,,,,,,2020-09-02T04:42:00,,,,0,,,,,,,,,,,,,,
2020-09-02 06:00:00,921.3,21.0,81,0.5,245.0,3.5,218.0,0.0,,,,,,,,,,2020-09-02T05:48:00,,,,0,,,,,,,,,,,,,,
2020-09-02 07:00:00,921.6,23.6,71,0.6,347.0,3.6,326.0,0.0,,,,,,,,,,2020-09-02T06:41:00,,,,0,,,,,,,,,,,,,,
2020-09-02 08:00:00,921.8,26.1,66,0.3,15.0,2.2,89.0,0.0,,,,,,,,,,2020-09-02T07:33:00,,,,0,,,,,,,,,,,,,,
2020-09-02 09:00:00,921.8,28.3,62,0.4,17.0,1.6,121.0,0.0,,,,,,,,,,2020-09-02T08:06:00,,,,0,,,,,,,,,,,,,,
2020-09-02 10:00:00,921.7,29.7,52,1.1,44.0,3.6,93.0,0.0,,,,,,,,,,2020-09-02T09:48:00,,,,0,,,,,,,,,,,,,,
2020-09-02 11:00:00,921.6,30.4,50,1.2,334.0,5.2,50.0,0.0,,,,,,,,,,2020-09-02T10:50:00,,,,0,,,,,,,,,,,,,,
2020-09-02 12:00:00,920.9,30.9,48,1.5,71.0,5.4,134.0,0.0,,,,,,,,,,2020-09-02T11:52:00,,,,0,,,,,,,,,,,,,,
2020-09-02 13:00:00,920.4,31.6,48,1.4,50.0,5.5,87.0,0.0,,,,,,,,,,2020-09-02T12:31:00,,,,0,,,,,,,,,,,,,,
2020-09-02 14:00:00,919.6,31.4,50,1.8,64.0,4.9,38.0,0.0,,,,,,,,,,2020-09-02T13:54:00,,,,0,,,,,,,,,,,,,,
2020-09-02 15:00:00,919.2,30.5,52,2.1,109.0,6.3,136.0,0.0,,,,,,,,,,2020-09-02T14:54:00,,,,0,,,,,,,,,,,,,,
2020-09-02 16:00:00,919.6,29.2,56,1.0,1.0,5.6,82.0,0.0,,,,,,,,,,2020-09-02T15:33:00,,,,0,,,,,,,,,,,,,,
2020-09-02 17:00:00,919.8,27.5,69,1.0,182.0,5.0,178.0,0.0,,,,,,,,,,2020-09-02T16:07:00,,,,0,,,,,,,,,,,,,,
2020-09-02 18:00:00,920.2,26.1,77,1.6,190.0,2.2,200.0,0.0,,,,,,,,,,2020-09-02T17:52:00,,,,0,,,,,,,,,,,,,,
2020-09-02 19:00:00,921.2,24.8,80,1.8,205.0,2.8,200.0,0.0,,,,,,,,,,2020-09-02T18:57:00,,,,0,,,,,,,,,,,,,,
2020-09-02 20:00:00,922.0,24.1,84,1.8,202.0,2.9,203.0,0.0,,,,,,,,,,2020-09-02T19:20:00,,,,0,,,,,,,,,,,,,,
2020-09-02 21:00:00,922.6,23.8,84,1.1,219.0,2.5,230.0,0.0,,,,,,,,,,2020-09-02T20:54:00,,,,0,,,,,,,,,,,,,,
2020-09-02 22:00:00,922.9,24.2,79,0.7,262.0,2.8,257.0,0.0,,,,,,,,,,2020-09-02T21:41:00,,,,0,,,,,,,,,,,,,,
2020-09-02 23:00:00,923.0,23.3,80,0.4,216.0,2.7,208.0,0.0,,,,,,,,,,2020-09-02T22:46:00,,,,0,,,,,,,,,,,,,,
2020-09-03 00:00:00,923.0,22.7,81,0.9,225.0,2.3,222.0,0.0,,,,,,,,,,2020-09-02T23:49:00,,,,0,,,,,,,,,,,,,,
2020-09-03 01:00:00,922.7,22.0,83,0.9,213.0,2.3,232.0,0.0,,,,,,,,,,2020-09-03T00:44:00,,,,0,,,,,,,,,,,,,,
2020-09-03 02:00:00,922.2,21.6,83,1.8,207.0,2.6,207.0,0.0,,,,,,,,,,2020-09-03T01:57:00,,,,0,,,,,,,,,,,,,,
2020-09-03 03:00:00,922.4,21.3,84,1.2,206.0,2.3,210.0,0.0,,,,,,,,,,2020-09-03T02:15:00,,,,0,,,,,,,,,,,,,,
2020-09-03 04:00:00,922.5,20.9,85,1.7,214.0,2.4,202.0,0.0,,,,,,,,,,2020-09-03T03:40:00,,,,0,,,,,,,,,,,,,,
2020-09-03 05:00:00,922.5,21.0,82,0.7,213.0,2.6,222.0,0.0,,,,,,,,,,2020-09-03T04:22:00,,,,0,,,,,,,,,,,,,,
2020-09-03 06:00:00,922.9,21.0,81,1.7,204.0,2.5,203.0,0.0,,,,,,,,,,2020-09-03T05:54:00,,,,0,,,,,,,,,,,,,,
2020-09-03 07:00:00,923.8,23.6,74,0.3,217.0,1.6,195.0,0.0,,,,,,,,,,2020-09-03T06:27:00,,,,0,,,,,,,,,,,,,,
2020-09-03 08:00:00,923.7,26.4,67,0.6,51.0,1.3,360.0,0.0,,,,,,,,,,2020-09-03T07:22:00,,,,0,,,,,,,,,,,,,,
2020-09-03 09:00:00,924.0,28.6,59,1.0,77.0,2.3,104.0,0.0,,,,,,,,,,2020-09-03T09:00:00,,,,0,,,,,,,,,,,,,,
2020-09-03 10:00:00,924.3,30.2,54,1.2,55.0,3.8,90.0,0.0,,,,,,,,,,2020-09-03T09:57:00,,,,0,,,,,,,,,,,,,,
2020-09-03 11:00:00,924.3,30.0,53,1.7,88.0,6.4,101.0,0.0,,,,,,,,,,2020-09-03T10:17:00,,,,0,,,,,,,,,,,,,,
2020-09-03 12:00:00,924.1,30.5,56,1.5,82.0,6.5,68.0,0.0,,,,,,,,,,2020-09-03T11:32:00,,,,0,,,,,,,,,,,,,,
2020-09-03 13:00:00,923.4,31.1,53,1.2,52.0,5.4,58.0,0.0,,,,,,,,,,2020-09-03T12:43:00,,,,0,,,,,,,,,,,,,,
2020-09-03 14:00:00,923.1,29.3,64,1.0,89.0,4.2,93.0,0.0,,,,,,,,,,2020-09-03T13:20:00,,,,0,,,,,,,,,,,,,,
2020-09-03 15:00:00,923.2,26.7,75,2.0,128.0,7.8,13.0,0.0,,,,,,,,,,2020-09-03T15:00:00,,,,0,,,,,,,,,,,,,,
2020-09-03 16:00:00,924.3,24.1,81,1.0,115.0,10.8,74.0,0.0,,,,,,,,,,2020-09-03T15:08:00,,,,0,,,,,,,,,,,,,,
2020-09-03 17:00:00,924.3,23.6,87,0.6,235.0,3.0,95.0,0.0,,,,,,,,,,2020-09-03T16:01:00,,,,0,,,,,,,,,,,,,,
2020-09-03 18:00:00,924.9,23.2,90,0.7,211.0,2.0,200.0,0.0,,,,,,,,,,2020-09-03T17:09:00,,,,0,,,,,,,,,,,,,,
2020-09-03 19:00:00,925.9,22.7,95,0.3,278.0,1.6,187.0,0.0,,,,,,,,,,2020-09-03T18:41:00,,,,0,,,,,,,,,,,,,,
2020-09-03 20:00:00,926.6,22.1,98,0.2,0.0,1.0,242.0,3.0,,,,,,,,,,2020-09-03T19:01:00,,,,0,,,,,,,,,,,,,,
2020-09-03 21:00:00,926.9,22.0,98,0.7,238.0,1.4,232.0,0.0,,,,,,,,,,2020-09-03T20:58:00,,,,0,,,,,,,,,,,,,,
2020-09-03 22:00:00,926.4,22.1,97,0.2,0.0,3.3,332.0,0.0,,,,,,,,,,2020-09-03T21:39:00,,,,0,,,,,,,,,,,,,,
2020-09-03 23:00:00,926.4,21.1,97,1.1,206.0,1.8,200.0,0.0,,,,,,,,,,2020-09-03T22:42:00,,,,0,,,,,,,,,,,,,,
2020-09-04 00:00:00,926.3,20.8,97,0.4,230.0,2.8,199.0,0.0,,,,,,,,,,2020-09-03T23:20:00,,,,0,,,,,,,,,,,,,,
2020-09-04 01:00:00,925.8,20.9,95,0.7,245.0,2.7,293.0,0.0,,,,,,,,,,2020-09-04T00:33:00,,,,0,,,,,,,,,,,,,,
2020-09-04 02:00:00,925.8,20.7,98,0.5,228.0,2.6,210.0,0.0,,,,,,,,,,2020-09-04T01:30:00,,,,0,,,,,,,,,,,,,,
2020-09-04 03:00:00,925.1,21.3,91,1.0,267.0,2.7,300.0,0.0,,,,,,,,,,2020-09-04T02:53:00,,,,0,,,,,,,,,,,,,,
2020-09-04 04:00:00,924.7,21.0,90,0.7,241.0,3.5,290.0,0.0,,,,,,,,,,2020-09-04T03:07:00,,,,0,,,,,,,,,,,,,,
2020-09-04 05:00:00,924.8,19.7,96,1.1,206.0,2.6,325.0,0.0,,,,,,,,,,2020-09-04T04:05:00,,,,0,,,,,,,,,,,,,,
2020-09-04 06:00:00,925.3,19.9,93,0.8,222.0,2.1,210.0,0.0,,,,,,,,,,2020-09-04T05:40:00,,,,0,,,,,,,,,,,,,,
2020-09-04 07:00:00,925.4,23.1,84,0.2,0.0,2.5,202.0,0.0,,,,,,,,,,2020-09-04T06:11:00,,,,0,,,,,,,,,,,,,,
2020-09-04 08:00:00,925.8,25.0,74,0.4,35.0,1.4,29.0,0.0,,,,,,,,,,2020-09-04T07:31:00,,,,0,,,,,,,,,,,,,,
2020-09-04 09:00:00,926.1,26.8,72,0.8,67.0,2.2,89.0,0.0,,,,,,,,,,2020-09-04T08:51:00,,,,0,,,,,,,,,,,,,,
2020-09-04 10:00:00,925.9,27.4,73,1.5,60.0,4.4,89.0,0.0,,,,,,,,,,2020-09-04T09:59:00,,,,0,,,,,,,,,,,,,,
2020-09-04 11:00:00,925.2,27.5,71,1.7,117.0,5.6,109.0,0.0,,,,,,,,,,2020-09-04T10:50:00,,,,0,,,,,,,,,,,,,,
2020-09-04 12:00:00,924.4,28.5,67,1.9,71.0,7.3,75.0,0.0,,,,,,,,,,2020-09-04T11:01:00,,,,0,,,,,,,,,,,,,,
2020-09-04 13:00:00,923.8,28.8,64,1.7,69.0,5.7,18.0,0.0,,,,,,,,,,2020-09-04T12:39:00,,,,0,,,,,,,,,,,,,,
2020-09-04 14:00:00,923.4,27.9,69,0.8,30.0,6.2,58.0,0.0,,,,,,,,,,2020-09-04T13:02:00,,,,0,,,,,,,,,,,,,,
2020-09-04 15:00:00,923.0,26.6,73,0.8,67.0,6.8,93.0,0.0,,,,,,,,,,2020-09-04T14:25:00,,,,0,,,,,,,,,,,,,,
2020-09-04 16:00:00,923.2,26.3,75,1.4,74.0,5.0,87.0,0.0,,,,,,,,,,2020-09-04T15:26:00,,,,0,,,,,,,,,,,,,,
2020-09-04 17:00:00,923.3,24.6,80,0.8,107.0,5.2,59.0,0.0,,,,,,,,,,2020-09-04T16:13:00,,,,0,,,,,,,,,,,,,,
2020-09-04 18:00:00,923.7,23.7,84,0.8,170.0,3.7,95.0,0.0,,,,,,,,,,2020-09-04T17:01:00,,,,0,,,,,,,,,,,,,,
2020-09-04 19:00:00,924.0,22.6,92,1.0,183.0,2.7,138.0,0.0,,,,,,,,,,2020-09-04T18:01:00,,,,0,,,,,,,,,,,,,,
2020-09-04 20:00:00,924.7,22.5,92,0.8,184.0,2.3,192.0,0.0,,,,,,,,,,2020-09-04T19:24:00,,,,0,,,,,,,,,,,,,,
2020-09-04 21:00:00,925.3,22.1,96,0.2,0.0,1.0,231.0,0.0,,,,,,,,,,2020-09-04T21:00:00,,,,0,,,,,,,,,,,,,,
2020-09-04 22:00:00,925.3,21.9,95,0.9,233.0,1.8,222.0,0.0,,,,,,,,,,2020-09-04T21:55:00,,,,0,,,,,,,,,,,,,,
2020-09-04 23:00:00,924.9,21.4,98,0.0,0.0,2.2,282.0,0.5,,,,,,,,,,2020-09-04T22:29:00,,,,0,,,,,,,,,,,,,,
2020-09-05 00:00:00,924.4,21.2,98,1.2,181.0,1.7,214.0,0.0,,,,,,,,,,2020-09-04T23:19:00,,,,0,,,,,,,,,,,,,,
2020-09-05 01:00:00,923.8,20.9,97,1.0,218.0,1.6,203.0,0.0,,,,,,,,,,2020-09-05T00:49:00,,,,0,,,,,,,,,,,,,,
2020-09-05 02:00:00,923.1,20.2,98,0.9,178.0,1.8,201.0,0.0,,,,,,,,,,2020-09-05T01:29:00,,,,0,,,,,,,,,,,,,,
2020-09-05 03:00:00,923.0,20.4,97,0.8,253.0,2.0,197.0,0.0,,,,,,,,,,2020-09-05T02:26:00,,,,0,,,,,,,,,,,,,,
2020-09-05 04:00:00,922.8,20.2,98,0.5,226.0,2.4,214.0,0.0,,,,,,,,,,2020-09-05T03:08:00,,,,0,,,,,,,,,,,,,,
2020-09-05 05:00:00,922.7,20.0,95,1.1,216.0,2.2,217.0,0.0,,,,,,,,,,2020-09-05T04:46:00,,,,0,,,,,,,,,,,,,,
2020-09-05 06:00:00,922.7,19.7,97,1.1,222.0,2.0,200.0,0.0,,,,,,,,,,2020-09-05T05:01:00,,,,0,,,,,,,,,,,,,,
2020-09-05 07:00:00,922.9,22.5,86,0.1,0.0,1.8,213.0,0.0,,,,,,,,,,2020-09-05T06:04:00,,,,0,,,,,,,,,,,,,,
2020-09-05 08:00:00,923.0,23.1,82,0.3,360.0,1.5,248.0,0.0,,,,,,,,,,2020-09-05T07:20:00,,,,0,,,,,,,,,,,,,,
2020-09-05 09:00:00,923.6,24.9,75,0.5,11.0,1.6,71.0,0.0,,,,,,,,,,2020-09-05T09:00:00,,,,0,,,,,,,,,,,,,,
2020-09-05 10:00:00,923.2,24.8,74,0.1,0.0,1.4,62.0,0.0,,,,,,,,,,2020-09-05T09:03:00,,,,0,,,,,,,,,,,,,,
2020-09-05 11:00:00,922.8,25.4,73,1.1,111.0,3.0,93.0,0.0,,,,,,,,,,2020-09-05T10:53:00,,,,0,,,,,,,,,,,,,,
2020-09-05 12:00:00,921.9,26.8,65,1.8,125.0,3.6,120.0,0.0,,,,,,,,,,2020-09-05T11:55:00,,,,0,,,,,,,,,,,,,,
2020-09-05 13:00:00,921.3,26.6,66,1.6,92.0,6.5,74.0,0.0,,,,,,,,,,2020-09-05T12:48:00,,,,0,,,,,,,,,,,,,,
2020-09-05 14:00:00,920.8,26.4,68,1.1,135.0,5.1,140.0,0.0,,,,,,,,,,2020-09-05T13:02:00,,,,0,,,,,,,,,,,,,,
2020-09-05 15:00:00,920.1,26.0,67,0.9,122.0,4.3,86.0,0.0,,,,,,,,,,2020-09-05T14:47:00,,,,0,,,,,,,,,,,,,,
2020-09-05 16:00:00,920.0,25.0,67,0.6,247.0,5.3,258.0,0.0,,,,,,,,,,2020-09-05T15:10:00,,,,0,,,,,,,,,,,,,,
2020-09-05 17:00:00,920.1,24.7,71,0.4,177.0,1.6,69.0,0.0,,,,,,,,,,2020-09-05T16:22:00,,,,0,,,,,,,,,,,,,,
2020-09-05 18:00:00,920.0,23.5,76,0.5,194.0,3.1,136.0,0.0,,,,,,,,,,2020-09-05T17:20:00,,,,0,,,,,,,,,,,,,,
2020-09-05 19:00:00,920.3,21.9,76,1.4,182.0,1.9,158.0,0.0,,,,,,,,,,2020-09-05T18:52:00,,,,0,,,,,,,,,,,,,,
2020-09-05 20:00:00,921.0,22.0,93,0.9,182.0,2.6,183.0,0.0,,,,,,,,,,2020-09-05T19:51:00,,,,0,,,,,,,,,,,,,,
2020-09-05 21:00:00,921.5,21.7,90,1.5,131.0,2.5,134.0,0.0,,,,,,,,,,2020-09-05T20:04:00,,,,0,,,,,,,,,,,,,,
2020-09-05 22:00:00,921.4,20.3,89,1.8,204.0,2.7,200.0,0.0,,,,,,,,,,2020-09-05T21:55:00,,,,0,,,,,,,,,,,,,,
2020-09-05 23:00:00,921.1,19.7,94,1.3,215.0,2.3,212.0,0.0,,,,,,,,,,2020-09-05T22:01:00,,,,0,,,,,,,,,,,,,,
2020-09-06 00:00:00,920.8,19.5,93,1.3,197.0,2.6,193.0,0.0,,,,,,,,,,2020-09-05T23:37:00,,,,0,,,,,,,,,,,,,,
2020-09-06 01:00:00,920.5,19.0,95,1.6,209.0,2.3,198.0,0.0,,,,,,,,,,2020-09-06T00:34:00,,,,0,,,,,,,,,,,,,,
2020-09-06 02:00:00,919.9,19.0,93,1.3,203.0,2.2,229.0,0.0,,,,,,,,,,2020-09-06T01:46:00,,,,0,,,,,,,,,,,,,,
2020-09-06 03:00:00,919.4,18.4,94,1.5,219.0,2.4,197.0,0.0,,,,,,,,,,2020-09-06T02:50:00,,,,0,,,,,,,,,,,,,,
2020-09-06 04:00:00,919.3,18.1,94,1.2,206.0,2.0,215.0,0.0,,,,,,,,,,2020-09-06T03:57:00,,,,0,,,,,,,,,,,,,,
2020-09-06 05:00:00,919.4,18.1,93,1.2,214.0,2.2,217.0,0.0,,,,,,,,,,2020-09-06T04:37:00,,,,0,,,,,,,,,,,,,,
2020-09-06 06:00:00,919.4,18.3,91,0.6,181.0,3.0,227.0,0.0,,,,,,,,,,2020-09-06T05:37:00,,,,0,,,,,,,,,,,,,,
2020-09-06 07:00:00,919.9,21.2,84,0.3,17.0,1.7,150.0,0.0,,,,,,,,,,2020-09-06T06:10:00,,,,0,,,,,,,,,,,,,,
2020-09-06 08:00:00,920.1,23.6,73,0.4,347.0,1.2,353.0,0.0,,,,,,,,,,2020-09-06T07:43:00,,,,0,,,,,,,,,,,,,,
2020-09-06 09:00:00,920.1,25.0,71,1.1,73.0,2.2,33.0,0.0,,,,,,,,,,2020-09-06T08:34:00,,,,0,,,,,,,,,,,,,,
2020-09-06 10:00:00,920.0,26.1,67,2.3,94.0,5.6,82.0,0.0,,,,,,,,,,2020-09-06T09:29:00,,,,0,,,,,,,,,,,,,,
2020-09-06 11:00:00,919.7,26.8,66,1.6,91.0,7.1,148.0,0.0,,,,,,,,,,2020-09-06T10:49:00,,,,0,,,,,,,,,,,,,,
2020-09-06 12:00:00,919.0,27.9,63,1.3,42.0,6.6,74.0,0.0,,,,,,,,,,2020-09-06T11:40:00,,,,0,,,,,,,,,,,,,,
2020-09-06 13:00:00,918.5,27.1,67,1.7,78.0,5.6,91.0,0.0,,,,,,,,,,2020-09-06T12:06:00,,,,0,,,,,,,,,,,,,,
2020-09-06 14:00:00,918.2,26.9,70,2.0,102.0,6.9,56.0,0.0,,,,,,,,,,2020-09-06T13:37:00,,,,0,,,,,,,,,,,,,,
2020-09-06 15:00:00,918.2,25.6,74,1.8,44.0,6.6,128.0,0.0,,,,,,,,,,2020-09-06T14:45:00,,,,0,,,,,,,,,,,,,,
2020-09-06 16:00:00,918.3,25.3,78,0.6,10.0,6.5,76.0,0.0,,,,,,,,,,2020-09-06T15:20:00,,,,0,,,,,,,,,,,,,,
2020-09-06 17:00:00,919.4,23.2,88,2.8,118.0,5.7,61.0,0.0,,,,,,,,,,2020-09-06T16:58:00,,,,0,,,,,,,,,,,,,,
2020-09-06 18:00:00,920.0,22.5,91,1.1,185.0,4.0,93.0,0.0,,,,,,,,,,2020-09-06T17:13:00,,,,0,,,,,,,,,,,,,,
2020-09-06 19:00:00,920.7,22.0,93,1.4,133.0,3.6,145.0,0.0,,,,,,,,,,2020-09-06T18:29:00,,,,0,,,,,,,,,,,,,,
2020-09-06 20:00:00,921.7,21.9,94,1.3,140.0,3.6,96.0,0.0,,,,,,,,,,2020-09-06T20:00:00,,,,0,,,,,,,,,,,,,,
2020-09-06 21:00:00,922.5,21.7,94,0.9,144.0,3.4,129.0,0.0,,,,,,,,,,2020-09-06T20:11:00,,,,0,,,,,,,,,,,,,,
2020-09-06 22:00:00,923.1,21.6,94,0.7,138.0,2.8,133.0,0.0,,,,,,,,,,2020-09-06T21:44:00,,,,0,,,,,,,,,,,,,,
2020-09-06 23:00:00,923.2,21.0,95,0.7,201.0,2.4,179.0,0.0,,,,,,,,,,2020-09-06T22:05:00,,,,0,,,,,,,,,,,,,,
2020-09-07 00:00:00,922.8,20.5,96,0.5,208.0,1.7,215.0,0.0,,,,,,,,,,2020-09-06T23:12:00,,,,0,,,,,,,,,,,,,,
2020-09-07 01:00:00,922.7,19.8,94,1.5,212.0,2.3,198.0,0.0,,,,,,,,,,2020-09-07T00:19:00,,,,0,,,,,,,,,,,,,,
2020-09-07 02:00:00,922.6,18.9,94,1.1,224.0,2.7,227.0,0.0,,,,,,,,,,2020-09-07T01:14:00,,,,0,,,,,,,,,,,,,,
2020-09-07 03:00:00,922.8,19.6,82,1.3,254.0,3.2,302.0,0.0,,,,,,,,,,2020-09-07T02:53:00,,,,0,,,,,,,,,,,,,,
2020-09-07 04:00:00,922.8,18.9,83,1.4,227.0,2.5,211.0,0.0,,,,,,,,,,2020-09-07T04:00:00,,,,0,,,,,,,,,,,,,,
2020-09-07 05:00:00,923.0,18.4,85,0.9,215.0,2.9,223.0,0.0,,,,,,,,,,2020-09-07T04:01:00,,,,0,,,,,,,,,,,,,,
2020-09-07 06:00:00,923.8,17.8,89,1.6,208.0,2.3,200.0,0.0,,,,,,,,,,2020-09-07T05:31:00,,,,0,,,,,,,,,,,,,,
2020-09-07 07:00:00,924.6,21.4,75,0.3,356.0,2.1,205.0,0.0,,,,,,,,,,2020-09-07T06:05:00,,,,0,,,,,,,,,,,,,,
2020-09-07 08:00:00,924.8,22.8,66,0.5,49.0,1.5,29.0,0.0,,,,,,,,,,2020-09-07T07:49:00,,,,0,,,,,,,,,,,,,,
2020-09-07 09:00:00,924.9,25.8,56,1.2,72.0,2.8,18.0,0.0,,,,,,,,,,2020-09-07T09:00:00,,,,0,,,,,,,,,,,,,,
2020-09-07 10:00:00,924.7,26.7,64,0.9,90.0,5.5,116.0,0.0,,,,,,,,,,2020-09-07T10:00:00,,,,0,,,,,,,,,,,,,,
2020-09-07 11:00:00,924.5,26.2,63,1.8,111.0,7.0,58.0,0.0,,,,,,,,,,2020-09-07T10:39:00,,,,0,,,,,,,,,,,,,,
2020-09-07 12:00:00,924.5,27.0,60,1.9,43.0,7.3,323.0,0.0,,,,,,,,,,2020-09-07T11:20:00,,,,0,,,,,,,,,,,,,,
2020-09-07 13:00:00,924.2,27.0,59,2.2,111.0,6.0,85.0,0.0,,,,,,,,,,2020-09-07T12:52:00,,,,0,,,,,,,,,,,,,,
2020-09-07 14:00:00,924.3,25.3,63,1.4,43.0,7.7,162.0,0.0,,,,,,,,,,2020-09-07T13:03:00,,,,0,,,,,,,,,,,,,,
2020-09-07 15:00:00,924.5,24.6,64,1.1,76.0,4.9,76.0,0.0,,,,,,,,,,2020-09-07T14:59:00,,,,0,,,,,,,,,,,,,,
2020-09-07 16:00:00,925.0,23.5,66,0.4,185.0,3.3,228.0,0.0,,,,,,,,,,2020-09-07T15:13:00,,,,0,,,,,,,,,,,,,,
2020-09-07 17:00:00,925.4,23.0,66,0.5,181.0,1.9,32.0,0.0,,,,,,,,,,2020-09-07T16:39:00,,,,0,,,,,,,,,,,,,,
2020-09-07 18:00:00,926.1,22.3,69,0.9,174.0,1.7,176.0,0.0,,,,,,,,,,2020-09-07T17:13:00,,,,0,,,,,,,,,,,,,,
2020-09-07 19:00:00,926.5,22.0,74,0.9,224.0,1.9,224.0,0.0,,,,,,,,,,2020-09-07T18:37:00,,,,0,,,,,,,,,,,,,,
2020-09-07 20:00:00,927.3,21.7,76,0.6,265.0,3.1,285.0,0.0,,,,,,,,,,2020-09-07T19:34:00,,,,0,,,,,,,,,,,,,,
2020-09-07 21:00:00,928.2,21.6,78,0.5,267.0,2.7,342.0,0.0,,,,,,,,,,2020-09-07T20:38:00,,,,0,,,,,,,,,,,,,,
2020-09-07 22:00:00,928.3,21.8,77,0.3,249.0,3.1,288.0,0.0,,,,,,,,,,2020-09-07T21:27:00,,,,0,,,,,,,,,,,,,,
2020-09-07 23:00:00,928.3,20.5,83,1.2,203.0,1.8,213.0,0.0,,,,,,,,,,2020-09-07T22:58:00,,,,0,,,,,,,,,,,,,,
2020-09-08 00:00:00,928.0,19.8,85,1.7,219.0,2.9,226.0,0.0,,,,,,,,,,2020-09-07T23:57:00,,,,0,,,,,,,,,,,,,,
2020-09-08 01:00:00,927.5,19.9,86,0.6,186.0,2.3,243.0,0.0,,,,,,,,,,2020-09-08T00:04:00,,,,0,,,,,,,,,,,,,,
2020-09-08 02:00:00,927.5,19.2,87,1.5,208.0,2.2,226.0,0.0,,,,,,,,,,2020-09-08T01:08:00,,,,0,,,,,,,,,,,,,,
2020-09-08 03:00:00,927.3,19.0,84,1.3,233.0,2.4,224.0,0.0,,,,,,,,,,2020-09-08T02:58:00,,,,0,,,,,,,,,,,,,,
2020-09-08 04:00:00,927.5,18.7,86,1.0,202.0,2.1,232.0,0.0,,,,,,,,,,2020-09-08T03:50:00,,,,0,,,,,,,,,,,,,,
2020-09-08 05:00:00,927.6,19.6,79,1.0,239.0,3.7,343.0,0.0,,,,,,,,,,2020-09-08T04:50:00,,,,0,,,,,,,,,,,,,,
2020-09-08 06:00:00,927.9,18.5,86,0.5,231.0,2.4,210.0,0.0,,,,,,,,,,2020-09-08T05:20:00,,,,0,,,,,,,,,,,,,,
2020-09-08 07:00:00,928.5,22.5,69,0.1,0.0,3.0,244.0,0.0,,,,,,,,,,2020-09-08T06:12:00,,,,0,,,,,,,,,,,,,,
2020-09-08 08:00:00,928.6,24.4,63,0.5,46.0,1.4,20.0,0.0,,,,,,,,,,2020-09-08T07:48:00,,,,0,,,,,,,,,,,,,,
2020-09-08 09:00:00,928.6,26.2,57,1.1,82.0,3.2,87.0,0.0,,,,,,,,,,2020-09-08T08:55:00,,,,0,,,,,,,,,,,,,,
2020-09-08 10:00:00,928.1,27.0,55,1.5,75.0,5.1,117.0,0.0,,,,,,,,,,2020-09-08T09:58:00,,,,0,,,,,,,,,,,,,,
2020-09-08 11:00:00,927.8,27.6,56,1.6,54.0,6.2,85.0,0.0,,,,,,,,,,2020-09-08T10:46:00,,,,0,,,,,,,,,,,,,,
2020-09-08 12:00:00,927.6,28.4,57,1.7,69.0,6.4,73.0,0.0,,,,,,,,,,2020-09-08T11:27:00,,,,0,,,,,,,,,,,,,,
2020-09-08 13:00:00,926.9,28.2,54,1.7,139.0,6.1,30.0,0.0,,,,,,,,,,2020-09-08T12:33:00,,,,0,,,,,,,,,,,,,,
2020-09-08 14:00:00,926.7,28.5,58,1.4,76.0,5.2,56.0,0.0,,,,,,,,,,2020-09-08T13:56:00,,,,0,,,,,,,,,,,,,,
2020-09-08 15:00:00,926.5,26.4,65,1.6,144.0,4.8,98.0,0.0,,,,,,,,,,2020-09-08T14:39:00,,,,0,,,,,,,,,,,,,,
2020-09-08 16:00:00,926.4,26.5,66,0.3,357.0,3.6,102.0,0.0,,,,,,,,,,2020-09-08T15:01:00,,,,0,,,,,,,,,,,,,,
2020-09-08 17:00:00,926.9,24.5,79,0.5,83.0,3.6,255.0,0.0,,,,,,,,,,2020-09-08T16:23:00,,,,0,,,,,,,,,,,,,,
2020-09-08 18:00:00,927.2,23.6,87,0.3,262.0,1.0,309.0,0.0,,,,,,,,,,2020-09-08T17:39:00,,,,0,,,,,,,,,,,,,,
2020-09-08 19:00:00,927.4,22.3,91,0.9,200.0,1.8,252.0,0.0,,,,,,,,,,2020-09-08T18:27:00,,,,0,,,,,,,,,,,,,,
2020-09-08 20:00:00,928.2,22.1,94,0.9,200.0,1.3,189.0,0.0,,,,,,,,,,2020-09-08T19:03:00,,,,0,,,,,,,,,,,,,,
2020-09-08 21:00:00,928.9,22.5,90,0.4,279.0,2.1,297.0,0.0,,,,,,,,,,2020-09-08T20:54:00,,,,0,,,,,,,,,,,,,,
2020-09-08 22:00:00,928.6,21.8,91,0.6,212.0,1.4,272.0,0.0,,,,,,,,,,2020-09-08T21:05:00,,,,0,,,,,,,,,,,,,,
2020-09-08 23:00:00,928.6,21.1,93,0.8,202.0,1.5,211.0,0.0,,,,,,,,,,2020-09-08T22:12:00,,,,0,,,,,,,,,,,,,,
2020-09-09 00:00:00,928.4,20.6,95,1.2,230.0,2.2,208.0,0.0,,,,,,,,,,2020-09-08T23:20:00,,,,0,,,,,,,,,,,,,,
2020-09-09 01:00:00,927.8,20.9,90,1.0,228.0,2.8,200.0,0.0,,,,,,,,,,2020-09-09T00:42:00,,,,0,,,,,,,,,,,,,,
2020-09-09 02:00:00,927.4,20.4,92,0.9,210.0,1.7,268.0,0.0,,,,,,,,,,2020-09-09T01:02:00,,,,0,,,,,,,,,,,,,,
2020-09-09 03:00:00,927.1,20.7,89,0.8,229.0,2.0,217.0,0.0,,,,,,,,,,2020-09-09T02:04:00,,,,0,,,,,,,,,,,,,,
2020-09-09 04:00:00,926.7,20.2,91,0.6,195.0,2.0,212.0,0.0,,,,,,,,,,2020-09-09T03:59:00,,,,0,,,,,,,,,,,,,,
2020-09-09 05:00:00,926.9,20.1,91,0.6,194.0,1.9,198.0,0.0,,,,,,,,,,2020-09-09T04:18:00,,,,0,,,,,,,,,,,,,,
2020-09-09 06:00:00,927.5,20.2,90,1.1,225.0,2.2,240.0,0.0,,,,,,,,,,2020-09-09T05:55:00,,,,0,,,,,,,,,,,,,,
2020-09-09 07:00:00,927.5,23.4,77,0.2,0.0,1.9,335.0,0.0,,,,,,,,,,2020-09-09T07:00:00,,,,0,,,,,,,,,,,,,,
2020-09-09 08:00:00,927.4,25.6,70,0.6,16.0,1.7,331.0,0.0,,,,,,,,,,2020-09-09T07:15:00,,,,0,,,,,,,,,,,,,,
2020-09-09 09:00:00,927.1,26.9,66,1.0,67.0,3.8,75.0,0.0,,,,,,,,,,2020-09-09T08:53:00,,,,0,,,,,,,,,,,,,,
2020-09-09 10:00:00,926.6,27.4,67,2.3,81.0,6.1,94.0,0.0,,,,,,,,,,2020-09-09T09:53:00,,,,0,,,,,,,,,,,,,,
2020-09-09 11:00:00,925.6,28.6,61,2.0,64.0,7.5,67.0,0.0,,,,,,,,,,2020-09-09T10:13:00,,,,0,,,,,,,,,,,,,,
2020-09-09 12:00:00,924.9,27.6,62,2.2,70.0,6.4,42.0,0.0,,,,,,,,,,2020-09-09T11:42:00,,,,0,,,,,,,,,,,,,,
2020-09-09 13:00:00,924.0,28.3,63,1.4,42.0,5.3,14.0,0.0,,,,,,,,,,2020-09-09T12:47:00,,,,0,,,,,,,,,,,,,,
2020-09-09 14:00:00,923.8,26.4,72,1.3,66.0,6.5,50.0,0.0,,,,,,,,,,2020-09-09T13:22:00,,,,0,,,,,,,,,,,,,,
2020-09-09 15:00:00,924.6,23.2,92,1.2,175.0,4.6,93.0,1.5,,,,,,,,,,2020-09-09T14:16:00,,,,0,,,,,,,,,,,,,,
2020-09-09 16:00:00,925.1,21.9,98,0.1,0.0,2.3,21.0,7.5,,,,,,,,,,2020-09-09T15:36:00,,,,0,,,,,,,,,,,,,,
2020-09-09 17:00:00,924.9,21.6,96,1.2,255.0,4.0,297.0,2.5,,,,,,,,,,2020-09-09T16:31:00,,,,0,,,,,,,,,,,,,,
2020-09-09 18:00:00,924.6,21.3,99,0.3,254.0,2.6,305.0,3.0,,,,,,,,,,2020-09-09T17:02:00,,,,0,,,,,,,,,,,,,,
2020-09-09 19:00:00,924.8,21.1,99,0.7,257.0,1.6,219.0,3.5,,,,,,,,,,2020-09-09T18:23:00,,,,0,,,,,,,,,,,,,,
2020-09-09 20:00:00,925.2,20.8,94,0.9,234.0,4.7,295.0,0.0,,,,,,,,,,2020-09-09T19:28:00,,,,0,,,,,,,,,,,,,,
2020-09-09 21:00:00,925.8,20.1,99,0.6,221.0,2.4,242.0,0.0,,,,,,,,,,2020-09-09T20:03:00,,,,0,,,,,,,,,,,,,,
2020-09-09 22:00:00,925.6,19.7,98,0.0,0.0,2.1,221.0,0.0,,,,,,,,,,2020-09-09T21:33:00,,,,0,,,,,,,,,,,,,,
2020-09-09 23:00:00,925.1,19.6,97,0.9,234.0,2.2,206.0,0.0,,,,,,,,,,2020-09-09T23:00:00,,,,0,,,,,,,,,,,,,,
2020-09-10 00:00:00,925.0,19.4,98,0.6,241.0,2.9,218.0,0.0,,,,,,,,,,2020-09-09T23:01:00,,,,0,,,,,,,,,,,,,,
2020-09-10 01:00:00,924.7,19.5,97,0.5,214.0,1.8,203.0,0.0,,,,,,,,,,2020-09-10T00:31:00,,,,0,,,,,,,,,,,,,,
2020-09-10 02:00:00,924.4,19.4,98,0.5,213.0,1.5,212.0,0.0,,,,,,,,,,2020-09-10T01:01:00,,,,0,,,,,,,,,,,,,,
2020-09-10 03:00:00,923.9,19.5,97,1.1,213.0,1.9,235.0,0.0,,,,,,,,,,2020-09-10T02:01:00,,,,0,,,,,,,,,,,,,,
2020-09-10 04:00:00,923.8,19.4,98,0.2,0.0,1.1,242.0,0.0,,,,,,,,,,2020-09-10T03:13:00,,,,0,,,,,,,,,,,,,,
2020-09-10 05:00:00,923.8,19.3,98,0.8,207.0,1.4,213.0,0.0,,,,,,,,,,2020-09-10T04:21:00,,,,0,,,,,,,,,,,,,,
2020-09-10 06:00:00,924.1,19.9,94,0.9,234.0,1.8,222.0,0.0,,,,,,,,,,2020-09-10T05:38:00,,,,0,,,,,,,,,,,,,,
2020-09-10 07:00:00,924.1,20.3,93,0.1,0.0,2.5,313.0,0.0,,,,,,,,,,2020-09-10T07:00:00,,,,0,,,,,,,,,,,,,,
2020-09-10 08:00:00,923.8,24.0,80,0.5,27.0,2.4,297.0,0.0,,,,,,,,,,2020-09-10T07:08:00,,,,0,,,,,,,,,,,,,,
2020-09-10 09:00:00,923.7,25.8,68,1.3,79.0,2.6,80.0,0.0,,,,,,,,,,2020-09-10T08:57:00,,,,0,,,,,,,,,,,,,,
2020-09-10 10:00:00,923.9,26.9,62,1.3,32.0,4.4,78.0,0.0,,,,,,,,,,2020-09-10T09:59:00,,,,0,,,,,,,,,,,,,,
2020-09-10 11:00:00,923.2,27.1,67,1.5,78.0,5.0,5.0,0.0,,,,,,,,,,2020-09-10T10:39:00,,,,0,,,,,,,,,,,,,,
2020-09-10 12:00:00,922.8,27.3,68,2.7,82.0,8.1,60.0,0.0,,,,,,,,,,2020-09-10T11:28:00,,,,0,,,,,,,,,,,,,,
2020-09-10 13:00:00,922.3,26.6,71,0.6,109.0,7.9,38.0,0.0,,,,,,,,,,2020-09-10T12:11:00,,,,0,,,,,,,,,,,,,,
2020-09-10 14:00:00,921.9,26.1,78,0.7,298.0,3.7,211.0,0.0,,,,,,,,,,2020-09-10T13:17:00,,,,0,,,,,,,,,,,,,,
2020-09-10 15:00:00,922.3,22.7,96,1.6,141.0,4.4,114.0,13.0,,,,,,,,,,2020-09-10T15:00:00,,,,0,,,,,,,,,,,,,,
2020-09-10 16:00:00,922.4,22.2,95,1.0,144.0,4.6,107.0,5.0,,,,,,,,,,2020-09-10T15:29:00,,,,0,,,,,,,,,,,,,,
2020-09-10 17:00:00,923.0,22.0,98,0.4,116.0,1.7,147.0,2.0,,,,,,,,,,2020-09-10T16:07:00,,,,0,,,,,,,,,,,,,,
2020-09-10 18:00:00,923.3,21.8,99,0.0,0.0,1.4,189.0,0.5,,,,,,,,,,2020-09-10T17:14:00,,,,0,,,,,,,,,,,,,,
2020-09-10 19:00:00,923.7,20.9,98,1.1,224.0,1.9,221.0,0.0,,,,,,,,,,2020-09-10T18:59:00,,,,0,,,,,,,,,,,,,,
2020-09-10 20:00:00,923.8,21.0,99,0.6,230.0,2.6,222.0,0.0,,,,,,,,,,2020-09-10T19:42:00,,,,0,,,,,,,,,,,,,,
2020-09-10 21:00:00,924.5,20.8,99,0.4,214.0,1.2,207.0,0.0,,,,,,,,,,2020-09-10T20:59:00,,,,0,,,,,,,,,,,,,,
2020-09-10 22:00:00,925.1,21.0,99,0.9,226.0,2.5,255.0,0.0,,,,,,,,,,2020-09-10T21:53:00,,,,0,,,,,,,,,,,,,,
2020-09-10 23:00:00,924.9,21.1,97,0.8,270.0,2.8,294.0,0.5,,,,,,,,,,2020-09-10T22:54:00,,,,0,,,,,,,,,,,,,,
2020-09-11 00:00:00,924.4,20.9,91,1.1,248.0,3.1,229.0,0.0,,,,,,,,,,2020-09-10T23:40:00,,,,0,,,,,,,,,,,,,,
2020-09-11 01:00:00,923.9,20.1,95,0.9,214.0,2.6,324.0,0.0,,,,,,,,,,2020-09-11T00:19:00,,,,0,,,,,,,,,,,,,,
2020-09-11 02:00:00,923.8,19.4,96,1.1,230.0,2.1,217.0,0.0,,,,,,,,,,2020-09-11T01:51:00,,,,0,,,,,,,,,,,,,,
2020-09-11 03:00:00,923.8,19.0,97,1.4,230.0,2.1,220.0,0.0,,,,,,,,,,2020-09-11T02:54:00,,,,0,,,,,,,,,,,,,,
2020-09-11 04:00:00,923.9,18.8,94,1.1,222.0,2.3,194.0,0.0,,,,,,,,,,2020-09-11T03:50:00,,,,0,,,,,,,,,,,,,,
2020-09-11 05:00:00,924.4,18.2,96,0.7,238.0,2.4,200.0,0.0,,,,,,,,,,2020-09-11T04:27:00,,,,0,,,,,,,,,,,,,,
2020-09-11 06:00:00,924.5,19.3,89,1.3,284.0,4.1,303.0,0.0,,,,,,,,,,2020-09-11T05:51:00,,,,0,,,,,,,,,,,,,,
2020-09-11 07:00:00,924.8,20.1,89,0.4,282.0,2.2,277.0,0.0,,,,,,,,,,2020-09-11T06:02:00,,,,0,,,,,,,,,,,,,,
2020-09-11 08:00:00,925.1,23.3,80,0.3,45.0,1.4,315.0,0.0,,,,,,,,,,2020-09-11T07:08:00,,,,0,,,,,,,,,,,,,,
2020-09-11 09:00:00,925.2,25.1,74,0.7,24.0,1.6,24.0,0.0,,,,,,,,,,2020-09-11T08:12:00,,,,0,,,,,,,,,,,,,,
2020-09-11 10:00:00,925.1,26.4,69,1.2,63.0,3.6,74.0,0.0,,,,,,,,,,2020-09-11T09:39:00,,,,0,,,,,,,,,,,,,,
2020-09-11 11:00:00,924.8,27.0,67,1.7,72.0,5.4,5.0,0.0,,,,,,,,,,2020-09-11T10:38:00,,,,0,,,,,,,,,,,,,,
2020-09-11 12:00:00,924.2,26.7,68,0.9,70.0,5.7,68.0,0.0,,,,,,,,,,2020-09-11T11:11:00,,,,0,,,,,,,,,,,,,,
2020-09-11 13:00:00,923.5,27.3,70,2.1,52.0,6.2,60.0,0.0,,,,,,,,,,2020-09-11T12:53:00,,,,0,,,,,,,,,,,,,,
2020-09-11 14:00:00,923.2,26.4,71,0.5,207.0,5.1,91.0,0.0,,,,,,,,,,2020-09-11T13:25:00,,,,0,,,,,,,,,,,,,,
2020-09-11 15:00:00,923.3,26.0,77,0.5,191.0,5.0,130.0,0.0,,,,,,,,,,2020-09-11T14:42:00,,,,0,,,,,,,,,,,,,,
2020-09-11 16:00:00,923.6,25.2,84,0.7,4.0,3.2,222.0,0.0,,,,,,,,,,2020-09-11T15:23:00,,,,0,,,,,,,,,,,,,,
2020-09-11 17:00:00,924.0,24.4,89,0.1,0.0,2.3,360.0,0.0,,,,,,,,,,2020-09-11T16:03:00,,,,0,,,,,,,,,,,,,,
2020-09-11 18:00:00,924.5,23.8,92,0.3,156.0,2.6,120.0,0.0,,,,,,,,,,2020-09-11T17:19:00,,,,0,,,,,,,,,,,,,,
2020-09-11 19:00:00,924.9,23.4,96,0.5,160.0,1.9,92.0,0.0,,,,,,,,,,2020-09-11T18:41:00,,,,0,,,,,,,,,,,,,,
2020-09-11 20:00:00,925.8,23.2,96,0.6,164.0,1.6,141.0,0.0,,,,,,,,,,2020-09-11T19:30:00,,,,0,,,,,,,,,,,,,,
2020-09-11 21:00:00,926.1,22.7,98,0.8,226.0,1.2,180.0,0.0,,,,,,,,,,2020-09-11T20:51:00,,,,0,,,,,,,,,,,,,,
2020-09-11 22:00:00,926.0,22.4,97,0.9,225.0,1.8,193.0,0.0,,,,,,,,,,2020-09-11T21:28:00,,,,0,,,,,,,,,,,,,,
2020-09-11 23:00:00,926.3,22.9,98,0.4,311.0,2.0,130.0,0.0,,,,,,,,,,2020-09-11T22:36:00,,,,0,,,,,,,,,,,,,,
2020-09-12 00:00:00,926.2,22.6,98,0.2,0.0,1.1,202.0,0.0,,,,,,,,,,2020-09-11T23:46:00,,,,0,,,,,,,,,,,,,,
2020-09-12 01:00:00,926.1,22.5,99,0.4,107.0,1.2,212.0,0.0,,,,,,,,,,2020-09-12T00:42:00,,,,0,,,,,,,,,,,,,,
2020-09-12 02:00:00,925.8,22.3,98,0.1,0.0,1.6,205.0,0.0,,,,,,,,,,2020-09-12T01:20:00,,,,0,,,,,,,,,,,,,,
2020-09-12 03:00:00,925.7,22.1,97,0.9,231.0,1.3,217.0,0.0,,,,,,,,,,2020-09-12T02:59:00,,,,0,,,,,,,,,,,,,,
2020-09-12 04:00:00,925.8,21.7,96,0.4,213.0,1.9,226.0,0.0,,,,,,,,,,2020-09-12T03:23:00,,,,0,,,,,,,,,,,,,,
2020-09-12 05:00:00,926.0,21.1,95,0.8,220.0,1.9,222.0,0.0,,,,,,,,,,2020-09-12T04:41:00,,,,0,,,,,,,,,,,,,,
2020-09-12 06:00:00,926.4,20.7,95,1.0,205.0,2.4,228.0,0.0,,,,,,,,,,2020-09-12T05:06:00,,,,0,,,,,,,,,,,,,,
2020-09-12 07:00:00,926.7,22.9,86,0.2,0.0,2.5,206.0,0.0,,,,,,,,,,2020-09-12T06:41:00,,,,0,,,,,,,,,,,,,,
2020-09-12 08:00:00,926.8,24.5,80,0.3,25.0,1.9,177.0,0.0,,,,,,,,,,2020-09-12T07:11:00,,,,0,,,,,,,,,,,,,,
2020-09-12 09:00:00,926.8,26.3,71,0.8,88.0,2.2,20.0,0.0,,,,,,,,,,2020-09-12T08:40:00,,,,0,,,,,,,,,,,,,,
2020-09-12 10:00:00,926.8,27.1,74,2.1,64.0,6.5,73.0,0.0,,,,,,,,,,2020-09-12T09:54:00,,,,0,,,,,,,,,,,,,,
2020-09-12 11:00:00,926.8,28.2,68,1.4,54.0,6.2,70.0,0.0,,,,,,,,,,2020-09-12T10:53:00,,,,0,,,,,,,,,,,,,,
2020-09-12 12:00:00,926.4,29.6,58,1.2,129.0,6.3,70.0,0.0,,,,,,,,,,2020-09-12T11:28:00,,,,0,,,,,,,,,,,,,,
2020-09-12 13:00:00,926.2,26.5,72,1.5,55.0,5.5,58.0,0.0,,,,,,,,,,2020-09-12T12:30:00,,,,0,,,,,,,,,,,,,,
2020-09-12 14:00:00,926.4,24.9,79,1.2,95.0,5.0,63.0,0.0,,,,,,,,,,2020-09-12T13:59:00,,,,0,,,,,,,,,,,,,,
2020-09-12 15:00:00,926.7,23.5,88,1.0,278.0,5.3,197.0,0.0,,,,,,,,,,2020-09-12T14:15:00,,,,0,,,,,,,,,,,,,,
2020-09-12 16:00:00,926.5,22.5,95,0.4,252.0,3.7,318.0,1.0,,,,,,,,,,2020-09-12T15:02:00,,,,0,,,,,,,,,,,,,,
2020-09-12 17:00:00,927.2,21.9,97,0.1,0.0,3.7,294.0,1.0,,,,,,,,,,2020-09-12T16:31:00,,,,0,,,,,,,,,,,,,,
2020-09-12 18:00:00,927.7,21.6,95,0.7,255.0,3.2,305.0,0.0,,,,,,,,,,2020-09-12T17:46:00,,,,0,,,,,,,,,,,,,,
2020-09-12 19:00:00,928.5,20.9,97,0.8,238.0,3.2,305.0,0.5,,,,,,,,,,2020-09-12T18:10:00,,,,0,,,,,,,,,,,,,,
2020-09-12 20:00:00,928.9,20.5,96,0.7,249.0,3.2,285.0,0.0,,,,,,,,,,2020-09-12T19:27:00,,,,0,,,,,,,,,,,,,,
2020-09-12 21:00:00,929.0,20.7,93,0.8,234.0,3.1,307.0,0.0,,,,,,,,,,2020-09-12T20:01:00,,,,0,,,,,,,,,,,,,,
2020-09-12 22:00:00,928.9,20.0,96,0.9,222.0,1.9,234.0,0.0,,,,,,,,,,2020-09-12T21:15:00,,,,0,,,,,,,,,,,,,,
2020-09-12 23:00:00,928.6,20.0,95,0.8,232.0,1.9,240.0,0.0,,,,,,,,,,2020-09-12T22:48:00,,,,0,,,,,,,,,,,,,,
2020-09-13 00:00:00,928.3,19.5,97,0.7,207.0,2.1,220.0,0.0,,,,,,,,,,2020-09-12T23:01:00,,,,0,,,,,,,,,,,,,,
2020-09-13 01:00:00,928.0,19.9,92,0.8,228.0,2.4,204.0,0.0,,,,,,,,,,2020-09-13T00:39:00,,,,0,,,,,,,,,,,,,,
2020-09-13 02:00:00,927.5,19.5,93,0.8,232.0,2.3,228.0,0.0,,,,,,,,,,2020-09-13T01:53:00,,,,0,,,,,,,,,,,,,,
2020-09-13 03:00:00,927.5,18.7,96,1.0,230.0,1.9,204.0,0.0,,,,,,,,,,2020-09-13T02:17:00,,,,0,,,,,,,,,,,,,,
2020-09-13 04:00:00,927.4,19.2,95,0.6,253.0,2.3,237.0,0.0,,,,,,,,,,2020-09-13T03:21:00,,,,0,,,,,,,,,,,,,,
2020-09-13 05:00:00,926.9,18.9,93,0.9,214.0,2.7,251.0,0.0,,,,,,,,,,2020-09-13T04:29:00,,,,0,,,,,,,,,,,,,,
2020-09-13 06:00:00,927.7,18.8,94,1.0,233.0,1.9,217.0,0.0,,,,,,,,,,2020-09-13T05:35:00,,,,0,,,,,,,,,,,,,,
2020-09-13 07:00:00,928.3,20.2,92,0.2,0.0,2.2,232.0,0.0,,,,,,,,,,2020-09-13T06:02:00,,,,0,,,,,,,,,,,,,,
2020-09-13 08:00:00,928.1,24.3,78,0.5,14.0,2.5,33.0,0.0,,,,,,,,,,2020-09-13T07:17:00,,,,0,,,,,,,,,,,,,,
2020-09-13 09:00:00,927.7,25.5,69,0.7,57.0,3.3,79.0,0.0,,,,,,,,,,2020-09-13T08:46:00,,,,0,,,,,,,,,,,,,,
2020-09-13 10:00:00,928.5,25.6,70,1.8,121.0,6.5,92.0,0.0,,,,,,,,,,2020-09-13T09:24:00,,,,0,,,,,,,,,,,,,,
2020-09-13 11:00:00,928.6,24.4,80,1.1,115.0,4.0,94.0,0.0,,,,,,,,,,2020-09-13T10:08:00,,,,0,,,,,,,,,,,,,,
2020-09-13 12:00:00,928.0,25.4,74,0.4,29.0,3.4,94.0,0.0,,,,,,,,,,2020-09-13T11:05:00,,,,0,,,,,,,,,,,,,,
2020-09-13 13:00:00,927.1,26.4,71,1.0,51.0,2.3,65.0,0.0,,,,,,,,,,2020-09-13T12:47:00,,,,0,,,,,,,,,,,,,,
2020-09-13 14:00:00,926.3,26.3,69,0.7,100.0,2.7,92.0,0.0,,,,,,,,,,2020-09-13T14:00:00,,,,0,,,,,,,,,,,,,,
2020-09-13 15:00:00,925.9,26.3,74,0.8,280.0,2.9,78.0,0.0,,,,,,,,,,2020-09-13T14:11:00,,,,0,,,,,,,,,,,,,,
2020-09-13 16:00:00,926.5,25.5,73,1.1,56.0,3.3,29.0,0.0,,,,,,,,,,2020-09-13T15:52:00,,,,0,,,,,,,,,,,,,,
2020-09-13 17:00:00,926.5,25.1,79,0.2,0.0,2.3,125.0,0.0,,,,,,,,,,2020-09-13T16:05:00,,,,0,,,,,,,,,,,,,,
2020-09-13 18:00:00,927.0,23.8,87,0.4,173.0,2.8,95.0,0.0,,,,,,,,,,2020-09-13T17:33:00,,,,0,,,,,,,,,,,,,,
2020-09-13 19:00:00,927.6,23.2,91,1.1,214.0,1.6,142.0,0.0,,,,,,,,,,2020-09-13T18:04:00,,,,0,,,,,,,,,,,,,,
2020-09-13 20:00:00,928.0,22.6,94,0.2,0.0,1.5,198.0,0.0,,,,,,,,,,2020-09-13T19:28:00,,,,0,,,,,,,,,,,,,,
2020-09-13 21:00:00,928.3,22.1,93,0.9,200.0,2.2,199.0,0.0,,,,,,,,,,2020-09-13T20:39:00,,,,0,,,,,,,,,,,,,,
2020-09-13 22:00:00,928.1,21.2,95,1.2,212.0,1.9,202.0,0.0,,,,,,,,,,2020-09-13T21:43:00,,,,0,,,,,,,,,,,,,,
2020-09-13 23:00:00,928.3,20.8,96,1.4,231.0,2.0,203.0,0.0,,,,,,,,,,2020-09-13T22:02:00,,,,0,,,,,,,,,,,,,,
2020-09-14 00:00:00,928.3,20.5,96,1.1,230.0,2.1,198.0,0.0,,,,,,,,,,2020-09-13T23:40:00,,,,0,,,,,,,,,,,,,,
2020-09-14 01:00:00,927.6,20.5,93,0.2,0.0,2.8,304.0,0.0,,,,,,,,,,2020-09-14T00:34:00,,,,0,,,,,,,,,,,,,,
2020-09-14 02:00:00,927.2,20.2,93,1.5,217.0,2.5,237.0,0.0,,,,,,,,,,2020-09-14T01:56:00,,,,0,,,,,,,,,,,,,,
2020-09-14 03:00:00,926.6,19.6,94,1.6,223.0,2.6,219.0,0.0,,,,,,,,,,2020-09-14T02:59:00,,,,0,,,,,,,,,,,,,,
2020-09-14 04:00:00,926.4,19.2,95,1.0,187.0,2.9,214.0,0.0,,,,,,,,,,2020-09-14T03:01:00,,,,0,,,,,,,,,,,,,,
2020-09-14 05:00:00,926.9,20.1,90,1.1,248.0,2.7,220.0,0.0,,,,,,,,,,2020-09-14T04:49:00,,,,0,,,,,,,,,,,,,,
2020-09-14 06:00:00,926.6,19.4,93,0.3,232.0,2.4,253.0,0.0,,,,,,,,,,2020-09-14T05:33:00,,,,0,,,,,,,,,,,,,,
2020-09-14 07:00:00,926.9,23.3,75,0.1,0.0,1.9,212.0,0.0,,,,,,,,,,2020-09-14T06:09:00,,,,0,,,,,,,,,,,,,,
2020-09-14 08:00:00,927.1,25.0,70,0.6,17.0,1.4,2.0,0.0,,,,,,,,,,2020-09-14T07:56:00,,,,0,,,,,,,,,,,,,,
2020-09-14 09:00:00,927.1,26.8,64,0.9,51.0,2.3,63.0,0.0,,,,,,,,,,2020-09-14T08:54:00,,,,0,,,,,,,,,,,,,,
2020-09-14 10:00:00,926.8,27.2,68,1.1,18.0,3.5,35.0,0.0,,,,,,,,,,2020-09-14T09:57:00,,,,0,,,,,,,,,,,,,,
2020-09-14 11:00:00,926.8,28.5,65,1.0,54.0,4.8,121.0,0.0,,,,,,,,,,2020-09-14T10:31:00,,,,0,,,,,,,,,,,,,,
2020-09-14 12:00:00,926.1,28.3,66,2.0,66.0,6.7,58.0,0.0,,,,,,,,,,2020-09-14T11:53:00,,,,0,,,,,,,,,,,,,,
2020-09-14 13:00:00,925.8,27.7,72,1.3,74.0,5.4,64.0,0.0,,,,,,,,,,2020-09-14T12:30:00,,,,0,,,,,,,,,,,,,,
2020-09-14 14:00:00,924.7,27.0,71,0.9,261.0,6.2,90.0,0.0,,,,,,,,,,2020-09-14T13:03:00,,,,0,,,,,,,,,,,,,,
2020-09-14 15:00:00,924.3,26.0,79,1.3,149.0,5.5,97.0,0.0,,,,,,,,,,2020-09-14T14:42:00,,,,0,,,,,,,,,,,,,,
2020-09-14 16:00:00,924.7,25.1,82,1.6,91.0,8.0,54.0,0.0,,,,,,,,,,2020-09-14T15:55:00,,,,0,,,,,,,,,,,,,,
2020-09-14 17:00:00,925.2,24.2,82,2.1,136.0,6.7,93.0,0.0,,,,,,,,,,2020-09-14T16:42:00,,,,0,,,,,,,,,,,,,,
2020-09-14 18:00:00,925.7,23.5,85,0.9,180.0,4.7,139.0,0.0,,,,,,,,,,2020-09-14T17:13:00,,,,0,,,,,,,,,,,,,,
2020-09-14 19:00:00,926.2,22.9,91,0.2,0.0,3.0,147.0,0.0,,,,,,,,,,2020-09-14T18:02:00,,,,0,,,,,,,,,,,,,,
2020-09-14 20:00:00,927.1,22.7,93,0.7,191.0,1.2,126.0,0.0,,,,,,,,,,2020-09-14T19:01:00,,,,0,,,,,,,,,,,,,,
2020-09-14 21:00:00,927.7,22.5,94,0.2,0.0,1.0,156.0,0.0,,,,,,,,,,2020-09-14T20:01:00,,,,0,,,,,,,,,,,,,,
2020-09-14 22:00:00,928.1,22.4,95,0.1,0.0,1.2,221.0,0.0,,,,,,,,,,2020-09-14T21:13:00,,,,0,,,,,,,,,,,,,,
2020-09-14 23:00:00,928.0,22.0,95,0.7,258.0,2.6,265.0,0.0,,,,,,,,,,2020-09-14T22:57:00,,,,0,,,,,,,,,,,,,,
2020-09-15 00:00:00,927.5,21.5,97,0.6,145.0,2.9,224.0,0.0,,,,,,,,,,2020-09-14T23:01:00,,,,0,,,,,,,,,,,,,,
2020-09-15 01:00:00,927.1,21.1,98,0.6,188.0,2.1,200.0,0.0,,,,,,,,,,2020-09-15T00:06:00,,,,0,,,,,,,,,,,,,,
2020-09-15 02:00:00,926.6,21.1,98,0.5,243.0,1.5,205.0,0.0,,,,,,,,,,2020-09-15T01:17:00,,,,0,,,,,,,,,,,,,,
2020-09-15 03:00:00,926.0,21.3,96,1.0,237.0,2.0,220.0,0.0,,,,,,,,,,2020-09-15T02:56:00,,,,0,,,,,,,,,,,,,,
2020-09-15 04:00:00,925.8,20.4,98,1.3,215.0,1.9,211.0,0.0,,,,,,,,,,2020-09-15T03:35:00,,,,0,,,,,,,,,,,,,,
2020-09-15 05:00:00,925.9,20.3,97,1.4,224.0,2.3,226.0,0.0,,,,,,,,,,2020-09-15T04:20:00,,,,0,,,,,,,,,,,,,,
2020-09-15 06:00:00,926.2,20.2,97,0.9,197.0,2.0,217.0,0.0,,,,,,,,,,2020-09-15T05:25:00,,,,0,,,,,,,,,,,,,,
2020-09-15 07:00:00,926.6,23.5,88,0.4,73.0,1.1,253.0,0.0,,,,,,,,,,2020-09-15T06:14:00,,,,0,,,,,,,,,,,,,,
2020-09-15 08:00:00,926.9,25.2,75,0.2,0.0,1.9,29.0,0.0,,,,,,,,,,2020-09-15T07:38:00,,,,0,,,,,,,,,,,,,,
2020-09-15 09:00:00,926.5,27.6,69,0.7,57.0,2.1,34.0,0.0,,,,,,,,,,2020-09-15T08:26:00,,,,0,,,,,,,,,,,,,,
2020-09-15 10:00:00,926.6,27.6,65,1.5,93.0,6.6,61.0,0.0,,,,,,,,,,2020-09-15T09:48:00,,,,0,,,,,,,,,,,,,,
2020-09-15 11:00:00,926.0,29.1,63,1.2,63.0,4.0,93.0,0.0,,,,,,,,,,2020-09-15T10:02:00,,,,0,,,,,,,,,,,,,,
2020-09-15 12:00:00,925.5,28.8,61,1.8,70.0,6.9,53.0,0.0,,,,,,,,,,2020-09-15T11:43:00,,,,0,,,,,,,,,,,,,,
2020-09-15 13:00:00,924.7,29.0,64,1.9,85.0,6.1,51.0,0.0,,,,,,,,,,2020-09-15T13:00:00,,,,0,,,,,,,,,,,,,,
2020-09-15 14:00:00,924.3,29.3,60,2.2,102.0,6.7,95.0,0.0,,,,,,,,,,2020-09-15T13:02:00,,,,0,,,,,,,,,,,,,,
2020-09-15 15:00:00,924.1,28.9,64,1.1,20.0,5.9,77.0,0.0,,,,,,,,,,2020-09-15T14:36:00,,,,0,,,,,,,,,,,,,,
2020-09-15 16:00:00,924.3,26.6,72,1.2,96.0,5.5,105.0,0.0,,,,,,,,,,2020-09-15T15:34:00,,,,0,,,,,,,,,,,,,,
2020-09-15 17:00:00,924.8,25.4,82,1.2,189.0,3.5,231.0,0.0,,,,,,,,,,2020-09-15T16:11:00,,,,0,,,,,,,,,,,,,,
2020-09-15 18:00:00,925.5,24.5,87,1.1,132.0,5.3,34.0,0.0,,,,,,,,,,2020-09-15T17:01:00,,,,0,,,,,,,,,,,,,,
2020-09-15 19:00:00,926.1,23.6,91,0.1,0.0,3.0,189.0,0.0,,,,,,,,,,2020-09-15T18:03:00,,,,0,,,,,,,,,,,,,,
2020-09-15 20:00:00,927.0,23.5,92,0.3,108.0,2.4,221.0,0.0,,,,,,,,,,2020-09-15T19:29:00,,,,0,,,,,,,,,,,,,,
2020-09-15 21:00:00,927.7,22.9,94,0.7,193.0,1.3,130.0,0.0,,,,,,,,,,2020-09-15T20:10:00,,,,0,,,,,,,,,,,,,,
2020-09-15 22:00:00,927.8,22.9,95,0.0,0.0,1.2,198.0,0.0,,,,,,,,,,2020-09-15T21:11:00,,,,0,,,,,,,,,,,,,,
2020-09-15 23:00:00,927.4,22.5,96,0.3,232.0,1.0,227.0,0.0,,,,,,,,,,2020-09-15T23:00:00,,,,0,,,,,,,,,,,,,,
2020-09-16 00:00:00,927.0,22.0,95,0.9,213.0,2.0,222.0,0.0,,,,,,,,,,2020-09-15T23:38:00,,,,0,,,,,,,,,,,,,,
2020-09-16 01:00:00,926.5,21.7,94,1.2,224.0,2.1,215.0,0.0,,,,,,,,,,2020-09-16T00:04:00,,,,0,,,,,,,,,,,,,,
2020-09-16 02:00:00,926.3,20.9,95,1.1,217.0,2.2,201.0,0.0,,,,,,,,,,2020-09-16T01:35:00,,,,0,,,,,,,,,,,,,,
2020-09-16 03:00:00,925.8,21.0,89,1.3,230.0,3.1,302.0,0.0,,,,,,,,,,2020-09-16T02:22:00,,,,0,,,,,,,,,,,,,,
2020-09-16 04:00:00,925.6,20.2,92,1.5,216.0,2.2,201.0,0.0,,,,,,,,,,2020-09-16T03:29:00,,,,0,,,,,,,,,,,,,,
2020-09-16 05:00:00,925.9,19.7,94,1.9,206.0,2.5,199.0,0.0,,,,,,,,,,2020-09-16T04:59:00,,,,0,,,,,,,,,,,,,,
2020-09-16 06:00:00,926.7,19.5,94,1.3,224.0,2.4,212.0,0.0,,,,,,,,,,2020-09-16T05:18:00,,,,0,,,,,,,,,,,,,,
2020-09-16 07:00:00,926.9,23.0,76,0.7,340.0,2.9,311.0,0.0,,,,,,,,,,2020-09-16T06:34:00,,,,0,,,,,,,,,,,,,,
2020-09-16 08:00:00,926.8,25.6,70,0.5,34.0,3.6,306.0,0.0,,,,,,,,,,2020-09-16T07:07:00,,,,0,,,,,,,,,,,,,,
2020-09-16 09:00:00,926.6,27.3,63,1.0,47.0,2.0,67.0,0.0,,,,,,,,,,2020-09-16T08:57:00,,,,0,,,,,,,,,,,,,,
2020-09-16 10:00:00,926.2,29.4,53,1.0,79.0,2.4,47.0,0.0,,,,,,,,,,2020-09-16T09:50:00,,,,0,,,,,,,,,,,,,,
2020-09-16 11:00:00,925.6,29.3,59,1.7,47.0,5.0,54.0,0.0,,,,,,,,,,2020-09-16T10:33:00,,,,0,,,,,,,,,,,,,,
2020-09-16 12:00:00,925.1,28.8,61,2.4,68.0,7.1,78.0,0.0,,,,,,,,,,2020-09-16T11:57:00,,,,0,,,,,,,,,,,,,,
2020-09-16 13:00:00,925.1,29.1,62,2.5,130.0,7.0,78.0,0.0,,,,,,,,,,2020-09-16T12:36:00,,,,0,,,,,,,,,,,,,,
2020-09-16 14:00:00,924.6,28.8,64,2.2,73.0,6.4,66.0,0.0,,,,,,,,,,2020-09-16T13:15:00,,,,0,,,,,,,,,,,,,,
2020-09-16 15:00:00,924.5,28.2,65,2.0,96.0,8.3,92.0,0.0,,,,,,,,,,2020-09-16T14:31:00,,,,0,,,,,,,,,,,,,,
2020-09-16 16:00:00,924.6,26.8,68,1.5,184.0,6.6,70.0,0.0,,,,,,,,,,2020-09-16T15:37:00,,,,0,,,,,,,,,,,,,,
2020-09-16 17:00:00,925.3,25.5,74,1.6,196.0,5.0,195.0,0.0,,,,,,,,,,2020-09-16T16:59:00,,,,0,,,,,,,,,,,,,,
2020-09-16 18:00:00,925.7,23.7,81,1.1,202.0,3.2,193.0,0.0,,,,,,,,,,2020-09-16T17:17:00,,,,0,,,,,,,,,,,,,,
2020-09-16 19:00:00,926.3,22.4,85,2.4,203.0,3.0,197.0,0.0,,,,,,,,,,2020-09-16T18:52:00,,,,0,,,,,,,,,,,,,,
2020-09-16 20:00:00,927.1,21.8,88,1.9,206.0,3.2,202.0,0.0,,,,,,,,,,2020-09-16T19:08:00,,,,0,,,,,,,,,,,,,,
2020-09-16 21:00:00,927.5,21.5,91,1.6,215.0,2.6,207.0,0.0,,,,,,,,,,2020-09-16T20:26:00,,,,0,,,,,,,,,,,,,,
2020-09-16 22:00:00,928.0,21.2,91,1.7,210.0,2.6,212.0,0.0,,,,,,,,,,2020-09-16T21:30:00,,,,0,,,,,,,,,,,,,,
2020-09-16 23:00:00,927.7,20.8,90,1.5,219.0,2.4,216.0,0.0,,,,,,,,,,2020-09-16T22:41:00,,,,0,,,,,,,,,,,,,,
2020-09-17 00:00:00,927.5,20.3,88,1.6,217.0,2.4,204.0,0.0,,,,,,,,,,2020-09-16T23:18:00,,,,0,,,,,,,,,,,,,,
2020-09-17 01:00:00,927.0,20.2,87,1.4,214.0,3.1,240.0,0.0,,,,,,,,,,2020-09-17T00:12:00,,,,0,,,,,,,,,,,,,,
2020-09-17 02:00:00,926.7,19.7,87,1.5,206.0,2.5,201.0,0.0,,,,,,,,,,2020-09-17T01:21:00,,,,0,,,,,,,,,,,,,,
2020-09-17 03:00:00,926.5,19.3,88,1.6,221.0,2.6,204.0,0.0,,,,,,,,,,2020-09-17T02:32:00,,,,0,,,,,,,,,,,,,,
2020-09-17 04:00:00,926.5,19.3,83,1.5,218.0,2.4,211.0,0.0,,,,,,,,,,2020-09-17T03:32:00,,,,0,,,,,,,,,,,,,,
2020-09-17 05:00:00,926.8,18.7,87,1.6,214.0,2.7,217.0,0.0,,,,,,,,,,2020-09-17T04:13:00,,,,0,,,,,,,,,,,,,,
2020-09-17 06:00:00,927.0,19.5,80,1.3,217.0,2.8,203.0,0.0,,,,,,,,,,2020-09-17T05:39:00,,,,0,,,,,,,,,,,,,,
2020-09-17 07:00:00,927.1,22.4,70,0.1,0.0,3.2,216.0,0.0,,,,,,,,,,2020-09-17T06:07:00,,,,0,,,,,,,,,,,,,,
2020-09-17 08:00:00,926.9,24.5,67,0.3,29.0,1.6,21.0,0.0,,,,,,,,,,2020-09-17T08:00:00,,,,0,,,,,,,,,,,,,,
2020-09-17 09:00:00,926.4,26.8,61,0.8,45.0,1.9,35.0,0.0,,,,,,,,,,2020-09-17T08:58:00,,,,0,,,,,,,,,,,,,,
2020-09-17 10:00:00,926.4,29.0,48,0.9,10.0,3.8,71.0,0.0,,,,,,,,,,2020-09-17T09:39:00,,,,0,,,,,,,,,,,,,,
2020-09-17 11:00:00,926.0,28.7,58,2.2,80.0,7.1,69.0,0.0,,,,,,,,,,2020-09-17T10:52:00,,,,0,,,,,,,,,,,,,,
2020-09-17 12:00:00,925.3,28.8,65,2.1,78.0,6.9,73.0,0.0,,,,,,,,,,2020-09-17T11:35:00,,,,0,,,,,,,,,,,,,,
2020-09-17 13:00:00,924.8,29.9,61,1.2,67.0,6.3,74.0,0.0,,,,,,,,,,2020-09-17T12:20:00,,,,0,,,,,,,,,,,,,,
2020-09-17 14:00:00,924.4,29.3,63,1.9,17.0,6.0,114.0,0.0,,,,,,,,,,2020-09-17T13:35:00,,,,0,,,,,,,,,,,,,,
2020-09-17 15:00:00,924.3,28.4,66,1.1,178.0,5.1,31.0,0.0,,,,,,,,,,2020-09-17T14:10:00,,,,0,,,,,,,,,,,,,,
2020-09-17 16:00:00,924.5,27.7,65,0.8,209.0,7.9,62.0,0.0,,,,,,,,,,2020-09-17T15:21:00,,,,0,,,,,,,,,,,,,,
2020-09-17 17:00:00,925.1,25.8,73,1.6,209.0,4.6,122.0,0.0,,,,,,,,,,2020-09-17T16:49:00,,,,0,,,,,,,,,,,,,,
2020-09-17 18:00:00,925.8,24.1,80,1.0,192.0,3.7,186.0,0.0,,,,,,,,,,2020-09-17T17:01:00,,,,0,,,,,,,,,,,,,,
2020-09-17 19:00:00,926.6,22.7,85,2.3,203.0,2.8,202.0,0.0,,,,,,,,,,2020-09-17T18:53:00,,,,0,,,,,,,,,,,,,,
2020-09-17 20:00:00,927.3,22.2,88,1.8,205.0,2.8,207.0,0.0,,,,,,,,,,2020-09-17T19:36:00,,,,0,,,,,,,,,,,,,,
2020-09-17 21:00:00,928.1,21.9,90,1.6,207.0,2.7,202.0,0.0,,,,,,,,,,2020-09-17T20:15:00,,,,0,,,,,,,,,,,,,,
2020-09-17 22:00:00,928.4,21.4,92,1.8,210.0,2.7,208.0,0.0,,,,,,,,,,2020-09-17T21:16:00,,,,0,,,,,,,,,,,,,,
2020-09-17 23:00:00,928.4,21.5,91,1.1,219.0,2.4,216.0,0.0,,,,,,,,,,2020-09-17T22:17:00,,,,0,,,,,,,,,,,,,,
2020-09-18 00:00:00,928.3,21.5,89,1.4,222.0,2.3,237.0,0.0,,,,,,,,,,2020-09-17T23:58:00,,,,0,,,,,,,,,,,,,,
2020-09-18 01:00:00,927.8,21.0,88,1.3,200.0,2.6,227.0,0.0,,,,,,,,,,2020-09-18T00:05:00,,,,0,,,,,,,,,,,,,,
2020-09-18 02:00:00,927.7,20.1,91,1.5,210.0,2.6,200.0,0.0,,,,,,,,,,2020-09-18T01:14:00,,,,0,,,,,,,,,,,,,,
2020-09-18 03:00:00,927.6,19.7,91,0.9,210.0,2.6,199.0,0.0,,,,,,,,,,2020-09-18T02:36:00,,,,0,,,,,,,,,,,,,,
2020-09-18 04:00:00,927.4,20.0,84,1.2,214.0,2.7,250.0,0.0,,,,,,,,,,2020-09-18T03:45:00,,,,0,,,,,,,,,,,,,,
2020-09-18 05:00:00,927.6,19.6,84,1.8,217.0,2.7,203.0,0.0,,,,,,,,,,2020-09-18T04:34:00,,,,0,,,,,,,,,,,,,,
2020-09-18 06:00:00,928.0,19.5,84,0.8,221.0,2.5,214.0,0.0,,,,,,,,,,2020-09-18T05:20:00,,,,0,,,,,,,,,,,,,,
2020-09-18 07:00:00,928.6,24.0,68,0.3,54.0,2.2,240.0,0.0,,,,,,,,,,2020-09-18T06:14:00,,,,0,,,,,,,,,,,,,,
2020-09-18 08:00:00,928.9,25.5,66,0.6,353.0,1.3,314.0,0.0,,,,,,,,,,2020-09-18T07:52:00,,,,0,,,,,,,,,,,,,,
2020-09-18 09:00:00,928.6,28.2,54,0.8,77.0,2.1,56.0,0.0,,,,,,,,,,2020-09-18T08:56:00,,,,0,,,,,,,,,,,,,,
2020-09-18 10:00:00,928.3,29.2,54,1.1,13.0,4.1,64.0,0.0,,,,,,,,,,2020-09-18T09:20:00,,,,0,,,,,,,,,,,,,,
2020-09-18 11:00:00,928.0,28.8,60,1.6,86.0,7.7,179.0,0.0,,,,,,,,,,2020-09-18T10:32:00,,,,0,,,,,,,,,,,,,,
2020-09-18 12:00:00,927.4,29.4,59,2.0,87.0,6.6,59.0,0.0,,,,,,,,,,2020-09-18T11:18:00,,,,0,,,,,,,,,,,,,,
2020-09-18 13:00:00,926.9,30.0,59,1.8,71.0,5.8,92.0,0.0,,,,,,,,,,2020-09-18T12:10:00,,,,0,,,,,,,,,,,,,,
2020-09-18 14:00:00,926.3,29.6,55,2.5,49.0,7.5,12.0,0.0,,,,,,,,,,2020-09-18T14:00:00,,,,0,,,,,,,,,,,,,,
2020-09-18 15:00:00,926.2,29.1,59,1.5,73.0,6.6,76.0,0.0,,,,,,,,,,2020-09-18T14:08:00,,,,0,,,,,,,,,,,,,,
2020-09-18 16:00:00,926.5,27.0,66,0.9,193.0,7.4,38.0,0.0,,,,,,,,,,2020-09-18T15:04:00,,,,0,,,,,,,,,,,,,,
2020-09-18 17:00:00,926.9,25.4,78,0.5,262.0,3.7,225.0,0.0,,,,,,,,,,2020-09-18T16:42:00,,,,0,,,,,,,,,,,,,,
2020-09-18 18:00:00,927.8,24.4,83,1.5,164.0,2.9,135.0,0.0,,,,,,,,,,2020-09-18T17:17:00,,,,0,,,,,,,,,,,,,,
2020-09-18 19:00:00,928.5,23.0,88,1.8,206.0,2.4,203.0,0.0,,,,,,,,,,2020-09-18T18:48:00,,,,0,,,,,,,,,,,,,,
2020-09-18 20:00:00,929.4,22.7,90,1.4,192.0,2.4,190.0,0.0,,,,,,,,,,2020-09-18T19:20:00,,,,0,,,,,,,,,,,,,,
2020-09-18 21:00:00,930.2,22.4,92,1.2,201.0,2.0,206.0,0.0,,,,,,,,,,2020-09-18T20:13:00,,,,0,,,,,,,,,,,,,,
2020-09-18 22:00:00,930.3,22.7,92,1.1,226.0,1.9,210.0,0.0,,,,,,,,,,2020-09-18T21:34:00,,,,0,,,,,,,,,,,,,,
2020-09-18 23:00:00,930.1,21.7,95,1.5,200.0,2.4,212.0,0.0,,,,,,,,,,2020-09-18T22:31:00,,,,0,,,,,,,,,,,,,,
2020-09-19 00:00:00,929.8,21.3,93,0.9,204.0,2.3,216.0,0.0,,,,,,,,,,2020-09-18T23:37:00,,,,0,,,,,,,,,,,,,,
2020-09-19 01:00:00,929.2,20.8,92,0.9,212.0,2.6,209.0,0.0,,,,,,,,,,2020-09-19T00:35:00,,,,0,,,,,,,,,,,,,,
2020-09-19 02:00:00,928.9,20.3,92,1.1,203.0,2.6,202.0,0.0,,,,,,,,,,2020-09-19T01:43:00,,,,0,,,,,,,,,,,,,,
2020-09-19 03:00:00,928.7,20.1,91,1.5,214.0,2.5,198.0,0.0,,,,,,,,,,2020-09-19T02:08:00,,,,0,,,,,,,,,,,,,,
2020-09-19 04:00:00,928.4,19.6,91,1.6,206.0,2.5,201.0,0.0,,,,,,,,,,2020-09-19T03:13:00,,,,0,,,,,,,,,,,,,,
2020-09-19 05:00:00,928.8,19.2,89,1.4,213.0,2.5,204.0,0.0,,,,,,,,,,2020-09-19T04:17:00,,,,0,,,,,,,,,,,,,,
2020-09-19 06:00:00,929.1,19.5,88,0.5,213.0,3.2,218.0,0.0,,,,,,,,,,2020-09-19T05:27:00,,,,0,,,,,,,,,,,,,,
2020-09-19 07:00:00,929.5,22.1,76,0.1,0.0,2.3,261.0,0.0,,,,,,,,,,2020-09-19T06:09:00,,,,0,,,,,,,,,,,,,,
2020-09-19 08:00:00,929.8,23.5,77,0.3,229.0,1.7,201.0,0.0,,,,,,,,,,2020-09-19T07:50:00,,,,0,,,,,,,,,,,,,,
2020-09-19 09:00:00,929.8,26.8,60,1.3,65.0,2.7,99.0,0.0,,,,,,,,,,2020-09-19T08:55:00,,,,0,,,,,,,,,,,,,,
2020-09-19 10:00:00,929.4,27.9,56,1.1,23.0,3.1,83.0,0.0,,,,,,,,,,2020-09-19T10:00:00,,,,0,,,,,,,,,,,,,,
2020-09-19 11:00:00,928.7,28.9,58,1.1,85.0,5.0,88.0,0.0,,,,,,,,,,2020-09-19T10:35:00,,,,0,,,,,,,,,,,,,,
2020-09-19 12:00:00,927.8,29.8,54,1.4,51.0,6.3,77.0,0.0,,,,,,,,,,2020-09-19T11:09:00,,,,0,,,,,,,,,,,,,,
2020-09-19 13:00:00,927.2,29.6,55,1.7,53.0,7.3,56.0,0.0,,,,,,,,,,2020-09-19T12:41:00,,,,0,,,,,,,,,,,,,,
2020-09-19 14:00:00,926.7,29.8,57,1.6,37.0,6.1,69.0,0.0,,,,,,,,,,2020-09-19T13:01:00,,,,0,,,,,,,,,,,,,,
2020-09-19 15:00:00,926.5,28.0,64,1.2,63.0,7.4,79.0,0.0,,,,,,,,,,2020-09-19T14:21:00,,,,0,,,,,,,,,,,,,,
2020-09-19 16:00:00,926.8,27.1,68,1.4,54.0,5.6,70.0,0.0,,,,,,,,,,2020-09-19T15:16:00,,,,0,,,,,,,,,,,,,,
2020-09-19 17:00:00,927.3,25.9,76,0.8,98.0,5.9,81.0,0.0,,,,,,,,,,2020-09-19T16:16:00,,,,0,,,,,,,,,,,,,,
2020-09-19 18:00:00,927.8,22.6,95,0.7,172.0,3.7,121.0,0.5,,,,,,,,,,2020-09-19T17:11:00,,,,0,,,,,,,,,,,,,,
2020-09-19 19:00:00,928.3,22.4,96,1.1,217.0,1.6,148.0,0.0,,,,,,,,,,2020-09-19T18:20:00,,,,0,,,,,,,,,,,,,,
2020-09-19 20:00:00,928.9,22.2,97,1.1,220.0,1.6,219.0,0.0,,,,,,,,,,2020-09-19T19:54:00,,,,0,,,,,,,,,,,,,,
2020-09-19 21:00:00,929.6,22.2,98,0.1,0.0,1.3,178.0,0.0,,,,,,,,,,2020-09-19T20:24:00,,,,0,,,,,,,,,,,,,,
2020-09-19 22:00:00,929.5,22.1,97,0.7,238.0,1.6,242.0,0.0,,,,,,,,,,2020-09-19T21:40:00,,,,0,,,,,,,,,,,,,,
2020-09-19 23:00:00,929.2,21.8,97,1.1,193.0,2.1,206.0,0.0,,,,,,,,,,2020-09-19T22:04:00,,,,0,,,,,,,,,,,,,,
2020-09-20 00:00:00,928.7,21.5,96,0.7,196.0,2.1,204.0,0.0,,,,,,,,,,2020-09-19T23:05:00,,,,0,,,,,,,,,,,,,,
2020-09-20 01:00:00,928.4,21.3,95,1.0,205.0,2.2,208.0,0.0,,,,,,,,,,2020-09-20T00:48:00,,,,0,,,,,,,,,,,,,,
2020-09-20 02:00:00,927.7,21.4,93,0.9,218.0,2.2,206.0,0.0,,,,,,,,,,2020-09-20T01:08:00,,,,0,,,,,,,,,,,,,,
2020-09-20 03:00:00,926.8,20.3,95,1.2,214.0,2.0,225.0,0.0,,,,,,,,,,2020-09-20T02:38:00,,,,0,,,,,,,,,,,,,,
2020-09-20 04:00:00,926.4,20.9,87,1.5,271.0,4.0,285.0,0.0,,,,,,,,,,2020-09-20T03:58:00,,,,0,,,,,,,,,,,,,,
2020-09-20 05:00:00,926.6,20.5,88,0.5,218.0,3.1,217.0,0.0,,,,,,,,,,2020-09-20T04:12:00,,,,0,,,,,,,,,,,,,,
2020-09-20 06:00:00,927.0,19.6,92,1.0,213.0,2.4,194.0,0.0,,,,,,,,,,2020-09-20T05:38:00,,,,0,,,,,,,,,,,,,,
2020-09-20 07:00:00,927.2,23.0,76,0.3,326.0,2.0,200.0,0.0,,,,,,,,,,2020-09-20T06:17:00,,,,0,,,,,,,,,,,,,,
2020-09-20 08:00:00,927.4,24.8,72,0.6,47.0,1.4,332.0,0.0,,,,,,,,,,2020-09-20T07:36:00,,,,0,,,,,,,,,,,,,,
2020-09-20 09:00:00,927.5,27.1,63,0.9,91.0,2.4,88.0,0.0,,,,,,,,,,2020-09-20T08:55:00,,,,0,,,,,,,,,,,,,,
2020-09-20 10:00:00,927.0,28.4,59,1.0,34.0,3.3,92.0,0.0,,,,,,,,,,2020-09-20T09:19:00,,,,0,,,,,,,,,,,,,,
2020-09-20 11:00:00,926.8,28.6,59,1.7,80.0,6.0,61.0,0.0,,,,,,,,,,2020-09-20T10:36:00,,,,0,,,,,,,,,,,,,,
2020-09-20 12:00:00,926.4,29.8,54,2.0,58.0,7.0,80.0,0.0,,,,,,,,,,2020-09-20T11:51:00,,,,0,,,,,,,,,,,,,,
2020-09-20 13:00:00,926.0,28.2,63,2.0,122.0,6.4,125.0,0.0,,,,,,,,,,2020-09-20T12:19:00,,,,0,,,,,,,,,,,,,,
2020-09-20 14:00:00,925.5,27.1,73,1.7,52.0,4.9,139.0,0.0,,,,,,,,,,2020-09-20T13:29:00,,,,0,,,,,,,,,,,,,,
2020-09-20 15:00:00,925.8,23.2,92,0.7,125.0,8.8,132.0,0.0,,,,,,,,,,2020-09-20T14:09:00,,,,0,,,,,,,,,,,,,,
2020-09-20 16:00:00,925.9,23.4,90,1.6,126.0,3.1,119.0,0.0,,,,,,,,,,2020-09-20T15:58:00,,,,0,,,,,,,,,,,,,,
2020-09-20 17:00:00,926.3,22.9,96,0.3,151.0,2.5,115.0,0.0,,,,,,,,,,2020-09-20T16:03:00,,,,0,,,,,,,,,,,,,,
2020-09-20 18:00:00,926.9,22.1,97,0.2,0.0,2.7,131.0,2.5,,,,,,,,,,2020-09-20T17:08:00,,,,0,,,,,,,,,,,,,,
2020-09-20 19:00:00,927.1,21.6,96,0.8,285.0,2.9,340.0,2.5,,,,,,,,,,2020-09-20T18:52:00,,,,0,,,,,,,,,,,,,,
2020-09-20 20:00:00,926.7,20.8,98,0.8,173.0,3.1,236.0,0.5,,,,,,,,,,2020-09-20T19:25:00,,,,0,,,,,,,,,,,,,,
2020-09-20 21:00:00,927.5,20.5,99,1.0,233.0,2.3,237.0,0.0,,,,,,,,,,2020-09-20T20:46:00,,,,0,,,,,,,,,,,,,,
2020-09-20 22:00:00,927.8,20.4,97,0.5,240.0,2.5,316.0,0.0,,,,,,,,,,2020-09-20T21:25:00,,,,0,,,,,,,,,,,,,,
2020-09-20 23:00:00,927.6,20.7,93,1.4,277.0,3.6,360.0,0.0,,,,,,,,,,2020-09-20T22:54:00,,,,0,,,,,,,,,,,,,,
2020-09-21 00:00:00,927.3,20.0,96,0.6,215.0,3.1,310.0,0.0,,,,,,,,,,2020-09-20T23:01:00,,,,0,,,,,,,,,,,,,,
2020-09-21 01:00:00,927.0,19.6,95,0.5,192.0,2.6,199.0,0.0,,,,,,,,,,2020-09-21T00:42:00,,,,0,,,,,,,,,,,,,,
2020-09-21 02:00:00,926.5,18.9,97,0.8,209.0,1.8,222.0,0.0,,,,,,,,,,2020-09-21T01:06:00,,,,0,,,,,,,,,,,,,,
2020-09-21 03:00:00,926.2,18.5,98,1.1,216.0,2.3,202.0,0.0,,,,,,,,,,2020-09-21T02:34:00,,,,0,,,,,,,,,,,,,,
2020-09-21 04:00:00,926.7,18.5,97,1.1,219.0,1.9,196.0,0.0,,,,,,,,,,2020-09-21T03:19:00,,,,0,,,,,,,,,,,,,,
2020-09-21 05:00:00,926.5,18.5,96,0.9,195.0,2.1,238.0,0.0,,,,,,,,,,2020-09-21T04:45:00,,,,0,,,,,,,,,,,,,,
2020-09-21 06:00:00,926.4,18.5,97,0.8,239.0,1.8,209.0,0.0,,,,,,,,,,2020-09-21T05:01:00,,,,0,,,,,,,,,,,,,,
2020-09-21 07:00:00,926.1,22.0,83,0.0,0.0,3.9,322.0,0.0,,,,,,,,,,2020-09-21T06:34:00,,,,0,,,,,,,,,,,,,,
2020-09-21 08:00:00,926.5,23.6,77,1.0,82.0,2.2,64.0,0.0,,,,,,,,,,2020-09-21T07:55:00,,,,0,,,,,,,,,,,,,,
2020-09-21 09:00:00,926.6,25.1,77,1.1,34.0,2.6,49.0,0.0,,,,,,,,,,2020-09-21T08:48:00,,,,0,,,,,,,,,,,,,,
2020-09-21 10:00:00,927.1,25.8,74,2.4,105.0,6.0,79.0,0.0,,,,,,,,,,2020-09-21T09:36:00,,,,0,,,,,,,,,,,,,,
2020-09-21 11:00:00,926.3,27.7,68,1.3,22.0,4.6,36.0,0.0,,,,,,,,,,2020-09-21T10:51:00,,,,0,,,,,,,,,,,,,,
2020-09-21 12:00:00,925.3,28.7,66,1.1,51.0,5.6,122.0,0.0,,,,,,,,,,2020-09-21T11:39:00,,,,0,,,,,,,,,,,,,,
2020-09-21 13:00:00,925.0,26.5,73,1.0,89.0,5.5,85.0,0.0,,,,,,,,,,2020-09-21T12:22:00,,,,0,,,,,,,,,,,,,,
2020-09-21 14:00:00,924.5,26.4,73,1.7,116.0,4.5,98.0,0.0,,,,,,,,,,2020-09-21T13:05:00,,,,0,,,,,,,,,,,,,,
2020-09-21 15:00:00,924.2,24.9,79,1.2,139.0,4.6,85.0,0.0,,,,,,,,,,2020-09-21T14:47:00,,,,0,,,,,,,,,,,,,,
2020-09-21 16:00:00,924.7,23.9,82,0.7,38.0,3.9,75.0,0.0,,,,,,,,,,2020-09-21T15:33:00,,,,0,,,,,,,,,,,,,,
2020-09-21 17:00:00,925.0,23.5,86,0.7,125.0,2.7,71.0,0.0,,,,,,,,,,2020-09-21T16:23:00,,,,0,,,,,,,,,,,,,,
2020-09-21 18:00:00,925.2,22.4,92,0.8,146.0,3.6,123.0,0.0,,,,,,,,,,2020-09-21T17:43:00,,,,0,,,,,,,,,,,,,,
2020-09-21 19:00:00,925.9,21.8,95,1.1,137.0,2.9,98.0,0.0,,,,,,,,,,2020-09-21T18:29:00,,,,0,,,,,,,,,,,,,,
2020-09-21 20:00:00,926.2,21.5,97,0.1,0.0,1.3,85.0,0.0,,,,,,,,,,2020-09-21T19:26:00,,,,0,,,,,,,,,,,,,,
2020-09-21 21:00:00,926.6,21.2,99,0.4,77.0,1.3,98.0,0.0,,,,,,,,,,2020-09-21T21:00:00,,,,0,,,,,,,,,,,,,,
2020-09-21 22:00:00,926.4,20.9,99,1.1,134.0,2.2,138.0,0.0,,,,,,,,,,2020-09-21T21:57:00,,,,0,,,,,,,,,,,,,,
2020-09-21 23:00:00,926.4,21.0,98,0.0,0.0,2.4,133.0,0.0,,,,,,,,,,2020-09-21T22:05:00,,,,0,,,,,,,,,,,,,,
2020-09-22 00:00:00,926.4,20.8,99,0.1,0.0,0.6,311.0,0.0,,,,,,,,,,2020-09-21T23:36:00,,,,0,,,,,,,,,,,,,,
2020-09-22 01:00:00,925.8,20.8,-9991,0.1,0.0,0.9,266.0,0.0,,,,,,,,,,2020-09-22T00:51:00,,,,0,,,,,,,,,,,,,,
2020-09-22 02:00:00,925.6,20.9,-9991,0.0,0.0,0.0,0.0,0.0,,,,,,,,,,2020-09-22T01:05:00,,,,0,,,,,,,,,,,,,,
2020-09-22 03:00:00,925.4,20.9,-9991,0.0,0.0,0.9,282.0,0.0,,,,,,,,,,2020-09-22T02:42:00,,,,0,,,,,,,,,,,,,,
2020-09-22 04:00:00,925.1,20.7,-9991,0.0,0.0,0.7,172.0,0.0,,,,,,,,,,2020-09-22T03:07:00,,,,0,,,,,,,,,,,,,,
2020-09-22 05:00:00,924.9,19.6,99,0.8,204.0,1.3,195.0,0.0,,,,,,,,,,2020-09-22T04:37:00,,,,0,,,,,,,,,,,,,,
2020-09-22 06:00:00,925.7,19.5,-9991,0.5,168.0,1.6,199.0,0.0,,,,,,,,,,2020-09-22T05:41:00,,,,0,,,,,,,,,,,,,,
2020-09-22 07:00:00,926.1,20.2,98,0.2,0.0,1.4,275.0,0.0,,,,,,,,,,2020-09-22T06:41:00,,,,0,,,,,,,,,,,,,,
2020-09-22 08:00:00,926.3,23.1,83,0.5,347.0,1.5,3.0,0.0,,,,,,,,,,2020-09-22T07:46:00,,,,0,,,,,,,,,,,,,,
2020-09-22 09:00:00,926.1,25.3,73,1.2,80.0,3.4,71.0,0.0,,,,,,,,,,2020-09-22T08:48:00,,,,0,,,,,,,,,,,,,,
2020-09-22 10:00:00,925.8,25.8,73,1.4,47.0,4.6,71.0,0.0,,,,,,,,,,2020-09-22T09:54:00,,,,0,,,,,,,,,,,,,,
2020-09-22 11:00:00,925.3,25.8,75,1.5,73.0,5.2,91.0,0.0,,,,,,,,,,2020-09-22T10:02:00,,,,0,,,,,,,,,,,,,,
2020-09-22 12:00:00,925.1,26.4,71,1.7,50.0,6.6,128.0,0.0,,,,,,,,,,2020-09-22T11:25:00,,,,0,,,,,,,,,,,,,,
2020-09-22 13:00:00,924.7,25.2,76,1.1,103.0,5.7,40.0,0.0,,,,,,,,,,2020-09-22T12:39:00,,,,0,,,,,,,,,,,,,,
2020-09-22 14:00:00,924.2,25.6,75,1.0,52.0,4.9,88.0,0.0,,,,,,,,,,2020-09-22T13:01:00,,,,0,,,,,,,,,,,,,,
2020-09-22 15:00:00,923.9,24.1,80,0.9,35.0,3.7,15.0,0.0,,,,,,,,,,2020-09-22T14:53:00,,,,0,,,,,,,,,,,,,,
2020-09-22 16:00:00,924.5,22.9,82,0.8,53.0,4.6,79.0,0.0,,,,,,,,,,2020-09-22T15:03:00,,,,0,,,,,,,,,,,,,,
2020-09-22 17:00:00,924.7,22.3,86,0.7,126.0,3.2,114.0,0.0,,,,,,,,,,2020-09-22T16:12:00,,,,0,,,,,,,,,,,,,,
2020-09-22 18:00:00,925.0,21.3,90,1.2,105.0,3.4,114.0,0.0,,,,,,,,,,2020-09-22T17:29:00,,,,0,,,,,,,,,,,,,,
2020-09-22 19:00:00,925.3,21.1,91,0.1,0.0,2.0,125.0,0.0,,,,,,,,,,2020-09-22T18:01:00,,,,0,,,,,,,,,,,,,,
2020-09-22 20:00:00,925.7,20.8,93,0.0,0.0,1.1,62.0,0.0,,,,,,,,,,2020-09-22T19:16:00,,,,0,,,,,,,,,,,,,,
2020-09-22 21:00:00,926.2,20.6,93,0.6,104.0,2.6,110.0,0.0,,,,,,,,,,2020-09-22T20:59:00,,,,0,,,,,,,,,,,,,,
2020-09-22 22:00:00,926.3,20.4,94,0.0,0.0,2.5,106.0,0.0,,,,,,,,,,2020-09-22T21:03:00,,,,0,,,,,,,,,,,,,,
2020-09-22 23:00:00,926.3,20.5,94,0.0,0.0,0.6,206.0,0.0,,,,,,,,,,2020-09-22T22:21:00,,,,0,,,,,,,,,,,,,,
2020-09-23 00:00:00,926.2,20.1,97,0.2,0.0,0.8,287.0,0.0,,,,,,,,,,2020-09-22T23:44:00,,,,0,,,,,,,,,,,,,,
2020-09-23 01:00:00,925.7,20.0,98,0.1,0.0,0.7,88.0,0.0,,,,,,,,,,2020-09-23T01:00:00,,,,0,,,,,,,,,,,,,,
2020-09-23 02:00:00,925.2,19.9,98,0.2,0.0,1.0,104.0,0.0,,,,,,,,,,2020-09-23T01:34:00,,,,0,,,,,,,,,,,,,,
2020-09-23 03:00:00,924.8,19.9,99,0.0,0.0,0.6,156.0,0.0,,,,,,,,,,2020-09-23T02:07:00,,,,0,,,,,,,,,,,,,,
2020-09-23 04:00:00,924.8,19.9,99,0.0,0.0,0.9,95.0,0.0,,,,,,,,,,2020-09-23T03:08:00,,,,0,,,,,,,,,,,,,,
2020-09-23 05:00:00,925.1,19.9,-9991,0.0,0.0,0.7,303.0,0.0,,,,,,,,,,2020-09-23T04:27:00,,,,0,,,,,,,,,,,,,,
2020-09-23 06:00:00,925.6,19.8,99,0.1,0.0,0.9,293.0,0.0,,,,,,,,,,2020-09-23T05:53:00,,,,0,,,,,,,,,,,,,,
2020-09-23 07:00:00,925.9,20.6,90,0.1,0.0,1.1,281.0,0.0,,,,,,,,,,2020-09-23T06:07:00,,,,0,,,,,,,,,,,,,,
2020-09-23 08:00:00,926.3,23.7,75,0.5,6.0,1.3,349.0,0.0,,,,,,,,,,2020-09-23T07:25:00,,,,0,,,,,,,,,,,,,,
2020-09-23 09:00:00,926.3,26.0,69,0.8,55.0,2.2,23.0,0.0,,,,,,,,,,2020-09-23T08:44:00,,,,0,,,,,,,,,,,,,,
2020-09-23 10:00:00,926.0,27.0,67,1.2,69.0,4.4,69.0,0.0,,,,,,,,,,2020-09-23T09:44:00,,,,0,,,,,,,,,,,,,,
2020-09-23 11:00:00,925.6,27.1,65,1.6,83.0,5.6,79.0,0.0,,,,,,,,,,2020-09-23T10:36:00,,,,0,,,,,,,,,,,,,,
2020-09-23 12:00:00,925.2,27.8,64,1.6,69.0,6.3,86.0,0.0,,,,,,,,,,2020-09-23T11:31:00,,,,0,,,,,,,,,,,,,,
2020-09-23 13:00:00,924.6,27.0,67,1.7,355.0,5.9,19.0,0.0,,,,,,,,,,2020-09-23T12:10:00,,,,0,,,,,,,,,,,,,,
2020-09-23 14:00:00,924.2,26.6,69,1.7,86.0,4.4,99.0,0.0,,,,,,,,,,2020-09-23T13:53:00,,,,0,,,,,,,,,,,,,,
2020-09-23 15:00:00,924.3,25.9,75,1.6,64.0,6.4,75.0,0.0,,,,,,,,,,2020-09-23T14:46:00,,,,0,,,,,,,,,,,,,,
2020-09-23 16:00:00,924.3,25.5,77,1.5,74.0,5.0,79.0,0.0,,,,,,,,,,2020-09-23T15:20:00,,,,0,,,,,,,,,,,,,,
2020-09-23 17:00:00,924.5,23.8,86,0.9,261.0,6.9,65.0,0.0,,,,,,,,,,2020-09-23T16:37:00,,,,0,,,,,,,,,,,,,,
2020-09-23 18:00:00,925.1,22.8,89,0.5,142.0,3.0,32.0,0.0,,,,,,,,,,2020-09-23T17:13:00,,,,0,,,,,,,,,,,,,,
2020-09-23 19:00:00,926.0,21.9,95,1.0,119.0,2.9,200.0,0.0,,,,,,,,,,2020-09-23T18:11:00,,,,0,,,,,,,,,,,,,,
2020-09-23 20:00:00,926.5,21.5,98,0.6,99.0,2.1,193.0,0.0,,,,,,,,,,2020-09-23T19:29:00,,,,0,,,,,,,,,,,,,,
2020-09-23 21:00:00,926.8,21.7,98,0.3,170.0,0.6,140.0,0.0,,,,,,,,,,2020-09-23T20:04:00,,,,0,,,,,,,,,,,,,,
2020-09-23 22:00:00,926.8,21.5,98,0.0,0.0,1.0,128.0,0.0,,,,,,,,,,2020-09-23T21:03:00,,,,0,,,,,,,,,,,,,,
2020-09-23 23:00:00,926.4,21.3,99,0.0,0.0,0.0,0.0,0.0,,,,,,,,,,2020-09-23T22:05:00,,,,0,,,,,,,,,,,,,,
2020-09-24 00:00:00,925.9,21.0,98,0.8,219.0,1.3,206.0,0.0,,,,,,,,,,2020-09-23T23:58:00,,,,0,,,,,,,,,,,,,,
2020-09-24 01:00:00,925.4,20.7,98,0.5,159.0,1.3,183.0,0.0,,,,,,,,,,2020-09-24T00:47:00,,,,0,,,,,,,,,,,,,,
2020-09-24 02:00:00,925.1,20.1,97,1.0,210.0,1.9,207.0,0.0,,,,,,,,,,2020-09-24T01:38:00,,,,0,,,,,,,,,,,,,,
2020-09-24 03:00:00,924.8,20.5,99,0.0,0.0,1.6,202.0,0.0,,,,,,,,,,2020-09-24T02:13:00,,,,0,,,,,,,,,,,,,,
2020-09-24 04:00:00,924.7,20.5,99,0.0,0.0,1.0,244.0,0.0,,,,,,,,,,2020-09-24T03:29:00,,,,0,,,,,,,,,,,,,,
2020-09-24 05:00:00,925.1,20.0,98,0.5,252.0,1.2,176.0,0.0,,,,,,,,,,2020-09-24T04:16:00,,,,0,,,,,,,,,,,,,,
2020-09-24 06:00:00,925.5,19.6,96,0.7,206.0,1.8,228.0,0.0,,,,,,,,,,2020-09-24T05:22:00,,,,0,,,,,,,,,,,,,,
2020-09-24 07:00:00,925.9,20.2,96,0.2,0.0,1.3,226.0,0.0,,,,,,,,,,2020-09-24T06:09:00,,,,0,,,,,,,,,,,,,,
2020-09-24 08:00:00,926.3,22.2,86,0.0,0.0,1.3,37.0,0.0,,,,,,,,,,2020-09-24T07:32:00,,,,0,,,,,,,,,,,,,,
2020-09-24 09:00:00,926.4,22.9,86,0.9,85.0,2.4,72.0,0.0,,,,,,,,,,2020-09-24T08:50:00,,,,0,,,,,,,,,,,,,,
2020-09-24 10:00:00,926.1,24.4,78,1.0,146.0,3.0,62.0,0.0,,,,,,,,,,2020-09-24T09:30:00,,,,0,,,,,,,,,,,,,,
2020-09-24 11:00:00,925.6,25.9,72,0.7,96.0,2.6,91.0,0.0,,,,,,,,,,2020-09-24T10:03:00,,,,0,,,,,,,,,,,,,,
2020-09-24 12:00:00,925.2,26.7,72,0.7,20.0,3.9,128.0,0.0,,,,,,,,,,2020-09-24T11:42:00,,,,0,,,,,,,,,,,,,,
2020-09-24 13:00:00,924.5,25.1,75,1.6,83.0,4.7,93.0,0.0,,,,,,,,,,2020-09-24T12:49:00,,,,0,,,,,,,,,,,,,,
2020-09-24 14:00:00,924.3,24.8,74,1.3,118.0,5.7,79.0,0.0,,,,,,,,,,2020-09-24T13:14:00,,,,0,,,,,,,,,,,,,,
2020-09-24 15:00:00,924.1,24.2,82,0.8,44.0,4.5,90.0,0.0,,,,,,,,,,2020-09-24T14:03:00,,,,0,,,,,,,,,,,,,,
2020-09-24 16:00:00,924.1,23.4,86,1.1,7.0,2.7,45.0,0.0,,,,,,,,,,2020-09-24T15:21:00,,,,0,,,,,,,,,,,,,,
2020-09-24 17:00:00,924.2,22.3,91,0.4,309.0,3.5,29.0,0.0,,,,,,,,,,2020-09-24T16:03:00,,,,0,,,,,,,,,,,,,,
2020-09-24 18:00:00,924.6,21.8,95,1.2,112.0,2.2,123.0,0.0,,,,,,,,,,2020-09-24T18:00:00,,,,0,,,,,,,,,,,,,,
2020-09-24 19:00:00,925.2,21.6,96,0.2,0.0,2.3,208.0,0.0,,,,,,,,,,2020-09-24T18:03:00,,,,0,,,,,,,,,,,,,,
2020-09-24 20:00:00,925.6,21.4,98,0.0,0.0,0.4,234.0,0.0,,,,,,,,,,2020-09-24T19:18:00,,,,0,,,,,,,,,,,,,,
2020-09-24 21:00:00,925.8,21.4,98,0.0,0.0,0.8,99.0,0.0,,,,,,,,,,2020-09-24T20:20:00,,,,0,,,,,,,,,,,,,,
2020-09-24 22:00:00,925.8,21.4,99,0.0,0.0,0.6,317.0,0.0,,,,,,,,,,2020-09-24T21:09:00,,,,0,,,,,,,,,,,,,,
2020-09-24 23:00:00,925.4,21.3,99,0.0,0.0,0.2,0.0,0.0,,,,,,,,,,2020-09-24T22:27:00,,,,0,,,,,,,,,,,,,,
2020-09-25 00:00:00,925.2,21.2,-9991,0.4,221.0,2.2,117.0,0.0,,,,,,,,,,2020-09-24T23:23:00,,,,0,,,,,,,,,,,,,,
2020-09-25 01:00:00,924.6,21.2,99,0.0,0.0,1.8,256.0,0.0,,,,,,,,,,2020-09-25T00:04:00,,,,0,,,,,,,,,,,,,,
2020-09-25 02:00:00,924.0,20.9,-9991,0.5,198.0,1.1,214.0,0.0,,,,,,,,,,2020-09-25T01:51:00,,,,0,,,,,,,,,,,,,,
2020-09-25 03:00:00,923.5,21.1,-9991,0.2,0.0,0.7,129.0,0.0,,,,,,,,,,2020-09-25T02:04:00,,,,0,,,,,,,,,,,,,,
2020-09-25 04:00:00,923.5,21.1,-9991,0.0,0.0,0.7,358.0,0.0,,,,,,,,,,2020-09-25T03:02:00,,,,0,,,,,,,,,,,,,,
2020-09-25 05:00:00,923.8,20.5,-9991,1.1,119.0,2.5,131.0,0.0,,,,,,,,,,2020-09-25T04:42:00,,,,0,,,,,,,,,,,,,,
2020-09-25 06:00:00,924.3,20.5,99,0.8,98.0,1.9,134.0,0.0,,,,,,,,,,2020-09-25T05:02:00,,,,0,,,,,,,,,,,,,,
2020-09-25 07:00:00,924.4,20.7,-9991,0.0,0.0,0.8,339.0,0.0,,,,,,,,,,2020-09-25T06:18:00,,,,0,,,,,,,,,,,,,,
2020-09-25 08:00:00,924.6,21.6,98,0.4,109.0,1.2,11.0,0.0,,,,,,,,,,2020-09-25T07:43:00,,,,0,,,,,,,,,,,,,,
2020-09-25 09:00:00,925.1,22.2,93,1.3,110.0,2.9,104.0,0.0,,,,,,,,,,2020-09-25T08:49:00,,,,0,,,,,,,,,,,,,,
2020-09-25 10:00:00,925.1,22.2,92,0.8,70.0,4.2,68.0,0.0,,,,,,,,,,2020-09-25T09:19:00,,,,0,,,,,,,,,,,,,,
2020-09-25 11:00:00,924.7,23.0,86,1.4,86.0,4.4,84.0,0.0,,,,,,,,,,2020-09-25T10:56:00,,,,0,,,,,,,,,,,,,,
2020-09-25 12:00:00,924.6,21.7,90,1.8,104.0,5.6,50.0,0.0,,,,,,,,,,2020-09-25T11:48:00,,,,0,,,,,,,,,,,,,,
2020-09-25 13:00:00,924.2,21.0,94,0.4,76.0,4.5,72.0,0.0,,,,,,,,,,2020-09-25T12:11:00,,,,0,,,,,,,,,,,,,,
2020-09-25 14:00:00,923.7,20.1,96,0.9,85.0,3.9,57.0,0.0,,,,,,,,,,2020-09-25T13:08:00,,,,0,,,,,,,,,,,,,,
2020-09-25 15:00:00,923.9,20.0,98,1.3,126.0,3.6,204.0,0.0,,,,,,,,,,2020-09-25T14:23:00,,,,0,,,,,,,,,,,,,,
2020-09-25 16:00:00,924.2,19.5,99,0.3,163.0,2.9,129.0,0.0,,,,,,,,,,2020-09-25T15:25:00,,,,0,,,,,,,,,,,,,,
2020-09-25 17:00:00,924.6,19.3,-9991,0.9,150.0,2.6,135.0,0.5,,,,,,,,,,2020-09-25T16:18:00,,,,0,,,,,,,,,,,,,,
2020-09-25 18:00:00,925.0,19.3,99,1.3,192.0,2.4,131.0,1.0,,,,,,,,,,2020-09-25T17:06:00,,,,0,,,,,,,,,,,,,,
2020-09-25 19:00:00,925.7,19.3,-9991,0.0,0.0,1.1,200.0,0.0,,,,,,,,,,2020-09-25T18:01:00,,,,0,,,,,,,,,,,,,,
2020-09-25 20:00:00,926.1,19.4,-9991,0.0,0.0,0.7,278.0,0.0,,,,,,,,,,2020-09-25T19:28:00,,,,0,,,,,,,,,,,,,,
2020-09-25 21:00:00,926.6,19.4,-9991,0.3,212.0,1.2,202.0,0.0,,,,,,,,,,2020-09-25T20:52:00,,,,0,,,,,,,,,,,,,,
2020-09-25 22:00:00,926.3,19.4,-9991,0.0,0.0,1.1,283.0,0.0,,,,,,,,,,2020-09-25T21:23:00,,,,0,,,,,,,,,,,,,,
2020-09-25 23:00:00,926.3,19.4,-9991,0.0,0.0,0.8,145.0,0.0,,,,,,,,,,2020-09-25T22:15:00,,,,0,,,,,,,,,,,,,,
2020-09-26 00:00:00,925.8,19.5,-9991,0.3,207.0,1.1,227.0,0.0,,,,,,,,,,2020-09-25T23:15:00,,,,0,,,,,,,,,,,,,,
2020-09-26 01:00:00,924.5,19.3,-9991,0.1,0.0,0.8,206.0,0.0,,,,,,,,,,2020-09-26T00:16:00,,,,0,,,,,,,,,,,,,,
2020-09-26 02:00:00,924.3,19.0,-9991,0.7,223.0,1.9,220.0,0.0,,,,,,,,,,2020-09-26T01:58:00,,,,0,,,,,,,,,,,,,,
2020-09-26 03:00:00,924.3,19.1,-9991,0.3,242.0,2.2,209.0,0.0,,,,,,,,,,2020-09-26T02:06:00,,,,0,,,,,,,,,,,,,,
2020-09-26 04:00:00,924.5,19.4,-9991,0.0,0.0,1.4,236.0,0.0,,,,,,,,,,2020-09-26T03:13:00,,,,0,,,,,,,,,,,,,,
2020-09-26 05:00:00,924.7,19.4,-9991,0.3,98.0,1.2,164.0,0.0,,,,,,,,,,2020-09-26T04:11:00,,,,0,,,,,,,,,,,,,,
2020-09-26 06:00:00,925.2,19.4,-9991,0.0,0.0,1.8,91.0,0.0,,,,,,,,,,2020-09-26T05:18:00,,,,0,,,,,,,,,,,,,,
2020-09-26 07:00:00,925.4,20.0,-9991,0.5,57.0,1.0,88.0,0.0,,,,,,,,,,2020-09-26T06:53:00,,,,0,,,,,,,,,,,,,,
2020-09-26 08:00:00,926.0,20.9,98,0.3,13.0,1.1,85.0,0.0,,,,,,,,,,2020-09-26T07:47:00,,,,0,,,,,,,,,,,,,,
2020-09-26 09:00:00,925.7,22.4,92,1.1,50.0,2.2,104.0,0.0,,,,,,,,,,2020-09-26T08:49:00,,,,0,,,,,,,,,,,,,,
2020-09-26 10:00:00,925.8,23.6,85,0.7,65.0,3.0,81.0,0.0,,,,,,,,,,2020-09-26T09:32:00,,,,0,,,,,,,,,,,,,,
2020-09-26 11:00:00,925.6,24.4,79,1.7,84.0,4.7,97.0,0.0,,,,,,,,,,2020-09-26T10:52:00,,,,0,,,,,,,,,,,,,,
2020-09-26 12:00:00,925.2,24.1,80,1.1,94.0,6.3,80.0,0.0,,,,,,,,,,2020-09-26T11:46:00,,,,0,,,,,,,,,,,,,,
2020-09-26 13:00:00,924.6,24.5,79,0.6,88.0,4.1,27.0,0.0,,,,,,,,,,2020-09-26T12:19:00,,,,0,,,,,,,,,,,,,,
2020-09-26 14:00:00,924.3,23.3,82,0.8,132.0,3.5,81.0,0.0,,,,,,,,,,2020-09-26T13:09:00,,,,0,,,,,,,,,,,,,,
2020-09-26 15:00:00,924.1,22.4,85,0.7,130.0,3.4,99.0,0.0,,,,,,,,,,2020-09-26T14:04:00,,,,0,,,,,,,,,,,,,,
2020-09-26 16:00:00,924.4,21.2,95,1.1,125.0,2.4,194.0,0.5,,,,,,,,,,2020-09-26T15:40:00,,,,0,,,,,,,,,,,,,,
2020-09-26 17:00:00,925.1,20.6,98,0.1,0.0,2.2,119.0,1.0,,,,,,,,,,2020-09-26T16:01:00,,,,0,,,,,,,,,,,,,,
2020-09-26 18:00:00,925.3,20.5,-9991,0.0,0.0,1.3,157.0,3.5,,,,,,,,,,2020-09-26T17:01:00,,,,0,,,,,,,,,,,,,,
2020-09-26 19:00:00,925.7,20.3,-9991,0.0,0.0,1.2,188.0,0.5,,,,,,,,,,2020-09-26T18:33:00,,,,0,,,,,,,,,,,,,,
2020-09-26 20:00:00,926.3,20.0,-9991,0.1,0.0,1.3,135.0,0.0,,,,,,,,,,2020-09-26T19:43:00,,,,0,,,,,,,,,,,,,,
2020-09-26 21:00:00,927.0,19.8,-9991,0.5,72.0,1.9,87.0,0.0,,,,,,,,,,2020-09-26T20:33:00,,,,0,,,,,,,,,,,,,,
2020-09-26 22:00:00,927.2,19.7,-9991,0.0,0.0,0.9,81.0,0.0,,,,,,,,,,2020-09-26T21:02:00,,,,0,,,,,,,,,,,,,,
2020-09-26 23:00:00,926.9,19.4,-9991,0.2,0.0,2.1,127.0,0.0,,,,,,,,,,2020-09-26T22:26:00,,,,0,,,,,,,,,,,,,,
2020-09-27 00:00:00,926.9,19.4,-9991,0.0,0.0,0.8,123.0,0.0,,,,,,,,,,2020-09-26T23:01:00,,,,0,,,,,,,,,,,,,,
2020-09-27 01:00:00,926.2,19.2,-9991,0.0,0.0,0.9,20.0,0.0,,,,,,,,,,2020-09-27T00:09:00,,,,0,,,,,,,,,,,,,,
2020-09-27 02:00:00,925.9,19.1,-9991,0.1,0.0,0.7,274.0,0.0,,,,,,,,,,2020-09-27T01:58:00,,,,0,,,,,,,,,,,,,,
2020-09-27 03:00:00,925.4,19.1,-9991,0.5,171.0,1.2,196.0,0.0,,,,,,,,,,2020-09-27T02:51:00,,,,0,,,,,,,,,,,,,,
2020-09-27 04:00:00,925.4,19.0,-9991,0.0,0.0,0.9,91.0,0.0,,,,,,,,,,2020-09-27T03:01:00,,,,0,,,,,,,,,,,,,,
2020-09-27 05:00:00,925.5,19.1,-9991,0.6,142.0,1.4,204.0,0.0,,,,,,,,,,2020-09-27T04:10:00,,,,0,,,,,,,,,,,,,,
2020-09-27 06:00:00,926.1,19.2,-9991,0.0,0.0,0.7,186.0,0.0,,,,,,,,,,2020-09-27T05:10:00,,,,0,,,,,,,,,,,,,,
2020-09-27 07:00:00,926.8,19.6,-9991,0.3,54.0,1.3,98.0,0.0,,,,,,,,,,2020-09-27T06:45:00,,,,0,,,,,,,,,,,,,,
2020-09-27 08:00:00,927.2,21.1,96,0.3,116.0,1.2,115.0,0.0,,,,,,,,,,2020-09-27T07:40:00,,,,0,,,,,,,,,,,,,,
2020-09-27 09:00:00,927.5,21.6,95,0.6,13.0,1.5,87.0,0.0,,,,,,,,,,2020-09-27T08:30:00,,,,0,,,,,,,,,,,,,,
2020-09-27 10:00:00,927.1,23.2,88,0.8,77.0,3.4,87.0,0.0,,,,,,,,,,2020-09-27T09:47:00,,,,0,,,,,,,,,,,,,,
2020-09-27 11:00:00,927.0,23.0,83,1.9,103.0,5.4,77.0,0.0,,,,,,,,,,2020-09-27T10:24:00,,,,0,,,,,,,,,,,,,,
2020-09-27 12:00:00,926.2,24.1,81,0.8,91.0,4.8,86.0,0.0,,,,,,,,,,2020-09-27T11:23:00,,,,0,,,,,,,,,,,,,,
2020-09-27 13:00:00,925.5,23.6,80,1.3,175.0,4.0,9.0,0.0,,,,,,,,,,2020-09-27T12:46:00,,,,0,,,,,,,,,,,,,,
2020-09-27 14:00:00,925.0,22.7,83,0.5,340.0,3.2,306.0,0.0,,,,,,,,,,2020-09-27T13:12:00,,,,0,,,,,,,,,,,,,,
2020-09-27 15:00:00,924.7,22.0,87,0.7,291.0,4.1,97.0,0.0,,,,,,,,,,2020-09-27T14:18:00,,,,0,,,,,,,,,,,,,,
2020-09-27 16:00:00,924.7,21.5,90,0.9,111.0,2.9,84.0,0.0,,,,,,,,,,2020-09-27T15:54:00,,,,0,,,,,,,,,,,,,,
2020-09-27 17:00:00,925.0,20.6,99,0.2,0.0,3.8,81.0,0.0,,,,,,,,,,2020-09-27T16:04:00,,,,0,,,,,,,,,,,,,,
2020-09-27 18:00:00,925.4,20.3,99,0.3,105.0,1.0,139.0,0.0,,,,,,,,,,2020-09-27T17:06:00,,,,0,,,,,,,,,,,,,,
2020-09-27 19:00:00,926.2,20.2,-9991,0.0,0.0,1.0,162.0,0.0,,,,,,,,,,2020-09-27T18:09:00,,,,0,,,,,,,,,,,,,,
2020-09-27 20:00:00,926.7,20.3,-9991,0.0,0.0,1.0,144.0,0.0,,,,,,,,,,2020-09-27T19:08:00,,,,0,,,,,,,,,,,,,,
2020-09-27 21:00:00,927.3,20.2,-9991,0.0,0.0,1.1,148.0,0.0,,,,,,,,,,2020-09-27T20:44:00,,,,0,,,,,,,,,,,,,,
2020-09-27 22:00:00,927.4,20.2,-9991,0.0,0.0,0.6,185.0,0.0,,,,,,,,,,2020-09-27T21:36:00,,,,0,,,,,,,,,,,,,,
2020-09-27 23:00:00,927.1,20.1,-9991,0.6,244.0,1.1,283.0,0.0,,,,,,,,,,2020-09-27T22:52:00,,,,0,,,,,,,,,,,,,,
2020-09-28 00:00:00,926.6,20.1,-9991,0.0,0.0,1.3,226.0,0.0,,,,,,,,,,2020-09-27T23:33:00,,,,0,,,,,,,,,,,,,,
2020-09-28 01:00:00,926.0,19.7,-9991,0.0,0.0,0.0,0.0,0.0,,,,,,,,,,2020-09-28T00:05:00,,,,0,,,,,,,,,,,,,,
2020-09-28 02:00:00,925.4,19.8,-9991,0.6,233.0,1.6,222.0,0.0,,,,,,,,,,2020-09-28T02:00:00,,,,0,,,,,,,,,,,,,,
2020-09-28 03:00:00,924.8,19.1,-9991,1.1,194.0,1.8,209.0,0.0,,,,,,,,,,2020-09-28T02:52:00,,,,0,,,,,,,,,,,,,,
2020-09-28 04:00:00,925.1,18.7,-9991,0.9,211.0,1.5,206.0,0.0,,,,,,,,,,2020-09-28T03:27:00,,,,0,,,,,,,,,,,,,,
2020-09-28 05:00:00,925.1,18.7,-9991,1.0,221.0,1.8,208.0,0.0,,,,,,,,,,2020-09-28T04:51:00,,,,0,,,,,,,,,,,,,,
2020-09-28 06:00:00,925.2,18.6,-9991,0.9,200.0,2.1,239.0,0.0,,,,,,,,,,2020-09-28T05:10:00,,,,0,,,,,,,,,,,,,,
2020-09-28 07:00:00,925.8,20.4,95,0.1,0.0,1.0,303.0,0.0,,,,,,,,,,2020-09-28T06:35:00,,,,0,,,,,,,,,,,,,,
2020-09-28 08:00:00,926.1,23.1,84,0.4,54.0,1.9,64.0,0.0,,,,,,,,,,2020-09-28T07:45:00,,,,0,,,,,,,,,,,,,,
2020-09-28 09:00:00,926.2,22.9,85,0.9,86.0,2.2,103.0,0.0,,,,,,,,,,2020-09-28T08:57:00,,,,0,,,,,,,,,,,,,,
2020-09-28 10:00:00,926.4,24.2,81,0.8,63.0,2.9,91.0,0.0,,,,,,,,,,2020-09-28T09:06:00,,,,0,,,,,,,,,,,,,,
2020-09-28 11:00:00,926.3,23.5,84,0.7,43.0,4.6,56.0,0.0,,,,,,,,,,2020-09-28T10:23:00,,,,0,,,,,,,,,,,,,,
2020-09-28 12:00:00,925.6,23.7,85,0.6,37.0,2.2,52.0,0.0,,,,,,,,,,2020-09-28T11:57:00,,,,0,,,,,,,,,,,,,,
2020-09-28 13:00:00,924.8,24.2,82,1.2,41.0,3.0,61.0,0.0,,,,,,,,,,2020-09-28T12:50:00,,,,0,,,,,,,,,,,,,,
2020-09-28 14:00:00,923.8,24.1,85,0.7,36.0,2.6,137.0,0.0,,,,,,,,,,2020-09-28T13:05:00,,,,0,,,,,,,,,,,,,,
2020-09-28 15:00:00,923.3,23.5,85,1.2,105.0,3.3,135.0,0.0,,,,,,,,,,2020-09-28T14:57:00,,,,0,,,,,,,,,,,,,,
2020-09-28 16:00:00,923.3,23.3,89,0.6,24.0,3.1,204.0,0.0,,,,,,,,,,2020-09-28T15:14:00,,,,0,,,,,,,,,,,,,,
2020-09-28 17:00:00,923.7,22.3,91,0.8,121.0,3.2,83.0,0.0,,,,,,,,,,2020-09-28T16:06:00,,,,0,,,,,,,,,,,,,,
2020-09-28 18:00:00,924.3,21.6,94,1.1,100.0,4.2,79.0,0.0,,,,,,,,,,2020-09-28T17:17:00,,,,0,,,,,,,,,,,,,,
2020-09-28 19:00:00,925.0,21.3,95,1.1,116.0,2.7,98.0,0.0,,,,,,,,,,2020-09-28T18:57:00,,,,0,,,,,,,,,,,,,,
2020-09-28 20:00:00,925.5,21.3,96,0.8,127.0,2.0,103.0,0.0,,,,,,,,,,2020-09-28T19:46:00,,,,0,,,,,,,,,,,,,,
2020-09-28 21:00:00,926.0,21.0,98,0.0,0.0,1.6,131.0,0.0,,,,,,,,,,2020-09-28T20:01:00,,,,0,,,,,,,,,,,,,,
2020-09-28 22:00:00,925.8,20.9,99,0.0,0.0,0.9,27.0,0.0,,,,,,,,,,2020-09-28T21:04:00,,,,0,,,,,,,,,,,,,,
2020-09-28 23:00:00,925.7,20.8,-9991,0.0,0.0,0.0,0.0,0.0,,,,,,,,,,2020-09-28T22:05:00,,,,0,,,,,,,,,,,,,,
2020-09-29 00:00:00,925.3,20.8,-9991,0.2,0.0,0.9,100.0,0.0,,,,,,,,,,2020-09-28T23:59:00,,,,0,,,,,,,,,,,,,,
2020-09-29 01:00:00,925.0,20.7,-9991,0.2,0.0,0.9,122.0,0.0,,,,,,,,,,2020-09-29T00:01:00,,,,0,,,,,,,,,,,,,,
2020-09-29 02:00:00,924.1,20.6,-9991,0.4,219.0,0.8,106.0,0.0,,,,,,,,,,2020-09-29T01:03:00,,,,0,,,,,,,,,,,,,,
2020-09-29 03:00:00,923.5,20.6,-9991,0.1,0.0,0.8,208.0,0.0,,,,,,,,,,2020-09-29T02:46:00,,,,0,,,,,,,,,,,,,,
2020-09-29 04:00:00,923.3,20.4,-9991,0.3,148.0,1.2,166.0,0.0,,,,,,,,,,2020-09-29T03:38:00,,,,0,,,,,,,,,,,,,,
2020-09-29 05:00:00,923.7,20.4,-9991,0.9,142.0,1.9,107.0,0.0,,,,,,,,,,2020-09-29T04:50:00,,,,0,,,,,,,,,,,,,,
2020-09-29 06:00:00,924.1,20.2,-9991,0.9,149.0,2.0,149.0,0.0,,,,,,,,,,2020-09-29T05:42:00,,,,0,,,,,,,,,,,,,,
2020-09-29 07:00:00,924.5,20.4,-9991,0.0,0.0,1.4,175.0,0.0,,,,,,,,,,2020-09-29T06:09:00,,,,0,,,,,,,,,,,,,,
2020-09-29 08:00:00,924.7,20.8,-9991,0.1,0.0,0.9,33.0,0.0,,,,,,,,,,2020-09-29T07:39:00,,,,0,,,,,,,,,,,,,,
2020-09-29 09:00:00,924.7,24.0,91,1.3,37.0,3.0,24.0,0.0,,,,,,,,,,2020-09-29T09:00:00,,,,0,,,,,,,,,,,,,,
2020-09-29 10:00:00,924.4,23.9,84,1.2,84.0,4.0,29.0,0.0,,,,,,,,,,2020-09-29T09:37:00,,,,0,,,,,,,,,,,,,,
2020-09-29 11:00:00,923.7,25.2,77,1.3,40.0,4.8,70.0,0.0,,,,,,,,,,2020-09-29T10:32:00,,,,0,,,,,,,,,,,,,,
2020-09-29 12:00:00,922.9,25.3,74,2.0,77.0,6.4,84.0,0.0,,,,,,,,,,2020-09-29T11:35:00,,,,0,,,,,,,,,,,,,,
2020-09-29 13:00:00,922.1,24.6,79,1.6,113.0,5.5,80.0,0.0,,,,,,,,,,2020-09-29T12:18:00,,,,0,,,,,,,,,,,,,,
2020-09-29 14:00:00,921.6,22.4,89,0.4,118.0,4.2,52.0,0.0,,,,,,,,,,2020-09-29T13:02:00,,,,0,,,,,,,,,,,,,,
2020-09-29 15:00:00,921.3,21.6,96,1.0,116.0,3.8,110.0,0.0,,,,,,,,,,2020-09-29T14:26:00,,,,0,,,,,,,,,,,,,,
2020-09-29 16:00:00,921.3,21.0,97,0.5,29.0,3.3,193.0,0.0,,,,,,,,,,2020-09-29T15:17:00,,,,0,,,,,,,,,,,,,,
2020-09-29 17:00:00,921.7,20.4,-9991,0.8,126.0,2.7,187.0,0.5,,,,,,,,,,2020-09-29T16:04:00,,,,0,,,,,,,,,,,,,,
2020-09-29 18:00:00,922.0,20.1,-9991,0.3,129.0,2.0,65.0,0.0,,,,,,,,,,2020-09-29T17:24:00,,,,0,,,,,,,,,,,,,,
2020-09-29 19:00:00,922.7,20.0,-9991,0.2,0.0,3.0,135.0,0.0,,,,,,,,,,2020-09-29T18:21:00,,,,0,,,,,,,,,,,,,,
2020-09-29 20:00:00,923.3,19.8,-9991,0.8,142.0,2.0,117.0,0.0,,,,,,,,,,2020-09-29T19:47:00,,,,0,,,,,,,,,,,,,,
2020-09-29 21:00:00,923.7,19.6,-9991,1.2,131.0,2.9,109.0,0.0,,,,,,,,,,2020-09-29T20:02:00,,,,0,,,,,,,,,,,,,,
2020-09-29 22:00:00,923.8,19.7,-9991,0.4,80.0,2.0,157.0,0.0,,,,,,,,,,2020-09-29T21:01:00,,,,0,,,,,,,,,,,,,,
2020-09-29 23:00:00,923.7,19.4,-9991,0.5,118.0,2.1,112.0,0.0,,,,,,,,,,2020-09-29T22:38:00,,,,0,,,,,,,,,,,,,,
2020-09-30 00:00:00,923.4,19.5,-9991,0.0,0.0,0.1,0.0,0.0,,,,,,,,,,2020-09-29T23:01:00,,,,0,,,,,,,,,,,,,,
2020-09-30 01:00:00,922.8,19.6,-9991,0.0,0.0,0.0,0.0,0.0,,,,,,,,,,2020-09-30T00:05:00,,,,0,,,,,,,,,,,,,,
2020-09-30 02:00:00,922.2,19.5,-9991,0.0,0.0,0.0,0.0,0.0,,,,,,,,,,2020-09-30T01:05:00,,,,0,,,,,,,,,,,,,,
2020-09-30 03:00:00,921.8,19.5,-9991,0.0,0.0,0.7,34.0,0.0,,,,,,,,,,2020-09-30T02:47:00,,,,0,,,,,,,,,,,,,,
2020-09-30 04:00:00,921.7,19.4,-9991,0.2,0.0,1.0,12.0,0.0,,,,,,,,,,2020-09-30T03:44:00,,,,0,,,,,,,,,,,,,,
2020-09-30 05:00:00,922.1,19.4,-9991,0.0,0.0,1.2,96.0,0.0,,,,,,,,,,2020-09-30T04:18:00,,,,0,,,,,,,,,,,,,,
2020-09-30 06:00:00,922.7,19.4,-9991,0.0,0.0,0.0,0.0,0.0,,,,,,,,,,2020-09-30T05:05:00,,,,0,,,,,,,,,,,,,,
2020-09-30 07:00:00,923.1,19.8,-9991,0.0,0.0,0.0,0.0,0.0,,,,,,,,,,2020-09-30T06:05:00,,,,0,,,,,,,,,,,,,,
2020-09-30 08:00:00,923.8,20.5,-9991,0.4,80.0,1.4,91.0,0.0,,,,,,,,,,2020-09-30T07:26:00,,,,0,,,,,,,,,,,,,,
2020-09-30 09:00:00,924.3,21.1,96,0.7,88.0,2.2,80.0,0.0,,,,,,,,,,2020-09-30T08:25:00,,,,0,,,,,,,,,,,,,,
2020-09-30 10:00:00,924.0,22.5,91,0.9,78.0,3.0,99.0,0.0,,,,,,,,,,2020-09-30T09:45:00,,,,0,,,,,,,,,,,,,,
2020-09-30 11:00:00,923.5,23.0,84,1.5,155.0,4.8,133.0,0.5,,,,,,,,,,2020-09-30T10:52:00,,,,0,,,,,,,,,,,,,,
2020-09-30 12:00:00,922.9,22.6,85,1.9,86.0,5.7,83.0,0.0,,,,,,,,,,2020-09-30T11:59:00,,,,0,,,,,,,,,,,,,,
2020-09-30 13:00:00,922.2,22.3,86,2.5,82.0,5.7,77.0,0.0,,,,,,,,,,2020-09-30T12:30:00,,,,0,,,,,,,,,,,,,,
2020-09-30 14:00:00,922.0,20.5,93,1.9,144.0,5.8,63.0,0.0,,,,,,,,,,2020-09-30T13:12:00,,,,0,,,,,,,,,,,,,,
2020-09-30 15:00:00,922.0,19.9,93,1.4,89.0,4.6,87.0,0.0,,,,,,,,,,2020-09-30T14:56:00,,,,0,,,,,,,,,,,,,,
2020-09-30 16:00:00,922.4,19.0,96,0.8,135.0,3.9,130.0,0.0,,,,,,,,,,2020-09-30T15:17:00,,,,0,,,,,,,,,,,,,,
2020-09-30 17:00:00,923.0,18.3,99,1.6,135.0,3.0,136.0,0.0,,,,,,,,,,2020-09-30T16:51:00,,,,0,,,,,,,,,,,,,,
2020-09-30 18:00:00,923.2,18.1,99,1.2,150.0,2.6,135.0,0.0,,,,,,,,,,2020-09-30T17:36:00,,,,0,,,,,,,,,,,,,,
2020-09-30 19:00:00,924.1,18.1,-9991,0.4,137.0,2.1,137.0,0.0,,,,,,,,,,2020-09-30T18:21:00,,,,0,,,,,,,,,,,,,,
2020-09-30 20:00:00,924.8,18.1,-9991,0.1,0.0,1.1,113.0,0.0,,,,,,,,,,2020-09-30T19:04:00,,,,0,,,,,,,,,,,,,,
2020-09-30 21:00:00,925.2,18.0,-9991,0.0,0.0,1.6,183.0,0.0,,,,,,,,,,2020-09-30T20:34:00,,,,0,,,,,,,,,,,,,,
2020-09-30 22:00:00,925.2,18.1,-9991,0.2,0.0,1.0,125.0,0.0,,,,,,,,,,2020-09-30T21:49:00,,,,0,,,,,,,,,,,,,,
2020-09-30 23:00:00,925.1,17.9,-9991,0.9,129.0,2.4,123.0,0.0,,,,,,,,,,2020-09-30T22:52:00,,,,0,,,,,,,,,,,,,,
2020-10-01 00:00:00,924.9,17.9,-9991,0.0,0.0,1.7,124.0,0.5,,,,,,,,,,2020-09-30T23:01:00,,,,0,,,,,,,,,,,,,,
2020-10-01 01:00:00,924.4,17.7,-9991,0.0,0.0,0.9,92.0,0.0,,,,,,,,,,2020-10-01T00:30:00,,,,0,,,,,,,,,,,,,,
2020-10-01 02:00:00,924.2,17.9,99,0.5,201.0,1.3,197.0,0.0,,,,,,,,,,2020-10-01T01:51:00,,,,0,,,,,,,,,,,,,,
2020-10-01 03:00:00,924.1,18.0,99,0.3,229.0,1.1,222.0,0.0,,,,,,,,,,2020-10-01T02:23:00,,,,0,,,,,,,,,,,,,,
2020-10-01 04:00:00,924.1,17.9,-9991,0.0,0.0,0.6,215.0,0.0,,,,,,,,,,2020-10-01T03:12:00,,,,0,,,,,,,,,,,,,,
2020-10-01 05:00:00,924.4,17.8,-9991,0.4,242.0,0.9,229.0,0.0,,,,,,,,,,2020-10-01T04:21:00,,,,0,,,,,,,,,,,,,,
2020-10-01 06:00:00,924.8,18.0,98,0.5,236.0,2.3,262.0,0.0,,,,,,,,,,2020-10-01T05:44:00,,,,0,,,,,,,,,,,,,,
2020-10-01 07:00:00,925.3,18.8,97,0.1,0.0,2.3,281.0,0.0,,,,,,,,,,2020-10-01T06:18:00,,,,0,,,,,,,,,,,,,,
2020-10-01 08:00:00,925.8,19.4,96,0.4,87.0,1.0,25.0,0.0,,,,,,,,,,2020-10-01T07:19:00,,,,0,,,,,,,,,,,,,,
2020-10-01 09:00:00,926.0,21.2,84,0.5,93.0,1.3,108.0,0.0,,,,,,,,,,2020-10-01T08:59:00,,,,0,,,,,,,,,,,,,,
2020-10-01 10:00:00,926.1,22.5,76,0.7,135.0,2.8,152.0,0.0,,,,,,,,,,2020-10-01T09:41:00,,,,0,,,,,,,,,,,,,,
2020-10-01 11:00:00,925.9,23.7,69,1.2,94.0,3.4,122.0,0.0,,,,,,,,,,2020-10-01T10:58:00,,,,0,,,,,,,,,,,,,,
2020-10-01 12:00:00,925.4,22.9,72,1.7,125.0,5.2,92.0,0.0,,,,,,,,,,2020-10-01T11:27:00,,,,0,,,,,,,,,,,,,,
2020-10-01 13:00:00,924.8,22.6,73,1.5,111.0,5.5,92.0,0.0,,,,,,,,,,2020-10-01T12:51:00,,,,0,,,,,,,,,,,,,,
2020-10-01 14:00:00,924.6,22.2,76,0.8,51.0,3.7,106.0,0.0,,,,,,,,,,2020-10-01T13:06:00,,,,0,,,,,,,,,,,,,,
2020-10-01 15:00:00,924.2,22.2,80,0.9,32.0,3.2,71.0,0.0,,,,,,,,,,2020-10-01T14:31:00,,,,0,,,,,,,,,,,,,,
2020-10-01 16:00:00,924.5,20.7,86,1.4,120.0,3.7,86.0,0.0,,,,,,,,,,2020-10-01T15:53:00,,,,0,,,,,,,,,,,,,,
2020-10-01 17:00:00,924.5,20.3,89,0.4,113.0,2.5,141.0,0.0,,,,,,,,,,2020-10-01T16:18:00,,,,0,,,,,,,,,,,,,,
2020-10-01 18:00:00,925.1,19.9,93,0.2,0.0,1.4,111.0,0.0,,,,,,,,,,2020-10-01T17:03:00,,,,0,,,,,,,,,,,,,,
2020-10-01 19:00:00,925.8,19.5,95,0.0,0.0,0.7,102.0,0.0,,,,,,,,,,2020-10-01T18:31:00,,,,0,,,,,,,,,,,,,,
2020-10-01 20:00:00,926.5,19.5,95,0.0,0.0,0.7,261.0,0.0,,,,,,,,,,2020-10-01T19:47:00,,,,0,,,,,,,,,,,,,,
2020-10-01 21:00:00,926.9,19.3,97,0.0,0.0,0.5,225.0,0.0,,,,,,,,,,2020-10-01T20:43:00,,,,0,,,,,,,,,,,,,,
2020-10-01 22:00:00,927.1,19.1,97,0.0,0.0,0.8,232.0,0.0,,,,,,,,,,2020-10-01T21:35:00,,,,0,,,,,,,,,,,,,,
2020-10-01 23:00:00,926.6,18.8,97,0.6,201.0,1.9,213.0,0.0,,,,,,,,,,2020-10-01T22:33:00,,,,0,,,,,,,,,,,,,,
2020-10-02 00:00:00,926.4,18.1,98,0.6,213.0,1.8,202.0,0.0,,,,,,,,,,2020-10-01T23:08:00,,,,0,,,,,,,,,,,,,,
2020-10-02 01:00:00,926.0,17.1,95,1.6,226.0,2.9,201.0,0.0,,,,,,,,,,2020-10-02T00:44:00,,,,0,,,,,,,,,,,,,,
2020-10-02 02:00:00,925.9,16.2,95,1.5,208.0,2.6,214.0,0.0,,,,,,,,,,2020-10-02T01:20:00,,,,0,,,,,,,,,,,,,,
2020-10-02 03:00:00,926.1,15.8,95,1.6,218.0,2.5,193.0,0.0,,,,,,,,,,2020-10-02T02:06:00,,,,0,,,,,,,,,,,,,,
2020-10-02 04:00:00,926.0,15.6,94,1.5,216.0,2.6,207.0,0.0,,,,,,,,,,2020-10-02T03:55:00,,,,0,,,,,,,,,,,,,,
2020-10-02 05:00:00,926.5,15.4,94,1.4,222.0,2.7,201.0,0.0,,,,,,,,,,2020-10-02T04:49:00,,,,0,,,,,,,,,,,,,,
2020-10-02 06:00:00,927.0,15.5,91,0.9,243.0,2.7,226.0,0.0,,,,,,,,,,2020-10-02T05:21:00,,,,0,,,,,,,,,,,,,,
2020-10-02 07:00:00,927.5,18.4,76,0.9,342.0,3.3,353.0,0.0,,,,,,,,,,2020-10-02T07:00:00,,,,0,,,,,,,,,,,,,,
2020-10-02 08:00:00,927.8,21.2,66,0.4,7.0,2.5,334.0,0.0,,,,,,,,,,2020-10-02T07:02:00,,,,0,,,,,,,,,,,,,,
2020-10-02 09:00:00,927.9,23.7,55,0.5,338.0,1.8,287.0,0.0,,,,,,,,,,2020-10-02T08:45:00,,,,0,,,,,,,,,,,,,,
2020-10-02 10:00:00,927.7,25.8,54,0.9,18.0,3.1,7.0,0.0,,,,,,,,,,2020-10-02T09:57:00,,,,0,,,,,,,,,,,,,,
2020-10-02 11:00:00,927.2,26.9,52,1.1,108.0,3.8,12.0,0.0,,,,,,,,,,2020-10-02T10:21:00,,,,0,,,,,,,,,,,,,,
2020-10-02 12:00:00,926.2,27.8,52,1.2,59.0,4.8,88.0,0.0,,,,,,,,,,2020-10-02T11:03:00,,,,0,,,,,,,,,,,,,,
2020-10-02 13:00:00,925.3,29.0,42,1.0,27.0,5.6,30.0,0.0,,,,,,,,,,2020-10-02T12:20:00,,,,0,,,,,,,,,,,,,,
2020-10-02 14:00:00,924.7,27.9,39,1.1,358.0,5.5,9.0,0.0,,,,,,,,,,2020-10-02T13:50:00,,,,0,,,,,,,,,,,,,,
2020-10-02 15:00:00,924.6,26.5,45,0.7,207.0,3.7,105.0,0.0,,,,,,,,,,2020-10-02T14:31:00,,,,0,,,,,,,,,,,,,,
2020-10-02 16:00:00,924.8,25.8,51,0.8,144.0,2.7,144.0,0.0,,,,,,,,,,2020-10-02T15:31:00,,,,0,,,,,,,,,,,,,,
2020-10-02 17:00:00,925.4,22.9,69,1.9,197.0,3.0,202.0,0.0,,,,,,,,,,2020-10-02T16:58:00,,,,0,,,,,,,,,,,,,,
2020-10-02 18:00:00,925.6,20.9,81,2.5,205.0,3.3,206.0,0.0,,,,,,,,,,2020-10-02T18:00:00,,,,0,,,,,,,,,,,,,,
2020-10-02 19:00:00,926.2,19.6,84,2.0,208.0,3.5,212.0,0.0,,,,,,,,,,2020-10-02T18:06:00,,,,0,,,,,,,,,,,,,,
2020-10-02 20:00:00,927.1,19.1,86,1.6,209.0,3.0,200.0,0.0,,,,,,,,,,2020-10-02T19:05:00,,,,0,,,,,,,,,,,,,,
2020-10-02 21:00:00,927.6,18.1,90,1.7,205.0,2.5,203.0,0.0,,,,,,,,,,2020-10-02T20:31:00,,,,0,,,,,,,,,,,,,,
2020-10-02 22:00:00,927.9,17.8,89,2.3,209.0,2.9,202.0,0.0,,,,,,,,,,2020-10-02T22:00:00,,,,0,,,,,,,,,,,,,,
2020-10-02 23:00:00,928.2,17.3,91,1.7,219.0,2.8,203.0,0.0,,,,,,,,,,2020-10-02T22:03:00,,,,0,,,,,,,,,,,,,,
2020-10-03 00:00:00,928.1,17.2,91,1.3,197.0,2.8,196.0,0.0,,,,,,,,,,2020-10-02T23:17:00,,,,0,,,,,,,,,,,,,,
2020-10-03 01:00:00,927.6,16.8,92,1.4,211.0,2.4,202.0,0.0,,,,,,,,,,2020-10-03T00:28:00,,,,0,,,,,,,,,,,,,,
2020-10-03 02:00:00,927.1,16.4,89,1.4,213.0,2.7,213.0,0.0,,,,,,,,,,2020-10-03T01:06:00,,,,0,,,,,,,,,,,,,,
2020-10-03 03:00:00,926.8,16.1,89,1.4,212.0,2.5,203.0,0.0,,,,,,,,,,2020-10-03T02:05:00,,,,0,,,,,,,,,,,,,,
2020-10-03 04:00:00,926.8,16.0,88,1.7,207.0,2.6,230.0,0.0,,,,,,,,,,2020-10-03T03:06:00,,,,0,,,,,,,,,,,,,,
2020-10-03 05:00:00,926.8,16.6,84,1.2,230.0,2.5,207.0,0.0,,,,,,,,,,2020-10-03T04:31:00,,,,0,,,,,,,,,,,,,,
2020-10-03 06:00:00,926.8,18.1,74,0.8,284.0,3.1,309.0,0.0,,,,,,,,,,2020-10-03T05:47:00,,,,0,,,,,,,,,,,,,,
2020-10-03 07:00:00,927.4,19.5,72,0.4,175.0,1.8,104.0,0.0,,,,,,,,,,2020-10-03T06:35:00,,,,0,,,,,,,,,,,,,,
2020-10-03 08:00:00,927.6,22.9,56,0.3,24.0,1.3,321.0,0.0,,,,,,,,,,2020-10-03T07:41:00,,,,0,,,,,,,,,,,,,,
2020-10-03 09:00:00,927.4,25.2,52,1.0,52.0,3.0,72.0,0.0,,,,,,,,,,2020-10-03T08:54:00,,,,0,,,,,,,,,,,,,,
2020-10-03 10:00:00,927.3,26.3,47,1.5,115.0,4.4,94.0,0.0,,,,,,,,,,2020-10-03T09:42:00,,,,0,,,,,,,,,,,,,,
2020-10-03 11:00:00,926.6,27.3,52,1.7,42.0,5.6,74.0,0.0,,,,,,,,,,2020-10-03T10:40:00,,,,0,,,,,,,,,,,,,,
2020-10-03 12:00:00,925.8,28.0,50,2.1,49.0,6.0,59.0,0.0,,,,,,,,,,2020-10-03T11:24:00,,,,0,,,,,,,,,,,,,,
2020-10-03 13:00:00,924.6,28.7,51,1.9,98.0,5.2,84.0,0.0,,,,,,,,,,2020-10-03T12:45:00,,,,0,,,,,,,,,,,,,,
2020-10-03 14:00:00,924.0,28.9,49,1.2,73.0,5.0,102.0,0.0,,,,,,,,,,2020-10-03T13:06:00,,,,0,,,,,,,,,,,,,,
2020-10-03 15:00:00,923.9,27.0,58,2.3,102.0,6.9,82.0,0.0,,,,,,,,,,2020-10-03T14:26:00,,,,0,,,,,,,,,,,,,,
2020-10-03 16:00:00,924.2,25.3,67,1.3,93.0,6.9,83.0,0.0,,,,,,,,,,2020-10-03T15:09:00,,,,0,,,,,,,,,,,,,,
2020-10-03 17:00:00,924.8,24.0,74,1.3,134.0,4.2,128.0,0.0,,,,,,,,,,2020-10-03T16:02:00,,,,0,,,,,,,,,,,,,,
2020-10-03 18:00:00,925.2,22.9,78,1.2,168.0,3.5,48.0,0.0,,,,,,,,,,2020-10-03T17:24:00,,,,0,,,,,,,,,,,,,,
2020-10-03 19:00:00,926.0,22.3,77,1.1,137.0,3.3,93.0,0.0,,,,,,,,,,2020-10-03T18:51:00,,,,0,,,,,,,,,,,,,,
2020-10-03 20:00:00,927.0,21.8,79,0.7,189.0,2.1,192.0,0.0,,,,,,,,,,2020-10-03T19:05:00,,,,0,,,,,,,,,,,,,,
2020-10-03 21:00:00,927.3,21.2,82,1.1,229.0,2.8,218.0,0.0,,,,,,,,,,2020-10-03T20:43:00,,,,0,,,,,,,,,,,,,,
2020-10-03 22:00:00,927.5,19.5,91,1.3,209.0,2.2,201.0,0.0,,,,,,,,,,2020-10-03T21:47:00,,,,0,,,,,,,,,,,,,,
2020-10-03 23:00:00,927.6,19.0,93,1.4,212.0,2.5,209.0,0.0,,,,,,,,,,2020-10-03T22:25:00,,,,0,,,,,,,,,,,,,,
2020-10-04 00:00:00,927.5,18.9,93,1.5,209.0,2.3,196.0,0.0,,,,,,,,,,2020-10-03T23:54:00,,,,0,,,,,,,,,,,,,,
2020-10-04 01:00:00,927.0,20.1,84,1.5,281.0,3.9,310.0,0.0,,,,,,,,,,2020-10-04T00:53:00,,,,0,,,,,,,,,,,,,,
2020-10-04 02:00:00,926.4,19.8,82,0.7,264.0,3.2,261.0,0.0,,,,,,,,,,2020-10-04T01:10:00,,,,0,,,,,,,,,,,,,,
2020-10-04 03:00:00,926.0,18.7,85,0.5,219.0,3.4,275.0,0.0,,,,,,,,,,2020-10-04T02:32:00,,,,0,,,,,,,,,,,,,,
2020-10-04 04:00:00,925.7,17.7,86,1.3,218.0,2.9,224.0,0.0,,,,,,,,,,2020-10-04T03:13:00,,,,0,,,,,,,,,,,,,,
2020-10-04 05:00:00,926.0,16.9,91,1.4,213.0,2.6,230.0,0.0,,,,,,,,,,2020-10-04T04:03:00,,,,0,,,,,,,,,,,,,,
2020-10-04 06:00:00,926.3,16.5,91,1.6,209.0,2.6,205.0,0.0,,,,,,,,,,2020-10-04T06:00:00,,,,0,,,,,,,,,,,,,,
2020-10-04 07:00:00,926.5,20.2,77,0.1,0.0,2.6,205.0,0.0,,,,,,,,,,2020-10-04T06:01:00,,,,0,,,,,,,,,,,,,,
2020-10-04 08:00:00,926.6,23.3,62,0.5,15.0,1.3,353.0,0.0,,,,,,,,,,2020-10-04T07:20:00,,,,0,,,,,,,,,,,,,,
2020-10-04 09:00:00,926.4,26.0,52,0.9,80.0,2.9,100.0,0.0,,,,,,,,,,2020-10-04T08:48:00,,,,0,,,,,,,,,,,,,,
2020-10-04 10:00:00,925.8,26.9,53,1.6,86.0,4.6,21.0,0.0,,,,,,,,,,2020-10-04T09:50:00,,,,0,,,,,,,,,,,,,,
2020-10-04 11:00:00,924.8,27.2,56,1.2,38.0,6.9,95.0,0.0,,,,,,,,,,2020-10-04T10:44:00,,,,0,,,,,,,,,,,,,,
2020-10-04 12:00:00,924.0,28.3,55,1.3,56.0,5.9,52.0,0.0,,,,,,,,,,2020-10-04T11:04:00,,,,0,,,,,,,,,,,,,,
2020-10-04 13:00:00,923.2,28.2,57,2.0,94.0,5.8,95.0,0.0,,,,,,,,,,2020-10-04T12:21:00,,,,0,,,,,,,,,,,,,,
2020-10-04 14:00:00,922.6,28.5,57,1.6,121.0,5.9,101.0,0.0,,,,,,,,,,2020-10-04T13:36:00,,,,0,,,,,,,,,,,,,,
2020-10-04 15:00:00,922.4,26.5,67,1.3,132.0,7.5,28.0,0.0,,,,,,,,,,2020-10-04T14:05:00,,,,0,,,,,,,,,,,,,,
2020-10-04 16:00:00,922.7,25.7,72,1.6,59.0,5.8,63.0,0.0,,,,,,,,,,2020-10-04T15:57:00,,,,0,,,,,,,,,,,,,,
2020-10-04 17:00:00,923.4,24.2,80,1.1,101.0,5.1,77.0,0.0,,,,,,,,,,2020-10-04T16:21:00,,,,0,,,,,,,,,,,,,,
2020-10-04 18:00:00,924.0,22.8,87,1.0,163.0,5.1,85.0,0.0,,,,,,,,,,2020-10-04T17:07:00,,,,0,,,,,,,,,,,,,,
2020-10-04 19:00:00,924.6,22.1,91,1.0,169.0,2.3,180.0,0.0,,,,,,,,,,2020-10-04T18:29:00,,,,0,,,,,,,,,,,,,,
2020-10-04 20:00:00,925.5,22.2,93,0.5,108.0,2.3,131.0,0.0,,,,,,,,,,2020-10-04T19:25:00,,,,0,,,,,,,,,,,,,,
2020-10-04 21:00:00,926.1,22.0,94,0.9,134.0,1.9,149.0,0.0,,,,,,,,,,2020-10-04T20:15:00,,,,0,,,,,,,,,,,,,,
2020-10-04 22:00:00,926.4,21.9,94,0.6,153.0,2.1,111.0,0.0,,,,,,,,,,2020-10-04T21:03:00,,,,0,,,,,,,,,,,,,,
2020-10-04 23:00:00,926.4,21.6,95,0.7,100.0,2.6,190.0,0.0,,,,,,,,,,2020-10-04T22:13:00,,,,0,,,,,,,,,,,,,,
2020-10-05 00:00:00,926.2,21.2,95,0.8,143.0,2.6,149.0,0.0,,,,,,,,,,2020-10-04T23:42:00,,,,0,,,,,,,,,,,,,,
2020-10-05 01:00:00,926.2,20.0,93,1.6,205.0,2.2,190.0,0.0,,,,,,,,,,2020-10-05T00:27:00,,,,0,,,,,,,,,,,,,,
2020-10-05 02:00:00,926.1,19.7,94,1.7,205.0,2.4,198.0,0.0,,,,,,,,,,2020-10-05T01:01:00,,,,0,,,,,,,,,,,,,,
2020-10-05 03:00:00,925.8,19.1,96,1.2,209.0,2.0,208.0,0.0,,,,,,,,,,2020-10-05T02:15:00,,,,0,,,,,,,,,,,,,,
2020-10-05 04:00:00,925.8,19.0,96,1.0,208.0,2.1,212.0,0.0,,,,,,,,,,2020-10-05T03:14:00,,,,0,,,,,,,,,,,,,,
2020-10-05 05:00:00,925.9,18.6,96,0.7,225.0,2.1,180.0,0.0,,,,,,,,,,2020-10-05T04:30:00,,,,0,,,,,,,,,,,,,,
2020-10-05 06:00:00,926.2,18.1,95,0.9,220.0,2.4,230.0,0.0,,,,,,,,,,2020-10-05T05:18:00,,,,0,,,,,,,,,,,,,,
2020-10-05 07:00:00,926.5,21.8,80,0.1,0.0,2.0,206.0,0.0,,,,,,,,,,2020-10-05T06:02:00,,,,0,,,,,,,,,,,,,,
2020-10-05 08:00:00,926.8,23.9,70,0.5,41.0,1.3,349.0,0.0,,,,,,,,,,2020-10-05T07:43:00,,,,0,,,,,,,,,,,,,,
2020-10-05 09:00:00,926.8,26.0,60,1.2,84.0,2.8,84.0,0.0,,,,,,,,,,2020-10-05T08:47:00,,,,0,,,,,,,,,,,,,,
2020-10-05 10:00:00,926.7,26.2,66,2.1,112.0,5.3,96.0,0.0,,,,,,,,,,2020-10-05T09:59:00,,,,0,,,,,,,,,,,,,,
2020-10-05 11:00:00,926.1,27.2,65,2.9,88.0,5.8,84.0,0.0,,,,,,,,,,2020-10-05T10:57:00,,,,0,,,,,,,,,,,,,,
2020-10-05 12:00:00,925.5,27.4,67,0.8,60.0,6.3,45.0,0.0,,,,,,,,,,2020-10-05T11:11:00,,,,0,,,,,,,,,,,,,,
2020-10-05 13:00:00,925.0,28.1,64,1.3,46.0,6.0,50.0,0.0,,,,,,,,,,2020-10-05T12:29:00,,,,0,,,,,,,,,,,,,,
2020-10-05 14:00:00,924.7,25.7,74,1.7,96.0,4.9,89.0,0.0,,,,,,,,,,2020-10-05T14:00:00,,,,0,,,,,,,,,,,,,,
2020-10-05 15:00:00,924.8,24.3,81,1.8,105.0,6.3,116.0,0.0,,,,,,,,,,2020-10-05T14:27:00,,,,0,,,,,,,,,,,,,,
2020-10-05 16:00:00,925.3,23.0,85,1.1,127.0,3.9,123.0,0.0,,,,,,,,,,2020-10-05T15:24:00,,,,0,,,,,,,,,,,,,,
2020-10-05 17:00:00,925.6,22.5,86,1.2,126.0,3.5,113.0,0.0,,,,,,,,,,2020-10-05T16:50:00,,,,0,,,,,,,,,,,,,,
2020-10-05 18:00:00,926.2,21.9,88,0.3,188.0,3.1,91.0,0.0,,,,,,,,,,2020-10-05T17:08:00,,,,0,,,,,,,,,,,,,,
2020-10-05 19:00:00,926.7,21.4,90,1.1,141.0,2.2,162.0,0.0,,,,,,,,,,2020-10-05T18:50:00,,,,0,,,,,,,,,,,,,,
2020-10-05 20:00:00,927.5,21.5,89,1.0,141.0,2.7,125.0,0.0,,,,,,,,,,2020-10-05T19:50:00,,,,0,,,,,,,,,,,,,,
2020-10-05 21:00:00,928.1,21.0,92,0.4,177.0,1.9,186.0,0.0,,,,,,,,,,2020-10-05T20:29:00,,,,0,,,,,,,,,,,,,,
2020-10-05 22:00:00,928.3,21.0,93,0.0,0.0,1.1,191.0,0.0,,,,,,,,,,2020-10-05T21:08:00,,,,0,,,,,,,,,,,,,,
2020-10-05 23:00:00,928.3,20.9,94,0.5,230.0,1.1,230.0,0.0,,,,,,,,,,2020-10-05T22:50:00,,,,0,,,,,,,,,,,,,,
2020-10-06 00:00:00,928.1,20.1,95,1.0,204.0,1.5,215.0,0.0,,,,,,,,,,2020-10-06T00:00:00,,,,0,,,,,,,,,,,,,,
2020-10-06 01:00:00,927.5,20.0,97,0.2,0.0,3.2,259.0,0.0,,,,,,,,,,2020-10-06T00:28:00,,,,0,,,,,,,,,,,,,,
2020-10-06 02:00:00,927.1,20.2,96,0.3,130.0,1.6,102.0,0.0,,,,,,,,,,2020-10-06T01:51:00,,,,0,,,,,,,,,,,,,,
2020-10-06 03:00:00,926.7,20.2,95,0.4,99.0,2.1,184.0,0.0,,,,,,,,,,2020-10-06T02:23:00,,,,0,,,,,,,,,,,,,,
2020-10-06 04:00:00,926.8,20.1,94,1.0,124.0,2.1,136.0,0.0,,,,,,,,,,2020-10-06T03:58:00,,,,0,,,,,,,,,,,,,,
2020-10-06 05:00:00,927.1,20.0,95,0.3,273.0,2.1,112.0,0.0,,,,,,,,,,2020-10-06T04:11:00,,,,0,,,,,,,,,,,,,,
2020-10-06 06:00:00,927.3,19.9,96,0.4,137.0,1.1,283.0,0.0,,,,,,,,,,2020-10-06T05:07:00,,,,0,,,,,,,,,,,,,,
2020-10-06 07:00:00,927.9,20.3,95,0.2,0.0,0.8,317.0,0.0,,,,,,,,,,2020-10-06T06:40:00,,,,0,,,,,,,,,,,,,,
2020-10-06 08:00:00,928.1,21.4,88,0.5,327.0,2.4,77.0,0.0,,,,,,,,,,2020-10-06T07:23:00,,,,0,,,,,,,,,,,,,,
2020-10-06 09:00:00,928.2,22.4,82,1.4,31.0,4.2,65.0,0.0,,,,,,,,,,2020-10-06T08:52:00,,,,0,,,,,,,,,,,,,,
2020-10-06 10:00:00,928.7,22.3,81,0.8,71.0,6.1,73.0,0.0,,,,,,,,,,2020-10-06T09:14:00,,,,0,,,,,,,,,,,,,,
2020-10-06 11:00:00,928.3,23.0,78,1.5,83.0,3.8,98.0,0.0,,,,,,,,,,2020-10-06T10:22:00,,,,0,,,,,,,,,,,,,,
2020-10-06 12:00:00,928.1,22.5,79,1.7,112.0,5.6,76.0,0.0,,,,,,,,,,2020-10-06T11:51:00,,,,0,,,,,,,,,,,,,,
2020-10-06 13:00:00,927.5,21.8,82,2.6,120.0,5.7,98.0,0.0,,,,,,,,,,2020-10-06T12:51:00,,,,0,,,,,,,,,,,,,,
2020-10-06 14:00:00,927.3,21.6,82,0.9,144.0,4.4,94.0,0.0,,,,,,,,,,2020-10-06T13:47:00,,,,0,,,,,,,,,,,,,,
2020-10-06 15:00:00,927.5,21.4,82,1.0,110.0,3.8,101.0,0.0,,,,,,,,,,2020-10-06T14:18:00,,,,0,,,,,,,,,,,,,,
2020-10-06 16:00:00,927.5,20.8,84,1.1,125.0,3.1,87.0,0.0,,,,,,,,,,2020-10-06T15:25:00,,,,0,,,,,,,,,,,,,,
2020-10-06 17:00:00,928.0,20.2,86,0.7,133.0,3.3,91.0,0.0,,,,,,,,,,2020-10-06T16:47:00,,,,0,,,,,,,,,,,,,,
2020-10-06 18:00:00,928.3,18.8,94,0.5,159.0,2.3,137.0,0.0,,,,,,,,,,2020-10-06T17:27:00,,,,0,,,,,,,,,,,,,,
2020-10-06 19:00:00,928.8,18.3,98,0.5,127.0,1.6,71.0,0.0,,,,,,,,,,2020-10-06T18:46:00,,,,0,,,,,,,,,,,,,,
2020-10-06 20:00:00,929.7,18.1,98,0.7,136.0,2.1,141.0,0.0,,,,,,,,,,2020-10-06T19:03:00,,,,0,,,,,,,,,,,,,,
2020-10-06 21:00:00,930.0,18.1,98,0.0,0.0,1.4,183.0,0.0,,,,,,,,,,2020-10-06T20:08:00,,,,0,,,,,,,,,,,,,,
2020-10-06 22:00:00,930.2,18.0,99,0.4,99.0,1.4,155.0,0.0,,,,,,,,,,2020-10-06T21:24:00,,,,0,,,,,,,,,,,,,,
2020-10-06 23:00:00,930.1,17.9,99,0.0,0.0,1.8,150.0,0.0,,,,,,,,,,2020-10-06T22:24:00,,,,0,,,,,,,,,,,,,,
2020-10-07 00:00:00,929.5,17.9,-9991,0.0,0.0,0.0,0.0,0.0,,,,,,,,,,2020-10-06T23:05:00,,,,0,,,,,,,,,,,,,,
2020-10-07 01:00:00,929.0,17.9,99,0.0,0.0,0.6,297.0,0.0,,,,,,,,,,2020-10-07T00:11:00,,,,0,,,,,,,,,,,,,,
2020-10-07 02:00:00,928.7,17.9,97,0.6,164.0,1.2,149.0,0.0,,,,,,,,,,2020-10-07T01:50:00,,,,0,,,,,,,,,,,,,,
2020-10-07 03:00:00,928.3,17.7,99,0.0,0.0,1.0,170.0,0.0,,,,,,,,,,2020-10-07T02:02:00,,,,0,,,,,,,,,,,,,,
2020-10-07 04:00:00,927.8,17.7,98,0.8,230.0,1.8,218.0,0.0,,,,,,,,,,2020-10-07T03:57:00,,,,0,,,,,,,,,,,,,,
2020-10-07 05:00:00,927.9,17.4,99,0.4,188.0,2.1,349.0,0.0,,,,,,,,,,2020-10-07T04:04:00,,,,0,,,,,,,,,,,,,,
2020-10-07 06:00:00,928.5,17.6,99,0.1,0.0,2.0,119.0,0.0,,,,,,,,,,2020-10-07T05:13:00,,,,0,,,,,,,,,,,,,,
2020-10-07 07:00:00,928.8,18.0,98,0.2,0.0,0.8,147.0,0.0,,,,,,,,,,2020-10-07T06:03:00,,,,0,,,,,,,,,,,,,,
2020-10-07 08:00:00,929.5,19.2,91,0.7,79.0,2.0,97.0,0.0,,,,,,,,,,2020-10-07T07:56:00,,,,0,,,,,,,,,,,,,,
2020-10-07 09:00:00,929.9,19.9,87,0.8,89.0,2.4,89.0,0.0,,,,,,,,,,2020-10-07T08:07:00,,,,0,,,,,,,,,,,,,,
2020-10-07 10:00:00,929.9,20.2,83,0.9,82.0,3.2,80.0,0.0,,,,,,,,,,2020-10-07T09:20:00,,,,0,,,,,,,,,,,,,,
2020-10-07 11:00:00,929.5,21.0,80,0.6,41.0,3.5,94.0,0.0,,,,,,,,,,2020-10-07T10:36:00,,,,0,,,,,,,,,,,,,,
2020-10-07 12:00:00,928.6,21.8,76,0.8,7.0,3.8,85.0,0.0,,,,,,,,,,2020-10-07T11:30:00,,,,0,,,,,,,,,,,,,,
2020-10-07 13:00:00,927.5,23.6,69,1.0,3.0,2.8,17.0,0.0,,,,,,,,,,2020-10-07T12:58:00,,,,0,,,,,,,,,,,,,,
2020-10-07 14:00:00,926.7,23.1,70,1.2,93.0,3.7,79.0,0.0,,,,,,,,,,2020-10-07T13:57:00,,,,0,,,,,,,,,,,,,,
2020-10-07 15:00:00,926.4,21.8,77,1.5,119.0,5.4,81.0,0.0,,,,,,,,,,2020-10-07T14:50:00,,,,0,,,,,,,,,,,,,,
2020-10-07 16:00:00,926.5,20.0,84,1.5,98.0,5.1,74.0,0.0,,,,,,,,,,2020-10-07T15:28:00,,,,0,,,,,,,,,,,,,,
2020-10-07 17:00:00,926.9,18.9,87,0.8,133.0,4.1,74.0,0.0,,,,,,,,,,2020-10-07T16:34:00,,,,0,,,,,,,,,,,,,,
2020-10-07 18:00:00,927.6,18.0,90,0.9,162.0,1.9,94.0,0.0,,,,,,,,,,2020-10-07T17:03:00,,,,0,,,,,,,,,,,,,,
2020-10-07 19:00:00,928.1,17.6,94,0.4,196.0,1.8,189.0,0.0,,,,,,,,,,2020-10-07T18:26:00,,,,0,,,,,,,,,,,,,,
2020-10-07 20:00:00,928.8,17.8,94,0.6,189.0,1.4,188.0,0.0,,,,,,,,,,2020-10-07T19:40:00,,,,0,,,,,,,,,,,,,,
2020-10-07 21:00:00,929.1,17.8,94,0.2,0.0,1.4,245.0,0.0,,,,,,,,,,2020-10-07T20:48:00,,,,0,,,,,,,,,,,,,,
2020-10-07 22:00:00,929.4,17.7,95,0.0,0.0,0.8,273.0,0.0,,,,,,,,,,2020-10-07T21:03:00,,,,0,,,,,,,,,,,,,,
2020-10-07 23:00:00,929.2,17.8,95,0.0,0.0,1.1,101.0,0.0,,,,,,,,,,2020-10-07T22:12:00,,,,0,,,,,,,,,,,,,,
2020-10-08 00:00:00,929.1,17.8,96,0.0,0.0,0.2,0.0,0.0,,,,,,,,,,2020-10-07T23:11:00,,,,0,,,,,,,,,,,,,,
2020-10-08 01:00:00,928.2,17.7,94,0.9,255.0,1.5,231.0,0.0,,,,,,,,,,2020-10-08T00:59:00,,,,0,,,,,,,,,,,,,,
2020-10-08 02:00:00,927.6,17.6,95,0.0,0.0,1.8,250.0,0.0,,,,,,,,,,2020-10-08T01:01:00,,,,0,,,,,,,,,,,,,,
2020-10-08 03:00:00,927.1,17.4,97,0.6,191.0,0.8,200.0,0.0,,,,,,,,,,2020-10-08T02:59:00,,,,0,,,,,,,,,,,,,,
2020-10-08 04:00:00,927.6,17.7,95,0.1,0.0,1.9,106.0,0.0,,,,,,,,,,2020-10-08T03:25:00,,,,0,,,,,,,,,,,,,,
2020-10-08 05:00:00,927.9,17.6,95,0.1,0.0,1.3,111.0,0.0,,,,,,,,,,2020-10-08T04:20:00,,,,0,,,,,,,,,,,,,,
2020-10-08 06:00:00,928.2,17.5,93,0.0,0.0,0.8,144.0,0.0,,,,,,,,,,2020-10-08T05:07:00,,,,0,,,,,,,,,,,,,,
2020-10-08 07:00:00,928.8,18.0,93,0.1,0.0,0.9,255.0,0.0,,,,,,,,,,2020-10-08T06:09:00,,,,0,,,,,,,,,,,,,,
2020-10-08 08:00:00,929.6,18.5,89,0.5,109.0,2.5,93.0,0.0,,,,,,,,,,2020-10-08T07:41:00,,,,0,,,,,,,,,,,,,,
2020-10-08 09:00:00,929.6,19.6,78,0.4,116.0,1.4,29.0,0.0,,,,,,,,,,2020-10-08T08:20:00,,,,0,,,,,,,,,,,,,,
2020-10-08 10:00:00,929.3,20.7,75,0.4,324.0,1.6,319.0,0.0,,,,,,,,,,2020-10-08T09:54:00,,,,0,,,,,,,,,,,,,,
2020-10-08 11:00:00,928.7,22.2,66,0.7,20.0,2.2,31.0,0.0,,,,,,,,,,2020-10-08T10:41:00,,,,0,,,,,,,,,,,,,,
2020-10-08 12:00:00,927.9,22.7,65,1.0,88.0,3.2,28.0,0.0,,,,,,,,,,2020-10-08T11:30:00,,,,0,,,,,,,,,,,,,,
2020-10-08 13:00:00,927.5,22.6,66,0.7,39.0,3.1,62.0,0.0,,,,,,,,,,2020-10-08T12:37:00,,,,0,,,,,,,,,,,,,,
2020-10-08 14:00:00,926.9,22.5,67,0.9,23.0,2.4,28.0,0.0,,,,,,,,,,2020-10-08T13:30:00,,,,0,,,,,,,,,,,,,,
2020-10-08 15:00:00,927.1,21.7,68,0.6,31.0,3.1,74.0,0.0,,,,,,,,,,2020-10-08T14:29:00,,,,0,,,,,,,,,,,,,,
2020-10-08 16:00:00,927.7,20.7,77,0.5,19.0,4.2,69.0,0.0,,,,,,,,,,2020-10-08T15:08:00,,,,0,,,,,,,,,,,,,,
2020-10-08 17:00:00,928.1,19.4,85,0.6,58.0,3.2,63.0,0.0,,,,,,,,,,2020-10-08T16:58:00,,,,0,,,,,,,,,,,,,,
2020-10-08 18:00:00,928.8,17.7,95,0.5,158.0,2.7,98.0,0.0,,,,,,,,,,2020-10-08T17:02:00,,,,0,,,,,,,,,,,,,,
2020-10-08 19:00:00,929.2,17.8,96,0.5,259.0,1.8,89.0,0.0,,,,,,,,,,2020-10-08T18:02:00,,,,0,,,,,,,,,,,,,,
2020-10-08 20:00:00,929.5,17.8,96,0.6,210.0,2.9,324.0,0.0,,,,,,,,,,2020-10-08T19:09:00,,,,0,,,,,,,,,,,,,,
2020-10-08 21:00:00,930.0,17.6,94,0.6,228.0,2.2,253.0,0.0,,,,,,,,,,2020-10-08T20:29:00,,,,0,,,,,,,,,,,,,,
2020-10-08 22:00:00,930.0,16.7,96,1.2,220.0,2.1,208.0,0.0,,,,,,,,,,2020-10-08T21:55:00,,,,0,,,,,,,,,,,,,,
2020-10-08 23:00:00,929.7,16.5,97,1.2,224.0,2.4,237.0,0.0,,,,,,,,,,2020-10-08T23:00:00,,,,0,,,,,,,,,,,,,,
2020-10-09 00:00:00,929.6,16.8,95,0.7,222.0,1.9,225.0,0.0,,,,,,,,,,2020-10-08T23:41:00,,,,0,,,,,,,,,,,,,,
2020-10-09 01:00:00,929.0,17.9,86,1.6,284.0,5.4,276.0,0.0,,,,,,,,,,2020-10-09T01:00:00,,,,0,,,,,,,,,,,,,,
2020-10-09 02:00:00,928.2,18.0,85,0.9,275.0,5.8,342.0,0.0,,,,,,,,,,2020-10-09T01:39:00,,,,0,,,,,,,,,,,,,,
2020-10-09 03:00:00,927.6,17.2,88,0.5,198.0,3.7,313.0,0.0,,,,,,,,,,2020-10-09T02:05:00,,,,0,,,,,,,,,,,,,,
2020-10-09 04:00:00,927.6,16.3,92,0.9,225.0,2.3,204.0,0.0,,,,,,,,,,2020-10-09T03:43:00,,,,0,,,,,,,,,,,,,,
2020-10-09 05:00:00,927.8,17.0,92,0.6,175.0,1.7,215.0,0.0,,,,,,,,,,2020-10-09T04:13:00,,,,0,,,,,,,,,,,,,,
2020-10-09 06:00:00,928.1,17.1,92,0.1,0.0,1.3,202.0,0.0,,,,,,,,,,2020-10-09T05:25:00,,,,0,,,,,,,,,,,,,,
2020-10-09 07:00:00,928.8,18.0,87,0.1,0.0,0.9,202.0,0.0,,,,,,,,,,2020-10-09T06:25:00,,,,0,,,,,,,,,,,,,,
2020-10-09 08:00:00,929.1,20.9,76,0.8,97.0,1.6,84.0,0.0,,,,,,,,,,2020-10-09T08:00:00,,,,0,,,,,,,,,,,,,,
2020-10-09 09:00:00,928.9,23.3,69,1.1,62.0,3.3,65.0,0.0,,,,,,,,,,2020-10-09T08:51:00,,,,0,,,,,,,,,,,,,,
2020-10-09 10:00:00,928.7,24.9,64,1.8,71.0,5.2,94.0,0.0,,,,,,,,,,2020-10-09T09:42:00,,,,0,,,,,,,,,,,,,,
2020-10-09 11:00:00,928.3,23.4,71,0.9,25.0,5.9,53.0,0.0,,,,,,,,,,2020-10-09T10:04:00,,,,0,,,,,,,,,,,,,,
2020-10-09 12:00:00,927.5,22.5,75,1.0,95.0,3.8,53.0,0.0,,,,,,,,,,2020-10-09T11:43:00,,,,0,,,,,,,,,,,,,,
2020-10-09 13:00:00,926.8,21.8,77,1.6,109.0,4.6,112.0,0.0,,,,,,,,,,2020-10-09T12:54:00,,,,0,,,,,,,,,,,,,,
2020-10-09 14:00:00,926.8,21.9,77,1.1,83.0,4.2,94.0,0.0,,,,,,,,,,2020-10-09T13:30:00,,,,0,,,,,,,,,,,,,,
2020-10-09 15:00:00,926.9,21.1,80,1.1,85.0,3.8,77.0,0.0,,,,,,,,,,2020-10-09T14:47:00,,,,0,,,,,,,,,,,,,,
2020-10-09 16:00:00,926.9,20.9,79,0.8,26.0,3.6,53.0,0.0,,,,,,,,,,2020-10-09T15:57:00,,,,0,,,,,,,,,,,,,,
2020-10-09 17:00:00,927.2,20.8,77,0.4,128.0,1.9,102.0,0.0,,,,,,,,,,2020-10-09T16:02:00,,,,0,,,,,,,,,,,,,,
2020-10-09 18:00:00,927.7,20.0,82,0.7,165.0,3.0,72.0,0.0,,,,,,,,,,2020-10-09T17:15:00,,,,0,,,,,,,,,,,,,,
2020-10-09 19:00:00,928.3,19.6,86,1.0,203.0,1.9,117.0,0.0,,,,,,,,,,2020-10-09T18:25:00,,,,0,,,,,,,,,,,,,,
2020-10-09 20:00:00,929.1,19.4,88,0.6,224.0,1.2,206.0,0.0,,,,,,,,,,2020-10-09T19:39:00,,,,0,,,,,,,,,,,,,,
2020-10-09 21:00:00,929.3,19.6,86,0.4,273.0,2.1,305.0,0.0,,,,,,,,,,2020-10-09T20:44:00,,,,0,,,,,,,,,,,,,,
2020-10-09 22:00:00,929.2,19.5,85,1.2,281.0,3.2,316.0,0.0,,,,,,,,,,2020-10-09T21:57:00,,,,0,,,,,,,,,,,,,,
2020-10-09 23:00:00,929.0,19.5,84,1.4,281.0,4.4,277.0,0.0,,,,,,,,,,2020-10-09T22:39:00,,,,0,,,,,,,,,,,,,,
2020-10-10 00:00:00,928.6,19.5,84,1.3,289.0,5.1,312.0,0.0,,,,,,,,,,2020-10-09T23:38:00,,,,0,,,,,,,,,,,,,,
2020-10-10 01:00:00,927.4,20.2,77,1.6,286.0,6.0,291.0,0.0,,,,,,,,,,2020-10-10T00:25:00,,,,0,,,,,,,,,,,,,,
2020-10-10 02:00:00,926.6,19.9,77,1.3,279.0,4.9,262.0,0.0,,,,,,,,,,2020-10-10T02:00:00,,,,0,,,,,,,,,,,,,,
2020-10-10 03:00:00,926.1,20.1,74,1.4,288.0,5.2,317.0,0.0,,,,,,,,,,2020-10-10T02:22:00,,,,0,,,,,,,,,,,,,,
2020-10-10 04:00:00,926.1,17.8,86,1.4,213.0,4.3,310.0,0.0,,,,,,,,,,2020-10-10T03:11:00,,,,0,,,,,,,,,,,,,,
2020-10-10 05:00:00,926.5,17.8,87,1.3,240.0,2.4,201.0,0.0,,,,,,,,,,2020-10-10T04:35:00,,,,0,,,,,,,,,,,,,,
2020-10-10 06:00:00,926.8,17.5,89,0.7,217.0,2.2,238.0,0.0,,,,,,,,,,2020-10-10T05:40:00,,,,0,,,,,,,,,,,,,,
2020-10-10 07:00:00,927.5,18.9,81,0.5,319.0,1.4,192.0,0.0,,,,,,,,,,2020-10-10T06:03:00,,,,0,,,,,,,,,,,,,,
2020-10-10 08:00:00,927.6,23.4,65,0.4,43.0,2.0,82.0,0.0,,,,,,,,,,2020-10-10T07:41:00,,,,0,,,,,,,,,,,,,,
2020-10-10 09:00:00,927.5,24.6,62,1.6,92.0,4.3,86.0,0.0,,,,,,,,,,2020-10-10T08:52:00,,,,0,,,,,,,,,,,,,,
2020-10-10 10:00:00,927.3,25.6,63,1.2,32.0,5.5,68.0,0.0,,,,,,,,,,2020-10-10T09:03:00,,,,0,,,,,,,,,,,,,,
2020-10-10 11:00:00,926.8,25.6,63,1.9,114.0,6.4,48.0,0.0,,,,,,,,,,2020-10-10T10:25:00,,,,0,,,,,,,,,,,,,,
2020-10-10 12:00:00,926.0,27.8,56,1.8,85.0,6.3,83.0,0.0,,,,,,,,,,2020-10-10T11:01:00,,,,0,,,,,,,,,,,,,,
2020-10-10 13:00:00,925.4,26.8,61,1.2,118.0,7.7,88.0,0.0,,,,,,,,,,2020-10-10T12:29:00,,,,0,,,,,,,,,,,,,,
2020-10-10 14:00:00,925.0,26.2,63,1.7,108.0,5.4,108.0,0.0,,,,,,,,,,2020-10-10T13:15:00,,,,0,,,,,,,,,,,,,,
2020-10-10 15:00:00,925.0,25.1,69,1.2,105.0,5.0,95.0,0.0,,,,,,,,,,2020-10-10T14:11:00,,,,0,,,,,,,,,,,,,,
2020-10-10 16:00:00,925.3,23.9,74,0.9,100.0,4.0,78.0,0.0,,,,,,,,,,2020-10-10T15:46:00,,,,0,,,,,,,,,,,,,,
2020-10-10 17:00:00,925.6,23.0,79,0.2,0.0,3.0,190.0,0.0,,,,,,,,,,2020-10-10T16:07:00,,,,0,,,,,,,,,,,,,,
2020-10-10 18:00:00,926.3,21.7,86,0.6,189.0,2.8,199.0,0.0,,,,,,,,,,2020-10-10T17:43:00,,,,0,,,,,,,,,,,,,,
2020-10-10 19:00:00,926.8,20.6,91,1.1,180.0,2.4,125.0,0.0,,,,,,,,,,2020-10-10T18:22:00,,,,0,,,,,,,,,,,,,,
2020-10-10 20:00:00,927.4,20.3,93,1.2,175.0,1.9,153.0,0.0,,,,,,,,,,2020-10-10T19:53:00,,,,0,,,,,,,,,,,,,,
2020-10-10 21:00:00,927.7,19.4,95,1.2,210.0,1.6,231.0,0.0,,,,,,,,,,2020-10-10T20:38:00,,,,0,,,,,,,,,,,,,,
2020-10-10 22:00:00,927.5,19.6,95,0.9,185.0,1.5,220.0,0.0,,,,,,,,,,2020-10-10T21:33:00,,,,0,,,,,,,,,,,,,,
2020-10-10 23:00:00,927.3,19.5,96,0.7,181.0,2.3,195.0,0.0,,,,,,,,,,2020-10-10T22:11:00,,,,0,,,,,,,,,,,,,,
2020-10-11 00:00:00,926.9,19.4,97,0.7,248.0,1.4,197.0,0.0,,,,,,,,,,2020-10-10T23:17:00,,,,0,,,,,,,,,,,,,,
2020-10-11 01:00:00,926.3,19.6,95,0.4,273.0,1.3,196.0,0.0,,,,,,,,,,2020-10-11T00:35:00,,,,0,,,,,,,,,,,,,,
2020-10-11 02:00:00,925.8,19.1,94,0.5,221.0,1.4,200.0,0.0,,,,,,,,,,2020-10-11T01:51:00,,,,0,,,,,,,,,,,,,,
2020-10-11 03:00:00,925.8,18.3,94,1.4,220.0,2.3,213.0,0.0,,,,,,,,,,2020-10-11T02:58:00,,,,0,,,,,,,,,,,,,,
2020-10-11 04:00:00,925.5,18.7,94,0.8,201.0,2.1,207.0,0.0,,,,,,,,,,2020-10-11T03:01:00,,,,0,,,,,,,,,,,,,,
2020-10-11 05:00:00,925.7,19.0,92,0.8,226.0,1.5,215.0,0.0,,,,,,,,,,2020-10-11T05:00:00,,,,0,,,,,,,,,,,,,,
2020-10-11 06:00:00,925.9,19.4,91,0.0,0.0,1.6,234.0,0.0,,,,,,,,,,2020-10-11T05:03:00,,,,0,,,,,,,,,,,,,,
2020-10-11 07:00:00,926.5,20.4,87,0.0,0.0,1.3,223.0,0.0,,,,,,,,,,2020-10-11T06:21:00,,,,0,,,,,,,,,,,,,,
2020-10-11 08:00:00,926.8,22.6,79,0.2,0.0,1.0,59.0,0.0,,,,,,,,,,2020-10-11T07:50:00,,,,0,,,,,,,,,,,,,,
2020-10-11 09:00:00,926.7,24.2,69,1.4,104.0,3.5,71.0,0.0,,,,,,,,,,2020-10-11T08:58:00,,,,0,,,,,,,,,,,,,,
2020-10-11 10:00:00,926.4,25.4,65,2.0,89.0,6.0,96.0,0.0,,,,,,,,,,2020-10-11T09:58:00,,,,0,,,,,,,,,,,,,,
2020-10-11 11:00:00,926.0,26.1,66,2.1,107.0,4.9,92.0,0.0,,,,,,,,,,2020-10-11T10:49:00,,,,0,,,,,,,,,,,,,,
2020-10-11 12:00:00,924.9,27.6,63,2.0,84.0,5.9,66.0,0.0,,,,,,,,,,2020-10-11T12:00:00,,,,0,,,,,,,,,,,,,,
2020-10-11 13:00:00,924.0,27.9,62,1.8,47.0,6.3,77.0,0.0,,,,,,,,,,2020-10-11T12:37:00,,,,0,,,,,,,,,,,,,,
2020-10-11 14:00:00,923.5,26.5,66,2.0,73.0,7.0,90.0,0.0,,,,,,,,,,2020-10-11T13:06:00,,,,0,,,,,,,,,,,,,,
2020-10-11 15:00:00,923.6,25.7,72,1.0,94.0,6.4,113.0,0.0,,,,,,,,,,2020-10-11T14:02:00,,,,0,,,,,,,,,,,,,,
2020-10-11 16:00:00,924.0,23.6,85,1.2,130.0,3.7,114.0,0.0,,,,,,,,,,2020-10-11T15:14:00,,,,0,,,,,,,,,,,,,,
2020-10-11 17:00:00,924.4,22.6,92,1.2,190.0,2.3,155.0,0.0,,,,,,,,,,2020-10-11T16:07:00,,,,0,,,,,,,,,,,,,,
2020-10-11 18:00:00,924.8,21.7,96,0.4,250.0,1.3,201.0,2.0,,,,,,,,,,2020-10-11T17:01:00,,,,0,,,,,,,,,,,,,,
2020-10-11 19:00:00,925.4,21.5,99,0.1,0.0,1.7,247.0,1.5,,,,,,,,,,2020-10-11T18:02:00,,,,0,,,,,,,,,,,,,,
2020-10-11 20:00:00,926.1,21.3,99,0.5,207.0,1.0,194.0,0.0,,,,,,,,,,2020-10-11T19:53:00,,,,0,,,,,,,,,,,,,,
2020-10-11 21:00:00,926.3,21.3,99,0.2,0.0,0.9,191.0,0.0,,,,,,,,,,2020-10-11T20:15:00,,,,0,,,,,,,,,,,,,,
2020-10-11 22:00:00,926.5,21.4,99,0.1,0.0,1.2,221.0,0.0,,,,,,,,,,2020-10-11T21:39:00,,,,0,,,,,,,,,,,,,,
2020-10-11 23:00:00,926.2,21.2,-9991,0.3,207.0,0.9,204.0,0.0,,,,,,,,,,2020-10-11T22:24:00,,,,0,,,,,,,,,,,,,,
2020-10-12 00:00:00,925.8,21.3,-9991,0.9,168.0,2.2,188.0,1.5,,,,,,,,,,2020-10-11T23:57:00,,,,0,,,,,,,,,,,,,,
2020-10-12 01:00:00,925.7,21.1,-9991,1.2,150.0,2.3,121.0,12.5,,,,,,,,,,2020-10-12T00:51:00,,,,0,,,,,,,,,,,,,,
2020-10-12 02:00:00,925.3,20.9,-9991,0.0,0.0,2.1,175.0,5.0,,,,,,,,,,2020-10-12T01:07:00,,,,0,,,,,,,,,,,,,,
2020-10-12 03:00:00,925.3,20.8,-9991,0.0,0.0,0.0,0.0,0.5,,,,,,,,,,2020-10-12T02:05:00,,,,0,,,,,,,,,,,,,,
2020-10-12 04:00:00,925.5,20.8,-9991,0.0,0.0,0.0,0.0,0.5,,,,,,,,,,2020-10-12T03:05:00,,,,0,,,,,,,,,,,,,,
2020-10-12 05:00:00,925.9,20.6,-9991,0.0,0.0,0.0,0.0,0.5,,,,,,,,,,2020-10-12T04:05:00,,,,0,,,,,,,,,,,,,,
2020-10-12 06:00:00,926.7,20.1,-9991,0.4,220.0,1.4,199.0,0.0,,,,,,,,,,2020-10-12T05:25:00,,,,0,,,,,,,,,,,,,,
2020-10-12 07:00:00,927.1,22.7,93,0.2,0.0,1.2,227.0,0.0,,,,,,,,,,2020-10-12T06:03:00,,,,0,,,,,,,,,,,,,,
2020-10-12 08:00:00,927.5,23.9,85,0.5,353.0,1.2,360.0,0.0,,,,,,,,,,2020-10-12T08:00:00,,,,0,,,,,,,,,,,,,,
2020-10-12 09:00:00,927.3,26.1,75,0.4,355.0,1.7,20.0,0.0,,,,,,,,,,2020-10-12T08:46:00,,,,0,,,,,,,,,,,,,,
2020-10-12 10:00:00,926.7,27.8,67,1.0,93.0,2.7,89.0,0.0,,,,,,,,,,2020-10-12T09:58:00,,,,0,,,,,,,,,,,,,,
2020-10-12 11:00:00,926.5,28.4,57,1.3,47.0,5.3,31.0,0.0,,,,,,,,,,2020-10-12T10:22:00,,,,0,,,,,,,,,,,,,,
2020-10-12 12:00:00,925.7,28.7,57,1.2,126.0,5.2,85.0,0.0,,,,,,,,,,2020-10-12T11:13:00,,,,0,,,,,,,,,,,,,,
2020-10-12 13:00:00,925.3,28.2,58,0.9,74.0,4.4,112.0,0.0,,,,,,,,,,2020-10-12T12:02:00,,,,0,,,,,,,,,,,,,,
2020-10-12 14:00:00,924.7,28.3,59,1.0,12.0,5.2,35.0,0.0,,,,,,,,,,2020-10-12T13:32:00,,,,0,,,,,,,,,,,,,,
2020-10-12 15:00:00,924.4,27.6,58,0.9,74.0,5.9,65.0,0.0,,,,,,,,,,2020-10-12T14:33:00,,,,0,,,,,,,,,,,,,,
2020-10-12 16:00:00,924.7,25.6,67,0.8,193.0,6.1,101.0,0.0,,,,,,,,,,2020-10-12T15:05:00,,,,0,,,,,,,,,,,,,,
2020-10-12 17:00:00,925.0,24.4,73,1.1,165.0,3.6,52.0,0.0,,,,,,,,,,2020-10-12T16:08:00,,,,0,,,,,,,,,,,,,,
2020-10-12 18:00:00,925.8,22.8,84,1.5,181.0,2.8,129.0,0.0,,,,,,,,,,2020-10-12T17:12:00,,,,0,,,,,,,,,,,,,,
2020-10-12 19:00:00,926.6,21.9,90,1.1,172.0,3.0,202.0,0.0,,,,,,,,,,2020-10-12T18:40:00,,,,0,,,,,,,,,,,,,,
2020-10-12 20:00:00,927.3,21.6,92,1.3,190.0,2.0,161.0,0.0,,,,,,,,,,2020-10-12T19:02:00,,,,0,,,,,,,,,,,,,,
2020-10-12 21:00:00,927.8,20.7,95,1.6,217.0,2.3,206.0,0.0,,,,,,,,,,2020-10-12T20:37:00,,,,0,,,,,,,,,,,,,,
2020-10-12 22:00:00,928.2,20.4,95,1.1,197.0,2.6,205.0,0.0,,,,,,,,,,2020-10-12T21:44:00,,,,0,,,,,,,,,,,,,,
2020-10-12 23:00:00,928.3,20.2,93,1.3,228.0,2.6,225.0,0.0,,,,,,,,,,2020-10-12T22:45:00,,,,0,,,,,,,,,,,,,,
2020-10-13 00:00:00,928.2,20.1,87,0.9,252.0,2.7,290.0,0.0,,,,,,,,,,2020-10-12T23:55:00,,,,0,,,,,,,,,,,,,,
2020-10-13 01:00:00,927.9,19.6,87,0.7,228.0,3.5,336.0,0.0,,,,,,,,,,2020-10-13T00:23:00,,,,0,,,,,,,,,,,,,,
2020-10-13 02:00:00,927.5,18.9,88,0.2,0.0,2.7,230.0,0.0,,,,,,,,,,2020-10-13T01:14:00,,,,0,,,,,,,,,,,,,,
2020-10-13 03:00:00,927.2,18.9,86,0.7,197.0,2.4,233.0,0.0,,,,,,,,,,2020-10-13T02:19:00,,,,0,,,,,,,,,,,,,,
2020-10-13 04:00:00,927.1,18.7,84,1.0,222.0,2.2,241.0,0.0,,,,,,,,,,2020-10-13T03:24:00,,,,0,,,,,,,,,,,,,,
2020-10-13 05:00:00,927.6,18.4,84,0.5,229.0,2.7,248.0,0.0,,,,,,,,,,2020-10-13T04:05:00,,,,0,,,,,,,,,,,,,,
2020-10-13 06:00:00,927.9,19.3,76,0.8,239.0,3.0,239.0,0.0,,,,,,,,,,2020-10-13T05:20:00,,,,0,,,,,,,,,,,,,,
2020-10-13 07:00:00,928.5,22.0,66,0.6,303.0,2.9,206.0,0.0,,,,,,,,,,2020-10-13T06:18:00,,,,0,,,,,,,,,,,,,,
2020-10-13 08:00:00,929.1,24.2,59,0.3,15.0,1.5,349.0,0.0,,,,,,,,,,2020-10-13T07:24:00,,,,0,,,,,,,,,,,,,,
2020-10-13 09:00:00,929.5,26.3,54,0.6,71.0,1.5,53.0,0.0,,,,,,,,,,2020-10-13T08:40:00,,,,0,,,,,,,,,,,,,,
2020-10-13 10:00:00,929.3,27.7,53,1.0,67.0,2.5,100.0,0.0,,,,,,,,,,2020-10-13T09:55:00,,,,0,,,,,,,,,,,,,,
2020-10-13 11:00:00,928.8,27.3,58,2.5,90.0,6.7,88.0,0.0,,,,,,,,,,2020-10-13T10:51:00,,,,0,,,,,,,,,,,,,,
2020-10-13 12:00:00,928.0,28.5,54,1.4,81.0,5.8,92.0,0.0,,,,,,,,,,2020-10-13T11:07:00,,,,0,,,,,,,,,,,,,,
2020-10-13 13:00:00,927.2,28.6,57,1.8,100.0,4.6,8.0,0.0,,,,,,,,,,2020-10-13T12:17:00,,,,0,,,,,,,,,,,,,,
2020-10-13 14:00:00,926.9,27.5,62,2.1,108.0,6.7,68.0,0.0,,,,,,,,,,2020-10-13T13:48:00,,,,0,,,,,,,,,,,,,,
2020-10-13 15:00:00,926.8,25.7,72,0.9,82.0,6.7,88.0,0.0,,,,,,,,,,2020-10-13T14:15:00,,,,0,,,,,,,,,,,,,,
2020-10-13 16:00:00,927.1,25.3,73,1.5,80.0,6.8,78.0,0.0,,,,,,,,,,2020-10-13T15:54:00,,,,0,,,,,,,,,,,,,,
2020-10-13 17:00:00,927.8,24.5,79,1.2,145.0,6.6,70.0,0.0,,,,,,,,,,2020-10-13T16:19:00,,,,0,,,,,,,,,,,,,,
2020-10-13 18:00:00,928.3,23.4,85,0.7,165.0,2.2,120.0,0.0,,,,,,,,,,2020-10-13T17:03:00,,,,0,,,,,,,,,,,,,,
2020-10-13 19:00:00,928.8,22.8,88,1.2,156.0,2.3,110.0,0.0,,,,,,,,,,2020-10-13T18:45:00,,,,0,,,,,,,,,,,,,,
2020-10-13 20:00:00,929.6,21.8,92,1.3,203.0,1.9,198.0,0.0,,,,,,,,,,2020-10-13T19:58:00,,,,0,,,,,,,,,,,,,,
2020-10-13 21:00:00,930.2,21.7,94,0.5,147.0,2.3,169.0,0.0,,,,,,,,,,2020-10-13T20:36:00,,,,0,,,,,,,,,,,,,,
2020-10-13 22:00:00,930.3,21.7,96,0.0,0.0,0.8,197.0,0.0,,,,,,,,,,2020-10-13T21:03:00,,,,0,,,,,,,,,,,,,,
2020-10-13 23:00:00,930.1,21.5,97,0.0,0.0,1.3,188.0,0.0,,,,,,,,,,2020-10-13T22:35:00,,,,0,,,,,,,,,,,,,,
2020-10-14 00:00:00,929.7,21.4,98,0.0,0.0,0.7,235.0,0.0,,,,,,,,,,2020-10-13T23:05:00,,,,0,,,,,,,,,,,,,,
2020-10-14 01:00:00,929.3,21.1,99,0.0,0.0,1.0,185.0,0.0,,,,,,,,,,2020-10-14T00:02:00,,,,0,,,,,,,,,,,,,,
2020-10-14 02:00:00,929.0,21.1,-9991,0.0,0.0,0.7,144.0,0.0,,,,,,,,,,2020-10-14T01:01:00,,,,0,,,,,,,,,,,,,,
2020-10-14 03:00:00,928.7,21.0,-9991,0.1,0.0,1.2,223.0,0.0,,,,,,,,,,2020-10-14T02:20:00,,,,0,,,,,,,,,,,,,,
2020-10-14 04:00:00,929.4,20.7,99,1.2,145.0,2.6,159.0,4.0,,,,,,,,,,2020-10-14T03:59:00,,,,0,,,,,,,,,,,,,,
2020-10-14 05:00:00,929.9,20.4,97,1.2,273.0,3.2,288.0,7.5,,,,,,,,,,2020-10-14T04:48:00,,,,0,,,,,,,,,,,,,,
2020-10-14 06:00:00,930.1,20.2,99,0.4,140.0,2.1,200.0,0.5,,,,,,,,,,2020-10-14T05:04:00,,,,0,,,,,,,,,,,,,,
2020-10-14 07:00:00,930.8,20.2,-9991,0.1,0.0,1.2,299.0,1.5,,,,,,,,,,2020-10-14T06:43:00,,,,0,,,,,,,,,,,,,,
2020-10-14 08:00:00,931.2,20.6,99,0.2,0.0,1.2,310.0,3.5,,,,,,,,,,2020-10-14T07:42:00,,,,0,,,,,,,,,,,,,,
2020-10-14 09:00:00,931.4,20.6,-9991,0.4,88.0,1.5,101.0,0.0,,,,,,,,,,2020-10-14T08:13:00,,,,0,,,,,,,,,,,,,,
2020-10-14 10:00:00,931.7,20.7,97,0.7,159.0,3.3,89.0,0.0,,,,,,,,,,2020-10-14T09:32:00,,,,0,,,,,,,,,,,,,,
2020-10-14 11:00:00,931.1,22.6,86,1.2,113.0,3.1,101.0,0.0,,,,,,,,,,2020-10-14T10:53:00,,,,0,,,,,,,,,,,,,,
2020-10-14 12:00:00,930.5,23.7,80,1.0,65.0,3.4,112.0,0.0,,,,,,,,,,2020-10-14T11:04:00,,,,0,,,,,,,,,,,,,,
2020-10-14 13:00:00,929.6,25.2,74,1.4,62.0,4.2,99.0,0.0,,,,,,,,,,2020-10-14T12:59:00,,,,0,,,,,,,,,,,,,,
2020-10-14 14:00:00,929.0,25.6,71,1.0,187.0,4.8,66.0,0.0,,,,,,,,,,2020-10-14T13:07:00,,,,0,,,,,,,,,,,,,,
2020-10-14 15:00:00,928.7,25.1,74,1.2,175.0,4.6,89.0,0.0,,,,,,,,,,2020-10-14T14:23:00,,,,0,,,,,,,,,,,,,,
2020-10-14 16:00:00,928.7,23.2,84,1.0,209.0,3.9,214.0,0.0,,,,,,,,,,2020-10-14T15:24:00,,,,0,,,,,,,,,,,,,,
2020-10-14 17:00:00,929.4,22.1,86,1.5,177.0,4.9,74.0,0.0,,,,,,,,,,2020-10-14T16:03:00,,,,0,,,,,,,,,,,,,,
2020-10-14 18:00:00,929.9,21.4,87,0.5,243.0,3.3,70.0,0.0,,,,,,,,,,2020-10-14T17:38:00,,,,0,,,,,,,,,,,,,,
2020-10-14 19:00:00,930.4,20.7,89,1.0,163.0,1.6,145.0,0.0,,,,,,,,,,2020-10-14T18:25:00,,,,0,,,,,,,,,,,,,,
2020-10-14 20:00:00,931.0,20.5,93,0.6,227.0,1.4,240.0,0.0,,,,,,,,,,2020-10-14T19:34:00,,,,0,,,,,,,,,,,,,,
2020-10-14 21:00:00,931.3,19.4,95,1.1,181.0,2.1,201.0,0.0,,,,,,,,,,2020-10-14T20:40:00,,,,0,,,,,,,,,,,,,,
2020-10-14 22:00:00,931.6,19.6,95,0.4,234.0,1.9,207.0,0.0,,,,,,,,,,2020-10-14T21:15:00,,,,0,,,,,,,,,,,,,,
2020-10-14 23:00:00,931.2,18.7,96,1.6,208.0,2.4,202.0,0.0,,,,,,,,,,2020-10-14T22:58:00,,,,0,,,,,,,,,,,,,,
2020-10-15 00:00:00,930.9,19.0,94,1.0,246.0,2.8,228.0,0.0,,,,,,,,,,2020-10-14T23:34:00,,,,0,,,,,,,,,,,,,,
2020-10-15 01:00:00,930.6,17.8,96,1.3,201.0,3.2,325.0,0.0,,,,,,,,,,2020-10-15T00:02:00,,,,0,,,,,,,,,,,,,,
2020-10-15 02:00:00,930.1,17.6,95,1.4,217.0,2.4,204.0,0.0,,,,,,,,,,2020-10-15T01:22:00,,,,0,,,,,,,,,,,,,,
2020-10-15 03:00:00,929.9,17.0,96,1.4,221.0,2.7,208.0,0.0,,,,,,,,,,2020-10-15T02:36:00,,,,0,,,,,,,,,,,,,,
2020-10-15 04:00:00,929.8,16.5,96,1.4,218.0,2.6,202.0,0.0,,,,,,,,,,2020-10-15T03:15:00,,,,0,,,,,,,,,,,,,,
2020-10-15 05:00:00,930.4,16.4,96,1.0,212.0,2.6,247.0,0.0,,,,,,,,,,2020-10-15T04:31:00,,,,0,,,,,,,,,,,,,,
2020-10-15 06:00:00,930.9,17.3,89,1.3,272.0,4.2,323.0,0.0,,,,,,,,,,2020-10-15T05:57:00,,,,0,,,,,,,,,,,,,,
2020-10-15 07:00:00,930.8,19.8,79,0.6,15.0,5.3,273.0,0.0,,,,,,,,,,2020-10-15T06:08:00,,,,0,,,,,,,,,,,,,,
2020-10-15 08:00:00,931.3,22.5,70,0.6,81.0,1.8,86.0,0.0,,,,,,,,,,2020-10-15T07:07:00,,,,0,,,,,,,,,,,,,,
2020-10-15 09:00:00,931.5,23.6,67,1.1,48.0,3.4,80.0,0.0,,,,,,,,,,2020-10-15T08:30:00,,,,0,,,,,,,,,,,,,,
2020-10-15 10:00:00,931.0,25.2,64,1.4,50.0,2.9,86.0,0.0,,,,,,,,,,2020-10-15T09:51:00,,,,0,,,,,,,,,,,,,,
2020-10-15 11:00:00,930.6,24.7,73,1.7,92.0,6.2,93.0,0.0,,,,,,,,,,2020-10-15T10:34:00,,,,0,,,,,,,,,,,,,,
2020-10-15 12:00:00,929.7,25.8,69,0.7,111.0,4.9,73.0,0.0,,,,,,,,,,2020-10-15T11:01:00,,,,0,,,,,,,,,,,,,,
2020-10-15 13:00:00,929.0,27.2,65,1.1,63.0,5.2,74.0,0.0,,,,,,,,,,2020-10-15T12:26:00,,,,0,,,,,,,,,,,,,,
2020-10-15 14:00:00,928.1,25.7,67,1.5,75.0,7.9,22.0,0.0,,,,,,,,,,2020-10-15T13:09:00,,,,0,,,,,,,,,,,,,,
2020-10-15 15:00:00,928.0,24.4,70,0.8,53.0,5.4,95.0,0.0,,,,,,,,,,2020-10-15T14:47:00,,,,0,,,,,,,,,,,,,,
2020-10-15 16:00:00,928.3,23.5,71,1.1,127.0,3.9,52.0,0.0,,,,,,,,,,2020-10-15T15:11:00,,,,0,,,,,,,,,,,,,,
2020-10-15 17:00:00,928.9,22.6,76,0.3,168.0,3.6,68.0,0.0,,,,,,,,,,2020-10-15T16:11:00,,,,0,,,,,,,,,,,,,,
2020-10-15 18:00:00,929.5,21.1,82,1.5,180.0,2.4,157.0,0.0,,,,,,,,,,2020-10-15T17:57:00,,,,0,,,,,,,,,,,,,,
2020-10-15 19:00:00,930.3,19.2,91,1.8,217.0,3.0,195.0,0.0,,,,,,,,,,2020-10-15T18:15:00,,,,0,,,,,,,,,,,,,,
2020-10-15 20:00:00,930.8,20.1,88,0.8,214.0,3.1,296.0,0.0,,,,,,,,,,2020-10-15T19:46:00,,,,0,,,,,,,,,,,,,,
2020-10-15 21:00:00,931.4,19.1,92,1.2,200.0,1.8,198.0,0.0,,,,,,,,,,2020-10-15T20:59:00,,,,0,,,,,,,,,,,,,,
2020-10-15 22:00:00,931.2,18.4,93,1.5,209.0,2.4,199.0,0.0,,,,,,,,,,2020-10-15T21:05:00,,,,0,,,,,,,,,,,,,,
2020-10-15 23:00:00,931.0,17.9,91,1.7,205.0,2.5,201.0,0.0,,,,,,,,,,2020-10-15T22:58:00,,,,0,,,,,,,,,,,,,,
2020-10-16 00:00:00,930.7,17.3,92,1.4,220.0,2.5,217.0,0.0,,,,,,,,,,2020-10-15T23:31:00,,,,0,,,,,,,,,,,,,,
2020-10-16 01:00:00,930.3,17.3,90,0.7,224.0,2.7,238.0,0.0,,,,,,,,,,2020-10-16T00:41:00,,,,0,,,,,,,,,,,,,,
2020-10-16 02:00:00,929.6,17.2,90,1.2,223.0,3.2,301.0,0.0,,,,,,,,,,2020-10-16T01:29:00,,,,0,,,,,,,,,,,,,,
2020-10-16 03:00:00,929.3,16.7,91,1.3,218.0,2.4,202.0,0.0,,,,,,,,,,2020-10-16T02:23:00,,,,0,,,,,,,,,,,,,,
2020-10-16 04:00:00,929.4,16.5,90,1.2,216.0,2.5,205.0,0.0,,,,,,,,,,2020-10-16T03:38:00,,,,0,,,,,,,,,,,,,,
2020-10-16 05:00:00,929.3,17.8,82,1.2,267.0,3.5,293.0,0.0,,,,,,,,,,2020-10-16T04:48:00,,,,0,,,,,,,,,,,,,,
2020-10-16 06:00:00,930.0,16.7,90,1.1,214.0,2.2,270.0,0.0,,,,,,,,,,2020-10-16T05:02:00,,,,0,,,,,,,,,,,,,,
2020-10-16 07:00:00,930.2,18.9,80,0.3,201.0,2.5,310.0,0.0,,,,,,,,,,2020-10-16T06:38:00,,,,0,,,,,,,,,,,,,,
2020-10-16 08:00:00,930.6,22.1,72,0.5,18.0,1.2,22.0,0.0,,,,,,,,,,2020-10-16T07:59:00,,,,0,,,,,,,,,,,,,,
2020-10-16 09:00:00,930.9,23.0,68,0.7,57.0,1.9,61.0,0.0,,,,,,,,,,2020-10-16T08:43:00,,,,0,,,,,,,,,,,,,,
2020-10-16 10:00:00,930.7,22.8,70,1.2,83.0,3.0,95.0,0.0,,,,,,,,,,2020-10-16T09:59:00,,,,0,,,,,,,,,,,,,,
2020-10-16 11:00:00,930.0,22.8,76,1.0,74.0,3.5,70.0,0.0,,,,,,,,,,2020-10-16T10:56:00,,,,0,,,,,,,,,,,,,,
2020-10-16 12:00:00,928.9,25.2,70,2.2,91.0,5.5,97.0,0.0,,,,,,,,,,2020-10-16T11:35:00,,,,0,,,,,,,,,,,,,,
2020-10-16 13:00:00,928.2,23.3,82,0.9,76.0,5.8,38.0,0.0,,,,,,,,,,2020-10-16T12:11:00,,,,0,,,,,,,,,,,,,,
2020-10-16 14:00:00,927.9,23.2,80,0.9,108.0,4.8,74.0,0.0,,,,,,,,,,2020-10-16T13:01:00,,,,0,,,,,,,,,,,,,,
2020-10-16 15:00:00,927.9,22.8,83,0.5,85.0,4.1,24.0,0.0,,,,,,,,,,2020-10-16T14:21:00,,,,0,,,,,,,,,,,,,,
2020-10-16 16:00:00,927.7,22.1,87,1.2,139.0,3.6,124.0,0.0,,,,,,,,,,2020-10-16T15:51:00,,,,0,,,,,,,,,,,,,,
2020-10-16 17:00:00,927.7,21.4,88,1.1,197.0,2.6,128.0,0.0,,,,,,,,,,2020-10-16T16:06:00,,,,0,,,,,,,,,,,,,,
2020-10-16 18:00:00,928.0,20.6,95,0.7,212.0,1.2,186.0,0.0,,,,,,,,,,2020-10-16T17:01:00,,,,0,,,,,,,,,,,,,,
2020-10-16 19:00:00,928.8,20.1,95,1.1,217.0,1.5,214.0,0.0,,,,,,,,,,2020-10-16T18:51:00,,,,0,,,,,,,,,,,,,,
2020-10-16 20:00:00,929.7,19.4,95,1.1,208.0,2.1,223.0,0.0,,,,,,,,,,2020-10-16T19:26:00,,,,0,,,,,,,,,,,,,,
2020-10-16 21:00:00,930.1,19.8,96,0.7,205.0,1.7,203.0,0.0,,,,,,,,,,2020-10-16T20:23:00,,,,0,,,,,,,,,,,,,,
2020-10-16 22:00:00,930.4,20.2,93,0.6,266.0,1.8,263.0,0.0,,,,,,,,,,2020-10-16T22:00:00,,,,0,,,,,,,,,,,,,,
2020-10-16 23:00:00,930.4,19.8,87,0.7,245.0,2.2,216.0,0.0,,,,,,,,,,2020-10-16T22:35:00,,,,0,,,,,,,,,,,,,,
2020-10-17 00:00:00,929.8,19.2,90,0.5,199.0,1.7,218.0,0.0,,,,,,,,,,2020-10-16T23:34:00,,,,0,,,,,,,,,,,,,,
2020-10-17 01:00:00,929.4,18.3,92,1.3,221.0,2.0,201.0,0.0,,,,,,,,,,2020-10-17T00:43:00,,,,0,,,,,,,,,,,,,,
2020-10-17 02:00:00,929.1,18.5,91,1.0,223.0,1.8,205.0,0.0,,,,,,,,,,2020-10-17T01:03:00,,,,0,,,,,,,,,,,,,,
2020-10-17 03:00:00,928.8,18.7,89,0.7,201.0,1.6,236.0,0.0,,,,,,,,,,2020-10-17T02:02:00,,,,0,,,,,,,,,,,,,,
2020-10-17 04:00:00,928.7,18.3,90,0.7,228.0,1.5,219.0,0.0,,,,,,,,,,2020-10-17T03:46:00,,,,0,,,,,,,,,,,,,,
2020-10-17 05:00:00,929.0,18.3,90,0.0,0.0,1.3,224.0,0.0,,,,,,,,,,2020-10-17T04:33:00,,,,0,,,,,,,,,,,,,,
2020-10-17 06:00:00,929.5,18.2,90,0.5,160.0,1.2,215.0,0.0,,,,,,,,,,2020-10-17T05:26:00,,,,0,,,,,,,,,,,,,,
2020-10-17 07:00:00,930.3,18.7,91,0.3,270.0,1.1,211.0,0.0,,,,,,,,,,2020-10-17T06:25:00,,,,0,,,,,,,,,,,,,,
2020-10-17 08:00:00,930.7,19.8,84,0.0,0.0,0.7,273.0,0.0,,,,,,,,,,2020-10-17T07:02:00,,,,0,,,,,,,,,,,,,,
2020-10-17 09:00:00,931.2,20.1,85,0.3,29.0,1.3,46.0,0.0,,,,,,,,,,2020-10-17T08:35:00,,,,0,,,,,,,,,,,,,,
2020-10-17 10:00:00,931.2,19.4,92,0.3,325.0,2.5,133.0,0.0,,,,,,,,,,2020-10-17T09:14:00,,,,0,,,,,,,,,,,,,,
2020-10-17 11:00:00,930.8,19.4,94,0.6,61.0,1.7,330.0,0.0,,,,,,,,,,2020-10-17T10:26:00,,,,0,,,,,,,,,,,,,,
2020-10-17 12:00:00,930.0,19.8,93,0.2,0.0,1.1,43.0,0.0,,,,,,,,,,2020-10-17T11:10:00,,,,0,,,,,,,,,,,,,,
2020-10-17 13:00:00,929.4,20.1,92,1.2,78.0,2.8,89.0,0.0,,,,,,,,,,2020-10-17T12:58:00,,,,0,,,,,,,,,,,,,,
2020-10-17 14:00:00,929.1,20.1,96,0.8,112.0,3.0,100.0,0.0,,,,,,,,,,2020-10-17T13:49:00,,,,0,,,,,,,,,,,,,,
2020-10-17 15:00:00,928.9,19.8,95,1.7,132.0,3.0,123.0,0.0,,,,,,,,,,2020-10-17T14:52:00,,,,0,,,,,,,,,,,,,,
2020-10-17 16:00:00,928.8,19.9,92,0.9,153.0,3.2,108.0,0.0,,,,,,,,,,2020-10-17T15:22:00,,,,0,,,,,,,,,,,,,,
2020-10-17 17:00:00,929.2,19.4,96,0.3,3.0,2.5,108.0,0.0,,,,,,,,,,2020-10-17T16:40:00,,,,0,,,,,,,,,,,,,,
2020-10-17 18:00:00,929.3,19.2,96,0.7,266.0,1.9,299.0,0.0,,,,,,,,,,2020-10-17T17:58:00,,,,0,,,,,,,,,,,,,,
2020-10-17 19:00:00,929.6,19.1,95,0.2,0.0,3.5,310.0,0.0,,,,,,,,,,2020-10-17T18:23:00,,,,0,,,,,,,,,,,,,,
2020-10-17 20:00:00,930.6,18.1,97,1.3,214.0,1.9,202.0,0.0,,,,,,,,,,2020-10-17T19:56:00,,,,0,,,,,,,,,,,,,,
2020-10-17 21:00:00,930.4,18.5,94,1.1,311.0,4.0,287.0,0.0,,,,,,,,,,2020-10-17T20:49:00,,,,0,,,,,,,,,,,,,,
2020-10-17 22:00:00,930.6,17.4,97,1.0,206.0,2.5,125.0,0.0,,,,,,,,,,2020-10-17T21:03:00,,,,0,,,,,,,,,,,,,,
2020-10-17 23:00:00,931.0,17.2,97,1.3,223.0,2.2,219.0,0.0,,,,,,,,,,2020-10-17T22:50:00,,,,0,,,,,,,,,,,,,,
2020-10-18 00:00:00,930.5,16.9,97,0.6,189.0,2.0,202.0,0.0,,,,,,,,,,2020-10-17T23:46:00,,,,0,,,,,,,,,,,,,,
2020-10-18 01:00:00,930.0,17.1,96,1.1,215.0,1.9,215.0,0.0,,,,,,,,,,2020-10-18T00:46:00,,,,0,,,,,,,,,,,,,,
2020-10-18 02:00:00,929.7,16.9,96,0.9,220.0,1.9,229.0,0.0,,,,,,,,,,2020-10-18T01:24:00,,,,0,,,,,,,,,,,,,,
2020-10-18 03:00:00,929.3,17.7,94,0.1,0.0,1.5,205.0,0.0,,,,,,,,,,2020-10-18T02:12:00,,,,0,,,,,,,,,,,,,,
2020-10-18 04:00:00,929.0,17.9,90,0.9,238.0,1.9,239.0,0.0,,,,,,,,,,2020-10-18T03:57:00,,,,0,,,,,,,,,,,,,,
2020-10-18 05:00:00,929.1,18.2,89,0.9,224.0,1.8,201.0,0.0,,,,,,,,,,2020-10-18T04:13:00,,,,0,,,,,,,,,,,,,,
2020-10-18 06:00:00,929.4,17.9,93,0.3,213.0,1.6,311.0,0.0,,,,,,,,,,2020-10-18T05:03:00,,,,0,,,,,,,,,,,,,,
2020-10-18 07:00:00,930.1,18.6,92,0.5,336.0,1.4,219.0,0.0,,,,,,,,,,2020-10-18T06:14:00,,,,0,,,,,,,,,,,,,,
2020-10-18 08:00:00,930.7,20.1,84,0.2,0.0,0.9,3.0,0.0,,,,,,,,,,2020-10-18T07:38:00,,,,0,,,,,,,,,,,,,,
2020-10-18 09:00:00,930.8,21.9,78,0.7,80.0,1.9,78.0,0.0,,,,,,,,,,2020-10-18T08:37:00,,,,0,,,,,,,,,,,,,,
2020-10-18 10:00:00,930.8,22.7,80,0.7,44.0,4.2,88.0,0.0,,,,,,,,,,2020-10-18T09:41:00,,,,0,,,,,,,,,,,,,,
2020-10-18 11:00:00,930.4,22.5,83,1.5,59.0,3.7,87.0,0.0,,,,,,,,,,2020-10-18T10:53:00,,,,0,,,,,,,,,,,,,,
2020-10-18 12:00:00,929.5,23.2,80,0.8,86.0,2.2,75.0,0.0,,,,,,,,,,2020-10-18T11:12:00,,,,0,,,,,,,,,,,,,,
2020-10-18 13:00:00,928.6,23.2,81,0.8,102.0,4.7,84.0,0.0,,,,,,,,,,2020-10-18T12:41:00,,,,0,,,,,,,,,,,,,,
2020-10-18 14:00:00,-9999.7,-99.7,-9997,-99.7,-999.7,3.4,31.0,0.0,,,,,,,,,,2020-10-18T13:15:00,,,,0,,,,,,,,,,,,,,
2020-10-18 15:00:00,927.8,22.2,86,1.2,138.0,3.1,78.0,0.0,,,,,,,,,,2020-10-18T14:27:00,,,,0,,,,,,,,,,,,,,
2020-10-18 16:00:00,928.1,22.2,85,0.4,173.0,2.9,135.0,0.0,,,,,,,,,,2020-10-18T15:12:00,,,,0,,,,,,,,,,,,,,
2020-10-18 17:00:00,928.2,21.5,89,1.5,140.0,3.6,128.0,0.0,,,,,,,,,,2020-10-18T16:59:00,,,,0,,,,,,,,,,,,,,
2020-10-18 18:00:00,928.5,20.6,94,0.5,122.0,3.3,141.0,0.0,,,,,,,,,,2020-10-18T17:01:00,,,,0,,,,,,,,,,,,,,
2020-10-18 19:00:00,929.1,20.2,96,0.9,165.0,2.8,153.0,0.0,,,,,,,,,,2020-10-18T18:34:00,,,,0,,,,,,,,,,,,,,
2020-10-18 20:00:00,929.8,20.3,95,0.9,166.0,2.6,105.0,0.0,,,,,,,,,,2020-10-18T19:42:00,,,,0,,,,,,,,,,,,,,
2020-10-18 21:00:00,930.1,20.0,98,0.4,107.0,1.9,205.0,0.0,,,,,,,,,,2020-10-18T20:21:00,,,,0,,,,,,,,,,,,,,
2020-10-18 22:00:00,930.1,19.7,-9991,0.0,0.0,1.6,81.0,0.0,,,,,,,,,,2020-10-18T21:01:00,,,,0,,,,,,,,,,,,,,
2020-10-18 23:00:00,930.1,19.6,99,0.3,106.0,1.8,91.0,0.0,,,,,,,,,,2020-10-18T22:25:00,,,,0,,,,,,,,,,,,,,
2020-10-19 00:00:00,929.9,19.4,-9991,0.6,101.0,2.8,94.0,0.0,,,,,,,,,,2020-10-18T23:06:00,,,,0,,,,,,,,,,,,,,
2020-10-19 01:00:00,929.3,19.2,-9991,0.2,0.0,2.4,105.0,0.0,,,,,,,,,,2020-10-19T00:48:00,,,,0,,,,,,,,,,,,,,
2020-10-19 02:00:00,929.1,19.0,-9991,0.6,128.0,1.9,76.0,0.0,,,,,,,,,,2020-10-19T01:56:00,,,,0,,,,,,,,,,,,,,
2020-10-19 03:00:00,929.2,18.9,-9991,0.2,0.0,2.2,129.0,0.0,,,,,,,,,,2020-10-19T02:18:00,,,,0,,,,,,,,,,,,,,
2020-10-19 04:00:00,929.1,18.9,-9991,0.0,0.0,1.0,129.0,0.0,,,,,,,,,,2020-10-19T03:04:00,,,,0,,,,,,,,,,,,,,
2020-10-19 05:00:00,929.0,18.9,-9991,0.1,0.0,1.3,272.0,0.0,,,,,,,,,,2020-10-19T04:34:00,,,,0,,,,,,,,,,,,,,
2020-10-19 06:00:00,929.3,18.9,-9991,0.2,0.0,1.2,224.0,0.0,,,,,,,,,,2020-10-19T05:21:00,,,,0,,,,,,,,,,,,,,
2020-10-19 07:00:00,929.9,19.4,-9991,0.0,0.0,0.0,0.0,0.0,,,,,,,,,,2020-10-19T06:05:00,,,,0,,,,,,,,,,,,,,
2020-10-19 08:00:00,930.4,19.7,-9991,0.2,0.0,0.7,23.0,0.0,,,,,,,,,,2020-10-19T07:33:00,,,,0,,,,,,,,,,,,,,
2020-10-19 09:00:00,930.2,21.6,93,0.9,84.0,1.7,85.0,0.0,,,,,,,,,,2020-10-19T08:41:00,,,,0,,,,,,,,,,,,,,
2020-10-19 10:00:00,929.8,22.6,87,1.0,89.0,2.9,57.0,0.0,,,,,,,,,,2020-10-19T09:21:00,,,,0,,,,,,,,,,,,,,
2020-10-19 11:00:00,929.3,22.5,85,1.3,75.0,4.8,98.0,0.0,,,,,,,,,,2020-10-19T10:49:00,,,,0,,,,,,,,,,,,,,
2020-10-19 12:00:00,928.4,22.8,81,0.9,150.0,4.4,79.0,0.0,,,,,,,,,,2020-10-19T11:05:00,,,,0,,,,,,,,,,,,,,
2020-10-19 13:00:00,927.5,23.7,79,0.8,103.0,4.5,81.0,0.0,,,,,,,,,,2020-10-19T12:21:00,,,,0,,,,,,,,,,,,,,
2020-10-19 14:00:00,927.0,22.2,85,2.0,119.0,5.6,89.0,0.0,,,,,,,,,,2020-10-19T13:55:00,,,,0,,,,,,,,,,,,,,
2020-10-19 15:00:00,927.1,21.2,87,0.7,110.0,5.0,85.0,0.0,,,,,,,,,,2020-10-19T14:09:00,,,,0,,,,,,,,,,,,,,
2020-10-19 16:00:00,927.4,21.2,87,0.5,28.0,2.8,122.0,0.0,,,,,,,,,,2020-10-19T15:01:00,,,,0,,,,,,,,,,,,,,
2020-10-19 17:00:00,928.3,20.5,89,0.5,71.0,3.5,228.0,0.0,,,,,,,,,,2020-10-19T16:49:00,,,,0,,,,,,,,,,,,,,
2020-10-19 18:00:00,929.1,19.8,94,1.1,152.0,2.7,189.0,0.0,,,,,,,,,,2020-10-19T17:27:00,,,,0,,,,,,,,,,,,,,
2020-10-19 19:00:00,929.7,20.0,93,0.9,150.0,2.2,138.0,0.0,,,,,,,,,,2020-10-19T18:04:00,,,,0,,,,,,,,,,,,,,
2020-10-19 20:00:00,930.6,19.6,95,1.0,189.0,3.1,128.0,0.0,,,,,,,,,,2020-10-19T19:05:00,,,,0,,,,,,,,,,,,,,
2020-10-19 21:00:00,930.7,19.5,98,0.4,124.0,1.4,218.0,0.0,,,,,,,,,,2020-10-19T20:43:00,,,,0,,,,,,,,,,,,,,
2020-10-19 22:00:00,930.6,19.4,99,0.1,0.0,1.3,205.0,0.0,,,,,,,,,,2020-10-19T21:38:00,,,,0,,,,,,,,,,,,,,
2020-10-19 23:00:00,930.1,19.3,99,0.3,229.0,2.1,231.0,0.0,,,,,,,,,,2020-10-19T22:27:00,,,,0,,,,,,,,,,,,,,
2020-10-20 00:00:00,929.9,19.2,-9991,0.4,203.0,0.8,208.0,0.0,,,,,,,,,,2020-10-19T23:51:00,,,,0,,,,,,,,,,,,,,
2020-10-20 01:00:00,929.4,19.2,-9991,0.2,0.0,1.3,102.0,0.0,,,,,,,,,,2020-10-20T00:22:00,,,,0,,,,,,,,,,,,,,
2020-10-20 02:00:00,929.4,19.0,-9991,0.8,110.0,2.0,119.0,0.0,,,,,,,,,,2020-10-20T01:47:00,,,,0,,,,,,,,,,,,,,
2020-10-20 03:00:00,929.3,18.9,-9991,0.1,0.0,2.0,116.0,0.5,,,,,,,,,,2020-10-20T02:03:00,,,,0,,,,,,,,,,,,,,
2020-10-20 04:00:00,928.7,18.7,-9991,0.0,0.0,1.2,286.0,1.0,,,,,,,,,,2020-10-20T03:34:00,,,,0,,,,,,,,,,,,,,
2020-10-20 05:00:00,929.2,18.7,-9991,0.0,0.0,0.8,86.0,0.0,,,,,,,,,,2020-10-20T04:41:00,,,,0,,,,,,,,,,,,,,
2020-10-20 06:00:00,929.5,18.6,-9991,0.0,0.0,1.1,291.0,0.5,,,,,,,,,,2020-10-20T05:27:00,,,,0,,,,,,,,,,,,,,
2020-10-20 07:00:00,930.3,19.1,-9991,0.7,269.0,2.3,279.0,0.0,,,,,,,,,,2020-10-20T06:58:00,,,,0,,,,,,,,,,,,,,
2020-10-20 08:00:00,930.2,19.9,89,1.4,282.0,4.4,325.0,0.0,,,,,,,,,,2020-10-20T07:28:00,,,,0,,,,,,,,,,,,,,
2020-10-20 09:00:00,929.5,21.3,87,0.8,70.0,3.2,319.0,0.0,,,,,,,,,,2020-10-20T08:09:00,,,,0,,,,,,,,,,,,,,
2020-10-20 10:00:00,929.9,21.8,87,0.8,70.0,3.7,94.0,0.0,,,,,,,,,,2020-10-20T09:33:00,,,,0,,,,,,,,,,,,,,
2020-10-20 11:00:00,929.1,23.6,79,1.1,62.0,2.9,75.0,0.0,,,,,,,,,,2020-10-20T10:09:00,,,,0,,,,,,,,,,,,,,
2020-10-20 12:00:00,927.6,25.5,67,0.8,96.0,3.8,96.0,0.0,,,,,,,,,,2020-10-20T11:17:00,,,,0,,,,,,,,,,,,,,
2020-10-20 13:00:00,926.7,25.2,72,0.9,119.0,4.6,152.0,0.0,,,,,,,,,,2020-10-20T12:30:00,,,,0,,,,,,,,,,,,,,
2020-10-20 14:00:00,926.2,24.9,73,1.6,103.0,6.2,91.0,0.0,,,,,,,,,,2020-10-20T13:51:00,,,,0,,,,,,,,,,,,,,
2020-10-20 15:00:00,926.1,25.4,69,0.8,104.0,5.1,92.0,0.0,,,,,,,,,,2020-10-20T14:13:00,,,,0,,,,,,,,,,,,,,
2020-10-20 16:00:00,926.2,23.7,79,1.3,108.0,4.4,77.0,0.0,,,,,,,,,,2020-10-20T15:12:00,,,,0,,,,,,,,,,,,,,
2020-10-20 17:00:00,926.6,22.3,85,1.1,141.0,3.2,101.0,0.0,,,,,,,,,,2020-10-20T16:08:00,,,,0,,,,,,,,,,,,,,
2020-10-20 18:00:00,927.3,20.9,91,1.5,156.0,4.0,158.0,0.0,,,,,,,,,,2020-10-20T17:42:00,,,,0,,,,,,,,,,,,,,
2020-10-20 19:00:00,927.6,20.1,94,0.8,234.0,2.8,136.0,0.0,,,,,,,,,,2020-10-20T18:04:00,,,,0,,,,,,,,,,,,,,
2020-10-20 20:00:00,927.7,20.5,93,0.4,267.0,2.8,220.0,0.0,,,,,,,,,,2020-10-20T19:45:00,,,,0,,,,,,,,,,,,,,
2020-10-20 21:00:00,928.0,20.0,95,0.8,192.0,3.3,128.0,0.0,,,,,,,,,,2020-10-20T20:43:00,,,,0,,,,,,,,,,,,,,
2020-10-20 22:00:00,928.0,19.1,96,1.3,206.0,2.0,203.0,0.0,,,,,,,,,,2020-10-20T22:00:00,,,,0,,,,,,,,,,,,,,
2020-10-20 23:00:00,927.5,18.9,96,1.0,192.0,2.3,228.0,0.0,,,,,,,,,,2020-10-20T22:37:00,,,,0,,,,,,,,,,,,,,
2020-10-21 00:00:00,926.9,18.3,95,0.7,164.0,1.9,226.0,0.0,,,,,,,,,,2020-10-20T23:46:00,,,,0,,,,,,,,,,,,,,
2020-10-21 01:00:00,926.3,18.3,94,1.0,201.0,2.2,206.0,0.0,,,,,,,,,,2020-10-21T00:09:00,,,,0,,,,,,,,,,,,,,
2020-10-21 02:00:00,925.3,19.0,90,0.4,153.0,2.2,216.0,0.0,,,,,,,,,,2020-10-21T01:37:00,,,,0,,,,,,,,,,,,,,
2020-10-21 03:00:00,925.6,19.5,87,1.3,235.0,3.8,108.0,0.0,,,,,,,,,,2020-10-21T02:28:00,,,,0,,,,,,,,,,,,,,
2020-10-21 04:00:00,925.2,19.3,90,0.5,196.0,2.0,269.0,0.0,,,,,,,,,,2020-10-21T03:05:00,,,,0,,,,,,,,,,,,,,
2020-10-21 05:00:00,925.0,19.4,87,1.2,227.0,2.2,225.0,0.0,,,,,,,,,,2020-10-21T04:46:00,,,,0,,,,,,,,,,,,,,
2020-10-21 06:00:00,925.3,18.7,95,0.6,196.0,2.2,239.0,0.0,,,,,,,,,,2020-10-21T05:46:00,,,,0,,,,,,,,,,,,,,
2020-10-21 07:00:00,926.1,19.4,93,0.4,2.0,1.8,233.0,0.0,,,,,,,,,,2020-10-21T06:23:00,,,,0,,,,,,,,,,,,,,
2020-10-21 08:00:00,926.3,20.5,92,0.5,23.0,1.8,230.0,0.0,,,,,,,,,,2020-10-21T07:26:00,,,,0,,,,,,,,,,,,,,
2020-10-21 09:00:00,926.2,20.4,94,1.2,150.0,2.5,166.0,0.5,,,,,,,,,,2020-10-21T08:56:00,,,,0,,,,,,,,,,,,,,
2020-10-21 10:00:00,926.0,22.4,86,0.4,356.0,1.8,97.0,0.0,,,,,,,,,,2020-10-21T09:09:00,,,,0,,,,,,,,,,,,,,
2020-10-21 11:00:00,925.3,22.0,90,1.0,77.0,1.9,68.0,0.5,,,,,,,,,,2020-10-21T10:54:00,,,,0,,,,,,,,,,,,,,
2020-10-21 12:00:00,924.5,21.9,96,0.4,30.0,3.5,107.0,0.5,,,,,,,,,,2020-10-21T11:13:00,,,,0,,,,,,,,,,,,,,
2020-10-21 13:00:00,923.6,22.4,96,0.9,130.0,3.2,117.0,0.0,,,,,,,,,,2020-10-21T12:20:00,,,,0,,,,,,,,,,,,,,
2020-10-21 14:00:00,923.2,21.9,97,0.9,93.0,2.7,114.0,0.0,,,,,,,,,,2020-10-21T13:27:00,,,,0,,,,,,,,,,,,,,
2020-10-21 15:00:00,923.1,21.6,99,0.8,142.0,2.8,98.0,5.5,,,,,,,,,,2020-10-21T14:33:00,,,,0,,,,,,,,,,,,,,
2020-10-21 16:00:00,923.2,21.6,96,1.2,177.0,2.2,124.0,1.5,,,,,,,,,,2020-10-21T15:40:00,,,,0,,,,,,,,,,,,,,
2020-10-21 17:00:00,923.2,21.3,98,0.3,160.0,2.3,261.0,6.5,,,,,,,,,,2020-10-21T16:44:00,,,,0,,,,,,,,,,,,,,
2020-10-21 18:00:00,923.4,20.9,-9991,0.6,234.0,1.5,169.0,0.0,,,,,,,,,,2020-10-21T17:20:00,,,,0,,,,,,,,,,,,,,
2020-10-21 19:00:00,923.7,20.9,-9991,0.2,0.0,1.1,189.0,0.0,,,,,,,,,,2020-10-21T18:20:00,,,,0,,,,,,,,,,,,,,
2020-10-21 20:00:00,924.1,20.8,-9991,0.0,0.0,0.9,82.0,0.0,,,,,,,,,,2020-10-21T19:42:00,,,,0,,,,,,,,,,,,,,
2020-10-21 21:00:00,924.1,20.8,-9991,0.0,0.0,0.0,0.0,0.0,,,,,,,,,,2020-10-21T20:05:00,,,,0,,,,,,,,,,,,,,
2020-10-21 22:00:00,923.8,20.8,-9991,0.0,0.0,0.5,231.0,0.0,,,,,,,,,,2020-10-21T21:47:00,,,,0,,,,,,,,,,,,,,
2020-10-21 23:00:00,923.5,20.7,-9991,0.0,0.0,0.0,0.0,0.0,,,,,,,,,,2020-10-21T22:05:00,,,,0,,,,,,,,,,,,,,
2020-10-22 00:00:00,923.2,20.5,-9991,0.0,0.0,0.0,0.0,0.0,,,,,,,,,,2020-10-21T23:05:00,,,,0,,,,,,,,,,,,,,
2020-10-22 01:00:00,922.7,20.5,-9991,0.4,211.0,0.9,265.0,0.5,,,,,,,,,,2020-10-22T00:31:00,,,,0,,,,,,,,,,,,,,
2020-10-22 02:00:00,922.2,20.5,-9991,0.0,0.0,1.6,310.0,0.0,,,,,,,,,,2020-10-22T01:45:00,,,,0,,,,,,,,,,,,,,
2020-10-22 03:00:00,921.7,20.3,-9991,0.4,222.0,1.2,207.0,0.5,,,,,,,,,,2020-10-22T02:42:00,,,,0,,,,,,,,,,,,,,
2020-10-22 04:00:00,921.5,20.2,-9991,1.2,228.0,2.0,224.0,0.0,,,,,,,,,,2020-10-22T03:55:00,,,,0,,,,,,,,,,,,,,
2020-10-22 05:00:00,921.4,20.2,98,0.9,236.0,1.9,241.0,0.0,,,,,,,,,,2020-10-22T04:50:00,,,,0,,,,,,,,,,,,,,
2020-10-22 06:00:00,922.0,19.8,-9991,0.2,0.0,1.8,227.0,0.0,,,,,,,,,,2020-10-22T05:12:00,,,,0,,,,,,,,,,,,,,
2020-10-22 07:00:00,923.0,20.3,-9991,0.6,256.0,1.5,219.0,0.0,,,,,,,,,,2020-10-22T06:39:00,,,,0,,,,,,,,,,,,,,
2020-10-22 08:00:00,923.0,22.0,96,0.3,11.0,1.1,360.0,0.0,,,,,,,,,,2020-10-22T07:07:00,,,,0,,,,,,,,,,,,,,
2020-10-22 09:00:00,923.5,22.8,93,1.2,104.0,3.7,103.0,0.0,,,,,,,,,,2020-10-22T08:34:00,,,,0,,,,,,,,,,,,,,
2020-10-22 10:00:00,923.6,22.6,91,1.0,92.0,3.5,100.0,0.0,,,,,,,,,,2020-10-22T09:34:00,,,,0,,,,,,,,,,,,,,
2020-10-22 11:00:00,923.3,23.5,90,0.7,186.0,2.8,118.0,0.0,,,,,,,,,,2020-10-22T10:09:00,,,,0,,,,,,,,,,,,,,
2020-10-22 12:00:00,922.4,24.1,88,0.8,60.0,3.1,43.0,0.0,,,,,,,,,,2020-10-22T11:29:00,,,,0,,,,,,,,,,,,,,
2020-10-22 13:00:00,921.9,24.3,84,1.8,93.0,5.7,127.0,0.0,,,,,,,,,,2020-10-22T12:47:00,,,,0,,,,,,,,,,,,,,
2020-10-22 14:00:00,921.8,24.0,85,1.0,87.0,4.7,91.0,0.0,,,,,,,,,,2020-10-22T13:08:00,,,,0,,,,,,,,,,,,,,
2020-10-22 15:00:00,921.5,23.1,88,0.9,148.0,2.4,117.0,0.0,,,,,,,,,,2020-10-22T14:03:00,,,,0,,,,,,,,,,,,,,
2020-10-22 16:00:00,922.2,21.7,93,1.7,153.0,2.9,132.0,0.5,,,,,,,,,,2020-10-22T15:34:00,,,,0,,,,,,,,,,,,,,
2020-10-22 17:00:00,922.8,21.1,95,2.0,152.0,3.6,135.0,0.0,,,,,,,,,,2020-10-22T16:54:00,,,,0,,,,,,,,,,,,,,
2020-10-22 18:00:00,923.1,20.6,95,1.3,155.0,3.4,155.0,0.0,,,,,,,,,,2020-10-22T17:46:00,,,,0,,,,,,,,,,,,,,
2020-10-22 19:00:00,923.6,20.3,97,1.2,146.0,2.2,126.0,0.0,,,,,,,,,,2020-10-22T18:02:00,,,,0,,,,,,,,,,,,,,
2020-10-22 20:00:00,923.7,20.1,99,0.1,0.0,1.7,139.0,0.0,,,,,,,,,,2020-10-22T19:02:00,,,,0,,,,,,,,,,,,,,
2020-10-22 21:00:00,924.6,19.9,95,1.2,158.0,4.3,91.0,0.0,,,,,,,,,,2020-10-22T20:40:00,,,,0,,,,,,,,,,,,,,
2020-10-22 22:00:00,925.0,19.3,96,1.3,157.0,2.6,139.0,0.5,,,,,,,,,,2020-10-22T21:33:00,,,,0,,,,,,,,,,,,,,
2020-10-22 23:00:00,924.9,18.7,99,1.5,143.0,3.2,117.0,2.5,,,,,,,,,,2020-10-22T22:35:00,,,,0,,,,,,,,,,,,,,
2020-10-23 00:00:00,924.7,18.3,99,1.3,141.0,2.7,113.0,0.0,,,,,,,,,,2020-10-22T23:46:00,,,,0,,,,,,,,,,,,,,
2020-10-23 01:00:00,924.3,17.8,99,0.9,128.0,2.9,145.0,0.5,,,,,,,,,,2020-10-23T00:56:00,,,,0,,,,,,,,,,,,,,
2020-10-23 02:00:00,924.2,17.5,-9991,0.4,203.0,3.1,96.0,0.0,,,,,,,,,,2020-10-23T01:12:00,,,,0,,,,,,,,,,,,,,
2020-10-23 03:00:00,924.1,17.3,99,1.2,132.0,2.4,133.0,0.5,,,,,,,,,,2020-10-23T02:52:00,,,,0,,,,,,,,,,,,,,
2020-10-23 04:00:00,924.6,17.2,-9991,0.2,0.0,3.2,123.0,0.5,,,,,,,,,,2020-10-23T03:24:00,,,,0,,,,,,,,,,,,,,
2020-10-23 05:00:00,924.8,17.2,-9991,0.7,145.0,2.2,98.0,0.5,,,,,,,,,,2020-10-23T04:20:00,,,,0,,,,,,,,,,,,,,
2020-10-23 06:00:00,925.6,16.9,-9991,1.0,113.0,2.6,97.0,1.0,,,,,,,,,,2020-10-23T05:51:00,,,,0,,,,,,,,,,,,,,
2020-10-23 07:00:00,926.8,16.9,-9991,1.1,127.0,2.6,186.0,0.0,,,,,,,,,,2020-10-23T06:01:00,,,,0,,,,,,,,,,,,,,
2020-10-23 08:00:00,927.6,17.6,97,1.0,127.0,2.5,128.0,0.5,,,,,,,,,,2020-10-23T07:05:00,,,,0,,,,,,,,,,,,,,
2020-10-23 09:00:00,927.6,18.2,95,0.6,71.0,2.2,118.0,0.0,,,,,,,,,,2020-10-23T08:03:00,,,,0,,,,,,,,,,,,,,
2020-10-23 10:00:00,927.6,19.0,93,0.7,49.0,2.5,57.0,0.0,,,,,,,,,,2020-10-23T09:23:00,,,,0,,,,,,,,,,,,,,
2020-10-23 11:00:00,926.8,20.8,84,0.6,39.0,3.6,70.0,0.0,,,,,,,,,,2020-10-23T10:44:00,,,,0,,,,,,,,,,,,,,
2020-10-23 12:00:00,926.6,19.6,85,1.4,114.0,5.7,81.0,0.0,,,,,,,,,,2020-10-23T12:00:00,,,,0,,,,,,,,,,,,,,
2020-10-23 13:00:00,926.1,18.7,88,0.5,107.0,4.4,137.0,0.0,,,,,,,,,,2020-10-23T12:07:00,,,,0,,,,,,,,,,,,,,
2020-10-23 14:00:00,925.9,17.8,90,1.1,93.0,4.0,63.0,0.0,,,,,,,,,,2020-10-23T13:53:00,,,,0,,,,,,,,,,,,,,
2020-10-23 15:00:00,926.1,17.4,92,0.4,29.0,3.3,115.0,0.0,,,,,,,,,,2020-10-23T14:05:00,,,,0,,,,,,,,,,,,,,
2020-10-23 16:00:00,926.8,16.5,95,0.8,166.0,3.8,60.0,0.0,,,,,,,,,,2020-10-23T15:37:00,,,,0,,,,,,,,,,,,,,
2020-10-23 17:00:00,927.6,16.0,97,1.0,148.0,3.1,122.0,0.5,,,,,,,,,,2020-10-23T16:02:00,,,,0,,,,,,,,,,,,,,
2020-10-23 18:00:00,928.2,16.1,-9991,0.0,0.0,1.8,158.0,0.5,,,,,,,,,,2020-10-23T17:22:00,,,,0,,,,,,,,,,,,,,
2020-10-23 19:00:00,928.7,16.0,-9991,0.0,0.0,1.3,67.0,1.5,,,,,,,,,,2020-10-23T18:15:00,,,,0,,,,,,,,,,,,,,
2020-10-23 20:00:00,929.0,16.0,-9991,0.1,0.0,0.7,243.0,0.5,,,,,,,,,,2020-10-23T19:54:00,,,,0,,,,,,,,,,,,,,
2020-10-23 21:00:00,928.7,16.1,-9991,0.0,0.0,0.9,292.0,0.0,,,,,,,,,,2020-10-23T20:05:00,,,,0,,,,,,,,,,,,,,
2020-10-23 22:00:00,928.3,15.9,-9991,1.5,115.0,2.6,115.0,0.0,,,,,,,,,,2020-10-23T21:57:00,,,,0,,,,,,,,,,,,,,
2020-10-23 23:00:00,929.2,15.8,-9991,0.7,140.0,2.5,127.0,0.5,,,,,,,,,,2020-10-23T22:22:00,,,,0,,,,,,,,,,,,,,
2020-10-24 00:00:00,929.5,16.0,97,0.9,164.0,2.6,129.0,0.0,,,,,,,,,,2020-10-23T23:12:00,,,,0,,,,,,,,,,,,,,
2020-10-24 01:00:00,929.3,15.8,-9991,0.0,0.0,1.3,198.0,0.0,,,,,,,,,,2020-10-24T00:19:00,,,,0,,,,,,,,,,,,,,
2020-10-24 02:00:00,928.8,15.7,-9991,0.2,0.0,0.8,236.0,0.0,,,,,,,,,,2020-10-24T01:26:00,,,,0,,,,,,,,,,,,,,
2020-10-24 03:00:00,928.3,15.8,-9991,0.0,0.0,1.4,104.0,0.0,,,,,,,,,,2020-10-24T02:35:00,,,,0,,,,,,,,,,,,,,
2020-10-24 04:00:00,928.8,15.7,99,0.3,111.0,1.9,148.0,0.0,,,,,,,,,,2020-10-24T03:33:00,,,,0,,,,,,,,,,,,,,
2020-10-24 05:00:00,929.4,15.6,-9991,0.1,0.0,1.7,124.0,0.0,,,,,,,,,,2020-10-24T04:23:00,,,,0,,,,,,,,,,,,,,
2020-10-24 06:00:00,930.2,15.6,-9991,0.0,0.0,0.8,211.0,0.0,,,,,,,,,,2020-10-24T05:08:00,,,,0,,,,,,,,,,,,,,
2020-10-24 07:00:00,931.1,15.8,98,0.6,131.0,2.2,105.0,0.0,,,,,,,,,,2020-10-24T06:17:00,,,,0,,,,,,,,,,,,,,
2020-10-24 08:00:00,931.7,16.3,98,0.4,350.0,1.5,148.0,0.0,,,,,,,,,,2020-10-24T07:20:00,,,,0,,,,,,,,,,,,,,
2020-10-24 09:00:00,931.8,17.8,87,0.7,87.0,2.6,85.0,0.0,,,,,,,,,,2020-10-24T08:51:00,,,,0,,,,,,,,,,,,,,
2020-10-24 10:00:00,931.1,20.2,72,0.5,327.0,3.5,81.0,0.0,,,,,,,,,,2020-10-24T09:18:00,,,,0,,,,,,,,,,,,,,
2020-10-24 11:00:00,930.3,20.2,76,0.9,36.0,2.9,357.0,0.0,,,,,,,,,,2020-10-24T10:30:00,,,,0,,,,,,,,,,,,,,
2020-10-24 12:00:00,928.8,20.6,76,1.5,86.0,4.7,102.0,0.0,,,,,,,,,,2020-10-24T11:27:00,,,,0,,,,,,,,,,,,,,
2020-10-24 13:00:00,928.6,18.9,81,2.2,96.0,7.0,93.0,0.0,,,,,,,,,,2020-10-24T12:56:00,,,,0,,,,,,,,,,,,,,
2020-10-24 14:00:00,928.7,17.8,86,1.0,69.0,6.4,98.0,0.0,,,,,,,,,,2020-10-24T13:08:00,,,,0,,,,,,,,,,,,,,
2020-10-24 15:00:00,929.0,17.6,86,0.4,103.0,3.4,60.0,0.0,,,,,,,,,,2020-10-24T14:33:00,,,,0,,,,,,,,,,,,,,
2020-10-24 16:00:00,929.6,16.9,91,0.5,149.0,1.8,96.0,0.0,,,,,,,,,,2020-10-24T15:06:00,,,,0,,,,,,,,,,,,,,
2020-10-24 17:00:00,930.2,16.9,94,0.0,0.0,1.1,194.0,0.0,,,,,,,,,,2020-10-24T16:01:00,,,,0,,,,,,,,,,,,,,
2020-10-24 18:00:00,930.4,16.8,95,0.0,0.0,0.8,231.0,0.0,,,,,,,,,,2020-10-24T17:13:00,,,,0,,,,,,,,,,,,,,
2020-10-24 19:00:00,930.6,16.5,98,0.0,0.0,0.7,140.0,0.0,,,,,,,,,,2020-10-24T18:42:00,,,,0,,,,,,,,,,,,,,
2020-10-24 20:00:00,931.2,16.0,97,0.8,97.0,3.1,139.0,0.0,,,,,,,,,,2020-10-24T19:34:00,,,,0,,,,,,,,,,,,,,
2020-10-24 21:00:00,931.6,16.0,96,1.0,104.0,2.2,91.0,0.0,,,,,,,,,,2020-10-24T20:56:00,,,,0,,,,,,,,,,,,,,
2020-10-24 22:00:00,931.6,15.9,99,0.0,0.0,1.5,172.0,0.0,,,,,,,,,,2020-10-24T21:01:00,,,,0,,,,,,,,,,,,,,
2020-10-24 23:00:00,931.4,16.0,99,0.4,260.0,1.1,276.0,0.0,,,,,,,,,,2020-10-24T22:55:00,,,,0,,,,,,,,,,,,,,
2020-10-25 00:00:00,931.0,16.0,-9991,0.1,0.0,1.6,264.0,0.0,,,,,,,,,,2020-10-24T23:10:00,,,,0,,,,,,,,,,,,,,
2020-10-25 01:00:00,930.9,15.9,-9991,0.6,251.0,2.0,104.0,0.0,,,,,,,,,,2020-10-25T00:04:00,,,,0,,,,,,,,,,,,,,
2020-10-25 02:00:00,930.5,16.1,-9991,0.6,235.0,1.6,198.0,0.0,,,,,,,,,,2020-10-25T01:23:00,,,,0,,,,,,,,,,,,,,
2020-10-25 03:00:00,930.0,16.0,99,0.6,187.0,1.0,243.0,0.0,,,,,,,,,,2020-10-25T02:16:00,,,,0,,,,,,,,,,,,,,
2020-10-25 04:00:00,930.0,16.1,-9991,0.0,0.0,0.9,183.0,0.0,,,,,,,,,,2020-10-25T03:30:00,,,,0,,,,,,,,,,,,,,
2020-10-25 05:00:00,930.5,16.1,99,0.3,294.0,1.6,84.0,0.0,,,,,,,,,,2020-10-25T04:08:00,,,,0,,,,,,,,,,,,,,
2020-10-25 06:00:00,931.0,16.3,99,0.3,121.0,1.5,206.0,0.0,,,,,,,,,,2020-10-25T05:25:00,,,,0,,,,,,,,,,,,,,
2020-10-25 07:00:00,931.3,16.9,97,0.2,0.0,1.5,263.0,0.0,,,,,,,,,,2020-10-25T06:36:00,,,,0,,,,,,,,,,,,,,
2020-10-25 08:00:00,931.8,18.1,93,0.7,44.0,1.6,27.0,0.0,,,,,,,,,,2020-10-25T07:59:00,,,,0,,,,,,,,,,,,,,
2020-10-25 09:00:00,931.8,19.6,83,0.8,46.0,1.9,22.0,0.0,,,,,,,,,,2020-10-25T08:53:00,,,,0,,,,,,,,,,,,,,
2020-10-25 10:00:00,931.6,20.6,77,0.7,49.0,2.2,75.0,0.0,,,,,,,,,,2020-10-25T09:38:00,,,,0,,,,,,,,,,,,,,
2020-10-25 11:00:00,930.8,20.2,76,1.1,121.0,3.4,82.0,0.0,,,,,,,,,,2020-10-25T10:57:00,,,,0,,,,,,,,,,,,,,
2020-10-25 12:00:00,929.8,21.5,73,1.0,88.0,2.8,71.0,0.0,,,,,,,,,,2020-10-25T11:49:00,,,,0,,,,,,,,,,,,,,
2020-10-25 13:00:00,928.9,21.2,77,0.8,29.0,2.8,98.0,0.0,,,,,,,,,,2020-10-25T12:30:00,,,,0,,,,,,,,,,,,,,
2020-10-25 14:00:00,928.3,21.3,77,0.9,49.0,2.5,130.0,0.0,,,,,,,,,,2020-10-25T13:35:00,,,,0,,,,,,,,,,,,,,
2020-10-25 15:00:00,927.9,20.6,79,0.7,103.0,3.0,80.0,0.0,,,,,,,,,,2020-10-25T14:33:00,,,,0,,,,,,,,,,,,,,
2020-10-25 16:00:00,927.7,19.9,83,1.5,122.0,2.8,121.0,0.0,,,,,,,,,,2020-10-25T15:34:00,,,,0,,,,,,,,,,,,,,
2020-10-25 17:00:00,928.4,19.2,85,1.0,139.0,2.7,130.0,0.0,,,,,,,,,,2020-10-25T16:14:00,,,,0,,,,,,,,,,,,,,
2020-10-25 18:00:00,928.6,18.4,91,0.7,188.0,2.9,130.0,0.0,,,,,,,,,,2020-10-25T17:32:00,,,,0,,,,,,,,,,,,,,
2020-10-25 19:00:00,929.5,18.1,93,0.9,160.0,2.2,62.0,0.0,,,,,,,,,,2020-10-25T18:42:00,,,,0,,,,,,,,,,,,,,
2020-10-25 20:00:00,930.3,17.7,96,0.7,146.0,2.8,96.0,0.0,,,,,,,,,,2020-10-25T19:21:00,,,,0,,,,,,,,,,,,,,
2020-10-25 21:00:00,930.5,17.4,97,0.4,158.0,1.3,138.0,0.0,,,,,,,,,,2020-10-25T20:13:00,,,,0,,,,,,,,,,,,,,
2020-10-25 22:00:00,930.5,17.4,99,0.0,0.0,0.0,0.0,0.0,,,,,,,,,,2020-10-25T21:05:00,,,,0,,,,,,,,,,,,,,
2020-10-25 23:00:00,930.2,17.5,98,0.2,0.0,0.6,199.0,0.0,,,,,,,,,,2020-10-25T22:47:00,,,,0,,,,,,,,,,,,,,
2020-10-26 00:00:00,929.5,17.4,99,0.2,0.0,0.8,240.0,0.0,,,,,,,,,,2020-10-25T23:17:00,,,,0,,,,,,,,,,,,,,
2020-10-26 01:00:00,928.9,17.3,99,0.0,0.0,0.9,103.0,0.0,,,,,,,,,,2020-10-26T00:10:00,,,,0,,,,,,,,,,,,,,
2020-10-26 02:00:00,928.5,17.4,97,0.7,137.0,2.2,121.0,0.0,,,,,,,,,,2020-10-26T01:44:00,,,,0,,,,,,,,,,,,,,
2020-10-26 03:00:00,928.5,17.2,98,0.8,129.0,2.0,126.0,0.0,,,,,,,,,,2020-10-26T02:46:00,,,,0,,,,,,,,,,,,,,
2020-10-26 04:00:00,928.1,17.4,97,0.3,245.0,1.5,178.0,0.0,,,,,,,,,,2020-10-26T03:04:00,,,,0,,,,,,,,,,,,,,
2020-10-26 05:00:00,928.6,17.3,99,0.0,0.0,1.1,82.0,0.0,,,,,,,,,,2020-10-26T04:22:00,,,,0,,,,,,,,,,,,,,
2020-10-26 06:00:00,929.0,17.4,99,0.0,0.0,0.8,280.0,0.0,,,,,,,,,,2020-10-26T05:26:00,,,,0,,,,,,,,,,,,,,
2020-10-26 07:00:00,929.5,17.9,98,0.0,0.0,0.9,90.0,0.0,,,,,,,,,,2020-10-26T06:39:00,,,,0,,,,,,,,,,,,,,
2020-10-26 08:00:00,929.6,21.1,83,0.3,334.0,1.3,330.0,0.0,,,,,,,,,,2020-10-26T07:33:00,,,,0,,,,,,,,,,,,,,
2020-10-26 09:00:00,929.8,20.5,84,1.5,112.0,2.9,130.0,0.0,,,,,,,,,,2020-10-26T08:55:00,,,,0,,,,,,,,,,,,,,
2020-10-26 10:00:00,929.8,20.6,84,0.7,57.0,4.2,96.0,0.0,,,,,,,,,,2020-10-26T10:00:00,,,,0,,,,,,,,,,,,,,
2020-10-26 11:00:00,929.1,21.4,83,0.7,30.0,3.8,74.0,0.0,,,,,,,,,,2020-10-26T10:13:00,,,,0,,,,,,,,,,,,,,
2020-10-26 12:00:00,928.1,21.1,82,1.1,91.0,2.8,78.0,0.0,,,,,,,,,,2020-10-26T11:54:00,,,,0,,,,,,,,,,,,,,
2020-10-26 13:00:00,927.1,21.7,78,1.0,69.0,4.1,86.0,0.0,,,,,,,,,,2020-10-26T12:20:00,,,,0,,,,,,,,,,,,,,
2020-10-26 14:00:00,926.5,21.4,81,1.7,112.0,4.7,78.0,0.0,,,,,,,,,,2020-10-26T13:55:00,,,,0,,,,,,,,,,,,,,
2020-10-26 15:00:00,926.2,21.4,80,1.3,37.0,3.6,35.0,0.0,,,,,,,,,,2020-10-26T14:17:00,,,,0,,,,,,,,,,,,,,
2020-10-26 16:00:00,926.1,21.2,84,0.9,91.0,2.4,101.0,0.0,,,,,,,,,,2020-10-26T15:31:00,,,,0,,,,,,,,,,,,,,
2020-10-26 17:00:00,926.8,19.9,88,0.3,73.0,3.8,88.0,0.0,,,,,,,,,,2020-10-26T16:20:00,,,,0,,,,,,,,,,,,,,
2020-10-26 18:00:00,927.5,19.2,87,1.0,115.0,2.9,103.0,0.0,,,,,,,,,,2020-10-26T17:51:00,,,,0,,,,,,,,,,,,,,
2020-10-26 19:00:00,928.4,18.3,92,0.6,154.0,3.5,170.0,0.0,,,,,,,,,,2020-10-26T18:23:00,,,,0,,,,,,,,,,,,,,
2020-10-26 20:00:00,929.3,17.8,98,0.1,0.0,1.2,197.0,0.0,,,,,,,,,,2020-10-26T19:02:00,,,,0,,,,,,,,,,,,,,
2020-10-26 21:00:00,929.5,17.7,99,0.0,0.0,0.9,224.0,0.0,,,,,,,,,,2020-10-26T20:07:00,,,,0,,,,,,,,,,,,,,
2020-10-26 22:00:00,929.3,17.8,-9991,0.0,0.0,0.0,0.0,0.0,,,,,,,,,,2020-10-26T21:05:00,,,,0,,,,,,,,,,,,,,
2020-10-26 23:00:00,929.0,17.8,-9991,0.0,0.0,0.0,0.0,0.0,,,,,,,,,,2020-10-26T22:05:00,,,,0,,,,,,,,,,,,,,
2020-10-27 00:00:00,928.3,17.8,-9991,0.0,0.0,0.9,268.0,0.0,,,,,,,,,,2020-10-26T23:26:00,,,,0,,,,,,,,,,,,,,
2020-10-27 01:00:00,928.1,17.8,99,0.6,159.0,1.3,152.0,0.0,,,,,,,,,,2020-10-27T00:58:00,,,,0,,,,,,,,,,,,,,
2020-10-27 02:00:00,927.7,17.8,-9991,0.0,0.0,2.0,134.0,0.0,,,,,,,,,,2020-10-27T01:17:00,,,,0,,,,,,,,,,,,,,
2020-10-27 03:00:00,927.2,17.7,-9991,0.0,0.0,0.6,287.0,0.0,,,,,,,,,,2020-10-27T02:41:00,,,,0,,,,,,,,,,,,,,
2020-10-27 04:00:00,927.2,17.7,-9991,0.6,119.0,1.5,306.0,0.0,,,,,,,,,,2020-10-27T03:41:00,,,,0,,,,,,,,,,,,,,
2020-10-27 05:00:00,927.4,17.6,-9991,0.8,135.0,1.9,136.0,0.0,,,,,,,,,,2020-10-27T04:52:00,,,,0,,,,,,,,,,,,,,
2020-10-27 06:00:00,928.4,17.6,-9991,0.3,143.0,1.5,153.0,0.0,,,,,,,,,,2020-10-27T05:43:00,,,,0,,,,,,,,,,,,,,
2020-10-27 07:00:00,928.8,17.8,-9991,0.9,110.0,2.1,101.0,0.0,,,,,,,,,,2020-10-27T07:00:00,,,,0,,,,,,,,,,,,,,
2020-10-27 08:00:00,929.8,18.1,99,0.4,20.0,2.7,55.0,0.0,,,,,,,,,,2020-10-27T07:43:00,,,,0,,,,,,,,,,,,,,
2020-10-27 09:00:00,929.9,20.4,93,0.7,48.0,1.7,67.0,0.0,,,,,,,,,,2020-10-27T08:55:00,,,,0,,,,,,,,,,,,,,
2020-10-27 10:00:00,929.9,20.8,85,0.4,77.0,2.5,87.0,0.0,,,,,,,,,,2020-10-27T09:40:00,,,,0,,,,,,,,,,,,,,
2020-10-27 11:00:00,929.3,22.9,74,0.5,344.0,2.1,334.0,0.0,,,,,,,,,,2020-10-27T10:47:00,,,,0,,,,,,,,,,,,,,
2020-10-27 12:00:00,928.1,25.3,67,0.9,52.0,2.7,102.0,0.0,,,,,,,,,,2020-10-27T11:55:00,,,,0,,,,,,,,,,,,,,
2020-10-27 13:00:00,927.4,23.6,71,0.5,31.0,4.6,71.0,0.0,,,,,,,,,,2020-10-27T12:17:00,,,,0,,,,,,,,,,,,,,
2020-10-27 14:00:00,926.9,22.9,76,0.5,135.0,4.5,55.0,0.0,,,,,,,,,,2020-10-27T13:13:00,,,,0,,,,,,,,,,,,,,
2020-10-27 15:00:00,926.9,22.1,78,0.5,91.0,3.3,43.0,0.0,,,,,,,,,,2020-10-27T14:48:00,,,,0,,,,,,,,,,,,,,
2020-10-27 16:00:00,927.0,21.4,83,1.1,108.0,3.0,75.0,0.0,,,,,,,,,,2020-10-27T15:10:00,,,,0,,,,,,,,,,,,,,
2020-10-27 17:00:00,927.3,20.6,86,1.1,136.0,3.1,96.0,0.0,,,,,,,,,,2020-10-27T16:06:00,,,,0,,,,,,,,,,,,,,
2020-10-27 18:00:00,928.5,19.8,88,1.4,127.0,3.6,101.0,0.0,,,,,,,,,,2020-10-27T17:27:00,,,,0,,,,,,,,,,,,,,
2020-10-27 19:00:00,929.6,19.3,89,0.9,122.0,2.6,88.0,0.0,,,,,,,,,,2020-10-27T18:22:00,,,,0,,,,,,,,,,,,,,
2020-10-27 20:00:00,930.4,19.1,90,0.7,156.0,2.1,121.0,0.0,,,,,,,,,,2020-10-27T19:19:00,,,,0,,,,,,,,,,,,,,
2020-10-27 21:00:00,930.5,18.6,94,0.8,228.0,1.7,216.0,0.0,,,,,,,,,,2020-10-27T20:48:00,,,,0,,,,,,,,,,,,,,
2020-10-27 22:00:00,930.6,18.7,96,0.2,0.0,1.0,286.0,0.0,,,,,,,,,,2020-10-27T21:12:00,,,,0,,,,,,,,,,,,,,
2020-10-27 23:00:00,930.7,19.0,94,0.4,265.0,1.7,323.0,0.0,,,,,,,,,,2020-10-27T22:51:00,,,,0,,,,,,,,,,,,,,
2020-10-28 00:00:00,930.2,19.4,91,1.1,300.0,4.0,323.0,0.0,,,,,,,,,,2020-10-27T23:40:00,,,,0,,,,,,,,,,,,,,
2020-10-28 01:00:00,929.9,19.6,91,0.9,246.0,4.0,279.0,0.0,,,,,,,,,,2020-10-28T00:07:00,,,,0,,,,,,,,,,,,,,
2020-10-28 02:00:00,929.5,18.7,95,0.6,237.0,2.1,294.0,0.0,,,,,,,,,,2020-10-28T01:36:00,,,,0,,,,,,,,,,,,,,
2020-10-28 03:00:00,929.2,17.7,96,0.5,192.0,2.2,221.0,0.0,,,,,,,,,,2020-10-28T02:20:00,,,,0,,,,,,,,,,,,,,
2020-10-28 04:00:00,929.2,17.3,96,1.2,221.0,1.8,214.0,0.0,,,,,,,,,,2020-10-28T03:29:00,,,,0,,,,,,,,,,,,,,
2020-10-28 05:00:00,929.2,18.0,91,0.6,238.0,2.7,326.0,0.0,,,,,,,,,,2020-10-28T04:50:00,,,,0,,,,,,,,,,,,,,
2020-10-28 06:00:00,929.9,17.0,95,0.7,222.0,1.7,269.0,0.0,,,,,,,,,,2020-10-28T05:01:00,,,,0,,,,,,,,,,,,,,
2020-10-28 07:00:00,930.9,18.1,93,0.1,0.0,1.9,202.0,0.0,,,,,,,,,,2020-10-28T06:13:00,,,,0,,,,,,,,,,,,,,
2020-10-28 08:00:00,931.6,20.9,84,0.2,0.0,1.3,63.0,0.0,,,,,,,,,,2020-10-28T07:46:00,,,,0,,,,,,,,,,,,,,
2020-10-28 09:00:00,932.0,22.0,83,0.3,83.0,1.2,131.0,0.0,,,,,,,,,,2020-10-28T08:49:00,,,,0,,,,,,,,,,,,,,
2020-10-28 10:00:00,931.6,23.6,70,0.7,34.0,1.5,22.0,0.0,,,,,,,,,,2020-10-28T09:56:00,,,,0,,,,,,,,,,,,,,
2020-10-28 11:00:00,930.7,24.3,67,1.3,43.0,4.4,70.0,0.0,,,,,,,,,,2020-10-28T10:58:00,,,,0,,,,,,,,,,,,,,
2020-10-28 12:00:00,930.2,23.9,73,1.5,58.0,4.3,86.0,0.0,,,,,,,,,,2020-10-28T11:13:00,,,,0,,,,,,,,,,,,,,
2020-10-28 13:00:00,929.6,23.6,75,1.3,43.0,4.5,84.0,0.0,,,,,,,,,,2020-10-28T12:45:00,,,,0,,,,,,,,,,,,,,
2020-10-28 14:00:00,929.2,23.7,78,0.9,50.0,4.4,111.0,0.0,,,,,,,,,,2020-10-28T13:04:00,,,,0,,,,,,,,,,,,,,
2020-10-28 15:00:00,929.1,22.9,82,1.3,102.0,3.8,85.0,0.0,,,,,,,,,,2020-10-28T14:07:00,,,,0,,,,,,,,,,,,,,
2020-10-28 16:00:00,929.4,21.9,85,1.0,114.0,4.6,95.0,0.0,,,,,,,,,,2020-10-28T15:08:00,,,,0,,,,,,,,,,,,,,
2020-10-28 17:00:00,929.6,21.2,90,0.5,111.0,3.0,103.0,0.0,,,,,,,,,,2020-10-28T16:57:00,,,,0,,,,,,,,,,,,,,
2020-10-28 18:00:00,930.2,20.5,93,1.2,129.0,2.8,51.0,0.0,,,,,,,,,,2020-10-28T17:07:00,,,,0,,,,,,,,,,,,,,
2020-10-28 19:00:00,930.9,19.8,98,1.2,143.0,3.1,115.0,0.0,,,,,,,,,,2020-10-28T18:34:00,,,,0,,,,,,,,,,,,,,
2020-10-28 20:00:00,931.6,19.4,99,1.2,150.0,2.4,135.0,0.0,,,,,,,,,,2020-10-28T19:28:00,,,,0,,,,,,,,,,,,,,
2020-10-28 21:00:00,932.0,19.4,-9991,0.0,0.0,2.1,121.0,0.0,,,,,,,,,,2020-10-28T20:20:00,,,,0,,,,,,,,,,,,,,
2020-10-28 22:00:00,932.1,19.2,-9991,0.0,0.0,0.4,47.0,0.5,,,,,,,,,,2020-10-28T21:01:00,,,,0,,,,,,,,,,,,,,
2020-10-28 23:00:00,931.8,19.3,-9991,0.0,0.0,0.9,272.0,0.0,,,,,,,,,,2020-10-28T22:13:00,,,,0,,,,,,,,,,,,,,
2020-10-29 00:00:00,931.8,19.2,-9991,0.8,114.0,1.7,101.0,0.0,,,,,,,,,,2020-10-28T23:58:00,,,,0,,,,,,,,,,,,,,
2020-10-29 01:00:00,931.4,18.9,-9991,1.1,143.0,2.3,134.0,0.0,,,,,,,,,,2020-10-29T00:47:00,,,,0,,,,,,,,,,,,,,
2020-10-29 02:00:00,931.2,19.0,-9991,0.4,150.0,2.6,112.0,0.0,,,,,,,,,,2020-10-29T01:49:00,,,,0,,,,,,,,,,,,,,
2020-10-29 03:00:00,931.0,18.9,-9991,0.2,0.0,1.3,163.0,0.0,,,,,,,,,,2020-10-29T02:09:00,,,,0,,,,,,,,,,,,,,
2020-10-29 04:00:00,931.0,18.9,-9991,0.2,0.0,0.9,302.0,0.0,,,,,,,,,,2020-10-29T03:06:00,,,,0,,,,,,,,,,,,,,
2020-10-29 05:00:00,931.1,19.0,-9991,0.2,0.0,1.2,95.0,0.0,,,,,,,,,,2020-10-29T04:59:00,,,,0,,,,,,,,,,,,,,
2020-10-29 06:00:00,932.0,18.9,-9991,0.3,139.0,1.6,131.0,0.0,,,,,,,,,,2020-10-29T05:10:00,,,,0,,,,,,,,,,,,,,
2020-10-29 07:00:00,932.7,19.0,-9991,0.0,0.0,1.6,110.0,0.0,,,,,,,,,,2020-10-29T06:18:00,,,,0,,,,,,,,,,,,,,
2020-10-29 08:00:00,933.0,19.7,-9991,0.0,0.0,0.5,68.0,0.0,,,,,,,,,,2020-10-29T07:03:00,,,,0,,,,,,,,,,,,,,
2020-10-29 09:00:00,933.0,21.0,93,0.9,68.0,2.2,84.0,0.0,,,,,,,,,,2020-10-29T08:59:00,,,,0,,,,,,,,,,,,,,
2020-10-29 10:00:00,932.6,22.3,83,0.8,74.0,3.5,103.0,0.0,,,,,,,,,,2020-10-29T09:23:00,,,,0,,,,,,,,,,,,,,
2020-10-29 11:00:00,931.7,23.0,82,1.4,24.0,3.3,30.0,0.0,,,,,,,,,,2020-10-29T10:59:00,,,,0,,,,,,,,,,,,,,
2020-10-29 12:00:00,930.6,23.2,79,1.3,88.0,5.5,94.0,0.0,,,,,,,,,,2020-10-29T11:42:00,,,,0,,,,,,,,,,,,,,
2020-10-29 13:00:00,929.6,22.4,80,2.0,106.0,5.9,82.0,0.0,,,,,,,,,,2020-10-29T12:52:00,,,,0,,,,,,,,,,,,,,
2020-10-29 14:00:00,929.4,21.5,84,1.8,104.0,5.7,62.0,0.0,,,,,,,,,,2020-10-29T13:02:00,,,,0,,,,,,,,,,,,,,
2020-10-29 15:00:00,929.8,20.9,88,0.9,151.0,5.5,65.0,0.0,,,,,,,,,,2020-10-29T14:11:00,,,,0,,,,,,,,,,,,,,
2020-10-29 16:00:00,930.3,20.3,89,0.6,200.0,4.7,94.0,0.0,,,,,,,,,,2020-10-29T15:08:00,,,,0,,,,,,,,,,,,,,
2020-10-29 17:00:00,930.6,19.9,92,0.8,174.0,1.6,139.0,0.0,,,,,,,,,,2020-10-29T16:09:00,,,,0,,,,,,,,,,,,,,
2020-10-29 18:00:00,931.0,19.5,95,0.7,154.0,1.8,132.0,0.0,,,,,,,,,,2020-10-29T17:57:00,,,,0,,,,,,,,,,,,,,
2020-10-29 19:00:00,931.5,19.4,97,0.0,0.0,0.9,207.0,0.0,,,,,,,,,,2020-10-29T18:01:00,,,,0,,,,,,,,,,,,,,
2020-10-29 20:00:00,932.0,19.1,98,0.2,0.0,0.7,282.0,0.0,,,,,,,,,,2020-10-29T19:59:00,,,,0,,,,,,,,,,,,,,
2020-10-29 21:00:00,932.1,19.0,99,0.2,0.0,1.1,153.0,0.0,,,,,,,,,,2020-10-29T20:45:00,,,,0,,,,,,,,,,,,,,
2020-10-29 22:00:00,932.7,18.9,99,0.8,137.0,2.2,123.0,0.0,,,,,,,,,,2020-10-29T21:48:00,,,,0,,,,,,,,,,,,,,
2020-10-29 23:00:00,932.4,18.7,-9991,0.9,219.0,2.5,118.0,0.0,,,,,,,,,,2020-10-29T22:12:00,,,,0,,,,,,,,,,,,,,
2020-10-30 00:00:00,931.8,18.3,-9991,0.4,174.0,1.6,207.0,0.0,,,,,,,,,,2020-10-29T23:46:00,,,,0,,,,,,,,,,,,,,
2020-10-30 01:00:00,931.3,18.5,-9991,0.4,132.0,2.1,123.0,0.0,,,,,,,,,,2020-10-30T00:38:00,,,,0,,,,,,,,,,,,,,
2020-10-30 02:00:00,930.9,18.5,-9991,0.2,0.0,1.4,76.0,0.0,,,,,,,,,,2020-10-30T01:21:00,,,,0,,,,,,,,,,,,,,
2020-10-30 03:00:00,930.5,18.3,-9991,0.4,190.0,2.0,95.0,0.0,,,,,,,,,,2020-10-30T02:46:00,,,,0,,,,,,,,,,,,,,
2020-10-30 04:00:00,930.4,18.3,-9991,0.1,0.0,3.0,146.0,0.0,,,,,,,,,,2020-10-30T03:29:00,,,,0,,,,,,,,,,,,,,
2020-10-30 05:00:00,930.5,18.2,-9991,0.5,124.0,1.5,130.0,0.0,,,,,,,,,,2020-10-30T04:56:00,,,,0,,,,,,,,,,,,,,
2020-10-30 06:00:00,931.0,17.8,-9991,1.1,149.0,3.3,136.0,0.0,,,,,,,,,,2020-10-30T05:37:00,,,,0,,,,,,,,,,,,,,
2020-10-30 07:00:00,931.4,17.9,-9991,0.1,0.0,2.3,89.0,0.5,,,,,,,,,,2020-10-30T06:02:00,,,,0,,,,,,,,,,,,,,
2020-10-30 08:00:00,931.9,17.8,-9991,1.6,152.0,3.0,130.0,0.0,,,,,,,,,,2020-10-30T07:53:00,,,,0,,,,,,,,,,,,,,
2020-10-30 09:00:00,932.2,18.6,94,1.3,129.0,3.3,97.0,0.0,,,,,,,,,,2020-10-30T08:51:00,,,,0,,,,,,,,,,,,,,
2020-10-30 10:00:00,932.1,18.8,93,1.4,121.0,4.2,126.0,0.0,,,,,,,,,,2020-10-30T09:58:00,,,,0,,,,,,,,,,,,,,
2020-10-30 11:00:00,932.0,18.8,90,1.3,97.0,4.6,106.0,0.0,,,,,,,,,,2020-10-30T10:36:00,,,,0,,,,,,,,,,,,,,
2020-10-30 12:00:00,931.5,19.1,89,0.9,93.0,3.0,77.0,0.0,,,,,,,,,,2020-10-30T11:01:00,,,,0,,,,,,,,,,,,,,
2020-10-30 13:00:00,930.9,19.6,87,0.9,93.0,3.2,66.0,0.0,,,,,,,,,,2020-10-30T12:28:00,,,,0,,,,,,,,,,,,,,
2020-10-30 14:00:00,930.3,19.9,82,0.6,33.0,2.0,64.0,0.0,,,,,,,,,,2020-10-30T13:58:00,,,,0,,,,,,,,,,,,,,
2020-10-30 15:00:00,930.2,18.5,89,1.2,86.0,3.2,230.0,0.0,,,,,,,,,,2020-10-30T14:41:00,,,,0,,,,,,,,,,,,,,
2020-10-30 16:00:00,930.7,17.5,91,0.4,103.0,5.6,76.0,0.0,,,,,,,,,,2020-10-30T15:34:00,,,,0,,,,,,,,,,,,,,
2020-10-30 17:00:00,931.2,16.4,98,0.7,128.0,3.2,171.0,0.0,,,,,,,,,,2020-10-30T16:14:00,,,,0,,,,,,,,,,,,,,
2020-10-30 18:00:00,931.9,16.0,98,0.8,142.0,2.5,142.0,0.0,,,,,,,,,,2020-10-30T17:23:00,,,,0,,,,,,,,,,,,,,
2020-10-30 19:00:00,932.3,15.9,99,0.8,142.0,2.0,114.0,0.0,,,,,,,,,,2020-10-30T18:55:00,,,,0,,,,,,,,,,,,,,
2020-10-30 20:00:00,932.9,15.8,98,0.8,171.0,1.5,113.0,0.0,,,,,,,,,,2020-10-30T19:04:00,,,,0,,,,,,,,,,,,,,
2020-10-30 21:00:00,933.0,15.8,99,0.1,0.0,1.4,190.0,0.0,,,,,,,,,,2020-10-30T20:02:00,,,,0,,,,,,,,,,,,,,
2020-10-30 22:00:00,932.8,15.8,-9991,0.5,109.0,1.4,148.0,0.0,,,,,,,,,,2020-10-30T22:00:00,,,,0,,,,,,,,,,,,,,
2020-10-30 23:00:00,932.6,15.8,-9991,0.2,0.0,1.1,110.0,0.0,,,,,,,,,,2020-10-30T22:02:00,,,,0,,,,,,,,,,,,,,
2020-10-31 00:00:00,932.2,15.7,99,0.6,191.0,1.1,205.0,0.0,,,,,,,,,,2020-10-30T23:41:00,,,,0,,,,,,,,,,,,,,
2020-10-31 01:00:00,931.7,15.6,96,1.0,176.0,1.3,162.0,0.0,,,,,,,,,,2020-10-31T00:54:00,,,,0,,,,,,,,,,,,,,
2020-10-31 02:00:00,931.1,15.3,98,0.6,193.0,1.8,155.0,0.0,,,,,,,,,,2020-10-31T01:04:00,,,,0,,,,,,,,,,,,,,
2020-10-31 03:00:00,931.0,15.4,93,0.9,171.0,1.4,186.0,0.0,,,,,,,,,,2020-10-31T02:31:00,,,,0,,,,,,,,,,,,,,
2020-10-31 04:00:00,931.0,15.0,97,0.9,217.0,2.2,163.0,0.0,,,,,,,,,,2020-10-31T03:12:00,,,,0,,,,,,,,,,,,,,
2020-10-31 05:00:00,931.0,15.1,95,0.2,0.0,1.7,223.0,0.0,,,,,,,,,,2020-10-31T04:26:00,,,,0,,,,,,,,,,,,,,
2020-10-31 06:00:00,931.3,15.0,94,0.2,0.0,0.9,239.0,0.0,,,,,,,,,,2020-10-31T05:19:00,,,,0,,,,,,,,,,,,,,
2020-10-31 07:00:00,932.1,15.3,97,0.2,0.0,1.1,183.0,0.0,,,,,,,,,,2020-10-31T06:18:00,,,,0,,,,,,,,,,,,,,
2020-10-31 08:00:00,932.5,15.9,94,0.0,0.0,0.8,338.0,0.0,,,,,,,,,,2020-10-31T07:02:00,,,,0,,,,,,,,,,,,,,
2020-10-31 09:00:00,932.8,16.6,84,0.5,67.0,1.2,89.0,0.0,,,,,,,,,,2020-10-31T08:50:00,,,,0,,,,,,,,,,,,,,
2020-10-31 10:00:00,932.8,17.1,79,0.6,99.0,1.9,104.0,0.0,,,,,,,,,,2020-10-31T09:13:00,,,,0,,,,,,,,,,,,,,
2020-10-31 11:00:00,932.1,18.0,72,0.2,0.0,2.9,85.0,0.0,,,,,,,,,,2020-10-31T10:03:00,,,,0,,,,,,,,,,,,,,
2020-10-31 12:00:00,931.1,18.7,68,0.4,60.0,1.5,49.0,0.0,,,,,,,,,,2020-10-31T11:24:00,,,,0,,,,,,,,,,,,,,
2020-10-31 13:00:00,929.9,19.6,66,0.6,20.0,2.0,338.0,0.0,,,,,,,,,,2020-10-31T12:32:00,,,,0,,,,,,,,,,,,,,
2020-10-31 14:00:00,929.4,19.3,67,0.8,81.0,2.8,106.0,0.0,,,,,,,,,,2020-10-31T13:21:00,,,,0,,,,,,,,,,,,,,
2020-10-31 15:00:00,929.3,18.7,68,0.9,74.0,4.3,50.0,0.0,,,,,,,,,,2020-10-31T14:03:00,,,,0,,,,,,,,,,,,,,
2020-10-31 16:00:00,929.7,18.4,80,0.0,0.0,3.3,80.0,0.0,,,,,,,,,,2020-10-31T15:10:00,,,,0,,,,,,,,,,,,,,
2020-10-31 17:00:00,930.1,17.5,81,0.7,221.0,1.3,209.0,0.0,,,,,,,,,,2020-10-31T16:51:00,,,,0,,,,,,,,,,,,,,
2020-10-31 18:00:00,930.4,16.8,82,1.2,243.0,3.3,296.0,0.0,,,,,,,,,,2020-10-31T17:42:00,,,,0,,,,,,,,,,,,,,
2020-10-31 19:00:00,931.4,16.2,89,1.0,205.0,2.3,316.0,0.0,,,,,,,,,,2020-10-31T18:01:00,,,,0,,,,,,,,,,,,,,
2020-10-31 20:00:00,931.9,16.2,90,0.3,217.0,1.4,218.0,0.0,,,,,,,,,,2020-10-31T19:16:00,,,,0,,,,,,,,,,,,,,
2020-10-31 21:00:00,932.0,16.4,85,1.1,257.0,3.9,288.0,0.0,,,,,,,,,,2020-10-31T20:43:00,,,,0,,,,,,,,,,,,,,
2020-10-31 22:00:00,931.3,16.5,80,1.3,264.0,4.7,297.0,0.0,,,,,,,,,,2020-10-31T21:11:00,,,,0,,,,,,,,,,,,,,
2020-10-31 23:00:00,930.8,17.0,72,1.9,280.0,5.6,311.0,0.0,,,,,,,,,,2020-10-31T22:15:00,,,,0,,,,,,,,,,,,,,
2020-11-01 00:00:00,930.5,15.9,77,1.4,289.0,5.4,311.0,0.0,,,,,,,,,,2020-10-31T23:34:00,,,,0,,,,,,,,,,,,,,
2020-11-01 01:00:00,930.2,15.0,82,1.5,221.0,3.7,232.0,0.0,,,,,,,,,,2020-11-01T00:32:00,,,,0,,,,,,,,,,,,,,
2020-11-01 02:00:00,929.6,15.0,79,1.1,227.0,4.0,320.0,0.0,,,,,,,,,,2020-11-01T01:21:00,,,,0,,,,,,,,,,,,,,
2020-11-01 03:00:00,929.8,12.9,92,1.8,221.0,2.8,208.0,0.0,,,,,,,,,,2020-11-01T02:32:00,,,,0,,,,,,,,,,,,,,
2020-11-01 04:00:00,930.0,14.0,84,1.3,268.0,4.7,236.0,0.0,,,,,,,,,,2020-11-01T03:48:00,,,,0,,,,,,,,,,,,,,
2020-11-01 05:00:00,929.9,13.4,88,1.3,220.0,3.9,323.0,0.0,,,,,,,,,,2020-11-01T04:01:00,,,,0,,,,,,,,,,,,,,
2020-11-01 06:00:00,930.5,13.3,88,1.5,223.0,2.9,230.0,0.0,,,,,,,,,,2020-11-01T05:55:00,,,,0,,,,,,,,,,,,,,
2020-11-01 07:00:00,930.5,15.9,75,2.1,297.0,6.2,311.0,0.0,,,,,,,,,,2020-11-01T06:49:00,,,,0,,,,,,,,,,,,,,
2020-11-01 08:00:00,930.9,17.9,69,2.0,303.0,5.4,335.0,0.0,,,,,,,,,,2020-11-01T07:52:00,,,,0,,,,,,,,,,,,,,
2020-11-01 09:00:00,930.5,21.4,60,0.9,304.0,5.5,322.0,0.0,,,,,,,,,,2020-11-01T08:34:00,,,,0,,,,,,,,,,,,,,
2020-11-01 10:00:00,930.1,24.3,49,0.7,73.0,3.2,332.0,0.0,,,,,,,,,,2020-11-01T09:06:00,,,,0,,,,,,,,,,,,,,
2020-11-01 11:00:00,929.4,25.0,49,1.1,94.0,4.3,107.0,0.0,,,,,,,,,,2020-11-01T10:46:00,,,,0,,,,,,,,,,,,,,
2020-11-01 12:00:00,928.4,25.8,48,0.9,14.0,4.4,147.0,0.0,,,,,,,,,,2020-11-01T11:50:00,,,,0,,,,,,,,,,,,,,
2020-11-01 13:00:00,927.6,26.5,47,0.7,60.0,4.9,8.0,0.0,,,,,,,,,,2020-11-01T12:34:00,,,,0,,,,,,,,,,,,,,
2020-11-01 14:00:00,927.0,25.0,51,1.9,96.0,6.8,89.0,0.0,,,,,,,,,,2020-11-01T13:57:00,,,,0,,,,,,,,,,,,,,
2020-11-01 15:00:00,926.8,25.3,57,0.8,137.0,4.7,16.0,0.0,,,,,,,,,,2020-11-01T14:46:00,,,,0,,,,,,,,,,,,,,
2020-11-01 16:00:00,926.9,22.9,69,0.5,144.0,5.7,95.0,0.0,,,,,,,,,,2020-11-01T15:24:00,,,,0,,,,,,,,,,,,,,
2020-11-01 17:00:00,927.4,20.7,79,0.8,120.0,4.1,233.0,0.0,,,,,,,,,,2020-11-01T16:23:00,,,,0,,,,,,,,,,,,,,
2020-11-01 18:00:00,928.1,20.1,84,1.1,156.0,2.8,73.0,0.0,,,,,,,,,,2020-11-01T17:11:00,,,,0,,,,,,,,,,,,,,
2020-11-01 19:00:00,928.8,19.5,85,0.4,124.0,2.7,53.0,0.0,,,,,,,,,,2020-11-01T18:02:00,,,,0,,,,,,,,,,,,,,
2020-11-01 20:00:00,929.5,19.3,83,0.8,163.0,2.8,156.0,0.0,,,,,,,,,,2020-11-01T19:47:00,,,,0,,,,,,,,,,,,,,
2020-11-01 21:00:00,929.5,18.8,86,0.9,243.0,2.2,296.0,0.0,,,,,,,,,,2020-11-01T20:55:00,,,,0,,,,,,,,,,,,,,
2020-11-01 22:00:00,929.2,18.8,89,0.3,218.0,2.0,269.0,0.0,,,,,,,,,,2020-11-01T21:20:00,,,,0,,,,,,,,,,,,,,
2020-11-01 23:00:00,929.0,18.6,90,0.9,221.0,1.7,226.0,0.0,,,,,,,,,,2020-11-01T22:24:00,,,,0,,,,,,,,,,,,,,
2020-11-02 00:00:00,928.7,17.5,89,1.8,208.0,2.5,214.0,0.0,,,,,,,,,,2020-11-01T23:55:00,,,,0,,,,,,,,,,,,,,
2020-11-02 01:00:00,928.4,16.7,93,1.5,209.0,2.6,203.0,0.0,,,,,,,,,,2020-11-02T00:21:00,,,,0,,,,,,,,,,,,,,
2020-11-02 02:00:00,928.1,16.3,91,1.2,217.0,2.5,193.0,0.0,,,,,,,,,,2020-11-02T01:08:00,,,,0,,,,,,,,,,,,,,
2020-11-02 03:00:00,928.3,15.3,92,2.0,207.0,2.6,201.0,0.0,,,,,,,,,,2020-11-02T02:53:00,,,,0,,,,,,,,,,,,,,
2020-11-02 04:00:00,928.3,15.1,90,1.1,221.0,2.6,200.0,0.0,,,,,,,,,,2020-11-02T03:01:00,,,,0,,,,,,,,,,,,,,
2020-11-02 05:00:00,928.5,14.5,92,1.7,216.0,2.4,203.0,0.0,,,,,,,,,,2020-11-02T04:05:00,,,,0,,,,,,,,,,,,,,
2020-11-02 06:00:00,928.6,14.9,87,0.9,215.0,2.5,246.0,0.0,,,,,,,,,,2020-11-02T05:43:00,,,,0,,,,,,,,,,,,,,
2020-11-02 07:00:00,929.1,16.3,78,1.3,280.0,4.7,281.0,0.0,,,,,,,,,,2020-11-02T06:53:00,,,,0,,,,,,,,,,,,,,
2020-11-02 08:00:00,929.4,19.0,73,0.5,101.0,2.5,77.0,0.0,,,,,,,,,,2020-11-02T07:04:00,,,,0,,,,,,,,,,,,,,
2020-11-02 09:00:00,929.3,21.4,61,0.4,352.0,2.8,126.0,0.0,,,,,,,,,,2020-11-02T08:15:00,,,,0,,,,,,,,,,,,,,
2020-11-02 10:00:00,928.0,23.1,53,1.3,100.0,2.8,90.0,0.0,,,,,,,,,,2020-11-02T09:51:00,,,,0,,,,,,,,,,,,,,
2020-11-02 11:00:00,927.3,23.5,60,0.7,119.0,3.6,28.0,0.0,,,,,,,,,,2020-11-02T10:26:00,,,,0,,,,,,,,,,,,,,
2020-11-02 12:00:00,927.0,23.5,66,3.0,93.0,7.4,86.0,0.0,,,,,,,,,,2020-11-02T11:54:00,,,,0,,,,,,,,,,,,,,
2020-11-02 13:00:00,927.4,22.5,69,1.8,96.0,8.3,89.0,0.0,,,,,,,,,,2020-11-02T12:02:00,,,,0,,,,,,,,,,,,,,
2020-11-02 14:00:00,926.7,23.3,68,1.2,43.0,5.1,19.0,0.0,,,,,,,,,,2020-11-02T13:09:00,,,,0,,,,,,,,,,,,,,
2020-11-02 15:00:00,926.3,22.3,70,0.8,103.0,3.6,121.0,0.0,,,,,,,,,,2020-11-02T14:31:00,,,,0,,,,,,,,,,,,,,
2020-11-02 16:00:00,925.4,21.1,77,1.0,163.0,3.1,80.0,0.0,,,,,,,,,,2020-11-02T15:28:00,,,,0,,,,,,,,,,,,,,
2020-11-02 17:00:00,926.2,19.9,80,1.0,174.0,3.4,179.0,0.0,,,,,,,,,,2020-11-02T16:40:00,,,,0,,,,,,,,,,,,,,
2020-11-02 18:00:00,927.1,19.0,80,1.2,172.0,2.4,194.0,0.0,,,,,,,,,,2020-11-02T17:26:00,,,,0,,,,,,,,,,,,,,
2020-11-02 19:00:00,928.6,19.2,77,0.5,209.0,3.0,119.0,0.0,,,,,,,,,,2020-11-02T18:45:00,,,,0,,,,,,,,,,,,,,
2020-11-02 20:00:00,928.8,18.4,84,0.8,207.0,1.9,168.0,0.0,,,,,,,,,,2020-11-02T19:11:00,,,,0,,,,,,,,,,,,,,
2020-11-02 21:00:00,928.8,18.8,83,0.8,280.0,2.8,290.0,0.0,,,,,,,,,,2020-11-02T20:54:00,,,,0,,,,,,,,,,,,,,
2020-11-02 22:00:00,928.7,17.8,90,0.8,212.0,1.5,302.0,0.0,,,,,,,,,,2020-11-02T21:01:00,,,,0,,,,,,,,,,,,,,
2020-11-02 23:00:00,928.6,16.2,93,1.4,202.0,2.1,209.0,0.0,,,,,,,,,,2020-11-02T22:45:00,,,,0,,,,,,,,,,,,,,
2020-11-03 00:00:00,928.6,15.5,94,2.0,204.0,2.7,202.0,0.0,,,,,,,,,,2020-11-02T23:37:00,,,,0,,,,,,,,,,,,,,
2020-11-03 01:00:00,928.1,14.9,94,1.5,220.0,2.4,200.0,0.0,,,,,,,,,,2020-11-03T00:32:00,,,,0,,,,,,,,,,,,,,
2020-11-03 02:00:00,928.0,14.3,94,0.8,202.0,2.7,214.0,0.0,,,,,,,,,,2020-11-03T01:07:00,,,,0,,,,,,,,,,,,,,
2020-11-03 03:00:00,928.2,15.3,86,0.7,213.0,3.0,271.0,0.0,,,,,,,,,,2020-11-03T02:39:00,,,,0,,,,,,,,,,,,,,
2020-11-03 04:00:00,928.1,13.9,92,1.3,218.0,3.0,206.0,0.0,,,,,,,,,,2020-11-03T03:20:00,,,,0,,,,,,,,,,,,,,
2020-11-03 05:00:00,928.5,13.4,94,1.5,212.0,2.7,224.0,0.0,,,,,,,,,,2020-11-03T04:09:00,,,,0,,,,,,,,,,,,,,
2020-11-03 06:00:00,928.9,13.2,94,1.3,200.0,2.8,216.0,0.0,,,,,,,,,,2020-11-03T05:18:00,,,,0,,,,,,,,,,,,,,
2020-11-03 07:00:00,929.6,15.1,87,0.6,239.0,2.1,229.0,0.0,,,,,,,,,,2020-11-03T06:10:00,,,,0,,,,,,,,,,,,,,
2020-11-03 08:00:00,929.6,18.4,75,0.5,40.0,3.4,331.0,0.0,,,,,,,,,,2020-11-03T07:12:00,,,,0,,,,,,,,,,,,,,
2020-11-03 09:00:00,930.0,20.5,64,1.2,79.0,3.9,81.0,0.0,,,,,,,,,,2020-11-03T08:59:00,,,,0,,,,,,,,,,,,,,
2020-11-03 10:00:00,929.6,22.0,61,1.4,55.0,3.8,113.0,0.0,,,,,,,,,,2020-11-03T09:48:00,,,,0,,,,,,,,,,,,,,
2020-11-03 11:00:00,928.6,22.3,68,2.0,113.0,4.9,84.0,0.0,,,,,,,,,,2020-11-03T10:04:00,,,,0,,,,,,,,,,,,,,
2020-11-03 12:00:00,928.0,21.2,74,1.0,124.0,5.7,88.0,0.0,,,,,,,,,,2020-11-03T11:19:00,,,,0,,,,,,,,,,,,,,
2020-11-03 13:00:00,927.2,20.5,73,2.4,110.0,5.7,81.0,0.0,,,,,,,,,,2020-11-03T12:33:00,,,,0,,,,,,,,,,,,,,
2020-11-03 14:00:00,926.9,19.8,75,1.5,107.0,6.1,95.0,0.0,,,,,,,,,,2020-11-03T13:24:00,,,,0,,,,,,,,,,,,,,
2020-11-03 15:00:00,927.8,17.7,81,0.9,104.0,5.6,129.0,0.0,,,,,,,,,,2020-11-03T14:04:00,,,,0,,,,,,,,,,,,,,
2020-11-03 16:00:00,928.6,17.1,82,0.6,153.0,3.1,95.0,0.0,,,,,,,,,,2020-11-03T15:06:00,,,,0,,,,,,,,,,,,,,
2020-11-03 17:00:00,929.6,16.2,88,1.1,178.0,3.1,93.0,0.0,,,,,,,,,,2020-11-03T16:01:00,,,,0,,,,,,,,,,,,,,
2020-11-03 18:00:00,930.0,16.2,89,0.2,0.0,1.4,201.0,0.0,,,,,,,,,,2020-11-03T17:02:00,,,,0,,,,,,,,,,,,,,
2020-11-03 19:00:00,930.8,16.1,88,0.4,157.0,1.5,94.0,0.0,,,,,,,,,,2020-11-03T18:14:00,,,,0,,,,,,,,,,,,,,
2020-11-03 20:00:00,931.6,16.2,80,1.0,116.0,2.5,75.0,0.0,,,,,,,,,,2020-11-03T19:56:00,,,,0,,,,,,,,,,,,,,
2020-11-03 21:00:00,931.7,15.2,89,1.1,211.0,2.3,119.0,0.0,,,,,,,,,,2020-11-03T20:05:00,,,,0,,,,,,,,,,,,,,
2020-11-03 22:00:00,931.5,14.9,92,0.6,247.0,1.4,219.0,0.0,,,,,,,,,,2020-11-03T21:01:00,,,,0,,,,,,,,,,,,,,
2020-11-03 23:00:00,931.4,14.9,94,0.3,240.0,0.8,187.0,0.0,,,,,,,,,,2020-11-03T22:25:00,,,,0,,,,,,,,,,,,,,
2020-11-04 00:00:00,931.3,14.7,96,0.0,0.0,1.4,202.0,0.0,,,,,,,,,,2020-11-03T23:28:00,,,,0,,,,,,,,,,,,,,
2020-11-04 01:00:00,930.6,14.7,95,0.2,0.0,1.1,271.0,0.0,,,,,,,,,,2020-11-04T00:44:00,,,,0,,,,,,,,,,,,,,
2020-11-04 02:00:00,930.4,14.8,94,0.9,227.0,1.5,222.0,0.0,,,,,,,,,,2020-11-04T01:57:00,,,,0,,,,,,,,,,,,,,
2020-11-04 03:00:00,930.4,14.9,92,0.4,228.0,2.2,238.0,0.0,,,,,,,,,,2020-11-04T02:16:00,,,,0,,,,,,,,,,,,,,
2020-11-04 04:00:00,930.3,14.9,93,0.7,140.0,2.2,145.0,0.0,,,,,,,,,,2020-11-04T03:57:00,,,,0,,,,,,,,,,,,,,
2020-11-04 05:00:00,930.4,14.5,93,1.0,160.0,1.9,237.0,0.0,,,,,,,,,,2020-11-04T04:35:00,,,,0,,,,,,,,,,,,,,
2020-11-04 06:00:00,931.1,14.4,96,0.4,187.0,1.7,204.0,0.0,,,,,,,,,,2020-11-04T05:13:00,,,,0,,,,,,,,,,,,,,
2020-11-04 07:00:00,931.7,15.1,94,0.0,0.0,1.5,111.0,0.0,,,,,,,,,,2020-11-04T06:26:00,,,,0,,,,,,,,,,,,,,
2020-11-04 08:00:00,931.7,16.2,88,0.1,0.0,0.9,333.0,0.0,,,,,,,,,,2020-11-04T07:27:00,,,,0,,,,,,,,,,,,,,
2020-11-04 09:00:00,931.9,17.4,84,0.7,36.0,2.1,51.0,0.0,,,,,,,,,,2020-11-04T08:27:00,,,,0,,,,,,,,,,,,,,
2020-11-04 10:00:00,931.9,17.8,76,1.0,84.0,3.3,95.0,0.0,,,,,,,,,,2020-11-04T09:49:00,,,,0,,,,,,,,,,,,,,
2020-11-04 11:00:00,930.9,18.6,73,1.1,78.0,3.8,102.0,0.0,,,,,,,,,,2020-11-04T10:47:00,,,,0,,,,,,,,,,,,,,
2020-11-04 12:00:00,930.5,17.7,79,1.8,59.0,5.8,59.0,0.0,,,,,,,,,,2020-11-04T11:52:00,,,,0,,,,,,,,,,,,,,
2020-11-04 13:00:00,930.0,18.0,75,0.7,43.0,4.9,118.0,0.0,,,,,,,,,,2020-11-04T12:03:00,,,,0,,,,,,,,,,,,,,
2020-11-04 14:00:00,929.1,18.3,72,0.5,73.0,2.6,60.0,0.0,,,,,,,,,,2020-11-04T13:09:00,,,,0,,,,,,,,,,,,,,
2020-11-04 15:00:00,929.0,17.7,74,1.3,109.0,3.4,134.0,0.0,,,,,,,,,,2020-11-04T14:55:00,,,,0,,,,,,,,,,,,,,
2020-11-04 16:00:00,929.7,17.2,78,1.0,137.0,2.7,98.0,0.0,,,,,,,,,,2020-11-04T15:38:00,,,,0,,,,,,,,,,,,,,
2020-11-04 17:00:00,929.9,16.7,81,0.5,156.0,1.8,123.0,0.0,,,,,,,,,,2020-11-04T16:41:00,,,,0,,,,,,,,,,,,,,
2020-11-04 18:00:00,930.1,15.6,88,0.9,186.0,1.5,174.0,0.0,,,,,,,,,,2020-11-04T17:59:00,,,,0,,,,,,,,,,,,,,
2020-11-04 19:00:00,931.2,15.6,86,0.0,0.0,3.5,142.0,0.0,,,,,,,,,,2020-11-04T18:14:00,,,,0,,,,,,,,,,,,,,
2020-11-04 20:00:00,932.0,15.6,87,0.3,165.0,1.3,208.0,0.0,,,,,,,,,,2020-11-04T19:31:00,,,,0,,,,,,,,,,,,,,
2020-11-04 21:00:00,931.8,15.8,88,0.2,0.0,1.1,209.0,0.0,,,,,,,,,,2020-11-04T20:44:00,,,,0,,,,,,,,,,,,,,
2020-11-04 22:00:00,932.0,15.5,91,0.6,175.0,1.4,90.0,0.0,,,,,,,,,,2020-11-04T21:25:00,,,,0,,,,,,,,,,,,,,
2020-11-04 23:00:00,931.7,15.4,92,0.6,210.0,1.3,224.0,0.0,,,,,,,,,,2020-11-04T22:25:00,,,,0,,,,,,,,,,,,,,
2020-11-05 00:00:00,931.6,15.5,88,1.0,130.0,2.5,102.0,0.0,,,,,,,,,,2020-11-04T23:45:00,,,,0,,,,,,,,,,,,,,
2020-11-05 01:00:00,930.4,15.3,91,0.2,0.0,1.3,236.0,0.0,,,,,,,,,,2020-11-05T00:16:00,,,,0,,,,,,,,,,,,,,
2020-11-05 02:00:00,929.8,14.9,93,0.5,191.0,1.7,203.0,0.0,,,,,,,,,,2020-11-05T01:47:00,,,,0,,,,,,,,,,,,,,
2020-11-05 03:00:00,929.9,14.0,95,0.7,224.0,1.6,201.0,0.0,,,,,,,,,,2020-11-05T02:07:00,,,,0,,,,,,,,,,,,,,
2020-11-05 04:00:00,930.0,13.6,97,1.0,201.0,2.2,211.0,0.0,,,,,,,,,,2020-11-05T03:35:00,,,,0,,,,,,,,,,,,,,
2020-11-05 05:00:00,929.9,13.2,94,1.5,208.0,2.2,204.0,0.0,,,,,,,,,,2020-11-05T04:54:00,,,,0,,,,,,,,,,,,,,
2020-11-05 06:00:00,931.0,12.7,97,1.5,214.0,2.0,216.0,0.0,,,,,,,,,,2020-11-05T05:02:00,,,,0,,,,,,,,,,,,,,
2020-11-05 07:00:00,931.6,13.7,94,0.8,187.0,2.1,230.0,0.0,,,,,,,,,,2020-11-05T06:08:00,,,,0,,,,,,,,,,,,,,
2020-11-05 08:00:00,932.2,17.5,78,0.6,332.0,1.7,334.0,0.0,,,,,,,,,,2020-11-05T07:52:00,,,,0,,,,,,,,,,,,,,
2020-11-05 09:00:00,931.7,20.5,62,0.7,347.0,3.7,281.0,0.0,,,,,,,,,,2020-11-05T08:37:00,,,,0,,,,,,,,,,,,,,
2020-11-05 10:00:00,931.2,22.5,55,0.5,54.0,1.9,90.0,0.0,,,,,,,,,,2020-11-05T09:59:00,,,,0,,,,,,,,,,,,,,
2020-11-05 11:00:00,930.3,23.3,55,1.1,50.0,4.0,105.0,0.0,,,,,,,,,,2020-11-05T11:00:00,,,,0,,,,,,,,,,,,,,
2020-11-05 12:00:00,929.4,23.7,55,1.6,64.0,4.2,78.0,0.0,,,,,,,,,,2020-11-05T11:20:00,,,,0,,,,,,,,,,,,,,
2020-11-05 13:00:00,928.6,24.1,55,1.3,48.0,5.2,75.0,0.0,,,,,,,,,,2020-11-05T12:22:00,,,,0,,,,,,,,,,,,,,
2020-11-05 14:00:00,927.9,24.2,57,0.8,97.0,3.5,84.0,0.0,,,,,,,,,,2020-11-05T13:10:00,,,,0,,,,,,,,,,,,,,
2020-11-05 15:00:00,927.4,23.2,64,0.6,133.0,5.4,81.0,0.0,,,,,,,,,,2020-11-05T14:29:00,,,,0,,,,,,,,,,,,,,
2020-11-05 16:00:00,928.1,20.7,75,1.6,137.0,5.5,135.0,0.0,,,,,,,,,,2020-11-05T15:32:00,,,,0,,,,,,,,,,,,,,
2020-11-05 17:00:00,928.5,19.4,82,1.1,188.0,3.3,151.0,0.0,,,,,,,,,,2020-11-05T16:03:00,,,,0,,,,,,,,,,,,,,
2020-11-05 18:00:00,928.7,17.6,89,1.7,213.0,2.6,137.0,0.0,,,,,,,,,,2020-11-05T17:14:00,,,,0,,,,,,,,,,,,,,
2020-11-05 19:00:00,929.7,17.3,91,1.6,227.0,2.4,193.0,0.0,,,,,,,,,,2020-11-05T18:02:00,,,,0,,,,,,,,,,,,,,
2020-11-05 20:00:00,930.2,17.3,93,1.3,198.0,2.4,225.0,0.0,,,,,,,,,,2020-11-05T19:01:00,,,,0,,,,,,,,,,,,,,
2020-11-05 21:00:00,930.0,18.4,87,0.8,275.0,2.7,349.0,0.0,,,,,,,,,,2020-11-05T20:58:00,,,,0,,,,,,,,,,,,,,
2020-11-05 22:00:00,930.2,17.8,91,0.5,173.0,2.3,286.0,0.0,,,,,,,,,,2020-11-05T21:07:00,,,,0,,,,,,,,,,,,,,
2020-11-05 23:00:00,930.1,18.5,86,0.4,178.0,4.1,252.0,0.0,,,,,,,,,,2020-11-05T22:29:00,,,,0,,,,,,,,,,,,,,
2020-11-06 00:00:00,929.8,18.5,85,0.5,237.0,2.9,199.0,0.0,,,,,,,,,,2020-11-05T23:10:00,,,,0,,,,,,,,,,,,,,
2020-11-06 01:00:00,928.6,21.0,68,1.8,281.0,5.4,308.0,0.0,,,,,,,,,,2020-11-06T00:50:00,,,,0,,,,,,,,,,,,,,
2020-11-06 02:00:00,928.0,19.4,79,0.8,223.0,3.5,327.0,0.0,,,,,,,,,,2020-11-06T01:02:00,,,,0,,,,,,,,,,,,,,
2020-11-06 03:00:00,928.1,19.1,82,1.1,222.0,2.1,219.0,0.0,,,,,,,,,,2020-11-06T02:24:00,,,,0,,,,,,,,,,,,,,
2020-11-06 04:00:00,927.7,19.7,79,0.9,206.0,3.9,297.0,0.0,,,,,,,,,,2020-11-06T03:43:00,,,,0,,,,,,,,,,,,,,
2020-11-06 05:00:00,927.5,20.0,79,1.2,248.0,3.9,267.0,0.0,,,,,,,,,,2020-11-06T04:08:00,,,,0,,,,,,,,,,,,,,
2020-11-06 06:00:00,928.1,19.1,87,1.9,217.0,2.5,226.0,0.0,,,,,,,,,,2020-11-06T05:17:00,,,,0,,,,,,,,,,,,,,
2020-11-06 07:00:00,929.2,18.7,92,0.9,256.0,2.5,154.0,0.5,,,,,,,,,,2020-11-06T06:48:00,,,,0,,,,,,,,,,,,,,
2020-11-06 08:00:00,929.9,18.6,96,0.7,201.0,4.0,293.0,3.0,,,,,,,,,,2020-11-06T07:41:00,,,,0,,,,,,,,,,,,,,
2020-11-06 09:00:00,930.5,19.6,97,0.4,75.0,2.1,19.0,0.5,,,,,,,,,,2020-11-06T08:49:00,,,,0,,,,,,,,,,,,,,
2020-11-06 10:00:00,930.1,21.4,89,0.2,0.0,2.1,103.0,0.0,,,,,,,,,,2020-11-06T09:39:00,,,,0,,,,,,,,,,,,,,
2020-11-06 11:00:00,929.1,24.2,80,0.7,117.0,2.8,31.0,0.0,,,,,,,,,,2020-11-06T10:42:00,,,,0,,,,,,,,,,,,,,
2020-11-06 12:00:00,928.2,22.8,88,0.9,123.0,4.6,57.0,0.0,,,,,,,,,,2020-11-06T11:33:00,,,,0,,,,,,,,,,,,,,
2020-11-06 13:00:00,927.7,22.4,91,1.1,134.0,4.6,112.0,0.0,,,,,,,,,,2020-11-06T12:11:00,,,,0,,,,,,,,,,,,,,
2020-11-06 14:00:00,927.1,21.6,98,0.8,261.0,2.3,105.0,1.5,,,,,,,,,,2020-11-06T13:06:00,,,,0,,,,,,,,,,,,,,
2020-11-06 15:00:00,926.7,21.4,97,1.1,98.0,2.5,318.0,1.0,,,,,,,,,,2020-11-06T14:13:00,,,,0,,,,,,,,,,,,,,
2020-11-06 16:00:00,927.0,20.9,99,1.0,129.0,3.9,145.0,5.0,,,,,,,,,,2020-11-06T15:55:00,,,,0,,,,,,,,,,,,,,
2020-11-06 17:00:00,927.2,20.6,95,1.1,198.0,6.3,157.0,4.5,,,,,,,,,,2020-11-06T16:31:00,,,,0,,,,,,,,,,,,,,
2020-11-06 18:00:00,927.2,20.2,97,1.4,188.0,3.9,228.0,3.0,,,,,,,,,,2020-11-06T18:00:00,,,,0,,,,,,,,,,,,,,
2020-11-06 19:00:00,928.7,19.5,-9991,0.4,143.0,5.5,175.0,28.5,,,,,,,,,,2020-11-06T18:18:00,,,,0,,,,,,,,,,,,,,
2020-11-06 20:00:00,929.3,19.9,-9991,2.0,142.0,4.5,153.0,16.0,,,,,,,,,,2020-11-06T19:59:00,,,,0,,,,,,,,,,,,,,
2020-11-06 21:00:00,928.9,20.1,99,0.9,142.0,3.7,163.0,1.5,,,,,,,,,,2020-11-06T20:23:00,,,,0,,,,,,,,,,,,,,
2020-11-06 22:00:00,929.6,20.0,-9991,1.0,112.0,3.6,183.0,7.5,,,,,,,,,,2020-11-06T21:26:00,,,,0,,,,,,,,,,,,,,
2020-11-06 23:00:00,929.7,20.2,-9991,2.3,141.0,4.8,175.0,7.5,,,,,,,,,,2020-11-06T22:46:00,,,,0,,,,,,,,,,,,,,
2020-11-07 00:00:00,929.9,20.5,98,0.9,124.0,4.6,103.0,0.0,,,,,,,,,,2020-11-06T23:04:00,,,,0,,,,,,,,,,,,,,
2020-11-07 01:00:00,929.6,20.1,-9991,0.4,271.0,0.9,225.0,0.0,,,,,,,,,,2020-11-07T00:02:00,,,,0,,,,,,,,,,,,,,
2020-11-07 02:00:00,929.3,19.9,-9991,0.3,231.0,1.1,214.0,0.0,,,,,,,,,,2020-11-07T01:05:00,,,,0,,,,,,,,,,,,,,
2020-11-07 03:00:00,929.5,19.8,-9991,0.3,252.0,1.7,226.0,0.0,,,,,,,,,,2020-11-07T02:12:00,,,,0,,,,,,,,,,,,,,
2020-11-07 04:00:00,929.6,19.8,-9991,0.4,232.0,1.5,215.0,0.0,,,,,,,,,,2020-11-07T03:06:00,,,,0,,,,,,,,,,,,,,
2020-11-07 05:00:00,929.7,19.6,99,0.0,0.0,2.6,330.0,0.0,,,,,,,,,,2020-11-07T04:31:00,,,,0,,,,,,,,,,,,,,
2020-11-07 06:00:00,929.9,19.2,97,0.6,193.0,2.6,205.0,0.0,,,,,,,,,,2020-11-07T05:35:00,,,,0,,,,,,,,,,,,,,
2020-11-07 07:00:00,930.2,19.9,95,0.8,251.0,1.8,265.0,0.0,,,,,,,,,,2020-11-07T06:56:00,,,,0,,,,,,,,,,,,,,
2020-11-07 08:00:00,930.6,20.8,94,0.2,0.0,1.3,250.0,0.0,,,,,,,,,,2020-11-07T07:01:00,,,,0,,,,,,,,,,,,,,
2020-11-07 09:00:00,930.6,24.5,79,0.6,80.0,1.7,103.0,0.5,,,,,,,,,,2020-11-07T09:00:00,,,,0,,,,,,,,,,,,,,
2020-11-07 10:00:00,930.3,25.7,71,0.5,29.0,3.1,80.0,0.0,,,,,,,,,,2020-11-07T09:13:00,,,,0,,,,,,,,,,,,,,
2020-11-07 11:00:00,929.6,25.0,74,0.9,77.0,4.5,15.0,0.0,,,,,,,,,,2020-11-07T10:32:00,,,,0,,,,,,,,,,,,,,
2020-11-07 12:00:00,929.0,25.7,71,0.9,4.0,6.1,88.0,0.0,,,,,,,,,,2020-11-07T11:24:00,,,,0,,,,,,,,,,,,,,
2020-11-07 13:00:00,928.3,25.2,72,1.1,297.0,4.9,265.0,0.0,,,,,,,,,,2020-11-07T12:46:00,,,,0,,,,,,,,,,,,,,
2020-11-07 14:00:00,927.7,24.2,75,1.2,233.0,4.7,198.0,0.0,,,,,,,,,,2020-11-07T13:28:00,,,,0,,,,,,,,,,,,,,
2020-11-07 15:00:00,928.1,23.6,81,0.6,206.0,5.6,62.0,0.0,,,,,,,,,,2020-11-07T14:39:00,,,,0,,,,,,,,,,,,,,
2020-11-07 16:00:00,928.6,21.7,95,1.2,146.0,3.8,82.0,0.5,,,,,,,,,,2020-11-07T15:12:00,,,,0,,,,,,,,,,,,,,
2020-11-07 17:00:00,929.6,21.2,96,1.7,150.0,4.1,89.0,0.0,,,,,,,,,,2020-11-07T16:13:00,,,,0,,,,,,,,,,,,,,
2020-11-07 18:00:00,930.2,20.6,98,1.2,198.0,2.5,147.0,0.0,,,,,,,,,,2020-11-07T17:17:00,,,,0,,,,,,,,,,,,,,
2020-11-07 19:00:00,930.6,20.1,98,0.6,219.0,1.7,221.0,0.0,,,,,,,,,,2020-11-07T18:29:00,,,,0,,,,,,,,,,,,,,
2020-11-07 20:00:00,930.8,20.1,99,0.2,0.0,1.1,257.0,0.0,,,,,,,,,,2020-11-07T19:20:00,,,,0,,,,,,,,,,,,,,
2020-11-07 21:00:00,930.5,19.7,99,0.8,208.0,1.9,203.0,0.0,,,,,,,,,,2020-11-07T20:20:00,,,,0,,,,,,,,,,,,,,
2020-11-07 22:00:00,930.1,18.8,97,1.7,223.0,2.4,231.0,0.0,,,,,,,,,,2020-11-07T21:57:00,,,,0,,,,,,,,,,,,,,
2020-11-07 23:00:00,930.2,18.0,99,1.3,211.0,2.2,200.0,0.0,,,,,,,,,,2020-11-07T22:44:00,,,,0,,,,,,,,,,,,,,
2020-11-08 00:00:00,930.0,17.7,98,0.7,218.0,2.2,205.0,0.0,,,,,,,,,,2020-11-07T23:05:00,,,,0,,,,,,,,,,,,,,
2020-11-08 01:00:00,929.7,17.7,98,1.4,210.0,2.1,205.0,0.0,,,,,,,,,,2020-11-08T00:53:00,,,,0,,,,,,,,,,,,,,
2020-11-08 02:00:00,929.9,17.3,99,1.5,211.0,2.0,218.0,0.0,,,,,,,,,,2020-11-08T01:52:00,,,,0,,,,,,,,,,,,,,
2020-11-08 03:00:00,929.8,17.4,97,1.3,209.0,2.2,197.0,0.0,,,,,,,,,,2020-11-08T02:15:00,,,,0,,,,,,,,,,,,,,
2020-11-08 04:00:00,929.8,17.2,97,1.0,217.0,2.1,217.0,0.0,,,,,,,,,,2020-11-08T03:24:00,,,,0,,,,,,,,,,,,,,
2020-11-08 05:00:00,930.0,17.1,97,1.2,227.0,2.2,203.0,0.0,,,,,,,,,,2020-11-08T04:28:00,,,,0,,,,,,,,,,,,,,
2020-11-08 06:00:00,930.4,16.8,97,1.2,209.0,2.5,220.0,0.0,,,,,,,,,,2020-11-08T05:04:00,,,,0,,,,,,,,,,,,,,
2020-11-08 07:00:00,931.2,17.5,97,0.8,249.0,1.8,211.0,0.0,,,,,,,,,,2020-11-08T06:17:00,,,,0,,,,,,,,,,,,,,
2020-11-08 08:00:00,931.7,19.1,95,0.1,0.0,1.8,85.0,0.0,,,,,,,,,,2020-11-08T07:46:00,,,,0,,,,,,,,,,,,,,
2020-11-08 09:00:00,931.9,21.4,77,0.1,0.0,1.1,42.0,0.0,,,,,,,,,,2020-11-08T08:27:00,,,,0,,,,,,,,,,,,,,
2020-11-08 10:00:00,931.3,23.2,71,2.1,100.0,4.0,98.0,0.0,,,,,,,,,,2020-11-08T09:55:00,,,,0,,,,,,,,,,,,,,
2020-11-08 11:00:00,930.2,23.9,77,1.1,78.0,4.1,114.0,0.0,,,,,,,,,,2020-11-08T10:02:00,,,,0,,,,,,,,,,,,,,
2020-11-08 12:00:00,929.9,23.7,78,0.9,77.0,4.8,103.0,0.0,,,,,,,,,,2020-11-08T11:07:00,,,,0,,,,,,,,,,,,,,
2020-11-08 13:00:00,929.1,23.9,78,1.6,118.0,4.4,107.0,0.0,,,,,,,,,,2020-11-08T12:10:00,,,,0,,,,,,,,,,,,,,
2020-11-08 14:00:00,929.1,22.4,83,1.1,72.0,7.7,91.0,0.0,,,,,,,,,,2020-11-08T13:38:00,,,,0,,,,,,,,,,,,,,
2020-11-08 15:00:00,929.4,21.2,88,1.2,104.0,6.4,78.0,0.0,,,,,,,,,,2020-11-08T14:21:00,,,,0,,,,,,,,,,,,,,
2020-11-08 16:00:00,929.7,19.7,93,1.4,80.0,4.8,71.0,0.0,,,,,,,,,,2020-11-08T15:51:00,,,,0,,,,,,,,,,,,,,
2020-11-08 17:00:00,930.6,19.1,94,0.6,121.0,4.0,47.0,0.0,,,,,,,,,,2020-11-08T16:12:00,,,,0,,,,,,,,,,,,,,
2020-11-08 18:00:00,930.7,18.8,95,0.6,155.0,2.5,144.0,0.0,,,,,,,,,,2020-11-08T17:18:00,,,,0,,,,,,,,,,,,,,
2020-11-08 19:00:00,931.5,17.7,99,1.1,100.0,3.6,104.0,0.0,,,,,,,,,,2020-11-08T18:26:00,,,,0,,,,,,,,,,,,,,
2020-11-08 20:00:00,932.2,17.6,-9991,1.0,112.0,2.7,81.0,0.0,,,,,,,,,,2020-11-08T19:37:00,,,,0,,,,,,,,,,,,,,
2020-11-08 21:00:00,932.1,17.7,97,0.7,129.0,2.3,128.0,0.0,,,,,,,,,,2020-11-08T20:28:00,,,,0,,,,,,,,,,,,,,
2020-11-08 22:00:00,932.1,17.6,99,0.1,0.0,0.8,138.0,0.0,,,,,,,,,,2020-11-08T21:02:00,,,,0,,,,,,,,,,,,,,
2020-11-08 23:00:00,931.5,17.6,-9991,0.0,0.0,1.9,145.0,0.0,,,,,,,,,,2020-11-08T22:20:00,,,,0,,,,,,,,,,,,,,
2020-11-09 00:00:00,931.0,17.4,-9991,0.0,0.0,0.7,187.0,0.0,,,,,,,,,,2020-11-08T23:11:00,,,,0,,,,,,,,,,,,,,
2020-11-09 01:00:00,930.9,17.2,-9991,0.1,0.0,0.6,174.0,0.0,,,,,,,,,,2020-11-09T00:50:00,,,,0,,,,,,,,,,,,,,
2020-11-09 02:00:00,930.5,17.3,-9991,0.0,0.0,0.8,294.0,0.0,,,,,,,,,,2020-11-09T01:14:00,,,,0,,,,,,,,,,,,,,
2020-11-09 03:00:00,930.2,17.3,-9991,0.0,0.0,0.6,15.0,1.5,,,,,,,,,,2020-11-09T02:06:00,,,,0,,,,,,,,,,,,,,
2020-11-09 04:00:00,929.9,16.9,-9991,1.7,133.0,3.5,107.0,0.5,,,,,,,,,,2020-11-09T03:56:00,,,,0,,,,,,,,,,,,,,
2020-11-09 05:00:00,930.2,16.7,-9991,0.6,139.0,3.7,166.0,1.0,,,,,,,,,,2020-11-09T04:16:00,,,,0,,,,,,,,,,,,,,
2020-11-09 06:00:00,930.8,16.4,-9991,0.8,116.0,2.7,132.0,4.5,,,,,,,,,,2020-11-09T05:23:00,,,,0,,,,,,,,,,,,,,
2020-11-09 07:00:00,931.4,16.4,99,0.6,135.0,1.7,121.0,1.5,,,,,,,,,,2020-11-09T06:28:00,,,,0,,,,,,,,,,,,,,
2020-11-09 08:00:00,931.9,16.7,-9991,0.1,0.0,1.3,89.0,0.5,,,,,,,,,,2020-11-09T07:43:00,,,,0,,,,,,,,,,,,,,
2020-11-09 09:00:00,932.1,16.8,-9991,0.2,0.0,1.1,81.0,0.0,,,,,,,,,,2020-11-09T08:40:00,,,,0,,,,,,,,,,,,,,
2020-11-09 10:00:00,932.0,17.0,98,0.3,81.0,2.0,98.0,0.0,,,,,,,,,,2020-11-09T09:19:00,,,,0,,,,,,,,,,,,,,
2020-11-09 11:00:00,931.9,16.7,97,1.3,107.0,3.1,89.0,0.0,,,,,,,,,,2020-11-09T10:56:00,,,,0,,,,,,,,,,,,,,
2020-11-09 12:00:00,931.6,16.5,99,0.5,93.0,3.6,90.0,0.5,,,,,,,,,,2020-11-09T11:10:00,,,,0,,,,,,,,,,,,,,
2020-11-09 13:00:00,930.8,16.8,96,0.8,142.0,1.9,161.0,0.0,,,,,,,,,,2020-11-09T12:56:00,,,,0,,,,,,,,,,,,,,
2020-11-09 14:00:00,930.5,16.7,94,0.8,151.0,2.1,172.0,0.0,,,,,,,,,,2020-11-09T13:58:00,,,,0,,,,,,,,,,,,,,
2020-11-09 15:00:00,930.7,16.4,96,0.7,137.0,2.5,36.0,0.0,,,,,,,,,,2020-11-09T14:21:00,,,,0,,,,,,,,,,,,,,
2020-11-09 16:00:00,930.9,16.3,97,0.3,65.0,1.3,122.0,0.0,,,,,,,,,,2020-11-09T15:02:00,,,,0,,,,,,,,,,,,,,
2020-11-09 17:00:00,931.3,16.1,-9991,0.5,327.0,1.9,119.0,0.5,,,,,,,,,,2020-11-09T16:13:00,,,,0,,,,,,,,,,,,,,
2020-11-09 18:00:00,931.6,15.7,-9991,0.9,136.0,1.9,125.0,0.0,,,,,,,,,,2020-11-09T17:54:00,,,,0,,,,,,,,,,,,,,
2020-11-09 19:00:00,931.9,15.3,-9991,1.6,133.0,3.5,112.0,0.0,,,,,,,,,,2020-11-09T18:49:00,,,,0,,,,,,,,,,,,,,
2020-11-09 20:00:00,932.7,15.2,98,0.9,134.0,3.0,126.0,0.0,,,,,,,,,,2020-11-09T19:11:00,,,,0,,,,,,,,,,,,,,
2020-11-09 21:00:00,932.7,15.2,98,0.8,142.0,3.6,132.0,0.0,,,,,,,,,,2020-11-09T20:03:00,,,,0,,,,,,,,,,,,,,
2020-11-09 22:00:00,932.8,15.2,99,0.4,222.0,2.1,117.0,0.0,,,,,,,,,,2020-11-09T21:03:00,,,,0,,,,,,,,,,,,,,
2020-11-09 23:00:00,932.3,15.1,-9991,0.1,0.0,1.5,196.0,0.0,,,,,,,,,,2020-11-09T22:03:00,,,,0,,,,,,,,,,,,,,
2020-11-10 00:00:00,931.8,15.2,-9991,0.0,0.0,0.5,296.0,0.0,,,,,,,,,,2020-11-09T23:43:00,,,,0,,,,,,,,,,,,,,
2020-11-10 01:00:00,931.9,15.3,-9991,0.0,0.0,1.3,99.0,0.0,,,,,,,,,,2020-11-10T00:38:00,,,,0,,,,,,,,,,,,,,
2020-11-10 02:00:00,931.7,15.2,-9991,0.1,0.0,1.7,116.0,0.0,,,,,,,,,,2020-11-10T01:31:00,,,,0,,,,,,,,,,,,,,
2020-11-10 03:00:00,931.5,15.1,-9991,0.4,269.0,1.0,274.0,0.0,,,,,,,,,,2020-11-10T02:54:00,,,,0,,,,,,,,,,,,,,
2020-11-10 04:00:00,931.3,15.3,-9991,0.6,159.0,1.1,152.0,0.0,,,,,,,,,,2020-11-10T03:57:00,,,,0,,,,,,,,,,,,,,
2020-11-10 05:00:00,931.5,15.2,-9991,0.0,0.0,0.9,137.0,0.0,,,,,,,,,,2020-11-10T04:01:00,,,,0,,,,,,,,,,,,,,
2020-11-10 06:00:00,932.2,15.2,-9991,0.4,297.0,1.0,332.0,0.0,,,,,,,,,,2020-11-10T05:57:00,,,,0,,,,,,,,,,,,,,
2020-11-10 07:00:00,932.7,15.4,-9991,0.1,0.0,1.1,104.0,0.0,,,,,,,,,,2020-11-10T06:24:00,,,,0,,,,,,,,,,,,,,
2020-11-10 08:00:00,933.2,16.1,-9991,0.2,0.0,0.6,352.0,0.0,,,,,,,,,,2020-11-10T07:56:00,,,,0,,,,,,,,,,,,,,
2020-11-10 09:00:00,933.8,16.7,99,0.3,94.0,1.3,346.0,0.5,,,,,,,,,,2020-11-10T08:14:00,,,,0,,,,,,,,,,,,,,
2020-11-10 10:00:00,933.5,17.3,99,0.5,37.0,1.3,93.0,0.0,,,,,,,,,,2020-11-10T09:10:00,,,,0,,,,,,,,,,,,,,
2020-11-10 11:00:00,932.8,18.3,95,0.9,94.0,1.8,88.0,0.0,,,,,,,,,,2020-11-10T10:35:00,,,,0,,,,,,,,,,,,,,
2020-11-10 12:00:00,932.4,18.3,93,1.0,83.0,4.2,130.0,0.0,,,,,,,,,,2020-11-10T11:22:00,,,,0,,,,,,,,,,,,,,
2020-11-10 13:00:00,931.8,18.5,89,0.5,74.0,3.0,71.0,0.0,,,,,,,,,,2020-11-10T12:36:00,,,,0,,,,,,,,,,,,,,
2020-11-10 14:00:00,931.7,18.4,87,0.7,115.0,3.9,84.0,0.0,,,,,,,,,,2020-11-10T13:35:00,,,,0,,,,,,,,,,,,,,
2020-11-10 15:00:00,931.9,18.2,90,0.4,104.0,3.4,93.0,0.0,,,,,,,,,,2020-11-10T14:21:00,,,,0,,,,,,,,,,,,,,
2020-11-10 16:00:00,932.1,17.6,95,0.2,0.0,3.2,134.0,0.0,,,,,,,,,,2020-11-10T15:27:00,,,,0,,,,,,,,,,,,,,
2020-11-10 17:00:00,932.6,16.9,97,0.4,130.0,1.9,143.0,0.5,,,,,,,,,,2020-11-10T16:57:00,,,,0,,,,,,,,,,,,,,
2020-11-10 18:00:00,933.0,16.4,99,0.8,132.0,2.3,120.0,0.0,,,,,,,,,,2020-11-10T17:38:00,,,,0,,,,,,,,,,,,,,
2020-11-10 19:00:00,933.5,16.3,99,1.0,132.0,2.3,123.0,0.0,,,,,,,,,,2020-11-10T18:58:00,,,,0,,,,,,,,,,,,,,
2020-11-10 20:00:00,934.0,16.4,96,1.0,160.0,3.0,93.0,0.0,,,,,,,,,,2020-11-10T19:09:00,,,,0,,,,,,,,,,,,,,
2020-11-10 21:00:00,934.2,16.2,99,0.0,0.0,1.1,172.0,0.0,,,,,,,,,,2020-11-10T20:02:00,,,,0,,,,,,,,,,,,,,
2020-11-10 22:00:00,934.3,16.2,-9991,0.0,0.0,0.8,304.0,0.0,,,,,,,,,,2020-11-10T21:01:00,,,,0,,,,,,,,,,,,,,
2020-11-10 23:00:00,933.9,15.9,-9991,0.5,238.0,0.8,259.0,0.0,,,,,,,,,,2020-11-10T22:52:00,,,,0,,,,,,,,,,,,,,
2020-11-11 00:00:00,933.7,16.0,-9991,0.1,0.0,0.8,195.0,0.0,,,,,,,,,,2020-11-10T23:17:00,,,,0,,,,,,,,,,,,,,
2020-11-11 01:00:00,933.5,16.0,-9991,0.3,233.0,1.8,164.0,0.0,,,,,,,,,,2020-11-11T00:14:00,,,,0,,,,,,,,,,,,,,
2020-11-11 02:00:00,932.8,15.5,-9991,0.5,154.0,1.3,150.0,0.0,,,,,,,,,,2020-11-11T02:00:00,,,,0,,,,,,,,,,,,,,
2020-11-11 03:00:00,932.9,15.6,-9991,0.5,104.0,1.8,101.0,0.0,,,,,,,,,,2020-11-11T02:12:00,,,,0,,,,,,,,,,,,,,
2020-11-11 04:00:00,932.9,15.6,-9991,0.0,0.0,0.0,0.0,0.0,,,,,,,,,,2020-11-11T03:05:00,,,,0,,,,,,,,,,,,,,
2020-11-11 05:00:00,932.7,15.8,-9991,0.0,0.0,0.0,0.0,0.0,,,,,,,,,,2020-11-11T04:05:00,,,,0,,,,,,,,,,,,,,
2020-11-11 06:00:00,933.4,15.8,96,0.9,141.0,2.3,108.0,0.0,,,,,,,,,,2020-11-11T05:51:00,,,,0,,,,,,,,,,,,,,
2020-11-11 07:00:00,934.4,15.9,93,0.7,132.0,1.9,111.0,0.0,,,,,,,,,,2020-11-11T06:42:00,,,,0,,,,,,,,,,,,,,
2020-11-11 08:00:00,935.1,16.1,92,1.2,164.0,2.1,126.0,0.0,,,,,,,,,,2020-11-11T07:03:00,,,,0,,,,,,,,,,,,,,
2020-11-11 09:00:00,935.3,17.8,89,0.6,324.0,1.9,8.0,0.0,,,,,,,,,,2020-11-11T08:47:00,,,,0,,,,,,,,,,,,,,
2020-11-11 10:00:00,935.3,19.0,80,0.5,27.0,2.1,235.0,0.0,,,,,,,,,,2020-11-11T09:06:00,,,,0,,,,,,,,,,,,,,
2020-11-11 11:00:00,934.9,19.3,79,1.7,81.0,4.6,82.0,0.0,,,,,,,,,,2020-11-11T10:54:00,,,,0,,,,,,,,,,,,,,
2020-11-11 12:00:00,933.2,22.1,69,0.9,95.0,3.6,29.0,0.0,,,,,,,,,,2020-11-11T11:02:00,,,,0,,,,,,,,,,,,,,
2020-11-11 13:00:00,932.2,20.7,74,1.9,111.0,5.0,107.0,0.0,,,,,,,,,,2020-11-11T12:20:00,,,,0,,,,,,,,,,,,,,
2020-11-11 14:00:00,932.3,20.5,75,0.9,106.0,4.1,119.0,0.0,,,,,,,,,,2020-11-11T13:27:00,,,,0,,,,,,,,,,,,,,
2020-11-11 15:00:00,932.7,19.2,78,1.9,107.0,5.0,93.0,0.0,,,,,,,,,,2020-11-11T14:56:00,,,,0,,,,,,,,,,,,,,
2020-11-11 16:00:00,933.3,18.1,82,1.4,91.0,5.6,54.0,0.0,,,,,,,,,,2020-11-11T15:28:00,,,,0,,,,,,,,,,,,,,
2020-11-11 17:00:00,934.2,17.6,84,0.6,178.0,5.2,88.0,0.0,,,,,,,,,,2020-11-11T16:12:00,,,,0,,,,,,,,,,,,,,
2020-11-11 18:00:00,934.8,17.1,88,0.4,242.0,1.8,185.0,0.0,,,,,,,,,,2020-11-11T17:27:00,,,,0,,,,,,,,,,,,,,
2020-11-11 19:00:00,935.2,17.0,90,0.7,175.0,1.9,279.0,0.0,,,,,,,,,,2020-11-11T18:26:00,,,,0,,,,,,,,,,,,,,
2020-11-11 20:00:00,935.2,16.6,93,0.6,219.0,1.0,221.0,0.0,,,,,,,,,,2020-11-11T19:03:00,,,,0,,,,,,,,,,,,,,
2020-11-11 21:00:00,935.4,16.0,93,0.2,0.0,2.4,188.0,0.0,,,,,,,,,,2020-11-11T20:32:00,,,,0,,,,,,,,,,,,,,
2020-11-11 22:00:00,935.5,15.3,97,1.3,206.0,2.0,200.0,0.0,,,,,,,,,,2020-11-11T21:30:00,,,,0,,,,,,,,,,,,,,
2020-11-11 23:00:00,935.4,15.7,96,1.2,224.0,1.8,205.0,0.0,,,,,,,,,,2020-11-11T22:57:00,,,,0,,,,,,,,,,,,,,
2020-11-12 00:00:00,934.4,17.0,89,2.4,293.0,5.5,304.0,0.0,,,,,,,,,,2020-11-11T23:57:00,,,,0,,,,,,,,,,,,,,
2020-11-12 01:00:00,933.5,16.3,95,0.6,257.0,5.2,249.0,0.0,,,,,,,,,,2020-11-12T00:01:00,,,,0,,,,,,,,,,,,,,
2020-11-12 02:00:00,933.0,15.8,97,0.9,213.0,1.7,105.0,0.0,,,,,,,,,,2020-11-12T01:05:00,,,,0,,,,,,,,,,,,,,
2020-11-12 03:00:00,932.8,15.6,97,0.5,166.0,1.9,199.0,0.0,,,,,,,,,,2020-11-12T02:21:00,,,,0,,,,,,,,,,,,,,
2020-11-12 04:00:00,932.0,16.0,97,0.0,0.0,1.5,215.0,0.0,,,,,,,,,,2020-11-12T03:09:00,,,,0,,,,,,,,,,,,,,
2020-11-12 05:00:00,932.1,15.3,96,0.9,214.0,1.7,173.0,0.0,,,,,,,,,,2020-11-12T04:26:00,,,,0,,,,,,,,,,,,,,
2020-11-12 06:00:00,933.1,15.3,97,0.9,230.0,2.2,223.0,0.0,,,,,,,,,,2020-11-12T05:46:00,,,,0,,,,,,,,,,,,,,
2020-11-12 07:00:00,933.9,16.3,95,0.3,218.0,1.7,257.0,0.0,,,,,,,,,,2020-11-12T06:33:00,,,,0,,,,,,,,,,,,,,
2020-11-12 08:00:00,934.1,17.1,92,0.2,0.0,1.1,291.0,0.0,,,,,,,,,,2020-11-12T07:49:00,,,,0,,,,,,,,,,,,,,
2020-11-12 09:00:00,934.2,17.8,89,0.2,0.0,0.8,66.0,0.0,,,,,,,,,,2020-11-12T08:18:00,,,,0,,,,,,,,,,,,,,
2020-11-12 10:00:00,934.0,18.8,87,0.7,67.0,2.1,98.0,0.0,,,,,,,,,,2020-11-12T09:46:00,,,,0,,,,,,,,,,,,,,
2020-11-12 11:00:00,933.5,20.7,77,1.5,116.0,4.6,179.0,0.0,,,,,,,,,,2020-11-12T10:17:00,,,,0,,,,,,,,,,,,,,
2020-11-12 12:00:00,933.0,21.4,77,0.5,73.0,3.3,60.0,0.0,,,,,,,,,,2020-11-12T11:17:00,,,,0,,,,,,,,,,,,,,
2020-11-12 13:00:00,932.1,20.6,78,1.0,63.0,3.6,76.0,0.0,,,,,,,,,,2020-11-12T12:29:00,,,,0,,,,,,,,,,,,,,
2020-11-12 14:00:00,931.5,20.7,81,0.6,67.0,2.9,72.0,0.0,,,,,,,,,,2020-11-12T13:02:00,,,,0,,,,,,,,,,,,,,
2020-11-12 15:00:00,930.9,19.4,90,1.6,118.0,3.6,109.0,0.0,,,,,,,,,,2020-11-12T15:00:00,,,,0,,,,,,,,,,,,,,
2020-11-12 16:00:00,931.2,18.7,91,1.3,110.0,4.6,67.0,0.0,,,,,,,,,,2020-11-12T15:56:00,,,,0,,,,,,,,,,,,,,
2020-11-12 17:00:00,931.8,18.4,91,0.6,123.0,2.8,95.0,0.0,,,,,,,,,,2020-11-12T16:05:00,,,,0,,,,,,,,,,,,,,
2020-11-12 18:00:00,932.4,17.7,96,1.2,153.0,2.2,119.0,0.0,,,,,,,,,,2020-11-12T17:26:00,,,,0,,,,,,,,,,,,,,
2020-11-12 19:00:00,932.8,17.4,97,0.0,0.0,1.8,178.0,0.0,,,,,,,,,,2020-11-12T18:02:00,,,,0,,,,,,,,,,,,,,
2020-11-12 20:00:00,933.0,17.2,99,0.1,0.0,0.7,262.0,0.0,,,,,,,,,,2020-11-12T19:15:00,,,,0,,,,,,,,,,,,,,
2020-11-12 21:00:00,932.9,17.1,-9991,0.0,0.0,0.7,206.0,0.0,,,,,,,,,,2020-11-12T20:08:00,,,,0,,,,,,,,,,,,,,
2020-11-12 22:00:00,933.1,17.2,-9991,0.0,0.0,1.1,203.0,0.0,,,,,,,,,,2020-11-12T21:20:00,,,,0,,,,,,,,,,,,,,
2020-11-12 23:00:00,932.5,17.3,-9991,0.7,113.0,2.3,307.0,0.0,,,,,,,,,,2020-11-12T22:38:00,,,,0,,,,,,,,,,,,,,
2020-11-13 00:00:00,932.3,17.3,-9991,0.0,0.0,1.1,220.0,0.5,,,,,,,,,,2020-11-12T23:39:00,,,,0,,,,,,,,,,,,,,
2020-11-13 01:00:00,931.5,17.2,-9991,0.5,170.0,1.1,175.0,0.0,,,,,,,,,,2020-11-13T00:58:00,,,,0,,,,,,,,,,,,,,
2020-11-13 02:00:00,930.9,17.3,-9991,0.1,0.0,1.0,280.0,0.0,,,,,,,,,,2020-11-13T01:44:00,,,,0,,,,,,,,,,,,,,
2020-11-13 03:00:00,930.4,17.4,-9991,0.4,248.0,1.0,233.0,0.0,,,,,,,,,,2020-11-13T02:47:00,,,,0,,,,,,,,,,,,,,
2020-11-13 04:00:00,930.3,17.6,-9991,0.5,146.0,1.5,221.0,0.0,,,,,,,,,,2020-11-13T03:05:00,,,,0,,,,,,,,,,,,,,
2020-11-13 05:00:00,930.5,17.7,-9991,0.0,0.0,0.9,154.0,0.0,,,,,,,,,,2020-11-13T04:01:00,,,,0,,,,,,,,,,,,,,
2020-11-13 06:00:00,930.9,17.8,-9991,0.0,0.0,0.0,0.0,0.5,,,,,,,,,,2020-11-13T05:05:00,,,,0,,,,,,,,,,,,,,
2020-11-13 07:00:00,931.4,18.0,-9991,0.0,0.0,0.9,190.0,0.5,,,,,,,,,,2020-11-13T06:30:00,,,,0,,,,,,,,,,,,,,
2020-11-13 08:00:00,931.9,18.4,-9991,0.0,0.0,0.0,0.0,0.0,,,,,,,,,,2020-11-13T07:05:00,,,,0,,,,,,,,,,,,,,
2020-11-13 09:00:00,932.4,18.6,-9991,0.2,0.0,0.9,28.0,0.5,,,,,,,,,,2020-11-13T08:50:00,,,,0,,,,,,,,,,,,,,
2020-11-13 10:00:00,932.2,19.2,-9991,0.8,82.0,1.6,72.0,0.5,,,,,,,,,,2020-11-13T09:51:00,,,,0,,,,,,,,,,,,,,
2020-11-13 11:00:00,931.7,19.2,99,0.8,61.0,2.8,93.0,0.5,,,,,,,,,,2020-11-13T10:16:00,,,,0,,,,,,,,,,,,,,
2020-11-13 12:00:00,930.9,19.7,-9991,0.5,51.0,1.8,75.0,0.5,,,,,,,,,,2020-11-13T11:07:00,,,,0,,,,,,,,,,,,,,
2020-11-13 13:00:00,930.1,19.6,99,1.3,90.0,2.6,104.0,0.5,,,,,,,,,,2020-11-13T13:00:00,,,,0,,,,,,,,,,,,,,
2020-11-13 14:00:00,929.8,19.4,99,1.1,96.0,3.1,109.0,0.5,,,,,,,,,,2020-11-13T13:27:00,,,,0,,,,,,,,,,,,,,
2020-11-13 15:00:00,929.7,19.5,-9991,0.3,91.0,1.9,95.0,1.5,,,,,,,,,,2020-11-13T14:02:00,,,,0,,,,,,,,,,,,,,
2020-11-13 16:00:00,929.8,19.2,-9991,0.0,0.0,1.3,32.0,1.5,,,,,,,,,,2020-11-13T15:07:00,,,,0,,,,,,,,,,,,,,
2020-11-13 17:00:00,930.2,19.0,-9991,0.0,0.0,0.7,93.0,1.0,,,,,,,,,,2020-11-13T16:23:00,,,,0,,,,,,,,,,,,,,
2020-11-13 18:00:00,930.4,18.9,-9991,0.0,0.0,0.4,312.0,1.0,,,,,,,,,,2020-11-13T17:12:00,,,,0,,,,,,,,,,,,,,
2020-11-13 19:00:00,930.7,18.8,-9991,0.3,251.0,1.0,241.0,0.5,,,,,,,,,,2020-11-13T18:57:00,,,,0,,,,,,,,,,,,,,
2020-11-13 20:00:00,931.2,18.7,-9991,0.0,0.0,1.0,132.0,0.0,,,,,,,,,,2020-11-13T19:28:00,,,,0,,,,,,,,,,,,,,
2020-11-13 21:00:00,931.7,18.7,-9991,0.0,0.0,1.8,99.0,0.0,,,,,,,,,,2020-11-13T20:18:00,,,,0,,,,,,,,,,,,,,
2020-11-13 22:00:00,932.1,18.8,-9991,0.0,0.0,0.0,0.0,0.5,,,,,,,,,,2020-11-13T21:05:00,,,,0,,,,,,,,,,,,,,
2020-11-13 23:00:00,932.3,18.7,-9991,0.6,183.0,1.7,165.0,0.5,,,,,,,,,,2020-11-13T22:27:00,,,,0,,,,,,,,,,,,,,
2020-11-14 00:00:00,932.0,18.4,-9991,0.2,0.0,1.8,162.0,0.5,,,,,,,,,,2020-11-13T23:47:00,,,,0,,,,,,,,,,,,,,
2020-11-14 01:00:00,931.8,18.3,-9991,1.0,155.0,1.5,122.0,0.0,,,,,,,,,,2020-11-14T00:41:00,,,,0,,,,,,,,,,,,,,
2020-11-14 02:00:00,931.6,18.1,-9991,0.2,0.0,2.1,98.0,0.0,,,,,,,,,,2020-11-14T01:25:00,,,,0,,,,,,,,,,,,,,
2020-11-14 03:00:00,931.6,17.6,-9991,0.4,130.0,3.2,124.0,0.0,,,,,,,,,,2020-11-14T02:26:00,,,,0,,,,,,,,,,,,,,
2020-11-14 04:00:00,931.6,17.3,-9991,0.5,105.0,3.3,124.0,0.5,,,,,,,,,,2020-11-14T03:28:00,,,,0,,,,,,,,,,,,,,
2020-11-14 05:00:00,931.8,16.9,-9991,1.2,148.0,2.8,117.0,0.0,,,,,,,,,,2020-11-14T04:56:00,,,,0,,,,,,,,,,,,,,
2020-11-14 06:00:00,932.6,16.7,97,1.3,164.0,2.4,168.0,0.0,,,,,,,,,,2020-11-14T05:28:00,,,,0,,,,,,,,,,,,,,
2020-11-14 07:00:00,933.2,16.8,-9991,0.0,0.0,1.9,183.0,0.5,,,,,,,,,,2020-11-14T06:01:00,,,,0,,,,,,,,,,,,,,
2020-11-14 08:00:00,933.6,17.0,-9991,0.0,0.0,0.6,35.0,0.5,,,,,,,,,,2020-11-14T07:44:00,,,,0,,,,,,,,,,,,,,
2020-11-14 09:00:00,934.0,17.4,-9991,0.3,10.0,1.3,23.0,0.0,,,,,,,,,,2020-11-14T08:54:00,,,,0,,,,,,,,,,,,,,
2020-11-14 10:00:00,934.1,18.0,99,0.2,0.0,1.2,90.0,0.0,,,,,,,,,,2020-11-14T09:26:00,,,,0,,,,,,,,,,,,,,
2020-11-14 11:00:00,933.5,18.7,95,0.2,0.0,1.2,81.0,0.0,,,,,,,,,,2020-11-14T10:02:00,,,,0,,,,,,,,,,,,,,
2020-11-14 12:00:00,932.7,18.4,99,0.5,89.0,1.4,39.0,0.0,,,,,,,,,,2020-11-14T11:08:00,,,,0,,,,,,,,,,,,,,
2020-11-14 13:00:00,932.2,18.8,-9991,0.2,0.0,1.2,68.0,0.0,,,,,,,,,,2020-11-14T12:41:00,,,,0,,,,,,,,,,,,,,
2020-11-14 14:00:00,931.7,18.9,99,0.1,0.0,1.2,79.0,0.5,,,,,,,,,,2020-11-14T13:36:00,,,,0,,,,,,,,,,,,,,
2020-11-14 15:00:00,931.6,18.8,-9991,0.0,0.0,1.1,51.0,0.5,,,,,,,,,,2020-11-14T14:39:00,,,,0,,,,,,,,,,,,,,
2020-11-14 16:00:00,931.6,18.2,-9991,1.0,130.0,2.2,140.0,0.5,,,,,,,,,,2020-11-14T15:55:00,,,,0,,,,,,,,,,,,,,
2020-11-14 17:00:00,932.2,17.7,98,1.5,148.0,3.5,130.0,0.0,,,,,,,,,,2020-11-14T16:43:00,,,,0,,,,,,,,,,,,,,
2020-11-14 18:00:00,932.3,17.3,99,0.8,129.0,3.0,153.0,0.5,,,,,,,,,,2020-11-14T17:03:00,,,,0,,,,,,,,,,,,,,
2020-11-14 19:00:00,932.8,17.1,-9991,0.1,0.0,2.1,137.0,0.0,,,,,,,,,,2020-11-14T18:45:00,,,,0,,,,,,,,,,,,,,
2020-11-14 20:00:00,933.1,16.9,-9991,0.0,0.0,0.5,54.0,0.0,,,,,,,,,,2020-11-14T19:05:00,,,,0,,,,,,,,,,,,,,
2020-11-14 21:00:00,933.5,16.6,-9991,1.7,125.0,3.4,122.0,0.5,,,,,,,,,,2020-11-14T20:59:00,,,,0,,,,,,,,,,,,,,
2020-11-14 22:00:00,933.6,16.7,-9991,0.4,114.0,2.3,173.0,0.0,,,,,,,,,,2020-11-14T21:05:00,,,,0,,,,,,,,,,,,,,
2020-11-14 23:00:00,933.4,16.6,-9991,0.0,0.0,1.0,86.0,0.0,,,,,,,,,,2020-11-14T22:01:00,,,,0,,,,,,,,,,,,,,
2020-11-15 00:00:00,933.5,16.5,-9991,0.0,0.0,2.6,194.0,0.0,,,,,,,,,,2020-11-14T23:02:00,,,,0,,,,,,,,,,,,,,
2020-11-15 01:00:00,932.9,16.6,-9991,0.0,0.0,0.6,170.0,0.0,,,,,,,,,,2020-11-15T00:26:00,,,,0,,,,,,,,,,,,,,
2020-11-15 02:00:00,932.6,16.5,-9991,0.1,0.0,0.6,339.0,0.5,,,,,,,,,,2020-11-15T01:59:00,,,,0,,,,,,,,,,,,,,
2020-11-15 03:00:00,932.1,16.6,-9991,0.4,107.0,1.6,287.0,0.0,,,,,,,,,,2020-11-15T02:39:00,,,,0,,,,,,,,,,,,,,
2020-11-15 04:00:00,932.5,16.5,-9991,0.8,122.0,2.4,106.0,0.0,,,,,,,,,,2020-11-15T03:41:00,,,,0,,,,,,,,,,,,,,
2020-11-15 05:00:00,932.6,16.5,-9991,0.4,283.0,1.4,107.0,0.0,,,,,,,,,,2020-11-15T04:01:00,,,,0,,,,,,,,,,,,,,
2020-11-15 06:00:00,933.3,16.6,-9991,0.0,0.0,1.0,61.0,0.0,,,,,,,,,,2020-11-15T05:12:00,,,,0,,,,,,,,,,,,,,
2020-11-15 07:00:00,933.8,16.8,-9991,0.0,0.0,1.0,218.0,0.0,,,,,,,,,,2020-11-15T06:14:00,,,,0,,,,,,,,,,,,,,
2020-11-15 08:00:00,934.3,17.6,-9991,0.1,0.0,1.0,204.0,0.0,,,,,,,,,,2020-11-15T07:08:00,,,,0,,,,,,,,,,,,,,
2020-11-15 09:00:00,934.7,18.7,96,0.3,57.0,1.0,341.0,0.0,,,,,,,,,,2020-11-15T08:19:00,,,,0,,,,,,,,,,,,,,
2020-11-15 10:00:00,934.4,19.2,93,0.2,0.0,1.2,91.0,0.0,,,,,,,,,,2020-11-15T09:41:00,,,,0,,,,,,,,,,,,,,
2020-11-15 11:00:00,933.8,20.5,86,0.5,325.0,1.5,352.0,0.0,,,,,,,,,,2020-11-15T10:33:00,,,,0,,,,,,,,,,,,,,
2020-11-15 12:00:00,932.9,21.6,74,0.4,6.0,2.0,351.0,0.0,,,,,,,,,,2020-11-15T11:11:00,,,,0,,,,,,,,,,,,,,
2020-11-15 13:00:00,932.3,21.7,72,0.5,51.0,1.6,101.0,0.0,,,,,,,,,,2020-11-15T12:45:00,,,,0,,,,,,,,,,,,,,
2020-11-15 14:00:00,931.5,21.1,76,2.0,135.0,4.4,126.0,0.0,,,,,,,,,,2020-11-15T13:56:00,,,,0,,,,,,,,,,,,,,
2020-11-15 15:00:00,931.4,20.3,76,1.2,48.0,4.2,99.0,0.0,,,,,,,,,,2020-11-15T14:59:00,,,,0,,,,,,,,,,,,,,
2020-11-15 16:00:00,931.7,20.2,77,0.2,0.0,3.5,74.0,0.0,,,,,,,,,,2020-11-15T15:02:00,,,,0,,,,,,,,,,,,,,
2020-11-15 17:00:00,932.0,19.2,86,0.9,172.0,1.3,160.0,0.0,,,,,,,,,,2020-11-15T16:43:00,,,,0,,,,,,,,,,,,,,
2020-11-15 18:00:00,932.2,18.3,93,0.5,224.0,1.4,203.0,0.0,,,,,,,,,,2020-11-15T17:30:00,,,,0,,,,,,,,,,,,,,
2020-11-15 19:00:00,932.6,18.0,95,0.0,0.0,1.2,195.0,0.0,,,,,,,,,,2020-11-15T18:12:00,,,,0,,,,,,,,,,,,,,
2020-11-15 20:00:00,933.2,18.1,93,0.5,240.0,1.3,149.0,0.0,,,,,,,,,,2020-11-15T19:26:00,,,,0,,,,,,,,,,,,,,
2020-11-15 21:00:00,933.3,17.7,96,0.3,123.0,1.0,223.0,0.0,,,,,,,,,,2020-11-15T20:01:00,,,,0,,,,,,,,,,,,,,
2020-11-15 22:00:00,933.3,17.6,98,0.4,242.0,0.9,220.0,0.0,,,,,,,,,,2020-11-15T21:10:00,,,,0,,,,,,,,,,,,,,
2020-11-15 23:00:00,933.6,17.7,95,0.7,226.0,1.2,226.0,0.0,,,,,,,,,,2020-11-15T22:54:00,,,,0,,,,,,,,,,,,,,
2020-11-16 00:00:00,933.1,17.7,96,0.6,188.0,1.3,215.0,0.0,,,,,,,,,,2020-11-15T23:27:00,,,,0,,,,,,,,,,,,,,
2020-11-16 01:00:00,932.7,17.7,96,0.3,272.0,0.9,209.0,0.0,,,,,,,,,,2020-11-16T00:43:00,,,,0,,,,,,,,,,,,,,
2020-11-16 02:00:00,932.2,17.5,97,0.0,0.0,1.0,269.0,0.0,,,,,,,,,,2020-11-16T01:15:00,,,,0,,,,,,,,,,,,,,
2020-11-16 03:00:00,931.8,17.1,98,0.9,203.0,1.3,205.0,0.0,,,,,,,,,,2020-11-16T02:56:00,,,,0,,,,,,,,,,,,,,
2020-11-16 04:00:00,931.6,17.1,97,0.8,207.0,1.6,209.0,0.0,,,,,,,,,,2020-11-16T03:06:00,,,,0,,,,,,,,,,,,,,
2020-11-16 05:00:00,931.8,16.7,97,0.8,195.0,1.6,208.0,0.0,,,,,,,,,,2020-11-16T04:46:00,,,,0,,,,,,,,,,,,,,
2020-11-16 06:00:00,932.3,16.2,97,0.6,221.0,1.7,201.0,0.0,,,,,,,,,,2020-11-16T05:21:00,,,,0,,,,,,,,,,,,,,
2020-11-16 07:00:00,932.6,17.9,90,1.0,290.0,3.5,290.0,0.0,,,,,,,,,,2020-11-16T06:43:00,,,,0,,,,,,,,,,,,,,
2020-11-16 08:00:00,932.9,19.6,83,0.3,65.0,2.9,337.0,0.0,,,,,,,,,,2020-11-16T07:12:00,,,,0,,,,,,,,,,,,,,
2020-11-16 09:00:00,932.7,22.6,71,0.6,62.0,1.4,127.0,0.0,,,,,,,,,,2020-11-16T08:59:00,,,,0,,,,,,,,,,,,,,
2020-11-16 10:00:00,932.6,22.6,70,1.4,100.0,3.7,103.0,0.0,,,,,,,,,,2020-11-16T09:51:00,,,,0,,,,,,,,,,,,,,
2020-11-16 11:00:00,931.7,23.5,65,0.6,77.0,3.4,352.0,0.0,,,,,,,,,,2020-11-16T10:48:00,,,,0,,,,,,,,,,,,,,
2020-11-16 12:00:00,930.7,24.0,63,1.0,60.0,4.0,95.0,0.0,,,,,,,,,,2020-11-16T11:44:00,,,,0,,,,,,,,,,,,,,
2020-11-16 13:00:00,930.1,24.0,65,0.7,36.0,4.3,37.0,0.0,,,,,,,,,,2020-11-16T12:01:00,,,,0,,,,,,,,,,,,,,
2020-11-16 14:00:00,929.5,24.1,64,0.8,194.0,4.6,89.0,0.0,,,,,,,,,,2020-11-16T13:19:00,,,,0,,,,,,,,,,,,,,
2020-11-16 15:00:00,929.6,23.2,70,1.1,167.0,4.5,183.0,0.0,,,,,,,,,,2020-11-16T14:44:00,,,,0,,,,,,,,,,,,,,
2020-11-16 16:00:00,929.7,21.8,78,0.5,177.0,4.5,64.0,0.0,,,,,,,,,,2020-11-16T15:05:00,,,,0,,,,,,,,,,,,,,
2020-11-16 17:00:00,930.5,21.0,83,1.1,170.0,3.4,137.0,0.0,,,,,,,,,,2020-11-16T16:40:00,,,,0,,,,,,,,,,,,,,
2020-11-16 18:00:00,930.7,19.8,90,1.1,169.0,2.7,175.0,0.0,,,,,,,,,,2020-11-16T17:32:00,,,,0,,,,,,,,,,,,,,
2020-11-16 19:00:00,930.9,18.1,95,1.4,211.0,2.5,198.0,0.0,,,,,,,,,,2020-11-16T18:24:00,,,,0,,,,,,,,,,,,,,
2020-11-16 20:00:00,931.8,17.7,96,1.0,230.0,2.0,190.0,0.0,,,,,,,,,,2020-11-16T19:33:00,,,,0,,,,,,,,,,,,,,
2020-11-16 21:00:00,932.3,18.4,98,0.5,189.0,1.8,208.0,0.0,,,,,,,,,,2020-11-16T20:09:00,,,,0,,,,,,,,,,,,,,
2020-11-16 22:00:00,932.3,18.5,98,0.0,0.0,0.8,204.0,0.0,,,,,,,,,,2020-11-16T21:32:00,,,,0,,,,,,,,,,,,,,
2020-11-16 23:00:00,932.4,18.6,97,0.0,0.0,0.9,178.0,0.0,,,,,,,,,,2020-11-16T22:35:00,,,,0,,,,,,,,,,,,,,
2020-11-17 00:00:00,932.0,18.3,97,0.4,243.0,1.6,238.0,0.0,,,,,,,,,,2020-11-16T23:14:00,,,,0,,,,,,,,,,,,,,
2020-11-17 01:00:00,931.4,17.2,97,1.3,204.0,2.4,301.0,0.0,,,,,,,,,,2020-11-17T00:19:00,,,,0,,,,,,,,,,,,,,
2020-11-17 02:00:00,930.8,17.2,97,1.0,211.0,1.8,212.0,0.0,,,,,,,,,,2020-11-17T01:55:00,,,,0,,,,,,,,,,,,,,
2020-11-17 03:00:00,930.4,16.7,96,1.1,219.0,1.8,211.0,0.0,,,,,,,,,,2020-11-17T02:52:00,,,,0,,,,,,,,,,,,,,
2020-11-17 04:00:00,930.7,16.6,97,0.9,230.0,1.9,203.0,0.0,,,,,,,,,,2020-11-17T03:19:00,,,,0,,,,,,,,,,,,,,
2020-11-17 05:00:00,930.6,16.3,94,0.9,217.0,2.2,277.0,0.0,,,,,,,,,,2020-11-17T04:36:00,,,,0,,,,,,,,,,,,,,
2020-11-17 06:00:00,931.2,17.0,93,0.2,0.0,1.8,208.0,0.0,,,,,,,,,,2020-11-17T05:05:00,,,,0,,,,,,,,,,,,,,
2020-11-17 07:00:00,931.6,17.2,91,0.3,303.0,1.2,222.0,0.0,,,,,,,,,,2020-11-17T06:10:00,,,,0,,,,,,,,,,,,,,
2020-11-17 08:00:00,931.5,19.9,80,0.2,0.0,1.3,350.0,0.0,,,,,,,,,,2020-11-17T07:33:00,,,,0,,,,,,,,,,,,,,
2020-11-17 09:00:00,931.9,21.9,74,0.6,90.0,1.4,118.0,0.0,,,,,,,,,,2020-11-17T08:07:00,,,,0,,,,,,,,,,,,,,
2020-11-17 10:00:00,931.3,23.6,70,0.8,108.0,2.8,87.0,0.0,,,,,,,,,,2020-11-17T09:10:00,,,,0,,,,,,,,,,,,,,
2020-11-17 11:00:00,930.6,23.5,74,1.3,91.0,3.8,62.0,0.0,,,,,,,,,,2020-11-17T10:49:00,,,,0,,,,,,,,,,,,,,
2020-11-17 12:00:00,929.6,24.4,71,1.1,3.0,3.6,270.0,0.0,,,,,,,,,,2020-11-17T11:39:00,,,,0,,,,,,,,,,,,,,
2020-11-17 13:00:00,928.9,23.1,73,1.0,193.0,6.6,65.0,0.0,,,,,,,,,,2020-11-17T12:48:00,,,,0,,,,,,,,,,,,,,
2020-11-17 14:00:00,928.6,23.4,72,1.1,233.0,5.6,68.0,0.0,,,,,,,,,,2020-11-17T13:21:00,,,,0,,,,,,,,,,,,,,
2020-11-17 15:00:00,928.7,22.6,77,0.8,274.0,3.4,221.0,0.0,,,,,,,,,,2020-11-17T14:17:00,,,,0,,,,,,,,,,,,,,
2020-11-17 16:00:00,928.9,22.0,81,1.2,110.0,5.0,31.0,0.0,,,,,,,,,,2020-11-17T15:17:00,,,,0,,,,,,,,,,,,,,
2020-11-17 17:00:00,929.4,21.0,87,0.4,228.0,2.6,150.0,0.0,,,,,,,,,,2020-11-17T16:04:00,,,,0,,,,,,,,,,,,,,
2020-11-17 18:00:00,929.8,20.7,91,1.0,142.0,2.6,127.0,0.0,,,,,,,,,,2020-11-17T17:12:00,,,,0,,,,,,,,,,,,,,
2020-11-17 19:00:00,930.3,20.2,94,1.1,127.0,2.0,136.0,0.0,,,,,,,,,,2020-11-17T18:08:00,,,,0,,,,,,,,,,,,,,
2020-11-17 20:00:00,930.8,19.9,96,0.0,0.0,1.9,123.0,0.0,,,,,,,,,,2020-11-17T19:15:00,,,,0,,,,,,,,,,,,,,
2020-11-17 21:00:00,931.0,19.6,97,0.0,0.0,0.0,0.0,0.0,,,,,,,,,,2020-11-17T20:05:00,,,,0,,,,,,,,,,,,,,
2020-11-17 22:00:00,930.8,19.5,98,0.2,0.0,1.1,108.0,0.0,,,,,,,,,,2020-11-17T21:58:00,,,,0,,,,,,,,,,,,,,
2020-11-17 23:00:00,930.8,19.4,98,0.0,0.0,1.0,125.0,0.0,,,,,,,,,,2020-11-17T22:16:00,,,,0,,,,,,,,,,,,,,
2020-11-18 00:00:00,930.3,19.2,94,0.4,252.0,1.7,285.0,0.0,,,,,,,,,,2020-11-18T00:00:00,,,,0,,,,,,,,,,,,,,
2020-11-18 01:00:00,929.8,19.0,92,1.0,244.0,2.3,250.0,0.0,,,,,,,,,,2020-11-18T00:56:00,,,,0,,,,,,,,,,,,,,
2020-11-18 02:00:00,929.3,18.1,91,1.0,224.0,2.9,235.0,0.0,,,,,,,,,,2020-11-18T01:10:00,,,,0,,,,,,,,,,,,,,
2020-11-18 03:00:00,929.2,16.6,98,1.2,225.0,1.9,209.0,0.0,,,,,,,,,,2020-11-18T02:30:00,,,,0,,,,,,,,,,,,,,
2020-11-18 04:00:00,928.9,16.6,95,0.9,226.0,2.3,212.0,0.0,,,,,,,,,,2020-11-18T03:18:00,,,,0,,,,,,,,,,,,,,
2020-11-18 05:00:00,929.0,16.3,95,1.4,237.0,2.2,221.0,0.0,,,,,,,,,,2020-11-18T04:05:00,,,,0,,,,,,,,,,,,,,
2020-11-18 06:00:00,929.4,17.2,89,0.9,252.0,3.1,261.0,0.0,,,,,,,,,,2020-11-18T05:53:00,,,,0,,,,,,,,,,,,,,
2020-11-18 07:00:00,929.4,17.7,86,0.7,272.0,3.0,282.0,0.0,,,,,,,,,,2020-11-18T06:15:00,,,,0,,,,,,,,,,,,,,
2020-11-18 08:00:00,929.6,20.0,78,0.1,0.0,1.4,158.0,0.0,,,,,,,,,,2020-11-18T07:17:00,,,,0,,,,,,,,,,,,,,
2020-11-18 09:00:00,930.0,22.4,68,0.6,38.0,1.8,86.0,0.0,,,,,,,,,,2020-11-18T08:22:00,,,,0,,,,,,,,,,,,,,
2020-11-18 10:00:00,929.7,23.8,68,0.8,66.0,2.2,77.0,0.0,,,,,,,,,,2020-11-18T09:47:00,,,,0,,,,,,,,,,,,,,
2020-11-18 11:00:00,928.8,25.0,70,0.8,90.0,3.4,86.0,0.0,,,,,,,,,,2020-11-18T10:59:00,,,,0,,,,,,,,,,,,,,
2020-11-18 12:00:00,927.8,25.5,68,0.7,62.0,3.2,93.0,0.0,,,,,,,,,,2020-11-18T11:34:00,,,,0,,,,,,,,,,,,,,
2020-11-18 13:00:00,927.0,25.0,68,1.1,322.0,3.6,21.0,0.0,,,,,,,,,,2020-11-18T12:36:00,,,,0,,,,,,,,,,,,,,
2020-11-18 14:00:00,926.7,23.2,78,1.5,196.0,4.8,207.0,0.0,,,,,,,,,,2020-11-18T13:25:00,,,,0,,,,,,,,,,,,,,
2020-11-18 15:00:00,926.7,22.7,80,1.1,197.0,4.1,188.0,0.0,,,,,,,,,,2020-11-18T14:38:00,,,,0,,,,,,,,,,,,,,
2020-11-18 16:00:00,927.0,22.4,85,0.3,261.0,2.7,163.0,0.0,,,,,,,,,,2020-11-18T15:15:00,,,,0,,,,,,,,,,,,,,
2020-11-18 17:00:00,927.6,22.0,82,1.3,165.0,2.5,239.0,0.0,,,,,,,,,,2020-11-18T16:15:00,,,,0,,,,,,,,,,,,,,
2020-11-18 18:00:00,928.2,21.0,84,1.9,196.0,2.5,204.0,0.0,,,,,,,,,,2020-11-18T17:52:00,,,,0,,,,,,,,,,,,,,
2020-11-18 19:00:00,928.6,20.0,88,1.1,209.0,2.2,199.0,0.0,,,,,,,,,,2020-11-18T18:02:00,,,,0,,,,,,,,,,,,,,
2020-11-18 20:00:00,929.0,18.5,92,1.9,201.0,2.7,198.0,0.0,,,,,,,,,,2020-11-18T19:53:00,,,,0,,,,,,,,,,,,,,
2020-11-18 21:00:00,929.2,18.3,95,1.7,206.0,2.3,205.0,0.0,,,,,,,,,,2020-11-18T20:42:00,,,,0,,,,,,,,,,,,,,
2020-11-18 22:00:00,929.3,18.0,96,1.2,218.0,2.2,220.0,0.0,,,,,,,,,,2020-11-18T21:22:00,,,,0,,,,,,,,,,,,,,
2020-11-18 23:00:00,929.2,17.8,93,1.1,223.0,2.5,233.0,0.0,,,,,,,,,,2020-11-18T22:38:00,,,,0,,,,,,,,,,,,,,
2020-11-19 00:00:00,928.8,17.1,93,1.1,213.0,2.4,232.0,0.0,,,,,,,,,,2020-11-18T23:43:00,,,,0,,,,,,,,,,,,,,
2020-11-19 01:00:00,928.7,16.8,93,1.5,213.0,2.2,206.0,0.0,,,,,,,,,,2020-11-19T00:28:00,,,,0,,,,,,,,,,,,,,
2020-11-19 02:00:00,928.2,16.7,91,1.0,208.0,2.4,205.0,0.0,,,,,,,,,,2020-11-19T01:47:00,,,,0,,,,,,,,,,,,,,
2020-11-19 03:00:00,928.0,16.6,89,1.1,202.0,2.7,203.0,0.0,,,,,,,,,,2020-11-19T02:35:00,,,,0,,,,,,,,,,,,,,
2020-11-19 04:00:00,928.0,16.4,90,1.5,214.0,2.2,213.0,0.0,,,,,,,,,,2020-11-19T03:34:00,,,,0,,,,,,,,,,,,,,
2020-11-19 05:00:00,928.2,16.5,88,0.9,226.0,2.2,212.0,0.0,,,,,,,,,,2020-11-19T04:04:00,,,,0,,,,,,,,,,,,,,
2020-11-19 06:00:00,928.5,16.6,89,1.1,220.0,2.5,241.0,0.0,,,,,,,,,,2020-11-19T05:46:00,,,,0,,,,,,,,,,,,,,
2020-11-19 07:00:00,929.0,17.0,88,1.1,216.0,2.4,214.0,0.0,,,,,,,,,,2020-11-19T06:01:00,,,,0,,,,,,,,,,,,,,
2020-11-19 08:00:00,929.2,20.2,76,0.3,29.0,2.2,208.0,0.0,,,,,,,,,,2020-11-19T07:03:00,,,,0,,,,,,,,,,,,,,
2020-11-19 09:00:00,929.1,22.9,68,0.9,95.0,1.7,94.0,0.0,,,,,,,,,,2020-11-19T08:55:00,,,,0,,,,,,,,,,,,,,
2020-11-19 10:00:00,928.8,24.9,62,1.3,115.0,3.3,118.0,0.0,,,,,,,,,,2020-11-19T09:57:00,,,,0,,,,,,,,,,,,,,
2020-11-19 11:00:00,928.6,25.0,70,0.9,360.0,8.2,69.0,0.0,,,,,,,,,,2020-11-19T10:41:00,,,,0,,,,,,,,,,,,,,
2020-11-19 12:00:00,927.5,24.4,74,0.4,162.0,4.0,154.0,0.0,,,,,,,,,,2020-11-19T11:45:00,,,,0,,,,,,,,,,,,,,
2020-11-19 13:00:00,926.8,24.0,81,1.3,124.0,3.5,72.0,0.0,,,,,,,,,,2020-11-19T12:16:00,,,,0,,,,,,,,,,,,,,
2020-11-19 14:00:00,925.9,24.0,82,0.9,130.0,3.2,136.0,0.0,,,,,,,,,,2020-11-19T13:23:00,,,,0,,,,,,,,,,,,,,
2020-11-19 15:00:00,925.6,24.0,81,1.2,152.0,4.0,59.0,0.0,,,,,,,,,,2020-11-19T14:55:00,,,,0,,,,,,,,,,,,,,
2020-11-19 16:00:00,925.8,23.8,83,0.6,141.0,4.5,120.0,0.0,,,,,,,,,,2020-11-19T15:38:00,,,,0,,,,,,,,,,,,,,
2020-11-19 17:00:00,926.2,22.4,90,0.8,212.0,1.5,252.0,0.0,,,,,,,,,,2020-11-19T16:19:00,,,,0,,,,,,,,,,,,,,
2020-11-19 18:00:00,926.0,20.9,93,0.9,222.0,2.3,206.0,0.0,,,,,,,,,,2020-11-19T17:48:00,,,,0,,,,,,,,,,,,,,
2020-11-19 19:00:00,927.0,21.5,97,0.3,155.0,2.4,130.0,0.0,,,,,,,,,,2020-11-19T18:20:00,,,,0,,,,,,,,,,,,,,
2020-11-19 20:00:00,927.5,21.4,97,0.3,258.0,1.8,130.0,0.0,,,,,,,,,,2020-11-19T19:19:00,,,,0,,,,,,,,,,,,,,
2020-11-19 21:00:00,927.5,21.5,87,0.1,0.0,3.4,335.0,0.0,,,,,,,,,,2020-11-19T20:38:00,,,,0,,,,,,,,,,,,,,
2020-11-19 22:00:00,927.8,19.6,95,1.0,232.0,1.9,210.0,0.0,,,,,,,,,,2020-11-19T21:24:00,,,,0,,,,,,,,,,,,,,
2020-11-19 23:00:00,927.6,18.7,96,1.2,195.0,2.0,205.0,0.0,,,,,,,,,,2020-11-19T22:24:00,,,,0,,,,,,,,,,,,,,
2020-11-20 00:00:00,927.3,18.3,96,1.7,208.0,2.2,205.0,0.0,,,,,,,,,,2020-11-19T23:38:00,,,,0,,,,,,,,,,,,,,
2020-11-20 01:00:00,927.0,17.7,97,1.5,210.0,2.0,205.0,0.0,,,,,,,,,,2020-11-20T00:27:00,,,,0,,,,,,,,,,,,,,
2020-11-20 02:00:00,926.9,17.6,96,1.5,198.0,2.2,205.0,0.0,,,,,,,,,,2020-11-20T01:07:00,,,,0,,,,,,,,,,,,,,
2020-11-20 03:00:00,927.0,17.5,94,1.2,216.0,2.4,206.0,0.0,,,,,,,,,,2020-11-20T02:53:00,,,,0,,,,,,,,,,,,,,
2020-11-20 04:00:00,927.1,17.2,94,1.3,223.0,2.0,207.0,0.0,,,,,,,,,,2020-11-20T03:35:00,,,,0,,,,,,,,,,,,,,
2020-11-20 05:00:00,927.5,16.8,94,1.4,200.0,2.8,201.0,0.0,,,,,,,,,,2020-11-20T04:03:00,,,,0,,,,,,,,,,,,,,
2020-11-20 06:00:00,928.2,16.8,94,1.4,211.0,2.2,211.0,0.0,,,,,,,,,,2020-11-20T05:25:00,,,,0,,,,,,,,,,,,,,
2020-11-20 07:00:00,928.7,17.4,92,0.3,177.0,2.6,222.0,0.0,,,,,,,,,,2020-11-20T06:19:00,,,,0,,,,,,,,,,,,,,
2020-11-20 08:00:00,928.6,20.6,81,0.4,125.0,1.7,206.0,0.0,,,,,,,,,,2020-11-20T07:05:00,,,,0,,,,,,,,,,,,,,
2020-11-20 09:00:00,928.6,24.0,64,0.3,113.0,1.1,84.0,0.0,,,,,,,,,,2020-11-20T08:50:00,,,,0,,,,,,,,,,,,,,
2020-11-20 10:00:00,928.6,25.1,64,0.7,53.0,2.1,45.0,0.0,,,,,,,,,,2020-11-20T09:50:00,,,,0,,,,,,,,,,,,,,
2020-11-20 11:00:00,928.0,25.2,75,1.1,86.0,5.5,79.0,0.0,,,,,,,,,,2020-11-20T10:19:00,,,,0,,,,,,,,,,,,,,
2020-11-20 12:00:00,927.6,25.9,73,0.8,182.0,5.8,47.0,0.0,,,,,,,,,,2020-11-20T11:32:00,,,,0,,,,,,,,,,,,,,
2020-11-20 13:00:00,926.9,25.0,75,1.0,360.0,5.3,134.0,0.0,,,,,,,,,,2020-11-20T12:15:00,,,,0,,,,,,,,,,,,,,
2020-11-20 14:00:00,926.4,23.7,81,1.0,165.0,3.6,41.0,0.0,,,,,,,,,,2020-11-20T13:08:00,,,,0,,,,,,,,,,,,,,
2020-11-20 15:00:00,926.5,23.4,84,0.5,146.0,3.4,174.0,0.0,,,,,,,,,,2020-11-20T14:23:00,,,,0,,,,,,,,,,,,,,
2020-11-20 16:00:00,926.8,22.2,92,1.0,155.0,3.3,88.0,0.0,,,,,,,,,,2020-11-20T15:18:00,,,,0,,,,,,,,,,,,,,
2020-11-20 17:00:00,927.6,21.8,94,1.0,163.0,2.5,158.0,0.0,,,,,,,,,,2020-11-20T16:22:00,,,,0,,,,,,,,,,,,,,
2020-11-20 18:00:00,928.1,21.0,98,0.6,135.0,4.3,102.0,0.0,,,,,,,,,,2020-11-20T17:35:00,,,,0,,,,,,,,,,,,,,
2020-11-20 19:00:00,928.6,20.7,99,0.8,191.0,1.4,91.0,0.5,,,,,,,,,,2020-11-20T18:02:00,,,,0,,,,,,,,,,,,,,
2020-11-20 20:00:00,929.1,20.7,-9991,0.0,0.0,1.6,191.0,0.0,,,,,,,,,,2020-11-20T19:10:00,,,,0,,,,,,,,,,,,,,
2020-11-20 21:00:00,929.5,20.5,-9991,0.3,176.0,0.8,176.0,0.0,,,,,,,,,,2020-11-20T20:48:00,,,,0,,,,,,,,,,,,,,
2020-11-20 22:00:00,929.5,20.4,-9991,0.1,0.0,0.8,176.0,0.0,,,,,,,,,,2020-11-20T21:07:00,,,,0,,,,,,,,,,,,,,
2020-11-20 23:00:00,929.4,20.3,-9991,0.3,191.0,1.2,232.0,0.0,,,,,,,,,,2020-11-20T22:19:00,,,,0,,,,,,,,,,,,,,
2020-11-21 00:00:00,929.2,20.0,-9991,0.9,242.0,2.1,251.0,0.0,,,,,,,,,,2020-11-20T23:54:00,,,,0,,,,,,,,,,,,,,
2020-11-21 01:00:00,928.9,19.4,95,0.9,217.0,3.1,290.0,0.0,,,,,,,,,,2020-11-21T00:23:00,,,,0,,,,,,,,,,,,,,
2020-11-21 02:00:00,928.7,19.0,96,0.4,210.0,1.6,213.0,0.0,,,,,,,,,,2020-11-21T01:16:00,,,,0,,,,,,,,,,,,,,
2020-11-21 03:00:00,928.8,18.7,96,0.7,220.0,1.4,227.0,0.0,,,,,,,,,,2020-11-21T02:11:00,,,,0,,,,,,,,,,,,,,
2020-11-21 04:00:00,928.6,18.3,96,0.7,205.0,2.0,235.0,0.0,,,,,,,,,,2020-11-21T03:37:00,,,,0,,,,,,,,,,,,,,
2020-11-21 05:00:00,929.1,17.9,97,0.4,204.0,1.6,204.0,0.0,,,,,,,,,,2020-11-21T04:12:00,,,,0,,,,,,,,,,,,,,
2020-11-21 06:00:00,929.8,17.5,97,1.3,227.0,2.1,214.0,0.0,,,,,,,,,,2020-11-21T05:04:00,,,,0,,,,,,,,,,,,,,
2020-11-21 07:00:00,930.3,17.7,97,0.8,242.0,2.1,231.0,0.0,,,,,,,,,,2020-11-21T06:19:00,,,,0,,,,,,,,,,,,,,
2020-11-21 08:00:00,930.2,20.5,85,0.3,139.0,1.3,228.0,0.0,,,,,,,,,,2020-11-21T07:03:00,,,,0,,,,,,,,,,,,,,
2020-11-21 09:00:00,930.3,23.1,74,0.7,78.0,1.7,98.0,0.0,,,,,,,,,,2020-11-21T09:00:00,,,,0,,,,,,,,,,,,,,
2020-11-21 10:00:00,930.0,24.6,68,0.7,122.0,4.0,129.0,0.0,,,,,,,,,,2020-11-21T09:23:00,,,,0,,,,,,,,,,,,,,
2020-11-21 11:00:00,929.6,23.4,81,2.4,102.0,5.8,85.0,0.0,,,,,,,,,,2020-11-21T10:49:00,,,,0,,,,,,,,,,,,,,
2020-11-21 12:00:00,929.1,23.0,83,1.9,122.0,6.0,86.0,0.0,,,,,,,,,,2020-11-21T11:57:00,,,,0,,,,,,,,,,,,,,
2020-11-21 13:00:00,928.3,22.9,82,2.0,119.0,6.1,93.0,0.0,,,,,,,,,,2020-11-21T12:03:00,,,,0,,,,,,,,,,,,,,
2020-11-21 14:00:00,928.2,23.1,82,0.9,143.0,7.1,80.0,0.0,,,,,,,,,,2020-11-21T13:07:00,,,,0,,,,,,,,,,,,,,
2020-11-21 15:00:00,928.3,22.6,86,0.5,223.0,3.9,49.0,0.0,,,,,,,,,,2020-11-21T14:42:00,,,,0,,,,,,,,,,,,,,
2020-11-21 16:00:00,928.5,22.4,88,0.5,166.0,2.7,181.0,0.0,,,,,,,,,,2020-11-21T15:59:00,,,,0,,,,,,,,,,,,,,
2020-11-21 17:00:00,929.3,21.6,93,1.4,123.0,4.1,88.0,0.0,,,,,,,,,,2020-11-21T16:45:00,,,,0,,,,,,,,,,,,,,
2020-11-21 18:00:00,929.9,21.2,96,0.6,128.0,3.6,91.0,0.0,,,,,,,,,,2020-11-21T17:02:00,,,,0,,,,,,,,,,,,,,
2020-11-21 19:00:00,930.5,20.8,96,0.2,0.0,2.2,129.0,0.0,,,,,,,,,,2020-11-21T18:18:00,,,,0,,,,,,,,,,,,,,
2020-11-21 20:00:00,931.0,20.5,99,0.0,0.0,0.7,144.0,0.0,,,,,,,,,,2020-11-21T19:21:00,,,,0,,,,,,,,,,,,,,
2020-11-21 21:00:00,931.3,20.3,99,0.1,0.0,1.4,139.0,0.0,,,,,,,,,,2020-11-21T20:13:00,,,,0,,,,,,,,,,,,,,
2020-11-21 22:00:00,931.4,20.1,-9991,0.0,0.0,0.1,0.0,0.0,,,,,,,,,,2020-11-21T21:11:00,,,,0,,,,,,,,,,,,,,
2020-11-21 23:00:00,931.3,19.9,-9991,0.3,230.0,0.8,205.0,0.0,,,,,,,,,,2020-11-21T22:53:00,,,,0,,,,,,,,,,,,,,
2020-11-22 00:00:00,930.8,18.2,98,1.0,186.0,1.9,208.0,0.0,,,,,,,,,,2020-11-21T23:40:00,,,,0,,,,,,,,,,,,,,
2020-11-22 01:00:00,930.8,17.6,96,1.2,216.0,2.1,205.0,0.0,,,,,,,,,,2020-11-22T00:09:00,,,,0,,,,,,,,,,,,,,
2020-11-22 02:00:00,930.7,17.4,94,1.1,218.0,2.8,289.0,0.0,,,,,,,,,,2020-11-22T01:47:00,,,,0,,,,,,,,,,,,,,
2020-11-22 03:00:00,930.4,16.8,95,0.7,201.0,2.0,227.0,0.0,,,,,,,,,,2020-11-22T02:12:00,,,,0,,,,,,,,,,,,,,
2020-11-22 04:00:00,930.3,16.3,97,1.4,214.0,2.2,203.0,0.0,,,,,,,,,,2020-11-22T03:22:00,,,,0,,,,,,,,,,,,,,
2020-11-22 05:00:00,930.6,16.2,94,1.7,204.0,2.5,202.0,0.0,,,,,,,,,,2020-11-22T04:57:00,,,,0,,,,,,,,,,,,,,
2020-11-22 06:00:00,931.1,16.0,94,1.7,216.0,2.5,206.0,0.0,,,,,,,,,,2020-11-22T05:01:00,,,,0,,,,,,,,,,,,,,
2020-11-22 07:00:00,931.9,16.2,93,1.1,208.0,2.4,210.0,0.0,,,,,,,,,,2020-11-22T06:38:00,,,,0,,,,,,,,,,,,,,
2020-11-22 08:00:00,932.3,19.1,86,0.3,177.0,1.9,195.0,0.0,,,,,,,,,,2020-11-22T07:06:00,,,,0,,,,,,,,,,,,,,
2020-11-22 09:00:00,932.6,23.8,69,0.2,0.0,0.8,28.0,0.0,,,,,,,,,,2020-11-22T08:29:00,,,,0,,,,,,,,,,,,,,
2020-11-22 10:00:00,932.4,24.5,62,1.4,102.0,3.0,112.0,0.0,,,,,,,,,,2020-11-22T09:56:00,,,,0,,,,,,,,,,,,,,
2020-11-22 11:00:00,931.9,24.1,70,1.5,76.0,4.4,108.0,0.0,,,,,,,,,,2020-11-22T10:29:00,,,,0,,,,,,,,,,,,,,
2020-11-22 12:00:00,931.2,25.0,70,0.7,45.0,3.1,206.0,0.0,,,,,,,,,,2020-11-22T11:44:00,,,,0,,,,,,,,,,,,,,
2020-11-22 13:00:00,930.3,25.5,71,1.0,359.0,4.1,25.0,0.0,,,,,,,,,,2020-11-22T12:55:00,,,,0,,,,,,,,,,,,,,
2020-11-22 14:00:00,929.9,23.7,77,1.4,79.0,4.5,99.0,0.0,,,,,,,,,,2020-11-22T13:35:00,,,,0,,,,,,,,,,,,,,
2020-11-22 15:00:00,929.9,23.8,77,1.0,112.0,4.6,80.0,0.0,,,,,,,,,,2020-11-22T14:57:00,,,,0,,,,,,,,,,,,,,
2020-11-22 16:00:00,930.4,23.2,82,0.5,111.0,3.4,75.0,0.0,,,,,,,,,,2020-11-22T15:01:00,,,,0,,,,,,,,,,,,,,
2020-11-22 17:00:00,931.1,22.2,88,0.7,178.0,2.9,80.0,0.0,,,,,,,,,,2020-11-22T16:13:00,,,,0,,,,,,,,,,,,,,
2020-11-22 18:00:00,931.9,21.6,91,1.1,173.0,1.8,98.0,0.0,,,,,,,,,,2020-11-22T17:02:00,,,,0,,,,,,,,,,,,,,
2020-11-22 19:00:00,932.4,21.1,95,0.7,167.0,1.7,126.0,0.0,,,,,,,,,,2020-11-22T18:23:00,,,,0,,,,,,,,,,,,,,
2020-11-22 20:00:00,933.2,20.8,98,0.4,90.0,2.0,107.0,0.0,,,,,,,,,,2020-11-22T19:08:00,,,,0,,,,,,,,,,,,,,
2020-11-22 21:00:00,933.6,20.7,98,0.7,98.0,2.5,109.0,0.0,,,,,,,,,,2020-11-22T20:55:00,,,,0,,,,,,,,,,,,,,
2020-11-22 22:00:00,933.6,20.5,98,0.2,0.0,2.2,177.0,0.0,,,,,,,,,,2020-11-22T21:09:00,,,,0,,,,,,,,,,,,,,
2020-11-22 23:00:00,933.6,19.8,93,0.1,0.0,1.1,270.0,0.0,,,,,,,,,,2020-11-22T22:34:00,,,,0,,,,,,,,,,,,,,
2020-11-23 00:00:00,933.6,19.1,93,0.7,224.0,2.1,255.0,0.0,,,,,,,,,,2020-11-22T23:45:00,,,,0,,,,,,,,,,,,,,
2020-11-23 01:00:00,933.3,18.0,94,1.2,232.0,2.7,321.0,0.0,,,,,,,,,,2020-11-23T00:20:00,,,,0,,,,,,,,,,,,,,
2020-11-23 02:00:00,933.0,16.9,96,1.6,202.0,2.3,199.0,0.0,,,,,,,,,,2020-11-23T01:53:00,,,,0,,,,,,,,,,,,,,
2020-11-23 03:00:00,933.1,17.1,95,1.1,216.0,2.0,208.0,0.0,,,,,,,,,,2020-11-23T02:23:00,,,,0,,,,,,,,,,,,,,
2020-11-23 04:00:00,932.8,16.8,95,1.0,205.0,2.1,201.0,0.0,,,,,,,,,,2020-11-23T03:57:00,,,,0,,,,,,,,,,,,,,
2020-11-23 05:00:00,933.0,16.4,95,1.3,224.0,2.0,203.0,0.0,,,,,,,,,,2020-11-23T04:26:00,,,,0,,,,,,,,,,,,,,
2020-11-23 06:00:00,933.5,15.9,95,1.3,221.0,2.3,205.0,0.0,,,,,,,,,,2020-11-23T05:19:00,,,,0,,,,,,,,,,,,,,
2020-11-23 07:00:00,934.2,16.1,93,0.8,232.0,2.4,213.0,0.0,,,,,,,,,,2020-11-23T06:03:00,,,,0,,,,,,,,,,,,,,
2020-11-23 08:00:00,934.4,18.9,79,0.4,221.0,1.8,206.0,0.0,,,,,,,,,,2020-11-23T07:10:00,,,,0,,,,,,,,,,,,,,
2020-11-23 09:00:00,934.2,22.6,67,0.5,124.0,1.3,123.0,0.0,,,,,,,,,,2020-11-23T08:50:00,,,,0,,,,,,,,,,,,,,
2020-11-23 10:00:00,934.1,22.5,75,0.9,126.0,4.2,107.0,0.0,,,,,,,,,,2020-11-23T09:25:00,,,,0,,,,,,,,,,,,,,
2020-11-23 11:00:00,933.9,20.6,85,1.4,139.0,7.0,72.0,0.0,,,,,,,,,,2020-11-23T10:32:00,,,,0,,,,,,,,,,,,,,
2020-11-23 12:00:00,933.2,21.8,79,0.7,51.0,4.9,99.0,0.0,,,,,,,,,,2020-11-23T11:06:00,,,,0,,,,,,,,,,,,,,
2020-11-23 13:00:00,932.3,22.2,78,2.2,90.0,5.0,69.0,0.0,,,,,,,,,,2020-11-23T12:52:00,,,,0,,,,,,,,,,,,,,
2020-11-23 14:00:00,932.0,21.0,82,1.3,85.0,5.9,90.0,0.0,,,,,,,,,,2020-11-23T13:04:00,,,,0,,,,,,,,,,,,,,
2020-11-23 15:00:00,932.3,20.3,86,1.2,147.0,4.4,172.0,0.0,,,,,,,,,,2020-11-23T14:53:00,,,,0,,,,,,,,,,,,,,
2020-11-23 16:00:00,932.7,19.5,91,0.9,167.0,2.9,113.0,0.0,,,,,,,,,,2020-11-23T15:23:00,,,,0,,,,,,,,,,,,,,
2020-11-23 17:00:00,933.2,19.3,93,0.5,216.0,2.8,200.0,0.0,,,,,,,,,,2020-11-23T16:46:00,,,,0,,,,,,,,,,,,,,
2020-11-23 18:00:00,933.7,18.8,96,0.0,0.0,1.8,107.0,0.0,,,,,,,,,,2020-11-23T17:12:00,,,,0,,,,,,,,,,,,,,
2020-11-23 19:00:00,934.2,18.7,97,0.5,282.0,1.1,271.0,0.0,,,,,,,,,,2020-11-23T18:52:00,,,,0,,,,,,,,,,,,,,
2020-11-23 20:00:00,934.3,18.4,99,0.3,226.0,0.9,211.0,0.0,,,,,,,,,,2020-11-23T19:58:00,,,,0,,,,,,,,,,,,,,
2020-11-23 21:00:00,934.4,18.4,99,0.3,257.0,1.1,211.0,0.0,,,,,,,,,,2020-11-23T20:01:00,,,,0,,,,,,,,,,,,,,
2020-11-23 22:00:00,934.1,18.5,96,1.0,288.0,2.6,320.0,0.0,,,,,,,,,,2020-11-23T22:00:00,,,,0,,,,,,,,,,,,,,
2020-11-23 23:00:00,934.0,18.1,99,0.3,212.0,1.1,194.0,0.0,,,,,,,,,,2020-11-23T22:03:00,,,,0,,,,,,,,,,,,,,
2020-11-24 00:00:00,933.6,17.9,99,0.7,240.0,1.4,200.0,0.0,,,,,,,,,,2020-11-23T23:35:00,,,,0,,,,,,,,,,,,,,
2020-11-24 01:00:00,933.3,18.0,-9991,0.2,0.0,1.0,209.0,0.0,,,,,,,,,,2020-11-24T00:18:00,,,,0,,,,,,,,,,,,,,
2020-11-24 02:00:00,932.8,18.0,99,0.4,108.0,1.5,118.0,0.0,,,,,,,,,,2020-11-24T01:45:00,,,,0,,,,,,,,,,,,,,
2020-11-24 03:00:00,932.6,17.7,99,0.6,156.0,1.9,134.0,0.0,,,,,,,,,,2020-11-24T03:00:00,,,,0,,,,,,,,,,,,,,
2020-11-24 04:00:00,932.6,17.8,98,0.6,282.0,2.2,289.0,0.0,,,,,,,,,,2020-11-24T03:47:00,,,,0,,,,,,,,,,,,,,
2020-11-24 05:00:00,932.9,17.1,99,0.7,234.0,1.3,214.0,0.0,,,,,,,,,,2020-11-24T04:17:00,,,,0,,,,,,,,,,,,,,
2020-11-24 06:00:00,933.4,17.0,-9991,0.5,195.0,1.6,195.0,0.0,,,,,,,,,,2020-11-24T05:29:00,,,,0,,,,,,,,,,,,,,
2020-11-24 07:00:00,934.1,17.0,99,0.5,190.0,1.5,204.0,0.0,,,,,,,,,,2020-11-24T06:12:00,,,,0,,,,,,,,,,,,,,
2020-11-24 08:00:00,934.4,18.4,96,1.2,131.0,2.6,129.0,0.0,,,,,,,,,,2020-11-24T07:53:00,,,,0,,,,,,,,,,,,,,
2020-11-24 09:00:00,934.8,18.5,98,0.7,58.0,3.6,143.0,0.0,,,,,,,,,,2020-11-24T08:09:00,,,,0,,,,,,,,,,,,,,
2020-11-24 10:00:00,934.5,20.4,87,1.1,108.0,3.0,76.0,0.0,,,,,,,,,,2020-11-24T09:54:00,,,,0,,,,,,,,,,,,,,
2020-11-24 11:00:00,933.5,21.5,82,1.0,116.0,4.1,202.0,0.0,,,,,,,,,,2020-11-24T10:01:00,,,,0,,,,,,,,,,,,,,
2020-11-24 12:00:00,932.8,20.9,84,1.8,115.0,5.0,91.0,0.0,,,,,,,,,,2020-11-24T11:53:00,,,,0,,,,,,,,,,,,,,
2020-11-24 13:00:00,932.1,20.1,91,2.1,108.0,5.3,85.0,0.0,,,,,,,,,,2020-11-24T12:38:00,,,,0,,,,,,,,,,,,,,
2020-11-24 14:00:00,931.5,21.3,85,1.2,82.0,3.8,76.0,0.0,,,,,,,,,,2020-11-24T13:32:00,,,,0,,,,,,,,,,,,,,
2020-11-24 15:00:00,931.3,19.8,93,1.8,127.0,4.7,97.0,0.0,,,,,,,,,,2020-11-24T14:44:00,,,,0,,,,,,,,,,,,,,
2020-11-24 16:00:00,931.6,18.9,97,0.8,148.0,3.2,160.0,0.0,,,,,,,,,,2020-11-24T15:03:00,,,,0,,,,,,,,,,,,,,
2020-11-24 17:00:00,932.2,18.3,98,0.6,167.0,2.9,96.0,0.5,,,,,,,,,,2020-11-24T16:35:00,,,,0,,,,,,,,,,,,,,
2020-11-24 18:00:00,932.7,18.3,98,0.7,137.0,2.0,97.0,0.0,,,,,,,,,,2020-11-24T17:27:00,,,,0,,,,,,,,,,,,,,
2020-11-24 19:00:00,933.2,18.1,98,1.1,167.0,1.9,160.0,0.0,,,,,,,,,,2020-11-24T18:25:00,,,,0,,,,,,,,,,,,,,
2020-11-24 20:00:00,933.8,18.0,99,0.2,0.0,2.9,144.0,0.0,,,,,,,,,,2020-11-24T19:14:00,,,,0,,,,,,,,,,,,,,
2020-11-24 21:00:00,933.9,17.7,-9991,0.1,0.0,0.9,271.0,0.0,,,,,,,,,,2020-11-24T20:09:00,,,,0,,,,,,,,,,,,,,
2020-11-24 22:00:00,934.0,17.7,-9991,0.3,261.0,1.3,199.0,0.0,,,,,,,,,,2020-11-24T21:49:00,,,,0,,,,,,,,,,,,,,
2020-11-24 23:00:00,933.8,17.6,-9991,0.1,0.0,1.0,104.0,0.0,,,,,,,,,,2020-11-24T22:07:00,,,,0,,,,,,,,,,,,,,
2020-11-25 00:00:00,933.5,17.5,-9991,0.1,0.0,0.9,117.0,0.0,,,,,,,,,,2020-11-24T23:28:00,,,,0,,,,,,,,,,,,,,
2020-11-25 01:00:00,933.3,17.2,-9991,0.4,130.0,1.0,129.0,0.0,,,,,,,,,,2020-11-25T00:52:00,,,,0,,,,,,,,,,,,,,
2020-11-25 02:00:00,933.0,17.3,-9991,0.0,0.0,0.6,207.0,0.0,,,,,,,,,,2020-11-25T01:36:00,,,,0,,,,,,,,,,,,,,
2020-11-25 03:00:00,932.6,17.0,-9991,0.2,0.0,0.8,207.0,0.0,,,,,,,,,,2020-11-25T02:20:00,,,,0,,,,,,,,,,,,,,
2020-11-25 04:00:00,932.6,17.3,-9991,0.3,310.0,1.4,100.0,0.0,,,,,,,,,,2020-11-25T03:12:00,,,,0,,,,,,,,,,,,,,
2020-11-25 05:00:00,932.7,16.5,-9991,0.7,217.0,1.1,197.0,0.0,,,,,,,,,,2020-11-25T04:56:00,,,,0,,,,,,,,,,,,,,
2020-11-25 06:00:00,933.1,16.1,99,1.1,229.0,2.1,221.0,0.0,,,,,,,,,,2020-11-25T05:11:00,,,,0,,,,,,,,,,,,,,
2020-11-25 07:00:00,933.5,15.4,99,0.7,228.0,2.3,218.0,0.0,,,,,,,,,,2020-11-25T06:42:00,,,,0,,,,,,,,,,,,,,
2020-11-25 08:00:00,933.9,18.4,84,0.5,353.0,2.4,324.0,0.0,,,,,,,,,,2020-11-25T07:43:00,,,,0,,,,,,,,,,,,,,
2020-11-25 09:00:00,933.8,21.1,78,0.5,92.0,1.5,100.0,0.0,,,,,,,,,,2020-11-25T08:56:00,,,,0,,,,,,,,,,,,,,
2020-11-25 10:00:00,933.6,21.1,75,1.4,93.0,4.3,66.0,0.0,,,,,,,,,,2020-11-25T09:47:00,,,,0,,,,,,,,,,,,,,
2020-11-25 11:00:00,933.0,21.0,79,1.7,91.0,5.7,78.0,0.0,,,,,,,,,,2020-11-25T10:46:00,,,,0,,,,,,,,,,,,,,
2020-11-25 12:00:00,931.8,22.6,73,1.6,101.0,4.9,76.0,0.0,,,,,,,,,,2020-11-25T11:09:00,,,,0,,,,,,,,,,,,,,
2020-11-25 13:00:00,931.0,21.3,79,1.6,84.0,6.3,94.0,0.0,,,,,,,,,,2020-11-25T12:40:00,,,,0,,,,,,,,,,,,,,
2020-11-25 14:00:00,930.5,21.6,74,1.1,119.0,5.4,96.0,0.0,,,,,,,,,,2020-11-25T13:09:00,,,,0,,,,,,,,,,,,,,
2020-11-25 15:00:00,930.3,21.2,78,0.9,179.0,3.8,135.0,0.0,,,,,,,,,,2020-11-25T14:02:00,,,,0,,,,,,,,,,,,,,
2020-11-25 16:00:00,930.9,20.8,79,0.8,62.0,3.4,272.0,0.0,,,,,,,,,,2020-11-25T15:50:00,,,,0,,,,,,,,,,,,,,
2020-11-25 17:00:00,931.5,19.7,86,0.7,194.0,4.2,63.0,0.0,,,,,,,,,,2020-11-25T16:11:00,,,,0,,,,,,,,,,,,,,
2020-11-25 18:00:00,932.1,19.2,86,1.2,145.0,2.6,163.0,0.0,,,,,,,,,,2020-11-25T17:28:00,,,,0,,,,,,,,,,,,,,
2020-11-25 19:00:00,932.7,18.8,90,0.7,146.0,2.2,134.0,0.0,,,,,,,,,,2020-11-25T18:51:00,,,,0,,,,,,,,,,,,,,
2020-11-25 20:00:00,933.2,18.4,93,1.1,221.0,1.5,210.0,0.0,,,,,,,,,,2020-11-25T20:00:00,,,,0,,,,,,,,,,,,,,
2020-11-25 21:00:00,933.4,17.7,95,0.8,203.0,1.5,212.0,0.0,,,,,,,,,,2020-11-25T20:04:00,,,,0,,,,,,,,,,,,,,
2020-11-25 22:00:00,933.4,17.4,96,1.0,214.0,2.0,206.0,0.0,,,,,,,,,,2020-11-25T21:23:00,,,,0,,,,,,,,,,,,,,
2020-11-25 23:00:00,933.3,17.2,88,0.8,253.0,3.1,280.0,0.0,,,,,,,,,,2020-11-25T22:45:00,,,,0,,,,,,,,,,,,,,
2020-11-26 00:00:00,933.1,15.5,96,1.5,232.0,2.5,204.0,0.0,,,,,,,,,,2020-11-25T23:21:00,,,,0,,,,,,,,,,,,,,
2020-11-26 01:00:00,932.7,15.5,90,0.8,169.0,2.6,212.0,0.0,,,,,,,,,,2020-11-26T00:14:00,,,,0,,,,,,,,,,,,,,
2020-11-26 02:00:00,932.9,14.4,93,1.6,206.0,2.6,200.0,0.0,,,,,,,,,,2020-11-26T01:27:00,,,,0,,,,,,,,,,,,,,
2020-11-26 03:00:00,932.7,14.5,89,1.5,219.0,2.7,235.0,0.0,,,,,,,,,,2020-11-26T02:57:00,,,,0,,,,,,,,,,,,,,
2020-11-26 04:00:00,932.6,14.8,86,1.0,258.0,2.8,237.0,0.0,,,,,,,,,,2020-11-26T03:10:00,,,,0,,,,,,,,,,,,,,
2020-11-26 05:00:00,932.8,13.7,91,1.0,227.0,2.2,217.0,0.0,,,,,,,,,,2020-11-26T04:48:00,,,,0,,,,,,,,,,,,,,
2020-11-26 06:00:00,933.2,13.3,91,1.4,210.0,2.3,219.0,0.0,,,,,,,,,,2020-11-26T05:32:00,,,,0,,,,,,,,,,,,,,
2020-11-26 07:00:00,933.9,13.9,87,1.4,220.0,2.3,208.0,0.0,,,,,,,,,,2020-11-26T06:58:00,,,,0,,,,,,,,,,,,,,
2020-11-26 08:00:00,934.1,16.2,82,0.3,182.0,2.0,208.0,0.0,,,,,,,,,,2020-11-26T07:17:00,,,,0,,,,,,,,,,,,,,
2020-11-26 09:00:00,934.1,20.7,64,0.1,0.0,1.0,146.0,0.0,,,,,,,,,,2020-11-26T08:14:00,,,,0,,,,,,,,,,,,,,
2020-11-26 10:00:00,933.9,22.1,55,1.0,113.0,2.3,96.0,0.0,,,,,,,,,,2020-11-26T09:43:00,,,,0,,,,,,,,,,,,,,
2020-11-26 11:00:00,933.2,22.7,63,0.8,118.0,4.3,95.0,0.0,,,,,,,,,,2020-11-26T10:48:00,,,,0,,,,,,,,,,,,,,
2020-11-26 12:00:00,932.3,23.2,64,1.7,69.0,4.7,86.0,0.0,,,,,,,,,,2020-11-26T11:03:00,,,,0,,,,,,,,,,,,,,
2020-11-26 13:00:00,931.0,23.6,65,1.0,78.0,4.1,76.0,0.0,,,,,,,,,,2020-11-26T12:57:00,,,,0,,,,,,,,,,,,,,
2020-11-26 14:00:00,930.5,22.8,68,1.0,153.0,5.4,70.0,0.0,,,,,,,,,,2020-11-26T13:50:00,,,,0,,,,,,,,,,,,,,
2020-11-26 15:00:00,930.7,21.1,76,1.4,140.0,4.6,180.0,0.0,,,,,,,,,,2020-11-26T14:38:00,,,,0,,,,,,,,,,,,,,
2020-11-26 16:00:00,931.3,20.8,77,1.2,108.0,5.5,171.0,0.0,,,,,,,,,,2020-11-26T15:14:00,,,,0,,,,,,,,,,,,,,
2020-11-26 17:00:00,932.2,19.9,82,1.3,153.0,3.3,157.0,0.0,,,,,,,,,,2020-11-26T16:40:00,,,,0,,,,,,,,,,,,,,
2020-11-26 18:00:00,933.0,19.3,87,0.8,171.0,2.2,148.0,0.0,,,,,,,,,,2020-11-26T17:01:00,,,,0,,,,,,,,,,,,,,
2020-11-26 19:00:00,933.7,18.1,91,1.7,180.0,2.8,163.0,0.0,,,,,,,,,,2020-11-26T18:53:00,,,,0,,,,,,,,,,,,,,
2020-11-26 20:00:00,934.2,16.4,95,1.6,203.0,2.8,197.0,0.0,,,,,,,,,,2020-11-26T19:35:00,,,,0,,,,,,,,,,,,,,
2020-11-26 21:00:00,934.6,16.1,97,1.3,209.0,2.4,207.0,0.0,,,,,,,,,,2020-11-26T20:18:00,,,,0,,,,,,,,,,,,,,
2020-11-26 22:00:00,934.5,15.9,96,1.2,212.0,2.2,200.0,0.0,,,,,,,,,,2020-11-26T21:51:00,,,,0,,,,,,,,,,,,,,
2020-11-26 23:00:00,934.5,15.0,94,1.8,210.0,2.6,219.0,0.0,,,,,,,,,,2020-11-26T22:55:00,,,,0,,,,,,,,,,,,,,
2020-11-27 00:00:00,934.1,14.3,92,2.0,207.0,3.1,213.0,0.0,,,,,,,,,,2020-11-26T23:27:00,,,,0,,,,,,,,,,,,,,
2020-11-27 01:00:00,933.7,14.6,84,1.2,220.0,3.7,260.0,0.0,,,,,,,,,,2020-11-27T00:34:00,,,,0,,,,,,,,,,,,,,
2020-11-27 02:00:00,933.3,13.1,90,1.8,222.0,2.9,212.0,0.0,,,,,,,,,,2020-11-27T01:35:00,,,,0,,,,,,,,,,,,,,
2020-11-27 03:00:00,932.9,13.4,84,0.5,224.0,2.9,230.0,0.0,,,,,,,,,,2020-11-27T02:46:00,,,,0,,,,,,,,,,,,,,
2020-11-27 04:00:00,933.6,12.1,90,1.7,221.0,2.7,208.0,0.0,,,,,,,,,,2020-11-27T03:25:00,,,,0,,,,,,,,,,,,,,
2020-11-27 05:00:00,933.9,12.6,81,1.3,216.0,2.6,227.0,0.0,,,,,,,,,,2020-11-27T04:08:00,,,,0,,,,,,,,,,,,,,
2020-11-27 06:00:00,934.5,11.7,86,1.9,219.0,2.9,220.0,0.0,,,,,,,,,,2020-11-27T05:25:00,,,,0,,,,,,,,,,,,,,
2020-11-27 07:00:00,934.9,14.6,65,1.7,296.0,5.1,325.0,0.0,,,,,,,,,,2020-11-27T06:40:00,,,,0,,,,,,,,,,,,,,
2020-11-27 08:00:00,935.3,16.7,65,0.7,120.0,4.5,295.0,0.0,,,,,,,,,,2020-11-27T07:34:00,,,,0,,,,,,,,,,,,,,
2020-11-27 09:00:00,935.4,20.0,47,0.2,0.0,1.0,164.0,0.0,,,,,,,,,,2020-11-27T08:06:00,,,,0,,,,,,,,,,,,,,
2020-11-27 10:00:00,934.6,23.2,41,0.2,0.0,0.9,360.0,0.0,,,,,,,,,,2020-11-27T09:49:00,,,,0,,,,,,,,,,,,,,
2020-11-27 11:00:00,934.1,22.8,55,0.8,75.0,3.8,97.0,0.0,,,,,,,,,,2020-11-27T10:22:00,,,,0,,,,,,,,,,,,,,
2020-11-27 12:00:00,933.1,22.8,66,1.5,93.0,5.2,168.0,0.0,,,,,,,,,,2020-11-27T11:43:00,,,,0,,,,,,,,,,,,,,
2020-11-27 13:00:00,931.9,22.0,68,1.2,55.0,5.0,33.0,0.0,,,,,,,,,,2020-11-27T12:13:00,,,,0,,,,,,,,,,,,,,
2020-11-27 14:00:00,931.7,21.9,70,1.2,121.0,4.7,100.0,0.0,,,,,,,,,,2020-11-27T13:20:00,,,,0,,,,,,,,,,,,,,
2020-11-27 15:00:00,931.8,21.0,74,0.6,134.0,5.3,110.0,0.0,,,,,,,,,,2020-11-27T14:14:00,,,,0,,,,,,,,,,,,,,
2020-11-27 16:00:00,932.0,20.5,77,1.0,119.0,3.1,113.0,0.0,,,,,,,,,,2020-11-27T15:41:00,,,,0,,,,,,,,,,,,,,
2020-11-27 17:00:00,932.6,19.4,85,1.1,170.0,3.1,145.0,0.0,,,,,,,,,,2020-11-27T16:58:00,,,,0,,,,,,,,,,,,,,
2020-11-27 18:00:00,933.2,18.2,91,0.5,208.0,2.8,163.0,0.0,,,,,,,,,,2020-11-27T17:32:00,,,,0,,,,,,,,,,,,,,
2020-11-27 19:00:00,934.0,18.2,91,1.3,124.0,3.4,103.0,0.0,,,,,,,,,,2020-11-27T18:44:00,,,,0,,,,,,,,,,,,,,
2020-11-27 20:00:00,934.7,17.9,94,1.0,143.0,3.1,110.0,0.0,,,,,,,,,,2020-11-27T19:01:00,,,,0,,,,,,,,,,,,,,
2020-11-27 21:00:00,934.7,17.4,97,0.2,0.0,2.5,122.0,0.0,,,,,,,,,,2020-11-27T20:01:00,,,,0,,,,,,,,,,,,,,
2020-11-27 22:00:00,934.9,17.0,-9991,0.3,166.0,2.9,119.0,0.0,,,,,,,,,,2020-11-27T21:30:00,,,,0,,,,,,,,,,,,,,
2020-11-27 23:00:00,934.8,17.0,98,0.9,126.0,2.3,164.0,0.0,,,,,,,,,,2020-11-27T22:29:00,,,,0,,,,,,,,,,,,,,
2020-11-28 00:00:00,934.4,16.7,97,0.7,187.0,2.1,134.0,0.0,,,,,,,,,,2020-11-27T23:27:00,,,,0,,,,,,,,,,,,,,
2020-11-28 01:00:00,933.9,15.9,98,0.8,216.0,1.4,267.0,0.0,,,,,,,,,,2020-11-28T00:11:00,,,,0,,,,,,,,,,,,,,
2020-11-28 02:00:00,933.7,16.0,-9991,0.6,204.0,2.0,200.0,0.0,,,,,,,,,,2020-11-28T01:11:00,,,,0,,,,,,,,,,,,,,
2020-11-28 03:00:00,933.5,16.4,99,0.1,0.0,1.1,225.0,0.0,,,,,,,,,,2020-11-28T02:19:00,,,,0,,,,,,,,,,,,,,
2020-11-28 04:00:00,933.5,15.9,97,0.7,245.0,1.3,244.0,0.0,,,,,,,,,,2020-11-28T03:55:00,,,,0,,,,,,,,,,,,,,
2020-11-28 05:00:00,933.6,14.4,98,1.1,211.0,1.9,225.0,0.0,,,,,,,,,,2020-11-28T04:33:00,,,,0,,,,,,,,,,,,,,
2020-11-28 06:00:00,934.2,14.3,98,1.1,237.0,2.3,221.0,0.0,,,,,,,,,,2020-11-28T05:30:00,,,,0,,,,,,,,,,,,,,
2020-11-28 07:00:00,934.6,14.3,98,0.7,181.0,2.4,230.0,0.0,,,,,,,,,,2020-11-28T06:10:00,,,,0,,,,,,,,,,,,,,
2020-11-28 08:00:00,935.2,16.9,88,0.2,0.0,1.2,360.0,0.0,,,,,,,,,,2020-11-28T07:59:00,,,,0,,,,,,,,,,,,,,
2020-11-28 09:00:00,935.5,18.9,80,0.5,44.0,1.5,69.0,0.0,,,,,,,,,,2020-11-28T08:59:00,,,,0,,,,,,,,,,,,,,
2020-11-28 10:00:00,935.5,18.7,84,1.4,100.0,3.5,68.0,0.0,,,,,,,,,,2020-11-28T09:10:00,,,,0,,,,,,,,,,,,,,
2020-11-28 11:00:00,934.9,19.3,82,0.8,108.0,3.9,91.0,0.0,,,,,,,,,,2020-11-28T10:09:00,,,,0,,,,,,,,,,,,,,
2020-11-28 12:00:00,933.9,20.2,80,0.9,95.0,3.7,52.0,0.0,,,,,,,,,,2020-11-28T11:20:00,,,,0,,,,,,,,,,,,,,
2020-11-28 13:00:00,932.6,20.2,81,1.5,97.0,4.8,62.0,0.0,,,,,,,,,,2020-11-28T12:20:00,,,,0,,,,,,,,,,,,,,
2020-11-28 14:00:00,932.0,18.5,86,1.6,96.0,5.3,95.0,0.0,,,,,,,,,,2020-11-28T13:58:00,,,,0,,,,,,,,,,,,,,
2020-11-28 15:00:00,931.9,18.2,87,0.5,105.0,4.4,45.0,0.0,,,,,,,,,,2020-11-28T14:13:00,,,,0,,,,,,,,,,,,,,
2020-11-28 16:00:00,932.2,17.7,90,0.7,88.0,3.9,92.0,0.0,,,,,,,,,,2020-11-28T15:17:00,,,,0,,,,,,,,,,,,,,
2020-11-28 17:00:00,932.9,17.1,91,0.4,180.0,4.1,102.0,0.0,,,,,,,,,,2020-11-28T16:12:00,,,,0,,,,,,,,,,,,,,
2020-11-28 18:00:00,933.2,16.7,94,0.0,0.0,2.6,129.0,0.0,,,,,,,,,,2020-11-28T17:27:00,,,,0,,,,,,,,,,,,,,
2020-11-28 19:00:00,933.8,15.9,97,0.0,0.0,1.6,104.0,0.0,,,,,,,,,,2020-11-28T18:20:00,,,,0,,,,,,,,,,,,,,
2020-11-28 20:00:00,934.4,16.1,98,0.4,211.0,2.2,130.0,0.0,,,,,,,,,,2020-11-28T19:25:00,,,,0,,,,,,,,,,,,,,
2020-11-28 21:00:00,934.4,15.9,-9991,0.3,113.0,1.0,102.0,0.0,,,,,,,,,,2020-11-28T20:51:00,,,,0,,,,,,,,,,,,,,
2020-11-28 22:00:00,934.3,15.6,-9991,0.1,0.0,0.8,231.0,0.0,,,,,,,,,,2020-11-28T21:47:00,,,,0,,,,,,,,,,,,,,
2020-11-28 23:00:00,934.0,15.6,-9991,0.5,183.0,1.0,196.0,0.0,,,,,,,,,,2020-11-28T23:00:00,,,,0,,,,,,,,,,,,,,
2020-11-29 00:00:00,933.8,15.3,-9991,0.3,187.0,1.6,211.0,0.0,,,,,,,,,,2020-11-28T23:43:00,,,,0,,,,,,,,,,,,,,
2020-11-29 01:00:00,933.7,15.0,99,0.8,219.0,1.3,202.0,0.0,,,,,,,,,,2020-11-29T00:55:00,,,,0,,,,,,,,,,,,,,
2020-11-29 02:00:00,933.3,14.7,96,0.6,227.0,2.6,264.0,0.0,,,,,,,,,,2020-11-29T01:28:00,,,,0,,,,,,,,,,,,,,
2020-11-29 03:00:00,932.9,13.3,98,1.8,213.0,2.4,207.0,0.0,,,,,,,,,,2020-11-29T02:54:00,,,,0,,,,,,,,,,,,,,
2020-11-29 04:00:00,933.0,13.0,97,1.1,207.0,2.5,204.0,0.0,,,,,,,,,,2020-11-29T03:34:00,,,,0,,,,,,,,,,,,,,
2020-11-29 05:00:00,933.0,13.2,94,0.9,220.0,2.5,212.0,0.0,,,,,,,,,,2020-11-29T04:46:00,,,,0,,,,,,,,,,,,,,
2020-11-29 06:00:00,933.6,12.8,97,1.1,233.0,1.9,223.0,0.0,,,,,,,,,,2020-11-29T05:56:00,,,,0,,,,,,,,,,,,,,
2020-11-29 07:00:00,934.1,13.5,97,0.3,201.0,2.0,220.0,0.0,,,,,,,,,,2020-11-29T06:09:00,,,,0,,,,,,,,,,,,,,
2020-11-29 08:00:00,934.4,15.2,92,0.2,0.0,1.4,103.0,0.0,,,,,,,,,,2020-11-29T07:16:00,,,,0,,,,,,,,,,,,,,
2020-11-29 09:00:00,934.8,17.2,83,0.1,0.0,1.4,102.0,0.0,,,,,,,,,,2020-11-29T08:37:00,,,,0,,,,,,,,,,,,,,
2020-11-29 10:00:00,934.8,17.9,79,1.3,84.0,4.6,104.0,0.0,,,,,,,,,,2020-11-29T09:46:00,,,,0,,,,,,,,,,,,,,
2020-11-29 11:00:00,934.3,19.2,81,1.6,71.0,4.3,92.0,0.0,,,,,,,,,,2020-11-29T10:53:00,,,,0,,,,,,,,,,,,,,
2020-11-29 12:00:00,933.6,19.1,81,1.3,73.0,4.8,75.0,0.0,,,,,,,,,,2020-11-29T11:04:00,,,,0,,,,,,,,,,,,,,
2020-11-29 13:00:00,932.7,19.2,82,1.1,106.0,5.5,140.0,0.0,,,,,,,,,,2020-11-29T12:12:00,,,,0,,,,,,,,,,,,,,
2020-11-29 14:00:00,932.2,18.8,84,1.7,123.0,4.2,92.0,0.0,,,,,,,,,,2020-11-29T13:39:00,,,,0,,,,,,,,,,,,,,
2020-11-29 15:00:00,932.2,17.8,88,1.1,107.0,4.6,121.0,0.0,,,,,,,,,,2020-11-29T14:17:00,,,,0,,,,,,,,,,,,,,
2020-11-29 16:00:00,932.4,17.2,88,0.8,128.0,3.8,83.0,0.0,,,,,,,,,,2020-11-29T15:06:00,,,,0,,,,,,,,,,,,,,
2020-11-29 17:00:00,933.1,16.1,93,1.5,148.0,4.0,134.0,0.0,,,,,,,,,,2020-11-29T16:44:00,,,,0,,,,,,,,,,,,,,
2020-11-29 18:00:00,933.6,15.9,95,0.3,315.0,3.5,121.0,0.0,,,,,,,,,,2020-11-29T17:10:00,,,,0,,,,,,,,,,,,,,
2020-11-29 19:00:00,934.4,15.5,97,0.0,0.0,1.0,136.0,0.0,,,,,,,,,,2020-11-29T18:01:00,,,,0,,,,,,,,,,,,,,
2020-11-29 20:00:00,935.0,15.2,99,0.1,0.0,1.2,138.0,0.0,,,,,,,,,,2020-11-29T19:31:00,,,,0,,,,,,,,,,,,,,
2020-11-29 21:00:00,935.4,15.1,99,0.3,94.0,1.4,117.0,0.0,,,,,,,,,,2020-11-29T20:45:00,,,,0,,,,,,,,,,,,,,
2020-11-29 22:00:00,935.4,14.8,100,0.1,0.0,0.7,133.0,0.0,,,,,,,,,,2020-11-29T21:16:00,,,,0,,,,,,,,,,,,,,
2020-11-29 23:00:00,935.3,15.0,100,0.2,0.0,2.5,97.0,0.0,,,,,,,,,,2020-11-29T22:39:00,,,,0,,,,,,,,,,,,,,
2020-11-30 00:00:00,935.1,15.1,100,0.2,0.0,0.9,99.0,0.0,,,,,,,,,,2020-11-29T23:12:00,,,,0,,,,,,,,,,,,,,
2020-11-30 01:00:00,935.0,14.8,100,0.4,106.0,2.1,183.0,0.0,,,,,,,,,,2020-11-30T00:19:00,,,,0,,,,,,,,,,,,,,
2020-11-30 02:00:00,934.5,14.8,100,0.0,0.0,0.6,8.0,0.0,,,,,,,,,,2020-11-30T01:01:00,,,,0,,,,,,,,,,,,,,
2020-11-30 03:00:00,934.1,14.7,100,0.0,0.0,0.5,48.0,0.0,,,,,,,,,,2020-11-30T02:48:00,,,,0,,,,,,,,,,,,,,
2020-11-30 04:00:00,934.1,14.7,100,1.0,207.0,1.5,204.0,0.0,,,,,,,,,,2020-11-30T03:54:00,,,,0,,,,,,,,,,,,,,
2020-11-30 05:00:00,934.4,14.8,100,0.0,0.0,1.3,174.0,0.0,,,,,,,,,,2020-11-30T04:01:00,,,,0,,,,,,,,,,,,,,
2020-11-30 06:00:00,934.5,14.8,100,0.0,0.0,1.1,129.0,0.0,,,,,,,,,,2020-11-30T05:21:00,,,,0,,,,,,,,,,,,,,
2020-11-30 07:00:00,935.0,14.8,100,0.5,169.0,1.7,240.0,0.0,,,,,,,,,,2020-11-30T06:40:00,,,,0,,,,,,,,,,,,,,
2020-11-30 08:00:00,935.4,15.5,99,1.1,77.0,2.2,87.0,0.0,,,,,,,,,,2020-11-30T07:57:00,,,,0,,,,,,,,,,,,,,
2020-11-30 09:00:00,936.1,15.8,95,0.7,111.0,3.1,79.0,0.0,,,,,,,,,,2020-11-30T08:03:00,,,,0,,,,,,,,,,,,,,
2020-11-30 10:00:00,935.8,17.2,88,0.6,58.0,3.3,72.0,0.0,,,,,,,,,,2020-11-30T09:48:00,,,,0,,,,,,,,,,,,,,
2020-11-30 11:00:00,935.3,17.4,86,0.7,92.0,3.3,111.0,0.0,,,,,,,,,,2020-11-30T10:41:00,,,,0,,,,,,,,,,,,,,
2020-11-30 12:00:00,934.7,17.3,86,1.5,142.0,3.8,79.0,0.0,,,,,,,,,,2020-11-30T11:47:00,,,,0,,,,,,,,,,,,,,
2020-11-30 13:00:00,933.2,18.5,81,0.6,79.0,3.4,149.0,0.0,,,,,,,,,,2020-11-30T12:01:00,,,,0,,,,,,,,,,,,,,
2020-11-30 14:00:00,932.7,17.6,86,0.7,92.0,4.7,89.0,0.0,,,,,,,,,,2020-11-30T13:27:00,,,,0,,,,,,,,,,,,,,
2020-11-30 15:00:00,932.6,17.5,85,0.3,152.0,2.7,58.0,0.0,,,,,,,,,,2020-11-30T14:28:00,,,,0,,,,,,,,,,,,,,
2020-11-30 16:00:00,932.7,16.9,86,0.3,142.0,2.4,101.0,0.0,,,,,,,,,,2020-11-30T15:50:00,,,,0,,,,,,,,,,,,,,
2020-11-30 17:00:00,933.5,16.0,90,1.3,147.0,3.2,137.0,0.0,,,,,,,,,,2020-11-30T16:38:00,,,,0,,,,,,,,,,,,,,
2020-11-30 18:00:00,934.2,15.4,94,1.5,135.0,3.0,175.0,0.0,,,,,,,,,,2020-11-30T17:03:00,,,,0,,,,,,,,,,,,,,
2020-11-30 19:00:00,934.9,14.9,97,0.3,94.0,2.8,130.0,0.0,,,,,,,,,,2020-11-30T18:02:00,,,,0,,,,,,,,,,,,,,
2020-11-30 20:00:00,935.6,14.5,96,1.3,126.0,2.5,96.0,0.0,,,,,,,,,,2020-11-30T20:00:00,,,,0,,,,,,,,,,,,,,
2020-11-30 21:00:00,935.5,14.7,96,0.4,269.0,2.1,142.0,0.0,,,,,,,,,,2020-11-30T20:01:00,,,,0,,,,,,,,,,,,,,
2020-11-30 22:00:00,934.8,15.4,92,0.9,274.0,3.9,302.0,0.0,,,,,,,,,,2020-11-30T21:24:00,,,,0,,,,,,,,,,,,,,
2020-11-30 23:00:00,934.8,14.6,95,0.7,197.0,2.6,120.0,0.0,,,,,,,,,,2020-11-30T22:39:00,,,,0,,,,,,,,,,,,,,
2020-12-01 00:00:00,934.7,13.5,97,1.0,242.0,1.9,225.0,0.0,,,,,,,,,,2020-11-30T23:26:00,,,,0,,,,,,,,,,,,,,
2020-12-01 01:00:00,934.5,13.1,99,0.9,200.0,2.1,226.0,0.0,,,,,,,,,,2020-12-01T00:09:00,,,,0,,,,,,,,,,,,,,
2020-12-01 02:00:00,934.1,13.2,99,0.9,198.0,1.7,207.0,0.0,,,,,,,,,,2020-12-01T01:29:00,,,,0,,,,,,,,,,,,,,
2020-12-01 03:00:00,933.8,13.6,98,0.5,245.0,1.8,218.0,0.0,,,,,,,,,,2020-12-01T02:23:00,,,,0,,,,,,,,,,,,,,
2020-12-01 04:00:00,933.6,13.7,97,0.3,235.0,1.4,252.0,0.0,,,,,,,,,,2020-12-01T03:45:00,,,,0,,,,,,,,,,,,,,
2020-12-01 05:00:00,934.0,13.6,99,0.4,182.0,1.7,186.0,0.0,,,,,,,,,,2020-12-01T04:23:00,,,,0,,,,,,,,,,,,,,
2020-12-01 06:00:00,934.7,14.1,97,0.5,231.0,1.4,195.0,0.0,,,,,,,,,,2020-12-01T05:02:00,,,,0,,,,,,,,,,,,,,
2020-12-01 07:00:00,934.7,14.5,94,0.7,214.0,3.0,287.0,0.0,,,,,,,,,,2020-12-01T06:16:00,,,,0,,,,,,,,,,,,,,
2020-12-01 08:00:00,935.3,15.6,92,0.3,31.0,1.5,79.0,0.0,,,,,,,,,,2020-12-01T07:01:00,,,,0,,,,,,,,,,,,,,
2020-12-01 09:00:00,935.6,16.7,88,0.8,64.0,1.5,94.0,0.0,,,,,,,,,,2020-12-01T08:54:00,,,,0,,,,,,,,,,,,,,
2020-12-01 10:00:00,934.4,19.5,72,1.0,8.0,3.6,355.0,0.0,,,,,,,,,,2020-12-01T09:41:00,,,,0,,,,,,,,,,,,,,
2020-12-01 11:00:00,933.6,19.6,77,0.8,168.0,5.5,106.0,0.0,,,,,,,,,,2020-12-01T10:39:00,,,,0,,,,,,,,,,,,,,
2020-12-01 12:00:00,932.7,19.2,79,1.6,84.0,6.4,78.0,0.0,,,,,,,,,,2020-12-01T11:44:00,,,,0,,,,,,,,,,,,,,
2020-12-01 13:00:00,931.7,19.2,78,1.3,30.0,5.3,86.0,0.0,,,,,,,,,,2020-12-01T12:44:00,,,,0,,,,,,,,,,,,,,
2020-12-01 14:00:00,931.1,18.9,77,1.4,107.0,6.4,80.0,0.0,,,,,,,,,,2020-12-01T13:10:00,,,,0,,,,,,,,,,,,,,
2020-12-01 15:00:00,930.9,18.4,81,0.9,114.0,4.2,84.0,0.0,,,,,,,,,,2020-12-01T14:12:00,,,,0,,,,,,,,,,,,,,
2020-12-01 16:00:00,931.2,17.4,85,1.9,135.0,3.8,82.0,0.0,,,,,,,,,,2020-12-01T16:00:00,,,,0,,,,,,,,,,,,,,
2020-12-01 17:00:00,931.8,16.7,88,1.6,129.0,5.2,152.0,0.0,,,,,,,,,,2020-12-01T16:03:00,,,,0,,,,,,,,,,,,,,
2020-12-01 18:00:00,932.6,15.9,91,1.1,147.0,2.8,121.0,0.0,,,,,,,,,,2020-12-01T17:52:00,,,,0,,,,,,,,,,,,,,
2020-12-01 19:00:00,932.7,15.0,94,1.2,221.0,2.1,218.0,0.0,,,,,,,,,,2020-12-01T18:53:00,,,,0,,,,,,,,,,,,,,
2020-12-01 20:00:00,933.1,15.1,97,0.7,154.0,3.2,182.0,0.0,,,,,,,,,,2020-12-01T19:18:00,,,,0,,,,,,,,,,,,,,
2020-12-01 21:00:00,932.9,14.4,97,0.3,243.0,1.6,203.0,0.0,,,,,,,,,,2020-12-01T20:44:00,,,,0,,,,,,,,,,,,,,
2020-12-01 22:00:00,932.9,14.7,99,0.1,0.0,1.8,147.0,0.0,,,,,,,,,,2020-12-01T21:29:00,,,,0,,,,,,,,,,,,,,
2020-12-01 23:00:00,932.7,14.9,99,0.2,0.0,1.3,283.0,0.0,,,,,,,,,,2020-12-01T22:45:00,,,,0,,,,,,,,,,,,,,
2020-12-02 00:00:00,932.4,15.0,98,0.1,0.0,0.9,260.0,0.0,,,,,,,,,,2020-12-01T23:38:00,,,,0,,,,,,,,,,,,,,
2020-12-02 01:00:00,932.0,14.2,97,0.7,239.0,1.4,231.0,0.0,,,,,,,,,,2020-12-02T00:49:00,,,,0,,,,,,,,,,,,,,
2020-12-02 02:00:00,931.6,13.0,97,1.4,209.0,2.2,211.0,0.0,,,,,,,,,,2020-12-02T01:52:00,,,,0,,,,,,,,,,,,,,
2020-12-02 03:00:00,931.7,12.7,99,1.2,223.0,2.4,221.0,0.0,,,,,,,,,,2020-12-02T02:58:00,,,,0,,,,,,,,,,,,,,
2020-12-02 04:00:00,931.5,12.3,98,1.2,227.0,2.8,246.0,0.0,,,,,,,,,,2020-12-02T03:19:00,,,,0,,,,,,,,,,,,,,
2020-12-02 05:00:00,931.6,11.9,97,1.7,202.0,2.3,218.0,0.0,,,,,,,,,,2020-12-02T04:02:00,,,,0,,,,,,,,,,,,,,
2020-12-02 06:00:00,931.9,12.4,95,1.1,235.0,2.2,229.0,0.0,,,,,,,,,,2020-12-02T05:43:00,,,,0,,,,,,,,,,,,,,
2020-12-02 07:00:00,931.7,14.1,86,0.8,267.0,3.2,292.0,0.0,,,,,,,,,,2020-12-02T06:36:00,,,,0,,,,,,,,,,,,,,
2020-12-02 08:00:00,932.3,15.7,83,0.6,122.0,4.5,336.0,0.0,,,,,,,,,,2020-12-02T07:01:00,,,,0,,,,,,,,,,,,,,
2020-12-02 09:00:00,932.3,19.2,74,0.4,64.0,1.4,90.0,0.0,,,,,,,,,,2020-12-02T08:51:00,,,,0,,,,,,,,,,,,,,
2020-12-02 10:00:00,931.8,19.6,68,1.6,128.0,4.2,94.0,0.0,,,,,,,,,,2020-12-02T09:55:00,,,,0,,,,,,,,,,,,,,
2020-12-02 11:00:00,931.3,20.5,69,0.8,82.0,4.1,78.0,0.0,,,,,,,,,,2020-12-02T10:22:00,,,,0,,,,,,,,,,,,,,
2020-12-02 12:00:00,930.5,21.1,69,1.4,153.0,4.2,69.0,0.0,,,,,,,,,,2020-12-02T11:18:00,,,,0,,,,,,,,,,,,,,
2020-12-02 13:00:00,929.4,20.5,71,2.3,115.0,7.2,84.0,0.0,,,,,,,,,,2020-12-02T12:44:00,,,,0,,,,,,,,,,,,,,
2020-12-02 14:00:00,929.1,19.7,76,2.6,95.0,6.9,92.0,0.0,,,,,,,,,,2020-12-02T13:56:00,,,,0,,,,,,,,,,,,,,
2020-12-02 15:00:00,929.2,19.2,78,0.9,88.0,6.4,109.0,0.0,,,,,,,,,,2020-12-02T14:02:00,,,,0,,,,,,,,,,,,,,
2020-12-02 16:00:00,929.4,18.3,81,1.6,122.0,4.6,88.0,0.0,,,,,,,,,,2020-12-02T15:03:00,,,,0,,,,,,,,,,,,,,
2020-12-02 17:00:00,929.9,17.4,85,0.5,179.0,3.9,80.0,0.0,,,,,,,,,,2020-12-02T16:01:00,,,,0,,,,,,,,,,,,,,
2020-12-02 18:00:00,930.5,16.8,87,1.1,163.0,3.4,131.0,0.0,,,,,,,,,,2020-12-02T17:09:00,,,,0,,,,,,,,,,,,,,
2020-12-02 19:00:00,931.0,16.4,89,0.9,129.0,2.8,162.0,0.0,,,,,,,,,,2020-12-02T18:23:00,,,,0,,,,,,,,,,,,,,
2020-12-02 20:00:00,931.7,16.0,89,0.9,154.0,2.9,125.0,0.0,,,,,,,,,,2020-12-02T19:06:00,,,,0,,,,,,,,,,,,,,
2020-12-02 21:00:00,931.9,15.5,93,1.2,166.0,2.9,151.0,0.0,,,,,,,,,,2020-12-02T20:06:00,,,,0,,,,,,,,,,,,,,
2020-12-02 22:00:00,931.7,15.2,96,0.6,210.0,1.8,172.0,0.0,,,,,,,,,,2020-12-02T21:21:00,,,,0,,,,,,,,,,,,,,
2020-12-02 23:00:00,931.2,15.3,95,0.7,236.0,1.5,318.0,0.0,,,,,,,,,,2020-12-02T22:27:00,,,,0,,,,,,,,,,,,,,
2020-12-03 00:00:00,930.7,15.2,97,0.0,0.0,1.1,269.0,0.0,,,,,,,,,,2020-12-02T23:01:00,,,,0,,,,,,,,,,,,,,
2020-12-03 01:00:00,930.2,15.0,94,1.2,137.0,2.2,99.0,0.0,,,,,,,,,,2020-12-03T00:48:00,,,,0,,,,,,,,,,,,,,
2020-12-03 02:00:00,930.0,14.7,95,0.5,134.0,3.1,95.0,0.0,,,,,,,,,,2020-12-03T01:22:00,,,,0,,,,,,,,,,,,,,
2020-12-03 03:00:00,930.2,14.5,93,0.8,175.0,1.9,105.0,0.0,,,,,,,,,,2020-12-03T02:02:00,,,,0,,,,,,,,,,,,,,
2020-12-03 04:00:00,930.1,14.3,97,0.1,0.0,0.8,175.0,0.0,,,,,,,,,,2020-12-03T03:01:00,,,,0,,,,,,,,,,,,,,
2020-12-03 05:00:00,930.1,14.2,94,1.0,171.0,2.1,208.0,0.0,,,,,,,,,,2020-12-03T04:59:00,,,,0,,,,,,,,,,,,,,
2020-12-03 06:00:00,930.7,14.1,98,0.0,0.0,1.7,111.0,0.0,,,,,,,,,,2020-12-03T05:06:00,,,,0,,,,,,,,,,,,,,
2020-12-03 07:00:00,931.3,14.0,99,0.0,0.0,0.8,197.0,0.0,,,,,,,,,,2020-12-03T06:20:00,,,,0,,,,,,,,,,,,,,
2020-12-03 08:00:00,931.3,14.7,97,0.1,0.0,0.8,290.0,0.5,,,,,,,,,,2020-12-03T07:51:00,,,,0,,,,,,,,,,,,,,
2020-12-03 09:00:00,931.6,15.1,95,0.8,96.0,2.5,95.0,0.0,,,,,,,,,,2020-12-03T08:33:00,,,,0,,,,,,,,,,,,,,
2020-12-03 10:00:00,931.2,15.5,98,1.3,108.0,2.7,103.0,0.0,,,,,,,,,,2020-12-03T09:54:00,,,,0,,,,,,,,,,,,,,
2020-12-03 11:00:00,930.8,15.4,94,0.7,174.0,3.1,59.0,0.0,,,,,,,,,,2020-12-03T10:49:00,,,,0,,,,,,,,,,,,,,
2020-12-03 12:00:00,930.2,15.1,97,0.8,51.0,3.6,110.0,1.0,,,,,,,,,,2020-12-03T11:32:00,,,,0,,,,,,,,,,,,,,
2020-12-03 13:00:00,929.3,15.3,97,0.7,28.0,3.2,81.0,0.0,,,,,,,,,,2020-12-03T12:36:00,,,,0,,,,,,,,,,,,,,
2020-12-03 14:00:00,929.3,14.8,96,1.2,141.0,4.7,60.0,0.5,,,,,,,,,,2020-12-03T13:12:00,,,,0,,,,,,,,,,,,,,
2020-12-03 15:00:00,929.4,14.6,96,0.7,100.0,2.5,114.0,0.0,,,,,,,,,,2020-12-03T14:19:00,,,,0,,,,,,,,,,,,,,
2020-12-03 16:00:00,929.4,14.5,96,1.1,146.0,3.3,117.0,0.0,,,,,,,,,,2020-12-03T15:33:00,,,,0,,,,,,,,,,,,,,
2020-12-03 17:00:00,930.1,14.2,96,1.0,136.0,2.0,113.0,0.0,,,,,,,,,,2020-12-03T16:45:00,,,,0,,,,,,,,,,,,,,
2020-12-03 18:00:00,930.4,13.9,100,0.0,0.0,2.2,124.0,0.0,,,,,,,,,,2020-12-03T17:02:00,,,,0,,,,,,,,,,,,,,
2020-12-03 19:00:00,930.7,13.8,98,0.6,118.0,1.7,127.0,0.0,,,,,,,,,,2020-12-03T18:21:00,,,,0,,,,,,,,,,,,,,
2020-12-03 20:00:00,931.4,13.7,97,0.7,148.0,2.0,130.0,0.0,,,,,,,,,,2020-12-03T19:24:00,,,,0,,,,,,,,,,,,,,
2020-12-03 21:00:00,931.2,13.4,100,0.1,0.0,1.4,127.0,0.5,,,,,,,,,,2020-12-03T20:11:00,,,,0,,,,,,,,,,,,,,
2020-12-03 22:00:00,931.4,13.4,100,0.0,0.0,0.4,136.0,0.5,,,,,,,,,,2020-12-03T21:15:00,,,,0,,,,,,,,,,,,,,
2020-12-03 23:00:00,931.2,13.5,100,0.3,117.0,1.5,105.0,0.0,,,,,,,,,,2020-12-03T22:37:00,,,,0,,,,,,,,,,,,,,
2020-12-04 00:00:00,931.0,13.4,99,1.0,142.0,2.4,121.0,0.0,,,,,,,,,,2020-12-03T23:26:00,,,,0,,,,,,,,,,,,,,
2020-12-04 01:00:00,930.9,13.5,100,0.0,0.0,2.4,136.0,0.0,,,,,,,,,,2020-12-04T00:23:00,,,,0,,,,,,,,,,,,,,
2020-12-04 02:00:00,930.6,13.4,100,0.0,0.0,0.4,131.0,0.0,,,,,,,,,,2020-12-04T01:57:00,,,,0,,,,,,,,,,,,,,
2020-12-04 03:00:00,930.5,13.3,100,0.0,0.0,1.1,117.0,0.5,,,,,,,,,,2020-12-04T02:23:00,,,,0,,,,,,,,,,,,,,
2020-12-04 04:00:00,930.2,13.3,100,0.4,102.0,1.0,260.0,0.0,,,,,,,,,,2020-12-04T03:12:00,,,,0,,,,,,,,,,,,,,
2020-12-04 05:00:00,930.3,13.4,100,0.0,0.0,0.5,260.0,0.0,,,,,,,,,,2020-12-04T04:03:00,,,,0,,,,,,,,,,,,,,
2020-12-04 06:00:00,930.6,13.4,100,0.0,0.0,0.0,0.0,0.0,,,,,,,,,,2020-12-04T05:05:00,,,,0,,,,,,,,,,,,,,
2020-12-04 07:00:00,931.1,13.8,100,0.1,0.0,1.0,83.0,0.0,,,,,,,,,,2020-12-04T06:46:00,,,,0,,,,,,,,,,,,,,
2020-12-04 08:00:00,931.6,14.9,99,0.2,0.0,0.8,25.0,0.0,,,,,,,,,,2020-12-04T07:49:00,,,,0,,,,,,,,,,,,,,
2020-12-04 09:00:00,932.0,16.0,91,0.8,48.0,1.8,57.0,0.0,,,,,,,,,,2020-12-04T08:57:00,,,,0,,,,,,,,,,,,,,
2020-12-04 10:00:00,931.6,17.7,83,0.5,48.0,2.1,136.0,0.0,,,,,,,,,,2020-12-04T09:32:00,,,,0,,,,,,,,,,,,,,
2020-12-04 11:00:00,930.9,18.0,82,0.5,62.0,4.5,87.0,0.0,,,,,,,,,,2020-12-04T10:28:00,,,,0,,,,,,,,,,,,,,
2020-12-04 12:00:00,930.1,17.8,83,1.1,59.0,3.6,76.0,0.0,,,,,,,,,,2020-12-04T11:18:00,,,,0,,,,,,,,,,,,,,
2020-12-04 13:00:00,929.3,17.9,82,0.6,55.0,3.0,71.0,0.0,,,,,,,,,,2020-12-04T12:19:00,,,,0,,,,,,,,,,,,,,
2020-12-04 14:00:00,929.0,17.2,82,1.4,104.0,4.6,79.0,0.0,,,,,,,,,,2020-12-04T13:56:00,,,,0,,,,,,,,,,,,,,
2020-12-04 15:00:00,929.1,16.5,83,1.6,111.0,4.7,103.0,0.0,,,,,,,,,,2020-12-04T14:51:00,,,,0,,,,,,,,,,,,,,
2020-12-04 16:00:00,929.5,15.9,85,0.5,102.0,5.0,84.0,0.0,,,,,,,,,,2020-12-04T15:12:00,,,,0,,,,,,,,,,,,,,
2020-12-04 17:00:00,930.2,15.5,87,0.9,111.0,3.2,78.0,0.0,,,,,,,,,,2020-12-04T16:54:00,,,,0,,,,,,,,,,,,,,
2020-12-04 18:00:00,930.5,15.1,91,0.6,168.0,1.9,205.0,0.0,,,,,,,,,,2020-12-04T17:01:00,,,,0,,,,,,,,,,,,,,
2020-12-04 19:00:00,931.1,15.0,91,0.7,178.0,2.6,113.0,0.0,,,,,,,,,,2020-12-04T18:35:00,,,,0,,,,,,,,,,,,,,
2020-12-04 20:00:00,931.7,14.9,92,0.1,0.0,1.5,131.0,0.0,,,,,,,,,,2020-12-04T19:47:00,,,,0,,,,,,,,,,,,,,
2020-12-04 21:00:00,932.0,14.5,93,1.0,168.0,2.5,118.0,0.0,,,,,,,,,,2020-12-04T20:14:00,,,,0,,,,,,,,,,,,,,
2020-12-04 22:00:00,932.2,14.4,93,0.4,238.0,1.7,143.0,0.0,,,,,,,,,,2020-12-04T21:03:00,,,,0,,,,,,,,,,,,,,
2020-12-04 23:00:00,932.1,14.4,93,0.0,0.0,0.8,292.0,0.0,,,,,,,,,,2020-12-04T22:49:00,,,,0,,,,,,,,,,,,,,
2020-12-05 00:00:00,932.0,14.3,97,0.2,0.0,0.6,142.0,0.0,,,,,,,,,,2020-12-04T23:59:00,,,,0,,,,,,,,,,,,,,
2020-12-05 01:00:00,931.9,14.1,93,0.9,139.0,2.1,147.0,0.0,,,,,,,,,,2020-12-05T00:42:00,,,,0,,,,,,,,,,,,,,
2020-12-05 02:00:00,931.7,13.9,96,0.0,0.0,2.3,133.0,0.0,,,,,,,,,,2020-12-05T01:15:00,,,,0,,,,,,,,,,,,,,
2020-12-05 03:00:00,931.8,13.8,96,0.7,212.0,1.4,213.0,0.0,,,,,,,,,,2020-12-05T02:56:00,,,,0,,,,,,,,,,,,,,
2020-12-05 04:00:00,931.6,13.7,98,0.0,0.0,0.9,196.0,0.0,,,,,,,,,,2020-12-05T03:01:00,,,,0,,,,,,,,,,,,,,
2020-12-05 05:00:00,931.7,13.5,100,0.0,0.0,0.3,55.0,0.0,,,,,,,,,,2020-12-05T04:52:00,,,,0,,,,,,,,,,,,,,
2020-12-05 06:00:00,932.1,13.5,100,0.0,0.0,0.6,303.0,0.0,,,,,,,,,,2020-12-05T05:22:00,,,,0,,,,,,,,,,,,,,
2020-12-05 07:00:00,932.6,13.7,100,0.0,0.0,0.6,111.0,0.0,,,,,,,,,,2020-12-05T06:24:00,,,,0,,,,,,,,,,,,,,
2020-12-05 08:00:00,933.1,14.7,97,0.0,0.0,0.9,99.0,0.0,,,,,,,,,,2020-12-05T07:37:00,,,,0,,,,,,,,,,,,,,
2020-12-05 09:00:00,933.3,15.7,92,0.4,349.0,1.9,75.0,0.0,,,,,,,,,,2020-12-05T08:42:00,,,,0,,,,,,,,,,,,,,
2020-12-05 10:00:00,933.0,18.5,81,0.9,90.0,3.2,96.0,0.0,,,,,,,,,,2020-12-05T09:44:00,,,,0,,,,,,,,,,,,,,
2020-12-05 11:00:00,932.1,18.1,80,1.1,104.0,3.9,68.0,0.0,,,,,,,,,,2020-12-05T10:25:00,,,,0,,,,,,,,,,,,,,
2020-12-05 12:00:00,931.3,19.8,74,1.1,63.0,4.6,97.0,0.0,,,,,,,,,,2020-12-05T11:25:00,,,,0,,,,,,,,,,,,,,
2020-12-05 13:00:00,930.4,18.7,78,1.2,164.0,4.1,63.0,0.0,,,,,,,,,,2020-12-05T12:02:00,,,,0,,,,,,,,,,,,,,
2020-12-05 14:00:00,930.2,18.4,80,0.6,360.0,4.1,175.0,0.0,,,,,,,,,,2020-12-05T13:19:00,,,,0,,,,,,,,,,,,,,
2020-12-05 15:00:00,930.3,17.5,84,1.1,64.0,3.3,97.0,0.0,,,,,,,,,,2020-12-05T14:21:00,,,,0,,,,,,,,,,,,,,
2020-12-05 16:00:00,930.7,16.7,85,0.6,82.0,3.4,76.0,0.0,,,,,,,,,,2020-12-05T15:22:00,,,,0,,,,,,,,,,,,,,
2020-12-05 17:00:00,931.2,16.3,88,0.9,143.0,3.1,77.0,0.0,,,,,,,,,,2020-12-05T16:03:00,,,,0,,,,,,,,,,,,,,
2020-12-05 18:00:00,931.5,15.7,92,1.0,125.0,2.1,143.0,0.0,,,,,,,,,,2020-12-05T17:34:00,,,,0,,,,,,,,,,,,,,
2020-12-05 19:00:00,932.2,15.5,93,0.1,0.0,2.2,125.0,0.0,,,,,,,,,,2020-12-05T18:05:00,,,,0,,,,,,,,,,,,,,
2020-12-05 20:00:00,932.6,15.3,96,0.2,0.0,1.1,293.0,0.0,,,,,,,,,,2020-12-05T19:25:00,,,,0,,,,,,,,,,,,,,
2020-12-05 21:00:00,932.9,15.1,99,0.0,0.0,0.5,180.0,0.0,,,,,,,,,,2020-12-05T20:01:00,,,,0,,,,,,,,,,,,,,
2020-12-05 22:00:00,932.9,15.1,99,0.3,266.0,1.0,262.0,0.0,,,,,,,,,,2020-12-05T21:46:00,,,,0,,,,,,,,,,,,,,
2020-12-05 23:00:00,932.6,15.1,100,0.0,0.0,0.7,149.0,0.0,,,,,,,,,,2020-12-05T22:43:00,,,,0,,,,,,,,,,,,,,
2020-12-06 00:00:00,932.3,15.0,100,0.4,282.0,0.8,274.0,0.0,,,,,,,,,,2020-12-05T23:54:00,,,,0,,,,,,,,,,,,,,
2020-12-06 01:00:00,931.8,14.9,100,0.7,209.0,1.4,228.0,0.0,,,,,,,,,,2020-12-06T00:19:00,,,,0,,,,,,,,,,,,,,
2020-12-06 02:00:00,931.6,15.0,100,0.4,212.0,1.2,100.0,0.0,,,,,,,,,,2020-12-06T01:42:00,,,,0,,,,,,,,,,,,,,
2020-12-06 03:00:00,931.4,15.2,100,0.6,240.0,1.4,247.0,0.0,,,,,,,,,,2020-12-06T02:57:00,,,,0,,,,,,,,,,,,,,
2020-12-06 04:00:00,931.1,15.1,100,0.3,178.0,1.3,256.0,0.0,,,,,,,,,,2020-12-06T03:20:00,,,,0,,,,,,,,,,,,,,
2020-12-06 05:00:00,931.2,15.2,100,0.3,224.0,1.4,215.0,0.0,,,,,,,,,,2020-12-06T04:45:00,,,,0,,,,,,,,,,,,,,
2020-12-06 06:00:00,931.3,14.9,100,0.6,185.0,1.1,216.0,0.0,,,,,,,,,,2020-12-06T05:14:00,,,,0,,,,,,,,,,,,,,
2020-12-06 07:00:00,932.0,14.8,100,0.7,238.0,1.5,217.0,0.0,,,,,,,,,,2020-12-06T06:18:00,,,,0,,,,,,,,,,,,,,
2020-12-06 08:00:00,932.5,16.0,99,0.6,111.0,1.5,123.0,0.0,,,,,,,,,,2020-12-06T07:53:00,,,,0,,,,,,,,,,,,,,
2020-12-06 09:00:00,932.9,16.9,97,0.5,88.0,2.9,108.0,0.0,,,,,,,,,,2020-12-06T08:31:00,,,,0,,,,,,,,,,,,,,
2020-12-06 10:00:00,932.7,18.7,86,0.4,332.0,2.0,69.0,0.0,,,,,,,,,,2020-12-06T09:05:00,,,,0,,,,,,,,,,,,,,
2020-12-06 11:00:00,932.1,19.3,82,1.0,90.0,4.0,102.0,0.0,,,,,,,,,,2020-12-06T10:48:00,,,,0,,,,,,,,,,,,,,
2020-12-06 12:00:00,931.3,20.3,78,0.7,85.0,3.7,198.0,0.0,,,,,,,,,,2020-12-06T11:05:00,,,,0,,,,,,,,,,,,,,
2020-12-06 13:00:00,930.6,20.6,78,0.7,23.0,3.6,92.0,0.0,,,,,,,,,,2020-12-06T12:10:00,,,,0,,,,,,,,,,,,,,
2020-12-06 14:00:00,930.0,20.7,82,0.7,63.0,2.7,60.0,0.0,,,,,,,,,,2020-12-06T13:28:00,,,,0,,,,,,,,,,,,,,
2020-12-06 15:00:00,929.7,20.3,82,1.4,120.0,3.0,108.0,0.0,,,,,,,,,,2020-12-06T15:00:00,,,,0,,,,,,,,,,,,,,
2020-12-06 16:00:00,930.2,18.4,92,1.1,132.0,3.5,129.0,0.0,,,,,,,,,,2020-12-06T15:24:00,,,,0,,,,,,,,,,,,,,
2020-12-06 17:00:00,930.7,17.8,93,1.3,124.0,3.4,119.0,0.0,,,,,,,,,,2020-12-06T16:05:00,,,,0,,,,,,,,,,,,,,
2020-12-06 18:00:00,931.1,17.6,96,0.4,260.0,2.4,126.0,0.0,,,,,,,,,,2020-12-06T17:01:00,,,,0,,,,,,,,,,,,,,
2020-12-06 19:00:00,931.8,17.3,98,0.2,0.0,1.1,220.0,0.0,,,,,,,,,,2020-12-06T19:00:00,,,,0,,,,,,,,,,,,,,
2020-12-06 20:00:00,932.5,17.2,97,0.2,0.0,1.2,334.0,0.0,,,,,,,,,,2020-12-06T19:35:00,,,,0,,,,,,,,,,,,,,
2020-12-06 21:00:00,932.6,17.0,98,0.0,0.0,0.6,304.0,0.0,,,,,,,,,,2020-12-06T20:02:00,,,,0,,,,,,,,,,,,,,
2020-12-06 22:00:00,932.7,16.8,99,0.6,271.0,1.5,237.0,0.0,,,,,,,,,,2020-12-06T21:20:00,,,,0,,,,,,,,,,,,,,
2020-12-06 23:00:00,932.6,16.9,99,0.3,216.0,0.8,77.0,0.0,,,,,,,,,,2020-12-06T22:42:00,,,,0,,,,,,,,,,,,,,
2020-12-07 00:00:00,932.4,16.9,99,0.0,0.0,1.3,202.0,0.0,,,,,,,,,,2020-12-06T23:40:00,,,,0,,,,,,,,,,,,,,
2020-12-07 01:00:00,932.0,17.0,100,0.2,0.0,1.1,222.0,0.0,,,,,,,,,,2020-12-07T00:06:00,,,,0,,,,,,,,,,,,,,
2020-12-07 02:00:00,931.3,17.2,99,0.4,273.0,1.7,355.0,0.0,,,,,,,,,,2020-12-07T01:46:00,,,,0,,,,,,,,,,,,,,
2020-12-07 03:00:00,931.1,17.2,99,0.0,0.0,1.1,276.0,0.0,,,,,,,,,,2020-12-07T02:30:00,,,,0,,,,,,,,,,,,,,
2020-12-07 04:00:00,931.1,16.8,99,0.2,0.0,1.0,180.0,0.0,,,,,,,,,,2020-12-07T03:12:00,,,,0,,,,,,,,,,,,,,
2020-12-07 05:00:00,931.4,16.5,99,0.5,227.0,1.4,222.0,0.0,,,,,,,,,,2020-12-07T04:13:00,,,,0,,,,,,,,,,,,,,
2020-12-07 06:00:00,931.9,16.7,99,0.7,243.0,1.1,203.0,0.0,,,,,,,,,,2020-12-07T05:39:00,,,,0,,,,,,,,,,,,,,
2020-12-07 07:00:00,932.3,16.9,99,0.2,0.0,1.5,211.0,0.0,,,,,,,,,,2020-12-07T06:38:00,,,,0,,,,,,,,,,,,,,
2020-12-07 08:00:00,933.1,18.0,96,0.0,0.0,0.9,206.0,0.0,,,,,,,,,,2020-12-07T07:15:00,,,,0,,,,,,,,,,,,,,
2020-12-07 09:00:00,933.1,20.0,88,0.2,0.0,1.1,304.0,0.0,,,,,,,,,,2020-12-07T08:04:00,,,,0,,,,,,,,,,,,,,
2020-12-07 10:00:00,932.5,21.6,79,1.2,91.0,3.5,65.0,0.0,,,,,,,,,,2020-12-07T09:46:00,,,,0,,,,,,,,,,,,,,
2020-12-07 11:00:00,931.9,21.5,79,1.2,178.0,3.9,220.0,0.0,,,,,,,,,,2020-12-07T10:58:00,,,,0,,,,,,,,,,,,,,
2020-12-07 12:00:00,930.8,22.1,78,0.9,118.0,3.8,248.0,0.0,,,,,,,,,,2020-12-07T11:21:00,,,,0,,,,,,,,,,,,,,
2020-12-07 13:00:00,929.9,23.9,71,0.9,189.0,5.8,72.0,0.0,,,,,,,,,,2020-12-07T12:22:00,,,,0,,,,,,,,,,,,,,
2020-12-07 14:00:00,929.6,22.0,79,1.7,69.0,5.9,96.0,0.0,,,,,,,,,,2020-12-07T13:41:00,,,,0,,,,,,,,,,,,,,
2020-12-07 15:00:00,929.9,21.2,83,1.5,111.0,5.2,78.0,0.0,,,,,,,,,,2020-12-07T14:33:00,,,,0,,,,,,,,,,,,,,
2020-12-07 16:00:00,930.2,20.5,86,1.7,126.0,5.4,75.0,0.0,,,,,,,,,,2020-12-07T15:51:00,,,,0,,,,,,,,,,,,,,
2020-12-07 17:00:00,930.8,19.7,89,1.4,140.0,3.1,68.0,0.0,,,,,,,,,,2020-12-07T16:02:00,,,,0,,,,,,,,,,,,,,
2020-12-07 18:00:00,931.5,18.9,93,1.0,136.0,2.8,132.0,0.0,,,,,,,,,,2020-12-07T17:21:00,,,,0,,,,,,,,,,,,,,
2020-12-07 19:00:00,932.2,18.6,95,0.3,304.0,2.7,133.0,0.0,,,,,,,,,,2020-12-07T18:15:00,,,,0,,,,,,,,,,,,,,
2020-12-07 20:00:00,932.7,18.2,97,0.4,198.0,1.1,131.0,0.0,,,,,,,,,,2020-12-07T19:48:00,,,,0,,,,,,,,,,,,,,
2020-12-07 21:00:00,933.0,18.1,99,0.0,0.0,0.9,126.0,0.0,,,,,,,,,,2020-12-07T20:22:00,,,,0,,,,,,,,,,,,,,
2020-12-07 22:00:00,933.1,18.0,100,0.0,0.0,0.4,55.0,0.0,,,,,,,,,,2020-12-07T21:59:00,,,,0,,,,,,,,,,,,,,
2020-12-07 23:00:00,932.7,18.0,100,0.6,213.0,1.2,216.0,0.0,,,,,,,,,,2020-12-07T22:52:00,,,,0,,,,,,,,,,,,,,
2020-12-08 00:00:00,932.4,17.8,100,0.2,0.0,1.4,172.0,0.5,,,,,,,,,,2020-12-07T23:13:00,,,,0,,,,,,,,,,,,,,
2020-12-08 01:00:00,931.9,17.8,100,0.0,0.0,1.1,245.0,0.0,,,,,,,,,,2020-12-08T00:07:00,,,,0,,,,,,,,,,,,,,
2020-12-08 02:00:00,931.0,17.8,100,0.1,0.0,0.8,236.0,0.0,,,,,,,,,,2020-12-08T01:43:00,,,,0,,,,,,,,,,,,,,
2020-12-08 03:00:00,930.7,17.8,100,0.1,0.0,0.8,147.0,0.5,,,,,,,,,,2020-12-08T02:18:00,,,,0,,,,,,,,,,,,,,
2020-12-08 04:00:00,930.8,17.5,100,0.2,0.0,1.1,230.0,0.0,,,,,,,,,,2020-12-08T03:05:00,,,,0,,,,,,,,,,,,,,
2020-12-08 05:00:00,931.1,17.7,100,0.5,251.0,1.1,287.0,0.0,,,,,,,,,,2020-12-08T04:32:00,,,,0,,,,,,,,,,,,,,
2020-12-08 06:00:00,931.5,17.7,100,0.1,0.0,0.6,251.0,0.0,,,,,,,,,,2020-12-08T05:01:00,,,,0,,,,,,,,,,,,,,
2020-12-08 07:00:00,932.2,17.8,100,0.1,0.0,1.6,93.0,0.0,,,,,,,,,,2020-12-08T06:30:00,,,,0,,,,,,,,,,,,,,
2020-12-08 08:00:00,932.5,18.2,100,0.0,0.0,0.9,292.0,0.0,,,,,,,,,,2020-12-08T07:09:00,,,,0,,,,,,,,,,,,,,
2020-12-08 09:00:00,932.6,18.9,100,0.3,82.0,1.2,106.0,0.0,,,,,,,,,,2020-12-08T08:16:00,,,,0,,,,,,,,,,,,,,
2020-12-08 10:00:00,932.5,19.3,99,1.0,67.0,2.3,81.0,0.0,,,,,,,,,,2020-12-08T09:37:00,,,,0,,,,,,,,,,,,,,
2020-12-08 11:00:00,932.1,19.1,99,0.7,23.0,1.8,76.0,0.0,,,,,,,,,,2020-12-08T10:29:00,,,,0,,,,,,,,,,,,,,
2020-12-08 12:00:00,930.8,20.1,98,0.6,92.0,1.5,83.0,0.0,,,,,,,,,,2020-12-08T11:46:00,,,,0,,,,,,,,,,,,,,
2020-12-08 13:00:00,929.4,21.1,91,1.4,108.0,3.3,104.0,0.0,,,,,,,,,,2020-12-08T12:49:00,,,,0,,,,,,,,,,,,,,
2020-12-08 14:00:00,928.9,20.2,90,1.4,104.0,3.7,137.0,0.0,,,,,,,,,,2020-12-08T13:54:00,,,,0,,,,,,,,,,,,,,
2020-12-08 15:00:00,928.8,19.8,92,1.7,130.0,3.6,100.0,0.0,,,,,,,,,,2020-12-08T14:22:00,,,,0,,,,,,,,,,,,,,
2020-12-08 16:00:00,928.9,19.7,94,0.1,0.0,3.4,123.0,0.0,,,,,,,,,,2020-12-08T15:26:00,,,,0,,,,,,,,,,,,,,
2020-12-08 17:00:00,929.1,19.2,98,0.4,123.0,0.9,104.0,0.0,,,,,,,,,,2020-12-08T16:56:00,,,,0,,,,,,,,,,,,,,
2020-12-08 18:00:00,929.4,18.7,100,0.4,113.0,1.4,60.0,0.0,,,,,,,,,,2020-12-08T17:51:00,,,,0,,,,,,,,,,,,,,
2020-12-08 19:00:00,930.0,17.9,100,1.0,122.0,1.8,91.0,0.0,,,,,,,,,,2020-12-08T18:50:00,,,,0,,,,,,,,,,,,,,
2020-12-08 20:00:00,930.7,17.2,100,0.2,0.0,3.6,123.0,0.0,,,,,,,,,,2020-12-08T19:29:00,,,,0,,,,,,,,,,,,,,
2020-12-08 21:00:00,930.3,17.2,100,0.0,0.0,2.5,79.0,0.0,,,,,,,,,,2020-12-08T20:08:00,,,,0,,,,,,,,,,,,,,
2020-12-08 22:00:00,930.0,17.0,100,0.0,0.0,1.1,99.0,0.0,,,,,,,,,,2020-12-08T21:27:00,,,,0,,,,,,,,,,,,,,
2020-12-08 23:00:00,929.8,16.5,100,0.6,103.0,2.2,101.0,0.0,,,,,,,,,,2020-12-08T22:35:00,,,,0,,,,,,,,,,,,,,
2020-12-09 00:00:00,929.5,16.2,100,0.0,0.0,3.1,141.0,0.0,,,,,,,,,,2020-12-08T23:17:00,,,,0,,,,,,,,,,,,,,
2020-12-09 01:00:00,929.5,15.8,100,0.7,125.0,3.3,178.0,0.0,,,,,,,,,,2020-12-09T00:50:00,,,,0,,,,,,,,,,,,,,
2020-12-09 02:00:00,929.3,15.6,100,0.9,115.0,2.5,106.0,0.0,,,,,,,,,,2020-12-09T01:05:00,,,,0,,,,,,,,,,,,,,
2020-12-09 03:00:00,929.6,15.6,100,0.5,136.0,2.7,141.0,0.5,,,,,,,,,,2020-12-09T02:02:00,,,,0,,,,,,,,,,,,,,
2020-12-09 04:00:00,929.9,15.5,100,0.8,135.0,2.1,116.0,0.0,,,,,,,,,,2020-12-09T03:06:00,,,,0,,,,,,,,,,,,,,
2020-12-09 05:00:00,930.2,15.4,100,0.7,129.0,2.4,102.0,0.0,,,,,,,,,,2020-12-09T04:22:00,,,,0,,,,,,,,,,,,,,
2020-12-09 06:00:00,930.7,15.2,100,0.7,141.0,1.8,142.0,0.5,,,,,,,,,,2020-12-09T05:42:00,,,,0,,,,,,,,,,,,,,
2020-12-09 07:00:00,931.3,15.2,100,0.7,141.0,2.3,126.0,0.0,,,,,,,,,,2020-12-09T06:11:00,,,,0,,,,,,,,,,,,,,
2020-12-09 08:00:00,931.7,15.6,100,0.2,0.0,1.1,110.0,0.5,,,,,,,,,,2020-12-09T07:16:00,,,,0,,,,,,,,,,,,,,
2020-12-09 09:00:00,931.9,15.9,100,0.4,80.0,1.2,73.0,0.0,,,,,,,,,,2020-12-09T08:26:00,,,,0,,,,,,,,,,,,,,
2020-12-09 10:00:00,931.6,17.0,96,0.8,65.0,1.7,63.0,0.0,,,,,,,,,,2020-12-09T09:15:00,,,,0,,,,,,,,,,,,,,
2020-12-09 11:00:00,931.1,17.5,93,0.4,360.0,1.5,31.0,0.0,,,,,,,,,,2020-12-09T10:13:00,,,,0,,,,,,,,,,,,,,
2020-12-09 12:00:00,930.1,18.0,93,0.4,82.0,1.2,20.0,0.0,,,,,,,,,,2020-12-09T11:08:00,,,,0,,,,,,,,,,,,,,
2020-12-09 13:00:00,929.3,18.2,91,0.0,0.0,1.8,101.0,0.0,,,,,,,,,,2020-12-09T12:32:00,,,,0,,,,,,,,,,,,,,
2020-12-09 14:00:00,928.8,17.7,97,0.2,0.0,1.2,32.0,0.0,,,,,,,,,,2020-12-09T13:01:00,,,,0,,,,,,,,,,,,,,
2020-12-09 15:00:00,928.8,17.0,99,0.2,0.0,0.9,35.0,1.5,,,,,,,,,,2020-12-09T14:24:00,,,,0,,,,,,,,,,,,,,
2020-12-09 16:00:00,928.6,17.4,99,0.0,0.0,1.0,247.0,0.5,,,,,,,,,,2020-12-09T15:25:00,,,,0,,,,,,,,,,,,,,
2020-12-09 17:00:00,929.2,17.2,100,0.0,0.0,1.0,240.0,0.0,,,,,,,,,,2020-12-09T16:41:00,,,,0,,,,,,,,,,,,,,
2020-12-09 18:00:00,929.7,16.9,100,0.7,148.0,1.4,136.0,1.5,,,,,,,,,,2020-12-09T18:00:00,,,,0,,,,,,,,,,,,,,
2020-12-09 19:00:00,930.4,16.9,100,0.6,228.0,1.2,132.0,1.0,,,,,,,,,,2020-12-09T18:01:00,,,,0,,,,,,,,,,,,,,
2020-12-09 20:00:00,930.3,16.7,100,0.0,0.0,0.7,286.0,0.5,,,,,,,,,,2020-12-09T19:14:00,,,,0,,,,,,,,,,,,,,
2020-12-09 21:00:00,930.3,16.8,100,0.4,253.0,1.6,220.0,0.0,,,,,,,,,,2020-12-09T20:39:00,,,,0,,,,,,,,,,,,,,
2020-12-09 22:00:00,930.3,16.7,100,0.0,0.0,1.1,142.0,0.0,,,,,,,,,,2020-12-09T21:25:00,,,,0,,,,,,,,,,,,,,
2020-12-09 23:00:00,930.3,16.7,100,0.5,204.0,1.1,204.0,0.0,,,,,,,,,,2020-12-09T22:57:00,,,,0,,,,,,,,,,,,,,
2020-12-10 00:00:00,929.9,16.6,100,0.0,0.0,0.9,203.0,0.0,,,,,,,,,,2020-12-09T23:01:00,,,,0,,,,,,,,,,,,,,
2020-12-10 01:00:00,929.4,16.5,100,0.5,208.0,1.4,207.0,0.0,,,,,,,,,,2020-12-10T00:06:00,,,,0,,,,,,,,,,,,,,
2020-12-10 02:00:00,929.1,16.6,100,0.8,237.0,1.6,216.0,0.0,,,,,,,,,,2020-12-10T01:58:00,,,,0,,,,,,,,,,,,,,
2020-12-10 03:00:00,928.7,16.6,100,0.0,0.0,1.4,258.0,0.0,,,,,,,,,,2020-12-10T02:18:00,,,,0,,,,,,,,,,,,,,
2020-12-10 04:00:00,928.6,16.4,100,0.5,229.0,1.0,185.0,0.0,,,,,,,,,,2020-12-10T03:33:00,,,,0,,,,,,,,,,,,,,
2020-12-10 05:00:00,928.7,16.3,100,1.1,231.0,2.0,200.0,0.0,,,,,,,,,,2020-12-10T04:40:00,,,,0,,,,,,,,,,,,,,
2020-12-10 06:00:00,929.1,16.6,99,0.5,250.0,2.4,223.0,0.0,,,,,,,,,,2020-12-10T05:05:00,,,,0,,,,,,,,,,,,,,
2020-12-10 07:00:00,929.6,16.7,100,0.6,202.0,1.6,228.0,0.0,,,,,,,,,,2020-12-10T07:00:00,,,,0,,,,,,,,,,,,,,
2020-12-10 08:00:00,929.9,17.0,100,0.2,0.0,1.5,207.0,0.0,,,,,,,,,,2020-12-10T07:37:00,,,,0,,,,,,,,,,,,,,
2020-12-10 09:00:00,930.2,19.1,91,0.7,108.0,1.6,95.0,0.0,,,,,,,,,,2020-12-10T08:51:00,,,,0,,,,,,,,,,,,,,
2020-12-10 10:00:00,930.1,20.7,81,1.9,93.0,3.1,60.0,0.0,,,,,,,,,,2020-12-10T09:51:00,,,,0,,,,,,,,,,,,,,
2020-12-10 11:00:00,929.8,20.9,82,0.8,113.0,3.6,84.0,0.0,,,,,,,,,,2020-12-10T10:01:00,,,,0,,,,,,,,,,,,,,
2020-12-10 12:00:00,928.8,21.4,80,1.1,114.0,2.8,99.0,0.0,,,,,,,,,,2020-12-10T11:56:00,,,,0,,,,,,,,,,,,,,
2020-12-10 13:00:00,927.9,21.6,81,0.6,92.0,3.2,92.0,0.0,,,,,,,,,,2020-12-10T12:14:00,,,,0,,,,,,,,,,,,,,
2020-12-10 14:00:00,927.4,21.5,85,0.6,135.0,3.7,127.0,0.0,,,,,,,,,,2020-12-10T13:44:00,,,,0,,,,,,,,,,,,,,
2020-12-10 15:00:00,927.3,20.9,83,0.9,97.0,3.2,140.0,0.0,,,,,,,,,,2020-12-10T14:21:00,,,,0,,,,,,,,,,,,,,
2020-12-10 16:00:00,927.6,20.4,86,0.8,138.0,3.4,146.0,0.0,,,,,,,,,,2020-12-10T15:05:00,,,,0,,,,,,,,,,,,,,
2020-12-10 17:00:00,928.2,19.7,93,0.7,154.0,2.6,138.0,0.0,,,,,,,,,,2020-12-10T16:35:00,,,,0,,,,,,,,,,,,,,
2020-12-10 18:00:00,929.0,19.1,97,0.0,0.0,1.1,187.0,0.0,,,,,,,,,,2020-12-10T17:01:00,,,,0,,,,,,,,,,,,,,
2020-12-10 19:00:00,929.6,18.9,99,0.1,0.0,0.8,230.0,0.0,,,,,,,,,,2020-12-10T18:35:00,,,,0,,,,,,,,,,,,,,
2020-12-10 20:00:00,929.9,18.9,98,0.0,0.0,1.2,222.0,0.0,,,,,,,,,,2020-12-10T19:46:00,,,,0,,,,,,,,,,,,,,
2020-12-10 21:00:00,930.1,18.7,99,0.6,225.0,1.1,221.0,0.0,,,,,,,,,,2020-12-10T20:54:00,,,,0,,,,,,,,,,,,,,
2020-12-10 22:00:00,929.6,18.5,98,0.4,190.0,2.2,335.0,0.0,,,,,,,,,,2020-12-10T21:28:00,,,,0,,,,,,,,,,,,,,
2020-12-10 23:00:00,929.5,18.3,98,0.6,217.0,1.5,220.0,0.0,,,,,,,,,,2020-12-10T22:51:00,,,,0,,,,,,,,,,,,,,
2020-12-11 00:00:00,929.1,17.7,98,1.2,208.0,2.2,252.0,0.0,,,,,,,,,,2020-12-10T23:03:00,,,,0,,,,,,,,,,,,,,
2020-12-11 01:00:00,928.8,17.3,98,0.6,222.0,1.7,207.0,0.0,,,,,,,,,,2020-12-11T00:01:00,,,,0,,,,,,,,,,,,,,
2020-12-11 02:00:00,928.5,16.6,99,0.9,190.0,1.6,208.0,0.0,,,,,,,,,,2020-12-11T01:34:00,,,,0,,,,,,,,,,,,,,
2020-12-11 03:00:00,928.7,16.6,100,0.5,228.0,1.4,204.0,0.0,,,,,,,,,,2020-12-11T02:11:00,,,,0,,,,,,,,,,,,,,
2020-12-11 04:00:00,928.3,17.5,98,0.0,0.0,1.2,216.0,0.0,,,,,,,,,,2020-12-11T03:07:00,,,,0,,,,,,,,,,,,,,
2020-12-11 05:00:00,928.4,17.5,100,0.3,204.0,1.1,214.0,0.0,,,,,,,,,,2020-12-11T04:19:00,,,,0,,,,,,,,,,,,,,
2020-12-11 06:00:00,928.5,18.0,96,0.6,236.0,1.5,224.0,0.0,,,,,,,,,,2020-12-11T05:46:00,,,,0,,,,,,,,,,,,,,
2020-12-11 07:00:00,928.8,17.7,96,0.0,0.0,3.1,334.0,0.0,,,,,,,,,,2020-12-11T06:13:00,,,,0,,,,,,,,,,,,,,
2020-12-11 08:00:00,929.3,18.4,93,0.0,0.0,1.5,207.0,0.0,,,,,,,,,,2020-12-11T07:24:00,,,,0,,,,,,,,,,,,,,
2020-12-11 09:00:00,929.5,20.9,84,0.8,84.0,2.3,78.0,0.0,,,,,,,,,,2020-12-11T09:00:00,,,,0,,,,,,,,,,,,,,
2020-12-11 10:00:00,929.0,21.8,79,1.6,90.0,3.6,75.0,0.0,,,,,,,,,,2020-12-11T09:59:00,,,,0,,,,,,,,,,,,,,
2020-12-11 11:00:00,928.4,23.4,73,1.0,103.0,4.7,111.0,0.0,,,,,,,,,,2020-12-11T10:04:00,,,,0,,,,,,,,,,,,,,
2020-12-11 12:00:00,927.3,22.3,77,1.3,141.0,5.3,54.0,0.0,,,,,,,,,,2020-12-11T11:26:00,,,,0,,,,,,,,,,,,,,
2020-12-11 13:00:00,926.4,22.6,75,1.0,349.0,3.8,147.0,0.0,,,,,,,,,,2020-12-11T12:01:00,,,,0,,,,,,,,,,,,,,
2020-12-11 14:00:00,925.8,22.5,77,0.9,306.0,4.4,210.0,0.0,,,,,,,,,,2020-12-11T13:17:00,,,,0,,,,,,,,,,,,,,
2020-12-11 15:00:00,925.6,22.1,78,0.9,356.0,4.2,110.0,0.0,,,,,,,,,,2020-12-11T14:27:00,,,,0,,,,,,,,,,,,,,
2020-12-11 16:00:00,925.7,21.5,83,0.5,143.0,2.2,157.0,0.0,,,,,,,,,,2020-12-11T16:00:00,,,,0,,,,,,,,,,,,,,
2020-12-11 17:00:00,926.3,20.7,89,0.6,196.0,2.0,226.0,0.0,,,,,,,,,,2020-12-11T16:51:00,,,,0,,,,,,,,,,,,,,
2020-12-11 18:00:00,926.6,20.0,93,0.3,188.0,1.7,148.0,0.0,,,,,,,,,,2020-12-11T17:05:00,,,,0,,,,,,,,,,,,,,
2020-12-11 19:00:00,927.4,19.5,97,1.1,136.0,3.0,146.0,0.0,,,,,,,,,,2020-12-11T18:29:00,,,,0,,,,,,,,,,,,,,
2020-12-11 20:00:00,927.9,19.4,97,0.8,131.0,2.5,136.0,0.0,,,,,,,,,,2020-12-11T19:40:00,,,,0,,,,,,,,,,,,,,
2020-12-11 21:00:00,928.4,18.9,99,1.0,128.0,2.1,125.0,0.0,,,,,,,,,,2020-12-11T20:54:00,,,,0,,,,,,,,,,,,,,
2020-12-11 22:00:00,928.5,18.6,100,0.5,105.0,2.6,110.0,0.0,,,,,,,,,,2020-12-11T21:37:00,,,,0,,,,,,,,,,,,,,
2020-12-11 23:00:00,928.5,18.4,100,0.7,132.0,2.1,177.0,0.5,,,,,,,,,,2020-12-11T22:24:00,,,,0,,,,,,,,,,,,,,
2020-12-12 00:00:00,928.2,18.3,100,0.6,151.0,1.6,129.0,0.0,,,,,,,,,,2020-12-11T23:08:00,,,,0,,,,,,,,,,,,,,
2020-12-12 01:00:00,928.1,18.1,100,1.1,147.0,2.7,86.0,0.5,,,,,,,,,,2020-12-12T00:44:00,,,,0,,,,,,,,,,,,,,
2020-12-12 02:00:00,928.0,18.1,100,0.0,0.0,2.4,91.0,0.0,,,,,,,,,,2020-12-12T01:03:00,,,,0,,,,,,,,,,,,,,
2020-12-12 03:00:00,927.6,17.9,100,0.7,117.0,1.4,98.0,0.0,,,,,,,,,,2020-12-12T02:52:00,,,,0,,,,,,,,,,,,,,
2020-12-12 04:00:00,927.6,17.7,100,1.1,120.0,2.0,107.0,0.0,,,,,,,,,,2020-12-12T03:53:00,,,,0,,,,,,,,,,,,,,
2020-12-12 05:00:00,927.7,17.6,100,0.9,167.0,2.4,160.0,0.5,,,,,,,,,,2020-12-12T04:09:00,,,,0,,,,,,,,,,,,,,
2020-12-12 06:00:00,928.1,17.3,100,1.2,160.0,3.0,153.0,0.0,,,,,,,,,,2020-12-12T05:53:00,,,,0,,,,,,,,,,,,,,
2020-12-12 07:00:00,928.7,17.4,100,1.3,134.0,3.2,102.0,0.0,,,,,,,,,,2020-12-12T06:06:00,,,,0,,,,,,,,,,,,,,
2020-12-12 08:00:00,929.3,17.3,99,1.4,142.0,2.9,128.0,0.0,,,,,,,,,,2020-12-12T07:18:00,,,,0,,,,,,,,,,,,,,
2020-12-12 09:00:00,929.8,17.7,96,1.7,129.0,3.4,127.0,0.0,,,,,,,,,,2020-12-12T08:13:00,,,,0,,,,,,,,,,,,,,
2020-12-12 10:00:00,929.7,18.1,95,1.4,136.0,3.9,87.0,0.0,,,,,,,,,,2020-12-12T09:42:00,,,,0,,,,,,,,,,,,,,
2020-12-12 11:00:00,929.2,18.3,94,1.7,118.0,3.5,96.0,0.0,,,,,,,,,,2020-12-12T10:03:00,,,,0,,,,,,,,,,,,,,
2020-12-12 12:00:00,928.2,18.9,90,1.0,68.0,3.2,107.0,0.0,,,,,,,,,,2020-12-12T11:01:00,,,,0,,,,,,,,,,,,,,
2020-12-12 13:00:00,927.4,18.8,88,0.5,68.0,4.4,94.0,0.0,,,,,,,,,,2020-12-12T12:02:00,,,,0,,,,,,,,,,,,,,
2020-12-12 14:00:00,926.9,18.1,93,1.0,95.0,3.3,81.0,0.0,,,,,,,,,,2020-12-12T13:30:00,,,,0,,,,,,,,,,,,,,
2020-12-12 15:00:00,926.7,17.8,94,0.7,146.0,3.4,109.0,0.0,,,,,,,,,,2020-12-12T14:13:00,,,,0,,,,,,,,,,,,,,
2020-12-12 16:00:00,926.8,17.3,96,0.2,0.0,3.1,99.0,0.0,,,,,,,,,,2020-12-12T15:15:00,,,,0,,,,,,,,,,,,,,
2020-12-12 17:00:00,927.1,16.7,99,0.5,117.0,2.1,127.0,0.0,,,,,,,,,,2020-12-12T16:06:00,,,,0,,,,,,,,,,,,,,
2020-12-12 18:00:00,927.6,16.4,100,1.4,135.0,2.7,130.0,0.0,,,,,,,,,,2020-12-12T17:56:00,,,,0,,,,,,,,,,,,,,
2020-12-12 19:00:00,928.0,16.3,99,0.9,173.0,2.1,107.0,0.0,,,,,,,,,,2020-12-12T18:01:00,,,,0,,,,,,,,,,,,,,
2020-12-12 20:00:00,928.2,16.2,99,0.2,0.0,1.9,191.0,0.0,,,,,,,,,,2020-12-12T19:45:00,,,,0,,,,,,,,,,,,,,
2020-12-12 21:00:00,928.5,16.0,98,0.4,116.0,2.3,103.0,0.0,,,,,,,,,,2020-12-12T20:41:00,,,,0,,,,,,,,,,,,,,
2020-12-12 22:00:00,928.5,15.8,100,0.1,0.0,2.3,136.0,0.0,,,,,,,,,,2020-12-12T21:04:00,,,,0,,,,,,,,,,,,,,
2020-12-12 23:00:00,928.2,15.6,100,0.3,135.0,1.5,98.0,0.0,,,,,,,,,,2020-12-12T22:07:00,,,,0,,,,,,,,,,,,,,
2020-12-13 00:00:00,928.0,15.4,100,0.3,85.0,1.3,77.0,0.0,,,,,,,,,,2020-12-12T23:57:00,,,,0,,,,,,,,,,,,,,
2020-12-13 01:00:00,927.6,15.3,100,0.1,0.0,1.4,94.0,0.0,,,,,,,,,,2020-12-13T00:07:00,,,,0,,,,,,,,,,,,,,
2020-12-13 02:00:00,927.3,15.4,100,0.0,0.0,0.4,351.0,0.0,,,,,,,,,,2020-12-13T01:28:00,,,,0,,,,,,,,,,,,,,
2020-12-13 03:00:00,927.1,15.4,100,0.0,0.0,0.6,19.0,0.0,,,,,,,,,,2020-12-13T02:17:00,,,,0,,,,,,,,,,,,,,
2020-12-13 04:00:00,927.3,15.3,100,0.5,89.0,1.4,82.0,0.0,,,,,,,,,,2020-12-13T03:51:00,,,,0,,,,,,,,,,,,,,
2020-12-13 05:00:00,927.5,15.1,100,0.0,0.0,1.5,319.0,0.0,,,,,,,,,,2020-12-13T04:36:00,,,,0,,,,,,,,,,,,,,
2020-12-13 06:00:00,928.3,15.1,100,0.1,0.0,0.5,51.0,0.0,,,,,,,,,,2020-12-13T05:51:00,,,,0,,,,,,,,,,,,,,
2020-12-13 07:00:00,929.1,15.3,100,0.0,0.0,0.7,133.0,0.0,,,,,,,,,,2020-12-13T06:09:00,,,,0,,,,,,,,,,,,,,
2020-12-13 08:00:00,929.6,15.8,100,0.4,95.0,1.2,113.0,0.0,,,,,,,,,,2020-12-13T08:00:00,,,,0,,,,,,,,,,,,,,
2020-12-13 09:00:00,929.9,16.9,98,1.2,92.0,2.9,118.0,0.0,,,,,,,,,,2020-12-13T08:51:00,,,,0,,,,,,,,,,,,,,
2020-12-13 10:00:00,929.8,17.8,88,1.1,136.0,2.8,101.0,0.0,,,,,,,,,,2020-12-13T09:08:00,,,,0,,,,,,,,,,,,,,
2020-12-13 11:00:00,929.3,17.4,92,1.0,285.0,3.7,203.0,0.0,,,,,,,,,,2020-12-13T10:35:00,,,,0,,,,,,,,,,,,,,
2020-12-13 12:00:00,928.5,17.7,88,1.1,117.0,4.6,125.0,0.0,,,,,,,,,,2020-12-13T11:39:00,,,,0,,,,,,,,,,,,,,
2020-12-13 13:00:00,927.7,18.4,84,0.5,309.0,3.4,208.0,0.0,,,,,,,,,,2020-12-13T12:18:00,,,,0,,,,,,,,,,,,,,
2020-12-13 14:00:00,927.0,18.2,84,0.7,224.0,3.2,245.0,0.0,,,,,,,,,,2020-12-13T13:45:00,,,,0,,,,,,,,,,,,,,
2020-12-13 15:00:00,926.7,17.8,87,1.3,230.0,4.4,226.0,0.0,,,,,,,,,,2020-12-13T14:57:00,,,,0,,,,,,,,,,,,,,
2020-12-13 16:00:00,927.0,17.5,91,0.5,224.0,2.8,253.0,0.0,,,,,,,,,,2020-12-13T15:01:00,,,,0,,,,,,,,,,,,,,
2020-12-13 17:00:00,927.6,16.8,94,0.1,0.0,1.8,270.0,0.0,,,,,,,,,,2020-12-13T16:09:00,,,,0,,,,,,,,,,,,,,
2020-12-13 18:00:00,928.4,16.5,96,1.1,118.0,2.7,96.0,0.0,,,,,,,,,,2020-12-13T17:46:00,,,,0,,,,,,,,,,,,,,
2020-12-13 19:00:00,928.8,16.4,98,0.0,0.0,1.7,125.0,0.0,,,,,,,,,,2020-12-13T18:02:00,,,,0,,,,,,,,,,,,,,
2020-12-13 20:00:00,929.2,16.3,98,0.0,0.0,0.6,350.0,0.0,,,,,,,,,,2020-12-13T19:04:00,,,,0,,,,,,,,,,,,,,
2020-12-13 21:00:00,929.9,16.2,98,0.1,0.0,1.8,133.0,0.0,,,,,,,,,,2020-12-13T20:39:00,,,,0,,,,,,,,,,,,,,
2020-12-13 22:00:00,930.2,16.0,99,0.3,268.0,1.2,33.0,0.0,,,,,,,,,,2020-12-13T21:04:00,,,,0,,,,,,,,,,,,,,
2020-12-13 23:00:00,930.0,16.1,98,0.1,0.0,0.8,223.0,0.0,,,,,,,,,,2020-12-13T22:09:00,,,,0,,,,,,,,,,,,,,
2020-12-14 00:00:00,929.4,15.9,98,0.4,222.0,1.0,243.0,0.0,,,,,,,,,,2020-12-13T23:22:00,,,,0,,,,,,,,,,,,,,
2020-12-14 01:00:00,929.4,15.4,94,0.8,227.0,1.6,224.0,0.0,,,,,,,,,,2020-12-14T00:38:00,,,,0,,,,,,,,,,,,,,
2020-12-14 02:00:00,929.3,15.6,91,0.3,215.0,2.1,209.0,0.0,,,,,,,,,,2020-12-14T01:12:00,,,,0,,,,,,,,,,,,,,
2020-12-14 03:00:00,929.0,14.3,97,1.1,208.0,1.6,196.0,0.0,,,,,,,,,,2020-12-14T02:55:00,,,,0,,,,,,,,,,,,,,
2020-12-14 04:00:00,929.1,13.3,97,1.7,208.0,2.7,206.0,0.0,,,,,,,,,,2020-12-14T03:48:00,,,,0,,,,,,,,,,,,,,
2020-12-14 05:00:00,929.6,13.1,95,1.2,211.0,2.4,199.0,0.0,,,,,,,,,,2020-12-14T04:05:00,,,,0,,,,,,,,,,,,,,
2020-12-14 06:00:00,930.4,13.7,91,0.7,226.0,3.0,225.0,0.0,,,,,,,,,,2020-12-14T05:34:00,,,,0,,,,,,,,,,,,,,
2020-12-14 07:00:00,930.9,14.4,88,0.5,261.0,3.0,304.0,0.0,,,,,,,,,,2020-12-14T06:15:00,,,,0,,,,,,,,,,,,,,
2020-12-14 08:00:00,931.3,17.1,77,0.6,305.0,3.6,278.0,0.0,,,,,,,,,,2020-12-14T07:41:00,,,,0,,,,,,,,,,,,,,
2020-12-14 09:00:00,931.9,17.3,84,0.2,0.0,2.2,304.0,0.0,,,,,,,,,,2020-12-14T08:07:00,,,,0,,,,,,,,,,,,,,
2020-12-14 10:00:00,931.7,18.5,80,0.3,23.0,1.0,64.0,0.0,,,,,,,,,,2020-12-14T09:24:00,,,,0,,,,,,,,,,,,,,
2020-12-14 11:00:00,931.0,19.8,71,2.2,113.0,4.4,90.0,0.0,,,,,,,,,,2020-12-14T10:59:00,,,,0,,,,,,,,,,,,,,
2020-12-14 12:00:00,930.2,20.6,74,2.0,83.0,6.8,31.0,0.0,,,,,,,,,,2020-12-14T11:38:00,,,,0,,,,,,,,,,,,,,
2020-12-14 13:00:00,929.7,19.8,74,1.2,89.0,5.9,23.0,0.0,,,,,,,,,,2020-12-14T12:12:00,,,,0,,,,,,,,,,,,,,
2020-12-14 14:00:00,929.5,18.9,81,0.9,93.0,4.6,58.0,0.0,,,,,,,,,,2020-12-14T13:28:00,,,,0,,,,,,,,,,,,,,
2020-12-14 15:00:00,929.6,17.3,87,0.9,27.0,4.2,95.0,0.0,,,,,,,,,,2020-12-14T14:31:00,,,,0,,,,,,,,,,,,,,
2020-12-14 16:00:00,929.9,16.7,88,0.4,64.0,3.4,126.0,0.0,,,,,,,,,,2020-12-14T15:35:00,,,,0,,,,,,,,,,,,,,
2020-12-14 17:00:00,930.4,15.9,90,1.2,141.0,3.0,118.0,0.0,,,,,,,,,,2020-12-14T16:45:00,,,,0,,,,,,,,,,,,,,
2020-12-14 18:00:00,931.2,15.4,93,0.7,167.0,3.0,106.0,0.0,,,,,,,,,,2020-12-14T17:05:00,,,,0,,,,,,,,,,,,,,
2020-12-14 19:00:00,932.0,15.0,94,0.5,175.0,3.3,95.0,0.0,,,,,,,,,,2020-12-14T18:41:00,,,,0,,,,,,,,,,,,,,
2020-12-14 20:00:00,932.4,14.6,97,0.0,0.0,2.3,191.0,0.0,,,,,,,,,,2020-12-14T19:19:00,,,,0,,,,,,,,,,,,,,
2020-12-14 21:00:00,932.6,14.3,100,0.0,0.0,0.6,20.0,0.0,,,,,,,,,,2020-12-14T20:53:00,,,,0,,,,,,,,,,,,,,
2020-12-14 22:00:00,932.7,13.9,100,1.2,120.0,2.6,134.0,0.0,,,,,,,,,,2020-12-14T21:44:00,,,,0,,,,,,,,,,,,,,
2020-12-14 23:00:00,932.4,14.1,100,0.0,0.0,1.3,105.0,0.0,,,,,,,,,,2020-12-14T22:03:00,,,,0,,,,,,,,,,,,,,
2020-12-15 00:00:00,932.5,14.0,100,0.0,0.0,1.3,43.0,0.0,,,,,,,,,,2020-12-14T23:30:00,,,,0,,,,,,,,,,,,,,
2020-12-15 01:00:00,932.4,13.9,100,0.1,0.0,0.7,98.0,0.0,,,,,,,,,,2020-12-15T00:07:00,,,,0,,,,,,,,,,,,,,
2020-12-15 02:00:00,932.5,13.7,100,1.2,133.0,2.2,138.0,0.0,,,,,,,,,,2020-12-15T01:49:00,,,,0,,,,,,,,,,,,,,
2020-12-15 03:00:00,932.5,13.4,100,0.9,165.0,3.4,129.0,0.0,,,,,,,,,,2020-12-15T02:37:00,,,,0,,,,,,,,,,,,,,
2020-12-15 04:00:00,932.5,13.6,100,0.0,0.0,2.0,180.0,0.0,,,,,,,,,,2020-12-15T03:02:00,,,,0,,,,,,,,,,,,,,
2020-12-15 05:00:00,932.7,13.5,100,0.0,0.0,0.4,83.0,0.0,,,,,,,,,,2020-12-15T04:08:00,,,,0,,,,,,,,,,,,,,
2020-12-15 06:00:00,933.4,13.5,100,0.0,0.0,1.3,120.0,0.0,,,,,,,,,,2020-12-15T05:21:00,,,,0,,,,,,,,,,,,,,
2020-12-15 07:00:00,934.1,13.5,100,0.1,0.0,2.0,104.0,0.0,,,,,,,,,,2020-12-15T06:28:00,,,,0,,,,,,,,,,,,,,
2020-12-15 08:00:00,934.4,13.9,100,0.7,75.0,1.2,89.0,0.0,,,,,,,,,,2020-12-15T07:49:00,,,,0,,,,,,,,,,,,,,
2020-12-15 09:00:00,934.8,14.8,95,0.6,92.0,1.8,77.0,0.0,,,,,,,,,,2020-12-15T08:34:00,,,,0,,,,,,,,,,,,,,
2020-12-15 10:00:00,934.4,16.9,83,1.2,69.0,2.9,27.0,0.0,,,,,,,,,,2020-12-15T10:00:00,,,,0,,,,,,,,,,,,,,
2020-12-15 11:00:00,933.6,18.1,81,1.4,124.0,6.0,69.0,0.0,,,,,,,,,,2020-12-15T10:50:00,,,,0,,,,,,,,,,,,,,
2020-12-15 12:00:00,932.7,17.2,79,0.8,33.0,4.7,52.0,0.0,,,,,,,,,,2020-12-15T11:20:00,,,,0,,,,,,,,,,,,,,
2020-12-15 13:00:00,932.1,16.6,81,2.1,95.0,6.0,94.0,0.0,,,,,,,,,,2020-12-15T12:59:00,,,,0,,,,,,,,,,,,,,
2020-12-15 14:00:00,931.7,16.4,81,1.6,96.0,5.6,91.0,0.0,,,,,,,,,,2020-12-15T13:08:00,,,,0,,,,,,,,,,,,,,
2020-12-15 15:00:00,931.5,16.2,84,0.8,30.0,4.5,57.0,0.0,,,,,,,,,,2020-12-15T14:09:00,,,,0,,,,,,,,,,,,,,
2020-12-15 16:00:00,931.8,15.3,87,0.9,116.0,3.5,77.0,0.0,,,,,,,,,,2020-12-15T15:18:00,,,,0,,,,,,,,,,,,,,
2020-12-15 17:00:00,932.8,14.6,91,1.0,158.0,3.0,130.0,0.0,,,,,,,,,,2020-12-15T16:48:00,,,,0,,,,,,,,,,,,,,
2020-12-15 18:00:00,933.3,14.2,94,0.1,0.0,2.3,131.0,0.0,,,,,,,,,,2020-12-15T17:06:00,,,,0,,,,,,,,,,,,,,
2020-12-15 19:00:00,933.8,14.1,95,0.3,235.0,1.0,131.0,0.0,,,,,,,,,,2020-12-15T18:04:00,,,,0,,,,,,,,,,,,,,
2020-12-15 20:00:00,933.9,14.1,96,0.2,0.0,1.0,210.0,0.0,,,,,,,,,,2020-12-15T19:26:00,,,,0,,,,,,,,,,,,,,
2020-12-15 21:00:00,933.9,13.1,98,0.3,183.0,1.0,36.0,0.0,,,,,,,,,,2020-12-15T20:24:00,,,,0,,,,,,,,,,,,,,
2020-12-15 22:00:00,934.1,12.7,100,0.4,212.0,2.0,198.0,0.0,,,,,,,,,,2020-12-15T21:31:00,,,,0,,,,,,,,,,,,,,
2020-12-15 23:00:00,934.1,13.3,100,0.3,305.0,0.7,238.0,0.0,,,,,,,,,,2020-12-15T22:02:00,,,,0,,,,,,,,,,,,,,
2020-12-16 00:00:00,933.8,13.2,100,0.3,199.0,0.8,147.0,0.0,,,,,,,,,,2020-12-15T23:34:00,,,,0,,,,,,,,,,,,,,
2020-12-16 01:00:00,933.7,13.3,100,0.0,0.0,1.0,85.0,0.0,,,,,,,,,,2020-12-16T00:28:00,,,,0,,,,,,,,,,,,,,
2020-12-16 02:00:00,933.4,13.3,100,0.3,138.0,0.8,215.0,0.0,,,,,,,,,,2020-12-16T01:28:00,,,,0,,,,,,,,,,,,,,
2020-12-16 03:00:00,933.3,13.5,100,0.7,237.0,1.3,229.0,0.0,,,,,,,,,,2020-12-16T02:56:00,,,,0,,,,,,,,,,,,,,
2020-12-16 04:00:00,933.3,13.3,100,0.3,134.0,1.2,148.0,0.0,,,,,,,,,,2020-12-16T03:30:00,,,,0,,,,,,,,,,,,,,
2020-12-16 05:00:00,933.7,13.0,100,0.6,234.0,1.3,213.0,0.0,,,,,,,,,,2020-12-16T04:55:00,,,,0,,,,,,,,,,,,,,
2020-12-16 06:00:00,934.1,13.2,99,0.3,225.0,1.6,208.0,0.0,,,,,,,,,,2020-12-16T05:38:00,,,,0,,,,,,,,,,,,,,
2020-12-16 07:00:00,934.6,13.7,99,0.5,223.0,1.3,210.0,0.0,,,,,,,,,,2020-12-16T06:20:00,,,,0,,,,,,,,,,,,,,
2020-12-16 08:00:00,935.0,14.6,94,0.2,0.0,1.2,128.0,0.0,,,,,,,,,,2020-12-16T07:44:00,,,,0,,,,,,,,,,,,,,
2020-12-16 09:00:00,935.3,16.6,84,0.6,35.0,2.4,73.0,0.0,,,,,,,,,,2020-12-16T08:34:00,,,,0,,,,,,,,,,,,,,
2020-12-16 10:00:00,935.1,16.7,82,1.2,86.0,2.7,104.0,0.0,,,,,,,,,,2020-12-16T09:54:00,,,,0,,,,,,,,,,,,,,
2020-12-16 11:00:00,934.5,19.4,74,1.1,129.0,4.7,132.0,0.0,,,,,,,,,,2020-12-16T10:26:00,,,,0,,,,,,,,,,,,,,
2020-12-16 12:00:00,933.6,18.5,76,1.2,357.0,5.0,7.0,0.0,,,,,,,,,,2020-12-16T11:51:00,,,,0,,,,,,,,,,,,,,
2020-12-16 13:00:00,932.9,17.2,80,1.0,95.0,5.8,132.0,0.0,,,,,,,,,,2020-12-16T12:32:00,,,,0,,,,,,,,,,,,,,
2020-12-16 14:00:00,932.7,16.7,82,0.8,20.0,5.5,92.0,0.0,,,,,,,,,,2020-12-16T13:15:00,,,,0,,,,,,,,,,,,,,
2020-12-16 15:00:00,932.7,15.9,86,1.6,128.0,3.4,91.0,0.0,,,,,,,,,,2020-12-16T14:35:00,,,,0,,,,,,,,,,,,,,
2020-12-16 16:00:00,932.7,15.5,88,1.0,134.0,3.6,141.0,0.0,,,,,,,,,,2020-12-16T15:16:00,,,,0,,,,,,,,,,,,,,
2020-12-16 17:00:00,933.2,14.8,91,0.8,115.0,2.7,105.0,0.0,,,,,,,,,,2020-12-16T16:20:00,,,,0,,,,,,,,,,,,,,
2020-12-16 18:00:00,933.7,14.4,95,0.1,0.0,1.6,95.0,0.0,,,,,,,,,,2020-12-16T17:09:00,,,,0,,,,,,,,,,,,,,
2020-12-16 19:00:00,934.1,14.0,97,0.0,0.0,0.8,60.0,0.0,,,,,,,,,,2020-12-16T18:19:00,,,,0,,,,,,,,,,,,,,
2020-12-16 20:00:00,934.3,13.6,98,0.1,0.0,0.7,98.0,0.0,,,,,,,,,,2020-12-16T19:25:00,,,,0,,,,,,,,,,,,,,
2020-12-16 21:00:00,934.4,13.3,100,0.2,0.0,1.1,40.0,0.0,,,,,,,,,,2020-12-16T20:55:00,,,,0,,,,,,,,,,,,,,
2020-12-16 22:00:00,934.3,13.1,100,0.0,0.0,1.5,97.0,0.0,,,,,,,,,,2020-12-16T21:15:00,,,,0,,,,,,,,,,,,,,
2020-12-16 23:00:00,934.2,13.1,100,0.1,0.0,1.0,63.0,0.0,,,,,,,,,,2020-12-16T22:06:00,,,,0,,,,,,,,,,,,,,
2020-12-17 00:00:00,933.8,13.2,100,0.2,0.0,1.0,309.0,0.0,,,,,,,,,,2020-12-16T23:13:00,,,,0,,,,,,,,,,,,,,
2020-12-17 01:00:00,933.6,13.0,100,0.2,0.0,0.9,108.0,0.0,,,,,,,,,,2020-12-17T00:18:00,,,,0,,,,,,,,,,,,,,
2020-12-17 02:00:00,933.2,13.0,100,0.0,0.0,0.5,15.0,0.0,,,,,,,,,,2020-12-17T01:31:00,,,,0,,,,,,,,,,,,,,
2020-12-17 03:00:00,933.0,13.0,100,0.0,0.0,1.3,224.0,0.0,,,,,,,,,,2020-12-17T02:21:00,,,,0,,,,,,,,,,,,,,
2020-12-17 04:00:00,933.0,12.8,100,0.2,0.0,1.1,210.0,0.0,,,,,,,,,,2020-12-17T03:19:00,,,,0,,,,,,,,,,,,,,
2020-12-17 05:00:00,933.2,12.9,100,0.2,0.0,0.9,237.0,0.0,,,,,,,,,,2020-12-17T04:58:00,,,,0,,,,,,,,,,,,,,
2020-12-17 06:00:00,933.7,12.9,100,0.6,228.0,1.2,217.0,0.0,,,,,,,,,,2020-12-17T05:51:00,,,,0,,,,,,,,,,,,,,
2020-12-17 07:00:00,934.1,12.8,100,0.1,0.0,1.1,214.0,0.0,,,,,,,,,,2020-12-17T06:20:00,,,,0,,,,,,,,,,,,,,
2020-12-17 08:00:00,934.4,14.0,96,0.1,0.0,1.1,338.0,0.0,,,,,,,,,,2020-12-17T07:43:00,,,,0,,,,,,,,,,,,,,
2020-12-17 09:00:00,934.4,16.9,81,1.3,101.0,2.5,100.0,0.0,,,,,,,,,,2020-12-17T08:51:00,,,,0,,,,,,,,,,,,,,
2020-12-17 10:00:00,934.4,16.5,85,1.5,110.0,3.6,97.0,0.0,,,,,,,,,,2020-12-17T09:10:00,,,,0,,,,,,,,,,,,,,
2020-12-17 11:00:00,933.8,17.0,78,1.3,57.0,5.3,57.0,0.0,,,,,,,,,,2020-12-17T10:59:00,,,,0,,,,,,,,,,,,,,
2020-12-17 12:00:00,932.9,17.5,75,1.0,37.0,4.2,67.0,0.0,,,,,,,,,,2020-12-17T11:43:00,,,,0,,,,,,,,,,,,,,
2020-12-17 13:00:00,932.0,18.3,76,1.3,61.0,4.6,90.0,0.0,,,,,,,,,,2020-12-17T12:55:00,,,,0,,,,,,,,,,,,,,
2020-12-17 14:00:00,931.4,17.3,78,1.3,72.0,5.0,97.0,0.0,,,,,,,,,,2020-12-17T13:03:00,,,,0,,,,,,,,,,,,,,
2020-12-17 15:00:00,931.3,16.7,80,0.6,159.0,3.9,88.0,0.0,,,,,,,,,,2020-12-17T14:20:00,,,,0,,,,,,,,,,,,,,
2020-12-17 16:00:00,931.6,16.1,84,1.4,117.0,3.0,133.0,0.0,,,,,,,,,,2020-12-17T15:59:00,,,,0,,,,,,,,,,,,,,
2020-12-17 17:00:00,932.1,15.6,88,0.3,278.0,2.3,155.0,0.0,,,,,,,,,,2020-12-17T16:01:00,,,,0,,,,,,,,,,,,,,
2020-12-17 18:00:00,932.7,14.8,92,0.2,0.0,0.7,213.0,0.0,,,,,,,,,,2020-12-17T17:29:00,,,,0,,,,,,,,,,,,,,
2020-12-17 19:00:00,933.4,14.5,94,0.0,0.0,1.4,14.0,0.0,,,,,,,,,,2020-12-17T18:18:00,,,,0,,,,,,,,,,,,,,
2020-12-17 20:00:00,933.4,14.2,95,0.4,232.0,0.9,217.0,0.0,,,,,,,,,,2020-12-17T19:58:00,,,,0,,,,,,,,,,,,,,
2020-12-17 21:00:00,933.3,13.9,97,0.4,220.0,1.3,221.0,0.0,,,,,,,,,,2020-12-17T20:59:00,,,,0,,,,,,,,,,,,,,
2020-12-17 22:00:00,933.2,13.4,95,0.4,210.0,1.8,233.0,0.0,,,,,,,,,,2020-12-17T21:32:00,,,,0,,,,,,,,,,,,,,
2020-12-17 23:00:00,933.1,12.6,97,1.0,201.0,2.0,204.0,0.0,,,,,,,,,,2020-12-17T22:50:00,,,,0,,,,,,,,,,,,,,
2020-12-18 00:00:00,933.0,12.1,96,1.3,198.0,2.1,196.0,0.0,,,,,,,,,,2020-12-17T23:50:00,,,,0,,,,,,,,,,,,,,
2020-12-18 01:00:00,933.0,11.9,95,1.3,214.0,2.2,205.0,0.0,,,,,,,,,,2020-12-18T00:55:00,,,,0,,,,,,,,,,,,,,
2020-12-18 02:00:00,932.6,12.3,92,1.0,223.0,2.6,226.0,0.0,,,,,,,,,,2020-12-18T01:35:00,,,,0,,,,,,,,,,,,,,
2020-12-18 03:00:00,932.0,12.6,90,0.7,223.0,1.9,235.0,0.0,,,,,,,,,,2020-12-18T02:03:00,,,,0,,,,,,,,,,,,,,
2020-12-18 04:00:00,931.9,12.9,91,0.4,216.0,1.9,237.0,0.0,,,,,,,,,,2020-12-18T03:43:00,,,,0,,,,,,,,,,,,,,
2020-12-18 05:00:00,932.0,12.5,93,1.1,229.0,2.0,222.0,0.0,,,,,,,,,,2020-12-18T04:19:00,,,,0,,,,,,,,,,,,,,
2020-12-18 06:00:00,932.5,12.4,93,1.0,219.0,2.2,218.0,0.0,,,,,,,,,,2020-12-18T05:54:00,,,,0,,,,,,,,,,,,,,
2020-12-18 07:00:00,933.0,13.0,92,1.0,212.0,2.4,213.0,0.0,,,,,,,,,,2020-12-18T06:18:00,,,,0,,,,,,,,,,,,,,
2020-12-18 08:00:00,933.0,14.2,89,0.4,167.0,1.9,207.0,0.0,,,,,,,,,,2020-12-18T07:19:00,,,,0,,,,,,,,,,,,,,
2020-12-18 09:00:00,933.0,18.8,66,0.0,0.0,0.8,65.0,0.0,,,,,,,,,,2020-12-18T08:38:00,,,,0,,,,,,,,,,,,,,
2020-12-18 10:00:00,933.0,19.9,63,1.1,95.0,2.6,63.0,0.0,,,,,,,,,,2020-12-18T09:53:00,,,,0,,,,,,,,,,,,,,
2020-12-18 11:00:00,932.3,21.1,64,0.9,99.0,4.1,114.0,0.0,,,,,,,,,,2020-12-18T10:23:00,,,,0,,,,,,,,,,,,,,
2020-12-18 12:00:00,931.2,20.1,65,2.3,93.0,6.2,86.0,0.0,,,,,,,,,,2020-12-18T11:59:00,,,,0,,,,,,,,,,,,,,
2020-12-18 13:00:00,930.5,20.2,69,1.1,352.0,5.6,103.0,0.0,,,,,,,,,,2020-12-18T12:05:00,,,,0,,,,,,,,,,,,,,
2020-12-18 14:00:00,930.0,20.3,70,1.5,10.0,3.8,29.0,0.0,,,,,,,,,,2020-12-18T13:05:00,,,,0,,,,,,,,,,,,,,
2020-12-18 15:00:00,930.1,20.4,71,0.6,275.0,3.5,70.0,0.0,,,,,,,,,,2020-12-18T14:47:00,,,,0,,,,,,,,,,,,,,
2020-12-18 16:00:00,930.5,19.7,73,0.3,141.0,2.4,229.0,0.0,,,,,,,,,,2020-12-18T15:01:00,,,,0,,,,,,,,,,,,,,
2020-12-18 17:00:00,931.5,18.4,79,1.0,154.0,2.6,132.0,0.0,,,,,,,,,,2020-12-18T16:25:00,,,,0,,,,,,,,,,,,,,
2020-12-18 18:00:00,931.9,17.3,87,0.8,147.0,2.0,188.0,0.0,,,,,,,,,,2020-12-18T17:34:00,,,,0,,,,,,,,,,,,,,
2020-12-18 19:00:00,932.6,17.1,89,0.2,0.0,1.8,131.0,0.0,,,,,,,,,,2020-12-18T18:06:00,,,,0,,,,,,,,,,,,,,
2020-12-18 20:00:00,933.0,16.6,93,0.4,191.0,1.3,181.0,0.0,,,,,,,,,,2020-12-18T19:09:00,,,,0,,,,,,,,,,,,,,
2020-12-18 21:00:00,933.3,15.4,95,1.2,201.0,2.3,208.0,0.0,,,,,,,,,,2020-12-18T20:35:00,,,,0,,,,,,,,,,,,,,
2020-12-18 22:00:00,933.3,15.9,96,0.3,208.0,1.4,196.0,0.0,,,,,,,,,,2020-12-18T21:05:00,,,,0,,,,,,,,,,,,,,
2020-12-18 23:00:00,933.3,15.2,95,0.9,205.0,2.8,233.0,0.0,,,,,,,,,,2020-12-18T22:43:00,,,,0,,,,,,,,,,,,,,
2020-12-19 00:00:00,933.2,14.5,98,1.2,233.0,2.2,226.0,0.0,,,,,,,,,,2020-12-19T00:00:00,,,,0,,,,,,,,,,,,,,
2020-12-19 01:00:00,932.9,14.5,95,0.5,211.0,2.8,247.0,0.0,,,,,,,,,,2020-12-19T00:24:00,,,,0,,,,,,,,,,,,,,
2020-12-19 02:00:00,932.8,13.8,96,1.3,220.0,2.1,197.0,0.0,,,,,,,,,,2020-12-19T01:31:00,,,,0,,,,,,,,,,,,,,
2020-12-19 03:00:00,932.5,13.9,93,0.7,217.0,2.5,235.0,0.0,,,,,,,,,,2020-12-19T02:37:00,,,,0,,,,,,,,,,,,,,
2020-12-19 04:00:00,932.4,13.6,95,1.2,229.0,2.0,237.0,0.0,,,,,,,,,,2020-12-19T03:34:00,,,,0,,,,,,,,,,,,,,
2020-12-19 05:00:00,932.9,13.0,97,0.9,213.0,2.1,204.0,0.0,,,,,,,,,,2020-12-19T04:23:00,,,,0,,,,,,,,,,,,,,
2020-12-19 06:00:00,933.1,14.1,92,0.7,223.0,2.1,204.0,0.0,,,,,,,,,,2020-12-19T05:04:00,,,,0,,,,,,,,,,,,,,
2020-12-19 07:00:00,933.9,13.5,96,0.7,218.0,1.7,207.0,0.0,,,,,,,,,,2020-12-19T06:32:00,,,,0,,,,,,,,,,,,,,
2020-12-19 08:00:00,934.4,15.2,89,0.0,0.0,1.4,241.0,0.0,,,,,,,,,,2020-12-19T07:17:00,,,,0,,,,,,,,,,,,,,
2020-12-19 09:00:00,934.6,16.3,87,0.3,15.0,1.3,69.0,0.0,,,,,,,,,,2020-12-19T08:33:00,,,,0,,,,,,,,,,,,,,
2020-12-19 10:00:00,934.0,18.9,79,1.1,70.0,3.1,86.0,0.0,,,,,,,,,,2020-12-19T10:00:00,,,,0,,,,,,,,,,,,,,
2020-12-19 11:00:00,933.8,17.4,83,1.5,81.0,7.3,77.0,0.0,,,,,,,,,,2020-12-19T10:39:00,,,,0,,,,,,,,,,,,,,
2020-12-19 12:00:00,933.6,16.3,87,1.7,135.0,5.5,89.0,0.0,,,,,,,,,,2020-12-19T11:01:00,,,,0,,,,,,,,,,,,,,
2020-12-19 13:00:00,933.1,15.9,89,1.1,76.0,4.5,63.0,0.0,,,,,,,,,,2020-12-19T12:19:00,,,,0,,,,,,,,,,,,,,
2020-12-19 14:00:00,932.6,16.3,86,1.0,58.0,3.1,121.0,0.0,,,,,,,,,,2020-12-19T13:13:00,,,,0,,,,,,,,,,,,,,
2020-12-19 15:00:00,932.0,16.5,86,0.7,126.0,2.7,70.0,0.0,,,,,,,,,,2020-12-19T14:33:00,,,,0,,,,,,,,,,,,,,
2020-12-19 16:00:00,932.0,16.1,85,0.3,300.0,3.3,114.0,0.0,,,,,,,,,,2020-12-19T15:35:00,,,,0,,,,,,,,,,,,,,
2020-12-19 17:00:00,933.0,14.7,90,0.6,164.0,3.7,139.0,0.0,,,,,,,,,,2020-12-19T16:20:00,,,,0,,,,,,,,,,,,,,
2020-12-19 18:00:00,933.8,14.1,92,0.3,158.0,2.6,71.0,0.0,,,,,,,,,,2020-12-19T17:15:00,,,,0,,,,,,,,,,,,,,
2020-12-19 19:00:00,934.8,13.5,96,0.2,0.0,3.1,139.0,0.0,,,,,,,,,,2020-12-19T18:29:00,,,,0,,,,,,,,,,,,,,
2020-12-19 20:00:00,935.2,13.1,99,0.2,0.0,2.1,83.0,0.0,,,,,,,,,,2020-12-19T19:11:00,,,,0,,,,,,,,,,,,,,
2020-12-19 21:00:00,935.1,12.8,99,0.5,231.0,1.5,155.0,0.0,,,,,,,,,,2020-12-19T20:21:00,,,,0,,,,,,,,,,,,,,
2020-12-19 22:00:00,935.3,13.1,100,0.0,0.0,1.6,173.0,0.0,,,,,,,,,,2020-12-19T21:32:00,,,,0,,,,,,,,,,,,,,
2020-12-19 23:00:00,935.2,13.0,99,0.0,0.0,1.3,266.0,0.0,,,,,,,,,,2020-12-19T22:16:00,,,,0,,,,,,,,,,,,,,
2020-12-20 00:00:00,935.3,12.9,100,0.0,0.0,0.7,217.0,0.0,,,,,,,,,,2020-12-19T23:15:00,,,,0,,,,,,,,,,,,,,
2020-12-20 01:00:00,935.1,12.8,100,0.4,282.0,0.9,101.0,0.0,,,,,,,,,,2020-12-20T00:20:00,,,,0,,,,,,,,,,,,,,
2020-12-20 02:00:00,934.7,12.8,100,0.2,0.0,0.9,297.0,0.0,,,,,,,,,,2020-12-20T01:03:00,,,,0,,,,,,,,,,,,,,
2020-12-20 03:00:00,934.5,12.7,100,0.0,0.0,0.0,0.0,0.0,,,,,,,,,,2020-12-20T02:05:00,,,,0,,,,,,,,,,,,,,
2020-12-20 04:00:00,934.2,12.1,100,0.7,203.0,1.1,214.0,0.0,,,,,,,,,,2020-12-20T03:52:00,,,,0,,,,,,,,,,,,,,
2020-12-20 05:00:00,934.6,12.0,100,0.5,232.0,1.4,209.0,0.0,,,,,,,,,,2020-12-20T04:23:00,,,,0,,,,,,,,,,,,,,
2020-12-20 06:00:00,935.2,11.8,100,0.8,193.0,1.6,147.0,0.0,,,,,,,,,,2020-12-20T05:36:00,,,,0,,,,,,,,,,,,,,
2020-12-20 07:00:00,935.9,12.6,100,0.0,0.0,1.9,159.0,0.0,,,,,,,,,,2020-12-20T06:06:00,,,,0,,,,,,,,,,,,,,
2020-12-20 08:00:00,936.0,14.0,98,0.2,0.0,1.6,101.0,0.0,,,,,,,,,,2020-12-20T07:35:00,,,,0,,,,,,,,,,,,,,
2020-12-20 09:00:00,936.4,15.1,94,0.4,57.0,2.5,105.0,0.0,,,,,,,,,,2020-12-20T08:16:00,,,,0,,,,,,,,,,,,,,
2020-12-20 10:00:00,935.6,15.7,92,0.8,81.0,2.0,95.0,0.0,,,,,,,,,,2020-12-20T09:47:00,,,,0,,,,,,,,,,,,,,
2020-12-20 11:00:00,934.4,18.8,77,1.6,100.0,4.8,92.0,0.0,,,,,,,,,,2020-12-20T10:59:00,,,,0,,,,,,,,,,,,,,
2020-12-20 12:00:00,933.9,18.0,74,1.0,47.0,4.9,131.0,0.0,,,,,,,,,,2020-12-20T11:04:00,,,,0,,,,,,,,,,,,,,
2020-12-20 13:00:00,933.5,17.0,78,2.3,118.0,5.9,68.0,0.0,,,,,,,,,,2020-12-20T12:42:00,,,,0,,,,,,,,,,,,,,
2020-12-20 14:00:00,933.0,17.0,79,1.3,103.0,4.6,82.0,0.0,,,,,,,,,,2020-12-20T13:27:00,,,,0,,,,,,,,,,,,,,
2020-12-20 15:00:00,932.7,16.8,82,0.4,21.0,4.4,74.0,0.0,,,,,,,,,,2020-12-20T14:29:00,,,,0,,,,,,,,,,,,,,
2020-12-20 16:00:00,933.1,15.6,86,0.8,162.0,3.1,55.0,0.0,,,,,,,,,,2020-12-20T15:41:00,,,,0,,,,,,,,,,,,,,
2020-12-20 17:00:00,933.8,14.6,91,0.5,148.0,3.9,163.0,0.0,,,,,,,,,,2020-12-20T16:04:00,,,,0,,,,,,,,,,,,,,
2020-12-20 18:00:00,934.4,14.2,93,0.1,0.0,4.6,115.0,0.0,,,,,,,,,,2020-12-20T17:14:00,,,,0,,,,,,,,,,,,,,
2020-12-20 19:00:00,935.0,13.6,96,0.9,186.0,1.7,187.0,0.0,,,,,,,,,,2020-12-20T18:48:00,,,,0,,,,,,,,,,,,,,
2020-12-20 20:00:00,935.4,13.1,98,1.3,140.0,3.0,137.0,0.0,,,,,,,,,,2020-12-20T19:52:00,,,,0,,,,,,,,,,,,,,
2020-12-20 21:00:00,935.4,13.0,97,1.1,133.0,2.3,128.0,0.0,,,,,,,,,,2020-12-20T20:58:00,,,,0,,,,,,,,,,,,,,
2020-12-20 22:00:00,935.3,13.0,97,0.3,118.0,2.3,174.0,0.0,,,,,,,,,,2020-12-20T21:11:00,,,,0,,,,,,,,,,,,,,
2020-12-20 23:00:00,935.1,12.9,98,0.0,0.0,2.4,103.0,0.0,,,,,,,,,,2020-12-20T22:13:00,,,,0,,,,,,,,,,,,,,
2020-12-21 00:00:00,934.8,12.9,98,0.1,0.0,1.4,268.0,0.0,,,,,,,,,,2020-12-20T23:10:00,,,,0,,,,,,,,,,,,,,
2020-12-21 01:00:00,934.5,12.9,99,0.0,0.0,1.0,108.0,0.0,,,,,,,,,,2020-12-21T00:05:00,,,,0,,,,,,,,,,,,,,
2020-12-21 02:00:00,934.1,12.8,100,0.1,0.0,1.4,277.0,0.0,,,,,,,,,,2020-12-21T01:26:00,,,,0,,,,,,,,,,,,,,
2020-12-21 03:00:00,933.6,12.5,100,0.4,214.0,1.5,100.0,0.5,,,,,,,,,,2020-12-21T02:43:00,,,,0,,,,,,,,,,,,,,
2020-12-21 04:00:00,933.4,12.5,100,0.4,120.0,1.1,218.0,0.0,,,,,,,,,,2020-12-21T03:12:00,,,,0,,,,,,,,,,,,,,
2020-12-21 05:00:00,933.9,12.6,100,0.2,0.0,0.9,344.0,0.0,,,,,,,,,,2020-12-21T04:38:00,,,,0,,,,,,,,,,,,,,
2020-12-21 06:00:00,934.1,12.6,100,0.0,0.0,1.4,233.0,0.5,,,,,,,,,,2020-12-21T05:28:00,,,,0,,,,,,,,,,,,,,
2020-12-21 07:00:00,934.6,12.7,100,0.0,0.0,0.9,32.0,0.5,,,,,,,,,,2020-12-21T06:23:00,,,,0,,,,,,,,,,,,,,
2020-12-21 08:00:00,935.0,13.1,100,0.1,0.0,1.1,60.0,0.0,,,,,,,,,,2020-12-21T07:44:00,,,,0,,,,,,,,,,,,,,
2020-12-21 09:00:00,935.3,13.3,100,0.0,0.0,1.0,122.0,0.5,,,,,,,,,,2020-12-21T08:45:00,,,,0,,,,,,,,,,,,,,
2020-12-21 10:00:00,935.3,13.6,100,0.5,77.0,1.3,89.0,1.0,,,,,,,,,,2020-12-21T09:51:00,,,,0,,,,,,,,,,,,,,
2020-12-21 11:00:00,934.8,14.1,100,0.2,0.0,1.6,96.0,0.5,,,,,,,,,,2020-12-21T10:16:00,,,,0,,,,,,,,,,,,,,
2020-12-21 12:00:00,933.8,14.3,100,0.5,357.0,1.7,11.0,0.0,,,,,,,,,,2020-12-21T11:39:00,,,,0,,,,,,,,,,,,,,
2020-12-21 13:00:00,932.5,14.2,100,0.7,87.0,1.5,87.0,1.0,,,,,,,,,,2020-12-21T12:58:00,,,,0,,,,,,,,,,,,,,
2020-12-21 14:00:00,931.8,14.0,100,1.2,124.0,3.5,110.0,0.0,,,,,,,,,,2020-12-21T13:43:00,,,,0,,,,,,,,,,,,,,
2020-12-21 15:00:00,931.9,13.8,100,0.5,60.0,3.7,147.0,0.5,,,,,,,,,,2020-12-21T14:19:00,,,,0,,,,,,,,,,,,,,
2020-12-21 16:00:00,932.3,14.0,100,0.3,54.0,2.0,190.0,0.0,,,,,,,,,,2020-12-21T15:26:00,,,,0,,,,,,,,,,,,,,
2020-12-21 17:00:00,932.8,13.7,100,0.0,0.0,1.0,331.0,0.0,,,,,,,,,,2020-12-21T16:09:00,,,,0,,,,,,,,,,,,,,
2020-12-21 18:00:00,933.1,13.5,100,0.0,0.0,0.7,183.0,0.5,,,,,,,,,,2020-12-21T18:00:00,,,,0,,,,,,,,,,,,,,
2020-12-21 19:00:00,933.6,13.4,100,0.1,0.0,2.6,96.0,0.5,,,,,,,,,,2020-12-21T18:38:00,,,,0,,,,,,,,,,,,,,
2020-12-21 20:00:00,933.9,13.4,100,0.0,0.0,0.9,184.0,0.0,,,,,,,,,,2020-12-21T19:16:00,,,,0,,,,,,,,,,,,,,
2020-12-21 21:00:00,933.9,13.4,100,0.0,0.0,0.9,186.0,0.5,,,,,,,,,,2020-12-21T20:30:00,,,,0,,,,,,,,,,,,,,
2020-12-21 22:00:00,933.8,13.5,100,0.0,0.0,1.1,298.0,0.5,,,,,,,,,,2020-12-21T21:38:00,,,,0,,,,,,,,,,,,,,
2020-12-21 23:00:00,933.5,13.5,100,0.1,0.0,1.2,215.0,1.0,,,,,,,,,,2020-12-21T22:05:00,,,,0,,,,,,,,,,,,,,
2020-12-22 00:00:00,933.1,13.4,100,0.4,159.0,1.4,228.0,0.5,,,,,,,,,,2020-12-21T23:11:00,,,,0,,,,,,,,,,,,,,
2020-12-22 01:00:00,932.9,13.2,100,0.2,0.0,1.6,176.0,0.0,,,,,,,,,,2020-12-22T00:27:00,,,,0,,,,,,,,,,,,,,
2020-12-22 02:00:00,932.3,13.4,100,0.3,240.0,1.2,219.0,0.0,,,,,,,,,,2020-12-22T01:45:00,,,,0,,,,,,,,,,,,,,
2020-12-22 03:00:00,932.1,13.2,100,0.9,194.0,1.2,185.0,0.0,,,,,,,,,,2020-12-22T02:57:00,,,,0,,,,,,,,,,,,,,
2020-12-22 04:00:00,931.9,12.7,100,0.8,219.0,1.6,202.0,0.0,,,,,,,,,,2020-12-22T03:30:00,,,,0,,,,,,,,,,,,,,
2020-12-22 05:00:00,932.3,12.6,100,0.4,224.0,1.3,224.0,0.0,,,,,,,,,,2020-12-22T04:01:00,,,,0,,,,,,,,,,,,,,
2020-12-22 06:00:00,932.7,12.5,100,1.0,207.0,1.3,206.0,0.0,,,,,,,,,,2020-12-22T05:52:00,,,,0,,,,,,,,,,,,,,
2020-12-22 07:00:00,933.0,12.4,100,0.7,228.0,1.9,212.0,0.0,,,,,,,,,,2020-12-22T06:45:00,,,,0,,,,,,,,,,,,,,
2020-12-22 08:00:00,933.4,13.8,100,0.0,0.0,1.2,211.0,0.0,,,,,,,,,,2020-12-22T07:16:00,,,,0,,,,,,,,,,,,,,
2020-12-22 09:00:00,933.5,15.4,95,0.3,58.0,1.2,63.0,0.0,,,,,,,,,,2020-12-22T08:58:00,,,,0,,,,,,,,,,,,,,
2020-12-22 10:00:00,933.3,17.1,91,0.1,0.0,1.2,109.0,0.0,,,,,,,,,,2020-12-22T09:45:00,,,,0,,,,,,,,,,,,,,
2020-12-22 11:00:00,932.5,17.7,87,1.3,76.0,3.3,142.0,0.0,,,,,,,,,,2020-12-22T10:50:00,,,,0,,,,,,,,,,,,,,
2020-12-22 12:00:00,931.9,16.9,88,0.9,67.0,3.6,92.0,0.0,,,,,,,,,,2020-12-22T11:28:00,,,,0,,,,,,,,,,,,,,
2020-12-22 13:00:00,930.7,17.3,86,1.1,80.0,3.2,72.0,0.0,,,,,,,,,,2020-12-22T13:00:00,,,,0,,,,,,,,,,,,,,
2020-12-22 14:00:00,930.2,18.0,86,0.9,42.0,3.1,91.0,0.0,,,,,,,,,,2020-12-22T13:20:00,,,,0,,,,,,,,,,,,,,
2020-12-22 15:00:00,930.2,17.4,86,0.9,55.0,3.8,35.0,0.0,,,,,,,,,,2020-12-22T14:30:00,,,,0,,,,,,,,,,,,,,
2020-12-22 16:00:00,930.4,17.2,87,1.0,106.0,3.4,92.0,0.0,,,,,,,,,,2020-12-22T15:11:00,,,,0,,,,,,,,,,,,,,
2020-12-22 17:00:00,931.0,16.6,88,0.9,153.0,1.6,142.0,0.0,,,,,,,,,,2020-12-22T16:10:00,,,,0,,,,,,,,,,,,,,
2020-12-22 18:00:00,931.8,15.9,95,0.7,148.0,1.6,120.0,0.0,,,,,,,,,,2020-12-22T17:05:00,,,,0,,,,,,,,,,,,,,
2020-12-22 19:00:00,932.2,15.5,98,0.0,0.0,1.8,119.0,0.0,,,,,,,,,,2020-12-22T18:07:00,,,,0,,,,,,,,,,,,,,
2020-12-22 20:00:00,932.6,15.4,100,0.0,0.0,0.9,292.0,0.0,,,,,,,,,,2020-12-22T19:32:00,,,,0,,,,,,,,,,,,,,
2020-12-22 21:00:00,932.7,15.2,99,0.2,0.0,2.1,286.0,0.0,,,,,,,,,,2020-12-22T20:26:00,,,,0,,,,,,,,,,,,,,
2020-12-22 22:00:00,932.6,15.1,100,0.0,0.0,1.0,143.0,0.0,,,,,,,,,,2020-12-22T21:18:00,,,,0,,,,,,,,,,,,,,
2020-12-22 23:00:00,932.2,15.0,100,0.2,0.0,0.9,222.0,1.0,,,,,,,,,,2020-12-22T22:55:00,,,,0,,,,,,,,,,,,,,
2020-12-23 00:00:00,931.9,15.0,100,0.0,0.0,0.9,103.0,1.0,,,,,,,,,,2020-12-23T00:00:00,,,,0,,,,,,,,,,,,,,
2020-12-23 01:00:00,931.7,14.9,100,0.1,0.0,1.3,102.0,1.5,,,,,,,,,,2020-12-23T00:02:00,,,,0,,,,,,,,,,,,,,
2020-12-23 02:00:00,931.1,15.0,100,1.1,157.0,1.7,121.0,2.0,,,,,,,,,,2020-12-23T01:57:00,,,,0,,,,,,,,,,,,,,
2020-12-23 03:00:00,930.8,15.0,100,0.0,0.0,1.8,86.0,0.5,,,,,,,,,,2020-12-23T02:01:00,,,,0,,,,,,,,,,,,,,
2020-12-23 04:00:00,930.6,14.9,100,0.2,0.0,1.1,283.0,4.0,,,,,,,,,,2020-12-23T04:00:00,,,,0,,,,,,,,,,,,,,
2020-12-23 05:00:00,930.7,15.0,100,0.5,259.0,1.2,275.0,2.5,,,,,,,,,,2020-12-23T04:01:00,,,,0,,,,,,,,,,,,,,
2020-12-23 06:00:00,931.1,15.1,100,0.2,0.0,1.5,238.0,1.0,,,,,,,,,,2020-12-23T05:45:00,,,,0,,,,,,,,,,,,,,
2020-12-23 07:00:00,931.5,15.2,100,0.1,0.0,2.3,214.0,1.0,,,,,,,,,,2020-12-23T06:07:00,,,,0,,,,,,,,,,,,,,
2020-12-23 08:00:00,931.8,15.4,100,0.1,0.0,0.7,44.0,2.0,,,,,,,,,,2020-12-23T07:50:00,,,,0,,,,,,,,,,,,,,
2020-12-23 09:00:00,932.0,15.7,100,0.0,0.0,0.8,34.0,3.5,,,,,,,,,,2020-12-23T08:17:00,,,,0,,,,,,,,,,,,,,
2020-12-23 10:00:00,931.4,16.4,100,0.0,0.0,1.5,100.0,1.5,,,,,,,,,,2020-12-23T09:21:00,,,,0,,,,,,,,,,,,,,
2020-12-23 11:00:00,930.4,16.8,100,0.6,15.0,1.1,20.0,0.5,,,,,,,,,,2020-12-23T10:57:00,,,,0,,,,,,,,,,,,,,
2020-12-23 12:00:00,929.2,17.9,98,0.4,48.0,1.1,79.0,0.0,,,,,,,,,,2020-12-23T11:28:00,,,,0,,,,,,,,,,,,,,
2020-12-23 13:00:00,928.2,18.2,98,0.5,27.0,1.3,72.0,0.0,,,,,,,,,,2020-12-23T12:51:00,,,,0,,,,,,,,,,,,,,
2020-12-23 14:00:00,927.6,17.7,100,0.5,84.0,2.3,95.0,0.0,,,,,,,,,,2020-12-23T13:38:00,,,,0,,,,,,,,,,,,,,
2020-12-23 15:00:00,927.1,18.0,100,0.1,0.0,1.2,4.0,1.0,,,,,,,,,,2020-12-23T14:18:00,,,,0,,,,,,,,,,,,,,
2020-12-23 16:00:00,927.1,17.9,100,0.0,0.0,1.3,95.0,1.5,,,,,,,,,,2020-12-23T15:02:00,,,,0,,,,,,,,,,,,,,
2020-12-23 17:00:00,927.0,17.7,100,0.5,103.0,0.9,277.0,0.5,,,,,,,,,,2020-12-23T16:33:00,,,,0,,,,,,,,,,,,,,
2020-12-23 18:00:00,927.3,17.4,100,0.2,0.0,1.1,238.0,0.5,,,,,,,,,,2020-12-23T17:39:00,,,,0,,,,,,,,,,,,,,
2020-12-23 19:00:00,927.5,17.0,100,0.1,0.0,1.0,213.0,0.5,,,,,,,,,,2020-12-23T19:00:00,,,,0,,,,,,,,,,,,,,
2020-12-23 20:00:00,927.7,16.7,100,0.7,213.0,1.1,238.0,0.0,,,,,,,,,,2020-12-23T19:36:00,,,,0,,,,,,,,,,,,,,
2020-12-23 21:00:00,927.5,16.4,100,0.8,176.0,1.6,218.0,0.0,,,,,,,,,,2020-12-23T20:45:00,,,,0,,,,,,,,,,,,,,
2020-12-23 22:00:00,927.5,16.3,100,1.3,205.0,1.9,195.0,0.0,,,,,,,,,,2020-12-23T21:10:00,,,,0,,,,,,,,,,,,,,
2020-12-23 23:00:00,927.3,16.1,100,0.4,224.0,2.1,223.0,0.0,,,,,,,,,,2020-12-23T22:27:00,,,,0,,,,,,,,,,,,,,
2020-12-24 00:00:00,926.8,15.5,100,0.8,207.0,2.1,218.0,0.0,,,,,,,,,,2020-12-23T23:21:00,,,,0,,,,,,,,,,,,,,
2020-12-24 01:00:00,926.3,15.7,100,1.2,221.0,2.1,210.0,0.0,,,,,,,,,,2020-12-24T00:57:00,,,,0,,,,,,,,,,,,,,
2020-12-24 02:00:00,926.1,15.2,100,1.1,219.0,2.0,205.0,0.0,,,,,,,,,,2020-12-24T01:39:00,,,,0,,,,,,,,,,,,,,
2020-12-24 03:00:00,925.9,15.1,100,1.0,205.0,2.0,212.0,0.0,,,,,,,,,,2020-12-24T02:19:00,,,,0,,,,,,,,,,,,,,
2020-12-24 04:00:00,925.7,15.3,100,0.7,241.0,2.1,233.0,0.0,,,,,,,,,,2020-12-24T03:49:00,,,,0,,,,,,,,,,,,,,
2020-12-24 05:00:00,925.8,15.4,100,0.4,215.0,1.9,191.0,0.0,,,,,,,,,,2020-12-24T04:03:00,,,,0,,,,,,,,,,,,,,
2020-12-24 06:00:00,926.6,15.9,100,0.2,0.0,1.6,199.0,0.0,,,,,,,,,,2020-12-24T05:42:00,,,,0,,,,,,,,,,,,,,
2020-12-24 07:00:00,927.3,16.3,100,0.2,0.0,1.0,231.0,0.0,,,,,,,,,,2020-12-24T06:58:00,,,,0,,,,,,,,,,,,,,
2020-12-24 08:00:00,927.8,17.3,100,0.3,330.0,1.6,205.0,0.0,,,,,,,,,,2020-12-24T07:09:00,,,,0,,,,,,,,,,,,,,
2020-12-24 09:00:00,928.0,18.4,97,0.4,64.0,1.8,84.0,0.0,,,,,,,,,,2020-12-24T08:45:00,,,,0,,,,,,,,,,,,,,
2020-12-24 10:00:00,927.9,18.5,95,2.0,100.0,3.7,104.0,0.0,,,,,,,,,,2020-12-24T09:58:00,,,,0,,,,,,,,,,,,,,
2020-12-24 11:00:00,927.6,18.5,95,0.8,48.0,4.1,97.0,0.0,,,,,,,,,,2020-12-24T10:07:00,,,,0,,,,,,,,,,,,,,
2020-12-24 12:00:00,926.8,18.6,95,0.8,23.0,3.0,51.0,0.0,,,,,,,,,,2020-12-24T11:59:00,,,,0,,,,,,,,,,,,,,
2020-12-24 13:00:00,926.1,18.5,97,1.6,99.0,5.6,84.0,0.0,,,,,,,,,,2020-12-24T12:23:00,,,,0,,,,,,,,,,,,,,
2020-12-24 14:00:00,925.7,18.4,98,0.9,81.0,4.1,77.0,0.0,,,,,,,,,,2020-12-24T13:51:00,,,,0,,,,,,,,,,,,,,
2020-12-24 15:00:00,925.8,18.0,99,1.1,119.0,3.5,90.0,0.0,,,,,,,,,,2020-12-24T14:48:00,,,,0,,,,,,,,,,,,,,
2020-12-24 16:00:00,926.1,17.5,100,0.8,108.0,3.6,89.0,0.0,,,,,,,,,,2020-12-24T15:04:00,,,,0,,,,,,,,,,,,,,
2020-12-24 17:00:00,926.7,16.8,100,0.3,129.0,3.2,60.0,0.5,,,,,,,,,,2020-12-24T16:04:00,,,,0,,,,,,,,,,,,,,
2020-12-24 18:00:00,927.4,16.3,99,1.3,141.0,3.1,127.0,0.0,,,,,,,,,,2020-12-24T17:43:00,,,,0,,,,,,,,,,,,,,
2020-12-24 19:00:00,928.1,15.9,100,0.8,141.0,2.7,150.0,0.5,,,,,,,,,,2020-12-24T18:04:00,,,,0,,,,,,,,,,,,,,
2020-12-24 20:00:00,928.8,15.5,100,0.9,165.0,3.4,97.0,0.0,,,,,,,,,,2020-12-24T19:03:00,,,,0,,,,,,,,,,,,,,
2020-12-24 21:00:00,929.4,15.2,100,0.4,141.0,3.1,124.0,0.0,,,,,,,,,,2020-12-24T20:22:00,,,,0,,,,,,,,,,,,,,
2020-12-24 22:00:00,929.8,14.9,100,1.0,132.0,3.0,112.0,0.0,,,,,,,,,,2020-12-24T21:15:00,,,,0,,,,,,,,,,,,,,
2020-12-24 23:00:00,929.5,14.4,100,1.5,147.0,3.1,92.0,0.5,,,,,,,,,,2020-12-24T22:56:00,,,,0,,,,,,,,,,,,,,
2020-12-25 00:00:00,929.5,14.1,100,0.9,218.0,3.6,142.0,0.0,,,,,,,,,,2020-12-24T23:15:00,,,,0,,,,,,,,,,,,,,
2020-12-25 01:00:00,929.5,13.7,100,1.2,146.0,3.2,145.0,0.0,,,,,,,,,,2020-12-25T00:49:00,,,,0,,,,,,,,,,,,,,
2020-12-25 02:00:00,929.4,13.6,100,1.0,149.0,3.0,118.0,0.0,,,,,,,,,,2020-12-25T01:59:00,,,,0,,,,,,,,,,,,,,
2020-12-25 03:00:00,929.5,13.3,100,1.3,130.0,2.9,202.0,0.5,,,,,,,,,,2020-12-25T02:23:00,,,,0,,,,,,,,,,,,,,
2020-12-25 04:00:00,929.7,13.4,100,0.0,0.0,1.9,116.0,0.0,,,,,,,,,,2020-12-25T03:01:00,,,,0,,,,,,,,,,,,,,
2020-12-25 05:00:00,930.1,13.4,100,0.0,0.0,0.8,17.0,0.0,,,,,,,,,,2020-12-25T04:01:00,,,,0,,,,,,,,,,,,,,
2020-12-25 06:00:00,930.8,13.3,100,0.1,0.0,2.1,127.0,0.5,,,,,,,,,,2020-12-25T05:08:00,,,,0,,,,,,,,,,,,,,
2020-12-25 07:00:00,931.6,13.4,100,0.1,0.0,0.8,103.0,0.0,,,,,,,,,,2020-12-25T06:14:00,,,,0,,,,,,,,,,,,,,
2020-12-25 08:00:00,932.1,13.6,100,0.3,221.0,0.9,200.0,0.0,,,,,,,,,,2020-12-25T07:56:00,,,,0,,,,,,,,,,,,,,
2020-12-25 09:00:00,932.1,15.0,99,0.0,0.0,1.0,290.0,0.0,,,,,,,,,,2020-12-25T08:18:00,,,,0,,,,,,,,,,,,,,
2020-12-25 10:00:00,931.8,16.1,94,0.7,50.0,1.5,11.0,0.0,,,,,,,,,,2020-12-25T09:57:00,,,,0,,,,,,,,,,,,,,
2020-12-25 11:00:00,931.5,16.3,89,1.5,117.0,5.4,84.0,0.0,,,,,,,,,,2020-12-25T10:42:00,,,,0,,,,,,,,,,,,,,
2020-12-25 12:00:00,930.7,16.0,89,1.2,103.0,4.5,86.0,0.0,,,,,,,,,,2020-12-25T11:39:00,,,,0,,,,,,,,,,,,,,
2020-12-25 13:00:00,929.9,16.4,86,1.0,118.0,4.5,72.0,0.0,,,,,,,,,,2020-12-25T12:06:00,,,,0,,,,,,,,,,,,,,
2020-12-25 14:00:00,929.4,15.7,88,1.2,119.0,4.4,98.0,0.0,,,,,,,,,,2020-12-25T13:36:00,,,,0,,,,,,,,,,,,,,
2020-12-25 15:00:00,929.4,15.2,91,1.3,113.0,4.1,82.0,0.0,,,,,,,,,,2020-12-25T14:25:00,,,,0,,,,,,,,,,,,,,
2020-12-25 16:00:00,929.9,14.8,93,0.7,120.0,4.1,68.0,0.0,,,,,,,,,,2020-12-25T15:39:00,,,,0,,,,,,,,,,,,,,
2020-12-25 17:00:00,930.5,14.2,94,1.1,143.0,3.2,130.0,0.0,,,,,,,,,,2020-12-25T16:39:00,,,,0,,,,,,,,,,,,,,
2020-12-25 18:00:00,931.0,13.7,97,0.0,0.0,2.3,159.0,0.0,,,,,,,,,,2020-12-25T17:15:00,,,,0,,,,,,,,,,,,,,
2020-12-25 19:00:00,931.9,13.2,100,0.0,0.0,2.3,101.0,0.0,,,,,,,,,,2020-12-25T18:39:00,,,,0,,,,,,,,,,,,,,
2020-12-25 20:00:00,932.6,13.2,100,0.0,0.0,0.7,351.0,0.0,,,,,,,,,,2020-12-25T19:05:00,,,,0,,,,,,,,,,,,,,
2020-12-25 21:00:00,933.0,13.1,100,0.0,0.0,1.1,65.0,0.0,,,,,,,,,,2020-12-25T20:34:00,,,,0,,,,,,,,,,,,,,
2020-12-25 22:00:00,933.1,13.2,100,0.1,0.0,1.0,277.0,0.0,,,,,,,,,,2020-12-25T21:38:00,,,,0,,,,,,,,,,,,,,
2020-12-25 23:00:00,933.3,13.1,100,0.0,0.0,0.8,181.0,0.0,,,,,,,,,,2020-12-25T22:02:00,,,,0,,,,,,,,,,,,,,
2020-12-26 00:00:00,932.9,13.1,100,0.5,234.0,0.9,263.0,0.0,,,,,,,,,,2020-12-25T23:50:00,,,,0,,,,,,,,,,,,,,
2020-12-26 01:00:00,932.4,13.4,97,0.5,262.0,1.6,341.0,0.0,,,,,,,,,,2020-12-26T00:53:00,,,,0,,,,,,,,,,,,,,
2020-12-26 02:00:00,932.0,13.5,93,1.0,253.0,3.3,316.0,0.0,,,,,,,,,,2020-12-26T01:59:00,,,,0,,,,,,,,,,,,,,
2020-12-26 03:00:00,931.7,12.7,95,0.5,262.0,4.5,292.0,0.0,,,,,,,,,,2020-12-26T02:02:00,,,,0,,,,,,,,,,,,,,
2020-12-26 04:00:00,931.6,11.9,94,0.6,244.0,1.9,220.0,0.0,,,,,,,,,,2020-12-26T03:31:00,,,,0,,,,,,,,,,,,,,
2020-12-26 05:00:00,931.6,12.3,88,0.7,253.0,3.0,308.0,0.0,,,,,,,,,,2020-12-26T04:50:00,,,,0,,,,,,,,,,,,,,
2020-12-26 06:00:00,931.9,11.7,89,1.1,226.0,2.8,299.0,0.0,,,,,,,,,,2020-12-26T05:02:00,,,,0,,,,,,,,,,,,,,
2020-12-26 07:00:00,932.5,11.6,90,1.2,239.0,2.7,264.0,0.0,,,,,,,,,,2020-12-26T06:44:00,,,,0,,,,,,,,,,,,,,
2020-12-26 08:00:00,932.9,13.9,84,0.4,113.0,2.3,207.0,0.0,,,,,,,,,,2020-12-26T07:33:00,,,,0,,,,,,,,,,,,,,
2020-12-26 09:00:00,933.1,14.8,82,0.0,0.0,1.5,131.0,0.0,,,,,,,,,,2020-12-26T08:09:00,,,,0,,,,,,,,,,,,,,
2020-12-26 10:00:00,932.6,19.3,66,0.3,85.0,1.5,108.0,0.0,,,,,,,,,,2020-12-26T09:46:00,,,,0,,,,,,,,,,,,,,
2020-12-26 11:00:00,931.6,20.2,59,1.3,107.0,3.4,126.0,0.0,,,,,,,,,,2020-12-26T11:00:00,,,,0,,,,,,,,,,,,,,
2020-12-26 12:00:00,930.4,20.1,56,1.5,139.0,4.9,134.0,0.0,,,,,,,,,,2020-12-26T11:48:00,,,,0,,,,,,,,,,,,,,
2020-12-26 13:00:00,929.2,20.6,55,1.3,39.0,5.9,74.0,0.0,,,,,,,,,,2020-12-26T12:37:00,,,,0,,,,,,,,,,,,,,
2020-12-26 14:00:00,928.6,18.9,65,1.6,155.0,5.6,78.0,0.0,,,,,,,,,,2020-12-26T13:06:00,,,,0,,,,,,,,,,,,,,
2020-12-26 15:00:00,928.3,19.3,67,0.5,86.0,5.2,84.0,0.0,,,,,,,,,,2020-12-26T14:14:00,,,,0,,,,,,,,,,,,,,
2020-12-26 16:00:00,928.4,18.8,71,0.9,179.0,3.9,70.0,0.0,,,,,,,,,,2020-12-26T15:10:00,,,,0,,,,,,,,,,,,,,
2020-12-26 17:00:00,929.2,17.7,75,1.2,155.0,3.9,100.0,0.0,,,,,,,,,,2020-12-26T16:15:00,,,,0,,,,,,,,,,,,,,
2020-12-26 18:00:00,930.0,16.2,88,0.9,202.0,2.1,191.0,0.0,,,,,,,,,,2020-12-26T17:24:00,,,,0,,,,,,,,,,,,,,
2020-12-26 19:00:00,930.4,16.6,83,0.9,248.0,2.6,266.0,0.0,,,,,,,,,,2020-12-26T18:57:00,,,,0,,,,,,,,,,,,,,
2020-12-26 20:00:00,930.7,14.2,93,1.2,197.0,3.1,269.0,0.0,,,,,,,,,,2020-12-26T19:01:00,,,,0,,,,,,,,,,,,,,
2020-12-26 21:00:00,931.1,14.1,90,0.8,215.0,2.5,206.0,0.0,,,,,,,,,,2020-12-26T20:15:00,,,,0,,,,,,,,,,,,,,
2020-12-26 22:00:00,930.8,14.0,85,0.5,251.0,3.3,314.0,0.0,,,,,,,,,,2020-12-26T21:44:00,,,,0,,,,,,,,,,,,,,
2020-12-26 23:00:00,930.6,14.5,81,0.8,251.0,3.0,203.0,0.0,,,,,,,,,,2020-12-26T22:45:00,,,,0,,,,,,,,,,,,,,
2020-12-27 00:00:00,930.2,14.4,82,0.5,176.0,3.0,228.0,0.0,,,,,,,,,,2020-12-26T23:42:00,,,,0,,,,,,,,,,,,,,
2020-12-27 01:00:00,930.1,14.2,78,1.0,237.0,3.1,262.0,0.0,,,,,,,,,,2020-12-27T00:28:00,,,,0,,,,,,,,,,,,,,
2020-12-27 02:00:00,929.2,14.1,80,0.9,172.0,3.3,263.0,0.0,,,,,,,,,,2020-12-27T01:23:00,,,,0,,,,,,,,,,,,,,
2020-12-27 03:00:00,928.8,13.1,86,1.3,198.0,2.3,218.0,0.0,,,,,,,,,,2020-12-27T02:43:00,,,,0,,,,,,,,,,,,,,
2020-12-27 04:00:00,928.7,12.8,88,1.3,211.0,2.4,200.0,0.0,,,,,,,,,,2020-12-27T03:01:00,,,,0,,,,,,,,,,,,,,
2020-12-27 05:00:00,928.5,12.6,91,1.5,217.0,2.4,206.0,0.0,,,,,,,,,,2020-12-27T04:04:00,,,,0,,,,,,,,,,,,,,
2020-12-27 06:00:00,928.7,13.2,88,1.4,223.0,2.3,208.0,0.0,,,,,,,,,,2020-12-27T05:09:00,,,,0,,,,,,,,,,,,,,
2020-12-27 07:00:00,929.3,12.9,91,1.3,218.0,2.1,199.0,0.0,,,,,,,,,,2020-12-27T06:55:00,,,,0,,,,,,,,,,,,,,
2020-12-27 08:00:00,929.7,14.9,87,0.7,197.0,2.9,227.0,0.0,,,,,,,,,,2020-12-27T07:22:00,,,,0,,,,,,,,,,,,,,
2020-12-27 09:00:00,930.2,18.1,72,0.3,280.0,1.3,83.0,0.0,,,,,,,,,,2020-12-27T08:20:00,,,,0,,,,,,,,,,,,,,
2020-12-27 10:00:00,930.2,20.7,67,0.1,0.0,1.2,36.0,0.0,,,,,,,,,,2020-12-27T09:31:00,,,,0,,,,,,,,,,,,,,
2020-12-27 11:00:00,929.5,20.7,66,1.8,103.0,3.3,98.0,0.0,,,,,,,,,,2020-12-27T10:47:00,,,,0,,,,,,,,,,,,,,
2020-12-27 12:00:00,928.5,21.4,69,1.0,145.0,4.6,159.0,0.0,,,,,,,,,,2020-12-27T11:33:00,,,,0,,,,,,,,,,,,,,
2020-12-27 13:00:00,927.8,20.5,69,1.5,151.0,4.4,231.0,0.0,,,,,,,,,,2020-12-27T12:38:00,,,,0,,,,,,,,,,,,,,
2020-12-27 14:00:00,927.8,18.7,77,1.8,150.0,3.4,168.0,0.0,,,,,,,,,,2020-12-27T13:55:00,,,,0,,,,,,,,,,,,,,
2020-12-27 15:00:00,927.6,18.6,77,0.2,0.0,3.4,134.0,0.0,,,,,,,,,,2020-12-27T14:01:00,,,,0,,,,,,,,,,,,,,
2020-12-27 16:00:00,927.8,18.3,79,0.2,0.0,1.4,124.0,0.0,,,,,,,,,,2020-12-27T15:01:00,,,,0,,,,,,,,,,,,,,
2020-12-27 17:00:00,928.2,17.6,87,0.0,0.0,1.8,116.0,0.0,,,,,,,,,,2020-12-27T16:06:00,,,,0,,,,,,,,,,,,,,
2020-12-27 18:00:00,928.7,16.3,93,0.0,0.0,0.7,217.0,0.0,,,,,,,,,,2020-12-27T17:22:00,,,,0,,,,,,,,,,,,,,
2020-12-27 19:00:00,929.4,15.6,98,0.1,0.0,1.5,35.0,0.0,,,,,,,,,,2020-12-27T18:12:00,,,,0,,,,,,,,,,,,,,
2020-12-27 20:00:00,929.7,15.6,100,0.0,0.0,0.9,213.0,0.0,,,,,,,,,,2020-12-27T19:35:00,,,,0,,,,,,,,,,,,,,
2020-12-27 21:00:00,929.8,15.4,100,0.2,0.0,0.8,57.0,1.0,,,,,,,,,,2020-12-27T20:51:00,,,,0,,,,,,,,,,,,,,
2020-12-27 22:00:00,929.9,15.4,100,0.0,0.0,0.9,233.0,1.0,,,,,,,,,,2020-12-27T21:06:00,,,,0,,,,,,,,,,,,,,
2020-12-27 23:00:00,929.4,15.3,100,0.8,227.0,1.3,232.0,0.0,,,,,,,,,,2020-12-27T22:52:00,,,,0,,,,,,,,,,,,,,
2020-12-28 00:00:00,928.8,15.2,100,0.2,0.0,1.9,259.0,0.0,,,,,,,,,,2020-12-27T23:10:00,,,,0,,,,,,,,,,,,,,
2020-12-28 01:00:00,928.6,15.0,100,0.1,0.0,1.4,96.0,0.0,,,,,,,,,,2020-12-28T00:13:00,,,,0,,,,,,,,,,,,,,
2020-12-28 02:00:00,928.1,15.2,100,0.4,246.0,1.5,215.0,0.0,,,,,,,,,,2020-12-28T01:12:00,,,,0,,,,,,,,,,,,,,
2020-12-28 03:00:00,928.1,15.3,100,0.9,80.0,3.0,101.0,1.0,,,,,,,,,,2020-12-28T03:00:00,,,,0,,,,,,,,,,,,,,
2020-12-28 04:00:00,927.9,15.2,100,0.8,216.0,2.2,95.0,0.0,,,,,,,,,,2020-12-28T03:01:00,,,,0,,,,,,,,,,,,,,
2020-12-28 05:00:00,928.2,15.0,100,0.8,141.0,3.2,128.0,0.0,,,,,,,,,,2020-12-28T04:44:00,,,,0,,,,,,,,,,,,,,
2020-12-28 06:00:00,929.1,14.8,100,0.1,0.0,2.2,126.0,0.0,,,,,,,,,,2020-12-28T05:22:00,,,,0,,,,,,,,,,,,,,
2020-12-28 07:00:00,929.7,14.3,100,0.8,126.0,1.8,123.0,0.0,,,,,,,,,,2020-12-28T06:52:00,,,,0,,,,,,,,,,,,,,
2020-12-28 08:00:00,930.4,14.5,100,0.3,69.0,2.6,114.0,0.5,,,,,,,,,,2020-12-28T07:05:00,,,,0,,,,,,,,,,,,,,
2020-12-28 09:00:00,930.6,15.2,100,0.3,73.0,2.0,97.0,0.0,,,,,,,,,,2020-12-28T08:31:00,,,,0,,,,,,,,,,,,,,
2020-12-28 10:00:00,930.7,15.8,100,0.6,74.0,1.7,94.0,0.0,,,,,,,,,,2020-12-28T09:23:00,,,,0,,,,,,,,,,,,,,
2020-12-28 11:00:00,930.3,15.9,100,0.9,119.0,2.6,97.0,0.0,,,,,,,,,,2020-12-28T10:51:00,,,,0,,,,,,,,,,,,,,
2020-12-28 12:00:00,929.2,16.9,96,0.5,360.0,2.2,91.0,0.0,,,,,,,,,,2020-12-28T11:11:00,,,,0,,,,,,,,,,,,,,
2020-12-28 13:00:00,928.2,18.0,92,0.7,21.0,1.5,75.0,0.0,,,,,,,,,,2020-12-28T12:15:00,,,,0,,,,,,,,,,,,,,
2020-12-28 14:00:00,928.0,17.6,92,1.0,111.0,3.6,134.0,0.0,,,,,,,,,,2020-12-28T13:47:00,,,,0,,,,,,,,,,,,,,
2020-12-28 15:00:00,927.9,16.3,95,0.9,54.0,4.0,97.0,0.0,,,,,,,,,,2020-12-28T14:30:00,,,,0,,,,,,,,,,,,,,
2020-12-28 16:00:00,928.1,16.0,95,0.5,134.0,3.2,90.0,0.0,,,,,,,,,,2020-12-28T15:14:00,,,,0,,,,,,,,,,,,,,
2020-12-28 17:00:00,928.7,15.4,97,1.1,172.0,2.6,171.0,0.0,,,,,,,,,,2020-12-28T16:32:00,,,,0,,,,,,,,,,,,,,
2020-12-28 18:00:00,929.0,14.9,100,0.5,115.0,2.4,137.0,0.0,,,,,,,,,,2020-12-28T17:43:00,,,,0,,,,,,,,,,,,,,
2020-12-28 19:00:00,929.1,14.9,100,0.0,0.0,1.0,96.0,0.0,,,,,,,,,,2020-12-28T18:01:00,,,,0,,,,,,,,,,,,,,
2020-12-28 20:00:00,929.3,15.0,100,0.0,0.0,0.0,0.0,0.0,,,,,,,,,,2020-12-28T19:05:00,,,,0,,,,,,,,,,,,,,
2020-12-28 21:00:00,929.5,15.0,100,0.0,0.0,0.0,0.0,0.0,,,,,,,,,,2020-12-28T20:05:00,,,,0,,,,,,,,,,,,,,
2020-12-28 22:00:00,928.9,15.1,100,0.0,0.0,1.0,192.0,0.0,,,,,,,,,,2020-12-28T21:15:00,,,,0,,,,,,,,,,,,,,
2020-12-28 23:00:00,928.7,14.8,100,0.0,0.0,1.0,94.0,0.0,,,,,,,,,,2020-12-28T22:03:00,,,,0,,,,,,,,,,,,,,
2020-12-29 00:00:00,928.3,15.0,100,0.5,189.0,1.4,200.0,0.0,,,,,,,,,,2020-12-28T23:33:00,,,,0,,,,,,,,,,,,,,
2020-12-29 01:00:00,928.0,14.8,100,0.2,0.0,1.2,204.0,0.0,,,,,,,,,,2020-12-29T00:35:00,,,,0,,,,,,,,,,,,,,
2020-12-29 02:00:00,927.6,15.0,100,0.5,233.0,1.3,201.0,0.0,,,,,,,,,,2020-12-29T01:05:00,,,,0,,,,,,,,,,,,,,
2020-12-29 03:00:00,927.1,15.3,100,0.2,0.0,1.1,301.0,0.0,,,,,,,,,,2020-12-29T02:21:00,,,,0,,,,,,,,,,,,,,
2020-12-29 04:00:00,927.1,14.9,100,0.7,181.0,1.8,212.0,0.0,,,,,,,,,,2020-12-29T03:18:00,,,,0,,,,,,,,,,,,,,
2020-12-29 05:00:00,927.3,15.0,100,0.9,230.0,1.4,204.0,0.0,,,,,,,,,,2020-12-29T04:09:00,,,,0,,,,,,,,,,,,,,
2020-12-29 06:00:00,927.2,14.9,100,1.1,221.0,1.7,235.0,0.0,,,,,,,,,,2020-12-29T05:17:00,,,,0,,,,,,,,,,,,,,
2020-12-29 07:00:00,927.8,14.8,100,1.4,204.0,2.0,205.0,0.0,,,,,,,,,,2020-12-29T06:56:00,,,,0,,,,,,,,,,,,,,
2020-12-29 08:00:00,928.0,16.0,100,0.0,0.0,1.4,226.0,0.0,,,,,,,,,,2020-12-29T07:10:00,,,,0,,,,,,,,,,,,,,
2020-12-29 09:00:00,928.2,17.7,93,0.2,0.0,0.9,59.0,0.0,,,,,,,,,,2020-12-29T08:12:00,,,,0,,,,,,,,,,,,,,
2020-12-29 10:00:00,927.7,21.0,83,0.7,41.0,1.6,32.0,0.0,,,,,,,,,,2020-12-29T09:50:00,,,,0,,,,,,,,,,,,,,
2020-12-29 11:00:00,926.9,21.7,76,1.3,83.0,2.9,95.0,0.0,,,,,,,,,,2020-12-29T10:06:00,,,,0,,,,,,,,,,,,,,
2020-12-29 12:00:00,925.9,21.2,76,1.7,132.0,4.1,111.0,0.0,,,,,,,,,,2020-12-29T11:35:00,,,,0,,,,,,,,,,,,,,
2020-12-29 13:00:00,925.2,21.2,77,0.9,107.0,3.6,88.0,0.0,,,,,,,,,,2020-12-29T12:09:00,,,,0,,,,,,,,,,,,,,
2020-12-29 14:00:00,924.8,21.1,77,1.3,111.0,3.6,132.0,0.0,,,,,,,,,,2020-12-29T13:34:00,,,,0,,,,,,,,,,,,,,
2020-12-29 15:00:00,924.5,20.7,81,1.0,104.0,2.9,99.0,0.0,,,,,,,,,,2020-12-29T14:03:00,,,,0,,,,,,,,,,,,,,
2020-12-29 16:00:00,924.6,19.8,84,0.8,176.0,3.6,83.0,0.0,,,,,,,,,,2020-12-29T15:09:00,,,,0,,,,,,,,,,,,,,
2020-12-29 17:00:00,925.4,18.8,89,1.2,133.0,2.8,138.0,0.0,,,,,,,,,,2020-12-29T16:43:00,,,,0,,,,,,,,,,,,,,
2020-12-29 18:00:00,925.9,18.2,94,0.1,0.0,2.2,94.0,0.0,,,,,,,,,,2020-12-29T17:14:00,,,,0,,,,,,,,,,,,,,
2020-12-29 19:00:00,926.5,17.9,97,0.1,0.0,0.5,240.0,0.0,,,,,,,,,,2020-12-29T18:52:00,,,,0,,,,,,,,,,,,,,
2020-12-29 20:00:00,926.5,17.0,98,0.4,197.0,1.0,172.0,0.0,,,,,,,,,,2020-12-29T19:49:00,,,,0,,,,,,,,,,,,,,
2020-12-29 21:00:00,926.9,17.3,99,0.2,0.0,1.1,299.0,0.0,,,,,,,,,,2020-12-29T20:58:00,,,,0,,,,,,,,,,,,,,
2020-12-29 22:00:00,927.1,16.9,99,0.7,207.0,1.1,215.0,0.0,,,,,,,,,,2020-12-29T21:27:00,,,,0,,,,,,,,,,,,,,
2020-12-29 23:00:00,927.5,16.5,99,0.4,213.0,1.5,204.0,0.0,,,,,,,,,,2020-12-29T22:50:00,,,,0,,,,,,,,,,,,,,
2020-12-30 00:00:00,927.6,16.3,97,0.7,218.0,1.5,195.0,0.0,,,,,,,,,,2020-12-29T23:16:00,,,,0,,,,,,,,,,,,,,
2020-12-30 01:00:00,928.0,16.4,94,0.4,227.0,1.2,212.0,0.0,,,,,,,,,,2020-12-30T00:03:00,,,,0,,,,,,,,,,,,,,
2020-12-30 02:00:00,927.7,16.1,96,0.7,141.0,1.1,209.0,0.0,,,,,,,,,,2020-12-30T01:17:00,,,,0,,,,,,,,,,,,,,
2020-12-30 03:00:00,928.0,16.0,97,0.5,139.0,1.8,125.0,0.0,,,,,,,,,,2020-12-30T02:56:00,,,,0,,,,,,,,,,,,,,
2020-12-30 04:00:00,927.8,15.6,97,0.7,204.0,1.4,110.0,0.0,,,,,,,,,,2020-12-30T03:01:00,,,,0,,,,,,,,,,,,,,
2020-12-30 05:00:00,928.1,15.5,100,1.0,123.0,2.6,141.0,0.0,,,,,,,,,,2020-12-30T04:51:00,,,,0,,,,,,,,,,,,,,
2020-12-30 06:00:00,928.8,14.9,96,1.8,115.0,4.2,123.0,0.0,,,,,,,,,,2020-12-30T05:44:00,,,,0,,,,,,,,,,,,,,
2020-12-30 07:00:00,929.7,13.6,96,1.3,145.0,3.8,139.0,0.0,,,,,,,,,,2020-12-30T06:45:00,,,,0,,,,,,,,,,,,,,
2020-12-30 08:00:00,931.0,12.9,100,1.3,136.0,3.9,191.0,0.0,,,,,,,,,,2020-12-30T07:57:00,,,,0,,,,,,,,,,,,,,
2020-12-30 09:00:00,931.8,12.9,99,0.8,100.0,3.7,90.0,0.0,,,,,,,,,,2020-12-30T08:13:00,,,,0,,,,,,,,,,,,,,
2020-12-30 10:00:00,932.0,13.1,95,1.2,117.0,3.6,90.0,0.0,,,,,,,,,,2020-12-30T09:21:00,,,,0,,,,,,,,,,,,,,
2020-12-30 11:00:00,931.5,12.5,96,1.5,116.0,5.0,106.0,0.0,,,,,,,,,,2020-12-30T10:33:00,,,,0,,,,,,,,,,,,,,
2020-12-30 12:00:00,931.2,12.2,93,1.0,124.0,5.5,90.0,0.0,,,,,,,,,,2020-12-30T11:25:00,,,,0,,,,,,,,,,,,,,
2020-12-30 13:00:00,930.9,11.9,93,0.9,14.0,5.0,102.0,0.0,,,,,,,,,,2020-12-30T12:25:00,,,,0,,,,,,,,,,,,,,
2020-12-30 14:00:00,930.9,11.2,95,1.3,104.0,5.1,115.0,0.0,,,,,,,,,,2020-12-30T13:23:00,,,,0,,,,,,,,,,,,,,
2020-12-30 15:00:00,930.7,11.1,92,1.9,122.0,5.2,95.0,0.0,,,,,,,,,,2020-12-30T14:55:00,,,,0,,,,,,,,,,,,,,
2020-12-30 16:00:00,931.1,10.1,96,1.6,112.0,5.0,80.0,0.0,,,,,,,,,,2020-12-30T15:15:00,,,,0,,,,,,,,,,,,,,
2020-12-30 17:00:00,931.7,9.3,98,1.1,161.0,4.8,63.0,0.0,,,,,,,,,,2020-12-30T16:30:00,,,,0,,,,,,,,,,,,,,
2020-12-30 18:00:00,932.3,8.5,99,0.7,107.0,4.1,73.0,0.0,,,,,,,,,,2020-12-30T17:32:00,,,,0,,,,,,,,,,,,,,
2020-12-30 19:00:00,933.3,8.1,98,1.0,134.0,3.4,81.0,0.0,,,,,,,,,,2020-12-30T18:06:00,,,,0,,,,,,,,,,,,,,
2020-12-30 20:00:00,934.2,7.6,99,1.1,129.0,4.4,78.0,0.5,,,,,,,,,,2020-12-30T19:59:00,,,,0,,,,,,,,,,,,,,
2020-12-30 21:00:00,934.8,7.2,100,0.4,136.0,3.8,90.0,0.0,,,,,,,,,,2020-12-30T20:23:00,,,,0,,,,,,,,,,,,,,
2020-12-30 22:00:00,934.9,6.7,99,0.9,109.0,3.6,86.0,0.0,,,,,,,,,,2020-12-30T21:44:00,,,,0,,,,,,,,,,,,,,
2020-12-30 23:00:00,935.1,6.4,99,1.0,105.0,2.9,101.0,0.0,,,,,,,,,,2020-12-30T22:34:00,,,,0,,,,,,,,,,,,,,
2020-12-31 00:00:00,935.2,6.4,99,1.1,140.0,2.2,69.0,0.0,,,,,,,,,,2020-12-30T23:24:00,,,,0,,,,,,,,,,,,,,
2020-12-31 01:00:00,935.1,6.2,98,1.0,145.0,2.0,129.0,0.0,,,,,,,,,,2020-12-31T00:05:00,,,,0,,,,,,,,,,,,,,
2020-12-31 02:00:00,934.7,6.2,96,1.3,153.0,2.8,129.0,0.5,,,,,,,,,,2020-12-31T01:19:00,,,,0,,,,,,,,,,,,,,
2020-12-31 03:00:00,934.8,6.1,95,0.9,144.0,2.4,134.0,0.0,,,,,,,,,,2020-12-31T02:58:00,,,,0,,,,,,,,,,,,,,
2020-12-31 04:00:00,934.9,6.0,97,0.3,174.0,1.6,167.0,0.0,,,,,,,,,,2020-12-31T03:03:00,,,,0,,,,,,,,,,,,,,
2020-12-31 05:00:00,935.0,5.9,94,0.9,137.0,2.2,168.0,0.0,,,,,,,,,,2020-12-31T04:51:00,,,,0,,,,,,,,,,,,,,
2020-12-31 06:00:00,935.8,5.6,94,0.4,195.0,2.9,122.0,0.0,,,,,,,,,,2020-12-31T05:45:00,,,,0,,,,,,,,,,,,,,
2020-12-31 07:00:00,936.1,5.5,92,0.6,163.0,1.5,116.0,0.0,,,,,,,,,,2020-12-31T06:14:00,,,,0,,,,,,,,,,,,,,
2020-12-31 08:00:00,936.8,5.7,93,0.8,140.0,2.2,138.0,0.0,,,,,,,,,,2020-12-31T07:36:00,,,,0,,,,,,,,,,,,,,
2020-12-31 09:00:00,937.2,6.9,88,0.1,0.0,2.1,136.0,0.0,,,,,,,,,,2020-12-31T08:41:00,,,,0,,,,,,,,,,,,,,
2020-12-31 10:00:00,936.8,7.4,83,1.3,76.0,3.7,97.0,0.0,,,,,,,,,,2020-12-31T09:54:00,,,,0,,,,,,,,,,,,,,
2020-12-31 11:00:00,936.3,7.7,82,1.0,140.0,4.1,97.0,0.0,,,,,,,,,,2020-12-31T10:31:00,,,,0,,,,,,,,,,,,,,
2020-12-31 12:00:00,935.2,7.4,83,0.9,112.0,3.9,196.0,0.0,,,,,,,,,,2020-12-31T11:42:00,,,,0,,,,,,,,,,,,,,
2020-12-31 13:00:00,934.6,7.4,84,0.6,170.0,3.2,88.0,0.0,,,,,,,,,,2020-12-31T12:07:00,,,,0,,,,,,,,,,,,,,
2020-12-31 14:00:00,933.8,7.2,87,0.8,38.0,3.4,136.0,0.0,,,,,,,,,,2020-12-31T13:45:00,,,,0,,,,,,,,,,,,,,
2020-12-31 15:00:00,933.6,6.9,88,0.8,129.0,3.6,67.0,0.0,,,,,,,,,,2020-12-31T14:27:00,,,,0,,,,,,,,,,,,,,
2020-12-31 16:00:00,934.1,6.4,92,0.9,92.0,3.1,87.0,0.0,,,,,,,,,,2020-12-31T15:11:00,,,,0,,,,,,,,,,,,,,
2020-12-31 17:00:00,934.9,6.0,95,1.3,124.0,3.5,125.0,0.0,,,,,,,,,,2020-12-31T16:19:00,,,,0,,,,,,,,,,,,,,
2020-12-31 18:00:00,935.2,5.9,96,0.4,93.0,2.3,109.0,0.0,,,,,,,,,,2020-12-31T17:02:00,,,,0,,,,,,,,,,,,,,
2020-12-31 19:00:00,935.7,6.0,98,0.2,0.0,1.1,112.0,0.0,,,,,,,,,,2020-12-31T18:15:00,,,,0,,,,,,,,,,,,,,
2020-12-31 20:00:00,936.2,6.3,98,0.3,258.0,1.0,247.0,0.0,,,,,,,,,,2020-12-31T19:55:00,,,,0,,,,,,,,,,,,,,
2020-12-31 21:00:00,936.5,6.4,97,0.0,0.0,1.0,120.0,0.0,,,,,,,,,,2020-12-31T20:35:00,,,,0,,,,,,,,,,,,,,
2020-12-31 22:00:00,936.2,6.6,99,0.0,0.0,0.4,336.0,0.0,,,,,,,,,,2020-12-31T21:41:00,,,,0,,,,,,,,,,,,,,
2020-12-31 23:00:00,936.0,6.6,100,0.0,0.0,1.0,99.0,0.0,,,,,,,,,,2020-12-31T22:42:00,,,,0,,,,,,,,,,,,,,
2021-01-01 00:00:00,935.8,6.7,99,0.5,267.0,1.1,288.0,0.0,,,,,,,,,,2020-12-31T23:53:00,,,,0,,,,,,,,,,,,,,
