,AirTemperature.Instantaneousf,CloudAmount,DewPointTemperature.Instantaneousf,GlobalSolarRadiation.Accumulationf,GloblRad,PeakGust.Directionf,PeakGust.Maximumf,Precipitation.Accumulationf,PrecipitationDuration.Totalf,Precp,PrecpHour,RH,RelativeHumidity.Instantaneousf,SeaLevelPressure.Instantaneousf,SeaPres,SoilTemperatureAt0cm.Instantaneousf,SoilTemperatureAt100cm.Instantaneousf,SoilTemperatureAt10cm.Instantaneousf,SoilTemperatureAt20cm.Instantaneousf,SoilTemperatureAt30cm.Instantaneousf,SoilTemperatureAt50cm.Instantaneousf,SoilTemperatureAt5cm.Instantaneousf,StationPressure.Instantaneousf,StnPres,SunShine,SunshineDuration.Totalf,Td,TotalCloudAmount.Instantaneousf,TotalCloudAmount.SatRetrieved,TotalCloudAmount.SatRetrievedf,Tx,TxSoil0cm,TxSoil100cm,TxSoil10cm,TxSoil20cm,TxSoil30cm,TxSoil50cm,TxSoil5cm,UVI,UVIndex.Accumulationf,Visb,Visibility.AutoMean,Visibility.AutoMeanf,Visibility.Instantaneousf,WD,WDGust,WS,WSGust,WindDirection.Meanf,WindDirection.TenMinutelyMaximum,WindDirection.TenMinutelyMaximumf,WindSpeed.Meanf,WindSpeed.TenMinutelyMaximum,WindSpeed.TenMinutelyMaximumf
2006-01-01 01:00:00,,,,,0.0,,,,,0.0,0.0,77,,,1018.2,,,,,,,,,1012.9,,,15.2,,,,19.4,,,,,,,,,,,,,,20,20,15.9,22.2,,20,,,16.8,
2006-01-01 02:00:00,,,,,0.0,,,,,0.0,0.0,79,,,1018.2,,,,,,,,,1012.9,,,15.4,,,,19.2,,,,,,,,,,,,,,30,20,13.7,20.5,,20,,,15.7,
2006-01-01 03:00:00,,,,,0.0,,,,,0.0,0.0,79,,,1017.9,,,,,,,,,1012.6,,,15.2,,,,18.9,,,,,,,,,,,,,,30,30,14.9,21.0,,20,,,16.4,
2006-01-01 04:00:00,,,,,0.0,,,,,0.0,0.0,79,,,1018.1,,,,,,,,,1012.8,,,15.3,,,,19.0,,,,,,,,,,,,,,20,30,15.4,21.1,,20,,,15.4,
2006-01-01 05:00:00,,,,,0.0,,,,,0.0,0.0,78,,,1018.0,,,,,,,,,1012.7,,,14.9,,,,18.9,,,,,,,,,,,,,,20,30,16.1,22.3,,20,,,16.5,
2006-01-01 06:00:00,,,,,0.0,,,,,0.0,0.0,79,,,1018.9,,,,,,,,,1013.5,0.0,,15.1,,,,18.8,,,,,,,,,,,,,,20,20,16.3,21.6,,20,,,16.9,
2006-01-01 07:00:00,,,,,0.0,,,,,0.0,0.0,80,,,1018.9,,,,,,,,,1013.5,0.0,,15.2,,,,18.7,,,,,,,,,,,,,,40,20,13.8,21.9,,20,,,16.5,
2006-01-01 08:00:00,,0.0,,,0.38,,,,,0.0,0.0,78,,,1019.5,,,,,,,,,1014.2,0.8,,15.8,,,,19.7,,,,,,,,,,10.0,,,,40,40,11.8,18.4,,40,,,13.9,
2006-01-01 09:00:00,,4.0,,,0.98,,,,,0.0,0.0,77,,,1020.0,,,,,,,,,1014.7,0.8,,16.1,,,,20.3,,,,,,,,,,10.0,,,,30,20,11.2,16.4,,20,,,12.4,
2006-01-01 10:00:00,,,,,1.78,,,,,0.0,0.0,74,,,1019.8,,,,,,,,,1014.5,0.9,,16.3,,,,21.1,,,,,,,,,,,,,,20,30,10.5,16.3,,20,,,12.3,
2006-01-01 11:00:00,,2.0,,,2.17,,,,,0.0,0.0,73,,,1019.5,,,,,,,,,1014.2,0.9,,16.0,,,,21.1,,,,,,,,,,15.0,,,,20,30,10.0,14.7,,20,,,11.4,
2006-01-01 12:00:00,,,,,2.34,,,,,0.0,0.0,74,,,1018.3,,,,,,,,,1013.0,0.9,,16.1,,,,20.8,,,,,,,,,,,,,,10,10,10.8,15.8,,10,,,11.8,
2006-01-01 13:00:00,,,,,2.34,,,,,0.0,0.0,76,,,1017.6,,,,,,,,,1012.3,0.9,,15.9,,,,20.2,,,,,,,,,,,,,,10,10,11.1,14.9,,10,,,11.4,
2006-01-01 14:00:00,,1.0,,,1.85,,,,,0.0,0.0,77,,,1016.7,,,,,,,,,1011.4,0.6,,15.3,,,,19.4,,,,,,,,,,15.0,,,,10,360,13.7,17.4,,10,,,13.7,
2006-01-01 15:00:00,,,,,1.48,,,,,0.0,0.0,77,,,1016.6,,,,,,,,,1011.3,0.6,,15.1,,,,19.3,,,,,,,,,,,,,,10,10,13.8,17.9,,10,,,14.2,
2006-01-01 16:00:00,,,,,0.87,,,,,0.0,0.0,80,,,1017.1,,,,,,,,,1011.8,0.4,,15.3,,,,18.8,,,,,,,,,,,,,,10,10,13.0,18.3,,10,,,14.1,
2006-01-01 17:00:00,,7.0,,,0.18,,,,,0.0,0.0,81,,,1017.7,,,,,,,,,1012.3,0.0,,15.1,,,,18.5,,,,,,,,,,10.0,,,,10,10,12.7,18.5,,10,,,13.8,
2006-01-01 18:00:00,,,,,0.0,,,,,0.0,0.0,81,,,1018.1,,,,,,,,,1012.7,0.0,,14.8,,,,18.2,,,,,,,,,,,,,,10,10,12.1,17.6,,10,,,12.7,
2006-01-01 19:00:00,,,,,0.0,,,,,0.0,0.0,80,,,1018.1,,,,,,,,,1012.7,0.0,,14.5,,,,18.0,,,,,,,,,,,,,,20,30,13.5,18.1,,20,,,13.7,
2006-01-01 20:00:00,,,,,0.0,,,,,0.0,0.0,81,,,1018.5,,,,,,,,,1013.1,,,14.6,,,,18.0,,,,,,,,,,,,,,20,20,12.5,17.7,,20,,,14.1,
2006-01-01 21:00:00,,,,,0.0,,,,,0.0,0.0,82,,,1019.0,,,,,,,,,1013.6,,,15.2,,,,18.4,,,,,,,,,,,,,,20,20,11.1,16.4,,30,,,12.5,
2006-01-01 22:00:00,,,,,0.0,,,,,0.0,0.0,81,,,1019.3,,,,,,,,,1013.9,,,14.8,,,,18.2,,,,,,,,,,,,,,20,20,11.3,15.9,,20,,,12.5,
2006-01-01 23:00:00,,,,,0.0,,,,,0.0,0.0,80,,,1019.5,,,,,,,,,1014.1,,,15.0,,,,18.6,,,,,,,,,,,,,,20,20,10.7,15.3,,20,,,11.7,
2006-01-02 00:00:00,,,,,0.0,,,,,0.0,0.0,80,,,1019.1,,,,,,,,,1013.7,,,14.9,,,,18.4,,,,,,,,,,,,,,30,20,10.6,15.2,,30,,,11.4,
2006-01-02 01:00:00,,,,,0.0,,,,,0.0,0.0,80,,,1019.2,,,,,,,,,1013.8,,,15.1,,,,18.7,,,,,,,,,,,,,,20,20,9.7,14.4,,30,,,11.2,
2006-01-02 02:00:00,,,,,0.0,,,,,0.0,0.0,78,,,1018.9,,,,,,,,,1013.5,,,14.5,,,,18.4,,,,,,,,,,,,,,20,20,11.6,15.6,,20,,,11.9,
2006-01-02 03:00:00,,,,,0.0,,,,,0.0,0.0,77,,,1018.9,,,,,,,,,1013.5,,,14.2,,,,18.3,,,,,,,,,,,,,,20,30,11.0,15.8,,20,,,11.9,
2006-01-02 04:00:00,,,,,0.0,,,,,0.0,0.0,77,,,1018.9,,,,,,,,,1013.5,,,14.3,,,,18.3,,,,,,,,,,,,,,20,30,11.4,16.4,,20,,,12.0,
2006-01-02 05:00:00,,,,,0.0,,,,,0.0,0.0,77,,,1019.0,,,,,,,,,1013.6,,,13.8,,,,17.8,,,,,,,,,,,,,,20,20,11.8,16.7,,20,,,12.4,
2006-01-02 06:00:00,,,,,0.0,,,,,0.0,0.0,76,,,1019.3,,,,,,,,,1013.9,0.0,,13.7,,,,18.0,,,,,,,,,,,,,,20,30,12.4,17.0,,20,,,12.6,
2006-01-02 07:00:00,,,,,0.0,,,,,0.0,0.0,75,,,1019.7,,,,,,,,,1014.3,0.0,,13.4,,,,17.9,,,,,,,,,,,,,,20,30,11.9,17.6,,20,,,13.1,
2006-01-02 08:00:00,,7.0,,,0.13,,,,,0.0,0.0,74,,,1020.3,,,,,,,,,1014.9,0.0,,13.4,,,,18.1,,,,,,,,,,10.0,,,,20,20,11.1,15.9,,20,,,12.1,
2006-01-02 09:00:00,,7.0,,,0.74,,,,,0.0,0.0,70,,,1020.9,,,,,,,,,1015.5,0.5,,12.7,,,,18.3,,,,,,,,,,10.0,,,,20,20,11.3,17.0,,20,,,12.0,
2006-01-02 10:00:00,,,,,1.54,,,,,0.0,0.0,69,,,1020.9,,,,,,,,,1015.5,0.9,,13.3,,,,19.2,,,,,,,,,,,,,,20,20,11.5,17.1,,20,,,11.9,
2006-01-02 11:00:00,,6.0,,,1.86,,,,,0.0,0.0,65,,,1020.0,,,,,,,,,1014.7,0.7,,13.0,,,,19.7,,,,,,,,,,10.0,,,,20,10,12.3,16.8,,20,,,12.6,
2006-01-02 12:00:00,,,,,1.95,,,,,0.0,0.0,64,,,1018.9,,,,,,,,,1013.6,0.7,,12.6,,,,19.5,,,,,,,,,,,,,,20,20,12.5,17.3,,20,,,12.9,
2006-01-02 13:00:00,,,,,2.21,,,,,0.0,0.0,66,,,1017.7,,,,,,,,,1012.4,0.8,,13.3,,,,19.9,,,,,,,,,,,,,,20,10,12.2,17.2,,20,,,13.2,
2006-01-02 14:00:00,,1.0,,,2.22,,,,,0.0,0.0,66,,,1016.9,,,,,,,,,1011.6,1.0,,12.7,,,,19.3,,,,,,,,,,10.0,,,,20,20,11.2,16.5,,20,,,12.4,
2006-01-02 15:00:00,,,,,1.69,,,,,0.0,0.0,68,,,1016.5,,,,,,,,,1011.2,1.0,,13.0,,,,19.0,,,,,,,,,,,,,,20,10,11.1,16.9,,10,,,11.5,
2006-01-02 16:00:00,,,,,0.99,,,,,0.0,0.0,72,,,1017.1,,,,,,,,,1011.7,1.0,,13.2,,,,18.4,,,,,,,,,,,,,,20,360,11.2,16.2,,10,,,11.3,
2006-01-02 17:00:00,,1.0,,,0.36,,,,,0.0,0.0,74,,,1017.5,,,,,,,,,1012.1,0.5,,13.2,,,,17.9,,,,,,,,,,10.0,,,,20,20,12.3,17.1,,20,,,13.2,
2006-01-02 18:00:00,,,,,0.0,,,,,0.0,0.0,75,,,1017.5,,,,,,,,,1012.1,0.0,,13.3,,,,17.7,,,,,,,,,,,,,,20,20,13.1,17.4,,20,,,13.2,
2006-01-02 19:00:00,,,,,0.0,,,,,0.0,0.0,76,,,1017.6,,,,,,,,,1012.2,0.0,,13.4,,,,17.7,,,,,,,,,,,,,,20,20,11.4,16.5,,20,,,13.2,
2006-01-02 20:00:00,,,,,0.0,,,,,0.0,0.0,76,,,1017.9,,,,,,,,,1012.5,,,13.6,,,,17.8,,,,,,,,,,,,,,20,20,11.6,15.9,,20,,,11.9,
2006-01-02 21:00:00,,,,,0.0,,,,,0.0,0.0,77,,,1018.3,,,,,,,,,1012.9,,,13.5,,,,17.6,,,,,,,,,,,,,,20,30,10.5,14.9,,20,,,11.7,
2006-01-02 22:00:00,,,,,0.0,,,,,0.0,0.0,77,,,1018.4,,,,,,,,,1013.0,,,13.7,,,,17.8,,,,,,,,,,,,,,20,30,9.9,13.8,,20,,,10.6,
2006-01-02 23:00:00,,,,,0.0,,,,,0.0,0.0,76,,,1018.2,,,,,,,,,1012.8,,,13.7,,,,17.9,,,,,,,,,,,,,,20,10,9.1,13.0,,20,,,10.0,
2006-01-03 00:00:00,,,,,0.0,,,,,0.0,0.0,75,,,1018.6,,,,,,,,,1013.2,,,13.5,,,,18.0,,,,,,,,,,,,,,10,10,10.4,15.8,,10,,,11.0,
2006-01-03 01:00:00,,,,,0.0,,,,,0.0,0.0,74,,,1018.6,,,,,,,,,1013.2,,,13.2,,,,17.9,,,,,,,,,,,,,,10,360,11.6,16.2,,10,,,12.3,
2006-01-03 02:00:00,,,,,0.0,,,,,0.0,0.0,74,,,1018.5,,,,,,,,,1013.1,,,13.1,,,,17.8,,,,,,,,,,,,,,10,360,12.3,17.1,,10,,,12.5,
2006-01-03 03:00:00,,,,,0.0,,,,,0.0,0.0,74,,,1018.0,,,,,,,,,1012.6,,,13.2,,,,17.9,,,,,,,,,,,,,,20,20,13.1,18.4,,20,,,13.3,
2006-01-03 04:00:00,,,,,0.0,,,,,0.0,0.0,75,,,1017.7,,,,,,,,,1012.3,,,13.1,,,,17.6,,,,,,,,,,,,,,20,10,12.4,18.0,,20,,,13.3,
2006-01-03 05:00:00,,,,,0.0,,,,,0.0,0.0,75,,,1017.8,,,,,,,,,1012.4,,,13.1,,,,17.6,,,,,,,,,,,,,,20,30,12.7,17.9,,20,,,12.9,
2006-01-03 06:00:00,,,,,0.0,,,,,0.0,0.0,76,,,1018.1,,,,,,,,,1012.7,0.0,,13.4,,,,17.7,,,,,,,,,,,,,,30,30,10.8,16.6,,20,,,12.5,
2006-01-03 07:00:00,,,,,0.0,,,,,0.0,0.0,76,,,1018.3,,,,,,,,,1012.9,0.0,,13.4,,,,17.7,,,,,,,,,,,,,,20,20,9.6,14.2,,30,,,11.1,
2006-01-03 08:00:00,,0.0,,,0.28,,,,,0.0,0.0,76,,,1018.7,,,,,,,,,1013.3,0.3,,14.0,,,,18.4,,,,,,,,,,10.0,,,,20,20,8.7,12.1,,20,,,9.8,
2006-01-03 09:00:00,,0.0,,,0.94,,,,,0.0,0.0,71,,,1018.8,,,,,,,,,1013.5,1.0,,14.2,,,,19.5,,,,,,,,,,10.0,,,,20,30,7.6,10.9,,20,,,8.9,
2006-01-03 10:00:00,,,,,1.57,,,,,0.0,0.0,68,,,1018.6,,,,,,,,,1013.3,1.0,,14.3,,,,20.5,,,,,,,,,,,,,,20,20,6.8,10.1,,20,,,7.6,
2006-01-03 11:00:00,,0.0,,,2.08,,,,,0.0,0.0,67,,,1018.1,,,,,,,,,1012.8,1.0,,14.4,,,,20.7,,,,,,,,,,10.0,,,,10,20,7.1,10.4,,10,,,7.6,
2006-01-03 12:00:00,,,,,2.36,,,,,0.0,0.0,70,,,1017.2,,,,,,,,,1011.9,0.9,,14.2,,,,19.9,,,,,,,,,,,,,,10,10,8.6,11.9,,10,,,8.6,
2006-01-03 13:00:00,,,,,2.16,,,,,0.0,0.0,70,,,1016.4,,,,,,,,,1011.1,0.8,,14.0,,,,19.6,,,,,,,,,,,,,,10,10,9.2,12.7,,10,,,9.7,
2006-01-03 14:00:00,,2.0,,,1.97,,,,,0.0,0.0,69,,,1015.7,,,,,,,,,1010.4,0.8,,14.0,,,,19.8,,,,,,,,,,10.0,,,,10,10,8.4,13.4,,10,,,10.1,
2006-01-03 15:00:00,,,,,1.27,,,,,0.0,0.0,77,,,1015.6,,,,,,,,,1010.3,0.4,,14.3,,,,18.5,,,,,,,,,,,,,,10,10,8.4,12.2,,10,,,8.9,
2006-01-03 16:00:00,,,,,0.83,,,,,0.0,0.0,75,,,1015.4,,,,,,,,,1010.1,0.4,,14.2,,,,18.7,,,,,,,,,,,,,,20,360,8.4,11.6,,10,,,8.8,
2006-01-03 17:00:00,,3.0,,,0.32,,,,,0.0,0.0,77,,,1015.6,,,,,,,,,1010.3,0.0,,14.2,,,,18.4,,,,,,,,,,10.0,,,,20,20,8.2,11.9,,20,,,8.9,
2006-01-03 18:00:00,,,,,0.0,,,,,0.0,0.0,78,,,1016.0,,,,,,,,,1010.6,0.0,,14.0,,,,17.9,,,,,,,,,,,,,,20,20,8.3,12.1,,20,,,9.2,
2006-01-03 19:00:00,,,,,0.0,,,,,0.0,0.0,80,,,1016.4,,,,,,,,,1011.0,0.0,,14.4,,,,17.9,,,,,,,,,,,,,,10,360,8.8,12.9,,20,,,9.3,
2006-01-03 20:00:00,,,,,0.0,,,,,0.0,0.0,79,,,1016.5,,,,,,,,,1011.1,,,14.4,,,,18.0,,,,,,,,,,,,,,20,10,7.8,12.0,,10,,,8.9,
2006-01-03 21:00:00,,,,,0.0,,,,,0.0,0.0,78,,,1016.4,,,,,,,,,1011.0,,,14.3,,,,18.1,,,,,,,,,,,,,,20,20,7.8,11.0,,20,,,8.3,
2006-01-03 22:00:00,,,,,0.0,,,,,0.0,0.0,79,,,1016.4,,,,,,,,,1011.0,,,14.4,,,,18.0,,,,,,,,,,,,,,30,20,6.5,9.7,,20,,,7.8,
2006-01-03 23:00:00,,,,,0.0,,,,,0.0,0.0,81,,,1016.1,,,,,,,,,1010.7,,,14.8,,,,18.1,,,,,,,,,,,,,,20,20,5.8,8.3,,30,,,6.5,
2006-01-04 00:00:00,,,,,0.0,,,,,0.0,0.0,81,,,1015.9,,,,,,,,,1010.5,,,14.7,,,,18.0,,,,,,,,,,,,,,20,30,5.2,8.2,,20,,,6.2,
2006-01-04 01:00:00,,,,,0.0,,,,,0.0,0.0,81,,,1015.9,,,,,,,,,1010.6,,,14.9,,,,18.3,,,,,,,,,,,,,,20,20,5.1,7.2,,20,,,5.3,
2006-01-04 02:00:00,,,,,0.0,,,,,0.0,0.0,81,,,1015.5,,,,,,,,,1010.2,,,15.1,,,,18.4,,,,,,,,,,,,,,20,10,5.7,8.0,,10,,,5.7,
2006-01-04 03:00:00,,,,,0.0,,,,,0.0,0.0,81,,,1015.3,,,,,,,,,1010.0,,,14.9,,,,18.2,,,,,,,,,,,,,,10,10,6.7,8.8,,10,,,7.0,
2006-01-04 04:00:00,,,,,0.0,,,,,0.0,0.0,81,,,1015.3,,,,,,,,,1010.0,,,14.7,,,,18.0,,,,,,,,,,,,,,10,10,7.7,10.5,,10,,,7.8,
2006-01-04 05:00:00,,,,,0.0,,,,,0.0,0.0,80,,,1015.6,,,,,,,,,1010.2,,,14.2,,,,17.7,,,,,,,,,,,,,,20,20,7.1,9.8,,10,,,7.6,
2006-01-04 06:00:00,,,,,0.0,,,,,0.0,0.0,80,,,1015.8,,,,,,,,,1010.4,0.0,,14.3,,,,17.7,,,,,,,,,,,,,,20,30,7.6,9.9,,20,,,7.7,
2006-01-04 07:00:00,,,,,0.0,,,,,0.0,0.0,82,,,1015.8,,,,,,,,,1010.4,0.0,,14.5,,,,17.7,,,,,,,,,,,,,,20,20,8.0,11.4,,20,,,8.6,
2006-01-04 08:00:00,,2.0,,,0.29,,,,,0.0,0.0,80,,,1016.2,,,,,,,,,1010.9,0.2,,15.2,,,,18.7,,,,,,,,,,10.0,,,,20,20,7.6,10.3,,20,,,7.8,
2006-01-04 09:00:00,,2.0,,,0.82,,,,,0.0,0.0,74,,,1016.9,,,,,,,,,1011.6,0.8,,15.8,,,,20.5,,,,,,,,,,10.0,,,,30,30,5.3,8.5,,20,,,7.5,
2006-01-04 10:00:00,,,,,1.49,,,,,0.0,0.0,70,,,1016.8,,,,,,,,,1011.5,0.9,,15.6,,,,21.2,,,,,,,,,,,,,,30,30,4.8,7.3,,30,,,5.7,
2006-01-04 11:00:00,,9.0,,,1.36,,,,,0.0,0.0,68,,,1016.2,,,,,,,,,1010.9,0.2,,15.3,,,,21.4,,,,,,,,,,10.0,,,,10,20,3.8,6.3,,30,,,4.8,
2006-01-04 12:00:00,,,,,1.34,,,,,0.0,0.0,70,,,1015.0,,,,,,,,,1009.7,0.1,,15.4,,,,21.0,,,,,,,,,,,,,,360,360,4.0,5.4,,20,,,4.2,
2006-01-04 13:00:00,,,,,0.9,,,,,0.0,0.0,73,,,1014.1,,,,,,,,,1008.8,0.1,,15.9,,,,21.0,,,,,,,,,,,,,,360,350,4.1,5.7,,360,,,4.1,
2006-01-04 14:00:00,,10.0,,,0.73,,,,,0.0,0.0,75,,,1013.3,,,,,,,,,1008.0,0.0,,16.2,,,,20.8,,,,,,,,,,10.0,,,,350,360,3.3,6.1,,360,,,4.6,
2006-01-04 15:00:00,,,,,0.6,,,,,0.0,0.0,74,,,1012.8,,,,,,,,,1007.5,0.0,,15.7,,,,20.5,,,,,,,,,,,,,,360,360,4.4,6.1,,360,,,4.4,
2006-01-04 16:00:00,,,,,0.17,,,,,0.0,0.0,76,,,1012.8,,,,,,,,,1007.5,0.0,,15.9,,,,20.2,,,,,,,,,,,,,,360,350,4.0,6.1,,360,,,4.7,
2006-01-04 17:00:00,,9.0,,,0.01,,,,,0.0,0.0,75,,,1013.2,,,,,,,,,1007.9,0.0,,15.4,,,,20.0,,,,,,,,,,10.0,,,,350,350,4.7,5.9,,350,,,4.7,
2006-01-04 18:00:00,,,,,0.0,,,,,0.0,0.0,75,,,1013.6,,,,,,,,,1008.3,0.0,,15.3,,,,19.9,,,,,,,,,,,,,,10,360,5.4,6.8,,360,,,5.4,
2006-01-04 19:00:00,,,,,0.0,,,,,0.0,0.0,77,,,1014.1,,,,,,,,,1008.8,0.0,,15.1,,,,19.2,,,,,,,,,,,,,,30,10,5.3,6.9,,10,,,5.7,
2006-01-04 20:00:00,,,,,0.0,,,,,0.0,0.0,78,,,1014.6,,,,,,,,,1009.3,,,15.3,,,,19.2,,,,,,,,,,,,,,40,40,3.2,6.1,,30,,,5.3,
2006-01-04 21:00:00,,,,,0.0,,,,,0.0,0.0,78,,,1015.0,,,,,,,,,1009.7,,,15.8,,,,19.7,,,,,,,,,,,,,,60,50,3.2,4.0,,50,,,3.5,
2006-01-04 22:00:00,,,,,0.0,,,,,0.0,0.0,81,,,1015.1,,,,,,,,,1009.8,,,15.8,,,,19.2,,,,,,,,,,,,,,60,60,3.7,4.8,,60,,,4.2,
2006-01-04 23:00:00,,,,,0.0,,,,,0.0,0.0,81,,,1015.3,,,,,,,,,1010.0,,,15.9,,,,19.2,,,,,,,,,,,,,,60,70,3.7,4.7,,60,,,3.7,
2006-01-05 00:00:00,,,,,0.0,,,,,0.0,0.0,78,,,1015.5,,,,,,,,,1010.2,,,15.7,,,,19.6,,,,,,,,,,,,,,30,70,3.1,4.8,,70,,,4.1,
2006-01-05 01:00:00,,,,,0.0,,,,,0.0,0.0,77,,,1015.3,,,,,,,,,1010.0,,,14.9,,,,19.1,,,,,,,,,,,,,,40,30,3.0,4.0,,40,,,3.3,
2006-01-05 02:00:00,,,,,0.0,,,,,0.0,0.0,74,,,1015.3,,,,,,,,,1010.0,,,16.0,,,,20.7,,,,,,,,,,,,,,20,20,4.8,6.0,,20,,,4.8,
2006-01-05 03:00:00,,,,,0.0,,,,,0.0,0.0,76,,,1015.5,,,,,,,,,1010.2,,,15.3,,,,19.7,,,,,,,,,,,,,,10,20,9.8,13.8,,10,,,9.9,
2006-01-05 04:00:00,,,,,0.0,,,,,0.0,0.0,75,,,1015.7,,,,,,,,,1010.4,,,15.0,,,,19.5,,,,,,,,,,,,,,20,10,11.0,14.9,,10,,,11.4,
2006-01-05 05:00:00,,,,,0.0,,,,,0.0,0.0,78,,,1015.9,,,,,,,,,1010.6,,,15.2,,,,19.1,,,,,,,,,,,,,,20,20,13.3,18.3,,20,,,13.6,
2006-01-05 06:00:00,,,,,0.0,,,,,0.0,0.0,78,,,1016.3,,,,,,,,,1011.0,0.0,,14.8,,,,18.7,,,,,,,,,,,,,,20,20,15.0,20.3,,20,,,15.0,
2006-01-05 07:00:00,,,,,0.0,,,,,0.0,0.0,80,,,1017.4,,,,,,,,,1012.0,0.0,,14.8,,,,18.4,,,,,,,,,,,,,,20,20,14.7,20.8,,20,,,15.6,
2006-01-05 08:00:00,,9.0,,,0.09,,,,,0.0,0.0,77,,,1018.5,,,,,,,,,1013.1,0.0,,13.8,,,,17.8,,,,,,,,,,10.0,,,,20,10,15.3,21.4,,20,,,16.2,
2006-01-05 09:00:00,,9.0,,,0.59,,,,,0.0,0.0,75,,,1019.1,,,,,,,,,1013.7,0.0,,13.6,,,,18.0,,,,,,,,,,10.0,,,,20,30,16.0,22.8,,20,,,16.4,
2006-01-05 10:00:00,,,,,1.05,,,,,0.0,0.0,75,,,1019.2,,,,,,,,,1013.8,0.2,,13.6,,,,18.2,,,,,,,,,,,,,,20,30,17.4,23.5,,20,,,17.5,
2006-01-05 11:00:00,,9.0,,,1.01,,,,,0.0,0.0,75,,,1018.3,,,,,,,,,1012.9,0.1,,12.7,,,,17.2,,,,,,,,,,10.0,,,,20,30,17.8,24.0,,20,,,17.8,
2006-01-05 12:00:00,,,,,1.29,,,,,0.0,0.0,70,,,1017.6,,,,,,,,,1012.2,0.2,,12.2,,,,17.8,,,,,,,,,,,,,,20,20,18.4,24.1,,20,,,18.4,
2006-01-05 13:00:00,,,,,1.53,,,,,0.0,0.0,72,,,1016.9,,,,,,,,,1011.5,0.2,,12.5,,,,17.6,,,,,,,,,,,,,,20,20,17.4,25.9,,20,,,18.5,
2006-01-05 14:00:00,,8.0,,,1.15,,,,,0.0,0.0,72,,,1016.5,,,,,,,,,1011.1,0.1,,12.2,,,,17.3,,,,,,,,,,15.0,,,,20,30,16.4,24.3,,20,,,18.4,
2006-01-05 15:00:00,,,,,0.84,,,,,0.0,0.0,74,,,1016.1,,,,,,,,,1010.7,0.2,,12.2,,,,16.8,,,,,,,,,,,,,,20,10,17.0,24.3,,20,,,17.9,
2006-01-05 16:00:00,,,,,0.69,,,,,0.0,0.0,73,,,1016.2,,,,,,,,,1010.8,0.2,,11.7,,,,16.5,,,,,,,,,,,,,,20,10,18.1,27.5,,20,,,18.6,
2006-01-05 17:00:00,,8.0,,,0.1,,,,,0.0,0.0,74,,,1017.2,,,,,,,,,1011.8,0.1,,11.5,,,,16.1,,,,,,,,,,15.0,,,,20,20,18.1,25.7,,20,,,18.1,
2006-01-05 18:00:00,,,,,0.0,,,,,0.0,0.0,76,,,1017.8,,,,,,,,,1012.4,0.0,,11.7,,,,15.9,,,,,,,,,,,,,,20,360,18.0,26.9,,20,,,18.8,
2006-01-05 19:00:00,,,,,0.0,,,,,0.0,0.0,77,,,1018.5,,,,,,,,,1013.1,0.0,,11.6,,,,15.6,,,,,,,,,,,,,,20,10,17.8,25.9,,20,,,19.6,
2006-01-05 20:00:00,,,,,0.0,,,,,0.0,0.0,76,,,1019.4,,,,,,,,,1014.0,,,11.5,,,,15.8,,,,,,,,,,,,,,20,20,18.5,26.8,,20,,,19.4,
2006-01-05 21:00:00,,,,,0.0,,,,,0.0,0.0,73,,,1019.7,,,,,,,,,1014.3,,,10.5,,,,15.4,,,,,,,,,,,,,,20,20,18.5,28.3,,20,,,19.1,
2006-01-05 22:00:00,,,,,0.0,,,,,0.0,0.0,74,,,1020.0,,,,,,,,,1014.6,,,10.9,,,,15.5,,,,,,,,,,,,,,20,20,16.9,25.3,,20,,,18.2,
2006-01-05 23:00:00,,,,,0.0,,,,,0.0,0.0,75,,,1020.0,,,,,,,,,1014.6,,,11.0,,,,15.4,,,,,,,,,,,,,,20,20,17.3,23.8,,20,,,17.8,
2006-01-06 00:00:00,,,,,0.0,,,,,0.0,0.0,73,,,1020.4,,,,,,,,,1015.0,,,10.4,,,,15.1,,,,,,,,,,,,,,20,20,17.6,24.2,,20,,,17.9,
2006-01-06 01:00:00,,,,,0.0,,,,,0.0,0.0,73,,,1020.1,,,,,,,,,1014.7,,,10.2,,,,15.0,,,,,,,,,,,,,,20,20,17.7,26.2,,20,,,18.1,
2006-01-06 02:00:00,,,,,0.0,,,,,0.0,0.0,75,,,1020.0,,,,,,,,,1014.6,,,10.4,,,,14.8,,,,,,,,,,,,,,20,30,17.1,24.8,,20,,,18.6,
2006-01-06 03:00:00,,,,,0.0,,,,,0.0,0.0,75,,,1020.0,,,,,,,,,1014.6,,,10.4,,,,14.8,,,,,,,,,,,,,,20,30,16.2,23.0,,20,,,17.5,
2006-01-06 04:00:00,,,,,0.0,,,,,0.0,0.0,75,,,1020.0,,,,,,,,,1014.6,,,10.1,,,,14.5,,,,,,,,,,,,,,20,360,16.6,22.6,,20,,,16.9,
2006-01-06 05:00:00,,,,,0.0,,,,,0.0,0.0,75,,,1020.2,,,,,,,,,1014.8,,,10.2,,,,14.5,,,,,,,,,,,,,,20,20,16.5,24.2,,10,,,16.8,
2006-01-06 06:00:00,,,,,0.0,,,,,0.0,0.0,76,,,1020.8,,,,,,,,,1015.4,0.0,,10.2,,,,14.4,,,,,,,,,,,,,,10,10,17.2,24.9,,10,,,17.3,
2006-01-06 07:00:00,,,,,0.0,,,,,0.0,0.0,73,,,1022.0,,,,,,,,,1016.6,0.0,,9.9,,,,14.6,,,,,,,,,,,,,,20,20,15.7,23.5,,20,,,17.2,
2006-01-06 08:00:00,,10.0,,,0.0,,,,,0.0,0.0,76,,,1022.6,,,,,,,,,1017.1,0.0,,10.1,,,,14.3,,,,,,,,,,15.0,,,,10,10,16.8,24.9,,10,,,17.6,
2006-01-06 09:00:00,,10.0,,,0.0,,,,,0.0,0.0,76,,,1023.4,,,,,,,,,1017.9,0.0,,10.2,,,,14.3,,,,,,,,,,15.0,,,,10,20,14.4,23.9,,10,,,16.6,
2006-01-06 10:00:00,,,,,0.0,,,,,0.0,0.0,75,,,1023.5,,,,,,,,,1018.0,0.0,,9.6,,,,13.9,,,,,,,,,,,,,,20,360,15.6,23.2,,20,,,16.1,
2006-01-06 11:00:00,,10.0,,,0.15,,,,,0.0,0.0,73,,,1023.0,,,,,,,,,1017.5,0.0,,9.3,,,,14.0,,,,,,,,,,15.0,,,,10,10,15.9,22.6,,20,,,16.1,
2006-01-06 12:00:00,,,,,0.04,,,,,0.0,0.0,74,,,1022.3,,,,,,,,,1016.8,0.0,,9.4,,,,13.9,,,,,,,,,,,,,,20,10,14.2,24.1,,10,,,16.7,
2006-01-06 13:00:00,,,,,0.19,,,,,0.0,0.0,73,,,1021.5,,,,,,,,,1016.0,0.0,,9.0,,,,13.7,,,,,,,,,,,,,,20,10,15.3,22.9,,20,,,15.8,
2006-01-06 14:00:00,,10.0,,,0.01,,,,,0.0,0.0,75,,,1020.9,,,,,,,,,1015.4,0.0,,8.9,,,,13.3,,,,,,,,,,10.0,,,,10,20,14.7,22.0,,20,,,15.9,
2006-01-06 15:00:00,,,,,0.0,,,,,0.0,0.0,75,,,1020.6,,,,,,,,,1015.1,0.0,,8.6,,,,13.0,,,,,,,,,,,,,,20,20,15.2,21.3,,20,,,15.4,
2006-01-06 16:00:00,,,,,0.0,,,,,0.0,0.0,73,,,1021.4,,,,,,,,,1015.9,0.0,,7.7,,,,12.5,,,,,,,,,,,,,,10,20,15.8,22.8,,20,,,16.1,
2006-01-06 17:00:00,,10.0,,,0.0,,,,,0.0,0.0,72,,,1022.0,,,,,,,,,1016.5,0.0,,7.7,,,,12.7,,,,,,,,,,10.0,,,,10,10,16.3,23.4,,10,,,16.4,
2006-01-06 18:00:00,,,,,0.0,,,,,0.0,0.0,72,,,1022.5,,,,,,,,,1017.0,0.0,,7.6,,,,12.4,,,,,,,,,,,,,,10,10,16.4,27.1,,10,,,17.8,
2006-01-06 19:00:00,,,,,0.0,,,,,0.0,0.0,72,,,1023.2,,,,,,,,,1017.7,0.0,,7.7,,,,12.7,,,,,,,,,,,,,,20,10,15.6,23.3,,20,,,16.8,
2006-01-06 20:00:00,,,,,0.0,,,,,0.0,0.0,71,,,1023.6,,,,,,,,,1018.1,,,7.7,,,,12.9,,,,,,,,,,,,,,20,20,16.1,23.3,,20,,,16.6,
2006-01-06 21:00:00,,,,,0.0,,,,,0.0,0.0,71,,,1023.5,,,,,,,,,1018.0,,,7.8,,,,12.9,,,,,,,,,,,,,,20,20,16.3,23.6,,20,,,17.0,
2006-01-06 22:00:00,,,,,0.0,,,,,0.0,0.0,70,,,1023.3,,,,,,,,,1017.8,,,7.5,,,,12.9,,,,,,,,,,,,,,20,20,15.8,24.9,,20,,,17.3,
2006-01-06 23:00:00,,,,,0.0,,,,,0.0,0.0,71,,,1023.1,,,,,,,,,1017.6,,,7.6,,,,12.7,,,,,,,,,,,,,,20,20,15.9,22.7,,20,,,16.6,
2006-01-07 00:00:00,,,,,0.0,,,,,0.0,0.0,71,,,1023.2,,,,,,,,,1017.7,,,7.5,,,,12.7,,,,,,,,,,,,,,20,30,17.2,24.1,,20,,,17.5,
2006-01-07 01:00:00,,,,,0.0,,,,,0.0,0.0,68,,,1022.5,,,,,,,,,1017.0,,,7.2,,,,12.9,,,,,,,,,,,,,,20,10,16.9,23.8,,20,,,17.5,
2006-01-07 02:00:00,,,,,0.0,,,,,0.0,0.0,70,,,1022.0,,,,,,,,,1016.5,,,7.3,,,,12.7,,,,,,,,,,,,,,20,30,16.0,24.6,,20,,,18.6,
2006-01-07 03:00:00,,,,,0.0,,,,,0.0,0.0,66,,,1021.7,,,,,,,,,1016.2,,,6.7,,,,12.8,,,,,,,,,,,,,,20,20,16.1,22.6,,20,,,17.6,
2006-01-07 04:00:00,,,,,0.0,,,,,0.0,0.0,72,,,1021.2,,,,,,,,,1015.7,,,8.1,,,,13.0,,,,,,,,,,,,,,20,20,16.2,23.4,,20,,,16.8,
2006-01-07 05:00:00,,,,,0.0,,,,,0.0,0.0,70,,,1021.5,,,,,,,,,1016.0,,,7.5,,,,12.9,,,,,,,,,,,,,,20,20,15.6,23.8,,20,,,16.0,
2006-01-07 06:00:00,,,,,0.0,,,,,0.0,0.0,69,,,1022.1,,,,,,,,,1016.6,0.0,,6.8,,,,12.4,,,,,,,,,,,,,,20,20,18.1,24.2,,20,,,18.1,
2006-01-07 07:00:00,,,,,0.0,,,,,0.0,0.0,69,,,1022.6,,,,,,,,,1017.1,0.0,,6.5,,,,11.9,,,,,,,,,,,,,,10,10,17.6,24.8,,20,,,18.3,
2006-01-07 08:00:00,,10.0,,,0.0,,,,,0.0,0.0,69,,,1023.6,,,,,,,,,1018.1,0.0,,6.5,,,,12.0,,,,,,,,,,15.0,,,,10,10,17.0,25.1,,20,,,18.0,
2006-01-07 09:00:00,,10.0,,,0.22,,,,,0.0,0.0,71,,,1024.0,,,,,,,,,1018.5,0.0,,6.8,,,,11.9,,,,,,,,,,15.0,,,,20,20,16.6,23.4,,20,,,17.5,
2006-01-07 10:00:00,,,,,0.16,,,,,0.0,0.0,70,,,1023.9,,,,,,,,,1018.4,0.0,,6.6,,,,11.8,,,,,,,,,,,,,,20,360,16.1,24.5,,20,,,17.5,
2006-01-07 11:00:00,,10.0,,,0.3,,,,,0.0,0.0,72,,,1023.1,,,,,,,,,1017.6,0.0,,7.1,,,,12.0,,,,,,,,,,15.0,,,,20,20,16.1,22.5,,20,,,17.1,
2006-01-07 12:00:00,,,,,0.26,,,,,0.0,0.0,71,,,1022.3,,,,,,,,,1016.8,0.0,,7.2,,,,12.2,,,,,,,,,,,,,,20,30,14.8,22.8,,10,,,16.6,
2006-01-07 13:00:00,,,,,0.17,,,,,0.0,0.0,71,,,1021.7,,,,,,,,,1016.2,0.0,,7.1,,,,12.2,,,,,,,,,,,,,,10,10,14.4,21.7,,10,,,15.9,
2006-01-07 14:00:00,,10.0,,,0.0,,,,,0.0,0.0,71,,,1021.3,,,,,,,,,1015.8,0.0,,7.2,,,,12.4,,,,,,,,,,15.0,,,,10,10,14.3,22.0,,10,,,15.6,
2006-01-07 15:00:00,,,,,0.0,,,,,0.0,0.0,73,,,1021.1,,,,,,,,,1015.6,0.0,,7.8,,,,12.4,,,,,,,,,,,,,,20,360,14.6,22.4,,10,,,15.8,
2006-01-07 16:00:00,,,,,0.0,,,,,0.0,0.0,73,,,1021.5,,,,,,,,,1016.0,0.0,,7.7,,,,12.4,,,,,,,,,,,,,,10,360,14.6,22.1,,10,,,15.9,
2006-01-07 17:00:00,,10.0,,,0.0,,,,,0.0,0.0,73,,,1021.9,,,,,,,,,1016.4,0.0,,7.7,,,,12.3,,,,,,,,,,10.0,,,,20,20,14.9,21.6,,10,,,15.5,
2006-01-07 18:00:00,,,,,0.0,,,,,0.0,0.0,72,,,1022.5,,,,,,,,,1017.0,0.0,,7.5,,,,12.3,,,,,,,,,,,,,,20,360,15.7,22.5,,20,,,16.4,
2006-01-07 19:00:00,,,,,0.0,,,,,0.0,0.0,74,,,1023.1,,,,,,,,,1017.6,0.0,,8.2,,,,12.7,,,,,,,,,,,,,,20,360,14.9,21.8,,20,,,15.7,
2006-01-07 20:00:00,,,,,0.0,,,,,0.0,0.0,71,,,1023.5,,,,,,,,,1018.0,,,7.9,,,,13.0,,,,,,,,,,,,,,20,360,13.6,21.8,,10,,,15.6,
2006-01-07 21:00:00,,,,,0.0,,,,,0.0,0.0,75,,,1023.4,,,,,,,,,1017.9,,,8.7,,,,13.1,,,,,,,,,,,,,,10,30,13.4,19.8,,20,,,13.9,
2006-01-07 22:00:00,,,,,0.0,,,,,0.0,0.0,70,,,1023.1,,,,,,,,,1017.6,,,7.9,,,,13.3,,,,,,,,,,,,,,10,10,13.5,19.8,,10,,,14.4,
2006-01-07 23:00:00,,,,,0.0,,,,,0.0,0.0,71,,,1023.5,,,,,,,,,1018.0,,,8.2,,,,13.4,,,,,,,,,,,,,,10,360,13.4,20.5,,10,,,15.1,
2006-01-08 00:00:00,,,,,0.0,,,,,0.0,0.0,69,,,1023.1,,,,,,,,,1017.6,,,8.1,,,,13.6,,,,,,,,,,,,,,20,10,13.1,19.6,,10,,,14.0,
2006-01-08 01:00:00,,,,,0.0,,,,,0.0,0.0,71,,,1022.6,,,,,,,,,1017.1,,,8.4,,,,13.6,,,,,,,,,,,,,,10,10,15.1,19.8,,10,,,15.2,
2006-01-08 02:00:00,,,,,0.0,,,,,0.0,0.0,71,,,1022.0,,,,,,,,,1016.5,,,8.9,,,,14.1,,,,,,,,,,,,,,20,10,13.1,19.3,,10,,,15.1,
2006-01-08 03:00:00,,,,,0.0,,,,,0.0,0.0,71,,,1022.0,,,,,,,,,1016.5,,,8.9,,,,14.1,,,,,,,,,,,,,,20,20,12.4,20.6,,20,,,14.3,
2006-01-08 04:00:00,,,,,0.0,,,,,0.0,0.0,73,,,1022.0,,,,,,,,,1016.5,,,9.0,,,,13.8,,,,,,,,,,,,,,30,30,10.5,16.3,,20,,,12.6,
2006-01-08 05:00:00,,,,,0.0,,,,,0.0,0.0,73,,,1021.9,,,,,,,,,1016.4,,,9.3,,,,14.0,,,,,,,,,,,,,,30,30,10.0,15.6,,30,,,11.8,
2006-01-08 06:00:00,,,,,0.0,,,,,0.0,0.0,71,,,1022.2,,,,,,,,,1016.7,0.0,,9.1,,,,14.2,,,,,,,,,,,,,,30,30,9.9,14.6,,30,,,10.7,
2006-01-08 07:00:00,,,,,0.0,,,,,0.0,0.0,73,,,1022.2,,,,,,,,,1016.7,0.0,,9.6,,,,14.3,,,,,,,,,,,,,,20,20,10.3,14.6,,20,,,10.5,
2006-01-08 08:00:00,,3.0,,,0.32,,,,,0.0,0.0,69,,,1022.2,,,,,,,,,1016.8,0.1,,9.5,,,,15.2,,,,,,,,,,15.0,,,,20,30,10.7,15.2,,20,,,11.1,
2006-01-08 09:00:00,,5.0,,,0.89,,,,,0.0,0.0,71,,,1022.5,,,,,,,,,1017.1,0.8,,11.0,,,,16.2,,,,,,,,,,15.0,,,,20,20,10.6,15.7,,20,,,11.1,
2006-01-08 10:00:00,,,,,1.46,,,,,0.0,0.0,72,,,1022.5,,,,,,,,,1017.1,0.6,,11.9,,,,16.9,,,,,,,,,,,,,,20,20,11.1,15.3,,20,,,11.6,
2006-01-08 11:00:00,,9.0,,,0.56,,,,,0.0,0.0,83,,,1022.4,,,,,,,,,1017.0,0.0,,12.2,,,,15.1,,,,,,,,,,10.0,,,,10,10,12.4,17.6,,10,,,12.9,
2006-01-08 12:00:00,,,,,1.36,,,,,0.0,0.0,81,,,1021.7,,,,,,,,,1016.3,0.2,,11.9,,,,15.1,,,,,,,,,,,,,,10,360,12.6,17.4,,10,,,13.1,
2006-01-08 13:00:00,,,,,0.52,,,,,0.0,0.0,86,,,1020.7,,,,,,,,,1015.3,0.0,,12.5,,,,14.9,,,,,,,,,,,,,,10,10,11.9,18.1,,10,,,13.5,
2006-01-08 14:00:00,,9.0,,,1.12,,,,,0.0,0.0,83,,,1019.9,,,,,,,,,1014.5,0.0,,12.1,,,,14.9,,,,,,,,,,10.0,,,,10,10,12.6,17.8,,10,,,13.4,
2006-01-08 15:00:00,,,,,0.67,,,,,0.0,0.0,84,,,1019.2,,,,,,,,,1013.8,0.0,,11.9,,,,14.5,,,,,,,,,,,,,,10,20,13.0,18.0,,10,,,13.5,
2006-01-08 16:00:00,,,,,0.03,,,,,0.0,0.0,82,,,1020.0,,,,,,,,,1014.6,0.0,,11.6,,,,14.6,,,,,,,,,,,,,,10,10,10.6,17.7,,10,,,13.6,
2006-01-08 17:00:00,,8.0,,,0.0,,,,,0.0,0.0,85,,,1020.0,,,,,,,,,1014.6,0.0,,12.3,,,,14.8,,,,,,,,,,10.0,,,,10,20,9.3,14.6,,10,,,10.4,
2006-01-08 18:00:00,,,,,0.0,,,,,0.0,0.0,82,,,1020.9,,,,,,,,,1015.5,0.0,,12.0,,,,15.1,,,,,,,,,,,,,,360,10,11.1,15.8,,360,,,11.8,
2006-01-08 19:00:00,,,,,0.0,,,,,0.0,0.0,85,,,1021.3,,,,,,,,,1015.9,0.0,,12.0,,,,14.5,,,,,,,,,,,,,,360,360,12.3,16.7,,360,,,12.5,
2006-01-08 20:00:00,,,,,0.0,,,,,0.0,0.0,85,,,1021.5,,,,,,,,,1016.0,,,11.9,,,,14.3,,,,,,,,,,,,,,360,360,11.7,16.6,,360,,,13.1,
2006-01-08 21:00:00,,,,,0.0,,,,,0.0,0.0,85,,,1021.4,,,,,,,,,1015.9,,,11.9,,,,14.3,,,,,,,,,,,,,,10,10,13.3,17.9,,10,,,13.5,
2006-01-08 22:00:00,,,,,0.0,,,,,0.0,0.0,85,,,1021.5,,,,,,,,,1016.1,,,11.9,,,,14.4,,,,,,,,,,,,,,10,10,10.8,17.0,,10,,,13.5,
2006-01-08 23:00:00,,,,,0.0,,,,,0.0,0.0,86,,,1021.3,,,,,,,,,1015.9,,,12.1,,,,14.5,,,,,,,,,,,,,,10,10,9.8,15.4,,10,,,11.4,
2006-01-09 00:00:00,,,,,0.0,,,,,0.0,0.0,88,,,1021.1,,,,,,,,,1015.7,,,12.5,,,,14.5,,,,,,,,,,,,,,20,20,10.5,14.5,,20,,,10.9,
2006-01-09 01:00:00,,,,,0.0,,,,,0.0,0.0,86,,,1021.3,,,,,,,,,1015.9,,,12.4,,,,14.8,,,,,,,,,,,,,,10,10,11.1,15.3,,10,,,11.7,
2006-01-09 02:00:00,,,,,0.0,,,,,0.0,0.0,84,,,1020.8,,,,,,,,,1015.4,,,12.2,,,,14.9,,,,,,,,,,,,,,10,10,10.0,14.8,,10,,,11.5,
2006-01-09 03:00:00,,,,,0.0,,,,,0.0,0.0,82,,,1020.4,,,,,,,,,1015.0,,,12.2,,,,15.2,,,,,,,,,,,,,,10,360,11.3,15.4,,10,,,11.3,
2006-01-09 04:00:00,,,,,0.0,,,,,0.0,0.0,84,,,1019.9,,,,,,,,,1014.5,,,12.5,,,,15.1,,,,,,,,,,,,,,10,360,12.3,17.5,,10,,,12.3,
2006-01-09 05:00:00,,,,,0.0,,,,,0.0,0.0,84,,,1020.2,,,,,,,,,1014.8,,,12.7,,,,15.3,,,,,,,,,,,,,,10,360,11.9,17.3,,10,,,13.0,
2006-01-09 06:00:00,,,,,0.0,,,,,0.0,0.0,82,,,1020.0,,,,,,,,,1014.6,0.0,,12.1,,,,15.1,,,,,,,,,,,,,,20,20,13.0,17.9,,20,,,13.0,
2006-01-09 07:00:00,,,,,0.0,,,,,0.0,0.0,81,,,1020.5,,,,,,,,,1015.1,0.0,,11.9,,,,15.1,,,,,,,,,,,,,,20,20,12.5,19.0,,20,,,13.4,
2006-01-09 08:00:00,,9.0,,,0.02,,,,,0.0,0.0,82,,,1020.7,,,,,,,,,1015.3,0.0,,12.4,,,,15.5,,,,,,,,,,15.0,,,,20,20,12.3,17.4,,20,,,13.3,
2006-01-09 09:00:00,,6.0,,,0.49,,,,,0.0,0.0,80,,,1020.9,,,,,,,,,1015.5,0.0,,12.8,,,,16.2,,,,,,,,,,15.0,,,,20,20,12.5,17.1,,20,,,12.8,
2006-01-09 10:00:00,,,,,0.88,,,,,0.0,0.0,75,,,1020.6,,,,,,,,,1015.2,0.0,,12.3,,,,16.7,,,,,,,,,,,,,,20,30,13.0,17.5,,20,,,13.5,
2006-01-09 11:00:00,,6.0,,,1.64,,,,,0.0,0.0,73,,,1019.9,,,,,,,,,1014.5,0.3,,12.9,,,,17.7,,,,,,,,,,15.0,,,,20,30,14.0,18.5,,20,,,14.4,
2006-01-09 12:00:00,,,,,2.3,,,,,0.0,0.0,73,,,1019.2,,,,,,,,,1013.8,0.9,,12.6,,,,17.4,,,,,,,,,,,,,,20,20,12.8,19.1,,20,,,14.4,
2006-01-09 13:00:00,,,,,2.38,,,,,0.0,0.0,73,,,1018.1,,,,,,,,,1012.7,0.8,,12.8,,,,17.7,,,,,,,,,,,,,,20,20,13.2,18.7,,20,,,13.5,
2006-01-09 14:00:00,,5.0,,,2.02,,,,,0.0,0.0,74,,,1017.2,,,,,,,,,1011.8,0.9,,12.6,,,,17.2,,,,,,,,,,15.0,,,,20,10,12.8,18.7,,20,,,13.3,
2006-01-09 15:00:00,,,,,1.52,,,,,0.0,0.0,76,,,1016.7,,,,,,,,,1011.3,0.7,,12.8,,,,17.1,,,,,,,,,,,,,,20,10,13.3,19.2,,20,,,13.7,
2006-01-09 16:00:00,,,,,0.88,,,,,0.0,0.0,78,,,1017.1,,,,,,,,,1011.7,0.3,,12.6,,,,16.4,,,,,,,,,,,,,,20,20,12.6,18.3,,20,,,13.7,
2006-01-09 17:00:00,,6.0,,,0.21,,,,,0.0,0.0,81,,,1017.6,,,,,,,,,1012.2,0.2,,13.0,,,,16.3,,,,,,,,,,10.0,,,,20,30,12.0,18.2,,20,,,13.6,
2006-01-09 18:00:00,,,,,0.0,,,,,0.0,0.0,80,,,1017.8,,,,,,,,,1012.4,0.0,,12.6,,,,16.0,,,,,,,,,,,,,,20,30,12.2,17.9,,20,,,13.5,
2006-01-09 19:00:00,,,,,0.0,,,,,0.0,0.0,80,,,1018.2,,,,,,,,,1012.8,0.0,,12.7,,,,16.2,,,,,,,,,,,,,,20,30,12.4,17.7,,20,,,13.3,
2006-01-09 20:00:00,,,,,0.0,,,,,0.0,0.0,80,,,1019.0,,,,,,,,,1013.6,,,13.2,,,,16.6,,,,,,,,,,,,,,20,20,12.1,17.6,,20,,,12.9,
2006-01-09 21:00:00,,,,,0.0,,,,,0.0,0.0,81,,,1019.6,,,,,,,,,1014.2,,,13.3,,,,16.5,,,,,,,,,,,,,,20,20,11.0,17.1,,20,,,12.2,
2006-01-09 22:00:00,,,,,0.0,,,,,0.0,0.0,80,,,1019.7,,,,,,,,,1014.3,,,13.5,,,,16.9,,,,,,,,,,,,,,10,10,11.8,16.9,,10,,,12.8,
2006-01-09 23:00:00,,,,,0.0,,,,,0.0,0.0,81,,,1019.6,,,,,,,,,1014.2,,,13.7,,,,16.9,,,,,,,,,,,,,,20,10,11.7,17.7,,10,,,13.1,
2006-01-10 00:00:00,,,,,0.0,,,,,0.0,0.0,81,,,1019.2,,,,,,,,,1013.8,,,13.7,,,,17.0,,,,,,,,,,,,,,20,20,13.1,19.1,,20,,,14.1,
2006-01-10 01:00:00,,,,,0.0,,,,,0.0,0.0,80,,,1018.9,,,,,,,,,1013.5,,,13.5,,,,16.9,,,,,,,,,,,,,,20,30,13.9,18.9,,20,,,14.3,
2006-01-10 02:00:00,,,,,0.0,,,,,0.0,0.0,81,,,1018.3,,,,,,,,,1012.9,,,13.4,,,,16.7,,,,,,,,,,,,,,20,20,14.0,19.3,,20,,,14.0,
2006-01-10 03:00:00,,,,,0.0,,,,,0.0,0.0,81,,,1017.8,,,,,,,,,1012.4,,,13.4,,,,16.7,,,,,,,,,,,,,,20,20,13.8,20.4,,20,,,14.3,
2006-01-10 04:00:00,,,,,0.0,,,,,0.0,0.0,80,,,1017.3,,,,,,,,,1011.9,,,13.2,,,,16.6,,,,,,,,,,,,,,20,20,14.3,20.1,,20,,,14.6,
2006-01-10 05:00:00,,,,,0.0,,,,,0.0,0.0,81,,,1017.7,,,,,,,,,1012.3,,,13.5,,,,16.7,,,,,,,,,,,,,,20,20,12.0,19.6,,20,,,14.4,
2006-01-10 06:00:00,,,,,0.0,,,,,0.0,0.0,79,,,1017.6,,,,,,,,,1012.2,0.0,,13.0,,,,16.6,,,,,,,,,,,,,,20,10,12.4,18.5,,20,,,13.5,
2006-01-10 07:00:00,,,,,0.0,,,,,0.0,0.0,81,,,1018.2,,,,,,,,,1012.8,0.0,,13.6,,,,16.8,,,,,,,,,,,,,,20,20,12.5,18.9,,20,,,14.4,
2006-01-10 08:00:00,,8.0,,,0.06,,,,,0.0,0.0,78,,,1018.9,,,,,,,,,1013.5,0.0,,13.1,,,,16.9,,,,,,,,,,10.0,,,,20,20,13.0,18.8,,20,,,14.0,
2006-01-10 09:00:00,,9.0,,,0.6,,,,,0.0,0.0,79,,,1019.4,,,,,,,,,1014.0,0.1,,13.3,,,,17.0,,,,,,,,,,10.0,,,,10,360,12.1,17.9,,20,,,12.9,
2006-01-10 10:00:00,,,,,0.65,,,,,0.0,0.0,78,,,1019.4,,,,,,,,,1014.0,0.0,,13.6,,,,17.4,,,,,,,,,,,,,,20,20,11.2,16.6,,20,,,12.3,
2006-01-10 11:00:00,,8.0,,,1.63,,,,,0.0,0.0,75,,,1018.8,,,,,,,,,1013.4,0.3,,13.8,,,,18.2,,,,,,,,,,10.0,,,,10,360,10.9,16.2,,10,,,11.8,
2006-01-10 12:00:00,,,,,1.62,,,,,0.0,0.0,76,,,1017.8,,,,,,,,,1012.4,0.3,,13.5,,,,17.8,,,,,,,,,,,,,,10,10,11.4,16.5,,10,,,12.2,
2006-01-10 13:00:00,,,,,1.78,,,,,0.0,0.0,76,,,1017.1,,,,,,,,,1011.7,0.5,,13.2,,,,17.5,,,,,,,,,,,,,,10,10,10.9,16.3,,10,,,12.5,
2006-01-10 14:00:00,,8.0,,,1.7,,,,,0.0,0.0,77,,,1016.3,,,,,,,,,1010.9,0.4,,13.6,,,,17.7,,,,,,,,,,10.0,,,,20,10,10.6,15.7,,10,,,11.3,
2006-01-10 15:00:00,,,,,1.38,,,,,0.0,0.0,78,,,1016.3,,,,,,,,,1010.9,0.5,,13.9,,,,17.7,,,,,,,,,,,,,,10,360,10.4,14.6,,20,,,10.7,
2006-01-10 16:00:00,,,,,0.75,,,,,0.0,0.0,81,,,1016.3,,,,,,,,,1010.9,0.1,,13.9,,,,17.2,,,,,,,,,,,,,,10,360,9.4,14.2,,10,,,11.1,
2006-01-10 17:00:00,,8.0,,,0.0,,,,,0.0,0.0,84,,,1016.7,,,,,,,,,1011.3,0.0,,14.3,,,,17.0,,,,,,,,,,10.0,,,,10,10,9.2,13.3,,10,,,9.7,
2006-01-10 18:00:00,,,,,0.0,,,,,0.0,0.0,86,,,1016.9,,,,,,,,,1011.5,0.0,,14.1,,,,16.4,,,,,,,,,,,,,,10,10,10.3,14.0,,10,,,10.6,
2006-01-10 19:00:00,,,,,0.0,,,,,0.0,0.0,86,,,1017.5,,,,,,,,,1012.1,0.0,,14.3,,,,16.7,,,,,,,,,,,,,,10,10,9.9,14.0,,10,,,11.0,
2006-01-10 20:00:00,,,,,0.0,,,,,0.0,0.0,87,,,1017.8,,,,,,,,,1012.4,,,14.6,,,,16.8,,,,,,,,,,,,,,10,10,9.6,14.6,,10,,,10.9,
2006-01-10 21:00:00,,,,,0.0,,,,,0.0,0.0,86,,,1018.1,,,,,,,,,1012.7,,,15.0,,,,17.3,,,,,,,,,,,,,,20,10,9.5,13.7,,10,,,10.1,
2006-01-10 22:00:00,,,,,0.0,,,,,0.0,0.0,86,,,1018.1,,,,,,,,,1012.7,,,15.0,,,,17.3,,,,,,,,,,,,,,10,20,9.8,13.6,,10,,,10.0,
2006-01-10 23:00:00,,,,,0.0,,,,,0.0,0.0,86,,,1018.0,,,,,,,,,1012.6,,,15.1,,,,17.4,,,,,,,,,,,,,,10,10,9.2,13.1,,10,,,9.7,
2006-01-11 00:00:00,,,,,0.0,,,,,0.0,0.0,87,,,1017.7,,,,,,,,,1012.3,,,15.2,,,,17.3,,,,,,,,,,,,,,10,10,9.7,13.4,,10,,,9.8,
2006-01-11 01:00:00,,,,,0.0,,,,,0.0,0.0,87,,,1017.0,,,,,,,,,1011.6,,,15.2,,,,17.3,,,,,,,,,,,,,,10,10,10.8,14.2,,10,,,10.8,
2006-01-11 02:00:00,,,,,0.0,,,,,0.0,0.0,89,,,1016.6,,,,,,,,,1011.2,,,15.5,,,,17.4,,,,,,,,,,,,,,10,10,9.9,14.7,,10,,,11.5,
2006-01-11 03:00:00,,,,,0.0,,,,,0.0,0.0,89,,,1016.0,,,,,,,,,1010.6,,,15.6,,,,17.4,,,,,,,,,,,,,,10,360,10.3,13.9,,10,,,10.9,
2006-01-11 04:00:00,,,,,0.0,,,,,0.0,0.0,89,,,1016.0,,,,,,,,,1010.6,,,15.6,,,,17.5,,,,,,,,,,,,,,10,360,9.0,13.8,,10,,,10.8,
2006-01-11 05:00:00,,,,,0.0,,,,,0.0,0.0,88,,,1016.3,,,,,,,,,1010.9,,,15.5,,,,17.5,,,,,,,,,,,,,,10,10,10.4,13.9,,10,,,10.4,
2006-01-11 06:00:00,,,,,0.0,,,,,0.0,0.0,88,,,1016.6,,,,,,,,,1011.2,0.0,,15.8,,,,17.8,,,,,,,,,,,,,,20,10,8.9,13.9,,10,,,10.4,
2006-01-11 07:00:00,,,,,0.0,,,,,0.0,0.0,88,,,1017.1,,,,,,,,,1011.7,0.0,,15.8,,,,17.8,,,,,,,,,,,,,,10,20,8.8,12.4,,20,,,9.0,
2006-01-11 08:00:00,,7.0,,,0.15,,,,,0.0,0.0,88,,,1017.5,,,,,,,,,1012.1,0.0,,16.1,,,,18.1,,,,,,,,,,10.0,,,,20,10,8.1,11.4,,10,,,8.7,
2006-01-11 09:00:00,,8.0,,,0.71,,,,,0.0,0.0,87,,,1018.4,,,,,,,,,1013.0,0.2,,15.8,,,,18.0,,,,,,,,,,10.0,,,,10,360,9.9,13.2,,10,,,10.5,
2006-01-11 10:00:00,,,,,1.08,,,,,0.0,0.0,86,,,1018.5,,,,,,,,,1013.1,0.1,,15.2,,,,17.6,,,,,,,,,,,,,,10,10,9.8,14.3,,360,,,11.0,
2006-01-11 11:00:00,,10.0,,,0.85,,,,,0.0,0.0,87,,,1018.2,,,,,,,,,1012.8,0.0,,14.9,,,,17.1,,,,,,,,,,10.0,,,,10,10,10.6,14.3,,360,,,10.6,
2006-01-11 12:00:00,,,,,0.72,,,,,0.0,0.0,88,,,1017.2,,,,,,,,,1011.8,0.0,,14.7,,,,16.7,,,,,,,,,,,,,,360,10,10.8,14.9,,10,,,11.1,
2006-01-11 13:00:00,,,,,0.79,,,,,0.0,0.0,87,,,1016.5,,,,,,,,,1011.1,0.0,,14.7,,,,16.8,,,,,,,,,,,,,,10,10,10.6,14.7,,10,,,11.3,
2006-01-11 14:00:00,,10.0,,,0.76,,,,,0.0,0.0,88,,,1015.3,,,,,,,,,1009.9,0.0,,14.8,,,,16.8,,,,,,,,,,8.0,,,,10,10,11.0,14.2,,10,,,11.3,
2006-01-11 15:00:00,,,,,0.62,,,,,0.0,0.0,90,,,1015.1,,,,,,,,,1009.7,0.0,,14.9,,,,16.6,,,,,,,,,,,,,,10,10,11.0,14.7,,10,,,11.3,
2006-01-11 16:00:00,,,,,0.04,,,,,0.0,0.0,89,,,1015.3,,,,,,,,,1009.9,0.0,,14.9,,,,16.7,,,,,,,,,,,,,,10,20,10.2,14.6,,10,,,11.4,
2006-01-11 17:00:00,,10.0,,,0.0,,,,,0.0,0.0,89,,,1015.4,,,,,,,,,1010.0,0.0,,15.2,,,,17.0,,,,,,,,,,8.0,,,,10,10,9.7,14.2,,10,,,10.6,
2006-01-11 18:00:00,,,,,0.0,,,,,0.0,0.0,90,,,1015.9,,,,,,,,,1010.5,0.0,,15.3,,,,17.0,,,,,,,,,,,,,,10,10,8.6,12.1,,10,,,9.8,
2006-01-11 19:00:00,,,,,0.0,,,,,0.0,0.0,90,,,1016.5,,,,,,,,,1011.1,0.0,,15.5,,,,17.2,,,,,,,,,,,,,,10,360,8.8,12.2,,10,,,9.4,
2006-01-11 20:00:00,,,,,0.0,,,,,0.0,0.0,90,,,1017.0,,,,,,,,,1011.6,,,15.5,,,,17.2,,,,,,,,,,,,,,360,360,8.2,11.6,,360,,,8.7,
2006-01-11 21:00:00,,,,,0.0,,,,,0.0,0.0,90,,,1016.9,,,,,,,,,1011.5,,,15.6,,,,17.2,,,,,,,,,,,,,,10,10,8.2,12.1,,10,,,9.2,
2006-01-11 22:00:00,,,,,0.0,,,,,0.0,0.0,90,,,1016.7,,,,,,,,,1011.3,,,15.6,,,,17.2,,,,,,,,,,,,,,10,360,8.8,11.0,,10,,,8.9,
2006-01-11 23:00:00,,,,,0.0,,,,,0.0,0.0,90,,,1016.4,,,,,,,,,1011.0,,,15.9,,,,17.5,,,,,,,,,,,,,,20,10,8.0,10.6,,10,,,8.9,
2006-01-12 00:00:00,,,,,0.0,,,,,0.0,0.0,91,,,1016.6,,,,,,,,,1011.2,,,16.2,,,,17.7,,,,,,,,,,,,,,10,20,6.6,9.9,,10,,,8.1,
2006-01-12 01:00:00,,,,,0.0,,,,,0.0,0.0,91,,,1016.4,,,,,,,,,1011.0,,,16.0,,,,17.5,,,,,,,,,,,,,,360,360,6.4,9.0,,360,,,7.1,
2006-01-12 02:00:00,,,,,0.0,,,,,0.0,0.0,90,,,1016.4,,,,,,,,,1011.0,,,15.7,,,,17.4,,,,,,,,,,,,,,360,360,3.9,7.9,,360,,,6.3,
2006-01-12 03:00:00,,,,,0.0,,,,,0.0,0.0,90,,,1015.5,,,,,,,,,1010.1,,,15.7,,,,17.3,,,,,,,,,,,,,,350,360,5.4,7.4,,350,,,5.4,
2006-01-12 04:00:00,,,,,0.0,,,,,0.0,0.0,90,,,1015.3,,,,,,,,,1009.9,,,15.4,,,,17.0,,,,,,,,,,,,,,360,360,6.3,9.3,,360,,,6.8,
2006-01-12 05:00:00,,,,,0.0,,,,,0.0,0.0,91,,,1015.2,,,,,,,,,1009.8,,,15.5,,,,17.0,,,,,,,,,,,,,,360,360,4.8,8.2,,360,,,6.6,
2006-01-12 06:00:00,,,,,0.0,,,,,0.0,0.0,91,,,1015.4,,,,,,,,,1010.0,0.0,,15.6,,,,17.1,,,,,,,,,,,,,,360,360,5.8,8.7,,360,,,6.1,
2006-01-12 07:00:00,,,,,0.0,,,,,0.0,0.0,91,,,1016.3,,,,,,,,,1010.9,0.0,,15.8,,,,17.3,,,,,,,,,,,,,,10,10,6.0,7.8,,360,,,6.3,
2006-01-12 08:00:00,,9.0,,,0.05,,,,,0.0,0.0,91,,,1016.8,,,,,,,,,1011.4,0.0,,16.2,,,,17.7,,,,,,,,,,10.0,,,,360,360,7.0,9.3,,360,,,7.0,
2006-01-12 09:00:00,,9.0,,,0.6,,,,,0.0,0.0,90,,,1017.5,,,,,,,,,1012.1,0.0,,16.3,,,,18.0,,,,,,,,,,10.0,,,,350,350,5.8,9.8,,360,,,7.8,
2006-01-12 10:00:00,,,,,0.82,,,,,0.0,0.0,88,,,1017.6,,,,,,,,,1012.2,0.0,,16.5,,,,18.6,,,,,,,,,,,,,,360,360,4.1,8.4,,360,,,6.3,
2006-01-12 11:00:00,,9.0,,,0.89,,,,,0.0,0.0,85,,,1016.9,,,,,,,,,1011.6,0.0,,16.3,,,,18.9,,,,,,,,,,10.0,,,,10,10,6.1,7.3,,10,,,6.2,
2006-01-12 12:00:00,,,,,1.6,,,,,0.0,0.0,83,,,1015.4,,,,,,,,,1010.1,0.0,,16.4,,,,19.4,,,,,,,,,,,,,,360,360,7.1,9.4,,360,,,7.1,
2006-01-12 13:00:00,,,,,2.19,,,,,0.0,0.0,81,,,1014.6,,,,,,,,,1009.3,0.5,,16.6,,,,20.0,,,,,,,,,,,,,,360,10,6.8,9.2,,360,,,7.3,
2006-01-12 14:00:00,,1.0,,,2.37,,,,,0.0,0.0,80,,,1013.4,,,,,,,,,1008.1,1.0,,16.8,,,,20.4,,,,,,,,,,10.0,,,,360,360,6.5,8.9,,360,,,7.4,
2006-01-12 15:00:00,,,,,1.56,,,,,0.0,0.0,83,,,1012.9,,,,,,,,,1007.6,0.8,,16.7,,,,19.7,,,,,,,,,,,,,,360,360,6.4,9.0,,360,,,6.7,
2006-01-12 16:00:00,,,,,1.07,,,,,0.0,0.0,85,,,1012.7,,,,,,,,,1007.4,1.0,,16.6,,,,19.2,,,,,,,,,,,,,,10,10,6.4,8.9,,10,,,6.7,
2006-01-12 17:00:00,,1.0,,,0.48,,,,,0.0,0.0,85,,,1012.9,,,,,,,,,1007.6,1.0,,16.7,,,,19.2,,,,,,,,,,10.0,,,,10,360,5.5,8.1,,10,,,6.4,
2006-01-12 18:00:00,,,,,0.16,,,,,0.0,0.0,87,,,1013.3,,,,,,,,,1008.0,0.4,,16.8,,,,19.1,,,,,,,,,,,,,,10,10,4.9,7.0,,10,,,5.8,
2006-01-12 19:00:00,,,,,0.0,,,,,0.0,0.0,90,,,1013.3,,,,,,,,,1008.0,0.0,,17.2,,,,18.9,,,,,,,,,,,,,,20,10,4.7,6.8,,10,,,5.3,
2006-01-12 20:00:00,,,,,0.0,,,,,0.0,0.0,90,,,1013.7,,,,,,,,,1008.4,,,17.5,,,,19.1,,,,,,,,,,,,,,20,10,5.3,7.1,,10,,,5.8,
2006-01-12 21:00:00,,,,,0.0,,,,,0.0,0.0,90,,,1013.7,,,,,,,,,1008.4,,,17.7,,,,19.4,,,,,,,,,,,,,,20,30,5.2,7.0,,20,,,5.8,
2006-01-12 22:00:00,,,,,0.0,,,,,0.0,0.0,90,,,1013.9,,,,,,,,,1008.6,,,17.4,,,,19.0,,,,,,,,,,,,,,30,20,5.0,6.5,,20,,,5.5,
2006-01-12 23:00:00,,,,,0.0,,,,,0.0,0.0,90,,,1013.9,,,,,,,,,1008.6,,,17.4,,,,19.0,,,,,,,,,,,,,,40,40,4.0,5.4,,30,,,5.0,
2006-01-13 00:00:00,,,,,0.0,,,,,0.0,0.0,92,,,1014.3,,,,,,,,,1009.0,,,17.5,,,,18.9,,,,,,,,,,,,,,360,360,6.2,8.8,,360,,,6.2,
2006-01-13 01:00:00,,,,,0.0,,,,,0.0,0.0,92,,,1014.1,,,,,,,,,1008.8,,,16.6,,,,17.9,,,,,,,,,,,,,,10,360,9.1,11.3,,10,,,9.4,
2006-01-13 02:00:00,,,,,0.0,,,,,0.0,0.0,91,,,1013.7,,,,,,,,,1008.4,,,16.8,,,,18.3,,,,,,,,,,,,,,10,10,8.6,11.9,,10,,,9.3,
2006-01-13 03:00:00,,,,,0.0,,,,,0.0,0.0,90,,,1013.6,,,,,,,,,1008.3,,,16.8,,,,18.5,,,,,,,,,,,,,,20,10,7.6,11.2,,10,,,8.7,
2006-01-13 04:00:00,,,,,0.0,,,,,0.0,0.0,90,,,1013.6,,,,,,,,,1008.3,,,16.7,,,,18.4,,,,,,,,,,,,,,10,10,7.2,10.3,,20,,,7.9,
2006-01-13 05:00:00,,,,,0.0,,,,,0.0,0.0,90,,,1014.1,,,,,,,,,1008.8,,,16.6,,,,18.3,,,,,,,,,,,,,,10,10,7.2,10.5,,10,,,7.9,
2006-01-13 06:00:00,,,,,0.0,,,,,0.0,0.0,88,,,1014.3,,,,,,,,,1009.0,0.0,,16.2,,,,18.2,,,,,,,,,,,,,,360,10,7.6,10.4,,10,,,7.8,
2006-01-13 07:00:00,,,,,0.0,,,,,0.0,0.0,88,,,1015.0,,,,,,,,,1009.7,0.0,,16.0,,,,18.1,,,,,,,,,,,,,,10,360,8.4,11.5,,360,,,8.8,
2006-01-13 08:00:00,,9.0,,,0.0,,,,,0.0,0.0,89,,,1015.8,,,,,,,,,1010.4,0.0,,16.2,,,,18.0,,,,,,,,,,20.0,,,,10,10,7.3,11.8,,10,,,8.9,
2006-01-13 09:00:00,,9.0,,,0.48,,,,,0.0,0.0,88,,,1016.0,,,,,,,,,1010.7,0.0,,16.4,,,,18.5,,,,,,,,,,20.0,,,,20,10,7.6,11.1,,10,,,8.4,
2006-01-13 10:00:00,,,,,0.62,,,,,0.0,0.0,87,,,1015.7,,,,,,,,,1010.4,0.0,,16.6,,,,18.8,,,,,,,,,,,,,,10,10,7.9,11.9,,10,,,8.4,
2006-01-13 11:00:00,,9.0,,,1.12,,,,,0.0,0.0,84,,,1015.2,,,,,,,,,1009.9,0.1,,16.5,,,,19.3,,,,,,,,,,20.0,,,,10,360,7.9,11.7,,10,,,8.7,
2006-01-13 12:00:00,,,,,1.71,,,,,0.0,0.0,81,,,1014.7,,,,,,,,,1009.4,0.2,,16.7,,,,20.0,,,,,,,,,,,,,,10,360,7.9,10.9,,10,,,8.6,
2006-01-13 13:00:00,,,,,1.46,,,,,0.0,0.0,81,,,1014.1,,,,,,,,,1008.8,0.1,,16.2,,,,19.5,,,,,,,,,,,,,,10,10,7.9,12.2,,10,,,9.4,
2006-01-13 14:00:00,,8.0,,,1.48,,,,,0.0,0.0,80,,,1013.8,,,,,,,,,1008.5,0.3,,16.3,,,,19.8,,,,,,,,,,20.0,,,,20,360,7.7,11.4,,10,,,9.0,
2006-01-13 15:00:00,,,,,1.5,,,,,0.0,0.0,82,,,1013.6,,,,,,,,,1008.3,0.6,,16.1,,,,19.3,,,,,,,,,,,,,,10,360,7.7,10.9,,10,,,8.0,
2006-01-13 16:00:00,,,,,1.16,,,,,0.0,0.0,83,,,1013.4,,,,,,,,,1008.1,0.9,,16.1,,,,19.0,,,,,,,,,,,,,,10,10,7.7,11.2,,10,,,8.1,
2006-01-13 17:00:00,,3.0,,,0.5,,,,,0.0,0.0,85,,,1013.6,,,,,,,,,1008.3,1.0,,16.4,,,,18.9,,,,,,,,,,20.0,,,,10,10,6.7,10.3,,10,,,7.9,
2006-01-13 18:00:00,,,,,0.0,,,,,0.0,0.0,86,,,1014.1,,,,,,,,,1008.8,0.0,,16.4,,,,18.7,,,,,,,,,,,,,,10,360,7.1,9.9,,10,,,7.5,
2006-01-13 19:00:00,,,,,0.0,,,,,0.0,0.0,87,,,1014.5,,,,,,,,,1009.2,0.0,,16.7,,,,19.0,,,,,,,,,,,,,,20,20,6.1,9.1,,20,,,7.0,
2006-01-13 20:00:00,,,,,0.0,,,,,0.0,0.0,88,,,1014.6,,,,,,,,,1009.3,,,17.1,,,,19.2,,,,,,,,,,,,,,10,20,5.8,8.9,,20,,,6.3,
2006-01-13 21:00:00,,,,,0.0,,,,,0.0,0.0,88,,,1014.6,,,,,,,,,1009.3,,,17.3,,,,19.3,,,,,,,,,,,,,,10,30,5.7,8.5,,10,,,6.2,
2006-01-13 22:00:00,,,,,0.0,,,,,0.0,0.0,89,,,1014.9,,,,,,,,,1009.6,,,17.3,,,,19.2,,,,,,,,,,,,,,360,360,6.1,7.9,,10,,,6.3,
2006-01-13 23:00:00,,,,,0.0,,,,,0.0,0.0,90,,,1015.0,,,,,,,,,1009.7,,,17.4,,,,19.0,,,,,,,,,,,,,,360,360,5.8,8.0,,360,,,6.4,
2006-01-14 00:00:00,,,,,0.0,,,,,0.0,0.0,89,,,1014.9,,,,,,,,,1009.6,,,17.1,,,,18.9,,,,,,,,,,,,,,360,360,6.3,8.6,,360,,,6.5,
2006-01-14 01:00:00,,,,,0.0,,,,,0.0,0.0,90,,,1015.0,,,,,,,,,1009.7,,,17.1,,,,18.8,,,,,,,,,,,,,,10,10,6.7,8.6,,10,,,7.2,
2006-01-14 02:00:00,,,,,0.0,,,,,0.0,0.0,89,,,1014.8,,,,,,,,,1009.5,,,16.8,,,,18.7,,,,,,,,,,,,,,10,10,7.6,9.4,,10,,,7.6,
2006-01-14 03:00:00,,,,,0.0,,,,,0.0,0.0,88,,,1015.0,,,,,,,,,1009.7,,,16.5,,,,18.6,,,,,,,,,,,,,,20,360,6.5,10.3,,10,,,8.3,
2006-01-14 04:00:00,,,,,0.0,,,,,0.0,0.0,88,,,1015.2,,,,,,,,,1009.9,,,16.7,,,,18.7,,,,,,,,,,,,,,20,360,5.5,9.7,,10,,,7.2,
2006-01-14 05:00:00,,,,,0.0,,,,,0.0,0.0,88,,,1015.2,,,,,,,,,1009.9,,,16.5,,,,18.6,,,,,,,,,,,,,,10,360,8.0,11.4,,10,,,8.4,
2006-01-14 06:00:00,,,,,0.0,,,,,0.0,0.0,87,,,1015.5,,,,,,,,,1010.2,0.0,,16.4,,,,18.6,,,,,,,,,,,,,,20,360,7.3,10.0,,10,,,7.8,
2006-01-14 07:00:00,,,,,0.0,,,,,0.0,0.0,86,,,1015.9,,,,,,,,,1010.6,0.0,,16.4,,,,18.7,,,,,,,,,,,,,,20,30,7.6,10.2,,20,,,8.3,
2006-01-14 08:00:00,,2.0,,,0.27,,,,,0.0,0.0,89,,,1016.5,,,,,,,,,1011.2,0.2,,17.4,,,,19.3,,,,,,,,,,6.0,,,,20,20,7.0,9.9,,20,,,7.8,
2006-01-14 09:00:00,,0.0,,,1.05,,,,,0.0,0.0,84,,,1017.1,,,,,,,,,1011.8,1.0,,17.5,,,,20.3,,,,,,,,,,6.0,,,,20,20,7.4,9.6,,20,,,7.6,
2006-01-14 10:00:00,,,,,1.75,,,,,0.0,0.0,79,,,1016.9,,,,,,,,,1011.6,1.0,,17.5,,,,21.3,,,,,,,,,,,,,,20,20,6.6,8.9,,20,,,7.4,
2006-01-14 11:00:00,,1.0,,,2.31,,,,,0.0,0.0,76,,,1016.6,,,,,,,,,1011.3,1.0,,17.8,,,,22.3,,,,,,,,,,6.0,,,,30,30,6.2,8.3,,20,,,6.8,
2006-01-14 12:00:00,,,,,2.4,,,,,0.0,0.0,77,,,1015.7,,,,,,,,,1010.4,1.0,,17.8,,,,22.0,,,,,,,,,,,,,,20,20,6.5,8.3,,20,,,6.6,
2006-01-14 13:00:00,,,,,2.4,,,,,0.0,0.0,77,,,1014.9,,,,,,,,,1009.6,1.0,,17.7,,,,22.0,,,,,,,,,,,,,,20,20,7.2,9.4,,20,,,7.2,
2006-01-14 14:00:00,,1.0,,,2.4,,,,,0.0,0.0,77,,,1014.6,,,,,,,,,1009.3,1.0,,17.6,,,,21.8,,,,,,,,,,6.0,,,,20,30,7.2,10.1,,20,,,7.8,
2006-01-14 15:00:00,,,,,1.83,,,,,0.0,0.0,78,,,1014.4,,,,,,,,,1009.1,1.0,,17.1,,,,21.1,,,,,,,,,,,,,,10,20,7.0,9.9,,20,,,7.7,
2006-01-14 16:00:00,,,,,1.19,,,,,0.0,0.0,79,,,1014.4,,,,,,,,,1009.1,1.0,,16.9,,,,20.6,,,,,,,,,,,,,,20,20,6.3,9.2,,10,,,7.1,
2006-01-14 17:00:00,,1.0,,,0.47,,,,,0.0,0.0,82,,,1014.9,,,,,,,,,1009.6,1.0,,16.6,,,,19.7,,,,,,,,,,6.0,,,,10,360,6.2,8.5,,10,,,6.5,
2006-01-14 18:00:00,,,,,0.0,,,,,0.0,0.0,85,,,1015.2,,,,,,,,,1009.9,0.0,,16.7,,,,19.2,,,,,,,,,,,,,,20,10,6.8,8.5,,20,,,6.8,
2006-01-14 19:00:00,,,,,0.0,,,,,0.0,0.0,86,,,1015.3,,,,,,,,,1010.0,0.0,,16.8,,,,19.2,,,,,,,,,,,,,,10,10,7.5,10.0,,10,,,8.2,
2006-01-14 20:00:00,,,,,0.0,,,,,0.0,0.0,85,,,1015.9,,,,,,,,,1010.6,,,16.8,,,,19.3,,,,,,,,,,,,,,20,20,6.9,9.3,,20,,,7.7,
2006-01-14 21:00:00,,,,,0.0,,,,,0.0,0.0,85,,,1016.2,,,,,,,,,1010.9,,,16.9,,,,19.4,,,,,,,,,,,,,,30,20,6.3,9.0,,20,,,7.3,
2006-01-14 22:00:00,,,,,0.0,,,,,0.0,0.0,87,,,1016.2,,,,,,,,,1010.9,,,17.0,,,,19.2,,,,,,,,,,,,,,30,30,7.1,9.1,,30,,,7.2,
2006-01-14 23:00:00,,,,,0.0,,,,,0.0,0.0,88,,,1016.4,,,,,,,,,1011.1,,,17.2,,,,19.3,,,,,,,,,,,,,,20,20,8.0,10.3,,20,,,8.2,
2006-01-15 00:00:00,,,,,0.0,,,,,0.0,0.0,87,,,1016.6,,,,,,,,,1011.3,,,16.9,,,,19.1,,,,,,,,,,,,,,20,20,8.3,11.2,,20,,,8.5,
2006-01-15 01:00:00,,,,,0.0,,,,,0.0,0.0,88,,,1016.6,,,,,,,,,1011.3,,,17.0,,,,19.0,,,,,,,,,,,,,,20,20,8.5,11.0,,20,,,8.6,
2006-01-15 02:00:00,,,,,0.0,,,,,0.0,0.0,89,,,1016.4,,,,,,,,,1011.1,,,17.2,,,,19.1,,,,,,,,,,,,,,20,20,8.1,10.9,,20,,,8.5,
2006-01-15 03:00:00,,,,,0.0,,,,,0.0,0.0,88,,,1015.9,,,,,,,,,1010.6,,,16.9,,,,19.0,,,,,,,,,,,,,,20,20,7.9,11.3,,20,,,8.8,
2006-01-15 04:00:00,,,,,0.0,,,,,0.0,0.0,89,,,1015.7,,,,,,,,,1010.4,,,17.3,,,,19.2,,,,,,,,,,,,,,10,10,8.0,10.8,,20,,,8.4,
2006-01-15 05:00:00,,,,,0.0,,,,,0.0,0.0,89,,,1016.2,,,,,,,,,1010.9,,,16.7,,,,18.5,,,,,,,,,,,,,,10,360,9.6,11.9,,10,,,9.7,
2006-01-15 06:00:00,,,,,0.0,,,,,0.0,0.0,89,,,1016.5,,,,,,,,,1011.2,0.0,,16.5,,,,18.4,,,,,,,,,,,,,,20,10,7.5,12.4,,10,,,9.6,
2006-01-15 07:00:00,,,,,0.0,,,,,0.0,0.0,90,,,1016.8,,,,,,,,,1011.5,0.0,,17.0,,,,18.7,,,,,,,,,,,,,,10,20,7.9,10.8,,10,,,7.9,
2006-01-15 08:00:00,,6.0,,,0.17,,,,,0.0,0.0,89,,,1017.5,,,,,,,,,1012.2,0.0,,17.0,,,,18.9,,,,,,,,,,6.0,,,,20,20,8.6,11.2,,20,,,8.6,
2006-01-15 09:00:00,,7.0,,,0.86,,,,,0.0,0.0,86,,,1017.7,,,,,,,,,1012.4,0.5,,17.3,,,,19.8,,,,,,,,,,6.0,,,,20,30,7.7,11.2,,20,,,8.9,
2006-01-15 10:00:00,,,,,1.64,,,,,0.0,0.0,81,,,1017.7,,,,,,,,,1012.4,0.9,,17.9,,,,21.2,,,,,,,,,,,,,,20,30,7.6,10.2,,20,,,8.1,
2006-01-15 11:00:00,,8.0,,,2.14,,,,,0.0,0.0,79,,,1017.2,,,,,,,,,1011.9,1.0,,17.6,,,,21.3,,,,,,,,,,6.0,,,,10,10,8.2,11.1,,10,,,8.6,
2006-01-15 12:00:00,,,,,2.23,,,,,0.0,0.0,79,,,1016.5,,,,,,,,,1011.2,0.7,,17.6,,,,21.4,,,,,,,,,,,,,,10,10,8.2,11.4,,10,,,8.7,
2006-01-15 13:00:00,,,,,2.5,,,,,0.0,0.0,78,,,1015.6,,,,,,,,,1010.3,1.0,,17.5,,,,21.4,,,,,,,,,,,,,,10,20,8.8,12.0,,10,,,9.0,
2006-01-15 14:00:00,,6.0,,,2.35,,,,,0.0,0.0,80,,,1014.7,,,,,,,,,1009.4,1.0,,17.4,,,,21.0,,,,,,,,,,6.0,,,,20,10,9.2,13.2,,10,,,9.5,
2006-01-15 15:00:00,,,,,1.82,,,,,0.0,0.0,81,,,1014.1,,,,,,,,,1008.8,1.0,,17.5,,,,20.9,,,,,,,,,,,,,,20,20,9.6,13.3,,20,,,10.0,
2006-01-15 16:00:00,,,,,1.21,,,,,0.0,0.0,84,,,1014.2,,,,,,,,,1008.9,1.0,,17.3,,,,20.1,,,,,,,,,,,,,,20,20,9.3,12.7,,20,,,9.8,
2006-01-15 17:00:00,,8.0,,,0.39,,,,,0.0,0.0,87,,,1014.6,,,,,,,,,1009.3,0.4,,16.6,,,,18.9,,,,,,,,,,6.0,,,,20,20,10.2,14.1,,20,,,10.4,
2006-01-15 18:00:00,,,,,0.0,,,,,0.0,0.0,88,,,1014.9,,,,,,,,,1009.6,0.0,,16.8,,,,18.9,,,,,,,,,,,,,,20,20,10.6,14.0,,20,,,10.7,
2006-01-15 19:00:00,,,,,0.0,,,,,0.0,0.0,87,,,1015.3,,,,,,,,,1010.0,0.0,,16.7,,,,18.9,,,,,,,,,,,,,,20,20,10.4,14.1,,20,,,10.6,
2006-01-15 20:00:00,,,,,0.0,,,,,0.0,0.0,88,,,1015.3,,,,,,,,,1010.0,,,17.1,,,,19.1,,,,,,,,,,,,,,30,10,10.2,13.4,,20,,,10.6,
2006-01-15 21:00:00,,,,,0.0,,,,,0.0,0.0,88,,,1015.4,,,,,,,,,1010.1,,,17.3,,,,19.4,,,,,,,,,,,,,,30,20,9.4,14.5,,30,,,10.7,
2006-01-15 22:00:00,,,,,0.0,,,,,0.0,0.0,88,,,1015.3,,,,,,,,,1010.0,,,17.5,,,,19.6,,,,,,,,,,,,,,20,20,9.8,12.9,,20,,,10.0,
2006-01-15 23:00:00,,,,,0.0,,,,,0.0,0.0,89,,,1015.1,,,,,,,,,1009.8,,,17.8,,,,19.6,,,,,,,,,,,,,,20,20,8.7,12.3,,20,,,9.8,
2006-01-16 00:00:00,,,,,0.0,,,,,0.0,0.0,90,,,1015.2,,,,,,,,,1009.9,,,17.8,,,,19.5,,,,,,,,,,,,,,20,360,8.9,12.9,,10,,,9.6,
2006-01-16 01:00:00,,,,,0.0,,,,,0.0,0.0,90,,,1015.8,,,,,,,,,1010.5,,,17.9,,,,19.6,,,,,,,,,,,,,,10,30,7.4,11.4,,20,,,8.6,
2006-01-16 02:00:00,,,,,0.0,,,,,0.0,0.0,89,,,1015.5,,,,,,,,,1010.2,,,17.5,,,,19.3,,,,,,,,,,,,,,10,10,8.5,13.1,,10,,,10.1,
2006-01-16 03:00:00,,,,,0.0,,,,,0.0,0.0,90,,,1015.3,,,,,,,,,1010.0,,,17.1,,,,18.8,,,,,,,,,,,,,,10,10,9.9,13.1,,10,,,9.9,
2006-01-16 04:00:00,,,,,0.0,,,,,0.0,0.0,91,,,1015.2,,,,,,,,,1009.9,,,17.0,,,,18.5,,,,,,,,,,,,,,20,10,8.4,13.0,,10,,,10.0,
2006-01-16 05:00:00,,,,,0.0,,,,,0.0,0.0,92,,,1015.4,,,,,,,,,1010.1,,,17.1,,,,18.5,,,,,,,,,,,,,,20,10,8.4,11.9,,20,,,8.8,
2006-01-16 06:00:00,,,,,0.0,,,,,0.0,0.0,91,,,1015.7,,,,,,,,,1010.4,0.0,,17.3,,,,18.8,,,,,,,,,,,,,,20,20,8.7,12.5,,20,,,9.3,
2006-01-16 07:00:00,,,,,0.0,,,,,0.0,0.0,90,,,1015.8,,,,,,,,,1010.5,0.0,,17.4,,,,19.0,,,,,,,,,,,,,,20,20,9.6,12.3,,20,,,9.9,
2006-01-16 08:00:00,,10.0,,,0.0,,,,,0.0,0.0,90,,,1016.8,,,,,,,,,1011.5,0.0,,17.6,,,,19.2,,,,,,,,,,10.0,,,,20,10,9.6,13.4,,20,,,9.6,
2006-01-16 09:00:00,,10.0,,,0.19,,,,,0.0,0.0,91,,,1017.7,,,,,,,,,1012.3,0.0,,17.0,,,,18.5,,,,,,,,,,5.0,,,,10,10,9.5,13.8,,10,,,10.4,
2006-01-16 10:00:00,,,,,0.66,,,,,0.0,0.0,90,,,1017.3,,,,,,,,,1012.0,0.0,,17.4,,,,19.0,,,,,,,,,,,,,,20,360,8.8,12.8,,10,,,9.9,
2006-01-16 11:00:00,,8.0,,,1.53,,,,,0.0,0.0,82,,,1016.8,,,,,,,,,1011.5,0.3,,18.2,,,,21.3,,,,,,,,,,8.0,,,,40,30,6.3,10.8,,20,,,9.0,
2006-01-16 12:00:00,,,,,1.48,,,,,0.0,0.0,81,,,1015.6,,,,,,,,,1010.3,0.3,,18.6,,,,22.0,,,,,,,,,,,,,,40,30,5.8,8.6,,30,,,6.9,
2006-01-16 13:00:00,,,,,2.6,,,,,0.0,0.0,76,,,1014.5,,,,,,,,,1009.3,1.0,,19.2,,,,23.6,,,,,,,,,,,,,,30,40,5.3,7.5,,40,,,5.8,
2006-01-16 14:00:00,,4.0,,,2.38,,,,,0.0,0.0,77,,,1013.6,,,,,,,,,1008.4,1.0,,19.4,,,,23.6,,,,,,,,,,10.0,,,,50,30,4.1,6.6,,30,,,5.3,
2006-01-16 15:00:00,,,,,1.7,,,,,0.0,0.0,83,,,1013.1,,,,,,,,,1007.8,0.9,,19.5,,,,22.6,,,,,,,,,,,,,,10,10,5.7,8.6,,10,,,5.7,
2006-01-16 16:00:00,,,,,1.2,,,,,0.0,0.0,85,,,1012.8,,,,,,,,,1007.5,1.0,,18.9,,,,21.6,,,,,,,,,,,,,,20,10,6.3,9.6,,20,,,6.3,
2006-01-16 17:00:00,,4.0,,,0.5,,,,,0.0,0.0,87,,,1013.4,,,,,,,,,1008.1,1.0,,18.0,,,,20.2,,,,,,,,,,10.0,,,,20,10,7.3,10.5,,10,,,7.8,
2006-01-16 18:00:00,,,,,0.0,,,,,0.0,0.0,88,,,1013.5,,,,,,,,,1008.2,0.0,,18.2,,,,20.3,,,,,,,,,,,,,,20,360,6.1,9.1,,20,,,7.3,
2006-01-16 19:00:00,,,,,0.0,,,,,0.0,0.0,89,,,1014.1,,,,,,,,,1008.8,0.0,,18.9,,,,20.8,,,,,,,,,,,,,,30,20,5.4,6.9,,20,,,6.1,
2006-01-16 20:00:00,,,,,0.0,,,,,0.0,0.0,89,,,1015.0,,,,,,,,,1009.7,,,19.0,,,,20.8,,,,,,,,,,,,,,20,30,6.0,7.8,,30,,,6.1,
2006-01-16 21:00:00,,,,,0.0,,,,,0.0,0.0,90,,,1015.3,,,,,,,,,1010.0,,,18.4,,,,20.1,,,,,,,,,,,,,,20,20,5.6,8.0,,20,,,6.4,
2006-01-16 22:00:00,,,,,0.0,,,,,0.0,0.0,90,,,1015.6,,,,,,,,,1010.3,,,18.8,,,,20.5,,,,,,,,,,,,,,10,10,4.9,7.3,,20,,,5.8,
2006-01-16 23:00:00,,,,,0.0,,,,,0.0,0.0,89,,,1016.1,,,,,,,,,1010.8,,,18.8,,,,20.6,,,,,,,,,,,,,,10,20,4.9,7.5,,20,,,5.8,
2006-01-17 00:00:00,,,,,0.0,,,,,0.0,0.0,89,,,1016.3,,,,,,,,,1011.0,,,18.2,,,,20.1,,,,,,,,,,,,,,10,360,9.1,12.2,,10,,,9.1,
2006-01-17 01:00:00,,,,,0.0,,,,,0.0,0.0,90,,,1016.5,,,,,,,,,1011.2,,,17.6,,,,19.2,,,,,,,,,,,,,,20,10,9.0,13.8,,10,,,9.8,
2006-01-17 02:00:00,,,,,0.0,,,,,0.0,0.0,91,,,1016.2,,,,,,,,,1010.9,,,18.3,,,,19.8,,,,,,,,,,,,,,20,20,9.3,12.7,,20,,,9.8,
2006-01-17 03:00:00,,,,,0.0,,,,,0.0,0.0,91,,,1015.6,,,,,,,,,1010.3,,,18.2,,,,19.7,,,,,,,,,,,,,,20,20,9.4,13.2,,20,,,10.1,
2006-01-17 04:00:00,,,,,0.0,,,,,0.0,0.0,91,,,1015.5,,,,,,,,,1010.2,,,18.0,,,,19.5,,,,,,,,,,,,,,10,360,9.9,14.2,,20,,,10.3,
2006-01-17 05:00:00,,,,,0.0,,,,,0.0,0.0,90,,,1015.3,,,,,,,,,1010.0,,,17.9,,,,19.6,,,,,,,,,,,,,,20,10,9.7,14.2,,20,,,10.3,
2006-01-17 06:00:00,,,,,0.0,,,,,0.0,0.0,89,,,1015.4,,,,,,,,,1010.1,0.0,,18.0,,,,19.8,,,,,,,,,,,,,,20,30,10.2,13.8,,20,,,10.2,
2006-01-17 07:00:00,,,,,0.0,,,,,0.0,0.0,89,,,1015.6,,,,,,,,,1010.3,0.0,,17.9,,,,19.7,,,,,,,,,,,,,,20,20,10.1,13.8,,20,,,10.6,
2006-01-17 08:00:00,,10.0,,,0.04,,,,,0.0,0.0,89,,,1016.6,,,,,,,,,1011.3,0.0,,18.3,,,,20.2,,,,,,,,,,10.0,,,,20,30,8.8,13.3,,20,,,10.2,
2006-01-17 09:00:00,,10.0,,,0.53,,,,,0.0,0.0,87,,,1017.0,,,,,,,,,1011.7,0.0,,18.1,,,,20.4,,,,,,,,,,10.0,,,,10,10,9.5,13.2,,20,,,9.6,
2006-01-17 10:00:00,,,,,0.94,,,,,0.0,0.0,84,,,1017.5,,,,,,,,,1012.2,0.1,,18.0,,,,20.8,,,,,,,,,,,,,,20,20,9.7,14.3,,10,,,10.1,
2006-01-17 11:00:00,,10.0,,,1.01,,,,,0.0,0.0,83,,,1017.4,,,,,,,,,1012.1,0.0,,17.9,,,,20.9,,,,,,,,,,10.0,,,,20,30,9.2,12.9,,20,,,10.0,
2006-01-17 12:00:00,,,,,1.03,,,,,0.0,0.0,84,,,1016.5,,,,,,,,,1011.2,0.0,,17.5,,,,20.3,,,,,,,,,,,,,,20,20,9.6,13.9,,20,,,10.0,
2006-01-17 13:00:00,,,,,1.0,,,,,0.0,0.0,83,,,1015.6,,,,,,,,,1010.3,0.0,,17.5,,,,20.5,,,,,,,,,,,,,,20,20,10.9,14.6,,20,,,10.9,
2006-01-17 14:00:00,,10.0,,,1.1,,,,,0.0,0.0,84,,,1015.1,,,,,,,,,1009.8,0.0,,17.5,,,,20.2,,,,,,,,,,10.0,,,,20,20,10.7,15.0,,20,,,11.2,
2006-01-17 15:00:00,,,,,1.19,,,,,0.0,0.0,83,,,1014.4,,,,,,,,,1009.1,0.1,,17.4,,,,20.3,,,,,,,,,,,,,,20,20,11.2,14.6,,20,,,11.2,
2006-01-17 16:00:00,,,,,0.71,,,,,0.0,0.0,86,,,1014.6,,,,,,,,,1009.3,0.1,,17.7,,,,20.2,,,,,,,,,,,,,,20,20,10.5,14.6,,20,,,11.4,
2006-01-17 17:00:00,,10.0,,,0.1,,,,,0.0,0.0,87,,,1015.2,,,,,,,,,1009.9,0.0,,17.4,,,,19.7,,,,,,,,,,10.0,,,,10,10,10.8,15.0,,10,,,10.9,
2006-01-17 18:00:00,,,,,0.0,,,,,0.0,0.0,88,,,1015.6,,,,,,,,,1010.3,0.0,,16.7,,,,18.8,,,,,,,,,,,,,,10,10,11.8,16.6,,10,,,12.2,
2006-01-17 19:00:00,,,,,0.0,,,,,0.0,0.0,89,,,1016.3,,,,,,,,,1011.0,0.0,,17.0,,,,18.8,,,,,,,,,,,,,,10,360,9.9,14.8,,10,,,11.6,
2006-01-17 20:00:00,,,,,0.0,,,,,0.0,0.0,89,,,1016.5,,,,,,,,,1011.2,,,17.4,,,,19.3,,,,,,,,,,,,,,20,20,8.6,13.4,,10,,,9.7,
2006-01-17 21:00:00,,,,,0.0,,,,,0.0,0.0,89,,,1016.4,,,,,,,,,1011.1,,,17.6,,,,19.4,,,,,,,,,,,,,,20,30,8.1,11.7,,20,,,8.9,
2006-01-17 22:00:00,,,,,0.0,,,,,0.0,0.0,89,,,1016.0,,,,,,,,,1010.7,,,17.8,,,,19.6,,,,,,,,,,,,,,20,20,7.8,10.5,,20,,,8.1,
2006-01-17 23:00:00,,,,,0.0,,,,,0.0,0.0,89,,,1015.7,,,,,,,,,1010.4,,,17.9,,,,19.8,,,,,,,,,,,,,,10,20,6.9,10.3,,10,,,8.2,
2006-01-18 00:00:00,,,,,0.0,,,,,0.0,0.0,88,,,1015.5,,,,,,,,,1010.2,,,17.9,,,,19.9,,,,,,,,,,,,,,20,20,7.1,9.9,,10,,,7.8,
2006-01-18 01:00:00,,,,,0.0,,,,,0.0,0.0,89,,,1015.0,,,,,,,,,1009.7,,,18.0,,,,19.9,,,,,,,,,,,,,,20,20,7.5,9.0,,20,,,7.5,
2006-01-18 02:00:00,,,,,0.0,,,,,0.0,0.0,89,,,1014.6,,,,,,,,,1009.3,,,17.9,,,,19.8,,,,,,,,,,,,,,20,30,6.3,9.7,,20,,,7.5,
2006-01-18 03:00:00,,,,,0.0,,,,,0.0,0.0,89,,,1014.4,,,,,,,,,1009.1,,,18.0,,,,19.8,,,,,,,,,,,,,,10,360,6.8,9.3,,10,,,6.8,
2006-01-18 04:00:00,,,,,0.0,,,,,0.0,0.0,90,,,1014.5,,,,,,,,,1009.2,,,18.2,,,,19.9,,,,,,,,,,,,,,10,10,7.5,10.1,,10,,,7.8,
2006-01-18 05:00:00,,,,,0.0,,,,,0.0,0.0,90,,,1014.6,,,,,,,,,1009.3,,,17.7,,,,19.3,,,,,,,,,,,,,,20,10,6.4,10.6,,10,,,8.1,
2006-01-18 06:00:00,,,,,0.0,,,,,0.0,0.0,90,,,1014.9,,,,,,,,,1009.6,0.0,,17.7,,,,19.3,,,,,,,,,,,,,,20,20,6.1,9.1,,20,,,6.6,
2006-01-18 07:00:00,,,,,0.0,,,,,0.0,0.0,91,,,1015.2,,,,,,,,,1009.9,0.0,,17.7,,,,19.2,,,,,,,,,,,,,,20,20,6.4,9.2,,20,,,6.5,
2006-01-18 08:00:00,,10.0,,,0.0,,,,,0.0,0.0,90,,,1015.9,,,,,,,,,1010.6,0.0,,17.8,,,,19.4,,,,,,,,,,10.0,,,,20,360,5.7,9.9,,20,,,7.0,
2006-01-18 09:00:00,,10.0,,,0.34,,,,,0.0,0.0,89,,,1016.0,,,,,,,,,1010.7,0.0,,18.4,,,,20.2,,,,,,,,,,10.0,,,,30,30,5.7,8.2,,20,,,6.3,
2006-01-18 10:00:00,,,,,0.6,,,,,0.0,0.0,88,,,1016.3,,,,,,,,,1011.0,0.0,,18.6,,,,20.6,,,,,,,,,,,,,,30,20,4.9,8.2,,30,,,5.7,
2006-01-18 11:00:00,,10.0,,,0.67,,,,,0.0,0.0,86,,,1015.7,,,,,,,,,1010.4,0.0,,18.4,,,,20.8,,,,,,,,,,10.0,,,,10,10,4.9,6.9,,20,,,5.1,
2006-01-18 12:00:00,,,,,1.23,,,,,0.0,0.0,85,,,1014.9,,,,,,,,,1009.6,0.0,,18.2,,,,20.8,,,,,,,,,,,,,,10,10,6.3,8.1,,10,,,6.3,
2006-01-18 13:00:00,,,,,1.58,,,,,0.0,0.0,85,,,1013.9,,,,,,,,,1008.6,0.0,,18.5,,,,21.2,,,,,,,,,,,,,,10,10,7.2,9.3,,10,,,7.3,
2006-01-18 14:00:00,,10.0,,,1.56,,,,,0.0,0.0,82,,,1013.3,,,,,,,,,1008.0,0.1,,18.3,,,,21.5,,,,,,,,,,10.0,,,,20,10,6.8,10.2,,10,,,7.8,
2006-01-18 15:00:00,,,,,1.48,,,,,0.0,0.0,82,,,1012.8,,,,,,,,,1007.5,0.3,,18.7,,,,21.9,,,,,,,,,,,,,,30,20,6.8,9.2,,20,,,7.3,
2006-01-18 16:00:00,,,,,0.89,,,,,0.0,0.0,83,,,1012.8,,,,,,,,,1007.5,0.2,,18.5,,,,21.5,,,,,,,,,,,,,,20,20,7.1,8.9,,20,,,7.1,
2006-01-18 17:00:00,,10.0,,,0.31,,,,,0.0,0.0,87,,,1013.3,,,,,,,,,1008.0,0.0,,18.4,,,,20.7,,,,,,,,,,10.0,,,,20,20,7.0,9.4,,20,,,7.6,
2006-01-18 18:00:00,,,,,0.0,,,,,0.0,0.0,89,,,1013.5,,,,,,,,,1008.2,0.0,,18.6,,,,20.5,,,,,,,,,,,,,,20,10,6.9,9.7,,20,,,7.1,
2006-01-18 19:00:00,,,,,0.0,,,,,0.0,0.0,90,,,1014.0,,,,,,,,,1008.7,0.0,,18.5,,,,20.2,,,,,,,,,,,,,,10,10,8.1,11.0,,10,,,8.1,
2006-01-18 20:00:00,,,,,0.0,,,,,0.0,0.0,90,,,1014.3,,,,,,,,,1009.0,,,18.0,,,,19.6,,,,,,,,,,,,,,20,20,8.2,12.4,,20,,,8.7,
2006-01-18 21:00:00,,,,,0.0,,,,,0.0,0.0,92,,,1014.6,,,,,,,,,1009.3,,,18.3,,,,19.7,,,,,,,,,,,,,,20,20,7.0,10.7,,20,,,8.8,
2006-01-18 22:00:00,,,,,0.0,,,,,0.0,0.0,92,,,1014.4,,,,,,,,,1009.1,,,18.5,,,,19.9,,,,,,,,,,,,,,20,20,7.5,11.3,,10,,,8.0,
2006-01-18 23:00:00,,,,,0.0,,,,,0.0,0.0,92,,,1014.3,,,,,,,,,1009.0,,,18.7,,,,20.1,,,,,,,,,,,,,,20,30,7.7,10.8,,20,,,7.9,
2006-01-19 00:00:00,,,,,0.0,,,,,0.0,0.0,91,,,1014.3,,,,,,,,,1009.0,,,18.5,,,,20.1,,,,,,,,,,,,,,20,20,7.0,10.2,,20,,,7.8,
2006-01-19 01:00:00,,,,,0.0,,,,,0.0,0.0,91,,,1014.1,,,,,,,,,1008.8,,,18.6,,,,20.2,,,,,,,,,,,,,,20,30,7.2,10.2,,20,,,7.6,
2006-01-19 02:00:00,,,,,0.0,,,,,0.0,0.0,89,,,1013.2,,,,,,,,,1007.9,,,18.5,,,,20.3,,,,,,,,,,,,,,20,20,8.9,11.4,,20,,,8.9,
2006-01-19 03:00:00,,,,,0.0,,,,,0.0,0.0,91,,,1012.9,,,,,,,,,1007.6,,,18.5,,,,20.0,,,,,,,,,,,,,,30,30,8.4,11.5,,20,,,8.9,
2006-01-19 04:00:00,,,,,0.0,,,,,0.0,0.0,92,,,1012.8,,,,,,,,,1007.5,,,18.5,,,,19.9,,,,,,,,,,,,,,40,40,7.7,11.8,,40,,,9.1,
2006-01-19 05:00:00,,,,,0.0,,,,,0.0,0.0,92,,,1012.7,,,,,,,,,1007.4,,,18.4,,,,19.7,,,,,,,,,,,,,,30,30,8.2,11.4,,30,,,8.4,
2006-01-19 06:00:00,,,,,0.0,,,,,0.0,0.0,91,,,1012.7,,,,,,,,,1007.4,0.0,,18.4,,,,19.9,,,,,,,,,,,,,,40,30,8.1,11.9,,30,,,9.0,
2006-01-19 07:00:00,,,,,0.0,,,,,0.0,0.0,93,,,1013.4,,,,,,,,,1008.1,0.0,,18.6,,,,19.8,,,,,,,,,,,,,,30,30,8.1,10.9,,40,,,8.1,
2006-01-19 08:00:00,,10.0,,,0.0,,,,,0.0,0.0,92,,,1013.6,,,,,,,,,1008.3,0.0,,18.8,,,,20.2,,,,,,,,,,10.0,,,,40,30,7.7,11.1,,30,,,8.2,
2006-01-19 09:00:00,,10.0,,,0.3,,,,,0.0,0.0,91,,,1014.0,,,,,,,,,1008.7,0.0,,19.0,,,,20.6,,,,,,,,,,10.0,,,,40,50,7.1,10.0,,40,,,7.8,
2006-01-19 10:00:00,,,,,0.72,,,,,0.0,0.0,87,,,1013.6,,,,,,,,,1008.3,0.0,,19.1,,,,21.3,,,,,,,,,,,,,,50,40,6.6,9.8,,40,,,7.6,
2006-01-19 11:00:00,,10.0,,,1.25,,,,,0.0,0.0,84,,,1012.9,,,,,,,,,1007.6,0.0,,18.9,,,,21.8,,,,,,,,,,8.0,,,,90,50,6.1,9.7,,50,,,8.0,
2006-01-19 12:00:00,,,,,1.48,,,,,0.0,0.0,85,,,1012.4,,,,,,,,,1007.1,0.1,,19.5,,,,22.2,,,,,,,,,,,,,,10,100,3.2,7.9,,90,,,6.2,
2006-01-19 13:00:00,,,,,1.51,,,,,0.0,0.0,80,,,1010.6,,,,,,,,,1005.4,0.2,,19.4,,,,23.1,,,,,,,,,,,,,,50,20,4.8,6.5,,20,,,5.0,
2006-01-19 14:00:00,,10.0,,,1.91,,,,,0.0,0.0,80,,,1010.3,,,,,,,,,1005.1,0.6,,19.3,,,,22.9,,,,,,,,,,8.0,,,,10,10,4.5,6.2,,50,,,4.8,
2006-01-19 15:00:00,,,,,2.11,,,,,0.0,0.0,79,,,1009.9,,,,,,,,,1004.7,0.9,,19.2,,,,23.0,,,,,,,,,,,,,,20,10,5.5,7.3,,10,,,5.5,
2006-01-19 16:00:00,,,,,1.47,,,,,0.0,0.0,85,,,1010.2,,,,,,,,,1004.9,0.5,,18.4,,,,21.1,,,,,,,,,,,,,,10,360,7.6,9.9,,10,,,7.7,
2006-01-19 17:00:00,,7.0,,,0.64,,,,,0.0,0.0,86,,,1010.4,,,,,,,,,1005.1,0.0,,17.8,,,,20.2,,,,,,,,,,8.0,,,,20,360,7.6,11.9,,10,,,8.7,
2006-01-19 18:00:00,,,,,0.31,,,,,0.0,0.0,87,,,1010.8,,,,,,,,,1005.5,0.0,,17.2,,,,19.4,,,,,,,,,,,,,,20,20,8.7,12.0,,20,,,8.9,
2006-01-19 19:00:00,,,,,0.0,,,,,0.0,0.0,88,,,1011.5,,,,,,,,,1006.2,0.0,,17.2,,,,19.3,,,,,,,,,,,,,,30,20,8.3,12.4,,30,,,9.8,
2006-01-19 20:00:00,,,,,0.0,,,,,0.0,0.0,87,,,1011.8,,,,,,,,,1006.5,,,17.4,,,,19.6,,,,,,,,,,,,,,30,30,8.4,12.2,,30,,,9.6,
2006-01-19 21:00:00,,,,,0.0,,,,,0.0,0.0,88,,,1012.0,,,,,,,,,1006.7,,,17.9,,,,20.0,,,,,,,,,,,,,,40,40,7.5,11.1,,30,,,8.5,
2006-01-19 22:00:00,,,,,0.0,,,,,0.0,0.0,88,,,1011.8,,,,,,,,,1006.5,,,17.7,,,,19.8,,,,,,,,,,,,,,40,20,7.3,10.1,,40,,,7.8,
2006-01-19 23:00:00,,,,,0.0,,,,,0.0,0.0,87,,,1012.3,,,,,,,,,1007.0,,,18.1,,,,20.3,,,,,,,,,,,,,,30,30,7.5,11.0,,30,,,8.0,
2006-01-20 00:00:00,,,,,0.0,,,,,0.0,0.0,88,,,1011.7,,,,,,,,,1006.4,,,18.2,,,,20.2,,,,,,,,,,,,,,20,20,8.0,11.4,,30,,,8.6,
2006-01-20 01:00:00,,,,,0.0,,,,,0.0,0.0,89,,,1012.1,,,,,,,,,1006.8,,,18.0,,,,19.9,,,,,,,,,,,,,,20,20,8.1,11.7,,20,,,8.3,
2006-01-20 02:00:00,,,,,0.0,,,,,0.0,0.0,89,,,1012.1,,,,,,,,,1006.8,,,18.0,,,,19.9,,,,,,,,,,,,,,20,30,7.8,10.7,,20,,,8.2,
2006-01-20 03:00:00,,,,,0.0,,,,,0.0,0.0,88,,,1012.0,,,,,,,,,1006.7,,,18.0,,,,20.0,,,,,,,,,,,,,,20,20,7.7,10.7,,20,,,8.2,
2006-01-20 04:00:00,,,,,0.0,,,,,0.0,0.0,88,,,1012.0,,,,,,,,,1006.7,,,17.9,,,,19.9,,,,,,,,,,,,,,10,360,7.9,10.6,,10,,,8.1,
2006-01-20 05:00:00,,,,,0.0,,,,,0.0,0.0,88,,,1012.4,,,,,,,,,1007.1,,,17.8,,,,19.8,,,,,,,,,,,,,,20,10,7.9,11.9,,10,,,9.0,
2006-01-20 06:00:00,,,,,0.0,,,,,0.0,0.0,88,,,1012.9,,,,,,,,,1007.6,0.0,,17.5,,,,19.5,,,,,,,,,,,,,,20,10,8.2,13.2,,10,,,9.7,
2006-01-20 07:00:00,,,,,0.0,,,,,0.0,0.0,88,,,1013.2,,,,,,,,,1007.9,0.0,,17.7,,,,19.7,,,,,,,,,,,,,,20,30,8.0,11.2,,20,,,8.9,
2006-01-20 08:00:00,,10.0,,,0.36,,,,,0.0,0.0,88,,,1013.8,,,,,,,,,1008.5,0.0,,17.9,,,,20.0,,,,,,,,,,15.0,,,,40,30,6.7,10.3,,20,,,8.0,
2006-01-20 09:00:00,,10.0,,,0.52,,,,,0.0,0.0,87,,,1014.4,,,,,,,,,1009.1,0.0,,18.0,,,,20.3,,,,,,,,,,15.0,,,,20,20,7.3,9.8,,20,,,7.3,
2006-01-20 10:00:00,,,,,0.6,,,,,0.0,0.0,88,,,1014.6,,,,,,,,,1009.3,0.0,,17.9,,,,19.9,,,,,,,,,,,,,,10,10,8.4,12.0,,10,,,8.6,
2006-01-20 11:00:00,,10.0,,,0.6,,,,,0.0,0.0,89,,,1013.6,,,,,,,,,1008.3,0.0,,17.3,,,,19.1,,,,,,,,,,10.0,,,,20,30,10.1,13.5,,20,,,10.1,
2006-01-20 12:00:00,,,,,0.6,,,,,0.0,0.0,88,,,1012.8,,,,,,,,,1007.5,0.0,,17.3,,,,19.4,,,,,,,,,,,,,,20,20,9.0,13.7,,20,,,10.1,
2006-01-20 13:00:00,,,,,1.04,,,,,0.0,0.0,86,,,1011.8,,,,,,,,,1006.5,0.0,,17.8,,,,20.3,,,,,,,,,,,,,,10,20,9.4,13.4,,10,,,10.3,
2006-01-20 14:00:00,,9.0,,,1.99,,,,,0.0,0.0,82,,,1011.1,,,,,,,,,1005.8,0.3,,16.9,,,,20.0,,,,,,,,,,15.0,,,,10,10,11.5,15.7,,10,,,11.5,
2006-01-20 15:00:00,,,,,1.3,,,,,0.0,0.0,83,,,1010.8,,,,,,,,,1005.5,0.1,,16.4,,,,19.4,,,,,,,,,,,,,,20,10,11.6,15.6,,10,,,12.1,
2006-01-20 16:00:00,,,,,0.66,,,,,0.0,0.0,84,,,1011.0,,,,,,,,,1005.7,0.1,,16.0,,,,18.7,,,,,,,,,,,,,,20,30,11.9,16.6,,20,,,11.9,
2006-01-20 17:00:00,,10.0,,,0.27,,,,,0.0,0.0,85,,,1011.4,,,,,,,,,1006.1,0.0,,15.8,,,,18.4,,,,,,,,,,15.0,,,,20,30,11.8,16.1,,20,,,12.6,
2006-01-20 18:00:00,,,,,0.0,,,,,0.0,0.0,85,,,1012.1,,,,,,,,,1006.8,0.0,,15.8,,,,18.3,,,,,,,,,,,,,,20,30,11.8,17.2,,20,,,12.0,
2006-01-20 19:00:00,,,,,0.0,,,,,0.0,0.0,85,,,1012.8,,,,,,,,,1007.5,0.0,,15.7,,,,18.3,,,,,,,,,,,,,,20,10,12.2,16.9,,20,,,12.3,
2006-01-20 20:00:00,,,,,0.0,,,,,0.0,0.0,83,,,1012.8,,,,,,,,,1007.5,,,15.4,,,,18.3,,,,,,,,,,,,,,20,20,12.9,19.1,,20,,,13.7,
2006-01-20 21:00:00,,,,,0.0,,,,,0.0,0.0,84,,,1013.3,,,,,,,,,1008.0,,,15.5,,,,18.3,,,,,,,,,,,,,,20,20,13.7,19.1,,20,,,13.9,
2006-01-20 22:00:00,,,,,0.0,,,,,0.0,0.0,85,,,1013.5,,,,,,,,,1008.2,,,15.8,,,,18.3,,,,,,,,,,,,,,20,30,10.9,17.9,,20,,,13.6,
2006-01-20 23:00:00,,,,,0.0,,,,,0.0,0.0,84,,,1013.5,,,,,,,,,1008.2,,,15.6,,,,18.3,,,,,,,,,,,,,,10,30,11.8,16.9,,10,,,12.2,
2006-01-21 00:00:00,,,,,0.0,,,,,0.0,0.0,83,,,1013.8,,,,,,,,,1008.5,,,15.4,,,,18.3,,,,,,,,,,,,,,10,360,12.7,17.6,,10,,,12.7,
2006-01-21 01:00:00,,,,,0.0,,,,,0.0,0.0,83,,,1014.2,,,,,,,,,1008.9,,,15.2,,,,18.1,,,,,,,,,,,,,,10,360,11.9,17.9,,10,,,13.5,
2006-01-21 02:00:00,,,,,0.0,,,,,0.0,0.0,83,,,1013.7,,,,,,,,,1008.4,,,15.2,,,,18.1,,,,,,,,,,,,,,20,20,12.4,17.5,,20,,,12.9,
2006-01-21 03:00:00,,,,,0.0,,,,,0.0,0.0,84,,,1013.9,,,,,,,,,1008.6,,,15.3,,,,18.1,,,,,,,,,,,,,,20,20,13.1,18.2,,20,,,13.4,
2006-01-21 04:00:00,,,,,0.0,,,,,0.0,0.0,83,,,1013.4,,,,,,,,,1008.1,,,15.3,,,,18.2,,,,,,,,,,,,,,20,20,13.6,18.6,,20,,,13.8,
2006-01-21 05:00:00,,,,,0.0,,,,,0.0,0.0,85,,,1012.9,,,,,,,,,1007.6,,,15.4,,,,18.0,,,,,,,,,,,,,,20,20,13.5,19.2,,30,,,14.2,
2006-01-21 06:00:00,,,,,0.0,,,,,0.0,0.0,84,,,1013.5,,,,,,,,,1008.2,0.0,,15.5,,,,18.2,,,,,,,,,,,,,,30,20,11.9,18.4,,20,,,13.9,
2006-01-21 07:00:00,,,,,0.0,,,,,0.0,0.0,84,,,1014.0,,,,,,,,,1008.7,0.0,,15.4,,,,18.2,,,,,,,,,,,,,,20,30,12.4,16.9,,20,,,12.5,
2006-01-21 08:00:00,,10.0,,,0.03,,,,,0.0,0.0,86,,,1015.4,,,,,,,,,1010.0,0.0,,15.5,,,,17.9,,,,,,,,,,15.0,,,,10,20,11.8,17.5,,20,,,12.5,
2006-01-21 09:00:00,,10.0,,,0.55,,,,,0.0,0.0,81,,,1016.4,,,,,,,,,1011.0,0.0,,14.5,,,,17.8,,,,,,,,,,15.0,,,,10,10,13.3,19.1,,10,,,13.7,
2006-01-21 10:00:00,,,,,0.52,,,,,0.0,0.0,83,,,1016.2,,,,,,,,,1010.8,0.0,,14.6,,,,17.6,,,,,,,,,,,,,,20,20,12.9,19.5,,20,,,13.9,
2006-01-21 11:00:00,,10.0,,,0.61,,,,,0.0,0.0,84,,,1015.5,,,,,,,,,1010.1,0.0,,14.9,,,,17.6,,,,,,,,,,15.0,,,,20,20,14.1,20.7,,20,,,14.7,
2006-01-21 12:00:00,,,,,0.61,,,,,0.0,0.0,84,,,1014.3,,,,,,,,,1008.9,0.0,,14.6,,,,17.4,,,,,,,,,,,,,,20,30,14.7,22.2,,20,,,15.2,
2006-01-21 13:00:00,,,,,0.77,,,,,0.0,0.0,82,,,1013.0,,,,,,,,,1007.7,0.0,,14.4,,,,17.5,,,,,,,,,,,,,,20,20,13.8,20.7,,20,,,14.9,
2006-01-21 14:00:00,,10.0,,,0.73,,,,,0.0,0.0,83,,,1012.6,,,,,,,,,1007.3,0.0,,14.7,,,,17.6,,,,,,,,,,15.0,,,,20,30,13.4,19.3,,30,,,14.7,
2006-01-21 15:00:00,,,,,0.6,,,,,0.0,0.0,83,,,1012.6,,,,,,,,,1007.2,0.0,,14.2,,,,17.1,,,,,,,,,,,,,,20,30,14.3,20.3,,20,,,14.9,
2006-01-21 16:00:00,,,,,0.55,,,,,0.0,0.0,84,,,1013.0,,,,,,,,,1007.6,0.0,,14.1,,,,16.9,,,,,,,,,,,,,,20,20,14.1,20.0,,20,,,14.7,
2006-01-21 17:00:00,,10.0,,,0.05,,,,,0.0,0.0,83,,,1013.6,,,,,,,,,1008.2,0.0,,13.8,,,,16.7,,,,,,,,,,10.0,,,,20,10,14.0,20.3,,20,,,15.1,
2006-01-21 18:00:00,,,,,0.0,,,,,0.0,0.0,80,,,1013.7,,,,,,,,,1008.3,0.0,,13.3,,,,16.7,,,,,,,,,,,,,,20,20,14.6,20.3,,20,,,14.9,
2006-01-21 19:00:00,,,,,0.0,,,,,0.0,0.0,81,,,1014.1,,,,,,,,,1008.7,0.0,,13.6,,,,16.8,,,,,,,,,,,,,,20,20,15.8,21.6,,20,,,15.8,
2006-01-21 20:00:00,,,,,0.0,,,,,0.0,0.0,82,,,1014.5,,,,,,,,,1009.1,,,13.7,,,,16.8,,,,,,,,,,,,,,20,20,16.0,22.2,,20,,,16.1,
2006-01-21 21:00:00,,,,,0.0,,,,,0.0,0.0,82,,,1014.3,,,,,,,,,1008.9,,,13.8,,,,16.8,,,,,,,,,,,,,,20,30,15.7,22.3,,20,,,17.0,
2006-01-21 22:00:00,,,,,0.0,,,,,0.0,0.0,82,,,1014.7,,,,,,,,,1009.3,,,13.8,,,,16.8,,,,,,,,,,,,,,20,20,15.1,22.2,,20,,,16.0,
2006-01-21 23:00:00,,,,,0.0,,,,,0.0,0.0,86,,,1014.3,,,,,,,,,1008.9,,,14.2,,,,16.5,,,,,,,,,,,,,,20,20,13.8,20.4,,20,,,15.4,
2006-01-22 00:00:00,,,,,0.0,,,,,0.0,0.0,85,,,1014.0,,,,,,,,,1008.6,,,14.2,,,,16.8,,,,,,,,,,,,,,20,20,13.9,20.0,,20,,,14.8,
2006-01-22 01:00:00,,,,,0.0,,,,,0.0,0.0,84,,,1014.0,,,,,,,,,1008.6,,,13.7,,,,16.5,,,,,,,,,,,,,,20,30,13.4,19.4,,20,,,14.2,
2006-01-22 02:00:00,,,,,0.0,,,,,0.0,0.0,86,,,1013.6,,,,,,,,,1008.2,,,14.1,,,,16.5,,,,,,,,,,,,,,10,20,14.3,20.1,,20,,,15.0,
2006-01-22 03:00:00,,,,,0.0,,,,,0.0,0.0,85,,,1013.9,,,,,,,,,1008.5,,,13.6,,,,16.2,,,,,,,,,,,,,,10,20,16.4,22.2,,10,,,16.6,
2006-01-22 04:00:00,,,,,0.0,,,,,0.0,0.0,83,,,1013.6,,,,,,,,,1008.2,,,13.3,,,,16.2,,,,,,,,,,,,,,10,360,14.7,22.6,,10,,,17.3,
2006-01-22 05:00:00,,,,,0.0,,,,,0.0,0.0,83,,,1013.8,,,,,,,,,1008.4,,,13.2,,,,16.1,,,,,,,,,,,,,,20,10,16.4,23.2,,20,,,16.7,
2006-01-22 06:00:00,,,,,0.0,,,,,0.0,0.0,83,,,1014.3,,,,,,,,,1008.9,0.0,,13.2,,,,16.0,,,,,,,,,,,,,,20,20,16.1,23.2,,20,,,16.3,
2006-01-22 07:00:00,,,,,0.0,,,,,0.0,0.0,83,,,1015.1,,,,,,,,,1009.7,0.0,,13.1,,,,16.0,,,,,,,,,,,,,,20,30,15.9,22.2,,20,,,16.8,
2006-01-22 08:00:00,,10.0,,,0.0,,,,,0.0,0.0,83,,,1016.0,,,,,,,,,1010.6,0.0,,13.5,,,,16.3,,,,,,,,,,10.0,,,,30,10,14.8,20.9,,20,,,16.1,
2006-01-22 09:00:00,,10.0,,,0.05,,,,,0.0,0.0,83,,,1016.6,,,,,,,,,1011.2,0.0,,13.4,,,,16.3,,,,,,,,,,15.0,,,,20,20,14.7,20.2,,20,,,15.8,
2006-01-22 10:00:00,,,,,0.39,,,,,0.0,0.0,83,,,1016.8,,,,,,,,,1011.4,0.0,,13.3,,,,16.2,,,,,,,,,,,,,,10,20,14.6,20.6,,20,,,15.2,
2006-01-22 11:00:00,,10.0,,,0.49,,,,,0.0,0.0,86,,,1016.6,,,,,,,,,1011.2,0.0,,13.5,,,,15.9,,,,,,,,,,10.0,,,,20,360,14.9,21.6,,10,,,15.4,
2006-01-22 12:00:00,,,,,0.56,,,,,0.0,0.0,87,,,1015.7,,,,,,,,,1010.3,0.0,,13.5,,,,15.7,,,,,,,,,,,,,,10,10,15.5,22.8,,10,,,16.5,
2006-01-22 13:00:00,,,,,0.6,,,,,0.0,0.0,86,,,1014.9,,,,,,,,,1009.5,0.0,,13.3,,,,15.6,,,,,,,,,,,,,,20,20,14.5,20.6,,10,,,15.6,
2006-01-22 14:00:00,,10.0,,,0.59,,,,,0.0,0.0,85,,,1014.0,,,,,,,,,1008.6,0.0,,13.3,,,,15.8,,,,,,,,,,10.0,,,,20,20,15.5,22.2,,20,,,16.2,
2006-01-22 15:00:00,,,,,0.5,,,,,0.0,0.0,83,,,1014.0,,,,,,,,,1008.6,0.0,,13.1,,,,15.9,,,,,,,,,,,,,,20,30,15.3,21.5,,20,,,15.9,
2006-01-22 16:00:00,,,,,0.44,,,,,0.0,0.0,83,,,1014.4,,,,,,,,,1009.0,0.0,,13.3,,,,16.2,,,,,,,,,,,,,,20,20,14.6,20.8,,20,,,15.9,
2006-01-22 17:00:00,,10.0,,,0.05,,,,,0.0,0.0,82,,,1014.6,,,,,,,,,1009.2,0.0,,12.8,,,,15.9,,,,,,,,,,10.0,,,,20,30,15.9,22.8,,20,,,16.1,
2006-01-22 18:00:00,,,,,0.0,,,,,0.0,0.0,83,,,1015.3,,,,,,,,,1009.9,0.0,,13.0,,,,15.9,,,,,,,,,,,,,,20,20,15.3,21.0,,20,,,16.1,
2006-01-22 19:00:00,,,,,0.0,,,,,0.0,0.0,82,,,1016.0,,,,,,,,,1010.6,0.0,,12.6,,,,15.6,,,,,,,,,,,,,,20,20,16.1,22.2,,20,,,16.1,
2006-01-22 20:00:00,,,,,0.0,,,,,0.0,0.0,83,,,1016.6,,,,,,,,,1011.2,,,12.6,,,,15.5,,,,,,,,,,,,,,20,20,16.4,25.8,,10,,,16.9,
2006-01-22 21:00:00,,,,,0.0,,,,,0.0,0.0,82,,,1016.9,,,,,,,,,1011.5,,,12.2,,,,15.2,,,,,,,,,,,,,,20,30,17.3,25.1,,20,,,17.4,
2006-01-22 22:00:00,,,,,0.0,,,,,0.0,0.0,80,,,1017.0,,,,,,,,,1011.6,,,11.8,,,,15.2,,,,,,,,,,,,,,20,30,18.6,25.8,,20,,,19.0,
2006-01-22 23:00:00,,,,,0.0,,,,,0.0,0.0,82,,,1017.0,,,,,,,,,1011.6,,,12.3,,,,15.3,,,,,,,,,,,,,,20,20,17.8,26.5,,20,,,19.0,
2006-01-23 00:00:00,,,,,0.0,,,,,0.0,0.0,79,,,1017.4,,,,,,,,,1012.0,,,12.0,,,,15.6,,,,,,,,,,,,,,20,30,18.3,25.1,,20,,,18.7,
2006-01-23 01:00:00,,,,,0.0,,,,,0.0,0.0,79,,,1017.7,,,,,,,,,1012.3,,,11.7,,,,15.3,,,,,,,,,,,,,,20,20,18.9,25.5,,20,,,19.0,
2006-01-23 02:00:00,,,,,0.0,,,,,0.0,0.0,80,,,1017.6,,,,,,,,,1012.2,,,11.5,,,,14.9,,,,,,,,,,,,,,20,10,17.6,25.3,,20,,,19.0,
2006-01-23 03:00:00,,,,,0.0,,,,,0.0,0.0,83,,,1017.5,,,,,,,,,1012.1,,,12.2,,,,15.1,,,,,,,,,,,,,,20,20,17.3,27.3,,20,,,18.8,
2006-01-23 04:00:00,,,,,0.0,,,,,0.0,0.0,81,,,1017.5,,,,,,,,,1012.1,,,12.0,,,,15.3,,,,,,,,,,,,,,20,10,17.1,26.6,,20,,,18.1,
2006-01-23 05:00:00,,,,,0.0,,,,,0.0,0.0,79,,,1017.8,,,,,,,,,1012.4,,,12.0,,,,15.7,,,,,,,,,,,,,,20,20,17.4,24.6,,20,,,17.7,
2006-01-23 06:00:00,,,,,0.0,,,,,0.0,0.0,78,,,1017.3,,,,,,,,,1011.9,0.0,,11.9,,,,15.7,,,,,,,,,,,,,,20,30,16.8,24.2,,20,,,17.9,
2006-01-23 07:00:00,,,,,0.0,,,,,0.0,0.0,80,,,1017.8,,,,,,,,,1012.4,0.0,,12.4,,,,15.8,,,,,,,,,,,,,,20,30,15.6,23.6,,20,,,17.1,
2006-01-23 08:00:00,,10.0,,,0.2,,,,,0.0,0.0,77,,,1018.1,,,,,,,,,1012.7,0.0,,11.9,,,,15.9,,,,,,,,,,15.0,,,,20,20,17.6,24.6,,10,,,18.2,
2006-01-23 09:00:00,,10.0,,,0.6,,,,,0.0,0.0,78,,,1018.5,,,,,,,,,1013.1,0.0,,12.1,,,,15.9,,,,,,,,,,15.0,,,,20,360,17.2,26.9,,10,,,18.1,
2006-01-23 10:00:00,,,,,0.65,,,,,0.0,0.0,78,,,1018.8,,,,,,,,,1013.4,0.0,,12.2,,,,16.0,,,,,,,,,,,,,,10,10,17.6,25.6,,10,,,18.1,
2006-01-23 11:00:00,,10.0,,,0.64,,,,,0.0,0.0,77,,,1018.8,,,,,,,,,1013.4,0.0,,12.0,,,,16.0,,,,,,,,,,15.0,,,,20,10,17.4,25.9,,10,,,18.5,
2006-01-23 12:00:00,,,,,0.67,,,,,0.0,0.0,76,,,1018.4,,,,,,,,,1013.0,0.0,,11.8,,,,16.0,,,,,,,,,,,,,,10,360,18.1,24.5,,10,,,18.1,
2006-01-23 13:00:00,,,,,0.98,,,,,0.0,0.0,77,,,1017.4,,,,,,,,,1012.0,0.0,,11.8,,,,15.9,,,,,,,,,,,,,,20,10,16.5,24.9,,10,,,18.0,
2006-01-23 14:00:00,,10.0,,,0.97,,,,,0.0,0.0,78,,,1016.6,,,,,,,,,1011.2,0.0,,12.4,,,,16.2,,,,,,,,,,15.0,,,,10,360,17.4,25.5,,10,,,18.0,
2006-01-23 15:00:00,,,,,0.95,,,,,0.0,0.0,78,,,1016.9,,,,,,,,,1011.5,0.0,,12.2,,,,16.1,,,,,,,,,,,,,,20,10,17.0,24.4,,10,,,17.7,
2006-01-23 16:00:00,,,,,0.52,,,,,0.0,0.0,79,,,1017.2,,,,,,,,,1011.8,0.0,,12.4,,,,16.0,,,,,,,,,,,,,,10,10,17.5,25.5,,10,,,18.4,
2006-01-23 17:00:00,,10.0,,,0.08,,,,,0.0,0.0,80,,,1018.4,,,,,,,,,1013.0,0.0,,12.5,,,,16.0,,,,,,,,,,10.0,,,,20,20,17.9,25.8,,20,,,19.2,
2006-01-23 18:00:00,,,,,0.0,,,,,0.0,0.0,81,,,1019.0,,,,,,,,,1013.6,0.0,,12.6,,,,15.9,,,,,,,,,,,,,,20,10,16.5,25.6,,20,,,17.8,
2006-01-23 19:00:00,,,,,0.0,,,,,0.0,0.0,81,,,1019.0,,,,,,,,,1013.6,0.0,,12.5,,,,15.7,,,,,,,,,,,,,,20,10,16.8,24.6,,20,,,18.0,
2006-01-23 20:00:00,,,,,0.0,,,,,0.0,0.0,80,,,1019.4,,,,,,,,,1014.0,,,12.7,,,,16.1,,,,,,,,,,,,,,20,30,16.1,23.6,,20,,,17.6,
2006-01-23 21:00:00,,,,,0.0,,,,,0.0,0.0,82,,,1019.4,,,,,,,,,1014.0,,,12.7,,,,15.8,,,,,,,,,,,,,,20,20,16.5,23.8,,20,,,17.3,
2006-01-23 22:00:00,,,,,0.0,,,,,0.0,0.0,81,,,1019.5,,,,,,,,,1014.1,,,12.5,,,,15.8,,,,,,,,,,,,,,20,20,16.0,23.6,,20,,,16.8,
2006-01-23 23:00:00,,,,,0.0,,,,,0.0,0.0,81,,,1019.1,,,,,,,,,1013.7,,,12.7,,,,16.0,,,,,,,,,,,,,,20,20,14.6,23.0,,20,,,17.1,
2006-01-24 00:00:00,,,,,0.0,,,,,0.0,0.0,82,,,1018.6,,,,,,,,,1013.2,,,12.7,,,,15.8,,,,,,,,,,,,,,20,20,14.4,21.0,,20,,,15.8,
2006-01-24 01:00:00,,,,,0.0,,,,,0.0,0.0,79,,,1018.7,,,,,,,,,1013.3,,,12.2,,,,15.8,,,,,,,,,,,,,,20,20,13.9,21.1,,20,,,15.4,
2006-01-24 02:00:00,,,,,0.0,,,,,0.0,0.0,79,,,1018.6,,,,,,,,,1013.2,,,12.4,,,,16.0,,,,,,,,,,,,,,20,10,13.5,19.0,,20,,,14.4,
2006-01-24 03:00:00,,,,,0.0,,,,,0.0,0.0,78,,,1018.4,,,,,,,,,1013.0,,,12.4,,,,16.2,,,,,,,,,,,,,,10,10,16.2,22.2,,10,,,16.2,
2006-01-24 04:00:00,,,,,0.0,,,,,0.0,0.0,78,,,1018.4,,,,,,,,,1013.0,,,12.2,,,,16.0,,,,,,,,,,,,,,10,360,16.5,25.4,,10,,,17.6,
2006-01-24 05:00:00,,,,,0.0,,,,,0.0,0.0,80,,,1018.7,,,,,,,,,1013.3,,,12.5,,,,15.9,,,,,,,,,,,,,,20,10,16.4,24.7,,10,,,17.6,
2006-01-24 06:00:00,,,,,0.0,,,,,0.0,0.0,80,,,1019.5,,,,,,,,,1014.1,0.0,,12.5,,,,16.0,,,,,,,,,,,,,,20,20,16.9,25.4,,20,,,18.6,
2006-01-24 07:00:00,,,,,0.0,,,,,0.0,0.0,80,,,1020.0,,,,,,,,,1014.6,0.0,,12.5,,,,16.0,,,,,,,,,,,,,,20,20,17.2,25.1,,20,,,18.6,
2006-01-24 08:00:00,,10.0,,,0.01,,,,,0.0,0.0,81,,,1020.7,,,,,,,,,1015.3,0.0,,12.7,,,,15.9,,,,,,,,,,15.0,,,,20,30,16.7,23.1,,20,,,17.7,
2006-01-24 09:00:00,,10.0,,,0.6,,,,,0.0,0.0,81,,,1021.1,,,,,,,,,1015.7,0.0,,13.0,,,,16.3,,,,,,,,,,15.0,,,,20,30,16.5,22.9,,20,,,17.9,
2006-01-24 10:00:00,,,,,1.02,,,,,0.0,0.0,78,,,1021.6,,,,,,,,,1016.2,0.0,,13.2,,,,17.1,,,,,,,,,,,,,,20,30,14.4,21.6,,20,,,16.6,
2006-01-24 11:00:00,,9.0,,,1.77,,,,,0.0,0.0,77,,,1020.4,,,,,,,,,1015.0,0.2,,13.1,,,,17.1,,,,,,,,,,15.0,,,,20,20,14.3,20.9,,20,,,15.5,
2006-01-24 12:00:00,,,,,1.94,,,,,0.0,0.0,77,,,1019.8,,,,,,,,,1014.4,0.2,,13.2,,,,17.2,,,,,,,,,,,,,,20,20,13.6,20.7,,20,,,15.3,
2006-01-24 13:00:00,,,,,2.34,,,,,0.0,0.0,75,,,1018.9,,,,,,,,,1013.5,0.6,,12.9,,,,17.3,,,,,,,,,,,,,,20,20,15.4,20.9,,20,,,15.4,
2006-01-24 14:00:00,,7.0,,,2.04,,,,,0.0,0.0,76,,,1018.3,,,,,,,,,1012.9,0.5,,12.9,,,,17.1,,,,,,,,,,15.0,,,,10,10,15.1,22.0,,20,,,15.4,
2006-01-24 15:00:00,,,,,1.61,,,,,0.0,0.0,77,,,1018.2,,,,,,,,,1012.8,0.6,,13.1,,,,17.1,,,,,,,,,,,,,,20,10,14.9,21.6,,10,,,16.1,
2006-01-24 16:00:00,,,,,1.01,,,,,0.0,0.0,77,,,1018.4,,,,,,,,,1013.0,0.5,,12.8,,,,16.8,,,,,,,,,,,,,,20,10,14.3,21.1,,20,,,15.6,
2006-01-24 17:00:00,,7.0,,,0.62,,,,,0.0,0.0,78,,,1018.9,,,,,,,,,1013.5,0.2,,12.6,,,,16.4,,,,,,,,,,10.0,,,,10,360,15.9,22.1,,10,,,15.9,
2006-01-24 18:00:00,,,,,0.01,,,,,0.0,0.0,81,,,1019.2,,,,,,,,,1013.8,0.0,,12.7,,,,16.0,,,,,,,,,,,,,,10,10,16.1,23.8,,20,,,16.3,
2006-01-24 19:00:00,,,,,0.0,,,,,0.0,0.0,79,,,1020.1,,,,,,,,,1014.7,0.0,,12.7,,,,16.3,,,,,,,,,,,,,,20,20,15.4,22.3,,10,,,16.1,
2006-01-24 20:00:00,,,,,0.0,,,,,0.0,0.0,81,,,1020.6,,,,,,,,,1015.2,,,13.0,,,,16.3,,,,,,,,,,,,,,20,10,14.3,23.4,,20,,,16.1,
2006-01-24 21:00:00,,,,,0.0,,,,,0.0,0.0,82,,,1021.0,,,,,,,,,1015.6,,,13.3,,,,16.4,,,,,,,,,,,,,,20,360,14.4,21.7,,20,,,15.9,
2006-01-24 22:00:00,,,,,0.0,,,,,0.0,0.0,81,,,1020.7,,,,,,,,,1015.3,,,12.9,,,,16.1,,,,,,,,,,,,,,10,20,15.4,22.0,,20,,,15.4,
2006-01-24 23:00:00,,,,,0.0,,,,,0.0,0.0,81,,,1020.9,,,,,,,,,1015.5,,,13.0,,,,16.3,,,,,,,,,,,,,,20,20,14.6,21.0,,20,,,16.2,
2006-01-25 00:00:00,,,,,0.0,,,,,0.0,0.0,82,,,1020.8,,,,,,,,,1015.4,,,13.3,,,,16.3,,,,,,,,,,,,,,20,20,14.6,21.7,,20,,,15.2,
2006-01-25 01:00:00,,,,,0.0,,,,,0.0,0.0,81,,,1020.6,,,,,,,,,1015.2,,,12.9,,,,16.1,,,,,,,,,,,,,,20,20,15.5,21.2,,20,,,15.5,
2006-01-25 02:00:00,,,,,0.0,,,,,0.0,0.0,82,,,1020.3,,,,,,,,,1014.9,,,13.3,,,,16.3,,,,,,,,,,,,,,20,30,14.4,22.4,,20,,,16.1,
2006-01-25 03:00:00,,,,,0.0,,,,,0.0,0.0,82,,,1020.1,,,,,,,,,1014.7,,,13.1,,,,16.1,,,,,,,,,,,,,,20,10,14.3,21.8,,20,,,15.7,
2006-01-25 04:00:00,,,,,0.0,,,,,0.0,0.0,83,,,1019.9,,,,,,,,,1014.5,,,13.3,,,,16.2,,,,,,,,,,,,,,20,30,14.5,20.8,,20,,,15.9,
2006-01-25 05:00:00,,,,,0.0,,,,,0.0,0.0,85,,,1019.9,,,,,,,,,1014.5,,,13.7,,,,16.2,,,,,,,,,,,,,,20,20,13.7,21.1,,20,,,15.4,
2006-01-25 06:00:00,,,,,0.0,,,,,0.0,0.0,84,,,1020.8,,,,,,,,,1015.4,0.0,,13.6,,,,16.3,,,,,,,,,,,,,,20,20,13.8,20.6,,20,,,15.3,
2006-01-25 07:00:00,,,,,0.0,,,,,0.0,0.0,83,,,1021.3,,,,,,,,,1015.9,0.0,,13.5,,,,16.3,,,,,,,,,,,,,,20,360,13.7,19.9,,20,,,15.1,
2006-01-25 08:00:00,,10.0,,,0.0,,,,,0.0,0.0,85,,,1022.0,,,,,,,,,1016.6,0.0,,13.7,,,,16.3,,,,,,,,,,10.0,,,,20,20,14.3,22.6,,20,,,14.6,
2006-01-25 09:00:00,,10.0,,,0.27,,,,,0.0,0.0,84,,,1022.5,,,,,,,,,1017.1,0.0,,13.8,,,,16.6,,,,,,,,,,10.0,,,,20,30,15.8,21.0,,20,,,15.9,
2006-01-25 10:00:00,,,,,0.6,,,,,0.0,0.0,82,,,1022.5,,,,,,,,,1017.1,0.0,,13.6,,,,16.6,,,,,,,,,,,,,,20,20,15.8,21.6,,20,,,16.3,
2006-01-25 11:00:00,,10.0,,,0.72,,,,,0.0,0.0,85,,,1022.4,,,,,,,,,1017.0,0.0,,14.0,,,,16.6,,,,,,,,,,10.0,,,,20,30,15.4,22.0,,20,,,16.1,
2006-01-25 12:00:00,,,,,0.82,,,,,0.0,0.0,84,,,1021.4,,,,,,,,,1016.0,0.0,,13.8,,,,16.6,,,,,,,,,,,,,,20,20,14.8,21.0,,20,,,15.4,
2006-01-25 13:00:00,,,,,0.71,,,,,0.0,0.0,85,,,1020.5,,,,,,,,,1015.1,0.0,,13.8,,,,16.4,,,,,,,,,,,,,,20,20,15.1,22.1,,20,,,15.6,
2006-01-25 14:00:00,,10.0,,,0.65,,,,,0.0,0.0,85,,,1019.3,,,,,,,,,1013.9,0.0,,13.9,,,,16.4,,,,,,,,,,10.0,,,,20,20,15.8,21.7,,20,,,15.8,
2006-01-25 15:00:00,,,,,0.61,,,,,0.0,0.0,87,,,1019.3,,,,,,,,,1013.9,0.0,,14.1,,,,16.3,,,,,,,,,,,,,,20,20,14.8,22.4,,20,,,15.9,
2006-01-25 16:00:00,,,,,0.61,,,,,0.0,0.0,86,,,1019.4,,,,,,,,,1014.0,0.0,,14.1,,,,16.5,,,,,,,,,,,,,,20,20,15.4,23.0,,20,,,16.3,
2006-01-25 17:00:00,,10.0,,,0.2,,,,,0.0,0.0,84,,,1020.2,,,,,,,,,1014.8,0.0,,13.9,,,,16.6,,,,,,,,,,10.0,,,,20,20,15.5,23.2,,20,,,16.6,
2006-01-25 18:00:00,,,,,0.0,,,,,0.0,0.0,85,,,1020.5,,,,,,,,,1015.1,0.0,,13.8,,,,16.3,,,,,,,,,,,,,,20,10,15.9,22.9,,20,,,16.3,
2006-01-25 19:00:00,,,,,0.0,,,,,0.0,0.0,84,,,1021.2,,,,,,,,,1015.8,0.0,,13.9,,,,16.6,,,,,,,,,,,,,,20,30,15.5,23.0,,20,,,17.5,
2006-01-25 20:00:00,,,,,0.0,,,,,0.0,0.0,82,,,1022.1,,,,,,,,,1016.7,,,13.4,,,,16.4,,,,,,,,,,,,,,20,20,16.3,22.6,,20,,,17.1,
2006-01-25 21:00:00,,,,,0.0,,,,,0.0,0.0,82,,,1022.3,,,,,,,,,1016.9,,,13.4,,,,16.4,,,,,,,,,,,,,,20,10,16.6,23.0,,20,,,16.8,
2006-01-25 22:00:00,,,,,0.0,,,,,0.0,0.0,81,,,1021.8,,,,,,,,,1016.4,,,13.1,,,,16.4,,,,,,,,,,,,,,20,20,17.0,24.2,,20,,,17.8,
2006-01-25 23:00:00,,,,,0.0,,,,,0.0,0.0,81,,,1022.1,,,,,,,,,1016.7,,,13.0,,,,16.2,,,,,,,,,,,,,,20,10,16.8,25.1,,20,,,18.1,
2006-01-26 00:00:00,,,,,0.0,,,,,0.0,0.0,81,,,1022.1,,,,,,,,,1016.7,,,12.9,,,,16.2,,,,,,,,,,,,,,20,20,15.6,23.1,,20,,,16.9,
2006-01-26 01:00:00,,,,,0.0,,,,,0.0,0.0,80,,,1021.3,,,,,,,,,1015.9,,,12.6,,,,16.1,,,,,,,,,,,,,,20,20,16.5,24.3,,10,,,17.0,
2006-01-26 02:00:00,,,,,0.0,,,,,0.0,0.0,80,,,1020.8,,,,,,,,,1015.4,,,12.5,,,,16.0,,,,,,,,,,,,,,20,20,17.0,23.7,,20,,,17.2,
2006-01-26 03:00:00,,,,,0.0,,,,,0.0,0.0,81,,,1020.7,,,,,,,,,1015.3,,,12.6,,,,15.9,,,,,,,,,,,,,,20,20,16.9,24.6,,20,,,17.4,
2006-01-26 04:00:00,,,,,0.0,,,,,0.0,0.0,82,,,1020.7,,,,,,,,,1015.3,,,13.1,,,,16.1,,,,,,,,,,,,,,20,20,16.6,23.4,,20,,,17.7,
2006-01-26 05:00:00,,,,,0.0,,,,,0.0,0.0,81,,,1020.9,,,,,,,,,1015.5,,,12.8,,,,16.1,,,,,,,,,,,,,,20,20,16.4,24.0,,20,,,17.1,
2006-01-26 06:00:00,,,,,0.0,,,,,0.0,0.0,80,,,1021.2,,,,,,,,,1015.8,0.0,,12.4,,,,15.8,,,,,,,,,,,,,,20,30,16.3,23.2,,20,,,16.9,
2006-01-26 07:00:00,,,,,0.0,,,,,0.0,0.0,81,,,1021.1,,,,,,,,,1015.7,0.0,,12.9,,,,16.1,,,,,,,,,,,,,,20,20,16.8,23.8,,20,,,17.7,
2006-01-26 08:00:00,,10.0,,,0.15,,,,,0.0,0.0,80,,,1021.6,,,,,,,,,1016.2,0.0,,12.7,,,,16.1,,,,,,,,,,10.0,,,,20,10,16.6,24.3,,20,,,17.1,
2006-01-26 09:00:00,,10.0,,,0.6,,,,,0.0,0.0,79,,,1022.3,,,,,,,,,1016.9,0.0,,12.7,,,,16.3,,,,,,,,,,10.0,,,,20,20,15.6,22.0,,20,,,16.7,
2006-01-26 10:00:00,,,,,0.75,,,,,0.0,0.0,79,,,1022.5,,,,,,,,,1017.1,0.1,,12.9,,,,16.6,,,,,,,,,,,,,,20,20,14.3,22.5,,20,,,16.2,
2006-01-26 11:00:00,,9.0,,,1.22,,,,,0.0,0.0,79,,,1022.1,,,,,,,,,1016.7,0.1,,13.2,,,,16.8,,,,,,,,,,10.0,,,,20,30,15.2,23.0,,20,,,15.6,
2006-01-26 12:00:00,,,,,1.87,,,,,0.0,0.0,78,,,1021.2,,,,,,,,,1015.8,0.4,,12.8,,,,16.7,,,,,,,,,,,,,,20,20,14.8,21.2,,20,,,15.6,
2006-01-26 13:00:00,,,,,1.35,,,,,0.0,0.0,79,,,1020.5,,,,,,,,,1015.1,0.1,,12.6,,,,16.2,,,,,,,,,,,,,,20,10,14.7,20.9,,10,,,15.5,
2006-01-26 14:00:00,,9.0,,,0.99,,,,,0.0,0.0,79,,,1019.4,,,,,,,,,1014.0,0.0,,12.9,,,,16.6,,,,,,,,,,10.0,,,,20,20,14.4,21.9,,10,,,15.7,
2006-01-26 15:00:00,,,,,1.03,,,,,0.0,0.0,80,,,1019.0,,,,,,,,,1013.6,0.1,,12.9,,,,16.4,,,,,,,,,,,,,,20,20,15.7,23.1,,20,,,16.2,
2006-01-26 16:00:00,,,,,0.7,,,,,0.0,0.0,78,,,1019.0,,,,,,,,,1013.6,0.0,,12.6,,,,16.4,,,,,,,,,,,,,,20,10,15.5,22.4,,20,,,16.6,
2006-01-26 17:00:00,,10.0,,,0.44,,,,,0.0,0.0,80,,,1019.7,,,,,,,,,1014.3,0.0,,12.7,,,,16.2,,,,,,,,,,10.0,,,,20,30,16.0,21.9,,20,,,16.8,
2006-01-26 18:00:00,,,,,0.0,,,,,0.0,0.0,81,,,1020.4,,,,,,,,,1015.0,0.0,,12.9,,,,16.2,,,,,,,,,,,,,,20,20,15.5,21.5,,20,,,16.3,
2006-01-26 19:00:00,,,,,0.0,,,,,0.0,0.0,80,,,1020.9,,,,,,,,,1015.5,0.0,,12.6,,,,16.0,,,,,,,,,,,,,,20,20,16.2,21.3,,20,,,16.2,
2006-01-26 20:00:00,,,,,0.0,,,,,0.0,0.0,81,,,1021.2,,,,,,,,,1015.8,,,12.9,,,,16.1,,,,,,,,,,,,,,20,10,14.6,22.3,,20,,,16.1,
2006-01-26 21:00:00,,,,,0.0,,,,,0.0,0.0,81,,,1021.1,,,,,,,,,1015.7,,,12.8,,,,16.1,,,,,,,,,,,,,,20,20,15.7,22.0,,20,,,15.7,
2006-01-26 22:00:00,,,,,0.0,,,,,0.0,0.0,81,,,1020.9,,,,,,,,,1015.5,,,12.9,,,,16.1,,,,,,,,,,,,,,20,20,15.9,22.9,,20,,,16.7,
2006-01-26 23:00:00,,,,,0.0,,,,,0.0,0.0,82,,,1020.4,,,,,,,,,1015.0,,,12.9,,,,15.9,,,,,,,,,,,,,,20,360,15.8,23.3,,20,,,16.7,
2006-01-27 00:00:00,,,,,0.0,,,,,0.0,0.0,81,,,1020.2,,,,,,,,,1014.8,,,12.6,,,,15.9,,,,,,,,,,,,,,20,30,15.9,23.1,,20,,,16.5,
2006-01-27 01:00:00,,,,,0.0,,,,,0.0,0.0,82,,,1019.8,,,,,,,,,1014.4,,,12.8,,,,15.8,,,,,,,,,,,,,,20,30,15.9,22.4,,20,,,16.4,
2006-01-27 02:00:00,,,,,0.0,,,,,0.0,0.0,81,,,1019.1,,,,,,,,,1013.7,,,12.7,,,,15.9,,,,,,,,,,,,,,20,10,14.8,20.6,,20,,,16.1,
2006-01-27 03:00:00,,,,,0.0,,,,,0.0,0.0,81,,,1019.1,,,,,,,,,1013.7,,,12.6,,,,15.8,,,,,,,,,,,,,,20,10,13.2,21.1,,20,,,15.1,
2006-01-27 04:00:00,,,,,0.0,,,,,0.0,0.0,80,,,1018.9,,,,,,,,,1013.5,,,12.3,,,,15.7,,,,,,,,,,,,,,20,10,13.5,20.0,,20,,,14.4,
2006-01-27 05:00:00,,,,,0.0,,,,,0.0,0.0,80,,,1018.3,,,,,,,,,1012.9,,,12.4,,,,15.8,,,,,,,,,,,,,,10,10,14.3,20.6,,20,,,14.6,
2006-01-27 06:00:00,,,,,0.0,,,,,0.0,0.0,79,,,1018.4,,,,,,,,,1013.0,0.0,,11.9,,,,15.6,,,,,,,,,,,,,,20,20,14.6,19.7,,20,,,14.6,
2006-01-27 07:00:00,,,,,0.0,,,,,0.0,0.0,80,,,1018.9,,,,,,,,,1013.5,0.0,,12.4,,,,15.8,,,,,,,,,,,,,,20,20,14.1,19.7,,20,,,15.2,
2006-01-27 08:00:00,,10.0,,,0.31,,,,,0.0,0.0,80,,,1019.2,,,,,,,,,1013.8,0.0,,12.7,,,,16.1,,,,,,,,,,10.0,,,,20,20,13.2,19.1,,20,,,14.1,
2006-01-27 09:00:00,,10.0,,,0.6,,,,,0.0,0.0,78,,,1019.5,,,,,,,,,1014.1,0.0,,12.7,,,,16.5,,,,,,,,,,10.0,,,,20,10,14.4,19.9,,20,,,14.5,
2006-01-27 10:00:00,,,,,0.75,,,,,0.0,0.0,79,,,1019.8,,,,,,,,,1014.4,0.0,,13.3,,,,17.0,,,,,,,,,,,,,,20,30,14.5,19.8,,20,,,14.8,
2006-01-27 11:00:00,,10.0,,,1.22,,,,,0.0,0.0,76,,,1019.0,,,,,,,,,1013.6,0.0,,13.0,,,,17.3,,,,,,,,,,10.0,,,,20,20,13.7,20.0,,20,,,14.6,
2006-01-27 12:00:00,,,,,1.02,,,,,0.0,0.0,77,,,1018.7,,,,,,,,,1013.3,0.0,,13.0,,,,17.1,,,,,,,,,,,,,,20,30,13.4,18.9,,20,,,14.2,
2006-01-27 13:00:00,,,,,1.26,,,,,0.0,0.0,76,,,1017.9,,,,,,,,,1012.5,0.0,,12.8,,,,17.1,,,,,,,,,,,,,,20,20,13.8,19.2,,20,,,14.8,
2006-01-27 14:00:00,,10.0,,,1.27,,,,,0.0,0.0,76,,,1017.5,,,,,,,,,1012.1,0.0,,13.0,,,,17.2,,,,,,,,,,15.0,,,,20,20,13.0,19.5,,20,,,14.1,
2006-01-27 15:00:00,,,,,1.28,,,,,0.0,0.0,76,,,1017.1,,,,,,,,,1011.7,0.1,,12.7,,,,17.0,,,,,,,,,,,,,,20,30,13.0,18.4,,20,,,13.9,
2006-01-27 16:00:00,,,,,0.65,,,,,0.0,0.0,79,,,1016.9,,,,,,,,,1011.5,0.0,,12.9,,,,16.5,,,,,,,,,,,,,,20,20,12.4,17.8,,20,,,13.3,
2006-01-27 17:00:00,,7.0,,,0.52,,,,,0.0,0.0,81,,,1017.0,,,,,,,,,1011.6,0.0,,13.1,,,,16.3,,,,,,,,,,10.0,,,,20,20,13.6,18.8,,20,,,14.0,
2006-01-27 18:00:00,,,,,0.0,,,,,0.0,0.0,82,,,1017.6,,,,,,,,,1012.2,0.0,,13.1,,,,16.2,,,,,,,,,,,,,,20,20,13.2,18.3,,20,,,13.9,
2006-01-27 19:00:00,,,,,0.0,,,,,0.0,0.0,80,,,1018.0,,,,,,,,,1012.6,0.0,,12.7,,,,16.2,,,,,,,,,,,,,,20,20,13.8,18.1,,20,,,14.0,
2006-01-27 20:00:00,,,,,0.0,,,,,0.0,0.0,81,,,1018.2,,,,,,,,,1012.8,,,13.7,,,,17.0,,,,,,,,,,,,,,20,30,12.2,18.1,,20,,,13.9,
2006-01-27 21:00:00,,,,,0.0,,,,,0.0,0.0,82,,,1019.0,,,,,,,,,1013.6,,,13.7,,,,16.7,,,,,,,,,,,,,,20,20,12.1,17.8,,20,,,13.3,
2006-01-27 22:00:00,,,,,0.0,,,,,0.0,0.0,82,,,1019.0,,,,,,,,,1013.6,,,13.7,,,,16.8,,,,,,,,,,,,,,20,20,12.4,18.7,,20,,,13.2,
2006-01-27 23:00:00,,,,,0.0,,,,,0.0,0.0,84,,,1018.9,,,,,,,,,1013.5,,,14.1,,,,16.8,,,,,,,,,,,,,,20,20,12.7,18.0,,20,,,13.1,
2006-01-28 00:00:00,,,,,0.0,,,,,0.0,0.0,83,,,1018.5,,,,,,,,,1013.1,,,14.1,,,,17.1,,,,,,,,,,,,,,20,20,13.0,18.3,,20,,,13.4,
2006-01-28 01:00:00,,,,,0.0,,,,,0.0,0.0,82,,,1018.0,,,,,,,,,1012.6,,,13.9,,,,17.0,,,,,,,,,,,,,,20,20,13.2,18.0,,20,,,13.3,
2006-01-28 02:00:00,,,,,0.0,,,,,0.0,0.0,83,,,1017.2,,,,,,,,,1011.8,,,14.0,,,,16.9,,,,,,,,,,,,,,20,10,13.4,18.2,,20,,,14.1,
2006-01-28 03:00:00,,,,,0.0,,,,,0.0,0.0,84,,,1016.8,,,,,,,,,1011.4,,,14.1,,,,16.9,,,,,,,,,,,,,,20,30,13.1,19.0,,20,,,13.6,
2006-01-28 04:00:00,,,,,0.0,,,,,0.0,0.0,83,,,1016.5,,,,,,,,,1011.1,,,13.9,,,,16.8,,,,,,,,,,,,,,20,30,12.3,17.8,,20,,,13.2,
2006-01-28 05:00:00,,,,,0.0,,,,,0.0,0.0,83,,,1016.5,,,,,,,,,1011.1,,,14.0,,,,16.9,,,,,,,,,,,,,,20,20,12.9,17.5,,20,,,13.1,
2006-01-28 06:00:00,,,,,0.0,,,,,0.0,0.0,82,,,1016.9,,,,,,,,,1011.5,0.0,,14.0,,,,17.0,,,,,,,,,,,,,,20,10,10.8,17.8,,20,,,12.8,
2006-01-28 07:00:00,,,,,0.0,,,,,0.0,0.0,84,,,1017.1,,,,,,,,,1011.7,0.0,,14.4,,,,17.2,,,,,,,,,,,,,,20,20,11.0,15.9,,20,,,12.2,
2006-01-28 08:00:00,,10.0,,,0.04,,,,,0.0,0.0,84,,,1017.2,,,,,,,,,1011.8,0.0,,14.8,,,,17.5,,,,,,,,,,10.0,,,,30,20,9.9,15.4,,20,,,12.0,
2006-01-28 09:00:00,,10.0,,,0.42,,,,,0.0,0.0,85,,,1017.5,,,,,,,,,1012.1,0.0,,15.2,,,,17.8,,,,,,,,,,8.0,,,,20,20,9.9,14.2,,30,,,10.1,
2006-01-28 10:00:00,,,,,0.66,,,,,0.0,0.0,82,,,1017.6,,,,,,,,,1012.2,0.0,,15.3,,,,18.5,,,,,,,,,,,,,,20,30,9.7,13.6,,20,,,10.4,
2006-01-28 11:00:00,,10.0,,,1.0,,,,,0.0,0.0,80,,,1017.2,,,,,,,,,1011.9,0.0,,15.5,,,,19.0,,,,,,,,,,8.0,,,,20,20,9.1,13.4,,20,,,10.3,
2006-01-28 12:00:00,,,,,0.8,,,,,0.0,0.0,87,,,1016.5,,,,,,,,,1011.1,0.0,,15.3,,,,17.5,,,,,,,,,,,,,,360,360,10.5,14.3,,10,,,10.8,
2006-01-28 13:00:00,,,,,1.06,,,,,0.0,0.0,87,,,1016.1,,,,,,,,,1010.7,0.0,,14.5,,,,16.7,,,,,,,,,,,,,,360,350,12.4,17.1,,360,,,12.8,
2006-01-28 14:00:00,,10.0,,,0.61,,,,,0.0,0.0,88,,,1015.1,,,,,,,,,1009.7,0.0,,13.9,,,,15.8,,,,,,,,,,5.0,,,,10,10,13.4,18.3,,10,,,13.8,
2006-01-28 15:00:00,,,,,0.6,,,,,0.0,0.0,86,,,1015.0,,,,,,,,,1009.6,0.0,,14.0,,,,16.3,,,,,,,,,,,,,,20,360,12.2,19.0,,10,,,13.8,
2006-01-28 16:00:00,,,,,0.57,,,,,0.0,0.0,89,,,1014.9,,,,,,,,,1009.5,0.0,,15.3,,,,17.2,,,,,,,,,,,,,,20,20,11.8,16.7,,20,,,12.9,
2006-01-28 17:00:00,,10.0,,,0.0,,,,,0.0,0.0,87,,,1014.9,,,,,,,,,1009.5,0.0,,15.4,,,,17.6,,,,,,,,,,6.0,,,,20,20,11.6,15.4,,20,,,11.8,
2006-01-28 18:00:00,,,,,0.0,,,,,0.0,0.0,88,,,1015.1,,,,,,,,,1009.8,0.0,,16.0,,,,18.0,,,,,,,,,,,,,,20,20,11.0,15.5,,20,,,11.7,
2006-01-28 19:00:00,,,,,0.0,,,,,0.0,0.0,87,,,1015.2,,,,,,,,,1009.9,0.0,,16.0,,,,18.2,,,,,,,,,,,,,,20,30,11.2,15.1,,20,,,11.3,
2006-01-28 20:00:00,,,,,0.0,,,,,0.0,0.0,85,,,1015.8,,,,,,,,,1010.5,,,16.2,,,,18.7,,,,,,,,,,,,,,20,20,10.1,15.5,,20,,,11.6,
2006-01-28 21:00:00,,,,,0.0,,,,,0.0,0.0,89,,,1016.1,,,,,,,,,1010.8,,,16.6,,,,18.4,,,,,,,,,,,,,,20,20,9.9,13.2,,20,,,10.2,
2006-01-28 22:00:00,,,,,0.0,,,,,0.0,0.0,89,,,1016.0,,,,,,,,,1010.7,,,16.8,,,,18.6,,,,,,,,,,,,,,20,30,8.9,14.0,,20,,,10.4,
2006-01-28 23:00:00,,,,,0.0,,,,,1.0,0.2,90,,,1015.9,,,,,,,,,1010.6,,,16.9,,,,18.6,,,,,,,,,,,,,,20,10,9.4,12.6,,20,,,9.7,
2006-01-29 00:00:00,,,,,0.0,,,,,0.5,0.1,90,,,1015.8,,,,,,,,,1010.5,,,17.0,,,,18.6,,,,,,,,,,,,,,30,30,8.9,12.3,,20,,,9.6,
2006-01-29 01:00:00,,,,,0.0,,,,,0.0,0.0,90,,,1016.2,,,,,,,,,1010.9,,,16.7,,,,18.4,,,,,,,,,,,,,,20,20,9.5,12.3,,20,,,9.7,
2006-01-29 02:00:00,,,,,0.0,,,,,0.5,0.2,90,,,1015.9,,,,,,,,,1010.6,,,16.6,,,,18.2,,,,,,,,,,,,,,20,20,9.2,12.5,,20,,,9.4,
2006-01-29 03:00:00,,,,,0.0,,,,,0.0,0.0,91,,,1015.9,,,,,,,,,1010.6,,,16.7,,,,18.2,,,,,,,,,,,,,,20,20,9.1,13.0,,30,,,10.1,
2006-01-29 04:00:00,,,,,0.0,,,,,0.0,0.0,90,,,1015.7,,,,,,,,,1010.4,,,16.6,,,,18.2,,,,,,,,,,,,,,20,20,8.8,13.2,,20,,,9.1,
2006-01-29 05:00:00,,,,,0.0,,,,,0.0,0.0,90,,,1016.0,,,,,,,,,1010.7,,,16.7,,,,18.3,,,,,,,,,,,,,,10,10,9.0,14.4,,10,,,9.5,
2006-01-29 06:00:00,,,,,0.0,,,,,0.0,0.0,90,,,1016.1,,,,,,,,,1010.8,0.0,,16.9,,,,18.6,,,,,,,,,,,,,,20,10,10.3,14.3,,10,,,10.5,
2006-01-29 07:00:00,,,,,0.0,,,,,0.0,0.0,89,,,1016.5,,,,,,,,,1011.2,0.0,,17.4,,,,19.2,,,,,,,,,,,,,,30,30,9.8,14.1,,20,,,11.0,
2006-01-29 08:00:00,,10.0,,,0.25,,,,,0.0,0.0,89,,,1017.0,,,,,,,,,1011.7,0.0,,18.1,,,,19.9,,,,,,,,,,20.0,,,,30,20,8.7,13.3,,20,,,10.6,
2006-01-29 09:00:00,,9.0,,,0.88,,,,,0.0,0.0,84,,,1017.5,,,,,,,,,1012.2,0.1,,17.7,,,,20.4,,,,,,,,,,20.0,,,,20,30,9.6,13.0,,20,,,9.8,
2006-01-29 10:00:00,,,,,1.27,,,,,0.0,0.0,83,,,1017.9,,,,,,,,,1012.6,0.1,,17.6,,,,20.6,,,,,,,,,,,,,,20,30,8.7,12.5,,20,,,9.9,
2006-01-29 11:00:00,,8.0,,,1.17,,,,,0.0,0.0,82,,,1017.5,,,,,,,,,1012.2,0.1,,18.1,,,,21.3,,,,,,,,,,10.0,,,,20,10,8.7,13.1,,10,,,9.4,
2006-01-29 12:00:00,,,,,1.38,,,,,0.0,0.0,83,,,1017.4,,,,,,,,,1012.1,0.0,,17.1,,,,20.1,,,,,,,,,,,,,,360,10,9.1,12.2,,360,,,9.1,
2006-01-29 13:00:00,,,,,1.18,,,,,0.0,0.0,84,,,1017.0,,,,,,,,,1011.7,0.0,,16.3,,,,19.1,,,,,,,,,,,,,,360,360,11.2,15.4,,360,,,11.4,
2006-01-29 14:00:00,,10.0,,,1.44,,,,,0.0,0.0,84,,,1016.3,,,,,,,,,1011.0,0.0,,16.4,,,,19.2,,,,,,,,,,10.0,,,,10,10,12.0,15.6,,10,,,12.0,
2006-01-29 15:00:00,,,,,1.34,,,,,0.0,0.0,81,,,1015.3,,,,,,,,,1010.0,0.1,,17.0,,,,20.3,,,,,,,,,,,,,,20,20,10.4,15.1,,10,,,11.9,
2006-01-29 16:00:00,,,,,0.8,,,,,0.0,0.0,82,,,1015.6,,,,,,,,,1010.3,0.0,,16.6,,,,19.7,,,,,,,,,,,,,,20,20,10.6,14.0,,20,,,10.6,
2006-01-29 17:00:00,,10.0,,,0.12,,,,,0.0,0.0,85,,,1016.1,,,,,,,,,1010.8,0.0,,16.6,,,,19.2,,,,,,,,,,10.0,,,,20,20,9.7,14.2,,20,,,10.6,
2006-01-29 18:00:00,,,,,0.0,,,,,0.0,0.0,86,,,1016.4,,,,,,,,,1011.1,0.0,,16.9,,,,19.3,,,,,,,,,,,,,,30,20,8.6,12.0,,20,,,9.9,
2006-01-29 19:00:00,,,,,0.0,,,,,0.0,0.0,87,,,1016.5,,,,,,,,,1011.2,0.0,,17.1,,,,19.4,,,,,,,,,,,,,,30,20,8.7,11.9,,20,,,9.5,
2006-01-29 20:00:00,,,,,0.0,,,,,0.0,0.0,86,,,1016.9,,,,,,,,,1011.6,,,17.1,,,,19.5,,,,,,,,,,,,,,20,30,7.7,11.8,,20,,,9.2,
2006-01-29 21:00:00,,,,,0.0,,,,,0.0,0.0,88,,,1017.3,,,,,,,,,1012.0,,,17.5,,,,19.6,,,,,,,,,,,,,,20,10,7.3,11.9,,10,,,9.2,
2006-01-29 22:00:00,,,,,0.0,,,,,0.0,0.0,87,,,1017.7,,,,,,,,,1012.4,,,17.6,,,,19.8,,,,,,,,,,,,,,20,20,6.3,10.1,,20,,,7.7,
2006-01-29 23:00:00,,,,,0.0,,,,,0.0,0.0,87,,,1017.7,,,,,,,,,1012.4,,,17.6,,,,19.8,,,,,,,,,,,,,,40,20,5.8,8.6,,20,,,6.8,
2006-01-30 00:00:00,,,,,0.0,,,,,0.0,0.0,84,,,1017.9,,,,,,,,,1012.6,,,17.0,,,,19.7,,,,,,,,,,,,,,10,20,7.7,10.9,,20,,,8.1,
2006-01-30 01:00:00,,,,,0.0,,,,,0.0,0.0,85,,,1018.2,,,,,,,,,1012.9,,,16.6,,,,19.2,,,,,,,,,,,,,,20,30,8.0,11.7,,20,,,9.0,
2006-01-30 02:00:00,,,,,0.0,,,,,0.0,0.0,85,,,1018.1,,,,,,,,,1012.8,,,16.7,,,,19.3,,,,,,,,,,,,,,20,30,9.2,12.2,,20,,,9.5,
2006-01-30 03:00:00,,,,,0.0,,,,,0.0,0.0,85,,,1017.9,,,,,,,,,1012.6,,,16.6,,,,19.2,,,,,,,,,,,,,,20,20,8.8,12.4,,20,,,9.3,
2006-01-30 04:00:00,,,,,0.0,,,,,0.0,0.0,87,,,1017.9,,,,,,,,,1012.6,,,16.9,,,,19.2,,,,,,,,,,,,,,20,10,8.8,13.1,,20,,,9.9,
2006-01-30 05:00:00,,,,,0.0,,,,,0.0,0.0,85,,,1017.9,,,,,,,,,1012.6,,,16.4,,,,18.9,,,,,,,,,,,,,,20,20,9.6,13.5,,20,,,10.3,
2006-01-30 06:00:00,,,,,0.0,,,,,0.0,0.0,86,,,1018.3,,,,,,,,,1012.9,0.0,,16.3,,,,18.6,,,,,,,,,,,,,,20,10,9.4,14.4,,20,,,10.2,
2006-01-30 07:00:00,,,,,0.0,,,,,0.0,0.0,86,,,1019.2,,,,,,,,,1013.8,0.0,,16.2,,,,18.6,,,,,,,,,,,,,,20,20,9.8,13.4,,20,,,10.2,
2006-01-30 08:00:00,,10.0,,,0.0,,,,,0.0,0.0,85,,,1019.5,,,,,,,,,1014.1,0.0,,16.5,,,,19.0,,,,,,,,,,10.0,,,,20,20,8.5,14.1,,20,,,10.0,
2006-01-30 09:00:00,,10.0,,,0.61,,,,,0.0,0.0,85,,,1020.0,,,,,,,,,1014.7,0.1,,17.1,,,,19.7,,,,,,,,,,10.0,,,,20,20,8.2,12.9,,20,,,9.2,
2006-01-30 10:00:00,,,,,0.78,,,,,0.0,0.0,82,,,1020.2,,,,,,,,,1014.9,0.0,,16.9,,,,20.0,,,,,,,,,,,,,,20,10,8.5,11.9,,20,,,8.5,
2006-01-30 11:00:00,,10.0,,,1.22,,,,,0.0,0.0,81,,,1020.0,,,,,,,,,1014.7,0.1,,17.1,,,,20.4,,,,,,,,,,10.0,,,,10,10,7.6,11.3,,20,,,8.4,
2006-01-30 12:00:00,,,,,1.99,,,,,0.0,0.0,77,,,1019.3,,,,,,,,,1014.0,0.3,,17.2,,,,21.3,,,,,,,,,,,,,,10,360,8.6,12.2,,10,,,8.9,
2006-01-30 13:00:00,,,,,2.5,,,,,0.0,0.0,79,,,1018.2,,,,,,,,,1012.9,0.7,,17.2,,,,20.9,,,,,,,,,,,,,,10,10,9.9,13.4,,10,,,9.9,
2006-01-30 14:00:00,,7.0,,,2.46,,,,,0.0,0.0,79,,,1017.6,,,,,,,,,1012.3,0.8,,17.2,,,,21.0,,,,,,,,,,10.0,,,,10,10,10.0,13.8,,10,,,10.3,
2006-01-30 15:00:00,,,,,1.98,,,,,0.0,0.0,79,,,1017.0,,,,,,,,,1011.7,0.7,,17.3,,,,21.0,,,,,,,,,,,,,,10,10,9.2,13.1,,10,,,10.2,
2006-01-30 16:00:00,,,,,1.35,,,,,0.0,0.0,81,,,1016.9,,,,,,,,,1011.6,0.7,,17.0,,,,20.3,,,,,,,,,,,,,,10,30,9.8,13.8,,10,,,10.1,
2006-01-30 17:00:00,,4.0,,,0.75,,,,,0.0,0.0,84,,,1017.2,,,,,,,,,1011.9,0.9,,17.1,,,,19.9,,,,,,,,,,10.0,,,,20,360,9.9,13.8,,10,,,10.0,
2006-01-30 18:00:00,,,,,0.06,,,,,0.0,0.0,86,,,1017.6,,,,,,,,,1012.3,0.4,,17.3,,,,19.7,,,,,,,,,,,,,,20,30,8.4,12.1,,20,,,9.8,
2006-01-30 19:00:00,,,,,0.0,,,,,0.0,0.0,87,,,1018.1,,,,,,,,,1012.8,0.0,,17.5,,,,19.8,,,,,,,,,,,,,,30,20,7.4,11.8,,20,,,9.1,
2006-01-30 20:00:00,,,,,0.0,,,,,0.0,0.0,88,,,1018.6,,,,,,,,,1013.3,,,17.9,,,,20.0,,,,,,,,,,,,,,10,30,7.3,10.4,,20,,,8.1,
2006-01-30 21:00:00,,,,,0.0,,,,,0.0,0.0,88,,,1018.9,,,,,,,,,1013.6,,,17.8,,,,19.9,,,,,,,,,,,,,,20,20,6.7,10.4,,10,,,7.6,
2006-01-30 22:00:00,,,,,0.0,,,,,0.0,0.0,87,,,1018.8,,,,,,,,,1013.5,,,17.9,,,,20.1,,,,,,,,,,,,,,20,20,6.2,8.6,,20,,,6.8,
2006-01-30 23:00:00,,,,,0.0,,,,,0.0,0.0,88,,,1018.8,,,,,,,,,1013.5,,,17.9,,,,20.0,,,,,,,,,,,,,,10,360,6.2,9.1,,20,,,6.6,
2006-01-31 00:00:00,,,,,0.0,,,,,0.0,0.0,88,,,1018.7,,,,,,,,,1013.4,,,17.7,,,,19.7,,,,,,,,,,,,,,10,10,6.5,8.8,,10,,,7.0,
2006-01-31 01:00:00,,,,,0.0,,,,,0.0,0.0,87,,,1019.2,,,,,,,,,1013.9,,,17.1,,,,19.3,,,,,,,,,,,,,,10,360,6.7,10.1,,10,,,7.4,
2006-01-31 02:00:00,,,,,0.0,,,,,0.0,0.0,89,,,1018.8,,,,,,,,,1013.5,,,17.4,,,,19.3,,,,,,,,,,,,,,360,360,7.6,10.8,,360,,,8.1,
2006-01-31 03:00:00,,,,,0.0,,,,,0.0,0.0,89,,,1018.7,,,,,,,,,1013.4,,,17.3,,,,19.2,,,,,,,,,,,,,,360,360,8.1,11.0,,360,,,8.5,
2006-01-31 04:00:00,,,,,0.0,,,,,0.0,0.0,87,,,1018.8,,,,,,,,,1013.5,,,17.2,,,,19.5,,,,,,,,,,,,,,10,360,7.6,12.0,,360,,,8.7,
2006-01-31 05:00:00,,,,,0.0,,,,,0.0,0.0,86,,,1018.9,,,,,,,,,1013.6,,,17.3,,,,19.8,,,,,,,,,,,,,,10,10,8.4,12.6,,10,,,9.9,
2006-01-31 06:00:00,,,,,0.0,,,,,0.0,0.0,85,,,1019.3,,,,,,,,,1014.0,0.0,,17.0,,,,19.6,,,,,,,,,,,,,,10,10,8.9,12.2,,10,,,9.0,
2006-01-31 07:00:00,,,,,0.0,,,,,0.0,0.0,84,,,1019.9,,,,,,,,,1014.6,0.0,,16.9,,,,19.6,,,,,,,,,,,,,,10,10,8.5,12.9,,10,,,8.8,
2006-01-31 08:00:00,,7.0,,,0.31,,,,,0.0,0.0,83,,,1020.2,,,,,,,,,1014.9,0.2,,16.9,,,,19.8,,,,,,,,,,20.0,,,,20,20,8.1,11.6,,10,,,9.0,
2006-01-31 09:00:00,,8.0,,,0.79,,,,,0.0,0.0,81,,,1020.2,,,,,,,,,1014.9,0.3,,17.2,,,,20.5,,,,,,,,,,20.0,,,,10,10,7.3,12.0,,10,,,8.7,
2006-01-31 10:00:00,,,,,1.48,,,,,0.0,0.0,78,,,1020.1,,,,,,,,,1014.8,0.5,,17.2,,,,21.2,,,,,,,,,,,,,,10,10,8.0,11.8,,10,,,8.3,
2006-01-31 11:00:00,,6.0,,,2.27,,,,,0.0,0.0,77,,,1019.4,,,,,,,,,1014.1,0.8,,17.4,,,,21.7,,,,,,,,,,25.0,,,,10,10,8.5,12.0,,10,,,9.1,
2006-01-31 12:00:00,,,,,2.65,,,,,0.0,0.0,79,,,1018.5,,,,,,,,,1013.2,0.9,,18.0,,,,21.9,,,,,,,,,,,,,,360,10,8.6,11.7,,10,,,8.9,
2006-01-31 13:00:00,,,,,2.52,,,,,0.0,0.0,78,,,1017.3,,,,,,,,,1012.0,0.9,,17.7,,,,21.8,,,,,,,,,,,,,,10,360,8.7,11.6,,360,,,9.1,
2006-01-31 14:00:00,,7.0,,,2.31,,,,,0.0,0.0,79,,,1016.6,,,,,,,,,1011.3,0.8,,17.7,,,,21.5,,,,,,,,,,25.0,,,,10,10,8.7,11.8,,10,,,8.8,
2006-01-31 15:00:00,,,,,1.3,,,,,0.0,0.0,78,,,1016.4,,,,,,,,,1011.1,0.1,,17.3,,,,21.2,,,,,,,,,,,,,,10,360,10.6,14.3,,10,,,10.7,
2006-01-31 16:00:00,,,,,0.65,,,,,0.0,0.0,86,,,1016.5,,,,,,,,,1011.2,0.1,,17.3,,,,19.7,,,,,,,,,,,,,,360,10,11.2,15.1,,360,,,11.2,
2006-01-31 17:00:00,,10.0,,,0.02,,,,,0.0,0.0,87,,,1017.1,,,,,,,,,1011.8,0.0,,17.1,,,,19.4,,,,,,,,,,20.0,,,,10,10,10.6,15.4,,10,,,11.1,
2006-01-31 18:00:00,,,,,0.0,,,,,0.0,0.0,87,,,1017.7,,,,,,,,,1012.4,0.0,,17.1,,,,19.3,,,,,,,,,,,,,,20,20,9.9,15.4,,10,,,11.2,
2006-01-31 19:00:00,,,,,0.0,,,,,0.0,0.0,86,,,1018.6,,,,,,,,,1013.3,0.0,,17.4,,,,19.8,,,,,,,,,,,,,,20,360,9.9,15.4,,20,,,11.0,
2006-01-31 20:00:00,,,,,0.0,,,,,0.0,0.0,84,,,1019.4,,,,,,,,,1014.1,,,17.2,,,,19.9,,,,,,,,,,,,,,20,10,9.7,13.9,,20,,,10.5,
2006-01-31 21:00:00,,,,,0.0,,,,,0.0,0.0,85,,,1019.9,,,,,,,,,1014.6,,,17.1,,,,19.6,,,,,,,,,,,,,,20,20,10.0,14.2,,20,,,10.5,
2006-01-31 22:00:00,,,,,0.0,,,,,0.0,0.0,86,,,1020.0,,,,,,,,,1014.7,,,17.1,,,,19.5,,,,,,,,,,,,,,20,10,9.4,14.3,,20,,,10.1,
2006-01-31 23:00:00,,,,,0.0,,,,,0.0,0.0,84,,,1019.9,,,,,,,,,1014.6,,,16.8,,,,19.5,,,,,,,,,,,,,,10,360,10.6,14.8,,10,,,10.8,
2006-02-01 00:00:00,,,,,0.0,,,,,0.0,0.0,86,,,1020.3,,,,,,,,,1014.9,,,16.8,,,,19.2,,,,,,,,,,,,,,10,10,10.6,15.4,,10,,,11.3,
2006-02-01 01:00:00,,,,,0.0,,,,,0.0,0.0,86,,,1020.0,,,,,,,,,1014.6,,,16.3,,,,18.7,,,,,,,,,,,,,,20,10,12.1,17.0,,20,,,12.1,
2006-02-01 02:00:00,,,,,0.0,,,,,0.0,0.0,87,,,1019.8,,,,,,,,,1014.4,,,16.7,,,,18.9,,,,,,,,,,,,,,20,30,11.3,16.9,,20,,,12.4,
2006-02-01 03:00:00,,,,,0.0,,,,,0.0,0.0,83,,,1019.5,,,,,,,,,1014.1,,,16.0,,,,18.9,,,,,,,,,,,,,,10,10,11.3,17.1,,20,,,11.7,
2006-02-01 04:00:00,,,,,0.0,,,,,0.0,0.0,84,,,1019.2,,,,,,,,,1013.8,,,15.7,,,,18.4,,,,,,,,,,,,,,20,10,10.1,15.6,,10,,,11.6,
2006-02-01 05:00:00,,,,,0.0,,,,,0.0,0.0,84,,,1019.6,,,,,,,,,1014.2,,,15.5,,,,18.3,,,,,,,,,,,,,,10,10,13.2,17.5,,10,,,13.2,
2006-02-01 06:00:00,,,,,0.0,,,,,0.0,0.0,83,,,1020.4,,,,,,,,,1015.0,0.0,,14.9,,,,17.8,,,,,,,,,,,,,,10,10,13.4,19.0,,10,,,14.7,
2006-02-01 07:00:00,,,,,0.0,,,,,0.0,0.0,85,,,1020.6,,,,,,,,,1015.2,0.0,,15.5,,,,18.0,,,,,,,,,,,,,,10,10,12.7,19.3,,10,,,13.5,
2006-02-01 08:00:00,,8.0,,,0.38,,,,,0.0,0.0,84,,,1020.9,,,,,,,,,1015.5,0.3,,15.6,,,,18.4,,,,,,,,,,10.0,,,,10,10,11.9,19.0,,10,,,13.0,
2006-02-01 09:00:00,,8.0,,,0.91,,,,,0.0,0.0,81,,,1021.4,,,,,,,,,1016.0,0.5,,15.6,,,,18.9,,,,,,,,,,10.0,,,,20,10,12.0,18.0,,10,,,13.6,
2006-02-01 10:00:00,,,,,1.56,,,,,0.0,0.0,77,,,1021.5,,,,,,,,,1016.1,0.6,,15.6,,,,19.7,,,,,,,,,,,,,,20,30,11.9,17.0,,20,,,12.5,
2006-02-01 11:00:00,,8.0,,,1.81,,,,,0.0,0.0,75,,,1021.3,,,,,,,,,1016.0,0.4,,16.1,,,,20.6,,,,,,,,,,10.0,,,,20,10,10.7,17.0,,20,,,12.9,
2006-02-01 12:00:00,,,,,2.36,,,,,0.0,0.0,73,,,1020.5,,,,,,,,,1015.2,0.7,,15.9,,,,20.9,,,,,,,,,,,,,,20,30,10.8,14.6,,20,,,11.0,
2006-02-01 13:00:00,,,,,2.77,,,,,0.0,0.0,76,,,1019.9,,,,,,,,,1014.6,1.0,,16.3,,,,20.6,,,,,,,,,,,,,,10,10,12.1,16.0,,10,,,12.1,
2006-02-01 14:00:00,,1.0,,,2.38,,,,,0.0,0.0,74,,,1018.9,,,,,,,,,1013.6,0.9,,15.4,,,,20.1,,,,,,,,,,10.0,,,,10,360,12.4,17.6,,10,,,13.3,
2006-02-01 15:00:00,,,,,2.07,,,,,0.0,0.0,73,,,1018.6,,,,,,,,,1013.3,1.0,,14.3,,,,19.3,,,,,,,,,,,,,,10,360,13.4,19.3,,10,,,13.9,
2006-02-01 16:00:00,,,,,1.23,,,,,0.0,0.0,78,,,1018.7,,,,,,,,,1013.4,0.7,,15.0,,,,19.0,,,,,,,,,,,,,,20,10,12.0,18.8,,10,,,13.7,
2006-02-01 17:00:00,,9.0,,,0.44,,,,,0.0,0.0,79,,,1019.1,,,,,,,,,1013.7,0.1,,14.9,,,,18.6,,,,,,,,,,10.0,,,,20,360,13.2,18.5,,20,,,13.2,
2006-02-01 18:00:00,,,,,0.0,,,,,0.0,0.0,82,,,1019.3,,,,,,,,,1013.9,0.0,,15.1,,,,18.2,,,,,,,,,,,,,,20,10,13.1,18.9,,20,,,14.2,
2006-02-01 19:00:00,,,,,0.0,,,,,0.0,0.0,81,,,1020.1,,,,,,,,,1014.7,0.0,,14.8,,,,18.2,,,,,,,,,,,,,,20,20,13.8,19.3,,20,,,14.2,
2006-02-01 20:00:00,,,,,0.0,,,,,0.0,0.0,82,,,1020.7,,,,,,,,,1015.3,,,15.3,,,,18.5,,,,,,,,,,,,,,20,20,13.6,20.7,,20,,,14.8,
2006-02-01 21:00:00,,,,,0.0,,,,,0.0,0.0,82,,,1021.2,,,,,,,,,1015.8,,,15.2,,,,18.3,,,,,,,,,,,,,,20,20,13.4,18.7,,20,,,14.2,
2006-02-01 22:00:00,,,,,0.0,,,,,0.0,0.0,82,,,1021.4,,,,,,,,,1016.0,,,15.1,,,,18.3,,,,,,,,,,,,,,20,20,12.2,17.3,,20,,,13.2,
2006-02-01 23:00:00,,,,,0.0,,,,,0.0,0.0,80,,,1021.2,,,,,,,,,1015.8,,,14.6,,,,18.2,,,,,,,,,,,,,,20,30,12.7,17.8,,20,,,12.9,
2006-02-02 00:00:00,,,,,0.0,,,,,0.0,0.0,82,,,1021.1,,,,,,,,,1015.7,,,14.9,,,,18.1,,,,,,,,,,,,,,10,10,12.3,19.0,,10,,,12.8,
2006-02-02 01:00:00,,,,,0.0,,,,,0.0,0.0,82,,,1021.0,,,,,,,,,1015.6,,,14.7,,,,17.8,,,,,,,,,,,,,,20,20,12.9,18.9,,20,,,13.6,
2006-02-02 02:00:00,,,,,0.0,,,,,0.0,0.0,81,,,1020.9,,,,,,,,,1015.5,,,14.3,,,,17.6,,,,,,,,,,,,,,20,30,13.5,18.5,,20,,,14.0,
2006-02-02 03:00:00,,,,,0.0,,,,,0.0,0.0,79,,,1021.1,,,,,,,,,1015.7,,,14.0,,,,17.6,,,,,,,,,,,,,,20,10,13.4,19.4,,20,,,14.2,
2006-02-02 04:00:00,,,,,0.0,,,,,0.0,0.0,79,,,1021.5,,,,,,,,,1016.1,,,13.8,,,,17.4,,,,,,,,,,,,,,20,10,13.7,20.0,,20,,,13.9,
2006-02-02 05:00:00,,,,,0.0,,,,,0.0,0.0,82,,,1021.8,,,,,,,,,1016.4,,,14.3,,,,17.4,,,,,,,,,,,,,,20,30,12.6,18.6,,20,,,14.4,
2006-02-02 06:00:00,,,,,0.0,,,,,0.0,0.0,82,,,1022.0,,,,,,,,,1016.6,0.0,,14.3,,,,17.4,,,,,,,,,,,,,,20,30,12.8,18.3,,20,,,13.4,
2006-02-02 07:00:00,,,,,0.0,,,,,0.0,0.0,83,,,1022.5,,,,,,,,,1017.1,0.0,,14.8,,,,17.8,,,,,,,,,,,,,,20,20,12.1,17.4,,20,,,13.2,
2006-02-02 08:00:00,,10.0,,,0.09,,,,,0.0,0.0,80,,,1023.4,,,,,,,,,1018.0,0.0,,14.5,,,,17.9,,,,,,,,,,10.0,,,,20,10,12.4,17.3,,20,,,12.7,
2006-02-02 09:00:00,,9.0,,,0.45,,,,,0.0,0.0,79,,,1024.0,,,,,,,,,1018.6,0.0,,14.6,,,,18.3,,,,,,,,,,10.0,,,,20,20,11.4,15.5,,20,,,12.2,
2006-02-02 10:00:00,,,,,1.27,,,,,0.0,0.0,74,,,1024.0,,,,,,,,,1018.6,0.3,,15.2,,,,20.0,,,,,,,,,,,,,,20,20,9.5,13.9,,30,,,11.8,
2006-02-02 11:00:00,,8.0,,,1.94,,,,,0.0,0.0,75,,,1023.5,,,,,,,,,1018.1,0.5,,15.5,,,,20.0,,,,,,,,,,10.0,,,,20,30,8.4,12.6,,20,,,9.6,
2006-02-02 12:00:00,,,,,2.54,,,,,0.0,0.0,70,,,1022.3,,,,,,,,,1017.0,0.8,,16.1,,,,21.8,,,,,,,,,,,,,,30,20,8.4,11.3,,20,,,8.9,
2006-02-02 13:00:00,,,,,2.63,,,,,0.0,0.0,74,,,1021.6,,,,,,,,,1016.3,0.9,,15.9,,,,20.8,,,,,,,,,,,,,,10,20,8.0,11.9,,20,,,9.3,
2006-02-02 14:00:00,,8.0,,,2.11,,,,,0.0,0.0,77,,,1021.2,,,,,,,,,1015.8,0.6,,15.4,,,,19.5,,,,,,,,,,8.0,,,,10,10,8.7,12.4,,10,,,9.4,
2006-02-02 15:00:00,,,,,1.26,,,,,0.0,0.0,78,,,1020.6,,,,,,,,,1015.2,0.1,,15.3,,,,19.2,,,,,,,,,,,,,,10,10,9.9,13.7,,10,,,10.4,
2006-02-02 16:00:00,,,,,1.14,,,,,0.0,0.0,81,,,1020.5,,,,,,,,,1015.1,0.3,,15.4,,,,18.7,,,,,,,,,,,,,,20,10,9.8,14.2,,10,,,10.7,
2006-02-02 17:00:00,,8.0,,,0.57,,,,,0.0,0.0,83,,,1020.7,,,,,,,,,1015.3,0.1,,15.4,,,,18.3,,,,,,,,,,8.0,,,,10,10,9.4,14.0,,20,,,10.2,
2006-02-02 18:00:00,,,,,0.0,,,,,0.0,0.0,84,,,1020.9,,,,,,,,,1015.5,0.0,,15.4,,,,18.2,,,,,,,,,,,,,,20,30,9.2,13.5,,20,,,9.5,
2006-02-02 19:00:00,,,,,0.0,,,,,0.0,0.0,85,,,1021.1,,,,,,,,,1015.7,0.0,,15.3,,,,17.8,,,,,,,,,,,,,,20,30,9.7,13.4,,20,,,10.2,
2006-02-02 20:00:00,,,,,0.0,,,,,0.0,0.0,85,,,1021.6,,,,,,,,,1016.2,,,15.3,,,,17.9,,,,,,,,,,,,,,20,20,9.6,13.1,,20,,,10.3,
2006-02-02 21:00:00,,,,,0.0,,,,,0.0,0.0,87,,,1022.1,,,,,,,,,1016.7,,,15.8,,,,18.0,,,,,,,,,,,,,,20,30,8.2,12.2,,20,,,9.5,
2006-02-02 22:00:00,,,,,0.0,,,,,0.0,0.0,85,,,1022.2,,,,,,,,,1016.8,,,15.3,,,,17.9,,,,,,,,,,,,,,20,30,8.7,12.1,,20,,,8.9,
2006-02-02 23:00:00,,,,,0.0,,,,,0.0,0.0,84,,,1022.5,,,,,,,,,1017.1,,,15.4,,,,18.1,,,,,,,,,,,,,,20,30,7.7,11.9,,20,,,9.0,
2006-02-03 00:00:00,,,,,0.0,,,,,0.0,0.0,85,,,1022.4,,,,,,,,,1017.0,,,15.6,,,,18.1,,,,,,,,,,,,,,20,20,8.0,11.2,,20,,,8.0,
2006-02-03 01:00:00,,,,,0.0,,,,,0.0,0.0,83,,,1022.6,,,,,,,,,1017.2,,,15.5,,,,18.4,,,,,,,,,,,,,,30,30,7.1,10.6,,20,,,8.1,
2006-02-03 02:00:00,,,,,0.0,,,,,0.0,0.0,85,,,1022.4,,,,,,,,,1017.0,,,15.6,,,,18.2,,,,,,,,,,,,,,20,20,7.3,10.4,,20,,,7.7,
2006-02-03 03:00:00,,,,,0.0,,,,,0.0,0.0,84,,,1022.3,,,,,,,,,1016.9,,,15.5,,,,18.2,,,,,,,,,,,,,,20,360,7.1,9.9,,20,,,7.3,
2006-02-03 04:00:00,,,,,0.0,,,,,0.0,0.0,83,,,1022.3,,,,,,,,,1016.9,,,15.1,,,,18.1,,,,,,,,,,,,,,10,360,6.8,9.7,,20,,,7.1,
2006-02-03 05:00:00,,,,,0.0,,,,,0.0,0.0,81,,,1022.5,,,,,,,,,1017.1,,,14.9,,,,18.2,,,,,,,,,,,,,,10,20,6.8,9.6,,10,,,7.1,
2006-02-03 06:00:00,,,,,0.0,,,,,0.0,0.0,81,,,1023.2,,,,,,,,,1017.8,0.0,,15.0,,,,18.4,,,,,,,,,,,,,,10,10,6.9,9.6,,10,,,7.2,
2006-02-03 07:00:00,,,,,0.0,,,,,0.0,0.0,81,,,1023.7,,,,,,,,,1018.3,0.0,,15.1,,,,18.4,,,,,,,,,,,,,,10,360,7.8,11.2,,10,,,8.3,
2006-02-03 08:00:00,,7.0,,,0.24,,,,,0.0,0.0,80,,,1024.2,,,,,,,,,1018.8,0.1,,15.2,,,,18.7,,,,,,,,,,10.0,,,,10,10,8.2,12.1,,10,,,9.1,
2006-02-03 09:00:00,,7.0,,,0.85,,,,,0.0,0.0,78,,,1024.7,,,,,,,,,1019.3,0.5,,15.4,,,,19.4,,,,,,,,,,10.0,,,,10,360,8.2,12.6,,10,,,9.1,
2006-02-03 10:00:00,,,,,1.43,,,,,0.0,0.0,76,,,1025.0,,,,,,,,,1019.6,0.5,,15.6,,,,20.0,,,,,,,,,,,,,,20,30,8.7,12.8,,20,,,9.0,
2006-02-03 11:00:00,,8.0,,,1.6,,,,,0.0,0.0,74,,,1024.9,,,,,,,,,1019.5,0.4,,15.7,,,,20.5,,,,,,,,,,10.0,,,,20,20,9.4,12.5,,20,,,9.5,
2006-02-03 12:00:00,,,,,1.73,,,,,0.0,0.0,74,,,1024.3,,,,,,,,,1019.0,0.4,,15.8,,,,20.7,,,,,,,,,,,,,,20,360,10.4,14.6,,20,,,10.4,
2006-02-03 13:00:00,,,,,1.76,,,,,0.0,0.0,75,,,1023.2,,,,,,,,,1017.8,0.3,,15.6,,,,20.2,,,,,,,,,,,,,,20,20,11.9,16.3,,10,,,12.1,
2006-02-03 14:00:00,,9.0,,,1.97,,,,,0.0,0.0,77,,,1022.4,,,,,,,,,1017.0,0.5,,15.5,,,,19.7,,,,,,,,,,10.0,,,,20,10,13.2,18.5,,20,,,13.2,
2006-02-03 15:00:00,,,,,1.22,,,,,0.0,0.0,77,,,1022.4,,,,,,,,,1017.0,0.2,,14.8,,,,19.0,,,,,,,,,,,,,,20,20,14.4,20.0,,20,,,14.7,
2006-02-03 16:00:00,,,,,0.88,,,,,0.0,0.0,80,,,1022.7,,,,,,,,,1017.3,0.3,,14.8,,,,18.4,,,,,,,,,,,,,,20,20,15.8,21.3,,20,,,15.8,
2006-02-03 17:00:00,,10.0,,,0.03,,,,,0.0,0.0,78,,,1022.9,,,,,,,,,1017.5,0.0,,14.3,,,,18.1,,,,,,,,,,10.0,,,,20,20,17.5,24.6,,20,,,17.5,
2006-02-03 18:00:00,,,,,0.0,,,,,0.0,0.0,80,,,1023.5,,,,,,,,,1018.1,0.0,,14.3,,,,17.8,,,,,,,,,,,,,,20,10,17.5,24.8,,20,,,18.1,
2006-02-03 19:00:00,,,,,0.0,,,,,0.0,0.0,82,,,1024.3,,,,,,,,,1018.9,0.0,,14.2,,,,17.3,,,,,,,,,,,,,,20,20,18.6,24.9,,20,,,18.9,
2006-02-03 20:00:00,,,,,0.0,,,,,0.0,0.0,79,,,1025.2,,,,,,,,,1019.8,,,13.4,,,,17.0,,,,,,,,,,,,,,20,30,18.7,26.3,,20,,,18.9,
2006-02-03 21:00:00,,,,,0.0,,,,,0.0,0.0,79,,,1025.6,,,,,,,,,1020.2,,,13.1,,,,16.7,,,,,,,,,,,,,,20,20,18.6,26.5,,20,,,19.4,
2006-02-03 22:00:00,,,,,0.0,,,,,0.0,0.0,79,,,1025.7,,,,,,,,,1020.3,,,13.1,,,,16.7,,,,,,,,,,,,,,20,20,17.8,25.6,,20,,,19.6,
2006-02-03 23:00:00,,,,,0.0,,,,,0.0,0.0,79,,,1025.7,,,,,,,,,1020.3,,,13.3,,,,16.9,,,,,,,,,,,,,,20,30,17.6,25.0,,20,,,18.8,
2006-02-04 00:00:00,,,,,0.0,,,,,0.0,0.0,80,,,1025.0,,,,,,,,,1019.6,,,13.1,,,,16.5,,,,,,,,,,,,,,20,20,17.5,25.3,,20,,,18.1,
2006-02-04 01:00:00,,,,,0.0,,,,,0.0,0.0,79,,,1025.4,,,,,,,,,1020.0,,,12.8,,,,16.5,,,,,,,,,,,,,,20,20,17.4,25.3,,20,,,18.2,
2006-02-04 02:00:00,,,,,0.0,,,,,0.0,0.0,81,,,1025.2,,,,,,,,,1019.8,,,12.9,,,,16.1,,,,,,,,,,,,,,20,20,17.7,27.1,,10,,,18.4,
2006-02-04 03:00:00,,,,,0.0,,,,,0.0,0.0,80,,,1025.1,,,,,,,,,1019.7,,,12.5,,,,15.9,,,,,,,,,,,,,,20,10,17.4,25.0,,20,,,17.7,
2006-02-04 04:00:00,,,,,0.0,,,,,0.0,0.0,79,,,1025.0,,,,,,,,,1019.6,,,12.0,,,,15.7,,,,,,,,,,,,,,20,20,18.1,26.0,,20,,,18.4,
2006-02-04 05:00:00,,,,,0.0,,,,,0.0,0.0,81,,,1025.5,,,,,,,,,1020.0,,,12.2,,,,15.4,,,,,,,,,,,,,,20,20,18.4,27.8,,10,,,19.6,
2006-02-04 06:00:00,,,,,0.0,,,,,0.0,0.0,81,,,1026.2,,,,,,,,,1020.7,0.0,,12.1,,,,15.4,,,,,,,,,,,,,,20,360,17.3,29.3,,20,,,18.9,
2006-02-04 07:00:00,,,,,0.0,,,,,0.0,0.0,80,,,1026.8,,,,,,,,,1021.3,0.0,,11.7,,,,15.1,,,,,,,,,,,,,,20,10,18.3,26.6,,20,,,19.1,
2006-02-04 08:00:00,,10.0,,,0.0,,,,,0.0,0.0,80,,,1026.8,,,,,,,,,1021.3,0.0,,11.8,,,,15.3,,,,,,,,,,10.0,,,,20,10,18.5,27.5,,20,,,19.1,
2006-02-04 09:00:00,,10.0,,,0.32,,,,,0.0,0.0,81,,,1026.8,,,,,,,,,1021.3,0.0,,12.1,,,,15.4,,,,,,,,,,10.0,,,,20,30,18.7,27.7,,20,,,20.0,
2006-02-04 10:00:00,,,,,0.63,,,,,0.0,0.0,79,,,1027.2,,,,,,,,,1021.7,0.0,,11.7,,,,15.3,,,,,,,,,,,,,,20,20,18.9,26.6,,20,,,19.2,
2006-02-04 11:00:00,,10.0,,,0.75,,,,,0.0,0.0,80,,,1026.8,,,,,,,,,1021.3,0.0,,11.7,,,,15.1,,,,,,,,,,10.0,,,,20,10,18.3,26.3,,20,,,19.1,
2006-02-04 12:00:00,,,,,1.19,,,,,0.0,0.0,78,,,1026.3,,,,,,,,,1020.8,0.1,,11.8,,,,15.6,,,,,,,,,,,,,,20,20,18.8,27.5,,20,,,19.1,
2006-02-04 13:00:00,,,,,1.17,,,,,0.0,0.0,78,,,1025.2,,,,,,,,,1019.7,0.1,,11.3,,,,15.2,,,,,,,,,,,,,,20,30,18.6,25.6,,20,,,19.2,
2006-02-04 14:00:00,,10.0,,,1.1,,,,,0.0,0.0,79,,,1024.4,,,,,,,,,1018.9,0.1,,11.4,,,,15.0,,,,,,,,,,10.0,,,,20,30,18.8,25.7,,20,,,19.0,
2006-02-04 15:00:00,,,,,0.81,,,,,0.0,0.0,79,,,1023.6,,,,,,,,,1018.2,0.0,,11.4,,,,15.1,,,,,,,,,,,,,,20,20,18.3,25.2,,20,,,19.3,
2006-02-04 16:00:00,,,,,0.53,,,,,0.0,0.0,80,,,1024.0,,,,,,,,,1018.5,0.0,,11.5,,,,15.0,,,,,,,,,,,,,,20,10,17.3,24.7,,20,,,18.4,
2006-02-04 17:00:00,,9.0,,,0.31,,,,,0.0,0.0,81,,,1023.8,,,,,,,,,1018.3,0.1,,11.6,,,,14.9,,,,,,,,,,10.0,,,,20,20,17.5,25.3,,20,,,18.3,
2006-02-04 18:00:00,,,,,0.0,,,,,0.0,0.0,81,,,1024.3,,,,,,,,,1018.8,0.0,,11.8,,,,15.1,,,,,,,,,,,,,,20,20,17.1,24.3,,20,,,17.8,
2006-02-04 19:00:00,,,,,0.0,,,,,0.0,0.0,79,,,1024.8,,,,,,,,,1019.3,0.0,,11.3,,,,15.0,,,,,,,,,,,,,,20,10,16.5,23.5,,20,,,17.5,
2006-02-04 20:00:00,,,,,0.0,,,,,0.0,0.0,79,,,1025.5,,,,,,,,,1020.0,,,11.7,,,,15.3,,,,,,,,,,,,,,20,360,15.6,23.4,,20,,,17.0,
2006-02-04 21:00:00,,,,,0.0,,,,,0.0,0.0,79,,,1025.8,,,,,,,,,1020.3,,,11.8,,,,15.4,,,,,,,,,,,,,,20,20,16.5,23.2,,20,,,16.9,
2006-02-04 22:00:00,,,,,0.0,,,,,0.0,0.0,79,,,1026.0,,,,,,,,,1020.5,,,11.8,,,,15.4,,,,,,,,,,,,,,10,360,15.0,23.1,,20,,,16.5,
2006-02-04 23:00:00,,,,,0.0,,,,,0.0,0.0,81,,,1025.8,,,,,,,,,1020.3,,,12.2,,,,15.5,,,,,,,,,,,,,,20,10,14.2,22.3,,10,,,15.6,
2006-02-05 00:00:00,,,,,0.0,,,,,0.0,0.0,81,,,1025.2,,,,,,,,,1019.8,,,12.3,,,,15.6,,,,,,,,,,,,,,20,10,14.1,20.8,,20,,,14.5,
2006-02-05 01:00:00,,,,,0.0,,,,,0.0,0.0,81,,,1024.9,,,,,,,,,1019.5,,,12.4,,,,15.7,,,,,,,,,,,,,,10,10,12.9,20.2,,20,,,14.0,
2006-02-05 02:00:00,,,,,0.0,,,,,0.0,0.0,80,,,1024.4,,,,,,,,,1019.0,,,12.4,,,,15.9,,,,,,,,,,,,,,10,10,11.7,19.1,,10,,,13.9,
2006-02-05 03:00:00,,,,,0.0,,,,,0.0,0.0,81,,,1024.0,,,,,,,,,1018.6,,,12.8,,,,16.0,,,,,,,,,,,,,,20,20,11.3,16.9,,10,,,12.6,
2006-02-05 04:00:00,,,,,0.0,,,,,0.0,0.0,79,,,1023.9,,,,,,,,,1018.5,,,12.9,,,,16.5,,,,,,,,,,,,,,10,10,10.1,15.4,,10,,,11.3,
2006-02-05 05:00:00,,,,,0.0,,,,,0.0,0.0,79,,,1023.9,,,,,,,,,1018.5,,,12.7,,,,16.4,,,,,,,,,,,,,,10,10,10.7,15.1,,10,,,10.9,
2006-02-05 06:00:00,,,,,0.0,,,,,0.0,0.0,81,,,1024.6,,,,,,,,,1019.2,0.0,,13.0,,,,16.3,,,,,,,,,,,,,,10,10,11.7,16.2,,10,,,11.9,
2006-02-05 07:00:00,,,,,0.0,,,,,0.0,0.0,81,,,1024.9,,,,,,,,,1019.5,0.0,,12.9,,,,16.2,,,,,,,,,,,,,,360,10,12.4,17.9,,360,,,13.4,
2006-02-05 08:00:00,,9.0,,,0.0,,,,,0.0,0.0,79,,,1025.0,,,,,,,,,1019.6,0.0,,12.6,,,,16.3,,,,,,,,,,10.0,,,,10,10,13.6,18.6,,10,,,13.7,
2006-02-05 09:00:00,,9.0,,,0.39,,,,,0.0,0.0,79,,,1025.4,,,,,,,,,1020.0,0.0,,12.9,,,,16.5,,,,,,,,,,10.0,,,,10,360,11.8,17.5,,10,,,13.4,
2006-02-05 10:00:00,,,,,0.75,,,,,0.0,0.0,79,,,1025.6,,,,,,,,,1020.2,0.0,,13.4,,,,17.0,,,,,,,,,,,,,,10,360,10.3,15.1,,10,,,11.6,
2006-02-05 11:00:00,,9.0,,,1.05,,,,,0.0,0.0,79,,,1024.6,,,,,,,,,1019.2,0.1,,13.4,,,,17.0,,,,,,,,,,15.0,,,,360,10,10.7,14.8,,10,,,10.9,
2006-02-05 12:00:00,,,,,1.35,,,,,0.0,0.0,80,,,1023.4,,,,,,,,,1018.0,0.1,,13.6,,,,17.1,,,,,,,,,,,,,,10,360,11.2,15.4,,10,,,12.0,
2006-02-05 13:00:00,,,,,0.92,,,,,0.0,0.0,83,,,1022.9,,,,,,,,,1017.5,0.1,,13.4,,,,16.3,,,,,,,,,,,,,,360,360,9.9,16.1,,360,,,12.1,
2006-02-05 14:00:00,,10.0,,,0.6,,,,,0.0,0.0,83,,,1021.9,,,,,,,,,1016.5,0.0,,13.1,,,,16.0,,,,,,,,,,10.0,,,,10,360,9.0,13.8,,360,,,10.0,
2006-02-05 15:00:00,,,,,0.62,,,,,0.0,0.0,83,,,1021.0,,,,,,,,,1015.6,0.0,,13.1,,,,15.9,,,,,,,,,,,,,,10,10,8.2,13.8,,360,,,9.4,
2006-02-05 16:00:00,,,,,0.16,,,,,0.0,0.0,83,,,1020.9,,,,,,,,,1015.5,0.0,,12.8,,,,15.7,,,,,,,,,,,,,,10,20,8.4,12.1,,10,,,8.6,
2006-02-05 17:00:00,,10.0,,,0.02,,,,,0.0,0.0,83,,,1021.0,,,,,,,,,1015.6,0.0,,12.7,,,,15.6,,,,,,,,,,10.0,,,,20,10,7.7,12.0,,10,,,8.6,
2006-02-05 18:00:00,,,,,0.0,,,,,0.0,0.0,83,,,1021.0,,,,,,,,,1015.6,0.0,,12.6,,,,15.5,,,,,,,,,,,,,,10,10,8.3,11.0,,10,,,8.4,
2006-02-05 19:00:00,,,,,0.0,,,,,0.0,0.0,84,,,1021.3,,,,,,,,,1015.9,0.0,,12.7,,,,15.4,,,,,,,,,,,,,,10,10,7.5,12.0,,10,,,8.8,
2006-02-05 20:00:00,,,,,0.0,,,,,0.0,0.0,83,,,1021.7,,,,,,,,,1016.3,,,12.8,,,,15.6,,,,,,,,,,,,,,20,360,8.0,12.3,,10,,,8.5,
2006-02-05 21:00:00,,,,,0.0,,,,,0.0,0.0,82,,,1022.1,,,,,,,,,1016.7,,,12.8,,,,15.8,,,,,,,,,,,,,,10,10,7.4,10.6,,20,,,8.2,
2006-02-05 22:00:00,,,,,0.0,,,,,0.0,0.0,83,,,1022.1,,,,,,,,,1016.7,,,12.5,,,,15.4,,,,,,,,,,,,,,20,20,8.6,13.9,,10,,,10.2,
2006-02-05 23:00:00,,,,,0.0,,,,,0.0,0.0,83,,,1022.0,,,,,,,,,1016.6,,,12.6,,,,15.4,,,,,,,,,,,,,,20,20,7.3,12.5,,10,,,8.9,
2006-02-06 00:00:00,,,,,0.0,,,,,0.0,0.0,83,,,1021.3,,,,,,,,,1015.9,,,12.6,,,,15.4,,,,,,,,,,,,,,20,10,5.5,9.3,,20,,,7.4,
2006-02-06 01:00:00,,,,,0.0,,,,,0.0,0.0,82,,,1020.8,,,,,,,,,1015.4,,,12.6,,,,15.7,,,,,,,,,,,,,,10,30,6.6,10.3,,10,,,6.6,
2006-02-06 02:00:00,,,,,0.0,,,,,0.0,0.0,83,,,1020.0,,,,,,,,,1014.6,,,12.8,,,,15.6,,,,,,,,,,,,,,10,10,6.5,10.4,,10,,,7.7,
2006-02-06 03:00:00,,,,,0.0,,,,,0.0,0.0,85,,,1019.8,,,,,,,,,1014.4,,,13.1,,,,15.7,,,,,,,,,,,,,,30,20,4.6,9.1,,20,,,7.0,
2006-02-06 04:00:00,,,,,0.0,,,,,0.0,0.0,84,,,1019.7,,,,,,,,,1014.3,,,13.5,,,,16.2,,,,,,,,,,,,,,10,30,4.7,6.6,,30,,,4.7,
2006-02-06 05:00:00,,,,,0.0,,,,,0.0,0.0,84,,,1019.7,,,,,,,,,1014.3,,,13.6,,,,16.4,,,,,,,,,,,,,,20,10,4.8,7.3,,10,,,5.3,
2006-02-06 06:00:00,,,,,0.0,,,,,0.0,0.0,84,,,1020.2,,,,,,,,,1014.8,0.0,,13.6,,,,16.3,,,,,,,,,,,,,,360,360,5.0,7.9,,10,,,5.2,
2006-02-06 07:00:00,,,,,0.0,,,,,0.0,0.0,84,,,1020.4,,,,,,,,,1015.0,0.0,,13.5,,,,16.2,,,,,,,,,,,,,,10,360,4.8,7.2,,360,,,5.2,
2006-02-06 08:00:00,,3.0,,,0.42,,,,,0.0,0.0,84,,,1020.4,,,,,,,,,1015.0,0.7,,14.8,,,,17.5,,,,,,,,,,20.0,,,,10,20,5.3,7.6,,20,,,5.5,
2006-02-06 09:00:00,,2.0,,,1.27,,,,,0.0,0.0,78,,,1020.9,,,,,,,,,1015.5,1.0,,15.2,,,,19.1,,,,,,,,,,20.0,,,,30,20,5.5,7.9,,20,,,6.2,
2006-02-06 10:00:00,,,,,1.99,,,,,0.0,0.0,75,,,1020.6,,,,,,,,,1015.3,1.0,,15.0,,,,19.6,,,,,,,,,,,,,,20,20,5.7,7.6,,20,,,5.8,
2006-02-06 11:00:00,,1.0,,,2.45,,,,,0.0,0.0,71,,,1020.2,,,,,,,,,1014.9,1.0,,15.1,,,,20.5,,,,,,,,,,20.0,,,,10,10,5.1,7.6,,20,,,5.9,
2006-02-06 12:00:00,,,,,3.0,,,,,0.0,0.0,71,,,1019.4,,,,,,,,,1014.1,1.0,,14.7,,,,20.1,,,,,,,,,,,,,,10,20,5.7,8.7,,360,,,6.4,
2006-02-06 13:00:00,,,,,3.0,,,,,0.0,0.0,71,,,1018.6,,,,,,,,,1013.3,1.0,,14.9,,,,20.4,,,,,,,,,,,,,,10,10,6.5,9.0,,10,,,6.7,
2006-02-06 14:00:00,,0.0,,,2.67,,,,,0.0,0.0,70,,,1017.6,,,,,,,,,1012.3,1.0,,14.8,,,,20.5,,,,,,,,,,25.0,,,,360,10,5.9,9.3,,10,,,6.8,
2006-02-06 15:00:00,,,,,2.17,,,,,0.0,0.0,70,,,1017.2,,,,,,,,,1011.9,1.0,,14.8,,,,20.4,,,,,,,,,,,,,,360,360,6.2,9.3,,360,,,6.5,
2006-02-06 16:00:00,,,,,1.47,,,,,0.0,0.0,71,,,1017.4,,,,,,,,,1012.1,1.0,,14.7,,,,20.1,,,,,,,,,,,,,,360,360,6.4,10.3,,360,,,7.2,
2006-02-06 17:00:00,,0.0,,,0.77,,,,,0.0,0.0,74,,,1018.0,,,,,,,,,1012.7,1.0,,14.6,,,,19.4,,,,,,,,,,25.0,,,,10,360,6.1,9.7,,360,,,7.2,
2006-02-06 18:00:00,,,,,0.06,,,,,0.0,0.0,79,,,1018.4,,,,,,,,,1013.0,0.6,,14.9,,,,18.7,,,,,,,,,,,,,,10,360,7.5,9.9,,10,,,7.5,
2006-02-06 19:00:00,,,,,0.0,,,,,0.0,0.0,80,,,1019.0,,,,,,,,,1013.6,0.0,,14.8,,,,18.4,,,,,,,,,,,,,,20,30,7.8,10.4,,20,,,7.8,
2006-02-06 20:00:00,,,,,0.0,,,,,0.0,0.0,77,,,1019.6,,,,,,,,,1014.2,,,14.2,,,,18.2,,,,,,,,,,,,,,40,30,7.0,10.6,,30,,,8.0,
2006-02-06 21:00:00,,,,,0.0,,,,,0.0,0.0,69,,,1020.1,,,,,,,,,1014.7,,,13.4,,,,19.2,,,,,,,,,,,,,,40,30,6.8,10.3,,30,,,7.3,
2006-02-06 22:00:00,,,,,0.0,,,,,0.0,0.0,72,,,1020.0,,,,,,,,,1014.7,,,14.3,,,,19.5,,,,,,,,,,,,,,30,20,7.3,10.8,,30,,,8.2,
2006-02-06 23:00:00,,,,,0.0,,,,,0.0,0.0,76,,,1020.7,,,,,,,,,1015.3,,,15.0,,,,19.4,,,,,,,,,,,,,,20,10,8.2,11.8,,30,,,8.3,
2006-02-07 00:00:00,,,,,0.0,,,,,0.0,0.0,73,,,1020.5,,,,,,,,,1015.2,,,14.7,,,,19.6,,,,,,,,,,,,,,20,20,9.2,12.8,,20,,,9.6,
2006-02-07 01:00:00,,,,,0.0,,,,,0.0,0.0,72,,,1020.1,,,,,,,,,1014.8,,,14.2,,,,19.4,,,,,,,,,,,,,,20,20,10.0,13.9,,20,,,10.0,
2006-02-07 02:00:00,,,,,0.0,,,,,0.0,0.0,68,,,1019.7,,,,,,,,,1014.4,,,13.4,,,,19.5,,,,,,,,,,,,,,20,20,11.7,15.5,,20,,,11.7,
2006-02-07 03:00:00,,,,,0.0,,,,,0.0,0.0,70,,,1019.5,,,,,,,,,1014.2,,,13.7,,,,19.4,,,,,,,,,,,,,,20,20,12.0,16.4,,20,,,12.3,
2006-02-07 04:00:00,,,,,0.0,,,,,0.0,0.0,76,,,1019.7,,,,,,,,,1014.3,,,14.4,,,,18.8,,,,,,,,,,,,,,20,20,11.6,15.9,,20,,,11.9,
2006-02-07 05:00:00,,,,,0.0,,,,,0.0,0.0,82,,,1019.9,,,,,,,,,1014.5,,,14.9,,,,18.1,,,,,,,,,,,,,,20,10,11.4,16.4,,20,,,12.1,
2006-02-07 06:00:00,,,,,0.0,,,,,0.0,0.0,82,,,1020.4,,,,,,,,,1015.0,0.0,,15.0,,,,18.1,,,,,,,,,,,,,,20,20,12.2,17.0,,20,,,12.2,
2006-02-07 07:00:00,,,,,0.0,,,,,0.0,0.0,82,,,1020.8,,,,,,,,,1015.4,0.0,,14.9,,,,18.1,,,,,,,,,,,,,,20,20,12.7,17.9,,20,,,13.1,
2006-02-07 08:00:00,,7.0,,,0.26,,,,,0.0,0.0,82,,,1021.6,,,,,,,,,1016.2,0.2,,15.0,,,,18.1,,,,,,,,,,10.0,,,,20,20,13.2,18.8,,20,,,13.6,
2006-02-07 09:00:00,,7.0,,,0.82,,,,,0.0,0.0,81,,,1021.6,,,,,,,,,1016.2,0.4,,14.6,,,,18.0,,,,,,,,,,10.0,,,,10,360,14.4,19.8,,10,,,14.4,
2006-02-07 10:00:00,,,,,1.63,,,,,0.0,0.0,77,,,1022.0,,,,,,,,,1016.6,0.8,,14.2,,,,18.3,,,,,,,,,,,,,,20,20,14.5,22.2,,10,,,15.1,
2006-02-07 11:00:00,,8.0,,,1.96,,,,,0.0,0.0,74,,,1021.6,,,,,,,,,1016.2,0.7,,14.0,,,,18.7,,,,,,,,,,10.0,,,,20,20,13.7,19.2,,20,,,14.1,
2006-02-07 12:00:00,,,,,2.44,,,,,0.0,0.0,75,,,1021.2,,,,,,,,,1015.8,0.7,,14.8,,,,19.4,,,,,,,,,,,,,,20,30,13.3,18.2,,20,,,14.0,
2006-02-07 13:00:00,,,,,2.47,,,,,0.0,0.0,75,,,1020.6,,,,,,,,,1015.2,0.7,,14.7,,,,19.2,,,,,,,,,,,,,,20,20,12.3,18.8,,20,,,13.4,
2006-02-07 14:00:00,,7.0,,,2.11,,,,,0.0,0.0,75,,,1020.2,,,,,,,,,1014.8,0.7,,14.2,,,,18.7,,,,,,,,,,10.0,,,,20,10,13.2,19.6,,10,,,14.2,
2006-02-07 15:00:00,,,,,1.57,,,,,0.0,0.0,77,,,1019.7,,,,,,,,,1014.3,0.5,,13.9,,,,17.9,,,,,,,,,,,,,,10,10,15.4,22.3,,10,,,15.9,
2006-02-07 16:00:00,,,,,1.31,,,,,0.0,0.0,76,,,1019.9,,,,,,,,,1014.5,0.7,,13.5,,,,17.8,,,,,,,,,,,,,,10,360,14.6,22.2,,10,,,16.1,
2006-02-07 17:00:00,,4.0,,,0.69,,,,,0.0,0.0,76,,,1020.6,,,,,,,,,1015.2,0.6,,13.3,,,,17.5,,,,,,,,,,10.0,,,,20,10,15.6,21.3,,20,,,15.6,
2006-02-07 18:00:00,,,,,0.03,,,,,0.0,0.0,75,,,1021.2,,,,,,,,,1015.8,0.0,,12.9,,,,17.4,,,,,,,,,,,,,,20,20,14.4,21.6,,20,,,15.5,
2006-02-07 19:00:00,,,,,0.0,,,,,0.0,0.0,77,,,1022.0,,,,,,,,,1016.6,0.0,,13.1,,,,17.2,,,,,,,,,,,,,,20,20,14.5,22.6,,20,,,15.7,
2006-02-07 20:00:00,,,,,0.0,,,,,0.0,0.0,75,,,1022.9,,,,,,,,,1017.5,,,12.8,,,,17.2,,,,,,,,,,,,,,20,20,15.2,22.3,,20,,,15.4,
2006-02-07 21:00:00,,,,,0.0,,,,,0.0,0.0,72,,,1023.3,,,,,,,,,1017.9,,,12.3,,,,17.3,,,,,,,,,,,,,,20,20,15.2,21.0,,20,,,16.6,
2006-02-07 22:00:00,,,,,0.0,,,,,0.0,0.0,74,,,1023.5,,,,,,,,,1018.1,,,12.7,,,,17.4,,,,,,,,,,,,,,20,20,14.3,21.0,,20,,,15.8,
2006-02-07 23:00:00,,,,,0.0,,,,,0.0,0.0,72,,,1023.6,,,,,,,,,1018.2,,,12.5,,,,17.6,,,,,,,,,,,,,,20,10,14.8,21.1,,20,,,15.9,
2006-02-08 00:00:00,,,,,0.0,,,,,0.0,0.0,73,,,1023.8,,,,,,,,,1018.4,,,12.7,,,,17.7,,,,,,,,,,,,,,20,20,14.7,21.2,,20,,,16.0,
2006-02-08 01:00:00,,,,,0.0,,,,,0.0,0.0,70,,,1023.6,,,,,,,,,1018.2,,,12.1,,,,17.6,,,,,,,,,,,,,,20,20,15.3,21.0,,20,,,15.7,
2006-02-08 02:00:00,,,,,0.0,,,,,0.0,0.0,71,,,1023.6,,,,,,,,,1018.2,,,12.4,,,,17.7,,,,,,,,,,,,,,20,20,13.5,20.6,,20,,,15.5,
2006-02-08 03:00:00,,,,,0.0,,,,,0.0,0.0,71,,,1023.2,,,,,,,,,1017.8,,,12.4,,,,17.8,,,,,,,,,,,,,,20,20,13.4,19.4,,20,,,14.4,
2006-02-08 04:00:00,,,,,0.0,,,,,0.0,0.0,73,,,1023.6,,,,,,,,,1018.2,,,12.9,,,,17.9,,,,,,,,,,,,,,20,10,11.6,17.9,,20,,,13.4,
2006-02-08 05:00:00,,,,,0.0,,,,,0.0,0.0,74,,,1023.5,,,,,,,,,1018.1,,,12.9,,,,17.6,,,,,,,,,,,,,,10,360,12.6,17.9,,10,,,12.6,
2006-02-08 06:00:00,,,,,0.0,,,,,0.0,0.0,72,,,1024.3,,,,,,,,,1018.9,0.0,,12.6,,,,17.6,,,,,,,,,,,,,,20,10,12.7,19.2,,10,,,13.7,
2006-02-08 07:00:00,,,,,0.0,,,,,0.0,0.0,73,,,1024.6,,,,,,,,,1019.2,0.0,,12.3,,,,17.2,,,,,,,,,,,,,,20,10,14.4,21.8,,10,,,14.9,
2006-02-08 08:00:00,,3.0,,,0.37,,,,,0.0,0.0,71,,,1025.4,,,,,,,,,1020.0,0.4,,12.5,,,,17.8,,,,,,,,,,10.0,,,,20,20,15.3,21.2,,20,,,15.8,
2006-02-08 09:00:00,,4.0,,,0.9,,,,,0.0,0.0,73,,,1025.9,,,,,,,,,1020.5,0.5,,13.1,,,,18.0,,,,,,,,,,10.0,,,,20,10,14.8,20.5,,20,,,15.3,
2006-02-08 10:00:00,,,,,1.85,,,,,0.0,0.0,69,,,1026.1,,,,,,,,,1020.7,0.9,,12.6,,,,18.3,,,,,,,,,,,,,,20,20,16.1,23.1,,10,,,16.3,
2006-02-08 11:00:00,,6.0,,,2.49,,,,,0.0,0.0,68,,,1025.5,,,,,,,,,1020.1,0.9,,12.4,,,,18.3,,,,,,,,,,10.0,,,,20,10,16.8,23.6,,20,,,17.0,
2006-02-08 12:00:00,,,,,2.79,,,,,0.0,0.0,67,,,1025.0,,,,,,,,,1019.6,0.9,,11.9,,,,18.1,,,,,,,,,,,,,,20,30,17.8,24.4,,20,,,18.0,
2006-02-08 13:00:00,,,,,2.64,,,,,0.0,0.0,69,,,1024.3,,,,,,,,,1018.9,0.9,,12.6,,,,18.3,,,,,,,,,,,,,,20,30,17.0,23.4,,20,,,17.9,
2006-02-08 14:00:00,,2.0,,,2.55,,,,,0.0,0.0,72,,,1023.5,,,,,,,,,1018.1,1.0,,12.5,,,,17.5,,,,,,,,,,10.0,,,,20,10,16.2,26.5,,20,,,17.5,
2006-02-08 15:00:00,,,,,1.86,,,,,0.0,0.0,73,,,1023.5,,,,,,,,,1018.1,0.8,,11.9,,,,16.7,,,,,,,,,,,,,,20,360,16.8,24.6,,20,,,17.4,
2006-02-08 16:00:00,,,,,1.16,,,,,0.0,0.0,75,,,1024.0,,,,,,,,,1018.6,0.7,,11.6,,,,16.1,,,,,,,,,,,,,,20,20,16.4,23.5,,20,,,17.5,
2006-02-08 17:00:00,,1.0,,,0.64,,,,,0.0,0.0,76,,,1024.4,,,,,,,,,1019.0,0.6,,11.3,,,,15.5,,,,,,,,,,10.0,,,,20,20,17.3,24.3,,20,,,17.5,
2006-02-08 18:00:00,,,,,0.01,,,,,0.0,0.0,76,,,1024.9,,,,,,,,,1019.5,0.0,,11.2,,,,15.4,,,,,,,,,,,,,,20,10,17.5,24.8,,20,,,17.5,
2006-02-08 19:00:00,,,,,0.0,,,,,0.0,0.0,76,,,1025.8,,,,,,,,,1020.3,0.0,,11.2,,,,15.4,,,,,,,,,,,,,,20,20,18.0,25.5,,20,,,18.4,
2006-02-08 20:00:00,,,,,0.0,,,,,0.0,0.0,76,,,1026.7,,,,,,,,,1021.2,,,11.4,,,,15.6,,,,,,,,,,,,,,20,30,15.9,24.3,,20,,,18.1,
2006-02-08 21:00:00,,,,,0.0,,,,,0.0,0.0,75,,,1027.3,,,,,,,,,1021.8,,,11.2,,,,15.6,,,,,,,,,,,,,,20,20,16.5,22.9,,20,,,17.0,
2006-02-08 22:00:00,,,,,0.0,,,,,0.0,0.0,76,,,1028.0,,,,,,,,,1022.5,,,11.4,,,,15.6,,,,,,,,,,,,,,20,20,16.4,23.0,,20,,,17.7,
2006-02-08 23:00:00,,,,,0.0,,,,,0.0,0.0,74,,,1028.1,,,,,,,,,1022.6,,,10.8,,,,15.5,,,,,,,,,,,,,,20,360,17.2,24.0,,20,,,17.8,
2006-02-09 00:00:00,,,,,0.0,,,,,0.0,0.0,77,,,1028.3,,,,,,,,,1022.8,,,11.6,,,,15.6,,,,,,,,,,,,,,20,20,14.6,24.0,,20,,,17.5,
2006-02-09 01:00:00,,,,,0.0,,,,,0.0,0.0,74,,,1028.0,,,,,,,,,1022.5,,,10.6,,,,15.3,,,,,,,,,,,,,,20,20,15.5,23.0,,20,,,16.4,
2006-02-09 02:00:00,,,,,0.0,,,,,0.0,0.0,75,,,1027.8,,,,,,,,,1022.3,,,10.9,,,,15.2,,,,,,,,,,,,,,20,10,15.7,22.7,,10,,,16.1,
2006-02-09 03:00:00,,,,,0.0,,,,,0.0,0.0,77,,,1027.6,,,,,,,,,1022.1,,,11.2,,,,15.2,,,,,,,,,,,,,,20,10,15.6,23.6,,20,,,16.1,
2006-02-09 04:00:00,,,,,0.0,,,,,0.0,0.0,78,,,1027.5,,,,,,,,,1022.0,,,11.4,,,,15.2,,,,,,,,,,,,,,20,20,14.7,22.5,,20,,,15.9,
2006-02-09 05:00:00,,,,,0.0,,,,,0.0,0.0,77,,,1027.2,,,,,,,,,1021.7,,,11.2,,,,15.2,,,,,,,,,,,,,,20,10,13.9,20.1,,20,,,14.9,
2006-02-09 06:00:00,,,,,0.0,,,,,0.0,0.0,76,,,1027.7,,,,,,,,,1022.2,0.0,,11.1,,,,15.2,,,,,,,,,,,,,,20,20,15.2,19.9,,20,,,15.3,
2006-02-09 07:00:00,,,,,0.0,,,,,0.0,0.0,77,,,1027.9,,,,,,,,,1022.4,0.0,,11.4,,,,15.4,,,,,,,,,,,,,,20,20,13.7,20.9,,20,,,15.2,
2006-02-09 08:00:00,,8.0,,,0.29,,,,,0.0,0.0,76,,,1028.2,,,,,,,,,1022.7,0.1,,11.8,,,,16.1,,,,,,,,,,10.0,,,,20,20,13.2,18.0,,20,,,13.9,
2006-02-09 09:00:00,,8.0,,,0.72,,,,,0.0,0.0,75,,,1028.6,,,,,,,,,1023.2,0.4,,12.0,,,,16.5,,,,,,,,,,10.0,,,,20,20,12.8,18.1,,20,,,13.6,
2006-02-09 10:00:00,,,,,0.88,,,,,0.0,0.0,78,,,1028.8,,,,,,,,,1023.3,0.1,,12.1,,,,15.9,,,,,,,,,,,,,,20,20,13.9,19.3,,20,,,14.3,
2006-02-09 11:00:00,,9.0,,,0.75,,,,,0.0,0.0,76,,,1028.4,,,,,,,,,1023.0,0.0,,12.2,,,,16.4,,,,,,,,,,10.0,,,,10,10,12.9,18.6,,20,,,13.8,
2006-02-09 12:00:00,,,,,2.27,,,,,0.0,0.0,75,,,1027.5,,,,,,,,,1022.1,0.6,,12.3,,,,16.8,,,,,,,,,,,,,,10,10,13.9,20.4,,10,,,14.9,
2006-02-09 13:00:00,,,,,2.08,,,,,0.0,0.0,76,,,1026.0,,,,,,,,,1020.6,0.5,,12.4,,,,16.6,,,,,,,,,,,,,,10,10,13.5,20.0,,10,,,14.7,
2006-02-09 14:00:00,,8.0,,,1.16,,,,,0.0,0.0,79,,,1025.2,,,,,,,,,1019.8,0.1,,12.1,,,,15.7,,,,,,,,,,10.0,,,,20,360,13.0,20.1,,20,,,13.9,
2006-02-09 15:00:00,,,,,1.03,,,,,0.0,0.0,80,,,1025.0,,,,,,,,,1019.6,0.0,,12.3,,,,15.7,,,,,,,,,,,,,,10,10,13.8,20.6,,10,,,14.8,
2006-02-09 16:00:00,,,,,0.63,,,,,0.0,0.0,81,,,1024.9,,,,,,,,,1019.4,0.0,,11.7,,,,14.9,,,,,,,,,,,,,,10,10,13.4,19.0,,20,,,13.8,
2006-02-09 17:00:00,,10.0,,,0.12,,,,,0.0,0.0,80,,,1025.5,,,,,,,,,1020.0,0.0,,11.6,,,,15.0,,,,,,,,,,10.0,,,,20,10,11.6,17.1,,10,,,13.6,
2006-02-09 18:00:00,,,,,0.0,,,,,0.0,0.0,82,,,1025.6,,,,,,,,,1020.1,0.0,,12.0,,,,15.1,,,,,,,,,,,,,,10,10,12.0,16.6,,10,,,12.0,
2006-02-09 19:00:00,,,,,0.0,,,,,0.0,0.0,83,,,1025.6,,,,,,,,,1020.1,0.0,,12.0,,,,14.9,,,,,,,,,,,,,,10,10,12.4,18.2,,10,,,13.1,
2006-02-09 20:00:00,,,,,0.0,,,,,0.0,0.0,83,,,1026.4,,,,,,,,,1020.9,,,12.3,,,,15.2,,,,,,,,,,,,,,10,360,10.9,18.6,,10,,,12.7,
2006-02-09 21:00:00,,,,,0.0,,,,,0.0,0.0,81,,,1026.5,,,,,,,,,1021.0,,,12.2,,,,15.4,,,,,,,,,,,,,,10,20,8.9,15.3,,10,,,11.0,
2006-02-09 22:00:00,,,,,0.0,,,,,0.0,0.0,82,,,1025.9,,,,,,,,,1020.4,,,12.3,,,,15.3,,,,,,,,,,,,,,10,360,10.2,13.9,,10,,,10.2,
2006-02-09 23:00:00,,,,,0.0,,,,,0.0,0.0,82,,,1025.8,,,,,,,,,1020.4,,,12.6,,,,15.7,,,,,,,,,,,,,,10,360,8.9,14.6,,10,,,10.4,
2006-02-10 00:00:00,,,,,0.0,,,,,0.0,0.0,83,,,1026.1,,,,,,,,,1020.6,,,12.6,,,,15.4,,,,,,,,,,,,,,10,10,9.6,14.3,,10,,,10.4,
2006-02-10 01:00:00,,,,,0.0,,,,,0.0,0.0,83,,,1025.4,,,,,,,,,1019.9,,,12.5,,,,15.4,,,,,,,,,,,,,,10,360,8.7,12.8,,10,,,9.5,
2006-02-10 02:00:00,,,,,0.0,,,,,0.0,0.0,82,,,1024.7,,,,,,,,,1019.3,,,12.3,,,,15.4,,,,,,,,,,,,,,10,10,8.7,12.9,,10,,,9.4,
2006-02-10 03:00:00,,,,,0.0,,,,,0.0,0.0,81,,,1024.1,,,,,,,,,1018.7,,,12.2,,,,15.5,,,,,,,,,,,,,,10,10,8.7,13.5,,10,,,9.7,
2006-02-10 04:00:00,,,,,0.0,,,,,0.0,0.0,84,,,1024.1,,,,,,,,,1018.7,,,12.6,,,,15.3,,,,,,,,,,,,,,10,10,8.1,12.4,,10,,,9.2,
2006-02-10 05:00:00,,,,,0.0,,,,,0.0,0.0,83,,,1024.0,,,,,,,,,1018.6,,,12.4,,,,15.3,,,,,,,,,,,,,,10,10,7.1,11.3,,10,,,8.5,
2006-02-10 06:00:00,,,,,0.0,,,,,0.0,0.0,83,,,1024.2,,,,,,,,,1018.8,0.0,,12.7,,,,15.6,,,,,,,,,,,,,,20,10,5.8,10.3,,10,,,7.4,
2006-02-10 07:00:00,,,,,0.0,,,,,0.0,0.0,82,,,1024.5,,,,,,,,,1019.1,0.0,,12.8,,,,15.9,,,,,,,,,,,,,,10,10,5.0,9.7,,10,,,6.8,
2006-02-10 08:00:00,,10.0,,,0.0,,,,,0.0,0.0,80,,,1024.7,,,,,,,,,1019.3,0.0,,13.0,,,,16.4,,,,,,,,,,10.0,,,,10,20,5.1,8.5,,10,,,5.7,
2006-02-10 09:00:00,,10.0,,,0.22,,,,,0.0,0.0,81,,,1024.7,,,,,,,,,1019.3,0.0,,13.4,,,,16.6,,,,,,,,,,10.0,,,,10,360,6.1,9.3,,360,,,6.9,
2006-02-10 10:00:00,,,,,0.58,,,,,0.0,0.0,83,,,1024.7,,,,,,,,,1019.3,0.0,,13.5,,,,16.3,,,,,,,,,,,,,,360,360,7.7,10.7,,360,,,7.7,
2006-02-10 11:00:00,,10.0,,,0.53,,,,,0.0,0.0,83,,,1024.0,,,,,,,,,1018.6,0.0,,13.2,,,,16.0,,,,,,,,,,10.0,,,,360,350,8.4,12.1,,360,,,8.8,
2006-02-10 12:00:00,,,,,1.51,,,,,0.0,0.0,79,,,1023.3,,,,,,,,,1017.9,0.1,,13.5,,,,17.2,,,,,,,,,,,,,,360,360,7.7,11.7,,360,,,8.4,
2006-02-10 13:00:00,,,,,1.24,,,,,0.0,0.0,76,,,1022.1,,,,,,,,,1016.7,0.0,,12.6,,,,16.9,,,,,,,,,,,,,,360,10,7.2,11.2,,360,,,8.2,
2006-02-10 14:00:00,,10.0,,,1.0,,,,,0.0,0.0,77,,,1021.0,,,,,,,,,1015.6,0.0,,12.4,,,,16.5,,,,,,,,,,10.0,,,,10,10,7.7,11.1,,10,,,7.8,
2006-02-10 15:00:00,,,,,0.63,,,,,0.0,0.0,78,,,1020.1,,,,,,,,,1014.7,0.0,,12.6,,,,16.5,,,,,,,,,,,,,,20,10,7.2,11.5,,10,,,8.5,
2006-02-10 16:00:00,,,,,0.66,,,,,0.0,0.0,79,,,1019.6,,,,,,,,,1014.2,0.1,,13.0,,,,16.7,,,,,,,,,,,,,,20,20,7.6,11.6,,20,,,7.8,
2006-02-10 17:00:00,,10.0,,,0.42,,,,,0.0,0.0,80,,,1019.6,,,,,,,,,1014.2,0.0,,12.8,,,,16.3,,,,,,,,,,10.0,,,,20,20,8.0,10.6,,20,,,8.0,
2006-02-10 18:00:00,,,,,0.0,,,,,0.0,0.0,81,,,1019.6,,,,,,,,,1014.2,0.0,,13.1,,,,16.3,,,,,,,,,,,,,,20,20,6.9,10.4,,20,,,8.1,
2006-02-10 19:00:00,,,,,0.0,,,,,0.0,0.0,81,,,1019.8,,,,,,,,,1014.4,0.0,,13.5,,,,16.8,,,,,,,,,,,,,,20,20,7.0,10.3,,30,,,7.1,
2006-02-10 20:00:00,,,,,0.0,,,,,0.0,0.0,81,,,1020.4,,,,,,,,,1015.0,,,13.3,,,,16.6,,,,,,,,,,,,,,30,20,5.4,10.3,,20,,,7.3,
2006-02-10 21:00:00,,,,,0.0,,,,,0.0,0.0,81,,,1020.7,,,,,,,,,1015.3,,,13.8,,,,17.0,,,,,,,,,,,,,,20,20,5.6,7.9,,10,,,5.9,
2006-02-10 22:00:00,,,,,0.0,,,,,0.0,0.0,81,,,1020.7,,,,,,,,,1015.3,,,13.9,,,,17.1,,,,,,,,,,,,,,30,30,4.8,7.9,,20,,,5.8,
2006-02-10 23:00:00,,,,,0.0,,,,,0.0,0.0,83,,,1021.1,,,,,,,,,1015.7,,,14.1,,,,17.1,,,,,,,,,,,,,,30,40,3.8,7.2,,30,,,5.1,
2006-02-11 00:00:00,,,,,0.0,,,,,0.0,0.0,81,,,1020.7,,,,,,,,,1015.3,,,14.2,,,,17.4,,,,,,,,,,,,,,360,350,4.8,8.0,,360,,,5.3,
2006-02-11 01:00:00,,,,,0.0,,,,,0.0,0.0,80,,,1020.2,,,,,,,,,1014.8,,,13.9,,,,17.3,,,,,,,,,,,,,,360,360,4.7,7.2,,360,,,5.2,
2006-02-11 02:00:00,,,,,0.0,,,,,0.0,0.0,83,,,1019.9,,,,,,,,,1014.5,,,14.2,,,,17.2,,,,,,,,,,,,,,360,360,7.4,10.5,,360,,,7.4,
2006-02-11 03:00:00,,,,,0.0,,,,,0.0,0.0,81,,,1019.7,,,,,,,,,1014.3,,,13.6,,,,16.8,,,,,,,,,,,,,,360,360,7.7,10.7,,360,,,7.9,
2006-02-11 04:00:00,,,,,0.0,,,,,0.0,0.0,81,,,1019.9,,,,,,,,,1014.5,,,13.6,,,,16.9,,,,,,,,,,,,,,360,360,6.6,9.9,,360,,,7.3,
2006-02-11 05:00:00,,,,,0.0,,,,,0.0,0.0,80,,,1019.6,,,,,,,,,1014.2,,,13.5,,,,16.9,,,,,,,,,,,,,,10,360,5.8,9.4,,360,,,6.7,
2006-02-11 06:00:00,,,,,0.0,,,,,0.0,0.0,79,,,1020.3,,,,,,,,,1014.9,0.0,,13.3,,,,16.9,,,,,,,,,,,,,,20,360,4.5,8.5,,10,,,6.0,
2006-02-11 07:00:00,,,,,0.0,,,,,0.0,0.0,79,,,1020.3,,,,,,,,,1014.9,0.0,,13.6,,,,17.2,,,,,,,,,,,,,,20,20,3.6,5.9,,20,,,4.5,
2006-02-11 08:00:00,,2.0,,,0.3,,,,,0.0,0.0,79,,,1020.4,,,,,,,,,1015.0,0.3,,14.5,,,,18.1,,,,,,,,,,15.0,,,,20,20,4.2,6.6,,20,,,4.3,
2006-02-11 09:00:00,,0.0,,,1.11,,,,,0.0,0.0,74,,,1020.3,,,,,,,,,1015.0,1.0,,15.4,,,,20.2,,,,,,,,,,15.0,,,,40,60,4.8,7.5,,30,,,5.0,
2006-02-11 10:00:00,,,,,1.93,,,,,0.0,0.0,70,,,1020.3,,,,,,,,,1015.0,1.0,,15.7,,,,21.3,,,,,,,,,,,,,,20,10,5.3,8.1,,20,,,5.7,
2006-02-11 11:00:00,,0.0,,,2.43,,,,,0.0,0.0,70,,,1020.3,,,,,,,,,1015.0,1.0,,16.3,,,,22.0,,,,,,,,,,15.0,,,,20,30,4.5,7.1,,30,,,5.3,
2006-02-11 12:00:00,,,,,2.92,,,,,0.0,0.0,69,,,1019.7,,,,,,,,,1014.4,1.0,,15.4,,,,21.3,,,,,,,,,,,,,,360,10,6.7,9.2,,360,,,7.1,
2006-02-11 13:00:00,,,,,2.86,,,,,0.0,0.0,69,,,1018.9,,,,,,,,,1013.6,1.0,,15.3,,,,21.1,,,,,,,,,,,,,,360,10,6.9,10.3,,360,,,7.3,
2006-02-11 14:00:00,,0.0,,,2.78,,,,,0.0,0.0,70,,,1017.9,,,,,,,,,1012.6,1.0,,15.1,,,,20.7,,,,,,,,,,15.0,,,,360,360,7.0,9.8,,360,,,7.3,
2006-02-11 15:00:00,,,,,2.13,,,,,0.0,0.0,70,,,1017.3,,,,,,,,,1012.0,1.0,,15.8,,,,21.4,,,,,,,,,,,,,,10,10,5.7,8.5,,360,,,6.9,
2006-02-11 16:00:00,,,,,1.51,,,,,0.0,0.0,69,,,1017.1,,,,,,,,,1011.8,1.0,,15.4,,,,21.4,,,,,,,,,,,,,,20,10,5.5,7.7,,10,,,5.8,
2006-02-11 17:00:00,,2.0,,,0.62,,,,,0.0,0.0,71,,,1017.6,,,,,,,,,1012.3,0.8,,14.8,,,,20.2,,,,,,,,,,15.0,,,,20,10,5.3,7.4,,10,,,5.6,
2006-02-11 18:00:00,,,,,0.14,,,,,0.0,0.0,72,,,1017.7,,,,,,,,,1012.4,0.3,,14.8,,,,19.9,,,,,,,,,,,,,,360,360,5.3,8.3,,10,,,6.5,
2006-02-11 19:00:00,,,,,0.0,,,,,0.0,0.0,76,,,1018.3,,,,,,,,,1013.0,0.0,,15.3,,,,19.6,,,,,,,,,,,,,,10,10,6.0,9.4,,10,,,7.0,
2006-02-11 20:00:00,,,,,0.0,,,,,0.0,0.0,74,,,1018.8,,,,,,,,,1013.5,,,14.9,,,,19.7,,,,,,,,,,,,,,20,20,5.4,8.4,,20,,,6.3,
2006-02-11 21:00:00,,,,,0.0,,,,,0.0,0.0,76,,,1019.5,,,,,,,,,1014.2,,,15.4,,,,19.8,,,,,,,,,,,,,,20,30,7.5,9.8,,20,,,7.6,
2006-02-11 22:00:00,,,,,0.0,,,,,0.0,0.0,72,,,1019.9,,,,,,,,,1014.6,,,14.6,,,,19.9,,,,,,,,,,,,,,20,30,7.3,10.5,,20,,,7.8,
2006-02-11 23:00:00,,,,,0.0,,,,,0.0,0.0,70,,,1020.0,,,,,,,,,1014.7,,,14.2,,,,19.8,,,,,,,,,,,,,,20,20,8.0,10.5,,20,,,8.1,
2006-02-12 00:00:00,,,,,0.0,,,,,0.0,0.0,72,,,1019.8,,,,,,,,,1014.5,,,14.7,,,,19.8,,,,,,,,,,,,,,30,30,8.4,11.2,,30,,,8.4,
2006-02-12 01:00:00,,,,,0.0,,,,,0.0,0.0,71,,,1019.7,,,,,,,,,1014.4,,,14.6,,,,20.0,,,,,,,,,,,,,,20,20,9.0,12.1,,20,,,9.1,
2006-02-12 02:00:00,,,,,0.0,,,,,0.0,0.0,69,,,1019.4,,,,,,,,,1014.1,,,14.1,,,,20.0,,,,,,,,,,,,,,20,360,9.6,13.7,,20,,,10.1,
2006-02-12 03:00:00,,,,,0.0,,,,,0.0,0.0,70,,,1019.2,,,,,,,,,1013.9,,,13.8,,,,19.5,,,,,,,,,,,,,,20,20,10.8,14.9,,20,,,10.8,
2006-02-12 04:00:00,,,,,0.0,,,,,0.0,0.0,73,,,1019.0,,,,,,,,,1013.7,,,14.3,,,,19.2,,,,,,,,,,,,,,20,10,11.5,16.0,,20,,,12.0,
2006-02-12 05:00:00,,,,,0.0,,,,,0.0,0.0,73,,,1019.3,,,,,,,,,1013.9,,,14.0,,,,19.0,,,,,,,,,,,,,,20,10,13.0,17.6,,20,,,13.1,
2006-02-12 06:00:00,,,,,0.0,,,,,0.0,0.0,73,,,1019.8,,,,,,,,,1014.4,0.0,,13.8,,,,18.7,,,,,,,,,,,,,,20,360,14.3,20.9,,20,,,14.8,
2006-02-12 07:00:00,,,,,0.0,,,,,0.0,0.0,76,,,1020.3,,,,,,,,,1014.9,0.0,,14.3,,,,18.6,,,,,,,,,,,,,,20,20,13.4,19.6,,20,,,14.4,
2006-02-12 08:00:00,,2.0,,,0.27,,,,,0.0,0.0,74,,,1020.9,,,,,,,,,1015.5,0.2,,14.6,,,,19.3,,,,,,,,,,15.0,,,,30,30,13.2,19.2,,20,,,14.0,
2006-02-12 09:00:00,,7.0,,,0.95,,,,,0.0,0.0,71,,,1021.2,,,,,,,,,1015.9,0.4,,14.5,,,,20.0,,,,,,,,,,15.0,,,,20,20,13.0,19.6,,20,,,14.1,
2006-02-12 10:00:00,,,,,2.01,,,,,0.0,0.0,68,,,1021.6,,,,,,,,,1016.3,0.9,,14.8,,,,20.9,,,,,,,,,,,,,,20,20,12.8,18.7,,20,,,13.4,
2006-02-12 11:00:00,,2.0,,,2.31,,,,,0.0,0.0,67,,,1021.3,,,,,,,,,1016.0,0.8,,14.7,,,,21.1,,,,,,,,,,15.0,,,,20,20,13.4,18.2,,20,,,13.8,
2006-02-12 12:00:00,,,,,2.95,,,,,0.0,0.0,64,,,1021.2,,,,,,,,,1015.9,1.0,,14.1,,,,21.1,,,,,,,,,,,,,,20,20,12.7,17.9,,20,,,13.4,
2006-02-12 13:00:00,,,,,2.82,,,,,0.0,0.0,65,,,1019.8,,,,,,,,,1014.5,1.0,,14.1,,,,21.0,,,,,,,,,,,,,,20,20,13.0,18.5,,10,,,13.5,
2006-02-12 14:00:00,,1.0,,,2.59,,,,,0.0,0.0,67,,,1019.0,,,,,,,,,1013.7,1.0,,14.2,,,,20.6,,,,,,,,,,10.0,,,,10,360,14.0,19.1,,20,,,14.1,
2006-02-12 15:00:00,,,,,2.2,,,,,0.0,0.0,68,,,1018.8,,,,,,,,,1013.5,1.0,,14.0,,,,20.2,,,,,,,,,,,,,,10,360,14.6,21.4,,10,,,15.0,
2006-02-12 16:00:00,,,,,1.38,,,,,0.0,0.0,69,,,1018.6,,,,,,,,,1013.3,1.0,,13.6,,,,19.4,,,,,,,,,,,,,,20,20,14.3,19.9,,20,,,14.6,
2006-02-12 17:00:00,,1.0,,,0.63,,,,,0.0,0.0,73,,,1019.2,,,,,,,,,1013.8,0.3,,13.7,,,,18.7,,,,,,,,,,10.0,,,,10,20,14.3,22.0,,20,,,14.9,
2006-02-12 18:00:00,,,,,0.03,,,,,0.0,0.0,75,,,1019.5,,,,,,,,,1014.1,0.0,,14.0,,,,18.5,,,,,,,,,,,,,,20,10,13.4,20.2,,20,,,14.9,
2006-02-12 19:00:00,,,,,0.0,,,,,0.0,0.0,75,,,1019.7,,,,,,,,,1014.3,0.0,,14.0,,,,18.5,,,,,,,,,,,,,,20,30,14.1,19.4,,20,,,14.6,
2006-02-12 20:00:00,,,,,0.0,,,,,0.0,0.0,75,,,1020.1,,,,,,,,,1014.7,,,14.5,,,,19.0,,,,,,,,,,,,,,20,10,12.0,19.3,,20,,,13.8,
2006-02-12 21:00:00,,,,,0.0,,,,,0.0,0.0,73,,,1020.9,,,,,,,,,1015.5,,,13.9,,,,18.9,,,,,,,,,,,,,,20,20,11.1,16.1,,20,,,12.2,
2006-02-12 22:00:00,,,,,0.0,,,,,0.0,0.0,77,,,1021.0,,,,,,,,,1015.6,,,14.5,,,,18.7,,,,,,,,,,,,,,10,20,9.9,15.0,,20,,,10.9,
2006-02-12 23:00:00,,,,,0.0,,,,,0.0,0.0,75,,,1021.4,,,,,,,,,1016.0,,,14.3,,,,18.8,,,,,,,,,,,,,,10,20,9.6,14.5,,10,,,10.6,
2006-02-13 00:00:00,,,,,0.0,,,,,0.0,0.0,78,,,1020.9,,,,,,,,,1015.5,,,14.6,,,,18.6,,,,,,,,,,,,,,10,360,11.3,16.0,,10,,,11.6,
2006-02-13 01:00:00,,,,,0.0,,,,,0.0,0.0,75,,,1020.7,,,,,,,,,1015.3,,,13.9,,,,18.5,,,,,,,,,,,,,,10,10,10.5,14.8,,10,,,11.6,
2006-02-13 02:00:00,,,,,0.0,,,,,0.0,0.0,79,,,1020.0,,,,,,,,,1014.6,,,14.4,,,,18.1,,,,,,,,,,,,,,10,10,10.7,15.0,,10,,,11.6,
2006-02-13 03:00:00,,,,,0.0,,,,,0.0,0.0,80,,,1020.0,,,,,,,,,1014.6,,,14.5,,,,17.9,,,,,,,,,,,,,,10,360,9.4,14.8,,10,,,11.1,
2006-02-13 04:00:00,,,,,0.0,,,,,0.0,0.0,79,,,1019.8,,,,,,,,,1014.4,,,14.0,,,,17.7,,,,,,,,,,,,,,20,20,8.3,12.2,,10,,,9.6,
2006-02-13 05:00:00,,,,,0.0,,,,,0.0,0.0,80,,,1019.2,,,,,,,,,1013.8,,,14.5,,,,17.9,,,,,,,,,,,,,,20,360,7.9,11.5,,20,,,8.5,
2006-02-13 06:00:00,,,,,0.0,,,,,0.0,0.0,79,,,1019.3,,,,,,,,,1013.9,0.0,,14.4,,,,18.0,,,,,,,,,,,,,,20,20,7.6,11.2,,10,,,8.4,
2006-02-13 07:00:00,,,,,0.0,,,,,0.0,0.0,79,,,1019.9,,,,,,,,,1014.5,0.0,,14.3,,,,18.0,,,,,,,,,,,,,,10,30,7.8,11.2,,10,,,8.5,
2006-02-13 08:00:00,,10.0,,,0.0,,,,,0.0,0.0,81,,,1020.7,,,,,,,,,1015.3,0.0,,14.7,,,,18.1,,,,,,,,,,10.0,,,,10,10,8.7,11.4,,10,,,8.7,
2006-02-13 09:00:00,,10.0,,,0.39,,,,,0.0,0.0,78,,,1021.0,,,,,,,,,1015.6,0.0,,14.7,,,,18.6,,,,,,,,,,10.0,,,,10,10,8.2,12.4,,360,,,9.2,
2006-02-13 10:00:00,,,,,0.6,,,,,0.0,0.0,78,,,1021.2,,,,,,,,,1015.8,0.0,,15.1,,,,19.1,,,,,,,,,,,,,,20,20,7.7,13.1,,10,,,9.6,
2006-02-13 11:00:00,,10.0,,,1.13,,,,,0.0,0.0,73,,,1020.6,,,,,,,,,1015.3,0.0,,15.4,,,,20.3,,,,,,,,,,10.0,,,,20,20,8.8,11.7,,20,,,8.8,
2006-02-13 12:00:00,,,,,1.63,,,,,0.0,0.0,74,,,1019.8,,,,,,,,,1014.5,0.0,,15.4,,,,20.1,,,,,,,,,,,,,,20,30,7.6,10.8,,20,,,8.9,
2006-02-13 13:00:00,,,,,1.61,,,,,0.0,0.0,73,,,1018.7,,,,,,,,,1013.4,0.0,,15.7,,,,20.7,,,,,,,,,,,,,,20,20,7.3,10.2,,20,,,8.1,
2006-02-13 14:00:00,,10.0,,,1.59,,,,,0.0,0.0,74,,,1017.3,,,,,,,,,1012.0,0.1,,16.2,,,,21.1,,,,,,,,,,10.0,,,,20,20,7.5,10.9,,20,,,8.3,
2006-02-13 15:00:00,,,,,2.22,,,,,0.0,0.0,74,,,1016.7,,,,,,,,,1011.4,0.9,,16.2,,,,20.9,,,,,,,,,,,,,,20,10,7.8,11.1,,20,,,8.3,
2006-02-13 16:00:00,,,,,1.27,,,,,0.0,0.0,76,,,1016.2,,,,,,,,,1010.9,0.7,,16.2,,,,20.5,,,,,,,,,,,,,,20,30,7.8,11.2,,20,,,8.4,
2006-02-13 17:00:00,,10.0,,,0.47,,,,,0.0,0.0,79,,,1016.3,,,,,,,,,1011.0,0.1,,15.8,,,,19.5,,,,,,,,,,10.0,,,,20,20,7.6,11.4,,10,,,8.1,
2006-02-13 18:00:00,,,,,0.0,,,,,0.0,0.0,79,,,1016.2,,,,,,,,,1010.9,0.0,,15.7,,,,19.4,,,,,,,,,,,,,,20,20,7.8,11.3,,20,,,8.4,
2006-02-13 19:00:00,,,,,0.0,,,,,0.0,0.0,79,,,1016.4,,,,,,,,,1011.1,0.0,,15.9,,,,19.6,,,,,,,,,,,,,,20,20,6.6,10.0,,20,,,7.9,
2006-02-13 20:00:00,,,,,0.0,,,,,0.0,0.0,79,,,1017.0,,,,,,,,,1011.7,,,16.2,,,,19.9,,,,,,,,,,,,,,30,20,6.8,9.0,,20,,,7.3,
2006-02-13 21:00:00,,,,,0.0,,,,,0.0,0.0,78,,,1017.3,,,,,,,,,1012.0,,,16.2,,,,20.2,,,,,,,,,,,,,,30,40,5.0,7.9,,30,,,6.7,
2006-02-13 22:00:00,,,,,0.0,,,,,0.0,0.0,78,,,1017.4,,,,,,,,,1012.1,,,16.2,,,,20.2,,,,,,,,,,,,,,30,30,4.4,6.9,,30,,,5.3,
2006-02-13 23:00:00,,,,,0.0,,,,,0.0,0.0,79,,,1017.0,,,,,,,,,1011.7,,,16.6,,,,20.3,,,,,,,,,,,,,,40,30,3.9,6.0,,30,,,4.7,
2006-02-14 00:00:00,,,,,0.0,,,,,0.0,0.0,77,,,1017.2,,,,,,,,,1011.9,,,16.4,,,,20.5,,,,,,,,,,,,,,20,30,3.0,5.4,,20,,,4.1,
2006-02-14 01:00:00,,,,,0.0,,,,,0.0,0.0,77,,,1017.3,,,,,,,,,1012.0,,,16.7,,,,20.8,,,,,,,,,,,,,,360,360,3.7,5.1,,360,,,3.9,
2006-02-14 02:00:00,,,,,0.0,,,,,0.0,0.0,79,,,1016.7,,,,,,,,,1011.4,,,16.9,,,,20.7,,,,,,,,,,,,,,360,360,4.9,6.6,,360,,,5.0,
2006-02-14 03:00:00,,,,,0.0,,,,,0.0,0.0,75,,,1016.8,,,,,,,,,1011.5,,,16.1,,,,20.7,,,,,,,,,,,,,,10,360,4.7,6.8,,360,,,5.3,
2006-02-14 04:00:00,,,,,0.0,,,,,0.0,0.0,76,,,1016.3,,,,,,,,,1011.0,,,16.5,,,,20.8,,,,,,,,,,,,,,20,360,4.6,6.1,,10,,,4.8,
2006-02-14 05:00:00,,,,,0.0,,,,,0.0,0.0,76,,,1016.8,,,,,,,,,1011.5,,,16.5,,,,20.9,,,,,,,,,,,,,,20,20,5.5,7.2,,20,,,5.6,
2006-02-14 06:00:00,,,,,0.0,,,,,0.0,0.0,75,,,1017.1,,,,,,,,,1011.8,0.0,,16.5,,,,21.2,,,,,,,,,,,,,,30,10,5.7,8.3,,20,,,6.1,
2006-02-14 07:00:00,,,,,0.0,,,,,0.0,0.0,76,,,1017.3,,,,,,,,,1012.0,0.0,,16.9,,,,21.2,,,,,,,,,,,,,,30,30,6.0,8.2,,20,,,6.1,
2006-02-14 08:00:00,,10.0,,,0.32,,,,,0.0,0.0,76,,,1017.6,,,,,,,,,1012.3,0.3,,17.5,,,,21.9,,,,,,,,,,10.0,,,,50,50,6.0,8.1,,50,,,6.1,
2006-02-14 09:00:00,,10.0,,,0.73,,,,,0.0,0.0,72,,,1018.2,,,,,,,,,1012.9,0.1,,17.5,,,,22.7,,,,,,,,,,10.0,,,,50,60,5.4,7.9,,50,,,6.2,
2006-02-14 10:00:00,,,,,0.75,,,,,0.0,0.0,73,,,1018.2,,,,,,,,,1012.9,0.0,,18.0,,,,23.0,,,,,,,,,,,,,,30,30,5.9,8.0,,50,,,6.2,
2006-02-14 11:00:00,,10.0,,,1.15,,,,,0.0,0.0,70,,,1017.9,,,,,,,,,1012.6,0.0,,17.7,,,,23.5,,,,,,,,,,10.0,,,,20,20,5.4,7.5,,30,,,6.0,
2006-02-14 12:00:00,,,,,1.2,,,,,0.0,0.0,68,,,1017.1,,,,,,,,,1011.9,0.0,,17.8,,,,24.1,,,,,,,,,,,,,,30,20,5.4,7.5,,20,,,5.8,
2006-02-14 13:00:00,,,,,1.49,,,,,0.0,0.0,68,,,1016.0,,,,,,,,,1010.8,0.0,,18.1,,,,24.4,,,,,,,,,,,,,,40,40,5.8,7.7,,30,,,5.8,
2006-02-14 14:00:00,,8.0,,,2.0,,,,,0.0,0.0,59,,,1015.0,,,,,,,,,1009.8,0.5,,16.7,,,,25.2,,,,,,,,,,10.0,,,,40,40,5.1,8.2,,50,,,6.2,
2006-02-14 15:00:00,,,,,1.95,,,,,0.0,0.0,59,,,1014.1,,,,,,,,,1008.9,0.6,,16.7,,,,25.3,,,,,,,,,,,,,,40,50,4.8,7.8,,60,,,6.1,
2006-02-14 16:00:00,,,,,1.06,,,,,0.0,0.0,64,,,1013.9,,,,,,,,,1008.7,0.4,,16.9,,,,24.2,,,,,,,,,,,,,,20,60,4.4,6.6,,40,,,5.2,
2006-02-14 17:00:00,,10.0,,,0.63,,,,,0.0,0.0,73,,,1014.5,,,,,,,,,1009.2,0.1,,17.9,,,,22.9,,,,,,,,,,10.0,,,,360,360,4.3,5.8,,10,,,4.8,
2006-02-14 18:00:00,,,,,0.0,,,,,0.0,0.0,72,,,1014.9,,,,,,,,,1009.6,0.0,,17.2,,,,22.4,,,,,,,,,,,,,,360,10,3.5,5.3,,10,,,4.3,
2006-02-14 19:00:00,,,,,0.0,,,,,0.0,0.0,74,,,1015.1,,,,,,,,,1009.8,0.0,,17.7,,,,22.5,,,,,,,,,,,,,,10,360,4.2,5.0,,10,,,4.3,
2006-02-14 20:00:00,,,,,0.0,,,,,0.0,0.0,75,,,1014.7,,,,,,,,,1009.4,,,17.7,,,,22.4,,,,,,,,,,,,,,60,10,3.9,4.8,,10,,,4.2,
2006-02-14 21:00:00,,,,,0.0,,,,,0.0,0.0,78,,,1014.6,,,,,,,,,1009.3,,,18.7,,,,22.8,,,,,,,,,,,,,,90,100,4.3,5.8,,50,,,4.3,
2006-02-14 22:00:00,,,,,0.0,,,,,0.0,0.0,82,,,1014.6,,,,,,,,,1009.3,,,19.1,,,,22.4,,,,,,,,,,,,,,70,90,4.0,6.6,,90,,,4.8,
2006-02-14 23:00:00,,,,,0.0,,,,,0.0,0.0,79,,,1014.8,,,,,,,,,1009.5,,,18.3,,,,22.2,,,,,,,,,,,,,,40,50,2.6,4.5,,70,,,4.0,
2006-02-15 00:00:00,,,,,0.0,,,,,0.0,0.0,79,,,1014.2,,,,,,,,,1008.9,,,18.6,,,,22.5,,,,,,,,,,,,,,0,110,0.2,4.4,,110,,,3.3,
2006-02-15 01:00:00,,,,,0.0,,,,,0.0,0.0,80,,,1014.2,,,,,,,,,1008.9,,,19.1,,,,22.7,,,,,,,,,,,,,,340,340,2.5,3.5,,350,,,2.6,
2006-02-15 02:00:00,,,,,0.0,,,,,0.0,0.0,81,,,1013.9,,,,,,,,,1008.6,,,19.0,,,,22.5,,,,,,,,,,,,,,10,350,2.8,5.1,,350,,,3.9,
2006-02-15 03:00:00,,,,,0.0,,,,,0.0,0.0,82,,,1013.2,,,,,,,,,1007.9,,,19.0,,,,22.3,,,,,,,,,,,,,,50,360,3.0,4.2,,10,,,3.4,
2006-02-15 04:00:00,,,,,0.0,,,,,0.0,0.0,83,,,1013.1,,,,,,,,,1007.8,,,19.6,,,,22.7,,,,,,,,,,,,,,30,40,2.7,4.3,,30,,,3.4,
2006-02-15 05:00:00,,,,,0.0,,,,,0.0,0.0,81,,,1013.4,,,,,,,,,1008.1,,,19.3,,,,22.8,,,,,,,,,,,,,,10,10,2.3,4.1,,20,,,3.1,
2006-02-15 06:00:00,,,,,0.0,,,,,0.0,0.0,86,,,1013.5,,,,,,,,,1008.2,0.0,,20.3,,,,22.8,,,,,,,,,,,,,,30,20,3.0,4.7,,10,,,3.2,
2006-02-15 07:00:00,,,,,0.0,,,,,0.0,0.0,86,,,1013.8,,,,,,,,,1008.5,0.0,,19.9,,,,22.4,,,,,,,,,,,,,,80,50,2.9,4.2,,50,,,3.4,
2006-02-15 08:00:00,,10.0,,,0.26,,,,,0.0,0.0,84,,,1013.7,,,,,,,,,1008.5,0.0,,20.5,,,,23.4,,,,,,,,,,10.0,,,,150,150,3.9,5.1,,150,,,3.9,
2006-02-15 09:00:00,,2.0,,,1.32,,,,,0.0,0.0,78,,,1013.9,,,,,,,,,1008.7,0.7,,21.4,,,,25.6,,,,,,,,,,10.0,,,,150,160,4.5,6.6,,150,,,4.9,
2006-02-15 10:00:00,,,,,1.96,,,,,0.0,0.0,71,,,1014.2,,,,,,,,,1009.0,1.0,,21.4,,,,27.1,,,,,,,,,,,,,,160,150,5.5,7.9,,150,,,6.0,
2006-02-15 11:00:00,,4.0,,,2.73,,,,,0.0,0.0,72,,,1013.3,,,,,,,,,1008.1,0.7,,21.8,,,,27.4,,,,,,,,,,10.0,,,,160,170,10.0,13.0,,160,,,10.0,
2006-02-15 12:00:00,,,,,2.26,,,,,0.0,0.0,75,,,1012.8,,,,,,,,,1007.6,0.4,,21.7,,,,26.4,,,,,,,,,,,,,,170,160,9.2,13.5,,160,,,10.2,
2006-02-15 13:00:00,,,,,0.79,,,,,0.0,0.0,79,,,1012.2,,,,,,,,,1007.0,0.0,,21.9,,,,25.9,,,,,,,,,,,,,,170,180,8.3,14.1,,170,,,10.5,
2006-02-15 14:00:00,,6.0,,,1.99,,,,,0.0,0.0,75,,,1011.2,,,,,,,,,1006.0,0.4,,22.3,,,,27.1,,,,,,,,,,10.0,,,,170,160,9.1,13.3,,170,,,9.4,
2006-02-15 15:00:00,,,,,0.82,,,,,0.0,0.0,82,,,1010.9,,,,,,,,,1005.7,0.2,,22.1,,,,25.3,,,,,,,,,,,,,,180,170,8.0,13.0,,170,,,9.6,
2006-02-15 16:00:00,,,,,0.35,,,,,1.0,0.3,86,,,1012.0,,,,,,,,,1006.8,0.0,,22.3,,,,24.9,,,,,,,,,,,,,,190,200,7.2,12.0,,180,,,7.9,
2006-02-15 17:00:00,,10.0,,,0.0,,,,,6.5,0.6,89,,,1012.6,,,,,,,,,1007.4,0.0,,22.6,,,,24.6,,,,,,,,,,10.0,,,,280,200,1.2,10.3,,190,,,7.8,
2006-02-15 18:00:00,,,,,0.0,,,,,0.0,0.0,91,,,1012.7,,,,,,,,,1007.5,0.0,,22.6,,,,24.2,,,,,,,,,,,,,,220,230,3.3,6.4,,230,,,4.3,
2006-02-15 19:00:00,,,,,0.0,,,,,0.0,0.0,92,,,1013.0,,,,,,,,,1007.8,0.0,,23.0,,,,24.3,,,,,,,,,,,,,,200,210,2.8,4.3,,220,,,3.3,
2006-02-15 20:00:00,,,,,0.0,,,,,0.5,0.2,93,,,1013.4,,,,,,,,,1008.2,,,23.0,,,,24.2,,,,,,,,,,,,,,190,190,3.2,4.5,,190,,,3.7,
2006-02-15 21:00:00,,,,,0.0,,,,,0.0,0.0,94,,,1013.7,,,,,,,,,1008.5,,,23.1,,,,24.1,,,,,,,,,,,,,,180,180,3.7,5.5,,180,,,3.7,
2006-02-15 22:00:00,,,,,0.0,,,,,0.0,0.0,92,,,1014.0,,,,,,,,,1008.8,,,22.8,,,,24.2,,,,,,,,,,,,,,180,180,3.3,4.8,,180,,,3.9,
2006-02-15 23:00:00,,,,,0.0,,,,,0.0,0.0,92,,,1014.3,,,,,,,,,1009.1,,,23.0,,,,24.3,,,,,,,,,,,,,,190,190,2.9,5.7,,190,,,4.2,
2006-02-16 00:00:00,,,,,0.0,,,,,0.0,0.0,92,,,1014.2,,,,,,,,,1009.0,,,22.8,,,,24.1,,,,,,,,,,,,,,210,190,3.7,5.5,,210,,,4.0,
2006-02-16 01:00:00,,,,,0.0,,,,,0.0,0.0,92,,,1013.5,,,,,,,,,1008.3,,,22.6,,,,23.9,,,,,,,,,,,,,,190,190,5.1,7.1,,190,,,5.1,
2006-02-16 02:00:00,,,,,0.0,,,,,0.0,0.0,93,,,1013.8,,,,,,,,,1008.6,,,22.6,,,,23.8,,,,,,,,,,,,,,230,230,5.7,7.0,,230,,,5.7,
2006-02-16 03:00:00,,,,,0.0,,,,,0.0,0.0,92,,,1013.3,,,,,,,,,1008.1,,,22.3,,,,23.6,,,,,,,,,,,,,,220,240,3.7,6.3,,230,,,5.7,
2006-02-16 04:00:00,,,,,0.0,,,,,0.0,0.0,94,,,1013.4,,,,,,,,,1008.2,,,22.3,,,,23.3,,,,,,,,,,,,,,230,240,3.5,6.0,,240,,,4.8,
2006-02-16 05:00:00,,,,,0.0,,,,,0.0,0.0,95,,,1014.0,,,,,,,,,1008.7,,,21.9,,,,22.7,,,,,,,,,,,,,,250,220,1.1,3.8,,230,,,3.4,
2006-02-16 06:00:00,,,,,0.0,,,,,0.0,0.0,95,,,1014.4,,,,,,,,,1009.1,0.0,,21.4,,,,22.3,,,,,,,,,,,,,,270,270,0.8,3.3,,280,,,2.6,
2006-02-16 07:00:00,,,,,0.0,,,,,0.0,0.0,95,,,1015.3,,,,,,,,,1010.0,0.0,,21.6,,,,22.4,,,,,,,,,,,,,,0,280,0.2,2.0,,270,,,0.5,
2006-02-16 08:00:00,,10.0,,,0.29,,,,,0.0,0.0,94,,,1015.7,,,,,,,,,1010.4,0.0,,21.6,,,,22.6,,,,,,,,,,10.0,,,,0,280,0.0,1.9,,280,,,0.3,
2006-02-16 09:00:00,,7.0,,,1.0,,,,,0.0,0.0,96,,,1016.1,,,,,,,,,1010.8,0.1,,22.6,,,,23.2,,,,,,,,,,10.0,,,,210,200,1.8,2.5,,210,,,1.9,
2006-02-16 10:00:00,,,,,1.66,,,,,0.0,0.0,95,,,1016.4,,,,,,,,,1011.1,0.4,,22.6,,,,23.5,,,,,,,,,,,,,,210,210,2.0,3.5,,210,,,2.0,
2006-02-16 11:00:00,,7.0,,,2.24,,,,,0.0,0.0,92,,,1016.3,,,,,,,,,1011.0,0.7,,22.4,,,,23.7,,,,,,,,,,10.0,,,,230,210,1.6,3.2,,210,,,2.6,
2006-02-16 12:00:00,,,,,2.56,,,,,0.0,0.0,83,,,1015.8,,,,,,,,,1010.6,0.9,,22.7,,,,25.8,,,,,,,,,,,,,,280,280,2.2,3.4,,270,,,2.6,
2006-02-16 13:00:00,,,,,2.99,,,,,0.0,0.0,84,,,1015.1,,,,,,,,,1009.9,1.0,,22.1,,,,24.9,,,,,,,,,,,,,,320,320,3.5,4.7,,320,,,3.5,
2006-02-16 14:00:00,,7.0,,,2.64,,,,,0.0,0.0,80,,,1014.4,,,,,,,,,1009.2,0.9,,22.3,,,,26.0,,,,,,,,,,10.0,,,,320,320,4.3,5.1,,320,,,4.3,
2006-02-16 15:00:00,,,,,1.97,,,,,0.0,0.0,82,,,1014.5,,,,,,,,,1009.3,0.7,,20.7,,,,23.9,,,,,,,,,,,,,,360,360,7.3,9.9,,360,,,7.6,
2006-02-16 16:00:00,,,,,1.33,,,,,0.0,0.0,84,,,1014.4,,,,,,,,,1009.1,0.6,,20.1,,,,23.0,,,,,,,,,,,,,,10,10,9.3,11.8,,10,,,9.3,
2006-02-16 17:00:00,,9.0,,,0.87,,,,,0.0,0.0,83,,,1015.0,,,,,,,,,1009.7,0.6,,19.2,,,,22.2,,,,,,,,,,10.0,,,,10,360,11.8,14.4,,10,,,11.8,
2006-02-16 18:00:00,,,,,0.01,,,,,0.0,0.0,84,,,1015.7,,,,,,,,,1010.4,0.0,,18.7,,,,21.5,,,,,,,,,,,,,,20,20,10.9,15.4,,10,,,12.2,
2006-02-16 19:00:00,,,,,0.0,,,,,0.0,0.0,83,,,1016.2,,,,,,,,,1010.9,0.0,,17.9,,,,20.8,,,,,,,,,,,,,,20,20,12.1,16.6,,20,,,12.3,
2006-02-16 20:00:00,,,,,0.0,,,,,0.0,0.0,82,,,1017.1,,,,,,,,,1011.8,,,17.2,,,,20.4,,,,,,,,,,,,,,20,10,11.2,16.7,,20,,,12.1,
2006-02-16 21:00:00,,,,,0.0,,,,,0.0,0.0,81,,,1017.5,,,,,,,,,1012.2,,,17.2,,,,20.6,,,,,,,,,,,,,,20,360,12.9,18.6,,10,,,13.6,
2006-02-16 22:00:00,,,,,0.0,,,,,0.0,0.0,82,,,1017.9,,,,,,,,,1012.6,,,16.5,,,,19.7,,,,,,,,,,,,,,20,30,14.8,21.0,,20,,,14.8,
2006-02-16 23:00:00,,,,,0.0,,,,,0.0,0.0,82,,,1018.3,,,,,,,,,1013.0,,,16.2,,,,19.3,,,,,,,,,,,,,,20,30,14.7,21.1,,20,,,16.1,
2006-02-17 00:00:00,,,,,0.0,,,,,0.0,0.0,82,,,1018.2,,,,,,,,,1012.8,,,15.2,,,,18.4,,,,,,,,,,,,,,20,10,16.1,22.6,,20,,,16.1,
2006-02-17 01:00:00,,,,,0.0,,,,,0.0,0.0,83,,,1018.6,,,,,,,,,1013.2,,,15.4,,,,18.4,,,,,,,,,,,,,,20,10,15.7,24.1,,20,,,16.7,
2006-02-17 02:00:00,,,,,0.0,,,,,0.0,0.0,82,,,1018.8,,,,,,,,,1013.4,,,14.8,,,,18.0,,,,,,,,,,,,,,20,20,16.5,24.6,,20,,,17.1,
2006-02-17 03:00:00,,,,,0.0,,,,,0.0,0.0,80,,,1019.1,,,,,,,,,1013.7,,,14.3,,,,17.7,,,,,,,,,,,,,,20,360,15.8,25.3,,20,,,17.9,
2006-02-17 04:00:00,,,,,0.0,,,,,0.0,0.0,80,,,1019.1,,,,,,,,,1013.7,,,14.5,,,,17.9,,,,,,,,,,,,,,20,10,16.9,24.6,,20,,,17.9,
2006-02-17 05:00:00,,,,,0.0,,,,,0.0,0.0,80,,,1019.0,,,,,,,,,1013.6,,,14.5,,,,17.9,,,,,,,,,,,,,,20,30,17.6,26.1,,20,,,17.8,
2006-02-17 06:00:00,,,,,0.0,,,,,0.0,0.0,81,,,1019.8,,,,,,,,,1014.4,0.0,,14.7,,,,18.0,,,,,,,,,,,,,,20,20,17.4,25.1,,20,,,18.9,
2006-02-17 07:00:00,,,,,0.0,,,,,0.0,0.0,81,,,1020.7,,,,,,,,,1015.3,0.0,,14.7,,,,18.0,,,,,,,,,,,,,,20,30,16.6,24.4,,20,,,18.4,
2006-02-17 08:00:00,,10.0,,,0.01,,,,,0.0,0.0,82,,,1021.5,,,,,,,,,1016.1,0.0,,14.4,,,,17.6,,,,,,,,,,10.0,,,,10,30,16.2,24.5,,10,,,17.3,
2006-02-17 09:00:00,,10.0,,,0.21,,,,,0.0,0.0,84,,,1021.6,,,,,,,,,1016.2,0.0,,14.7,,,,17.5,,,,,,,,,,10.0,,,,20,10,17.6,26.6,,20,,,18.0,
2006-02-17 10:00:00,,,,,0.54,,,,,0.0,0.0,82,,,1022.5,,,,,,,,,1017.1,0.0,,14.6,,,,17.8,,,,,,,,,,,,,,20,20,16.3,24.6,,20,,,18.2,
2006-02-17 11:00:00,,10.0,,,0.61,,,,,0.0,0.0,81,,,1022.1,,,,,,,,,1016.7,0.0,,14.5,,,,17.8,,,,,,,,,,10.0,,,,10,20,16.1,23.9,,20,,,16.7,
2006-02-17 12:00:00,,,,,1.2,,,,,0.0,0.0,80,,,1021.1,,,,,,,,,1015.7,0.0,,15.0,,,,18.6,,,,,,,,,,,,,,10,360,15.3,25.5,,10,,,17.8,
2006-02-17 13:00:00,,,,,1.39,,,,,0.0,0.0,77,,,1020.0,,,,,,,,,1014.6,0.0,,15.0,,,,19.1,,,,,,,,,,,,,,20,30,16.6,23.9,,20,,,17.3,
2006-02-17 14:00:00,,10.0,,,1.71,,,,,0.0,0.0,79,,,1019.5,,,,,,,,,1014.1,0.2,,14.8,,,,18.6,,,,,,,,,,10.0,,,,20,20,16.3,23.9,,20,,,17.4,
2006-02-17 15:00:00,,,,,0.92,,,,,0.0,0.0,79,,,1018.6,,,,,,,,,1013.2,0.0,,14.8,,,,18.5,,,,,,,,,,,,,,20,20,16.3,23.2,,20,,,17.3,
2006-02-17 16:00:00,,,,,0.68,,,,,0.0,0.0,80,,,1018.6,,,,,,,,,1013.2,0.0,,14.5,,,,17.9,,,,,,,,,,,,,,20,20,15.9,23.9,,20,,,17.3,
2006-02-17 17:00:00,,10.0,,,0.04,,,,,0.0,0.0,81,,,1019.4,,,,,,,,,1014.0,0.0,,14.1,,,,17.3,,,,,,,,,,10.0,,,,20,10,17.7,24.9,,20,,,17.9,
2006-02-17 18:00:00,,,,,0.0,,,,,0.0,0.0,81,,,1019.6,,,,,,,,,1014.2,0.0,,13.8,,,,17.1,,,,,,,,,,,,,,20,20,16.7,24.6,,20,,,17.4,
2006-02-17 19:00:00,,,,,0.0,,,,,0.0,0.0,83,,,1019.5,,,,,,,,,1014.1,0.0,,14.3,,,,17.2,,,,,,,,,,,,,,20,20,16.8,26.2,,20,,,17.8,
2006-02-17 20:00:00,,,,,0.0,,,,,0.0,0.0,81,,,1020.1,,,,,,,,,1014.7,,,14.1,,,,17.4,,,,,,,,,,,,,,20,10,17.2,24.0,,20,,,17.6,
2006-02-17 21:00:00,,,,,0.0,,,,,0.0,0.0,80,,,1020.9,,,,,,,,,1015.5,,,14.0,,,,17.5,,,,,,,,,,,,,,20,30,15.9,23.2,,20,,,17.2,
2006-02-17 22:00:00,,,,,0.0,,,,,0.0,0.0,80,,,1020.6,,,,,,,,,1015.2,,,14.2,,,,17.7,,,,,,,,,,,,,,10,30,15.8,22.9,,20,,,16.3,
2006-02-17 23:00:00,,,,,0.0,,,,,0.0,0.0,82,,,1020.9,,,,,,,,,1015.5,,,14.7,,,,17.9,,,,,,,,,,,,,,20,20,13.7,20.9,,10,,,15.6,
2006-02-18 00:00:00,,,,,0.0,,,,,0.0,0.0,81,,,1020.7,,,,,,,,,1015.3,,,14.7,,,,18.0,,,,,,,,,,,,,,10,10,13.8,19.8,,20,,,13.9,
2006-02-18 01:00:00,,,,,0.0,,,,,0.0,0.0,81,,,1020.6,,,,,,,,,1015.2,,,14.7,,,,18.0,,,,,,,,,,,,,,10,360,13.6,20.6,,10,,,13.9,
2006-02-18 02:00:00,,,,,0.0,,,,,0.0,0.0,82,,,1020.1,,,,,,,,,1014.7,,,15.0,,,,18.1,,,,,,,,,,,,,,10,10,14.5,19.7,,10,,,14.7,
2006-02-18 03:00:00,,,,,0.0,,,,,0.0,0.0,82,,,1019.7,,,,,,,,,1014.3,,,14.5,,,,17.7,,,,,,,,,,,,,,10,10,14.1,19.1,,10,,,15.0,
2006-02-18 04:00:00,,,,,0.0,,,,,0.0,0.0,84,,,1019.5,,,,,,,,,1014.1,,,14.8,,,,17.6,,,,,,,,,,,,,,10,360,13.4,20.5,,10,,,15.8,
2006-02-18 05:00:00,,,,,0.0,,,,,0.0,0.0,84,,,1019.1,,,,,,,,,1013.7,,,14.7,,,,17.5,,,,,,,,,,,,,,10,360,13.2,20.1,,10,,,14.8,
2006-02-18 06:00:00,,,,,0.0,,,,,0.0,0.0,84,,,1019.3,,,,,,,,,1013.9,0.0,,14.5,,,,17.3,,,,,,,,,,,,,,10,10,14.5,21.2,,10,,,15.3,
2006-02-18 07:00:00,,,,,0.0,,,,,0.0,0.0,84,,,1019.5,,,,,,,,,1014.1,0.0,,14.9,,,,17.6,,,,,,,,,,,,,,10,10,13.9,19.7,,10,,,15.2,
2006-02-18 08:00:00,,10.0,,,0.0,,,,,0.0,0.0,84,,,1020.0,,,,,,,,,1014.6,0.0,,15.1,,,,17.9,,,,,,,,,,10.0,,,,10,360,12.9,20.4,,10,,,14.2,
2006-02-18 09:00:00,,10.0,,,0.14,,,,,0.0,0.0,84,,,1020.1,,,,,,,,,1014.7,0.0,,15.4,,,,18.2,,,,,,,,,,10.0,,,,10,10,12.6,17.9,,10,,,13.4,
2006-02-18 10:00:00,,,,,0.26,,,,,0.0,0.0,85,,,1020.1,,,,,,,,,1014.7,0.0,,15.3,,,,17.8,,,,,,,,,,,,,,360,10,13.2,19.6,,10,,,13.4,
2006-02-18 11:00:00,,10.0,,,0.42,,,,,0.0,0.0,85,,,1020.0,,,,,,,,,1014.6,0.0,,15.1,,,,17.7,,,,,,,,,,10.0,,,,360,360,13.2,19.3,,360,,,14.1,
2006-02-18 12:00:00,,,,,0.23,,,,,0.0,0.0,86,,,1019.6,,,,,,,,,1014.2,0.0,,14.6,,,,17.0,,,,,,,,,,,,,,10,10,14.9,19.6,,10,,,14.9,
2006-02-18 13:00:00,,,,,0.03,,,,,0.0,0.0,87,,,1019.3,,,,,,,,,1013.9,0.0,,14.4,,,,16.6,,,,,,,,,,,,,,10,10,13.4,20.4,,10,,,15.3,
2006-02-18 14:00:00,,10.0,,,0.04,,,,,0.0,0.0,89,,,1018.7,,,,,,,,,1013.3,0.0,,15.1,,,,16.9,,,,,,,,,,10.0,,,,20,10,13.9,21.0,,10,,,15.9,
2006-02-18 15:00:00,,,,,0.21,,,,,0.0,0.0,86,,,1017.7,,,,,,,,,1012.3,0.0,,14.9,,,,17.3,,,,,,,,,,,,,,20,20,15.1,20.1,,20,,,15.1,
2006-02-18 16:00:00,,,,,0.45,,,,,0.0,0.0,85,,,1017.8,,,,,,,,,1012.4,0.0,,15.1,,,,17.7,,,,,,,,,,,,,,20,20,14.1,21.4,,20,,,15.5,
2006-02-18 17:00:00,,10.0,,,0.0,,,,,0.0,0.0,85,,,1017.8,,,,,,,,,1012.4,0.0,,14.9,,,,17.4,,,,,,,,,,10.0,,,,20,20,14.4,21.0,,20,,,15.1,
2006-02-18 18:00:00,,,,,0.0,,,,,0.0,0.0,85,,,1017.8,,,,,,,,,1012.4,0.0,,14.9,,,,17.4,,,,,,,,,,,,,,20,20,14.7,21.0,,20,,,15.9,
2006-02-18 19:00:00,,,,,0.0,,,,,0.0,0.0,87,,,1018.1,,,,,,,,,1012.7,0.0,,14.9,,,,17.1,,,,,,,,,,,,,,20,10,14.4,21.1,,20,,,15.8,
2006-02-18 20:00:00,,,,,0.0,,,,,0.0,0.0,85,,,1018.7,,,,,,,,,1013.3,,,14.9,,,,17.4,,,,,,,,,,,,,,20,10,13.8,20.4,,10,,,14.7,
2006-02-18 21:00:00,,,,,0.0,,,,,0.0,0.0,86,,,1019.2,,,,,,,,,1013.8,,,15.1,,,,17.5,,,,,,,,,,,,,,20,20,14.2,20.2,,20,,,15.1,
2006-02-18 22:00:00,,,,,0.0,,,,,0.0,0.0,85,,,1019.3,,,,,,,,,1013.9,,,15.6,,,,18.1,,,,,,,,,,,,,,20,20,13.3,18.5,,20,,,14.2,
2006-02-18 23:00:00,,,,,0.0,,,,,0.0,0.0,85,,,1019.0,,,,,,,,,1013.6,,,15.7,,,,18.3,,,,,,,,,,,,,,20,30,12.2,16.1,,20,,,13.2,
2006-02-19 00:00:00,,,,,0.0,,,,,0.0,0.0,86,,,1018.2,,,,,,,,,1012.8,,,16.2,,,,18.5,,,,,,,,,,,,,,20,20,10.9,15.7,,20,,,12.1,
2006-02-19 01:00:00,,,,,0.0,,,,,0.0,0.0,86,,,1017.7,,,,,,,,,1012.4,,,16.5,,,,18.9,,,,,,,,,,,,,,10,10,11.7,17.5,,10,,,11.7,
2006-02-19 02:00:00,,,,,0.0,,,,,0.0,0.0,86,,,1017.8,,,,,,,,,1012.4,,,16.3,,,,18.6,,,,,,,,,,,,,,20,360,11.0,16.3,,10,,,12.4,
2006-02-19 03:00:00,,,,,0.0,,,,,0.0,0.0,86,,,1017.6,,,,,,,,,1012.2,,,16.1,,,,18.5,,,,,,,,,,,,,,20,10,11.3,16.9,,10,,,12.9,
2006-02-19 04:00:00,,,,,0.0,,,,,0.0,0.0,86,,,1016.9,,,,,,,,,1011.5,,,15.9,,,,18.2,,,,,,,,,,,,,,20,20,13.8,17.5,,20,,,13.8,
2006-02-19 05:00:00,,,,,0.0,,,,,0.0,0.0,85,,,1016.7,,,,,,,,,1011.3,,,15.7,,,,18.2,,,,,,,,,,,,,,20,20,12.9,17.3,,20,,,13.8,
2006-02-19 06:00:00,,,,,0.0,,,,,0.0,0.0,87,,,1017.0,,,,,,,,,1011.6,0.0,,15.9,,,,18.1,,,,,,,,,,,,,,30,10,12.7,18.0,,20,,,13.9,
2006-02-19 07:00:00,,,,,0.0,,,,,0.0,0.0,85,,,1017.5,,,,,,,,,1012.1,0.0,,15.9,,,,18.5,,,,,,,,,,,,,,20,30,13.0,17.1,,20,,,13.3,
2006-02-19 08:00:00,,10.0,,,0.11,,,,,0.0,0.0,85,,,1017.7,,,,,,,,,1012.4,0.0,,16.3,,,,18.8,,,,,,,,,,20.0,,,,20,20,12.7,17.4,,20,,,13.0,
2006-02-19 09:00:00,,10.0,,,0.6,,,,,0.0,0.0,83,,,1018.4,,,,,,,,,1013.1,0.0,,16.7,,,,19.6,,,,,,,,,,20.0,,,,20,30,11.4,16.3,,20,,,12.7,
2006-02-19 10:00:00,,,,,0.99,,,,,0.0,0.0,82,,,1018.9,,,,,,,,,1013.6,0.0,,16.4,,,,19.6,,,,,,,,,,,,,,20,30,10.8,15.3,,20,,,12.3,
2006-02-19 11:00:00,,10.0,,,1.08,,,,,0.0,0.0,81,,,1018.4,,,,,,,,,1013.1,0.0,,16.5,,,,19.8,,,,,,,,,,20.0,,,,20,20,11.3,15.8,,20,,,12.1,
2006-02-19 12:00:00,,,,,1.27,,,,,0.0,0.0,83,,,1018.3,,,,,,,,,1013.0,0.0,,17.0,,,,20.0,,,,,,,,,,,,,,20,20,10.1,16.6,,20,,,11.8,
2006-02-19 13:00:00,,,,,1.41,,,,,0.0,0.0,80,,,1017.9,,,,,,,,,1012.6,0.1,,16.6,,,,20.2,,,,,,,,,,,,,,20,20,10.8,15.2,,10,,,11.0,
2006-02-19 14:00:00,,10.0,,,0.88,,,,,0.0,0.0,85,,,1017.7,,,,,,,,,1012.4,0.0,,16.1,,,,18.7,,,,,,,,,,20.0,,,,10,10,12.6,18.7,,10,,,14.1,
2006-02-19 15:00:00,,,,,0.54,,,,,0.0,0.0,85,,,1017.7,,,,,,,,,1012.3,0.0,,14.9,,,,17.4,,,,,,,,,,,,,,10,360,14.4,20.4,,10,,,15.4,
2006-02-19 16:00:00,,,,,0.5,,,,,0.0,0.0,84,,,1016.9,,,,,,,,,1011.5,0.0,,14.8,,,,17.5,,,,,,,,,,,,,,30,30,14.6,20.1,,10,,,14.9,
2006-02-19 17:00:00,,8.0,,,0.34,,,,,0.0,0.0,85,,,1016.4,,,,,,,,,1011.0,0.2,,15.5,,,,18.1,,,,,,,,,,20.0,,,,40,30,12.4,19.9,,30,,,15.1,
2006-02-19 18:00:00,,,,,0.21,,,,,0.0,0.0,85,,,1016.3,,,,,,,,,1011.0,0.5,,16.5,,,,19.1,,,,,,,,,,,,,,30,40,9.4,16.5,,40,,,12.3,
2006-02-19 19:00:00,,,,,0.0,,,,,0.0,0.0,85,,,1016.7,,,,,,,,,1011.4,0.0,,16.6,,,,19.2,,,,,,,,,,,,,,10,10,11.4,14.8,,10,,,11.4,
2006-02-19 20:00:00,,,,,0.0,,,,,0.0,0.0,83,,,1017.7,,,,,,,,,1012.4,,,16.0,,,,18.9,,,,,,,,,,,,,,10,10,13.8,18.1,,10,,,14.0,
2006-02-19 21:00:00,,,,,0.0,,,,,0.0,0.0,83,,,1018.6,,,,,,,,,1013.2,,,15.4,,,,18.3,,,,,,,,,,,,,,10,10,14.3,20.0,,10,,,15.4,
2006-02-19 22:00:00,,,,,0.0,,,,,0.0,0.0,85,,,1019.1,,,,,,,,,1013.7,,,15.1,,,,17.6,,,,,,,,,,,,,,20,20,13.7,20.9,,10,,,14.9,
2006-02-19 23:00:00,,,,,0.0,,,,,0.0,0.0,83,,,1019.6,,,,,,,,,1014.2,,,14.7,,,,17.6,,,,,,,,,,,,,,20,10,13.5,22.2,,10,,,14.8,
2006-02-20 00:00:00,,,,,0.0,,,,,0.0,0.0,84,,,1019.6,,,,,,,,,1014.2,,,14.7,,,,17.5,,,,,,,,,,,,,,20,10,12.8,19.4,,10,,,14.3,
2006-02-20 01:00:00,,,,,0.0,,,,,0.0,0.0,83,,,1019.0,,,,,,,,,1013.6,,,14.6,,,,17.6,,,,,,,,,,,,,,20,360,11.7,17.4,,20,,,12.9,
2006-02-20 02:00:00,,,,,0.0,,,,,0.0,0.0,84,,,1018.3,,,,,,,,,1012.9,,,15.0,,,,17.8,,,,,,,,,,,,,,30,20,11.0,17.2,,20,,,11.9,
2006-02-20 03:00:00,,,,,0.0,,,,,0.0,0.0,83,,,1017.3,,,,,,,,,1011.9,,,15.2,,,,18.1,,,,,,,,,,,,,,20,20,10.1,15.3,,20,,,11.3,
2006-02-20 04:00:00,,,,,0.0,,,,,0.0,0.0,83,,,1017.1,,,,,,,,,1011.7,,,15.4,,,,18.4,,,,,,,,,,,,,,20,20,10.7,14.8,,20,,,10.9,
2006-02-20 05:00:00,,,,,0.0,,,,,0.0,0.0,82,,,1016.7,,,,,,,,,1011.4,,,15.4,,,,18.6,,,,,,,,,,,,,,20,10,11.4,15.7,,20,,,11.4,
2006-02-20 06:00:00,,,,,0.0,,,,,0.0,0.0,81,,,1016.8,,,,,,,,,1011.5,0.0,,15.6,,,,18.9,,,,,,,,,,,,,,10,10,12.4,17.9,,10,,,12.9,
2006-02-20 07:00:00,,,,,0.0,,,,,0.0,0.0,80,,,1018.1,,,,,,,,,1012.8,0.0,,15.4,,,,19.0,,,,,,,,,,,,,,10,10,12.3,18.1,,20,,,12.6,
2006-02-20 08:00:00,,9.0,,,0.16,,,,,0.0,0.0,81,,,1018.3,,,,,,,,,1013.0,0.0,,15.6,,,,18.9,,,,,,,,,,15.0,,,,10,360,14.6,19.6,,10,,,14.6,
2006-02-20 09:00:00,,10.0,,,0.52,,,,,0.0,0.0,82,,,1019.2,,,,,,,,,1013.8,0.0,,15.3,,,,18.5,,,,,,,,,,15.0,,,,10,360,12.9,19.1,,10,,,14.7,
2006-02-20 10:00:00,,,,,0.65,,,,,0.0,0.0,80,,,1019.6,,,,,,,,,1014.2,0.0,,15.2,,,,18.7,,,,,,,,,,,,,,20,360,12.6,18.7,,10,,,14.3,
2006-02-20 11:00:00,,10.0,,,1.0,,,,,0.0,0.0,81,,,1019.4,,,,,,,,,1014.0,0.1,,15.4,,,,18.8,,,,,,,,,,15.0,,,,10,360,11.2,17.7,,20,,,12.5,
2006-02-20 12:00:00,,,,,0.79,,,,,0.0,0.0,80,,,1018.5,,,,,,,,,1013.2,0.0,,15.5,,,,19.0,,,,,,,,,,,,,,10,10,12.4,17.7,,10,,,12.6,
2006-02-20 13:00:00,,,,,1.26,,,,,0.0,0.0,80,,,1017.6,,,,,,,,,1012.3,0.1,,15.7,,,,19.3,,,,,,,,,,,,,,10,10,13.8,18.2,,10,,,14.0,
2006-02-20 14:00:00,,10.0,,,1.78,,,,,0.0,0.0,75,,,1016.6,,,,,,,,,1011.3,0.2,,15.8,,,,20.3,,,,,,,,,,15.0,,,,20,10,10.6,17.9,,10,,,14.1,
2006-02-20 15:00:00,,,,,1.51,,,,,0.0,0.0,78,,,1016.2,,,,,,,,,1010.9,0.2,,16.1,,,,20.0,,,,,,,,,,,,,,10,10,10.5,16.0,,10,,,12.1,
2006-02-20 16:00:00,,,,,0.86,,,,,0.0,0.0,79,,,1016.0,,,,,,,,,1010.7,0.1,,16.2,,,,20.0,,,,,,,,,,,,,,20,30,9.7,14.1,,10,,,10.4,
2006-02-20 17:00:00,,6.0,,,0.63,,,,,0.0,0.0,80,,,1016.4,,,,,,,,,1011.1,0.2,,16.5,,,,20.0,,,,,,,,,,15.0,,,,20,20,8.3,12.7,,20,,,9.7,
2006-02-20 18:00:00,,,,,0.16,,,,,0.0,0.0,82,,,1016.8,,,,,,,,,1011.5,0.3,,16.5,,,,19.6,,,,,,,,,,,,,,10,20,7.2,11.1,,20,,,8.4,
2006-02-20 19:00:00,,,,,0.0,,,,,0.0,0.0,83,,,1017.1,,,,,,,,,1011.8,0.0,,16.8,,,,19.8,,,,,,,,,,,,,,10,10,8.6,11.8,,10,,,8.6,
2006-02-20 20:00:00,,,,,0.0,,,,,0.0,0.0,81,,,1017.8,,,,,,,,,1012.5,,,16.6,,,,20.0,,,,,,,,,,,,,,10,360,11.1,15.6,,10,,,12.2,
2006-02-20 21:00:00,,,,,0.0,,,,,0.0,0.0,84,,,1018.9,,,,,,,,,1013.5,,,15.8,,,,18.6,,,,,,,,,,,,,,10,10,12.5,16.1,,10,,,12.7,
2006-02-20 22:00:00,,,,,0.0,,,,,0.0,0.0,84,,,1018.6,,,,,,,,,1013.3,,,16.3,,,,19.0,,,,,,,,,,,,,,20,10,9.7,15.9,,10,,,12.6,
2006-02-20 23:00:00,,,,,0.0,,,,,0.0,0.0,83,,,1018.7,,,,,,,,,1013.4,,,16.4,,,,19.3,,,,,,,,,,,,,,10,30,9.4,12.9,,20,,,9.8,
2006-02-21 00:00:00,,,,,0.0,,,,,0.0,0.0,84,,,1018.4,,,,,,,,,1013.1,,,16.6,,,,19.3,,,,,,,,,,,,,,10,360,7.8,12.5,,10,,,9.4,
2006-02-21 01:00:00,,,,,0.0,,,,,0.0,0.0,84,,,1018.4,,,,,,,,,1013.1,,,16.3,,,,19.1,,,,,,,,,,,,,,360,360,8.6,12.4,,10,,,8.7,
2006-02-21 02:00:00,,,,,0.0,,,,,0.0,0.0,84,,,1018.2,,,,,,,,,1012.8,,,16.0,,,,18.8,,,,,,,,,,,,,,10,10,7.5,11.7,,360,,,8.6,
2006-02-21 03:00:00,,,,,0.0,,,,,0.0,0.0,84,,,1017.7,,,,,,,,,1012.4,,,16.1,,,,18.9,,,,,,,,,,,,,,10,360,6.8,10.5,,10,,,7.5,
2006-02-21 04:00:00,,,,,0.0,,,,,0.0,0.0,82,,,1017.5,,,,,,,,,1012.2,,,15.8,,,,19.0,,,,,,,,,,,,,,10,20,7.8,11.8,,10,,,8.2,
2006-02-21 05:00:00,,,,,0.0,,,,,0.0,0.0,82,,,1017.6,,,,,,,,,1012.3,,,16.0,,,,19.1,,,,,,,,,,,,,,10,10,7.2,10.4,,10,,,7.8,
2006-02-21 06:00:00,,,,,0.0,,,,,0.0,0.0,82,,,1018.1,,,,,,,,,1012.8,0.0,,16.1,,,,19.2,,,,,,,,,,,,,,10,10,6.8,9.9,,10,,,7.2,
2006-02-21 07:00:00,,,,,0.0,,,,,0.0,0.0,81,,,1018.8,,,,,,,,,1013.5,0.0,,15.9,,,,19.2,,,,,,,,,,,,,,10,10,7.4,10.1,,10,,,7.5,
2006-02-21 08:00:00,,10.0,,,0.13,,,,,0.0,0.0,81,,,1018.8,,,,,,,,,1013.5,0.0,,16.1,,,,19.5,,,,,,,,,,10.0,,,,10,10,8.0,11.2,,10,,,8.3,
2006-02-21 09:00:00,,10.0,,,0.59,,,,,0.0,0.0,81,,,1019.1,,,,,,,,,1013.8,0.0,,16.0,,,,19.4,,,,,,,,,,10.0,,,,10,10,9.5,12.7,,10,,,9.7,
2006-02-21 10:00:00,,,,,0.88,,,,,0.0,0.0,80,,,1019.1,,,,,,,,,1013.8,0.0,,15.9,,,,19.5,,,,,,,,,,,,,,10,10,9.9,13.6,,10,,,9.9,
2006-02-21 11:00:00,,10.0,,,1.04,,,,,0.0,0.0,79,,,1018.7,,,,,,,,,1013.4,0.0,,16.0,,,,19.7,,,,,,,,,,10.0,,,,10,10,7.8,13.1,,10,,,9.8,
2006-02-21 12:00:00,,,,,1.0,,,,,0.0,0.0,80,,,1017.8,,,,,,,,,1012.5,0.0,,16.0,,,,19.6,,,,,,,,,,,,,,10,10,7.4,11.0,,10,,,7.9,
2006-02-21 13:00:00,,,,,1.19,,,,,0.0,0.0,79,,,1017.0,,,,,,,,,1011.7,0.0,,16.5,,,,20.2,,,,,,,,,,,,,,10,10,6.8,10.3,,10,,,7.3,
2006-02-21 14:00:00,,10.0,,,1.19,,,,,0.0,0.0,78,,,1016.1,,,,,,,,,1010.8,0.0,,16.8,,,,20.7,,,,,,,,,,10.0,,,,10,10,5.8,9.9,,10,,,7.2,
2006-02-21 15:00:00,,,,,0.84,,,,,0.0,0.0,79,,,1016.0,,,,,,,,,1010.7,0.0,,16.6,,,,20.3,,,,,,,,,,,,,,360,360,4.7,8.7,,360,,,5.9,
2006-02-21 16:00:00,,,,,0.68,,,,,0.0,0.0,78,,,1015.6,,,,,,,,,1010.3,0.0,,16.5,,,,20.4,,,,,,,,,,,,,,10,10,5.7,8.6,,10,,,5.9,
2006-02-21 17:00:00,,8.0,,,0.58,,,,,0.0,0.0,81,,,1015.9,,,,,,,,,1010.6,0.2,,16.3,,,,19.7,,,,,,,,,,10.0,,,,10,20,6.8,9.8,,10,,,7.3,
2006-02-21 18:00:00,,,,,0.09,,,,,0.0,0.0,83,,,1016.2,,,,,,,,,1010.9,0.1,,16.2,,,,19.1,,,,,,,,,,,,,,10,10,7.8,10.6,,10,,,8.0,
2006-02-21 19:00:00,,,,,0.0,,,,,0.0,0.0,85,,,1016.7,,,,,,,,,1011.4,0.0,,16.5,,,,19.0,,,,,,,,,,,,,,10,360,8.9,11.9,,10,,,9.5,
2006-02-21 20:00:00,,,,,0.0,,,,,0.0,0.0,86,,,1017.5,,,,,,,,,1012.2,,,16.6,,,,19.0,,,,,,,,,,,,,,10,10,9.4,12.5,,10,,,9.6,
2006-02-21 21:00:00,,,,,0.0,,,,,0.0,0.0,86,,,1017.9,,,,,,,,,1012.6,,,16.5,,,,18.9,,,,,,,,,,,,,,10,10,8.1,12.5,,10,,,9.8,
2006-02-21 22:00:00,,,,,0.0,,,,,0.0,0.0,85,,,1018.3,,,,,,,,,1013.0,,,16.4,,,,19.0,,,,,,,,,,,,,,20,10,6.7,10.9,,10,,,8.6,
2006-02-21 23:00:00,,,,,0.0,,,,,0.0,0.0,85,,,1017.9,,,,,,,,,1012.6,,,16.6,,,,19.1,,,,,,,,,,,,,,10,30,6.2,9.0,,20,,,6.7,
2006-02-22 00:00:00,,,,,0.0,,,,,0.0,0.0,85,,,1017.7,,,,,,,,,1012.4,,,16.3,,,,18.8,,,,,,,,,,,,,,30,360,4.2,7.9,,10,,,6.5,
2006-02-22 01:00:00,,,,,0.0,,,,,0.0,0.0,86,,,1017.5,,,,,,,,,1012.2,,,16.7,,,,19.1,,,,,,,,,,,,,,10,20,5.1,7.0,,10,,,5.1,
2006-02-22 02:00:00,,,,,0.0,,,,,0.0,0.0,87,,,1017.1,,,,,,,,,1011.8,,,16.9,,,,19.2,,,,,,,,,,,,,,10,360,6.6,8.9,,360,,,6.7,
2006-02-22 03:00:00,,,,,0.0,,,,,0.0,0.0,88,,,1016.9,,,,,,,,,1011.6,,,17.0,,,,19.1,,,,,,,,,,,,,,10,10,6.7,10.3,,10,,,6.9,
2006-02-22 04:00:00,,,,,0.0,,,,,0.0,0.0,87,,,1016.6,,,,,,,,,1011.3,,,17.0,,,,19.3,,,,,,,,,,,,,,20,10,7.2,10.9,,10,,,8.0,
2006-02-22 05:00:00,,,,,0.0,,,,,0.0,0.0,87,,,1016.6,,,,,,,,,1011.3,,,17.3,,,,19.6,,,,,,,,,,,,,,10,360,7.1,10.7,,10,,,7.3,
2006-02-22 06:00:00,,,,,0.0,,,,,0.0,0.0,86,,,1017.2,,,,,,,,,1011.9,0.0,,17.5,,,,20.0,,,,,,,,,,,,,,20,10,7.9,12.1,,10,,,8.8,
2006-02-22 07:00:00,,,,,0.0,,,,,0.0,0.0,83,,,1017.3,,,,,,,,,1012.0,0.0,,17.5,,,,20.4,,,,,,,,,,,,,,30,20,7.9,11.4,,20,,,8.7,
2006-02-22 08:00:00,,8.0,,,0.38,,,,,0.0,0.0,85,,,1017.7,,,,,,,,,1012.4,0.2,,18.3,,,,20.9,,,,,,,,,,15.0,,,,30,30,7.3,10.6,,30,,,8.3,
2006-02-22 09:00:00,,4.0,,,1.15,,,,,0.0,0.0,82,,,1017.9,,,,,,,,,1012.6,0.5,,18.8,,,,22.1,,,,,,,,,,15.0,,,,40,30,7.2,10.9,,30,,,7.8,
2006-02-22 10:00:00,,,,,1.58,,,,,0.0,0.0,81,,,1018.6,,,,,,,,,1013.3,0.4,,18.8,,,,22.2,,,,,,,,,,,,,,20,40,6.3,8.9,,40,,,7.1,
2006-02-22 11:00:00,,8.0,,,1.83,,,,,0.0,0.0,77,,,1018.1,,,,,,,,,1012.8,0.3,,19.0,,,,23.2,,,,,,,,,,15.0,,,,20,20,6.1,8.6,,20,,,6.6,
2006-02-22 12:00:00,,,,,2.93,,,,,0.0,0.0,77,,,1017.3,,,,,,,,,1012.0,1.0,,19.2,,,,23.4,,,,,,,,,,,,,,20,20,5.8,7.9,,20,,,6.5,
2006-02-22 13:00:00,,,,,3.0,,,,,0.0,0.0,76,,,1016.2,,,,,,,,,1011.0,1.0,,19.7,,,,24.3,,,,,,,,,,,,,,30,20,5.3,8.0,,20,,,6.1,
2006-02-22 14:00:00,,0.0,,,2.96,,,,,0.0,0.0,77,,,1015.5,,,,,,,,,1010.3,1.0,,19.7,,,,24.0,,,,,,,,,,15.0,,,,20,20,5.8,7.7,,20,,,5.8,
2006-02-22 15:00:00,,,,,2.37,,,,,0.0,0.0,77,,,1015.1,,,,,,,,,1009.9,1.0,,20.2,,,,24.4,,,,,,,,,,,,,,20,30,4.7,7.6,,20,,,5.8,
2006-02-22 16:00:00,,,,,1.67,,,,,0.0,0.0,81,,,1015.3,,,,,,,,,1010.0,1.0,,20.0,,,,23.4,,,,,,,,,,,,,,10,10,6.5,8.3,,10,,,6.5,
2006-02-22 17:00:00,,0.0,,,0.88,,,,,0.0,0.0,83,,,1015.3,,,,,,,,,1010.0,1.0,,19.9,,,,23.0,,,,,,,,,,15.0,,,,10,20,7.2,9.9,,10,,,7.2,
2006-02-22 18:00:00,,,,,0.24,,,,,0.0,0.0,83,,,1015.8,,,,,,,,,1010.5,0.2,,18.6,,,,21.6,,,,,,,,,,,,,,10,10,9.3,14.3,,10,,,11.1,
2006-02-22 19:00:00,,,,,0.0,,,,,0.0,0.0,83,,,1016.2,,,,,,,,,1010.9,0.0,,17.9,,,,20.8,,,,,,,,,,,,,,20,30,11.3,15.0,,20,,,11.4,
2006-02-22 20:00:00,,,,,0.0,,,,,0.0,0.0,82,,,1016.4,,,,,,,,,1011.1,,,18.0,,,,21.1,,,,,,,,,,,,,,20,30,12.8,16.7,,20,,,12.8,
2006-02-22 21:00:00,,,,,0.0,,,,,0.0,0.0,83,,,1017.1,,,,,,,,,1011.8,,,17.8,,,,20.8,,,,,,,,,,,,,,20,20,14.1,18.1,,20,,,14.1,
2006-02-22 22:00:00,,,,,0.0,,,,,0.0,0.0,82,,,1017.4,,,,,,,,,1012.1,,,17.4,,,,20.5,,,,,,,,,,,,,,20,20,14.9,19.3,,20,,,15.5,
2006-02-22 23:00:00,,,,,0.0,,,,,0.0,0.0,82,,,1017.7,,,,,,,,,1012.4,,,17.0,,,,20.1,,,,,,,,,,,,,,20,20,15.0,20.2,,20,,,15.4,
2006-02-23 00:00:00,,,,,0.0,,,,,0.0,0.0,82,,,1017.7,,,,,,,,,1012.4,,,16.4,,,,19.5,,,,,,,,,,,,,,20,20,16.5,22.8,,20,,,17.2,
2006-02-23 01:00:00,,,,,0.0,,,,,0.0,0.0,84,,,1017.5,,,,,,,,,1012.2,,,16.3,,,,19.0,,,,,,,,,,,,,,20,20,16.3,22.0,,20,,,16.5,
2006-02-23 02:00:00,,,,,0.0,,,,,0.0,0.0,85,,,1017.3,,,,,,,,,1011.9,,,15.7,,,,18.3,,,,,,,,,,,,,,20,20,16.4,24.0,,20,,,16.6,
2006-02-23 03:00:00,,,,,0.0,,,,,0.0,0.0,84,,,1017.3,,,,,,,,,1011.9,,,15.5,,,,18.2,,,,,,,,,,,,,,20,20,15.2,23.1,,20,,,17.1,
2006-02-23 04:00:00,,,,,0.0,,,,,0.0,0.0,84,,,1017.4,,,,,,,,,1012.0,,,15.5,,,,18.3,,,,,,,,,,,,,,20,20,15.6,23.2,,10,,,16.5,
2006-02-23 05:00:00,,,,,0.0,,,,,0.0,0.0,85,,,1017.2,,,,,,,,,1011.8,,,15.7,,,,18.2,,,,,,,,,,,,,,20,20,15.0,22.6,,20,,,16.0,
2006-02-23 06:00:00,,,,,0.0,,,,,0.0,0.0,82,,,1017.6,,,,,,,,,1012.2,0.0,,15.2,,,,18.3,,,,,,,,,,,,,,20,10,15.9,22.4,,20,,,16.3,
2006-02-23 07:00:00,,,,,0.0,,,,,0.0,0.0,83,,,1017.5,,,,,,,,,1012.1,0.0,,15.4,,,,18.3,,,,,,,,,,,,,,10,20,17.8,24.0,,10,,,18.0,
2006-02-23 08:00:00,,10.0,,,0.19,,,,,0.0,0.0,81,,,1018.1,,,,,,,,,1012.7,0.0,,15.0,,,,18.4,,,,,,,,,,10.0,,,,20,10,17.5,28.8,,10,,,17.9,
2006-02-23 09:00:00,,10.0,,,0.64,,,,,0.0,0.0,81,,,1018.5,,,,,,,,,1013.1,0.0,,15.0,,,,18.4,,,,,,,,,,10.0,,,,20,20,17.4,25.6,,20,,,17.9,
2006-02-23 10:00:00,,,,,1.07,,,,,0.0,0.0,79,,,1018.6,,,,,,,,,1013.3,0.2,,15.3,,,,19.1,,,,,,,,,,,,,,20,20,16.9,25.4,,20,,,17.8,
2006-02-23 11:00:00,,10.0,,,0.72,,,,,0.0,0.0,81,,,1019.0,,,,,,,,,1013.6,0.0,,15.5,,,,18.8,,,,,,,,,,10.0,,,,20,20,13.7,23.0,,20,,,17.6,
2006-02-23 12:00:00,,,,,0.66,,,,,0.0,0.0,82,,,1017.9,,,,,,,,,1012.6,0.0,,15.7,,,,18.8,,,,,,,,,,,,,,20,20,15.3,21.0,,20,,,15.4,
2006-02-23 13:00:00,,,,,0.78,,,,,0.0,0.0,80,,,1017.2,,,,,,,,,1011.9,0.0,,15.8,,,,19.3,,,,,,,,,,,,,,20,20,14.1,20.5,,20,,,15.1,
2006-02-23 14:00:00,,10.0,,,1.06,,,,,0.0,0.0,79,,,1016.5,,,,,,,,,1011.2,0.0,,15.7,,,,19.4,,,,,,,,,,10.0,,,,20,30,13.7,19.6,,20,,,14.9,
2006-02-23 15:00:00,,,,,1.08,,,,,0.0,0.0,80,,,1015.9,,,,,,,,,1010.6,0.1,,15.8,,,,19.3,,,,,,,,,,,,,,20,20,13.1,19.6,,20,,,14.3,
2006-02-23 16:00:00,,,,,0.69,,,,,0.0,0.0,81,,,1015.8,,,,,,,,,1010.5,0.0,,16.2,,,,19.5,,,,,,,,,,,,,,20,20,13.5,20.2,,20,,,14.2,
2006-02-23 17:00:00,,10.0,,,0.14,,,,,0.0,0.0,82,,,1016.4,,,,,,,,,1011.1,0.0,,15.8,,,,19.0,,,,,,,,,,10.0,,,,20,10,13.7,21.2,,20,,,14.6,
2006-02-23 18:00:00,,,,,0.0,,,,,0.0,0.0,83,,,1016.8,,,,,,,,,1011.5,0.0,,15.6,,,,18.6,,,,,,,,,,,,,,20,10,13.9,19.4,,20,,,14.4,
2006-02-23 19:00:00,,,,,0.0,,,,,0.0,0.0,83,,,1016.8,,,,,,,,,1011.5,0.0,,15.7,,,,18.6,,,,,,,,,,,,,,20,30,13.3,19.4,,20,,,14.1,
2006-02-23 20:00:00,,,,,0.0,,,,,0.0,0.0,82,,,1017.3,,,,,,,,,1012.0,,,15.9,,,,19.0,,,,,,,,,,,,,,20,30,12.4,17.5,,20,,,13.5,
2006-02-23 21:00:00,,,,,0.0,,,,,0.0,0.0,84,,,1017.5,,,,,,,,,1012.2,,,16.3,,,,19.0,,,,,,,,,,,,,,10,10,12.4,17.3,,20,,,12.5,
2006-02-23 22:00:00,,,,,0.0,,,,,0.0,0.0,84,,,1017.6,,,,,,,,,1012.3,,,16.1,,,,18.9,,,,,,,,,,,,,,10,360,14.0,19.9,,10,,,15.3,
2006-02-23 23:00:00,,,,,0.0,,,,,0.0,0.0,85,,,1018.0,,,,,,,,,1012.7,,,16.3,,,,18.9,,,,,,,,,,,,,,10,20,13.1,19.2,,10,,,13.9,
2006-02-24 00:00:00,,,,,0.0,,,,,0.0,0.0,84,,,1018.5,,,,,,,,,1013.1,,,15.8,,,,18.6,,,,,,,,,,,,,,20,10,11.7,18.3,,20,,,13.4,
2006-02-24 01:00:00,,,,,0.0,,,,,0.0,0.0,85,,,1018.4,,,,,,,,,1013.0,,,15.7,,,,18.2,,,,,,,,,,,,,,20,20,12.5,18.3,,20,,,13.1,
2006-02-24 02:00:00,,,,,0.0,,,,,0.0,0.0,85,,,1018.3,,,,,,,,,1012.9,,,15.8,,,,18.3,,,,,,,,,,,,,,10,10,11.6,20.0,,20,,,13.0,
2006-02-24 03:00:00,,,,,0.0,,,,,0.0,0.0,86,,,1018.3,,,,,,,,,1012.9,,,15.4,,,,17.8,,,,,,,,,,,,,,10,10,13.5,19.1,,10,,,13.7,
2006-02-24 04:00:00,,,,,0.0,,,,,0.0,0.0,87,,,1017.9,,,,,,,,,1012.5,,,15.3,,,,17.4,,,,,,,,,,,,,,10,10,14.2,19.9,,20,,,14.3,
2006-02-24 05:00:00,,,,,0.0,,,,,0.0,0.0,87,,,1017.8,,,,,,,,,1012.4,,,15.4,,,,17.5,,,,,,,,,,,,,,20,30,14.4,21.1,,20,,,15.2,
2006-02-24 06:00:00,,,,,0.0,,,,,0.0,0.0,86,,,1018.0,,,,,,,,,1012.6,0.0,,15.2,,,,17.5,,,,,,,,,,,,,,20,20,14.8,21.9,,20,,,15.8,
2006-02-24 07:00:00,,,,,0.0,,,,,0.0,0.0,86,,,1018.7,,,,,,,,,1013.3,0.0,,15.1,,,,17.5,,,,,,,,,,,,,,20,20,15.3,22.7,,20,,,15.6,
2006-02-24 08:00:00,,10.0,,,0.0,,,,,0.0,0.0,85,,,1019.2,,,,,,,,,1013.8,0.0,,15.3,,,,17.9,,,,,,,,,,15.0,,,,30,20,15.4,21.1,,20,,,15.5,
2006-02-24 09:00:00,,10.0,,,0.2,,,,,0.0,0.0,85,,,1019.4,,,,,,,,,1014.0,0.0,,15.8,,,,18.4,,,,,,,,,,15.0,,,,20,30,13.4,20.0,,30,,,15.5,
2006-02-24 10:00:00,,,,,0.58,,,,,0.0,0.0,83,,,1019.7,,,,,,,,,1014.3,0.0,,15.6,,,,18.6,,,,,,,,,,,,,,20,20,14.1,22.0,,20,,,15.3,
2006-02-24 11:00:00,,10.0,,,0.6,,,,,0.0,0.0,83,,,1018.9,,,,,,,,,1013.5,0.0,,15.4,,,,18.3,,,,,,,,,,15.0,,,,20,20,14.3,20.0,,20,,,14.9,
2006-02-24 12:00:00,,,,,1.03,,,,,0.0,0.0,82,,,1018.0,,,,,,,,,1012.7,0.0,,15.6,,,,18.8,,,,,,,,,,,,,,20,10,14.3,21.3,,10,,,14.7,
2006-02-24 13:00:00,,,,,1.06,,,,,0.0,0.0,81,,,1017.1,,,,,,,,,1011.8,0.0,,15.8,,,,19.1,,,,,,,,,,,,,,20,20,14.4,20.1,,20,,,15.2,
2006-02-24 14:00:00,,10.0,,,1.11,,,,,0.0,0.0,82,,,1016.8,,,,,,,,,1011.5,0.0,,15.6,,,,18.8,,,,,,,,,,15.0,,,,20,20,13.7,21.2,,20,,,15.4,
2006-02-24 15:00:00,,,,,0.68,,,,,0.0,0.0,83,,,1016.0,,,,,,,,,1010.7,0.0,,15.5,,,,18.5,,,,,,,,,,,,,,20,20,13.9,19.7,,20,,,14.3,
2006-02-24 16:00:00,,,,,0.57,,,,,0.0,0.0,84,,,1015.4,,,,,,,,,1010.1,0.0,,16.0,,,,18.8,,,,,,,,,,,,,,20,30,14.1,20.9,,20,,,15.3,
2006-02-24 17:00:00,,10.0,,,0.37,,,,,0.0,0.0,84,,,1015.9,,,,,,,,,1010.6,0.0,,16.1,,,,18.8,,,,,,,,,,15.0,,,,20,20,14.1,20.2,,20,,,14.6,
2006-02-24 18:00:00,,,,,0.0,,,,,0.0,0.0,85,,,1016.2,,,,,,,,,1010.9,0.0,,15.9,,,,18.4,,,,,,,,,,,,,,20,30,14.3,19.5,,20,,,14.4,
2006-02-24 19:00:00,,,,,0.0,,,,,0.0,0.0,84,,,1016.2,,,,,,,,,1010.9,0.0,,15.9,,,,18.6,,,,,,,,,,,,,,20,20,14.1,19.8,,20,,,14.2,
2006-02-24 20:00:00,,,,,0.0,,,,,0.0,0.0,85,,,1017.0,,,,,,,,,1011.6,,,15.9,,,,18.4,,,,,,,,,,,,,,10,30,14.2,20.5,,20,,,14.9,
2006-02-24 21:00:00,,,,,0.0,,,,,0.0,0.0,86,,,1017.6,,,,,,,,,1012.2,,,15.8,,,,18.1,,,,,,,,,,,,,,20,10,14.4,20.6,,20,,,15.0,
2006-02-24 22:00:00,,,,,0.0,,,,,0.0,0.0,88,,,1017.8,,,,,,,,,1012.4,,,15.9,,,,18.0,,,,,,,,,,,,,,20,360,14.2,20.7,,20,,,14.6,
2006-02-24 23:00:00,,,,,0.0,,,,,0.0,0.0,87,,,1017.8,,,,,,,,,1012.4,,,15.9,,,,18.1,,,,,,,,,,,,,,20,20,13.8,19.4,,20,,,14.4,
2006-02-25 00:00:00,,,,,0.0,,,,,0.0,0.0,87,,,1017.7,,,,,,,,,1012.3,,,15.9,,,,18.1,,,,,,,,,,,,,,20,20,13.1,19.6,,20,,,14.3,
2006-02-25 01:00:00,,,,,0.0,,,,,0.0,0.0,87,,,1017.3,,,,,,,,,1011.9,,,15.7,,,,17.9,,,,,,,,,,,,,,20,30,11.7,17.2,,20,,,12.9,
2006-02-25 02:00:00,,,,,0.0,,,,,0.0,0.0,86,,,1016.2,,,,,,,,,1010.9,,,16.0,,,,18.3,,,,,,,,,,,,,,20,20,11.1,16.7,,20,,,12.3,
2006-02-25 03:00:00,,,,,0.0,,,,,0.0,0.0,86,,,1015.3,,,,,,,,,1010.0,,,16.1,,,,18.4,,,,,,,,,,,,,,20,20,11.2,15.1,,20,,,11.7,
2006-02-25 04:00:00,,,,,0.0,,,,,0.0,0.0,85,,,1015.1,,,,,,,,,1009.8,,,16.3,,,,18.8,,,,,,,,,,,,,,20,20,8.8,14.0,,20,,,11.3,
2006-02-25 05:00:00,,,,,0.0,,,,,0.0,0.0,86,,,1014.9,,,,,,,,,1009.6,,,16.5,,,,18.9,,,,,,,,,,,,,,20,30,8.5,13.2,,20,,,9.4,
2006-02-25 06:00:00,,,,,0.0,,,,,0.0,0.0,86,,,1015.1,,,,,,,,,1009.8,0.0,,16.5,,,,18.8,,,,,,,,,,,,,,30,20,8.0,11.6,,20,,,9.0,
2006-02-25 07:00:00,,,,,0.0,,,,,0.0,0.0,85,,,1015.3,,,,,,,,,1010.0,0.0,,16.4,,,,19.0,,,,,,,,,,,,,,20,20,7.6,10.6,,30,,,8.0,
2006-02-25 08:00:00,,10.0,,,0.04,,,,,0.0,0.0,84,,,1015.6,,,,,,,,,1010.3,0.0,,16.7,,,,19.5,,,,,,,,,,15.0,,,,20,10,6.4,10.0,,20,,,7.4,
2006-02-25 09:00:00,,10.0,,,0.64,,,,,0.0,0.0,83,,,1016.1,,,,,,,,,1010.8,0.0,,17.3,,,,20.3,,,,,,,,,,15.0,,,,10,360,5.7,8.9,,20,,,6.4,
2006-02-25 10:00:00,,,,,0.61,,,,,0.0,0.0,83,,,1016.4,,,,,,,,,1011.1,0.0,,17.1,,,,20.0,,,,,,,,,,,,,,360,360,6.4,9.0,,360,,,6.4,
2006-02-25 11:00:00,,10.0,,,0.95,,,,,0.0,0.0,83,,,1015.7,,,,,,,,,1010.4,0.1,,17.2,,,,20.2,,,,,,,,,,15.0,,,,10,10,8.9,11.0,,10,,,8.9,
2006-02-25 12:00:00,,,,,2.04,,,,,0.0,0.0,80,,,1014.7,,,,,,,,,1009.4,0.3,,17.1,,,,20.6,,,,,,,,,,,,,,10,360,7.6,12.6,,10,,,9.5,
2006-02-25 13:00:00,,,,,2.74,,,,,0.0,0.0,77,,,1013.8,,,,,,,,,1008.5,0.7,,17.4,,,,21.5,,,,,,,,,,,,,,20,360,8.1,11.2,,10,,,8.4,
2006-02-25 14:00:00,,8.0,,,1.91,,,,,0.0,0.0,78,,,1012.8,,,,,,,,,1007.5,0.3,,17.3,,,,21.2,,,,,,,,,,10.0,,,,20,30,9.2,11.8,,20,,,9.2,
2006-02-25 15:00:00,,,,,1.66,,,,,0.0,0.0,79,,,1012.0,,,,,,,,,1006.7,0.3,,16.7,,,,20.5,,,,,,,,,,,,,,20,30,7.6,10.9,,20,,,9.3,
2006-02-25 16:00:00,,,,,1.16,,,,,0.0,0.0,81,,,1011.9,,,,,,,,,1006.6,0.2,,16.9,,,,20.3,,,,,,,,,,,,,,20,30,7.6,9.9,,20,,,7.8,
2006-02-25 17:00:00,,9.0,,,0.69,,,,,0.0,0.0,82,,,1012.1,,,,,,,,,1006.8,0.2,,16.8,,,,20.0,,,,,,,,,,10.0,,,,20,20,6.0,9.9,,20,,,7.8,
2006-02-25 18:00:00,,,,,0.05,,,,,0.0,0.0,84,,,1012.4,,,,,,,,,1007.1,0.0,,16.8,,,,19.6,,,,,,,,,,,,,,10,360,6.5,9.4,,10,,,6.5,
2006-02-25 19:00:00,,,,,0.0,,,,,0.0,0.0,85,,,1012.4,,,,,,,,,1007.1,0.0,,17.0,,,,19.6,,,,,,,,,,,,,,10,10,7.3,10.0,,10,,,7.7,
2006-02-25 20:00:00,,,,,0.0,,,,,0.0,0.0,84,,,1013.2,,,,,,,,,1007.9,,,17.0,,,,19.8,,,,,,,,,,,,,,10,10,6.9,9.2,,10,,,7.3,
2006-02-25 21:00:00,,,,,0.0,,,,,0.0,0.0,86,,,1013.7,,,,,,,,,1008.4,,,17.4,,,,19.8,,,,,,,,,,,,,,20,10,6.8,10.1,,10,,,7.3,
2006-02-25 22:00:00,,,,,0.0,,,,,0.0,0.0,85,,,1014.3,,,,,,,,,1009.0,,,17.3,,,,19.9,,,,,,,,,,,,,,10,10,6.3,9.2,,20,,,7.4,
2006-02-25 23:00:00,,,,,0.0,,,,,0.0,0.0,84,,,1014.4,,,,,,,,,1009.1,,,17.1,,,,19.8,,,,,,,,,,,,,,10,10,6.3,9.2,,10,,,6.9,
2006-02-26 00:00:00,,,,,0.0,,,,,0.0,0.0,85,,,1014.6,,,,,,,,,1009.3,,,17.0,,,,19.6,,,,,,,,,,,,,,360,360,8.4,12.0,,360,,,8.4,
2006-02-26 01:00:00,,,,,0.0,,,,,0.0,0.0,85,,,1014.4,,,,,,,,,1009.1,,,17.1,,,,19.7,,,,,,,,,,,,,,360,360,9.3,12.6,,360,,,9.7,
2006-02-26 02:00:00,,,,,0.0,,,,,0.0,0.0,82,,,1014.0,,,,,,,,,1008.7,,,16.4,,,,19.5,,,,,,,,,,,,,,20,10,11.5,16.2,,10,,,12.2,
2006-02-26 03:00:00,,,,,0.0,,,,,0.0,0.0,82,,,1013.6,,,,,,,,,1008.3,,,16.5,,,,19.6,,,,,,,,,,,,,,20,20,12.0,17.6,,20,,,13.1,
2006-02-26 04:00:00,,,,,0.0,,,,,0.0,0.0,79,,,1014.8,,,,,,,,,1009.5,,,16.4,,,,20.1,,,,,,,,,,,,,,10,30,10.9,17.3,,20,,,12.6,
2006-02-26 05:00:00,,,,,0.0,,,,,2.5,0.5,85,,,1014.6,,,,,,,,,1009.3,,,16.3,,,,18.9,,,,,,,,,,,,,,20,10,9.4,15.4,,20,,,11.5,
2006-02-26 06:00:00,,,,,0.0,,,,,3.5,0.5,85,,,1014.9,,,,,,,,,1009.6,0.0,,16.6,,,,19.1,,,,,,,,,,,,,,50,30,9.4,18.0,,40,,,12.5,
2006-02-26 07:00:00,,,,,0.0,,,,,0.0,0.0,85,,,1015.1,,,,,,,,,1009.8,0.0,,16.6,,,,19.1,,,,,,,,,,,,,,50,40,10.0,13.8,,40,,,10.1,
2006-02-26 08:00:00,,10.0,,,0.32,,,,,0.5,0.1,84,,,1014.2,,,,,,,,,1008.9,0.1,,16.8,,,,19.5,,,,,,,,,,30.0,,,,40,60,10.3,16.6,,50,,,13.0,
2006-02-26 09:00:00,,7.0,,,1.29,,,,,0.0,0.0,80,,,1014.1,,,,,,,,,1008.8,0.6,,16.8,,,,20.4,,,,,,,,,,30.0,,,,30,30,13.2,18.8,,30,,,14.1,
2006-02-26 10:00:00,,,,,1.15,,,,,0.0,0.0,72,,,1014.6,,,,,,,,,1009.3,0.1,,16.2,,,,21.4,,,,,,,,,,,,,,20,30,12.3,18.3,,30,,,13.4,
2006-02-26 11:00:00,,8.0,,,1.58,,,,,0.0,0.0,78,,,1014.5,,,,,,,,,1009.2,0.2,,16.5,,,,20.4,,,,,,,,,,30.0,,,,10,10,13.6,18.3,,10,,,13.6,
2006-02-26 12:00:00,,,,,2.99,,,,,0.0,0.0,73,,,1013.9,,,,,,,,,1008.6,0.9,,15.4,,,,20.3,,,,,,,,,,,,,,10,10,15.9,21.5,,10,,,16.4,
2006-02-26 13:00:00,,,,,2.91,,,,,0.0,0.0,78,,,1013.5,,,,,,,,,1008.2,0.8,,16.2,,,,20.2,,,,,,,,,,,,,,10,20,15.7,22.8,,10,,,16.5,
2006-02-26 14:00:00,,7.0,,,2.21,,,,,0.0,0.0,76,,,1013.1,,,,,,,,,1007.8,0.6,,15.0,,,,19.4,,,,,,,,,,10.0,,,,20,10,15.4,23.8,,10,,,16.5,
2006-02-26 15:00:00,,,,,1.44,,,,,0.0,0.0,78,,,1012.9,,,,,,,,,1007.6,0.3,,15.1,,,,19.1,,,,,,,,,,,,,,10,10,15.0,22.1,,20,,,16.7,
2006-02-26 16:00:00,,,,,1.02,,,,,0.0,0.0,79,,,1012.9,,,,,,,,,1007.6,0.2,,15.3,,,,19.0,,,,,,,,,,,,,,10,10,16.2,23.0,,10,,,16.6,
2006-02-26 17:00:00,,9.0,,,0.5,,,,,0.0,0.0,80,,,1013.5,,,,,,,,,1008.2,0.0,,15.1,,,,18.7,,,,,,,,,,10.0,,,,10,10,15.7,24.0,,10,,,17.3,
2006-02-26 18:00:00,,,,,0.08,,,,,0.0,0.0,81,,,1014.0,,,,,,,,,1008.7,0.0,,15.2,,,,18.6,,,,,,,,,,,,,,10,10,17.5,25.1,,10,,,18.8,
2006-02-26 19:00:00,,,,,0.0,,,,,0.0,0.0,81,,,1014.9,,,,,,,,,1009.6,0.0,,15.3,,,,18.6,,,,,,,,,,,,,,20,10,15.7,25.3,,10,,,17.5,
2006-02-26 20:00:00,,,,,0.0,,,,,0.0,0.0,81,,,1015.4,,,,,,,,,1010.1,,,15.2,,,,18.6,,,,,,,,,,,,,,20,360,16.5,24.9,,10,,,17.2,
2006-02-26 21:00:00,,,,,0.0,,,,,0.0,0.0,80,,,1016.1,,,,,,,,,1010.8,,,15.4,,,,18.9,,,,,,,,,,,,,,20,20,15.8,23.3,,20,,,16.8,
2006-02-26 22:00:00,,,,,0.0,,,,,0.0,0.0,81,,,1016.5,,,,,,,,,1011.2,,,16.0,,,,19.4,,,,,,,,,,,,,,20,10,13.8,20.5,,20,,,15.6,
2006-02-26 23:00:00,,,,,0.0,,,,,0.0,0.0,79,,,1016.0,,,,,,,,,1010.7,,,15.8,,,,19.5,,,,,,,,,,,,,,20,20,15.2,21.2,,20,,,16.1,
2006-02-27 00:00:00,,,,,0.0,,,,,0.0,0.0,81,,,1015.8,,,,,,,,,1010.5,,,16.5,,,,19.8,,,,,,,,,,,,,,20,20,13.7,22.2,,20,,,15.7,
2006-02-27 01:00:00,,,,,0.0,,,,,0.0,0.0,82,,,1015.5,,,,,,,,,1010.2,,,16.5,,,,19.7,,,,,,,,,,,,,,20,20,14.1,20.3,,20,,,15.5,
2006-02-27 02:00:00,,,,,0.0,,,,,0.0,0.0,82,,,1015.4,,,,,,,,,1010.1,,,16.2,,,,19.3,,,,,,,,,,,,,,20,30,13.7,20.6,,20,,,15.2,
2006-02-27 03:00:00,,,,,0.0,,,,,0.0,0.0,83,,,1015.1,,,,,,,,,1009.8,,,16.2,,,,19.2,,,,,,,,,,,,,,20,30,13.4,19.2,,20,,,14.7,
2006-02-27 04:00:00,,,,,0.0,,,,,0.0,0.0,80,,,1015.4,,,,,,,,,1010.1,,,15.8,,,,19.4,,,,,,,,,,,,,,20,30,12.7,18.3,,20,,,13.5,
2006-02-27 05:00:00,,,,,0.0,,,,,0.0,0.0,81,,,1015.5,,,,,,,,,1010.2,,,16.0,,,,19.3,,,,,,,,,,,,,,10,20,11.9,18.6,,20,,,12.9,
2006-02-27 06:00:00,,,,,0.0,,,,,0.0,0.0,80,,,1016.2,,,,,,,,,1010.9,0.0,,15.7,,,,19.3,,,,,,,,,,,,,,20,10,14.5,19.9,,20,,,14.7,
2006-02-27 07:00:00,,,,,0.0,,,,,0.0,0.0,82,,,1017.1,,,,,,,,,1011.7,0.0,,15.3,,,,18.4,,,,,,,,,,,,,,20,360,14.9,21.9,,20,,,15.1,
2006-02-27 08:00:00,,10.0,,,0.02,,,,,0.0,0.0,83,,,1017.8,,,,,,,,,1012.4,0.0,,15.4,,,,18.3,,,,,,,,,,10.0,,,,10,30,14.7,22.3,,20,,,15.4,
2006-02-27 09:00:00,,10.0,,,0.55,,,,,0.0,0.0,81,,,1018.2,,,,,,,,,1012.8,0.0,,15.2,,,,18.5,,,,,,,,,,10.0,,,,20,10,16.0,22.9,,20,,,16.3,
2006-02-27 10:00:00,,,,,0.6,,,,,0.0,0.0,81,,,1018.5,,,,,,,,,1013.1,0.0,,15.0,,,,18.3,,,,,,,,,,,,,,20,360,14.8,21.9,,20,,,16.2,
2006-02-27 11:00:00,,10.0,,,0.62,,,,,0.0,0.0,83,,,1018.7,,,,,,,,,1013.3,0.0,,15.1,,,,18.1,,,,,,,,,,10.0,,,,20,20,15.1,21.5,,20,,,15.8,
2006-02-27 12:00:00,,,,,0.67,,,,,0.0,0.0,82,,,1017.8,,,,,,,,,1012.4,0.0,,14.7,,,,17.9,,,,,,,,,,,,,,10,10,15.2,23.2,,10,,,16.7,
2006-02-27 13:00:00,,,,,0.54,,,,,0.0,0.0,82,,,1017.4,,,,,,,,,1012.0,0.0,,14.6,,,,17.7,,,,,,,,,,,,,,10,20,15.9,22.4,,10,,,16.3,
2006-02-27 14:00:00,,10.0,,,0.48,,,,,0.0,0.0,81,,,1016.4,,,,,,,,,1011.0,0.0,,14.2,,,,17.5,,,,,,,,,,10.0,,,,10,10,16.2,23.4,,10,,,16.8,
2006-02-27 15:00:00,,,,,0.57,,,,,0.0,0.0,83,,,1015.7,,,,,,,,,1010.3,0.0,,14.5,,,,17.5,,,,,,,,,,,,,,10,360,16.6,23.1,,10,,,17.1,
2006-02-27 16:00:00,,,,,0.57,,,,,0.0,0.0,82,,,1015.2,,,,,,,,,1009.8,0.0,,14.0,,,,17.0,,,,,,,,,,,,,,10,10,17.0,24.7,,10,,,18.0,
2006-02-27 17:00:00,,10.0,,,0.23,,,,,0.0,0.0,82,,,1015.1,,,,,,,,,1009.7,0.0,,14.0,,,,17.1,,,,,,,,,,10.0,,,,20,10,16.5,26.4,,10,,,19.4,
2006-02-27 18:00:00,,,,,0.0,,,,,0.0,0.0,85,,,1015.6,,,,,,,,,1010.2,0.0,,14.2,,,,16.8,,,,,,,,,,,,,,20,10,16.8,24.9,,10,,,17.9,
2006-02-27 19:00:00,,,,,0.0,,,,,0.0,0.0,84,,,1016.1,,,,,,,,,1010.7,0.0,,14.3,,,,17.1,,,,,,,,,,,,,,20,360,16.5,24.7,,20,,,17.4,
2006-02-27 20:00:00,,,,,0.0,,,,,0.0,0.0,83,,,1017.0,,,,,,,,,1011.6,,,14.4,,,,17.3,,,,,,,,,,,,,,20,30,15.9,23.0,,20,,,16.6,
2006-02-27 21:00:00,,,,,0.0,,,,,0.0,0.0,84,,,1017.2,,,,,,,,,1011.8,,,14.9,,,,17.7,,,,,,,,,,,,,,20,20,14.2,21.8,,20,,,15.9,
2006-02-27 22:00:00,,,,,0.0,,,,,0.0,0.0,83,,,1016.8,,,,,,,,,1011.4,,,15.1,,,,18.0,,,,,,,,,,,,,,20,20,14.7,20.5,,20,,,15.9,
2006-02-27 23:00:00,,,,,0.0,,,,,0.0,0.0,84,,,1017.2,,,,,,,,,1011.8,,,15.2,,,,18.0,,,,,,,,,,,,,,20,30,13.9,20.2,,20,,,15.5,
2006-02-28 00:00:00,,,,,0.0,,,,,0.0,0.0,85,,,1016.7,,,,,,,,,1011.3,,,15.4,,,,18.0,,,,,,,,,,,,,,20,10,13.0,20.2,,20,,,14.9,
2006-02-28 01:00:00,,,,,0.0,,,,,0.0,0.0,85,,,1016.0,,,,,,,,,1010.6,,,15.4,,,,18.0,,,,,,,,,,,,,,20,20,12.7,20.0,,20,,,15.2,
2006-02-28 02:00:00,,,,,0.0,,,,,0.0,0.0,85,,,1015.4,,,,,,,,,1010.0,,,15.3,,,,17.8,,,,,,,,,,,,,,20,20,14.0,20.2,,20,,,14.7,
2006-02-28 03:00:00,,,,,0.0,,,,,0.0,0.0,86,,,1014.8,,,,,,,,,1009.4,,,15.3,,,,17.7,,,,,,,,,,,,,,20,20,14.9,20.5,,20,,,14.9,
2006-02-28 04:00:00,,,,,0.0,,,,,0.0,0.0,86,,,1014.5,,,,,,,,,1009.2,,,15.5,,,,17.8,,,,,,,,,,,,,,20,30,13.8,20.7,,20,,,15.1,
2006-02-28 05:00:00,,,,,0.0,,,,,0.0,0.0,86,,,1014.1,,,,,,,,,1008.7,,,15.1,,,,17.4,,,,,,,,,,,,,,20,30,14.6,20.8,,20,,,15.7,
2006-02-28 06:00:00,,,,,0.0,,,,,0.0,0.0,88,,,1014.8,,,,,,,,,1009.4,0.0,,15.1,,,,17.1,,,,,,,,,,,,,,20,20,13.5,21.1,,20,,,15.3,
2006-02-28 07:00:00,,,,,0.0,,,,,0.0,0.0,88,,,1016.0,,,,,,,,,1010.6,0.0,,15.2,,,,17.2,,,,,,,,,,,,,,20,360,12.3,19.2,,20,,,13.5,
2006-02-28 08:00:00,,10.0,,,0.0,,,,,0.0,0.0,89,,,1016.2,,,,,,,,,1010.8,0.0,,15.0,,,,16.9,,,,,,,,,,10.0,,,,20,20,12.7,18.6,,20,,,13.5,
2006-02-28 09:00:00,,10.0,,,0.0,,,,,0.0,0.0,88,,,1016.9,,,,,,,,,1011.5,0.0,,14.7,,,,16.7,,,,,,,,,,10.0,,,,20,10,12.3,17.3,,20,,,12.6,
2006-02-28 10:00:00,,,,,0.0,,,,,0.0,0.0,90,,,1016.5,,,,,,,,,1011.1,0.0,,14.7,,,,16.4,,,,,,,,,,,,,,20,10,13.3,18.9,,20,,,14.0,
2006-02-28 11:00:00,,10.0,,,0.3,,,,,0.0,0.0,86,,,1016.1,,,,,,,,,1010.7,0.0,,14.6,,,,16.9,,,,,,,,,,10.0,,,,20,30,13.3,18.4,,20,,,13.8,
2006-02-28 12:00:00,,,,,0.72,,,,,0.0,0.0,85,,,1015.3,,,,,,,,,1009.9,0.0,,15.1,,,,17.6,,,,,,,,,,,,,,20,30,13.1,17.8,,20,,,13.4,
2006-02-28 13:00:00,,,,,0.86,,,,,0.0,0.0,84,,,1014.4,,,,,,,,,1009.1,0.0,,15.3,,,,18.1,,,,,,,,,,,,,,20,20,12.1,17.6,,20,,,13.4,
2006-02-28 14:00:00,,10.0,,,0.88,,,,,0.0,0.0,84,,,1013.5,,,,,,,,,1008.2,0.0,,15.2,,,,18.0,,,,,,,,,,10.0,,,,20,30,12.7,17.1,,20,,,12.8,
2006-02-28 15:00:00,,,,,0.59,,,,,0.0,0.0,86,,,1013.4,,,,,,,,,1008.1,0.0,,15.2,,,,17.6,,,,,,,,,,,,,,10,10,13.0,17.9,,10,,,13.1,
2006-02-28 16:00:00,,,,,0.11,,,,,0.0,0.0,86,,,1013.0,,,,,,,,,1007.6,0.0,,14.5,,,,16.9,,,,,,,,,,,,,,20,10,13.5,19.3,,10,,,14.3,
2006-02-28 17:00:00,,10.0,,,0.07,,,,,0.0,0.0,86,,,1013.6,,,,,,,,,1008.2,0.0,,13.8,,,,16.2,,,,,,,,,,10.0,,,,20,10,13.7,20.5,,10,,,13.7,
2006-02-28 18:00:00,,,,,0.0,,,,,0.0,0.0,86,,,1013.6,,,,,,,,,1008.2,0.0,,14.1,,,,16.4,,,,,,,,,,,,,,20,10,14.6,20.1,,20,,,15.1,
2006-02-28 19:00:00,,,,,0.0,,,,,0.0,0.0,86,,,1013.9,,,,,,,,,1008.5,0.0,,14.3,,,,16.6,,,,,,,,,,,,,,20,20,14.1,20.0,,20,,,14.7,
2006-02-28 20:00:00,,,,,0.0,,,,,0.0,0.0,86,,,1015.1,,,,,,,,,1009.7,,,14.1,,,,16.4,,,,,,,,,,,,,,10,10,14.5,19.2,,10,,,14.7,
2006-02-28 21:00:00,,,,,0.0,,,,,0.0,0.0,86,,,1015.6,,,,,,,,,1010.2,,,13.7,,,,16.1,,,,,,,,,,,,,,20,10,13.9,20.8,,10,,,14.9,
2006-02-28 22:00:00,,,,,0.0,,,,,0.0,0.0,85,,,1015.7,,,,,,,,,1010.3,,,13.6,,,,16.2,,,,,,,,,,,,,,20,360,14.7,21.8,,10,,,15.4,
2006-02-28 23:00:00,,,,,0.0,,,,,0.0,0.0,84,,,1015.6,,,,,,,,,1010.2,,,13.6,,,,16.3,,,,,,,,,,,,,,20,20,16.1,22.0,,20,,,16.6,
2006-03-01 00:00:00,,,,,0.0,,,,,0.0,0.0,85,,,1015.4,,,,,,,,,1010.0,,,13.7,,,,16.2,,,,,,,,,,,,,,20,10,14.8,22.8,,20,,,16.0,
2006-03-01 01:00:00,,,,,0.0,,,,,0.0,0.0,86,,,1015.2,,,,,,,,,1009.8,,,13.1,,,,15.5,,,,,,,,,,,,,,10,10,17.4,24.4,,10,,,17.4,
2006-03-01 02:00:00,,,,,0.0,,,,,0.0,0.0,85,,,1015.1,,,,,,,,,1009.7,,,12.8,,,,15.3,,,,,,,,,,,,,,10,20,17.5,24.0,,10,,,17.7,
2006-03-01 03:00:00,,,,,0.0,,,,,0.0,0.0,84,,,1014.9,,,,,,,,,1009.5,,,12.5,,,,15.2,,,,,,,,,,,,,,20,10,16.7,26.6,,10,,,17.9,
2006-03-01 04:00:00,,,,,0.0,,,,,0.5,0.1,88,,,1015.2,,,,,,,,,1009.8,,,12.6,,,,14.6,,,,,,,,,,,,,,10,10,17.0,25.9,,10,,,17.9,
2006-03-01 05:00:00,,,,,0.0,,,,,0.5,0.2,91,,,1014.8,,,,,,,,,1009.4,,,12.5,,,,14.0,,,,,,,,,,,,,,10,20,17.6,25.3,,20,,,18.6,
2006-03-01 06:00:00,,,,,0.0,,,,,0.0,0.0,84,,,1015.3,,,,,,,,,1009.9,0.0,,11.3,,,,14.0,,,,,,,,,,,,,,20,10,17.8,25.6,,20,,,18.5,
2006-03-01 07:00:00,,,,,0.0,,,,,0.0,0.0,82,,,1016.2,,,,,,,,,1010.8,0.0,,11.2,,,,14.3,,,,,,,,,,,,,,20,360,17.9,24.6,,20,,,18.1,
2006-03-01 08:00:00,,10.0,,,0.0,,,,,0.0,0.0,83,,,1016.6,,,,,,,,,1011.2,0.0,,11.3,,,,14.1,,,,,,,,,,10.0,,,,20,10,17.2,25.3,,20,,,18.3,
2006-03-01 09:00:00,,10.0,,,0.0,,,,,0.0,0.0,82,,,1016.9,,,,,,,,,1011.5,0.0,,11.2,,,,14.2,,,,,,,,,,10.0,,,,20,30,16.9,24.6,,20,,,17.6,
2006-03-01 10:00:00,,,,,0.07,,,,,0.0,0.0,82,,,1018.1,,,,,,,,,1012.7,0.0,,10.9,,,,13.9,,,,,,,,,,,,,,20,10,16.1,24.3,,20,,,17.8,
2006-03-01 11:00:00,,10.0,,,0.08,,,,,0.0,0.0,80,,,1017.8,,,,,,,,,1012.4,0.0,,10.6,,,,13.9,,,,,,,,,,10.0,,,,10,360,16.0,23.5,,10,,,17.6,
2006-03-01 12:00:00,,,,,0.37,,,,,0.0,0.0,79,,,1017.5,,,,,,,,,1012.1,0.0,,9.9,,,,13.5,,,,,,,,,,,,,,10,10,17.2,25.1,,10,,,17.7,
2006-03-01 13:00:00,,,,,0.44,,,,,0.0,0.0,79,,,1017.0,,,,,,,,,1011.6,0.0,,9.8,,,,13.3,,,,,,,,,,,,,,10,10,17.2,26.3,,10,,,17.7,
2006-03-01 14:00:00,,10.0,,,0.44,,,,,0.0,0.0,80,,,1016.5,,,,,,,,,1011.1,0.0,,9.8,,,,13.1,,,,,,,,,,10.0,,,,10,10,17.6,26.2,,20,,,17.7,
2006-03-01 15:00:00,,,,,0.25,,,,,0.0,0.0,78,,,1016.2,,,,,,,,,1010.8,0.0,,9.6,,,,13.4,,,,,,,,,,,,,,10,10,17.5,27.1,,10,,,18.1,
2006-03-01 16:00:00,,,,,0.08,,,,,0.0,0.0,76,,,1016.5,,,,,,,,,1011.1,0.0,,9.2,,,,13.3,,,,,,,,,,,,,,20,20,16.5,25.6,,20,,,17.5,
2006-03-01 17:00:00,,10.0,,,0.0,,,,,0.0,0.0,77,,,1017.0,,,,,,,,,1011.6,0.0,,9.2,,,,13.2,,,,,,,,,,10.0,,,,20,20,15.1,22.8,,20,,,16.7,
2006-03-01 18:00:00,,,,,0.0,,,,,0.0,0.0,75,,,1017.4,,,,,,,,,1012.0,0.0,,9.1,,,,13.4,,,,,,,,,,,,,,20,20,15.3,24.0,,20,,,16.6,
2006-03-01 19:00:00,,,,,0.0,,,,,0.0,0.0,77,,,1017.7,,,,,,,,,1012.3,0.0,,9.6,,,,13.5,,,,,,,,,,,,,,20,20,15.3,21.6,,20,,,15.9,
2006-03-01 20:00:00,,,,,0.0,,,,,0.0,0.0,77,,,1018.6,,,,,,,,,1013.2,,,9.8,,,,13.8,,,,,,,,,,,,,,10,10,14.6,21.7,,10,,,15.6,
2006-03-01 21:00:00,,,,,0.0,,,,,0.0,0.0,76,,,1018.8,,,,,,,,,1013.4,,,10.1,,,,14.2,,,,,,,,,,,,,,10,10,14.1,22.7,,10,,,15.8,
2006-03-01 22:00:00,,,,,0.0,,,,,0.0,0.0,74,,,1019.3,,,,,,,,,1013.9,,,9.6,,,,14.2,,,,,,,,,,,,,,20,10,14.5,21.4,,10,,,15.3,
2006-03-01 23:00:00,,,,,0.0,,,,,0.0,0.0,72,,,1019.0,,,,,,,,,1013.6,,,9.4,,,,14.4,,,,,,,,,,,,,,10,10,15.4,22.5,,10,,,15.8,
2006-03-02 00:00:00,,,,,0.0,,,,,0.0,0.0,61,,,1019.2,,,,,,,,,1013.7,,,6.3,,,,13.7,,,,,,,,,,,,,,20,10,15.2,23.4,,10,,,16.3,
2006-03-02 01:00:00,,,,,0.0,,,,,0.0,0.0,66,,,1018.5,,,,,,,,,1013.1,,,7.3,,,,13.6,,,,,,,,,,,,,,20,10,14.9,22.8,,10,,,16.0,
2006-03-02 02:00:00,,,,,0.0,,,,,0.0,0.0,67,,,1018.5,,,,,,,,,1013.0,,,7.5,,,,13.5,,,,,,,,,,,,,,10,30,15.9,23.0,,10,,,16.0,
2006-03-02 03:00:00,,,,,0.0,,,,,0.0,0.0,67,,,1018.3,,,,,,,,,1012.9,,,7.8,,,,13.9,,,,,,,,,,,,,,10,10,15.0,23.8,,10,,,16.6,
2006-03-02 04:00:00,,,,,0.0,,,,,0.0,0.0,68,,,1017.9,,,,,,,,,1012.5,,,8.0,,,,13.9,,,,,,,,,,,,,,20,10,16.0,24.1,,10,,,17.6,
2006-03-02 05:00:00,,,,,0.0,,,,,0.0,0.0,69,,,1017.6,,,,,,,,,1012.2,,,8.0,,,,13.5,,,,,,,,,,,,,,20,10,15.8,24.2,,10,,,17.8,
2006-03-02 06:00:00,,,,,0.0,,,,,0.0,0.0,71,,,1019.0,,,,,,,,,1013.5,0.0,,8.0,,,,13.2,,,,,,,,,,,,,,20,20,15.9,23.4,,20,,,17.3,
2006-03-02 07:00:00,,,,,0.0,,,,,0.0,0.0,71,,,1019.6,,,,,,,,,1014.1,0.0,,8.4,,,,13.6,,,,,,,,,,,,,,10,10,15.1,21.9,,20,,,16.4,
2006-03-02 08:00:00,,10.0,,,0.02,,,,,0.0,0.0,71,,,1019.9,,,,,,,,,1014.5,0.0,,8.8,,,,14.0,,,,,,,,,,10.0,,,,10,10,13.8,22.9,,10,,,15.2,
2006-03-02 09:00:00,,10.0,,,0.41,,,,,0.0,0.0,71,,,1020.1,,,,,,,,,1014.7,0.0,,9.1,,,,14.3,,,,,,,,,,10.0,,,,10,360,13.4,20.2,,10,,,15.1,
2006-03-02 10:00:00,,,,,0.6,,,,,0.0,0.0,70,,,1020.7,,,,,,,,,1015.3,0.0,,9.2,,,,14.5,,,,,,,,,,,,,,10,10,12.0,20.8,,10,,,14.7,
2006-03-02 11:00:00,,10.0,,,0.59,,,,,0.0,0.0,72,,,1020.4,,,,,,,,,1015.0,0.0,,9.3,,,,14.3,,,,,,,,,,10.0,,,,10,10,13.0,20.1,,10,,,13.9,
2006-03-02 12:00:00,,,,,0.66,,,,,0.0,0.0,72,,,1020.0,,,,,,,,,1014.6,0.0,,9.6,,,,14.5,,,,,,,,,,,,,,10,10,13.2,19.6,,10,,,13.8,
2006-03-02 13:00:00,,,,,0.79,,,,,0.0,0.0,71,,,1019.0,,,,,,,,,1013.6,0.0,,9.5,,,,14.7,,,,,,,,,,,,,,10,360,13.6,18.8,,10,,,14.1,
2006-03-02 14:00:00,,10.0,,,1.21,,,,,0.0,0.0,71,,,1017.8,,,,,,,,,1012.4,0.1,,9.5,,,,14.7,,,,,,,,,,10.0,,,,10,360,15.1,21.1,,10,,,15.1,
2006-03-02 15:00:00,,,,,0.86,,,,,0.0,0.0,72,,,1017.7,,,,,,,,,1012.3,0.0,,9.6,,,,14.5,,,,,,,,,,,,,,10,360,13.1,20.1,,10,,,15.2,
2006-03-02 16:00:00,,,,,0.53,,,,,0.0,0.0,75,,,1017.5,,,,,,,,,1012.1,0.0,,9.8,,,,14.1,,,,,,,,,,,,,,10,10,14.1,20.1,,10,,,14.5,
2006-03-02 17:00:00,,10.0,,,0.05,,,,,0.0,0.0,77,,,1017.5,,,,,,,,,1012.1,0.0,,10.3,,,,14.2,,,,,,,,,,10.0,,,,20,10,13.9,19.4,,20,,,14.0,
2006-03-02 18:00:00,,,,,0.0,,,,,0.0,0.0,76,,,1017.7,,,,,,,,,1012.3,0.0,,10.2,,,,14.4,,,,,,,,,,,,,,10,20,13.8,20.5,,10,,,14.2,
2006-03-02 19:00:00,,,,,0.0,,,,,0.0,0.0,78,,,1018.1,,,,,,,,,1012.7,0.0,,11.0,,,,14.8,,,,,,,,,,,,,,10,10,12.3,18.8,,10,,,14.3,
2006-03-02 20:00:00,,,,,0.0,,,,,0.0,0.0,76,,,1018.3,,,,,,,,,1012.9,,,10.9,,,,15.0,,,,,,,,,,,,,,10,10,13.3,18.9,,10,,,13.3,
2006-03-02 21:00:00,,,,,0.0,,,,,0.0,0.0,76,,,1018.6,,,,,,,,,1013.2,,,11.0,,,,15.3,,,,,,,,,,,,,,20,20,10.9,17.7,,10,,,13.7,
2006-03-02 22:00:00,,,,,0.0,,,,,0.0,0.0,75,,,1018.7,,,,,,,,,1013.3,,,10.9,,,,15.3,,,,,,,,,,,,,,20,10,10.3,15.9,,20,,,11.4,
2006-03-02 23:00:00,,,,,0.0,,,,,0.0,0.0,75,,,1018.9,,,,,,,,,1013.5,,,11.0,,,,15.5,,,,,,,,,,,,,,10,20,9.4,14.9,,10,,,10.7,
2006-03-03 00:00:00,,,,,0.0,,,,,0.0,0.0,75,,,1018.7,,,,,,,,,1013.3,,,11.1,,,,15.6,,,,,,,,,,,,,,10,10,11.3,15.4,,10,,,11.3,
2006-03-03 01:00:00,,,,,0.0,,,,,0.0,0.0,73,,,1018.8,,,,,,,,,1013.4,,,11.0,,,,15.8,,,,,,,,,,,,,,10,10,10.2,16.1,,10,,,11.4,
2006-03-03 02:00:00,,,,,0.0,,,,,0.0,0.0,72,,,1018.4,,,,,,,,,1013.0,,,10.7,,,,15.7,,,,,,,,,,,,,,10,10,11.2,15.9,,360,,,11.8,
2006-03-03 03:00:00,,,,,0.0,,,,,0.0,0.0,75,,,1018.2,,,,,,,,,1012.8,,,10.9,,,,15.4,,,,,,,,,,,,,,10,10,12.9,18.1,,10,,,13.9,
2006-03-03 04:00:00,,,,,0.0,,,,,0.0,0.0,78,,,1018.5,,,,,,,,,1013.1,,,11.2,,,,15.0,,,,,,,,,,,,,,10,360,12.6,18.0,,10,,,13.0,
2006-03-03 05:00:00,,,,,0.0,,,,,0.0,0.0,78,,,1018.4,,,,,,,,,1013.0,,,11.0,,,,14.7,,,,,,,,,,,,,,10,20,12.1,16.9,,10,,,12.7,
2006-03-03 06:00:00,,,,,0.0,,,,,0.0,0.0,81,,,1018.9,,,,,,,,,1013.5,0.0,,11.4,,,,14.7,,,,,,,,,,,,,,10,360,11.2,17.2,,10,,,12.1,
2006-03-03 07:00:00,,,,,0.0,,,,,0.0,0.0,80,,,1019.9,,,,,,,,,1014.5,0.0,,11.0,,,,14.4,,,,,,,,,,,,,,10,360,12.2,18.4,,10,,,12.7,
2006-03-03 08:00:00,,10.0,,,0.04,,,,,0.0,0.0,79,,,1020.5,,,,,,,,,1015.1,0.0,,11.3,,,,14.9,,,,,,,,,,10.0,,,,10,10,10.9,18.4,,20,,,12.4,
2006-03-03 09:00:00,,10.0,,,0.61,,,,,0.0,0.0,78,,,1021.1,,,,,,,,,1015.7,0.1,,11.8,,,,15.6,,,,,,,,,,10.0,,,,20,20,10.7,15.7,,20,,,11.4,
2006-03-03 10:00:00,,,,,1.31,,,,,0.0,0.0,74,,,1020.9,,,,,,,,,1015.5,0.3,,12.0,,,,16.7,,,,,,,,,,,,,,20,10,11.1,14.7,,20,,,11.2,
2006-03-03 11:00:00,,7.0,,,2.04,,,,,0.0,0.0,73,,,1020.5,,,,,,,,,1015.1,0.6,,12.4,,,,17.2,,,,,,,,,,10.0,,,,20,10,10.8,15.0,,20,,,12.0,
2006-03-03 12:00:00,,,,,2.59,,,,,0.0,0.0,73,,,1019.9,,,,,,,,,1014.5,0.7,,12.7,,,,17.7,,,,,,,,,,,,,,20,30,10.4,13.9,,20,,,10.6,
2006-03-03 13:00:00,,,,,2.29,,,,,0.0,0.0,70,,,1019.0,,,,,,,,,1013.6,0.5,,12.7,,,,18.3,,,,,,,,,,,,,,20,10,10.7,15.8,,10,,,11.4,
2006-03-03 14:00:00,,8.0,,,2.38,,,,,0.0,0.0,72,,,1018.4,,,,,,,,,1013.0,0.7,,12.3,,,,17.4,,,,,,,,,,10.0,,,,20,10,10.2,15.0,,20,,,10.9,
2006-03-03 15:00:00,,,,,2.07,,,,,0.0,0.0,75,,,1017.8,,,,,,,,,1012.4,0.7,,12.7,,,,17.1,,,,,,,,,,,,,,20,30,10.2,15.6,,10,,,11.0,
2006-03-03 16:00:00,,,,,1.54,,,,,0.0,0.0,77,,,1017.8,,,,,,,,,1012.4,0.8,,13.3,,,,17.3,,,,,,,,,,,,,,20,20,10.7,16.3,,20,,,11.9,
2006-03-03 17:00:00,,7.0,,,0.97,,,,,0.0,0.0,76,,,1018.3,,,,,,,,,1012.9,0.8,,12.8,,,,17.1,,,,,,,,,,10.0,,,,10,10,11.2,16.7,,10,,,12.5,
2006-03-03 18:00:00,,,,,0.21,,,,,0.0,0.0,74,,,1018.7,,,,,,,,,1013.3,0.1,,12.2,,,,16.8,,,,,,,,,,,,,,20,20,11.4,16.8,,10,,,12.0,
2006-03-03 19:00:00,,,,,0.0,,,,,0.0,0.0,71,,,1018.7,,,,,,,,,1013.3,0.0,,11.7,,,,16.9,,,,,,,,,,,,,,20,20,11.8,17.3,,20,,,12.1,
2006-03-03 20:00:00,,,,,0.0,,,,,0.0,0.0,75,,,1019.3,,,,,,,,,1013.9,,,12.5,,,,17.0,,,,,,,,,,,,,,20,30,10.3,16.1,,20,,,11.9,
2006-03-03 21:00:00,,,,,0.0,,,,,0.0,0.0,76,,,1019.3,,,,,,,,,1013.9,,,12.8,,,,17.1,,,,,,,,,,,,,,20,30,10.5,15.2,,20,,,11.3,
2006-03-03 22:00:00,,,,,0.0,,,,,0.0,0.0,76,,,1019.7,,,,,,,,,1014.3,,,13.0,,,,17.2,,,,,,,,,,,,,,20,20,9.4,14.1,,20,,,10.6,
2006-03-03 23:00:00,,,,,0.0,,,,,0.0,0.0,77,,,1019.6,,,,,,,,,1014.2,,,13.0,,,,17.0,,,,,,,,,,,,,,30,30,9.0,12.8,,20,,,9.8,
2006-03-04 00:00:00,,,,,0.0,,,,,0.0,0.0,77,,,1019.7,,,,,,,,,1014.3,,,13.2,,,,17.2,,,,,,,,,,,,,,20,20,8.0,11.6,,30,,,9.1,
2006-03-04 01:00:00,,,,,0.0,,,,,0.0,0.0,77,,,1019.2,,,,,,,,,1013.8,,,13.4,,,,17.4,,,,,,,,,,,,,,10,10,8.0,12.4,,20,,,8.5,
2006-03-04 02:00:00,,,,,0.0,,,,,0.0,0.0,77,,,1019.2,,,,,,,,,1013.8,,,13.1,,,,17.2,,,,,,,,,,,,,,20,10,7.8,12.3,,10,,,9.0,
2006-03-04 03:00:00,,,,,0.0,,,,,0.0,0.0,79,,,1018.8,,,,,,,,,1013.4,,,13.5,,,,17.1,,,,,,,,,,,,,,10,10,10.6,13.8,,10,,,10.6,
2006-03-04 04:00:00,,,,,0.0,,,,,0.0,0.0,78,,,1018.5,,,,,,,,,1013.1,,,13.3,,,,17.1,,,,,,,,,,,,,,20,10,9.0,14.4,,10,,,10.7,
2006-03-04 05:00:00,,,,,0.0,,,,,0.0,0.0,80,,,1018.5,,,,,,,,,1013.1,,,13.8,,,,17.2,,,,,,,,,,,,,,10,20,10.3,13.8,,10,,,10.3,
2006-03-04 06:00:00,,,,,0.0,,,,,0.0,0.0,78,,,1019.0,,,,,,,,,1013.6,0.0,,13.5,,,,17.3,,,,,,,,,,,,,,20,20,10.2,14.4,,10,,,10.6,
2006-03-04 07:00:00,,,,,0.0,,,,,0.0,0.0,84,,,1019.4,,,,,,,,,1014.0,0.0,,14.2,,,,17.0,,,,,,,,,,,,,,20,360,10.0,15.6,,10,,,10.5,
2006-03-04 08:00:00,,0.0,,,0.64,,,,,0.0,0.0,83,,,1019.8,,,,,,,,,1014.4,0.7,,14.9,,,,17.9,,,,,,,,,,15.0,,,,20,10,10.1,14.4,,20,,,10.5,
2006-03-04 09:00:00,,4.0,,,1.4,,,,,0.0,0.0,79,,,1020.2,,,,,,,,,1014.8,0.9,,15.1,,,,18.8,,,,,,,,,,15.0,,,,20,20,9.7,13.3,,20,,,10.4,
2006-03-04 10:00:00,,,,,2.1,,,,,0.0,0.0,77,,,1019.8,,,,,,,,,1014.5,0.9,,15.7,,,,19.8,,,,,,,,,,,,,,20,20,10.3,14.3,,20,,,11.0,
2006-03-04 11:00:00,,1.0,,,2.7,,,,,0.0,0.0,76,,,1019.0,,,,,,,,,1013.7,1.0,,16.1,,,,20.5,,,,,,,,,,15.0,,,,30,30,9.3,13.8,,20,,,11.1,
2006-03-04 12:00:00,,,,,2.99,,,,,0.0,0.0,72,,,1018.6,,,,,,,,,1013.3,1.0,,15.6,,,,20.8,,,,,,,,,,,,,,20,20,8.4,12.4,,20,,,9.8,
2006-03-04 13:00:00,,,,,2.99,,,,,0.0,0.0,74,,,1018.5,,,,,,,,,1013.2,1.0,,15.8,,,,20.5,,,,,,,,,,,,,,360,20,7.4,11.2,,20,,,8.4,
2006-03-04 14:00:00,,7.0,,,2.74,,,,,0.0,0.0,78,,,1017.7,,,,,,,,,1012.4,0.9,,15.3,,,,19.2,,,,,,,,,,15.0,,,,360,10,9.3,12.2,,360,,,9.3,
2006-03-04 15:00:00,,,,,1.79,,,,,0.0,0.0,79,,,1017.3,,,,,,,,,1012.0,0.3,,14.9,,,,18.7,,,,,,,,,,,,,,10,10,9.9,12.9,,10,,,9.9,
2006-03-04 16:00:00,,,,,1.62,,,,,0.0,0.0,80,,,1017.8,,,,,,,,,1012.4,0.8,,15.0,,,,18.5,,,,,,,,,,,,,,10,360,8.0,12.9,,10,,,9.9,
2006-03-04 17:00:00,,10.0,,,0.47,,,,,0.0,0.0,81,,,1018.2,,,,,,,,,1012.8,0.0,,14.9,,,,18.2,,,,,,,,,,15.0,,,,20,10,8.6,12.2,,10,,,8.9,
2006-03-04 18:00:00,,,,,0.03,,,,,0.0,0.0,81,,,1018.4,,,,,,,,,1013.0,0.0,,15.2,,,,18.5,,,,,,,,,,,,,,30,30,7.3,10.7,,20,,,8.6,
2006-03-04 19:00:00,,,,,0.0,,,,,0.0,0.0,82,,,1018.5,,,,,,,,,1013.1,0.0,,15.2,,,,18.3,,,,,,,,,,,,,,20,30,6.6,9.0,,30,,,7.4,
2006-03-04 20:00:00,,,,,0.0,,,,,0.0,0.0,85,,,1018.7,,,,,,,,,1013.3,,,15.7,,,,18.3,,,,,,,,,,,,,,20,20,5.3,7.8,,20,,,6.6,
2006-03-04 21:00:00,,,,,0.0,,,,,0.0,0.0,85,,,1019.1,,,,,,,,,1013.7,,,15.9,,,,18.4,,,,,,,,,,,,,,20,20,5.1,7.2,,20,,,5.6,
2006-03-04 22:00:00,,,,,0.0,,,,,0.0,0.0,86,,,1019.4,,,,,,,,,1014.0,,,15.9,,,,18.3,,,,,,,,,,,,,,20,10,4.4,7.0,,10,,,5.5,
2006-03-04 23:00:00,,,,,0.0,,,,,0.0,0.0,86,,,1019.4,,,,,,,,,1014.0,,,15.8,,,,18.1,,,,,,,,,,,,,,350,360,5.2,7.2,,360,,,5.5,
2006-03-05 00:00:00,,,,,0.0,,,,,0.0,0.0,86,,,1019.7,,,,,,,,,1014.3,,,15.5,,,,17.8,,,,,,,,,,,,,,350,350,5.3,7.8,,350,,,5.3,
2006-03-05 01:00:00,,,,,0.0,,,,,0.0,0.0,84,,,1019.2,,,,,,,,,1013.8,,,15.0,,,,17.7,,,,,,,,,,,,,,360,360,5.7,8.6,,350,,,6.3,
2006-03-05 02:00:00,,,,,0.0,,,,,0.0,0.0,83,,,1018.2,,,,,,,,,1012.8,,,15.0,,,,18.0,,,,,,,,,,,,,,10,360,6.7,8.6,,10,,,7.0,
2006-03-05 03:00:00,,,,,0.0,,,,,0.0,0.0,82,,,1018.0,,,,,,,,,1012.6,,,15.2,,,,18.3,,,,,,,,,,,,,,10,10,6.9,8.9,,10,,,7.0,
2006-03-05 04:00:00,,,,,0.0,,,,,0.0,0.0,82,,,1017.7,,,,,,,,,1012.3,,,15.4,,,,18.5,,,,,,,,,,,,,,20,10,6.2,9.0,,10,,,7.2,
2006-03-05 05:00:00,,,,,0.0,,,,,0.0,0.0,81,,,1017.7,,,,,,,,,1012.4,,,15.4,,,,18.7,,,,,,,,,,,,,,20,20,6.5,8.8,,10,,,6.7,
2006-03-05 06:00:00,,,,,0.0,,,,,0.0,0.0,83,,,1018.1,,,,,,,,,1012.7,0.0,,15.7,,,,18.7,,,,,,,,,,,,,,30,360,6.3,9.9,,20,,,7.0,
2006-03-05 07:00:00,,,,,0.01,,,,,0.0,0.0,80,,,1018.9,,,,,,,,,1013.6,0.0,,15.6,,,,19.2,,,,,,,,,,,,,,20,20,5.7,7.9,,20,,,6.3,
2006-03-05 08:00:00,,7.0,,,0.6,,,,,0.0,0.0,81,,,1019.4,,,,,,,,,1014.1,0.3,,16.2,,,,19.6,,,,,,,,,,12.0,,,,10,20,5.6,7.7,,20,,,5.9,
2006-03-05 09:00:00,,9.0,,,1.03,,,,,0.0,0.0,79,,,1019.9,,,,,,,,,1014.6,0.4,,16.4,,,,20.1,,,,,,,,,,12.0,,,,20,10,6.3,8.4,,20,,,6.3,
2006-03-05 10:00:00,,,,,1.09,,,,,0.0,0.0,78,,,1020.1,,,,,,,,,1014.8,0.1,,16.7,,,,20.7,,,,,,,,,,,,,,20,10,5.6,8.0,,10,,,6.3,
2006-03-05 11:00:00,,10.0,,,1.69,,,,,0.0,0.0,77,,,1019.7,,,,,,,,,1014.4,0.2,,16.7,,,,20.8,,,,,,,,,,12.0,,,,10,20,5.7,7.8,,20,,,6.1,
2006-03-05 12:00:00,,,,,1.02,,,,,0.0,0.0,79,,,1019.1,,,,,,,,,1013.8,0.0,,17.0,,,,20.8,,,,,,,,,,,,,,360,10,5.0,7.4,,10,,,5.6,
2006-03-05 13:00:00,,,,,2.21,,,,,0.0,0.0,72,,,1018.3,,,,,,,,,1013.0,0.3,,16.7,,,,21.9,,,,,,,,,,,,,,20,30,5.4,7.1,,10,,,5.6,
2006-03-05 14:00:00,,2.0,,,2.19,,,,,0.0,0.0,73,,,1017.5,,,,,,,,,1012.2,0.6,,17.2,,,,22.2,,,,,,,,,,12.0,,,,10,360,5.4,7.2,,20,,,5.4,
2006-03-05 15:00:00,,,,,2.34,,,,,0.0,0.0,76,,,1016.7,,,,,,,,,1011.4,1.0,,17.2,,,,21.6,,,,,,,,,,,,,,10,360,6.4,8.7,,360,,,6.7,
2006-03-05 16:00:00,,,,,1.61,,,,,0.0,0.0,72,,,1016.7,,,,,,,,,1011.4,1.0,,16.4,,,,21.6,,,,,,,,,,,,,,20,10,6.7,9.2,,10,,,7.4,
2006-03-05 17:00:00,,0.0,,,0.87,,,,,0.0,0.0,72,,,1016.8,,,,,,,,,1011.5,1.0,,15.9,,,,21.1,,,,,,,,,,15.0,,,,20,10,6.3,9.0,,20,,,6.8,
2006-03-05 18:00:00,,,,,0.18,,,,,0.0,0.0,74,,,1017.2,,,,,,,,,1011.9,0.2,,15.7,,,,20.5,,,,,,,,,,,,,,20,30,7.0,9.5,,20,,,7.2,
2006-03-05 19:00:00,,,,,0.0,,,,,0.0,0.0,75,,,1017.3,,,,,,,,,1012.0,0.0,,15.7,,,,20.3,,,,,,,,,,,,,,20,30,7.1,9.9,,20,,,7.6,
2006-03-05 20:00:00,,,,,0.0,,,,,0.0,0.0,77,,,1017.6,,,,,,,,,1012.3,,,16.1,,,,20.2,,,,,,,,,,,,,,20,30,7.2,9.2,,20,,,7.3,
2006-03-05 21:00:00,,,,,0.0,,,,,0.0,0.0,78,,,1018.2,,,,,,,,,1012.9,,,16.2,,,,20.2,,,,,,,,,,,,,,30,30,6.6,9.3,,20,,,7.3,
2006-03-05 22:00:00,,,,,0.0,,,,,0.0,0.0,79,,,1018.2,,,,,,,,,1012.9,,,16.5,,,,20.3,,,,,,,,,,,,,,30,30,6.0,8.6,,20,,,6.7,
2006-03-05 23:00:00,,,,,0.0,,,,,0.0,0.0,78,,,1018.2,,,,,,,,,1012.9,,,16.2,,,,20.1,,,,,,,,,,,,,,30,40,5.0,8.4,,30,,,6.0,
2006-03-06 00:00:00,,,,,0.0,,,,,0.0,0.0,76,,,1018.2,,,,,,,,,1012.9,,,16.2,,,,20.5,,,,,,,,,,,,,,40,30,4.8,6.5,,40,,,5.1,
2006-03-06 01:00:00,,,,,0.0,,,,,0.0,0.0,73,,,1017.5,,,,,,,,,1012.2,,,15.4,,,,20.5,,,,,,,,,,,,,,40,30,4.4,6.0,,40,,,4.7,
2006-03-06 02:00:00,,,,,0.0,,,,,0.0,0.0,76,,,1016.9,,,,,,,,,1011.6,,,16.3,,,,20.6,,,,,,,,,,,,,,40,30,4.3,5.8,,40,,,4.6,
2006-03-06 03:00:00,,,,,0.0,,,,,0.0,0.0,74,,,1016.5,,,,,,,,,1011.2,,,15.9,,,,20.8,,,,,,,,,,,,,,40,40,4.2,6.3,,30,,,5.0,
2006-03-06 04:00:00,,,,,0.0,,,,,0.0,0.0,72,,,1016.2,,,,,,,,,1010.9,,,16.0,,,,21.2,,,,,,,,,,,,,,30,30,4.4,6.2,,30,,,5.0,
2006-03-06 05:00:00,,,,,0.0,,,,,0.0,0.0,71,,,1016.1,,,,,,,,,1010.8,,,16.0,,,,21.5,,,,,,,,,,,,,,50,40,3.8,5.9,,30,,,4.7,
2006-03-06 06:00:00,,,,,0.0,,,,,0.0,0.0,70,,,1016.6,,,,,,,,,1011.3,0.0,,15.2,,,,20.9,,,,,,,,,,,,,,40,30,4.2,5.4,,40,,,4.2,
2006-03-06 07:00:00,,,,,0.0,,,,,0.0,0.0,77,,,1017.4,,,,,,,,,1012.1,0.0,,17.4,,,,21.5,,,,,,,,,,,,,,50,40,2.7,5.6,,40,,,4.2,
2006-03-06 08:00:00,,3.0,,,0.65,,,,,0.0,0.0,76,,,1017.7,,,,,,,,,1012.4,0.2,,18.4,,,,22.9,,,,,,,,,,15.0,,,,60,50,2.2,3.3,,50,,,2.6,
2006-03-06 09:00:00,,0.0,,,1.4,,,,,0.0,0.0,70,,,1018.4,,,,,,,,,1013.1,1.0,,18.2,,,,24.1,,,,,,,,,,15.0,,,,50,60,2.2,4.2,,50,,,3.1,
2006-03-06 10:00:00,,,,,2.04,,,,,0.0,0.0,68,,,1018.5,,,,,,,,,1013.2,0.8,,17.7,,,,23.9,,,,,,,,,,,,,,10,40,2.3,4.2,,50,,,2.9,
2006-03-06 11:00:00,,4.0,,,2.16,,,,,0.0,0.0,66,,,1017.8,,,,,,,,,1012.6,0.5,,18.0,,,,24.7,,,,,,,,,,15.0,,,,50,40,1.8,4.1,,40,,,2.5,
2006-03-06 12:00:00,,,,,2.92,,,,,0.0,0.0,67,,,1016.8,,,,,,,,,1011.6,1.0,,17.9,,,,24.5,,,,,,,,,,,,,,10,20,2.6,4.8,,10,,,3.2,
2006-03-06 13:00:00,,,,,2.86,,,,,0.0,0.0,64,,,1016.0,,,,,,,,,1010.8,0.9,,18.0,,,,25.2,,,,,,,,,,,,,,10,10,2.7,5.3,,10,,,3.3,
2006-03-06 14:00:00,,2.0,,,2.76,,,,,0.0,0.0,70,,,1015.0,,,,,,,,,1009.8,1.0,,18.2,,,,23.9,,,,,,,,,,15.0,,,,10,360,4.1,5.8,,10,,,4.1,
2006-03-06 15:00:00,,,,,2.29,,,,,0.0,0.0,72,,,1014.6,,,,,,,,,1009.4,1.0,,18.8,,,,24.2,,,,,,,,,,,,,,20,20,5.3,6.5,,20,,,5.3,
2006-03-06 16:00:00,,,,,1.58,,,,,0.0,0.0,74,,,1014.2,,,,,,,,,1009.0,1.0,,18.4,,,,23.3,,,,,,,,,,,,,,20,20,6.8,8.4,,20,,,6.8,
2006-03-06 17:00:00,,4.0,,,0.91,,,,,0.0,0.0,74,,,1014.4,,,,,,,,,1009.1,0.7,,17.6,,,,22.5,,,,,,,,,,15.0,,,,20,20,6.2,8.9,,20,,,6.8,
2006-03-06 18:00:00,,,,,0.07,,,,,0.0,0.0,77,,,1014.8,,,,,,,,,1009.5,0.0,,17.8,,,,22.0,,,,,,,,,,,,,,20,30,6.0,8.3,,20,,,6.8,
2006-03-06 19:00:00,,,,,0.0,,,,,0.0,0.0,77,,,1015.3,,,,,,,,,1010.0,0.0,,17.8,,,,22.1,,,,,,,,,,,,,,20,20,6.6,8.4,,20,,,6.9,
2006-03-06 20:00:00,,,,,0.0,,,,,0.0,0.0,77,,,1015.6,,,,,,,,,1010.3,,,18.0,,,,22.2,,,,,,,,,,,,,,20,20,7.1,8.9,,20,,,7.1,
2006-03-06 21:00:00,,,,,0.0,,,,,0.0,0.0,76,,,1016.0,,,,,,,,,1010.7,,,17.9,,,,22.3,,,,,,,,,,,,,,30,30,7.3,9.5,,30,,,7.3,
2006-03-06 22:00:00,,,,,0.0,,,,,0.0,0.0,78,,,1016.3,,,,,,,,,1011.0,,,18.1,,,,22.2,,,,,,,,,,,,,,20,20,7.0,9.9,,30,,,7.4,
2006-03-06 23:00:00,,,,,0.0,,,,,0.0,0.0,77,,,1016.4,,,,,,,,,1011.1,,,18.2,,,,22.4,,,,,,,,,,,,,,20,30,6.7,10.2,,20,,,7.8,
2006-03-07 00:00:00,,,,,0.0,,,,,0.0,0.0,75,,,1016.0,,,,,,,,,1010.7,,,17.7,,,,22.3,,,,,,,,,,,,,,20,30,7.2,9.9,,20,,,7.6,
2006-03-07 01:00:00,,,,,0.0,,,,,0.0,0.0,80,,,1015.9,,,,,,,,,1010.6,,,18.3,,,,21.9,,,,,,,,,,,,,,20,20,7.7,10.3,,20,,,7.9,
2006-03-07 02:00:00,,,,,0.0,,,,,0.0,0.0,83,,,1015.2,,,,,,,,,1009.9,,,18.6,,,,21.6,,,,,,,,,,,,,,20,20,8.6,11.8,,20,,,9.1,
2006-03-07 03:00:00,,,,,0.0,,,,,0.0,0.0,83,,,1014.7,,,,,,,,,1009.4,,,18.5,,,,21.5,,,,,,,,,,,,,,30,20,8.1,11.8,,30,,,8.7,
2006-03-07 04:00:00,,,,,0.0,,,,,0.0,0.0,85,,,1014.3,,,,,,,,,1009.0,,,18.8,,,,21.5,,,,,,,,,,,,,,20,20,7.5,10.4,,30,,,8.2,
2006-03-07 05:00:00,,,,,0.0,,,,,0.0,0.0,84,,,1014.2,,,,,,,,,1008.9,,,18.8,,,,21.6,,,,,,,,,,,,,,20,30,8.4,10.9,,20,,,8.6,
2006-03-07 06:00:00,,,,,0.0,,,,,0.0,0.0,85,,,1014.1,,,,,,,,,1008.8,0.0,,18.5,,,,21.2,,,,,,,,,,,,,,30,30,8.6,12.1,,20,,,9.4,
2006-03-07 07:00:00,,,,,0.0,,,,,0.0,0.0,85,,,1015.0,,,,,,,,,1009.7,0.0,,18.5,,,,21.1,,,,,,,,,,,,,,30,20,8.4,11.6,,20,,,9.2,
2006-03-07 08:00:00,,7.0,,,0.34,,,,,0.0,0.0,83,,,1015.7,,,,,,,,,1010.4,0.0,,18.5,,,,21.5,,,,,,,,,,10.0,,,,20,20,8.8,12.2,,20,,,8.9,
2006-03-07 09:00:00,,9.0,,,1.05,,,,,0.0,0.0,80,,,1016.3,,,,,,,,,1011.0,0.2,,18.2,,,,21.9,,,,,,,,,,10.0,,,,20,20,8.9,12.0,,20,,,8.9,
2006-03-07 10:00:00,,,,,1.13,,,,,0.0,0.0,82,,,1016.3,,,,,,,,,1011.0,0.0,,18.1,,,,21.3,,,,,,,,,,,,,,10,10,10.2,14.6,,10,,,10.8,
2006-03-07 11:00:00,,9.0,,,2.26,,,,,0.0,0.0,78,,,1016.1,,,,,,,,,1010.8,0.5,,18.2,,,,22.2,,,,,,,,,,10.0,,,,10,10,8.4,13.6,,10,,,10.3,
2006-03-07 12:00:00,,,,,0.89,,,,,0.0,0.0,79,,,1015.9,,,,,,,,,1010.6,0.0,,17.9,,,,21.6,,,,,,,,,,,,,,10,10,7.6,13.3,,20,,,9.4,
2006-03-07 13:00:00,,,,,1.6,,,,,0.0,0.0,76,,,1014.6,,,,,,,,,1009.3,0.1,,18.3,,,,22.7,,,,,,,,,,,,,,10,360,9.0,13.6,,10,,,9.9,
2006-03-07 14:00:00,,10.0,,,1.72,,,,,0.0,0.0,77,,,1013.9,,,,,,,,,1008.6,0.1,,18.4,,,,22.7,,,,,,,,,,10.0,,,,10,10,9.3,13.3,,10,,,9.7,
2006-03-07 15:00:00,,,,,2.01,,,,,0.0,0.0,79,,,1013.6,,,,,,,,,1008.3,0.4,,17.8,,,,21.5,,,,,,,,,,,,,,10,10,9.9,13.3,,10,,,10.7,
2006-03-07 16:00:00,,,,,1.41,,,,,0.0,0.0,79,,,1013.6,,,,,,,,,1008.3,0.4,,17.8,,,,21.7,,,,,,,,,,,,,,10,10,10.6,14.2,,10,,,10.7,
2006-03-07 17:00:00,,9.0,,,0.76,,,,,0.0,0.0,81,,,1013.6,,,,,,,,,1008.3,0.3,,17.5,,,,20.8,,,,,,,,,,10.0,,,,20,10,9.4,13.6,,10,,,10.5,
2006-03-07 18:00:00,,,,,0.09,,,,,0.0,0.0,83,,,1014.4,,,,,,,,,1009.1,0.0,,17.4,,,,20.4,,,,,,,,,,,,,,10,360,9.8,13.9,,10,,,9.9,
2006-03-07 19:00:00,,,,,0.0,,,,,0.0,0.0,83,,,1015.0,,,,,,,,,1009.7,0.0,,17.3,,,,20.3,,,,,,,,,,,,,,20,20,9.8,13.4,,20,,,10.3,
2006-03-07 20:00:00,,,,,0.0,,,,,0.0,0.0,83,,,1015.9,,,,,,,,,1010.6,,,17.4,,,,20.3,,,,,,,,,,,,,,20,10,9.7,13.4,,20,,,9.9,
2006-03-07 21:00:00,,,,,0.0,,,,,0.0,0.0,83,,,1016.6,,,,,,,,,1011.3,,,17.4,,,,20.3,,,,,,,,,,,,,,20,30,9.1,12.8,,20,,,9.8,
2006-03-07 22:00:00,,,,,0.0,,,,,0.0,0.0,84,,,1016.8,,,,,,,,,1011.5,,,17.5,,,,20.3,,,,,,,,,,,,,,20,30,9.0,12.9,,20,,,9.9,
2006-03-07 23:00:00,,,,,0.0,,,,,0.0,0.0,84,,,1016.8,,,,,,,,,1011.5,,,17.7,,,,20.4,,,,,,,,,,,,,,20,30,9.4,12.1,,20,,,9.4,
2006-03-08 00:00:00,,,,,0.0,,,,,0.0,0.0,85,,,1016.7,,,,,,,,,1011.4,,,17.9,,,,20.5,,,,,,,,,,,,,,30,20,8.1,11.9,,20,,,9.5,
2006-03-08 01:00:00,,,,,0.0,,,,,0.0,0.0,85,,,1016.4,,,,,,,,,1011.1,,,18.4,,,,21.0,,,,,,,,,,,,,,30,30,8.0,10.4,,30,,,8.0,
2006-03-08 02:00:00,,,,,0.0,,,,,0.0,0.0,85,,,1016.2,,,,,,,,,1010.9,,,18.5,,,,21.1,,,,,,,,,,,,,,10,320,8.4,11.4,,10,,,8.4,
2006-03-08 03:00:00,,,,,0.0,,,,,0.0,0.0,86,,,1015.7,,,,,,,,,1010.4,,,18.4,,,,20.9,,,,,,,,,,,,,,10,10,8.2,12.2,,10,,,9.1,
2006-03-08 04:00:00,,,,,0.0,,,,,0.0,0.0,85,,,1015.9,,,,,,,,,1010.6,,,18.0,,,,20.7,,,,,,,,,,,,,,20,20,7.6,12.4,,10,,,9.1,
2006-03-08 05:00:00,,,,,0.0,,,,,0.0,0.0,83,,,1015.9,,,,,,,,,1010.6,,,17.8,,,,20.7,,,,,,,,,,,,,,20,10,8.2,10.9,,20,,,8.4,
2006-03-08 06:00:00,,,,,0.0,,,,,0.0,0.0,86,,,1016.3,,,,,,,,,1011.0,0.0,,18.0,,,,20.5,,,,,,,,,,,,,,20,30,7.8,10.9,,20,,,8.4,
2006-03-08 07:00:00,,,,,0.0,,,,,0.0,0.0,84,,,1016.9,,,,,,,,,1011.6,0.0,,17.8,,,,20.6,,,,,,,,,,,,,,20,30,7.0,10.4,,20,,,7.9,
2006-03-08 08:00:00,,10.0,,,0.36,,,,,0.0,0.0,83,,,1017.5,,,,,,,,,1012.2,0.0,,18.3,,,,21.4,,,,,,,,,,10.0,,,,20,20,6.9,9.4,,20,,,7.2,
2006-03-08 09:00:00,,10.0,,,0.6,,,,,0.0,0.0,81,,,1017.7,,,,,,,,,1012.4,0.0,,18.5,,,,22.0,,,,,,,,,,10.0,,,,20,30,6.0,9.3,,30,,,7.3,
2006-03-08 10:00:00,,,,,1.04,,,,,0.0,0.0,81,,,1017.7,,,,,,,,,1012.4,0.0,,18.7,,,,22.2,,,,,,,,,,,,,,10,10,7.3,9.6,,10,,,7.3,
2006-03-08 11:00:00,,10.0,,,1.47,,,,,0.0,0.0,80,,,1017.3,,,,,,,,,1012.0,0.0,,18.2,,,,21.9,,,,,,,,,,10.0,,,,10,360,7.9,10.3,,10,,,8.0,
2006-03-08 12:00:00,,,,,1.49,,,,,0.0,0.0,77,,,1016.7,,,,,,,,,1011.4,0.0,,18.8,,,,23.1,,,,,,,,,,,,,,10,10,7.5,10.1,,10,,,8.0,
2006-03-08 13:00:00,,,,,1.66,,,,,0.0,0.0,82,,,1015.7,,,,,,,,,1010.4,0.0,,18.6,,,,21.9,,,,,,,,,,,,,,10,360,9.4,12.7,,10,,,9.4,
2006-03-08 14:00:00,,10.0,,,2.07,,,,,0.0,0.0,80,,,1014.9,,,,,,,,,1009.6,0.3,,18.2,,,,21.9,,,,,,,,,,8.0,,,,10,10,9.8,12.9,,10,,,10.0,
2006-03-08 15:00:00,,,,,1.13,,,,,0.0,0.0,79,,,1014.4,,,,,,,,,1009.1,0.0,,17.9,,,,21.6,,,,,,,,,,,,,,10,360,9.1,13.2,,10,,,10.3,
2006-03-08 16:00:00,,,,,0.89,,,,,0.0,0.0,81,,,1014.1,,,,,,,,,1008.8,0.0,,18.2,,,,21.7,,,,,,,,,,,,,,20,360,9.0,12.8,,20,,,9.4,
2006-03-08 17:00:00,,6.0,,,0.86,,,,,0.0,0.0,81,,,1014.2,,,,,,,,,1008.9,0.6,,18.0,,,,21.4,,,,,,,,,,8.0,,,,20,20,8.4,12.3,,20,,,9.7,
2006-03-08 18:00:00,,,,,0.18,,,,,0.0,0.0,84,,,1014.6,,,,,,,,,1009.3,0.1,,18.2,,,,21.0,,,,,,,,,,,,,,30,20,7.4,11.2,,20,,,8.8,
2006-03-08 19:00:00,,,,,0.0,,,,,0.0,0.0,85,,,1014.9,,,,,,,,,1009.6,0.0,,18.8,,,,21.4,,,,,,,,,,,,,,30,20,6.5,9.6,,30,,,7.7,
2006-03-08 20:00:00,,,,,0.0,,,,,0.0,0.0,86,,,1015.8,,,,,,,,,1010.5,,,19.2,,,,21.6,,,,,,,,,,,,,,30,20,5.3,8.3,,30,,,6.4,
2006-03-08 21:00:00,,,,,0.0,,,,,0.0,0.0,87,,,1016.5,,,,,,,,,1011.2,,,19.4,,,,21.7,,,,,,,,,,,,,,20,10,6.2,8.3,,20,,,6.2,
2006-03-08 22:00:00,,,,,0.0,,,,,0.0,0.0,87,,,1016.7,,,,,,,,,1011.4,,,19.0,,,,21.3,,,,,,,,,,,,,,20,20,6.8,9.9,,20,,,7.6,
2006-03-08 23:00:00,,,,,0.0,,,,,0.0,0.0,87,,,1016.3,,,,,,,,,1011.0,,,18.8,,,,21.0,,,,,,,,,,,,,,20,20,7.5,10.3,,20,,,8.1,
2006-03-09 00:00:00,,,,,0.0,,,,,0.0,0.0,87,,,1016.7,,,,,,,,,1011.4,,,18.5,,,,20.7,,,,,,,,,,,,,,20,360,6.5,10.9,,20,,,8.0,
2006-03-09 01:00:00,,,,,0.0,,,,,0.0,0.0,86,,,1016.5,,,,,,,,,1011.2,,,18.1,,,,20.6,,,,,,,,,,,,,,10,360,6.8,9.9,,20,,,7.3,
2006-03-09 02:00:00,,,,,0.0,,,,,0.0,0.0,85,,,1016.3,,,,,,,,,1011.0,,,17.9,,,,20.6,,,,,,,,,,,,,,10,10,7.2,10.8,,10,,,8.2,
2006-03-09 03:00:00,,,,,0.0,,,,,0.0,0.0,85,,,1016.0,,,,,,,,,1010.7,,,18.2,,,,20.8,,,,,,,,,,,,,,10,10,7.3,10.0,,10,,,7.9,
2006-03-09 04:00:00,,,,,0.0,,,,,0.0,0.0,85,,,1016.0,,,,,,,,,1010.7,,,18.0,,,,20.6,,,,,,,,,,,,,,360,360,6.8,10.1,,10,,,7.7,
2006-03-09 05:00:00,,,,,0.0,,,,,0.0,0.0,84,,,1015.8,,,,,,,,,1010.5,,,18.2,,,,21.0,,,,,,,,,,,,,,10,360,5.4,8.7,,360,,,6.9,
2006-03-09 06:00:00,,,,,0.0,,,,,0.0,0.0,83,,,1016.1,,,,,,,,,1010.8,0.0,,18.3,,,,21.3,,,,,,,,,,,,,,10,20,4.8,6.5,,10,,,5.3,
2006-03-09 07:00:00,,,,,0.0,,,,,0.0,0.0,83,,,1016.7,,,,,,,,,1011.4,0.0,,18.4,,,,21.4,,,,,,,,,,,,,,360,360,5.2,7.2,,10,,,5.2,
2006-03-09 08:00:00,,7.0,,,0.27,,,,,0.0,0.0,82,,,1017.1,,,,,,,,,1011.8,0.0,,18.8,,,,22.0,,,,,,,,,,18.0,,,,10,360,5.8,8.4,,360,,,6.2,
2006-03-09 09:00:00,,9.0,,,1.18,,,,,0.0,0.0,78,,,1017.5,,,,,,,,,1012.2,0.6,,18.7,,,,22.8,,,,,,,,,,18.0,,,,10,360,8.1,11.0,,10,,,8.1,
2006-03-09 10:00:00,,,,,1.9,,,,,0.0,0.0,77,,,1017.5,,,,,,,,,1012.2,0.7,,18.3,,,,22.6,,,,,,,,,,,,,,10,10,9.2,12.2,,10,,,9.3,
2006-03-09 11:00:00,,4.0,,,2.64,,,,,0.0,0.0,73,,,1017.3,,,,,,,,,1012.0,0.9,,18.2,,,,23.2,,,,,,,,,,15.0,,,,10,360,8.8,12.6,,10,,,9.7,
2006-03-09 12:00:00,,,,,2.95,,,,,0.0,0.0,69,,,1016.2,,,,,,,,,1011.0,1.0,,17.8,,,,23.9,,,,,,,,,,,,,,20,20,6.8,11.8,,10,,,8.9,
2006-03-09 13:00:00,,,,,3.0,,,,,0.0,0.0,74,,,1015.6,,,,,,,,,1010.3,1.0,,18.4,,,,23.4,,,,,,,,,,,,,,10,360,7.5,10.3,,10,,,8.0,
2006-03-09 14:00:00,,1.0,,,3.0,,,,,0.0,0.0,76,,,1014.4,,,,,,,,,1009.1,1.0,,18.5,,,,23.0,,,,,,,,,,20.0,,,,10,10,7.8,10.9,,10,,,8.3,
2006-03-09 15:00:00,,,,,2.43,,,,,0.0,0.0,76,,,1013.8,,,,,,,,,1008.5,1.0,,18.1,,,,22.6,,,,,,,,,,,,,,10,10,10.2,12.8,,10,,,10.2,
2006-03-09 16:00:00,,,,,1.67,,,,,0.0,0.0,78,,,1013.8,,,,,,,,,1008.5,1.0,,18.7,,,,22.7,,,,,,,,,,,,,,10,10,8.7,13.4,,10,,,10.5,
2006-03-09 17:00:00,,1.0,,,0.92,,,,,0.0,0.0,77,,,1013.6,,,,,,,,,1008.3,1.0,,18.1,,,,22.4,,,,,,,,,,10.0,,,,10,10,8.6,12.9,,10,,,9.8,
2006-03-09 18:00:00,,,,,0.21,,,,,0.0,0.0,75,,,1013.5,,,,,,,,,1008.2,0.6,,17.9,,,,22.5,,,,,,,,,,,,,,20,360,9.1,13.8,,10,,,10.2,
2006-03-09 19:00:00,,,,,0.0,,,,,0.0,0.0,73,,,1013.7,,,,,,,,,1008.4,0.0,,17.4,,,,22.4,,,,,,,,,,,,,,20,30,9.6,13.7,,20,,,10.1,
2006-03-09 20:00:00,,,,,0.0,,,,,0.0,0.0,74,,,1014.3,,,,,,,,,1009.0,,,17.6,,,,22.4,,,,,,,,,,,,,,20,30,8.6,14.7,,20,,,10.4,
2006-03-09 21:00:00,,,,,0.0,,,,,0.0,0.0,75,,,1014.6,,,,,,,,,1009.3,,,17.6,,,,22.3,,,,,,,,,,,,,,20,20,10.2,13.3,,20,,,10.4,
2006-03-09 22:00:00,,,,,0.0,,,,,0.0,0.0,74,,,1015.1,,,,,,,,,1009.8,,,17.7,,,,22.5,,,,,,,,,,,,,,30,20,7.1,12.5,,20,,,10.0,
2006-03-09 23:00:00,,,,,0.0,,,,,0.0,0.0,72,,,1014.9,,,,,,,,,1009.6,,,17.5,,,,22.8,,,,,,,,,,,,,,30,30,7.6,10.5,,30,,,7.8,
2006-03-10 00:00:00,,,,,0.0,,,,,0.0,0.0,72,,,1014.7,,,,,,,,,1009.4,,,17.5,,,,22.9,,,,,,,,,,,,,,10,360,10.0,13.5,,10,,,10.0,
2006-03-10 01:00:00,,,,,0.0,,,,,0.0,0.0,77,,,1014.8,,,,,,,,,1009.5,,,17.7,,,,22.0,,,,,,,,,,,,,,10,10,9.6,13.8,,10,,,10.5,
2006-03-10 02:00:00,,,,,0.0,,,,,0.0,0.0,77,,,1014.7,,,,,,,,,1009.4,,,17.6,,,,21.9,,,,,,,,,,,,,,20,10,9.1,13.5,,10,,,10.7,
2006-03-10 03:00:00,,,,,0.0,,,,,0.0,0.0,78,,,1014.8,,,,,,,,,1009.5,,,17.3,,,,21.3,,,,,,,,,,,,,,20,360,9.5,14.8,,10,,,11.2,
2006-03-10 04:00:00,,,,,0.0,,,,,0.0,0.0,79,,,1015.0,,,,,,,,,1009.7,,,17.5,,,,21.2,,,,,,,,,,,,,,20,20,9.9,14.9,,20,,,10.4,
2006-03-10 05:00:00,,,,,0.0,,,,,0.0,0.0,80,,,1015.3,,,,,,,,,1010.0,,,17.5,,,,21.1,,,,,,,,,,,,,,20,360,10.6,14.8,,20,,,10.6,
2006-03-10 06:00:00,,,,,0.0,,,,,0.0,0.0,82,,,1015.9,,,,,,,,,1010.6,0.0,,17.6,,,,20.8,,,,,,,,,,,,,,10,10,9.6,14.5,,20,,,10.6,
2006-03-10 07:00:00,,,,,0.0,,,,,0.0,0.0,82,,,1016.4,,,,,,,,,1011.1,0.0,,17.8,,,,21.0,,,,,,,,,,,,,,20,10,9.8,13.6,,20,,,10.1,
2006-03-10 08:00:00,,7.0,,,0.65,,,,,0.0,0.0,80,,,1016.6,,,,,,,,,1011.3,0.5,,18.0,,,,21.5,,,,,,,,,,10.0,,,,30,20,8.7,13.9,,20,,,9.8,
2006-03-10 09:00:00,,7.0,,,1.44,,,,,0.0,0.0,75,,,1016.8,,,,,,,,,1011.5,0.8,,18.5,,,,23.1,,,,,,,,,,10.0,,,,30,20,8.9,12.3,,30,,,9.8,
2006-03-10 10:00:00,,,,,2.21,,,,,0.0,0.0,74,,,1016.8,,,,,,,,,1011.5,0.8,,17.9,,,,22.8,,,,,,,,,,,,,,20,30,9.2,13.2,,20,,,10.0,
2006-03-10 11:00:00,,2.0,,,2.92,,,,,0.0,0.0,74,,,1016.4,,,,,,,,,1011.1,1.0,,18.0,,,,22.9,,,,,,,,,,10.0,,,,20,20,9.3,13.9,,20,,,9.9,
2006-03-10 12:00:00,,,,,3.27,,,,,0.0,0.0,73,,,1015.9,,,,,,,,,1010.6,1.0,,17.8,,,,22.9,,,,,,,,,,,,,,20,20,9.8,13.3,,20,,,9.8,
2006-03-10 13:00:00,,,,,2.92,,,,,0.0,0.0,72,,,1015.7,,,,,,,,,1010.4,0.7,,17.5,,,,22.7,,,,,,,,,,,,,,20,20,7.9,12.4,,20,,,9.8,
2006-03-10 14:00:00,,7.0,,,2.63,,,,,0.0,0.0,72,,,1014.9,,,,,,,,,1009.6,0.7,,17.3,,,,22.5,,,,,,,,,,10.0,,,,10,20,8.8,12.3,,10,,,8.9,
2006-03-10 15:00:00,,,,,2.1,,,,,0.0,0.0,74,,,1014.7,,,,,,,,,1009.4,0.7,,16.9,,,,21.7,,,,,,,,,,,,,,10,20,8.6,12.9,,20,,,9.5,
2006-03-10 16:00:00,,,,,1.51,,,,,0.0,0.0,77,,,1014.1,,,,,,,,,1008.8,0.9,,17.4,,,,21.7,,,,,,,,,,,,,,20,10,8.5,12.4,,10,,,8.8,
2006-03-10 17:00:00,,2.0,,,0.92,,,,,0.0,0.0,79,,,1014.3,,,,,,,,,1009.0,1.0,,17.7,,,,21.4,,,,,,,,,,10.0,,,,20,20,7.7,11.4,,20,,,8.6,
2006-03-10 18:00:00,,,,,0.23,,,,,0.0,0.0,80,,,1014.4,,,,,,,,,1009.1,0.5,,17.8,,,,21.4,,,,,,,,,,,,,,20,30,7.4,10.3,,20,,,8.0,
2006-03-10 19:00:00,,,,,0.0,,,,,0.0,0.0,80,,,1014.4,,,,,,,,,1009.1,0.0,,17.9,,,,21.4,,,,,,,,,,,,,,20,30,6.3,8.6,,20,,,7.3,
2006-03-10 20:00:00,,,,,0.0,,,,,0.0,0.0,80,,,1014.8,,,,,,,,,1009.5,,,17.8,,,,21.3,,,,,,,,,,,,,,30,30,5.2,8.2,,20,,,6.5,
2006-03-10 21:00:00,,,,,0.0,,,,,0.0,0.0,78,,,1015.4,,,,,,,,,1010.1,,,17.4,,,,21.4,,,,,,,,,,,,,,30,30,4.5,6.5,,30,,,5.3,
2006-03-10 22:00:00,,,,,0.0,,,,,0.0,0.0,77,,,1015.4,,,,,,,,,1010.1,,,17.5,,,,21.7,,,,,,,,,,,,,,30,30,4.6,6.0,,30,,,5.0,
2006-03-10 23:00:00,,,,,0.0,,,,,0.0,0.0,78,,,1015.6,,,,,,,,,1010.3,,,17.3,,,,21.3,,,,,,,,,,,,,,40,30,3.3,6.0,,30,,,5.0,
2006-03-11 00:00:00,,,,,0.0,,,,,0.0,0.0,73,,,1015.6,,,,,,,,,1010.3,,,16.5,,,,21.5,,,,,,,,,,,,,,60,50,3.1,5.1,,50,,,4.4,
2006-03-11 01:00:00,,,,,0.0,,,,,0.0,0.0,72,,,1015.1,,,,,,,,,1009.8,,,16.5,,,,21.7,,,,,,,,,,,,,,50,50,3.6,4.0,,50,,,3.6,
2006-03-11 02:00:00,,,,,0.0,,,,,0.0,0.0,76,,,1014.7,,,,,,,,,1009.4,,,17.6,,,,22.0,,,,,,,,,,,,,,20,20,4.3,5.7,,20,,,4.5,
2006-03-11 03:00:00,,,,,0.0,,,,,0.0,0.0,82,,,1014.1,,,,,,,,,1008.8,,,18.4,,,,21.6,,,,,,,,,,,,,,20,20,6.0,8.2,,20,,,6.0,
2006-03-11 04:00:00,,,,,0.0,,,,,0.0,0.0,82,,,1014.0,,,,,,,,,1008.7,,,18.1,,,,21.2,,,,,,,,,,,,,,30,20,5.3,9.0,,20,,,7.0,
2006-03-11 05:00:00,,,,,0.0,,,,,0.0,0.0,82,,,1014.7,,,,,,,,,1009.4,,,18.0,,,,21.2,,,,,,,,,,,,,,10,10,5.0,7.6,,20,,,5.8,
2006-03-11 06:00:00,,,,,0.0,,,,,0.0,0.0,80,,,1015.1,,,,,,,,,1009.8,0.0,,17.5,,,,21.1,,,,,,,,,,,,,,10,10,3.4,6.6,,10,,,5.0,
2006-03-11 07:00:00,,,,,0.0,,,,,0.0,0.0,81,,,1015.6,,,,,,,,,1010.3,0.0,,17.8,,,,21.2,,,,,,,,,,,,,,360,360,4.3,6.3,,360,,,4.4,
2006-03-11 08:00:00,,1.0,,,0.78,,,,,0.0,0.0,80,,,1015.3,,,,,,,,,1010.0,1.0,,18.5,,,,22.2,,,,,,,,,,10.0,,,,10,10,4.0,6.8,,10,,,5.4,
2006-03-11 09:00:00,,1.0,,,1.57,,,,,0.0,0.0,73,,,1015.2,,,,,,,,,1010.0,1.0,,18.7,,,,23.8,,,,,,,,,,10.0,,,,50,50,4.2,6.6,,30,,,4.5,
2006-03-11 10:00:00,,,,,2.31,,,,,0.0,0.0,70,,,1015.2,,,,,,,,,1010.0,1.0,,18.6,,,,24.4,,,,,,,,,,,,,,40,50,4.2,6.5,,40,,,4.4,
2006-03-11 11:00:00,,2.0,,,2.97,,,,,0.0,0.0,71,,,1014.7,,,,,,,,,1009.5,1.0,,18.7,,,,24.2,,,,,,,,,,10.0,,,,30,20,3.4,5.5,,40,,,4.3,
2006-03-11 12:00:00,,,,,3.02,,,,,0.0,0.0,71,,,1014.0,,,,,,,,,1008.8,1.0,,18.6,,,,24.1,,,,,,,,,,,,,,20,10,3.7,6.0,,20,,,4.2,
2006-03-11 13:00:00,,,,,3.0,,,,,0.0,0.0,70,,,1012.9,,,,,,,,,1007.7,1.0,,18.7,,,,24.6,,,,,,,,,,,,,,20,20,3.5,5.6,,20,,,3.8,
2006-03-11 14:00:00,,1.0,,,3.0,,,,,0.0,0.0,73,,,1011.8,,,,,,,,,1006.6,1.0,,18.7,,,,23.9,,,,,,,,,,10.0,,,,20,10,4.1,5.9,,20,,,4.3,
2006-03-11 15:00:00,,,,,2.41,,,,,0.0,0.0,69,,,1011.0,,,,,,,,,1005.8,1.0,,18.6,,,,24.7,,,,,,,,,,,,,,30,20,3.2,5.5,,20,,,4.1,
2006-03-11 16:00:00,,,,,1.63,,,,,0.0,0.0,70,,,1010.6,,,,,,,,,1005.4,1.0,,18.4,,,,24.2,,,,,,,,,,,,,,30,60,2.9,4.7,,30,,,3.2,
2006-03-11 17:00:00,,1.0,,,0.88,,,,,0.0,0.0,71,,,1010.6,,,,,,,,,1005.4,1.0,,17.8,,,,23.3,,,,,,,,,,10.0,,,,350,20,2.3,4.9,,20,,,3.4,
2006-03-11 18:00:00,,,,,0.18,,,,,0.0,0.0,74,,,1010.8,,,,,,,,,1005.6,0.5,,17.5,,,,22.3,,,,,,,,,,,,,,330,320,2.3,3.6,,320,,,2.7,
2006-03-11 19:00:00,,,,,0.0,,,,,0.0,0.0,78,,,1011.5,,,,,,,,,1006.2,0.0,,18.1,,,,22.1,,,,,,,,,,,,,,350,350,1.9,3.8,,350,,,2.7,
2006-03-11 20:00:00,,,,,0.0,,,,,0.0,0.0,80,,,1012.0,,,,,,,,,1006.7,,,18.2,,,,21.9,,,,,,,,,,,,,,10,350,2.0,4.0,,350,,,3.1,
2006-03-11 21:00:00,,,,,0.0,,,,,0.0,0.0,80,,,1012.7,,,,,,,,,1007.4,,,18.3,,,,21.9,,,,,,,,,,,,,,0,50,0.0,2.4,,10,,,2.0,
2006-03-11 22:00:00,,,,,0.0,,,,,0.0,0.0,84,,,1012.8,,,,,,,,,1007.5,,,18.4,,,,21.2,,,,,,,,,,,,,,60,70,2.8,3.3,,60,,,2.8,
2006-03-11 23:00:00,,,,,0.0,,,,,0.0,0.0,82,,,1012.8,,,,,,,,,1007.5,,,18.3,,,,21.6,,,,,,,,,,,,,,90,70,1.7,3.4,,70,,,2.8,
2006-03-12 00:00:00,,,,,0.0,,,,,0.0,0.0,81,,,1012.6,,,,,,,,,1007.3,,,18.5,,,,22.0,,,,,,,,,,,,,,110,120,2.2,3.1,,110,,,2.3,
2006-03-12 01:00:00,,,,,0.0,,,,,0.0,0.0,84,,,1012.2,,,,,,,,,1006.9,,,18.6,,,,21.5,,,,,,,,,,,,,,90,110,2.0,3.0,,110,,,2.5,
2006-03-12 02:00:00,,,,,0.0,,,,,0.0,0.0,85,,,1011.5,,,,,,,,,1006.2,,,18.8,,,,21.4,,,,,,,,,,,,,,80,80,3.0,3.5,,80,,,3.0,
2006-03-12 03:00:00,,,,,0.0,,,,,0.0,0.0,85,,,1011.3,,,,,,,,,1006.0,,,18.5,,,,21.2,,,,,,,,,,,,,,40,80,2.1,4.0,,80,,,3.4,
2006-03-12 04:00:00,,,,,0.0,,,,,0.0,0.0,83,,,1010.3,,,,,,,,,1005.0,,,18.6,,,,21.6,,,,,,,,,,,,,,70,70,2.5,3.4,,70,,,2.8,
2006-03-12 05:00:00,,,,,0.0,,,,,0.0,0.0,83,,,1010.2,,,,,,,,,1004.9,,,18.4,,,,21.4,,,,,,,,,,,,,,70,60,2.7,3.5,,70,,,3.0,
2006-03-12 06:00:00,,,,,0.0,,,,,0.0,0.0,84,,,1010.5,,,,,,,,,1005.2,0.0,,18.5,,,,21.4,,,,,,,,,,,,,,50,70,2.7,3.9,,60,,,3.3,
2006-03-12 07:00:00,,,,,0.0,,,,,0.0,0.0,84,,,1010.9,,,,,,,,,1005.6,0.0,,19.3,,,,22.1,,,,,,,,,,,,,,90,80,1.9,3.0,,50,,,2.7,
2006-03-12 08:00:00,,1.0,,,0.68,,,,,0.0,0.0,80,,,1011.7,,,,,,,,,1006.5,0.9,,20.3,,,,24.0,,,,,,,,,,6.0,,,,0,100,0.2,2.9,,90,,,2.3,
2006-03-12 09:00:00,,1.0,,,1.43,,,,,0.0,0.0,72,,,1012.2,,,,,,,,,1007.0,1.0,,20.5,,,,26.0,,,,,,,,,,8.0,,,,0,100,0.0,2.6,,80,,,1.0,
2006-03-12 10:00:00,,,,,2.12,,,,,0.0,0.0,74,,,1012.8,,,,,,,,,1007.6,1.0,,20.6,,,,25.5,,,,,,,,,,,,,,30,10,3.8,5.6,,30,,,3.8,
2006-03-12 11:00:00,,2.0,,,2.33,,,,,0.0,0.0,77,,,1013.2,,,,,,,,,1008.0,0.6,,20.7,,,,25.1,,,,,,,,,,8.0,,,,10,10,7.6,10.0,,10,,,7.6,
2006-03-12 12:00:00,,,,,1.92,,,,,0.0,0.0,79,,,1012.4,,,,,,,,,1007.2,0.2,,19.3,,,,23.2,,,,,,,,,,,,,,20,30,13.1,16.9,,20,,,13.1,
2006-03-12 13:00:00,,,,,1.3,,,,,0.0,0.0,79,,,1012.0,,,,,,,,,1006.7,0.0,,18.0,,,,21.8,,,,,,,,,,,,,,20,10,14.4,19.9,,20,,,14.7,
2006-03-12 14:00:00,,10.0,,,1.53,,,,,0.0,0.0,81,,,1011.6,,,,,,,,,1006.3,0.0,,16.9,,,,20.3,,,,,,,,,,7.0,,,,20,20,16.1,22.0,,20,,,16.3,
2006-03-12 15:00:00,,,,,0.94,,,,,0.0,0.0,82,,,1011.1,,,,,,,,,1005.8,0.0,,16.5,,,,19.6,,,,,,,,,,,,,,20,30,16.9,23.1,,20,,,17.1,
2006-03-12 16:00:00,,,,,0.79,,,,,0.0,0.0,80,,,1011.7,,,,,,,,,1006.4,0.1,,15.5,,,,19.0,,,,,,,,,,,,,,20,20,17.5,23.9,,20,,,18.4,
2006-03-12 17:00:00,,9.0,,,0.64,,,,,0.0,0.0,80,,,1011.9,,,,,,,,,1006.6,0.1,,15.1,,,,18.6,,,,,,,,,,10.0,,,,20,20,18.8,26.8,,20,,,20.4,
2006-03-12 18:00:00,,,,,0.14,,,,,0.0,0.0,79,,,1012.3,,,,,,,,,1007.0,0.0,,14.4,,,,18.0,,,,,,,,,,,,,,20,30,20.4,27.4,,20,,,20.5,
2006-03-12 19:00:00,,,,,0.0,,,,,0.0,0.0,80,,,1013.5,,,,,,,,,1008.2,0.0,,14.1,,,,17.6,,,,,,,,,,,,,,20,20,19.9,27.1,,20,,,20.5,
2006-03-12 20:00:00,,,,,0.0,,,,,0.0,0.0,79,,,1014.5,,,,,,,,,1009.1,,,13.1,,,,16.8,,,,,,,,,,,,,,20,30,21.1,29.5,,20,,,21.5,
2006-03-12 21:00:00,,,,,0.0,,,,,0.0,0.0,80,,,1016.2,,,,,,,,,1010.8,,,13.3,,,,16.8,,,,,,,,,,,,,,20,20,19.7,28.2,,20,,,21.6,
2006-03-12 22:00:00,,,,,0.0,,,,,0.0,0.0,79,,,1016.5,,,,,,,,,1011.1,,,13.1,,,,16.8,,,,,,,,,,,,,,20,30,19.7,28.4,,20,,,21.4,
2006-03-12 23:00:00,,,,,0.0,,,,,0.0,0.0,79,,,1017.0,,,,,,,,,1011.6,,,13.1,,,,16.7,,,,,,,,,,,,,,20,20,20.9,28.4,,20,,,21.2,
2006-03-13 00:00:00,,,,,0.0,,,,,0.0,0.0,78,,,1016.9,,,,,,,,,1011.5,,,12.5,,,,16.4,,,,,,,,,,,,,,20,10,19.3,28.5,,20,,,20.9,
2006-03-13 01:00:00,,,,,0.0,,,,,0.0,0.0,81,,,1016.7,,,,,,,,,1011.3,,,13.3,,,,16.5,,,,,,,,,,,,,,20,20,20.0,28.1,,20,,,21.2,
2006-03-13 02:00:00,,,,,0.0,,,,,0.0,0.0,80,,,1016.3,,,,,,,,,1010.9,,,12.6,,,,16.0,,,,,,,,,,,,,,20,20,18.9,27.2,,20,,,20.1,
2006-03-13 03:00:00,,,,,0.0,,,,,0.0,0.0,81,,,1016.3,,,,,,,,,1010.9,,,13.1,,,,16.4,,,,,,,,,,,,,,20,30,18.1,27.4,,20,,,20.1,
2006-03-13 04:00:00,,,,,0.0,,,,,0.0,0.0,81,,,1016.2,,,,,,,,,1010.8,,,13.2,,,,16.4,,,,,,,,,,,,,,10,20,16.9,26.3,,20,,,18.8,
2006-03-13 05:00:00,,,,,0.0,,,,,0.0,0.0,83,,,1015.8,,,,,,,,,1010.4,,,13.3,,,,16.1,,,,,,,,,,,,,,20,30,18.0,27.3,,20,,,19.0,
2006-03-13 06:00:00,,,,,0.0,,,,,0.0,0.0,81,,,1016.4,,,,,,,,,1011.0,0.0,,13.6,,,,16.8,,,,,,,,,,,,,,20,20,17.5,26.4,,20,,,18.9,
2006-03-13 07:00:00,,,,,0.0,,,,,0.0,0.0,80,,,1017.2,,,,,,,,,1011.8,0.0,,13.3,,,,16.7,,,,,,,,,,,,,,20,10,18.5,24.9,,20,,,18.5,
2006-03-13 08:00:00,,10.0,,,0.0,,,,,0.0,0.0,80,,,1017.9,,,,,,,,,1012.5,0.0,,13.3,,,,16.7,,,,,,,,,,10.0,,,,20,20,17.8,25.0,,20,,,18.7,
2006-03-13 09:00:00,,10.0,,,0.0,,,,,0.0,0.0,79,,,1019.0,,,,,,,,,1013.6,0.0,,13.0,,,,16.6,,,,,,,,,,10.0,,,,20,20,18.0,24.8,,20,,,18.4,
2006-03-13 10:00:00,,,,,0.02,,,,,0.0,0.0,82,,,1019.2,,,,,,,,,1013.8,0.0,,13.2,,,,16.3,,,,,,,,,,,,,,10,20,17.7,25.1,,20,,,17.9,
2006-03-13 11:00:00,,10.0,,,0.0,,,,,0.0,0.0,79,,,1019.8,,,,,,,,,1014.4,0.0,,12.8,,,,16.4,,,,,,,,,,12.0,,,,10,10,17.1,25.8,,20,,,17.9,
2006-03-13 12:00:00,,,,,0.02,,,,,0.0,0.0,82,,,1019.1,,,,,,,,,1013.7,0.0,,12.7,,,,15.7,,,,,,,,,,,,,,20,10,17.6,25.0,,20,,,18.4,
2006-03-13 13:00:00,,,,,0.06,,,,,0.0,0.0,81,,,1019.4,,,,,,,,,1014.0,0.0,,12.6,,,,15.8,,,,,,,,,,,,,,20,20,17.5,26.2,,20,,,18.7,
2006-03-13 14:00:00,,10.0,,,0.0,,,,,0.0,0.0,86,,,1018.8,,,,,,,,,1013.4,0.0,,12.8,,,,15.2,,,,,,,,,,10.0,,,,10,10,17.6,26.8,,10,,,18.8,
2006-03-13 15:00:00,,,,,0.0,,,,,0.0,0.0,86,,,1018.7,,,,,,,,,1013.3,0.0,,12.4,,,,14.8,,,,,,,,,,,,,,20,20,16.8,26.5,,10,,,19.4,
2006-03-13 16:00:00,,,,,0.0,,,,,0.0,0.0,86,,,1019.2,,,,,,,,,1013.8,0.0,,11.5,,,,13.8,,,,,,,,,,,,,,20,360,18.1,26.1,,20,,,19.4,
2006-03-13 17:00:00,,10.0,,,0.0,,,,,0.0,0.0,87,,,1019.9,,,,,,,,,1014.4,0.0,,11.7,,,,13.9,,,,,,,,,,10.0,,,,10,360,18.1,26.7,,10,,,19.4,
2006-03-13 18:00:00,,,,,0.0,,,,,0.0,0.0,87,,,1020.0,,,,,,,,,1014.5,0.0,,11.7,,,,13.8,,,,,,,,,,,,,,20,20,16.6,24.5,,10,,,18.3,
2006-03-13 19:00:00,,,,,0.0,,,,,0.0,0.0,83,,,1020.5,,,,,,,,,1015.1,0.0,,12.2,,,,15.0,,,,,,,,,,,,,,20,30,14.9,23.6,,20,,,17.3,
2006-03-13 20:00:00,,,,,0.0,,,,,0.0,0.0,82,,,1021.4,,,,,,,,,1016.0,,,12.9,,,,15.9,,,,,,,,,,,,,,20,30,13.4,19.4,,20,,,15.0,
2006-03-13 21:00:00,,,,,0.0,,,,,0.0,0.0,82,,,1021.8,,,,,,,,,1016.4,,,12.5,,,,15.6,,,,,,,,,,,,,,20,10,15.1,21.5,,10,,,15.7,
2006-03-13 22:00:00,,,,,0.0,,,,,0.0,0.0,81,,,1022.4,,,,,,,,,1017.0,,,12.5,,,,15.7,,,,,,,,,,,,,,20,360,14.4,20.7,,20,,,15.2,
2006-03-13 23:00:00,,,,,0.0,,,,,0.0,0.0,85,,,1022.0,,,,,,,,,1016.6,,,12.2,,,,14.7,,,,,,,,,,,,,,20,20,13.8,19.3,,20,,,14.0,
2006-03-14 00:00:00,,,,,0.0,,,,,0.0,0.0,84,,,1021.6,,,,,,,,,1016.2,,,12.1,,,,14.7,,,,,,,,,,,,,,10,10,13.8,20.1,,10,,,14.6,
2006-03-14 01:00:00,,,,,0.0,,,,,0.0,0.0,84,,,1021.2,,,,,,,,,1015.8,,,11.9,,,,14.6,,,,,,,,,,,,,,10,360,14.9,21.4,,10,,,15.4,
2006-03-14 02:00:00,,,,,0.0,,,,,0.0,0.0,86,,,1020.5,,,,,,,,,1015.1,,,12.4,,,,14.8,,,,,,,,,,,,,,10,10,15.0,21.1,,10,,,15.7,
2006-03-14 03:00:00,,,,,0.0,,,,,0.0,0.0,86,,,1021.1,,,,,,,,,1015.7,,,12.4,,,,14.8,,,,,,,,,,,,,,20,10,13.1,19.7,,10,,,14.9,
2006-03-14 04:00:00,,,,,0.0,,,,,1.0,0.4,90,,,1020.2,,,,,,,,,1014.8,,,12.7,,,,14.4,,,,,,,,,,,,,,20,10,14.7,22.3,,10,,,15.5,
2006-03-14 05:00:00,,,,,0.0,,,,,0.5,0.3,87,,,1020.9,,,,,,,,,1015.5,,,13.0,,,,15.2,,,,,,,,,,,,,,20,20,14.4,21.7,,10,,,15.8,
2006-03-14 06:00:00,,,,,0.0,,,,,0.0,0.0,86,,,1021.3,,,,,,,,,1015.9,0.0,,13.1,,,,15.4,,,,,,,,,,,,,,20,360,14.2,20.8,,20,,,14.8,
2006-03-14 07:00:00,,,,,0.0,,,,,0.0,0.0,85,,,1021.7,,,,,,,,,1016.3,0.0,,13.2,,,,15.7,,,,,,,,,,,,,,20,360,13.7,20.2,,20,,,14.6,
2006-03-14 08:00:00,,10.0,,,0.02,,,,,0.0,0.0,83,,,1022.4,,,,,,,,,1017.0,0.0,,13.3,,,,16.1,,,,,,,,,,15.0,,,,20,20,14.1,18.9,,20,,,14.4,
2006-03-14 09:00:00,,10.0,,,0.52,,,,,0.0,0.0,79,,,1022.9,,,,,,,,,1017.5,0.0,,13.0,,,,16.6,,,,,,,,,,15.0,,,,20,30,13.8,18.4,,20,,,14.2,
2006-03-14 10:00:00,,,,,0.72,,,,,0.0,0.0,78,,,1022.5,,,,,,,,,1017.1,0.0,,13.2,,,,17.0,,,,,,,,,,,,,,20,20,12.9,18.7,,20,,,13.9,
2006-03-14 11:00:00,,10.0,,,1.03,,,,,0.0,0.0,77,,,1022.2,,,,,,,,,1016.8,0.0,,13.0,,,,17.0,,,,,,,,,,12.0,,,,20,10,13.0,19.2,,20,,,13.4,
2006-03-14 12:00:00,,,,,1.13,,,,,0.0,0.0,76,,,1021.5,,,,,,,,,1016.1,0.0,,13.1,,,,17.4,,,,,,,,,,,,,,10,20,12.8,18.3,,20,,,13.4,
2006-03-14 13:00:00,,,,,1.37,,,,,0.0,0.0,73,,,1020.2,,,,,,,,,1014.8,0.1,,13.1,,,,17.9,,,,,,,,,,,,,,20,20,13.7,18.5,,20,,,13.8,
2006-03-14 14:00:00,,10.0,,,1.48,,,,,0.0,0.0,75,,,1019.6,,,,,,,,,1014.2,0.1,,12.9,,,,17.3,,,,,,,,,,10.0,,,,10,10,13.2,20.5,,10,,,14.4,
2006-03-14 15:00:00,,,,,1.72,,,,,0.0,0.0,73,,,1018.9,,,,,,,,,1013.5,0.3,,13.2,,,,18.1,,,,,,,,,,,,,,20,20,12.5,18.2,,20,,,13.3,
2006-03-14 16:00:00,,,,,0.81,,,,,0.0,0.0,75,,,1018.8,,,,,,,,,1013.4,0.1,,13.3,,,,17.7,,,,,,,,,,,,,,10,30,11.7,17.2,,20,,,12.9,
2006-03-14 17:00:00,,7.0,,,0.58,,,,,0.0,0.0,75,,,1018.8,,,,,,,,,1013.4,0.1,,12.9,,,,17.4,,,,,,,,,,12.0,,,,20,10,12.9,18.8,,10,,,13.6,
2006-03-14 18:00:00,,,,,0.09,,,,,0.0,0.0,77,,,1018.8,,,,,,,,,1013.4,0.0,,13.2,,,,17.3,,,,,,,,,,,,,,20,30,13.2,18.1,,20,,,13.2,
2006-03-14 19:00:00,,,,,0.0,,,,,0.0,0.0,75,,,1019.8,,,,,,,,,1014.4,0.0,,13.3,,,,17.8,,,,,,,,,,,,,,20,360,11.2,17.7,,20,,,13.4,
2006-03-14 20:00:00,,,,,0.0,,,,,0.0,0.0,77,,,1020.2,,,,,,,,,1014.8,,,13.9,,,,17.9,,,,,,,,,,,,,,20,20,9.8,16.1,,20,,,11.7,
2006-03-14 21:00:00,,,,,0.0,,,,,0.0,0.0,76,,,1021.1,,,,,,,,,1015.7,,,13.9,,,,18.2,,,,,,,,,,,,,,20,20,9.3,13.1,,20,,,10.0,
2006-03-14 22:00:00,,,,,0.0,,,,,0.0,0.0,77,,,1021.5,,,,,,,,,1016.1,,,14.1,,,,18.2,,,,,,,,,,,,,,10,10,7.8,13.1,,20,,,9.5,
2006-03-14 23:00:00,,,,,0.0,,,,,0.0,0.0,77,,,1021.6,,,,,,,,,1016.2,,,14.2,,,,18.3,,,,,,,,,,,,,,10,10,7.8,11.6,,10,,,8.0,
2006-03-15 00:00:00,,,,,0.0,,,,,0.0,0.0,78,,,1021.1,,,,,,,,,1015.7,,,14.5,,,,18.5,,,,,,,,,,,,,,10,20,7.5,11.8,,10,,,8.9,
2006-03-15 01:00:00,,,,,0.0,,,,,0.0,0.0,77,,,1020.5,,,,,,,,,1015.1,,,14.2,,,,18.4,,,,,,,,,,,,,,10,10,6.7,10.4,,10,,,7.5,
2006-03-15 02:00:00,,,,,0.0,,,,,0.0,0.0,76,,,1020.2,,,,,,,,,1014.8,,,14.2,,,,18.5,,,,,,,,,,,,,,10,360,4.8,8.7,,10,,,6.8,
2006-03-15 03:00:00,,,,,0.0,,,,,0.0,0.0,78,,,1019.4,,,,,,,,,1014.0,,,14.4,,,,18.2,,,,,,,,,,,,,,360,350,10.0,13.4,,360,,,10.0,
2006-03-15 04:00:00,,,,,0.0,,,,,0.0,0.0,81,,,1018.8,,,,,,,,,1013.4,,,14.8,,,,18.1,,,,,,,,,,,,,,360,360,9.4,13.8,,360,,,10.1,
2006-03-15 05:00:00,,,,,0.0,,,,,0.0,0.0,80,,,1018.6,,,,,,,,,1013.2,,,14.4,,,,17.8,,,,,,,,,,,,,,10,10,8.4,13.4,,360,,,9.9,
2006-03-15 06:00:00,,,,,0.0,,,,,0.0,0.0,81,,,1018.8,,,,,,,,,1013.4,0.0,,14.7,,,,18.0,,,,,,,,,,,,,,10,10,8.3,12.6,,10,,,9.7,
2006-03-15 07:00:00,,,,,0.0,,,,,0.0,0.0,81,,,1019.1,,,,,,,,,1013.7,0.0,,14.8,,,,18.2,,,,,,,,,,,,,,10,10,8.1,12.2,,10,,,8.5,
2006-03-15 08:00:00,,10.0,,,0.15,,,,,0.0,0.0,80,,,1019.7,,,,,,,,,1014.3,0.0,,15.2,,,,18.7,,,,,,,,,,10.0,,,,10,10,8.4,11.2,,10,,,8.4,
2006-03-15 09:00:00,,2.0,,,0.77,,,,,0.0,0.0,79,,,1019.7,,,,,,,,,1014.4,0.2,,16.2,,,,20.0,,,,,,,,,,10.0,,,,20,10,7.1,12.0,,10,,,8.5,
2006-03-15 10:00:00,,,,,2.07,,,,,0.0,0.0,76,,,1019.4,,,,,,,,,1014.1,1.0,,16.7,,,,21.1,,,,,,,,,,,,,,10,360,6.6,9.9,,10,,,7.4,
2006-03-15 11:00:00,,6.0,,,2.61,,,,,0.0,0.0,75,,,1018.9,,,,,,,,,1013.6,0.9,,16.8,,,,21.5,,,,,,,,,,10.0,,,,20,20,6.8,9.5,,10,,,6.9,
2006-03-15 12:00:00,,,,,2.76,,,,,0.0,0.0,75,,,1018.2,,,,,,,,,1012.9,0.8,,16.3,,,,21.0,,,,,,,,,,,,,,10,10,7.1,9.5,,10,,,7.1,
2006-03-15 13:00:00,,,,,1.68,,,,,0.0,0.0,77,,,1017.4,,,,,,,,,1012.1,0.1,,15.9,,,,20.1,,,,,,,,,,,,,,10,360,7.3,9.9,,10,,,7.4,
2006-03-15 14:00:00,,4.0,,,2.11,,,,,0.0,0.0,75,,,1016.2,,,,,,,,,1010.9,0.5,,15.9,,,,20.4,,,,,,,,,,10.0,,,,10,10,7.3,10.1,,10,,,7.7,
2006-03-15 15:00:00,,,,,2.12,,,,,0.0,0.0,74,,,1015.1,,,,,,,,,1009.8,0.9,,15.7,,,,20.5,,,,,,,,,,,,,,10,360,6.5,9.7,,10,,,7.3,
2006-03-15 16:00:00,,,,,1.58,,,,,0.0,0.0,75,,,1014.7,,,,,,,,,1009.4,1.0,,15.6,,,,20.1,,,,,,,,,,,,,,20,10,6.1,9.3,,10,,,7.0,
2006-03-15 17:00:00,,3.0,,,0.86,,,,,0.0,0.0,78,,,1014.7,,,,,,,,,1009.4,0.9,,15.4,,,,19.4,,,,,,,,,,10.0,,,,10,30,6.2,9.2,,10,,,7.0,
2006-03-15 18:00:00,,,,,0.19,,,,,0.0,0.0,81,,,1014.7,,,,,,,,,1009.4,0.2,,15.4,,,,18.8,,,,,,,,,,,,,,20,20,6.7,9.2,,20,,,7.0,
2006-03-15 19:00:00,,,,,0.0,,,,,0.0,0.0,82,,,1014.7,,,,,,,,,1009.4,0.0,,15.5,,,,18.7,,,,,,,,,,,,,,30,30,5.5,8.6,,20,,,6.8,
2006-03-15 20:00:00,,,,,0.0,,,,,0.0,0.0,83,,,1015.6,,,,,,,,,1010.3,,,16.3,,,,19.2,,,,,,,,,,,,,,40,30,4.2,7.3,,30,,,5.5,
2006-03-15 21:00:00,,,,,0.0,,,,,0.0,0.0,82,,,1016.0,,,,,,,,,1010.7,,,16.8,,,,20.0,,,,,,,,,,,,,,30,40,4.7,6.6,,30,,,4.7,
2006-03-15 22:00:00,,,,,0.0,,,,,0.0,0.0,81,,,1016.2,,,,,,,,,1010.9,,,16.8,,,,20.1,,,,,,,,,,,,,,50,40,3.5,6.4,,30,,,4.8,
2006-03-15 23:00:00,,,,,0.0,,,,,0.0,0.0,83,,,1016.3,,,,,,,,,1011.0,,,17.2,,,,20.2,,,,,,,,,,,,,,50,60,2.9,4.6,,60,,,3.7,
2006-03-16 00:00:00,,,,,0.0,,,,,0.0,0.0,82,,,1015.9,,,,,,,,,1010.6,,,17.1,,,,20.2,,,,,,,,,,,,,,70,40,2.8,3.9,,60,,,3.1,
2006-03-16 01:00:00,,,,,0.0,,,,,0.0,0.0,80,,,1015.8,,,,,,,,,1010.5,,,16.8,,,,20.3,,,,,,,,,,,,,,30,90,0.9,4.3,,60,,,3.3,
2006-03-16 02:00:00,,,,,0.0,,,,,0.0,0.0,79,,,1015.0,,,,,,,,,1009.7,,,16.7,,,,20.4,,,,,,,,,,,,,,0,20,0.0,2.6,,20,,,1.5,
2006-03-16 03:00:00,,,,,0.0,,,,,0.0,0.0,80,,,1013.9,,,,,,,,,1008.6,,,16.8,,,,20.3,,,,,,,,,,,,,,100,120,1.4,3.2,,100,,,1.4,
2006-03-16 04:00:00,,,,,0.0,,,,,0.0,0.0,80,,,1013.4,,,,,,,,,1008.1,,,17.6,,,,21.1,,,,,,,,,,,,,,140,140,3.0,6.1,,140,,,4.6,
2006-03-16 05:00:00,,,,,0.0,,,,,0.0,0.0,80,,,1013.6,,,,,,,,,1008.3,,,18.1,,,,21.7,,,,,,,,,,,,,,150,140,3.7,5.5,,150,,,4.2,
2006-03-16 06:00:00,,,,,0.0,,,,,0.0,0.0,81,,,1014.0,,,,,,,,,1008.7,0.0,,18.3,,,,21.7,,,,,,,,,,,,,,140,140,0.8,4.1,,150,,,3.5,
2006-03-16 07:00:00,,,,,0.01,,,,,0.0,0.0,82,,,1014.1,,,,,,,,,1008.8,0.0,,18.5,,,,21.7,,,,,,,,,,,,,,0,140,0.0,2.0,,140,,,0.6,
2006-03-16 08:00:00,,1.0,,,0.68,,,,,0.0,0.0,84,,,1014.6,,,,,,,,,1009.3,0.7,,19.8,,,,22.7,,,,,,,,,,5.0,,,,360,360,2.7,3.9,,360,,,2.8,
2006-03-16 09:00:00,,1.0,,,1.5,,,,,0.0,0.0,82,,,1014.6,,,,,,,,,1009.3,1.0,,20.0,,,,23.3,,,,,,,,,,5.0,,,,10,350,3.3,5.0,,360,,,3.6,
2006-03-16 10:00:00,,,,,2.26,,,,,0.0,0.0,78,,,1014.3,,,,,,,,,1009.1,1.0,,20.3,,,,24.3,,,,,,,,,,,,,,340,20,2.8,4.4,,10,,,3.3,
2006-03-16 11:00:00,,1.0,,,2.85,,,,,0.0,0.0,77,,,1014.3,,,,,,,,,1009.1,1.0,,20.0,,,,24.2,,,,,,,,,,5.0,,,,360,360,5.0,6.6,,360,,,5.0,
2006-03-16 12:00:00,,,,,3.0,,,,,0.0,0.0,75,,,1013.3,,,,,,,,,1008.1,1.0,,20.2,,,,24.9,,,,,,,,,,,,,,350,360,4.1,6.7,,360,,,5.3,
2006-03-16 13:00:00,,,,,2.99,,,,,0.0,0.0,76,,,1012.3,,,,,,,,,1007.1,1.0,,20.1,,,,24.7,,,,,,,,,,,,,,360,360,6.3,8.9,,360,,,6.3,
2006-03-16 14:00:00,,1.0,,,2.96,,,,,0.0,0.0,80,,,1011.4,,,,,,,,,1006.2,1.0,,19.7,,,,23.3,,,,,,,,,,8.0,,,,10,10,8.2,10.7,,10,,,8.2,
2006-03-16 15:00:00,,,,,2.35,,,,,0.0,0.0,79,,,1010.7,,,,,,,,,1005.5,1.0,,19.2,,,,23.1,,,,,,,,,,,,,,10,10,8.4,10.8,,10,,,8.5,
2006-03-16 16:00:00,,,,,1.6,,,,,0.0,0.0,79,,,1010.6,,,,,,,,,1005.4,0.9,,18.7,,,,22.6,,,,,,,,,,,,,,10,10,8.3,11.4,,10,,,9.1,
2006-03-16 17:00:00,,4.0,,,0.83,,,,,0.0,0.0,80,,,1010.7,,,,,,,,,1005.4,0.4,,18.1,,,,21.7,,,,,,,,,,8.0,,,,10,10,8.1,11.0,,10,,,8.4,
2006-03-16 18:00:00,,,,,0.2,,,,,0.0,0.0,80,,,1011.1,,,,,,,,,1005.8,0.0,,17.5,,,,21.0,,,,,,,,,,,,,,20,10,7.7,11.1,,10,,,8.2,
2006-03-16 19:00:00,,,,,0.0,,,,,0.0,0.0,82,,,1011.3,,,,,,,,,1006.0,0.0,,17.8,,,,21.0,,,,,,,,,,,,,,10,20,8.2,10.5,,10,,,8.2,
2006-03-16 20:00:00,,,,,0.0,,,,,0.0,0.0,82,,,1012.2,,,,,,,,,1006.9,,,18.3,,,,21.5,,,,,,,,,,,,,,20,30,7.2,11.3,,20,,,8.4,
2006-03-16 21:00:00,,,,,0.0,,,,,0.0,0.0,81,,,1013.0,,,,,,,,,1007.7,,,18.0,,,,21.4,,,,,,,,,,,,,,10,10,6.3,10.0,,10,,,7.4,
2006-03-16 22:00:00,,,,,0.0,,,,,0.0,0.0,80,,,1012.9,,,,,,,,,1007.6,,,17.7,,,,21.2,,,,,,,,,,,,,,10,10,5.9,8.7,,10,,,6.5,
2006-03-16 23:00:00,,,,,0.0,,,,,0.0,0.0,80,,,1013.4,,,,,,,,,1008.1,,,17.8,,,,21.4,,,,,,,,,,,,,,360,360,5.4,8.8,,360,,,6.5,
2006-03-17 00:00:00,,,,,0.0,,,,,0.0,0.0,79,,,1013.4,,,,,,,,,1008.1,,,18.2,,,,22.0,,,,,,,,,,,,,,10,360,5.5,7.5,,10,,,5.9,
2006-03-17 01:00:00,,,,,0.0,,,,,0.0,0.0,81,,,1013.2,,,,,,,,,1007.9,,,18.6,,,,22.0,,,,,,,,,,,,,,10,360,6.3,8.3,,10,,,6.6,
2006-03-17 02:00:00,,,,,0.0,,,,,0.0,0.0,83,,,1012.9,,,,,,,,,1007.6,,,18.7,,,,21.7,,,,,,,,,,,,,,10,10,7.2,9.6,,10,,,7.3,
2006-03-17 03:00:00,,,,,0.0,,,,,0.0,0.0,83,,,1012.8,,,,,,,,,1007.5,,,18.2,,,,21.2,,,,,,,,,,,,,,360,360,7.2,10.0,,10,,,8.0,
2006-03-17 04:00:00,,,,,0.0,,,,,0.0,0.0,81,,,1012.7,,,,,,,,,1007.4,,,17.8,,,,21.2,,,,,,,,,,,,,,10,10,7.5,10.5,,10,,,8.0,
2006-03-17 05:00:00,,,,,0.0,,,,,0.0,0.0,81,,,1012.9,,,,,,,,,1007.6,,,17.7,,,,21.1,,,,,,,,,,,,,,10,360,8.4,11.3,,10,,,8.5,
2006-03-17 06:00:00,,,,,0.0,,,,,0.0,0.0,80,,,1013.5,,,,,,,,,1008.2,0.0,,17.8,,,,21.3,,,,,,,,,,,,,,10,360,7.9,11.4,,10,,,9.0,
2006-03-17 07:00:00,,,,,0.0,,,,,0.0,0.0,79,,,1013.9,,,,,,,,,1008.6,0.0,,17.9,,,,21.7,,,,,,,,,,,,,,10,10,6.8,10.1,,10,,,8.2,
2006-03-17 08:00:00,,7.0,,,0.52,,,,,0.0,0.0,81,,,1014.1,,,,,,,,,1008.8,0.1,,18.7,,,,22.1,,,,,,,,,,10.0,,,,10,360,7.8,9.9,,10,,,8.0,
2006-03-17 09:00:00,,6.0,,,1.79,,,,,0.0,0.0,80,,,1014.3,,,,,,,,,1009.0,0.8,,19.2,,,,22.8,,,,,,,,,,10.0,,,,10,10,7.4,10.8,,10,,,8.0,
2006-03-17 10:00:00,,,,,2.45,,,,,0.0,0.0,79,,,1014.6,,,,,,,,,1009.3,1.0,,19.3,,,,23.2,,,,,,,,,,,,,,360,360,6.9,9.0,,10,,,7.4,
2006-03-17 11:00:00,,8.0,,,2.93,,,,,0.0,0.0,76,,,1014.3,,,,,,,,,1009.1,0.9,,19.1,,,,23.5,,,,,,,,,,10.0,,,,10,10,7.2,9.4,,10,,,7.2,
2006-03-17 12:00:00,,,,,2.81,,,,,0.0,0.0,73,,,1013.6,,,,,,,,,1008.4,0.5,,18.9,,,,24.0,,,,,,,,,,,,,,10,10,7.2,9.5,,10,,,7.4,
2006-03-17 13:00:00,,,,,3.28,,,,,0.0,0.0,71,,,1012.4,,,,,,,,,1007.2,0.9,,19.0,,,,24.5,,,,,,,,,,,,,,20,10,6.6,9.7,,10,,,7.7,
2006-03-17 14:00:00,,1.0,,,3.0,,,,,0.0,0.0,74,,,1011.6,,,,,,,,,1006.4,1.0,,19.3,,,,24.3,,,,,,,,,,10.0,,,,10,30,5.8,8.9,,20,,,7.0,
2006-03-17 15:00:00,,,,,2.55,,,,,0.0,0.0,74,,,1010.8,,,,,,,,,1005.6,1.0,,19.0,,,,23.9,,,,,,,,,,,,,,20,360,5.4,7.8,,10,,,6.3,
2006-03-17 16:00:00,,,,,1.82,,,,,0.0,0.0,75,,,1010.5,,,,,,,,,1005.3,1.0,,18.9,,,,23.6,,,,,,,,,,,,,,20,10,6.0,7.5,,20,,,6.0,
2006-03-17 17:00:00,,0.0,,,0.96,,,,,0.0,0.0,77,,,1010.6,,,,,,,,,1005.4,1.0,,18.4,,,,22.6,,,,,,,,,,10.0,,,,10,10,5.1,7.5,,10,,,6.2,
2006-03-17 18:00:00,,,,,0.26,,,,,0.0,0.0,79,,,1010.6,,,,,,,,,1005.3,0.7,,18.1,,,,21.9,,,,,,,,,,,,,,30,10,2.9,6.1,,10,,,4.9,
2006-03-17 19:00:00,,,,,0.0,,,,,0.0,0.0,81,,,1010.9,,,,,,,,,1005.6,0.0,,18.5,,,,22.0,,,,,,,,,,,,,,360,10,2.9,3.6,,360,,,2.9,
2006-03-17 20:00:00,,,,,0.0,,,,,0.0,0.0,82,,,1011.5,,,,,,,,,1006.2,,,19.0,,,,22.2,,,,,,,,,,,,,,360,360,2.9,3.6,,10,,,3.0,
2006-03-17 21:00:00,,,,,0.0,,,,,0.0,0.0,82,,,1012.1,,,,,,,,,1006.8,,,18.9,,,,22.1,,,,,,,,,,,,,,10,360,0.8,3.5,,360,,,2.8,
2006-03-17 22:00:00,,,,,0.0,,,,,0.0,0.0,82,,,1012.2,,,,,,,,,1006.9,,,19.0,,,,22.2,,,,,,,,,,,,,,0,10,0.0,2.0,,10,,,0.9,
2006-03-17 23:00:00,,,,,0.0,,,,,0.0,0.0,83,,,1012.5,,,,,,,,,1007.2,,,19.2,,,,22.3,,,,,,,,,,,,,,350,330,0.6,2.1,,350,,,0.6,
2006-03-18 00:00:00,,,,,0.0,,,,,0.0,0.0,84,,,1012.2,,,,,,,,,1006.9,,,19.3,,,,22.2,,,,,,,,,,,,,,360,330,1.8,2.8,,350,,,2.1,
2006-03-18 01:00:00,,,,,0.0,,,,,0.0,0.0,86,,,1012.1,,,,,,,,,1006.8,,,19.1,,,,21.5,,,,,,,,,,,,,,30,10,2.5,3.7,,10,,,2.8,
2006-03-18 02:00:00,,,,,0.0,,,,,0.0,0.0,87,,,1011.7,,,,,,,,,1006.4,,,19.7,,,,21.9,,,,,,,,,,,,,,60,60,3.3,3.9,,50,,,3.5,
2006-03-18 03:00:00,,,,,0.0,,,,,0.0,0.0,87,,,1011.6,,,,,,,,,1006.4,,,20.2,,,,22.5,,,,,,,,,,,,,,10,20,3.6,4.8,,10,,,3.6,
2006-03-18 04:00:00,,,,,0.0,,,,,0.0,0.0,87,,,1011.7,,,,,,,,,1006.4,,,20.0,,,,22.3,,,,,,,,,,,,,,10,360,4.2,5.7,,10,,,4.7,
2006-03-18 05:00:00,,,,,0.0,,,,,0.0,0.0,85,,,1012.1,,,,,,,,,1006.8,,,19.8,,,,22.5,,,,,,,,,,,,,,360,360,4.1,5.7,,10,,,4.4,
2006-03-18 06:00:00,,,,,0.0,,,,,0.0,0.0,84,,,1012.6,,,,,,,,,1007.3,0.0,,19.5,,,,22.3,,,,,,,,,,,,,,30,360,2.9,5.8,,360,,,4.6,
2006-03-18 07:00:00,,,,,0.0,,,,,0.0,0.0,85,,,1013.6,,,,,,,,,1008.3,0.0,,20.3,,,,23.0,,,,,,,,,,,,,,20,20,1.5,3.5,,40,,,3.0,
2006-03-18 08:00:00,,9.0,,,0.74,,,,,0.0,0.0,81,,,1014.0,,,,,,,,,1008.8,0.6,,20.9,,,,24.3,,,,,,,,,,10.0,,,,50,350,0.4,3.5,,10,,,2.9,
2006-03-18 09:00:00,,9.0,,,0.84,,,,,0.0,0.0,79,,,1014.2,,,,,,,,,1009.0,0.0,,20.8,,,,24.6,,,,,,,,,,12.0,,,,50,360,2.3,4.3,,10,,,3.4,
2006-03-18 10:00:00,,,,,1.95,,,,,0.0,0.0,77,,,1014.0,,,,,,,,,1008.8,0.5,,21.8,,,,26.2,,,,,,,,,,,,,,140,130,3.2,4.7,,140,,,3.3,
2006-03-18 11:00:00,,0.0,,,2.88,,,,,0.0,0.0,75,,,1013.6,,,,,,,,,1008.4,1.0,,21.9,,,,26.8,,,,,,,,,,10.0,,,,100,70,3.5,5.8,,90,,,3.7,
2006-03-18 12:00:00,,,,,3.03,,,,,0.0,0.0,70,,,1012.8,,,,,,,,,1007.6,1.0,,22.2,,,,28.2,,,,,,,,,,,,,,80,120,1.9,6.0,,100,,,3.5,
2006-03-18 13:00:00,,,,,3.0,,,,,0.0,0.0,72,,,1012.1,,,,,,,,,1006.9,1.0,,21.9,,,,27.4,,,,,,,,,,,,,,200,140,2.3,5.3,,140,,,3.7,
2006-03-18 14:00:00,,0.0,,,2.98,,,,,0.0,0.0,77,,,1011.3,,,,,,,,,1006.1,1.0,,22.0,,,,26.3,,,,,,,,,,10.0,,,,230,240,2.7,3.3,,230,,,2.7,
2006-03-18 15:00:00,,,,,2.36,,,,,0.0,0.0,77,,,1010.8,,,,,,,,,1005.6,1.0,,22.1,,,,26.5,,,,,,,,,,,,,,250,250,3.5,4.9,,240,,,4.0,
2006-03-18 16:00:00,,,,,1.61,,,,,0.0,0.0,80,,,1010.4,,,,,,,,,1005.2,1.0,,22.4,,,,26.1,,,,,,,,,,,,,,250,240,2.8,5.1,,240,,,4.1,
2006-03-18 17:00:00,,0.0,,,0.86,,,,,0.0,0.0,82,,,1010.6,,,,,,,,,1005.4,1.0,,22.1,,,,25.3,,,,,,,,,,10.0,,,,260,250,4.3,5.9,,260,,,4.4,
2006-03-18 18:00:00,,,,,0.24,,,,,0.0,0.0,83,,,1011.0,,,,,,,,,1005.8,0.3,,21.3,,,,24.4,,,,,,,,,,,,,,260,250,4.8,6.1,,260,,,4.8,
2006-03-18 19:00:00,,,,,0.0,,,,,0.0,0.0,87,,,1011.5,,,,,,,,,1006.3,0.0,,21.5,,,,23.8,,,,,,,,,,,,,,290,280,4.1,6.0,,260,,,4.8,
2006-03-18 20:00:00,,,,,0.0,,,,,0.0,0.0,88,,,1012.2,,,,,,,,,1007.0,,,21.6,,,,23.7,,,,,,,,,,,,,,280,280,4.2,6.0,,280,,,4.8,
2006-03-18 21:00:00,,,,,0.0,,,,,0.0,0.0,89,,,1012.7,,,,,,,,,1007.5,,,21.6,,,,23.6,,,,,,,,,,,,,,250,280,3.2,5.7,,270,,,4.6,
2006-03-18 22:00:00,,,,,0.0,,,,,0.0,0.0,88,,,1013.1,,,,,,,,,1007.9,,,21.5,,,,23.6,,,,,,,,,,,,,,280,250,3.1,4.8,,270,,,3.5,
2006-03-18 23:00:00,,,,,0.0,,,,,0.0,0.0,89,,,1012.9,,,,,,,,,1007.7,,,21.5,,,,23.5,,,,,,,,,,,,,,280,280,2.5,3.8,,280,,,3.2,
2006-03-19 00:00:00,,,,,0.0,,,,,0.0,0.0,89,,,1013.3,,,,,,,,,1008.1,,,21.3,,,,23.2,,,,,,,,,,,,,,320,320,3.5,4.7,,310,,,3.5,
2006-03-19 01:00:00,,,,,0.0,,,,,0.0,0.0,89,,,1013.5,,,,,,,,,1008.3,,,21.4,,,,23.3,,,,,,,,,,,,,,20,20,4.4,6.2,,20,,,4.9,
2006-03-19 02:00:00,,,,,0.0,,,,,0.0,0.0,87,,,1013.1,,,,,,,,,1007.9,,,21.2,,,,23.4,,,,,,,,,,,,,,20,10,4.7,7.1,,10,,,5.0,
2006-03-19 03:00:00,,,,,0.0,,,,,0.0,0.0,87,,,1012.8,,,,,,,,,1007.6,,,21.0,,,,23.2,,,,,,,,,,,,,,20,10,4.3,7.0,,10,,,5.5,
2006-03-19 04:00:00,,,,,0.0,,,,,0.0,0.0,87,,,1012.7,,,,,,,,,1007.5,,,21.2,,,,23.4,,,,,,,,,,,,,,20,10,5.4,7.1,,20,,,5.4,
2006-03-19 05:00:00,,,,,0.0,,,,,0.0,0.0,87,,,1012.8,,,,,,,,,1007.6,,,20.9,,,,23.1,,,,,,,,,,,,,,20,20,8.3,11.4,,20,,,8.3,
2006-03-19 06:00:00,,,,,0.0,,,,,0.0,0.0,83,,,1013.6,,,,,,,,,1008.3,0.0,,19.2,,,,22.2,,,,,,,,,,,,,,20,20,11.3,14.6,,20,,,11.5,
2006-03-19 07:00:00,,,,,0.0,,,,,0.0,0.0,80,,,1014.4,,,,,,,,,1009.1,0.0,,18.4,,,,22.1,,,,,,,,,,,,,,20,20,11.2,16.3,,20,,,12.3,
2006-03-19 08:00:00,,0.0,,,0.48,,,,,0.0,0.0,73,,,1015.1,,,,,,,,,1009.8,0.3,,17.5,,,,22.5,,,,,,,,,,6.0,,,,20,20,12.6,16.7,,20,,,13.1,
2006-03-19 09:00:00,,0.0,,,1.38,,,,,0.0,0.0,70,,,1015.4,,,,,,,,,1010.2,1.0,,17.9,,,,23.6,,,,,,,,,,6.0,,,,20,20,11.0,16.5,,20,,,12.9,
2006-03-19 10:00:00,,,,,2.06,,,,,0.0,0.0,65,,,1015.8,,,,,,,,,1010.5,1.0,,16.5,,,,23.5,,,,,,,,,,,,,,20,30,12.9,17.9,,20,,,13.1,
2006-03-19 11:00:00,,0.0,,,2.49,,,,,0.0,0.0,63,,,1015.5,,,,,,,,,1010.3,1.0,,16.4,,,,23.8,,,,,,,,,,6.0,,,,20,30,11.7,16.8,,20,,,12.9,
2006-03-19 12:00:00,,,,,3.0,,,,,0.0,0.0,65,,,1015.0,,,,,,,,,1009.8,1.0,,16.5,,,,23.5,,,,,,,,,,,,,,10,20,12.2,18.2,,20,,,13.6,
2006-03-19 13:00:00,,,,,2.79,,,,,0.0,0.0,66,,,1014.7,,,,,,,,,1009.4,0.8,,16.5,,,,23.2,,,,,,,,,,,,,,20,30,12.4,18.5,,20,,,13.0,
2006-03-19 14:00:00,,10.0,,,1.68,,,,,0.0,0.0,70,,,1014.1,,,,,,,,,1008.8,0.0,,16.5,,,,22.3,,,,,,,,,,4.0,,,,10,10,12.2,18.3,,10,,,13.1,
2006-03-19 15:00:00,,,,,1.31,,,,,0.0,0.0,69,,,1013.6,,,,,,,,,1008.3,0.0,,16.1,,,,22.0,,,,,,,,,,,,,,20,20,13.7,20.6,,10,,,15.3,
2006-03-19 16:00:00,,,,,1.2,,,,,0.0,0.0,69,,,1013.6,,,,,,,,,1008.3,0.4,,15.2,,,,21.1,,,,,,,,,,,,,,10,20,14.4,20.8,,20,,,14.9,
2006-03-19 17:00:00,,9.0,,,0.6,,,,,0.0,0.0,72,,,1014.1,,,,,,,,,1008.8,0.0,,15.5,,,,20.8,,,,,,,,,,5.0,,,,10,10,14.6,20.4,,20,,,14.7,
2006-03-19 18:00:00,,,,,0.0,,,,,0.0,0.0,70,,,1014.8,,,,,,,,,1009.5,0.0,,15.1,,,,20.7,,,,,,,,,,,,,,20,10,14.1,20.6,,10,,,14.8,
2006-03-19 19:00:00,,,,,0.0,,,,,0.0,0.0,73,,,1015.3,,,,,,,,,1010.0,0.0,,15.3,,,,20.3,,,,,,,,,,,,,,20,20,13.7,20.1,,10,,,14.5,
2006-03-19 20:00:00,,,,,0.0,,,,,0.0,0.0,74,,,1015.7,,,,,,,,,1010.4,,,15.3,,,,20.1,,,,,,,,,,,,,,20,20,13.5,20.1,,20,,,14.3,
2006-03-19 21:00:00,,,,,0.0,,,,,0.0,0.0,74,,,1015.8,,,,,,,,,1010.5,,,15.1,,,,19.8,,,,,,,,,,,,,,20,30,14.1,19.4,,20,,,14.6,
2006-03-19 22:00:00,,,,,0.0,,,,,0.0,0.0,75,,,1016.1,,,,,,,,,1010.8,,,15.7,,,,20.2,,,,,,,,,,,,,,20,30,12.3,17.4,,20,,,13.9,
2006-03-19 23:00:00,,,,,0.0,,,,,0.0,0.0,75,,,1016.2,,,,,,,,,1010.9,,,15.6,,,,20.2,,,,,,,,,,,,,,10,10,11.7,17.3,,20,,,12.8,
2006-03-20 00:00:00,,,,,0.0,,,,,0.0,0.0,73,,,1016.5,,,,,,,,,1011.2,,,15.3,,,,20.2,,,,,,,,,,,,,,10,10,12.9,18.9,,10,,,13.8,
2006-03-20 01:00:00,,,,,0.0,,,,,0.0,0.0,74,,,1015.9,,,,,,,,,1010.6,,,15.4,,,,20.2,,,,,,,,,,,,,,20,360,11.2,19.2,,20,,,13.8,
2006-03-20 02:00:00,,,,,0.0,,,,,0.0,0.0,73,,,1015.2,,,,,,,,,1009.9,,,15.1,,,,20.1,,,,,,,,,,,,,,20,20,11.4,16.3,,20,,,12.7,
2006-03-20 03:00:00,,,,,0.0,,,,,0.0,0.0,74,,,1014.9,,,,,,,,,1009.6,,,15.8,,,,20.5,,,,,,,,,,,,,,20,20,9.9,15.6,,20,,,11.6,
2006-03-20 04:00:00,,,,,0.0,,,,,0.0,0.0,75,,,1014.5,,,,,,,,,1009.2,,,15.9,,,,20.5,,,,,,,,,,,,,,20,20,11.2,15.7,,20,,,11.3,
2006-03-20 05:00:00,,,,,0.0,,,,,0.0,0.0,74,,,1015.1,,,,,,,,,1009.8,,,15.7,,,,20.5,,,,,,,,,,,,,,20,20,11.4,15.9,,20,,,11.4,
2006-03-20 06:00:00,,,,,0.0,,,,,0.0,0.0,73,,,1015.3,,,,,,,,,1010.0,0.0,,15.6,,,,20.5,,,,,,,,,,,,,,20,20,11.0,15.0,,20,,,11.5,
2006-03-20 07:00:00,,,,,0.0,,,,,0.0,0.0,75,,,1016.0,,,,,,,,,1010.7,0.0,,16.2,,,,20.7,,,,,,,,,,,,,,20,20,10.4,15.2,,20,,,11.7,
2006-03-20 08:00:00,,10.0,,,0.04,,,,,0.0,0.0,77,,,1016.1,,,,,,,,,1010.8,0.0,,16.4,,,,20.5,,,,,,,,,,15.0,,,,10,10,11.1,14.4,,10,,,11.2,
2006-03-20 09:00:00,,9.0,,,0.71,,,,,0.0,0.0,76,,,1016.4,,,,,,,,,1011.1,0.0,,16.9,,,,21.2,,,,,,,,,,15.0,,,,20,360,10.2,15.1,,10,,,10.8,
2006-03-20 10:00:00,,,,,0.98,,,,,0.0,0.0,78,,,1016.8,,,,,,,,,1011.5,0.2,,17.1,,,,21.1,,,,,,,,,,,,,,10,20,8.0,12.9,,20,,,10.2,
2006-03-20 11:00:00,,10.0,,,0.87,,,,,0.0,0.0,78,,,1016.6,,,,,,,,,1011.3,0.0,,16.8,,,,20.8,,,,,,,,,,15.0,,,,10,10,8.8,12.4,,10,,,9.4,
2006-03-20 12:00:00,,,,,0.73,,,,,0.0,0.0,78,,,1016.2,,,,,,,,,1010.9,0.0,,16.8,,,,20.8,,,,,,,,,,,,,,360,10,8.4,11.7,,10,,,8.8,
2006-03-20 13:00:00,,,,,0.15,,,,,0.0,0.0,78,,,1015.9,,,,,,,,,1010.6,0.0,,16.3,,,,20.3,,,,,,,,,,,,,,360,360,7.9,12.0,,360,,,8.9,
2006-03-20 14:00:00,,10.0,,,0.0,,,,,0.0,0.0,81,,,1015.0,,,,,,,,,1009.7,0.0,,16.5,,,,19.9,,,,,,,,,,10.0,,,,360,360,7.1,10.2,,360,,,8.0,
2006-03-20 15:00:00,,,,,0.0,,,,,0.0,0.0,81,,,1014.6,,,,,,,,,1009.3,0.0,,17.1,,,,20.4,,,,,,,,,,,,,,20,10,6.1,10.0,,10,,,7.9,
2006-03-20 16:00:00,,,,,0.0,,,,,0.0,0.0,84,,,1014.1,,,,,,,,,1008.8,0.0,,17.5,,,,20.3,,,,,,,,,,,,,,20,20,7.5,10.8,,20,,,7.6,
2006-03-20 17:00:00,,10.0,,,0.0,,,,,0.0,0.0,86,,,1014.4,,,,,,,,,1009.1,0.0,,17.6,,,,20.0,,,,,,,,,,10.0,,,,20,20,7.6,11.3,,20,,,8.2,
2006-03-20 18:00:00,,,,,0.0,,,,,0.1,0.8,86,,,1013.6,,,,,,,,,1008.3,0.0,,17.6,,,,20.1,,,,,,,,,,,,,,40,30,7.3,11.5,,20,,,9.3,
2006-03-20 19:00:00,,,,,0.0,,,,,0.0,0.0,86,,,1013.8,,,,,,,,,1008.5,0.0,,17.9,,,,20.3,,,,,,,,,,,,,,40,50,6.6,9.7,,40,,,7.5,
2006-03-20 20:00:00,,,,,0.0,,,,,0.0,0.0,85,,,1014.1,,,,,,,,,1008.8,,,17.8,,,,20.4,,,,,,,,,,,,,,40,50,6.6,9.5,,50,,,7.3,
2006-03-20 21:00:00,,,,,0.0,,,,,0.0,0.0,83,,,1014.5,,,,,,,,,1009.2,,,17.7,,,,20.6,,,,,,,,,,,,,,40,40,4.6,8.2,,40,,,6.8,
2006-03-20 22:00:00,,,,,0.0,,,,,0.0,0.0,83,,,1014.5,,,,,,,,,1009.2,,,17.5,,,,20.5,,,,,,,,,,,,,,80,40,1.4,5.3,,40,,,4.5,
2006-03-20 23:00:00,,,,,0.0,,,,,0.0,0.0,81,,,1015.0,,,,,,,,,1009.7,,,17.9,,,,21.3,,,,,,,,,,,,,,350,360,3.2,4.5,,350,,,3.2,
2006-03-21 00:00:00,,,,,0.0,,,,,0.0,0.0,81,,,1014.5,,,,,,,,,1009.2,,,18.0,,,,21.4,,,,,,,,,,,,,,10,10,4.1,5.8,,10,,,4.2,
2006-03-21 01:00:00,,,,,0.0,,,,,0.0,0.0,81,,,1013.8,,,,,,,,,1008.5,,,18.0,,,,21.4,,,,,,,,,,,,,,20,30,4.2,5.5,,10,,,4.2,
2006-03-21 02:00:00,,,,,0.0,,,,,0.0,0.0,81,,,1012.9,,,,,,,,,1007.6,,,18.1,,,,21.5,,,,,,,,,,,,,,50,30,2.8,5.8,,20,,,4.3,
2006-03-21 03:00:00,,,,,0.0,,,,,0.0,0.0,83,,,1012.5,,,,,,,,,1007.2,,,18.4,,,,21.4,,,,,,,,,,,,,,70,20,3.6,5.8,,30,,,4.7,
2006-03-21 04:00:00,,,,,0.0,,,,,0.0,0.0,85,,,1012.1,,,,,,,,,1006.8,,,18.8,,,,21.4,,,,,,,,,,,,,,60,60,5.0,6.4,,60,,,5.0,
2006-03-21 05:00:00,,,,,0.0,,,,,0.0,0.0,87,,,1012.2,,,,,,,,,1006.9,,,18.8,,,,21.1,,,,,,,,,,,,,,60,60,5.0,7.3,,50,,,5.9,
2006-03-21 06:00:00,,,,,0.0,,,,,0.0,0.0,86,,,1012.6,,,,,,,,,1007.3,0.0,,18.5,,,,21.0,,,,,,,,,,,,,,70,70,4.1,6.5,,70,,,5.1,
2006-03-21 07:00:00,,,,,0.0,,,,,0.0,0.0,84,,,1013.4,,,,,,,,,1008.1,0.0,,18.8,,,,21.6,,,,,,,,,,,,,,50,50,3.5,5.5,,60,,,4.6,
2006-03-21 08:00:00,,10.0,,,0.36,,,,,0.0,0.0,84,,,1013.5,,,,,,,,,1008.2,0.0,,19.1,,,,22.0,,,,,,,,,,7.0,,,,60,60,3.5,5.0,,60,,,4.1,
2006-03-21 09:00:00,,10.0,,,0.6,,,,,0.0,0.0,81,,,1014.1,,,,,,,,,1008.8,0.0,,18.9,,,,22.4,,,,,,,,,,7.0,,,,30,40,3.4,4.7,,60,,,3.8,
2006-03-21 10:00:00,,,,,0.53,,,,,0.0,0.0,80,,,1014.0,,,,,,,,,1008.7,0.0,,19.0,,,,22.6,,,,,,,,,,,,,,30,20,4.5,5.8,,20,,,4.8,
2006-03-21 11:00:00,,10.0,,,1.06,,,,,0.0,0.0,76,,,1013.4,,,,,,,,,1008.2,0.0,,19.0,,,,23.5,,,,,,,,,,6.0,,,,80,50,3.2,6.1,,50,,,5.0,
2006-03-21 12:00:00,,,,,1.51,,,,,0.0,0.0,74,,,1012.3,,,,,,,,,1007.1,0.1,,19.9,,,,24.8,,,,,,,,,,,,,,50,40,4.3,6.0,,50,,,4.3,
2006-03-21 13:00:00,,,,,1.99,,,,,0.0,0.0,75,,,1011.2,,,,,,,,,1006.0,0.3,,20.1,,,,24.9,,,,,,,,,,,,,,40,50,5.3,7.2,,30,,,5.5,
2006-03-21 14:00:00,,10.0,,,1.34,,,,,0.0,0.0,79,,,1010.5,,,,,,,,,1005.3,0.2,,19.8,,,,23.6,,,,,,,,,,10.0,,,,20,30,6.4,8.0,,20,,,6.4,
2006-03-21 15:00:00,,,,,1.8,,,,,0.0,0.0,78,,,1009.7,,,,,,,,,1004.5,0.1,,19.2,,,,23.2,,,,,,,,,,,,,,40,50,6.1,8.4,,20,,,6.8,
2006-03-21 16:00:00,,,,,1.39,,,,,0.0,0.0,80,,,1009.9,,,,,,,,,1004.7,0.6,,18.9,,,,22.6,,,,,,,,,,,,,,30,30,5.8,7.7,,40,,,6.1,
2006-03-21 17:00:00,,4.0,,,0.66,,,,,0.0,0.0,81,,,1009.6,,,,,,,,,1004.4,0.0,,18.6,,,,22.1,,,,,,,,,,10.0,,,,30,20,6.2,8.3,,20,,,6.9,
2006-03-21 18:00:00,,,,,0.18,,,,,0.0,0.0,83,,,1009.8,,,,,,,,,1004.5,0.0,,18.7,,,,21.7,,,,,,,,,,,,,,40,50,6.0,7.8,,30,,,6.3,
2006-03-21 19:00:00,,,,,0.0,,,,,0.0,0.0,84,,,1010.5,,,,,,,,,1005.2,0.0,,19.1,,,,22.0,,,,,,,,,,,,,,20,30,5.6,7.4,,40,,,6.1,
2006-03-21 20:00:00,,,,,0.0,,,,,0.0,0.0,84,,,1010.9,,,,,,,,,1005.6,,,19.1,,,,22.0,,,,,,,,,,,,,,10,360,6.3,8.6,,10,,,6.3,
2006-03-21 21:00:00,,,,,0.0,,,,,0.0,0.0,86,,,1011.0,,,,,,,,,1005.7,,,18.9,,,,21.4,,,,,,,,,,,,,,10,10,8.4,12.3,,10,,,8.9,
2006-03-21 22:00:00,,,,,0.0,,,,,0.0,0.0,86,,,1010.8,,,,,,,,,1005.5,,,18.4,,,,20.9,,,,,,,,,,,,,,30,20,8.4,12.7,,20,,,9.4,
2006-03-21 23:00:00,,,,,0.0,,,,,0.0,0.0,85,,,1011.0,,,,,,,,,1005.7,,,18.6,,,,21.3,,,,,,,,,,,,,,20,40,8.1,11.3,,30,,,8.8,
2006-03-22 00:00:00,,,,,0.0,,,,,0.0,0.0,84,,,1010.7,,,,,,,,,1005.4,,,18.5,,,,21.3,,,,,,,,,,,,,,30,30,6.7,9.4,,20,,,8.0,
2006-03-22 01:00:00,,,,,0.0,,,,,0.0,0.0,85,,,1010.4,,,,,,,,,1005.1,,,18.8,,,,21.4,,,,,,,,,,,,,,30,40,5.2,7.7,,30,,,6.7,
2006-03-22 02:00:00,,,,,0.0,,,,,0.0,0.0,86,,,1010.2,,,,,,,,,1004.9,,,19.2,,,,21.7,,,,,,,,,,,,,,20,30,4.5,6.6,,30,,,5.6,
2006-03-22 03:00:00,,,,,0.0,,,,,0.0,0.0,86,,,1010.1,,,,,,,,,1004.8,,,19.3,,,,21.7,,,,,,,,,,,,,,20,20,4.1,5.6,,20,,,4.6,
2006-03-22 04:00:00,,,,,0.0,,,,,0.0,0.0,86,,,1010.1,,,,,,,,,1004.8,,,19.5,,,,21.9,,,,,,,,,,,,,,10,20,3.6,5.2,,20,,,4.1,
2006-03-22 05:00:00,,,,,0.0,,,,,0.0,0.0,86,,,1010.3,,,,,,,,,1005.0,,,19.5,,,,21.9,,,,,,,,,,,,,,20,10,3.6,5.8,,10,,,4.2,
2006-03-22 06:00:00,,,,,0.0,,,,,0.0,0.0,84,,,1010.6,,,,,,,,,1005.3,0.0,,19.2,,,,22.0,,,,,,,,,,,,,,10,30,3.5,5.2,,40,,,4.0,
2006-03-22 07:00:00,,,,,0.08,,,,,0.0,0.0,84,,,1010.8,,,,,,,,,1005.5,0.0,,19.4,,,,22.2,,,,,,,,,,,,,,10,10,4.0,5.8,,10,,,4.7,
2006-03-22 08:00:00,,0.0,,,0.71,,,,,0.0,0.0,81,,,1010.7,,,,,,,,,1005.5,0.8,,20.0,,,,23.4,,,,,,,,,,20.0,,,,30,360,1.6,5.3,,10,,,4.3,
2006-03-22 09:00:00,,3.0,,,1.45,,,,,0.0,0.0,79,,,1011.3,,,,,,,,,1006.1,1.0,,20.4,,,,24.2,,,,,,,,,,20.0,,,,320,360,2.4,3.5,,360,,,2.6,
2006-03-22 10:00:00,,,,,2.11,,,,,0.0,0.0,78,,,1011.0,,,,,,,,,1005.8,1.0,,21.1,,,,25.3,,,,,,,,,,,,,,330,340,1.8,3.9,,320,,,2.8,
2006-03-22 11:00:00,,5.0,,,2.02,,,,,0.0,0.0,77,,,1010.9,,,,,,,,,1005.7,0.6,,21.1,,,,25.4,,,,,,,,,,12.0,,,,340,360,1.9,4.5,,350,,,3.6,
2006-03-22 12:00:00,,,,,1.17,,,,,0.0,0.0,79,,,1010.6,,,,,,,,,1005.4,0.0,,20.7,,,,24.5,,,,,,,,,,,,,,330,360,2.6,3.6,,330,,,2.6,
2006-03-22 13:00:00,,,,,1.6,,,,,0.0,0.0,78,,,1009.7,,,,,,,,,1004.5,0.1,,20.6,,,,24.6,,,,,,,,,,,,,,290,280,5.0,6.3,,290,,,5.0,
2006-03-22 14:00:00,,6.0,,,2.53,,,,,0.0,0.0,77,,,1008.1,,,,,,,,,1002.9,0.8,,20.4,,,,24.8,,,,,,,,,,20.0,,,,320,310,2.5,6.8,,300,,,5.1,
2006-03-22 15:00:00,,,,,1.99,,,,,0.0,0.0,75,,,1007.8,,,,,,,,,1002.6,0.7,,20.3,,,,25.0,,,,,,,,,,,,,,320,330,2.8,4.0,,270,,,2.8,
2006-03-22 16:00:00,,,,,1.45,,,,,0.0,0.0,76,,,1007.3,,,,,,,,,1002.1,0.9,,20.3,,,,24.8,,,,,,,,,,,,,,290,330,2.7,4.2,,310,,,3.3,
2006-03-22 17:00:00,,10.0,,,0.6,,,,,0.0,0.0,81,,,1008.1,,,,,,,,,1002.9,0.3,,19.8,,,,23.3,,,,,,,,,,15.0,,,,280,290,3.6,4.9,,280,,,3.6,
2006-03-22 18:00:00,,,,,0.0,,,,,0.0,0.0,85,,,1009.5,,,,,,,,,1004.3,0.0,,20.1,,,,22.8,,,,,,,,,,,,,,280,280,5.3,7.2,,280,,,5.3,
2006-03-22 19:00:00,,,,,0.0,,,,,0.0,0.0,84,,,1009.6,,,,,,,,,1004.4,0.0,,19.6,,,,22.4,,,,,,,,,,,,,,290,280,5.0,8.4,,280,,,6.8,
2006-03-22 20:00:00,,,,,0.0,,,,,0.0,0.0,85,,,1009.9,,,,,,,,,1004.7,,,19.7,,,,22.3,,,,,,,,,,,,,,240,280,0.9,7.6,,290,,,5.7,
2006-03-22 21:00:00,,,,,0.0,,,,,0.0,0.0,87,,,1010.1,,,,,,,,,1004.8,,,19.8,,,,22.0,,,,,,,,,,,,,,80,70,2.5,3.4,,90,,,2.5,
2006-03-22 22:00:00,,,,,0.0,,,,,0.0,0.0,87,,,1010.6,,,,,,,,,1005.4,,,19.9,,,,22.2,,,,,,,,,,,,,,70,70,2.5,3.7,,80,,,2.8,
2006-03-22 23:00:00,,,,,0.0,,,,,0.0,0.0,86,,,1010.4,,,,,,,,,1005.2,,,20.1,,,,22.5,,,,,,,,,,,,,,100,70,2.8,4.1,,70,,,3.5,
2006-03-23 00:00:00,,,,,0.0,,,,,0.0,0.0,85,,,1010.8,,,,,,,,,1005.5,,,19.6,,,,22.2,,,,,,,,,,,,,,0,100,0.1,3.3,,100,,,2.8,
2006-03-23 01:00:00,,,,,0.0,,,,,0.0,0.0,86,,,1010.4,,,,,,,,,1005.2,,,19.7,,,,22.2,,,,,,,,,,,,,,0,0,0.0,0.2,,0,,,0.1,
2006-03-23 02:00:00,,,,,0.0,,,,,0.0,0.0,86,,,1009.9,,,,,,,,,1004.7,,,20.0,,,,22.4,,,,,,,,,,,,,,70,80,1.6,2.7,,80,,,2.3,
2006-03-23 03:00:00,,,,,0.0,,,,,0.0,0.0,88,,,1009.4,,,,,,,,,1004.2,,,20.3,,,,22.4,,,,,,,,,,,,,,50,60,2.0,2.8,,50,,,2.4,
2006-03-23 04:00:00,,,,,0.0,,,,,0.0,0.0,86,,,1008.8,,,,,,,,,1003.6,,,20.2,,,,22.6,,,,,,,,,,,,,,150,140,1.7,2.8,,130,,,2.4,
2006-03-23 05:00:00,,,,,0.0,,,,,0.0,0.0,86,,,1009.0,,,,,,,,,1003.8,,,20.3,,,,22.8,,,,,,,,,,,,,,0,120,0.2,2.7,,120,,,2.2,
2006-03-23 06:00:00,,,,,0.0,,,,,0.0,0.0,87,,,1009.5,,,,,,,,,1004.3,0.0,,20.6,,,,22.9,,,,,,,,,,,,,,20,20,2.0,2.6,,20,,,2.1,
2006-03-23 07:00:00,,,,,0.0,,,,,0.0,0.0,86,,,1010.2,,,,,,,,,1005.0,0.0,,20.6,,,,23.1,,,,,,,,,,,,,,360,360,2.7,4.1,,360,,,3.2,
2006-03-23 08:00:00,,5.0,,,0.66,,,,,0.0,0.0,89,,,1010.3,,,,,,,,,1005.1,0.4,,22.0,,,,23.9,,,,,,,,,,6.0,,,,50,10,2.4,3.5,,20,,,2.7,
2006-03-23 09:00:00,,10.0,,,0.36,,,,,0.5,0.2,87,,,1009.5,,,,,,,,,1004.3,0.0,,20.8,,,,23.1,,,,,,,,,,6.0,,,,20,30,4.7,7.6,,20,,,4.7,
2006-03-23 10:00:00,,,,,0.6,,,,,0.5,0.2,87,,,1010.4,,,,,,,,,1005.2,0.0,,20.3,,,,22.5,,,,,,,,,,,,,,10,20,6.4,8.4,,20,,,6.4,
2006-03-23 11:00:00,,10.0,,,1.21,,,,,0.0,0.0,86,,,1010.4,,,,,,,,,1005.2,0.0,,20.7,,,,23.2,,,,,,,,,,10.0,,,,20,20,6.6,8.3,,10,,,6.6,
2006-03-23 12:00:00,,,,,1.62,,,,,0.0,0.0,82,,,1010.0,,,,,,,,,1004.8,0.2,,20.3,,,,23.6,,,,,,,,,,,,,,20,20,6.5,9.7,,20,,,7.7,
2006-03-23 13:00:00,,,,,0.54,,,,,0.0,0.0,85,,,1009.6,,,,,,,,,1004.3,0.0,,19.0,,,,21.7,,,,,,,,,,,,,,360,360,8.6,12.9,,360,,,8.7,
2006-03-23 14:00:00,,10.0,,,0.4,,,,,0.5,0.2,86,,,1009.3,,,,,,,,,1004.0,0.0,,18.9,,,,21.4,,,,,,,,,,10.0,,,,10,20,9.8,13.6,,10,,,10.9,
2006-03-23 15:00:00,,,,,0.05,,,,,0.5,0.2,85,,,1009.3,,,,,,,,,1004.0,0.0,,18.6,,,,21.2,,,,,,,,,,,,,,10,10,10.0,14.2,,10,,,10.7,
2006-03-23 16:00:00,,,,,0.06,,,,,0.5,1.0,86,,,1010.1,,,,,,,,,1004.8,0.0,,18.0,,,,20.5,,,,,,,,,,,,,,10,10,9.4,14.3,,10,,,10.9,
2006-03-23 17:00:00,,10.0,,,0.0,,,,,0.5,0.9,86,,,1009.5,,,,,,,,,1004.2,0.0,,17.9,,,,20.3,,,,,,,,,,10.0,,,,20,30,12.4,15.7,,20,,,12.9,
2006-03-23 18:00:00,,,,,0.0,,,,,0.1,0.1,86,,,1009.9,,,,,,,,,1004.6,0.0,,18.0,,,,20.5,,,,,,,,,,,,,,20,30,11.6,16.4,,20,,,12.4,
2006-03-23 19:00:00,,,,,0.0,,,,,0.0,0.0,84,,,1010.5,,,,,,,,,1005.2,0.0,,17.7,,,,20.5,,,,,,,,,,,,,,20,30,11.5,16.7,,20,,,12.9,
2006-03-23 20:00:00,,,,,0.0,,,,,0.0,0.0,86,,,1010.5,,,,,,,,,1005.2,,,17.7,,,,20.2,,,,,,,,,,,,,,20,20,13.3,17.9,,20,,,13.9,
2006-03-23 21:00:00,,,,,0.0,,,,,0.0,0.0,82,,,1011.0,,,,,,,,,1005.7,,,16.7,,,,19.9,,,,,,,,,,,,,,20,30,15.3,21.0,,20,,,15.3,
2006-03-23 22:00:00,,,,,0.0,,,,,0.0,0.0,83,,,1011.6,,,,,,,,,1006.3,,,17.2,,,,20.1,,,,,,,,,,,,,,20,20,14.5,19.4,,20,,,15.5,
2006-03-23 23:00:00,,,,,0.0,,,,,0.5,1.0,88,,,1010.9,,,,,,,,,1005.6,,,17.9,,,,19.9,,,,,,,,,,,,,,30,30,12.4,19.4,,20,,,15.7,
2006-03-24 00:00:00,,,,,0.0,,,,,0.0,0.0,86,,,1011.1,,,,,,,,,1005.8,,,17.9,,,,20.4,,,,,,,,,,,,,,20,40,10.9,15.2,,30,,,12.1,
2006-03-24 01:00:00,,,,,0.0,,,,,0.0,0.0,84,,,1011.0,,,,,,,,,1005.7,,,17.6,,,,20.4,,,,,,,,,,,,,,10,360,10.8,14.7,,10,,,10.8,
2006-03-24 02:00:00,,,,,0.0,,,,,0.0,0.0,84,,,1010.7,,,,,,,,,1005.4,,,17.3,,,,20.0,,,,,,,,,,,,,,10,10,10.8,16.5,,10,,,11.2,
2006-03-24 03:00:00,,,,,0.0,,,,,0.0,0.0,84,,,1010.8,,,,,,,,,1005.5,,,16.8,,,,19.6,,,,,,,,,,,,,,10,10,12.8,18.4,,10,,,14.2,
2006-03-24 04:00:00,,,,,0.0,,,,,0.5,0.1,86,,,1010.5,,,,,,,,,1005.2,,,17.2,,,,19.6,,,,,,,,,,,,,,20,20,12.3,16.5,,20,,,13.2,
2006-03-24 05:00:00,,,,,0.0,,,,,0.0,0.0,85,,,1010.7,,,,,,,,,1005.4,,,17.3,,,,19.9,,,,,,,,,,,,,,20,20,11.4,15.9,,20,,,12.5,
2006-03-24 06:00:00,,,,,0.0,,,,,0.0,0.0,86,,,1011.4,,,,,,,,,1006.1,0.0,,17.3,,,,19.8,,,,,,,,,,,,,,30,20,10.1,14.7,,20,,,11.9,
2006-03-24 07:00:00,,,,,0.0,,,,,0.0,0.0,85,,,1011.9,,,,,,,,,1006.6,0.0,,16.7,,,,19.3,,,,,,,,,,,,,,20,20,14.2,20.0,,20,,,14.4,
2006-03-24 08:00:00,,10.0,,,0.02,,,,,0.0,0.0,82,,,1013.6,,,,,,,,,1008.3,0.0,,16.2,,,,19.4,,,,,,,,,,10.0,,,,10,20,12.7,18.4,,20,,,14.0,
2006-03-24 09:00:00,,10.0,,,0.0,,,,,0.0,0.0,85,,,1014.8,,,,,,,,,1009.5,0.0,,16.3,,,,18.8,,,,,,,,,,15.0,,,,10,10,13.2,19.1,,10,,,14.1,
2006-03-24 10:00:00,,,,,0.63,,,,,0.5,0.2,88,,,1014.3,,,,,,,,,1009.0,0.0,,17.4,,,,19.4,,,,,,,,,,,,,,30,10,12.4,19.0,,20,,,14.1,
2006-03-24 11:00:00,,10.0,,,1.64,,,,,0.0,0.0,84,,,1013.8,,,,,,,,,1008.5,0.2,,17.7,,,,20.4,,,,,,,,,,20.0,,,,50,30,8.8,15.9,,30,,,12.6,
2006-03-24 12:00:00,,,,,0.44,,,,,0.0,0.0,84,,,1013.8,,,,,,,,,1008.5,0.0,,16.4,,,,19.1,,,,,,,,,,,,,,20,30,8.4,11.4,,50,,,8.8,
2006-03-24 13:00:00,,,,,0.56,,,,,0.0,0.0,83,,,1012.6,,,,,,,,,1007.3,0.0,,16.5,,,,19.4,,,,,,,,,,,,,,10,10,11.3,15.4,,10,,,11.8,
2006-03-24 14:00:00,,10.0,,,0.21,,,,,0.5,0.8,82,,,1012.6,,,,,,,,,1007.3,0.0,,15.8,,,,18.9,,,,,,,,,,10.0,,,,10,360,12.4,16.7,,10,,,12.8,
2006-03-24 15:00:00,,,,,0.53,,,,,0.8,0.8,83,,,1011.7,,,,,,,,,1006.4,0.0,,16.2,,,,19.1,,,,,,,,,,,,,,20,360,12.2,16.9,,20,,,12.3,
2006-03-24 16:00:00,,,,,0.27,,,,,0.0,0.0,84,,,1012.0,,,,,,,,,1006.7,0.0,,16.9,,,,19.7,,,,,,,,,,,,,,20,20,12.0,16.9,,20,,,12.4,
2006-03-24 17:00:00,,10.0,,,0.0,,,,,1.0,0.9,84,,,1012.6,,,,,,,,,1007.3,0.0,,17.1,,,,19.8,,,,,,,,,,8.0,,,,20,20,12.1,16.9,,20,,,12.4,
2006-03-24 18:00:00,,,,,0.0,,,,,0.8,1.0,85,,,1013.3,,,,,,,,,1008.0,0.0,,16.8,,,,19.3,,,,,,,,,,,,,,30,30,12.2,18.1,,20,,,13.8,
2006-03-24 19:00:00,,,,,0.0,,,,,7.5,1.0,87,,,1013.6,,,,,,,,,1008.3,0.0,,17.3,,,,19.5,,,,,,,,,,,,,,30,30,8.9,15.4,,20,,,12.5,
2006-03-24 20:00:00,,,,,0.0,,,,,0.8,0.9,85,,,1014.5,,,,,,,,,1009.2,,,17.2,,,,19.7,,,,,,,,,,,,,,20,20,10.7,14.3,,30,,,10.7,
2006-03-24 21:00:00,,,,,0.0,,,,,0.0,0.0,83,,,1015.8,,,,,,,,,1010.5,,,16.7,,,,19.7,,,,,,,,,,,,,,20,30,9.9,13.6,,20,,,10.4,
2006-03-24 22:00:00,,,,,0.0,,,,,0.5,1.0,84,,,1015.7,,,,,,,,,1010.4,,,16.7,,,,19.4,,,,,,,,,,,,,,40,20,9.9,14.3,,20,,,11.0,
2006-03-24 23:00:00,,,,,0.0,,,,,0.4,1.0,84,,,1015.5,,,,,,,,,1010.2,,,16.8,,,,19.5,,,,,,,,,,,,,,60,40,8.6,13.6,,60,,,10.8,
2006-03-25 00:00:00,,,,,0.0,,,,,0.2,1.0,87,,,1015.1,,,,,,,,,1009.8,,,17.1,,,,19.4,,,,,,,,,,,,,,60,60,6.1,11.0,,60,,,8.8,
2006-03-25 01:00:00,,,,,0.0,,,,,0.5,0.7,86,,,1015.2,,,,,,,,,1009.9,,,17.2,,,,19.6,,,,,,,,,,,,,,20,30,6.3,9.3,,20,,,7.4,
2006-03-25 02:00:00,,,,,0.0,,,,,0.0,0.0,85,,,1014.8,,,,,,,,,1009.5,,,17.6,,,,20.2,,,,,,,,,,,,,,20,20,8.2,11.6,,20,,,8.2,
2006-03-25 03:00:00,,,,,0.0,,,,,0.0,0.0,84,,,1014.5,,,,,,,,,1009.2,,,17.6,,,,20.3,,,,,,,,,,,,,,10,360,9.2,13.8,,10,,,9.8,
2006-03-25 04:00:00,,,,,0.0,,,,,0.0,0.0,83,,,1014.2,,,,,,,,,1008.9,,,17.2,,,,20.2,,,,,,,,,,,,,,30,360,9.0,15.1,,10,,,10.9,
2006-03-25 05:00:00,,,,,0.0,,,,,0.0,0.0,83,,,1014.0,,,,,,,,,1008.7,,,17.4,,,,20.4,,,,,,,,,,,,,,30,40,8.6,11.8,,30,,,9.3,
2006-03-25 06:00:00,,,,,0.0,,,,,0.0,0.0,86,,,1014.4,,,,,,,,,1009.1,0.0,,17.6,,,,20.1,,,,,,,,,,,,,,30,30,8.7,12.6,,30,,,9.7,
2006-03-25 07:00:00,,,,,0.02,,,,,0.0,0.0,83,,,1014.6,,,,,,,,,1009.3,0.0,,17.5,,,,20.4,,,,,,,,,,,,,,30,20,9.4,13.1,,30,,,9.8,
2006-03-25 08:00:00,,5.0,,,0.57,,,,,0.0,0.0,82,,,1015.0,,,,,,,,,1009.7,0.0,,17.8,,,,21.0,,,,,,,,,,15.0,,,,40,20,8.0,12.3,,30,,,9.7,
2006-03-25 09:00:00,,6.0,,,1.23,,,,,0.0,0.0,80,,,1015.0,,,,,,,,,1009.7,0.4,,18.6,,,,22.3,,,,,,,,,,20.0,,,,40,30,6.8,11.4,,30,,,8.6,
2006-03-25 10:00:00,,,,,2.01,,,,,0.0,0.0,77,,,1014.9,,,,,,,,,1009.6,0.7,,18.8,,,,23.1,,,,,,,,,,,,,,30,40,7.9,10.2,,30,,,8.1,
2006-03-25 11:00:00,,7.0,,,2.47,,,,,0.0,0.0,75,,,1014.8,,,,,,,,,1009.5,0.7,,18.2,,,,22.9,,,,,,,,,,20.0,,,,20,20,7.1,10.5,,30,,,8.6,
2006-03-25 12:00:00,,,,,2.95,,,,,0.0,0.0,73,,,1014.0,,,,,,,,,1008.8,1.0,,18.5,,,,23.7,,,,,,,,,,,,,,10,360,6.4,9.0,,20,,,7.2,
2006-03-25 13:00:00,,,,,2.78,,,,,0.0,0.0,74,,,1013.0,,,,,,,,,1007.7,0.8,,18.0,,,,22.8,,,,,,,,,,,,,,10,360,7.9,9.9,,10,,,7.9,
2006-03-25 14:00:00,,10.0,,,1.95,,,,,0.0,0.0,78,,,1013.0,,,,,,,,,1007.7,0.3,,17.8,,,,21.9,,,,,,,,,,18.0,,,,360,360,9.1,12.4,,360,,,9.1,
2006-03-25 15:00:00,,,,,0.59,,,,,0.0,0.0,82,,,1012.7,,,,,,,,,1007.4,0.0,,17.7,,,,20.9,,,,,,,,,,,,,,360,360,10.8,15.4,,360,,,12.1,
2006-03-25 16:00:00,,,,,0.1,,,,,0.0,0.0,83,,,1012.5,,,,,,,,,1007.2,0.0,,16.8,,,,19.8,,,,,,,,,,,,,,360,360,13.4,19.0,,360,,,13.6,
2006-03-25 17:00:00,,10.0,,,0.02,,,,,0.0,0.0,82,,,1012.5,,,,,,,,,1007.2,0.0,,16.9,,,,20.1,,,,,,,,,,15.0,,,,20,360,11.4,18.5,,360,,,13.9,
2006-03-25 18:00:00,,,,,0.01,,,,,0.0,0.0,80,,,1013.0,,,,,,,,,1007.7,0.0,,16.8,,,,20.3,,,,,,,,,,,,,,20,20,10.8,16.5,,20,,,11.9,
2006-03-25 19:00:00,,,,,0.0,,,,,1.5,0.3,84,,,1013.5,,,,,,,,,1008.2,0.0,,17.2,,,,20.0,,,,,,,,,,,,,,20,30,10.4,15.1,,20,,,11.8,
2006-03-25 20:00:00,,,,,0.0,,,,,4.5,1.0,86,,,1013.6,,,,,,,,,1008.3,,,17.3,,,,19.8,,,,,,,,,,,,,,20,20,10.8,15.6,,20,,,11.5,
2006-03-25 21:00:00,,,,,0.0,,,,,9.0,0.9,89,,,1013.4,,,,,,,,,1008.1,,,18.1,,,,20.0,,,,,,,,,,,,,,40,20,9.1,15.0,,20,,,12.3,
2006-03-25 22:00:00,,,,,0.0,,,,,0.0,0.0,87,,,1013.8,,,,,,,,,1008.5,,,18.4,,,,20.6,,,,,,,,,,,,,,40,60,7.0,12.5,,50,,,9.4,
2006-03-25 23:00:00,,,,,0.0,,,,,0.0,0.0,87,,,1014.1,,,,,,,,,1008.8,,,18.6,,,,20.8,,,,,,,,,,,,,,20,30,6.6,9.5,,40,,,7.4,
2006-03-26 00:00:00,,,,,0.0,,,,,0.0,0.0,83,,,1013.5,,,,,,,,,1008.2,,,17.8,,,,20.7,,,,,,,,,,,,,,10,10,6.5,8.8,,10,,,6.7,
2006-03-26 01:00:00,,,,,0.0,,,,,0.0,0.0,81,,,1013.0,,,,,,,,,1007.7,,,17.5,,,,20.8,,,,,,,,,,,,,,20,20,7.0,8.9,,20,,,7.3,
2006-03-26 02:00:00,,,,,0.0,,,,,0.0,0.0,86,,,1012.8,,,,,,,,,1007.5,,,18.5,,,,20.9,,,,,,,,,,,,,,30,30,6.6,9.9,,20,,,7.5,
2006-03-26 03:00:00,,,,,0.0,,,,,0.0,0.0,87,,,1012.1,,,,,,,,,1006.8,,,18.8,,,,21.1,,,,,,,,,,,,,,40,40,7.3,10.4,,40,,,7.3,
2006-03-26 04:00:00,,,,,0.0,,,,,0.0,0.0,86,,,1012.3,,,,,,,,,1007.0,,,18.4,,,,20.8,,,,,,,,,,,,,,20,30,7.5,10.9,,30,,,8.1,
2006-03-26 05:00:00,,,,,0.0,,,,,0.0,0.0,83,,,1012.8,,,,,,,,,1007.5,,,18.2,,,,21.2,,,,,,,,,,,,,,20,30,8.2,11.2,,20,,,8.2,
2006-03-26 06:00:00,,,,,0.33,,,,,0.5,0.3,87,,,1012.7,,,,,,,,,1007.4,0.0,,18.9,,,,21.1,,,,,,,,,,,,,,30,30,8.5,11.4,,20,,,9.4,
2006-03-26 07:00:00,,,,,0.6,,,,,0.0,0.0,87,,,1012.9,,,,,,,,,1007.6,0.0,,19.4,,,,21.6,,,,,,,,,,,,,,40,40,7.8,11.1,,30,,,8.6,
2006-03-26 08:00:00,,10.0,,,0.6,,,,,0.5,0.2,86,,,1013.8,,,,,,,,,1008.5,0.0,,19.1,,,,21.5,,,,,,,,,,10.0,,,,30,20,9.1,12.5,,30,,,9.3,
2006-03-26 09:00:00,,10.0,,,0.6,,,,,0.5,1.0,87,,,1014.2,,,,,,,,,1008.9,0.0,,19.2,,,,21.5,,,,,,,,,,10.0,,,,40,40,7.1,11.3,,30,,,9.2,
2006-03-26 10:00:00,,,,,0.77,,,,,0.5,1.0,85,,,1013.5,,,,,,,,,1008.2,0.0,,19.2,,,,21.8,,,,,,,,,,,,,,30,30,7.3,9.6,,40,,,7.4,
2006-03-26 11:00:00,,10.0,,,0.96,,,,,0.1,0.2,86,,,1013.1,,,,,,,,,1007.8,0.0,,19.4,,,,21.9,,,,,,,,,,18.0,,,,30,20,7.3,10.9,,30,,,7.8,
2006-03-26 12:00:00,,,,,0.88,,,,,0.5,0.6,86,,,1012.2,,,,,,,,,1006.9,0.0,,19.4,,,,21.9,,,,,,,,,,,,,,20,20,8.6,11.3,,20,,,8.6,
2006-03-26 13:00:00,,,,,0.7,,,,,0.0,0.0,87,,,1011.8,,,,,,,,,1006.5,0.0,,19.1,,,,21.4,,,,,,,,,,,,,,10,10,10.6,13.6,,10,,,10.6,
2006-03-26 14:00:00,,10.0,,,0.6,,,,,0.0,0.0,85,,,1011.4,,,,,,,,,1006.1,0.0,,18.6,,,,21.3,,,,,,,,,,15.0,,,,10,10,9.0,13.8,,10,,,10.9,
2006-03-26 15:00:00,,,,,0.6,,,,,0.0,0.0,86,,,1010.5,,,,,,,,,1005.2,0.0,,18.5,,,,20.9,,,,,,,,,,,,,,20,20,10.6,14.0,,20,,,10.6,
2006-03-26 16:00:00,,,,,0.85,,,,,0.0,0.0,86,,,1009.9,,,,,,,,,1004.6,0.0,,18.1,,,,20.6,,,,,,,,,,,,,,30,30,10.8,14.5,,20,,,10.8,
2006-03-26 17:00:00,,10.0,,,0.6,,,,,0.0,0.0,82,,,1010.3,,,,,,,,,1005.0,0.0,,17.5,,,,20.6,,,,,,,,,,15.0,,,,30,30,11.1,15.4,,30,,,11.4,
2006-03-26 18:00:00,,,,,0.03,,,,,0.0,0.0,82,,,1010.0,,,,,,,,,1004.7,0.0,,17.4,,,,20.5,,,,,,,,,,,,,,20,20,12.2,15.7,,20,,,12.6,
2006-03-26 19:00:00,,,,,0.0,,,,,0.0,0.0,82,,,1010.5,,,,,,,,,1005.2,0.0,,17.1,,,,20.3,,,,,,,,,,,,,,30,30,9.9,16.5,,20,,,12.3,
2006-03-26 20:00:00,,,,,0.0,,,,,0.0,0.0,83,,,1010.8,,,,,,,,,1005.5,,,17.6,,,,20.6,,,,,,,,,,,,,,30,20,10.4,13.6,,20,,,10.6,
2006-03-26 21:00:00,,,,,0.0,,,,,0.0,0.0,82,,,1012.2,,,,,,,,,1006.9,,,17.4,,,,20.5,,,,,,,,,,,,,,20,20,9.8,13.4,,20,,,10.4,
2006-03-26 22:00:00,,,,,0.0,,,,,0.0,0.0,82,,,1012.4,,,,,,,,,1007.1,,,17.6,,,,20.8,,,,,,,,,,,,,,10,10,10.0,14.6,,10,,,10.5,
2006-03-26 23:00:00,,,,,0.0,,,,,0.0,0.0,80,,,1012.4,,,,,,,,,1007.1,,,17.0,,,,20.5,,,,,,,,,,,,,,30,10,11.6,15.2,,30,,,11.6,
2006-03-27 00:00:00,,,,,0.0,,,,,0.0,0.0,82,,,1012.5,,,,,,,,,1007.2,,,17.1,,,,20.2,,,,,,,,,,,,,,30,40,9.7,14.9,,30,,,11.6,
2006-03-27 01:00:00,,,,,0.0,,,,,0.0,0.0,82,,,1011.7,,,,,,,,,1006.4,,,17.3,,,,20.4,,,,,,,,,,,,,,30,30,9.8,13.7,,30,,,10.1,
2006-03-27 02:00:00,,,,,0.0,,,,,0.0,0.0,86,,,1011.1,,,,,,,,,1005.8,,,17.5,,,,20.0,,,,,,,,,,,,,,30,40,8.1,12.9,,30,,,9.9,
2006-03-27 03:00:00,,,,,0.0,,,,,0.0,0.0,85,,,1010.4,,,,,,,,,1005.1,,,17.6,,,,20.2,,,,,,,,,,,,,,30,30,8.7,11.7,,30,,,9.1,
2006-03-27 04:00:00,,,,,0.0,,,,,0.0,0.0,83,,,1010.1,,,,,,,,,1004.8,,,17.6,,,,20.5,,,,,,,,,,,,,,30,20,7.8,12.4,,30,,,9.9,
2006-03-27 05:00:00,,,,,0.0,,,,,0.0,0.0,82,,,1010.4,,,,,,,,,1005.1,,,17.4,,,,20.5,,,,,,,,,,,,,,40,20,6.7,10.3,,30,,,8.1,
2006-03-27 06:00:00,,,,,0.0,,,,,0.0,0.0,84,,,1010.6,,,,,,,,,1005.3,0.0,,18.1,,,,20.9,,,,,,,,,,,,,,30,20,7.2,9.8,,30,,,7.4,
2006-03-27 07:00:00,,,,,0.1,,,,,0.0,0.0,82,,,1011.4,,,,,,,,,1006.1,0.0,,18.1,,,,21.2,,,,,,,,,,,,,,30,50,5.7,9.4,,30,,,7.2,
2006-03-27 08:00:00,,10.0,,,0.46,,,,,0.0,0.0,81,,,1011.6,,,,,,,,,1006.3,0.0,,18.2,,,,21.5,,,,,,,,,,20.0,,,,30,50,5.8,8.0,,30,,,5.9,
2006-03-27 09:00:00,,9.0,,,0.74,,,,,0.0,0.0,78,,,1011.3,,,,,,,,,1006.1,0.1,,19.0,,,,23.0,,,,,,,,,,20.0,,,,40,20,4.9,7.8,,20,,,6.1,
2006-03-27 10:00:00,,,,,1.11,,,,,0.0,0.0,81,,,1011.6,,,,,,,,,1006.3,0.1,,18.6,,,,22.0,,,,,,,,,,,,,,20,30,6.6,9.1,,20,,,6.6,
2006-03-27 11:00:00,,10.0,,,0.29,,,,,0.0,0.0,82,,,1011.6,,,,,,,,,1006.3,0.0,,18.2,,,,21.3,,,,,,,,,,15.0,,,,10,10,7.7,10.3,,20,,,8.0,
2006-03-27 12:00:00,,,,,0.59,,,,,0.0,0.0,86,,,1010.8,,,,,,,,,1005.5,0.0,,18.3,,,,20.8,,,,,,,,,,,,,,10,360,8.3,11.8,,10,,,8.6,
2006-03-27 13:00:00,,,,,0.73,,,,,0.0,0.0,86,,,1009.6,,,,,,,,,1004.3,0.0,,18.4,,,,20.9,,,,,,,,,,,,,,10,10,7.8,10.9,,10,,,8.3,
2006-03-27 14:00:00,,10.0,,,0.6,,,,,0.0,0.0,86,,,1008.9,,,,,,,,,1003.6,0.0,,18.3,,,,20.7,,,,,,,,,,20.0,,,,20,360,8.0,12.2,,10,,,9.1,
2006-03-27 15:00:00,,,,,0.71,,,,,0.0,0.0,83,,,1008.0,,,,,,,,,1002.8,0.0,,18.8,,,,21.8,,,,,,,,,,,,,,20,20,7.1,10.4,,30,,,8.2,
2006-03-27 16:00:00,,,,,0.48,,,,,0.0,0.0,84,,,1008.2,,,,,,,,,1002.9,0.0,,18.6,,,,21.4,,,,,,,,,,,,,,20,20,7.3,9.8,,20,,,7.7,
2006-03-27 17:00:00,,10.0,,,0.0,,,,,0.0,0.0,85,,,1008.1,,,,,,,,,1002.8,0.0,,18.8,,,,21.4,,,,,,,,,,18.0,,,,30,20,6.4,9.2,,20,,,7.3,
2006-03-27 18:00:00,,,,,0.0,,,,,0.0,0.0,86,,,1008.8,,,,,,,,,1003.5,0.0,,19.1,,,,21.5,,,,,,,,,,,,,,10,20,6.3,9.7,,30,,,7.1,
2006-03-27 19:00:00,,,,,0.0,,,,,0.0,0.0,86,,,1009.3,,,,,,,,,1004.0,0.0,,18.9,,,,21.4,,,,,,,,,,,,,,10,10,8.4,12.3,,10,,,8.7,
2006-03-27 20:00:00,,,,,0.0,,,,,2.5,1.0,88,,,1010.3,,,,,,,,,1005.0,,,18.1,,,,20.2,,,,,,,,,,,,,,10,10,9.7,14.5,,10,,,10.3,
2006-03-27 21:00:00,,,,,0.0,,,,,0.5,0.9,88,,,1010.9,,,,,,,,,1005.6,,,17.9,,,,19.9,,,,,,,,,,,,,,20,20,10.7,15.4,,20,,,11.1,
2006-03-27 22:00:00,,,,,0.0,,,,,0.0,0.0,86,,,1011.2,,,,,,,,,1005.9,,,17.5,,,,19.9,,,,,,,,,,,,,,20,20,10.8,15.2,,20,,,11.8,
2006-03-27 23:00:00,,,,,0.0,,,,,0.0,0.0,86,,,1011.3,,,,,,,,,1006.0,,,17.3,,,,19.7,,,,,,,,,,,,,,20,10,9.9,15.9,,20,,,11.1,
2006-03-28 00:00:00,,,,,0.0,,,,,0.0,0.0,84,,,1011.0,,,,,,,,,1005.7,,,17.2,,,,19.9,,,,,,,,,,,,,,20,360,8.7,15.3,,10,,,11.1,
2006-03-28 01:00:00,,,,,0.0,,,,,0.0,0.0,84,,,1010.4,,,,,,,,,1005.1,,,17.2,,,,20.0,,,,,,,,,,,,,,20,360,8.8,12.8,,10,,,9.3,
2006-03-28 02:00:00,,,,,0.0,,,,,0.0,0.0,82,,,1010.6,,,,,,,,,1005.3,,,16.9,,,,20.1,,,,,,,,,,,,,,10,20,9.2,12.9,,20,,,9.4,
2006-03-28 03:00:00,,,,,0.0,,,,,0.0,0.0,81,,,1010.0,,,,,,,,,1004.7,,,16.8,,,,20.1,,,,,,,,,,,,,,10,360,9.6,14.3,,10,,,10.3,
2006-03-28 04:00:00,,,,,0.0,,,,,0.0,0.0,80,,,1009.8,,,,,,,,,1004.5,,,16.4,,,,19.9,,,,,,,,,,,,,,10,360,10.4,14.4,,10,,,10.9,
2006-03-28 05:00:00,,,,,0.0,,,,,0.0,0.0,79,,,1010.8,,,,,,,,,1005.5,,,16.3,,,,20.1,,,,,,,,,,,,,,10,10,8.3,13.9,,10,,,10.9,
2006-03-28 06:00:00,,,,,0.0,,,,,0.0,0.0,78,,,1011.2,,,,,,,,,1005.9,0.0,,16.3,,,,20.2,,,,,,,,,,,,,,10,360,10.8,13.6,,10,,,10.8,
2006-03-28 07:00:00,,,,,0.0,,,,,0.0,0.0,77,,,1012.2,,,,,,,,,1006.9,0.0,,16.3,,,,20.5,,,,,,,,,,,,,,20,360,10.2,15.2,,10,,,10.9,
2006-03-28 08:00:00,,7.0,,,0.29,,,,,0.0,0.0,73,,,1013.2,,,,,,,,,1007.9,0.0,,15.7,,,,20.6,,,,,,,,,,20.0,,,,10,10,10.3,16.4,,10,,,11.9,
2006-03-28 09:00:00,,4.0,,,1.07,,,,,0.0,0.0,67,,,1013.7,,,,,,,,,1008.4,0.3,,15.0,,,,21.4,,,,,,,,,,20.0,,,,10,20,11.3,16.3,,10,,,11.3,
2006-03-28 10:00:00,,,,,2.21,,,,,0.0,0.0,64,,,1013.9,,,,,,,,,1008.6,0.9,,14.8,,,,22.0,,,,,,,,,,,,,,20,20,11.5,16.0,,20,,,11.6,
2006-03-28 11:00:00,,0.0,,,2.94,,,,,0.0,0.0,65,,,1013.8,,,,,,,,,1008.5,1.0,,15.1,,,,22.0,,,,,,,,,,15.0,,,,10,360,11.7,17.0,,10,,,12.4,
2006-03-28 12:00:00,,,,,3.21,,,,,0.0,0.0,60,,,1013.5,,,,,,,,,1008.2,1.0,,14.0,,,,22.1,,,,,,,,,,,,,,10,10,12.3,17.2,,10,,,12.5,
2006-03-28 13:00:00,,,,,3.27,,,,,0.0,0.0,57,,,1012.7,,,,,,,,,1007.5,1.0,,14.0,,,,23.1,,,,,,,,,,,,,,10,360,12.6,17.9,,10,,,13.4,
2006-03-28 14:00:00,,0.0,,,3.0,,,,,0.0,0.0,55,,,1011.7,,,,,,,,,1006.5,1.0,,13.5,,,,23.0,,,,,,,,,,15.0,,,,20,360,12.5,19.1,,10,,,14.1,
2006-03-28 15:00:00,,,,,2.5,,,,,0.0,0.0,52,,,1011.3,,,,,,,,,1006.1,1.0,,12.8,,,,23.2,,,,,,,,,,,,,,10,10,13.1,18.8,,10,,,13.6,
2006-03-28 16:00:00,,,,,1.7,,,,,0.0,0.0,52,,,1011.3,,,,,,,,,1006.1,1.0,,12.5,,,,23.0,,,,,,,,,,,,,,20,20,14.7,22.0,,20,,,15.2,
2006-03-28 17:00:00,,6.0,,,0.88,,,,,0.0,0.0,60,,,1011.8,,,,,,,,,1006.5,0.1,,13.5,,,,21.7,,,,,,,,,,10.0,,,,20,20,13.9,19.9,,20,,,14.5,
2006-03-28 18:00:00,,,,,0.26,,,,,0.0,0.0,57,,,1012.4,,,,,,,,,1007.1,0.0,,13.2,,,,22.1,,,,,,,,,,,,,,20,20,13.2,19.1,,20,,,14.0,
2006-03-28 19:00:00,,,,,0.0,,,,,0.0,0.0,55,,,1013.0,,,,,,,,,1007.7,0.0,,12.9,,,,22.4,,,,,,,,,,,,,,20,20,12.3,18.3,,20,,,13.5,
2006-03-28 20:00:00,,,,,0.0,,,,,0.0,0.0,60,,,1014.0,,,,,,,,,1008.7,,,13.9,,,,22.1,,,,,,,,,,,,,,20,30,11.2,16.9,,20,,,12.6,
2006-03-28 21:00:00,,,,,0.0,,,,,0.0,0.0,59,,,1014.5,,,,,,,,,1009.2,,,13.7,,,,22.2,,,,,,,,,,,,,,20,20,11.7,14.9,,20,,,11.8,
2006-03-28 22:00:00,,,,,0.0,,,,,0.0,0.0,47,,,1014.7,,,,,,,,,1009.4,,,10.7,,,,22.6,,,,,,,,,,,,,,30,30,9.3,14.7,,20,,,11.7,
2006-03-28 23:00:00,,,,,0.0,,,,,0.0,0.0,55,,,1015.0,,,,,,,,,1009.7,,,12.8,,,,22.4,,,,,,,,,,,,,,20,30,9.8,13.3,,30,,,9.9,
2006-03-29 00:00:00,,,,,0.0,,,,,0.0,0.0,74,,,1015.3,,,,,,,,,1010.0,,,15.9,,,,20.7,,,,,,,,,,,,,,10,360,10.3,16.2,,10,,,12.3,
2006-03-29 01:00:00,,,,,0.0,,,,,0.0,0.0,73,,,1015.0,,,,,,,,,1009.7,,,15.4,,,,20.4,,,,,,,,,,,,,,20,10,12.1,17.6,,20,,,12.7,
2006-03-29 02:00:00,,,,,0.0,,,,,0.0,0.0,75,,,1015.0,,,,,,,,,1009.7,,,15.3,,,,19.8,,,,,,,,,,,,,,10,10,13.3,18.8,,10,,,13.5,
2006-03-29 03:00:00,,,,,0.0,,,,,0.0,0.0,76,,,1014.9,,,,,,,,,1009.6,,,15.2,,,,19.6,,,,,,,,,,,,,,20,20,12.8,18.9,,20,,,13.6,
2006-03-29 04:00:00,,,,,0.0,,,,,0.0,0.0,77,,,1015.1,,,,,,,,,1009.8,,,15.3,,,,19.4,,,,,,,,,,,,,,20,20,12.4,18.8,,20,,,13.2,
2006-03-29 05:00:00,,,,,0.0,,,,,0.0,0.0,76,,,1015.5,,,,,,,,,1010.2,,,15.1,,,,19.4,,,,,,,,,,,,,,20,20,12.4,18.4,,20,,,13.1,
2006-03-29 06:00:00,,,,,0.0,,,,,0.0,0.0,75,,,1016.2,,,,,,,,,1010.9,0.0,,14.8,,,,19.3,,,,,,,,,,,,,,20,20,11.8,17.6,,20,,,13.2,
2006-03-29 07:00:00,,,,,0.05,,,,,0.0,0.0,73,,,1016.7,,,,,,,,,1011.4,0.0,,14.7,,,,19.7,,,,,,,,,,,,,,20,10,11.2,17.0,,20,,,12.5,
2006-03-29 08:00:00,,6.0,,,0.75,,,,,0.0,0.0,71,,,1017.6,,,,,,,,,1012.3,0.0,,14.6,,,,20.1,,,,,,,,,,10.0,,,,20,30,11.6,16.3,,20,,,12.3,
2006-03-29 09:00:00,,6.0,,,1.4,,,,,0.0,0.0,68,,,1017.8,,,,,,,,,1012.5,0.6,,15.0,,,,21.2,,,,,,,,,,10.0,,,,20,20,12.0,16.0,,20,,,12.1,
2006-03-29 10:00:00,,,,,2.4,,,,,0.0,0.0,68,,,1017.7,,,,,,,,,1012.4,0.8,,15.4,,,,21.5,,,,,,,,,,,,,,10,20,11.1,15.9,,20,,,12.2,
2006-03-29 11:00:00,,2.0,,,2.99,,,,,0.0,0.0,64,,,1017.3,,,,,,,,,1012.0,1.0,,14.9,,,,22.0,,,,,,,,,,10.0,,,,20,360,12.1,16.9,,20,,,12.3,
2006-03-29 12:00:00,,,,,3.5,,,,,0.0,0.0,66,,,1016.9,,,,,,,,,1011.6,1.0,,15.2,,,,21.8,,,,,,,,,,,,,,10,20,11.3,17.1,,20,,,12.2,
2006-03-29 13:00:00,,,,,3.33,,,,,0.0,0.0,67,,,1016.2,,,,,,,,,1010.9,1.0,,15.4,,,,21.7,,,,,,,,,,,,,,10,360,11.1,16.2,,10,,,11.8,
2006-03-29 14:00:00,,0.0,,,2.99,,,,,0.0,0.0,67,,,1015.6,,,,,,,,,1010.3,1.0,,15.2,,,,21.5,,,,,,,,,,10.0,,,,10,20,11.5,16.7,,10,,,12.1,
2006-03-29 15:00:00,,,,,2.48,,,,,0.0,0.0,68,,,1015.3,,,,,,,,,1010.0,1.0,,15.0,,,,21.2,,,,,,,,,,,,,,20,360,10.5,16.9,,10,,,12.1,
2006-03-29 16:00:00,,,,,1.62,,,,,0.0,0.0,69,,,1015.3,,,,,,,,,1010.0,0.9,,15.0,,,,21.0,,,,,,,,,,,,,,20,20,9.8,14.8,,20,,,10.9,
2006-03-29 17:00:00,,1.0,,,0.91,,,,,0.0,0.0,70,,,1014.9,,,,,,,,,1009.6,0.1,,14.8,,,,20.5,,,,,,,,,,10.0,,,,20,20,9.7,13.6,,20,,,10.0,
2006-03-29 18:00:00,,,,,0.24,,,,,0.0,0.0,71,,,1015.3,,,,,,,,,1010.0,0.0,,14.8,,,,20.2,,,,,,,,,,,,,,20,50,8.5,13.0,,20,,,10.2,
2006-03-29 19:00:00,,,,,0.0,,,,,0.0,0.0,68,,,1015.7,,,,,,,,,1010.4,0.0,,14.3,,,,20.3,,,,,,,,,,,,,,20,20,7.5,11.2,,30,,,8.5,
2006-03-29 20:00:00,,,,,0.0,,,,,0.0,0.0,69,,,1016.0,,,,,,,,,1010.7,,,14.3,,,,20.2,,,,,,,,,,,,,,20,20,6.1,9.6,,20,,,7.4,
2006-03-29 21:00:00,,,,,0.0,,,,,0.0,0.0,68,,,1016.5,,,,,,,,,1011.2,,,14.3,,,,20.5,,,,,,,,,,,,,,20,20,5.0,8.2,,20,,,6.2,
2006-03-29 22:00:00,,,,,0.0,,,,,0.0,0.0,72,,,1016.9,,,,,,,,,1011.6,,,14.9,,,,20.1,,,,,,,,,,,,,,30,20,4.0,6.2,,20,,,5.0,
2006-03-29 23:00:00,,,,,0.0,,,,,0.0,0.0,71,,,1016.9,,,,,,,,,1011.6,,,14.6,,,,20.1,,,,,,,,,,,,,,30,40,3.9,5.7,,30,,,4.4,
2006-03-30 00:00:00,,,,,0.0,,,,,0.0,0.0,73,,,1016.7,,,,,,,,,1011.4,,,15.3,,,,20.4,,,,,,,,,,,,,,20,20,4.4,6.4,,20,,,4.7,
2006-03-30 01:00:00,,,,,0.0,,,,,0.0,0.0,72,,,1016.2,,,,,,,,,1010.9,,,14.8,,,,20.1,,,,,,,,,,,,,,30,20,3.9,5.8,,20,,,4.4,
2006-03-30 02:00:00,,,,,0.0,,,,,0.0,0.0,68,,,1016.0,,,,,,,,,1010.7,,,14.0,,,,20.2,,,,,,,,,,,,,,20,30,3.6,5.0,,30,,,4.0,
2006-03-30 03:00:00,,,,,0.0,,,,,0.0,0.0,67,,,1015.9,,,,,,,,,1010.6,,,14.2,,,,20.5,,,,,,,,,,,,,,20,20,4.2,5.5,,20,,,4.2,
2006-03-30 04:00:00,,,,,0.0,,,,,0.0,0.0,63,,,1016.1,,,,,,,,,1010.8,,,13.3,,,,20.5,,,,,,,,,,,,,,10,10,3.7,5.9,,10,,,4.4,
2006-03-30 05:00:00,,,,,0.0,,,,,0.0,0.0,67,,,1016.4,,,,,,,,,1011.1,,,13.9,,,,20.3,,,,,,,,,,,,,,10,10,3.5,6.7,,10,,,4.7,
2006-03-30 06:00:00,,,,,0.0,,,,,0.0,0.0,66,,,1017.2,,,,,,,,,1011.9,0.0,,13.9,,,,20.4,,,,,,,,,,,,,,10,350,4.1,5.6,,10,,,4.1,
2006-03-30 07:00:00,,,,,0.13,,,,,0.0,0.0,68,,,1018.1,,,,,,,,,1012.8,0.0,,14.8,,,,21.0,,,,,,,,,,,,,,10,10,4.3,6.2,,10,,,4.5,
2006-03-30 08:00:00,,0.0,,,0.81,,,,,0.0,0.0,67,,,1018.8,,,,,,,,,1013.5,0.2,,15.5,,,,22.0,,,,,,,,,,10.0,,,,20,20,5.7,7.7,,20,,,5.7,
2006-03-30 09:00:00,,0.0,,,1.6,,,,,0.0,0.0,63,,,1019.2,,,,,,,,,1013.9,1.0,,15.7,,,,23.1,,,,,,,,,,10.0,,,,20,10,5.6,8.1,,20,,,5.8,
2006-03-30 10:00:00,,,,,2.42,,,,,0.0,0.0,64,,,1019.5,,,,,,,,,1014.2,1.0,,16.5,,,,23.8,,,,,,,,,,,,,,20,20,5.6,7.7,,20,,,5.7,
2006-03-30 11:00:00,,0.0,,,3.0,,,,,0.0,0.0,59,,,1019.0,,,,,,,,,1013.7,1.0,,15.6,,,,24.1,,,,,,,,,,10.0,,,,20,30,5.6,8.1,,20,,,6.4,
2006-03-30 12:00:00,,,,,3.22,,,,,0.0,0.0,57,,,1018.1,,,,,,,,,1012.9,1.0,,15.8,,,,24.8,,,,,,,,,,,,,,20,20,4.8,7.1,,20,,,5.7,
2006-03-30 13:00:00,,,,,3.19,,,,,0.0,0.0,56,,,1017.4,,,,,,,,,1012.1,1.0,,14.8,,,,24.1,,,,,,,,,,,,,,10,10,4.5,6.7,,10,,,4.8,
2006-03-30 14:00:00,,0.0,,,3.0,,,,,0.0,0.0,60,,,1016.8,,,,,,,,,1011.5,1.0,,15.4,,,,23.5,,,,,,,,,,10.0,,,,10,10,4.4,6.9,,10,,,4.9,
2006-03-30 15:00:00,,,,,2.49,,,,,0.0,0.0,59,,,1015.8,,,,,,,,,1010.6,1.0,,15.5,,,,24.1,,,,,,,,,,,,,,10,10,4.2,6.4,,10,,,4.7,
2006-03-30 16:00:00,,,,,1.76,,,,,0.0,0.0,62,,,1015.6,,,,,,,,,1010.3,1.0,,15.1,,,,22.7,,,,,,,,,,,,,,10,10,4.7,6.8,,10,,,4.8,
2006-03-30 17:00:00,,0.0,,,0.95,,,,,0.0,0.0,64,,,1015.3,,,,,,,,,1010.0,1.0,,15.2,,,,22.4,,,,,,,,,,10.0,,,,20,20,4.5,6.4,,10,,,4.7,
2006-03-30 18:00:00,,,,,0.25,,,,,0.0,0.0,66,,,1015.6,,,,,,,,,1010.3,0.1,,14.7,,,,21.4,,,,,,,,,,,,,,20,360,4.3,6.3,,10,,,4.7,
2006-03-30 19:00:00,,,,,0.0,,,,,0.0,0.0,63,,,1015.6,,,,,,,,,1010.3,0.0,,13.8,,,,21.1,,,,,,,,,,,,,,20,10,3.7,5.8,,20,,,4.3,
2006-03-30 20:00:00,,,,,0.0,,,,,0.0,0.0,66,,,1016.3,,,,,,,,,1011.0,,,14.5,,,,21.0,,,,,,,,,,,,,,30,30,2.6,5.5,,20,,,3.8,
2006-03-30 21:00:00,,,,,0.0,,,,,0.0,0.0,68,,,1017.2,,,,,,,,,1011.9,,,15.3,,,,21.5,,,,,,,,,,,,,,10,10,2.5,3.6,,10,,,2.7,
2006-03-30 22:00:00,,,,,0.0,,,,,0.0,0.0,69,,,1017.7,,,,,,,,,1012.4,,,15.5,,,,21.5,,,,,,,,,,,,,,350,360,2.0,3.6,,10,,,2.8,
2006-03-30 23:00:00,,,,,0.0,,,,,0.0,0.0,70,,,1017.6,,,,,,,,,1012.3,,,15.7,,,,21.5,,,,,,,,,,,,,,360,360,3.5,4.5,,360,,,3.5,
2006-03-31 00:00:00,,,,,0.0,,,,,0.0,0.0,69,,,1017.3,,,,,,,,,1012.0,,,15.7,,,,21.6,,,,,,,,,,,,,,360,360,3.8,5.1,,360,,,3.9,
2006-03-31 01:00:00,,,,,0.0,,,,,0.0,0.0,72,,,1016.6,,,,,,,,,1011.3,,,16.0,,,,21.3,,,,,,,,,,,,,,360,350,3.8,5.0,,360,,,4.1,
2006-03-31 02:00:00,,,,,0.0,,,,,0.0,0.0,73,,,1016.5,,,,,,,,,1011.2,,,16.2,,,,21.2,,,,,,,,,,,,,,360,360,4.5,5.6,,360,,,4.5,
2006-03-31 03:00:00,,,,,0.0,,,,,0.0,0.0,71,,,1016.0,,,,,,,,,1010.7,,,15.7,,,,21.1,,,,,,,,,,,,,,10,10,4.7,6.2,,10,,,5.0,
2006-03-31 04:00:00,,,,,0.0,,,,,0.0,0.0,70,,,1016.1,,,,,,,,,1010.8,,,15.7,,,,21.3,,,,,,,,,,,,,,20,360,4.2,6.1,,10,,,4.6,
2006-03-31 05:00:00,,,,,0.0,,,,,0.0,0.0,70,,,1016.1,,,,,,,,,1010.8,,,15.5,,,,21.3,,,,,,,,,,,,,,20,20,3.7,5.5,,20,,,4.3,
2006-03-31 06:00:00,,,,,0.0,,,,,0.0,0.0,70,,,1016.1,,,,,,,,,1010.8,0.0,,15.9,,,,21.6,,,,,,,,,,,,,,20,10,3.9,5.5,,10,,,4.1,
2006-03-31 07:00:00,,,,,0.02,,,,,0.0,0.0,66,,,1016.7,,,,,,,,,1011.4,0.0,,15.4,,,,22.1,,,,,,,,,,,,,,20,20,3.8,5.1,,20,,,4.1,
2006-03-31 08:00:00,,6.0,,,0.8,,,,,0.0,0.0,61,,,1017.1,,,,,,,,,1011.8,0.0,,15.7,,,,23.6,,,,,,,,,,15.0,,,,30,30,4.1,5.1,,20,,,4.1,
2006-03-31 09:00:00,,1.0,,,1.31,,,,,0.0,0.0,72,,,1017.4,,,,,,,,,1012.1,0.5,,18.8,,,,24.1,,,,,,,,,,12.0,,,,40,40,3.5,5.2,,30,,,4.2,
2006-03-31 10:00:00,,,,,2.24,,,,,0.0,0.0,70,,,1016.9,,,,,,,,,1011.7,1.0,,18.8,,,,24.7,,,,,,,,,,,,,,40,40,3.2,5.3,,40,,,3.9,
2006-03-31 11:00:00,,6.0,,,2.53,,,,,0.0,0.0,70,,,1016.5,,,,,,,,,1011.3,0.6,,18.5,,,,24.3,,,,,,,,,,10.0,,,,40,50,3.8,5.8,,40,,,4.1,
2006-03-31 12:00:00,,,,,2.89,,,,,0.0,0.0,68,,,1015.8,,,,,,,,,1010.6,0.6,,18.5,,,,24.7,,,,,,,,,,,,,,20,20,4.1,6.2,,20,,,4.2,
2006-03-31 13:00:00,,,,,2.15,,,,,0.0,0.0,68,,,1015.1,,,,,,,,,1009.9,0.3,,18.3,,,,24.6,,,,,,,,,,,,,,20,40,3.8,5.6,,20,,,4.2,
2006-03-31 14:00:00,,8.0,,,2.2,,,,,0.0,0.0,68,,,1014.3,,,,,,,,,1009.1,0.1,,18.2,,,,24.5,,,,,,,,,,10.0,,,,10,20,3.9,5.6,,20,,,4.0,
2006-03-31 15:00:00,,,,,1.79,,,,,0.0,0.0,70,,,1013.7,,,,,,,,,1008.5,0.1,,18.4,,,,24.1,,,,,,,,,,,,,,20,20,3.9,5.6,,20,,,4.4,
2006-03-31 16:00:00,,,,,1.5,,,,,0.0,0.0,73,,,1013.5,,,,,,,,,1008.3,0.0,,18.4,,,,23.6,,,,,,,,,,,,,,10,10,5.2,6.9,,10,,,5.2,
2006-03-31 17:00:00,,6.0,,,0.74,,,,,0.0,0.0,69,,,1013.7,,,,,,,,,1008.4,0.0,,16.9,,,,22.9,,,,,,,,,,10.0,,,,10,360,4.8,6.9,,10,,,5.4,
2006-03-31 18:00:00,,,,,0.68,,,,,0.0,0.0,71,,,1013.9,,,,,,,,,1008.6,0.0,,16.7,,,,22.3,,,,,,,,,,,,,,10,10,4.6,6.5,,10,,,4.8,
2006-03-31 19:00:00,,,,,0.6,,,,,0.0,0.0,73,,,1014.5,,,,,,,,,1009.2,0.0,,16.9,,,,21.9,,,,,,,,,,,,,,10,10,3.6,5.7,,10,,,4.6,
2006-03-31 20:00:00,,,,,0.59,,,,,0.0,0.0,74,,,1015.2,,,,,,,,,1009.9,,,17.0,,,,21.9,,,,,,,,,,,,,,20,10,3.2,4.3,,10,,,3.5,
2006-03-31 21:00:00,,,,,0.0,,,,,0.0,0.0,73,,,1015.7,,,,,,,,,1010.4,,,17.0,,,,22.1,,,,,,,,,,,,,,10,20,2.7,3.7,,20,,,3.2,
2006-03-31 22:00:00,,,,,0.0,,,,,0.0,0.0,75,,,1015.8,,,,,,,,,1010.5,,,17.3,,,,22.0,,,,,,,,,,,,,,10,10,2.5,3.9,,360,,,3.2,
2006-03-31 23:00:00,,,,,0.0,,,,,0.0,0.0,78,,,1015.3,,,,,,,,,1010.0,,,17.6,,,,21.6,,,,,,,,,,,,,,30,10,2.0,3.4,,20,,,2.7,
2006-04-01 00:00:00,,,,,0.0,,,,,0.0,0.0,77,,,1015.3,,,,,,,,,1010.0,,,17.8,,,,22.0,,,,,,,,,,,,,,20,360,2.2,3.4,,20,,,2.7,
2006-04-01 01:00:00,,,,,-9.95,,,,,0.0,0.0,79,,,1014.6,,,,,,,,,1009.3,,,18.2,,,,22.0,,,,,,,,,,,,,,30,10,1.9,2.6,,20,,,2.2,
2006-04-01 02:00:00,,,,,-9.95,,,,,0.0,0.0,81,,,1014.0,,,,,,,,,1008.7,,,18.4,,,,21.9,,,,,,,,,,,,,,30,30,1.9,2.7,,40,,,2.2,
2006-04-01 03:00:00,,,,,-9.95,,,,,0.0,0.0,79,,,1013.6,,,,,,,,,1008.3,,,18.5,,,,22.3,,,,,,,,,,,,,,60,50,2.9,4.2,,40,,,3.3,
2006-04-01 04:00:00,,,,,-9.95,,,,,0.0,0.0,79,,,1013.2,,,,,,,,,1007.9,,,18.4,,,,22.3,,,,,,,,,,,,,,90,60,2.5,3.9,,60,,,3.2,
2006-04-01 05:00:00,,,,,-9.95,,,,,0.0,0.0,73,,,1013.4,,,,,,,,,1008.1,,,17.5,,,,22.5,,,,,,,,,,,,,,110,120,2.7,4.0,,110,,,2.9,
2006-04-01 06:00:00,,,,,-9.95,,,,,0.0,0.0,70,,,1013.3,,,,,,,,,1008.0,0.0,,16.8,,,,22.5,,,,,,,,,,,,,,120,110,3.5,5.5,,120,,,3.7,
2006-04-01 07:00:00,,,,,-9.95,,,,,0.0,0.0,72,,,1013.4,,,,,,,,,1008.2,0.0,,17.8,,,,23.2,,,,,,,,,,,,,,140,130,2.9,5.0,,120,,,3.6,
2006-04-01 08:00:00,,7.0,,,-9.95,,,,,0.0,0.0,69,,,1014.0,,,,,,,,,1008.8,0.0,,18.4,,,,24.4,,,,,,,,,,10.0,,,,180,140,3.7,5.1,,150,,,4.0,
2006-04-01 09:00:00,,6.0,,,-9.95,,,,,0.0,0.0,69,,,1014.0,,,,,,,,,1008.8,0.5,,20.3,,,,26.4,,,,,,,,,,20.0,,,,180,190,6.1,10.0,,180,,,6.1,
2006-04-01 10:00:00,,,,,-9.95,,,,,0.0,0.0,66,,,1014.0,,,,,,,,,1008.8,0.6,,20.5,,,,27.4,,,,,,,,,,,,,,170,170,9.5,14.8,,170,,,9.9,
2006-04-01 11:00:00,,0.0,,,-9.95,,,,,0.0,0.0,66,,,1013.9,,,,,,,,,1008.7,1.0,,20.6,,,,27.5,,,,,,,,,,18.0,,,,160,170,9.9,14.6,,160,,,10.4,
2006-04-01 12:00:00,,,,,-9.95,,,,,0.0,0.0,68,,,1013.4,,,,,,,,,1008.2,0.9,,21.4,,,,27.8,,,,,,,,,,,,,,160,160,10.1,15.3,,160,,,11.4,
2006-04-01 13:00:00,,,,,-9.95,,,,,0.0,0.0,74,,,1012.5,,,,,,,,,1007.3,0.0,,21.7,,,,26.8,,,,,,,,,,,,,,170,160,9.3,15.3,,170,,,10.6,
2006-04-01 14:00:00,,8.0,,,-9.95,,,,,0.0,0.0,75,,,1011.7,,,,,,,,,1006.5,0.0,,22.0,,,,26.9,,,,,,,,,,15.0,,,,170,180,9.0,13.9,,170,,,9.7,
2006-04-01 15:00:00,,,,,-9.95,,,,,0.0,0.0,75,,,1011.0,,,,,,,,,1005.8,0.8,,22.5,,,,27.4,,,,,,,,,,,,,,170,180,9.4,13.5,,170,,,9.7,
2006-04-01 16:00:00,,,,,-9.95,,,,,0.0,0.0,79,,,1010.8,,,,,,,,,1005.6,0.2,,22.6,,,,26.6,,,,,,,,,,,,,,170,180,9.0,13.4,,170,,,9.8,
2006-04-01 17:00:00,,6.0,,,-9.95,,,,,0.0,0.0,81,,,1011.3,,,,,,,,,1006.1,0.5,,22.6,,,,26.1,,,,,,,,,,10.0,,,,180,170,7.4,11.2,,170,,,8.9,
2006-04-01 18:00:00,,,,,-9.95,,,,,0.0,0.0,84,,,1011.2,,,,,,,,,1006.0,0.0,,22.6,,,,25.5,,,,,,,,,,,,,,170,170,7.3,10.9,,180,,,7.6,
2006-04-01 19:00:00,,,,,-9.95,,,,,0.0,0.0,87,,,1011.5,,,,,,,,,1006.3,0.0,,22.9,,,,25.2,,,,,,,,,,,,,,170,180,6.8,10.5,,170,,,7.9,
2006-04-01 20:00:00,,,,,-9.95,,,,,0.0,0.0,88,,,1012.2,,,,,,,,,1007.0,,,23.4,,,,25.5,,,,,,,,,,,,,,170,170,5.3,7.7,,180,,,6.7,
2006-04-01 21:00:00,,,,,-9.95,,,,,0.0,0.0,88,,,1012.6,,,,,,,,,1007.4,,,23.4,,,,25.5,,,,,,,,,,,,,,170,170,5.8,7.8,,170,,,5.8,
2006-04-01 22:00:00,,,,,-9.95,,,,,0.0,0.0,90,,,1012.5,,,,,,,,,1007.3,,,23.4,,,,25.2,,,,,,,,,,,,,,170,170,6.3,8.6,,170,,,6.3,
2006-04-01 23:00:00,,,,,-9.95,,,,,0.0,0.0,91,,,1012.5,,,,,,,,,1007.3,,,23.6,,,,25.2,,,,,,,,,,,,,,170,170,4.5,9.4,,170,,,6.8,
2006-04-02 00:00:00,,,,,-9.95,,,,,0.0,0.0,91,,,1012.3,,,,,,,,,1007.1,,,23.6,,,,25.1,,,,,,,,,,,,,,170,170,4.3,6.3,,170,,,4.8,
2006-04-02 01:00:00,,,,,-9.95,,,,,0.0,0.0,92,,,1012.0,,,,,,,,,1006.8,,,23.6,,,,25.0,,,,,,,,,,,,,,180,170,3.8,5.5,,170,,,4.4,
2006-04-02 02:00:00,,,,,-9.95,,,,,0.0,0.0,93,,,1012.0,,,,,,,,,1006.8,,,23.7,,,,24.9,,,,,,,,,,,,,,220,200,2.5,4.6,,180,,,3.8,
2006-04-02 03:00:00,,,,,-9.95,,,,,0.0,0.0,93,,,1011.5,,,,,,,,,1006.3,,,23.6,,,,24.8,,,,,,,,,,,,,,200,180,1.8,3.8,,190,,,3.0,
2006-04-02 04:00:00,,,,,-9.95,,,,,0.0,0.0,95,,,1011.3,,,,,,,,,1006.1,,,23.8,,,,24.7,,,,,,,,,,,,,,260,220,0.4,2.8,,210,,,2.5,
2006-04-02 05:00:00,,,,,-9.95,,,,,0.0,0.0,96,,,1011.2,,,,,,,,,1006.0,,,23.7,,,,24.4,,,,,,,,,,,,,,230,210,1.2,2.2,,230,,,1.6,
2006-04-02 06:00:00,,,,,-9.95,,,,,0.0,0.0,98,,,1011.9,,,,,,,,,1006.7,0.0,,23.8,,,,24.2,,,,,,,,,,,,,,280,280,2.0,2.5,,280,,,2.0,
2006-04-02 07:00:00,,,,,-9.95,,,,,0.0,0.0,99,,,1012.1,,,,,,,,,1006.9,0.0,,24.4,,,,24.6,,,,,,,,,,,,,,0,250,0.1,2.1,,270,,,2.0,
2006-04-02 08:00:00,,10.0,,,-9.95,,,,,0.0,0.0,99,,,1013.1,,,,,,,,,1007.9,0.0,,24.5,,,,24.6,,,,,,,,,,0.1,,,,240,150,1.9,3.7,,160,,,2.8,
2006-04-02 09:00:00,,9.0,,,-9.95,,,,,0.0,0.0,99,,,1014.0,,,,,,,,,1008.8,0.0,,24.7,,,,24.9,,,,,,,,,,6.0,,,,320,320,4.0,6.4,,300,,,4.1,
2006-04-02 10:00:00,,,,,-9.95,,,,,0.0,0.0,93,,,1014.5,,,,,,,,,1009.3,0.0,,23.8,,,,25.1,,,,,,,,,,,,,,330,330,3.1,6.0,,320,,,4.7,
2006-04-02 11:00:00,,7.0,,,-9.95,,,,,0.0,0.0,84,,,1013.9,,,,,,,,,1008.7,0.7,,24.3,,,,27.3,,,,,,,,,,6.0,,,,320,330,4.9,7.5,,330,,,6.1,
2006-04-02 12:00:00,,,,,-9.95,,,,,0.0,0.0,85,,,1013.4,,,,,,,,,1008.2,0.6,,23.3,,,,26.1,,,,,,,,,,,,,,350,330,2.4,7.1,,320,,,5.3,
2006-04-02 13:00:00,,,,,-9.95,,,,,0.0,0.0,75,,,1012.2,,,,,,,,,1007.0,1.0,,23.2,,,,28.1,,,,,,,,,,,,,,100,20,2.5,5.2,,10,,,3.5,
2006-04-02 14:00:00,,3.0,,,-9.95,,,,,0.0,0.0,76,,,1011.3,,,,,,,,,1006.1,0.7,,23.0,,,,27.7,,,,,,,,,,10.0,,,,130,140,3.2,4.7,,140,,,3.5,
2006-04-02 15:00:00,,,,,-9.95,,,,,0.0,0.0,78,,,1011.5,,,,,,,,,1006.3,0.8,,23.6,,,,27.8,,,,,,,,,,,,,,290,320,2.5,5.5,,140,,,3.5,
2006-04-02 16:00:00,,,,,-9.95,,,,,0.0,0.0,82,,,1011.0,,,,,,,,,1005.8,0.3,,22.4,,,,25.8,,,,,,,,,,,,,,330,310,4.6,6.5,,330,,,5.2,
2006-04-02 17:00:00,,7.0,,,-9.95,,,,,0.0,0.0,81,,,1011.2,,,,,,,,,1006.0,0.0,,21.8,,,,25.2,,,,,,,,,,15.0,,,,310,320,4.7,6.9,,330,,,5.2,
2006-04-02 18:00:00,,,,,-9.95,,,,,0.0,0.0,83,,,1011.5,,,,,,,,,1006.3,0.3,,21.6,,,,24.6,,,,,,,,,,,,,,290,300,1.7,5.3,,310,,,4.7,
2006-04-02 19:00:00,,,,,-9.95,,,,,0.0,0.0,86,,,1012.0,,,,,,,,,1006.8,0.0,,21.6,,,,24.0,,,,,,,,,,,,,,350,330,3.2,5.2,,320,,,4.2,
2006-04-02 20:00:00,,,,,-9.95,,,,,0.0,0.0,88,,,1012.3,,,,,,,,,1007.1,,,21.6,,,,23.7,,,,,,,,,,,,,,350,340,4.2,5.7,,350,,,4.2,
2006-04-02 21:00:00,,,,,-9.95,,,,,0.0,0.0,88,,,1012.7,,,,,,,,,1007.5,,,21.6,,,,23.8,,,,,,,,,,,,,,360,360,4.0,5.1,,350,,,4.2,
2006-04-02 22:00:00,,,,,-9.95,,,,,0.0,0.0,89,,,1013.2,,,,,,,,,1008.0,,,21.3,,,,23.3,,,,,,,,,,,,,,30,10,3.5,6.1,,10,,,4.6,
2006-04-02 23:00:00,,,,,-9.95,,,,,0.0,0.0,88,,,1013.4,,,,,,,,,1008.2,,,21.0,,,,23.1,,,,,,,,,,,,,,30,30,1.8,4.6,,20,,,3.8,
2006-04-03 00:00:00,,,,,-9.95,,,,,0.0,0.0,86,,,1013.1,,,,,,,,,1007.9,,,21.2,,,,23.6,,,,,,,,,,,,,,350,350,1.5,3.3,,350,,,2.5,
2006-04-03 01:00:00,,,,,-9.95,,,,,0.0,0.0,88,,,1012.9,,,,,,,,,1007.7,,,21.4,,,,23.5,,,,,,,,,,,,,,330,330,2.7,3.5,,330,,,2.7,
2006-04-03 02:00:00,,,,,-9.95,,,,,0.0,0.0,90,,,1012.5,,,,,,,,,1007.3,,,21.5,,,,23.2,,,,,,,,,,,,,,320,320,2.7,3.4,,320,,,2.7,
2006-04-03 03:00:00,,,,,-9.95,,,,,0.0,0.0,90,,,1011.9,,,,,,,,,1006.7,,,21.5,,,,23.2,,,,,,,,,,,,,,320,320,2.2,4.1,,320,,,3.3,
2006-04-03 04:00:00,,,,,-9.95,,,,,0.0,0.0,91,,,1012.0,,,,,,,,,1006.8,,,21.7,,,,23.3,,,,,,,,,,,,,,340,330,2.5,4.8,,330,,,3.2,
2006-04-03 05:00:00,,,,,-9.95,,,,,0.0,0.0,91,,,1012.4,,,,,,,,,1007.2,,,21.7,,,,23.3,,,,,,,,,,,,,,350,350,3.3,4.9,,350,,,3.7,
2006-04-03 06:00:00,,,,,-9.95,,,,,0.0,0.0,91,,,1012.9,,,,,,,,,1007.7,0.0,,21.8,,,,23.4,,,,,,,,,,,,,,360,360,3.2,5.5,,360,,,4.3,
2006-04-03 07:00:00,,,,,-9.95,,,,,0.0,0.0,91,,,1013.5,,,,,,,,,1008.3,0.0,,22.0,,,,23.5,,,,,,,,,,,,,,360,360,4.1,5.8,,360,,,4.3,
2006-04-03 08:00:00,,8.0,,,-9.95,,,,,0.0,0.0,91,,,1014.1,,,,,,,,,1008.9,0.0,,22.0,,,,23.6,,,,,,,,,,4.0,,,,10,360,4.5,6.7,,360,,,5.0,
2006-04-03 09:00:00,,8.0,,,-9.95,,,,,0.0,0.0,88,,,1014.6,,,,,,,,,1009.4,0.0,,22.1,,,,24.3,,,,,,,,,,4.0,,,,10,10,4.0,5.3,,10,,,4.4,
2006-04-03 10:00:00,,,,,-9.95,,,,,0.0,0.0,83,,,1014.7,,,,,,,,,1009.5,0.0,,22.0,,,,25.0,,,,,,,,,,,,,,10,10,4.4,5.7,,20,,,4.5,
2006-04-03 11:00:00,,7.0,,,-9.95,,,,,0.0,0.0,82,,,1014.3,,,,,,,,,1009.1,0.1,,22.2,,,,25.6,,,,,,,,,,4.0,,,,10,360,4.4,6.2,,10,,,4.9,
2006-04-03 12:00:00,,,,,-9.95,,,,,0.0,0.0,82,,,1013.7,,,,,,,,,1008.5,0.0,,21.8,,,,25.1,,,,,,,,,,,,,,10,360,5.2,6.8,,10,,,5.5,
2006-04-03 13:00:00,,,,,-9.95,,,,,0.0,0.0,83,,,1012.8,,,,,,,,,1007.6,0.0,,22.0,,,,25.1,,,,,,,,,,,,,,10,360,5.7,7.4,,10,,,6.1,
2006-04-03 14:00:00,,9.0,,,-9.95,,,,,0.0,0.0,83,,,1012.0,,,,,,,,,1006.8,0.0,,21.8,,,,24.8,,,,,,,,,,4.0,,,,10,10,6.4,7.7,,10,,,6.4,
2006-04-03 15:00:00,,,,,-9.95,,,,,0.0,0.0,82,,,1011.6,,,,,,,,,1006.4,0.4,,22.2,,,,25.6,,,,,,,,,,,,,,10,10,5.5,8.6,,10,,,6.7,
2006-04-03 16:00:00,,,,,-9.95,,,,,0.0,0.0,83,,,1011.6,,,,,,,,,1006.4,0.9,,21.8,,,,24.9,,,,,,,,,,,,,,10,10,5.5,7.3,,10,,,5.9,
2006-04-03 17:00:00,,3.0,,,-9.95,,,,,0.0,0.0,84,,,1011.8,,,,,,,,,1006.6,1.0,,21.7,,,,24.6,,,,,,,,,,4.0,,,,10,10,4.5,6.8,,10,,,5.5,
2006-04-03 18:00:00,,,,,-9.95,,,,,0.0,0.0,86,,,1012.2,,,,,,,,,1007.0,0.1,,21.4,,,,23.9,,,,,,,,,,,,,,10,10,3.4,5.6,,10,,,4.7,
2006-04-03 19:00:00,,,,,-9.95,,,,,0.0,0.0,88,,,1012.5,,,,,,,,,1007.3,0.0,,21.6,,,,23.8,,,,,,,,,,,,,,20,360,0.8,3.8,,10,,,3.5,
2006-04-03 20:00:00,,,,,-9.95,,,,,0.0,0.0,88,,,1012.7,,,,,,,,,1007.5,,,21.6,,,,23.7,,,,,,,,,,,,,,10,360,1.6,3.2,,10,,,2.4,
2006-04-03 21:00:00,,,,,-9.95,,,,,0.0,0.0,89,,,1012.8,,,,,,,,,1007.6,,,21.5,,,,23.4,,,,,,,,,,,,,,90,20,1.1,2.2,,10,,,1.5,
2006-04-03 22:00:00,,,,,-9.95,,,,,0.0,0.0,89,,,1012.9,,,,,,,,,1007.7,,,21.7,,,,23.6,,,,,,,,,,,,,,110,110,2.1,2.7,,110,,,2.3,
2006-04-03 23:00:00,,,,,-9.95,,,,,0.0,0.0,89,,,1012.8,,,,,,,,,1007.6,,,21.9,,,,23.9,,,,,,,,,,,,,,0,130,0.0,2.5,,110,,,2.0,
2006-04-04 00:00:00,,,,,-9.95,,,,,0.0,0.0,88,,,1012.4,,,,,,,,,1007.2,,,22.0,,,,24.1,,,,,,,,,,,,,,140,130,0.9,2.5,,120,,,1.4,
2006-04-04 01:00:00,,,,,0.0,,,,,0.0,0.0,88,,,1012.2,,,,,,,,,1007.0,,,22.3,,,,24.4,,,,,,,,,,,,,,0,140,0.0,2.0,,140,,,1.0,
2006-04-04 02:00:00,,,,,0.0,,,,,0.0,0.0,88,,,1011.8,,,,,,,,,1006.6,,,22.1,,,,24.2,,,,,,,,,,,,,,0,0,0.0,0.0,,0,,,0.0,
2006-04-04 03:00:00,,,,,0.0,,,,,0.0,0.0,85,,,1011.7,,,,,,,,,1006.5,,,22.0,,,,24.7,,,,,,,,,,,,,,170,170,2.3,3.0,,180,,,2.3,
2006-04-04 04:00:00,,,,,0.0,,,,,0.0,0.0,87,,,1011.5,,,,,,,,,1006.3,,,22.1,,,,24.4,,,,,,,,,,,,,,130,140,2.8,3.6,,130,,,2.8,
2006-04-04 05:00:00,,,,,0.0,,,,,0.0,0.0,88,,,1011.4,,,,,,,,,1006.2,,,22.7,,,,24.8,,,,,,,,,,,,,,170,170,4.2,6.2,,160,,,4.8,
2006-04-04 06:00:00,,,,,0.0,,,,,0.0,0.0,89,,,1011.8,,,,,,,,,1006.6,0.0,,23.3,,,,25.3,,,,,,,,,,,,,,190,180,4.5,7.3,,180,,,5.5,
2006-04-04 07:00:00,,,,,0.27,,,,,0.0,0.0,89,,,1012.2,,,,,,,,,1007.0,0.3,,23.6,,,,25.5,,,,,,,,,,,,,,180,180,4.8,7.5,,180,,,5.5,
2006-04-04 08:00:00,,6.0,,,0.77,,,,,0.0,0.0,85,,,1012.8,,,,,,,,,1007.6,0.7,,23.6,,,,26.4,,,,,,,,,,10.0,,,,170,180,6.0,8.6,,170,,,6.0,
2006-04-04 09:00:00,,4.0,,,1.46,,,,,0.0,0.0,82,,,1012.8,,,,,,,,,1007.6,0.9,,23.6,,,,27.0,,,,,,,,,,10.0,,,,180,170,7.2,10.1,,180,,,7.3,
2006-04-04 10:00:00,,,,,1.36,,,,,0.0,0.0,81,,,1013.1,,,,,,,,,1007.9,0.5,,23.3,,,,26.9,,,,,,,,,,,,,,180,170,7.3,10.3,,170,,,7.3,
2006-04-04 11:00:00,,9.0,,,1.44,,,,,0.0,0.0,82,,,1012.7,,,,,,,,,1007.5,0.2,,23.5,,,,26.9,,,,,,,,,,10.0,,,,180,170,6.5,9.9,,170,,,7.6,
2006-04-04 12:00:00,,,,,2.19,,,,,0.0,0.0,81,,,1012.1,,,,,,,,,1006.9,0.6,,24.2,,,,27.7,,,,,,,,,,,,,,190,180,8.2,10.0,,190,,,8.2,
2006-04-04 13:00:00,,,,,2.4,,,,,0.0,0.0,80,,,1011.2,,,,,,,,,1006.0,1.0,,24.1,,,,27.8,,,,,,,,,,,,,,190,190,7.5,9.1,,190,,,8.2,
2006-04-04 14:00:00,,3.0,,,2.28,,,,,0.0,0.0,81,,,1010.3,,,,,,,,,1005.2,0.9,,24.6,,,,28.2,,,,,,,,,,10.0,,,,200,190,5.0,8.9,,190,,,7.8,
2006-04-04 15:00:00,,,,,1.88,,,,,0.0,0.0,81,,,1009.5,,,,,,,,,1004.4,1.0,,24.4,,,,27.9,,,,,,,,,,,,,,200,210,5.5,7.0,,200,,,5.5,
2006-04-04 16:00:00,,,,,1.38,,,,,0.0,0.0,83,,,1009.2,,,,,,,,,1004.0,1.0,,24.1,,,,27.2,,,,,,,,,,,,,,210,210,5.8,7.3,,200,,,5.8,
2006-04-04 17:00:00,,7.0,,,0.73,,,,,0.0,0.0,86,,,1009.4,,,,,,,,,1004.2,0.6,,23.6,,,,26.1,,,,,,,,,,10.0,,,,250,200,3.5,6.9,,210,,,6.0,
2006-04-04 18:00:00,,,,,0.21,,,,,0.0,0.0,88,,,1009.4,,,,,,,,,1004.2,0.4,,23.0,,,,25.2,,,,,,,,,,,,,,230,220,4.7,5.4,,240,,,4.8,
2006-04-04 19:00:00,,,,,0.0,,,,,0.0,0.0,89,,,1009.5,,,,,,,,,1004.3,0.0,,22.9,,,,24.8,,,,,,,,,,,,,,230,210,3.6,5.5,,220,,,4.9,
2006-04-04 20:00:00,,,,,0.0,,,,,0.0,0.0,90,,,1009.6,,,,,,,,,1004.4,,,22.8,,,,24.6,,,,,,,,,,,,,,220,210,4.0,4.7,,220,,,4.0,
2006-04-04 21:00:00,,,,,0.0,,,,,0.0,0.0,90,,,1010.1,,,,,,,,,1004.9,,,22.8,,,,24.5,,,,,,,,,,,,,,220,200,4.3,6.2,,200,,,5.2,
2006-04-04 22:00:00,,,,,0.0,,,,,0.0,0.0,91,,,1010.4,,,,,,,,,1005.2,,,23.0,,,,24.5,,,,,,,,,,,,,,210,220,3.8,4.9,,220,,,4.5,
2006-04-04 23:00:00,,,,,0.0,,,,,0.0,0.0,91,,,1009.7,,,,,,,,,1004.5,,,23.3,,,,24.8,,,,,,,,,,,,,,190,190,6.9,8.8,,190,,,7.0,
2006-04-05 00:00:00,,,,,0.0,,,,,0.0,0.0,92,,,1009.2,,,,,,,,,1004.0,,,23.5,,,,24.9,,,,,,,,,,,,,,190,190,8.9,11.2,,190,,,8.9,
2006-04-05 01:00:00,,,,,0.0,,,,,0.0,0.0,90,,,1008.9,,,,,,,,,1003.7,,,23.4,,,,25.2,,,,,,,,,,,,,,190,200,7.5,10.9,,190,,,9.6,
2006-04-05 02:00:00,,,,,0.0,,,,,0.0,0.0,88,,,1008.6,,,,,,,,,1003.4,,,23.2,,,,25.3,,,,,,,,,,,,,,190,190,9.0,11.6,,190,,,9.0,
2006-04-05 03:00:00,,,,,0.0,,,,,0.0,0.0,89,,,1008.6,,,,,,,,,1003.4,,,23.1,,,,25.1,,,,,,,,,,,,,,200,190,6.9,9.9,,190,,,9.0,
2006-04-05 04:00:00,,,,,0.0,,,,,0.0,0.0,89,,,1008.9,,,,,,,,,1003.7,,,23.1,,,,25.1,,,,,,,,,,,,,,210,210,5.8,8.6,,200,,,7.1,
2006-04-05 05:00:00,,,,,0.0,,,,,0.0,0.0,88,,,1009.6,,,,,,,,,1004.4,,,23.0,,,,25.1,,,,,,,,,,,,,,220,220,5.0,8.0,,220,,,7.0,
2006-04-05 06:00:00,,,,,0.0,,,,,0.0,0.0,88,,,1010.0,,,,,,,,,1004.8,0.0,,22.9,,,,25.0,,,,,,,,,,,,,,210,210,5.0,6.4,,220,,,5.3,
2006-04-05 07:00:00,,,,,0.01,,,,,0.0,0.0,90,,,1011.0,,,,,,,,,1005.8,0.0,,23.1,,,,24.9,,,,,,,,,,,,,,230,210,2.8,5.6,,210,,,5.0,
2006-04-05 08:00:00,,8.0,,,0.6,,,,,0.0,0.0,90,,,1011.3,,,,,,,,,1006.1,0.0,,23.5,,,,25.2,,,,,,,,,,10.0,,,,210,210,3.4,6.2,,210,,,5.5,
2006-04-05 09:00:00,,4.0,,,1.11,,,,,0.0,0.0,89,,,1011.7,,,,,,,,,1006.5,0.5,,24.1,,,,26.1,,,,,,,,,,10.0,,,,230,210,4.3,6.7,,220,,,5.8,
2006-04-05 10:00:00,,,,,1.91,,,,,0.0,0.0,83,,,1011.8,,,,,,,,,1006.6,1.0,,23.8,,,,27.0,,,,,,,,,,,,,,220,210,4.7,6.5,,210,,,4.9,
2006-04-05 11:00:00,,0.0,,,2.4,,,,,0.0,0.0,80,,,1011.3,,,,,,,,,1006.1,1.0,,23.2,,,,26.9,,,,,,,,,,10.0,,,,210,220,6.1,7.5,,210,,,6.1,
2006-04-05 12:00:00,,,,,2.4,,,,,0.0,0.0,78,,,1010.9,,,,,,,,,1005.7,1.0,,22.9,,,,27.1,,,,,,,,,,,,,,230,230,6.5,8.5,,220,,,7.0,
2006-04-05 13:00:00,,,,,2.4,,,,,0.0,0.0,77,,,1010.3,,,,,,,,,1005.1,1.0,,22.9,,,,27.3,,,,,,,,,,,,,,220,220,6.0,8.0,,220,,,6.8,
2006-04-05 14:00:00,,0.0,,,2.37,,,,,0.0,0.0,77,,,1009.2,,,,,,,,,1004.0,1.0,,22.8,,,,27.2,,,,,,,,,,20.0,,,,230,230,6.3,7.5,,230,,,6.3,
2006-04-05 15:00:00,,,,,1.8,,,,,0.0,0.0,79,,,1008.3,,,,,,,,,1003.1,1.0,,22.7,,,,26.7,,,,,,,,,,,,,,230,230,6.8,9.1,,230,,,7.3,
2006-04-05 16:00:00,,,,,1.28,,,,,0.0,0.0,80,,,1008.5,,,,,,,,,1003.3,1.0,,22.6,,,,26.4,,,,,,,,,,,,,,230,220,7.3,9.5,,230,,,8.0,
2006-04-05 17:00:00,,0.0,,,0.71,,,,,0.0,0.0,82,,,1009.2,,,,,,,,,1004.0,1.0,,22.5,,,,25.8,,,,,,,,,,15.0,,,,250,240,5.0,8.3,,230,,,7.2,
2006-04-05 18:00:00,,,,,0.17,,,,,0.0,0.0,85,,,1009.4,,,,,,,,,1004.2,0.0,,22.3,,,,25.0,,,,,,,,,,,,,,240,230,4.4,6.7,,250,,,5.0,
2006-04-05 19:00:00,,,,,0.0,,,,,0.0,0.0,86,,,1010.4,,,,,,,,,1005.2,0.0,,22.4,,,,24.9,,,,,,,,,,,,,,210,240,2.5,5.7,,240,,,4.4,
2006-04-05 20:00:00,,,,,0.0,,,,,0.0,0.0,87,,,1011.3,,,,,,,,,1006.1,,,22.4,,,,24.7,,,,,,,,,,,,,,240,240,3.5,4.5,,240,,,4.1,
2006-04-05 21:00:00,,,,,0.0,,,,,0.0,0.0,87,,,1012.3,,,,,,,,,1007.1,,,22.5,,,,24.9,,,,,,,,,,,,,,0,230,0.0,3.5,,240,,,3.4,
2006-04-05 22:00:00,,,,,0.0,,,,,0.0,0.0,88,,,1012.7,,,,,,,,,1007.5,,,22.6,,,,24.8,,,,,,,,,,,,,,0,70,0.0,2.7,,70,,,1.1,
2006-04-05 23:00:00,,,,,0.0,,,,,0.0,0.0,87,,,1012.8,,,,,,,,,1007.6,,,22.5,,,,24.8,,,,,,,,,,,,,,0,0,0.0,0.0,,0,,,0.0,
2006-04-06 00:00:00,,,,,0.0,,,,,0.0,0.0,87,,,1012.6,,,,,,,,,1007.4,,,21.1,,,,23.3,,,,,,,,,,,,,,10,10,9.2,12.9,,10,,,9.2,
2006-04-06 01:00:00,,,,,0.0,,,,,0.0,0.0,87,,,1012.5,,,,,,,,,1007.3,,,21.0,,,,23.3,,,,,,,,,,,,,,20,10,7.6,11.9,,10,,,9.4,
2006-04-06 02:00:00,,,,,0.0,,,,,0.0,0.0,84,,,1011.9,,,,,,,,,1006.7,,,20.4,,,,23.2,,,,,,,,,,,,,,20,20,9.6,12.6,,20,,,10.3,
2006-04-06 03:00:00,,,,,0.0,,,,,0.0,0.0,84,,,1011.5,,,,,,,,,1006.3,,,20.1,,,,22.9,,,,,,,,,,,,,,20,30,9.2,13.0,,20,,,10.0,
2006-04-06 04:00:00,,,,,0.0,,,,,0.0,0.0,85,,,1011.2,,,,,,,,,1006.0,,,20.4,,,,23.0,,,,,,,,,,,,,,30,30,6.9,11.4,,20,,,9.2,
2006-04-06 05:00:00,,,,,0.0,,,,,0.0,0.0,85,,,1011.2,,,,,,,,,1006.0,,,20.3,,,,23.0,,,,,,,,,,,,,,50,30,6.3,9.8,,40,,,7.5,
2006-04-06 06:00:00,,,,,0.0,,,,,0.0,0.0,85,,,1011.8,,,,,,,,,1006.6,0.0,,20.5,,,,23.1,,,,,,,,,,,,,,30,20,6.6,8.6,,30,,,6.7,
2006-04-06 07:00:00,,,,,0.0,,,,,0.0,0.0,85,,,1012.6,,,,,,,,,1007.4,0.0,,20.5,,,,23.2,,,,,,,,,,,,,,20,20,5.9,9.8,,20,,,7.8,
2006-04-06 08:00:00,,7.0,,,0.5,,,,,0.0,0.0,82,,,1012.7,,,,,,,,,1007.5,0.3,,21.0,,,,24.2,,,,,,,,,,10.0,,,,20,30,6.9,9.3,,20,,,7.1,
2006-04-06 09:00:00,,5.0,,,1.38,,,,,0.0,0.0,80,,,1013.1,,,,,,,,,1007.9,0.9,,21.4,,,,25.0,,,,,,,,,,10.0,,,,20,30,5.4,9.0,,20,,,7.3,
2006-04-06 10:00:00,,,,,1.49,,,,,0.0,0.0,82,,,1013.6,,,,,,,,,1008.4,0.3,,20.9,,,,24.1,,,,,,,,,,,,,,10,10,5.9,7.9,,10,,,6.2,
2006-04-06 11:00:00,,8.0,,,1.58,,,,,0.0,0.0,80,,,1013.9,,,,,,,,,1008.7,0.2,,21.4,,,,25.0,,,,,,,,,,10.0,,,,10,10,5.1,6.8,,10,,,5.9,
2006-04-06 12:00:00,,,,,2.35,,,,,0.0,0.0,79,,,1013.8,,,,,,,,,1008.6,0.7,,21.5,,,,25.5,,,,,,,,,,,,,,360,360,5.8,7.8,,360,,,6.0,
2006-04-06 13:00:00,,,,,1.09,,,,,0.0,0.0,84,,,1014.0,,,,,,,,,1008.7,0.1,,19.8,,,,22.7,,,,,,,,,,,,,,360,360,10.9,14.0,,360,,,10.9,
2006-04-06 14:00:00,,10.0,,,0.35,,,,,0.0,0.0,85,,,1013.7,,,,,,,,,1008.4,0.0,,18.8,,,,21.4,,,,,,,,,,4.0,,,,360,360,11.6,16.3,,360,,,12.4,
2006-04-06 15:00:00,,,,,1.29,,,,,0.0,0.0,83,,,1012.9,,,,,,,,,1007.6,0.3,,19.1,,,,22.2,,,,,,,,,,,,,,10,10,9.3,16.5,,10,,,12.8,
2006-04-06 16:00:00,,,,,0.45,,,,,0.0,0.0,85,,,1012.7,,,,,,,,,1007.4,0.0,,18.4,,,,21.1,,,,,,,,,,,,,,20,10,9.9,15.3,,10,,,11.6,
2006-04-06 17:00:00,,5.0,,,0.6,,,,,0.0,0.0,83,,,1011.7,,,,,,,,,1006.4,0.3,,18.8,,,,21.8,,,,,,,,,,10.0,,,,60,30,8.4,13.2,,20,,,9.8,
2006-04-06 18:00:00,,,,,0.2,,,,,0.0,0.0,85,,,1012.1,,,,,,,,,1006.8,0.1,,19.1,,,,21.8,,,,,,,,,,,,,,60,60,6.4,10.3,,60,,,8.3,
2006-04-06 19:00:00,,,,,0.0,,,,,0.0,0.0,85,,,1012.6,,,,,,,,,1007.3,0.0,,19.4,,,,22.0,,,,,,,,,,,,,,20,50,5.3,7.2,,60,,,6.3,
2006-04-06 20:00:00,,,,,0.0,,,,,0.0,0.0,86,,,1013.6,,,,,,,,,1008.3,,,19.8,,,,22.3,,,,,,,,,,,,,,360,360,6.2,8.7,,360,,,6.2,
2006-04-06 21:00:00,,,,,0.0,,,,,0.0,0.0,86,,,1014.0,,,,,,,,,1008.7,,,19.5,,,,22.0,,,,,,,,,,,,,,360,360,7.4,10.4,,360,,,7.6,
2006-04-06 22:00:00,,,,,0.0,,,,,0.0,0.0,84,,,1014.3,,,,,,,,,1009.0,,,19.3,,,,22.1,,,,,,,,,,,,,,10,360,8.5,11.8,,10,,,8.9,
2006-04-06 23:00:00,,,,,0.0,,,,,0.0,0.0,83,,,1014.4,,,,,,,,,1009.1,,,19.2,,,,22.3,,,,,,,,,,,,,,10,360,7.9,11.8,,10,,,9.2,
2006-04-07 00:00:00,,,,,0.0,,,,,0.0,0.0,83,,,1013.8,,,,,,,,,1008.5,,,19.3,,,,22.4,,,,,,,,,,,,,,20,10,7.1,10.9,,10,,,8.6,
2006-04-07 01:00:00,,,,,0.0,,,,,0.0,0.0,82,,,1013.6,,,,,,,,,1008.3,,,19.3,,,,22.5,,,,,,,,,,,,,,10,20,8.0,11.1,,20,,,8.2,
2006-04-07 02:00:00,,,,,0.0,,,,,0.0,0.0,82,,,1013.2,,,,,,,,,1007.9,,,19.4,,,,22.7,,,,,,,,,,,,,,10,10,7.7,10.7,,10,,,8.4,
2006-04-07 03:00:00,,,,,0.0,,,,,0.0,0.0,81,,,1012.8,,,,,,,,,1007.5,,,19.2,,,,22.6,,,,,,,,,,,,,,360,360,8.6,12.0,,360,,,9.1,
2006-04-07 04:00:00,,,,,0.0,,,,,0.0,0.0,80,,,1012.6,,,,,,,,,1007.3,,,18.8,,,,22.5,,,,,,,,,,,,,,10,10,9.9,14.2,,10,,,10.7,
2006-04-07 05:00:00,,,,,0.0,,,,,0.0,0.0,79,,,1012.9,,,,,,,,,1007.6,,,18.6,,,,22.5,,,,,,,,,,,,,,10,360,11.9,14.8,,10,,,11.9,
2006-04-07 06:00:00,,,,,0.0,,,,,0.0,0.0,77,,,1013.4,,,,,,,,,1008.1,0.0,,17.8,,,,22.1,,,,,,,,,,,,,,10,10,11.4,15.0,,10,,,12.2,
2006-04-07 07:00:00,,,,,0.03,,,,,0.0,0.0,76,,,1014.1,,,,,,,,,1008.8,0.0,,18.0,,,,22.4,,,,,,,,,,,,,,20,10,10.1,14.6,,10,,,11.4,
2006-04-07 08:00:00,,5.0,,,0.61,,,,,0.0,0.0,76,,,1014.7,,,,,,,,,1009.4,0.4,,18.7,,,,23.2,,,,,,,,,,25.0,,,,10,10,9.4,13.4,,20,,,10.2,
2006-04-07 09:00:00,,7.0,,,1.08,,,,,0.0,0.0,76,,,1015.1,,,,,,,,,1009.8,0.7,,18.8,,,,23.2,,,,,,,,,,25.0,,,,10,10,11.1,14.8,,10,,,11.2,
2006-04-07 10:00:00,,,,,1.2,,,,,0.0,0.0,71,,,1015.1,,,,,,,,,1009.9,0.3,,18.9,,,,24.5,,,,,,,,,,,,,,20,10,10.9,14.4,,10,,,11.3,
2006-04-07 11:00:00,,1.0,,,2.2,,,,,0.0,0.0,66,,,1014.9,,,,,,,,,1009.7,0.9,,17.8,,,,24.6,,,,,,,,,,25.0,,,,20,20,10.8,14.7,,20,,,11.2,
2006-04-07 12:00:00,,,,,2.38,,,,,0.0,0.0,66,,,1014.4,,,,,,,,,1009.2,1.0,,17.9,,,,24.7,,,,,,,,,,,,,,20,20,9.7,14.1,,20,,,10.7,
2006-04-07 13:00:00,,,,,2.4,,,,,0.0,0.0,66,,,1013.8,,,,,,,,,1008.6,1.0,,18.1,,,,24.8,,,,,,,,,,,,,,20,20,10.0,14.0,,20,,,10.6,
2006-04-07 14:00:00,,0.0,,,2.22,,,,,0.0,0.0,65,,,1013.2,,,,,,,,,1008.0,1.0,,17.4,,,,24.3,,,,,,,,,,20.0,,,,20,20,10.1,14.3,,20,,,10.5,
2006-04-07 15:00:00,,,,,1.78,,,,,0.0,0.0,65,,,1012.8,,,,,,,,,1007.6,1.0,,17.4,,,,24.3,,,,,,,,,,,,,,20,20,9.2,13.3,,20,,,10.3,
2006-04-07 16:00:00,,,,,1.2,,,,,0.0,0.0,70,,,1012.8,,,,,,,,,1007.6,1.0,,17.7,,,,23.6,,,,,,,,,,,,,,10,30,8.2,12.4,,20,,,9.7,
2006-04-07 17:00:00,,0.0,,,0.64,,,,,0.0,0.0,69,,,1013.2,,,,,,,,,1008.0,0.7,,17.1,,,,23.0,,,,,,,,,,18.0,,,,10,360,9.4,13.1,,10,,,10.4,
2006-04-07 18:00:00,,,,,0.15,,,,,0.0,0.0,73,,,1014.1,,,,,,,,,1008.8,0.0,,17.6,,,,22.6,,,,,,,,,,,,,,10,360,9.0,13.3,,10,,,10.2,
2006-04-07 19:00:00,,,,,0.0,,,,,0.0,0.0,72,,,1014.6,,,,,,,,,1009.3,0.0,,17.4,,,,22.6,,,,,,,,,,,,,,10,360,7.6,11.9,,10,,,9.1,
2006-04-07 20:00:00,,,,,0.0,,,,,0.0,0.0,74,,,1015.3,,,,,,,,,1010.0,,,17.6,,,,22.4,,,,,,,,,,,,,,360,360,7.1,10.4,,10,,,7.8,
2006-04-07 21:00:00,,,,,0.0,,,,,0.0,0.0,75,,,1016.3,,,,,,,,,1011.0,,,17.5,,,,22.2,,,,,,,,,,,,,,360,360,6.6,10.5,,360,,,8.1,
2006-04-07 22:00:00,,,,,0.0,,,,,0.0,0.0,76,,,1016.5,,,,,,,,,1011.2,,,17.8,,,,22.3,,,,,,,,,,,,,,360,360,6.7,9.7,,10,,,7.1,
2006-04-07 23:00:00,,,,,0.0,,,,,0.0,0.0,77,,,1015.9,,,,,,,,,1010.6,,,18.1,,,,22.3,,,,,,,,,,,,,,10,10,6.2,9.3,,10,,,6.8,
2006-04-08 00:00:00,,,,,0.0,,,,,0.0,0.0,77,,,1015.3,,,,,,,,,1010.0,,,18.2,,,,22.4,,,,,,,,,,,,,,20,10,5.3,7.7,,10,,,6.2,
2006-04-08 01:00:00,,,,,0.0,,,,,0.0,0.0,78,,,1014.4,,,,,,,,,1009.1,,,18.4,,,,22.4,,,,,,,,,,,,,,40,30,3.8,6.4,,20,,,5.3,
2006-04-08 02:00:00,,,,,0.0,,,,,0.0,0.0,78,,,1013.6,,,,,,,,,1008.3,,,18.3,,,,22.3,,,,,,,,,,,,,,30,50,2.8,4.9,,40,,,3.8,
2006-04-08 03:00:00,,,,,0.0,,,,,0.0,0.0,77,,,1012.8,,,,,,,,,1007.5,,,18.5,,,,22.7,,,,,,,,,,,,,,360,350,5.2,7.5,,360,,,5.2,
2006-04-08 04:00:00,,,,,0.0,,,,,0.0,0.0,78,,,1012.9,,,,,,,,,1007.6,,,18.4,,,,22.5,,,,,,,,,,,,,,360,360,6.2,9.0,,360,,,6.6,
2006-04-08 05:00:00,,,,,0.0,,,,,0.0,0.0,84,,,1013.3,,,,,,,,,1008.0,,,19.1,,,,22.0,,,,,,,,,,,,,,360,350,6.8,8.8,,360,,,6.8,
2006-04-08 06:00:00,,,,,0.0,,,,,0.0,0.0,81,,,1013.8,,,,,,,,,1008.5,0.0,,19.0,,,,22.5,,,,,,,,,,,,,,20,360,5.2,8.8,,360,,,6.8,
2006-04-08 07:00:00,,,,,0.0,,,,,0.0,0.0,78,,,1014.4,,,,,,,,,1009.1,0.0,,19.1,,,,23.2,,,,,,,,,,,,,,10,10,3.8,7.2,,10,,,5.3,
2006-04-08 08:00:00,,10.0,,,0.28,,,,,0.0,0.0,78,,,1015.1,,,,,,,,,1009.9,0.0,,19.6,,,,23.7,,,,,,,,,,15.0,,,,20,360,3.2,5.6,,10,,,4.3,
2006-04-08 09:00:00,,8.0,,,0.8,,,,,0.0,0.0,75,,,1015.2,,,,,,,,,1010.0,0.0,,20.0,,,,24.7,,,,,,,,,,10.0,,,,360,350,3.4,5.2,,360,,,3.8,
2006-04-08 10:00:00,,,,,1.74,,,,,0.0,0.0,77,,,1015.3,,,,,,,,,1010.1,0.8,,20.7,,,,25.0,,,,,,,,,,,,,,360,360,4.2,6.4,,360,,,4.4,
2006-04-08 11:00:00,,8.0,,,1.98,,,,,0.0,0.0,77,,,1015.2,,,,,,,,,1010.0,0.6,,20.4,,,,24.8,,,,,,,,,,10.0,,,,360,350,4.3,6.5,,350,,,4.5,
2006-04-08 12:00:00,,,,,1.62,,,,,0.0,0.0,73,,,1014.9,,,,,,,,,1009.7,0.1,,20.6,,,,25.8,,,,,,,,,,,,,,350,10,3.6,5.7,,360,,,4.3,
2006-04-08 13:00:00,,,,,2.03,,,,,0.0,0.0,76,,,1014.2,,,,,,,,,1009.0,0.5,,20.2,,,,24.8,,,,,,,,,,,,,,360,350,4.5,6.2,,360,,,4.6,
2006-04-08 14:00:00,,4.0,,,2.3,,,,,0.0,0.0,74,,,1013.4,,,,,,,,,1008.2,0.9,,20.5,,,,25.4,,,,,,,,,,10.0,,,,360,10,5.2,7.2,,10,,,5.5,
2006-04-08 15:00:00,,,,,1.78,,,,,0.0,0.0,76,,,1012.8,,,,,,,,,1007.6,1.0,,20.1,,,,24.7,,,,,,,,,,,,,,10,10,5.7,7.5,,10,,,5.8,
2006-04-08 16:00:00,,,,,1.43,,,,,0.0,0.0,77,,,1012.3,,,,,,,,,1007.1,1.0,,20.1,,,,24.5,,,,,,,,,,,,,,10,10,5.8,7.7,,10,,,5.8,
2006-04-08 17:00:00,,3.0,,,0.48,,,,,0.0,0.0,78,,,1012.2,,,,,,,,,1007.0,0.4,,19.6,,,,23.6,,,,,,,,,,10.0,,,,20,10,5.3,8.0,,10,,,6.1,
2006-04-08 18:00:00,,,,,0.18,,,,,0.0,0.0,78,,,1012.5,,,,,,,,,1007.3,0.0,,19.2,,,,23.2,,,,,,,,,,,,,,20,360,5.4,7.5,,10,,,5.6,
2006-04-08 19:00:00,,,,,0.0,,,,,0.0,0.0,80,,,1013.3,,,,,,,,,1008.0,0.0,,19.2,,,,22.8,,,,,,,,,,,,,,10,20,4.8,6.9,,20,,,5.3,
2006-04-08 20:00:00,,,,,0.0,,,,,0.0,0.0,80,,,1014.0,,,,,,,,,1008.7,,,19.5,,,,23.1,,,,,,,,,,,,,,10,10,6.4,7.9,,10,,,6.4,
2006-04-08 21:00:00,,,,,0.0,,,,,0.0,0.0,80,,,1014.0,,,,,,,,,1008.8,,,19.6,,,,23.3,,,,,,,,,,,,,,20,360,4.7,7.9,,10,,,6.4,
2006-04-08 22:00:00,,,,,0.0,,,,,0.0,0.0,80,,,1014.3,,,,,,,,,1009.1,,,19.8,,,,23.4,,,,,,,,,,,,,,20,20,5.0,6.8,,20,,,5.3,
2006-04-08 23:00:00,,,,,0.0,,,,,0.0,0.0,82,,,1014.4,,,,,,,,,1009.1,,,19.9,,,,23.2,,,,,,,,,,,,,,20,30,4.2,6.2,,20,,,5.1,
2006-04-09 00:00:00,,,,,0.0,,,,,0.0,0.0,81,,,1013.9,,,,,,,,,1008.7,,,19.8,,,,23.2,,,,,,,,,,,,,,20,30,3.5,4.7,,20,,,4.2,
2006-04-09 01:00:00,,,,,0.0,,,,,0.0,0.0,82,,,1013.4,,,,,,,,,1008.2,,,19.9,,,,23.1,,,,,,,,,,,,,,30,10,2.6,4.9,,20,,,3.5,
2006-04-09 02:00:00,,,,,0.0,,,,,0.0,0.0,81,,,1013.2,,,,,,,,,1008.0,,,19.7,,,,23.2,,,,,,,,,,,,,,20,360,1.9,3.5,,10,,,2.7,
2006-04-09 03:00:00,,,,,0.0,,,,,0.0,0.0,81,,,1012.8,,,,,,,,,1007.6,,,19.8,,,,23.2,,,,,,,,,,,,,,40,60,0.5,2.2,,20,,,1.7,
2006-04-09 04:00:00,,,,,0.0,,,,,0.0,0.0,80,,,1012.5,,,,,,,,,1007.3,,,19.8,,,,23.5,,,,,,,,,,,,,,20,20,2.5,3.1,,20,,,2.5,
2006-04-09 05:00:00,,,,,0.0,,,,,0.0,0.0,82,,,1012.6,,,,,,,,,1007.4,,,20.0,,,,23.3,,,,,,,,,,,,,,30,20,3.0,3.6,,30,,,3.0,
2006-04-09 06:00:00,,,,,0.0,,,,,0.0,0.0,82,,,1012.8,,,,,,,,,1007.6,0.0,,20.2,,,,23.5,,,,,,,,,,,,,,60,20,2.5,4.1,,20,,,3.3,
2006-04-09 07:00:00,,,,,0.0,,,,,0.0,0.0,80,,,1013.2,,,,,,,,,1008.0,0.0,,20.9,,,,24.5,,,,,,,,,,,,,,80,90,2.4,4.1,,50,,,2.8,
2006-04-09 08:00:00,,10.0,,,0.46,,,,,0.0,0.0,78,,,1013.8,,,,,,,,,1008.6,0.0,,21.2,,,,25.4,,,,,,,,,,10.0,,,,110,110,3.5,4.9,,100,,,3.6,
2006-04-09 09:00:00,,9.0,,,0.88,,,,,0.0,0.0,77,,,1013.9,,,,,,,,,1008.7,0.1,,21.8,,,,26.2,,,,,,,,,,12.0,,,,120,100,3.4,6.2,,110,,,4.7,
2006-04-09 10:00:00,,,,,1.32,,,,,0.0,0.0,74,,,1013.6,,,,,,,,,1008.4,0.1,,21.6,,,,26.7,,,,,,,,,,,,,,130,140,3.7,5.7,,130,,,3.8,
2006-04-09 11:00:00,,9.0,,,1.3,,,,,0.0,0.0,72,,,1012.8,,,,,,,,,1007.6,0.1,,21.9,,,,27.4,,,,,,,,,,10.0,,,,150,140,5.7,7.8,,140,,,5.9,
2006-04-09 12:00:00,,,,,1.57,,,,,0.0,0.0,74,,,1012.0,,,,,,,,,1006.9,0.0,,23.3,,,,28.5,,,,,,,,,,,,,,170,160,8.5,13.3,,170,,,8.5,
2006-04-09 13:00:00,,,,,2.28,,,,,0.0,0.0,75,,,1011.0,,,,,,,,,1005.8,0.6,,22.9,,,,27.8,,,,,,,,,,,,,,170,180,11.5,15.4,,170,,,11.5,
2006-04-09 14:00:00,,7.0,,,1.92,,,,,0.0,0.0,76,,,1010.1,,,,,,,,,1005.0,0.4,,23.5,,,,28.1,,,,,,,,,,15.0,,,,170,180,11.3,15.9,,170,,,11.4,
2006-04-09 15:00:00,,,,,1.78,,,,,0.0,0.0,76,,,1009.5,,,,,,,,,1004.4,0.5,,23.6,,,,28.3,,,,,,,,,,,,,,180,180,11.9,16.3,,180,,,12.0,
2006-04-09 16:00:00,,,,,1.25,,,,,0.0,0.0,79,,,1009.1,,,,,,,,,1004.0,0.5,,23.6,,,,27.6,,,,,,,,,,,,,,180,180,11.7,17.3,,180,,,12.0,
2006-04-09 17:00:00,,9.0,,,0.6,,,,,0.0,0.0,81,,,1009.3,,,,,,,,,1004.1,0.0,,23.4,,,,26.9,,,,,,,,,,18.0,,,,170,170,11.7,17.1,,180,,,12.9,
2006-04-09 18:00:00,,,,,0.07,,,,,0.0,0.0,84,,,1009.6,,,,,,,,,1004.4,0.0,,23.6,,,,26.6,,,,,,,,,,,,,,170,180,11.2,16.8,,170,,,12.4,
2006-04-09 19:00:00,,,,,0.0,,,,,0.0,0.0,85,,,1010.2,,,,,,,,,1005.0,0.0,,23.9,,,,26.6,,,,,,,,,,,,,,180,180,11.6,16.7,,180,,,12.0,
2006-04-09 20:00:00,,,,,0.0,,,,,0.0,0.0,87,,,1011.0,,,,,,,,,1005.8,,,24.2,,,,26.6,,,,,,,,,,,,,,190,170,9.5,16.5,,180,,,11.9,
2006-04-09 21:00:00,,,,,0.0,,,,,0.0,0.0,88,,,1011.9,,,,,,,,,1006.7,,,24.4,,,,26.6,,,,,,,,,,,,,,180,180,8.5,14.3,,170,,,10.3,
2006-04-09 22:00:00,,,,,0.0,,,,,0.0,0.0,89,,,1012.0,,,,,,,,,1006.8,,,24.7,,,,26.7,,,,,,,,,,,,,,170,170,8.4,11.2,,170,,,8.6,
2006-04-09 23:00:00,,,,,0.0,,,,,0.0,0.0,87,,,1011.6,,,,,,,,,1006.4,,,24.5,,,,26.8,,,,,,,,,,,,,,170,180,8.9,12.9,,170,,,9.3,
2006-04-10 00:00:00,,,,,0.0,,,,,0.0,0.0,89,,,1011.2,,,,,,,,,1006.0,,,24.5,,,,26.5,,,,,,,,,,,,,,180,180,7.8,11.5,,170,,,8.9,
2006-04-10 01:00:00,,,,,0.0,,,,,0.0,0.0,88,,,1009.8,,,,,,,,,1004.6,,,24.3,,,,26.5,,,,,,,,,,,,,,170,170,8.8,11.9,,170,,,9.2,
2006-04-10 02:00:00,,,,,0.0,,,,,0.0,0.0,89,,,1009.4,,,,,,,,,1004.2,,,24.5,,,,26.4,,,,,,,,,,,,,,180,170,7.0,11.6,,170,,,8.8,
2006-04-10 03:00:00,,,,,0.0,,,,,0.0,0.0,90,,,1009.1,,,,,,,,,1003.9,,,24.5,,,,26.2,,,,,,,,,,,,,,180,170,6.0,9.9,,180,,,7.3,
2006-04-10 04:00:00,,,,,0.0,,,,,0.0,0.0,90,,,1008.8,,,,,,,,,1003.6,,,24.4,,,,26.2,,,,,,,,,,,,,,180,180,7.1,9.6,,180,,,7.2,
2006-04-10 05:00:00,,,,,0.0,,,,,0.0,0.0,89,,,1009.1,,,,,,,,,1003.9,,,24.3,,,,26.3,,,,,,,,,,,,,,180,180,6.3,10.5,,170,,,7.6,
2006-04-10 06:00:00,,,,,0.03,,,,,0.0,0.0,89,,,1009.5,,,,,,,,,1004.3,0.0,,24.4,,,,26.4,,,,,,,,,,,,,,190,200,8.5,12.4,,190,,,8.9,
2006-04-10 07:00:00,,,,,0.14,,,,,0.0,0.0,89,,,1009.8,,,,,,,,,1004.6,0.0,,24.5,,,,26.4,,,,,,,,,,,,,,190,200,6.5,10.9,,190,,,8.8,
2006-04-10 08:00:00,,9.0,,,0.5,,,,,0.3,0.2,90,,,1010.1,,,,,,,,,1004.9,0.1,,24.7,,,,26.4,,,,,,,,,,10.0,,,,180,170,7.2,12.4,,170,,,8.3,
2006-04-10 09:00:00,,9.0,,,2.19,,,,,0.1,0.1,89,,,1010.0,,,,,,,,,1004.8,0.0,,24.6,,,,26.6,,,,,,,,,,10.0,,,,190,190,8.0,12.6,,190,,,10.2,
2006-04-10 10:00:00,,,,,2.17,,,,,0.0,0.0,90,,,1010.1,,,,,,,,,1004.9,0.0,,24.9,,,,26.7,,,,,,,,,,,,,,190,200,12.2,15.8,,190,,,13.2,
2006-04-10 11:00:00,,10.0,,,1.62,,,,,0.0,0.0,86,,,1010.1,,,,,,,,,1004.9,0.0,,24.5,,,,27.0,,,,,,,,,,10.0,,,,190,190,12.8,16.6,,190,,,13.2,
2006-04-10 12:00:00,,,,,1.46,,,,,0.0,0.0,86,,,1009.4,,,,,,,,,1004.2,0.0,,24.9,,,,27.4,,,,,,,,,,,,,,190,190,14.3,17.6,,190,,,14.3,
2006-04-10 13:00:00,,,,,1.72,,,,,0.0,0.0,86,,,1008.9,,,,,,,,,1003.7,0.1,,24.8,,,,27.3,,,,,,,,,,,,,,190,190,13.0,17.2,,190,,,14.5,
2006-04-10 14:00:00,,9.0,,,0.92,,,,,0.0,0.0,87,,,1008.5,,,,,,,,,1003.3,0.0,,24.8,,,,27.2,,,,,,,,,,10.0,,,,190,200,11.7,15.6,,190,,,13.1,
2006-04-10 15:00:00,,,,,1.37,,,,,0.0,0.0,85,,,1008.0,,,,,,,,,1002.9,0.4,,24.8,,,,27.5,,,,,,,,,,,,,,200,200,10.9,15.1,,190,,,12.3,
2006-04-10 16:00:00,,,,,1.31,,,,,0.0,0.0,84,,,1007.9,,,,,,,,,1002.8,0.8,,24.6,,,,27.5,,,,,,,,,,,,,,200,210,9.6,14.0,,200,,,10.8,
2006-04-10 17:00:00,,5.0,,,0.77,,,,,0.0,0.0,86,,,1008.1,,,,,,,,,1002.9,0.5,,24.4,,,,27.0,,,,,,,,,,10.0,,,,210,210,10.4,14.1,,210,,,11.1,
2006-04-10 18:00:00,,,,,0.19,,,,,0.0,0.0,86,,,1008.8,,,,,,,,,1003.6,0.2,,24.3,,,,26.8,,,,,,,,,,,,,,200,190,8.5,13.9,,210,,,10.8,
2006-04-10 19:00:00,,,,,0.0,,,,,0.1,0.2,87,,,1008.9,,,,,,,,,1003.7,0.0,,24.3,,,,26.7,,,,,,,,,,,,,,200,190,8.9,13.6,,190,,,10.8,
2006-04-10 20:00:00,,,,,0.0,,,,,0.0,0.0,88,,,1009.6,,,,,,,,,1004.4,,,24.5,,,,26.7,,,,,,,,,,,,,,190,220,9.3,13.4,,190,,,10.8,
2006-04-10 21:00:00,,,,,0.0,,,,,0.0,0.0,87,,,1010.4,,,,,,,,,1005.2,,,24.5,,,,26.9,,,,,,,,,,,,,,190,210,8.5,11.2,,190,,,9.3,
2006-04-10 22:00:00,,,,,0.0,,,,,0.0,0.0,87,,,1010.4,,,,,,,,,1005.2,,,24.5,,,,26.9,,,,,,,,,,,,,,190,190,8.6,12.3,,190,,,9.1,
2006-04-10 23:00:00,,,,,0.0,,,,,0.0,0.0,88,,,1010.0,,,,,,,,,1004.8,,,24.6,,,,26.7,,,,,,,,,,,,,,200,180,7.3,12.2,,190,,,8.9,
2006-04-11 00:00:00,,,,,0.0,,,,,0.0,0.0,88,,,1010.3,,,,,,,,,1005.1,,,24.5,,,,26.7,,,,,,,,,,,,,,190,210,7.3,10.9,,200,,,7.9,
2006-04-11 01:00:00,,,,,0.0,,,,,0.0,0.0,89,,,1009.6,,,,,,,,,1004.4,,,24.6,,,,26.6,,,,,,,,,,,,,,190,200,8.1,10.9,,190,,,8.1,
2006-04-11 02:00:00,,,,,0.0,,,,,0.0,0.0,88,,,1009.2,,,,,,,,,1004.0,,,24.5,,,,26.6,,,,,,,,,,,,,,190,190,7.0,11.3,,190,,,9.0,
2006-04-11 03:00:00,,,,,0.0,,,,,0.0,0.0,89,,,1008.9,,,,,,,,,1003.7,,,24.5,,,,26.4,,,,,,,,,,,,,,190,190,8.1,10.9,,190,,,8.9,
2006-04-11 04:00:00,,,,,0.0,,,,,0.0,0.0,89,,,1009.3,,,,,,,,,1004.1,,,24.4,,,,26.3,,,,,,,,,,,,,,190,190,6.9,10.2,,190,,,8.2,
2006-04-11 05:00:00,,,,,0.0,,,,,0.0,0.0,89,,,1009.9,,,,,,,,,1004.7,,,24.2,,,,26.2,,,,,,,,,,,,,,200,190,5.6,8.9,,190,,,7.4,
2006-04-11 06:00:00,,,,,0.0,,,,,0.0,0.0,89,,,1010.5,,,,,,,,,1005.3,0.0,,24.3,,,,26.3,,,,,,,,,,,,,,200,200,5.6,8.0,,200,,,6.1,
2006-04-11 07:00:00,,,,,0.15,,,,,0.0,0.0,89,,,1011.4,,,,,,,,,1006.2,0.2,,24.5,,,,26.5,,,,,,,,,,,,,,190,210,6.9,8.2,,190,,,7.0,
2006-04-11 08:00:00,,8.0,,,0.58,,,,,0.0,0.0,88,,,1012.1,,,,,,,,,1006.9,0.2,,24.5,,,,26.7,,,,,,,,,,15.0,,,,190,180,7.0,9.6,,190,,,7.8,
2006-04-11 09:00:00,,8.0,,,1.2,,,,,0.0,0.0,87,,,1012.7,,,,,,,,,1007.5,0.5,,25.2,,,,27.6,,,,,,,,,,18.0,,,,190,190,5.3,9.8,,190,,,7.8,
2006-04-11 10:00:00,,,,,1.94,,,,,0.0,0.0,84,,,1012.7,,,,,,,,,1007.5,0.8,,25.4,,,,28.4,,,,,,,,,,,,,,190,190,6.0,8.6,,190,,,6.0,
2006-04-11 11:00:00,,1.0,,,2.4,,,,,0.0,0.0,81,,,1012.2,,,,,,,,,1007.1,1.0,,25.8,,,,29.5,,,,,,,,,,18.0,,,,190,200,5.6,8.0,,190,,,6.1,
2006-04-11 12:00:00,,,,,2.4,,,,,0.0,0.0,82,,,1011.4,,,,,,,,,1006.3,1.0,,25.2,,,,28.6,,,,,,,,,,,,,,190,190,6.7,9.2,,190,,,6.7,
2006-04-11 13:00:00,,,,,2.4,,,,,0.0,0.0,81,,,1010.6,,,,,,,,,1005.5,1.0,,25.5,,,,29.1,,,,,,,,,,,,,,200,180,5.9,9.9,,190,,,7.4,
2006-04-11 14:00:00,,1.0,,,2.4,,,,,0.0,0.0,81,,,1009.8,,,,,,,,,1004.7,1.0,,25.3,,,,28.8,,,,,,,,,,18.0,,,,190,200,6.3,9.0,,190,,,6.5,
2006-04-11 15:00:00,,,,,1.84,,,,,0.0,0.0,83,,,1009.3,,,,,,,,,1004.2,0.9,,25.3,,,,28.4,,,,,,,,,,,,,,190,210,6.1,8.8,,190,,,7.1,
2006-04-11 16:00:00,,,,,1.17,,,,,0.0,0.0,84,,,1009.2,,,,,,,,,1004.1,0.6,,24.9,,,,27.8,,,,,,,,,,,,,,190,190,5.5,7.8,,190,,,6.7,
2006-04-11 17:00:00,,0.0,,,0.8,,,,,0.0,0.0,85,,,1008.7,,,,,,,,,1003.6,1.0,,24.7,,,,27.4,,,,,,,,,,18.0,,,,190,190,6.6,7.8,,190,,,6.7,
2006-04-11 18:00:00,,,,,0.25,,,,,0.0,0.0,86,,,1008.9,,,,,,,,,1003.7,0.9,,24.4,,,,26.9,,,,,,,,,,,,,,190,190,6.3,8.3,,190,,,7.4,
2006-04-11 19:00:00,,,,,0.0,,,,,0.0,0.0,87,,,1009.3,,,,,,,,,1004.1,0.0,,24.3,,,,26.7,,,,,,,,,,,,,,190,190,6.7,7.9,,190,,,6.7,
2006-04-11 20:00:00,,,,,0.0,,,,,0.0,0.0,88,,,1009.4,,,,,,,,,1004.2,,,24.4,,,,26.6,,,,,,,,,,,,,,190,190,6.6,8.4,,190,,,6.8,
2006-04-11 21:00:00,,,,,0.0,,,,,0.0,0.0,88,,,1010.1,,,,,,,,,1004.9,,,24.5,,,,26.6,,,,,,,,,,,,,,190,190,7.8,9.4,,190,,,7.9,
2006-04-11 22:00:00,,,,,0.0,,,,,0.0,0.0,89,,,1010.1,,,,,,,,,1004.9,,,24.7,,,,26.7,,,,,,,,,,,,,,190,200,7.7,10.8,,190,,,8.9,
2006-04-11 23:00:00,,,,,0.0,,,,,0.0,0.0,90,,,1010.3,,,,,,,,,1005.1,,,24.7,,,,26.5,,,,,,,,,,,,,,190,190,6.2,10.1,,190,,,8.7,
2006-04-12 00:00:00,,,,,0.0,,,,,0.0,0.0,90,,,1009.5,,,,,,,,,1004.3,,,24.6,,,,26.4,,,,,,,,,,,,,,210,210,7.1,9.2,,210,,,7.2,
2006-04-12 01:00:00,,,,,0.0,,,,,0.0,0.0,90,,,1009.3,,,,,,,,,1004.1,,,24.4,,,,26.2,,,,,,,,,,,,,,220,210,6.1,9.0,,210,,,7.3,
2006-04-12 02:00:00,,,,,0.0,,,,,0.0,0.0,91,,,1008.6,,,,,,,,,1003.4,,,24.4,,,,26.0,,,,,,,,,,,,,,210,220,5.6,7.2,,220,,,6.2,
2006-04-12 03:00:00,,,,,0.0,,,,,0.0,0.0,91,,,1008.0,,,,,,,,,1002.8,,,24.3,,,,25.8,,,,,,,,,,,,,,220,220,6.3,7.3,,220,,,6.3,
2006-04-12 04:00:00,,,,,0.0,,,,,0.0,0.0,92,,,1008.0,,,,,,,,,1002.8,,,24.3,,,,25.7,,,,,,,,,,,,,,220,220,5.6,7.3,,220,,,6.5,
2006-04-12 05:00:00,,,,,0.0,,,,,0.0,0.0,91,,,1008.0,,,,,,,,,1002.8,,,24.2,,,,25.7,,,,,,,,,,,,,,200,200,4.5,6.3,,220,,,5.6,
2006-04-12 06:00:00,,,,,0.0,,,,,0.0,0.0,92,,,1008.8,,,,,,,,,1003.6,0.0,,24.3,,,,25.7,,,,,,,,,,,,,,200,210,4.2,6.3,,210,,,5.3,
2006-04-12 07:00:00,,,,,0.38,,,,,0.0,0.0,95,,,1009.2,,,,,,,,,1004.0,0.8,,25.1,,,,26.0,,,,,,,,,,,,,,210,210,5.8,6.7,,210,,,5.9,
2006-04-12 08:00:00,,1.0,,,0.97,,,,,0.0,0.0,93,,,1009.8,,,,,,,,,1004.6,1.0,,25.3,,,,26.6,,,,,,,,,,12.0,,,,210,210,6.2,7.5,,210,,,6.2,
2006-04-12 09:00:00,,1.0,,,1.5,,,,,0.0,0.0,84,,,1010.3,,,,,,,,,1005.1,1.0,,24.8,,,,27.8,,,,,,,,,,20.0,,,,200,200,6.2,8.4,,200,,,6.7,
2006-04-12 10:00:00,,,,,2.12,,,,,0.0,0.0,81,,,1010.4,,,,,,,,,1005.3,1.0,,24.5,,,,28.1,,,,,,,,,,,,,,200,210,6.6,9.1,,200,,,7.1,
2006-04-12 11:00:00,,1.0,,,2.4,,,,,0.0,0.0,79,,,1010.1,,,,,,,,,1005.0,1.0,,24.6,,,,28.6,,,,,,,,,,25.0,,,,190,190,8.4,9.9,,190,,,8.5,
2006-04-12 12:00:00,,,,,2.68,,,,,0.0,0.0,78,,,1009.7,,,,,,,,,1004.6,1.0,,24.4,,,,28.6,,,,,,,,,,,,,,190,190,7.6,10.4,,190,,,8.5,
2006-04-12 13:00:00,,,,,2.72,,,,,0.0,0.0,78,,,1009.0,,,,,,,,,1003.9,1.0,,24.5,,,,28.8,,,,,,,,,,,,,,200,200,7.3,11.3,,190,,,9.2,
2006-04-12 14:00:00,,2.0,,,2.4,,,,,0.0,0.0,79,,,1007.9,,,,,,,,,1002.8,1.0,,24.3,,,,28.4,,,,,,,,,,20.0,,,,190,190,8.8,11.2,,190,,,8.8,
2006-04-12 15:00:00,,,,,1.98,,,,,0.0,0.0,79,,,1007.3,,,,,,,,,1002.2,1.0,,24.3,,,,28.3,,,,,,,,,,,,,,190,200,8.3,11.6,,190,,,8.8,
2006-04-12 16:00:00,,,,,1.44,,,,,0.0,0.0,81,,,1007.0,,,,,,,,,1001.9,1.0,,24.5,,,,28.1,,,,,,,,,,,,,,190,190,7.1,11.6,,190,,,8.6,
2006-04-12 17:00:00,,2.0,,,0.79,,,,,0.0,0.0,82,,,1006.9,,,,,,,,,1001.8,1.0,,24.5,,,,27.8,,,,,,,,,,20.0,,,,190,180,6.8,10.3,,190,,,7.4,
2006-04-12 18:00:00,,,,,0.25,,,,,0.0,0.0,84,,,1006.8,,,,,,,,,1001.7,0.5,,24.1,,,,27.0,,,,,,,,,,,,,,180,170,7.4,10.5,,180,,,7.4,
2006-04-12 19:00:00,,,,,0.0,,,,,0.0,0.0,86,,,1007.2,,,,,,,,,1002.0,0.0,,24.0,,,,26.6,,,,,,,,,,,,,,180,190,6.6,10.4,,180,,,7.4,
2006-04-12 20:00:00,,,,,0.0,,,,,0.0,0.0,86,,,1008.1,,,,,,,,,1002.9,,,24.2,,,,26.7,,,,,,,,,,,,,,180,170,6.1,10.1,,180,,,7.5,
2006-04-12 21:00:00,,,,,0.0,,,,,0.0,0.0,85,,,1009.3,,,,,,,,,1004.1,,,24.1,,,,26.8,,,,,,,,,,,,,,190,170,6.3,9.3,,180,,,6.7,
2006-04-12 22:00:00,,,,,0.0,,,,,0.0,0.0,85,,,1010.3,,,,,,,,,1005.1,,,24.2,,,,26.9,,,,,,,,,,,,,,170,190,5.3,8.1,,190,,,6.8,
2006-04-12 23:00:00,,,,,0.0,,,,,0.0,0.0,86,,,1010.8,,,,,,,,,1005.6,,,24.1,,,,26.6,,,,,,,,,,,,,,170,170,3.9,7.4,,170,,,5.5,
2006-04-13 00:00:00,,,,,0.0,,,,,0.0,0.0,86,,,1010.8,,,,,,,,,1005.6,,,24.1,,,,26.6,,,,,,,,,,,,,,170,180,3.7,5.7,,180,,,4.4,
2006-04-13 01:00:00,,,,,0.0,,,,,0.0,0.0,88,,,1010.1,,,,,,,,,1004.9,,,24.4,,,,26.5,,,,,,,,,,,,,,160,170,4.3,5.5,,160,,,4.4,
2006-04-13 02:00:00,,,,,0.0,,,,,0.0,0.0,86,,,1009.1,,,,,,,,,1003.9,,,24.0,,,,26.5,,,,,,,,,,,,,,170,160,5.3,8.2,,160,,,6.3,
2006-04-13 03:00:00,,,,,0.0,,,,,0.0,0.0,86,,,1008.9,,,,,,,,,1003.7,,,23.9,,,,26.5,,,,,,,,,,,,,,170,160,4.5,8.1,,170,,,5.8,
2006-04-13 04:00:00,,,,,0.0,,,,,0.0,0.0,87,,,1009.1,,,,,,,,,1003.9,,,24.0,,,,26.4,,,,,,,,,,,,,,170,180,3.8,6.5,,170,,,5.0,
2006-04-13 05:00:00,,,,,0.0,,,,,0.0,0.0,87,,,1009.9,,,,,,,,,1004.7,,,24.0,,,,26.3,,,,,,,,,,,,,,160,170,4.1,5.5,,170,,,4.1,
2006-04-13 06:00:00,,,,,0.0,,,,,0.0,0.0,86,,,1009.8,,,,,,,,,1004.6,0.0,,23.8,,,,26.3,,,,,,,,,,,,,,170,160,2.7,5.1,,160,,,4.0,
2006-04-13 07:00:00,,,,,0.25,,,,,0.0,0.0,83,,,1010.2,,,,,,,,,1005.0,0.1,,23.7,,,,26.8,,,,,,,,,,,,,,170,170,4.6,7.2,,170,,,5.4,
2006-04-13 08:00:00,,4.0,,,0.67,,,,,0.0,0.0,83,,,1010.7,,,,,,,,,1005.5,0.5,,24.0,,,,27.2,,,,,,,,,,20.0,,,,180,180,5.5,8.6,,170,,,6.4,
2006-04-13 09:00:00,,8.0,,,1.05,,,,,0.0,0.0,81,,,1011.5,,,,,,,,,1006.3,0.4,,24.3,,,,27.8,,,,,,,,,,15.0,,,,190,180,5.1,8.1,,190,,,6.2,
2006-04-13 10:00:00,,,,,1.04,,,,,0.0,0.0,85,,,1012.1,,,,,,,,,1006.9,0.1,,24.7,,,,27.5,,,,,,,,,,,,,,200,200,5.9,8.3,,190,,,6.5,
2006-04-13 11:00:00,,10.0,,,0.47,,,,,0.0,0.0,87,,,1011.7,,,,,,,,,1006.5,0.0,,24.7,,,,27.1,,,,,,,,,,15.0,,,,220,220,8.6,10.9,,220,,,9.3,
2006-04-13 12:00:00,,,,,0.53,,,,,0.0,0.0,86,,,1012.0,,,,,,,,,1006.8,0.0,,24.3,,,,26.8,,,,,,,,,,,,,,250,220,6.0,10.1,,230,,,8.7,
2006-04-13 13:00:00,,,,,0.19,,,,,20.0,0.7,94,,,1011.5,,,,,,,,,1006.3,0.0,,23.4,,,,24.5,,,,,,,,,,,,,,10,10,9.0,17.0,,10,,,11.8,
2006-04-13 14:00:00,,10.0,,,0.61,,,,,0.5,0.7,94,,,1010.9,,,,,,,,,1005.7,0.0,,21.8,,,,22.9,,,,,,,,,,8.0,,,,10,10,13.7,19.8,,10,,,13.7,
2006-04-13 15:00:00,,,,,0.77,,,,,0.1,0.2,100,,,1010.6,,,,,,,,,1005.4,0.0,,23.4,,,,23.4,,,,,,,,,,,,,,20,10,12.5,18.7,,10,,,14.3,
2006-04-13 16:00:00,,,,,0.85,,,,,0.0,0.0,91,,,1011.2,,,,,,,,,1006.0,0.1,,21.8,,,,23.4,,,,,,,,,,,,,,20,20,12.3,16.6,,20,,,12.9,
2006-04-13 17:00:00,,10.0,,,0.02,,,,,0.0,0.0,84,,,1012.2,,,,,,,,,1007.0,0.0,,20.5,,,,23.3,,,,,,,,,,20.0,,,,20,30,9.6,15.7,,20,,,12.2,
2006-04-13 18:00:00,,,,,0.0,,,,,0.0,0.0,84,,,1012.2,,,,,,,,,1007.0,0.0,,20.3,,,,23.1,,,,,,,,,,,,,,20,30,10.9,14.3,,20,,,11.4,
2006-04-13 19:00:00,,,,,0.0,,,,,0.0,0.0,83,,,1012.6,,,,,,,,,1007.4,0.0,,20.0,,,,23.1,,,,,,,,,,,,,,20,20,10.8,14.3,,20,,,11.1,
2006-04-13 20:00:00,,,,,0.0,,,,,0.0,0.0,84,,,1013.0,,,,,,,,,1007.8,,,20.2,,,,23.1,,,,,,,,,,,,,,20,20,9.8,14.2,,20,,,10.8,
2006-04-13 21:00:00,,,,,0.0,,,,,0.0,0.0,83,,,1013.9,,,,,,,,,1008.6,,,19.9,,,,23.0,,,,,,,,,,,,,,20,20,9.2,13.2,,20,,,10.3,
2006-04-13 22:00:00,,,,,0.0,,,,,0.0,0.0,83,,,1014.3,,,,,,,,,1009.0,,,19.9,,,,23.0,,,,,,,,,,,,,,20,20,10.6,14.1,,20,,,10.6,
2006-04-13 23:00:00,,,,,0.0,,,,,0.0,0.0,82,,,1014.6,,,,,,,,,1009.3,,,19.5,,,,22.8,,,,,,,,,,,,,,30,20,9.4,13.8,,20,,,10.8,
2006-04-14 00:00:00,,,,,0.0,,,,,0.0,0.0,82,,,1014.6,,,,,,,,,1009.3,,,19.6,,,,22.8,,,,,,,,,,,,,,20,30,10.2,13.1,,20,,,10.2,
2006-04-14 01:00:00,,,,,0.0,,,,,0.0,0.0,83,,,1013.9,,,,,,,,,1008.6,,,19.5,,,,22.6,,,,,,,,,,,,,,20,30,10.8,13.7,,20,,,10.9,
2006-04-14 02:00:00,,,,,0.0,,,,,0.0,0.0,83,,,1014.0,,,,,,,,,1008.7,,,19.6,,,,22.6,,,,,,,,,,,,,,20,20,9.0,12.7,,20,,,10.8,
2006-04-14 03:00:00,,,,,0.0,,,,,0.0,0.0,82,,,1013.7,,,,,,,,,1008.4,,,19.2,,,,22.4,,,,,,,,,,,,,,20,20,10.4,15.5,,20,,,10.6,
2006-04-14 04:00:00,,,,,0.0,,,,,0.0,0.0,80,,,1013.3,,,,,,,,,1008.0,,,18.7,,,,22.3,,,,,,,,,,,,,,20,20,11.6,16.6,,20,,,11.6,
2006-04-14 05:00:00,,,,,0.0,,,,,0.0,0.0,83,,,1013.3,,,,,,,,,1008.0,,,19.3,,,,22.4,,,,,,,,,,,,,,30,30,11.1,16.9,,20,,,12.2,
2006-04-14 06:00:00,,,,,0.0,,,,,0.0,0.0,83,,,1013.8,,,,,,,,,1008.5,0.0,,19.3,,,,22.4,,,,,,,,,,,,,,30,30,11.3,15.9,,30,,,11.7,
2006-04-14 07:00:00,,,,,0.0,,,,,0.0,0.0,82,,,1014.6,,,,,,,,,1009.3,0.0,,19.2,,,,22.5,,,,,,,,,,,,,,30,30,9.7,15.2,,30,,,11.6,
2006-04-14 08:00:00,,10.0,,,0.04,,,,,0.0,0.0,80,,,1015.6,,,,,,,,,1010.3,0.0,,19.1,,,,22.7,,,,,,,,,,18.0,,,,20,30,9.3,13.4,,20,,,10.4,
2006-04-14 09:00:00,,10.0,,,0.52,,,,,0.0,0.0,80,,,1016.2,,,,,,,,,1010.9,0.0,,19.6,,,,23.2,,,,,,,,,,18.0,,,,20,10,9.6,13.9,,20,,,10.1,
2006-04-14 10:00:00,,,,,0.56,,,,,0.0,0.0,79,,,1016.1,,,,,,,,,1010.8,0.0,,19.2,,,,23.1,,,,,,,,,,,,,,20,30,10.5,15.1,,20,,,11.1,
2006-04-14 11:00:00,,10.0,,,1.31,,,,,0.0,0.0,78,,,1016.2,,,,,,,,,1010.9,0.0,,19.6,,,,23.7,,,,,,,,,,18.0,,,,20,20,10.1,14.1,,20,,,10.9,
2006-04-14 12:00:00,,,,,0.94,,,,,0.0,0.0,78,,,1015.4,,,,,,,,,1010.1,0.0,,19.1,,,,23.1,,,,,,,,,,,,,,30,20,9.9,13.7,,20,,,10.5,
2006-04-14 13:00:00,,,,,0.67,,,,,0.0,0.0,80,,,1014.9,,,,,,,,,1009.6,0.0,,19.3,,,,22.9,,,,,,,,,,,,,,20,30,10.3,13.9,,30,,,10.7,
2006-04-14 14:00:00,,10.0,,,0.57,,,,,0.0,0.0,80,,,1014.2,,,,,,,,,1008.9,0.0,,19.4,,,,23.1,,,,,,,,,,18.0,,,,20,20,9.2,13.0,,20,,,10.3,
2006-04-14 15:00:00,,,,,0.34,,,,,0.0,0.0,79,,,1014.1,,,,,,,,,1008.8,0.0,,18.8,,,,22.7,,,,,,,,,,,,,,20,30,8.6,12.1,,20,,,9.8,
2006-04-14 16:00:00,,,,,0.0,,,,,0.0,0.0,80,,,1013.4,,,,,,,,,1008.1,0.0,,18.9,,,,22.6,,,,,,,,,,,,,,30,20,9.4,13.4,,20,,,10.1,
2006-04-14 17:00:00,,10.0,,,0.0,,,,,0.0,0.0,81,,,1013.3,,,,,,,,,1008.0,0.0,,19.1,,,,22.6,,,,,,,,,,18.0,,,,20,30,9.4,12.7,,20,,,10.5,
2006-04-14 18:00:00,,,,,0.0,,,,,0.0,0.0,80,,,1013.7,,,,,,,,,1008.4,0.0,,19.2,,,,22.8,,,,,,,,,,,,,,20,20,9.5,13.3,,20,,,10.2,
2006-04-14 19:00:00,,,,,0.0,,,,,0.0,0.0,82,,,1013.8,,,,,,,,,1008.5,0.0,,19.5,,,,22.8,,,,,,,,,,,,,,30,30,9.1,12.7,,20,,,10.3,
2006-04-14 20:00:00,,,,,0.0,,,,,0.0,0.0,81,,,1014.3,,,,,,,,,1009.0,,,19.5,,,,22.9,,,,,,,,,,,,,,30,30,9.0,12.3,,20,,,9.7,
2006-04-14 21:00:00,,,,,0.0,,,,,0.0,0.0,82,,,1014.9,,,,,,,,,1009.6,,,20.0,,,,23.3,,,,,,,,,,,,,,20,40,8.1,11.4,,20,,,9.4,
2006-04-14 22:00:00,,,,,0.0,,,,,0.0,0.0,82,,,1015.2,,,,,,,,,1009.9,,,20.1,,,,23.3,,,,,,,,,,,,,,20,30,8.3,11.6,,20,,,9.2,
2006-04-14 23:00:00,,,,,0.0,,,,,0.0,0.0,81,,,1015.1,,,,,,,,,1009.8,,,19.6,,,,23.1,,,,,,,,,,,,,,10,10,8.7,13.4,,10,,,9.8,
2006-04-15 00:00:00,,,,,0.0,,,,,0.0,0.0,83,,,1014.7,,,,,,,,,1009.4,,,19.8,,,,22.9,,,,,,,,,,,,,,30,30,7.6,12.2,,20,,,9.3,
2006-04-15 01:00:00,,,,,0.0,,,,,0.0,0.0,82,,,1014.5,,,,,,,,,1009.2,,,19.8,,,,23.0,,,,,,,,,,,,,,20,30,8.5,11.6,,20,,,9.2,
2006-04-15 02:00:00,,,,,0.0,,,,,0.0,0.0,84,,,1014.1,,,,,,,,,1008.8,,,19.8,,,,22.7,,,,,,,,,,,,,,10,360,8.7,12.5,,10,,,9.4,
2006-04-15 03:00:00,,,,,0.0,,,,,0.0,0.0,83,,,1013.6,,,,,,,,,1008.3,,,19.5,,,,22.6,,,,,,,,,,,,,,20,20,8.8,12.7,,20,,,9.7,
2006-04-15 04:00:00,,,,,0.0,,,,,0.0,0.0,84,,,1013.0,,,,,,,,,1007.7,,,19.4,,,,22.3,,,,,,,,,,,,,,10,10,8.7,13.3,,10,,,9.6,
2006-04-15 05:00:00,,,,,0.0,,,,,0.0,0.0,83,,,1013.1,,,,,,,,,1007.8,,,19.4,,,,22.4,,,,,,,,,,,,,,10,10,8.0,12.5,,20,,,9.1,
2006-04-15 06:00:00,,,,,0.0,,,,,0.0,0.0,86,,,1013.6,,,,,,,,,1008.3,0.0,,19.4,,,,21.8,,,,,,,,,,,,,,10,360,10.3,14.7,,10,,,10.9,
2006-04-15 07:00:00,,,,,0.0,,,,,0.0,0.0,84,,,1013.9,,,,,,,,,1008.6,0.0,,19.7,,,,22.6,,,,,,,,,,,,,,20,10,9.4,13.9,,10,,,10.5,
2006-04-15 08:00:00,,10.0,,,0.0,,,,,0.0,0.0,85,,,1014.6,,,,,,,,,1009.3,0.0,,19.6,,,,22.3,,,,,,,,,,15.0,,,,10,360,11.1,14.9,,10,,,11.1,
2006-04-15 09:00:00,,10.0,,,0.0,,,,,0.0,0.0,85,,,1015.1,,,,,,,,,1009.8,0.0,,19.0,,,,21.6,,,,,,,,,,15.0,,,,10,10,12.1,16.1,,10,,,12.1,
2006-04-15 10:00:00,,,,,0.0,,,,,0.0,0.0,85,,,1015.2,,,,,,,,,1009.9,0.0,,17.8,,,,20.5,,,,,,,,,,,,,,10,360,14.4,20.1,,10,,,14.4,
2006-04-15 11:00:00,,10.0,,,0.01,,,,,0.0,0.0,82,,,1015.2,,,,,,,,,1009.9,0.0,,17.2,,,,20.4,,,,,,,,,,20.0,,,,20,10,14.1,20.1,,10,,,14.8,
2006-04-15 12:00:00,,,,,0.05,,,,,0.0,0.0,84,,,1014.7,,,,,,,,,1009.4,0.0,,17.3,,,,20.0,,,,,,,,,,,,,,20,30,13.9,20.5,,20,,,14.5,
2006-04-15 13:00:00,,,,,0.08,,,,,0.0,0.0,83,,,1015.0,,,,,,,,,1009.7,0.0,,17.0,,,,19.9,,,,,,,,,,,,,,360,20,14.5,21.1,,20,,,15.3,
2006-04-15 14:00:00,,10.0,,,0.0,,,,,3.0,0.8,87,,,1012.9,,,,,,,,,1007.6,0.0,,18.1,,,,20.3,,,,,,,,,,8.0,,,,20,360,12.6,20.4,,10,,,14.8,
2006-04-15 15:00:00,,,,,0.0,,,,,7.0,1.0,86,,,1013.3,,,,,,,,,1008.0,0.0,,18.3,,,,20.8,,,,,,,,,,,,,,20,30,11.5,16.0,,20,,,12.7,
2006-04-15 16:00:00,,,,,0.0,,,,,7.0,1.0,88,,,1012.7,,,,,,,,,1007.4,0.0,,18.4,,,,20.5,,,,,,,,,,,,,,30,40,12.4,17.4,,30,,,12.7,
2006-04-15 17:00:00,,10.0,,,0.0,,,,,6.0,1.0,86,,,1012.9,,,,,,,,,1007.6,0.0,,18.3,,,,20.7,,,,,,,,,,8.0,,,,20,20,13.6,18.2,,20,,,13.9,
2006-04-15 18:00:00,,,,,0.0,,,,,1.0,0.6,85,,,1013.0,,,,,,,,,1007.7,0.0,,17.2,,,,19.8,,,,,,,,,,,,,,20,20,14.1,21.3,,10,,,15.1,
2006-04-15 19:00:00,,,,,0.0,,,,,0.0,0.0,83,,,1013.0,,,,,,,,,1007.7,0.0,,16.7,,,,19.7,,,,,,,,,,,,,,20,20,14.8,19.8,,20,,,14.8,
2006-04-15 20:00:00,,,,,0.0,,,,,0.0,0.0,82,,,1014.0,,,,,,,,,1008.7,,,16.9,,,,20.0,,,,,,,,,,,,,,20,30,12.2,18.5,,20,,,14.6,
2006-04-15 21:00:00,,,,,0.0,,,,,0.5,1.0,82,,,1014.4,,,,,,,,,1009.1,,,17.1,,,,20.2,,,,,,,,,,,,,,10,10,11.8,19.1,,20,,,13.8,
2006-04-15 22:00:00,,,,,0.0,,,,,3.5,1.0,83,,,1015.0,,,,,,,,,1009.7,,,16.9,,,,19.9,,,,,,,,,,,,,,10,20,13.3,17.9,,10,,,13.4,
2006-04-15 23:00:00,,,,,0.0,,,,,1.0,1.0,82,,,1014.8,,,,,,,,,1009.5,,,16.9,,,,20.0,,,,,,,,,,,,,,10,10,12.7,18.1,,10,,,13.5,
2006-04-16 00:00:00,,,,,0.0,,,,,2.5,1.0,83,,,1014.6,,,,,,,,,1009.3,,,17.1,,,,20.0,,,,,,,,,,,,,,10,360,13.2,18.0,,10,,,14.1,
2006-04-16 01:00:00,,,,,0.0,,,,,1.0,1.0,84,,,1014.0,,,,,,,,,1008.7,,,17.1,,,,19.8,,,,,,,,,,,,,,10,10,12.9,18.8,,10,,,13.9,
2006-04-16 02:00:00,,,,,0.0,,,,,1.5,1.0,86,,,1013.4,,,,,,,,,1008.1,,,17.4,,,,19.8,,,,,,,,,,,,,,10,360,12.2,19.6,,10,,,14.1,
2006-04-16 03:00:00,,,,,0.0,,,,,0.5,1.0,84,,,1012.9,,,,,,,,,1007.6,,,17.5,,,,20.2,,,,,,,,,,,,,,20,360,12.6,19.3,,10,,,14.5,
2006-04-16 04:00:00,,,,,0.0,,,,,0.5,0.5,82,,,1013.0,,,,,,,,,1007.7,,,17.0,,,,20.2,,,,,,,,,,,,,,10,10,13.6,19.6,,10,,,13.7,
2006-04-16 05:00:00,,,,,0.0,,,,,0.0,0.0,78,,,1013.3,,,,,,,,,1008.0,,,16.1,,,,20.1,,,,,,,,,,,,,,20,20,13.5,20.5,,10,,,14.9,
2006-04-16 06:00:00,,,,,0.0,,,,,0.0,0.0,77,,,1013.5,,,,,,,,,1008.2,0.0,,16.3,,,,20.4,,,,,,,,,,,,,,20,360,14.9,20.6,,20,,,14.9,
2006-04-16 07:00:00,,,,,0.0,,,,,0.0,0.0,74,,,1014.1,,,,,,,,,1008.8,0.0,,16.0,,,,20.7,,,,,,,,,,,,,,20,20,14.9,21.0,,20,,,15.2,
2006-04-16 08:00:00,,10.0,,,0.0,,,,,0.0,0.0,76,,,1014.5,,,,,,,,,1009.2,0.0,,16.2,,,,20.5,,,,,,,,,,12.0,,,,20,10,13.7,21.8,,20,,,15.9,
2006-04-16 09:00:00,,10.0,,,0.01,,,,,0.0,0.0,77,,,1015.2,,,,,,,,,1009.9,0.0,,16.2,,,,20.3,,,,,,,,,,20.0,,,,30,30,13.6,19.1,,30,,,14.4,
2006-04-16 10:00:00,,,,,1.22,,,,,0.0,0.0,74,,,1015.2,,,,,,,,,1009.9,0.1,,16.4,,,,21.3,,,,,,,,,,,,,,30,30,13.5,18.4,,30,,,14.1,
2006-04-16 11:00:00,,10.0,,,1.39,,,,,0.0,0.0,72,,,1014.9,,,,,,,,,1009.6,0.0,,16.5,,,,21.8,,,,,,,,,,10.0,,,,20,20,12.3,17.5,,20,,,13.7,
2006-04-16 12:00:00,,,,,1.15,,,,,0.0,0.0,71,,,1014.8,,,,,,,,,1009.5,0.0,,15.5,,,,21.0,,,,,,,,,,,,,,20,20,13.3,19.1,,20,,,13.3,
2006-04-16 13:00:00,,,,,0.66,,,,,0.0,0.0,69,,,1014.3,,,,,,,,,1009.0,0.0,,15.3,,,,21.1,,,,,,,,,,,,,,20,10,14.4,19.4,,20,,,14.6,
2006-04-16 14:00:00,,10.0,,,0.83,,,,,0.0,0.0,70,,,1013.6,,,,,,,,,1008.3,0.0,,15.7,,,,21.5,,,,,,,,,,10.0,,,,10,10,15.0,21.1,,10,,,15.3,
2006-04-16 15:00:00,,,,,0.72,,,,,0.0,0.0,69,,,1013.6,,,,,,,,,1008.3,0.0,,15.0,,,,20.9,,,,,,,,,,,,,,20,10,14.4,23.2,,10,,,15.8,
2006-04-16 16:00:00,,,,,0.6,,,,,0.0,0.0,68,,,1013.7,,,,,,,,,1008.4,0.0,,14.6,,,,20.7,,,,,,,,,,,,,,20,20,15.8,21.4,,20,,,15.8,
2006-04-16 17:00:00,,10.0,,,0.56,,,,,0.0,0.0,65,,,1013.9,,,,,,,,,1008.6,0.0,,13.9,,,,20.6,,,,,,,,,,15.0,,,,20,20,14.6,21.6,,20,,,15.8,
2006-04-16 18:00:00,,,,,0.04,,,,,0.0,0.0,65,,,1014.0,,,,,,,,,1008.7,0.0,,13.8,,,,20.5,,,,,,,,,,,,,,20,20,14.0,20.6,,20,,,15.1,
2006-04-16 19:00:00,,,,,0.0,,,,,0.0,0.0,65,,,1014.1,,,,,,,,,1008.8,0.0,,13.7,,,,20.4,,,,,,,,,,,,,,20,20,14.0,19.7,,20,,,14.9,
2006-04-16 20:00:00,,,,,0.0,,,,,0.0,0.0,65,,,1014.4,,,,,,,,,1009.1,,,13.7,,,,20.5,,,,,,,,,,,,,,20,20,13.9,19.5,,20,,,15.2,
2006-04-16 21:00:00,,,,,0.0,,,,,0.0,0.0,68,,,1014.4,,,,,,,,,1009.1,,,14.6,,,,20.6,,,,,,,,,,,,,,20,30,13.6,18.8,,20,,,14.0,
2006-04-16 22:00:00,,,,,0.0,,,,,0.0,0.0,65,,,1014.8,,,,,,,,,1009.5,,,13.8,,,,20.6,,,,,,,,,,,,,,20,20,13.1,17.9,,20,,,13.7,
2006-04-16 23:00:00,,,,,0.0,,,,,0.0,0.0,65,,,1014.8,,,,,,,,,1009.5,,,14.0,,,,20.9,,,,,,,,,,,,,,20,30,9.7,17.1,,20,,,13.4,
2006-04-17 00:00:00,,,,,0.0,,,,,0.0,0.0,66,,,1014.5,,,,,,,,,1009.2,,,14.2,,,,20.9,,,,,,,,,,,,,,10,30,9.2,12.8,,20,,,9.6,
2006-04-17 01:00:00,,,,,0.0,,,,,0.0,0.0,68,,,1013.7,,,,,,,,,1008.4,,,14.7,,,,20.9,,,,,,,,,,,,,,10,360,8.9,13.0,,10,,,9.6,
2006-04-17 02:00:00,,,,,0.0,,,,,0.0,0.0,69,,,1013.7,,,,,,,,,1008.4,,,14.9,,,,20.9,,,,,,,,,,,,,,360,20,9.0,13.2,,10,,,10.1,
2006-04-17 03:00:00,,,,,0.0,,,,,0.0,0.0,68,,,1013.4,,,,,,,,,1008.1,,,14.9,,,,21.0,,,,,,,,,,,,,,360,360,8.9,12.9,,10,,,9.7,
2006-04-17 04:00:00,,,,,0.0,,,,,0.0,0.0,69,,,1013.5,,,,,,,,,1008.2,,,15.2,,,,21.0,,,,,,,,,,,,,,360,360,9.3,12.7,,360,,,9.4,
2006-04-17 05:00:00,,,,,0.0,,,,,0.0,0.0,70,,,1013.8,,,,,,,,,1008.5,,,15.5,,,,21.2,,,,,,,,,,,,,,360,360,8.7,12.6,,360,,,9.3,
2006-04-17 06:00:00,,,,,0.0,,,,,0.0,0.0,75,,,1014.5,,,,,,,,,1009.2,0.0,,16.5,,,,21.2,,,,,,,,,,,,,,360,360,6.7,12.2,,360,,,9.0,
2006-04-17 07:00:00,,,,,0.06,,,,,0.0,0.0,80,,,1014.8,,,,,,,,,1009.5,0.0,,16.9,,,,20.5,,,,,,,,,,,,,,360,350,8.7,12.5,,350,,,8.9,
2006-04-17 08:00:00,,8.0,,,0.67,,,,,0.0,0.0,78,,,1015.3,,,,,,,,,1010.0,0.0,,17.2,,,,21.2,,,,,,,,,,6.0,,,,360,360,7.3,12.2,,350,,,8.8,
2006-04-17 09:00:00,,10.0,,,0.84,,,,,0.0,0.0,75,,,1015.7,,,,,,,,,1010.4,0.0,,17.2,,,,21.8,,,,,,,,,,6.0,,,,360,360,5.6,10.0,,360,,,7.3,
2006-04-17 10:00:00,,,,,0.65,,,,,0.0,0.0,74,,,1015.7,,,,,,,,,1010.4,0.0,,17.1,,,,22.0,,,,,,,,,,,,,,360,360,5.0,8.4,,350,,,6.1,
2006-04-17 11:00:00,,10.0,,,0.77,,,,,0.0,0.0,72,,,1015.5,,,,,,,,,1010.2,0.0,,17.1,,,,22.4,,,,,,,,,,6.0,,,,330,310,4.6,8.6,,350,,,5.5,
2006-04-17 12:00:00,,,,,0.6,,,,,0.0,0.0,71,,,1015.2,,,,,,,,,1009.9,0.0,,16.8,,,,22.2,,,,,,,,,,,,,,350,360,4.0,8.3,,350,,,5.3,
2006-04-17 13:00:00,,,,,0.6,,,,,0.0,0.0,73,,,1014.9,,,,,,,,,1009.6,0.0,,17.1,,,,22.2,,,,,,,,,,,,,,350,360,4.8,6.7,,350,,,4.8,
2006-04-17 14:00:00,,10.0,,,0.6,,,,,0.0,0.0,71,,,1014.4,,,,,,,,,1009.1,0.0,,17.0,,,,22.6,,,,,,,,,,6.0,,,,360,360,4.5,8.4,,360,,,5.5,
2006-04-17 15:00:00,,,,,0.6,,,,,0.0,0.0,75,,,1013.9,,,,,,,,,1008.6,0.0,,17.8,,,,22.5,,,,,,,,,,,,,,360,10,5.3,8.4,,350,,,5.9,
2006-04-17 16:00:00,,,,,0.6,,,,,0.0,0.0,74,,,1013.8,,,,,,,,,1008.5,0.0,,17.8,,,,22.6,,,,,,,,,,,,,,10,10,5.8,8.0,,10,,,6.1,
2006-04-17 17:00:00,,10.0,,,0.48,,,,,0.0,0.0,76,,,1014.0,,,,,,,,,1008.7,0.0,,17.8,,,,22.2,,,,,,,,,,6.0,,,,10,360,5.5,7.8,,10,,,5.8,
2006-04-17 18:00:00,,,,,0.0,,,,,0.0,0.0,77,,,1014.0,,,,,,,,,1008.7,0.0,,17.5,,,,21.7,,,,,,,,,,,,,,10,10,4.5,8.4,,10,,,6.2,
2006-04-17 19:00:00,,,,,0.0,,,,,0.0,0.0,78,,,1014.2,,,,,,,,,1008.9,0.0,,17.6,,,,21.5,,,,,,,,,,,,,,10,10,3.3,5.6,,10,,,4.5,
2006-04-17 20:00:00,,,,,0.0,,,,,0.0,0.0,78,,,1014.5,,,,,,,,,1009.2,,,17.6,,,,21.5,,,,,,,,,,,,,,360,360,2.3,4.6,,10,,,3.5,
2006-04-17 21:00:00,,,,,0.0,,,,,0.0,0.0,79,,,1015.0,,,,,,,,,1009.7,,,17.7,,,,21.4,,,,,,,,,,,,,,350,360,3.5,5.2,,350,,,3.5,
2006-04-17 22:00:00,,,,,0.0,,,,,0.0,0.0,78,,,1015.3,,,,,,,,,1010.0,,,17.2,,,,21.2,,,,,,,,,,,,,,350,360,4.3,6.0,,350,,,4.4,
2006-04-17 23:00:00,,,,,0.0,,,,,0.0,0.0,78,,,1015.5,,,,,,,,,1010.2,,,17.3,,,,21.3,,,,,,,,,,,,,,350,350,3.8,7.7,,350,,,5.0,
2006-04-18 00:00:00,,,,,0.0,,,,,0.0,0.0,79,,,1015.2,,,,,,,,,1009.9,,,17.7,,,,21.4,,,,,,,,,,,,,,350,350,4.2,6.2,,350,,,4.2,
2006-04-18 01:00:00,,,,,0.0,,,,,0.0,0.0,80,,,1014.9,,,,,,,,,1009.6,,,17.6,,,,21.1,,,,,,,,,,,,,,360,360,6.9,9.4,,360,,,7.0,
2006-04-18 02:00:00,,,,,0.0,,,,,0.0,0.0,79,,,1014.6,,,,,,,,,1009.3,,,17.4,,,,21.2,,,,,,,,,,,,,,360,360,6.2,9.1,,360,,,7.2,
2006-04-18 03:00:00,,,,,0.0,,,,,0.0,0.0,80,,,1014.2,,,,,,,,,1008.9,,,17.8,,,,21.4,,,,,,,,,,,,,,10,350,5.5,8.3,,360,,,6.3,
2006-04-18 04:00:00,,,,,0.0,,,,,0.0,0.0,79,,,1014.2,,,,,,,,,1008.9,,,18.0,,,,21.7,,,,,,,,,,,,,,10,360,4.8,6.7,,10,,,5.6,
2006-04-18 05:00:00,,,,,0.0,,,,,0.0,0.0,80,,,1014.4,,,,,,,,,1009.1,,,18.2,,,,21.8,,,,,,,,,,,,,,20,10,3.5,6.1,,360,,,4.7,
2006-04-18 06:00:00,,,,,0.0,,,,,0.0,0.0,81,,,1015.1,,,,,,,,,1009.8,0.0,,18.6,,,,22.0,,,,,,,,,,,,,,10,360,5.1,7.7,,360,,,5.7,
2006-04-18 07:00:00,,,,,0.15,,,,,0.0,0.0,81,,,1015.9,,,,,,,,,1010.6,0.0,,19.0,,,,22.4,,,,,,,,,,,,,,10,10,4.8,7.3,,10,,,5.5,
2006-04-18 08:00:00,,7.0,,,0.81,,,,,0.0,0.0,79,,,1016.6,,,,,,,,,1011.3,0.0,,19.3,,,,23.2,,,,,,,,,,10.0,,,,10,360,5.7,7.6,,10,,,5.7,
2006-04-18 09:00:00,,8.0,,,1.2,,,,,0.0,0.0,76,,,1016.9,,,,,,,,,1011.6,0.2,,19.3,,,,23.7,,,,,,,,,,10.0,,,,10,360,5.3,7.3,,10,,,5.7,
2006-04-18 10:00:00,,,,,1.22,,,,,0.0,0.0,76,,,1016.8,,,,,,,,,1011.6,0.0,,20.0,,,,24.6,,,,,,,,,,,,,,20,20,4.1,6.8,,10,,,5.3,
2006-04-18 11:00:00,,8.0,,,1.5,,,,,0.0,0.0,76,,,1016.5,,,,,,,,,1011.3,0.1,,20.4,,,,24.9,,,,,,,,,,10.0,,,,10,10,4.8,6.5,,10,,,5.4,
2006-04-18 12:00:00,,,,,1.96,,,,,0.0,0.0,76,,,1015.8,,,,,,,,,1010.6,0.1,,20.1,,,,24.7,,,,,,,,,,,,,,10,20,5.1,6.8,,10,,,5.1,
2006-04-18 13:00:00,,,,,2.08,,,,,0.0,0.0,72,,,1015.5,,,,,,,,,1010.3,0.2,,19.7,,,,25.0,,,,,,,,,,,,,,10,360,5.2,7.3,,360,,,5.5,
2006-04-18 14:00:00,,8.0,,,1.96,,,,,0.0,0.0,71,,,1014.7,,,,,,,,,1009.5,0.4,,19.2,,,,24.8,,,,,,,,,,15.0,,,,10,20,4.3,6.8,,10,,,5.3,
2006-04-18 15:00:00,,,,,1.42,,,,,0.0,0.0,69,,,1014.1,,,,,,,,,1008.9,0.1,,19.2,,,,25.3,,,,,,,,,,,,,,20,20,3.1,5.3,,10,,,4.3,
2006-04-18 16:00:00,,,,,0.88,,,,,0.0,0.0,70,,,1013.8,,,,,,,,,1008.6,0.0,,19.2,,,,25.1,,,,,,,,,,,,,,10,20,2.6,4.8,,20,,,3.2,
2006-04-18 17:00:00,,9.0,,,0.52,,,,,0.0,0.0,72,,,1013.8,,,,,,,,,1008.6,0.0,,19.2,,,,24.6,,,,,,,,,,12.0,,,,10,360,2.7,3.3,,10,,,2.7,
2006-04-18 18:00:00,,,,,0.0,,,,,0.0,0.0,73,,,1014.0,,,,,,,,,1008.8,0.0,,19.4,,,,24.5,,,,,,,,,,,,,,360,360,3.6,5.0,,360,,,3.6,
2006-04-18 19:00:00,,,,,0.0,,,,,0.0,0.0,74,,,1014.8,,,,,,,,,1009.6,0.0,,19.1,,,,24.1,,,,,,,,,,,,,,10,360,4.6,6.0,,360,,,4.7,
2006-04-18 20:00:00,,,,,0.0,,,,,0.0,0.0,74,,,1015.2,,,,,,,,,1010.0,,,18.9,,,,23.8,,,,,,,,,,,,,,20,360,4.1,6.5,,10,,,5.2,
2006-04-18 21:00:00,,,,,0.0,,,,,0.0,0.0,77,,,1015.5,,,,,,,,,1010.2,,,19.1,,,,23.4,,,,,,,,,,,,,,20,30,4.1,5.2,,20,,,4.1,
2006-04-18 22:00:00,,,,,0.0,,,,,0.0,0.0,81,,,1015.5,,,,,,,,,1010.3,,,20.6,,,,24.0,,,,,,,,,,,,,,40,30,3.2,5.4,,30,,,4.3,
2006-04-18 23:00:00,,,,,0.0,,,,,0.0,0.0,82,,,1015.2,,,,,,,,,1010.0,,,20.7,,,,24.0,,,,,,,,,,,,,,30,50,3.2,4.4,,50,,,3.8,
2006-04-19 00:00:00,,,,,0.0,,,,,0.0,0.0,81,,,1014.9,,,,,,,,,1009.7,,,21.0,,,,24.5,,,,,,,,,,,,,,30,20,2.0,3.2,,30,,,3.2,
2006-04-19 01:00:00,,,,,0.0,,,,,0.0,0.0,81,,,1014.5,,,,,,,,,1009.3,,,20.8,,,,24.3,,,,,,,,,,,,,,10,350,2.8,3.9,,350,,,3.0,
2006-04-19 02:00:00,,,,,0.0,,,,,0.0,0.0,80,,,1014.0,,,,,,,,,1008.8,,,20.6,,,,24.2,,,,,,,,,,,,,,360,360,2.8,4.4,,360,,,3.3,
2006-04-19 03:00:00,,,,,0.0,,,,,0.0,0.0,80,,,1013.7,,,,,,,,,1008.5,,,20.7,,,,24.3,,,,,,,,,,,,,,0,10,0.2,3.2,,360,,,2.8,
2006-04-19 04:00:00,,,,,0.0,,,,,0.0,0.0,82,,,1013.7,,,,,,,,,1008.5,,,20.9,,,,24.2,,,,,,,,,,,,,,10,350,0.9,2.4,,350,,,1.7,
2006-04-19 05:00:00,,,,,0.0,,,,,0.0,0.0,82,,,1014.1,,,,,,,,,1008.9,,,20.9,,,,24.1,,,,,,,,,,,,,,350,360,2.7,3.5,,350,,,2.7,
2006-04-19 06:00:00,,,,,0.0,,,,,0.0,0.0,80,,,1014.9,,,,,,,,,1009.7,0.0,,20.4,,,,24.0,,,,,,,,,,,,,,350,350,4.1,5.7,,350,,,4.2,
2006-04-19 07:00:00,,,,,0.31,,,,,0.0,0.0,79,,,1015.4,,,,,,,,,1010.2,0.6,,20.6,,,,24.5,,,,,,,,,,,,,,350,360,3.0,5.7,,350,,,4.1,
2006-04-19 08:00:00,,0.0,,,0.87,,,,,0.0,0.0,77,,,1015.7,,,,,,,,,1010.5,1.0,,20.9,,,,25.2,,,,,,,,,,15.0,,,,350,360,2.4,4.8,,350,,,3.3,
2006-04-19 09:00:00,,0.0,,,1.5,,,,,0.0,0.0,73,,,1015.9,,,,,,,,,1010.7,1.0,,20.9,,,,26.1,,,,,,,,,,15.0,,,,350,360,3.5,4.6,,350,,,3.7,
2006-04-19 10:00:00,,,,,1.99,,,,,0.0,0.0,71,,,1015.8,,,,,,,,,1010.6,1.0,,21.3,,,,27.0,,,,,,,,,,,,,,320,360,2.7,5.3,,350,,,3.7,
2006-04-19 11:00:00,,0.0,,,2.4,,,,,0.0,0.0,69,,,1015.5,,,,,,,,,1010.3,1.0,,21.2,,,,27.3,,,,,,,,,,15.0,,,,330,330,2.9,3.7,,320,,,2.9,
2006-04-19 12:00:00,,,,,2.4,,,,,0.0,0.0,68,,,1015.0,,,,,,,,,1009.8,1.0,,21.3,,,,27.7,,,,,,,,,,,,,,320,320,3.5,5.1,,320,,,3.5,
2006-04-19 13:00:00,,,,,2.4,,,,,0.0,0.0,76,,,1014.2,,,,,,,,,1009.0,1.0,,22.0,,,,26.6,,,,,,,,,,,,,,320,320,2.7,5.5,,320,,,4.2,
2006-04-19 14:00:00,,2.0,,,2.4,,,,,0.0,0.0,75,,,1013.5,,,,,,,,,1008.3,1.0,,22.5,,,,27.4,,,,,,,,,,15.0,,,,320,320,2.9,4.3,,320,,,2.9,
2006-04-19 15:00:00,,,,,1.88,,,,,0.0,0.0,71,,,1013.1,,,,,,,,,1007.9,1.0,,21.5,,,,27.2,,,,,,,,,,,,,,320,330,3.6,5.7,,330,,,4.4,
2006-04-19 16:00:00,,,,,1.4,,,,,0.0,0.0,71,,,1012.8,,,,,,,,,1007.6,1.0,,21.0,,,,26.6,,,,,,,,,,,,,,320,330,4.7,6.7,,330,,,5.0,
2006-04-19 17:00:00,,0.0,,,0.82,,,,,0.0,0.0,75,,,1012.7,,,,,,,,,1007.5,1.0,,21.1,,,,25.9,,,,,,,,,,15.0,,,,320,330,3.7,6.2,,330,,,5.1,
2006-04-19 18:00:00,,,,,0.24,,,,,0.0,0.0,78,,,1012.8,,,,,,,,,1007.6,0.2,,20.9,,,,24.9,,,,,,,,,,,,,,330,340,3.8,5.3,,330,,,3.8,
2006-04-19 19:00:00,,,,,0.0,,,,,0.0,0.0,81,,,1013.5,,,,,,,,,1008.3,0.0,,21.1,,,,24.6,,,,,,,,,,,,,,330,330,3.4,7.3,,330,,,5.8,
2006-04-19 20:00:00,,,,,0.0,,,,,0.0,0.0,81,,,1014.0,,,,,,,,,1008.8,,,21.0,,,,24.4,,,,,,,,,,,,,,340,330,3.2,6.6,,330,,,5.0,
2006-04-19 21:00:00,,,,,0.0,,,,,0.0,0.0,83,,,1014.3,,,,,,,,,1009.1,,,21.3,,,,24.4,,,,,,,,,,,,,,360,340,3.1,4.6,,340,,,3.2,
2006-04-19 22:00:00,,,,,0.0,,,,,0.0,0.0,82,,,1014.6,,,,,,,,,1009.4,,,21.1,,,,24.4,,,,,,,,,,,,,,350,360,3.0,4.4,,350,,,3.5,
2006-04-19 23:00:00,,,,,0.0,,,,,0.0,0.0,82,,,1014.6,,,,,,,,,1009.4,,,21.0,,,,24.2,,,,,,,,,,,,,,330,340,2.3,3.8,,350,,,3.0,
2006-04-20 00:00:00,,,,,0.0,,,,,0.0,0.0,84,,,1014.3,,,,,,,,,1009.1,,,21.6,,,,24.4,,,,,,,,,,,,,,330,340,2.6,4.2,,330,,,3.1,
2006-04-20 01:00:00,,,,,0.0,,,,,0.0,0.0,85,,,1014.0,,,,,,,,,1008.8,,,21.8,,,,24.4,,,,,,,,,,,,,,360,360,2.5,4.1,,350,,,3.1,
2006-04-20 02:00:00,,,,,0.0,,,,,0.0,0.0,84,,,1013.7,,,,,,,,,1008.5,,,21.6,,,,24.4,,,,,,,,,,,,,,360,350,3.0,4.1,,350,,,3.0,
2006-04-20 03:00:00,,,,,0.0,,,,,0.0,0.0,84,,,1013.3,,,,,,,,,1008.1,,,21.5,,,,24.4,,,,,,,,,,,,,,10,360,4.2,5.1,,10,,,4.2,
2006-04-20 04:00:00,,,,,0.0,,,,,0.0,0.0,84,,,1013.4,,,,,,,,,1008.2,,,21.5,,,,24.4,,,,,,,,,,,,,,360,360,4.5,6.6,,10,,,4.5,
2006-04-20 05:00:00,,,,,0.02,,,,,0.0,0.0,85,,,1014.1,,,,,,,,,1008.9,,,22.1,,,,24.8,,,,,,,,,,,,,,360,360,6.6,9.3,,360,,,7.4,
2006-04-20 06:00:00,,,,,1.14,,,,,0.0,0.0,84,,,1014.5,,,,,,,,,1009.3,0.0,,21.7,,,,24.6,,,,,,,,,,,,,,10,10,7.3,11.2,,10,,,8.6,
2006-04-20 07:00:00,,,,,0.8,,,,,0.0,0.0,82,,,1014.8,,,,,,,,,1009.6,0.0,,21.3,,,,24.6,,,,,,,,,,,,,,10,10,9.6,14.1,,10,,,10.0,
2006-04-20 08:00:00,,0.0,,,0.92,,,,,0.0,0.0,82,,,1015.4,,,,,,,,,1010.2,0.7,,21.4,,,,24.7,,,,,,,,,,15.0,,,,20,10,10.1,14.8,,10,,,10.6,
2006-04-20 09:00:00,,0.0,,,1.08,,,,,0.0,0.0,78,,,1015.7,,,,,,,,,1010.5,0.7,,21.3,,,,25.5,,,,,,,,,,15.0,,,,20,20,11.7,17.2,,20,,,12.2,
2006-04-20 10:00:00,,,,,1.27,,,,,0.0,0.0,78,,,1015.7,,,,,,,,,1010.5,0.7,,20.9,,,,25.1,,,,,,,,,,,,,,20,20,11.3,18.3,,20,,,13.1,
2006-04-20 11:00:00,,2.0,,,2.21,,,,,0.0,0.0,77,,,1015.5,,,,,,,,,1010.3,0.8,,20.5,,,,24.9,,,,,,,,,,10.0,,,,20,10,11.8,17.8,,20,,,12.6,
2006-04-20 12:00:00,,,,,2.32,,,,,0.0,0.0,74,,,1015.2,,,,,,,,,1010.0,0.7,,19.6,,,,24.5,,,,,,,,,,,,,,10,10,13.1,18.9,,10,,,13.5,
2006-04-20 13:00:00,,,,,2.38,,,,,0.0,0.0,72,,,1014.9,,,,,,,,,1009.7,0.9,,19.3,,,,24.7,,,,,,,,,,,,,,10,360,12.4,18.3,,10,,,13.3,
2006-04-20 14:00:00,,0.0,,,2.29,,,,,0.0,0.0,72,,,1014.2,,,,,,,,,1009.0,0.9,,19.3,,,,24.8,,,,,,,,,,10.0,,,,20,360,11.6,18.0,,20,,,12.8,
2006-04-20 15:00:00,,,,,1.8,,,,,0.0,0.0,71,,,1013.8,,,,,,,,,1008.6,1.0,,18.6,,,,24.2,,,,,,,,,,,,,,10,10,11.8,17.7,,20,,,12.5,
2006-04-20 16:00:00,,,,,1.29,,,,,0.0,0.0,71,,,1013.2,,,,,,,,,1008.0,1.0,,18.5,,,,24.0,,,,,,,,,,,,,,10,10,11.4,18.0,,10,,,13.7,
2006-04-20 17:00:00,,0.0,,,0.69,,,,,0.0,0.0,73,,,1013.0,,,,,,,,,1007.8,0.6,,18.3,,,,23.4,,,,,,,,,,10.0,,,,10,360,11.8,16.3,,20,,,12.1,
2006-04-20 18:00:00,,,,,0.58,,,,,0.0,0.0,73,,,1013.2,,,,,,,,,1008.0,0.0,,18.0,,,,23.0,,,,,,,,,,,,,,10,360,11.5,17.9,,10,,,12.0,
2006-04-20 19:00:00,,,,,0.54,,,,,0.0,0.0,76,,,1013.7,,,,,,,,,1008.4,0.0,,18.5,,,,22.9,,,,,,,,,,,,,,20,10,10.5,16.7,,10,,,12.7,
2006-04-20 20:00:00,,,,,0.58,,,,,0.0,0.0,75,,,1014.1,,,,,,,,,1008.8,,,18.4,,,,23.0,,,,,,,,,,,,,,10,360,10.2,15.3,,20,,,11.2,
2006-04-20 21:00:00,,,,,0.0,,,,,0.0,0.0,76,,,1014.4,,,,,,,,,1009.1,,,18.5,,,,22.9,,,,,,,,,,,,,,20,10,9.0,14.3,,10,,,10.4,
2006-04-20 22:00:00,,,,,0.0,,,,,0.0,0.0,76,,,1014.5,,,,,,,,,1009.2,,,18.6,,,,23.0,,,,,,,,,,,,,,10,20,8.7,13.1,,20,,,9.4,
2006-04-20 23:00:00,,,,,0.0,,,,,0.0,0.0,75,,,1014.4,,,,,,,,,1009.1,,,18.4,,,,23.0,,,,,,,,,,,,,,10,10,7.8,11.7,,10,,,8.8,
2006-04-21 00:00:00,,,,,0.0,,,,,0.0,0.0,75,,,1014.0,,,,,,,,,1008.7,,,18.3,,,,22.9,,,,,,,,,,,,,,10,360,8.5,10.9,,10,,,8.5,
2006-04-21 01:00:00,,,,,0.0,,,,,0.0,0.0,75,,,1013.6,,,,,,,,,1008.3,,,18.2,,,,22.8,,,,,,,,,,,,,,20,360,6.1,11.1,,10,,,8.7,
2006-04-21 02:00:00,,,,,0.0,,,,,0.0,0.0,76,,,1012.9,,,,,,,,,1007.7,,,18.4,,,,22.9,,,,,,,,,,,,,,10,10,6.7,9.4,,10,,,7.3,
2006-04-21 03:00:00,,,,,0.0,,,,,0.0,0.0,77,,,1012.9,,,,,,,,,1007.7,,,18.6,,,,22.9,,,,,,,,,,,,,,10,10,5.8,8.8,,10,,,7.0,
2006-04-21 04:00:00,,,,,0.0,,,,,0.0,0.0,77,,,1012.5,,,,,,,,,1007.3,,,18.7,,,,23.0,,,,,,,,,,,,,,10,360,5.4,8.7,,360,,,6.4,
2006-04-21 05:00:00,,,,,0.01,,,,,0.0,0.0,78,,,1012.7,,,,,,,,,1007.5,,,19.0,,,,23.1,,,,,,,,,,,,,,10,360,5.4,7.8,,360,,,6.2,
2006-04-21 06:00:00,,,,,0.6,,,,,0.0,0.0,79,,,1013.2,,,,,,,,,1008.0,0.0,,19.3,,,,23.1,,,,,,,,,,,,,,360,360,6.5,9.1,,360,,,6.5,
2006-04-21 07:00:00,,,,,0.6,,,,,0.0,0.0,81,,,1013.5,,,,,,,,,1008.2,0.0,,19.5,,,,22.9,,,,,,,,,,,,,,360,360,7.7,10.4,,360,,,7.7,
2006-04-21 08:00:00,,2.0,,,0.8,,,,,0.0,0.0,80,,,1013.7,,,,,,,,,1008.5,0.6,,20.0,,,,23.6,,,,,,,,,,10.0,,,,360,360,6.8,9.9,,360,,,7.6,
2006-04-21 09:00:00,,0.0,,,1.42,,,,,0.0,0.0,79,,,1013.9,,,,,,,,,1008.7,0.8,,20.4,,,,24.3,,,,,,,,,,10.0,,,,10,10,5.9,8.7,,10,,,6.9,
2006-04-21 10:00:00,,,,,1.87,,,,,0.0,0.0,78,,,1013.6,,,,,,,,,1008.4,0.9,,20.6,,,,24.6,,,,,,,,,,,,,,10,360,5.9,8.1,,10,,,6.0,
2006-04-21 11:00:00,,0.0,,,2.4,,,,,0.0,0.0,75,,,1013.4,,,,,,,,,1008.2,1.0,,20.4,,,,25.1,,,,,,,,,,10.0,,,,360,10,5.2,7.6,,360,,,6.1,
2006-04-21 12:00:00,,,,,2.4,,,,,0.0,0.0,75,,,1012.8,,,,,,,,,1007.6,1.0,,20.4,,,,25.1,,,,,,,,,,,,,,360,10,5.4,7.0,,360,,,5.4,
2006-04-21 13:00:00,,,,,2.4,,,,,0.0,0.0,76,,,1012.3,,,,,,,,,1007.1,1.0,,20.1,,,,24.6,,,,,,,,,,,,,,10,360,5.3,7.5,,360,,,5.6,
2006-04-21 14:00:00,,1.0,,,2.4,,,,,0.0,0.0,74,,,1011.6,,,,,,,,,1006.4,1.0,,20.4,,,,25.4,,,,,,,,,,10.0,,,,360,360,4.3,6.8,,10,,,5.4,
2006-04-21 15:00:00,,,,,1.82,,,,,0.0,0.0,75,,,1010.7,,,,,,,,,1005.5,1.0,,20.2,,,,25.0,,,,,,,,,,,,,,10,10,5.1,6.8,,360,,,5.1,
2006-04-21 16:00:00,,,,,1.32,,,,,0.0,0.0,76,,,1010.4,,,,,,,,,1005.2,1.0,,20.0,,,,24.6,,,,,,,,,,,,,,10,360,5.7,7.7,,10,,,6.0,
2006-04-21 17:00:00,,0.0,,,0.77,,,,,0.0,0.0,76,,,1010.0,,,,,,,,,1004.8,0.7,,19.9,,,,24.3,,,,,,,,,,10.0,,,,10,10,5.5,7.6,,10,,,5.8,
2006-04-21 18:00:00,,,,,0.53,,,,,0.0,0.0,79,,,1010.0,,,,,,,,,1004.8,0.0,,19.7,,,,23.6,,,,,,,,,,,,,,20,360,4.3,6.6,,10,,,5.5,
2006-04-21 19:00:00,,,,,0.57,,,,,0.0,0.0,80,,,1010.2,,,,,,,,,1005.0,0.0,,19.6,,,,23.3,,,,,,,,,,,,,,40,20,3.3,5.6,,20,,,4.3,
2006-04-21 20:00:00,,,,,0.59,,,,,0.0,0.0,81,,,1010.7,,,,,,,,,1005.5,,,19.9,,,,23.4,,,,,,,,,,,,,,30,20,2.8,4.3,,40,,,3.2,
2006-04-21 21:00:00,,,,,0.0,,,,,0.0,0.0,81,,,1011.0,,,,,,,,,1005.8,,,20.0,,,,23.4,,,,,,,,,,,,,,60,20,2.5,3.3,,20,,,2.8,
2006-04-21 22:00:00,,,,,0.0,,,,,0.0,0.0,82,,,1010.9,,,,,,,,,1005.7,,,20.5,,,,23.8,,,,,,,,,,,,,,0,90,0.2,2.7,,60,,,2.5,
2006-04-21 23:00:00,,,,,0.0,,,,,0.0,0.0,82,,,1010.7,,,,,,,,,1005.5,,,20.7,,,,23.9,,,,,,,,,,,,,,160,140,0.7,2.4,,160,,,0.7,
2006-04-22 00:00:00,,,,,0.0,,,,,0.0,0.0,82,,,1010.0,,,,,,,,,1004.8,,,21.0,,,,24.3,,,,,,,,,,,,,,160,160,2.1,3.1,,150,,,2.4,
2006-04-22 01:00:00,,,,,0.0,,,,,0.0,0.0,82,,,1009.7,,,,,,,,,1004.5,,,21.3,,,,24.5,,,,,,,,,,,,,,170,170,2.5,3.4,,170,,,2.5,
2006-04-22 02:00:00,,,,,0.0,,,,,0.0,0.0,84,,,1009.0,,,,,,,,,1003.8,,,21.6,,,,24.5,,,,,,,,,,,,,,160,170,2.8,5.1,,170,,,4.0,
2006-04-22 03:00:00,,,,,0.0,,,,,0.0,0.0,84,,,1008.8,,,,,,,,,1003.6,,,22.0,,,,24.8,,,,,,,,,,,,,,160,170,3.3,4.8,,160,,,3.4,
2006-04-22 04:00:00,,,,,0.0,,,,,0.0,0.0,85,,,1008.7,,,,,,,,,1003.5,,,22.5,,,,25.3,,,,,,,,,,,,,,170,170,4.1,5.2,,170,,,4.1,
2006-04-22 05:00:00,,,,,0.0,,,,,0.0,0.0,85,,,1008.7,,,,,,,,,1003.5,,,22.8,,,,25.6,,,,,,,,,,,,,,160,170,2.6,5.3,,170,,,4.3,
2006-04-22 06:00:00,,,,,0.0,,,,,0.0,0.0,86,,,1009.1,,,,,,,,,1003.9,0.0,,23.4,,,,25.9,,,,,,,,,,,,,,140,150,3.9,6.9,,160,,,5.1,
2006-04-22 07:00:00,,,,,0.23,,,,,0.0,0.0,85,,,1009.7,,,,,,,,,1004.5,0.0,,23.8,,,,26.6,,,,,,,,,,,,,,170,170,4.6,6.3,,160,,,4.8,
2006-04-22 08:00:00,,7.0,,,0.76,,,,,0.0,0.0,84,,,1010.4,,,,,,,,,1005.2,0.6,,24.6,,,,27.6,,,,,,,,,,10.0,,,,180,170,3.6,6.8,,170,,,5.1,
2006-04-22 09:00:00,,2.0,,,1.25,,,,,0.0,0.0,80,,,1010.2,,,,,,,,,1005.1,0.6,,24.5,,,,28.2,,,,,,,,,,10.0,,,,190,180,3.8,6.1,,190,,,4.2,
2006-04-22 10:00:00,,,,,0.83,,,,,0.0,0.0,80,,,1010.1,,,,,,,,,1004.9,0.1,,23.9,,,,27.6,,,,,,,,,,,,,,180,170,4.3,6.8,,170,,,4.6,
2006-04-22 11:00:00,,5.0,,,1.63,,,,,0.0,0.0,77,,,1009.6,,,,,,,,,1004.5,0.5,,24.2,,,,28.7,,,,,,,,,,20.0,,,,230,240,6.7,8.5,,230,,,6.8,
2006-04-22 12:00:00,,,,,2.41,,,,,0.0,0.0,76,,,1009.2,,,,,,,,,1004.1,1.0,,24.2,,,,28.8,,,,,,,,,,,,,,250,240,5.3,8.2,,230,,,6.6,
2006-04-22 13:00:00,,,,,2.4,,,,,0.0,0.0,74,,,1008.5,,,,,,,,,1003.4,1.0,,23.8,,,,28.8,,,,,,,,,,,,,,260,260,6.0,8.8,,260,,,6.2,
2006-04-22 14:00:00,,0.0,,,2.28,,,,,0.0,0.0,75,,,1007.6,,,,,,,,,1002.5,1.0,,23.3,,,,28.2,,,,,,,,,,20.0,,,,250,260,6.1,9.0,,250,,,6.2,
2006-04-22 15:00:00,,,,,1.85,,,,,0.0,0.0,75,,,1007.1,,,,,,,,,1002.0,1.0,,23.1,,,,27.9,,,,,,,,,,,,,,240,260,6.3,8.4,,240,,,6.4,
2006-04-22 16:00:00,,,,,1.38,,,,,0.0,0.0,75,,,1006.7,,,,,,,,,1001.6,1.0,,22.9,,,,27.7,,,,,,,,,,,,,,240,240,6.9,8.2,,240,,,6.9,
2006-04-22 17:00:00,,0.0,,,0.6,,,,,0.0,0.0,80,,,1006.9,,,,,,,,,1001.8,1.0,,23.2,,,,26.9,,,,,,,,,,20.0,,,,240,240,5.8,7.9,,240,,,7.1,
2006-04-22 18:00:00,,,,,0.3,,,,,0.0,0.0,78,,,1007.4,,,,,,,,,1002.2,0.2,,22.4,,,,26.5,,,,,,,,,,,,,,250,240,4.0,6.7,,240,,,5.8,
2006-04-22 19:00:00,,,,,0.6,,,,,0.0,0.0,80,,,1007.9,,,,,,,,,1002.7,0.0,,22.3,,,,26.1,,,,,,,,,,,,,,250,240,4.9,7.6,,250,,,5.1,
2006-04-22 20:00:00,,,,,0.59,,,,,0.0,0.0,79,,,1008.2,,,,,,,,,1003.0,,,22.1,,,,26.0,,,,,,,,,,,,,,240,240,5.3,6.8,,240,,,5.3,
2006-04-22 21:00:00,,,,,0.0,,,,,0.0,0.0,81,,,1008.8,,,,,,,,,1003.6,,,22.7,,,,26.2,,,,,,,,,,,,,,230,220,6.4,8.6,,220,,,7.5,
2006-04-22 22:00:00,,,,,0.0,,,,,0.0,0.0,82,,,1009.2,,,,,,,,,1004.0,,,22.6,,,,26.0,,,,,,,,,,,,,,240,260,6.6,9.2,,230,,,7.7,
2006-04-22 23:00:00,,,,,0.0,,,,,0.0,0.0,84,,,1008.8,,,,,,,,,1003.6,,,23.0,,,,25.9,,,,,,,,,,,,,,220,230,6.3,9.0,,240,,,7.6,
2006-04-23 00:00:00,,,,,0.0,,,,,0.0,0.0,82,,,1008.8,,,,,,,,,1003.6,,,22.4,,,,25.8,,,,,,,,,,,,,,230,240,6.4,9.1,,230,,,6.8,
2006-04-23 01:00:00,,,,,0.0,,,,,0.0,0.0,82,,,1008.6,,,,,,,,,1003.4,,,22.4,,,,25.7,,,,,,,,,,,,,,230,240,5.6,8.7,,230,,,7.0,
2006-04-23 02:00:00,,,,,0.0,,,,,0.0,0.0,81,,,1008.4,,,,,,,,,1003.2,,,22.1,,,,25.7,,,,,,,,,,,,,,240,240,4.5,7.5,,240,,,5.8,
2006-04-23 03:00:00,,,,,0.0,,,,,0.0,0.0,81,,,1008.3,,,,,,,,,1003.1,,,22.1,,,,25.6,,,,,,,,,,,,,,240,240,5.5,6.8,,240,,,5.6,
2006-04-23 04:00:00,,,,,0.0,,,,,0.0,0.0,80,,,1008.6,,,,,,,,,1003.4,,,21.9,,,,25.7,,,,,,,,,,,,,,250,230,3.1,6.7,,240,,,5.5,
2006-04-23 05:00:00,,,,,0.01,,,,,0.0,0.0,78,,,1009.0,,,,,,,,,1003.8,,,21.5,,,,25.7,,,,,,,,,,,,,,240,240,3.9,5.9,,240,,,4.5,
2006-04-23 06:00:00,,,,,0.6,,,,,0.0,0.0,79,,,1009.7,,,,,,,,,1004.5,0.0,,21.9,,,,25.8,,,,,,,,,,,,,,260,240,3.0,5.6,,240,,,4.1,
2006-04-23 07:00:00,,,,,0.6,,,,,0.0,0.0,79,,,1010.2,,,,,,,,,1005.0,0.0,,22.2,,,,26.2,,,,,,,,,,,,,,230,240,3.9,5.7,,250,,,4.0,
2006-04-23 08:00:00,,10.0,,,0.6,,,,,0.0,0.0,78,,,1011.0,,,,,,,,,1005.8,0.0,,22.4,,,,26.5,,,,,,,,,,20.0,,,,240,240,4.1,5.7,,230,,,4.3,
2006-04-23 09:00:00,,8.0,,,0.6,,,,,0.0,0.0,81,,,1011.2,,,,,,,,,1006.0,0.1,,23.2,,,,26.8,,,,,,,,,,20.0,,,,250,240,4.6,6.5,,240,,,5.1,
2006-04-23 10:00:00,,,,,1.73,,,,,0.0,0.0,80,,,1011.6,,,,,,,,,1006.4,0.6,,23.5,,,,27.3,,,,,,,,,,,,,,250,240,4.5,6.2,,240,,,4.7,
2006-04-23 11:00:00,,3.0,,,2.12,,,,,0.0,0.0,80,,,1011.1,,,,,,,,,1005.9,1.0,,24.1,,,,27.8,,,,,,,,,,20.0,,,,250,240,4.6,6.7,,240,,,5.7,
2006-04-23 12:00:00,,,,,2.23,,,,,0.0,0.0,80,,,1011.0,,,,,,,,,1005.8,0.6,,24.0,,,,27.8,,,,,,,,,,,,,,250,260,4.8,7.7,,250,,,5.0,
2006-04-23 13:00:00,,,,,2.1,,,,,0.0,0.0,81,,,1010.0,,,,,,,,,1004.9,0.8,,24.2,,,,27.8,,,,,,,,,,,,,,250,250,4.3,7.3,,250,,,5.6,
2006-04-23 14:00:00,,8.0,,,1.19,,,,,0.0,0.0,80,,,1009.5,,,,,,,,,1004.3,0.2,,23.8,,,,27.5,,,,,,,,,,10.0,,,,270,250,4.7,6.1,,270,,,4.9,
2006-04-23 15:00:00,,,,,1.65,,,,,0.0,0.0,80,,,1009.1,,,,,,,,,1004.0,0.7,,24.0,,,,27.7,,,,,,,,,,,,,,280,280,4.1,5.5,,270,,,4.6,
2006-04-23 16:00:00,,,,,1.14,,,,,0.0,0.0,79,,,1008.9,,,,,,,,,1003.7,0.6,,23.4,,,,27.3,,,,,,,,,,,,,,260,280,2.8,5.2,,270,,,4.1,
2006-04-23 17:00:00,,2.0,,,0.6,,,,,0.0,0.0,82,,,1008.9,,,,,,,,,1003.7,0.5,,23.0,,,,26.3,,,,,,,,,,10.0,,,,240,230,3.4,5.7,,230,,,4.2,
2006-04-23 18:00:00,,,,,0.6,,,,,0.0,0.0,84,,,1009.1,,,,,,,,,1003.9,0.0,,22.8,,,,25.8,,,,,,,,,,,,,,240,240,3.9,5.5,,240,,,4.5,
2006-04-23 19:00:00,,,,,0.6,,,,,0.0,0.0,85,,,1009.3,,,,,,,,,1004.1,0.0,,23.0,,,,25.8,,,,,,,,,,,,,,270,250,3.8,6.0,,230,,,4.4,
2006-04-23 20:00:00,,,,,0.59,,,,,0.0,0.0,86,,,1010.6,,,,,,,,,1005.4,,,23.1,,,,25.7,,,,,,,,,,,,,,290,280,3.0,5.1,,270,,,3.8,
2006-04-23 21:00:00,,,,,0.0,,,,,0.0,0.0,86,,,1011.6,,,,,,,,,1006.4,,,22.8,,,,25.4,,,,,,,,,,,,,,310,300,3.1,4.5,,300,,,3.6,
2006-04-23 22:00:00,,,,,0.0,,,,,0.0,0.0,87,,,1012.4,,,,,,,,,1007.2,,,22.9,,,,25.3,,,,,,,,,,,,,,270,300,2.5,3.7,,310,,,3.0,
2006-04-23 23:00:00,,,,,0.0,,,,,0.0,0.0,86,,,1012.0,,,,,,,,,1006.8,,,22.8,,,,25.3,,,,,,,,,,,,,,270,260,3.4,4.0,,270,,,3.4,
2006-04-24 00:00:00,,,,,0.0,,,,,0.0,0.0,86,,,1011.6,,,,,,,,,1006.4,,,22.7,,,,25.2,,,,,,,,,,,,,,300,300,3.3,4.1,,270,,,3.4,
2006-04-24 01:00:00,,,,,0.0,,,,,0.0,0.0,88,,,1011.4,,,,,,,,,1006.2,,,23.0,,,,25.2,,,,,,,,,,,,,,350,350,4.6,7.1,,350,,,5.0,
2006-04-24 02:00:00,,,,,0.0,,,,,0.0,0.0,87,,,1010.5,,,,,,,,,1005.3,,,22.3,,,,24.7,,,,,,,,,,,,,,10,10,9.1,13.8,,10,,,10.5,
2006-04-24 03:00:00,,,,,0.0,,,,,0.0,0.0,84,,,1010.1,,,,,,,,,1004.9,,,22.3,,,,25.2,,,,,,,,,,,,,,40,20,7.4,13.2,,20,,,9.5,
2006-04-24 04:00:00,,,,,0.0,,,,,0.0,0.0,85,,,1010.4,,,,,,,,,1005.2,,,22.6,,,,25.3,,,,,,,,,,,,,,40,40,6.9,9.9,,40,,,7.6,
2006-04-24 05:00:00,,,,,0.01,,,,,0.0,0.0,84,,,1011.2,,,,,,,,,1006.0,,,21.8,,,,24.6,,,,,,,,,,,,,,40,40,4.6,9.3,,40,,,6.8,
2006-04-24 06:00:00,,,,,0.6,,,,,0.0,0.0,86,,,1011.6,,,,,,,,,1006.4,0.0,,22.3,,,,24.9,,,,,,,,,,,,,,40,40,5.0,7.6,,40,,,5.6,
2006-04-24 07:00:00,,,,,0.6,,,,,0.0,0.0,84,,,1012.4,,,,,,,,,1007.2,0.0,,21.9,,,,24.7,,,,,,,,,,,,,,30,50,6.1,8.5,,30,,,6.1,
2006-04-24 08:00:00,,10.0,,,0.7,,,,,0.0,0.0,84,,,1012.8,,,,,,,,,1007.6,0.0,,22.1,,,,25.0,,,,,,,,,,20.0,,,,10,10,7.1,9.8,,10,,,7.7,
2006-04-24 09:00:00,,10.0,,,1.11,,,,,0.0,0.0,82,,,1013.3,,,,,,,,,1008.1,0.0,,21.8,,,,25.0,,,,,,,,,,20.0,,,,20,10,5.9,8.9,,10,,,6.9,
2006-04-24 10:00:00,,,,,1.2,,,,,1.0,0.7,83,,,1013.4,,,,,,,,,1008.2,0.0,,21.9,,,,25.0,,,,,,,,,,,,,,10,10,6.2,8.8,,10,,,7.1,
2006-04-24 11:00:00,,10.0,,,1.22,,,,,0.0,0.0,82,,,1013.2,,,,,,,,,1008.0,0.0,,22.0,,,,25.2,,,,,,,,,,10.0,,,,20,10,7.3,10.1,,20,,,7.3,
2006-04-24 12:00:00,,,,,1.17,,,,,0.0,0.0,80,,,1013.3,,,,,,,,,1008.1,0.0,,21.3,,,,24.9,,,,,,,,,,,,,,20,20,8.0,10.9,,20,,,8.3,
2006-04-24 13:00:00,,,,,1.21,,,,,0.0,0.0,79,,,1012.7,,,,,,,,,1007.5,0.0,,21.1,,,,24.9,,,,,,,,,,,,,,10,10,9.3,12.3,,10,,,9.9,
2006-04-24 14:00:00,,10.0,,,0.63,,,,,0.0,0.0,79,,,1012.1,,,,,,,,,1006.9,0.0,,20.7,,,,24.5,,,,,,,,,,10.0,,,,20,360,8.4,12.6,,10,,,9.7,
2006-04-24 15:00:00,,,,,0.6,,,,,0.0,0.0,78,,,1011.6,,,,,,,,,1006.4,0.0,,20.5,,,,24.5,,,,,,,,,,,,,,20,20,7.8,11.7,,20,,,8.8,
2006-04-24 16:00:00,,,,,0.6,,,,,0.0,0.0,78,,,1011.5,,,,,,,,,1006.3,0.0,,20.8,,,,24.9,,,,,,,,,,,,,,20,10,8.7,11.6,,20,,,8.9,
2006-04-24 17:00:00,,10.0,,,0.6,,,,,0.0,0.0,78,,,1011.6,,,,,,,,,1006.4,0.0,,20.7,,,,24.7,,,,,,,,,,10.0,,,,20,30,8.8,11.9,,20,,,9.1,
2006-04-24 18:00:00,,,,,0.6,,,,,0.0,0.0,79,,,1011.6,,,,,,,,,1006.4,0.0,,20.5,,,,24.3,,,,,,,,,,,,,,20,20,8.9,11.4,,20,,,8.9,
2006-04-24 19:00:00,,,,,1.04,,,,,0.0,0.0,79,,,1011.7,,,,,,,,,1006.5,0.0,,20.4,,,,24.3,,,,,,,,,,,,,,20,20,8.1,11.2,,20,,,8.9,
2006-04-24 20:00:00,,,,,1.18,,,,,0.0,0.0,79,,,1012.5,,,,,,,,,1007.3,,,20.7,,,,24.5,,,,,,,,,,,,,,20,30,7.6,10.9,,20,,,8.3,
2006-04-24 21:00:00,,,,,0.0,,,,,0.0,0.0,78,,,1012.7,,,,,,,,,1007.5,,,20.4,,,,24.4,,,,,,,,,,,,,,20,20,8.1,11.8,,20,,,8.4,
2006-04-24 22:00:00,,,,,0.0,,,,,0.0,0.0,79,,,1012.8,,,,,,,,,1007.6,,,20.6,,,,24.4,,,,,,,,,,,,,,30,20,6.7,9.6,,20,,,8.2,
2006-04-24 23:00:00,,,,,0.0,,,,,0.0,0.0,77,,,1012.8,,,,,,,,,1007.6,,,20.1,,,,24.5,,,,,,,,,,,,,,10,10,5.7,8.9,,20,,,6.9,
2006-04-25 00:00:00,,,,,0.0,,,,,0.0,0.0,78,,,1012.5,,,,,,,,,1007.3,,,20.3,,,,24.3,,,,,,,,,,,,,,10,360,6.8,9.3,,10,,,7.3,
2006-04-25 01:00:00,,,,,0.0,,,,,0.0,0.0,78,,,1012.2,,,,,,,,,1007.0,,,20.1,,,,24.2,,,,,,,,,,,,,,10,10,6.9,10.2,,10,,,7.6,
2006-04-25 02:00:00,,,,,0.0,,,,,0.0,0.0,79,,,1012.0,,,,,,,,,1006.8,,,20.3,,,,24.2,,,,,,,,,,,,,,10,360,7.5,10.6,,10,,,7.5,
2006-04-25 03:00:00,,,,,0.0,,,,,0.0,0.0,78,,,1011.6,,,,,,,,,1006.4,,,20.0,,,,24.0,,,,,,,,,,,,,,10,20,7.2,10.1,,10,,,8.0,
2006-04-25 04:00:00,,,,,0.0,,,,,0.0,0.0,79,,,1011.4,,,,,,,,,1006.2,,,20.3,,,,24.1,,,,,,,,,,,,,,10,360,7.6,9.9,,10,,,7.6,
2006-04-25 05:00:00,,,,,0.02,,,,,0.0,0.0,80,,,1011.6,,,,,,,,,1006.4,,,20.4,,,,24.1,,,,,,,,,,,,,,10,10,5.8,9.1,,10,,,7.7,
2006-04-25 06:00:00,,,,,1.2,,,,,0.0,0.0,80,,,1011.9,,,,,,,,,1006.7,0.0,,20.7,,,,24.3,,,,,,,,,,,,,,360,10,5.2,7.6,,10,,,6.0,
2006-04-25 07:00:00,,,,,1.2,,,,,0.0,0.0,79,,,1012.5,,,,,,,,,1007.3,0.0,,20.7,,,,24.6,,,,,,,,,,,,,,360,10,5.6,7.7,,360,,,5.6,
2006-04-25 08:00:00,,10.0,,,0.68,,,,,0.0,0.0,82,,,1012.8,,,,,,,,,1007.6,0.0,,21.5,,,,24.8,,,,,,,,,,10.0,,,,350,350,5.2,8.0,,360,,,5.8,
2006-04-25 09:00:00,,10.0,,,0.64,,,,,0.0,0.0,81,,,1013.2,,,,,,,,,1008.0,0.0,,21.5,,,,24.9,,,,,,,,,,10.0,,,,360,360,7.5,10.7,,360,,,7.8,
2006-04-25 10:00:00,,,,,0.78,,,,,0.0,0.0,81,,,1013.3,,,,,,,,,1008.1,0.3,,21.8,,,,25.4,,,,,,,,,,,,,,10,360,6.7,10.0,,360,,,7.5,
2006-04-25 11:00:00,,6.0,,,0.12,,,,,0.0,0.0,79,,,1013.1,,,,,,,,,1007.9,0.4,,21.9,,,,25.8,,,,,,,,,,10.0,,,,10,10,6.6,9.3,,10,,,6.8,
2006-04-25 12:00:00,,,,,0.49,,,,,0.0,0.0,79,,,1012.5,,,,,,,,,1007.3,0.1,,21.6,,,,25.5,,,,,,,,,,,,,,10,360,6.8,9.2,,360,,,7.1,
2006-04-25 13:00:00,,,,,1.44,,,,,0.0,0.0,78,,,1011.9,,,,,,,,,1006.7,0.5,,21.5,,,,25.6,,,,,,,,,,,,,,10,10,6.6,8.9,,10,,,7.1,
2006-04-25 14:00:00,,6.0,,,0.8,,,,,0.0,0.0,78,,,1011.2,,,,,,,,,1006.0,0.1,,21.6,,,,25.7,,,,,,,,,,10.0,,,,10,10,5.8,8.5,,10,,,6.6,
2006-04-25 15:00:00,,,,,1.42,,,,,0.0,0.0,78,,,1010.4,,,,,,,,,1005.2,0.8,,21.6,,,,25.7,,,,,,,,,,,,,,360,360,5.6,7.6,,360,,,5.9,
2006-04-25 16:00:00,,,,,0.95,,,,,0.0,0.0,79,,,1010.0,,,,,,,,,1004.8,0.9,,21.5,,,,25.4,,,,,,,,,,,,,,10,360,6.3,7.8,,10,,,6.4,
2006-04-25 17:00:00,,3.0,,,0.56,,,,,0.0,0.0,80,,,1010.1,,,,,,,,,1004.9,0.5,,21.3,,,,24.9,,,,,,,,,,10.0,,,,10,10,6.1,8.3,,10,,,6.2,
2006-04-25 18:00:00,,,,,0.6,,,,,0.0,0.0,81,,,1010.7,,,,,,,,,1005.5,0.0,,20.8,,,,24.2,,,,,,,,,,,,,,20,10,5.1,7.8,,10,,,6.3,
2006-04-25 19:00:00,,,,,0.6,,,,,0.0,0.0,83,,,1010.9,,,,,,,,,1005.7,0.0,,21.1,,,,24.1,,,,,,,,,,,,,,20,20,3.3,6.3,,20,,,5.0,
2006-04-25 20:00:00,,,,,0.59,,,,,0.0,0.0,83,,,1011.4,,,,,,,,,1006.2,,,21.5,,,,24.5,,,,,,,,,,,,,,10,10,3.3,4.8,,10,,,3.9,
2006-04-25 21:00:00,,,,,0.0,,,,,0.0,0.0,84,,,1011.4,,,,,,,,,1006.2,,,21.4,,,,24.3,,,,,,,,,,,,,,20,10,2.5,4.9,,10,,,3.9,
2006-04-25 22:00:00,,,,,0.0,,,,,0.0,0.0,85,,,1011.0,,,,,,,,,1005.8,,,21.3,,,,24.0,,,,,,,,,,,,,,70,50,2.4,3.4,,50,,,2.7,
2006-04-25 23:00:00,,,,,0.0,,,,,0.0,0.0,83,,,1010.6,,,,,,,,,1005.4,,,21.8,,,,24.8,,,,,,,,,,,,,,120,120,2.9,4.0,,120,,,2.9,
2006-04-26 00:00:00,,,,,0.0,,,,,0.0,0.0,83,,,1010.2,,,,,,,,,1005.0,,,21.8,,,,24.9,,,,,,,,,,,,,,170,140,3.0,4.1,,120,,,3.0,
2006-04-26 01:00:00,,,,,0.0,,,,,0.0,0.0,83,,,1009.9,,,,,,,,,1004.7,,,22.1,,,,25.2,,,,,,,,,,,,,,170,160,3.5,5.1,,170,,,3.9,
2006-04-26 02:00:00,,,,,0.0,,,,,0.0,0.0,83,,,1009.3,,,,,,,,,1004.1,,,22.3,,,,25.5,,,,,,,,,,,,,,190,190,3.3,5.5,,190,,,4.0,
2006-04-26 03:00:00,,,,,0.0,,,,,0.0,0.0,82,,,1009.1,,,,,,,,,1003.9,,,22.5,,,,25.9,,,,,,,,,,,,,,200,190,3.1,5.3,,190,,,3.8,
2006-04-26 04:00:00,,,,,0.0,,,,,0.0,0.0,83,,,1009.1,,,,,,,,,1003.9,,,22.7,,,,25.9,,,,,,,,,,,,,,210,220,3.5,6.1,,210,,,4.6,
2006-04-26 05:00:00,,,,,0.02,,,,,0.0,0.0,82,,,1009.6,,,,,,,,,1004.4,,,22.6,,,,25.9,,,,,,,,,,,,,,230,200,2.6,5.3,,210,,,4.1,
2006-04-26 06:00:00,,,,,1.07,,,,,0.0,0.0,88,,,1010.0,,,,,,,,,1004.8,0.0,,23.0,,,,25.1,,,,,,,,,,,,,,140,140,0.9,3.5,,240,,,2.5,
2006-04-26 07:00:00,,,,,1.2,,,,,0.0,0.0,84,,,1010.6,,,,,,,,,1005.4,0.0,,23.2,,,,26.1,,,,,,,,,,,,,,190,160,2.8,4.5,,160,,,3.1,
2006-04-26 08:00:00,,7.0,,,1.23,,,,,0.5,0.2,86,,,1010.7,,,,,,,,,1005.5,0.2,,23.8,,,,26.4,,,,,,,,,,30.0,,,,190,190,5.8,7.7,,190,,,5.8,
2006-04-26 09:00:00,,9.0,,,0.81,,,,,0.0,0.0,84,,,1010.7,,,,,,,,,1005.5,0.4,,23.8,,,,26.8,,,,,,,,,,30.0,,,,190,200,5.0,7.6,,190,,,6.1,
2006-04-26 10:00:00,,,,,0.79,,,,,0.0,0.0,83,,,1010.8,,,,,,,,,1005.6,0.1,,24.1,,,,27.2,,,,,,,,,,,,,,200,210,6.2,8.1,,200,,,6.2,
2006-04-26 11:00:00,,9.0,,,1.7,,,,,0.0,0.0,80,,,1010.3,,,,,,,,,1005.2,0.5,,24.2,,,,27.9,,,,,,,,,,30.0,,,,190,190,6.0,8.1,,200,,,6.3,
2006-04-26 12:00:00,,,,,1.2,,,,,0.0,0.0,79,,,1010.0,,,,,,,,,1004.9,0.0,,24.0,,,,27.9,,,,,,,,,,,,,,210,190,5.5,8.1,,190,,,6.9,
2006-04-26 13:00:00,,,,,1.42,,,,,0.0,0.0,81,,,1009.5,,,,,,,,,1004.4,0.1,,24.3,,,,27.8,,,,,,,,,,,,,,230,220,5.4,7.2,,220,,,5.8,
2006-04-26 14:00:00,,10.0,,,0.66,,,,,0.0,0.0,84,,,1009.2,,,,,,,,,1004.0,0.0,,24.1,,,,27.0,,,,,,,,,,30.0,,,,240,230,4.8,7.4,,230,,,5.7,
2006-04-26 15:00:00,,,,,0.45,,,,,0.0,0.0,86,,,1008.7,,,,,,,,,1003.5,0.0,,24.5,,,,27.1,,,,,,,,,,,,,,250,240,3.7,5.4,,240,,,4.9,
2006-04-26 16:00:00,,,,,1.16,,,,,0.0,0.0,85,,,1008.5,,,,,,,,,1003.3,0.0,,24.2,,,,27.0,,,,,,,,,,,,,,250,250,3.0,4.8,,250,,,3.9,
2006-04-26 17:00:00,,10.0,,,0.98,,,,,0.0,0.0,85,,,1008.5,,,,,,,,,1003.3,0.0,,23.9,,,,26.7,,,,,,,,,,20.0,,,,240,250,4.1,5.0,,240,,,4.1,
2006-04-26 18:00:00,,,,,1.0,,,,,0.0,0.0,85,,,1009.1,,,,,,,,,1003.9,0.0,,23.8,,,,26.6,,,,,,,,,,,,,,260,240,3.4,5.7,,240,,,4.2,
2006-04-26 19:00:00,,,,,0.03,,,,,0.0,0.0,85,,,1010.1,,,,,,,,,1004.9,0.0,,23.4,,,,26.2,,,,,,,,,,,,,,300,290,3.7,5.2,,290,,,3.9,
2006-04-26 20:00:00,,,,,0.0,,,,,0.0,0.0,89,,,1010.1,,,,,,,,,1004.9,,,23.5,,,,25.5,,,,,,,,,,,,,,10,310,0.6,4.4,,300,,,3.7,
2006-04-26 21:00:00,,,,,0.0,,,,,0.0,0.0,87,,,1010.9,,,,,,,,,1005.7,,,22.9,,,,25.2,,,,,,,,,,,,,,50,50,3.1,4.1,,50,,,3.1,
2006-04-26 22:00:00,,,,,0.0,,,,,0.0,0.0,86,,,1010.9,,,,,,,,,1005.7,,,23.2,,,,25.8,,,,,,,,,,,,,,70,70,2.8,4.4,,70,,,3.5,
2006-04-26 23:00:00,,,,,0.0,,,,,0.0,0.0,85,,,1011.1,,,,,,,,,1005.9,,,22.9,,,,25.6,,,,,,,,,,,,,,40,40,3.2,4.4,,50,,,3.5,
2006-04-27 00:00:00,,,,,0.0,,,,,0.0,0.0,81,,,1010.6,,,,,,,,,1005.4,,,21.9,,,,25.5,,,,,,,,,,,,,,60,70,3.5,4.8,,50,,,3.6,
2006-04-27 01:00:00,,,,,0.0,,,,,0.0,0.0,81,,,1010.5,,,,,,,,,1005.3,,,21.8,,,,25.3,,,,,,,,,,,,,,60,70,2.8,5.4,,70,,,4.3,
2006-04-27 02:00:00,,,,,0.0,,,,,0.0,0.0,80,,,1010.1,,,,,,,,,1004.9,,,21.7,,,,25.3,,,,,,,,,,,,,,90,80,2.5,3.4,,60,,,2.8,
2006-04-27 03:00:00,,,,,0.0,,,,,0.0,0.0,81,,,1010.3,,,,,,,,,1005.1,,,22.2,,,,25.7,,,,,,,,,,,,,,80,80,1.0,3.2,,90,,,2.7,
2006-04-27 04:00:00,,,,,0.0,,,,,0.0,0.0,83,,,1010.3,,,,,,,,,1005.1,,,22.3,,,,25.3,,,,,,,,,,,,,,230,240,4.0,6.0,,230,,,4.6,
2006-04-27 05:00:00,,,,,0.0,,,,,0.0,0.0,86,,,1010.3,,,,,,,,,1005.1,,,22.8,,,,25.4,,,,,,,,,,,,,,210,220,0.9,4.1,,230,,,3.8,
2006-04-27 06:00:00,,,,,0.0,,,,,0.0,0.0,83,,,1010.9,,,,,,,,,1005.7,0.0,,22.4,,,,25.4,,,,,,,,,,,,,,120,110,1.6,4.0,,100,,,3.1,
2006-04-27 07:00:00,,,,,0.0,,,,,0.0,0.0,83,,,1011.6,,,,,,,,,1006.4,0.0,,22.5,,,,25.7,,,,,,,,,,,,,,190,110,1.5,3.6,,100,,,2.0,
2006-04-27 08:00:00,,9.0,,,0.58,,,,,0.0,0.0,84,,,1012.0,,,,,,,,,1006.8,0.1,,23.7,,,,26.7,,,,,,,,,,20.0,,,,150,150,3.0,4.8,,160,,,3.6,
2006-04-27 09:00:00,,10.0,,,0.72,,,,,0.0,0.0,79,,,1012.4,,,,,,,,,1007.2,0.0,,22.9,,,,26.8,,,,,,,,,,20.0,,,,160,150,4.1,6.3,,150,,,4.8,
2006-04-27 10:00:00,,,,,1.14,,,,,0.0,0.0,76,,,1012.3,,,,,,,,,1007.1,0.0,,22.7,,,,27.3,,,,,,,,,,,,,,180,190,4.0,5.6,,160,,,4.1,
2006-04-27 11:00:00,,10.0,,,0.6,,,,,0.0,0.0,77,,,1012.3,,,,,,,,,1007.1,0.0,,21.8,,,,26.1,,,,,,,,,,20.0,,,,200,170,3.3,5.7,,180,,,4.2,
2006-04-27 12:00:00,,,,,1.03,,,,,1.5,0.3,86,,,1012.1,,,,,,,,,1006.9,0.0,,22.8,,,,25.4,,,,,,,,,,,,,,270,210,2.5,6.5,,200,,,4.3,
2006-04-27 13:00:00,,,,,1.2,,,,,0.0,0.0,87,,,1011.1,,,,,,,,,1005.9,0.0,,23.6,,,,25.9,,,,,,,,,,,,,,340,320,2.6,6.3,,320,,,4.8,
2006-04-27 14:00:00,,9.0,,,2.02,,,,,0.0,0.0,79,,,1010.6,,,,,,,,,1005.4,0.4,,23.8,,,,27.7,,,,,,,,,,20.0,,,,280,330,2.5,3.7,,330,,,2.9,
2006-04-27 15:00:00,,,,,1.7,,,,,0.0,0.0,76,,,1010.0,,,,,,,,,1004.8,0.3,,22.9,,,,27.6,,,,,,,,,,,,,,300,310,2.6,4.3,,290,,,3.0,
2006-04-27 16:00:00,,,,,1.08,,,,,0.0,0.0,78,,,1009.7,,,,,,,,,1004.5,0.4,,22.9,,,,27.0,,,,,,,,,,,,,,330,320,3.4,5.4,,320,,,4.4,
2006-04-27 17:00:00,,6.0,,,0.74,,,,,0.0,0.0,81,,,1009.5,,,,,,,,,1004.3,0.3,,22.7,,,,26.3,,,,,,,,,,20.0,,,,320,320,3.5,4.7,,320,,,3.6,
2006-04-27 18:00:00,,,,,0.43,,,,,0.0,0.0,83,,,1009.6,,,,,,,,,1004.4,0.0,,22.1,,,,25.2,,,,,,,,,,,,,,360,320,1.7,4.5,,320,,,3.5,
2006-04-27 19:00:00,,,,,0.61,,,,,0.0,0.0,81,,,1009.9,,,,,,,,,1004.7,0.0,,21.6,,,,25.0,,,,,,,,,,,,,,360,360,2.0,4.4,,360,,,3.2,
2006-04-27 20:00:00,,,,,0.36,,,,,0.0,0.0,80,,,1010.6,,,,,,,,,1005.4,,,21.5,,,,25.1,,,,,,,,,,,,,,360,360,0.3,3.2,,360,,,2.5,
2006-04-27 21:00:00,,,,,0.0,,,,,0.0,0.0,83,,,1011.3,,,,,,,,,1006.1,,,22.2,,,,25.2,,,,,,,,,,,,,,360,10,1.6,3.2,,360,,,1.6,
2006-04-27 22:00:00,,,,,0.0,,,,,0.0,0.0,83,,,1011.6,,,,,,,,,1006.4,,,21.8,,,,24.9,,,,,,,,,,,,,,360,360,4.0,5.3,,10,,,4.4,
2006-04-27 23:00:00,,,,,0.0,,,,,0.0,0.0,83,,,1011.9,,,,,,,,,1006.7,,,20.6,,,,23.7,,,,,,,,,,,,,,360,360,8.7,11.9,,360,,,9.0,
2006-04-28 00:00:00,,,,,0.0,,,,,0.0,0.0,82,,,1011.2,,,,,,,,,1006.0,,,20.0,,,,23.3,,,,,,,,,,,,,,10,10,9.4,12.6,,10,,,10.1,
2006-04-28 01:00:00,,,,,0.0,,,,,0.0,0.0,85,,,1010.6,,,,,,,,,1005.4,,,20.5,,,,23.1,,,,,,,,,,,,,,20,360,8.0,12.7,,10,,,9.4,
2006-04-28 02:00:00,,,,,0.0,,,,,0.0,0.0,83,,,1010.4,,,,,,,,,1005.2,,,20.4,,,,23.5,,,,,,,,,,,,,,20,10,8.9,13.1,,10,,,8.9,
2006-04-28 03:00:00,,,,,0.0,,,,,0.0,0.0,82,,,1010.2,,,,,,,,,1005.0,,,20.2,,,,23.4,,,,,,,,,,,,,,10,10,8.4,13.1,,10,,,9.6,
2006-04-28 04:00:00,,,,,0.0,,,,,0.0,0.0,85,,,1010.3,,,,,,,,,1005.1,,,20.3,,,,22.9,,,,,,,,,,,,,,360,10,10.2,14.1,,10,,,11.1,
2006-04-28 05:00:00,,,,,0.0,,,,,2.0,0.3,86,,,1010.5,,,,,,,,,1005.3,,,20.7,,,,23.1,,,,,,,,,,,,,,30,360,5.3,15.7,,360,,,12.1,
2006-04-28 06:00:00,,,,,0.0,,,,,0.0,0.0,86,,,1010.7,,,,,,,,,1005.5,0.0,,20.9,,,,23.4,,,,,,,,,,,,,,40,30,4.7,7.0,,30,,,5.4,
2006-04-28 07:00:00,,,,,0.0,,,,,1.0,0.2,87,,,1011.3,,,,,,,,,1006.1,0.0,,20.8,,,,23.1,,,,,,,,,,,,,,360,360,5.1,7.3,,360,,,5.5,
2006-04-28 08:00:00,,10.0,,,0.0,,,,,2.0,1.0,86,,,1011.6,,,,,,,,,1006.4,0.0,,21.0,,,,23.4,,,,,,,,,,6.0,,,,20,360,3.7,6.8,,360,,,5.2,
2006-04-28 09:00:00,,10.0,,,0.0,,,,,2.5,1.0,89,,,1012.2,,,,,,,,,1007.0,0.0,,21.5,,,,23.5,,,,,,,,,,6.0,,,,360,360,3.7,5.1,,10,,,4.0,
2006-04-28 10:00:00,,,,,0.0,,,,,1.5,1.0,87,,,1012.5,,,,,,,,,1007.3,0.0,,21.0,,,,23.3,,,,,,,,,,,,,,10,360,5.2,7.7,,360,,,6.1,
2006-04-28 11:00:00,,10.0,,,0.0,,,,,2.5,1.0,86,,,1012.1,,,,,,,,,1006.9,0.0,,21.2,,,,23.7,,,,,,,,,,6.0,,,,10,10,3.0,6.1,,10,,,5.2,
2006-04-28 12:00:00,,,,,0.0,,,,,1.0,1.0,84,,,1011.8,,,,,,,,,1006.6,0.0,,21.4,,,,24.2,,,,,,,,,,,,,,50,10,1.8,3.8,,10,,,3.0,
2006-04-28 13:00:00,,,,,2.09,,,,,0.5,0.3,85,,,1011.0,,,,,,,,,1005.8,0.0,,21.5,,,,24.2,,,,,,,,,,,,,,0,70,0.0,2.9,,50,,,1.8,
2006-04-28 14:00:00,,10.0,,,2.47,,,,,0.0,0.0,87,,,1010.4,,,,,,,,,1005.2,0.0,,21.8,,,,24.1,,,,,,,,,,10.0,,,,10,20,2.2,4.3,,20,,,3.1,
2006-04-28 15:00:00,,,,,2.4,,,,,0.0,0.0,86,,,1009.7,,,,,,,,,1004.5,0.0,,21.3,,,,23.8,,,,,,,,,,,,,,100,360,2.0,4.6,,10,,,3.4,
2006-04-28 16:00:00,,,,,0.99,,,,,0.5,0.2,88,,,1010.0,,,,,,,,,1004.8,0.0,,21.6,,,,23.8,,,,,,,,,,,,,,270,250,1.4,2.9,,100,,,1.9,
2006-04-28 17:00:00,,10.0,,,1.11,,,,,1.0,0.5,86,,,1009.5,,,,,,,,,1004.3,0.0,,21.3,,,,23.8,,,,,,,,,,10.0,,,,0,290,0.0,3.7,,290,,,2.5,
2006-04-28 18:00:00,,,,,0.0,,,,,0.0,0.0,88,,,1009.6,,,,,,,,,1004.4,0.0,,21.7,,,,23.9,,,,,,,,,,,,,,340,140,0.7,2.6,,220,,,1.0,
2006-04-28 19:00:00,,,,,0.0,,,,,1.0,0.3,86,,,1009.9,,,,,,,,,1004.7,0.0,,21.4,,,,23.8,,,,,,,,,,,,,,10,360,2.6,4.2,,360,,,3.3,
2006-04-28 20:00:00,,,,,0.0,,,,,1.5,0.5,87,,,1010.3,,,,,,,,,1005.1,,,21.1,,,,23.4,,,,,,,,,,,,,,350,360,7.2,9.6,,350,,,7.2,
2006-04-28 21:00:00,,,,,0.0,,,,,0.0,0.0,87,,,1010.7,,,,,,,,,1005.5,,,20.9,,,,23.1,,,,,,,,,,,,,,360,360,6.5,9.7,,360,,,7.2,
2006-04-28 22:00:00,,,,,0.0,,,,,0.0,0.0,86,,,1011.6,,,,,,,,,1006.4,,,20.9,,,,23.4,,,,,,,,,,,,,,360,360,6.1,10.0,,360,,,7.6,
2006-04-28 23:00:00,,,,,0.0,,,,,0.0,0.0,86,,,1010.9,,,,,,,,,1005.7,,,20.2,,,,22.7,,,,,,,,,,,,,,360,360,8.0,11.7,,360,,,8.8,
2006-04-29 00:00:00,,,,,0.0,,,,,0.0,0.0,88,,,1010.8,,,,,,,,,1005.6,,,20.3,,,,22.4,,,,,,,,,,,,,,360,360,8.4,11.8,,360,,,8.9,
2006-04-29 01:00:00,,,,,0.0,,,,,0.0,0.0,86,,,1010.3,,,,,,,,,1005.1,,,19.8,,,,22.2,,,,,,,,,,,,,,360,10,8.8,12.3,,360,,,9.5,
2006-04-29 02:00:00,,,,,0.0,,,,,0.0,0.0,88,,,1009.9,,,,,,,,,1004.7,,,19.9,,,,22.0,,,,,,,,,,,,,,10,10,10.3,13.6,,10,,,10.6,
2006-04-29 03:00:00,,,,,0.0,,,,,0.0,0.0,88,,,1009.5,,,,,,,,,1004.3,,,20.1,,,,22.2,,,,,,,,,,,,,,20,10,8.5,12.6,,10,,,10.4,
2006-04-29 04:00:00,,,,,0.0,,,,,0.0,0.0,86,,,1009.5,,,,,,,,,1004.3,,,20.0,,,,22.5,,,,,,,,,,,,,,20,20,6.8,10.4,,20,,,8.5,
2006-04-29 05:00:00,,,,,0.0,,,,,0.0,0.0,83,,,1010.1,,,,,,,,,1004.9,,,19.9,,,,22.9,,,,,,,,,,,,,,20,30,5.3,8.9,,20,,,7.0,
2006-04-29 06:00:00,,,,,0.0,,,,,0.0,0.0,84,,,1010.3,,,,,,,,,1005.1,0.0,,20.2,,,,23.0,,,,,,,,,,,,,,10,20,5.5,8.0,,20,,,5.7,
2006-04-29 07:00:00,,,,,0.0,,,,,0.0,0.0,85,,,1011.0,,,,,,,,,1005.8,0.0,,20.2,,,,22.9,,,,,,,,,,,,,,360,360,6.5,8.9,,10,,,6.7,
2006-04-29 08:00:00,,10.0,,,0.0,,,,,0.0,0.0,87,,,1011.3,,,,,,,,,1006.1,0.0,,20.3,,,,22.5,,,,,,,,,,25.0,,,,10,360,7.3,9.9,,360,,,7.5,
2006-04-29 09:00:00,,10.0,,,0.0,,,,,0.0,0.0,84,,,1012.3,,,,,,,,,1007.1,0.0,,20.1,,,,22.9,,,,,,,,,,25.0,,,,360,10,5.2,9.2,,10,,,7.4,
2006-04-29 10:00:00,,,,,0.0,,,,,0.0,0.0,87,,,1012.4,,,,,,,,,1007.2,0.0,,20.6,,,,22.9,,,,,,,,,,,,,,360,360,5.6,8.0,,360,,,5.9,
2006-04-29 11:00:00,,10.0,,,1.41,,,,,0.0,0.0,88,,,1012.2,,,,,,,,,1007.0,0.0,,21.0,,,,23.1,,,,,,,,,,10.0,,,,10,360,5.3,8.4,,360,,,6.1,
2006-04-29 12:00:00,,,,,2.11,,,,,0.0,0.0,87,,,1011.7,,,,,,,,,1006.5,0.0,,21.5,,,,23.7,,,,,,,,,,,,,,40,10,4.4,7.5,,10,,,5.8,
2006-04-29 13:00:00,,,,,2.26,,,,,0.0,0.0,85,,,1011.2,,,,,,,,,1006.0,0.0,,21.1,,,,23.8,,,,,,,,,,,,,,40,20,3.6,5.8,,40,,,4.4,
2006-04-29 14:00:00,,10.0,,,2.66,,,,,0.0,0.0,84,,,1010.8,,,,,,,,,1005.6,0.0,,21.7,,,,24.6,,,,,,,,,,30.0,,,,20,20,3.7,5.2,,20,,,4.0,
2006-04-29 15:00:00,,,,,2.76,,,,,0.0,0.0,82,,,1010.4,,,,,,,,,1005.2,0.0,,21.1,,,,24.3,,,,,,,,,,,,,,10,10,3.6,4.9,,20,,,3.6,
2006-04-29 16:00:00,,,,,1.37,,,,,0.0,0.0,83,,,1009.8,,,,,,,,,1004.6,0.0,,20.9,,,,23.9,,,,,,,,,,,,,,40,10,2.7,4.7,,10,,,3.7,
2006-04-29 17:00:00,,10.0,,,1.82,,,,,0.0,0.0,84,,,1009.8,,,,,,,,,1004.6,0.0,,21.0,,,,23.9,,,,,,,,,,35.0,,,,0,20,0.0,3.2,,40,,,2.5,
2006-04-29 18:00:00,,,,,0.0,,,,,0.0,0.0,83,,,1010.2,,,,,,,,,1005.0,0.0,,20.9,,,,24.0,,,,,,,,,,,,,,0,360,0.0,2.2,,360,,,0.6,
2006-04-29 19:00:00,,,,,0.0,,,,,0.0,0.0,84,,,1010.8,,,,,,,,,1005.6,0.0,,20.7,,,,23.5,,,,,,,,,,,,,,340,350,0.4,3.2,,340,,,2.1,
2006-04-29 20:00:00,,,,,0.0,,,,,0.0,0.0,85,,,1011.5,,,,,,,,,1006.3,,,20.7,,,,23.4,,,,,,,,,,,,,,310,320,2.7,3.5,,310,,,2.7,
2006-04-29 21:00:00,,,,,0.0,,,,,0.0,0.0,83,,,1011.2,,,,,,,,,1006.0,,,20.8,,,,23.8,,,,,,,,,,,,,,220,310,0.3,2.4,,310,,,2.0,
2006-04-29 22:00:00,,,,,0.0,,,,,0.0,0.0,85,,,1011.5,,,,,,,,,1006.3,,,21.3,,,,23.9,,,,,,,,,,,,,,240,240,0.7,3.4,,250,,,2.3,
2006-04-29 23:00:00,,,,,0.0,,,,,0.0,0.0,86,,,1011.2,,,,,,,,,1006.0,,,21.3,,,,23.7,,,,,,,,,,,,,,0,210,0.0,2.7,,220,,,1.2,
2006-04-30 00:00:00,,,,,0.0,,,,,0.0,0.0,87,,,1010.4,,,,,,,,,1005.2,,,21.3,,,,23.5,,,,,,,,,,,,,,0,10,0.1,2.5,,10,,,2.0,
2006-04-30 01:00:00,,,,,0.0,,,,,0.0,0.0,86,,,1010.3,,,,,,,,,1005.1,,,21.4,,,,23.8,,,,,,,,,,,,,,0,40,0.0,1.9,,40,,,0.3,
2006-04-30 02:00:00,,,,,0.0,,,,,0.0,0.0,83,,,1010.4,,,,,,,,,1005.2,,,21.4,,,,24.4,,,,,,,,,,,,,,220,240,2.8,3.8,,220,,,2.8,
2006-04-30 03:00:00,,,,,0.0,,,,,0.0,0.0,88,,,1010.3,,,,,,,,,1005.1,,,21.7,,,,23.9,,,,,,,,,,,,,,10,210,1.4,3.8,,220,,,2.7,
2006-04-30 04:00:00,,,,,0.0,,,,,0.0,0.0,88,,,1010.6,,,,,,,,,1005.4,,,21.9,,,,24.1,,,,,,,,,,,,,,350,20,1.7,3.8,,10,,,3.0,
2006-04-30 05:00:00,,,,,0.0,,,,,0.0,0.0,89,,,1010.9,,,,,,,,,1005.7,,,21.8,,,,23.8,,,,,,,,,,,,,,20,20,2.2,2.9,,350,,,2.3,
2006-04-30 06:00:00,,,,,0.0,,,,,0.0,0.0,89,,,1011.4,,,,,,,,,1006.2,0.0,,21.9,,,,23.9,,,,,,,,,,,,,,60,30,0.8,2.9,,30,,,2.3,
2006-04-30 07:00:00,,,,,0.0,,,,,0.0,0.0,89,,,1011.6,,,,,,,,,1006.4,0.0,,22.7,,,,24.7,,,,,,,,,,,,,,0,40,0.0,2.6,,50,,,2.3,
2006-04-30 08:00:00,,10.0,,,0.0,,,,,0.0,0.0,87,,,1012.2,,,,,,,,,1007.0,0.0,,23.4,,,,25.7,,,,,,,,,,30.0,,,,140,130,1.3,2.7,,140,,,1.3,
2006-04-30 09:00:00,,10.0,,,1.52,,,,,0.0,0.0,84,,,1012.3,,,,,,,,,1007.1,0.0,,23.9,,,,26.8,,,,,,,,,,15.0,,,,160,170,3.9,5.7,,160,,,3.9,
2006-04-30 10:00:00,,,,,2.68,,,,,0.0,0.0,82,,,1012.5,,,,,,,,,1007.3,0.0,,23.1,,,,26.5,,,,,,,,,,,,,,190,180,4.3,6.7,,190,,,4.8,
2006-04-30 11:00:00,,10.0,,,2.97,,,,,0.0,0.0,80,,,1012.5,,,,,,,,,1007.3,0.0,,23.3,,,,27.1,,,,,,,,,,20.0,,,,190,180,4.9,7.2,,190,,,5.8,
2006-04-30 12:00:00,,,,,2.72,,,,,0.0,0.0,81,,,1012.0,,,,,,,,,1006.8,0.0,,23.2,,,,26.8,,,,,,,,,,,,,,190,190,5.1,8.0,,190,,,5.8,
2006-04-30 13:00:00,,,,,2.4,,,,,0.0,0.0,81,,,1011.4,,,,,,,,,1006.2,0.1,,24.1,,,,27.6,,,,,,,,,,,,,,200,190,5.8,8.9,,190,,,7.3,
2006-04-30 14:00:00,,8.0,,,2.78,,,,,0.0,0.0,82,,,1010.5,,,,,,,,,1005.3,0.2,,24.0,,,,27.3,,,,,,,,,,30.0,,,,190,190,7.8,9.2,,190,,,7.8,
2006-04-30 15:00:00,,,,,1.44,,,,,0.0,0.0,81,,,1010.3,,,,,,,,,1005.1,0.4,,23.9,,,,27.4,,,,,,,,,,,,,,200,200,5.3,9.3,,190,,,7.7,
2006-04-30 16:00:00,,,,,1.32,,,,,0.0,0.0,83,,,1010.1,,,,,,,,,1004.9,0.8,,23.8,,,,27.0,,,,,,,,,,,,,,190,190,6.6,8.3,,190,,,6.8,
2006-04-30 17:00:00,,7.0,,,0.6,,,,,0.0,0.0,83,,,1009.8,,,,,,,,,1004.6,0.0,,23.7,,,,26.8,,,,,,,,,,30.0,,,,190,190,5.4,7.3,,190,,,6.5,
2006-04-30 18:00:00,,,,,0.17,,,,,0.0,0.0,85,,,1010.1,,,,,,,,,1004.9,0.0,,23.6,,,,26.4,,,,,,,,,,,,,,190,190,4.6,7.0,,190,,,5.4,
2006-04-30 19:00:00,,,,,0.0,,,,,0.0,0.0,85,,,1010.7,,,,,,,,,1005.5,0.0,,23.7,,,,26.4,,,,,,,,,,,,,,190,190,3.6,6.2,,190,,,4.7,
2006-04-30 20:00:00,,,,,0.0,,,,,0.0,0.0,86,,,1011.4,,,,,,,,,1006.2,,,23.8,,,,26.3,,,,,,,,,,,,,,180,200,4.1,6.0,,190,,,4.5,
2006-04-30 21:00:00,,,,,0.0,,,,,0.0,0.0,86,,,1011.7,,,,,,,,,1006.5,,,23.9,,,,26.5,,,,,,,,,,,,,,190,190,5.8,8.7,,190,,,5.8,
2006-04-30 22:00:00,,,,,0.0,,,,,0.0,0.0,88,,,1011.9,,,,,,,,,1006.7,,,24.3,,,,26.5,,,,,,,,,,,,,,180,190,4.5,7.7,,190,,,6.0,
2006-04-30 23:00:00,,,,,0.0,,,,,0.0,0.0,87,,,1011.6,,,,,,,,,1006.4,,,24.1,,,,26.4,,,,,,,,,,,,,,200,190,4.5,6.6,,190,,,5.6,
2006-05-01 00:00:00,,,,,0.0,,,,,0.0,0.0,88,,,1011.4,,,,,,,,,1006.2,,,24.3,,,,26.5,,,,,,,,,,,,,,200,190,5.0,7.3,,190,,,5.8,
2006-05-01 01:00:00,,,,,0.0,,,,,0.0,0.0,88,,,1010.9,,,,,,,,,1005.7,,,24.3,,,,26.5,,,,,,,,,,,,,,220,220,7.1,8.6,,220,,,7.6,
2006-05-01 02:00:00,,,,,0.0,,,,,0.0,0.0,88,,,1010.4,,,,,,,,,1005.2,,,24.3,,,,26.5,,,,,,,,,,,,,,220,220,6.0,8.2,,220,,,7.0,
2006-05-01 03:00:00,,,,,0.0,,,,,0.0,0.0,85,,,1010.0,,,,,,,,,1004.8,,,23.5,,,,26.3,,,,,,,,,,,,,,220,220,5.9,8.5,,220,,,6.9,
2006-05-01 04:00:00,,,,,0.0,,,,,0.0,0.0,85,,,1009.9,,,,,,,,,1004.7,,,23.5,,,,26.2,,,,,,,,,,,,,,210,220,4.3,7.6,,220,,,6.3,
2006-05-01 05:00:00,,,,,0.0,,,,,0.0,0.0,85,,,1010.4,,,,,,,,,1005.2,,,23.5,,,,26.3,,,,,,,,,,,,,,210,210,4.2,6.0,,210,,,4.4,
2006-05-01 06:00:00,,,,,0.0,,,,,0.0,0.0,86,,,1010.7,,,,,,,,,1005.5,0.0,,23.8,,,,26.3,,,,,,,,,,,,,,200,210,3.6,6.6,,210,,,5.2,
2006-05-01 07:00:00,,,,,0.48,,,,,0.0,0.0,89,,,1011.1,,,,,,,,,1005.9,0.7,,24.8,,,,26.8,,,,,,,,,,,,,,200,190,4.2,5.7,,190,,,4.8,
2006-05-01 08:00:00,,2.0,,,1.58,,,,,0.0,0.0,85,,,1011.5,,,,,,,,,1006.3,1.0,,24.7,,,,27.4,,,,,,,,,,30.0,,,,210,190,5.5,7.5,,210,,,6.2,
2006-05-01 09:00:00,,4.0,,,1.6,,,,,0.0,0.0,84,,,1011.8,,,,,,,,,1006.6,0.7,,24.4,,,,27.4,,,,,,,,,,30.0,,,,220,220,6.3,7.9,,220,,,6.6,
2006-05-01 10:00:00,,,,,1.66,,,,,0.0,0.0,84,,,1011.9,,,,,,,,,1006.7,0.6,,25.0,,,,28.0,,,,,,,,,,,,,,210,220,5.4,7.4,,220,,,6.4,
2006-05-01 11:00:00,,4.0,,,1.69,,,,,0.0,0.0,83,,,1011.5,,,,,,,,,1006.4,1.0,,25.3,,,,28.4,,,,,,,,,,30.0,,,,210,220,5.6,6.9,,220,,,5.7,
2006-05-01 12:00:00,,,,,2.6,,,,,0.0,0.0,84,,,1011.0,,,,,,,,,1005.9,0.9,,25.4,,,,28.4,,,,,,,,,,,,,,220,210,6.6,7.8,,220,,,6.8,
2006-05-01 13:00:00,,,,,2.57,,,,,0.0,0.0,84,,,1010.3,,,,,,,,,1005.1,0.6,,24.9,,,,27.8,,,,,,,,,,,,,,220,220,5.9,8.0,,220,,,7.0,
2006-05-01 14:00:00,,3.0,,,2.59,,,,,0.0,0.0,83,,,1009.5,,,,,,,,,1004.4,0.8,,25.3,,,,28.5,,,,,,,,,,30.0,,,,210,220,6.0,7.6,,220,,,6.5,
2006-05-01 15:00:00,,,,,1.6,,,,,0.0,0.0,84,,,1009.2,,,,,,,,,1004.1,0.8,,25.2,,,,28.2,,,,,,,,,,,,,,220,220,6.2,8.0,,220,,,6.9,
2006-05-01 16:00:00,,,,,1.6,,,,,0.0,0.0,84,,,1008.7,,,,,,,,,1003.6,1.0,,24.8,,,,27.7,,,,,,,,,,,,,,210,220,6.7,7.9,,220,,,6.8,
2006-05-01 17:00:00,,2.0,,,1.62,,,,,0.0,0.0,85,,,1008.8,,,,,,,,,1003.6,1.0,,24.5,,,,27.2,,,,,,,,,,30.0,,,,220,210,5.8,7.8,,210,,,6.8,
2006-05-01 18:00:00,,,,,0.62,,,,,0.0,0.0,85,,,1008.9,,,,,,,,,1003.7,0.6,,23.9,,,,26.6,,,,,,,,,,,,,,220,220,5.6,6.5,,220,,,5.8,
2006-05-01 19:00:00,,,,,0.0,,,,,0.0,0.0,86,,,1009.2,,,,,,,,,1004.0,0.0,,23.7,,,,26.3,,,,,,,,,,,,,,210,210,5.4,6.7,,220,,,5.5,
2006-05-01 20:00:00,,,,,0.0,,,,,0.0,0.0,83,,,1009.6,,,,,,,,,1004.4,,,23.2,,,,26.3,,,,,,,,,,,,,,210,200,4.4,7.5,,200,,,5.6,
2006-05-01 21:00:00,,,,,0.0,,,,,0.0,0.0,81,,,1010.0,,,,,,,,,1004.8,,,23.0,,,,26.5,,,,,,,,,,,,,,190,190,5.1,7.0,,190,,,5.5,
2006-05-01 22:00:00,,,,,0.0,,,,,0.0,0.0,82,,,1010.4,,,,,,,,,1005.2,,,23.3,,,,26.6,,,,,,,,,,,,,,210,200,5.7,7.5,,190,,,5.7,
2006-05-01 23:00:00,,,,,0.0,,,,,0.0,0.0,84,,,1010.5,,,,,,,,,1005.3,,,23.7,,,,26.6,,,,,,,,,,,,,,210,210,6.2,8.2,,210,,,6.5,
2006-05-02 00:00:00,,,,,0.0,,,,,0.0,0.0,86,,,1010.6,,,,,,,,,1005.4,,,23.9,,,,26.5,,,,,,,,,,,,,,210,220,6.3,8.3,,220,,,6.7,
2006-05-02 01:00:00,,,,,0.0,,,,,0.0,0.0,85,,,1010.9,,,,,,,,,1005.7,,,23.8,,,,26.5,,,,,,,,,,,,,,220,230,6.6,8.8,,210,,,6.9,
2006-05-02 02:00:00,,,,,0.0,,,,,0.0,0.0,85,,,1010.0,,,,,,,,,1004.8,,,23.7,,,,26.5,,,,,,,,,,,,,,210,200,7.8,10.2,,210,,,7.8,
2006-05-02 03:00:00,,,,,0.0,,,,,0.0,0.0,82,,,1009.4,,,,,,,,,1004.2,,,23.3,,,,26.6,,,,,,,,,,,,,,210,210,6.8,11.6,,210,,,9.1,
2006-05-02 04:00:00,,,,,0.0,,,,,0.0,0.0,83,,,1008.9,,,,,,,,,1003.7,,,23.5,,,,26.6,,,,,,,,,,,,,,210,200,6.2,8.6,,210,,,6.6,
2006-05-02 05:00:00,,,,,0.0,,,,,0.0,0.0,86,,,1009.4,,,,,,,,,1004.2,,,23.9,,,,26.5,,,,,,,,,,,,,,200,190,5.3,8.4,,210,,,6.5,
2006-05-02 06:00:00,,,,,0.0,,,,,0.0,0.0,88,,,1009.8,,,,,,,,,1004.6,0.0,,24.1,,,,26.3,,,,,,,,,,,,,,210,220,5.6,7.6,,220,,,6.2,
2006-05-02 07:00:00,,,,,0.0,,,,,0.0,0.0,88,,,1010.4,,,,,,,,,1005.2,0.0,,24.3,,,,26.5,,,,,,,,,,,,,,210,220,5.8,7.3,,210,,,5.8,
2006-05-02 08:00:00,,10.0,,,0.0,,,,,0.0,0.0,88,,,1010.9,,,,,,,,,1005.7,0.0,,24.4,,,,26.5,,,,,,,,,,15.0,,,,220,210,5.9,7.9,,210,,,6.5,
2006-05-02 09:00:00,,10.0,,,0.0,,,,,0.0,0.0,88,,,1011.3,,,,,,,,,1006.1,0.0,,24.6,,,,26.7,,,,,,,,,,15.0,,,,230,210,6.0,7.6,,220,,,6.3,
2006-05-02 10:00:00,,,,,1.0,,,,,0.0,0.0,90,,,1011.2,,,,,,,,,1006.0,0.1,,25.5,,,,27.2,,,,,,,,,,,,,,240,240,6.2,7.4,,240,,,6.2,
2006-05-02 11:00:00,,9.0,,,1.96,,,,,0.0,0.0,91,,,1011.2,,,,,,,,,1006.0,0.5,,25.3,,,,26.9,,,,,,,,,,10.0,,,,240,240,7.8,9.2,,240,,,7.8,
2006-05-02 12:00:00,,,,,0.36,,,,,0.0,0.0,91,,,1011.0,,,,,,,,,1005.8,0.0,,25.2,,,,26.8,,,,,,,,,,,,,,240,230,7.5,9.5,,240,,,7.9,
2006-05-02 13:00:00,,,,,1.01,,,,,0.0,0.0,92,,,1010.4,,,,,,,,,1005.2,0.0,,25.4,,,,26.8,,,,,,,,,,,,,,250,240,6.5,9.0,,240,,,7.5,
2006-05-02 14:00:00,,10.0,,,0.83,,,,,0.0,0.0,90,,,1009.4,,,,,,,,,1004.3,0.1,,25.8,,,,27.6,,,,,,,,,,10.0,,,,250,250,4.9,8.8,,250,,,6.7,
2006-05-02 15:00:00,,,,,0.96,,,,,0.0,0.0,89,,,1009.8,,,,,,,,,1004.6,0.1,,25.1,,,,27.0,,,,,,,,,,,,,,290,280,6.0,7.8,,290,,,6.0,
2006-05-02 16:00:00,,,,,0.96,,,,,0.0,0.0,91,,,1010.1,,,,,,,,,1004.9,0.2,,24.8,,,,26.4,,,,,,,,,,,,,,290,280,4.8,6.8,,290,,,6.1,
2006-05-02 17:00:00,,10.0,,,0.0,,,,,4.0,0.6,94,,,1010.4,,,,,,,,,1005.2,0.0,,24.3,,,,25.3,,,,,,,,,,10.0,,,,350,330,5.2,9.9,,330,,,6.2,
2006-05-02 18:00:00,,,,,0.0,,,,,0.0,0.0,93,,,1010.6,,,,,,,,,1005.4,0.0,,24.2,,,,25.4,,,,,,,,,,,,,,40,350,2.1,6.8,,350,,,5.2,
2006-05-02 19:00:00,,,,,0.0,,,,,0.0,0.0,91,,,1011.0,,,,,,,,,1005.8,0.0,,24.1,,,,25.6,,,,,,,,,,,,,,0,50,0.0,2.8,,50,,,2.3,
2006-05-02 20:00:00,,,,,0.0,,,,,0.0,0.0,92,,,1011.4,,,,,,,,,1006.2,,,24.2,,,,25.6,,,,,,,,,,,,,,0,0,0.0,0.0,,0,,,0.0,
2006-05-02 21:00:00,,,,,0.0,,,,,0.0,0.0,94,,,1012.1,,,,,,,,,1006.9,,,24.2,,,,25.3,,,,,,,,,,,,,,280,280,1.5,2.6,,280,,,1.5,
2006-05-02 22:00:00,,,,,0.0,,,,,0.0,0.0,96,,,1012.5,,,,,,,,,1007.3,,,24.2,,,,24.9,,,,,,,,,,,,,,300,230,3.0,4.6,,230,,,3.8,
2006-05-02 23:00:00,,,,,0.0,,,,,0.0,0.0,96,,,1012.0,,,,,,,,,1006.8,,,23.9,,,,24.6,,,,,,,,,,,,,,330,330,3.2,5.6,,320,,,4.4,
2006-05-03 00:00:00,,,,,0.0,,,,,0.0,0.0,94,,,1011.6,,,,,,,,,1006.4,,,23.6,,,,24.7,,,,,,,,,,,,,,360,350,4.0,5.3,,360,,,4.2,
2006-05-03 01:00:00,,,,,0.0,,,,,0.0,0.0,92,,,1011.7,,,,,,,,,1006.5,,,23.6,,,,25.0,,,,,,,,,,,,,,20,10,4.8,7.2,,10,,,5.4,
2006-05-03 02:00:00,,,,,0.0,,,,,0.0,0.0,91,,,1010.6,,,,,,,,,1005.4,,,24.0,,,,25.5,,,,,,,,,,,,,,100,100,5.9,8.1,,100,,,6.0,
2006-05-03 03:00:00,,,,,0.0,,,,,1.0,0.5,90,,,1011.5,,,,,,,,,1006.3,,,23.7,,,,25.5,,,,,,,,,,,,,,350,90,1.6,5.8,,100,,,4.8,
2006-05-03 04:00:00,,,,,0.0,,,,,0.0,0.0,91,,,1010.9,,,,,,,,,1005.7,,,23.5,,,,25.0,,,,,,,,,,,,,,360,360,4.1,6.7,,360,,,5.0,
2006-05-03 05:00:00,,,,,0.0,,,,,0.0,0.0,91,,,1011.5,,,,,,,,,1006.3,,,23.6,,,,25.1,,,,,,,,,,,,,,360,360,4.0,6.3,,360,,,4.2,
2006-05-03 06:00:00,,,,,0.0,,,,,0.0,0.0,91,,,1012.3,,,,,,,,,1007.1,0.0,,23.5,,,,25.1,,,,,,,,,,,,,,10,20,4.7,6.4,,360,,,4.7,
2006-05-03 07:00:00,,,,,0.0,,,,,0.0,0.0,87,,,1013.4,,,,,,,,,1008.2,0.0,,23.0,,,,25.3,,,,,,,,,,,,,,350,360,5.5,8.3,,360,,,6.4,
2006-05-03 08:00:00,,10.0,,,0.0,,,,,0.0,0.0,90,,,1013.4,,,,,,,,,1008.2,0.0,,23.6,,,,25.4,,,,,,,,,,20.0,,,,360,340,5.7,8.8,,350,,,6.3,
2006-05-03 09:00:00,,10.0,,,0.0,,,,,0.0,0.0,87,,,1013.7,,,,,,,,,1008.5,0.1,,23.2,,,,25.6,,,,,,,,,,20.0,,,,10,10,5.7,7.1,,10,,,5.8,
2006-05-03 10:00:00,,,,,0.0,,,,,0.0,0.0,80,,,1013.9,,,,,,,,,1008.7,0.0,,22.4,,,,26.1,,,,,,,,,,,,,,20,360,4.6,7.2,,10,,,5.7,
2006-05-03 11:00:00,,10.0,,,0.0,,,,,0.0,0.0,82,,,1013.9,,,,,,,,,1008.7,0.0,,23.2,,,,26.5,,,,,,,,,,20.0,,,,10,20,4.1,6.5,,20,,,4.8,
2006-05-03 12:00:00,,,,,0.0,,,,,0.0,0.0,80,,,1013.9,,,,,,,,,1008.7,0.1,,23.1,,,,26.8,,,,,,,,,,,,,,350,350,4.1,5.3,,10,,,4.1,
2006-05-03 13:00:00,,,,,0.0,,,,,0.0,0.0,80,,,1012.9,,,,,,,,,1007.7,0.2,,23.1,,,,26.9,,,,,,,,,,,,,,360,360,5.1,6.4,,360,,,5.3,
2006-05-03 14:00:00,,10.0,,,0.0,,,,,0.0,0.0,78,,,1012.7,,,,,,,,,1007.5,0.4,,22.6,,,,26.7,,,,,,,,,,20.0,,,,360,360,3.9,6.8,,360,,,5.3,
2006-05-03 15:00:00,,,,,0.0,,,,,0.0,0.0,79,,,1012.6,,,,,,,,,1007.4,0.0,,23.0,,,,26.9,,,,,,,,,,,,,,360,360,4.4,7.6,,360,,,4.4,
2006-05-03 16:00:00,,,,,0.0,,,,,0.0,0.0,82,,,1012.5,,,,,,,,,1007.3,0.0,,22.9,,,,26.2,,,,,,,,,,,,,,10,10,6.0,8.3,,360,,,6.1,
2006-05-03 17:00:00,,10.0,,,0.0,,,,,0.0,0.0,83,,,1012.4,,,,,,,,,1007.2,0.0,,22.5,,,,25.6,,,,,,,,,,10.0,,,,10,360,7.0,9.7,,10,,,7.3,
2006-05-03 18:00:00,,,,,0.0,,,,,0.0,0.0,83,,,1012.9,,,,,,,,,1007.7,0.0,,22.2,,,,25.3,,,,,,,,,,,,,,360,360,6.0,9.1,,10,,,7.1,
2006-05-03 19:00:00,,,,,0.0,,,,,0.0,0.0,85,,,1012.8,,,,,,,,,1007.6,0.0,,22.3,,,,25.0,,,,,,,,,,,,,,10,10,5.8,10.3,,10,,,7.4,
2006-05-03 20:00:00,,,,,0.0,,,,,0.0,0.0,86,,,1013.8,,,,,,,,,1008.6,,,22.4,,,,25.0,,,,,,,,,,,,,,10,10,5.5,7.4,,10,,,6.1,
2006-05-03 21:00:00,,,,,0.0,,,,,0.0,0.0,86,,,1014.0,,,,,,,,,1008.8,,,22.5,,,,25.1,,,,,,,,,,,,,,360,10,5.1,7.2,,10,,,5.5,
2006-05-03 22:00:00,,,,,0.0,,,,,0.0,0.0,87,,,1014.5,,,,,,,,,1009.3,,,22.6,,,,24.9,,,,,,,,,,,,,,360,360,4.8,6.7,,360,,,5.2,
2006-05-03 23:00:00,,,,,0.0,,,,,0.0,0.0,83,,,1014.3,,,,,,,,,1009.1,,,22.0,,,,25.0,,,,,,,,,,,,,,360,360,4.8,7.2,,360,,,5.2,
2006-05-04 00:00:00,,,,,0.0,,,,,0.0,0.0,83,,,1013.8,,,,,,,,,1008.6,,,21.9,,,,24.9,,,,,,,,,,,,,,10,10,5.1,7.9,,10,,,6.7,
2006-05-04 01:00:00,,,,,0.0,,,,,0.0,0.0,85,,,1013.1,,,,,,,,,1007.9,,,22.2,,,,24.8,,,,,,,,,,,,,,30,360,4.1,6.3,,10,,,5.2,
2006-05-04 02:00:00,,,,,0.0,,,,,0.0,0.0,83,,,1013.3,,,,,,,,,1008.1,,,22.2,,,,25.2,,,,,,,,,,,,,,360,10,4.0,5.6,,10,,,4.2,
2006-05-04 03:00:00,,,,,0.0,,,,,0.0,0.0,83,,,1013.3,,,,,,,,,1008.1,,,22.2,,,,25.2,,,,,,,,,,,,,,360,360,3.9,5.6,,360,,,4.4,
2006-05-04 04:00:00,,,,,0.0,,,,,0.0,0.0,84,,,1013.6,,,,,,,,,1008.4,,,22.3,,,,25.2,,,,,,,,,,,,,,360,360,3.8,5.4,,10,,,4.2,
2006-05-04 05:00:00,,,,,0.0,,,,,0.0,0.0,85,,,1013.9,,,,,,,,,1008.7,,,22.3,,,,25.0,,,,,,,,,,,,,,360,360,6.0,8.0,,360,,,6.2,
2006-05-04 06:00:00,,,,,0.0,,,,,0.0,0.0,89,,,1014.5,,,,,,,,,1009.3,0.0,,22.6,,,,24.6,,,,,,,,,,,,,,20,360,5.3,9.9,,360,,,7.5,
2006-05-04 07:00:00,,,,,0.0,,,,,0.0,0.0,86,,,1015.2,,,,,,,,,1010.0,0.0,,22.4,,,,25.0,,,,,,,,,,,,,,10,10,4.3,6.6,,20,,,5.2,
2006-05-04 08:00:00,,10.0,,,0.0,,,,,0.0,0.0,86,,,1015.5,,,,,,,,,1010.3,0.0,,22.7,,,,25.2,,,,,,,,,,10.0,,,,10,10,7.0,9.1,,10,,,7.3,
2006-05-04 09:00:00,,10.0,,,0.0,,,,,0.0,0.0,86,,,1016.0,,,,,,,,,1010.8,0.0,,22.6,,,,25.1,,,,,,,,,,10.0,,,,20,10,5.6,8.8,,10,,,7.1,
2006-05-04 10:00:00,,,,,0.0,,,,,0.5,0.2,87,,,1016.0,,,,,,,,,1010.8,0.0,,23.0,,,,25.4,,,,,,,,,,,,,,20,10,5.3,8.1,,10,,,6.2,
2006-05-04 11:00:00,,10.0,,,0.0,,,,,0.0,0.0,85,,,1016.1,,,,,,,,,1010.9,0.0,,22.8,,,,25.6,,,,,,,,,,10.0,,,,20,20,4.4,7.2,,20,,,5.4,
2006-05-04 12:00:00,,,,,0.0,,,,,0.0,0.0,84,,,1016.0,,,,,,,,,1010.8,0.0,,22.5,,,,25.5,,,,,,,,,,,,,,360,10,3.9,5.3,,20,,,4.5,
2006-05-04 13:00:00,,,,,0.0,,,,,0.0,0.0,86,,,1015.4,,,,,,,,,1010.2,0.0,,22.5,,,,25.0,,,,,,,,,,,,,,10,360,5.3,6.3,,10,,,5.3,
2006-05-04 14:00:00,,10.0,,,0.0,,,,,0.0,0.0,88,,,1014.5,,,,,,,,,1009.3,0.0,,22.6,,,,24.8,,,,,,,,,,10.0,,,,10,10,6.8,9.1,,10,,,7.2,
2006-05-04 15:00:00,,,,,0.0,,,,,0.0,0.0,88,,,1014.1,,,,,,,,,1008.9,0.0,,23.1,,,,25.3,,,,,,,,,,,,,,20,360,5.4,9.0,,10,,,6.8,
2006-05-04 16:00:00,,,,,0.17,,,,,0.0,0.0,87,,,1013.9,,,,,,,,,1008.7,0.3,,23.1,,,,25.5,,,,,,,,,,,,,,10,10,5.6,8.0,,10,,,6.3,
2006-05-04 17:00:00,,9.0,,,0.79,,,,,0.0,0.0,85,,,1014.0,,,,,,,,,1008.8,0.5,,23.0,,,,25.8,,,,,,,,,,10.0,,,,20,20,5.1,7.8,,10,,,6.0,
2006-05-04 18:00:00,,,,,0.56,,,,,0.0,0.0,86,,,1014.0,,,,,,,,,1008.8,0.2,,22.6,,,,25.1,,,,,,,,,,,,,,30,20,6.1,7.8,,20,,,6.4,
2006-05-04 19:00:00,,,,,0.53,,,,,0.0,0.0,84,,,1014.5,,,,,,,,,1009.3,0.0,,22.0,,,,24.8,,,,,,,,,,,,,,20,40,5.5,7.4,,30,,,6.0,
2006-05-04 20:00:00,,,,,0.59,,,,,0.0,0.0,87,,,1014.7,,,,,,,,,1009.5,,,22.1,,,,24.5,,,,,,,,,,,,,,30,20,3.8,7.0,,20,,,5.6,
2006-05-04 21:00:00,,,,,0.0,,,,,0.0,0.0,87,,,1014.9,,,,,,,,,1009.7,,,22.2,,,,24.6,,,,,,,,,,,,,,30,20,3.6,5.2,,30,,,4.3,
2006-05-04 22:00:00,,,,,0.0,,,,,0.0,0.0,87,,,1015.1,,,,,,,,,1009.9,,,22.2,,,,24.5,,,,,,,,,,,,,,40,40,3.5,4.4,,30,,,3.6,
2006-05-04 23:00:00,,,,,0.0,,,,,0.0,0.0,84,,,1014.7,,,,,,,,,1009.5,,,22.0,,,,24.8,,,,,,,,,,,,,,60,60,3.6,4.6,,60,,,3.9,
2006-05-05 00:00:00,,,,,0.0,,,,,0.0,0.0,85,,,1014.4,,,,,,,,,1009.2,,,21.9,,,,24.6,,,,,,,,,,,,,,50,50,2.9,4.1,,60,,,3.7,
2006-05-05 01:00:00,,,,,0.0,,,,,0.0,0.0,87,,,1013.7,,,,,,,,,1008.5,,,22.6,,,,25.0,,,,,,,,,,,,,,80,80,2.9,3.7,,80,,,2.9,
2006-05-05 02:00:00,,,,,0.0,,,,,0.0,0.0,88,,,1013.5,,,,,,,,,1008.3,,,22.6,,,,24.8,,,,,,,,,,,,,,70,70,2.0,3.7,,80,,,2.8,
2006-05-05 03:00:00,,,,,0.0,,,,,0.0,0.0,86,,,1013.4,,,,,,,,,1008.2,,,22.6,,,,25.1,,,,,,,,,,,,,,90,90,0.3,2.3,,70,,,1.9,
2006-05-05 04:00:00,,,,,0.0,,,,,0.0,0.0,86,,,1013.7,,,,,,,,,1008.5,,,22.5,,,,25.0,,,,,,,,,,,,,,70,70,1.4,3.1,,70,,,2.5,
2006-05-05 05:00:00,,,,,0.0,,,,,0.0,0.0,86,,,1013.9,,,,,,,,,1008.7,,,22.5,,,,25.0,,,,,,,,,,,,,,0,70,0.0,2.1,,70,,,1.4,
2006-05-05 06:00:00,,,,,0.0,,,,,0.0,0.0,87,,,1014.3,,,,,,,,,1009.1,0.0,,23.0,,,,25.3,,,,,,,,,,,,,,40,40,1.5,2.5,,40,,,2.0,
2006-05-05 07:00:00,,,,,0.59,,,,,0.0,0.0,89,,,1014.8,,,,,,,,,1009.6,0.0,,23.8,,,,25.8,,,,,,,,,,,,,,20,360,3.0,3.9,,10,,,3.0,
2006-05-05 08:00:00,,8.0,,,0.39,,,,,0.0,0.0,86,,,1014.9,,,,,,,,,1009.7,0.6,,24.5,,,,27.0,,,,,,,,,,10.0,,,,40,30,4.0,5.2,,30,,,4.1,
2006-05-05 09:00:00,,7.0,,,0.59,,,,,0.0,0.0,84,,,1015.2,,,,,,,,,1010.0,0.6,,24.7,,,,27.7,,,,,,,,,,10.0,,,,40,50,3.5,4.9,,40,,,4.0,
2006-05-05 10:00:00,,,,,0.6,,,,,0.0,0.0,76,,,1015.0,,,,,,,,,1009.8,0.1,,23.4,,,,28.1,,,,,,,,,,,,,,80,40,3.1,4.3,,40,,,3.5,
2006-05-05 11:00:00,,8.0,,,0.6,,,,,0.0,0.0,71,,,1014.6,,,,,,,,,1009.4,0.3,,23.1,,,,28.8,,,,,,,,,,10.0,,,,100,110,3.3,5.4,,110,,,3.3,
2006-05-05 12:00:00,,,,,0.6,,,,,0.0,0.0,73,,,1014.4,,,,,,,,,1009.2,0.3,,23.4,,,,28.7,,,,,,,,,,,,,,160,110,1.9,5.4,,100,,,3.5,
2006-05-05 13:00:00,,,,,0.6,,,,,0.0,0.0,71,,,1013.7,,,,,,,,,1008.5,0.2,,23.0,,,,28.8,,,,,,,,,,,,,,210,200,2.4,4.3,,210,,,2.9,
2006-05-05 14:00:00,,10.0,,,0.6,,,,,0.0,0.0,77,,,1012.9,,,,,,,,,1007.7,0.4,,23.7,,,,28.2,,,,,,,,,,10.0,,,,210,200,3.0,4.3,,210,,,3.3,
2006-05-05 15:00:00,,,,,0.6,,,,,0.0,0.0,75,,,1012.3,,,,,,,,,1007.2,0.7,,23.6,,,,28.5,,,,,,,,,,,,,,200,200,4.8,6.6,,200,,,4.9,
2006-05-05 16:00:00,,,,,0.59,,,,,0.0,0.0,75,,,1011.9,,,,,,,,,1006.7,0.8,,23.2,,,,28.0,,,,,,,,,,,,,,190,180,5.8,7.8,,190,,,5.8,
2006-05-05 17:00:00,,10.0,,,0.6,,,,,0.0,0.0,78,,,1012.0,,,,,,,,,1006.8,0.5,,23.6,,,,27.7,,,,,,,,,,10.0,,,,190,200,5.3,8.8,,190,,,7.2,
2006-05-05 18:00:00,,,,,0.0,,,,,0.0,0.0,81,,,1012.0,,,,,,,,,1006.8,0.0,,24.0,,,,27.6,,,,,,,,,,,,,,170,180,6.8,9.4,,170,,,7.1,
2006-05-05 19:00:00,,,,,0.0,,,,,0.0,0.0,77,,,1012.6,,,,,,,,,1007.4,0.0,,23.2,,,,27.5,,,,,,,,,,,,,,190,200,7.4,11.6,,190,,,9.2,
2006-05-05 20:00:00,,,,,0.0,,,,,0.0,0.0,75,,,1012.8,,,,,,,,,1007.6,,,22.7,,,,27.5,,,,,,,,,,,,,,190,200,6.5,10.8,,190,,,7.4,
2006-05-05 21:00:00,,,,,0.0,,,,,0.0,0.0,76,,,1013.5,,,,,,,,,1008.3,,,22.8,,,,27.5,,,,,,,,,,,,,,190,210,8.5,11.4,,190,,,8.5,
2006-05-05 22:00:00,,,,,0.0,,,,,0.0,0.0,76,,,1012.9,,,,,,,,,1007.7,,,22.7,,,,27.2,,,,,,,,,,,,,,190,210,7.6,12.6,,190,,,9.4,
2006-05-05 23:00:00,,,,,0.0,,,,,0.0,0.0,80,,,1013.0,,,,,,,,,1007.8,,,23.4,,,,27.2,,,,,,,,,,,,,,190,170,7.5,11.9,,180,,,8.6,
2006-05-06 00:00:00,,,,,0.0,,,,,0.0,0.0,82,,,1011.6,,,,,,,,,1006.4,,,23.6,,,,26.9,,,,,,,,,,,,,,180,180,9.0,13.5,,180,,,9.6,
2006-05-06 01:00:00,,,,,0.0,,,,,0.0,0.0,82,,,1010.9,,,,,,,,,1005.7,,,23.5,,,,26.9,,,,,,,,,,,,,,180,180,10.0,14.8,,170,,,10.8,
2006-05-06 02:00:00,,,,,0.0,,,,,0.0,0.0,83,,,1010.7,,,,,,,,,1005.5,,,23.8,,,,26.9,,,,,,,,,,,,,,190,170,7.8,14.1,,180,,,10.2,
2006-05-06 03:00:00,,,,,0.0,,,,,0.0,0.0,85,,,1010.3,,,,,,,,,1005.1,,,24.0,,,,26.8,,,,,,,,,,,,,,180,180,8.6,12.8,,180,,,9.2,
2006-05-06 04:00:00,,,,,0.0,,,,,0.0,0.0,86,,,1010.7,,,,,,,,,1005.5,,,24.2,,,,26.8,,,,,,,,,,,,,,180,180,8.4,13.0,,170,,,9.5,
2006-05-06 05:00:00,,,,,0.0,,,,,0.0,0.0,86,,,1011.0,,,,,,,,,1005.8,,,24.4,,,,26.9,,,,,,,,,,,,,,180,180,8.2,12.1,,180,,,8.8,
2006-05-06 06:00:00,,,,,0.0,,,,,0.0,0.0,86,,,1011.1,,,,,,,,,1005.9,0.0,,24.5,,,,27.0,,,,,,,,,,,,,,170,180,7.6,11.8,,180,,,8.7,
2006-05-06 07:00:00,,,,,0.0,,,,,0.0,0.0,88,,,1011.8,,,,,,,,,1006.6,0.0,,24.8,,,,27.0,,,,,,,,,,,,,,170,180,7.5,11.2,,170,,,8.4,
2006-05-06 08:00:00,,10.0,,,0.0,,,,,0.0,0.0,86,,,1012.5,,,,,,,,,1007.3,0.0,,25.2,,,,27.8,,,,,,,,,,15.0,,,,170,160,6.9,10.4,,170,,,7.8,
2006-05-06 09:00:00,,9.0,,,1.11,,,,,0.0,0.0,85,,,1012.4,,,,,,,,,1007.2,0.0,,25.3,,,,28.1,,,,,,,,,,15.0,,,,180,180,7.8,11.4,,180,,,8.4,
2006-05-06 10:00:00,,,,,1.34,,,,,0.0,0.0,85,,,1012.3,,,,,,,,,1007.2,0.1,,25.8,,,,28.5,,,,,,,,,,,,,,180,180,7.7,10.5,,180,,,7.8,
2006-05-06 11:00:00,,7.0,,,0.94,,,,,0.0,0.0,83,,,1012.1,,,,,,,,,1007.0,0.9,,26.1,,,,29.2,,,,,,,,,,20.0,,,,180,180,7.1,10.9,,180,,,8.4,
2006-05-06 12:00:00,,,,,1.51,,,,,0.0,0.0,82,,,1011.5,,,,,,,,,1006.4,0.8,,26.3,,,,29.7,,,,,,,,,,,,,,190,190,6.4,10.9,,180,,,8.0,
2006-05-06 13:00:00,,,,,1.61,,,,,0.0,0.0,82,,,1011.1,,,,,,,,,1006.0,0.6,,25.9,,,,29.2,,,,,,,,,,,,,,190,200,7.0,9.9,,190,,,7.5,
2006-05-06 14:00:00,,7.0,,,1.54,,,,,0.0,0.0,82,,,1010.7,,,,,,,,,1005.6,0.7,,25.9,,,,29.2,,,,,,,,,,20.0,,,,210,190,6.5,9.4,,190,,,7.3,
2006-05-06 15:00:00,,,,,1.67,,,,,0.0,0.0,82,,,1010.3,,,,,,,,,1005.2,1.0,,26.1,,,,29.4,,,,,,,,,,,,,,230,210,5.3,7.5,,210,,,6.5,
2006-05-06 16:00:00,,,,,1.34,,,,,0.0,0.0,81,,,1009.8,,,,,,,,,1004.7,0.9,,25.3,,,,28.9,,,,,,,,,,,,,,250,250,5.0,7.4,,240,,,5.4,
2006-05-06 17:00:00,,3.0,,,1.87,,,,,0.0,0.0,83,,,1009.7,,,,,,,,,1004.6,1.0,,25.0,,,,28.1,,,,,,,,,,20.0,,,,250,240,5.3,7.6,,240,,,6.7,
2006-05-06 18:00:00,,,,,0.53,,,,,0.0,0.0,82,,,1009.7,,,,,,,,,1004.6,0.8,,24.4,,,,27.7,,,,,,,,,,,,,,230,240,4.8,7.5,,240,,,6.2,
2006-05-06 19:00:00,,,,,0.0,,,,,0.0,0.0,83,,,1010.2,,,,,,,,,1005.0,0.0,,24.2,,,,27.4,,,,,,,,,,,,,,230,230,4.2,6.1,,220,,,5.3,
2006-05-06 20:00:00,,,,,0.0,,,,,0.0,0.0,85,,,1010.6,,,,,,,,,1005.4,,,24.5,,,,27.3,,,,,,,,,,,,,,220,220,5.1,6.0,,220,,,5.1,
2006-05-06 21:00:00,,,,,0.0,,,,,0.0,0.0,86,,,1011.3,,,,,,,,,1006.1,,,24.7,,,,27.3,,,,,,,,,,,,,,220,220,5.3,6.6,,230,,,5.5,
2006-05-06 22:00:00,,,,,0.0,,,,,0.0,0.0,86,,,1011.8,,,,,,,,,1006.6,,,24.8,,,,27.3,,,,,,,,,,,,,,220,220,5.8,6.8,,220,,,5.8,
2006-05-06 23:00:00,,,,,0.0,,,,,0.0,0.0,85,,,1011.9,,,,,,,,,1006.7,,,24.6,,,,27.3,,,,,,,,,,,,,,220,220,4.6,7.0,,220,,,5.9,
2006-05-07 00:00:00,,,,,0.0,,,,,0.0,0.0,85,,,1011.8,,,,,,,,,1006.6,,,24.6,,,,27.3,,,,,,,,,,,,,,220,230,6.0,7.0,,220,,,6.0,
2006-05-07 01:00:00,,,,,0.0,,,,,0.0,0.0,85,,,1011.5,,,,,,,,,1006.3,,,24.6,,,,27.3,,,,,,,,,,,,,,220,220,6.2,7.5,,220,,,6.6,
2006-05-07 02:00:00,,,,,0.0,,,,,0.0,0.0,85,,,1010.7,,,,,,,,,1005.5,,,24.5,,,,27.2,,,,,,,,,,,,,,210,220,6.5,7.8,,220,,,6.6,
2006-05-07 03:00:00,,,,,0.0,,,,,0.0,0.0,84,,,1010.3,,,,,,,,,1005.1,,,24.2,,,,27.2,,,,,,,,,,,,,,220,210,5.7,7.5,,210,,,6.5,
2006-05-07 04:00:00,,,,,0.0,,,,,0.0,0.0,85,,,1010.4,,,,,,,,,1005.2,,,24.2,,,,27.0,,,,,,,,,,,,,,200,220,3.8,6.3,,220,,,5.6,
2006-05-07 05:00:00,,,,,0.01,,,,,0.0,0.0,80,,,1010.1,,,,,,,,,1004.9,,,23.4,,,,27.1,,,,,,,,,,,,,,190,200,4.0,6.3,,190,,,4.3,
2006-05-07 06:00:00,,,,,0.0,,,,,0.0,0.0,81,,,1010.8,,,,,,,,,1005.6,0.0,,23.7,,,,27.3,,,,,,,,,,,,,,190,190,4.2,6.5,,190,,,5.2,
2006-05-07 07:00:00,,,,,0.95,,,,,0.0,0.0,83,,,1011.4,,,,,,,,,1006.2,0.2,,24.6,,,,27.7,,,,,,,,,,,,,,200,190,4.3,5.8,,200,,,4.4,
2006-05-07 08:00:00,,3.0,,,1.72,,,,,0.0,0.0,83,,,1012.0,,,,,,,,,1006.8,0.4,,25.0,,,,28.1,,,,,,,,,,30.0,,,,230,220,5.6,7.5,,210,,,5.8,
2006-05-07 09:00:00,,2.0,,,2.45,,,,,0.0,0.0,82,,,1012.3,,,,,,,,,1007.2,0.9,,25.4,,,,28.7,,,,,,,,,,30.0,,,,220,230,5.2,7.2,,220,,,5.9,
2006-05-07 10:00:00,,,,,1.87,,,,,0.0,0.0,81,,,1012.7,,,,,,,,,1007.6,1.0,,25.7,,,,29.4,,,,,,,,,,,,,,230,220,4.2,7.5,,220,,,6.1,
2006-05-07 11:00:00,,9.0,,,1.99,,,,,0.0,0.0,78,,,1012.7,,,,,,,,,1007.6,0.7,,24.7,,,,28.9,,,,,,,,,,30.0,,,,230,230,4.3,5.4,,230,,,4.4,
2006-05-07 12:00:00,,,,,1.54,,,,,0.0,0.0,81,,,1012.7,,,,,,,,,1007.5,0.5,,24.9,,,,28.5,,,,,,,,,,,,,,230,230,4.5,5.6,,230,,,4.5,
2006-05-07 13:00:00,,,,,1.37,,,,,0.0,0.0,81,,,1012.0,,,,,,,,,1006.8,0.1,,24.4,,,,28.0,,,,,,,,,,,,,,240,230,4.7,6.3,,230,,,5.2,
2006-05-07 14:00:00,,10.0,,,1.87,,,,,0.0,0.0,79,,,1011.3,,,,,,,,,1006.2,0.0,,24.9,,,,28.9,,,,,,,,,,30.0,,,,240,240,4.7,5.8,,240,,,4.8,
2006-05-07 15:00:00,,,,,1.22,,,,,0.0,0.0,79,,,1010.5,,,,,,,,,1005.4,0.3,,24.6,,,,28.5,,,,,,,,,,,,,,250,240,4.0,6.2,,240,,,5.1,
2006-05-07 16:00:00,,,,,1.84,,,,,0.0,0.0,79,,,1010.3,,,,,,,,,1005.2,0.2,,24.9,,,,28.9,,,,,,,,,,,,,,250,240,4.6,6.1,,250,,,4.8,
2006-05-07 17:00:00,,2.0,,,1.92,,,,,0.0,0.0,77,,,1010.0,,,,,,,,,1004.9,1.0,,23.9,,,,28.4,,,,,,,,,,30.0,,,,240,250,4.8,6.2,,240,,,5.2,
2006-05-07 18:00:00,,,,,0.93,,,,,0.0,0.0,76,,,1010.6,,,,,,,,,1005.5,0.6,,23.4,,,,28.0,,,,,,,,,,,,,,270,230,3.0,5.5,,240,,,4.8,
2006-05-07 19:00:00,,,,,0.0,,,,,0.0,0.0,79,,,1011.4,,,,,,,,,1006.2,0.0,,23.7,,,,27.7,,,,,,,,,,,,,,260,280,1.6,3.3,,270,,,2.9,
2006-05-07 20:00:00,,,,,0.0,,,,,0.0,0.0,80,,,1011.9,,,,,,,,,1006.7,,,23.6,,,,27.3,,,,,,,,,,,,,,0,230,0.1,3.2,,240,,,2.5,
2006-05-07 21:00:00,,,,,0.0,,,,,0.0,0.0,87,,,1012.5,,,,,,,,,1007.3,,,24.1,,,,26.5,,,,,,,,,,,,,,10,20,0.9,2.3,,10,,,0.9,
2006-05-07 22:00:00,,,,,0.0,,,,,0.0,0.0,85,,,1012.8,,,,,,,,,1007.6,,,24.1,,,,26.8,,,,,,,,,,,,,,0,20,0.0,2.2,,20,,,1.5,
2006-05-07 23:00:00,,,,,0.0,,,,,0.0,0.0,86,,,1012.6,,,,,,,,,1007.4,,,24.3,,,,26.8,,,,,,,,,,,,,,30,30,1.6,2.1,,30,,,1.6,
2006-05-08 00:00:00,,,,,0.0,,,,,0.0,0.0,86,,,1012.2,,,,,,,,,1007.0,,,24.2,,,,26.7,,,,,,,,,,,,,,10,10,2.0,2.5,,10,,,2.0,
2006-05-08 01:00:00,,,,,0.0,,,,,0.0,0.0,88,,,1011.6,,,,,,,,,1006.4,,,24.4,,,,26.6,,,,,,,,,,,,,,360,10,2.3,2.8,,10,,,2.3,
2006-05-08 02:00:00,,,,,0.0,,,,,0.0,0.0,88,,,1011.1,,,,,,,,,1005.9,,,24.5,,,,26.6,,,,,,,,,,,,,,360,360,2.8,3.7,,350,,,2.9,
2006-05-08 03:00:00,,,,,0.0,,,,,0.0,0.0,90,,,1011.0,,,,,,,,,1005.8,,,24.6,,,,26.4,,,,,,,,,,,,,,10,10,2.9,4.8,,360,,,3.8,
2006-05-08 04:00:00,,,,,0.0,,,,,0.0,0.0,89,,,1011.1,,,,,,,,,1005.9,,,24.5,,,,26.5,,,,,,,,,,,,,,10,10,3.2,4.2,,10,,,3.5,
2006-05-08 05:00:00,,,,,0.0,,,,,0.0,0.0,88,,,1011.4,,,,,,,,,1006.2,,,23.7,,,,25.9,,,,,,,,,,,,,,40,10,2.4,4.0,,10,,,3.2,
2006-05-08 06:00:00,,,,,0.0,,,,,0.0,0.0,88,,,1011.7,,,,,,,,,1006.5,0.0,,24.3,,,,26.5,,,,,,,,,,,,,,70,80,2.4,3.7,,50,,,2.9,
2006-05-08 07:00:00,,,,,0.73,,,,,0.0,0.0,86,,,1012.6,,,,,,,,,1007.4,0.1,,24.8,,,,27.3,,,,,,,,,,,,,,50,60,2.9,3.9,,50,,,3.0,
2006-05-08 08:00:00,,6.0,,,0.69,,,,,0.0,0.0,82,,,1013.4,,,,,,,,,1008.2,0.7,,25.2,,,,28.6,,,,,,,,,,15.0,,,,130,50,0.7,3.6,,50,,,2.9,
2006-05-08 09:00:00,,8.0,,,0.68,,,,,0.0,0.0,82,,,1013.7,,,,,,,,,1008.5,0.3,,24.5,,,,27.9,,,,,,,,,,15.0,,,,300,360,1.0,4.0,,300,,,1.3,
2006-05-08 10:00:00,,,,,0.65,,,,,0.0,0.0,81,,,1013.6,,,,,,,,,1008.4,0.5,,25.1,,,,28.7,,,,,,,,,,,,,,300,320,0.7,2.5,,310,,,0.9,
2006-05-08 11:00:00,,3.0,,,0.86,,,,,0.0,0.0,78,,,1013.4,,,,,,,,,1008.3,0.9,,25.3,,,,29.6,,,,,,,,,,15.0,,,,330,310,3.0,4.2,,330,,,3.0,
2006-05-08 12:00:00,,,,,1.83,,,,,0.0,0.0,75,,,1012.8,,,,,,,,,1007.7,1.0,,25.4,,,,30.4,,,,,,,,,,,,,,310,320,2.6,4.5,,330,,,3.5,
2006-05-08 13:00:00,,,,,1.75,,,,,0.0,0.0,74,,,1012.6,,,,,,,,,1007.5,1.0,,25.2,,,,30.3,,,,,,,,,,,,,,280,280,2.8,4.4,,280,,,3.1,
2006-05-08 14:00:00,,2.0,,,2.08,,,,,0.0,0.0,78,,,1012.0,,,,,,,,,1006.9,1.0,,24.8,,,,29.1,,,,,,,,,,20.0,,,,250,280,1.6,3.5,,280,,,2.9,
2006-05-08 15:00:00,,,,,1.88,,,,,0.0,0.0,79,,,1011.8,,,,,,,,,1006.7,1.0,,25.2,,,,29.3,,,,,,,,,,,,,,250,220,0.8,2.9,,230,,,2.0,
2006-05-08 16:00:00,,,,,1.74,,,,,0.0,0.0,75,,,1011.3,,,,,,,,,1006.2,1.0,,24.8,,,,29.7,,,,,,,,,,,,,,260,260,1.6,3.0,,270,,,2.2,
2006-05-08 17:00:00,,1.0,,,1.97,,,,,0.0,0.0,74,,,1011.1,,,,,,,,,1006.0,1.0,,23.8,,,,28.8,,,,,,,,,,20.0,,,,290,290,3.7,5.2,,290,,,3.7,
2006-05-08 18:00:00,,,,,0.94,,,,,0.0,0.0,76,,,1011.4,,,,,,,,,1006.2,0.6,,23.1,,,,27.7,,,,,,,,,,,,,,290,300,2.7,4.4,,290,,,3.7,
2006-05-08 19:00:00,,,,,0.48,,,,,0.0,0.0,81,,,1011.6,,,,,,,,,1006.4,0.0,,22.9,,,,26.5,,,,,,,,,,,,,,320,320,1.2,3.8,,310,,,2.7,
2006-05-08 20:00:00,,,,,0.0,,,,,0.0,0.0,81,,,1012.1,,,,,,,,,1006.9,,,22.7,,,,26.2,,,,,,,,,,,,,,0,310,0.0,2.3,,320,,,1.4,
2006-05-08 21:00:00,,,,,0.0,,,,,0.0,0.0,80,,,1012.3,,,,,,,,,1007.1,,,22.4,,,,26.2,,,,,,,,,,,,,,0,0,0.0,0.0,,0,,,0.0,
2006-05-08 22:00:00,,,,,0.0,,,,,0.0,0.0,80,,,1012.5,,,,,,,,,1007.3,,,22.5,,,,26.3,,,,,,,,,,,,,,150,150,2.1,3.2,,150,,,2.4,
2006-05-08 23:00:00,,,,,0.0,,,,,0.0,0.0,81,,,1012.3,,,,,,,,,1007.1,,,23.1,,,,26.7,,,,,,,,,,,,,,160,160,2.0,3.3,,160,,,2.6,
2006-05-09 00:00:00,,,,,0.0,,,,,0.0,0.0,81,,,1011.9,,,,,,,,,1006.7,,,23.0,,,,26.6,,,,,,,,,,,,,,0,160,0.0,2.2,,160,,,1.9,
2006-05-09 01:00:00,,,,,0.0,,,,,0.0,0.0,83,,,1011.3,,,,,,,,,1006.1,,,23.3,,,,26.5,,,,,,,,,,,,,,0,0,0.0,0.0,,0,,,0.0,
2006-05-09 02:00:00,,,,,0.0,,,,,0.0,0.0,85,,,1010.9,,,,,,,,,1005.7,,,23.7,,,,26.4,,,,,,,,,,,,,,0,230,0.2,2.2,,220,,,1.1,
2006-05-09 03:00:00,,,,,0.0,,,,,0.0,0.0,84,,,1010.5,,,,,,,,,1005.3,,,23.3,,,,26.2,,,,,,,,,,,,,,0,280,0.0,2.0,,0,,,0.2,
2006-05-09 04:00:00,,,,,0.0,,,,,0.0,0.0,85,,,1010.4,,,,,,,,,1005.2,,,23.5,,,,26.2,,,,,,,,,,,,,,0,0,0.0,0.0,,0,,,0.0,
2006-05-09 05:00:00,,,,,0.0,,,,,0.0,0.0,86,,,1010.8,,,,,,,,,1005.6,,,23.3,,,,25.9,,,,,,,,,,,,,,0,280,0.1,2.0,,0,,,0.1,
2006-05-09 06:00:00,,,,,0.3,,,,,0.0,0.0,83,,,1011.1,,,,,,,,,1005.9,0.0,,22.8,,,,26.0,,,,,,,,,,,,,,0,280,0.0,2.1,,280,,,0.4,
2006-05-09 07:00:00,,,,,2.14,,,,,0.0,0.0,82,,,1011.6,,,,,,,,,1006.4,1.0,,23.9,,,,27.2,,,,,,,,,,,,,,0,300,0.0,1.6,,0,,,0.1,
2006-05-09 08:00:00,,3.0,,,2.33,,,,,0.0,0.0,79,,,1012.4,,,,,,,,,1007.2,1.0,,24.4,,,,28.4,,,,,,,,,,20.0,,,,280,280,2.5,3.8,,290,,,2.8,
2006-05-09 09:00:00,,2.0,,,2.85,,,,,0.0,0.0,78,,,1012.4,,,,,,,,,1007.3,1.0,,24.2,,,,28.5,,,,,,,,,,20.0,,,,240,240,2.7,4.0,,240,,,2.7,
2006-05-09 10:00:00,,,,,2.47,,,,,0.0,0.0,74,,,1012.3,,,,,,,,,1007.2,1.0,,24.0,,,,29.0,,,,,,,,,,,,,,240,230,3.3,5.3,,240,,,4.2,
2006-05-09 11:00:00,,2.0,,,2.39,,,,,0.0,0.0,75,,,1012.3,,,,,,,,,1007.2,1.0,,24.3,,,,29.2,,,,,,,,,,20.0,,,,230,240,3.5,4.5,,240,,,3.7,
2006-05-09 12:00:00,,,,,2.97,,,,,0.0,0.0,73,,,1011.7,,,,,,,,,1006.6,1.0,,24.1,,,,29.4,,,,,,,,,,,,,,240,230,3.1,4.0,,230,,,3.6,
2006-05-09 13:00:00,,,,,2.96,,,,,0.0,0.0,72,,,1010.9,,,,,,,,,1005.8,1.0,,24.0,,,,29.6,,,,,,,,,,,,,,230,240,2.9,4.1,,240,,,3.1,
2006-05-09 14:00:00,,1.0,,,2.57,,,,,0.0,0.0,72,,,1010.2,,,,,,,,,1005.1,1.0,,24.1,,,,29.6,,,,,,,,,,30.0,,,,240,210,2.5,3.8,,220,,,3.0,
2006-05-09 15:00:00,,,,,2.45,,,,,0.0,0.0,74,,,1009.7,,,,,,,,,1004.6,1.0,,24.4,,,,29.5,,,,,,,,,,,,,,240,230,2.4,3.5,,230,,,2.8,
2006-05-09 16:00:00,,,,,2.38,,,,,0.0,0.0,75,,,1009.3,,,,,,,,,1004.2,1.0,,24.2,,,,29.1,,,,,,,,,,,,,,230,230,2.8,3.7,,240,,,2.9,
2006-05-09 17:00:00,,0.0,,,2.18,,,,,0.0,0.0,76,,,1009.2,,,,,,,,,1004.1,1.0,,24.0,,,,28.6,,,,,,,,,,30.0,,,,230,230,3.0,4.0,,230,,,3.0,
2006-05-09 18:00:00,,,,,1.64,,,,,0.0,0.0,77,,,1009.1,,,,,,,,,1004.0,0.9,,23.8,,,,28.2,,,,,,,,,,,,,,220,220,3.7,4.8,,210,,,3.9,
2006-05-09 19:00:00,,,,,1.02,,,,,0.0,0.0,76,,,1009.4,,,,,,,,,1004.3,0.0,,23.1,,,,27.7,,,,,,,,,,,,,,220,220,3.3,4.4,,220,,,3.7,
2006-05-09 20:00:00,,,,,0.0,,,,,0.0,0.0,75,,,1009.8,,,,,,,,,1004.7,,,23.0,,,,27.8,,,,,,,,,,,,,,200,190,3.7,5.6,,210,,,3.9,
2006-05-09 21:00:00,,,,,0.0,,,,,0.0,0.0,76,,,1010.7,,,,,,,,,1005.5,,,23.2,,,,27.9,,,,,,,,,,,,,,220,200,4.5,5.7,,220,,,4.6,
2006-05-09 22:00:00,,,,,0.0,,,,,0.0,0.0,78,,,1011.1,,,,,,,,,1005.9,,,23.6,,,,27.9,,,,,,,,,,,,,,220,220,5.1,6.2,,220,,,5.1,
2006-05-09 23:00:00,,,,,0.0,,,,,0.0,0.0,78,,,1011.0,,,,,,,,,1005.8,,,23.6,,,,27.8,,,,,,,,,,,,,,210,210,5.4,7.2,,220,,,5.8,
2006-05-10 00:00:00,,,,,0.0,,,,,0.0,0.0,79,,,1010.7,,,,,,,,,1005.5,,,23.7,,,,27.7,,,,,,,,,,,,,,210,220,5.2,7.2,,220,,,6.0,
2006-05-10 01:00:00,,,,,0.0,,,,,0.0,0.0,83,,,1010.4,,,,,,,,,1005.2,,,24.2,,,,27.4,,,,,,,,,,,,,,220,210,4.5,6.4,,220,,,5.3,
2006-05-10 02:00:00,,,,,0.0,,,,,0.0,0.0,85,,,1010.0,,,,,,,,,1004.8,,,24.4,,,,27.2,,,,,,,,,,,,,,210,210,4.2,6.2,,210,,,4.9,
2006-05-10 03:00:00,,,,,0.0,,,,,0.0,0.0,83,,,1009.6,,,,,,,,,1004.4,,,24.1,,,,27.2,,,,,,,,,,,,,,190,190,4.7,6.2,,190,,,5.2,
2006-05-10 04:00:00,,,,,0.0,,,,,0.0,0.0,86,,,1009.8,,,,,,,,,1004.6,,,24.6,,,,27.2,,,,,,,,,,,,,,200,190,2.9,6.1,,190,,,4.9,
2006-05-10 05:00:00,,,,,0.0,,,,,0.0,0.0,81,,,1009.7,,,,,,,,,1004.5,,,23.9,,,,27.4,,,,,,,,,,,,,,200,190,4.2,5.4,,200,,,4.3,
2006-05-10 06:00:00,,,,,0.0,,,,,0.0,0.0,83,,,1010.3,,,,,,,,,1005.1,0.0,,24.4,,,,27.5,,,,,,,,,,,,,,210,200,4.3,6.2,,200,,,4.6,
2006-05-10 07:00:00,,,,,1.87,,,,,0.0,0.0,83,,,1011.1,,,,,,,,,1005.9,0.8,,24.7,,,,27.8,,,,,,,,,,,,,,220,200,4.1,5.7,,210,,,4.5,
2006-05-10 08:00:00,,1.0,,,2.67,,,,,0.0,0.0,81,,,1011.9,,,,,,,,,1006.8,0.9,,24.9,,,,28.4,,,,,,,,,,30.0,,,,240,230,4.7,5.7,,240,,,4.7,
2006-05-10 09:00:00,,3.0,,,2.88,,,,,0.0,0.0,78,,,1012.4,,,,,,,,,1007.3,1.0,,24.5,,,,28.7,,,,,,,,,,30.0,,,,240,230,4.6,6.1,,240,,,5.0,
2006-05-10 10:00:00,,,,,0.6,,,,,0.0,0.0,80,,,1012.5,,,,,,,,,1007.4,1.0,,25.6,,,,29.4,,,,,,,,,,,,,,250,230,2.9,5.7,,240,,,4.8,
2006-05-10 11:00:00,,3.0,,,2.54,,,,,0.0,0.0,78,,,1011.9,,,,,,,,,1006.8,1.0,,25.3,,,,29.5,,,,,,,,,,30.0,,,,250,250,3.6,4.9,,250,,,3.6,
2006-05-10 12:00:00,,,,,3.14,,,,,0.0,0.0,76,,,1011.3,,,,,,,,,1006.2,1.0,,25.6,,,,30.4,,,,,,,,,,,,,,260,260,3.1,5.5,,250,,,3.7,
2006-05-10 13:00:00,,,,,2.94,,,,,0.0,0.0,78,,,1010.8,,,,,,,,,1005.7,1.0,,25.7,,,,30.0,,,,,,,,,,,,,,260,260,2.8,4.9,,270,,,3.7,
2006-05-10 14:00:00,,0.0,,,2.62,,,,,0.0,0.0,76,,,1010.1,,,,,,,,,1005.0,1.0,,25.6,,,,30.3,,,,,,,,,,30.0,,,,270,280,3.6,4.8,,270,,,3.6,
2006-05-10 15:00:00,,,,,2.51,,,,,0.0,0.0,76,,,1009.5,,,,,,,,,1004.4,1.0,,25.3,,,,30.0,,,,,,,,,,,,,,260,260,3.2,5.1,,280,,,4.1,
2006-05-10 16:00:00,,,,,2.32,,,,,0.0,0.0,71,,,1009.2,,,,,,,,,1004.1,1.0,,23.3,,,,29.1,,,,,,,,,,,,,,240,260,3.5,4.6,,240,,,3.8,
2006-05-10 17:00:00,,0.0,,,2.34,,,,,0.0,0.0,72,,,1009.1,,,,,,,,,1004.0,1.0,,22.9,,,,28.5,,,,,,,,,,30.0,,,,230,230,2.9,3.7,,240,,,3.5,
2006-05-10 18:00:00,,,,,1.64,,,,,0.0,0.0,73,,,1009.4,,,,,,,,,1004.3,1.0,,22.7,,,,28.1,,,,,,,,,,,,,,240,240,4.2,5.1,,240,,,4.2,
2006-05-10 19:00:00,,,,,0.72,,,,,0.0,0.0,76,,,1010.3,,,,,,,,,1005.1,0.1,,23.0,,,,27.7,,,,,,,,,,,,,,260,260,5.1,6.8,,260,,,5.1,
2006-05-10 20:00:00,,,,,0.0,,,,,0.0,0.0,77,,,1011.6,,,,,,,,,1006.4,,,23.0,,,,27.5,,,,,,,,,,,,,,210,260,2.8,6.5,,260,,,5.1,
2006-05-10 21:00:00,,,,,0.0,,,,,0.0,0.0,78,,,1012.4,,,,,,,,,1007.2,,,23.2,,,,27.4,,,,,,,,,,,,,,210,210,2.0,4.1,,210,,,3.1,
2006-05-10 22:00:00,,,,,0.0,,,,,0.0,0.0,79,,,1013.5,,,,,,,,,1008.3,,,23.1,,,,27.0,,,,,,,,,,,,,,0,220,0.0,2.6,,210,,,2.0,
2006-05-10 23:00:00,,,,,0.0,,,,,0.0,0.0,85,,,1013.1,,,,,,,,,1007.9,,,23.5,,,,26.2,,,,,,,,,,,,,,50,50,0.7,2.0,,50,,,0.7,
2006-05-11 00:00:00,,,,,0.0,,,,,0.0,0.0,84,,,1012.9,,,,,,,,,1007.7,,,23.9,,,,26.8,,,,,,,,,,,,,,360,360,2.5,3.5,,360,,,2.8,
2006-05-11 01:00:00,,,,,0.0,,,,,0.0,0.0,86,,,1012.7,,,,,,,,,1007.5,,,24.0,,,,26.5,,,,,,,,,,,,,,20,20,3.3,4.8,,20,,,4.0,
2006-05-11 02:00:00,,,,,0.0,,,,,0.0,0.0,80,,,1012.8,,,,,,,,,1007.6,,,22.9,,,,26.7,,,,,,,,,,,,,,10,10,3.9,5.3,,10,,,4.2,
2006-05-11 03:00:00,,,,,0.0,,,,,0.0,0.0,81,,,1012.4,,,,,,,,,1007.2,,,23.0,,,,26.6,,,,,,,,,,,,,,20,20,4.7,6.6,,10,,,4.8,
2006-05-11 04:00:00,,,,,0.0,,,,,0.0,0.0,83,,,1012.4,,,,,,,,,1007.2,,,23.4,,,,26.6,,,,,,,,,,,,,,10,10,7.4,9.9,,10,,,7.6,
2006-05-11 05:00:00,,,,,0.0,,,,,0.0,0.0,84,,,1012.7,,,,,,,,,1007.5,,,23.7,,,,26.6,,,,,,,,,,,,,,20,10,6.6,10.1,,10,,,7.5,
2006-05-11 06:00:00,,,,,0.0,,,,,0.0,0.0,82,,,1013.4,,,,,,,,,1008.2,0.0,,23.4,,,,26.8,,,,,,,,,,,,,,20,20,7.0,10.6,,20,,,8.4,
2006-05-11 07:00:00,,,,,0.64,,,,,0.0,0.0,80,,,1013.8,,,,,,,,,1008.6,0.3,,23.6,,,,27.4,,,,,,,,,,,,,,20,20,7.3,10.3,,20,,,7.8,
2006-05-11 08:00:00,,10.0,,,0.81,,,,,0.0,0.0,81,,,1014.2,,,,,,,,,1009.0,0.3,,23.9,,,,27.5,,,,,,,,,,10.0,,,,20,20,9.3,12.4,,20,,,9.4,
2006-05-11 09:00:00,,10.0,,,0.69,,,,,0.0,0.0,80,,,1014.7,,,,,,,,,1009.5,0.8,,24.3,,,,28.0,,,,,,,,,,10.0,,,,20,30,8.7,12.8,,20,,,9.7,
2006-05-11 10:00:00,,,,,1.22,,,,,0.0,0.0,79,,,1014.9,,,,,,,,,1009.7,1.0,,24.0,,,,28.0,,,,,,,,,,,,,,20,20,10.0,14.1,,20,,,10.0,
2006-05-11 11:00:00,,7.0,,,1.05,,,,,0.0,0.0,76,,,1014.9,,,,,,,,,1009.7,0.7,,23.6,,,,28.3,,,,,,,,,,10.0,,,,20,20,11.0,15.6,,20,,,11.3,
2006-05-11 12:00:00,,,,,1.22,,,,,0.0,0.0,77,,,1014.7,,,,,,,,,1009.5,0.7,,23.5,,,,27.8,,,,,,,,,,,,,,20,10,10.4,15.6,,20,,,11.6,
2006-05-11 13:00:00,,,,,1.32,,,,,0.0,0.0,77,,,1014.1,,,,,,,,,1008.9,0.6,,23.0,,,,27.3,,,,,,,,,,,,,,20,30,11.6,17.4,,20,,,11.6,
2006-05-11 14:00:00,,8.0,,,0.97,,,,,0.0,0.0,77,,,1013.1,,,,,,,,,1007.9,0.7,,22.9,,,,27.2,,,,,,,,,,10.0,,,,20,10,11.8,17.5,,20,,,12.0,
2006-05-11 15:00:00,,,,,1.22,,,,,0.0,0.0,78,,,1012.9,,,,,,,,,1007.7,0.8,,22.6,,,,26.8,,,,,,,,,,,,,,10,10,11.7,18.0,,10,,,12.9,
2006-05-11 16:00:00,,,,,1.35,,,,,0.0,0.0,79,,,1012.4,,,,,,,,,1007.2,0.8,,22.3,,,,26.3,,,,,,,,,,,,,,10,360,13.2,18.2,,10,,,13.3,
2006-05-11 17:00:00,,6.0,,,1.17,,,,,0.0,0.0,81,,,1012.5,,,,,,,,,1007.3,0.4,,22.4,,,,26.0,,,,,,,,,,10.0,,,,20,10,11.2,17.0,,10,,,13.5,
2006-05-11 18:00:00,,,,,0.35,,,,,0.0,0.0,80,,,1013.1,,,,,,,,,1007.9,0.1,,22.0,,,,25.8,,,,,,,,,,,,,,20,30,10.8,15.7,,20,,,11.4,
2006-05-11 19:00:00,,,,,0.0,,,,,0.0,0.0,81,,,1013.4,,,,,,,,,1008.2,0.0,,22.0,,,,25.6,,,,,,,,,,,,,,10,10,11.1,15.7,,10,,,11.5,
2006-05-11 20:00:00,,,,,0.0,,,,,0.0,0.0,79,,,1014.2,,,,,,,,,1009.0,,,21.7,,,,25.6,,,,,,,,,,,,,,20,10,11.5,15.8,,20,,,11.6,
2006-05-11 21:00:00,,,,,0.0,,,,,0.0,0.0,80,,,1014.7,,,,,,,,,1009.5,,,21.8,,,,25.6,,,,,,,,,,,,,,10,10,11.1,16.3,,20,,,11.6,
2006-05-11 22:00:00,,,,,0.0,,,,,0.0,0.0,81,,,1015.2,,,,,,,,,1010.0,,,21.9,,,,25.5,,,,,,,,,,,,,,20,20,10.4,16.1,,10,,,11.0,
2006-05-11 23:00:00,,,,,0.0,,,,,0.0,0.0,81,,,1015.2,,,,,,,,,1010.0,,,21.8,,,,25.4,,,,,,,,,,,,,,20,20,11.2,15.2,,20,,,11.3,
2006-05-12 00:00:00,,,,,0.0,,,,,0.0,0.0,80,,,1014.8,,,,,,,,,1009.6,,,21.8,,,,25.5,,,,,,,,,,,,,,20,20,9.6,14.8,,20,,,11.2,
2006-05-12 01:00:00,,,,,0.0,,,,,0.0,0.0,82,,,1014.4,,,,,,,,,1009.2,,,22.1,,,,25.4,,,,,,,,,,,,,,10,10,10.1,14.4,,20,,,10.2,
2006-05-12 02:00:00,,,,,0.0,,,,,0.0,0.0,82,,,1013.9,,,,,,,,,1008.7,,,21.8,,,,25.0,,,,,,,,,,,,,,10,360,10.3,15.3,,10,,,11.8,
2006-05-12 03:00:00,,,,,0.0,,,,,0.0,0.0,83,,,1013.9,,,,,,,,,1008.7,,,21.9,,,,25.0,,,,,,,,,,,,,,10,10,9.9,13.3,,10,,,10.6,
2006-05-12 04:00:00,,,,,0.0,,,,,0.0,0.0,82,,,1014.0,,,,,,,,,1008.8,,,21.9,,,,25.1,,,,,,,,,,,,,,10,360,9.4,13.3,,10,,,10.1,
2006-05-12 05:00:00,,,,,0.0,,,,,0.0,0.0,83,,,1014.1,,,,,,,,,1008.9,,,21.9,,,,24.9,,,,,,,,,,,,,,10,360,9.9,14.5,,10,,,11.4,
2006-05-12 06:00:00,,,,,0.76,,,,,0.0,0.0,82,,,1014.4,,,,,,,,,1009.2,0.0,,21.9,,,,25.1,,,,,,,,,,,,,,10,10,10.5,13.9,,10,,,10.8,
2006-05-12 07:00:00,,,,,1.16,,,,,0.0,0.0,83,,,1014.8,,,,,,,,,1009.6,0.2,,22.3,,,,25.4,,,,,,,,,,,,,,10,360,9.2,13.4,,10,,,10.4,
2006-05-12 08:00:00,,7.0,,,0.91,,,,,0.0,0.0,82,,,1015.2,,,,,,,,,1010.0,0.5,,23.0,,,,26.3,,,,,,,,,,15.0,,,,20,10,8.0,11.9,,10,,,9.3,
2006-05-12 09:00:00,,7.0,,,0.61,,,,,0.0,0.0,81,,,1015.7,,,,,,,,,1010.5,0.6,,23.2,,,,26.7,,,,,,,,,,15.0,,,,10,10,8.3,11.4,,10,,,8.3,
2006-05-12 10:00:00,,,,,0.62,,,,,0.0,0.0,81,,,1015.0,,,,,,,,,1009.8,0.7,,22.9,,,,26.5,,,,,,,,,,,,,,10,10,9.6,12.7,,10,,,9.8,
2006-05-12 11:00:00,,8.0,,,0.66,,,,,0.0,0.0,81,,,1014.5,,,,,,,,,1009.3,0.9,,23.1,,,,26.7,,,,,,,,,,15.0,,,,10,10,8.5,12.4,,10,,,9.7,
2006-05-12 12:00:00,,,,,0.66,,,,,0.0,0.0,81,,,1013.6,,,,,,,,,1008.4,0.8,,22.8,,,,26.4,,,,,,,,,,,,,,360,360,8.8,12.1,,10,,,9.0,
2006-05-12 13:00:00,,,,,1.28,,,,,0.0,0.0,79,,,1013.2,,,,,,,,,1008.0,1.0,,22.5,,,,26.5,,,,,,,,,,,,,,10,10,8.8,12.3,,10,,,9.2,
2006-05-12 14:00:00,,4.0,,,1.94,,,,,0.0,0.0,79,,,1012.6,,,,,,,,,1007.4,1.0,,22.3,,,,26.2,,,,,,,,,,15.0,,,,10,360,9.1,11.6,,10,,,9.2,
2006-05-12 15:00:00,,,,,1.94,,,,,0.0,0.0,78,,,1012.1,,,,,,,,,1006.9,0.9,,22.3,,,,26.5,,,,,,,,,,,,,,10,10,8.1,10.8,,10,,,9.1,
2006-05-12 16:00:00,,,,,1.85,,,,,0.0,0.0,79,,,1011.8,,,,,,,,,1006.6,0.8,,21.9,,,,25.9,,,,,,,,,,,,,,10,10,8.1,11.1,,10,,,8.3,
2006-05-12 17:00:00,,2.0,,,1.89,,,,,0.0,0.0,81,,,1012.0,,,,,,,,,1006.8,0.8,,22.0,,,,25.6,,,,,,,,,,15.0,,,,10,360,7.1,10.0,,10,,,8.1,
2006-05-12 18:00:00,,,,,0.95,,,,,0.0,0.0,82,,,1012.1,,,,,,,,,1006.9,0.6,,22.0,,,,25.2,,,,,,,,,,,,,,20,10,6.7,8.9,,10,,,7.0,
2006-05-12 19:00:00,,,,,0.0,,,,,0.0,0.0,83,,,1012.4,,,,,,,,,1007.2,0.0,,22.2,,,,25.2,,,,,,,,,,,,,,20,20,5.5,8.7,,20,,,6.8,
2006-05-12 20:00:00,,,,,0.0,,,,,0.0,0.0,85,,,1012.8,,,,,,,,,1007.6,,,22.6,,,,25.3,,,,,,,,,,,,,,30,30,5.6,8.6,,20,,,6.7,
2006-05-12 21:00:00,,,,,0.0,,,,,0.0,0.0,85,,,1013.4,,,,,,,,,1008.2,,,22.6,,,,25.4,,,,,,,,,,,,,,30,30,4.7,7.8,,30,,,6.1,
2006-05-12 22:00:00,,,,,0.0,,,,,0.0,0.0,85,,,1013.9,,,,,,,,,1008.7,,,22.7,,,,25.5,,,,,,,,,,,,,,50,30,3.5,5.9,,30,,,4.7,
2006-05-12 23:00:00,,,,,0.0,,,,,0.0,0.0,86,,,1013.6,,,,,,,,,1008.4,,,23.1,,,,25.6,,,,,,,,,,,,,,30,40,2.9,5.0,,30,,,4.1,
2006-05-13 00:00:00,,,,,0.0,,,,,0.0,0.0,86,,,1013.3,,,,,,,,,1008.1,,,23.4,,,,25.9,,,,,,,,,,,,,,360,10,3.7,5.9,,10,,,4.3,
2006-05-13 01:00:00,,,,,0.0,,,,,0.0,0.0,87,,,1012.6,,,,,,,,,1007.4,,,23.4,,,,25.8,,,,,,,,,,,,,,360,360,5.0,7.4,,360,,,5.7,
2006-05-13 02:00:00,,,,,0.0,,,,,0.0,0.0,85,,,1011.8,,,,,,,,,1006.6,,,23.0,,,,25.7,,,,,,,,,,,,,,360,10,6.3,8.5,,10,,,6.6,
2006-05-13 03:00:00,,,,,0.0,,,,,0.0,0.0,85,,,1011.2,,,,,,,,,1006.0,,,22.9,,,,25.6,,,,,,,,,,,,,,360,360,6.0,8.7,,360,,,6.6,
2006-05-13 04:00:00,,,,,0.0,,,,,0.0,0.0,85,,,1011.6,,,,,,,,,1006.4,,,23.0,,,,25.7,,,,,,,,,,,,,,10,10,6.1,8.8,,10,,,6.5,
2006-05-13 05:00:00,,,,,0.0,,,,,0.0,0.0,84,,,1011.9,,,,,,,,,1006.7,,,22.6,,,,25.6,,,,,,,,,,,,,,10,360,6.8,9.4,,10,,,7.0,
2006-05-13 06:00:00,,,,,0.7,,,,,0.0,0.0,84,,,1012.6,,,,,,,,,1007.4,0.0,,22.8,,,,25.8,,,,,,,,,,,,,,10,10,7.1,9.4,,10,,,7.5,
2006-05-13 07:00:00,,,,,0.74,,,,,0.0,0.0,83,,,1012.7,,,,,,,,,1007.5,0.2,,22.9,,,,26.0,,,,,,,,,,,,,,10,360,6.7,9.7,,10,,,7.4,
2006-05-13 08:00:00,,1.0,,,1.64,,,,,0.0,0.0,81,,,1013.1,,,,,,,,,1007.9,1.0,,23.3,,,,26.8,,,,,,,,,,10.0,,,,10,10,7.3,9.3,,10,,,7.4,
2006-05-13 09:00:00,,1.0,,,1.63,,,,,0.0,0.0,78,,,1013.4,,,,,,,,,1008.2,1.0,,23.0,,,,27.1,,,,,,,,,,10.0,,,,10,360,8.6,10.9,,10,,,8.7,
2006-05-13 10:00:00,,,,,2.43,,,,,0.0,0.0,78,,,1013.5,,,,,,,,,1008.3,1.0,,23.4,,,,27.5,,,,,,,,,,,,,,10,10,7.2,10.5,,10,,,8.5,
2006-05-13 11:00:00,,1.0,,,2.34,,,,,0.0,0.0,78,,,1013.4,,,,,,,,,1008.2,1.0,,23.3,,,,27.4,,,,,,,,,,10.0,,,,10,360,8.6,11.1,,10,,,8.6,
2006-05-13 12:00:00,,,,,2.64,,,,,0.0,0.0,79,,,1013.1,,,,,,,,,1007.9,1.0,,23.4,,,,27.3,,,,,,,,,,,,,,10,10,9.4,11.9,,10,,,9.4,
2006-05-13 13:00:00,,,,,2.69,,,,,0.0,0.0,79,,,1012.1,,,,,,,,,1006.9,1.0,,23.7,,,,27.7,,,,,,,,,,,,,,10,10,9.9,13.4,,10,,,9.9,
2006-05-13 14:00:00,,2.0,,,2.6,,,,,0.0,0.0,79,,,1011.4,,,,,,,,,1006.2,1.0,,23.4,,,,27.4,,,,,,,,,,10.0,,,,10,360,10.6,13.9,,10,,,10.7,
2006-05-13 15:00:00,,,,,1.85,,,,,0.0,0.0,81,,,1011.0,,,,,,,,,1005.8,0.7,,23.4,,,,26.9,,,,,,,,,,,,,,10,360,11.4,16.9,,10,,,11.4,
2006-05-13 16:00:00,,,,,1.67,,,,,0.0,0.0,81,,,1010.5,,,,,,,,,1005.3,0.4,,22.4,,,,26.0,,,,,,,,,,,,,,10,10,13.5,19.0,,10,,,13.9,
2006-05-13 17:00:00,,10.0,,,1.22,,,,,0.0,0.0,82,,,1010.6,,,,,,,,,1005.4,0.4,,21.9,,,,25.2,,,,,,,,,,10.0,,,,20,10,14.2,20.8,,20,,,14.6,
2006-05-13 18:00:00,,,,,0.0,,,,,0.0,0.0,81,,,1011.0,,,,,,,,,1005.8,0.0,,21.4,,,,24.9,,,,,,,,,,,,,,20,20,16.0,21.3,,20,,,16.3,
2006-05-13 19:00:00,,,,,0.0,,,,,0.0,0.0,82,,,1012.0,,,,,,,,,1006.8,0.0,,21.0,,,,24.3,,,,,,,,,,,,,,20,20,16.6,24.7,,20,,,17.4,
2006-05-13 20:00:00,,,,,0.0,,,,,0.0,0.0,80,,,1012.8,,,,,,,,,1007.6,,,20.4,,,,24.1,,,,,,,,,,,,,,20,20,16.7,24.1,,20,,,17.9,
2006-05-13 21:00:00,,,,,0.0,,,,,0.0,0.0,78,,,1013.6,,,,,,,,,1008.4,,,20.2,,,,24.2,,,,,,,,,,,,,,20,30,16.9,24.9,,20,,,17.7,
2006-05-13 22:00:00,,,,,0.0,,,,,0.0,0.0,79,,,1014.1,,,,,,,,,1008.9,,,20.0,,,,23.9,,,,,,,,,,,,,,20,20,16.7,24.8,,20,,,18.8,
2006-05-13 23:00:00,,,,,0.0,,,,,0.0,0.0,78,,,1013.8,,,,,,,,,1008.6,,,19.7,,,,23.7,,,,,,,,,,,,,,20,10,16.5,24.9,,20,,,18.3,
2006-05-14 00:00:00,,,,,0.0,,,,,0.0,0.0,79,,,1013.1,,,,,,,,,1007.9,,,19.6,,,,23.4,,,,,,,,,,,,,,20,10,16.7,24.8,,20,,,17.5,
2006-05-14 01:00:00,,,,,0.0,,,,,0.0,0.0,76,,,1012.1,,,,,,,,,1006.9,,,19.0,,,,23.5,,,,,,,,,,,,,,20,20,18.2,25.5,,20,,,18.7,
2006-05-14 02:00:00,,,,,0.0,,,,,0.0,0.0,76,,,1011.6,,,,,,,,,1006.4,,,19.0,,,,23.4,,,,,,,,,,,,,,20,20,18.1,25.9,,20,,,18.4,
2006-05-14 03:00:00,,,,,0.0,,,,,0.0,0.0,77,,,1011.8,,,,,,,,,1006.6,,,19.2,,,,23.5,,,,,,,,,,,,,,20,20,17.4,26.1,,20,,,18.7,
2006-05-14 04:00:00,,,,,0.0,,,,,0.0,0.0,80,,,1011.6,,,,,,,,,1006.4,,,19.5,,,,23.2,,,,,,,,,,,,,,10,20,17.6,25.3,,20,,,18.3,
2006-05-14 05:00:00,,,,,0.0,,,,,0.0,0.0,79,,,1011.8,,,,,,,,,1006.6,,,19.3,,,,23.1,,,,,,,,,,,,,,10,360,17.4,25.6,,10,,,17.9,
2006-05-14 06:00:00,,,,,0.0,,,,,0.0,0.0,78,,,1011.8,,,,,,,,,1006.6,0.0,,19.3,,,,23.4,,,,,,,,,,,,,,20,360,16.9,24.6,,10,,,17.6,
2006-05-14 07:00:00,,,,,0.2,,,,,0.0,0.0,77,,,1012.3,,,,,,,,,1007.1,0.0,,19.3,,,,23.6,,,,,,,,,,,,,,10,30,17.4,25.5,,20,,,17.6,
2006-05-14 08:00:00,,9.0,,,0.92,,,,,0.0,0.0,74,,,1012.9,,,,,,,,,1007.7,0.1,,19.2,,,,24.1,,,,,,,,,,10.0,,,,20,360,17.4,23.9,,20,,,18.1,
2006-05-14 09:00:00,,9.0,,,1.11,,,,,0.0,0.0,74,,,1013.2,,,,,,,,,1008.0,0.2,,19.1,,,,24.1,,,,,,,,,,10.0,,,,20,360,17.0,25.1,,20,,,17.5,
2006-05-14 10:00:00,,,,,1.45,,,,,0.0,0.0,76,,,1012.9,,,,,,,,,1007.7,0.0,,19.5,,,,24.1,,,,,,,,,,,,,,20,10,17.0,24.5,,20,,,17.2,
2006-05-14 11:00:00,,9.0,,,1.64,,,,,0.0,0.0,72,,,1012.7,,,,,,,,,1007.5,0.2,,19.5,,,,24.8,,,,,,,,,,10.0,,,,20,20,16.6,24.5,,20,,,18.0,
2006-05-14 12:00:00,,,,,1.54,,,,,0.0,0.0,69,,,1011.9,,,,,,,,,1006.7,0.5,,18.7,,,,24.8,,,,,,,,,,,,,,20,20,17.6,25.3,,20,,,18.8,
2006-05-14 13:00:00,,,,,1.59,,,,,0.0,0.0,66,,,1011.3,,,,,,,,,1006.1,0.9,,18.3,,,,25.0,,,,,,,,,,,,,,20,30,18.0,25.2,,20,,,19.1,
2006-05-14 14:00:00,,8.0,,,1.68,,,,,0.0,0.0,66,,,1010.6,,,,,,,,,1005.4,0.9,,18.3,,,,25.1,,,,,,,,,,10.0,,,,20,10,18.2,26.8,,20,,,18.4,
2006-05-14 15:00:00,,,,,1.64,,,,,0.0,0.0,67,,,1010.7,,,,,,,,,1005.5,1.0,,18.7,,,,25.2,,,,,,,,,,,,,,20,20,16.5,25.6,,20,,,18.4,
2006-05-14 16:00:00,,,,,1.79,,,,,0.0,0.0,67,,,1010.4,,,,,,,,,1005.2,0.9,,18.0,,,,24.5,,,,,,,,,,,,,,20,20,16.7,24.3,,20,,,18.5,
2006-05-14 17:00:00,,3.0,,,1.95,,,,,0.0,0.0,71,,,1009.9,,,,,,,,,1004.7,0.9,,18.6,,,,24.3,,,,,,,,,,10.0,,,,20,10,17.4,26.3,,20,,,17.8,
2006-05-14 18:00:00,,,,,1.54,,,,,0.0,0.0,71,,,1010.4,,,,,,,,,1005.2,0.1,,18.3,,,,23.8,,,,,,,,,,,,,,20,10,16.3,23.6,,20,,,17.1,
2006-05-14 19:00:00,,,,,0.41,,,,,0.0,0.0,72,,,1010.5,,,,,,,,,1005.3,0.0,,18.4,,,,23.7,,,,,,,,,,,,,,10,10,16.3,24.5,,20,,,16.6,
2006-05-14 20:00:00,,,,,0.0,,,,,0.0,0.0,71,,,1011.0,,,,,,,,,1005.8,,,18.2,,,,23.7,,,,,,,,,,,,,,10,20,16.1,23.6,,10,,,16.9,
2006-05-14 21:00:00,,,,,0.0,,,,,0.0,0.0,74,,,1011.6,,,,,,,,,1006.4,,,18.6,,,,23.6,,,,,,,,,,,,,,10,10,14.1,22.0,,10,,,16.1,
2006-05-14 22:00:00,,,,,0.0,,,,,0.0,0.0,73,,,1012.2,,,,,,,,,1007.0,,,18.5,,,,23.7,,,,,,,,,,,,,,20,20,13.9,21.1,,20,,,15.6,
2006-05-14 23:00:00,,,,,0.0,,,,,0.0,0.0,74,,,1012.0,,,,,,,,,1006.8,,,18.8,,,,23.7,,,,,,,,,,,,,,20,20,14.0,20.4,,20,,,14.2,
2006-05-15 00:00:00,,,,,0.0,,,,,0.0,0.0,73,,,1011.6,,,,,,,,,1006.4,,,18.5,,,,23.7,,,,,,,,,,,,,,20,30,13.2,19.4,,20,,,14.1,
2006-05-15 01:00:00,,,,,0.0,,,,,0.0,0.0,75,,,1011.3,,,,,,,,,1006.1,,,19.2,,,,23.8,,,,,,,,,,,,,,10,360,13.4,18.6,,20,,,13.6,
2006-05-15 02:00:00,,,,,0.0,,,,,0.0,0.0,75,,,1011.1,,,,,,,,,1005.9,,,18.9,,,,23.7,,,,,,,,,,,,,,20,10,14.1,18.9,,20,,,14.3,
2006-05-15 03:00:00,,,,,0.0,,,,,0.0,0.0,75,,,1010.7,,,,,,,,,1005.5,,,19.2,,,,23.8,,,,,,,,,,,,,,10,360,13.6,19.3,,20,,,14.1,
2006-05-15 04:00:00,,,,,0.0,,,,,0.0,0.0,76,,,1011.2,,,,,,,,,1006.0,,,19.3,,,,23.7,,,,,,,,,,,,,,10,10,11.9,20.3,,10,,,14.6,
2006-05-15 05:00:00,,,,,0.0,,,,,0.0,0.0,77,,,1011.0,,,,,,,,,1005.8,,,19.4,,,,23.7,,,,,,,,,,,,,,20,30,12.6,18.5,,20,,,13.3,
2006-05-15 06:00:00,,,,,0.0,,,,,0.0,0.0,77,,,1011.3,,,,,,,,,1006.1,0.0,,19.6,,,,23.8,,,,,,,,,,,,,,20,20,12.6,18.1,,20,,,13.4,
2006-05-15 07:00:00,,,,,0.0,,,,,0.0,0.0,78,,,1011.3,,,,,,,,,1006.1,0.0,,20.1,,,,24.1,,,,,,,,,,,,,,10,20,12.4,17.3,,20,,,12.7,
2006-05-15 08:00:00,,10.0,,,0.46,,,,,0.0,0.0,78,,,1011.5,,,,,,,,,1006.3,0.0,,20.5,,,,24.5,,,,,,,,,,10.0,,,,20,10,11.7,17.4,,10,,,13.1,
2006-05-15 09:00:00,,9.0,,,0.85,,,,,0.0,0.0,78,,,1011.0,,,,,,,,,1005.8,0.1,,20.9,,,,25.1,,,,,,,,,,10.0,,,,10,20,12.4,17.5,,20,,,12.4,
2006-05-15 10:00:00,,,,,0.86,,,,,0.0,0.0,78,,,1011.4,,,,,,,,,1006.2,0.0,,21.2,,,,25.4,,,,,,,,,,,,,,20,20,11.9,18.5,,10,,,12.9,
2006-05-15 11:00:00,,10.0,,,0.76,,,,,0.0,0.0,80,,,1011.3,,,,,,,,,1006.1,0.0,,21.5,,,,25.3,,,,,,,,,,10.0,,,,20,20,11.8,17.1,,20,,,12.9,
2006-05-15 12:00:00,,,,,0.84,,,,,0.0,0.0,80,,,1010.6,,,,,,,,,1005.4,0.0,,21.3,,,,24.9,,,,,,,,,,,,,,10,10,12.4,18.0,,10,,,12.9,
2006-05-15 13:00:00,,,,,0.79,,,,,0.0,0.0,81,,,1010.1,,,,,,,,,1004.9,0.0,,21.8,,,,25.4,,,,,,,,,,,,,,10,10,12.5,17.9,,20,,,12.9,
2006-05-15 14:00:00,,10.0,,,0.86,,,,,0.0,0.0,83,,,1009.8,,,,,,,,,1004.6,0.0,,21.5,,,,24.5,,,,,,,,,,10.0,,,,10,10,13.4,18.6,,10,,,13.8,
2006-05-15 15:00:00,,,,,0.0,,,,,0.0,0.0,84,,,1009.7,,,,,,,,,1004.5,0.0,,21.3,,,,24.1,,,,,,,,,,,,,,10,10,14.0,19.1,,10,,,14.0,
2006-05-15 16:00:00,,,,,0.0,,,,,0.0,0.0,87,,,1009.4,,,,,,,,,1004.2,0.0,,21.4,,,,23.7,,,,,,,,,,,,,,10,10,13.5,20.0,,10,,,14.6,
2006-05-15 17:00:00,,10.0,,,0.0,,,,,0.0,0.0,87,,,1009.2,,,,,,,,,1004.0,0.0,,21.5,,,,23.7,,,,,,,,,,10.0,,,,10,10,13.7,19.6,,10,,,14.6,
2006-05-15 18:00:00,,,,,0.0,,,,,0.0,0.0,87,,,1010.2,,,,,,,,,1005.0,0.0,,21.5,,,,23.7,,,,,,,,,,,,,,20,10,13.9,19.2,,10,,,14.5,
2006-05-15 19:00:00,,,,,0.0,,,,,0.0,0.0,88,,,1010.4,,,,,,,,,1005.2,0.0,,21.7,,,,23.8,,,,,,,,,,,,,,20,20,13.1,19.6,,20,,,14.3,
2006-05-15 20:00:00,,,,,0.0,,,,,0.0,0.0,89,,,1011.3,,,,,,,,,1006.1,,,21.7,,,,23.7,,,,,,,,,,,,,,10,20,11.9,17.6,,20,,,13.6,
2006-05-15 21:00:00,,,,,0.0,,,,,0.0,0.0,87,,,1011.5,,,,,,,,,1006.3,,,21.5,,,,23.7,,,,,,,,,,,,,,20,20,12.9,18.7,,10,,,13.1,
2006-05-15 22:00:00,,,,,0.0,,,,,0.0,0.0,88,,,1011.5,,,,,,,,,1006.3,,,21.8,,,,23.9,,,,,,,,,,,,,,20,30,13.1,18.0,,20,,,13.4,
2006-05-15 23:00:00,,,,,0.0,,,,,0.0,0.0,88,,,1011.2,,,,,,,,,1006.0,,,22.1,,,,24.2,,,,,,,,,,,,,,20,20,11.7,17.5,,20,,,13.1,
2006-05-16 00:00:00,,,,,0.0,,,,,0.0,0.0,84,,,1010.9,,,,,,,,,1005.7,,,21.6,,,,24.5,,,,,,,,,,,,,,20,20,13.1,17.0,,20,,,13.1,
2006-05-16 01:00:00,,,,,0.0,,,,,0.0,0.0,83,,,1010.4,,,,,,,,,1005.2,,,21.4,,,,24.4,,,,,,,,,,,,,,20,20,13.3,16.9,,20,,,13.4,
2006-05-16 02:00:00,,,,,0.0,,,,,0.0,0.0,83,,,1009.7,,,,,,,,,1004.5,,,21.1,,,,24.2,,,,,,,,,,,,,,20,30,12.8,17.8,,20,,,13.5,
2006-05-16 03:00:00,,,,,0.0,,,,,0.0,0.0,84,,,1009.7,,,,,,,,,1004.5,,,21.3,,,,24.1,,,,,,,,,,,,,,30,30,12.5,18.7,,20,,,13.7,
2006-05-16 04:00:00,,,,,0.0,,,,,0.0,0.0,83,,,1009.8,,,,,,,,,1004.6,,,21.1,,,,24.2,,,,,,,,,,,,,,30,20,12.3,18.1,,20,,,13.4,
2006-05-16 05:00:00,,,,,0.0,,,,,0.0,0.0,83,,,1009.8,,,,,,,,,1004.6,,,21.4,,,,24.4,,,,,,,,,,,,,,30,20,13.1,17.4,,20,,,14.1,
2006-05-16 06:00:00,,,,,0.0,,,,,0.0,0.0,84,,,1009.9,,,,,,,,,1004.7,0.0,,21.7,,,,24.6,,,,,,,,,,,,,,20,30,12.8,18.1,,20,,,14.4,
2006-05-16 07:00:00,,,,,0.0,,,,,0.0,0.0,83,,,1010.4,,,,,,,,,1005.2,0.0,,21.8,,,,24.8,,,,,,,,,,,,,,20,30,12.9,17.5,,20,,,14.1,
2006-05-16 08:00:00,,10.0,,,0.0,,,,,0.0,0.0,83,,,1010.7,,,,,,,,,1005.5,0.0,,21.9,,,,24.9,,,,,,,,,,20.0,,,,20,30,11.9,16.6,,20,,,13.0,
2006-05-16 09:00:00,,10.0,,,0.52,,,,,0.0,0.0,82,,,1010.9,,,,,,,,,1005.7,0.2,,21.9,,,,25.2,,,,,,,,,,20.0,,,,20,30,12.0,17.2,,20,,,12.9,
2006-05-16 10:00:00,,,,,0.86,,,,,0.0,0.0,81,,,1011.0,,,,,,,,,1005.8,0.0,,22.0,,,,25.6,,,,,,,,,,,,,,20,30,11.6,16.1,,20,,,12.4,
2006-05-16 11:00:00,,9.0,,,0.89,,,,,0.0,0.0,79,,,1010.7,,,,,,,,,1005.5,0.0,,22.2,,,,26.2,,,,,,,,,,20.0,,,,30,20,12.3,16.7,,20,,,12.9,
2006-05-16 12:00:00,,,,,0.52,,,,,0.0,0.0,79,,,1010.5,,,,,,,,,1005.3,0.1,,22.2,,,,26.2,,,,,,,,,,,,,,20,20,12.2,17.0,,20,,,13.6,
2006-05-16 13:00:00,,,,,0.77,,,,,0.0,0.0,79,,,1010.1,,,,,,,,,1004.9,0.3,,22.0,,,,26.0,,,,,,,,,,,,,,20,30,11.7,17.4,,20,,,13.4,
2006-05-16 14:00:00,,9.0,,,0.85,,,,,0.0,0.0,77,,,1009.5,,,,,,,,,1004.3,0.2,,22.2,,,,26.6,,,,,,,,,,20.0,,,,20,20,11.6,16.2,,20,,,12.4,
2006-05-16 15:00:00,,,,,0.75,,,,,0.0,0.0,80,,,1009.2,,,,,,,,,1004.0,0.5,,22.0,,,,25.8,,,,,,,,,,,,,,20,20,11.4,16.4,,20,,,12.5,
2006-05-16 16:00:00,,,,,0.0,,,,,0.0,0.0,84,,,1008.7,,,,,,,,,1003.5,0.0,,22.1,,,,24.9,,,,,,,,,,,,,,20,10,11.3,18.3,,20,,,12.9,
2006-05-16 17:00:00,,10.0,,,0.0,,,,,0.0,0.0,85,,,1008.7,,,,,,,,,1003.5,0.0,,22.0,,,,24.7,,,,,,,,,,15.0,,,,20,30,12.7,18.8,,20,,,13.1,
2006-05-16 18:00:00,,,,,0.0,,,,,0.0,0.0,85,,,1008.9,,,,,,,,,1003.7,0.0,,22.0,,,,24.6,,,,,,,,,,,,,,30,20,13.6,18.6,,30,,,14.3,
2006-05-16 19:00:00,,,,,0.0,,,,,0.0,0.0,85,,,1009.3,,,,,,,,,1004.1,0.0,,22.1,,,,24.8,,,,,,,,,,,,,,20,20,14.3,19.0,,30,,,14.7,
2006-05-16 20:00:00,,,,,0.0,,,,,0.0,0.0,87,,,1009.7,,,,,,,,,1004.5,,,22.3,,,,24.6,,,,,,,,,,,,,,20,20,12.8,18.4,,20,,,14.3,
2006-05-16 21:00:00,,,,,0.0,,,,,0.0,0.0,87,,,1010.2,,,,,,,,,1005.0,,,22.3,,,,24.7,,,,,,,,,,,,,,30,30,11.6,18.8,,20,,,14.5,
2006-05-16 22:00:00,,,,,0.0,,,,,0.0,0.0,86,,,1010.4,,,,,,,,,1005.2,,,22.4,,,,24.9,,,,,,,,,,,,,,20,20,11.6,17.1,,20,,,12.9,
2006-05-16 23:00:00,,,,,0.0,,,,,0.0,0.0,85,,,1010.2,,,,,,,,,1005.0,,,22.1,,,,24.8,,,,,,,,,,,,,,30,20,11.5,16.3,,20,,,12.2,
2006-05-17 00:00:00,,,,,0.0,,,,,0.0,0.0,86,,,1009.0,,,,,,,,,1003.8,,,22.4,,,,25.0,,,,,,,,,,,,,,20,20,13.3,16.7,,20,,,13.4,
2006-05-17 01:00:00,,,,,0.0,,,,,0.0,0.0,86,,,1008.6,,,,,,,,,1003.4,,,22.4,,,,25.0,,,,,,,,,,,,,,20,30,12.2,16.7,,20,,,13.7,
2006-05-17 02:00:00,,,,,0.0,,,,,0.0,0.0,86,,,1007.7,,,,,,,,,1002.5,,,22.3,,,,24.9,,,,,,,,,,,,,,20,20,13.3,18.3,,20,,,13.3,
2006-05-17 03:00:00,,,,,0.0,,,,,0.0,0.0,86,,,1006.9,,,,,,,,,1001.7,,,22.3,,,,24.9,,,,,,,,,,,,,,20,20,12.5,17.4,,20,,,13.7,
2006-05-17 04:00:00,,,,,0.0,,,,,0.0,0.0,86,,,1007.1,,,,,,,,,1001.9,,,22.3,,,,24.9,,,,,,,,,,,,,,30,20,12.5,17.5,,20,,,13.8,
2006-05-17 05:00:00,,,,,0.0,,,,,0.0,0.0,86,,,1007.5,,,,,,,,,1002.3,,,22.4,,,,25.0,,,,,,,,,,,,,,30,50,10.4,16.1,,30,,,12.4,
2006-05-17 06:00:00,,,,,0.0,,,,,0.0,0.0,88,,,1007.8,,,,,,,,,1002.6,0.0,,22.8,,,,24.9,,,,,,,,,,,,,,50,50,10.4,15.9,,40,,,11.5,
2006-05-17 07:00:00,,,,,0.0,,,,,1.0,0.3,87,,,1008.1,,,,,,,,,1002.9,0.0,,22.7,,,,25.0,,,,,,,,,,,,,,60,40,10.6,14.2,,50,,,11.1,
2006-05-17 08:00:00,,10.0,,,0.0,,,,,2.0,0.5,90,,,1008.4,,,,,,,,,1003.2,0.0,,23.3,,,,25.0,,,,,,,,,,10.0,,,,50,60,8.3,12.6,,60,,,10.4,
2006-05-17 09:00:00,,10.0,,,0.21,,,,,0.5,0.1,90,,,1007.7,,,,,,,,,1002.5,0.1,,23.1,,,,24.8,,,,,,,,,,10.0,,,,40,60,7.6,12.0,,50,,,9.8,
2006-05-17 10:00:00,,,,,0.0,,,,,0.0,0.0,90,,,1007.4,,,,,,,,,1002.2,0.0,,23.4,,,,25.1,,,,,,,,,,,,,,50,50,9.8,12.3,,50,,,9.8,
2006-05-17 11:00:00,,10.0,,,0.0,,,,,0.0,0.0,88,,,1007.1,,,,,,,,,1001.9,0.0,,23.1,,,,25.2,,,,,,,,,,10.0,,,,50,60,8.8,11.9,,50,,,10.0,
2006-05-17 12:00:00,,,,,0.0,,,,,0.5,0.1,91,,,1006.6,,,,,,,,,1001.4,0.0,,23.9,,,,25.4,,,,,,,,,,,,,,50,50,9.6,12.8,,50,,,10.2,
2006-05-17 13:00:00,,,,,0.33,,,,,0.0,0.0,86,,,1005.8,,,,,,,,,1000.7,0.1,,23.9,,,,26.5,,,,,,,,,,,,,,60,50,8.7,12.3,,50,,,10.0,
2006-05-17 14:00:00,,9.0,,,0.34,,,,,0.0,0.0,81,,,1004.9,,,,,,,,,999.8,0.1,,25.7,,,,29.4,,,,,,,,,,10.0,,,,140,140,9.4,15.2,,140,,,9.5,
2006-05-17 15:00:00,,,,,1.85,,,,,0.0,0.0,79,,,1004.1,,,,,,,,,999.0,0.6,,25.0,,,,29.0,,,,,,,,,,,,,,140,140,11.4,17.3,,140,,,11.5,
2006-05-17 16:00:00,,,,,0.0,,,,,0.0,0.0,77,,,1003.6,,,,,,,,,998.5,0.0,,24.4,,,,28.9,,,,,,,,,,,,,,140,140,12.3,18.4,,140,,,12.3,
2006-05-17 17:00:00,,8.0,,,0.88,,,,,0.0,0.0,76,,,1003.0,,,,,,,,,997.9,0.3,,24.2,,,,28.9,,,,,,,,,,10.0,,,,140,150,13.6,22.4,,140,,,14.6,
2006-05-17 18:00:00,,,,,0.4,,,,,0.0,0.0,76,,,1002.6,,,,,,,,,997.5,0.2,,23.9,,,,28.5,,,,,,,,,,,,,,150,150,15.0,20.5,,150,,,15.2,
2006-05-17 19:00:00,,,,,0.0,,,,,0.0,0.0,78,,,1002.8,,,,,,,,,997.7,0.0,,24.0,,,,28.3,,,,,,,,,,,,,,150,140,15.5,22.6,,150,,,16.6,
2006-05-17 20:00:00,,,,,0.0,,,,,0.0,0.0,76,,,1002.8,,,,,,,,,997.7,,,23.7,,,,28.3,,,,,,,,,,,,,,150,140,17.5,25.7,,150,,,18.5,
2006-05-17 21:00:00,,,,,0.0,,,,,0.0,0.0,77,,,1002.7,,,,,,,,,997.6,,,23.9,,,,28.4,,,,,,,,,,,,,,150,150,17.9,26.1,,150,,,18.1,
2006-05-17 22:00:00,,,,,0.0,,,,,0.5,0.2,81,,,1002.6,,,,,,,,,997.5,,,24.3,,,,27.8,,,,,,,,,,,,,,150,160,19.1,27.5,,150,,,20.4,
2006-05-17 23:00:00,,,,,0.0,,,,,0.5,0.1,82,,,1002.4,,,,,,,,,997.3,,,24.3,,,,27.6,,,,,,,,,,,,,,160,160,18.8,28.1,,160,,,20.8,
2006-05-18 00:00:00,,,,,0.0,,,,,0.0,0.0,81,,,1002.2,,,,,,,,,997.1,,,23.6,,,,27.1,,,,,,,,,,,,,,170,170,19.5,28.0,,170,,,20.1,
2006-05-18 01:00:00,,,,,0.0,,,,,4.5,0.3,95,,,1000.9,,,,,,,,,995.8,,,24.9,,,,25.8,,,,,,,,,,,,,,180,170,20.0,28.7,,180,,,20.0,
2006-05-18 02:00:00,,,,,0.0,,,,,0.0,0.0,84,,,1000.4,,,,,,,,,995.3,,,23.9,,,,26.8,,,,,,,,,,,,,,180,190,17.2,29.3,,180,,,21.2,
2006-05-18 03:00:00,,,,,0.0,,,,,1.5,0.3,92,,,1000.1,,,,,,,,,995.0,,,24.2,,,,25.6,,,,,,,,,,,,,,200,200,20.1,33.5,,190,,,21.8,
2006-05-18 04:00:00,,,,,0.0,,,,,1.0,1.0,79,,,1000.1,,,,,,,,,995.0,,,22.6,,,,26.5,,,,,,,,,,,,,,190,190,22.9,30.8,,190,,,23.3,
2006-05-18 05:00:00,,,,,0.0,,,,,2.0,1.0,82,,,1000.0,,,,,,,,,994.9,,,22.7,,,,26.1,,,,,,,,,,,,,,190,200,21.7,30.4,,190,,,22.8,
2006-05-18 06:00:00,,,,,0.0,,,,,1.0,1.0,81,,,1000.8,,,,,,,,,995.7,0.0,,22.5,,,,26.1,,,,,,,,,,,,,,200,200,19.9,30.0,,190,,,21.7,
2006-05-18 07:00:00,,,,,0.0,,,,,0.5,0.2,82,,,1001.4,,,,,,,,,996.2,0.0,,21.8,,,,25.0,,,,,,,,,,,,,,200,200,20.5,29.4,,190,,,21.1,
2006-05-18 08:00:00,,10.0,,,0.0,,,,,0.0,0.0,79,,,1001.9,,,,,,,,,996.8,0.0,,22.3,,,,26.3,,,,,,,,,,10.0,,,,200,190,20.0,28.6,,200,,,20.7,
2006-05-18 09:00:00,,10.0,,,0.0,,,,,0.0,0.0,80,,,1002.4,,,,,,,,,997.3,0.0,,22.6,,,,26.4,,,,,,,,,,10.0,,,,200,200,17.0,26.9,,200,,,21.0,
2006-05-18 10:00:00,,,,,0.0,,,,,0.0,0.0,76,,,1003.0,,,,,,,,,997.9,0.0,,21.9,,,,26.5,,,,,,,,,,,,,,200,210,18.1,25.5,,210,,,19.3,
2006-05-18 11:00:00,,10.0,,,0.0,,,,,0.0,0.0,74,,,1003.3,,,,,,,,,998.2,0.0,,21.6,,,,26.7,,,,,,,,,,10.0,,,,210,210,18.9,26.5,,200,,,19.7,
2006-05-18 12:00:00,,,,,0.0,,,,,0.0,0.0,79,,,1003.7,,,,,,,,,998.6,0.0,,22.1,,,,26.1,,,,,,,,,,,,,,210,210,17.0,24.3,,200,,,18.7,
2006-05-18 13:00:00,,,,,0.0,,,,,0.0,0.0,78,,,1003.8,,,,,,,,,998.7,0.0,,22.5,,,,26.6,,,,,,,,,,,,,,210,200,16.4,23.9,,210,,,18.6,
2006-05-18 14:00:00,,10.0,,,0.0,,,,,0.0,0.0,74,,,1003.2,,,,,,,,,998.1,0.0,,21.5,,,,26.5,,,,,,,,,,10.0,,,,220,220,16.3,24.1,,220,,,19.1,
2006-05-18 15:00:00,,,,,0.2,,,,,0.0,0.0,79,,,1004.1,,,,,,,,,998.9,0.0,,21.9,,,,25.8,,,,,,,,,,,,,,230,220,12.7,20.3,,220,,,16.9,
2006-05-18 16:00:00,,,,,0.53,,,,,0.0,0.0,75,,,1004.0,,,,,,,,,998.9,0.7,,21.3,,,,26.1,,,,,,,,,,,,,,240,230,11.5,15.9,,230,,,12.8,
2006-05-18 17:00:00,,7.0,,,1.35,,,,,0.0,0.0,76,,,1004.0,,,,,,,,,998.9,0.8,,21.4,,,,26.0,,,,,,,,,,20.0,,,,220,240,10.9,14.5,,230,,,12.3,
2006-05-18 18:00:00,,,,,0.4,,,,,0.0,0.0,76,,,1004.4,,,,,,,,,999.2,0.8,,21.4,,,,26.0,,,,,,,,,,,,,,210,210,12.9,16.8,,210,,,13.2,
2006-05-18 19:00:00,,,,,0.0,,,,,0.0,0.0,76,,,1005.0,,,,,,,,,999.8,0.0,,21.1,,,,25.7,,,,,,,,,,,,,,210,210,11.5,16.5,,210,,,12.9,
2006-05-18 20:00:00,,,,,0.0,,,,,0.0,0.0,73,,,1005.7,,,,,,,,,1000.5,,,20.4,,,,25.6,,,,,,,,,,,,,,230,230,12.2,15.5,,240,,,12.5,
2006-05-18 21:00:00,,,,,0.0,,,,,0.0,0.0,77,,,1006.4,,,,,,,,,1001.2,,,21.1,,,,25.4,,,,,,,,,,,,,,230,240,9.1,13.0,,230,,,12.1,
2006-05-18 22:00:00,,,,,0.0,,,,,0.0,0.0,74,,,1006.8,,,,,,,,,1001.6,,,20.3,,,,25.2,,,,,,,,,,,,,,230,240,9.0,11.6,,240,,,9.4,
2006-05-18 23:00:00,,,,,0.0,,,,,0.0,0.0,75,,,1006.9,,,,,,,,,1001.7,,,20.6,,,,25.3,,,,,,,,,,,,,,240,220,8.2,10.9,,230,,,9.0,
2006-05-19 00:00:00,,,,,0.0,,,,,0.0,0.0,75,,,1007.0,,,,,,,,,1001.8,,,20.3,,,,25.1,,,,,,,,,,,,,,240,240,8.3,10.6,,240,,,8.7,
2006-05-19 01:00:00,,,,,0.0,,,,,0.0,0.0,72,,,1006.8,,,,,,,,,1001.6,,,19.5,,,,24.9,,,,,,,,,,,,,,250,240,5.2,9.7,,240,,,8.4,
2006-05-19 02:00:00,,,,,0.0,,,,,0.0,0.0,71,,,1006.7,,,,,,,,,1001.5,,,19.3,,,,24.9,,,,,,,,,,,,,,240,250,5.9,8.3,,240,,,6.5,
2006-05-19 03:00:00,,,,,0.0,,,,,0.0,0.0,69,,,1006.7,,,,,,,,,1001.5,,,18.6,,,,24.6,,,,,,,,,,,,,,240,250,5.7,8.1,,240,,,6.8,
2006-05-19 04:00:00,,,,,0.0,,,,,0.0,0.0,72,,,1007.1,,,,,,,,,1001.9,,,19.3,,,,24.6,,,,,,,,,,,,,,240,240,5.0,6.9,,240,,,5.6,
2006-05-19 05:00:00,,,,,0.0,,,,,0.0,0.0,75,,,1007.5,,,,,,,,,1002.3,,,19.5,,,,24.2,,,,,,,,,,,,,,250,240,4.0,6.4,,240,,,4.9,
2006-05-19 06:00:00,,,,,0.0,,,,,0.0,0.0,76,,,1008.0,,,,,,,,,1002.8,0.0,,19.5,,,,24.1,,,,,,,,,,,,,,260,250,2.3,4.9,,250,,,4.0,
2006-05-19 07:00:00,,,,,0.49,,,,,0.0,0.0,76,,,1008.6,,,,,,,,,1003.4,0.6,,20.7,,,,25.2,,,,,,,,,,,,,,260,250,2.3,3.9,,260,,,2.4,
2006-05-19 08:00:00,,1.0,,,0.91,,,,,0.0,0.0,73,,,1009.2,,,,,,,,,1004.0,1.0,,20.7,,,,25.9,,,,,,,,,,40.0,,,,240,240,1.7,3.6,,250,,,2.5,
2006-05-19 09:00:00,,4.0,,,1.62,,,,,0.0,0.0,71,,,1009.7,,,,,,,,,1004.5,1.0,,21.0,,,,26.7,,,,,,,,,,40.0,,,,260,270,0.3,2.5,,250,,,1.7,
2006-05-19 10:00:00,,,,,2.64,,,,,0.0,0.0,71,,,1009.6,,,,,,,,,1004.4,1.0,,21.0,,,,26.8,,,,,,,,,,,,,,250,260,1.1,2.7,,270,,,1.6,
2006-05-19 11:00:00,,4.0,,,1.99,,,,,0.0,0.0,72,,,1009.5,,,,,,,,,1004.3,0.5,,20.3,,,,25.7,,,,,,,,,,40.0,,,,0,250,0.1,3.0,,260,,,1.7,
2006-05-19 12:00:00,,,,,2.54,,,,,0.0,0.0,66,,,1009.3,,,,,,,,,1004.2,0.4,,21.6,,,,28.7,,,,,,,,,,,,,,280,330,0.9,3.1,,310,,,1.4,
2006-05-19 13:00:00,,,,,2.94,,,,,0.0,0.0,64,,,1009.1,,,,,,,,,1004.0,0.9,,20.7,,,,28.2,,,,,,,,,,,,,,260,290,0.6,3.2,,270,,,1.8,
2006-05-19 14:00:00,,2.0,,,2.76,,,,,0.0,0.0,66,,,1008.9,,,,,,,,,1003.8,1.0,,21.2,,,,28.1,,,,,,,,,,40.0,,,,260,280,1.4,3.4,,270,,,1.7,
2006-05-19 15:00:00,,,,,2.08,,,,,0.0,0.0,65,,,1008.5,,,,,,,,,1003.4,1.0,,20.6,,,,27.9,,,,,,,,,,,,,,350,360,2.9,5.0,,350,,,3.8,
2006-05-19 16:00:00,,,,,2.62,,,,,0.0,0.0,64,,,1008.5,,,,,,,,,1003.4,1.0,,20.1,,,,27.6,,,,,,,,,,,,,,340,350,2.2,4.7,,360,,,3.4,
2006-05-19 17:00:00,,4.0,,,2.02,,,,,0.0,0.0,70,,,1008.8,,,,,,,,,1003.6,0.4,,19.9,,,,25.7,,,,,,,,,,40.0,,,,10,10,7.1,9.3,,10,,,7.1,
2006-05-19 18:00:00,,,,,1.14,,,,,0.0,0.0,70,,,1009.2,,,,,,,,,1004.0,0.1,,19.4,,,,25.2,,,,,,,,,,,,,,10,360,7.4,10.2,,10,,,7.6,
2006-05-19 19:00:00,,,,,0.63,,,,,0.0,0.0,69,,,1009.4,,,,,,,,,1004.2,0.0,,19.0,,,,25.1,,,,,,,,,,,,,,10,10,6.3,10.4,,10,,,7.9,
2006-05-19 20:00:00,,,,,0.0,,,,,0.0,0.0,69,,,1009.8,,,,,,,,,1004.6,,,19.2,,,,25.2,,,,,,,,,,,,,,20,10,5.5,9.3,,10,,,6.8,
2006-05-19 21:00:00,,,,,0.0,,,,,0.0,0.0,72,,,1010.2,,,,,,,,,1005.0,,,19.4,,,,24.9,,,,,,,,,,,,,,20,20,6.5,8.6,,20,,,6.6,
2006-05-19 22:00:00,,,,,0.0,,,,,0.0,0.0,68,,,1010.8,,,,,,,,,1005.6,,,18.6,,,,25.0,,,,,,,,,,,,,,20,20,4.5,8.1,,20,,,6.7,
2006-05-19 23:00:00,,,,,0.0,,,,,0.0,0.0,72,,,1010.8,,,,,,,,,1005.6,,,19.6,,,,25.1,,,,,,,,,,,,,,350,350,4.1,6.0,,20,,,4.4,
2006-05-20 00:00:00,,,,,0.0,,,,,0.0,0.0,77,,,1010.2,,,,,,,,,1005.0,,,20.3,,,,24.6,,,,,,,,,,,,,,360,360,4.3,6.6,,360,,,4.8,
2006-05-20 01:00:00,,,,,0.0,,,,,0.0,0.0,79,,,1009.7,,,,,,,,,1004.5,,,20.7,,,,24.6,,,,,,,,,,,,,,360,360,4.2,5.8,,360,,,4.4,
2006-05-20 02:00:00,,,,,0.0,,,,,0.0,0.0,80,,,1009.2,,,,,,,,,1004.0,,,20.9,,,,24.5,,,,,,,,,,,,,,360,310,3.8,5.8,,360,,,4.4,
2006-05-20 03:00:00,,,,,0.0,,,,,0.0,0.0,81,,,1009.4,,,,,,,,,1004.2,,,21.0,,,,24.5,,,,,,,,,,,,,,360,350,4.0,5.5,,360,,,4.0,
2006-05-20 04:00:00,,,,,0.0,,,,,0.0,0.0,80,,,1009.7,,,,,,,,,1004.5,,,20.8,,,,24.4,,,,,,,,,,,,,,350,350,4.2,6.2,,360,,,4.6,
2006-05-20 05:00:00,,,,,0.0,,,,,0.0,0.0,80,,,1010.2,,,,,,,,,1005.0,,,20.7,,,,24.4,,,,,,,,,,,,,,360,360,4.5,5.8,,360,,,4.6,
2006-05-20 06:00:00,,,,,0.53,,,,,0.0,0.0,79,,,1011.0,,,,,,,,,1005.8,0.0,,20.7,,,,24.6,,,,,,,,,,,,,,360,360,3.8,6.0,,360,,,4.8,
2006-05-20 07:00:00,,,,,1.25,,,,,0.0,0.0,76,,,1011.6,,,,,,,,,1006.4,0.1,,20.8,,,,25.3,,,,,,,,,,,,,,360,350,4.6,6.2,,360,,,4.6,
2006-05-20 08:00:00,,8.0,,,0.69,,,,,0.0,0.0,75,,,1012.2,,,,,,,,,1007.0,0.7,,21.3,,,,26.0,,,,,,,,,,20.0,,,,10,350,4.9,6.7,,10,,,5.0,
2006-05-20 09:00:00,,8.0,,,1.14,,,,,0.0,0.0,74,,,1012.7,,,,,,,,,1007.5,0.4,,21.3,,,,26.3,,,,,,,,,,20.0,,,,10,10,4.6,6.0,,10,,,4.9,
2006-05-20 10:00:00,,,,,2.04,,,,,0.0,0.0,72,,,1012.7,,,,,,,,,1007.5,0.7,,21.5,,,,27.0,,,,,,,,,,,,,,10,360,4.3,6.5,,360,,,4.9,
2006-05-20 11:00:00,,7.0,,,1.83,,,,,0.0,0.0,72,,,1012.5,,,,,,,,,1007.3,0.5,,21.3,,,,26.7,,,,,,,,,,20.0,,,,10,10,5.2,6.5,,10,,,5.2,
2006-05-20 12:00:00,,,,,2.64,,,,,0.0,0.0,72,,,1012.3,,,,,,,,,1007.1,0.9,,21.9,,,,27.4,,,,,,,,,,,,,,10,360,4.0,5.9,,10,,,5.1,
2006-05-20 13:00:00,,,,,2.86,,,,,0.0,0.0,70,,,1011.8,,,,,,,,,1006.6,1.0,,21.5,,,,27.4,,,,,,,,,,,,,,10,360,4.3,5.6,,10,,,4.5,
2006-05-20 14:00:00,,3.0,,,2.88,,,,,0.0,0.0,70,,,1011.4,,,,,,,,,1006.2,0.9,,21.9,,,,28.0,,,,,,,,,,20.0,,,,360,360,5.0,6.9,,360,,,5.0,
2006-05-20 15:00:00,,,,,0.95,,,,,0.0,0.0,73,,,1010.9,,,,,,,,,1005.7,0.6,,21.8,,,,27.1,,,,,,,,,,,,,,10,10,6.6,8.1,,10,,,6.6,
2006-05-20 16:00:00,,,,,0.81,,,,,0.0,0.0,74,,,1010.7,,,,,,,,,1005.5,0.3,,21.4,,,,26.3,,,,,,,,,,,,,,10,20,6.6,9.5,,10,,,7.3,
2006-05-20 17:00:00,,8.0,,,0.44,,,,,0.0,0.0,73,,,1010.9,,,,,,,,,1005.7,0.0,,20.7,,,,26.0,,,,,,,,,,20.0,,,,360,10,7.8,9.8,,10,,,7.8,
2006-05-20 18:00:00,,,,,0.56,,,,,0.0,0.0,75,,,1011.3,,,,,,,,,1006.1,0.0,,21.0,,,,25.8,,,,,,,,,,,,,,10,360,6.8,9.4,,360,,,7.8,
2006-05-20 19:00:00,,,,,0.0,,,,,0.0,0.0,77,,,1012.1,,,,,,,,,1006.9,0.0,,20.8,,,,25.2,,,,,,,,,,,,,,20,20,6.8,9.1,,10,,,6.9,
2006-05-20 20:00:00,,,,,0.0,,,,,0.0,0.0,76,,,1012.7,,,,,,,,,1007.5,,,21.2,,,,25.7,,,,,,,,,,,,,,30,20,5.0,8.1,,20,,,6.9,
2006-05-20 21:00:00,,,,,0.0,,,,,0.0,0.0,75,,,1013.2,,,,,,,,,1008.0,,,21.1,,,,25.9,,,,,,,,,,,,,,40,30,5.0,7.0,,30,,,5.3,
2006-05-20 22:00:00,,,,,0.0,,,,,0.0,0.0,72,,,1013.4,,,,,,,,,1008.2,,,20.8,,,,26.2,,,,,,,,,,,,,,40,40,3.5,6.3,,40,,,5.0,
2006-05-20 23:00:00,,,,,0.0,,,,,0.0,0.0,74,,,1013.3,,,,,,,,,1008.1,,,21.1,,,,26.2,,,,,,,,,,,,,,20,40,1.6,3.8,,40,,,3.4,
2006-05-21 00:00:00,,,,,0.0,,,,,0.0,0.0,80,,,1012.8,,,,,,,,,1007.6,,,22.4,,,,26.1,,,,,,,,,,,,,,0,20,0.0,2.2,,20,,,1.7,
2006-05-21 01:00:00,,,,,0.0,,,,,0.0,0.0,81,,,1012.2,,,,,,,,,1007.0,,,22.3,,,,25.9,,,,,,,,,,,,,,350,350,2.3,3.2,,350,,,2.3,
2006-05-21 02:00:00,,,,,0.0,,,,,0.0,0.0,82,,,1011.8,,,,,,,,,1006.6,,,22.3,,,,25.6,,,,,,,,,,,,,,360,360,3.5,4.4,,360,,,3.5,
2006-05-21 03:00:00,,,,,0.0,,,,,0.0,0.0,85,,,1011.7,,,,,,,,,1006.5,,,22.8,,,,25.6,,,,,,,,,,,,,,360,360,3.1,5.0,,10,,,3.7,
2006-05-21 04:00:00,,,,,0.0,,,,,0.0,0.0,85,,,1011.6,,,,,,,,,1006.4,,,22.7,,,,25.5,,,,,,,,,,,,,,10,360,4.3,5.7,,360,,,4.4,
2006-05-21 05:00:00,,,,,0.0,,,,,0.0,0.0,85,,,1012.1,,,,,,,,,1006.9,,,22.7,,,,25.5,,,,,,,,,,,,,,360,360,4.7,6.8,,360,,,5.2,
2006-05-21 06:00:00,,,,,0.0,,,,,0.0,0.0,87,,,1012.3,,,,,,,,,1007.1,0.0,,23.3,,,,25.7,,,,,,,,,,,,,,360,360,4.6,6.7,,360,,,5.1,
2006-05-21 07:00:00,,,,,0.31,,,,,0.0,0.0,87,,,1012.7,,,,,,,,,1007.5,0.1,,24.1,,,,26.5,,,,,,,,,,,,,,10,10,4.7,6.7,,10,,,5.4,
2006-05-21 08:00:00,,10.0,,,0.44,,,,,0.0,0.0,85,,,1013.0,,,,,,,,,1007.8,0.0,,24.1,,,,26.9,,,,,,,,,,15.0,,,,10,10,4.6,6.2,,20,,,4.9,
2006-05-21 09:00:00,,10.0,,,0.3,,,,,0.0,0.0,83,,,1013.4,,,,,,,,,1008.2,0.2,,24.0,,,,27.1,,,,,,,,,,15.0,,,,10,360,4.0,5.8,,10,,,4.5,
2006-05-21 10:00:00,,,,,0.61,,,,,0.0,0.0,80,,,1013.4,,,,,,,,,1008.2,0.4,,23.6,,,,27.4,,,,,,,,,,,,,,360,10,4.1,6.2,,10,,,4.5,
2006-05-21 11:00:00,,10.0,,,0.5,,,,,0.0,0.0,76,,,1013.3,,,,,,,,,1008.1,0.0,,22.8,,,,27.3,,,,,,,,,,10.0,,,,10,10,4.7,5.7,,10,,,4.7,
2006-05-21 12:00:00,,,,,0.42,,,,,0.0,0.0,77,,,1012.8,,,,,,,,,1007.6,0.0,,23.5,,,,27.9,,,,,,,,,,,,,,20,10,4.7,6.5,,10,,,5.2,
2006-05-21 13:00:00,,,,,0.46,,,,,0.0,0.0,79,,,1012.6,,,,,,,,,1007.4,0.0,,23.6,,,,27.5,,,,,,,,,,,,,,10,360,4.8,7.1,,10,,,5.1,
2006-05-21 14:00:00,,10.0,,,0.34,,,,,0.0,0.0,81,,,1012.2,,,,,,,,,1007.0,0.0,,23.5,,,,27.1,,,,,,,,,,10.0,,,,30,20,4.5,6.5,,10,,,4.8,
2006-05-21 15:00:00,,,,,0.23,,,,,0.0,0.0,80,,,1011.5,,,,,,,,,1006.3,0.0,,23.8,,,,27.6,,,,,,,,,,,,,,20,30,4.5,5.7,,30,,,4.5,
2006-05-21 16:00:00,,,,,0.34,,,,,0.0,0.0,81,,,1010.9,,,,,,,,,1005.7,0.0,,23.6,,,,27.2,,,,,,,,,,,,,,20,20,4.3,6.2,,20,,,5.1,
2006-05-21 17:00:00,,10.0,,,0.4,,,,,0.0,0.0,83,,,1011.3,,,,,,,,,1006.1,0.0,,23.9,,,,27.1,,,,,,,,,,10.0,,,,20,20,3.7,6.2,,20,,,5.0,
2006-05-21 18:00:00,,,,,0.0,,,,,0.0,0.0,79,,,1011.8,,,,,,,,,1006.6,0.0,,23.0,,,,27.0,,,,,,,,,,,,,,20,30,3.2,5.0,,30,,,3.9,
2006-05-21 19:00:00,,,,,0.0,,,,,0.0,0.0,81,,,1012.2,,,,,,,,,1007.0,0.0,,22.8,,,,26.3,,,,,,,,,,,,,,40,20,2.9,4.7,,20,,,3.9,
2006-05-21 20:00:00,,,,,0.0,,,,,0.0,0.0,83,,,1012.8,,,,,,,,,1007.6,,,23.2,,,,26.4,,,,,,,,,,,,,,20,50,3.5,4.6,,20,,,3.7,
2006-05-21 21:00:00,,,,,0.0,,,,,0.0,0.0,81,,,1012.9,,,,,,,,,1007.7,,,22.9,,,,26.4,,,,,,,,,,,,,,50,40,3.8,4.9,,40,,,3.9,
2006-05-21 22:00:00,,,,,0.0,,,,,0.0,0.0,83,,,1013.3,,,,,,,,,1008.1,,,23.0,,,,26.2,,,,,,,,,,,,,,40,40,3.3,4.4,,50,,,3.8,
2006-05-21 23:00:00,,,,,0.0,,,,,0.0,0.0,83,,,1012.7,,,,,,,,,1007.5,,,22.9,,,,26.0,,,,,,,,,,,,,,30,40,3.5,4.2,,40,,,3.7,
2006-05-22 00:00:00,,,,,0.0,,,,,0.0,0.0,84,,,1012.3,,,,,,,,,1007.1,,,23.3,,,,26.3,,,,,,,,,,,,,,10,20,3.0,4.2,,20,,,3.8,
2006-05-22 01:00:00,,,,,0.0,,,,,0.0,0.0,85,,,1011.3,,,,,,,,,1006.1,,,23.3,,,,26.0,,,,,,,,,,,,,,20,360,2.8,3.7,,360,,,3.0,
2006-05-22 02:00:00,,,,,0.0,,,,,0.0,0.0,86,,,1011.2,,,,,,,,,1006.0,,,23.4,,,,26.0,,,,,,,,,,,,,,20,10,2.3,4.0,,10,,,3.2,
2006-05-22 03:00:00,,,,,0.0,,,,,0.0,0.0,87,,,1010.5,,,,,,,,,1005.3,,,23.5,,,,25.9,,,,,,,,,,,,,,40,30,1.2,3.7,,30,,,2.8,
2006-05-22 04:00:00,,,,,0.0,,,,,0.0,0.0,87,,,1010.4,,,,,,,,,1005.2,,,23.9,,,,26.2,,,,,,,,,,,,,,0,70,0.2,2.4,,40,,,1.1,
2006-05-22 05:00:00,,,,,0.0,,,,,0.0,0.0,86,,,1010.3,,,,,,,,,1005.1,,,23.8,,,,26.4,,,,,,,,,,,,,,0,10,0.0,1.6,,0,,,0.2,
2006-05-22 06:00:00,,,,,0.0,,,,,0.0,0.0,86,,,1010.7,,,,,,,,,1005.5,0.0,,24.1,,,,26.7,,,,,,,,,,,,,,250,210,1.2,3.7,,190,,,1.4,
2006-05-22 07:00:00,,,,,0.24,,,,,0.0,0.0,86,,,1011.0,,,,,,,,,1005.8,0.0,,24.7,,,,27.3,,,,,,,,,,,,,,180,180,4.7,6.5,,180,,,4.7,
2006-05-22 08:00:00,,10.0,,,0.68,,,,,0.0,0.0,81,,,1010.7,,,,,,,,,1005.6,0.6,,24.8,,,,28.4,,,,,,,,,,10.0,,,,150,170,4.5,7.1,,170,,,5.1,
2006-05-22 09:00:00,,9.0,,,0.36,,,,,0.0,0.0,80,,,1011.0,,,,,,,,,1005.9,0.1,,24.8,,,,28.5,,,,,,,,,,10.0,,,,150,160,3.7,6.4,,150,,,4.9,
2006-05-22 10:00:00,,,,,0.33,,,,,0.0,0.0,77,,,1011.5,,,,,,,,,1006.4,0.2,,25.4,,,,29.8,,,,,,,,,,,,,,180,170,3.2,5.9,,150,,,4.0,
2006-05-22 11:00:00,,9.0,,,0.32,,,,,0.0,0.0,79,,,1011.4,,,,,,,,,1006.3,0.0,,25.0,,,,29.0,,,,,,,,,,10.0,,,,200,200,5.4,8.4,,190,,,5.5,
2006-05-22 12:00:00,,,,,0.2,,,,,0.0,0.0,80,,,1010.9,,,,,,,,,1005.8,0.0,,24.5,,,,28.2,,,,,,,,,,,,,,190,190,9.9,12.9,,190,,,10.2,
2006-05-22 13:00:00,,,,,0.26,,,,,0.0,0.0,81,,,1010.1,,,,,,,,,1005.0,0.0,,24.9,,,,28.4,,,,,,,,,,,,,,190,200,7.6,11.9,,190,,,10.2,
2006-05-22 14:00:00,,10.0,,,0.28,,,,,0.0,0.0,83,,,1009.7,,,,,,,,,1004.6,0.0,,24.9,,,,28.1,,,,,,,,,,10.0,,,,190,180,7.7,10.3,,190,,,8.3,
2006-05-22 15:00:00,,,,,0.29,,,,,0.0,0.0,85,,,1009.7,,,,,,,,,1004.5,0.0,,24.8,,,,27.6,,,,,,,,,,,,,,210,190,7.2,10.3,,190,,,8.2,
2006-05-22 16:00:00,,,,,0.29,,,,,0.0,0.0,88,,,1009.6,,,,,,,,,1004.5,0.0,,25.5,,,,27.7,,,,,,,,,,,,,,220,220,6.3,8.6,,210,,,7.4,
2006-05-22 17:00:00,,9.0,,,0.3,,,,,0.0,0.0,89,,,1010.1,,,,,,,,,1005.0,0.3,,25.8,,,,27.8,,,,,,,,,,15.0,,,,230,230,4.1,7.5,,220,,,6.2,
2006-05-22 18:00:00,,,,,0.3,,,,,0.0,0.0,89,,,1010.3,,,,,,,,,1005.1,0.1,,25.6,,,,27.6,,,,,,,,,,,,,,220,230,3.4,5.3,,230,,,4.2,
2006-05-22 19:00:00,,,,,0.0,,,,,0.0,0.0,89,,,1010.7,,,,,,,,,1005.5,0.0,,25.4,,,,27.3,,,,,,,,,,,,,,0,230,0.2,3.4,,220,,,3.4,
2006-05-22 20:00:00,,,,,0.0,,,,,0.0,0.0,89,,,1011.2,,,,,,,,,1006.0,,,24.8,,,,26.7,,,,,,,,,,,,,,0,290,0.0,2.4,,290,,,1.7,
2006-05-22 21:00:00,,,,,0.0,,,,,0.0,0.0,89,,,1011.6,,,,,,,,,1006.4,,,24.7,,,,26.6,,,,,,,,,,,,,,0,0,0.0,0.0,,0,,,0.0,
2006-05-22 22:00:00,,,,,0.0,,,,,0.0,0.0,90,,,1011.8,,,,,,,,,1006.6,,,24.6,,,,26.4,,,,,,,,,,,,,,0,0,0.0,0.0,,0,,,0.0,
2006-05-22 23:00:00,,,,,0.0,,,,,0.0,0.0,89,,,1011.6,,,,,,,,,1006.4,,,24.7,,,,26.6,,,,,,,,,,,,,,0,0,0.0,0.0,,0,,,0.0,
2006-05-23 00:00:00,,,,,0.0,,,,,0.0,0.0,90,,,1011.2,,,,,,,,,1006.0,,,24.5,,,,26.3,,,,,,,,,,,,,,0,0,0.0,0.0,,0,,,0.0,
2006-05-23 01:00:00,,,,,0.0,,,,,0.0,0.0,90,,,1011.0,,,,,,,,,1005.8,,,24.4,,,,26.1,,,,,,,,,,,,,,0,300,0.0,2.6,,300,,,1.9,
2006-05-23 02:00:00,,,,,0.0,,,,,0.0,0.0,91,,,1010.3,,,,,,,,,1005.1,,,24.5,,,,26.1,,,,,,,,,,,,,,330,330,2.0,2.5,,330,,,2.0,
2006-05-23 03:00:00,,,,,0.0,,,,,0.0,0.0,91,,,1010.2,,,,,,,,,1005.0,,,24.3,,,,25.9,,,,,,,,,,,,,,310,310,1.7,3.0,,320,,,2.5,
2006-05-23 04:00:00,,,,,0.0,,,,,0.0,0.0,91,,,1010.3,,,,,,,,,1005.1,,,24.4,,,,26.0,,,,,,,,,,,,,,0,320,0.0,2.2,,310,,,1.6,
2006-05-23 05:00:00,,,,,0.0,,,,,0.0,0.0,93,,,1010.4,,,,,,,,,1005.2,,,24.2,,,,25.5,,,,,,,,,,,,,,0,20,0.0,1.1,,0,,,0.0,
2006-05-23 06:00:00,,,,,0.0,,,,,0.0,0.0,91,,,1010.7,,,,,,,,,1005.5,0.0,,24.7,,,,26.2,,,,,,,,,,,,,,60,60,2.8,3.5,,60,,,2.9,
2006-05-23 07:00:00,,,,,0.24,,,,,0.0,0.0,92,,,1011.4,,,,,,,,,1006.2,0.0,,25.3,,,,26.7,,,,,,,,,,,,,,10,60,0.7,3.0,,60,,,2.8,
2006-05-23 08:00:00,,8.0,,,0.3,,,,,0.0,0.0,94,,,1011.6,,,,,,,,,1006.4,0.1,,26.0,,,,27.0,,,,,,,,,,20.0,,,,350,350,1.2,2.9,,350,,,2.2,
2006-05-23 09:00:00,,7.0,,,0.35,,,,,0.0,0.0,94,,,1011.5,,,,,,,,,1006.3,0.3,,26.6,,,,27.6,,,,,,,,,,15.0,,,,350,330,2.4,3.2,,330,,,2.5,
2006-05-23 10:00:00,,,,,0.43,,,,,0.0,0.0,90,,,1011.4,,,,,,,,,1006.2,0.2,,25.5,,,,27.3,,,,,,,,,,,,,,360,360,2.7,3.8,,360,,,2.8,
2006-05-23 11:00:00,,7.0,,,0.45,,,,,0.0,0.0,90,,,1011.5,,,,,,,,,1006.3,0.3,,26.3,,,,28.1,,,,,,,,,,15.0,,,,350,350,3.3,4.3,,350,,,3.3,
2006-05-23 12:00:00,,,,,0.55,,,,,0.0,0.0,83,,,1010.9,,,,,,,,,1005.8,0.6,,26.2,,,,29.3,,,,,,,,,,,,,,330,330,2.1,4.4,,350,,,3.3,
2006-05-23 13:00:00,,,,,0.6,,,,,0.0,0.0,83,,,1010.4,,,,,,,,,1005.3,0.2,,25.7,,,,28.9,,,,,,,,,,,,,,330,350,1.4,4.0,,320,,,2.9,
2006-05-23 14:00:00,,6.0,,,0.65,,,,,0.0,0.0,84,,,1009.3,,,,,,,,,1004.2,0.1,,25.4,,,,28.3,,,,,,,,,,25.0,,,,320,330,2.3,3.7,,320,,,2.7,
2006-05-23 15:00:00,,,,,0.55,,,,,0.0,0.0,82,,,1009.4,,,,,,,,,1004.3,0.7,,25.7,,,,29.0,,,,,,,,,,,,,,330,330,3.5,4.4,,330,,,3.6,
2006-05-23 16:00:00,,,,,0.4,,,,,0.0,0.0,82,,,1009.6,,,,,,,,,1004.5,0.2,,24.6,,,,28.0,,,,,,,,,,,,,,290,330,2.8,4.3,,330,,,3.5,
2006-05-23 17:00:00,,8.0,,,0.47,,,,,0.0,0.0,84,,,1009.4,,,,,,,,,1004.2,0.1,,24.3,,,,27.3,,,,,,,,,,15.0,,,,330,300,3.4,4.6,,320,,,3.5,
2006-05-23 18:00:00,,,,,0.2,,,,,0.0,0.0,86,,,1010.0,,,,,,,,,1004.8,0.0,,24.5,,,,27.1,,,,,,,,,,,,,,360,330,3.0,5.2,,320,,,4.0,
2006-05-23 19:00:00,,,,,0.0,,,,,0.0,0.0,87,,,1010.7,,,,,,,,,1005.5,0.0,,23.8,,,,26.2,,,,,,,,,,,,,,20,360,4.4,6.8,,10,,,4.8,
2006-05-23 20:00:00,,,,,0.0,,,,,0.0,0.0,86,,,1011.2,,,,,,,,,1006.0,,,23.6,,,,26.1,,,,,,,,,,,,,,10,10,5.5,8.7,,10,,,6.0,
2006-05-23 21:00:00,,,,,0.0,,,,,0.0,0.0,87,,,1011.6,,,,,,,,,1006.4,,,23.4,,,,25.7,,,,,,,,,,,,,,20,20,6.5,8.3,,20,,,6.5,
2006-05-23 22:00:00,,,,,0.0,,,,,0.0,0.0,84,,,1012.1,,,,,,,,,1006.9,,,22.5,,,,25.5,,,,,,,,,,,,,,360,20,2.7,7.5,,20,,,6.5,
2006-05-23 23:00:00,,,,,0.0,,,,,0.0,0.0,85,,,1011.7,,,,,,,,,1006.5,,,22.7,,,,25.5,,,,,,,,,,,,,,350,360,1.0,3.2,,360,,,2.7,
2006-05-24 00:00:00,,,,,0.0,,,,,0.0,0.0,84,,,1011.0,,,,,,,,,1005.8,,,22.6,,,,25.5,,,,,,,,,,,,,,20,360,1.9,2.7,,360,,,2.0,
2006-05-24 01:00:00,,,,,0.0,,,,,0.0,0.0,87,,,1010.4,,,,,,,,,1005.2,,,23.5,,,,25.9,,,,,,,,,,,,,,50,50,2.5,3.3,,50,,,2.5,
2006-05-24 02:00:00,,,,,0.0,,,,,0.0,0.0,87,,,1010.2,,,,,,,,,1005.0,,,23.1,,,,25.5,,,,,,,,,,,,,,10,20,5.5,8.5,,10,,,6.0,
2006-05-24 03:00:00,,,,,0.0,,,,,0.0,0.0,85,,,1010.0,,,,,,,,,1004.8,,,22.8,,,,25.5,,,,,,,,,,,,,,10,20,5.2,7.7,,20,,,5.7,
2006-05-24 04:00:00,,,,,0.0,,,,,0.0,0.0,84,,,1010.1,,,,,,,,,1004.9,,,22.6,,,,25.6,,,,,,,,,,,,,,20,20,5.8,7.6,,20,,,5.9,
2006-05-24 05:00:00,,,,,0.0,,,,,0.0,0.0,85,,,1010.1,,,,,,,,,1004.9,,,22.9,,,,25.6,,,,,,,,,,,,,,20,20,4.8,7.3,,20,,,5.7,
2006-05-24 06:00:00,,,,,0.0,,,,,0.0,0.0,85,,,1010.5,,,,,,,,,1005.3,0.0,,23.2,,,,25.9,,,,,,,,,,,,,,20,20,5.7,7.5,,20,,,5.8,
2006-05-24 07:00:00,,,,,0.08,,,,,0.0,0.0,82,,,1010.9,,,,,,,,,1005.7,0.0,,22.9,,,,26.3,,,,,,,,,,,,,,30,30,5.3,7.6,,20,,,5.8,
2006-05-24 08:00:00,,10.0,,,0.43,,,,,0.0,0.0,80,,,1011.3,,,,,,,,,1006.1,0.0,,22.9,,,,26.7,,,,,,,,,,25.0,,,,30,30,4.9,7.4,,30,,,5.7,
2006-05-24 09:00:00,,10.0,,,0.74,,,,,0.0,0.0,83,,,1011.8,,,,,,,,,1006.6,0.0,,24.2,,,,27.3,,,,,,,,,,25.0,,,,40,30,4.1,6.6,,20,,,5.4,
2006-05-24 10:00:00,,,,,1.03,,,,,0.0,0.0,79,,,1011.5,,,,,,,,,1006.4,0.0,,24.4,,,,28.3,,,,,,,,,,,,,,40,40,3.9,5.3,,50,,,4.2,
2006-05-24 11:00:00,,7.0,,,1.41,,,,,0.0,0.0,81,,,1011.3,,,,,,,,,1006.2,0.0,,24.8,,,,28.3,,,,,,,,,,20.0,,,,10,40,3.8,5.4,,20,,,4.2,
2006-05-24 12:00:00,,,,,1.78,,,,,0.0,0.0,78,,,1011.3,,,,,,,,,1006.2,0.0,,23.9,,,,28.2,,,,,,,,,,,,,,10,30,4.0,5.9,,30,,,5.0,
2006-05-24 13:00:00,,,,,2.32,,,,,0.0,0.0,81,,,1010.8,,,,,,,,,1005.6,0.7,,24.0,,,,27.5,,,,,,,,,,,,,,10,360,4.8,6.1,,10,,,4.9,
2006-05-24 14:00:00,,7.0,,,2.2,,,,,0.0,0.0,78,,,1010.2,,,,,,,,,1005.1,0.7,,24.0,,,,28.2,,,,,,,,,,25.0,,,,360,360,4.7,6.5,,10,,,5.4,
2006-05-24 15:00:00,,,,,1.68,,,,,0.0,0.0,78,,,1010.0,,,,,,,,,1004.8,0.5,,23.4,,,,27.6,,,,,,,,,,,,,,10,360,5.8,7.3,,10,,,5.9,
2006-05-24 16:00:00,,,,,1.6,,,,,0.0,0.0,83,,,1009.5,,,,,,,,,1004.3,1.0,,23.6,,,,26.7,,,,,,,,,,,,,,10,10,7.6,10.0,,10,,,7.6,
2006-05-24 17:00:00,,6.0,,,0.81,,,,,0.0,0.0,84,,,1009.9,,,,,,,,,1004.7,0.6,,23.0,,,,26.0,,,,,,,,,,10.0,,,,10,10,8.1,10.7,,10,,,9.0,
2006-05-24 18:00:00,,,,,0.0,,,,,0.0,0.0,84,,,1010.1,,,,,,,,,1004.9,0.0,,22.7,,,,25.7,,,,,,,,,,,,,,20,360,6.6,11.4,,10,,,8.8,
2006-05-24 19:00:00,,,,,0.0,,,,,0.0,0.0,84,,,1010.5,,,,,,,,,1005.3,0.0,,22.8,,,,25.8,,,,,,,,,,,,,,20,30,6.0,8.5,,20,,,6.7,
2006-05-24 20:00:00,,,,,0.0,,,,,0.0,0.0,84,,,1011.4,,,,,,,,,1006.2,,,23.0,,,,26.0,,,,,,,,,,,,,,30,20,4.8,7.9,,20,,,6.2,
2006-05-24 21:00:00,,,,,0.0,,,,,0.0,0.0,84,,,1012.0,,,,,,,,,1006.8,,,23.1,,,,26.0,,,,,,,,,,,,,,10,30,3.3,6.3,,30,,,4.7,
2006-05-24 22:00:00,,,,,0.0,,,,,0.0,0.0,85,,,1012.5,,,,,,,,,1007.3,,,23.2,,,,25.9,,,,,,,,,,,,,,360,360,5.3,6.8,,360,,,5.3,
2006-05-24 23:00:00,,,,,0.0,,,,,0.0,0.0,87,,,1012.5,,,,,,,,,1007.3,,,23.4,,,,25.8,,,,,,,,,,,,,,360,360,4.7,6.5,,360,,,5.2,
2006-05-25 00:00:00,,,,,0.0,,,,,0.0,0.0,87,,,1011.8,,,,,,,,,1006.6,,,23.3,,,,25.6,,,,,,,,,,,,,,10,360,5.2,6.7,,10,,,5.3,
2006-05-25 01:00:00,,,,,0.0,,,,,0.0,0.0,87,,,1011.2,,,,,,,,,1006.0,,,23.2,,,,25.5,,,,,,,,,,,,,,10,10,5.2,7.1,,10,,,6.0,
2006-05-25 02:00:00,,,,,0.0,,,,,0.0,0.0,87,,,1010.8,,,,,,,,,1005.6,,,23.0,,,,25.3,,,,,,,,,,,,,,10,360,5.5,7.2,,10,,,5.8,
2006-05-25 03:00:00,,,,,0.0,,,,,0.0,0.0,91,,,1010.7,,,,,,,,,1005.5,,,22.8,,,,24.4,,,,,,,,,,,,,,10,10,5.3,7.2,,10,,,5.4,
2006-05-25 04:00:00,,,,,0.0,,,,,0.0,0.0,90,,,1010.5,,,,,,,,,1005.3,,,22.7,,,,24.4,,,,,,,,,,,,,,20,10,5.0,7.0,,10,,,5.5,
2006-05-25 05:00:00,,,,,0.0,,,,,0.0,0.0,87,,,1010.4,,,,,,,,,1005.2,,,22.9,,,,25.3,,,,,,,,,,,,,,10,20,4.6,6.5,,20,,,5.2,
2006-05-25 06:00:00,,,,,0.0,,,,,0.0,0.0,88,,,1010.7,,,,,,,,,1005.5,0.0,,23.3,,,,25.5,,,,,,,,,,,,,,10,10,4.2,6.2,,10,,,4.9,
2006-05-25 07:00:00,,,,,0.23,,,,,0.0,0.0,88,,,1011.4,,,,,,,,,1006.2,0.2,,23.6,,,,25.7,,,,,,,,,,,,,,10,10,4.4,5.5,,10,,,4.4,
2006-05-25 08:00:00,,1.0,,,0.93,,,,,0.0,0.0,86,,,1011.5,,,,,,,,,1006.3,1.0,,24.0,,,,26.6,,,,,,,,,,10.0,,,,10,10,4.0,5.6,,10,,,4.7,
2006-05-25 09:00:00,,2.0,,,1.46,,,,,0.0,0.0,83,,,1012.3,,,,,,,,,1007.1,1.0,,24.4,,,,27.6,,,,,,,,,,10.0,,,,350,10,3.4,5.1,,10,,,4.0,
2006-05-25 10:00:00,,,,,1.99,,,,,0.0,0.0,80,,,1012.5,,,,,,,,,1007.3,1.0,,24.3,,,,28.0,,,,,,,,,,,,,,350,350,3.9,6.1,,350,,,4.8,
2006-05-25 11:00:00,,5.0,,,1.52,,,,,0.0,0.0,79,,,1012.1,,,,,,,,,1006.9,0.3,,24.4,,,,28.3,,,,,,,,,,10.0,,,,320,350,3.0,4.7,,350,,,3.9,
2006-05-25 12:00:00,,,,,2.07,,,,,0.0,0.0,78,,,1011.3,,,,,,,,,1006.2,0.7,,24.1,,,,28.2,,,,,,,,,,,,,,320,330,2.6,4.1,,320,,,3.2,
2006-05-25 13:00:00,,,,,2.37,,,,,0.0,0.0,74,,,1010.8,,,,,,,,,1005.7,1.0,,24.2,,,,29.3,,,,,,,,,,,,,,320,330,3.0,4.2,,320,,,3.3,
2006-05-25 14:00:00,,6.0,,,1.89,,,,,0.0,0.0,75,,,1010.6,,,,,,,,,1005.5,0.7,,23.2,,,,28.0,,,,,,,,,,10.0,,,,330,330,4.2,5.6,,320,,,4.5,
2006-05-25 15:00:00,,,,,1.97,,,,,0.0,0.0,74,,,1009.9,,,,,,,,,1004.8,1.0,,23.7,,,,28.7,,,,,,,,,,,,,,330,320,3.8,4.8,,330,,,4.2,
2006-05-25 16:00:00,,,,,1.52,,,,,0.0,0.0,78,,,1009.1,,,,,,,,,1004.0,1.0,,23.6,,,,27.9,,,,,,,,,,,,,,330,330,3.1,5.0,,330,,,3.8,
2006-05-25 17:00:00,,2.0,,,1.05,,,,,0.0,0.0,79,,,1009.3,,,,,,,,,1004.1,1.0,,23.3,,,,27.3,,,,,,,,,,10.0,,,,310,330,0.3,3.6,,330,,,3.1,
2006-05-25 18:00:00,,,,,0.42,,,,,0.0,0.0,74,,,1009.6,,,,,,,,,1004.4,0.9,,21.9,,,,27.0,,,,,,,,,,,,,,0,210,0.2,2.2,,220,,,0.5,
2006-05-25 19:00:00,,,,,0.0,,,,,0.0,0.0,79,,,1010.4,,,,,,,,,1005.2,0.0,,22.2,,,,26.1,,,,,,,,,,,,,,0,290,0.0,2.0,,0,,,0.2,
2006-05-25 20:00:00,,,,,0.0,,,,,0.0,0.0,81,,,1011.2,,,,,,,,,1006.0,,,22.6,,,,26.1,,,,,,,,,,,,,,190,190,0.6,2.2,,190,,,0.6,
2006-05-25 21:00:00,,,,,0.0,,,,,0.0,0.0,81,,,1011.8,,,,,,,,,1006.6,,,22.7,,,,26.3,,,,,,,,,,,,,,0,170,0.0,2.3,,170,,,0.9,
2006-05-25 22:00:00,,,,,0.0,,,,,0.0,0.0,81,,,1012.4,,,,,,,,,1007.2,,,22.9,,,,26.5,,,,,,,,,,,,,,190,190,2.9,3.8,,190,,,3.2,
2006-05-25 23:00:00,,,,,0.0,,,,,0.0,0.0,80,,,1012.5,,,,,,,,,1007.3,,,22.9,,,,26.7,,,,,,,,,,,,,,220,190,3.8,4.8,,220,,,3.8,
2006-05-26 00:00:00,,,,,0.0,,,,,0.0,0.0,81,,,1012.2,,,,,,,,,1007.0,,,23.0,,,,26.5,,,,,,,,,,,,,,190,210,3.4,5.1,,210,,,4.1,
2006-05-26 01:00:00,,,,,0.0,,,,,0.0,0.0,83,,,1011.6,,,,,,,,,1006.4,,,23.3,,,,26.5,,,,,,,,,,,,,,200,210,3.3,5.0,,190,,,3.5,
2006-05-26 02:00:00,,,,,0.0,,,,,0.0,0.0,85,,,1011.2,,,,,,,,,1006.0,,,23.7,,,,26.5,,,,,,,,,,,,,,190,210,3.1,5.3,,200,,,3.9,
2006-05-26 03:00:00,,,,,0.0,,,,,0.0,0.0,84,,,1011.2,,,,,,,,,1006.0,,,23.7,,,,26.6,,,,,,,,,,,,,,190,190,4.8,6.3,,190,,,5.2,
2006-05-26 04:00:00,,,,,0.0,,,,,0.0,0.0,85,,,1011.2,,,,,,,,,1006.0,,,23.7,,,,26.5,,,,,,,,,,,,,,190,180,4.1,6.3,,190,,,5.1,
2006-05-26 05:00:00,,,,,0.0,,,,,0.0,0.0,85,,,1011.6,,,,,,,,,1006.4,,,23.5,,,,26.2,,,,,,,,,,,,,,190,190,5.6,6.8,,190,,,5.8,
2006-05-26 06:00:00,,,,,0.1,,,,,0.0,0.0,84,,,1012.0,,,,,,,,,1006.8,0.1,,23.6,,,,26.5,,,,,,,,,,,,,,220,220,5.5,6.6,,190,,,5.6,
2006-05-26 07:00:00,,,,,0.38,,,,,0.0,0.0,84,,,1012.2,,,,,,,,,1007.0,0.5,,23.9,,,,26.9,,,,,,,,,,,,,,210,210,6.0,7.0,,220,,,6.1,
2006-05-26 08:00:00,,3.0,,,0.91,,,,,0.0,0.0,82,,,1012.5,,,,,,,,,1007.3,0.9,,24.2,,,,27.5,,,,,,,,,,20.0,,,,210,220,6.2,7.9,,220,,,6.8,
2006-05-26 09:00:00,,3.0,,,1.52,,,,,0.0,0.0,80,,,1012.7,,,,,,,,,1007.5,1.0,,24.4,,,,28.1,,,,,,,,,,15.0,,,,200,210,5.6,7.8,,210,,,6.4,
2006-05-26 10:00:00,,,,,1.89,,,,,0.0,0.0,79,,,1013.1,,,,,,,,,1007.9,1.0,,24.7,,,,28.6,,,,,,,,,,,,,,210,210,6.4,7.8,,210,,,6.6,
2006-05-26 11:00:00,,4.0,,,2.28,,,,,0.0,0.0,79,,,1012.6,,,,,,,,,1007.5,0.9,,24.9,,,,28.9,,,,,,,,,,25.0,,,,220,210,6.2,7.6,,210,,,6.5,
2006-05-26 12:00:00,,,,,2.45,,,,,0.0,0.0,76,,,1012.3,,,,,,,,,1007.2,1.0,,24.5,,,,29.1,,,,,,,,,,,,,,220,210,6.0,7.7,,210,,,6.6,
2006-05-26 13:00:00,,,,,2.21,,,,,0.0,0.0,81,,,1012.3,,,,,,,,,1007.1,0.8,,24.8,,,,28.4,,,,,,,,,,,,,,250,220,4.4,8.0,,220,,,6.1,
2006-05-26 14:00:00,,3.0,,,2.4,,,,,0.0,0.0,82,,,1011.4,,,,,,,,,1006.3,1.0,,24.9,,,,28.3,,,,,,,,,,25.0,,,,240,250,4.8,6.4,,240,,,5.0,
2006-05-26 15:00:00,,,,,2.02,,,,,0.0,0.0,82,,,1010.7,,,,,,,,,1005.6,1.0,,25.0,,,,28.4,,,,,,,,,,,,,,230,240,4.1,6.0,,240,,,5.0,
2006-05-26 16:00:00,,,,,1.58,,,,,0.0,0.0,81,,,1010.5,,,,,,,,,1005.4,1.0,,24.4,,,,28.0,,,,,,,,,,,,,,240,250,4.2,5.6,,240,,,4.5,
2006-05-26 17:00:00,,2.0,,,1.03,,,,,0.0,0.0,81,,,1010.7,,,,,,,,,1005.5,1.0,,23.8,,,,27.4,,,,,,,,,,25.0,,,,230,240,4.6,6.0,,230,,,4.8,
2006-05-26 18:00:00,,,,,0.44,,,,,0.0,0.0,83,,,1010.5,,,,,,,,,1005.3,0.9,,23.6,,,,26.7,,,,,,,,,,,,,,210,240,4.0,5.9,,230,,,4.7,
2006-05-26 19:00:00,,,,,0.1,,,,,0.0,0.0,84,,,1010.9,,,,,,,,,1005.7,0.1,,23.4,,,,26.3,,,,,,,,,,,,,,200,210,3.8,5.7,,200,,,4.3,
2006-05-26 20:00:00,,,,,0.0,,,,,0.0,0.0,82,,,1011.1,,,,,,,,,1005.9,,,23.0,,,,26.3,,,,,,,,,,,,,,190,190,5.6,7.2,,190,,,5.8,
2006-05-26 21:00:00,,,,,0.0,,,,,0.0,0.0,82,,,1011.6,,,,,,,,,1006.4,,,23.1,,,,26.5,,,,,,,,,,,,,,200,190,5.0,7.3,,190,,,5.6,
2006-05-26 22:00:00,,,,,0.0,,,,,0.0,0.0,82,,,1012.1,,,,,,,,,1006.9,,,23.3,,,,26.6,,,,,,,,,,,,,,190,190,5.8,7.4,,190,,,6.2,
2006-05-26 23:00:00,,,,,0.0,,,,,0.0,0.0,83,,,1012.1,,,,,,,,,1006.9,,,23.4,,,,26.6,,,,,,,,,,,,,,190,190,6.4,7.9,,190,,,6.5,
2006-05-27 00:00:00,,,,,0.0,,,,,0.0,0.0,83,,,1011.9,,,,,,,,,1006.7,,,23.4,,,,26.6,,,,,,,,,,,,,,200,180,6.3,8.3,,190,,,6.6,
2006-05-27 01:00:00,,,,,0.0,,,,,0.0,0.0,86,,,1011.1,,,,,,,,,1005.9,,,23.8,,,,26.4,,,,,,,,,,,,,,210,200,7.1,9.1,,210,,,7.1,
2006-05-27 02:00:00,,,,,0.0,,,,,0.0,0.0,86,,,1010.6,,,,,,,,,1005.4,,,23.7,,,,26.2,,,,,,,,,,,,,,220,210,6.3,9.5,,210,,,7.6,
2006-05-27 03:00:00,,,,,0.0,,,,,0.0,0.0,86,,,1010.1,,,,,,,,,1004.9,,,23.5,,,,26.0,,,,,,,,,,,,,,210,210,5.7,8.4,,210,,,6.8,
2006-05-27 04:00:00,,,,,0.0,,,,,0.0,0.0,88,,,1009.8,,,,,,,,,1004.6,,,24.0,,,,26.2,,,,,,,,,,,,,,210,190,5.3,7.5,,210,,,5.7,
2006-05-27 05:00:00,,,,,0.0,,,,,0.0,0.0,89,,,1010.0,,,,,,,,,1004.8,,,24.1,,,,26.0,,,,,,,,,,,,,,200,210,5.2,7.2,,200,,,5.7,
2006-05-27 06:00:00,,,,,0.0,,,,,0.0,0.0,90,,,1010.6,,,,,,,,,1005.4,0.0,,24.2,,,,26.0,,,,,,,,,,,,,,210,210,6.0,7.7,,210,,,6.2,
2006-05-27 07:00:00,,,,,0.25,,,,,0.0,0.0,88,,,1011.1,,,,,,,,,1005.9,0.4,,24.4,,,,26.5,,,,,,,,,,,,,,220,220,6.5,7.8,,220,,,6.5,
2006-05-27 08:00:00,,8.0,,,0.82,,,,,0.0,0.0,84,,,1011.8,,,,,,,,,1006.6,0.8,,24.3,,,,27.3,,,,,,,,,,20.0,,,,230,230,6.9,8.7,,230,,,6.9,
2006-05-27 09:00:00,,4.0,,,1.11,,,,,0.0,0.0,83,,,1011.9,,,,,,,,,1006.7,0.5,,24.6,,,,27.8,,,,,,,,,,20.0,,,,250,250,6.2,8.5,,240,,,6.9,
2006-05-27 10:00:00,,,,,1.6,,,,,0.0,0.0,84,,,1011.9,,,,,,,,,1006.7,0.7,,24.5,,,,27.5,,,,,,,,,,,,,,240,240,6.3,8.4,,240,,,6.3,
2006-05-27 11:00:00,,10.0,,,1.4,,,,,0.0,0.0,84,,,1011.7,,,,,,,,,1006.5,0.2,,24.5,,,,27.4,,,,,,,,,,20.0,,,,250,230,5.7,8.6,,240,,,7.2,
2006-05-27 12:00:00,,,,,0.81,,,,,0.0,0.0,85,,,1011.3,,,,,,,,,1006.1,0.0,,24.2,,,,26.9,,,,,,,,,,,,,,240,240,7.0,8.6,,240,,,7.2,
2006-05-27 13:00:00,,,,,2.05,,,,,0.0,0.0,82,,,1010.6,,,,,,,,,1005.5,0.6,,24.7,,,,28.1,,,,,,,,,,,,,,240,230,6.7,8.8,,240,,,7.5,
2006-05-27 14:00:00,,9.0,,,1.58,,,,,0.0,0.0,84,,,1009.9,,,,,,,,,1004.7,0.2,,24.4,,,,27.4,,,,,,,,,,20.0,,,,250,240,4.5,8.2,,240,,,6.8,
2006-05-27 15:00:00,,,,,1.09,,,,,0.0,0.0,86,,,1009.5,,,,,,,,,1004.3,0.0,,24.5,,,,27.0,,,,,,,,,,,,,,230,240,6.4,8.1,,240,,,6.7,
2006-05-27 16:00:00,,,,,0.6,,,,,0.0,0.0,88,,,1009.7,,,,,,,,,1004.5,0.0,,24.3,,,,26.4,,,,,,,,,,,,,,240,240,6.1,7.8,,230,,,6.5,
2006-05-27 17:00:00,,10.0,,,0.41,,,,,0.0,0.0,88,,,1010.0,,,,,,,,,1004.8,0.0,,24.2,,,,26.3,,,,,,,,,,15.0,,,,250,240,4.1,7.5,,240,,,6.3,
2006-05-27 18:00:00,,,,,0.0,,,,,0.0,0.0,89,,,1010.3,,,,,,,,,1005.1,0.0,,24.2,,,,26.1,,,,,,,,,,,,,,250,250,4.3,6.6,,250,,,4.4,
2006-05-27 19:00:00,,,,,0.0,,,,,0.0,0.0,91,,,1010.4,,,,,,,,,1005.2,0.0,,24.4,,,,25.9,,,,,,,,,,,,,,240,240,4.1,6.6,,250,,,4.8,
2006-05-27 20:00:00,,,,,0.0,,,,,0.0,0.0,91,,,1010.9,,,,,,,,,1005.7,,,24.5,,,,26.0,,,,,,,,,,,,,,220,230,4.2,5.0,,220,,,4.3,
2006-05-27 21:00:00,,,,,0.0,,,,,0.0,0.0,89,,,1011.3,,,,,,,,,1006.1,,,24.4,,,,26.3,,,,,,,,,,,,,,210,210,5.3,6.3,,210,,,5.3,
2006-05-27 22:00:00,,,,,0.0,,,,,0.0,0.0,89,,,1011.6,,,,,,,,,1006.4,,,24.2,,,,26.2,,,,,,,,,,,,,,210,210,6.0,7.3,,210,,,6.0,
2006-05-27 23:00:00,,,,,0.0,,,,,0.0,0.0,86,,,1011.3,,,,,,,,,1006.1,,,23.9,,,,26.5,,,,,,,,,,,,,,210,210,6.6,8.1,,210,,,6.7,
2006-05-28 00:00:00,,,,,0.0,,,,,0.0,0.0,85,,,1010.9,,,,,,,,,1005.7,,,23.8,,,,26.5,,,,,,,,,,,,,,210,210,7.3,9.2,,210,,,7.4,
2006-05-28 01:00:00,,,,,0.0,,,,,0.0,0.0,85,,,1010.3,,,,,,,,,1005.1,,,23.9,,,,26.6,,,,,,,,,,,,,,210,210,7.3,9.3,,210,,,7.4,
2006-05-28 02:00:00,,,,,0.0,,,,,0.0,0.0,87,,,1009.6,,,,,,,,,1004.4,,,24.0,,,,26.3,,,,,,,,,,,,,,210,210,6.9,8.9,,210,,,7.4,
2006-05-28 03:00:00,,,,,0.0,,,,,0.0,0.0,88,,,1009.0,,,,,,,,,1003.8,,,24.0,,,,26.1,,,,,,,,,,,,,,210,210,6.0,8.5,,210,,,7.0,
2006-05-28 04:00:00,,,,,0.0,,,,,0.0,0.0,88,,,1008.8,,,,,,,,,1003.6,,,24.1,,,,26.2,,,,,,,,,,,,,,210,210,6.0,7.4,,210,,,6.2,
2006-05-28 05:00:00,,,,,0.0,,,,,0.0,0.0,90,,,1009.0,,,,,,,,,1003.8,,,24.2,,,,25.9,,,,,,,,,,,,,,210,220,5.1,6.6,,210,,,5.9,
2006-05-28 06:00:00,,,,,0.0,,,,,0.0,0.0,90,,,1009.4,,,,,,,,,1004.2,0.0,,24.4,,,,26.1,,,,,,,,,,,,,,230,240,5.8,7.3,,230,,,6.2,
2006-05-28 07:00:00,,,,,0.0,,,,,0.0,0.0,91,,,1009.6,,,,,,,,,1004.4,0.0,,24.5,,,,26.0,,,,,,,,,,,,,,230,220,6.1,8.5,,220,,,7.2,
2006-05-28 08:00:00,,9.0,,,0.4,,,,,0.0,0.0,89,,,1010.3,,,,,,,,,1005.1,0.0,,24.4,,,,26.3,,,,,,,,,,15.0,,,,230,230,5.7,7.9,,220,,,6.2,
2006-05-28 09:00:00,,7.0,,,1.3,,,,,0.0,0.0,87,,,1010.3,,,,,,,,,1005.1,0.6,,24.9,,,,27.3,,,,,,,,,,15.0,,,,240,240,7.0,9.1,,240,,,7.8,
2006-05-28 10:00:00,,,,,1.5,,,,,0.0,0.0,85,,,1010.3,,,,,,,,,1005.1,0.6,,24.4,,,,27.1,,,,,,,,,,,,,,240,240,7.7,9.5,,240,,,8.2,
2006-05-28 11:00:00,,5.0,,,2.03,,,,,0.0,0.0,80,,,1010.4,,,,,,,,,1005.3,0.7,,25.0,,,,28.7,,,,,,,,,,15.0,,,,250,230,5.1,8.9,,240,,,7.5,
2006-05-28 12:00:00,,,,,0.78,,,,,3.5,0.4,90,,,1010.0,,,,,,,,,1004.8,0.1,,22.4,,,,24.2,,,,,,,,,,,,,,10,10,7.5,9.8,,10,,,7.5,
2006-05-28 13:00:00,,,,,1.0,,,,,1.0,0.4,87,,,1009.3,,,,,,,,,1004.1,0.0,,23.3,,,,25.6,,,,,,,,,,,,,,10,10,5.9,9.3,,10,,,7.4,
2006-05-28 14:00:00,,9.0,,,1.21,,,,,0.0,0.0,82,,,1008.8,,,,,,,,,1003.6,0.0,,22.7,,,,26.1,,,,,,,,,,10.0,,,,20,20,6.0,8.0,,20,,,6.3,
2006-05-28 15:00:00,,,,,0.87,,,,,0.0,0.0,78,,,1008.9,,,,,,,,,1003.7,0.0,,21.8,,,,25.9,,,,,,,,,,,,,,30,30,5.9,8.7,,30,,,6.8,
2006-05-28 16:00:00,,,,,0.56,,,,,0.0,0.0,78,,,1008.2,,,,,,,,,1003.0,0.0,,21.7,,,,25.9,,,,,,,,,,,,,,40,30,5.8,8.9,,20,,,7.1,
2006-05-28 17:00:00,,10.0,,,0.22,,,,,0.0,0.0,81,,,1008.0,,,,,,,,,1002.8,0.0,,21.8,,,,25.3,,,,,,,,,,10.0,,,,40,50,5.4,7.9,,40,,,6.2,
2006-05-28 18:00:00,,,,,0.0,,,,,0.0,0.0,84,,,1008.0,,,,,,,,,1002.8,0.0,,22.0,,,,24.8,,,,,,,,,,,,,,30,30,4.9,7.2,,30,,,5.7,
2006-05-28 19:00:00,,,,,0.0,,,,,0.0,0.0,88,,,1008.4,,,,,,,,,1003.2,0.0,,22.7,,,,24.9,,,,,,,,,,,,,,40,30,4.3,6.5,,30,,,5.0,
2006-05-28 20:00:00,,,,,0.0,,,,,0.0,0.0,85,,,1008.3,,,,,,,,,1003.1,,,22.6,,,,25.4,,,,,,,,,,,,,,50,40,3.6,4.9,,40,,,4.3,
2006-05-28 21:00:00,,,,,0.0,,,,,0.0,0.0,89,,,1008.5,,,,,,,,,1003.3,,,23.4,,,,25.3,,,,,,,,,,,,,,30,20,3.5,4.6,,20,,,3.8,
2006-05-28 22:00:00,,,,,0.0,,,,,0.5,0.1,86,,,1008.5,,,,,,,,,1003.3,,,23.4,,,,26.0,,,,,,,,,,,,,,50,50,4.6,7.9,,40,,,5.6,
2006-05-28 23:00:00,,,,,0.0,,,,,31.5,0.9,88,,,1008.6,,,,,,,,,1003.4,,,22.9,,,,25.0,,,,,,,,,,,,,,320,300,2.0,5.3,,50,,,4.4,
2006-05-29 00:00:00,,,,,0.0,,,,,0.5,0.5,89,,,1008.1,,,,,,,,,1002.9,,,22.8,,,,24.7,,,,,,,,,,,,,,30,10,4.5,7.6,,10,,,5.6,
2006-05-29 01:00:00,,,,,0.0,,,,,1.0,0.2,89,,,1007.4,,,,,,,,,1002.2,,,22.4,,,,24.3,,,,,,,,,,,,,,20,20,5.8,7.0,,20,,,5.9,
2006-05-29 02:00:00,,,,,0.0,,,,,0.0,0.0,90,,,1007.4,,,,,,,,,1002.2,,,21.8,,,,23.6,,,,,,,,,,,,,,20,20,6.1,9.3,,10,,,7.2,
2006-05-29 03:00:00,,,,,0.0,,,,,1.0,0.2,88,,,1006.8,,,,,,,,,1001.6,,,20.8,,,,22.9,,,,,,,,,,,,,,10,360,8.3,12.7,,10,,,9.9,
2006-05-29 04:00:00,,,,,0.0,,,,,0.0,0.0,88,,,1006.7,,,,,,,,,1001.5,,,20.7,,,,22.7,,,,,,,,,,,,,,10,10,9.5,11.9,,10,,,9.5,
2006-05-29 05:00:00,,,,,0.0,,,,,0.0,0.0,88,,,1006.9,,,,,,,,,1001.7,,,21.0,,,,23.1,,,,,,,,,,,,,,10,10,8.1,12.4,,10,,,9.9,
2006-05-29 06:00:00,,,,,0.0,,,,,0.0,0.0,87,,,1007.1,,,,,,,,,1001.9,0.0,,20.7,,,,22.9,,,,,,,,,,,,,,10,360,9.8,13.8,,10,,,9.8,
2006-05-29 07:00:00,,,,,0.0,,,,,5.5,0.5,96,,,1008.0,,,,,,,,,1002.8,0.0,,21.7,,,,22.4,,,,,,,,,,,,,,10,20,9.2,13.8,,10,,,10.8,
2006-05-29 08:00:00,,10.0,,,0.0,,,,,0.0,0.0,98,,,1008.4,,,,,,,,,1003.2,0.0,,22.0,,,,22.4,,,,,,,,,,20.0,,,,360,360,9.9,13.4,,360,,,9.9,
2006-05-29 09:00:00,,10.0,,,0.0,,,,,0.0,0.0,96,,,1008.6,,,,,,,,,1003.4,0.0,,22.1,,,,22.8,,,,,,,,,,25.0,,,,10,10,8.4,13.1,,10,,,10.1,
2006-05-29 10:00:00,,,,,0.0,,,,,4.5,0.8,98,,,1009.1,,,,,,,,,1003.9,0.0,,22.0,,,,22.4,,,,,,,,,,,,,,20,20,6.1,12.3,,10,,,9.7,
2006-05-29 11:00:00,,10.0,,,0.23,,,,,5.0,1.0,96,,,1009.3,,,,,,,,,1004.1,0.0,,22.1,,,,22.7,,,,,,,,,,6.0,,,,20,30,6.7,9.1,,20,,,7.2,
2006-05-29 12:00:00,,,,,0.25,,,,,14.0,1.0,95,,,1008.7,,,,,,,,,1003.5,0.0,,22.2,,,,23.1,,,,,,,,,,,,,,10,360,7.8,10.6,,360,,,8.2,
2006-05-29 13:00:00,,,,,0.59,,,,,1.0,0.9,98,,,1008.5,,,,,,,,,1003.3,0.0,,22.8,,,,23.1,,,,,,,,,,,,,,10,360,6.0,9.9,,10,,,7.9,
2006-05-29 14:00:00,,10.0,,,0.35,,,,,0.0,0.0,91,,,1008.4,,,,,,,,,1003.2,0.0,,21.2,,,,22.8,,,,,,,,,,25.0,,,,10,10,6.1,8.3,,10,,,6.3,
2006-05-29 15:00:00,,,,,0.01,,,,,0.5,0.8,88,,,1008.3,,,,,,,,,1003.1,0.0,,20.7,,,,22.8,,,,,,,,,,,,,,10,10,6.8,10.1,,360,,,7.6,
2006-05-29 16:00:00,,,,,0.09,,,,,0.5,0.1,84,,,1008.0,,,,,,,,,1002.8,0.0,,20.5,,,,23.3,,,,,,,,,,,,,,10,10,6.3,8.9,,10,,,7.1,
2006-05-29 17:00:00,,10.0,,,0.0,,,,,0.5,0.4,88,,,1008.5,,,,,,,,,1003.3,0.0,,20.7,,,,22.7,,,,,,,,,,6.0,,,,10,360,6.4,9.0,,360,,,7.1,
2006-05-29 18:00:00,,,,,0.0,,,,,0.2,0.1,88,,,1008.5,,,,,,,,,1003.3,0.0,,21.0,,,,23.1,,,,,,,,,,,,,,30,10,4.2,8.1,,10,,,6.5,
2006-05-29 19:00:00,,,,,0.0,,,,,0.0,0.0,86,,,1009.1,,,,,,,,,1003.9,0.0,,20.7,,,,23.2,,,,,,,,,,,,,,20,20,5.5,7.6,,20,,,5.8,
2006-05-29 20:00:00,,,,,0.0,,,,,0.0,0.0,87,,,1009.3,,,,,,,,,1004.1,,,21.0,,,,23.2,,,,,,,,,,,,,,30,10,4.6,6.9,,20,,,5.6,
2006-05-29 21:00:00,,,,,0.0,,,,,0.0,0.0,86,,,1009.8,,,,,,,,,1004.6,,,21.2,,,,23.7,,,,,,,,,,,,,,50,10,4.4,6.9,,20,,,5.6,
2006-05-29 22:00:00,,,,,0.0,,,,,0.0,0.0,86,,,1009.7,,,,,,,,,1004.5,,,21.2,,,,23.7,,,,,,,,,,,,,,50,50,5.6,7.5,,50,,,5.9,
2006-05-29 23:00:00,,,,,0.0,,,,,0.0,0.0,84,,,1010.4,,,,,,,,,1005.2,,,20.7,,,,23.6,,,,,,,,,,,,,,30,40,5.5,7.6,,50,,,6.0,
2006-05-30 00:00:00,,,,,0.0,,,,,0.0,0.0,83,,,1010.1,,,,,,,,,1004.9,,,20.7,,,,23.7,,,,,,,,,,,,,,40,20,5.5,7.6,,30,,,5.9,
2006-05-30 01:00:00,,,,,0.0,,,,,0.0,0.0,84,,,1010.0,,,,,,,,,1004.8,,,20.4,,,,23.3,,,,,,,,,,,,,,30,50,5.5,8.7,,40,,,6.2,
2006-05-30 02:00:00,,,,,0.0,,,,,0.0,0.0,84,,,1009.4,,,,,,,,,1004.2,,,20.2,,,,23.0,,,,,,,,,,,,,,30,30,5.7,8.4,,30,,,6.3,
2006-05-30 03:00:00,,,,,0.0,,,,,0.0,0.0,83,,,1009.0,,,,,,,,,1003.8,,,20.3,,,,23.4,,,,,,,,,,,,,,30,20,4.7,7.7,,30,,,6.0,
2006-05-30 04:00:00,,,,,0.0,,,,,0.0,0.0,82,,,1008.8,,,,,,,,,1003.6,,,20.1,,,,23.3,,,,,,,,,,,,,,30,20,5.3,7.6,,20,,,5.9,
2006-05-30 05:00:00,,,,,0.0,,,,,0.0,0.0,86,,,1009.0,,,,,,,,,1003.8,,,20.4,,,,22.8,,,,,,,,,,,,,,60,50,6.6,9.0,,60,,,7.5,
2006-05-30 06:00:00,,,,,0.0,,,,,0.0,0.0,85,,,1009.2,,,,,,,,,1004.0,0.0,,20.7,,,,23.3,,,,,,,,,,,,,,50,60,6.1,7.8,,60,,,6.8,
2006-05-30 07:00:00,,,,,0.0,,,,,0.0,0.0,85,,,1009.4,,,,,,,,,1004.2,0.0,,20.8,,,,23.4,,,,,,,,,,,,,,50,50,5.7,8.0,,50,,,6.5,
2006-05-30 08:00:00,,10.0,,,0.17,,,,,0.0,0.0,85,,,1010.2,,,,,,,,,1005.0,0.0,,21.3,,,,24.0,,,,,,,,,,25.0,,,,30,60,4.3,6.9,,50,,,5.8,
2006-05-30 09:00:00,,10.0,,,0.19,,,,,0.0,0.0,83,,,1010.8,,,,,,,,,1005.6,0.0,,21.6,,,,24.7,,,,,,,,,,25.0,,,,30,20,3.8,5.5,,30,,,4.4,
2006-05-30 10:00:00,,,,,0.52,,,,,0.0,0.0,82,,,1010.9,,,,,,,,,1005.7,0.0,,21.4,,,,24.6,,,,,,,,,,,,,,20,20,5.3,7.0,,20,,,5.3,
2006-05-30 11:00:00,,9.0,,,1.26,,,,,0.0,0.0,84,,,1010.7,,,,,,,,,1005.5,0.0,,22.2,,,,25.0,,,,,,,,,,15.0,,,,10,360,6.7,8.7,,10,,,6.7,
2006-05-30 12:00:00,,,,,1.84,,,,,0.0,0.0,83,,,1010.3,,,,,,,,,1005.1,0.1,,23.2,,,,26.3,,,,,,,,,,,,,,30,20,5.6,8.3,,20,,,6.8,
2006-05-30 13:00:00,,,,,0.64,,,,,0.0,0.0,84,,,1009.7,,,,,,,,,1004.5,0.0,,21.9,,,,24.8,,,,,,,,,,,,,,60,70,6.1,8.1,,60,,,6.4,
2006-05-30 14:00:00,,10.0,,,0.33,,,,,3.5,0.9,87,,,1009.7,,,,,,,,,1004.5,0.0,,22.3,,,,24.6,,,,,,,,,,6.0,,,,80,70,4.6,7.6,,60,,,6.2,
2006-05-30 15:00:00,,,,,0.75,,,,,0.5,0.3,91,,,1009.3,,,,,,,,,1004.1,0.0,,23.9,,,,25.5,,,,,,,,,,,,,,150,90,3.6,6.6,,90,,,5.2,
2006-05-30 16:00:00,,,,,0.8,,,,,0.0,0.0,88,,,1009.0,,,,,,,,,1003.8,0.1,,23.5,,,,25.6,,,,,,,,,,,,,,150,150,5.2,6.8,,150,,,5.2,
2006-05-30 17:00:00,,10.0,,,0.17,,,,,1.5,0.4,87,,,1009.4,,,,,,,,,1004.2,0.0,,23.4,,,,25.7,,,,,,,,,,6.0,,,,170,180,5.0,8.8,,170,,,6.1,
2006-05-30 18:00:00,,,,,0.0,,,,,0.5,0.2,89,,,1009.6,,,,,,,,,1004.4,0.0,,22.0,,,,23.9,,,,,,,,,,,,,,350,360,7.4,11.2,,350,,,7.4,
2006-05-30 19:00:00,,,,,0.0,,,,,0.5,0.3,86,,,1010.1,,,,,,,,,1004.9,0.0,,21.3,,,,23.7,,,,,,,,,,,,,,10,10,9.3,12.8,,10,,,9.7,
2006-05-30 20:00:00,,,,,0.0,,,,,0.0,0.0,88,,,1010.4,,,,,,,,,1005.2,,,22.4,,,,24.6,,,,,,,,,,,,,,20,360,7.8,11.3,,10,,,9.3,
2006-05-30 21:00:00,,,,,0.0,,,,,0.0,0.0,89,,,1010.8,,,,,,,,,1005.6,,,22.4,,,,24.4,,,,,,,,,,,,,,30,30,5.2,10.3,,20,,,8.1,
2006-05-30 22:00:00,,,,,0.0,,,,,0.0,0.0,88,,,1010.9,,,,,,,,,1005.7,,,22.6,,,,24.7,,,,,,,,,,,,,,50,20,5.3,6.8,,30,,,5.3,
2006-05-30 23:00:00,,,,,0.0,,,,,0.0,0.0,87,,,1011.1,,,,,,,,,1005.9,,,23.1,,,,25.4,,,,,,,,,,,,,,80,50,2.4,6.6,,50,,,5.7,
2006-05-31 00:00:00,,,,,0.0,,,,,0.0,0.0,87,,,1010.9,,,,,,,,,1005.7,,,23.3,,,,25.6,,,,,,,,,,,,,,0,80,0.1,2.8,,80,,,2.4,
2006-05-31 01:00:00,,,,,0.0,,,,,0.0,0.0,87,,,1010.4,,,,,,,,,1005.2,,,23.4,,,,25.8,,,,,,,,,,,,,,180,190,2.3,3.4,,180,,,2.3,
2006-05-31 02:00:00,,,,,0.0,,,,,0.0,0.0,86,,,1010.3,,,,,,,,,1005.1,,,23.6,,,,26.1,,,,,,,,,,,,,,190,190,4.3,5.7,,190,,,4.3,
2006-05-31 03:00:00,,,,,0.0,,,,,0.0,0.0,88,,,1009.8,,,,,,,,,1004.6,,,24.1,,,,26.3,,,,,,,,,,,,,,170,200,2.9,5.3,,190,,,4.2,
2006-05-31 04:00:00,,,,,0.0,,,,,0.0,0.0,89,,,1009.7,,,,,,,,,1004.5,,,24.4,,,,26.4,,,,,,,,,,,,,,180,170,2.7,5.0,,180,,,3.5,
2006-05-31 05:00:00,,,,,0.0,,,,,0.0,0.0,89,,,1009.8,,,,,,,,,1004.6,,,24.3,,,,26.3,,,,,,,,,,,,,,0,180,0.0,3.2,,180,,,2.7,
2006-05-31 06:00:00,,,,,0.0,,,,,0.0,0.0,90,,,1009.8,,,,,,,,,1004.6,0.0,,24.5,,,,26.3,,,,,,,,,,,,,,210,200,0.9,3.2,,200,,,2.0,
2006-05-31 07:00:00,,,,,0.0,,,,,0.0,0.0,90,,,1010.6,,,,,,,,,1005.4,0.0,,24.6,,,,26.4,,,,,,,,,,,,,,240,190,0.9,5.2,,190,,,4.1,
2006-05-31 08:00:00,,8.0,,,0.45,,,,,0.0,0.0,89,,,1010.8,,,,,,,,,1005.6,0.0,,25.0,,,,26.9,,,,,,,,,,25.0,,,,190,200,4.7,7.0,,190,,,4.7,
2006-05-31 09:00:00,,10.0,,,0.64,,,,,0.5,0.2,89,,,1011.0,,,,,,,,,1005.8,0.0,,24.3,,,,26.3,,,,,,,,,,15.0,,,,220,200,2.3,6.6,,190,,,5.3,
2006-05-31 10:00:00,,,,,0.96,,,,,1.5,0.2,87,,,1011.0,,,,,,,,,1005.8,0.1,,24.9,,,,27.3,,,,,,,,,,,,,,200,190,4.1,6.5,,200,,,4.5,
2006-05-31 11:00:00,,6.0,,,2.13,,,,,0.0,0.0,84,,,1010.6,,,,,,,,,1005.5,0.5,,25.4,,,,28.3,,,,,,,,,,25.0,,,,190,200,4.2,5.7,,190,,,4.3,
2006-05-31 12:00:00,,,,,2.19,,,,,0.0,0.0,83,,,1010.3,,,,,,,,,1005.2,0.7,,25.5,,,,28.7,,,,,,,,,,,,,,190,180,5.6,8.0,,190,,,5.9,
2006-05-31 13:00:00,,,,,2.34,,,,,0.0,0.0,83,,,1010.2,,,,,,,,,1005.1,0.8,,25.8,,,,29.0,,,,,,,,,,,,,,190,200,5.5,7.7,,190,,,5.9,
2006-05-31 14:00:00,,6.0,,,1.76,,,,,0.0,0.0,83,,,1009.8,,,,,,,,,1004.7,0.5,,26.1,,,,29.2,,,,,,,,,,25.0,,,,190,190,6.1,7.3,,190,,,6.2,
2006-05-31 15:00:00,,,,,1.42,,,,,0.0,0.0,87,,,1009.5,,,,,,,,,1004.4,0.4,,25.8,,,,28.2,,,,,,,,,,,,,,220,200,4.5,7.4,,190,,,6.1,
2006-05-31 16:00:00,,,,,0.96,,,,,0.0,0.0,86,,,1009.7,,,,,,,,,1004.6,0.1,,25.2,,,,27.8,,,,,,,,,,,,,,230,230,5.8,7.7,,230,,,5.8,
2006-05-31 17:00:00,,6.0,,,0.35,,,,,0.0,0.0,82,,,1010.1,,,,,,,,,1004.9,0.1,,23.1,,,,26.4,,,,,,,,,,25.0,,,,230,210,5.2,9.1,,230,,,6.7,
2006-05-31 18:00:00,,,,,0.47,,,,,0.0,0.0,86,,,1010.1,,,,,,,,,1004.9,0.4,,24.2,,,,26.8,,,,,,,,,,,,,,230,230,3.2,6.1,,230,,,5.1,
2006-05-31 19:00:00,,,,,0.0,,,,,0.0,0.0,88,,,1010.6,,,,,,,,,1005.4,0.0,,24.1,,,,26.3,,,,,,,,,,,,,,210,240,3.2,3.9,,230,,,3.3,
2006-05-31 20:00:00,,,,,0.0,,,,,0.0,0.0,88,,,1010.9,,,,,,,,,1005.7,,,23.9,,,,26.1,,,,,,,,,,,,,,250,220,2.0,3.9,,220,,,3.2,
2006-05-31 21:00:00,,,,,0.0,,,,,0.0,0.0,89,,,1011.2,,,,,,,,,1006.0,,,24.2,,,,26.2,,,,,,,,,,,,,,200,230,2.0,3.2,,230,,,2.6,
2006-05-31 22:00:00,,,,,0.0,,,,,0.0,0.0,91,,,1011.6,,,,,,,,,1006.4,,,24.9,,,,26.5,,,,,,,,,,,,,,200,210,3.6,4.5,,190,,,3.7,
2006-05-31 23:00:00,,,,,0.0,,,,,0.0,0.0,88,,,1011.6,,,,,,,,,1006.4,,,25.0,,,,27.2,,,,,,,,,,,,,,190,200,3.7,5.7,,190,,,4.6,
2006-06-01 00:00:00,,,,,0.0,,,,,0.0,0.0,88,,,1011.0,,,,,,,,,1005.8,,,25.1,,,,27.2,,,,,,,,,,,,,,190,190,4.5,6.9,,190,,,4.9,
2006-06-01 01:00:00,,,,,0.0,,,,,0.0,0.0,89,,,1010.4,,,,,,,,,1005.2,,,25.2,,,,27.1,,,,,,,,,,,,,,180,170,4.9,7.1,,190,,,5.4,
2006-06-01 02:00:00,,,,,0.0,,,,,0.0,0.0,87,,,1009.7,,,,,,,,,1004.5,,,25.0,,,,27.3,,,,,,,,,,,,,,180,180,5.1,7.3,,180,,,5.6,
2006-06-01 03:00:00,,,,,0.0,,,,,0.0,0.0,87,,,1009.5,,,,,,,,,1004.3,,,24.9,,,,27.2,,,,,,,,,,,,,,180,180,5.0,8.1,,180,,,5.8,
2006-06-01 04:00:00,,,,,0.0,,,,,0.0,0.0,88,,,1009.4,,,,,,,,,1004.2,,,25.1,,,,27.2,,,,,,,,,,,,,,180,170,5.2,7.6,,180,,,5.3,
2006-06-01 05:00:00,,,,,0.0,,,,,0.0,0.0,89,,,1009.4,,,,,,,,,1004.2,,,25.0,,,,27.0,,,,,,,,,,,,,,170,170,5.9,7.7,,170,,,5.9,
2006-06-01 06:00:00,,,,,0.0,,,,,0.0,0.0,89,,,1009.7,,,,,,,,,1004.5,0.0,,25.0,,,,27.0,,,,,,,,,,,,,,180,210,5.3,9.5,,170,,,6.1,
2006-06-01 07:00:00,,,,,0.0,,,,,0.0,0.0,88,,,1009.9,,,,,,,,,1004.7,0.0,,24.9,,,,27.1,,,,,,,,,,,,,,180,180,5.7,9.5,,180,,,6.6,
2006-06-01 08:00:00,,5.0,,,0.55,,,,,0.0,0.0,88,,,1010.2,,,,,,,,,1005.0,0.0,,25.2,,,,27.4,,,,,,,,,,25.0,,,,190,200,5.7,8.3,,190,,,6.2,
2006-06-01 09:00:00,,6.0,,,0.75,,,,,0.0,0.0,87,,,1010.4,,,,,,,,,1005.2,0.0,,25.4,,,,27.8,,,,,,,,,,25.0,,,,190,200,5.4,8.3,,190,,,5.6,
2006-06-01 10:00:00,,,,,1.75,,,,,0.0,0.0,84,,,1010.3,,,,,,,,,1005.2,0.6,,25.4,,,,28.3,,,,,,,,,,,,,,190,200,6.9,8.7,,190,,,6.9,
2006-06-01 11:00:00,,5.0,,,2.12,,,,,0.0,0.0,85,,,1010.0,,,,,,,,,1004.9,0.8,,25.8,,,,28.5,,,,,,,,,,25.0,,,,210,200,6.4,7.6,,190,,,6.8,
2006-06-01 12:00:00,,,,,1.91,,,,,0.0,0.0,84,,,1009.4,,,,,,,,,1004.3,0.6,,25.7,,,,28.6,,,,,,,,,,,,,,210,220,6.8,8.1,,210,,,7.0,
2006-06-01 13:00:00,,,,,2.14,,,,,0.0,0.0,85,,,1009.0,,,,,,,,,1003.9,0.6,,25.4,,,,28.2,,,,,,,,,,,,,,220,210,7.9,9.9,,210,,,8.1,
2006-06-01 14:00:00,,6.0,,,1.87,,,,,0.0,0.0,84,,,1008.7,,,,,,,,,1003.6,0.4,,25.3,,,,28.2,,,,,,,,,,25.0,,,,220,220,8.9,11.1,,220,,,9.0,
2006-06-01 15:00:00,,,,,1.06,,,,,0.0,0.0,85,,,1008.6,,,,,,,,,1003.5,0.1,,25.1,,,,27.9,,,,,,,,,,,,,,220,220,8.0,11.1,,220,,,9.4,
2006-06-01 16:00:00,,,,,1.03,,,,,0.0,0.0,85,,,1008.4,,,,,,,,,1003.3,0.4,,25.3,,,,28.1,,,,,,,,,,,,,,220,230,7.6,10.2,,230,,,8.3,
2006-06-01 17:00:00,,7.0,,,0.57,,,,,0.0,0.0,86,,,1008.4,,,,,,,,,1003.3,0.1,,24.9,,,,27.4,,,,,,,,,,25.0,,,,220,220,6.8,9.2,,220,,,7.9,
2006-06-01 18:00:00,,,,,0.0,,,,,0.0,0.0,86,,,1008.8,,,,,,,,,1003.6,0.0,,24.8,,,,27.3,,,,,,,,,,,,,,210,210,6.5,8.8,,210,,,7.0,
2006-06-01 19:00:00,,,,,0.0,,,,,0.0,0.0,86,,,1009.3,,,,,,,,,1004.1,0.0,,24.4,,,,26.9,,,,,,,,,,,,,,220,210,6.1,7.8,,220,,,6.6,
2006-06-01 20:00:00,,,,,0.0,,,,,0.0,0.0,87,,,1009.6,,,,,,,,,1004.4,,,24.5,,,,26.8,,,,,,,,,,,,,,210,220,5.7,7.9,,220,,,6.5,
2006-06-01 21:00:00,,,,,0.0,,,,,0.0,0.0,86,,,1009.8,,,,,,,,,1004.6,,,24.5,,,,27.1,,,,,,,,,,,,,,210,210,5.9,7.6,,210,,,5.9,
2006-06-01 22:00:00,,,,,0.0,,,,,0.0,0.0,86,,,1010.0,,,,,,,,,1004.8,,,24.7,,,,27.2,,,,,,,,,,,,,,200,220,5.2,7.3,,210,,,6.1,
2006-06-01 23:00:00,,,,,0.0,,,,,0.0,0.0,87,,,1010.0,,,,,,,,,1004.8,,,24.9,,,,27.3,,,,,,,,,,,,,,200,200,6.2,8.2,,200,,,6.2,
2006-06-02 00:00:00,,,,,0.0,,,,,0.0,0.0,86,,,1009.6,,,,,,,,,1004.4,,,24.8,,,,27.3,,,,,,,,,,,,,,210,210,8.1,10.3,,210,,,8.1,
2006-06-02 01:00:00,,,,,0.0,,,,,0.0,0.0,87,,,1008.7,,,,,,,,,1003.5,,,24.9,,,,27.2,,,,,,,,,,,,,,220,220,9.1,11.4,,220,,,9.2,
2006-06-02 02:00:00,,,,,0.0,,,,,0.0,0.0,87,,,1008.4,,,,,,,,,1003.2,,,24.8,,,,27.2,,,,,,,,,,,,,,230,220,9.3,11.4,,230,,,9.6,
2006-06-02 03:00:00,,,,,0.0,,,,,0.0,0.0,87,,,1008.3,,,,,,,,,1003.2,,,24.9,,,,27.3,,,,,,,,,,,,,,230,220,8.6,13.8,,230,,,11.0,
2006-06-02 04:00:00,,,,,0.0,,,,,0.0,0.0,88,,,1008.1,,,,,,,,,1002.9,,,24.2,,,,26.3,,,,,,,,,,,,,,260,240,6.7,10.9,,240,,,8.7,
2006-06-02 05:00:00,,,,,0.0,,,,,0.0,0.0,87,,,1008.3,,,,,,,,,1003.1,,,23.6,,,,26.0,,,,,,,,,,,,,,260,240,4.5,11.4,,250,,,7.8,
2006-06-02 06:00:00,,,,,0.0,,,,,0.0,0.0,90,,,1009.2,,,,,,,,,1004.0,0.0,,24.3,,,,26.1,,,,,,,,,,,,,,270,260,5.3,7.0,,260,,,5.3,
2006-06-02 07:00:00,,,,,0.14,,,,,0.5,0.2,85,,,1009.5,,,,,,,,,1004.3,0.0,,23.4,,,,26.1,,,,,,,,,,,,,,260,260,5.1,10.3,,260,,,7.7,
2006-06-02 08:00:00,,10.0,,,0.33,,,,,1.0,0.4,92,,,1010.1,,,,,,,,,1004.9,0.0,,23.5,,,,24.9,,,,,,,,,,15.0,,,,270,280,7.0,9.3,,280,,,7.5,
2006-06-02 09:00:00,,10.0,,,0.2,,,,,0.5,0.5,91,,,1010.4,,,,,,,,,1005.2,0.0,,23.6,,,,25.1,,,,,,,,,,10.0,,,,260,260,7.6,11.6,,260,,,8.1,
2006-06-02 10:00:00,,,,,0.55,,,,,1.5,0.8,96,,,1010.3,,,,,,,,,1005.1,0.0,,23.7,,,,24.4,,,,,,,,,,,,,,250,280,6.3,10.8,,270,,,8.7,
2006-06-02 11:00:00,,10.0,,,0.57,,,,,1.5,1.0,96,,,1010.4,,,,,,,,,1005.2,0.0,,23.7,,,,24.4,,,,,,,,,,12.0,,,,270,250,5.8,11.0,,270,,,8.3,
2006-06-02 12:00:00,,,,,0.86,,,,,0.5,0.4,91,,,1010.2,,,,,,,,,1005.0,0.0,,24.7,,,,26.2,,,,,,,,,,,,,,250,250,4.1,7.7,,270,,,5.7,
2006-06-02 13:00:00,,,,,1.46,,,,,0.0,0.0,84,,,1009.7,,,,,,,,,1004.6,0.0,,25.0,,,,27.9,,,,,,,,,,,,,,260,250,3.8,6.0,,260,,,4.5,
2006-06-02 14:00:00,,9.0,,,1.85,,,,,0.0,0.0,82,,,1009.3,,,,,,,,,1004.2,0.5,,24.6,,,,27.9,,,,,,,,,,20.0,,,,270,260,5.0,8.4,,250,,,5.6,
2006-06-02 15:00:00,,,,,0.9,,,,,0.0,0.0,84,,,1009.1,,,,,,,,,1003.9,0.0,,24.5,,,,27.4,,,,,,,,,,,,,,270,280,3.3,6.0,,270,,,4.9,
2006-06-02 16:00:00,,,,,0.6,,,,,0.0,0.0,85,,,1009.0,,,,,,,,,1003.8,0.0,,24.1,,,,26.8,,,,,,,,,,,,,,280,280,3.0,4.5,,280,,,3.5,
2006-06-02 17:00:00,,10.0,,,0.19,,,,,0.0,0.0,88,,,1008.8,,,,,,,,,1003.6,0.0,,23.3,,,,25.5,,,,,,,,,,15.0,,,,10,10,5.3,6.6,,10,,,5.3,
2006-06-02 18:00:00,,,,,0.14,,,,,0.0,0.0,89,,,1009.5,,,,,,,,,1004.3,0.0,,23.0,,,,25.0,,,,,,,,,,,,,,30,20,4.9,6.9,,20,,,5.5,
2006-06-02 19:00:00,,,,,0.0,,,,,0.0,0.0,88,,,1009.6,,,,,,,,,1004.4,0.0,,22.7,,,,24.9,,,,,,,,,,,,,,30,30,5.0,7.1,,20,,,5.9,
2006-06-02 20:00:00,,,,,0.0,,,,,0.0,0.0,88,,,1009.9,,,,,,,,,1004.7,,,23.0,,,,25.2,,,,,,,,,,,,,,50,40,4.8,6.1,,30,,,5.1,
2006-06-02 21:00:00,,,,,0.0,,,,,0.0,0.0,88,,,1010.4,,,,,,,,,1005.2,,,23.4,,,,25.5,,,,,,,,,,,,,,70,60,3.6,6.1,,60,,,5.2,
2006-06-02 22:00:00,,,,,0.0,,,,,0.0,0.0,88,,,1011.0,,,,,,,,,1005.8,,,23.7,,,,25.9,,,,,,,,,,,,,,120,80,2.5,4.5,,70,,,3.6,
2006-06-02 23:00:00,,,,,0.0,,,,,0.0,0.0,87,,,1011.0,,,,,,,,,1005.8,,,23.9,,,,26.2,,,,,,,,,,,,,,160,160,2.8,3.7,,160,,,2.8,
2006-06-03 00:00:00,,,,,0.0,,,,,0.0,0.0,88,,,1010.3,,,,,,,,,1005.1,,,24.2,,,,26.4,,,,,,,,,,,,,,170,170,4.0,5.6,,170,,,4.1,
2006-06-03 01:00:00,,,,,0.0,,,,,0.0,0.0,86,,,1009.5,,,,,,,,,1004.3,,,24.0,,,,26.5,,,,,,,,,,,,,,200,170,3.5,4.7,,180,,,3.9,
2006-06-03 02:00:00,,,,,0.0,,,,,0.0,0.0,84,,,1009.0,,,,,,,,,1003.8,,,23.6,,,,26.5,,,,,,,,,,,,,,230,210,4.9,6.1,,220,,,4.9,
2006-06-03 03:00:00,,,,,0.0,,,,,0.0,0.0,87,,,1008.9,,,,,,,,,1003.7,,,24.2,,,,26.5,,,,,,,,,,,,,,260,240,4.5,7.7,,230,,,6.6,
2006-06-03 04:00:00,,,,,0.0,,,,,0.0,0.0,90,,,1008.9,,,,,,,,,1003.7,,,23.9,,,,25.7,,,,,,,,,,,,,,350,250,4.0,6.6,,260,,,5.0,
2006-06-03 05:00:00,,,,,0.0,,,,,0.0,0.0,89,,,1009.0,,,,,,,,,1003.8,,,23.4,,,,25.4,,,,,,,,,,,,,,360,350,4.5,6.4,,350,,,4.8,
2006-06-03 06:00:00,,,,,0.0,,,,,0.0,0.0,89,,,1009.5,,,,,,,,,1004.3,0.0,,22.9,,,,24.9,,,,,,,,,,,,,,10,360,4.3,6.6,,360,,,5.1,
2006-06-03 07:00:00,,,,,0.03,,,,,0.0,0.0,88,,,1010.1,,,,,,,,,1004.9,0.0,,23.0,,,,25.1,,,,,,,,,,,,,,20,20,4.2,6.0,,10,,,4.5,
2006-06-03 08:00:00,,9.0,,,0.7,,,,,0.0,0.0,86,,,1010.2,,,,,,,,,1005.0,0.4,,23.8,,,,26.3,,,,,,,,,,20.0,,,,20,10,3.7,6.0,,20,,,4.7,
2006-06-03 09:00:00,,9.0,,,1.09,,,,,0.0,0.0,84,,,1010.4,,,,,,,,,1005.2,0.4,,24.0,,,,27.0,,,,,,,,,,20.0,,,,20,20,3.7,4.7,,20,,,3.9,
2006-06-03 10:00:00,,,,,1.5,,,,,0.0,0.0,83,,,1010.3,,,,,,,,,1005.2,0.6,,25.0,,,,28.1,,,,,,,,,,,,,,40,50,3.7,5.0,,20,,,3.8,
2006-06-03 11:00:00,,10.0,,,0.62,,,,,0.0,0.0,84,,,1010.5,,,,,,,,,1005.3,0.1,,24.3,,,,27.3,,,,,,,,,,20.0,,,,80,40,0.9,5.0,,40,,,3.8,
2006-06-03 12:00:00,,,,,1.15,,,,,0.0,0.0,84,,,1010.3,,,,,,,,,1005.1,0.0,,24.9,,,,27.8,,,,,,,,,,,,,,150,150,3.9,5.5,,150,,,3.9,
2006-06-03 13:00:00,,,,,0.82,,,,,0.0,0.0,86,,,1009.9,,,,,,,,,1004.7,0.0,,23.7,,,,26.2,,,,,,,,,,,,,,180,200,5.6,9.9,,180,,,5.6,
2006-06-03 14:00:00,,10.0,,,0.0,,,,,9.0,0.8,90,,,1009.8,,,,,,,,,1004.6,0.0,,22.3,,,,24.1,,,,,,,,,,6.0,,,,240,190,5.9,13.0,,190,,,9.8,
2006-06-03 15:00:00,,,,,0.0,,,,,0.5,1.0,92,,,1009.5,,,,,,,,,1004.3,0.0,,22.9,,,,24.3,,,,,,,,,,,,,,230,240,3.9,7.2,,240,,,5.9,
2006-06-03 16:00:00,,,,,0.0,,,,,0.5,1.0,94,,,1009.2,,,,,,,,,1004.0,0.0,,23.4,,,,24.4,,,,,,,,,,,,,,200,210,4.4,6.6,,220,,,4.7,
2006-06-03 17:00:00,,10.0,,,0.0,,,,,0.5,0.3,97,,,1009.6,,,,,,,,,1004.4,0.0,,24.0,,,,24.5,,,,,,,,,,20.0,,,,170,190,4.5,6.3,,190,,,5.2,
2006-06-03 18:00:00,,,,,0.0,,,,,0.0,0.0,92,,,1009.9,,,,,,,,,1004.7,0.0,,23.8,,,,25.2,,,,,,,,,,,,,,160,160,4.8,7.0,,160,,,5.3,
2006-06-03 19:00:00,,,,,0.0,,,,,0.0,0.0,90,,,1009.8,,,,,,,,,1004.6,0.0,,23.7,,,,25.4,,,,,,,,,,,,,,160,150,4.8,7.1,,150,,,5.5,
2006-06-03 20:00:00,,,,,0.0,,,,,0.0,0.0,91,,,1009.7,,,,,,,,,1004.5,,,23.7,,,,25.3,,,,,,,,,,,,,,160,160,4.0,6.3,,160,,,4.9,
2006-06-03 21:00:00,,,,,0.0,,,,,0.0,0.0,89,,,1009.5,,,,,,,,,1004.3,,,23.7,,,,25.7,,,,,,,,,,,,,,160,160,4.0,6.1,,160,,,4.7,
2006-06-03 22:00:00,,,,,0.0,,,,,0.0,0.0,90,,,1009.8,,,,,,,,,1004.6,,,24.0,,,,25.7,,,,,,,,,,,,,,150,150,4.2,5.9,,150,,,4.9,
2006-06-03 23:00:00,,,,,0.0,,,,,0.0,0.0,88,,,1009.9,,,,,,,,,1004.7,,,23.7,,,,25.9,,,,,,,,,,,,,,170,170,4.3,5.7,,160,,,4.5,
2006-06-04 00:00:00,,,,,0.0,,,,,0.0,0.0,87,,,1009.6,,,,,,,,,1004.4,,,23.6,,,,26.0,,,,,,,,,,,,,,170,170,5.2,6.9,,170,,,5.3,
2006-06-04 01:00:00,,,,,0.0,,,,,0.0,0.0,88,,,1009.1,,,,,,,,,1003.9,,,23.9,,,,26.1,,,,,,,,,,,,,,190,180,4.7,7.1,,170,,,5.3,
2006-06-04 02:00:00,,,,,0.0,,,,,0.0,0.0,88,,,1008.5,,,,,,,,,1003.3,,,23.8,,,,25.9,,,,,,,,,,,,,,180,190,3.6,7.2,,190,,,5.1,
2006-06-04 03:00:00,,,,,0.0,,,,,0.0,0.0,87,,,1008.0,,,,,,,,,1002.8,,,23.8,,,,26.2,,,,,,,,,,,,,,190,190,4.9,6.5,,190,,,5.2,
2006-06-04 04:00:00,,,,,0.0,,,,,0.0,0.0,87,,,1008.0,,,,,,,,,1002.8,,,23.9,,,,26.3,,,,,,,,,,,,,,190,170,5.8,7.9,,190,,,6.3,
2006-06-04 05:00:00,,,,,0.0,,,,,0.0,0.0,87,,,1008.1,,,,,,,,,1002.9,,,24.0,,,,26.4,,,,,,,,,,,,,,190,190,5.6,7.9,,190,,,6.8,
2006-06-04 06:00:00,,,,,0.0,,,,,0.0,0.0,89,,,1008.3,,,,,,,,,1003.1,0.0,,24.4,,,,26.3,,,,,,,,,,,,,,190,190,5.6,8.4,,190,,,6.2,
2006-06-04 07:00:00,,,,,0.0,,,,,0.0,0.0,89,,,1008.7,,,,,,,,,1003.5,0.0,,24.6,,,,26.5,,,,,,,,,,,,,,180,180,7.1,9.9,,180,,,7.1,
2006-06-04 08:00:00,,10.0,,,0.35,,,,,0.0,0.0,89,,,1009.0,,,,,,,,,1003.8,0.0,,25.1,,,,27.0,,,,,,,,,,30.0,,,,180,180,7.1,10.7,,180,,,7.2,
2006-06-04 09:00:00,,9.0,,,1.05,,,,,0.0,0.0,82,,,1009.0,,,,,,,,,1003.9,0.4,,24.3,,,,27.7,,,,,,,,,,30.0,,,,190,190,9.1,11.8,,190,,,10.1,
2006-06-04 10:00:00,,,,,1.12,,,,,0.0,0.0,85,,,1009.2,,,,,,,,,1004.0,0.2,,24.5,,,,27.3,,,,,,,,,,,,,,190,180,8.2,10.8,,190,,,9.3,
2006-06-04 11:00:00,,10.0,,,0.6,,,,,0.0,0.0,88,,,1009.2,,,,,,,,,1004.0,0.0,,25.0,,,,27.2,,,,,,,,,,30.0,,,,190,180,6.6,10.2,,190,,,8.5,
2006-06-04 12:00:00,,,,,0.6,,,,,0.0,0.0,89,,,1009.2,,,,,,,,,1004.0,0.0,,25.1,,,,27.1,,,,,,,,,,,,,,210,210,7.3,9.1,,210,,,7.7,
2006-06-04 13:00:00,,,,,0.6,,,,,0.0,0.0,88,,,1008.6,,,,,,,,,1003.4,0.0,,25.1,,,,27.2,,,,,,,,,,,,,,200,210,6.3,9.0,,210,,,7.3,
2006-06-04 14:00:00,,10.0,,,0.6,,,,,0.0,0.0,88,,,1008.5,,,,,,,,,1003.3,0.0,,24.9,,,,27.1,,,,,,,,,,30.0,,,,190,210,5.6,8.1,,200,,,6.4,
2006-06-04 15:00:00,,,,,0.39,,,,,0.0,0.0,89,,,1008.1,,,,,,,,,1002.9,0.0,,25.0,,,,27.0,,,,,,,,,,,,,,190,190,4.8,6.8,,190,,,5.6,
2006-06-04 16:00:00,,,,,0.0,,,,,0.0,0.0,90,,,1007.8,,,,,,,,,1002.6,0.0,,25.3,,,,27.0,,,,,,,,,,,,,,180,180,3.7,6.6,,190,,,4.8,
2006-06-04 17:00:00,,10.0,,,0.31,,,,,0.0,0.0,90,,,1007.5,,,,,,,,,1002.4,0.0,,25.4,,,,27.2,,,,,,,,,,30.0,,,,180,170,4.2,5.8,,180,,,4.4,
2006-06-04 18:00:00,,,,,0.0,,,,,0.0,0.0,92,,,1007.7,,,,,,,,,1002.5,0.0,,25.3,,,,26.7,,,,,,,,,,,,,,180,180,4.0,5.9,,180,,,4.5,
2006-06-04 19:00:00,,,,,0.0,,,,,0.0,0.0,94,,,1008.1,,,,,,,,,1002.9,0.0,,25.2,,,,26.3,,,,,,,,,,,,,,180,180,3.8,6.2,,190,,,4.4,
2006-06-04 20:00:00,,,,,0.0,,,,,0.0,0.0,91,,,1008.6,,,,,,,,,1003.4,,,25.0,,,,26.6,,,,,,,,,,,,,,190,180,4.6,6.5,,190,,,4.6,
2006-06-04 21:00:00,,,,,0.0,,,,,0.0,0.0,91,,,1008.9,,,,,,,,,1003.7,,,25.0,,,,26.6,,,,,,,,,,,,,,190,210,5.3,7.4,,190,,,5.5,
2006-06-04 22:00:00,,,,,0.0,,,,,0.0,0.0,92,,,1009.1,,,,,,,,,1003.9,,,25.0,,,,26.4,,,,,,,,,,,,,,190,180,5.4,8.3,,190,,,6.0,
2006-06-04 23:00:00,,,,,0.0,,,,,0.0,0.0,94,,,1009.0,,,,,,,,,1003.8,,,25.2,,,,26.3,,,,,,,,,,,,,,180,180,6.0,8.9,,180,,,6.0,
2006-06-05 00:00:00,,,,,0.0,,,,,0.0,0.0,94,,,1008.5,,,,,,,,,1003.3,,,25.0,,,,26.1,,,,,,,,,,,,,,180,190,5.6,8.5,,190,,,6.1,
2006-06-05 01:00:00,,,,,0.0,,,,,0.0,0.0,90,,,1007.9,,,,,,,,,1002.7,,,24.8,,,,26.5,,,,,,,,,,,,,,190,180,6.2,10.1,,190,,,6.8,
2006-06-05 02:00:00,,,,,0.0,,,,,0.0,0.0,93,,,1007.7,,,,,,,,,1002.5,,,25.0,,,,26.2,,,,,,,,,,,,,,190,200,6.1,9.2,,190,,,6.7,
2006-06-05 03:00:00,,,,,0.0,,,,,0.0,0.0,89,,,1007.7,,,,,,,,,1002.5,,,24.7,,,,26.6,,,,,,,,,,,,,,190,190,8.4,10.6,,190,,,8.4,
2006-06-05 04:00:00,,,,,0.0,,,,,0.0,0.0,90,,,1007.4,,,,,,,,,1002.2,,,24.7,,,,26.4,,,,,,,,,,,,,,190,190,7.1,10.2,,190,,,8.4,
2006-06-05 05:00:00,,,,,0.0,,,,,0.0,0.0,91,,,1007.6,,,,,,,,,1002.4,,,24.8,,,,26.3,,,,,,,,,,,,,,190,190,5.7,9.3,,190,,,7.7,
2006-06-05 06:00:00,,,,,0.0,,,,,0.0,0.0,92,,,1008.0,,,,,,,,,1002.8,0.0,,24.9,,,,26.3,,,,,,,,,,,,,,190,190,4.9,7.4,,190,,,5.7,
2006-06-05 07:00:00,,,,,0.33,,,,,0.0,0.0,88,,,1008.8,,,,,,,,,1003.6,0.1,,24.9,,,,27.0,,,,,,,,,,,,,,190,190,6.2,7.5,,190,,,6.4,
2006-06-05 08:00:00,,10.0,,,0.6,,,,,0.0,0.0,88,,,1009.0,,,,,,,,,1003.8,0.0,,25.0,,,,27.1,,,,,,,,,,30.0,,,,190,200,6.4,8.1,,190,,,6.7,
2006-06-05 09:00:00,,10.0,,,0.76,,,,,0.0,0.0,90,,,1008.9,,,,,,,,,1003.7,0.2,,24.9,,,,26.6,,,,,,,,,,30.0,,,,190,190,6.6,8.7,,190,,,6.9,
2006-06-05 10:00:00,,,,,2.03,,,,,0.0,0.0,86,,,1008.5,,,,,,,,,1003.4,0.9,,25.5,,,,28.1,,,,,,,,,,,,,,200,200,6.7,10.5,,190,,,8.4,
2006-06-05 11:00:00,,8.0,,,2.21,,,,,0.0,0.0,87,,,1008.5,,,,,,,,,1003.4,1.0,,25.8,,,,28.2,,,,,,,,,,30.0,,,,210,220,6.7,10.1,,210,,,7.3,
2006-06-05 12:00:00,,,,,2.07,,,,,0.0,0.0,87,,,1008.1,,,,,,,,,1003.0,0.8,,25.8,,,,28.1,,,,,,,,,,,,,,220,210,7.0,8.4,,220,,,7.1,
2006-06-05 13:00:00,,,,,1.77,,,,,0.0,0.0,87,,,1007.6,,,,,,,,,1002.5,0.5,,25.5,,,,27.8,,,,,,,,,,,,,,210,220,7.4,9.3,,220,,,7.6,
2006-06-05 14:00:00,,9.0,,,1.91,,,,,0.0,0.0,85,,,1007.0,,,,,,,,,1001.9,0.8,,25.2,,,,27.9,,,,,,,,,,30.0,,,,220,220,8.3,10.8,,220,,,9.1,
2006-06-05 15:00:00,,,,,1.42,,,,,0.0,0.0,87,,,1006.9,,,,,,,,,1001.8,0.5,,25.8,,,,28.2,,,,,,,,,,,,,,210,220,6.5,10.1,,220,,,8.4,
2006-06-05 16:00:00,,,,,0.97,,,,,0.0,0.0,88,,,1006.9,,,,,,,,,1001.8,0.5,,25.6,,,,27.8,,,,,,,,,,,,,,210,210,8.0,10.3,,210,,,8.0,
2006-06-05 17:00:00,,10.0,,,0.73,,,,,0.0,0.0,88,,,1006.9,,,,,,,,,1001.8,0.4,,25.1,,,,27.3,,,,,,,,,,30.0,,,,210,210,7.2,10.4,,210,,,8.4,
2006-06-05 18:00:00,,,,,0.0,,,,,0.0,0.0,86,,,1006.8,,,,,,,,,1001.7,0.0,,24.8,,,,27.3,,,,,,,,,,,,,,190,200,7.5,9.8,,200,,,7.5,
2006-06-05 19:00:00,,,,,0.0,,,,,0.0,0.0,86,,,1007.2,,,,,,,,,1002.1,0.0,,24.8,,,,27.3,,,,,,,,,,,,,,190,180,8.4,11.3,,190,,,8.8,
2006-06-05 20:00:00,,,,,0.0,,,,,0.0,0.0,89,,,1007.9,,,,,,,,,1002.7,,,25.0,,,,27.0,,,,,,,,,,,,,,190,190,8.2,10.2,,190,,,8.7,
2006-06-05 21:00:00,,,,,0.0,,,,,0.0,0.0,89,,,1008.3,,,,,,,,,1003.1,,,25.1,,,,27.1,,,,,,,,,,,,,,190,190,7.5,10.8,,190,,,8.4,
2006-06-05 22:00:00,,,,,0.0,,,,,0.0,0.0,88,,,1008.6,,,,,,,,,1003.4,,,25.1,,,,27.2,,,,,,,,,,,,,,190,200,8.9,11.2,,190,,,9.3,
2006-06-05 23:00:00,,,,,0.0,,,,,0.0,0.0,89,,,1008.5,,,,,,,,,1003.3,,,25.2,,,,27.1,,,,,,,,,,,,,,190,190,8.2,10.6,,190,,,8.8,
2006-06-06 00:00:00,,,,,0.0,,,,,0.0,0.0,92,,,1007.8,,,,,,,,,1002.6,,,25.2,,,,26.7,,,,,,,,,,,,,,190,190,8.6,11.1,,190,,,9.4,
2006-06-06 01:00:00,,,,,0.0,,,,,0.0,0.0,91,,,1007.0,,,,,,,,,1001.8,,,25.1,,,,26.7,,,,,,,,,,,,,,200,200,8.0,10.9,,190,,,9.1,
2006-06-06 02:00:00,,,,,0.0,,,,,0.0,0.0,91,,,1006.0,,,,,,,,,1000.9,,,25.1,,,,26.6,,,,,,,,,,,,,,200,190,7.6,11.5,,190,,,8.6,
2006-06-06 03:00:00,,,,,0.0,,,,,0.0,0.0,92,,,1006.1,,,,,,,,,1000.9,,,25.1,,,,26.5,,,,,,,,,,,,,,200,200,8.0,11.3,,200,,,8.6,
2006-06-06 04:00:00,,,,,0.0,,,,,0.0,0.0,92,,,1006.4,,,,,,,,,1001.2,,,25.1,,,,26.5,,,,,,,,,,,,,,200,190,7.8,11.2,,210,,,8.8,
2006-06-06 05:00:00,,,,,0.0,,,,,0.0,0.0,91,,,1007.1,,,,,,,,,1001.9,,,25.1,,,,26.6,,,,,,,,,,,,,,200,200,7.3,10.5,,200,,,8.0,
2006-06-06 06:00:00,,,,,0.0,,,,,0.0,0.0,92,,,1007.6,,,,,,,,,1002.4,0.0,,25.2,,,,26.7,,,,,,,,,,,,,,220,210,7.3,9.9,,210,,,7.6,
2006-06-06 07:00:00,,,,,0.0,,,,,0.0,0.0,91,,,1008.0,,,,,,,,,1002.8,0.0,,25.2,,,,26.8,,,,,,,,,,,,,,220,210,8.4,10.4,,220,,,8.4,
2006-06-06 08:00:00,,10.0,,,0.3,,,,,0.0,0.0,88,,,1007.8,,,,,,,,,1002.7,0.0,,25.0,,,,27.1,,,,,,,,,,20.0,,,,220,220,9.6,12.2,,220,,,10.0,
2006-06-06 09:00:00,,10.0,,,0.6,,,,,0.0,0.0,88,,,1008.2,,,,,,,,,1003.1,0.0,,25.2,,,,27.4,,,,,,,,,,20.0,,,,210,220,8.9,10.9,,220,,,9.5,
2006-06-06 10:00:00,,,,,1.06,,,,,0.0,0.0,87,,,1008.2,,,,,,,,,1003.1,0.0,,25.2,,,,27.5,,,,,,,,,,,,,,210,210,8.4,10.9,,210,,,8.8,
2006-06-06 11:00:00,,9.0,,,1.2,,,,,0.0,0.0,87,,,1007.9,,,,,,,,,1002.8,0.0,,25.3,,,,27.7,,,,,,,,,,18.0,,,,220,220,8.4,10.1,,210,,,8.4,
2006-06-06 12:00:00,,,,,1.57,,,,,0.0,0.0,86,,,1007.5,,,,,,,,,1002.4,0.3,,25.7,,,,28.3,,,,,,,,,,,,,,200,210,7.1,9.9,,220,,,8.4,
2006-06-06 13:00:00,,,,,2.45,,,,,0.0,0.0,85,,,1007.2,,,,,,,,,1002.1,0.9,,25.8,,,,28.5,,,,,,,,,,,,,,200,200,7.3,10.4,,200,,,8.1,
2006-06-06 14:00:00,,10.0,,,1.25,,,,,0.0,0.0,86,,,1006.8,,,,,,,,,1001.7,0.0,,25.6,,,,28.1,,,,,,,,,,15.0,,,,190,190,7.9,10.2,,190,,,7.9,
2006-06-06 15:00:00,,,,,0.78,,,,,0.0,0.0,87,,,1006.5,,,,,,,,,1001.4,0.0,,25.5,,,,27.9,,,,,,,,,,,,,,190,190,7.7,10.4,,190,,,8.5,
2006-06-06 16:00:00,,,,,0.6,,,,,0.0,0.0,88,,,1005.9,,,,,,,,,1000.8,0.0,,25.4,,,,27.5,,,,,,,,,,,,,,190,190,7.7,9.9,,190,,,8.0,
2006-06-06 17:00:00,,10.0,,,0.42,,,,,0.0,0.0,89,,,1006.3,,,,,,,,,1001.2,0.0,,25.4,,,,27.3,,,,,,,,,,15.0,,,,190,190,6.8,10.1,,190,,,8.3,
2006-06-06 18:00:00,,,,,0.0,,,,,0.0,0.0,89,,,1006.4,,,,,,,,,1001.3,0.0,,25.3,,,,27.3,,,,,,,,,,,,,,190,190,8.5,11.7,,190,,,9.4,
2006-06-06 19:00:00,,,,,0.0,,,,,0.0,0.0,90,,,1007.1,,,,,,,,,1002.0,0.0,,25.4,,,,27.1,,,,,,,,,,,,,,200,190,6.8,10.7,,190,,,8.8,
2006-06-06 20:00:00,,,,,0.0,,,,,0.0,0.0,90,,,1007.3,,,,,,,,,1002.2,,,25.3,,,,27.1,,,,,,,,,,,,,,190,190,8.6,10.4,,190,,,8.7,
2006-06-06 21:00:00,,,,,0.0,,,,,0.0,0.0,91,,,1007.7,,,,,,,,,1002.5,,,25.4,,,,27.0,,,,,,,,,,,,,,190,200,8.8,11.4,,190,,,9.3,
2006-06-06 22:00:00,,,,,0.0,,,,,0.0,0.0,91,,,1007.8,,,,,,,,,1002.6,,,25.4,,,,27.0,,,,,,,,,,,,,,200,190,7.8,11.2,,190,,,9.2,
2006-06-06 23:00:00,,,,,0.0,,,,,0.0,0.0,92,,,1007.7,,,,,,,,,1002.5,,,25.4,,,,26.9,,,,,,,,,,,,,,200,190,6.9,11.1,,190,,,8.8,
2006-06-07 00:00:00,,,,,0.0,,,,,0.0,0.0,93,,,1006.9,,,,,,,,,1001.7,,,25.3,,,,26.5,,,,,,,,,,,,,,200,200,8.1,11.8,,200,,,8.1,
2006-06-07 01:00:00,,,,,0.0,,,,,0.0,0.0,93,,,1006.4,,,,,,,,,1001.3,,,25.4,,,,26.7,,,,,,,,,,,,,,190,190,10.0,12.3,,190,,,10.1,
2006-06-07 02:00:00,,,,,0.0,,,,,0.0,0.0,93,,,1006.4,,,,,,,,,1001.2,,,25.2,,,,26.5,,,,,,,,,,,,,,200,190,7.9,11.7,,190,,,9.9,
2006-06-07 03:00:00,,,,,0.0,,,,,0.0,0.0,92,,,1006.2,,,,,,,,,1001.1,,,25.2,,,,26.7,,,,,,,,,,,,,,210,210,8.4,10.3,,210,,,8.4,
2006-06-07 04:00:00,,,,,0.0,,,,,0.0,0.0,91,,,1005.8,,,,,,,,,1000.7,,,25.1,,,,26.7,,,,,,,,,,,,,,210,210,8.7,11.9,,210,,,9.3,
2006-06-07 05:00:00,,,,,0.0,,,,,0.0,0.0,91,,,1005.7,,,,,,,,,1000.6,,,25.1,,,,26.6,,,,,,,,,,,,,,220,220,11.1,13.3,,220,,,11.1,
2006-06-07 06:00:00,,,,,0.0,,,,,0.0,0.0,91,,,1006.2,,,,,,,,,1001.1,0.0,,25.2,,,,26.8,,,,,,,,,,,,,,220,220,10.4,14.2,,220,,,11.7,
2006-06-07 07:00:00,,,,,0.03,,,,,0.0,0.0,93,,,1006.8,,,,,,,,,1001.7,0.0,,25.5,,,,26.8,,,,,,,,,,,,,,220,220,9.4,12.9,,220,,,10.6,
2006-06-07 08:00:00,,9.0,,,0.68,,,,,0.0,0.0,90,,,1007.3,,,,,,,,,1002.2,0.2,,25.7,,,,27.5,,,,,,,,,,20.0,,,,210,210,8.8,11.5,,220,,,9.5,
2006-06-07 09:00:00,,10.0,,,0.73,,,,,0.0,0.0,90,,,1007.7,,,,,,,,,1002.6,0.1,,25.5,,,,27.3,,,,,,,,,,20.0,,,,210,220,8.4,11.0,,210,,,8.9,
2006-06-07 10:00:00,,,,,0.64,,,,,0.0,0.0,89,,,1007.8,,,,,,,,,1002.7,0.0,,25.6,,,,27.5,,,,,,,,,,,,,,210,210,7.7,10.2,,210,,,8.5,
2006-06-07 11:00:00,,10.0,,,0.6,,,,,0.0,0.0,90,,,1007.6,,,,,,,,,1002.5,0.0,,25.4,,,,27.2,,,,,,,,,,20.0,,,,210,210,7.3,9.4,,220,,,7.8,
2006-06-07 12:00:00,,,,,0.61,,,,,0.0,0.0,89,,,1007.3,,,,,,,,,1002.2,0.0,,25.5,,,,27.4,,,,,,,,,,,,,,190,180,7.7,9.6,,190,,,8.1,
2006-06-07 13:00:00,,,,,0.63,,,,,0.0,0.0,89,,,1006.7,,,,,,,,,1001.6,0.0,,25.5,,,,27.5,,,,,,,,,,,,,,190,190,7.6,9.9,,190,,,8.2,
2006-06-07 14:00:00,,10.0,,,1.06,,,,,0.0,0.0,88,,,1006.3,,,,,,,,,1001.2,0.0,,26.0,,,,28.1,,,,,,,,,,20.0,,,,190,190,5.2,8.8,,190,,,7.7,
2006-06-07 15:00:00,,,,,1.11,,,,,0.0,0.0,87,,,1006.0,,,,,,,,,1000.9,0.0,,25.5,,,,27.9,,,,,,,,,,,,,,190,190,6.8,9.5,,190,,,6.8,
2006-06-07 16:00:00,,,,,0.6,,,,,0.0,0.0,88,,,1005.8,,,,,,,,,1000.7,0.0,,25.7,,,,27.9,,,,,,,,,,,,,,180,180,6.6,9.5,,190,,,6.9,
2006-06-07 17:00:00,,10.0,,,0.36,,,,,0.0,0.0,88,,,1005.5,,,,,,,,,1000.4,0.0,,25.3,,,,27.5,,,,,,,,,,20.0,,,,190,200,8.1,11.4,,190,,,8.1,
2006-06-07 18:00:00,,,,,0.0,,,,,0.0,0.0,87,,,1005.7,,,,,,,,,1000.6,0.0,,25.2,,,,27.5,,,,,,,,,,,,,,190,180,8.3,11.7,,190,,,9.7,
2006-06-07 19:00:00,,,,,0.0,,,,,0.0,0.0,90,,,1006.1,,,,,,,,,1001.0,0.0,,25.4,,,,27.1,,,,,,,,,,,,,,200,210,7.7,11.9,,210,,,9.1,
2006-06-07 20:00:00,,,,,0.0,,,,,0.0,0.0,90,,,1006.5,,,,,,,,,1001.4,,,25.4,,,,27.1,,,,,,,,,,,,,,190,190,8.6,12.3,,190,,,9.9,
2006-06-07 21:00:00,,,,,0.0,,,,,0.0,0.0,92,,,1007.0,,,,,,,,,1001.9,,,25.5,,,,27.0,,,,,,,,,,,,,,190,190,8.3,10.8,,190,,,8.6,
2006-06-07 22:00:00,,,,,0.0,,,,,0.0,0.0,92,,,1007.3,,,,,,,,,1002.2,,,25.5,,,,27.0,,,,,,,,,,,,,,190,190,7.8,9.7,,190,,,8.3,
2006-06-07 23:00:00,,,,,0.0,,,,,0.0,0.0,93,,,1007.4,,,,,,,,,1002.2,,,25.5,,,,26.8,,,,,,,,,,,,,,200,200,6.6,10.1,,200,,,7.8,
2006-06-08 00:00:00,,,,,0.0,,,,,0.0,0.0,93,,,1006.8,,,,,,,,,1001.6,,,25.5,,,,26.7,,,,,,,,,,,,,,190,190,8.7,10.9,,190,,,8.7,
2006-06-08 01:00:00,,,,,0.0,,,,,0.0,0.0,93,,,1006.1,,,,,,,,,1001.0,,,25.3,,,,26.6,,,,,,,,,,,,,,200,190,8.2,11.2,,190,,,9.1,
2006-06-08 02:00:00,,,,,0.0,,,,,0.0,0.0,93,,,1005.3,,,,,,,,,1000.2,,,25.3,,,,26.5,,,,,,,,,,,,,,200,210,8.4,12.9,,210,,,9.1,
2006-06-08 03:00:00,,,,,0.0,,,,,0.0,0.0,93,,,1004.8,,,,,,,,,999.7,,,25.2,,,,26.4,,,,,,,,,,,,,,210,210,9.2,11.6,,210,,,9.2,
2006-06-08 04:00:00,,,,,0.0,,,,,0.0,0.0,92,,,1004.7,,,,,,,,,999.6,,,25.2,,,,26.7,,,,,,,,,,,,,,210,210,9.8,12.9,,210,,,10.2,
2006-06-08 05:00:00,,,,,0.0,,,,,0.0,0.0,92,,,1004.4,,,,,,,,,999.3,,,25.2,,,,26.7,,,,,,,,,,,,,,210,210,9.9,12.6,,210,,,10.3,
2006-06-08 06:00:00,,,,,0.0,,,,,0.0,0.0,92,,,1004.5,,,,,,,,,999.4,0.0,,25.3,,,,26.8,,,,,,,,,,,,,,210,210,10.1,13.9,,210,,,11.6,
2006-06-08 07:00:00,,,,,0.0,,,,,0.0,0.0,90,,,1004.6,,,,,,,,,999.5,0.0,,25.3,,,,27.0,,,,,,,,,,,,,,210,220,11.4,13.9,,210,,,11.5,
2006-06-08 08:00:00,,8.0,,,0.62,,,,,0.0,0.0,90,,,1004.7,,,,,,,,,999.6,0.2,,25.6,,,,27.3,,,,,,,,,,20.0,,,,210,210,11.2,14.6,,220,,,12.3,
2006-06-08 09:00:00,,7.0,,,1.44,,,,,0.0,0.0,88,,,1004.6,,,,,,,,,999.5,1.0,,25.7,,,,27.9,,,,,,,,,,20.0,,,,220,220,11.5,15.0,,220,,,12.5,
2006-06-08 10:00:00,,,,,1.13,,,,,0.0,0.0,88,,,1004.7,,,,,,,,,999.6,0.3,,25.5,,,,27.7,,,,,,,,,,,,,,220,210,11.8,15.8,,220,,,12.3,
2006-06-08 11:00:00,,10.0,,,0.94,,,,,0.0,0.0,89,,,1004.5,,,,,,,,,999.4,0.0,,25.6,,,,27.6,,,,,,,,,,20.0,,,,220,220,10.7,14.3,,220,,,11.8,
2006-06-08 12:00:00,,,,,1.52,,,,,0.0,0.0,89,,,1004.1,,,,,,,,,999.0,0.1,,25.7,,,,27.7,,,,,,,,,,,,,,210,220,9.4,14.5,,210,,,11.2,
2006-06-08 13:00:00,,,,,1.51,,,,,0.0,0.0,89,,,1003.6,,,,,,,,,998.5,0.1,,25.6,,,,27.5,,,,,,,,,,,,,,210,210,9.7,12.5,,220,,,10.4,
2006-06-08 14:00:00,,10.0,,,0.63,,,,,0.0,0.0,89,,,1003.2,,,,,,,,,998.1,0.0,,25.4,,,,27.3,,,,,,,,,,10.0,,,,220,220,10.7,12.9,,220,,,10.7,
2006-06-08 15:00:00,,,,,0.66,,,,,0.0,0.0,89,,,1002.6,,,,,,,,,997.5,0.0,,25.6,,,,27.5,,,,,,,,,,,,,,220,210,11.1,13.2,,220,,,11.1,
2006-06-08 16:00:00,,,,,0.66,,,,,0.0,0.0,89,,,1002.1,,,,,,,,,997.0,0.0,,25.3,,,,27.2,,,,,,,,,,,,,,220,220,10.6,13.4,,220,,,11.3,
2006-06-08 17:00:00,,10.0,,,0.28,,,,,0.0,0.0,90,,,1002.2,,,,,,,,,997.1,0.0,,25.3,,,,27.0,,,,,,,,,,10.0,,,,220,220,11.1,13.8,,220,,,11.2,
2006-06-08 18:00:00,,,,,0.0,,,,,0.0,0.0,92,,,1002.4,,,,,,,,,997.3,0.0,,25.3,,,,26.8,,,,,,,,,,,,,,210,220,9.9,13.6,,210,,,11.4,
2006-06-08 19:00:00,,,,,0.0,,,,,0.0,0.0,91,,,1002.8,,,,,,,,,997.7,0.0,,25.3,,,,26.9,,,,,,,,,,,,,,210,210,9.8,13.0,,210,,,10.6,
2006-06-08 20:00:00,,,,,0.0,,,,,0.0,0.0,90,,,1003.1,,,,,,,,,998.0,,,25.3,,,,27.0,,,,,,,,,,,,,,210,210,9.8,12.8,,210,,,10.2,
2006-06-08 21:00:00,,,,,0.0,,,,,0.0,0.0,91,,,1003.2,,,,,,,,,998.1,,,25.3,,,,26.9,,,,,,,,,,,,,,210,210,10.9,13.2,,210,,,11.2,
2006-06-08 22:00:00,,,,,0.0,,,,,0.0,0.0,90,,,1003.6,,,,,,,,,998.5,,,25.4,,,,27.1,,,,,,,,,,,,,,220,220,11.7,14.6,,220,,,11.7,
2006-06-08 23:00:00,,,,,0.0,,,,,0.0,0.0,92,,,1003.4,,,,,,,,,998.3,,,25.4,,,,26.9,,,,,,,,,,,,,,220,220,10.9,14.0,,220,,,12.1,
2006-06-09 00:00:00,,,,,0.0,,,,,0.0,0.0,93,,,1002.8,,,,,,,,,997.7,,,25.3,,,,26.5,,,,,,,,,,,,,,220,220,10.6,13.5,,220,,,11.2,
2006-06-09 01:00:00,,,,,0.0,,,,,0.0,0.0,92,,,1001.6,,,,,,,,,996.5,,,25.2,,,,26.6,,,,,,,,,,,,,,210,220,11.8,14.2,,220,,,12.0,
2006-06-09 02:00:00,,,,,0.0,,,,,0.0,0.0,91,,,1001.4,,,,,,,,,996.3,,,24.9,,,,26.5,,,,,,,,,,,,,,220,210,11.7,16.4,,220,,,13.2,
2006-06-09 03:00:00,,,,,0.0,,,,,0.0,0.0,91,,,1000.7,,,,,,,,,995.6,,,25.0,,,,26.5,,,,,,,,,,,,,,220,220,11.4,14.8,,220,,,12.4,
2006-06-09 04:00:00,,,,,0.0,,,,,10.5,0.8,98,,,1000.4,,,,,,,,,995.3,,,24.8,,,,25.2,,,,,,,,,,,,,,220,220,10.1,18.6,,230,,,13.9,
2006-06-09 05:00:00,,,,,0.0,,,,,2.5,1.0,98,,,1000.0,,,,,,,,,994.9,,,25.3,,,,25.6,,,,,,,,,,,,,,210,200,12.9,15.9,,210,,,12.9,
2006-06-09 06:00:00,,,,,0.0,,,,,2.0,1.0,96,,,999.8,,,,,,,,,994.7,0.0,,25.0,,,,25.6,,,,,,,,,,,,,,220,220,14.3,17.8,,220,,,14.8,
2006-06-09 07:00:00,,,,,0.0,,,,,5.0,1.0,96,,,1000.3,,,,,,,,,995.1,0.0,,24.2,,,,24.8,,,,,,,,,,,,,,230,230,13.6,19.6,,220,,,15.8,
2006-06-09 08:00:00,,10.0,,,0.0,,,,,2.5,1.0,98,,,1000.7,,,,,,,,,995.5,0.0,,24.2,,,,24.6,,,,,,,,,,6.0,,,,230,220,14.2,18.5,,230,,,15.0,
2006-06-09 09:00:00,,10.0,,,0.0,,,,,5.5,1.0,98,,,1002.0,,,,,,,,,996.8,0.0,,24.8,,,,25.2,,,,,,,,,,6.0,,,,250,230,11.7,26.1,,240,,,14.9,
2006-06-09 10:00:00,,,,,0.0,,,,,2.0,1.0,98,,,1001.4,,,,,,,,,996.2,0.0,,24.4,,,,24.8,,,,,,,,,,,,,,230,230,12.6,16.0,,230,,,12.8,
2006-06-09 11:00:00,,10.0,,,0.0,,,,,10.5,1.0,98,,,1002.1,,,,,,,,,996.9,0.0,,23.2,,,,23.5,,,,,,,,,,6.0,,,,270,240,11.4,22.0,,230,,,16.4,
2006-06-09 12:00:00,,,,,0.0,,,,,5.5,1.0,98,,,1001.7,,,,,,,,,996.5,0.0,,23.4,,,,23.7,,,,,,,,,,,,,,260,260,10.3,16.8,,260,,,11.4,
2006-06-09 13:00:00,,,,,0.0,,,,,5.5,1.0,98,,,1001.7,,,,,,,,,996.5,0.0,,23.0,,,,23.3,,,,,,,,,,,,,,280,250,6.2,17.2,,260,,,12.4,
2006-06-09 14:00:00,,10.0,,,0.34,,,,,0.5,1.0,97,,,1001.6,,,,,,,,,996.4,0.0,,23.0,,,,23.5,,,,,,,,,,6.0,,,,290,290,5.7,8.6,,290,,,7.0,
2006-06-09 15:00:00,,,,,0.0,,,,,1.0,1.0,98,,,1001.8,,,,,,,,,996.6,0.0,,23.5,,,,23.9,,,,,,,,,,,,,,270,280,4.7,6.7,,290,,,5.6,
2006-06-09 16:00:00,,,,,0.0,,,,,1.5,1.0,98,,,1001.1,,,,,,,,,995.9,0.0,,23.5,,,,23.8,,,,,,,,,,,,,,210,210,6.5,8.2,,210,,,6.6,
2006-06-09 17:00:00,,10.0,,,0.0,,,,,1.0,1.0,97,,,1001.6,,,,,,,,,996.4,0.0,,23.5,,,,24.0,,,,,,,,,,6.0,,,,230,190,10.1,13.7,,190,,,10.5,
2006-06-09 18:00:00,,,,,0.0,,,,,25.5,1.0,98,,,1001.8,,,,,,,,,996.6,0.0,,22.6,,,,22.9,,,,,,,,,,,,,,340,250,6.6,17.1,,260,,,10.8,
2006-06-09 19:00:00,,,,,0.0,,,,,15.5,1.0,98,,,1002.5,,,,,,,,,997.3,0.0,,22.4,,,,22.7,,,,,,,,,,,,,,320,360,3.1,6.1,,330,,,5.2,
2006-06-09 20:00:00,,,,,0.0,,,,,3.5,1.0,98,,,1002.4,,,,,,,,,997.2,,,22.6,,,,23.0,,,,,,,,,,,,,,270,310,2.7,4.9,,310,,,3.4,
2006-06-09 21:00:00,,,,,0.0,,,,,16.5,1.0,99,,,1003.1,,,,,,,,,997.9,,,23.0,,,,23.2,,,,,,,,,,,,,,240,250,12.1,21.6,,260,,,13.6,
2006-06-09 22:00:00,,,,,0.0,,,,,4.5,1.0,99,,,1003.1,,,,,,,,,997.9,,,23.0,,,,23.2,,,,,,,,,,,,,,240,240,12.5,15.8,,240,,,12.7,
2006-06-09 23:00:00,,,,,0.0,,,,,2.5,1.0,98,,,1003.0,,,,,,,,,997.8,,,23.4,,,,23.7,,,,,,,,,,,,,,230,240,10.3,14.5,,240,,,12.4,
2006-06-10 00:00:00,,,,,0.0,,,,,1.0,1.0,97,,,1002.6,,,,,,,,,997.4,,,23.2,,,,23.7,,,,,,,,,,,,,,210,210,8.2,12.3,,230,,,10.7,
2006-06-10 01:00:00,,,,,0.0,,,,,1.0,1.0,99,,,1001.6,,,,,,,,,996.4,,,23.5,,,,23.7,,,,,,,,,,,,,,200,210,7.2,11.0,,210,,,8.4,
2006-06-10 02:00:00,,,,,0.0,,,,,6.5,1.0,99,,,1001.6,,,,,,,,,996.4,,,22.6,,,,22.8,,,,,,,,,,,,,,190,190,8.3,12.9,,190,,,9.9,
2006-06-10 03:00:00,,,,,0.0,,,,,10.0,1.0,99,,,1000.1,,,,,,,,,994.9,,,23.2,,,,23.4,,,,,,,,,,,,,,170,200,5.0,10.1,,190,,,8.4,
2006-06-10 04:00:00,,,,,0.0,,,,,15.0,1.0,99,,,1000.1,,,,,,,,,994.9,,,23.4,,,,23.6,,,,,,,,,,,,,,230,230,11.4,14.7,,230,,,11.4,
2006-06-10 05:00:00,,,,,0.0,,,,,4.0,1.0,99,,,1000.8,,,,,,,,,995.6,,,23.0,,,,23.2,,,,,,,,,,,,,,220,230,12.0,15.7,,230,,,12.6,
2006-06-10 06:00:00,,,,,0.0,,,,,2.0,1.0,98,,,1001.1,,,,,,,,,995.9,0.0,,22.6,,,,22.9,,,,,,,,,,,,,,230,230,10.8,12.8,,220,,,11.9,
2006-06-10 07:00:00,,,,,0.0,,,,,2.5,1.0,98,,,1001.8,,,,,,,,,996.6,0.0,,22.7,,,,23.0,,,,,,,,,,,,,,270,240,4.7,13.0,,240,,,10.9,
2006-06-10 08:00:00,,10.0,,,0.0,,,,,2.0,1.0,98,,,1002.1,,,,,,,,,996.9,0.0,,21.8,,,,22.2,,,,,,,,,,6.0,,,,360,360,3.9,8.4,,350,,,5.6,
2006-06-10 09:00:00,,10.0,,,0.0,,,,,4.0,1.0,95,,,1002.4,,,,,,,,,997.2,0.0,,21.9,,,,22.8,,,,,,,,,,6.0,,,,10,10,2.9,4.7,,360,,,3.9,
2006-06-10 10:00:00,,,,,0.0,,,,,2.0,1.0,94,,,1003.0,,,,,,,,,997.8,0.0,,19.9,,,,20.9,,,,,,,,,,,,,,20,20,12.2,17.3,,20,,,13.5,
2006-06-10 11:00:00,,10.0,,,0.14,,,,,1.5,1.0,92,,,1002.9,,,,,,,,,997.7,0.0,,20.4,,,,21.8,,,,,,,,,,6.0,,,,30,30,10.6,18.2,,20,,,13.6,
2006-06-10 12:00:00,,,,,0.12,,,,,1.0,0.3,81,,,1003.2,,,,,,,,,998.0,0.0,,20.9,,,,24.4,,,,,,,,,,,,,,40,40,8.3,14.4,,30,,,10.4,
2006-06-10 13:00:00,,,,,0.37,,,,,0.0,0.0,82,,,1003.3,,,,,,,,,998.1,0.0,,20.8,,,,24.0,,,,,,,,,,,,,,40,40,6.7,11.2,,40,,,8.7,
2006-06-10 14:00:00,,10.0,,,0.25,,,,,1.0,0.5,83,,,1004.5,,,,,,,,,999.3,0.0,,20.5,,,,23.5,,,,,,,,,,6.0,,,,60,60,3.4,9.8,,60,,,7.4,
2006-06-10 15:00:00,,,,,0.12,,,,,0.0,0.0,84,,,1003.5,,,,,,,,,998.3,0.0,,20.8,,,,23.7,,,,,,,,,,,,,,70,70,2.0,4.1,,60,,,3.3,
2006-06-10 16:00:00,,,,,0.05,,,,,0.5,0.9,84,,,1003.2,,,,,,,,,998.0,0.0,,20.7,,,,23.6,,,,,,,,,,,,,,40,80,1.5,2.7,,70,,,1.9,
2006-06-10 17:00:00,,10.0,,,0.0,,,,,0.5,1.0,83,,,1004.2,,,,,,,,,999.0,0.0,,20.5,,,,23.6,,,,,,,,,,6.0,,,,0,20,0.0,2.5,,40,,,1.4,
2006-06-10 18:00:00,,,,,0.0,,,,,0.0,0.0,79,,,1004.7,,,,,,,,,999.5,0.0,,18.6,,,,22.5,,,,,,,,,,,,,,160,160,3.8,5.0,,160,,,3.8,
2006-06-10 19:00:00,,,,,0.0,,,,,0.5,0.2,81,,,1005.3,,,,,,,,,1000.1,0.0,,19.4,,,,22.8,,,,,,,,,,,,,,170,170,2.1,5.1,,170,,,4.0,
2006-06-10 20:00:00,,,,,0.0,,,,,0.0,0.0,79,,,1005.2,,,,,,,,,1000.0,,,18.8,,,,22.7,,,,,,,,,,,,,,170,170,3.6,6.3,,170,,,4.5,
2006-06-10 21:00:00,,,,,0.0,,,,,0.0,0.0,84,,,1005.5,,,,,,,,,1000.3,,,20.3,,,,23.1,,,,,,,,,,,,,,180,190,1.5,4.2,,170,,,3.6,
2006-06-10 22:00:00,,,,,0.0,,,,,0.0,0.0,84,,,1006.5,,,,,,,,,1001.3,,,20.6,,,,23.5,,,,,,,,,,,,,,210,190,3.0,4.4,,220,,,3.3,
2006-06-10 23:00:00,,,,,0.0,,,,,0.0,0.0,80,,,1006.8,,,,,,,,,1001.6,,,20.0,,,,23.6,,,,,,,,,,,,,,280,260,4.2,6.1,,270,,,4.9,
2006-06-11 00:00:00,,,,,0.0,,,,,0.0,0.0,82,,,1006.6,,,,,,,,,1001.4,,,20.3,,,,23.5,,,,,,,,,,,,,,290,290,3.4,5.9,,290,,,4.7,
2006-06-11 01:00:00,,,,,0.0,,,,,0.0,0.0,83,,,1006.7,,,,,,,,,1001.5,,,20.7,,,,23.8,,,,,,,,,,,,,,270,280,2.1,3.9,,290,,,3.4,
2006-06-11 02:00:00,,,,,0.0,,,,,0.5,0.2,84,,,1006.3,,,,,,,,,1001.1,,,21.1,,,,23.9,,,,,,,,,,,,,,320,260,0.3,2.8,,270,,,2.2,
2006-06-11 03:00:00,,,,,0.0,,,,,0.0,0.0,86,,,1006.1,,,,,,,,,1000.9,,,21.0,,,,23.5,,,,,,,,,,,,,,0,360,0.1,2.3,,350,,,0.9,
2006-06-11 04:00:00,,,,,0.0,,,,,0.0,0.0,82,,,1006.9,,,,,,,,,1001.7,,,20.6,,,,23.8,,,,,,,,,,,,,,360,360,5.0,6.8,,360,,,5.1,
2006-06-11 05:00:00,,,,,0.0,,,,,1.0,0.3,81,,,1006.0,,,,,,,,,1000.8,,,19.7,,,,23.2,,,,,,,,,,,,,,20,360,2.9,6.3,,360,,,5.0,
2006-06-11 06:00:00,,,,,0.0,,,,,0.0,0.0,82,,,1005.9,,,,,,,,,1000.7,0.0,,20.0,,,,23.2,,,,,,,,,,,,,,30,360,2.7,6.7,,10,,,5.6,
2006-06-11 07:00:00,,,,,0.14,,,,,0.0,0.0,82,,,1006.3,,,,,,,,,1001.1,0.0,,20.3,,,,23.5,,,,,,,,,,,,,,50,60,3.6,5.4,,50,,,4.1,
2006-06-11 08:00:00,,10.0,,,0.54,,,,,0.0,0.0,86,,,1006.3,,,,,,,,,1001.1,0.2,,21.6,,,,24.1,,,,,,,,,,30.0,,,,80,100,4.7,6.8,,80,,,5.0,
2006-06-11 09:00:00,,10.0,,,0.62,,,,,0.0,0.0,85,,,1006.8,,,,,,,,,1001.6,0.0,,21.7,,,,24.4,,,,,,,,,,30.0,,,,60,60,3.4,6.4,,60,,,5.1,
2006-06-11 10:00:00,,,,,0.63,,,,,0.0,0.0,83,,,1007.0,,,,,,,,,1001.8,0.0,,21.8,,,,24.9,,,,,,,,,,,,,,50,40,1.9,3.7,,60,,,3.3,
2006-06-11 11:00:00,,10.0,,,0.88,,,,,0.0,0.0,81,,,1007.4,,,,,,,,,1002.2,0.0,,22.3,,,,25.8,,,,,,,,,,30.0,,,,20,20,0.5,3.0,,50,,,1.8,
2006-06-11 12:00:00,,,,,1.82,,,,,0.0,0.0,78,,,1007.5,,,,,,,,,1002.3,0.3,,22.2,,,,26.3,,,,,,,,,,,,,,240,320,0.3,2.8,,340,,,1.3,
2006-06-11 13:00:00,,,,,2.25,,,,,0.0,0.0,82,,,1007.2,,,,,,,,,1002.0,0.9,,23.3,,,,26.7,,,,,,,,,,,,,,230,220,1.5,5.2,,210,,,3.4,
2006-06-11 14:00:00,,9.0,,,1.93,,,,,0.0,0.0,78,,,1007.0,,,,,,,,,1001.8,0.9,,22.6,,,,26.7,,,,,,,,,,30.0,,,,260,250,0.8,2.5,,220,,,1.8,
2006-06-11 15:00:00,,,,,1.62,,,,,0.0,0.0,81,,,1006.9,,,,,,,,,1001.7,0.6,,22.3,,,,25.8,,,,,,,,,,,,,,130,110,2.3,5.4,,130,,,2.3,
2006-06-11 16:00:00,,,,,1.19,,,,,0.0,0.0,82,,,1007.2,,,,,,,,,1002.0,0.2,,22.7,,,,26.0,,,,,,,,,,,,,,140,140,0.4,3.7,,130,,,2.7,
2006-06-11 17:00:00,,9.0,,,0.73,,,,,0.0,0.0,83,,,1006.9,,,,,,,,,1001.7,0.4,,22.3,,,,25.5,,,,,,,,,,20.0,,,,140,130,2.9,4.1,,140,,,3.0,
2006-06-11 18:00:00,,,,,0.09,,,,,0.0,0.0,84,,,1007.5,,,,,,,,,1002.3,0.0,,23.1,,,,26.0,,,,,,,,,,,,,,180,160,2.8,5.2,,160,,,3.2,
2006-06-11 19:00:00,,,,,0.0,,,,,0.0,0.0,82,,,1008.6,,,,,,,,,1003.4,0.0,,22.6,,,,26.0,,,,,,,,,,,,,,190,190,6.8,9.0,,190,,,7.3,
2006-06-11 20:00:00,,,,,0.0,,,,,0.0,0.0,85,,,1009.5,,,,,,,,,1004.3,,,23.2,,,,26.0,,,,,,,,,,,,,,210,210,7.8,10.4,,200,,,8.2,
2006-06-11 21:00:00,,,,,0.0,,,,,0.0,0.0,86,,,1009.2,,,,,,,,,1004.0,,,23.4,,,,26.0,,,,,,,,,,,,,,190,210,1.5,8.0,,210,,,7.5,
2006-06-11 22:00:00,,,,,0.0,,,,,0.0,0.0,86,,,1009.6,,,,,,,,,1004.4,,,22.4,,,,24.9,,,,,,,,,,,,,,200,210,6.9,9.4,,210,,,7.4,
2006-06-11 23:00:00,,,,,0.0,,,,,0.0,0.0,86,,,1009.2,,,,,,,,,1004.0,,,22.1,,,,24.6,,,,,,,,,,,,,,190,200,6.8,9.2,,190,,,7.5,
2006-06-12 00:00:00,,,,,0.0,,,,,0.0,0.0,84,,,1008.8,,,,,,,,,1003.6,,,22.1,,,,24.9,,,,,,,,,,,,,,220,190,5.1,8.5,,190,,,7.2,
2006-06-12 01:00:00,,,,,0.0,,,,,0.0,0.0,86,,,1008.5,,,,,,,,,1003.3,,,22.4,,,,24.9,,,,,,,,,,,,,,220,220,4.2,6.0,,220,,,5.3,
2006-06-12 02:00:00,,,,,0.0,,,,,0.0,0.0,81,,,1008.7,,,,,,,,,1003.5,,,21.6,,,,25.0,,,,,,,,,,,,,,210,220,8.0,10.2,,210,,,8.0,
2006-06-12 03:00:00,,,,,0.0,,,,,0.0,0.0,80,,,1008.4,,,,,,,,,1003.2,,,21.6,,,,25.2,,,,,,,,,,,,,,190,220,6.7,9.5,,220,,,8.1,
2006-06-12 04:00:00,,,,,0.0,,,,,0.0,0.0,85,,,1008.3,,,,,,,,,1003.1,,,22.8,,,,25.6,,,,,,,,,,,,,,170,200,4.6,8.6,,190,,,7.1,
2006-06-12 05:00:00,,,,,0.0,,,,,0.0,0.0,86,,,1008.9,,,,,,,,,1003.7,,,23.2,,,,25.8,,,,,,,,,,,,,,180,180,3.5,6.8,,170,,,4.9,
2006-06-12 06:00:00,,,,,0.0,,,,,0.0,0.0,85,,,1008.9,,,,,,,,,1003.7,0.0,,23.5,,,,26.3,,,,,,,,,,,,,,160,160,5.4,6.7,,160,,,5.4,
2006-06-12 07:00:00,,,,,0.0,,,,,0.0,0.0,86,,,1008.6,,,,,,,,,1003.4,0.0,,24.0,,,,26.6,,,,,,,,,,,,,,140,130,7.7,10.4,,140,,,7.7,
2006-06-12 08:00:00,,10.0,,,0.02,,,,,0.5,0.2,86,,,1009.0,,,,,,,,,1003.8,0.0,,24.5,,,,27.1,,,,,,,,,,10.0,,,,150,150,6.6,9.7,,150,,,8.0,
2006-06-12 09:00:00,,10.0,,,0.29,,,,,2.5,0.7,87,,,1009.2,,,,,,,,,1004.0,0.0,,24.3,,,,26.7,,,,,,,,,,6.0,,,,150,150,6.0,8.9,,150,,,6.7,
2006-06-12 10:00:00,,,,,0.0,,,,,5.0,1.0,87,,,1009.5,,,,,,,,,1004.3,0.0,,24.0,,,,26.4,,,,,,,,,,,,,,110,140,4.5,7.8,,150,,,5.9,
2006-06-12 11:00:00,,10.0,,,0.0,,,,,4.0,1.0,86,,,1009.8,,,,,,,,,1004.6,0.0,,23.4,,,,26.0,,,,,,,,,,6.0,,,,120,120,4.9,7.7,,120,,,5.7,
2006-06-12 12:00:00,,,,,0.0,,,,,3.5,1.0,94,,,1009.2,,,,,,,,,1004.0,0.0,,24.6,,,,25.7,,,,,,,,,,,,,,130,130,6.2,9.2,,130,,,6.2,
2006-06-12 13:00:00,,,,,0.0,,,,,6.0,1.0,96,,,1009.8,,,,,,,,,1004.6,0.0,,24.8,,,,25.4,,,,,,,,,,,,,,110,120,6.1,9.6,,130,,,6.5,
2006-06-12 14:00:00,,10.0,,,0.0,,,,,20.5,1.0,95,,,1009.8,,,,,,,,,1004.6,0.0,,23.2,,,,24.1,,,,,,,,,,6.0,,,,240,140,4.5,9.7,,130,,,6.9,
2006-06-12 15:00:00,,,,,0.06,,,,,9.5,1.0,94,,,1009.5,,,,,,,,,1004.3,0.0,,23.6,,,,24.7,,,,,,,,,,,,,,90,190,1.5,5.7,,240,,,4.3,
2006-06-12 16:00:00,,,,,0.14,,,,,1.5,1.0,88,,,1009.6,,,,,,,,,1004.4,0.0,,23.1,,,,25.2,,,,,,,,,,,,,,0,40,0.2,3.2,,40,,,2.4,
2006-06-12 17:00:00,,10.0,,,0.0,,,,,3.5,1.0,88,,,1009.9,,,,,,,,,1004.7,0.0,,23.0,,,,25.2,,,,,,,,,,6.0,,,,340,350,1.5,2.4,,340,,,1.5,
2006-06-12 18:00:00,,,,,0.0,,,,,0.5,0.2,88,,,1009.8,,,,,,,,,1004.6,0.0,,22.9,,,,25.1,,,,,,,,,,,,,,350,30,0.9,3.2,,40,,,2.6,
2006-06-12 19:00:00,,,,,0.0,,,,,0.0,0.0,90,,,1009.4,,,,,,,,,1004.2,0.0,,22.8,,,,24.6,,,,,,,,,,,,,,60,60,3.6,4.3,,60,,,3.6,
2006-06-12 20:00:00,,,,,0.0,,,,,0.5,0.1,88,,,1009.8,,,,,,,,,1004.6,,,22.9,,,,25.1,,,,,,,,,,,,,,90,50,2.5,4.1,,50,,,3.7,
2006-06-12 21:00:00,,,,,0.0,,,,,0.0,0.0,88,,,1010.2,,,,,,,,,1005.0,,,23.6,,,,25.8,,,,,,,,,,,,,,0,80,0.1,3.9,,80,,,3.3,
2006-06-12 22:00:00,,,,,0.0,,,,,0.0,0.0,87,,,1010.4,,,,,,,,,1005.2,,,23.8,,,,26.2,,,,,,,,,,,,,,140,140,4.3,5.0,,140,,,4.3,
2006-06-12 23:00:00,,,,,0.0,,,,,0.0,0.0,89,,,1010.4,,,,,,,,,1005.2,,,24.2,,,,26.2,,,,,,,,,,,,,,160,150,3.3,4.9,,140,,,4.3,
2006-06-13 00:00:00,,,,,0.0,,,,,0.0,0.0,89,,,1010.0,,,,,,,,,1004.8,,,24.3,,,,26.3,,,,,,,,,,,,,,160,160,4.1,5.0,,160,,,4.1,
2006-06-13 01:00:00,,,,,0.0,,,,,0.0,0.0,88,,,1009.7,,,,,,,,,1004.5,,,25.1,,,,27.2,,,,,,,,,,,,,,170,170,5.1,7.0,,170,,,5.1,
2006-06-13 02:00:00,,,,,0.0,,,,,0.0,0.0,87,,,1009.5,,,,,,,,,1004.3,,,24.9,,,,27.2,,,,,,,,,,,,,,190,200,5.4,8.2,,170,,,5.5,
2006-06-13 03:00:00,,,,,0.0,,,,,4.5,0.5,87,,,1009.1,,,,,,,,,1003.9,,,23.8,,,,26.1,,,,,,,,,,,,,,220,220,6.7,9.6,,220,,,6.8,
2006-06-13 04:00:00,,,,,0.0,,,,,1.0,0.3,88,,,1008.6,,,,,,,,,1003.4,,,24.1,,,,26.2,,,,,,,,,,,,,,180,180,5.0,8.2,,220,,,6.5,
2006-06-13 05:00:00,,,,,0.0,,,,,0.0,0.0,89,,,1007.9,,,,,,,,,1002.7,,,24.5,,,,26.5,,,,,,,,,,,,,,160,160,6.0,8.0,,160,,,6.2,
2006-06-13 06:00:00,,,,,0.0,,,,,0.0,0.0,91,,,1008.1,,,,,,,,,1002.9,0.0,,24.7,,,,26.3,,,,,,,,,,,,,,170,180,5.8,8.0,,160,,,5.9,
2006-06-13 07:00:00,,,,,0.01,,,,,0.5,0.2,94,,,1008.1,,,,,,,,,1002.9,0.0,,25.4,,,,26.5,,,,,,,,,,,,,,180,180,5.7,8.2,,180,,,6.0,
2006-06-13 08:00:00,,10.0,,,0.49,,,,,0.0,0.0,93,,,1008.5,,,,,,,,,1003.3,0.0,,25.7,,,,26.9,,,,,,,,,,12.0,,,,190,170,6.5,8.7,,190,,,6.6,
2006-06-13 09:00:00,,10.0,,,0.61,,,,,0.0,0.0,93,,,1009.4,,,,,,,,,1004.2,0.0,,25.8,,,,27.1,,,,,,,,,,12.0,,,,190,190,5.8,9.3,,190,,,6.4,
2006-06-13 10:00:00,,,,,1.09,,,,,0.0,0.0,93,,,1009.6,,,,,,,,,1004.4,0.0,,25.8,,,,27.1,,,,,,,,,,,,,,190,200,7.9,10.5,,190,,,8.7,
2006-06-13 11:00:00,,10.0,,,0.6,,,,,0.0,0.0,93,,,1009.8,,,,,,,,,1004.6,0.0,,25.8,,,,27.1,,,,,,,,,,12.0,,,,190,210,8.7,10.3,,190,,,8.7,
2006-06-13 12:00:00,,,,,0.63,,,,,0.0,0.0,93,,,1009.9,,,,,,,,,1004.7,0.0,,25.8,,,,27.0,,,,,,,,,,,,,,190,190,6.6,10.0,,190,,,8.8,
2006-06-13 13:00:00,,,,,0.4,,,,,0.0,0.0,93,,,1009.8,,,,,,,,,1004.6,0.0,,25.5,,,,26.7,,,,,,,,,,,,,,220,210,5.6,7.4,,200,,,6.4,
2006-06-13 14:00:00,,10.0,,,0.0,,,,,0.0,0.0,93,,,1009.5,,,,,,,,,1004.3,0.0,,25.1,,,,26.3,,,,,,,,,,10.0,,,,230,230,4.9,6.8,,230,,,6.0,
2006-06-13 15:00:00,,,,,0.0,,,,,0.0,0.0,97,,,1009.4,,,,,,,,,1004.2,0.0,,25.3,,,,25.9,,,,,,,,,,,,,,230,230,3.0,5.5,,230,,,4.9,
2006-06-13 16:00:00,,,,,0.0,,,,,0.5,0.2,97,,,1008.8,,,,,,,,,1003.6,0.0,,25.4,,,,25.9,,,,,,,,,,,,,,220,220,2.6,3.1,,230,,,2.9,
2006-06-13 17:00:00,,10.0,,,0.0,,,,,0.0,0.0,96,,,1008.6,,,,,,,,,1003.4,0.0,,25.2,,,,25.9,,,,,,,,,,10.0,,,,140,190,1.9,3.3,,220,,,2.6,
2006-06-13 18:00:00,,,,,0.0,,,,,0.0,0.0,97,,,1008.7,,,,,,,,,1003.5,0.0,,25.5,,,,26.1,,,,,,,,,,,,,,160,160,2.7,3.7,,160,,,3.0,
2006-06-13 19:00:00,,,,,0.0,,,,,0.0,0.0,95,,,1008.6,,,,,,,,,1003.4,0.0,,25.4,,,,26.2,,,,,,,,,,,,,,150,160,3.7,4.5,,150,,,3.7,
2006-06-13 20:00:00,,,,,0.0,,,,,0.0,0.0,96,,,1009.2,,,,,,,,,1004.0,,,25.5,,,,26.2,,,,,,,,,,,,,,150,160,3.8,5.0,,150,,,4.1,
2006-06-13 21:00:00,,,,,0.0,,,,,0.0,0.0,97,,,1009.3,,,,,,,,,1004.1,,,25.6,,,,26.1,,,,,,,,,,,,,,160,150,3.6,4.7,,150,,,3.9,
2006-06-13 22:00:00,,,,,0.0,,,,,0.0,0.0,96,,,1009.5,,,,,,,,,1004.3,,,25.5,,,,26.2,,,,,,,,,,,,,,170,160,3.4,5.1,,170,,,4.2,
2006-06-13 23:00:00,,,,,0.0,,,,,0.0,0.0,97,,,1009.1,,,,,,,,,1003.9,,,25.6,,,,26.1,,,,,,,,,,,,,,180,170,4.2,5.8,,170,,,4.3,
2006-06-14 00:00:00,,,,,0.0,,,,,0.0,0.0,97,,,1008.5,,,,,,,,,1003.3,,,25.5,,,,26.1,,,,,,,,,,,,,,190,190,5.8,7.4,,190,,,5.8,
2006-06-14 01:00:00,,,,,0.0,,,,,0.0,0.0,95,,,1008.1,,,,,,,,,1002.9,,,25.3,,,,26.1,,,,,,,,,,,,,,200,190,4.5,6.2,,190,,,5.8,
2006-06-14 02:00:00,,,,,0.0,,,,,0.0,0.0,95,,,1007.6,,,,,,,,,1002.4,,,25.4,,,,26.2,,,,,,,,,,,,,,190,190,5.3,7.6,,190,,,5.7,
2006-06-14 03:00:00,,,,,0.0,,,,,0.0,0.0,96,,,1007.6,,,,,,,,,1002.4,,,25.4,,,,26.1,,,,,,,,,,,,,,190,200,3.8,6.4,,190,,,5.2,
2006-06-14 04:00:00,,,,,0.0,,,,,0.0,0.0,95,,,1007.6,,,,,,,,,1002.4,,,25.1,,,,25.9,,,,,,,,,,,,,,220,180,3.5,6.7,,190,,,5.5,
2006-06-14 05:00:00,,,,,0.0,,,,,0.0,0.0,95,,,1007.6,,,,,,,,,1002.4,,,24.6,,,,25.5,,,,,,,,,,,,,,200,210,4.3,5.3,,210,,,4.3,
2006-06-14 06:00:00,,,,,0.0,,,,,0.0,0.0,94,,,1008.0,,,,,,,,,1002.8,0.0,,24.8,,,,25.8,,,,,,,,,,,,,,190,200,4.0,5.8,,190,,,4.9,
2006-06-14 07:00:00,,,,,0.0,,,,,0.0,0.0,95,,,1008.4,,,,,,,,,1003.2,0.0,,25.0,,,,25.9,,,,,,,,,,,,,,180,190,3.6,5.3,,190,,,4.0,
2006-06-14 08:00:00,,10.0,,,0.33,,,,,0.0,0.0,94,,,1008.8,,,,,,,,,1003.6,0.0,,25.0,,,,26.1,,,,,,,,,,15.0,,,,190,180,3.3,5.7,,190,,,4.3,
2006-06-14 09:00:00,,10.0,,,0.68,,,,,0.0,0.0,96,,,1009.0,,,,,,,,,1003.8,0.0,,25.9,,,,26.6,,,,,,,,,,15.0,,,,190,190,4.6,5.9,,190,,,4.8,
2006-06-14 10:00:00,,,,,1.25,,,,,0.0,0.0,94,,,1009.2,,,,,,,,,1004.0,0.0,,26.1,,,,27.2,,,,,,,,,,,,,,190,200,4.5,5.5,,190,,,4.6,
2006-06-14 11:00:00,,10.0,,,1.92,,,,,0.0,0.0,91,,,1008.8,,,,,,,,,1003.7,0.4,,26.2,,,,27.8,,,,,,,,,,15.0,,,,220,210,5.5,6.5,,210,,,5.5,
2006-06-14 12:00:00,,,,,2.25,,,,,0.0,0.0,89,,,1008.6,,,,,,,,,1003.5,0.9,,26.1,,,,28.0,,,,,,,,,,,,,,210,210,5.8,6.9,,220,,,5.8,
2006-06-14 13:00:00,,,,,2.06,,,,,0.0,0.0,88,,,1008.0,,,,,,,,,1002.9,0.8,,25.9,,,,28.0,,,,,,,,,,,,,,210,220,6.3,8.1,,210,,,6.6,
2006-06-14 14:00:00,,8.0,,,2.4,,,,,0.0,0.0,88,,,1007.4,,,,,,,,,1002.3,1.0,,26.0,,,,28.1,,,,,,,,,,15.0,,,,210,220,5.5,7.6,,210,,,6.3,
2006-06-14 15:00:00,,,,,1.6,,,,,0.0,0.0,89,,,1007.0,,,,,,,,,1001.9,0.7,,26.0,,,,28.0,,,,,,,,,,,,,,210,210,5.2,7.5,,210,,,6.3,
2006-06-14 16:00:00,,,,,1.42,,,,,0.0,0.0,87,,,1006.7,,,,,,,,,1001.6,1.0,,25.8,,,,28.1,,,,,,,,,,,,,,200,200,5.0,6.4,,210,,,5.2,
2006-06-14 17:00:00,,7.0,,,0.96,,,,,0.0,0.0,89,,,1006.8,,,,,,,,,1001.7,0.9,,25.6,,,,27.6,,,,,,,,,,30.0,,,,210,220,4.4,6.6,,210,,,5.2,
2006-06-14 18:00:00,,,,,0.44,,,,,0.0,0.0,88,,,1006.7,,,,,,,,,1001.6,0.8,,24.9,,,,27.1,,,,,,,,,,,,,,190,190,4.8,6.4,,190,,,5.0,
2006-06-14 19:00:00,,,,,0.0,,,,,0.0,0.0,89,,,1007.2,,,,,,,,,1002.0,0.0,,24.7,,,,26.6,,,,,,,,,,,,,,190,200,4.9,7.1,,190,,,5.3,
2006-06-14 20:00:00,,,,,0.0,,,,,0.0,0.0,91,,,1007.7,,,,,,,,,1002.5,,,24.9,,,,26.4,,,,,,,,,,,,,,170,190,4.8,6.5,,190,,,5.3,
2006-06-14 21:00:00,,,,,0.0,,,,,0.0,0.0,90,,,1007.7,,,,,,,,,1002.5,,,24.9,,,,26.6,,,,,,,,,,,,,,170,180,4.1,6.3,,170,,,4.8,
2006-06-14 22:00:00,,,,,0.0,,,,,0.0,0.0,90,,,1008.0,,,,,,,,,1002.8,,,24.7,,,,26.4,,,,,,,,,,,,,,160,170,4.3,5.8,,160,,,4.5,
2006-06-14 23:00:00,,,,,0.0,,,,,0.0,0.0,90,,,1007.8,,,,,,,,,1002.6,,,24.6,,,,26.4,,,,,,,,,,,,,,180,170,4.0,5.8,,170,,,4.5,
2006-06-15 00:00:00,,,,,0.0,,,,,0.0,0.0,90,,,1007.6,,,,,,,,,1002.4,,,24.7,,,,26.5,,,,,,,,,,,,,,180,180,4.9,7.0,,180,,,5.0,
2006-06-15 01:00:00,,,,,0.0,,,,,0.0,0.0,90,,,1007.4,,,,,,,,,1002.2,,,24.6,,,,26.3,,,,,,,,,,,,,,190,180,5.3,8.2,,190,,,5.8,
2006-06-15 02:00:00,,,,,0.0,,,,,0.0,0.0,92,,,1006.9,,,,,,,,,1001.7,,,24.8,,,,26.2,,,,,,,,,,,,,,190,180,5.6,8.2,,190,,,6.1,
2006-06-15 03:00:00,,,,,0.0,,,,,0.0,0.0,92,,,1006.8,,,,,,,,,1001.6,,,24.9,,,,26.3,,,,,,,,,,,,,,190,200,5.1,8.4,,190,,,5.9,
2006-06-15 04:00:00,,,,,0.0,,,,,0.0,0.0,91,,,1006.7,,,,,,,,,1001.5,,,24.9,,,,26.4,,,,,,,,,,,,,,190,190,5.1,7.6,,190,,,5.2,
2006-06-15 05:00:00,,,,,0.0,,,,,0.0,0.0,92,,,1006.8,,,,,,,,,1001.6,,,24.8,,,,26.2,,,,,,,,,,,,,,180,190,5.0,7.4,,190,,,5.5,
2006-06-15 06:00:00,,,,,0.0,,,,,0.0,0.0,92,,,1007.5,,,,,,,,,1002.3,0.0,,24.6,,,,26.0,,,,,,,,,,,,,,200,210,5.3,9.3,,190,,,7.7,
2006-06-15 07:00:00,,,,,0.2,,,,,0.0,0.0,94,,,1007.9,,,,,,,,,1002.7,0.3,,24.9,,,,26.0,,,,,,,,,,,,,,200,190,5.4,7.9,,190,,,6.3,
2006-06-15 08:00:00,,8.0,,,0.79,,,,,0.0,0.0,90,,,1007.6,,,,,,,,,1002.5,0.9,,25.4,,,,27.1,,,,,,,,,,20.0,,,,190,200,7.4,8.8,,190,,,7.4,
2006-06-15 09:00:00,,7.0,,,1.51,,,,,0.0,0.0,89,,,1007.7,,,,,,,,,1002.6,1.0,,25.5,,,,27.5,,,,,,,,,,20.0,,,,190,190,7.0,9.0,,190,,,7.4,
2006-06-15 10:00:00,,,,,1.99,,,,,0.0,0.0,87,,,1007.5,,,,,,,,,1002.4,0.9,,25.5,,,,27.8,,,,,,,,,,,,,,190,200,6.5,9.1,,190,,,7.6,
2006-06-15 11:00:00,,8.0,,,1.5,,,,,0.0,0.0,88,,,1007.4,,,,,,,,,1002.3,0.3,,25.3,,,,27.5,,,,,,,,,,20.0,,,,200,190,5.6,7.9,,190,,,6.4,
2006-06-15 12:00:00,,,,,1.85,,,,,0.0,0.0,87,,,1007.3,,,,,,,,,1002.2,0.6,,25.7,,,,28.0,,,,,,,,,,,,,,210,210,5.8,7.1,,210,,,6.1,
2006-06-15 13:00:00,,,,,2.36,,,,,0.0,0.0,87,,,1007.2,,,,,,,,,1002.1,1.0,,25.9,,,,28.3,,,,,,,,,,,,,,220,220,5.7,7.0,,220,,,6.2,
2006-06-15 14:00:00,,7.0,,,2.17,,,,,0.0,0.0,85,,,1007.0,,,,,,,,,1001.9,0.8,,25.6,,,,28.3,,,,,,,,,,20.0,,,,210,220,5.6,7.1,,220,,,5.8,
2006-06-15 15:00:00,,,,,1.39,,,,,0.0,0.0,86,,,1006.8,,,,,,,,,1001.7,0.1,,25.6,,,,28.2,,,,,,,,,,,,,,210,210,4.9,7.1,,210,,,5.6,
2006-06-15 16:00:00,,,,,1.3,,,,,0.0,0.0,86,,,1006.7,,,,,,,,,1001.6,0.3,,25.5,,,,28.1,,,,,,,,,,,,,,190,190,5.1,6.4,,190,,,5.5,
2006-06-15 17:00:00,,7.0,,,0.68,,,,,0.0,0.0,85,,,1006.3,,,,,,,,,1001.2,0.0,,25.2,,,,27.9,,,,,,,,,,20.0,,,,200,190,3.6,6.1,,190,,,5.1,
2006-06-15 18:00:00,,,,,0.35,,,,,0.0,0.0,85,,,1006.5,,,,,,,,,1001.4,0.1,,24.8,,,,27.6,,,,,,,,,,,,,,180,180,3.5,5.2,,190,,,3.7,
2006-06-15 19:00:00,,,,,0.0,,,,,0.0,0.0,86,,,1006.9,,,,,,,,,1001.8,0.0,,24.8,,,,27.4,,,,,,,,,,,,,,180,180,3.2,5.3,,170,,,4.1,
2006-06-15 20:00:00,,,,,0.0,,,,,0.0,0.0,86,,,1007.2,,,,,,,,,1002.1,,,24.7,,,,27.3,,,,,,,,,,,,,,170,190,3.3,5.1,,190,,,3.7,
2006-06-15 21:00:00,,,,,0.0,,,,,0.0,0.0,87,,,1007.3,,,,,,,,,1002.2,,,24.6,,,,27.0,,,,,,,,,,,,,,170,170,3.9,5.1,,170,,,4.1,
2006-06-15 22:00:00,,,,,0.0,,,,,0.0,0.0,87,,,1008.1,,,,,,,,,1002.9,,,24.8,,,,27.1,,,,,,,,,,,,,,180,170,4.2,6.0,,170,,,4.5,
2006-06-15 23:00:00,,,,,0.0,,,,,0.0,0.0,87,,,1008.3,,,,,,,,,1003.1,,,24.7,,,,27.0,,,,,,,,,,,,,,190,190,5.3,7.4,,190,,,5.3,
2006-06-16 00:00:00,,,,,0.0,,,,,0.0,0.0,88,,,1008.0,,,,,,,,,1002.8,,,24.9,,,,27.1,,,,,,,,,,,,,,190,190,5.4,7.1,,190,,,5.9,
2006-06-16 01:00:00,,,,,0.0,,,,,0.0,0.0,87,,,1007.6,,,,,,,,,1002.4,,,24.6,,,,26.9,,,,,,,,,,,,,,190,190,5.9,7.9,,190,,,6.9,
2006-06-16 02:00:00,,,,,0.0,,,,,0.0,0.0,87,,,1006.8,,,,,,,,,1001.7,,,24.7,,,,27.0,,,,,,,,,,,,,,190,180,7.0,8.2,,190,,,7.1,
2006-06-16 03:00:00,,,,,0.0,,,,,0.0,0.0,87,,,1006.7,,,,,,,,,1001.6,,,24.6,,,,27.0,,,,,,,,,,,,,,190,210,6.3,8.8,,190,,,7.4,
2006-06-16 04:00:00,,,,,0.0,,,,,0.0,0.0,88,,,1007.1,,,,,,,,,1001.9,,,24.5,,,,26.6,,,,,,,,,,,,,,200,190,4.4,8.3,,190,,,6.9,
2006-06-16 05:00:00,,,,,0.0,,,,,0.0,0.0,88,,,1007.4,,,,,,,,,1002.2,,,24.2,,,,26.4,,,,,,,,,,,,,,200,200,4.3,6.3,,190,,,5.1,
2006-06-16 06:00:00,,,,,0.0,,,,,0.0,0.0,89,,,1007.7,,,,,,,,,1002.5,0.1,,24.7,,,,26.6,,,,,,,,,,,,,,190,200,6.7,8.1,,190,,,6.7,
2006-06-16 07:00:00,,,,,0.33,,,,,0.0,0.0,89,,,1008.4,,,,,,,,,1003.2,0.3,,25.1,,,,27.0,,,,,,,,,,,,,,190,190,5.4,8.2,,190,,,6.8,
2006-06-16 08:00:00,,10.0,,,0.7,,,,,0.0,0.0,89,,,1008.7,,,,,,,,,1003.5,0.3,,24.9,,,,26.9,,,,,,,,,,20.0,,,,190,210,5.2,8.3,,190,,,6.2,
2006-06-16 09:00:00,,10.0,,,0.6,,,,,0.0,0.0,87,,,1009.1,,,,,,,,,1004.0,0.0,,25.2,,,,27.5,,,,,,,,,,20.0,,,,190,190,5.1,7.7,,190,,,5.7,
2006-06-16 10:00:00,,,,,0.81,,,,,0.0,0.0,87,,,1008.8,,,,,,,,,1003.7,0.0,,25.3,,,,27.7,,,,,,,,,,,,,,190,180,5.3,7.7,,190,,,5.3,
2006-06-16 11:00:00,,9.0,,,0.82,,,,,0.0,0.0,86,,,1008.7,,,,,,,,,1003.6,0.0,,25.7,,,,28.2,,,,,,,,,,30.0,,,,190,190,4.9,7.7,,190,,,5.5,
2006-06-16 12:00:00,,,,,2.04,,,,,0.0,0.0,85,,,1008.6,,,,,,,,,1003.5,0.3,,26.1,,,,28.9,,,,,,,,,,,,,,190,190,4.8,7.2,,190,,,5.9,
2006-06-16 13:00:00,,,,,2.02,,,,,0.0,0.0,86,,,1008.4,,,,,,,,,1003.3,0.2,,26.0,,,,28.5,,,,,,,,,,,,,,210,190,3.0,5.2,,190,,,4.8,
2006-06-16 14:00:00,,6.0,,,2.05,,,,,0.0,0.0,83,,,1007.8,,,,,,,,,1002.7,0.5,,26.3,,,,29.4,,,,,,,,,,30.0,,,,190,200,3.7,4.9,,190,,,3.8,
2006-06-16 15:00:00,,,,,2.08,,,,,0.0,0.0,82,,,1007.4,,,,,,,,,1002.3,0.9,,26.0,,,,29.3,,,,,,,,,,,,,,190,200,3.8,4.6,,190,,,3.8,
2006-06-16 16:00:00,,,,,1.61,,,,,0.0,0.0,82,,,1007.1,,,,,,,,,1002.0,1.0,,25.8,,,,29.1,,,,,,,,,,,,,,190,190,3.1,4.8,,190,,,3.9,
2006-06-16 17:00:00,,4.0,,,0.82,,,,,0.0,0.0,83,,,1006.8,,,,,,,,,1001.7,0.5,,25.4,,,,28.6,,,,,,,,,,30.0,,,,190,180,3.9,5.0,,190,,,4.0,
2006-06-16 18:00:00,,,,,0.48,,,,,0.0,0.0,87,,,1007.2,,,,,,,,,1002.1,1.0,,24.8,,,,27.1,,,,,,,,,,,,,,230,200,3.4,4.6,,230,,,4.0,
2006-06-16 19:00:00,,,,,0.0,,,,,0.0,0.0,87,,,1007.8,,,,,,,,,1002.6,0.3,,24.7,,,,27.0,,,,,,,,,,,,,,220,230,3.5,4.7,,230,,,3.9,
2006-06-16 20:00:00,,,,,0.0,,,,,0.0,0.0,87,,,1008.3,,,,,,,,,1003.1,,,24.9,,,,27.2,,,,,,,,,,,,,,210,220,4.0,4.8,,220,,,4.2,
2006-06-16 21:00:00,,,,,0.0,,,,,0.0,0.0,88,,,1009.1,,,,,,,,,1003.9,,,25.2,,,,27.3,,,,,,,,,,,,,,200,190,4.2,5.9,,210,,,4.8,
2006-06-16 22:00:00,,,,,0.0,,,,,0.0,0.0,89,,,1009.3,,,,,,,,,1004.1,,,25.2,,,,27.2,,,,,,,,,,,,,,200,200,4.3,5.5,,210,,,4.3,
2006-06-16 23:00:00,,,,,0.0,,,,,0.0,0.0,87,,,1009.5,,,,,,,,,1004.3,,,25.0,,,,27.3,,,,,,,,,,,,,,200,200,5.0,6.8,,190,,,5.2,
2006-06-17 00:00:00,,,,,0.0,,,,,0.0,0.0,88,,,1009.1,,,,,,,,,1003.9,,,24.9,,,,27.1,,,,,,,,,,,,,,190,200,4.8,6.8,,190,,,5.7,
2006-06-17 01:00:00,,,,,0.0,,,,,0.0,0.0,87,,,1008.8,,,,,,,,,1003.6,,,25.0,,,,27.3,,,,,,,,,,,,,,180,200,3.8,6.2,,190,,,4.8,
2006-06-17 02:00:00,,,,,0.0,,,,,0.0,0.0,88,,,1008.4,,,,,,,,,1003.2,,,24.9,,,,27.1,,,,,,,,,,,,,,190,190,3.9,7.3,,190,,,5.3,
2006-06-17 03:00:00,,,,,0.0,,,,,0.0,0.0,88,,,1008.4,,,,,,,,,1003.2,,,25.0,,,,27.1,,,,,,,,,,,,,,190,180,3.2,6.0,,180,,,4.1,
2006-06-17 04:00:00,,,,,0.0,,,,,0.0,0.0,88,,,1008.5,,,,,,,,,1003.3,,,24.8,,,,27.0,,,,,,,,,,,,,,190,180,2.9,5.0,,180,,,4.0,
2006-06-17 05:00:00,,,,,0.0,,,,,0.0,0.0,88,,,1008.6,,,,,,,,,1003.4,,,24.9,,,,27.0,,,,,,,,,,,,,,190,190,3.3,4.9,,190,,,4.0,
2006-06-17 06:00:00,,,,,0.0,,,,,0.0,0.0,90,,,1009.0,,,,,,,,,1003.8,0.0,,24.8,,,,26.6,,,,,,,,,,,,,,210,210,3.4,6.0,,210,,,3.4,
2006-06-17 07:00:00,,,,,0.0,,,,,0.0,0.0,89,,,1009.5,,,,,,,,,1004.3,0.0,,24.4,,,,26.4,,,,,,,,,,,,,,210,160,3.0,4.6,,210,,,3.4,
2006-06-17 08:00:00,,6.0,,,0.81,,,,,0.0,0.0,92,,,1009.7,,,,,,,,,1004.5,0.9,,26.1,,,,27.6,,,,,,,,,,30.0,,,,200,210,1.5,3.7,,210,,,3.3,
2006-06-17 09:00:00,,6.0,,,1.33,,,,,0.0,0.0,89,,,1010.0,,,,,,,,,1004.9,1.0,,26.1,,,,28.1,,,,,,,,,,30.0,,,,200,200,3.3,4.8,,200,,,3.3,
2006-06-17 10:00:00,,,,,1.95,,,,,0.0,0.0,87,,,1010.4,,,,,,,,,1005.3,1.0,,26.2,,,,28.6,,,,,,,,,,,,,,200,210,3.7,5.5,,200,,,3.8,
2006-06-17 11:00:00,,7.0,,,2.4,,,,,0.0,0.0,87,,,1010.3,,,,,,,,,1005.2,1.0,,26.3,,,,28.7,,,,,,,,,,30.0,,,,210,200,3.8,5.2,,200,,,4.0,
2006-06-17 12:00:00,,,,,2.38,,,,,0.0,0.0,86,,,1009.7,,,,,,,,,1004.6,1.0,,26.4,,,,29.0,,,,,,,,,,,,,,220,210,2.5,4.2,,210,,,3.9,
2006-06-17 13:00:00,,,,,2.21,,,,,0.0,0.0,86,,,1009.4,,,,,,,,,1004.3,0.9,,26.5,,,,29.0,,,,,,,,,,,,,,220,240,2.4,3.5,,230,,,2.8,
2006-06-17 14:00:00,,6.0,,,2.21,,,,,0.0,0.0,83,,,1008.8,,,,,,,,,1003.7,0.7,,26.6,,,,29.7,,,,,,,,,,30.0,,,,210,200,2.7,3.7,,200,,,2.8,
2006-06-17 15:00:00,,,,,1.91,,,,,0.0,0.0,82,,,1008.3,,,,,,,,,1003.2,1.0,,26.1,,,,29.4,,,,,,,,,,,,,,190,190,4.8,5.9,,190,,,4.9,
2006-06-17 16:00:00,,,,,1.58,,,,,0.0,0.0,84,,,1008.2,,,,,,,,,1003.1,1.0,,26.2,,,,29.1,,,,,,,,,,,,,,230,190,3.0,5.4,,190,,,4.8,
2006-06-17 17:00:00,,7.0,,,0.86,,,,,0.0,0.0,82,,,1008.3,,,,,,,,,1003.2,0.5,,25.9,,,,29.3,,,,,,,,,,30.0,,,,260,240,2.7,3.5,,240,,,3.1,
2006-06-17 18:00:00,,,,,0.57,,,,,0.0,0.0,83,,,1008.4,,,,,,,,,1003.3,1.0,,25.1,,,,28.3,,,,,,,,,,,,,,250,280,0.9,3.4,,280,,,2.9,
2006-06-17 19:00:00,,,,,0.0,,,,,0.0,0.0,85,,,1008.9,,,,,,,,,1003.7,0.0,,24.1,,,,26.9,,,,,,,,,,,,,,270,290,2.6,4.0,,280,,,3.3,
2006-06-17 20:00:00,,,,,0.0,,,,,0.0,0.0,85,,,1009.4,,,,,,,,,1004.2,,,23.9,,,,26.6,,,,,,,,,,,,,,290,280,3.2,3.8,,280,,,3.2,
2006-06-17 21:00:00,,,,,0.0,,,,,0.0,0.0,87,,,1009.8,,,,,,,,,1004.6,,,24.4,,,,26.7,,,,,,,,,,,,,,250,280,1.8,3.4,,290,,,3.1,
2006-06-17 22:00:00,,,,,0.0,,,,,0.0,0.0,88,,,1010.3,,,,,,,,,1005.1,,,24.7,,,,26.8,,,,,,,,,,,,,,250,240,2.8,4.2,,240,,,3.4,
2006-06-17 23:00:00,,,,,0.0,,,,,0.0,0.0,88,,,1010.2,,,,,,,,,1005.0,,,24.5,,,,26.7,,,,,,,,,,,,,,220,240,3.7,4.7,,240,,,4.0,
2006-06-18 00:00:00,,,,,0.0,,,,,0.0,0.0,88,,,1010.0,,,,,,,,,1004.8,,,24.6,,,,26.7,,,,,,,,,,,,,,220,240,4.0,4.9,,230,,,4.1,
2006-06-18 01:00:00,,,,,0.0,,,,,0.0,0.0,90,,,1009.7,,,,,,,,,1004.5,,,25.2,,,,26.9,,,,,,,,,,,,,,220,220,3.0,4.4,,220,,,4.0,
2006-06-18 02:00:00,,,,,0.0,,,,,0.0,0.0,90,,,1009.5,,,,,,,,,1004.3,,,25.4,,,,27.1,,,,,,,,,,,,,,220,210,2.9,3.4,,220,,,3.0,
2006-06-18 03:00:00,,,,,0.0,,,,,0.0,0.0,91,,,1009.1,,,,,,,,,1003.9,,,25.4,,,,27.0,,,,,,,,,,,,,,190,210,1.1,3.2,,220,,,3.0,
2006-06-18 04:00:00,,,,,0.0,,,,,0.0,0.0,92,,,1008.9,,,,,,,,,1003.7,,,25.5,,,,26.9,,,,,,,,,,,,,,190,190,2.3,3.7,,180,,,2.8,
2006-06-18 05:00:00,,,,,0.0,,,,,0.0,0.0,90,,,1009.0,,,,,,,,,1003.8,,,25.4,,,,27.2,,,,,,,,,,,,,,190,180,2.0,3.0,,180,,,2.3,
2006-06-18 06:00:00,,,,,0.0,,,,,0.0,0.0,91,,,1009.4,,,,,,,,,1004.2,0.0,,25.6,,,,27.2,,,,,,,,,,,,,,210,210,2.3,2.6,,210,,,2.3,
2006-06-18 07:00:00,,,,,0.2,,,,,0.0,0.0,93,,,1009.6,,,,,,,,,1004.5,0.3,,26.8,,,,28.0,,,,,,,,,,,,,,250,210,0.5,2.5,,210,,,2.3,
2006-06-18 08:00:00,,4.0,,,0.81,,,,,0.0,0.0,94,,,1009.7,,,,,,,,,1004.6,1.0,,27.3,,,,28.4,,,,,,,,,,15.0,,,,0,270,0.1,1.9,,250,,,0.5,
2006-06-18 09:00:00,,3.0,,,1.43,,,,,0.0,0.0,91,,,1010.2,,,,,,,,,1005.1,1.0,,27.3,,,,28.9,,,,,,,,,,15.0,,,,300,310,1.5,2.6,,300,,,1.5,
2006-06-18 10:00:00,,,,,1.84,,,,,0.0,0.0,88,,,1010.5,,,,,,,,,1005.4,1.0,,26.7,,,,28.9,,,,,,,,,,,,,,320,330,2.0,3.3,,320,,,2.5,
2006-06-18 11:00:00,,6.0,,,2.4,,,,,0.0,0.0,87,,,1010.5,,,,,,,,,1005.4,1.0,,26.9,,,,29.3,,,,,,,,,,20.0,,,,310,320,2.2,3.6,,320,,,2.8,
2006-06-18 12:00:00,,,,,2.22,,,,,0.0,0.0,86,,,1009.8,,,,,,,,,1004.7,1.0,,26.3,,,,28.9,,,,,,,,,,,,,,270,290,2.0,3.9,,290,,,3.0,
2006-06-18 13:00:00,,,,,2.03,,,,,0.0,0.0,85,,,1009.9,,,,,,,,,1004.8,1.0,,26.5,,,,29.2,,,,,,,,,,,,,,270,260,1.8,2.7,,270,,,2.0,
2006-06-18 14:00:00,,9.0,,,2.08,,,,,0.0,0.0,85,,,1010.0,,,,,,,,,1004.9,0.8,,25.9,,,,28.6,,,,,,,,,,20.0,,,,280,310,2.9,4.6,,290,,,3.6,
2006-06-18 15:00:00,,,,,1.08,,,,,0.0,0.0,87,,,1009.1,,,,,,,,,1004.0,0.2,,25.8,,,,28.2,,,,,,,,,,,,,,280,290,3.2,4.4,,290,,,3.6,
2006-06-18 16:00:00,,,,,1.14,,,,,0.0,0.0,88,,,1008.9,,,,,,,,,1003.8,0.5,,26.2,,,,28.3,,,,,,,,,,,,,,260,290,1.2,3.7,,280,,,3.2,
2006-06-18 17:00:00,,7.0,,,0.87,,,,,0.0,0.0,87,,,1009.3,,,,,,,,,1004.2,0.6,,26.1,,,,28.5,,,,,,,,,,20.0,,,,280,250,0.5,2.6,,270,,,1.7,
2006-06-18 18:00:00,,,,,0.3,,,,,0.0,0.0,88,,,1009.7,,,,,,,,,1004.5,0.2,,25.2,,,,27.4,,,,,,,,,,,,,,0,310,0.0,2.6,,310,,,1.5,
2006-06-18 19:00:00,,,,,0.0,,,,,0.0,0.0,87,,,1010.0,,,,,,,,,1004.8,0.0,,24.8,,,,27.2,,,,,,,,,,,,,,0,0,0.0,0.0,,0,,,0.0,
2006-06-18 20:00:00,,,,,0.0,,,,,0.0,0.0,91,,,1010.0,,,,,,,,,1004.8,,,24.8,,,,26.4,,,,,,,,,,,,,,0,0,0.0,0.0,,0,,,0.0,
2006-06-18 21:00:00,,,,,0.0,,,,,0.0,0.0,91,,,1010.2,,,,,,,,,1005.0,,,24.9,,,,26.5,,,,,,,,,,,,,,0,0,0.0,0.0,,0,,,0.0,
2006-06-18 22:00:00,,,,,0.0,,,,,0.0,0.0,93,,,1010.6,,,,,,,,,1005.4,,,24.6,,,,25.9,,,,,,,,,,,,,,0,270,0.0,2.1,,270,,,0.8,
2006-06-18 23:00:00,,,,,0.0,,,,,0.0,0.0,89,,,1010.8,,,,,,,,,1005.6,,,24.2,,,,26.2,,,,,,,,,,,,,,0,110,0.0,2.0,,0,,,0.2,
2006-06-19 00:00:00,,,,,0.0,,,,,0.0,0.0,87,,,1010.0,,,,,,,,,1004.8,,,24.1,,,,26.4,,,,,,,,,,,,,,0,0,0.0,0.0,,0,,,0.0,
2006-06-19 01:00:00,,,,,0.0,,,,,0.0,0.0,85,,,1009.4,,,,,,,,,1004.2,,,23.7,,,,26.4,,,,,,,,,,,,,,0,180,0.0,2.0,,180,,,0.5,
2006-06-19 02:00:00,,,,,0.0,,,,,0.0,0.0,86,,,1009.1,,,,,,,,,1003.9,,,23.6,,,,26.1,,,,,,,,,,,,,,0,0,0.0,0.0,,0,,,0.0,
2006-06-19 03:00:00,,,,,0.0,,,,,0.0,0.0,84,,,1009.2,,,,,,,,,1004.0,,,23.3,,,,26.3,,,,,,,,,,,,,,0,10,0.0,2.5,,10,,,1.3,
2006-06-19 04:00:00,,,,,0.0,,,,,0.0,0.0,91,,,1009.0,,,,,,,,,1003.8,,,24.2,,,,25.7,,,,,,,,,,,,,,0,320,0.2,2.6,,310,,,1.8,
2006-06-19 05:00:00,,,,,0.0,,,,,0.0,0.0,88,,,1009.5,,,,,,,,,1004.3,,,23.8,,,,25.9,,,,,,,,,,,,,,0,300,0.1,2.7,,300,,,2.0,
2006-06-19 06:00:00,,,,,0.0,,,,,0.0,0.0,86,,,1010.5,,,,,,,,,1005.3,0.0,,23.3,,,,25.9,,,,,,,,,,,,,,0,330,0.0,1.0,,0,,,0.1,
2006-06-19 07:00:00,,,,,0.0,,,,,0.0,0.0,89,,,1010.8,,,,,,,,,1005.6,0.0,,24.2,,,,26.2,,,,,,,,,,,,,,320,330,1.6,2.3,,320,,,1.6,
2006-06-19 08:00:00,,8.0,,,0.52,,,,,0.0,0.0,77,,,1011.3,,,,,,,,,1006.1,0.0,,23.3,,,,27.7,,,,,,,,,,40.0,,,,0,320,0.1,2.3,,320,,,1.8,
2006-06-19 09:00:00,,6.0,,,0.99,,,,,0.0,0.0,74,,,1011.6,,,,,,,,,1006.4,0.4,,23.1,,,,28.1,,,,,,,,,,40.0,,,,350,350,0.9,2.4,,350,,,1.3,
2006-06-19 10:00:00,,,,,1.88,,,,,0.0,0.0,75,,,1011.7,,,,,,,,,1006.6,1.0,,24.0,,,,28.9,,,,,,,,,,,,,,350,340,2.3,4.5,,350,,,3.3,
2006-06-19 11:00:00,,9.0,,,2.01,,,,,0.0,0.0,80,,,1012.1,,,,,,,,,1006.9,0.7,,24.1,,,,27.9,,,,,,,,,,40.0,,,,350,340,2.5,3.9,,350,,,2.8,
2006-06-19 12:00:00,,,,,1.65,,,,,0.0,0.0,80,,,1012.2,,,,,,,,,1007.0,0.5,,24.1,,,,27.9,,,,,,,,,,,,,,190,210,4.9,9.2,,190,,,6.6,
2006-06-19 13:00:00,,,,,2.42,,,,,0.0,0.0,78,,,1011.0,,,,,,,,,1005.9,0.8,,24.2,,,,28.5,,,,,,,,,,,,,,250,200,3.4,6.4,,240,,,5.4,
2006-06-19 14:00:00,,8.0,,,2.01,,,,,0.0,0.0,80,,,1011.1,,,,,,,,,1005.9,0.6,,23.8,,,,27.6,,,,,,,,,,40.0,,,,220,240,3.1,6.7,,240,,,5.3,
2006-06-19 15:00:00,,,,,1.53,,,,,0.0,0.0,80,,,1011.3,,,,,,,,,1006.1,0.2,,24.1,,,,27.8,,,,,,,,,,,,,,200,210,3.0,5.1,,190,,,3.5,
2006-06-19 16:00:00,,,,,0.87,,,,,0.0,0.0,75,,,1011.3,,,,,,,,,1006.1,0.0,,22.6,,,,27.5,,,,,,,,,,,,,,210,210,1.9,5.6,,210,,,4.2,
2006-06-19 17:00:00,,10.0,,,0.45,,,,,0.0,0.0,81,,,1011.1,,,,,,,,,1005.9,0.1,,22.8,,,,26.4,,,,,,,,,,40.0,,,,100,110,3.8,9.0,,110,,,6.4,
2006-06-19 18:00:00,,,,,0.1,,,,,0.0,0.0,83,,,1011.0,,,,,,,,,1005.8,0.0,,23.2,,,,26.4,,,,,,,,,,,,,,0,100,0.0,4.7,,100,,,3.6,
2006-06-19 19:00:00,,,,,0.0,,,,,0.0,0.0,85,,,1011.3,,,,,,,,,1006.1,0.0,,23.1,,,,25.8,,,,,,,,,,,,,,130,70,0.4,2.4,,70,,,0.8,
2006-06-19 20:00:00,,,,,0.0,,,,,0.0,0.0,85,,,1011.8,,,,,,,,,1006.6,,,23.7,,,,26.4,,,,,,,,,,,,,,150,140,4.1,5.7,,150,,,4.1,
2006-06-19 21:00:00,,,,,0.0,,,,,0.0,0.0,81,,,1012.4,,,,,,,,,1007.2,,,23.1,,,,26.7,,,,,,,,,,,,,,140,140,4.5,6.5,,150,,,4.7,
2006-06-19 22:00:00,,,,,0.0,,,,,0.0,0.0,80,,,1012.6,,,,,,,,,1007.4,,,23.1,,,,26.9,,,,,,,,,,,,,,170,140,2.9,6.0,,140,,,4.5,
2006-06-19 23:00:00,,,,,0.0,,,,,0.0,0.0,87,,,1012.5,,,,,,,,,1007.3,,,24.2,,,,26.5,,,,,,,,,,,,,,200,170,0.5,3.9,,170,,,2.9,
2006-06-20 00:00:00,,,,,0.0,,,,,0.0,0.0,90,,,1011.6,,,,,,,,,1006.4,,,24.2,,,,26.0,,,,,,,,,,,,,,340,340,1.3,2.7,,340,,,1.3,
2006-06-20 01:00:00,,,,,0.0,,,,,0.0,0.0,92,,,1011.3,,,,,,,,,1006.1,,,23.8,,,,25.2,,,,,,,,,,,,,,20,20,2.3,3.0,,20,,,2.6,
2006-06-20 02:00:00,,,,,0.0,,,,,0.0,0.0,91,,,1010.8,,,,,,,,,1005.6,,,24.1,,,,25.6,,,,,,,,,,,,,,30,40,1.4,2.7,,40,,,2.4,
2006-06-20 03:00:00,,,,,0.0,,,,,0.0,0.0,93,,,1010.1,,,,,,,,,1004.9,,,24.1,,,,25.3,,,,,,,,,,,,,,10,20,2.8,3.5,,10,,,2.8,
2006-06-20 04:00:00,,,,,0.0,,,,,0.0,0.0,92,,,1009.7,,,,,,,,,1004.5,,,23.9,,,,25.3,,,,,,,,,,,,,,10,10,4.0,4.9,,10,,,4.0,
2006-06-20 05:00:00,,,,,0.0,,,,,0.0,0.0,91,,,1010.2,,,,,,,,,1005.0,,,23.8,,,,25.3,,,,,,,,,,,,,,10,20,2.8,4.4,,10,,,4.0,
2006-06-20 06:00:00,,,,,0.0,,,,,0.0,0.0,92,,,1011.3,,,,,,,,,1006.1,0.0,,24.1,,,,25.5,,,,,,,,,,,,,,10,10,1.8,3.4,,10,,,2.8,
2006-06-20 07:00:00,,,,,0.13,,,,,0.0,0.0,91,,,1011.7,,,,,,,,,1006.5,0.2,,24.9,,,,26.5,,,,,,,,,,,,,,360,340,4.7,6.0,,360,,,4.7,
2006-06-20 08:00:00,,2.0,,,0.94,,,,,0.0,0.0,87,,,1011.9,,,,,,,,,1006.7,1.0,,25.0,,,,27.4,,,,,,,,,,30.0,,,,360,360,4.3,6.4,,360,,,5.1,
2006-06-20 09:00:00,,1.0,,,1.47,,,,,0.0,0.0,87,,,1012.2,,,,,,,,,1007.0,1.0,,25.3,,,,27.7,,,,,,,,,,30.0,,,,10,10,4.3,6.0,,10,,,4.6,
2006-06-20 10:00:00,,,,,1.82,,,,,0.0,0.0,85,,,1011.9,,,,,,,,,1006.8,1.0,,26.0,,,,28.8,,,,,,,,,,,,,,10,10,4.1,5.6,,10,,,4.5,
2006-06-20 11:00:00,,1.0,,,2.39,,,,,0.0,0.0,81,,,1011.5,,,,,,,,,1006.4,1.0,,25.2,,,,28.8,,,,,,,,,,30.0,,,,10,20,4.3,6.2,,10,,,4.8,
2006-06-20 12:00:00,,,,,2.37,,,,,0.0,0.0,81,,,1011.4,,,,,,,,,1006.3,1.0,,24.9,,,,28.4,,,,,,,,,,,,,,20,360,4.2,5.8,,10,,,4.4,
2006-06-20 13:00:00,,,,,2.4,,,,,0.0,0.0,81,,,1011.4,,,,,,,,,1006.3,1.0,,25.7,,,,29.4,,,,,,,,,,,,,,40,10,3.1,5.0,,20,,,4.1,
2006-06-20 14:00:00,,1.0,,,2.16,,,,,0.0,0.0,81,,,1010.5,,,,,,,,,1005.4,0.9,,25.3,,,,28.8,,,,,,,,,,30.0,,,,360,10,3.1,4.7,,40,,,3.4,
2006-06-20 15:00:00,,,,,2.0,,,,,0.0,0.0,82,,,1010.1,,,,,,,,,1005.0,1.0,,25.2,,,,28.5,,,,,,,,,,,,,,350,360,2.7,4.6,,360,,,3.3,
2006-06-20 16:00:00,,,,,1.67,,,,,0.0,0.0,82,,,1010.3,,,,,,,,,1005.2,1.0,,24.9,,,,28.2,,,,,,,,,,,,,,10,360,3.3,4.6,,10,,,3.4,
2006-06-20 17:00:00,,2.0,,,1.01,,,,,0.0,0.0,85,,,1010.4,,,,,,,,,1005.2,1.0,,24.8,,,,27.5,,,,,,,,,,30.0,,,,10,10,4.9,6.2,,10,,,5.0,
2006-06-20 18:00:00,,,,,0.38,,,,,0.0,0.0,86,,,1010.4,,,,,,,,,1005.2,0.9,,24.5,,,,27.0,,,,,,,,,,,,,,20,360,3.7,6.4,,10,,,5.1,
2006-06-20 19:00:00,,,,,0.0,,,,,0.0,0.0,88,,,1011.2,,,,,,,,,1006.0,0.4,,24.4,,,,26.6,,,,,,,,,,,,,,20,10,2.2,4.6,,20,,,3.6,
2006-06-20 20:00:00,,,,,0.0,,,,,0.0,0.0,88,,,1011.3,,,,,,,,,1006.1,,,24.6,,,,26.7,,,,,,,,,,,,,,350,60,2.2,2.9,,20,,,2.2,
2006-06-20 21:00:00,,,,,0.0,,,,,0.0,0.0,89,,,1011.4,,,,,,,,,1006.2,,,24.4,,,,26.3,,,,,,,,,,,,,,360,340,2.1,4.1,,350,,,3.2,
2006-06-20 22:00:00,,,,,0.0,,,,,0.0,0.0,90,,,1011.4,,,,,,,,,1006.2,,,24.3,,,,26.1,,,,,,,,,,,,,,350,350,2.9,4.0,,360,,,3.2,
2006-06-20 23:00:00,,,,,0.0,,,,,0.0,0.0,90,,,1011.2,,,,,,,,,1006.0,,,24.3,,,,26.0,,,,,,,,,,,,,,350,350,2.5,3.8,,350,,,3.1,
2006-06-21 00:00:00,,,,,0.0,,,,,0.0,0.0,90,,,1010.6,,,,,,,,,1005.4,,,23.7,,,,25.4,,,,,,,,,,,,,,350,340,3.3,3.8,,350,,,3.3,
2006-06-21 01:00:00,,,,,0.0,,,,,0.0,0.0,91,,,1010.4,,,,,,,,,1005.2,,,23.9,,,,25.4,,,,,,,,,,,,,,350,350,2.4,3.7,,350,,,3.3,
2006-06-21 02:00:00,,,,,0.0,,,,,0.0,0.0,94,,,1010.3,,,,,,,,,1005.1,,,24.2,,,,25.2,,,,,,,,,,,,,,350,360,2.4,3.5,,350,,,2.4,
2006-06-21 03:00:00,,,,,0.0,,,,,0.0,0.0,93,,,1010.6,,,,,,,,,1005.4,,,24.2,,,,25.4,,,,,,,,,,,,,,350,350,2.7,4.4,,350,,,3.3,
2006-06-21 04:00:00,,,,,0.0,,,,,0.0,0.0,93,,,1010.8,,,,,,,,,1005.6,,,24.3,,,,25.5,,,,,,,,,,,,,,350,350,2.3,3.5,,350,,,2.8,
2006-06-21 05:00:00,,,,,0.0,,,,,0.0,0.0,95,,,1010.8,,,,,,,,,1005.6,,,24.3,,,,25.2,,,,,,,,,,,,,,10,360,2.5,3.5,,360,,,2.7,
2006-06-21 06:00:00,,,,,0.0,,,,,0.0,0.0,95,,,1011.0,,,,,,,,,1005.8,0.1,,24.7,,,,25.5,,,,,,,,,,,,,,10,10,2.5,3.6,,10,,,2.8,
2006-06-21 07:00:00,,,,,0.24,,,,,0.0,0.0,95,,,1011.1,,,,,,,,,1005.9,0.2,,25.3,,,,26.1,,,,,,,,,,,,,,10,30,2.9,3.8,,20,,,3.0,
2006-06-21 08:00:00,,0.0,,,0.84,,,,,0.0,0.0,92,,,1011.3,,,,,,,,,1006.1,1.0,,25.4,,,,26.9,,,,,,,,,,20.0,,,,10,360,4.0,5.4,,10,,,4.3,
2006-06-21 09:00:00,,0.0,,,1.45,,,,,0.0,0.0,90,,,1011.5,,,,,,,,,1006.3,1.0,,25.8,,,,27.5,,,,,,,,,,20.0,,,,10,360,4.1,5.7,,10,,,4.7,
2006-06-21 10:00:00,,,,,1.82,,,,,0.0,0.0,87,,,1011.4,,,,,,,,,1006.2,1.0,,25.5,,,,27.8,,,,,,,,,,,,,,10,10,4.2,5.4,,10,,,4.6,
2006-06-21 11:00:00,,1.0,,,2.32,,,,,0.0,0.0,85,,,1011.1,,,,,,,,,1006.0,1.0,,26.0,,,,28.7,,,,,,,,,,20.0,,,,20,360,3.8,5.3,,10,,,4.2,
2006-06-21 12:00:00,,,,,2.4,,,,,0.0,0.0,74,,,1011.0,,,,,,,,,1005.9,1.0,,24.5,,,,29.6,,,,,,,,,,,,,,20,30,3.1,5.1,,20,,,3.8,
2006-06-21 13:00:00,,,,,2.4,,,,,0.0,0.0,72,,,1010.6,,,,,,,,,1005.5,1.0,,24.3,,,,29.8,,,,,,,,,,,,,,10,20,2.5,4.4,,30,,,3.3,
2006-06-21 14:00:00,,1.0,,,2.4,,,,,0.0,0.0,73,,,1010.0,,,,,,,,,1004.9,1.0,,24.9,,,,30.4,,,,,,,,,,20.0,,,,20,360,0.8,4.3,,10,,,3.1,
2006-06-21 15:00:00,,,,,1.98,,,,,0.0,0.0,70,,,1009.4,,,,,,,,,1004.3,1.0,,24.6,,,,30.7,,,,,,,,,,,,,,270,360,0.8,3.7,,350,,,2.6,
2006-06-21 16:00:00,,,,,1.59,,,,,0.0,0.0,72,,,1008.8,,,,,,,,,1003.7,1.0,,24.5,,,,30.1,,,,,,,,,,,,,,290,280,2.5,3.4,,280,,,2.6,
2006-06-21 17:00:00,,1.0,,,1.05,,,,,0.0,0.0,72,,,1009.0,,,,,,,,,1003.9,1.0,,23.6,,,,29.2,,,,,,,,,,20.0,,,,300,320,0.3,4.1,,320,,,2.9,
2006-06-21 18:00:00,,,,,0.44,,,,,0.0,0.0,73,,,1009.0,,,,,,,,,1003.9,1.0,,23.0,,,,28.2,,,,,,,,,,,,,,200,190,2.5,3.7,,200,,,2.5,
2006-06-21 19:00:00,,,,,0.0,,,,,0.0,0.0,77,,,1008.7,,,,,,,,,1003.6,0.4,,23.1,,,,27.5,,,,,,,,,,,,,,190,190,2.7,4.3,,190,,,3.1,
2006-06-21 20:00:00,,,,,0.0,,,,,0.0,0.0,77,,,1009.7,,,,,,,,,1004.5,,,23.1,,,,27.5,,,,,,,,,,,,,,170,180,2.2,3.8,,170,,,2.9,
2006-06-21 21:00:00,,,,,0.0,,,,,0.0,0.0,77,,,1009.7,,,,,,,,,1004.6,,,23.3,,,,27.8,,,,,,,,,,,,,,190,190,2.4,3.5,,170,,,2.4,
2006-06-21 22:00:00,,,,,0.0,,,,,0.0,0.0,76,,,1010.3,,,,,,,,,1005.1,,,23.0,,,,27.6,,,,,,,,,,,,,,0,190,0.0,4.0,,190,,,3.3,
2006-06-21 23:00:00,,,,,0.0,,,,,0.0,0.0,77,,,1010.3,,,,,,,,,1005.1,,,23.0,,,,27.4,,,,,,,,,,,,,,170,170,1.6,2.4,,170,,,2.0,
2006-06-22 00:00:00,,,,,0.0,,,,,0.0,0.0,79,,,1010.0,,,,,,,,,1004.8,,,23.4,,,,27.4,,,,,,,,,,,,,,180,180,0.7,2.6,,180,,,2.0,
2006-06-22 01:00:00,,,,,0.0,,,,,0.0,0.0,84,,,1009.2,,,,,,,,,1004.0,,,24.3,,,,27.3,,,,,,,,,,,,,,210,190,0.3,2.5,,200,,,1.9,
2006-06-22 02:00:00,,,,,0.0,,,,,0.0,0.0,87,,,1008.9,,,,,,,,,1003.8,,,25.2,,,,27.6,,,,,,,,,,,,,,200,190,4.6,6.5,,200,,,4.6,
2006-06-22 03:00:00,,,,,0.0,,,,,0.0,0.0,84,,,1008.3,,,,,,,,,1003.2,,,24.7,,,,27.7,,,,,,,,,,,,,,200,200,4.6,6.8,,200,,,5.4,
2006-06-22 04:00:00,,,,,0.0,,,,,0.0,0.0,82,,,1008.6,,,,,,,,,1003.5,,,24.3,,,,27.6,,,,,,,,,,,,,,200,200,5.1,6.9,,200,,,5.3,
2006-06-22 05:00:00,,,,,0.0,,,,,0.0,0.0,80,,,1008.8,,,,,,,,,1003.7,,,24.0,,,,27.7,,,,,,,,,,,,,,190,190,4.7,6.8,,200,,,5.2,
2006-06-22 06:00:00,,,,,0.0,,,,,0.0,0.0,82,,,1009.1,,,,,,,,,1004.0,0.1,,24.5,,,,27.8,,,,,,,,,,,,,,160,190,3.5,5.4,,190,,,4.6,
2006-06-22 07:00:00,,,,,0.4,,,,,0.0,0.0,81,,,1009.3,,,,,,,,,1004.2,0.4,,25.0,,,,28.5,,,,,,,,,,,,,,140,150,2.8,4.9,,150,,,4.0,
2006-06-22 08:00:00,,2.0,,,0.79,,,,,0.0,0.0,83,,,1009.2,,,,,,,,,1004.1,0.8,,25.8,,,,29.0,,,,,,,,,,20.0,,,,120,120,3.7,5.7,,110,,,3.7,
2006-06-22 09:00:00,,1.0,,,1.27,,,,,0.0,0.0,81,,,1009.5,,,,,,,,,1004.4,0.6,,25.9,,,,29.6,,,,,,,,,,20.0,,,,120,140,3.5,5.2,,120,,,3.8,
2006-06-22 10:00:00,,,,,1.8,,,,,0.0,0.0,80,,,1009.5,,,,,,,,,1004.4,1.0,,25.9,,,,29.8,,,,,,,,,,,,,,140,100,3.5,5.0,,120,,,3.5,
2006-06-22 11:00:00,,1.0,,,1.64,,,,,0.0,0.0,76,,,1009.7,,,,,,,,,1004.6,1.0,,25.7,,,,30.4,,,,,,,,,,20.0,,,,140,140,3.6,5.4,,150,,,3.7,
2006-06-22 12:00:00,,,,,1.99,,,,,0.0,0.0,73,,,1009.3,,,,,,,,,1004.2,0.9,,25.5,,,,30.8,,,,,,,,,,,,,,180,170,4.3,6.2,,180,,,4.3,
2006-06-22 13:00:00,,,,,2.37,,,,,0.0,0.0,74,,,1009.5,,,,,,,,,1004.4,0.7,,25.4,,,,30.6,,,,,,,,,,,,,,200,170,4.3,7.9,,180,,,5.7,
2006-06-22 14:00:00,,1.0,,,1.8,,,,,0.0,0.0,76,,,1008.8,,,,,,,,,1003.7,0.8,,25.5,,,,30.3,,,,,,,,,,20.0,,,,200,200,4.7,7.5,,190,,,5.8,
2006-06-22 15:00:00,,,,,1.8,,,,,0.0,0.0,79,,,1007.9,,,,,,,,,1002.8,0.9,,26.0,,,,30.0,,,,,,,,,,,,,,190,200,5.2,7.5,,190,,,6.3,
2006-06-22 16:00:00,,,,,1.23,,,,,0.0,0.0,81,,,1007.9,,,,,,,,,1002.8,0.8,,26.0,,,,29.7,,,,,,,,,,,,,,190,190,7.3,9.6,,190,,,8.0,
2006-06-22 17:00:00,,7.0,,,0.74,,,,,0.0,0.0,78,,,1008.0,,,,,,,,,1002.9,0.1,,25.1,,,,29.4,,,,,,,,,,20.0,,,,190,190,5.9,8.9,,190,,,7.4,
2006-06-22 18:00:00,,,,,0.04,,,,,0.0,0.0,81,,,1008.3,,,,,,,,,1003.2,0.0,,25.3,,,,28.9,,,,,,,,,,,,,,190,200,5.1,9.9,,190,,,8.1,
2006-06-22 19:00:00,,,,,0.0,,,,,0.0,0.0,85,,,1008.8,,,,,,,,,1003.7,0.0,,25.6,,,,28.4,,,,,,,,,,,,,,180,210,3.9,7.5,,190,,,5.5,
2006-06-22 20:00:00,,,,,0.0,,,,,0.0,0.0,83,,,1009.2,,,,,,,,,1004.1,,,25.2,,,,28.3,,,,,,,,,,,,,,170,170,3.7,6.6,,170,,,4.8,
2006-06-22 21:00:00,,,,,0.0,,,,,0.0,0.0,84,,,1009.6,,,,,,,,,1004.5,,,25.3,,,,28.2,,,,,,,,,,,,,,170,180,3.5,5.3,,180,,,4.1,
2006-06-22 22:00:00,,,,,0.0,,,,,0.0,0.0,85,,,1010.0,,,,,,,,,1004.9,,,25.4,,,,28.1,,,,,,,,,,,,,,170,170,4.0,5.8,,170,,,4.2,
2006-06-22 23:00:00,,,,,0.0,,,,,0.0,0.0,86,,,1009.8,,,,,,,,,1004.7,,,25.5,,,,28.0,,,,,,,,,,,,,,170,180,4.0,5.9,,170,,,4.5,
2006-06-23 00:00:00,,,,,0.0,,,,,0.0,0.0,87,,,1009.4,,,,,,,,,1004.3,,,25.5,,,,27.9,,,,,,,,,,,,,,170,170,4.3,5.9,,170,,,4.4,
2006-06-23 01:00:00,,,,,0.0,,,,,0.0,0.0,87,,,1008.7,,,,,,,,,1003.6,,,25.3,,,,27.7,,,,,,,,,,,,,,170,170,4.8,6.7,,170,,,4.9,
2006-06-23 02:00:00,,,,,0.0,,,,,0.0,0.0,88,,,1008.5,,,,,,,,,1003.4,,,25.5,,,,27.6,,,,,,,,,,,,,,180,170,4.3,7.6,,170,,,5.4,
2006-06-23 03:00:00,,,,,0.0,,,,,0.0,0.0,89,,,1008.0,,,,,,,,,1002.9,,,25.4,,,,27.4,,,,,,,,,,,,,,180,180,5.0,7.1,,180,,,5.0,
2006-06-23 04:00:00,,,,,0.0,,,,,0.0,0.0,88,,,1008.4,,,,,,,,,1003.3,,,25.4,,,,27.6,,,,,,,,,,,,,,180,170,4.6,7.7,,180,,,5.8,
2006-06-23 05:00:00,,,,,0.0,,,,,0.0,0.0,84,,,1008.6,,,,,,,,,1003.5,,,25.2,,,,28.1,,,,,,,,,,,,,,190,200,8.7,10.9,,190,,,9.0,
2006-06-23 06:00:00,,,,,0.0,,,,,0.0,0.0,83,,,1008.9,,,,,,,,,1003.8,0.1,,25.1,,,,28.2,,,,,,,,,,,,,,200,190,6.7,9.9,,190,,,8.7,
2006-06-23 07:00:00,,,,,0.33,,,,,0.0,0.0,81,,,1009.1,,,,,,,,,1004.0,0.4,,25.1,,,,28.6,,,,,,,,,,,,,,190,190,6.7,9.4,,190,,,7.5,
2006-06-23 08:00:00,,1.0,,,0.96,,,,,0.0,0.0,78,,,1009.4,,,,,,,,,1004.3,1.0,,25.0,,,,29.2,,,,,,,,,,30.0,,,,190,190,6.8,9.3,,190,,,8.0,
2006-06-23 09:00:00,,1.0,,,1.45,,,,,0.0,0.0,80,,,1010.2,,,,,,,,,1005.1,1.0,,25.6,,,,29.5,,,,,,,,,,30.0,,,,190,200,6.3,7.8,,190,,,6.6,
2006-06-23 10:00:00,,,,,1.88,,,,,0.0,0.0,81,,,1010.4,,,,,,,,,1005.3,1.0,,26.3,,,,30.0,,,,,,,,,,,,,,210,200,5.3,6.8,,190,,,6.3,
2006-06-23 11:00:00,,1.0,,,2.4,,,,,0.0,0.0,80,,,1010.4,,,,,,,,,1005.3,1.0,,26.4,,,,30.3,,,,,,,,,,30.0,,,,210,210,5.2,7.2,,210,,,5.9,
2006-06-23 12:00:00,,,,,2.4,,,,,0.0,0.0,82,,,1010.1,,,,,,,,,1005.0,1.0,,26.8,,,,30.2,,,,,,,,,,,,,,230,210,3.5,6.8,,210,,,5.8,
2006-06-23 13:00:00,,,,,2.39,,,,,0.0,0.0,79,,,1009.4,,,,,,,,,1004.3,1.0,,27.1,,,,31.1,,,,,,,,,,,,,,280,250,2.5,4.2,,240,,,3.4,
2006-06-23 14:00:00,,1.0,,,2.4,,,,,0.0,0.0,82,,,1009.1,,,,,,,,,1004.0,1.0,,26.9,,,,30.3,,,,,,,,,,30.0,,,,280,280,3.1,4.1,,280,,,3.1,
2006-06-23 15:00:00,,,,,2.02,,,,,0.0,0.0,79,,,1008.5,,,,,,,,,1003.4,1.0,,26.5,,,,30.5,,,,,,,,,,,,,,270,280,3.3,4.6,,280,,,3.7,
2006-06-23 16:00:00,,,,,1.62,,,,,0.0,0.0,80,,,1008.0,,,,,,,,,1002.9,1.0,,26.2,,,,30.0,,,,,,,,,,,,,,260,280,2.8,4.4,,270,,,3.6,
2006-06-23 17:00:00,,1.0,,,1.2,,,,,0.0,0.0,80,,,1007.7,,,,,,,,,1002.6,1.0,,25.8,,,,29.7,,,,,,,,,,30.0,,,,250,260,2.8,4.6,,260,,,3.0,
2006-06-23 18:00:00,,,,,0.36,,,,,0.0,0.0,81,,,1007.5,,,,,,,,,1002.4,0.6,,24.9,,,,28.4,,,,,,,,,,,,,,250,240,2.3,4.5,,270,,,3.4,
2006-06-23 19:00:00,,,,,0.0,,,,,0.0,0.0,81,,,1007.9,,,,,,,,,1002.8,0.5,,24.4,,,,28.0,,,,,,,,,,,,,,260,240,2.5,4.0,,250,,,3.0,
2006-06-23 20:00:00,,,,,0.0,,,,,0.0,0.0,82,,,1008.3,,,,,,,,,1003.2,,,24.3,,,,27.7,,,,,,,,,,,,,,240,250,1.7,3.4,,260,,,2.6,
2006-06-23 21:00:00,,,,,0.0,,,,,0.0,0.0,80,,,1008.8,,,,,,,,,1003.7,,,23.8,,,,27.6,,,,,,,,,,,,,,220,220,2.5,3.1,,220,,,2.5,
2006-06-23 22:00:00,,,,,0.0,,,,,0.0,0.0,84,,,1009.8,,,,,,,,,1004.6,,,24.7,,,,27.6,,,,,,,,,,,,,,200,220,2.7,4.3,,190,,,3.4,
2006-06-23 23:00:00,,,,,0.0,,,,,0.0,0.0,85,,,1009.8,,,,,,,,,1004.6,,,24.9,,,,27.6,,,,,,,,,,,,,,200,190,2.8,4.5,,210,,,3.5,
2006-06-24 00:00:00,,,,,0.0,,,,,0.0,0.0,85,,,1009.8,,,,,,,,,1004.6,,,24.8,,,,27.5,,,,,,,,,,,,,,210,210,4.1,5.1,,210,,,4.1,
2006-06-24 01:00:00,,,,,0.0,,,,,0.0,0.0,86,,,1009.5,,,,,,,,,1004.4,,,25.2,,,,27.8,,,,,,,,,,,,,,190,190,4.8,6.0,,190,,,4.8,
2006-06-24 02:00:00,,,,,0.0,,,,,0.0,0.0,87,,,1009.4,,,,,,,,,1004.2,,,25.2,,,,27.5,,,,,,,,,,,,,,200,200,4.6,7.1,,190,,,5.4,
2006-06-24 03:00:00,,,,,0.0,,,,,0.0,0.0,88,,,1009.5,,,,,,,,,1004.3,,,25.1,,,,27.2,,,,,,,,,,,,,,200,200,3.7,5.5,,210,,,4.6,
2006-06-24 04:00:00,,,,,0.0,,,,,0.0,0.0,90,,,1009.7,,,,,,,,,1004.5,,,25.0,,,,26.7,,,,,,,,,,,,,,220,230,2.6,4.6,,230,,,4.1,
2006-06-24 05:00:00,,,,,0.0,,,,,0.0,0.0,91,,,1009.8,,,,,,,,,1004.6,,,25.2,,,,26.8,,,,,,,,,,,,,,230,230,3.4,4.0,,230,,,3.5,
2006-06-24 06:00:00,,,,,0.0,,,,,0.0,0.0,93,,,1010.1,,,,,,,,,1004.9,0.1,,25.6,,,,26.9,,,,,,,,,,,,,,240,240,2.2,4.3,,240,,,3.5,
2006-06-24 07:00:00,,,,,0.4,,,,,0.0,0.0,94,,,1010.7,,,,,,,,,1005.5,0.4,,26.3,,,,27.3,,,,,,,,,,,,,,230,260,1.0,2.2,,240,,,2.0,
2006-06-24 08:00:00,,2.0,,,0.91,,,,,0.0,0.0,90,,,1010.9,,,,,,,,,1005.8,1.0,,26.6,,,,28.4,,,,,,,,,,35.0,,,,260,250,1.3,2.8,,260,,,1.9,
2006-06-24 09:00:00,,2.0,,,1.45,,,,,0.0,0.0,85,,,1010.9,,,,,,,,,1005.8,1.0,,26.7,,,,29.4,,,,,,,,,,35.0,,,,260,260,2.8,4.5,,260,,,2.9,
2006-06-24 10:00:00,,,,,1.89,,,,,0.0,0.0,84,,,1010.5,,,,,,,,,1005.4,1.0,,26.4,,,,29.3,,,,,,,,,,,,,,250,240,3.6,5.1,,250,,,3.8,
2006-06-24 11:00:00,,1.0,,,2.4,,,,,0.0,0.0,82,,,1010.6,,,,,,,,,1005.5,1.0,,26.4,,,,29.9,,,,,,,,,,35.0,,,,250,240,4.1,5.5,,240,,,4.4,
2006-06-24 12:00:00,,,,,2.4,,,,,0.0,0.0,79,,,1010.6,,,,,,,,,1005.5,1.0,,27.0,,,,31.1,,,,,,,,,,,,,,260,250,2.8,5.2,,250,,,4.1,
2006-06-24 13:00:00,,,,,2.4,,,,,0.0,0.0,78,,,1010.0,,,,,,,,,1004.9,1.0,,26.7,,,,30.9,,,,,,,,,,,,,,270,260,2.9,4.5,,270,,,3.2,
2006-06-24 14:00:00,,1.0,,,2.4,,,,,0.0,0.0,79,,,1009.6,,,,,,,,,1004.5,1.0,,26.5,,,,30.6,,,,,,,,,,35.0,,,,260,280,1.8,4.4,,280,,,3.3,
2006-06-24 15:00:00,,,,,2.06,,,,,0.0,0.0,78,,,1009.1,,,,,,,,,1004.0,1.0,,26.0,,,,30.2,,,,,,,,,,,,,,250,240,2.4,4.2,,250,,,2.9,
2006-06-24 16:00:00,,,,,1.62,,,,,0.0,0.0,82,,,1008.3,,,,,,,,,1003.2,1.0,,25.8,,,,29.2,,,,,,,,,,,,,,240,240,3.0,4.5,,240,,,3.5,
2006-06-24 17:00:00,,0.0,,,1.09,,,,,0.0,0.0,77,,,1008.1,,,,,,,,,1003.0,1.0,,24.8,,,,29.3,,,,,,,,,,35.0,,,,250,250,3.5,6.0,,250,,,4.1,
2006-06-24 18:00:00,,,,,0.46,,,,,0.0,0.0,79,,,1008.4,,,,,,,,,1003.3,1.0,,24.6,,,,28.5,,,,,,,,,,,,,,240,260,4.3,5.5,,240,,,4.3,
2006-06-24 19:00:00,,,,,0.0,,,,,0.0,0.0,83,,,1008.9,,,,,,,,,1003.8,0.5,,24.9,,,,28.0,,,,,,,,,,,,,,190,230,3.6,5.1,,240,,,4.4,
2006-06-24 20:00:00,,,,,0.0,,,,,0.0,0.0,84,,,1010.0,,,,,,,,,1004.9,,,25.1,,,,28.0,,,,,,,,,,,,,,200,200,2.8,5.0,,210,,,3.8,
2006-06-24 21:00:00,,,,,0.0,,,,,0.0,0.0,86,,,1010.6,,,,,,,,,1005.5,,,25.5,,,,28.0,,,,,,,,,,,,,,190,190,3.7,5.0,,190,,,3.7,
2006-06-24 22:00:00,,,,,0.0,,,,,0.0,0.0,87,,,1011.3,,,,,,,,,1006.1,,,25.5,,,,27.8,,,,,,,,,,,,,,180,190,0.3,5.0,,190,,,4.1,
2006-06-24 23:00:00,,,,,0.0,,,,,0.0,0.0,89,,,1010.9,,,,,,,,,1005.7,,,25.8,,,,27.8,,,,,,,,,,,,,,170,180,3.4,5.8,,170,,,3.4,
2006-06-25 00:00:00,,,,,0.0,,,,,0.0,0.0,80,,,1010.7,,,,,,,,,1005.6,,,24.5,,,,28.2,,,,,,,,,,,,,,180,180,4.7,7.8,,180,,,6.0,
2006-06-25 01:00:00,,,,,0.0,,,,,0.0,0.0,74,,,1010.5,,,,,,,,,1005.4,,,23.5,,,,28.5,,,,,,,,,,,,,,190,190,6.2,8.4,,190,,,6.2,
2006-06-25 02:00:00,,,,,0.0,,,,,0.0,0.0,81,,,1009.7,,,,,,,,,1004.6,,,24.6,,,,28.1,,,,,,,,,,,,,,190,190,5.7,8.4,,190,,,6.8,
2006-06-25 03:00:00,,,,,0.0,,,,,0.0,0.0,83,,,1009.5,,,,,,,,,1004.4,,,24.9,,,,28.0,,,,,,,,,,,,,,190,210,5.0,7.3,,190,,,6.0,
2006-06-25 04:00:00,,,,,0.0,,,,,0.0,0.0,84,,,1009.6,,,,,,,,,1004.5,,,25.0,,,,28.0,,,,,,,,,,,,,,190,200,5.8,7.4,,190,,,6.2,
2006-06-25 05:00:00,,,,,0.0,,,,,0.0,0.0,88,,,1010.0,,,,,,,,,1004.8,,,25.4,,,,27.5,,,,,,,,,,,,,,210,190,3.7,6.5,,190,,,5.8,
2006-06-25 06:00:00,,,,,0.0,,,,,0.0,0.0,90,,,1010.4,,,,,,,,,1005.2,0.1,,25.8,,,,27.6,,,,,,,,,,,,,,210,220,3.1,4.0,,210,,,3.7,
2006-06-25 07:00:00,,,,,0.33,,,,,0.0,0.0,86,,,1010.6,,,,,,,,,1005.5,0.4,,26.4,,,,28.9,,,,,,,,,,,,,,210,200,4.6,6.1,,210,,,4.9,
2006-06-25 08:00:00,,1.0,,,0.96,,,,,0.0,0.0,82,,,1010.6,,,,,,,,,1005.5,1.0,,26.2,,,,29.5,,,,,,,,,,35.0,,,,190,200,6.8,8.6,,190,,,7.0,
2006-06-25 09:00:00,,1.0,,,1.48,,,,,0.0,0.0,81,,,1010.7,,,,,,,,,1005.6,1.0,,26.1,,,,29.8,,,,,,,,,,35.0,,,,190,200,7.3,9.5,,190,,,7.5,
2006-06-25 10:00:00,,,,,1.92,,,,,0.0,0.0,81,,,1010.6,,,,,,,,,1005.5,1.0,,26.3,,,,30.0,,,,,,,,,,,,,,190,190,8.1,10.3,,190,,,8.1,
2006-06-25 11:00:00,,1.0,,,2.4,,,,,0.0,0.0,79,,,1010.2,,,,,,,,,1005.1,1.0,,26.3,,,,30.4,,,,,,,,,,35.0,,,,190,190,8.1,10.3,,190,,,8.4,
2006-06-25 12:00:00,,,,,2.4,,,,,0.0,0.0,79,,,1009.9,,,,,,,,,1004.8,1.0,,26.6,,,,30.7,,,,,,,,,,,,,,200,190,6.3,10.3,,190,,,8.3,
2006-06-25 13:00:00,,,,,2.45,,,,,0.0,0.0,79,,,1009.6,,,,,,,,,1004.5,1.0,,26.4,,,,30.5,,,,,,,,,,,,,,190,200,6.7,9.8,,200,,,6.9,
2006-06-25 14:00:00,,2.0,,,2.4,,,,,0.0,0.0,83,,,1009.2,,,,,,,,,1004.1,1.0,,27.1,,,,30.3,,,,,,,,,,35.0,,,,210,200,5.8,8.9,,190,,,6.7,
2006-06-25 15:00:00,,,,,2.07,,,,,0.0,0.0,82,,,1008.8,,,,,,,,,1003.7,1.0,,26.8,,,,30.3,,,,,,,,,,,,,,230,220,5.0,7.5,,220,,,6.2,
2006-06-25 16:00:00,,,,,1.63,,,,,0.0,0.0,80,,,1008.4,,,,,,,,,1003.3,1.0,,26.5,,,,30.4,,,,,,,,,,,,,,270,230,3.3,6.4,,230,,,5.3,
2006-06-25 17:00:00,,1.0,,,1.1,,,,,0.0,0.0,82,,,1008.0,,,,,,,,,1002.9,1.0,,25.7,,,,29.1,,,,,,,,,,35.0,,,,280,280,3.4,4.8,,280,,,3.7,
2006-06-25 18:00:00,,,,,0.48,,,,,0.0,0.0,82,,,1008.7,,,,,,,,,1003.6,1.0,,25.3,,,,28.7,,,,,,,,,,,,,,270,280,2.6,4.3,,280,,,3.6,
2006-06-25 19:00:00,,,,,0.0,,,,,0.0,0.0,86,,,1009.8,,,,,,,,,1004.7,0.5,,25.1,,,,27.7,,,,,,,,,,,,,,0,230,0.0,4.2,,240,,,3.2,
2006-06-25 20:00:00,,,,,0.0,,,,,0.0,0.0,87,,,1010.4,,,,,,,,,1005.2,,,24.8,,,,27.1,,,,,,,,,,,,,,0,260,0.0,1.0,,0,,,0.0,
2006-06-25 21:00:00,,,,,0.0,,,,,0.0,0.0,87,,,1010.9,,,,,,,,,1005.7,,,25.1,,,,27.5,,,,,,,,,,,,,,0,210,0.1,1.9,,0,,,0.1,
2006-06-25 22:00:00,,,,,0.0,,,,,0.0,0.0,88,,,1011.4,,,,,,,,,1006.2,,,25.8,,,,28.0,,,,,,,,,,,,,,190,190,2.9,4.1,,210,,,3.2,
2006-06-25 23:00:00,,,,,0.0,,,,,0.0,0.0,89,,,1011.4,,,,,,,,,1006.3,,,26.2,,,,28.2,,,,,,,,,,,,,,160,170,4.1,5.6,,160,,,4.1,
2006-06-26 00:00:00,,,,,0.0,,,,,0.0,0.0,87,,,1011.1,,,,,,,,,1006.0,,,26.2,,,,28.5,,,,,,,,,,,,,,170,180,5.3,7.0,,170,,,5.3,
2006-06-26 01:00:00,,,,,0.0,,,,,0.0,0.0,86,,,1010.2,,,,,,,,,1005.1,,,25.9,,,,28.4,,,,,,,,,,,,,,170,180,5.7,8.2,,170,,,5.9,
2006-06-26 02:00:00,,,,,0.0,,,,,0.0,0.0,86,,,1009.6,,,,,,,,,1004.5,,,25.9,,,,28.4,,,,,,,,,,,,,,170,170,6.6,8.5,,170,,,6.6,
2006-06-26 03:00:00,,,,,0.0,,,,,0.0,0.0,87,,,1009.4,,,,,,,,,1004.3,,,25.8,,,,28.1,,,,,,,,,,,,,,180,180,5.1,8.5,,170,,,6.5,
2006-06-26 04:00:00,,,,,0.0,,,,,0.0,0.0,84,,,1009.0,,,,,,,,,1003.9,,,25.4,,,,28.3,,,,,,,,,,,,,,180,180,5.6,9.2,,180,,,6.5,
2006-06-26 05:00:00,,,,,0.0,,,,,0.0,0.0,79,,,1009.4,,,,,,,,,1004.3,,,24.7,,,,28.8,,,,,,,,,,,,,,190,180,4.8,8.9,,200,,,6.0,
2006-06-26 06:00:00,,,,,0.0,,,,,0.0,0.0,79,,,1010.0,,,,,,,,,1004.9,0.1,,25.0,,,,29.0,,,,,,,,,,,,,,190,190,3.5,7.3,,190,,,5.8,
2006-06-26 07:00:00,,,,,0.38,,,,,0.0,0.0,79,,,1010.2,,,,,,,,,1005.1,0.5,,25.5,,,,29.5,,,,,,,,,,,,,,180,170,4.3,5.9,,180,,,4.3,
2006-06-26 08:00:00,,0.0,,,0.96,,,,,0.0,0.0,79,,,1010.4,,,,,,,,,1005.3,1.0,,25.9,,,,29.9,,,,,,,,,,35.0,,,,190,200,5.0,7.5,,190,,,6.1,
2006-06-26 09:00:00,,0.0,,,1.49,,,,,0.0,0.0,77,,,1010.8,,,,,,,,,1005.7,1.0,,26.1,,,,30.7,,,,,,,,,,35.0,,,,190,180,4.7,7.6,,190,,,5.7,
2006-06-26 10:00:00,,,,,1.9,,,,,0.0,0.0,76,,,1011.0,,,,,,,,,1005.9,1.0,,26.9,,,,31.7,,,,,,,,,,,,,,160,170,2.7,8.5,,180,,,5.7,
2006-06-26 11:00:00,,0.0,,,2.16,,,,,0.0,0.0,76,,,1010.2,,,,,,,,,1005.1,0.9,,26.5,,,,31.2,,,,,,,,,,35.0,,,,180,180,4.3,6.9,,180,,,4.6,
2006-06-26 12:00:00,,,,,2.4,,,,,0.0,0.0,74,,,1009.6,,,,,,,,,1004.5,1.0,,26.7,,,,31.9,,,,,,,,,,,,,,180,210,5.4,9.8,,190,,,6.4,
2006-06-26 13:00:00,,,,,2.4,,,,,0.0,0.0,74,,,1009.2,,,,,,,,,1004.1,1.0,,26.3,,,,31.5,,,,,,,,,,,,,,200,210,5.3,8.3,,190,,,5.8,
2006-06-26 14:00:00,,0.0,,,2.4,,,,,0.0,0.0,72,,,1008.8,,,,,,,,,1003.7,1.0,,25.8,,,,31.4,,,,,,,,,,35.0,,,,200,180,5.5,8.0,,200,,,5.9,
2006-06-26 15:00:00,,,,,2.01,,,,,0.0,0.0,77,,,1008.5,,,,,,,,,1003.4,1.0,,27.0,,,,31.5,,,,,,,,,,,,,,200,210,3.4,7.4,,190,,,5.8,
2006-06-26 16:00:00,,,,,1.57,,,,,0.0,0.0,79,,,1007.8,,,,,,,,,1002.7,1.0,,26.6,,,,30.6,,,,,,,,,,,,,,200,190,4.0,6.4,,190,,,5.7,
2006-06-26 17:00:00,,0.0,,,1.1,,,,,0.0,0.0,81,,,1007.8,,,,,,,,,1002.7,1.0,,26.4,,,,30.1,,,,,,,,,,35.0,,,,220,190,3.7,5.9,,210,,,4.8,
2006-06-26 18:00:00,,,,,0.46,,,,,0.0,0.0,81,,,1008.4,,,,,,,,,1003.3,1.0,,25.7,,,,29.2,,,,,,,,,,,,,,320,220,2.7,4.2,,230,,,3.7,
2006-06-26 19:00:00,,,,,0.0,,,,,0.0,0.0,86,,,1009.4,,,,,,,,,1004.2,0.4,,25.0,,,,27.5,,,,,,,,,,,,,,330,330,3.4,4.8,,330,,,3.7,
2006-06-26 20:00:00,,,,,0.0,,,,,0.0,0.0,90,,,1010.0,,,,,,,,,1004.8,,,25.4,,,,27.2,,,,,,,,,,,,,,360,330,2.6,4.0,,330,,,3.4,
2006-06-26 21:00:00,,,,,0.0,,,,,0.0,0.0,91,,,1010.2,,,,,,,,,1005.0,,,25.5,,,,27.1,,,,,,,,,,,,,,330,330,3.2,5.0,,330,,,3.9,
2006-06-26 22:00:00,,,,,0.0,,,,,0.0,0.0,90,,,1010.8,,,,,,,,,1005.6,,,25.5,,,,27.2,,,,,,,,,,,,,,330,310,3.2,4.4,,310,,,3.5,
2006-06-26 23:00:00,,,,,0.0,,,,,0.0,0.0,92,,,1010.6,,,,,,,,,1005.4,,,25.6,,,,27.1,,,,,,,,,,,,,,350,360,3.3,5.0,,350,,,3.5,
2006-06-27 00:00:00,,,,,0.0,,,,,0.0,0.0,89,,,1010.0,,,,,,,,,1004.8,,,25.5,,,,27.5,,,,,,,,,,,,,,340,330,2.2,4.3,,340,,,3.3,
2006-06-27 01:00:00,,,,,0.0,,,,,0.0,0.0,89,,,1009.6,,,,,,,,,1004.4,,,25.3,,,,27.3,,,,,,,,,,,,,,340,350,1.1,4.0,,350,,,2.9,
2006-06-27 02:00:00,,,,,0.0,,,,,0.0,0.0,92,,,1009.0,,,,,,,,,1003.8,,,25.3,,,,26.7,,,,,,,,,,,,,,60,70,3.0,4.0,,60,,,3.3,
2006-06-27 03:00:00,,,,,0.0,,,,,0.0,0.0,92,,,1008.9,,,,,,,,,1003.7,,,25.7,,,,27.2,,,,,,,,,,,,,,130,120,2.5,3.6,,60,,,3.0,
2006-06-27 04:00:00,,,,,0.0,,,,,0.0,0.0,90,,,1008.9,,,,,,,,,1003.7,,,25.5,,,,27.2,,,,,,,,,,,,,,110,140,3.3,4.6,,150,,,3.5,
2006-06-27 05:00:00,,,,,0.0,,,,,0.0,0.0,92,,,1008.9,,,,,,,,,1003.7,,,25.5,,,,27.0,,,,,,,,,,,,,,90,120,2.7,3.9,,110,,,3.2,
2006-06-27 06:00:00,,,,,0.0,,,,,0.0,0.0,93,,,1009.2,,,,,,,,,1004.0,0.1,,26.0,,,,27.2,,,,,,,,,,,,,,60,60,3.4,4.2,,60,,,3.4,
2006-06-27 07:00:00,,,,,0.37,,,,,0.0,0.0,90,,,1009.4,,,,,,,,,1004.3,0.4,,26.7,,,,28.5,,,,,,,,,,,,,,70,70,3.5,5.2,,70,,,3.9,
2006-06-27 08:00:00,,0.0,,,0.92,,,,,0.0,0.0,86,,,1009.4,,,,,,,,,1004.3,1.0,,27.0,,,,29.6,,,,,,,,,,10.0,,,,80,70,4.0,5.9,,70,,,4.2,
2006-06-27 09:00:00,,0.0,,,1.44,,,,,0.0,0.0,83,,,1009.3,,,,,,,,,1004.2,1.0,,27.2,,,,30.4,,,,,,,,,,10.0,,,,90,70,3.8,6.2,,60,,,4.8,
2006-06-27 10:00:00,,,,,1.82,,,,,0.0,0.0,82,,,1009.5,,,,,,,,,1004.4,1.0,,27.6,,,,31.0,,,,,,,,,,,,,,80,100,3.3,5.8,,90,,,4.2,
2006-06-27 11:00:00,,0.0,,,2.4,,,,,0.0,0.0,80,,,1009.6,,,,,,,,,1004.5,1.0,,27.6,,,,31.5,,,,,,,,,,10.0,,,,100,70,1.9,4.7,,80,,,3.5,
2006-06-27 12:00:00,,,,,2.4,,,,,0.0,0.0,75,,,1009.3,,,,,,,,,1004.2,1.0,,26.9,,,,31.9,,,,,,,,,,,,,,180,150,2.8,5.6,,150,,,3.6,
2006-06-27 13:00:00,,,,,2.4,,,,,0.0,0.0,74,,,1008.9,,,,,,,,,1003.8,1.0,,26.3,,,,31.6,,,,,,,,,,,,,,190,200,5.2,7.5,,190,,,5.2,
2006-06-27 14:00:00,,0.0,,,2.4,,,,,0.0,0.0,72,,,1008.3,,,,,,,,,1003.2,1.0,,26.0,,,,31.6,,,,,,,,,,30.0,,,,170,180,8.9,13.1,,180,,,9.7,
2006-06-27 15:00:00,,,,,2.07,,,,,0.0,0.0,74,,,1007.2,,,,,,,,,1002.1,1.0,,25.9,,,,31.1,,,,,,,,,,,,,,190,180,8.5,14.3,,170,,,9.4,
2006-06-27 16:00:00,,,,,1.66,,,,,0.0,0.0,76,,,1006.7,,,,,,,,,1001.6,1.0,,25.9,,,,30.6,,,,,,,,,,,,,,200,200,9.6,15.2,,190,,,10.6,
2006-06-27 17:00:00,,2.0,,,1.0,,,,,0.0,0.0,77,,,1007.1,,,,,,,,,1002.0,1.0,,25.9,,,,30.3,,,,,,,,,,30.0,,,,180,200,8.4,14.4,,190,,,9.5,
2006-06-27 18:00:00,,,,,0.28,,,,,0.0,0.0,78,,,1007.8,,,,,,,,,1002.7,0.3,,25.3,,,,29.6,,,,,,,,,,,,,,180,180,6.8,12.4,,180,,,8.6,
2006-06-27 19:00:00,,,,,0.0,,,,,0.0,0.0,78,,,1009.2,,,,,,,,,1004.1,0.0,,25.1,,,,29.3,,,,,,,,,,,,,,160,170,5.8,9.8,,170,,,7.1,
2006-06-27 20:00:00,,,,,0.0,,,,,0.0,0.0,82,,,1009.9,,,,,,,,,1004.8,,,24.4,,,,27.8,,,,,,,,,,,,,,90,150,3.2,7.0,,160,,,5.8,
2006-06-27 21:00:00,,,,,0.0,,,,,0.0,0.0,84,,,1010.4,,,,,,,,,1005.2,,,24.2,,,,27.1,,,,,,,,,,,,,,90,70,3.0,6.2,,80,,,4.2,
2006-06-27 22:00:00,,,,,0.0,,,,,0.0,0.0,85,,,1010.5,,,,,,,,,1005.3,,,24.4,,,,27.2,,,,,,,,,,,,,,150,100,2.3,3.7,,90,,,2.9,
2006-06-27 23:00:00,,,,,0.0,,,,,0.0,0.0,85,,,1010.3,,,,,,,,,1005.1,,,24.9,,,,27.7,,,,,,,,,,,,,,160,170,2.6,3.9,,160,,,2.6,
2006-06-28 00:00:00,,,,,0.0,,,,,0.0,0.0,79,,,1009.8,,,,,,,,,1004.7,,,25.0,,,,29.1,,,,,,,,,,,,,,170,170,8.3,12.3,,170,,,8.3,
2006-06-28 01:00:00,,,,,0.0,,,,,0.0,0.0,79,,,1009.1,,,,,,,,,1004.0,,,25.0,,,,29.0,,,,,,,,,,,,,,170,170,8.9,13.4,,170,,,9.8,
2006-06-28 02:00:00,,,,,0.0,,,,,0.0,0.0,77,,,1008.8,,,,,,,,,1003.7,,,24.6,,,,29.1,,,,,,,,,,,,,,170,170,9.5,13.3,,170,,,9.7,
2006-06-28 03:00:00,,,,,0.0,,,,,0.0,0.0,79,,,1008.7,,,,,,,,,1003.6,,,24.8,,,,28.9,,,,,,,,,,,,,,160,150,8.5,13.6,,160,,,10.7,
2006-06-28 04:00:00,,,,,0.0,,,,,0.0,0.0,80,,,1008.4,,,,,,,,,1003.3,,,24.8,,,,28.7,,,,,,,,,,,,,,160,150,7.4,11.2,,160,,,8.4,
2006-06-28 05:00:00,,,,,0.0,,,,,0.0,0.0,87,,,1008.4,,,,,,,,,1003.2,,,24.8,,,,27.1,,,,,,,,,,,,,,140,160,2.5,8.3,,160,,,7.3,
2006-06-28 06:00:00,,,,,0.0,,,,,0.0,0.0,80,,,1008.9,,,,,,,,,1003.8,0.0,,24.6,,,,28.4,,,,,,,,,,,,,,180,170,7.4,9.9,,170,,,7.5,
2006-06-28 07:00:00,,,,,0.0,,,,,0.0,0.0,80,,,1009.2,,,,,,,,,1004.1,0.0,,24.8,,,,28.7,,,,,,,,,,,,,,170,170,7.0,9.9,,170,,,7.5,
2006-06-28 08:00:00,,3.0,,,0.68,,,,,0.0,0.0,76,,,1009.2,,,,,,,,,1004.1,0.6,,25.3,,,,30.0,,,,,,,,,,20.0,,,,170,180,7.7,11.0,,170,,,8.0,
2006-06-28 09:00:00,,3.0,,,1.41,,,,,0.0,0.0,74,,,1009.4,,,,,,,,,1004.3,1.0,,25.3,,,,30.4,,,,,,,,,,20.0,,,,170,180,8.6,12.2,,170,,,9.0,
2006-06-28 10:00:00,,,,,1.79,,,,,0.0,0.0,72,,,1009.7,,,,,,,,,1004.6,0.9,,25.4,,,,31.0,,,,,,,,,,,,,,170,170,8.7,11.9,,180,,,8.9,
2006-06-28 11:00:00,,3.0,,,2.16,,,,,0.0,0.0,74,,,1010.1,,,,,,,,,1005.0,1.0,,26.0,,,,31.3,,,,,,,,,,20.0,,,,170,180,8.1,12.1,,170,,,8.8,
2006-06-28 12:00:00,,,,,2.49,,,,,0.0,0.0,75,,,1009.5,,,,,,,,,1004.4,0.9,,25.5,,,,30.4,,,,,,,,,,,,,,180,200,7.4,12.7,,170,,,8.4,
2006-06-28 13:00:00,,,,,1.97,,,,,0.0,0.0,73,,,1009.3,,,,,,,,,1004.2,0.8,,25.9,,,,31.3,,,,,,,,,,,,,,180,160,7.8,13.8,,180,,,9.1,
2006-06-28 14:00:00,,4.0,,,1.96,,,,,0.0,0.0,73,,,1009.2,,,,,,,,,1004.1,0.7,,25.4,,,,30.7,,,,,,,,,,20.0,,,,190,180,7.8,13.0,,180,,,8.2,
2006-06-28 15:00:00,,,,,2.06,,,,,0.0,0.0,75,,,1008.7,,,,,,,,,1003.6,1.0,,25.5,,,,30.5,,,,,,,,,,,,,,190,190,8.9,12.6,,190,,,9.1,
2006-06-28 16:00:00,,,,,1.22,,,,,0.0,0.0,75,,,1007.9,,,,,,,,,1002.8,0.8,,24.9,,,,29.8,,,,,,,,,,,,,,190,200,9.2,12.8,,190,,,9.2,
2006-06-28 17:00:00,,2.0,,,0.82,,,,,0.0,0.0,73,,,1007.8,,,,,,,,,1002.7,0.9,,24.5,,,,29.8,,,,,,,,,,20.0,,,,190,190,10.1,14.0,,190,,,11.4,
2006-06-28 18:00:00,,,,,0.51,,,,,0.0,0.0,75,,,1007.9,,,,,,,,,1002.8,0.9,,24.8,,,,29.6,,,,,,,,,,,,,,190,190,7.4,12.8,,190,,,10.5,
2006-06-28 19:00:00,,,,,0.02,,,,,0.0,0.0,78,,,1008.6,,,,,,,,,1003.5,0.1,,24.8,,,,29.0,,,,,,,,,,,,,,180,200,7.1,10.4,,190,,,7.5,
2006-06-28 20:00:00,,,,,0.0,,,,,0.0,0.0,81,,,1009.0,,,,,,,,,1003.9,,,25.4,,,,28.9,,,,,,,,,,,,,,170,170,6.9,9.8,,180,,,7.7,
2006-06-28 21:00:00,,,,,0.0,,,,,0.0,0.0,83,,,1009.4,,,,,,,,,1004.3,,,25.5,,,,28.7,,,,,,,,,,,,,,170,170,5.6,9.4,,170,,,6.8,
2006-06-28 22:00:00,,,,,0.0,,,,,0.0,0.0,82,,,1009.4,,,,,,,,,1004.3,,,25.4,,,,28.8,,,,,,,,,,,,,,180,170,7.0,9.8,,170,,,7.1,
2006-06-28 23:00:00,,,,,0.0,,,,,0.0,0.0,80,,,1009.4,,,,,,,,,1004.3,,,25.1,,,,28.9,,,,,,,,,,,,,,170,170,7.4,10.0,,170,,,7.4,
2006-06-29 00:00:00,,,,,0.0,,,,,0.0,0.0,82,,,1009.2,,,,,,,,,1004.1,,,25.4,,,,28.7,,,,,,,,,,,,,,160,170,5.8,10.8,,170,,,7.8,
2006-06-29 01:00:00,,,,,0.0,,,,,0.0,0.0,89,,,1009.1,,,,,,,,,1004.0,,,26.0,,,,27.9,,,,,,,,,,,,,,100,160,3.2,6.6,,160,,,5.7,
2006-06-29 02:00:00,,,,,0.0,,,,,0.0,0.0,89,,,1008.8,,,,,,,,,1003.7,,,25.8,,,,27.7,,,,,,,,,,,,,,100,100,3.2,4.3,,100,,,3.3,
2006-06-29 03:00:00,,,,,0.0,,,,,0.0,0.0,89,,,1009.1,,,,,,,,,1004.0,,,25.7,,,,27.7,,,,,,,,,,,,,,120,100,2.8,5.0,,110,,,3.6,
2006-06-29 04:00:00,,,,,0.0,,,,,0.0,0.0,87,,,1009.1,,,,,,,,,1003.9,,,25.1,,,,27.4,,,,,,,,,,,,,,100,120,2.8,3.8,,120,,,2.9,
2006-06-29 05:00:00,,,,,0.0,,,,,0.0,0.0,87,,,1008.9,,,,,,,,,1003.7,,,24.8,,,,27.1,,,,,,,,,,,,,,70,60,3.1,3.9,,70,,,3.2,
2006-06-29 06:00:00,,,,,0.0,,,,,0.0,0.0,90,,,1009.4,,,,,,,,,1004.2,0.0,,25.4,,,,27.2,,,,,,,,,,,,,,70,70,3.2,3.8,,70,,,3.3,
2006-06-29 07:00:00,,,,,0.19,,,,,0.0,0.0,86,,,1009.6,,,,,,,,,1004.5,0.3,,26.0,,,,28.5,,,,,,,,,,,,,,70,80,3.0,4.7,,60,,,3.5,
2006-06-29 08:00:00,,3.0,,,0.75,,,,,0.0,0.0,83,,,1009.9,,,,,,,,,1004.8,1.0,,26.4,,,,29.7,,,,,,,,,,15.0,,,,80,60,2.5,4.5,,70,,,3.3,
2006-06-29 09:00:00,,3.0,,,1.37,,,,,0.0,0.0,81,,,1009.8,,,,,,,,,1004.7,1.0,,26.6,,,,30.3,,,,,,,,,,15.0,,,,90,70,2.9,4.8,,70,,,3.4,
2006-06-29 10:00:00,,,,,1.88,,,,,0.0,0.0,79,,,1010.0,,,,,,,,,1004.9,1.0,,27.0,,,,31.1,,,,,,,,,,,,,,60,80,2.5,4.5,,90,,,3.2,
2006-06-29 11:00:00,,2.0,,,2.25,,,,,0.0,0.0,76,,,1010.1,,,,,,,,,1005.0,1.0,,26.7,,,,31.5,,,,,,,,,,15.0,,,,100,100,1.6,4.6,,100,,,3.1,
2006-06-29 12:00:00,,,,,2.41,,,,,0.0,0.0,70,,,1009.8,,,,,,,,,1004.7,1.0,,25.4,,,,31.6,,,,,,,,,,,,,,150,170,1.7,4.2,,150,,,1.7,
2006-06-29 13:00:00,,,,,2.39,,,,,0.0,0.0,72,,,1009.6,,,,,,,,,1004.5,1.0,,26.9,,,,32.5,,,,,,,,,,,,,,0,140,0.2,4.9,,160,,,2.2,
2006-06-29 14:00:00,,4.0,,,2.27,,,,,0.0,0.0,73,,,1009.7,,,,,,,,,1004.6,1.0,,26.3,,,,31.8,,,,,,,,,,15.0,,,,220,70,1.1,4.1,,10,,,1.1,
2006-06-29 15:00:00,,,,,2.16,,,,,0.0,0.0,75,,,1009.1,,,,,,,,,1004.0,1.0,,26.1,,,,31.1,,,,,,,,,,,,,,230,210,1.1,3.2,,220,,,1.6,
2006-06-29 16:00:00,,,,,0.82,,,,,0.0,0.0,74,,,1008.8,,,,,,,,,1003.7,0.3,,24.9,,,,30.1,,,,,,,,,,,,,,190,210,6.7,8.9,,190,,,6.7,
2006-06-29 17:00:00,,6.0,,,0.6,,,,,0.0,0.0,75,,,1008.9,,,,,,,,,1003.8,0.0,,24.7,,,,29.6,,,,,,,,,,15.0,,,,190,190,7.9,12.0,,190,,,9.4,
2006-06-29 18:00:00,,,,,0.15,,,,,0.0,0.0,76,,,1008.9,,,,,,,,,1003.8,0.3,,25.2,,,,29.9,,,,,,,,,,,,,,180,210,7.3,12.2,,190,,,9.1,
2006-06-29 19:00:00,,,,,0.03,,,,,0.0,0.0,76,,,1009.5,,,,,,,,,1004.4,0.4,,24.8,,,,29.4,,,,,,,,,,,,,,190,170,7.4,11.8,,180,,,7.8,
2006-06-29 20:00:00,,,,,0.0,,,,,0.0,0.0,78,,,1010.0,,,,,,,,,1004.9,,,25.1,,,,29.4,,,,,,,,,,,,,,170,170,7.9,11.2,,180,,,8.3,
2006-06-29 21:00:00,,,,,0.0,,,,,0.0,0.0,76,,,1010.3,,,,,,,,,1005.2,,,24.8,,,,29.4,,,,,,,,,,,,,,170,170,9.0,13.2,,180,,,9.4,
2006-06-29 22:00:00,,,,,0.0,,,,,0.0,0.0,79,,,1010.8,,,,,,,,,1005.7,,,25.0,,,,29.1,,,,,,,,,,,,,,170,170,7.0,11.5,,170,,,8.9,
2006-06-29 23:00:00,,,,,0.0,,,,,0.0,0.0,80,,,1010.6,,,,,,,,,1005.5,,,25.3,,,,29.0,,,,,,,,,,,,,,170,170,7.3,10.4,,170,,,7.5,
2006-06-30 00:00:00,,,,,0.0,,,,,0.0,0.0,87,,,1010.4,,,,,,,,,1005.3,,,25.9,,,,28.3,,,,,,,,,,,,,,60,160,5.7,9.8,,170,,,7.3,
2006-06-30 01:00:00,,,,,0.0,,,,,0.0,0.0,86,,,1010.7,,,,,,,,,1005.5,,,25.1,,,,27.6,,,,,,,,,,,,,,40,50,4.6,8.0,,60,,,6.5,
2006-06-30 02:00:00,,,,,0.0,,,,,0.0,0.0,88,,,1010.7,,,,,,,,,1005.5,,,25.2,,,,27.4,,,,,,,,,,,,,,40,50,2.5,5.3,,40,,,4.5,
2006-06-30 03:00:00,,,,,0.0,,,,,0.0,0.0,89,,,1011.1,,,,,,,,,1005.9,,,25.4,,,,27.4,,,,,,,,,,,,,,40,50,1.4,3.8,,40,,,2.8,
2006-06-30 04:00:00,,,,,0.0,,,,,0.0,0.0,89,,,1011.0,,,,,,,,,1005.8,,,25.3,,,,27.3,,,,,,,,,,,,,,30,40,1.0,2.9,,50,,,2.4,
2006-06-30 05:00:00,,,,,0.0,,,,,0.0,0.0,89,,,1011.0,,,,,,,,,1005.8,,,25.3,,,,27.2,,,,,,,,,,,,,,50,50,2.5,2.9,,60,,,2.5,
2006-06-30 06:00:00,,,,,0.0,,,,,0.0,0.0,89,,,1011.5,,,,,,,,,1006.3,0.0,,25.6,,,,27.6,,,,,,,,,,,,,,70,60,2.1,3.0,,60,,,2.6,
2006-06-30 07:00:00,,,,,0.22,,,,,0.0,0.0,86,,,1011.6,,,,,,,,,1006.5,0.3,,26.6,,,,29.2,,,,,,,,,,,,,,50,50,2.2,3.2,,50,,,2.2,
2006-06-30 08:00:00,,2.0,,,0.88,,,,,0.0,0.0,80,,,1011.5,,,,,,,,,1006.4,1.0,,26.3,,,,30.1,,,,,,,,,,15.0,,,,50,60,3.8,4.8,,50,,,3.8,
2006-06-30 09:00:00,,4.0,,,1.05,,,,,0.0,0.0,81,,,1011.5,,,,,,,,,1006.4,0.7,,26.1,,,,29.7,,,,,,,,,,15.0,,,,30,50,3.2,5.0,,50,,,3.9,
2006-06-30 10:00:00,,,,,1.79,,,,,0.0,0.0,81,,,1011.2,,,,,,,,,1006.1,1.0,,27.2,,,,30.8,,,,,,,,,,,,,,20,20,3.3,4.9,,20,,,3.7,
2006-06-30 11:00:00,,3.0,,,2.38,,,,,0.0,0.0,76,,,1011.3,,,,,,,,,1006.2,1.0,,26.6,,,,31.3,,,,,,,,,,15.0,,,,40,50,3.5,5.4,,50,,,4.0,
2006-06-30 12:00:00,,,,,2.4,,,,,0.0,0.0,76,,,1011.2,,,,,,,,,1006.1,1.0,,26.4,,,,31.1,,,,,,,,,,,,,,20,20,3.0,5.0,,10,,,4.0,
2006-06-30 13:00:00,,,,,2.4,,,,,0.0,0.0,78,,,1010.7,,,,,,,,,1005.6,1.0,,26.6,,,,30.9,,,,,,,,,,,,,,10,20,3.5,5.0,,10,,,3.7,
2006-06-30 14:00:00,,4.0,,,1.96,,,,,0.0,0.0,80,,,1010.3,,,,,,,,,1005.2,0.8,,25.7,,,,29.5,,,,,,,,,,15.0,,,,360,360,2.5,4.8,,360,,,3.4,
2006-06-30 15:00:00,,,,,0.88,,,,,0.0,0.0,81,,,1009.9,,,,,,,,,1004.8,0.4,,25.6,,,,29.3,,,,,,,,,,,,,,360,360,2.5,4.5,,350,,,3.2,
2006-06-30 16:00:00,,,,,0.76,,,,,0.0,0.0,80,,,1009.7,,,,,,,,,1004.6,0.5,,25.8,,,,29.7,,,,,,,,,,,,,,330,320,2.1,3.7,,360,,,2.6,
2006-06-30 17:00:00,,4.0,,,0.95,,,,,0.0,0.0,81,,,1010.1,,,,,,,,,1005.0,1.0,,26.1,,,,29.7,,,,,,,,,,15.0,,,,330,310,2.7,4.7,,330,,,3.7,
2006-06-30 18:00:00,,,,,0.6,,,,,0.0,0.0,85,,,1010.3,,,,,,,,,1005.2,1.0,,26.3,,,,29.0,,,,,,,,,,,,,,350,320,2.9,4.2,,320,,,3.3,
2006-06-30 19:00:00,,,,,0.08,,,,,0.0,0.0,88,,,1011.0,,,,,,,,,1005.9,0.2,,26.0,,,,28.2,,,,,,,,,,,,,,20,360,2.9,4.3,,350,,,3.4,
2006-06-30 20:00:00,,,,,0.0,,,,,0.0,0.0,88,,,1011.5,,,,,,,,,1006.3,,,25.6,,,,27.8,,,,,,,,,,,,,,20,10,3.8,5.4,,20,,,4.0,
2006-06-30 21:00:00,,,,,0.0,,,,,0.0,0.0,89,,,1011.6,,,,,,,,,1006.4,,,25.7,,,,27.7,,,,,,,,,,,,,,10,10,3.5,5.3,,10,,,4.1,
2006-06-30 22:00:00,,,,,0.0,,,,,0.0,0.0,87,,,1012.1,,,,,,,,,1006.9,,,25.6,,,,28.0,,,,,,,,,,,,,,20,30,3.8,6.5,,20,,,5.3,
2006-06-30 23:00:00,,,,,0.0,,,,,0.0,0.0,88,,,1012.2,,,,,,,,,1007.0,,,25.8,,,,28.0,,,,,,,,,,,,,,20,10,3.2,5.4,,20,,,3.9,
2006-07-01 00:00:00,,,,,0.0,,,,,0.0,0.0,86,,,1011.8,,,,,,,,,1006.6,,,25.4,,,,27.9,,,,,,,,,,,,,,20,20,3.4,4.8,,20,,,3.7,
2006-07-01 01:00:00,,,,,0.0,,,,,0.0,0.0,90,,,1011.5,,,,,,,,,1006.3,,,26.0,,,,27.8,,,,,,,,,,,,,,20,30,2.2,4.5,,30,,,3.7,
2006-07-01 02:00:00,,,,,0.0,,,,,0.0,0.0,92,,,1011.2,,,,,,,,,1006.0,,,25.9,,,,27.4,,,,,,,,,,,,,,30,40,1.1,2.9,,40,,,2.4,
2006-07-01 03:00:00,,,,,0.0,,,,,0.0,0.0,89,,,1011.0,,,,,,,,,1005.8,,,25.3,,,,27.2,,,,,,,,,,,,,,80,80,2.0,2.6,,50,,,2.0,
2006-07-01 04:00:00,,,,,0.0,,,,,0.0,0.0,89,,,1010.7,,,,,,,,,1005.5,,,25.7,,,,27.6,,,,,,,,,,,,,,120,120,2.1,2.9,,100,,,2.4,
2006-07-01 05:00:00,,,,,0.0,,,,,0.0,0.0,93,,,1010.7,,,,,,,,,1005.5,,,25.9,,,,27.1,,,,,,,,,,,,,,70,100,2.1,3.0,,110,,,2.4,
2006-07-01 06:00:00,,,,,0.0,,,,,0.0,0.0,95,,,1010.9,,,,,,,,,1005.7,0.0,,26.2,,,,27.1,,,,,,,,,,,,,,80,40,0.7,2.5,,30,,,2.2,
2006-07-01 07:00:00,,,,,0.18,,,,,0.0,0.0,92,,,1010.8,,,,,,,,,1005.7,0.3,,27.0,,,,28.5,,,,,,,,,,,,,,90,80,0.7,2.7,,40,,,2.0,
2006-07-01 08:00:00,,2.0,,,0.78,,,,,0.0,0.0,87,,,1011.0,,,,,,,,,1005.9,1.0,,27.3,,,,29.7,,,,,,,,,,15.0,,,,60,80,2.0,3.7,,60,,,2.5,
2006-07-01 09:00:00,,4.0,,,1.37,,,,,0.0,0.0,85,,,1011.3,,,,,,,,,1006.2,0.9,,26.8,,,,29.5,,,,,,,,,,15.0,,,,10,10,3.4,4.6,,10,,,3.4,
2006-07-01 10:00:00,,,,,1.69,,,,,0.0,0.0,84,,,1011.2,,,,,,,,,1006.1,0.9,,27.0,,,,30.0,,,,,,,,,,,,,,10,10,2.8,5.2,,360,,,3.9,
2006-07-01 11:00:00,,7.0,,,2.05,,,,,0.0,0.0,81,,,1011.2,,,,,,,,,1006.1,0.9,,26.4,,,,30.1,,,,,,,,,,15.0,,,,350,360,3.0,4.4,,10,,,3.1,
2006-07-01 12:00:00,,,,,1.6,,,,,0.0,0.0,80,,,1010.8,,,,,,,,,1005.7,0.6,,26.5,,,,30.4,,,,,,,,,,,,,,360,350,3.7,5.1,,350,,,3.8,
2006-07-01 13:00:00,,,,,2.4,,,,,0.0,0.0,80,,,1010.2,,,,,,,,,1005.1,1.0,,27.0,,,,30.8,,,,,,,,,,,,,,360,360,3.6,5.5,,360,,,4.2,
2006-07-01 14:00:00,,2.0,,,2.4,,,,,0.0,0.0,80,,,1009.9,,,,,,,,,1004.8,1.0,,26.9,,,,30.7,,,,,,,,,,15.0,,,,360,350,3.4,5.5,,350,,,4.3,
2006-07-01 15:00:00,,,,,1.96,,,,,0.0,0.0,78,,,1009.4,,,,,,,,,1004.3,1.0,,26.9,,,,31.1,,,,,,,,,,,,,,320,360,3.3,5.7,,360,,,4.0,
2006-07-01 16:00:00,,,,,1.6,,,,,0.0,0.0,82,,,1009.3,,,,,,,,,1004.2,1.0,,26.6,,,,30.1,,,,,,,,,,,,,,350,360,3.8,5.9,,350,,,4.3,
2006-07-01 17:00:00,,1.0,,,1.04,,,,,0.0,0.0,82,,,1009.3,,,,,,,,,1004.2,1.0,,26.5,,,,30.0,,,,,,,,,,15.0,,,,320,340,3.1,5.2,,330,,,4.2,
2006-07-01 18:00:00,,,,,0.46,,,,,0.0,0.0,85,,,1009.5,,,,,,,,,1004.4,1.0,,26.0,,,,28.8,,,,,,,,,,,,,,330,320,3.9,5.9,,330,,,4.2,
2006-07-01 19:00:00,,,,,0.0,,,,,0.0,0.0,88,,,1010.2,,,,,,,,,1005.1,0.1,,25.7,,,,27.9,,,,,,,,,,,,,,330,330,2.3,5.9,,330,,,4.4,
2006-07-01 20:00:00,,,,,0.0,,,,,0.0,0.0,88,,,1010.7,,,,,,,,,1005.5,,,25.6,,,,27.7,,,,,,,,,,,,,,320,330,2.1,4.2,,330,,,2.6,
2006-07-01 21:00:00,,,,,0.0,,,,,0.0,0.0,88,,,1011.3,,,,,,,,,1006.1,,,25.4,,,,27.6,,,,,,,,,,,,,,350,330,1.0,2.7,,320,,,1.9,
2006-07-01 22:00:00,,,,,0.0,,,,,0.0,0.0,88,,,1011.8,,,,,,,,,1006.6,,,25.3,,,,27.5,,,,,,,,,,,,,,10,350,1.7,2.7,,350,,,2.0,
2006-07-01 23:00:00,,,,,0.0,,,,,0.0,0.0,90,,,1011.3,,,,,,,,,1006.1,,,25.4,,,,27.2,,,,,,,,,,,,,,40,30,2.5,3.0,,30,,,2.6,
2006-07-02 00:00:00,,,,,0.0,,,,,0.0,0.0,92,,,1010.9,,,,,,,,,1005.7,,,25.7,,,,27.1,,,,,,,,,,,,,,80,80,2.2,2.8,,40,,,2.5,
2006-07-02 01:00:00,,,,,0.0,,,,,0.0,0.0,89,,,1010.5,,,,,,,,,1005.3,,,25.1,,,,27.0,,,,,,,,,,,,,,0,80,0.0,2.9,,80,,,2.3,
2006-07-02 02:00:00,,,,,0.0,,,,,0.0,0.0,89,,,1010.1,,,,,,,,,1004.9,,,25.6,,,,27.5,,,,,,,,,,,,,,0,0,0.0,0.0,,0,,,0.0,
2006-07-02 03:00:00,,,,,0.0,,,,,0.0,0.0,89,,,1009.7,,,,,,,,,1004.5,,,25.4,,,,27.3,,,,,,,,,,,,,,0,0,0.0,0.0,,0,,,0.0,
2006-07-02 04:00:00,,,,,0.0,,,,,0.0,0.0,90,,,1009.7,,,,,,,,,1004.5,,,25.3,,,,27.0,,,,,,,,,,,,,,0,30,0.0,1.9,,0,,,0.1,
2006-07-02 05:00:00,,,,,0.0,,,,,0.0,0.0,90,,,1009.3,,,,,,,,,1004.1,,,25.2,,,,27.0,,,,,,,,,,,,,,30,20,1.9,2.6,,30,,,1.9,
2006-07-02 06:00:00,,,,,0.0,,,,,0.0,0.0,92,,,1009.9,,,,,,,,,1004.7,0.1,,25.8,,,,27.3,,,,,,,,,,,,,,10,20,1.2,2.7,,20,,,2.3,
2006-07-02 07:00:00,,,,,0.32,,,,,0.0,0.0,91,,,1009.9,,,,,,,,,1004.8,0.4,,26.4,,,,28.0,,,,,,,,,,,,,,10,360,1.2,2.5,,360,,,1.8,
2006-07-02 08:00:00,,1.0,,,0.89,,,,,0.0,0.0,87,,,1010.2,,,,,,,,,1005.1,1.0,,26.7,,,,29.1,,,,,,,,,,15.0,,,,10,30,2.6,3.5,,20,,,2.7,
2006-07-02 09:00:00,,2.0,,,1.03,,,,,0.0,0.0,84,,,1010.4,,,,,,,,,1005.3,0.6,,25.8,,,,28.7,,,,,,,,,,15.0,,,,360,10,2.2,3.8,,350,,,2.9,
2006-07-02 10:00:00,,,,,0.7,,,,,0.0,0.0,83,,,1010.6,,,,,,,,,1005.5,0.2,,25.8,,,,28.9,,,,,,,,,,,,,,360,360,3.3,4.3,,360,,,3.4,
2006-07-02 11:00:00,,3.0,,,1.34,,,,,0.0,0.0,84,,,1010.3,,,,,,,,,1005.2,0.5,,26.7,,,,29.8,,,,,,,,,,15.0,,,,10,20,3.2,6.0,,20,,,3.7,
2006-07-02 12:00:00,,,,,1.76,,,,,0.0,0.0,82,,,1010.0,,,,,,,,,1004.9,0.7,,26.5,,,,29.9,,,,,,,,,,,,,,350,360,2.4,3.6,,10,,,3.3,
2006-07-02 13:00:00,,,,,1.22,,,,,0.0,0.0,83,,,1009.8,,,,,,,,,1004.7,0.2,,26.6,,,,29.8,,,,,,,,,,,,,,360,350,2.5,3.6,,360,,,2.7,
2006-07-02 14:00:00,,4.0,,,2.4,,,,,0.0,0.0,73,,,1009.7,,,,,,,,,1004.6,1.0,,26.9,,,,32.3,,,,,,,,,,15.0,,,,0,360,0.1,3.6,,360,,,2.5,
2006-07-02 15:00:00,,,,,1.99,,,,,0.0,0.0,72,,,1009.3,,,,,,,,,1004.2,1.0,,26.7,,,,32.4,,,,,,,,,,,,,,260,320,1.0,3.3,,320,,,2.4,
2006-07-02 16:00:00,,,,,1.54,,,,,0.0,0.0,77,,,1008.8,,,,,,,,,1003.7,1.0,,26.8,,,,31.3,,,,,,,,,,,,,,240,210,0.8,2.6,,260,,,1.1,
2006-07-02 17:00:00,,1.0,,,1.03,,,,,0.0,0.0,76,,,1008.5,,,,,,,,,1003.4,1.0,,25.8,,,,30.5,,,,,,,,,,15.0,,,,210,190,5.1,7.8,,200,,,6.0,
2006-07-02 18:00:00,,,,,0.48,,,,,0.0,0.0,79,,,1009.0,,,,,,,,,1003.9,1.0,,25.8,,,,29.8,,,,,,,,,,,,,,210,200,4.4,7.2,,210,,,5.7,
2006-07-02 19:00:00,,,,,0.02,,,,,0.0,0.0,82,,,1009.2,,,,,,,,,1004.1,0.5,,25.9,,,,29.2,,,,,,,,,,,,,,200,200,4.1,5.5,,200,,,4.5,
2006-07-02 20:00:00,,,,,0.0,,,,,0.0,0.0,82,,,1009.9,,,,,,,,,1004.8,,,25.8,,,,29.1,,,,,,,,,,,,,,190,210,4.5,5.4,,190,,,4.5,
2006-07-02 21:00:00,,,,,0.0,,,,,0.0,0.0,83,,,1010.1,,,,,,,,,1005.0,,,25.8,,,,29.0,,,,,,,,,,,,,,190,190,6.1,7.7,,190,,,6.1,
2006-07-02 22:00:00,,,,,0.0,,,,,0.0,0.0,84,,,1010.3,,,,,,,,,1005.2,,,26.0,,,,29.0,,,,,,,,,,,,,,190,220,6.0,8.4,,190,,,6.4,
2006-07-02 23:00:00,,,,,0.0,,,,,0.0,0.0,86,,,1010.5,,,,,,,,,1005.4,,,26.2,,,,28.7,,,,,,,,,,,,,,180,200,5.4,7.8,,190,,,6.0,
2006-07-03 00:00:00,,,,,0.0,,,,,0.0,0.0,84,,,1009.8,,,,,,,,,1004.7,,,25.8,,,,28.7,,,,,,,,,,,,,,190,200,7.5,10.7,,190,,,7.6,
2006-07-03 01:00:00,,,,,0.0,,,,,0.0,0.0,84,,,1009.7,,,,,,,,,1004.6,,,25.7,,,,28.6,,,,,,,,,,,,,,180,190,6.4,9.7,,190,,,7.5,
2006-07-03 02:00:00,,,,,0.0,,,,,0.0,0.0,85,,,1009.2,,,,,,,,,1004.1,,,25.6,,,,28.4,,,,,,,,,,,,,,190,190,7.0,10.2,,190,,,7.1,
2006-07-03 03:00:00,,,,,0.0,,,,,0.0,0.0,84,,,1008.9,,,,,,,,,1003.8,,,25.6,,,,28.5,,,,,,,,,,,,,,190,200,6.6,10.5,,190,,,7.3,
2006-07-03 04:00:00,,,,,0.0,,,,,0.0,0.0,83,,,1008.7,,,,,,,,,1003.6,,,25.5,,,,28.6,,,,,,,,,,,,,,190,200,8.1,12.8,,190,,,8.1,
2006-07-03 05:00:00,,,,,0.0,,,,,0.0,0.0,84,,,1008.8,,,,,,,,,1003.7,,,25.6,,,,28.6,,,,,,,,,,,,,,190,200,6.6,10.4,,190,,,8.1,
2006-07-03 06:00:00,,,,,0.0,,,,,0.0,0.0,82,,,1009.5,,,,,,,,,1004.4,0.1,,25.5,,,,28.8,,,,,,,,,,,,,,190,200,7.5,10.7,,190,,,8.4,
2006-07-03 07:00:00,,,,,0.34,,,,,0.0,0.0,81,,,1009.8,,,,,,,,,1004.7,0.5,,25.8,,,,29.4,,,,,,,,,,,,,,190,190,6.5,9.3,,190,,,7.5,
2006-07-03 08:00:00,,2.0,,,1.01,,,,,0.0,0.0,82,,,1009.9,,,,,,,,,1004.8,1.0,,26.4,,,,29.9,,,,,,,,,,30.0,,,,190,190,5.3,9.7,,190,,,7.1,
2006-07-03 09:00:00,,2.0,,,1.49,,,,,0.0,0.0,80,,,1010.0,,,,,,,,,1004.9,1.0,,26.6,,,,30.4,,,,,,,,,,30.0,,,,200,190,4.7,6.7,,190,,,5.3,
2006-07-03 10:00:00,,,,,1.67,,,,,0.0,0.0,79,,,1010.2,,,,,,,,,1005.1,0.8,,26.8,,,,30.9,,,,,,,,,,,,,,180,180,5.4,8.0,,180,,,5.8,
2006-07-03 11:00:00,,2.0,,,2.39,,,,,0.0,0.0,78,,,1009.8,,,,,,,,,1004.7,1.0,,26.7,,,,31.1,,,,,,,,,,30.0,,,,200,210,4.3,7.5,,190,,,5.9,
2006-07-03 12:00:00,,,,,2.4,,,,,0.0,0.0,76,,,1009.7,,,,,,,,,1004.6,1.0,,26.9,,,,31.6,,,,,,,,,,,,,,210,200,4.3,6.2,,190,,,4.9,
2006-07-03 13:00:00,,,,,2.4,,,,,0.0,0.0,76,,,1009.4,,,,,,,,,1004.3,1.0,,27.0,,,,31.7,,,,,,,,,,,,,,210,220,3.9,5.3,,210,,,4.4,
2006-07-03 14:00:00,,1.0,,,2.37,,,,,0.0,0.0,77,,,1009.1,,,,,,,,,1004.0,1.0,,26.9,,,,31.4,,,,,,,,,,30.0,,,,240,240,3.9,5.4,,240,,,4.5,
2006-07-03 15:00:00,,,,,2.07,,,,,0.0,0.0,76,,,1008.7,,,,,,,,,1003.6,1.0,,26.7,,,,31.4,,,,,,,,,,,,,,240,230,3.8,4.8,,240,,,3.9,
2006-07-03 16:00:00,,,,,1.69,,,,,0.0,0.0,76,,,1008.5,,,,,,,,,1003.4,1.0,,26.2,,,,31.0,,,,,,,,,,,,,,250,240,4.3,6.0,,240,,,4.9,
2006-07-03 17:00:00,,3.0,,,1.07,,,,,0.0,0.0,77,,,1008.1,,,,,,,,,1003.0,1.0,,26.4,,,,30.8,,,,,,,,,,30.0,,,,250,240,3.8,5.8,,240,,,4.6,
2006-07-03 18:00:00,,,,,0.46,,,,,0.0,0.0,81,,,1008.5,,,,,,,,,1003.4,0.9,,26.2,,,,29.9,,,,,,,,,,,,,,250,260,4.4,6.6,,250,,,4.4,
2006-07-03 19:00:00,,,,,0.02,,,,,0.0,0.0,86,,,1008.9,,,,,,,,,1003.8,0.5,,26.1,,,,28.7,,,,,,,,,,,,,,250,240,4.6,7.1,,250,,,5.0,
2006-07-03 20:00:00,,,,,0.0,,,,,0.0,0.0,87,,,1009.9,,,,,,,,,1004.8,,,26.1,,,,28.4,,,,,,,,,,,,,,240,240,3.4,6.7,,250,,,4.8,
2006-07-03 21:00:00,,,,,0.0,,,,,0.0,0.0,88,,,1009.4,,,,,,,,,1004.3,,,26.2,,,,28.3,,,,,,,,,,,,,,220,230,4.3,5.3,,230,,,4.4,
2006-07-03 22:00:00,,,,,0.0,,,,,0.0,0.0,84,,,1010.1,,,,,,,,,1005.0,,,25.7,,,,28.6,,,,,,,,,,,,,,190,190,4.0,6.5,,190,,,5.1,
2006-07-03 23:00:00,,,,,0.0,,,,,0.0,0.0,82,,,1009.7,,,,,,,,,1004.6,,,25.4,,,,28.7,,,,,,,,,,,,,,200,190,5.3,7.6,,190,,,6.1,
2006-07-04 00:00:00,,,,,0.0,,,,,0.0,0.0,84,,,1008.9,,,,,,,,,1003.8,,,25.7,,,,28.6,,,,,,,,,,,,,,190,190,6.5,8.0,,190,,,6.6,
2006-07-04 01:00:00,,,,,0.0,,,,,0.0,0.0,86,,,1008.2,,,,,,,,,1003.1,,,25.8,,,,28.4,,,,,,,,,,,,,,180,180,4.1,7.2,,190,,,6.5,
2006-07-04 02:00:00,,,,,0.0,,,,,0.0,0.0,85,,,1007.6,,,,,,,,,1002.5,,,25.7,,,,28.4,,,,,,,,,,,,,,190,200,5.3,7.6,,190,,,5.6,
2006-07-04 03:00:00,,,,,0.0,,,,,0.0,0.0,84,,,1007.7,,,,,,,,,1002.6,,,25.6,,,,28.5,,,,,,,,,,,,,,190,190,4.8,7.3,,190,,,5.9,
2006-07-04 04:00:00,,,,,0.0,,,,,0.0,0.0,82,,,1007.5,,,,,,,,,1002.4,,,25.1,,,,28.4,,,,,,,,,,,,,,190,200,5.2,7.3,,190,,,6.0,
2006-07-04 05:00:00,,,,,0.0,,,,,0.0,0.0,80,,,1008.0,,,,,,,,,1002.9,,,24.8,,,,28.6,,,,,,,,,,,,,,210,200,5.8,8.2,,190,,,7.0,
2006-07-04 06:00:00,,,,,0.0,,,,,0.0,0.0,81,,,1008.2,,,,,,,,,1003.1,0.1,,25.2,,,,28.8,,,,,,,,,,,,,,210,210,6.0,8.4,,210,,,6.5,
2006-07-04 07:00:00,,,,,0.37,,,,,0.0,0.0,81,,,1008.5,,,,,,,,,1003.4,0.4,,25.5,,,,29.2,,,,,,,,,,,,,,190,190,5.3,8.0,,190,,,6.6,
2006-07-04 08:00:00,,3.0,,,0.84,,,,,0.0,0.0,81,,,1008.7,,,,,,,,,1003.6,1.0,,26.0,,,,29.7,,,,,,,,,,35.0,,,,190,190,5.4,6.9,,190,,,6.0,
2006-07-04 09:00:00,,2.0,,,1.4,,,,,0.0,0.0,78,,,1008.8,,,,,,,,,1003.7,1.0,,26.1,,,,30.4,,,,,,,,,,35.0,,,,190,190,5.0,6.5,,190,,,5.4,
2006-07-04 10:00:00,,,,,1.87,,,,,0.0,0.0,78,,,1008.8,,,,,,,,,1003.7,1.0,,26.5,,,,30.8,,,,,,,,,,,,,,190,200,4.2,5.7,,190,,,5.0,
2006-07-04 11:00:00,,2.0,,,2.36,,,,,0.0,0.0,77,,,1008.7,,,,,,,,,1003.6,1.0,,26.5,,,,31.1,,,,,,,,,,35.0,,,,190,190,5.6,6.8,,190,,,5.7,
2006-07-04 12:00:00,,,,,2.4,,,,,0.0,0.0,74,,,1008.4,,,,,,,,,1003.3,1.0,,26.4,,,,31.5,,,,,,,,,,,,,,190,200,5.6,7.2,,190,,,5.9,
2006-07-04 13:00:00,,,,,2.24,,,,,0.0,0.0,76,,,1007.9,,,,,,,,,1002.8,0.9,,26.6,,,,31.3,,,,,,,,,,,,,,190,190,5.1,7.7,,190,,,6.3,
2006-07-04 14:00:00,,4.0,,,2.4,,,,,0.0,0.0,75,,,1007.7,,,,,,,,,1002.6,1.0,,26.8,,,,31.7,,,,,,,,,,35.0,,,,210,210,4.8,6.6,,210,,,5.2,
2006-07-04 15:00:00,,,,,2.0,,,,,0.0,0.0,76,,,1007.3,,,,,,,,,1002.2,1.0,,26.6,,,,31.3,,,,,,,,,,,,,,210,200,5.8,7.8,,210,,,5.9,
2006-07-04 16:00:00,,,,,1.51,,,,,0.0,0.0,77,,,1007.3,,,,,,,,,1002.2,1.0,,26.6,,,,31.1,,,,,,,,,,,,,,210,210,4.7,7.1,,210,,,5.8,
2006-07-04 17:00:00,,2.0,,,1.09,,,,,0.0,0.0,76,,,1007.2,,,,,,,,,1002.1,1.0,,25.9,,,,30.7,,,,,,,,,,25.0,,,,230,210,5.3,7.0,,210,,,5.7,
2006-07-04 18:00:00,,,,,0.46,,,,,0.0,0.0,78,,,1007.4,,,,,,,,,1002.3,1.0,,25.8,,,,30.0,,,,,,,,,,,,,,230,220,5.3,7.1,,220,,,6.0,
2006-07-04 19:00:00,,,,,0.0,,,,,0.0,0.0,82,,,1007.9,,,,,,,,,1002.8,0.3,,26.1,,,,29.4,,,,,,,,,,,,,,220,220,5.6,6.7,,220,,,5.6,
2006-07-04 20:00:00,,,,,0.0,,,,,0.0,0.0,82,,,1008.4,,,,,,,,,1003.3,,,25.9,,,,29.3,,,,,,,,,,,,,,230,230,5.0,7.1,,230,,,5.9,
2006-07-04 21:00:00,,,,,0.0,,,,,0.0,0.0,81,,,1008.7,,,,,,,,,1003.6,,,25.8,,,,29.3,,,,,,,,,,,,,,220,230,4.7,6.5,,230,,,5.2,
2006-07-04 22:00:00,,,,,0.0,,,,,0.0,0.0,83,,,1008.7,,,,,,,,,1003.6,,,26.0,,,,29.2,,,,,,,,,,,,,,190,200,4.6,6.2,,200,,,4.8,
2006-07-04 23:00:00,,,,,0.0,,,,,0.0,0.0,82,,,1008.6,,,,,,,,,1003.5,,,25.8,,,,29.2,,,,,,,,,,,,,,190,200,6.0,7.3,,190,,,6.0,
2006-07-05 00:00:00,,,,,0.0,,,,,0.0,0.0,82,,,1008.0,,,,,,,,,1002.9,,,25.6,,,,29.0,,,,,,,,,,,,,,190,190,6.3,7.9,,190,,,6.6,
2006-07-05 01:00:00,,,,,0.0,,,,,0.0,0.0,85,,,1007.7,,,,,,,,,1002.6,,,26.1,,,,28.9,,,,,,,,,,,,,,190,190,4.9,7.2,,190,,,6.3,
2006-07-05 02:00:00,,,,,0.0,,,,,0.0,0.0,82,,,1007.4,,,,,,,,,1002.3,,,25.6,,,,29.0,,,,,,,,,,,,,,190,210,5.6,7.4,,210,,,5.7,
2006-07-05 03:00:00,,,,,0.0,,,,,0.0,0.0,83,,,1007.3,,,,,,,,,1002.2,,,25.8,,,,28.9,,,,,,,,,,,,,,210,210,6.2,8.5,,210,,,6.7,
2006-07-05 04:00:00,,,,,0.0,,,,,0.0,0.0,84,,,1007.2,,,,,,,,,1002.1,,,26.0,,,,28.9,,,,,,,,,,,,,,210,220,5.9,8.3,,210,,,6.8,
2006-07-05 05:00:00,,,,,0.0,,,,,0.0,0.0,84,,,1007.3,,,,,,,,,1002.2,,,26.0,,,,28.9,,,,,,,,,,,,,,220,200,5.7,7.6,,210,,,6.1,
2006-07-05 06:00:00,,,,,0.0,,,,,0.0,0.0,83,,,1007.5,,,,,,,,,1002.4,0.0,,25.9,,,,29.0,,,,,,,,,,,,,,220,210,5.0,7.2,,220,,,5.9,
2006-07-05 07:00:00,,,,,0.33,,,,,0.0,0.0,84,,,1007.9,,,,,,,,,1002.8,0.3,,26.7,,,,29.6,,,,,,,,,,,,,,210,230,4.1,6.0,,220,,,5.0,
2006-07-05 08:00:00,,4.0,,,0.56,,,,,0.0,0.0,84,,,1008.0,,,,,,,,,1002.9,0.5,,26.8,,,,29.9,,,,,,,,,,30.0,,,,210,200,5.2,7.3,,220,,,5.4,
2006-07-05 09:00:00,,4.0,,,1.22,,,,,0.0,0.0,82,,,1008.0,,,,,,,,,1002.9,0.8,,26.8,,,,30.3,,,,,,,,,,30.0,,,,240,210,5.1,6.5,,210,,,5.5,
2006-07-05 10:00:00,,,,,1.51,,,,,0.0,0.0,82,,,1007.9,,,,,,,,,1002.8,0.8,,27.3,,,,30.8,,,,,,,,,,,,,,240,240,3.5,6.9,,240,,,5.9,
2006-07-05 11:00:00,,1.0,,,2.4,,,,,0.0,0.0,81,,,1007.6,,,,,,,,,1002.5,1.0,,27.4,,,,31.1,,,,,,,,,,25.0,,,,240,250,3.1,4.1,,240,,,3.3,
2006-07-05 12:00:00,,,,,2.4,,,,,0.0,0.0,78,,,1007.2,,,,,,,,,1002.1,1.0,,27.3,,,,31.7,,,,,,,,,,,,,,240,240,3.2,4.5,,240,,,3.9,
2006-07-05 13:00:00,,,,,2.4,,,,,0.0,0.0,78,,,1006.8,,,,,,,,,1001.7,1.0,,27.1,,,,31.5,,,,,,,,,,,,,,240,240,4.1,5.4,,240,,,4.1,
2006-07-05 14:00:00,,1.0,,,2.4,,,,,0.0,0.0,75,,,1006.4,,,,,,,,,1001.3,1.0,,26.7,,,,31.7,,,,,,,,,,25.0,,,,240,240,4.8,6.4,,240,,,4.9,
2006-07-05 15:00:00,,,,,2.03,,,,,0.0,0.0,76,,,1005.9,,,,,,,,,1000.8,1.0,,26.5,,,,31.3,,,,,,,,,,,,,,240,230,5.7,7.0,,230,,,5.7,
2006-07-05 16:00:00,,,,,1.62,,,,,0.0,0.0,77,,,1005.2,,,,,,,,,1000.1,1.0,,26.6,,,,31.2,,,,,,,,,,,,,,230,240,5.4,7.8,,240,,,6.0,
2006-07-05 17:00:00,,1.0,,,1.08,,,,,0.0,0.0,79,,,1005.2,,,,,,,,,1000.1,1.0,,26.6,,,,30.6,,,,,,,,,,25.0,,,,230,230,6.0,7.7,,220,,,6.4,
2006-07-05 18:00:00,,,,,0.53,,,,,0.0,0.0,79,,,1005.4,,,,,,,,,1000.3,1.0,,26.0,,,,30.0,,,,,,,,,,,,,,230,220,6.8,8.9,,230,,,7.2,
2006-07-05 19:00:00,,,,,0.0,,,,,0.0,0.0,81,,,1005.9,,,,,,,,,1000.8,0.4,,25.8,,,,29.5,,,,,,,,,,,,,,230,240,7.0,8.8,,240,,,7.5,
2006-07-05 20:00:00,,,,,0.0,,,,,0.0,0.0,83,,,1006.2,,,,,,,,,1001.1,,,26.3,,,,29.5,,,,,,,,,,,,,,220,230,7.1,9.2,,230,,,7.3,
2006-07-05 21:00:00,,,,,0.0,,,,,0.0,0.0,82,,,1006.5,,,,,,,,,1001.4,,,26.2,,,,29.5,,,,,,,,,,,,,,230,220,6.8,9.1,,220,,,7.6,
2006-07-05 22:00:00,,,,,0.0,,,,,0.0,0.0,82,,,1006.4,,,,,,,,,1001.3,,,26.0,,,,29.3,,,,,,,,,,,,,,210,220,6.8,8.3,,220,,,6.8,
2006-07-05 23:00:00,,,,,0.0,,,,,0.0,0.0,83,,,1006.0,,,,,,,,,1000.9,,,26.1,,,,29.2,,,,,,,,,,,,,,210,210,6.6,8.5,,210,,,7.0,
2006-07-06 00:00:00,,,,,0.0,,,,,0.0,0.0,82,,,1005.6,,,,,,,,,1000.5,,,25.9,,,,29.2,,,,,,,,,,,,,,210,210,5.8,8.8,,210,,,7.0,
2006-07-06 01:00:00,,,,,0.0,,,,,0.0,0.0,83,,,1005.2,,,,,,,,,1000.1,,,25.9,,,,29.1,,,,,,,,,,,,,,210,210,6.6,9.1,,210,,,6.9,
2006-07-06 02:00:00,,,,,0.0,,,,,0.0,0.0,82,,,1004.7,,,,,,,,,999.6,,,25.7,,,,29.1,,,,,,,,,,,,,,210,210,7.7,9.1,,210,,,7.7,
2006-07-06 03:00:00,,,,,0.0,,,,,0.0,0.0,81,,,1004.8,,,,,,,,,999.7,,,25.5,,,,29.1,,,,,,,,,,,,,,210,200,6.9,9.8,,210,,,7.8,
2006-07-06 04:00:00,,,,,0.0,,,,,0.0,0.0,80,,,1005.1,,,,,,,,,1000.0,,,25.4,,,,29.2,,,,,,,,,,,,,,220,220,7.5,9.3,,220,,,7.5,
2006-07-06 05:00:00,,,,,0.0,,,,,0.0,0.0,81,,,1005.3,,,,,,,,,1000.2,,,25.4,,,,29.1,,,,,,,,,,,,,,230,220,6.3,9.1,,220,,,7.5,
2006-07-06 06:00:00,,,,,0.0,,,,,0.0,0.0,81,,,1005.7,,,,,,,,,1000.6,0.0,,25.4,,,,29.0,,,,,,,,,,,,,,220,240,6.1,8.2,,230,,,6.8,
2006-07-06 07:00:00,,,,,0.36,,,,,0.0,0.0,82,,,1006.2,,,,,,,,,1001.1,0.5,,26.1,,,,29.5,,,,,,,,,,,,,,230,230,4.7,6.8,,220,,,6.0,
2006-07-06 08:00:00,,4.0,,,0.82,,,,,0.0,0.0,80,,,1006.1,,,,,,,,,1001.0,0.9,,26.3,,,,30.2,,,,,,,,,,25.0,,,,240,230,3.4,5.2,,230,,,4.7,
2006-07-06 09:00:00,,4.0,,,1.23,,,,,0.0,0.0,81,,,1006.2,,,,,,,,,1001.1,0.7,,26.6,,,,30.3,,,,,,,,,,25.0,,,,200,190,2.8,5.4,,200,,,3.9,
2006-07-06 10:00:00,,,,,1.78,,,,,0.0,0.0,78,,,1006.0,,,,,,,,,1000.9,0.9,,26.7,,,,30.9,,,,,,,,,,,,,,220,230,5.0,6.2,,230,,,5.1,
2006-07-06 11:00:00,,1.0,,,2.4,,,,,0.0,0.0,75,,,1005.8,,,,,,,,,1000.7,1.0,,26.5,,,,31.4,,,,,,,,,,25.0,,,,240,230,4.6,5.7,,220,,,5.0,
2006-07-06 12:00:00,,,,,2.4,,,,,0.0,0.0,74,,,1005.5,,,,,,,,,1000.4,1.0,,26.1,,,,31.4,,,,,,,,,,,,,,240,240,3.9,6.0,,240,,,5.0,
2006-07-06 13:00:00,,,,,2.39,,,,,0.0,0.0,74,,,1004.6,,,,,,,,,999.5,1.0,,26.6,,,,31.8,,,,,,,,,,,,,,230,240,3.5,5.2,,240,,,4.3,
2006-07-06 14:00:00,,1.0,,,2.39,,,,,0.0,0.0,76,,,1004.2,,,,,,,,,999.1,1.0,,27.0,,,,31.8,,,,,,,,,,25.0,,,,230,240,4.4,5.5,,220,,,4.4,
2006-07-06 15:00:00,,,,,2.04,,,,,0.0,0.0,76,,,1004.0,,,,,,,,,998.9,1.0,,26.6,,,,31.3,,,,,,,,,,,,,,220,230,4.4,6.0,,230,,,4.5,
2006-07-06 16:00:00,,,,,1.63,,,,,0.0,0.0,75,,,1003.7,,,,,,,,,998.6,1.0,,26.1,,,,31.1,,,,,,,,,,,,,,230,210,5.3,7.1,,220,,,5.4,
2006-07-06 17:00:00,,1.0,,,0.78,,,,,0.0,0.0,76,,,1003.2,,,,,,,,,998.1,0.6,,25.8,,,,30.5,,,,,,,,,,25.0,,,,230,230,6.2,7.8,,230,,,6.3,
2006-07-06 18:00:00,,,,,0.51,,,,,0.0,0.0,79,,,1003.2,,,,,,,,,998.1,1.0,,25.7,,,,29.8,,,,,,,,,,,,,,240,240,6.8,8.4,,240,,,6.8,
2006-07-06 19:00:00,,,,,0.0,,,,,0.0,0.0,80,,,1003.6,,,,,,,,,998.5,0.3,,25.7,,,,29.6,,,,,,,,,,,,,,230,240,6.8,9.1,,240,,,7.7,
2006-07-06 20:00:00,,,,,0.0,,,,,0.0,0.0,79,,,1004.0,,,,,,,,,998.9,,,25.4,,,,29.4,,,,,,,,,,,,,,230,240,6.5,8.9,,230,,,7.1,
2006-07-06 21:00:00,,,,,0.0,,,,,0.0,0.0,80,,,1004.4,,,,,,,,,999.3,,,25.7,,,,29.5,,,,,,,,,,,,,,220,220,7.2,9.0,,220,,,7.6,
2006-07-06 22:00:00,,,,,0.0,,,,,0.0,0.0,80,,,1004.7,,,,,,,,,999.6,,,25.6,,,,29.4,,,,,,,,,,,,,,220,210,8.3,9.8,,220,,,8.4,
2006-07-06 23:00:00,,,,,0.0,,,,,0.0,0.0,82,,,1004.3,,,,,,,,,999.2,,,25.9,,,,29.4,,,,,,,,,,,,,,220,200,7.7,10.3,,220,,,8.6,
2006-07-07 00:00:00,,,,,0.0,,,,,0.0,0.0,82,,,1004.0,,,,,,,,,998.9,,,25.9,,,,29.4,,,,,,,,,,,,,,220,210,8.6,10.5,,220,,,8.7,
2006-07-07 01:00:00,,,,,0.0,,,,,0.0,0.0,81,,,1003.2,,,,,,,,,998.1,,,25.5,,,,29.2,,,,,,,,,,,,,,220,230,8.7,10.6,,220,,,9.0,
2006-07-07 02:00:00,,,,,0.0,,,,,0.0,0.0,81,,,1002.9,,,,,,,,,997.8,,,25.6,,,,29.2,,,,,,,,,,,,,,230,230,9.9,12.1,,230,,,9.9,
2006-07-07 03:00:00,,,,,0.0,,,,,0.0,0.0,83,,,1002.7,,,,,,,,,997.6,,,25.8,,,,29.0,,,,,,,,,,,,,,240,230,7.7,12.2,,230,,,9.8,
2006-07-07 04:00:00,,,,,0.0,,,,,0.0,0.0,83,,,1002.6,,,,,,,,,997.5,,,25.8,,,,28.9,,,,,,,,,,,,,,240,240,8.5,10.9,,240,,,8.7,
2006-07-07 05:00:00,,,,,0.0,,,,,0.0,0.0,82,,,1002.8,,,,,,,,,997.7,,,25.5,,,,28.9,,,,,,,,,,,,,,240,230,8.4,10.8,,240,,,8.9,
2006-07-07 06:00:00,,,,,0.0,,,,,0.0,0.0,83,,,1003.6,,,,,,,,,998.5,0.0,,25.9,,,,29.0,,,,,,,,,,,,,,240,240,7.3,10.0,,240,,,8.3,
2006-07-07 07:00:00,,,,,0.27,,,,,0.0,0.0,82,,,1003.9,,,,,,,,,998.8,0.3,,25.9,,,,29.3,,,,,,,,,,,,,,240,240,7.3,10.0,,240,,,8.1,
2006-07-07 08:00:00,,2.0,,,0.83,,,,,0.0,0.0,82,,,1004.1,,,,,,,,,999.0,1.0,,26.2,,,,29.7,,,,,,,,,,25.0,,,,240,240,7.7,10.1,,240,,,8.1,
2006-07-07 09:00:00,,2.0,,,1.27,,,,,0.0,0.0,79,,,1004.2,,,,,,,,,999.1,1.0,,26.5,,,,30.5,,,,,,,,,,25.0,,,,250,260,5.8,9.5,,240,,,7.6,
2006-07-07 10:00:00,,,,,1.8,,,,,0.0,0.0,78,,,1004.1,,,,,,,,,999.0,1.0,,26.8,,,,31.0,,,,,,,,,,,,,,260,250,5.1,8.4,,250,,,5.8,
2006-07-07 11:00:00,,2.0,,,2.36,,,,,0.0,0.0,78,,,1003.7,,,,,,,,,998.6,1.0,,26.6,,,,30.8,,,,,,,,,,25.0,,,,240,260,5.2,8.1,,250,,,5.7,
2006-07-07 12:00:00,,,,,2.4,,,,,0.0,0.0,78,,,1002.9,,,,,,,,,997.8,1.0,,26.8,,,,31.1,,,,,,,,,,,,,,230,230,6.3,8.1,,230,,,6.5,
2006-07-07 13:00:00,,,,,2.4,,,,,0.0,0.0,77,,,1002.3,,,,,,,,,997.2,1.0,,26.5,,,,30.9,,,,,,,,,,,,,,240,240,6.5,8.2,,240,,,7.0,
2006-07-07 14:00:00,,1.0,,,2.4,,,,,0.0,0.0,77,,,1001.9,,,,,,,,,996.9,1.0,,26.8,,,,31.3,,,,,,,,,,25.0,,,,230,240,5.5,8.0,,240,,,6.7,
2006-07-07 15:00:00,,,,,2.04,,,,,0.0,0.0,78,,,1001.4,,,,,,,,,996.4,1.0,,27.0,,,,31.3,,,,,,,,,,,,,,230,240,5.6,7.7,,240,,,6.3,
2006-07-07 16:00:00,,,,,1.56,,,,,0.0,0.0,77,,,1001.3,,,,,,,,,996.2,1.0,,26.3,,,,30.8,,,,,,,,,,,,,,220,230,6.3,7.5,,220,,,6.3,
2006-07-07 17:00:00,,1.0,,,1.09,,,,,0.0,0.0,79,,,1001.0,,,,,,,,,995.9,1.0,,26.4,,,,30.5,,,,,,,,,,25.0,,,,230,230,6.5,8.1,,230,,,6.5,
2006-07-07 18:00:00,,,,,0.54,,,,,0.0,0.0,81,,,1001.1,,,,,,,,,996.0,1.0,,26.2,,,,29.9,,,,,,,,,,,,,,220,210,6.3,8.3,,220,,,6.7,
2006-07-07 19:00:00,,,,,0.0,,,,,0.0,0.0,81,,,1001.6,,,,,,,,,996.5,0.4,,25.8,,,,29.5,,,,,,,,,,,,,,220,210,7.1,8.5,,220,,,7.1,
2006-07-07 20:00:00,,,,,0.0,,,,,0.0,0.0,82,,,1002.1,,,,,,,,,997.0,,,26.0,,,,29.5,,,,,,,,,,,,,,220,220,7.6,9.3,,220,,,7.7,
2006-07-07 21:00:00,,,,,0.0,,,,,0.0,0.0,82,,,1002.7,,,,,,,,,997.6,,,26.0,,,,29.4,,,,,,,,,,,,,,230,230,6.3,9.4,,230,,,8.0,
2006-07-07 22:00:00,,,,,0.0,,,,,0.0,0.0,82,,,1002.9,,,,,,,,,997.8,,,26.2,,,,29.5,,,,,,,,,,,,,,220,230,5.4,7.4,,230,,,6.3,
2006-07-07 23:00:00,,,,,0.0,,,,,0.0,0.0,83,,,1003.0,,,,,,,,,997.9,,,26.0,,,,29.1,,,,,,,,,,,,,,230,220,4.6,6.6,,220,,,5.7,
2006-07-08 00:00:00,,,,,0.0,,,,,0.0,0.0,84,,,1002.6,,,,,,,,,997.5,,,26.0,,,,29.0,,,,,,,,,,,,,,240,240,5.2,6.6,,230,,,5.3,
2006-07-08 01:00:00,,,,,0.0,,,,,0.0,0.0,86,,,1002.1,,,,,,,,,997.0,,,26.2,,,,28.7,,,,,,,,,,,,,,250,250,3.4,6.1,,240,,,5.1,
2006-07-08 02:00:00,,,,,0.0,,,,,0.0,0.0,87,,,1001.3,,,,,,,,,996.2,,,26.2,,,,28.5,,,,,,,,,,,,,,240,260,4.7,6.6,,240,,,4.8,
2006-07-08 03:00:00,,,,,0.0,,,,,0.0,0.0,87,,,1000.9,,,,,,,,,995.8,,,26.1,,,,28.5,,,,,,,,,,,,,,240,260,6.3,8.4,,250,,,6.7,
2006-07-08 04:00:00,,,,,0.0,,,,,0.0,0.0,86,,,1000.8,,,,,,,,,995.7,,,26.1,,,,28.6,,,,,,,,,,,,,,250,240,5.4,8.8,,240,,,7.1,
2006-07-08 05:00:00,,,,,0.0,,,,,0.0,0.0,86,,,1001.3,,,,,,,,,996.2,,,26.1,,,,28.7,,,,,,,,,,,,,,240,240,8.5,10.9,,240,,,8.5,
2006-07-08 06:00:00,,,,,0.0,,,,,0.0,0.0,85,,,1001.9,,,,,,,,,996.8,0.0,,26.3,,,,29.0,,,,,,,,,,,,,,240,240,8.0,11.8,,240,,,9.4,
2006-07-08 07:00:00,,,,,0.29,,,,,0.0,0.0,84,,,1002.0,,,,,,,,,996.9,0.3,,26.4,,,,29.3,,,,,,,,,,,,,,250,250,7.9,11.3,,240,,,8.5,
2006-07-08 08:00:00,,2.0,,,0.6,,,,,0.0,0.0,83,,,1002.0,,,,,,,,,996.9,0.9,,26.4,,,,29.5,,,,,,,,,,20.0,,,,250,260,7.7,11.6,,250,,,7.8,
2006-07-08 09:00:00,,5.0,,,0.99,,,,,0.0,0.0,84,,,1002.1,,,,,,,,,997.0,0.6,,26.9,,,,30.0,,,,,,,,,,20.0,,,,250,250,6.0,11.2,,250,,,7.9,
2006-07-08 10:00:00,,,,,0.88,,,,,2.0,0.2,83,,,1002.0,,,,,,,,,996.9,0.3,,25.3,,,,28.5,,,,,,,,,,,,,,270,280,7.6,11.4,,270,,,8.4,
2006-07-08 11:00:00,,5.0,,,0.62,,,,,0.5,0.2,90,,,1001.8,,,,,,,,,996.7,0.1,,27.4,,,,29.2,,,,,,,,,,15.0,,,,260,260,6.6,9.5,,270,,,7.3,
2006-07-08 12:00:00,,,,,1.68,,,,,0.0,0.0,83,,,1001.1,,,,,,,,,996.0,0.6,,26.6,,,,29.7,,,,,,,,,,,,,,270,260,7.0,10.3,,260,,,7.4,
2006-07-08 13:00:00,,,,,2.38,,,,,0.0,0.0,76,,,1000.7,,,,,,,,,995.7,1.0,,26.4,,,,31.2,,,,,,,,,,,,,,270,270,7.3,9.9,,270,,,8.1,
2006-07-08 14:00:00,,4.0,,,2.24,,,,,0.0,0.0,83,,,1000.6,,,,,,,,,995.5,0.9,,26.9,,,,30.2,,,,,,,,,,15.0,,,,250,260,6.1,9.4,,270,,,7.5,
2006-07-08 15:00:00,,,,,2.11,,,,,0.0,0.0,82,,,1000.6,,,,,,,,,995.5,1.0,,27.1,,,,30.6,,,,,,,,,,,,,,240,230,6.8,8.5,,230,,,6.8,
2006-07-08 16:00:00,,,,,1.72,,,,,0.0,0.0,82,,,999.9,,,,,,,,,994.8,1.0,,26.8,,,,30.3,,,,,,,,,,,,,,240,240,8.1,10.8,,240,,,8.8,
2006-07-08 17:00:00,,3.0,,,1.08,,,,,0.0,0.0,82,,,999.6,,,,,,,,,994.5,1.0,,26.4,,,,29.8,,,,,,,,,,20.0,,,,240,230,9.0,11.8,,240,,,9.4,
2006-07-08 18:00:00,,,,,0.44,,,,,0.0,0.0,83,,,1000.4,,,,,,,,,995.3,0.9,,25.9,,,,29.0,,,,,,,,,,,,,,240,240,9.4,12.4,,240,,,9.4,
2006-07-08 19:00:00,,,,,0.0,,,,,0.0,0.0,82,,,1000.6,,,,,,,,,995.5,0.1,,25.5,,,,28.9,,,,,,,,,,,,,,250,240,7.4,12.7,,240,,,9.7,
2006-07-08 20:00:00,,,,,0.0,,,,,0.0,0.0,83,,,1000.9,,,,,,,,,995.8,,,25.8,,,,29.0,,,,,,,,,,,,,,250,240,7.7,11.7,,240,,,8.5,
2006-07-08 21:00:00,,,,,0.0,,,,,0.0,0.0,85,,,1001.3,,,,,,,,,996.2,,,26.1,,,,28.9,,,,,,,,,,,,,,250,250,6.9,10.0,,250,,,7.5,
2006-07-08 22:00:00,,,,,0.0,,,,,0.0,0.0,85,,,1001.6,,,,,,,,,996.5,,,26.3,,,,29.0,,,,,,,,,,,,,,240,250,8.4,10.8,,240,,,8.4,
2006-07-08 23:00:00,,,,,0.0,,,,,0.0,0.0,86,,,1001.5,,,,,,,,,996.4,,,26.4,,,,29.0,,,,,,,,,,,,,,240,240,7.3,9.9,,240,,,8.3,
2006-07-09 00:00:00,,,,,0.0,,,,,0.0,0.0,86,,,1001.2,,,,,,,,,996.1,,,26.5,,,,29.1,,,,,,,,,,,,,,250,250,5.4,9.1,,240,,,7.2,
2006-07-09 01:00:00,,,,,0.0,,,,,0.0,0.0,87,,,1000.6,,,,,,,,,995.5,,,26.4,,,,28.7,,,,,,,,,,,,,,260,260,4.8,8.6,,250,,,5.9,
2006-07-09 02:00:00,,,,,0.0,,,,,0.0,0.0,91,,,1000.3,,,,,,,,,995.2,,,26.4,,,,28.1,,,,,,,,,,,,,,260,260,6.1,9.1,,250,,,6.5,
2006-07-09 03:00:00,,,,,0.0,,,,,0.0,0.0,89,,,1000.1,,,,,,,,,995.0,,,26.4,,,,28.4,,,,,,,,,,,,,,250,250,6.0,9.5,,250,,,6.4,
2006-07-09 04:00:00,,,,,0.0,,,,,0.0,0.0,89,,,1000.0,,,,,,,,,994.9,,,26.2,,,,28.2,,,,,,,,,,,,,,250,250,6.6,9.3,,250,,,6.8,
2006-07-09 05:00:00,,,,,0.0,,,,,0.0,0.0,90,,,1000.2,,,,,,,,,995.1,,,26.3,,,,28.1,,,,,,,,,,,,,,250,240,6.0,9.8,,240,,,8.0,
2006-07-09 06:00:00,,,,,0.0,,,,,0.0,0.0,90,,,1000.5,,,,,,,,,995.4,0.0,,26.6,,,,28.4,,,,,,,,,,,,,,250,240,6.8,10.0,,240,,,8.2,
2006-07-09 07:00:00,,,,,0.0,,,,,0.0,0.0,88,,,1000.8,,,,,,,,,995.7,0.0,,26.5,,,,28.6,,,,,,,,,,,,,,250,250,7.0,9.9,,250,,,7.1,
2006-07-09 08:00:00,,9.0,,,0.11,,,,,0.0,0.0,90,,,1001.2,,,,,,,,,996.1,0.0,,26.8,,,,28.7,,,,,,,,,,12.0,,,,260,250,5.7,10.3,,240,,,7.9,
2006-07-09 09:00:00,,9.0,,,0.6,,,,,0.0,0.0,90,,,1001.4,,,,,,,,,996.3,0.0,,27.1,,,,28.9,,,,,,,,,,12.0,,,,250,260,6.3,9.8,,260,,,6.8,
2006-07-09 10:00:00,,,,,0.71,,,,,0.0,0.0,83,,,1001.6,,,,,,,,,996.5,0.1,,25.8,,,,28.9,,,,,,,,,,,,,,250,240,9.0,14.3,,250,,,10.3,
2006-07-09 11:00:00,,5.0,,,1.84,,,,,0.0,0.0,82,,,1001.8,,,,,,,,,996.7,0.6,,26.0,,,,29.3,,,,,,,,,,15.0,,,,240,250,11.9,15.3,,240,,,11.9,
2006-07-09 12:00:00,,,,,1.93,,,,,0.0,0.0,81,,,1001.6,,,,,,,,,996.5,0.7,,25.8,,,,29.5,,,,,,,,,,,,,,250,240,8.3,13.2,,240,,,11.7,
2006-07-09 13:00:00,,,,,2.18,,,,,0.0,0.0,82,,,1001.6,,,,,,,,,996.5,0.9,,26.7,,,,30.1,,,,,,,,,,,,,,230,250,8.8,11.5,,230,,,9.4,
2006-07-09 14:00:00,,9.0,,,1.91,,,,,0.0,0.0,83,,,1001.3,,,,,,,,,996.2,0.9,,26.8,,,,30.1,,,,,,,,,,15.0,,,,230,230,7.5,10.0,,230,,,8.6,
2006-07-09 15:00:00,,,,,1.23,,,,,0.0,0.0,85,,,1000.9,,,,,,,,,995.8,0.0,,26.3,,,,29.0,,,,,,,,,,,,,,230,230,7.1,9.9,,230,,,8.0,
2006-07-09 16:00:00,,,,,1.14,,,,,0.0,0.0,83,,,1000.8,,,,,,,,,995.7,0.3,,25.8,,,,29.0,,,,,,,,,,,,,,220,230,5.8,8.3,,230,,,7.0,
2006-07-09 17:00:00,,9.0,,,0.64,,,,,0.0,0.0,83,,,1001.0,,,,,,,,,995.9,0.0,,26.0,,,,29.2,,,,,,,,,,20.0,,,,220,220,8.6,10.6,,220,,,8.6,
2006-07-09 18:00:00,,,,,0.29,,,,,0.0,0.0,84,,,1001.3,,,,,,,,,996.2,0.0,,26.0,,,,29.0,,,,,,,,,,,,,,220,230,7.5,10.0,,220,,,8.6,
2006-07-09 19:00:00,,,,,0.0,,,,,0.0,0.0,84,,,1002.1,,,,,,,,,997.0,0.0,,26.1,,,,29.0,,,,,,,,,,,,,,210,220,6.7,8.8,,220,,,7.5,
2006-07-09 20:00:00,,,,,0.0,,,,,0.0,0.0,83,,,1002.2,,,,,,,,,997.1,,,26.0,,,,29.1,,,,,,,,,,,,,,200,210,5.7,8.5,,210,,,6.8,
2006-07-09 21:00:00,,,,,0.0,,,,,0.0,0.0,86,,,1002.5,,,,,,,,,997.4,,,26.6,,,,29.2,,,,,,,,,,,,,,200,210,7.8,10.2,,200,,,7.8,
2006-07-09 22:00:00,,,,,0.0,,,,,0.0,0.0,85,,,1002.9,,,,,,,,,997.8,,,26.6,,,,29.4,,,,,,,,,,,,,,210,200,8.8,10.8,,210,,,8.8,
2006-07-09 23:00:00,,,,,0.0,,,,,0.0,0.0,84,,,1003.3,,,,,,,,,998.2,,,26.5,,,,29.4,,,,,,,,,,,,,,210,210,7.5,10.4,,210,,,9.0,
2006-07-10 00:00:00,,,,,0.0,,,,,0.0,0.0,85,,,1003.2,,,,,,,,,998.1,,,26.5,,,,29.3,,,,,,,,,,,,,,210,210,7.3,9.3,,210,,,8.0,
2006-07-10 01:00:00,,,,,0.0,,,,,0.0,0.0,86,,,1003.1,,,,,,,,,998.0,,,26.5,,,,29.1,,,,,,,,,,,,,,210,210,7.3,10.2,,210,,,8.0,
2006-07-10 02:00:00,,,,,0.0,,,,,0.0,0.0,86,,,1002.6,,,,,,,,,997.5,,,26.4,,,,28.9,,,,,,,,,,,,,,200,210,6.3,10.5,,210,,,8.4,
2006-07-10 03:00:00,,,,,0.0,,,,,0.0,0.0,87,,,1002.8,,,,,,,,,997.7,,,26.4,,,,28.8,,,,,,,,,,,,,,200,200,4.8,8.1,,200,,,6.2,
2006-07-10 04:00:00,,,,,0.0,,,,,0.0,0.0,85,,,1002.9,,,,,,,,,997.8,,,26.0,,,,28.8,,,,,,,,,,,,,,190,190,7.1,9.3,,190,,,7.3,
2006-07-10 05:00:00,,,,,0.0,,,,,0.0,0.0,88,,,1003.0,,,,,,,,,997.9,,,26.0,,,,28.1,,,,,,,,,,,,,,200,190,7.3,10.9,,190,,,7.7,
2006-07-10 06:00:00,,,,,0.0,,,,,1.0,0.2,82,,,1003.4,,,,,,,,,998.3,0.0,,24.3,,,,27.7,,,,,,,,,,,,,,220,200,6.7,13.8,,210,,,9.4,
2006-07-10 07:00:00,,,,,0.0,,,,,0.0,0.0,87,,,1004.2,,,,,,,,,999.1,0.0,,25.9,,,,28.3,,,,,,,,,,,,,,210,220,5.2,9.4,,220,,,7.8,
2006-07-10 08:00:00,,3.0,,,0.31,,,,,0.0,0.0,83,,,1004.4,,,,,,,,,999.3,0.1,,25.5,,,,28.6,,,,,,,,,,25.0,,,,180,200,4.0,6.8,,210,,,5.0,
2006-07-10 09:00:00,,3.0,,,0.91,,,,,0.5,0.2,83,,,1004.5,,,,,,,,,999.4,0.4,,25.7,,,,28.9,,,,,,,,,,25.0,,,,220,190,4.4,8.1,,210,,,5.3,
2006-07-10 10:00:00,,,,,0.8,,,,,0.0,0.0,85,,,1004.8,,,,,,,,,999.7,0.3,,25.9,,,,28.7,,,,,,,,,,,,,,170,210,1.5,5.2,,220,,,4.4,
2006-07-10 11:00:00,,3.0,,,0.9,,,,,0.0,0.0,83,,,1004.8,,,,,,,,,999.7,0.2,,27.3,,,,30.6,,,,,,,,,,15.0,,,,170,210,0.6,2.8,,170,,,1.5,
2006-07-10 12:00:00,,,,,2.14,,,,,0.0,0.0,80,,,1004.8,,,,,,,,,999.7,0.9,,27.9,,,,31.8,,,,,,,,,,,,,,210,210,3.4,5.0,,210,,,3.4,
2006-07-10 13:00:00,,,,,2.21,,,,,0.0,0.0,78,,,1004.4,,,,,,,,,999.3,0.9,,27.1,,,,31.4,,,,,,,,,,,,,,220,220,3.3,5.5,,220,,,4.6,
2006-07-10 14:00:00,,3.0,,,2.38,,,,,0.0,0.0,78,,,1004.1,,,,,,,,,999.0,1.0,,27.2,,,,31.5,,,,,,,,,,25.0,,,,190,190,4.0,5.5,,200,,,4.1,
2006-07-10 15:00:00,,,,,2.0,,,,,0.0,0.0,78,,,1003.2,,,,,,,,,998.1,0.9,,27.0,,,,31.2,,,,,,,,,,,,,,190,200,5.2,7.1,,190,,,5.2,
2006-07-10 16:00:00,,,,,1.55,,,,,0.0,0.0,80,,,1003.1,,,,,,,,,998.0,1.0,,27.4,,,,31.2,,,,,,,,,,,,,,200,200,5.2,7.3,,190,,,5.6,
2006-07-10 17:00:00,,2.0,,,1.16,,,,,0.0,0.0,81,,,1003.2,,,,,,,,,998.1,1.0,,27.0,,,,30.7,,,,,,,,,,25.0,,,,200,190,6.8,8.6,,190,,,6.9,
2006-07-10 18:00:00,,,,,0.59,,,,,0.0,0.0,84,,,1003.5,,,,,,,,,998.4,1.0,,26.8,,,,29.9,,,,,,,,,,,,,,200,210,6.5,8.6,,210,,,6.9,
2006-07-10 19:00:00,,,,,0.02,,,,,0.0,0.0,83,,,1004.1,,,,,,,,,999.0,0.0,,26.5,,,,29.7,,,,,,,,,,,,,,190,200,5.7,8.3,,200,,,6.5,
2006-07-10 20:00:00,,,,,0.0,,,,,0.0,0.0,84,,,1004.6,,,,,,,,,999.5,,,26.7,,,,29.6,,,,,,,,,,,,,,190,190,5.3,6.9,,190,,,5.7,
2006-07-10 21:00:00,,,,,0.0,,,,,0.0,0.0,85,,,1005.1,,,,,,,,,1000.0,,,26.7,,,,29.5,,,,,,,,,,,,,,200,190,5.3,7.5,,190,,,6.3,
2006-07-10 22:00:00,,,,,0.0,,,,,0.0,0.0,84,,,1005.6,,,,,,,,,1000.5,,,26.6,,,,29.5,,,,,,,,,,,,,,200,190,4.7,7.3,,190,,,5.9,
2006-07-10 23:00:00,,,,,0.0,,,,,0.0,0.0,83,,,1005.5,,,,,,,,,1000.4,,,26.2,,,,29.3,,,,,,,,,,,,,,190,190,5.8,7.5,,190,,,6.0,
2006-07-11 00:00:00,,,,,0.0,,,,,0.0,0.0,86,,,1005.2,,,,,,,,,1000.1,,,26.6,,,,29.2,,,,,,,,,,,,,,200,200,3.4,6.3,,190,,,5.6,
2006-07-11 01:00:00,,,,,0.0,,,,,0.0,0.0,84,,,1004.3,,,,,,,,,999.2,,,26.2,,,,29.1,,,,,,,,,,,,,,190,190,2.9,5.1,,190,,,4.0,
2006-07-11 02:00:00,,,,,0.0,,,,,0.0,0.0,86,,,1003.8,,,,,,,,,998.7,,,26.2,,,,28.8,,,,,,,,,,,,,,170,190,2.5,4.0,,190,,,3.1,
2006-07-11 03:00:00,,,,,0.0,,,,,0.0,0.0,87,,,1003.6,,,,,,,,,998.5,,,26.3,,,,28.7,,,,,,,,,,,,,,180,190,2.9,4.4,,180,,,2.9,
2006-07-11 04:00:00,,,,,0.0,,,,,0.0,0.0,87,,,1003.6,,,,,,,,,998.5,,,26.3,,,,28.7,,,,,,,,,,,,,,180,190,3.0,5.3,,190,,,4.3,
2006-07-11 05:00:00,,,,,0.0,,,,,0.0,0.0,85,,,1003.7,,,,,,,,,998.6,,,25.9,,,,28.7,,,,,,,,,,,,,,210,200,3.5,4.5,,210,,,3.5,
2006-07-11 06:00:00,,,,,0.0,,,,,0.0,0.0,82,,,1004.4,,,,,,,,,999.3,0.0,,25.8,,,,29.1,,,,,,,,,,,,,,200,190,3.5,5.4,,190,,,4.5,
2006-07-11 07:00:00,,,,,0.06,,,,,0.0,0.0,88,,,1005.2,,,,,,,,,1000.1,0.1,,27.0,,,,29.2,,,,,,,,,,,,,,260,240,1.9,4.5,,230,,,3.7,
2006-07-11 08:00:00,,1.0,,,0.85,,,,,0.0,0.0,85,,,1005.5,,,,,,,,,1000.4,1.0,,27.5,,,,30.3,,,,,,,,,,10.0,,,,260,260,1.6,3.3,,270,,,2.3,
2006-07-11 09:00:00,,1.0,,,1.29,,,,,0.0,0.0,83,,,1005.3,,,,,,,,,1000.2,0.9,,27.3,,,,30.6,,,,,,,,,,10.0,,,,250,250,1.9,3.4,,260,,,2.2,
2006-07-11 10:00:00,,,,,1.95,,,,,0.0,0.0,81,,,1005.5,,,,,,,,,1000.4,0.8,,27.6,,,,31.3,,,,,,,,,,,,,,240,240,2.1,3.3,,230,,,2.5,
2006-07-11 11:00:00,,3.0,,,2.23,,,,,0.0,0.0,76,,,1005.2,,,,,,,,,1000.2,0.9,,27.9,,,,32.6,,,,,,,,,,10.0,,,,260,250,2.0,3.0,,260,,,2.1,
2006-07-11 12:00:00,,,,,2.46,,,,,0.0,0.0,74,,,1005.0,,,,,,,,,1000.0,1.0,,28.1,,,,33.4,,,,,,,,,,,,,,280,260,2.9,3.6,,280,,,2.9,
2006-07-11 13:00:00,,,,,2.4,,,,,0.0,0.0,74,,,1004.4,,,,,,,,,999.4,1.0,,27.6,,,,32.9,,,,,,,,,,,,,,280,310,3.3,4.8,,300,,,3.7,
2006-07-11 14:00:00,,1.0,,,2.39,,,,,0.0,0.0,77,,,1003.7,,,,,,,,,998.7,1.0,,27.9,,,,32.5,,,,,,,,,,20.0,,,,300,300,2.5,4.5,,280,,,3.3,
2006-07-11 15:00:00,,,,,1.98,,,,,0.0,0.0,71,,,1002.9,,,,,,,,,997.9,1.0,,26.5,,,,32.5,,,,,,,,,,,,,,300,310,3.7,5.2,,300,,,3.9,
2006-07-11 16:00:00,,,,,1.37,,,,,0.0,0.0,72,,,1002.6,,,,,,,,,997.5,0.8,,25.8,,,,31.4,,,,,,,,,,,,,,310,310,2.8,5.7,,300,,,4.3,
2006-07-11 17:00:00,,8.0,,,0.02,,,,,0.0,0.0,81,,,1002.4,,,,,,,,,997.3,0.0,,25.8,,,,29.3,,,,,,,,,,25.0,,,,320,330,2.3,4.6,,330,,,3.4,
2006-07-11 18:00:00,,,,,0.0,,,,,0.0,0.0,84,,,1002.5,,,,,,,,,997.4,0.0,,25.9,,,,28.8,,,,,,,,,,,,,,0,310,0.0,3.8,,310,,,2.8,
2006-07-11 19:00:00,,,,,0.0,,,,,0.0,0.0,86,,,1003.1,,,,,,,,,998.0,0.0,,25.9,,,,28.4,,,,,,,,,,,,,,360,330,0.3,2.5,,340,,,1.3,
2006-07-11 20:00:00,,,,,0.0,,,,,0.0,0.0,86,,,1003.5,,,,,,,,,998.4,,,25.8,,,,28.3,,,,,,,,,,,,,,340,20,0.4,2.6,,10,,,2.0,
2006-07-11 21:00:00,,,,,0.0,,,,,0.0,0.0,85,,,1003.4,,,,,,,,,998.3,,,25.4,,,,28.2,,,,,,,,,,,,,,340,330,2.2,3.7,,350,,,2.5,
2006-07-11 22:00:00,,,,,0.0,,,,,0.0,0.0,87,,,1003.8,,,,,,,,,998.7,,,25.9,,,,28.3,,,,,,,,,,,,,,320,310,2.6,4.1,,340,,,2.6,
2006-07-11 23:00:00,,,,,0.0,,,,,0.0,0.0,87,,,1003.8,,,,,,,,,998.7,,,26.1,,,,28.4,,,,,,,,,,,,,,320,320,3.3,4.8,,320,,,3.6,
2006-07-12 00:00:00,,,,,0.0,,,,,0.0,0.0,87,,,1003.1,,,,,,,,,998.0,,,26.1,,,,28.4,,,,,,,,,,,,,,340,330,4.1,7.2,,330,,,4.9,
2006-07-12 01:00:00,,,,,0.0,,,,,0.0,0.0,89,,,1002.4,,,,,,,,,997.3,,,26.3,,,,28.3,,,,,,,,,,,,,,350,360,5.5,7.9,,350,,,5.5,
2006-07-12 02:00:00,,,,,0.0,,,,,0.0,0.0,89,,,1002.0,,,,,,,,,996.9,,,26.3,,,,28.2,,,,,,,,,,,,,,330,360,4.1,7.4,,350,,,5.4,
2006-07-12 03:00:00,,,,,0.0,,,,,0.0,0.0,88,,,1001.3,,,,,,,,,996.2,,,25.9,,,,28.0,,,,,,,,,,,,,,320,330,5.7,7.8,,330,,,5.8,
2006-07-12 04:00:00,,,,,0.0,,,,,0.0,0.0,89,,,1000.7,,,,,,,,,995.6,,,25.6,,,,27.6,,,,,,,,,,,,,,320,320,7.2,9.3,,320,,,7.4,
2006-07-12 05:00:00,,,,,0.0,,,,,0.0,0.0,88,,,1000.7,,,,,,,,,995.6,,,25.3,,,,27.4,,,,,,,,,,,,,,330,330,6.7,11.8,,330,,,8.1,
2006-07-12 06:00:00,,,,,0.0,,,,,0.0,0.0,88,,,1001.0,,,,,,,,,995.9,0.0,,25.7,,,,27.9,,,,,,,,,,,,,,350,320,6.5,12.0,,330,,,7.7,
2006-07-12 07:00:00,,,,,0.35,,,,,0.0,0.0,87,,,1000.8,,,,,,,,,995.7,0.5,,25.8,,,,28.1,,,,,,,,,,,,,,350,350,7.6,10.6,,350,,,7.6,
2006-07-12 08:00:00,,4.0,,,0.79,,,,,0.0,0.0,85,,,1000.7,,,,,,,,,995.6,0.9,,25.5,,,,28.2,,,,,,,,,,25.0,,,,350,350,8.6,13.6,,350,,,9.9,
2006-07-12 09:00:00,,8.0,,,1.05,,,,,0.0,0.0,82,,,1000.2,,,,,,,,,995.1,0.5,,25.9,,,,29.2,,,,,,,,,,15.0,,,,350,360,9.7,13.9,,350,,,9.7,
2006-07-12 10:00:00,,,,,1.54,,,,,0.0,0.0,80,,,999.6,,,,,,,,,994.5,0.7,,26.0,,,,29.8,,,,,,,,,,,,,,350,360,10.8,16.8,,350,,,11.2,
2006-07-12 11:00:00,,8.0,,,1.54,,,,,0.0,0.0,82,,,999.2,,,,,,,,,994.1,0.5,,25.6,,,,29.0,,,,,,,,,,20.0,,,,360,360,12.1,17.1,,360,,,12.5,
2006-07-12 12:00:00,,,,,1.66,,,,,0.0,0.0,80,,,998.3,,,,,,,,,993.2,0.5,,25.9,,,,29.7,,,,,,,,,,,,,,360,360,11.8,17.2,,360,,,12.2,
2006-07-12 13:00:00,,,,,2.04,,,,,0.0,0.0,79,,,997.7,,,,,,,,,992.6,0.7,,25.8,,,,29.8,,,,,,,,,,,,,,360,360,12.4,17.1,,360,,,12.6,
2006-07-12 14:00:00,,9.0,,,1.84,,,,,0.0,0.0,80,,,997.0,,,,,,,,,991.9,0.8,,25.6,,,,29.5,,,,,,,,,,20.0,,,,360,360,13.4,18.1,,360,,,13.7,
2006-07-12 15:00:00,,,,,1.77,,,,,0.0,0.0,80,,,996.0,,,,,,,,,990.9,0.8,,25.4,,,,29.3,,,,,,,,,,,,,,360,10,13.9,19.7,,360,,,14.4,
2006-07-12 16:00:00,,,,,1.32,,,,,0.0,0.0,80,,,995.1,,,,,,,,,990.0,0.8,,25.2,,,,29.1,,,,,,,,,,,,,,360,360,14.5,21.1,,360,,,15.1,
2006-07-12 17:00:00,,8.0,,,0.97,,,,,0.0,0.0,79,,,994.0,,,,,,,,,989.0,1.0,,25.0,,,,29.0,,,,,,,,,,15.0,,,,360,360,16.3,22.0,,360,,,16.3,
2006-07-12 18:00:00,,,,,0.48,,,,,0.0,0.0,79,,,993.7,,,,,,,,,988.6,0.7,,24.7,,,,28.6,,,,,,,,,,,,,,360,360,17.0,25.6,,360,,,17.2,
2006-07-12 19:00:00,,,,,0.0,,,,,0.0,0.0,81,,,994.0,,,,,,,,,988.9,0.0,,24.8,,,,28.3,,,,,,,,,,,,,,360,360,15.4,23.4,,360,,,17.0,
2006-07-12 20:00:00,,,,,0.0,,,,,0.0,0.0,81,,,993.7,,,,,,,,,988.6,,,24.8,,,,28.3,,,,,,,,,,,,,,360,360,16.6,22.8,,360,,,17.2,
2006-07-12 21:00:00,,,,,0.0,,,,,0.0,0.0,82,,,993.6,,,,,,,,,988.5,,,24.8,,,,28.1,,,,,,,,,,,,,,360,360,15.7,23.2,,360,,,17.1,
2006-07-12 22:00:00,,,,,0.0,,,,,0.0,0.0,82,,,993.8,,,,,,,,,988.7,,,24.7,,,,28.1,,,,,,,,,,,,,,360,360,17.4,27.6,,360,,,18.7,
2006-07-12 23:00:00,,,,,0.0,,,,,0.0,0.0,81,,,993.7,,,,,,,,,988.6,,,24.7,,,,28.2,,,,,,,,,,,,,,360,360,18.6,26.1,,360,,,18.6,
2006-07-13 00:00:00,,,,,0.0,,,,,0.0,0.0,82,,,993.2,,,,,,,,,988.1,,,24.7,,,,28.0,,,,,,,,,,,,,,360,360,16.1,25.1,,360,,,18.7,
2006-07-13 01:00:00,,,,,0.0,,,,,0.0,0.0,82,,,992.4,,,,,,,,,987.3,,,24.7,,,,28.0,,,,,,,,,,,,,,360,360,18.0,26.0,,360,,,18.0,
2006-07-13 02:00:00,,,,,0.0,,,,,0.0,0.0,82,,,992.4,,,,,,,,,987.3,,,24.6,,,,28.0,,,,,,,,,,,,,,350,360,16.8,26.9,,360,,,18.4,
2006-07-13 03:00:00,,,,,0.0,,,,,0.0,0.0,84,,,991.9,,,,,,,,,986.8,,,24.7,,,,27.7,,,,,,,,,,,,,,350,350,17.0,26.2,,350,,,17.3,
2006-07-13 04:00:00,,,,,0.0,,,,,0.0,0.0,84,,,991.7,,,,,,,,,986.6,,,24.8,,,,27.8,,,,,,,,,,,,,,350,350,18.5,26.1,,350,,,18.8,
2006-07-13 05:00:00,,,,,0.0,,,,,0.0,0.0,83,,,991.3,,,,,,,,,986.2,,,24.7,,,,27.8,,,,,,,,,,,,,,350,360,18.2,26.3,,350,,,19.0,
2006-07-13 06:00:00,,,,,0.0,,,,,0.0,0.0,83,,,991.2,,,,,,,,,986.1,0.0,,24.7,,,,27.8,,,,,,,,,,,,,,350,350,17.9,26.2,,350,,,19.4,
2006-07-13 07:00:00,,,,,0.19,,,,,0.0,0.0,83,,,990.5,,,,,,,,,985.5,0.1,,24.8,,,,27.9,,,,,,,,,,,,,,350,360,18.0,28.6,,350,,,20.1,
2006-07-13 08:00:00,,8.0,,,0.88,,,,,0.0,0.0,80,,,990.4,,,,,,,,,985.4,0.8,,24.8,,,,28.5,,,,,,,,,,10.0,,,,360,350,17.5,27.7,,350,,,19.5,
2006-07-13 09:00:00,,9.0,,,0.89,,,,,0.0,0.0,85,,,990.6,,,,,,,,,985.5,0.3,,24.9,,,,27.6,,,,,,,,,,10.0,,,,350,360,18.2,28.8,,360,,,21.0,
2006-07-13 10:00:00,,,,,1.3,,,,,0.0,0.0,80,,,990.3,,,,,,,,,985.3,0.4,,24.9,,,,28.8,,,,,,,,,,,,,,350,350,17.4,27.4,,350,,,19.0,
2006-07-13 11:00:00,,10.0,,,1.41,,,,,0.0,0.0,81,,,990.1,,,,,,,,,985.1,0.4,,25.0,,,,28.6,,,,,,,,,,10.0,,,,350,350,19.3,27.1,,350,,,19.3,
2006-07-13 12:00:00,,,,,1.12,,,,,0.0,0.0,82,,,989.7,,,,,,,,,984.7,0.2,,25.0,,,,28.4,,,,,,,,,,,,,,350,340,16.1,28.0,,350,,,20.0,
2006-07-13 13:00:00,,,,,0.94,,,,,0.0,0.0,79,,,989.1,,,,,,,,,984.1,0.1,,24.6,,,,28.5,,,,,,,,,,,,,,350,360,19.3,27.8,,350,,,19.9,
2006-07-13 14:00:00,,10.0,,,1.07,,,,,0.0,0.0,79,,,988.5,,,,,,,,,983.5,0.1,,24.7,,,,28.8,,,,,,,,,,10.0,,,,350,350,19.1,29.8,,350,,,20.7,
2006-07-13 15:00:00,,,,,0.05,,,,,0.0,0.0,84,,,988.5,,,,,,,,,983.5,0.0,,24.8,,,,27.7,,,,,,,,,,,,,,340,340,14.4,30.4,,350,,,20.2,
2006-07-13 16:00:00,,,,,0.42,,,,,0.5,0.4,88,,,988.0,,,,,,,,,983.0,0.0,,25.1,,,,27.2,,,,,,,,,,,,,,350,360,16.5,29.4,,350,,,19.9,
2006-07-13 17:00:00,,10.0,,,0.01,,,,,1.5,0.3,87,,,988.2,,,,,,,,,983.2,0.0,,24.9,,,,27.2,,,,,,,,,,10.0,,,,340,350,14.7,29.1,,350,,,18.0,
2006-07-13 18:00:00,,,,,0.29,,,,,0.0,0.0,79,,,987.8,,,,,,,,,982.8,0.3,,24.4,,,,28.3,,,,,,,,,,,,,,340,350,15.1,27.1,,350,,,17.9,
2006-07-13 19:00:00,,,,,0.05,,,,,0.0,0.0,79,,,988.1,,,,,,,,,983.1,0.1,,24.1,,,,28.1,,,,,,,,,,,,,,330,310,15.2,26.7,,330,,,15.4,
2006-07-13 20:00:00,,,,,0.0,,,,,1.0,0.6,86,,,988.0,,,,,,,,,982.9,,,23.5,,,,26.0,,,,,,,,,,,,,,340,350,20.0,33.7,,350,,,21.9,
2006-07-13 21:00:00,,,,,0.0,,,,,3.0,0.9,91,,,987.9,,,,,,,,,982.8,,,24.5,,,,26.1,,,,,,,,,,,,,,330,330,19.2,35.2,,330,,,23.8,
2006-07-13 22:00:00,,,,,0.0,,,,,0.0,0.0,85,,,988.6,,,,,,,,,983.5,,,23.6,,,,26.3,,,,,,,,,,,,,,320,330,17.5,28.3,,330,,,20.1,
2006-07-13 23:00:00,,,,,0.0,,,,,0.5,0.8,87,,,988.2,,,,,,,,,983.1,,,23.7,,,,26.0,,,,,,,,,,,,,,300,310,17.4,24.7,,320,,,18.6,
2006-07-14 00:00:00,,,,,0.0,,,,,2.5,1.0,88,,,988.0,,,,,,,,,982.9,,,23.9,,,,26.0,,,,,,,,,,,,,,280,300,13.3,21.7,,300,,,17.3,
2006-07-14 01:00:00,,,,,0.0,,,,,0.5,1.0,87,,,987.7,,,,,,,,,982.6,,,23.6,,,,26.0,,,,,,,,,,,,,,280,280,14.6,18.8,,270,,,15.1,
2006-07-14 02:00:00,,,,,0.0,,,,,0.0,0.0,87,,,987.1,,,,,,,,,982.0,,,23.8,,,,26.2,,,,,,,,,,,,,,260,290,10.6,19.1,,280,,,14.4,
2006-07-14 03:00:00,,,,,0.0,,,,,0.0,0.0,85,,,987.3,,,,,,,,,982.3,,,24.3,,,,27.0,,,,,,,,,,,,,,260,260,9.8,15.3,,260,,,10.8,
2006-07-14 04:00:00,,,,,0.0,,,,,2.0,0.9,83,,,987.2,,,,,,,,,982.2,,,23.7,,,,26.8,,,,,,,,,,,,,,260,260,13.1,17.6,,260,,,13.1,
2006-07-14 05:00:00,,,,,0.0,,,,,3.0,1.0,88,,,987.8,,,,,,,,,982.7,,,23.5,,,,25.6,,,,,,,,,,,,,,270,250,14.3,19.5,,270,,,14.9,
2006-07-14 06:00:00,,,,,0.0,,,,,9.0,1.0,89,,,988.2,,,,,,,,,983.1,0.0,,23.5,,,,25.5,,,,,,,,,,,,,,270,260,13.0,18.5,,270,,,14.4,
2006-07-14 07:00:00,,,,,0.0,,,,,6.0,1.0,89,,,988.7,,,,,,,,,983.6,0.0,,23.5,,,,25.5,,,,,,,,,,,,,,260,250,13.0,19.4,,270,,,14.2,
2006-07-14 08:00:00,,10.0,,,0.0,,,,,5.5,1.0,90,,,989.5,,,,,,,,,984.4,0.0,,23.9,,,,25.6,,,,,,,,,,6.0,,,,250,260,8.6,16.7,,260,,,12.8,
2006-07-14 09:00:00,,10.0,,,0.0,,,,,5.5,1.0,89,,,990.4,,,,,,,,,985.3,0.0,,23.4,,,,25.4,,,,,,,,,,6.0,,,,270,260,10.1,15.1,,260,,,10.6,
2006-07-14 10:00:00,,,,,0.0,,,,,3.0,1.0,88,,,991.0,,,,,,,,,985.9,0.0,,23.5,,,,25.6,,,,,,,,,,,,,,220,260,6.2,11.6,,270,,,9.9,
2006-07-14 11:00:00,,10.0,,,0.0,,,,,3.0,1.0,89,,,991.2,,,,,,,,,986.1,0.0,,23.5,,,,25.5,,,,,,,,,,3.0,,,,180,190,5.8,9.1,,190,,,7.2,
2006-07-14 12:00:00,,,,,0.0,,,,,17.5,1.0,91,,,991.3,,,,,,,,,986.2,0.0,,23.6,,,,25.1,,,,,,,,,,,,,,200,230,5.8,13.7,,230,,,10.5,
2006-07-14 13:00:00,,,,,0.0,,,,,4.0,1.0,91,,,990.9,,,,,,,,,985.8,0.0,,24.0,,,,25.6,,,,,,,,,,,,,,210,220,6.0,10.0,,220,,,7.8,
2006-07-14 14:00:00,,10.0,,,0.0,,,,,3.0,1.0,97,,,991.5,,,,,,,,,986.4,0.0,,24.5,,,,25.0,,,,,,,,,,3.0,,,,240,240,15.9,20.0,,240,,,16.1,
2006-07-14 15:00:00,,,,,0.0,,,,,2.0,1.0,96,,,991.3,,,,,,,,,986.2,0.0,,25.3,,,,26.0,,,,,,,,,,,,,,230,240,13.0,20.1,,240,,,15.9,
2006-07-14 16:00:00,,,,,0.0,,,,,1.0,1.0,95,,,992.5,,,,,,,,,987.4,0.0,,25.8,,,,26.7,,,,,,,,,,,,,,220,220,11.3,17.2,,230,,,13.2,
2006-07-14 17:00:00,,10.0,,,0.0,,,,,0.5,1.0,97,,,993.0,,,,,,,,,987.9,0.0,,26.9,,,,27.5,,,,,,,,,,5.0,,,,210,220,11.4,16.7,,210,,,13.6,
2006-07-14 18:00:00,,,,,0.0,,,,,0.4,1.0,95,,,993.0,,,,,,,,,987.9,0.0,,27.1,,,,28.0,,,,,,,,,,,,,,200,210,11.1,16.4,,210,,,12.5,
2006-07-14 19:00:00,,,,,0.0,,,,,0.2,0.5,90,,,993.6,,,,,,,,,988.6,0.0,,27.2,,,,29.1,,,,,,,,,,,,,,190,190,15.8,19.2,,190,,,15.8,
2006-07-14 20:00:00,,,,,0.0,,,,,0.0,0.0,95,,,994.6,,,,,,,,,989.5,,,27.3,,,,28.1,,,,,,,,,,,,,,200,190,14.7,22.0,,190,,,18.4,
2006-07-14 21:00:00,,,,,0.0,,,,,0.4,0.2,85,,,995.4,,,,,,,,,990.3,,,25.8,,,,28.6,,,,,,,,,,,,,,190,200,19.1,24.1,,190,,,19.4,
2006-07-14 22:00:00,,,,,0.0,,,,,3.5,0.9,91,,,996.6,,,,,,,,,991.5,,,26.9,,,,28.6,,,,,,,,,,,,,,190,190,18.0,37.5,,190,,,22.7,
2006-07-14 23:00:00,,,,,0.0,,,,,0.5,0.2,85,,,996.9,,,,,,,,,991.8,,,25.9,,,,28.7,,,,,,,,,,,,,,190,200,20.8,25.9,,190,,,21.1,
2006-07-15 00:00:00,,,,,0.0,,,,,0.0,0.0,83,,,997.3,,,,,,,,,992.2,,,25.8,,,,28.9,,,,,,,,,,,,,,190,190,19.6,26.3,,190,,,21.1,
2006-07-15 01:00:00,,,,,0.0,,,,,0.0,0.0,83,,,997.5,,,,,,,,,992.4,,,25.6,,,,28.8,,,,,,,,,,,,,,200,200,16.9,24.4,,190,,,19.9,
2006-07-15 02:00:00,,,,,0.0,,,,,1.0,0.1,86,,,997.4,,,,,,,,,992.3,,,25.8,,,,28.4,,,,,,,,,,,,,,190,200,17.6,24.8,,190,,,20.1,
2006-07-15 03:00:00,,,,,0.0,,,,,0.0,0.0,84,,,997.7,,,,,,,,,992.6,,,25.5,,,,28.4,,,,,,,,,,,,,,190,190,16.9,23.4,,190,,,18.4,
2006-07-15 04:00:00,,,,,0.0,,,,,0.0,0.0,82,,,998.1,,,,,,,,,993.0,,,25.8,,,,29.1,,,,,,,,,,,,,,190,190,15.7,21.8,,190,,,18.1,
2006-07-15 05:00:00,,,,,0.0,,,,,11.5,0.8,93,,,998.7,,,,,,,,,993.6,,,26.0,,,,27.3,,,,,,,,,,,,,,210,210,16.1,33.9,,200,,,20.7,
2006-07-15 06:00:00,,,,,0.0,,,,,3.0,1.0,92,,,1000.2,,,,,,,,,995.1,0.0,,24.8,,,,26.2,,,,,,,,,,,,,,200,210,16.4,25.6,,190,,,19.1,
2006-07-15 07:00:00,,,,,0.0,,,,,9.0,0.9,95,,,1000.5,,,,,,,,,995.4,0.0,,27.2,,,,28.0,,,,,,,,,,,,,,190,190,16.8,33.0,,190,,,22.7,
2006-07-15 08:00:00,,10.0,,,0.0,,,,,0.0,0.0,83,,,1000.8,,,,,,,,,995.7,0.0,,25.3,,,,28.4,,,,,,,,,,10.0,,,,190,190,15.8,24.7,,190,,,20.1,
2006-07-15 09:00:00,,10.0,,,0.0,,,,,0.0,0.0,84,,,1001.8,,,,,,,,,996.7,0.0,,25.6,,,,28.5,,,,,,,,,,10.0,,,,190,200,12.6,22.5,,190,,,17.1,
2006-07-15 10:00:00,,,,,0.05,,,,,2.5,0.9,95,,,1001.6,,,,,,,,,996.5,0.0,,27.3,,,,28.2,,,,,,,,,,,,,,180,160,15.3,24.9,,190,,,17.1,
2006-07-15 11:00:00,,10.0,,,0.38,,,,,0.5,1.0,86,,,1002.1,,,,,,,,,997.0,0.0,,25.3,,,,27.9,,,,,,,,,,6.0,,,,170,170,16.8,23.8,,170,,,16.8,
2006-07-15 12:00:00,,,,,0.04,,,,,11.0,1.0,98,,,1002.6,,,,,,,,,997.5,0.0,,26.6,,,,27.0,,,,,,,,,,,,,,170,190,15.0,25.1,,170,,,16.7,
2006-07-15 13:00:00,,,,,0.27,,,,,0.5,0.3,97,,,1002.6,,,,,,,,,997.5,0.0,,27.3,,,,27.8,,,,,,,,,,,,,,180,180,13.9,23.7,,180,,,16.3,
2006-07-15 14:00:00,,10.0,,,0.36,,,,,0.0,0.0,85,,,1002.5,,,,,,,,,997.4,0.0,,25.2,,,,27.9,,,,,,,,,,10.0,,,,180,180,14.2,21.8,,180,,,15.8,
2006-07-15 15:00:00,,,,,0.58,,,,,0.0,0.0,83,,,1002.4,,,,,,,,,997.3,0.0,,25.2,,,,28.3,,,,,,,,,,,,,,190,230,12.4,20.4,,190,,,14.7,
2006-07-15 16:00:00,,,,,0.5,,,,,0.0,0.0,84,,,1002.5,,,,,,,,,997.4,0.0,,25.3,,,,28.2,,,,,,,,,,,,,,180,180,12.8,19.5,,190,,,13.7,
2006-07-15 17:00:00,,10.0,,,0.21,,,,,0.0,0.0,85,,,1003.1,,,,,,,,,998.0,0.0,,25.6,,,,28.4,,,,,,,,,,10.0,,,,170,180,13.5,21.2,,180,,,14.3,
2006-07-15 18:00:00,,,,,0.0,,,,,0.5,0.2,86,,,1003.2,,,,,,,,,998.1,0.0,,23.8,,,,26.3,,,,,,,,,,,,,,180,180,14.6,24.2,,180,,,16.3,
2006-07-15 19:00:00,,,,,0.0,,,,,0.0,0.0,85,,,1003.9,,,,,,,,,998.8,0.0,,24.2,,,,26.9,,,,,,,,,,,,,,170,180,16.9,23.7,,170,,,17.3,
2006-07-15 20:00:00,,,,,0.0,,,,,0.0,0.0,85,,,1004.3,,,,,,,,,999.2,,,24.6,,,,27.3,,,,,,,,,,,,,,180,180,13.4,23.0,,180,,,17.1,
2006-07-15 21:00:00,,,,,0.0,,,,,0.0,0.0,84,,,1005.1,,,,,,,,,1000.0,,,24.6,,,,27.6,,,,,,,,,,,,,,180,180,12.8,19.1,,180,,,14.4,
2006-07-15 22:00:00,,,,,0.0,,,,,0.0,0.0,81,,,1005.3,,,,,,,,,1000.2,,,24.2,,,,27.8,,,,,,,,,,,,,,170,170,15.5,21.5,,170,,,15.5,
2006-07-15 23:00:00,,,,,0.0,,,,,0.0,0.0,82,,,1005.2,,,,,,,,,1000.1,,,24.2,,,,27.6,,,,,,,,,,,,,,180,180,13.3,21.2,,180,,,15.9,
2006-07-16 00:00:00,,,,,0.0,,,,,0.0,0.0,84,,,1005.3,,,,,,,,,1000.2,,,24.8,,,,27.7,,,,,,,,,,,,,,170,170,12.9,20.6,,180,,,13.7,
2006-07-16 01:00:00,,,,,0.0,,,,,0.0,0.0,83,,,1004.9,,,,,,,,,999.8,,,24.8,,,,27.9,,,,,,,,,,,,,,170,170,11.4,19.2,,170,,,13.7,
2006-07-16 02:00:00,,,,,0.0,,,,,0.0,0.0,84,,,1004.6,,,,,,,,,999.5,,,25.1,,,,28.0,,,,,,,,,,,,,,180,180,11.9,17.1,,170,,,12.7,
2006-07-16 03:00:00,,,,,0.0,,,,,0.0,0.0,83,,,1004.5,,,,,,,,,999.4,,,24.7,,,,27.9,,,,,,,,,,,,,,190,190,10.6,17.2,,180,,,11.8,
2006-07-16 04:00:00,,,,,0.0,,,,,0.0,0.0,84,,,1004.6,,,,,,,,,999.5,,,24.9,,,,27.9,,,,,,,,,,,,,,180,180,10.4,14.9,,180,,,10.6,
2006-07-16 05:00:00,,,,,0.0,,,,,0.0,0.0,85,,,1004.8,,,,,,,,,999.7,,,25.2,,,,27.9,,,,,,,,,,,,,,170,180,8.5,14.0,,180,,,10.4,
2006-07-16 06:00:00,,,,,0.0,,,,,0.0,0.0,86,,,1005.1,,,,,,,,,1000.0,0.0,,25.4,,,,27.9,,,,,,,,,,,,,,180,180,9.2,14.4,,170,,,10.7,
2006-07-16 07:00:00,,,,,0.0,,,,,0.5,0.2,87,,,1005.7,,,,,,,,,1000.6,0.0,,25.5,,,,27.9,,,,,,,,,,,,,,180,180,7.3,20.1,,190,,,13.5,
2006-07-16 08:00:00,,10.0,,,0.13,,,,,8.0,0.4,91,,,1005.8,,,,,,,,,1000.6,0.0,,24.4,,,,26.0,,,,,,,,,,8.0,,,,210,210,14.7,26.8,,210,,,15.6,
2006-07-16 09:00:00,,10.0,,,0.0,,,,,8.5,1.0,93,,,1005.8,,,,,,,,,1000.6,0.0,,25.0,,,,26.2,,,,,,,,,,8.0,,,,170,190,11.6,26.8,,190,,,16.5,
2006-07-16 10:00:00,,,,,0.0,,,,,6.5,1.0,95,,,1007.4,,,,,,,,,1002.2,0.0,,23.9,,,,24.8,,,,,,,,,,,,,,180,190,18.6,28.5,,180,,,18.6,
2006-07-16 11:00:00,,10.0,,,0.0,,,,,10.0,1.0,95,,,1007.6,,,,,,,,,1002.4,0.0,,24.2,,,,25.0,,,,,,,,,,3.0,,,,170,200,12.0,25.5,,190,,,19.5,
2006-07-16 12:00:00,,,,,0.0,,,,,3.5,1.0,95,,,1008.1,,,,,,,,,1002.9,0.0,,24.2,,,,25.1,,,,,,,,,,,,,,160,160,12.2,17.6,,160,,,13.9,
2006-07-16 13:00:00,,,,,0.01,,,,,3.0,0.9,96,,,1007.4,,,,,,,,,1002.2,0.0,,24.8,,,,25.4,,,,,,,,,,,,,,160,160,12.2,17.0,,160,,,12.3,
2006-07-16 14:00:00,,10.0,,,0.6,,,,,0.0,0.0,95,,,1007.1,,,,,,,,,1001.9,0.0,,24.7,,,,25.5,,,,,,,,,,12.0,,,,160,160,12.7,16.9,,160,,,12.9,
2006-07-16 15:00:00,,,,,0.37,,,,,0.0,0.0,88,,,1007.2,,,,,,,,,1002.0,0.0,,23.4,,,,25.6,,,,,,,,,,,,,,150,150,10.0,17.2,,150,,,13.4,
2006-07-16 16:00:00,,,,,0.11,,,,,0.0,0.0,84,,,1006.7,,,,,,,,,1001.5,0.0,,23.8,,,,26.7,,,,,,,,,,,,,,160,160,8.9,12.8,,150,,,9.9,
2006-07-16 17:00:00,,10.0,,,0.0,,,,,0.5,0.9,86,,,1006.2,,,,,,,,,1001.1,0.0,,24.2,,,,26.7,,,,,,,,,,8.0,,,,160,180,10.6,15.7,,160,,,10.6,
2006-07-16 18:00:00,,,,,0.0,,,,,0.5,0.5,87,,,1006.4,,,,,,,,,1001.3,0.0,,24.3,,,,26.7,,,,,,,,,,,,,,160,160,11.4,17.9,,160,,,12.2,
2006-07-16 19:00:00,,,,,0.0,,,,,0.0,0.0,86,,,1007.2,,,,,,,,,1002.1,0.0,,24.8,,,,27.3,,,,,,,,,,,,,,160,160,9.3,15.9,,160,,,11.6,
2006-07-16 20:00:00,,,,,0.0,,,,,0.0,0.0,91,,,1008.5,,,,,,,,,1003.3,,,24.0,,,,25.6,,,,,,,,,,,,,,180,220,10.8,16.6,,160,,,10.8,
2006-07-16 21:00:00,,,,,0.0,,,,,6.0,0.9,87,,,1009.2,,,,,,,,,1004.0,,,22.3,,,,24.6,,,,,,,,,,,,,,180,200,8.9,23.6,,200,,,14.9,
2006-07-16 22:00:00,,,,,0.0,,,,,1.0,1.0,90,,,1009.8,,,,,,,,,1004.6,,,22.5,,,,24.3,,,,,,,,,,,,,,160,160,11.5,16.1,,160,,,12.7,
2006-07-16 23:00:00,,,,,0.0,,,,,1.0,1.0,85,,,1008.9,,,,,,,,,1003.7,,,23.2,,,,26.0,,,,,,,,,,,,,,150,150,10.6,16.9,,160,,,12.9,
2006-07-17 00:00:00,,,,,0.0,,,,,0.5,0.5,87,,,1008.8,,,,,,,,,1003.6,,,22.8,,,,25.2,,,,,,,,,,,,,,160,160,14.2,18.6,,160,,,14.2,
2006-07-17 01:00:00,,,,,0.0,,,,,0.0,0.0,87,,,1007.5,,,,,,,,,1002.3,,,22.9,,,,25.2,,,,,,,,,,,,,,160,160,12.9,19.8,,160,,,14.6,
2006-07-17 02:00:00,,,,,0.0,,,,,0.0,0.0,88,,,1006.9,,,,,,,,,1001.7,,,23.6,,,,25.8,,,,,,,,,,,,,,170,170,9.8,18.1,,160,,,13.0,
2006-07-17 03:00:00,,,,,0.0,,,,,0.0,0.0,89,,,1006.3,,,,,,,,,1001.1,,,23.8,,,,25.8,,,,,,,,,,,,,,160,170,10.5,14.5,,160,,,11.1,
2006-07-17 04:00:00,,,,,0.0,,,,,0.0,0.0,88,,,1006.3,,,,,,,,,1001.1,,,24.0,,,,26.2,,,,,,,,,,,,,,170,160,8.0,12.5,,160,,,10.3,
2006-07-17 05:00:00,,,,,0.0,,,,,0.0,0.0,88,,,1006.7,,,,,,,,,1001.5,,,24.6,,,,26.7,,,,,,,,,,,,,,160,170,7.6,10.7,,170,,,8.2,
2006-07-17 06:00:00,,,,,0.0,,,,,0.0,0.0,90,,,1007.7,,,,,,,,,1002.5,0.0,,25.2,,,,27.0,,,,,,,,,,,,,,170,170,6.4,9.8,,160,,,7.5,
2006-07-17 07:00:00,,,,,0.0,,,,,0.0,0.0,90,,,1008.4,,,,,,,,,1003.2,0.0,,25.4,,,,27.2,,,,,,,,,,,,,,180,180,5.4,7.6,,170,,,6.3,
2006-07-17 08:00:00,,10.0,,,0.23,,,,,0.0,0.0,89,,,1008.6,,,,,,,,,1003.5,0.0,,25.7,,,,27.6,,,,,,,,,,15.0,,,,170,170,6.1,8.3,,180,,,6.2,
2006-07-17 09:00:00,,10.0,,,0.58,,,,,0.0,0.0,88,,,1008.7,,,,,,,,,1003.6,0.0,,25.6,,,,27.7,,,,,,,,,,15.0,,,,160,160,6.3,8.7,,160,,,6.7,
2006-07-17 10:00:00,,,,,0.79,,,,,0.0,0.0,89,,,1008.9,,,,,,,,,1003.8,0.0,,25.9,,,,27.8,,,,,,,,,,,,,,150,160,7.0,8.7,,150,,,7.1,
2006-07-17 11:00:00,,10.0,,,1.06,,,,,0.0,0.0,89,,,1009.0,,,,,,,,,1003.9,0.1,,26.2,,,,28.1,,,,,,,,,,12.0,,,,160,160,7.5,10.1,,160,,,8.0,
2006-07-17 12:00:00,,,,,1.21,,,,,0.0,0.0,85,,,1008.7,,,,,,,,,1003.6,0.0,,25.5,,,,28.3,,,,,,,,,,,,,,160,160,8.0,11.5,,160,,,8.7,
2006-07-17 13:00:00,,,,,1.22,,,,,0.0,0.0,83,,,1008.8,,,,,,,,,1003.7,0.1,,25.3,,,,28.5,,,,,,,,,,,,,,170,180,8.2,11.8,,170,,,8.2,
2006-07-17 14:00:00,,9.0,,,1.61,,,,,0.0,0.0,81,,,1009.0,,,,,,,,,1003.9,0.6,,24.8,,,,28.3,,,,,,,,,,20.0,,,,180,170,8.9,12.3,,180,,,9.2,
2006-07-17 15:00:00,,,,,1.48,,,,,0.0,0.0,83,,,1008.7,,,,,,,,,1003.6,0.5,,25.0,,,,28.2,,,,,,,,,,,,,,180,170,6.8,11.9,,180,,,8.7,
2006-07-17 16:00:00,,,,,1.35,,,,,0.0,0.0,86,,,1008.4,,,,,,,,,1003.3,0.9,,26.2,,,,28.8,,,,,,,,,,,,,,190,200,7.5,11.3,,190,,,8.9,
2006-07-17 17:00:00,,8.0,,,0.76,,,,,0.0,0.0,86,,,1008.8,,,,,,,,,1003.7,0.4,,25.8,,,,28.3,,,,,,,,,,20.0,,,,180,170,7.2,10.4,,190,,,7.4,
2006-07-17 18:00:00,,,,,0.1,,,,,0.0,0.0,87,,,1009.6,,,,,,,,,1004.5,0.0,,25.5,,,,27.9,,,,,,,,,,,,,,180,170,5.9,9.4,,180,,,7.3,
2006-07-17 19:00:00,,,,,0.0,,,,,0.0,0.0,89,,,1010.5,,,,,,,,,1005.3,0.0,,25.4,,,,27.4,,,,,,,,,,,,,,180,190,5.8,8.0,,180,,,5.9,
2006-07-17 20:00:00,,,,,0.0,,,,,0.0,0.0,88,,,1011.0,,,,,,,,,1005.8,,,25.7,,,,27.8,,,,,,,,,,,,,,170,170,5.3,7.8,,170,,,5.8,
2006-07-17 21:00:00,,,,,0.0,,,,,0.0,0.0,89,,,1011.5,,,,,,,,,1006.3,,,25.7,,,,27.6,,,,,,,,,,,,,,160,160,5.7,7.7,,170,,,6.0,
2006-07-17 22:00:00,,,,,0.0,,,,,0.0,0.0,89,,,1011.8,,,,,,,,,1006.6,,,25.9,,,,27.8,,,,,,,,,,,,,,160,150,5.9,7.5,,160,,,5.9,
2006-07-17 23:00:00,,,,,0.0,,,,,0.0,0.0,89,,,1011.4,,,,,,,,,1006.2,,,25.8,,,,27.7,,,,,,,,,,,,,,170,160,5.8,8.3,,160,,,6.3,
2006-07-18 00:00:00,,,,,0.0,,,,,0.0,0.0,90,,,1010.8,,,,,,,,,1005.6,,,25.7,,,,27.5,,,,,,,,,,,,,,180,170,5.3,7.8,,170,,,5.9,
2006-07-18 01:00:00,,,,,0.0,,,,,0.0,0.0,89,,,1010.3,,,,,,,,,1005.1,,,25.5,,,,27.5,,,,,,,,,,,,,,190,190,5.6,8.4,,190,,,6.5,
2006-07-18 02:00:00,,,,,0.0,,,,,0.0,0.0,89,,,1010.1,,,,,,,,,1004.9,,,25.5,,,,27.4,,,,,,,,,,,,,,170,180,4.6,7.4,,190,,,5.6,
2006-07-18 03:00:00,,,,,0.0,,,,,0.0,0.0,89,,,1009.8,,,,,,,,,1004.6,,,25.7,,,,27.6,,,,,,,,,,,,,,160,170,5.6,6.8,,160,,,5.8,
2006-07-18 04:00:00,,,,,0.0,,,,,0.0,0.0,90,,,1009.3,,,,,,,,,1004.2,,,25.8,,,,27.6,,,,,,,,,,,,,,160,150,5.6,7.2,,160,,,5.6,
2006-07-18 05:00:00,,,,,0.0,,,,,0.0,0.0,89,,,1009.2,,,,,,,,,1004.1,,,25.7,,,,27.6,,,,,,,,,,,,,,170,160,5.3,7.3,,160,,,5.7,
2006-07-18 06:00:00,,,,,0.0,,,,,0.0,0.0,90,,,1009.6,,,,,,,,,1004.4,0.0,,25.6,,,,27.4,,,,,,,,,,,,,,180,170,4.8,7.4,,170,,,5.7,
2006-07-18 07:00:00,,,,,0.27,,,,,0.0,0.0,90,,,1010.2,,,,,,,,,1005.0,0.4,,25.8,,,,27.5,,,,,,,,,,,,,,190,210,4.4,7.6,,190,,,5.3,
2006-07-18 08:00:00,,3.0,,,0.72,,,,,0.0,0.0,90,,,1011.1,,,,,,,,,1005.9,0.9,,25.9,,,,27.7,,,,,,,,,,20.0,,,,200,190,3.6,6.6,,190,,,5.4,
2006-07-18 09:00:00,,3.0,,,1.35,,,,,0.0,0.0,87,,,1011.7,,,,,,,,,1006.6,0.9,,26.7,,,,29.1,,,,,,,,,,20.0,,,,190,190,3.7,5.9,,190,,,4.6,
2006-07-18 10:00:00,,,,,1.73,,,,,0.0,0.0,85,,,1011.7,,,,,,,,,1006.6,1.0,,26.7,,,,29.5,,,,,,,,,,,,,,190,190,3.6,5.4,,190,,,3.9,
2006-07-18 11:00:00,,3.0,,,2.4,,,,,0.0,0.0,84,,,1011.7,,,,,,,,,1006.6,1.0,,27.1,,,,30.2,,,,,,,,,,25.0,,,,200,190,3.0,4.1,,190,,,3.6,
2006-07-18 12:00:00,,,,,2.4,,,,,0.0,0.0,83,,,1011.2,,,,,,,,,1006.1,1.0,,27.1,,,,30.3,,,,,,,,,,,,,,210,190,3.1,4.3,,210,,,3.2,
2006-07-18 13:00:00,,,,,2.4,,,,,0.0,0.0,85,,,1010.9,,,,,,,,,1005.8,1.0,,27.0,,,,29.9,,,,,,,,,,,,,,210,210,3.8,4.9,,200,,,4.1,
2006-07-18 14:00:00,,3.0,,,2.4,,,,,0.0,0.0,84,,,1010.7,,,,,,,,,1005.6,1.0,,27.2,,,,30.3,,,,,,,,,,25.0,,,,210,210,3.5,4.7,,210,,,3.9,
2006-07-18 15:00:00,,,,,2.01,,,,,0.0,0.0,83,,,1010.4,,,,,,,,,1005.3,1.0,,26.8,,,,30.0,,,,,,,,,,,,,,240,230,4.1,4.8,,240,,,4.3,
2006-07-18 16:00:00,,,,,1.37,,,,,0.0,0.0,84,,,1010.0,,,,,,,,,1004.9,0.7,,25.8,,,,28.7,,,,,,,,,,,,,,250,250,2.9,5.1,,240,,,4.1,
2006-07-18 17:00:00,,7.0,,,0.18,,,,,0.0,0.0,85,,,1010.3,,,,,,,,,1005.2,0.0,,25.6,,,,28.3,,,,,,,,,,25.0,,,,240,260,1.1,4.2,,250,,,2.9,
2006-07-18 18:00:00,,,,,0.0,,,,,0.0,0.0,86,,,1010.7,,,,,,,,,1005.6,0.0,,25.6,,,,28.2,,,,,,,,,,,,,,0,260,0.0,2.2,,250,,,0.9,
2006-07-18 19:00:00,,,,,0.0,,,,,0.0,0.0,86,,,1010.8,,,,,,,,,1005.6,0.0,,25.2,,,,27.8,,,,,,,,,,,,,,0,0,0.0,0.0,,0,,,0.0,
2006-07-18 20:00:00,,,,,0.0,,,,,0.0,0.0,88,,,1011.0,,,,,,,,,1005.8,,,25.4,,,,27.5,,,,,,,,,,,,,,230,230,1.6,2.2,,230,,,1.8,
2006-07-18 21:00:00,,,,,0.0,,,,,0.0,0.0,89,,,1011.4,,,,,,,,,1006.2,,,25.5,,,,27.5,,,,,,,,,,,,,,240,220,2.3,3.1,,220,,,2.8,
2006-07-18 22:00:00,,,,,0.0,,,,,0.0,0.0,88,,,1012.2,,,,,,,,,1007.0,,,25.3,,,,27.4,,,,,,,,,,,,,,130,110,2.0,3.4,,110,,,2.7,
2006-07-18 23:00:00,,,,,0.0,,,,,0.0,0.0,88,,,1011.7,,,,,,,,,1006.5,,,25.2,,,,27.4,,,,,,,,,,,,,,0,150,0.0,2.4,,130,,,2.0,
2006-07-19 00:00:00,,,,,0.0,,,,,0.0,0.0,87,,,1011.0,,,,,,,,,1005.8,,,25.0,,,,27.3,,,,,,,,,,,,,,0,180,0.0,2.3,,180,,,1.3,
2006-07-19 01:00:00,,,,,0.0,,,,,0.0,0.0,88,,,1010.0,,,,,,,,,1004.8,,,25.3,,,,27.5,,,,,,,,,,,,,,160,160,3.6,4.8,,160,,,3.6,
2006-07-19 02:00:00,,,,,0.0,,,,,0.0,0.0,88,,,1009.5,,,,,,,,,1004.3,,,25.0,,,,27.2,,,,,,,,,,,,,,180,170,2.5,4.7,,160,,,3.9,
2006-07-19 03:00:00,,,,,0.0,,,,,0.0,0.0,88,,,1009.1,,,,,,,,,1003.9,,,25.0,,,,27.1,,,,,,,,,,,,,,180,170,2.5,3.7,,170,,,3.2,
2006-07-19 04:00:00,,,,,0.0,,,,,0.0,0.0,90,,,1009.2,,,,,,,,,1004.0,,,25.1,,,,26.9,,,,,,,,,,,,,,190,180,2.3,3.3,,180,,,2.5,
2006-07-19 05:00:00,,,,,0.0,,,,,0.0,0.0,89,,,1009.2,,,,,,,,,1004.0,,,24.9,,,,26.8,,,,,,,,,,,,,,280,210,2.2,3.2,,220,,,2.7,
2006-07-19 06:00:00,,,,,0.0,,,,,0.0,0.0,91,,,1009.9,,,,,,,,,1004.7,0.0,,24.9,,,,26.4,,,,,,,,,,,,,,270,280,0.5,2.6,,280,,,2.2,
2006-07-19 07:00:00,,,,,0.37,,,,,0.0,0.0,93,,,1010.2,,,,,,,,,1005.0,0.4,,25.8,,,,27.0,,,,,,,,,,,,,,250,280,0.8,2.4,,280,,,1.9,
2006-07-19 08:00:00,,1.0,,,0.82,,,,,0.0,0.0,93,,,1010.3,,,,,,,,,1005.1,1.0,,26.1,,,,27.3,,,,,,,,,,15.0,,,,0,260,0.1,2.0,,250,,,0.8,
2006-07-19 09:00:00,,1.0,,,0.67,,,,,0.0,0.0,90,,,1010.3,,,,,,,,,1005.1,0.4,,25.5,,,,27.2,,,,,,,,,,15.0,,,,220,190,1.9,2.4,,220,,,2.0,
2006-07-19 10:00:00,,,,,1.35,,,,,0.0,0.0,88,,,1010.1,,,,,,,,,1005.0,0.7,,26.8,,,,28.9,,,,,,,,,,,,,,220,210,1.6,2.8,,220,,,2.0,
2006-07-19 11:00:00,,2.0,,,1.47,,,,,0.0,0.0,87,,,1009.7,,,,,,,,,1004.6,0.6,,26.6,,,,28.9,,,,,,,,,,15.0,,,,230,230,1.8,2.5,,230,,,1.9,
2006-07-19 12:00:00,,,,,2.4,,,,,0.0,0.0,85,,,1009.3,,,,,,,,,1004.2,1.0,,26.5,,,,29.3,,,,,,,,,,,,,,230,230,1.5,2.5,,230,,,1.9,
2006-07-19 13:00:00,,,,,2.4,,,,,0.0,0.0,81,,,1009.0,,,,,,,,,1003.9,1.0,,25.9,,,,29.5,,,,,,,,,,,,,,250,240,2.3,3.4,,230,,,2.7,
2006-07-19 14:00:00,,2.0,,,2.4,,,,,0.0,0.0,83,,,1008.7,,,,,,,,,1003.6,1.0,,26.1,,,,29.3,,,,,,,,,,20.0,,,,250,250,2.7,3.8,,250,,,2.7,
2006-07-19 15:00:00,,,,,2.08,,,,,0.0,0.0,84,,,1008.5,,,,,,,,,1003.4,1.0,,25.9,,,,28.8,,,,,,,,,,,,,,250,250,3.0,4.2,,240,,,3.1,
2006-07-19 16:00:00,,,,,1.65,,,,,0.0,0.0,83,,,1008.1,,,,,,,,,1003.0,1.0,,25.5,,,,28.6,,,,,,,,,,,,,,240,250,3.4,4.7,,240,,,3.6,
2006-07-19 17:00:00,,1.0,,,1.1,,,,,0.0,0.0,81,,,1008.0,,,,,,,,,1002.9,1.0,,25.5,,,,29.0,,,,,,,,,,25.0,,,,270,250,3.5,4.5,,260,,,3.5,
2006-07-19 18:00:00,,,,,0.53,,,,,0.0,0.0,80,,,1008.1,,,,,,,,,1003.0,1.0,,24.4,,,,28.2,,,,,,,,,,,,,,270,260,4.3,5.0,,270,,,4.3,
2006-07-19 19:00:00,,,,,0.0,,,,,0.0,0.0,83,,,1008.4,,,,,,,,,1003.2,0.6,,24.1,,,,27.2,,,,,,,,,,,,,,270,280,4.7,6.3,,270,,,5.3,
2006-07-19 20:00:00,,,,,0.0,,,,,0.0,0.0,84,,,1008.7,,,,,,,,,1003.5,,,23.8,,,,26.8,,,,,,,,,,,,,,260,260,3.3,5.5,,270,,,4.7,
2006-07-19 21:00:00,,,,,0.0,,,,,0.0,0.0,87,,,1009.2,,,,,,,,,1004.0,,,24.2,,,,26.6,,,,,,,,,,,,,,230,240,1.8,3.7,,260,,,3.3,
2006-07-19 22:00:00,,,,,0.0,,,,,0.0,0.0,87,,,1009.1,,,,,,,,,1003.9,,,24.4,,,,26.8,,,,,,,,,,,,,,210,210,3.2,4.2,,210,,,3.2,
2006-07-19 23:00:00,,,,,0.0,,,,,0.0,0.0,81,,,1008.5,,,,,,,,,1003.3,,,23.6,,,,27.2,,,,,,,,,,,,,,190,190,3.8,5.0,,190,,,4.0,
2006-07-20 00:00:00,,,,,0.0,,,,,0.0,0.0,81,,,1007.9,,,,,,,,,1002.8,,,24.1,,,,27.6,,,,,,,,,,,,,,180,180,4.3,6.5,,170,,,5.0,
2006-07-20 01:00:00,,,,,0.0,,,,,0.0,0.0,86,,,1007.3,,,,,,,,,1002.2,,,24.6,,,,27.2,,,,,,,,,,,,,,250,180,2.3,5.6,,180,,,4.4,
2006-07-20 02:00:00,,,,,0.0,,,,,0.0,0.0,88,,,1007.1,,,,,,,,,1001.9,,,24.5,,,,26.6,,,,,,,,,,,,,,0,250,0.1,2.8,,250,,,2.3,
2006-07-20 03:00:00,,,,,0.0,,,,,0.0,0.0,89,,,1007.0,,,,,,,,,1001.8,,,24.8,,,,26.7,,,,,,,,,,,,,,210,210,1.4,2.1,,210,,,1.4,
2006-07-20 04:00:00,,,,,0.0,,,,,0.0,0.0,88,,,1007.2,,,,,,,,,1002.1,,,25.0,,,,27.1,,,,,,,,,,,,,,190,180,2.2,2.9,,190,,,2.2,
2006-07-20 05:00:00,,,,,0.0,,,,,0.0,0.0,86,,,1007.5,,,,,,,,,1002.4,,,24.9,,,,27.5,,,,,,,,,,,,,,190,190,5.1,6.1,,190,,,5.1,
2006-07-20 06:00:00,,,,,0.0,,,,,0.0,0.0,86,,,1007.9,,,,,,,,,1002.8,0.0,,25.2,,,,27.8,,,,,,,,,,,,,,210,190,4.3,6.1,,190,,,5.2,
2006-07-20 07:00:00,,,,,0.1,,,,,0.0,0.0,90,,,1008.0,,,,,,,,,1002.9,0.2,,25.8,,,,27.6,,,,,,,,,,,,,,260,210,2.7,5.0,,210,,,4.3,
2006-07-20 08:00:00,,2.0,,,0.67,,,,,0.0,0.0,89,,,1008.4,,,,,,,,,1003.3,0.8,,26.4,,,,28.4,,,,,,,,,,25.0,,,,270,260,1.1,3.5,,270,,,2.7,
2006-07-20 09:00:00,,2.0,,,1.41,,,,,0.0,0.0,89,,,1008.5,,,,,,,,,1003.4,1.0,,26.0,,,,28.0,,,,,,,,,,25.0,,,,250,240,1.2,2.8,,270,,,2.0,
2006-07-20 10:00:00,,,,,1.68,,,,,0.0,0.0,83,,,1008.5,,,,,,,,,1003.4,0.9,,26.3,,,,29.5,,,,,,,,,,,,,,270,260,1.0,2.9,,240,,,1.9,
2006-07-20 11:00:00,,1.0,,,2.4,,,,,0.0,0.0,84,,,1008.2,,,,,,,,,1003.1,1.0,,26.3,,,,29.2,,,,,,,,,,25.0,,,,260,250,0.8,2.6,,270,,,1.6,
2006-07-20 12:00:00,,,,,2.4,,,,,0.0,0.0,83,,,1007.7,,,,,,,,,1002.6,1.0,,26.3,,,,29.5,,,,,,,,,,,,,,230,240,2.7,3.5,,240,,,2.7,
2006-07-20 13:00:00,,,,,2.4,,,,,0.0,0.0,84,,,1007.3,,,,,,,,,1002.2,1.0,,26.1,,,,29.1,,,,,,,,,,,,,,240,240,2.8,3.8,,230,,,2.8,
2006-07-20 14:00:00,,1.0,,,2.4,,,,,0.0,0.0,79,,,1006.9,,,,,,,,,1001.8,1.0,,26.6,,,,30.6,,,,,,,,,,25.0,,,,260,240,3.0,4.4,,240,,,3.5,
2006-07-20 15:00:00,,,,,2.06,,,,,0.0,0.0,82,,,1006.8,,,,,,,,,1001.7,1.0,,26.6,,,,30.1,,,,,,,,,,,,,,260,250,2.8,3.9,,260,,,3.0,
2006-07-20 16:00:00,,,,,1.59,,,,,0.0,0.0,81,,,1006.2,,,,,,,,,1001.1,1.0,,26.6,,,,30.3,,,,,,,,,,,,,,270,250,3.2,5.3,,260,,,4.0,
2006-07-20 17:00:00,,1.0,,,1.08,,,,,0.0,0.0,83,,,1006.2,,,,,,,,,1001.1,1.0,,26.1,,,,29.2,,,,,,,,,,25.0,,,,280,280,3.8,4.8,,280,,,3.8,
2006-07-20 18:00:00,,,,,0.54,,,,,0.0,0.0,83,,,1006.1,,,,,,,,,1001.0,1.0,,25.4,,,,28.6,,,,,,,,,,,,,,270,280,3.7,4.8,,280,,,3.9,
2006-07-20 19:00:00,,,,,0.0,,,,,0.0,0.0,84,,,1006.1,,,,,,,,,1001.0,0.3,,25.0,,,,27.9,,,,,,,,,,,,,,260,250,4.2,6.2,,260,,,4.4,
2006-07-20 20:00:00,,,,,0.0,,,,,0.0,0.0,87,,,1006.7,,,,,,,,,1001.6,,,25.0,,,,27.4,,,,,,,,,,,,,,260,270,3.3,5.3,,260,,,4.3,
2006-07-20 21:00:00,,,,,0.0,,,,,0.0,0.0,86,,,1007.4,,,,,,,,,1002.3,,,25.0,,,,27.6,,,,,,,,,,,,,,240,250,2.8,4.1,,260,,,3.2,
2006-07-20 22:00:00,,,,,0.0,,,,,0.0,0.0,88,,,1007.9,,,,,,,,,1002.8,,,25.3,,,,27.5,,,,,,,,,,,,,,220,220,3.8,5.1,,230,,,3.8,
2006-07-20 23:00:00,,,,,0.0,,,,,0.0,0.0,85,,,1007.7,,,,,,,,,1002.6,,,25.0,,,,27.8,,,,,,,,,,,,,,210,210,4.9,6.2,,210,,,5.1,
2006-07-21 00:00:00,,,,,0.0,,,,,0.0,0.0,85,,,1007.0,,,,,,,,,1001.9,,,25.1,,,,27.8,,,,,,,,,,,,,,220,210,4.3,6.6,,210,,,5.3,
2006-07-21 01:00:00,,,,,0.0,,,,,0.0,0.0,83,,,1006.5,,,,,,,,,1001.4,,,24.9,,,,28.1,,,,,,,,,,,,,,210,210,6.4,8.4,,210,,,6.4,
2006-07-21 02:00:00,,,,,0.0,,,,,0.0,0.0,81,,,1006.0,,,,,,,,,1000.9,,,25.0,,,,28.5,,,,,,,,,,,,,,190,200,7.8,10.7,,190,,,7.8,
2006-07-21 03:00:00,,,,,0.0,,,,,0.0,0.0,83,,,1006.1,,,,,,,,,1001.0,,,25.2,,,,28.4,,,,,,,,,,,,,,210,210,7.3,10.2,,200,,,8.3,
2006-07-21 04:00:00,,,,,0.0,,,,,0.0,0.0,81,,,1006.1,,,,,,,,,1001.0,,,25.0,,,,28.5,,,,,,,,,,,,,,210,210,7.0,9.3,,210,,,7.4,
2006-07-21 05:00:00,,,,,0.0,,,,,0.0,0.0,81,,,1006.5,,,,,,,,,1001.4,,,24.8,,,,28.3,,,,,,,,,,,,,,210,220,6.5,8.9,,210,,,7.3,
2006-07-21 06:00:00,,,,,0.0,,,,,0.0,0.0,88,,,1007.3,,,,,,,,,1002.2,0.0,,25.2,,,,27.3,,,,,,,,,,,,,,300,220,2.5,7.2,,210,,,6.5,
2006-07-21 07:00:00,,,,,0.24,,,,,0.0,0.0,89,,,1007.6,,,,,,,,,1002.5,0.4,,25.7,,,,27.6,,,,,,,,,,,,,,300,300,2.5,4.7,,300,,,3.5,
2006-07-21 08:00:00,,2.0,,,0.85,,,,,0.0,0.0,85,,,1007.4,,,,,,,,,1002.3,1.0,,26.4,,,,29.1,,,,,,,,,,25.0,,,,320,330,2.6,4.3,,320,,,3.3,
2006-07-21 09:00:00,,2.0,,,1.42,,,,,0.0,0.0,81,,,1007.4,,,,,,,,,1002.3,1.0,,26.3,,,,29.9,,,,,,,,,,25.0,,,,280,290,2.5,3.3,,320,,,2.7,
2006-07-21 10:00:00,,,,,1.85,,,,,0.0,0.0,81,,,1007.6,,,,,,,,,1002.5,1.0,,26.3,,,,30.0,,,,,,,,,,,,,,260,280,2.1,3.2,,280,,,2.5,
2006-07-21 11:00:00,,1.0,,,2.4,,,,,0.0,0.0,78,,,1007.2,,,,,,,,,1002.1,1.0,,26.7,,,,31.1,,,,,,,,,,25.0,,,,280,280,2.7,3.9,,280,,,3.0,
2006-07-21 12:00:00,,,,,2.4,,,,,0.0,0.0,78,,,1006.9,,,,,,,,,1001.8,1.0,,26.9,,,,31.2,,,,,,,,,,,,,,280,280,2.7,4.0,,280,,,3.1,
2006-07-21 13:00:00,,,,,2.4,,,,,0.0,0.0,77,,,1006.5,,,,,,,,,1001.4,1.0,,26.8,,,,31.3,,,,,,,,,,,,,,280,290,3.0,4.4,,280,,,3.3,
2006-07-21 14:00:00,,1.0,,,2.4,,,,,0.0,0.0,75,,,1006.2,,,,,,,,,1001.1,1.0,,26.1,,,,31.1,,,,,,,,,,25.0,,,,280,280,3.1,4.3,,280,,,3.4,
2006-07-21 15:00:00,,,,,2.08,,,,,0.0,0.0,75,,,1005.8,,,,,,,,,1000.7,1.0,,26.1,,,,31.0,,,,,,,,,,,,,,290,290,3.3,4.8,,280,,,3.5,
2006-07-21 16:00:00,,,,,1.65,,,,,0.0,0.0,76,,,1005.6,,,,,,,,,1000.5,1.0,,26.1,,,,30.8,,,,,,,,,,,,,,280,280,3.4,4.8,,280,,,3.8,
2006-07-21 17:00:00,,1.0,,,1.11,,,,,0.0,0.0,78,,,1005.3,,,,,,,,,1000.2,1.0,,26.0,,,,30.3,,,,,,,,,,30.0,,,,270,280,2.8,4.6,,280,,,3.5,
2006-07-21 18:00:00,,,,,0.6,,,,,0.0,0.0,80,,,1005.3,,,,,,,,,1000.2,1.0,,25.4,,,,29.2,,,,,,,,,,,,,,250,250,3.9,5.5,,280,,,4.1,
2006-07-21 19:00:00,,,,,0.0,,,,,0.0,0.0,81,,,1006.0,,,,,,,,,1000.9,0.6,,24.9,,,,28.5,,,,,,,,,,,,,,220,240,4.1,5.6,,230,,,4.4,
2006-07-21 20:00:00,,,,,0.0,,,,,0.0,0.0,82,,,1006.6,,,,,,,,,1001.5,,,25.1,,,,28.4,,,,,,,,,,,,,,220,220,3.5,4.7,,220,,,4.1,
2006-07-21 21:00:00,,,,,0.0,,,,,0.0,0.0,84,,,1007.3,,,,,,,,,1002.2,,,25.4,,,,28.3,,,,,,,,,,,,,,190,180,2.8,4.6,,210,,,3.6,
2006-07-21 22:00:00,,,,,0.0,,,,,0.0,0.0,84,,,1007.8,,,,,,,,,1002.7,,,25.7,,,,28.6,,,,,,,,,,,,,,190,190,3.0,4.6,,190,,,3.6,
2006-07-21 23:00:00,,,,,0.0,,,,,0.0,0.0,85,,,1007.8,,,,,,,,,1002.7,,,25.8,,,,28.6,,,,,,,,,,,,,,200,200,4.0,5.9,,200,,,4.0,
2006-07-22 00:00:00,,,,,0.0,,,,,0.0,0.0,84,,,1007.3,,,,,,,,,1002.2,,,25.8,,,,28.7,,,,,,,,,,,,,,190,190,4.0,6.2,,190,,,4.8,
2006-07-22 01:00:00,,,,,0.0,,,,,0.0,0.0,83,,,1006.8,,,,,,,,,1001.7,,,25.4,,,,28.6,,,,,,,,,,,,,,190,200,5.7,7.6,,190,,,6.3,
2006-07-22 02:00:00,,,,,0.0,,,,,0.0,0.0,82,,,1006.3,,,,,,,,,1001.2,,,25.2,,,,28.5,,,,,,,,,,,,,,190,200,6.3,7.7,,190,,,6.3,
2006-07-22 03:00:00,,,,,0.0,,,,,0.0,0.0,83,,,1006.4,,,,,,,,,1001.3,,,25.3,,,,28.4,,,,,,,,,,,,,,190,190,5.3,7.4,,190,,,6.3,
2006-07-22 04:00:00,,,,,0.0,,,,,0.0,0.0,82,,,1006.2,,,,,,,,,1001.1,,,25.0,,,,28.4,,,,,,,,,,,,,,190,200,3.5,5.5,,190,,,5.2,
2006-07-22 05:00:00,,,,,0.0,,,,,0.0,0.0,85,,,1006.2,,,,,,,,,1001.1,,,25.4,,,,28.2,,,,,,,,,,,,,,190,190,4.1,5.8,,190,,,4.9,
2006-07-22 06:00:00,,,,,0.0,,,,,0.0,0.0,83,,,1006.4,,,,,,,,,1001.3,0.0,,25.3,,,,28.4,,,,,,,,,,,,,,190,190,6.0,7.5,,190,,,6.0,
2006-07-22 07:00:00,,,,,0.28,,,,,0.0,0.0,84,,,1006.6,,,,,,,,,1001.5,0.3,,25.8,,,,28.8,,,,,,,,,,,,,,190,190,6.2,7.2,,190,,,6.2,
2006-07-22 08:00:00,,2.0,,,0.79,,,,,0.0,0.0,82,,,1007.2,,,,,,,,,1002.1,0.9,,26.0,,,,29.5,,,,,,,,,,30.0,,,,190,190,6.1,8.8,,190,,,6.5,
2006-07-22 09:00:00,,2.0,,,1.41,,,,,0.0,0.0,82,,,1007.4,,,,,,,,,1002.3,1.0,,26.4,,,,29.9,,,,,,,,,,30.0,,,,200,200,5.1,8.1,,190,,,6.5,
2006-07-22 10:00:00,,,,,1.89,,,,,0.0,0.0,81,,,1007.3,,,,,,,,,1002.2,1.0,,26.4,,,,30.0,,,,,,,,,,,,,,190,190,6.3,8.0,,190,,,6.8,
2006-07-22 11:00:00,,3.0,,,2.26,,,,,0.0,0.0,80,,,1007.1,,,,,,,,,1002.0,0.9,,27.1,,,,31.0,,,,,,,,,,30.0,,,,200,190,4.3,7.8,,190,,,6.5,
2006-07-22 12:00:00,,,,,0.9,,,,,0.0,0.0,85,,,1006.7,,,,,,,,,1001.6,0.3,,27.3,,,,30.2,,,,,,,,,,,,,,220,200,3.5,6.1,,200,,,4.7,
2006-07-22 13:00:00,,,,,2.52,,,,,0.0,0.0,82,,,1006.3,,,,,,,,,1001.2,1.0,,27.8,,,,31.2,,,,,,,,,,,,,,320,210,3.5,4.7,,220,,,3.7,
2006-07-22 14:00:00,,6.0,,,1.91,,,,,0.0,0.0,88,,,1005.7,,,,,,,,,1000.6,0.7,,27.6,,,,29.8,,,,,,,,,,30.0,,,,330,330,3.2,5.3,,330,,,4.1,
2006-07-22 15:00:00,,,,,2.0,,,,,0.0,0.0,81,,,1005.2,,,,,,,,,1000.1,1.0,,27.1,,,,30.7,,,,,,,,,,,,,,330,310,2.7,4.2,,330,,,3.2,
2006-07-22 16:00:00,,,,,1.65,,,,,0.0,0.0,78,,,1004.5,,,,,,,,,999.4,1.0,,26.7,,,,31.1,,,,,,,,,,,,,,290,300,3.4,4.8,,290,,,3.5,
2006-07-22 17:00:00,,1.0,,,1.08,,,,,0.0,0.0,80,,,1004.6,,,,,,,,,999.5,1.0,,26.4,,,,30.3,,,,,,,,,,30.0,,,,280,300,3.0,5.8,,300,,,4.2,
2006-07-22 18:00:00,,,,,0.52,,,,,0.0,0.0,79,,,1004.7,,,,,,,,,999.6,1.0,,25.6,,,,29.6,,,,,,,,,,,,,,300,290,1.8,3.6,,280,,,2.9,
2006-07-22 19:00:00,,,,,0.0,,,,,0.0,0.0,79,,,1005.0,,,,,,,,,999.9,0.4,,24.7,,,,28.6,,,,,,,,,,,,,,0,280,0.0,2.6,,300,,,1.6,
2006-07-22 20:00:00,,,,,0.0,,,,,0.0,0.0,82,,,1005.6,,,,,,,,,1000.5,,,25.1,,,,28.4,,,,,,,,,,,,,,0,180,0.0,2.0,,200,,,0.4,
2006-07-22 21:00:00,,,,,0.0,,,,,0.0,0.0,84,,,1006.3,,,,,,,,,1001.2,,,25.0,,,,27.9,,,,,,,,,,,,,,140,140,1.4,2.7,,140,,,1.4,
2006-07-22 22:00:00,,,,,0.0,,,,,0.0,0.0,85,,,1006.8,,,,,,,,,1001.7,,,25.4,,,,28.1,,,,,,,,,,,,,,160,160,2.6,3.5,,160,,,2.6,
2006-07-22 23:00:00,,,,,0.0,,,,,0.0,0.0,83,,,1006.8,,,,,,,,,1001.7,,,25.1,,,,28.2,,,,,,,,,,,,,,170,160,3.4,4.6,,160,,,3.6,
2006-07-23 00:00:00,,,,,0.0,,,,,0.0,0.0,84,,,1006.2,,,,,,,,,1001.1,,,25.5,,,,28.5,,,,,,,,,,,,,,180,190,4.3,6.1,,170,,,4.5,
2006-07-23 01:00:00,,,,,0.0,,,,,0.0,0.0,85,,,1005.6,,,,,,,,,1000.5,,,25.8,,,,28.5,,,,,,,,,,,,,,190,180,4.7,6.6,,180,,,5.0,
2006-07-23 02:00:00,,,,,0.0,,,,,0.0,0.0,83,,,1005.0,,,,,,,,,999.9,,,25.7,,,,28.8,,,,,,,,,,,,,,190,180,4.8,7.8,,190,,,5.8,
2006-07-23 03:00:00,,,,,0.0,,,,,0.0,0.0,84,,,1004.9,,,,,,,,,999.8,,,25.6,,,,28.6,,,,,,,,,,,,,,190,190,4.4,6.4,,190,,,5.3,
2006-07-23 04:00:00,,,,,0.0,,,,,0.0,0.0,83,,,1004.5,,,,,,,,,999.4,,,25.4,,,,28.5,,,,,,,,,,,,,,200,200,2.2,4.9,,190,,,4.3,
2006-07-23 05:00:00,,,,,0.0,,,,,0.0,0.0,85,,,1004.7,,,,,,,,,999.6,,,25.5,,,,28.3,,,,,,,,,,,,,,220,190,2.2,3.8,,190,,,2.8,
2006-07-23 06:00:00,,,,,0.0,,,,,0.0,0.0,88,,,1005.0,,,,,,,,,999.9,0.0,,26.0,,,,28.1,,,,,,,,,,,,,,270,220,1.8,2.5,,220,,,2.2,
2006-07-23 07:00:00,,,,,0.05,,,,,0.0,0.0,90,,,1005.0,,,,,,,,,999.9,0.1,,26.0,,,,27.8,,,,,,,,,,,,,,280,280,2.7,3.7,,280,,,2.9,
2006-07-23 08:00:00,,1.0,,,0.65,,,,,0.0,0.0,86,,,1005.4,,,,,,,,,1000.3,0.6,,26.9,,,,29.5,,,,,,,,,,30.0,,,,290,290,2.0,3.3,,280,,,2.6,
2006-07-23 09:00:00,,1.0,,,1.36,,,,,0.0,0.0,84,,,1005.4,,,,,,,,,1000.3,1.0,,27.0,,,,30.1,,,,,,,,,,30.0,,,,280,300,2.5,4.2,,290,,,3.2,
2006-07-23 10:00:00,,,,,1.87,,,,,0.0,0.0,81,,,1005.2,,,,,,,,,1000.1,1.0,,27.1,,,,30.7,,,,,,,,,,,,,,320,280,2.2,3.3,,280,,,2.6,
2006-07-23 11:00:00,,1.0,,,2.31,,,,,0.0,0.0,77,,,1005.2,,,,,,,,,1000.1,1.0,,27.0,,,,31.6,,,,,,,,,,30.0,,,,280,320,2.2,3.7,,330,,,2.6,
2006-07-23 12:00:00,,,,,2.4,,,,,0.0,0.0,78,,,1004.6,,,,,,,,,999.5,1.0,,27.0,,,,31.4,,,,,,,,,,,,,,300,320,2.9,4.1,,310,,,3.0,
2006-07-23 13:00:00,,,,,2.4,,,,,0.0,0.0,79,,,1004.2,,,,,,,,,999.1,1.0,,27.5,,,,31.7,,,,,,,,,,,,,,280,280,2.7,3.9,,290,,,2.9,
2006-07-23 14:00:00,,1.0,,,2.4,,,,,0.0,0.0,78,,,1003.7,,,,,,,,,998.7,1.0,,27.9,,,,32.2,,,,,,,,,,30.0,,,,320,300,2.9,4.1,,280,,,3.0,
2006-07-23 15:00:00,,,,,2.04,,,,,0.0,0.0,78,,,1003.2,,,,,,,,,998.1,1.0,,27.1,,,,31.4,,,,,,,,,,,,,,310,320,3.3,4.5,,290,,,3.4,
2006-07-23 16:00:00,,,,,1.59,,,,,0.0,0.0,78,,,1003.0,,,,,,,,,997.9,1.0,,26.5,,,,30.7,,,,,,,,,,,,,,280,280,3.9,5.5,,280,,,3.9,
2006-07-23 17:00:00,,1.0,,,1.04,,,,,0.0,0.0,80,,,1002.8,,,,,,,,,997.7,1.0,,26.1,,,,29.9,,,,,,,,,,30.0,,,,290,300,4.5,7.3,,300,,,5.2,
2006-07-23 18:00:00,,,,,0.48,,,,,0.0,0.0,84,,,1003.0,,,,,,,,,997.9,0.9,,25.8,,,,28.8,,,,,,,,,,,,,,290,300,4.4,7.3,,300,,,5.5,
2006-07-23 19:00:00,,,,,0.0,,,,,0.0,0.0,82,,,1003.5,,,,,,,,,998.4,0.5,,25.1,,,,28.4,,,,,,,,,,,,,,270,290,3.0,5.6,,280,,,4.3,
2006-07-23 20:00:00,,,,,0.0,,,,,0.0,0.0,82,,,1003.6,,,,,,,,,998.5,,,25.2,,,,28.5,,,,,,,,,,,,,,260,280,1.3,3.6,,270,,,3.0,
2006-07-23 21:00:00,,,,,0.0,,,,,0.0,0.0,82,,,1003.8,,,,,,,,,998.7,,,25.1,,,,28.4,,,,,,,,,,,,,,280,290,2.0,3.2,,280,,,2.6,
2006-07-23 22:00:00,,,,,0.0,,,,,0.0,0.0,80,,,1004.1,,,,,,,,,999.0,,,24.3,,,,28.0,,,,,,,,,,,,,,300,280,1.6,3.1,,280,,,2.3,
2006-07-23 23:00:00,,,,,0.0,,,,,0.0,0.0,84,,,1004.4,,,,,,,,,999.3,,,24.8,,,,27.7,,,,,,,,,,,,,,0,310,0.0,2.4,,300,,,1.5,
2006-07-24 00:00:00,,,,,0.0,,,,,0.0,0.0,85,,,1004.1,,,,,,,,,999.0,,,24.6,,,,27.4,,,,,,,,,,,,,,330,320,2.2,2.9,,330,,,2.2,
2006-07-24 01:00:00,,,,,0.0,,,,,0.0,0.0,85,,,1003.2,,,,,,,,,998.1,,,24.7,,,,27.4,,,,,,,,,,,,,,350,330,0.7,2.5,,330,,,2.1,
2006-07-24 02:00:00,,,,,0.0,,,,,0.0,0.0,86,,,1002.8,,,,,,,,,997.7,,,24.8,,,,27.4,,,,,,,,,,,,,,0,350,0.0,2.3,,350,,,1.4,
2006-07-24 03:00:00,,,,,0.0,,,,,0.0,0.0,86,,,1002.7,,,,,,,,,997.6,,,24.8,,,,27.4,,,,,,,,,,,,,,360,340,1.0,2.5,,320,,,2.0,
2006-07-24 04:00:00,,,,,0.0,,,,,0.0,0.0,87,,,1002.1,,,,,,,,,997.0,,,24.9,,,,27.3,,,,,,,,,,,,,,350,350,2.5,3.7,,350,,,2.9,
2006-07-24 05:00:00,,,,,0.0,,,,,0.0,0.0,87,,,1002.2,,,,,,,,,997.1,,,24.7,,,,27.0,,,,,,,,,,,,,,330,320,2.0,3.9,,320,,,3.3,
2006-07-24 06:00:00,,,,,0.0,,,,,0.0,0.0,89,,,1002.4,,,,,,,,,997.3,0.0,,25.1,,,,27.1,,,,,,,,,,,,,,320,330,3.6,4.9,,330,,,3.6,
2006-07-24 07:00:00,,,,,0.25,,,,,0.0,0.0,90,,,1002.1,,,,,,,,,997.0,0.4,,25.5,,,,27.3,,,,,,,,,,,,,,350,360,4.6,7.0,,350,,,4.6,
2006-07-24 08:00:00,,6.0,,,0.72,,,,,0.0,0.0,90,,,1002.3,,,,,,,,,997.2,0.9,,25.6,,,,27.4,,,,,,,,,,12.0,,,,330,360,4.5,6.9,,330,,,4.6,
2006-07-24 09:00:00,,2.0,,,1.41,,,,,0.0,0.0,86,,,1002.0,,,,,,,,,996.9,1.0,,26.4,,,,29.0,,,,,,,,,,25.0,,,,330,320,5.8,8.2,,330,,,5.8,
2006-07-24 10:00:00,,,,,1.72,,,,,0.0,0.0,83,,,1001.7,,,,,,,,,996.6,0.9,,25.8,,,,29.0,,,,,,,,,,,,,,330,320,5.9,9.3,,320,,,6.6,
2006-07-24 11:00:00,,8.0,,,1.48,,,,,0.0,0.0,83,,,1001.3,,,,,,,,,996.2,0.6,,25.6,,,,28.8,,,,,,,,,,18.0,,,,330,360,6.4,11.4,,350,,,8.3,
2006-07-24 12:00:00,,,,,0.47,,,,,0.0,0.0,84,,,1000.8,,,,,,,,,995.7,0.0,,25.3,,,,28.3,,,,,,,,,,,,,,330,330,7.5,12.4,,330,,,8.3,
2006-07-24 13:00:00,,,,,0.52,,,,,0.2,0.4,88,,,999.8,,,,,,,,,994.7,0.0,,25.6,,,,27.8,,,,,,,,,,,,,,350,360,9.9,14.6,,350,,,9.9,
2006-07-24 14:00:00,,9.0,,,1.11,,,,,0.0,0.0,83,,,999.1,,,,,,,,,994.0,0.0,,25.5,,,,28.6,,,,,,,,,,18.0,,,,360,360,10.3,15.7,,360,,,11.6,
2006-07-24 15:00:00,,,,,0.77,,,,,0.0,0.0,82,,,998.1,,,,,,,,,993.0,0.0,,25.0,,,,28.3,,,,,,,,,,,,,,360,360,11.6,17.4,,360,,,12.5,
2006-07-24 16:00:00,,,,,0.67,,,,,0.0,0.0,83,,,997.4,,,,,,,,,992.3,0.0,,24.9,,,,28.1,,,,,,,,,,,,,,360,360,13.1,17.1,,360,,,13.1,
2006-07-24 17:00:00,,9.0,,,0.13,,,,,0.0,0.0,84,,,996.7,,,,,,,,,991.6,0.0,,25.0,,,,28.0,,,,,,,,,,12.0,,,,10,360,12.3,17.2,,360,,,13.2,
2006-07-24 18:00:00,,,,,0.05,,,,,0.0,0.0,84,,,996.2,,,,,,,,,991.1,0.0,,25.0,,,,27.9,,,,,,,,,,,,,,360,10,12.8,19.6,,360,,,13.8,
2006-07-24 19:00:00,,,,,0.0,,,,,0.0,0.0,83,,,995.5,,,,,,,,,990.4,0.0,,24.9,,,,28.1,,,,,,,,,,,,,,360,360,15.2,20.1,,360,,,15.3,
2006-07-24 20:00:00,,,,,0.0,,,,,0.0,0.0,82,,,995.3,,,,,,,,,990.2,,,25.0,,,,28.3,,,,,,,,,,,,,,360,360,15.6,23.5,,360,,,16.0,
2006-07-24 21:00:00,,,,,0.0,,,,,0.0,0.0,82,,,995.7,,,,,,,,,990.6,,,24.9,,,,28.3,,,,,,,,,,,,,,360,360,14.7,23.9,,360,,,17.6,
2006-07-24 22:00:00,,,,,0.0,,,,,0.0,0.0,82,,,994.2,,,,,,,,,989.1,,,24.7,,,,28.1,,,,,,,,,,,,,,360,360,14.9,23.1,,360,,,16.3,
2006-07-24 23:00:00,,,,,0.0,,,,,0.0,0.0,81,,,992.4,,,,,,,,,987.3,,,24.5,,,,28.0,,,,,,,,,,,,,,360,360,17.8,27.5,,360,,,18.7,
2006-07-25 00:00:00,,,,,0.0,,,,,0.0,0.0,80,,,990.0,,,,,,,,,985.0,,,24.3,,,,28.1,,,,,,,,,,,,,,350,350,18.8,27.4,,350,,,18.8,
2006-07-25 01:00:00,,,,,0.0,,,,,0.4,0.3,82,,,989.7,,,,,,,,,984.6,,,24.1,,,,27.5,,,,,,,,,,,,,,350,350,19.8,30.3,,350,,,21.7,
2006-07-25 02:00:00,,,,,0.0,,,,,1.5,1.0,87,,,986.7,,,,,,,,,981.7,,,24.7,,,,27.1,,,,,,,,,,,,,,330,330,25.4,38.2,,330,,,25.9,
2006-07-25 03:00:00,,,,,0.0,,,,,16.0,1.0,93,,,988.8,,,,,,,,,983.7,,,25.5,,,,26.8,,,,,,,,,,,,,,330,330,20.0,33.0,,330,,,25.5,
2006-07-25 04:00:00,,,,,0.0,,,,,17.0,1.0,94,,,986.9,,,,,,,,,981.9,,,25.8,,,,26.9,,,,,,,,,,,,,,330,340,20.1,29.5,,330,,,21.1,
2006-07-25 05:00:00,,,,,0.0,,,,,45.0,1.0,91,,,982.2,,,,,,,,,977.2,,,25.3,,,,26.9,,,,,,,,,,,,,,330,320,27.8,40.5,,320,,,28.0,
2006-07-25 06:00:00,,,,,0.0,,,,,18.5,1.0,97,,,985.7,,,,,,,,,980.7,0.0,,26.0,,,,26.6,,,,,,,,,,,,,,330,310,21.3,43.9,,330,,,29.6,
2006-07-25 07:00:00,,,,,0.0,,,,,35.5,1.0,95,,,986.5,,,,,,,,,981.5,0.0,,26.0,,,,26.9,,,,,,,,,,,,,,320,320,17.8,33.2,,330,,,22.1,
2006-07-25 08:00:00,,10.0,,,0.0,,,,,62.0,1.0,96,,,987.6,,,,,,,,,982.5,0.0,,25.5,,,,26.2,,,,,,,,,,1.0,,,,260,320,12.4,23.4,,320,,,17.6,
2006-07-25 09:00:00,,10.0,,,0.0,,,,,10.0,1.0,94,,,988.9,,,,,,,,,983.8,0.0,,24.4,,,,25.4,,,,,,,,,,1.0,,,,250,250,19.2,29.7,,250,,,19.5,
2006-07-25 10:00:00,,,,,0.0,,,,,3.0,1.0,88,,,990.5,,,,,,,,,985.4,0.0,,22.8,,,,24.9,,,,,,,,,,,,,,240,230,22.4,30.9,,240,,,22.4,
2006-07-25 11:00:00,,10.0,,,0.0,,,,,15.0,1.0,96,,,991.9,,,,,,,,,986.8,0.0,,24.9,,,,25.5,,,,,,,,,,1.0,,,,220,230,19.5,30.8,,240,,,24.4,
2006-07-25 12:00:00,,,,,0.0,,,,,11.0,1.0,96,,,994.3,,,,,,,,,989.2,0.0,,24.3,,,,25.0,,,,,,,,,,,,,,230,230,19.7,33.3,,220,,,24.5,
2006-07-25 13:00:00,,,,,0.0,,,,,6.0,1.0,94,,,995.7,,,,,,,,,990.6,0.0,,24.7,,,,25.8,,,,,,,,,,,,,,210,230,15.4,25.8,,230,,,19.4,
2006-07-25 14:00:00,,10.0,,,0.23,,,,,0.2,0.2,91,,,995.9,,,,,,,,,990.8,0.0,,24.0,,,,25.5,,,,,,,,,,10.0,,,,210,220,12.5,20.8,,210,,,15.8,
2006-07-25 15:00:00,,,,,0.13,,,,,7.0,0.8,88,,,996.1,,,,,,,,,991.0,0.0,,24.1,,,,26.2,,,,,,,,,,,,,,190,180,16.1,21.4,,190,,,16.1,
2006-07-25 16:00:00,,,,,0.0,,,,,2.0,1.0,93,,,996.0,,,,,,,,,990.9,0.0,,25.1,,,,26.3,,,,,,,,,,,,,,210,180,14.3,21.8,,190,,,16.3,
2006-07-25 17:00:00,,10.0,,,0.0,,,,,1.0,1.0,89,,,997.0,,,,,,,,,991.9,0.0,,23.6,,,,25.5,,,,,,,,,,3.0,,,,210,210,13.9,19.7,,210,,,15.2,
2006-07-25 18:00:00,,,,,0.0,,,,,1.0,1.0,87,,,997.7,,,,,,,,,992.6,0.0,,23.9,,,,26.2,,,,,,,,,,,,,,190,210,11.4,16.1,,210,,,13.7,
2006-07-25 19:00:00,,,,,0.0,,,,,2.5,1.0,88,,,997.6,,,,,,,,,992.5,0.0,,24.1,,,,26.2,,,,,,,,,,,,,,190,200,18.3,25.1,,190,,,19.1,
2006-07-25 20:00:00,,,,,0.0,,,,,1.0,0.8,86,,,998.9,,,,,,,,,993.8,,,24.1,,,,26.7,,,,,,,,,,,,,,190,190,14.2,21.4,,190,,,18.8,
2006-07-25 21:00:00,,,,,0.0,,,,,0.0,0.0,80,,,1000.1,,,,,,,,,995.0,,,23.8,,,,27.5,,,,,,,,,,,,,,190,190,14.3,21.0,,190,,,16.9,
2006-07-25 22:00:00,,,,,0.0,,,,,0.0,0.0,83,,,1000.6,,,,,,,,,995.5,,,24.2,,,,27.4,,,,,,,,,,,,,,180,200,12.8,19.3,,190,,,14.6,
2006-07-25 23:00:00,,,,,0.0,,,,,0.0,0.0,82,,,1000.9,,,,,,,,,995.8,,,23.2,,,,26.5,,,,,,,,,,,,,,180,170,14.2,21.4,,170,,,15.4,
2006-07-26 00:00:00,,,,,0.0,,,,,3.0,0.2,88,,,1000.5,,,,,,,,,995.4,,,23.7,,,,25.9,,,,,,,,,,,,,,150,160,15.4,20.6,,150,,,15.4,
2006-07-26 01:00:00,,,,,0.0,,,,,4.0,1.0,87,,,1001.2,,,,,,,,,996.1,,,23.5,,,,25.9,,,,,,,,,,,,,,160,150,16.2,25.7,,160,,,18.6,
2006-07-26 02:00:00,,,,,0.0,,,,,11.0,1.0,95,,,1000.2,,,,,,,,,995.1,,,24.8,,,,25.6,,,,,,,,,,,,,,150,150,15.4,22.3,,160,,,16.0,
2006-07-26 03:00:00,,,,,0.0,,,,,8.5,1.0,95,,,999.2,,,,,,,,,994.1,,,25.8,,,,26.7,,,,,,,,,,,,,,160,140,16.5,25.1,,160,,,16.5,
2006-07-26 04:00:00,,,,,0.0,,,,,44.0,1.0,95,,,1002.6,,,,,,,,,997.4,,,23.7,,,,24.5,,,,,,,,,,,,,,210,220,14.8,27.7,,210,,,20.5,
2006-07-26 05:00:00,,,,,0.0,,,,,15.5,1.0,95,,,1002.7,,,,,,,,,997.5,,,23.3,,,,24.2,,,,,,,,,,,,,,240,240,13.1,18.4,,210,,,14.9,
2006-07-26 06:00:00,,,,,0.0,,,,,7.0,1.0,95,,,1004.4,,,,,,,,,999.2,0.0,,23.0,,,,23.8,,,,,,,,,,,,,,220,230,10.1,16.8,,230,,,13.9,
2006-07-26 07:00:00,,,,,0.0,,,,,1.5,0.3,97,,,1004.9,,,,,,,,,999.7,0.0,,23.5,,,,24.0,,,,,,,,,,,,,,180,210,5.4,11.9,,220,,,10.2,
2006-07-26 08:00:00,,10.0,,,0.0,,,,,0.0,0.0,95,,,1004.8,,,,,,,,,999.6,0.0,,24.2,,,,25.0,,,,,,,,,,12.0,,,,150,180,4.1,8.1,,190,,,5.6,
2006-07-26 09:00:00,,10.0,,,0.0,,,,,1.0,0.1,93,,,1005.2,,,,,,,,,1000.0,0.0,,24.3,,,,25.6,,,,,,,,,,10.0,,,,130,320,3.9,6.5,,150,,,4.1,
2006-07-26 10:00:00,,,,,0.7,,,,,0.0,0.0,93,,,1005.3,,,,,,,,,1000.2,0.0,,27.6,,,,28.8,,,,,,,,,,,,,,170,180,12.0,17.4,,180,,,12.4,
2006-07-26 11:00:00,,10.0,,,1.36,,,,,0.0,0.0,83,,,1005.3,,,,,,,,,1000.2,0.0,,25.5,,,,28.6,,,,,,,,,,15.0,,,,180,180,9.9,15.9,,170,,,12.1,
2006-07-26 12:00:00,,,,,2.18,,,,,0.0,0.0,82,,,1005.4,,,,,,,,,1000.3,0.6,,26.0,,,,29.3,,,,,,,,,,,,,,180,180,10.1,16.0,,180,,,11.9,
2006-07-26 13:00:00,,,,,1.53,,,,,0.0,0.0,81,,,1005.4,,,,,,,,,1000.3,0.1,,25.6,,,,29.1,,,,,,,,,,,,,,190,180,9.7,15.4,,180,,,11.0,
2006-07-26 14:00:00,,9.0,,,1.82,,,,,0.0,0.0,81,,,1005.0,,,,,,,,,999.9,0.2,,25.8,,,,29.3,,,,,,,,,,18.0,,,,170,180,10.6,15.8,,170,,,11.5,
2006-07-26 15:00:00,,,,,1.14,,,,,0.0,0.0,84,,,1005.2,,,,,,,,,1000.1,0.0,,25.9,,,,28.8,,,,,,,,,,,,,,180,180,8.4,14.4,,170,,,10.4,
2006-07-26 16:00:00,,,,,0.6,,,,,0.0,0.0,81,,,1005.1,,,,,,,,,1000.0,0.0,,25.1,,,,28.6,,,,,,,,,,,,,,180,180,9.2,14.2,,180,,,10.2,
2006-07-26 17:00:00,,9.0,,,0.58,,,,,0.0,0.0,82,,,1005.3,,,,,,,,,1000.2,0.0,,24.9,,,,28.2,,,,,,,,,,18.0,,,,170,170,10.3,14.0,,180,,,10.6,
2006-07-26 18:00:00,,,,,0.0,,,,,0.0,0.0,82,,,1005.7,,,,,,,,,1000.6,0.0,,24.8,,,,28.2,,,,,,,,,,,,,,170,170,10.0,13.9,,170,,,10.3,
2006-07-26 19:00:00,,,,,0.0,,,,,0.0,0.0,81,,,1006.1,,,,,,,,,1001.0,0.0,,24.5,,,,28.0,,,,,,,,,,,,,,170,170,10.2,15.0,,170,,,10.9,
2006-07-26 20:00:00,,,,,0.0,,,,,0.0,0.0,85,,,1006.7,,,,,,,,,1001.6,,,24.3,,,,27.1,,,,,,,,,,,,,,160,180,9.4,14.4,,170,,,10.6,
2006-07-26 21:00:00,,,,,0.0,,,,,0.4,0.1,87,,,1006.8,,,,,,,,,1001.7,,,24.9,,,,27.3,,,,,,,,,,,,,,150,150,9.7,15.7,,150,,,11.0,
2006-07-26 22:00:00,,,,,0.0,,,,,0.0,0.0,86,,,1007.2,,,,,,,,,1002.0,,,24.2,,,,26.8,,,,,,,,,,,,,,150,160,10.9,16.0,,160,,,11.9,
2006-07-26 23:00:00,,,,,0.0,,,,,0.0,0.0,87,,,1007.4,,,,,,,,,1002.3,,,25.1,,,,27.5,,,,,,,,,,,,,,160,160,8.6,14.2,,150,,,11.2,
2006-07-27 00:00:00,,,,,0.0,,,,,0.0,0.0,86,,,1007.0,,,,,,,,,1001.9,,,25.1,,,,27.6,,,,,,,,,,,,,,170,180,9.4,13.4,,170,,,10.1,
2006-07-27 01:00:00,,,,,0.0,,,,,0.0,0.0,86,,,1006.4,,,,,,,,,1001.3,,,24.9,,,,27.5,,,,,,,,,,,,,,170,170,7.8,14.1,,170,,,10.5,
2006-07-27 02:00:00,,,,,0.0,,,,,6.0,0.2,86,,,1006.3,,,,,,,,,1001.2,,,24.5,,,,27.0,,,,,,,,,,,,,,160,170,9.3,18.7,,160,,,13.1,
2006-07-27 03:00:00,,,,,0.0,,,,,-9.8,0.1,84,,,1006.8,,,,,,,,,1001.6,,,23.3,,,,26.2,,,,,,,,,,,,,,150,150,13.4,18.7,,150,,,13.4,
2006-07-27 04:00:00,,,,,0.0,,,,,-9.8,0.1,86,,,1006.4,,,,,,,,,1001.2,,,23.8,,,,26.3,,,,,,,,,,,,,,160,160,12.9,17.3,,150,,,13.6,
2006-07-27 05:00:00,,,,,0.0,,,,,0.0,0.0,85,,,1005.9,,,,,,,,,1000.7,,,23.4,,,,26.2,,,,,,,,,,,,,,160,160,12.7,18.7,,160,,,14.3,
2006-07-27 06:00:00,,,,,0.0,,,,,0.0,0.0,83,,,1006.5,,,,,,,,,1001.3,0.0,,23.3,,,,26.4,,,,,,,,,,,,,,160,160,13.4,18.5,,160,,,14.2,
2006-07-27 07:00:00,,,,,0.16,,,,,0.0,0.0,83,,,1006.9,,,,,,,,,1001.7,0.1,,22.0,,,,25.1,,,,,,,,,,,,,,190,160,11.8,19.3,,160,,,14.6,
2006-07-27 08:00:00,,9.0,,,0.44,,,,,0.0,0.0,84,,,1007.6,,,,,,,,,1002.4,0.0,,23.4,,,,26.3,,,,,,,,,,25.0,,,,170,170,8.4,15.0,,190,,,11.5,
2006-07-27 09:00:00,,9.0,,,1.2,,,,,0.0,0.0,84,,,1007.6,,,,,,,,,1002.5,0.4,,25.2,,,,28.1,,,,,,,,,,25.0,,,,160,160,8.7,13.1,,160,,,9.8,
2006-07-27 10:00:00,,,,,0.98,,,,,2.0,0.1,88,,,1007.7,,,,,,,,,1002.5,0.2,,23.8,,,,26.0,,,,,,,,,,,,,,190,220,8.9,14.1,,190,,,10.2,
2006-07-27 11:00:00,,6.0,,,1.38,,,,,0.0,0.0,80,,,1007.5,,,,,,,,,1002.4,0.4,,24.6,,,,28.3,,,,,,,,,,25.0,,,,160,170,10.6,14.8,,160,,,11.0,
2006-07-27 12:00:00,,,,,1.99,,,,,0.0,0.0,80,,,1007.1,,,,,,,,,1002.0,0.6,,23.9,,,,27.7,,,,,,,,,,,,,,160,160,12.9,19.6,,160,,,14.5,
2006-07-27 13:00:00,,,,,2.11,,,,,0.0,0.0,80,,,1007.3,,,,,,,,,1002.2,0.6,,24.1,,,,27.9,,,,,,,,,,,,,,160,160,12.4,19.5,,170,,,13.9,
2006-07-27 14:00:00,,7.0,,,2.33,,,,,0.0,0.0,78,,,1007.0,,,,,,,,,1001.8,0.8,,22.4,,,,26.5,,,,,,,,,,15.0,,,,190,180,10.5,22.6,,170,,,14.4,
2006-07-27 15:00:00,,,,,1.42,,,,,0.0,0.0,76,,,1006.6,,,,,,,,,1001.5,0.0,,22.8,,,,27.3,,,,,,,,,,,,,,170,200,9.5,16.3,,190,,,10.3,
2006-07-27 16:00:00,,,,,1.4,,,,,0.0,0.0,81,,,1006.4,,,,,,,,,1001.3,0.7,,24.0,,,,27.5,,,,,,,,,,,,,,180,170,9.6,15.1,,170,,,11.1,
2006-07-27 17:00:00,,8.0,,,0.82,,,,,0.0,0.0,81,,,1006.5,,,,,,,,,1001.3,0.4,,23.1,,,,26.6,,,,,,,,,,15.0,,,,180,200,8.7,15.8,,190,,,11.6,
2006-07-27 18:00:00,,,,,0.23,,,,,0.0,0.0,79,,,1007.0,,,,,,,,,1001.8,0.1,,22.8,,,,26.7,,,,,,,,,,,,,,170,180,8.3,12.2,,180,,,8.7,
2006-07-27 19:00:00,,,,,0.0,,,,,0.0,0.0,85,,,1007.6,,,,,,,,,1002.4,0.0,,23.7,,,,26.5,,,,,,,,,,,,,,180,190,6.6,11.0,,180,,,8.4,
2006-07-27 20:00:00,,,,,0.0,,,,,0.4,0.1,85,,,1008.0,,,,,,,,,1002.8,,,23.1,,,,25.8,,,,,,,,,,,,,,190,190,6.8,15.5,,190,,,12.5,
2006-07-27 21:00:00,,,,,0.0,,,,,0.0,0.0,86,,,1007.4,,,,,,,,,1002.2,,,23.2,,,,25.7,,,,,,,,,,,,,,170,170,7.6,12.4,,170,,,9.4,
2006-07-27 22:00:00,,,,,0.0,,,,,0.0,0.0,85,,,1007.9,,,,,,,,,1002.7,,,23.5,,,,26.2,,,,,,,,,,,,,,150,150,8.3,11.8,,160,,,8.6,
2006-07-27 23:00:00,,,,,0.0,,,,,0.0,0.0,81,,,1008.0,,,,,,,,,1002.8,,,23.4,,,,26.9,,,,,,,,,,,,,,160,160,9.9,14.6,,160,,,11.1,
2006-07-28 00:00:00,,,,,0.0,,,,,0.0,0.0,81,,,1007.9,,,,,,,,,1002.7,,,23.1,,,,26.7,,,,,,,,,,,,,,170,170,11.9,17.0,,170,,,12.4,
2006-07-28 01:00:00,,,,,0.0,,,,,0.0,0.0,83,,,1008.0,,,,,,,,,1002.8,,,23.6,,,,26.8,,,,,,,,,,,,,,170,170,8.5,15.4,,170,,,11.9,
2006-07-28 02:00:00,,,,,0.0,,,,,0.0,0.0,85,,,1007.4,,,,,,,,,1002.2,,,23.7,,,,26.5,,,,,,,,,,,,,,180,170,8.1,15.3,,180,,,10.8,
2006-07-28 03:00:00,,,,,0.0,,,,,0.0,0.0,82,,,1007.4,,,,,,,,,1002.2,,,23.5,,,,26.9,,,,,,,,,,,,,,170,170,7.3,11.3,,170,,,8.4,
2006-07-28 04:00:00,,,,,0.0,,,,,0.0,0.0,82,,,1007.4,,,,,,,,,1002.2,,,22.8,,,,26.2,,,,,,,,,,,,,,190,190,10.4,15.3,,190,,,11.6,
2006-07-28 05:00:00,,,,,0.0,,,,,0.0,0.0,85,,,1006.7,,,,,,,,,1001.5,,,23.5,,,,26.3,,,,,,,,,,,,,,190,190,7.3,12.7,,190,,,10.2,
2006-07-28 06:00:00,,,,,0.0,,,,,0.0,0.0,86,,,1006.5,,,,,,,,,1001.3,0.0,,23.9,,,,26.4,,,,,,,,,,,,,,180,200,5.6,9.4,,190,,,7.3,
2006-07-28 07:00:00,,,,,0.06,,,,,0.0,0.0,81,,,1006.7,,,,,,,,,1001.6,0.1,,24.1,,,,27.7,,,,,,,,,,,,,,150,160,5.7,7.4,,150,,,5.9,
2006-07-28 08:00:00,,4.0,,,0.5,,,,,0.0,0.0,80,,,1007.2,,,,,,,,,1002.1,0.4,,24.5,,,,28.2,,,,,,,,,,25.0,,,,80,80,3.4,7.7,,150,,,5.6,
2006-07-28 09:00:00,,4.0,,,1.32,,,,,0.0,0.0,78,,,1007.8,,,,,,,,,1002.7,1.0,,24.6,,,,28.9,,,,,,,,,,25.0,,,,140,90,2.5,5.6,,90,,,4.1,
2006-07-28 10:00:00,,,,,1.83,,,,,0.0,0.0,74,,,1007.9,,,,,,,,,1002.8,1.0,,24.4,,,,29.5,,,,,,,,,,,,,,130,150,0.8,3.9,,150,,,2.6,
2006-07-28 11:00:00,,1.0,,,2.37,,,,,0.0,0.0,75,,,1008.1,,,,,,,,,1003.0,1.0,,24.8,,,,29.8,,,,,,,,,,25.0,,,,50,40,2.2,4.1,,50,,,2.2,
2006-07-28 12:00:00,,,,,2.4,,,,,0.0,0.0,78,,,1008.0,,,,,,,,,1002.9,1.0,,25.0,,,,29.2,,,,,,,,,,,,,,20,50,3.3,4.5,,20,,,3.4,
2006-07-28 13:00:00,,,,,2.4,,,,,0.0,0.0,81,,,1007.9,,,,,,,,,1002.8,1.0,,25.8,,,,29.3,,,,,,,,,,,,,,20,30,3.8,5.1,,20,,,3.8,
2006-07-28 14:00:00,,1.0,,,2.21,,,,,0.0,0.0,80,,,1007.9,,,,,,,,,1002.8,0.9,,26.2,,,,30.1,,,,,,,,,,10.0,,,,60,30,3.0,5.0,,20,,,4.1,
2006-07-28 15:00:00,,,,,2.01,,,,,0.0,0.0,79,,,1007.6,,,,,,,,,1002.5,1.0,,25.7,,,,29.8,,,,,,,,,,,,,,60,70,3.6,4.8,,60,,,3.7,
2006-07-28 16:00:00,,,,,1.38,,,,,0.0,0.0,80,,,1007.4,,,,,,,,,1002.3,0.8,,24.9,,,,28.7,,,,,,,,,,,,,,40,70,2.3,4.7,,60,,,3.7,
2006-07-28 17:00:00,,9.0,,,0.78,,,,,0.5,0.2,84,,,1007.9,,,,,,,,,1002.8,0.3,,24.6,,,,27.6,,,,,,,,,,25.0,,,,30,40,4.5,6.3,,30,,,4.5,
2006-07-28 18:00:00,,,,,0.63,,,,,0.0,0.0,78,,,1007.6,,,,,,,,,1002.5,0.8,,23.9,,,,28.0,,,,,,,,,,,,,,30,40,1.8,5.9,,30,,,4.7,
2006-07-28 19:00:00,,,,,0.02,,,,,0.0,0.0,80,,,1008.1,,,,,,,,,1003.0,0.1,,23.5,,,,27.2,,,,,,,,,,,,,,360,360,3.4,4.1,,360,,,3.4,
2006-07-28 20:00:00,,,,,0.0,,,,,0.0,0.0,84,,,1008.8,,,,,,,,,1003.6,,,24.2,,,,27.2,,,,,,,,,,,,,,20,30,3.2,5.2,,360,,,3.5,
2006-07-28 21:00:00,,,,,0.0,,,,,0.0,0.0,88,,,1009.1,,,,,,,,,1003.9,,,24.1,,,,26.3,,,,,,,,,,,,,,350,20,2.2,4.4,,20,,,3.3,
2006-07-28 22:00:00,,,,,0.0,,,,,0.0,0.0,87,,,1009.9,,,,,,,,,1004.7,,,24.1,,,,26.4,,,,,,,,,,,,,,20,320,2.7,4.3,,340,,,3.0,
2006-07-28 23:00:00,,,,,0.0,,,,,0.0,0.0,85,,,1010.1,,,,,,,,,1004.9,,,24.1,,,,26.8,,,,,,,,,,,,,,40,360,1.7,3.1,,20,,,2.8,
2006-07-29 00:00:00,,,,,0.0,,,,,0.0,0.0,85,,,1009.7,,,,,,,,,1004.5,,,24.3,,,,27.0,,,,,,,,,,,,,,60,60,3.5,4.4,,60,,,3.6,
2006-07-29 01:00:00,,,,,0.0,,,,,0.0,0.0,83,,,1009.7,,,,,,,,,1004.5,,,24.0,,,,27.1,,,,,,,,,,,,,,70,70,4.1,5.4,,70,,,4.1,
2006-07-29 02:00:00,,,,,0.0,,,,,0.0,0.0,86,,,1009.1,,,,,,,,,1003.9,,,24.3,,,,26.8,,,,,,,,,,,,,,70,70,3.8,5.7,,70,,,4.3,
2006-07-29 03:00:00,,,,,0.0,,,,,0.0,0.0,85,,,1009.0,,,,,,,,,1003.8,,,24.1,,,,26.9,,,,,,,,,,,,,,0,70,0.1,4.4,,70,,,3.8,
2006-07-29 04:00:00,,,,,0.0,,,,,0.0,0.0,86,,,1008.9,,,,,,,,,1003.7,,,24.4,,,,27.0,,,,,,,,,,,,,,0,210,0.0,1.8,,0,,,0.1,
2006-07-29 05:00:00,,,,,0.0,,,,,0.0,0.0,89,,,1009.2,,,,,,,,,1004.0,,,24.5,,,,26.5,,,,,,,,,,,,,,330,330,1.5,2.7,,340,,,1.9,
2006-07-29 06:00:00,,,,,0.0,,,,,0.0,0.0,90,,,1009.9,,,,,,,,,1004.7,0.0,,24.6,,,,26.3,,,,,,,,,,,,,,320,340,0.8,2.5,,340,,,1.5,
2006-07-29 07:00:00,,,,,0.28,,,,,0.0,0.0,89,,,1010.2,,,,,,,,,1005.0,0.7,,24.8,,,,26.7,,,,,,,,,,,,,,350,350,2.5,3.6,,350,,,2.5,
2006-07-29 08:00:00,,1.0,,,0.84,,,,,0.0,0.0,86,,,1010.5,,,,,,,,,1005.3,1.0,,24.9,,,,27.4,,,,,,,,,,20.0,,,,360,360,3.4,4.6,,360,,,3.4,
2006-07-29 09:00:00,,1.0,,,1.41,,,,,0.0,0.0,86,,,1010.9,,,,,,,,,1005.7,1.0,,25.1,,,,27.6,,,,,,,,,,25.0,,,,10,360,3.0,5.8,,360,,,4.3,
2006-07-29 10:00:00,,,,,1.82,,,,,0.0,0.0,84,,,1011.0,,,,,,,,,1005.9,1.0,,26.2,,,,29.1,,,,,,,,,,,,,,20,20,3.1,5.4,,20,,,3.8,
2006-07-29 11:00:00,,1.0,,,2.38,,,,,0.0,0.0,80,,,1011.2,,,,,,,,,1006.1,1.0,,25.9,,,,29.8,,,,,,,,,,20.0,,,,30,50,4.5,5.7,,30,,,4.5,
2006-07-29 12:00:00,,,,,2.4,,,,,0.0,0.0,81,,,1010.9,,,,,,,,,1005.8,1.0,,26.0,,,,29.6,,,,,,,,,,,,,,30,30,3.7,5.6,,30,,,4.4,
2006-07-29 13:00:00,,,,,2.4,,,,,0.0,0.0,82,,,1010.6,,,,,,,,,1005.5,1.0,,25.9,,,,29.3,,,,,,,,,,,,,,10,20,2.5,4.9,,30,,,3.8,
2006-07-29 14:00:00,,1.0,,,2.4,,,,,0.0,0.0,82,,,1010.8,,,,,,,,,1005.7,1.0,,26.5,,,,30.0,,,,,,,,,,20.0,,,,320,360,2.8,4.1,,10,,,2.8,
2006-07-29 15:00:00,,,,,2.04,,,,,0.0,0.0,81,,,1010.3,,,,,,,,,1005.2,1.0,,25.6,,,,29.2,,,,,,,,,,,,,,350,350,4.4,5.7,,350,,,4.4,
2006-07-29 16:00:00,,,,,1.36,,,,,0.0,0.0,81,,,1010.0,,,,,,,,,1004.9,1.0,,25.9,,,,29.5,,,,,,,,,,,,,,330,350,3.6,5.9,,350,,,4.8,
2006-07-29 17:00:00,,1.0,,,1.05,,,,,0.0,0.0,83,,,1010.2,,,,,,,,,1005.1,1.0,,25.5,,,,28.6,,,,,,,,,,10.0,,,,280,310,3.0,4.9,,320,,,3.9,
2006-07-29 18:00:00,,,,,0.2,,,,,0.0,0.0,85,,,1010.4,,,,,,,,,1005.2,0.3,,24.7,,,,27.4,,,,,,,,,,,,,,320,310,2.7,4.1,,320,,,3.2,
2006-07-29 19:00:00,,,,,0.0,,,,,0.0,0.0,85,,,1010.6,,,,,,,,,1005.4,0.0,,24.4,,,,27.2,,,,,,,,,,,,,,290,280,3.2,4.2,,310,,,3.3,
2006-07-29 20:00:00,,,,,0.0,,,,,0.0,0.0,86,,,1011.2,,,,,,,,,1006.0,,,24.4,,,,27.0,,,,,,,,,,,,,,280,290,2.9,4.9,,280,,,3.7,
2006-07-29 21:00:00,,,,,0.0,,,,,0.0,0.0,87,,,1011.5,,,,,,,,,1006.3,,,24.4,,,,26.8,,,,,,,,,,,,,,300,310,3.2,5.4,,300,,,4.0,
2006-07-29 22:00:00,,,,,0.0,,,,,0.0,0.0,87,,,1011.9,,,,,,,,,1006.7,,,24.4,,,,26.7,,,,,,,,,,,,,,320,330,3.5,5.0,,310,,,3.7,
2006-07-29 23:00:00,,,,,0.0,,,,,0.0,0.0,86,,,1012.3,,,,,,,,,1007.1,,,24.4,,,,26.9,,,,,,,,,,,,,,320,340,5.3,8.2,,320,,,5.5,
2006-07-30 00:00:00,,,,,0.0,,,,,0.0,0.0,87,,,1011.6,,,,,,,,,1006.4,,,24.5,,,,26.9,,,,,,,,,,,,,,300,310,3.0,5.1,,320,,,5.1,
2006-07-30 01:00:00,,,,,0.0,,,,,0.0,0.0,88,,,1011.2,,,,,,,,,1006.0,,,24.7,,,,26.9,,,,,,,,,,,,,,310,310,3.9,4.9,,310,,,3.9,
2006-07-30 02:00:00,,,,,0.0,,,,,0.0,0.0,89,,,1010.7,,,,,,,,,1005.5,,,24.7,,,,26.6,,,,,,,,,,,,,,340,320,3.0,5.7,,310,,,4.3,
2006-07-30 03:00:00,,,,,0.0,,,,,0.0,0.0,90,,,1010.3,,,,,,,,,1005.1,,,24.8,,,,26.6,,,,,,,,,,,,,,330,330,2.8,4.9,,330,,,3.2,
2006-07-30 04:00:00,,,,,0.0,,,,,0.0,0.0,91,,,1010.3,,,,,,,,,1005.1,,,24.7,,,,26.3,,,,,,,,,,,,,,320,340,2.7,4.6,,330,,,3.7,
2006-07-30 05:00:00,,,,,0.0,,,,,0.0,0.0,90,,,1010.4,,,,,,,,,1005.2,,,24.4,,,,26.1,,,,,,,,,,,,,,310,330,1.1,3.8,,320,,,2.7,
2006-07-30 06:00:00,,,,,0.0,,,,,0.0,0.0,91,,,1010.7,,,,,,,,,1005.5,0.0,,24.7,,,,26.3,,,,,,,,,,,,,,330,320,1.9,3.3,,320,,,2.3,
2006-07-30 07:00:00,,,,,0.27,,,,,0.0,0.0,92,,,1010.9,,,,,,,,,1005.7,0.3,,25.3,,,,26.8,,,,,,,,,,,,,,300,300,0.7,2.3,,330,,,1.8,
2006-07-30 08:00:00,,1.0,,,0.75,,,,,0.0,0.0,89,,,1011.0,,,,,,,,,1005.8,0.9,,25.8,,,,27.8,,,,,,,,,,12.0,,,,320,340,1.0,2.5,,300,,,1.1,
2006-07-30 09:00:00,,2.0,,,1.42,,,,,0.0,0.0,86,,,1011.1,,,,,,,,,1006.0,1.0,,26.5,,,,29.1,,,,,,,,,,16.0,,,,320,310,1.7,3.0,,270,,,2.0,
2006-07-30 10:00:00,,,,,1.73,,,,,0.0,0.0,82,,,1011.2,,,,,,,,,1006.1,1.0,,26.2,,,,29.5,,,,,,,,,,,,,,280,290,2.5,3.7,,270,,,2.5,
2006-07-30 11:00:00,,2.0,,,2.13,,,,,0.0,0.0,84,,,1010.9,,,,,,,,,1005.8,1.0,,26.8,,,,29.7,,,,,,,,,,15.0,,,,320,330,3.0,4.2,,320,,,3.0,
2006-07-30 12:00:00,,,,,2.37,,,,,0.0,0.0,80,,,1010.9,,,,,,,,,1005.8,1.0,,26.0,,,,29.8,,,,,,,,,,,,,,330,310,3.2,4.3,,330,,,3.2,
2006-07-30 13:00:00,,,,,2.44,,,,,0.0,0.0,84,,,1010.0,,,,,,,,,1004.9,1.0,,26.1,,,,29.0,,,,,,,,,,,,,,350,330,3.3,4.7,,330,,,3.4,
2006-07-30 14:00:00,,3.0,,,2.4,,,,,0.0,0.0,77,,,1009.2,,,,,,,,,1004.1,1.0,,24.8,,,,29.2,,,,,,,,,,18.0,,,,350,10,3.9,5.8,,360,,,4.2,
2006-07-30 15:00:00,,,,,1.83,,,,,0.0,0.0,81,,,1009.3,,,,,,,,,1004.2,1.0,,25.5,,,,29.1,,,,,,,,,,,,,,10,350,2.9,4.5,,350,,,3.9,
2006-07-30 16:00:00,,,,,1.79,,,,,0.0,0.0,80,,,1009.0,,,,,,,,,1003.9,1.0,,25.6,,,,29.5,,,,,,,,,,,,,,350,10,2.8,4.8,,10,,,3.6,
2006-07-30 17:00:00,,6.0,,,0.58,,,,,0.0,0.0,79,,,1008.9,,,,,,,,,1003.8,0.2,,24.4,,,,28.3,,,,,,,,,,20.0,,,,350,350,2.5,4.7,,350,,,3.7,
2006-07-30 18:00:00,,,,,0.0,,,,,0.0,0.0,83,,,1009.1,,,,,,,,,1004.0,0.0,,24.6,,,,27.7,,,,,,,,,,,,,,10,10,3.9,5.6,,10,,,4.1,
2006-07-30 19:00:00,,,,,0.0,,,,,0.0,0.0,84,,,1009.7,,,,,,,,,1004.5,0.0,,24.4,,,,27.3,,,,,,,,,,,,,,360,360,2.3,6.2,,360,,,4.5,
2006-07-30 20:00:00,,,,,0.0,,,,,0.0,0.0,83,,,1010.4,,,,,,,,,1005.2,,,24.1,,,,27.2,,,,,,,,,,,,,,360,360,0.5,2.7,,360,,,2.3,
2006-07-30 21:00:00,,,,,0.0,,,,,0.0,0.0,85,,,1010.8,,,,,,,,,1005.6,,,24.4,,,,27.2,,,,,,,,,,,,,,0,350,0.0,2.1,,360,,,0.7,
2006-07-30 22:00:00,,,,,0.0,,,,,0.0,0.0,85,,,1011.2,,,,,,,,,1006.0,,,24.2,,,,27.0,,,,,,,,,,,,,,200,190,0.4,2.2,,200,,,0.4,
2006-07-30 23:00:00,,,,,0.0,,,,,0.0,0.0,86,,,1011.0,,,,,,,,,1005.8,,,24.8,,,,27.3,,,,,,,,,,,,,,240,240,2.9,3.5,,240,,,2.9,
2006-07-31 00:00:00,,,,,0.0,,,,,0.0,0.0,87,,,1010.5,,,,,,,,,1005.3,,,24.8,,,,27.2,,,,,,,,,,,,,,230,230,2.5,3.5,,240,,,3.0,
2006-07-31 01:00:00,,,,,0.0,,,,,0.0,0.0,87,,,1010.3,,,,,,,,,1005.1,,,24.8,,,,27.2,,,,,,,,,,,,,,250,250,2.7,3.8,,250,,,2.7,
2006-07-31 02:00:00,,,,,0.0,,,,,0.0,0.0,89,,,1010.3,,,,,,,,,1005.1,,,25.0,,,,26.9,,,,,,,,,,,,,,280,250,2.8,4.4,,240,,,3.0,
2006-07-31 03:00:00,,,,,0.0,,,,,0.0,0.0,87,,,1010.1,,,,,,,,,1004.9,,,24.5,,,,26.8,,,,,,,,,,,,,,260,260,3.3,4.6,,270,,,3.5,
2006-07-31 04:00:00,,,,,0.0,,,,,0.0,0.0,87,,,1009.9,,,,,,,,,1004.7,,,24.3,,,,26.6,,,,,,,,,,,,,,280,260,3.0,4.7,,270,,,3.9,
2006-07-31 05:00:00,,,,,0.0,,,,,0.0,0.0,89,,,1010.1,,,,,,,,,1004.9,,,24.4,,,,26.4,,,,,,,,,,,,,,270,280,2.3,4.0,,270,,,3.3,
2006-07-31 06:00:00,,,,,0.0,,,,,0.0,0.0,89,,,1010.4,,,,,,,,,1005.2,0.0,,24.6,,,,26.5,,,,,,,,,,,,,,290,280,2.5,3.7,,290,,,2.7,
2006-07-31 07:00:00,,,,,0.28,,,,,0.0,0.0,92,,,1010.4,,,,,,,,,1005.2,0.6,,25.6,,,,27.0,,,,,,,,,,,,,,300,300,2.9,4.2,,290,,,3.2,
2006-07-31 08:00:00,,0.0,,,0.81,,,,,0.0,0.0,88,,,1010.2,,,,,,,,,1005.1,1.0,,25.9,,,,28.1,,,,,,,,,,10.0,,,,290,300,1.6,3.8,,300,,,2.9,
2006-07-31 09:00:00,,1.0,,,1.34,,,,,0.0,0.0,86,,,1010.2,,,,,,,,,1005.1,1.0,,26.2,,,,28.7,,,,,,,,,,10.0,,,,280,270,1.8,3.4,,280,,,2.6,
2006-07-31 10:00:00,,,,,1.85,,,,,0.0,0.0,86,,,1010.1,,,,,,,,,1005.0,1.0,,26.6,,,,29.1,,,,,,,,,,,,,,330,280,2.5,3.5,,310,,,2.6,
2006-07-31 11:00:00,,2.0,,,2.08,,,,,0.0,0.0,86,,,1010.1,,,,,,,,,1005.0,0.9,,26.5,,,,29.1,,,,,,,,,,10.0,,,,330,320,2.4,3.8,,330,,,2.9,
2006-07-31 12:00:00,,,,,2.24,,,,,0.0,0.0,81,,,1009.9,,,,,,,,,1004.8,0.9,,26.4,,,,30.1,,,,,,,,,,,,,,270,280,2.8,3.8,,270,,,2.8,
2006-07-31 13:00:00,,,,,2.39,,,,,0.0,0.0,79,,,1009.3,,,,,,,,,1004.2,1.0,,26.2,,,,30.3,,,,,,,,,,,,,,280,280,3.2,4.0,,280,,,3.2,
2006-07-31 14:00:00,,1.0,,,2.4,,,,,0.0,0.0,79,,,1008.9,,,,,,,,,1003.8,1.0,,25.9,,,,30.0,,,,,,,,,,16.0,,,,280,280,3.4,4.4,,280,,,3.5,
2006-07-31 15:00:00,,,,,2.05,,,,,0.0,0.0,80,,,1008.4,,,,,,,,,1003.3,1.0,,26.1,,,,29.9,,,,,,,,,,,,,,290,300,4.2,5.6,,290,,,4.5,
2006-07-31 16:00:00,,,,,1.64,,,,,0.0,0.0,81,,,1007.8,,,,,,,,,1002.7,1.0,,25.8,,,,29.4,,,,,,,,,,,,,,280,280,4.0,6.1,,290,,,4.7,
2006-07-31 17:00:00,,1.0,,,0.98,,,,,0.0,0.0,83,,,1007.8,,,,,,,,,1002.7,1.0,,25.4,,,,28.5,,,,,,,,,,12.0,,,,330,330,4.4,5.8,,330,,,4.7,
2006-07-31 18:00:00,,,,,0.43,,,,,0.0,0.0,84,,,1007.8,,,,,,,,,1002.7,1.0,,24.6,,,,27.6,,,,,,,,,,,,,,330,320,3.4,5.1,,330,,,4.3,
2006-07-31 19:00:00,,,,,0.0,,,,,0.0,0.0,87,,,1008.4,,,,,,,,,1003.2,0.1,,24.6,,,,27.0,,,,,,,,,,,,,,10,330,0.5,3.9,,330,,,3.3,
2006-07-31 20:00:00,,,,,0.0,,,,,0.0,0.0,84,,,1008.5,,,,,,,,,1003.3,,,24.2,,,,27.1,,,,,,,,,,,,,,20,20,0.3,2.5,,20,,,1.7,
2006-07-31 21:00:00,,,,,0.0,,,,,0.0,0.0,83,,,1008.6,,,,,,,,,1003.4,,,24.1,,,,27.2,,,,,,,,,,,,,,0,10,0.0,2.2,,10,,,1.2,
2006-07-31 22:00:00,,,,,0.0,,,,,0.0,0.0,85,,,1008.8,,,,,,,,,1003.6,,,24.3,,,,27.1,,,,,,,,,,,,,,0,350,0.0,2.3,,340,,,0.8,
2006-07-31 23:00:00,,,,,0.0,,,,,0.0,0.0,86,,,1008.7,,,,,,,,,1003.5,,,24.6,,,,27.1,,,,,,,,,,,,,,0,350,0.0,2.2,,350,,,0.9,
2006-08-01 00:00:00,,,,,0.0,,,,,0.0,0.0,88,,,1008.5,,,,,,,,,1003.3,,,25.0,,,,27.1,,,,,,,,,,,,,,290,300,1.6,3.2,,300,,,2.4,
2006-08-01 01:00:00,,,,,0.0,,,,,0.0,0.0,88,,,1008.0,,,,,,,,,1002.8,,,24.9,,,,27.0,,,,,,,,,,,,,,340,330,2.3,3.7,,320,,,2.7,
2006-08-01 02:00:00,,,,,0.0,,,,,0.0,0.0,89,,,1008.1,,,,,,,,,1002.9,,,24.9,,,,26.8,,,,,,,,,,,,,,330,330,3.2,4.5,,330,,,3.5,
2006-08-01 03:00:00,,,,,0.0,,,,,0.0,0.0,89,,,1007.8,,,,,,,,,1002.6,,,24.9,,,,26.9,,,,,,,,,,,,,,350,350,3.6,5.0,,350,,,3.7,
2006-08-01 04:00:00,,,,,0.0,,,,,0.0,0.0,89,,,1007.8,,,,,,,,,1002.6,,,24.9,,,,26.9,,,,,,,,,,,,,,350,350,4.9,7.1,,350,,,5.0,
2006-08-01 05:00:00,,,,,0.0,,,,,0.0,0.0,88,,,1007.5,,,,,,,,,1002.3,,,24.5,,,,26.6,,,,,,,,,,,,,,360,360,6.2,8.4,,360,,,6.4,
2006-08-01 06:00:00,,,,,0.0,,,,,0.0,0.0,88,,,1007.6,,,,,,,,,1002.4,0.0,,24.4,,,,26.6,,,,,,,,,,,,,,10,360,6.0,8.3,,360,,,6.7,
2006-08-01 07:00:00,,,,,0.23,,,,,0.0,0.0,88,,,1008.0,,,,,,,,,1002.8,0.7,,24.9,,,,27.1,,,,,,,,,,,,,,20,10,5.5,8.2,,10,,,6.8,
2006-08-01 08:00:00,,0.0,,,0.82,,,,,0.0,0.0,86,,,1007.5,,,,,,,,,1002.4,1.0,,25.3,,,,27.8,,,,,,,,,,16.0,,,,10,10,5.2,7.9,,10,,,5.7,
2006-08-01 09:00:00,,0.0,,,1.39,,,,,0.0,0.0,84,,,1007.5,,,,,,,,,1002.4,1.0,,25.9,,,,28.8,,,,,,,,,,16.0,,,,20,360,4.5,7.8,,360,,,5.8,
2006-08-01 10:00:00,,,,,1.8,,,,,0.0,0.0,82,,,1006.8,,,,,,,,,1001.7,1.0,,25.5,,,,28.8,,,,,,,,,,,,,,360,360,4.0,7.0,,10,,,5.4,
2006-08-01 11:00:00,,1.0,,,2.28,,,,,0.0,0.0,82,,,1007.3,,,,,,,,,1002.2,0.9,,25.7,,,,29.0,,,,,,,,,,16.0,,,,360,360,3.9,5.5,,10,,,4.0,
2006-08-01 12:00:00,,,,,2.4,,,,,0.0,0.0,81,,,1006.8,,,,,,,,,1001.7,1.0,,25.5,,,,29.2,,,,,,,,,,,,,,360,350,3.3,6.5,,350,,,4.7,
2006-08-01 13:00:00,,,,,2.35,,,,,0.0,0.0,79,,,1006.8,,,,,,,,,1001.7,1.0,,26.3,,,,30.3,,,,,,,,,,,,,,320,350,2.8,5.0,,350,,,3.7,
2006-08-01 14:00:00,,1.0,,,2.23,,,,,0.0,0.0,81,,,1006.1,,,,,,,,,1001.0,1.0,,26.4,,,,30.0,,,,,,,,,,20.0,,,,330,320,4.1,5.4,,320,,,4.4,
2006-08-01 15:00:00,,,,,1.95,,,,,0.0,0.0,80,,,1005.9,,,,,,,,,1000.8,0.9,,26.4,,,,30.3,,,,,,,,,,,,,,330,320,4.6,6.0,,330,,,4.6,
2006-08-01 16:00:00,,,,,1.29,,,,,0.0,0.0,81,,,1005.8,,,,,,,,,1000.7,1.0,,25.7,,,,29.4,,,,,,,,,,,,,,320,330,4.4,6.2,,330,,,5.0,
2006-08-01 17:00:00,,2.0,,,1.03,,,,,0.0,0.0,79,,,1005.7,,,,,,,,,1000.6,0.9,,24.5,,,,28.6,,,,,,,,,,22.0,,,,330,330,4.7,7.4,,330,,,5.3,
2006-08-01 18:00:00,,,,,0.44,,,,,0.0,0.0,79,,,1005.9,,,,,,,,,1000.8,1.0,,24.2,,,,28.1,,,,,,,,,,,,,,330,330,3.2,6.5,,330,,,5.2,
2006-08-01 19:00:00,,,,,0.0,,,,,0.0,0.0,81,,,1006.0,,,,,,,,,1000.9,0.2,,23.9,,,,27.5,,,,,,,,,,,,,,340,350,2.9,4.7,,330,,,3.7,
2006-08-01 20:00:00,,,,,0.0,,,,,0.0,0.0,83,,,1005.8,,,,,,,,,1000.7,,,24.1,,,,27.3,,,,,,,,,,,,,,350,360,2.4,3.9,,360,,,3.1,
2006-08-01 21:00:00,,,,,0.0,,,,,0.0,0.0,82,,,1006.2,,,,,,,,,1001.1,,,24.0,,,,27.3,,,,,,,,,,,,,,350,360,2.9,4.6,,360,,,3.8,
2006-08-01 22:00:00,,,,,0.0,,,,,0.0,0.0,86,,,1006.8,,,,,,,,,1001.7,,,24.6,,,,27.2,,,,,,,,,,,,,,350,360,2.9,4.0,,360,,,3.0,
2006-08-01 23:00:00,,,,,0.0,,,,,0.0,0.0,87,,,1006.8,,,,,,,,,1001.7,,,24.8,,,,27.1,,,,,,,,,,,,,,360,10,2.3,4.1,,360,,,3.3,
2006-08-02 00:00:00,,,,,0.0,,,,,0.0,0.0,87,,,1007.0,,,,,,,,,1001.9,,,24.6,,,,27.0,,,,,,,,,,,,,,350,360,1.5,3.3,,360,,,2.7,
2006-08-02 01:00:00,,,,,0.0,,,,,0.0,0.0,86,,,1006.5,,,,,,,,,1001.4,,,24.5,,,,27.0,,,,,,,,,,,,,,10,360,3.5,4.4,,10,,,3.7,
2006-08-02 02:00:00,,,,,0.0,,,,,0.0,0.0,86,,,1006.4,,,,,,,,,1001.3,,,24.4,,,,26.9,,,,,,,,,,,,,,10,10,2.9,4.7,,10,,,3.9,
2006-08-02 03:00:00,,,,,0.0,,,,,0.0,0.0,88,,,1006.1,,,,,,,,,1001.0,,,24.7,,,,26.9,,,,,,,,,,,,,,10,10,3.3,4.6,,10,,,3.3,
2006-08-02 04:00:00,,,,,0.0,,,,,0.0,0.0,89,,,1005.6,,,,,,,,,1000.5,,,24.7,,,,26.7,,,,,,,,,,,,,,30,20,3.9,5.1,,10,,,3.9,
2006-08-02 05:00:00,,,,,0.0,,,,,0.0,0.0,87,,,1004.9,,,,,,,,,999.8,,,24.7,,,,27.0,,,,,,,,,,,,,,40,40,5.8,7.7,,30,,,5.8,
2006-08-02 06:00:00,,,,,0.0,,,,,0.0,0.0,87,,,1004.6,,,,,,,,,999.5,0.0,,24.9,,,,27.3,,,,,,,,,,,,,,40,50,6.8,10.1,,30,,,7.6,
2006-08-02 07:00:00,,,,,0.21,,,,,0.0,0.0,86,,,1005.5,,,,,,,,,1000.4,0.6,,25.6,,,,28.2,,,,,,,,,,,,,,30,50,4.3,9.4,,40,,,6.8,
2006-08-02 08:00:00,,2.0,,,0.68,,,,,0.0,0.0,84,,,1005.7,,,,,,,,,1000.6,1.0,,25.7,,,,28.6,,,,,,,,,,8.0,,,,20,40,5.0,6.7,,20,,,5.1,
2006-08-02 09:00:00,,2.0,,,1.41,,,,,0.0,0.0,83,,,1005.8,,,,,,,,,1000.7,1.0,,26.0,,,,29.2,,,,,,,,,,8.0,,,,360,20,4.1,6.4,,30,,,5.0,
2006-08-02 10:00:00,,,,,1.73,,,,,0.0,0.0,83,,,1006.4,,,,,,,,,1001.3,1.0,,26.1,,,,29.3,,,,,,,,,,,,,,360,10,3.3,6.8,,10,,,5.5,
2006-08-02 11:00:00,,2.0,,,2.12,,,,,0.0,0.0,81,,,1006.2,,,,,,,,,1001.1,1.0,,27.0,,,,30.7,,,,,,,,,,6.0,,,,320,360,2.7,4.6,,360,,,3.3,
2006-08-02 12:00:00,,,,,2.21,,,,,0.0,0.0,81,,,1005.9,,,,,,,,,1000.8,1.0,,27.3,,,,31.0,,,,,,,,,,,,,,340,310,2.5,4.3,,320,,,2.9,
2006-08-02 13:00:00,,,,,2.4,,,,,0.0,0.0,78,,,1006.2,,,,,,,,,1001.1,1.0,,27.0,,,,31.2,,,,,,,,,,,,,,270,320,2.3,4.0,,320,,,3.0,
2006-08-02 14:00:00,,6.0,,,2.23,,,,,0.0,0.0,78,,,1006.7,,,,,,,,,1001.6,0.9,,26.9,,,,31.1,,,,,,,,,,15.0,,,,270,320,2.9,3.5,,270,,,2.9,
2006-08-02 15:00:00,,,,,1.5,,,,,0.0,0.0,79,,,1005.9,,,,,,,,,1000.8,0.6,,26.1,,,,30.1,,,,,,,,,,,,,,260,250,5.1,7.3,,240,,,6.0,
2006-08-02 16:00:00,,,,,1.02,,,,,0.0,0.0,83,,,1006.5,,,,,,,,,1001.4,0.3,,25.7,,,,28.9,,,,,,,,,,,,,,250,250,4.1,7.2,,260,,,5.1,
2006-08-02 17:00:00,,9.0,,,0.76,,,,,0.3,0.1,74,,,1006.3,,,,,,,,,1001.2,0.4,,24.6,,,,29.8,,,,,,,,,,18.0,,,,200,190,4.7,6.5,,200,,,4.7,
2006-08-02 18:00:00,,,,,0.16,,,,,0.0,0.0,80,,,1006.5,,,,,,,,,1001.4,0.0,,23.1,,,,26.8,,,,,,,,,,,,,,40,50,7.5,12.3,,40,,,7.7,
2006-08-02 19:00:00,,,,,0.0,,,,,0.0,0.0,75,,,1006.4,,,,,,,,,1001.3,0.0,,22.6,,,,27.4,,,,,,,,,,,,,,30,40,3.3,7.4,,40,,,7.4,
2006-08-02 20:00:00,,,,,0.0,,,,,0.0,0.0,66,,,1006.4,,,,,,,,,1001.3,,,20.9,,,,27.8,,,,,,,,,,,,,,120,110,2.9,6.1,,110,,,4.3,
2006-08-02 21:00:00,,,,,0.0,,,,,0.0,0.0,81,,,1007.0,,,,,,,,,1001.8,,,23.3,,,,26.8,,,,,,,,,,,,,,100,110,2.3,3.7,,120,,,2.9,
2006-08-02 22:00:00,,,,,0.0,,,,,0.0,0.0,78,,,1007.5,,,,,,,,,1002.4,,,23.4,,,,27.5,,,,,,,,,,,,,,0,120,0.0,3.0,,110,,,2.1,
2006-08-02 23:00:00,,,,,0.0,,,,,0.0,0.0,76,,,1008.3,,,,,,,,,1003.2,,,23.4,,,,28.0,,,,,,,,,,,,,,220,210,3.4,5.2,,210,,,4.0,
2006-08-03 00:00:00,,,,,0.0,,,,,0.0,0.0,77,,,1007.9,,,,,,,,,1002.8,,,23.4,,,,27.8,,,,,,,,,,,,,,0,210,0.0,3.4,,220,,,3.4,
2006-08-03 01:00:00,,,,,0.0,,,,,0.0,0.0,81,,,1007.6,,,,,,,,,1002.5,,,24.2,,,,27.7,,,,,,,,,,,,,,360,360,2.2,3.5,,360,,,2.2,
2006-08-03 02:00:00,,,,,0.0,,,,,0.0,0.0,78,,,1007.1,,,,,,,,,1002.0,,,23.7,,,,27.8,,,,,,,,,,,,,,10,10,3.9,9.0,,10,,,4.2,
2006-08-03 03:00:00,,,,,0.0,,,,,0.0,0.0,86,,,1006.5,,,,,,,,,1001.4,,,24.8,,,,27.4,,,,,,,,,,,,,,10,10,4.7,7.4,,10,,,5.3,
2006-08-03 04:00:00,,,,,0.0,,,,,0.0,0.0,87,,,1006.7,,,,,,,,,1001.6,,,25.0,,,,27.3,,,,,,,,,,,,,,20,20,4.0,7.1,,20,,,5.1,
2006-08-03 05:00:00,,,,,0.0,,,,,0.0,0.0,88,,,1006.5,,,,,,,,,1001.4,,,25.1,,,,27.3,,,,,,,,,,,,,,10,10,3.3,5.1,,20,,,4.1,
2006-08-03 06:00:00,,,,,0.0,,,,,0.0,0.0,86,,,1006.6,,,,,,,,,1001.5,0.0,,24.8,,,,27.4,,,,,,,,,,,,,,40,20,4.3,7.1,,20,,,5.6,
2006-08-03 07:00:00,,,,,0.0,,,,,0.0,0.0,86,,,1007.4,,,,,,,,,1002.3,0.0,,25.2,,,,27.8,,,,,,,,,,,,,,50,50,3.4,6.5,,60,,,4.8,
2006-08-03 08:00:00,,10.0,,,0.28,,,,,0.0,0.0,85,,,1008.3,,,,,,,,,1003.2,0.0,,25.6,,,,28.4,,,,,,,,,,12.0,,,,70,60,1.3,4.4,,50,,,3.4,
2006-08-03 09:00:00,,9.0,,,0.79,,,,,0.0,0.0,84,,,1008.7,,,,,,,,,1003.6,0.0,,26.1,,,,29.1,,,,,,,,,,12.0,,,,30,20,2.8,4.1,,50,,,2.8,
2006-08-03 10:00:00,,,,,1.03,,,,,0.0,0.0,87,,,1008.7,,,,,,,,,1003.6,0.2,,26.1,,,,28.4,,,,,,,,,,,,,,360,10,3.9,5.3,,360,,,4.0,
2006-08-03 11:00:00,,9.0,,,1.01,,,,,0.0,0.0,85,,,1008.5,,,,,,,,,1003.4,0.2,,26.2,,,,29.0,,,,,,,,,,20.0,,,,10,360,3.9,5.0,,10,,,3.9,
2006-08-03 12:00:00,,,,,1.74,,,,,0.0,0.0,83,,,1008.2,,,,,,,,,1003.1,0.4,,26.5,,,,29.7,,,,,,,,,,,,,,10,20,3.2,5.0,,10,,,3.9,
2006-08-03 13:00:00,,,,,1.57,,,,,0.0,0.0,83,,,1007.9,,,,,,,,,1002.8,0.3,,26.6,,,,29.7,,,,,,,,,,,,,,30,30,3.8,5.1,,30,,,3.8,
2006-08-03 14:00:00,,7.0,,,1.88,,,,,0.0,0.0,82,,,1007.6,,,,,,,,,1002.5,0.5,,26.4,,,,29.8,,,,,,,,,,20.0,,,,20,10,3.0,5.3,,20,,,4.2,
2006-08-03 15:00:00,,,,,1.24,,,,,0.0,0.0,80,,,1007.5,,,,,,,,,1002.4,0.4,,25.6,,,,29.5,,,,,,,,,,,,,,320,20,0.5,3.4,,20,,,3.0,
2006-08-03 16:00:00,,,,,0.6,,,,,0.0,0.0,80,,,1007.9,,,,,,,,,1002.8,0.0,,25.3,,,,29.1,,,,,,,,,,,,,,240,240,4.1,5.7,,240,,,4.1,
2006-08-03 17:00:00,,10.0,,,0.07,,,,,0.0,0.0,83,,,1008.1,,,,,,,,,1003.0,0.0,,24.9,,,,28.1,,,,,,,,,,20.0,,,,220,220,7.2,10.9,,220,,,9.0,
2006-08-03 18:00:00,,,,,0.0,,,,,0.0,0.0,86,,,1009.6,,,,,,,,,1004.4,0.0,,22.9,,,,25.5,,,,,,,,,,,,,,180,190,9.7,17.0,,190,,,12.6,
2006-08-03 19:00:00,,,,,0.0,,,,,5.0,0.8,85,,,1010.9,,,,,,,,,1005.7,0.0,,21.8,,,,24.4,,,,,,,,,,,,,,160,160,7.9,18.8,,160,,,13.9,
2006-08-03 20:00:00,,,,,0.0,,,,,3.5,1.0,86,,,1010.4,,,,,,,,,1005.2,,,22.7,,,,25.3,,,,,,,,,,,,,,130,140,6.2,9.4,,150,,,7.6,
2006-08-03 21:00:00,,,,,0.0,,,,,0.5,0.2,82,,,1009.3,,,,,,,,,1004.1,,,22.6,,,,25.9,,,,,,,,,,,,,,170,180,6.1,9.7,,170,,,7.0,
2006-08-03 22:00:00,,,,,0.0,,,,,0.0,0.0,80,,,1009.2,,,,,,,,,1004.0,,,22.8,,,,26.6,,,,,,,,,,,,,,170,170,6.0,8.6,,170,,,6.6,
2006-08-03 23:00:00,,,,,0.0,,,,,0.0,0.0,85,,,1009.3,,,,,,,,,1004.1,,,23.6,,,,26.3,,,,,,,,,,,,,,140,150,3.8,8.1,,160,,,6.3,
2006-08-04 00:00:00,,,,,0.0,,,,,0.0,0.0,84,,,1010.0,,,,,,,,,1004.8,,,23.5,,,,26.5,,,,,,,,,,,,,,150,150,7.2,10.3,,150,,,7.4,
2006-08-04 01:00:00,,,,,0.0,,,,,0.0,0.0,76,,,1009.4,,,,,,,,,1004.2,,,22.8,,,,27.3,,,,,,,,,,,,,,170,170,6.2,11.2,,160,,,8.1,
2006-08-04 02:00:00,,,,,0.0,,,,,0.0,0.0,77,,,1008.1,,,,,,,,,1003.0,,,23.2,,,,27.6,,,,,,,,,,,,,,180,180,5.6,9.9,,170,,,6.5,
2006-08-04 03:00:00,,,,,0.0,,,,,0.0,0.0,77,,,1007.8,,,,,,,,,1002.7,,,23.1,,,,27.5,,,,,,,,,,,,,,170,180,5.8,8.2,,170,,,6.1,
2006-08-04 04:00:00,,,,,0.0,,,,,0.0,0.0,79,,,1008.5,,,,,,,,,1003.4,,,23.8,,,,27.8,,,,,,,,,,,,,,190,170,5.6,9.5,,180,,,6.7,
2006-08-04 05:00:00,,,,,0.0,,,,,0.0,0.0,80,,,1008.5,,,,,,,,,1003.4,,,23.6,,,,27.4,,,,,,,,,,,,,,120,190,4.4,11.6,,190,,,7.7,
2006-08-04 06:00:00,,,,,0.0,,,,,0.0,0.0,81,,,1008.9,,,,,,,,,1003.7,0.0,,23.3,,,,26.9,,,,,,,,,,,,,,110,120,3.8,6.5,,120,,,4.5,
2006-08-04 07:00:00,,,,,0.04,,,,,0.0,0.0,80,,,1009.3,,,,,,,,,1004.1,0.0,,23.8,,,,27.5,,,,,,,,,,,,,,90,70,3.7,5.9,,90,,,3.9,
2006-08-04 08:00:00,,9.0,,,0.5,,,,,0.0,0.0,80,,,1009.6,,,,,,,,,1004.5,0.1,,24.3,,,,28.1,,,,,,,,,,20.0,,,,90,80,3.8,5.4,,90,,,4.2,
2006-08-04 09:00:00,,8.0,,,1.0,,,,,0.0,0.0,78,,,1010.0,,,,,,,,,1004.9,0.1,,24.4,,,,28.7,,,,,,,,,,20.0,,,,100,80,3.3,5.6,,80,,,3.9,
2006-08-04 10:00:00,,,,,0.71,,,,,0.0,0.0,76,,,1010.4,,,,,,,,,1005.3,0.0,,24.2,,,,28.8,,,,,,,,,,,,,,70,70,2.9,4.7,,90,,,3.5,
2006-08-04 11:00:00,,8.0,,,1.47,,,,,0.0,0.0,77,,,1010.3,,,,,,,,,1005.2,0.4,,25.5,,,,30.0,,,,,,,,,,20.0,,,,90,50,3.4,6.3,,60,,,4.8,
2006-08-04 12:00:00,,,,,1.99,,,,,0.0,0.0,75,,,1010.2,,,,,,,,,1005.1,0.8,,24.5,,,,29.4,,,,,,,,,,,,,,140,140,3.3,4.6,,90,,,3.4,
2006-08-04 13:00:00,,,,,1.65,,,,,0.0,0.0,74,,,1009.7,,,,,,,,,1004.6,0.3,,23.8,,,,29.0,,,,,,,,,,,,,,130,100,2.7,4.5,,140,,,3.2,
2006-08-04 14:00:00,,8.0,,,1.28,,,,,0.0,0.0,71,,,1009.3,,,,,,,,,1004.2,0.1,,23.6,,,,29.3,,,,,,,,,,25.0,,,,150,150,1.7,4.3,,140,,,2.9,
2006-08-04 15:00:00,,,,,0.86,,,,,0.0,0.0,73,,,1009.5,,,,,,,,,1004.4,0.0,,23.5,,,,28.9,,,,,,,,,,,,,,160,180,2.2,4.6,,180,,,3.4,
2006-08-04 16:00:00,,,,,0.6,,,,,0.0,0.0,73,,,1009.2,,,,,,,,,1004.1,0.0,,23.3,,,,28.6,,,,,,,,,,,,,,150,150,3.9,5.0,,150,,,4.1,
2006-08-04 17:00:00,,10.0,,,0.27,,,,,0.0,0.0,73,,,1009.4,,,,,,,,,1004.3,0.0,,23.1,,,,28.3,,,,,,,,,,30.0,,,,140,150,0.9,3.8,,160,,,3.8,
2006-08-04 18:00:00,,,,,0.0,,,,,0.0,0.0,76,,,1009.7,,,,,,,,,1004.6,0.0,,23.3,,,,28.0,,,,,,,,,,,,,,150,120,1.4,3.0,,120,,,2.1,
2006-08-04 19:00:00,,,,,0.0,,,,,0.0,0.0,79,,,1010.1,,,,,,,,,1004.9,0.0,,23.7,,,,27.6,,,,,,,,,,,,,,70,50,2.5,3.7,,70,,,2.5,
2006-08-04 20:00:00,,,,,0.0,,,,,0.0,0.0,81,,,1011.0,,,,,,,,,1005.8,,,22.8,,,,26.4,,,,,,,,,,,,,,190,190,5.4,8.5,,170,,,5.9,
2006-08-04 21:00:00,,,,,0.0,,,,,0.0,0.0,82,,,1011.3,,,,,,,,,1006.1,,,23.5,,,,26.8,,,,,,,,,,,,,,150,150,5.8,8.1,,150,,,5.9,
2006-08-04 22:00:00,,,,,0.0,,,,,0.0,0.0,83,,,1011.5,,,,,,,,,1006.3,,,23.4,,,,26.6,,,,,,,,,,,,,,150,150,2.8,5.8,,150,,,5.8,
2006-08-04 23:00:00,,,,,0.0,,,,,0.0,0.0,82,,,1011.6,,,,,,,,,1006.4,,,23.1,,,,26.5,,,,,,,,,,,,,,120,120,2.3,3.4,,150,,,2.8,
2006-08-05 00:00:00,,,,,0.0,,,,,0.0,0.0,82,,,1011.1,,,,,,,,,1005.9,,,23.1,,,,26.4,,,,,,,,,,,,,,0,110,0.1,2.9,,120,,,2.3,
2006-08-05 01:00:00,,,,,0.0,,,,,0.0,0.0,80,,,1010.5,,,,,,,,,1005.3,,,22.8,,,,26.6,,,,,,,,,,,,,,0,160,0.0,2.3,,160,,,1.6,
2006-08-05 02:00:00,,,,,0.0,,,,,0.0,0.0,81,,,1009.8,,,,,,,,,1004.6,,,23.3,,,,26.8,,,,,,,,,,,,,,0,0,0.0,0.0,,0,,,0.0,
2006-08-05 03:00:00,,,,,0.0,,,,,0.0,0.0,85,,,1009.5,,,,,,,,,1004.3,,,23.8,,,,26.5,,,,,,,,,,,,,,360,360,3.2,4.8,,360,,,3.4,
2006-08-05 04:00:00,,,,,0.0,,,,,0.0,0.0,82,,,1009.0,,,,,,,,,1003.8,,,22.9,,,,26.3,,,,,,,,,,,,,,20,10,4.0,5.9,,20,,,4.0,
2006-08-05 05:00:00,,,,,0.0,,,,,0.0,0.0,76,,,1009.3,,,,,,,,,1004.1,,,22.3,,,,26.9,,,,,,,,,,,,,,360,20,2.3,5.1,,20,,,4.0,
2006-08-05 06:00:00,,,,,0.0,,,,,0.0,0.0,78,,,1009.2,,,,,,,,,1004.0,0.0,,22.9,,,,27.0,,,,,,,,,,,,,,10,360,3.1,4.4,,360,,,3.5,
2006-08-05 07:00:00,,,,,0.0,,,,,0.0,0.0,87,,,1009.6,,,,,,,,,1004.4,0.2,,24.7,,,,27.0,,,,,,,,,,,,,,360,10,3.9,5.1,,360,,,3.9,
2006-08-05 08:00:00,,3.0,,,0.4,,,,,0.0,0.0,86,,,1010.0,,,,,,,,,1004.9,0.5,,25.4,,,,27.9,,,,,,,,,,25.0,,,,10,360,3.8,5.3,,10,,,4.0,
2006-08-05 09:00:00,,4.0,,,0.89,,,,,0.0,0.0,85,,,1010.3,,,,,,,,,1005.2,0.5,,25.5,,,,28.2,,,,,,,,,,25.0,,,,360,20,1.8,5.2,,10,,,3.7,
2006-08-05 10:00:00,,,,,1.34,,,,,0.0,0.0,82,,,1010.3,,,,,,,,,1005.2,0.6,,26.1,,,,29.6,,,,,,,,,,,,,,30,40,2.6,4.3,,40,,,3.1,
2006-08-05 11:00:00,,3.0,,,2.21,,,,,0.0,0.0,80,,,1010.0,,,,,,,,,1004.9,0.9,,25.7,,,,29.5,,,,,,,,,,25.0,,,,40,40,1.9,4.1,,30,,,2.9,
2006-08-05 12:00:00,,,,,2.24,,,,,0.0,0.0,78,,,1009.5,,,,,,,,,1004.4,0.9,,25.4,,,,29.6,,,,,,,,,,,,,,20,20,2.7,4.2,,20,,,3.0,
2006-08-05 13:00:00,,,,,2.09,,,,,0.0,0.0,80,,,1009.2,,,,,,,,,1004.1,0.8,,24.9,,,,28.6,,,,,,,,,,,,,,10,10,3.6,4.8,,10,,,3.6,
2006-08-05 14:00:00,,2.0,,,2.17,,,,,0.0,0.0,79,,,1008.7,,,,,,,,,1003.6,0.9,,25.2,,,,29.2,,,,,,,,,,30.0,,,,10,10,3.4,5.2,,10,,,4.2,
2006-08-05 15:00:00,,,,,2.03,,,,,0.0,0.0,78,,,1008.4,,,,,,,,,1003.3,1.0,,25.3,,,,29.6,,,,,,,,,,,,,,350,350,3.5,4.9,,360,,,3.7,
2006-08-05 16:00:00,,,,,1.54,,,,,0.0,0.0,78,,,1008.1,,,,,,,,,1003.0,1.0,,25.3,,,,29.6,,,,,,,,,,,,,,330,350,3.1,5.1,,350,,,3.7,
2006-08-05 17:00:00,,3.0,,,0.9,,,,,0.0,0.0,79,,,1008.2,,,,,,,,,1003.1,1.0,,25.1,,,,29.2,,,,,,,,,,20.0,,,,320,320,2.5,4.1,,330,,,3.1,
2006-08-05 18:00:00,,,,,0.33,,,,,0.0,0.0,84,,,1008.5,,,,,,,,,1003.4,0.8,,25.2,,,,28.2,,,,,,,,,,,,,,310,320,2.9,4.2,,320,,,3.3,
2006-08-05 19:00:00,,,,,0.0,,,,,0.0,0.0,85,,,1009.1,,,,,,,,,1003.9,0.0,,24.7,,,,27.4,,,,,,,,,,,,,,330,320,1.6,3.8,,310,,,2.8,
2006-08-05 20:00:00,,,,,0.0,,,,,0.0,0.0,85,,,1009.2,,,,,,,,,1004.0,,,24.7,,,,27.4,,,,,,,,,,,,,,360,20,1.4,2.9,,20,,,2.2,
2006-08-05 21:00:00,,,,,0.0,,,,,0.0,0.0,83,,,1008.8,,,,,,,,,1003.7,,,24.2,,,,27.4,,,,,,,,,,,,,,20,20,3.2,5.0,,20,,,3.6,
2006-08-05 22:00:00,,,,,0.0,,,,,0.0,0.0,84,,,1009.1,,,,,,,,,1003.9,,,24.3,,,,27.2,,,,,,,,,,,,,,30,30,2.7,4.6,,20,,,3.5,
2006-08-05 23:00:00,,,,,0.0,,,,,0.0,0.0,84,,,1008.8,,,,,,,,,1003.7,,,24.4,,,,27.4,,,,,,,,,,,,,,20,40,0.7,3.4,,30,,,3.0,
2006-08-06 00:00:00,,,,,0.0,,,,,0.0,0.0,84,,,1008.7,,,,,,,,,1003.6,,,24.6,,,,27.5,,,,,,,,,,,,,,0,40,0.0,2.4,,10,,,1.2,
2006-08-06 01:00:00,,,,,0.0,,,,,0.0,0.0,86,,,1008.0,,,,,,,,,1002.8,,,24.5,,,,27.1,,,,,,,,,,,,,,0,340,0.0,2.4,,330,,,1.6,
2006-08-06 02:00:00,,,,,0.0,,,,,0.0,0.0,86,,,1007.6,,,,,,,,,1002.5,,,24.8,,,,27.3,,,,,,,,,,,,,,280,290,1.4,2.6,,280,,,1.4,
2006-08-06 03:00:00,,,,,0.0,,,,,0.0,0.0,89,,,1007.0,,,,,,,,,1001.9,,,24.9,,,,26.9,,,,,,,,,,,,,,320,310,3.0,3.8,,300,,,3.1,
2006-08-06 04:00:00,,,,,0.0,,,,,0.0,0.0,88,,,1007.2,,,,,,,,,1002.0,,,24.6,,,,26.7,,,,,,,,,,,,,,320,330,3.1,4.4,,330,,,3.4,
2006-08-06 05:00:00,,,,,0.0,,,,,0.0,0.0,88,,,1007.1,,,,,,,,,1001.9,,,24.6,,,,26.7,,,,,,,,,,,,,,330,320,2.8,4.8,,330,,,3.7,
2006-08-06 06:00:00,,,,,0.0,,,,,0.0,0.0,88,,,1007.4,,,,,,,,,1002.2,0.0,,24.6,,,,26.8,,,,,,,,,,,,,,330,350,2.9,4.9,,340,,,3.4,
2006-08-06 07:00:00,,,,,0.0,,,,,0.0,0.0,86,,,1007.5,,,,,,,,,1002.3,0.1,,24.3,,,,26.9,,,,,,,,,,,,,,340,350,3.8,5.7,,330,,,4.2,
2006-08-06 08:00:00,,2.0,,,0.32,,,,,0.0,0.0,84,,,1007.8,,,,,,,,,1002.7,0.4,,24.8,,,,27.7,,,,,,,,,,20.0,,,,320,350,3.3,5.8,,350,,,4.0,
2006-08-06 09:00:00,,2.0,,,0.81,,,,,0.0,0.0,81,,,1008.0,,,,,,,,,1002.9,0.9,,24.4,,,,27.9,,,,,,,,,,25.0,,,,350,360,3.5,5.0,,350,,,3.5,
2006-08-06 10:00:00,,,,,1.81,,,,,0.0,0.0,82,,,1008.2,,,,,,,,,1003.1,1.0,,25.4,,,,28.8,,,,,,,,,,,,,,350,350,3.4,5.3,,350,,,4.0,
2006-08-06 11:00:00,,1.0,,,2.37,,,,,0.0,0.0,79,,,1008.4,,,,,,,,,1003.3,1.0,,25.9,,,,30.0,,,,,,,,,,20.0,,,,320,330,3.3,5.3,,320,,,3.8,
2006-08-06 12:00:00,,,,,2.37,,,,,0.0,0.0,82,,,1008.2,,,,,,,,,1003.1,1.0,,26.6,,,,30.1,,,,,,,,,,,,,,320,320,3.1,5.0,,320,,,3.6,
2006-08-06 13:00:00,,,,,2.4,,,,,0.0,0.0,82,,,1007.7,,,,,,,,,1002.6,1.0,,26.7,,,,30.1,,,,,,,,,,,,,,320,320,5.1,6.5,,320,,,5.1,
2006-08-06 14:00:00,,7.0,,,1.23,,,,,0.0,0.0,73,,,1007.2,,,,,,,,,1002.1,0.4,,23.7,,,,29.1,,,,,,,,,,20.0,,,,360,360,4.2,7.0,,320,,,5.6,
2006-08-06 15:00:00,,,,,0.8,,,,,0.0,0.0,81,,,1006.4,,,,,,,,,1001.3,0.1,,25.2,,,,28.8,,,,,,,,,,,,,,340,360,3.3,5.6,,360,,,4.4,
2006-08-06 16:00:00,,,,,1.25,,,,,0.0,0.0,82,,,1005.9,,,,,,,,,1000.8,0.9,,25.6,,,,28.9,,,,,,,,,,,,,,330,320,5.0,6.5,,330,,,5.0,
2006-08-06 17:00:00,,2.0,,,1.03,,,,,0.0,0.0,82,,,1005.6,,,,,,,,,1000.5,0.9,,25.4,,,,28.7,,,,,,,,,,20.0,,,,10,330,4.1,6.1,,330,,,4.9,
2006-08-06 18:00:00,,,,,0.4,,,,,0.0,0.0,83,,,1005.3,,,,,,,,,1000.2,1.0,,24.9,,,,28.0,,,,,,,,,,,,,,20,20,3.5,5.5,,30,,,4.1,
2006-08-06 19:00:00,,,,,0.0,,,,,0.0,0.0,84,,,1005.3,,,,,,,,,1000.2,0.0,,24.6,,,,27.6,,,,,,,,,,,,,,20,10,3.4,5.0,,20,,,3.9,
2006-08-06 20:00:00,,,,,0.0,,,,,0.0,0.0,84,,,1005.9,,,,,,,,,1000.8,,,24.7,,,,27.6,,,,,,,,,,,,,,20,20,3.0,5.3,,10,,,4.1,
2006-08-06 21:00:00,,,,,0.0,,,,,0.0,0.0,82,,,1006.5,,,,,,,,,1001.4,,,24.2,,,,27.6,,,,,,,,,,,,,,10,20,2.7,4.3,,20,,,3.3,
2006-08-06 22:00:00,,,,,0.0,,,,,0.0,0.0,84,,,1007.0,,,,,,,,,1001.9,,,24.6,,,,27.5,,,,,,,,,,,,,,350,360,2.3,3.9,,10,,,3.0,
2006-08-06 23:00:00,,,,,0.0,,,,,0.0,0.0,84,,,1006.8,,,,,,,,,1001.7,,,24.5,,,,27.4,,,,,,,,,,,,,,350,330,2.1,3.8,,350,,,2.8,
2006-08-07 00:00:00,,,,,0.0,,,,,0.0,0.0,87,,,1006.4,,,,,,,,,1001.3,,,24.7,,,,27.0,,,,,,,,,,,,,,320,320,1.5,3.4,,320,,,2.8,
2006-08-07 01:00:00,,,,,0.0,,,,,0.0,0.0,88,,,1005.9,,,,,,,,,1000.8,,,24.8,,,,26.9,,,,,,,,,,,,,,310,320,3.0,4.0,,320,,,3.0,
2006-08-07 02:00:00,,,,,0.0,,,,,0.0,0.0,89,,,1005.6,,,,,,,,,1000.5,,,24.7,,,,26.7,,,,,,,,,,,,,,330,320,3.5,5.4,,330,,,3.8,
2006-08-07 03:00:00,,,,,0.0,,,,,0.0,0.0,89,,,1005.2,,,,,,,,,1000.1,,,24.6,,,,26.6,,,,,,,,,,,,,,330,340,4.4,6.1,,330,,,4.7,
2006-08-07 04:00:00,,,,,0.0,,,,,0.0,0.0,89,,,1004.9,,,,,,,,,999.8,,,24.5,,,,26.5,,,,,,,,,,,,,,330,330,5.2,6.7,,330,,,5.2,
2006-08-07 05:00:00,,,,,0.0,,,,,0.0,0.0,88,,,1004.7,,,,,,,,,999.6,,,24.3,,,,26.5,,,,,,,,,,,,,,360,350,5.3,7.8,,350,,,5.5,
2006-08-07 06:00:00,,,,,0.0,,,,,0.0,0.0,85,,,1004.8,,,,,,,,,999.7,0.0,,23.9,,,,26.6,,,,,,,,,,,,,,360,350,5.1,7.5,,350,,,5.8,
2006-08-07 07:00:00,,,,,0.21,,,,,0.0,0.0,84,,,1005.1,,,,,,,,,1000.0,0.8,,24.2,,,,27.2,,,,,,,,,,,,,,350,350,4.7,6.7,,360,,,5.3,
2006-08-07 08:00:00,,2.0,,,0.84,,,,,0.0,0.0,83,,,1005.5,,,,,,,,,1000.4,1.0,,24.7,,,,27.8,,,,,,,,,,25.0,,,,360,360,4.4,7.5,,360,,,5.8,
2006-08-07 09:00:00,,2.0,,,1.32,,,,,0.0,0.0,82,,,1005.2,,,,,,,,,1000.1,1.0,,25.2,,,,28.5,,,,,,,,,,25.0,,,,350,350,5.3,7.9,,360,,,5.6,
2006-08-07 10:00:00,,,,,1.8,,,,,0.0,0.0,78,,,1005.2,,,,,,,,,1000.1,1.0,,25.1,,,,29.3,,,,,,,,,,,,,,360,360,4.8,7.9,,360,,,5.8,
2006-08-07 11:00:00,,0.0,,,2.35,,,,,0.0,0.0,77,,,1004.9,,,,,,,,,999.8,1.0,,25.0,,,,29.5,,,,,,,,,,25.0,,,,360,360,4.9,7.5,,360,,,5.7,
2006-08-07 12:00:00,,,,,2.4,,,,,0.0,0.0,79,,,1004.9,,,,,,,,,999.8,1.0,,25.6,,,,29.7,,,,,,,,,,,,,,360,320,4.6,7.1,,360,,,5.5,
2006-08-07 13:00:00,,,,,2.4,,,,,0.0,0.0,77,,,1004.4,,,,,,,,,999.3,1.0,,25.5,,,,30.0,,,,,,,,,,,,,,330,320,5.3,8.6,,330,,,5.6,
2006-08-07 14:00:00,,1.0,,,2.4,,,,,0.0,0.0,79,,,1003.9,,,,,,,,,998.8,1.0,,25.9,,,,30.0,,,,,,,,,,25.0,,,,330,330,5.9,7.9,,330,,,6.0,
2006-08-07 15:00:00,,,,,2.0,,,,,0.0,0.0,78,,,1003.5,,,,,,,,,998.4,1.0,,25.6,,,,29.8,,,,,,,,,,,,,,310,320,5.3,7.7,,320,,,6.1,
2006-08-07 16:00:00,,,,,1.38,,,,,0.0,0.0,76,,,1002.4,,,,,,,,,997.3,0.9,,25.3,,,,29.9,,,,,,,,,,,,,,320,320,5.7,7.2,,320,,,5.8,
2006-08-07 17:00:00,,1.0,,,1.02,,,,,0.0,0.0,80,,,1002.2,,,,,,,,,997.1,1.0,,24.9,,,,28.8,,,,,,,,,,25.0,,,,330,320,6.0,7.4,,330,,,6.0,
2006-08-07 18:00:00,,,,,0.45,,,,,0.0,0.0,82,,,1002.5,,,,,,,,,997.4,1.0,,24.6,,,,27.9,,,,,,,,,,,,,,330,320,5.1,8.4,,330,,,6.3,
2006-08-07 19:00:00,,,,,0.0,,,,,0.0,0.0,84,,,1003.2,,,,,,,,,998.1,0.1,,24.5,,,,27.4,,,,,,,,,,,,,,330,330,4.9,7.1,,330,,,5.5,
2006-08-07 20:00:00,,,,,0.0,,,,,0.0,0.0,86,,,1003.7,,,,,,,,,998.6,,,24.7,,,,27.3,,,,,,,,,,,,,,320,310,4.1,6.2,,330,,,4.8,
2006-08-07 21:00:00,,,,,0.0,,,,,0.0,0.0,85,,,1004.3,,,,,,,,,999.2,,,24.6,,,,27.4,,,,,,,,,,,,,,330,330,4.7,7.1,,330,,,5.6,
2006-08-07 22:00:00,,,,,0.0,,,,,0.0,0.0,84,,,1004.5,,,,,,,,,999.4,,,24.3,,,,27.2,,,,,,,,,,,,,,330,320,4.7,7.5,,330,,,4.8,
2006-08-07 23:00:00,,,,,0.0,,,,,0.0,0.0,83,,,1004.4,,,,,,,,,999.3,,,24.2,,,,27.3,,,,,,,,,,,,,,340,320,4.5,8.5,,330,,,6.1,
2006-08-08 00:00:00,,,,,0.0,,,,,0.0,0.0,86,,,1004.5,,,,,,,,,999.4,,,24.4,,,,27.0,,,,,,,,,,,,,,330,340,4.4,7.8,,350,,,5.3,
2006-08-08 01:00:00,,,,,0.0,,,,,0.0,0.0,87,,,1003.7,,,,,,,,,998.6,,,24.6,,,,27.0,,,,,,,,,,,,,,330,320,6.5,9.4,,330,,,6.5,
2006-08-08 02:00:00,,,,,0.0,,,,,0.0,0.0,88,,,1003.2,,,,,,,,,998.1,,,24.6,,,,26.8,,,,,,,,,,,,,,320,320,4.9,9.1,,330,,,7.0,
2006-08-08 03:00:00,,,,,0.0,,,,,0.0,0.0,88,,,1003.3,,,,,,,,,998.2,,,24.6,,,,26.8,,,,,,,,,,,,,,330,330,5.1,7.0,,330,,,5.3,
2006-08-08 04:00:00,,,,,0.0,,,,,0.0,0.0,88,,,1002.7,,,,,,,,,997.6,,,24.7,,,,26.8,,,,,,,,,,,,,,320,330,5.3,7.2,,330,,,5.5,
2006-08-08 05:00:00,,,,,0.0,,,,,0.0,0.0,87,,,1002.4,,,,,,,,,997.3,,,24.6,,,,26.9,,,,,,,,,,,,,,320,320,6.0,8.1,,320,,,6.1,
2006-08-08 06:00:00,,,,,0.0,,,,,0.0,0.0,88,,,1002.6,,,,,,,,,997.5,0.0,,25.1,,,,27.2,,,,,,,,,,,,,,350,320,4.3,7.4,,320,,,5.9,
2006-08-08 07:00:00,,,,,0.15,,,,,0.0,0.0,85,,,1002.3,,,,,,,,,997.2,0.4,,25.0,,,,27.8,,,,,,,,,,,,,,360,360,7.6,10.8,,360,,,8.0,
2006-08-08 08:00:00,,6.0,,,0.59,,,,,0.0,0.0,84,,,1002.6,,,,,,,,,997.5,0.7,,25.1,,,,28.1,,,,,,,,,,20.0,,,,360,360,8.3,11.6,,360,,,8.6,
2006-08-08 09:00:00,,4.0,,,0.89,,,,,0.0,0.0,81,,,1002.6,,,,,,,,,997.5,0.3,,25.1,,,,28.7,,,,,,,,,,20.0,,,,10,10,8.7,12.8,,10,,,9.3,
2006-08-08 10:00:00,,,,,1.68,,,,,0.0,0.0,81,,,1002.1,,,,,,,,,997.0,0.9,,25.4,,,,29.1,,,,,,,,,,,,,,10,10,8.4,12.8,,10,,,10.0,
2006-08-08 11:00:00,,8.0,,,1.7,,,,,0.0,0.0,77,,,1002.5,,,,,,,,,997.4,0.6,,25.0,,,,29.4,,,,,,,,,,20.0,,,,20,30,10.0,13.4,,20,,,10.2,
2006-08-08 12:00:00,,,,,2.27,,,,,0.0,0.0,76,,,1002.2,,,,,,,,,997.1,0.9,,25.1,,,,29.8,,,,,,,,,,,,,,10,20,8.5,13.9,,20,,,10.4,
2006-08-08 13:00:00,,,,,2.39,,,,,0.0,0.0,77,,,1002.0,,,,,,,,,996.9,1.0,,25.1,,,,29.6,,,,,,,,,,,,,,20,10,8.7,13.3,,20,,,9.2,
2006-08-08 14:00:00,,7.0,,,2.35,,,,,0.0,0.0,78,,,1001.4,,,,,,,,,996.3,1.0,,24.8,,,,29.0,,,,,,,,,,20.0,,,,10,10,10.1,14.1,,10,,,10.8,
2006-08-08 15:00:00,,,,,1.72,,,,,0.0,0.0,78,,,1000.8,,,,,,,,,995.7,1.0,,24.4,,,,28.6,,,,,,,,,,,,,,10,360,11.5,16.2,,10,,,11.9,
2006-08-08 16:00:00,,,,,1.42,,,,,0.0,0.0,79,,,999.7,,,,,,,,,994.6,1.0,,24.6,,,,28.7,,,,,,,,,,,,,,10,10,10.7,16.5,,10,,,12.5,
2006-08-08 17:00:00,,10.0,,,0.7,,,,,0.0,0.0,79,,,999.4,,,,,,,,,994.3,0.3,,24.3,,,,28.3,,,,,,,,,,20.0,,,,360,10,11.4,16.2,,360,,,11.4,
2006-08-08 18:00:00,,,,,0.02,,,,,0.0,0.0,80,,,999.2,,,,,,,,,994.1,0.0,,24.4,,,,28.2,,,,,,,,,,,,,,360,360,11.4,16.6,,360,,,12.3,
2006-08-08 19:00:00,,,,,0.0,,,,,0.0,0.0,80,,,999.3,,,,,,,,,994.2,0.0,,24.2,,,,28.0,,,,,,,,,,,,,,360,360,12.8,17.4,,360,,,12.8,
2006-08-08 20:00:00,,,,,0.0,,,,,0.0,0.0,82,,,999.5,,,,,,,,,994.4,,,24.6,,,,28.0,,,,,,,,,,,,,,10,10,12.7,18.4,,10,,,12.9,
2006-08-08 21:00:00,,,,,0.0,,,,,0.0,0.0,83,,,999.7,,,,,,,,,994.6,,,24.7,,,,27.9,,,,,,,,,,,,,,10,20,11.8,17.5,,10,,,12.8,
2006-08-08 22:00:00,,,,,0.0,,,,,0.0,0.0,82,,,1000.0,,,,,,,,,994.9,,,24.7,,,,28.1,,,,,,,,,,,,,,10,20,12.4,19.2,,20,,,13.2,
2006-08-08 23:00:00,,,,,0.0,,,,,0.0,0.0,83,,,999.6,,,,,,,,,994.5,,,24.8,,,,27.9,,,,,,,,,,,,,,10,10,13.5,18.5,,10,,,13.6,
2006-08-09 00:00:00,,,,,0.0,,,,,0.0,0.0,82,,,999.0,,,,,,,,,993.9,,,24.7,,,,28.0,,,,,,,,,,,,,,10,360,13.5,19.9,,10,,,14.1,
2006-08-09 01:00:00,,,,,0.0,,,,,0.0,0.0,84,,,998.3,,,,,,,,,993.2,,,24.9,,,,27.8,,,,,,,,,,,,,,10,10,13.4,18.7,,10,,,13.4,
2006-08-09 02:00:00,,,,,0.0,,,,,0.0,0.0,83,,,997.0,,,,,,,,,991.9,,,24.5,,,,27.6,,,,,,,,,,,,,,360,360,13.0,18.8,,10,,,13.6,
2006-08-09 03:00:00,,,,,0.0,,,,,1.0,0.2,87,,,996.2,,,,,,,,,991.1,,,25.0,,,,27.4,,,,,,,,,,,,,,10,10,13.8,18.8,,360,,,13.8,
2006-08-09 04:00:00,,,,,0.0,,,,,0.5,0.2,85,,,995.7,,,,,,,,,990.6,,,24.8,,,,27.5,,,,,,,,,,,,,,360,360,10.5,16.1,,10,,,13.8,
2006-08-09 05:00:00,,,,,0.0,,,,,0.0,0.0,86,,,995.6,,,,,,,,,990.5,,,24.7,,,,27.2,,,,,,,,,,,,,,10,10,11.6,17.5,,10,,,13.4,
2006-08-09 06:00:00,,,,,0.0,,,,,3.0,0.7,87,,,995.7,,,,,,,,,990.6,0.0,,24.4,,,,26.8,,,,,,,,,,,,,,20,360,9.8,17.1,,360,,,12.1,
2006-08-09 07:00:00,,,,,0.0,,,,,7.5,1.0,89,,,996.1,,,,,,,,,991.0,0.0,,24.0,,,,26.0,,,,,,,,,,,,,,90,20,5.0,21.7,,10,,,14.9,
2006-08-09 08:00:00,,10.0,,,0.0,,,,,12.5,1.0,90,,,996.1,,,,,,,,,991.0,0.0,,23.2,,,,25.0,,,,,,,,,,6.0,,,,100,170,6.3,12.7,,150,,,8.3,
2006-08-09 09:00:00,,10.0,,,0.0,,,,,4.5,1.0,89,,,996.7,,,,,,,,,991.6,0.0,,23.4,,,,25.3,,,,,,,,,,6.0,,,,100,100,5.9,8.3,,100,,,6.6,
2006-08-09 10:00:00,,,,,0.3,,,,,4.5,0.7,86,,,997.4,,,,,,,,,992.3,0.0,,24.9,,,,27.5,,,,,,,,,,,,,,150,140,7.5,11.4,,140,,,8.7,
2006-08-09 11:00:00,,10.0,,,1.24,,,,,0.0,0.0,83,,,998.0,,,,,,,,,992.9,0.0,,25.6,,,,28.7,,,,,,,,,,20.0,,,,130,140,5.1,9.3,,140,,,7.3,
2006-08-09 12:00:00,,,,,1.16,,,,,0.0,0.0,82,,,997.9,,,,,,,,,992.8,0.0,,26.0,,,,29.3,,,,,,,,,,,,,,100,130,2.7,7.7,,130,,,5.2,
2006-08-09 13:00:00,,,,,0.48,,,,,0.0,0.0,84,,,998.2,,,,,,,,,993.1,0.0,,24.7,,,,27.7,,,,,,,,,,,,,,50,50,3.3,5.6,,40,,,4.2,
2006-08-09 14:00:00,,10.0,,,0.87,,,,,0.0,0.0,81,,,998.1,,,,,,,,,993.0,0.0,,25.1,,,,28.7,,,,,,,,,,20.0,,,,10,10,2.0,3.9,,50,,,3.2,
2006-08-09 15:00:00,,,,,0.11,,,,,0.0,0.0,79,,,998.2,,,,,,,,,993.1,0.0,,24.5,,,,28.4,,,,,,,,,,,,,,350,350,3.4,4.5,,350,,,3.4,
2006-08-09 16:00:00,,,,,0.02,,,,,0.0,0.0,84,,,997.9,,,,,,,,,992.8,0.0,,25.3,,,,28.2,,,,,,,,,,,,,,330,330,5.6,8.8,,330,,,5.6,
2006-08-09 17:00:00,,10.0,,,0.0,,,,,0.0,0.0,86,,,998.1,,,,,,,,,993.0,0.0,,25.4,,,,27.9,,,,,,,,,,10.0,,,,350,350,6.1,9.3,,350,,,6.3,
2006-08-09 18:00:00,,,,,0.0,,,,,0.0,0.0,86,,,998.0,,,,,,,,,992.9,0.0,,25.4,,,,27.9,,,,,,,,,,,,,,340,360,4.0,8.1,,350,,,6.1,
2006-08-09 19:00:00,,,,,0.0,,,,,0.0,0.0,83,,,998.6,,,,,,,,,993.5,0.0,,24.8,,,,27.9,,,,,,,,,,,,,,10,350,5.1,8.1,,350,,,5.8,
2006-08-09 20:00:00,,,,,0.0,,,,,0.0,0.0,88,,,998.7,,,,,,,,,993.6,,,25.6,,,,27.8,,,,,,,,,,,,,,360,360,4.6,6.9,,10,,,5.2,
2006-08-09 21:00:00,,,,,0.0,,,,,0.0,0.0,86,,,999.4,,,,,,,,,994.3,,,25.4,,,,27.9,,,,,,,,,,,,,,10,10,6.3,8.9,,360,,,6.5,
2006-08-09 22:00:00,,,,,0.0,,,,,0.0,0.0,87,,,1000.0,,,,,,,,,994.9,,,25.3,,,,27.7,,,,,,,,,,,,,,360,10,5.5,8.6,,10,,,6.3,
2006-08-09 23:00:00,,,,,0.0,,,,,0.0,0.0,86,,,1000.5,,,,,,,,,995.4,,,25.2,,,,27.7,,,,,,,,,,,,,,360,360,4.6,8.3,,360,,,6.1,
2006-08-10 00:00:00,,,,,0.0,,,,,0.0,0.0,87,,,1000.4,,,,,,,,,995.3,,,25.4,,,,27.7,,,,,,,,,,,,,,360,360,4.1,5.3,,350,,,4.5,
2006-08-10 01:00:00,,,,,0.0,,,,,0.0,0.0,89,,,1000.7,,,,,,,,,995.6,,,25.5,,,,27.5,,,,,,,,,,,,,,280,210,2.0,6.2,,10,,,4.1,
2006-08-10 02:00:00,,,,,0.0,,,,,0.0,0.0,88,,,1000.4,,,,,,,,,995.3,,,24.9,,,,27.0,,,,,,,,,,,,,,270,260,5.4,7.3,,270,,,6.2,
2006-08-10 03:00:00,,,,,0.0,,,,,0.0,0.0,88,,,1000.7,,,,,,,,,995.6,,,24.7,,,,26.8,,,,,,,,,,,,,,280,280,4.8,6.3,,270,,,5.3,
2006-08-10 04:00:00,,,,,0.0,,,,,0.0,0.0,88,,,1000.6,,,,,,,,,995.5,,,24.6,,,,26.8,,,,,,,,,,,,,,290,280,2.6,6.5,,280,,,4.9,
2006-08-10 05:00:00,,,,,0.0,,,,,0.0,0.0,84,,,1000.4,,,,,,,,,995.3,,,24.6,,,,27.6,,,,,,,,,,,,,,180,190,3.9,6.0,,180,,,3.9,
2006-08-10 06:00:00,,,,,0.0,,,,,0.0,0.0,84,,,1000.9,,,,,,,,,995.8,0.0,,24.6,,,,27.5,,,,,,,,,,,,,,220,180,3.3,6.0,,180,,,4.2,
2006-08-10 07:00:00,,,,,0.0,,,,,0.0,0.0,84,,,1001.3,,,,,,,,,996.2,0.0,,25.0,,,,28.0,,,,,,,,,,,,,,210,210,5.1,7.7,,200,,,5.9,
2006-08-10 08:00:00,,10.0,,,0.05,,,,,0.0,0.0,82,,,1002.0,,,,,,,,,996.9,0.0,,25.0,,,,28.3,,,,,,,,,,25.0,,,,190,190,5.2,7.7,,200,,,5.8,
2006-08-10 09:00:00,,10.0,,,0.34,,,,,0.0,0.0,86,,,1002.1,,,,,,,,,997.0,0.0,,26.0,,,,28.6,,,,,,,,,,25.0,,,,160,200,3.2,6.7,,190,,,5.2,
2006-08-10 10:00:00,,,,,1.17,,,,,0.0,0.0,87,,,1002.1,,,,,,,,,997.0,0.2,,26.8,,,,29.1,,,,,,,,,,,,,,170,150,3.5,5.0,,150,,,4.0,
2006-08-10 11:00:00,,9.0,,,1.29,,,,,0.0,0.0,83,,,1002.5,,,,,,,,,997.4,0.0,,25.8,,,,29.0,,,,,,,,,,25.0,,,,190,190,4.1,6.2,,180,,,4.6,
2006-08-10 12:00:00,,,,,1.62,,,,,0.0,0.0,81,,,1002.4,,,,,,,,,997.3,0.2,,25.8,,,,29.5,,,,,,,,,,,,,,190,190,5.0,6.0,,190,,,5.0,
2006-08-10 13:00:00,,,,,1.36,,,,,0.0,0.0,81,,,1002.2,,,,,,,,,997.1,0.0,,25.8,,,,29.4,,,,,,,,,,,,,,200,190,4.2,7.7,,190,,,6.3,
2006-08-10 14:00:00,,10.0,,,1.41,,,,,0.0,0.0,83,,,1001.6,,,,,,,,,996.5,0.0,,25.8,,,,28.9,,,,,,,,,,25.0,,,,220,210,3.3,5.1,,200,,,4.1,
2006-08-10 15:00:00,,,,,0.96,,,,,0.0,0.0,85,,,1001.3,,,,,,,,,996.2,0.0,,26.1,,,,28.9,,,,,,,,,,,,,,220,220,2.4,4.4,,220,,,3.6,
2006-08-10 16:00:00,,,,,0.95,,,,,0.0,0.0,84,,,1000.9,,,,,,,,,995.8,0.0,,25.5,,,,28.4,,,,,,,,,,,,,,200,210,3.2,4.2,,200,,,3.2,
2006-08-10 17:00:00,,10.0,,,0.42,,,,,0.0,0.0,81,,,1000.9,,,,,,,,,995.8,0.0,,24.8,,,,28.4,,,,,,,,,,25.0,,,,190,190,4.8,6.3,,190,,,4.8,
2006-08-10 18:00:00,,,,,0.0,,,,,0.0,0.0,80,,,1000.7,,,,,,,,,995.6,0.0,,24.7,,,,28.5,,,,,,,,,,,,,,200,190,5.1,7.3,,190,,,6.0,
2006-08-10 19:00:00,,,,,0.0,,,,,0.0,0.0,80,,,1001.3,,,,,,,,,996.2,0.0,,24.5,,,,28.3,,,,,,,,,,,,,,190,190,4.7,7.7,,190,,,6.3,
2006-08-10 20:00:00,,,,,0.0,,,,,0.0,0.0,82,,,1001.9,,,,,,,,,996.8,,,24.6,,,,28.0,,,,,,,,,,,,,,180,180,5.4,7.7,,180,,,5.4,
2006-08-10 21:00:00,,,,,0.0,,,,,0.0,0.0,81,,,1002.6,,,,,,,,,997.5,,,24.6,,,,28.1,,,,,,,,,,,,,,180,180,5.5,8.0,,180,,,6.1,
2006-08-10 22:00:00,,,,,0.0,,,,,0.0,0.0,83,,,1003.1,,,,,,,,,998.0,,,24.9,,,,28.1,,,,,,,,,,,,,,180,180,6.6,8.7,,180,,,6.6,
2006-08-10 23:00:00,,,,,0.0,,,,,0.0,0.0,83,,,1003.1,,,,,,,,,998.0,,,24.9,,,,28.0,,,,,,,,,,,,,,180,180,7.5,10.0,,180,,,7.7,
2006-08-11 00:00:00,,,,,0.0,,,,,0.0,0.0,82,,,1003.2,,,,,,,,,998.1,,,24.7,,,,28.0,,,,,,,,,,,,,,180,170,7.8,12.8,,180,,,8.4,
2006-08-11 01:00:00,,,,,0.0,,,,,0.0,0.0,83,,,1002.8,,,,,,,,,997.7,,,24.9,,,,28.0,,,,,,,,,,,,,,190,190,7.1,11.0,,180,,,8.0,
2006-08-11 02:00:00,,,,,0.0,,,,,0.0,0.0,82,,,1002.9,,,,,,,,,997.8,,,24.7,,,,28.1,,,,,,,,,,,,,,190,200,7.9,12.2,,190,,,9.7,
2006-08-11 03:00:00,,,,,0.0,,,,,0.0,0.0,85,,,1003.2,,,,,,,,,998.1,,,25.0,,,,27.8,,,,,,,,,,,,,,210,210,7.3,10.0,,190,,,7.6,
2006-08-11 04:00:00,,,,,0.0,,,,,0.0,0.0,87,,,1003.2,,,,,,,,,998.1,,,25.0,,,,27.4,,,,,,,,,,,,,,210,210,6.4,9.1,,210,,,7.4,
2006-08-11 05:00:00,,,,,0.0,,,,,0.0,0.0,87,,,1003.2,,,,,,,,,998.1,,,24.9,,,,27.2,,,,,,,,,,,,,,220,210,5.9,7.8,,210,,,6.6,
2006-08-11 06:00:00,,,,,0.0,,,,,0.0,0.0,87,,,1003.6,,,,,,,,,998.5,0.0,,25.0,,,,27.3,,,,,,,,,,,,,,220,210,6.0,7.1,,210,,,6.2,
2006-08-11 07:00:00,,,,,0.25,,,,,0.0,0.0,85,,,1004.0,,,,,,,,,998.9,0.6,,25.3,,,,28.0,,,,,,,,,,,,,,210,210,7.3,9.2,,210,,,7.4,
2006-08-11 08:00:00,,6.0,,,0.71,,,,,0.0,0.0,83,,,1004.5,,,,,,,,,999.4,1.0,,25.6,,,,28.7,,,,,,,,,,25.0,,,,210,200,7.3,9.9,,210,,,7.8,
2006-08-11 09:00:00,,6.0,,,1.17,,,,,0.0,0.0,81,,,1005.0,,,,,,,,,999.9,0.9,,25.8,,,,29.4,,,,,,,,,,25.0,,,,190,210,4.7,9.1,,210,,,7.3,
2006-08-11 10:00:00,,,,,1.77,,,,,0.0,0.0,79,,,1005.3,,,,,,,,,1000.2,1.0,,25.8,,,,29.8,,,,,,,,,,,,,,190,200,3.6,5.7,,190,,,4.5,
2006-08-11 11:00:00,,7.0,,,2.19,,,,,0.0,0.0,79,,,1005.0,,,,,,,,,999.9,1.0,,26.1,,,,30.1,,,,,,,,,,25.0,,,,220,200,2.6,4.2,,190,,,3.6,
2006-08-11 12:00:00,,,,,2.4,,,,,0.0,0.0,85,,,1005.0,,,,,,,,,999.9,1.0,,26.6,,,,29.3,,,,,,,,,,,,,,330,330,3.4,5.0,,330,,,3.4,
2006-08-11 13:00:00,,,,,2.4,,,,,0.0,0.0,84,,,1005.1,,,,,,,,,1000.0,1.0,,26.4,,,,29.4,,,,,,,,,,,,,,350,350,5.3,7.0,,350,,,5.3,
2006-08-11 14:00:00,,7.0,,,2.34,,,,,0.0,0.0,84,,,1005.0,,,,,,,,,999.9,1.0,,26.1,,,,29.1,,,,,,,,,,25.0,,,,360,360,4.4,6.7,,350,,,5.5,
2006-08-11 15:00:00,,,,,1.63,,,,,0.0,0.0,83,,,1004.6,,,,,,,,,999.5,1.0,,25.4,,,,28.5,,,,,,,,,,,,,,10,360,5.2,7.2,,10,,,5.3,
2006-08-11 16:00:00,,,,,1.13,,,,,0.0,0.0,86,,,1004.5,,,,,,,,,999.4,0.8,,25.6,,,,28.2,,,,,,,,,,,,,,10,10,6.2,7.9,,10,,,6.2,
2006-08-11 17:00:00,,8.0,,,0.7,,,,,0.0,0.0,85,,,1004.3,,,,,,,,,999.2,0.1,,25.2,,,,27.9,,,,,,,,,,25.0,,,,10,10,6.7,8.6,,10,,,6.9,
2006-08-11 18:00:00,,,,,0.13,,,,,0.0,0.0,85,,,1004.4,,,,,,,,,999.3,0.0,,24.7,,,,27.4,,,,,,,,,,,,,,20,360,6.3,9.0,,10,,,7.0,
2006-08-11 19:00:00,,,,,0.0,,,,,0.0,0.0,86,,,1004.6,,,,,,,,,999.5,0.0,,24.6,,,,27.2,,,,,,,,,,,,,,20,20,4.9,7.7,,20,,,6.3,
2006-08-11 20:00:00,,,,,0.0,,,,,0.0,0.0,84,,,1005.3,,,,,,,,,1000.2,,,24.4,,,,27.3,,,,,,,,,,,,,,20,30,4.8,6.6,,20,,,4.8,
2006-08-11 21:00:00,,,,,0.0,,,,,0.0,0.0,82,,,1005.5,,,,,,,,,1000.4,,,24.1,,,,27.5,,,,,,,,,,,,,,20,30,4.0,6.6,,20,,,4.9,
2006-08-11 22:00:00,,,,,0.0,,,,,0.0,0.0,83,,,1005.6,,,,,,,,,1000.5,,,24.1,,,,27.2,,,,,,,,,,,,,,10,20,3.2,5.8,,20,,,4.2,
2006-08-11 23:00:00,,,,,0.0,,,,,0.0,0.0,83,,,1005.7,,,,,,,,,1000.6,,,24.2,,,,27.3,,,,,,,,,,,,,,10,10,3.8,4.7,,10,,,3.8,
2006-08-12 00:00:00,,,,,0.0,,,,,0.0,0.0,86,,,1005.6,,,,,,,,,1000.5,,,24.4,,,,27.0,,,,,,,,,,,,,,360,360,3.9,5.9,,10,,,4.5,
2006-08-12 01:00:00,,,,,0.0,,,,,0.0,0.0,86,,,1005.6,,,,,,,,,1000.5,,,24.4,,,,27.0,,,,,,,,,,,,,,350,350,5.0,6.8,,350,,,5.3,
2006-08-12 02:00:00,,,,,0.0,,,,,0.0,0.0,85,,,1005.5,,,,,,,,,1000.4,,,24.3,,,,27.0,,,,,,,,,,,,,,360,350,4.8,7.1,,350,,,5.1,
2006-08-12 03:00:00,,,,,0.0,,,,,0.0,0.0,87,,,1004.9,,,,,,,,,999.8,,,24.4,,,,26.7,,,,,,,,,,,,,,360,360,4.4,6.2,,360,,,4.7,
2006-08-12 04:00:00,,,,,0.0,,,,,0.0,0.0,87,,,1004.9,,,,,,,,,999.8,,,24.5,,,,26.8,,,,,,,,,,,,,,360,360,3.9,6.2,,360,,,4.8,
2006-08-12 05:00:00,,,,,0.0,,,,,0.0,0.0,85,,,1005.0,,,,,,,,,999.9,,,24.1,,,,26.9,,,,,,,,,,,,,,360,350,3.3,5.7,,360,,,4.4,
2006-08-12 06:00:00,,,,,0.0,,,,,0.0,0.0,87,,,1005.1,,,,,,,,,1000.0,0.0,,24.4,,,,26.7,,,,,,,,,,,,,,360,360,2.8,4.9,,360,,,3.7,
2006-08-12 07:00:00,,,,,0.31,,,,,0.0,0.0,86,,,1005.6,,,,,,,,,1000.5,0.7,,25.0,,,,27.5,,,,,,,,,,,,,,360,360,3.0,4.1,,360,,,3.0,
2006-08-12 08:00:00,,4.0,,,0.86,,,,,0.0,0.0,87,,,1005.7,,,,,,,,,1000.6,1.0,,25.8,,,,28.1,,,,,,,,,,20.0,,,,10,360,3.3,5.3,,360,,,3.8,
2006-08-12 09:00:00,,4.0,,,1.38,,,,,0.0,0.0,88,,,1006.2,,,,,,,,,1001.1,1.0,,26.2,,,,28.4,,,,,,,,,,20.0,,,,350,350,3.8,5.0,,350,,,4.0,
2006-08-12 10:00:00,,,,,1.8,,,,,0.0,0.0,87,,,1006.4,,,,,,,,,1001.3,1.0,,26.6,,,,28.9,,,,,,,,,,,,,,350,340,3.0,5.2,,350,,,3.8,
2006-08-12 11:00:00,,3.0,,,2.35,,,,,0.0,0.0,87,,,1006.1,,,,,,,,,1001.0,1.0,,26.6,,,,29.0,,,,,,,,,,20.0,,,,360,340,3.1,4.6,,350,,,3.5,
2006-08-12 12:00:00,,,,,2.4,,,,,0.0,0.0,86,,,1005.5,,,,,,,,,1000.4,1.0,,26.9,,,,29.4,,,,,,,,,,,,,,360,350,2.7,4.4,,360,,,3.1,
2006-08-12 13:00:00,,,,,2.4,,,,,0.0,0.0,85,,,1005.0,,,,,,,,,999.9,1.0,,26.6,,,,29.3,,,,,,,,,,,,,,360,10,3.0,5.0,,10,,,3.4,
2006-08-12 14:00:00,,4.0,,,2.4,,,,,0.0,0.0,84,,,1004.4,,,,,,,,,999.3,1.0,,26.4,,,,29.3,,,,,,,,,,20.0,,,,10,360,3.9,6.0,,10,,,4.1,
2006-08-12 15:00:00,,,,,1.97,,,,,0.0,0.0,83,,,1004.1,,,,,,,,,999.0,1.0,,26.3,,,,29.5,,,,,,,,,,,,,,10,360,4.5,7.2,,10,,,5.7,
2006-08-12 16:00:00,,,,,1.53,,,,,0.0,0.0,84,,,1003.7,,,,,,,,,998.6,1.0,,25.8,,,,28.8,,,,,,,,,,,,,,10,10,4.8,6.6,,10,,,4.8,
2006-08-12 17:00:00,,3.0,,,0.98,,,,,0.0,0.0,85,,,1003.7,,,,,,,,,998.6,1.0,,25.6,,,,28.3,,,,,,,,,,20.0,,,,10,10,3.9,7.0,,10,,,5.2,
2006-08-12 18:00:00,,,,,0.38,,,,,0.0,0.0,85,,,1003.6,,,,,,,,,998.5,0.9,,25.2,,,,28.0,,,,,,,,,,,,,,360,360,3.1,4.9,,10,,,3.9,
2006-08-12 19:00:00,,,,,0.0,,,,,0.0,0.0,87,,,1004.0,,,,,,,,,998.9,0.0,,25.3,,,,27.7,,,,,,,,,,,,,,250,360,1.0,3.9,,360,,,3.1,
2006-08-12 20:00:00,,,,,0.0,,,,,0.0,0.0,88,,,1004.5,,,,,,,,,999.4,,,25.1,,,,27.3,,,,,,,,,,,,,,270,280,2.5,3.5,,270,,,2.7,
2006-08-12 21:00:00,,,,,0.0,,,,,0.0,0.0,88,,,1005.1,,,,,,,,,1000.0,,,25.1,,,,27.2,,,,,,,,,,,,,,290,310,2.9,5.0,,310,,,4.0,
2006-08-12 22:00:00,,,,,0.0,,,,,0.0,0.0,89,,,1005.4,,,,,,,,,1000.3,,,25.3,,,,27.2,,,,,,,,,,,,,,0,290,0.0,3.2,,290,,,2.8,
2006-08-12 23:00:00,,,,,0.0,,,,,0.0,0.0,88,,,1005.3,,,,,,,,,1000.2,,,25.1,,,,27.3,,,,,,,,,,,,,,270,260,1.7,2.5,,260,,,1.7,
2006-08-13 00:00:00,,,,,0.0,,,,,0.0,0.0,87,,,1005.0,,,,,,,,,999.9,,,25.0,,,,27.3,,,,,,,,,,,,,,260,260,3.1,4.7,,270,,,3.6,
2006-08-13 01:00:00,,,,,0.0,,,,,0.0,0.0,87,,,1004.7,,,,,,,,,999.6,,,24.7,,,,27.1,,,,,,,,,,,,,,270,260,3.7,5.1,,270,,,3.8,
2006-08-13 02:00:00,,,,,0.0,,,,,0.0,0.0,87,,,1004.6,,,,,,,,,999.5,,,24.9,,,,27.2,,,,,,,,,,,,,,270,260,3.4,5.1,,270,,,3.9,
2006-08-13 03:00:00,,,,,0.0,,,,,0.0,0.0,88,,,1004.6,,,,,,,,,999.5,,,24.8,,,,26.9,,,,,,,,,,,,,,270,260,3.0,4.8,,270,,,3.8,
2006-08-13 04:00:00,,,,,0.0,,,,,0.0,0.0,89,,,1004.6,,,,,,,,,999.5,,,24.8,,,,26.7,,,,,,,,,,,,,,270,260,3.8,5.1,,260,,,3.8,
2006-08-13 05:00:00,,,,,0.0,,,,,0.0,0.0,89,,,1004.8,,,,,,,,,999.7,,,24.9,,,,26.8,,,,,,,,,,,,,,290,260,2.8,4.1,,270,,,3.7,
2006-08-13 06:00:00,,,,,0.0,,,,,0.0,0.0,91,,,1004.9,,,,,,,,,999.8,0.0,,25.1,,,,26.6,,,,,,,,,,,,,,0,300,0.0,3.6,,290,,,2.9,
2006-08-13 07:00:00,,,,,0.0,,,,,0.0,0.0,90,,,1005.0,,,,,,,,,999.9,0.0,,25.3,,,,27.1,,,,,,,,,,,,,,0,280,0.1,2.2,,260,,,0.5,
2006-08-13 08:00:00,,3.0,,,0.74,,,,,0.0,0.0,94,,,1005.3,,,,,,,,,1000.2,0.6,,26.5,,,,27.6,,,,,,,,,,20.0,,,,330,330,0.4,2.9,,330,,,2.0,
2006-08-13 09:00:00,,7.0,,,1.14,,,,,0.0,0.0,89,,,1005.6,,,,,,,,,1000.5,0.6,,25.8,,,,27.7,,,,,,,,,,20.0,,,,0,320,0.0,2.5,,330,,,1.5,
2006-08-13 10:00:00,,,,,1.29,,,,,0.0,0.0,82,,,1005.5,,,,,,,,,1000.4,0.1,,25.8,,,,29.1,,,,,,,,,,,,,,270,260,2.3,2.9,,270,,,2.3,
2006-08-13 11:00:00,,8.0,,,1.72,,,,,0.0,0.0,83,,,1005.3,,,,,,,,,1000.2,0.3,,26.5,,,,29.6,,,,,,,,,,20.0,,,,270,280,2.7,3.8,,280,,,2.9,
2006-08-13 12:00:00,,,,,2.05,,,,,0.0,0.0,82,,,1004.7,,,,,,,,,999.6,0.7,,26.9,,,,30.4,,,,,,,,,,,,,,270,270,2.5,3.7,,270,,,3.0,
2006-08-13 13:00:00,,,,,2.4,,,,,0.0,0.0,84,,,1004.4,,,,,,,,,999.3,1.0,,26.6,,,,29.6,,,,,,,,,,,,,,320,330,2.3,3.2,,270,,,2.5,
2006-08-13 14:00:00,,1.0,,,2.4,,,,,0.0,0.0,83,,,1003.9,,,,,,,,,998.8,1.0,,26.9,,,,30.2,,,,,,,,,,20.0,,,,310,320,2.7,5.1,,320,,,3.7,
2006-08-13 15:00:00,,,,,1.92,,,,,0.0,0.0,83,,,1003.8,,,,,,,,,998.7,1.0,,26.7,,,,30.0,,,,,,,,,,,,,,260,310,1.4,3.9,,310,,,2.7,
2006-08-13 16:00:00,,,,,1.5,,,,,0.0,0.0,82,,,1003.6,,,,,,,,,998.5,1.0,,26.2,,,,29.5,,,,,,,,,,,,,,290,280,3.7,4.6,,290,,,3.7,
2006-08-13 17:00:00,,0.0,,,0.93,,,,,0.0,0.0,84,,,1003.7,,,,,,,,,998.6,1.0,,25.9,,,,28.8,,,,,,,,,,20.0,,,,290,280,3.0,4.8,,290,,,3.8,
2006-08-13 18:00:00,,,,,0.36,,,,,0.0,0.0,85,,,1004.1,,,,,,,,,999.0,0.6,,24.8,,,,27.6,,,,,,,,,,,,,,330,280,2.0,4.0,,290,,,3.2,
2006-08-13 19:00:00,,,,,0.0,,,,,0.0,0.0,86,,,1004.0,,,,,,,,,998.9,0.1,,24.4,,,,27.0,,,,,,,,,,,,,,360,360,2.9,3.5,,360,,,2.9,
2006-08-13 20:00:00,,,,,0.0,,,,,0.0,0.0,86,,,1004.6,,,,,,,,,999.5,,,24.4,,,,26.9,,,,,,,,,,,,,,360,360,2.5,3.2,,360,,,2.9,
2006-08-13 21:00:00,,,,,0.0,,,,,0.0,0.0,83,,,1005.3,,,,,,,,,1000.2,,,23.9,,,,27.0,,,,,,,,,,,,,,360,10,0.8,3.1,,10,,,2.7,
2006-08-13 22:00:00,,,,,0.0,,,,,0.0,0.0,84,,,1005.8,,,,,,,,,1000.7,,,24.1,,,,27.0,,,,,,,,,,,,,,20,10,2.0,3.0,,10,,,2.6,
2006-08-13 23:00:00,,,,,0.0,,,,,0.0,0.0,81,,,1005.5,,,,,,,,,1000.4,,,23.9,,,,27.5,,,,,,,,,,,,,,0,30,0.0,2.2,,20,,,2.0,
2006-08-14 00:00:00,,,,,0.0,,,,,0.0,0.0,83,,,1005.0,,,,,,,,,999.9,,,24.2,,,,27.3,,,,,,,,,,,,,,190,190,2.4,3.1,,190,,,2.4,
2006-08-14 01:00:00,,,,,0.0,,,,,0.0,0.0,84,,,1004.5,,,,,,,,,999.4,,,24.5,,,,27.5,,,,,,,,,,,,,,220,190,3.0,4.6,,190,,,3.8,
2006-08-14 02:00:00,,,,,0.0,,,,,0.0,0.0,85,,,1004.1,,,,,,,,,999.0,,,24.5,,,,27.2,,,,,,,,,,,,,,230,230,3.9,4.8,,230,,,4.0,
2006-08-14 03:00:00,,,,,0.0,,,,,0.0,0.0,86,,,1004.1,,,,,,,,,999.0,,,24.7,,,,27.2,,,,,,,,,,,,,,260,230,2.5,4.7,,230,,,4.0,
2006-08-14 04:00:00,,,,,0.0,,,,,0.0,0.0,83,,,1004.3,,,,,,,,,999.2,,,23.7,,,,26.8,,,,,,,,,,,,,,250,250,2.8,4.3,,250,,,3.0,
2006-08-14 05:00:00,,,,,0.0,,,,,0.0,0.0,81,,,1004.6,,,,,,,,,999.5,,,23.3,,,,26.8,,,,,,,,,,,,,,270,260,2.9,3.8,,270,,,3.0,
2006-08-14 06:00:00,,,,,0.0,,,,,0.0,0.0,85,,,1005.0,,,,,,,,,999.9,0.0,,23.7,,,,26.4,,,,,,,,,,,,,,310,280,2.2,3.1,,280,,,2.9,
2006-08-14 07:00:00,,,,,0.0,,,,,0.0,0.0,88,,,1005.3,,,,,,,,,1000.2,0.0,,24.5,,,,26.6,,,,,,,,,,,,,,300,310,2.8,4.2,,310,,,3.0,
2006-08-14 08:00:00,,9.0,,,0.46,,,,,0.0,0.0,89,,,1005.6,,,,,,,,,1000.5,0.0,,25.3,,,,27.2,,,,,,,,,,10.0,,,,330,300,2.5,4.2,,300,,,3.1,
2006-08-14 09:00:00,,8.0,,,1.26,,,,,0.0,0.0,89,,,1005.6,,,,,,,,,1000.5,0.9,,26.1,,,,28.0,,,,,,,,,,10.0,,,,330,320,2.7,4.0,,330,,,2.7,
2006-08-14 10:00:00,,,,,1.8,,,,,0.0,0.0,87,,,1005.6,,,,,,,,,1000.5,1.0,,26.1,,,,28.4,,,,,,,,,,,,,,330,320,2.0,3.4,,330,,,2.7,
2006-08-14 11:00:00,,3.0,,,2.23,,,,,0.0,0.0,87,,,1005.6,,,,,,,,,1000.5,1.0,,26.2,,,,28.6,,,,,,,,,,10.0,,,,320,350,1.2,3.2,,350,,,2.3,
2006-08-14 12:00:00,,,,,2.01,,,,,0.0,0.0,85,,,1005.4,,,,,,,,,1000.3,0.7,,26.2,,,,29.0,,,,,,,,,,,,,,230,140,1.0,3.3,,160,,,2.0,
2006-08-14 13:00:00,,,,,2.37,,,,,0.0,0.0,81,,,1004.6,,,,,,,,,999.5,0.9,,26.6,,,,30.2,,,,,,,,,,,,,,260,250,0.4,2.5,,240,,,1.3,
2006-08-14 14:00:00,,3.0,,,2.4,,,,,0.0,0.0,81,,,1003.9,,,,,,,,,998.8,1.0,,26.0,,,,29.7,,,,,,,,,,10.0,,,,240,230,1.1,2.6,,230,,,1.7,
2006-08-14 15:00:00,,,,,1.89,,,,,0.0,0.0,78,,,1003.2,,,,,,,,,998.1,1.0,,26.2,,,,30.4,,,,,,,,,,,,,,280,280,2.3,3.0,,280,,,2.3,
2006-08-14 16:00:00,,,,,1.48,,,,,0.0,0.0,81,,,1002.8,,,,,,,,,997.7,1.0,,26.2,,,,29.9,,,,,,,,,,,,,,280,270,3.5,4.4,,280,,,3.5,
2006-08-14 17:00:00,,2.0,,,0.95,,,,,0.0,0.0,84,,,1002.8,,,,,,,,,997.7,1.0,,25.2,,,,28.2,,,,,,,,,,10.0,,,,280,280,3.4,4.6,,280,,,3.8,
2006-08-14 18:00:00,,,,,0.3,,,,,0.0,0.0,86,,,1002.6,,,,,,,,,997.5,0.2,,24.8,,,,27.4,,,,,,,,,,,,,,270,290,2.6,4.0,,280,,,3.4,
2006-08-14 19:00:00,,,,,0.0,,,,,0.0,0.0,86,,,1003.1,,,,,,,,,998.0,0.0,,24.4,,,,26.9,,,,,,,,,,,,,,260,260,2.8,4.8,,270,,,3.7,
2006-08-14 20:00:00,,,,,0.0,,,,,0.0,0.0,84,,,1004.0,,,,,,,,,998.9,,,24.2,,,,27.1,,,,,,,,,,,,,,240,260,3.0,3.6,,240,,,3.0,
2006-08-14 21:00:00,,,,,0.0,,,,,0.0,0.0,88,,,1004.7,,,,,,,,,999.6,,,24.7,,,,26.9,,,,,,,,,,,,,,230,230,2.4,4.8,,230,,,3.8,
2006-08-14 22:00:00,,,,,0.0,,,,,0.0,0.0,84,,,1005.4,,,,,,,,,1000.3,,,24.2,,,,27.2,,,,,,,,,,,,,,230,230,3.6,4.5,,230,,,3.8,
2006-08-14 23:00:00,,,,,0.0,,,,,0.0,0.0,79,,,1005.3,,,,,,,,,1000.2,,,23.6,,,,27.6,,,,,,,,,,,,,,220,220,4.2,5.0,,220,,,4.2,
2006-08-15 00:00:00,,,,,0.0,,,,,0.0,0.0,77,,,1005.1,,,,,,,,,1000.0,,,23.3,,,,27.8,,,,,,,,,,,,,,240,230,3.5,5.1,,220,,,4.1,
2006-08-15 01:00:00,,,,,0.0,,,,,0.0,0.0,78,,,1004.4,,,,,,,,,999.3,,,23.4,,,,27.6,,,,,,,,,,,,,,240,230,4.5,5.6,,230,,,4.5,
2006-08-15 02:00:00,,,,,0.0,,,,,0.0,0.0,77,,,1003.8,,,,,,,,,998.7,,,23.1,,,,27.5,,,,,,,,,,,,,,230,240,3.1,4.9,,240,,,4.5,
2006-08-15 03:00:00,,,,,0.0,,,,,0.0,0.0,77,,,1003.4,,,,,,,,,998.3,,,23.0,,,,27.5,,,,,,,,,,,,,,240,240,2.0,3.5,,240,,,3.1,
2006-08-15 04:00:00,,,,,0.0,,,,,0.0,0.0,81,,,1003.8,,,,,,,,,998.7,,,23.7,,,,27.3,,,,,,,,,,,,,,250,260,1.5,3.7,,240,,,2.4,
2006-08-15 05:00:00,,,,,0.0,,,,,0.0,0.0,83,,,1004.1,,,,,,,,,999.0,,,23.7,,,,26.8,,,,,,,,,,,,,,270,250,1.9,3.1,,260,,,2.3,
2006-08-15 06:00:00,,,,,0.0,,,,,0.0,0.0,86,,,1004.3,,,,,,,,,999.2,0.0,,24.2,,,,26.7,,,,,,,,,,,,,,290,290,1.0,3.0,,290,,,2.6,
2006-08-15 07:00:00,,,,,0.22,,,,,0.0,0.0,87,,,1004.7,,,,,,,,,999.6,0.8,,25.1,,,,27.4,,,,,,,,,,,,,,260,250,1.6,2.3,,260,,,1.6,
2006-08-15 08:00:00,,3.0,,,0.77,,,,,0.0,0.0,89,,,1005.5,,,,,,,,,1000.4,1.0,,25.6,,,,27.5,,,,,,,,,,25.0,,,,250,260,2.0,3.2,,240,,,2.5,
2006-08-15 09:00:00,,1.0,,,1.31,,,,,0.0,0.0,87,,,1005.7,,,,,,,,,1000.6,1.0,,25.6,,,,27.9,,,,,,,,,,25.0,,,,250,250,2.5,4.2,,260,,,3.0,
2006-08-15 10:00:00,,,,,1.8,,,,,0.0,0.0,86,,,1005.9,,,,,,,,,1000.8,1.0,,25.9,,,,28.5,,,,,,,,,,,,,,240,240,1.2,3.8,,250,,,2.8,
2006-08-15 11:00:00,,1.0,,,2.33,,,,,0.0,0.0,83,,,1005.6,,,,,,,,,1000.5,1.0,,25.9,,,,29.1,,,,,,,,,,25.0,,,,230,240,2.7,3.5,,230,,,2.7,
2006-08-15 12:00:00,,,,,2.4,,,,,0.0,0.0,82,,,1005.2,,,,,,,,,1000.1,1.0,,26.3,,,,29.8,,,,,,,,,,,,,,240,240,2.0,3.9,,230,,,3.1,
2006-08-15 13:00:00,,,,,2.4,,,,,0.0,0.0,79,,,1004.9,,,,,,,,,999.8,1.0,,26.3,,,,30.3,,,,,,,,,,,,,,250,220,2.0,3.5,,230,,,2.7,
2006-08-15 14:00:00,,1.0,,,2.4,,,,,0.0,0.0,79,,,1004.3,,,,,,,,,999.2,1.0,,26.2,,,,30.2,,,,,,,,,,25.0,,,,220,220,2.9,3.8,,230,,,3.0,
2006-08-15 15:00:00,,,,,1.94,,,,,0.0,0.0,78,,,1003.7,,,,,,,,,998.6,1.0,,25.7,,,,30.0,,,,,,,,,,,,,,230,230,3.9,5.0,,230,,,4.0,
2006-08-15 16:00:00,,,,,1.51,,,,,0.0,0.0,76,,,1003.2,,,,,,,,,998.1,1.0,,25.7,,,,30.3,,,,,,,,,,,,,,240,230,2.5,4.9,,230,,,3.9,
2006-08-15 17:00:00,,2.0,,,0.94,,,,,0.0,0.0,80,,,1002.7,,,,,,,,,997.6,1.0,,25.8,,,,29.7,,,,,,,,,,25.0,,,,270,260,2.6,3.6,,270,,,2.7,
2006-08-15 18:00:00,,,,,0.37,,,,,0.0,0.0,82,,,1003.2,,,,,,,,,998.1,0.6,,25.0,,,,28.3,,,,,,,,,,,,,,270,280,2.5,3.3,,280,,,2.8,
2006-08-15 19:00:00,,,,,0.0,,,,,0.0,0.0,84,,,1003.8,,,,,,,,,998.7,0.0,,24.6,,,,27.6,,,,,,,,,,,,,,240,240,3.0,3.6,,240,,,3.0,
2006-08-15 20:00:00,,,,,0.0,,,,,0.0,0.0,85,,,1004.4,,,,,,,,,999.3,,,24.7,,,,27.5,,,,,,,,,,,,,,260,230,1.8,3.9,,240,,,3.0,
2006-08-15 21:00:00,,,,,0.0,,,,,0.0,0.0,86,,,1004.9,,,,,,,,,999.8,,,24.8,,,,27.3,,,,,,,,,,,,,,280,280,2.2,3.0,,280,,,2.4,
2006-08-15 22:00:00,,,,,0.0,,,,,0.0,0.0,86,,,1005.1,,,,,,,,,1000.0,,,24.5,,,,27.0,,,,,,,,,,,,,,0,300,0.0,2.8,,280,,,2.2,
2006-08-15 23:00:00,,,,,0.0,,,,,0.0,0.0,87,,,1005.2,,,,,,,,,1000.1,,,24.7,,,,27.1,,,,,,,,,,,,,,0,280,0.0,2.0,,0,,,0.1,
2006-08-16 00:00:00,,,,,0.0,,,,,0.0,0.0,87,,,1004.8,,,,,,,,,999.7,,,24.8,,,,27.2,,,,,,,,,,,,,,0,0,0.0,0.0,,0,,,0.0,
2006-08-16 01:00:00,,,,,0.0,,,,,0.0,0.0,88,,,1004.6,,,,,,,,,999.5,,,25.3,,,,27.5,,,,,,,,,,,,,,210,210,2.3,2.8,,220,,,2.3,
2006-08-16 02:00:00,,,,,0.0,,,,,0.0,0.0,84,,,1004.4,,,,,,,,,999.3,,,24.7,,,,27.7,,,,,,,,,,,,,,220,220,4.4,5.3,,220,,,4.4,
2006-08-16 03:00:00,,,,,0.0,,,,,0.0,0.0,83,,,1004.0,,,,,,,,,998.9,,,24.5,,,,27.7,,,,,,,,,,,,,,210,220,3.4,5.4,,220,,,4.6,
2006-08-16 04:00:00,,,,,0.0,,,,,0.0,0.0,82,,,1004.4,,,,,,,,,999.3,,,24.4,,,,27.7,,,,,,,,,,,,,,210,210,3.7,5.2,,210,,,4.1,
2006-08-16 05:00:00,,,,,0.0,,,,,0.0,0.0,82,,,1004.4,,,,,,,,,999.3,,,24.3,,,,27.7,,,,,,,,,,,,,,200,220,3.2,5.0,,210,,,3.9,
2006-08-16 06:00:00,,,,,0.0,,,,,0.0,0.0,84,,,1004.3,,,,,,,,,999.2,0.0,,24.6,,,,27.5,,,,,,,,,,,,,,210,210,2.2,4.5,,210,,,3.7,
2006-08-16 07:00:00,,,,,0.23,,,,,0.0,0.0,86,,,1004.7,,,,,,,,,999.6,0.9,,25.4,,,,28.0,,,,,,,,,,,,,,210,200,1.3,2.5,,200,,,2.0,
2006-08-16 08:00:00,,0.0,,,0.79,,,,,0.0,0.0,84,,,1004.9,,,,,,,,,999.8,1.0,,26.1,,,,29.0,,,,,,,,,,30.0,,,,200,200,2.2,2.9,,200,,,2.2,
2006-08-16 09:00:00,,0.0,,,1.33,,,,,0.0,0.0,84,,,1005.2,,,,,,,,,1000.1,1.0,,26.4,,,,29.3,,,,,,,,,,30.0,,,,220,220,2.0,3.3,,210,,,2.5,
2006-08-16 10:00:00,,,,,1.8,,,,,0.0,0.0,83,,,1005.7,,,,,,,,,1000.6,1.0,,26.3,,,,29.4,,,,,,,,,,,,,,250,230,0.4,2.7,,230,,,2.1,
2006-08-16 11:00:00,,1.0,,,2.36,,,,,0.0,0.0,80,,,1005.9,,,,,,,,,1000.8,1.0,,26.3,,,,30.1,,,,,,,,,,30.0,,,,250,230,0.7,2.6,,240,,,1.8,
2006-08-16 12:00:00,,,,,2.43,,,,,0.0,0.0,78,,,1005.8,,,,,,,,,1000.7,1.0,,26.9,,,,31.3,,,,,,,,,,,,,,270,280,2.2,3.1,,270,,,2.2,
2006-08-16 13:00:00,,,,,2.25,,,,,0.0,0.0,80,,,1005.2,,,,,,,,,1000.1,0.9,,27.1,,,,30.9,,,,,,,,,,,,,,260,290,1.6,3.6,,280,,,2.5,
2006-08-16 14:00:00,,0.0,,,2.4,,,,,0.0,0.0,78,,,1004.4,,,,,,,,,999.3,1.0,,26.0,,,,30.3,,,,,,,,,,30.0,,,,230,240,2.8,3.7,,230,,,2.8,
2006-08-16 15:00:00,,,,,1.93,,,,,0.0,0.0,76,,,1003.8,,,,,,,,,998.7,1.0,,25.9,,,,30.7,,,,,,,,,,,,,,250,240,2.7,4.8,,250,,,3.5,
2006-08-16 16:00:00,,,,,1.48,,,,,0.0,0.0,77,,,1003.0,,,,,,,,,997.9,1.0,,26.0,,,,30.5,,,,,,,,,,,,,,270,250,2.8,4.0,,270,,,2.9,
2006-08-16 17:00:00,,0.0,,,0.94,,,,,0.0,0.0,75,,,1002.6,,,,,,,,,997.5,1.0,,24.7,,,,29.6,,,,,,,,,,30.0,,,,240,240,4.5,5.8,,240,,,4.5,
2006-08-16 18:00:00,,,,,0.37,,,,,0.0,0.0,78,,,1003.2,,,,,,,,,998.1,0.8,,24.7,,,,29.0,,,,,,,,,,,,,,250,240,4.6,6.8,,240,,,5.6,
2006-08-16 19:00:00,,,,,0.0,,,,,0.0,0.0,81,,,1003.8,,,,,,,,,998.7,0.0,,24.7,,,,28.3,,,,,,,,,,,,,,240,240,5.5,7.0,,240,,,5.6,
2006-08-16 20:00:00,,,,,0.0,,,,,0.0,0.0,83,,,1004.6,,,,,,,,,999.5,,,24.9,,,,28.0,,,,,,,,,,,,,,220,250,4.4,6.4,,240,,,5.5,
2006-08-16 21:00:00,,,,,0.0,,,,,0.0,0.0,84,,,1005.3,,,,,,,,,1000.2,,,25.4,,,,28.3,,,,,,,,,,,,,,210,210,5.2,6.8,,210,,,5.2,
2006-08-16 22:00:00,,,,,0.0,,,,,0.0,0.0,84,,,1005.5,,,,,,,,,1000.4,,,25.3,,,,28.3,,,,,,,,,,,,,,210,210,5.6,7.4,,210,,,5.7,
2006-08-16 23:00:00,,,,,0.0,,,,,0.0,0.0,84,,,1005.5,,,,,,,,,1000.4,,,25.3,,,,28.3,,,,,,,,,,,,,,230,200,4.8,6.4,,210,,,5.6,
2006-08-17 00:00:00,,,,,0.0,,,,,0.0,0.0,86,,,1005.5,,,,,,,,,1000.4,,,25.5,,,,28.0,,,,,,,,,,,,,,220,220,4.1,7.1,,220,,,5.9,
2006-08-17 01:00:00,,,,,0.0,,,,,0.0,0.0,85,,,1004.8,,,,,,,,,999.7,,,25.2,,,,27.9,,,,,,,,,,,,,,220,220,4.5,5.8,,220,,,4.8,
2006-08-17 02:00:00,,,,,0.0,,,,,0.0,0.0,86,,,1004.4,,,,,,,,,999.3,,,25.3,,,,27.9,,,,,,,,,,,,,,220,200,4.6,6.2,,210,,,5.0,
2006-08-17 03:00:00,,,,,0.0,,,,,0.0,0.0,87,,,1004.2,,,,,,,,,999.1,,,25.5,,,,27.8,,,,,,,,,,,,,,220,210,5.1,6.4,,220,,,5.3,
2006-08-17 04:00:00,,,,,0.0,,,,,0.0,0.0,86,,,1003.9,,,,,,,,,998.8,,,25.2,,,,27.7,,,,,,,,,,,,,,210,210,6.1,7.7,,210,,,6.1,
2006-08-17 05:00:00,,,,,0.0,,,,,0.0,0.0,86,,,1004.3,,,,,,,,,999.2,,,25.1,,,,27.7,,,,,,,,,,,,,,230,200,4.7,7.9,,210,,,6.3,
2006-08-17 06:00:00,,,,,0.0,,,,,0.0,0.0,87,,,1004.8,,,,,,,,,999.7,0.0,,25.2,,,,27.6,,,,,,,,,,,,,,250,250,4.2,6.1,,240,,,5.3,
2006-08-17 07:00:00,,,,,0.17,,,,,0.0,0.0,88,,,1005.0,,,,,,,,,999.9,0.7,,25.4,,,,27.5,,,,,,,,,,,,,,250,240,3.6,5.3,,240,,,4.2,
2006-08-17 08:00:00,,0.0,,,0.69,,,,,0.0,0.0,88,,,1005.3,,,,,,,,,1000.2,1.0,,25.8,,,,28.0,,,,,,,,,,30.0,,,,230,230,4.8,5.9,,230,,,4.8,
2006-08-17 09:00:00,,0.0,,,1.24,,,,,0.0,0.0,87,,,1005.6,,,,,,,,,1000.5,1.0,,26.2,,,,28.5,,,,,,,,,,30.0,,,,230,230,3.9,6.0,,230,,,5.1,
2006-08-17 10:00:00,,,,,1.8,,,,,0.0,0.0,86,,,1005.5,,,,,,,,,1000.4,1.0,,26.4,,,,29.0,,,,,,,,,,,,,,230,230,4.0,5.0,,230,,,4.1,
2006-08-17 11:00:00,,0.0,,,1.99,,,,,0.0,0.0,85,,,1005.3,,,,,,,,,1000.2,1.0,,26.7,,,,29.4,,,,,,,,,,30.0,,,,230,230,3.8,5.0,,230,,,4.1,
2006-08-17 12:00:00,,,,,2.4,,,,,0.0,0.0,83,,,1004.9,,,,,,,,,999.8,1.0,,26.5,,,,29.7,,,,,,,,,,,,,,230,230,5.2,6.6,,230,,,5.2,
2006-08-17 13:00:00,,,,,2.4,,,,,0.0,0.0,82,,,1004.1,,,,,,,,,999.0,1.0,,26.6,,,,30.0,,,,,,,,,,,,,,240,240,5.8,7.3,,240,,,6.3,
2006-08-17 14:00:00,,0.0,,,2.29,,,,,0.0,0.0,82,,,1003.8,,,,,,,,,998.7,1.0,,26.5,,,,29.9,,,,,,,,,,30.0,,,,220,240,4.3,7.5,,240,,,6.1,
2006-08-17 15:00:00,,,,,1.8,,,,,0.0,0.0,82,,,1003.1,,,,,,,,,998.0,1.0,,26.2,,,,29.6,,,,,,,,,,,,,,230,230,5.6,7.0,,230,,,5.8,
2006-08-17 16:00:00,,,,,1.31,,,,,0.0,0.0,82,,,1003.1,,,,,,,,,998.0,1.0,,25.8,,,,29.1,,,,,,,,,,,,,,240,240,7.3,9.2,,230,,,7.3,
2006-08-17 17:00:00,,0.0,,,0.71,,,,,0.0,0.0,84,,,1002.9,,,,,,,,,997.8,0.3,,25.6,,,,28.6,,,,,,,,,,30.0,,,,240,240,6.9,8.2,,240,,,7.4,
2006-08-17 18:00:00,,,,,0.22,,,,,0.0,0.0,83,,,1002.9,,,,,,,,,997.8,0.0,,25.1,,,,28.3,,,,,,,,,,,,,,220,240,6.5,8.7,,240,,,7.3,
2006-08-17 19:00:00,,,,,0.0,,,,,0.0,0.0,85,,,1003.2,,,,,,,,,998.1,0.0,,25.3,,,,28.1,,,,,,,,,,,,,,240,240,6.9,9.2,,230,,,7.1,
2006-08-17 20:00:00,,,,,0.0,,,,,0.0,0.0,84,,,1004.1,,,,,,,,,999.0,,,25.2,,,,28.1,,,,,,,,,,,,,,230,230,7.2,8.8,,240,,,7.6,
2006-08-17 21:00:00,,,,,0.0,,,,,0.0,0.0,85,,,1004.8,,,,,,,,,999.7,,,25.2,,,,28.0,,,,,,,,,,,,,,240,230,6.0,7.8,,230,,,7.1,
2006-08-17 22:00:00,,,,,0.0,,,,,0.0,0.0,86,,,1005.2,,,,,,,,,1000.1,,,25.4,,,,28.0,,,,,,,,,,,,,,220,230,5.2,7.7,,240,,,6.3,
2006-08-17 23:00:00,,,,,0.0,,,,,0.0,0.0,86,,,1005.3,,,,,,,,,1000.2,,,25.5,,,,28.1,,,,,,,,,,,,,,220,210,5.1,8.0,,210,,,6.0,
2006-08-18 00:00:00,,,,,0.0,,,,,0.0,0.0,86,,,1004.8,,,,,,,,,999.7,,,25.6,,,,28.1,,,,,,,,,,,,,,230,220,7.3,8.8,,230,,,7.3,
2006-08-18 01:00:00,,,,,0.0,,,,,0.0,0.0,86,,,1004.2,,,,,,,,,999.1,,,25.7,,,,28.3,,,,,,,,,,,,,,210,210,7.1,9.6,,230,,,7.5,
2006-08-18 02:00:00,,,,,0.0,,,,,0.0,0.0,87,,,1003.6,,,,,,,,,998.5,,,25.7,,,,28.0,,,,,,,,,,,,,,210,210,7.0,9.1,,210,,,7.2,
2006-08-18 03:00:00,,,,,0.0,,,,,0.0,0.0,87,,,1003.4,,,,,,,,,998.3,,,25.5,,,,27.9,,,,,,,,,,,,,,220,220,7.3,8.6,,220,,,7.3,
2006-08-18 04:00:00,,,,,0.0,,,,,0.0,0.0,86,,,1003.1,,,,,,,,,998.0,,,25.5,,,,28.0,,,,,,,,,,,,,,220,230,5.7,8.0,,220,,,7.3,
2006-08-18 05:00:00,,,,,0.0,,,,,0.0,0.0,87,,,1003.2,,,,,,,,,998.1,,,25.6,,,,28.0,,,,,,,,,,,,,,190,210,4.6,7.2,,220,,,6.1,
2006-08-18 06:00:00,,,,,0.0,,,,,0.0,0.0,87,,,1003.5,,,,,,,,,998.4,0.0,,25.6,,,,27.9,,,,,,,,,,,,,,220,220,7.0,8.8,,210,,,7.1,
2006-08-18 07:00:00,,,,,0.0,,,,,0.0,0.0,88,,,1004.1,,,,,,,,,999.0,0.0,,25.8,,,,28.0,,,,,,,,,,,,,,220,220,6.2,9.1,,220,,,7.6,
2006-08-18 08:00:00,,10.0,,,0.26,,,,,0.0,0.0,86,,,1005.1,,,,,,,,,1000.0,0.0,,25.7,,,,28.3,,,,,,,,,,15.0,,,,240,240,6.2,8.3,,240,,,6.3,
2006-08-18 09:00:00,,10.0,,,0.65,,,,,0.0,0.0,85,,,1005.0,,,,,,,,,999.9,0.2,,25.7,,,,28.4,,,,,,,,,,15.0,,,,240,240,6.5,8.4,,240,,,6.6,
2006-08-18 10:00:00,,,,,1.2,,,,,0.0,0.0,85,,,1005.1,,,,,,,,,1000.0,0.3,,26.1,,,,28.8,,,,,,,,,,,,,,230,250,6.5,9.2,,240,,,7.6,
2006-08-18 11:00:00,,10.0,,,1.87,,,,,0.0,0.0,84,,,1004.7,,,,,,,,,999.6,1.0,,26.2,,,,29.1,,,,,,,,,,15.0,,,,240,240,6.1,8.3,,240,,,7.0,
2006-08-18 12:00:00,,,,,1.15,,,,,0.0,0.0,84,,,1004.4,,,,,,,,,999.3,0.2,,26.7,,,,29.6,,,,,,,,,,,,,,230,230,6.7,8.9,,230,,,7.3,
2006-08-18 13:00:00,,,,,1.28,,,,,0.0,0.0,85,,,1004.0,,,,,,,,,998.9,0.2,,26.0,,,,28.7,,,,,,,,,,,,,,250,250,5.0,9.4,,230,,,7.8,
2006-08-18 14:00:00,,10.0,,,0.6,,,,,0.0,0.0,86,,,1003.2,,,,,,,,,998.1,0.0,,26.2,,,,28.8,,,,,,,,,,15.0,,,,250,250,3.7,6.5,,240,,,5.0,
2006-08-18 15:00:00,,,,,1.08,,,,,0.0,0.0,85,,,1002.8,,,,,,,,,997.7,0.0,,27.0,,,,29.7,,,,,,,,,,,,,,250,240,3.4,5.3,,240,,,4.4,
2006-08-18 16:00:00,,,,,0.91,,,,,0.0,0.0,86,,,1002.8,,,,,,,,,997.7,0.0,,26.5,,,,29.0,,,,,,,,,,,,,,230,260,2.5,5.5,,260,,,3.5,
2006-08-18 17:00:00,,10.0,,,0.24,,,,,0.0,0.0,87,,,1003.2,,,,,,,,,998.1,0.0,,26.4,,,,28.8,,,,,,,,,,15.0,,,,210,220,2.2,3.4,,230,,,2.4,
2006-08-18 18:00:00,,,,,0.0,,,,,0.0,0.0,87,,,1003.7,,,,,,,,,998.6,0.0,,26.1,,,,28.5,,,,,,,,,,,,,,190,210,2.0,3.6,,210,,,2.8,
2006-08-18 19:00:00,,,,,0.0,,,,,0.0,0.0,85,,,1004.1,,,,,,,,,999.0,0.0,,23.3,,,,26.1,,,,,,,,,,,,,,140,120,6.7,11.0,,140,,,7.7,
2006-08-18 20:00:00,,,,,0.0,,,,,0.0,0.0,86,,,1004.5,,,,,,,,,999.4,,,23.9,,,,26.4,,,,,,,,,,,,,,160,150,5.5,8.0,,140,,,6.7,
2006-08-18 21:00:00,,,,,0.0,,,,,0.0,0.0,83,,,1005.1,,,,,,,,,1000.0,,,23.7,,,,26.9,,,,,,,,,,,,,,160,160,5.7,7.8,,160,,,6.3,
2006-08-18 22:00:00,,,,,0.0,,,,,0.0,0.0,82,,,1004.9,,,,,,,,,999.8,,,23.3,,,,26.7,,,,,,,,,,,,,,170,170,5.8,8.2,,170,,,6.2,
2006-08-18 23:00:00,,,,,0.0,,,,,0.0,0.0,81,,,1005.6,,,,,,,,,1000.5,,,23.6,,,,27.1,,,,,,,,,,,,,,120,180,2.9,6.6,,170,,,5.7,
2006-08-19 00:00:00,,,,,0.0,,,,,0.0,0.0,81,,,1004.7,,,,,,,,,999.6,,,23.4,,,,26.9,,,,,,,,,,,,,,120,80,3.3,5.8,,90,,,4.3,
2006-08-19 01:00:00,,,,,0.0,,,,,0.0,0.0,79,,,1004.5,,,,,,,,,999.4,,,23.0,,,,26.9,,,,,,,,,,,,,,160,160,3.9,5.7,,160,,,4.3,
2006-08-19 02:00:00,,,,,0.0,,,,,0.0,0.0,80,,,1004.3,,,,,,,,,999.2,,,23.4,,,,27.1,,,,,,,,,,,,,,160,150,4.4,6.2,,150,,,5.0,
2006-08-19 03:00:00,,,,,0.0,,,,,0.0,0.0,83,,,1003.8,,,,,,,,,998.7,,,23.6,,,,26.8,,,,,,,,,,,,,,140,160,4.0,5.5,,160,,,4.3,
2006-08-19 04:00:00,,,,,0.0,,,,,0.0,0.0,80,,,1003.8,,,,,,,,,998.7,,,23.4,,,,27.2,,,,,,,,,,,,,,150,160,4.8,6.3,,160,,,4.8,
2006-08-19 05:00:00,,,,,0.0,,,,,0.0,0.0,78,,,1004.2,,,,,,,,,999.1,,,23.5,,,,27.6,,,,,,,,,,,,,,160,150,5.7,7.4,,160,,,5.8,
2006-08-19 06:00:00,,,,,0.0,,,,,0.0,0.0,82,,,1004.4,,,,,,,,,999.3,0.0,,23.6,,,,27.0,,,,,,,,,,,,,,140,170,5.5,7.6,,150,,,5.7,
2006-08-19 07:00:00,,,,,0.0,,,,,0.0,0.0,82,,,1005.3,,,,,,,,,1000.2,0.0,,23.2,,,,26.6,,,,,,,,,,,,,,150,140,7.2,9.3,,150,,,7.2,
2006-08-19 08:00:00,,10.0,,,0.33,,,,,0.0,0.0,81,,,1005.6,,,,,,,,,1000.5,0.0,,24.0,,,,27.6,,,,,,,,,,10.0,,,,150,140,7.6,10.1,,150,,,7.8,
2006-08-19 09:00:00,,10.0,,,0.44,,,,,0.0,0.0,84,,,1006.0,,,,,,,,,1000.9,0.0,,24.6,,,,27.6,,,,,,,,,,10.0,,,,180,150,4.6,10.3,,160,,,7.8,
2006-08-19 10:00:00,,,,,1.56,,,,,0.0,0.0,81,,,1005.9,,,,,,,,,1000.8,0.7,,24.8,,,,28.4,,,,,,,,,,,,,,160,170,5.0,7.1,,170,,,5.3,
2006-08-19 11:00:00,,7.0,,,1.89,,,,,0.0,0.0,81,,,1006.0,,,,,,,,,1000.9,1.0,,25.5,,,,29.1,,,,,,,,,,10.0,,,,180,170,4.0,6.3,,160,,,4.9,
2006-08-19 12:00:00,,,,,2.27,,,,,0.0,0.0,79,,,1005.4,,,,,,,,,1000.3,1.0,,25.6,,,,29.7,,,,,,,,,,,,,,170,170,3.3,6.0,,180,,,4.7,
2006-08-19 13:00:00,,,,,1.98,,,,,0.0,0.0,80,,,1004.8,,,,,,,,,999.7,0.7,,25.7,,,,29.5,,,,,,,,,,,,,,130,140,4.1,6.0,,140,,,4.3,
2006-08-19 14:00:00,,8.0,,,1.93,,,,,0.0,0.0,80,,,1004.4,,,,,,,,,999.3,0.9,,25.5,,,,29.4,,,,,,,,,,10.0,,,,160,130,3.5,5.9,,140,,,4.3,
2006-08-19 15:00:00,,,,,1.73,,,,,0.0,0.0,80,,,1003.8,,,,,,,,,998.7,0.9,,25.2,,,,29.1,,,,,,,,,,,,,,150,150,3.1,5.0,,150,,,3.5,
2006-08-19 16:00:00,,,,,1.3,,,,,0.0,0.0,80,,,1003.5,,,,,,,,,998.4,1.0,,24.9,,,,28.8,,,,,,,,,,,,,,190,180,3.0,4.5,,140,,,3.2,
2006-08-19 17:00:00,,10.0,,,0.68,,,,,0.0,0.0,80,,,1003.4,,,,,,,,,998.3,0.7,,24.4,,,,28.1,,,,,,,,,,10.0,,,,200,220,2.3,4.4,,190,,,2.9,
2006-08-19 18:00:00,,,,,0.0,,,,,0.0,0.0,81,,,1003.8,,,,,,,,,998.7,0.0,,23.9,,,,27.5,,,,,,,,,,,,,,170,190,1.8,3.9,,200,,,2.5,
2006-08-19 19:00:00,,,,,0.0,,,,,0.0,0.0,80,,,1004.2,,,,,,,,,999.1,0.0,,23.9,,,,27.6,,,,,,,,,,,,,,190,190,1.9,4.3,,190,,,3.1,
2006-08-19 20:00:00,,,,,0.0,,,,,0.0,0.0,84,,,1004.7,,,,,,,,,999.6,,,23.9,,,,26.9,,,,,,,,,,,,,,130,180,0.5,2.5,,190,,,1.7,
2006-08-19 21:00:00,,,,,0.0,,,,,0.0,0.0,83,,,1005.6,,,,,,,,,1000.5,,,24.1,,,,27.2,,,,,,,,,,,,,,130,120,1.6,2.9,,120,,,1.9,
2006-08-19 22:00:00,,,,,0.0,,,,,0.0,0.0,83,,,1005.9,,,,,,,,,1000.8,,,24.1,,,,27.2,,,,,,,,,,,,,,160,170,2.7,4.3,,170,,,3.4,
2006-08-19 23:00:00,,,,,0.0,,,,,0.0,0.0,84,,,1005.5,,,,,,,,,1000.4,,,24.3,,,,27.2,,,,,,,,,,,,,,130,150,2.3,3.8,,150,,,2.9,
2006-08-20 00:00:00,,,,,0.0,,,,,0.0,0.0,85,,,1005.0,,,,,,,,,999.9,,,24.7,,,,27.4,,,,,,,,,,,,,,150,160,3.5,4.8,,150,,,3.5,
2006-08-20 01:00:00,,,,,0.0,,,,,0.0,0.0,84,,,1004.5,,,,,,,,,999.4,,,24.4,,,,27.3,,,,,,,,,,,,,,180,170,4.0,7.3,,160,,,5.3,
2006-08-20 02:00:00,,,,,0.0,,,,,0.0,0.0,82,,,1004.4,,,,,,,,,999.3,,,23.7,,,,27.1,,,,,,,,,,,,,,160,170,4.0,5.8,,160,,,4.5,
2006-08-20 03:00:00,,,,,0.0,,,,,0.0,0.0,82,,,1003.8,,,,,,,,,998.7,,,23.8,,,,27.1,,,,,,,,,,,,,,180,160,3.7,5.8,,160,,,4.7,
2006-08-20 04:00:00,,,,,0.0,,,,,0.0,0.0,83,,,1003.7,,,,,,,,,998.6,,,23.9,,,,27.1,,,,,,,,,,,,,,170,160,3.4,5.6,,170,,,4.3,
2006-08-20 05:00:00,,,,,0.0,,,,,0.0,0.0,84,,,1003.8,,,,,,,,,998.7,,,24.2,,,,27.2,,,,,,,,,,,,,,180,170,3.5,5.2,,170,,,3.8,
2006-08-20 06:00:00,,,,,0.0,,,,,0.0,0.0,83,,,1004.1,,,,,,,,,999.0,0.0,,23.8,,,,27.0,,,,,,,,,,,,,,180,200,0.6,4.5,,190,,,3.7,
2006-08-20 07:00:00,,,,,0.0,,,,,0.0,0.0,79,,,1004.4,,,,,,,,,999.3,0.0,,23.6,,,,27.5,,,,,,,,,,,,,,130,150,2.0,3.8,,140,,,2.9,
2006-08-20 08:00:00,,8.0,,,0.48,,,,,0.0,0.0,79,,,1004.6,,,,,,,,,999.5,0.3,,24.5,,,,28.6,,,,,,,,,,20.0,,,,120,100,2.2,3.3,,110,,,2.3,
2006-08-20 09:00:00,,10.0,,,0.89,,,,,0.0,0.0,82,,,1005.1,,,,,,,,,1000.0,0.1,,25.6,,,,29.0,,,,,,,,,,20.0,,,,80,100,0.3,3.5,,100,,,2.5,
2006-08-20 10:00:00,,,,,1.05,,,,,0.0,0.0,82,,,1004.7,,,,,,,,,999.6,0.2,,25.0,,,,28.3,,,,,,,,,,,,,,10,10,2.2,3.3,,10,,,2.2,
2006-08-20 11:00:00,,10.0,,,1.42,,,,,0.0,0.0,82,,,1004.2,,,,,,,,,999.1,0.7,,25.7,,,,29.1,,,,,,,,,,20.0,,,,40,50,1.8,3.8,,10,,,2.5,
2006-08-20 12:00:00,,,,,1.82,,,,,0.0,0.0,78,,,1004.0,,,,,,,,,998.9,1.0,,25.8,,,,30.0,,,,,,,,,,,,,,330,40,0.9,3.9,,50,,,1.9,
2006-08-20 13:00:00,,,,,1.72,,,,,0.0,0.0,76,,,1003.5,,,,,,,,,998.4,0.3,,25.3,,,,30.1,,,,,,,,,,,,,,320,10,0.4,3.0,,10,,,1.3,
2006-08-20 14:00:00,,10.0,,,1.59,,,,,0.0,0.0,73,,,1003.0,,,,,,,,,997.9,0.3,,25.4,,,,30.8,,,,,,,,,,20.0,,,,270,260,1.6,2.7,,260,,,1.8,
2006-08-20 15:00:00,,,,,1.29,,,,,0.0,0.0,76,,,1002.9,,,,,,,,,997.8,0.2,,25.1,,,,29.7,,,,,,,,,,,,,,280,280,2.4,3.3,,270,,,2.5,
2006-08-20 16:00:00,,,,,1.05,,,,,0.0,0.0,73,,,1002.9,,,,,,,,,997.8,0.3,,24.7,,,,30.1,,,,,,,,,,,,,,270,260,3.3,3.9,,270,,,3.3,
2006-08-20 17:00:00,,10.0,,,0.69,,,,,0.0,0.0,80,,,1002.9,,,,,,,,,997.8,0.0,,24.9,,,,28.8,,,,,,,,,,20.0,,,,270,280,4.5,5.5,,270,,,4.5,
2006-08-20 18:00:00,,,,,0.19,,,,,0.0,0.0,82,,,1003.4,,,,,,,,,998.3,0.0,,24.6,,,,27.9,,,,,,,,,,,,,,280,280,3.2,4.8,,270,,,4.5,
2006-08-20 19:00:00,,,,,0.0,,,,,0.0,0.0,83,,,1004.0,,,,,,,,,998.9,0.0,,24.6,,,,27.7,,,,,,,,,,,,,,280,280,2.9,3.5,,280,,,3.1,
2006-08-20 20:00:00,,,,,0.0,,,,,0.0,0.0,83,,,1004.7,,,,,,,,,999.6,,,24.5,,,,27.7,,,,,,,,,,,,,,260,280,2.0,3.8,,270,,,3.0,
2006-08-20 21:00:00,,,,,0.0,,,,,0.0,0.0,80,,,1005.5,,,,,,,,,1000.4,,,24.0,,,,27.8,,,,,,,,,,,,,,250,260,3.2,5.0,,260,,,3.5,
2006-08-20 22:00:00,,,,,0.0,,,,,0.0,0.0,82,,,1006.0,,,,,,,,,1000.9,,,24.1,,,,27.4,,,,,,,,,,,,,,290,240,3.3,4.8,,260,,,3.5,
2006-08-20 23:00:00,,,,,0.0,,,,,0.0,0.0,79,,,1005.9,,,,,,,,,1000.8,,,23.4,,,,27.3,,,,,,,,,,,,,,300,300,4.8,5.8,,300,,,4.8,
2006-08-21 00:00:00,,,,,0.0,,,,,0.0,0.0,82,,,1005.5,,,,,,,,,1000.4,,,23.5,,,,26.9,,,,,,,,,,,,,,310,310,4.6,6.3,,300,,,4.8,
2006-08-21 01:00:00,,,,,0.0,,,,,0.0,0.0,87,,,1005.2,,,,,,,,,1000.1,,,24.3,,,,26.7,,,,,,,,,,,,,,320,310,4.8,6.5,,310,,,5.1,
2006-08-21 02:00:00,,,,,0.0,,,,,0.0,0.0,85,,,1004.8,,,,,,,,,999.7,,,24.0,,,,26.7,,,,,,,,,,,,,,310,320,4.4,6.4,,320,,,5.1,
2006-08-21 03:00:00,,,,,0.0,,,,,0.0,0.0,86,,,1004.4,,,,,,,,,999.3,,,23.9,,,,26.5,,,,,,,,,,,,,,330,330,5.3,6.7,,320,,,5.3,
2006-08-21 04:00:00,,,,,0.0,,,,,0.0,0.0,84,,,1004.3,,,,,,,,,999.2,,,23.7,,,,26.6,,,,,,,,,,,,,,330,340,4.4,8.2,,330,,,5.6,
2006-08-21 05:00:00,,,,,0.0,,,,,0.0,0.0,84,,,1004.2,,,,,,,,,999.1,,,24.0,,,,26.9,,,,,,,,,,,,,,340,340,3.8,7.2,,330,,,5.0,
2006-08-21 06:00:00,,,,,0.0,,,,,0.0,0.0,82,,,1004.1,,,,,,,,,999.0,0.0,,23.6,,,,27.0,,,,,,,,,,,,,,360,360,7.1,9.5,,360,,,7.3,
2006-08-21 07:00:00,,,,,0.0,,,,,0.0,0.0,82,,,1004.5,,,,,,,,,999.4,0.0,,23.9,,,,27.2,,,,,,,,,,,,,,350,360,6.3,10.0,,360,,,7.6,
2006-08-21 08:00:00,,8.0,,,0.63,,,,,0.0,0.0,79,,,1004.7,,,,,,,,,999.6,0.6,,24.1,,,,28.0,,,,,,,,,,15.0,,,,360,350,5.9,8.6,,350,,,6.3,
2006-08-21 09:00:00,,7.0,,,1.13,,,,,0.0,0.0,76,,,1004.5,,,,,,,,,999.4,0.9,,24.1,,,,28.7,,,,,,,,,,15.0,,,,360,360,6.7,10.4,,360,,,7.1,
2006-08-21 10:00:00,,,,,1.63,,,,,0.0,0.0,78,,,1004.7,,,,,,,,,999.6,1.0,,24.9,,,,29.1,,,,,,,,,,,,,,350,350,6.2,9.4,,360,,,6.6,
2006-08-21 11:00:00,,8.0,,,2.0,,,,,0.0,0.0,76,,,1004.4,,,,,,,,,999.3,1.0,,24.9,,,,29.5,,,,,,,,,,15.0,,,,10,10,6.7,9.7,,10,,,7.3,
2006-08-21 12:00:00,,,,,2.3,,,,,0.0,0.0,74,,,1004.1,,,,,,,,,999.0,1.0,,24.5,,,,29.6,,,,,,,,,,,,,,20,20,7.4,10.6,,20,,,7.6,
2006-08-21 13:00:00,,,,,2.36,,,,,0.0,0.0,72,,,1003.7,,,,,,,,,998.6,1.0,,24.5,,,,30.0,,,,,,,,,,,,,,20,20,7.7,11.4,,20,,,8.2,
2006-08-21 14:00:00,,7.0,,,2.11,,,,,0.0,0.0,72,,,1003.2,,,,,,,,,998.1,1.0,,24.0,,,,29.7,,,,,,,,,,15.0,,,,20,30,8.1,11.4,,20,,,9.0,
2006-08-21 15:00:00,,,,,1.8,,,,,0.0,0.0,73,,,1003.0,,,,,,,,,997.9,1.0,,24.2,,,,29.5,,,,,,,,,,,,,,20,30,7.9,12.0,,20,,,9.4,
2006-08-21 16:00:00,,,,,1.28,,,,,0.0,0.0,75,,,1002.9,,,,,,,,,997.8,1.0,,24.0,,,,28.9,,,,,,,,,,,,,,20,20,7.6,10.9,,20,,,8.0,
2006-08-21 17:00:00,,3.0,,,0.7,,,,,0.0,0.0,73,,,1003.2,,,,,,,,,998.1,1.0,,23.2,,,,28.5,,,,,,,,,,15.0,,,,20,10,7.2,11.6,,20,,,8.6,
2006-08-21 18:00:00,,,,,0.25,,,,,0.0,0.0,76,,,1003.2,,,,,,,,,998.1,0.5,,23.3,,,,27.9,,,,,,,,,,,,,,20,20,7.0,11.3,,20,,,7.8,
2006-08-21 19:00:00,,,,,0.0,,,,,0.0,0.0,76,,,1003.7,,,,,,,,,998.6,0.0,,22.9,,,,27.6,,,,,,,,,,,,,,20,10,6.5,9.9,,20,,,7.5,
2006-08-21 20:00:00,,,,,0.0,,,,,0.0,0.0,76,,,1004.4,,,,,,,,,999.3,,,22.8,,,,27.5,,,,,,,,,,,,,,20,20,7.1,9.6,,20,,,7.2,
2006-08-21 21:00:00,,,,,0.0,,,,,0.0,0.0,77,,,1005.3,,,,,,,,,1000.2,,,23.1,,,,27.4,,,,,,,,,,,,,,20,20,7.0,9.8,,20,,,7.5,
2006-08-21 22:00:00,,,,,0.0,,,,,0.0,0.0,79,,,1005.7,,,,,,,,,1000.6,,,23.5,,,,27.4,,,,,,,,,,,,,,20,30,6.0,9.4,,20,,,6.8,
2006-08-21 23:00:00,,,,,0.0,,,,,0.0,0.0,79,,,1005.6,,,,,,,,,1000.5,,,23.6,,,,27.5,,,,,,,,,,,,,,20,30,4.6,7.7,,20,,,6.4,
2006-08-22 00:00:00,,,,,0.0,,,,,0.0,0.0,82,,,1005.1,,,,,,,,,1000.0,,,23.8,,,,27.2,,,,,,,,,,,,,,10,30,4.3,6.1,,20,,,4.5,
2006-08-22 01:00:00,,,,,0.0,,,,,0.0,0.0,82,,,1004.5,,,,,,,,,999.4,,,23.8,,,,27.1,,,,,,,,,,,,,,360,10,5.0,6.4,,360,,,5.1,
2006-08-22 02:00:00,,,,,0.0,,,,,0.0,0.0,83,,,1004.0,,,,,,,,,998.9,,,23.9,,,,27.1,,,,,,,,,,,,,,360,360,4.9,7.7,,360,,,5.8,
2006-08-22 03:00:00,,,,,0.0,,,,,0.0,0.0,84,,,1003.2,,,,,,,,,998.1,,,24.1,,,,27.0,,,,,,,,,,,,,,360,360,5.3,7.7,,360,,,5.5,
2006-08-22 04:00:00,,,,,0.0,,,,,0.0,0.0,84,,,1003.2,,,,,,,,,998.1,,,24.1,,,,27.0,,,,,,,,,,,,,,360,360,5.6,7.8,,360,,,5.7,
2006-08-22 05:00:00,,,,,0.0,,,,,0.0,0.0,86,,,1003.5,,,,,,,,,998.4,,,24.4,,,,27.0,,,,,,,,,,,,,,350,360,5.1,7.8,,360,,,5.5,
2006-08-22 06:00:00,,,,,0.0,,,,,0.0,0.0,85,,,1003.5,,,,,,,,,998.4,0.0,,24.4,,,,27.1,,,,,,,,,,,,,,350,350,4.8,7.5,,350,,,5.3,
2006-08-22 07:00:00,,,,,0.01,,,,,0.0,0.0,85,,,1003.8,,,,,,,,,998.7,0.0,,24.7,,,,27.4,,,,,,,,,,,,,,340,330,4.5,7.7,,330,,,5.4,
2006-08-22 08:00:00,,7.0,,,0.57,,,,,0.0,0.0,83,,,1004.6,,,,,,,,,999.5,0.5,,24.9,,,,28.1,,,,,,,,,,20.0,,,,350,350,5.8,8.7,,350,,,6.1,
2006-08-22 09:00:00,,7.0,,,1.05,,,,,0.0,0.0,82,,,1004.9,,,,,,,,,999.8,0.8,,25.9,,,,29.3,,,,,,,,,,20.0,,,,330,360,5.6,8.9,,350,,,5.7,
2006-08-22 10:00:00,,,,,1.62,,,,,0.0,0.0,82,,,1004.8,,,,,,,,,999.7,1.0,,26.2,,,,29.6,,,,,,,,,,,,,,330,320,5.0,8.0,,330,,,6.3,
2006-08-22 11:00:00,,8.0,,,1.87,,,,,0.0,0.0,80,,,1004.6,,,,,,,,,999.5,0.9,,26.5,,,,30.3,,,,,,,,,,20.0,,,,320,320,5.0,6.8,,320,,,5.3,
2006-08-22 12:00:00,,,,,2.23,,,,,0.0,0.0,79,,,1004.3,,,,,,,,,999.2,0.9,,26.4,,,,30.4,,,,,,,,,,,,,,320,320,6.8,9.3,,320,,,7.1,
2006-08-22 13:00:00,,,,,2.12,,,,,0.0,0.0,77,,,1004.0,,,,,,,,,998.9,0.8,,25.3,,,,29.7,,,,,,,,,,,,,,360,320,5.5,8.9,,330,,,6.8,
2006-08-22 14:00:00,,8.0,,,2.16,,,,,0.0,0.0,80,,,1003.2,,,,,,,,,998.1,0.9,,25.9,,,,29.7,,,,,,,,,,20.0,,,,330,310,6.2,8.4,,330,,,6.3,
2006-08-22 15:00:00,,,,,1.62,,,,,0.0,0.0,80,,,1002.8,,,,,,,,,997.7,0.8,,25.6,,,,29.5,,,,,,,,,,,,,,330,330,4.7,8.7,,330,,,6.1,
2006-08-22 16:00:00,,,,,1.22,,,,,0.0,0.0,81,,,1002.9,,,,,,,,,997.8,0.7,,25.1,,,,28.6,,,,,,,,,,,,,,350,350,4.8,7.6,,350,,,5.4,
2006-08-22 17:00:00,,8.0,,,0.6,,,,,0.0,0.0,80,,,1002.8,,,,,,,,,997.7,0.1,,24.7,,,,28.4,,,,,,,,,,20.0,,,,10,10,6.1,8.2,,10,,,6.4,
2006-08-22 18:00:00,,,,,0.26,,,,,0.0,0.0,82,,,1003.0,,,,,,,,,997.9,0.0,,24.8,,,,28.1,,,,,,,,,,,,,,10,10,4.8,8.1,,10,,,6.0,
2006-08-22 19:00:00,,,,,0.0,,,,,0.0,0.0,83,,,1003.4,,,,,,,,,998.3,0.0,,24.5,,,,27.7,,,,,,,,,,,,,,360,360,4.4,7.2,,10,,,5.5,
2006-08-22 20:00:00,,,,,0.0,,,,,0.0,0.0,84,,,1003.8,,,,,,,,,998.7,,,24.7,,,,27.6,,,,,,,,,,,,,,350,350,3.0,6.2,,360,,,4.7,
2006-08-22 21:00:00,,,,,0.0,,,,,0.0,0.0,85,,,1004.4,,,,,,,,,999.3,,,24.9,,,,27.6,,,,,,,,,,,,,,0,350,0.2,4.1,,350,,,3.0,
2006-08-22 22:00:00,,,,,0.0,,,,,0.0,0.0,85,,,1004.9,,,,,,,,,999.8,,,24.7,,,,27.4,,,,,,,,,,,,,,310,260,0.4,2.3,,270,,,1.4,
2006-08-22 23:00:00,,,,,0.0,,,,,0.0,0.0,84,,,1004.8,,,,,,,,,999.7,,,24.4,,,,27.4,,,,,,,,,,,,,,0,350,0.0,2.6,,350,,,1.2,
2006-08-23 00:00:00,,,,,0.0,,,,,0.0,0.0,86,,,1004.8,,,,,,,,,999.7,,,25.1,,,,27.6,,,,,,,,,,,,,,190,200,1.6,3.1,,190,,,1.6,
2006-08-23 01:00:00,,,,,0.0,,,,,0.0,0.0,87,,,1004.3,,,,,,,,,999.2,,,25.0,,,,27.3,,,,,,,,,,,,,,210,210,3.6,4.6,,210,,,3.6,
2006-08-23 02:00:00,,,,,0.0,,,,,0.0,0.0,89,,,1004.2,,,,,,,,,999.1,,,25.0,,,,27.0,,,,,,,,,,,,,,210,210,4.2,5.6,,210,,,4.4,
2006-08-23 03:00:00,,,,,0.0,,,,,0.0,0.0,89,,,1003.7,,,,,,,,,998.6,,,24.8,,,,26.8,,,,,,,,,,,,,,200,200,3.5,5.9,,200,,,4.4,
2006-08-23 04:00:00,,,,,0.0,,,,,0.0,0.0,86,,,1003.9,,,,,,,,,998.8,,,24.6,,,,27.1,,,,,,,,,,,,,,190,180,5.5,7.7,,190,,,6.2,
2006-08-23 05:00:00,,,,,0.0,,,,,0.0,0.0,87,,,1004.1,,,,,,,,,999.0,,,24.7,,,,27.0,,,,,,,,,,,,,,210,210,5.1,7.1,,210,,,6.3,
2006-08-23 06:00:00,,,,,0.0,,,,,0.0,0.0,88,,,1005.1,,,,,,,,,1000.0,0.0,,24.9,,,,27.1,,,,,,,,,,,,,,220,220,5.3,6.8,,220,,,5.8,
2006-08-23 07:00:00,,,,,0.0,,,,,0.0,0.0,83,,,1005.5,,,,,,,,,1000.4,0.0,,24.5,,,,27.6,,,,,,,,,,,,,,200,200,5.7,7.8,,210,,,5.9,
2006-08-23 08:00:00,,10.0,,,0.42,,,,,0.0,0.0,80,,,1005.9,,,,,,,,,1000.8,0.1,,24.2,,,,27.9,,,,,,,,,,10.0,,,,210,210,6.0,9.1,,210,,,7.0,
2006-08-23 09:00:00,,9.0,,,0.93,,,,,0.0,0.0,83,,,1006.1,,,,,,,,,1001.0,0.2,,25.1,,,,28.2,,,,,,,,,,10.0,,,,210,200,5.5,7.6,,210,,,6.1,
2006-08-23 10:00:00,,,,,1.1,,,,,0.0,0.0,80,,,1006.4,,,,,,,,,1001.3,0.0,,24.7,,,,28.4,,,,,,,,,,,,,,220,220,6.1,7.5,,220,,,6.2,
2006-08-23 11:00:00,,10.0,,,1.24,,,,,0.0,0.0,80,,,1006.7,,,,,,,,,1001.6,0.1,,24.6,,,,28.3,,,,,,,,,,10.0,,,,220,220,5.7,7.5,,220,,,6.0,
2006-08-23 12:00:00,,,,,0.99,,,,,0.0,0.0,80,,,1006.2,,,,,,,,,1001.1,0.0,,24.0,,,,27.8,,,,,,,,,,,,,,230,240,5.8,8.1,,230,,,6.5,
2006-08-23 13:00:00,,,,,1.53,,,,,0.0,0.0,79,,,1005.7,,,,,,,,,1000.6,0.2,,24.7,,,,28.6,,,,,,,,,,,,,,230,240,3.7,6.0,,230,,,5.7,
2006-08-23 14:00:00,,10.0,,,0.91,,,,,0.0,0.0,82,,,1005.5,,,,,,,,,1000.4,0.0,,24.6,,,,27.9,,,,,,,,,,10.0,,,,200,230,1.6,4.8,,240,,,3.9,
2006-08-23 15:00:00,,,,,0.56,,,,,0.0,0.0,81,,,1005.5,,,,,,,,,1000.4,0.0,,24.2,,,,27.7,,,,,,,,,,,,,,210,220,2.5,3.9,,210,,,3.0,
2006-08-23 16:00:00,,,,,0.0,,,,,0.0,0.0,83,,,1005.2,,,,,,,,,1000.1,0.0,,24.0,,,,27.2,,,,,,,,,,,,,,190,200,3.5,5.0,,190,,,3.6,
2006-08-23 17:00:00,,10.0,,,0.0,,,,,0.5,0.2,82,,,1005.3,,,,,,,,,1000.2,0.1,,23.9,,,,27.2,,,,,,,,,,10.0,,,,190,170,2.2,4.8,,190,,,3.9,
2006-08-23 18:00:00,,,,,0.0,,,,,0.0,0.0,82,,,1005.8,,,,,,,,,1000.7,0.0,,24.2,,,,27.5,,,,,,,,,,,,,,190,180,3.2,4.6,,190,,,3.3,
2006-08-23 19:00:00,,,,,0.0,,,,,0.0,0.0,80,,,1006.3,,,,,,,,,1001.2,0.0,,23.7,,,,27.5,,,,,,,,,,,,,,190,190,4.2,5.7,,190,,,4.6,
2006-08-23 20:00:00,,,,,0.0,,,,,0.0,0.0,80,,,1006.8,,,,,,,,,1001.7,,,23.2,,,,27.0,,,,,,,,,,,,,,180,190,2.8,5.0,,190,,,4.3,
2006-08-23 21:00:00,,,,,0.0,,,,,0.0,0.0,80,,,1007.5,,,,,,,,,1002.4,,,23.7,,,,27.4,,,,,,,,,,,,,,190,180,2.6,3.5,,180,,,2.8,
2006-08-23 22:00:00,,,,,0.0,,,,,0.0,0.0,84,,,1008.1,,,,,,,,,1003.0,,,24.3,,,,27.2,,,,,,,,,,,,,,140,200,1.7,3.2,,190,,,2.5,
2006-08-23 23:00:00,,,,,0.0,,,,,0.0,0.0,85,,,1007.9,,,,,,,,,1002.8,,,24.5,,,,27.3,,,,,,,,,,,,,,140,170,1.4,2.9,,160,,,2.4,
2006-08-24 00:00:00,,,,,0.0,,,,,0.0,0.0,85,,,1007.3,,,,,,,,,1002.2,,,24.6,,,,27.3,,,,,,,,,,,,,,160,160,3.4,4.1,,160,,,3.4,
2006-08-24 01:00:00,,,,,0.0,,,,,0.0,0.0,83,,,1007.0,,,,,,,,,1001.9,,,24.2,,,,27.4,,,,,,,,,,,,,,170,170,3.0,4.5,,170,,,3.7,
2006-08-24 02:00:00,,,,,0.0,,,,,0.0,0.0,83,,,1006.8,,,,,,,,,1001.7,,,24.2,,,,27.3,,,,,,,,,,,,,,170,170,3.3,5.2,,170,,,4.1,
2006-08-24 03:00:00,,,,,0.0,,,,,0.0,0.0,83,,,1006.7,,,,,,,,,1001.6,,,24.2,,,,27.3,,,,,,,,,,,,,,180,180,3.4,4.7,,170,,,3.5,
2006-08-24 04:00:00,,,,,0.0,,,,,0.0,0.0,85,,,1006.5,,,,,,,,,1001.4,,,24.3,,,,27.1,,,,,,,,,,,,,,200,190,3.4,5.3,,190,,,3.8,
2006-08-24 05:00:00,,,,,0.0,,,,,0.0,0.0,83,,,1006.7,,,,,,,,,1001.6,,,24.1,,,,27.3,,,,,,,,,,,,,,190,180,2.7,4.5,,200,,,3.5,
2006-08-24 06:00:00,,,,,0.0,,,,,0.0,0.0,81,,,1007.2,,,,,,,,,1002.1,0.0,,24.1,,,,27.6,,,,,,,,,,,,,,160,190,3.1,4.0,,170,,,3.3,
2006-08-24 07:00:00,,,,,0.0,,,,,0.0,0.0,83,,,1007.8,,,,,,,,,1002.7,0.0,,24.9,,,,28.1,,,,,,,,,,,,,,170,170,3.7,5.1,,170,,,3.7,
2006-08-24 08:00:00,,10.0,,,0.15,,,,,0.0,0.0,81,,,1008.4,,,,,,,,,1003.3,0.0,,25.1,,,,28.6,,,,,,,,,,10.0,,,,190,190,3.3,5.8,,170,,,4.0,
2006-08-24 09:00:00,,10.0,,,0.62,,,,,0.0,0.0,83,,,1009.0,,,,,,,,,1003.9,0.0,,25.5,,,,28.7,,,,,,,,,,10.0,,,,200,190,4.0,7.0,,190,,,5.9,
2006-08-24 10:00:00,,,,,0.47,,,,,0.0,0.0,82,,,1009.3,,,,,,,,,1004.1,0.0,,23.3,,,,26.6,,,,,,,,,,,,,,290,260,6.0,10.2,,270,,,8.2,
2006-08-24 11:00:00,,10.0,,,0.72,,,,,0.0,0.0,82,,,1009.3,,,,,,,,,1004.1,0.0,,23.9,,,,27.3,,,,,,,,,,25.0,,,,310,300,5.0,7.9,,290,,,5.9,
2006-08-24 12:00:00,,,,,1.21,,,,,0.0,0.0,82,,,1009.0,,,,,,,,,1003.8,0.0,,24.0,,,,27.4,,,,,,,,,,,,,,360,330,3.4,6.2,,310,,,4.9,
2006-08-24 13:00:00,,,,,1.53,,,,,0.0,0.0,78,,,1008.6,,,,,,,,,1003.5,0.4,,24.2,,,,28.4,,,,,,,,,,,,,,360,360,2.5,4.4,,360,,,3.5,
2006-08-24 14:00:00,,4.0,,,2.01,,,,,0.0,0.0,81,,,1008.1,,,,,,,,,1003.0,1.0,,25.0,,,,28.6,,,,,,,,,,30.0,,,,350,10,3.1,4.2,,350,,,3.1,
2006-08-24 15:00:00,,,,,1.99,,,,,0.0,0.0,79,,,1007.6,,,,,,,,,1002.5,1.0,,24.1,,,,28.1,,,,,,,,,,,,,,10,10,2.8,4.2,,350,,,3.3,
2006-08-24 16:00:00,,,,,0.94,,,,,0.0,0.0,78,,,1007.8,,,,,,,,,1002.7,0.5,,24.0,,,,28.3,,,,,,,,,,,,,,10,10,2.2,3.7,,10,,,3.0,
2006-08-24 17:00:00,,10.0,,,0.3,,,,,0.0,0.0,84,,,1008.7,,,,,,,,,1003.5,0.0,,23.8,,,,26.8,,,,,,,,,,20.0,,,,260,220,2.2,5.3,,240,,,2.9,
2006-08-24 18:00:00,,,,,0.0,,,,,0.0,0.0,82,,,1008.4,,,,,,,,,1003.2,0.0,,23.4,,,,26.7,,,,,,,,,,,,,,320,220,1.1,3.0,,260,,,2.2,
2006-08-24 19:00:00,,,,,0.0,,,,,0.0,0.0,83,,,1008.6,,,,,,,,,1003.4,0.0,,23.3,,,,26.5,,,,,,,,,,,,,,80,80,3.1,4.1,,80,,,3.2,
2006-08-24 20:00:00,,,,,0.0,,,,,0.0,0.0,79,,,1009.4,,,,,,,,,1004.2,,,23.2,,,,27.1,,,,,,,,,,,,,,150,150,3.1,4.1,,140,,,3.1,
2006-08-24 21:00:00,,,,,0.0,,,,,0.0,0.0,81,,,1009.7,,,,,,,,,1004.5,,,23.6,,,,27.2,,,,,,,,,,,,,,130,140,2.8,4.3,,140,,,3.4,
2006-08-24 22:00:00,,,,,0.0,,,,,0.0,0.0,82,,,1010.0,,,,,,,,,1004.8,,,23.9,,,,27.2,,,,,,,,,,,,,,160,130,1.4,4.0,,130,,,3.0,
2006-08-24 23:00:00,,,,,0.0,,,,,0.0,0.0,83,,,1010.2,,,,,,,,,1005.0,,,24.3,,,,27.4,,,,,,,,,,,,,,190,190,1.5,2.9,,170,,,2.2,
2006-08-25 00:00:00,,,,,0.0,,,,,0.0,0.0,86,,,1010.2,,,,,,,,,1005.0,,,24.5,,,,27.1,,,,,,,,,,,,,,0,220,0.0,2.9,,210,,,2.4,
2006-08-25 01:00:00,,,,,0.0,,,,,0.0,0.0,84,,,1010.0,,,,,,,,,1004.8,,,24.0,,,,26.9,,,,,,,,,,,,,,0,0,0.0,0.0,,0,,,0.0,
2006-08-25 02:00:00,,,,,0.0,,,,,0.0,0.0,85,,,1009.8,,,,,,,,,1004.6,,,23.9,,,,26.7,,,,,,,,,,,,,,120,130,0.9,2.3,,130,,,1.1,
2006-08-25 03:00:00,,,,,0.0,,,,,0.0,0.0,84,,,1009.5,,,,,,,,,1004.3,,,24.0,,,,27.0,,,,,,,,,,,,,,130,130,1.4,2.4,,130,,,1.6,
2006-08-25 04:00:00,,,,,0.0,,,,,0.0,0.0,87,,,1009.2,,,,,,,,,1004.0,,,24.3,,,,26.6,,,,,,,,,,,,,,0,150,0.0,2.3,,140,,,1.3,
2006-08-25 05:00:00,,,,,0.0,,,,,0.0,0.0,88,,,1009.5,,,,,,,,,1004.3,,,24.5,,,,26.7,,,,,,,,,,,,,,100,110,3.0,3.8,,100,,,3.0,
2006-08-25 06:00:00,,,,,0.0,,,,,0.0,0.0,85,,,1009.4,,,,,,,,,1004.2,0.0,,24.8,,,,27.5,,,,,,,,,,,,,,110,100,3.6,5.2,,110,,,3.8,
2006-08-25 07:00:00,,,,,0.16,,,,,0.0,0.0,86,,,1009.6,,,,,,,,,1004.5,0.6,,25.4,,,,28.0,,,,,,,,,,,,,,130,130,4.0,7.0,,130,,,4.9,
2006-08-25 08:00:00,,4.0,,,0.78,,,,,0.0,0.0,81,,,1010.2,,,,,,,,,1005.1,1.0,,25.4,,,,29.1,,,,,,,,,,30.0,,,,160,160,5.8,8.5,,160,,,6.3,
2006-08-25 09:00:00,,3.0,,,1.15,,,,,0.0,0.0,80,,,1010.6,,,,,,,,,1005.5,0.8,,25.8,,,,29.6,,,,,,,,,,30.0,,,,160,170,4.8,6.8,,160,,,5.8,
2006-08-25 10:00:00,,,,,1.68,,,,,0.0,0.0,81,,,1010.9,,,,,,,,,1005.8,1.0,,26.2,,,,29.9,,,,,,,,,,,,,,200,160,3.8,6.3,,160,,,4.8,
2006-08-25 11:00:00,,3.0,,,2.25,,,,,0.0,0.0,77,,,1010.9,,,,,,,,,1005.8,1.0,,26.0,,,,30.4,,,,,,,,,,30.0,,,,200,180,3.4,5.3,,190,,,3.9,
2006-08-25 12:00:00,,,,,2.4,,,,,0.0,0.0,75,,,1010.3,,,,,,,,,1005.2,1.0,,25.9,,,,30.8,,,,,,,,,,,,,,200,170,3.8,5.8,,200,,,4.1,
2006-08-25 13:00:00,,,,,2.39,,,,,0.0,0.0,77,,,1010.0,,,,,,,,,1004.9,1.0,,26.6,,,,31.2,,,,,,,,,,,,,,260,200,2.6,5.0,,200,,,3.9,
2006-08-25 14:00:00,,2.0,,,2.4,,,,,0.0,0.0,76,,,1009.2,,,,,,,,,1004.1,1.0,,26.3,,,,31.0,,,,,,,,,,30.0,,,,270,240,1.9,3.1,,260,,,2.5,
2006-08-25 15:00:00,,,,,1.81,,,,,0.0,0.0,79,,,1008.6,,,,,,,,,1003.5,1.0,,25.6,,,,29.6,,,,,,,,,,,,,,240,280,0.9,3.9,,280,,,3.1,
2006-08-25 16:00:00,,,,,1.47,,,,,0.0,0.0,79,,,1008.3,,,,,,,,,1003.2,1.0,,25.4,,,,29.5,,,,,,,,,,,,,,210,210,2.8,3.8,,210,,,2.8,
2006-08-25 17:00:00,,4.0,,,1.07,,,,,0.0,0.0,79,,,1008.3,,,,,,,,,1003.2,1.0,,25.3,,,,29.3,,,,,,,,,,30.0,,,,230,200,2.3,4.2,,210,,,3.0,
2006-08-25 18:00:00,,,,,0.39,,,,,0.0,0.0,80,,,1008.7,,,,,,,,,1003.6,0.5,,24.9,,,,28.8,,,,,,,,,,,,,,0,250,0.0,3.4,,230,,,2.3,
2006-08-25 19:00:00,,,,,0.0,,,,,0.0,0.0,84,,,1008.9,,,,,,,,,1003.8,0.0,,24.7,,,,27.6,,,,,,,,,,,,,,0,30,0.2,2.5,,10,,,1.5,
2006-08-25 20:00:00,,,,,0.0,,,,,0.0,0.0,85,,,1009.9,,,,,,,,,1004.7,,,24.6,,,,27.4,,,,,,,,,,,,,,0,30,0.2,2.5,,10,,,1.7,
2006-08-25 21:00:00,,,,,0.0,,,,,0.0,0.0,83,,,1010.4,,,,,,,,,1005.2,,,24.5,,,,27.7,,,,,,,,,,,,,,0,40,0.0,2.3,,40,,,1.4,
2006-08-25 22:00:00,,,,,0.0,,,,,0.0,0.0,86,,,1011.2,,,,,,,,,1006.0,,,24.9,,,,27.4,,,,,,,,,,,,,,30,30,2.3,3.0,,30,,,2.4,
2006-08-25 23:00:00,,,,,0.0,,,,,2.5,0.3,87,,,1010.8,,,,,,,,,1005.6,,,24.1,,,,26.4,,,,,,,,,,,,,,160,170,1.4,6.3,,170,,,3.8,
2006-08-26 00:00:00,,,,,0.0,,,,,0.0,0.0,83,,,1010.4,,,,,,,,,1005.2,,,23.6,,,,26.8,,,,,,,,,,,,,,90,180,0.9,3.4,,80,,,1.9,
2006-08-26 01:00:00,,,,,0.0,,,,,0.0,0.0,83,,,1010.0,,,,,,,,,1004.8,,,23.7,,,,26.8,,,,,,,,,,,,,,70,50,1.3,3.7,,80,,,2.2,
2006-08-26 02:00:00,,,,,0.0,,,,,0.0,0.0,87,,,1009.4,,,,,,,,,1004.2,,,24.3,,,,26.7,,,,,,,,,,,,,,80,60,2.5,3.7,,60,,,3.3,
2006-08-26 03:00:00,,,,,0.0,,,,,0.0,0.0,87,,,1009.1,,,,,,,,,1003.9,,,24.2,,,,26.6,,,,,,,,,,,,,,0,110,0.1,2.4,,80,,,1.3,
2006-08-26 04:00:00,,,,,0.0,,,,,0.0,0.0,84,,,1009.1,,,,,,,,,1003.9,,,23.9,,,,26.8,,,,,,,,,,,,,,0,80,0.0,2.2,,70,,,1.5,
2006-08-26 05:00:00,,,,,0.0,,,,,0.0,0.0,83,,,1009.2,,,,,,,,,1004.0,,,23.8,,,,26.9,,,,,,,,,,,,,,0,0,0.0,0.0,,0,,,0.0,
2006-08-26 06:00:00,,,,,0.0,,,,,0.0,0.0,83,,,1009.0,,,,,,,,,1003.8,0.0,,23.7,,,,26.8,,,,,,,,,,,,,,0,0,0.0,0.0,,0,,,0.0,
2006-08-26 07:00:00,,,,,0.16,,,,,0.0,0.0,85,,,1009.2,,,,,,,,,1004.1,0.5,,25.4,,,,28.1,,,,,,,,,,,,,,0,110,0.0,1.6,,0,,,0.0,
2006-08-26 08:00:00,,0.0,,,0.74,,,,,0.0,0.0,85,,,1009.4,,,,,,,,,1004.3,1.0,,26.3,,,,29.1,,,,,,,,,,30.0,,,,140,130,0.3,2.2,,140,,,0.3,
2006-08-26 09:00:00,,3.0,,,1.12,,,,,0.0,0.0,84,,,1009.4,,,,,,,,,1004.3,0.7,,25.5,,,,28.4,,,,,,,,,,30.0,,,,0,160,0.0,2.5,,140,,,1.1,
2006-08-26 10:00:00,,,,,0.88,,,,,0.0,0.0,81,,,1009.7,,,,,,,,,1004.6,0.4,,26.1,,,,29.8,,,,,,,,,,,,,,0,20,0.0,2.1,,340,,,0.4,
2006-08-26 11:00:00,,2.0,,,1.51,,,,,0.0,0.0,81,,,1009.8,,,,,,,,,1004.7,0.6,,25.5,,,,29.0,,,,,,,,,,30.0,,,,350,340,2.1,3.7,,360,,,2.5,
2006-08-26 12:00:00,,,,,2.2,,,,,0.0,0.0,77,,,1009.9,,,,,,,,,1004.8,0.8,,26.3,,,,30.7,,,,,,,,,,,,,,0,340,0.1,3.0,,350,,,2.0,
2006-08-26 13:00:00,,,,,2.43,,,,,0.0,0.0,74,,,1009.5,,,,,,,,,1004.4,0.9,,26.3,,,,31.6,,,,,,,,,,,,,,260,250,0.8,2.4,,250,,,0.9,
2006-08-26 14:00:00,,2.0,,,2.34,,,,,0.0,0.0,70,,,1008.5,,,,,,,,,1003.4,1.0,,25.7,,,,31.8,,,,,,,,,,30.0,,,,290,280,3.1,4.3,,280,,,3.4,
2006-08-26 15:00:00,,,,,1.8,,,,,0.0,0.0,75,,,1007.9,,,,,,,,,1002.8,1.0,,25.8,,,,30.7,,,,,,,,,,,,,,320,310,3.2,4.6,,320,,,3.4,
2006-08-26 16:00:00,,,,,1.73,,,,,0.0,0.0,81,,,1008.4,,,,,,,,,1003.3,1.0,,25.5,,,,29.2,,,,,,,,,,,,,,340,330,3.2,5.2,,330,,,3.8,
2006-08-26 17:00:00,,10.0,,,0.22,,,,,0.0,0.0,81,,,1008.3,,,,,,,,,1003.2,0.1,,24.0,,,,27.6,,,,,,,,,,30.0,,,,10,360,2.5,4.7,,330,,,3.4,
2006-08-26 18:00:00,,,,,0.0,,,,,0.0,0.0,84,,,1007.9,,,,,,,,,1002.8,0.0,,24.4,,,,27.4,,,,,,,,,,,,,,40,20,3.0,4.0,,10,,,3.0,
2006-08-26 19:00:00,,,,,0.0,,,,,0.0,0.0,83,,,1008.2,,,,,,,,,1003.1,0.0,,24.5,,,,27.6,,,,,,,,,,,,,,50,50,2.3,4.3,,40,,,3.4,
2006-08-26 20:00:00,,,,,0.0,,,,,0.0,0.0,82,,,1009.2,,,,,,,,,1004.1,,,24.7,,,,28.0,,,,,,,,,,,,,,30,40,0.7,2.3,,50,,,1.2,
2006-08-26 21:00:00,,,,,0.0,,,,,0.0,0.0,85,,,1009.6,,,,,,,,,1004.5,,,24.9,,,,27.7,,,,,,,,,,,,,,110,110,2.0,5.3,,90,,,3.7,
2006-08-26 22:00:00,,,,,0.0,,,,,0.0,0.0,85,,,1010.0,,,,,,,,,1004.8,,,24.9,,,,27.7,,,,,,,,,,,,,,130,130,1.8,3.9,,140,,,2.9,
2006-08-26 23:00:00,,,,,0.0,,,,,0.0,0.0,84,,,1009.9,,,,,,,,,1004.7,,,24.6,,,,27.5,,,,,,,,,,,,,,140,100,2.1,3.3,,100,,,2.5,
2006-08-27 00:00:00,,,,,0.0,,,,,0.0,0.0,84,,,1009.4,,,,,,,,,1004.3,,,24.7,,,,27.7,,,,,,,,,,,,,,0,160,0.2,3.4,,160,,,2.7,
2006-08-27 01:00:00,,,,,0.0,,,,,0.0,0.0,85,,,1008.8,,,,,,,,,1003.7,,,24.8,,,,27.6,,,,,,,,,,,,,,0,0,0.0,0.0,,0,,,0.0,
2006-08-27 02:00:00,,,,,0.0,,,,,0.0,0.0,87,,,1009.2,,,,,,,,,1004.0,,,24.9,,,,27.2,,,,,,,,,,,,,,0,0,0.0,0.0,,0,,,0.0,
2006-08-27 03:00:00,,,,,0.0,,,,,0.0,0.0,85,,,1009.0,,,,,,,,,1003.8,,,24.6,,,,27.4,,,,,,,,,,,,,,0,0,0.0,0.0,,0,,,0.0,
2006-08-27 04:00:00,,,,,0.0,,,,,0.0,0.0,85,,,1009.2,,,,,,,,,1004.0,,,24.5,,,,27.3,,,,,,,,,,,,,,0,190,0.0,2.3,,190,,,0.9,
2006-08-27 05:00:00,,,,,0.0,,,,,0.0,0.0,87,,,1009.1,,,,,,,,,1003.9,,,24.4,,,,26.7,,,,,,,,,,,,,,0,300,0.2,2.1,,0,,,0.2,
2006-08-27 06:00:00,,,,,0.0,,,,,0.0,0.0,87,,,1009.4,,,,,,,,,1004.2,0.0,,24.4,,,,26.8,,,,,,,,,,,,,,330,350,0.3,2.4,,330,,,0.3,
2006-08-27 07:00:00,,,,,0.2,,,,,0.0,0.0,92,,,1009.8,,,,,,,,,1004.6,0.7,,25.5,,,,26.9,,,,,,,,,,,,,,360,360,2.7,4.0,,360,,,3.1,
2006-08-27 08:00:00,,1.0,,,0.75,,,,,0.0,0.0,88,,,1009.6,,,,,,,,,1004.5,1.0,,25.8,,,,28.0,,,,,,,,,,25.0,,,,330,330,2.8,4.0,,350,,,2.8,
2006-08-27 09:00:00,,1.0,,,1.28,,,,,0.0,0.0,86,,,1010.3,,,,,,,,,1005.2,1.0,,26.0,,,,28.6,,,,,,,,,,25.0,,,,350,330,1.9,4.2,,330,,,3.1,
2006-08-27 10:00:00,,,,,1.5,,,,,0.0,0.0,81,,,1010.5,,,,,,,,,1005.4,0.6,,25.5,,,,29.0,,,,,,,,,,,,,,340,340,1.6,3.3,,360,,,2.4,
2006-08-27 11:00:00,,9.0,,,0.44,,,,,0.0,0.0,78,,,1010.5,,,,,,,,,1005.4,0.0,,24.1,,,,28.3,,,,,,,,,,25.0,,,,0,360,0.2,3.0,,350,,,2.4,
2006-08-27 12:00:00,,,,,0.31,,,,,0.0,0.0,74,,,1010.2,,,,,,,,,1005.1,0.0,,23.3,,,,28.4,,,,,,,,,,,,,,20,70,2.5,4.7,,70,,,3.5,
2006-08-27 13:00:00,,,,,1.36,,,,,0.0,0.0,73,,,1010.1,,,,,,,,,1005.0,0.2,,24.7,,,,30.0,,,,,,,,,,,,,,190,30,0.9,3.4,,20,,,2.6,
2006-08-27 14:00:00,,8.0,,,1.07,,,,,0.0,0.0,79,,,1009.4,,,,,,,,,1004.3,0.1,,24.6,,,,28.5,,,,,,,,,,25.0,,,,200,200,1.3,4.7,,210,,,3.0,
2006-08-27 15:00:00,,,,,0.6,,,,,0.0,0.0,75,,,1008.8,,,,,,,,,1003.7,0.0,,24.1,,,,28.9,,,,,,,,,,,,,,0,210,0.1,3.7,,210,,,2.7,
2006-08-27 16:00:00,,,,,1.21,,,,,0.0,0.0,80,,,1008.7,,,,,,,,,1003.6,0.5,,25.2,,,,29.0,,,,,,,,,,,,,,240,340,0.3,2.6,,270,,,2.0,
2006-08-27 17:00:00,,7.0,,,0.94,,,,,0.0,0.0,78,,,1008.8,,,,,,,,,1003.7,0.7,,24.1,,,,28.3,,,,,,,,,,25.0,,,,0,230,0.0,2.2,,230,,,1.5,
2006-08-27 18:00:00,,,,,0.21,,,,,0.0,0.0,79,,,1009.5,,,,,,,,,1004.4,0.2,,23.8,,,,27.8,,,,,,,,,,,,,,140,140,1.2,2.7,,140,,,1.2,
2006-08-27 19:00:00,,,,,0.0,,,,,0.0,0.0,81,,,1009.9,,,,,,,,,1004.7,0.0,,23.9,,,,27.5,,,,,,,,,,,,,,130,130,2.2,3.5,,120,,,2.6,
2006-08-27 20:00:00,,,,,0.0,,,,,0.0,0.0,84,,,1010.3,,,,,,,,,1005.1,,,24.3,,,,27.3,,,,,,,,,,,,,,50,110,2.4,3.0,,100,,,2.5,
2006-08-27 21:00:00,,,,,0.0,,,,,0.0,0.0,80,,,1010.3,,,,,,,,,1005.1,,,24.1,,,,27.8,,,,,,,,,,,,,,0,50,0.1,2.8,,50,,,2.5,
2006-08-27 22:00:00,,,,,0.0,,,,,0.0,0.0,84,,,1010.4,,,,,,,,,1005.2,,,24.8,,,,27.7,,,,,,,,,,,,,,170,170,1.6,2.5,,170,,,1.6,
2006-08-27 23:00:00,,,,,0.0,,,,,0.0,0.0,81,,,1011.1,,,,,,,,,1005.9,,,24.5,,,,28.0,,,,,,,,,,,,,,190,210,4.1,5.4,,190,,,4.1,
2006-08-28 00:00:00,,,,,0.0,,,,,0.0,0.0,85,,,1010.7,,,,,,,,,1005.5,,,25.1,,,,27.9,,,,,,,,,,,,,,170,170,4.3,6.1,,170,,,4.6,
2006-08-28 01:00:00,,,,,0.0,,,,,0.0,0.0,84,,,1010.1,,,,,,,,,1004.9,,,24.7,,,,27.7,,,,,,,,,,,,,,180,170,1.6,4.7,,170,,,4.3,
2006-08-28 02:00:00,,,,,0.0,,,,,0.0,0.0,85,,,1009.8,,,,,,,,,1004.6,,,24.8,,,,27.5,,,,,,,,,,,,,,180,200,0.8,2.6,,180,,,1.9,
2006-08-28 03:00:00,,,,,0.0,,,,,0.0,0.0,86,,,1009.0,,,,,,,,,1003.8,,,24.8,,,,27.3,,,,,,,,,,,,,,0,330,0.2,2.1,,190,,,0.8,
2006-08-28 04:00:00,,,,,0.0,,,,,0.0,0.0,87,,,1009.4,,,,,,,,,1004.2,,,24.7,,,,27.0,,,,,,,,,,,,,,160,190,0.3,2.3,,190,,,1.9,
2006-08-28 05:00:00,,,,,0.0,,,,,0.0,0.0,88,,,1009.5,,,,,,,,,1004.3,,,24.8,,,,27.0,,,,,,,,,,,,,,60,80,2.4,3.5,,80,,,2.4,
2006-08-28 06:00:00,,,,,0.0,,,,,0.0,0.0,87,,,1010.0,,,,,,,,,1004.8,0.0,,24.5,,,,26.8,,,,,,,,,,,,,,80,100,2.1,3.6,,100,,,2.8,
2006-08-28 07:00:00,,,,,0.2,,,,,0.0,0.0,85,,,1010.3,,,,,,,,,1005.2,0.6,,25.5,,,,28.3,,,,,,,,,,,,,,90,90,0.5,2.5,,100,,,2.1,
2006-08-28 08:00:00,,2.0,,,0.62,,,,,0.0,0.0,80,,,1011.1,,,,,,,,,1006.0,0.9,,25.1,,,,29.0,,,,,,,,,,20.0,,,,90,70,2.1,3.3,,80,,,2.4,
2006-08-28 09:00:00,,1.0,,,1.21,,,,,0.0,0.0,82,,,1011.5,,,,,,,,,1006.4,1.0,,26.7,,,,30.2,,,,,,,,,,20.0,,,,90,80,2.6,4.1,,80,,,2.8,
2006-08-28 10:00:00,,,,,1.78,,,,,0.0,0.0,77,,,1011.7,,,,,,,,,1006.6,1.0,,26.4,,,,30.9,,,,,,,,,,,,,,80,100,2.8,4.2,,90,,,3.0,
2006-08-28 11:00:00,,1.0,,,2.3,,,,,0.0,0.0,75,,,1011.2,,,,,,,,,1006.1,1.0,,25.7,,,,30.7,,,,,,,,,,20.0,,,,90,70,2.8,4.8,,80,,,2.9,
2006-08-28 12:00:00,,,,,2.4,,,,,0.0,0.0,71,,,1010.5,,,,,,,,,1005.4,1.0,,25.7,,,,31.7,,,,,,,,,,,,,,80,50,2.0,5.1,,50,,,3.6,
2006-08-28 13:00:00,,,,,2.4,,,,,0.0,0.0,74,,,1010.0,,,,,,,,,1004.9,1.0,,26.0,,,,31.1,,,,,,,,,,,,,,40,50,3.7,5.1,,40,,,3.7,
2006-08-28 14:00:00,,1.0,,,2.4,,,,,0.0,0.0,77,,,1009.7,,,,,,,,,1004.6,1.0,,25.8,,,,30.4,,,,,,,,,,20.0,,,,330,40,2.1,5.0,,40,,,3.8,
2006-08-28 15:00:00,,,,,1.86,,,,,0.0,0.0,77,,,1009.3,,,,,,,,,1004.2,1.0,,26.2,,,,30.7,,,,,,,,,,,,,,320,360,1.4,3.3,,330,,,2.3,
2006-08-28 16:00:00,,,,,1.42,,,,,0.0,0.0,77,,,1009.3,,,,,,,,,1004.2,1.0,,25.8,,,,30.4,,,,,,,,,,,,,,330,320,2.2,3.2,,340,,,2.3,
2006-08-28 17:00:00,,1.0,,,0.84,,,,,0.0,0.0,76,,,1009.4,,,,,,,,,1004.3,1.0,,25.0,,,,29.7,,,,,,,,,,20.0,,,,360,350,1.8,3.8,,350,,,2.6,
2006-08-28 18:00:00,,,,,0.25,,,,,0.0,0.0,79,,,1010.1,,,,,,,,,1005.0,0.6,,24.7,,,,28.6,,,,,,,,,,,,,,360,360,2.0,3.2,,360,,,2.5,
2006-08-28 19:00:00,,,,,0.0,,,,,0.0,0.0,81,,,1010.4,,,,,,,,,1005.2,0.0,,24.1,,,,27.6,,,,,,,,,,,,,,10,200,2.3,2.9,,360,,,2.3,
2006-08-28 20:00:00,,,,,0.0,,,,,0.0,0.0,79,,,1011.4,,,,,,,,,1006.2,,,23.8,,,,27.8,,,,,,,,,,,,,,20,20,2.0,3.2,,10,,,2.5,
2006-08-28 21:00:00,,,,,0.0,,,,,0.0,0.0,79,,,1012.4,,,,,,,,,1007.2,,,24.2,,,,28.1,,,,,,,,,,,,,,0,20,0.1,2.9,,20,,,2.4,
2006-08-28 22:00:00,,,,,0.0,,,,,0.0,0.0,81,,,1012.7,,,,,,,,,1007.6,,,25.1,,,,28.6,,,,,,,,,,,,,,0,180,0.1,3.6,,190,,,2.5,
2006-08-28 23:00:00,,,,,0.0,,,,,0.0,0.0,83,,,1012.8,,,,,,,,,1007.7,,,25.4,,,,28.6,,,,,,,,,,,,,,200,190,1.7,3.5,,190,,,2.4,
2006-08-29 00:00:00,,,,,0.0,,,,,0.0,0.0,82,,,1012.3,,,,,,,,,1007.2,,,25.2,,,,28.6,,,,,,,,,,,,,,190,200,3.6,4.6,,190,,,3.8,
2006-08-29 01:00:00,,,,,0.0,,,,,0.0,0.0,82,,,1012.1,,,,,,,,,1007.0,,,25.1,,,,28.4,,,,,,,,,,,,,,0,190,0.2,4.0,,190,,,3.5,
2006-08-29 02:00:00,,,,,0.0,,,,,0.0,0.0,85,,,1012.0,,,,,,,,,1006.8,,,24.4,,,,27.1,,,,,,,,,,,,,,350,350,1.5,2.7,,350,,,2.2,
2006-08-29 03:00:00,,,,,0.0,,,,,0.0,0.0,84,,,1011.6,,,,,,,,,1006.4,,,24.5,,,,27.5,,,,,,,,,,,,,,0,280,0.0,2.2,,350,,,1.4,
2006-08-29 04:00:00,,,,,0.0,,,,,0.0,0.0,85,,,1011.4,,,,,,,,,1006.2,,,24.4,,,,27.2,,,,,,,,,,,,,,0,0,0.0,0.0,,0,,,0.0,
2006-08-29 05:00:00,,,,,0.0,,,,,0.0,0.0,86,,,1011.3,,,,,,,,,1006.1,,,24.7,,,,27.3,,,,,,,,,,,,,,0,170,0.0,1.7,,0,,,0.1,
2006-08-29 06:00:00,,,,,0.0,,,,,0.0,0.0,87,,,1011.4,,,,,,,,,1006.2,0.0,,25.2,,,,27.5,,,,,,,,,,,,,,130,130,2.5,3.0,,130,,,2.5,
2006-08-29 07:00:00,,,,,0.19,,,,,0.0,0.0,85,,,1011.9,,,,,,,,,1006.7,0.6,,25.5,,,,28.2,,,,,,,,,,,,,,130,120,2.6,3.9,,130,,,3.0,
2006-08-29 08:00:00,,0.0,,,0.69,,,,,0.0,0.0,82,,,1012.0,,,,,,,,,1006.9,1.0,,26.2,,,,29.7,,,,,,,,,,10.0,,,,150,150,4.1,5.4,,160,,,4.3,
2006-08-29 09:00:00,,8.0,,,1.12,,,,,0.0,0.0,79,,,1012.4,,,,,,,,,1007.3,0.8,,25.8,,,,29.8,,,,,,,,,,10.0,,,,200,180,2.9,5.8,,180,,,4.7,
2006-08-29 10:00:00,,,,,1.75,,,,,0.0,0.0,75,,,1012.4,,,,,,,,,1007.3,1.0,,26.0,,,,31.0,,,,,,,,,,,,,,180,180,4.5,6.9,,180,,,4.6,
2006-08-29 11:00:00,,2.0,,,2.37,,,,,0.0,0.0,75,,,1012.7,,,,,,,,,1007.6,1.0,,26.4,,,,31.4,,,,,,,,,,30.0,,,,190,180,3.8,6.6,,180,,,4.9,
2006-08-29 12:00:00,,,,,2.4,,,,,0.0,0.0,74,,,1012.1,,,,,,,,,1007.0,1.0,,26.3,,,,31.5,,,,,,,,,,,,,,200,190,3.7,5.9,,200,,,4.0,
2006-08-29 13:00:00,,,,,2.4,,,,,0.0,0.0,73,,,1012.0,,,,,,,,,1006.9,1.0,,26.3,,,,31.8,,,,,,,,,,,,,,200,190,3.6,5.7,,190,,,4.6,
2006-08-29 14:00:00,,4.0,,,2.01,,,,,0.0,0.0,74,,,1011.9,,,,,,,,,1006.8,0.8,,26.2,,,,31.4,,,,,,,,,,30.0,,,,220,220,3.2,4.0,,210,,,3.8,
2006-08-29 15:00:00,,,,,1.87,,,,,0.0,0.0,74,,,1011.5,,,,,,,,,1006.4,1.0,,26.5,,,,31.8,,,,,,,,,,,,,,250,230,1.4,3.7,,220,,,3.2,
2006-08-29 16:00:00,,,,,1.43,,,,,0.0,0.0,74,,,1011.4,,,,,,,,,1006.3,1.0,,26.2,,,,31.3,,,,,,,,,,,,,,270,290,2.0,3.3,,280,,,2.5,
2006-08-29 17:00:00,,1.0,,,0.95,,,,,0.0,0.0,78,,,1011.1,,,,,,,,,1006.0,1.0,,25.5,,,,29.7,,,,,,,,,,30.0,,,,280,270,3.4,4.1,,270,,,3.5,
2006-08-29 18:00:00,,,,,0.31,,,,,0.0,0.0,79,,,1011.5,,,,,,,,,1006.4,0.9,,24.6,,,,28.5,,,,,,,,,,,,,,260,270,3.5,4.7,,270,,,3.9,
2006-08-29 19:00:00,,,,,0.0,,,,,0.0,0.0,81,,,1011.9,,,,,,,,,1006.7,0.0,,24.5,,,,28.0,,,,,,,,,,,,,,260,260,2.6,4.5,,270,,,3.6,
2006-08-29 20:00:00,,,,,0.0,,,,,0.0,0.0,84,,,1012.4,,,,,,,,,1007.2,,,24.8,,,,27.8,,,,,,,,,,,,,,260,260,2.8,3.6,,270,,,2.9,
2006-08-29 21:00:00,,,,,0.0,,,,,0.0,0.0,85,,,1012.3,,,,,,,,,1007.1,,,24.9,,,,27.6,,,,,,,,,,,,,,250,250,3.7,5.2,,250,,,4.0,
2006-08-29 22:00:00,,,,,0.0,,,,,0.0,0.0,85,,,1012.3,,,,,,,,,1007.1,,,25.1,,,,27.8,,,,,,,,,,,,,,240,240,5.7,6.7,,240,,,5.7,
2006-08-29 23:00:00,,,,,0.0,,,,,0.0,0.0,86,,,1012.3,,,,,,,,,1007.1,,,25.1,,,,27.7,,,,,,,,,,,,,,250,240,3.9,6.9,,240,,,5.9,
2006-08-30 00:00:00,,,,,0.0,,,,,0.0,0.0,86,,,1011.9,,,,,,,,,1006.7,,,25.1,,,,27.6,,,,,,,,,,,,,,250,250,3.6,5.7,,240,,,4.6,
2006-08-30 01:00:00,,,,,0.0,,,,,0.0,0.0,87,,,1011.8,,,,,,,,,1006.6,,,24.9,,,,27.3,,,,,,,,,,,,,,250,260,2.1,5.0,,260,,,3.7,
2006-08-30 02:00:00,,,,,0.0,,,,,0.0,0.0,88,,,1011.1,,,,,,,,,1005.9,,,25.0,,,,27.2,,,,,,,,,,,,,,230,250,2.3,3.8,,240,,,3.0,
2006-08-30 03:00:00,,,,,0.0,,,,,0.0,0.0,88,,,1010.7,,,,,,,,,1005.5,,,25.1,,,,27.3,,,,,,,,,,,,,,240,250,2.4,2.9,,240,,,2.4,
2006-08-30 04:00:00,,,,,0.0,,,,,0.0,0.0,88,,,1010.3,,,,,,,,,1005.1,,,24.9,,,,27.1,,,,,,,,,,,,,,250,240,1.5,3.4,,240,,,2.9,
2006-08-30 05:00:00,,,,,0.0,,,,,0.0,0.0,89,,,1010.7,,,,,,,,,1005.5,,,25.0,,,,27.0,,,,,,,,,,,,,,230,240,2.5,3.4,,240,,,2.9,
2006-08-30 06:00:00,,,,,0.0,,,,,0.0,0.0,90,,,1011.4,,,,,,,,,1006.2,0.0,,25.2,,,,26.9,,,,,,,,,,,,,,240,240,3.8,4.7,,240,,,3.8,
2006-08-30 07:00:00,,,,,0.21,,,,,0.0,0.0,93,,,1011.9,,,,,,,,,1006.7,0.8,,25.8,,,,27.0,,,,,,,,,,,,,,240,240,2.7,5.0,,240,,,4.3,
2006-08-30 08:00:00,,1.0,,,0.76,,,,,0.0,0.0,92,,,1012.4,,,,,,,,,1007.2,1.0,,26.3,,,,27.8,,,,,,,,,,20.0,,,,220,240,2.0,3.5,,240,,,2.7,
2006-08-30 09:00:00,,1.0,,,1.28,,,,,0.0,0.0,88,,,1012.2,,,,,,,,,1007.1,1.0,,26.4,,,,28.6,,,,,,,,,,20.0,,,,220,220,2.3,3.0,,220,,,2.3,
2006-08-30 10:00:00,,,,,1.8,,,,,0.0,0.0,84,,,1012.2,,,,,,,,,1007.1,1.0,,26.7,,,,29.6,,,,,,,,,,,,,,220,220,2.2,3.3,,230,,,2.7,
2006-08-30 11:00:00,,1.0,,,2.34,,,,,0.0,0.0,81,,,1011.7,,,,,,,,,1006.6,1.0,,26.8,,,,30.4,,,,,,,,,,20.0,,,,220,220,1.8,2.6,,220,,,2.1,
2006-08-30 12:00:00,,,,,2.4,,,,,0.0,0.0,74,,,1011.3,,,,,,,,,1006.2,1.0,,26.6,,,,31.8,,,,,,,,,,,,,,260,260,2.0,3.1,,260,,,2.0,
2006-08-30 13:00:00,,,,,2.4,,,,,0.0,0.0,71,,,1010.3,,,,,,,,,1005.2,1.0,,26.7,,,,32.6,,,,,,,,,,,,,,270,280,3.7,4.6,,270,,,3.7,
2006-08-30 14:00:00,,2.0,,,2.11,,,,,0.0,0.0,74,,,1010.0,,,,,,,,,1004.9,0.9,,25.9,,,,31.2,,,,,,,,,,20.0,,,,260,260,3.8,5.3,,270,,,4.1,
2006-08-30 15:00:00,,,,,1.73,,,,,0.0,0.0,76,,,1009.3,,,,,,,,,1004.2,0.8,,25.9,,,,30.7,,,,,,,,,,,,,,250,240,4.6,6.6,,240,,,5.0,
2006-08-30 16:00:00,,,,,1.46,,,,,0.0,0.0,76,,,1008.8,,,,,,,,,1003.7,1.0,,25.7,,,,30.3,,,,,,,,,,,,,,250,240,4.8,6.8,,240,,,5.2,
2006-08-30 17:00:00,,1.0,,,0.86,,,,,0.0,0.0,79,,,1009.1,,,,,,,,,1004.0,1.0,,25.8,,,,29.9,,,,,,,,,,20.0,,,,260,260,4.8,7.8,,250,,,5.3,
2006-08-30 18:00:00,,,,,0.27,,,,,0.0,0.0,81,,,1009.2,,,,,,,,,1004.1,0.9,,25.2,,,,28.8,,,,,,,,,,,,,,260,250,4.0,7.3,,260,,,5.1,
2006-08-30 19:00:00,,,,,0.0,,,,,0.0,0.0,84,,,1009.0,,,,,,,,,1003.9,0.0,,25.2,,,,28.2,,,,,,,,,,,,,,230,250,3.8,5.2,,240,,,4.2,
2006-08-30 20:00:00,,,,,0.0,,,,,0.0,0.0,84,,,1009.2,,,,,,,,,1004.1,,,25.3,,,,28.2,,,,,,,,,,,,,,220,210,5.1,6.0,,220,,,5.1,
2006-08-30 21:00:00,,,,,0.0,,,,,0.0,0.0,84,,,1009.2,,,,,,,,,1004.1,,,25.1,,,,28.0,,,,,,,,,,,,,,210,200,5.7,7.0,,210,,,5.7,
2006-08-30 22:00:00,,,,,0.0,,,,,0.0,0.0,82,,,1009.5,,,,,,,,,1004.4,,,24.7,,,,28.1,,,,,,,,,,,,,,230,240,7.8,9.4,,230,,,7.8,
2006-08-30 23:00:00,,,,,0.0,,,,,0.0,0.0,82,,,1009.2,,,,,,,,,1004.1,,,24.8,,,,28.1,,,,,,,,,,,,,,230,220,7.3,9.3,,230,,,7.9,
2006-08-31 00:00:00,,,,,0.0,,,,,0.0,0.0,84,,,1008.3,,,,,,,,,1003.2,,,25.1,,,,28.1,,,,,,,,,,,,,,250,250,5.1,9.6,,240,,,7.6,
2006-08-31 01:00:00,,,,,0.0,,,,,0.0,0.0,84,,,1007.9,,,,,,,,,1002.8,,,25.0,,,,27.9,,,,,,,,,,,,,,240,230,5.7,7.6,,240,,,6.1,
2006-08-31 02:00:00,,,,,0.0,,,,,0.0,0.0,86,,,1007.6,,,,,,,,,1002.5,,,25.2,,,,27.8,,,,,,,,,,,,,,230,230,5.1,7.1,,230,,,6.2,
2006-08-31 03:00:00,,,,,0.0,,,,,0.0,0.0,84,,,1006.9,,,,,,,,,1001.8,,,25.1,,,,28.0,,,,,,,,,,,,,,220,230,4.2,6.1,,230,,,5.0,
2006-08-31 04:00:00,,,,,0.0,,,,,0.0,0.0,85,,,1007.0,,,,,,,,,1001.9,,,25.2,,,,27.9,,,,,,,,,,,,,,210,210,2.7,5.1,,220,,,4.3,
2006-08-31 05:00:00,,,,,0.0,,,,,0.0,0.0,85,,,1006.9,,,,,,,,,1001.8,,,25.2,,,,28.0,,,,,,,,,,,,,,190,180,2.7,4.3,,200,,,3.2,
2006-08-31 06:00:00,,,,,0.0,,,,,0.0,0.0,86,,,1007.3,,,,,,,,,1002.2,0.0,,25.5,,,,28.1,,,,,,,,,,,,,,200,210,3.0,4.5,,210,,,3.5,
2006-08-31 07:00:00,,,,,0.1,,,,,0.0,0.0,87,,,1007.6,,,,,,,,,1002.5,0.2,,26.1,,,,28.4,,,,,,,,,,,,,,210,210,3.9,5.3,,210,,,4.1,
2006-08-31 08:00:00,,1.0,,,0.6,,,,,0.0,0.0,87,,,1007.9,,,,,,,,,1002.8,1.0,,26.3,,,,28.7,,,,,,,,,,20.0,,,,210,220,4.6,5.8,,210,,,4.6,
2006-08-31 09:00:00,,1.0,,,1.21,,,,,0.0,0.0,86,,,1007.9,,,,,,,,,1002.8,1.0,,26.6,,,,29.2,,,,,,,,,,20.0,,,,220,220,5.6,7.0,,220,,,6.1,
2006-08-31 10:00:00,,,,,1.64,,,,,0.0,0.0,84,,,1007.8,,,,,,,,,1002.7,1.0,,26.7,,,,29.7,,,,,,,,,,,,,,230,220,6.3,8.0,,230,,,6.5,
2006-08-31 11:00:00,,2.0,,,1.86,,,,,0.0,0.0,83,,,1007.7,,,,,,,,,1002.6,1.0,,26.9,,,,30.1,,,,,,,,,,20.0,,,,230,230,6.2,7.9,,230,,,6.5,
2006-08-31 12:00:00,,,,,2.11,,,,,0.0,0.0,82,,,1007.3,,,,,,,,,1002.2,1.0,,27.3,,,,30.7,,,,,,,,,,,,,,240,230,5.5,7.6,,230,,,6.3,
2006-08-31 13:00:00,,,,,1.84,,,,,0.0,0.0,76,,,1006.6,,,,,,,,,1001.5,0.7,,27.2,,,,31.9,,,,,,,,,,,,,,270,260,5.3,7.0,,240,,,5.4,
2006-08-31 14:00:00,,4.0,,,1.71,,,,,0.0,0.0,76,,,1006.1,,,,,,,,,1001.0,0.7,,27.1,,,,31.8,,,,,,,,,,20.0,,,,270,280,5.7,7.0,,270,,,5.7,
2006-08-31 15:00:00,,,,,1.44,,,,,0.0,0.0,81,,,1005.3,,,,,,,,,1000.2,0.7,,26.8,,,,30.5,,,,,,,,,,,,,,250,240,5.8,8.0,,270,,,5.8,
2006-08-31 16:00:00,,,,,1.27,,,,,0.0,0.0,81,,,1004.9,,,,,,,,,999.8,1.0,,26.8,,,,30.5,,,,,,,,,,,,,,240,240,5.4,8.6,,240,,,7.2,
2006-08-31 17:00:00,,10.0,,,0.22,,,,,0.0,0.0,83,,,1005.5,,,,,,,,,1000.4,0.1,,26.3,,,,29.4,,,,,,,,,,20.0,,,,250,240,4.6,7.5,,240,,,5.9,
2006-08-31 18:00:00,,,,,0.0,,,,,0.0,0.0,84,,,1005.7,,,,,,,,,1000.6,0.0,,26.0,,,,28.9,,,,,,,,,,,,,,250,240,3.7,6.5,,240,,,5.3,
2006-08-31 19:00:00,,,,,0.0,,,,,0.0,0.0,85,,,1006.1,,,,,,,,,1001.0,0.0,,25.7,,,,28.5,,,,,,,,,,,,,,250,250,3.4,5.7,,240,,,4.3,
2006-08-31 20:00:00,,,,,0.0,,,,,0.0,0.0,85,,,1006.6,,,,,,,,,1001.5,,,25.5,,,,28.3,,,,,,,,,,,,,,230,230,3.4,4.6,,230,,,3.8,
2006-08-31 21:00:00,,,,,0.0,,,,,0.0,0.0,86,,,1006.5,,,,,,,,,1001.4,,,25.8,,,,28.3,,,,,,,,,,,,,,220,210,6.2,7.3,,220,,,6.3,
2006-08-31 22:00:00,,,,,0.0,,,,,0.0,0.0,86,,,1006.6,,,,,,,,,1001.5,,,25.9,,,,28.4,,,,,,,,,,,,,,220,210,6.1,7.8,,210,,,6.6,
2006-08-31 23:00:00,,,,,0.0,,,,,0.0,0.0,87,,,1006.4,,,,,,,,,1001.3,,,25.7,,,,28.1,,,,,,,,,,,,,,230,240,6.3,8.1,,230,,,6.3,
2006-09-01 00:00:00,,,,,0.0,,,,,0.0,0.0,86,,,1006.1,,,,,,,,,1001.0,,,25.6,,,,28.1,,,,,,,,,,,,,,240,240,6.1,8.3,,240,,,7.1,
2006-09-01 01:00:00,,,,,0.0,,,,,0.0,0.0,87,,,1005.6,,,,,,,,,1000.5,,,25.7,,,,28.0,,,,,,,,,,,,,,240,230,6.8,8.3,,240,,,6.8,
2006-09-01 02:00:00,,,,,0.0,,,,,0.0,0.0,88,,,1005.1,,,,,,,,,1000.0,,,25.8,,,,28.0,,,,,,,,,,,,,,230,250,6.1,8.5,,240,,,6.9,
2006-09-01 03:00:00,,,,,0.0,,,,,0.0,0.0,87,,,1005.2,,,,,,,,,1000.1,,,25.9,,,,28.2,,,,,,,,,,,,,,230,230,4.2,7.3,,230,,,6.4,
2006-09-01 04:00:00,,,,,0.0,,,,,0.0,0.0,88,,,1004.9,,,,,,,,,999.8,,,26.0,,,,28.1,,,,,,,,,,,,,,220,220,4.6,5.6,,220,,,4.6,
2006-09-01 05:00:00,,,,,0.0,,,,,0.0,0.0,89,,,1005.0,,,,,,,,,999.9,,,26.1,,,,28.1,,,,,,,,,,,,,,230,220,4.7,6.2,,220,,,4.9,
2006-09-01 06:00:00,,,,,0.0,,,,,0.0,0.0,88,,,1005.3,,,,,,,,,1000.2,0.0,,26.1,,,,28.3,,,,,,,,,,,,,,220,230,5.5,6.5,,230,,,5.5,
2006-09-01 07:00:00,,,,,0.05,,,,,0.0,0.0,88,,,1005.8,,,,,,,,,1000.7,0.0,,26.3,,,,28.4,,,,,,,,,,,,,,230,220,5.5,6.6,,220,,,5.7,
2006-09-01 08:00:00,,8.0,,,0.56,,,,,0.0,0.0,87,,,1006.5,,,,,,,,,1001.4,0.0,,26.3,,,,28.6,,,,,,,,,,20.0,,,,220,220,4.3,6.2,,230,,,5.5,
2006-09-01 09:00:00,,3.0,,,1.01,,,,,0.0,0.0,86,,,1006.3,,,,,,,,,1001.2,0.8,,26.8,,,,29.4,,,,,,,,,,20.0,,,,230,230,4.7,5.8,,230,,,4.8,
2006-09-01 10:00:00,,,,,1.59,,,,,0.0,0.0,83,,,1006.3,,,,,,,,,1001.2,1.0,,26.8,,,,30.1,,,,,,,,,,,,,,230,240,6.1,7.4,,230,,,6.1,
2006-09-01 11:00:00,,3.0,,,1.94,,,,,0.0,0.0,82,,,1006.6,,,,,,,,,1001.5,1.0,,27.3,,,,30.7,,,,,,,,,,20.0,,,,220,230,5.6,7.0,,230,,,6.0,
2006-09-01 12:00:00,,,,,2.32,,,,,0.0,0.0,82,,,1006.2,,,,,,,,,1001.1,1.0,,27.5,,,,31.0,,,,,,,,,,,,,,220,220,5.4,7.6,,220,,,6.3,
2006-09-01 13:00:00,,,,,1.84,,,,,0.0,0.0,81,,,1005.4,,,,,,,,,1000.3,0.7,,26.8,,,,30.4,,,,,,,,,,,,,,240,220,4.9,6.8,,220,,,5.7,
2006-09-01 14:00:00,,4.0,,,2.08,,,,,0.0,0.0,80,,,1004.6,,,,,,,,,999.5,1.0,,27.2,,,,31.0,,,,,,,,,,20.0,,,,240,240,5.5,6.5,,240,,,5.6,
2006-09-01 15:00:00,,,,,1.68,,,,,0.0,0.0,81,,,1004.0,,,,,,,,,998.9,0.8,,27.1,,,,30.7,,,,,,,,,,,,,,220,220,6.0,7.8,,220,,,6.7,
2006-09-01 16:00:00,,,,,0.97,,,,,0.0,0.0,83,,,1004.3,,,,,,,,,999.2,0.4,,26.5,,,,29.8,,,,,,,,,,,,,,220,210,6.1,7.8,,210,,,6.4,
2006-09-01 17:00:00,,10.0,,,0.48,,,,,0.0,0.0,83,,,1004.8,,,,,,,,,999.7,0.1,,26.4,,,,29.5,,,,,,,,,,20.0,,,,220,220,6.3,8.2,,220,,,7.0,
2006-09-01 18:00:00,,,,,0.0,,,,,0.0,0.0,82,,,1005.5,,,,,,,,,1000.4,0.0,,25.9,,,,29.2,,,,,,,,,,,,,,220,220,6.1,7.7,,230,,,6.5,
2006-09-01 19:00:00,,,,,0.0,,,,,0.0,0.0,83,,,1005.9,,,,,,,,,1000.8,0.0,,25.9,,,,29.0,,,,,,,,,,,,,,220,240,6.0,7.4,,230,,,6.1,
2006-09-01 20:00:00,,,,,0.0,,,,,0.0,0.0,84,,,1006.2,,,,,,,,,1001.1,,,26.0,,,,28.9,,,,,,,,,,,,,,220,220,4.8,7.0,,220,,,6.0,
2006-09-01 21:00:00,,,,,0.0,,,,,0.0,0.0,85,,,1007.2,,,,,,,,,1002.1,,,26.3,,,,29.0,,,,,,,,,,,,,,230,220,5.6,7.1,,220,,,6.0,
2006-09-01 22:00:00,,,,,0.0,,,,,0.0,0.0,86,,,1007.1,,,,,,,,,1002.0,,,26.4,,,,28.9,,,,,,,,,,,,,,230,240,4.0,7.4,,240,,,6.2,
2006-09-01 23:00:00,,,,,0.0,,,,,0.0,0.0,86,,,1006.7,,,,,,,,,1001.6,,,26.0,,,,28.6,,,,,,,,,,,,,,220,220,6.5,7.9,,220,,,6.5,
2006-09-02 00:00:00,,,,,0.0,,,,,0.0,0.0,87,,,1006.8,,,,,,,,,1001.7,,,26.2,,,,28.5,,,,,,,,,,,,,,220,210,6.1,8.0,,220,,,6.4,
2006-09-02 01:00:00,,,,,0.0,,,,,0.0,0.0,87,,,1006.3,,,,,,,,,1001.2,,,26.2,,,,28.6,,,,,,,,,,,,,,230,220,8.3,10.3,,230,,,8.3,
2006-09-02 02:00:00,,,,,0.0,,,,,17.0,0.6,87,,,1005.6,,,,,,,,,1000.5,,,24.6,,,,26.9,,,,,,,,,,,,,,300,190,1.0,18.8,,190,,,12.9,
2006-09-02 03:00:00,,,,,0.0,,,,,0.5,0.1,90,,,1005.9,,,,,,,,,1000.8,,,26.1,,,,27.9,,,,,,,,,,,,,,220,250,2.7,6.2,,190,,,4.2,
2006-09-02 04:00:00,,,,,0.0,,,,,0.0,0.0,87,,,1005.7,,,,,,,,,1000.6,,,26.1,,,,28.4,,,,,,,,,,,,,,220,220,4.5,7.1,,230,,,5.7,
2006-09-02 05:00:00,,,,,0.0,,,,,0.0,0.0,88,,,1006.0,,,,,,,,,1000.9,,,26.2,,,,28.3,,,,,,,,,,,,,,230,240,3.6,5.7,,220,,,4.7,
2006-09-02 06:00:00,,,,,0.0,,,,,0.0,0.0,89,,,1006.4,,,,,,,,,1001.3,0.0,,26.2,,,,28.2,,,,,,,,,,,,,,240,230,3.2,5.9,,230,,,4.9,
2006-09-02 07:00:00,,,,,0.06,,,,,0.5,0.1,87,,,1006.8,,,,,,,,,1001.6,0.0,,24.3,,,,26.6,,,,,,,,,,,,,,180,170,5.3,13.5,,170,,,9.7,
2006-09-02 08:00:00,,3.0,,,0.6,,,,,0.0,0.0,86,,,1007.3,,,,,,,,,1002.2,0.6,,25.4,,,,27.9,,,,,,,,,,10.0,,,,220,210,3.5,9.5,,210,,,7.6,
2006-09-02 09:00:00,,1.0,,,1.2,,,,,0.0,0.0,87,,,1007.7,,,,,,,,,1002.6,1.0,,26.6,,,,29.0,,,,,,,,,,10.0,,,,200,190,3.8,6.4,,200,,,4.1,
2006-09-02 10:00:00,,,,,1.6,,,,,0.0,0.0,88,,,1007.9,,,,,,,,,1002.8,1.0,,27.5,,,,29.7,,,,,,,,,,,,,,220,210,2.6,5.0,,210,,,4.1,
2006-09-02 11:00:00,,1.0,,,1.84,,,,,0.0,0.0,87,,,1007.9,,,,,,,,,1002.8,1.0,,27.9,,,,30.3,,,,,,,,,,10.0,,,,210,210,3.2,4.3,,210,,,3.3,
2006-09-02 12:00:00,,,,,1.9,,,,,0.0,0.0,86,,,1007.6,,,,,,,,,1002.5,0.8,,27.8,,,,30.5,,,,,,,,,,,,,,220,230,3.5,5.2,,230,,,4.3,
2006-09-02 13:00:00,,,,,2.34,,,,,0.0,0.0,86,,,1006.8,,,,,,,,,1001.7,1.0,,27.6,,,,30.3,,,,,,,,,,,,,,230,220,2.4,3.9,,220,,,3.5,
2006-09-02 14:00:00,,10.0,,,0.81,,,,,0.5,0.1,85,,,1006.4,,,,,,,,,1001.3,0.2,,25.0,,,,27.7,,,,,,,,,,10.0,,,,190,190,6.5,11.4,,190,,,8.8,
2006-09-02 15:00:00,,,,,1.53,,,,,0.0,0.0,79,,,1005.3,,,,,,,,,1000.2,0.7,,26.0,,,,30.1,,,,,,,,,,,,,,240,220,2.0,10.1,,210,,,7.4,
2006-09-02 16:00:00,,,,,0.99,,,,,0.0,0.0,82,,,1005.2,,,,,,,,,1000.1,0.5,,25.9,,,,29.3,,,,,,,,,,,,,,200,220,3.7,4.8,,210,,,3.8,
2006-09-02 17:00:00,,10.0,,,0.6,,,,,0.0,0.0,81,,,1005.9,,,,,,,,,1000.8,0.0,,25.2,,,,28.7,,,,,,,,,,10.0,,,,190,190,4.3,5.7,,190,,,4.8,
2006-09-02 18:00:00,,,,,0.1,,,,,0.0,0.0,78,,,1006.3,,,,,,,,,1001.2,0.0,,24.4,,,,28.6,,,,,,,,,,,,,,190,190,6.8,8.4,,190,,,6.8,
2006-09-02 19:00:00,,,,,0.0,,,,,0.0,0.0,80,,,1006.5,,,,,,,,,1001.4,0.0,,24.8,,,,28.6,,,,,,,,,,,,,,180,200,5.6,8.7,,190,,,6.8,
2006-09-02 20:00:00,,,,,0.0,,,,,0.0,0.0,80,,,1007.1,,,,,,,,,1002.0,,,25.0,,,,28.7,,,,,,,,,,,,,,180,210,4.8,8.7,,190,,,6.8,
2006-09-02 21:00:00,,,,,0.0,,,,,0.0,0.0,83,,,1008.2,,,,,,,,,1003.1,,,25.8,,,,29.0,,,,,,,,,,,,,,180,170,4.9,7.0,,160,,,5.0,
2006-09-02 22:00:00,,,,,0.0,,,,,0.0,0.0,83,,,1008.4,,,,,,,,,1003.3,,,25.5,,,,28.7,,,,,,,,,,,,,,190,190,4.9,6.5,,190,,,5.4,
2006-09-02 23:00:00,,,,,0.0,,,,,0.0,0.0,82,,,1008.0,,,,,,,,,1002.9,,,25.2,,,,28.6,,,,,,,,,,,,,,190,190,4.8,6.4,,190,,,5.2,
2006-09-03 00:00:00,,,,,0.0,,,,,0.0,0.0,82,,,1007.5,,,,,,,,,1002.4,,,25.1,,,,28.5,,,,,,,,,,,,,,210,200,4.1,6.6,,190,,,5.1,
2006-09-03 01:00:00,,,,,0.0,,,,,0.0,0.0,83,,,1006.7,,,,,,,,,1001.6,,,25.1,,,,28.3,,,,,,,,,,,,,,200,190,3.4,5.9,,190,,,4.7,
2006-09-03 02:00:00,,,,,0.0,,,,,0.0,0.0,84,,,1006.3,,,,,,,,,1001.2,,,25.2,,,,28.1,,,,,,,,,,,,,,190,190,4.3,6.6,,190,,,4.9,
2006-09-03 03:00:00,,,,,0.0,,,,,0.0,0.0,81,,,1006.1,,,,,,,,,1001.0,,,24.6,,,,28.2,,,,,,,,,,,,,,190,190,5.7,7.5,,190,,,5.7,
2006-09-03 04:00:00,,,,,0.0,,,,,0.0,0.0,82,,,1006.2,,,,,,,,,1001.1,,,24.6,,,,28.0,,,,,,,,,,,,,,190,200,5.3,7.8,,190,,,5.8,
2006-09-03 05:00:00,,,,,0.0,,,,,0.0,0.0,80,,,1006.4,,,,,,,,,1001.3,,,24.4,,,,28.2,,,,,,,,,,,,,,190,190,6.3,8.8,,190,,,6.7,
2006-09-03 06:00:00,,,,,0.0,,,,,0.0,0.0,80,,,1007.0,,,,,,,,,1001.9,0.0,,24.4,,,,28.1,,,,,,,,,,,,,,190,190,4.9,7.6,,190,,,6.2,
2006-09-03 07:00:00,,,,,0.0,,,,,0.0,0.0,80,,,1007.6,,,,,,,,,1002.5,0.0,,24.5,,,,28.3,,,,,,,,,,,,,,190,200,4.8,6.6,,190,,,5.5,
2006-09-03 08:00:00,,7.0,,,0.56,,,,,0.0,0.0,80,,,1007.9,,,,,,,,,1002.8,0.4,,25.5,,,,29.3,,,,,,,,,,15.0,,,,180,190,3.9,5.9,,190,,,4.8,
2006-09-03 09:00:00,,8.0,,,0.74,,,,,0.0,0.0,80,,,1008.2,,,,,,,,,1003.1,0.3,,25.4,,,,29.3,,,,,,,,,,15.0,,,,180,190,3.9,6.2,,190,,,4.7,
2006-09-03 10:00:00,,,,,0.64,,,,,0.0,0.0,81,,,1008.4,,,,,,,,,1003.3,0.0,,25.5,,,,29.2,,,,,,,,,,,,,,180,180,4.0,6.2,,180,,,4.6,
2006-09-03 11:00:00,,7.0,,,1.79,,,,,0.0,0.0,80,,,1008.0,,,,,,,,,1002.9,0.8,,26.1,,,,29.9,,,,,,,,,,15.0,,,,210,200,4.2,6.6,,190,,,5.1,
2006-09-03 12:00:00,,,,,2.09,,,,,0.0,0.0,77,,,1007.9,,,,,,,,,1002.8,1.0,,25.9,,,,30.5,,,,,,,,,,,,,,190,190,4.0,6.1,,190,,,4.8,
2006-09-03 13:00:00,,,,,2.15,,,,,0.0,0.0,77,,,1007.3,,,,,,,,,1002.2,1.0,,26.1,,,,30.6,,,,,,,,,,,,,,190,190,4.0,5.9,,190,,,4.5,
2006-09-03 14:00:00,,10.0,,,1.45,,,,,0.0,0.0,78,,,1006.4,,,,,,,,,1001.3,0.3,,25.3,,,,29.6,,,,,,,,,,15.0,,,,190,200,3.9,5.5,,190,,,4.4,
2006-09-03 15:00:00,,,,,1.76,,,,,0.0,0.0,79,,,1005.5,,,,,,,,,1000.4,1.0,,26.6,,,,30.6,,,,,,,,,,,,,,210,210,3.8,5.7,,210,,,4.5,
2006-09-03 16:00:00,,,,,1.26,,,,,0.0,0.0,77,,,1005.6,,,,,,,,,1000.5,1.0,,25.7,,,,30.1,,,,,,,,,,,,,,210,200,4.6,6.1,,210,,,4.6,
2006-09-03 17:00:00,,4.0,,,0.93,,,,,0.0,0.0,81,,,1005.8,,,,,,,,,1000.7,1.0,,25.9,,,,29.5,,,,,,,,,,15.0,,,,210,210,4.3,6.1,,210,,,5.2,
2006-09-03 18:00:00,,,,,0.14,,,,,0.0,0.0,82,,,1005.9,,,,,,,,,1000.8,0.2,,25.3,,,,28.7,,,,,,,,,,,,,,210,220,3.7,5.8,,220,,,4.6,
2006-09-03 19:00:00,,,,,0.0,,,,,0.0,0.0,81,,,1006.3,,,,,,,,,1001.2,0.0,,25.1,,,,28.6,,,,,,,,,,,,,,200,190,4.1,6.1,,200,,,4.7,
2006-09-03 20:00:00,,,,,0.0,,,,,0.0,0.0,80,,,1007.3,,,,,,,,,1002.2,,,25.0,,,,28.7,,,,,,,,,,,,,,190,200,4.1,6.6,,190,,,5.4,
2006-09-03 21:00:00,,,,,0.0,,,,,0.0,0.0,79,,,1007.8,,,,,,,,,1002.7,,,24.9,,,,28.9,,,,,,,,,,,,,,190,200,4.6,7.0,,190,,,5.5,
2006-09-03 22:00:00,,,,,0.0,,,,,0.0,0.0,79,,,1008.2,,,,,,,,,1003.1,,,24.9,,,,28.9,,,,,,,,,,,,,,200,200,4.8,6.3,,190,,,5.0,
2006-09-03 23:00:00,,,,,0.0,,,,,2.0,0.3,82,,,1008.0,,,,,,,,,1002.9,,,25.1,,,,28.4,,,,,,,,,,,,,,190,170,6.1,8.4,,190,,,6.2,
2006-09-04 00:00:00,,,,,0.0,,,,,0.0,0.0,82,,,1007.5,,,,,,,,,1002.4,,,25.3,,,,28.6,,,,,,,,,,,,,,190,200,5.5,8.3,,190,,,6.9,
2006-09-04 01:00:00,,,,,0.0,,,,,0.0,0.0,84,,,1006.9,,,,,,,,,1001.8,,,25.4,,,,28.4,,,,,,,,,,,,,,210,190,4.4,6.8,,200,,,5.4,
2006-09-04 02:00:00,,,,,0.0,,,,,0.0,0.0,82,,,1006.6,,,,,,,,,1001.5,,,24.8,,,,28.2,,,,,,,,,,,,,,200,200,3.9,6.3,,190,,,4.9,
2006-09-04 03:00:00,,,,,0.0,,,,,0.0,0.0,83,,,1006.4,,,,,,,,,1001.3,,,25.1,,,,28.3,,,,,,,,,,,,,,210,210,5.9,7.7,,210,,,6.1,
2006-09-04 04:00:00,,,,,0.0,,,,,0.0,0.0,80,,,1006.5,,,,,,,,,1001.4,,,24.5,,,,28.2,,,,,,,,,,,,,,200,200,6.1,9.1,,210,,,7.1,
2006-09-04 05:00:00,,,,,0.0,,,,,0.0,0.0,79,,,1007.1,,,,,,,,,1002.0,,,24.0,,,,28.0,,,,,,,,,,,,,,210,210,5.5,10.2,,210,,,7.7,
2006-09-04 06:00:00,,,,,0.0,,,,,0.0,0.0,80,,,1007.7,,,,,,,,,1002.6,0.0,,24.2,,,,28.0,,,,,,,,,,,,,,210,210,4.4,7.5,,210,,,5.9,
2006-09-04 07:00:00,,,,,0.0,,,,,0.5,0.2,84,,,1007.9,,,,,,,,,1002.8,0.0,,24.3,,,,27.3,,,,,,,,,,,,,,230,230,6.0,8.4,,230,,,6.0,
2006-09-04 08:00:00,,6.0,,,0.25,,,,,0.0,0.0,79,,,1008.2,,,,,,,,,1003.1,0.1,,24.4,,,,28.3,,,,,,,,,,40.0,,,,210,230,3.0,6.8,,220,,,5.9,
2006-09-04 09:00:00,,7.0,,,1.49,,,,,0.0,0.0,83,,,1008.2,,,,,,,,,1003.1,1.0,,26.5,,,,29.7,,,,,,,,,,40.0,,,,210,220,3.1,5.5,,220,,,4.3,
2006-09-04 10:00:00,,,,,1.8,,,,,0.0,0.0,77,,,1008.1,,,,,,,,,1003.0,0.8,,25.4,,,,29.8,,,,,,,,,,,,,,200,200,5.2,6.8,,210,,,5.5,
2006-09-04 11:00:00,,6.0,,,1.89,,,,,0.0,0.0,76,,,1007.8,,,,,,,,,1002.7,0.9,,25.3,,,,30.1,,,,,,,,,,40.0,,,,200,190,5.6,7.9,,200,,,5.7,
2006-09-04 12:00:00,,,,,2.24,,,,,0.0,0.0,77,,,1007.5,,,,,,,,,1002.4,1.0,,25.9,,,,30.5,,,,,,,,,,,,,,210,210,4.7,8.0,,200,,,6.0,
2006-09-04 13:00:00,,,,,2.32,,,,,0.0,0.0,74,,,1006.8,,,,,,,,,1001.7,1.0,,25.7,,,,30.9,,,,,,,,,,,,,,210,210,5.5,6.8,,210,,,5.8,
2006-09-04 14:00:00,,3.0,,,2.35,,,,,0.0,0.0,75,,,1005.9,,,,,,,,,1000.8,1.0,,25.4,,,,30.4,,,,,,,,,,40.0,,,,220,220,6.1,7.5,,220,,,6.1,
2006-09-04 15:00:00,,,,,1.74,,,,,0.0,0.0,77,,,1005.4,,,,,,,,,1000.3,1.0,,25.7,,,,30.1,,,,,,,,,,,,,,230,230,6.7,7.9,,230,,,6.7,
2006-09-04 16:00:00,,,,,1.34,,,,,0.0,0.0,76,,,1005.5,,,,,,,,,1000.4,1.0,,25.5,,,,30.1,,,,,,,,,,,,,,240,230,7.3,9.4,,230,,,7.8,
2006-09-04 17:00:00,,9.0,,,0.68,,,,,0.0,0.0,78,,,1005.6,,,,,,,,,1000.5,0.4,,24.7,,,,29.0,,,,,,,,,,30.0,,,,240,240,6.7,9.7,,240,,,8.0,
2006-09-04 18:00:00,,,,,0.0,,,,,0.0,0.0,77,,,1006.3,,,,,,,,,1001.2,0.0,,24.5,,,,28.9,,,,,,,,,,,,,,240,230,5.5,9.0,,230,,,7.5,
2006-09-04 19:00:00,,,,,0.0,,,,,0.0,0.0,78,,,1006.8,,,,,,,,,1001.7,0.0,,24.4,,,,28.6,,,,,,,,,,,,,,220,240,4.7,7.2,,240,,,5.9,
2006-09-04 20:00:00,,,,,0.0,,,,,0.0,0.0,78,,,1007.3,,,,,,,,,1002.2,,,24.5,,,,28.7,,,,,,,,,,,,,,210,210,7.3,9.0,,210,,,7.3,
2006-09-04 21:00:00,,,,,0.0,,,,,0.0,0.0,79,,,1008.1,,,,,,,,,1003.0,,,24.5,,,,28.5,,,,,,,,,,,,,,200,210,5.6,7.9,,210,,,7.3,
2006-09-04 22:00:00,,,,,0.0,,,,,0.0,0.0,77,,,1008.4,,,,,,,,,1003.3,,,24.0,,,,28.4,,,,,,,,,,,,,,210,210,6.4,8.1,,210,,,6.6,
2006-09-04 23:00:00,,,,,0.0,,,,,0.0,0.0,79,,,1008.0,,,,,,,,,1002.9,,,24.5,,,,28.4,,,,,,,,,,,,,,210,210,6.3,7.8,,210,,,6.3,
2006-09-05 00:00:00,,,,,0.0,,,,,0.0,0.0,82,,,1008.1,,,,,,,,,1003.0,,,25.0,,,,28.4,,,,,,,,,,,,,,220,220,4.4,7.3,,210,,,6.4,
2006-09-05 01:00:00,,,,,0.0,,,,,0.0,0.0,83,,,1007.7,,,,,,,,,1002.6,,,25.0,,,,28.2,,,,,,,,,,,,,,220,200,4.5,6.6,,210,,,5.4,
2006-09-05 02:00:00,,,,,0.0,,,,,0.0,0.0,84,,,1007.3,,,,,,,,,1002.2,,,24.8,,,,27.8,,,,,,,,,,,,,,240,240,5.7,7.9,,230,,,6.5,
2006-09-05 03:00:00,,,,,0.0,,,,,0.0,0.0,84,,,1006.8,,,,,,,,,1001.7,,,24.6,,,,27.6,,,,,,,,,,,,,,230,230,5.0,7.1,,240,,,6.2,
2006-09-05 04:00:00,,,,,0.0,,,,,0.0,0.0,85,,,1006.5,,,,,,,,,1001.4,,,24.7,,,,27.5,,,,,,,,,,,,,,230,240,5.5,7.1,,240,,,5.9,
2006-09-05 05:00:00,,,,,0.0,,,,,0.0,0.0,85,,,1007.3,,,,,,,,,1002.2,,,24.8,,,,27.6,,,,,,,,,,,,,,240,230,4.1,6.7,,230,,,5.5,
2006-09-05 06:00:00,,,,,0.0,,,,,0.0,0.0,84,,,1007.1,,,,,,,,,1002.0,0.0,,24.6,,,,27.6,,,,,,,,,,,,,,230,240,4.2,5.9,,240,,,4.8,
2006-09-05 07:00:00,,,,,0.0,,,,,0.0,0.0,84,,,1007.9,,,,,,,,,1002.8,0.0,,24.7,,,,27.7,,,,,,,,,,,,,,230,230,3.8,5.8,,240,,,4.5,
2006-09-05 08:00:00,,10.0,,,0.0,,,,,0.0,0.0,82,,,1008.4,,,,,,,,,1003.3,0.0,,24.6,,,,28.0,,,,,,,,,,40.0,,,,210,220,4.2,5.8,,210,,,4.2,
2006-09-05 09:00:00,,10.0,,,0.0,,,,,0.0,0.0,80,,,1008.4,,,,,,,,,1003.3,0.0,,24.5,,,,28.2,,,,,,,,,,40.0,,,,210,230,5.1,6.7,,220,,,5.4,
2006-09-05 10:00:00,,,,,0.42,,,,,0.0,0.0,79,,,1008.2,,,,,,,,,1003.1,0.0,,24.6,,,,28.6,,,,,,,,,,,,,,240,240,6.4,7.5,,240,,,6.4,
2006-09-05 11:00:00,,6.0,,,1.44,,,,,0.0,0.0,79,,,1008.1,,,,,,,,,1003.0,0.5,,25.7,,,,29.7,,,,,,,,,,40.0,,,,230,240,6.4,8.0,,240,,,6.7,
2006-09-05 12:00:00,,,,,2.4,,,,,0.0,0.0,78,,,1007.6,,,,,,,,,1002.5,1.0,,25.7,,,,29.9,,,,,,,,,,,,,,230,240,5.9,8.6,,240,,,7.0,
2006-09-05 13:00:00,,,,,2.27,,,,,0.0,0.0,79,,,1007.1,,,,,,,,,1002.0,1.0,,26.2,,,,30.3,,,,,,,,,,,,,,230,220,4.7,7.8,,230,,,5.9,
2006-09-05 14:00:00,,4.0,,,2.39,,,,,0.0,0.0,80,,,1006.5,,,,,,,,,1001.4,1.0,,26.3,,,,30.2,,,,,,,,,,40.0,,,,220,220,5.1,6.2,,220,,,5.1,
2006-09-05 15:00:00,,,,,1.77,,,,,0.0,0.0,78,,,1005.9,,,,,,,,,1000.8,1.0,,25.8,,,,30.0,,,,,,,,,,,,,,210,210,5.4,6.6,,210,,,5.6,
2006-09-05 16:00:00,,,,,1.34,,,,,0.0,0.0,80,,,1005.9,,,,,,,,,1000.8,1.0,,25.6,,,,29.4,,,,,,,,,,,,,,210,210,6.1,8.5,,210,,,7.0,
2006-09-05 17:00:00,,4.0,,,0.83,,,,,0.0,0.0,82,,,1006.2,,,,,,,,,1001.1,1.0,,25.1,,,,28.5,,,,,,,,,,40.0,,,,210,210,7.3,9.1,,210,,,7.6,
2006-09-05 18:00:00,,,,,0.19,,,,,0.0,0.0,79,,,1006.7,,,,,,,,,1001.6,0.4,,24.3,,,,28.2,,,,,,,,,,,,,,220,210,7.1,9.0,,220,,,7.5,
2006-09-05 19:00:00,,,,,0.0,,,,,0.0,0.0,73,,,1007.0,,,,,,,,,1001.9,0.0,,23.2,,,,28.6,,,,,,,,,,,,,,230,230,6.9,8.7,,220,,,7.0,
2006-09-05 20:00:00,,,,,0.0,,,,,0.0,0.0,78,,,1007.8,,,,,,,,,1002.7,,,24.1,,,,28.4,,,,,,,,,,,,,,230,230,7.3,9.3,,230,,,7.6,
2006-09-05 21:00:00,,,,,0.0,,,,,0.0,0.0,79,,,1008.6,,,,,,,,,1003.5,,,24.5,,,,28.4,,,,,,,,,,,,,,220,230,6.6,8.5,,230,,,7.6,
2006-09-05 22:00:00,,,,,0.0,,,,,0.0,0.0,78,,,1008.8,,,,,,,,,1003.7,,,24.3,,,,28.6,,,,,,,,,,,,,,240,230,6.3,7.8,,220,,,6.5,
2006-09-05 23:00:00,,,,,0.0,,,,,0.0,0.0,78,,,1008.6,,,,,,,,,1003.5,,,24.2,,,,28.4,,,,,,,,,,,,,,240,240,6.3,8.1,,240,,,6.8,
2006-09-06 00:00:00,,,,,0.0,,,,,0.0,0.0,80,,,1008.5,,,,,,,,,1003.4,,,24.3,,,,28.0,,,,,,,,,,,,,,240,230,5.8,8.3,,240,,,6.8,
2006-09-06 01:00:00,,,,,0.0,,,,,0.0,0.0,81,,,1007.7,,,,,,,,,1002.6,,,24.3,,,,27.8,,,,,,,,,,,,,,230,240,5.7,7.2,,240,,,6.3,
2006-09-06 02:00:00,,,,,0.0,,,,,0.0,0.0,82,,,1007.1,,,,,,,,,1002.0,,,24.2,,,,27.6,,,,,,,,,,,,,,220,220,5.5,7.0,,220,,,5.8,
2006-09-06 03:00:00,,,,,0.0,,,,,0.0,0.0,83,,,1007.1,,,,,,,,,1002.0,,,24.4,,,,27.5,,,,,,,,,,,,,,210,210,5.0,6.3,,220,,,5.4,
2006-09-06 04:00:00,,,,,0.0,,,,,0.0,0.0,82,,,1006.8,,,,,,,,,1001.7,,,24.2,,,,27.6,,,,,,,,,,,,,,220,220,6.4,7.4,,220,,,6.4,
2006-09-06 05:00:00,,,,,0.0,,,,,0.0,0.0,82,,,1006.6,,,,,,,,,1001.5,,,24.2,,,,27.5,,,,,,,,,,,,,,220,230,7.0,8.7,,220,,,7.3,
2006-09-06 06:00:00,,,,,0.0,,,,,0.0,0.0,80,,,1006.8,,,,,,,,,1001.7,0.0,,24.0,,,,27.7,,,,,,,,,,,,,,220,220,8.2,9.9,,220,,,8.2,
2006-09-06 07:00:00,,,,,0.0,,,,,0.0,0.0,80,,,1007.2,,,,,,,,,1002.1,0.0,,24.2,,,,28.0,,,,,,,,,,,,,,220,220,8.3,10.1,,220,,,8.5,
2006-09-06 08:00:00,,7.0,,,0.31,,,,,0.0,0.0,78,,,1007.9,,,,,,,,,1002.8,0.0,,24.2,,,,28.4,,,,,,,,,,35.0,,,,230,230,8.5,10.6,,230,,,8.5,
2006-09-06 09:00:00,,7.0,,,0.8,,,,,0.0,0.0,79,,,1008.2,,,,,,,,,1003.1,0.2,,24.5,,,,28.5,,,,,,,,,,35.0,,,,270,230,5.7,10.6,,230,,,8.7,
2006-09-06 10:00:00,,,,,1.1,,,,,0.0,0.0,78,,,1008.2,,,,,,,,,1003.1,0.0,,24.4,,,,28.6,,,,,,,,,,,,,,260,260,5.5,8.0,,270,,,5.6,
2006-09-06 11:00:00,,10.0,,,0.81,,,,,0.0,0.0,80,,,1007.9,,,,,,,,,1002.8,0.0,,25.3,,,,29.1,,,,,,,,,,35.0,,,,260,260,3.1,8.1,,260,,,5.9,
2006-09-06 12:00:00,,,,,1.04,,,,,0.0,0.0,80,,,1007.7,,,,,,,,,1002.6,0.0,,25.0,,,,28.9,,,,,,,,,,,,,,260,250,2.4,3.9,,280,,,3.1,
2006-09-06 13:00:00,,,,,1.26,,,,,0.0,0.0,80,,,1007.3,,,,,,,,,1002.2,0.2,,24.6,,,,28.4,,,,,,,,,,,,,,250,260,4.1,7.0,,250,,,4.1,
2006-09-06 14:00:00,,10.0,,,0.64,,,,,0.0,0.0,82,,,1006.8,,,,,,,,,1001.7,0.0,,25.2,,,,28.5,,,,,,,,,,35.0,,,,250,260,2.8,7.5,,260,,,5.4,
2006-09-06 15:00:00,,,,,1.03,,,,,0.0,0.0,83,,,1006.4,,,,,,,,,1001.3,0.0,,25.6,,,,28.7,,,,,,,,,,,,,,200,250,3.1,4.8,,210,,,3.6,
2006-09-06 16:00:00,,,,,0.71,,,,,0.0,0.0,84,,,1006.3,,,,,,,,,1001.2,0.0,,23.9,,,,26.9,,,,,,,,,,,,,,220,230,6.1,8.4,,220,,,6.3,
2006-09-06 17:00:00,,10.0,,,0.53,,,,,0.0,0.0,85,,,1006.5,,,,,,,,,1001.4,0.0,,24.2,,,,27.0,,,,,,,,,,35.0,,,,190,190,7.6,10.0,,210,,,7.8,
2006-09-06 18:00:00,,,,,0.0,,,,,0.0,0.0,85,,,1006.9,,,,,,,,,1001.7,0.0,,23.8,,,,26.6,,,,,,,,,,,,,,200,210,6.9,11.4,,190,,,8.9,
2006-09-06 19:00:00,,,,,0.0,,,,,0.0,0.0,84,,,1006.7,,,,,,,,,1001.6,0.0,,24.0,,,,27.0,,,,,,,,,,,,,,220,200,6.7,11.2,,210,,,8.2,
2006-09-06 20:00:00,,,,,0.0,,,,,0.0,0.0,81,,,1007.5,,,,,,,,,1002.4,,,24.0,,,,27.6,,,,,,,,,,,,,,210,220,4.8,7.5,,220,,,6.4,
2006-09-06 21:00:00,,,,,0.0,,,,,0.0,0.0,81,,,1007.8,,,,,,,,,1002.7,,,24.2,,,,27.8,,,,,,,,,,,,,,210,210,5.3,7.3,,210,,,6.2,
2006-09-06 22:00:00,,,,,0.0,,,,,0.0,0.0,82,,,1007.8,,,,,,,,,1002.7,,,24.7,,,,28.1,,,,,,,,,,,,,,220,220,6.6,8.7,,210,,,7.2,
2006-09-06 23:00:00,,,,,0.0,,,,,0.0,0.0,81,,,1008.0,,,,,,,,,1002.9,,,24.9,,,,28.4,,,,,,,,,,,,,,230,230,6.7,8.6,,230,,,7.1,
2006-09-07 00:00:00,,,,,0.0,,,,,2.5,0.6,85,,,1007.7,,,,,,,,,1002.5,,,23.9,,,,26.6,,,,,,,,,,,,,,280,290,4.4,10.7,,290,,,7.5,
2006-09-07 01:00:00,,,,,0.0,,,,,0.0,0.0,85,,,1007.8,,,,,,,,,1002.6,,,23.7,,,,26.4,,,,,,,,,,,,,,270,280,1.9,4.7,,280,,,4.4,
2006-09-07 02:00:00,,,,,0.0,,,,,2.5,0.4,87,,,1007.9,,,,,,,,,1002.7,,,24.4,,,,26.7,,,,,,,,,,,,,,0,240,0.1,2.5,,270,,,1.8,
2006-09-07 03:00:00,,,,,0.0,,,,,10.5,1.0,88,,,1007.2,,,,,,,,,1002.0,,,24.1,,,,26.2,,,,,,,,,,,,,,100,170,2.9,5.4,,170,,,3.1,
2006-09-07 04:00:00,,,,,0.0,,,,,3.5,0.8,88,,,1007.2,,,,,,,,,1002.0,,,24.0,,,,26.2,,,,,,,,,,,,,,160,140,3.9,6.4,,140,,,4.8,
2006-09-07 05:00:00,,,,,0.0,,,,,0.0,0.0,89,,,1007.4,,,,,,,,,1002.2,,,24.3,,,,26.3,,,,,,,,,,,,,,170,180,4.8,6.6,,160,,,4.9,
2006-09-07 06:00:00,,,,,0.0,,,,,2.0,0.2,89,,,1007.9,,,,,,,,,1002.7,0.0,,24.2,,,,26.2,,,,,,,,,,,,,,210,210,8.4,11.2,,210,,,8.7,
2006-09-07 07:00:00,,,,,0.0,,,,,1.5,0.4,89,,,1008.1,,,,,,,,,1002.9,0.0,,24.5,,,,26.5,,,,,,,,,,,,,,200,190,4.7,9.6,,210,,,8.2,
2006-09-07 08:00:00,,10.0,,,0.48,,,,,0.0,0.0,87,,,1008.6,,,,,,,,,1003.4,0.1,,25.0,,,,27.3,,,,,,,,,,10.0,,,,210,220,4.8,7.3,,200,,,5.5,
2006-09-07 09:00:00,,9.0,,,1.06,,,,,0.0,0.0,84,,,1008.9,,,,,,,,,1003.8,0.9,,25.2,,,,28.1,,,,,,,,,,25.0,,,,210,210,5.2,6.5,,220,,,5.4,
2006-09-07 10:00:00,,,,,1.32,,,,,0.0,0.0,82,,,1008.9,,,,,,,,,1003.8,0.3,,25.2,,,,28.6,,,,,,,,,,,,,,220,220,5.8,7.3,,220,,,5.8,
2006-09-07 11:00:00,,10.0,,,1.27,,,,,0.0,0.0,84,,,1008.4,,,,,,,,,1003.3,0.1,,24.9,,,,27.8,,,,,,,,,,25.0,,,,240,240,7.0,9.1,,240,,,7.5,
2006-09-07 12:00:00,,,,,1.0,,,,,0.0,0.0,84,,,1007.9,,,,,,,,,1002.8,0.0,,24.8,,,,27.8,,,,,,,,,,,,,,250,250,5.7,8.6,,240,,,7.0,
2006-09-07 13:00:00,,,,,0.76,,,,,0.0,0.0,85,,,1007.3,,,,,,,,,1002.2,0.0,,24.7,,,,27.5,,,,,,,,,,,,,,250,250,5.3,8.4,,250,,,5.8,
2006-09-07 14:00:00,,9.0,,,1.11,,,,,0.0,0.0,83,,,1006.4,,,,,,,,,1001.3,0.1,,25.6,,,,28.7,,,,,,,,,,15.0,,,,270,250,5.3,6.6,,270,,,5.3,
2006-09-07 15:00:00,,,,,1.62,,,,,0.0,0.0,79,,,1005.5,,,,,,,,,1000.4,0.8,,24.8,,,,28.9,,,,,,,,,,,,,,300,280,5.2,7.0,,270,,,6.0,
2006-09-07 16:00:00,,,,,1.27,,,,,0.0,0.0,82,,,1006.1,,,,,,,,,1001.0,0.5,,25.9,,,,29.2,,,,,,,,,,,,,,270,310,3.5,7.3,,300,,,5.5,
2006-09-07 17:00:00,,10.0,,,0.34,,,,,0.0,0.0,84,,,1006.5,,,,,,,,,1001.4,0.0,,24.6,,,,27.6,,,,,,,,,,15.0,,,,10,300,0.8,4.3,,270,,,3.3,
2006-09-07 18:00:00,,,,,0.0,,,,,0.0,0.0,80,,,1006.6,,,,,,,,,1001.5,0.0,,23.7,,,,27.5,,,,,,,,,,,,,,0,310,0.0,2.2,,10,,,0.8,
2006-09-07 19:00:00,,,,,0.0,,,,,0.0,0.0,84,,,1007.4,,,,,,,,,1002.3,0.0,,24.4,,,,27.3,,,,,,,,,,,,,,90,90,0.2,2.2,,80,,,0.5,
2006-09-07 20:00:00,,,,,0.0,,,,,0.0,0.0,85,,,1007.8,,,,,,,,,1002.7,,,24.9,,,,27.7,,,,,,,,,,,,,,0,40,0.0,2.2,,40,,,0.8,
2006-09-07 21:00:00,,,,,0.0,,,,,0.5,0.1,87,,,1008.8,,,,,,,,,1003.6,,,24.8,,,,27.2,,,,,,,,,,,,,,90,100,2.0,3.4,,90,,,2.6,
2006-09-07 22:00:00,,,,,0.0,,,,,0.0,0.0,87,,,1008.7,,,,,,,,,1003.5,,,24.6,,,,27.0,,,,,,,,,,,,,,140,100,3.5,7.4,,90,,,4.7,
2006-09-07 23:00:00,,,,,0.0,,,,,0.0,0.0,87,,,1008.7,,,,,,,,,1003.5,,,24.9,,,,27.3,,,,,,,,,,,,,,160,160,3.7,4.9,,150,,,3.7,
2006-09-08 00:00:00,,,,,0.0,,,,,0.0,0.0,86,,,1008.9,,,,,,,,,1003.7,,,24.8,,,,27.3,,,,,,,,,,,,,,170,160,3.5,5.3,,170,,,4.1,
2006-09-08 01:00:00,,,,,0.0,,,,,0.0,0.0,85,,,1008.6,,,,,,,,,1003.4,,,24.5,,,,27.2,,,,,,,,,,,,,,180,170,2.8,4.5,,170,,,3.5,
2006-09-08 02:00:00,,,,,0.0,,,,,0.0,0.0,84,,,1007.9,,,,,,,,,1002.8,,,24.3,,,,27.2,,,,,,,,,,,,,,190,180,2.5,4.3,,190,,,3.5,
2006-09-08 03:00:00,,,,,0.0,,,,,0.0,0.0,84,,,1008.1,,,,,,,,,1002.9,,,24.2,,,,27.1,,,,,,,,,,,,,,170,170,2.5,3.8,,170,,,3.0,
2006-09-08 04:00:00,,,,,0.0,,,,,0.0,0.0,89,,,1007.4,,,,,,,,,1002.2,,,24.9,,,,26.9,,,,,,,,,,,,,,250,260,2.3,3.5,,170,,,2.7,
2006-09-08 05:00:00,,,,,0.0,,,,,0.0,0.0,88,,,1007.3,,,,,,,,,1002.1,,,24.5,,,,26.7,,,,,,,,,,,,,,280,240,0.8,3.7,,250,,,2.9,
2006-09-08 06:00:00,,,,,0.0,,,,,0.0,0.0,89,,,1007.9,,,,,,,,,1002.7,0.0,,24.5,,,,26.5,,,,,,,,,,,,,,0,280,0.0,2.3,,290,,,0.6,
2006-09-08 07:00:00,,,,,0.0,,,,,0.0,0.0,91,,,1008.3,,,,,,,,,1003.1,0.0,,25.1,,,,26.6,,,,,,,,,,,,,,0,290,0.2,2.0,,0,,,1.2,
2006-09-08 08:00:00,,4.0,,,0.46,,,,,0.0,0.0,89,,,1008.3,,,,,,,,,1003.2,0.3,,25.7,,,,27.7,,,,,,,,,,10.0,,,,260,260,0.5,3.0,,260,,,1.5,
2006-09-08 09:00:00,,1.0,,,1.14,,,,,0.0,0.0,84,,,1008.5,,,,,,,,,1003.4,0.9,,26.0,,,,28.9,,,,,,,,,,10.0,,,,260,260,2.2,4.1,,260,,,2.8,
2006-09-08 10:00:00,,,,,1.75,,,,,0.0,0.0,84,,,1008.9,,,,,,,,,1003.8,1.0,,26.3,,,,29.2,,,,,,,,,,,,,,260,300,1.6,3.4,,280,,,2.5,
2006-09-08 11:00:00,,2.0,,,2.09,,,,,0.0,0.0,82,,,1008.9,,,,,,,,,1003.8,1.0,,26.2,,,,29.7,,,,,,,,,,10.0,,,,240,240,2.2,3.8,,240,,,2.8,
2006-09-08 12:00:00,,,,,1.64,,,,,0.0,0.0,78,,,1008.6,,,,,,,,,1003.5,0.5,,24.9,,,,29.2,,,,,,,,,,,,,,230,250,2.1,3.6,,240,,,2.7,
2006-09-08 13:00:00,,,,,1.87,,,,,0.0,0.0,76,,,1008.2,,,,,,,,,1003.1,0.5,,25.3,,,,29.9,,,,,,,,,,,,,,260,240,1.8,3.3,,270,,,2.5,
2006-09-08 14:00:00,,2.0,,,1.6,,,,,0.0,0.0,74,,,1007.7,,,,,,,,,1002.6,0.6,,25.7,,,,30.8,,,,,,,,,,10.0,,,,270,280,2.4,3.0,,270,,,2.4,
2006-09-08 15:00:00,,,,,1.68,,,,,0.0,0.0,76,,,1007.0,,,,,,,,,1001.9,1.0,,25.7,,,,30.4,,,,,,,,,,,,,,270,290,2.7,4.2,,270,,,3.5,
2006-09-08 16:00:00,,,,,1.21,,,,,0.0,0.0,81,,,1006.8,,,,,,,,,1001.7,1.0,,26.0,,,,29.6,,,,,,,,,,,,,,270,270,1.9,3.9,,270,,,3.0,
2006-09-08 17:00:00,,4.0,,,0.8,,,,,0.0,0.0,79,,,1007.3,,,,,,,,,1002.2,0.3,,24.9,,,,28.9,,,,,,,,,,10.0,,,,0,260,0.0,2.8,,270,,,2.0,
2006-09-08 18:00:00,,,,,0.01,,,,,0.0,0.0,82,,,1007.8,,,,,,,,,1002.7,0.0,,24.7,,,,28.0,,,,,,,,,,,,,,0,130,0.1,2.2,,0,,,1.1,
2006-09-08 19:00:00,,,,,0.0,,,,,0.0,0.0,83,,,1008.5,,,,,,,,,1003.4,0.0,,24.5,,,,27.6,,,,,,,,,,,,,,100,100,3.0,4.1,,100,,,3.3,
2006-09-08 20:00:00,,,,,0.0,,,,,0.5,0.2,84,,,1009.1,,,,,,,,,1003.9,,,23.9,,,,26.8,,,,,,,,,,,,,,100,110,5.1,7.1,,100,,,5.2,
2006-09-08 21:00:00,,,,,0.0,,,,,0.0,0.0,87,,,1009.8,,,,,,,,,1004.6,,,24.6,,,,26.9,,,,,,,,,,,,,,120,100,4.0,6.8,,100,,,5.1,
2006-09-08 22:00:00,,,,,0.0,,,,,0.0,0.0,87,,,1009.6,,,,,,,,,1004.4,,,24.6,,,,26.9,,,,,,,,,,,,,,150,150,4.7,6.8,,140,,,4.8,
2006-09-08 23:00:00,,,,,0.0,,,,,0.0,0.0,86,,,1009.7,,,,,,,,,1004.5,,,24.1,,,,26.7,,,,,,,,,,,,,,140,150,2.7,7.2,,150,,,5.6,
2006-09-09 00:00:00,,,,,0.0,,,,,0.0,0.0,85,,,1009.7,,,,,,,,,1004.5,,,24.3,,,,27.0,,,,,,,,,,,,,,0,160,0.0,3.5,,140,,,2.7,
2006-09-09 01:00:00,,,,,0.0,,,,,0.0,0.0,84,,,1009.4,,,,,,,,,1004.2,,,24.2,,,,27.1,,,,,,,,,,,,,,170,170,3.0,4.5,,170,,,3.5,
2006-09-09 02:00:00,,,,,0.0,,,,,0.0,0.0,85,,,1008.9,,,,,,,,,1003.7,,,24.5,,,,27.2,,,,,,,,,,,,,,210,220,1.6,3.4,,170,,,2.9,
2006-09-09 03:00:00,,,,,0.0,,,,,0.0,0.0,85,,,1007.9,,,,,,,,,1002.8,,,24.4,,,,27.2,,,,,,,,,,,,,,0,190,0.0,3.5,,190,,,2.7,
2006-09-09 04:00:00,,,,,0.0,,,,,0.0,0.0,85,,,1008.3,,,,,,,,,1003.1,,,24.3,,,,27.1,,,,,,,,,,,,,,170,170,2.0,2.7,,170,,,2.3,
2006-09-09 05:00:00,,,,,0.0,,,,,0.0,0.0,87,,,1008.1,,,,,,,,,1002.9,,,24.1,,,,26.5,,,,,,,,,,,,,,140,170,0.3,2.5,,170,,,2.0,
2006-09-09 06:00:00,,,,,0.0,,,,,0.0,0.0,87,,,1008.5,,,,,,,,,1003.3,0.0,,24.3,,,,26.6,,,,,,,,,,,,,,0,0,0.0,0.0,,0,,,0.0,
2006-09-09 07:00:00,,,,,0.13,,,,,0.0,0.0,91,,,1008.7,,,,,,,,,1003.6,0.2,,25.8,,,,27.4,,,,,,,,,,,,,,0,0,0.0,0.0,,0,,,0.0,
2006-09-09 08:00:00,,7.0,,,0.61,,,,,0.0,0.0,87,,,1009.1,,,,,,,,,1004.0,0.9,,26.1,,,,28.5,,,,,,,,,,10.0,,,,60,80,1.2,2.9,,30,,,1.8,
2006-09-09 09:00:00,,6.0,,,1.2,,,,,0.0,0.0,84,,,1009.3,,,,,,,,,1004.2,1.0,,26.3,,,,29.3,,,,,,,,,,10.0,,,,140,120,2.5,4.3,,110,,,2.9,
2006-09-09 10:00:00,,,,,1.61,,,,,0.0,0.0,80,,,1009.6,,,,,,,,,1004.5,1.0,,26.1,,,,29.9,,,,,,,,,,,,,,140,160,2.3,4.4,,150,,,3.1,
2006-09-09 11:00:00,,3.0,,,1.98,,,,,0.0,0.0,77,,,1009.3,,,,,,,,,1004.2,0.9,,25.7,,,,30.1,,,,,,,,,,10.0,,,,210,150,2.0,3.9,,130,,,2.5,
2006-09-09 12:00:00,,,,,2.4,,,,,0.0,0.0,76,,,1009.1,,,,,,,,,1004.0,1.0,,25.9,,,,30.7,,,,,,,,,,,,,,250,210,0.3,3.7,,210,,,2.5,
2006-09-09 13:00:00,,,,,1.95,,,,,0.0,0.0,79,,,1008.8,,,,,,,,,1003.7,0.9,,25.6,,,,29.6,,,,,,,,,,,,,,20,10,2.5,3.9,,20,,,2.7,
2006-09-09 14:00:00,,3.0,,,1.89,,,,,0.0,0.0,78,,,1008.0,,,,,,,,,1002.9,1.0,,25.4,,,,29.6,,,,,,,,,,10.0,,,,10,360,3.2,4.5,,10,,,3.2,
2006-09-09 15:00:00,,,,,1.69,,,,,0.0,0.0,79,,,1007.7,,,,,,,,,1002.6,1.0,,25.4,,,,29.4,,,,,,,,,,,,,,360,350,3.2,4.7,,350,,,3.7,
2006-09-09 16:00:00,,,,,1.22,,,,,0.0,0.0,78,,,1007.6,,,,,,,,,1002.5,1.0,,25.0,,,,29.3,,,,,,,,,,,,,,10,360,4.3,6.6,,10,,,4.7,
2006-09-09 17:00:00,,10.0,,,0.56,,,,,0.0,0.0,82,,,1007.9,,,,,,,,,1002.8,0.2,,24.9,,,,28.2,,,,,,,,,,10.0,,,,20,10,5.1,8.3,,10,,,5.8,
2006-09-09 18:00:00,,,,,0.0,,,,,0.0,0.0,84,,,1007.9,,,,,,,,,1002.8,0.0,,24.8,,,,27.7,,,,,,,,,,,,,,10,20,4.1,6.8,,20,,,5.2,
2006-09-09 19:00:00,,,,,0.0,,,,,0.0,0.0,81,,,1008.5,,,,,,,,,1003.4,0.0,,24.3,,,,27.8,,,,,,,,,,,,,,10,20,3.6,7.2,,10,,,4.8,
2006-09-09 20:00:00,,,,,0.0,,,,,0.5,0.1,81,,,1008.7,,,,,,,,,1003.6,,,24.2,,,,27.7,,,,,,,,,,,,,,10,360,8.9,12.1,,10,,,8.9,
2006-09-09 21:00:00,,,,,0.0,,,,,1.0,0.3,83,,,1008.9,,,,,,,,,1003.8,,,24.5,,,,27.6,,,,,,,,,,,,,,10,20,10.6,17.0,,10,,,11.4,
2006-09-09 22:00:00,,,,,0.0,,,,,0.0,0.0,82,,,1009.3,,,,,,,,,1004.2,,,24.3,,,,27.7,,,,,,,,,,,,,,20,30,12.4,18.4,,20,,,13.6,
2006-09-09 23:00:00,,,,,0.0,,,,,0.0,0.0,81,,,1009.3,,,,,,,,,1004.1,,,23.9,,,,27.5,,,,,,,,,,,,,,20,30,11.0,16.6,,20,,,12.3,
2006-09-10 00:00:00,,,,,0.0,,,,,0.0,0.0,82,,,1008.8,,,,,,,,,1003.7,,,24.1,,,,27.4,,,,,,,,,,,,,,30,20,10.7,15.6,,20,,,12.0,
2006-09-10 01:00:00,,,,,0.0,,,,,0.0,0.0,83,,,1008.9,,,,,,,,,1003.7,,,24.0,,,,27.2,,,,,,,,,,,,,,40,30,9.4,16.3,,30,,,11.7,
2006-09-10 02:00:00,,,,,0.0,,,,,0.5,0.2,85,,,1008.5,,,,,,,,,1003.3,,,23.6,,,,26.3,,,,,,,,,,,,,,40,60,7.0,11.0,,40,,,8.9,
2006-09-10 03:00:00,,,,,0.0,,,,,3.0,1.0,86,,,1008.1,,,,,,,,,1002.9,,,22.9,,,,25.5,,,,,,,,,,,,,,50,50,11.3,16.6,,50,,,11.3,
2006-09-10 04:00:00,,,,,0.0,,,,,4.5,0.7,84,,,1008.2,,,,,,,,,1003.0,,,23.5,,,,26.4,,,,,,,,,,,,,,50,70,7.8,12.7,,50,,,11.8,
2006-09-10 05:00:00,,,,,0.0,,,,,0.0,0.0,82,,,1007.9,,,,,,,,,1002.7,,,23.3,,,,26.7,,,,,,,,,,,,,,30,30,9.5,18.1,,30,,,12.6,
2006-09-10 06:00:00,,,,,0.0,,,,,0.0,0.0,82,,,1008.0,,,,,,,,,1002.8,0.0,,23.2,,,,26.6,,,,,,,,,,,,,,40,20,9.9,14.8,,20,,,11.4,
2006-09-10 07:00:00,,,,,0.0,,,,,0.0,0.0,78,,,1007.8,,,,,,,,,1002.6,0.0,,22.8,,,,27.0,,,,,,,,,,,,,,30,30,15.2,23.4,,30,,,16.4,
2006-09-10 08:00:00,,7.0,,,0.31,,,,,0.0,0.0,78,,,1007.8,,,,,,,,,1002.7,0.2,,23.3,,,,27.5,,,,,,,,,,10.0,,,,20,30,14.4,22.5,,20,,,17.0,
2006-09-10 09:00:00,,7.0,,,1.15,,,,,0.0,0.0,79,,,1007.6,,,,,,,,,1002.5,0.9,,23.7,,,,27.7,,,,,,,,,,10.0,,,,20,30,15.4,23.4,,20,,,16.0,
2006-09-10 10:00:00,,,,,1.26,,,,,0.0,0.0,77,,,1008.0,,,,,,,,,1002.9,0.5,,23.0,,,,27.3,,,,,,,,,,,,,,20,20,14.9,24.3,,20,,,17.4,
2006-09-10 11:00:00,,8.0,,,1.07,,,,,0.0,0.0,79,,,1007.7,,,,,,,,,1002.6,0.2,,23.6,,,,27.5,,,,,,,,,,10.0,,,,20,30,15.2,22.8,,20,,,16.5,
2006-09-10 12:00:00,,,,,1.72,,,,,0.0,0.0,77,,,1007.4,,,,,,,,,1002.3,0.4,,23.1,,,,27.6,,,,,,,,,,,,,,20,20,15.4,23.5,,20,,,16.9,
2006-09-10 13:00:00,,,,,1.58,,,,,0.0,0.0,78,,,1006.3,,,,,,,,,1001.2,0.1,,23.3,,,,27.4,,,,,,,,,,,,,,20,20,15.5,24.1,,20,,,16.8,
2006-09-10 14:00:00,,10.0,,,0.85,,,,,0.0,0.0,79,,,1005.5,,,,,,,,,1000.4,0.0,,23.3,,,,27.2,,,,,,,,,,10.0,,,,20,40,17.2,25.2,,20,,,17.3,
2006-09-10 15:00:00,,,,,0.54,,,,,0.0,0.0,80,,,1004.9,,,,,,,,,999.8,0.0,,23.6,,,,27.4,,,,,,,,,,,,,,20,20,17.1,23.2,,20,,,18.2,
2006-09-10 16:00:00,,,,,0.46,,,,,0.0,0.0,79,,,1004.8,,,,,,,,,999.7,0.0,,23.5,,,,27.4,,,,,,,,,,,,,,30,10,17.0,25.1,,30,,,18.4,
2006-09-10 17:00:00,,10.0,,,0.05,,,,,0.0,0.0,79,,,1004.9,,,,,,,,,999.8,0.0,,23.1,,,,27.0,,,,,,,,,,10.0,,,,20,30,17.0,23.4,,20,,,17.0,
2006-09-10 18:00:00,,,,,0.0,,,,,0.0,0.0,81,,,1005.0,,,,,,,,,999.9,0.0,,23.2,,,,26.7,,,,,,,,,,,,,,20,20,16.6,23.1,,20,,,17.5,
2006-09-10 19:00:00,,,,,0.0,,,,,0.0,0.0,82,,,1005.6,,,,,,,,,1000.4,0.0,,22.8,,,,26.1,,,,,,,,,,,,,,20,20,17.5,24.9,,20,,,18.2,
2006-09-10 20:00:00,,,,,0.0,,,,,0.5,0.2,82,,,1006.2,,,,,,,,,1001.0,,,23.1,,,,26.4,,,,,,,,,,,,,,20,30,15.5,23.6,,20,,,17.5,
2006-09-10 21:00:00,,,,,0.0,,,,,0.0,0.0,81,,,1006.4,,,,,,,,,1001.3,,,23.3,,,,26.8,,,,,,,,,,,,,,30,20,15.3,22.7,,20,,,16.5,
2006-09-10 22:00:00,,,,,0.0,,,,,0.0,0.0,82,,,1006.8,,,,,,,,,1001.6,,,23.2,,,,26.6,,,,,,,,,,,,,,20,20,15.0,21.9,,20,,,16.6,
2006-09-10 23:00:00,,,,,0.0,,,,,0.0,0.0,82,,,1006.0,,,,,,,,,1000.9,,,23.5,,,,26.8,,,,,,,,,,,,,,20,20,14.5,19.4,,20,,,15.1,
2006-09-11 00:00:00,,,,,0.0,,,,,0.0,0.0,82,,,1005.7,,,,,,,,,1000.6,,,23.4,,,,26.8,,,,,,,,,,,,,,20,30,14.1,21.0,,20,,,15.2,
2006-09-11 01:00:00,,,,,0.0,,,,,0.0,0.0,82,,,1005.2,,,,,,,,,1000.1,,,23.7,,,,27.0,,,,,,,,,,,,,,20,30,13.8,20.3,,20,,,15.3,
2006-09-11 02:00:00,,,,,0.0,,,,,0.0,0.0,83,,,1005.0,,,,,,,,,999.9,,,23.6,,,,26.7,,,,,,,,,,,,,,20,30,13.2,18.2,,20,,,14.4,
2006-09-11 03:00:00,,,,,0.0,,,,,0.0,0.0,83,,,1004.5,,,,,,,,,999.4,,,23.5,,,,26.6,,,,,,,,,,,,,,30,20,12.5,18.1,,20,,,13.7,
2006-09-11 04:00:00,,,,,0.0,,,,,0.0,0.0,81,,,1004.3,,,,,,,,,999.2,,,23.3,,,,26.8,,,,,,,,,,,,,,20,10,14.2,20.9,,20,,,14.8,
2006-09-11 05:00:00,,,,,0.0,,,,,0.0,0.0,83,,,1004.7,,,,,,,,,999.6,,,23.5,,,,26.7,,,,,,,,,,,,,,10,20,12.2,19.4,,20,,,14.1,
2006-09-11 06:00:00,,,,,0.0,,,,,3.0,0.5,86,,,1005.0,,,,,,,,,999.9,0.0,,24.0,,,,26.5,,,,,,,,,,,,,,20,10,11.2,19.8,,10,,,15.2,
2006-09-11 07:00:00,,,,,0.0,,,,,1.5,0.3,88,,,1005.5,,,,,,,,,1000.4,0.0,,24.4,,,,26.6,,,,,,,,,,,,,,10,10,11.5,19.3,,10,,,13.2,
2006-09-11 08:00:00,,10.0,,,0.28,,,,,0.0,0.0,85,,,1005.7,,,,,,,,,1000.6,0.0,,24.1,,,,26.8,,,,,,,,,,10.0,,,,10,10,11.1,17.1,,10,,,12.4,
2006-09-11 09:00:00,,10.0,,,0.62,,,,,0.0,0.0,84,,,1006.2,,,,,,,,,1001.1,0.0,,24.2,,,,27.2,,,,,,,,,,10.0,,,,10,10,10.4,15.2,,10,,,11.4,
2006-09-11 10:00:00,,,,,1.04,,,,,0.0,0.0,84,,,1006.7,,,,,,,,,1001.6,0.0,,25.0,,,,27.9,,,,,,,,,,,,,,10,360,8.2,13.7,,10,,,10.7,
2006-09-11 11:00:00,,10.0,,,1.25,,,,,0.0,0.0,83,,,1006.9,,,,,,,,,1001.8,0.0,,24.8,,,,28.0,,,,,,,,,,20.0,,,,10,10,6.0,11.6,,10,,,8.2,
2006-09-11 12:00:00,,,,,1.03,,,,,0.0,0.0,82,,,1006.8,,,,,,,,,1001.7,0.0,,24.8,,,,28.2,,,,,,,,,,,,,,20,10,4.6,8.3,,10,,,6.3,
2006-09-11 13:00:00,,,,,0.36,,,,,0.0,0.0,84,,,1006.4,,,,,,,,,1001.3,0.0,,24.7,,,,27.6,,,,,,,,,,,,,,30,20,5.1,6.3,,30,,,5.1,
2006-09-11 14:00:00,,10.0,,,0.0,,,,,7.0,0.2,80,,,1006.6,,,,,,,,,1001.5,0.0,,23.4,,,,27.2,,,,,,,,,,20.0,,,,210,200,5.5,9.0,,200,,,6.2,
2006-09-11 15:00:00,,,,,0.0,,,,,0.0,0.0,85,,,1006.7,,,,,,,,,1001.5,0.0,,23.7,,,,26.5,,,,,,,,,,,,,,200,190,7.9,14.2,,190,,,10.4,
2006-09-11 16:00:00,,,,,0.0,,,,,0.0,0.0,82,,,1007.0,,,,,,,,,1001.8,0.0,,23.4,,,,26.7,,,,,,,,,,,,,,200,180,7.9,11.6,,210,,,8.4,
2006-09-11 17:00:00,,10.0,,,0.0,,,,,0.0,0.0,82,,,1007.1,,,,,,,,,1001.9,0.0,,22.5,,,,25.9,,,,,,,,,,20.0,,,,210,190,5.1,11.0,,190,,,8.5,
2006-09-11 18:00:00,,,,,0.0,,,,,0.0,0.0,86,,,1007.4,,,,,,,,,1002.2,0.0,,23.5,,,,26.1,,,,,,,,,,,,,,300,210,3.7,5.7,,220,,,5.0,
2006-09-11 19:00:00,,,,,0.0,,,,,0.5,0.2,86,,,1007.5,,,,,,,,,1002.3,0.0,,23.3,,,,25.9,,,,,,,,,,,,,,330,310,4.3,6.3,,320,,,5.1,
2006-09-11 20:00:00,,,,,0.0,,,,,0.5,0.2,85,,,1008.1,,,,,,,,,1002.9,,,22.9,,,,25.6,,,,,,,,,,,,,,340,350,2.5,6.1,,330,,,4.2,
2006-09-11 21:00:00,,,,,0.0,,,,,0.0,0.0,84,,,1008.8,,,,,,,,,1003.6,,,22.9,,,,25.8,,,,,,,,,,,,,,10,350,2.9,4.6,,350,,,3.3,
2006-09-11 22:00:00,,,,,0.0,,,,,0.5,0.3,83,,,1009.1,,,,,,,,,1003.9,,,22.8,,,,25.9,,,,,,,,,,,,,,360,350,3.0,4.1,,10,,,3.1,
2006-09-11 23:00:00,,,,,0.0,,,,,0.0,0.0,86,,,1009.2,,,,,,,,,1004.0,,,23.2,,,,25.7,,,,,,,,,,,,,,50,50,2.9,5.3,,50,,,4.3,
2006-09-12 00:00:00,,,,,0.0,,,,,1.5,0.2,88,,,1009.4,,,,,,,,,1004.2,,,23.5,,,,25.7,,,,,,,,,,,,,,30,40,1.9,4.3,,40,,,3.5,
2006-09-12 01:00:00,,,,,0.0,,,,,0.0,0.0,86,,,1008.9,,,,,,,,,1003.7,,,23.6,,,,26.2,,,,,,,,,,,,,,20,10,2.3,4.0,,10,,,3.1,
2006-09-12 02:00:00,,,,,0.0,,,,,1.0,0.3,85,,,1008.9,,,,,,,,,1003.7,,,23.7,,,,26.4,,,,,,,,,,,,,,190,200,5.8,12.4,,190,,,8.2,
2006-09-12 03:00:00,,,,,0.0,,,,,0.5,0.2,83,,,1008.5,,,,,,,,,1003.3,,,23.8,,,,26.9,,,,,,,,,,,,,,170,170,8.2,11.0,,170,,,8.2,
2006-09-12 04:00:00,,,,,0.0,,,,,0.0,0.0,83,,,1008.5,,,,,,,,,1003.3,,,22.4,,,,25.5,,,,,,,,,,,,,,170,180,7.2,13.5,,170,,,9.8,
2006-09-12 05:00:00,,,,,0.0,,,,,0.0,0.0,82,,,1008.5,,,,,,,,,1003.3,,,23.5,,,,26.8,,,,,,,,,,,,,,170,150,5.5,9.6,,160,,,7.4,
2006-09-12 06:00:00,,,,,0.0,,,,,0.0,0.0,81,,,1009.2,,,,,,,,,1004.0,0.0,,23.5,,,,27.0,,,,,,,,,,,,,,160,170,5.6,8.5,,160,,,6.3,
2006-09-12 07:00:00,,,,,0.1,,,,,0.0,0.0,82,,,1009.5,,,,,,,,,1004.3,0.0,,24.1,,,,27.5,,,,,,,,,,,,,,160,160,5.8,9.6,,150,,,7.8,
2006-09-12 08:00:00,,9.0,,,0.72,,,,,0.0,0.0,81,,,1010.0,,,,,,,,,1004.9,0.3,,24.5,,,,28.1,,,,,,,,,,30.0,,,,160,160,4.9,8.7,,150,,,6.7,
2006-09-12 09:00:00,,9.0,,,1.03,,,,,0.0,0.0,80,,,1010.5,,,,,,,,,1005.4,0.1,,25.0,,,,28.8,,,,,,,,,,30.0,,,,160,160,5.1,7.1,,160,,,5.5,
2006-09-12 10:00:00,,,,,1.35,,,,,0.0,0.0,77,,,1010.7,,,,,,,,,1005.6,0.4,,24.9,,,,29.3,,,,,,,,,,,,,,180,180,5.0,7.0,,180,,,5.4,
2006-09-12 11:00:00,,7.0,,,2.01,,,,,0.0,0.0,74,,,1010.7,,,,,,,,,1005.6,1.0,,24.7,,,,29.8,,,,,,,,,,30.0,,,,170,180,5.8,7.7,,180,,,5.9,
2006-09-12 12:00:00,,,,,2.3,,,,,0.0,0.0,72,,,1010.3,,,,,,,,,1005.2,1.0,,25.0,,,,30.7,,,,,,,,,,,,,,180,180,4.6,7.3,,180,,,5.8,
2006-09-12 13:00:00,,,,,2.37,,,,,0.0,0.0,72,,,1010.2,,,,,,,,,1005.1,1.0,,24.9,,,,30.5,,,,,,,,,,,,,,200,180,3.2,6.1,,180,,,4.7,
2006-09-12 14:00:00,,7.0,,,1.95,,,,,0.0,0.0,81,,,1009.7,,,,,,,,,1004.6,0.6,,25.6,,,,29.2,,,,,,,,,,30.0,,,,360,360,4.0,5.4,,360,,,4.0,
2006-09-12 15:00:00,,,,,1.36,,,,,0.0,0.0,83,,,1009.4,,,,,,,,,1004.3,0.4,,24.6,,,,27.7,,,,,,,,,,,,,,10,10,6.0,7.7,,10,,,6.0,
2006-09-12 16:00:00,,,,,0.31,,,,,1.5,0.2,84,,,1010.1,,,,,,,,,1004.9,0.1,,23.7,,,,26.6,,,,,,,,,,,,,,20,360,6.2,9.5,,10,,,7.8,
2006-09-12 17:00:00,,10.0,,,0.12,,,,,0.0,0.0,85,,,1010.2,,,,,,,,,1005.0,0.1,,24.0,,,,26.7,,,,,,,,,,20.0,,,,10,10,6.8,9.5,,10,,,7.2,
2006-09-12 18:00:00,,,,,0.0,,,,,1.0,0.1,87,,,1011.3,,,,,,,,,1006.1,0.0,,23.9,,,,26.3,,,,,,,,,,,,,,30,30,6.0,10.5,,10,,,6.7,
2006-09-12 19:00:00,,,,,0.0,,,,,0.0,0.0,86,,,1011.9,,,,,,,,,1006.7,0.0,,24.1,,,,26.6,,,,,,,,,,,,,,20,30,6.6,9.2,,30,,,7.3,
2006-09-12 20:00:00,,,,,0.0,,,,,0.0,0.0,88,,,1012.3,,,,,,,,,1007.1,,,24.2,,,,26.4,,,,,,,,,,,,,,30,30,5.9,8.8,,30,,,6.8,
2006-09-12 21:00:00,,,,,0.0,,,,,0.0,0.0,86,,,1012.7,,,,,,,,,1007.5,,,24.1,,,,26.7,,,,,,,,,,,,,,50,30,3.4,8.1,,40,,,5.9,
2006-09-12 22:00:00,,,,,0.0,,,,,0.0,0.0,86,,,1013.0,,,,,,,,,1007.8,,,23.8,,,,26.4,,,,,,,,,,,,,,40,50,4.9,7.3,,50,,,5.7,
2006-09-12 23:00:00,,,,,0.0,,,,,0.0,0.0,87,,,1013.4,,,,,,,,,1008.2,,,24.1,,,,26.5,,,,,,,,,,,,,,30,30,5.3,7.2,,30,,,5.5,
2006-09-13 00:00:00,,,,,0.0,,,,,0.0,0.0,86,,,1012.8,,,,,,,,,1007.6,,,23.7,,,,26.3,,,,,,,,,,,,,,30,30,6.0,8.0,,20,,,6.0,
2006-09-13 01:00:00,,,,,0.0,,,,,0.0,0.0,85,,,1012.7,,,,,,,,,1007.5,,,23.8,,,,26.5,,,,,,,,,,,,,,50,20,3.7,7.2,,30,,,6.0,
2006-09-13 02:00:00,,,,,0.0,,,,,0.0,0.0,83,,,1011.9,,,,,,,,,1006.7,,,23.6,,,,26.7,,,,,,,,,,,,,,50,50,5.2,6.9,,50,,,5.6,
2006-09-13 03:00:00,,,,,0.0,,,,,0.0,0.0,84,,,1011.7,,,,,,,,,1006.5,,,23.7,,,,26.7,,,,,,,,,,,,,,50,60,4.4,7.0,,60,,,5.7,
2006-09-13 04:00:00,,,,,0.0,,,,,0.0,0.0,86,,,1011.6,,,,,,,,,1006.4,,,23.9,,,,26.5,,,,,,,,,,,,,,30,30,5.0,6.7,,30,,,5.1,
2006-09-13 05:00:00,,,,,0.0,,,,,0.0,0.0,84,,,1011.9,,,,,,,,,1006.7,,,23.7,,,,26.6,,,,,,,,,,,,,,30,30,6.4,8.0,,30,,,6.5,
2006-09-13 06:00:00,,,,,0.0,,,,,0.0,0.0,85,,,1012.5,,,,,,,,,1007.3,0.0,,24.1,,,,26.8,,,,,,,,,,,,,,20,30,6.3,8.4,,20,,,6.5,
2006-09-13 07:00:00,,,,,0.25,,,,,0.0,0.0,86,,,1012.7,,,,,,,,,1007.5,0.3,,24.6,,,,27.1,,,,,,,,,,,,,,20,20,7.2,10.3,,20,,,7.7,
2006-09-13 08:00:00,,7.0,,,0.59,,,,,0.0,0.0,86,,,1012.7,,,,,,,,,1007.5,0.3,,24.8,,,,27.3,,,,,,,,,,20.0,,,,20,20,8.3,11.0,,20,,,8.8,
2006-09-13 09:00:00,,6.0,,,1.17,,,,,0.0,0.0,84,,,1013.3,,,,,,,,,1008.1,0.9,,25.0,,,,27.9,,,,,,,,,,20.0,,,,20,20,9.4,11.3,,20,,,9.4,
2006-09-13 10:00:00,,,,,1.79,,,,,0.0,0.0,82,,,1013.3,,,,,,,,,1008.1,1.0,,25.3,,,,28.6,,,,,,,,,,,,,,20,30,8.8,12.3,,20,,,9.7,
2006-09-13 11:00:00,,4.0,,,2.24,,,,,0.0,0.0,83,,,1012.7,,,,,,,,,1007.6,1.0,,25.8,,,,28.9,,,,,,,,,,20.0,,,,20,20,7.0,12.1,,20,,,9.5,
2006-09-13 12:00:00,,,,,2.19,,,,,0.0,0.0,82,,,1012.4,,,,,,,,,1007.3,1.0,,25.4,,,,28.8,,,,,,,,,,,,,,20,30,7.1,9.9,,20,,,7.4,
2006-09-13 13:00:00,,,,,2.16,,,,,0.0,0.0,82,,,1011.6,,,,,,,,,1006.5,0.9,,25.0,,,,28.3,,,,,,,,,,,,,,20,30,8.1,10.4,,20,,,8.1,
2006-09-13 14:00:00,,7.0,,,1.88,,,,,0.0,0.0,82,,,1011.2,,,,,,,,,1006.0,0.8,,24.6,,,,28.0,,,,,,,,,,20.0,,,,10,360,8.2,11.4,,20,,,8.5,
2006-09-13 15:00:00,,,,,1.38,,,,,0.0,0.0,81,,,1010.8,,,,,,,,,1005.6,0.5,,24.1,,,,27.7,,,,,,,,,,,,,,10,360,9.3,12.7,,10,,,9.7,
2006-09-13 16:00:00,,,,,1.24,,,,,0.0,0.0,81,,,1010.9,,,,,,,,,1005.7,0.7,,24.0,,,,27.5,,,,,,,,,,,,,,10,10,8.3,12.4,,10,,,9.5,
2006-09-13 17:00:00,,6.0,,,0.63,,,,,0.0,0.0,82,,,1011.2,,,,,,,,,1006.0,0.5,,23.8,,,,27.2,,,,,,,,,,20.0,,,,20,10,8.5,12.3,,10,,,9.7,
2006-09-13 18:00:00,,,,,0.08,,,,,0.0,0.0,81,,,1011.5,,,,,,,,,1006.3,0.2,,23.3,,,,26.8,,,,,,,,,,,,,,20,20,8.4,12.6,,20,,,8.9,
2006-09-13 19:00:00,,,,,0.0,,,,,0.0,0.0,82,,,1012.1,,,,,,,,,1006.9,0.0,,23.4,,,,26.7,,,,,,,,,,,,,,20,30,9.4,12.4,,20,,,9.6,
2006-09-13 20:00:00,,,,,0.0,,,,,0.0,0.0,83,,,1012.1,,,,,,,,,1006.9,,,23.5,,,,26.7,,,,,,,,,,,,,,20,30,9.8,13.2,,20,,,10.1,
2006-09-13 21:00:00,,,,,0.0,,,,,0.0,0.0,82,,,1012.5,,,,,,,,,1007.3,,,23.5,,,,26.8,,,,,,,,,,,,,,20,20,9.4,12.9,,20,,,10.1,
2006-09-13 22:00:00,,,,,0.0,,,,,0.0,0.0,82,,,1012.5,,,,,,,,,1007.3,,,23.6,,,,26.9,,,,,,,,,,,,,,20,30,9.0,12.3,,20,,,9.9,
2006-09-13 23:00:00,,,,,0.0,,,,,0.0,0.0,82,,,1012.3,,,,,,,,,1007.1,,,23.5,,,,26.8,,,,,,,,,,,,,,20,20,8.9,12.9,,30,,,9.6,
2006-09-14 00:00:00,,,,,0.0,,,,,0.0,0.0,83,,,1012.0,,,,,,,,,1006.8,,,23.7,,,,26.8,,,,,,,,,,,,,,20,30,7.4,11.9,,20,,,9.2,
2006-09-14 01:00:00,,,,,0.0,,,,,0.0,0.0,81,,,1011.7,,,,,,,,,1006.5,,,23.3,,,,26.9,,,,,,,,,,,,,,20,20,7.3,10.1,,20,,,8.1,
2006-09-14 02:00:00,,,,,0.0,,,,,0.0,0.0,82,,,1011.3,,,,,,,,,1006.1,,,23.5,,,,26.9,,,,,,,,,,,,,,20,10,6.9,10.5,,20,,,7.8,
2006-09-14 03:00:00,,,,,0.0,,,,,0.0,0.0,83,,,1010.6,,,,,,,,,1005.4,,,23.6,,,,26.8,,,,,,,,,,,,,,10,360,7.9,11.7,,10,,,8.9,
2006-09-14 04:00:00,,,,,0.0,,,,,0.0,0.0,81,,,1010.4,,,,,,,,,1005.2,,,23.4,,,,26.9,,,,,,,,,,,,,,10,360,10.3,12.8,,10,,,10.3,
2006-09-14 05:00:00,,,,,0.0,,,,,0.0,0.0,82,,,1010.3,,,,,,,,,1005.1,,,23.3,,,,26.7,,,,,,,,,,,,,,10,10,9.8,13.6,,10,,,10.4,
2006-09-14 06:00:00,,,,,0.0,,,,,0.0,0.0,82,,,1010.5,,,,,,,,,1005.3,0.0,,23.3,,,,26.7,,,,,,,,,,,,,,20,10,9.1,13.6,,10,,,9.8,
2006-09-14 07:00:00,,,,,0.07,,,,,0.0,0.0,82,,,1010.4,,,,,,,,,1005.2,0.1,,23.7,,,,27.0,,,,,,,,,,,,,,20,20,9.4,13.8,,20,,,9.8,
2006-09-14 08:00:00,,6.0,,,0.6,,,,,0.0,0.0,81,,,1010.8,,,,,,,,,1005.6,0.5,,23.9,,,,27.5,,,,,,,,,,20.0,,,,20,20,10.6,14.6,,20,,,10.7,
2006-09-14 09:00:00,,7.0,,,1.15,,,,,0.0,0.0,80,,,1010.8,,,,,,,,,1005.6,0.8,,24.0,,,,27.8,,,,,,,,,,20.0,,,,20,20,9.2,13.6,,20,,,10.7,
2006-09-14 10:00:00,,,,,1.63,,,,,0.0,0.0,79,,,1010.7,,,,,,,,,1005.6,0.9,,24.5,,,,28.5,,,,,,,,,,,,,,20,20,8.9,13.6,,20,,,9.8,
2006-09-14 11:00:00,,7.0,,,1.76,,,,,0.0,0.0,79,,,1010.2,,,,,,,,,1005.1,0.6,,24.2,,,,28.2,,,,,,,,,,20.0,,,,10,20,9.3,13.2,,10,,,9.4,
2006-09-14 12:00:00,,,,,2.02,,,,,0.0,0.0,77,,,1010.2,,,,,,,,,1005.1,0.6,,23.9,,,,28.3,,,,,,,,,,,,,,10,10,10.6,15.7,,10,,,10.9,
2006-09-14 13:00:00,,,,,1.18,,,,,0.0,0.0,77,,,1009.7,,,,,,,,,1004.6,0.1,,23.5,,,,27.8,,,,,,,,,,,,,,10,10,9.6,13.8,,10,,,10.6,
2006-09-14 14:00:00,,10.0,,,1.17,,,,,0.0,0.0,78,,,1009.1,,,,,,,,,1004.0,0.1,,23.3,,,,27.5,,,,,,,,,,20.0,,,,360,360,9.4,13.4,,360,,,9.9,
2006-09-14 15:00:00,,,,,1.26,,,,,0.0,0.0,77,,,1008.4,,,,,,,,,1003.3,0.3,,23.3,,,,27.6,,,,,,,,,,,,,,360,360,9.8,14.0,,360,,,10.4,
2006-09-14 16:00:00,,,,,1.25,,,,,0.0,0.0,78,,,1007.6,,,,,,,,,1002.5,0.9,,23.3,,,,27.5,,,,,,,,,,,,,,10,360,10.2,14.4,,360,,,10.7,
2006-09-14 17:00:00,,7.0,,,0.7,,,,,0.0,0.0,79,,,1008.0,,,,,,,,,1002.8,1.0,,23.1,,,,27.0,,,,,,,,,,10.0,,,,10,10,10.8,15.4,,10,,,11.6,
2006-09-14 18:00:00,,,,,0.11,,,,,0.0,0.0,79,,,1007.9,,,,,,,,,1002.7,0.3,,22.8,,,,26.7,,,,,,,,,,,,,,10,360,11.1,15.0,,10,,,11.5,
2006-09-14 19:00:00,,,,,0.0,,,,,0.0,0.0,81,,,1008.7,,,,,,,,,1003.5,0.0,,22.9,,,,26.5,,,,,,,,,,,,,,10,360,10.0,15.0,,10,,,11.3,
2006-09-14 20:00:00,,,,,0.0,,,,,0.0,0.0,81,,,1009.4,,,,,,,,,1004.2,,,23.2,,,,26.7,,,,,,,,,,,,,,20,360,8.2,13.4,,10,,,9.9,
2006-09-14 21:00:00,,,,,0.0,,,,,0.0,0.0,80,,,1009.1,,,,,,,,,1003.9,,,23.2,,,,26.9,,,,,,,,,,,,,,20,20,8.5,12.5,,20,,,9.2,
2006-09-14 22:00:00,,,,,0.0,,,,,0.0,0.0,81,,,1008.7,,,,,,,,,1003.5,,,23.2,,,,26.8,,,,,,,,,,,,,,10,10,10.4,14.0,,10,,,10.4,
2006-09-14 23:00:00,,,,,0.0,,,,,0.0,0.0,81,,,1007.9,,,,,,,,,1002.7,,,23.1,,,,26.7,,,,,,,,,,,,,,10,10,10.9,14.8,,10,,,11.4,
2006-09-15 00:00:00,,,,,0.0,,,,,0.0,0.0,80,,,1008.1,,,,,,,,,1002.9,,,23.1,,,,26.9,,,,,,,,,,,,,,10,10,10.9,14.9,,10,,,11.5,
2006-09-15 01:00:00,,,,,0.0,,,,,0.0,0.0,80,,,1007.7,,,,,,,,,1002.5,,,23.1,,,,26.9,,,,,,,,,,,,,,10,10,10.5,14.9,,10,,,11.4,
2006-09-15 02:00:00,,,,,0.0,,,,,0.0,0.0,80,,,1006.8,,,,,,,,,1001.7,,,23.1,,,,26.9,,,,,,,,,,,,,,360,360,10.2,15.4,,360,,,10.9,
2006-09-15 03:00:00,,,,,0.0,,,,,0.0,0.0,79,,,1006.4,,,,,,,,,1001.3,,,23.0,,,,26.9,,,,,,,,,,,,,,360,360,11.2,15.6,,360,,,12.0,
2006-09-15 04:00:00,,,,,0.0,,,,,0.0,0.0,77,,,1006.3,,,,,,,,,1001.2,,,22.7,,,,27.0,,,,,,,,,,,,,,10,10,12.4,17.3,,10,,,12.9,
2006-09-15 05:00:00,,,,,0.0,,,,,0.0,0.0,79,,,1006.4,,,,,,,,,1001.3,,,23.0,,,,26.9,,,,,,,,,,,,,,10,20,12.0,17.5,,10,,,13.3,
2006-09-15 06:00:00,,,,,0.0,,,,,0.0,0.0,79,,,1005.9,,,,,,,,,1000.8,0.0,,23.0,,,,26.9,,,,,,,,,,,,,,10,10,12.5,18.1,,10,,,13.5,
2006-09-15 07:00:00,,,,,0.0,,,,,0.0,0.0,80,,,1006.3,,,,,,,,,1001.2,0.0,,23.2,,,,27.0,,,,,,,,,,,,,,10,360,12.7,17.8,,10,,,13.0,
2006-09-15 08:00:00,,9.0,,,0.54,,,,,0.0,0.0,80,,,1006.6,,,,,,,,,1001.5,0.2,,23.5,,,,27.3,,,,,,,,,,15.0,,,,360,360,11.5,16.6,,10,,,12.6,
2006-09-15 09:00:00,,10.0,,,0.67,,,,,0.0,0.0,80,,,1006.9,,,,,,,,,1001.8,0.1,,23.4,,,,27.2,,,,,,,,,,15.0,,,,360,360,12.1,17.2,,360,,,12.5,
2006-09-15 10:00:00,,,,,0.81,,,,,0.0,0.0,79,,,1006.9,,,,,,,,,1001.8,0.0,,23.5,,,,27.4,,,,,,,,,,,,,,360,360,13.2,18.2,,360,,,13.6,
2006-09-15 11:00:00,,10.0,,,0.65,,,,,0.0,0.0,79,,,1006.5,,,,,,,,,1001.4,0.0,,23.4,,,,27.3,,,,,,,,,,15.0,,,,360,350,12.0,18.0,,360,,,13.1,
2006-09-15 12:00:00,,,,,0.46,,,,,0.0,0.0,78,,,1005.8,,,,,,,,,1000.7,0.0,,23.2,,,,27.3,,,,,,,,,,,,,,350,350,13.0,19.6,,350,,,13.2,
2006-09-15 13:00:00,,,,,0.67,,,,,0.0,0.0,79,,,1005.1,,,,,,,,,1000.0,0.0,,23.5,,,,27.5,,,,,,,,,,,,,,360,360,12.6,19.2,,360,,,14.3,
2006-09-15 14:00:00,,10.0,,,0.95,,,,,0.0,0.0,77,,,1004.7,,,,,,,,,999.6,0.2,,23.5,,,,27.8,,,,,,,,,,15.0,,,,360,360,12.3,18.7,,360,,,13.4,
2006-09-15 15:00:00,,,,,1.38,,,,,0.0,0.0,77,,,1003.7,,,,,,,,,998.6,0.5,,23.1,,,,27.5,,,,,,,,,,,,,,350,350,13.8,19.7,,350,,,13.9,
2006-09-15 16:00:00,,,,,0.6,,,,,0.0,0.0,77,,,1003.9,,,,,,,,,998.8,0.2,,23.1,,,,27.5,,,,,,,,,,,,,,360,340,13.6,23.3,,350,,,14.6,
2006-09-15 17:00:00,,9.0,,,0.45,,,,,0.0,0.0,77,,,1004.0,,,,,,,,,998.9,0.1,,23.0,,,,27.3,,,,,,,,,,15.0,,,,360,150,14.2,22.2,,360,,,15.0,
2006-09-15 18:00:00,,,,,0.09,,,,,0.0,0.0,77,,,1004.1,,,,,,,,,999.0,0.0,,22.7,,,,27.0,,,,,,,,,,,,,,360,360,13.5,19.9,,360,,,14.8,
2006-09-15 19:00:00,,,,,0.0,,,,,0.0,0.0,78,,,1004.1,,,,,,,,,999.0,0.0,,22.9,,,,27.1,,,,,,,,,,,,,,360,360,13.6,20.0,,360,,,14.4,
2006-09-15 20:00:00,,,,,0.0,,,,,0.0,0.0,78,,,1004.8,,,,,,,,,999.7,,,23.0,,,,27.1,,,,,,,,,,,,,,360,360,13.5,19.2,,360,,,14.9,
2006-09-15 21:00:00,,,,,0.0,,,,,0.0,0.0,78,,,1005.4,,,,,,,,,1000.3,,,23.1,,,,27.3,,,,,,,,,,,,,,360,360,15.2,21.2,,360,,,15.8,
2006-09-15 22:00:00,,,,,0.0,,,,,0.0,0.0,79,,,1005.3,,,,,,,,,1000.2,,,23.2,,,,27.2,,,,,,,,,,,,,,360,360,12.2,20.7,,360,,,15.4,
2006-09-15 23:00:00,,,,,0.0,,,,,0.0,0.0,77,,,1005.4,,,,,,,,,1000.3,,,22.9,,,,27.3,,,,,,,,,,,,,,350,350,12.2,18.9,,360,,,13.6,
2006-09-16 00:00:00,,,,,0.0,,,,,0.0,0.0,78,,,1005.3,,,,,,,,,1000.2,,,23.0,,,,27.1,,,,,,,,,,,,,,350,350,12.9,21.3,,350,,,14.5,
2006-09-16 01:00:00,,,,,0.0,,,,,0.0,0.0,81,,,1005.2,,,,,,,,,1000.1,,,23.3,,,,26.8,,,,,,,,,,,,,,360,360,11.9,19.8,,350,,,13.4,
2006-09-16 02:00:00,,,,,0.0,,,,,0.0,0.0,79,,,1004.8,,,,,,,,,999.7,,,22.7,,,,26.7,,,,,,,,,,,,,,350,350,11.6,18.0,,360,,,12.4,
2006-09-16 03:00:00,,,,,0.0,,,,,0.0,0.0,80,,,1004.6,,,,,,,,,999.5,,,23.0,,,,26.7,,,,,,,,,,,,,,350,360,12.4,18.8,,350,,,13.1,
2006-09-16 04:00:00,,,,,0.0,,,,,0.0,0.0,81,,,1004.6,,,,,,,,,999.5,,,23.0,,,,26.6,,,,,,,,,,,,,,350,340,12.4,20.0,,350,,,14.8,
2006-09-16 05:00:00,,,,,0.0,,,,,0.0,0.0,79,,,1005.0,,,,,,,,,999.9,,,22.9,,,,26.8,,,,,,,,,,,,,,350,360,13.8,22.3,,350,,,14.1,
2006-09-16 06:00:00,,,,,0.0,,,,,0.0,0.0,79,,,1005.9,,,,,,,,,1000.8,0.0,,22.8,,,,26.7,,,,,,,,,,,,,,360,350,11.4,19.4,,350,,,14.2,
2006-09-16 07:00:00,,,,,0.0,,,,,0.0,0.0,79,,,1006.8,,,,,,,,,1001.6,0.0,,22.7,,,,26.7,,,,,,,,,,,,,,360,360,11.1,18.2,,350,,,12.0,
2006-09-16 08:00:00,,10.0,,,0.23,,,,,0.0,0.0,80,,,1007.7,,,,,,,,,1002.5,0.0,,22.9,,,,26.7,,,,,,,,,,10.0,,,,350,360,10.5,17.6,,350,,,11.4,
2006-09-16 09:00:00,,10.0,,,0.65,,,,,0.0,0.0,77,,,1008.6,,,,,,,,,1003.4,0.0,,22.7,,,,27.1,,,,,,,,,,10.0,,,,360,360,10.5,16.2,,360,,,11.4,
2006-09-16 10:00:00,,,,,0.59,,,,,0.0,0.0,76,,,1009.1,,,,,,,,,1003.9,0.0,,22.5,,,,27.0,,,,,,,,,,,,,,360,360,9.4,15.0,,360,,,11.1,
2006-09-16 11:00:00,,10.0,,,0.6,,,,,0.0,0.0,78,,,1009.0,,,,,,,,,1003.8,0.0,,23.0,,,,27.2,,,,,,,,,,10.0,,,,360,360,8.4,12.7,,360,,,9.8,
2006-09-16 12:00:00,,,,,1.74,,,,,0.0,0.0,77,,,1008.4,,,,,,,,,1003.3,0.6,,23.5,,,,28.0,,,,,,,,,,,,,,10,10,7.8,11.5,,360,,,8.7,
2006-09-16 13:00:00,,,,,2.34,,,,,0.0,0.0,76,,,1007.5,,,,,,,,,1002.4,1.0,,23.7,,,,28.4,,,,,,,,,,,,,,10,360,7.5,10.9,,10,,,8.6,
2006-09-16 14:00:00,,7.0,,,2.01,,,,,0.0,0.0,75,,,1007.1,,,,,,,,,1002.0,0.9,,23.6,,,,28.4,,,,,,,,,,15.0,,,,20,20,6.5,9.7,,10,,,7.4,
2006-09-16 15:00:00,,,,,1.76,,,,,0.0,0.0,75,,,1006.7,,,,,,,,,1001.6,1.0,,23.3,,,,28.1,,,,,,,,,,,,,,10,20,6.6,9.8,,20,,,7.3,
2006-09-16 16:00:00,,,,,1.19,,,,,0.0,0.0,75,,,1006.7,,,,,,,,,1001.6,1.0,,22.8,,,,27.7,,,,,,,,,,,,,,20,30,7.0,9.8,,20,,,7.6,
2006-09-16 17:00:00,,3.0,,,0.62,,,,,0.0,0.0,75,,,1007.2,,,,,,,,,1002.1,1.0,,22.2,,,,27.1,,,,,,,,,,15.0,,,,20,20,6.1,9.1,,20,,,7.1,
2006-09-16 18:00:00,,,,,0.05,,,,,0.0,0.0,74,,,1007.4,,,,,,,,,1002.2,0.1,,21.6,,,,26.7,,,,,,,,,,,,,,30,20,5.8,8.1,,20,,,6.4,
2006-09-16 19:00:00,,,,,0.0,,,,,0.0,0.0,75,,,1008.4,,,,,,,,,1003.2,0.0,,22.0,,,,26.7,,,,,,,,,,,,,,20,20,5.1,7.3,,20,,,6.0,
2006-09-16 20:00:00,,,,,0.0,,,,,0.0,0.0,73,,,1008.8,,,,,,,,,1003.6,,,21.7,,,,26.9,,,,,,,,,,,,,,20,30,4.1,6.8,,20,,,5.3,
2006-09-16 21:00:00,,,,,0.0,,,,,0.0,0.0,78,,,1008.9,,,,,,,,,1003.7,,,22.0,,,,26.1,,,,,,,,,,,,,,30,30,2.7,4.8,,20,,,4.2,
2006-09-16 22:00:00,,,,,0.0,,,,,0.0,0.0,78,,,1009.1,,,,,,,,,1003.9,,,22.2,,,,26.3,,,,,,,,,,,,,,30,40,2.7,3.1,,30,,,2.7,
2006-09-16 23:00:00,,,,,0.0,,,,,0.0,0.0,75,,,1009.3,,,,,,,,,1004.1,,,22.2,,,,27.1,,,,,,,,,,,,,,10,30,2.3,3.5,,30,,,3.0,
2006-09-17 00:00:00,,,,,0.0,,,,,0.0,0.0,76,,,1008.9,,,,,,,,,1003.7,,,22.4,,,,27.0,,,,,,,,,,,,,,20,10,4.6,6.2,,20,,,4.6,
2006-09-17 01:00:00,,,,,0.0,,,,,0.0,0.0,76,,,1008.6,,,,,,,,,1003.4,,,22.1,,,,26.6,,,,,,,,,,,,,,20,20,5.1,7.0,,20,,,5.2,
2006-09-17 02:00:00,,,,,0.0,,,,,0.0,0.0,80,,,1008.3,,,,,,,,,1003.1,,,22.3,,,,26.1,,,,,,,,,,,,,,30,30,5.6,7.9,,30,,,6.1,
2006-09-17 03:00:00,,,,,0.0,,,,,0.0,0.0,81,,,1007.8,,,,,,,,,1002.6,,,22.6,,,,26.2,,,,,,,,,,,,,,40,30,5.0,8.7,,30,,,6.3,
2006-09-17 04:00:00,,,,,0.0,,,,,0.0,0.0,81,,,1007.5,,,,,,,,,1002.3,,,22.3,,,,25.9,,,,,,,,,,,,,,40,50,5.5,7.9,,40,,,6.1,
2006-09-17 05:00:00,,,,,0.0,,,,,0.0,0.0,82,,,1007.7,,,,,,,,,1002.5,,,22.5,,,,25.8,,,,,,,,,,,,,,30,40,5.3,7.8,,40,,,5.9,
2006-09-17 06:00:00,,,,,0.0,,,,,0.0,0.0,81,,,1007.8,,,,,,,,,1002.6,0.0,,22.2,,,,25.7,,,,,,,,,,,,,,40,40,6.3,9.0,,40,,,6.3,
2006-09-17 07:00:00,,,,,0.0,,,,,0.0,0.0,80,,,1008.3,,,,,,,,,1003.1,0.0,,22.3,,,,26.0,,,,,,,,,,,,,,20,50,5.9,9.1,,40,,,6.7,
2006-09-17 08:00:00,,10.0,,,0.0,,,,,0.0,0.0,78,,,1008.8,,,,,,,,,1003.6,0.0,,21.7,,,,25.9,,,,,,,,,,30.0,,,,20,10,6.8,9.1,,20,,,7.1,
2006-09-17 09:00:00,,10.0,,,0.52,,,,,0.0,0.0,79,,,1009.1,,,,,,,,,1003.9,0.0,,22.5,,,,26.4,,,,,,,,,,30.0,,,,20,20,6.8,9.4,,30,,,7.2,
2006-09-17 10:00:00,,,,,0.84,,,,,0.0,0.0,74,,,1009.1,,,,,,,,,1004.0,0.1,,22.5,,,,27.6,,,,,,,,,,,,,,20,20,8.9,11.4,,20,,,8.9,
2006-09-17 11:00:00,,10.0,,,0.98,,,,,0.0,0.0,77,,,1009.4,,,,,,,,,1004.2,0.0,,22.0,,,,26.4,,,,,,,,,,30.0,,,,20,20,9.1,11.9,,20,,,9.1,
2006-09-17 12:00:00,,,,,1.58,,,,,0.0,0.0,74,,,1008.7,,,,,,,,,1003.6,0.5,,22.4,,,,27.5,,,,,,,,,,,,,,20,30,9.7,12.9,,20,,,9.7,
2006-09-17 13:00:00,,,,,2.26,,,,,0.0,0.0,72,,,1008.4,,,,,,,,,1003.3,0.9,,22.2,,,,27.8,,,,,,,,,,,,,,20,30,8.6,12.9,,20,,,10.1,
2006-09-17 14:00:00,,9.0,,,1.45,,,,,0.0,0.0,75,,,1008.0,,,,,,,,,1002.8,0.4,,21.9,,,,26.8,,,,,,,,,,20.0,,,,20,20,9.4,12.0,,20,,,9.4,
2006-09-17 15:00:00,,,,,1.07,,,,,0.0,0.0,74,,,1007.7,,,,,,,,,1002.5,0.1,,21.6,,,,26.7,,,,,,,,,,,,,,20,20,9.0,12.2,,30,,,9.4,
2006-09-17 16:00:00,,,,,0.84,,,,,0.0,0.0,72,,,1007.6,,,,,,,,,1002.4,0.3,,21.1,,,,26.6,,,,,,,,,,,,,,20,20,8.7,12.8,,20,,,9.4,
2006-09-17 17:00:00,,4.0,,,0.62,,,,,0.0,0.0,70,,,1007.9,,,,,,,,,1002.7,0.6,,20.4,,,,26.2,,,,,,,,,,20.0,,,,20,30,9.8,13.8,,20,,,9.9,
2006-09-17 18:00:00,,,,,0.06,,,,,0.0,0.0,73,,,1008.4,,,,,,,,,1003.2,0.1,,20.3,,,,25.5,,,,,,,,,,,,,,20,20,9.6,13.8,,20,,,10.3,
2006-09-17 19:00:00,,,,,0.0,,,,,0.0,0.0,70,,,1008.8,,,,,,,,,1003.6,0.0,,19.8,,,,25.6,,,,,,,,,,,,,,30,30,9.7,12.7,,30,,,9.8,
2006-09-17 20:00:00,,,,,0.0,,,,,0.0,0.0,69,,,1009.4,,,,,,,,,1004.2,,,19.6,,,,25.6,,,,,,,,,,,,,,40,30,7.7,12.2,,30,,,9.8,
2006-09-17 21:00:00,,,,,0.0,,,,,0.0,0.0,67,,,1009.8,,,,,,,,,1004.6,,,19.5,,,,26.0,,,,,,,,,,,,,,40,40,6.8,10.9,,40,,,8.0,
2006-09-17 22:00:00,,,,,0.0,,,,,0.0,0.0,65,,,1009.8,,,,,,,,,1004.6,,,19.2,,,,26.3,,,,,,,,,,,,,,30,20,7.9,10.2,,30,,,7.9,
2006-09-17 23:00:00,,,,,0.0,,,,,0.0,0.0,65,,,1009.7,,,,,,,,,1004.5,,,19.1,,,,26.3,,,,,,,,,,,,,,20,10,7.9,11.4,,20,,,8.4,
2006-09-18 00:00:00,,,,,0.0,,,,,0.0,0.0,64,,,1009.2,,,,,,,,,1004.0,,,19.0,,,,26.3,,,,,,,,,,,,,,10,360,7.7,11.9,,10,,,8.4,
2006-09-18 01:00:00,,,,,0.0,,,,,0.0,0.0,58,,,1008.9,,,,,,,,,1003.7,,,17.7,,,,26.5,,,,,,,,,,,,,,20,360,8.4,12.2,,20,,,8.6,
2006-09-18 02:00:00,,,,,0.0,,,,,0.0,0.0,50,,,1008.5,,,,,,,,,1003.3,,,15.5,,,,26.9,,,,,,,,,,,,,,20,20,10.3,15.2,,20,,,10.3,
2006-09-18 03:00:00,,,,,0.0,,,,,0.0,0.0,53,,,1008.4,,,,,,,,,1003.2,,,16.5,,,,26.8,,,,,,,,,,,,,,20,20,10.6,16.2,,20,,,11.5,
2006-09-18 04:00:00,,,,,0.0,,,,,0.0,0.0,55,,,1008.3,,,,,,,,,1003.1,,,16.9,,,,26.7,,,,,,,,,,,,,,20,20,11.1,16.9,,20,,,11.9,
2006-09-18 05:00:00,,,,,0.0,,,,,0.0,0.0,57,,,1008.8,,,,,,,,,1003.6,,,17.2,,,,26.3,,,,,,,,,,,,,,20,20,10.9,17.2,,20,,,12.1,
2006-09-18 06:00:00,,,,,0.0,,,,,0.0,0.0,60,,,1009.3,,,,,,,,,1004.1,0.0,,17.6,,,,26.1,,,,,,,,,,,,,,20,20,10.9,18.1,,20,,,12.4,
2006-09-18 07:00:00,,,,,0.06,,,,,0.0,0.0,58,,,1010.1,,,,,,,,,1004.9,0.1,,17.3,,,,26.1,,,,,,,,,,,,,,20,20,12.4,18.4,,20,,,13.5,
2006-09-18 08:00:00,,2.0,,,0.71,,,,,0.0,0.0,60,,,1010.9,,,,,,,,,1005.7,1.0,,18.1,,,,26.6,,,,,,,,,,15.0,,,,20,10,12.7,17.4,,20,,,12.9,
2006-09-18 09:00:00,,3.0,,,1.13,,,,,0.0,0.0,60,,,1011.2,,,,,,,,,1006.0,0.9,,18.4,,,,26.8,,,,,,,,,,15.0,,,,20,360,11.8,17.9,,20,,,13.3,
2006-09-18 10:00:00,,,,,1.77,,,,,0.0,0.0,59,,,1011.5,,,,,,,,,1006.3,1.0,,18.4,,,,27.1,,,,,,,,,,,,,,20,20,12.6,17.7,,20,,,12.6,
2006-09-18 11:00:00,,0.0,,,2.15,,,,,0.0,0.0,58,,,1011.3,,,,,,,,,1006.1,1.0,,18.5,,,,27.5,,,,,,,,,,15.0,,,,20,10,12.3,16.9,,20,,,12.6,
2006-09-18 12:00:00,,,,,2.4,,,,,0.0,0.0,59,,,1010.9,,,,,,,,,1005.7,1.0,,19.0,,,,27.6,,,,,,,,,,,,,,20,20,11.8,17.4,,20,,,13.1,
2006-09-18 13:00:00,,,,,2.4,,,,,0.0,0.0,60,,,1010.4,,,,,,,,,1005.2,1.0,,19.0,,,,27.5,,,,,,,,,,,,,,20,20,11.0,16.6,,20,,,12.2,
2006-09-18 14:00:00,,0.0,,,2.16,,,,,0.0,0.0,59,,,1009.8,,,,,,,,,1004.6,1.0,,19.0,,,,27.6,,,,,,,,,,15.0,,,,10,20,10.6,15.7,,20,,,10.9,
2006-09-18 15:00:00,,,,,1.78,,,,,0.0,0.0,61,,,1009.6,,,,,,,,,1004.4,1.0,,19.3,,,,27.4,,,,,,,,,,,,,,10,360,9.8,16.0,,10,,,11.2,
2006-09-18 16:00:00,,,,,1.2,,,,,0.0,0.0,58,,,1009.6,,,,,,,,,1004.4,1.0,,17.9,,,,27.0,,,,,,,,,,,,,,20,10,10.1,15.3,,10,,,10.5,
2006-09-18 17:00:00,,0.0,,,0.62,,,,,0.0,0.0,57,,,1010.1,,,,,,,,,1004.9,1.0,,17.5,,,,26.6,,,,,,,,,,15.0,,,,20,20,9.2,14.1,,20,,,10.1,
2006-09-18 18:00:00,,,,,0.04,,,,,0.0,0.0,58,,,1010.4,,,,,,,,,1005.2,0.2,,17.4,,,,26.2,,,,,,,,,,,,,,10,10,11.2,14.4,,10,,,11.3,
2006-09-18 19:00:00,,,,,0.0,,,,,0.0,0.0,61,,,1010.8,,,,,,,,,1005.6,0.0,,18.0,,,,26.0,,,,,,,,,,,,,,10,360,10.0,14.0,,10,,,11.1,
2006-09-18 20:00:00,,,,,0.0,,,,,0.0,0.0,63,,,1011.3,,,,,,,,,1006.1,,,18.3,,,,25.8,,,,,,,,,,,,,,20,20,9.7,14.4,,10,,,10.3,
2006-09-18 21:00:00,,,,,0.0,,,,,0.0,0.0,67,,,1011.8,,,,,,,,,1006.6,,,18.9,,,,25.5,,,,,,,,,,,,,,20,20,10.2,14.4,,20,,,10.4,
2006-09-18 22:00:00,,,,,0.0,,,,,0.0,0.0,68,,,1011.7,,,,,,,,,1006.5,,,19.0,,,,25.4,,,,,,,,,,,,,,20,30,9.2,13.9,,20,,,10.7,
2006-09-18 23:00:00,,,,,0.0,,,,,0.0,0.0,66,,,1011.2,,,,,,,,,1006.0,,,18.8,,,,25.6,,,,,,,,,,,,,,20,20,10.2,14.4,,20,,,10.7,
2006-09-19 00:00:00,,,,,0.0,,,,,0.0,0.0,59,,,1010.9,,,,,,,,,1005.7,,,17.3,,,,25.8,,,,,,,,,,,,,,20,30,11.5,14.8,,20,,,11.5,
2006-09-19 01:00:00,,,,,0.0,,,,,0.0,0.0,59,,,1010.8,,,,,,,,,1005.6,,,16.9,,,,25.6,,,,,,,,,,,,,,20,30,10.2,15.2,,20,,,11.5,
2006-09-19 02:00:00,,,,,0.0,,,,,0.0,0.0,67,,,1010.5,,,,,,,,,1005.3,,,18.5,,,,25.0,,,,,,,,,,,,,,20,20,9.6,13.5,,30,,,10.4,
2006-09-19 03:00:00,,,,,0.0,,,,,0.0,0.0,64,,,1010.5,,,,,,,,,1005.3,,,17.7,,,,24.9,,,,,,,,,,,,,,20,20,9.0,13.7,,20,,,10.4,
2006-09-19 04:00:00,,,,,0.0,,,,,0.0,0.0,57,,,1010.2,,,,,,,,,1005.0,,,16.0,,,,25.2,,,,,,,,,,,,,,20,10,10.6,14.6,,20,,,11.0,
2006-09-19 05:00:00,,,,,0.0,,,,,0.0,0.0,60,,,1010.4,,,,,,,,,1005.2,,,16.7,,,,25.1,,,,,,,,,,,,,,20,20,10.4,15.3,,20,,,11.3,
2006-09-19 06:00:00,,,,,0.0,,,,,0.0,0.0,63,,,1010.8,,,,,,,,,1005.6,0.0,,17.2,,,,24.6,,,,,,,,,,,,,,30,20,8.7,13.6,,30,,,10.5,
2006-09-19 07:00:00,,,,,0.01,,,,,0.0,0.0,69,,,1011.2,,,,,,,,,1006.0,0.4,,19.2,,,,25.3,,,,,,,,,,,,,,30,20,6.6,12.1,,30,,,9.1,
2006-09-19 08:00:00,,4.0,,,0.59,,,,,0.0,0.0,73,,,1011.9,,,,,,,,,1006.7,0.2,,20.3,,,,25.4,,,,,,,,,,6.0,,,,50,20,4.9,8.4,,30,,,6.6,
2006-09-19 09:00:00,,3.0,,,0.81,,,,,0.0,0.0,73,,,1012.5,,,,,,,,,1007.3,0.2,,21.1,,,,26.4,,,,,,,,,,6.0,,,,50,40,4.8,6.8,,40,,,5.2,
2006-09-19 10:00:00,,,,,1.47,,,,,0.0,0.0,73,,,1012.8,,,,,,,,,1007.6,0.7,,21.6,,,,26.8,,,,,,,,,,,,,,40,40,4.8,6.1,,40,,,4.9,
2006-09-19 11:00:00,,1.0,,,1.68,,,,,0.0,0.0,72,,,1012.8,,,,,,,,,1007.6,0.5,,21.6,,,,27.1,,,,,,,,,,5.0,,,,40,20,4.1,6.6,,40,,,4.9,
2006-09-19 12:00:00,,,,,2.19,,,,,0.0,0.0,69,,,1012.2,,,,,,,,,1007.0,0.9,,21.8,,,,28.1,,,,,,,,,,,,,,30,30,4.4,6.6,,20,,,5.3,
2006-09-19 13:00:00,,,,,2.28,,,,,0.0,0.0,67,,,1011.6,,,,,,,,,1006.4,0.9,,21.5,,,,28.1,,,,,,,,,,,,,,20,20,5.1,7.4,,20,,,5.5,
2006-09-19 14:00:00,,1.0,,,1.83,,,,,0.0,0.0,67,,,1011.1,,,,,,,,,1005.9,0.6,,21.2,,,,27.9,,,,,,,,,,8.0,,,,20,20,5.3,7.4,,20,,,5.3,
2006-09-19 15:00:00,,,,,1.29,,,,,0.0,0.0,64,,,1010.7,,,,,,,,,1005.5,0.1,,20.0,,,,27.3,,,,,,,,,,,,,,10,360,5.6,7.3,,10,,,5.6,
2006-09-19 16:00:00,,,,,0.82,,,,,0.0,0.0,64,,,1010.5,,,,,,,,,1005.3,0.0,,19.7,,,,27.1,,,,,,,,,,,,,,20,10,5.3,8.2,,10,,,5.8,
2006-09-19 17:00:00,,8.0,,,0.23,,,,,0.0,0.0,65,,,1010.8,,,,,,,,,1005.6,0.0,,19.5,,,,26.6,,,,,,,,,,20.0,,,,20,20,6.4,9.1,,20,,,6.7,
2006-09-19 18:00:00,,,,,0.0,,,,,0.0,0.0,67,,,1011.2,,,,,,,,,1006.0,0.0,,19.5,,,,26.2,,,,,,,,,,,,,,20,10,7.3,9.9,,20,,,7.5,
2006-09-19 19:00:00,,,,,0.0,,,,,0.0,0.0,69,,,1011.6,,,,,,,,,1006.4,0.0,,19.8,,,,26.0,,,,,,,,,,,,,,20,20,8.2,11.4,,20,,,8.2,
2006-09-19 20:00:00,,,,,0.0,,,,,0.0,0.0,71,,,1012.3,,,,,,,,,1007.1,,,20.2,,,,25.8,,,,,,,,,,,,,,20,20,9.3,12.3,,20,,,9.7,
2006-09-19 21:00:00,,,,,0.0,,,,,0.0,0.0,71,,,1012.8,,,,,,,,,1007.6,,,20.2,,,,25.8,,,,,,,,,,,,,,20,20,9.0,12.6,,20,,,9.6,
2006-09-19 22:00:00,,,,,0.0,,,,,0.0,0.0,73,,,1012.7,,,,,,,,,1007.5,,,20.5,,,,25.8,,,,,,,,,,,,,,20,20,9.0,12.3,,20,,,9.8,
2006-09-19 23:00:00,,,,,0.0,,,,,0.0,0.0,73,,,1012.4,,,,,,,,,1007.2,,,20.5,,,,25.8,,,,,,,,,,,,,,20,20,8.7,12.4,,20,,,9.7,
2006-09-20 00:00:00,,,,,0.0,,,,,0.0,0.0,74,,,1012.0,,,,,,,,,1006.8,,,20.6,,,,25.6,,,,,,,,,,,,,,20,20,8.7,11.3,,20,,,8.9,
2006-09-20 01:00:00,,,,,0.0,,,,,0.0,0.0,75,,,1011.5,,,,,,,,,1006.3,,,20.6,,,,25.4,,,,,,,,,,,,,,20,30,7.9,11.2,,20,,,8.9,
2006-09-20 02:00:00,,,,,0.0,,,,,0.0,0.0,75,,,1010.9,,,,,,,,,1005.7,,,20.6,,,,25.4,,,,,,,,,,,,,,20,20,8.5,11.4,,20,,,8.7,
2006-09-20 03:00:00,,,,,0.0,,,,,0.0,0.0,75,,,1011.0,,,,,,,,,1005.8,,,20.7,,,,25.5,,,,,,,,,,,,,,40,20,5.3,10.5,,20,,,8.7,
2006-09-20 04:00:00,,,,,0.0,,,,,0.0,0.0,76,,,1010.9,,,,,,,,,1005.7,,,20.9,,,,25.4,,,,,,,,,,,,,,30,30,4.5,7.1,,40,,,5.4,
2006-09-20 05:00:00,,,,,0.0,,,,,0.0,0.0,76,,,1010.9,,,,,,,,,1005.7,,,21.0,,,,25.5,,,,,,,,,,,,,,20,30,5.3,6.8,,20,,,5.3,
2006-09-20 06:00:00,,,,,0.0,,,,,0.0,0.0,76,,,1011.2,,,,,,,,,1006.0,0.0,,21.0,,,,25.5,,,,,,,,,,,,,,20,30,5.3,7.6,,20,,,6.0,
2006-09-20 07:00:00,,,,,0.0,,,,,0.0,0.0,75,,,1011.7,,,,,,,,,1006.5,0.0,,21.0,,,,25.7,,,,,,,,,,,,,,20,30,5.1,7.5,,20,,,5.7,
2006-09-20 08:00:00,,10.0,,,0.08,,,,,0.0,0.0,74,,,1012.2,,,,,,,,,1007.0,0.0,,21.2,,,,26.1,,,,,,,,,,10.0,,,,20,20,5.3,7.9,,20,,,5.7,
2006-09-20 09:00:00,,7.0,,,0.78,,,,,0.0,0.0,72,,,1012.2,,,,,,,,,1007.0,0.1,,21.9,,,,27.3,,,,,,,,,,10.0,,,,20,20,5.3,8.1,,20,,,6.1,
2006-09-20 10:00:00,,,,,1.69,,,,,0.0,0.0,72,,,1012.2,,,,,,,,,1007.0,0.8,,22.0,,,,27.5,,,,,,,,,,,,,,20,20,6.4,8.9,,20,,,6.8,
2006-09-20 11:00:00,,10.0,,,1.33,,,,,0.0,0.0,72,,,1012.3,,,,,,,,,1007.1,0.2,,21.1,,,,26.5,,,,,,,,,,12.0,,,,10,360,7.8,10.1,,10,,,7.8,
2006-09-20 12:00:00,,,,,0.71,,,,,0.0,0.0,71,,,1011.8,,,,,,,,,1006.6,0.0,,20.9,,,,26.5,,,,,,,,,,,,,,10,360,7.6,10.4,,10,,,8.2,
2006-09-20 13:00:00,,,,,0.66,,,,,0.0,0.0,72,,,1011.3,,,,,,,,,1006.1,0.0,,21.0,,,,26.5,,,,,,,,,,,,,,10,10,8.3,11.3,,10,,,8.3,
2006-09-20 14:00:00,,10.0,,,0.21,,,,,0.0,0.0,73,,,1010.6,,,,,,,,,1005.4,0.0,,21.0,,,,26.2,,,,,,,,,,12.0,,,,10,360,8.6,11.4,,10,,,8.9,
2006-09-20 15:00:00,,,,,0.24,,,,,0.0,0.0,74,,,1010.3,,,,,,,,,1005.1,0.0,,21.0,,,,26.1,,,,,,,,,,,,,,10,10,8.7,11.4,,10,,,9.1,
2006-09-20 16:00:00,,,,,0.05,,,,,0.0,0.0,73,,,1010.1,,,,,,,,,1004.9,0.0,,20.9,,,,26.2,,,,,,,,,,,,,,10,10,8.4,12.7,,10,,,9.3,
2006-09-20 17:00:00,,10.0,,,0.0,,,,,0.0,0.0,74,,,1010.4,,,,,,,,,1005.2,0.0,,21.0,,,,26.1,,,,,,,,,,10.0,,,,20,20,8.6,11.8,,20,,,8.6,
2006-09-20 18:00:00,,,,,0.0,,,,,0.0,0.0,73,,,1010.4,,,,,,,,,1005.2,0.0,,20.7,,,,26.0,,,,,,,,,,,,,,20,30,8.2,10.9,,20,,,8.7,
2006-09-20 19:00:00,,,,,0.0,,,,,0.0,0.0,77,,,1010.9,,,,,,,,,1005.7,0.0,,21.3,,,,25.6,,,,,,,,,,,,,,20,20,8.1,11.3,,20,,,8.6,
2006-09-20 20:00:00,,,,,0.0,,,,,0.0,0.0,67,,,1011.4,,,,,,,,,1006.2,,,19.3,,,,26.0,,,,,,,,,,,,,,20,20,6.7,12.0,,20,,,9.2,
2006-09-20 21:00:00,,,,,0.0,,,,,0.0,0.0,69,,,1012.1,,,,,,,,,1006.9,,,19.9,,,,26.0,,,,,,,,,,,,,,10,10,7.9,10.2,,10,,,7.9,
2006-09-20 22:00:00,,,,,0.0,,,,,0.0,0.0,72,,,1012.4,,,,,,,,,1007.2,,,20.4,,,,25.8,,,,,,,,,,,,,,20,360,5.7,9.6,,10,,,7.9,
2006-09-20 23:00:00,,,,,0.0,,,,,0.0,0.0,73,,,1012.4,,,,,,,,,1007.2,,,20.2,,,,25.4,,,,,,,,,,,,,,20,20,5.2,7.3,,20,,,5.7,
2006-09-21 00:00:00,,,,,0.0,,,,,0.0,0.0,74,,,1011.9,,,,,,,,,1006.7,,,20.9,,,,25.8,,,,,,,,,,,,,,20,360,4.8,7.0,,20,,,5.5,
2006-09-21 01:00:00,,,,,0.0,,,,,0.0,0.0,74,,,1011.4,,,,,,,,,1006.2,,,20.8,,,,25.7,,,,,,,,,,,,,,20,20,5.2,7.0,,30,,,5.7,
2006-09-21 02:00:00,,,,,0.0,,,,,0.0,0.0,75,,,1010.7,,,,,,,,,1005.5,,,20.9,,,,25.6,,,,,,,,,,,,,,20,20,6.7,8.3,,20,,,6.8,
2006-09-21 03:00:00,,,,,0.0,,,,,0.0,0.0,74,,,1010.2,,,,,,,,,1005.0,,,20.8,,,,25.7,,,,,,,,,,,,,,20,30,7.6,10.3,,20,,,7.8,
2006-09-21 04:00:00,,,,,0.0,,,,,0.0,0.0,75,,,1010.1,,,,,,,,,1004.9,,,20.8,,,,25.6,,,,,,,,,,,,,,20,30,8.0,10.1,,20,,,8.0,
2006-09-21 05:00:00,,,,,0.0,,,,,0.0,0.0,78,,,1010.1,,,,,,,,,1004.9,,,21.4,,,,25.5,,,,,,,,,,,,,,30,30,7.4,9.7,,20,,,8.0,
2006-09-21 06:00:00,,,,,0.0,,,,,0.0,0.0,80,,,1010.5,,,,,,,,,1005.3,0.0,,21.6,,,,25.4,,,,,,,,,,,,,,20,30,6.3,10.4,,20,,,8.3,
2006-09-21 07:00:00,,,,,0.0,,,,,0.0,0.0,78,,,1011.1,,,,,,,,,1005.9,0.0,,21.6,,,,25.8,,,,,,,,,,,,,,20,30,6.5,9.5,,20,,,7.3,
2006-09-21 08:00:00,,9.0,,,0.28,,,,,0.0,0.0,78,,,1011.4,,,,,,,,,1006.2,0.0,,21.9,,,,26.1,,,,,,,,,,10.0,,,,20,30,6.8,9.5,,20,,,7.7,
2006-09-21 09:00:00,,10.0,,,0.55,,,,,0.0,0.0,78,,,1011.9,,,,,,,,,1006.7,0.0,,22.1,,,,26.3,,,,,,,,,,10.0,,,,20,30,6.7,10.0,,20,,,7.5,
2006-09-21 10:00:00,,,,,0.82,,,,,0.0,0.0,76,,,1012.0,,,,,,,,,1006.8,0.1,,22.2,,,,26.7,,,,,,,,,,,,,,40,20,6.5,9.6,,20,,,7.8,
2006-09-21 11:00:00,,10.0,,,0.71,,,,,0.0,0.0,75,,,1011.8,,,,,,,,,1006.6,0.0,,21.9,,,,26.7,,,,,,,,,,10.0,,,,20,20,6.5,8.9,,20,,,7.1,
2006-09-21 12:00:00,,,,,1.06,,,,,0.0,0.0,75,,,1011.3,,,,,,,,,1006.1,0.0,,21.7,,,,26.6,,,,,,,,,,,,,,20,20,7.4,9.6,,20,,,7.5,
2006-09-21 13:00:00,,,,,0.68,,,,,0.0,0.0,73,,,1010.8,,,,,,,,,1005.6,0.0,,22.1,,,,27.3,,,,,,,,,,,,,,20,20,7.4,9.8,,20,,,7.5,
2006-09-21 14:00:00,,9.0,,,1.59,,,,,0.0,0.0,73,,,1010.2,,,,,,,,,1005.0,0.2,,21.9,,,,27.1,,,,,,,,,,8.0,,,,20,30,8.2,11.7,,20,,,8.4,
2006-09-21 15:00:00,,,,,1.36,,,,,0.0,0.0,73,,,1009.8,,,,,,,,,1004.6,0.3,,21.7,,,,26.9,,,,,,,,,,,,,,20,10,9.1,12.9,,10,,,9.1,
2006-09-21 16:00:00,,,,,1.01,,,,,0.0,0.0,75,,,1009.9,,,,,,,,,1004.7,0.9,,21.8,,,,26.7,,,,,,,,,,,,,,20,20,9.0,12.9,,20,,,9.6,
2006-09-21 17:00:00,,4.0,,,0.6,,,,,0.0,0.0,74,,,1010.1,,,,,,,,,1004.9,1.0,,21.0,,,,26.1,,,,,,,,,,10.0,,,,20,20,11.3,14.1,,20,,,11.3,
2006-09-21 18:00:00,,,,,0.0,,,,,0.0,0.0,76,,,1010.5,,,,,,,,,1005.3,0.0,,21.1,,,,25.7,,,,,,,,,,,,,,20,20,11.1,14.4,,20,,,11.3,
2006-09-21 19:00:00,,,,,0.0,,,,,0.0,0.0,75,,,1010.6,,,,,,,,,1005.4,0.0,,20.8,,,,25.6,,,,,,,,,,,,,,20,20,9.8,14.3,,20,,,11.1,
2006-09-21 20:00:00,,,,,0.0,,,,,0.0,0.0,76,,,1011.3,,,,,,,,,1006.1,,,21.0,,,,25.5,,,,,,,,,,,,,,20,20,9.8,14.3,,20,,,11.2,
2006-09-21 21:00:00,,,,,0.0,,,,,0.0,0.0,77,,,1011.8,,,,,,,,,1006.6,,,21.3,,,,25.7,,,,,,,,,,,,,,20,20,8.8,12.8,,20,,,9.9,
2006-09-21 22:00:00,,,,,0.0,,,,,0.0,0.0,78,,,1011.9,,,,,,,,,1006.7,,,21.4,,,,25.6,,,,,,,,,,,,,,20,30,7.5,12.1,,20,,,9.4,
2006-09-21 23:00:00,,,,,0.0,,,,,0.0,0.0,79,,,1011.3,,,,,,,,,1006.1,,,21.5,,,,25.5,,,,,,,,,,,,,,20,20,8.0,11.1,,20,,,8.0,
2006-09-22 00:00:00,,,,,0.0,,,,,0.0,0.0,79,,,1011.4,,,,,,,,,1006.2,,,21.6,,,,25.5,,,,,,,,,,,,,,20,20,7.7,11.1,,20,,,8.4,
2006-09-22 01:00:00,,,,,0.0,,,,,0.0,0.0,81,,,1011.2,,,,,,,,,1006.0,,,21.8,,,,25.4,,,,,,,,,,,,,,20,20,7.4,11.1,,20,,,8.4,
2006-09-22 02:00:00,,,,,0.0,,,,,0.0,0.0,80,,,1010.6,,,,,,,,,1005.4,,,21.6,,,,25.3,,,,,,,,,,,,,,20,20,7.4,10.1,,20,,,8.1,
2006-09-22 03:00:00,,,,,0.0,,,,,0.0,0.0,80,,,1010.2,,,,,,,,,1005.0,,,21.4,,,,25.1,,,,,,,,,,,,,,20,20,7.7,9.9,,30,,,7.8,
2006-09-22 04:00:00,,,,,0.0,,,,,0.0,0.0,80,,,1010.3,,,,,,,,,1005.1,,,21.6,,,,25.3,,,,,,,,,,,,,,20,20,8.2,10.9,,20,,,8.4,
2006-09-22 05:00:00,,,,,0.0,,,,,0.0,0.0,79,,,1010.2,,,,,,,,,1005.0,,,21.5,,,,25.4,,,,,,,,,,,,,,20,30,8.0,10.6,,20,,,8.3,
2006-09-22 06:00:00,,,,,0.0,,,,,0.0,0.0,80,,,1010.5,,,,,,,,,1005.3,0.0,,21.6,,,,25.2,,,,,,,,,,,,,,30,20,8.2,12.3,,20,,,9.4,
2006-09-22 07:00:00,,,,,0.0,,,,,0.0,0.0,79,,,1010.9,,,,,,,,,1005.7,0.0,,21.6,,,,25.5,,,,,,,,,,,,,,20,20,9.3,12.1,,20,,,9.3,
2006-09-22 08:00:00,,7.0,,,0.65,,,,,0.0,0.0,78,,,1011.8,,,,,,,,,1006.6,0.5,,22.8,,,,26.9,,,,,,,,,,15.0,,,,20,20,8.6,12.6,,20,,,9.7,
2006-09-22 09:00:00,,4.0,,,0.89,,,,,0.0,0.0,77,,,1012.2,,,,,,,,,1007.0,0.4,,22.1,,,,26.4,,,,,,,,,,12.0,,,,20,30,9.1,11.2,,20,,,9.1,
2006-09-22 10:00:00,,,,,1.7,,,,,0.0,0.0,76,,,1012.5,,,,,,,,,1007.3,1.0,,22.8,,,,27.4,,,,,,,,,,,,,,30,20,7.3,11.0,,20,,,9.0,
2006-09-22 11:00:00,,2.0,,,2.2,,,,,0.0,0.0,73,,,1012.3,,,,,,,,,1007.1,0.9,,22.7,,,,28.0,,,,,,,,,,10.0,,,,20,10,7.4,10.9,,20,,,8.1,
2006-09-22 12:00:00,,,,,2.31,,,,,0.0,0.0,73,,,1011.6,,,,,,,,,1006.4,1.0,,22.6,,,,28.0,,,,,,,,,,,,,,20,30,8.9,11.4,,20,,,8.9,
2006-09-22 13:00:00,,,,,2.28,,,,,0.0,0.0,73,,,1011.0,,,,,,,,,1005.8,1.0,,22.7,,,,27.9,,,,,,,,,,,,,,20,30,9.1,12.4,,20,,,9.2,
2006-09-22 14:00:00,,1.0,,,2.03,,,,,0.0,0.0,65,,,1010.0,,,,,,,,,1004.9,1.0,,20.5,,,,27.8,,,,,,,,,,15.0,,,,20,20,10.5,15.4,,20,,,10.5,
2006-09-22 15:00:00,,,,,1.37,,,,,0.0,0.0,69,,,1010.1,,,,,,,,,1004.9,0.9,,21.0,,,,27.2,,,,,,,,,,,,,,10,20,10.1,14.5,,10,,,10.7,
2006-09-22 16:00:00,,,,,1.2,,,,,0.0,0.0,75,,,1010.1,,,,,,,,,1004.9,1.0,,21.8,,,,26.7,,,,,,,,,,,,,,20,20,10.8,15.4,,20,,,11.2,
2006-09-22 17:00:00,,6.0,,,0.57,,,,,0.0,0.0,76,,,1009.9,,,,,,,,,1004.7,0.7,,21.5,,,,26.0,,,,,,,,,,10.0,,,,10,10,12.8,16.9,,10,,,12.8,
2006-09-22 18:00:00,,,,,0.04,,,,,0.0,0.0,79,,,1010.3,,,,,,,,,1005.1,0.1,,21.9,,,,25.9,,,,,,,,,,,,,,20,360,11.3,16.3,,10,,,12.8,
2006-09-22 19:00:00,,,,,0.0,,,,,0.0,0.0,79,,,1011.0,,,,,,,,,1005.8,0.0,,22.0,,,,25.9,,,,,,,,,,,,,,20,20,10.6,15.9,,20,,,11.4,
2006-09-22 20:00:00,,,,,0.0,,,,,0.0,0.0,78,,,1011.3,,,,,,,,,1006.1,,,21.8,,,,26.0,,,,,,,,,,,,,,20,20,10.7,15.4,,20,,,11.5,
2006-09-22 21:00:00,,,,,0.0,,,,,0.0,0.0,78,,,1011.8,,,,,,,,,1006.6,,,22.0,,,,26.1,,,,,,,,,,,,,,20,30,9.7,15.0,,20,,,11.0,
2006-09-22 22:00:00,,,,,0.0,,,,,0.0,0.0,78,,,1011.9,,,,,,,,,1006.7,,,21.9,,,,26.0,,,,,,,,,,,,,,20,10,9.8,14.4,,20,,,10.1,
2006-09-22 23:00:00,,,,,0.0,,,,,0.0,0.0,79,,,1011.6,,,,,,,,,1006.4,,,21.8,,,,25.8,,,,,,,,,,,,,,20,20,8.6,13.2,,20,,,10.9,
2006-09-23 00:00:00,,,,,0.0,,,,,0.0,0.0,80,,,1011.1,,,,,,,,,1005.9,,,22.0,,,,25.8,,,,,,,,,,,,,,20,20,7.8,11.2,,20,,,8.6,
2006-09-23 01:00:00,,,,,0.0,,,,,0.0,0.0,81,,,1010.4,,,,,,,,,1005.2,,,22.2,,,,25.8,,,,,,,,,,,,,,20,20,7.8,12.9,,10,,,8.7,
2006-09-23 02:00:00,,,,,0.0,,,,,0.0,0.0,81,,,1010.4,,,,,,,,,1005.2,,,22.2,,,,25.8,,,,,,,,,,,,,,30,20,7.0,12.7,,20,,,8.9,
2006-09-23 03:00:00,,,,,0.0,,,,,0.0,0.0,81,,,1010.3,,,,,,,,,1005.1,,,22.0,,,,25.6,,,,,,,,,,,,,,30,30,6.9,9.7,,20,,,7.2,
2006-09-23 04:00:00,,,,,0.0,,,,,0.0,0.0,81,,,1010.3,,,,,,,,,1005.1,,,22.1,,,,25.7,,,,,,,,,,,,,,20,20,6.2,8.9,,30,,,6.7,
2006-09-23 05:00:00,,,,,0.0,,,,,0.0,0.0,81,,,1010.5,,,,,,,,,1005.3,,,22.0,,,,25.6,,,,,,,,,,,,,,20,20,6.2,8.9,,20,,,7.0,
2006-09-23 06:00:00,,,,,0.0,,,,,0.0,0.0,82,,,1010.8,,,,,,,,,1005.6,0.0,,22.2,,,,25.5,,,,,,,,,,,,,,30,20,4.1,8.3,,20,,,6.3,
2006-09-23 07:00:00,,,,,0.07,,,,,0.0,0.0,80,,,1011.3,,,,,,,,,1006.1,0.3,,22.3,,,,26.1,,,,,,,,,,,,,,20,10,4.7,6.7,,20,,,5.0,
2006-09-23 08:00:00,,4.0,,,0.56,,,,,0.0,0.0,79,,,1011.5,,,,,,,,,1006.3,0.9,,22.7,,,,26.7,,,,,,,,,,8.0,,,,20,20,5.8,7.4,,20,,,5.8,
2006-09-23 09:00:00,,2.0,,,1.12,,,,,0.0,0.0,78,,,1012.4,,,,,,,,,1007.2,0.9,,23.4,,,,27.6,,,,,,,,,,5.0,,,,40,30,5.1,8.3,,20,,,6.5,
2006-09-23 10:00:00,,,,,1.53,,,,,0.0,0.0,76,,,1012.9,,,,,,,,,1007.7,0.9,,23.8,,,,28.4,,,,,,,,,,,,,,40,40,4.9,6.9,,40,,,5.5,
2006-09-23 11:00:00,,2.0,,,1.62,,,,,0.0,0.0,74,,,1012.6,,,,,,,,,1007.4,0.7,,23.3,,,,28.3,,,,,,,,,,15.0,,,,20,20,6.2,8.1,,20,,,6.2,
2006-09-23 12:00:00,,,,,2.08,,,,,0.0,0.0,73,,,1012.4,,,,,,,,,1007.2,0.9,,23.1,,,,28.4,,,,,,,,,,,,,,20,10,5.9,8.7,,20,,,6.3,
2006-09-23 13:00:00,,,,,1.68,,,,,0.0,0.0,73,,,1011.4,,,,,,,,,1006.3,0.3,,23.0,,,,28.3,,,,,,,,,,,,,,20,20,6.3,8.3,,20,,,6.3,
2006-09-23 14:00:00,,5.0,,,2.34,,,,,0.0,0.0,73,,,1010.6,,,,,,,,,1005.5,1.0,,23.1,,,,28.3,,,,,,,,,,10.0,,,,20,20,8.2,11.9,,20,,,8.2,
2006-09-23 15:00:00,,,,,0.6,,,,,0.0,0.0,76,,,1010.1,,,,,,,,,1004.9,0.0,,22.6,,,,27.2,,,,,,,,,,,,,,20,20,8.9,12.4,,20,,,9.0,
2006-09-23 16:00:00,,,,,0.6,,,,,0.0,0.0,76,,,1009.8,,,,,,,,,1004.6,0.0,,22.2,,,,26.8,,,,,,,,,,,,,,20,20,11.1,15.4,,20,,,11.1,
2006-09-23 17:00:00,,6.0,,,0.36,,,,,0.0,0.0,78,,,1010.4,,,,,,,,,1005.2,0.1,,22.3,,,,26.5,,,,,,,,,,15.0,,,,20,10,11.2,16.2,,20,,,12.1,
2006-09-23 18:00:00,,,,,0.0,,,,,0.0,0.0,78,,,1010.7,,,,,,,,,1005.5,0.0,,22.1,,,,26.2,,,,,,,,,,,,,,20,20,10.8,16.4,,20,,,12.8,
2006-09-23 19:00:00,,,,,0.0,,,,,0.0,0.0,78,,,1011.1,,,,,,,,,1005.9,0.0,,22.0,,,,26.1,,,,,,,,,,,,,,20,20,11.4,15.5,,20,,,11.5,
2006-09-23 20:00:00,,,,,0.0,,,,,0.0,0.0,79,,,1011.3,,,,,,,,,1006.1,,,22.0,,,,26.0,,,,,,,,,,,,,,20,20,11.4,15.7,,20,,,11.7,
2006-09-23 21:00:00,,,,,0.0,,,,,0.0,0.0,79,,,1011.6,,,,,,,,,1006.4,,,22.0,,,,26.0,,,,,,,,,,,,,,20,20,10.9,15.5,,20,,,11.9,
2006-09-23 22:00:00,,,,,0.0,,,,,0.0,0.0,80,,,1011.6,,,,,,,,,1006.4,,,22.2,,,,26.0,,,,,,,,,,,,,,10,10,9.0,14.0,,20,,,10.9,
2006-09-23 23:00:00,,,,,0.0,,,,,0.0,0.0,80,,,1011.6,,,,,,,,,1006.4,,,22.3,,,,26.0,,,,,,,,,,,,,,10,10,9.0,14.4,,10,,,10.9,
2006-09-24 00:00:00,,,,,0.0,,,,,0.0,0.0,79,,,1011.8,,,,,,,,,1006.6,,,22.1,,,,26.1,,,,,,,,,,,,,,20,20,9.1,14.2,,20,,,10.0,
2006-09-24 01:00:00,,,,,0.0,,,,,0.0,0.0,78,,,1011.6,,,,,,,,,1006.4,,,21.8,,,,25.9,,,,,,,,,,,,,,20,20,6.9,11.4,,20,,,9.0,
2006-09-24 02:00:00,,,,,0.0,,,,,0.0,0.0,78,,,1011.0,,,,,,,,,1005.8,,,21.7,,,,25.9,,,,,,,,,,,,,,10,10,6.7,10.4,,10,,,7.3,
2006-09-24 03:00:00,,,,,0.0,,,,,0.0,0.0,78,,,1011.1,,,,,,,,,1005.9,,,21.8,,,,25.9,,,,,,,,,,,,,,20,10,5.3,9.0,,10,,,6.7,
2006-09-24 04:00:00,,,,,0.0,,,,,0.0,0.0,79,,,1010.9,,,,,,,,,1005.7,,,21.9,,,,25.9,,,,,,,,,,,,,,10,360,6.7,9.3,,10,,,6.9,
2006-09-24 05:00:00,,,,,0.0,,,,,0.0,0.0,78,,,1011.0,,,,,,,,,1005.8,,,21.9,,,,26.0,,,,,,,,,,,,,,10,10,9.1,12.0,,10,,,9.1,
2006-09-24 06:00:00,,,,,0.0,,,,,0.0,0.0,80,,,1011.2,,,,,,,,,1006.0,0.0,,22.2,,,,25.9,,,,,,,,,,,,,,10,20,8.5,12.8,,10,,,9.1,
2006-09-24 07:00:00,,,,,0.0,,,,,0.0,0.0,79,,,1012.0,,,,,,,,,1006.8,0.0,,22.2,,,,26.2,,,,,,,,,,,,,,30,10,9.5,14.0,,20,,,10.6,
2006-09-24 08:00:00,,9.0,,,0.54,,,,,0.0,0.0,76,,,1012.8,,,,,,,,,1007.6,0.2,,22.0,,,,26.5,,,,,,,,,,12.0,,,,30,30,8.1,13.4,,30,,,9.8,
2006-09-24 09:00:00,,9.0,,,0.68,,,,,0.0,0.0,76,,,1013.0,,,,,,,,,1007.8,0.0,,22.3,,,,27.0,,,,,,,,,,15.0,,,,30,20,8.5,12.6,,20,,,9.6,
2006-09-24 10:00:00,,,,,0.97,,,,,0.0,0.0,74,,,1012.8,,,,,,,,,1007.6,0.1,,22.5,,,,27.5,,,,,,,,,,,,,,30,20,8.1,12.4,,30,,,9.4,
2006-09-24 11:00:00,,9.0,,,1.48,,,,,0.0,0.0,74,,,1012.8,,,,,,,,,1007.6,0.3,,22.8,,,,27.8,,,,,,,,,,15.0,,,,20,360,8.7,12.0,,20,,,8.9,
2006-09-24 12:00:00,,,,,1.39,,,,,0.0,0.0,73,,,1012.7,,,,,,,,,1007.5,0.2,,22.6,,,,27.8,,,,,,,,,,,,,,20,20,8.0,11.3,,20,,,8.6,
2006-09-24 13:00:00,,,,,1.63,,,,,0.0,0.0,75,,,1011.8,,,,,,,,,1006.6,0.3,,23.1,,,,28.0,,,,,,,,,,,,,,20,10,9.0,12.7,,20,,,9.0,
2006-09-24 14:00:00,,8.0,,,1.66,,,,,0.0,0.0,76,,,1011.2,,,,,,,,,1006.0,0.6,,23.0,,,,27.7,,,,,,,,,,13.0,,,,10,20,10.2,14.3,,20,,,10.5,
2006-09-24 15:00:00,,,,,1.2,,,,,0.0,0.0,76,,,1010.6,,,,,,,,,1005.4,0.3,,22.2,,,,26.8,,,,,,,,,,,,,,20,20,11.7,15.9,,20,,,11.7,
2006-09-24 16:00:00,,,,,0.95,,,,,0.0,0.0,76,,,1010.6,,,,,,,,,1005.4,0.6,,21.9,,,,26.5,,,,,,,,,,,,,,20,20,11.7,17.6,,20,,,12.8,
2006-09-24 17:00:00,,6.0,,,0.35,,,,,0.0,0.0,76,,,1010.6,,,,,,,,,1005.4,0.2,,21.6,,,,26.2,,,,,,,,,,13.0,,,,20,20,12.0,18.0,,20,,,12.8,
2006-09-24 18:00:00,,,,,0.0,,,,,0.0,0.0,76,,,1010.8,,,,,,,,,1005.6,0.0,,21.4,,,,25.9,,,,,,,,,,,,,,20,30,12.7,20.3,,20,,,13.6,
2006-09-24 19:00:00,,,,,0.0,,,,,0.0,0.0,76,,,1011.2,,,,,,,,,1006.0,0.0,,21.4,,,,25.9,,,,,,,,,,,,,,20,20,13.4,18.4,,20,,,13.8,
2006-09-24 20:00:00,,,,,0.0,,,,,0.0,0.0,76,,,1011.7,,,,,,,,,1006.5,,,21.5,,,,26.0,,,,,,,,,,,,,,20,20,12.5,19.2,,20,,,14.6,
2006-09-24 21:00:00,,,,,0.0,,,,,0.0,0.0,75,,,1012.0,,,,,,,,,1006.8,,,21.3,,,,26.0,,,,,,,,,,,,,,20,30,12.0,18.0,,20,,,13.8,
2006-09-24 22:00:00,,,,,0.0,,,,,0.0,0.0,74,,,1012.2,,,,,,,,,1007.0,,,21.1,,,,26.1,,,,,,,,,,,,,,20,20,12.8,18.2,,20,,,13.5,
2006-09-24 23:00:00,,,,,0.0,,,,,0.0,0.0,75,,,1012.4,,,,,,,,,1007.2,,,21.2,,,,26.0,,,,,,,,,,,,,,30,20,11.7,18.1,,20,,,13.0,
2006-09-25 00:00:00,,,,,0.0,,,,,0.0,0.0,73,,,1012.5,,,,,,,,,1007.3,,,20.9,,,,26.2,,,,,,,,,,,,,,20,20,12.0,15.9,,20,,,12.4,
2006-09-25 01:00:00,,,,,0.0,,,,,0.0,0.0,75,,,1012.1,,,,,,,,,1006.9,,,21.2,,,,25.9,,,,,,,,,,,,,,20,20,10.8,15.6,,20,,,12.1,
2006-09-25 02:00:00,,,,,0.0,,,,,0.0,0.0,75,,,1011.6,,,,,,,,,1006.4,,,21.1,,,,25.9,,,,,,,,,,,,,,20,20,10.4,14.8,,20,,,11.1,
2006-09-25 03:00:00,,,,,0.0,,,,,0.0,0.0,77,,,1010.8,,,,,,,,,1005.6,,,21.5,,,,25.8,,,,,,,,,,,,,,20,20,10.9,15.3,,20,,,11.2,
2006-09-25 04:00:00,,,,,0.0,,,,,0.0,0.0,76,,,1010.7,,,,,,,,,1005.5,,,21.0,,,,25.6,,,,,,,,,,,,,,20,20,10.9,15.8,,20,,,11.8,
2006-09-25 05:00:00,,,,,0.0,,,,,0.0,0.0,77,,,1010.7,,,,,,,,,1005.5,,,21.3,,,,25.6,,,,,,,,,,,,,,20,10,10.5,15.4,,20,,,11.9,
2006-09-25 06:00:00,,,,,0.0,,,,,0.0,0.0,77,,,1011.1,,,,,,,,,1005.9,0.0,,21.3,,,,25.6,,,,,,,,,,,,,,20,10,10.0,15.6,,20,,,11.2,
2006-09-25 07:00:00,,,,,0.01,,,,,0.0,0.0,76,,,1011.6,,,,,,,,,1006.4,0.0,,21.3,,,,25.8,,,,,,,,,,,,,,10,20,9.8,14.8,,20,,,10.6,
2006-09-25 08:00:00,,9.0,,,0.45,,,,,0.0,0.0,76,,,1012.3,,,,,,,,,1007.1,0.2,,21.8,,,,26.3,,,,,,,,,,12.0,,,,20,20,8.8,14.1,,10,,,10.0,
2006-09-25 09:00:00,,5.0,,,0.76,,,,,0.0,0.0,75,,,1012.5,,,,,,,,,1007.3,0.3,,21.9,,,,26.6,,,,,,,,,,12.0,,,,20,30,9.7,13.8,,20,,,10.0,
2006-09-25 10:00:00,,,,,1.59,,,,,0.0,0.0,72,,,1012.7,,,,,,,,,1007.5,0.9,,22.3,,,,27.8,,,,,,,,,,,,,,20,20,10.2,13.4,,20,,,10.3,
2006-09-25 11:00:00,,4.0,,,1.68,,,,,0.0,0.0,72,,,1012.6,,,,,,,,,1007.4,0.6,,21.7,,,,27.3,,,,,,,,,,12.0,,,,20,20,9.6,13.8,,20,,,10.8,
2006-09-25 12:00:00,,,,,2.12,,,,,0.0,0.0,71,,,1011.9,,,,,,,,,1006.7,0.9,,22.2,,,,27.9,,,,,,,,,,,,,,20,20,9.3,14.3,,20,,,10.6,
2006-09-25 13:00:00,,,,,2.39,,,,,0.0,0.0,69,,,1011.2,,,,,,,,,1006.0,1.0,,21.8,,,,27.9,,,,,,,,,,,,,,20,20,9.0,13.8,,20,,,10.6,
2006-09-25 14:00:00,,1.0,,,1.97,,,,,0.0,0.0,69,,,1010.6,,,,,,,,,1005.4,0.9,,21.3,,,,27.5,,,,,,,,,,20.0,,,,10,20,10.6,15.3,,10,,,10.7,
2006-09-25 15:00:00,,,,,1.71,,,,,0.0,0.0,70,,,1009.8,,,,,,,,,1004.6,1.0,,21.1,,,,27.1,,,,,,,,,,,,,,20,10,9.8,15.6,,10,,,10.8,
2006-09-25 16:00:00,,,,,1.18,,,,,0.0,0.0,71,,,1009.7,,,,,,,,,1004.5,1.0,,20.8,,,,26.6,,,,,,,,,,,,,,10,10,10.5,14.5,,10,,,10.7,
2006-09-25 17:00:00,,1.0,,,0.59,,,,,0.0,0.0,72,,,1009.6,,,,,,,,,1004.4,1.0,,20.6,,,,26.0,,,,,,,,,,20.0,,,,10,20,10.1,14.4,,10,,,10.6,
2006-09-25 18:00:00,,,,,0.0,,,,,0.0,0.0,72,,,1009.9,,,,,,,,,1004.7,0.3,,20.1,,,,25.5,,,,,,,,,,,,,,20,10,10.2,15.8,,10,,,11.1,
2006-09-25 19:00:00,,,,,0.0,,,,,0.0,0.0,73,,,1010.2,,,,,,,,,1005.0,0.0,,20.1,,,,25.4,,,,,,,,,,,,,,10,20,10.0,13.7,,20,,,10.3,
2006-09-25 20:00:00,,,,,0.0,,,,,0.0,0.0,73,,,1010.9,,,,,,,,,1005.7,,,20.3,,,,25.4,,,,,,,,,,,,,,10,360,9.4,13.6,,20,,,10.1,
2006-09-25 21:00:00,,,,,0.0,,,,,0.0,0.0,73,,,1011.2,,,,,,,,,1006.0,,,20.5,,,,25.6,,,,,,,,,,,,,,20,20,8.0,12.9,,10,,,9.4,
2006-09-25 22:00:00,,,,,0.0,,,,,0.0,0.0,73,,,1011.4,,,,,,,,,1006.2,,,20.4,,,,25.6,,,,,,,,,,,,,,20,20,7.2,11.3,,20,,,8.1,
2006-09-25 23:00:00,,,,,0.0,,,,,0.0,0.0,75,,,1010.9,,,,,,,,,1005.7,,,20.7,,,,25.5,,,,,,,,,,,,,,10,20,6.8,10.5,,20,,,7.7,
2006-09-26 00:00:00,,,,,0.0,,,,,0.0,0.0,76,,,1010.4,,,,,,,,,1005.2,,,20.7,,,,25.3,,,,,,,,,,,,,,30,360,5.5,10.1,,20,,,7.1,
2006-09-26 01:00:00,,,,,0.0,,,,,0.0,0.0,75,,,1010.2,,,,,,,,,1005.0,,,20.7,,,,25.5,,,,,,,,,,,,,,20,30,4.6,7.4,,20,,,5.7,
2006-09-26 02:00:00,,,,,0.0,,,,,0.0,0.0,74,,,1009.9,,,,,,,,,1004.7,,,20.6,,,,25.5,,,,,,,,,,,,,,360,20,6.4,9.1,,360,,,6.5,
2006-09-26 03:00:00,,,,,0.0,,,,,0.0,0.0,75,,,1009.5,,,,,,,,,1004.3,,,20.5,,,,25.2,,,,,,,,,,,,,,10,10,6.1,9.6,,10,,,7.4,
2006-09-26 04:00:00,,,,,0.0,,,,,0.0,0.0,75,,,1009.5,,,,,,,,,1004.3,,,20.5,,,,25.2,,,,,,,,,,,,,,10,10,6.2,8.5,,10,,,6.3,
2006-09-26 05:00:00,,,,,0.0,,,,,0.0,0.0,74,,,1009.6,,,,,,,,,1004.4,,,20.3,,,,25.3,,,,,,,,,,,,,,20,10,6.2,8.7,,10,,,6.3,
2006-09-26 06:00:00,,,,,0.0,,,,,0.0,0.0,76,,,1010.0,,,,,,,,,1004.8,0.0,,20.6,,,,25.2,,,,,,,,,,,,,,20,30,7.1,10.4,,10,,,7.6,
2006-09-26 07:00:00,,,,,0.08,,,,,0.0,0.0,74,,,1010.5,,,,,,,,,1005.3,0.4,,20.6,,,,25.5,,,,,,,,,,,,,,10,360,8.4,12.2,,10,,,8.6,
2006-09-26 08:00:00,,2.0,,,0.54,,,,,0.0,0.0,73,,,1010.9,,,,,,,,,1005.7,0.7,,21.1,,,,26.3,,,,,,,,,,25.0,,,,10,10,7.6,12.2,,10,,,8.7,
2006-09-26 09:00:00,,2.0,,,1.09,,,,,0.0,0.0,71,,,1011.2,,,,,,,,,1006.0,0.9,,21.0,,,,26.6,,,,,,,,,,25.0,,,,20,10,8.8,13.4,,10,,,9.3,
2006-09-26 10:00:00,,,,,1.61,,,,,0.0,0.0,70,,,1011.2,,,,,,,,,1006.0,0.8,,21.1,,,,27.1,,,,,,,,,,,,,,10,360,8.6,13.1,,20,,,9.2,
2006-09-26 11:00:00,,5.0,,,1.8,,,,,0.0,0.0,69,,,1010.9,,,,,,,,,1005.7,0.7,,21.0,,,,27.2,,,,,,,,,,25.0,,,,20,360,8.1,12.6,,20,,,9.0,
2006-09-26 12:00:00,,,,,1.93,,,,,0.0,0.0,68,,,1010.3,,,,,,,,,1005.1,0.7,,21.4,,,,27.8,,,,,,,,,,,,,,20,20,8.2,11.8,,20,,,8.9,
2006-09-26 13:00:00,,,,,1.49,,,,,0.0,0.0,69,,,1009.6,,,,,,,,,1004.4,0.2,,21.0,,,,27.1,,,,,,,,,,,,,,10,360,8.0,11.4,,20,,,8.3,
2006-09-26 14:00:00,,4.0,,,1.46,,,,,0.0,0.0,69,,,1008.9,,,,,,,,,1003.7,0.3,,20.8,,,,27.0,,,,,,,,,,25.0,,,,20,20,6.9,10.8,,20,,,8.0,
2006-09-26 15:00:00,,,,,1.34,,,,,0.0,0.0,68,,,1008.0,,,,,,,,,1002.9,0.7,,20.8,,,,27.2,,,,,,,,,,,,,,20,20,8.3,11.2,,10,,,8.3,
2006-09-26 16:00:00,,,,,1.12,,,,,0.0,0.0,70,,,1007.9,,,,,,,,,1002.7,1.0,,20.7,,,,26.6,,,,,,,,,,,,,,10,10,8.4,12.5,,20,,,8.4,
2006-09-26 17:00:00,,1.0,,,0.6,,,,,0.0,0.0,70,,,1008.3,,,,,,,,,1003.1,1.0,,20.1,,,,26.1,,,,,,,,,,25.0,,,,20,20,8.3,13.3,,10,,,8.8,
2006-09-26 18:00:00,,,,,0.01,,,,,0.0,0.0,71,,,1008.7,,,,,,,,,1003.5,0.2,,20.1,,,,25.7,,,,,,,,,,,,,,20,20,8.0,11.8,,20,,,8.4,
2006-09-26 19:00:00,,,,,0.0,,,,,0.0,0.0,72,,,1009.2,,,,,,,,,1004.0,0.0,,20.1,,,,25.6,,,,,,,,,,,,,,20,30,9.4,12.5,,20,,,9.7,
2006-09-26 20:00:00,,,,,0.0,,,,,0.0,0.0,73,,,1009.9,,,,,,,,,1004.7,,,20.4,,,,25.6,,,,,,,,,,,,,,20,20,8.1,12.4,,20,,,9.3,
2006-09-26 21:00:00,,,,,0.0,,,,,0.0,0.0,73,,,1010.5,,,,,,,,,1005.3,,,20.4,,,,25.6,,,,,,,,,,,,,,40,30,6.9,10.1,,20,,,8.3,
2006-09-26 22:00:00,,,,,0.0,,,,,0.0,0.0,73,,,1010.7,,,,,,,,,1005.5,,,20.3,,,,25.4,,,,,,,,,,,,,,30,40,7.1,10.2,,30,,,7.8,
2006-09-26 23:00:00,,,,,0.0,,,,,0.0,0.0,73,,,1010.3,,,,,,,,,1005.1,,,20.4,,,,25.6,,,,,,,,,,,,,,30,30,7.5,10.4,,30,,,8.0,
2006-09-27 00:00:00,,,,,0.0,,,,,0.0,0.0,73,,,1010.3,,,,,,,,,1005.1,,,20.2,,,,25.5,,,,,,,,,,,,,,20,20,7.6,10.2,,20,,,7.7,
2006-09-27 01:00:00,,,,,0.0,,,,,0.0,0.0,72,,,1010.1,,,,,,,,,1004.9,,,19.9,,,,25.2,,,,,,,,,,,,,,20,20,7.3,10.4,,30,,,7.8,
2006-09-27 02:00:00,,,,,0.0,,,,,0.0,0.0,72,,,1009.8,,,,,,,,,1004.6,,,19.6,,,,25.0,,,,,,,,,,,,,,20,30,7.3,9.9,,20,,,7.6,
2006-09-27 03:00:00,,,,,0.0,,,,,0.0,0.0,72,,,1009.3,,,,,,,,,1004.1,,,19.8,,,,25.2,,,,,,,,,,,,,,20,20,8.2,10.6,,20,,,8.4,
2006-09-27 04:00:00,,,,,0.0,,,,,0.0,0.0,72,,,1009.3,,,,,,,,,1004.1,,,19.8,,,,25.2,,,,,,,,,,,,,,20,30,8.3,11.9,,20,,,8.8,
2006-09-27 05:00:00,,,,,0.0,,,,,0.0,0.0,74,,,1009.4,,,,,,,,,1004.2,,,20.0,,,,25.0,,,,,,,,,,,,,,20,20,8.4,11.4,,20,,,8.9,
2006-09-27 06:00:00,,,,,0.0,,,,,0.0,0.0,72,,,1009.8,,,,,,,,,1004.6,0.0,,19.7,,,,25.1,,,,,,,,,,,,,,20,20,9.4,12.1,,20,,,9.4,
2006-09-27 07:00:00,,,,,0.07,,,,,0.0,0.0,70,,,1010.2,,,,,,,,,1005.0,0.6,,19.8,,,,25.6,,,,,,,,,,,,,,20,20,9.7,12.4,,20,,,9.7,
2006-09-27 08:00:00,,0.0,,,0.69,,,,,0.0,0.0,68,,,1010.9,,,,,,,,,1005.7,1.0,,20.1,,,,26.4,,,,,,,,,,30.0,,,,20,20,9.5,12.4,,20,,,9.7,
2006-09-27 09:00:00,,0.0,,,1.23,,,,,0.0,0.0,68,,,1011.1,,,,,,,,,1005.9,1.0,,20.7,,,,27.2,,,,,,,,,,35.0,,,,20,30,8.8,13.1,,20,,,9.9,
2006-09-27 10:00:00,,,,,1.8,,,,,0.0,0.0,67,,,1011.0,,,,,,,,,1005.8,1.0,,21.1,,,,27.8,,,,,,,,,,,,,,20,20,8.9,12.4,,20,,,9.6,
2006-09-27 11:00:00,,0.0,,,2.15,,,,,0.0,0.0,65,,,1010.6,,,,,,,,,1005.5,1.0,,21.1,,,,28.4,,,,,,,,,,25.0,,,,20,20,8.9,12.9,,20,,,9.9,
2006-09-27 12:00:00,,,,,2.4,,,,,0.0,0.0,65,,,1010.1,,,,,,,,,1005.0,1.0,,20.9,,,,28.0,,,,,,,,,,,,,,20,20,9.1,12.4,,20,,,9.6,
2006-09-27 13:00:00,,,,,2.4,,,,,0.0,0.0,67,,,1009.3,,,,,,,,,1004.2,1.0,,21.6,,,,28.3,,,,,,,,,,,,,,30,20,8.2,11.8,,20,,,9.7,
2006-09-27 14:00:00,,0.0,,,2.07,,,,,0.0,0.0,67,,,1008.8,,,,,,,,,1003.7,1.0,,21.3,,,,27.9,,,,,,,,,,25.0,,,,20,20,8.6,11.8,,20,,,9.7,
2006-09-27 15:00:00,,,,,1.71,,,,,0.0,0.0,69,,,1008.5,,,,,,,,,1003.4,1.0,,21.3,,,,27.5,,,,,,,,,,,,,,20,20,7.8,12.3,,20,,,8.6,
2006-09-27 16:00:00,,,,,1.17,,,,,0.0,0.0,70,,,1008.9,,,,,,,,,1003.7,1.0,,21.1,,,,27.0,,,,,,,,,,,,,,20,20,8.4,13.4,,20,,,8.7,
2006-09-27 17:00:00,,0.0,,,0.58,,,,,0.0,0.0,71,,,1008.9,,,,,,,,,1003.7,1.0,,20.7,,,,26.5,,,,,,,,,,25.0,,,,20,20,9.8,13.5,,20,,,9.8,
2006-09-27 18:00:00,,,,,0.0,,,,,0.0,0.0,71,,,1009.6,,,,,,,,,1004.4,0.4,,20.4,,,,26.0,,,,,,,,,,,,,,20,20,9.4,13.8,,20,,,10.0,
2006-09-27 19:00:00,,,,,0.0,,,,,0.0,0.0,73,,,1010.4,,,,,,,,,1005.2,0.0,,20.5,,,,25.8,,,,,,,,,,,,,,20,30,9.9,13.6,,20,,,10.7,
2006-09-27 20:00:00,,,,,0.0,,,,,0.0,0.0,73,,,1011.2,,,,,,,,,1006.0,,,20.4,,,,25.7,,,,,,,,,,,,,,20,20,9.3,12.8,,20,,,10.0,
2006-09-27 21:00:00,,,,,0.0,,,,,0.0,0.0,74,,,1011.8,,,,,,,,,1006.6,,,20.7,,,,25.7,,,,,,,,,,,,,,20,20,8.7,12.5,,20,,,9.4,
2006-09-27 22:00:00,,,,,0.0,,,,,0.0,0.0,74,,,1011.6,,,,,,,,,1006.4,,,20.9,,,,25.9,,,,,,,,,,,,,,20,30,9.2,13.2,,20,,,9.2,
2006-09-27 23:00:00,,,,,0.0,,,,,0.0,0.0,76,,,1011.6,,,,,,,,,1006.4,,,21.2,,,,25.8,,,,,,,,,,,,,,20,20,8.4,11.8,,20,,,9.4,
2006-09-28 00:00:00,,,,,0.0,,,,,0.0,0.0,75,,,1011.7,,,,,,,,,1006.5,,,21.1,,,,25.8,,,,,,,,,,,,,,20,20,6.9,11.0,,20,,,8.7,
2006-09-28 01:00:00,,,,,0.0,,,,,0.0,0.0,73,,,1011.2,,,,,,,,,1006.0,,,20.6,,,,25.7,,,,,,,,,,,,,,20,20,8.3,10.9,,20,,,8.3,
2006-09-28 02:00:00,,,,,0.0,,,,,0.0,0.0,73,,,1010.6,,,,,,,,,1005.4,,,20.5,,,,25.6,,,,,,,,,,,,,,20,20,7.9,11.6,,20,,,8.7,
2006-09-28 03:00:00,,,,,0.0,,,,,0.0,0.0,76,,,1010.3,,,,,,,,,1005.1,,,21.0,,,,25.6,,,,,,,,,,,,,,20,20,7.1,11.1,,20,,,8.3,
2006-09-28 04:00:00,,,,,0.0,,,,,0.0,0.0,74,,,1009.9,,,,,,,,,1004.7,,,20.8,,,,25.7,,,,,,,,,,,,,,20,20,8.4,11.1,,20,,,8.5,
2006-09-28 05:00:00,,,,,0.0,,,,,0.0,0.0,76,,,1010.0,,,,,,,,,1004.8,,,21.2,,,,25.7,,,,,,,,,,,,,,20,20,8.0,10.8,,20,,,8.4,
2006-09-28 06:00:00,,,,,0.0,,,,,0.0,0.0,77,,,1010.4,,,,,,,,,1005.2,0.0,,21.3,,,,25.6,,,,,,,,,,,,,,20,20,7.8,10.8,,20,,,8.1,
2006-09-28 07:00:00,,,,,0.0,,,,,0.0,0.0,77,,,1010.8,,,,,,,,,1005.6,0.1,,21.5,,,,25.9,,,,,,,,,,,,,,30,20,7.7,10.3,,20,,,8.0,
2006-09-28 08:00:00,,1.0,,,0.59,,,,,0.0,0.0,73,,,1011.1,,,,,,,,,1005.9,0.9,,21.5,,,,26.7,,,,,,,,,,25.0,,,,20,20,7.9,10.8,,30,,,8.1,
2006-09-28 09:00:00,,0.0,,,1.18,,,,,0.0,0.0,72,,,1011.1,,,,,,,,,1005.9,1.0,,21.8,,,,27.4,,,,,,,,,,25.0,,,,20,10,6.5,10.3,,20,,,7.8,
2006-09-28 10:00:00,,,,,1.72,,,,,0.0,0.0,69,,,1011.3,,,,,,,,,1006.1,1.0,,21.5,,,,27.8,,,,,,,,,,,,,,20,10,6.5,9.7,,20,,,7.3,
2006-09-28 11:00:00,,0.0,,,1.98,,,,,0.0,0.0,70,,,1011.1,,,,,,,,,1006.0,1.0,,22.3,,,,28.2,,,,,,,,,,20.0,,,,20,10,6.3,9.3,,20,,,6.6,
2006-09-28 12:00:00,,,,,2.35,,,,,0.0,0.0,71,,,1010.3,,,,,,,,,1005.2,1.0,,22.6,,,,28.3,,,,,,,,,,,,,,20,360,6.7,9.7,,20,,,7.2,
2006-09-28 13:00:00,,,,,2.36,,,,,0.0,0.0,69,,,1009.7,,,,,,,,,1004.6,1.0,,22.4,,,,28.7,,,,,,,,,,,,,,20,20,8.6,11.3,,20,,,8.7,
2006-09-28 14:00:00,,1.0,,,1.97,,,,,0.0,0.0,71,,,1009.4,,,,,,,,,1004.3,1.0,,22.5,,,,28.2,,,,,,,,,,20.0,,,,20,10,7.9,11.6,,20,,,8.8,
2006-09-28 15:00:00,,,,,1.64,,,,,0.0,0.0,71,,,1009.1,,,,,,,,,1004.0,1.0,,22.1,,,,27.8,,,,,,,,,,,,,,20,30,8.7,13.1,,20,,,9.7,
2006-09-28 16:00:00,,,,,1.08,,,,,0.0,0.0,69,,,1009.6,,,,,,,,,1004.4,1.0,,21.3,,,,27.4,,,,,,,,,,,,,,20,20,8.7,12.4,,20,,,8.9,
2006-09-28 17:00:00,,0.0,,,0.52,,,,,0.0,0.0,72,,,1009.6,,,,,,,,,1004.4,1.0,,21.3,,,,26.7,,,,,,,,,,25.0,,,,10,10,8.6,12.3,,20,,,9.1,
2006-09-28 18:00:00,,,,,0.0,,,,,0.0,0.0,75,,,1009.8,,,,,,,,,1004.6,0.3,,21.5,,,,26.3,,,,,,,,,,,,,,20,10,8.9,12.4,,20,,,9.3,
2006-09-28 19:00:00,,,,,0.0,,,,,0.0,0.0,77,,,1010.1,,,,,,,,,1004.9,0.0,,21.9,,,,26.3,,,,,,,,,,,,,,10,10,10.1,13.8,,10,,,10.4,
2006-09-28 20:00:00,,,,,0.0,,,,,0.0,0.0,78,,,1010.4,,,,,,,,,1005.2,,,22.0,,,,26.2,,,,,,,,,,,,,,10,10,11.1,14.9,,10,,,11.7,
2006-09-28 21:00:00,,,,,0.0,,,,,0.0,0.0,80,,,1011.0,,,,,,,,,1005.8,,,22.5,,,,26.3,,,,,,,,,,,,,,10,10,8.8,14.5,,10,,,11.3,
2006-09-28 22:00:00,,,,,0.0,,,,,0.0,0.0,78,,,1010.8,,,,,,,,,1005.6,,,22.2,,,,26.3,,,,,,,,,,,,,,10,10,8.5,12.4,,10,,,9.8,
2006-09-28 23:00:00,,,,,0.0,,,,,0.0,0.0,80,,,1010.5,,,,,,,,,1005.3,,,22.4,,,,26.2,,,,,,,,,,,,,,360,10,6.6,10.4,,10,,,8.4,
2006-09-29 00:00:00,,,,,0.0,,,,,0.0,0.0,81,,,1010.1,,,,,,,,,1004.9,,,22.6,,,,26.1,,,,,,,,,,,,,,360,360,5.8,8.8,,360,,,6.8,
2006-09-29 01:00:00,,,,,0.0,,,,,0.0,0.0,81,,,1009.6,,,,,,,,,1004.4,,,22.3,,,,25.8,,,,,,,,,,,,,,360,350,5.1,8.1,,360,,,5.8,
2006-09-29 02:00:00,,,,,0.0,,,,,0.0,0.0,81,,,1009.4,,,,,,,,,1004.2,,,22.1,,,,25.7,,,,,,,,,,,,,,350,360,3.6,6.0,,360,,,5.1,
2006-09-29 03:00:00,,,,,0.0,,,,,0.0,0.0,82,,,1009.3,,,,,,,,,1004.1,,,22.2,,,,25.4,,,,,,,,,,,,,,320,340,3.2,4.9,,350,,,3.6,
2006-09-29 04:00:00,,,,,0.0,,,,,0.0,0.0,83,,,1009.0,,,,,,,,,1003.8,,,22.3,,,,25.3,,,,,,,,,,,,,,330,320,3.0,3.8,,310,,,3.2,
2006-09-29 05:00:00,,,,,0.0,,,,,0.0,0.0,83,,,1009.3,,,,,,,,,1004.1,,,22.3,,,,25.3,,,,,,,,,,,,,,330,330,2.8,4.3,,320,,,3.2,
2006-09-29 06:00:00,,,,,0.0,,,,,0.0,0.0,83,,,1009.8,,,,,,,,,1004.6,0.0,,22.4,,,,25.5,,,,,,,,,,,,,,360,360,2.7,4.5,,360,,,3.5,
2006-09-29 07:00:00,,,,,0.15,,,,,0.0,0.0,84,,,1010.4,,,,,,,,,1005.2,0.4,,23.4,,,,26.4,,,,,,,,,,,,,,20,20,2.8,4.1,,20,,,2.8,
2006-09-29 08:00:00,,1.0,,,0.61,,,,,0.0,0.0,80,,,1010.6,,,,,,,,,1005.4,1.0,,23.6,,,,27.4,,,,,,,,,,10.0,,,,10,10,3.5,4.5,,10,,,3.5,
2006-09-29 09:00:00,,2.0,,,1.05,,,,,0.0,0.0,77,,,1011.0,,,,,,,,,1005.9,0.8,,24.1,,,,28.5,,,,,,,,,,12.0,,,,40,40,3.8,5.2,,40,,,4.2,
2006-09-29 10:00:00,,,,,1.7,,,,,0.0,0.0,74,,,1011.2,,,,,,,,,1006.1,1.0,,23.7,,,,28.8,,,,,,,,,,,,,,40,40,2.7,5.8,,40,,,3.9,
2006-09-29 11:00:00,,1.0,,,1.69,,,,,0.0,0.0,77,,,1011.0,,,,,,,,,1005.9,0.7,,24.4,,,,28.8,,,,,,,,,,6.0,,,,40,40,3.5,5.8,,30,,,4.5,
2006-09-29 12:00:00,,,,,2.34,,,,,0.0,0.0,76,,,1010.6,,,,,,,,,1005.5,1.0,,23.7,,,,28.4,,,,,,,,,,,,,,10,20,3.6,5.8,,20,,,4.6,
2006-09-29 13:00:00,,,,,2.39,,,,,0.0,0.0,74,,,1010.3,,,,,,,,,1005.2,1.0,,23.8,,,,29.0,,,,,,,,,,,,,,360,10,3.6,5.3,,10,,,3.8,
2006-09-29 14:00:00,,2.0,,,1.91,,,,,0.0,0.0,77,,,1009.9,,,,,,,,,1004.8,0.9,,23.5,,,,28.0,,,,,,,,,,8.0,,,,10,360,4.6,6.9,,10,,,4.6,
2006-09-29 15:00:00,,,,,1.6,,,,,0.0,0.0,74,,,1009.4,,,,,,,,,1004.3,1.0,,23.2,,,,28.3,,,,,,,,,,,,,,10,360,7.0,9.3,,10,,,7.4,
2006-09-29 16:00:00,,,,,1.07,,,,,0.0,0.0,77,,,1009.4,,,,,,,,,1004.3,0.9,,23.2,,,,27.6,,,,,,,,,,,,,,10,10,8.6,11.5,,10,,,8.8,
2006-09-29 17:00:00,,1.0,,,0.51,,,,,0.0,0.0,78,,,1009.8,,,,,,,,,1004.6,0.9,,23.0,,,,27.1,,,,,,,,,,10.0,,,,10,20,9.4,13.7,,10,,,9.6,
2006-09-29 18:00:00,,,,,0.0,,,,,0.0,0.0,79,,,1009.9,,,,,,,,,1004.7,0.2,,22.6,,,,26.6,,,,,,,,,,,,,,10,360,10.6,14.9,,10,,,11.2,
2006-09-29 19:00:00,,,,,0.0,,,,,0.0,0.0,80,,,1010.4,,,,,,,,,1005.2,0.0,,22.6,,,,26.4,,,,,,,,,,,,,,20,10,10.6,17.1,,10,,,11.6,
2006-09-29 20:00:00,,,,,0.0,,,,,0.0,0.0,78,,,1011.0,,,,,,,,,1005.8,,,22.3,,,,26.5,,,,,,,,,,,,,,20,20,11.7,16.3,,20,,,11.9,
2006-09-29 21:00:00,,,,,0.0,,,,,0.0,0.0,79,,,1011.3,,,,,,,,,1006.1,,,22.4,,,,26.4,,,,,,,,,,,,,,20,20,11.3,16.3,,20,,,11.8,
2006-09-29 22:00:00,,,,,0.0,,,,,0.0,0.0,78,,,1011.1,,,,,,,,,1005.9,,,22.1,,,,26.3,,,,,,,,,,,,,,20,20,11.5,16.5,,20,,,12.6,
2006-09-29 23:00:00,,,,,0.0,,,,,0.0,0.0,77,,,1011.4,,,,,,,,,1006.2,,,22.0,,,,26.3,,,,,,,,,,,,,,20,20,10.7,16.3,,20,,,11.8,
2006-09-30 00:00:00,,,,,0.0,,,,,0.0,0.0,79,,,1011.0,,,,,,,,,1005.8,,,22.1,,,,26.1,,,,,,,,,,,,,,20,20,8.9,12.9,,20,,,10.7,
2006-09-30 01:00:00,,,,,0.0,,,,,0.0,0.0,79,,,1010.7,,,,,,,,,1005.5,,,22.2,,,,26.2,,,,,,,,,,,,,,20,30,8.2,11.3,,20,,,8.9,
2006-09-30 02:00:00,,,,,0.0,,,,,0.0,0.0,80,,,1010.3,,,,,,,,,1005.1,,,22.3,,,,26.0,,,,,,,,,,,,,,20,20,7.2,10.2,,20,,,8.3,
2006-09-30 03:00:00,,,,,0.0,,,,,0.0,0.0,79,,,1009.3,,,,,,,,,1004.1,,,22.0,,,,26.0,,,,,,,,,,,,,,20,20,8.2,11.6,,20,,,8.3,
2006-09-30 04:00:00,,,,,0.0,,,,,0.0,0.0,78,,,1009.3,,,,,,,,,1004.1,,,21.9,,,,26.0,,,,,,,,,,,,,,20,20,7.9,12.2,,20,,,8.8,
2006-09-30 05:00:00,,,,,0.0,,,,,0.0,0.0,77,,,1010.2,,,,,,,,,1005.0,,,21.8,,,,26.1,,,,,,,,,,,,,,20,10,7.2,10.9,,20,,,7.9,
2006-09-30 06:00:00,,,,,0.0,,,,,0.0,0.0,77,,,1010.8,,,,,,,,,1005.6,0.0,,21.8,,,,26.1,,,,,,,,,,,,,,20,20,6.8,9.7,,20,,,7.1,
2006-09-30 07:00:00,,,,,0.03,,,,,0.0,0.0,77,,,1011.6,,,,,,,,,1006.4,0.0,,22.3,,,,26.7,,,,,,,,,,,,,,20,20,5.5,8.5,,20,,,6.9,
2006-09-30 08:00:00,,2.0,,,0.7,,,,,0.0,0.0,75,,,1011.8,,,,,,,,,1006.6,0.9,,23.0,,,,27.8,,,,,,,,,,10.0,,,,20,20,5.5,7.8,,20,,,5.9,
2006-09-30 09:00:00,,2.0,,,1.05,,,,,0.0,0.0,75,,,1012.2,,,,,,,,,1007.0,0.9,,23.2,,,,28.1,,,,,,,,,,10.0,,,,20,10,5.7,7.8,,20,,,6.0,
2006-09-30 10:00:00,,,,,1.6,,,,,0.0,0.0,73,,,1012.3,,,,,,,,,1007.2,0.9,,23.3,,,,28.7,,,,,,,,,,,,,,20,20,5.1,7.4,,20,,,5.7,
2006-09-30 11:00:00,,5.0,,,1.98,,,,,0.0,0.0,72,,,1011.8,,,,,,,,,1006.7,1.0,,22.8,,,,28.4,,,,,,,,,,10.0,,,,10,10,6.5,8.6,,10,,,6.7,
2006-09-30 12:00:00,,,,,1.87,,,,,0.0,0.0,74,,,1011.2,,,,,,,,,1006.0,0.8,,22.9,,,,28.0,,,,,,,,,,,,,,10,10,6.6,9.2,,10,,,7.4,
2006-09-30 13:00:00,,,,,1.81,,,,,0.0,0.0,73,,,1010.3,,,,,,,,,1005.2,0.8,,23.2,,,,28.6,,,,,,,,,,,,,,20,10,6.1,8.8,,10,,,6.5,
2006-09-30 14:00:00,,8.0,,,1.59,,,,,0.0,0.0,73,,,1009.9,,,,,,,,,1004.8,0.6,,23.3,,,,28.6,,,,,,,,,,10.0,,,,10,10,7.3,9.9,,10,,,7.7,
2006-09-30 15:00:00,,,,,1.4,,,,,0.0,0.0,74,,,1009.4,,,,,,,,,1004.3,0.9,,22.9,,,,27.9,,,,,,,,,,,,,,10,20,8.2,11.5,,10,,,8.2,
2006-09-30 16:00:00,,,,,1.02,,,,,0.0,0.0,76,,,1009.4,,,,,,,,,1004.2,0.8,,22.8,,,,27.4,,,,,,,,,,,,,,20,10,8.7,12.8,,10,,,9.3,
2006-09-30 17:00:00,,6.0,,,0.55,,,,,0.0,0.0,78,,,1009.3,,,,,,,,,1004.1,0.5,,22.8,,,,26.9,,,,,,,,,,10.0,,,,20,20,8.9,12.8,,10,,,9.7,
2006-09-30 18:00:00,,,,,0.02,,,,,0.0,0.0,78,,,1009.7,,,,,,,,,1004.5,0.0,,22.3,,,,26.5,,,,,,,,,,,,,,10,10,9.5,14.1,,10,,,9.5,
2006-09-30 19:00:00,,,,,0.0,,,,,0.0,0.0,79,,,1010.4,,,,,,,,,1005.2,0.0,,22.3,,,,26.3,,,,,,,,,,,,,,10,20,8.6,12.9,,10,,,9.9,
2006-09-30 20:00:00,,,,,0.0,,,,,0.0,0.0,79,,,1011.2,,,,,,,,,1006.0,,,22.3,,,,26.3,,,,,,,,,,,,,,10,10,9.3,13.6,,10,,,9.3,
2006-09-30 21:00:00,,,,,0.0,,,,,0.0,0.0,80,,,1011.4,,,,,,,,,1006.2,,,22.7,,,,26.4,,,,,,,,,,,,,,10,20,9.4,13.8,,10,,,9.9,
2006-09-30 22:00:00,,,,,0.0,,,,,0.0,0.0,79,,,1011.1,,,,,,,,,1005.9,,,22.3,,,,26.3,,,,,,,,,,,,,,20,10,9.7,13.8,,10,,,10.5,
2006-09-30 23:00:00,,,,,0.0,,,,,0.0,0.0,77,,,1011.1,,,,,,,,,1005.9,,,22.1,,,,26.4,,,,,,,,,,,,,,20,20,9.3,13.5,,20,,,9.8,
2006-10-01 00:00:00,,,,,0.0,,,,,0.0,0.0,78,,,1010.8,,,,,,,,,1005.6,,,22.3,,,,26.4,,,,,,,,,,,,,,20,20,9.0,13.7,,20,,,10.0,
2006-10-01 01:00:00,,,,,0.0,,,,,0.0,0.0,79,,,1010.2,,,,,,,,,1005.0,,,22.2,,,,26.2,,,,,,,,,,,,,,30,20,9.4,12.4,,20,,,9.7,
2006-10-01 02:00:00,,,,,0.0,,,,,0.0,0.0,78,,,1009.8,,,,,,,,,1004.6,,,22.4,,,,26.5,,,,,,,,,,,,,,20,10,8.8,12.4,,30,,,9.3,
2006-10-01 03:00:00,,,,,0.0,,,,,0.0,0.0,77,,,1009.7,,,,,,,,,1004.5,,,22.1,,,,26.4,,,,,,,,,,,,,,20,20,8.7,12.2,,20,,,9.3,
2006-10-01 04:00:00,,,,,0.0,,,,,0.0,0.0,79,,,1009.3,,,,,,,,,1004.1,,,22.3,,,,26.3,,,,,,,,,,,,,,20,30,9.8,13.3,,20,,,10.1,
2006-10-01 05:00:00,,,,,0.0,,,,,0.0,0.0,78,,,1009.5,,,,,,,,,1004.3,,,22.1,,,,26.3,,,,,,,,,,,,,,20,20,10.2,13.0,,20,,,10.5,
2006-10-01 06:00:00,,,,,0.0,,,,,0.0,0.0,79,,,1009.8,,,,,,,,,1004.6,0.0,,22.3,,,,26.2,,,,,,,,,,,,,,20,20,9.4,13.1,,20,,,10.1,
2006-10-01 07:00:00,,,,,0.0,,,,,0.0,0.0,79,,,1009.9,,,,,,,,,1004.7,0.0,,22.5,,,,26.5,,,,,,,,,,,,,,30,30,10.4,14.4,,20,,,10.7,
2006-10-01 08:00:00,,8.0,,,0.67,,,,,0.0,0.0,76,,,1010.7,,,,,,,,,1005.5,0.3,,22.6,,,,27.3,,,,,,,,,,10.0,,,,20,20,11.0,15.3,,20,,,12.0,
2006-10-01 09:00:00,,9.0,,,1.05,,,,,0.0,0.0,75,,,1011.2,,,,,,,,,1006.0,0.7,,22.5,,,,27.3,,,,,,,,,,10.0,,,,20,20,10.1,14.8,,20,,,11.7,
2006-10-01 10:00:00,,,,,1.35,,,,,0.0,0.0,73,,,1011.3,,,,,,,,,1006.1,0.4,,22.1,,,,27.3,,,,,,,,,,,,,,20,30,9.7,15.3,,20,,,10.8,
2006-10-01 11:00:00,,5.0,,,1.73,,,,,0.0,0.0,72,,,1010.6,,,,,,,,,1005.5,0.7,,22.4,,,,28.0,,,,,,,,,,10.0,,,,20,20,10.5,15.0,,20,,,11.1,
2006-10-01 12:00:00,,,,,2.3,,,,,0.0,0.0,71,,,1009.9,,,,,,,,,1004.8,1.0,,22.5,,,,28.2,,,,,,,,,,,,,,20,20,11.1,15.1,,20,,,11.4,
2006-10-01 13:00:00,,,,,2.07,,,,,0.0,0.0,72,,,1009.2,,,,,,,,,1004.1,0.9,,22.5,,,,28.1,,,,,,,,,,,,,,20,20,9.8,15.3,,20,,,11.2,
2006-10-01 14:00:00,,2.0,,,1.77,,,,,0.0,0.0,73,,,1008.5,,,,,,,,,1003.4,1.0,,22.6,,,,27.9,,,,,,,,,,8.0,,,,20,20,10.1,14.4,,20,,,10.9,
2006-10-01 15:00:00,,,,,1.42,,,,,0.0,0.0,73,,,1008.2,,,,,,,,,1003.1,0.9,,22.7,,,,27.9,,,,,,,,,,,,,,20,30,9.7,13.8,,20,,,10.7,
2006-10-01 16:00:00,,,,,1.02,,,,,0.0,0.0,76,,,1008.5,,,,,,,,,1003.3,0.9,,22.4,,,,27.1,,,,,,,,,,,,,,20,20,9.8,14.2,,20,,,10.2,
2006-10-01 17:00:00,,2.0,,,0.43,,,,,0.0,0.0,76,,,1008.7,,,,,,,,,1003.5,0.6,,22.2,,,,26.7,,,,,,,,,,8.0,,,,20,10,9.7,14.3,,20,,,10.3,
2006-10-01 18:00:00,,,,,0.0,,,,,0.0,0.0,77,,,1009.2,,,,,,,,,1004.0,0.0,,22.0,,,,26.4,,,,,,,,,,,,,,20,20,10.3,14.1,,20,,,10.5,
2006-10-01 19:00:00,,,,,0.0,,,,,0.0,0.0,78,,,1009.8,,,,,,,,,1004.6,0.0,,22.2,,,,26.3,,,,,,,,,,,,,,20,360,10.1,14.9,,20,,,10.8,
2006-10-01 20:00:00,,,,,0.0,,,,,0.0,0.0,78,,,1010.3,,,,,,,,,1005.1,,,22.3,,,,26.4,,,,,,,,,,,,,,20,20,10.3,14.6,,20,,,10.9,
2006-10-01 21:00:00,,,,,0.0,,,,,0.0,0.0,79,,,1010.3,,,,,,,,,1005.1,,,22.5,,,,26.5,,,,,,,,,,,,,,30,20,10.7,15.3,,20,,,11.5,
2006-10-01 22:00:00,,,,,0.0,,,,,0.0,0.0,80,,,1010.3,,,,,,,,,1005.1,,,22.8,,,,26.6,,,,,,,,,,,,,,30,30,10.4,14.4,,20,,,11.3,
2006-10-01 23:00:00,,,,,0.0,,,,,0.0,0.0,81,,,1010.3,,,,,,,,,1005.1,,,22.8,,,,26.3,,,,,,,,,,,,,,30,10,10.2,14.4,,30,,,11.0,
2006-10-02 00:00:00,,,,,0.0,,,,,0.0,0.0,81,,,1010.0,,,,,,,,,1004.8,,,22.8,,,,26.3,,,,,,,,,,,,,,20,20,9.6,14.4,,20,,,11.4,
2006-10-02 01:00:00,,,,,0.0,,,,,0.0,0.0,80,,,1009.5,,,,,,,,,1004.3,,,22.7,,,,26.4,,,,,,,,,,,,,,20,20,9.7,14.1,,30,,,10.4,
2006-10-02 02:00:00,,,,,0.0,,,,,0.0,0.0,80,,,1009.2,,,,,,,,,1004.0,,,22.7,,,,26.4,,,,,,,,,,,,,,20,20,8.3,13.7,,20,,,10.6,
2006-10-02 03:00:00,,,,,0.0,,,,,0.0,0.0,78,,,1008.8,,,,,,,,,1003.6,,,22.5,,,,26.6,,,,,,,,,,,,,,20,30,9.4,12.6,,20,,,9.4,
2006-10-02 04:00:00,,,,,0.0,,,,,0.0,0.0,79,,,1008.7,,,,,,,,,1003.5,,,22.4,,,,26.4,,,,,,,,,,,,,,20,20,8.7,12.8,,20,,,9.9,
2006-10-02 05:00:00,,,,,0.0,,,,,0.0,0.0,78,,,1009.2,,,,,,,,,1004.0,,,22.4,,,,26.6,,,,,,,,,,,,,,20,20,9.7,13.1,,20,,,9.9,
2006-10-02 06:00:00,,,,,0.0,,,,,0.0,0.0,77,,,1009.1,,,,,,,,,1003.9,0.0,,22.2,,,,26.5,,,,,,,,,,,,,,20,20,10.2,14.1,,20,,,10.4,
2006-10-02 07:00:00,,,,,0.0,,,,,0.0,0.0,75,,,1009.3,,,,,,,,,1004.1,0.0,,22.0,,,,26.7,,,,,,,,,,,,,,20,20,10.4,13.9,,20,,,10.6,
2006-10-02 08:00:00,,2.0,,,0.52,,,,,0.0,0.0,76,,,1009.9,,,,,,,,,1004.7,0.6,,22.6,,,,27.3,,,,,,,,,,8.0,,,,20,20,10.0,14.3,,20,,,10.6,
2006-10-02 09:00:00,,2.0,,,1.12,,,,,0.0,0.0,74,,,1009.8,,,,,,,,,1004.7,0.9,,22.9,,,,27.9,,,,,,,,,,8.0,,,,10,10,10.3,14.8,,20,,,10.9,
2006-10-02 10:00:00,,,,,1.58,,,,,0.0,0.0,74,,,1009.9,,,,,,,,,1004.8,0.9,,23.3,,,,28.3,,,,,,,,,,,,,,20,360,10.6,15.0,,10,,,11.1,
2006-10-02 11:00:00,,2.0,,,1.87,,,,,0.0,0.0,73,,,1009.3,,,,,,,,,1004.2,1.0,,23.4,,,,28.8,,,,,,,,,,8.0,,,,20,20,10.0,15.0,,20,,,11.2,
2006-10-02 12:00:00,,,,,1.69,,,,,0.0,0.0,75,,,1008.7,,,,,,,,,1003.6,0.6,,23.0,,,,27.9,,,,,,,,,,,,,,20,30,10.3,14.6,,20,,,11.3,
2006-10-02 13:00:00,,,,,1.56,,,,,0.0,0.0,73,,,1007.9,,,,,,,,,1002.8,0.6,,22.9,,,,28.2,,,,,,,,,,,,,,20,20,11.9,16.5,,20,,,11.9,
2006-10-02 14:00:00,,2.0,,,1.7,,,,,0.0,0.0,73,,,1007.4,,,,,,,,,1002.3,0.7,,22.6,,,,27.9,,,,,,,,,,8.0,,,,20,20,11.7,16.5,,20,,,12.4,
2006-10-02 15:00:00,,,,,1.52,,,,,0.0,0.0,71,,,1006.8,,,,,,,,,1001.7,1.0,,22.1,,,,27.8,,,,,,,,,,,,,,20,20,12.3,17.5,,20,,,14.0,
2006-10-02 16:00:00,,,,,1.05,,,,,0.0,0.0,72,,,1006.8,,,,,,,,,1001.7,1.0,,22.0,,,,27.5,,,,,,,,,,,,,,20,20,13.8,18.3,,20,,,14.3,
2006-10-02 17:00:00,,1.0,,,0.48,,,,,0.0,0.0,73,,,1006.6,,,,,,,,,1001.5,0.9,,21.6,,,,26.9,,,,,,,,,,8.0,,,,20,30,12.7,19.5,,20,,,14.1,
2006-10-02 18:00:00,,,,,0.0,,,,,0.0,0.0,74,,,1007.3,,,,,,,,,1002.1,0.0,,21.5,,,,26.6,,,,,,,,,,,,,,20,20,13.0,19.8,,20,,,14.2,
2006-10-02 19:00:00,,,,,0.0,,,,,0.0,0.0,72,,,1008.3,,,,,,,,,1003.1,0.0,,21.1,,,,26.6,,,,,,,,,,,,,,20,20,12.2,17.9,,20,,,13.4,
2006-10-02 20:00:00,,,,,0.0,,,,,0.0,0.0,71,,,1009.0,,,,,,,,,1003.8,,,20.9,,,,26.5,,,,,,,,,,,,,,20,10,12.5,19.2,,10,,,13.6,
2006-10-02 21:00:00,,,,,0.0,,,,,0.0,0.0,73,,,1009.5,,,,,,,,,1004.3,,,21.2,,,,26.4,,,,,,,,,,,,,,10,20,12.2,20.1,,10,,,13.4,
2006-10-02 22:00:00,,,,,0.0,,,,,0.0,0.0,74,,,1009.4,,,,,,,,,1004.2,,,21.4,,,,26.4,,,,,,,,,,,,,,20,360,13.2,19.0,,10,,,13.8,
2006-10-02 23:00:00,,,,,0.0,,,,,0.0,0.0,75,,,1009.0,,,,,,,,,1003.8,,,21.6,,,,26.3,,,,,,,,,,,,,,20,20,13.0,19.0,,10,,,13.8,
2006-10-03 00:00:00,,,,,0.0,,,,,0.0,0.0,75,,,1008.2,,,,,,,,,1003.0,,,21.6,,,,26.3,,,,,,,,,,,,,,20,20,11.6,17.8,,20,,,13.1,
2006-10-03 01:00:00,,,,,0.0,,,,,0.0,0.0,77,,,1007.4,,,,,,,,,1002.2,,,21.9,,,,26.2,,,,,,,,,,,,,,20,30,11.3,16.4,,20,,,12.5,
2006-10-03 02:00:00,,,,,0.0,,,,,0.0,0.0,77,,,1007.0,,,,,,,,,1001.8,,,21.6,,,,26.0,,,,,,,,,,,,,,20,20,11.4,16.5,,20,,,11.9,
2006-10-03 03:00:00,,,,,0.0,,,,,0.0,0.0,75,,,1006.9,,,,,,,,,1001.7,,,21.3,,,,26.1,,,,,,,,,,,,,,20,20,11.4,16.1,,20,,,12.4,
2006-10-03 04:00:00,,,,,0.0,,,,,0.0,0.0,77,,,1007.2,,,,,,,,,1002.0,,,21.5,,,,25.8,,,,,,,,,,,,,,30,30,7.5,14.3,,20,,,11.4,
2006-10-03 05:00:00,,,,,0.0,,,,,0.0,0.0,79,,,1007.4,,,,,,,,,1002.2,,,21.9,,,,25.9,,,,,,,,,,,,,,20,30,7.7,11.3,,30,,,8.4,
2006-10-03 06:00:00,,,,,0.0,,,,,0.0,0.0,75,,,1007.9,,,,,,,,,1002.7,0.0,,21.5,,,,26.2,,,,,,,,,,,,,,30,20,7.3,11.7,,20,,,9.0,
2006-10-03 07:00:00,,,,,0.0,,,,,0.0,0.0,75,,,1008.3,,,,,,,,,1003.1,0.0,,22.0,,,,26.8,,,,,,,,,,,,,,20,30,10.5,13.5,,20,,,10.5,
2006-10-03 08:00:00,,1.0,,,0.2,,,,,0.0,0.0,74,,,1008.8,,,,,,,,,1003.6,0.2,,22.2,,,,27.2,,,,,,,,,,10.0,,,,20,30,11.7,15.0,,20,,,11.8,
2006-10-03 09:00:00,,0.0,,,0.87,,,,,0.0,0.0,72,,,1009.3,,,,,,,,,1004.2,0.6,,22.1,,,,27.6,,,,,,,,,,10.0,,,,20,20,12.7,16.2,,20,,,12.7,
2006-10-03 10:00:00,,,,,1.6,,,,,0.0,0.0,72,,,1009.0,,,,,,,,,1003.9,1.0,,22.5,,,,28.0,,,,,,,,,,,,,,20,30,11.6,15.5,,20,,,12.8,
2006-10-03 11:00:00,,0.0,,,1.81,,,,,0.0,0.0,69,,,1008.8,,,,,,,,,1003.7,1.0,,22.0,,,,28.3,,,,,,,,,,13.0,,,,20,20,12.9,16.9,,20,,,13.4,
2006-10-03 12:00:00,,,,,2.15,,,,,0.0,0.0,71,,,1008.0,,,,,,,,,1002.9,0.9,,22.1,,,,27.8,,,,,,,,,,,,,,20,20,12.8,17.9,,20,,,13.3,
2006-10-03 13:00:00,,,,,2.1,,,,,0.0,0.0,70,,,1007.5,,,,,,,,,1002.4,0.9,,22.0,,,,28.1,,,,,,,,,,,,,,20,30,13.0,18.0,,20,,,13.9,
2006-10-03 14:00:00,,1.0,,,1.8,,,,,0.0,0.0,70,,,1006.6,,,,,,,,,1001.5,1.0,,22.0,,,,27.9,,,,,,,,,,15.0,,,,20,20,13.6,17.9,,20,,,14.1,
2006-10-03 15:00:00,,,,,1.47,,,,,0.0,0.0,71,,,1006.7,,,,,,,,,1001.6,1.0,,21.8,,,,27.6,,,,,,,,,,,,,,20,20,13.2,19.4,,20,,,14.0,
2006-10-03 16:00:00,,,,,1.01,,,,,0.0,0.0,71,,,1006.7,,,,,,,,,1001.6,1.0,,21.4,,,,27.0,,,,,,,,,,,,,,20,20,13.3,20.5,,20,,,14.3,
2006-10-03 17:00:00,,1.0,,,0.44,,,,,0.0,0.0,73,,,1007.0,,,,,,,,,1001.8,0.9,,21.4,,,,26.6,,,,,,,,,,15.0,,,,20,20,13.6,20.1,,20,,,14.2,
2006-10-03 18:00:00,,,,,0.0,,,,,0.0,0.0,66,,,1006.9,,,,,,,,,1001.7,0.0,,19.5,,,,26.4,,,,,,,,,,,,,,20,20,14.9,20.4,,20,,,14.9,
2006-10-03 19:00:00,,,,,0.0,,,,,0.0,0.0,67,,,1007.3,,,,,,,,,1002.1,0.0,,19.9,,,,26.6,,,,,,,,,,,,,,20,10,13.0,19.6,,20,,,15.1,
2006-10-03 20:00:00,,,,,0.0,,,,,0.0,0.0,73,,,1008.0,,,,,,,,,1002.8,,,21.0,,,,26.2,,,,,,,,,,,,,,10,10,13.6,21.2,,10,,,15.0,
2006-10-03 21:00:00,,,,,0.0,,,,,0.0,0.0,71,,,1008.0,,,,,,,,,1002.8,,,20.5,,,,26.2,,,,,,,,,,,,,,20,10,13.4,20.6,,10,,,14.3,
2006-10-03 22:00:00,,,,,0.0,,,,,0.0,0.0,68,,,1008.0,,,,,,,,,1002.8,,,19.9,,,,26.4,,,,,,,,,,,,,,20,20,14.6,20.7,,20,,,14.8,
2006-10-03 23:00:00,,,,,0.0,,,,,0.0,0.0,64,,,1007.3,,,,,,,,,1002.1,,,19.1,,,,26.4,,,,,,,,,,,,,,20,30,14.0,21.1,,20,,,15.2,
2006-10-04 00:00:00,,,,,0.0,,,,,0.0,0.0,65,,,1006.8,,,,,,,,,1001.6,,,19.2,,,,26.3,,,,,,,,,,,,,,20,20,13.7,20.3,,20,,,14.4,
2006-10-04 01:00:00,,,,,0.0,,,,,0.0,0.0,65,,,1006.1,,,,,,,,,1000.9,,,19.3,,,,26.3,,,,,,,,,,,,,,20,20,15.4,21.4,,20,,,15.9,
2006-10-04 02:00:00,,,,,0.0,,,,,0.0,0.0,64,,,1005.6,,,,,,,,,1000.4,,,18.9,,,,26.2,,,,,,,,,,,,,,20,20,14.6,20.6,,20,,,15.3,
2006-10-04 03:00:00,,,,,0.0,,,,,0.0,0.0,63,,,1005.7,,,,,,,,,1000.5,,,18.7,,,,26.2,,,,,,,,,,,,,,10,20,13.8,20.5,,20,,,14.8,
2006-10-04 04:00:00,,,,,0.0,,,,,0.0,0.0,62,,,1005.5,,,,,,,,,1000.3,,,18.2,,,,26.1,,,,,,,,,,,,,,20,20,15.1,21.4,,20,,,15.4,
2006-10-04 05:00:00,,,,,0.0,,,,,0.0,0.0,66,,,1005.9,,,,,,,,,1000.7,,,18.8,,,,25.7,,,,,,,,,,,,,,20,20,14.9,21.8,,20,,,16.5,
2006-10-04 06:00:00,,,,,0.0,,,,,0.0,0.0,63,,,1006.3,,,,,,,,,1001.1,0.0,,18.2,,,,25.8,,,,,,,,,,,,,,20,20,15.0,20.9,,20,,,15.1,
2006-10-04 07:00:00,,,,,0.02,,,,,0.0,0.0,63,,,1007.3,,,,,,,,,1002.1,0.1,,18.4,,,,25.9,,,,,,,,,,,,,,20,30,14.2,22.1,,20,,,15.8,
2006-10-04 08:00:00,,0.0,,,0.64,,,,,0.0,0.0,64,,,1008.1,,,,,,,,,1002.9,0.7,,19.1,,,,26.5,,,,,,,,,,25.0,,,,10,20,13.6,19.6,,20,,,14.4,
2006-10-04 09:00:00,,1.0,,,1.2,,,,,0.0,0.0,63,,,1008.3,,,,,,,,,1003.1,1.0,,19.2,,,,26.9,,,,,,,,,,25.0,,,,20,30,13.4,20.0,,20,,,14.3,
2006-10-04 10:00:00,,,,,1.76,,,,,0.0,0.0,65,,,1007.8,,,,,,,,,1002.7,1.0,,20.0,,,,27.1,,,,,,,,,,,,,,10,10,13.4,21.6,,10,,,14.6,
2006-10-04 11:00:00,,5.0,,,1.98,,,,,0.0,0.0,66,,,1007.5,,,,,,,,,1002.3,1.0,,20.0,,,,26.9,,,,,,,,,,20.0,,,,10,10,14.7,19.9,,10,,,14.8,
2006-10-04 12:00:00,,,,,2.25,,,,,0.0,0.0,64,,,1006.8,,,,,,,,,1001.7,1.0,,20.0,,,,27.4,,,,,,,,,,,,,,10,10,14.4,21.5,,10,,,15.6,
2006-10-04 13:00:00,,,,,2.3,,,,,0.0,0.0,64,,,1006.2,,,,,,,,,1001.1,1.0,,19.5,,,,26.9,,,,,,,,,,,,,,10,10,15.5,20.7,,10,,,15.5,
2006-10-04 14:00:00,,1.0,,,1.88,,,,,0.0,0.0,58,,,1005.4,,,,,,,,,1000.3,1.0,,18.2,,,,27.1,,,,,,,,,,20.0,,,,10,360,16.2,21.4,,10,,,16.7,
2006-10-04 15:00:00,,,,,1.67,,,,,0.0,0.0,66,,,1005.3,,,,,,,,,1000.2,1.0,,19.8,,,,26.6,,,,,,,,,,,,,,10,360,15.6,22.4,,10,,,16.1,
2006-10-04 16:00:00,,,,,1.06,,,,,0.0,0.0,67,,,1005.8,,,,,,,,,1000.6,1.0,,19.5,,,,26.1,,,,,,,,,,,,,,10,360,14.9,22.5,,10,,,15.9,
2006-10-04 17:00:00,,3.0,,,0.45,,,,,0.0,0.0,69,,,1006.1,,,,,,,,,1000.9,0.7,,19.4,,,,25.6,,,,,,,,,,20.0,,,,20,10,14.3,22.0,,10,,,15.8,
2006-10-04 18:00:00,,,,,0.0,,,,,0.0,0.0,69,,,1006.3,,,,,,,,,1001.1,0.0,,19.1,,,,25.3,,,,,,,,,,,,,,20,30,13.7,20.8,,20,,,14.8,
2006-10-04 19:00:00,,,,,0.0,,,,,0.0,0.0,66,,,1007.1,,,,,,,,,1001.9,0.0,,18.5,,,,25.3,,,,,,,,,,,,,,20,20,13.4,19.5,,20,,,14.8,
2006-10-04 20:00:00,,,,,0.0,,,,,0.0,0.0,69,,,1007.6,,,,,,,,,1002.4,,,19.1,,,,25.2,,,,,,,,,,,,,,20,20,13.2,18.7,,20,,,14.1,
2006-10-04 21:00:00,,,,,0.0,,,,,0.0,0.0,69,,,1008.0,,,,,,,,,1002.8,,,19.1,,,,25.1,,,,,,,,,,,,,,20,10,12.0,19.0,,20,,,14.2,
2006-10-04 22:00:00,,,,,0.0,,,,,0.0,0.0,72,,,1008.0,,,,,,,,,1002.8,,,19.6,,,,25.1,,,,,,,,,,,,,,20,30,11.5,17.9,,20,,,13.2,
2006-10-04 23:00:00,,,,,0.0,,,,,0.0,0.0,68,,,1008.0,,,,,,,,,1002.8,,,18.9,,,,25.3,,,,,,,,,,,,,,20,20,12.1,16.9,,20,,,12.2,
2006-10-05 00:00:00,,,,,0.0,,,,,0.0,0.0,56,,,1007.8,,,,,,,,,1002.6,,,16.3,,,,25.8,,,,,,,,,,,,,,20,20,12.4,17.0,,20,,,12.5,
2006-10-05 01:00:00,,,,,0.0,,,,,0.0,0.0,55,,,1007.5,,,,,,,,,1002.3,,,15.9,,,,25.7,,,,,,,,,,,,,,10,10,13.0,18.7,,20,,,13.2,
2006-10-05 02:00:00,,,,,0.0,,,,,0.0,0.0,64,,,1007.2,,,,,,,,,1002.0,,,17.6,,,,25.0,,,,,,,,,,,,,,20,20,12.1,20.6,,20,,,14.3,
2006-10-05 03:00:00,,,,,0.0,,,,,0.0,0.0,63,,,1007.1,,,,,,,,,1001.9,,,17.3,,,,24.7,,,,,,,,,,,,,,20,20,14.7,20.6,,20,,,15.4,
2006-10-05 04:00:00,,,,,0.0,,,,,0.0,0.0,64,,,1007.4,,,,,,,,,1002.2,,,17.4,,,,24.6,,,,,,,,,,,,,,20,20,14.2,19.9,,20,,,14.8,
2006-10-05 05:00:00,,,,,0.0,,,,,0.0,0.0,63,,,1007.7,,,,,,,,,1002.5,,,17.1,,,,24.7,,,,,,,,,,,,,,20,20,12.9,19.4,,20,,,14.3,
2006-10-05 06:00:00,,,,,0.0,,,,,0.0,0.0,62,,,1007.9,,,,,,,,,1002.7,0.0,,16.8,,,,24.6,,,,,,,,,,,,,,20,20,13.1,19.8,,20,,,14.2,
2006-10-05 07:00:00,,,,,0.0,,,,,0.0,0.0,62,,,1008.6,,,,,,,,,1003.4,0.3,,17.3,,,,25.0,,,,,,,,,,,,,,20,30,13.9,19.0,,20,,,14.0,
2006-10-05 08:00:00,,1.0,,,0.6,,,,,0.0,0.0,59,,,1009.0,,,,,,,,,1003.8,1.0,,17.2,,,,25.8,,,,,,,,,,10.0,,,,20,20,12.2,19.4,,20,,,14.1,
2006-10-05 09:00:00,,0.0,,,1.19,,,,,0.0,0.0,56,,,1009.3,,,,,,,,,1004.1,1.0,,16.7,,,,26.2,,,,,,,,,,10.0,,,,10,20,11.9,18.4,,20,,,13.5,
2006-10-05 10:00:00,,,,,1.71,,,,,0.0,0.0,57,,,1009.4,,,,,,,,,1004.2,1.0,,17.4,,,,26.6,,,,,,,,,,,,,,10,360,11.9,20.3,,10,,,13.8,
2006-10-05 11:00:00,,1.0,,,2.07,,,,,0.0,0.0,58,,,1009.3,,,,,,,,,1004.1,1.0,,17.3,,,,26.2,,,,,,,,,,20.0,,,,10,10,13.1,18.7,,10,,,13.6,
2006-10-05 12:00:00,,,,,2.16,,,,,0.0,0.0,60,,,1008.7,,,,,,,,,1003.5,0.9,,17.8,,,,26.2,,,,,,,,,,,,,,10,360,11.7,18.1,,10,,,13.2,
2006-10-05 13:00:00,,,,,1.8,,,,,0.0,0.0,58,,,1008.1,,,,,,,,,1002.9,0.7,,17.7,,,,26.5,,,,,,,,,,,,,,10,10,12.5,17.8,,10,,,12.9,
2006-10-05 14:00:00,,4.0,,,1.7,,,,,0.0,0.0,61,,,1007.3,,,,,,,,,1002.1,0.8,,17.5,,,,25.6,,,,,,,,,,15.0,,,,10,10,13.0,18.0,,10,,,13.3,
2006-10-05 15:00:00,,,,,1.23,,,,,0.0,0.0,62,,,1006.9,,,,,,,,,1001.7,0.5,,17.7,,,,25.4,,,,,,,,,,,,,,10,10,13.2,18.8,,10,,,14.4,
2006-10-05 16:00:00,,,,,0.95,,,,,0.0,0.0,62,,,1007.2,,,,,,,,,1002.0,0.8,,17.5,,,,25.3,,,,,,,,,,,,,,10,360,13.2,18.6,,10,,,13.9,
2006-10-05 17:00:00,,6.0,,,0.31,,,,,0.0,0.0,65,,,1007.7,,,,,,,,,1002.5,0.4,,18.0,,,,25.0,,,,,,,,,,15.0,,,,10,360,11.6,18.5,,10,,,13.9,
2006-10-05 18:00:00,,,,,0.0,,,,,0.0,0.0,66,,,1008.0,,,,,,,,,1002.8,0.0,,17.9,,,,24.7,,,,,,,,,,,,,,10,10,12.5,18.7,,10,,,13.8,
2006-10-05 19:00:00,,,,,0.0,,,,,0.0,0.0,68,,,1008.8,,,,,,,,,1003.6,0.0,,18.6,,,,24.8,,,,,,,,,,,,,,20,20,12.2,18.8,,20,,,13.1,
2006-10-05 20:00:00,,,,,0.0,,,,,0.0,0.0,66,,,1009.5,,,,,,,,,1004.3,,,17.9,,,,24.8,,,,,,,,,,,,,,20,20,11.9,17.2,,20,,,13.4,
2006-10-05 21:00:00,,,,,0.0,,,,,0.0,0.0,64,,,1010.4,,,,,,,,,1005.2,,,17.6,,,,24.8,,,,,,,,,,,,,,20,20,11.6,17.1,,20,,,12.6,
2006-10-05 22:00:00,,,,,0.0,,,,,0.0,0.0,63,,,1010.6,,,,,,,,,1005.4,,,17.3,,,,24.9,,,,,,,,,,,,,,20,20,10.0,16.3,,20,,,12.6,
2006-10-05 23:00:00,,,,,0.0,,,,,0.0,0.0,64,,,1010.3,,,,,,,,,1005.1,,,17.5,,,,24.7,,,,,,,,,,,,,,10,30,9.7,15.3,,20,,,10.7,
2006-10-06 00:00:00,,,,,0.0,,,,,0.0,0.0,67,,,1009.9,,,,,,,,,1004.7,,,18.0,,,,24.6,,,,,,,,,,,,,,20,360,9.5,14.6,,20,,,10.5,
2006-10-06 01:00:00,,,,,0.0,,,,,0.0,0.0,64,,,1009.3,,,,,,,,,1004.1,,,17.3,,,,24.6,,,,,,,,,,,,,,10,20,8.7,12.9,,20,,,9.6,
2006-10-06 02:00:00,,,,,0.0,,,,,0.0,0.0,64,,,1008.7,,,,,,,,,1003.5,,,17.4,,,,24.6,,,,,,,,,,,,,,20,20,11.1,14.7,,20,,,11.1,
2006-10-06 03:00:00,,,,,0.0,,,,,0.0,0.0,64,,,1008.5,,,,,,,,,1003.3,,,17.6,,,,24.8,,,,,,,,,,,,,,30,20,12.3,17.5,,30,,,12.6,
2006-10-06 04:00:00,,,,,0.0,,,,,0.0,0.0,61,,,1008.3,,,,,,,,,1003.1,,,16.9,,,,24.9,,,,,,,,,,,,,,20,20,14.6,18.5,,20,,,14.6,
2006-10-06 05:00:00,,,,,0.0,,,,,0.0,0.0,70,,,1009.2,,,,,,,,,1004.0,,,18.3,,,,24.0,,,,,,,,,,,,,,30,30,10.4,17.8,,20,,,14.6,
2006-10-06 06:00:00,,,,,0.0,,,,,0.0,0.0,60,,,1009.5,,,,,,,,,1004.3,0.0,,16.6,,,,25.0,,,,,,,,,,,,,,30,40,12.7,16.8,,30,,,13.0,
2006-10-06 07:00:00,,,,,0.0,,,,,0.0,0.0,60,,,1010.3,,,,,,,,,1005.1,0.0,,17.1,,,,25.4,,,,,,,,,,,,,,30,20,11.9,17.4,,20,,,13.3,
2006-10-06 08:00:00,,1.0,,,0.57,,,,,0.0,0.0,58,,,1010.9,,,,,,,,,1005.7,0.8,,17.3,,,,26.1,,,,,,,,,,6.0,,,,30,30,12.2,16.9,,30,,,12.6,
2006-10-06 09:00:00,,1.0,,,1.05,,,,,0.0,0.0,62,,,1011.2,,,,,,,,,1006.0,1.0,,18.8,,,,26.6,,,,,,,,,,5.0,,,,30,30,11.9,17.0,,20,,,13.4,
2006-10-06 10:00:00,,,,,1.37,,,,,0.0,0.0,61,,,1011.0,,,,,,,,,1005.8,0.9,,19.1,,,,27.3,,,,,,,,,,,,,,30,20,12.0,16.8,,20,,,13.1,
2006-10-06 11:00:00,,1.0,,,1.74,,,,,0.0,0.0,60,,,1010.8,,,,,,,,,1005.6,1.0,,19.1,,,,27.5,,,,,,,,,,5.0,,,,20,30,11.5,16.6,,20,,,13.4,
2006-10-06 12:00:00,,,,,1.95,,,,,0.0,0.0,59,,,1010.1,,,,,,,,,1004.9,1.0,,18.6,,,,27.2,,,,,,,,,,,,,,20,20,12.2,16.3,,20,,,12.6,
2006-10-06 13:00:00,,,,,2.23,,,,,0.0,0.0,57,,,1009.2,,,,,,,,,1004.0,1.0,,18.1,,,,27.3,,,,,,,,,,,,,,20,20,11.8,16.3,,20,,,12.3,
2006-10-06 14:00:00,,0.0,,,1.8,,,,,0.0,0.0,58,,,1008.7,,,,,,,,,1003.5,1.0,,17.9,,,,27.0,,,,,,,,,,8.0,,,,20,10,11.3,15.9,,20,,,12.1,
2006-10-06 15:00:00,,,,,1.51,,,,,0.0,0.0,59,,,1008.6,,,,,,,,,1003.4,1.0,,18.1,,,,26.9,,,,,,,,,,,,,,20,20,10.5,15.3,,20,,,11.6,
2006-10-06 16:00:00,,,,,0.97,,,,,0.0,0.0,60,,,1008.5,,,,,,,,,1003.3,1.0,,18.0,,,,26.3,,,,,,,,,,,,,,20,20,10.7,15.7,,20,,,11.6,
2006-10-06 17:00:00,,1.0,,,0.42,,,,,0.0,0.0,60,,,1008.8,,,,,,,,,1003.6,0.7,,17.6,,,,26.0,,,,,,,,,,6.0,,,,20,10,11.5,16.1,,20,,,11.5,
2006-10-06 18:00:00,,,,,0.0,,,,,0.0,0.0,56,,,1009.2,,,,,,,,,1004.0,0.0,,16.4,,,,25.9,,,,,,,,,,,,,,20,20,12.1,17.1,,20,,,12.2,
2006-10-06 19:00:00,,,,,0.0,,,,,0.0,0.0,54,,,1010.0,,,,,,,,,1004.8,0.0,,15.8,,,,25.9,,,,,,,,,,,,,,20,20,12.7,17.5,,20,,,13.2,
2006-10-06 20:00:00,,,,,0.0,,,,,0.0,0.0,58,,,1010.5,,,,,,,,,1005.3,,,16.8,,,,25.6,,,,,,,,,,,,,,20,20,12.0,17.1,,20,,,12.4,
2006-10-06 21:00:00,,,,,0.0,,,,,0.0,0.0,65,,,1011.1,,,,,,,,,1005.9,,,18.1,,,,25.2,,,,,,,,,,,,,,20,30,10.0,16.7,,20,,,12.4,
2006-10-06 22:00:00,,,,,0.0,,,,,0.0,0.0,66,,,1011.2,,,,,,,,,1006.0,,,18.1,,,,25.0,,,,,,,,,,,,,,20,30,9.8,13.6,,20,,,10.6,
2006-10-06 23:00:00,,,,,0.0,,,,,0.0,0.0,57,,,1011.0,,,,,,,,,1005.8,,,16.0,,,,25.2,,,,,,,,,,,,,,30,20,8.7,13.5,,20,,,10.0,
2006-10-07 00:00:00,,,,,0.0,,,,,0.0,0.0,56,,,1010.7,,,,,,,,,1005.5,,,15.7,,,,25.1,,,,,,,,,,,,,,30,40,7.3,12.3,,30,,,9.0,
2006-10-07 01:00:00,,,,,0.0,,,,,0.0,0.0,54,,,1010.3,,,,,,,,,1005.1,,,15.7,,,,25.6,,,,,,,,,,,,,,10,20,7.5,10.9,,20,,,7.8,
2006-10-07 02:00:00,,,,,0.0,,,,,0.0,0.0,56,,,1009.7,,,,,,,,,1004.5,,,16.0,,,,25.5,,,,,,,,,,,,,,10,20,8.9,12.6,,10,,,9.1,
2006-10-07 03:00:00,,,,,0.0,,,,,0.0,0.0,59,,,1009.4,,,,,,,,,1004.2,,,16.9,,,,25.4,,,,,,,,,,,,,,10,20,9.7,13.8,,10,,,9.9,
2006-10-07 04:00:00,,,,,0.0,,,,,0.0,0.0,61,,,1009.4,,,,,,,,,1004.2,,,17.1,,,,25.2,,,,,,,,,,,,,,20,360,10.9,15.7,,20,,,11.1,
2006-10-07 05:00:00,,,,,0.0,,,,,0.0,0.0,55,,,1009.6,,,,,,,,,1004.4,,,15.7,,,,25.3,,,,,,,,,,,,,,30,30,11.2,15.4,,20,,,11.9,
2006-10-07 06:00:00,,,,,0.0,,,,,0.0,0.0,57,,,1010.3,,,,,,,,,1005.1,0.0,,16.1,,,,25.1,,,,,,,,,,,,,,20,20,10.9,15.4,,30,,,11.8,
2006-10-07 07:00:00,,,,,0.0,,,,,0.0,0.0,57,,,1010.6,,,,,,,,,1005.4,0.1,,16.3,,,,25.4,,,,,,,,,,,,,,20,20,10.8,15.4,,20,,,11.8,
2006-10-07 08:00:00,,0.0,,,0.57,,,,,0.0,0.0,58,,,1011.0,,,,,,,,,1005.8,1.0,,17.2,,,,26.0,,,,,,,,,,10.0,,,,20,20,11.3,16.6,,20,,,12.0,
2006-10-07 09:00:00,,0.0,,,1.11,,,,,0.0,0.0,57,,,1010.8,,,,,,,,,1005.6,1.0,,17.3,,,,26.5,,,,,,,,,,12.0,,,,20,10,13.0,19.1,,20,,,13.4,
2006-10-07 10:00:00,,,,,1.63,,,,,0.0,0.0,56,,,1010.9,,,,,,,,,1005.7,1.0,,17.3,,,,26.9,,,,,,,,,,,,,,30,10,12.7,18.2,,20,,,14.1,
2006-10-07 11:00:00,,0.0,,,1.8,,,,,0.0,0.0,55,,,1011.2,,,,,,,,,1006.0,1.0,,17.7,,,,27.6,,,,,,,,,,13.0,,,,20,30,11.7,16.2,,30,,,12.9,
2006-10-07 12:00:00,,,,,2.4,,,,,0.0,0.0,57,,,1010.8,,,,,,,,,1005.6,1.0,,18.1,,,,27.3,,,,,,,,,,,,,,20,20,10.6,15.6,,20,,,11.8,
2006-10-07 13:00:00,,,,,2.31,,,,,0.0,0.0,54,,,1010.2,,,,,,,,,1005.0,1.0,,17.0,,,,27.0,,,,,,,,,,,,,,20,20,10.9,14.8,,20,,,11.1,
2006-10-07 14:00:00,,0.0,,,1.8,,,,,0.0,0.0,55,,,1010.0,,,,,,,,,1004.8,1.0,,16.9,,,,26.7,,,,,,,,,,20.0,,,,20,10,10.6,14.9,,20,,,11.0,
2006-10-07 15:00:00,,,,,1.55,,,,,0.0,0.0,60,,,1009.6,,,,,,,,,1004.4,1.0,,17.9,,,,26.3,,,,,,,,,,,,,,20,10,10.4,15.9,,20,,,11.0,
2006-10-07 16:00:00,,,,,1.03,,,,,0.0,0.0,61,,,1009.9,,,,,,,,,1004.7,1.0,,17.6,,,,25.7,,,,,,,,,,,,,,20,10,10.6,16.0,,20,,,11.5,
2006-10-07 17:00:00,,0.0,,,0.46,,,,,0.0,0.0,60,,,1010.0,,,,,,,,,1004.8,1.0,,16.9,,,,25.3,,,,,,,,,,16.0,,,,20,20,10.2,15.3,,10,,,10.7,
2006-10-07 18:00:00,,,,,0.0,,,,,0.0,0.0,61,,,1010.6,,,,,,,,,1005.4,0.2,,16.9,,,,25.0,,,,,,,,,,,,,,20,30,10.2,14.0,,20,,,10.4,
2006-10-07 19:00:00,,,,,0.0,,,,,0.0,0.0,67,,,1011.2,,,,,,,,,1006.0,0.0,,18.2,,,,24.7,,,,,,,,,,,,,,20,30,9.4,13.4,,20,,,10.8,
2006-10-07 20:00:00,,,,,0.0,,,,,0.0,0.0,70,,,1011.7,,,,,,,,,1006.5,,,19.0,,,,24.8,,,,,,,,,,,,,,20,20,8.8,13.0,,20,,,10.1,
2006-10-07 21:00:00,,,,,0.0,,,,,0.0,0.0,71,,,1012.1,,,,,,,,,1006.9,,,19.2,,,,24.7,,,,,,,,,,,,,,20,20,8.4,13.6,,20,,,9.9,
2006-10-07 22:00:00,,,,,0.0,,,,,0.0,0.0,71,,,1012.1,,,,,,,,,1006.9,,,19.0,,,,24.6,,,,,,,,,,,,,,30,20,8.8,12.4,,20,,,9.3,
2006-10-07 23:00:00,,,,,0.0,,,,,0.0,0.0,67,,,1012.1,,,,,,,,,1006.9,,,18.3,,,,24.8,,,,,,,,,,,,,,20,30,8.9,12.3,,20,,,9.4,
2006-10-08 00:00:00,,,,,0.0,,,,,0.0,0.0,65,,,1011.9,,,,,,,,,1006.7,,,17.7,,,,24.7,,,,,,,,,,,,,,20,30,9.0,11.9,,20,,,9.0,
2006-10-08 01:00:00,,,,,0.0,,,,,0.0,0.0,67,,,1011.6,,,,,,,,,1006.4,,,18.0,,,,24.6,,,,,,,,,,,,,,20,40,7.5,10.6,,20,,,8.9,
2006-10-08 02:00:00,,,,,0.0,,,,,0.0,0.0,67,,,1011.6,,,,,,,,,1006.4,,,18.0,,,,24.6,,,,,,,,,,,,,,10,20,7.8,11.7,,20,,,8.0,
2006-10-08 03:00:00,,,,,0.0,,,,,0.0,0.0,68,,,1011.5,,,,,,,,,1006.3,,,18.3,,,,24.5,,,,,,,,,,,,,,10,10,8.0,12.3,,10,,,8.9,
2006-10-08 04:00:00,,,,,0.0,,,,,0.0,0.0,68,,,1011.4,,,,,,,,,1006.2,,,18.3,,,,24.5,,,,,,,,,,,,,,20,10,8.3,13.1,,10,,,9.5,
2006-10-08 05:00:00,,,,,0.0,,,,,0.0,0.0,73,,,1012.2,,,,,,,,,1007.0,,,18.6,,,,23.8,,,,,,,,,,,,,,50,20,5.2,11.5,,20,,,8.6,
2006-10-08 06:00:00,,,,,0.0,,,,,0.0,0.0,69,,,1012.6,,,,,,,,,1007.4,0.0,,18.4,,,,24.5,,,,,,,,,,,,,,20,20,9.7,13.3,,20,,,9.9,
2006-10-08 07:00:00,,,,,0.0,,,,,0.0,0.0,67,,,1012.9,,,,,,,,,1007.7,0.0,,18.1,,,,24.7,,,,,,,,,,,,,,20,20,9.6,13.3,,20,,,10.0,
2006-10-08 08:00:00,,0.0,,,0.56,,,,,0.0,0.0,66,,,1013.5,,,,,,,,,1008.3,0.9,,19.2,,,,26.0,,,,,,,,,,20.0,,,,20,20,8.4,13.0,,20,,,10.1,
2006-10-08 09:00:00,,0.0,,,1.2,,,,,0.0,0.0,67,,,1013.5,,,,,,,,,1008.3,1.0,,19.4,,,,26.1,,,,,,,,,,20.0,,,,10,20,9.8,13.4,,10,,,9.8,
2006-10-08 10:00:00,,,,,1.71,,,,,0.0,0.0,67,,,1013.9,,,,,,,,,1008.7,1.0,,20.0,,,,26.7,,,,,,,,,,,,,,20,10,8.9,14.4,,20,,,10.1,
2006-10-08 11:00:00,,0.0,,,1.85,,,,,0.0,0.0,60,,,1013.3,,,,,,,,,1008.1,1.0,,19.6,,,,28.0,,,,,,,,,,8.0,,,,30,20,8.6,12.8,,20,,,9.7,
2006-10-08 12:00:00,,,,,2.39,,,,,0.0,0.0,60,,,1012.6,,,,,,,,,1007.4,1.0,,19.7,,,,28.2,,,,,,,,,,,,,,30,20,8.5,12.3,,30,,,9.0,
2006-10-08 13:00:00,,,,,2.24,,,,,0.0,0.0,58,,,1012.2,,,,,,,,,1007.0,1.0,,18.8,,,,27.8,,,,,,,,,,,,,,20,20,9.6,13.0,,20,,,9.7,
2006-10-08 14:00:00,,0.0,,,1.8,,,,,0.0,0.0,60,,,1011.7,,,,,,,,,1006.5,1.0,,18.8,,,,27.2,,,,,,,,,,20.0,,,,20,20,10.4,13.2,,20,,,10.8,
2006-10-08 15:00:00,,,,,1.5,,,,,0.0,0.0,62,,,1011.3,,,,,,,,,1006.1,1.0,,18.7,,,,26.6,,,,,,,,,,,,,,20,10,10.0,13.7,,20,,,10.3,
2006-10-08 16:00:00,,,,,0.99,,,,,0.0,0.0,67,,,1011.6,,,,,,,,,1006.4,1.0,,19.6,,,,26.1,,,,,,,,,,,,,,20,20,9.7,13.9,,20,,,10.5,
2006-10-08 17:00:00,,0.0,,,0.41,,,,,0.0,0.0,70,,,1011.9,,,,,,,,,1006.7,1.0,,19.6,,,,25.5,,,,,,,,,,20.0,,,,10,20,9.5,14.1,,20,,,10.4,
2006-10-08 18:00:00,,,,,0.0,,,,,0.0,0.0,69,,,1012.3,,,,,,,,,1007.1,0.0,,18.9,,,,25.1,,,,,,,,,,,,,,10,10,10.8,14.8,,10,,,10.8,
2006-10-08 19:00:00,,,,,0.0,,,,,0.0,0.0,68,,,1012.8,,,,,,,,,1007.6,0.0,,18.7,,,,25.1,,,,,,,,,,,,,,20,30,9.8,14.0,,20,,,10.9,
2006-10-08 20:00:00,,,,,0.0,,,,,0.0,0.0,67,,,1013.4,,,,,,,,,1008.2,,,18.6,,,,25.2,,,,,,,,,,,,,,20,30,9.3,13.7,,20,,,10.3,
2006-10-08 21:00:00,,,,,0.0,,,,,0.0,0.0,69,,,1013.9,,,,,,,,,1008.7,,,19.0,,,,25.2,,,,,,,,,,,,,,20,20,8.5,12.9,,20,,,9.7,
2006-10-08 22:00:00,,,,,0.0,,,,,0.0,0.0,69,,,1014.2,,,,,,,,,1009.0,,,19.0,,,,25.0,,,,,,,,,,,,,,20,20,7.8,12.4,,20,,,8.9,
2006-10-08 23:00:00,,,,,0.0,,,,,0.0,0.0,72,,,1014.3,,,,,,,,,1009.1,,,19.4,,,,24.9,,,,,,,,,,,,,,20,20,7.3,10.4,,20,,,7.9,
2006-10-09 00:00:00,,,,,0.0,,,,,0.0,0.0,70,,,1014.0,,,,,,,,,1008.8,,,19.2,,,,25.0,,,,,,,,,,,,,,20,20,7.3,10.1,,20,,,7.6,
2006-10-09 01:00:00,,,,,0.0,,,,,0.0,0.0,69,,,1013.4,,,,,,,,,1008.2,,,18.9,,,,24.9,,,,,,,,,,,,,,20,20,6.8,9.5,,20,,,7.2,
2006-10-09 02:00:00,,,,,0.0,,,,,0.0,0.0,68,,,1013.1,,,,,,,,,1007.9,,,18.6,,,,24.8,,,,,,,,,,,,,,20,10,6.6,9.2,,20,,,6.8,
2006-10-09 03:00:00,,,,,0.0,,,,,0.0,0.0,69,,,1012.8,,,,,,,,,1007.6,,,18.6,,,,24.7,,,,,,,,,,,,,,10,10,6.6,10.2,,10,,,7.4,
2006-10-09 04:00:00,,,,,0.0,,,,,0.0,0.0,68,,,1012.3,,,,,,,,,1007.1,,,18.4,,,,24.7,,,,,,,,,,,,,,10,10,7.7,11.2,,10,,,8.0,
2006-10-09 05:00:00,,,,,0.0,,,,,0.0,0.0,67,,,1012.5,,,,,,,,,1007.3,,,18.2,,,,24.7,,,,,,,,,,,,,,10,360,8.0,11.1,,10,,,8.0,
2006-10-09 06:00:00,,,,,0.0,,,,,0.0,0.0,69,,,1012.8,,,,,,,,,1007.6,0.0,,18.5,,,,24.6,,,,,,,,,,,,,,10,360,8.1,12.2,,10,,,8.8,
2006-10-09 07:00:00,,,,,0.02,,,,,0.0,0.0,69,,,1012.8,,,,,,,,,1007.6,0.5,,18.9,,,,25.1,,,,,,,,,,,,,,10,10,9.3,12.6,,10,,,9.5,
2006-10-09 08:00:00,,1.0,,,0.6,,,,,0.0,0.0,68,,,1013.2,,,,,,,,,1008.0,1.0,,19.4,,,,25.7,,,,,,,,,,25.0,,,,20,10,8.1,12.2,,10,,,9.3,
2006-10-09 09:00:00,,1.0,,,1.03,,,,,0.0,0.0,69,,,1013.5,,,,,,,,,1008.3,0.9,,20.0,,,,26.2,,,,,,,,,,25.0,,,,10,20,6.7,10.4,,20,,,8.0,
2006-10-09 10:00:00,,,,,1.61,,,,,0.0,0.0,68,,,1013.8,,,,,,,,,1008.6,1.0,,21.0,,,,27.4,,,,,,,,,,,,,,20,20,6.0,8.9,,10,,,6.7,
2006-10-09 11:00:00,,1.0,,,1.88,,,,,0.0,0.0,66,,,1013.2,,,,,,,,,1008.0,0.9,,19.7,,,,26.6,,,,,,,,,,25.0,,,,360,10,8.3,11.5,,360,,,8.6,
2006-10-09 12:00:00,,,,,2.21,,,,,0.0,0.0,65,,,1012.7,,,,,,,,,1007.5,1.0,,20.0,,,,27.2,,,,,,,,,,,,,,10,10,8.1,12.3,,10,,,9.0,
2006-10-09 13:00:00,,,,,2.11,,,,,0.0,0.0,66,,,1012.1,,,,,,,,,1006.9,1.0,,20.6,,,,27.6,,,,,,,,,,,,,,10,10,7.9,11.2,,10,,,8.6,
2006-10-09 14:00:00,,1.0,,,1.86,,,,,0.0,0.0,68,,,1011.6,,,,,,,,,1006.4,1.0,,20.3,,,,26.8,,,,,,,,,,22.0,,,,10,10,8.1,11.6,,10,,,8.9,
2006-10-09 15:00:00,,,,,1.56,,,,,0.0,0.0,68,,,1011.5,,,,,,,,,1006.3,1.0,,20.8,,,,27.3,,,,,,,,,,,,,,20,10,5.8,10.7,,10,,,8.2,
2006-10-09 16:00:00,,,,,1.01,,,,,0.0,0.0,68,,,1011.6,,,,,,,,,1006.4,1.0,,20.3,,,,26.7,,,,,,,,,,,,,,20,20,6.4,9.0,,20,,,6.5,
2006-10-09 17:00:00,,0.0,,,0.4,,,,,0.0,0.0,60,,,1012.1,,,,,,,,,1006.9,1.0,,18.2,,,,26.5,,,,,,,,,,20.0,,,,40,20,4.6,9.1,,20,,,6.4,
2006-10-09 18:00:00,,,,,0.0,,,,,0.0,0.0,72,,,1012.5,,,,,,,,,1007.3,0.0,,20.5,,,,25.9,,,,,,,,,,,,,,20,20,7.8,10.8,,20,,,8.2,
2006-10-09 19:00:00,,,,,0.0,,,,,0.0,0.0,65,,,1013.0,,,,,,,,,1007.8,0.0,,18.7,,,,25.9,,,,,,,,,,,,,,40,20,6.4,10.6,,20,,,7.9,
2006-10-09 20:00:00,,,,,0.0,,,,,0.0,0.0,70,,,1013.9,,,,,,,,,1008.7,,,19.9,,,,25.7,,,,,,,,,,,,,,40,30,6.5,9.9,,40,,,7.1,
2006-10-09 21:00:00,,,,,0.0,,,,,0.0,0.0,74,,,1014.3,,,,,,,,,1009.1,,,20.5,,,,25.5,,,,,,,,,,,,,,40,40,6.8,9.6,,50,,,7.3,
2006-10-09 22:00:00,,,,,0.0,,,,,0.0,0.0,75,,,1014.3,,,,,,,,,1009.1,,,20.7,,,,25.5,,,,,,,,,,,,,,40,30,6.9,9.9,,40,,,7.3,
2006-10-09 23:00:00,,,,,0.0,,,,,0.0,0.0,77,,,1014.5,,,,,,,,,1009.3,,,20.8,,,,25.1,,,,,,,,,,,,,,60,40,5.9,9.4,,50,,,7.4,
2006-10-10 00:00:00,,,,,0.0,,,,,0.0,0.0,78,,,1014.3,,,,,,,,,1009.1,,,20.9,,,,25.1,,,,,,,,,,,,,,50,60,4.3,7.8,,60,,,6.1,
2006-10-10 01:00:00,,,,,0.0,,,,,0.0,0.0,76,,,1013.9,,,,,,,,,1008.7,,,20.6,,,,25.1,,,,,,,,,,,,,,30,20,4.6,6.3,,30,,,4.8,
2006-10-10 02:00:00,,,,,0.0,,,,,0.0,0.0,77,,,1013.8,,,,,,,,,1008.6,,,20.7,,,,25.0,,,,,,,,,,,,,,30,20,4.8,6.7,,20,,,5.2,
2006-10-10 03:00:00,,,,,0.0,,,,,0.0,0.0,76,,,1013.7,,,,,,,,,1008.5,,,20.9,,,,25.4,,,,,,,,,,,,,,20,20,5.4,7.7,,20,,,5.5,
2006-10-10 04:00:00,,,,,0.0,,,,,0.0,0.0,76,,,1013.7,,,,,,,,,1008.5,,,20.6,,,,25.1,,,,,,,,,,,,,,20,20,5.7,7.4,,20,,,5.8,
2006-10-10 05:00:00,,,,,0.0,,,,,0.0,0.0,75,,,1014.0,,,,,,,,,1008.8,,,20.4,,,,25.1,,,,,,,,,,,,,,10,20,5.1,7.1,,20,,,5.7,
2006-10-10 06:00:00,,,,,0.0,,,,,0.0,0.0,77,,,1014.7,,,,,,,,,1009.5,0.0,,20.6,,,,25.0,,,,,,,,,,,,,,10,10,6.1,8.7,,10,,,6.3,
2006-10-10 07:00:00,,,,,0.0,,,,,0.0,0.0,76,,,1015.0,,,,,,,,,1009.8,0.0,,20.6,,,,25.2,,,,,,,,,,,,,,10,360,5.7,9.4,,10,,,6.8,
2006-10-10 08:00:00,,2.0,,,0.49,,,,,0.0,0.0,73,,,1015.2,,,,,,,,,1010.0,0.8,,21.3,,,,26.5,,,,,,,,,,25.0,,,,10,20,5.3,7.8,,20,,,5.7,
2006-10-10 09:00:00,,2.0,,,1.13,,,,,0.0,0.0,70,,,1015.5,,,,,,,,,1010.3,1.0,,21.5,,,,27.4,,,,,,,,,,25.0,,,,20,30,4.4,6.7,,10,,,5.3,
2006-10-10 10:00:00,,,,,1.66,,,,,0.0,0.0,70,,,1015.4,,,,,,,,,1010.2,1.0,,21.6,,,,27.5,,,,,,,,,,,,,,360,360,3.7,5.5,,20,,,4.4,
2006-10-10 11:00:00,,1.0,,,1.8,,,,,0.0,0.0,70,,,1015.2,,,,,,,,,1010.0,1.0,,21.9,,,,27.8,,,,,,,,,,20.0,,,,360,360,4.0,5.6,,10,,,4.3,
2006-10-10 12:00:00,,,,,2.31,,,,,0.0,0.0,69,,,1014.5,,,,,,,,,1009.3,1.0,,21.9,,,,28.1,,,,,,,,,,,,,,350,360,3.7,5.4,,360,,,4.1,
2006-10-10 13:00:00,,,,,2.05,,,,,0.0,0.0,71,,,1013.8,,,,,,,,,1008.6,1.0,,22.0,,,,27.7,,,,,,,,,,,,,,360,350,4.4,5.7,,360,,,4.4,
2006-10-10 14:00:00,,1.0,,,1.78,,,,,0.0,0.0,67,,,1013.3,,,,,,,,,1008.1,1.0,,21.1,,,,27.9,,,,,,,,,,10.0,,,,10,10,6.0,7.8,,10,,,6.4,
2006-10-10 15:00:00,,,,,1.28,,,,,0.0,0.0,69,,,1013.1,,,,,,,,,1007.9,0.9,,21.3,,,,27.5,,,,,,,,,,,,,,20,20,6.1,8.5,,20,,,6.2,
2006-10-10 16:00:00,,,,,0.94,,,,,0.0,0.0,73,,,1012.9,,,,,,,,,1007.7,1.0,,21.3,,,,26.6,,,,,,,,,,,,,,20,10,6.7,9.1,,20,,,6.8,
2006-10-10 17:00:00,,1.0,,,0.39,,,,,0.0,0.0,76,,,1013.3,,,,,,,,,1008.1,0.9,,21.5,,,,26.1,,,,,,,,,,15.0,,,,20,20,5.8,8.3,,20,,,6.7,
2006-10-10 18:00:00,,,,,0.0,,,,,0.0,0.0,75,,,1013.7,,,,,,,,,1008.5,0.0,,21.0,,,,25.8,,,,,,,,,,,,,,20,20,4.2,6.8,,20,,,5.8,
2006-10-10 19:00:00,,,,,0.0,,,,,0.0,0.0,75,,,1014.4,,,,,,,,,1009.2,0.0,,21.2,,,,25.9,,,,,,,,,,,,,,20,20,4.1,5.9,,20,,,4.3,
2006-10-10 20:00:00,,,,,0.0,,,,,0.0,0.0,79,,,1015.0,,,,,,,,,1009.8,,,21.8,,,,25.7,,,,,,,,,,,,,,10,10,3.7,5.8,,10,,,4.3,
2006-10-10 21:00:00,,,,,0.0,,,,,0.0,0.0,81,,,1015.5,,,,,,,,,1010.3,,,22.3,,,,25.8,,,,,,,,,,,,,,10,10,4.2,6.6,,10,,,5.0,
2006-10-10 22:00:00,,,,,0.0,,,,,0.0,0.0,81,,,1015.2,,,,,,,,,1010.0,,,22.0,,,,25.5,,,,,,,,,,,,,,30,20,5.0,7.2,,20,,,5.3,
2006-10-10 23:00:00,,,,,0.0,,,,,0.0,0.0,80,,,1015.2,,,,,,,,,1010.0,,,21.7,,,,25.4,,,,,,,,,,,,,,30,30,4.7,7.2,,20,,,5.6,
2006-10-11 00:00:00,,,,,0.0,,,,,0.0,0.0,82,,,1014.9,,,,,,,,,1009.7,,,22.2,,,,25.6,,,,,,,,,,,,,,20,20,4.8,6.9,,20,,,5.2,
2006-10-11 01:00:00,,,,,0.0,,,,,0.0,0.0,82,,,1014.5,,,,,,,,,1009.3,,,22.2,,,,25.6,,,,,,,,,,,,,,20,20,5.8,7.4,,20,,,5.9,
2006-10-11 02:00:00,,,,,0.0,,,,,0.0,0.0,81,,,1014.2,,,,,,,,,1009.0,,,22.0,,,,25.4,,,,,,,,,,,,,,30,30,4.3,6.8,,20,,,5.8,
2006-10-11 03:00:00,,,,,0.0,,,,,0.0,0.0,80,,,1013.9,,,,,,,,,1008.7,,,21.4,,,,25.1,,,,,,,,,,,,,,20,30,4.8,6.6,,20,,,5.3,
2006-10-11 04:00:00,,,,,0.0,,,,,0.0,0.0,80,,,1013.9,,,,,,,,,1008.7,,,21.4,,,,25.1,,,,,,,,,,,,,,10,360,4.5,6.2,,20,,,4.7,
2006-10-11 05:00:00,,,,,0.0,,,,,0.0,0.0,79,,,1014.2,,,,,,,,,1009.0,,,21.2,,,,25.1,,,,,,,,,,,,,,20,10,4.6,6.7,,20,,,4.7,
2006-10-11 06:00:00,,,,,0.0,,,,,0.0,0.0,80,,,1014.8,,,,,,,,,1009.6,0.0,,21.2,,,,24.9,,,,,,,,,,,,,,10,360,5.0,7.6,,10,,,5.7,
2006-10-11 07:00:00,,,,,0.0,,,,,0.0,0.0,79,,,1015.3,,,,,,,,,1010.1,0.2,,21.3,,,,25.3,,,,,,,,,,,,,,10,10,5.2,7.6,,10,,,5.5,
2006-10-11 08:00:00,,1.0,,,0.58,,,,,0.0,0.0,77,,,1015.7,,,,,,,,,1010.5,0.8,,21.9,,,,26.2,,,,,,,,,,25.0,,,,360,40,5.2,7.5,,10,,,5.7,
2006-10-11 09:00:00,,1.0,,,1.12,,,,,0.0,0.0,75,,,1016.0,,,,,,,,,1010.8,1.0,,22.1,,,,27.0,,,,,,,,,,25.0,,,,360,10,5.2,6.8,,10,,,5.4,
2006-10-11 10:00:00,,,,,1.66,,,,,0.0,0.0,72,,,1015.9,,,,,,,,,1010.7,1.0,,22.0,,,,27.4,,,,,,,,,,,,,,10,360,4.7,6.8,,10,,,5.5,
2006-10-11 11:00:00,,1.0,,,1.8,,,,,0.0,0.0,72,,,1015.7,,,,,,,,,1010.5,1.0,,22.3,,,,27.7,,,,,,,,,,15.0,,,,10,350,5.2,7.3,,10,,,5.7,
2006-10-11 12:00:00,,,,,2.24,,,,,0.0,0.0,74,,,1015.0,,,,,,,,,1009.8,1.0,,22.4,,,,27.5,,,,,,,,,,,,,,10,10,5.6,7.6,,10,,,5.6,
2006-10-11 13:00:00,,,,,1.95,,,,,0.0,0.0,72,,,1014.3,,,,,,,,,1009.1,1.0,,22.3,,,,27.7,,,,,,,,,,,,,,10,10,5.5,7.4,,10,,,6.0,
2006-10-11 14:00:00,,4.0,,,1.41,,,,,0.0,0.0,75,,,1013.9,,,,,,,,,1008.7,0.6,,22.2,,,,27.1,,,,,,,,,,15.0,,,,10,10,7.7,10.7,,10,,,7.7,
2006-10-11 15:00:00,,,,,1.49,,,,,0.0,0.0,73,,,1013.7,,,,,,,,,1008.5,1.0,,21.8,,,,27.0,,,,,,,,,,,,,,10,360,8.4,11.7,,10,,,8.8,
2006-10-11 16:00:00,,,,,0.97,,,,,0.0,0.0,74,,,1013.6,,,,,,,,,1008.4,1.0,,21.5,,,,26.4,,,,,,,,,,,,,,20,360,8.3,11.8,,10,,,8.7,
2006-10-11 17:00:00,,0.0,,,0.42,,,,,0.0,0.0,74,,,1013.7,,,,,,,,,1008.5,1.0,,20.9,,,,25.9,,,,,,,,,,25.0,,,,20,20,9.0,12.7,,20,,,9.4,
2006-10-11 18:00:00,,,,,0.0,,,,,0.0,0.0,74,,,1014.0,,,,,,,,,1008.8,0.2,,20.6,,,,25.5,,,,,,,,,,,,,,20,20,9.8,13.0,,20,,,10.8,
2006-10-11 19:00:00,,,,,0.0,,,,,0.0,0.0,70,,,1014.4,,,,,,,,,1009.2,0.0,,19.9,,,,25.9,,,,,,,,,,,,,,20,20,10.4,13.5,,20,,,10.8,
2006-10-11 20:00:00,,,,,0.0,,,,,0.0,0.0,72,,,1015.4,,,,,,,,,1010.2,,,20.4,,,,25.9,,,,,,,,,,,,,,20,20,8.9,13.2,,20,,,10.5,
2006-10-11 21:00:00,,,,,0.0,,,,,0.0,0.0,74,,,1015.7,,,,,,,,,1010.5,,,20.7,,,,25.7,,,,,,,,,,,,,,20,20,8.0,12.1,,20,,,9.0,
2006-10-11 22:00:00,,,,,0.0,,,,,0.0,0.0,79,,,1015.8,,,,,,,,,1010.6,,,21.5,,,,25.4,,,,,,,,,,,,,,20,20,7.7,11.7,,20,,,8.8,
2006-10-11 23:00:00,,,,,0.0,,,,,0.0,0.0,81,,,1015.8,,,,,,,,,1010.6,,,21.8,,,,25.4,,,,,,,,,,,,,,20,20,7.3,9.8,,20,,,7.8,
2006-10-12 00:00:00,,,,,0.0,,,,,0.0,0.0,79,,,1015.4,,,,,,,,,1010.2,,,21.5,,,,25.4,,,,,,,,,,,,,,20,10,6.2,9.7,,20,,,7.9,
2006-10-12 01:00:00,,,,,0.0,,,,,0.0,0.0,80,,,1015.0,,,,,,,,,1009.8,,,21.5,,,,25.3,,,,,,,,,,,,,,20,30,6.2,9.2,,20,,,6.6,
2006-10-12 02:00:00,,,,,0.0,,,,,0.0,0.0,79,,,1014.9,,,,,,,,,1009.7,,,21.4,,,,25.3,,,,,,,,,,,,,,10,360,6.8,9.9,,10,,,7.4,
2006-10-12 03:00:00,,,,,0.0,,,,,0.0,0.0,79,,,1014.7,,,,,,,,,1009.5,,,21.3,,,,25.3,,,,,,,,,,,,,,360,360,6.3,9.1,,10,,,6.9,
2006-10-12 04:00:00,,,,,0.0,,,,,0.0,0.0,80,,,1014.6,,,,,,,,,1009.4,,,21.4,,,,25.1,,,,,,,,,,,,,,360,360,6.4,9.8,,360,,,7.7,
2006-10-12 05:00:00,,,,,0.0,,,,,0.0,0.0,79,,,1015.0,,,,,,,,,1009.8,,,21.3,,,,25.2,,,,,,,,,,,,,,360,360,7.7,10.8,,360,,,7.7,
2006-10-12 06:00:00,,,,,0.0,,,,,0.0,0.0,77,,,1015.5,,,,,,,,,1010.3,0.0,,20.9,,,,25.3,,,,,,,,,,,,,,360,350,7.9,11.3,,360,,,8.3,
2006-10-12 07:00:00,,,,,0.03,,,,,0.0,0.0,78,,,1016.1,,,,,,,,,1010.9,0.4,,21.6,,,,25.8,,,,,,,,,,,,,,360,360,7.9,10.9,,360,,,8.2,
2006-10-12 08:00:00,,1.0,,,0.54,,,,,0.0,0.0,77,,,1016.2,,,,,,,,,1011.0,0.9,,21.9,,,,26.3,,,,,,,,,,25.0,,,,360,360,9.8,12.9,,360,,,9.8,
2006-10-12 09:00:00,,1.0,,,1.13,,,,,0.0,0.0,76,,,1016.6,,,,,,,,,1011.4,0.9,,22.3,,,,27.0,,,,,,,,,,25.0,,,,360,360,8.3,12.5,,360,,,10.0,
2006-10-12 10:00:00,,,,,1.7,,,,,0.0,0.0,72,,,1016.7,,,,,,,,,1011.5,1.0,,21.9,,,,27.5,,,,,,,,,,,,,,360,360,6.3,10.7,,360,,,8.3,
2006-10-12 11:00:00,,0.0,,,1.8,,,,,0.0,0.0,74,,,1016.1,,,,,,,,,1010.9,1.0,,22.5,,,,27.5,,,,,,,,,,10.0,,,,360,360,6.2,8.3,,360,,,6.4,
2006-10-12 12:00:00,,,,,1.81,,,,,0.0,0.0,72,,,1015.5,,,,,,,,,1010.3,1.0,,22.3,,,,27.7,,,,,,,,,,,,,,360,360,5.5,8.4,,360,,,6.6,
2006-10-12 13:00:00,,,,,1.8,,,,,0.0,0.0,74,,,1014.4,,,,,,,,,1009.2,0.9,,22.5,,,,27.5,,,,,,,,,,,,,,10,360,4.6,7.4,,360,,,5.8,
2006-10-12 14:00:00,,10.0,,,0.97,,,,,0.0,0.0,74,,,1013.8,,,,,,,,,1008.6,0.1,,22.3,,,,27.3,,,,,,,,,,3.0,,,,40,360,4.2,6.6,,10,,,5.0,
2006-10-12 15:00:00,,,,,0.69,,,,,0.0,0.0,77,,,1013.5,,,,,,,,,1008.3,0.3,,22.5,,,,26.9,,,,,,,,,,,,,,30,10,5.6,9.1,,30,,,5.6,
2006-10-12 16:00:00,,,,,0.61,,,,,0.0,0.0,77,,,1013.8,,,,,,,,,1008.6,0.4,,22.7,,,,27.0,,,,,,,,,,,,,,20,10,6.6,11.0,,20,,,7.9,
2006-10-12 17:00:00,,1.0,,,0.06,,,,,0.0,0.0,77,,,1014.1,,,,,,,,,1008.9,0.0,,22.0,,,,26.3,,,,,,,,,,15.0,,,,20,20,7.7,11.6,,20,,,7.8,
2006-10-12 18:00:00,,,,,0.0,,,,,0.0,0.0,78,,,1014.6,,,,,,,,,1009.4,0.0,,21.9,,,,26.0,,,,,,,,,,,,,,20,10,7.9,11.7,,20,,,7.9,
2006-10-12 19:00:00,,,,,0.0,,,,,0.0,0.0,77,,,1015.1,,,,,,,,,1009.9,0.0,,21.7,,,,26.0,,,,,,,,,,,,,,20,30,9.2,12.4,,20,,,9.2,
2006-10-12 20:00:00,,,,,0.0,,,,,0.0,0.0,78,,,1016.1,,,,,,,,,1010.9,,,21.7,,,,25.9,,,,,,,,,,,,,,20,30,9.2,14.6,,20,,,10.3,
2006-10-12 21:00:00,,,,,0.0,,,,,0.0,0.0,77,,,1016.7,,,,,,,,,1011.5,,,21.4,,,,25.8,,,,,,,,,,,,,,20,20,10.1,14.4,,20,,,10.4,
2006-10-12 22:00:00,,,,,0.0,,,,,0.0,0.0,76,,,1016.6,,,,,,,,,1011.4,,,21.1,,,,25.6,,,,,,,,,,,,,,20,30,11.0,15.2,,20,,,11.8,
2006-10-12 23:00:00,,,,,0.0,,,,,0.0,0.0,77,,,1016.7,,,,,,,,,1011.5,,,21.1,,,,25.5,,,,,,,,,,,,,,30,30,9.7,15.3,,20,,,11.5,
2006-10-13 00:00:00,,,,,0.0,,,,,0.0,0.0,76,,,1016.1,,,,,,,,,1010.9,,,21.0,,,,25.5,,,,,,,,,,,,,,30,20,9.2,13.5,,30,,,10.1,
2006-10-13 01:00:00,,,,,0.0,,,,,0.0,0.0,77,,,1015.6,,,,,,,,,1010.4,,,21.1,,,,25.5,,,,,,,,,,,,,,20,30,9.5,12.4,,20,,,9.7,
2006-10-13 02:00:00,,,,,0.0,,,,,0.0,0.0,79,,,1015.2,,,,,,,,,1010.0,,,21.5,,,,25.5,,,,,,,,,,,,,,10,10,8.7,13.0,,20,,,9.9,
2006-10-13 03:00:00,,,,,0.0,,,,,0.0,0.0,76,,,1014.7,,,,,,,,,1009.5,,,20.9,,,,25.4,,,,,,,,,,,,,,20,20,9.2,14.0,,20,,,9.7,
2006-10-13 04:00:00,,,,,0.0,,,,,0.0,0.0,74,,,1014.3,,,,,,,,,1009.1,,,20.5,,,,25.4,,,,,,,,,,,,,,20,20,10.0,13.6,,20,,,10.0,
2006-10-13 05:00:00,,,,,0.0,,,,,0.0,0.0,70,,,1014.5,,,,,,,,,1009.3,,,19.7,,,,25.5,,,,,,,,,,,,,,20,20,10.6,14.4,,20,,,11.1,
2006-10-13 06:00:00,,,,,0.0,,,,,0.0,0.0,73,,,1015.2,,,,,,,,,1010.0,0.0,,20.1,,,,25.3,,,,,,,,,,,,,,20,20,10.4,14.2,,20,,,10.5,
2006-10-13 07:00:00,,,,,0.0,,,,,0.0,0.0,75,,,1015.7,,,,,,,,,1010.5,0.1,,20.9,,,,25.7,,,,,,,,,,,,,,20,30,10.1,15.1,,20,,,11.0,
2006-10-13 08:00:00,,2.0,,,0.27,,,,,0.0,0.0,73,,,1016.1,,,,,,,,,1010.9,0.3,,20.9,,,,26.2,,,,,,,,,,10.0,,,,20,20,10.1,14.9,,20,,,10.8,
2006-10-13 09:00:00,,2.0,,,0.89,,,,,0.0,0.0,72,,,1016.3,,,,,,,,,1011.1,0.5,,21.9,,,,27.5,,,,,,,,,,10.0,,,,30,20,8.8,13.8,,20,,,10.9,
2006-10-13 10:00:00,,,,,1.37,,,,,0.0,0.0,70,,,1016.2,,,,,,,,,1011.0,0.8,,22.1,,,,28.2,,,,,,,,,,,,,,20,20,8.7,12.6,,20,,,10.3,
2006-10-13 11:00:00,,2.0,,,1.92,,,,,0.0,0.0,71,,,1016.0,,,,,,,,,1010.8,0.8,,21.7,,,,27.5,,,,,,,,,,10.0,,,,20,20,8.7,12.8,,20,,,10.0,
2006-10-13 12:00:00,,,,,2.05,,,,,0.0,0.0,68,,,1015.2,,,,,,,,,1010.0,0.9,,21.3,,,,27.8,,,,,,,,,,,,,,20,30,8.5,13.3,,20,,,10.1,
2006-10-13 13:00:00,,,,,1.84,,,,,0.0,0.0,71,,,1014.4,,,,,,,,,1009.2,0.8,,21.5,,,,27.1,,,,,,,,,,,,,,20,20,9.4,13.7,,20,,,9.8,
2006-10-13 14:00:00,,1.0,,,1.76,,,,,0.0,0.0,69,,,1013.5,,,,,,,,,1008.3,0.9,,21.1,,,,27.4,,,,,,,,,,10.0,,,,20,30,11.4,14.9,,20,,,11.4,
2006-10-13 15:00:00,,,,,1.5,,,,,0.0,0.0,68,,,1013.3,,,,,,,,,1008.1,1.0,,20.7,,,,27.2,,,,,,,,,,,,,,20,30,9.9,14.6,,20,,,11.3,
2006-10-13 16:00:00,,,,,0.96,,,,,0.0,0.0,66,,,1013.5,,,,,,,,,1008.3,1.0,,19.8,,,,26.8,,,,,,,,,,,,,,20,20,10.8,14.8,,20,,,11.0,
2006-10-13 17:00:00,,0.0,,,0.37,,,,,0.0,0.0,68,,,1013.9,,,,,,,,,1008.7,1.0,,19.6,,,,26.0,,,,,,,,,,15.0,,,,20,10,10.5,16.6,,10,,,11.1,
2006-10-13 18:00:00,,,,,0.0,,,,,0.0,0.0,71,,,1014.1,,,,,,,,,1008.9,0.0,,20.0,,,,25.7,,,,,,,,,,,,,,20,20,11.2,15.6,,20,,,11.8,
2006-10-13 19:00:00,,,,,0.0,,,,,0.0,0.0,73,,,1014.5,,,,,,,,,1009.3,0.0,,20.4,,,,25.6,,,,,,,,,,,,,,20,30,11.0,15.4,,20,,,11.2,
2006-10-13 20:00:00,,,,,0.0,,,,,0.0,0.0,70,,,1014.9,,,,,,,,,1009.7,,,19.7,,,,25.5,,,,,,,,,,,,,,20,20,10.7,14.4,,20,,,11.4,
2006-10-13 21:00:00,,,,,0.0,,,,,0.0,0.0,72,,,1015.1,,,,,,,,,1009.9,,,20.2,,,,25.6,,,,,,,,,,,,,,20,30,9.7,14.2,,20,,,11.2,
2006-10-13 22:00:00,,,,,0.0,,,,,0.0,0.0,76,,,1015.1,,,,,,,,,1009.9,,,20.9,,,,25.4,,,,,,,,,,,,,,30,20,8.9,14.3,,20,,,10.8,
2006-10-13 23:00:00,,,,,0.0,,,,,0.0,0.0,77,,,1014.7,,,,,,,,,1009.5,,,21.0,,,,25.4,,,,,,,,,,,,,,20,30,8.9,12.4,,30,,,9.1,
2006-10-14 00:00:00,,,,,0.0,,,,,0.0,0.0,79,,,1014.5,,,,,,,,,1009.3,,,21.4,,,,25.3,,,,,,,,,,,,,,30,20,7.8,11.2,,20,,,9.0,
2006-10-14 01:00:00,,,,,0.0,,,,,0.0,0.0,78,,,1014.2,,,,,,,,,1009.0,,,21.1,,,,25.3,,,,,,,,,,,,,,20,20,7.2,10.4,,20,,,8.4,
2006-10-14 02:00:00,,,,,0.0,,,,,0.0,0.0,77,,,1013.8,,,,,,,,,1008.6,,,21.0,,,,25.3,,,,,,,,,,,,,,10,10,7.3,10.7,,10,,,8.4,
2006-10-14 03:00:00,,,,,0.0,,,,,0.0,0.0,76,,,1013.6,,,,,,,,,1008.4,,,20.5,,,,25.1,,,,,,,,,,,,,,10,10,7.8,11.4,,10,,,8.8,
2006-10-14 04:00:00,,,,,0.0,,,,,0.0,0.0,73,,,1013.3,,,,,,,,,1008.1,,,20.0,,,,25.2,,,,,,,,,,,,,,20,360,7.3,11.1,,10,,,8.4,
2006-10-14 05:00:00,,,,,0.0,,,,,0.0,0.0,74,,,1013.5,,,,,,,,,1008.3,,,20.2,,,,25.2,,,,,,,,,,,,,,20,20,7.9,10.3,,20,,,7.9,
2006-10-14 06:00:00,,,,,0.0,,,,,0.0,0.0,74,,,1013.6,,,,,,,,,1008.4,0.0,,20.3,,,,25.2,,,,,,,,,,,,,,20,20,8.0,10.7,,20,,,8.4,
2006-10-14 07:00:00,,,,,0.0,,,,,0.0,0.0,75,,,1014.1,,,,,,,,,1008.9,0.0,,20.7,,,,25.5,,,,,,,,,,,,,,20,20,8.0,11.3,,20,,,8.4,
2006-10-14 08:00:00,,1.0,,,0.51,,,,,0.0,0.0,74,,,1014.4,,,,,,,,,1009.2,0.5,,21.3,,,,26.3,,,,,,,,,,6.0,,,,10,20,7.0,10.9,,20,,,8.2,
2006-10-14 09:00:00,,9.0,,,0.38,,,,,0.0,0.0,74,,,1014.7,,,,,,,,,1009.5,0.1,,21.0,,,,25.9,,,,,,,,,,6.0,,,,10,10,8.9,12.1,,10,,,9.2,
2006-10-14 10:00:00,,,,,1.44,,,,,0.0,0.0,70,,,1014.6,,,,,,,,,1009.4,0.8,,21.7,,,,27.7,,,,,,,,,,,,,,20,20,8.9,12.1,,20,,,9.5,
2006-10-14 11:00:00,,9.0,,,1.73,,,,,0.0,0.0,71,,,1014.2,,,,,,,,,1009.0,0.8,,21.4,,,,27.1,,,,,,,,,,5.0,,,,10,20,8.6,12.3,,20,,,10.0,
2006-10-14 12:00:00,,,,,1.76,,,,,0.0,0.0,68,,,1013.3,,,,,,,,,1008.1,0.9,,21.3,,,,27.8,,,,,,,,,,,,,,10,20,8.8,12.4,,10,,,9.3,
2006-10-14 13:00:00,,,,,1.85,,,,,0.0,0.0,67,,,1012.5,,,,,,,,,1007.3,1.0,,21.0,,,,27.7,,,,,,,,,,,,,,20,10,9.2,13.2,,10,,,9.6,
2006-10-14 14:00:00,,0.0,,,1.78,,,,,0.0,0.0,66,,,1011.8,,,,,,,,,1006.6,1.0,,20.6,,,,27.5,,,,,,,,,,5.0,,,,20,20,8.6,12.1,,20,,,9.3,
2006-10-14 15:00:00,,,,,1.31,,,,,0.0,0.0,68,,,1011.7,,,,,,,,,1006.5,1.0,,21.0,,,,27.4,,,,,,,,,,,,,,10,10,7.8,12.0,,20,,,8.6,
2006-10-14 16:00:00,,,,,0.89,,,,,0.0,0.0,70,,,1011.7,,,,,,,,,1006.5,1.0,,20.5,,,,26.5,,,,,,,,,,,,,,10,10,8.9,11.8,,10,,,9.0,
2006-10-14 17:00:00,,0.0,,,0.34,,,,,0.0,0.0,73,,,1012.2,,,,,,,,,1007.0,0.8,,20.6,,,,25.9,,,,,,,,,,6.0,,,,10,10,9.1,12.8,,10,,,9.7,
2006-10-14 18:00:00,,,,,0.0,,,,,0.0,0.0,71,,,1012.3,,,,,,,,,1007.1,0.0,,20.0,,,,25.7,,,,,,,,,,,,,,20,10,8.1,12.6,,10,,,9.8,
2006-10-14 19:00:00,,,,,0.0,,,,,0.0,0.0,73,,,1012.6,,,,,,,,,1007.4,0.0,,20.3,,,,25.4,,,,,,,,,,,,,,20,30,8.8,11.2,,20,,,9.1,
2006-10-14 20:00:00,,,,,0.0,,,,,0.0,0.0,74,,,1013.4,,,,,,,,,1008.2,,,20.6,,,,25.5,,,,,,,,,,,,,,20,20,8.0,10.6,,20,,,8.6,
2006-10-14 21:00:00,,,,,0.0,,,,,0.0,0.0,73,,,1013.4,,,,,,,,,1008.2,,,20.1,,,,25.2,,,,,,,,,,,,,,30,20,7.2,10.7,,20,,,8.3,
2006-10-14 22:00:00,,,,,0.0,,,,,0.0,0.0,72,,,1013.8,,,,,,,,,1008.6,,,20.0,,,,25.4,,,,,,,,,,,,,,20,30,7.8,10.4,,20,,,7.8,
2006-10-14 23:00:00,,,,,0.0,,,,,0.0,0.0,74,,,1013.6,,,,,,,,,1008.4,,,20.3,,,,25.2,,,,,,,,,,,,,,20,30,6.7,9.7,,20,,,7.9,
2006-10-15 00:00:00,,,,,0.0,,,,,0.0,0.0,73,,,1013.3,,,,,,,,,1008.1,,,20.1,,,,25.2,,,,,,,,,,,,,,20,20,7.9,11.2,,20,,,7.9,
2006-10-15 01:00:00,,,,,0.0,,,,,0.0,0.0,75,,,1012.9,,,,,,,,,1007.7,,,20.4,,,,25.2,,,,,,,,,,,,,,20,30,7.6,10.3,,20,,,8.0,
2006-10-15 02:00:00,,,,,0.0,,,,,0.0,0.0,73,,,1012.3,,,,,,,,,1007.1,,,20.0,,,,25.2,,,,,,,,,,,,,,20,10,7.5,10.5,,20,,,7.6,
2006-10-15 03:00:00,,,,,0.0,,,,,0.0,0.0,73,,,1012.2,,,,,,,,,1007.0,,,20.0,,,,25.1,,,,,,,,,,,,,,20,10,6.8,9.9,,20,,,7.5,
2006-10-15 04:00:00,,,,,0.0,,,,,0.0,0.0,74,,,1012.4,,,,,,,,,1007.2,,,20.2,,,,25.2,,,,,,,,,,,,,,20,20,7.5,10.8,,20,,,7.9,
2006-10-15 05:00:00,,,,,0.0,,,,,0.0,0.0,73,,,1012.6,,,,,,,,,1007.4,,,19.9,,,,25.1,,,,,,,,,,,,,,20,20,8.2,11.4,,20,,,8.4,
2006-10-15 06:00:00,,,,,0.0,,,,,0.0,0.0,72,,,1012.8,,,,,,,,,1007.6,0.0,,20.0,,,,25.3,,,,,,,,,,,,,,20,20,7.7,11.8,,20,,,8.8,
2006-10-15 07:00:00,,,,,0.0,,,,,0.0,0.0,75,,,1013.3,,,,,,,,,1008.1,0.0,,20.8,,,,25.5,,,,,,,,,,,,,,30,20,8.0,12.0,,20,,,8.4,
2006-10-15 08:00:00,,1.0,,,0.52,,,,,0.0,0.0,73,,,1014.2,,,,,,,,,1009.0,0.3,,20.7,,,,26.0,,,,,,,,,,6.0,,,,20,20,8.3,10.9,,20,,,8.5,
2006-10-15 09:00:00,,1.0,,,0.84,,,,,0.0,0.0,71,,,1014.4,,,,,,,,,1009.2,0.8,,20.9,,,,26.7,,,,,,,,,,6.0,,,,20,20,7.5,10.8,,20,,,8.4,
2006-10-15 10:00:00,,,,,1.44,,,,,0.0,0.0,69,,,1014.2,,,,,,,,,1009.0,1.0,,21.3,,,,27.5,,,,,,,,,,,,,,20,30,8.5,10.9,,20,,,8.6,
2006-10-15 11:00:00,,2.0,,,1.69,,,,,0.0,0.0,70,,,1014.1,,,,,,,,,1008.9,0.9,,21.9,,,,28.0,,,,,,,,,,6.0,,,,20,30,8.4,11.8,,20,,,8.5,
2006-10-15 12:00:00,,,,,1.84,,,,,0.0,0.0,68,,,1013.3,,,,,,,,,1008.1,1.0,,21.5,,,,28.0,,,,,,,,,,,,,,20,20,8.6,11.7,,20,,,9.0,
2006-10-15 13:00:00,,,,,1.67,,,,,0.0,0.0,68,,,1012.9,,,,,,,,,1007.7,0.7,,21.5,,,,28.0,,,,,,,,,,,,,,20,20,8.2,11.4,,20,,,8.8,
2006-10-15 14:00:00,,1.0,,,1.65,,,,,0.0,0.0,69,,,1012.2,,,,,,,,,1007.0,0.9,,21.2,,,,27.3,,,,,,,,,,6.0,,,,20,360,8.9,12.4,,20,,,8.9,
2006-10-15 15:00:00,,,,,1.34,,,,,0.0,0.0,71,,,1012.1,,,,,,,,,1006.9,1.0,,21.1,,,,26.9,,,,,,,,,,,,,,20,10,8.9,13.4,,20,,,8.9,
2006-10-15 16:00:00,,,,,0.82,,,,,0.0,0.0,71,,,1012.1,,,,,,,,,1006.9,1.0,,21.0,,,,26.6,,,,,,,,,,,,,,10,20,8.4,12.2,,20,,,9.0,
2006-10-15 17:00:00,,0.0,,,0.33,,,,,0.0,0.0,72,,,1012.4,,,,,,,,,1007.2,0.6,,20.6,,,,26.0,,,,,,,,,,6.0,,,,20,20,8.7,12.6,,20,,,9.2,
2006-10-15 18:00:00,,,,,0.0,,,,,0.0,0.0,74,,,1012.5,,,,,,,,,1007.3,0.0,,20.8,,,,25.7,,,,,,,,,,,,,,20,20,9.8,13.8,,20,,,10.2,
2006-10-15 19:00:00,,,,,0.0,,,,,0.0,0.0,75,,,1013.4,,,,,,,,,1008.2,0.0,,20.8,,,,25.6,,,,,,,,,,,,,,30,30,8.5,13.5,,20,,,11.0,
2006-10-15 20:00:00,,,,,0.0,,,,,0.0,0.0,74,,,1014.2,,,,,,,,,1009.0,,,20.6,,,,25.6,,,,,,,,,,,,,,30,30,8.6,12.0,,30,,,9.0,
2006-10-15 21:00:00,,,,,0.0,,,,,0.0,0.0,73,,,1014.5,,,,,,,,,1009.3,,,20.6,,,,25.7,,,,,,,,,,,,,,30,30,7.8,11.6,,30,,,8.6,
2006-10-15 22:00:00,,,,,0.0,,,,,0.0,0.0,77,,,1014.9,,,,,,,,,1009.7,,,21.3,,,,25.7,,,,,,,,,,,,,,30,20,6.5,10.5,,30,,,8.1,
2006-10-15 23:00:00,,,,,0.0,,,,,0.0,0.0,76,,,1014.8,,,,,,,,,1009.6,,,21.2,,,,25.7,,,,,,,,,,,,,,30,30,6.5,9.1,,30,,,6.8,
2006-10-16 00:00:00,,,,,0.0,,,,,0.0,0.0,75,,,1014.7,,,,,,,,,1009.5,,,20.9,,,,25.6,,,,,,,,,,,,,,30,30,6.1,8.7,,30,,,6.6,
2006-10-16 01:00:00,,,,,0.0,,,,,0.0,0.0,77,,,1014.5,,,,,,,,,1009.3,,,20.9,,,,25.2,,,,,,,,,,,,,,30,20,6.1,8.2,,30,,,6.5,
2006-10-16 02:00:00,,,,,0.0,,,,,0.0,0.0,74,,,1014.2,,,,,,,,,1009.0,,,20.4,,,,25.3,,,,,,,,,,,,,,20,20,6.1,8.2,,20,,,6.2,
2006-10-16 03:00:00,,,,,0.0,,,,,0.0,0.0,74,,,1014.1,,,,,,,,,1008.9,,,20.4,,,,25.3,,,,,,,,,,,,,,20,360,5.8,9.0,,20,,,6.7,
2006-10-16 04:00:00,,,,,0.0,,,,,0.0,0.0,72,,,1014.3,,,,,,,,,1009.1,,,19.8,,,,25.2,,,,,,,,,,,,,,20,20,6.0,8.7,,20,,,6.3,
2006-10-16 05:00:00,,,,,0.0,,,,,0.0,0.0,72,,,1014.5,,,,,,,,,1009.3,,,20.0,,,,25.4,,,,,,,,,,,,,,20,10,5.6,8.9,,10,,,6.8,
2006-10-16 06:00:00,,,,,0.0,,,,,0.0,0.0,71,,,1015.1,,,,,,,,,1009.9,0.0,,19.9,,,,25.5,,,,,,,,,,,,,,10,10,6.7,10.0,,10,,,7.7,
2006-10-16 07:00:00,,,,,0.0,,,,,0.0,0.0,70,,,1015.7,,,,,,,,,1010.5,0.0,,20.0,,,,25.8,,,,,,,,,,,,,,10,10,6.6,9.1,,10,,,7.1,
2006-10-16 08:00:00,,0.0,,,0.52,,,,,0.0,0.0,72,,,1016.1,,,,,,,,,1010.9,0.7,,20.7,,,,26.2,,,,,,,,,,8.0,,,,360,360,6.9,9.8,,360,,,7.2,
2006-10-16 09:00:00,,0.0,,,1.05,,,,,0.0,0.0,71,,,1016.4,,,,,,,,,1011.2,1.0,,21.0,,,,26.8,,,,,,,,,,8.0,,,,360,350,6.0,9.3,,360,,,7.1,
2006-10-16 10:00:00,,,,,1.4,,,,,0.0,0.0,71,,,1016.4,,,,,,,,,1011.2,1.0,,21.3,,,,27.0,,,,,,,,,,,,,,360,360,4.9,7.5,,360,,,6.1,
2006-10-16 11:00:00,,0.0,,,1.79,,,,,0.0,0.0,71,,,1015.8,,,,,,,,,1010.6,1.0,,21.5,,,,27.3,,,,,,,,,,3.0,,,,360,360,6.1,7.9,,360,,,6.1,
2006-10-16 12:00:00,,,,,1.78,,,,,0.0,0.0,72,,,1015.2,,,,,,,,,1010.0,0.9,,21.7,,,,27.1,,,,,,,,,,,,,,360,360,5.8,8.4,,360,,,6.3,
2006-10-16 13:00:00,,,,,1.63,,,,,0.0,0.0,69,,,1014.4,,,,,,,,,1009.2,0.8,,22.0,,,,28.3,,,,,,,,,,,,,,20,20,5.6,8.2,,10,,,6.7,
2006-10-16 14:00:00,,1.0,,,1.31,,,,,0.0,0.0,68,,,1013.8,,,,,,,,,1008.6,0.6,,21.6,,,,28.0,,,,,,,,,,6.0,,,,20,20,6.3,8.7,,20,,,6.5,
2006-10-16 15:00:00,,,,,1.2,,,,,0.0,0.0,69,,,1013.6,,,,,,,,,1008.4,0.9,,21.4,,,,27.7,,,,,,,,,,,,,,20,20,5.8,8.4,,20,,,6.6,
2006-10-16 16:00:00,,,,,0.73,,,,,0.0,0.0,72,,,1014.0,,,,,,,,,1008.8,0.7,,21.8,,,,27.3,,,,,,,,,,,,,,10,360,5.6,7.8,,30,,,5.9,
2006-10-16 17:00:00,,2.0,,,0.26,,,,,0.0,0.0,75,,,1014.3,,,,,,,,,1009.1,0.1,,21.7,,,,26.4,,,,,,,,,,8.0,,,,20,360,6.2,8.6,,10,,,6.2,
2006-10-16 18:00:00,,,,,0.0,,,,,0.0,0.0,77,,,1014.6,,,,,,,,,1009.4,0.0,,21.6,,,,26.0,,,,,,,,,,,,,,20,20,6.4,9.3,,20,,,7.3,
2006-10-16 19:00:00,,,,,0.0,,,,,0.0,0.0,77,,,1015.2,,,,,,,,,1010.0,0.0,,21.6,,,,25.9,,,,,,,,,,,,,,30,30,7.2,9.9,,20,,,7.6,
2006-10-16 20:00:00,,,,,0.0,,,,,0.0,0.0,79,,,1015.9,,,,,,,,,1010.7,,,21.9,,,,25.8,,,,,,,,,,,,,,30,30,6.5,9.8,,30,,,7.3,
2006-10-16 21:00:00,,,,,0.0,,,,,0.0,0.0,78,,,1016.1,,,,,,,,,1010.9,,,21.6,,,,25.7,,,,,,,,,,,,,,30,20,5.8,8.9,,30,,,6.4,
2006-10-16 22:00:00,,,,,0.0,,,,,0.0,0.0,80,,,1016.3,,,,,,,,,1011.1,,,21.8,,,,25.6,,,,,,,,,,,,,,30,30,5.5,7.6,,30,,,5.9,
2006-10-16 23:00:00,,,,,0.0,,,,,0.0,0.0,78,,,1016.1,,,,,,,,,1010.9,,,21.6,,,,25.7,,,,,,,,,,,,,,50,40,4.6,6.9,,30,,,5.7,
2006-10-17 00:00:00,,,,,0.0,,,,,0.0,0.0,80,,,1015.9,,,,,,,,,1010.7,,,21.7,,,,25.4,,,,,,,,,,,,,,40,30,3.6,6.5,,40,,,4.7,
2006-10-17 01:00:00,,,,,0.0,,,,,0.0,0.0,80,,,1015.6,,,,,,,,,1010.4,,,21.6,,,,25.2,,,,,,,,,,,,,,70,60,3.5,5.1,,60,,,4.1,
2006-10-17 02:00:00,,,,,0.0,,,,,0.0,0.0,80,,,1015.1,,,,,,,,,1009.9,,,21.0,,,,24.7,,,,,,,,,,,,,,80,80,2.8,4.5,,70,,,3.5,
2006-10-17 03:00:00,,,,,0.0,,,,,0.0,0.0,78,,,1014.9,,,,,,,,,1009.7,,,20.7,,,,24.8,,,,,,,,,,,,,,80,100,0.9,3.4,,80,,,2.8,
2006-10-17 04:00:00,,,,,0.0,,,,,0.0,0.0,77,,,1015.1,,,,,,,,,1009.9,,,20.7,,,,25.1,,,,,,,,,,,,,,0,50,0.0,2.1,,50,,,0.9,
2006-10-17 05:00:00,,,,,0.0,,,,,0.0,0.0,78,,,1015.2,,,,,,,,,1010.0,,,21.1,,,,25.2,,,,,,,,,,,,,,350,300,2.7,5.0,,350,,,2.7,
2006-10-17 06:00:00,,,,,0.0,,,,,0.0,0.0,78,,,1016.0,,,,,,,,,1010.8,0.0,,20.9,,,,25.1,,,,,,,,,,,,,,360,360,4.9,6.9,,360,,,5.2,
2006-10-17 07:00:00,,,,,0.0,,,,,0.0,0.0,75,,,1016.5,,,,,,,,,1011.3,0.0,,20.7,,,,25.4,,,,,,,,,,,,,,360,10,4.5,6.5,,360,,,4.9,
2006-10-17 08:00:00,,0.0,,,0.54,,,,,0.0,0.0,71,,,1016.7,,,,,,,,,1011.5,0.8,,20.8,,,,26.4,,,,,,,,,,8.0,,,,360,360,3.2,5.6,,360,,,4.6,
2006-10-17 09:00:00,,0.0,,,1.05,,,,,0.0,0.0,71,,,1016.9,,,,,,,,,1011.7,1.0,,21.3,,,,27.0,,,,,,,,,,8.0,,,,360,330,3.0,4.6,,360,,,3.5,
2006-10-17 10:00:00,,,,,1.52,,,,,0.0,0.0,69,,,1016.7,,,,,,,,,1011.5,1.0,,21.2,,,,27.5,,,,,,,,,,,,,,10,10,3.8,5.1,,360,,,3.8,
2006-10-17 11:00:00,,0.0,,,1.8,,,,,0.0,0.0,69,,,1016.4,,,,,,,,,1011.2,1.0,,21.5,,,,27.7,,,,,,,,,,8.0,,,,10,10,4.3,5.4,,360,,,4.3,
2006-10-17 12:00:00,,,,,1.8,,,,,0.0,0.0,67,,,1015.6,,,,,,,,,1010.4,1.0,,21.7,,,,28.3,,,,,,,,,,,,,,20,360,3.7,5.7,,10,,,4.3,
2006-10-17 13:00:00,,,,,1.8,,,,,0.0,0.0,66,,,1015.1,,,,,,,,,1009.9,1.0,,21.8,,,,28.8,,,,,,,,,,,,,,20,10,3.5,5.3,,10,,,3.8,
2006-10-17 14:00:00,,1.0,,,1.8,,,,,0.0,0.0,69,,,1014.6,,,,,,,,,1009.4,1.0,,22.1,,,,28.4,,,,,,,,,,8.0,,,,10,10,3.4,5.7,,10,,,3.9,
2006-10-17 15:00:00,,,,,1.34,,,,,0.0,0.0,71,,,1014.3,,,,,,,,,1009.1,1.0,,21.6,,,,27.4,,,,,,,,,,,,,,10,20,4.3,6.3,,10,,,4.7,
2006-10-17 16:00:00,,,,,0.89,,,,,0.0,0.0,70,,,1014.3,,,,,,,,,1009.1,1.0,,20.8,,,,26.8,,,,,,,,,,,,,,360,360,4.1,5.7,,10,,,4.5,
2006-10-17 17:00:00,,1.0,,,0.25,,,,,0.0,0.0,72,,,1014.4,,,,,,,,,1009.2,0.5,,20.5,,,,26.0,,,,,,,,,,15.0,,,,10,360,3.9,6.0,,10,,,4.5,
2006-10-17 18:00:00,,,,,0.0,,,,,0.0,0.0,73,,,1014.6,,,,,,,,,1009.4,0.0,,20.3,,,,25.6,,,,,,,,,,,,,,360,20,3.1,4.9,,10,,,3.8,
2006-10-17 19:00:00,,,,,0.0,,,,,0.0,0.0,72,,,1015.2,,,,,,,,,1010.0,0.0,,19.9,,,,25.4,,,,,,,,,,,,,,330,310,3.3,4.8,,350,,,3.4,
2006-10-17 20:00:00,,,,,0.0,,,,,0.0,0.0,73,,,1016.3,,,,,,,,,1011.1,,,20.1,,,,25.3,,,,,,,,,,,,,,350,350,3.9,5.8,,350,,,3.9,
2006-10-17 21:00:00,,,,,0.0,,,,,0.0,0.0,75,,,1016.4,,,,,,,,,1011.2,,,20.3,,,,25.1,,,,,,,,,,,,,,340,360,2.6,5.6,,350,,,4.0,
2006-10-17 22:00:00,,,,,0.0,,,,,0.0,0.0,78,,,1016.4,,,,,,,,,1011.2,,,20.7,,,,24.7,,,,,,,,,,,,,,310,320,2.3,4.0,,320,,,3.1,
2006-10-17 23:00:00,,,,,0.0,,,,,0.0,0.0,78,,,1016.1,,,,,,,,,1010.9,,,20.8,,,,24.8,,,,,,,,,,,,,,290,320,0.8,4.0,,320,,,3.0,
2006-10-18 00:00:00,,,,,0.0,,,,,0.0,0.0,78,,,1015.4,,,,,,,,,1010.2,,,20.6,,,,24.8,,,,,,,,,,,,,,0,280,0.0,2.2,,280,,,1.3,
2006-10-18 01:00:00,,,,,0.0,,,,,0.0,0.0,81,,,1014.6,,,,,,,,,1009.4,,,20.7,,,,24.1,,,,,,,,,,,,,,0,0,0.0,0.0,,0,,,0.0,
2006-10-18 02:00:00,,,,,0.0,,,,,0.0,0.0,78,,,1014.1,,,,,,,,,1008.9,,,20.2,,,,24.3,,,,,,,,,,,,,,0,190,0.0,1.9,,0,,,0.1,
2006-10-18 03:00:00,,,,,0.0,,,,,0.0,0.0,79,,,1014.3,,,,,,,,,1009.1,,,20.2,,,,24.1,,,,,,,,,,,,,,0,200,0.0,1.8,,0,,,0.1,
2006-10-18 04:00:00,,,,,0.0,,,,,0.0,0.0,78,,,1014.6,,,,,,,,,1009.4,,,20.2,,,,24.2,,,,,,,,,,,,,,0,260,0.1,2.0,,250,,,0.3,
2006-10-18 05:00:00,,,,,0.0,,,,,0.0,0.0,80,,,1015.0,,,,,,,,,1009.8,,,20.4,,,,24.0,,,,,,,,,,,,,,180,180,1.1,2.1,,180,,,1.1,
2006-10-18 06:00:00,,,,,0.0,,,,,0.0,0.0,78,,,1015.3,,,,,,,,,1010.1,0.0,,20.4,,,,24.4,,,,,,,,,,,,,,210,220,2.3,3.7,,190,,,2.3,
2006-10-18 07:00:00,,,,,0.0,,,,,0.0,0.0,78,,,1016.3,,,,,,,,,1011.1,0.1,,21.0,,,,25.1,,,,,,,,,,,,,,260,210,1.9,3.5,,220,,,2.6,
2006-10-18 08:00:00,,1.0,,,0.52,,,,,0.0,0.0,77,,,1016.6,,,,,,,,,1011.4,1.0,,21.7,,,,26.1,,,,,,,,,,8.0,,,,280,270,1.4,3.3,,280,,,2.3,
2006-10-18 09:00:00,,1.0,,,1.08,,,,,0.0,0.0,72,,,1017.0,,,,,,,,,1011.8,1.0,,22.1,,,,27.6,,,,,,,,,,8.0,,,,280,300,1.4,3.0,,280,,,1.8,
2006-10-18 10:00:00,,,,,1.5,,,,,0.0,0.0,69,,,1016.9,,,,,,,,,1011.7,1.0,,21.8,,,,27.9,,,,,,,,,,,,,,330,320,3.1,4.3,,320,,,3.2,
2006-10-18 11:00:00,,0.0,,,1.8,,,,,0.0,0.0,71,,,1016.5,,,,,,,,,1011.3,1.0,,21.7,,,,27.4,,,,,,,,,,8.0,,,,350,360,3.3,4.7,,350,,,3.4,
2006-10-18 12:00:00,,,,,1.8,,,,,0.0,0.0,72,,,1015.8,,,,,,,,,1010.6,1.0,,21.7,,,,27.1,,,,,,,,,,,,,,350,350,2.6,4.8,,350,,,3.7,
2006-10-18 13:00:00,,,,,1.8,,,,,0.0,0.0,69,,,1015.0,,,,,,,,,1009.8,1.0,,21.8,,,,28.1,,,,,,,,,,,,,,350,320,2.4,4.0,,310,,,3.0,
2006-10-18 14:00:00,,0.0,,,1.8,,,,,0.0,0.0,69,,,1014.7,,,,,,,,,1009.5,1.0,,21.5,,,,27.8,,,,,,,,,,8.0,,,,350,350,2.0,4.1,,350,,,2.9,
2006-10-18 15:00:00,,,,,1.28,,,,,0.0,0.0,67,,,1014.4,,,,,,,,,1009.2,1.0,,21.6,,,,28.4,,,,,,,,,,,,,,340,20,1.6,4.1,,350,,,3.0,
2006-10-18 16:00:00,,,,,0.79,,,,,0.0,0.0,70,,,1014.4,,,,,,,,,1009.2,1.0,,21.4,,,,27.4,,,,,,,,,,,,,,320,330,2.9,4.2,,320,,,3.3,
2006-10-18 17:00:00,,1.0,,,0.29,,,,,0.0,0.0,72,,,1014.4,,,,,,,,,1009.2,0.2,,20.9,,,,26.3,,,,,,,,,,15.0,,,,350,360,3.8,5.6,,350,,,3.8,
2006-10-18 18:00:00,,,,,0.0,,,,,0.0,0.0,72,,,1014.6,,,,,,,,,1009.4,0.0,,20.3,,,,25.7,,,,,,,,,,,,,,360,360,5.7,7.8,,360,,,6.0,
2006-10-18 19:00:00,,,,,0.0,,,,,0.0,0.0,72,,,1015.2,,,,,,,,,1010.0,0.0,,20.4,,,,25.9,,,,,,,,,,,,,,20,10,6.3,8.8,,10,,,6.4,
2006-10-18 20:00:00,,,,,0.0,,,,,0.0,0.0,71,,,1015.7,,,,,,,,,1010.5,,,20.1,,,,25.7,,,,,,,,,,,,,,20,20,6.6,10.1,,20,,,7.3,
2006-10-18 21:00:00,,,,,0.0,,,,,0.0,0.0,71,,,1016.4,,,,,,,,,1011.2,,,20.1,,,,25.7,,,,,,,,,,,,,,40,20,4.6,8.7,,20,,,7.1,
2006-10-18 22:00:00,,,,,0.0,,,,,0.0,0.0,73,,,1016.5,,,,,,,,,1011.3,,,20.5,,,,25.6,,,,,,,,,,,,,,20,30,5.8,7.3,,20,,,5.8,
2006-10-18 23:00:00,,,,,0.0,,,,,0.0,0.0,75,,,1016.4,,,,,,,,,1011.2,,,21.0,,,,25.7,,,,,,,,,,,,,,20,30,4.6,7.2,,20,,,5.8,
2006-10-19 00:00:00,,,,,0.0,,,,,0.0,0.0,75,,,1016.2,,,,,,,,,1011.0,,,20.8,,,,25.6,,,,,,,,,,,,,,20,20,5.2,7.0,,20,,,5.2,
2006-10-19 01:00:00,,,,,0.0,,,,,0.0,0.0,73,,,1015.6,,,,,,,,,1010.4,,,20.3,,,,25.4,,,,,,,,,,,,,,20,20,6.1,7.8,,20,,,6.3,
2006-10-19 02:00:00,,,,,0.0,,,,,0.0,0.0,76,,,1015.5,,,,,,,,,1010.3,,,20.5,,,,25.1,,,,,,,,,,,,,,20,30,5.4,8.2,,20,,,6.3,
2006-10-19 03:00:00,,,,,0.0,,,,,0.0,0.0,72,,,1015.2,,,,,,,,,1010.0,,,19.6,,,,25.1,,,,,,,,,,,,,,10,10,6.7,8.4,,10,,,6.8,
2006-10-19 04:00:00,,,,,0.0,,,,,0.0,0.0,71,,,1015.3,,,,,,,,,1010.1,,,19.5,,,,25.1,,,,,,,,,,,,,,10,10,6.8,8.9,,10,,,7.1,
2006-10-19 05:00:00,,,,,0.0,,,,,0.0,0.0,70,,,1015.7,,,,,,,,,1010.5,,,19.0,,,,24.9,,,,,,,,,,,,,,10,10,5.7,8.6,,10,,,6.7,
2006-10-19 06:00:00,,,,,0.0,,,,,0.0,0.0,69,,,1016.1,,,,,,,,,1010.9,0.0,,18.9,,,,25.0,,,,,,,,,,,,,,10,10,5.7,8.0,,10,,,6.3,
2006-10-19 07:00:00,,,,,0.0,,,,,0.0,0.0,69,,,1016.6,,,,,,,,,1011.4,0.4,,19.5,,,,25.5,,,,,,,,,,,,,,10,360,5.0,7.6,,10,,,5.7,
2006-10-19 08:00:00,,0.0,,,0.58,,,,,0.0,0.0,69,,,1017.0,,,,,,,,,1011.8,1.0,,20.4,,,,26.5,,,,,,,,,,25.0,,,,360,360,4.3,6.5,,10,,,5.0,
2006-10-19 09:00:00,,1.0,,,1.18,,,,,0.0,0.0,70,,,1017.3,,,,,,,,,1012.1,1.0,,21.0,,,,27.0,,,,,,,,,,25.0,,,,350,350,4.0,6.4,,360,,,4.9,
2006-10-19 10:00:00,,,,,1.65,,,,,0.0,0.0,65,,,1017.2,,,,,,,,,1012.0,1.0,,20.5,,,,27.6,,,,,,,,,,,,,,360,360,3.8,6.2,,360,,,4.4,
2006-10-19 11:00:00,,1.0,,,1.8,,,,,0.0,0.0,63,,,1016.6,,,,,,,,,1011.4,1.0,,20.5,,,,28.1,,,,,,,,,,25.0,,,,350,360,4.2,6.3,,350,,,4.4,
2006-10-19 12:00:00,,,,,2.23,,,,,0.0,0.0,59,,,1015.7,,,,,,,,,1010.5,1.0,,20.5,,,,29.3,,,,,,,,,,,,,,330,320,5.9,7.6,,330,,,6.1,
2006-10-19 13:00:00,,,,,1.99,,,,,0.0,0.0,62,,,1014.9,,,,,,,,,1009.7,1.0,,20.1,,,,28.1,,,,,,,,,,,,,,360,330,4.0,6.9,,330,,,5.8,
2006-10-19 14:00:00,,0.0,,,1.8,,,,,0.0,0.0,67,,,1014.4,,,,,,,,,1009.2,1.0,,20.6,,,,27.3,,,,,,,,,,10.0,,,,360,10,4.2,6.0,,360,,,4.3,
2006-10-19 15:00:00,,,,,1.42,,,,,0.0,0.0,65,,,1014.1,,,,,,,,,1008.9,1.0,,19.9,,,,27.0,,,,,,,,,,,,,,360,360,5.5,7.5,,360,,,5.5,
2006-10-19 16:00:00,,,,,0.85,,,,,0.0,0.0,68,,,1014.1,,,,,,,,,1008.9,1.0,,20.0,,,,26.5,,,,,,,,,,,,,,10,360,4.5,7.0,,360,,,5.5,
2006-10-19 17:00:00,,0.0,,,0.3,,,,,0.0,0.0,70,,,1014.3,,,,,,,,,1009.1,0.9,,19.9,,,,25.9,,,,,,,,,,12.0,,,,10,360,3.9,6.3,,10,,,4.6,
2006-10-19 18:00:00,,,,,0.0,,,,,0.0,0.0,69,,,1014.5,,,,,,,,,1009.3,0.0,,19.4,,,,25.4,,,,,,,,,,,,,,20,10,3.3,5.6,,10,,,4.3,
2006-10-19 19:00:00,,,,,0.0,,,,,0.0,0.0,72,,,1015.1,,,,,,,,,1009.9,0.0,,19.7,,,,25.1,,,,,,,,,,,,,,20,10,3.2,4.6,,10,,,3.7,
2006-10-19 20:00:00,,,,,0.0,,,,,0.0,0.0,68,,,1015.9,,,,,,,,,1010.7,,,18.8,,,,25.2,,,,,,,,,,,,,,60,30,4.5,5.8,,50,,,4.7,
2006-10-19 21:00:00,,,,,0.0,,,,,0.0,0.0,72,,,1016.3,,,,,,,,,1011.1,,,20.0,,,,25.4,,,,,,,,,,,,,,60,60,3.0,5.2,,60,,,4.4,
2006-10-19 22:00:00,,,,,0.0,,,,,0.0,0.0,73,,,1016.5,,,,,,,,,1011.3,,,20.6,,,,25.8,,,,,,,,,,,,,,60,70,4.6,7.3,,60,,,5.9,
2006-10-19 23:00:00,,,,,0.0,,,,,0.0,0.0,74,,,1016.3,,,,,,,,,1011.1,,,20.4,,,,25.3,,,,,,,,,,,,,,60,70,4.0,5.8,,60,,,4.6,
2006-10-20 00:00:00,,,,,0.0,,,,,0.0,0.0,75,,,1016.4,,,,,,,,,1011.2,,,20.4,,,,25.2,,,,,,,,,,,,,,70,60,3.8,5.8,,60,,,4.8,
2006-10-20 01:00:00,,,,,0.0,,,,,0.0,0.0,72,,,1016.1,,,,,,,,,1010.9,,,19.6,,,,25.0,,,,,,,,,,,,,,70,60,4.1,5.3,,70,,,4.2,
2006-10-20 02:00:00,,,,,0.0,,,,,0.0,0.0,72,,,1015.5,,,,,,,,,1010.3,,,19.5,,,,25.0,,,,,,,,,,,,,,60,80,3.7,5.0,,70,,,4.1,
2006-10-20 03:00:00,,,,,0.0,,,,,0.0,0.0,76,,,1015.3,,,,,,,,,1010.1,,,20.1,,,,24.6,,,,,,,,,,,,,,60,60,2.5,4.0,,60,,,3.7,
2006-10-20 04:00:00,,,,,0.0,,,,,0.0,0.0,81,,,1015.2,,,,,,,,,1010.0,,,21.8,,,,25.4,,,,,,,,,,,,,,20,60,2.2,2.7,,60,,,2.5,
2006-10-20 05:00:00,,,,,0.0,,,,,0.0,0.0,83,,,1015.6,,,,,,,,,1010.4,,,22.3,,,,25.3,,,,,,,,,,,,,,350,350,3.3,5.0,,350,,,3.3,
2006-10-20 06:00:00,,,,,0.0,,,,,0.0,0.0,82,,,1016.3,,,,,,,,,1011.1,0.0,,22.0,,,,25.3,,,,,,,,,,,,,,360,350,4.9,7.2,,360,,,5.0,
2006-10-20 07:00:00,,,,,0.0,,,,,0.0,0.0,79,,,1016.9,,,,,,,,,1011.7,0.2,,21.6,,,,25.5,,,,,,,,,,,,,,360,360,6.1,8.9,,360,,,6.4,
2006-10-20 08:00:00,,1.0,,,0.55,,,,,0.0,0.0,76,,,1017.4,,,,,,,,,1012.2,1.0,,21.8,,,,26.4,,,,,,,,,,25.0,,,,360,360,6.9,9.2,,360,,,7.2,
2006-10-20 09:00:00,,1.0,,,1.12,,,,,0.0,0.0,73,,,1017.7,,,,,,,,,1012.5,1.0,,21.9,,,,27.1,,,,,,,,,,25.0,,,,360,360,7.2,10.4,,360,,,8.0,
2006-10-20 10:00:00,,,,,1.39,,,,,0.0,0.0,73,,,1017.8,,,,,,,,,1012.6,0.8,,21.7,,,,27.0,,,,,,,,,,,,,,360,360,6.8,9.9,,360,,,7.4,
2006-10-20 11:00:00,,1.0,,,1.73,,,,,0.0,0.0,71,,,1017.4,,,,,,,,,1012.2,1.0,,22.0,,,,27.8,,,,,,,,,,25.0,,,,360,350,7.0,9.9,,10,,,7.0,
2006-10-20 12:00:00,,,,,2.14,,,,,0.0,0.0,68,,,1016.4,,,,,,,,,1011.2,1.0,,21.6,,,,28.0,,,,,,,,,,,,,,360,360,7.9,11.2,,360,,,8.2,
2006-10-20 13:00:00,,,,,1.98,,,,,0.0,0.0,69,,,1015.6,,,,,,,,,1010.4,1.0,,21.3,,,,27.5,,,,,,,,,,,,,,360,360,8.5,11.8,,360,,,8.6,
2006-10-20 14:00:00,,2.0,,,1.8,,,,,0.0,0.0,71,,,1015.2,,,,,,,,,1010.0,1.0,,21.3,,,,27.1,,,,,,,,,,25.0,,,,10,10,8.7,11.8,,10,,,9.3,
2006-10-20 15:00:00,,,,,1.39,,,,,0.0,0.0,72,,,1015.0,,,,,,,,,1009.8,1.0,,21.2,,,,26.6,,,,,,,,,,,,,,10,10,8.9,11.9,,10,,,9.0,
2006-10-20 16:00:00,,,,,0.96,,,,,0.0,0.0,71,,,1014.9,,,,,,,,,1009.7,1.0,,20.6,,,,26.2,,,,,,,,,,,,,,10,10,10.2,13.4,,10,,,10.2,
2006-10-20 17:00:00,,4.0,,,0.37,,,,,0.0,0.0,73,,,1015.2,,,,,,,,,1010.0,1.0,,20.4,,,,25.6,,,,,,,,,,25.0,,,,10,360,10.4,14.1,,10,,,10.8,
2006-10-20 18:00:00,,,,,0.0,,,,,0.0,0.0,73,,,1015.2,,,,,,,,,1010.0,0.1,,20.4,,,,25.6,,,,,,,,,,,,,,20,10,7.7,13.2,,10,,,10.3,
2006-10-20 19:00:00,,,,,0.0,,,,,0.0,0.0,73,,,1015.5,,,,,,,,,1010.3,0.0,,20.6,,,,25.7,,,,,,,,,,,,,,20,20,8.2,12.7,,20,,,9.1,
2006-10-20 20:00:00,,,,,0.0,,,,,0.0,0.0,76,,,1016.1,,,,,,,,,1010.9,,,21.2,,,,25.7,,,,,,,,,,,,,,20,20,7.7,11.9,,20,,,8.8,
2006-10-20 21:00:00,,,,,0.0,,,,,0.0,0.0,78,,,1016.1,,,,,,,,,1010.9,,,21.5,,,,25.7,,,,,,,,,,,,,,20,10,8.1,11.2,,20,,,8.8,
2006-10-20 22:00:00,,,,,0.0,,,,,0.0,0.0,80,,,1016.1,,,,,,,,,1010.9,,,21.9,,,,25.7,,,,,,,,,,,,,,40,30,6.0,10.3,,20,,,8.1,
2006-10-20 23:00:00,,,,,0.0,,,,,0.0,0.0,81,,,1016.0,,,,,,,,,1010.8,,,22.1,,,,25.6,,,,,,,,,,,,,,40,40,4.5,8.7,,40,,,6.1,
2006-10-21 00:00:00,,,,,0.0,,,,,0.0,0.0,80,,,1015.8,,,,,,,,,1010.6,,,21.9,,,,25.6,,,,,,,,,,,,,,40,50,4.4,6.4,,40,,,4.8,
2006-10-21 01:00:00,,,,,0.0,,,,,0.0,0.0,79,,,1015.6,,,,,,,,,1010.4,,,21.9,,,,25.8,,,,,,,,,,,,,,20,30,5.5,6.9,,30,,,5.7,
2006-10-21 02:00:00,,,,,0.0,,,,,0.0,0.0,78,,,1014.9,,,,,,,,,1009.7,,,21.4,,,,25.5,,,,,,,,,,,,,,10,20,6.0,8.0,,10,,,6.0,
2006-10-21 03:00:00,,,,,0.0,,,,,0.0,0.0,78,,,1014.7,,,,,,,,,1009.5,,,21.2,,,,25.3,,,,,,,,,,,,,,10,10,7.2,10.1,,10,,,8.4,
2006-10-21 04:00:00,,,,,0.0,,,,,0.0,0.0,77,,,1014.8,,,,,,,,,1009.6,,,21.1,,,,25.5,,,,,,,,,,,,,,10,20,6.8,10.0,,10,,,8.0,
2006-10-21 05:00:00,,,,,0.0,,,,,0.0,0.0,77,,,1015.1,,,,,,,,,1009.9,,,21.0,,,,25.3,,,,,,,,,,,,,,360,360,7.8,11.1,,360,,,8.1,
2006-10-21 06:00:00,,,,,0.0,,,,,0.0,0.0,76,,,1015.6,,,,,,,,,1010.4,0.0,,20.9,,,,25.5,,,,,,,,,,,,,,360,360,6.9,9.5,,360,,,7.7,
2006-10-21 07:00:00,,,,,0.0,,,,,0.0,0.0,75,,,1015.9,,,,,,,,,1010.7,0.0,,21.0,,,,25.7,,,,,,,,,,,,,,350,360,6.6,9.4,,360,,,7.2,
2006-10-21 08:00:00,,9.0,,,0.35,,,,,0.0,0.0,74,,,1016.4,,,,,,,,,1011.2,0.5,,21.1,,,,26.1,,,,,,,,,,15.0,,,,350,350,6.8,10.2,,350,,,6.8,
2006-10-21 09:00:00,,10.0,,,0.57,,,,,0.0,0.0,71,,,1016.6,,,,,,,,,1011.4,0.2,,20.8,,,,26.5,,,,,,,,,,15.0,,,,360,360,5.2,9.3,,350,,,7.0,
2006-10-21 10:00:00,,,,,1.51,,,,,0.0,0.0,73,,,1016.5,,,,,,,,,1011.3,0.9,,22.1,,,,27.4,,,,,,,,,,,,,,350,360,3.1,9.0,,330,,,5.8,
2006-10-21 11:00:00,,4.0,,,1.8,,,,,0.0,0.0,70,,,1015.8,,,,,,,,,1010.6,1.0,,22.0,,,,27.9,,,,,,,,,,15.0,,,,350,350,3.5,4.8,,350,,,3.5,
2006-10-21 12:00:00,,,,,1.8,,,,,0.0,0.0,67,,,1015.0,,,,,,,,,1009.8,1.0,,22.4,,,,29.1,,,,,,,,,,,,,,350,340,2.7,5.7,,350,,,4.1,
2006-10-21 13:00:00,,,,,1.63,,,,,0.0,0.0,72,,,1014.4,,,,,,,,,1009.2,0.9,,22.5,,,,28.1,,,,,,,,,,,,,,320,350,1.3,4.3,,340,,,2.8,
2006-10-21 14:00:00,,3.0,,,1.71,,,,,0.0,0.0,72,,,1013.8,,,,,,,,,1008.6,1.0,,22.3,,,,27.9,,,,,,,,,,15.0,,,,40,50,3.0,4.7,,20,,,3.6,
2006-10-21 15:00:00,,,,,1.2,,,,,0.0,0.0,70,,,1013.4,,,,,,,,,1008.2,1.0,,21.7,,,,27.6,,,,,,,,,,,,,,40,60,3.4,5.0,,50,,,3.5,
2006-10-21 16:00:00,,,,,0.79,,,,,0.0,0.0,71,,,1013.6,,,,,,,,,1008.4,1.0,,21.5,,,,27.1,,,,,,,,,,,,,,60,50,2.9,4.7,,40,,,3.5,
2006-10-21 17:00:00,,2.0,,,0.23,,,,,0.0,0.0,73,,,1014.0,,,,,,,,,1008.8,0.6,,20.8,,,,26.0,,,,,,,,,,10.0,,,,0,70,0.1,4.7,,70,,,3.1,
2006-10-21 18:00:00,,,,,0.0,,,,,0.0,0.0,75,,,1014.3,,,,,,,,,1009.1,0.0,,21.1,,,,25.9,,,,,,,,,,,,,,40,30,0.5,2.8,,40,,,0.5,
2006-10-21 19:00:00,,,,,0.0,,,,,0.0,0.0,80,,,1014.8,,,,,,,,,1009.6,0.0,,22.5,,,,26.2,,,,,,,,,,,,,,20,30,8.0,10.6,,20,,,8.1,
2006-10-21 20:00:00,,,,,0.0,,,,,0.0,0.0,81,,,1015.4,,,,,,,,,1010.2,,,22.5,,,,26.1,,,,,,,,,,,,,,20,20,7.5,11.5,,20,,,9.1,
2006-10-21 21:00:00,,,,,0.0,,,,,0.0,0.0,82,,,1015.6,,,,,,,,,1010.4,,,23.0,,,,26.3,,,,,,,,,,,,,,40,30,5.7,10.1,,20,,,8.0,
2006-10-21 22:00:00,,,,,0.0,,,,,0.0,0.0,81,,,1015.6,,,,,,,,,1010.4,,,22.7,,,,26.3,,,,,,,,,,,,,,60,50,4.9,10.5,,50,,,6.5,
2006-10-21 23:00:00,,,,,0.0,,,,,0.0,0.0,80,,,1015.6,,,,,,,,,1010.4,,,22.5,,,,26.2,,,,,,,,,,,,,,50,50,6.9,10.4,,50,,,7.2,
2006-10-22 00:00:00,,,,,0.0,,,,,0.0,0.0,81,,,1015.4,,,,,,,,,1010.2,,,21.9,,,,25.4,,,,,,,,,,,,,,70,60,4.5,10.1,,60,,,7.1,
2006-10-22 01:00:00,,,,,0.0,,,,,0.0,0.0,82,,,1014.9,,,,,,,,,1009.7,,,22.2,,,,25.5,,,,,,,,,,,,,,80,80,4.3,6.1,,70,,,4.7,
2006-10-22 02:00:00,,,,,0.0,,,,,0.0,0.0,84,,,1014.6,,,,,,,,,1009.4,,,22.3,,,,25.2,,,,,,,,,,,,,,70,60,3.7,7.3,,70,,,5.4,
2006-10-22 03:00:00,,,,,0.0,,,,,0.0,0.0,84,,,1014.5,,,,,,,,,1009.3,,,22.2,,,,25.1,,,,,,,,,,,,,,60,80,3.4,4.3,,70,,,3.7,
2006-10-22 04:00:00,,,,,0.0,,,,,0.0,0.0,83,,,1014.2,,,,,,,,,1009.0,,,22.0,,,,25.0,,,,,,,,,,,,,,50,60,3.3,4.3,,60,,,3.8,
2006-10-22 05:00:00,,,,,0.0,,,,,0.0,0.0,84,,,1014.5,,,,,,,,,1009.3,,,22.0,,,,24.8,,,,,,,,,,,,,,70,60,3.1,4.3,,50,,,3.8,
2006-10-22 06:00:00,,,,,0.0,,,,,0.0,0.0,81,,,1015.0,,,,,,,,,1009.8,0.0,,21.7,,,,25.1,,,,,,,,,,,,,,70,70,2.2,3.3,,70,,,3.1,
2006-10-22 07:00:00,,,,,0.0,,,,,0.0,0.0,80,,,1015.5,,,,,,,,,1010.3,0.0,,22.1,,,,25.8,,,,,,,,,,,,,,0,60,0.0,2.2,,70,,,2.0,
2006-10-22 08:00:00,,10.0,,,0.05,,,,,0.0,0.0,83,,,1016.0,,,,,,,,,1010.8,0.0,,22.8,,,,26.0,,,,,,,,,,20.0,,,,30,20,2.7,3.5,,30,,,2.7,
2006-10-22 09:00:00,,2.0,,,0.83,,,,,0.0,0.0,79,,,1016.6,,,,,,,,,1011.4,0.6,,23.5,,,,27.4,,,,,,,,,,20.0,,,,360,350,3.0,4.6,,20,,,3.0,
2006-10-22 10:00:00,,,,,0.65,,,,,0.0,0.0,78,,,1016.5,,,,,,,,,1011.3,0.0,,22.1,,,,26.3,,,,,,,,,,,,,,10,20,3.0,7.2,,10,,,5.2,
2006-10-22 11:00:00,,10.0,,,0.6,,,,,0.0,0.0,78,,,1016.1,,,,,,,,,1010.9,0.0,,22.5,,,,26.7,,,,,,,,,,20.0,,,,10,10,3.1,5.7,,20,,,4.3,
2006-10-22 12:00:00,,,,,1.43,,,,,0.0,0.0,76,,,1015.3,,,,,,,,,1010.1,0.6,,22.9,,,,27.6,,,,,,,,,,,,,,10,360,3.8,6.2,,360,,,4.3,
2006-10-22 13:00:00,,,,,1.57,,,,,0.0,0.0,75,,,1014.6,,,,,,,,,1009.4,0.7,,22.8,,,,27.6,,,,,,,,,,,,,,10,360,4.7,6.6,,10,,,4.8,
2006-10-22 14:00:00,,1.0,,,1.65,,,,,0.0,0.0,76,,,1014.1,,,,,,,,,1008.9,0.8,,22.4,,,,27.0,,,,,,,,,,20.0,,,,10,10,5.3,6.8,,10,,,5.3,
2006-10-22 15:00:00,,,,,1.24,,,,,0.0,0.0,76,,,1013.5,,,,,,,,,1008.3,1.0,,22.2,,,,26.8,,,,,,,,,,,,,,10,10,4.8,7.0,,10,,,5.5,
2006-10-22 16:00:00,,,,,0.83,,,,,0.0,0.0,76,,,1013.6,,,,,,,,,1008.4,1.0,,22.0,,,,26.5,,,,,,,,,,,,,,10,20,4.3,6.1,,10,,,4.8,
2006-10-22 17:00:00,,2.0,,,0.29,,,,,0.0,0.0,79,,,1013.6,,,,,,,,,1008.4,0.8,,21.9,,,,25.8,,,,,,,,,,20.0,,,,10,360,5.2,6.7,,10,,,5.4,
2006-10-22 18:00:00,,,,,0.0,,,,,0.0,0.0,81,,,1013.7,,,,,,,,,1008.5,0.0,,21.8,,,,25.4,,,,,,,,,,,,,,360,10,4.4,6.6,,10,,,5.2,
2006-10-22 19:00:00,,,,,0.0,,,,,0.0,0.0,80,,,1014.3,,,,,,,,,1009.1,0.0,,21.7,,,,25.3,,,,,,,,,,,,,,10,360,5.3,7.1,,360,,,5.5,
2006-10-22 20:00:00,,,,,0.0,,,,,0.0,0.0,82,,,1014.9,,,,,,,,,1009.7,,,21.8,,,,25.1,,,,,,,,,,,,,,10,360,4.6,6.6,,10,,,5.3,
2006-10-22 21:00:00,,,,,0.0,,,,,0.0,0.0,82,,,1015.2,,,,,,,,,1010.0,,,21.8,,,,25.1,,,,,,,,,,,,,,360,10,3.9,5.9,,10,,,4.9,
2006-10-22 22:00:00,,,,,0.0,,,,,0.0,0.0,83,,,1015.2,,,,,,,,,1010.0,,,22.0,,,,25.1,,,,,,,,,,,,,,360,10,3.8,5.8,,360,,,4.3,
2006-10-22 23:00:00,,,,,0.0,,,,,0.0,0.0,83,,,1014.9,,,,,,,,,1009.7,,,22.0,,,,25.0,,,,,,,,,,,,,,20,360,2.2,5.2,,360,,,4.2,
2006-10-23 00:00:00,,,,,0.0,,,,,0.0,0.0,81,,,1014.6,,,,,,,,,1009.4,,,21.9,,,,25.3,,,,,,,,,,,,,,10,10,2.3,3.5,,10,,,2.9,
2006-10-23 01:00:00,,,,,0.0,,,,,0.0,0.0,84,,,1014.1,,,,,,,,,1008.9,,,22.2,,,,25.0,,,,,,,,,,,,,,350,350,4.2,5.8,,350,,,4.2,
2006-10-23 02:00:00,,,,,0.0,,,,,0.0,0.0,84,,,1013.9,,,,,,,,,1008.7,,,22.0,,,,24.9,,,,,,,,,,,,,,350,340,4.2,6.0,,350,,,4.5,
2006-10-23 03:00:00,,,,,0.0,,,,,0.0,0.0,84,,,1013.8,,,,,,,,,1008.6,,,21.9,,,,24.8,,,,,,,,,,,,,,360,360,4.2,6.5,,360,,,5.0,
2006-10-23 04:00:00,,,,,0.0,,,,,0.0,0.0,84,,,1014.0,,,,,,,,,1008.8,,,21.8,,,,24.7,,,,,,,,,,,,,,360,350,4.2,6.2,,350,,,4.5,
2006-10-23 05:00:00,,,,,0.0,,,,,0.0,0.0,84,,,1014.3,,,,,,,,,1009.1,,,21.8,,,,24.6,,,,,,,,,,,,,,360,360,3.0,6.2,,350,,,4.6,
2006-10-23 06:00:00,,,,,0.0,,,,,0.0,0.0,84,,,1015.1,,,,,,,,,1009.9,0.0,,21.8,,,,24.6,,,,,,,,,,,,,,350,340,3.7,5.6,,350,,,4.2,
2006-10-23 07:00:00,,,,,0.0,,,,,0.0,0.0,85,,,1015.6,,,,,,,,,1010.4,0.3,,22.3,,,,25.0,,,,,,,,,,,,,,350,350,3.0,5.0,,350,,,3.8,
2006-10-23 08:00:00,,1.0,,,0.54,,,,,0.0,0.0,85,,,1016.4,,,,,,,,,1011.2,1.0,,23.0,,,,25.8,,,,,,,,,,25.0,,,,350,360,3.5,5.3,,350,,,3.6,
2006-10-23 09:00:00,,1.0,,,1.05,,,,,0.0,0.0,81,,,1016.7,,,,,,,,,1011.5,1.0,,23.4,,,,26.9,,,,,,,,,,25.0,,,,360,350,2.8,4.7,,350,,,3.7,
2006-10-23 10:00:00,,,,,1.51,,,,,0.0,0.0,73,,,1016.7,,,,,,,,,1011.5,1.0,,23.4,,,,28.7,,,,,,,,,,,,,,20,20,4.1,5.7,,40,,,4.2,
2006-10-23 11:00:00,,0.0,,,1.8,,,,,0.0,0.0,77,,,1016.2,,,,,,,,,1011.0,1.0,,23.5,,,,27.8,,,,,,,,,,25.0,,,,360,360,4.2,6.0,,20,,,4.5,
2006-10-23 12:00:00,,,,,1.8,,,,,0.0,0.0,75,,,1015.8,,,,,,,,,1010.6,1.0,,23.0,,,,27.8,,,,,,,,,,,,,,10,360,5.6,7.5,,10,,,5.6,
2006-10-23 13:00:00,,,,,1.8,,,,,0.0,0.0,74,,,1015.2,,,,,,,,,1010.0,1.0,,22.7,,,,27.8,,,,,,,,,,,,,,10,360,8.0,11.1,,10,,,8.2,
2006-10-23 14:00:00,,1.0,,,1.8,,,,,0.0,0.0,75,,,1014.7,,,,,,,,,1009.5,1.0,,22.2,,,,27.1,,,,,,,,,,25.0,,,,10,10,10.3,12.9,,10,,,10.3,
2006-10-23 15:00:00,,,,,1.37,,,,,0.0,0.0,75,,,1014.5,,,,,,,,,1009.3,1.0,,21.8,,,,26.7,,,,,,,,,,,,,,10,10,9.9,14.4,,10,,,10.8,
2006-10-23 16:00:00,,,,,0.9,,,,,0.0,0.0,75,,,1014.4,,,,,,,,,1009.2,1.0,,21.7,,,,26.5,,,,,,,,,,,,,,10,10,9.8,13.9,,10,,,10.8,
2006-10-23 17:00:00,,7.0,,,0.27,,,,,0.0,0.0,77,,,1014.7,,,,,,,,,1009.5,0.7,,21.6,,,,26.0,,,,,,,,,,10.0,,,,10,10,10.6,14.8,,10,,,11.4,
2006-10-23 18:00:00,,,,,0.0,,,,,0.0,0.0,79,,,1014.7,,,,,,,,,1009.5,0.0,,21.9,,,,25.9,,,,,,,,,,,,,,10,10,10.2,14.4,,10,,,10.4,
2006-10-23 19:00:00,,,,,0.0,,,,,0.0,0.0,78,,,1015.2,,,,,,,,,1010.0,0.0,,21.9,,,,26.0,,,,,,,,,,,,,,20,30,10.4,15.4,,20,,,10.5,
2006-10-23 20:00:00,,,,,0.0,,,,,0.0,0.0,78,,,1015.9,,,,,,,,,1010.7,,,21.9,,,,26.0,,,,,,,,,,,,,,20,30,11.1,15.6,,20,,,12.4,
2006-10-23 21:00:00,,,,,0.0,,,,,0.0,0.0,77,,,1016.2,,,,,,,,,1011.0,,,21.8,,,,26.1,,,,,,,,,,,,,,30,30,10.9,15.0,,20,,,11.7,
2006-10-23 22:00:00,,,,,0.0,,,,,0.0,0.0,78,,,1016.4,,,,,,,,,1011.2,,,22.0,,,,26.2,,,,,,,,,,,,,,30,30,9.9,15.0,,20,,,11.8,
2006-10-23 23:00:00,,,,,0.0,,,,,0.0,0.0,78,,,1016.5,,,,,,,,,1011.3,,,21.8,,,,25.9,,,,,,,,,,,,,,30,30,9.9,13.8,,30,,,10.4,
2006-10-24 00:00:00,,,,,0.0,,,,,0.0,0.0,78,,,1016.3,,,,,,,,,1011.1,,,21.7,,,,25.8,,,,,,,,,,,,,,20,20,10.7,14.3,,20,,,11.2,
2006-10-24 01:00:00,,,,,0.0,,,,,0.0,0.0,77,,,1016.0,,,,,,,,,1010.8,,,21.4,,,,25.8,,,,,,,,,,,,,,20,20,10.2,13.7,,20,,,10.9,
2006-10-24 02:00:00,,,,,0.0,,,,,0.0,0.0,77,,,1015.8,,,,,,,,,1010.6,,,21.1,,,,25.4,,,,,,,,,,,,,,20,30,10.2,14.9,,20,,,10.9,
2006-10-24 03:00:00,,,,,0.0,,,,,0.0,0.0,77,,,1015.4,,,,,,,,,1010.2,,,20.8,,,,25.2,,,,,,,,,,,,,,20,20,10.1,14.7,,20,,,11.7,
2006-10-24 04:00:00,,,,,0.0,,,,,0.0,0.0,77,,,1015.2,,,,,,,,,1010.0,,,20.9,,,,25.2,,,,,,,,,,,,,,10,20,10.0,15.2,,20,,,10.6,
2006-10-24 05:00:00,,,,,0.0,,,,,0.0,0.0,77,,,1015.5,,,,,,,,,1010.3,,,20.8,,,,25.1,,,,,,,,,,,,,,20,20,9.4,14.1,,10,,,9.9,
2006-10-24 06:00:00,,,,,0.0,,,,,0.0,0.0,77,,,1016.1,,,,,,,,,1010.9,0.0,,20.7,,,,25.1,,,,,,,,,,,,,,20,30,10.4,13.4,,20,,,10.4,
2006-10-24 07:00:00,,,,,0.0,,,,,0.0,0.0,75,,,1016.4,,,,,,,,,1011.2,0.0,,20.9,,,,25.6,,,,,,,,,,,,,,20,20,8.4,13.2,,20,,,10.4,
2006-10-24 08:00:00,,10.0,,,0.21,,,,,0.0,0.0,75,,,1016.9,,,,,,,,,1011.7,0.0,,21.4,,,,26.1,,,,,,,,,,10.0,,,,30,20,7.9,12.1,,20,,,8.8,
2006-10-24 09:00:00,,7.0,,,0.63,,,,,0.0,0.0,75,,,1017.4,,,,,,,,,1012.2,0.1,,22.1,,,,26.8,,,,,,,,,,10.0,,,,40,40,7.1,10.5,,30,,,7.9,
2006-10-24 10:00:00,,,,,1.14,,,,,0.0,0.0,71,,,1017.2,,,,,,,,,1012.0,0.5,,21.5,,,,27.1,,,,,,,,,,,,,,20,30,11.4,14.4,,20,,,11.4,
2006-10-24 11:00:00,,8.0,,,1.76,,,,,0.0,0.0,67,,,1017.1,,,,,,,,,1011.9,1.0,,21.2,,,,28.0,,,,,,,,,,10.0,,,,20,20,10.3,14.0,,20,,,11.8,
2006-10-24 12:00:00,,,,,1.75,,,,,0.0,0.0,65,,,1016.6,,,,,,,,,1011.4,0.8,,20.7,,,,27.8,,,,,,,,,,,,,,20,20,11.0,14.6,,20,,,11.4,
2006-10-24 13:00:00,,,,,1.95,,,,,0.0,0.0,66,,,1016.0,,,,,,,,,1010.8,1.0,,20.4,,,,27.3,,,,,,,,,,,,,,20,10,13.0,17.3,,20,,,13.0,
2006-10-24 14:00:00,,6.0,,,1.81,,,,,0.0,0.0,69,,,1015.4,,,,,,,,,1010.2,1.0,,20.5,,,,26.7,,,,,,,,,,10.0,,,,20,20,12.8,18.5,,20,,,13.9,
2006-10-24 15:00:00,,,,,1.21,,,,,0.0,0.0,70,,,1015.5,,,,,,,,,1010.3,0.9,,20.0,,,,25.8,,,,,,,,,,,,,,10,20,12.2,19.3,,20,,,12.8,
2006-10-24 16:00:00,,,,,0.48,,,,,0.0,0.0,69,,,1015.7,,,,,,,,,1010.5,0.1,,19.4,,,,25.4,,,,,,,,,,,,,,20,10,13.6,18.8,,20,,,13.7,
2006-10-24 17:00:00,,10.0,,,0.0,,,,,0.0,0.0,69,,,1015.9,,,,,,,,,1010.7,0.0,,19.2,,,,25.3,,,,,,,,,,10.0,,,,20,20,14.8,20.7,,20,,,15.0,
2006-10-24 18:00:00,,,,,0.0,,,,,0.0,0.0,69,,,1016.4,,,,,,,,,1011.2,0.0,,19.1,,,,25.1,,,,,,,,,,,,,,20,20,14.3,19.8,,20,,,15.4,
2006-10-24 19:00:00,,,,,0.0,,,,,0.0,0.0,69,,,1016.8,,,,,,,,,1011.6,0.0,,18.9,,,,25.0,,,,,,,,,,,,,,20,10,15.1,21.0,,20,,,15.1,
2006-10-24 20:00:00,,,,,0.0,,,,,0.0,0.0,71,,,1017.3,,,,,,,,,1012.1,,,19.3,,,,25.0,,,,,,,,,,,,,,20,20,13.4,19.9,,20,,,15.6,
2006-10-24 21:00:00,,,,,0.0,,,,,0.0,0.0,68,,,1017.5,,,,,,,,,1012.3,,,18.6,,,,25.0,,,,,,,,,,,,,,20,20,14.1,19.6,,20,,,14.6,
2006-10-24 22:00:00,,,,,0.0,,,,,0.0,0.0,69,,,1017.5,,,,,,,,,1012.3,,,19.0,,,,25.0,,,,,,,,,,,,,,20,30,13.4,19.5,,20,,,15.2,
2006-10-24 23:00:00,,,,,0.0,,,,,0.0,0.0,69,,,1017.6,,,,,,,,,1012.4,,,18.9,,,,24.9,,,,,,,,,,,,,,20,30,13.9,19.4,,20,,,14.1,
2006-10-25 00:00:00,,,,,0.0,,,,,0.0,0.0,71,,,1017.3,,,,,,,,,1012.1,,,19.1,,,,24.8,,,,,,,,,,,,,,20,20,12.6,19.1,,20,,,14.5,
2006-10-25 01:00:00,,,,,0.0,,,,,0.0,0.0,69,,,1017.1,,,,,,,,,1011.9,,,18.9,,,,24.9,,,,,,,,,,,,,,20,30,12.0,17.6,,20,,,13.5,
2006-10-25 02:00:00,,,,,0.0,,,,,0.0,0.0,68,,,1016.6,,,,,,,,,1011.4,,,18.6,,,,24.9,,,,,,,,,,,,,,20,30,13.1,18.4,,20,,,13.2,
2006-10-25 03:00:00,,,,,0.0,,,,,0.0,0.0,70,,,1016.3,,,,,,,,,1011.1,,,18.8,,,,24.7,,,,,,,,,,,,,,20,20,12.7,18.4,,20,,,13.5,
2006-10-25 04:00:00,,,,,0.0,,,,,0.0,0.0,71,,,1015.8,,,,,,,,,1010.6,,,19.1,,,,24.8,,,,,,,,,,,,,,20,30,13.0,18.5,,20,,,13.9,
2006-10-25 05:00:00,,,,,0.0,,,,,0.0,0.0,70,,,1015.9,,,,,,,,,1010.7,,,19.0,,,,24.8,,,,,,,,,,,,,,20,30,14.3,18.8,,20,,,14.3,
2006-10-25 06:00:00,,,,,0.0,,,,,0.0,0.0,71,,,1016.3,,,,,,,,,1011.1,0.0,,19.2,,,,24.7,,,,,,,,,,,,,,20,20,13.0,18.5,,20,,,14.2,
2006-10-25 07:00:00,,,,,0.0,,,,,0.0,0.0,69,,,1016.8,,,,,,,,,1011.6,0.1,,19.1,,,,25.2,,,,,,,,,,,,,,20,20,13.5,18.0,,20,,,14.1,
2006-10-25 08:00:00,,4.0,,,0.5,,,,,0.0,0.0,68,,,1017.1,,,,,,,,,1011.9,0.8,,19.2,,,,25.5,,,,,,,,,,20.0,,,,20,20,13.8,18.0,,20,,,13.8,
2006-10-25 09:00:00,,3.0,,,1.08,,,,,0.0,0.0,67,,,1017.6,,,,,,,,,1012.4,0.8,,20.0,,,,26.7,,,,,,,,,,20.0,,,,30,20,13.1,19.9,,20,,,14.9,
2006-10-25 10:00:00,,,,,1.51,,,,,0.0,0.0,65,,,1017.6,,,,,,,,,1012.4,0.9,,19.8,,,,26.9,,,,,,,,,,,,,,20,30,12.8,18.7,,30,,,14.2,
2006-10-25 11:00:00,,2.0,,,1.72,,,,,0.0,0.0,64,,,1017.2,,,,,,,,,1012.0,0.9,,19.7,,,,27.1,,,,,,,,,,20.0,,,,20,20,12.9,18.1,,20,,,13.8,
2006-10-25 12:00:00,,,,,1.81,,,,,0.0,0.0,63,,,1016.7,,,,,,,,,1011.5,1.0,,19.5,,,,27.1,,,,,,,,,,,,,,20,20,12.9,18.1,,20,,,14.6,
2006-10-25 13:00:00,,,,,1.8,,,,,0.0,0.0,61,,,1016.1,,,,,,,,,1010.9,1.0,,19.0,,,,27.2,,,,,,,,,,,,,,20,20,13.5,17.9,,20,,,13.9,
2006-10-25 14:00:00,,0.0,,,1.8,,,,,0.0,0.0,62,,,1015.7,,,,,,,,,1010.5,1.0,,19.0,,,,26.9,,,,,,,,,,20.0,,,,20,20,12.4,17.8,,20,,,13.8,
2006-10-25 15:00:00,,,,,1.31,,,,,0.0,0.0,63,,,1015.3,,,,,,,,,1010.1,1.0,,18.6,,,,26.3,,,,,,,,,,,,,,20,20,12.2,17.8,,20,,,14.1,
2006-10-25 16:00:00,,,,,0.87,,,,,0.0,0.0,65,,,1015.4,,,,,,,,,1010.2,1.0,,18.6,,,,25.6,,,,,,,,,,,,,,20,20,12.3,17.3,,20,,,12.3,
2006-10-25 17:00:00,,0.0,,,0.29,,,,,0.0,0.0,68,,,1015.4,,,,,,,,,1010.2,0.9,,18.9,,,,25.2,,,,,,,,,,20.0,,,,20,30,11.9,17.1,,20,,,13.1,
2006-10-25 18:00:00,,,,,0.0,,,,,0.0,0.0,68,,,1015.6,,,,,,,,,1010.4,0.0,,19.0,,,,25.3,,,,,,,,,,,,,,20,30,13.2,18.0,,20,,,13.2,
2006-10-25 19:00:00,,,,,0.0,,,,,0.0,0.0,69,,,1016.2,,,,,,,,,1011.0,0.0,,19.2,,,,25.2,,,,,,,,,,,,,,20,20,12.4,17.6,,20,,,13.6,
2006-10-25 20:00:00,,,,,0.0,,,,,0.0,0.0,72,,,1017.0,,,,,,,,,1011.8,,,19.9,,,,25.3,,,,,,,,,,,,,,20,30,12.9,17.6,,20,,,13.2,
2006-10-25 21:00:00,,,,,0.0,,,,,0.0,0.0,72,,,1017.1,,,,,,,,,1011.9,,,19.7,,,,25.2,,,,,,,,,,,,,,20,30,12.8,17.8,,20,,,13.3,
2006-10-25 22:00:00,,,,,0.0,,,,,0.0,0.0,72,,,1017.3,,,,,,,,,1012.1,,,19.9,,,,25.2,,,,,,,,,,,,,,20,30,11.2,17.1,,20,,,12.9,
2006-10-25 23:00:00,,,,,0.0,,,,,0.0,0.0,71,,,1017.1,,,,,,,,,1011.9,,,19.8,,,,25.4,,,,,,,,,,,,,,20,20,10.4,15.3,,20,,,11.6,
2006-10-26 00:00:00,,,,,0.0,,,,,0.0,0.0,72,,,1016.6,,,,,,,,,1011.4,,,20.0,,,,25.4,,,,,,,,,,,,,,20,20,10.9,14.9,,20,,,11.4,
2006-10-26 01:00:00,,,,,0.0,,,,,0.0,0.0,72,,,1015.8,,,,,,,,,1010.6,,,19.9,,,,25.2,,,,,,,,,,,,,,20,20,9.7,14.4,,20,,,10.9,
2006-10-26 02:00:00,,,,,0.0,,,,,0.0,0.0,73,,,1015.8,,,,,,,,,1010.6,,,19.7,,,,24.9,,,,,,,,,,,,,,30,30,7.7,13.1,,20,,,10.4,
2006-10-26 03:00:00,,,,,0.0,,,,,0.0,0.0,74,,,1015.2,,,,,,,,,1010.0,,,19.8,,,,24.8,,,,,,,,,,,,,,20,20,7.3,10.4,,20,,,8.0,
2006-10-26 04:00:00,,,,,0.0,,,,,0.0,0.0,74,,,1015.1,,,,,,,,,1009.9,,,19.7,,,,24.7,,,,,,,,,,,,,,30,20,7.1,11.1,,20,,,8.4,
2006-10-26 05:00:00,,,,,0.0,,,,,0.0,0.0,74,,,1015.2,,,,,,,,,1010.0,,,20.0,,,,24.9,,,,,,,,,,,,,,30,30,8.0,10.4,,30,,,8.1,
2006-10-26 06:00:00,,,,,0.0,,,,,0.0,0.0,73,,,1015.6,,,,,,,,,1010.4,0.0,,19.9,,,,25.0,,,,,,,,,,,,,,30,30,9.1,12.4,,20,,,9.5,
2006-10-26 07:00:00,,,,,0.02,,,,,0.0,0.0,70,,,1016.2,,,,,,,,,1011.0,0.0,,19.7,,,,25.5,,,,,,,,,,,,,,30,30,10.3,13.9,,30,,,10.3,
2006-10-26 08:00:00,,8.0,,,0.6,,,,,0.0,0.0,70,,,1016.7,,,,,,,,,1011.5,0.1,,20.3,,,,26.1,,,,,,,,,,15.0,,,,20,30,11.3,14.2,,20,,,11.4,
2006-10-26 09:00:00,,6.0,,,0.86,,,,,0.0,0.0,68,,,1017.1,,,,,,,,,1011.9,0.4,,20.2,,,,26.6,,,,,,,,,,15.0,,,,20,20,12.0,15.9,,20,,,12.8,
2006-10-26 10:00:00,,,,,1.45,,,,,0.0,0.0,66,,,1017.2,,,,,,,,,1012.0,1.0,,20.2,,,,27.1,,,,,,,,,,,,,,20,30,11.6,17.0,,20,,,12.7,
2006-10-26 11:00:00,,7.0,,,1.78,,,,,0.0,0.0,66,,,1016.7,,,,,,,,,1011.5,1.0,,20.2,,,,27.1,,,,,,,,,,15.0,,,,20,30,12.2,16.8,,20,,,12.4,
2006-10-26 12:00:00,,,,,1.78,,,,,0.0,0.0,64,,,1016.3,,,,,,,,,1011.1,1.0,,20.0,,,,27.5,,,,,,,,,,,,,,20,20,12.1,17.3,,20,,,13.6,
2006-10-26 13:00:00,,,,,1.76,,,,,0.0,0.0,66,,,1015.9,,,,,,,,,1010.7,1.0,,20.0,,,,27.0,,,,,,,,,,,,,,20,20,11.8,17.1,,20,,,13.1,
2006-10-26 14:00:00,,3.0,,,1.8,,,,,0.0,0.0,66,,,1015.1,,,,,,,,,1009.9,1.0,,19.9,,,,26.9,,,,,,,,,,15.0,,,,20,10,12.1,16.8,,20,,,12.7,
2006-10-26 15:00:00,,,,,1.27,,,,,0.0,0.0,68,,,1015.2,,,,,,,,,1010.0,1.0,,20.0,,,,26.5,,,,,,,,,,,,,,20,20,11.7,17.3,,20,,,12.6,
2006-10-26 16:00:00,,,,,0.66,,,,,0.0,0.0,68,,,1015.4,,,,,,,,,1010.2,1.0,,19.6,,,,25.9,,,,,,,,,,,,,,20,20,12.3,17.8,,20,,,12.5,
2006-10-26 17:00:00,,8.0,,,0.21,,,,,0.0,0.0,72,,,1015.7,,,,,,,,,1010.5,0.4,,20.0,,,,25.5,,,,,,,,,,15.0,,,,20,20,11.8,17.2,,20,,,13.1,
2006-10-26 18:00:00,,,,,0.0,,,,,0.0,0.0,73,,,1016.0,,,,,,,,,1010.8,0.0,,20.1,,,,25.4,,,,,,,,,,,,,,20,20,12.4,16.9,,20,,,12.6,
2006-10-26 19:00:00,,,,,0.0,,,,,0.0,0.0,72,,,1016.6,,,,,,,,,1011.4,0.0,,19.9,,,,25.3,,,,,,,,,,,,,,20,20,12.3,17.5,,20,,,12.5,
2006-10-26 20:00:00,,,,,0.0,,,,,0.0,0.0,73,,,1016.9,,,,,,,,,1011.7,,,20.4,,,,25.6,,,,,,,,,,,,,,20,20,11.5,17.9,,20,,,12.8,
2006-10-26 21:00:00,,,,,0.0,,,,,0.0,0.0,73,,,1017.1,,,,,,,,,1011.9,,,20.3,,,,25.6,,,,,,,,,,,,,,20,30,11.4,17.2,,20,,,12.2,
2006-10-26 22:00:00,,,,,0.0,,,,,0.0,0.0,73,,,1017.1,,,,,,,,,1011.9,,,20.4,,,,25.5,,,,,,,,,,,,,,20,20,11.4,16.5,,20,,,12.7,
2006-10-26 23:00:00,,,,,0.0,,,,,0.0,0.0,73,,,1017.0,,,,,,,,,1011.8,,,20.2,,,,25.5,,,,,,,,,,,,,,20,20,10.9,15.4,,20,,,11.9,
2006-10-27 00:00:00,,,,,0.0,,,,,0.0,0.0,73,,,1016.6,,,,,,,,,1011.4,,,20.3,,,,25.5,,,,,,,,,,,,,,30,20,9.8,15.3,,30,,,10.8,
2006-10-27 01:00:00,,,,,0.0,,,,,0.0,0.0,74,,,1016.1,,,,,,,,,1010.9,,,20.5,,,,25.4,,,,,,,,,,,,,,20,20,11.6,15.7,,30,,,12.4,
2006-10-27 02:00:00,,,,,0.0,,,,,0.0,0.0,75,,,1015.8,,,,,,,,,1010.6,,,20.4,,,,25.2,,,,,,,,,,,,,,30,20,11.4,16.1,,20,,,12.7,
2006-10-27 03:00:00,,,,,0.0,,,,,0.0,0.0,75,,,1015.0,,,,,,,,,1009.8,,,20.3,,,,25.1,,,,,,,,,,,,,,20,30,11.8,17.2,,20,,,13.0,
2006-10-27 04:00:00,,,,,0.0,,,,,0.0,0.0,74,,,1015.2,,,,,,,,,1010.0,,,20.1,,,,25.0,,,,,,,,,,,,,,20,30,12.4,17.4,,20,,,13.7,
2006-10-27 05:00:00,,,,,0.0,,,,,0.0,0.0,74,,,1015.1,,,,,,,,,1009.9,,,19.7,,,,24.6,,,,,,,,,,,,,,20,20,12.6,17.7,,20,,,13.2,
2006-10-27 06:00:00,,,,,0.0,,,,,0.0,0.0,75,,,1015.9,,,,,,,,,1010.7,0.0,,20.1,,,,24.8,,,,,,,,,,,,,,20,20,12.7,17.1,,20,,,13.1,
2006-10-27 07:00:00,,,,,0.0,,,,,0.0,0.0,76,,,1016.2,,,,,,,,,1011.0,0.0,,20.3,,,,24.9,,,,,,,,,,,,,,20,30,11.9,18.0,,20,,,13.4,
2006-10-27 08:00:00,,1.0,,,0.48,,,,,0.0,0.0,72,,,1016.7,,,,,,,,,1011.5,0.7,,20.0,,,,25.4,,,,,,,,,,20.0,,,,20,20,11.9,17.5,,20,,,12.8,
2006-10-27 09:00:00,,1.0,,,1.01,,,,,0.0,0.0,69,,,1017.0,,,,,,,,,1011.8,1.0,,20.2,,,,26.3,,,,,,,,,,20.0,,,,20,20,11.5,16.3,,20,,,11.9,
2006-10-27 10:00:00,,,,,1.35,,,,,0.0,0.0,71,,,1016.7,,,,,,,,,1011.5,1.0,,20.7,,,,26.5,,,,,,,,,,,,,,20,10,11.7,16.4,,20,,,12.3,
2006-10-27 11:00:00,,3.0,,,1.66,,,,,0.0,0.0,69,,,1016.4,,,,,,,,,1011.2,1.0,,21.1,,,,27.3,,,,,,,,,,20.0,,,,20,20,11.0,16.6,,20,,,11.6,
2006-10-27 12:00:00,,,,,1.78,,,,,0.0,0.0,70,,,1015.6,,,,,,,,,1010.4,1.0,,21.1,,,,27.1,,,,,,,,,,,,,,20,10,10.3,15.7,,20,,,11.4,
2006-10-27 13:00:00,,,,,1.77,,,,,0.0,0.0,70,,,1015.0,,,,,,,,,1009.8,1.0,,21.2,,,,27.2,,,,,,,,,,,,,,20,10,10.4,14.9,,10,,,10.5,
2006-10-27 14:00:00,,1.0,,,1.71,,,,,0.0,0.0,68,,,1014.6,,,,,,,,,1009.4,1.0,,20.8,,,,27.1,,,,,,,,,,20.0,,,,20,20,10.5,15.7,,20,,,10.9,
2006-10-27 15:00:00,,,,,1.28,,,,,0.0,0.0,71,,,1014.6,,,,,,,,,1009.4,1.0,,21.0,,,,26.8,,,,,,,,,,,,,,20,20,9.6,14.7,,20,,,11.1,
2006-10-27 16:00:00,,,,,0.82,,,,,0.0,0.0,72,,,1014.4,,,,,,,,,1009.2,1.0,,20.8,,,,26.2,,,,,,,,,,,,,,20,20,9.9,13.8,,10,,,10.6,
2006-10-27 17:00:00,,2.0,,,0.26,,,,,0.0,0.0,74,,,1014.6,,,,,,,,,1009.4,0.7,,20.9,,,,25.8,,,,,,,,,,20.0,,,,10,10,9.8,13.5,,10,,,9.8,
2006-10-27 18:00:00,,,,,0.0,,,,,0.0,0.0,77,,,1014.9,,,,,,,,,1009.7,0.0,,21.2,,,,25.6,,,,,,,,,,,,,,10,10,9.1,13.3,,10,,,9.9,
2006-10-27 19:00:00,,,,,0.0,,,,,0.0,0.0,78,,,1015.5,,,,,,,,,1010.3,0.0,,21.5,,,,25.6,,,,,,,,,,,,,,10,20,7.8,13.0,,20,,,9.5,
2006-10-27 20:00:00,,,,,0.0,,,,,0.0,0.0,77,,,1015.7,,,,,,,,,1010.5,,,21.3,,,,25.6,,,,,,,,,,,,,,20,20,8.9,12.4,,20,,,9.0,
2006-10-27 21:00:00,,,,,0.0,,,,,0.0,0.0,77,,,1015.9,,,,,,,,,1010.7,,,21.5,,,,25.8,,,,,,,,,,,,,,20,30,7.1,11.1,,20,,,8.9,
2006-10-27 22:00:00,,,,,0.0,,,,,0.0,0.0,76,,,1016.1,,,,,,,,,1010.9,,,21.1,,,,25.6,,,,,,,,,,,,,,10,20,7.0,10.8,,10,,,8.3,
2006-10-27 23:00:00,,,,,0.0,,,,,0.0,0.0,76,,,1015.9,,,,,,,,,1010.7,,,21.0,,,,25.5,,,,,,,,,,,,,,20,10,6.9,10.2,,20,,,7.9,
2006-10-28 00:00:00,,,,,0.0,,,,,0.0,0.0,77,,,1015.5,,,,,,,,,1010.3,,,21.0,,,,25.3,,,,,,,,,,,,,,30,20,6.3,8.9,,20,,,7.3,
2006-10-28 01:00:00,,,,,0.0,,,,,0.0,0.0,78,,,1015.1,,,,,,,,,1009.9,,,21.2,,,,25.4,,,,,,,,,,,,,,30,30,5.5,7.7,,30,,,6.2,
2006-10-28 02:00:00,,,,,0.0,,,,,0.0,0.0,79,,,1014.7,,,,,,,,,1009.5,,,21.3,,,,25.3,,,,,,,,,,,,,,40,30,4.7,7.0,,40,,,5.5,
2006-10-28 03:00:00,,,,,0.0,,,,,0.0,0.0,80,,,1014.3,,,,,,,,,1009.1,,,21.3,,,,25.0,,,,,,,,,,,,,,40,30,3.6,6.2,,40,,,4.8,
2006-10-28 04:00:00,,,,,0.0,,,,,0.0,0.0,80,,,1014.1,,,,,,,,,1008.9,,,21.5,,,,25.2,,,,,,,,,,,,,,10,10,6.0,7.7,,10,,,6.0,
2006-10-28 05:00:00,,,,,0.0,,,,,0.0,0.0,79,,,1014.5,,,,,,,,,1009.3,,,21.1,,,,25.0,,,,,,,,,,,,,,10,360,6.0,8.7,,10,,,6.7,
2006-10-28 06:00:00,,,,,0.0,,,,,0.0,0.0,76,,,1014.9,,,,,,,,,1009.7,0.0,,20.5,,,,25.0,,,,,,,,,,,,,,20,10,5.0,8.3,,10,,,6.1,
2006-10-28 07:00:00,,,,,0.0,,,,,0.0,0.0,75,,,1015.3,,,,,,,,,1010.1,0.0,,20.7,,,,25.4,,,,,,,,,,,,,,20,20,4.8,7.4,,20,,,5.8,
2006-10-28 08:00:00,,2.0,,,0.44,,,,,0.0,0.0,75,,,1015.8,,,,,,,,,1010.6,0.9,,21.7,,,,26.5,,,,,,,,,,20.0,,,,20,20,5.3,7.1,,20,,,5.5,
2006-10-28 09:00:00,,1.0,,,0.9,,,,,0.0,0.0,72,,,1016.0,,,,,,,,,1010.8,1.0,,22.3,,,,27.7,,,,,,,,,,20.0,,,,20,20,6.2,8.0,,20,,,6.5,
2006-10-28 10:00:00,,,,,1.3,,,,,0.0,0.0,70,,,1016.0,,,,,,,,,1010.8,0.9,,22.6,,,,28.5,,,,,,,,,,,,,,40,50,5.0,7.7,,20,,,6.2,
2006-10-28 11:00:00,,6.0,,,1.42,,,,,0.0,0.0,73,,,1015.2,,,,,,,,,1010.0,0.6,,22.0,,,,27.3,,,,,,,,,,20.0,,,,20,10,7.2,10.1,,20,,,7.2,
2006-10-28 12:00:00,,,,,1.7,,,,,0.0,0.0,70,,,1014.4,,,,,,,,,1009.2,0.9,,21.7,,,,27.7,,,,,,,,,,,,,,20,20,7.6,10.6,,20,,,8.1,
2006-10-28 13:00:00,,,,,1.7,,,,,0.0,0.0,71,,,1013.8,,,,,,,,,1008.6,0.9,,21.6,,,,27.4,,,,,,,,,,,,,,10,10,7.8,10.5,,20,,,7.9,
2006-10-28 14:00:00,,7.0,,,1.59,,,,,0.0,0.0,72,,,1013.1,,,,,,,,,1007.9,0.9,,21.1,,,,26.6,,,,,,,,,,20.0,,,,10,360,9.1,13.3,,10,,,10.3,
2006-10-28 15:00:00,,,,,1.15,,,,,0.0,0.0,71,,,1012.6,,,,,,,,,1007.4,0.9,,20.9,,,,26.6,,,,,,,,,,,,,,10,10,10.5,13.5,,10,,,10.6,
2006-10-28 16:00:00,,,,,0.82,,,,,0.0,0.0,72,,,1012.7,,,,,,,,,1007.5,1.0,,20.9,,,,26.4,,,,,,,,,,,,,,10,10,9.7,13.7,,10,,,10.7,
2006-10-28 17:00:00,,1.0,,,0.21,,,,,0.0,0.0,74,,,1012.5,,,,,,,,,1007.3,0.7,,20.9,,,,25.8,,,,,,,,,,20.0,,,,10,10,9.7,13.7,,10,,,10.6,
2006-10-28 18:00:00,,,,,0.0,,,,,0.0,0.0,76,,,1012.6,,,,,,,,,1007.4,0.0,,21.1,,,,25.6,,,,,,,,,,,,,,10,360,11.1,15.3,,10,,,11.9,
2006-10-28 19:00:00,,,,,0.0,,,,,0.0,0.0,76,,,1013.4,,,,,,,,,1008.2,0.0,,21.1,,,,25.6,,,,,,,,,,,,,,10,360,11.6,15.6,,10,,,12.2,
2006-10-28 20:00:00,,,,,0.0,,,,,0.0,0.0,78,,,1013.9,,,,,,,,,1008.7,,,21.4,,,,25.6,,,,,,,,,,,,,,10,360,11.4,16.1,,10,,,12.4,
2006-10-28 21:00:00,,,,,0.0,,,,,0.0,0.0,78,,,1013.8,,,,,,,,,1008.6,,,21.4,,,,25.6,,,,,,,,,,,,,,10,10,9.7,16.3,,10,,,12.3,
2006-10-28 22:00:00,,,,,0.0,,,,,0.0,0.0,78,,,1014.1,,,,,,,,,1008.9,,,21.6,,,,25.7,,,,,,,,,,,,,,10,10,8.6,13.6,,10,,,10.2,
2006-10-28 23:00:00,,,,,0.0,,,,,0.0,0.0,77,,,1013.7,,,,,,,,,1008.5,,,21.6,,,,26.0,,,,,,,,,,,,,,10,10,7.5,12.3,,10,,,9.3,
2006-10-29 00:00:00,,,,,0.0,,,,,0.0,0.0,77,,,1012.9,,,,,,,,,1007.7,,,21.4,,,,25.7,,,,,,,,,,,,,,20,10,7.8,12.4,,10,,,9.6,
2006-10-29 01:00:00,,,,,0.0,,,,,0.0,0.0,76,,,1012.5,,,,,,,,,1007.3,,,21.3,,,,25.8,,,,,,,,,,,,,,20,30,8.1,10.9,,20,,,8.1,
2006-10-29 02:00:00,,,,,0.0,,,,,0.0,0.0,75,,,1012.0,,,,,,,,,1006.8,,,20.8,,,,25.5,,,,,,,,,,,,,,30,30,6.9,10.3,,20,,,8.3,
2006-10-29 03:00:00,,,,,0.0,,,,,0.0,0.0,76,,,1011.7,,,,,,,,,1006.5,,,21.0,,,,25.6,,,,,,,,,,,,,,20,30,7.0,9.6,,20,,,7.8,
2006-10-29 04:00:00,,,,,0.0,,,,,0.0,0.0,74,,,1011.9,,,,,,,,,1006.7,,,20.5,,,,25.5,,,,,,,,,,,,,,20,30,8.8,11.9,,20,,,8.8,
2006-10-29 05:00:00,,,,,0.0,,,,,0.0,0.0,74,,,1012.1,,,,,,,,,1006.9,,,20.4,,,,25.3,,,,,,,,,,,,,,20,30,8.8,11.4,,20,,,9.4,
2006-10-29 06:00:00,,,,,0.0,,,,,0.0,0.0,76,,,1012.6,,,,,,,,,1007.4,0.0,,20.9,,,,25.5,,,,,,,,,,,,,,20,20,9.3,12.4,,20,,,9.5,
2006-10-29 07:00:00,,,,,0.0,,,,,0.0,0.0,76,,,1013.2,,,,,,,,,1008.0,0.1,,21.2,,,,25.8,,,,,,,,,,,,,,30,30,10.7,14.3,,30,,,10.7,
2006-10-29 08:00:00,,0.0,,,0.55,,,,,0.0,0.0,72,,,1013.5,,,,,,,,,1008.3,1.0,,21.2,,,,26.7,,,,,,,,,,20.0,,,,30,30,10.3,14.5,,30,,,11.1,
2006-10-29 09:00:00,,0.0,,,1.04,,,,,0.0,0.0,69,,,1013.8,,,,,,,,,1008.6,1.0,,21.2,,,,27.3,,,,,,,,,,20.0,,,,20,20,12.1,15.8,,20,,,12.1,
2006-10-29 10:00:00,,,,,1.52,,,,,0.0,0.0,69,,,1013.9,,,,,,,,,1008.7,1.0,,20.9,,,,27.2,,,,,,,,,,,,,,20,30,12.6,17.1,,20,,,12.7,
2006-10-29 11:00:00,,1.0,,,1.78,,,,,0.0,0.0,68,,,1013.2,,,,,,,,,1008.0,1.0,,21.2,,,,27.7,,,,,,,,,,20.0,,,,20,30,11.6,18.0,,20,,,13.2,
2006-10-29 12:00:00,,,,,1.88,,,,,0.0,0.0,66,,,1012.5,,,,,,,,,1007.3,1.0,,20.6,,,,27.4,,,,,,,,,,,,,,20,20,12.9,17.7,,20,,,13.0,
2006-10-29 13:00:00,,,,,1.64,,,,,0.0,0.0,68,,,1011.7,,,,,,,,,1006.5,0.7,,20.3,,,,26.8,,,,,,,,,,,,,,20,360,13.4,18.9,,10,,,13.4,
2006-10-29 14:00:00,,3.0,,,1.7,,,,,0.0,0.0,68,,,1010.7,,,,,,,,,1005.5,0.9,,20.1,,,,26.6,,,,,,,,,,20.0,,,,10,20,13.9,20.1,,10,,,14.4,
2006-10-29 15:00:00,,,,,1.39,,,,,0.0,0.0,67,,,1010.5,,,,,,,,,1005.3,1.0,,19.8,,,,26.5,,,,,,,,,,,,,,20,20,15.5,22.2,,20,,,15.5,
2006-10-29 16:00:00,,,,,0.85,,,,,0.0,0.0,70,,,1010.6,,,,,,,,,1005.4,1.0,,20.2,,,,26.2,,,,,,,,,,,,,,10,20,14.0,22.2,,10,,,15.7,
2006-10-29 17:00:00,,2.0,,,0.26,,,,,0.0,0.0,70,,,1010.9,,,,,,,,,1005.7,0.8,,19.8,,,,25.7,,,,,,,,,,20.0,,,,20,360,14.6,23.0,,20,,,15.6,
2006-10-29 18:00:00,,,,,0.0,,,,,0.0,0.0,69,,,1011.2,,,,,,,,,1006.0,0.0,,19.6,,,,25.6,,,,,,,,,,,,,,20,20,14.7,23.4,,20,,,16.1,
2006-10-29 19:00:00,,,,,0.0,,,,,0.0,0.0,68,,,1011.6,,,,,,,,,1006.4,0.0,,19.2,,,,25.5,,,,,,,,,,,,,,20,20,16.3,22.3,,20,,,16.5,
2006-10-29 20:00:00,,,,,0.0,,,,,0.0,0.0,73,,,1012.3,,,,,,,,,1007.1,,,20.3,,,,25.5,,,,,,,,,,,,,,20,20,13.7,20.7,,20,,,15.9,
2006-10-29 21:00:00,,,,,0.0,,,,,0.0,0.0,73,,,1012.2,,,,,,,,,1007.0,,,20.5,,,,25.6,,,,,,,,,,,,,,20,20,13.2,20.7,,20,,,14.9,
2006-10-29 22:00:00,,,,,0.0,,,,,0.0,0.0,75,,,1011.7,,,,,,,,,1006.5,,,20.5,,,,25.3,,,,,,,,,,,,,,20,10,13.9,19.4,,20,,,14.7,
2006-10-29 23:00:00,,,,,0.0,,,,,0.0,0.0,75,,,1011.2,,,,,,,,,1006.0,,,20.7,,,,25.4,,,,,,,,,,,,,,20,20,12.9,19.0,,20,,,14.2,
2006-10-30 00:00:00,,,,,0.0,,,,,0.0,0.0,75,,,1011.3,,,,,,,,,1006.1,,,20.6,,,,25.3,,,,,,,,,,,,,,20,20,11.8,17.4,,20,,,13.4,
2006-10-30 01:00:00,,,,,0.0,,,,,0.0,0.0,75,,,1010.7,,,,,,,,,1005.5,,,20.6,,,,25.4,,,,,,,,,,,,,,20,20,11.3,15.6,,20,,,12.4,
2006-10-30 02:00:00,,,,,0.0,,,,,0.0,0.0,74,,,1010.3,,,,,,,,,1005.1,,,20.3,,,,25.3,,,,,,,,,,,,,,20,20,12.1,16.5,,20,,,12.5,
2006-10-30 03:00:00,,,,,0.0,,,,,0.0,0.0,75,,,1010.4,,,,,,,,,1005.2,,,20.5,,,,25.2,,,,,,,,,,,,,,20,20,12.5,17.9,,20,,,13.6,
2006-10-30 04:00:00,,,,,0.0,,,,,0.0,0.0,75,,,1010.3,,,,,,,,,1005.1,,,20.5,,,,25.2,,,,,,,,,,,,,,20,30,12.0,16.9,,20,,,13.3,
2006-10-30 05:00:00,,,,,0.0,,,,,0.0,0.0,73,,,1010.4,,,,,,,,,1005.2,,,19.9,,,,25.1,,,,,,,,,,,,,,20,20,14.8,18.8,,20,,,14.8,
2006-10-30 06:00:00,,,,,0.0,,,,,0.0,0.0,73,,,1011.1,,,,,,,,,1005.9,0.0,,19.7,,,,24.9,,,,,,,,,,,,,,20,20,13.9,18.9,,20,,,15.1,
2006-10-30 07:00:00,,,,,0.0,,,,,0.0,0.0,73,,,1011.9,,,,,,,,,1006.7,0.0,,20.1,,,,25.2,,,,,,,,,,,,,,20,30,12.8,19.5,,20,,,14.4,
2006-10-30 08:00:00,,10.0,,,0.3,,,,,0.0,0.0,72,,,1012.6,,,,,,,,,1007.4,0.0,,20.1,,,,25.6,,,,,,,,,,10.0,,,,20,20,13.3,18.4,,20,,,14.2,
2006-10-30 09:00:00,,7.0,,,0.82,,,,,0.0,0.0,68,,,1012.7,,,,,,,,,1007.5,0.3,,20.2,,,,26.5,,,,,,,,,,10.0,,,,20,20,13.6,20.6,,20,,,14.8,
2006-10-30 10:00:00,,,,,1.06,,,,,0.0,0.0,68,,,1012.8,,,,,,,,,1007.6,0.7,,19.9,,,,26.3,,,,,,,,,,,,,,20,10,14.6,23.0,,20,,,14.6,
2006-10-30 11:00:00,,6.0,,,1.53,,,,,0.0,0.0,66,,,1012.7,,,,,,,,,1007.5,0.7,,19.9,,,,26.8,,,,,,,,,,10.0,,,,20,20,15.4,22.0,,20,,,16.1,
2006-10-30 12:00:00,,,,,1.82,,,,,0.0,0.0,65,,,1012.1,,,,,,,,,1006.9,1.0,,19.5,,,,26.7,,,,,,,,,,,,,,20,20,16.1,23.0,,20,,,16.8,
2006-10-30 13:00:00,,,,,1.73,,,,,0.0,0.0,65,,,1011.3,,,,,,,,,1006.1,1.0,,19.1,,,,26.2,,,,,,,,,,,,,,20,20,16.3,22.1,,20,,,17.3,
2006-10-30 14:00:00,,10.0,,,1.13,,,,,0.0,0.0,66,,,1011.2,,,,,,,,,1006.0,0.3,,18.8,,,,25.6,,,,,,,,,,10.0,,,,20,20,15.7,22.8,,20,,,16.9,
2006-10-30 15:00:00,,,,,0.6,,,,,0.0,0.0,69,,,1011.3,,,,,,,,,1006.1,0.0,,19.3,,,,25.4,,,,,,,,,,,,,,20,20,15.8,24.3,,20,,,16.5,
2006-10-30 16:00:00,,,,,0.46,,,,,0.0,0.0,67,,,1011.6,,,,,,,,,1006.4,0.0,,18.6,,,,25.1,,,,,,,,,,,,,,20,20,16.7,24.8,,20,,,17.5,
2006-10-30 17:00:00,,10.0,,,0.0,,,,,0.0,0.0,69,,,1011.9,,,,,,,,,1006.7,0.0,,19.0,,,,25.0,,,,,,,,,,10.0,,,,20,30,16.2,23.5,,20,,,17.5,
2006-10-30 18:00:00,,,,,0.0,,,,,0.0,0.0,71,,,1012.4,,,,,,,,,1007.2,0.0,,19.1,,,,24.8,,,,,,,,,,,,,,20,30,16.1,23.2,,20,,,17.8,
2006-10-30 19:00:00,,,,,0.0,,,,,0.0,0.0,69,,,1012.8,,,,,,,,,1007.6,0.0,,18.5,,,,24.6,,,,,,,,,,,,,,20,10,15.7,22.9,,20,,,16.9,
2006-10-30 20:00:00,,,,,0.0,,,,,0.0,0.0,69,,,1013.6,,,,,,,,,1008.4,,,18.6,,,,24.7,,,,,,,,,,,,,,20,20,15.2,22.0,,20,,,16.5,
2006-10-30 21:00:00,,,,,0.0,,,,,0.0,0.0,71,,,1013.6,,,,,,,,,1008.4,,,19.1,,,,24.8,,,,,,,,,,,,,,20,30,15.2,22.1,,20,,,16.8,
2006-10-30 22:00:00,,,,,0.0,,,,,0.0,0.0,72,,,1013.7,,,,,,,,,1008.5,,,19.4,,,,24.9,,,,,,,,,,,,,,20,10,14.7,23.2,,20,,,16.1,
2006-10-30 23:00:00,,,,,0.0,,,,,0.0,0.0,73,,,1012.8,,,,,,,,,1007.6,,,19.6,,,,24.8,,,,,,,,,,,,,,20,20,14.9,20.1,,20,,,16.1,
2006-10-31 00:00:00,,,,,0.0,,,,,0.0,0.0,72,,,1012.4,,,,,,,,,1007.2,,,19.5,,,,24.9,,,,,,,,,,,,,,20,10,15.1,21.6,,20,,,16.2,
2006-10-31 01:00:00,,,,,0.0,,,,,0.0,0.0,73,,,1011.8,,,,,,,,,1006.6,,,19.6,,,,24.8,,,,,,,,,,,,,,20,20,15.0,21.7,,20,,,16.0,
2006-10-31 02:00:00,,,,,0.0,,,,,0.0,0.0,71,,,1011.3,,,,,,,,,1006.1,,,19.2,,,,24.8,,,,,,,,,,,,,,20,20,14.9,21.4,,20,,,16.5,
2006-10-31 03:00:00,,,,,0.0,,,,,0.0,0.0,70,,,1011.1,,,,,,,,,1005.9,,,19.1,,,,24.9,,,,,,,,,,,,,,20,20,15.4,22.3,,20,,,15.7,
2006-10-31 04:00:00,,,,,0.0,,,,,0.0,0.0,71,,,1010.7,,,,,,,,,1005.5,,,19.2,,,,24.9,,,,,,,,,,,,,,20,30,15.5,21.1,,20,,,15.6,
2006-10-31 05:00:00,,,,,0.0,,,,,0.0,0.0,70,,,1011.0,,,,,,,,,1005.8,,,19.1,,,,25.0,,,,,,,,,,,,,,20,20,15.6,21.8,,20,,,16.1,
2006-10-31 06:00:00,,,,,0.0,,,,,0.0,0.0,72,,,1011.6,,,,,,,,,1006.4,0.0,,19.6,,,,25.1,,,,,,,,,,,,,,20,20,14.4,21.6,,20,,,15.9,
2006-10-31 07:00:00,,,,,0.0,,,,,0.0,0.0,71,,,1012.2,,,,,,,,,1007.0,0.0,,19.5,,,,25.2,,,,,,,,,,,,,,20,20,15.2,22.2,,20,,,16.3,
2006-10-31 08:00:00,,10.0,,,0.3,,,,,0.0,0.0,71,,,1012.6,,,,,,,,,1007.4,0.0,,19.8,,,,25.5,,,,,,,,,,10.0,,,,20,10,15.4,21.4,,20,,,16.0,
2006-10-31 09:00:00,,7.0,,,0.85,,,,,0.0,0.0,71,,,1012.9,,,,,,,,,1007.7,0.7,,20.2,,,,25.9,,,,,,,,,,10.0,,,,20,20,15.5,21.9,,20,,,16.3,
2006-10-31 10:00:00,,,,,0.83,,,,,0.0,0.0,70,,,1012.7,,,,,,,,,1007.5,0.4,,19.8,,,,25.8,,,,,,,,,,,,,,20,20,15.3,23.2,,20,,,16.2,
2006-10-31 11:00:00,,10.0,,,0.95,,,,,0.0,0.0,69,,,1012.5,,,,,,,,,1007.3,0.2,,19.8,,,,25.9,,,,,,,,,,10.0,,,,20,20,15.7,22.4,,20,,,16.1,
2006-10-31 12:00:00,,,,,1.14,,,,,0.0,0.0,67,,,1011.6,,,,,,,,,1006.4,0.2,,19.6,,,,26.2,,,,,,,,,,,,,,20,20,15.4,21.1,,20,,,15.9,
2006-10-31 13:00:00,,,,,0.84,,,,,0.0,0.0,69,,,1011.4,,,,,,,,,1006.2,0.0,,19.2,,,,25.4,,,,,,,,,,,,,,20,20,14.8,19.9,,20,,,15.4,
2006-10-31 14:00:00,,10.0,,,0.39,,,,,0.0,0.0,69,,,1011.6,,,,,,,,,1006.4,0.0,,18.8,,,,24.9,,,,,,,,,,10.0,,,,20,30,13.9,19.9,,20,,,15.5,
2006-10-31 15:00:00,,,,,0.09,,,,,0.0,0.0,68,,,1011.5,,,,,,,,,1006.3,0.0,,18.6,,,,24.9,,,,,,,,,,,,,,20,20,14.9,19.9,,20,,,15.1,
2006-10-31 16:00:00,,,,,0.13,,,,,0.0,0.0,70,,,1011.6,,,,,,,,,1006.4,0.0,,18.2,,,,24.1,,,,,,,,,,,,,,20,20,14.3,20.6,,20,,,15.7,
2006-10-31 17:00:00,,10.0,,,0.0,,,,,0.0,0.0,70,,,1011.9,,,,,,,,,1006.7,0.0,,18.2,,,,24.0,,,,,,,,,,10.0,,,,20,20,14.1,19.8,,20,,,15.2,
2006-10-31 18:00:00,,,,,0.0,,,,,0.0,0.0,69,,,1011.9,,,,,,,,,1006.7,0.0,,18.4,,,,24.5,,,,,,,,,,,,,,20,20,12.9,20.4,,20,,,15.2,
2006-10-31 19:00:00,,,,,0.0,,,,,0.0,0.0,71,,,1012.4,,,,,,,,,1007.2,0.0,,18.9,,,,24.5,,,,,,,,,,,,,,20,10,13.5,19.6,,20,,,14.5,
2006-10-31 20:00:00,,,,,0.0,,,,,0.0,0.0,71,,,1013.1,,,,,,,,,1007.9,,,19.0,,,,24.5,,,,,,,,,,,,,,10,10,12.9,19.1,,20,,,14.6,
2006-10-31 21:00:00,,,,,0.0,,,,,0.0,0.0,73,,,1012.8,,,,,,,,,1007.6,,,19.5,,,,24.7,,,,,,,,,,,,,,20,20,13.8,20.7,,10,,,14.3,
2006-10-31 22:00:00,,,,,0.0,,,,,0.0,0.0,72,,,1012.5,,,,,,,,,1007.3,,,19.3,,,,24.8,,,,,,,,,,,,,,20,20,15.4,20.7,,20,,,15.6,
2006-10-31 23:00:00,,,,,0.0,,,,,0.0,0.0,72,,,1012.3,,,,,,,,,1007.1,,,19.5,,,,24.8,,,,,,,,,,,,,,20,20,16.1,21.9,,20,,,16.4,
2006-11-01 00:00:00,,,,,0.0,,,,,0.0,0.0,73,,,1012.1,,,,,,,,,1006.9,,,19.2,,,,24.4,,,,,,,,,,,,,,20,30,16.1,21.8,,20,,,16.5,
2006-11-01 01:00:00,,,,,0.0,,,,,0.0,0.0,74,,,1011.9,,,,,,,,,1006.7,,,19.8,,,,24.7,,,,,,,,,,,,,,30,20,14.5,20.9,,20,,,16.6,
2006-11-01 02:00:00,,,,,0.0,,,,,0.0,0.0,73,,,1012.1,,,,,,,,,1006.9,,,19.5,,,,24.6,,,,,,,,,,,,,,20,20,13.4,20.0,,20,,,15.7,
2006-11-01 03:00:00,,,,,0.0,,,,,0.0,0.0,75,,,1010.6,,,,,,,,,1005.4,,,19.6,,,,24.4,,,,,,,,,,,,,,20,10,15.8,21.2,,20,,,15.9,
2006-11-01 04:00:00,,,,,0.0,,,,,0.0,0.0,74,,,1010.3,,,,,,,,,1005.1,,,19.4,,,,24.3,,,,,,,,,,,,,,20,20,15.5,22.0,,20,,,16.8,
2006-11-01 05:00:00,,,,,0.0,,,,,0.0,0.0,76,,,1009.7,,,,,,,,,1004.5,,,19.7,,,,24.2,,,,,,,,,,,,,,20,20,15.9,22.5,,20,,,16.9,
2006-11-01 06:00:00,,,,,0.0,,,,,0.0,0.0,75,,,1011.0,,,,,,,,,1005.8,0.0,,19.5,,,,24.2,,,,,,,,,,,,,,20,20,16.1,24.4,,20,,,17.3,
2006-11-01 07:00:00,,,,,0.0,,,,,0.0,0.0,72,,,1011.8,,,,,,,,,1006.6,0.0,,18.9,,,,24.2,,,,,,,,,,,,,,20,10,15.9,23.0,,20,,,16.3,
2006-11-01 08:00:00,,10.0,,,0.0,,,,,0.0,0.0,72,,,1012.4,,,,,,,,,1007.2,0.0,,18.7,,,,24.1,,,,,,,,,,10.0,,,,20,20,15.9,21.6,,20,,,16.6,
2006-11-01 09:00:00,,10.0,,,0.0,,,,,0.0,0.0,75,,,1012.8,,,,,,,,,1007.6,0.0,,18.9,,,,23.7,,,,,,,,,,10.0,,,,20,20,15.8,23.2,,20,,,16.6,
2006-11-01 10:00:00,,,,,0.16,,,,,0.0,0.0,74,,,1013.3,,,,,,,,,1008.1,0.0,,18.9,,,,23.8,,,,,,,,,,,,,,10,20,15.1,22.5,,20,,,16.3,
2006-11-01 11:00:00,,10.0,,,0.42,,,,,0.0,0.0,74,,,1012.6,,,,,,,,,1007.4,0.0,,18.8,,,,23.7,,,,,,,,,,10.0,,,,20,20,15.1,21.7,,10,,,16.0,
2006-11-01 12:00:00,,,,,0.11,,,,,0.0,0.0,75,,,1012.5,,,,,,,,,1007.3,0.0,,19.2,,,,23.8,,,,,,,,,,,,,,20,20,13.9,21.6,,20,,,15.6,
2006-11-01 13:00:00,,,,,0.35,,,,,0.0,0.0,76,,,1011.2,,,,,,,,,1006.0,0.0,,19.3,,,,23.7,,,,,,,,,,,,,,20,20,15.6,23.1,,20,,,16.3,
2006-11-01 14:00:00,,10.0,,,0.0,,,,,0.0,0.0,79,,,1010.4,,,,,,,,,1005.2,0.0,,19.5,,,,23.4,,,,,,,,,,10.0,,,,20,20,15.5,22.8,,20,,,16.8,
2006-11-01 15:00:00,,,,,0.0,,,,,0.0,0.0,76,,,1009.8,,,,,,,,,1004.6,0.0,,18.9,,,,23.4,,,,,,,,,,,,,,20,20,18.4,23.1,,20,,,18.5,
2006-11-01 16:00:00,,,,,0.0,,,,,0.0,0.0,77,,,1010.1,,,,,,,,,1004.9,0.0,,19.4,,,,23.6,,,,,,,,,,,,,,20,20,17.6,23.6,,20,,,18.9,
2006-11-01 17:00:00,,10.0,,,0.0,,,,,0.0,0.0,76,,,1009.7,,,,,,,,,1004.5,0.0,,19.4,,,,23.9,,,,,,,,,,10.0,,,,20,30,17.2,24.5,,20,,,18.5,
2006-11-01 18:00:00,,,,,0.0,,,,,0.0,0.0,75,,,1009.9,,,,,,,,,1004.7,0.0,,19.5,,,,24.2,,,,,,,,,,,,,,20,30,17.3,24.6,,20,,,18.1,
2006-11-01 19:00:00,,,,,0.0,,,,,0.0,0.0,75,,,1010.6,,,,,,,,,1005.4,0.0,,19.3,,,,24.1,,,,,,,,,,,,,,20,30,17.1,23.6,,20,,,17.7,
2006-11-01 20:00:00,,,,,0.0,,,,,0.0,0.0,72,,,1011.3,,,,,,,,,1006.1,,,18.8,,,,24.1,,,,,,,,,,,,,,20,30,16.3,24.0,,20,,,17.6,
2006-11-01 21:00:00,,,,,0.0,,,,,0.0,0.0,72,,,1011.1,,,,,,,,,1005.9,,,18.7,,,,24.0,,,,,,,,,,,,,,20,20,15.0,20.3,,20,,,15.9,
2006-11-01 22:00:00,,,,,0.0,,,,,0.0,0.0,71,,,1011.1,,,,,,,,,1005.9,,,18.5,,,,24.1,,,,,,,,,,,,,,20,20,14.5,23.2,,20,,,15.9,
2006-11-01 23:00:00,,,,,0.0,,,,,0.0,0.0,67,,,1011.3,,,,,,,,,1006.1,,,17.9,,,,24.4,,,,,,,,,,,,,,20,20,15.2,23.3,,20,,,17.0,
2006-11-02 00:00:00,,,,,0.0,,,,,0.0,0.0,64,,,1010.8,,,,,,,,,1005.6,,,16.5,,,,23.7,,,,,,,,,,,,,,20,20,16.8,23.0,,20,,,17.3,
2006-11-02 01:00:00,,,,,0.0,,,,,0.0,0.0,65,,,1011.2,,,,,,,,,1006.0,,,16.8,,,,23.7,,,,,,,,,,,,,,20,30,16.9,25.3,,20,,,18.0,
2006-11-02 02:00:00,,,,,0.0,,,,,0.0,0.0,60,,,1009.9,,,,,,,,,1004.7,,,16.0,,,,24.3,,,,,,,,,,,,,,20,20,16.3,25.8,,20,,,18.6,
2006-11-02 03:00:00,,,,,0.0,,,,,0.0,0.0,64,,,1009.5,,,,,,,,,1004.3,,,17.0,,,,24.2,,,,,,,,,,,,,,20,20,16.6,25.6,,20,,,19.3,
2006-11-02 04:00:00,,,,,0.0,,,,,0.0,0.0,61,,,1009.6,,,,,,,,,1004.4,,,15.9,,,,23.9,,,,,,,,,,,,,,20,30,16.8,25.4,,20,,,19.2,
2006-11-02 05:00:00,,,,,0.0,,,,,0.0,0.0,63,,,1009.5,,,,,,,,,1004.3,,,16.3,,,,23.8,,,,,,,,,,,,,,20,20,18.8,26.1,,20,,,20.1,
2006-11-02 06:00:00,,,,,0.0,,,,,0.0,0.0,66,,,1010.0,,,,,,,,,1004.8,0.0,,16.9,,,,23.7,,,,,,,,,,,,,,20,30,17.9,26.6,,20,,,20.4,
2006-11-02 07:00:00,,,,,0.0,,,,,0.0,0.0,65,,,1010.8,,,,,,,,,1005.6,0.0,,16.4,,,,23.4,,,,,,,,,,,,,,20,30,19.4,25.5,,20,,,19.4,
2006-11-02 08:00:00,,10.0,,,0.32,,,,,0.0,0.0,66,,,1011.7,,,,,,,,,1006.5,0.0,,17.0,,,,23.8,,,,,,,,,,10.0,,,,20,20,17.6,24.8,,20,,,19.6,
2006-11-02 09:00:00,,10.0,,,0.57,,,,,0.0,0.0,67,,,1012.2,,,,,,,,,1007.0,0.0,,17.6,,,,24.1,,,,,,,,,,10.0,,,,20,20,16.6,24.4,,20,,,18.6,
2006-11-02 10:00:00,,,,,0.68,,,,,0.0,0.0,67,,,1012.4,,,,,,,,,1007.2,0.0,,17.6,,,,24.2,,,,,,,,,,,,,,20,20,16.7,22.9,,20,,,17.5,
2006-11-02 11:00:00,,10.0,,,0.6,,,,,0.0,0.0,67,,,1011.7,,,,,,,,,1006.5,0.0,,17.5,,,,23.9,,,,,,,,,,10.0,,,,20,10,17.9,23.5,,20,,,18.0,
2006-11-02 12:00:00,,,,,0.57,,,,,0.0,0.0,66,,,1011.8,,,,,,,,,1006.6,0.0,,17.3,,,,24.0,,,,,,,,,,,,,,20,20,14.9,22.9,,20,,,17.6,
2006-11-02 13:00:00,,,,,0.63,,,,,0.0,0.0,68,,,1011.1,,,,,,,,,1005.9,0.0,,18.0,,,,24.4,,,,,,,,,,,,,,20,360,15.3,21.8,,10,,,16.2,
2006-11-02 14:00:00,,10.0,,,0.58,,,,,0.0,0.0,68,,,1010.3,,,,,,,,,1005.1,0.0,,17.9,,,,24.1,,,,,,,,,,10.0,,,,20,20,15.9,22.7,,20,,,16.1,
2006-11-02 15:00:00,,,,,0.39,,,,,0.0,0.0,73,,,1010.4,,,,,,,,,1005.2,0.0,,18.7,,,,23.8,,,,,,,,,,,,,,20,10,14.8,22.9,,20,,,17.0,
2006-11-02 16:00:00,,,,,0.02,,,,,0.0,0.0,70,,,1010.7,,,,,,,,,1005.5,0.0,,18.0,,,,23.8,,,,,,,,,,,,,,20,360,14.9,22.3,,20,,,16.3,
2006-11-02 17:00:00,,10.0,,,0.0,,,,,0.0,0.0,65,,,1011.6,,,,,,,,,1006.4,0.0,,16.6,,,,23.6,,,,,,,,,,10.0,,,,20,20,14.9,21.6,,20,,,15.2,
2006-11-02 18:00:00,,,,,0.0,,,,,0.0,0.0,71,,,1012.4,,,,,,,,,1007.1,0.0,,16.7,,,,22.1,,,,,,,,,,,,,,10,20,13.4,21.8,,20,,,15.8,
2006-11-02 19:00:00,,,,,0.0,,,,,0.0,0.0,71,,,1012.2,,,,,,,,,1006.9,0.0,,16.8,,,,22.2,,,,,,,,,,,,,,20,10,14.6,21.1,,20,,,15.3,
2006-11-02 20:00:00,,,,,0.0,,,,,0.0,0.0,72,,,1012.9,,,,,,,,,1007.6,,,17.1,,,,22.4,,,,,,,,,,,,,,20,20,14.4,20.7,,20,,,15.4,
2006-11-02 21:00:00,,,,,0.0,,,,,0.0,0.0,71,,,1013.6,,,,,,,,,1008.3,,,16.7,,,,22.3,,,,,,,,,,,,,,20,30,12.0,19.5,,20,,,14.1,
2006-11-02 22:00:00,,,,,0.0,,,,,0.0,0.0,69,,,1013.3,,,,,,,,,1008.1,,,17.3,,,,23.2,,,,,,,,,,,,,,20,30,13.2,18.1,,20,,,13.8,
2006-11-02 23:00:00,,,,,0.0,,,,,0.0,0.0,69,,,1013.3,,,,,,,,,1008.1,,,17.2,,,,23.3,,,,,,,,,,,,,,30,20,12.9,18.1,,20,,,13.8,
2006-11-03 00:00:00,,,,,0.0,,,,,0.0,0.0,69,,,1012.8,,,,,,,,,1007.6,,,17.6,,,,23.6,,,,,,,,,,,,,,20,30,12.6,18.7,,20,,,14.2,
2006-11-03 01:00:00,,,,,0.0,,,,,0.0,0.0,69,,,1012.5,,,,,,,,,1007.3,,,17.5,,,,23.5,,,,,,,,,,,,,,20,20,12.4,17.8,,20,,,13.1,
2006-11-03 02:00:00,,,,,0.0,,,,,0.0,0.0,69,,,1012.2,,,,,,,,,1007.0,,,17.5,,,,23.6,,,,,,,,,,,,,,20,20,11.4,17.2,,20,,,12.7,
2006-11-03 03:00:00,,,,,0.0,,,,,0.0,0.0,70,,,1011.7,,,,,,,,,1006.5,,,17.9,,,,23.8,,,,,,,,,,,,,,20,30,12.7,17.3,,20,,,13.4,
2006-11-03 04:00:00,,,,,0.0,,,,,0.0,0.0,72,,,1011.7,,,,,,,,,1006.5,,,18.3,,,,23.6,,,,,,,,,,,,,,20,20,12.0,17.0,,20,,,12.9,
2006-11-03 05:00:00,,,,,0.0,,,,,0.0,0.0,71,,,1012.2,,,,,,,,,1007.0,,,18.2,,,,23.8,,,,,,,,,,,,,,20,30,10.2,15.7,,20,,,12.1,
2006-11-03 06:00:00,,,,,0.0,,,,,0.0,0.0,70,,,1012.8,,,,,,,,,1007.6,0.0,,18.2,,,,24.0,,,,,,,,,,,,,,20,30,9.1,14.9,,20,,,11.1,
2006-11-03 07:00:00,,,,,0.0,,,,,0.0,0.0,69,,,1013.4,,,,,,,,,1008.2,0.0,,18.0,,,,24.1,,,,,,,,,,,,,,10,10,8.8,13.7,,10,,,10.9,
2006-11-03 08:00:00,,10.0,,,0.0,,,,,0.0,0.0,68,,,1014.1,,,,,,,,,1008.9,0.0,,17.3,,,,23.6,,,,,,,,,,15.0,,,,10,360,9.6,13.2,,10,,,10.5,
2006-11-03 09:00:00,,10.0,,,0.32,,,,,0.0,0.0,68,,,1014.8,,,,,,,,,1009.6,0.0,,17.5,,,,23.8,,,,,,,,,,15.0,,,,10,20,9.2,14.6,,10,,,10.8,
2006-11-03 10:00:00,,,,,0.6,,,,,0.0,0.0,70,,,1014.5,,,,,,,,,1009.3,0.0,,18.1,,,,24.0,,,,,,,,,,,,,,10,10,8.6,11.4,,10,,,9.0,
2006-11-03 11:00:00,,10.0,,,0.85,,,,,0.0,0.0,72,,,1014.0,,,,,,,,,1008.8,0.0,,19.0,,,,24.4,,,,,,,,,,15.0,,,,20,360,8.8,13.2,,20,,,8.8,
2006-11-03 12:00:00,,,,,1.2,,,,,0.0,0.0,69,,,1013.8,,,,,,,,,1008.6,0.0,,18.2,,,,24.2,,,,,,,,,,,,,,20,20,7.3,11.7,,20,,,9.1,
2006-11-03 13:00:00,,,,,1.37,,,,,0.0,0.0,63,,,1012.8,,,,,,,,,1007.6,0.1,,17.1,,,,24.7,,,,,,,,,,,,,,10,10,9.0,12.4,,10,,,9.0,
2006-11-03 14:00:00,,9.0,,,1.14,,,,,0.0,0.0,62,,,1012.7,,,,,,,,,1007.5,0.3,,16.2,,,,24.0,,,,,,,,,,20.0,,,,20,360,8.4,12.3,,10,,,9.6,
2006-11-03 15:00:00,,,,,0.9,,,,,0.0,0.0,64,,,1012.7,,,,,,,,,1007.5,0.3,,16.0,,,,23.3,,,,,,,,,,,,,,20,30,8.2,11.6,,20,,,8.4,
2006-11-03 16:00:00,,,,,0.11,,,,,0.0,0.0,69,,,1012.6,,,,,,,,,1007.4,0.0,,16.9,,,,22.8,,,,,,,,,,,,,,20,10,8.8,12.0,,20,,,8.8,
2006-11-03 17:00:00,,10.0,,,0.04,,,,,0.0,0.0,67,,,1013.3,,,,,,,,,1008.1,0.0,,16.6,,,,23.1,,,,,,,,,,20.0,,,,20,30,7.6,12.0,,20,,,9.2,
2006-11-03 18:00:00,,,,,0.0,,,,,0.0,0.0,72,,,1013.3,,,,,,,,,1008.0,0.0,,17.3,,,,22.6,,,,,,,,,,,,,,40,20,7.0,10.6,,30,,,8.0,
2006-11-03 19:00:00,,,,,0.0,,,,,0.0,0.0,73,,,1014.5,,,,,,,,,1009.2,0.0,,17.3,,,,22.4,,,,,,,,,,,,,,40,30,4.8,10.2,,30,,,7.7,
2006-11-03 20:00:00,,,,,0.0,,,,,0.0,0.0,72,,,1015.1,,,,,,,,,1009.8,,,16.9,,,,22.1,,,,,,,,,,,,,,60,50,3.0,6.8,,60,,,5.1,
2006-11-03 21:00:00,,,,,0.0,,,,,0.0,0.0,68,,,1015.7,,,,,,,,,1010.4,,,15.8,,,,22.0,,,,,,,,,,,,,,90,100,2.2,6.6,,100,,,4.8,
2006-11-03 22:00:00,,,,,0.0,,,,,0.0,0.0,73,,,1015.3,,,,,,,,,1010.0,,,16.1,,,,21.2,,,,,,,,,,,,,,70,90,4.0,5.6,,70,,,4.0,
2006-11-03 23:00:00,,,,,0.0,,,,,0.0,0.0,75,,,1015.3,,,,,,,,,1010.0,,,16.5,,,,21.2,,,,,,,,,,,,,,90,70,2.4,6.1,,70,,,4.5,
2006-11-04 00:00:00,,,,,0.0,,,,,0.0,0.0,78,,,1014.6,,,,,,,,,1009.3,,,16.9,,,,20.9,,,,,,,,,,,,,,70,80,3.2,4.7,,80,,,3.3,
2006-11-04 01:00:00,,,,,0.0,,,,,0.0,0.0,78,,,1014.1,,,,,,,,,1008.8,,,17.3,,,,21.2,,,,,,,,,,,,,,60,80,3.5,5.6,,80,,,4.1,
2006-11-04 02:00:00,,,,,0.0,,,,,0.0,0.0,75,,,1013.5,,,,,,,,,1008.2,,,16.7,,,,21.3,,,,,,,,,,,,,,50,60,5.0,6.6,,50,,,5.1,
2006-11-04 03:00:00,,,,,0.0,,,,,0.0,0.0,73,,,1012.9,,,,,,,,,1007.6,,,16.5,,,,21.5,,,,,,,,,,,,,,40,50,5.6,8.1,,40,,,5.6,
2006-11-04 04:00:00,,,,,0.0,,,,,0.0,0.0,73,,,1012.8,,,,,,,,,1007.5,,,16.9,,,,21.9,,,,,,,,,,,,,,40,30,5.5,8.8,,30,,,6.3,
2006-11-04 05:00:00,,,,,0.0,,,,,0.0,0.0,71,,,1012.7,,,,,,,,,1007.4,,,17.1,,,,22.6,,,,,,,,,,,,,,30,20,6.7,9.0,,30,,,6.7,
2006-11-04 06:00:00,,,,,0.0,,,,,0.0,0.0,70,,,1012.8,,,,,,,,,1007.6,0.0,,17.3,,,,23.1,,,,,,,,,,,,,,20,20,6.4,10.2,,20,,,7.3,
2006-11-04 07:00:00,,,,,0.0,,,,,0.0,0.0,71,,,1013.5,,,,,,,,,1008.3,0.0,,18.0,,,,23.5,,,,,,,,,,,,,,20,20,7.7,10.6,,20,,,7.7,
2006-11-04 08:00:00,,8.0,,,0.06,,,,,0.0,0.0,73,,,1014.1,,,,,,,,,1008.9,0.0,,19.2,,,,24.3,,,,,,,,,,25.0,,,,20,30,6.7,10.2,,20,,,7.7,
2006-11-04 09:00:00,,7.0,,,0.75,,,,,0.0,0.0,71,,,1014.5,,,,,,,,,1009.3,0.4,,19.4,,,,25.1,,,,,,,,,,25.0,,,,10,360,9.4,13.1,,10,,,9.4,
2006-11-04 10:00:00,,,,,1.13,,,,,0.0,0.0,69,,,1014.7,,,,,,,,,1009.5,0.5,,19.4,,,,25.5,,,,,,,,,,,,,,20,360,8.7,14.0,,10,,,10.4,
2006-11-04 11:00:00,,3.0,,,1.48,,,,,0.0,0.0,67,,,1014.1,,,,,,,,,1008.9,0.8,,19.7,,,,26.4,,,,,,,,,,25.0,,,,20,20,9.8,12.8,,20,,,9.8,
2006-11-04 12:00:00,,,,,1.76,,,,,0.0,0.0,67,,,1013.4,,,,,,,,,1008.2,0.9,,19.9,,,,26.6,,,,,,,,,,,,,,20,10,9.8,13.6,,20,,,10.4,
2006-11-04 13:00:00,,,,,1.67,,,,,0.0,0.0,66,,,1012.7,,,,,,,,,1007.5,0.9,,19.8,,,,26.6,,,,,,,,,,,,,,20,20,9.1,13.9,,20,,,9.9,
2006-11-04 14:00:00,,3.0,,,1.73,,,,,0.0,0.0,67,,,1012.2,,,,,,,,,1007.0,1.0,,19.7,,,,26.3,,,,,,,,,,25.0,,,,20,10,9.3,13.3,,20,,,9.9,
2006-11-04 15:00:00,,,,,1.24,,,,,0.0,0.0,68,,,1012.4,,,,,,,,,1007.2,1.0,,19.7,,,,26.1,,,,,,,,,,,,,,10,10,8.8,13.4,,10,,,10.3,
2006-11-04 16:00:00,,,,,0.84,,,,,0.0,0.0,69,,,1012.3,,,,,,,,,1007.1,1.0,,19.3,,,,25.3,,,,,,,,,,,,,,10,10,9.0,12.9,,10,,,9.7,
2006-11-04 17:00:00,,4.0,,,0.22,,,,,0.0,0.0,71,,,1012.7,,,,,,,,,1007.5,0.8,,19.1,,,,24.7,,,,,,,,,,25.0,,,,10,10,8.4,13.8,,10,,,10.9,
2006-11-04 18:00:00,,,,,0.0,,,,,0.0,0.0,74,,,1012.9,,,,,,,,,1007.7,0.0,,19.5,,,,24.4,,,,,,,,,,,,,,10,10,9.2,13.6,,10,,,10.0,
2006-11-04 19:00:00,,,,,0.0,,,,,0.0,0.0,74,,,1013.6,,,,,,,,,1008.4,0.0,,19.4,,,,24.4,,,,,,,,,,,,,,10,10,8.8,14.0,,10,,,10.1,
2006-11-04 20:00:00,,,,,0.0,,,,,0.0,0.0,75,,,1014.2,,,,,,,,,1009.0,,,19.6,,,,24.4,,,,,,,,,,,,,,10,360,8.4,13.2,,10,,,9.9,
2006-11-04 21:00:00,,,,,0.0,,,,,0.0,0.0,74,,,1014.7,,,,,,,,,1009.5,,,19.5,,,,24.4,,,,,,,,,,,,,,10,360,10.4,13.1,,10,,,10.4,
2006-11-04 22:00:00,,,,,0.0,,,,,0.0,0.0,76,,,1014.8,,,,,,,,,1009.6,,,19.8,,,,24.3,,,,,,,,,,,,,,10,10,9.9,13.4,,10,,,10.6,
2006-11-04 23:00:00,,,,,0.0,,,,,0.0,0.0,75,,,1014.6,,,,,,,,,1009.4,,,19.4,,,,24.2,,,,,,,,,,,,,,10,10,8.9,12.5,,10,,,10.1,
2006-11-05 00:00:00,,,,,0.0,,,,,0.0,0.0,74,,,1014.4,,,,,,,,,1009.2,,,19.3,,,,24.2,,,,,,,,,,,,,,10,10,8.3,11.8,,10,,,9.0,
2006-11-05 01:00:00,,,,,0.0,,,,,0.0,0.0,76,,,1014.2,,,,,,,,,1009.0,,,19.5,,,,24.1,,,,,,,,,,,,,,10,360,6.8,11.4,,10,,,8.2,
2006-11-05 02:00:00,,,,,0.0,,,,,0.0,0.0,76,,,1013.5,,,,,,,,,1008.3,,,19.5,,,,24.1,,,,,,,,,,,,,,10,10,7.2,11.4,,10,,,8.6,
2006-11-05 03:00:00,,,,,0.0,,,,,0.0,0.0,76,,,1013.1,,,,,,,,,1007.9,,,19.7,,,,24.2,,,,,,,,,,,,,,10,10,7.9,11.6,,10,,,8.3,
2006-11-05 04:00:00,,,,,0.0,,,,,0.0,0.0,76,,,1012.6,,,,,,,,,1007.4,,,19.7,,,,24.1,,,,,,,,,,,,,,20,10,7.0,10.1,,10,,,8.0,
2006-11-05 05:00:00,,,,,0.0,,,,,0.0,0.0,77,,,1012.6,,,,,,,,,1007.4,,,19.6,,,,23.9,,,,,,,,,,,,,,30,20,7.0,10.9,,20,,,8.1,
2006-11-05 06:00:00,,,,,0.0,,,,,0.0,0.0,78,,,1013.2,,,,,,,,,1008.0,0.0,,19.8,,,,23.9,,,,,,,,,,,,,,30,30,5.1,8.5,,30,,,6.9,
2006-11-05 07:00:00,,,,,0.0,,,,,0.0,0.0,79,,,1013.5,,,,,,,,,1008.3,0.3,,20.4,,,,24.2,,,,,,,,,,,,,,30,20,3.9,6.4,,20,,,5.3,
2006-11-05 08:00:00,,0.0,,,0.45,,,,,0.0,0.0,76,,,1014.0,,,,,,,,,1008.8,0.9,,21.0,,,,25.5,,,,,,,,,,15.0,,,,20,30,3.6,5.1,,20,,,4.1,
2006-11-05 09:00:00,,0.0,,,1.0,,,,,0.0,0.0,74,,,1014.3,,,,,,,,,1009.1,1.0,,21.2,,,,26.2,,,,,,,,,,15.0,,,,10,10,4.0,5.4,,10,,,4.1,
2006-11-05 10:00:00,,,,,1.36,,,,,0.0,0.0,72,,,1014.2,,,,,,,,,1009.0,1.0,,21.2,,,,26.6,,,,,,,,,,,,,,360,360,5.7,8.1,,360,,,5.8,
2006-11-05 11:00:00,,0.0,,,1.81,,,,,0.0,0.0,70,,,1014.0,,,,,,,,,1008.8,1.0,,21.1,,,,27.0,,,,,,,,,,15.0,,,,360,360,5.2,8.1,,360,,,6.1,
2006-11-05 12:00:00,,,,,1.63,,,,,0.0,0.0,71,,,1013.4,,,,,,,,,1008.2,0.7,,20.8,,,,26.6,,,,,,,,,,,,,,10,10,6.3,8.3,,10,,,6.3,
2006-11-05 13:00:00,,,,,1.75,,,,,0.0,0.0,72,,,1012.5,,,,,,,,,1007.3,0.8,,20.5,,,,26.0,,,,,,,,,,,,,,10,10,8.4,10.9,,10,,,8.4,
2006-11-05 14:00:00,,8.0,,,1.58,,,,,0.0,0.0,71,,,1012.0,,,,,,,,,1006.8,0.8,,20.4,,,,26.1,,,,,,,,,,15.0,,,,10,360,8.6,11.1,,10,,,8.7,
2006-11-05 15:00:00,,,,,0.72,,,,,0.0,0.0,72,,,1011.6,,,,,,,,,1006.4,0.2,,20.4,,,,25.8,,,,,,,,,,,,,,20,20,8.3,11.7,,10,,,8.6,
2006-11-05 16:00:00,,,,,0.54,,,,,0.0,0.0,73,,,1012.0,,,,,,,,,1006.8,0.2,,20.2,,,,25.3,,,,,,,,,,,,,,20,20,8.0,11.7,,20,,,8.7,
2006-11-05 17:00:00,,8.0,,,0.04,,,,,0.0,0.0,75,,,1012.4,,,,,,,,,1007.2,0.0,,20.3,,,,25.0,,,,,,,,,,15.0,,,,10,20,7.8,11.5,,20,,,8.7,
2006-11-05 18:00:00,,,,,0.0,,,,,0.0,0.0,77,,,1012.8,,,,,,,,,1007.6,0.0,,20.6,,,,25.0,,,,,,,,,,,,,,20,20,8.1,11.6,,20,,,8.5,
2006-11-05 19:00:00,,,,,0.0,,,,,0.0,0.0,78,,,1013.2,,,,,,,,,1008.0,0.0,,20.7,,,,24.9,,,,,,,,,,,,,,20,20,7.4,11.2,,20,,,8.4,
2006-11-05 20:00:00,,,,,0.0,,,,,0.0,0.0,79,,,1013.6,,,,,,,,,1008.4,,,20.7,,,,24.6,,,,,,,,,,,,,,20,20,7.5,12.1,,10,,,8.0,
2006-11-05 21:00:00,,,,,0.0,,,,,0.0,0.0,78,,,1014.0,,,,,,,,,1008.8,,,20.5,,,,24.6,,,,,,,,,,,,,,10,20,7.6,10.9,,20,,,7.7,
2006-11-05 22:00:00,,,,,0.0,,,,,0.0,0.0,78,,,1014.1,,,,,,,,,1008.9,,,20.6,,,,24.6,,,,,,,,,,,,,,20,20,6.5,11.0,,10,,,7.8,
2006-11-05 23:00:00,,,,,0.0,,,,,0.0,0.0,77,,,1013.7,,,,,,,,,1008.5,,,20.5,,,,24.7,,,,,,,,,,,,,,20,10,7.1,11.0,,10,,,7.3,
2006-11-06 00:00:00,,,,,0.0,,,,,0.0,0.0,78,,,1013.8,,,,,,,,,1008.6,,,20.5,,,,24.5,,,,,,,,,,,,,,10,10,7.5,10.2,,10,,,7.8,
2006-11-06 01:00:00,,,,,0.0,,,,,0.0,0.0,77,,,1013.4,,,,,,,,,1008.2,,,20.3,,,,24.5,,,,,,,,,,,,,,10,360,8.4,12.2,,10,,,9.6,
2006-11-06 02:00:00,,,,,0.0,,,,,0.0,0.0,78,,,1013.1,,,,,,,,,1007.9,,,20.3,,,,24.4,,,,,,,,,,,,,,10,10,8.6,11.6,,10,,,8.8,
2006-11-06 03:00:00,,,,,0.0,,,,,0.0,0.0,77,,,1012.9,,,,,,,,,1007.7,,,20.0,,,,24.2,,,,,,,,,,,,,,10,10,9.7,13.5,,10,,,9.7,
2006-11-06 04:00:00,,,,,0.0,,,,,0.0,0.0,77,,,1012.8,,,,,,,,,1007.6,,,20.0,,,,24.3,,,,,,,,,,,,,,10,10,10.0,14.1,,10,,,11.3,
2006-11-06 05:00:00,,,,,0.0,,,,,0.0,0.0,76,,,1012.8,,,,,,,,,1007.6,,,19.9,,,,24.3,,,,,,,,,,,,,,10,10,10.6,15.0,,10,,,10.6,
2006-11-06 06:00:00,,,,,0.0,,,,,0.0,0.0,75,,,1013.5,,,,,,,,,1008.3,0.0,,19.5,,,,24.3,,,,,,,,,,,,,,10,20,11.1,15.3,,10,,,11.3,
2006-11-06 07:00:00,,,,,0.0,,,,,0.0,0.0,75,,,1014.1,,,,,,,,,1008.9,0.0,,19.7,,,,24.5,,,,,,,,,,,,,,20,20,10.1,14.9,,10,,,11.1,
2006-11-06 08:00:00,,8.0,,,0.04,,,,,0.0,0.0,73,,,1014.5,,,,,,,,,1009.3,0.0,,19.6,,,,24.8,,,,,,,,,,25.0,,,,20,20,10.4,16.1,,20,,,11.3,
2006-11-06 09:00:00,,7.0,,,0.64,,,,,0.0,0.0,72,,,1015.0,,,,,,,,,1009.8,0.2,,19.6,,,,25.0,,,,,,,,,,25.0,,,,20,20,10.3,15.7,,20,,,10.9,
2006-11-06 10:00:00,,,,,1.23,,,,,0.0,0.0,70,,,1015.2,,,,,,,,,1010.0,0.8,,20.3,,,,26.2,,,,,,,,,,,,,,20,30,9.4,15.6,,20,,,10.9,
2006-11-06 11:00:00,,6.0,,,1.15,,,,,0.0,0.0,69,,,1014.4,,,,,,,,,1009.2,0.5,,19.3,,,,25.5,,,,,,,,,,25.0,,,,10,360,9.3,14.1,,20,,,10.0,
2006-11-06 12:00:00,,,,,1.78,,,,,0.0,0.0,62,,,1014.1,,,,,,,,,1008.9,1.0,,18.8,,,,26.6,,,,,,,,,,,,,,20,20,10.0,15.7,,20,,,10.8,
2006-11-06 13:00:00,,,,,1.76,,,,,0.0,0.0,61,,,1013.4,,,,,,,,,1008.2,1.0,,18.0,,,,26.0,,,,,,,,,,,,,,10,10,11.0,14.8,,10,,,11.0,
2006-11-06 14:00:00,,2.0,,,1.73,,,,,0.0,0.0,56,,,1012.9,,,,,,,,,1007.7,1.0,,16.8,,,,26.4,,,,,,,,,,25.0,,,,20,10,10.1,16.2,,10,,,11.5,
2006-11-06 15:00:00,,,,,1.29,,,,,0.0,0.0,58,,,1012.8,,,,,,,,,1007.6,1.0,,16.9,,,,25.7,,,,,,,,,,,,,,10,20,10.4,16.5,,10,,,11.0,
2006-11-06 16:00:00,,,,,0.83,,,,,0.0,0.0,61,,,1013.1,,,,,,,,,1007.9,0.7,,16.9,,,,25.0,,,,,,,,,,,,,,10,20,11.0,17.3,,20,,,12.2,
2006-11-06 17:00:00,,4.0,,,0.0,,,,,0.0,0.0,68,,,1013.4,,,,,,,,,1008.2,0.1,,18.0,,,,24.4,,,,,,,,,,15.0,,,,10,10,10.9,16.8,,10,,,12.3,
2006-11-06 18:00:00,,,,,0.0,,,,,0.0,0.0,68,,,1013.8,,,,,,,,,1008.6,0.1,,18.1,,,,24.3,,,,,,,,,,,,,,10,10,11.3,16.9,,10,,,12.6,
2006-11-06 19:00:00,,,,,0.0,,,,,0.0,0.0,69,,,1014.6,,,,,,,,,1009.4,0.0,,18.2,,,,24.2,,,,,,,,,,,,,,10,20,11.3,17.6,,10,,,12.1,
2006-11-06 20:00:00,,,,,0.0,,,,,0.0,0.0,67,,,1015.4,,,,,,,,,1010.2,,,17.6,,,,24.2,,,,,,,,,,,,,,20,20,12.9,17.7,,20,,,12.9,
2006-11-06 21:00:00,,,,,0.0,,,,,0.0,0.0,64,,,1015.9,,,,,,,,,1010.7,,,17.1,,,,24.3,,,,,,,,,,,,,,20,20,13.0,18.1,,20,,,13.7,
2006-11-06 22:00:00,,,,,0.0,,,,,0.0,0.0,65,,,1016.0,,,,,,,,,1010.8,,,17.3,,,,24.3,,,,,,,,,,,,,,20,30,13.4,18.6,,20,,,14.6,
2006-11-06 23:00:00,,,,,0.0,,,,,0.0,0.0,69,,,1015.9,,,,,,,,,1010.7,,,18.0,,,,24.0,,,,,,,,,,,,,,20,20,12.0,19.4,,20,,,13.5,
2006-11-07 00:00:00,,,,,0.0,,,,,0.0,0.0,71,,,1015.8,,,,,,,,,1010.6,,,18.3,,,,23.9,,,,,,,,,,,,,,20,20,12.4,17.9,,20,,,13.1,
2006-11-07 01:00:00,,,,,0.0,,,,,0.0,0.0,69,,,1015.6,,,,,,,,,1010.4,,,17.7,,,,23.8,,,,,,,,,,,,,,20,30,12.8,17.1,,20,,,13.5,
2006-11-07 02:00:00,,,,,0.0,,,,,0.0,0.0,68,,,1015.5,,,,,,,,,1010.3,,,17.5,,,,23.7,,,,,,,,,,,,,,20,10,12.7,17.7,,20,,,13.3,
2006-11-07 03:00:00,,,,,0.0,,,,,0.0,0.0,70,,,1015.0,,,,,,,,,1009.8,,,17.8,,,,23.7,,,,,,,,,,,,,,20,20,13.0,19.4,,20,,,13.9,
2006-11-07 04:00:00,,,,,0.0,,,,,0.0,0.0,68,,,1015.2,,,,,,,,,1010.0,,,17.4,,,,23.7,,,,,,,,,,,,,,20,20,14.7,20.8,,20,,,16.1,
2006-11-07 05:00:00,,,,,0.0,,,,,0.0,0.0,64,,,1015.1,,,,,,,,,1009.9,,,16.5,,,,23.7,,,,,,,,,,,,,,30,20,15.7,23.5,,20,,,17.3,
2006-11-07 06:00:00,,,,,0.0,,,,,0.0,0.0,59,,,1015.8,,,,,,,,,1010.6,0.0,,15.6,,,,24.0,,,,,,,,,,,,,,20,30,15.6,21.1,,20,,,16.3,
2006-11-07 07:00:00,,,,,0.0,,,,,0.0,0.0,63,,,1016.4,,,,,,,,,1011.2,0.0,,16.6,,,,24.0,,,,,,,,,,,,,,20,20,13.8,19.9,,20,,,15.7,
2006-11-07 08:00:00,,0.0,,,0.46,,,,,0.0,0.0,62,,,1016.4,,,,,,,,,1011.2,1.0,,16.9,,,,24.7,,,,,,,,,,10.0,,,,20,20,13.7,20.3,,20,,,15.3,
2006-11-07 09:00:00,,0.0,,,0.99,,,,,0.0,0.0,61,,,1016.6,,,,,,,,,1011.4,1.0,,17.2,,,,25.3,,,,,,,,,,10.0,,,,20,20,13.5,19.6,,20,,,14.1,
2006-11-07 10:00:00,,,,,1.33,,,,,0.0,0.0,60,,,1017.2,,,,,,,,,1012.0,1.0,,17.2,,,,25.5,,,,,,,,,,,,,,20,30,13.8,18.7,,20,,,13.8,
2006-11-07 11:00:00,,0.0,,,1.8,,,,,0.0,0.0,59,,,1016.9,,,,,,,,,1011.7,1.0,,17.1,,,,25.7,,,,,,,,,,10.0,,,,20,10,13.0,18.4,,20,,,14.2,
2006-11-07 12:00:00,,,,,1.8,,,,,0.0,0.0,62,,,1017.0,,,,,,,,,1011.8,1.0,,17.8,,,,25.6,,,,,,,,,,,,,,20,20,11.8,17.4,,20,,,14.0,
2006-11-07 13:00:00,,,,,1.8,,,,,0.0,0.0,62,,,1016.5,,,,,,,,,1011.3,1.0,,17.7,,,,25.5,,,,,,,,,,,,,,20,20,12.1,17.9,,20,,,13.1,
2006-11-07 14:00:00,,0.0,,,1.65,,,,,0.0,0.0,62,,,1016.0,,,,,,,,,1010.8,1.0,,16.8,,,,24.6,,,,,,,,,,10.0,,,,20,20,13.1,17.9,,20,,,13.3,
2006-11-07 15:00:00,,,,,1.2,,,,,0.0,0.0,65,,,1016.4,,,,,,,,,1011.2,1.0,,17.0,,,,24.0,,,,,,,,,,,,,,20,10,12.3,19.4,,10,,,14.2,
2006-11-07 16:00:00,,,,,0.67,,,,,0.0,0.0,65,,,1016.8,,,,,,,,,1011.5,1.0,,16.5,,,,23.4,,,,,,,,,,,,,,10,10,12.9,19.7,,20,,,13.8,
2006-11-07 17:00:00,,3.0,,,0.18,,,,,0.0,0.0,66,,,1017.3,,,,,,,,,1012.0,0.4,,16.3,,,,23.0,,,,,,,,,,10.0,,,,20,10,12.9,19.4,,20,,,13.5,
2006-11-07 18:00:00,,,,,0.0,,,,,0.0,0.0,67,,,1017.7,,,,,,,,,1012.4,0.0,,16.4,,,,22.8,,,,,,,,,,,,,,10,360,12.3,18.6,,10,,,13.1,
2006-11-07 19:00:00,,,,,0.0,,,,,0.0,0.0,66,,,1018.5,,,,,,,,,1013.2,0.0,,16.1,,,,22.7,,,,,,,,,,,,,,20,20,11.3,18.5,,10,,,12.9,
2006-11-07 20:00:00,,,,,0.0,,,,,0.0,0.0,68,,,1018.9,,,,,,,,,1013.6,,,16.6,,,,22.8,,,,,,,,,,,,,,10,360,11.7,18.0,,10,,,12.4,
2006-11-07 21:00:00,,,,,0.0,,,,,0.0,0.0,69,,,1019.3,,,,,,,,,1014.0,,,16.6,,,,22.6,,,,,,,,,,,,,,20,360,11.0,16.3,,10,,,11.9,
2006-11-07 22:00:00,,,,,0.0,,,,,0.0,0.0,68,,,1019.2,,,,,,,,,1013.9,,,16.4,,,,22.6,,,,,,,,,,,,,,10,20,11.6,16.1,,10,,,11.6,
2006-11-07 23:00:00,,,,,0.0,,,,,0.0,0.0,69,,,1019.7,,,,,,,,,1014.4,,,16.7,,,,22.7,,,,,,,,,,,,,,10,10,10.0,15.8,,10,,,11.9,
2006-11-08 00:00:00,,,,,0.0,,,,,0.0,0.0,68,,,1019.3,,,,,,,,,1014.0,,,16.6,,,,22.7,,,,,,,,,,,,,,10,10,10.8,15.0,,10,,,11.6,
2006-11-08 01:00:00,,,,,0.0,,,,,0.0,0.0,67,,,1019.0,,,,,,,,,1013.7,,,16.2,,,,22.6,,,,,,,,,,,,,,10,20,10.3,14.7,,10,,,11.2,
2006-11-08 02:00:00,,,,,0.0,,,,,0.0,0.0,68,,,1018.8,,,,,,,,,1013.5,,,16.7,,,,22.8,,,,,,,,,,,,,,10,360,11.3,15.0,,10,,,11.3,
2006-11-08 03:00:00,,,,,0.0,,,,,0.0,0.0,69,,,1018.6,,,,,,,,,1013.3,,,16.8,,,,22.7,,,,,,,,,,,,,,10,360,10.0,14.7,,10,,,11.4,
2006-11-08 04:00:00,,,,,0.0,,,,,0.0,0.0,69,,,1018.4,,,,,,,,,1013.1,,,16.7,,,,22.7,,,,,,,,,,,,,,10,10,9.3,13.9,,10,,,10.6,
2006-11-08 05:00:00,,,,,0.0,,,,,0.0,0.0,69,,,1018.4,,,,,,,,,1013.1,,,16.8,,,,22.7,,,,,,,,,,,,,,10,10,9.2,13.8,,10,,,10.4,
2006-11-08 06:00:00,,,,,0.0,,,,,0.0,0.0,71,,,1018.8,,,,,,,,,1013.5,0.0,,17.2,,,,22.8,,,,,,,,,,,,,,10,10,9.3,13.7,,10,,,10.4,
2006-11-08 07:00:00,,,,,0.0,,,,,0.0,0.0,70,,,1019.3,,,,,,,,,1014.0,0.0,,17.3,,,,23.1,,,,,,,,,,,,,,10,10,7.3,12.4,,10,,,9.1,
2006-11-08 08:00:00,,6.0,,,0.11,,,,,0.0,0.0,70,,,1019.9,,,,,,,,,1014.6,0.2,,18.3,,,,24.0,,,,,,,,,,25.0,,,,20,360,7.8,11.1,,10,,,8.3,
2006-11-08 09:00:00,,5.0,,,0.97,,,,,0.0,0.0,68,,,1020.4,,,,,,,,,1015.2,0.9,,19.0,,,,25.3,,,,,,,,,,25.0,,,,20,360,5.9,11.0,,20,,,7.9,
2006-11-08 10:00:00,,,,,1.38,,,,,0.0,0.0,66,,,1020.6,,,,,,,,,1015.4,0.8,,18.9,,,,25.8,,,,,,,,,,,,,,20,10,6.0,9.1,,10,,,7.0,
2006-11-08 11:00:00,,4.0,,,1.64,,,,,0.0,0.0,66,,,1020.2,,,,,,,,,1015.0,0.9,,18.8,,,,25.5,,,,,,,,,,25.0,,,,10,10,7.0,10.0,,10,,,7.3,
2006-11-08 12:00:00,,,,,1.79,,,,,0.0,0.0,65,,,1019.8,,,,,,,,,1014.6,1.0,,18.6,,,,25.6,,,,,,,,,,,,,,10,20,7.1,10.6,,10,,,8.0,
2006-11-08 13:00:00,,,,,1.78,,,,,0.0,0.0,67,,,1019.0,,,,,,,,,1013.8,1.0,,18.9,,,,25.6,,,,,,,,,,,,,,360,20,7.8,10.9,,360,,,8.3,
2006-11-08 14:00:00,,0.0,,,1.74,,,,,0.0,0.0,66,,,1018.4,,,,,,,,,1013.2,1.0,,18.6,,,,25.4,,,,,,,,,,20.0,,,,360,360,8.4,12.1,,360,,,8.9,
2006-11-08 15:00:00,,,,,1.2,,,,,0.0,0.0,66,,,1018.6,,,,,,,,,1013.4,1.0,,18.3,,,,25.1,,,,,,,,,,,,,,10,10,7.4,11.3,,360,,,8.9,
2006-11-08 16:00:00,,,,,0.72,,,,,0.0,0.0,68,,,1018.5,,,,,,,,,1013.3,1.0,,18.2,,,,24.6,,,,,,,,,,,,,,10,10,8.9,11.4,,10,,,9.0,
2006-11-08 17:00:00,,0.0,,,0.21,,,,,0.0,0.0,70,,,1018.9,,,,,,,,,1013.6,0.8,,18.2,,,,23.9,,,,,,,,,,20.0,,,,10,10,8.9,11.8,,10,,,9.1,
2006-11-08 18:00:00,,,,,0.0,,,,,0.0,0.0,71,,,1018.9,,,,,,,,,1013.6,0.0,,18.3,,,,23.8,,,,,,,,,,,,,,10,360,8.1,12.3,,10,,,9.0,
2006-11-08 19:00:00,,,,,0.0,,,,,0.0,0.0,73,,,1019.4,,,,,,,,,1014.1,0.0,,18.2,,,,23.4,,,,,,,,,,,,,,20,360,8.4,11.6,,20,,,8.7,
2006-11-08 20:00:00,,,,,0.0,,,,,0.0,0.0,74,,,1019.7,,,,,,,,,1014.4,,,18.5,,,,23.5,,,,,,,,,,,,,,30,20,7.3,10.7,,20,,,8.4,
2006-11-08 21:00:00,,,,,0.0,,,,,0.0,0.0,73,,,1019.9,,,,,,,,,1014.6,,,18.4,,,,23.5,,,,,,,,,,,,,,20,20,6.6,9.9,,20,,,7.7,
2006-11-08 22:00:00,,,,,0.0,,,,,0.0,0.0,73,,,1019.9,,,,,,,,,1014.6,,,18.2,,,,23.3,,,,,,,,,,,,,,40,30,4.8,8.6,,20,,,6.6,
2006-11-08 23:00:00,,,,,0.0,,,,,0.0,0.0,75,,,1020.1,,,,,,,,,1014.8,,,18.6,,,,23.2,,,,,,,,,,,,,,30,30,4.2,6.8,,30,,,5.2,
2006-11-09 00:00:00,,,,,0.0,,,,,0.0,0.0,74,,,1019.9,,,,,,,,,1014.6,,,18.7,,,,23.7,,,,,,,,,,,,,,20,20,4.5,5.8,,20,,,4.6,
2006-11-09 01:00:00,,,,,0.0,,,,,0.0,0.0,75,,,1019.7,,,,,,,,,1014.4,,,18.7,,,,23.4,,,,,,,,,,,,,,20,20,3.9,5.7,,20,,,4.7,
2006-11-09 02:00:00,,,,,0.0,,,,,0.0,0.0,74,,,1019.7,,,,,,,,,1014.4,,,18.8,,,,23.7,,,,,,,,,,,,,,10,10,4.6,6.1,,10,,,4.8,
2006-11-09 03:00:00,,,,,0.0,,,,,0.0,0.0,76,,,1019.5,,,,,,,,,1014.2,,,19.0,,,,23.5,,,,,,,,,,,,,,360,360,5.2,7.4,,360,,,5.5,
2006-11-09 04:00:00,,,,,0.0,,,,,0.0,0.0,75,,,1019.5,,,,,,,,,1014.2,,,18.6,,,,23.3,,,,,,,,,,,,,,10,10,4.7,7.9,,10,,,6.5,
2006-11-09 05:00:00,,,,,0.0,,,,,0.0,0.0,73,,,1019.8,,,,,,,,,1014.5,,,18.2,,,,23.3,,,,,,,,,,,,,,10,10,5.3,7.7,,10,,,5.6,
2006-11-09 06:00:00,,,,,0.0,,,,,0.0,0.0,73,,,1020.2,,,,,,,,,1014.9,0.0,,18.3,,,,23.4,,,,,,,,,,,,,,10,10,5.5,8.2,,10,,,6.2,
2006-11-09 07:00:00,,,,,0.0,,,,,0.0,0.0,72,,,1020.4,,,,,,,,,1015.1,0.3,,18.4,,,,23.7,,,,,,,,,,,,,,20,20,5.7,7.9,,20,,,5.8,
2006-11-09 08:00:00,,0.0,,,0.49,,,,,0.0,0.0,71,,,1020.8,,,,,,,,,1015.5,1.0,,18.8,,,,24.5,,,,,,,,,,25.0,,,,10,360,5.8,8.6,,10,,,6.6,
2006-11-09 09:00:00,,0.0,,,0.99,,,,,0.0,0.0,67,,,1021.0,,,,,,,,,1015.8,1.0,,19.1,,,,25.8,,,,,,,,,,25.0,,,,10,10,5.3,7.6,,10,,,5.8,
2006-11-09 10:00:00,,,,,1.35,,,,,0.0,0.0,66,,,1021.1,,,,,,,,,1015.9,1.0,,19.2,,,,26.0,,,,,,,,,,,,,,10,360,5.3,8.1,,10,,,6.4,
2006-11-09 11:00:00,,0.0,,,1.8,,,,,0.0,0.0,68,,,1020.4,,,,,,,,,1015.2,1.0,,19.4,,,,25.8,,,,,,,,,,25.0,,,,10,10,5.1,7.1,,10,,,5.3,
2006-11-09 12:00:00,,,,,1.8,,,,,0.0,0.0,66,,,1019.8,,,,,,,,,1014.6,1.0,,19.7,,,,26.5,,,,,,,,,,,,,,10,360,4.6,7.5,,10,,,5.5,
2006-11-09 13:00:00,,,,,1.8,,,,,0.0,0.0,68,,,1019.0,,,,,,,,,1013.8,1.0,,19.9,,,,26.4,,,,,,,,,,,,,,360,360,5.3,7.3,,10,,,5.3,
2006-11-09 14:00:00,,0.0,,,1.7,,,,,0.0,0.0,69,,,1017.9,,,,,,,,,1012.7,1.0,,19.5,,,,25.6,,,,,,,,,,20.0,,,,10,10,6.1,8.2,,10,,,6.4,
2006-11-09 15:00:00,,,,,1.2,,,,,0.0,0.0,69,,,1017.7,,,,,,,,,1012.5,1.0,,19.2,,,,25.3,,,,,,,,,,,,,,10,360,7.0,8.6,,10,,,7.0,
2006-11-09 16:00:00,,,,,0.7,,,,,0.0,0.0,70,,,1017.6,,,,,,,,,1012.4,1.0,,18.9,,,,24.7,,,,,,,,,,,,,,10,10,6.8,8.7,,10,,,6.9,
2006-11-09 17:00:00,,1.0,,,0.18,,,,,0.0,0.0,71,,,1018.1,,,,,,,,,1012.8,0.8,,18.7,,,,24.2,,,,,,,,,,20.0,,,,20,10,4.4,8.4,,10,,,6.8,
2006-11-09 18:00:00,,,,,0.0,,,,,0.0,0.0,73,,,1018.2,,,,,,,,,1012.9,0.0,,18.8,,,,23.9,,,,,,,,,,,,,,10,10,5.1,6.5,,10,,,5.1,
2006-11-09 19:00:00,,,,,0.0,,,,,0.0,0.0,74,,,1018.6,,,,,,,,,1013.3,0.0,,18.7,,,,23.6,,,,,,,,,,,,,,10,10,4.5,6.7,,10,,,5.2,
2006-11-09 20:00:00,,,,,0.0,,,,,0.0,0.0,74,,,1019.1,,,,,,,,,1013.8,,,18.7,,,,23.5,,,,,,,,,,,,,,10,10,4.0,6.0,,10,,,4.6,
2006-11-09 21:00:00,,,,,0.0,,,,,0.0,0.0,76,,,1019.1,,,,,,,,,1013.8,,,18.9,,,,23.3,,,,,,,,,,,,,,10,10,4.3,6.3,,10,,,4.8,
2006-11-09 22:00:00,,,,,0.0,,,,,0.0,0.0,78,,,1019.0,,,,,,,,,1013.7,,,19.0,,,,23.1,,,,,,,,,,,,,,10,360,3.5,6.1,,10,,,4.6,
2006-11-09 23:00:00,,,,,0.0,,,,,0.0,0.0,77,,,1019.0,,,,,,,,,1013.7,,,19.0,,,,23.2,,,,,,,,,,,,,,10,360,3.3,5.9,,10,,,4.8,
2006-11-10 00:00:00,,,,,0.0,,,,,0.0,0.0,78,,,1018.6,,,,,,,,,1013.3,,,18.9,,,,23.0,,,,,,,,,,,,,,360,10,2.8,4.4,,10,,,3.3,
2006-11-10 01:00:00,,,,,0.0,,,,,0.0,0.0,79,,,1018.2,,,,,,,,,1012.9,,,19.2,,,,23.0,,,,,,,,,,,,,,350,350,3.1,4.5,,350,,,3.1,
2006-11-10 02:00:00,,,,,0.0,,,,,0.0,0.0,80,,,1017.9,,,,,,,,,1012.6,,,19.2,,,,22.9,,,,,,,,,,,,,,340,350,3.7,5.3,,340,,,3.7,
2006-11-10 03:00:00,,,,,0.0,,,,,0.0,0.0,77,,,1017.7,,,,,,,,,1012.4,,,18.4,,,,22.7,,,,,,,,,,,,,,350,360,4.5,6.6,,350,,,4.7,
2006-11-10 04:00:00,,,,,0.0,,,,,0.0,0.0,76,,,1017.6,,,,,,,,,1012.3,,,18.3,,,,22.8,,,,,,,,,,,,,,360,360,5.3,7.3,,360,,,5.3,
2006-11-10 05:00:00,,,,,0.0,,,,,0.0,0.0,75,,,1017.2,,,,,,,,,1011.9,,,18.2,,,,22.9,,,,,,,,,,,,,,360,360,6.5,8.3,,360,,,6.5,
2006-11-10 06:00:00,,,,,0.0,,,,,0.0,0.0,74,,,1017.7,,,,,,,,,1012.4,0.0,,18.3,,,,23.2,,,,,,,,,,,,,,360,360,7.2,9.9,,360,,,7.4,
2006-11-10 07:00:00,,,,,0.0,,,,,0.0,0.0,74,,,1018.4,,,,,,,,,1013.1,0.0,,18.5,,,,23.3,,,,,,,,,,,,,,360,360,5.9,9.7,,360,,,7.5,
2006-11-10 08:00:00,,0.0,,,0.46,,,,,0.0,0.0,71,,,1018.8,,,,,,,,,1013.5,1.0,,18.6,,,,24.3,,,,,,,,,,20.0,,,,10,360,5.2,8.3,,10,,,6.6,
2006-11-10 09:00:00,,0.0,,,0.97,,,,,0.0,0.0,66,,,1018.9,,,,,,,,,1013.7,1.0,,18.8,,,,25.7,,,,,,,,,,25.0,,,,20,360,5.2,7.8,,10,,,5.8,
2006-11-10 10:00:00,,,,,1.4,,,,,0.0,0.0,62,,,1018.4,,,,,,,,,1013.2,1.0,,19.1,,,,27.1,,,,,,,,,,,,,,30,20,3.5,6.7,,20,,,5.3,
2006-11-10 11:00:00,,1.0,,,1.8,,,,,0.0,0.0,69,,,1017.6,,,,,,,,,1012.4,1.0,,20.1,,,,26.3,,,,,,,,,,25.0,,,,350,40,2.9,5.0,,30,,,3.6,
2006-11-10 12:00:00,,,,,1.8,,,,,0.0,0.0,67,,,1017.0,,,,,,,,,1011.8,1.0,,20.1,,,,26.8,,,,,,,,,,,,,,360,10,4.5,6.9,,360,,,4.5,
2006-11-10 13:00:00,,,,,1.8,,,,,0.0,0.0,66,,,1016.2,,,,,,,,,1011.0,1.0,,19.8,,,,26.6,,,,,,,,,,,,,,10,360,4.4,7.2,,360,,,5.3,
2006-11-10 14:00:00,,0.0,,,1.7,,,,,0.0,0.0,68,,,1015.5,,,,,,,,,1010.3,1.0,,20.3,,,,26.8,,,,,,,,,,20.0,,,,10,10,5.3,7.2,,10,,,5.7,
2006-11-10 15:00:00,,,,,1.2,,,,,0.0,0.0,70,,,1015.1,,,,,,,,,1009.9,1.0,,20.2,,,,26.0,,,,,,,,,,,,,,20,20,4.5,6.9,,20,,,5.7,
2006-11-10 16:00:00,,,,,0.69,,,,,0.0,0.0,72,,,1014.7,,,,,,,,,1009.5,1.0,,19.7,,,,25.1,,,,,,,,,,,,,,10,10,5.5,7.3,,10,,,5.8,
2006-11-10 17:00:00,,1.0,,,0.2,,,,,0.0,0.0,75,,,1015.2,,,,,,,,,1010.0,0.8,,19.7,,,,24.5,,,,,,,,,,15.0,,,,10,360,5.1,6.8,,10,,,5.4,
2006-11-10 18:00:00,,,,,0.0,,,,,0.0,0.0,76,,,1015.4,,,,,,,,,1010.2,0.0,,19.6,,,,24.0,,,,,,,,,,,,,,20,360,3.4,5.8,,10,,,5.0,
2006-11-10 19:00:00,,,,,0.0,,,,,0.0,0.0,78,,,1015.8,,,,,,,,,1010.6,0.0,,19.8,,,,23.9,,,,,,,,,,,,,,360,350,4.0,5.4,,360,,,4.1,
2006-11-10 20:00:00,,,,,0.0,,,,,0.0,0.0,78,,,1016.5,,,,,,,,,1011.2,,,19.7,,,,23.8,,,,,,,,,,,,,,360,360,5.3,7.2,,360,,,5.7,
2006-11-10 21:00:00,,,,,0.0,,,,,0.0,0.0,79,,,1017.0,,,,,,,,,1011.7,,,20.1,,,,24.0,,,,,,,,,,,,,,360,10,5.3,7.0,,10,,,5.3,
2006-11-10 22:00:00,,,,,0.0,,,,,0.0,0.0,79,,,1016.7,,,,,,,,,1011.4,,,20.0,,,,23.9,,,,,,,,,,,,,,20,10,4.8,8.0,,10,,,5.9,
2006-11-10 23:00:00,,,,,0.0,,,,,0.0,0.0,78,,,1016.6,,,,,,,,,1011.3,,,19.8,,,,23.9,,,,,,,,,,,,,,20,10,4.0,6.1,,20,,,4.6,
2006-11-11 00:00:00,,,,,0.0,,,,,0.0,0.0,80,,,1016.0,,,,,,,,,1010.8,,,20.2,,,,23.9,,,,,,,,,,,,,,10,10,4.7,6.1,,10,,,5.0,
2006-11-11 01:00:00,,,,,0.0,,,,,0.0,0.0,80,,,1015.3,,,,,,,,,1010.1,,,20.3,,,,23.9,,,,,,,,,,,,,,360,360,3.5,5.8,,10,,,4.6,
2006-11-11 02:00:00,,,,,0.0,,,,,0.0,0.0,79,,,1014.9,,,,,,,,,1009.7,,,20.1,,,,24.0,,,,,,,,,,,,,,360,360,5.5,7.3,,360,,,5.5,
2006-11-11 03:00:00,,,,,0.0,,,,,0.0,0.0,78,,,1014.5,,,,,,,,,1009.3,,,19.9,,,,23.9,,,,,,,,,,,,,,360,360,7.3,9.7,,360,,,7.3,
2006-11-11 04:00:00,,,,,0.0,,,,,0.0,0.0,76,,,1014.4,,,,,,,,,1009.2,,,19.4,,,,23.9,,,,,,,,,,,,,,360,10,7.7,10.4,,360,,,7.8,
2006-11-11 05:00:00,,,,,0.0,,,,,0.0,0.0,76,,,1014.5,,,,,,,,,1009.3,,,19.5,,,,23.9,,,,,,,,,,,,,,10,360,8.4,11.3,,360,,,8.6,
2006-11-11 06:00:00,,,,,0.0,,,,,0.0,0.0,76,,,1014.8,,,,,,,,,1009.6,0.0,,19.5,,,,23.9,,,,,,,,,,,,,,10,360,7.6,10.4,,10,,,8.3,
2006-11-11 07:00:00,,,,,0.0,,,,,0.0,0.0,75,,,1015.2,,,,,,,,,1010.0,0.0,,19.4,,,,24.2,,,,,,,,,,,,,,10,10,9.9,13.2,,10,,,10.0,
2006-11-11 08:00:00,,0.0,,,0.39,,,,,0.0,0.0,74,,,1015.9,,,,,,,,,1010.7,0.7,,19.7,,,,24.7,,,,,,,,,,25.0,,,,10,10,10.8,14.8,,10,,,11.1,
2006-11-11 09:00:00,,0.0,,,0.8,,,,,0.0,0.0,71,,,1016.5,,,,,,,,,1011.3,1.0,,19.8,,,,25.5,,,,,,,,,,25.0,,,,10,10,9.0,15.0,,10,,,11.3,
2006-11-11 10:00:00,,,,,1.2,,,,,0.0,0.0,69,,,1016.6,,,,,,,,,1011.4,1.0,,19.9,,,,26.0,,,,,,,,,,,,,,10,20,9.6,13.8,,10,,,9.9,
2006-11-11 11:00:00,,0.0,,,1.64,,,,,0.0,0.0,69,,,1015.7,,,,,,,,,1010.5,1.0,,19.9,,,,26.1,,,,,,,,,,20.0,,,,10,10,12.9,17.3,,10,,,13.7,
2006-11-11 12:00:00,,,,,1.8,,,,,0.0,0.0,64,,,1015.4,,,,,,,,,1010.2,1.0,,19.3,,,,26.7,,,,,,,,,,,,,,20,360,11.6,17.4,,10,,,12.9,
2006-11-11 13:00:00,,,,,1.8,,,,,0.0,0.0,64,,,1014.5,,,,,,,,,1009.3,1.0,,19.3,,,,26.6,,,,,,,,,,,,,,10,10,11.9,18.0,,10,,,13.1,
2006-11-11 14:00:00,,0.0,,,1.32,,,,,0.0,0.0,67,,,1013.8,,,,,,,,,1008.6,1.0,,19.5,,,,26.0,,,,,,,,,,8.0,,,,10,10,13.3,18.7,,10,,,13.6,
2006-11-11 15:00:00,,,,,1.03,,,,,0.0,0.0,62,,,1013.6,,,,,,,,,1008.4,1.0,,18.0,,,,25.8,,,,,,,,,,,,,,20,20,14.7,20.3,,20,,,14.8,
2006-11-11 16:00:00,,,,,0.6,,,,,0.0,0.0,63,,,1013.9,,,,,,,,,1008.7,1.0,,17.7,,,,25.3,,,,,,,,,,,,,,10,10,15.4,20.6,,10,,,15.4,
2006-11-11 17:00:00,,0.0,,,0.06,,,,,0.0,0.0,62,,,1014.2,,,,,,,,,1009.0,0.1,,17.1,,,,24.9,,,,,,,,,,5.0,,,,10,20,14.4,22.3,,10,,,15.9,
2006-11-11 18:00:00,,,,,0.0,,,,,0.0,0.0,61,,,1014.8,,,,,,,,,1009.6,0.0,,16.7,,,,24.6,,,,,,,,,,,,,,20,20,14.2,22.5,,20,,,16.0,
2006-11-11 19:00:00,,,,,0.0,,,,,0.0,0.0,60,,,1015.2,,,,,,,,,1010.0,0.0,,16.3,,,,24.7,,,,,,,,,,,,,,20,30,14.6,21.6,,20,,,15.1,
2006-11-11 20:00:00,,,,,0.0,,,,,0.0,0.0,52,,,1015.8,,,,,,,,,1010.6,,,14.6,,,,25.0,,,,,,,,,,,,,,20,20,14.5,21.3,,20,,,15.4,
2006-11-11 21:00:00,,,,,0.0,,,,,0.0,0.0,46,,,1016.1,,,,,,,,,1010.9,,,12.9,,,,25.5,,,,,,,,,,,,,,30,40,13.3,19.5,,30,,,14.7,
2006-11-11 22:00:00,,,,,0.0,,,,,0.0,0.0,45,,,1015.5,,,,,,,,,1010.3,,,13.1,,,,25.8,,,,,,,,,,,,,,20,20,13.3,18.7,,20,,,14.6,
2006-11-11 23:00:00,,,,,0.0,,,,,0.0,0.0,43,,,1015.1,,,,,,,,,1009.9,,,12.2,,,,25.7,,,,,,,,,,,,,,20,20,15.3,21.5,,20,,,15.7,
2006-11-12 00:00:00,,,,,0.0,,,,,0.0,0.0,42,,,1015.1,,,,,,,,,1009.9,,,11.4,,,,25.3,,,,,,,,,,,,,,20,30,16.0,22.4,,20,,,17.1,
2006-11-12 01:00:00,,,,,0.0,,,,,0.0,0.0,48,,,1015.0,,,,,,,,,1009.8,,,13.1,,,,24.7,,,,,,,,,,,,,,20,30,15.3,21.8,,20,,,16.5,
2006-11-12 02:00:00,,,,,0.0,,,,,0.0,0.0,48,,,1014.9,,,,,,,,,1009.7,,,12.5,,,,24.2,,,,,,,,,,,,,,20,10,16.9,22.6,,20,,,17.0,
2006-11-12 03:00:00,,,,,0.0,,,,,0.0,0.0,48,,,1014.9,,,,,,,,,1009.7,,,12.1,,,,23.6,,,,,,,,,,,,,,20,20,17.3,24.4,,20,,,17.9,
2006-11-12 04:00:00,,,,,0.0,,,,,0.0,0.0,53,,,1015.0,,,,,,,,,1009.7,,,13.0,,,,23.2,,,,,,,,,,,,,,20,30,15.6,24.4,,20,,,18.1,
2006-11-12 05:00:00,,,,,0.0,,,,,0.0,0.0,54,,,1015.0,,,,,,,,,1009.7,,,12.9,,,,22.8,,,,,,,,,,,,,,20,30,17.6,23.2,,20,,,17.7,
2006-11-12 06:00:00,,,,,0.0,,,,,0.0,0.0,55,,,1015.7,,,,,,,,,1010.4,0.0,,12.7,,,,22.3,,,,,,,,,,,,,,20,20,17.5,24.6,,20,,,18.0,
2006-11-12 07:00:00,,,,,0.0,,,,,0.0,0.0,58,,,1016.4,,,,,,,,,1011.1,0.0,,13.8,,,,22.4,,,,,,,,,,,,,,20,20,16.6,23.9,,20,,,18.2,
2006-11-12 08:00:00,,0.0,,,0.38,,,,,0.0,0.0,58,,,1017.0,,,,,,,,,1011.7,0.8,,14.5,,,,23.1,,,,,,,,,,8.0,,,,20,20,17.1,23.5,,20,,,18.1,
2006-11-12 09:00:00,,0.0,,,0.83,,,,,0.0,0.0,56,,,1017.3,,,,,,,,,1012.0,1.0,,14.2,,,,23.6,,,,,,,,,,10.0,,,,20,20,16.7,23.6,,20,,,18.0,
2006-11-12 10:00:00,,,,,1.25,,,,,0.0,0.0,53,,,1017.3,,,,,,,,,1012.0,1.0,,13.9,,,,24.0,,,,,,,,,,,,,,20,20,16.8,23.3,,20,,,17.4,
2006-11-12 11:00:00,,0.0,,,1.8,,,,,0.0,0.0,54,,,1016.7,,,,,,,,,1011.5,1.0,,14.8,,,,24.7,,,,,,,,,,15.0,,,,20,20,16.0,22.3,,20,,,17.1,
2006-11-12 12:00:00,,,,,1.8,,,,,0.0,0.0,58,,,1016.3,,,,,,,,,1011.1,1.0,,15.8,,,,24.6,,,,,,,,,,,,,,20,30,13.0,19.3,,20,,,16.2,
2006-11-12 13:00:00,,,,,1.8,,,,,0.0,0.0,61,,,1015.8,,,,,,,,,1010.6,1.0,,16.9,,,,24.9,,,,,,,,,,,,,,20,20,11.8,17.0,,20,,,12.9,
2006-11-12 14:00:00,,0.0,,,1.57,,,,,0.0,0.0,61,,,1015.1,,,,,,,,,1009.9,1.0,,16.7,,,,24.6,,,,,,,,,,15.0,,,,20,10,11.1,16.2,,20,,,11.7,
2006-11-12 15:00:00,,,,,1.2,,,,,0.0,0.0,65,,,1014.9,,,,,,,,,1009.7,1.0,,17.3,,,,24.4,,,,,,,,,,,,,,20,10,10.9,16.1,,10,,,12.0,
2006-11-12 16:00:00,,,,,0.64,,,,,0.0,0.0,64,,,1015.2,,,,,,,,,1010.0,1.0,,16.8,,,,24.0,,,,,,,,,,,,,,20,20,9.9,14.8,,20,,,11.2,
2006-11-12 17:00:00,,0.0,,,0.12,,,,,0.0,0.0,64,,,1016.1,,,,,,,,,1010.8,0.3,,16.5,,,,23.6,,,,,,,,,,20.0,,,,20,30,8.2,13.9,,20,,,10.2,
2006-11-12 18:00:00,,,,,0.0,,,,,0.0,0.0,65,,,1016.8,,,,,,,,,1011.5,0.0,,16.5,,,,23.4,,,,,,,,,,,,,,20,360,7.7,12.4,,10,,,8.5,
2006-11-12 19:00:00,,,,,0.0,,,,,0.0,0.0,65,,,1017.2,,,,,,,,,1011.9,0.0,,16.6,,,,23.6,,,,,,,,,,,,,,10,30,7.0,11.0,,20,,,8.0,
2006-11-12 20:00:00,,,,,0.0,,,,,0.0,0.0,65,,,1017.7,,,,,,,,,1012.4,,,16.7,,,,23.6,,,,,,,,,,,,,,10,360,6.8,10.3,,10,,,7.0,
2006-11-12 21:00:00,,,,,0.0,,,,,0.0,0.0,65,,,1017.7,,,,,,,,,1012.4,,,16.5,,,,23.5,,,,,,,,,,,,,,360,360,5.3,9.1,,10,,,6.8,
2006-11-12 22:00:00,,,,,0.0,,,,,0.0,0.0,64,,,1017.5,,,,,,,,,1012.2,,,16.3,,,,23.4,,,,,,,,,,,,,,360,360,4.3,7.6,,360,,,5.3,
2006-11-12 23:00:00,,,,,0.0,,,,,0.0,0.0,65,,,1017.2,,,,,,,,,1011.9,,,16.3,,,,23.2,,,,,,,,,,,,,,350,350,4.5,7.9,,360,,,5.2,
2006-11-13 00:00:00,,,,,0.0,,,,,0.0,0.0,65,,,1017.1,,,,,,,,,1011.8,,,15.9,,,,22.9,,,,,,,,,,,,,,340,330,4.5,7.0,,350,,,4.9,
2006-11-13 01:00:00,,,,,0.0,,,,,0.0,0.0,64,,,1016.6,,,,,,,,,1011.3,,,15.8,,,,22.9,,,,,,,,,,,,,,350,350,4.6,6.8,,350,,,4.7,
2006-11-13 02:00:00,,,,,0.0,,,,,0.0,0.0,65,,,1016.3,,,,,,,,,1011.0,,,15.7,,,,22.7,,,,,,,,,,,,,,350,350,5.2,8.6,,350,,,5.7,
2006-11-13 03:00:00,,,,,0.0,,,,,0.0,0.0,65,,,1015.9,,,,,,,,,1010.6,,,15.7,,,,22.7,,,,,,,,,,,,,,350,340,5.0,8.9,,350,,,6.3,
2006-11-13 04:00:00,,,,,0.0,,,,,0.0,0.0,65,,,1015.6,,,,,,,,,1010.3,,,15.9,,,,22.7,,,,,,,,,,,,,,350,350,5.4,8.7,,360,,,6.1,
2006-11-13 05:00:00,,,,,0.0,,,,,0.0,0.0,65,,,1015.8,,,,,,,,,1010.5,,,16.0,,,,22.8,,,,,,,,,,,,,,360,360,5.2,8.1,,350,,,5.8,
2006-11-13 06:00:00,,,,,0.0,,,,,0.0,0.0,65,,,1016.6,,,,,,,,,1011.3,0.0,,16.0,,,,22.8,,,,,,,,,,,,,,360,360,5.1,7.1,,360,,,5.1,
2006-11-13 07:00:00,,,,,0.0,,,,,0.0,0.0,64,,,1017.2,,,,,,,,,1011.9,0.0,,15.9,,,,23.0,,,,,,,,,,,,,,360,360,4.7,7.2,,360,,,5.3,
2006-11-13 08:00:00,,1.0,,,0.36,,,,,0.0,0.0,63,,,1017.6,,,,,,,,,1012.3,0.7,,16.6,,,,24.1,,,,,,,,,,20.0,,,,360,10,4.5,7.2,,360,,,5.0,
2006-11-13 09:00:00,,2.0,,,0.92,,,,,0.0,0.0,62,,,1018.1,,,,,,,,,1012.9,1.0,,17.0,,,,24.7,,,,,,,,,,20.0,,,,360,360,5.5,7.7,,360,,,5.6,
2006-11-13 10:00:00,,,,,1.01,,,,,0.0,0.0,67,,,1018.3,,,,,,,,,1013.0,0.5,,17.8,,,,24.3,,,,,,,,,,,,,,10,10,6.5,9.8,,10,,,7.2,
2006-11-13 11:00:00,,9.0,,,0.92,,,,,0.0,0.0,69,,,1017.6,,,,,,,,,1012.3,0.0,,17.9,,,,24.0,,,,,,,,,,15.0,,,,10,20,7.1,9.5,,10,,,7.3,
2006-11-13 12:00:00,,,,,1.27,,,,,0.0,0.0,67,,,1016.8,,,,,,,,,1011.6,0.3,,18.3,,,,24.8,,,,,,,,,,,,,,10,10,6.7,9.8,,10,,,7.6,
2006-11-13 13:00:00,,,,,1.2,,,,,0.0,0.0,68,,,1016.1,,,,,,,,,1010.9,0.4,,18.2,,,,24.4,,,,,,,,,,,,,,10,10,6.1,9.6,,10,,,7.1,
2006-11-13 14:00:00,,8.0,,,0.87,,,,,0.0,0.0,66,,,1015.3,,,,,,,,,1010.1,0.0,,17.8,,,,24.6,,,,,,,,,,15.0,,,,10,10,5.9,8.7,,10,,,6.5,
2006-11-13 15:00:00,,,,,0.5,,,,,0.0,0.0,66,,,1015.2,,,,,,,,,1010.0,0.0,,17.5,,,,24.2,,,,,,,,,,,,,,20,20,5.5,8.1,,20,,,6.2,
2006-11-13 16:00:00,,,,,0.2,,,,,0.0,0.0,64,,,1015.4,,,,,,,,,1010.2,0.0,,17.1,,,,24.4,,,,,,,,,,,,,,20,30,4.0,7.2,,20,,,5.5,
2006-11-13 17:00:00,,8.0,,,0.08,,,,,0.0,0.0,65,,,1015.7,,,,,,,,,1010.5,0.2,,16.9,,,,23.9,,,,,,,,,,15.0,,,,30,20,3.1,5.5,,20,,,4.5,
2006-11-13 18:00:00,,,,,0.0,,,,,0.0,0.0,65,,,1016.1,,,,,,,,,1010.9,0.0,,16.9,,,,23.9,,,,,,,,,,,,,,20,20,3.0,4.9,,20,,,3.6,
2006-11-13 19:00:00,,,,,0.0,,,,,0.0,0.0,65,,,1016.6,,,,,,,,,1011.3,0.0,,17.0,,,,23.9,,,,,,,,,,,,,,10,10,3.0,4.1,,20,,,3.1,
2006-11-13 20:00:00,,,,,0.0,,,,,0.0,0.0,65,,,1016.9,,,,,,,,,1011.7,,,17.2,,,,24.1,,,,,,,,,,,,,,360,10,3.1,4.1,,10,,,3.2,
2006-11-13 21:00:00,,,,,0.0,,,,,0.0,0.0,66,,,1017.3,,,,,,,,,1012.1,,,17.4,,,,24.2,,,,,,,,,,,,,,360,10,2.0,4.7,,10,,,3.4,
2006-11-13 22:00:00,,,,,0.0,,,,,0.0,0.0,61,,,1017.4,,,,,,,,,1012.2,,,16.5,,,,24.4,,,,,,,,,,,,,,360,360,3.2,4.1,,360,,,3.2,
2006-11-13 23:00:00,,,,,0.0,,,,,0.0,0.0,62,,,1017.2,,,,,,,,,1012.0,,,16.5,,,,24.2,,,,,,,,,,,,,,20,10,2.9,4.3,,10,,,3.4,
2006-11-14 00:00:00,,,,,0.0,,,,,0.0,0.0,61,,,1017.0,,,,,,,,,1011.8,,,16.5,,,,24.4,,,,,,,,,,,,,,10,20,3.2,4.3,,20,,,3.4,
2006-11-14 01:00:00,,,,,0.0,,,,,0.0,0.0,65,,,1016.8,,,,,,,,,1011.6,,,17.5,,,,24.4,,,,,,,,,,,,,,20,10,4.0,5.6,,20,,,4.1,
2006-11-14 02:00:00,,,,,0.0,,,,,0.0,0.0,66,,,1016.3,,,,,,,,,1011.1,,,17.8,,,,24.5,,,,,,,,,,,,,,40,40,4.2,5.7,,20,,,4.4,
2006-11-14 03:00:00,,,,,0.0,,,,,0.0,0.0,61,,,1016.4,,,,,,,,,1011.2,,,16.8,,,,24.7,,,,,,,,,,,,,,20,30,5.3,6.7,,20,,,5.3,
2006-11-14 04:00:00,,,,,0.0,,,,,0.0,0.0,64,,,1016.4,,,,,,,,,1011.2,,,17.3,,,,24.6,,,,,,,,,,,,,,10,360,5.5,7.6,,10,,,6.1,
2006-11-14 05:00:00,,,,,0.0,,,,,0.0,0.0,64,,,1016.5,,,,,,,,,1011.3,,,16.8,,,,24.1,,,,,,,,,,,,,,360,350,8.4,11.2,,360,,,8.7,
2006-11-14 06:00:00,,,,,0.0,,,,,0.0,0.0,66,,,1016.8,,,,,,,,,1011.6,0.0,,17.7,,,,24.4,,,,,,,,,,,,,,20,360,8.2,11.0,,360,,,8.6,
2006-11-14 07:00:00,,,,,0.0,,,,,0.0,0.0,68,,,1017.7,,,,,,,,,1012.4,0.0,,18.0,,,,24.2,,,,,,,,,,,,,,20,10,8.4,11.6,,20,,,9.1,
2006-11-14 08:00:00,,9.0,,,0.16,,,,,0.0,0.0,64,,,1018.4,,,,,,,,,1013.2,0.0,,17.8,,,,25.0,,,,,,,,,,20.0,,,,30,20,7.8,11.5,,20,,,8.9,
2006-11-14 09:00:00,,6.0,,,0.89,,,,,0.0,0.0,58,,,1019.0,,,,,,,,,1013.8,0.6,,17.3,,,,26.2,,,,,,,,,,25.0,,,,20,30,7.4,10.6,,30,,,7.9,
2006-11-14 10:00:00,,,,,1.18,,,,,0.0,0.0,61,,,1019.2,,,,,,,,,1014.0,0.9,,18.0,,,,26.1,,,,,,,,,,,,,,20,20,6.2,9.3,,20,,,7.3,
2006-11-14 11:00:00,,9.0,,,0.85,,,,,0.0,0.0,57,,,1018.6,,,,,,,,,1013.4,0.3,,16.6,,,,25.9,,,,,,,,,,25.0,,,,10,10,7.4,10.4,,10,,,7.7,
2006-11-14 12:00:00,,,,,0.6,,,,,0.0,0.0,53,,,1017.8,,,,,,,,,1012.6,0.0,,15.5,,,,25.9,,,,,,,,,,,,,,20,20,7.7,12.2,,20,,,8.5,
2006-11-14 13:00:00,,,,,0.6,,,,,0.0,0.0,60,,,1017.6,,,,,,,,,1012.4,0.0,,16.5,,,,24.7,,,,,,,,,,,,,,30,40,7.7,10.8,,30,,,8.2,
2006-11-14 14:00:00,,10.0,,,0.08,,,,,0.3,0.5,67,,,1017.6,,,,,,,,,1012.3,0.0,,17.0,,,,23.4,,,,,,,,,,15.0,,,,30,30,6.8,10.9,,20,,,8.4,
2006-11-14 15:00:00,,,,,0.25,,,,,0.1,0.2,70,,,1017.3,,,,,,,,,1012.0,0.0,,17.7,,,,23.5,,,,,,,,,,,,,,20,20,6.3,9.4,,20,,,7.1,
2006-11-14 16:00:00,,,,,0.07,,,,,0.0,0.0,66,,,1017.4,,,,,,,,,1012.1,0.0,,16.7,,,,23.3,,,,,,,,,,,,,,20,20,6.5,9.0,,20,,,6.7,
2006-11-14 17:00:00,,9.0,,,0.0,,,,,0.0,0.0,64,,,1017.5,,,,,,,,,1012.2,0.0,,15.9,,,,23.2,,,,,,,,,,20.0,,,,30,30,7.1,10.1,,30,,,7.2,
2006-11-14 18:00:00,,,,,0.0,,,,,0.0,0.0,50,,,1017.6,,,,,,,,,1012.3,0.0,,13.0,,,,24.2,,,,,,,,,,,,,,20,20,9.7,13.4,,20,,,10.1,
2006-11-14 19:00:00,,,,,0.0,,,,,0.0,0.0,53,,,1018.1,,,,,,,,,1012.9,0.0,,14.2,,,,24.4,,,,,,,,,,,,,,20,20,11.4,15.0,,20,,,11.4,
2006-11-14 20:00:00,,,,,0.0,,,,,0.0,0.0,64,,,1018.9,,,,,,,,,1013.6,,,16.9,,,,24.2,,,,,,,,,,,,,,20,30,11.0,15.1,,20,,,11.5,
2006-11-14 21:00:00,,,,,0.0,,,,,0.0,0.0,61,,,1018.5,,,,,,,,,1013.2,,,16.3,,,,24.4,,,,,,,,,,,,,,20,30,12.4,16.6,,20,,,12.8,
2006-11-14 22:00:00,,,,,0.0,,,,,0.0,0.0,68,,,1018.4,,,,,,,,,1013.1,,,17.4,,,,23.7,,,,,,,,,,,,,,20,20,13.3,17.0,,20,,,13.4,
2006-11-14 23:00:00,,,,,0.0,,,,,0.0,0.0,71,,,1017.8,,,,,,,,,1012.5,,,17.4,,,,23.0,,,,,,,,,,,,,,20,30,13.7,19.1,,20,,,14.4,
2006-11-15 00:00:00,,,,,0.0,,,,,0.0,0.0,69,,,1017.6,,,,,,,,,1012.3,,,17.3,,,,23.3,,,,,,,,,,,,,,20,30,14.1,18.3,,20,,,14.3,
2006-11-15 01:00:00,,,,,0.0,,,,,0.0,0.0,69,,,1018.0,,,,,,,,,1012.7,,,17.3,,,,23.3,,,,,,,,,,,,,,20,20,12.3,18.4,,20,,,14.2,
2006-11-15 02:00:00,,,,,0.0,,,,,0.0,0.0,67,,,1017.6,,,,,,,,,1012.3,,,16.9,,,,23.4,,,,,,,,,,,,,,20,10,12.9,18.3,,20,,,13.2,
2006-11-15 03:00:00,,,,,0.0,,,,,0.0,0.0,67,,,1016.9,,,,,,,,,1011.6,,,16.8,,,,23.3,,,,,,,,,,,,,,20,30,15.7,20.1,,20,,,15.7,
2006-11-15 04:00:00,,,,,0.0,,,,,0.0,0.0,70,,,1016.9,,,,,,,,,1011.6,,,17.6,,,,23.4,,,,,,,,,,,,,,20,20,14.5,20.6,,20,,,15.9,
2006-11-15 05:00:00,,,,,0.0,,,,,0.0,0.0,68,,,1017.4,,,,,,,,,1012.1,,,17.0,,,,23.3,,,,,,,,,,,,,,20,30,15.2,19.6,,20,,,15.5,
2006-11-15 06:00:00,,,,,0.0,,,,,0.0,0.0,70,,,1018.2,,,,,,,,,1012.9,0.0,,17.5,,,,23.3,,,,,,,,,,,,,,20,20,14.1,19.3,,20,,,14.8,
2006-11-15 07:00:00,,,,,0.0,,,,,0.0,0.0,70,,,1018.9,,,,,,,,,1013.6,0.0,,17.2,,,,23.0,,,,,,,,,,,,,,20,30,12.9,17.7,,20,,,14.0,
2006-11-15 08:00:00,,10.0,,,0.0,,,,,-9.8,0.3,75,,,1019.1,,,,,,,,,1013.8,0.0,,17.8,,,,22.5,,,,,,,,,,10.0,,,,30,30,13.8,18.0,,30,,,14.1,
2006-11-15 09:00:00,,10.0,,,0.02,,,,,0.0,0.0,73,,,1019.6,,,,,,,,,1014.3,0.0,,18.1,,,,23.1,,,,,,,,,,8.0,,,,20,20,13.3,18.1,,30,,,14.0,
2006-11-15 10:00:00,,,,,0.15,,,,,0.0,0.0,75,,,1019.7,,,,,,,,,1014.4,0.0,,17.9,,,,22.6,,,,,,,,,,,,,,20,20,12.7,17.8,,20,,,13.7,
2006-11-15 11:00:00,,10.0,,,0.29,,,,,0.0,0.0,77,,,1019.1,,,,,,,,,1013.8,0.0,,18.5,,,,22.7,,,,,,,,,,8.0,,,,20,10,11.3,16.7,,20,,,12.8,
2006-11-15 12:00:00,,,,,0.7,,,,,0.0,0.0,73,,,1018.4,,,,,,,,,1013.1,0.0,,18.1,,,,23.3,,,,,,,,,,,,,,10,10,9.8,16.1,,20,,,11.8,
2006-11-15 13:00:00,,,,,0.87,,,,,0.0,0.0,74,,,1017.4,,,,,,,,,1012.1,0.0,,17.9,,,,22.8,,,,,,,,,,,,,,20,20,11.6,16.0,,20,,,11.6,
2006-11-15 14:00:00,,10.0,,,0.73,,,,,0.0,0.0,75,,,1017.0,,,,,,,,,1011.7,0.0,,18.0,,,,22.6,,,,,,,,,,8.0,,,,20,20,11.8,15.9,,20,,,12.1,
2006-11-15 15:00:00,,,,,0.23,,,,,0.0,0.0,74,,,1016.8,,,,,,,,,1011.5,0.0,,18.1,,,,23.0,,,,,,,,,,,,,,10,20,11.1,16.6,,20,,,12.4,
2006-11-15 16:00:00,,,,,0.03,,,,,0.0,0.0,75,,,1017.1,,,,,,,,,1011.8,0.0,,18.0,,,,22.6,,,,,,,,,,,,,,20,10,10.1,16.8,,20,,,11.5,
2006-11-15 17:00:00,,10.0,,,0.0,,,,,0.0,0.0,76,,,1017.4,,,,,,,,,1012.1,0.0,,18.0,,,,22.5,,,,,,,,,,10.0,,,,10,20,9.6,14.2,,20,,,10.8,
2006-11-15 18:00:00,,,,,0.0,,,,,0.0,0.0,77,,,1017.7,,,,,,,,,1012.4,0.0,,18.4,,,,22.6,,,,,,,,,,,,,,20,20,9.1,13.3,,20,,,9.9,
2006-11-15 19:00:00,,,,,0.0,,,,,0.0,0.0,78,,,1017.9,,,,,,,,,1012.6,0.0,,18.5,,,,22.5,,,,,,,,,,,,,,20,20,10.0,14.2,,20,,,10.8,
2006-11-15 20:00:00,,,,,0.0,,,,,0.0,0.0,74,,,1018.5,,,,,,,,,1013.2,,,18.1,,,,22.9,,,,,,,,,,,,,,20,30,9.1,13.0,,20,,,10.0,
2006-11-15 21:00:00,,,,,0.0,,,,,0.0,0.0,74,,,1018.5,,,,,,,,,1013.2,,,18.2,,,,23.0,,,,,,,,,,,,,,20,30,8.4,11.8,,30,,,9.1,
2006-11-15 22:00:00,,,,,0.0,,,,,0.0,0.0,73,,,1018.8,,,,,,,,,1013.5,,,17.9,,,,23.0,,,,,,,,,,,,,,20,20,7.6,10.9,,20,,,8.6,
2006-11-15 23:00:00,,,,,0.0,,,,,0.0,0.0,70,,,1018.5,,,,,,,,,1013.2,,,17.3,,,,23.0,,,,,,,,,,,,,,20,20,6.6,10.3,,20,,,8.0,
2006-11-16 00:00:00,,,,,0.0,,,,,0.0,0.0,72,,,1017.9,,,,,,,,,1012.6,,,17.5,,,,22.9,,,,,,,,,,,,,,10,10,7.5,10.8,,20,,,7.8,
2006-11-16 01:00:00,,,,,0.0,,,,,0.0,0.0,75,,,1017.7,,,,,,,,,1012.4,,,18.1,,,,22.7,,,,,,,,,,,,,,10,10,7.0,10.8,,10,,,8.3,
2006-11-16 02:00:00,,,,,0.0,,,,,0.0,0.0,75,,,1017.1,,,,,,,,,1011.8,,,18.3,,,,23.0,,,,,,,,,,,,,,20,360,6.5,10.3,,10,,,7.8,
2006-11-16 03:00:00,,,,,0.0,,,,,0.0,0.0,76,,,1016.6,,,,,,,,,1011.3,,,18.6,,,,23.1,,,,,,,,,,,,,,20,20,7.1,9.5,,20,,,7.3,
2006-11-16 04:00:00,,,,,0.0,,,,,0.0,0.0,76,,,1016.5,,,,,,,,,1011.2,,,18.8,,,,23.2,,,,,,,,,,,,,,20,20,6.6,9.9,,20,,,7.5,
2006-11-16 05:00:00,,,,,0.0,,,,,0.0,0.0,77,,,1016.4,,,,,,,,,1011.1,,,19.0,,,,23.2,,,,,,,,,,,,,,20,20,5.6,9.1,,20,,,6.9,
2006-11-16 06:00:00,,,,,0.0,,,,,0.0,0.0,78,,,1016.6,,,,,,,,,1011.3,0.0,,19.3,,,,23.3,,,,,,,,,,,,,,20,20,6.3,8.2,,20,,,6.4,
2006-11-16 07:00:00,,,,,0.0,,,,,0.0,0.0,77,,,1017.0,,,,,,,,,1011.7,0.0,,19.3,,,,23.5,,,,,,,,,,,,,,20,20,5.6,8.3,,20,,,6.3,
2006-11-16 08:00:00,,9.0,,,0.0,,,,,0.0,0.0,76,,,1017.7,,,,,,,,,1012.4,0.0,,19.5,,,,24.1,,,,,,,,,,20.0,,,,20,20,5.4,8.4,,20,,,5.9,
2006-11-16 09:00:00,,9.0,,,0.56,,,,,0.0,0.0,74,,,1018.1,,,,,,,,,1012.9,0.0,,20.0,,,,25.0,,,,,,,,,,20.0,,,,30,20,4.9,7.5,,20,,,5.9,
2006-11-16 10:00:00,,,,,1.01,,,,,0.0,0.0,71,,,1017.6,,,,,,,,,1012.4,0.2,,20.1,,,,25.8,,,,,,,,,,,,,,20,20,6.4,8.4,,20,,,6.8,
2006-11-16 11:00:00,,9.0,,,1.04,,,,,0.0,0.0,71,,,1017.1,,,,,,,,,1011.9,0.0,,20.0,,,,25.6,,,,,,,,,,20.0,,,,20,20,6.3,8.8,,20,,,6.7,
2006-11-16 12:00:00,,,,,1.08,,,,,0.0,0.0,71,,,1016.4,,,,,,,,,1011.2,0.0,,20.1,,,,25.7,,,,,,,,,,,,,,20,20,6.4,8.7,,20,,,7.1,
2006-11-16 13:00:00,,,,,0.85,,,,,0.0,0.0,73,,,1015.5,,,,,,,,,1010.3,0.0,,20.3,,,,25.5,,,,,,,,,,,,,,10,360,5.8,8.8,,10,,,6.8,
2006-11-16 14:00:00,,7.0,,,1.32,,,,,0.0,0.0,70,,,1014.7,,,,,,,,,1009.5,0.5,,20.4,,,,26.2,,,,,,,,,,25.0,,,,20,360,6.0,8.3,,20,,,6.3,
2006-11-16 15:00:00,,,,,0.71,,,,,0.0,0.0,73,,,1014.9,,,,,,,,,1009.7,0.2,,20.2,,,,25.5,,,,,,,,,,,,,,10,40,4.5,7.1,,20,,,6.0,
2006-11-16 16:00:00,,,,,0.52,,,,,0.0,0.0,75,,,1014.9,,,,,,,,,1009.7,0.2,,20.3,,,,25.1,,,,,,,,,,,,,,10,10,5.4,7.3,,10,,,5.7,
2006-11-16 17:00:00,,8.0,,,0.06,,,,,0.0,0.0,76,,,1015.4,,,,,,,,,1010.2,0.1,,19.9,,,,24.5,,,,,,,,,,18.0,,,,10,360,7.1,9.4,,10,,,7.3,
2006-11-16 18:00:00,,,,,0.0,,,,,0.0,0.0,77,,,1015.9,,,,,,,,,1010.7,0.0,,20.0,,,,24.3,,,,,,,,,,,,,,10,360,7.8,11.4,,10,,,9.3,
2006-11-16 19:00:00,,,,,0.0,,,,,0.0,0.0,76,,,1016.3,,,,,,,,,1011.1,0.0,,20.0,,,,24.4,,,,,,,,,,,,,,10,10,8.3,11.5,,10,,,8.5,
2006-11-16 20:00:00,,,,,0.0,,,,,0.0,0.0,76,,,1017.0,,,,,,,,,1011.8,,,19.8,,,,24.3,,,,,,,,,,,,,,20,20,7.6,10.8,,20,,,8.4,
2006-11-16 21:00:00,,,,,0.0,,,,,0.0,0.0,77,,,1017.0,,,,,,,,,1011.8,,,20.2,,,,24.4,,,,,,,,,,,,,,30,20,6.8,9.8,,20,,,7.5,
2006-11-16 22:00:00,,,,,0.0,,,,,0.0,0.0,77,,,1017.0,,,,,,,,,1011.8,,,19.9,,,,24.2,,,,,,,,,,,,,,30,30,6.7,9.7,,30,,,7.4,
2006-11-16 23:00:00,,,,,0.0,,,,,0.0,0.0,78,,,1016.4,,,,,,,,,1011.2,,,20.3,,,,24.3,,,,,,,,,,,,,,20,30,6.8,9.3,,20,,,7.4,
2006-11-17 00:00:00,,,,,0.0,,,,,0.0,0.0,78,,,1016.2,,,,,,,,,1011.0,,,20.2,,,,24.2,,,,,,,,,,,,,,30,20,6.5,9.8,,20,,,7.5,
2006-11-17 01:00:00,,,,,0.0,,,,,0.0,0.0,79,,,1015.7,,,,,,,,,1010.5,,,20.2,,,,24.1,,,,,,,,,,,,,,30,30,5.7,8.1,,30,,,6.3,
2006-11-17 02:00:00,,,,,0.0,,,,,0.0,0.0,78,,,1015.2,,,,,,,,,1010.0,,,20.3,,,,24.3,,,,,,,,,,,,,,30,30,6.8,8.5,,30,,,6.8,
2006-11-17 03:00:00,,,,,0.0,,,,,0.0,0.0,76,,,1014.8,,,,,,,,,1009.6,,,19.9,,,,24.3,,,,,,,,,,,,,,20,10,7.1,9.7,,30,,,7.4,
2006-11-17 04:00:00,,,,,0.0,,,,,0.0,0.0,77,,,1014.5,,,,,,,,,1009.3,,,20.0,,,,24.3,,,,,,,,,,,,,,20,20,8.0,11.7,,10,,,8.8,
2006-11-17 05:00:00,,,,,0.0,,,,,0.0,0.0,77,,,1014.7,,,,,,,,,1009.5,,,19.9,,,,24.2,,,,,,,,,,,,,,20,10,8.3,11.8,,20,,,8.9,
2006-11-17 06:00:00,,,,,0.0,,,,,0.0,0.0,77,,,1015.2,,,,,,,,,1010.0,0.0,,20.3,,,,24.5,,,,,,,,,,,,,,30,20,7.4,11.2,,20,,,8.7,
2006-11-17 07:00:00,,,,,0.0,,,,,0.0,0.0,78,,,1015.8,,,,,,,,,1010.6,0.1,,20.4,,,,24.5,,,,,,,,,,,,,,30,30,6.9,10.4,,20,,,7.5,
2006-11-17 08:00:00,,4.0,,,0.31,,,,,0.0,0.0,73,,,1016.5,,,,,,,,,1011.3,0.8,,20.1,,,,25.4,,,,,,,,,,25.0,,,,20,20,6.6,9.7,,20,,,7.3,
2006-11-17 09:00:00,,4.0,,,0.83,,,,,0.0,0.0,70,,,1017.5,,,,,,,,,1012.3,0.8,,20.2,,,,26.1,,,,,,,,,,20.0,,,,20,20,7.3,9.3,,20,,,7.4,
2006-11-17 10:00:00,,,,,1.21,,,,,0.0,0.0,65,,,1017.6,,,,,,,,,1012.4,0.9,,20.2,,,,27.3,,,,,,,,,,,,,,20,20,7.1,9.7,,20,,,7.5,
2006-11-17 11:00:00,,2.0,,,1.73,,,,,0.0,0.0,67,,,1017.1,,,,,,,,,1011.9,1.0,,20.4,,,,27.0,,,,,,,,,,20.0,,,,20,20,6.1,9.3,,20,,,7.2,
2006-11-17 12:00:00,,,,,1.67,,,,,0.0,0.0,66,,,1016.5,,,,,,,,,1011.3,0.9,,20.4,,,,27.2,,,,,,,,,,,,,,10,10,6.7,9.3,,10,,,7.3,
2006-11-17 13:00:00,,,,,1.76,,,,,0.0,0.0,68,,,1015.5,,,,,,,,,1010.3,1.0,,20.5,,,,27.0,,,,,,,,,,,,,,10,20,6.2,9.1,,20,,,7.0,
2006-11-17 14:00:00,,2.0,,,1.46,,,,,0.0,0.0,70,,,1014.6,,,,,,,,,1009.4,0.9,,20.2,,,,26.2,,,,,,,,,,25.0,,,,10,10,6.8,9.2,,10,,,7.0,
2006-11-17 15:00:00,,,,,1.06,,,,,0.0,0.0,71,,,1014.6,,,,,,,,,1009.4,1.0,,20.2,,,,25.9,,,,,,,,,,,,,,20,10,7.8,10.6,,10,,,8.1,
2006-11-17 16:00:00,,,,,0.48,,,,,0.0,0.0,72,,,1014.2,,,,,,,,,1009.0,0.4,,19.8,,,,25.3,,,,,,,,,,,,,,20,10,7.4,10.4,,20,,,8.1,
2006-11-17 17:00:00,,2.0,,,0.0,,,,,0.0,0.0,74,,,1014.5,,,,,,,,,1009.3,0.3,,19.9,,,,24.8,,,,,,,,,,20.0,,,,10,20,6.4,9.5,,20,,,7.4,
2006-11-17 18:00:00,,,,,0.0,,,,,0.0,0.0,76,,,1014.9,,,,,,,,,1009.7,0.0,,20.3,,,,24.9,,,,,,,,,,,,,,20,20,6.8,9.2,,20,,,7.2,
2006-11-17 19:00:00,,,,,0.0,,,,,0.0,0.0,75,,,1015.4,,,,,,,,,1010.2,0.0,,20.0,,,,24.7,,,,,,,,,,,,,,20,10,6.5,9.3,,10,,,7.4,
2006-11-17 20:00:00,,,,,0.0,,,,,0.0,0.0,76,,,1015.8,,,,,,,,,1010.6,,,20.3,,,,24.8,,,,,,,,,,,,,,20,20,6.8,9.1,,20,,,6.8,
2006-11-17 21:00:00,,,,,0.0,,,,,0.0,0.0,76,,,1015.9,,,,,,,,,1010.7,,,20.1,,,,24.6,,,,,,,,,,,,,,20,30,6.3,9.0,,20,,,7.3,
2006-11-17 22:00:00,,,,,0.0,,,,,0.0,0.0,77,,,1016.0,,,,,,,,,1010.8,,,20.2,,,,24.5,,,,,,,,,,,,,,30,20,6.1,8.3,,20,,,6.6,
2006-11-17 23:00:00,,,,,0.0,,,,,0.0,0.0,78,,,1015.9,,,,,,,,,1010.7,,,20.3,,,,24.4,,,,,,,,,,,,,,30,20,5.6,7.9,,20,,,6.3,
2006-11-18 00:00:00,,,,,0.0,,,,,0.0,0.0,77,,,1015.3,,,,,,,,,1010.1,,,20.1,,,,24.4,,,,,,,,,,,,,,20,30,6.0,7.6,,20,,,6.2,
2006-11-18 01:00:00,,,,,0.0,,,,,0.0,0.0,77,,,1015.0,,,,,,,,,1009.8,,,20.2,,,,24.4,,,,,,,,,,,,,,20,20,4.9,7.5,,20,,,6.0,
2006-11-18 02:00:00,,,,,0.0,,,,,0.0,0.0,77,,,1014.8,,,,,,,,,1009.6,,,20.2,,,,24.4,,,,,,,,,,,,,,20,30,3.4,6.2,,20,,,4.9,
2006-11-18 03:00:00,,,,,0.0,,,,,0.0,0.0,78,,,1014.8,,,,,,,,,1009.6,,,20.3,,,,24.4,,,,,,,,,,,,,,20,30,3.4,4.9,,20,,,3.5,
2006-11-18 04:00:00,,,,,0.0,,,,,0.0,0.0,77,,,1014.5,,,,,,,,,1009.3,,,20.2,,,,24.5,,,,,,,,,,,,,,30,20,4.2,5.8,,30,,,4.4,
2006-11-18 05:00:00,,,,,0.0,,,,,0.0,0.0,77,,,1014.5,,,,,,,,,1009.3,,,20.3,,,,24.7,,,,,,,,,,,,,,40,40,3.6,5.0,,40,,,4.2,
2006-11-18 06:00:00,,,,,0.0,,,,,0.0,0.0,78,,,1014.7,,,,,,,,,1009.5,0.0,,20.6,,,,24.7,,,,,,,,,,,,,,40,40,4.1,5.6,,40,,,4.1,
2006-11-18 07:00:00,,,,,0.0,,,,,0.0,0.0,81,,,1015.2,,,,,,,,,1010.0,0.0,,21.3,,,,24.7,,,,,,,,,,,,,,60,70,3.8,5.5,,60,,,4.5,
2006-11-18 08:00:00,,7.0,,,0.14,,,,,0.0,0.0,80,,,1015.6,,,,,,,,,1010.4,0.1,,21.9,,,,25.7,,,,,,,,,,12.0,,,,40,50,3.3,5.3,,50,,,4.2,
2006-11-18 09:00:00,,5.0,,,0.79,,,,,0.0,0.0,75,,,1016.0,,,,,,,,,1010.8,1.0,,22.1,,,,26.9,,,,,,,,,,12.0,,,,40,50,3.6,4.9,,40,,,3.6,
2006-11-18 10:00:00,,,,,1.17,,,,,0.0,0.0,74,,,1016.0,,,,,,,,,1010.8,0.7,,22.1,,,,27.1,,,,,,,,,,,,,,30,30,3.4,5.5,,50,,,3.7,
2006-11-18 11:00:00,,7.0,,,1.39,,,,,0.0,0.0,75,,,1015.3,,,,,,,,,1010.1,0.7,,21.7,,,,26.6,,,,,,,,,,12.0,,,,10,30,3.3,5.1,,20,,,3.6,
2006-11-18 12:00:00,,,,,1.67,,,,,0.0,0.0,72,,,1014.6,,,,,,,,,1009.4,0.8,,21.7,,,,27.1,,,,,,,,,,,,,,20,20,3.6,5.1,,10,,,3.8,
2006-11-18 13:00:00,,,,,1.48,,,,,0.0,0.0,72,,,1013.6,,,,,,,,,1008.4,0.4,,21.8,,,,27.4,,,,,,,,,,,,,,10,20,3.6,5.3,,10,,,3.9,
2006-11-18 14:00:00,,5.0,,,1.55,,,,,0.0,0.0,73,,,1012.8,,,,,,,,,1007.6,1.0,,21.9,,,,27.1,,,,,,,,,,10.0,,,,10,360,3.7,5.0,,10,,,3.9,
2006-11-18 15:00:00,,,,,0.69,,,,,0.0,0.0,74,,,1012.8,,,,,,,,,1007.6,0.1,,21.4,,,,26.5,,,,,,,,,,,,,,10,10,4.0,5.2,,20,,,4.1,
2006-11-18 16:00:00,,,,,0.28,,,,,0.0,0.0,76,,,1012.8,,,,,,,,,1007.6,0.0,,21.4,,,,25.9,,,,,,,,,,,,,,20,20,3.5,5.0,,10,,,4.0,
2006-11-18 17:00:00,,5.0,,,0.0,,,,,0.0,0.0,78,,,1013.1,,,,,,,,,1007.9,0.1,,21.4,,,,25.5,,,,,,,,,,10.0,,,,10,360,4.3,5.7,,10,,,4.3,
2006-11-18 18:00:00,,,,,0.0,,,,,0.0,0.0,78,,,1013.4,,,,,,,,,1008.2,0.0,,21.2,,,,25.3,,,,,,,,,,,,,,20,10,5.0,7.2,,10,,,5.5,
2006-11-18 19:00:00,,,,,0.0,,,,,0.0,0.0,79,,,1013.6,,,,,,,,,1008.4,0.0,,21.3,,,,25.2,,,,,,,,,,,,,,30,30,5.5,7.4,,20,,,5.6,
2006-11-18 20:00:00,,,,,0.0,,,,,0.0,0.0,79,,,1014.1,,,,,,,,,1008.9,,,21.4,,,,25.3,,,,,,,,,,,,,,40,40,5.7,8.6,,40,,,6.3,
2006-11-18 21:00:00,,,,,0.0,,,,,0.0,0.0,78,,,1014.4,,,,,,,,,1009.2,,,20.9,,,,25.0,,,,,,,,,,,,,,50,40,5.4,7.6,,40,,,5.8,
2006-11-18 22:00:00,,,,,0.0,,,,,0.0,0.0,79,,,1014.9,,,,,,,,,1009.7,,,21.0,,,,24.8,,,,,,,,,,,,,,40,60,3.0,6.3,,50,,,5.5,
2006-11-18 23:00:00,,,,,0.0,,,,,0.0,0.0,81,,,1015.1,,,,,,,,,1009.9,,,21.4,,,,24.8,,,,,,,,,,,,,,30,20,3.5,5.3,,20,,,4.1,
2006-11-19 00:00:00,,,,,0.0,,,,,0.0,0.0,82,,,1014.6,,,,,,,,,1009.4,,,21.7,,,,24.9,,,,,,,,,,,,,,30,30,3.9,5.3,,20,,,4.3,
2006-11-19 01:00:00,,,,,0.0,,,,,0.0,0.0,81,,,1014.3,,,,,,,,,1009.1,,,21.5,,,,25.0,,,,,,,,,,,,,,20,20,4.0,5.8,,20,,,4.6,
2006-11-19 02:00:00,,,,,0.0,,,,,0.0,0.0,80,,,1013.8,,,,,,,,,1008.6,,,21.1,,,,24.8,,,,,,,,,,,,,,20,20,5.3,6.8,,20,,,5.4,
2006-11-19 03:00:00,,,,,0.0,,,,,0.0,0.0,79,,,1013.3,,,,,,,,,1008.1,,,20.8,,,,24.7,,,,,,,,,,,,,,20,30,5.4,7.2,,20,,,5.8,
2006-11-19 04:00:00,,,,,0.0,,,,,0.0,0.0,80,,,1013.1,,,,,,,,,1007.9,,,21.0,,,,24.6,,,,,,,,,,,,,,30,20,6.2,8.4,,20,,,6.6,
2006-11-19 05:00:00,,,,,0.0,,,,,0.0,0.0,79,,,1013.1,,,,,,,,,1007.9,,,20.8,,,,24.7,,,,,,,,,,,,,,30,20,5.5,8.5,,20,,,6.8,
2006-11-19 06:00:00,,,,,0.0,,,,,0.0,0.0,79,,,1013.9,,,,,,,,,1008.7,0.0,,21.1,,,,24.9,,,,,,,,,,,,,,20,30,6.2,8.4,,20,,,6.5,
2006-11-19 07:00:00,,,,,0.0,,,,,0.0,0.0,80,,,1014.3,,,,,,,,,1009.1,0.0,,21.5,,,,25.2,,,,,,,,,,,,,,30,30,5.8,9.1,,20,,,6.8,
2006-11-19 08:00:00,,1.0,,,0.29,,,,,0.0,0.0,78,,,1014.8,,,,,,,,,1009.6,0.6,,21.6,,,,25.7,,,,,,,,,,10.0,,,,30,20,6.3,8.7,,20,,,7.1,
2006-11-19 09:00:00,,2.0,,,0.63,,,,,0.0,0.0,76,,,1015.4,,,,,,,,,1010.2,0.6,,22.0,,,,26.5,,,,,,,,,,10.0,,,,40,40,5.0,7.7,,30,,,6.3,
2006-11-19 10:00:00,,,,,0.96,,,,,0.0,0.0,72,,,1015.5,,,,,,,,,1010.3,0.5,,22.3,,,,27.8,,,,,,,,,,,,,,30,40,5.5,7.8,,30,,,5.9,
2006-11-19 11:00:00,,0.0,,,1.79,,,,,0.0,0.0,72,,,1015.2,,,,,,,,,1010.0,1.0,,22.3,,,,27.9,,,,,,,,,,10.0,,,,20,30,5.0,7.4,,30,,,5.8,
2006-11-19 12:00:00,,,,,1.8,,,,,0.0,0.0,70,,,1014.7,,,,,,,,,1009.5,1.0,,21.8,,,,27.7,,,,,,,,,,,,,,20,20,4.4,6.3,,20,,,5.1,
2006-11-19 13:00:00,,,,,1.8,,,,,0.0,0.0,71,,,1013.8,,,,,,,,,1008.6,1.0,,21.3,,,,27.1,,,,,,,,,,,,,,10,20,4.5,5.6,,20,,,4.5,
2006-11-19 14:00:00,,0.0,,,1.59,,,,,0.0,0.0,70,,,1013.5,,,,,,,,,1008.3,1.0,,21.0,,,,27.0,,,,,,,,,,18.0,,,,10,10,5.0,6.6,,10,,,5.0,
2006-11-19 15:00:00,,,,,1.17,,,,,0.0,0.0,69,,,1013.4,,,,,,,,,1008.2,1.0,,20.8,,,,26.9,,,,,,,,,,,,,,360,360,5.4,7.8,,360,,,5.6,
2006-11-19 16:00:00,,,,,0.6,,,,,0.0,0.0,75,,,1013.4,,,,,,,,,1008.2,1.0,,21.1,,,,25.8,,,,,,,,,,,,,,10,360,6.9,9.3,,10,,,7.3,
2006-11-19 17:00:00,,0.0,,,0.15,,,,,0.0,0.0,77,,,1013.5,,,,,,,,,1008.3,0.7,,20.5,,,,24.8,,,,,,,,,,10.0,,,,10,360,6.9,10.6,,10,,,7.8,
2006-11-19 18:00:00,,,,,0.0,,,,,0.0,0.0,78,,,1014.0,,,,,,,,,1008.8,0.0,,20.5,,,,24.5,,,,,,,,,,,,,,10,10,6.1,9.4,,10,,,7.4,
2006-11-19 19:00:00,,,,,0.0,,,,,0.0,0.0,78,,,1014.7,,,,,,,,,1009.5,0.0,,20.6,,,,24.6,,,,,,,,,,,,,,20,20,6.3,9.0,,20,,,6.7,
2006-11-19 20:00:00,,,,,0.0,,,,,0.0,0.0,77,,,1015.5,,,,,,,,,1010.3,,,20.2,,,,24.5,,,,,,,,,,,,,,30,20,6.8,9.9,,20,,,7.8,
2006-11-19 21:00:00,,,,,0.0,,,,,0.0,0.0,74,,,1015.8,,,,,,,,,1010.6,,,19.7,,,,24.6,,,,,,,,,,,,,,20,30,7.0,9.6,,30,,,7.5,
2006-11-19 22:00:00,,,,,0.0,,,,,0.0,0.0,70,,,1015.7,,,,,,,,,1010.5,,,18.9,,,,24.7,,,,,,,,,,,,,,20,20,7.2,10.0,,20,,,7.8,
2006-11-19 23:00:00,,,,,0.0,,,,,0.0,0.0,70,,,1015.4,,,,,,,,,1010.2,,,19.0,,,,24.9,,,,,,,,,,,,,,20,30,8.0,10.7,,20,,,8.4,
2006-11-20 00:00:00,,,,,0.0,,,,,0.0,0.0,68,,,1015.1,,,,,,,,,1009.9,,,18.7,,,,24.9,,,,,,,,,,,,,,30,30,7.9,10.3,,30,,,7.9,
2006-11-20 01:00:00,,,,,0.0,,,,,0.0,0.0,69,,,1014.4,,,,,,,,,1009.2,,,18.7,,,,24.7,,,,,,,,,,,,,,30,20,6.9,10.4,,30,,,8.3,
2006-11-20 02:00:00,,,,,0.0,,,,,0.0,0.0,68,,,1014.2,,,,,,,,,1009.0,,,18.6,,,,24.9,,,,,,,,,,,,,,30,30,7.0,9.9,,30,,,7.4,
2006-11-20 03:00:00,,,,,0.0,,,,,0.0,0.0,70,,,1014.1,,,,,,,,,1008.9,,,19.1,,,,24.9,,,,,,,,,,,,,,20,30,8.2,10.5,,20,,,8.2,
2006-11-20 04:00:00,,,,,0.0,,,,,0.0,0.0,76,,,1013.7,,,,,,,,,1008.5,,,20.0,,,,24.6,,,,,,,,,,,,,,20,20,8.7,11.7,,20,,,8.9,
2006-11-20 05:00:00,,,,,0.0,,,,,0.0,0.0,76,,,1013.8,,,,,,,,,1008.6,,,19.9,,,,24.4,,,,,,,,,,,,,,20,30,8.9,12.3,,20,,,9.6,
2006-11-20 06:00:00,,,,,0.0,,,,,0.0,0.0,76,,,1014.3,,,,,,,,,1009.1,0.0,,19.7,,,,24.3,,,,,,,,,,,,,,20,20,9.3,12.6,,20,,,9.6,
2006-11-20 07:00:00,,,,,0.0,,,,,0.0,0.0,74,,,1014.7,,,,,,,,,1009.5,0.0,,19.6,,,,24.6,,,,,,,,,,,,,,30,30,9.1,13.0,,30,,,9.8,
2006-11-20 08:00:00,,8.0,,,0.04,,,,,0.0,0.0,74,,,1015.0,,,,,,,,,1009.8,0.0,,20.0,,,,25.0,,,,,,,,,,15.0,,,,20,20,9.6,13.4,,30,,,9.8,
2006-11-20 09:00:00,,2.0,,,0.7,,,,,0.0,0.0,72,,,1015.4,,,,,,,,,1010.2,0.6,,20.8,,,,26.3,,,,,,,,,,12.0,,,,20,20,9.3,12.2,,20,,,9.9,
2006-11-20 10:00:00,,,,,1.28,,,,,0.0,0.0,71,,,1015.5,,,,,,,,,1010.3,0.8,,20.7,,,,26.5,,,,,,,,,,,,,,20,20,9.3,12.2,,20,,,9.4,
2006-11-20 11:00:00,,9.0,,,1.26,,,,,0.0,0.0,71,,,1015.2,,,,,,,,,1010.0,0.6,,20.4,,,,26.0,,,,,,,,,,8.0,,,,20,20,8.8,12.0,,20,,,9.4,
2006-11-20 12:00:00,,,,,0.73,,,,,0.0,0.0,72,,,1014.7,,,,,,,,,1009.5,0.0,,20.1,,,,25.6,,,,,,,,,,,,,,20,30,8.2,11.7,,20,,,8.9,
2006-11-20 13:00:00,,,,,0.74,,,,,0.0,0.0,72,,,1013.9,,,,,,,,,1008.7,0.0,,19.7,,,,25.2,,,,,,,,,,,,,,10,360,10.0,14.4,,10,,,10.2,
2006-11-20 14:00:00,,9.0,,,1.05,,,,,0.0,0.0,72,,,1013.1,,,,,,,,,1007.9,0.2,,19.9,,,,25.4,,,,,,,,,,8.0,,,,10,20,9.9,14.8,,10,,,11.1,
2006-11-20 15:00:00,,,,,0.53,,,,,0.0,0.0,73,,,1013.1,,,,,,,,,1007.9,0.0,,19.3,,,,24.4,,,,,,,,,,,,,,20,20,10.4,15.0,,20,,,10.6,
2006-11-20 16:00:00,,,,,0.07,,,,,0.1,0.6,76,,,1013.3,,,,,,,,,1008.1,0.0,,19.4,,,,23.9,,,,,,,,,,,,,,20,20,11.3,14.7,,20,,,12.1,
2006-11-20 17:00:00,,9.0,,,0.0,,,,,0.0,0.0,75,,,1014.2,,,,,,,,,1009.0,0.0,,19.4,,,,24.1,,,,,,,,,,8.0,,,,10,20,10.3,14.8,,20,,,11.4,
2006-11-20 18:00:00,,,,,0.0,,,,,0.0,0.0,75,,,1014.6,,,,,,,,,1009.4,0.0,,19.4,,,,24.0,,,,,,,,,,,,,,20,20,11.5,16.1,,20,,,11.9,
2006-11-20 19:00:00,,,,,0.0,,,,,0.0,0.0,81,,,1015.4,,,,,,,,,1010.1,0.0,,19.6,,,,23.1,,,,,,,,,,,,,,20,30,10.8,15.8,,20,,,11.5,
2006-11-20 20:00:00,,,,,0.0,,,,,7.5,1.0,93,,,1016.0,,,,,,,,,1010.7,,,20.7,,,,21.8,,,,,,,,,,,,,,20,10,9.9,19.5,,10,,,14.2,
2006-11-20 21:00:00,,,,,0.0,,,,,0.5,0.7,92,,,1016.0,,,,,,,,,1010.7,,,21.3,,,,22.6,,,,,,,,,,,,,,20,20,11.2,15.4,,20,,,11.2,
2006-11-20 22:00:00,,,,,0.0,,,,,0.0,0.0,91,,,1016.0,,,,,,,,,1010.7,,,21.5,,,,23.0,,,,,,,,,,,,,,20,30,10.5,15.6,,20,,,12.0,
2006-11-20 23:00:00,,,,,0.0,,,,,0.0,0.0,90,,,1015.7,,,,,,,,,1010.4,,,21.2,,,,22.9,,,,,,,,,,,,,,30,10,9.6,15.7,,20,,,12.1,
2006-11-21 00:00:00,,,,,0.0,,,,,0.5,0.5,87,,,1015.3,,,,,,,,,1010.0,,,20.6,,,,22.8,,,,,,,,,,,,,,40,50,8.5,11.9,,30,,,9.7,
2006-11-21 01:00:00,,,,,0.0,,,,,0.0,0.0,82,,,1015.0,,,,,,,,,1009.7,,,19.4,,,,22.7,,,,,,,,,,,,,,50,50,6.6,11.9,,50,,,9.2,
2006-11-21 02:00:00,,,,,0.0,,,,,0.0,0.0,77,,,1013.6,,,,,,,,,1008.3,,,18.6,,,,22.9,,,,,,,,,,,,,,50,50,6.3,8.8,,60,,,7.2,
2006-11-21 03:00:00,,,,,0.0,,,,,0.0,0.0,79,,,1012.9,,,,,,,,,1007.7,,,19.0,,,,22.9,,,,,,,,,,,,,,50,60,4.8,8.0,,50,,,6.3,
2006-11-21 04:00:00,,,,,0.0,,,,,0.0,0.0,80,,,1012.2,,,,,,,,,1007.0,,,19.0,,,,22.7,,,,,,,,,,,,,,40,40,3.9,6.2,,50,,,4.7,
2006-11-21 05:00:00,,,,,0.0,,,,,0.0,0.0,77,,,1012.4,,,,,,,,,1007.2,,,19.1,,,,23.3,,,,,,,,,,,,,,20,40,3.2,5.3,,20,,,4.3,
2006-11-21 06:00:00,,,,,0.0,,,,,0.0,0.0,76,,,1012.9,,,,,,,,,1007.7,0.0,,19.2,,,,23.6,,,,,,,,,,,,,,360,360,4.6,6.4,,10,,,5.0,
2006-11-21 07:00:00,,,,,0.0,,,,,0.0,0.0,75,,,1013.4,,,,,,,,,1008.2,0.0,,19.1,,,,23.9,,,,,,,,,,,,,,20,20,5.0,8.1,,10,,,5.3,
2006-11-21 08:00:00,,6.0,,,0.33,,,,,0.0,0.0,75,,,1013.6,,,,,,,,,1008.4,0.5,,20.3,,,,25.0,,,,,,,,,,25.0,,,,30,20,6.3,9.2,,20,,,6.8,
2006-11-21 09:00:00,,8.0,,,0.77,,,,,0.0,0.0,72,,,1014.0,,,,,,,,,1008.8,0.6,,20.8,,,,26.2,,,,,,,,,,25.0,,,,30,30,6.3,9.4,,20,,,7.1,
2006-11-21 10:00:00,,,,,0.93,,,,,0.0,0.0,70,,,1013.8,,,,,,,,,1008.6,0.4,,20.4,,,,26.2,,,,,,,,,,,,,,30,30,6.2,8.6,,30,,,6.9,
2006-11-21 11:00:00,,6.0,,,1.53,,,,,0.0,0.0,69,,,1013.2,,,,,,,,,1008.0,0.9,,20.8,,,,26.9,,,,,,,,,,25.0,,,,30,40,6.4,8.9,,30,,,6.7,
2006-11-21 12:00:00,,,,,1.53,,,,,0.0,0.0,70,,,1012.6,,,,,,,,,1007.4,0.8,,19.9,,,,25.8,,,,,,,,,,,,,,20,40,5.9,8.9,,30,,,7.2,
2006-11-21 13:00:00,,,,,1.41,,,,,0.0,0.0,68,,,1011.7,,,,,,,,,1006.5,0.7,,19.8,,,,26.1,,,,,,,,,,,,,,20,30,5.7,7.8,,20,,,6.2,
2006-11-21 14:00:00,,9.0,,,0.99,,,,,0.0,0.0,71,,,1010.8,,,,,,,,,1005.6,0.4,,19.7,,,,25.3,,,,,,,,,,18.0,,,,10,10,8.1,11.4,,10,,,9.1,
2006-11-21 15:00:00,,,,,0.61,,,,,0.0,0.0,73,,,1010.2,,,,,,,,,1005.0,0.0,,19.8,,,,24.9,,,,,,,,,,,,,,10,10,9.2,13.4,,10,,,9.9,
2006-11-21 16:00:00,,,,,0.33,,,,,0.0,0.0,74,,,1010.1,,,,,,,,,1004.9,0.0,,19.6,,,,24.6,,,,,,,,,,,,,,20,20,9.7,13.8,,20,,,10.0,
2006-11-21 17:00:00,,10.0,,,0.0,,,,,0.0,0.0,75,,,1010.1,,,,,,,,,1004.9,0.0,,19.7,,,,24.4,,,,,,,,,,20.0,,,,20,30,8.7,13.0,,20,,,10.1,
2006-11-21 18:00:00,,,,,0.0,,,,,0.0,0.0,76,,,1010.2,,,,,,,,,1005.0,0.0,,20.0,,,,24.4,,,,,,,,,,,,,,30,40,6.8,11.1,,20,,,8.7,
2006-11-21 19:00:00,,,,,0.0,,,,,0.0,0.0,77,,,1009.7,,,,,,,,,1004.5,0.0,,20.1,,,,24.3,,,,,,,,,,,,,,30,30,6.3,9.0,,30,,,6.9,
2006-11-21 20:00:00,,,,,0.0,,,,,0.0,0.0,77,,,1011.0,,,,,,,,,1005.8,,,20.4,,,,24.6,,,,,,,,,,,,,,50,40,2.7,8.0,,30,,,6.4,
2006-11-21 21:00:00,,,,,0.0,,,,,0.0,0.0,78,,,1010.8,,,,,,,,,1005.6,,,20.6,,,,24.6,,,,,,,,,,,,,,40,40,2.3,4.8,,50,,,3.8,
2006-11-21 22:00:00,,,,,0.0,,,,,0.0,0.0,79,,,1010.7,,,,,,,,,1005.5,,,20.7,,,,24.6,,,,,,,,,,,,,,30,20,0.5,2.8,,40,,,2.3,
2006-11-21 23:00:00,,,,,0.0,,,,,0.0,0.0,77,,,1010.7,,,,,,,,,1005.5,,,20.2,,,,24.5,,,,,,,,,,,,,,0,60,0.0,2.4,,60,,,1.4,
2006-11-22 00:00:00,,,,,0.0,,,,,0.0,0.0,81,,,1011.0,,,,,,,,,1005.8,,,21.0,,,,24.5,,,,,,,,,,,,,,0,320,0.1,2.1,,0,,,0.1,
2006-11-22 01:00:00,,,,,0.0,,,,,0.0,0.0,78,,,1010.1,,,,,,,,,1004.9,,,20.5,,,,24.6,,,,,,,,,,,,,,0,340,0.0,2.8,,340,,,0.6,
2006-11-22 02:00:00,,,,,0.0,,,,,-9.8,0.1,79,,,1009.7,,,,,,,,,1004.5,,,20.7,,,,24.5,,,,,,,,,,,,,,350,360,2.2,4.1,,360,,,2.9,
2006-11-22 03:00:00,,,,,0.0,,,,,0.0,0.0,82,,,1009.9,,,,,,,,,1004.7,,,20.7,,,,23.9,,,,,,,,,,,,,,330,350,6.6,13.3,,330,,,6.6,
2006-11-22 04:00:00,,,,,0.0,,,,,3.0,0.8,84,,,1010.7,,,,,,,,,1005.4,,,18.6,,,,21.5,,,,,,,,,,,,,,30,350,9.3,16.3,,360,,,11.1,
2006-11-22 05:00:00,,,,,0.0,,,,,34.5,1.0,91,,,1012.6,,,,,,,,,1007.3,,,19.1,,,,20.6,,,,,,,,,,,,,,360,330,5.2,26.8,,330,,,16.6,
2006-11-22 06:00:00,,,,,0.0,,,,,6.5,0.9,93,,,1011.7,,,,,,,,,1006.4,0.0,,19.9,,,,21.0,,,,,,,,,,,,,,40,20,10.8,15.9,,20,,,11.9,
2006-11-22 07:00:00,,,,,0.0,,,,,0.0,0.0,94,,,1012.7,,,,,,,,,1007.4,0.0,,20.6,,,,21.6,,,,,,,,,,,,,,50,50,10.2,14.2,,40,,,10.9,
2006-11-22 08:00:00,,9.0,,,0.21,,,,,0.5,0.1,86,,,1013.5,,,,,,,,,1008.2,0.1,,19.5,,,,21.9,,,,,,,,,,12.0,,,,50,70,9.9,13.7,,60,,,10.3,
2006-11-22 09:00:00,,8.0,,,0.6,,,,,1.5,0.2,93,,,1013.2,,,,,,,,,1007.9,0.4,,21.1,,,,22.2,,,,,,,,,,35.0,,,,60,60,8.9,12.4,,60,,,10.3,
2006-11-22 10:00:00,,,,,0.6,,,,,0.0,0.0,85,,,1012.6,,,,,,,,,1007.3,0.0,,20.0,,,,22.6,,,,,,,,,,,,,,80,70,6.8,9.7,,60,,,8.7,
2006-11-22 11:00:00,,3.0,,,1.55,,,,,0.0,0.0,69,,,1011.9,,,,,,,,,1006.7,0.8,,20.3,,,,26.4,,,,,,,,,,35.0,,,,100,90,5.1,8.8,,80,,,6.7,
2006-11-22 12:00:00,,,,,1.8,,,,,0.0,0.0,64,,,1011.2,,,,,,,,,1006.0,1.0,,19.4,,,,26.8,,,,,,,,,,,,,,140,90,4.5,6.9,,100,,,5.3,
2006-11-22 13:00:00,,,,,1.65,,,,,0.0,0.0,62,,,1011.0,,,,,,,,,1005.8,1.0,,18.8,,,,26.8,,,,,,,,,,,,,,240,120,2.2,5.5,,140,,,4.5,
2006-11-22 14:00:00,,9.0,,,1.21,,,,,0.0,0.0,63,,,1011.2,,,,,,,,,1006.0,0.5,,19.2,,,,26.9,,,,,,,,,,35.0,,,,260,260,1.7,3.2,,240,,,2.1,
2006-11-22 15:00:00,,,,,0.62,,,,,0.0,0.0,67,,,1011.6,,,,,,,,,1006.4,0.1,,19.1,,,,25.7,,,,,,,,,,,,,,280,280,4.1,5.6,,280,,,4.1,
2006-11-22 16:00:00,,,,,0.15,,,,,0.0,0.0,66,,,1012.0,,,,,,,,,1006.8,0.0,,18.5,,,,25.2,,,,,,,,,,,,,,280,300,6.1,7.5,,280,,,6.1,
2006-11-22 17:00:00,,9.0,,,0.0,,,,,0.0,0.0,70,,,1012.2,,,,,,,,,1007.0,0.0,,18.7,,,,24.5,,,,,,,,,,30.0,,,,290,280,4.1,7.8,,280,,,6.1,
2006-11-22 18:00:00,,,,,0.0,,,,,0.0,0.0,71,,,1012.0,,,,,,,,,1006.8,0.0,,18.4,,,,23.9,,,,,,,,,,,,,,360,300,1.0,5.5,,290,,,4.3,
2006-11-22 19:00:00,,,,,0.0,,,,,0.0,0.0,74,,,1012.8,,,,,,,,,1007.6,0.0,,18.8,,,,23.7,,,,,,,,,,,,,,330,310,0.7,2.6,,320,,,1.5,
2006-11-22 20:00:00,,,,,0.0,,,,,0.0,0.0,74,,,1012.8,,,,,,,,,1007.6,,,18.6,,,,23.4,,,,,,,,,,,,,,0,30,0.0,2.3,,330,,,0.6,
2006-11-22 21:00:00,,,,,0.0,,,,,0.0,0.0,73,,,1012.6,,,,,,,,,1007.4,,,18.7,,,,23.9,,,,,,,,,,,,,,350,360,2.5,3.4,,350,,,2.5,
2006-11-22 22:00:00,,,,,0.0,,,,,0.0,0.0,74,,,1012.8,,,,,,,,,1007.6,,,18.6,,,,23.6,,,,,,,,,,,,,,10,20,1.8,3.7,,30,,,2.9,
2006-11-22 23:00:00,,,,,0.0,,,,,0.0,0.0,77,,,1013.6,,,,,,,,,1008.4,,,19.4,,,,23.7,,,,,,,,,,,,,,300,300,3.9,4.8,,300,,,3.9,
2006-11-23 00:00:00,,,,,0.0,,,,,0.0,0.0,78,,,1014.0,,,,,,,,,1008.8,,,19.3,,,,23.3,,,,,,,,,,,,,,300,310,4.1,5.5,,300,,,4.5,
2006-11-23 01:00:00,,,,,0.0,,,,,0.0,0.0,76,,,1013.7,,,,,,,,,1008.5,,,18.8,,,,23.3,,,,,,,,,,,,,,330,320,3.4,5.4,,310,,,4.5,
2006-11-23 02:00:00,,,,,0.0,,,,,0.0,0.0,73,,,1013.6,,,,,,,,,1008.4,,,18.1,,,,23.1,,,,,,,,,,,,,,330,320,1.8,4.3,,330,,,3.3,
2006-11-23 03:00:00,,,,,0.0,,,,,0.0,0.0,75,,,1013.3,,,,,,,,,1008.1,,,18.4,,,,23.0,,,,,,,,,,,,,,320,330,4.2,5.3,,320,,,4.3,
2006-11-23 04:00:00,,,,,0.0,,,,,0.0,0.0,74,,,1013.3,,,,,,,,,1008.1,,,18.5,,,,23.3,,,,,,,,,,,,,,340,330,4.5,6.8,,320,,,5.2,
2006-11-23 05:00:00,,,,,0.0,,,,,0.0,0.0,74,,,1013.4,,,,,,,,,1008.2,,,18.5,,,,23.3,,,,,,,,,,,,,,360,360,5.0,7.1,,360,,,5.0,
2006-11-23 06:00:00,,,,,0.0,,,,,0.0,0.0,75,,,1013.9,,,,,,,,,1008.7,0.0,,18.5,,,,23.2,,,,,,,,,,,,,,360,350,4.7,6.8,,360,,,5.2,
2006-11-23 07:00:00,,,,,0.0,,,,,0.0,0.0,75,,,1014.7,,,,,,,,,1009.4,0.1,,18.6,,,,23.3,,,,,,,,,,,,,,10,10,3.7,5.8,,10,,,4.8,
2006-11-23 08:00:00,,5.0,,,0.3,,,,,0.0,0.0,74,,,1014.9,,,,,,,,,1009.7,0.7,,19.2,,,,24.2,,,,,,,,,,25.0,,,,20,30,4.9,6.8,,20,,,5.0,
2006-11-23 09:00:00,,6.0,,,0.61,,,,,0.0,0.0,71,,,1015.7,,,,,,,,,1010.5,0.4,,19.1,,,,24.7,,,,,,,,,,35.0,,,,10,360,4.7,6.3,,10,,,5.0,
2006-11-23 10:00:00,,,,,1.23,,,,,0.0,0.0,69,,,1016.0,,,,,,,,,1010.8,1.0,,19.5,,,,25.5,,,,,,,,,,,,,,350,360,3.2,5.7,,10,,,4.6,
2006-11-23 11:00:00,,5.0,,,1.68,,,,,0.0,0.0,69,,,1015.6,,,,,,,,,1010.4,1.0,,19.5,,,,25.5,,,,,,,,,,35.0,,,,350,360,4.2,5.6,,350,,,4.2,
2006-11-23 12:00:00,,,,,1.56,,,,,0.0,0.0,68,,,1014.7,,,,,,,,,1009.5,0.9,,19.1,,,,25.4,,,,,,,,,,,,,,350,350,4.5,6.3,,350,,,4.6,
2006-11-23 13:00:00,,,,,1.62,,,,,0.0,0.0,67,,,1014.0,,,,,,,,,1008.8,0.8,,19.0,,,,25.7,,,,,,,,,,,,,,360,350,4.1,6.1,,350,,,4.6,
2006-11-23 14:00:00,,9.0,,,0.79,,,,,0.0,0.0,70,,,1013.2,,,,,,,,,1008.0,0.1,,18.8,,,,24.6,,,,,,,,,,22.0,,,,10,360,4.2,6.3,,20,,,4.7,
2006-11-23 15:00:00,,,,,0.53,,,,,0.0,0.0,68,,,1013.4,,,,,,,,,1008.2,0.0,,18.5,,,,24.7,,,,,,,,,,,,,,10,360,6.4,8.4,,10,,,6.4,
2006-11-23 16:00:00,,,,,0.25,,,,,0.0,0.0,74,,,1013.5,,,,,,,,,1008.3,0.1,,18.8,,,,23.8,,,,,,,,,,,,,,20,20,6.6,9.7,,20,,,7.3,
2006-11-23 17:00:00,,9.0,,,0.0,,,,,0.0,0.0,74,,,1014.5,,,,,,,,,1009.3,0.0,,18.7,,,,23.6,,,,,,,,,,25.0,,,,360,360,8.4,11.3,,360,,,8.5,
2006-11-23 18:00:00,,,,,0.0,,,,,0.0,0.0,73,,,1015.1,,,,,,,,,1009.9,0.0,,18.4,,,,23.5,,,,,,,,,,,,,,20,360,7.9,11.9,,10,,,9.2,
2006-11-23 19:00:00,,,,,0.0,,,,,0.0,0.0,73,,,1015.6,,,,,,,,,1010.4,0.0,,18.7,,,,23.8,,,,,,,,,,,,,,20,30,6.5,10.0,,20,,,7.9,
2006-11-23 20:00:00,,,,,0.0,,,,,0.0,0.0,75,,,1016.1,,,,,,,,,1010.8,,,19.0,,,,23.7,,,,,,,,,,,,,,20,20,7.6,10.8,,20,,,8.1,
2006-11-23 21:00:00,,,,,0.0,,,,,0.0,0.0,73,,,1015.9,,,,,,,,,1010.6,,,18.6,,,,23.7,,,,,,,,,,,,,,30,10,7.9,10.6,,20,,,8.1,
2006-11-23 22:00:00,,,,,0.0,,,,,0.0,0.0,74,,,1016.4,,,,,,,,,1011.2,,,19.1,,,,24.1,,,,,,,,,,,,,,20,30,7.4,9.9,,30,,,7.9,
2006-11-23 23:00:00,,,,,0.0,,,,,0.0,0.0,72,,,1016.9,,,,,,,,,1011.7,,,18.7,,,,24.1,,,,,,,,,,,,,,20,20,6.4,10.8,,20,,,7.8,
2006-11-24 00:00:00,,,,,0.0,,,,,0.0,0.0,72,,,1016.7,,,,,,,,,1011.4,,,18.5,,,,23.9,,,,,,,,,,,,,,20,20,7.3,11.4,,20,,,7.8,
2006-11-24 01:00:00,,,,,0.0,,,,,0.0,0.0,75,,,1016.4,,,,,,,,,1011.1,,,19.0,,,,23.8,,,,,,,,,,,,,,20,20,8.2,10.5,,20,,,8.2,
2006-11-24 02:00:00,,,,,0.0,,,,,0.0,0.0,74,,,1016.3,,,,,,,,,1011.0,,,18.7,,,,23.7,,,,,,,,,,,,,,30,30,7.5,10.7,,30,,,8.3,
2006-11-24 03:00:00,,,,,0.0,,,,,0.0,0.0,71,,,1015.4,,,,,,,,,1010.1,,,17.9,,,,23.4,,,,,,,,,,,,,,20,20,8.5,11.3,,20,,,8.5,
2006-11-24 04:00:00,,,,,0.0,,,,,0.0,0.0,68,,,1015.5,,,,,,,,,1010.2,,,17.2,,,,23.5,,,,,,,,,,,,,,30,30,8.1,12.0,,20,,,9.5,
2006-11-24 05:00:00,,,,,0.0,,,,,0.0,0.0,67,,,1015.1,,,,,,,,,1009.8,,,16.9,,,,23.4,,,,,,,,,,,,,,20,30,8.0,11.0,,20,,,8.8,
2006-11-24 06:00:00,,,,,0.0,,,,,0.0,0.0,69,,,1015.8,,,,,,,,,1010.5,0.0,,17.5,,,,23.6,,,,,,,,,,,,,,20,30,8.3,11.1,,20,,,8.8,
2006-11-24 07:00:00,,,,,0.0,,,,,0.0,0.0,70,,,1016.5,,,,,,,,,1011.3,0.2,,18.2,,,,24.0,,,,,,,,,,,,,,20,30,7.9,11.1,,20,,,8.7,
2006-11-24 08:00:00,,8.0,,,0.09,,,,,0.0,0.0,70,,,1017.2,,,,,,,,,1012.0,0.4,,18.3,,,,24.2,,,,,,,,,,20.0,,,,20,20,8.0,10.9,,20,,,8.4,
2006-11-24 09:00:00,,4.0,,,0.86,,,,,0.0,0.0,67,,,1017.1,,,,,,,,,1011.9,0.8,,19.4,,,,25.9,,,,,,,,,,20.0,,,,30,10,7.8,10.5,,20,,,8.2,
2006-11-24 10:00:00,,,,,1.21,,,,,0.0,0.0,67,,,1017.4,,,,,,,,,1012.2,0.8,,18.9,,,,25.4,,,,,,,,,,,,,,30,30,9.4,12.1,,30,,,9.4,
2006-11-24 11:00:00,,7.0,,,1.54,,,,,0.0,0.0,65,,,1017.2,,,,,,,,,1012.0,0.7,,19.7,,,,26.8,,,,,,,,,,18.0,,,,30,30,9.5,12.7,,20,,,10.2,
2006-11-24 12:00:00,,,,,1.68,,,,,0.0,0.0,66,,,1016.3,,,,,,,,,1011.1,0.7,,18.8,,,,25.6,,,,,,,,,,,,,,20,20,8.9,12.6,,20,,,10.5,
2006-11-24 13:00:00,,,,,1.38,,,,,0.0,0.0,66,,,1015.4,,,,,,,,,1010.2,0.6,,18.8,,,,25.6,,,,,,,,,,,,,,20,30,8.9,12.6,,20,,,9.6,
2006-11-24 14:00:00,,8.0,,,1.09,,,,,0.0,0.0,69,,,1015.0,,,,,,,,,1009.8,0.4,,18.8,,,,24.9,,,,,,,,,,18.0,,,,20,20,8.1,12.0,,20,,,9.3,
2006-11-24 15:00:00,,,,,0.66,,,,,0.0,0.0,69,,,1015.0,,,,,,,,,1009.8,0.1,,18.8,,,,24.8,,,,,,,,,,,,,,20,30,7.4,10.6,,20,,,8.1,
2006-11-24 16:00:00,,,,,0.46,,,,,0.0,0.0,71,,,1014.9,,,,,,,,,1009.7,0.4,,18.7,,,,24.3,,,,,,,,,,,,,,20,10,9.9,13.4,,20,,,10.1,
2006-11-24 17:00:00,,6.0,,,0.16,,,,,0.0,0.0,72,,,1015.2,,,,,,,,,1010.0,0.5,,18.6,,,,23.9,,,,,,,,,,15.0,,,,20,20,10.1,13.8,,20,,,10.1,
2006-11-24 18:00:00,,,,,0.0,,,,,0.0,0.0,74,,,1015.7,,,,,,,,,1010.4,0.0,,18.7,,,,23.6,,,,,,,,,,,,,,20,30,9.8,13.6,,20,,,10.3,
2006-11-24 19:00:00,,,,,0.0,,,,,0.0,0.0,74,,,1016.2,,,,,,,,,1010.9,0.0,,18.6,,,,23.5,,,,,,,,,,,,,,20,10,10.2,14.9,,10,,,10.9,
2006-11-24 20:00:00,,,,,0.0,,,,,0.0,0.0,74,,,1016.4,,,,,,,,,1011.1,,,18.5,,,,23.5,,,,,,,,,,,,,,20,20,10.3,14.6,,20,,,11.0,
2006-11-24 21:00:00,,,,,0.0,,,,,0.0,0.0,75,,,1016.3,,,,,,,,,1011.0,,,18.9,,,,23.5,,,,,,,,,,,,,,30,20,9.4,13.1,,20,,,10.7,
2006-11-24 22:00:00,,,,,0.0,,,,,0.0,0.0,75,,,1016.2,,,,,,,,,1010.9,,,18.9,,,,23.6,,,,,,,,,,,,,,30,30,7.2,11.8,,30,,,9.3,
2006-11-24 23:00:00,,,,,0.0,,,,,0.0,0.0,76,,,1016.3,,,,,,,,,1011.0,,,19.1,,,,23.6,,,,,,,,,,,,,,30,30,6.7,10.4,,20,,,7.7,
2006-11-25 00:00:00,,,,,0.0,,,,,0.0,0.0,74,,,1015.9,,,,,,,,,1010.6,,,18.8,,,,23.6,,,,,,,,,,,,,,20,30,6.8,9.2,,20,,,7.1,
2006-11-25 01:00:00,,,,,0.0,,,,,0.0,0.0,76,,,1015.8,,,,,,,,,1010.5,,,18.9,,,,23.4,,,,,,,,,,,,,,20,20,7.2,9.9,,20,,,7.2,
2006-11-25 02:00:00,,,,,0.0,,,,,0.0,0.0,74,,,1015.3,,,,,,,,,1010.0,,,18.6,,,,23.4,,,,,,,,,,,,,,20,30,7.5,10.5,,20,,,8.0,
2006-11-25 03:00:00,,,,,0.0,,,,,0.0,0.0,74,,,1015.0,,,,,,,,,1009.7,,,18.5,,,,23.4,,,,,,,,,,,,,,20,20,8.3,11.4,,20,,,8.4,
2006-11-25 04:00:00,,,,,0.0,,,,,0.0,0.0,75,,,1014.6,,,,,,,,,1009.3,,,18.7,,,,23.3,,,,,,,,,,,,,,20,20,9.0,12.1,,20,,,9.3,
2006-11-25 05:00:00,,,,,0.0,,,,,0.0,0.0,73,,,1014.7,,,,,,,,,1009.4,,,18.2,,,,23.2,,,,,,,,,,,,,,20,30,8.9,12.4,,20,,,9.4,
2006-11-25 06:00:00,,,,,0.0,,,,,0.0,0.0,77,,,1015.0,,,,,,,,,1009.7,0.0,,18.8,,,,23.1,,,,,,,,,,,,,,30,30,7.5,12.3,,20,,,9.4,
2006-11-25 07:00:00,,,,,0.0,,,,,0.0,0.0,76,,,1015.3,,,,,,,,,1010.0,0.0,,18.9,,,,23.3,,,,,,,,,,,,,,40,40,6.7,10.8,,30,,,7.8,
2006-11-25 08:00:00,,0.0,,,0.23,,,,,0.0,0.0,72,,,1015.3,,,,,,,,,1010.1,0.7,,19.0,,,,24.3,,,,,,,,,,12.0,,,,20,20,7.1,9.3,,20,,,7.1,
2006-11-25 09:00:00,,0.0,,,0.72,,,,,0.0,0.0,71,,,1015.8,,,,,,,,,1010.6,1.0,,19.6,,,,25.3,,,,,,,,,,15.0,,,,20,30,7.3,9.6,,20,,,7.4,
2006-11-25 10:00:00,,,,,1.2,,,,,0.0,0.0,70,,,1015.7,,,,,,,,,1010.5,1.0,,20.0,,,,25.9,,,,,,,,,,,,,,40,20,5.1,8.9,,30,,,7.2,
2006-11-25 11:00:00,,0.0,,,1.44,,,,,0.0,0.0,69,,,1015.4,,,,,,,,,1010.2,1.0,,19.8,,,,26.0,,,,,,,,,,15.0,,,,20,30,4.5,6.7,,40,,,5.1,
2006-11-25 12:00:00,,,,,1.67,,,,,0.0,0.0,69,,,1014.6,,,,,,,,,1009.4,1.0,,19.4,,,,25.5,,,,,,,,,,,,,,10,10,6.6,8.0,,10,,,6.6,
2006-11-25 13:00:00,,,,,1.69,,,,,0.0,0.0,70,,,1013.7,,,,,,,,,1008.5,1.0,,20.1,,,,26.1,,,,,,,,,,,,,,10,10,5.5,8.7,,10,,,6.7,
2006-11-25 14:00:00,,1.0,,,1.27,,,,,0.0,0.0,70,,,1012.9,,,,,,,,,1007.7,0.9,,19.9,,,,25.7,,,,,,,,,,12.0,,,,20,20,6.3,8.6,,20,,,6.5,
2006-11-25 15:00:00,,,,,1.14,,,,,0.0,0.0,72,,,1012.8,,,,,,,,,1007.6,1.0,,19.9,,,,25.3,,,,,,,,,,,,,,20,10,6.0,8.7,,10,,,6.7,
2006-11-25 16:00:00,,,,,0.57,,,,,0.0,0.0,74,,,1012.7,,,,,,,,,1007.5,0.9,,19.8,,,,24.8,,,,,,,,,,,,,,10,10,6.6,9.2,,10,,,6.8,
2006-11-25 17:00:00,,2.0,,,0.08,,,,,0.0,0.0,75,,,1012.8,,,,,,,,,1007.6,0.4,,19.2,,,,23.9,,,,,,,,,,15.0,,,,20,360,7.3,10.4,,20,,,7.6,
2006-11-25 18:00:00,,,,,0.0,,,,,0.0,0.0,75,,,1013.2,,,,,,,,,1008.0,0.0,,19.0,,,,23.6,,,,,,,,,,,,,,30,20,7.5,10.9,,20,,,8.0,
2006-11-25 19:00:00,,,,,0.0,,,,,0.0,0.0,77,,,1013.4,,,,,,,,,1008.2,0.0,,19.3,,,,23.6,,,,,,,,,,,,,,20,20,8.2,10.7,,20,,,8.3,
2006-11-25 20:00:00,,,,,0.0,,,,,0.0,0.0,79,,,1013.9,,,,,,,,,1008.7,,,19.6,,,,23.5,,,,,,,,,,,,,,30,30,6.8,9.9,,20,,,8.0,
2006-11-25 21:00:00,,,,,0.0,,,,,0.0,0.0,77,,,1013.7,,,,,,,,,1008.5,,,19.5,,,,23.8,,,,,,,,,,,,,,20,20,6.1,8.7,,30,,,6.7,
2006-11-25 22:00:00,,,,,0.0,,,,,0.0,0.0,77,,,1013.6,,,,,,,,,1008.4,,,19.5,,,,23.8,,,,,,,,,,,,,,20,20,6.8,9.4,,20,,,7.6,
2006-11-25 23:00:00,,,,,0.0,,,,,0.0,0.0,78,,,1013.4,,,,,,,,,1008.2,,,19.7,,,,23.8,,,,,,,,,,,,,,30,20,5.8,8.8,,20,,,7.0,
2006-11-26 00:00:00,,,,,0.0,,,,,0.0,0.0,77,,,1013.3,,,,,,,,,1008.1,,,19.7,,,,24.0,,,,,,,,,,,,,,40,40,4.1,6.9,,30,,,5.7,
2006-11-26 01:00:00,,,,,0.0,,,,,0.0,0.0,77,,,1013.1,,,,,,,,,1007.9,,,19.7,,,,23.9,,,,,,,,,,,,,,30,40,4.8,6.2,,30,,,4.9,
2006-11-26 02:00:00,,,,,0.0,,,,,0.0,0.0,77,,,1012.6,,,,,,,,,1007.4,,,19.7,,,,24.0,,,,,,,,,,,,,,20,20,5.3,6.6,,20,,,5.3,
2006-11-26 03:00:00,,,,,0.0,,,,,0.0,0.0,78,,,1012.4,,,,,,,,,1007.2,,,20.0,,,,24.0,,,,,,,,,,,,,,20,20,4.3,6.3,,20,,,5.2,
2006-11-26 04:00:00,,,,,0.0,,,,,0.0,0.0,78,,,1012.2,,,,,,,,,1007.0,,,20.0,,,,24.0,,,,,,,,,,,,,,20,30,4.5,5.9,,20,,,4.7,
2006-11-26 05:00:00,,,,,0.0,,,,,0.0,0.0,78,,,1012.0,,,,,,,,,1006.8,,,19.7,,,,23.8,,,,,,,,,,,,,,30,20,4.3,6.1,,20,,,5.0,
2006-11-26 06:00:00,,,,,0.0,,,,,0.0,0.0,80,,,1012.1,,,,,,,,,1006.9,0.0,,20.0,,,,23.7,,,,,,,,,,,,,,40,30,4.2,5.9,,30,,,4.5,
2006-11-26 07:00:00,,,,,0.0,,,,,0.0,0.0,75,,,1012.4,,,,,,,,,1007.2,0.1,,19.4,,,,24.2,,,,,,,,,,,,,,60,60,4.6,6.1,,60,,,5.2,
2006-11-26 08:00:00,,0.0,,,0.34,,,,,0.0,0.0,69,,,1012.3,,,,,,,,,1007.1,1.0,,19.7,,,,25.9,,,,,,,,,,16.0,,,,80,80,4.1,5.2,,60,,,4.5,
2006-11-26 09:00:00,,1.0,,,0.74,,,,,0.0,0.0,68,,,1012.5,,,,,,,,,1007.3,1.0,,20.3,,,,26.6,,,,,,,,,,16.0,,,,80,70,3.1,4.5,,80,,,4.1,
2006-11-26 10:00:00,,,,,1.13,,,,,0.0,0.0,67,,,1012.4,,,,,,,,,1007.2,1.0,,20.1,,,,26.8,,,,,,,,,,,,,,80,80,1.8,4.5,,80,,,3.1,
2006-11-26 11:00:00,,7.0,,,1.61,,,,,0.0,0.0,64,,,1011.8,,,,,,,,,1006.6,0.9,,20.1,,,,27.6,,,,,,,,,,10.0,,,,100,100,1.9,3.9,,90,,,2.1,
2006-11-26 12:00:00,,,,,1.46,,,,,0.0,0.0,62,,,1010.7,,,,,,,,,1005.5,0.7,,19.5,,,,27.5,,,,,,,,,,,,,,150,140,2.5,4.5,,140,,,2.7,
2006-11-26 13:00:00,,,,,1.52,,,,,0.0,0.0,64,,,1009.4,,,,,,,,,1004.3,0.8,,20.5,,,,28.0,,,,,,,,,,,,,,180,200,4.5,6.8,,180,,,4.5,
2006-11-26 14:00:00,,1.0,,,1.34,,,,,0.0,0.0,67,,,1008.6,,,,,,,,,1003.5,1.0,,21.6,,,,28.2,,,,,,,,,,6.0,,,,180,170,5.8,8.3,,180,,,5.8,
2006-11-26 15:00:00,,,,,1.2,,,,,0.0,0.0,71,,,1008.6,,,,,,,,,1003.5,1.0,,21.9,,,,27.6,,,,,,,,,,,,,,200,190,7.2,10.4,,200,,,7.2,
2006-11-26 16:00:00,,,,,0.71,,,,,0.0,0.0,74,,,1008.9,,,,,,,,,1003.7,1.0,,22.0,,,,27.1,,,,,,,,,,,,,,190,190,8.7,11.1,,190,,,8.7,
2006-11-26 17:00:00,,2.0,,,0.19,,,,,0.0,0.0,76,,,1009.3,,,,,,,,,1004.1,0.9,,21.9,,,,26.5,,,,,,,,,,25.0,,,,190,190,4.8,10.4,,190,,,8.9,
2006-11-26 18:00:00,,,,,0.0,,,,,0.0,0.0,77,,,1010.0,,,,,,,,,1004.8,0.0,,21.8,,,,26.1,,,,,,,,,,,,,,190,200,4.7,6.9,,190,,,4.8,
2006-11-26 19:00:00,,,,,0.0,,,,,0.0,0.0,79,,,1010.3,,,,,,,,,1005.1,0.0,,22.0,,,,25.9,,,,,,,,,,,,,,170,160,4.8,6.9,,170,,,4.9,
2006-11-26 20:00:00,,,,,0.0,,,,,0.0,0.0,81,,,1010.4,,,,,,,,,1005.2,,,22.1,,,,25.7,,,,,,,,,,,,,,160,150,4.5,6.6,,160,,,5.0,
2006-11-26 21:00:00,,,,,0.0,,,,,18.0,1.0,79,,,1011.2,,,,,,,,,1006.0,,,20.5,,,,24.3,,,,,,,,,,,,,,240,190,3.9,10.7,,190,,,5.5,
2006-11-26 22:00:00,,,,,0.0,,,,,1.5,0.2,81,,,1011.0,,,,,,,,,1005.8,,,19.9,,,,23.4,,,,,,,,,,,,,,220,170,2.8,6.4,,180,,,4.2,
2006-11-26 23:00:00,,,,,0.0,,,,,0.0,0.0,81,,,1011.7,,,,,,,,,1006.5,,,20.0,,,,23.5,,,,,,,,,,,,,,160,160,1.4,7.2,,160,,,5.3,
2006-11-27 00:00:00,,,,,0.0,,,,,0.0,0.0,82,,,1011.2,,,,,,,,,1006.0,,,20.1,,,,23.4,,,,,,,,,,,,,,140,150,2.8,4.3,,140,,,3.2,
2006-11-27 01:00:00,,,,,0.0,,,,,0.0,0.0,82,,,1011.5,,,,,,,,,1006.3,,,20.7,,,,23.9,,,,,,,,,,,,,,30,20,4.1,5.6,,20,,,4.3,
2006-11-27 02:00:00,,,,,0.0,,,,,0.0,0.0,83,,,1011.1,,,,,,,,,1005.9,,,20.6,,,,23.6,,,,,,,,,,,,,,40,50,5.2,7.1,,50,,,5.3,
2006-11-27 03:00:00,,,,,0.0,,,,,0.0,0.0,82,,,1010.7,,,,,,,,,1005.5,,,20.3,,,,23.5,,,,,,,,,,,,,,60,40,5.0,7.1,,40,,,5.3,
2006-11-27 04:00:00,,,,,0.0,,,,,0.0,0.0,83,,,1010.7,,,,,,,,,1005.5,,,20.4,,,,23.5,,,,,,,,,,,,,,70,60,3.6,5.8,,60,,,5.0,
2006-11-27 05:00:00,,,,,0.0,,,,,0.0,0.0,84,,,1010.5,,,,,,,,,1005.3,,,20.6,,,,23.5,,,,,,,,,,,,,,90,50,2.9,4.3,,60,,,3.9,
2006-11-27 06:00:00,,,,,0.0,,,,,0.0,0.0,84,,,1011.3,,,,,,,,,1006.1,0.0,,20.7,,,,23.6,,,,,,,,,,,,,,0,90,0.0,3.5,,90,,,3.0,
2006-11-27 07:00:00,,,,,0.0,,,,,0.0,0.0,86,,,1012.1,,,,,,,,,1006.9,0.3,,21.7,,,,24.1,,,,,,,,,,,,,,350,360,2.3,3.7,,350,,,2.3,
2006-11-27 08:00:00,,0.0,,,0.36,,,,,0.0,0.0,87,,,1012.7,,,,,,,,,1007.5,1.0,,22.4,,,,24.8,,,,,,,,,,12.0,,,,20,360,2.5,3.5,,360,,,2.8,
2006-11-27 09:00:00,,1.0,,,0.81,,,,,0.0,0.0,85,,,1012.8,,,,,,,,,1007.6,1.0,,22.5,,,,25.3,,,,,,,,,,18.0,,,,20,30,3.0,4.8,,20,,,3.5,
2006-11-27 10:00:00,,,,,1.18,,,,,0.0,0.0,82,,,1013.0,,,,,,,,,1007.8,1.0,,22.3,,,,25.6,,,,,,,,,,,,,,10,360,3.3,4.3,,20,,,3.4,
2006-11-27 11:00:00,,2.0,,,1.31,,,,,0.0,0.0,80,,,1012.8,,,,,,,,,1007.6,0.7,,22.0,,,,25.7,,,,,,,,,,15.0,,,,360,10,3.7,5.5,,10,,,4.3,
2006-11-27 12:00:00,,,,,1.76,,,,,0.0,0.0,75,,,1011.9,,,,,,,,,1006.7,1.0,,21.2,,,,26.0,,,,,,,,,,,,,,10,10,7.4,9.5,,10,,,7.4,
2006-11-27 13:00:00,,,,,1.8,,,,,0.0,0.0,74,,,1011.2,,,,,,,,,1006.0,1.0,,20.8,,,,25.9,,,,,,,,,,,,,,10,10,8.0,10.8,,10,,,8.4,
2006-11-27 14:00:00,,2.0,,,1.58,,,,,0.0,0.0,74,,,1010.7,,,,,,,,,1005.5,1.0,,21.1,,,,26.1,,,,,,,,,,30.0,,,,10,10,7.3,10.9,,10,,,8.7,
2006-11-27 15:00:00,,,,,1.19,,,,,0.0,0.0,72,,,1010.5,,,,,,,,,1005.3,1.0,,20.0,,,,25.3,,,,,,,,,,,,,,10,10,8.0,11.9,,10,,,8.1,
2006-11-27 16:00:00,,,,,0.64,,,,,0.0,0.0,72,,,1010.6,,,,,,,,,1005.4,1.0,,19.6,,,,24.9,,,,,,,,,,,,,,20,20,7.8,11.5,,20,,,8.6,
2006-11-27 17:00:00,,0.0,,,0.15,,,,,0.0,0.0,68,,,1011.0,,,,,,,,,1005.8,0.9,,18.0,,,,24.2,,,,,,,,,,25.0,,,,20,20,7.9,11.7,,20,,,8.7,
2006-11-27 18:00:00,,,,,0.0,,,,,0.0,0.0,75,,,1011.7,,,,,,,,,1006.5,0.0,,19.3,,,,24.0,,,,,,,,,,,,,,10,10,7.8,11.7,,10,,,9.4,
2006-11-27 19:00:00,,,,,0.0,,,,,0.0,0.0,75,,,1012.5,,,,,,,,,1007.3,0.0,,19.3,,,,23.9,,,,,,,,,,,,,,10,10,8.5,12.7,,10,,,9.3,
2006-11-27 20:00:00,,,,,0.0,,,,,0.0,0.0,76,,,1013.0,,,,,,,,,1007.8,,,19.6,,,,24.1,,,,,,,,,,,,,,20,20,9.0,12.9,,20,,,9.4,
2006-11-27 21:00:00,,,,,0.0,,,,,0.0,0.0,75,,,1013.2,,,,,,,,,1008.0,,,19.3,,,,23.9,,,,,,,,,,,,,,20,20,10.1,13.3,,20,,,10.7,
2006-11-27 22:00:00,,,,,0.0,,,,,0.0,0.0,77,,,1013.3,,,,,,,,,1008.1,,,19.3,,,,23.5,,,,,,,,,,,,,,30,30,9.8,12.9,,20,,,10.0,
2006-11-27 23:00:00,,,,,0.0,,,,,0.0,0.0,76,,,1013.4,,,,,,,,,1008.2,,,18.9,,,,23.3,,,,,,,,,,,,,,30,20,8.4,12.8,,30,,,10.2,
2006-11-28 00:00:00,,,,,0.0,,,,,0.0,0.0,76,,,1012.9,,,,,,,,,1007.7,,,18.9,,,,23.3,,,,,,,,,,,,,,20,20,7.8,11.5,,30,,,8.9,
2006-11-28 01:00:00,,,,,0.0,,,,,0.0,0.0,76,,,1013.4,,,,,,,,,1008.2,,,18.9,,,,23.3,,,,,,,,,,,,,,10,360,7.1,11.1,,20,,,8.0,
2006-11-28 02:00:00,,,,,0.0,,,,,0.0,0.0,76,,,1013.1,,,,,,,,,1007.9,,,18.6,,,,23.0,,,,,,,,,,,,,,10,10,8.4,11.4,,20,,,8.6,
2006-11-28 03:00:00,,,,,0.0,,,,,0.0,0.0,74,,,1012.8,,,,,,,,,1007.6,,,18.1,,,,23.0,,,,,,,,,,,,,,10,360,8.4,12.3,,20,,,8.8,
2006-11-28 04:00:00,,,,,0.0,,,,,0.0,0.0,74,,,1012.8,,,,,,,,,1007.6,,,18.1,,,,23.0,,,,,,,,,,,,,,20,20,8.2,11.8,,20,,,8.8,
2006-11-28 05:00:00,,,,,0.0,,,,,0.0,0.0,74,,,1013.2,,,,,,,,,1008.0,,,18.2,,,,23.0,,,,,,,,,,,,,,20,20,7.7,11.0,,20,,,8.6,
2006-11-28 06:00:00,,,,,0.0,,,,,0.0,0.0,75,,,1013.2,,,,,,,,,1008.0,0.0,,18.4,,,,23.0,,,,,,,,,,,,,,30,30,8.5,10.8,,30,,,8.6,
2006-11-28 07:00:00,,,,,0.0,,,,,0.0,0.0,74,,,1014.2,,,,,,,,,1009.0,0.0,,18.5,,,,23.4,,,,,,,,,,,,,,20,20,9.8,12.8,,20,,,10.0,
2006-11-28 08:00:00,,10.0,,,0.0,,,,,0.0,0.0,74,,,1014.9,,,,,,,,,1009.7,0.0,,18.7,,,,23.6,,,,,,,,,,12.0,,,,30,20,9.7,14.2,,20,,,10.3,
2006-11-28 09:00:00,,9.0,,,0.25,,,,,0.0,0.0,73,,,1015.4,,,,,,,,,1010.2,0.1,,19.0,,,,24.2,,,,,,,,,,15.0,,,,30,30,10.2,13.3,,30,,,10.2,
2006-11-28 10:00:00,,,,,0.13,,,,,1.0,0.2,79,,,1015.6,,,,,,,,,1010.3,0.0,,18.6,,,,22.5,,,,,,,,,,,,,,30,30,11.6,15.8,,30,,,11.8,
2006-11-28 11:00:00,,10.0,,,0.02,,,,,0.5,0.7,81,,,1015.3,,,,,,,,,1010.0,0.0,,18.1,,,,21.5,,,,,,,,,,6.0,,,,30,30,15.1,19.7,,30,,,15.1,
2006-11-28 12:00:00,,,,,0.0,,,,,2.5,1.0,92,,,1015.1,,,,,,,,,1009.8,0.0,,19.3,,,,20.6,,,,,,,,,,,,,,20,10,13.9,19.9,,30,,,15.1,
2006-11-28 13:00:00,,,,,0.02,,,,,0.5,0.2,92,,,1014.4,,,,,,,,,1009.1,0.0,,19.9,,,,21.2,,,,,,,,,,,,,,20,20,12.9,20.1,,20,,,14.9,
2006-11-28 14:00:00,,10.0,,,0.11,,,,,0.0,0.0,78,,,1013.8,,,,,,,,,1008.5,0.0,,17.5,,,,21.4,,,,,,,,,,20.0,,,,20,20,14.4,20.3,,20,,,14.6,
2006-11-28 15:00:00,,,,,0.01,,,,,0.0,0.0,74,,,1013.9,,,,,,,,,1008.6,0.0,,17.4,,,,22.2,,,,,,,,,,,,,,20,20,13.4,20.0,,20,,,14.6,
2006-11-28 16:00:00,,,,,0.0,,,,,0.0,0.0,71,,,1013.6,,,,,,,,,1008.3,0.0,,16.8,,,,22.4,,,,,,,,,,,,,,30,30,12.6,17.4,,20,,,13.7,
2006-11-28 17:00:00,,10.0,,,0.0,,,,,0.0,0.0,72,,,1014.3,,,,,,,,,1009.0,0.0,,17.2,,,,22.6,,,,,,,,,,30.0,,,,40,30,11.3,16.7,,30,,,12.6,
2006-11-28 18:00:00,,,,,0.0,,,,,0.0,0.0,72,,,1014.9,,,,,,,,,1009.6,0.0,,17.0,,,,22.3,,,,,,,,,,,,,,30,50,10.1,15.2,,30,,,11.7,
2006-11-28 19:00:00,,,,,0.0,,,,,0.0,0.0,69,,,1015.3,,,,,,,,,1010.0,0.0,,17.3,,,,23.2,,,,,,,,,,,,,,30,40,8.6,13.6,,30,,,10.1,
2006-11-28 20:00:00,,,,,0.0,,,,,0.0,0.0,65,,,1015.9,,,,,,,,,1010.6,,,16.7,,,,23.7,,,,,,,,,,,,,,20,30,9.6,13.0,,20,,,9.7,
2006-11-28 21:00:00,,,,,0.0,,,,,0.0,0.0,72,,,1016.5,,,,,,,,,1011.2,,,17.7,,,,23.1,,,,,,,,,,,,,,10,360,11.6,16.3,,10,,,12.0,
2006-11-28 22:00:00,,,,,0.0,,,,,0.0,0.0,69,,,1016.1,,,,,,,,,1010.8,,,17.2,,,,23.3,,,,,,,,,,,,,,20,10,11.7,16.4,,20,,,12.2,
2006-11-28 23:00:00,,,,,0.0,,,,,0.0,0.0,68,,,1016.4,,,,,,,,,1011.1,,,17.1,,,,23.3,,,,,,,,,,,,,,20,20,11.4,16.2,,20,,,11.9,
2006-11-29 00:00:00,,,,,0.0,,,,,0.0,0.0,73,,,1016.4,,,,,,,,,1011.1,,,18.0,,,,23.1,,,,,,,,,,,,,,20,30,10.6,15.6,,20,,,11.7,
2006-11-29 01:00:00,,,,,0.0,,,,,0.0,0.0,73,,,1015.9,,,,,,,,,1010.6,,,18.0,,,,23.1,,,,,,,,,,,,,,20,20,10.4,17.6,,20,,,12.8,
2006-11-29 02:00:00,,,,,0.0,,,,,0.0,0.0,73,,,1015.9,,,,,,,,,1010.6,,,18.1,,,,23.1,,,,,,,,,,,,,,10,10,12.2,16.8,,10,,,12.2,
2006-11-29 03:00:00,,,,,0.0,,,,,0.5,0.3,80,,,1016.0,,,,,,,,,1010.7,,,18.6,,,,22.3,,,,,,,,,,,,,,20,10,10.8,17.4,,10,,,13.1,
2006-11-29 04:00:00,,,,,0.0,,,,,0.0,0.0,78,,,1015.8,,,,,,,,,1010.5,,,18.5,,,,22.6,,,,,,,,,,,,,,20,360,12.6,16.6,,20,,,12.6,
2006-11-29 05:00:00,,,,,0.0,,,,,0.0,0.0,77,,,1015.9,,,,,,,,,1010.6,,,18.8,,,,23.1,,,,,,,,,,,,,,20,20,12.3,15.7,,20,,,12.5,
2006-11-29 06:00:00,,,,,0.0,,,,,0.0,0.0,76,,,1016.5,,,,,,,,,1011.2,0.0,,18.5,,,,22.9,,,,,,,,,,,,,,30,30,10.9,15.2,,20,,,12.1,
2006-11-29 07:00:00,,,,,0.0,,,,,0.0,0.0,76,,,1017.1,,,,,,,,,1011.8,0.0,,18.7,,,,23.1,,,,,,,,,,,,,,30,20,9.6,15.5,,30,,,11.4,
2006-11-29 08:00:00,,8.0,,,0.26,,,,,0.0,0.0,75,,,1017.1,,,,,,,,,1011.8,0.5,,19.0,,,,23.7,,,,,,,,,,12.0,,,,20,30,9.5,12.8,,20,,,10.3,
2006-11-29 09:00:00,,8.0,,,0.62,,,,,0.0,0.0,75,,,1017.6,,,,,,,,,1012.3,0.2,,18.7,,,,23.4,,,,,,,,,,25.0,,,,10,10,10.1,14.2,,20,,,10.5,
2006-11-29 10:00:00,,,,,0.86,,,,,0.0,0.0,75,,,1017.3,,,,,,,,,1012.0,0.3,,18.9,,,,23.7,,,,,,,,,,,,,,20,20,8.9,13.7,,10,,,10.1,
2006-11-29 11:00:00,,8.0,,,0.71,,,,,0.0,0.0,74,,,1016.5,,,,,,,,,1011.2,0.1,,18.7,,,,23.6,,,,,,,,,,25.0,,,,10,360,10.5,14.2,,10,,,10.6,
2006-11-29 12:00:00,,,,,0.65,,,,,0.0,0.0,73,,,1015.5,,,,,,,,,1010.3,0.0,,18.7,,,,23.8,,,,,,,,,,,,,,10,360,10.1,14.1,,10,,,10.9,
2006-11-29 13:00:00,,,,,1.11,,,,,0.0,0.0,70,,,1014.9,,,,,,,,,1009.7,0.3,,18.7,,,,24.5,,,,,,,,,,,,,,10,360,11.7,16.1,,10,,,12.5,
2006-11-29 14:00:00,,2.0,,,1.44,,,,,0.0,0.0,72,,,1014.3,,,,,,,,,1009.1,1.0,,19.1,,,,24.4,,,,,,,,,,20.0,,,,10,10,10.4,14.4,,10,,,11.5,
2006-11-29 15:00:00,,,,,0.65,,,,,0.0,0.0,71,,,1014.4,,,,,,,,,1009.2,0.2,,18.7,,,,24.2,,,,,,,,,,,,,,20,10,9.8,14.7,,10,,,10.6,
2006-11-29 16:00:00,,,,,0.3,,,,,0.0,0.0,73,,,1014.6,,,,,,,,,1009.4,0.2,,18.2,,,,23.4,,,,,,,,,,,,,,20,30,9.4,13.6,,20,,,10.4,
2006-11-29 17:00:00,,10.0,,,0.0,,,,,0.0,0.0,73,,,1015.1,,,,,,,,,1009.8,0.0,,18.2,,,,23.4,,,,,,,,,,20.0,,,,20,20,9.3,12.9,,20,,,10.0,
2006-11-29 18:00:00,,,,,0.0,,,,,0.0,0.0,73,,,1015.6,,,,,,,,,1010.3,0.0,,18.2,,,,23.3,,,,,,,,,,,,,,20,20,10.1,14.4,,20,,,10.3,
2006-11-29 19:00:00,,,,,0.0,,,,,0.0,0.0,75,,,1016.0,,,,,,,,,1010.7,0.0,,18.7,,,,23.3,,,,,,,,,,,,,,20,20,10.7,13.9,,20,,,10.7,
2006-11-29 20:00:00,,,,,0.0,,,,,0.0,0.0,75,,,1016.6,,,,,,,,,1011.3,,,18.6,,,,23.2,,,,,,,,,,,,,,20,20,10.6,15.1,,20,,,11.8,
2006-11-29 21:00:00,,,,,0.0,,,,,0.0,0.0,76,,,1017.0,,,,,,,,,1011.7,,,18.7,,,,23.1,,,,,,,,,,,,,,30,30,9.1,14.3,,30,,,10.8,
2006-11-29 22:00:00,,,,,0.0,,,,,0.0,0.0,76,,,1017.1,,,,,,,,,1011.8,,,18.7,,,,23.2,,,,,,,,,,,,,,30,30,8.0,12.0,,30,,,9.1,
2006-11-29 23:00:00,,,,,0.0,,,,,0.0,0.0,74,,,1016.5,,,,,,,,,1011.2,,,18.7,,,,23.6,,,,,,,,,,,,,,20,20,9.3,12.2,,20,,,9.4,
2006-11-30 00:00:00,,,,,0.0,,,,,0.0,0.0,71,,,1015.9,,,,,,,,,1010.6,,,17.8,,,,23.4,,,,,,,,,,,,,,30,30,8.9,13.1,,20,,,10.0,
2006-11-30 01:00:00,,,,,0.0,,,,,0.0,0.0,69,,,1016.0,,,,,,,,,1010.7,,,17.7,,,,23.7,,,,,,,,,,,,,,10,30,8.4,12.7,,20,,,9.7,
2006-11-30 02:00:00,,,,,0.0,,,,,0.0,0.0,70,,,1015.2,,,,,,,,,1010.0,,,17.8,,,,23.7,,,,,,,,,,,,,,10,360,11.3,15.0,,10,,,11.3,
2006-11-30 03:00:00,,,,,0.0,,,,,0.0,0.0,74,,,1014.9,,,,,,,,,1009.7,,,18.6,,,,23.5,,,,,,,,,,,,,,10,10,13.7,17.7,,10,,,13.8,
2006-11-30 04:00:00,,,,,0.0,,,,,0.0,0.0,75,,,1014.8,,,,,,,,,1009.5,,,18.3,,,,23.0,,,,,,,,,,,,,,10,10,13.2,19.6,,10,,,13.8,
2006-11-30 05:00:00,,,,,0.0,,,,,0.0,0.0,73,,,1014.9,,,,,,,,,1009.6,,,17.8,,,,22.9,,,,,,,,,,,,,,20,360,12.5,20.3,,10,,,15.0,
2006-11-30 06:00:00,,,,,0.0,,,,,0.0,0.0,73,,,1015.5,,,,,,,,,1010.2,0.0,,17.7,,,,22.9,,,,,,,,,,,,,,20,360,12.3,18.5,,20,,,12.9,
2006-11-30 07:00:00,,,,,0.0,,,,,0.0,0.0,72,,,1016.7,,,,,,,,,1011.4,0.0,,17.7,,,,23.0,,,,,,,,,,,,,,20,20,11.2,18.4,,20,,,12.5,
2006-11-30 08:00:00,,10.0,,,0.02,,,,,0.0,0.0,73,,,1016.5,,,,,,,,,1011.2,0.0,,18.0,,,,23.2,,,,,,,,,,10.0,,,,20,30,12.1,16.3,,20,,,12.4,
2006-11-30 09:00:00,,9.0,,,0.63,,,,,0.0,0.0,71,,,1016.9,,,,,,,,,1011.6,0.5,,18.0,,,,23.5,,,,,,,,,,12.0,,,,20,30,12.1,16.9,,20,,,12.2,
2006-11-30 10:00:00,,,,,0.84,,,,,0.0,0.0,73,,,1016.5,,,,,,,,,1011.2,0.5,,18.0,,,,23.2,,,,,,,,,,,,,,10,360,14.3,19.8,,10,,,14.5,
2006-11-30 11:00:00,,7.0,,,1.22,,,,,0.0,0.0,72,,,1015.8,,,,,,,,,1010.5,0.7,,17.9,,,,23.2,,,,,,,,,,15.0,,,,10,10,14.6,20.7,,10,,,15.2,
2006-11-30 12:00:00,,,,,1.26,,,,,0.0,0.0,70,,,1015.0,,,,,,,,,1009.7,0.6,,17.7,,,,23.4,,,,,,,,,,,,,,10,10,14.5,21.1,,10,,,15.7,
2006-11-30 13:00:00,,,,,1.11,,,,,0.0,0.0,70,,,1014.2,,,,,,,,,1008.9,0.5,,17.4,,,,23.1,,,,,,,,,,,,,,20,10,13.9,21.7,,10,,,14.9,
2006-11-30 14:00:00,,9.0,,,0.8,,,,,0.0,0.0,73,,,1013.8,,,,,,,,,1008.5,0.2,,17.8,,,,23.0,,,,,,,,,,12.0,,,,20,10,12.6,20.5,,20,,,13.9,
2006-11-30 15:00:00,,,,,0.61,,,,,0.0,0.0,71,,,1013.8,,,,,,,,,1008.5,0.1,,17.0,,,,22.6,,,,,,,,,,,,,,10,20,13.6,20.8,,10,,,14.4,
2006-11-30 16:00:00,,,,,0.37,,,,,0.0,0.0,71,,,1014.0,,,,,,,,,1008.7,0.2,,17.0,,,,22.6,,,,,,,,,,,,,,10,30,13.7,21.2,,20,,,14.4,
2006-11-30 17:00:00,,7.0,,,0.01,,,,,0.0,0.0,71,,,1014.6,,,,,,,,,1009.3,0.0,,16.9,,,,22.5,,,,,,,,,,12.0,,,,20,20,14.2,20.2,,20,,,15.4,
2006-11-30 18:00:00,,,,,0.0,,,,,0.0,0.0,72,,,1015.3,,,,,,,,,1010.0,0.0,,17.3,,,,22.5,,,,,,,,,,,,,,20,20,12.6,19.1,,20,,,14.8,
2006-11-30 19:00:00,,,,,0.0,,,,,0.0,0.0,71,,,1015.9,,,,,,,,,1010.6,0.0,,16.9,,,,22.5,,,,,,,,,,,,,,20,30,13.2,18.9,,20,,,13.9,
2006-11-30 20:00:00,,,,,0.0,,,,,0.0,0.0,73,,,1015.8,,,,,,,,,1010.5,,,17.5,,,,22.6,,,,,,,,,,,,,,20,10,12.9,18.4,,20,,,13.6,
2006-11-30 21:00:00,,,,,0.0,,,,,0.0,0.0,70,,,1015.9,,,,,,,,,1010.6,,,16.9,,,,22.6,,,,,,,,,,,,,,20,30,12.9,19.1,,20,,,14.1,
2006-11-30 22:00:00,,,,,0.0,,,,,0.0,0.0,69,,,1016.2,,,,,,,,,1010.9,,,16.6,,,,22.5,,,,,,,,,,,,,,20,30,12.6,17.9,,20,,,14.3,
2006-11-30 23:00:00,,,,,0.0,,,,,0.0,0.0,70,,,1015.8,,,,,,,,,1010.5,,,16.9,,,,22.7,,,,,,,,,,,,,,10,20,12.6,19.1,,20,,,13.3,
2006-12-01 00:00:00,,,,,0.0,,,,,0.0,0.0,68,,,1016.1,,,,,,,,,1010.8,,,16.5,,,,22.6,,,,,,,,,,,,,,20,10,12.6,18.6,,10,,,14.0,
2006-12-01 01:00:00,,,,,0.0,,,,,0.0,0.0,72,,,1015.5,,,,,,,,,1010.2,,,17.2,,,,22.6,,,,,,,,,,,,,,10,10,14.7,19.3,,10,,,14.7,
2006-12-01 02:00:00,,,,,0.0,,,,,0.0,0.0,73,,,1015.3,,,,,,,,,1010.0,,,17.1,,,,22.2,,,,,,,,,,,,,,10,10,14.6,21.0,,10,,,15.1,
2006-12-01 03:00:00,,,,,0.0,,,,,0.0,0.0,72,,,1015.4,,,,,,,,,1010.1,,,16.9,,,,22.2,,,,,,,,,,,,,,10,10,13.5,20.6,,10,,,15.1,
2006-12-01 04:00:00,,,,,0.0,,,,,0.0,0.0,73,,,1013.8,,,,,,,,,1008.5,,,17.1,,,,22.1,,,,,,,,,,,,,,40,30,13.7,19.6,,20,,,14.9,
2006-12-01 05:00:00,,,,,0.0,,,,,0.0,0.0,75,,,1014.2,,,,,,,,,1008.9,,,17.3,,,,22.0,,,,,,,,,,,,,,40,40,12.4,18.9,,30,,,14.4,
2006-12-01 06:00:00,,,,,0.0,,,,,0.0,0.0,73,,,1014.9,,,,,,,,,1009.6,0.0,,17.1,,,,22.1,,,,,,,,,,,,,,30,40,12.8,17.4,,30,,,13.6,
2006-12-01 07:00:00,,,,,0.0,,,,,0.0,0.0,69,,,1015.5,,,,,,,,,1010.2,0.0,,16.6,,,,22.5,,,,,,,,,,,,,,20,30,12.1,17.4,,20,,,13.4,
2006-12-01 08:00:00,,7.0,,,0.29,,,,,0.0,0.0,74,,,1015.3,,,,,,,,,1010.0,0.7,,18.2,,,,23.1,,,,,,,,,,10.0,,,,10,10,12.8,18.0,,10,,,12.8,
2006-12-01 09:00:00,,5.0,,,0.59,,,,,0.0,0.0,72,,,1015.9,,,,,,,,,1010.6,0.4,,17.2,,,,22.5,,,,,,,,,,10.0,,,,10,10,15.4,21.5,,10,,,15.6,
2006-12-01 10:00:00,,,,,0.95,,,,,0.0,0.0,71,,,1015.3,,,,,,,,,1010.0,0.6,,17.3,,,,22.8,,,,,,,,,,,,,,10,360,15.6,21.1,,10,,,15.9,
2006-12-01 11:00:00,,9.0,,,1.14,,,,,0.0,0.0,71,,,1015.0,,,,,,,,,1009.7,0.5,,17.4,,,,22.9,,,,,,,,,,10.0,,,,10,360,13.1,22.0,,10,,,16.3,
2006-12-01 12:00:00,,,,,1.19,,,,,0.0,0.0,71,,,1014.4,,,,,,,,,1009.1,0.5,,17.6,,,,23.2,,,,,,,,,,,,,,10,10,12.9,20.4,,10,,,14.5,
2006-12-01 13:00:00,,,,,1.11,,,,,0.0,0.0,69,,,1013.1,,,,,,,,,1007.9,0.4,,17.3,,,,23.2,,,,,,,,,,,,,,10,20,12.3,19.0,,20,,,13.7,
2006-12-01 14:00:00,,7.0,,,0.93,,,,,0.0,0.0,71,,,1012.6,,,,,,,,,1007.3,0.4,,17.2,,,,22.7,,,,,,,,,,10.0,,,,10,10,13.4,18.5,,10,,,13.4,
2006-12-01 15:00:00,,,,,0.69,,,,,0.0,0.0,71,,,1012.2,,,,,,,,,1006.9,0.2,,17.0,,,,22.5,,,,,,,,,,,,,,10,360,14.4,19.7,,10,,,14.4,
2006-12-01 16:00:00,,,,,0.4,,,,,0.0,0.0,71,,,1012.9,,,,,,,,,1007.6,0.2,,16.6,,,,22.1,,,,,,,,,,,,,,20,360,14.2,19.6,,10,,,14.9,
2006-12-01 17:00:00,,9.0,,,0.0,,,,,0.0,0.0,71,,,1013.6,,,,,,,,,1008.3,0.0,,16.6,,,,22.1,,,,,,,,,,10.0,,,,20,20,13.2,19.4,,20,,,14.2,
2006-12-01 18:00:00,,,,,0.0,,,,,0.0,0.0,72,,,1014.1,,,,,,,,,1008.8,0.0,,16.9,,,,22.2,,,,,,,,,,,,,,20,360,12.2,19.4,,20,,,13.9,
2006-12-01 19:00:00,,,,,0.0,,,,,0.0,0.0,72,,,1014.3,,,,,,,,,1009.0,0.0,,16.7,,,,22.0,,,,,,,,,,,,,,10,10,13.9,20.8,,10,,,14.2,
2006-12-01 20:00:00,,,,,0.0,,,,,0.0,0.0,71,,,1014.7,,,,,,,,,1009.4,,,16.5,,,,22.0,,,,,,,,,,,,,,10,360,13.4,19.7,,10,,,14.7,
2006-12-01 21:00:00,,,,,0.0,,,,,0.0,0.0,71,,,1015.3,,,,,,,,,1010.0,,,16.6,,,,22.0,,,,,,,,,,,,,,10,360,13.7,19.3,,10,,,14.0,
2006-12-01 22:00:00,,,,,0.0,,,,,0.0,0.0,73,,,1015.5,,,,,,,,,1010.2,,,17.0,,,,22.1,,,,,,,,,,,,,,10,360,12.9,18.6,,20,,,13.6,
2006-12-01 23:00:00,,,,,0.0,,,,,0.0,0.0,72,,,1015.5,,,,,,,,,1010.2,,,16.9,,,,22.1,,,,,,,,,,,,,,10,10,13.5,19.0,,10,,,14.1,
2006-12-02 00:00:00,,,,,0.0,,,,,0.0,0.0,73,,,1015.6,,,,,,,,,1010.3,,,16.9,,,,22.0,,,,,,,,,,,,,,10,360,14.4,19.4,,10,,,14.4,
2006-12-02 01:00:00,,,,,0.0,,,,,0.0,0.0,74,,,1015.3,,,,,,,,,1010.0,,,17.1,,,,22.0,,,,,,,,,,,,,,10,10,13.4,20.6,,10,,,15.6,
2006-12-02 02:00:00,,,,,0.0,,,,,0.0,0.0,73,,,1015.0,,,,,,,,,1009.7,,,16.8,,,,21.9,,,,,,,,,,,,,,10,360,15.1,20.1,,10,,,15.4,
2006-12-02 03:00:00,,,,,0.0,,,,,0.0,0.0,73,,,1014.7,,,,,,,,,1009.4,,,17.0,,,,22.0,,,,,,,,,,,,,,10,10,15.5,20.6,,10,,,15.5,
2006-12-02 04:00:00,,,,,0.0,,,,,0.0,0.0,73,,,1014.7,,,,,,,,,1009.4,,,17.0,,,,22.0,,,,,,,,,,,,,,10,10,14.8,22.1,,10,,,15.9,
2006-12-02 05:00:00,,,,,0.0,,,,,0.0,0.0,74,,,1014.7,,,,,,,,,1009.4,,,17.4,,,,22.2,,,,,,,,,,,,,,10,10,13.9,22.2,,10,,,15.6,
2006-12-02 06:00:00,,,,,0.0,,,,,0.0,0.0,73,,,1015.5,,,,,,,,,1010.2,0.0,,16.9,,,,21.9,,,,,,,,,,,,,,10,10,14.5,20.6,,10,,,15.2,
2006-12-02 07:00:00,,,,,0.0,,,,,0.0,0.0,75,,,1016.3,,,,,,,,,1011.0,0.0,,17.2,,,,21.9,,,,,,,,,,,,,,10,10,13.7,21.6,,10,,,15.4,
2006-12-02 08:00:00,,9.0,,,0.0,,,,,0.0,0.0,74,,,1017.1,,,,,,,,,1011.8,0.0,,17.1,,,,21.9,,,,,,,,,,8.0,,,,20,10,14.1,21.3,,10,,,15.8,
2006-12-02 09:00:00,,9.0,,,0.49,,,,,0.0,0.0,72,,,1017.4,,,,,,,,,1012.1,0.1,,17.2,,,,22.5,,,,,,,,,,8.0,,,,10,10,14.9,21.0,,10,,,14.9,
2006-12-02 10:00:00,,,,,0.82,,,,,0.0,0.0,69,,,1017.0,,,,,,,,,1011.7,0.4,,16.9,,,,22.8,,,,,,,,,,,,,,20,10,15.6,21.9,,20,,,15.6,
2006-12-02 11:00:00,,9.0,,,1.14,,,,,0.0,0.0,73,,,1016.5,,,,,,,,,1011.2,0.5,,17.0,,,,22.1,,,,,,,,,,6.0,,,,10,360,17.4,23.6,,10,,,17.4,
2006-12-02 12:00:00,,,,,1.09,,,,,0.0,0.0,70,,,1016.1,,,,,,,,,1010.8,0.4,,16.8,,,,22.6,,,,,,,,,,,,,,10,10,16.0,24.1,,10,,,17.5,
2006-12-02 13:00:00,,,,,1.0,,,,,0.0,0.0,71,,,1015.3,,,,,,,,,1010.0,0.3,,16.8,,,,22.2,,,,,,,,,,,,,,10,10,15.6,22.6,,10,,,16.1,
2006-12-02 14:00:00,,9.0,,,0.88,,,,,0.0,0.0,71,,,1014.7,,,,,,,,,1009.4,0.2,,16.9,,,,22.3,,,,,,,,,,6.0,,,,10,360,16.1,22.0,,10,,,16.3,
2006-12-02 15:00:00,,,,,0.87,,,,,0.0,0.0,71,,,1014.7,,,,,,,,,1009.4,0.4,,16.3,,,,21.9,,,,,,,,,,,,,,20,360,17.1,23.1,,20,,,17.3,
2006-12-02 16:00:00,,,,,0.39,,,,,0.0,0.0,72,,,1014.9,,,,,,,,,1009.6,0.1,,16.4,,,,21.7,,,,,,,,,,,,,,20,30,16.6,23.6,,20,,,17.3,
2006-12-02 17:00:00,,8.0,,,0.0,,,,,0.0,0.0,70,,,1015.3,,,,,,,,,1010.0,0.0,,15.8,,,,21.5,,,,,,,,,,6.0,,,,20,30,18.1,24.4,,20,,,18.6,
2006-12-02 18:00:00,,,,,0.0,,,,,0.0,0.0,71,,,1015.8,,,,,,,,,1010.5,0.0,,15.6,,,,21.1,,,,,,,,,,,,,,20,20,17.0,23.8,,20,,,18.1,
2006-12-02 19:00:00,,,,,0.0,,,,,0.0,0.0,71,,,1016.5,,,,,,,,,1011.2,0.0,,15.6,,,,21.1,,,,,,,,,,,,,,20,10,17.0,24.0,,20,,,17.4,
2006-12-02 20:00:00,,,,,0.0,,,,,0.0,0.0,69,,,1016.8,,,,,,,,,1011.5,,,15.2,,,,21.1,,,,,,,,,,,,,,20,10,17.1,24.3,,20,,,17.1,
2006-12-02 21:00:00,,,,,0.0,,,,,0.0,0.0,69,,,1017.0,,,,,,,,,1011.7,,,15.0,,,,21.0,,,,,,,,,,,,,,10,20,17.1,25.4,,10,,,18.2,
2006-12-02 22:00:00,,,,,0.0,,,,,0.0,0.0,69,,,1017.3,,,,,,,,,1012.0,,,15.0,,,,20.8,,,,,,,,,,,,,,20,20,17.5,27.0,,20,,,17.6,
2006-12-02 23:00:00,,,,,0.0,,,,,0.0,0.0,69,,,1017.4,,,,,,,,,1012.1,,,14.7,,,,20.6,,,,,,,,,,,,,,20,20,18.1,25.9,,20,,,18.3,
2006-12-03 00:00:00,,,,,0.0,,,,,0.0,0.0,67,,,1017.0,,,,,,,,,1011.7,,,14.2,,,,20.5,,,,,,,,,,,,,,20,20,19.3,26.8,,20,,,19.3,
2006-12-03 01:00:00,,,,,0.0,,,,,0.0,0.0,67,,,1017.1,,,,,,,,,1011.8,,,14.3,,,,20.6,,,,,,,,,,,,,,20,20,17.6,24.9,,20,,,19.6,
2006-12-03 02:00:00,,,,,0.0,,,,,0.0,0.0,67,,,1016.9,,,,,,,,,1011.6,,,13.9,,,,20.3,,,,,,,,,,,,,,20,30,18.2,25.6,,20,,,19.3,
2006-12-03 03:00:00,,,,,0.0,,,,,0.0,0.0,70,,,1017.2,,,,,,,,,1011.9,,,14.9,,,,20.5,,,,,,,,,,,,,,20,30,16.4,25.6,,20,,,18.3,
2006-12-03 04:00:00,,,,,0.0,,,,,0.0,0.0,69,,,1017.3,,,,,,,,,1012.0,,,14.6,,,,20.4,,,,,,,,,,,,,,20,20,16.9,26.0,,20,,,18.8,
2006-12-03 05:00:00,,,,,0.0,,,,,0.0,0.0,68,,,1017.7,,,,,,,,,1012.4,,,14.4,,,,20.4,,,,,,,,,,,,,,20,360,16.9,24.5,,20,,,18.3,
2006-12-03 06:00:00,,,,,0.0,,,,,0.0,0.0,68,,,1018.2,,,,,,,,,1012.9,0.0,,14.1,,,,20.3,,,,,,,,,,,,,,20,30,17.0,24.3,,20,,,18.1,
2006-12-03 07:00:00,,,,,0.0,,,,,0.0,0.0,65,,,1019.1,,,,,,,,,1013.8,0.0,,13.8,,,,20.6,,,,,,,,,,,,,,20,20,16.4,23.7,,20,,,17.8,
2006-12-03 08:00:00,,9.0,,,0.09,,,,,0.0,0.0,66,,,1019.6,,,,,,,,,1014.3,0.1,,14.4,,,,21.1,,,,,,,,,,15.0,,,,20,30,15.7,23.5,,20,,,16.5,
2006-12-03 09:00:00,,9.0,,,0.18,,,,,0.0,0.0,68,,,1020.1,,,,,,,,,1014.8,0.0,,14.7,,,,20.9,,,,,,,,,,18.0,,,,20,20,15.1,22.3,,20,,,16.9,
2006-12-03 10:00:00,,,,,0.02,,,,,0.0,0.0,69,,,1021.0,,,,,,,,,1015.7,0.0,,14.9,,,,20.8,,,,,,,,,,,,,,20,10,12.9,20.7,,20,,,15.2,
2006-12-03 11:00:00,,10.0,,,0.6,,,,,0.0,0.0,67,,,1020.7,,,,,,,,,1015.4,0.0,,15.0,,,,21.3,,,,,,,,,,20.0,,,,20,30,13.1,18.7,,20,,,14.8,
2006-12-03 12:00:00,,,,,0.6,,,,,0.0,0.0,68,,,1019.2,,,,,,,,,1013.9,0.0,,15.3,,,,21.4,,,,,,,,,,,,,,20,30,14.1,19.8,,20,,,15.3,
2006-12-03 13:00:00,,,,,0.5,,,,,0.0,0.0,67,,,1018.3,,,,,,,,,1013.0,0.0,,15.4,,,,21.7,,,,,,,,,,,,,,30,20,13.0,19.8,,30,,,14.8,
2006-12-03 14:00:00,,10.0,,,0.6,,,,,0.0,0.0,67,,,1017.9,,,,,,,,,1012.6,0.0,,15.2,,,,21.5,,,,,,,,,,20.0,,,,20,30,14.3,19.5,,20,,,14.8,
2006-12-03 15:00:00,,,,,0.7,,,,,0.0,0.0,70,,,1017.4,,,,,,,,,1012.1,0.1,,15.7,,,,21.5,,,,,,,,,,,,,,20,20,14.3,20.0,,20,,,15.3,
2006-12-03 16:00:00,,,,,0.27,,,,,0.0,0.0,69,,,1018.0,,,,,,,,,1012.7,0.1,,15.4,,,,21.3,,,,,,,,,,,,,,20,20,14.1,19.9,,20,,,14.5,
2006-12-03 17:00:00,,9.0,,,0.0,,,,,0.0,0.0,69,,,1018.8,,,,,,,,,1013.5,0.0,,15.2,,,,21.1,,,,,,,,,,18.0,,,,20,20,14.5,20.4,,20,,,14.8,
2006-12-03 18:00:00,,,,,0.0,,,,,0.0,0.0,70,,,1019.2,,,,,,,,,1013.9,0.0,,15.4,,,,21.0,,,,,,,,,,,,,,20,20,14.3,21.2,,20,,,15.7,
2006-12-03 19:00:00,,,,,0.0,,,,,0.0,0.0,69,,,1019.8,,,,,,,,,1014.5,0.0,,15.3,,,,21.1,,,,,,,,,,,,,,20,20,14.9,20.4,,20,,,15.2,
2006-12-03 20:00:00,,,,,0.0,,,,,0.0,0.0,69,,,1020.5,,,,,,,,,1015.2,,,15.4,,,,21.3,,,,,,,,,,,,,,20,20,13.3,20.3,,20,,,15.0,
2006-12-03 21:00:00,,,,,0.0,,,,,0.0,0.0,69,,,1021.3,,,,,,,,,1016.0,,,15.3,,,,21.1,,,,,,,,,,,,,,20,30,15.4,20.5,,20,,,15.4,
2006-12-03 22:00:00,,,,,0.0,,,,,0.0,0.0,70,,,1020.9,,,,,,,,,1015.6,,,15.2,,,,20.9,,,,,,,,,,,,,,20,20,15.4,20.7,,20,,,15.9,
2006-12-03 23:00:00,,,,,0.0,,,,,0.0,0.0,71,,,1020.9,,,,,,,,,1015.6,,,15.4,,,,20.9,,,,,,,,,,,,,,20,20,14.6,20.8,,20,,,15.4,
2006-12-04 00:00:00,,,,,0.0,,,,,0.0,0.0,70,,,1020.8,,,,,,,,,1015.5,,,15.2,,,,20.8,,,,,,,,,,,,,,20,20,15.1,21.8,,20,,,15.8,
2006-12-04 01:00:00,,,,,0.0,,,,,0.0,0.0,69,,,1020.6,,,,,,,,,1015.3,,,15.1,,,,20.9,,,,,,,,,,,,,,20,30,16.5,24.0,,20,,,16.7,
2006-12-04 02:00:00,,,,,0.0,,,,,0.0,0.0,70,,,1020.2,,,,,,,,,1014.9,,,15.3,,,,21.0,,,,,,,,,,,,,,20,30,15.3,22.1,,20,,,16.7,
2006-12-04 03:00:00,,,,,0.0,,,,,0.0,0.0,73,,,1020.3,,,,,,,,,1015.0,,,15.7,,,,20.8,,,,,,,,,,,,,,20,20,15.6,21.4,,20,,,16.5,
2006-12-04 04:00:00,,,,,0.0,,,,,0.0,0.0,70,,,1020.4,,,,,,,,,1015.1,,,15.1,,,,20.8,,,,,,,,,,,,,,20,30,16.5,21.5,,20,,,16.6,
2006-12-04 05:00:00,,,,,0.0,,,,,0.0,0.0,71,,,1020.5,,,,,,,,,1015.2,,,15.2,,,,20.7,,,,,,,,,,,,,,20,20,15.8,22.1,,20,,,17.2,
2006-12-04 06:00:00,,,,,0.0,,,,,0.0,0.0,68,,,1020.6,,,,,,,,,1015.3,0.0,,14.6,,,,20.6,,,,,,,,,,,,,,20,20,15.4,21.5,,20,,,15.9,
2006-12-04 07:00:00,,,,,0.0,,,,,0.0,0.0,71,,,1021.0,,,,,,,,,1015.7,0.0,,15.3,,,,20.8,,,,,,,,,,,,,,20,10,13.9,20.9,,20,,,16.4,
2006-12-04 08:00:00,,3.0,,,0.14,,,,,0.0,0.0,70,,,1021.1,,,,,,,,,1015.8,0.3,,15.7,,,,21.3,,,,,,,,,,18.0,,,,20,30,13.7,19.7,,20,,,15.3,
2006-12-04 09:00:00,,3.0,,,0.72,,,,,0.0,0.0,69,,,1021.7,,,,,,,,,1016.4,0.8,,15.6,,,,21.6,,,,,,,,,,18.0,,,,20,20,13.8,20.5,,20,,,15.4,
2006-12-04 10:00:00,,,,,1.25,,,,,0.0,0.0,66,,,1021.9,,,,,,,,,1016.6,0.9,,15.9,,,,22.5,,,,,,,,,,,,,,20,30,13.2,19.4,,20,,,14.9,
2006-12-04 11:00:00,,4.0,,,1.43,,,,,0.0,0.0,65,,,1021.5,,,,,,,,,1016.2,0.9,,15.7,,,,22.6,,,,,,,,,,20.0,,,,20,20,14.6,20.1,,20,,,15.2,
2006-12-04 12:00:00,,,,,1.48,,,,,0.0,0.0,66,,,1020.8,,,,,,,,,1015.5,0.8,,16.1,,,,22.7,,,,,,,,,,,,,,20,20,14.2,20.7,,10,,,15.2,
2006-12-04 13:00:00,,,,,1.39,,,,,0.0,0.0,67,,,1019.9,,,,,,,,,1014.6,0.7,,16.0,,,,22.5,,,,,,,,,,,,,,20,10,14.1,22.1,,10,,,15.7,
2006-12-04 14:00:00,,6.0,,,1.23,,,,,0.0,0.0,69,,,1019.2,,,,,,,,,1013.9,0.7,,15.8,,,,21.8,,,,,,,,,,20.0,,,,20,360,14.5,21.2,,20,,,15.1,
2006-12-04 15:00:00,,,,,0.97,,,,,0.0,0.0,68,,,1018.7,,,,,,,,,1013.4,0.7,,16.2,,,,22.3,,,,,,,,,,,,,,20,20,14.2,21.4,,20,,,15.5,
2006-12-04 16:00:00,,,,,0.52,,,,,0.0,0.0,71,,,1019.1,,,,,,,,,1013.8,0.6,,16.1,,,,21.6,,,,,,,,,,,,,,20,20,13.4,20.2,,20,,,14.9,
2006-12-04 17:00:00,,4.0,,,0.07,,,,,0.0,0.0,72,,,1019.7,,,,,,,,,1014.4,0.2,,16.1,,,,21.3,,,,,,,,,,18.0,,,,20,30,12.9,19.3,,20,,,14.5,
2006-12-04 18:00:00,,,,,0.0,,,,,0.0,0.0,73,,,1020.3,,,,,,,,,1015.0,0.0,,16.3,,,,21.4,,,,,,,,,,,,,,10,360,13.1,18.3,,10,,,14.4,
2006-12-04 19:00:00,,,,,0.0,,,,,0.0,0.0,71,,,1021.1,,,,,,,,,1015.8,0.0,,15.7,,,,21.2,,,,,,,,,,,,,,10,10,14.2,19.7,,10,,,15.0,
2006-12-04 20:00:00,,,,,0.0,,,,,0.0,0.0,70,,,1021.9,,,,,,,,,1016.6,,,15.8,,,,21.4,,,,,,,,,,,,,,10,10,14.5,20.1,,10,,,15.2,
2006-12-04 21:00:00,,,,,0.0,,,,,0.0,0.0,70,,,1022.0,,,,,,,,,1016.7,,,15.5,,,,21.3,,,,,,,,,,,,,,20,10,12.8,19.1,,10,,,14.7,
2006-12-04 22:00:00,,,,,0.0,,,,,0.0,0.0,73,,,1022.4,,,,,,,,,1017.1,,,16.3,,,,21.4,,,,,,,,,,,,,,10,10,11.0,17.3,,10,,,13.4,
2006-12-04 23:00:00,,,,,0.0,,,,,0.0,0.0,71,,,1022.5,,,,,,,,,1017.2,,,15.8,,,,21.3,,,,,,,,,,,,,,10,20,11.6,15.9,,10,,,11.9,
2006-12-05 00:00:00,,,,,0.0,,,,,0.0,0.0,73,,,1022.4,,,,,,,,,1017.1,,,16.1,,,,21.1,,,,,,,,,,,,,,20,10,11.1,16.9,,10,,,12.3,
2006-12-05 01:00:00,,,,,0.0,,,,,0.0,0.0,74,,,1022.0,,,,,,,,,1016.7,,,16.2,,,,21.1,,,,,,,,,,,,,,10,360,10.4,16.1,,20,,,11.2,
2006-12-05 02:00:00,,,,,0.0,,,,,0.0,0.0,73,,,1021.0,,,,,,,,,1015.7,,,16.2,,,,21.2,,,,,,,,,,,,,,10,10,9.8,14.1,,10,,,10.7,
2006-12-05 03:00:00,,,,,0.0,,,,,0.0,0.0,71,,,1020.6,,,,,,,,,1015.3,,,15.9,,,,21.3,,,,,,,,,,,,,,10,20,9.0,13.9,,20,,,10.1,
2006-12-05 04:00:00,,,,,0.0,,,,,0.0,0.0,72,,,1020.4,,,,,,,,,1015.1,,,16.2,,,,21.4,,,,,,,,,,,,,,10,360,10.7,14.3,,10,,,10.9,
2006-12-05 05:00:00,,,,,0.0,,,,,0.0,0.0,71,,,1020.8,,,,,,,,,1015.5,,,16.1,,,,21.6,,,,,,,,,,,,,,10,10,12.4,16.9,,10,,,12.7,
2006-12-05 06:00:00,,,,,0.0,,,,,0.0,0.0,73,,,1021.3,,,,,,,,,1016.0,0.0,,16.7,,,,21.7,,,,,,,,,,,,,,20,20,11.6,17.0,,10,,,12.5,
2006-12-05 07:00:00,,,,,0.0,,,,,0.0,0.0,72,,,1021.8,,,,,,,,,1016.5,0.0,,16.6,,,,21.9,,,,,,,,,,,,,,20,10,12.7,17.1,,20,,,12.9,
2006-12-05 08:00:00,,7.0,,,0.05,,,,,0.0,0.0,74,,,1022.3,,,,,,,,,1017.0,0.1,,17.4,,,,22.3,,,,,,,,,,20.0,,,,20,20,12.6,17.3,,20,,,13.0,
2006-12-05 09:00:00,,5.0,,,0.62,,,,,0.0,0.0,71,,,1022.8,,,,,,,,,1017.5,0.6,,17.5,,,,23.0,,,,,,,,,,20.0,,,,20,30,11.7,17.4,,20,,,13.1,
2006-12-05 10:00:00,,,,,1.1,,,,,0.0,0.0,71,,,1022.5,,,,,,,,,1017.2,0.8,,17.9,,,,23.4,,,,,,,,,,,,,,20,20,12.5,17.5,,20,,,13.4,
2006-12-05 11:00:00,,6.0,,,1.62,,,,,0.0,0.0,71,,,1022.1,,,,,,,,,1016.8,1.0,,17.6,,,,23.2,,,,,,,,,,20.0,,,,10,20,12.2,17.9,,20,,,13.3,
2006-12-05 12:00:00,,,,,1.42,,,,,0.0,0.0,70,,,1021.3,,,,,,,,,1016.0,0.8,,17.3,,,,23.0,,,,,,,,,,,,,,20,30,12.9,18.5,,20,,,13.1,
2006-12-05 13:00:00,,,,,1.57,,,,,0.0,0.0,70,,,1020.2,,,,,,,,,1014.9,0.9,,17.1,,,,22.9,,,,,,,,,,,,,,20,20,13.6,20.1,,20,,,13.9,
2006-12-05 14:00:00,,4.0,,,1.47,,,,,0.0,0.0,70,,,1019.5,,,,,,,,,1014.2,0.9,,17.1,,,,22.9,,,,,,,,,,20.0,,,,20,20,14.5,19.4,,20,,,14.5,
2006-12-05 15:00:00,,,,,1.03,,,,,0.0,0.0,71,,,1019.4,,,,,,,,,1014.1,0.8,,17.4,,,,22.9,,,,,,,,,,,,,,20,20,14.1,20.8,,20,,,15.7,
2006-12-05 16:00:00,,,,,0.66,,,,,0.0,0.0,71,,,1019.3,,,,,,,,,1014.0,0.9,,16.9,,,,22.4,,,,,,,,,,,,,,20,10,15.4,20.1,,20,,,15.6,
2006-12-05 17:00:00,,7.0,,,0.14,,,,,0.0,0.0,73,,,1019.4,,,,,,,,,1014.1,0.3,,17.1,,,,22.1,,,,,,,,,,18.0,,,,20,30,14.6,20.5,,20,,,15.4,
2006-12-05 18:00:00,,,,,0.0,,,,,0.0,0.0,74,,,1019.5,,,,,,,,,1014.2,0.0,,17.1,,,,22.0,,,,,,,,,,,,,,20,20,14.9,19.4,,20,,,15.4,
2006-12-05 19:00:00,,,,,0.0,,,,,0.0,0.0,73,,,1020.1,,,,,,,,,1014.8,0.0,,16.9,,,,22.0,,,,,,,,,,,,,,20,20,14.6,19.7,,20,,,15.2,
2006-12-05 20:00:00,,,,,0.0,,,,,0.0,0.0,74,,,1020.9,,,,,,,,,1015.6,,,17.2,,,,22.0,,,,,,,,,,,,,,20,20,13.9,19.2,,30,,,14.3,
2006-12-05 21:00:00,,,,,0.0,,,,,0.0,0.0,72,,,1020.3,,,,,,,,,1015.0,,,16.6,,,,21.9,,,,,,,,,,,,,,20,30,14.8,19.4,,20,,,15.3,
2006-12-05 22:00:00,,,,,0.0,,,,,0.0,0.0,71,,,1019.9,,,,,,,,,1014.6,,,16.3,,,,21.9,,,,,,,,,,,,,,20,20,13.7,20.1,,20,,,15.1,
2006-12-05 23:00:00,,,,,0.0,,,,,0.0,0.0,72,,,1020.1,,,,,,,,,1014.8,,,16.6,,,,21.8,,,,,,,,,,,,,,20,20,14.4,20.4,,20,,,15.4,
2006-12-06 00:00:00,,,,,0.0,,,,,0.0,0.0,73,,,1019.7,,,,,,,,,1014.4,,,16.6,,,,21.7,,,,,,,,,,,,,,20,20,14.2,20.8,,20,,,15.2,
2006-12-06 01:00:00,,,,,0.0,,,,,0.0,0.0,71,,,1019.3,,,,,,,,,1014.0,,,16.3,,,,21.7,,,,,,,,,,,,,,20,30,14.9,20.0,,20,,,15.7,
2006-12-06 02:00:00,,,,,0.0,,,,,0.0,0.0,73,,,1018.6,,,,,,,,,1013.3,,,16.5,,,,21.5,,,,,,,,,,,,,,20,20,13.9,21.2,,20,,,15.7,
2006-12-06 03:00:00,,,,,0.0,,,,,0.0,0.0,74,,,1018.4,,,,,,,,,1013.1,,,16.7,,,,21.6,,,,,,,,,,,,,,20,20,14.9,20.7,,20,,,15.6,
2006-12-06 04:00:00,,,,,0.0,,,,,0.0,0.0,74,,,1018.6,,,,,,,,,1013.3,,,17.0,,,,21.8,,,,,,,,,,,,,,20,20,13.7,19.3,,20,,,15.1,
2006-12-06 05:00:00,,,,,0.0,,,,,0.0,0.0,75,,,1018.6,,,,,,,,,1013.3,,,17.3,,,,22.0,,,,,,,,,,,,,,20,30,13.2,18.6,,20,,,14.3,
2006-12-06 06:00:00,,,,,0.0,,,,,0.0,0.0,75,,,1019.3,,,,,,,,,1014.0,0.0,,17.3,,,,22.0,,,,,,,,,,,,,,30,20,13.2,19.1,,20,,,14.6,
2006-12-06 07:00:00,,,,,0.0,,,,,0.0,0.0,73,,,1019.8,,,,,,,,,1014.5,0.0,,17.3,,,,22.3,,,,,,,,,,,,,,20,20,14.2,19.5,,20,,,15.0,
2006-12-06 08:00:00,,8.0,,,0.0,,,,,0.0,0.0,73,,,1020.0,,,,,,,,,1014.7,0.0,,17.4,,,,22.5,,,,,,,,,,25.0,,,,20,20,14.0,18.7,,20,,,14.0,
2006-12-06 09:00:00,,8.0,,,0.36,,,,,0.0,0.0,73,,,1020.2,,,,,,,,,1014.9,0.0,,18.2,,,,23.2,,,,,,,,,,25.0,,,,20,20,12.1,18.2,,20,,,14.2,
2006-12-06 10:00:00,,,,,1.03,,,,,0.0,0.0,70,,,1020.4,,,,,,,,,1015.1,0.4,,18.5,,,,24.3,,,,,,,,,,,,,,30,30,12.0,18.2,,30,,,13.0,
2006-12-06 11:00:00,,6.0,,,1.18,,,,,0.0,0.0,72,,,1019.7,,,,,,,,,1014.4,0.5,,18.3,,,,23.7,,,,,,,,,,30.0,,,,20,20,11.0,16.5,,20,,,12.7,
2006-12-06 12:00:00,,,,,1.37,,,,,0.0,0.0,72,,,1018.2,,,,,,,,,1012.9,0.7,,18.1,,,,23.5,,,,,,,,,,,,,,20,20,12.6,17.4,,20,,,12.6,
2006-12-06 13:00:00,,,,,1.61,,,,,0.0,0.0,71,,,1016.9,,,,,,,,,1011.7,0.9,,18.7,,,,24.2,,,,,,,,,,,,,,20,20,12.6,17.6,,20,,,13.7,
2006-12-06 14:00:00,,3.0,,,1.45,,,,,0.0,0.0,73,,,1016.4,,,,,,,,,1011.1,0.9,,18.4,,,,23.6,,,,,,,,,,30.0,,,,20,20,12.1,18.7,,20,,,12.6,
2006-12-06 15:00:00,,,,,1.06,,,,,0.0,0.0,73,,,1016.4,,,,,,,,,1011.1,0.8,,18.1,,,,23.2,,,,,,,,,,,,,,20,10,12.3,20.3,,10,,,13.4,
2006-12-06 16:00:00,,,,,0.52,,,,,0.0,0.0,74,,,1016.8,,,,,,,,,1011.5,0.5,,18.1,,,,22.9,,,,,,,,,,,,,,20,30,12.6,17.9,,20,,,12.8,
2006-12-06 17:00:00,,10.0,,,0.01,,,,,0.0,0.0,75,,,1017.1,,,,,,,,,1011.8,0.2,,17.9,,,,22.5,,,,,,,,,,20.0,,,,20,20,12.8,16.9,,20,,,13.0,
2006-12-06 18:00:00,,,,,0.0,,,,,0.0,0.0,76,,,1017.5,,,,,,,,,1012.2,0.0,,18.1,,,,22.5,,,,,,,,,,,,,,20,20,12.8,17.5,,20,,,13.1,
2006-12-06 19:00:00,,,,,0.0,,,,,0.0,0.0,77,,,1017.7,,,,,,,,,1012.4,0.0,,18.2,,,,22.4,,,,,,,,,,,,,,20,30,12.4,17.0,,20,,,12.9,
2006-12-06 20:00:00,,,,,0.0,,,,,0.0,0.0,78,,,1018.1,,,,,,,,,1012.8,,,18.4,,,,22.4,,,,,,,,,,,,,,20,30,11.2,16.1,,20,,,12.6,
2006-12-06 21:00:00,,,,,0.0,,,,,0.0,0.0,80,,,1018.1,,,,,,,,,1012.8,,,19.0,,,,22.7,,,,,,,,,,,,,,20,20,9.7,14.6,,20,,,11.4,
2006-12-06 22:00:00,,,,,0.0,,,,,0.0,0.0,78,,,1017.9,,,,,,,,,1012.6,,,18.7,,,,22.8,,,,,,,,,,,,,,20,20,11.0,13.7,,20,,,11.2,
2006-12-06 23:00:00,,,,,0.0,,,,,0.0,0.0,79,,,1017.7,,,,,,,,,1012.4,,,19.0,,,,22.9,,,,,,,,,,,,,,20,20,10.3,14.2,,20,,,11.0,
2006-12-07 00:00:00,,,,,0.0,,,,,0.0,0.0,78,,,1017.3,,,,,,,,,1012.0,,,18.7,,,,22.8,,,,,,,,,,,,,,20,30,10.5,14.1,,20,,,11.0,
2006-12-07 01:00:00,,,,,0.0,,,,,0.0,0.0,78,,,1017.4,,,,,,,,,1012.1,,,18.9,,,,22.9,,,,,,,,,,,,,,20,20,10.2,14.2,,30,,,10.8,
2006-12-07 02:00:00,,,,,0.0,,,,,0.0,0.0,78,,,1017.3,,,,,,,,,1012.0,,,19.0,,,,23.0,,,,,,,,,,,,,,20,30,9.7,13.4,,20,,,10.1,
2006-12-07 03:00:00,,,,,0.0,,,,,0.0,0.0,80,,,1016.9,,,,,,,,,1011.6,,,19.3,,,,23.0,,,,,,,,,,,,,,20,30,8.9,12.9,,20,,,10.4,
2006-12-07 04:00:00,,,,,0.0,,,,,0.0,0.0,79,,,1016.7,,,,,,,,,1011.4,,,19.1,,,,22.9,,,,,,,,,,,,,,20,30,8.8,11.9,,20,,,9.6,
2006-12-07 05:00:00,,,,,0.0,,,,,0.0,0.0,79,,,1017.0,,,,,,,,,1011.7,,,19.2,,,,23.0,,,,,,,,,,,,,,20,20,8.2,11.4,,20,,,8.9,
2006-12-07 06:00:00,,,,,0.0,,,,,0.0,0.0,79,,,1017.4,,,,,,,,,1012.1,0.0,,19.1,,,,23.0,,,,,,,,,,,,,,10,360,8.8,12.6,,10,,,9.1,
2006-12-07 07:00:00,,,,,0.0,,,,,0.0,0.0,78,,,1017.5,,,,,,,,,1012.2,0.0,,18.8,,,,22.8,,,,,,,,,,,,,,10,360,9.3,12.8,,10,,,10.2,
2006-12-07 08:00:00,,4.0,,,0.11,,,,,0.0,0.0,77,,,1017.9,,,,,,,,,1012.6,0.3,,19.0,,,,23.2,,,,,,,,,,20.0,,,,20,360,9.2,12.9,,10,,,9.8,
2006-12-07 09:00:00,,4.0,,,0.57,,,,,0.0,0.0,77,,,1018.3,,,,,,,,,1013.0,0.2,,19.0,,,,23.3,,,,,,,,,,20.0,,,,20,20,7.7,12.2,,20,,,9.1,
2006-12-07 10:00:00,,,,,0.67,,,,,0.0,0.0,75,,,1018.5,,,,,,,,,1013.2,0.2,,19.0,,,,23.7,,,,,,,,,,,,,,20,20,7.6,11.1,,20,,,8.3,
2006-12-07 11:00:00,,10.0,,,0.63,,,,,0.0,0.0,75,,,1018.0,,,,,,,,,1012.7,0.0,,19.0,,,,23.8,,,,,,,,,,20.0,,,,20,20,6.6,10.5,,20,,,7.6,
2006-12-07 12:00:00,,,,,0.66,,,,,0.0,0.0,75,,,1017.3,,,,,,,,,1012.0,0.0,,18.8,,,,23.4,,,,,,,,,,,,,,360,360,7.7,10.3,,360,,,7.7,
2006-12-07 13:00:00,,,,,0.89,,,,,0.0,0.0,74,,,1016.2,,,,,,,,,1010.9,0.0,,18.5,,,,23.5,,,,,,,,,,,,,,360,350,8.9,12.3,,360,,,9.1,
2006-12-07 14:00:00,,10.0,,,0.79,,,,,0.0,0.0,74,,,1015.7,,,,,,,,,1010.4,0.1,,18.4,,,,23.2,,,,,,,,,,20.0,,,,10,360,8.7,12.2,,10,,,9.3,
2006-12-07 15:00:00,,,,,0.67,,,,,0.0,0.0,74,,,1015.5,,,,,,,,,1010.2,0.1,,18.3,,,,23.2,,,,,,,,,,,,,,10,10,9.4,13.0,,10,,,10.0,
2006-12-07 16:00:00,,,,,0.65,,,,,0.0,0.0,76,,,1015.4,,,,,,,,,1010.1,0.7,,18.6,,,,23.0,,,,,,,,,,,,,,20,30,9.6,13.0,,20,,,9.6,
2006-12-07 17:00:00,,3.0,,,0.08,,,,,0.0,0.0,78,,,1015.9,,,,,,,,,1010.6,0.4,,18.6,,,,22.6,,,,,,,,,,20.0,,,,20,20,9.0,12.4,,20,,,9.6,
2006-12-07 18:00:00,,,,,0.0,,,,,0.0,0.0,80,,,1016.2,,,,,,,,,1010.9,0.0,,19.2,,,,22.8,,,,,,,,,,,,,,20,20,9.1,12.0,,20,,,9.4,
2006-12-07 19:00:00,,,,,0.0,,,,,0.0,0.0,81,,,1016.5,,,,,,,,,1011.2,0.0,,19.6,,,,23.1,,,,,,,,,,,,,,20,20,7.6,11.7,,20,,,9.1,
2006-12-07 20:00:00,,,,,0.0,,,,,0.0,0.0,82,,,1016.7,,,,,,,,,1011.4,,,20.0,,,,23.3,,,,,,,,,,,,,,20,20,6.4,9.1,,20,,,7.4,
2006-12-07 21:00:00,,,,,0.0,,,,,0.0,0.0,81,,,1017.0,,,,,,,,,1011.7,,,20.0,,,,23.4,,,,,,,,,,,,,,10,20,4.7,7.8,,20,,,6.5,
2006-12-07 22:00:00,,,,,0.0,,,,,0.0,0.0,81,,,1017.1,,,,,,,,,1011.8,,,19.8,,,,23.2,,,,,,,,,,,,,,30,30,3.6,5.8,,10,,,4.8,
2006-12-07 23:00:00,,,,,0.0,,,,,0.0,0.0,81,,,1017.3,,,,,,,,,1012.0,,,20.1,,,,23.6,,,,,,,,,,,,,,360,360,5.1,7.5,,360,,,5.8,
2006-12-08 00:00:00,,,,,0.0,,,,,0.0,0.0,80,,,1017.0,,,,,,,,,1011.7,,,19.5,,,,23.1,,,,,,,,,,,,,,10,10,7.1,10.5,,10,,,7.4,
2006-12-08 01:00:00,,,,,0.0,,,,,0.0,0.0,79,,,1016.9,,,,,,,,,1011.6,,,19.2,,,,23.0,,,,,,,,,,,,,,20,20,8.0,10.9,,20,,,8.2,
2006-12-08 02:00:00,,,,,0.0,,,,,0.0,0.0,78,,,1016.7,,,,,,,,,1011.4,,,19.0,,,,23.0,,,,,,,,,,,,,,20,20,7.9,11.4,,20,,,8.7,
2006-12-08 03:00:00,,,,,0.0,,,,,0.0,0.0,77,,,1016.4,,,,,,,,,1011.1,,,18.7,,,,22.9,,,,,,,,,,,,,,20,20,8.7,12.0,,20,,,9.1,
2006-12-08 04:00:00,,,,,0.0,,,,,0.0,0.0,77,,,1016.3,,,,,,,,,1011.0,,,18.7,,,,22.9,,,,,,,,,,,,,,20,10,9.6,13.2,,10,,,9.8,
2006-12-08 05:00:00,,,,,0.0,,,,,0.0,0.0,78,,,1016.7,,,,,,,,,1011.4,,,18.8,,,,22.9,,,,,,,,,,,,,,20,10,10.1,13.7,,20,,,10.1,
2006-12-08 06:00:00,,,,,0.0,,,,,0.0,0.0,78,,,1017.2,,,,,,,,,1011.9,0.0,,18.8,,,,22.9,,,,,,,,,,,,,,20,30,9.8,13.6,,20,,,10.3,
2006-12-08 07:00:00,,,,,0.0,,,,,0.0,0.0,77,,,1017.7,,,,,,,,,1012.4,0.0,,18.7,,,,23.0,,,,,,,,,,,,,,20,20,10.0,13.7,,20,,,10.2,
2006-12-08 08:00:00,,3.0,,,0.19,,,,,0.0,0.0,76,,,1018.2,,,,,,,,,1012.9,0.6,,19.1,,,,23.6,,,,,,,,,,30.0,,,,20,20,9.3,13.4,,20,,,10.1,
2006-12-08 09:00:00,,6.0,,,0.79,,,,,0.0,0.0,74,,,1019.1,,,,,,,,,1013.8,0.7,,19.3,,,,24.2,,,,,,,,,,30.0,,,,10,20,10.1,13.7,,20,,,10.4,
2006-12-08 10:00:00,,,,,1.06,,,,,0.0,0.0,72,,,1018.8,,,,,,,,,1013.6,0.8,,19.4,,,,24.7,,,,,,,,,,,,,,20,20,10.0,14.3,,10,,,10.4,
2006-12-08 11:00:00,,3.0,,,1.48,,,,,0.0,0.0,71,,,1018.5,,,,,,,,,1013.3,0.8,,19.6,,,,25.2,,,,,,,,,,30.0,,,,20,20,9.7,14.9,,20,,,10.9,
2006-12-08 12:00:00,,,,,1.76,,,,,0.0,0.0,71,,,1017.5,,,,,,,,,1012.3,1.0,,19.4,,,,25.0,,,,,,,,,,,,,,20,30,9.4,14.8,,20,,,11.1,
2006-12-08 13:00:00,,,,,1.74,,,,,0.0,0.0,72,,,1016.4,,,,,,,,,1011.2,1.0,,19.5,,,,25.0,,,,,,,,,,,,,,20,30,9.7,13.2,,20,,,10.2,
2006-12-08 14:00:00,,2.0,,,1.25,,,,,0.0,0.0,74,,,1015.9,,,,,,,,,1010.7,0.7,,19.4,,,,24.4,,,,,,,,,,30.0,,,,10,20,9.3,13.6,,20,,,9.8,
2006-12-08 15:00:00,,,,,0.99,,,,,0.0,0.0,75,,,1015.5,,,,,,,,,1010.3,0.8,,19.0,,,,23.7,,,,,,,,,,,,,,20,20,10.0,14.8,,10,,,10.8,
2006-12-08 16:00:00,,,,,0.67,,,,,0.0,0.0,75,,,1015.8,,,,,,,,,1010.5,0.7,,18.7,,,,23.4,,,,,,,,,,,,,,20,10,10.9,16.3,,10,,,11.1,
2006-12-08 17:00:00,,6.0,,,0.09,,,,,0.0,0.0,76,,,1016.1,,,,,,,,,1010.8,0.3,,18.4,,,,22.9,,,,,,,,,,20.0,,,,20,20,11.2,15.3,,20,,,11.2,
2006-12-08 18:00:00,,,,,0.0,,,,,0.0,0.0,77,,,1016.4,,,,,,,,,1011.1,0.0,,18.6,,,,22.9,,,,,,,,,,,,,,20,30,12.1,16.3,,20,,,12.2,
2006-12-08 19:00:00,,,,,0.0,,,,,0.0,0.0,79,,,1017.1,,,,,,,,,1011.8,0.0,,18.9,,,,22.8,,,,,,,,,,,,,,30,20,11.2,15.9,,20,,,12.5,
2006-12-08 20:00:00,,,,,0.0,,,,,0.0,0.0,79,,,1017.7,,,,,,,,,1012.4,,,18.9,,,,22.8,,,,,,,,,,,,,,20,20,10.7,14.5,,20,,,11.2,
2006-12-08 21:00:00,,,,,0.0,,,,,0.0,0.0,79,,,1018.2,,,,,,,,,1012.9,,,18.8,,,,22.6,,,,,,,,,,,,,,20,20,10.2,14.4,,20,,,11.0,
2006-12-08 22:00:00,,,,,0.0,,,,,0.0,0.0,80,,,1018.6,,,,,,,,,1013.3,,,19.0,,,,22.7,,,,,,,,,,,,,,20,20,9.9,13.5,,20,,,10.7,
2006-12-08 23:00:00,,,,,0.0,,,,,0.0,0.0,79,,,1019.1,,,,,,,,,1013.8,,,18.9,,,,22.8,,,,,,,,,,,,,,20,30,8.1,12.6,,20,,,10.2,
2006-12-09 00:00:00,,,,,0.0,,,,,0.0,0.0,78,,,1019.1,,,,,,,,,1013.8,,,18.5,,,,22.6,,,,,,,,,,,,,,10,10,11.6,15.0,,10,,,11.6,
2006-12-09 01:00:00,,,,,0.0,,,,,0.0,0.0,76,,,1019.2,,,,,,,,,1013.9,,,18.1,,,,22.6,,,,,,,,,,,,,,10,10,11.4,15.9,,10,,,12.2,
2006-12-09 02:00:00,,,,,0.0,,,,,0.0,0.0,74,,,1018.8,,,,,,,,,1013.5,,,17.6,,,,22.4,,,,,,,,,,,,,,10,10,12.2,16.6,,10,,,12.2,
2006-12-09 03:00:00,,,,,0.0,,,,,0.0,0.0,74,,,1018.3,,,,,,,,,1013.0,,,17.5,,,,22.4,,,,,,,,,,,,,,20,20,12.7,17.8,,20,,,13.0,
2006-12-09 04:00:00,,,,,0.0,,,,,0.0,0.0,73,,,1017.8,,,,,,,,,1012.5,,,17.5,,,,22.5,,,,,,,,,,,,,,20,20,13.6,18.6,,20,,,13.9,
2006-12-09 05:00:00,,,,,0.0,,,,,0.0,0.0,74,,,1017.8,,,,,,,,,1012.5,,,17.5,,,,22.4,,,,,,,,,,,,,,30,30,13.6,18.0,,20,,,13.9,
2006-12-09 06:00:00,,,,,0.0,,,,,0.0,0.0,74,,,1018.9,,,,,,,,,1013.6,0.0,,17.8,,,,22.6,,,,,,,,,,,,,,30,30,13.1,18.6,,20,,,14.3,
2006-12-09 07:00:00,,,,,0.0,,,,,0.0,0.0,73,,,1019.4,,,,,,,,,1014.1,0.0,,17.8,,,,22.8,,,,,,,,,,,,,,20,30,13.0,16.8,,20,,,13.5,
2006-12-09 08:00:00,,10.0,,,0.0,,,,,0.0,0.0,73,,,1020.5,,,,,,,,,1015.2,0.0,,18.0,,,,23.0,,,,,,,,,,10.0,,,,20,30,12.1,17.3,,20,,,13.2,
2006-12-09 09:00:00,,10.0,,,0.28,,,,,0.0,0.0,72,,,1020.9,,,,,,,,,1015.6,0.0,,18.0,,,,23.3,,,,,,,,,,10.0,,,,20,20,12.8,17.5,,20,,,14.1,
2006-12-09 10:00:00,,,,,0.61,,,,,0.0,0.0,72,,,1020.8,,,,,,,,,1015.5,0.0,,18.1,,,,23.5,,,,,,,,,,,,,,20,10,13.1,18.0,,20,,,13.5,
2006-12-09 11:00:00,,3.0,,,1.19,,,,,0.0,0.0,69,,,1019.7,,,,,,,,,1014.4,0.6,,18.0,,,,24.0,,,,,,,,,,10.0,,,,20,360,14.0,19.0,,20,,,14.1,
2006-12-09 12:00:00,,,,,1.65,,,,,0.0,0.0,69,,,1019.4,,,,,,,,,1014.1,0.9,,18.3,,,,24.3,,,,,,,,,,,,,,20,20,13.6,19.5,,20,,,14.9,
2006-12-09 13:00:00,,,,,1.54,,,,,0.0,0.0,71,,,1018.3,,,,,,,,,1013.0,0.8,,18.1,,,,23.7,,,,,,,,,,,,,,20,30,13.0,18.2,,20,,,14.4,
2006-12-09 14:00:00,,8.0,,,1.16,,,,,0.0,0.0,70,,,1017.6,,,,,,,,,1012.3,0.6,,17.6,,,,23.3,,,,,,,,,,10.0,,,,10,20,13.8,19.3,,10,,,13.8,
2006-12-09 15:00:00,,,,,0.82,,,,,0.0,0.0,73,,,1017.1,,,,,,,,,1011.8,0.4,,17.8,,,,22.9,,,,,,,,,,,,,,20,20,14.0,20.9,,20,,,14.1,
2006-12-09 16:00:00,,,,,0.45,,,,,0.0,0.0,73,,,1017.3,,,,,,,,,1012.0,0.4,,17.3,,,,22.3,,,,,,,,,,,,,,20,20,13.3,20.3,,10,,,14.3,
2006-12-09 17:00:00,,10.0,,,0.02,,,,,0.0,0.0,74,,,1018.0,,,,,,,,,1012.7,0.1,,17.0,,,,21.9,,,,,,,,,,10.0,,,,20,10,13.8,20.3,,20,,,14.3,
2006-12-09 18:00:00,,,,,0.0,,,,,0.0,0.0,73,,,1018.5,,,,,,,,,1013.2,0.0,,16.7,,,,21.7,,,,,,,,,,,,,,20,10,14.9,22.2,,20,,,14.9,
2006-12-09 19:00:00,,,,,0.0,,,,,0.0,0.0,72,,,1019.2,,,,,,,,,1013.9,0.0,,16.4,,,,21.6,,,,,,,,,,,,,,20,10,15.9,20.9,,20,,,15.9,
2006-12-09 20:00:00,,,,,0.0,,,,,0.0,0.0,72,,,1019.5,,,,,,,,,1014.2,,,16.4,,,,21.6,,,,,,,,,,,,,,20,30,15.6,22.4,,20,,,16.8,
2006-12-09 21:00:00,,,,,0.0,,,,,0.0,0.0,72,,,1020.1,,,,,,,,,1014.8,,,16.1,,,,21.4,,,,,,,,,,,,,,20,20,15.8,23.0,,20,,,16.7,
2006-12-09 22:00:00,,,,,0.0,,,,,0.0,0.0,72,,,1020.4,,,,,,,,,1015.1,,,15.8,,,,21.1,,,,,,,,,,,,,,20,20,15.9,21.6,,20,,,15.9,
2006-12-09 23:00:00,,,,,0.0,,,,,0.0,0.0,74,,,1020.1,,,,,,,,,1014.8,,,16.0,,,,20.9,,,,,,,,,,,,,,10,10,17.0,23.5,,10,,,17.0,
2006-12-10 00:00:00,,,,,0.0,,,,,0.0,0.0,73,,,1019.9,,,,,,,,,1014.6,,,15.8,,,,20.9,,,,,,,,,,,,,,10,10,16.0,22.6,,10,,,17.1,
2006-12-10 01:00:00,,,,,0.0,,,,,0.0,0.0,71,,,1019.5,,,,,,,,,1014.2,,,15.2,,,,20.6,,,,,,,,,,,,,,20,360,16.1,24.0,,10,,,18.0,
2006-12-10 02:00:00,,,,,0.0,,,,,0.0,0.0,71,,,1019.0,,,,,,,,,1013.7,,,15.1,,,,20.5,,,,,,,,,,,,,,10,360,17.4,24.5,,10,,,17.4,
2006-12-10 03:00:00,,,,,0.0,,,,,0.0,0.0,70,,,1019.1,,,,,,,,,1013.8,,,14.8,,,,20.5,,,,,,,,,,,,,,20,20,16.1,23.6,,10,,,17.4,
2006-12-10 04:00:00,,,,,0.0,,,,,0.0,0.0,71,,,1019.3,,,,,,,,,1014.0,,,15.1,,,,20.6,,,,,,,,,,,,,,20,10,15.8,23.7,,20,,,16.9,
2006-12-10 05:00:00,,,,,0.0,,,,,0.0,0.0,72,,,1019.3,,,,,,,,,1014.0,,,15.3,,,,20.5,,,,,,,,,,,,,,10,10,14.9,23.6,,20,,,15.9,
2006-12-10 06:00:00,,,,,0.0,,,,,0.0,0.0,73,,,1019.9,,,,,,,,,1014.6,0.0,,15.5,,,,20.6,,,,,,,,,,,,,,20,20,15.0,23.0,,10,,,16.3,
2006-12-10 07:00:00,,,,,0.0,,,,,0.0,0.0,73,,,1020.4,,,,,,,,,1015.1,0.0,,15.7,,,,20.7,,,,,,,,,,,,,,10,10,15.0,23.4,,10,,,16.6,
2006-12-10 08:00:00,,10.0,,,0.0,,,,,0.0,0.0,73,,,1020.9,,,,,,,,,1015.6,0.0,,15.9,,,,20.9,,,,,,,,,,10.0,,,,10,20,14.9,20.8,,10,,,15.4,
2006-12-10 09:00:00,,10.0,,,0.18,,,,,0.0,0.0,72,,,1021.4,,,,,,,,,1016.1,0.0,,15.8,,,,21.1,,,,,,,,,,10.0,,,,20,20,14.4,20.6,,10,,,15.1,
2006-12-10 10:00:00,,,,,0.4,,,,,0.0,0.0,71,,,1021.6,,,,,,,,,1016.3,0.0,,15.8,,,,21.2,,,,,,,,,,,,,,20,20,13.9,19.8,,20,,,14.7,
2006-12-10 11:00:00,,10.0,,,0.58,,,,,0.0,0.0,72,,,1020.8,,,,,,,,,1015.5,0.0,,15.8,,,,21.1,,,,,,,,,,10.0,,,,10,360,13.2,18.8,,10,,,14.1,
2006-12-10 12:00:00,,,,,0.59,,,,,0.0,0.0,72,,,1019.7,,,,,,,,,1014.4,0.0,,15.4,,,,20.7,,,,,,,,,,,,,,10,10,14.2,19.5,,10,,,14.3,
2006-12-10 13:00:00,,,,,0.2,,,,,0.0,0.0,72,,,1018.9,,,,,,,,,1013.6,0.0,,15.4,,,,20.7,,,,,,,,,,,,,,20,10,12.0,19.3,,10,,,15.1,
2006-12-10 14:00:00,,10.0,,,0.01,,,,,0.0,0.0,73,,,1018.5,,,,,,,,,1013.2,0.0,,15.5,,,,20.5,,,,,,,,,,10.0,,,,10,20,11.9,17.6,,20,,,13.1,
2006-12-10 15:00:00,,,,,0.14,,,,,0.0,0.0,73,,,1018.0,,,,,,,,,1012.7,0.0,,15.7,,,,20.6,,,,,,,,,,,,,,10,360,13.6,18.9,,10,,,13.7,
2006-12-10 16:00:00,,,,,0.0,,,,,0.0,0.0,72,,,1018.1,,,,,,,,,1012.8,0.0,,15.2,,,,20.5,,,,,,,,,,,,,,10,10,13.7,19.8,,10,,,15.1,
2006-12-10 17:00:00,,10.0,,,0.0,,,,,0.0,0.0,70,,,1018.6,,,,,,,,,1013.3,0.0,,15.0,,,,20.7,,,,,,,,,,10.0,,,,10,10,12.9,20.6,,10,,,15.0,
2006-12-10 18:00:00,,,,,0.0,,,,,0.0,0.0,72,,,1018.8,,,,,,,,,1013.5,0.0,,15.4,,,,20.7,,,,,,,,,,,,,,20,10,13.4,18.6,,10,,,13.7,
2006-12-10 19:00:00,,,,,0.0,,,,,0.0,0.0,71,,,1019.9,,,,,,,,,1014.6,0.0,,15.5,,,,20.9,,,,,,,,,,,,,,10,10,12.8,19.1,,10,,,14.9,
2006-12-10 20:00:00,,,,,0.0,,,,,0.0,0.0,72,,,1020.3,,,,,,,,,1015.0,,,15.7,,,,21.0,,,,,,,,,,,,,,20,360,11.4,18.3,,10,,,13.4,
2006-12-10 21:00:00,,,,,0.0,,,,,0.0,0.0,74,,,1019.8,,,,,,,,,1014.5,,,16.1,,,,20.9,,,,,,,,,,,,,,10,360,12.2,18.0,,10,,,13.4,
2006-12-10 22:00:00,,,,,0.0,,,,,0.0,0.0,73,,,1020.0,,,,,,,,,1014.7,,,16.0,,,,21.0,,,,,,,,,,,,,,20,360,10.8,16.9,,10,,,12.7,
2006-12-10 23:00:00,,,,,0.0,,,,,0.0,0.0,72,,,1019.8,,,,,,,,,1014.5,,,15.9,,,,21.2,,,,,,,,,,,,,,20,360,10.6,15.6,,20,,,11.4,
2006-12-11 00:00:00,,,,,0.0,,,,,0.0,0.0,73,,,1019.3,,,,,,,,,1014.0,,,16.2,,,,21.3,,,,,,,,,,,,,,10,20,10.8,14.9,,10,,,11.3,
2006-12-11 01:00:00,,,,,0.0,,,,,0.0,0.0,71,,,1019.0,,,,,,,,,1013.7,,,15.9,,,,21.3,,,,,,,,,,,,,,10,360,11.1,14.2,,10,,,11.1,
2006-12-11 02:00:00,,,,,0.0,,,,,0.0,0.0,72,,,1018.3,,,,,,,,,1013.0,,,16.1,,,,21.3,,,,,,,,,,,,,,10,360,11.6,15.7,,10,,,11.6,
2006-12-11 03:00:00,,,,,0.0,,,,,0.0,0.0,74,,,1018.0,,,,,,,,,1012.7,,,16.4,,,,21.3,,,,,,,,,,,,,,10,10,11.4,15.9,,10,,,12.4,
2006-12-11 04:00:00,,,,,0.0,,,,,0.0,0.0,73,,,1017.7,,,,,,,,,1012.4,,,16.2,,,,21.3,,,,,,,,,,,,,,10,360,11.7,15.1,,10,,,11.9,
2006-12-11 05:00:00,,,,,0.0,,,,,0.0,0.0,77,,,1018.2,,,,,,,,,1012.9,,,16.8,,,,21.0,,,,,,,,,,,,,,360,10,10.9,15.7,,10,,,11.8,
2006-12-11 06:00:00,,,,,0.0,,,,,0.0,0.0,76,,,1018.5,,,,,,,,,1013.2,0.0,,16.7,,,,21.0,,,,,,,,,,,,,,360,360,11.0,15.3,,360,,,11.2,
2006-12-11 07:00:00,,,,,0.0,,,,,0.0,0.0,77,,,1018.7,,,,,,,,,1013.4,0.0,,16.9,,,,21.0,,,,,,,,,,,,,,360,360,11.6,15.7,,360,,,11.6,
2006-12-11 08:00:00,,10.0,,,0.0,,,,,0.0,0.0,78,,,1019.5,,,,,,,,,1014.2,0.0,,17.2,,,,21.1,,,,,,,,,,15.0,,,,360,360,10.5,16.1,,360,,,11.9,
2006-12-11 09:00:00,,10.0,,,0.0,,,,,0.0,0.0,78,,,1019.7,,,,,,,,,1014.4,0.0,,17.0,,,,21.0,,,,,,,,,,15.0,,,,360,360,10.5,14.4,,10,,,11.1,
2006-12-11 10:00:00,,,,,0.33,,,,,0.0,0.0,79,,,1019.8,,,,,,,,,1014.5,0.0,,17.3,,,,21.1,,,,,,,,,,,,,,360,360,9.4,14.0,,10,,,10.9,
2006-12-11 11:00:00,,10.0,,,0.52,,,,,0.0,0.0,78,,,1019.0,,,,,,,,,1013.7,0.0,,17.3,,,,21.3,,,,,,,,,,15.0,,,,10,360,10.1,15.3,,360,,,11.0,
2006-12-11 12:00:00,,,,,0.64,,,,,0.0,0.0,78,,,1018.2,,,,,,,,,1012.9,0.0,,17.5,,,,21.5,,,,,,,,,,,,,,360,10,9.8,13.8,,360,,,10.5,
2006-12-11 13:00:00,,,,,0.72,,,,,0.0,0.0,76,,,1017.1,,,,,,,,,1011.8,0.0,,17.3,,,,21.7,,,,,,,,,,,,,,10,360,10.2,14.1,,360,,,10.7,
2006-12-11 14:00:00,,10.0,,,0.8,,,,,0.0,0.0,76,,,1016.3,,,,,,,,,1011.0,0.1,,17.5,,,,22.0,,,,,,,,,,15.0,,,,10,10,11.2,14.3,,10,,,11.4,
2006-12-11 15:00:00,,,,,0.58,,,,,0.0,0.0,76,,,1016.3,,,,,,,,,1011.0,0.1,,16.9,,,,21.4,,,,,,,,,,,,,,10,10,9.8,16.3,,10,,,11.9,
2006-12-11 16:00:00,,,,,0.04,,,,,0.0,0.0,76,,,1016.6,,,,,,,,,1011.3,0.0,,16.8,,,,21.3,,,,,,,,,,,,,,10,360,8.7,13.2,,10,,,9.8,
2006-12-11 17:00:00,,10.0,,,0.0,,,,,0.0,0.0,75,,,1017.3,,,,,,,,,1012.0,0.0,,16.5,,,,21.1,,,,,,,,,,15.0,,,,10,10,9.0,13.1,,10,,,9.3,
2006-12-11 18:00:00,,,,,0.0,,,,,0.0,0.0,74,,,1017.7,,,,,,,,,1012.4,0.0,,16.2,,,,21.1,,,,,,,,,,,,,,360,360,9.1,12.6,,10,,,9.3,
2006-12-11 19:00:00,,,,,0.0,,,,,0.0,0.0,73,,,1018.6,,,,,,,,,1013.3,0.0,,16.1,,,,21.1,,,,,,,,,,,,,,10,10,8.3,12.3,,10,,,9.9,
2006-12-11 20:00:00,,,,,0.0,,,,,0.0,0.0,74,,,1018.6,,,,,,,,,1013.3,,,16.4,,,,21.3,,,,,,,,,,,,,,20,10,7.8,11.4,,10,,,8.5,
2006-12-11 21:00:00,,,,,0.0,,,,,0.0,0.0,73,,,1018.5,,,,,,,,,1013.2,,,16.5,,,,21.6,,,,,,,,,,,,,,20,20,8.5,11.8,,20,,,8.9,
2006-12-11 22:00:00,,,,,0.0,,,,,0.0,0.0,76,,,1018.3,,,,,,,,,1013.0,,,17.2,,,,21.7,,,,,,,,,,,,,,20,20,8.2,11.0,,20,,,8.5,
2006-12-11 23:00:00,,,,,0.0,,,,,0.0,0.0,77,,,1018.2,,,,,,,,,1012.9,,,17.3,,,,21.5,,,,,,,,,,,,,,20,10,8.1,10.9,,20,,,8.1,
2006-12-12 00:00:00,,,,,0.0,,,,,0.0,0.0,76,,,1017.9,,,,,,,,,1012.6,,,17.1,,,,21.4,,,,,,,,,,,,,,10,10,7.3,11.2,,20,,,8.1,
2006-12-12 01:00:00,,,,,0.0,,,,,0.0,0.0,75,,,1017.9,,,,,,,,,1012.6,,,16.9,,,,21.6,,,,,,,,,,,,,,20,10,6.2,10.1,,20,,,7.4,
2006-12-12 02:00:00,,,,,0.0,,,,,0.0,0.0,75,,,1017.3,,,,,,,,,1012.0,,,16.9,,,,21.6,,,,,,,,,,,,,,20,20,6.1,8.6,,20,,,6.3,
2006-12-12 03:00:00,,,,,0.0,,,,,0.0,0.0,74,,,1016.8,,,,,,,,,1011.5,,,16.8,,,,21.6,,,,,,,,,,,,,,10,360,7.3,9.8,,10,,,7.3,
2006-12-12 04:00:00,,,,,0.0,,,,,0.0,0.0,76,,,1017.0,,,,,,,,,1011.7,,,17.4,,,,21.8,,,,,,,,,,,,,,10,10,7.5,11.0,,10,,,8.0,
2006-12-12 05:00:00,,,,,0.0,,,,,0.0,0.0,76,,,1017.6,,,,,,,,,1012.3,,,17.2,,,,21.7,,,,,,,,,,,,,,10,360,8.4,11.9,,10,,,9.2,
2006-12-12 06:00:00,,,,,0.0,,,,,0.0,0.0,77,,,1017.7,,,,,,,,,1012.4,0.0,,17.3,,,,21.6,,,,,,,,,,,,,,10,10,9.8,13.7,,10,,,10.1,
2006-12-12 07:00:00,,,,,0.0,,,,,0.0,0.0,74,,,1017.8,,,,,,,,,1012.5,0.0,,16.8,,,,21.7,,,,,,,,,,,,,,10,360,11.0,14.3,,10,,,11.3,
2006-12-12 08:00:00,,10.0,,,0.0,,,,,0.0,0.0,74,,,1018.6,,,,,,,,,1013.3,0.0,,17.1,,,,22.0,,,,,,,,,,10.0,,,,20,10,9.2,13.8,,10,,,10.9,
2006-12-12 09:00:00,,10.0,,,0.4,,,,,0.0,0.0,75,,,1019.2,,,,,,,,,1013.9,0.0,,17.8,,,,22.5,,,,,,,,,,10.0,,,,20,10,8.4,12.8,,20,,,9.2,
2006-12-12 10:00:00,,,,,0.92,,,,,0.0,0.0,75,,,1018.7,,,,,,,,,1013.4,0.5,,18.4,,,,23.1,,,,,,,,,,,,,,20,10,9.3,13.4,,10,,,10.0,
2006-12-12 11:00:00,,10.0,,,1.07,,,,,0.0,0.0,75,,,1018.2,,,,,,,,,1012.9,0.4,,18.7,,,,23.3,,,,,,,,,,10.0,,,,10,10,9.0,13.6,,10,,,10.2,
2006-12-12 12:00:00,,,,,0.99,,,,,0.0,0.0,76,,,1017.4,,,,,,,,,1012.1,0.1,,18.8,,,,23.3,,,,,,,,,,,,,,10,360,9.6,13.4,,10,,,9.7,
2006-12-12 13:00:00,,,,,1.07,,,,,0.0,0.0,76,,,1016.6,,,,,,,,,1011.3,0.3,,18.8,,,,23.3,,,,,,,,,,,,,,20,360,8.7,13.0,,10,,,9.6,
2006-12-12 14:00:00,,10.0,,,0.68,,,,,0.0,0.0,75,,,1016.2,,,,,,,,,1010.9,0.0,,18.6,,,,23.3,,,,,,,,,,10.0,,,,20,10,9.4,12.6,,20,,,9.4,
2006-12-12 15:00:00,,,,,0.5,,,,,0.0,0.0,74,,,1016.1,,,,,,,,,1010.8,0.0,,18.5,,,,23.3,,,,,,,,,,,,,,20,20,8.9,12.8,,20,,,9.6,
2006-12-12 16:00:00,,,,,0.24,,,,,0.0,0.0,76,,,1015.8,,,,,,,,,1010.5,0.0,,18.7,,,,23.1,,,,,,,,,,,,,,20,20,9.8,13.7,,20,,,10.2,
2006-12-12 17:00:00,,10.0,,,0.0,,,,,0.0,0.0,77,,,1016.2,,,,,,,,,1010.9,0.0,,18.5,,,,22.7,,,,,,,,,,10.0,,,,20,20,10.1,13.3,,20,,,10.2,
2006-12-12 18:00:00,,,,,0.0,,,,,0.0,0.0,78,,,1016.8,,,,,,,,,1011.5,0.0,,18.7,,,,22.7,,,,,,,,,,,,,,20,20,9.5,13.7,,20,,,10.2,
2006-12-12 19:00:00,,,,,0.0,,,,,0.0,0.0,79,,,1017.5,,,,,,,,,1012.2,0.0,,18.8,,,,22.7,,,,,,,,,,,,,,20,360,8.9,13.1,,20,,,9.5,
2006-12-12 20:00:00,,,,,0.0,,,,,0.0,0.0,80,,,1017.8,,,,,,,,,1012.5,,,19.0,,,,22.6,,,,,,,,,,,,,,10,360,9.8,13.8,,10,,,10.0,
2006-12-12 21:00:00,,,,,0.0,,,,,0.0,0.0,79,,,1017.6,,,,,,,,,1012.3,,,18.9,,,,22.8,,,,,,,,,,,,,,20,20,10.1,13.2,,20,,,10.1,
2006-12-12 22:00:00,,,,,0.0,,,,,0.0,0.0,80,,,1017.5,,,,,,,,,1012.2,,,19.1,,,,22.8,,,,,,,,,,,,,,20,10,9.9,13.9,,20,,,10.1,
2006-12-12 23:00:00,,,,,0.0,,,,,0.0,0.0,81,,,1018.0,,,,,,,,,1012.7,,,19.3,,,,22.7,,,,,,,,,,,,,,10,20,9.2,13.5,,20,,,10.1,
2006-12-13 00:00:00,,,,,0.0,,,,,0.0,0.0,81,,,1017.7,,,,,,,,,1012.4,,,19.2,,,,22.6,,,,,,,,,,,,,,10,10,8.6,14.1,,10,,,9.9,
2006-12-13 01:00:00,,,,,0.0,,,,,0.0,0.0,82,,,1017.7,,,,,,,,,1012.4,,,19.2,,,,22.5,,,,,,,,,,,,,,10,360,8.9,12.8,,10,,,9.4,
2006-12-13 02:00:00,,,,,0.0,,,,,0.0,0.0,82,,,1017.4,,,,,,,,,1012.1,,,19.2,,,,22.4,,,,,,,,,,,,,,20,30,9.2,12.0,,20,,,9.2,
2006-12-13 03:00:00,,,,,0.0,,,,,0.0,0.0,83,,,1016.9,,,,,,,,,1011.6,,,19.2,,,,22.2,,,,,,,,,,,,,,20,20,9.4,13.0,,20,,,9.6,
2006-12-13 04:00:00,,,,,0.0,,,,,0.0,0.0,84,,,1017.0,,,,,,,,,1011.7,,,19.3,,,,22.2,,,,,,,,,,,,,,20,20,7.5,11.8,,20,,,9.2,
2006-12-13 05:00:00,,,,,0.0,,,,,0.0,0.0,82,,,1017.1,,,,,,,,,1011.8,,,19.3,,,,22.5,,,,,,,,,,,,,,20,30,7.9,10.4,,20,,,8.1,
2006-12-13 06:00:00,,,,,0.0,,,,,0.0,0.0,83,,,1017.4,,,,,,,,,1012.1,0.0,,19.3,,,,22.4,,,,,,,,,,,,,,20,20,7.6,11.4,,10,,,8.3,
2006-12-13 07:00:00,,,,,0.0,,,,,0.0,0.0,84,,,1017.7,,,,,,,,,1012.4,0.0,,19.5,,,,22.4,,,,,,,,,,,,,,10,20,8.0,11.7,,10,,,8.2,
2006-12-13 08:00:00,,10.0,,,0.0,,,,,0.0,0.0,83,,,1018.5,,,,,,,,,1013.2,0.0,,19.4,,,,22.5,,,,,,,,,,10.0,,,,10,10,9.4,12.2,,10,,,9.4,
2006-12-13 09:00:00,,10.0,,,0.18,,,,,0.0,0.0,82,,,1018.9,,,,,,,,,1013.6,0.0,,19.6,,,,22.9,,,,,,,,,,10.0,,,,10,360,7.0,11.8,,10,,,9.8,
2006-12-13 10:00:00,,,,,0.25,,,,,0.0,0.0,80,,,1019.0,,,,,,,,,1013.7,0.0,,19.7,,,,23.3,,,,,,,,,,,,,,20,360,7.2,10.7,,10,,,7.9,
2006-12-13 11:00:00,,10.0,,,0.71,,,,,0.0,0.0,78,,,1018.2,,,,,,,,,1012.9,0.0,,20.0,,,,24.1,,,,,,,,,,10.0,,,,20,20,7.4,10.5,,20,,,8.0,
2006-12-13 12:00:00,,,,,0.83,,,,,0.0,0.0,78,,,1017.3,,,,,,,,,1012.0,0.0,,19.9,,,,23.9,,,,,,,,,,,,,,10,10,7.7,10.6,,10,,,7.8,
2006-12-13 13:00:00,,,,,0.59,,,,,0.0,0.0,80,,,1016.2,,,,,,,,,1010.9,0.0,,19.8,,,,23.4,,,,,,,,,,,,,,10,10,7.9,11.1,,10,,,8.2,
2006-12-13 14:00:00,,10.0,,,0.41,,,,,0.0,0.0,81,,,1015.4,,,,,,,,,1010.1,0.0,,19.6,,,,23.1,,,,,,,,,,10.0,,,,10,360,9.7,12.6,,10,,,9.7,
2006-12-13 15:00:00,,,,,0.55,,,,,0.0,0.0,80,,,1014.6,,,,,,,,,1009.4,0.0,,19.7,,,,23.4,,,,,,,,,,,,,,10,10,10.8,14.2,,10,,,10.8,
2006-12-13 16:00:00,,,,,0.14,,,,,0.0,0.0,80,,,1014.8,,,,,,,,,1009.5,0.0,,19.2,,,,22.9,,,,,,,,,,,,,,10,360,11.9,15.9,,10,,,11.9,
2006-12-13 17:00:00,,10.0,,,0.0,,,,,0.0,0.0,80,,,1014.9,,,,,,,,,1009.6,0.0,,19.1,,,,22.7,,,,,,,,,,10.0,,,,20,10,11.1,16.4,,10,,,12.5,
2006-12-13 18:00:00,,,,,0.0,,,,,0.0,0.0,80,,,1015.2,,,,,,,,,1009.9,0.0,,19.2,,,,22.9,,,,,,,,,,,,,,20,20,11.7,16.1,,20,,,11.8,
2006-12-13 19:00:00,,,,,0.0,,,,,0.0,0.0,80,,,1015.7,,,,,,,,,1010.4,0.0,,19.3,,,,22.9,,,,,,,,,,,,,,20,20,10.9,15.6,,20,,,11.8,
2006-12-13 20:00:00,,,,,0.0,,,,,0.0,0.0,80,,,1016.1,,,,,,,,,1010.8,,,19.1,,,,22.7,,,,,,,,,,,,,,20,20,9.7,14.5,,20,,,11.7,
2006-12-13 21:00:00,,,,,0.0,,,,,0.0,0.0,80,,,1016.7,,,,,,,,,1011.4,,,19.2,,,,22.8,,,,,,,,,,,,,,30,30,8.4,12.9,,20,,,10.6,
2006-12-13 22:00:00,,,,,0.0,,,,,0.0,0.0,79,,,1016.3,,,,,,,,,1011.0,,,19.3,,,,23.1,,,,,,,,,,,,,,20,30,7.9,10.8,,20,,,8.6,
2006-12-13 23:00:00,,,,,0.0,,,,,0.0,0.0,79,,,1016.1,,,,,,,,,1010.8,,,19.0,,,,22.8,,,,,,,,,,,,,,20,10,10.4,14.4,,20,,,10.4,
2006-12-14 00:00:00,,,,,0.0,,,,,0.0,0.0,79,,,1015.7,,,,,,,,,1010.4,,,19.0,,,,22.8,,,,,,,,,,,,,,20,30,10.8,14.7,,20,,,11.2,
2006-12-14 01:00:00,,,,,0.0,,,,,0.0,0.0,80,,,1015.2,,,,,,,,,1009.9,,,19.0,,,,22.6,,,,,,,,,,,,,,20,20,12.2,16.0,,20,,,12.4,
2006-12-14 02:00:00,,,,,0.0,,,,,4.5,0.4,85,,,1014.4,,,,,,,,,1009.1,,,19.3,,,,22.0,,,,,,,,,,,,,,20,20,12.2,16.6,,20,,,12.8,
2006-12-14 03:00:00,,,,,0.0,,,,,0.0,0.0,87,,,1013.4,,,,,,,,,1008.1,,,19.7,,,,22.0,,,,,,,,,,,,,,20,20,12.4,16.7,,20,,,12.9,
2006-12-14 04:00:00,,,,,0.0,,,,,0.0,0.0,84,,,1013.2,,,,,,,,,1007.9,,,19.4,,,,22.3,,,,,,,,,,,,,,20,20,11.8,15.9,,30,,,12.5,
2006-12-14 05:00:00,,,,,0.0,,,,,0.0,0.0,81,,,1013.2,,,,,,,,,1007.9,,,18.8,,,,22.3,,,,,,,,,,,,,,20,30,11.7,16.3,,30,,,12.4,
2006-12-14 06:00:00,,,,,0.0,,,,,0.0,0.0,80,,,1013.3,,,,,,,,,1008.0,0.0,,18.4,,,,22.1,,,,,,,,,,,,,,20,20,13.1,17.1,,20,,,13.4,
2006-12-14 07:00:00,,,,,0.0,,,,,0.0,0.0,79,,,1013.8,,,,,,,,,1008.5,0.0,,18.2,,,,22.1,,,,,,,,,,,,,,20,20,14.2,17.8,,20,,,14.2,
2006-12-14 08:00:00,,10.0,,,0.0,,,,,0.0,0.0,80,,,1014.6,,,,,,,,,1009.3,0.0,,18.1,,,,21.8,,,,,,,,,,10.0,,,,20,20,14.2,18.5,,20,,,15.2,
2006-12-14 09:00:00,,10.0,,,0.0,,,,,2.5,0.3,95,,,1015.7,,,,,,,,,1010.4,0.0,,20.0,,,,20.8,,,,,,,,,,6.0,,,,10,30,13.4,19.4,,20,,,14.7,
2006-12-14 10:00:00,,,,,0.0,,,,,0.5,0.1,93,,,1015.7,,,,,,,,,1010.4,0.0,,19.3,,,,20.4,,,,,,,,,,,,,,20,10,14.7,20.7,,20,,,14.8,
2006-12-14 11:00:00,,10.0,,,0.02,,,,,0.0,0.0,89,,,1015.2,,,,,,,,,1009.9,0.0,,18.5,,,,20.3,,,,,,,,,,10.0,,,,10,20,14.8,22.4,,20,,,16.5,
2006-12-14 12:00:00,,,,,0.06,,,,,0.0,0.0,91,,,1015.2,,,,,,,,,1009.9,0.0,,18.6,,,,20.2,,,,,,,,,,,,,,20,20,16.9,24.4,,20,,,17.4,
2006-12-14 13:00:00,,,,,0.12,,,,,0.5,0.2,80,,,1014.6,,,,,,,,,1009.3,0.0,,16.2,,,,19.8,,,,,,,,,,,,,,20,20,15.4,23.6,,20,,,17.4,
2006-12-14 14:00:00,,10.0,,,0.0,,,,,1.0,0.3,90,,,1013.9,,,,,,,,,1008.6,0.0,,17.6,,,,19.3,,,,,,,,,,10.0,,,,20,20,17.3,24.6,,20,,,17.9,
2006-12-14 15:00:00,,,,,0.0,,,,,0.0,0.0,82,,,1014.4,,,,,,,,,1009.1,0.0,,16.3,,,,19.5,,,,,,,,,,,,,,10,360,15.1,24.3,,10,,,17.8,
2006-12-14 16:00:00,,,,,0.0,,,,,0.5,0.2,80,,,1015.1,,,,,,,,,1009.8,0.0,,15.6,,,,19.2,,,,,,,,,,,,,,10,10,16.4,24.6,,10,,,17.7,
2006-12-14 17:00:00,,10.0,,,0.0,,,,,0.0,0.0,74,,,1015.3,,,,,,,,,1010.0,0.0,,15.5,,,,20.3,,,,,,,,,,10.0,,,,20,20,15.5,22.9,,20,,,16.4,
2006-12-14 18:00:00,,,,,0.0,,,,,0.0,0.0,71,,,1015.5,,,,,,,,,1010.2,0.0,,15.1,,,,20.5,,,,,,,,,,,,,,20,20,16.5,23.6,,20,,,17.3,
2006-12-14 19:00:00,,,,,0.0,,,,,0.0,0.0,72,,,1015.8,,,,,,,,,1010.5,0.0,,15.4,,,,20.7,,,,,,,,,,,,,,20,30,16.6,22.4,,20,,,17.1,
2006-12-14 20:00:00,,,,,0.0,,,,,0.0,0.0,72,,,1016.1,,,,,,,,,1010.8,,,15.3,,,,20.5,,,,,,,,,,,,,,30,30,15.3,21.1,,20,,,16.7,
2006-12-14 21:00:00,,,,,0.0,,,,,0.0,0.0,67,,,1016.3,,,,,,,,,1011.0,,,14.9,,,,21.2,,,,,,,,,,,,,,20,30,14.5,19.9,,30,,,15.1,
2006-12-14 22:00:00,,,,,0.0,,,,,0.0,0.0,66,,,1016.6,,,,,,,,,1011.3,,,14.7,,,,21.4,,,,,,,,,,,,,,20,20,14.2,21.9,,20,,,15.5,
2006-12-14 23:00:00,,,,,0.0,,,,,0.0,0.0,67,,,1016.3,,,,,,,,,1011.0,,,14.9,,,,21.3,,,,,,,,,,,,,,30,30,14.1,20.3,,20,,,15.3,
2006-12-15 00:00:00,,,,,0.0,,,,,0.5,0.1,73,,,1016.2,,,,,,,,,1010.9,,,15.2,,,,20.3,,,,,,,,,,,,,,40,20,12.5,18.6,,30,,,14.2,
2006-12-15 01:00:00,,,,,0.0,,,,,0.0,0.0,69,,,1015.9,,,,,,,,,1010.6,,,15.3,,,,21.2,,,,,,,,,,,,,,20,30,12.4,16.3,,20,,,12.6,
2006-12-15 02:00:00,,,,,0.0,,,,,0.0,0.0,70,,,1015.9,,,,,,,,,1010.6,,,15.5,,,,21.3,,,,,,,,,,,,,,20,10,10.7,16.6,,20,,,13.0,
2006-12-15 03:00:00,,,,,0.0,,,,,0.0,0.0,71,,,1015.5,,,,,,,,,1010.2,,,15.6,,,,21.1,,,,,,,,,,,,,,20,20,11.9,16.3,,20,,,12.6,
2006-12-15 04:00:00,,,,,0.0,,,,,0.0,0.0,75,,,1015.5,,,,,,,,,1010.2,,,16.1,,,,20.7,,,,,,,,,,,,,,10,360,13.0,18.1,,10,,,14.0,
2006-12-15 05:00:00,,,,,0.0,,,,,0.0,0.0,74,,,1015.7,,,,,,,,,1010.4,,,15.9,,,,20.7,,,,,,,,,,,,,,20,10,13.3,18.9,,20,,,13.4,
2006-12-15 06:00:00,,,,,0.0,,,,,0.0,0.0,76,,,1016.6,,,,,,,,,1011.3,0.0,,16.0,,,,20.4,,,,,,,,,,,,,,20,30,12.7,17.8,,20,,,13.9,
2006-12-15 07:00:00,,,,,0.0,,,,,0.0,0.0,77,,,1016.7,,,,,,,,,1011.4,0.0,,16.2,,,,20.4,,,,,,,,,,,,,,30,40,12.9,18.2,,30,,,14.2,
2006-12-15 08:00:00,,10.0,,,0.0,,,,,0.0,0.0,78,,,1017.4,,,,,,,,,1012.1,0.0,,16.4,,,,20.4,,,,,,,,,,30.0,,,,30,30,12.3,18.4,,30,,,13.5,
2006-12-15 09:00:00,,10.0,,,0.0,,,,,0.0,0.0,78,,,1018.4,,,,,,,,,1013.1,0.0,,16.2,,,,20.1,,,,,,,,,,30.0,,,,30,30,10.8,16.0,,30,,,12.2,
2006-12-15 10:00:00,,,,,0.0,,,,,0.0,0.0,81,,,1018.5,,,,,,,,,1013.2,0.0,,16.4,,,,19.7,,,,,,,,,,,,,,30,30,10.0,14.7,,30,,,11.5,
2006-12-15 11:00:00,,10.0,,,0.0,,,,,0.0,0.0,83,,,1018.4,,,,,,,,,1013.1,0.0,,16.5,,,,19.5,,,,,,,,,,10.0,,,,20,30,11.3,14.1,,20,,,11.3,
2006-12-15 12:00:00,,,,,0.0,,,,,1.0,0.3,84,,,1017.7,,,,,,,,,1012.4,0.0,,16.8,,,,19.6,,,,,,,,,,,,,,20,30,11.5,15.1,,20,,,11.6,
2006-12-15 13:00:00,,,,,0.0,,,,,2.5,1.0,92,,,1017.2,,,,,,,,,1011.9,0.0,,18.4,,,,19.7,,,,,,,,,,,,,,10,10,13.1,18.3,,10,,,13.9,
2006-12-15 14:00:00,,10.0,,,0.0,,,,,2.5,1.0,93,,,1017.2,,,,,,,,,1011.9,0.0,,18.0,,,,19.1,,,,,,,,,,6.0,,,,20,10,12.8,20.2,,10,,,16.0,
2006-12-15 15:00:00,,,,,0.0,,,,,0.0,0.0,94,,,1017.1,,,,,,,,,1011.8,0.0,,18.2,,,,19.2,,,,,,,,,,,,,,20,10,12.6,17.3,,20,,,13.2,
2006-12-15 16:00:00,,,,,0.0,,,,,0.0,0.0,89,,,1017.5,,,,,,,,,1012.2,0.0,,17.4,,,,19.3,,,,,,,,,,,,,,10,30,12.4,18.7,,20,,,12.7,
2006-12-15 17:00:00,,10.0,,,0.0,,,,,0.5,0.2,95,,,1017.8,,,,,,,,,1012.5,0.0,,18.0,,,,18.9,,,,,,,,,,20.0,,,,40,20,10.1,19.0,,10,,,13.8,
2006-12-15 18:00:00,,,,,0.0,,,,,0.0,0.0,93,,,1018.2,,,,,,,,,1012.9,0.0,,18.0,,,,19.1,,,,,,,,,,,,,,40,40,9.9,14.6,,50,,,10.6,
2006-12-15 19:00:00,,,,,0.0,,,,,0.0,0.0,86,,,1018.8,,,,,,,,,1013.5,0.0,,17.5,,,,20.0,,,,,,,,,,,,,,30,20,11.3,15.8,,30,,,11.8,
2006-12-15 20:00:00,,,,,0.0,,,,,0.0,0.0,74,,,1019.1,,,,,,,,,1013.8,,,16.1,,,,20.8,,,,,,,,,,,,,,20,20,12.3,16.9,,20,,,12.3,
2006-12-15 21:00:00,,,,,0.0,,,,,0.0,0.0,76,,,1019.3,,,,,,,,,1014.0,,,16.6,,,,20.9,,,,,,,,,,,,,,20,20,14.0,18.1,,20,,,14.1,
2006-12-15 22:00:00,,,,,0.0,,,,,0.0,0.0,76,,,1019.5,,,,,,,,,1014.2,,,16.4,,,,20.7,,,,,,,,,,,,,,20,30,13.4,18.7,,30,,,14.2,
2006-12-15 23:00:00,,,,,0.0,,,,,0.0,0.0,76,,,1019.6,,,,,,,,,1014.3,,,16.1,,,,20.4,,,,,,,,,,,,,,20,360,14.0,20.5,,10,,,14.5,
2006-12-16 00:00:00,,,,,0.0,,,,,0.0,0.0,74,,,1019.3,,,,,,,,,1014.0,,,15.7,,,,20.4,,,,,,,,,,,,,,10,10,14.8,20.4,,10,,,14.9,
2006-12-16 01:00:00,,,,,0.0,,,,,0.0,0.0,74,,,1019.4,,,,,,,,,1014.1,,,15.6,,,,20.4,,,,,,,,,,,,,,20,20,14.6,20.7,,10,,,14.9,
2006-12-16 02:00:00,,,,,0.0,,,,,0.0,0.0,75,,,1018.9,,,,,,,,,1013.6,,,15.4,,,,20.0,,,,,,,,,,,,,,20,360,15.6,22.7,,10,,,16.2,
2006-12-16 03:00:00,,,,,0.0,,,,,0.0,0.0,77,,,1018.4,,,,,,,,,1013.0,,,14.7,,,,18.8,,,,,,,,,,,,,,20,10,17.1,25.0,,10,,,17.6,
2006-12-16 04:00:00,,,,,0.0,,,,,0.0,0.0,77,,,1018.7,,,,,,,,,1013.3,,,14.6,,,,18.7,,,,,,,,,,,,,,20,10,15.8,23.8,,20,,,17.3,
2006-12-16 05:00:00,,,,,0.0,,,,,0.0,0.0,75,,,1019.1,,,,,,,,,1013.7,,,14.4,,,,18.9,,,,,,,,,,,,,,20,30,15.4,21.6,,20,,,15.9,
2006-12-16 06:00:00,,,,,0.0,,,,,0.0,0.0,80,,,1019.7,,,,,,,,,1014.3,0.0,,14.7,,,,18.2,,,,,,,,,,,,,,10,20,15.8,22.5,,20,,,16.0,
2006-12-16 07:00:00,,,,,0.0,,,,,0.5,0.2,77,,,1020.4,,,,,,,,,1015.0,0.0,,13.7,,,,17.8,,,,,,,,,,,,,,10,10,17.1,24.4,,10,,,18.8,
2006-12-16 08:00:00,,10.0,,,0.0,,,,,0.0,0.0,75,,,1020.3,,,,,,,,,1014.9,0.0,,13.4,,,,17.8,,,,,,,,,,30.0,,,,20,10,17.9,25.9,,20,,,18.3,
2006-12-16 09:00:00,,10.0,,,0.0,,,,,0.0,0.0,74,,,1021.6,,,,,,,,,1016.2,0.0,,13.6,,,,18.3,,,,,,,,,,30.0,,,,20,20,17.3,24.9,,20,,,19.1,
2006-12-16 10:00:00,,,,,0.0,,,,,0.5,0.3,89,,,1022.7,,,,,,,,,1017.3,0.0,,15.1,,,,16.9,,,,,,,,,,,,,,10,360,18.1,24.4,,10,,,18.4,
2006-12-16 11:00:00,,10.0,,,0.11,,,,,1.0,0.7,79,,,1021.7,,,,,,,,,1016.3,0.0,,13.5,,,,17.1,,,,,,,,,,10.0,,,,10,360,17.6,25.9,,10,,,20.3,
2006-12-16 12:00:00,,,,,0.01,,,,,0.0,0.0,73,,,1020.4,,,,,,,,,1015.0,0.0,,12.9,,,,17.7,,,,,,,,,,,,,,20,30,19.0,27.5,,20,,,19.1,
2006-12-16 13:00:00,,,,,0.0,,,,,0.0,0.0,75,,,1021.1,,,,,,,,,1015.7,0.0,,12.9,,,,17.4,,,,,,,,,,,,,,10,20,17.8,28.1,,20,,,19.9,
2006-12-16 14:00:00,,10.0,,,0.01,,,,,0.0,0.0,74,,,1020.3,,,,,,,,,1014.9,0.0,,13.0,,,,17.7,,,,,,,,,,10.0,,,,10,360,17.6,25.4,,10,,,19.1,
2006-12-16 15:00:00,,,,,0.13,,,,,0.0,0.0,74,,,1019.4,,,,,,,,,1014.0,0.0,,13.0,,,,17.6,,,,,,,,,,,,,,20,10,18.5,26.8,,20,,,18.6,
2006-12-16 16:00:00,,,,,0.0,,,,,0.0,0.0,75,,,1020.3,,,,,,,,,1014.9,0.0,,12.9,,,,17.4,,,,,,,,,,,,,,20,20,18.2,27.2,,20,,,20.2,
2006-12-16 17:00:00,,10.0,,,0.0,,,,,0.5,0.2,93,,,1020.7,,,,,,,,,1015.3,0.0,,15.0,,,,16.2,,,,,,,,,,6.0,,,,20,30,17.0,24.0,,20,,,18.0,
2006-12-16 18:00:00,,,,,0.0,,,,,0.5,0.2,70,,,1021.3,,,,,,,,,1015.9,0.1,,11.9,,,,17.4,,,,,,,,,,,,,,20,20,16.9,23.4,,30,,,17.6,
2006-12-16 19:00:00,,,,,0.0,,,,,0.0,0.0,71,,,1022.0,,,,,,,,,1016.6,0.0,,12.4,,,,17.8,,,,,,,,,,,,,,20,20,14.9,23.0,,20,,,17.7,
2006-12-16 20:00:00,,,,,0.0,,,,,0.0,0.0,51,,,1022.1,,,,,,,,,1016.7,,,8.2,,,,18.4,,,,,,,,,,,,,,10,10,15.5,23.4,,10,,,17.6,
2006-12-16 21:00:00,,,,,0.0,,,,,0.0,0.0,47,,,1022.0,,,,,,,,,1016.6,,,7.0,,,,18.6,,,,,,,,,,,,,,10,10,18.3,25.1,,10,,,18.3,
2006-12-16 22:00:00,,,,,0.0,,,,,0.0,0.0,40,,,1022.3,,,,,,,,,1016.9,,,5.2,,,,19.0,,,,,,,,,,,,,,20,10,17.9,26.3,,20,,,19.0,
2006-12-16 23:00:00,,,,,0.0,,,,,0.0,0.0,41,,,1022.1,,,,,,,,,1016.7,,,5.3,,,,18.8,,,,,,,,,,,,,,10,10,18.1,26.7,,20,,,18.6,
2006-12-17 00:00:00,,,,,0.0,,,,,0.0,0.0,45,,,1022.6,,,,,,,,,1017.2,,,6.4,,,,18.5,,,,,,,,,,,,,,10,10,17.6,25.8,,10,,,18.9,
2006-12-17 01:00:00,,,,,0.0,,,,,0.0,0.0,53,,,1022.9,,,,,,,,,1017.5,,,8.4,,,,18.1,,,,,,,,,,,,,,10,10,17.1,24.3,,10,,,18.5,
2006-12-17 02:00:00,,,,,0.0,,,,,0.0,0.0,54,,,1022.9,,,,,,,,,1017.5,,,8.5,,,,18.0,,,,,,,,,,,,,,10,10,17.7,24.6,,10,,,18.0,
2006-12-17 03:00:00,,,,,0.0,,,,,0.0,0.0,52,,,1022.5,,,,,,,,,1017.1,,,8.0,,,,18.0,,,,,,,,,,,,,,10,10,17.4,25.3,,10,,,17.7,
2006-12-17 04:00:00,,,,,0.0,,,,,0.0,0.0,54,,,1022.3,,,,,,,,,1016.9,,,8.3,,,,17.6,,,,,,,,,,,,,,10,10,16.9,26.1,,10,,,19.1,
2006-12-17 05:00:00,,,,,0.0,,,,,0.0,0.0,53,,,1022.4,,,,,,,,,1017.0,,,7.9,,,,17.6,,,,,,,,,,,,,,10,10,17.4,26.3,,10,,,18.5,
2006-12-17 06:00:00,,,,,0.0,,,,,0.0,0.0,53,,,1022.7,,,,,,,,,1017.3,0.0,,7.9,,,,17.6,,,,,,,,,,,,,,10,10,18.3,25.9,,10,,,18.5,
2006-12-17 07:00:00,,,,,0.0,,,,,0.0,0.0,54,,,1023.6,,,,,,,,,1018.2,0.0,,8.4,,,,17.7,,,,,,,,,,,,,,10,10,17.0,24.6,,10,,,18.1,
2006-12-17 08:00:00,,4.0,,,0.08,,,,,0.0,0.0,55,,,1024.4,,,,,,,,,1019.0,0.3,,8.3,,,,17.5,,,,,,,,,,20.0,,,,20,20,16.7,25.6,,20,,,18.3,
2006-12-17 09:00:00,,2.0,,,0.61,,,,,0.0,0.0,52,,,1025.0,,,,,,,,,1019.6,0.9,,7.6,,,,17.7,,,,,,,,,,20.0,,,,20,360,17.5,26.2,,20,,,19.1,
2006-12-17 10:00:00,,,,,1.17,,,,,0.0,0.0,54,,,1025.0,,,,,,,,,1019.6,1.0,,8.7,,,,18.2,,,,,,,,,,,,,,20,360,17.6,26.8,,10,,,18.5,
2006-12-17 11:00:00,,2.0,,,1.6,,,,,0.0,0.0,51,,,1024.5,,,,,,,,,1019.1,1.0,,7.9,,,,18.1,,,,,,,,,,20.0,,,,20,30,18.5,25.7,,20,,,18.9,
2006-12-17 12:00:00,,,,,1.76,,,,,0.0,0.0,54,,,1024.1,,,,,,,,,1018.7,1.0,,8.9,,,,18.4,,,,,,,,,,,,,,20,20,17.0,25.4,,20,,,18.7,
2006-12-17 13:00:00,,,,,1.74,,,,,0.0,0.0,54,,,1023.3,,,,,,,,,1017.9,1.0,,8.2,,,,17.7,,,,,,,,,,,,,,20,10,16.8,26.1,,20,,,19.0,
2006-12-17 14:00:00,,1.0,,,1.65,,,,,0.0,0.0,55,,,1022.8,,,,,,,,,1017.4,1.0,,8.5,,,,17.6,,,,,,,,,,20.0,,,,20,20,17.3,25.1,,20,,,18.6,
2006-12-17 15:00:00,,,,,1.19,,,,,0.0,0.0,57,,,1022.1,,,,,,,,,1016.7,1.0,,8.4,,,,16.9,,,,,,,,,,,,,,20,30,17.4,24.8,,20,,,18.7,
2006-12-17 16:00:00,,,,,0.71,,,,,0.0,0.0,58,,,1021.8,,,,,,,,,1016.4,1.0,,8.0,,,,16.3,,,,,,,,,,,,,,20,30,19.0,26.6,,20,,,19.3,
2006-12-17 17:00:00,,1.0,,,0.19,,,,,0.0,0.0,58,,,1022.3,,,,,,,,,1016.9,0.9,,7.4,,,,15.7,,,,,,,,,,20.0,,,,20,10,19.1,26.2,,20,,,19.1,
2006-12-17 18:00:00,,,,,0.0,,,,,0.0,0.0,58,,,1022.5,,,,,,,,,1017.1,0.0,,7.7,,,,15.9,,,,,,,,,,,,,,20,20,17.8,25.7,,20,,,19.1,
2006-12-17 19:00:00,,,,,0.0,,,,,0.0,0.0,58,,,1023.4,,,,,,,,,1018.0,0.0,,7.1,,,,15.4,,,,,,,,,,,,,,20,30,17.5,27.0,,20,,,18.9,
2006-12-17 20:00:00,,,,,0.0,,,,,0.0,0.0,57,,,1023.5,,,,,,,,,1018.1,,,6.9,,,,15.5,,,,,,,,,,,,,,20,20,18.8,24.8,,20,,,18.8,
2006-12-17 21:00:00,,,,,0.0,,,,,0.0,0.0,58,,,1023.7,,,,,,,,,1018.3,,,7.1,,,,15.3,,,,,,,,,,,,,,20,20,17.8,25.2,,20,,,18.9,
2006-12-17 22:00:00,,,,,0.0,,,,,0.0,0.0,58,,,1023.3,,,,,,,,,1017.9,,,7.2,,,,15.4,,,,,,,,,,,,,,20,30,19.2,27.4,,20,,,19.9,
2006-12-17 23:00:00,,,,,0.0,,,,,0.0,0.0,59,,,1022.7,,,,,,,,,1017.3,,,7.9,,,,15.9,,,,,,,,,,,,,,20,20,18.5,26.9,,20,,,19.8,
2006-12-18 00:00:00,,,,,0.0,,,,,0.0,0.0,60,,,1022.4,,,,,,,,,1017.0,,,8.1,,,,15.9,,,,,,,,,,,,,,20,30,19.0,27.0,,20,,,19.8,
2006-12-18 01:00:00,,,,,0.0,,,,,0.0,0.0,62,,,1022.4,,,,,,,,,1017.0,,,8.8,,,,16.1,,,,,,,,,,,,,,20,20,16.2,24.5,,20,,,19.0,
2006-12-18 02:00:00,,,,,0.0,,,,,0.0,0.0,63,,,1022.3,,,,,,,,,1016.9,,,9.5,,,,16.6,,,,,,,,,,,,,,20,20,14.0,23.0,,20,,,17.1,
2006-12-18 03:00:00,,,,,0.0,,,,,0.0,0.0,67,,,1022.3,,,,,,,,,1016.9,,,10.1,,,,16.3,,,,,,,,,,,,,,50,20,10.9,19.5,,20,,,13.9,
2006-12-18 04:00:00,,,,,0.0,,,,,0.0,0.0,64,,,1022.6,,,,,,,,,1017.2,,,9.6,,,,16.4,,,,,,,,,,,,,,30,30,11.0,17.3,,30,,,13.1,
2006-12-18 05:00:00,,,,,0.0,,,,,0.0,0.0,62,,,1022.8,,,,,,,,,1017.4,,,9.1,,,,16.5,,,,,,,,,,,,,,40,40,9.0,14.5,,30,,,11.0,
2006-12-18 06:00:00,,,,,0.0,,,,,0.0,0.0,66,,,1023.6,,,,,,,,,1018.2,0.0,,10.1,,,,16.4,,,,,,,,,,,,,,50,50,8.8,13.6,,30,,,9.4,
2006-12-18 07:00:00,,,,,0.0,,,,,0.0,0.0,65,,,1024.4,,,,,,,,,1019.0,0.0,,9.9,,,,16.6,,,,,,,,,,,,,,40,50,9.4,13.9,,50,,,10.3,
2006-12-18 08:00:00,,9.0,,,0.06,,,,,0.0,0.0,63,,,1025.3,,,,,,,,,1019.9,0.1,,9.8,,,,17.0,,,,,,,,,,10.0,,,,40,50,9.3,14.2,,40,,,10.3,
2006-12-18 09:00:00,,10.0,,,0.02,,,,,0.0,0.0,60,,,1026.0,,,,,,,,,1020.6,0.1,,9.3,,,,17.0,,,,,,,,,,10.0,,,,50,40,8.3,13.4,,40,,,10.0,
2006-12-18 10:00:00,,,,,0.54,,,,,0.0,0.0,58,,,1025.9,,,,,,,,,1020.5,0.2,,10.2,,,,18.6,,,,,,,,,,,,,,40,40,9.2,13.1,,40,,,9.4,
2006-12-18 11:00:00,,8.0,,,0.85,,,,,0.0,0.0,57,,,1025.4,,,,,,,,,1020.0,0.4,,10.3,,,,19.1,,,,,,,,,,20.0,,,,40,20,7.5,14.3,,40,,,9.0,
2006-12-18 12:00:00,,,,,1.06,,,,,0.0,0.0,57,,,1024.4,,,,,,,,,1019.0,0.4,,10.0,,,,18.7,,,,,,,,,,,,,,40,30,7.5,11.4,,40,,,7.8,
2006-12-18 13:00:00,,,,,0.75,,,,,0.0,0.0,56,,,1023.6,,,,,,,,,1018.2,0.2,,9.9,,,,18.9,,,,,,,,,,,,,,30,30,6.1,10.8,,30,,,8.0,
2006-12-18 14:00:00,,9.0,,,0.67,,,,,0.0,0.0,54,,,1023.2,,,,,,,,,1017.8,0.1,,9.6,,,,19.0,,,,,,,,,,20.0,,,,30,40,6.1,9.6,,20,,,6.9,
2006-12-18 15:00:00,,,,,0.69,,,,,0.0,0.0,52,,,1022.5,,,,,,,,,1017.1,0.4,,8.6,,,,18.5,,,,,,,,,,,,,,50,20,6.2,11.7,,40,,,7.1,
2006-12-18 16:00:00,,,,,0.0,,,,,0.0,0.0,55,,,1022.8,,,,,,,,,1017.4,0.0,,9.7,,,,18.8,,,,,,,,,,,,,,20,30,7.9,11.8,,20,,,8.3,
2006-12-18 17:00:00,,10.0,,,0.0,,,,,0.0,0.0,58,,,1023.1,,,,,,,,,1017.7,0.0,,10.3,,,,18.7,,,,,,,,,,20.0,,,,20,20,7.4,12.2,,20,,,8.4,
2006-12-18 18:00:00,,,,,0.0,,,,,0.0,0.0,57,,,1023.6,,,,,,,,,1018.2,0.0,,10.0,,,,18.7,,,,,,,,,,,,,,20,20,8.4,12.8,,20,,,8.7,
2006-12-18 19:00:00,,,,,0.0,,,,,0.0,0.0,60,,,1023.7,,,,,,,,,1018.3,0.0,,10.7,,,,18.6,,,,,,,,,,,,,,30,30,9.4,13.8,,30,,,10.1,
2006-12-18 20:00:00,,,,,0.0,,,,,0.0,0.0,60,,,1024.0,,,,,,,,,1018.6,,,10.6,,,,18.5,,,,,,,,,,,,,,30,40,7.6,11.2,,30,,,9.4,
2006-12-18 21:00:00,,,,,0.0,,,,,0.0,0.0,58,,,1024.1,,,,,,,,,1018.7,,,10.3,,,,18.7,,,,,,,,,,,,,,20,20,6.4,10.9,,20,,,7.9,
2006-12-18 22:00:00,,,,,0.0,,,,,0.0,0.0,59,,,1024.3,,,,,,,,,1018.9,,,10.4,,,,18.6,,,,,,,,,,,,,,10,30,4.8,10.2,,20,,,7.2,
2006-12-18 23:00:00,,,,,0.0,,,,,0.0,0.0,60,,,1024.2,,,,,,,,,1018.8,,,10.6,,,,18.4,,,,,,,,,,,,,,10,30,4.4,7.5,,10,,,5.1,
2006-12-19 00:00:00,,,,,0.0,,,,,0.0,0.0,59,,,1024.3,,,,,,,,,1018.9,,,9.9,,,,18.1,,,,,,,,,,,,,,10,360,1.9,7.1,,10,,,5.0,
2006-12-19 01:00:00,,,,,0.0,,,,,0.0,0.0,64,,,1023.9,,,,,,,,,1018.5,,,11.1,,,,18.1,,,,,,,,,,,,,,20,30,4.3,6.6,,30,,,4.7,
2006-12-19 02:00:00,,,,,0.0,,,,,0.0,0.0,61,,,1023.5,,,,,,,,,1018.1,,,10.6,,,,18.2,,,,,,,,,,,,,,20,20,4.9,7.8,,20,,,5.9,
2006-12-19 03:00:00,,,,,0.0,,,,,0.0,0.0,62,,,1022.6,,,,,,,,,1017.2,,,11.1,,,,18.5,,,,,,,,,,,,,,20,30,5.8,9.1,,30,,,6.0,
2006-12-19 04:00:00,,,,,0.0,,,,,0.0,0.0,65,,,1022.5,,,,,,,,,1017.1,,,11.9,,,,18.7,,,,,,,,,,,,,,360,360,9.8,13.6,,360,,,10.0,
2006-12-19 05:00:00,,,,,0.0,,,,,0.0,0.0,65,,,1022.5,,,,,,,,,1017.1,,,11.7,,,,18.5,,,,,,,,,,,,,,20,10,8.4,17.9,,360,,,12.3,
2006-12-19 06:00:00,,,,,0.0,,,,,0.0,0.0,65,,,1022.9,,,,,,,,,1017.5,0.0,,11.5,,,,18.2,,,,,,,,,,,,,,20,360,6.7,13.8,,10,,,9.4,
2006-12-19 07:00:00,,,,,0.0,,,,,0.0,0.0,63,,,1023.0,,,,,,,,,1017.6,0.0,,11.3,,,,18.4,,,,,,,,,,,,,,20,10,7.7,11.2,,20,,,8.0,
2006-12-19 08:00:00,,2.0,,,0.19,,,,,0.0,0.0,57,,,1023.6,,,,,,,,,1018.2,0.8,,10.9,,,,19.7,,,,,,,,,,20.0,,,,20,20,7.1,10.8,,20,,,7.7,
2006-12-19 09:00:00,,4.0,,,0.66,,,,,0.0,0.0,73,,,1024.2,,,,,,,,,1018.8,0.9,,14.2,,,,19.2,,,,,,,,,,20.0,,,,10,360,12.3,17.0,,10,,,12.3,
2006-12-19 10:00:00,,,,,1.04,,,,,0.0,0.0,68,,,1024.3,,,,,,,,,1018.9,0.8,,14.1,,,,20.2,,,,,,,,,,,,,,10,360,9.8,16.6,,10,,,12.6,
2006-12-19 11:00:00,,8.0,,,1.02,,,,,0.0,0.0,59,,,1023.7,,,,,,,,,1018.4,0.2,,13.0,,,,21.2,,,,,,,,,,20.0,,,,20,10,10.4,14.9,,10,,,10.9,
2006-12-19 12:00:00,,,,,1.07,,,,,0.0,0.0,71,,,1022.9,,,,,,,,,1017.5,0.4,,14.7,,,,20.1,,,,,,,,,,,,,,20,20,11.6,17.1,,20,,,12.1,
2006-12-19 13:00:00,,,,,1.14,,,,,0.0,0.0,73,,,1021.8,,,,,,,,,1016.4,0.3,,14.8,,,,19.8,,,,,,,,,,,,,,20,30,13.0,17.8,,20,,,13.4,
2006-12-19 14:00:00,,10.0,,,0.68,,,,,0.0,0.0,74,,,1021.8,,,,,,,,,1016.4,0.1,,14.7,,,,19.5,,,,,,,,,,20.0,,,,10,10,12.3,18.0,,10,,,13.1,
2006-12-19 15:00:00,,,,,0.3,,,,,0.0,0.0,74,,,1021.8,,,,,,,,,1016.4,0.1,,14.4,,,,19.2,,,,,,,,,,,,,,10,10,12.2,18.0,,10,,,12.9,
2006-12-19 16:00:00,,,,,0.3,,,,,0.0,0.0,76,,,1021.4,,,,,,,,,1016.0,0.1,,14.7,,,,19.1,,,,,,,,,,,,,,10,360,13.2,19.0,,10,,,14.8,
2006-12-19 17:00:00,,10.0,,,0.0,,,,,0.0,0.0,75,,,1021.8,,,,,,,,,1016.4,0.0,,14.5,,,,19.0,,,,,,,,,,20.0,,,,10,10,14.9,19.1,,10,,,15.0,
2006-12-19 18:00:00,,,,,0.0,,,,,0.0,0.0,74,,,1022.4,,,,,,,,,1017.0,0.0,,14.2,,,,19.0,,,,,,,,,,,,,,10,10,13.4,19.8,,10,,,15.3,
2006-12-19 19:00:00,,,,,0.0,,,,,0.0,0.0,75,,,1023.2,,,,,,,,,1017.8,0.0,,14.6,,,,19.2,,,,,,,,,,,,,,10,10,13.1,18.9,,10,,,14.4,
2006-12-19 20:00:00,,,,,0.0,,,,,0.0,0.0,76,,,1023.6,,,,,,,,,1018.2,,,15.0,,,,19.3,,,,,,,,,,,,,,10,360,13.3,17.8,,10,,,13.7,
2006-12-19 21:00:00,,,,,0.0,,,,,0.0,0.0,74,,,1023.9,,,,,,,,,1018.5,,,15.2,,,,20.0,,,,,,,,,,,,,,10,10,11.8,17.5,,10,,,13.1,
2006-12-19 22:00:00,,,,,0.0,,,,,0.0,0.0,73,,,1023.8,,,,,,,,,1018.4,,,15.0,,,,20.0,,,,,,,,,,,,,,10,10,12.1,18.1,,10,,,13.5,
2006-12-19 23:00:00,,,,,0.0,,,,,0.0,0.0,77,,,1023.4,,,,,,,,,1018.0,,,15.7,,,,19.8,,,,,,,,,,,,,,360,360,12.9,19.7,,360,,,14.4,
2006-12-20 00:00:00,,,,,0.0,,,,,0.0,0.0,79,,,1022.8,,,,,,,,,1017.4,,,15.2,,,,19.0,,,,,,,,,,,,,,10,360,15.0,21.1,,360,,,15.4,
2006-12-20 01:00:00,,,,,0.0,,,,,0.0,0.0,78,,,1022.5,,,,,,,,,1017.1,,,15.0,,,,18.9,,,,,,,,,,,,,,10,10,15.8,23.0,,10,,,16.7,
2006-12-20 02:00:00,,,,,0.0,,,,,0.0,0.0,77,,,1022.0,,,,,,,,,1016.6,,,14.7,,,,18.9,,,,,,,,,,,,,,10,10,16.0,22.6,,10,,,16.5,
2006-12-20 03:00:00,,,,,0.0,,,,,0.0,0.0,78,,,1021.4,,,,,,,,,1016.0,,,14.7,,,,18.6,,,,,,,,,,,,,,10,360,15.4,21.9,,10,,,17.3,
2006-12-20 04:00:00,,,,,0.0,,,,,0.0,0.0,78,,,1021.6,,,,,,,,,1016.2,,,14.9,,,,18.8,,,,,,,,,,,,,,10,360,13.5,21.2,,10,,,16.1,
2006-12-20 05:00:00,,,,,0.0,,,,,0.0,0.0,77,,,1021.4,,,,,,,,,1016.0,,,14.6,,,,18.7,,,,,,,,,,,,,,10,10,14.4,21.1,,10,,,15.6,
2006-12-20 06:00:00,,,,,0.0,,,,,0.0,0.0,77,,,1021.8,,,,,,,,,1016.4,0.0,,14.7,,,,18.8,,,,,,,,,,,,,,10,10,12.8,18.5,,10,,,14.4,
2006-12-20 07:00:00,,,,,0.0,,,,,0.0,0.0,78,,,1021.9,,,,,,,,,1016.5,0.0,,14.9,,,,18.9,,,,,,,,,,,,,,10,360,12.1,17.7,,10,,,13.5,
2006-12-20 08:00:00,,8.0,,,0.01,,,,,0.0,0.0,77,,,1022.4,,,,,,,,,1017.0,0.1,,15.2,,,,19.4,,,,,,,,,,20.0,,,,10,10,11.9,16.8,,10,,,12.4,
2006-12-20 09:00:00,,8.0,,,0.35,,,,,0.0,0.0,76,,,1022.6,,,,,,,,,1017.2,0.1,,15.2,,,,19.5,,,,,,,,,,20.0,,,,360,360,11.7,16.1,,10,,,12.2,
2006-12-20 10:00:00,,,,,0.85,,,,,0.0,0.0,75,,,1022.8,,,,,,,,,1017.4,0.5,,15.3,,,,19.8,,,,,,,,,,,,,,360,360,11.9,16.3,,360,,,12.2,
2006-12-20 11:00:00,,3.0,,,1.42,,,,,0.0,0.0,74,,,1021.7,,,,,,,,,1016.4,0.9,,15.8,,,,20.5,,,,,,,,,,20.0,,,,10,360,13.6,17.4,,10,,,13.7,
2006-12-20 12:00:00,,,,,1.21,,,,,0.0,0.0,76,,,1021.3,,,,,,,,,1016.0,0.5,,15.6,,,,20.0,,,,,,,,,,,,,,360,10,13.0,17.3,,10,,,13.7,
2006-12-20 13:00:00,,,,,0.83,,,,,0.0,0.0,77,,,1020.1,,,,,,,,,1014.8,0.2,,15.9,,,,20.1,,,,,,,,,,,,,,10,10,13.4,18.5,,360,,,13.6,
2006-12-20 14:00:00,,8.0,,,0.85,,,,,0.0,0.0,76,,,1019.4,,,,,,,,,1014.1,0.2,,15.7,,,,20.1,,,,,,,,,,20.0,,,,10,10,13.7,18.8,,10,,,14.2,
2006-12-20 15:00:00,,,,,0.48,,,,,0.0,0.0,76,,,1019.1,,,,,,,,,1013.8,0.1,,15.2,,,,19.6,,,,,,,,,,,,,,10,360,12.8,18.4,,10,,,13.9,
2006-12-20 16:00:00,,,,,0.0,,,,,0.0,0.0,77,,,1019.8,,,,,,,,,1014.5,0.0,,15.2,,,,19.3,,,,,,,,,,,,,,360,10,12.6,17.6,,10,,,13.5,
2006-12-20 17:00:00,,10.0,,,0.0,,,,,0.0,0.0,77,,,1020.0,,,,,,,,,1014.6,0.0,,14.8,,,,18.9,,,,,,,,,,20.0,,,,360,360,13.8,19.6,,360,,,13.9,
2006-12-20 18:00:00,,,,,0.0,,,,,0.0,0.0,78,,,1020.2,,,,,,,,,1014.8,0.0,,15.2,,,,19.2,,,,,,,,,,,,,,10,350,13.9,18.6,,360,,,14.4,
2006-12-20 19:00:00,,,,,0.0,,,,,0.0,0.0,78,,,1020.6,,,,,,,,,1015.3,0.0,,15.6,,,,19.6,,,,,,,,,,,,,,10,10,14.5,19.8,,10,,,14.5,
2006-12-20 20:00:00,,,,,0.0,,,,,0.0,0.0,76,,,1020.5,,,,,,,,,1015.2,,,15.5,,,,19.8,,,,,,,,,,,,,,10,360,14.8,20.5,,10,,,14.9,
2006-12-20 21:00:00,,,,,0.0,,,,,0.0,0.0,77,,,1020.7,,,,,,,,,1015.3,,,15.2,,,,19.4,,,,,,,,,,,,,,10,10,15.3,22.2,,10,,,16.7,
2006-12-20 22:00:00,,,,,0.0,,,,,0.0,0.0,76,,,1020.5,,,,,,,,,1015.2,,,15.3,,,,19.6,,,,,,,,,,,,,,10,10,14.5,21.8,,10,,,15.8,
2006-12-20 23:00:00,,,,,0.0,,,,,0.0,0.0,75,,,1020.1,,,,,,,,,1014.7,,,14.7,,,,19.2,,,,,,,,,,,,,,10,10,16.5,21.9,,10,,,16.5,
2006-12-21 00:00:00,,,,,0.0,,,,,0.0,0.0,71,,,1019.4,,,,,,,,,1014.1,,,14.2,,,,19.7,,,,,,,,,,,,,,20,20,17.4,23.8,,20,,,17.4,
2006-12-21 01:00:00,,,,,0.0,,,,,0.0,0.0,76,,,1019.6,,,,,,,,,1014.2,,,14.9,,,,19.2,,,,,,,,,,,,,,10,10,15.3,24.5,,20,,,17.6,
2006-12-21 02:00:00,,,,,0.0,,,,,0.0,0.0,74,,,1018.9,,,,,,,,,1013.6,,,14.4,,,,19.2,,,,,,,,,,,,,,10,10,16.3,24.2,,10,,,17.3,
2006-12-21 03:00:00,,,,,0.0,,,,,0.0,0.0,73,,,1018.7,,,,,,,,,1013.3,,,13.8,,,,18.8,,,,,,,,,,,,,,10,360,17.6,24.6,,10,,,18.0,
2006-12-21 04:00:00,,,,,0.0,,,,,0.0,0.0,73,,,1018.8,,,,,,,,,1013.4,,,13.9,,,,18.9,,,,,,,,,,,,,,10,10,16.4,25.5,,10,,,17.5,
2006-12-21 05:00:00,,,,,0.0,,,,,0.0,0.0,72,,,1018.9,,,,,,,,,1013.5,,,13.7,,,,18.8,,,,,,,,,,,,,,10,10,16.9,25.5,,10,,,17.4,
2006-12-21 06:00:00,,,,,0.0,,,,,0.0,0.0,72,,,1019.1,,,,,,,,,1013.7,0.0,,13.6,,,,18.8,,,,,,,,,,,,,,20,20,16.4,24.9,,10,,,18.3,
2006-12-21 07:00:00,,,,,0.0,,,,,0.0,0.0,70,,,1019.2,,,,,,,,,1013.8,0.0,,13.5,,,,19.0,,,,,,,,,,,,,,20,10,16.9,23.6,,20,,,17.5,
2006-12-21 08:00:00,,10.0,,,0.0,,,,,0.0,0.0,69,,,1019.5,,,,,,,,,1014.1,0.0,,13.2,,,,18.9,,,,,,,,,,10.0,,,,20,30,17.4,24.3,,20,,,17.7,
2006-12-21 09:00:00,,10.0,,,0.15,,,,,0.0,0.0,70,,,1019.7,,,,,,,,,1014.4,0.0,,13.9,,,,19.5,,,,,,,,,,10.0,,,,20,20,18.0,24.5,,20,,,18.1,
2006-12-21 10:00:00,,,,,0.48,,,,,0.0,0.0,70,,,1019.6,,,,,,,,,1014.3,0.1,,14.2,,,,19.8,,,,,,,,,,,,,,20,20,17.1,24.0,,20,,,18.2,
2006-12-21 11:00:00,,8.0,,,0.96,,,,,0.0,0.0,66,,,1019.3,,,,,,,,,1014.0,0.4,,13.9,,,,20.5,,,,,,,,,,20.0,,,,20,30,16.4,25.7,,20,,,19.0,
2006-12-21 12:00:00,,,,,1.31,,,,,0.0,0.0,63,,,1017.9,,,,,,,,,1012.6,0.7,,13.6,,,,20.8,,,,,,,,,,,,,,20,30,17.1,24.0,,20,,,18.1,
2006-12-21 13:00:00,,,,,1.28,,,,,0.0,0.0,65,,,1017.1,,,,,,,,,1011.8,0.6,,13.5,,,,20.2,,,,,,,,,,,,,,10,20,17.9,26.7,,20,,,18.8,
2006-12-21 14:00:00,,7.0,,,1.14,,,,,0.0,0.0,63,,,1016.8,,,,,,,,,1011.5,0.5,,13.4,,,,20.6,,,,,,,,,,20.0,,,,20,20,17.6,26.2,,20,,,18.5,
2006-12-21 15:00:00,,,,,0.99,,,,,0.0,0.0,63,,,1016.5,,,,,,,,,1011.2,0.7,,13.1,,,,20.5,,,,,,,,,,,,,,20,30,19.5,26.9,,20,,,19.5,
2006-12-21 16:00:00,,,,,0.34,,,,,0.0,0.0,68,,,1016.6,,,,,,,,,1011.3,0.1,,13.7,,,,19.7,,,,,,,,,,,,,,20,20,17.1,26.0,,20,,,19.5,
2006-12-21 17:00:00,,10.0,,,0.01,,,,,0.0,0.0,68,,,1017.1,,,,,,,,,1011.8,0.0,,13.4,,,,19.5,,,,,,,,,,20.0,,,,20,30,18.3,26.9,,20,,,18.7,
2006-12-21 18:00:00,,,,,0.0,,,,,0.0,0.0,70,,,1017.5,,,,,,,,,1012.2,0.0,,13.7,,,,19.4,,,,,,,,,,,,,,20,20,17.7,26.8,,20,,,18.7,
2006-12-21 19:00:00,,,,,0.0,,,,,0.0,0.0,68,,,1017.5,,,,,,,,,1012.2,0.0,,13.3,,,,19.4,,,,,,,,,,,,,,20,20,17.9,26.5,,20,,,18.6,
2006-12-21 20:00:00,,,,,0.0,,,,,0.0,0.0,66,,,1017.6,,,,,,,,,1012.3,,,12.6,,,,19.2,,,,,,,,,,,,,,20,20,19.8,27.5,,20,,,19.8,
2006-12-21 21:00:00,,,,,0.0,,,,,0.0,0.0,65,,,1017.5,,,,,,,,,1012.2,,,12.4,,,,19.1,,,,,,,,,,,,,,20,10,19.3,27.0,,20,,,19.8,
2006-12-21 22:00:00,,,,,0.0,,,,,0.0,0.0,65,,,1017.4,,,,,,,,,1012.1,,,12.4,,,,19.1,,,,,,,,,,,,,,20,20,18.6,26.8,,20,,,19.4,
2006-12-21 23:00:00,,,,,0.0,,,,,0.0,0.0,65,,,1017.2,,,,,,,,,1011.9,,,12.3,,,,19.1,,,,,,,,,,,,,,20,20,17.7,25.9,,20,,,19.6,
2006-12-22 00:00:00,,,,,0.0,,,,,0.0,0.0,63,,,1017.0,,,,,,,,,1011.7,,,11.9,,,,19.0,,,,,,,,,,,,,,20,20,19.3,26.7,,20,,,20.3,
2006-12-22 01:00:00,,,,,0.0,,,,,0.0,0.0,64,,,1016.9,,,,,,,,,1011.6,,,11.8,,,,18.8,,,,,,,,,,,,,,20,20,19.6,26.5,,20,,,20.1,
2006-12-22 02:00:00,,,,,0.0,,,,,0.0,0.0,63,,,1016.7,,,,,,,,,1011.4,,,11.7,,,,18.9,,,,,,,,,,,,,,20,20,19.0,27.1,,20,,,20.7,
2006-12-22 03:00:00,,,,,0.0,,,,,0.0,0.0,65,,,1016.5,,,,,,,,,1011.2,,,12.1,,,,18.8,,,,,,,,,,,,,,20,20,18.5,27.1,,20,,,20.9,
2006-12-22 04:00:00,,,,,0.0,,,,,0.0,0.0,62,,,1016.3,,,,,,,,,1011.0,,,11.3,,,,18.7,,,,,,,,,,,,,,20,30,19.4,27.6,,20,,,20.3,
2006-12-22 05:00:00,,,,,0.0,,,,,0.0,0.0,59,,,1017.2,,,,,,,,,1011.9,,,10.4,,,,18.6,,,,,,,,,,,,,,20,20,21.0,26.9,,20,,,21.1,
2006-12-22 06:00:00,,,,,0.0,,,,,0.0,0.0,59,,,1017.5,,,,,,,,,1012.1,0.0,,10.4,,,,18.5,,,,,,,,,,,,,,20,20,19.6,27.4,,20,,,21.0,
2006-12-22 07:00:00,,,,,0.0,,,,,0.0,0.0,60,,,1018.2,,,,,,,,,1012.8,0.0,,10.5,,,,18.4,,,,,,,,,,,,,,20,20,20.6,27.3,,20,,,20.9,
2006-12-22 08:00:00,,0.0,,,0.16,,,,,0.0,0.0,59,,,1018.9,,,,,,,,,1013.5,0.6,,10.6,,,,18.8,,,,,,,,,,10.0,,,,20,20,21.0,28.0,,30,,,21.1,
2006-12-22 09:00:00,,0.0,,,0.63,,,,,0.0,0.0,57,,,1018.8,,,,,,,,,1013.5,1.0,,10.3,,,,19.1,,,,,,,,,,10.0,,,,20,20,20.1,27.4,,20,,,21.2,
2006-12-22 10:00:00,,,,,1.2,,,,,0.0,0.0,59,,,1019.6,,,,,,,,,1014.3,1.0,,11.5,,,,19.8,,,,,,,,,,,,,,30,20,17.6,26.5,,20,,,20.7,
2006-12-22 11:00:00,,0.0,,,1.47,,,,,0.0,0.0,58,,,1018.9,,,,,,,,,1013.6,1.0,,11.2,,,,19.8,,,,,,,,,,10.0,,,,20,30,18.9,26.9,,20,,,19.2,
2006-12-22 12:00:00,,,,,1.8,,,,,0.0,0.0,60,,,1018.2,,,,,,,,,1012.9,1.0,,11.9,,,,19.9,,,,,,,,,,,,,,20,10,16.9,26.1,,20,,,18.6,
2006-12-22 13:00:00,,,,,1.8,,,,,0.0,0.0,58,,,1017.4,,,,,,,,,1012.1,1.0,,11.0,,,,19.5,,,,,,,,,,,,,,20,30,18.0,24.4,,20,,,18.3,
2006-12-22 14:00:00,,0.0,,,1.58,,,,,0.0,0.0,60,,,1017.0,,,,,,,,,1011.7,1.0,,11.8,,,,19.7,,,,,,,,,,10.0,,,,20,20,17.6,25.5,,20,,,18.8,
2006-12-22 15:00:00,,,,,1.2,,,,,0.0,0.0,59,,,1017.0,,,,,,,,,1011.7,1.0,,11.2,,,,19.3,,,,,,,,,,,,,,20,20,18.1,27.0,,20,,,18.8,
2006-12-22 16:00:00,,,,,0.71,,,,,0.0,0.0,58,,,1016.9,,,,,,,,,1011.6,1.0,,10.5,,,,19.0,,,,,,,,,,,,,,20,20,17.8,27.3,,20,,,19.7,
2006-12-22 17:00:00,,0.0,,,0.23,,,,,0.0,0.0,60,,,1017.5,,,,,,,,,1012.1,0.8,,10.7,,,,18.6,,,,,,,,,,10.0,,,,20,20,17.9,25.6,,20,,,18.9,
2006-12-22 18:00:00,,,,,0.0,,,,,0.0,0.0,63,,,1017.8,,,,,,,,,1012.4,0.0,,11.3,,,,18.4,,,,,,,,,,,,,,20,20,16.6,25.1,,20,,,18.6,
2006-12-22 19:00:00,,,,,0.0,,,,,0.0,0.0,64,,,1018.4,,,,,,,,,1013.0,0.0,,11.6,,,,18.6,,,,,,,,,,,,,,20,10,16.4,24.0,,20,,,18.0,
2006-12-22 20:00:00,,,,,0.0,,,,,0.0,0.0,60,,,1019.0,,,,,,,,,1013.6,,,10.8,,,,18.8,,,,,,,,,,,,,,20,20,15.4,23.6,,20,,,17.1,
2006-12-22 21:00:00,,,,,0.0,,,,,0.0,0.0,60,,,1019.3,,,,,,,,,1013.9,,,10.9,,,,18.7,,,,,,,,,,,,,,20,30,15.7,22.2,,30,,,16.8,
2006-12-22 22:00:00,,,,,0.0,,,,,0.0,0.0,59,,,1019.2,,,,,,,,,1013.8,,,10.6,,,,18.8,,,,,,,,,,,,,,30,20,14.6,23.2,,20,,,16.6,
2006-12-22 23:00:00,,,,,0.0,,,,,0.0,0.0,62,,,1019.0,,,,,,,,,1013.6,,,11.2,,,,18.7,,,,,,,,,,,,,,20,20,14.1,19.9,,20,,,14.9,
2006-12-23 00:00:00,,,,,0.0,,,,,0.0,0.0,63,,,1018.9,,,,,,,,,1013.5,,,11.5,,,,18.7,,,,,,,,,,,,,,20,30,12.7,18.4,,20,,,14.3,
2006-12-23 01:00:00,,,,,0.0,,,,,0.0,0.0,63,,,1018.7,,,,,,,,,1013.3,,,11.5,,,,18.8,,,,,,,,,,,,,,20,20,12.8,17.4,,20,,,13.1,
2006-12-23 02:00:00,,,,,0.0,,,,,0.0,0.0,64,,,1018.4,,,,,,,,,1013.0,,,11.8,,,,18.8,,,,,,,,,,,,,,20,30,12.3,17.7,,20,,,13.4,
2006-12-23 03:00:00,,,,,0.0,,,,,0.0,0.0,65,,,1017.6,,,,,,,,,1012.3,,,12.1,,,,18.7,,,,,,,,,,,,,,20,20,12.1,16.6,,30,,,12.6,
2006-12-23 04:00:00,,,,,0.0,,,,,0.0,0.0,67,,,1017.8,,,,,,,,,1012.4,,,12.1,,,,18.3,,,,,,,,,,,,,,20,20,10.7,16.8,,20,,,12.8,
2006-12-23 05:00:00,,,,,0.0,,,,,0.0,0.0,68,,,1017.7,,,,,,,,,1012.3,,,12.4,,,,18.4,,,,,,,,,,,,,,30,20,9.7,14.6,,30,,,10.8,
2006-12-23 06:00:00,,,,,0.0,,,,,0.0,0.0,67,,,1017.8,,,,,,,,,1012.4,0.0,,11.6,,,,17.9,,,,,,,,,,,,,,30,20,9.2,12.7,,30,,,9.8,
2006-12-23 07:00:00,,,,,0.0,,,,,0.0,0.0,68,,,1018.7,,,,,,,,,1013.3,0.0,,12.1,,,,18.0,,,,,,,,,,,,,,30,20,6.7,12.0,,30,,,9.2,
2006-12-23 08:00:00,,0.0,,,0.2,,,,,0.0,0.0,66,,,1019.2,,,,,,,,,1013.8,0.8,,12.5,,,,18.9,,,,,,,,,,20.0,,,,40,40,5.3,8.7,,30,,,6.5,
2006-12-23 09:00:00,,0.0,,,0.65,,,,,0.0,0.0,64,,,1019.7,,,,,,,,,1014.4,1.0,,13.0,,,,20.0,,,,,,,,,,20.0,,,,40,40,5.2,8.1,,30,,,5.6,
2006-12-23 10:00:00,,,,,1.2,,,,,0.0,0.0,62,,,1019.7,,,,,,,,,1014.4,1.0,,13.6,,,,21.1,,,,,,,,,,,,,,30,30,5.3,8.2,,30,,,5.8,
2006-12-23 11:00:00,,0.0,,,1.42,,,,,0.0,0.0,62,,,1019.3,,,,,,,,,1014.0,1.0,,14.2,,,,21.7,,,,,,,,,,20.0,,,,30,40,6.3,9.4,,30,,,6.7,
2006-12-23 12:00:00,,,,,1.76,,,,,0.0,0.0,60,,,1018.3,,,,,,,,,1013.0,1.0,,14.2,,,,22.3,,,,,,,,,,,,,,20,20,6.8,9.9,,20,,,7.5,
2006-12-23 13:00:00,,,,,1.8,,,,,0.0,0.0,59,,,1017.3,,,,,,,,,1012.0,1.0,,13.7,,,,22.0,,,,,,,,,,,,,,30,20,6.2,9.8,,30,,,7.3,
2006-12-23 14:00:00,,0.0,,,1.57,,,,,0.0,0.0,60,,,1016.7,,,,,,,,,1011.4,1.0,,13.8,,,,21.9,,,,,,,,,,20.0,,,,20,20,5.6,8.8,,30,,,6.4,
2006-12-23 15:00:00,,,,,1.2,,,,,0.0,0.0,60,,,1016.6,,,,,,,,,1011.3,1.0,,13.9,,,,21.9,,,,,,,,,,,,,,30,20,4.8,7.8,,20,,,6.0,
2006-12-23 16:00:00,,,,,0.69,,,,,0.0,0.0,59,,,1016.7,,,,,,,,,1011.4,1.0,,12.8,,,,21.1,,,,,,,,,,,,,,20,20,5.2,7.3,,20,,,5.5,
2006-12-23 17:00:00,,0.0,,,0.22,,,,,0.0,0.0,65,,,1017.1,,,,,,,,,1011.8,0.8,,13.5,,,,20.3,,,,,,,,,,20.0,,,,20,20,7.7,11.0,,20,,,7.7,
2006-12-23 18:00:00,,,,,0.0,,,,,0.0,0.0,66,,,1017.6,,,,,,,,,1012.3,0.0,,13.6,,,,20.2,,,,,,,,,,,,,,20,20,7.5,11.8,,20,,,8.6,
2006-12-23 19:00:00,,,,,0.0,,,,,0.0,0.0,67,,,1017.9,,,,,,,,,1012.6,0.0,,13.7,,,,19.9,,,,,,,,,,,,,,10,20,9.3,12.8,,20,,,9.5,
2006-12-23 20:00:00,,,,,0.0,,,,,0.0,0.0,67,,,1018.3,,,,,,,,,1013.0,,,13.4,,,,19.7,,,,,,,,,,,,,,20,360,8.6,13.0,,10,,,9.4,
2006-12-23 21:00:00,,,,,0.0,,,,,0.0,0.0,67,,,1018.6,,,,,,,,,1013.3,,,13.5,,,,19.9,,,,,,,,,,,,,,20,10,7.8,14.5,,10,,,9.7,
2006-12-23 22:00:00,,,,,0.0,,,,,0.0,0.0,66,,,1018.8,,,,,,,,,1013.5,,,13.0,,,,19.6,,,,,,,,,,,,,,20,20,6.6,11.6,,20,,,8.5,
2006-12-23 23:00:00,,,,,0.0,,,,,0.0,0.0,67,,,1018.6,,,,,,,,,1013.3,,,13.2,,,,19.5,,,,,,,,,,,,,,20,10,6.1,9.3,,20,,,6.8,
2006-12-24 00:00:00,,,,,0.0,,,,,0.0,0.0,67,,,1018.0,,,,,,,,,1012.7,,,13.2,,,,19.5,,,,,,,,,,,,,,20,10,4.6,8.2,,20,,,6.0,
2006-12-24 01:00:00,,,,,0.0,,,,,0.0,0.0,69,,,1017.7,,,,,,,,,1012.4,,,13.5,,,,19.3,,,,,,,,,,,,,,10,360,4.4,7.3,,20,,,5.1,
2006-12-24 02:00:00,,,,,0.0,,,,,0.0,0.0,68,,,1017.7,,,,,,,,,1012.4,,,13.3,,,,19.4,,,,,,,,,,,,,,360,10,4.6,6.8,,10,,,4.8,
2006-12-24 03:00:00,,,,,0.0,,,,,0.0,0.0,68,,,1017.1,,,,,,,,,1011.8,,,13.3,,,,19.3,,,,,,,,,,,,,,360,360,5.5,8.2,,360,,,6.0,
2006-12-24 04:00:00,,,,,0.0,,,,,0.0,0.0,68,,,1016.7,,,,,,,,,1011.4,,,13.2,,,,19.3,,,,,,,,,,,,,,10,10,5.6,8.2,,360,,,5.8,
2006-12-24 05:00:00,,,,,0.0,,,,,0.0,0.0,67,,,1016.8,,,,,,,,,1011.5,,,13.0,,,,19.3,,,,,,,,,,,,,,10,360,4.3,8.9,,10,,,7.0,
2006-12-24 06:00:00,,,,,0.0,,,,,0.0,0.0,67,,,1017.3,,,,,,,,,1012.0,0.0,,13.2,,,,19.6,,,,,,,,,,,,,,360,360,4.3,6.8,,360,,,5.3,
2006-12-24 07:00:00,,,,,0.0,,,,,0.0,0.0,66,,,1017.7,,,,,,,,,1012.4,0.0,,13.3,,,,19.8,,,,,,,,,,,,,,360,350,4.7,7.0,,360,,,5.1,
2006-12-24 08:00:00,,10.0,,,0.0,,,,,0.0,0.0,69,,,1018.1,,,,,,,,,1012.8,0.0,,14.2,,,,20.1,,,,,,,,,,20.0,,,,360,10,4.4,7.0,,360,,,5.3,
2006-12-24 09:00:00,,10.0,,,0.41,,,,,0.0,0.0,75,,,1018.5,,,,,,,,,1013.2,0.0,,15.6,,,,20.2,,,,,,,,,,20.0,,,,350,350,5.5,8.2,,350,,,6.0,
2006-12-24 10:00:00,,,,,0.6,,,,,0.0,0.0,72,,,1018.5,,,,,,,,,1013.2,0.0,,15.3,,,,20.5,,,,,,,,,,,,,,350,350,5.5,8.1,,350,,,5.8,
2006-12-24 11:00:00,,7.0,,,1.32,,,,,0.0,0.0,68,,,1017.9,,,,,,,,,1012.6,0.4,,15.6,,,,21.7,,,,,,,,,,20.0,,,,350,350,5.1,9.4,,350,,,6.2,
2006-12-24 12:00:00,,,,,1.54,,,,,0.0,0.0,68,,,1016.9,,,,,,,,,1011.6,0.9,,15.6,,,,21.8,,,,,,,,,,,,,,350,360,6.3,9.0,,350,,,6.3,
2006-12-24 13:00:00,,,,,1.78,,,,,0.0,0.0,69,,,1016.3,,,,,,,,,1011.0,1.0,,15.8,,,,21.7,,,,,,,,,,,,,,350,340,6.6,10.9,,350,,,6.8,
2006-12-24 14:00:00,,3.0,,,1.43,,,,,0.0,0.0,68,,,1015.8,,,,,,,,,1010.5,1.0,,14.9,,,,21.0,,,,,,,,,,20.0,,,,360,360,7.5,10.2,,360,,,7.5,
2006-12-24 15:00:00,,,,,1.2,,,,,0.0,0.0,67,,,1015.5,,,,,,,,,1010.2,1.0,,14.5,,,,20.9,,,,,,,,,,,,,,360,360,6.6,10.3,,360,,,7.6,
2006-12-24 16:00:00,,,,,0.68,,,,,0.0,0.0,69,,,1015.7,,,,,,,,,1010.4,1.0,,14.0,,,,19.9,,,,,,,,,,,,,,360,10,7.6,10.6,,360,,,7.8,
2006-12-24 17:00:00,,2.0,,,0.26,,,,,0.0,0.0,71,,,1015.9,,,,,,,,,1010.6,0.6,,13.8,,,,19.2,,,,,,,,,,10.0,,,,360,10,8.2,11.7,,360,,,8.4,
2006-12-24 18:00:00,,,,,0.0,,,,,0.0,0.0,71,,,1016.2,,,,,,,,,1010.9,0.0,,13.4,,,,18.8,,,,,,,,,,,,,,360,350,8.2,12.5,,360,,,9.1,
2006-12-24 19:00:00,,,,,0.0,,,,,0.0,0.0,73,,,1016.8,,,,,,,,,1011.4,0.0,,13.5,,,,18.4,,,,,,,,,,,,,,10,10,8.4,12.9,,10,,,9.1,
2006-12-24 20:00:00,,,,,0.0,,,,,0.0,0.0,74,,,1017.2,,,,,,,,,1011.8,,,13.5,,,,18.2,,,,,,,,,,,,,,20,20,8.5,12.4,,10,,,9.3,
2006-12-24 21:00:00,,,,,0.0,,,,,0.0,0.0,74,,,1017.2,,,,,,,,,1011.8,,,13.3,,,,18.1,,,,,,,,,,,,,,20,20,8.7,11.9,,20,,,9.4,
2006-12-24 22:00:00,,,,,0.0,,,,,0.0,0.0,71,,,1017.4,,,,,,,,,1012.0,,,12.6,,,,18.0,,,,,,,,,,,,,,20,20,8.2,12.0,,20,,,8.9,
2006-12-24 23:00:00,,,,,0.0,,,,,0.0,0.0,69,,,1017.2,,,,,,,,,1011.8,,,12.3,,,,18.1,,,,,,,,,,,,,,20,20,7.2,11.4,,20,,,8.3,
2006-12-25 00:00:00,,,,,0.0,,,,,0.0,0.0,68,,,1016.9,,,,,,,,,1011.5,,,12.3,,,,18.3,,,,,,,,,,,,,,10,10,7.6,10.8,,20,,,8.1,
2006-12-25 01:00:00,,,,,0.0,,,,,0.0,0.0,68,,,1016.6,,,,,,,,,1011.2,,,12.3,,,,18.2,,,,,,,,,,,,,,20,10,6.8,10.4,,10,,,7.7,
2006-12-25 02:00:00,,,,,0.0,,,,,0.0,0.0,69,,,1016.6,,,,,,,,,1011.2,,,12.4,,,,18.2,,,,,,,,,,,,,,10,360,7.3,10.3,,20,,,7.6,
2006-12-25 03:00:00,,,,,0.0,,,,,0.0,0.0,66,,,1016.3,,,,,,,,,1011.0,,,11.9,,,,18.3,,,,,,,,,,,,,,360,10,8.0,11.2,,360,,,8.3,
2006-12-25 04:00:00,,,,,0.0,,,,,0.0,0.0,65,,,1016.3,,,,,,,,,1010.9,,,11.5,,,,18.1,,,,,,,,,,,,,,360,360,8.3,11.9,,360,,,8.6,
2006-12-25 05:00:00,,,,,0.0,,,,,0.0,0.0,63,,,1016.3,,,,,,,,,1010.9,,,11.0,,,,18.1,,,,,,,,,,,,,,10,360,8.4,12.4,,360,,,9.1,
2006-12-25 06:00:00,,,,,0.0,,,,,0.0,0.0,65,,,1016.8,,,,,,,,,1011.4,0.0,,11.4,,,,18.1,,,,,,,,,,,,,,360,10,9.0,12.6,,10,,,9.3,
2006-12-25 07:00:00,,,,,0.0,,,,,0.0,0.0,64,,,1017.2,,,,,,,,,1011.8,0.0,,11.2,,,,18.2,,,,,,,,,,,,,,10,360,8.4,12.7,,10,,,9.4,
2006-12-25 08:00:00,,2.0,,,0.14,,,,,0.0,0.0,63,,,1017.5,,,,,,,,,1012.2,0.5,,11.9,,,,19.0,,,,,,,,,,20.0,,,,10,360,8.5,12.8,,10,,,9.2,
2006-12-25 09:00:00,,4.0,,,0.65,,,,,0.0,0.0,61,,,1017.9,,,,,,,,,1012.6,1.0,,11.6,,,,19.3,,,,,,,,,,20.0,,,,10,10,8.8,12.5,,10,,,9.1,
2006-12-25 10:00:00,,,,,1.01,,,,,0.0,0.0,63,,,1017.9,,,,,,,,,1012.6,0.8,,12.6,,,,19.9,,,,,,,,,,,,,,10,360,9.3,13.4,,10,,,9.6,
2006-12-25 11:00:00,,4.0,,,1.48,,,,,0.0,0.0,63,,,1017.2,,,,,,,,,1011.9,0.9,,13.1,,,,20.5,,,,,,,,,,20.0,,,,10,360,9.0,13.1,,10,,,9.5,
2006-12-25 12:00:00,,,,,1.42,,,,,0.0,0.0,63,,,1016.2,,,,,,,,,1010.9,0.8,,13.1,,,,20.5,,,,,,,,,,,,,,10,360,9.9,13.8,,10,,,9.9,
2006-12-25 13:00:00,,,,,1.32,,,,,0.0,0.0,63,,,1015.3,,,,,,,,,1010.0,0.7,,13.0,,,,20.2,,,,,,,,,,,,,,360,360,10.3,14.5,,10,,,10.7,
2006-12-25 14:00:00,,7.0,,,1.37,,,,,0.0,0.0,64,,,1014.6,,,,,,,,,1009.3,0.7,,13.0,,,,19.9,,,,,,,,,,20.0,,,,10,10,10.8,14.7,,10,,,11.0,
2006-12-25 15:00:00,,,,,1.0,,,,,0.0,0.0,64,,,1014.2,,,,,,,,,1008.9,0.8,,12.7,,,,19.8,,,,,,,,,,,,,,10,10,11.4,15.3,,10,,,11.6,
2006-12-25 16:00:00,,,,,0.68,,,,,0.0,0.0,63,,,1014.1,,,,,,,,,1008.8,0.6,,11.9,,,,19.1,,,,,,,,,,,,,,10,10,12.2,16.8,,10,,,12.4,
2006-12-25 17:00:00,,4.0,,,0.1,,,,,0.0,0.0,65,,,1014.4,,,,,,,,,1009.1,0.3,,11.9,,,,18.7,,,,,,,,,,20.0,,,,10,10,13.1,17.9,,10,,,13.1,
2006-12-25 18:00:00,,,,,0.0,,,,,0.0,0.0,63,,,1014.7,,,,,,,,,1009.4,0.0,,11.6,,,,18.7,,,,,,,,,,,,,,10,10,12.2,17.8,,10,,,13.3,
2006-12-25 19:00:00,,,,,0.0,,,,,0.0,0.0,65,,,1015.2,,,,,,,,,1009.9,0.0,,11.9,,,,18.7,,,,,,,,,,,,,,20,10,12.0,17.9,,20,,,12.7,
2006-12-25 20:00:00,,,,,0.0,,,,,0.0,0.0,65,,,1015.6,,,,,,,,,1010.3,,,11.6,,,,18.4,,,,,,,,,,,,,,10,10,12.4,17.3,,20,,,13.1,
2006-12-25 21:00:00,,,,,0.0,,,,,0.0,0.0,66,,,1015.9,,,,,,,,,1010.6,,,12.1,,,,18.6,,,,,,,,,,,,,,10,360,11.5,18.1,,10,,,13.2,
2006-12-25 22:00:00,,,,,0.0,,,,,0.0,0.0,66,,,1016.0,,,,,,,,,1010.7,,,12.0,,,,18.5,,,,,,,,,,,,,,20,20,12.0,17.0,,20,,,12.5,
2006-12-25 23:00:00,,,,,0.0,,,,,0.0,0.0,66,,,1015.7,,,,,,,,,1010.4,,,12.2,,,,18.7,,,,,,,,,,,,,,10,20,12.1,18.0,,10,,,12.5,
2006-12-26 00:00:00,,,,,0.0,,,,,0.0,0.0,65,,,1015.5,,,,,,,,,1010.2,,,11.9,,,,18.7,,,,,,,,,,,,,,20,10,11.9,17.8,,20,,,12.9,
2006-12-26 01:00:00,,,,,0.0,,,,,0.0,0.0,63,,,1015.5,,,,,,,,,1010.2,,,11.7,,,,18.9,,,,,,,,,,,,,,20,360,11.6,17.1,,20,,,12.7,
2006-12-26 02:00:00,,,,,0.0,,,,,0.0,0.0,65,,,1015.2,,,,,,,,,1009.9,,,12.2,,,,18.9,,,,,,,,,,,,,,10,20,11.1,16.3,,20,,,12.9,
2006-12-26 03:00:00,,,,,0.0,,,,,0.0,0.0,66,,,1014.9,,,,,,,,,1009.6,,,12.4,,,,19.0,,,,,,,,,,,,,,20,10,11.2,16.3,,20,,,12.3,
2006-12-26 04:00:00,,,,,0.0,,,,,0.0,0.0,66,,,1014.6,,,,,,,,,1009.3,,,12.3,,,,18.8,,,,,,,,,,,,,,20,20,10.8,17.3,,20,,,11.7,
2006-12-26 05:00:00,,,,,0.0,,,,,0.0,0.0,64,,,1014.8,,,,,,,,,1009.5,,,11.9,,,,18.8,,,,,,,,,,,,,,20,20,10.4,14.3,,20,,,10.8,
2006-12-26 06:00:00,,,,,0.0,,,,,0.0,0.0,65,,,1015.3,,,,,,,,,1010.0,0.0,,12.0,,,,18.8,,,,,,,,,,,,,,20,10,9.4,13.6,,20,,,10.4,
2006-12-26 07:00:00,,,,,0.0,,,,,0.0,0.0,65,,,1016.2,,,,,,,,,1010.9,0.0,,12.3,,,,19.0,,,,,,,,,,,,,,10,10,9.7,14.1,,10,,,10.5,
2006-12-26 08:00:00,,7.0,,,0.02,,,,,0.0,0.0,63,,,1017.0,,,,,,,,,1011.7,0.1,,12.2,,,,19.3,,,,,,,,,,20.0,,,,10,10,8.9,13.6,,10,,,10.0,
2006-12-26 09:00:00,,3.0,,,0.53,,,,,0.0,0.0,62,,,1017.6,,,,,,,,,1012.3,0.6,,12.6,,,,20.1,,,,,,,,,,20.0,,,,10,10,8.9,12.8,,10,,,9.2,
2006-12-26 10:00:00,,,,,0.96,,,,,0.0,0.0,64,,,1017.7,,,,,,,,,1012.4,0.7,,13.3,,,,20.3,,,,,,,,,,,,,,10,10,8.3,13.3,,360,,,9.6,
2006-12-26 11:00:00,,4.0,,,1.48,,,,,0.0,0.0,63,,,1016.8,,,,,,,,,1011.5,0.9,,13.6,,,,20.9,,,,,,,,,,20.0,,,,10,20,9.2,13.2,,10,,,9.5,
2006-12-26 12:00:00,,,,,1.56,,,,,0.0,0.0,61,,,1016.0,,,,,,,,,1010.7,0.9,,14.1,,,,22.0,,,,,,,,,,,,,,10,20,8.0,13.0,,10,,,9.3,
2006-12-26 13:00:00,,,,,1.42,,,,,0.0,0.0,62,,,1015.2,,,,,,,,,1009.9,0.7,,13.6,,,,21.2,,,,,,,,,,,,,,10,10,8.3,12.8,,10,,,9.8,
2006-12-26 14:00:00,,3.0,,,1.55,,,,,0.0,0.0,62,,,1014.5,,,,,,,,,1009.2,1.0,,13.5,,,,21.1,,,,,,,,,,20.0,,,,10,360,9.1,13.6,,10,,,10.1,
2006-12-26 15:00:00,,,,,1.06,,,,,0.0,0.0,65,,,1014.6,,,,,,,,,1009.3,0.8,,13.5,,,,20.2,,,,,,,,,,,,,,10,360,9.6,13.5,,10,,,9.6,
2006-12-26 16:00:00,,,,,0.69,,,,,0.0,0.0,66,,,1014.9,,,,,,,,,1009.6,0.7,,13.3,,,,19.8,,,,,,,,,,,,,,10,360,10.4,13.8,,10,,,10.9,
2006-12-26 17:00:00,,3.0,,,0.2,,,,,0.0,0.0,67,,,1015.0,,,,,,,,,1009.7,0.3,,13.3,,,,19.7,,,,,,,,,,20.0,,,,10,10,10.7,14.2,,10,,,10.7,
2006-12-26 18:00:00,,,,,0.0,,,,,0.0,0.0,67,,,1015.2,,,,,,,,,1009.9,0.0,,13.2,,,,19.6,,,,,,,,,,,,,,10,10,10.3,14.2,,10,,,10.6,
2006-12-26 19:00:00,,,,,0.0,,,,,0.0,0.0,65,,,1016.8,,,,,,,,,1011.5,0.0,,12.0,,,,18.8,,,,,,,,,,,,,,10,360,9.3,14.1,,10,,,10.3,
2006-12-26 20:00:00,,,,,0.0,,,,,0.0,0.0,65,,,1017.1,,,,,,,,,1011.8,,,12.0,,,,18.8,,,,,,,,,,,,,,10,20,8.7,12.8,,10,,,9.9,
2006-12-26 21:00:00,,,,,0.0,,,,,0.0,0.0,69,,,1016.9,,,,,,,,,1011.6,,,13.2,,,,19.1,,,,,,,,,,,,,,10,10,8.5,12.7,,10,,,9.2,
2006-12-26 22:00:00,,,,,0.0,,,,,0.0,0.0,68,,,1017.0,,,,,,,,,1011.7,,,13.1,,,,19.1,,,,,,,,,,,,,,30,10,7.9,12.2,,20,,,8.8,
2006-12-26 23:00:00,,,,,0.0,,,,,0.0,0.0,70,,,1016.6,,,,,,,,,1011.3,,,13.8,,,,19.5,,,,,,,,,,,,,,10,10,8.4,12.3,,10,,,8.7,
2006-12-27 00:00:00,,,,,0.0,,,,,0.0,0.0,67,,,1016.7,,,,,,,,,1011.4,,,13.2,,,,19.5,,,,,,,,,,,,,,10,360,8.9,12.8,,10,,,9.4,
2006-12-27 01:00:00,,,,,0.0,,,,,0.0,0.0,67,,,1016.7,,,,,,,,,1011.4,,,13.0,,,,19.3,,,,,,,,,,,,,,360,360,10.3,14.4,,360,,,10.4,
2006-12-27 02:00:00,,,,,0.0,,,,,0.0,0.0,64,,,1016.6,,,,,,,,,1011.3,,,12.3,,,,19.3,,,,,,,,,,,,,,10,10,11.3,15.6,,10,,,11.6,
2006-12-27 03:00:00,,,,,0.0,,,,,0.0,0.0,64,,,1016.4,,,,,,,,,1011.1,,,12.3,,,,19.2,,,,,,,,,,,,,,10,10,10.6,16.3,,10,,,12.4,
2006-12-27 04:00:00,,,,,0.0,,,,,0.0,0.0,62,,,1016.3,,,,,,,,,1011.0,,,11.8,,,,19.2,,,,,,,,,,,,,,10,10,11.0,16.7,,10,,,12.1,
2006-12-27 05:00:00,,,,,0.0,,,,,0.0,0.0,64,,,1016.4,,,,,,,,,1011.1,,,12.3,,,,19.2,,,,,,,,,,,,,,10,10,10.8,15.4,,10,,,11.5,
2006-12-27 06:00:00,,,,,0.0,,,,,0.0,0.0,66,,,1016.6,,,,,,,,,1011.3,0.0,,12.5,,,,19.1,,,,,,,,,,,,,,20,10,11.2,15.7,,20,,,11.8,
2006-12-27 07:00:00,,,,,0.0,,,,,0.0,0.0,63,,,1017.2,,,,,,,,,1011.9,0.0,,12.0,,,,19.1,,,,,,,,,,,,,,20,20,10.9,14.9,,20,,,11.8,
2006-12-27 08:00:00,,0.0,,,0.17,,,,,0.0,0.0,62,,,1017.5,,,,,,,,,1012.2,0.8,,12.3,,,,19.9,,,,,,,,,,30.0,,,,20,20,11.1,15.6,,30,,,11.6,
2006-12-27 09:00:00,,0.0,,,0.68,,,,,0.0,0.0,62,,,1017.5,,,,,,,,,1012.2,1.0,,13.3,,,,20.8,,,,,,,,,,30.0,,,,20,20,10.2,14.7,,20,,,11.0,
2006-12-27 10:00:00,,,,,1.2,,,,,0.0,0.0,61,,,1017.4,,,,,,,,,1012.1,1.0,,13.5,,,,21.2,,,,,,,,,,,,,,20,20,9.4,14.0,,20,,,10.3,
2006-12-27 11:00:00,,0.0,,,1.5,,,,,0.0,0.0,60,,,1016.8,,,,,,,,,1011.5,1.0,,13.5,,,,21.7,,,,,,,,,,30.0,,,,10,20,8.9,12.8,,20,,,9.7,
2006-12-27 12:00:00,,,,,1.8,,,,,0.0,0.0,61,,,1016.0,,,,,,,,,1010.7,1.0,,13.7,,,,21.6,,,,,,,,,,,,,,10,10,8.8,12.1,,10,,,8.8,
2006-12-27 13:00:00,,,,,1.8,,,,,0.0,0.0,60,,,1015.3,,,,,,,,,1010.0,1.0,,13.2,,,,21.4,,,,,,,,,,,,,,10,10,9.9,13.3,,10,,,9.9,
2006-12-27 14:00:00,,0.0,,,1.61,,,,,0.0,0.0,59,,,1014.7,,,,,,,,,1009.4,1.0,,12.8,,,,21.2,,,,,,,,,,30.0,,,,10,360,10.9,15.3,,10,,,11.2,
2006-12-27 15:00:00,,,,,1.2,,,,,0.0,0.0,61,,,1014.8,,,,,,,,,1009.5,1.0,,13.4,,,,21.2,,,,,,,,,,,,,,10,10,9.7,14.5,,10,,,11.4,
2006-12-27 16:00:00,,,,,0.7,,,,,0.0,0.0,61,,,1015.1,,,,,,,,,1009.8,1.0,,13.2,,,,20.9,,,,,,,,,,,,,,10,20,9.9,14.7,,10,,,10.5,
2006-12-27 17:00:00,,2.0,,,0.25,,,,,0.0,0.0,64,,,1015.8,,,,,,,,,1010.5,0.6,,13.1,,,,20.2,,,,,,,,,,30.0,,,,20,10,11.0,14.9,,20,,,11.0,
2006-12-27 18:00:00,,,,,0.0,,,,,0.0,0.0,64,,,1016.4,,,,,,,,,1011.1,0.0,,12.9,,,,19.9,,,,,,,,,,,,,,20,10,11.4,16.1,,20,,,11.8,
2006-12-27 19:00:00,,,,,0.0,,,,,0.0,0.0,67,,,1016.8,,,,,,,,,1011.5,0.0,,13.2,,,,19.6,,,,,,,,,,,,,,20,10,11.7,16.9,,20,,,12.1,
2006-12-27 20:00:00,,,,,0.0,,,,,0.0,0.0,66,,,1017.3,,,,,,,,,1012.0,,,13.3,,,,19.8,,,,,,,,,,,,,,20,20,11.6,16.8,,20,,,12.8,
2006-12-27 21:00:00,,,,,0.0,,,,,0.0,0.0,68,,,1017.5,,,,,,,,,1012.2,,,13.7,,,,19.7,,,,,,,,,,,,,,20,30,12.1,16.8,,20,,,12.6,
2006-12-27 22:00:00,,,,,0.0,,,,,0.0,0.0,68,,,1017.6,,,,,,,,,1012.3,,,13.6,,,,19.7,,,,,,,,,,,,,,20,30,12.5,16.5,,20,,,12.7,
2006-12-27 23:00:00,,,,,0.0,,,,,0.0,0.0,67,,,1017.6,,,,,,,,,1012.3,,,13.7,,,,20.1,,,,,,,,,,,,,,20,30,11.5,17.1,,30,,,13.4,
2006-12-28 00:00:00,,,,,0.0,,,,,0.0,0.0,65,,,1017.7,,,,,,,,,1012.4,,,13.2,,,,19.9,,,,,,,,,,,,,,20,20,11.3,16.3,,20,,,12.7,
2006-12-28 01:00:00,,,,,0.0,,,,,0.0,0.0,68,,,1017.7,,,,,,,,,1012.4,,,13.7,,,,19.7,,,,,,,,,,,,,,10,360,11.9,16.5,,20,,,12.6,
2006-12-28 02:00:00,,,,,0.0,,,,,0.0,0.0,68,,,1017.4,,,,,,,,,1012.1,,,13.4,,,,19.5,,,,,,,,,,,,,,10,10,12.6,17.1,,10,,,12.6,
2006-12-28 03:00:00,,,,,0.0,,,,,0.0,0.0,66,,,1017.5,,,,,,,,,1012.2,,,12.9,,,,19.4,,,,,,,,,,,,,,10,10,13.2,19.1,,10,,,13.5,
2006-12-28 04:00:00,,,,,0.0,,,,,0.0,0.0,66,,,1017.7,,,,,,,,,1012.4,,,12.9,,,,19.4,,,,,,,,,,,,,,20,10,12.7,18.6,,10,,,14.1,
2006-12-28 05:00:00,,,,,0.0,,,,,0.0,0.0,65,,,1018.5,,,,,,,,,1013.2,,,12.7,,,,19.5,,,,,,,,,,,,,,10,10,10.5,18.3,,10,,,13.1,
2006-12-28 06:00:00,,,,,0.0,,,,,0.0,0.0,65,,,1019.0,,,,,,,,,1013.7,0.0,,12.9,,,,19.7,,,,,,,,,,,,,,10,360,11.8,17.0,,10,,,12.1,
2006-12-28 07:00:00,,,,,0.0,,,,,0.0,0.0,63,,,1019.5,,,,,,,,,1014.2,0.0,,12.2,,,,19.3,,,,,,,,,,,,,,10,10,12.3,17.6,,10,,,12.4,
2006-12-28 08:00:00,,10.0,,,0.0,,,,,0.0,0.0,68,,,1019.9,,,,,,,,,1014.6,0.0,,13.3,,,,19.4,,,,,,,,,,20.0,,,,20,20,13.7,18.6,,20,,,13.9,
2006-12-28 09:00:00,,10.0,,,0.1,,,,,0.0,0.0,69,,,1021.1,,,,,,,,,1015.7,0.0,,13.6,,,,19.5,,,,,,,,,,20.0,,,,20,20,13.3,20.2,,10,,,14.1,
2006-12-28 10:00:00,,,,,0.37,,,,,0.0,0.0,68,,,1020.9,,,,,,,,,1015.6,0.0,,13.8,,,,19.9,,,,,,,,,,,,,,20,30,14.9,20.4,,20,,,14.9,
2006-12-28 11:00:00,,10.0,,,0.66,,,,,0.0,0.0,68,,,1020.9,,,,,,,,,1015.5,0.1,,13.4,,,,19.4,,,,,,,,,,20.0,,,,10,10,15.8,21.6,,10,,,15.8,
2006-12-28 12:00:00,,,,,0.8,,,,,0.0,0.0,68,,,1020.1,,,,,,,,,1014.8,0.1,,13.4,,,,19.4,,,,,,,,,,,,,,10,10,15.1,21.9,,20,,,16.0,
2006-12-28 13:00:00,,,,,0.47,,,,,0.0,0.0,70,,,1019.4,,,,,,,,,1014.0,0.0,,13.3,,,,18.9,,,,,,,,,,,,,,20,10,15.6,22.8,,20,,,17.1,
2006-12-28 14:00:00,,10.0,,,0.61,,,,,0.0,0.0,69,,,1019.3,,,,,,,,,1013.9,0.0,,13.1,,,,18.8,,,,,,,,,,10.0,,,,20,20,16.1,24.1,,20,,,17.6,
2006-12-28 15:00:00,,,,,0.67,,,,,0.0,0.0,69,,,1018.9,,,,,,,,,1013.5,0.1,,12.5,,,,18.2,,,,,,,,,,,,,,20,20,17.1,23.4,,20,,,17.2,
2006-12-28 16:00:00,,,,,0.46,,,,,0.0,0.0,71,,,1019.2,,,,,,,,,1013.8,0.2,,12.6,,,,18.0,,,,,,,,,,,,,,20,20,17.3,24.4,,20,,,17.9,
2006-12-28 17:00:00,,10.0,,,0.01,,,,,0.0,0.0,70,,,1019.8,,,,,,,,,1014.4,0.0,,12.0,,,,17.6,,,,,,,,,,10.0,,,,20,30,17.0,23.5,,20,,,18.1,
2006-12-28 18:00:00,,,,,0.0,,,,,0.0,0.0,70,,,1020.2,,,,,,,,,1014.8,0.0,,11.6,,,,17.2,,,,,,,,,,,,,,20,10,18.0,24.0,,20,,,18.0,
2006-12-28 19:00:00,,,,,0.0,,,,,0.0,0.0,69,,,1021.1,,,,,,,,,1015.7,0.0,,11.6,,,,17.3,,,,,,,,,,,,,,20,20,17.5,23.6,,20,,,18.1,
2006-12-28 20:00:00,,,,,0.0,,,,,0.0,0.0,69,,,1021.8,,,,,,,,,1016.4,,,11.5,,,,17.2,,,,,,,,,,,,,,20,30,17.5,24.0,,20,,,17.6,
2006-12-28 21:00:00,,,,,0.0,,,,,0.0,0.0,67,,,1022.0,,,,,,,,,1016.6,,,11.2,,,,17.3,,,,,,,,,,,,,,20,30,17.9,25.0,,20,,,18.8,
2006-12-28 22:00:00,,,,,0.0,,,,,0.0,0.0,69,,,1022.1,,,,,,,,,1016.7,,,11.3,,,,17.1,,,,,,,,,,,,,,20,20,18.0,26.1,,20,,,19.2,
2006-12-28 23:00:00,,,,,0.0,,,,,0.0,0.0,68,,,1021.9,,,,,,,,,1016.5,,,10.9,,,,16.9,,,,,,,,,,,,,,20,30,18.3,26.9,,20,,,18.9,
2006-12-29 00:00:00,,,,,0.0,,,,,0.0,0.0,69,,,1021.8,,,,,,,,,1016.4,,,11.1,,,,16.9,,,,,,,,,,,,,,20,10,19.3,28.4,,20,,,19.8,
2006-12-29 01:00:00,,,,,0.0,,,,,0.0,0.0,68,,,1021.7,,,,,,,,,1016.3,,,10.8,,,,16.7,,,,,,,,,,,,,,20,20,18.7,26.8,,20,,,19.3,
2006-12-29 02:00:00,,,,,0.0,,,,,0.0,0.0,68,,,1021.2,,,,,,,,,1015.8,,,10.5,,,,16.5,,,,,,,,,,,,,,20,30,18.5,26.5,,20,,,19.4,
2006-12-29 03:00:00,,,,,0.0,,,,,0.0,0.0,67,,,1021.6,,,,,,,,,1016.2,,,10.6,,,,16.7,,,,,,,,,,,,,,20,20,17.1,24.6,,20,,,18.7,
2006-12-29 04:00:00,,,,,0.0,,,,,0.0,0.0,67,,,1021.3,,,,,,,,,1015.9,,,10.4,,,,16.5,,,,,,,,,,,,,,20,20,17.4,25.6,,20,,,18.8,
2006-12-29 05:00:00,,,,,0.0,,,,,0.0,0.0,67,,,1021.9,,,,,,,,,1016.5,,,10.3,,,,16.4,,,,,,,,,,,,,,20,360,17.1,25.0,,20,,,18.4,
2006-12-29 06:00:00,,,,,0.0,,,,,0.0,0.0,69,,,1022.3,,,,,,,,,1016.9,0.0,,10.9,,,,16.5,,,,,,,,,,,,,,10,10,16.6,24.9,,20,,,18.1,
2006-12-29 07:00:00,,,,,0.0,,,,,0.0,0.0,68,,,1022.8,,,,,,,,,1017.4,0.0,,10.6,,,,16.6,,,,,,,,,,,,,,20,20,17.3,25.3,,20,,,18.1,
2006-12-29 08:00:00,,10.0,,,0.02,,,,,0.0,0.0,69,,,1023.6,,,,,,,,,1018.2,0.0,,11.0,,,,16.7,,,,,,,,,,15.0,,,,10,10,17.2,26.5,,10,,,18.8,
2006-12-29 09:00:00,,9.0,,,0.58,,,,,0.0,0.0,67,,,1024.6,,,,,,,,,1019.2,0.4,,11.2,,,,17.3,,,,,,,,,,15.0,,,,20,360,16.1,25.0,,10,,,17.9,
2006-12-29 10:00:00,,,,,0.66,,,,,0.0,0.0,65,,,1025.0,,,,,,,,,1019.6,0.2,,10.9,,,,17.5,,,,,,,,,,,,,,20,10,15.7,22.9,,20,,,16.8,
2006-12-29 11:00:00,,8.0,,,0.79,,,,,0.0,0.0,65,,,1024.2,,,,,,,,,1018.8,0.1,,11.1,,,,17.7,,,,,,,,,,15.0,,,,20,20,15.4,22.0,,20,,,17.1,
2006-12-29 12:00:00,,,,,1.04,,,,,0.0,0.0,64,,,1022.8,,,,,,,,,1017.4,0.3,,10.9,,,,17.7,,,,,,,,,,,,,,20,360,16.0,23.5,,20,,,16.8,
2006-12-29 13:00:00,,,,,1.31,,,,,0.0,0.0,66,,,1021.8,,,,,,,,,1016.4,0.6,,11.4,,,,17.9,,,,,,,,,,,,,,20,20,14.9,21.8,,20,,,16.3,
2006-12-29 14:00:00,,10.0,,,0.78,,,,,0.0,0.0,63,,,1021.1,,,,,,,,,1015.7,0.2,,10.4,,,,17.5,,,,,,,,,,15.0,,,,20,10,14.9,22.4,,10,,,15.6,
2006-12-29 15:00:00,,,,,0.9,,,,,0.0,0.0,65,,,1020.6,,,,,,,,,1015.2,0.5,,11.1,,,,17.7,,,,,,,,,,,,,,20,10,14.9,22.0,,10,,,16.2,
2006-12-29 16:00:00,,,,,0.46,,,,,0.0,0.0,65,,,1020.5,,,,,,,,,1015.1,0.5,,11.2,,,,17.9,,,,,,,,,,,,,,20,10,14.8,21.3,,20,,,16.2,
2006-12-29 17:00:00,,3.0,,,0.12,,,,,0.0,0.0,64,,,1020.8,,,,,,,,,1015.4,0.2,,10.7,,,,17.7,,,,,,,,,,15.0,,,,20,20,13.8,21.4,,20,,,15.4,
2006-12-29 18:00:00,,,,,0.0,,,,,0.0,0.0,64,,,1021.3,,,,,,,,,1015.9,0.0,,10.6,,,,17.6,,,,,,,,,,,,,,20,20,13.5,19.2,,20,,,14.2,
2006-12-29 19:00:00,,,,,0.0,,,,,0.0,0.0,66,,,1021.5,,,,,,,,,1016.1,0.0,,11.2,,,,17.6,,,,,,,,,,,,,,20,30,13.7,19.5,,20,,,14.0,
2006-12-29 20:00:00,,,,,0.0,,,,,0.0,0.0,67,,,1022.2,,,,,,,,,1016.8,,,11.4,,,,17.6,,,,,,,,,,,,,,20,30,12.7,17.9,,20,,,13.7,
2006-12-29 21:00:00,,,,,0.0,,,,,0.0,0.0,66,,,1022.6,,,,,,,,,1017.2,,,11.4,,,,17.9,,,,,,,,,,,,,,20,30,10.7,16.1,,20,,,12.3,
2006-12-29 22:00:00,,,,,0.0,,,,,0.0,0.0,65,,,1023.1,,,,,,,,,1017.7,,,11.7,,,,18.4,,,,,,,,,,,,,,20,20,7.0,13.2,,20,,,10.7,
2006-12-29 23:00:00,,,,,0.0,,,,,0.0,0.0,65,,,1022.8,,,,,,,,,1017.4,,,11.7,,,,18.4,,,,,,,,,,,,,,20,20,7.6,11.5,,20,,,8.7,
2006-12-30 00:00:00,,,,,0.0,,,,,0.0,0.0,66,,,1022.2,,,,,,,,,1016.8,,,11.7,,,,18.2,,,,,,,,,,,,,,10,20,7.3,10.8,,20,,,7.8,
2006-12-30 01:00:00,,,,,0.0,,,,,0.0,0.0,68,,,1021.3,,,,,,,,,1015.9,,,12.1,,,,18.1,,,,,,,,,,,,,,20,20,8.4,12.3,,20,,,8.8,
2006-12-30 02:00:00,,,,,0.0,,,,,0.0,0.0,67,,,1020.9,,,,,,,,,1015.5,,,11.8,,,,18.0,,,,,,,,,,,,,,10,20,9.2,12.4,,10,,,9.2,
2006-12-30 03:00:00,,,,,0.0,,,,,0.0,0.0,67,,,1020.9,,,,,,,,,1015.5,,,11.8,,,,18.1,,,,,,,,,,,,,,10,360,8.8,12.2,,10,,,9.0,
2006-12-30 04:00:00,,,,,0.0,,,,,0.0,0.0,65,,,1021.0,,,,,,,,,1015.6,,,11.4,,,,18.0,,,,,,,,,,,,,,10,10,6.5,10.9,,10,,,8.8,
2006-12-30 05:00:00,,,,,0.0,,,,,0.0,0.0,66,,,1021.0,,,,,,,,,1015.6,,,11.6,,,,18.1,,,,,,,,,,,,,,10,10,6.3,10.5,,10,,,7.5,
2006-12-30 06:00:00,,,,,0.0,,,,,0.0,0.0,66,,,1021.5,,,,,,,,,1016.1,0.0,,11.9,,,,18.3,,,,,,,,,,,,,,20,10,5.5,8.9,,10,,,6.7,
2006-12-30 07:00:00,,,,,0.0,,,,,0.0,0.0,65,,,1021.9,,,,,,,,,1016.5,0.0,,11.8,,,,18.4,,,,,,,,,,,,,,10,10,5.2,8.4,,10,,,6.0,
2006-12-30 08:00:00,,10.0,,,0.0,,,,,0.0,0.0,69,,,1022.0,,,,,,,,,1016.6,0.0,,13.0,,,,18.8,,,,,,,,,,20.0,,,,10,10,5.7,8.6,,10,,,5.9,
2006-12-30 09:00:00,,10.0,,,0.0,,,,,0.0,0.0,66,,,1022.6,,,,,,,,,1017.2,0.0,,12.7,,,,19.3,,,,,,,,,,20.0,,,,20,10,5.7,8.7,,10,,,6.4,
2006-12-30 10:00:00,,,,,0.0,,,,,0.0,0.0,65,,,1022.5,,,,,,,,,1017.1,0.0,,12.3,,,,19.0,,,,,,,,,,,,,,20,360,6.3,9.7,,10,,,7.1,
2006-12-30 11:00:00,,10.0,,,0.07,,,,,0.0,0.0,66,,,1022.3,,,,,,,,,1016.9,0.0,,12.8,,,,19.3,,,,,,,,,,20.0,,,,20,360,5.9,8.6,,20,,,6.6,
2006-12-30 12:00:00,,,,,0.49,,,,,0.0,0.0,64,,,1021.5,,,,,,,,,1016.2,0.0,,12.8,,,,19.9,,,,,,,,,,,,,,20,360,6.5,9.3,,10,,,6.8,
2006-12-30 13:00:00,,,,,0.6,,,,,0.0,0.0,66,,,1020.8,,,,,,,,,1015.4,0.0,,12.7,,,,19.3,,,,,,,,,,,,,,30,20,6.4,8.9,,20,,,6.6,
2006-12-30 14:00:00,,10.0,,,0.4,,,,,0.0,0.0,64,,,1020.6,,,,,,,,,1015.2,0.0,,12.4,,,,19.3,,,,,,,,,,20.0,,,,30,20,4.9,9.7,,20,,,6.6,
2006-12-30 15:00:00,,,,,0.23,,,,,0.0,0.0,63,,,1020.0,,,,,,,,,1014.7,0.0,,12.3,,,,19.5,,,,,,,,,,,,,,30,20,5.3,7.9,,30,,,6.1,
2006-12-30 16:00:00,,,,,0.05,,,,,0.0,0.0,67,,,1020.2,,,,,,,,,1014.9,0.0,,13.2,,,,19.5,,,,,,,,,,,,,,20,30,5.7,8.3,,30,,,6.0,
2006-12-30 17:00:00,,10.0,,,0.0,,,,,0.0,0.0,71,,,1020.7,,,,,,,,,1015.3,0.0,,14.0,,,,19.4,,,,,,,,,,20.0,,,,20,350,6.6,10.5,,20,,,7.3,
2006-12-30 18:00:00,,,,,0.0,,,,,0.0,0.0,77,,,1020.6,,,,,,,,,1015.2,0.0,,14.4,,,,18.5,,,,,,,,,,,,,,10,10,9.8,13.2,,10,,,9.9,
2006-12-30 19:00:00,,,,,0.0,,,,,0.0,0.0,77,,,1021.4,,,,,,,,,1016.0,0.0,,14.4,,,,18.5,,,,,,,,,,,,,,10,10,9.5,13.6,,10,,,10.4,
2006-12-30 20:00:00,,,,,0.0,,,,,0.0,0.0,76,,,1022.1,,,,,,,,,1016.7,,,14.1,,,,18.4,,,,,,,,,,,,,,360,10,10.1,14.6,,10,,,10.4,
2006-12-30 21:00:00,,,,,0.0,,,,,0.0,0.0,77,,,1022.1,,,,,,,,,1016.7,,,14.3,,,,18.4,,,,,,,,,,,,,,360,10,9.6,14.3,,360,,,10.1,
2006-12-30 22:00:00,,,,,0.0,,,,,0.0,0.0,76,,,1022.2,,,,,,,,,1016.8,,,14.5,,,,18.8,,,,,,,,,,,,,,10,360,9.1,12.8,,360,,,10.1,
2006-12-30 23:00:00,,,,,0.0,,,,,0.0,0.0,76,,,1021.9,,,,,,,,,1016.5,,,14.4,,,,18.7,,,,,,,,,,,,,,360,10,8.2,12.8,,10,,,9.7,
2006-12-31 00:00:00,,,,,0.0,,,,,0.0,0.0,77,,,1021.6,,,,,,,,,1016.2,,,14.7,,,,18.8,,,,,,,,,,,,,,360,360,8.5,11.8,,360,,,8.5,
2006-12-31 01:00:00,,,,,0.0,,,,,0.0,0.0,75,,,1021.1,,,,,,,,,1015.7,,,14.9,,,,19.4,,,,,,,,,,,,,,10,360,7.4,12.3,,360,,,8.6,
2006-12-31 02:00:00,,,,,0.0,,,,,0.0,0.0,77,,,1020.1,,,,,,,,,1014.8,,,15.3,,,,19.5,,,,,,,,,,,,,,10,360,8.7,12.0,,10,,,9.1,
2006-12-31 03:00:00,,,,,0.0,,,,,0.0,0.0,75,,,1019.9,,,,,,,,,1014.5,,,14.4,,,,19.0,,,,,,,,,,,,,,20,20,8.4,10.9,,10,,,8.8,
2006-12-31 04:00:00,,,,,0.0,,,,,0.0,0.0,68,,,1019.5,,,,,,,,,1014.1,,,12.8,,,,18.9,,,,,,,,,,,,,,20,30,8.3,10.9,,30,,,8.4,
2006-12-31 05:00:00,,,,,0.0,,,,,0.0,0.0,69,,,1019.8,,,,,,,,,1014.4,,,13.2,,,,19.1,,,,,,,,,,,,,,30,30,7.3,10.9,,30,,,8.2,
2006-12-31 06:00:00,,,,,0.0,,,,,0.0,0.0,69,,,1020.6,,,,,,,,,1015.2,0.0,,13.4,,,,19.3,,,,,,,,,,,,,,30,20,7.6,10.4,,20,,,8.1,
2006-12-31 07:00:00,,,,,0.0,,,,,0.0,0.0,71,,,1020.7,,,,,,,,,1015.4,0.0,,14.2,,,,19.6,,,,,,,,,,,,,,20,30,8.8,11.4,,20,,,8.8,
2006-12-31 08:00:00,,10.0,,,0.0,,,,,0.0,0.0,71,,,1021.4,,,,,,,,,1016.1,0.0,,14.4,,,,19.9,,,,,,,,,,30.0,,,,20,20,8.9,12.7,,20,,,9.8,
2006-12-31 09:00:00,,10.0,,,0.09,,,,,0.0,0.0,70,,,1022.6,,,,,,,,,1017.3,0.0,,14.6,,,,20.2,,,,,,,,,,30.0,,,,10,360,10.1,13.9,,10,,,10.5,
2006-12-31 10:00:00,,,,,0.58,,,,,0.0,0.0,70,,,1022.4,,,,,,,,,1017.1,0.1,,14.6,,,,20.2,,,,,,,,,,,,,,10,10,10.7,14.6,,10,,,10.7,
2006-12-31 11:00:00,,10.0,,,0.68,,,,,0.0,0.0,72,,,1022.0,,,,,,,,,1016.7,0.1,,15.2,,,,20.5,,,,,,,,,,30.0,,,,10,10,10.3,15.4,,10,,,11.3,
2006-12-31 12:00:00,,,,,0.65,,,,,0.0,0.0,75,,,1021.0,,,,,,,,,1015.7,0.0,,15.4,,,,19.9,,,,,,,,,,,,,,10,360,11.6,16.5,,10,,,12.8,
2006-12-31 13:00:00,,,,,0.6,,,,,0.0,0.0,77,,,1019.8,,,,,,,,,1014.5,0.0,,15.7,,,,19.8,,,,,,,,,,,,,,10,10,11.2,15.7,,10,,,12.1,
2006-12-31 14:00:00,,10.0,,,0.65,,,,,0.0,0.0,77,,,1019.4,,,,,,,,,1014.1,0.1,,15.3,,,,19.5,,,,,,,,,,30.0,,,,10,10,11.7,16.8,,10,,,13.2,
2006-12-31 15:00:00,,,,,0.6,,,,,0.0,0.0,76,,,1019.1,,,,,,,,,1013.8,0.1,,15.2,,,,19.5,,,,,,,,,,,,,,10,360,10.4,15.4,,10,,,11.9,
2006-12-31 16:00:00,,,,,0.12,,,,,0.0,0.0,77,,,1019.9,,,,,,,,,1014.6,0.0,,15.2,,,,19.4,,,,,,,,,,,,,,10,10,10.4,15.4,,10,,,11.4,
2006-12-31 17:00:00,,10.0,,,0.0,,,,,0.0,0.0,79,,,1020.5,,,,,,,,,1015.1,0.0,,15.1,,,,18.8,,,,,,,,,,20.0,,,,360,360,11.7,15.9,,360,,,11.9,
2006-12-31 18:00:00,,,,,0.0,,,,,0.0,0.0,79,,,1020.7,,,,,,,,,1015.3,0.0,,14.6,,,,18.4,,,,,,,,,,,,,,10,360,10.3,15.5,,360,,,12.3,
2006-12-31 19:00:00,,,,,0.0,,,,,0.0,0.0,80,,,1020.4,,,,,,,,,1015.0,0.0,,15.1,,,,18.6,,,,,,,,,,,,,,20,30,10.2,13.1,,10,,,10.4,
2006-12-31 20:00:00,,,,,0.0,,,,,0.0,0.0,79,,,1020.7,,,,,,,,,1015.3,,,14.9,,,,18.6,,,,,,,,,,,,,,20,20,9.7,13.9,,20,,,10.7,
2006-12-31 21:00:00,,,,,0.0,,,,,0.0,0.0,78,,,1020.9,,,,,,,,,1015.5,,,15.1,,,,19.0,,,,,,,,,,,,,,10,10,9.6,13.9,,10,,,10.9,
2006-12-31 22:00:00,,,,,0.0,,,,,0.0,0.0,78,,,1021.1,,,,,,,,,1015.7,,,15.0,,,,18.9,,,,,,,,,,,,,,10,360,9.9,14.2,,10,,,10.6,
2006-12-31 23:00:00,,,,,0.0,,,,,0.0,0.0,79,,,1020.9,,,,,,,,,1015.5,,,14.9,,,,18.7,,,,,,,,,,,,,,10,10,9.2,14.2,,10,,,10.9,
2007-01-01 00:00:00,,,,,0.0,,,,,0.0,0.0,79,,,1020.4,,,,,,,,,1015.0,,,15.0,,,,18.8,,,,,,,,,,,,,,360,360,10.1,13.6,,360,,,10.2,
