,StnPres,SeaPres,StnPresMax,StnPresMaxTime,StnPresMin,StnPresMinTime,Tx,TxMaxAbs,TxMaxAbsTime,TxMinAbs,TxMinAbsTime,Td,RH,RHMin,RHMinTime,WS,WD,WSGust,WDGust,WGustTime,Precp,PrecpHour,PrecpMax10,PrecpMax10Time,PrecpMax60,PrecpMax60Time,SunShine,SunShineRate,GloblRad,EvapA,TxSoil0cm,TxSoil5cm,TxSoil10cm,TxSoil20cm,TxSoil50cm,TxSoil100cm,AirTemperature.DailyRangef,AirTemperature.MaximumTimef,AirTemperature.Maximumf,AirTemperature.Meanf,AirTemperature.MinimumTimef,AirTemperature.Minimumf,CloudAmount,CloudAmountSat,DewPointTemperature.Maximum,DewPointTemperature.MaximumTime,DewPointTemperature.MaximumTimef,DewPointTemperature.Maximumf,DewPointTemperature.Meanf,DewPointTemperature.Minimum,DewPointTemperature.MinimumTime,DewPointTemperature.MinimumTimef,DewPointTemperature.Minimumf,EvaporationClassAPan.Accumulationf,GlobalSolarRadiation.Accumulationf,GlobalSolarRadiation.HourlyMaximumTimef,GlobalSolarRadiation.HourlyMaximumf,GloblRadMax,GloblRadMaxTime,PeakGust.Directionf,PeakGust.MaximumTimef,PeakGust.Maximumf,Precipitation.Accumulationf,Precipitation.HourlyMaximum,Precipitation.HourlyMaximumTime,Precipitation.HourlyMaximumTimef,Precipitation.HourlyMaximumf,Precipitation.SixtyMinutelyMaximumTimef,Precipitation.SixtyMinutelyMaximumf,Precipitation.TenMinutelyMaximumTimef,Precipitation.TenMinutelyMaximumf,PrecipitationDuration.Totalf,RelativeHumidity.Maximum,RelativeHumidity.MaximumTime,RelativeHumidity.MaximumTimef,RelativeHumidity.Maximumf,RelativeHumidity.Meanf,RelativeHumidity.MinimumTimef,RelativeHumidity.Minimumf,SeaLevelPressure.Maximum,SeaLevelPressure.MaximumTime,SeaLevelPressure.MaximumTimef,SeaLevelPressure.Maximumf,SeaLevelPressure.Meanf,SeaLevelPressure.Minimum,SeaLevelPressure.MinimumTime,SeaLevelPressure.MinimumTimef,SeaLevelPressure.Minimumf,SoilTemperatureAt0cm.Meanf,SoilTemperatureAt100cm.Meanf,SoilTemperatureAt10cm.Meanf,SoilTemperatureAt20cm.Meanf,SoilTemperatureAt30cm.Meanf,SoilTemperatureAt50cm.Meanf,SoilTemperatureAt5cm.Meanf,StationPressure.MaximumTimef,StationPressure.Maximumf,StationPressure.Meanf,StationPressure.MinimumTimef,StationPressure.Minimumf,SunshineDuration.Ratef,SunshineDuration.Totalf,TotalCloudAmount.Meanf,TotalCloudAmount.SatRetrievedMeanf,TxRange,TxSoil30cm,UVIMax,UVIMaxTime,UVIndex.MaximumTimef,UVIndex.Maximumf,VisbAutoMean,VisbMean,Visibility.AutoMeanf,Visibility.Meanf,WindDirection.CountForCode00,WindDirection.CountForCode00f,WindDirection.CountForCode01,WindDirection.CountForCode01f,WindDirection.CountForCode02,WindDirection.CountForCode02f,WindDirection.CountForCode03,WindDirection.CountForCode03f,WindDirection.CountForCode04,WindDirection.CountForCode04f,WindDirection.CountForCode05,WindDirection.CountForCode05f,WindDirection.CountForCode06,WindDirection.CountForCode06f,WindDirection.CountForCode07,WindDirection.CountForCode07f,WindDirection.CountForCode08,WindDirection.CountForCode08f,WindDirection.CountForCode09,WindDirection.CountForCode09f,WindDirection.CountForCode10,WindDirection.CountForCode10f,WindDirection.CountForCode11,WindDirection.CountForCode11f,WindDirection.CountForCode12,WindDirection.CountForCode12f,WindDirection.CountForCode13,WindDirection.CountForCode13f,WindDirection.CountForCode14,WindDirection.CountForCode14f,WindDirection.CountForCode15,WindDirection.CountForCode15f,WindDirection.CountForCode16,WindDirection.CountForCode16f,WindDirection.CountForCode17,WindDirection.CountForCode17f,WindDirection.CountForCode18,WindDirection.CountForCode18f,WindDirection.CountForCode19,WindDirection.CountForCode19f,WindDirection.CountForCode20,WindDirection.CountForCode20f,WindDirection.CountForCode21,WindDirection.CountForCode21f,WindDirection.CountForCode22,WindDirection.CountForCode22f,WindDirection.CountForCode23,WindDirection.CountForCode23f,WindDirection.CountForCode24,WindDirection.CountForCode24f,WindDirection.CountForCode25,WindDirection.CountForCode25f,WindDirection.CountForCode26,WindDirection.CountForCode26f,WindDirection.CountForCode27,WindDirection.CountForCode27f,WindDirection.CountForCode28,WindDirection.CountForCode28f,WindDirection.CountForCode29,WindDirection.CountForCode29f,WindDirection.CountForCode30,WindDirection.CountForCode30f,WindDirection.CountForCode31,WindDirection.CountForCode31f,WindDirection.CountForCode32,WindDirection.CountForCode32f,WindDirection.CountForCode33,WindDirection.CountForCode33f,WindDirection.CountForCode34,WindDirection.CountForCode34f,WindDirection.CountForCode35,WindDirection.CountForCode35f,WindDirection.CountForCode36,WindDirection.CountForCode36f,WindDirection.CountForCode99,WindDirection.CountForCode99f,WindDirection.Prevailingf,WindDirection.TenMinutelyMaximum,WindDirection.TenMinutelyMaximumf,WindSpeed.Meanf,WindSpeed.TenMinutelyMaximum,WindSpeed.TenMinutelyMaximumTime,WindSpeed.TenMinutelyMaximumTimef,WindSpeed.TenMinutelyMaximumf,WindSpeed.TotalForCode00,WindSpeed.TotalForCode00f,WindSpeed.TotalForCode01,WindSpeed.TotalForCode01f,WindSpeed.TotalForCode02,WindSpeed.TotalForCode02f,WindSpeed.TotalForCode03,WindSpeed.TotalForCode03f,WindSpeed.TotalForCode04,WindSpeed.TotalForCode04f,WindSpeed.TotalForCode05,WindSpeed.TotalForCode05f,WindSpeed.TotalForCode06,WindSpeed.TotalForCode06f,WindSpeed.TotalForCode07,WindSpeed.TotalForCode07f,WindSpeed.TotalForCode08,WindSpeed.TotalForCode08f,WindSpeed.TotalForCode09,WindSpeed.TotalForCode09f,WindSpeed.TotalForCode10,WindSpeed.TotalForCode10f,WindSpeed.TotalForCode11,WindSpeed.TotalForCode11f,WindSpeed.TotalForCode12,WindSpeed.TotalForCode12f,WindSpeed.TotalForCode13,WindSpeed.TotalForCode13f,WindSpeed.TotalForCode14,WindSpeed.TotalForCode14f,WindSpeed.TotalForCode15,WindSpeed.TotalForCode15f,WindSpeed.TotalForCode16,WindSpeed.TotalForCode16f,WindSpeed.TotalForCode17,WindSpeed.TotalForCode17f,WindSpeed.TotalForCode18,WindSpeed.TotalForCode18f,WindSpeed.TotalForCode19,WindSpeed.TotalForCode19f,WindSpeed.TotalForCode20,WindSpeed.TotalForCode20f,WindSpeed.TotalForCode21,WindSpeed.TotalForCode21f,WindSpeed.TotalForCode22,WindSpeed.TotalForCode22f,WindSpeed.TotalForCode23,WindSpeed.TotalForCode23f,WindSpeed.TotalForCode24,WindSpeed.TotalForCode24f,WindSpeed.TotalForCode25,WindSpeed.TotalForCode25f,WindSpeed.TotalForCode26,WindSpeed.TotalForCode26f,WindSpeed.TotalForCode27,WindSpeed.TotalForCode27f,WindSpeed.TotalForCode28,WindSpeed.TotalForCode28f,WindSpeed.TotalForCode29,WindSpeed.TotalForCode29f,WindSpeed.TotalForCode30,WindSpeed.TotalForCode30f,WindSpeed.TotalForCode31,WindSpeed.TotalForCode31f,WindSpeed.TotalForCode32,WindSpeed.TotalForCode32f,WindSpeed.TotalForCode33,WindSpeed.TotalForCode33f,WindSpeed.TotalForCode34,WindSpeed.TotalForCode34f,WindSpeed.TotalForCode35,WindSpeed.TotalForCode35f,WindSpeed.TotalForCode36,WindSpeed.TotalForCode36f,WindSpeed.TotalForCode99,WindSpeed.TotalForCode99f
1989-01-01,1021.4,1022.5,1023.1,,1019.3,,20.0,22.2,,17.7,,14.6,72,60,,2.9,45.0,12.9,67.5,,0.1,1.0,-9.8,,0.1,,0.0,0.0,8.35,1.9,19.8,20.3,20.6,21.1,21.6,22.6,,,,,,,8.8,,,,,,,,,,,,,,,1.54,1989-01-01T12:00:00,,,,,,,,,,,,,,,,,,,,,,,,,,,,,,,,,,,,,,,,,,,,,,4.5,21.4,,,,,,17.5,,,0,,,,3,,,,9,,,,,,1,,,,0,,,,0,,,,0,,,,,,0,,,,0,,,,0,,,,0,,,,,,0,,,,0,,,,0,,,,6,,,,,,2,,,,3,,0,,,22.5,,,5.0,,,,0.0,,,,12.2,,,,36.6,,,,,,4.2,,,,0.0,,,,0.0,,,,0.0,,,,,,0.0,,,,0.0,,,,0.0,,,,0.0,,,,,,0.0,,,,0.0,,,,0.0,,,,6.3,,,,,,5.3,,,,4.6,,0.0,
1989-01-02,1020.6,1021.7,1022.4,,1018.7,,20.1,23.8,,16.9,,13.8,67,59,,1.5,315.0,8.2,67.5,,0.0,0.0,0.0,,0.0,,2.6,24.3,11.4,2.6,19.8,20.0,20.1,20.7,21.4,22.7,,,,,,,8.4,,,,,,,,,,,,,,,2.91,1989-01-02T12:00:00,,,,,,,,,,,,,,,,,,,,,,,,,,,,,,,,,,,,,,,,,,,,,,6.9,21.0,,,,,,18.8,,,0,,,,0,,,,4,,,,,,2,,,,0,,,,0,,,,0,,,,,,0,,,,0,,,,0,,,,0,,,,,,0,,,,0,,,,0,,,,13,,,,,,4,,,,1,,0,,,67.5,,,3.9,,,,0.0,,,,0.0,,,,9.6,,,,,,6.0,,,,0.0,,,,0.0,,,,0.0,,,,,,0.0,,,,0.0,,,,0.0,,,,0.0,,,,,,0.0,,,,0.0,,,,0.0,,,,14.8,,,,,,4.0,,,,0.6,,0.0,
1989-01-03,1021.1,1022.2,1022.7,,1019.8,,20.8,23.9,,19.4,,16.4,76,64,,2.0,45.0,9.3,67.5,,0.2,0.3,0.1,,0.2,,2.1,19.6,11.23,-2.3,21.0,20.6,20.6,20.9,21.5,22.7,,,,,,,9.3,,,,,,,,,,,,,,,2.27,1989-01-03T14:00:00,,,,,,,,,,,,,,,,,,,,,,,,,,,,,,,,,,,,,,,,,,,,,,4.5,21.2,,,,,,18.8,,,1,,,,1,,,,7,,,,,,5,,,,0,,,,0,,,,0,,,,,,0,,,,0,,,,0,,,,0,,,,,,0,,,,0,,,,0,,,,5,,,,,,2,,,,3,,0,,,67.5,,,4.9,,,,0.2,,,,1.4,,,,19.1,,,,,,15.9,,,,0.0,,,,0.0,,,,0.0,,,,,,0.0,,,,0.0,,,,0.0,,,,0.0,,,,,,0.0,,,,0.0,,,,0.0,,,,4.6,,,,,,2.6,,,,3.0,,0.0,
1989-01-04,1021.4,1022.5,1023.1,,1020.0,,20.8,22.9,,19.6,,16.9,78,71,,1.8,45.0,10.9,22.5,,0.0,0.0,0.0,,0.0,,0.0,0.0,7.16,1.6,20.5,20.7,20.8,21.3,21.7,22.5,,,,,,,8.9,,,,,,,,,,,,,,,1.33,1989-01-04T11:00:00,,,,,,,,,,,,,,,,,,,,,,,,,,,,,,,,,,,,,,,,,,,,,,3.3,21.5,,,,,,17.9,,,1,,,,2,,,,9,,,,,,0,,,,0,,,,0,,,,0,,,,,,0,,,,0,,,,0,,,,0,,,,,,0,,,,0,,,,0,,,,1,,,,,,7,,,,4,,0,,,45.0,,,4.6,,,,0.1,,,,3.2,,,,27.7,,,,,,0.0,,,,0.0,,,,0.0,,,,0.0,,,,,,0.0,,,,0.0,,,,0.0,,,,0.0,,,,,,0.0,,,,0.0,,,,0.0,,,,0.3,,,,,,6.9,,,,6.1,,0.0,
1989-01-05,1019.9,1021.0,1022.3,,1017.6,,20.4,23.8,,18.9,,17.1,82,68,,1.9,337.5,8.8,45.0,,3.7,3.8,1.3,,1.5,,0.2,1.9,7.96,-1.2,20.8,20.7,21.0,21.2,21.0,22.6,,,,,,,9.6,,,,,,,,,,,,,,,1.84,1989-01-05T12:00:00,,,,,,,,,,,,,,,,,,,,,,,,,,,,,,,,,,,,,,,,,,,,,,4.9,21.5,,,,,,16.6,,,0,,,,1,,,,4,,,,,,6,,,,2,,,,0,,,,0,,,,,,0,,,,0,,,,0,,,,0,,,,,,0,,,,0,,,,0,,,,1,,,,,,8,,,,2,,0,,,90.0,,,4.2,,,,0.0,,,,1.3,,,,10.9,,,,,,15.2,,,,6.9,,,,0.0,,,,0.0,,,,,,0.0,,,,0.0,,,,0.0,,,,0.0,,,,,,0.0,,,,0.0,,,,0.0,,,,0.9,,,,,,8.1,,,,2.3,,0.0,
1989-01-06,1015.7,1016.8,1018.8,,1013.8,,21.3,24.6,,18.8,,18.6,85,69,,0.8,315.0,5.0,337.5,,0.6,1.5,0.4,,0.5,,1.0,9.3,6.51,1.1,21.0,20.8,20.9,21.2,21.8,22.7,,,,,,,9.8,,,,,,,,,,,,,,,1.2,1989-01-06T13:00:00,,,,,,,,,,,,,,,,,,,,,,,,,,,,,,,,,,,,,,,,,,,,,,5.8,21.6,,,,,,15.9,,,6,,,,0,,,,1,,,,,,2,,,,1,,,,0,,,,0,,,,,,0,,,,0,,,,0,,,,0,,,,,,0,,,,0,,,,0,,,,10,,,,,,2,,,,1,,1,,,315.0,,,1.8,,,,1.0,,,,0.0,,,,0.8,,,,,,1.5,,,,1.5,,,,0.0,,,,0.0,,,,,,0.0,,,,0.0,,,,0.0,,,,0.0,,,,,,0.0,,,,0.0,,,,0.0,,,,11.4,,,,,,1.6,,,,0.5,,0.5,
1989-01-07,1012.9,1014.0,1014.7,,1011.0,,23.3,26.7,,19.3,,18.4,74,61,,1.2,315.0,5.4,180.0,,0.0,0.0,0.0,,0.0,,6.6,61.4,16.71,3.3,22.9,22.6,22.3,22.0,21.9,22.7,,,,,,,6.3,,,,,,,,,,,,,,,2.7,1989-01-07T13:00:00,,,,,,,,,,,,,,,,,,,,,,,,,,,,,,,,,,,,,,,,,,,,,,7.4,22.1,,,,,,20.6,,,1,,,,0,,,,0,,,,,,0,,,,0,,,,0,,,,0,,,,,,0,,,,5,,,,3,,,,0,,,,,,0,,,,1,,,,4,,,,8,,,,,,2,,,,0,,0,,,180.0,,,2.7,,,,0.2,,,,0.0,,,,0.0,,,,,,0.0,,,,0.0,,,,0.0,,,,0.0,,,,,,0.0,,,,9.5,,,,5.4,,,,0.0,,,,,,0.0,,,,0.7,,,,4.3,,,,6.7,,,,,,1.4,,,,0.0,,0.0,
1989-01-08,1011.1,1012.2,1012.7,,1009.5,,24.5,28.0,,21.1,,21.2,82,68,,1.2,315.0,5.2,22.5,,0.0,0.0,0.0,,0.0,,5.5,51.2,14.2,2.6,24.0,23.5,23.1,22.9,22.7,22.8,,,,,,,5.4,,,,,,,,,,,,,,,2.65,1989-01-08T13:00:00,,,,,,,,,,,,,,,,,,,,,,,,,,,,,,,,,,,,,,,,,,,,,,6.9,22.9,,,,,,19.4,,,1,,,,2,,,,1,,,,,,0,,,,0,,,,0,,,,3,,,,,,3,,,,3,,,,0,,,,0,,,,,,0,,,,0,,,,2,,,,6,,,,,,2,,,,1,,0,,,22.5,,,2.5,,,,0.2,,,,4.2,,,,1.9,,,,,,0.0,,,,0.0,,,,0.0,,,,3.5,,,,,,5.3,,,,3.8,,,,0.0,,,,0.0,,,,,,0.0,,,,0.0,,,,1.9,,,,4.9,,,,,,0.7,,,,1.2,,0.0,
1989-01-09,1011.9,1013.0,1014.2,,1009.7,,23.8,26.7,,21.9,,20.3,80,71,,1.9,337.5,10.3,67.5,,0.0,0.0,0.0,,0.0,,3.5,32.6,10.35,2.5,23.5,23.4,23.3,23.5,23.2,23.0,,,,,,,7.9,,,,,,,,,,,,,,,2.1,1989-01-09T13:00:00,,,,,,,,,,,,,,,,,,,,,,,,,,,,,,,,,,,,,,,,,,,,,,4.8,23.5,,,,,,19.4,,,0,,,,1,,,,3,,,,,,6,,,,0,,,,0,,,,0,,,,,,0,,,,0,,,,0,,,,0,,,,,,0,,,,0,,,,0,,,,4,,,,,,9,,,,1,,0,,,67.5,,,4.3,,,,0.0,,,,1.9,,,,9.6,,,,,,22.9,,,,0.0,,,,0.0,,,,0.0,,,,,,0.0,,,,0.0,,,,0.0,,,,0.0,,,,,,0.0,,,,0.0,,,,0.0,,,,3.6,,,,,,7.7,,,,0.4,,0.0,
1989-01-10,1013.6,1014.7,1015.2,,1012.2,,23.8,26.9,,20.9,,19.6,78,62,,1.0,315.0,4.8,112.5,,0.0,0.0,0.0,,0.0,,5.6,52.1,15.79,3.3,23.9,23.7,23.4,23.4,23.3,23.3,,,,,,,6.8,,,,,,,,,,,,,,,2.91,1989-01-10T13:00:00,,,,,,,,,,,,,,,,,,,,,,,,,,,,,,,,,,,,,,,,,,,,,,6.0,23.5,,,,,,20.0,,,4,,,,0,,,,0,,,,,,5,,,,0,,,,1,,,,3,,,,,,0,,,,0,,,,0,,,,0,,,,,,0,,,,0,,,,0,,,,6,,,,,,5,,,,0,,0,,,112.5,,,2.9,,,,0.6,,,,0.0,,,,0.0,,,,,,6.0,,,,0.0,,,,2.4,,,,5.5,,,,,,0.0,,,,0.0,,,,0.0,,,,0.0,,,,,,0.0,,,,0.0,,,,0.0,,,,5.0,,,,,,3.8,,,,0.0,,0.0,
1989-01-11,1014.7,1015.8,1016.5,,1013.1,,24.6,28.0,,22.4,,20.1,77,57,,1.3,337.5,8.4,45.0,,0.5,1.0,0.2,,0.3,,6.7,62.0,15.99,-2.5,24.7,24.2,23.9,24.1,23.8,23.5,,,,,,,8.4,,,,,,,,,,,,,,,2.7,1989-01-11T13:00:00,,,,,,,,,,,,,,,,,,,,,,,,,,,,,,,,,,,,,,,,,,,,,,5.6,24.1,,,,,,18.8,,,1,,,,1,,,,2,,,,,,1,,,,6,,,,0,,,,2,,,,,,0,,,,0,,,,0,,,,0,,,,,,0,,,,0,,,,0,,,,4,,,,,,7,,,,0,,0,,,90.0,,,3.0,,,,0.2,,,,1.0,,,,5.2,,,,,,0.3,,,,12.8,,,,0.0,,,,1.8,,,,,,0.0,,,,0.0,,,,0.0,,,,0.0,,,,,,0.0,,,,0.0,,,,0.0,,,,3.6,,,,,,6.0,,,,0.0,,0.0,
1989-01-12,1018.7,1019.8,1021.1,,1016.3,,21.7,23.7,,19.3,,17.0,75,70,,2.2,337.5,13.5,22.5,,0.0,0.0,0.0,,0.0,,0.0,0.0,7.27,3.1,21.6,22.6,22.9,23.6,24.3,23.7,,,,,,,9.9,,,,,,,,,,,,,,,1.71,1989-01-12T13:00:00,,,,,,,,,,,,,,,,,,,,,,,,,,,,,,,,,,,,,,,,,,,,,,4.4,24.1,,,,,,18.1,,,0,,,,0,,,,9,,,,,,0,,,,0,,,,0,,,,0,,,,,,0,,,,0,,,,0,,,,0,,,,,,0,,,,0,,,,0,,,,3,,,,,,10,,,,2,,0,,,45.0,,,5.6,,,,0.0,,,,0.0,,,,35.5,,,,,,0.0,,,,0.0,,,,0.0,,,,0.0,,,,,,0.0,,,,0.0,,,,0.0,,,,0.0,,,,,,0.0,,,,0.0,,,,0.0,,,,2.9,,,,,,11.1,,,,2.2,,0.0,
1989-01-13,1018.9,1020.0,1021.0,,1017.1,,20.5,23.3,,18.9,,16.6,79,69,,1.7,337.5,8.1,45.0,,0.0,0.0,0.0,,0.0,,0.0,0.0,7.1,1.4,20.9,21.4,21.6,22.4,23.3,23.8,,,,,,,10.0,,,,,,,,,,,,,,,1.2,1989-01-13T14:00:00,,,,,,,,,,,,,,,,,,,,,,,,,,,,,,,,,,,,,,,,,,,,,,4.4,23.1,,,,,,21.3,,,0,,,,1,,,,7,,,,,,0,,,,0,,,,0,,,,0,,,,,,0,,,,0,,,,0,,,,0,,,,,,0,,,,0,,,,0,,,,7,,,,,,9,,,,0,,0,,,67.5,,,3.6,,,,0.0,,,,0.9,,,,20.8,,,,,,0.0,,,,0.0,,,,0.0,,,,0.0,,,,,,0.0,,,,0.0,,,,0.0,,,,0.0,,,,,,0.0,,,,0.0,,,,0.0,,,,8.1,,,,,,11.2,,,,0.0,,0.0,
1989-01-14,1019.1,1020.2,1022.4,,1016.3,,17.8,20.1,,15.1,,13.9,78,70,,2.3,337.5,13.7,67.5,,0.6,3.7,0.1,,0.3,,0.0,0.0,4.01,-1.8,18.2,19.6,20.3,21.5,22.7,23.8,,,,,,,10.0,,,,,,,,,,,,,,,0.6,1989-01-14T11:00:00,,,,,,,,,,,,,,,,,,,,,,,,,,,,,,,,,,,,,,,,,,,,,,5.0,22.3,,,,,,17.5,,,0,,,,0,,,,7,,,,,,0,,,,0,,,,0,,,,0,,,,,,0,,,,0,,,,0,,,,0,,,,,,0,,,,0,,,,0,,,,7,,,,,,8,,,,2,,0,,,67.5,,,5.6,,,,0.0,,,,0.0,,,,33.2,,,,,,0.0,,,,0.0,,,,0.0,,,,0.0,,,,,,0.0,,,,0.0,,,,0.0,,,,0.0,,,,,,0.0,,,,0.0,,,,0.0,,,,8.5,,,,,,8.5,,,,4.3,,0.0,
1989-01-15,1022.1,1023.2,1023.6,,1020.5,,17.4,20.5,,14.7,,11.9,70,60,,1.9,315.0,8.9,45.0,,0.1,0.7,0.1,,0.1,,0.0,0.0,6.22,2.2,17.5,18.3,18.9,20.0,21.6,23.5,,,,,,,10.0,,,,,,,,,,,,,,,1.16,1989-01-15T13:00:00,,,,,,,,,,,,,,,,,,,,,,,,,,,,,,,,,,,,,,,,,,,,,,5.8,20.9,,,,,,18.8,,,0,,,,0,,,,5,,,,,,0,,,,0,,,,0,,,,0,,,,,,0,,,,0,,,,0,,,,0,,,,,,0,,,,0,,,,0,,,,13,,,,,,6,,,,0,,0,,,45.0,,,3.7,,,,0.0,,,,0.0,,,,15.9,,,,,,0.0,,,,0.0,,,,0.0,,,,0.0,,,,,,0.0,,,,0.0,,,,0.0,,,,0.0,,,,,,0.0,,,,0.0,,,,0.0,,,,19.1,,,,,,10.0,,,,0.0,,0.0,
1989-01-16,1021.5,1022.6,1023.5,,1019.1,,19.6,23.3,,15.7,,13.7,69,57,,2.0,315.0,8.2,45.0,,0.0,0.0,0.0,,0.0,,6.3,58.1,14.54,2.7,18.8,19.3,19.2,19.8,21.0,23.2,,,,,,,5.8,,,,,,,,,,,,,,,2.01,1989-01-16T12:00:00,,,,,,,,,,,,,,,,,,,,,,,,,,,,,,,,,,,,,,,,,,,,,,7.6,20.4,,,,,,23.1,,,0,,,,1,,,,5,,,,,,4,,,,1,,,,0,,,,0,,,,,,0,,,,0,,,,0,,,,0,,,,,,0,,,,0,,,,0,,,,6,,,,,,6,,,,1,,0,,,67.5,,,3.9,,,,0.0,,,,1.5,,,,12.4,,,,,,12.6,,,,3.3,,,,0.0,,,,0.0,,,,,,0.0,,,,0.0,,,,0.0,,,,0.0,,,,,,0.0,,,,0.0,,,,0.0,,,,9.2,,,,,,6.9,,,,0.9,,0.0,
1989-01-17,1019.1,1020.2,1021.4,,1016.9,,21.4,24.9,,18.7,,16.3,73,67,,1.4,315.0,6.1,90.0,,-9.8,0.0,-9.8,,-9.8,,1.4,12.9,11.58,2.2,21.0,20.8,20.6,20.7,21.2,23.0,,,,,,,9.0,,,,,,,,,,,,,,,2.61,1989-01-17T13:00:00,,,,,,,,,,,,,,,,,,,,,,,,,,,,,,,,,,,,,,,,,,,,,,6.2,21.0,,,,,,18.8,,,1,,,,1,,,,1,,,,,,6,,,,0,,,,0,,,,0,,,,,,0,,,,0,,,,0,,,,0,,,,,,0,,,,0,,,,0,,,,8,,,,,,7,,,,0,,0,,,90.0,,,2.9,,,,0.2,,,,0.7,,,,2.1,,,,,,13.7,,,,0.0,,,,0.0,,,,0.0,,,,,,0.0,,,,0.0,,,,0.0,,,,0.0,,,,,,0.0,,,,0.0,,,,0.0,,,,9.2,,,,,,7.6,,,,0.0,,0.0,
1989-01-18,1016.5,1017.6,1018.6,,1014.3,,22.7,26.1,,20.2,,17.9,75,64,,1.2,315.0,6.3,90.0,,0.0,0.0,0.0,,0.0,,4.9,45.2,14.04,-2.6,22.3,22.0,21.6,21.8,21.8,22.8,,,,,,,6.8,,,,,,,,,,,,,,,2.78,1989-01-18T13:00:00,,,,,,,,,,,,,,,,,,,,,,,,,,,,,,,,,,,,,,,,,,,,,,5.9,21.9,,,,,,19.1,,,1,,,,1,,,,1,,,,,,4,,,,3,,,,0,,,,0,,,,,,0,,,,0,,,,0,,,,0,,,,,,0,,,,0,,,,0,,,,8,,,,,,5,,,,0,,1,,,90.0,,,3.9,,,,0.2,,,,1.5,,,,0.8,,,,,,8.1,,,,7.8,,,,0.0,,,,0.0,,,,,,0.0,,,,0.0,,,,0.0,,,,0.0,,,,,,0.0,,,,0.0,,,,0.0,,,,6.4,,,,,,2.7,,,,0.0,,0.5,
1989-01-19,1013.0,1014.1,1016.3,,1010.9,,20.8,22.2,,19.2,,18.4,87,63,,0.8,337.5,5.9,45.0,,12.0,12.9,1.0,,4.1,,0.0,0.0,3.98,-0.6,20.5,21.2,21.1,21.7,22.3,23.0,,,,,,,9.3,,,,,,,,,,,,,,,0.9,1989-01-19T12:00:00,,,,,,,,,,,,,,,,,,,,,,,,,,,,,,,,,,,,,,,,,,,,,,3.0,22.1,,,,,,12.5,,,5,,,,0,,,,1,,,,,,0,,,,0,,,,0,,,,0,,,,,,0,,,,0,,,,0,,,,0,,,,,,0,,,,0,,,,1,,,,8,,,,,,8,,,,1,,0,,,45.0,,,2.5,,,,0.5,,,,0.0,,,,2.4,,,,,,0.0,,,,0.0,,,,0.0,,,,0.0,,,,,,0.0,,,,0.0,,,,0.0,,,,0.0,,,,,,0.0,,,,0.0,,,,0.7,,,,6.6,,,,,,8.7,,,,0.6,,0.0,
1989-01-20,1013.6,1014.7,1015.5,,1010.3,,20.1,22.5,,17.5,,18.6,91,75,,2.3,45.0,11.4,67.5,,6.7,6.5,0.7,,2.9,,0.0,0.0,5.7,-1.1,20.4,20.8,21.0,21.5,22.0,23.0,,,,,,,10.0,,,,,,,,,,,,,,,1.03,1989-01-20T12:00:00,,,,,,,,,,,,,,,,,,,,,,,,,,,,,,,,,,,,,,,,,,,,,,5.0,21.9,,,,,,12.9,,,1,,,,2,,,,10,,,,,,0,,,,0,,,,0,,,,0,,,,,,0,,,,0,,,,0,,,,0,,,,,,0,,,,0,,,,0,,,,5,,,,,,4,,,,2,,0,,,45.0,,,4.9,,,,0.2,,,,5.6,,,,39.7,,,,,,0.0,,,,0.0,,,,0.0,,,,0.0,,,,,,0.0,,,,0.0,,,,0.0,,,,0.0,,,,,,0.0,,,,0.0,,,,0.0,,,,4.8,,,,,,4.2,,,,1.1,,0.0,
1989-01-21,1014.9,1016.0,1016.6,,1013.3,,20.2,23.2,,17.3,,16.3,79,69,,1.6,315.0,9.2,45.0,,0.2,0.9,0.1,,0.2,,0.0,0.0,10.65,2.2,20.6,20.6,20.7,21.2,21.8,23.0,,,,,,,9.6,,,,,,,,,,,,,,,1.84,1989-01-21T13:00:00,,,,,,,,,,,,,,,,,,,,,,,,,,,,,,,,,,,,,,,,,,,,,,5.9,21.5,,,,,,18.8,,,1,,,,0,,,,7,,,,,,0,,,,0,,,,0,,,,0,,,,,,0,,,,0,,,,0,,,,0,,,,,,0,,,,0,,,,0,,,,8,,,,,,7,,,,1,,0,,,45.0,,,3.7,,,,0.0,,,,0.0,,,,19.1,,,,,,0.0,,,,0.0,,,,0.0,,,,0.0,,,,,,0.0,,,,0.0,,,,0.0,,,,0.0,,,,,,0.0,,,,0.0,,,,0.0,,,,9.3,,,,,,8.2,,,,1.3,,0.0,
1989-01-22,1012.7,1013.8,1015.0,,1010.4,,21.9,25.6,,18.7,,18.1,79,68,,1.1,315.0,6.4,22.5,,0.0,0.0,0.0,,0.0,,6.8,62.3,16.44,2.6,22.2,22.2,21.4,21.8,21.7,22.8,,,,,,,4.8,,,,,,,,,,,,,,,3.0,1989-01-22T13:00:00,,,,,,,,,,,,,,,,,,,,,,,,,,,,,,,,,,,,,,,,,,,,,,6.9,21.8,,,,,,24.4,,,1,,,,6,,,,0,,,,,,0,,,,3,,,,1,,,,0,,,,,,0,,,,0,,,,0,,,,0,,,,,,0,,,,0,,,,0,,,,10,,,,,,3,,,,0,,0,,,90.0,,,3.1,,,,0.1,,,,9.7,,,,0.0,,,,,,0.0,,,,5.6,,,,0.9,,,,0.0,,,,,,0.0,,,,0.0,,,,0.0,,,,0.0,,,,,,0.0,,,,0.0,,,,0.0,,,,8.3,,,,,,2.0,,,,0.0,,0.0,
1989-01-23,1015.7,1016.8,1019.1,,1012.9,,18.0,21.3,,15.5,,13.9,77,69,,3.2,45.0,13.9,45.0,,0.0,0.0,0.0,,0.0,,0.0,0.0,3.05,2.3,18.7,19.9,20.5,21.5,22.5,22.9,,,,,,,9.9,,,,,,,,,,,,,,,0.64,1989-01-23T13:00:00,,,,,,,,,,,,,,,,,,,,,,,,,,,,,,,,,,,,,,,,,,,,,,5.8,22.1,,,,,,16.8,,,0,,,,3,,,,14,,,,,,0,,,,0,,,,0,,,,0,,,,,,0,,,,0,,,,0,,,,0,,,,,,0,,,,0,,,,0,,,,3,,,,,,4,,,,0,,0,,,45.0,,,5.5,,,,0.0,,,,9.1,,,,53.8,,,,,,0.0,,,,0.0,,,,0.0,,,,0.0,,,,,,0.0,,,,0.0,,,,0.0,,,,0.0,,,,,,0.0,,,,0.0,,,,0.0,,,,5.7,,,,,,7.5,,,,0.0,,0.0,
1989-01-24,1018.5,1019.6,1020.5,,1017.0,,17.7,21.3,,14.8,,8.7,57,40,,2.1,337.5,11.2,22.5,,0.0,0.0,0.0,,0.0,,4.6,42.1,13.44,3.4,17.8,18.4,18.8,19.8,21.3,23.0,,,,,,,8.3,,,,,,,,,,,,,,,2.7,1989-01-24T12:00:00,,,,,,,,,,,,,,,,,,,,,,,,,,,,,,,,,,,,,,,,,,,,,,6.5,20.5,,,,,,18.5,,,0,,,,5,,,,5,,,,,,0,,,,0,,,,0,,,,0,,,,,,0,,,,0,,,,0,,,,0,,,,,,0,,,,0,,,,0,,,,2,,,,,,11,,,,1,,0,,,22.5,,,4.9,,,,0.0,,,,16.3,,,,14.9,,,,,,0.0,,,,0.0,,,,0.0,,,,0.0,,,,,,0.0,,,,0.0,,,,0.0,,,,0.0,,,,,,0.0,,,,0.0,,,,0.0,,,,3.6,,,,,,15.2,,,,1.5,,0.0,
1989-01-25,1016.0,1017.1,1018.2,,1013.5,,19.4,22.9,,16.2,,12.1,63,53,,1.4,315.0,6.9,315.0,,0.0,0.0,0.0,,0.0,,3.5,32.1,11.81,2.7,19.2,19.1,19.1,19.8,20.7,22.7,,,,,,,8.9,,,,,,,,,,,,,,,2.78,1989-01-25T13:00:00,,,,,,,,,,,,,,,,,,,,,,,,,,,,,,,,,,,,,,,,,,,,,,6.7,20.2,,,,,,17.3,,,0,,,,1,,,,0,,,,,,4,,,,3,,,,0,,,,0,,,,,,0,,,,0,,,,0,,,,0,,,,,,0,,,,0,,,,0,,,,14,,,,,,2,,,,0,,0,,,67.5,,,2.9,,,,0.0,,,,0.8,,,,0.0,,,,,,6.7,,,,5.7,,,,0.0,,,,0.0,,,,,,0.0,,,,0.0,,,,0.0,,,,0.0,,,,,,0.0,,,,0.0,,,,0.0,,,,18.5,,,,,,2.1,,,,0.0,,0.0,
1989-01-26,1016.1,1017.2,1018.5,,1014.3,,20.1,23.8,,18.0,,14.2,69,57,,2.1,315.0,11.3,45.0,,0.0,0.0,0.0,,0.0,,1.5,13.6,11.12,2.6,19.7,19.7,19.7,20.1,21.0,22.6,,,,,,,9.5,,,,,,,,,,,,,,,2.65,1989-01-26T13:00:00,,,,,,,,,,,,,,,,,,,,,,,,,,,,,,,,,,,,,,,,,,,,,,5.8,20.5,,,,,,17.9,,,0,,,,3,,,,6,,,,,,0,,,,0,,,,0,,,,0,,,,,,0,,,,0,,,,0,,,,0,,,,,,0,,,,0,,,,0,,,,9,,,,,,6,,,,0,,0,,,45.0,,,4.4,,,,0.0,,,,10.8,,,,21.2,,,,,,0.0,,,,0.0,,,,0.0,,,,0.0,,,,,,0.0,,,,0.0,,,,0.0,,,,0.0,,,,,,0.0,,,,0.0,,,,0.0,,,,10.4,,,,,,7.6,,,,0.0,,0.0,
1989-01-27,1020.9,1022.0,1024.0,,1018.3,,16.8,20.7,,14.0,,10.3,66,54,,2.1,337.5,17.4,45.0,,0.0,0.0,0.0,,0.0,,1.5,13.6,8.28,2.6,17.8,18.6,18.9,19.8,21.0,22.5,,,,,,,9.8,,,,,,,,,,,,,,,2.53,1989-01-27T13:00:00,,,,,,,,,,,,,,,,,,,,,,,,,,,,,,,,,,,,,,,,,,,,,,6.7,20.4,,,,,,17.4,,,0,,,,0,,,,4,,,,,,0,,,,0,,,,0,,,,0,,,,,,0,,,,0,,,,0,,,,0,,,,,,0,,,,0,,,,0,,,,5,,,,,,13,,,,2,,0,,,45.0,,,6.6,,,,0.0,,,,0.0,,,,21.6,,,,,,0.0,,,,0.0,,,,0.0,,,,0.0,,,,,,0.0,,,,0.0,,,,0.0,,,,0.0,,,,,,0.0,,,,0.0,,,,0.0,,,,7.0,,,,,,17.3,,,,3.4,,0.0,
1989-01-28,1023.8,1025.0,1026.2,,1021.8,,14.8,17.1,,12.4,,7.5,62,50,,1.5,315.0,6.9,315.0,,0.0,0.0,0.0,,0.0,,0.0,0.0,5.56,1.6,15.1,16.4,17.0,18.2,20.2,22.3,,,,,,,9.0,,,,,,,,,,,,,,,1.07,1989-01-28T11:00:00,,,,,,,,,,,,,,,,,,,,,,,,,,,,,,,,,,,,,,,,,,,,,,4.7,19.3,,,,,,17.5,,,0,,,,1,,,,0,,,,,,0,,,,0,,,,0,,,,0,,,,,,0,,,,0,,,,0,,,,0,,,,,,0,,,,0,,,,0,,,,14,,,,,,9,,,,0,,0,,,315.0,,,2.6,,,,0.0,,,,0.9,,,,0.0,,,,,,0.0,,,,0.0,,,,0.0,,,,0.0,,,,,,0.0,,,,0.0,,,,0.0,,,,0.0,,,,,,0.0,,,,0.0,,,,0.0,,,,23.9,,,,,,12.3,,,,0.0,,0.0,
1989-01-29,1022.1,1023.2,1023.4,,1019.9,,17.2,21.8,,12.8,,11.3,69,56,,2.4,315.0,10.4,67.5,,0.0,0.0,0.0,,0.0,,5.6,50.9,17.42,3.5,17.4,17.3,17.2,17.8,19.3,22.3,,,,,,,5.3,,,,,,,,,,,,,,,3.08,1989-01-29T12:00:00,,,,,,,,,,,,,,,,,,,,,,,,,,,,,,,,,,,,,,,,,,,,,,9.0,18.6,,,,,,20.1,,,0,,,,0,,,,6,,,,,,4,,,,0,,,,0,,,,0,,,,,,0,,,,0,,,,0,,,,0,,,,,,0,,,,0,,,,0,,,,9,,,,,,4,,,,1,,0,,,67.5,,,4.6,,,,0.0,,,,0.0,,,,20.0,,,,,,14.7,,,,0.0,,,,0.0,,,,0.0,,,,,,0.0,,,,0.0,,,,0.0,,,,0.0,,,,,,0.0,,,,0.0,,,,0.0,,,,17.4,,,,,,5.1,,,,1.2,,0.0,
1989-01-30,1020.8,1021.9,1022.5,,1018.2,,19.6,23.2,,16.1,,13.5,68,57,,1.4,315.0,8.7,90.0,,0.0,0.0,0.0,,0.0,,4.1,37.3,14.54,-2.8,22.7,22.6,22.3,22.4,19.7,22.0,,,,,,,7.9,,,,,,,,,,,,,,,3.21,1989-01-30T12:00:00,,,,,,,,,,,,,,,,,,,,,,,,,,,,,,,,,,,,,,,,,,,,,,7.1,22.6,,,,,,20.6,,,0,,,,0,,,,1,,,,,,3,,,,3,,,,1,,,,0,,,,,,0,,,,0,,,,0,,,,0,,,,,,0,,,,0,,,,1,,,,8,,,,,,7,,,,0,,0,,,90.0,,,4.7,,,,0.0,,,,0.0,,,,1.0,,,,,,4.5,,,,7.9,,,,1.0,,,,0.0,,,,,,0.0,,,,0.0,,,,0.0,,,,0.0,,,,,,0.0,,,,0.0,,,,0.9,,,,11.2,,,,,,6.8,,,,0.0,,0.0,
1989-01-31,1018.9,1020.0,1021.4,,1016.3,,20.8,24.6,,17.6,,16.0,75,62,,1.0,315.0,6.2,90.0,,3.0,1.0,1.2,,3.0,,5.8,52.7,17.64,3.0,21.4,21.0,20.6,20.3,20.5,21.7,,,,,,,6.0,,,,,,,,,,,,,,,3.08,1989-01-31T12:00:00,,,,,,,,,,,,,,,,,,,,,,,,,,,,,,,,,,,,,,,,,,,,,,7.0,20.3,,,,,,18.8,,,2,,,,1,,,,1,,,,,,3,,,,4,,,,2,,,,0,,,,,,0,,,,0,,,,0,,,,0,,,,,,0,,,,0,,,,0,,,,6,,,,,,5,,,,0,,0,,,90.0,,,3.2,,,,0.2,,,,0.4,,,,0.3,,,,,,5.2,,,,6.7,,,,5.1,,,,0.0,,,,,,0.0,,,,0.0,,,,0.0,,,,0.0,,,,,,0.0,,,,0.0,,,,0.0,,,,3.3,,,,,,3.2,,,,0.0,,0.0,
1989-02-01,1017.2,1018.3,1018.4,,1014.3,,20.3,24.3,,18.1,,14.5,69,52,,2.6,45.0,14.4,45.0,,0.0,0.0,0.0,,0.0,,7.2,64.9,17.71,3.4,20.4,20.6,20.3,20.7,20.2,22.0,,,,,,,4.9,,,,,,,,,,,,,,,2.91,1989-02-01T13:00:00,,,,,,,,,,,,,,,,,,,,,,,,,,,,,,,,,,,,,,,,,,,,,,6.2,21.0,,,,,,21.3,,,0,,,,0,,,,9,,,,,,1,,,,0,,,,0,,,,0,,,,,,0,,,,0,,,,0,,,,0,,,,,,0,,,,0,,,,3,,,,7,,,,,,2,,,,2,,0,,,45.0,,,6.2,,,,0.0,,,,0.0,,,,41.4,,,,,,4.1,,,,0.0,,,,0.0,,,,0.0,,,,,,0.0,,,,0.0,,,,0.0,,,,0.0,,,,,,0.0,,,,0.0,,,,2.8,,,,8.8,,,,,,2.8,,,,2.7,,0.0,
1989-02-02,1018.9,1020.0,1021.8,,1016.5,,17.6,21.8,,14.9,,11.6,68,58,,2.4,315.0,13.4,67.5,,0.0,0.0,0.0,,0.0,,1.7,15.3,10.06,3.1,18.3,19.2,19.5,20.2,20.3,22.1,,,,,,,9.1,,,,,,,,,,,,,,,3.17,1989-02-02T12:00:00,,,,,,,,,,,,,,,,,,,,,,,,,,,,,,,,,,,,,,,,,,,,,,6.9,20.7,,,,,,18.8,,,0,,,,1,,,,6,,,,,,1,,,,0,,,,0,,,,0,,,,,,0,,,,0,,,,0,,,,0,,,,,,0,,,,0,,,,0,,,,8,,,,,,6,,,,2,,0,,,67.5,,,5.8,,,,0.0,,,,1.8,,,,25.5,,,,,,5.5,,,,0.0,,,,0.0,,,,0.0,,,,,,0.0,,,,0.0,,,,0.0,,,,0.0,,,,,,0.0,,,,0.0,,,,0.0,,,,14.2,,,,,,8.5,,,,2.2,,0.0,
1989-02-03,1019.0,1020.1,1021.5,,1016.5,,16.5,20.4,,13.7,,10.1,66,52,,2.1,315.0,9.6,45.0,,0.0,0.0,0.0,,0.0,,1.4,12.6,12.09,2.3,17.6,18.0,18.2,19.0,20.5,22.2,,,,,,,8.4,,,,,,,,,,,,,,,2.95,1989-02-03T12:00:00,,,,,,,,,,,,,,,,,,,,,,,,,,,,,,,,,,,,,,,,,,,,,,6.7,19.8,,,,,,18.1,,,0,,,,1,,,,6,,,,,,1,,,,0,,,,0,,,,0,,,,,,0,,,,0,,,,0,,,,0,,,,,,0,,,,0,,,,0,,,,11,,,,,,5,,,,0,,0,,,45.0,,,4.3,,,,0.0,,,,4.2,,,,20.7,,,,,,3.7,,,,0.0,,,,0.0,,,,0.0,,,,,,0.0,,,,0.0,,,,0.0,,,,0.0,,,,,,0.0,,,,0.0,,,,0.0,,,,16.4,,,,,,6.2,,,,0.0,,0.0,
1989-02-04,1018.0,1019.1,1019.4,,1016.1,,18.3,23.2,,14.1,,12.6,70,53,,2.3,337.5,10.7,67.5,,0.0,0.0,0.0,,0.0,,4.4,39.6,15.89,3.2,18.8,18.7,18.7,19.0,20.2,22.2,,,,,,,7.1,,,,,,,,,,,,,,,3.0,1989-02-04T12:00:00,,,,,,,,,,,,,,,,,,,,,,,,,,,,,,,,,,,,,,,,,,,,,,9.1,19.5,,,,,,20.0,,,0,,,,1,,,,7,,,,,,3,,,,0,,,,0,,,,0,,,,,,0,,,,0,,,,0,,,,0,,,,,,0,,,,0,,,,0,,,,3,,,,,,10,,,,0,,0,,,67.5,,,5.2,,,,0.0,,,,1.3,,,,24.6,,,,,,11.5,,,,0.0,,,,0.0,,,,0.0,,,,,,0.0,,,,0.0,,,,0.0,,,,0.0,,,,,,0.0,,,,0.0,,,,0.0,,,,4.8,,,,,,12.6,,,,0.0,,0.0,
1989-02-05,1018.3,1019.4,1019.7,,1016.9,,18.6,21.5,,16.3,,13.9,75,58,,2.1,315.0,11.6,45.0,,-9.8,0.0,-9.8,,-9.8,,2.4,21.6,10.45,2.3,18.6,19.0,19.1,19.6,20.4,22.0,,,,,,,8.3,,,,,,,,,,,,,,,1.71,1989-02-05T11:00:00,,,,,,,,,,,,,,,,,,,,,,,,,,,,,,,,,,,,,,,,,,,,,,5.2,19.9,,,,,,17.9,,,0,,,,1,,,,2,,,,,,4,,,,0,,,,0,,,,0,,,,,,0,,,,0,,,,0,,,,0,,,,,,0,,,,0,,,,0,,,,9,,,,,,8,,,,0,,0,,,67.5,,,4.8,,,,0.0,,,,1.5,,,,6.8,,,,,,16.8,,,,0.0,,,,0.0,,,,0.0,,,,,,0.0,,,,0.0,,,,0.0,,,,0.0,,,,,,0.0,,,,0.0,,,,0.0,,,,16.3,,,,,,9.1,,,,0.0,,0.0,
1989-02-06,1016.8,1017.9,1018.3,,1015.1,,20.7,25.3,,16.7,,14.2,67,51,,2.1,337.5,9.1,67.5,,0.0,0.0,0.0,,0.0,,7.2,64.4,19.35,3.5,20.7,20.2,19.7,19.7,20.3,21.9,,,,,,,5.4,,,,,,,,,,,,,,,3.17,1989-02-06T12:00:00,,,,,,,,,,,,,,,,,,,,,,,,,,,,,,,,,,,,,,,,,,,,,,8.6,20.0,,,,,,20.6,,,0,,,,0,,,,3,,,,,,6,,,,0,,,,0,,,,0,,,,,,0,,,,0,,,,0,,,,0,,,,,,0,,,,0,,,,0,,,,7,,,,,,8,,,,0,,0,,,67.5,,,4.3,,,,0.0,,,,0.0,,,,8.6,,,,,,20.0,,,,0.0,,,,0.0,,,,0.0,,,,,,0.0,,,,0.0,,,,0.0,,,,0.0,,,,,,0.0,,,,0.0,,,,0.0,,,,8.5,,,,,,14.0,,,,0.0,,0.0,
1989-02-07,1015.1,1016.2,1017.0,,1013.2,,21.0,24.8,,18.0,,15.2,70,58,,1.3,315.0,5.7,67.5,,0.0,0.0,0.0,,0.0,,3.4,30.4,12.84,2.6,20.7,20.7,20.4,20.6,21.0,22.0,,,,,,,5.0,,,,,,,,,,,,,,,2.78,1989-02-07T13:00:00,,,,,,,,,,,,,,,,,,,,,,,,,,,,,,,,,,,,,,,,,,,,,,6.8,20.6,,,,,,19.4,,,0,,,,0,,,,2,,,,,,2,,,,4,,,,0,,,,0,,,,,,0,,,,0,,,,0,,,,0,,,,,,0,,,,0,,,,5,,,,9,,,,,,2,,,,0,,0,,,67.5,,,2.8,,,,0.0,,,,0.0,,,,1.9,,,,,,3.1,,,,7.5,,,,0.0,,,,0.0,,,,,,0.0,,,,0.0,,,,0.0,,,,0.0,,,,,,0.0,,,,0.0,,,,6.5,,,,10.3,,,,,,0.9,,,,0.0,,0.0,
1989-02-08,1013.3,1014.4,1015.0,,1011.6,,21.1,25.7,,17.7,,15.7,72,52,,1.1,315.0,6.0,112.5,,-9.8,0.0,-9.8,,-9.8,,5.2,46.5,13.86,2.6,20.7,20.9,20.7,20.8,21.5,22.1,,,,,,,6.0,,,,,,,,,,,,,,,3.12,1989-02-08T12:00:00,,,,,,,,,,,,,,,,,,,,,,,,,,,,,,,,,,,,,,,,,,,,,,8.0,21.0,,,,,,20.0,,,2,,,,0,,,,3,,,,,,0,,,,1,,,,4,,,,0,,,,,,0,,,,0,,,,0,,,,0,,,,,,0,,,,0,,,,4,,,,6,,,,,,3,,,,1,,0,,,112.5,,,2.9,,,,0.2,,,,0.0,,,,2.9,,,,,,0.0,,,,1.3,,,,9.4,,,,0.0,,,,,,0.0,,,,0.0,,,,0.0,,,,0.0,,,,,,0.0,,,,0.0,,,,5.4,,,,5.8,,,,,,1.9,,,,0.3,,0.0,
1989-02-09,1014.3,1015.4,1015.7,,1012.0,,20.2,24.3,,17.2,,15.3,74,60,,1.8,315.0,10.6,67.5,,0.4,0.3,0.3,,0.4,,3.5,31.3,13.52,-3.0,20.6,21.0,20.9,21.2,21.5,22.0,,,,,,,9.5,,,,,,,,,,,,,,,2.82,1989-02-09T12:00:00,,,,,,,,,,,,,,,,,,,,,,,,,,,,,,,,,,,,,,,,,,,,,,7.1,21.4,,,,,,18.1,,,0,,,,2,,,,4,,,,,,4,,,,0,,,,0,,,,0,,,,,,0,,,,0,,,,0,,,,0,,,,,,0,,,,0,,,,0,,,,7,,,,,,4,,,,3,,0,,,67.5,,,4.6,,,,0.0,,,,3.8,,,,15.0,,,,,,11.9,,,,0.0,,,,0.0,,,,0.0,,,,,,0.0,,,,0.0,,,,0.0,,,,0.0,,,,,,0.0,,,,0.0,,,,0.0,,,,6.4,,,,,,3.3,,,,3.6,,0.0,
1989-02-10,1017.9,1019.1,1020.1,,1015.2,,14.9,17.3,,13.2,,12.3,85,74,,1.4,315.0,5.8,315.0,,8.4,15.0,0.9,,2.8,,0.0,0.0,2.19,-1.2,16.7,17.9,18.8,20.0,21.5,22.1,,,,,,,10.0,,,,,,,,,,,,,,,0.39,1989-02-10T13:00:00,,,,,,,,,,,,,,,,,,,,,,,,,,,,,,,,,,,,,,,,,,,,,,4.1,20.7,,,,,,10.9,,,0,,,,1,,,,0,,,,,,0,,,,0,,,,0,,,,0,,,,,,0,,,,0,,,,0,,,,0,,,,,,0,,,,0,,,,0,,,,13,,,,,,9,,,,1,,0,,,22.5,,,2.2,,,,0.0,,,,2.2,,,,0.0,,,,,,0.0,,,,0.0,,,,0.0,,,,0.0,,,,,,0.0,,,,0.0,,,,0.0,,,,0.0,,,,,,0.0,,,,0.0,,,,0.0,,,,19.2,,,,,,10.4,,,,0.9,,0.0,
1989-02-11,1018.3,1019.4,1020.3,,1016.0,,15.0,18.9,,12.6,,9.5,70,56,,1.8,315.0,7.0,337.5,,0.0,0.0,0.0,,0.0,,3.3,29.3,13.06,2.4,17.0,17.3,17.7,18.6,20.0,22.3,,,,,,,9.6,,,,,,,,,,,,,,,2.01,1989-02-11T10:00:00,,,,,,,,,,,,,,,,,,,,,,,,,,,,,,,,,,,,,,,,,,,,,,6.3,19.2,,,,,,18.1,,,0,,,,1,,,,1,,,,,,0,,,,0,,,,0,,,,0,,,,,,0,,,,0,,,,0,,,,0,,,,,,0,,,,0,,,,0,,,,17,,,,,,5,,,,0,,0,,,45.0,,,2.7,,,,0.0,,,,1.0,,,,1.9,,,,,,0.0,,,,0.0,,,,0.0,,,,0.0,,,,,,0.0,,,,0.0,,,,0.0,,,,0.0,,,,,,0.0,,,,0.0,,,,0.0,,,,31.2,,,,,,9.8,,,,0.0,,0.0,
1989-02-12,1018.0,1019.2,1019.4,,1016.7,,15.5,20.1,,13.4,,10.0,70,59,,2.1,315.0,11.5,67.5,,0.0,0.0,0.0,,0.0,,0.8,7.1,7.62,2.2,16.3,16.9,17.3,18.0,19.5,22.0,,,,,,,9.4,,,,,,,,,,,,,,,2.44,1989-02-12T13:00:00,,,,,,,,,,,,,,,,,,,,,,,,,,,,,,,,,,,,,,,,,,,,,,6.7,18.9,,,,,,17.3,,,0,,,,0,,,,4,,,,,,0,,,,0,,,,0,,,,0,,,,,,0,,,,0,,,,0,,,,0,,,,,,0,,,,0,,,,0,,,,14,,,,,,5,,,,1,,0,,,45.0,,,4.7,,,,0.0,,,,0.0,,,,15.6,,,,,,0.0,,,,0.0,,,,0.0,,,,0.0,,,,,,0.0,,,,0.0,,,,0.0,,,,0.0,,,,,,0.0,,,,0.0,,,,0.0,,,,27.0,,,,,,7.7,,,,1.0,,0.0,
1989-02-13,1018.4,1019.5,1019.8,,1016.8,,17.8,22.6,,14.8,,11.3,66,56,,2.1,315.0,9.5,67.5,,0.0,0.0,0.0,,0.0,,3.7,32.8,14.34,3.0,18.5,17.8,17.8,18.2,19.3,21.8,,,,,,,8.8,,,,,,,,,,,,,,,2.82,1989-02-13T13:00:00,,,,,,,,,,,,,,,,,,,,,,,,,,,,,,,,,,,,,,,,,,,,,,7.8,18.6,,,,,,18.1,,,0,,,,0,,,,4,,,,,,2,,,,0,,,,0,,,,0,,,,,,0,,,,0,,,,0,,,,0,,,,,,0,,,,0,,,,0,,,,12,,,,,,4,,,,2,,0,,,67.5,,,4.8,,,,0.0,,,,0.0,,,,13.3,,,,,,6.9,,,,0.0,,,,0.0,,,,0.0,,,,,,0.0,,,,0.0,,,,0.0,,,,0.0,,,,,,0.0,,,,0.0,,,,0.0,,,,20.6,,,,,,5.9,,,,3.0,,0.0,
1989-02-14,1018.3,1019.4,1020.2,,1016.4,,19.2,23.6,,15.7,,14.0,72,61,,1.7,337.5,7.1,67.5,,0.0,0.0,0.0,,0.0,,2.7,23.9,12.49,-2.2,19.7,19.0,18.8,18.9,19.6,22.0,,,,,,,7.8,,,,,,,,,,,,,,,3.12,1989-02-14T13:00:00,,,,,,,,,,,,,,,,,,,,,,,,,,,,,,,,,,,,,,,,,,,,,,7.9,19.2,,,,,,20.0,,,0,,,,0,,,,6,,,,,,0,,,,4,,,,0,,,,0,,,,,,0,,,,0,,,,0,,,,0,,,,,,0,,,,0,,,,0,,,,6,,,,,,8,,,,0,,0,,,90.0,,,3.7,,,,0.0,,,,0.0,,,,10.3,,,,,,0.0,,,,10.3,,,,0.0,,,,0.0,,,,,,0.0,,,,0.0,,,,0.0,,,,0.0,,,,,,0.0,,,,0.0,,,,0.0,,,,7.1,,,,,,13.7,,,,0.0,,0.0,
1989-02-15,1016.4,1017.5,1018.3,,1014.4,,20.7,24.3,,18.0,,17.4,82,66,,1.2,315.0,4.6,112.5,,2.5,4.6,0.7,,1.0,,3.7,32.8,14.12,-0.9,21.7,20.9,20.5,20.3,20.3,21.5,,,,,,,9.5,,,,,,,,,,,,,,,3.21,1989-02-15T13:00:00,,,,,,,,,,,,,,,,,,,,,,,,,,,,,,,,,,,,,,,,,,,,,,6.3,20.2,,,,,,18.1,,,0,,,,0,,,,0,,,,,,0,,,,1,,,,3,,,,0,,,,,,0,,,,3,,,,0,,,,0,,,,,,0,,,,0,,,,3,,,,13,,,,,,1,,,,0,,0,,,112.5,,,2.6,,,,0.0,,,,0.0,,,,0.0,,,,,,0.0,,,,1.8,,,,6.5,,,,0.0,,,,,,0.0,,,,5.2,,,,0.0,,,,0.0,,,,,,0.0,,,,0.0,,,,2.1,,,,11.9,,,,,,0.5,,,,0.0,,0.0,
1989-02-16,1013.0,1014.1,1016.1,,1010.6,,22.5,25.5,,19.3,,20.3,88,79,,1.5,180.0,8.5,180.0,,5.0,6.4,1.0,,2.0,,3.3,29.0,10.0,-1.7,22.6,21.9,21.5,21.2,21.3,21.6,,,,,,,8.9,,,,,,,,,,,,,,,1.67,1989-02-16T14:00:00,,,,,,,,,,,,,,,,,,,,,,,,,,,,,,,,,,,,,,,,,,,,,,6.2,21.4,,,,,,14.8,,,0,,,,0,,,,0,,,,,,0,,,,0,,,,0,,,,0,,,,,,0,,,,5,,,,3,,,,3,,,,,,0,,,,2,,,,5,,,,5,,,,,,1,,,,0,,0,,,180.0,,,4.2,,,,0.0,,,,0.0,,,,0.0,,,,,,0.0,,,,0.0,,,,0.0,,,,0.0,,,,,,0.0,,,,10.0,,,,6.3,,,,4.4,,,,,,0.0,,,,2.8,,,,7.2,,,,4.4,,,,,,1.4,,,,0.0,,0.0,
1989-02-17,1009.7,1010.8,1012.0,,1006.5,,24.9,31.5,,19.4,,17.8,67,40,,1.9,292.5,11.1,180.0,,0.0,0.0,0.0,,0.0,,10.0,87.9,22.73,4.6,23.1,22.8,22.5,22.2,21.8,22.0,,,,,,,1.1,,,,,,,,,,,,,,,3.34,1989-02-17T13:00:00,,,,,,,,,,,,,,,,,,,,,,,,,,,,,,,,,,,,,,,,,,,,,,12.1,22.1,,,,,,23.8,,,0,,,,0,,,,0,,,,,,0,,,,0,,,,0,,,,0,,,,,,0,,,,4,,,,1,,,,4,,,,,,2,,,,0,,,,6,,,,4,,,,,,1,,,,2,,0,,,180.0,,,4.8,,,,0.0,,,,0.0,,,,0.0,,,,,,0.0,,,,0.0,,,,0.0,,,,0.0,,,,,,0.0,,,,16.1,,,,1.3,,,,10.2,,,,,,4.3,,,,0.0,,,,7.7,,,,4.1,,,,,,0.8,,,,1.4,,0.0,
1989-02-18,1014.3,1015.4,1018.0,,1010.1,,22.1,26.2,,19.9,,17.0,73,59,,2.4,315.0,11.8,45.0,,0.0,0.0,0.0,,0.0,,4.8,42.2,14.08,2.8,21.7,22.0,22.2,22.2,22.2,22.3,,,,,,,6.1,,,,,,,,,,,,,,,2.78,1989-02-18T12:00:00,,,,,,,,,,,,,,,,,,,,,,,,,,,,,,,,,,,,,,,,,,,,,,6.3,22.4,,,,,,17.4,,,0,,,,2,,,,7,,,,,,4,,,,0,,,,0,,,,0,,,,,,0,,,,0,,,,0,,,,0,,,,,,0,,,,0,,,,0,,,,8,,,,,,2,,,,1,,0,,,67.5,,,5.0,,,,0.0,,,,3.1,,,,25.2,,,,,,18.0,,,,0.0,,,,0.0,,,,0.0,,,,,,0.0,,,,0.0,,,,0.0,,,,0.0,,,,,,0.0,,,,0.0,,,,0.0,,,,8.6,,,,,,2.0,,,,1.2,,0.0,
1989-02-19,1018.9,1020.0,1021.0,,1017.3,,22.1,25.3,,18.9,,16.9,73,62,,2.0,315.0,7.4,67.5,,0.0,0.0,0.0,,0.0,,4.9,43.1,17.62,-2.4,23.4,22.6,22.2,22.4,22.2,22.5,,,,,,,8.3,,,,,,,,,,,,,,,3.21,1989-02-19T13:00:00,,,,,,,,,,,,,,,,,,,,,,,,,,,,,,,,,,,,,,,,,,,,,,6.4,22.3,,,,,,21.3,,,0,,,,0,,,,8,,,,,,3,,,,3,,,,0,,,,0,,,,,,0,,,,0,,,,0,,,,0,,,,,,0,,,,0,,,,0,,,,9,,,,,,1,,,,0,,0,,,67.5,,,3.7,,,,0.0,,,,0.0,,,,15.6,,,,,,8.4,,,,9.2,,,,0.0,,,,0.0,,,,,,0.0,,,,0.0,,,,0.0,,,,0.0,,,,,,0.0,,,,0.0,,,,0.0,,,,13.1,,,,,,0.5,,,,0.0,,0.0,
1989-02-20,1018.5,1019.6,1021.3,,1016.8,,22.4,26.5,,20.4,,17.7,75,61,,1.1,337.5,5.0,90.0,,0.5,0.7,0.4,,0.5,,0.9,7.9,8.98,2.2,22.5,22.1,22.2,22.6,22.2,22.5,,,,,,,8.1,,,,,,,,,,,,,,,2.48,1989-02-20T14:00:00,,,,,,,,,,,,,,,,,,,,,,,,,,,,,,,,,,,,,,,,,,,,,,6.1,22.7,,,,,,18.1,,,1,,,,1,,,,1,,,,,,5,,,,2,,,,0,,,,0,,,,,,0,,,,0,,,,0,,,,0,,,,,,0,,,,0,,,,2,,,,5,,,,,,7,,,,0,,0,,,90.0,,,2.7,,,,0.2,,,,1.2,,,,1.7,,,,,,7.2,,,,4.4,,,,0.0,,,,0.0,,,,,,0.0,,,,0.0,,,,0.0,,,,0.0,,,,,,0.0,,,,0.0,,,,2.4,,,,3.7,,,,,,6.4,,,,0.0,,0.0,
1989-02-21,1018.3,1019.4,1019.8,,1017.0,,22.6,27.1,,19.3,,17.9,75,55,,1.4,315.0,6.0,135.0,,0.0,0.0,0.0,,0.0,,5.6,48.8,15.96,1.6,22.8,22.3,22.3,22.5,22.5,22.7,,,,,,,7.8,,,,,,,,,,,,,,,3.6,1989-02-21T12:00:00,,,,,,,,,,,,,,,,,,,,,,,,,,,,,,,,,,,,,,,,,,,,,,7.8,22.9,,,,,,20.0,,,0,,,,1,,,,1,,,,,,0,,,,2,,,,4,,,,1,,,,,,0,,,,0,,,,0,,,,0,,,,,,0,,,,0,,,,1,,,,9,,,,,,4,,,,1,,0,,,112.5,,,3.5,,,,0.0,,,,1.5,,,,0.6,,,,,,0.0,,,,4.5,,,,10.2,,,,2.3,,,,,,0.0,,,,0.0,,,,0.0,,,,0.0,,,,,,0.0,,,,0.0,,,,1.2,,,,8.7,,,,,,3.6,,,,1.0,,0.0,
1989-02-22,1020.0,1021.1,1021.8,,1018.7,,22.6,24.8,,21.1,,18.4,78,64,,2.4,45.0,13.0,45.0,,0.5,0.2,0.5,,0.5,,0.8,7.0,10.9,-2.8,22.4,22.5,22.6,22.8,23.0,22.8,,,,,,,9.3,,,,,,,,,,,,,,,1.97,1989-02-22T12:00:00,,,,,,,,,,,,,,,,,,,,,,,,,,,,,,,,,,,,,,,,,,,,,,3.7,22.9,,,,,,16.6,,,0,,,,4,,,,9,,,,,,4,,,,0,,,,0,,,,0,,,,,,0,,,,0,,,,0,,,,0,,,,,,0,,,,0,,,,0,,,,2,,,,,,3,,,,2,,0,,,45.0,,,4.8,,,,0.0,,,,4.4,,,,31.4,,,,,,14.5,,,,0.0,,,,0.0,,,,0.0,,,,,,0.0,,,,0.0,,,,0.0,,,,0.0,,,,,,0.0,,,,0.0,,,,0.0,,,,2.1,,,,,,2.9,,,,1.2,,0.0,
1989-02-23,1018.7,1019.8,1020.7,,1017.1,,22.4,25.4,,20.3,,17.5,74,65,,1.4,337.5,7.7,67.5,,0.7,0.5,0.5,,0.5,,0.9,7.8,7.57,-2.0,22.2,22.0,22.0,22.5,22.8,23.0,,,,,,,10.0,,,,,,,,,,,,,,,1.58,1989-02-23T13:00:00,,,,,,,,,,,,,,,,,,,,,,,,,,,,,,,,,,,,,,,,,,,,,,5.1,22.7,,,,,,15.4,,,1,,,,2,,,,6,,,,,,1,,,,0,,,,0,,,,0,,,,,,0,,,,0,,,,0,,,,0,,,,,,0,,,,0,,,,0,,,,6,,,,,,7,,,,1,,0,,,45.0,,,3.1,,,,0.1,,,,2.0,,,,15.1,,,,,,2.6,,,,0.0,,,,0.0,,,,0.0,,,,,,0.0,,,,0.0,,,,0.0,,,,0.0,,,,,,0.0,,,,0.0,,,,0.0,,,,6.9,,,,,,7.3,,,,0.3,,0.0,
1989-02-24,1014.5,1015.6,1017.6,,1012.4,,23.3,27.1,,20.4,,16.4,66,54,,1.0,315.0,5.4,90.0,,0.0,0.0,0.0,,0.0,,3.5,30.5,13.35,2.8,22.8,22.8,22.5,22.6,22.5,23.0,,,,,,,7.5,,,,,,,,,,,,,,,3.17,1989-02-24T12:00:00,,,,,,,,,,,,,,,,,,,,,,,,,,,,,,,,,,,,,,,,,,,,,,6.7,22.7,,,,,,18.8,,,1,,,,0,,,,0,,,,,,0,,,,4,,,,2,,,,1,,,,,,0,,,,0,,,,0,,,,0,,,,,,0,,,,1,,,,3,,,,7,,,,,,4,,,,1,,0,,,90.0,,,2.7,,,,0.2,,,,0.0,,,,0.0,,,,,,0.0,,,,7.5,,,,2.2,,,,0.5,,,,,,0.0,,,,0.0,,,,0.0,,,,0.0,,,,,,0.0,,,,1.4,,,,4.1,,,,5.0,,,,,,3.6,,,,0.4,,0.0,
1989-02-25,1014.3,1015.4,1020.5,,1010.9,,22.1,28.1,,17.9,,17.1,74,58,,3.1,45.0,12.8,67.5,,2.0,4.0,0.5,,0.9,,5.6,48.8,17.34,-1.9,23.1,22.5,22.5,22.9,22.7,23.0,,,,,,,8.9,,,,,,,,,,,,,,,3.38,1989-02-25T12:00:00,,,,,,,,,,,,,,,,,,,,,,,,,,,,,,,,,,,,,,,,,,,,,,10.2,22.9,,,,,,18.4,,,0,,,,0,,,,8,,,,,,5,,,,2,,,,0,,,,0,,,,,,0,,,,0,,,,0,,,,0,,,,,,0,,,,0,,,,2,,,,6,,,,,,1,,,,0,,0,,,45.0,,,5.8,,,,0.0,,,,0.0,,,,37.6,,,,,,22.3,,,,5.3,,,,0.0,,,,0.0,,,,,,0.0,,,,0.0,,,,0.0,,,,0.0,,,,,,0.0,,,,0.0,,,,2.2,,,,5.3,,,,,,1.0,,,,0.0,,0.0,
1989-02-26,1022.5,1023.6,1024.0,,1020.2,,18.2,20.9,,16.2,,10.0,59,49,,2.6,337.5,12.5,45.0,,0.0,0.0,0.0,,0.0,,0.3,2.6,11.82,3.3,19.2,20.3,20.7,21.8,22.9,23.2,,,,,,,9.8,,,,,,,,,,,,,,,2.53,1989-02-26T12:00:00,,,,,,,,,,,,,,,,,,,,,,,,,,,,,,,,,,,,,,,,,,,,,,4.7,22.5,,,,,,17.9,,,0,,,,3,,,,6,,,,,,0,,,,0,,,,0,,,,0,,,,,,0,,,,0,,,,0,,,,0,,,,,,0,,,,0,,,,0,,,,3,,,,,,8,,,,4,,0,,,22.5,,,5.2,,,,0.0,,,,12.9,,,,24.1,,,,,,0.0,,,,0.0,,,,0.0,,,,0.0,,,,,,0.0,,,,0.0,,,,0.0,,,,0.0,,,,,,0.0,,,,0.0,,,,0.0,,,,5.9,,,,,,12.4,,,,8.2,,0.0,
1989-02-27,1020.0,1021.1,1022.8,,1017.7,,19.8,22.9,,16.9,,12.9,65,55,,1.6,315.0,7.0,45.0,,0.0,0.0,0.0,,0.0,,0.0,0.0,8.26,3.0,19.4,19.6,19.8,20.7,21.8,23.1,,,,,,,9.1,,,,,,,,,,,,,,,1.63,1989-02-27T13:00:00,,,,,,,,,,,,,,,,,,,,,,,,,,,,,,,,,,,,,,,,,,,,,,6.0,21.3,,,,,,18.8,,,2,,,,0,,,,5,,,,,,4,,,,0,,,,0,,,,0,,,,,,0,,,,0,,,,0,,,,0,,,,,,0,,,,0,,,,0,,,,9,,,,,,4,,,,0,,0,,,67.5,,,3.1,,,,0.3,,,,0.0,,,,10.3,,,,,,9.1,,,,0.0,,,,0.0,,,,0.0,,,,,,0.0,,,,0.0,,,,0.0,,,,0.0,,,,,,0.0,,,,0.0,,,,0.0,,,,14.4,,,,,,4.2,,,,0.0,,0.0,
1989-02-28,1016.5,1017.6,1018.4,,1014.9,,22.4,26.8,,18.0,,15.7,66,47,,1.9,67.5,8.0,67.5,,0.0,0.0,0.0,,0.0,,8.9,76.8,22.69,4.3,22.7,21.9,21.3,21.4,21.5,23.0,,,,,,,4.5,,,,,,,,,,,,,,,3.34,1989-02-28T13:00:00,,,,,,,,,,,,,,,,,,,,,,,,,,,,,,,,,,,,,,,,,,,,,,8.8,21.4,,,,,,21.3,,,0,,,,1,,,,2,,,,,,9,,,,0,,,,0,,,,0,,,,,,0,,,,0,,,,0,,,,0,,,,,,0,,,,0,,,,0,,,,2,,,,,,9,,,,1,,0,,,67.5,,,4.1,,,,0.0,,,,1.3,,,,2.7,,,,,,25.4,,,,0.0,,,,0.0,,,,0.0,,,,,,0.0,,,,0.0,,,,0.0,,,,0.0,,,,,,0.0,,,,0.0,,,,0.0,,,,2.0,,,,,,12.5,,,,1.6,,0.0,
1989-03-01,1014.9,1016.0,1016.8,,1013.1,,23.6,27.7,,20.0,,18.1,72,56,,1.7,337.5,7.4,90.0,,8.3,2.3,3.0,,7.5,,6.9,59.2,20.64,-3.5,24.4,23.4,23.0,22.8,22.3,22.8,,,,,,,5.8,,,,,,,,,,,,,,,3.3,1989-03-01T12:00:00,,,,,,,,,,,,,,,,,,,,,,,,,,,,,,,,,,,,,,,,,,,,,,7.7,22.6,,,,,,19.1,,,0,,,,2,,,,3,,,,,,2,,,,5,,,,0,,,,0,,,,,,0,,,,0,,,,0,,,,0,,,,,,0,,,,0,,,,0,,,,5,,,,,,6,,,,1,,0,,,90.0,,,3.7,,,,0.0,,,,3.2,,,,5.7,,,,,,4.9,,,,14.5,,,,0.0,,,,0.0,,,,,,0.0,,,,0.0,,,,0.0,,,,0.0,,,,,,0.0,,,,0.0,,,,0.0,,,,5.7,,,,,,7.3,,,,0.4,,0.0,
1989-03-02,1015.0,1016.1,1017.1,,1012.9,,23.9,27.4,,21.2,,19.3,76,63,,1.6,90.0,8.9,67.5,,2.0,0.2,1.8,,2.0,,5.0,42.9,18.42,-3.3,25.0,24.1,23.7,23.5,23.0,23.1,,,,,,,6.5,,,,,,,,,,,,,,,3.55,1989-03-02T13:00:00,,,,,,,,,,,,,,,,,,,,,,,,,,,,,,,,,,,,,,,,,,,,,,6.2,23.2,,,,,,19.4,,,2,,,,0,,,,0,,,,,,3,,,,8,,,,0,,,,0,,,,,,0,,,,0,,,,0,,,,0,,,,,,0,,,,0,,,,1,,,,3,,,,,,6,,,,1,,0,,,67.5,,,4.1,,,,0.3,,,,0.0,,,,0.0,,,,,,8.0,,,,21.9,,,,0.0,,,,0.0,,,,,,0.0,,,,0.0,,,,0.0,,,,0.0,,,,,,0.0,,,,0.0,,,,1.0,,,,2.9,,,,,,4.9,,,,0.3,,0.0,
1989-03-03,1012.2,1013.3,1015.1,,1009.7,,24.3,28.0,,21.5,,19.8,77,61,,1.3,315.0,4.8,135.0,,0.0,0.0,0.0,,0.0,,5.7,48.9,18.79,3.8,25.5,25.0,24.5,24.1,23.6,23.2,,,,,,,6.9,,,,,,,,,,,,,,,3.51,1989-03-03T13:00:00,,,,,,,,,,,,,,,,,,,,,,,,,,,,,,,,,,,,,,,,,,,,,,6.5,23.9,,,,,,19.4,,,0,,,,0,,,,0,,,,,,0,,,,0,,,,3,,,,6,,,,,,1,,,,1,,,,0,,,,0,,,,,,0,,,,1,,,,2,,,,10,,,,,,0,,,,0,,0,,,135.0,,,3.1,,,,0.0,,,,0.0,,,,0.0,,,,,,0.0,,,,0.0,,,,5.2,,,,12.4,,,,,,0.8,,,,0.8,,,,0.0,,,,0.0,,,,,,0.0,,,,0.5,,,,2.5,,,,8.6,,,,,,0.0,,,,0.0,,0.0,
1989-03-04,1011.4,1012.5,1013.9,,1009.7,,21.5,27.9,,17.1,,16.1,71,48,,2.9,45.0,14.3,67.5,,0.3,0.3,0.3,,0.3,,5.4,46.4,15.78,-2.8,22.4,23.4,23.5,23.9,24.0,23.5,,,,,,,7.0,,,,,,,,,,,,,,,3.04,1989-03-04T11:00:00,,,,,,,,,,,,,,,,,,,,,,,,,,,,,,,,,,,,,,,,,,,,,,10.8,24.0,,,,,,20.6,,,0,,,,1,,,,9,,,,,,2,,,,1,,,,0,,,,1,,,,,,0,,,,0,,,,0,,,,0,,,,,,0,,,,0,,,,2,,,,7,,,,,,0,,,,1,,0,,,67.5,,,5.9,,,,0.0,,,,2.7,,,,37.9,,,,,,10.2,,,,3.3,,,,0.0,,,,2.1,,,,,,0.0,,,,0.0,,,,0.0,,,,0.0,,,,,,0.0,,,,0.0,,,,2.7,,,,7.9,,,,,,0.0,,,,1.8,,0.0,
1989-03-05,1015.7,1016.8,1017.9,,1013.3,,15.6,17.2,,13.8,,12.0,79,68,,1.5,337.5,10.1,45.0,,2.0,4.7,0.3,,0.7,,0.0,0.0,3.08,-2.0,17.3,19.1,20.1,21.7,23.3,23.4,,,,,,,10.0,,,,,,,,,,,,,,,0.47,1989-03-05T11:00:00,,,,,,,,,,,,,,,,,,,,,,,,,,,,,,,,,,,,,,,,,,,,,,3.4,22.6,,,,,,15.0,,,0,,,,1,,,,0,,,,,,0,,,,0,,,,0,,,,0,,,,,,0,,,,0,,,,0,,,,0,,,,,,0,,,,0,,,,0,,,,10,,,,,,12,,,,1,,0,,,45.0,,,3.8,,,,0.0,,,,2.1,,,,0.0,,,,,,0.0,,,,0.0,,,,0.0,,,,0.0,,,,,,0.0,,,,0.0,,,,0.0,,,,0.0,,,,,,0.0,,,,0.0,,,,0.0,,,,15.4,,,,,,16.7,,,,2.5,,0.0,
1989-03-06,1019.6,1020.7,1021.7,,1017.7,,13.8,15.2,,13.0,,8.4,70,65,,1.9,315.0,7.4,337.5,,0.0,0.0,0.0,,0.0,,0.0,0.0,2.53,1.6,14.7,16.4,17.4,19.2,21.5,23.5,,,,,,,10.0,,,,,,,,,,,,,,,0.51,1989-03-06T13:00:00,,,,,,,,,,,,,,,,,,,,,,,,,,,,,,,,,,,,,,,,,,,,,,2.2,20.4,,,,,,17.5,,,0,,,,0,,,,0,,,,,,0,,,,0,,,,0,,,,0,,,,,,0,,,,0,,,,0,,,,0,,,,,,0,,,,0,,,,0,,,,20,,,,,,4,,,,0,,0,,,315.0,,,2.6,,,,0.0,,,,0.0,,,,0.0,,,,,,0.0,,,,0.0,,,,0.0,,,,0.0,,,,,,0.0,,,,0.0,,,,0.0,,,,0.0,,,,,,0.0,,,,0.0,,,,0.0,,,,37.6,,,,,,8.9,,,,0.0,,0.0,
1989-03-07,1022.2,1023.4,1023.9,,1020.5,,13.9,15.8,,12.8,,8.1,68,60,,1.9,315.0,7.7,292.5,,0.0,0.0,0.0,,0.0,,0.0,0.0,2.99,2.4,14.0,15.4,16.0,17.7,19.9,23.0,,,,,,,10.0,,,,,,,,,,,,,,,0.6,1989-03-07T12:00:00,,,,,,,,,,,,,,,,,,,,,,,,,,,,,,,,,,,,,,,,,,,,,,3.0,18.8,,,,,,18.1,,,0,,,,0,,,,0,,,,,,0,,,,0,,,,0,,,,0,,,,,,0,,,,0,,,,0,,,,0,,,,,,0,,,,0,,,,0,,,,23,,,,,,1,,,,0,,0,,,337.5,,,2.6,,,,0.0,,,,0.0,,,,0.0,,,,,,0.0,,,,0.0,,,,0.0,,,,0.0,,,,,,0.0,,,,0.0,,,,0.0,,,,0.0,,,,,,0.0,,,,0.0,,,,0.0,,,,42.4,,,,,,2.6,,,,0.0,,0.0,
1989-03-08,1023.0,1024.2,1024.9,,1021.3,,13.3,14.1,,12.7,,6.8,65,60,,1.7,315.0,8.0,337.5,,0.0,0.0,0.0,,0.0,,0.0,0.0,1.92,1.4,13.0,14.4,15.3,16.7,19.0,22.5,,,,,,,10.0,,,,,,,,,,,,,,,0.34,1989-03-08T12:00:00,,,,,,,,,,,,,,,,,,,,,,,,,,,,,,,,,,,,,,,,,,,,,,1.4,17.9,,,,,,18.5,,,0,,,,0,,,,0,,,,,,0,,,,0,,,,0,,,,0,,,,,,0,,,,0,,,,0,,,,0,,,,,,0,,,,0,,,,0,,,,19,,,,,,5,,,,0,,0,,,315.0,,,2.6,,,,0.0,,,,0.0,,,,0.0,,,,,,0.0,,,,0.0,,,,0.0,,,,0.0,,,,,,0.0,,,,0.0,,,,0.0,,,,0.0,,,,,,0.0,,,,0.0,,,,0.0,,,,32.1,,,,,,7.5,,,,0.0,,0.0,
1989-03-09,1022.7,1023.8,1024.6,,1021.0,,15.7,19.9,,12.2,,7.9,60,47,,2.0,315.0,10.5,45.0,,0.0,0.0,0.0,,0.0,,2.6,22.1,14.59,3.1,16.4,16.2,16.2,16.7,18.1,22.0,,,,,,,9.0,,,,,,,,,,,,,,,3.51,1989-03-09T12:00:00,,,,,,,,,,,,,,,,,,,,,,,,,,,,,,,,,,,,,,,,,,,,,,7.7,17.4,,,,,,18.8,,,0,,,,0,,,,3,,,,,,2,,,,0,,,,0,,,,0,,,,,,0,,,,0,,,,0,,,,0,,,,,,0,,,,0,,,,0,,,,16,,,,,,3,,,,0,,0,,,67.5,,,4.9,,,,0.0,,,,0.0,,,,9.7,,,,,,7.8,,,,0.0,,,,0.0,,,,0.0,,,,,,0.0,,,,0.0,,,,0.0,,,,0.0,,,,,,0.0,,,,0.0,,,,0.0,,,,26.3,,,,,,4.4,,,,0.0,,0.0,
1989-03-10,1021.3,1022.4,1023.4,,1019.0,,18.4,22.7,,14.2,,10.7,61,49,,2.4,315.0,8.6,90.0,,0.0,0.0,0.0,,0.0,,7.8,66.3,22.62,4.0,19.7,18.7,18.2,18.2,18.6,21.8,,,,,,,7.4,,,,,,,,,,,,,,,3.51,1989-03-10T13:00:00,,,,,,,,,,,,,,,,,,,,,,,,,,,,,,,,,,,,,,,,,,,,,,8.5,18.3,,,,,,20.6,,,0,,,,0,,,,1,,,,,,7,,,,2,,,,0,,,,0,,,,,,0,,,,0,,,,0,,,,0,,,,,,0,,,,0,,,,0,,,,11,,,,,,3,,,,0,,0,,,90.0,,,4.2,,,,0.0,,,,0.0,,,,1.8,,,,,,23.0,,,,6.9,,,,0.0,,,,0.0,,,,,,0.0,,,,0.0,,,,0.0,,,,0.0,,,,,,0.0,,,,0.0,,,,0.0,,,,19.0,,,,,,5.7,,,,0.0,,0.0,
1989-03-11,1018.5,1019.6,1021.1,,1016.1,,21.0,24.8,,16.4,,12.5,59,44,,1.5,315.0,6.4,337.5,,0.0,0.0,0.0,,0.0,,8.0,67.4,24.06,4.2,22.1,21.0,20.2,20.0,19.7,21.4,,,,,,,5.1,,,,,,,,,,,,,,,3.51,1989-03-11T13:00:00,,,,,,,,,,,,,,,,,,,,,,,,,,,,,,,,,,,,,,,,,,,,,,8.4,19.7,,,,,,23.8,,,0,,,,0,,,,1,,,,,,4,,,,3,,,,1,,,,1,,,,,,0,,,,0,,,,0,,,,0,,,,,,0,,,,0,,,,0,,,,9,,,,,,4,,,,1,,0,,,90.0,,,3.3,,,,0.0,,,,0.0,,,,0.7,,,,,,5.6,,,,7.6,,,,2.3,,,,1.8,,,,,,0.0,,,,0.0,,,,0.0,,,,0.0,,,,,,0.0,,,,0.0,,,,0.0,,,,13.4,,,,,,3.2,,,,1.3,,0.0,
1989-03-12,1015.6,1016.7,1018.1,,1013.6,,22.2,26.4,,18.6,,14.8,63,51,,1.5,292.5,7.8,90.0,,0.0,0.0,0.0,,0.0,,4.8,40.4,17.24,3.5,22.6,22.1,21.7,21.5,21.0,21.5,,,,,,,5.9,,,,,,,,,,,,,,,3.51,1989-03-12T12:00:00,,,,,,,,,,,,,,,,,,,,,,,,,,,,,,,,,,,,,,,,,,,,,,7.8,21.2,,,,,,19.4,,,0,,,,0,,,,1,,,,,,0,,,,1,,,,4,,,,2,,,,,,0,,,,0,,,,0,,,,0,,,,,,0,,,,1,,,,6,,,,5,,,,,,4,,,,0,,0,,,90.0,,,4.2,,,,0.0,,,,0.0,,,,2.5,,,,,,0.0,,,,3.4,,,,8.3,,,,1.9,,,,,,0.0,,,,0.0,,,,0.0,,,,0.0,,,,,,0.0,,,,1.5,,,,7.4,,,,5.2,,,,,,5.0,,,,0.0,,0.0,
1989-03-13,1011.6,1012.7,1014.3,,1009.2,,22.7,26.8,,19.7,,16.5,68,52,,1.0,315.0,4.8,315.0,,0.0,0.0,0.0,,0.0,,3.3,27.8,12.82,2.9,22.6,22.3,21.9,21.7,21.5,22.0,,,,,,,9.3,,,,,,,,,,,,,,,3.6,1989-03-13T12:00:00,,,,,,,,,,,,,,,,,,,,,,,,,,,,,,,,,,,,,,,,,,,,,,7.1,21.7,,,,,,17.3,,,2,,,,0,,,,0,,,,,,0,,,,0,,,,2,,,,2,,,,,,1,,,,0,,,,0,,,,0,,,,,,0,,,,0,,,,1,,,,12,,,,,,4,,,,0,,0,,,112.5,,,2.2,,,,0.4,,,,0.0,,,,0.0,,,,,,0.0,,,,0.0,,,,2.1,,,,2.7,,,,,,0.6,,,,0.0,,,,0.0,,,,0.0,,,,,,0.0,,,,0.0,,,,1.1,,,,12.3,,,,,,5.0,,,,0.0,,0.0,
1989-03-14,1010.8,1011.9,1013.7,,1008.5,,24.6,29.0,,21.9,,19.4,73,60,,2.7,45.0,11.7,67.5,,0.0,0.0,0.0,,0.0,,7.0,59.0,21.27,3.4,25.1,23.8,23.3,22.8,22.1,22.3,,,,,,,5.8,,,,,,,,,,,,,,,3.3,1989-03-14T13:00:00,,,,,,,,,,,,,,,,,,,,,,,,,,,,,,,,,,,,,,,,,,,,,,7.1,22.6,,,,,,18.5,,,0,,,,0,,,,8,,,,,,7,,,,0,,,,0,,,,0,,,,,,0,,,,0,,,,0,,,,0,,,,,,0,,,,0,,,,0,,,,4,,,,,,4,,,,1,,0,,,67.5,,,5.1,,,,0.0,,,,0.0,,,,24.6,,,,,,28.4,,,,0.0,,,,0.0,,,,0.0,,,,,,0.0,,,,0.0,,,,0.0,,,,0.0,,,,,,0.0,,,,0.0,,,,0.0,,,,5.2,,,,,,5.7,,,,0.6,,0.0,
1989-03-15,1013.6,1014.7,1015.1,,1012.3,,23.6,27.0,,21.7,,19.0,75,66,,1.8,315.0,10.0,67.5,,0.0,0.0,0.0,,0.0,,2.4,20.2,14.56,3.0,24.7,24.0,23.7,23.5,22.5,23.0,,,,,,,8.9,,,,,,,,,,,,,,,2.53,1989-03-15T14:00:00,,,,,,,,,,,,,,,,,,,,,,,,,,,,,,,,,,,,,,,,,,,,,,5.3,23.4,,,,,,19.4,,,0,,,,0,,,,4,,,,,,5,,,,0,,,,0,,,,0,,,,,,0,,,,0,,,,0,,,,0,,,,,,0,,,,0,,,,0,,,,6,,,,,,6,,,,3,,0,,,67.5,,,4.4,,,,0.0,,,,0.0,,,,10.7,,,,,,19.9,,,,0.0,,,,0.0,,,,0.0,,,,,,0.0,,,,0.0,,,,0.0,,,,0.0,,,,,,0.0,,,,0.0,,,,0.0,,,,4.8,,,,,,4.6,,,,2.7,,0.0,
1989-03-16,1013.5,1014.6,1015.0,,1011.7,,24.7,27.7,,22.2,,20.4,77,65,,1.4,67.5,6.6,45.0,,0.2,0.8,0.1,,0.2,,0.9,7.5,12.41,-2.7,24.8,24.2,24.0,23.7,23.4,22.8,,,,,,,9.1,,,,,,,,,,,,,,,1.93,1989-03-16T11:00:00,,,,,,,,,,,,,,,,,,,,,,,,,,,,,,,,,,,,,,,,,,,,,,5.5,23.6,,,,,,19.4,,,0,,,,1,,,,2,,,,,,8,,,,2,,,,0,,,,0,,,,,,0,,,,0,,,,0,,,,0,,,,,,0,,,,0,,,,0,,,,6,,,,,,5,,,,0,,0,,,67.5,,,2.9,,,,0.0,,,,0.7,,,,4.0,,,,,,16.8,,,,3.8,,,,0.0,,,,0.0,,,,,,0.0,,,,0.0,,,,0.0,,,,0.0,,,,,,0.0,,,,0.0,,,,0.0,,,,4.5,,,,,,3.7,,,,0.0,,0.0,
1989-03-17,1014.0,1015.1,1015.8,,1012.4,,21.9,24.4,,19.6,,21.2,95,86,,1.4,45.0,8.4,22.5,,23.8,17.7,2.0,,3.9,,0.0,0.0,5.76,-1.0,23.5,23.6,23.6,23.9,23.7,23.0,,,,,,,10.0,,,,,,,,,,,,,,,1.16,1989-03-17T13:00:00,,,,,,,,,,,,,,,,,,,,,,,,,,,,,,,,,,,,,,,,,,,,,,4.8,23.9,,,,,,10.0,,,1,,,,4,,,,9,,,,,,1,,,,0,,,,0,,,,0,,,,,,0,,,,0,,,,0,,,,0,,,,,,0,,,,0,,,,0,,,,0,,,,,,9,,,,0,,0,,,22.5,,,3.8,,,,0.2,,,,7.3,,,,18.7,,,,,,0.5,,,,0.0,,,,0.0,,,,0.0,,,,,,0.0,,,,0.0,,,,0.0,,,,0.0,,,,,,0.0,,,,0.0,,,,0.0,,,,0.0,,,,,,6.6,,,,0.0,,0.0,
1989-03-18,1011.1,1012.2,1015.2,,1008.6,,21.8,24.7,,19.4,,20.5,92,79,,0.5,337.5,3.3,315.0,,13.5,11.2,0.9,,2.5,,0.1,0.8,6.82,-1.2,22.6,22.6,22.7,23.0,23.4,23.2,,,,,,,10.0,,,,,,,,,,,,,,,1.46,1989-03-18T15:00:00,,,,,,,,,,,,,,,,,,,,,,,,,,,,,,,,,,,,,,,,,,,,,,5.3,23.2,,,,,,12.9,,,9,,,,1,,,,0,,,,,,0,,,,0,,,,0,,,,0,,,,,,1,,,,1,,,,0,,,,0,,,,,,0,,,,0,,,,0,,,,3,,,,,,9,,,,0,,0,,,22.5,,,1.3,,,,0.7,,,,1.3,,,,0.0,,,,,,0.0,,,,0.0,,,,0.0,,,,0.0,,,,,,1.1,,,,0.9,,,,0.0,,,,0.0,,,,,,0.0,,,,0.0,,,,0.0,,,,1.8,,,,,,6.4,,,,0.0,,0.0,
1989-03-19,1008.2,1009.3,1010.2,,1006.3,,24.0,27.8,,21.4,,20.6,81,72,,1.6,315.0,9.9,45.0,,0.0,0.0,0.0,,0.0,,1.4,11.7,12.53,2.8,24.2,23.9,23.7,23.6,23.4,23.3,,,,,,,9.8,,,,,,,,,,,,,,,2.61,1989-03-19T13:00:00,,,,,,,,,,,,,,,,,,,,,,,,,,,,,,,,,,,,,,,,,,,,,,6.4,23.4,,,,,,17.3,,,3,,,,1,,,,6,,,,,,4,,,,0,,,,0,,,,0,,,,,,0,,,,0,,,,0,,,,0,,,,,,0,,,,0,,,,0,,,,7,,,,,,1,,,,2,,0,,,67.5,,,4.2,,,,0.3,,,,0.5,,,,18.6,,,,,,11.1,,,,0.0,,,,0.0,,,,0.0,,,,,,0.0,,,,0.0,,,,0.0,,,,0.0,,,,,,0.0,,,,0.0,,,,0.0,,,,5.5,,,,,,1.2,,,,1.6,,0.0,
1989-03-20,1012.5,1013.6,1016.4,,1009.5,,21.9,23.6,,20.0,,17.7,77,72,,3.2,45.0,12.9,45.0,,0.0,0.0,0.0,,0.0,,0.2,1.7,5.92,2.2,21.6,22.4,22.7,23.4,23.7,23.3,,,,,,,10.0,,,,,,,,,,,,,,,1.33,1989-03-20T10:00:00,,,,,,,,,,,,,,,,,,,,,,,,,,,,,,,,,,,,,,,,,,,,,,3.6,23.5,,,,,,16.3,,,0,,,,1,,,,16,,,,,,2,,,,0,,,,0,,,,0,,,,,,0,,,,0,,,,0,,,,0,,,,,,0,,,,0,,,,0,,,,2,,,,,,2,,,,1,,0,,,45.0,,,5.1,,,,0.0,,,,3.1,,,,59.5,,,,,,7.9,,,,0.0,,,,0.0,,,,0.0,,,,,,0.0,,,,0.0,,,,0.0,,,,0.0,,,,,,0.0,,,,0.0,,,,0.0,,,,0.9,,,,,,0.8,,,,3.6,,0.0,
1989-03-21,1016.7,1017.8,1018.6,,1015.3,,20.4,23.0,,18.7,,14.0,67,57,,1.8,315.0,11.3,45.0,,0.0,0.0,0.0,,0.0,,0.0,0.0,6.51,3.0,20.0,20.6,21.0,22.1,22.7,23.5,,,,,,,10.0,,,,,,,,,,,,,,,1.16,1989-03-21T14:00:00,,,,,,,,,,,,,,,,,,,,,,,,,,,,,,,,,,,,,,,,,,,,,,4.3,22.7,,,,,,17.5,,,0,,,,0,,,,5,,,,,,0,,,,0,,,,0,,,,0,,,,,,0,,,,0,,,,0,,,,0,,,,,,0,,,,0,,,,0,,,,12,,,,,,7,,,,0,,0,,,45.0,,,5.1,,,,0.0,,,,0.0,,,,18.1,,,,,,0.0,,,,0.0,,,,0.0,,,,0.0,,,,,,0.0,,,,0.0,,,,0.0,,,,0.0,,,,,,0.0,,,,0.0,,,,0.0,,,,17.4,,,,,,8.4,,,,0.0,,0.0,
1989-03-22,1016.1,1017.2,1018.2,,1014.0,,20.7,23.6,,18.6,,15.5,73,59,,1.8,337.5,9.6,67.5,,5.6,3.5,0.7,,3.5,,0.0,0.0,7.92,-1.4,20.0,20.3,20.5,21.4,22.3,23.4,,,,,,,9.5,,,,,,,,,,,,,,,1.5,1989-03-22T12:00:00,,,,,,,,,,,,,,,,,,,,,,,,,,,,,,,,,,,,,,,,,,,,,,5.0,21.8,,,,,,17.9,,,0,,,,1,,,,5,,,,,,3,,,,0,,,,0,,,,0,,,,,,0,,,,0,,,,0,,,,0,,,,,,0,,,,0,,,,0,,,,2,,,,,,10,,,,3,,0,,,45.0,,,4.0,,,,0.0,,,,1.7,,,,15.5,,,,,,8.7,,,,0.0,,,,0.0,,,,0.0,,,,,,0.0,,,,0.0,,,,0.0,,,,0.0,,,,,,0.0,,,,0.0,,,,0.0,,,,1.3,,,,,,13.8,,,,2.8,,0.0,
1989-03-23,1013.0,1014.1,1015.8,,1010.9,,19.2,20.3,,18.0,,18.9,98,92,,0.8,315.0,5.5,337.5,,51.5,20.3,1.8,,6.7,,0.0,0.0,2.65,-1.0,19.6,19.9,20.2,21.0,21.9,23.1,,,,,,,10.0,,,,,,,,,,,,,,,0.56,1989-03-23T14:00:00,,,,,,,,,,,,,,,,,,,,,,,,,,,,,,,,,,,,,,,,,,,,,,2.3,21.4,,,,,,10.6,,,4,,,,0,,,,0,,,,,,0,,,,0,,,,0,,,,0,,,,,,0,,,,0,,,,0,,,,0,,,,,,1,,,,0,,,,3,,,,13,,,,,,3,,,,0,,0,,,292.5,,,2.0,,,,0.7,,,,0.0,,,,0.0,,,,,,0.0,,,,0.0,,,,0.0,,,,0.0,,,,,,0.0,,,,0.0,,,,0.0,,,,0.0,,,,,,0.6,,,,0.0,,,,2.3,,,,12.3,,,,,,3.5,,,,0.0,,0.0,
1989-03-24,1012.3,1013.4,1013.7,,1010.9,,21.2,23.3,,19.1,,19.7,92,80,,0.8,337.5,5.5,67.5,,4.6,10.9,0.5,,1.1,,0.0,0.0,8.63,-1.7,21.4,21.2,21.2,21.4,21.5,22.9,,,,,,,9.8,,,,,,,,,,,,,,,1.03,1989-03-24T11:00:00,,,,,,,,,,,,,,,,,,,,,,,,,,,,,,,,,,,,,,,,,,,,,,4.2,21.5,,,,,,13.0,,,1,,,,1,,,,1,,,,,,0,,,,0,,,,0,,,,0,,,,,,0,,,,0,,,,0,,,,0,,,,,,0,,,,0,,,,0,,,,5,,,,,,13,,,,3,,0,,,67.5,,,2.6,,,,0.2,,,,1.9,,,,1.0,,,,,,0.0,,,,0.0,,,,0.0,,,,0.0,,,,,,0.0,,,,0.0,,,,0.0,,,,0.0,,,,,,0.0,,,,0.0,,,,0.0,,,,3.2,,,,,,9.9,,,,1.9,,0.0,
1989-03-25,1011.2,1012.3,1012.9,,1009.5,,21.2,24.5,,19.3,,18.1,82,67,,1.4,315.0,9.6,45.0,,1.0,4.2,0.2,,0.4,,0.6,5.0,9.66,-1.7,21.1,21.8,21.7,21.9,22.0,22.7,,,,,,,9.6,,,,,,,,,,,,,,,1.88,1989-03-25T11:00:00,,,,,,,,,,,,,,,,,,,,,,,,,,,,,,,,,,,,,,,,,,,,,,5.2,22.0,,,,,,15.0,,,0,,,,4,,,,6,,,,,,0,,,,0,,,,0,,,,0,,,,,,0,,,,0,,,,0,,,,0,,,,,,0,,,,0,,,,0,,,,7,,,,,,6,,,,1,,0,,,45.0,,,3.9,,,,0.0,,,,3.4,,,,16.7,,,,,,0.0,,,,0.0,,,,0.0,,,,0.0,,,,,,0.0,,,,0.0,,,,0.0,,,,0.0,,,,,,0.0,,,,0.0,,,,0.0,,,,8.2,,,,,,5.6,,,,0.4,,0.0,
1989-03-26,1011.0,1012.1,1012.5,,1009.1,,19.5,21.8,,17.6,,16.4,83,70,,1.3,337.5,6.4,45.0,,2.3,6.9,0.4,,0.9,,0.0,0.0,5.44,-1.5,20.1,20.7,20.9,21.7,22.3,22.8,,,,,,,10.0,,,,,,,,,,,,,,,0.9,1989-03-26T10:00:00,,,,,,,,,,,,,,,,,,,,,,,,,,,,,,,,,,,,,,,,,,,,,,4.2,22.1,,,,,,17.5,,,1,,,,0,,,,5,,,,,,2,,,,0,,,,0,,,,0,,,,,,0,,,,0,,,,0,,,,0,,,,,,0,,,,0,,,,0,,,,7,,,,,,7,,,,1,,1,,,45.0,,,2.7,,,,0.2,,,,0.0,,,,9.7,,,,,,4.5,,,,0.0,,,,0.0,,,,0.0,,,,,,0.0,,,,0.0,,,,0.0,,,,0.0,,,,,,0.0,,,,0.0,,,,0.0,,,,6.4,,,,,,8.5,,,,0.9,,0.5,
1989-03-27,1013.7,1014.8,1015.6,,1011.8,,17.9,20.0,,16.7,,14.4,81,62,,1.6,315.0,6.8,45.0,,2.7,5.8,0.4,,1.0,,0.0,0.0,6.38,1.8,19.1,19.6,20.0,20.9,21.7,22.7,,,,,,,10.0,,,,,,,,,,,,,,,1.24,1989-03-27T13:00:00,,,,,,,,,,,,,,,,,,,,,,,,,,,,,,,,,,,,,,,,,,,,,,3.3,21.4,,,,,,15.3,,,0,,,,1,,,,1,,,,,,0,,,,0,,,,0,,,,0,,,,,,0,,,,0,,,,0,,,,0,,,,,,0,,,,0,,,,0,,,,16,,,,,,5,,,,1,,0,,,45.0,,,3.2,,,,0.0,,,,2.8,,,,2.5,,,,,,0.0,,,,0.0,,,,0.0,,,,0.0,,,,,,0.0,,,,0.0,,,,0.0,,,,0.0,,,,,,0.0,,,,0.0,,,,0.0,,,,26.4,,,,,,5.3,,,,1.0,,0.0,
1989-03-28,1016.1,1017.2,1017.4,,1014.5,,19.8,24.0,,17.3,,13.1,66,49,,1.9,315.0,8.6,67.5,,0.0,0.0,0.0,,0.0,,3.7,30.3,13.32,3.3,19.9,20.0,20.1,20.5,21.3,22.7,,,,,,,9.3,,,,,,,,,,,,,,,3.3,1989-03-28T12:00:00,,,,,,,,,,,,,,,,,,,,,,,,,,,,,,,,,,,,,,,,,,,,,,6.7,20.9,,,,,,18.5,,,0,,,,3,,,,2,,,,,,4,,,,0,,,,0,,,,0,,,,,,0,,,,0,,,,0,,,,0,,,,,,0,,,,0,,,,0,,,,8,,,,,,5,,,,2,,0,,,67.5,,,3.8,,,,0.0,,,,6.4,,,,5.5,,,,,,12.3,,,,0.0,,,,0.0,,,,0.0,,,,,,0.0,,,,0.0,,,,0.0,,,,0.0,,,,,,0.0,,,,0.0,,,,0.0,,,,11.3,,,,,,7.1,,,,2.0,,0.0,
1989-03-29,1017.9,1019.0,1020.0,,1016.3,,19.2,23.5,,17.0,,14.7,75,60,,1.9,315.0,8.7,67.5,,1.7,2.1,0.6,,1.5,,3.5,28.6,12.4,-1.9,20.1,20.4,20.5,20.7,21.3,22.5,,,,,,,9.5,,,,,,,,,,,,,,,2.7,1989-03-29T12:00:00,,,,,,,,,,,,,,,,,,,,,,,,,,,,,,,,,,,,,,,,,,,,,,6.5,21.1,,,,,,17.5,,,0,,,,0,,,,6,,,,,,4,,,,0,,,,1,,,,0,,,,,,0,,,,0,,,,0,,,,0,,,,,,0,,,,0,,,,0,,,,10,,,,,,2,,,,0,,1,,,67.5,,,4.4,,,,0.0,,,,0.0,,,,14.1,,,,,,14.7,,,,0.0,,,,0.3,,,,0.0,,,,,,0.0,,,,0.0,,,,0.0,,,,0.0,,,,,,0.0,,,,0.0,,,,0.0,,,,14.4,,,,,,2.0,,,,0.0,,0.6,
1989-03-30,1017.5,1018.6,1019.5,,1015.8,,20.2,23.5,,17.4,,15.8,76,66,,0.9,315.0,4.6,315.0,,0.5,1.1,0.3,,0.4,,0.0,0.0,7.8,2.0,20.5,20.2,20.3,20.8,21.4,22.5,,,,,,,10.0,,,,,,,,,,,,,,,1.58,1989-03-30T13:00:00,,,,,,,,,,,,,,,,,,,,,,,,,,,,,,,,,,,,,,,,,,,,,,6.1,21.1,,,,,,16.4,,,2,,,,1,,,,1,,,,,,0,,,,1,,,,0,,,,0,,,,,,0,,,,0,,,,0,,,,0,,,,,,0,,,,0,,,,0,,,,9,,,,,,9,,,,1,,0,,,315.0,,,1.8,,,,0.4,,,,0.3,,,,0.3,,,,,,0.0,,,,1.0,,,,0.0,,,,0.0,,,,,,0.0,,,,0.0,,,,0.0,,,,0.0,,,,,,0.0,,,,0.0,,,,0.0,,,,9.8,,,,,,8.8,,,,0.6,,0.0,
1989-03-31,1014.6,1015.7,1017.2,,1012.7,,22.3,24.8,,20.0,,18.5,80,66,,0.8,337.5,4.4,337.5,,0.0,0.0,0.0,,0.0,,0.3,2.5,6.73,1.4,24.7,24.6,24.5,24.7,21.5,22.5,,,,,,,9.5,,,,,,,,,,,,,,,1.41,1989-03-31T10:00:00,,,,,,,,,,,,,,,,,,,,,,,,,,,,,,,,,,,,,,,,,,,,,,4.8,24.7,,,,,,16.6,,,3,,,,3,,,,2,,,,,,2,,,,1,,,,0,,,,0,,,,,,0,,,,0,,,,0,,,,0,,,,,,0,,,,0,,,,0,,,,6,,,,,,6,,,,1,,0,,,22.5,,,1.8,,,,0.4,,,,2.3,,,,2.0,,,,,,1.8,,,,1.2,,,,0.0,,,,0.0,,,,,,0.0,,,,0.0,,,,0.0,,,,0.0,,,,,,0.0,,,,0.0,,,,0.0,,,,4.9,,,,,,5.6,,,,0.8,,0.0,
1989-04-01,1010.8,1011.9,1014.4,,1008.1,,25.3,29.0,,20.9,,21.6,80,70,,1.2,315.0,7.0,180.0,,0.0,0.0,0.0,,0.0,,5.6,45.4,21.02,3.2,25.5,24.2,23.3,22.8,22.0,22.5,,,,,,,7.9,,,,,,,,,,,,,,,3.47,1989-04-01T13:00:00,,,,,,,,,,,,,,,,,,,,,,,,,,,,,,,,,,,,,,,,,,,,,,8.1,22.4,,,,,,17.9,,,1,,,,0,,,,0,,,,,,0,,,,0,,,,0,,,,1,,,,,,2,,,,1,,,,2,,,,4,,,,,,3,,,,2,,,,0,,,,5,,,,,,3,,,,0,,0,,,202.5,,,3.4,,,,0.2,,,,0.0,,,,0.0,,,,,,0.0,,,,0.0,,,,0.0,,,,1.7,,,,,,3.9,,,,2.5,,,,6.1,,,,4.6,,,,,,3.3,,,,1.2,,,,0.0,,,,4.5,,,,,,1.7,,,,0.0,,0.0,
1989-04-02,1007.3,1008.4,1009.5,,1005.6,,26.0,28.7,,24.5,,20.5,73,43,,0.9,315.0,8.2,135.0,,1.2,0.8,0.5,,0.7,,0.0,0.0,5.73,-1.9,23.9,24.0,23.9,23.9,23.5,22.8,,,,,,,9.5,,,,,,,,,,,,,,,1.03,1989-04-02T12:00:00,,,,,,,,,,,,,,,,,,,,,,,,,,,,,,,,,,,,,,,,,,,,,,4.2,23.6,,,,,,19.4,,,0,,,,0,,,,1,,,,,,1,,,,0,,,,1,,,,0,,,,,,1,,,,0,,,,2,,,,4,,,,,,0,,,,1,,,,0,,,,8,,,,,,4,,,,0,,1,,,135.0,,,4.1,,,,0.0,,,,0.0,,,,1.0,,,,,,0.8,,,,0.0,,,,1.2,,,,0.0,,,,,,1.5,,,,0.0,,,,1.4,,,,5.5,,,,,,0.0,,,,0.4,,,,0.0,,,,7.8,,,,,,2.4,,,,0.0,,0.3,
1989-04-03,1006.2,1007.3,1007.5,,1004.6,,27.3,31.3,,24.8,,18.2,58,36,,1.8,225.0,9.7,180.0,,0.2,0.4,0.1,,0.2,,0.2,1.6,5.31,-2.2,23.0,23.0,22.9,23.4,23.5,23.0,,,,,,,9.1,,,,,,,,,,,,,,,0.9,1989-04-03T14:00:00,,,,,,,,,,,,,,,,,,,,,,,,,,,,,,,,,,,,,,,,,,,,,,6.5,23.5,,,,,,18.8,,,1,,,,0,,,,0,,,,,,0,,,,0,,,,0,,,,0,,,,,,0,,,,2,,,,2,,,,8,,,,,,5,,,,1,,,,2,,,,2,,,,,,1,,,,0,,0,,,180.0,,,5.3,,,,0.2,,,,0.0,,,,0.0,,,,,,0.0,,,,0.0,,,,0.0,,,,0.0,,,,,,0.0,,,,5.4,,,,7.2,,,,13.5,,,,,,9.5,,,,4.2,,,,1.4,,,,2.1,,,,,,0.3,,,,0.0,,0.0,
1989-04-04,1006.5,1007.6,1008.5,,1004.8,,24.9,28.3,,23.0,,20.9,79,61,,0.8,315.0,4.4,90.0,,7.3,7.8,0.9,,3.8,,2.4,19.4,12.28,-2.2,24.7,24.1,23.7,23.6,23.3,23.2,,,,,,,9.3,,,,,,,,,,,,,,,3.12,1989-04-04T13:00:00,,,,,,,,,,,,,,,,,,,,,,,,,,,,,,,,,,,,,,,,,,,,,,5.3,23.2,,,,,,15.0,,,2,,,,0,,,,2,,,,,,0,,,,2,,,,0,,,,0,,,,,,0,,,,0,,,,0,,,,1,,,,,,0,,,,0,,,,0,,,,12,,,,,,2,,,,3,,0,,,22.5,,,2.3,,,,0.4,,,,0.0,,,,3.0,,,,,,0.0,,,,2.4,,,,0.0,,,,0.0,,,,,,0.0,,,,0.0,,,,0.0,,,,1.3,,,,,,0.0,,,,0.0,,,,0.0,,,,9.2,,,,,,1.1,,,,2.5,,0.0,
1989-04-05,1007.7,1008.8,1010.3,,1005.8,,24.2,27.2,,22.4,,21.8,87,76,,1.0,337.5,8.7,292.5,,15.5,4.7,8.7,,13.0,,2.4,19.4,14.05,-2.7,25.5,24.9,24.5,24.4,23.9,23.4,,,,,,,9.3,,,,,,,,,,,,,,,3.6,1989-04-05T13:00:00,,,,,,,,,,,,,,,,,,,,,,,,,,,,,,,,,,,,,,,,,,,,,,4.8,24.1,,,,,,15.8,,,5,,,,0,,,,3,,,,,,3,,,,0,,,,1,,,,1,,,,,,0,,,,0,,,,0,,,,0,,,,,,0,,,,0,,,,1,,,,3,,,,,,6,,,,1,,0,,,67.5,,,3.6,,,,0.9,,,,0.0,,,,4.5,,,,,,7.7,,,,0.0,,,,2.2,,,,2.3,,,,,,0.0,,,,0.0,,,,0.0,,,,0.0,,,,,,0.0,,,,0.0,,,,0.7,,,,1.7,,,,,,3.6,,,,0.5,,0.0,
1989-04-06,1008.7,1009.8,1010.6,,1007.1,,23.4,25.3,,22.1,,21.0,87,80,,1.0,337.5,7.4,22.5,,5.4,5.1,0.6,,3.5,,0.0,0.0,5.74,-1.1,23.8,24.1,24.1,24.4,24.5,23.5,,,,,,,9.9,,,,,,,,,,,,,,,1.5,1989-04-06T11:00:00,,,,,,,,,,,,,,,,,,,,,,,,,,,,,,,,,,,,,,,,,,,,,,3.2,24.4,,,,,,14.9,,,1,,,,6,,,,4,,,,,,0,,,,0,,,,2,,,,0,,,,,,0,,,,0,,,,0,,,,0,,,,,,0,,,,0,,,,0,,,,3,,,,,,7,,,,1,,0,,,22.5,,,2.9,,,,0.0,,,,6.5,,,,9.2,,,,,,0.0,,,,0.0,,,,1.7,,,,0.0,,,,,,0.0,,,,0.0,,,,0.0,,,,0.0,,,,,,0.0,,,,0.0,,,,0.0,,,,2.3,,,,,,3.1,,,,0.3,,0.0,
1989-04-07,1010.0,1011.1,1011.5,,1008.2,,23.2,24.9,,22.1,,20.4,84,78,,0.8,315.0,7.3,22.5,,0.2,0.9,0.1,,0.2,,0.0,0.0,2.75,-0.5,22.5,22.9,23.3,23.7,24.1,23.6,,,,,,,9.1,,,,,,,,,,,,,,,0.56,1989-04-07T15:00:00,,,,,,,,,,,,,,,,,,,,,,,,,,,,,,,,,,,,,,,,,,,,,,2.8,23.9,,,,,,15.6,,,3,,,,4,,,,4,,,,,,1,,,,0,,,,0,,,,0,,,,,,0,,,,0,,,,0,,,,0,,,,,,0,,,,0,,,,1,,,,8,,,,,,2,,,,1,,0,,,45.0,,,2.9,,,,0.5,,,,5.7,,,,6.0,,,,,,0.5,,,,0.0,,,,0.0,,,,0.0,,,,,,0.0,,,,0.0,,,,0.0,,,,0.0,,,,,,0.0,,,,0.0,,,,0.4,,,,4.6,,,,,,1.4,,,,0.4,,0.0,
1989-04-08,1011.6,1012.7,1012.9,,1010.3,,22.3,23.4,,21.3,,19.5,84,79,,0.7,315.0,4.8,337.5,,0.0,0.0,0.0,,0.0,,0.0,0.0,3.3,-1.0,22.1,22.5,22.7,23.3,23.8,23.8,,,,,,,9.9,,,,,,,,,,,,,,,0.64,1989-04-08T11:00:00,,,,,,,,,,,,,,,,,,,,,,,,,,,,,,,,,,,,,,,,,,,,,,2.1,23.6,,,,,,16.0,,,2,,,,0,,,,0,,,,,,0,,,,0,,,,0,,,,0,,,,,,0,,,,0,,,,0,,,,0,,,,,,0,,,,0,,,,0,,,,15,,,,,,5,,,,2,,0,,,45.0,,,1.5,,,,0.4,,,,0.0,,,,0.0,,,,,,0.0,,,,0.0,,,,0.0,,,,0.0,,,,,,0.0,,,,0.0,,,,0.0,,,,0.0,,,,,,0.0,,,,0.0,,,,0.0,,,,9.9,,,,,,3.8,,,,1.5,,0.0,
1989-04-09,1011.2,1012.3,1012.4,,1009.1,,23.4,26.6,,20.5,,20.2,82,68,,0.9,315.0,4.6,90.0,,3.0,1.6,1.0,,2.6,,1.2,9.6,11.12,2.1,24.1,23.4,23.2,23.2,23.4,23.7,,,,,,,9.6,,,,,,,,,,,,,,,2.82,1989-04-09T12:00:00,,,,,,,,,,,,,,,,,,,,,,,,,,,,,,,,,,,,,,,,,,,,,,6.1,23.4,,,,,,17.3,,,3,,,,2,,,,0,,,,,,2,,,,2,,,,1,,,,1,,,,,,0,,,,0,,,,0,,,,0,,,,,,0,,,,0,,,,2,,,,6,,,,,,5,,,,0,,0,,,90.0,,,2.9,,,,0.6,,,,1.3,,,,0.0,,,,,,2.5,,,,3.1,,,,1.5,,,,1.9,,,,,,0.0,,,,0.0,,,,0.0,,,,0.0,,,,,,0.0,,,,0.0,,,,2.3,,,,4.5,,,,,,3.1,,,,0.0,,0.0,
1989-04-10,1014.6,1015.7,1017.8,,1011.4,,21.9,24.2,,19.6,,18.1,79,74,,1.7,45.0,11.8,45.0,,0.0,0.0,0.0,,0.0,,0.0,0.0,5.08,1.4,21.9,22.6,23.0,23.5,23.9,23.6,,,,,,,10.0,,,,,,,,,,,,,,,0.94,1989-04-10T11:00:00,,,,,,,,,,,,,,,,,,,,,,,,,,,,,,,,,,,,,,,,,,,,,,4.6,23.7,,,,,,17.3,,,1,,,,1,,,,6,,,,,,0,,,,0,,,,0,,,,0,,,,,,0,,,,0,,,,0,,,,0,,,,,,0,,,,0,,,,0,,,,5,,,,,,6,,,,5,,0,,,45.0,,,4.8,,,,0.2,,,,1.3,,,,18.4,,,,,,0.0,,,,0.0,,,,0.0,,,,0.0,,,,,,0.0,,,,0.0,,,,0.0,,,,0.0,,,,,,0.0,,,,0.0,,,,0.0,,,,7.1,,,,,,6.4,,,,6.7,,0.0,
1989-04-11,1016.8,1017.9,1018.6,,1015.4,,21.7,25.6,,18.3,,15.5,68,59,,2.0,315.0,10.2,67.5,,0.0,0.0,0.0,,0.0,,2.0,15.9,14.86,3.6,22.5,22.0,22.0,22.6,23.3,23.7,,,,,,,9.3,,,,,,,,,,,,,,,3.25,1989-04-11T14:00:00,,,,,,,,,,,,,,,,,,,,,,,,,,,,,,,,,,,,,,,,,,,,,,7.3,23.0,,,,,,17.6,,,0,,,,2,,,,2,,,,,,3,,,,0,,,,0,,,,0,,,,,,0,,,,0,,,,0,,,,0,,,,,,0,,,,0,,,,0,,,,10,,,,,,7,,,,0,,0,,,67.5,,,5.2,,,,0.0,,,,4.4,,,,6.8,,,,,,11.5,,,,0.0,,,,0.0,,,,0.0,,,,,,0.0,,,,0.0,,,,0.0,,,,0.0,,,,,,0.0,,,,0.0,,,,0.0,,,,14.4,,,,,,11.6,,,,0.0,,0.0,
1989-04-12,1015.9,1017.0,1018.0,,1013.8,,23.7,27.6,,21.1,,19.1,76,66,,1.6,315.0,7.6,67.5,,8.7,4.0,1.2,,3.7,,5.0,39.8,22.38,-3.0,25.3,24.2,23.8,23.5,23.2,23.6,,,,,,,8.8,,,,,,,,,,,,,,,3.85,1989-04-12T13:00:00,,,,,,,,,,,,,,,,,,,,,,,,,,,,,,,,,,,,,,,,,,,,,,6.5,23.4,,,,,,18.1,,,1,,,,0,,,,3,,,,,,4,,,,2,,,,0,,,,0,,,,,,0,,,,0,,,,0,,,,0,,,,,,0,,,,0,,,,0,,,,9,,,,,,3,,,,2,,0,,,67.5,,,4.0,,,,0.1,,,,0.0,,,,7.3,,,,,,10.5,,,,6.2,,,,0.0,,,,0.0,,,,,,0.0,,,,0.0,,,,0.0,,,,0.0,,,,,,0.0,,,,0.0,,,,0.0,,,,10.3,,,,,,3.0,,,,1.5,,0.0,
1989-04-13,1012.4,1013.5,1015.3,,1010.0,,25.5,29.2,,21.6,,21.9,81,68,,1.6,180.0,7.0,180.0,,2.0,2.3,0.7,,1.4,,7.6,60.6,25.43,-3.8,27.0,26.0,25.4,24.6,24.1,23.6,,,,,,,7.3,,,,,,,,,,,,,,,3.68,1989-04-13T13:00:00,,,,,,,,,,,,,,,,,,,,,,,,,,,,,,,,,,,,,,,,,,,,,,7.6,24.5,,,,,,18.9,,,1,,,,0,,,,0,,,,,,0,,,,0,,,,0,,,,0,,,,,,1,,,,6,,,,5,,,,0,,,,,,1,,,,1,,,,2,,,,5,,,,,,2,,,,0,,0,,,180.0,,,3.9,,,,0.2,,,,0.0,,,,0.0,,,,,,0.0,,,,0.0,,,,0.0,,,,0.0,,,,,,2.4,,,,16.1,,,,9.4,,,,0.0,,,,,,1.1,,,,0.5,,,,1.1,,,,4.5,,,,,,2.4,,,,0.0,,0.0,
1989-04-14,1009.4,1010.5,1011.6,,1007.5,,25.9,28.9,,22.6,,21.6,78,65,,1.6,67.5,8.1,45.0,,0.0,0.0,0.0,,0.0,,5.7,45.4,16.8,3.0,26.6,25.9,25.7,25.7,25.2,24.0,,,,,,,6.6,,,,,,,,,,,,,,,3.17,1989-04-14T14:00:00,,,,,,,,,,,,,,,,,,,,,,,,,,,,,,,,,,,,,,,,,,,,,,6.3,25.4,,,,,,19.4,,,2,,,,2,,,,3,,,,,,6,,,,0,,,,1,,,,1,,,,,,0,,,,0,,,,0,,,,0,,,,,,0,,,,0,,,,6,,,,2,,,,,,0,,,,1,,0,,,67.5,,,4.1,,,,0.3,,,,2.3,,,,5.5,,,,,,20.0,,,,0.0,,,,0.3,,,,0.9,,,,,,0.0,,,,0.0,,,,0.0,,,,0.0,,,,,,0.0,,,,0.0,,,,5.8,,,,1.6,,,,,,0.0,,,,1.1,,0.0,
1989-04-15,1008.1,1009.2,1009.5,,1006.3,,24.9,27.9,,23.3,,21.8,83,71,,1.4,45.0,8.8,67.5,,2.0,3.0,0.8,,1.0,,0.3,2.4,7.95,-1.2,24.5,25.0,25.1,25.4,25.5,24.2,,,,,,,9.6,,,,,,,,,,,,,,,1.75,1989-04-15T11:00:00,,,,,,,,,,,,,,,,,,,,,,,,,,,,,,,,,,,,,,,,,,,,,,4.6,25.2,,,,,,17.9,,,2,,,,0,,,,11,,,,,,2,,,,1,,,,0,,,,0,,,,,,0,,,,0,,,,0,,,,0,,,,,,0,,,,0,,,,0,,,,4,,,,,,3,,,,1,,0,,,67.5,,,3.9,,,,0.3,,,,0.0,,,,22.5,,,,,,5.4,,,,1.5,,,,0.0,,,,0.0,,,,,,0.0,,,,0.0,,,,0.0,,,,0.0,,,,,,0.0,,,,0.0,,,,0.0,,,,1.6,,,,,,1.7,,,,0.5,,0.0,
1989-04-16,1010.8,1011.9,1013.4,,1008.6,,22.7,24.1,,21.0,,19.7,84,77,,1.3,45.0,6.3,22.5,,0.5,2.9,0.2,,0.3,,0.0,0.0,3.65,1.5,23.0,23.5,23.9,24.6,25.0,24.4,,,,,,,10.0,,,,,,,,,,,,,,,0.77,1989-04-16T13:00:00,,,,,,,,,,,,,,,,,,,,,,,,,,,,,,,,,,,,,,,,,,,,,,3.1,24.9,,,,,,15.5,,,0,,,,3,,,,8,,,,,,0,,,,0,,,,0,,,,0,,,,,,0,,,,0,,,,0,,,,0,,,,,,0,,,,0,,,,0,,,,7,,,,,,3,,,,3,,0,,,22.5,,,3.3,,,,0.0,,,,5.0,,,,16.2,,,,,,0.0,,,,0.0,,,,0.0,,,,0.0,,,,,,0.0,,,,0.0,,,,0.0,,,,0.0,,,,,,0.0,,,,0.0,,,,0.0,,,,6.4,,,,,,1.7,,,,2.2,,0.0,
1989-04-17,1012.2,1013.3,1013.9,,1010.4,,23.1,25.6,,20.8,,18.9,77,69,,0.9,315.0,4.9,337.5,,0.0,0.0,0.0,,0.0,,0.1,0.8,6.99,-1.5,23.0,22.8,23.1,23.8,24.4,24.4,,,,,,,10.0,,,,,,,,,,,,,,,1.41,1989-04-17T13:00:00,,,,,,,,,,,,,,,,,,,,,,,,,,,,,,,,,,,,,,,,,,,,,,4.8,24.1,,,,,,16.5,,,1,,,,0,,,,0,,,,,,2,,,,0,,,,0,,,,0,,,,,,0,,,,0,,,,0,,,,0,,,,,,0,,,,0,,,,0,,,,10,,,,,,9,,,,2,,0,,,315.0,,,1.8,,,,0.2,,,,0.0,,,,0.0,,,,,,2.7,,,,0.0,,,,0.0,,,,0.0,,,,,,0.0,,,,0.0,,,,0.0,,,,0.0,,,,,,0.0,,,,0.0,,,,0.0,,,,10.3,,,,,,6.8,,,,0.8,,0.0,
1989-04-18,1009.8,1010.9,1012.2,,1007.3,,25.0,29.4,,22.2,,21.8,83,69,,1.5,315.0,7.5,45.0,,5.8,4.7,3.1,,4.5,,3.6,28.4,14.93,-3.2,25.7,24.7,24.4,24.2,24.1,24.3,,,,,,,9.1,,,,,,,,,,,,,,,3.51,1989-04-18T12:00:00,,,,,,,,,,,,,,,,,,,,,,,,,,,,,,,,,,,,,,,,,,,,,,7.2,24.1,,,,,,17.1,,,0,,,,1,,,,6,,,,,,0,,,,0,,,,0,,,,0,,,,,,0,,,,3,,,,1,,,,0,,,,,,1,,,,0,,,,0,,,,8,,,,,,4,,,,0,,0,,,180.0,,,3.7,,,,0.0,,,,0.4,,,,15.7,,,,,,0.0,,,,0.0,,,,0.0,,,,0.0,,,,,,0.0,,,,5.8,,,,2.5,,,,0.0,,,,,,1.0,,,,0.0,,,,0.0,,,,6.2,,,,,,3.9,,,,0.0,,0.0,
1989-04-19,1008.5,1009.6,1010.5,,1006.5,,26.6,29.7,,23.2,,22.0,76,59,,0.9,315.0,4.9,337.5,,0.0,0.0,0.0,,0.0,,5.4,42.7,19.22,3.0,27.1,26.3,25.8,25.4,24.8,24.3,,,,,,,5.1,,,,,,,,,,,,,,,3.3,1989-04-19T12:00:00,,,,,,,,,,,,,,,,,,,,,,,,,,,,,,,,,,,,,,,,,,,,,,6.5,25.1,,,,,,18.5,,,3,,,,0,,,,0,,,,,,0,,,,0,,,,0,,,,6,,,,,,0,,,,0,,,,0,,,,0,,,,,,1,,,,2,,,,2,,,,8,,,,,,2,,,,0,,0,,,135.0,,,2.5,,,,0.6,,,,0.0,,,,0.0,,,,,,0.0,,,,0.0,,,,0.0,,,,9.4,,,,,,0.0,,,,0.0,,,,0.0,,,,0.0,,,,,,0.3,,,,0.9,,,,1.8,,,,7.8,,,,,,1.8,,,,0.0,,0.0,
1989-04-20,1004.4,1005.5,1007.6,,1000.9,,27.5,31.3,,23.5,,22.2,73,57,,1.4,67.5,7.6,45.0,,0.0,0.0,0.0,,0.0,,9.2,69.7,23.8,4.4,28.5,27.5,26.9,26.5,25.7,24.5,,,,,,,2.3,,,,,,,,,,,,,,,3.38,1989-04-20T12:00:00,,,,,,,,,,,,,,,,,,,,,,,,,,,,,,,,,,,,,,,,,,,,,,7.8,26.1,,,,,,19.8,,,1,,,,0,,,,3,,,,,,7,,,,1,,,,2,,,,0,,,,,,0,,,,0,,,,0,,,,1,,,,,,0,,,,2,,,,6,,,,1,,,,,,0,,,,0,,0,,,67.5,,,3.6,,,,0.2,,,,0.0,,,,4.0,,,,,,16.3,,,,0.9,,,,4.3,,,,0.0,,,,,,0.0,,,,0.0,,,,0.0,,,,0.8,,,,,,0.0,,,,2.1,,,,4.1,,,,1.0,,,,,,0.0,,,,0.0,,0.0,
1989-04-21,1003.7,1004.8,1004.9,,1002.0,,27.3,30.2,,24.3,,22.3,74,60,,1.1,292.5,5.1,180.0,,0.0,0.0,0.0,,0.0,,6.4,50.2,18.01,3.6,27.9,27.3,27.0,26.8,26.2,24.7,,,,,,,6.9,,,,,,,,,,,,,,,2.82,1989-04-21T12:00:00,,,,,,,,,,,,,,,,,,,,,,,,,,,,,,,,,,,,,,,,,,,,,,5.9,26.7,,,,,,20.0,,,1,,,,1,,,,0,,,,,,2,,,,1,,,,0,,,,1,,,,,,0,,,,4,,,,1,,,,0,,,,,,0,,,,1,,,,8,,,,3,,,,,,1,,,,0,,0,,,180.0,,,2.6,,,,0.2,,,,0.3,,,,0.0,,,,,,1.7,,,,1.3,,,,0.0,,,,0.8,,,,,,0.0,,,,7.6,,,,2.3,,,,0.0,,,,,,0.0,,,,0.4,,,,6.6,,,,3.2,,,,,,0.8,,,,0.0,,0.0,
1989-04-22,1003.2,1004.3,1006.0,,1000.9,,27.7,31.0,,25.3,,23.8,79,69,,1.6,45.0,7.4,45.0,,0.0,0.0,0.0,,0.0,,7.5,58.8,20.72,3.7,28.8,28.1,27.8,27.3,26.6,25.1,,,,,,,5.4,,,,,,,,,,,,,,,2.91,1989-04-22T12:00:00,,,,,,,,,,,,,,,,,,,,,,,,,,,,,,,,,,,,,,,,,,,,,,5.7,27.0,,,,,,20.0,,,1,,,,0,,,,6,,,,,,4,,,,1,,,,5,,,,0,,,,,,0,,,,0,,,,0,,,,0,,,,,,0,,,,0,,,,1,,,,5,,,,,,1,,,,0,,0,,,45.0,,,3.4,,,,0.2,,,,0.0,,,,14.4,,,,,,9.4,,,,2.0,,,,9.7,,,,0.0,,,,,,0.0,,,,0.0,,,,0.0,,,,0.0,,,,,,0.0,,,,0.0,,,,0.6,,,,1.9,,,,,,0.7,,,,0.0,,0.0,
1989-04-23,1006.4,1007.5,1007.7,,1005.1,,24.2,25.9,,23.1,,22.3,89,72,,1.0,45.0,7.4,45.0,,3.2,6.0,0.7,,1.3,,0.0,0.0,2.66,-1.2,25.1,25.9,26.2,26.9,27.2,25.3,,,,,,,9.9,,,,,,,,,,,,,,,0.43,1989-04-23T13:00:00,,,,,,,,,,,,,,,,,,,,,,,,,,,,,,,,,,,,,,,,,,,,,,2.8,27.0,,,,,,14.5,,,3,,,,2,,,,6,,,,,,4,,,,0,,,,0,,,,0,,,,,,0,,,,0,,,,1,,,,0,,,,,,1,,,,2,,,,0,,,,2,,,,,,1,,,,2,,0,,,45.0,,,3.1,,,,0.2,,,,3.2,,,,9.1,,,,,,4.5,,,,0.0,,,,0.0,,,,0.0,,,,,,0.0,,,,0.0,,,,0.3,,,,0.0,,,,,,0.9,,,,1.4,,,,0.0,,,,1.4,,,,,,0.4,,,,1.4,,0.0,
1989-04-24,1010.8,1011.9,1015.7,,1004.5,,21.6,24.2,,18.9,,18.1,81,65,,2.6,45.0,9.9,67.5,,0.0,0.0,0.0,,0.0,,0.0,0.0,4.28,1.5,22.3,23.6,24.2,25.1,26.0,25.5,,,,,,,10.0,,,,,,,,,,,,,,,0.73,1989-04-24T09:00:00,,,,,,,,,,,,,,,,,,,,,,,,,,,,,,,,,,,,,,,,,,,,,,5.3,25.7,,,,,,16.4,,,1,,,,0,,,,11,,,,,,2,,,,0,,,,0,,,,0,,,,,,0,,,,0,,,,0,,,,0,,,,,,0,,,,0,,,,0,,,,6,,,,,,2,,,,2,,0,,,45.0,,,4.5,,,,0.2,,,,0.0,,,,41.8,,,,,,7.3,,,,0.0,,,,0.0,,,,0.0,,,,,,0.0,,,,0.0,,,,0.0,,,,0.0,,,,,,0.0,,,,0.0,,,,0.0,,,,10.0,,,,,,1.2,,,,0.9,,0.0,
1989-04-25,1013.4,1014.5,1015.0,,1011.8,,21.5,25.0,,18.6,,14.5,65,49,,1.4,315.0,5.9,67.5,,0.0,0.0,0.0,,0.0,,1.3,10.2,12.59,2.5,22.1,22.7,23.0,23.7,24.8,25.5,,,,,,,9.4,,,,,,,,,,,,,,,3.38,1989-04-25T11:00:00,,,,,,,,,,,,,,,,,,,,,,,,,,,,,,,,,,,,,,,,,,,,,,6.4,24.3,,,,,,17.0,,,0,,,,0,,,,1,,,,,,3,,,,3,,,,0,,,,0,,,,,,0,,,,0,,,,0,,,,0,,,,,,0,,,,0,,,,1,,,,14,,,,,,2,,,,0,,0,,,90.0,,,3.7,,,,0.0,,,,0.0,,,,1.2,,,,,,3.3,,,,8.0,,,,0.0,,,,0.0,,,,,,0.0,,,,0.0,,,,0.0,,,,0.0,,,,,,0.0,,,,0.0,,,,0.7,,,,17.4,,,,,,3.7,,,,0.0,,0.0,
1989-04-26,1013.5,1014.6,1015.0,,1011.9,,22.2,26.2,,20.4,,16.0,68,51,,1.2,315.0,5.1,337.5,,0.0,0.0,0.0,,0.0,,1.1,8.6,8.94,2.6,22.4,22.3,22.5,23.3,24.3,25.1,,,,,,,8.0,,,,,,,,,,,,,,,2.57,1989-04-26T15:00:00,,,,,,,,,,,,,,,,,,,,,,,,,,,,,,,,,,,,,,,,,,,,,,5.8,23.8,,,,,,17.3,,,0,,,,0,,,,1,,,,,,2,,,,2,,,,0,,,,0,,,,,,0,,,,0,,,,0,,,,0,,,,,,0,,,,0,,,,3,,,,15,,,,,,0,,,,1,,0,,,90.0,,,2.8,,,,0.0,,,,0.0,,,,1.3,,,,,,2.6,,,,4.5,,,,0.0,,,,0.0,,,,,,0.0,,,,0.0,,,,0.0,,,,0.0,,,,,,0.0,,,,0.0,,,,4.1,,,,16.2,,,,,,0.0,,,,0.4,,0.0,
1989-04-27,1014.4,1015.5,1015.7,,1013.1,,23.8,27.8,,19.5,,17.3,68,56,,1.3,315.0,5.0,112.5,,0.0,0.0,0.0,,0.0,,6.5,50.5,21.64,3.8,25.5,24.3,24.0,23.9,24.0,24.9,,,,,,,5.6,,,,,,,,,,,,,,,3.55,1989-04-27T13:00:00,,,,,,,,,,,,,,,,,,,,,,,,,,,,,,,,,,,,,,,,,,,,,,8.3,24.0,,,,,,20.0,,,1,,,,0,,,,1,,,,,,1,,,,3,,,,3,,,,2,,,,,,0,,,,0,,,,0,,,,0,,,,,,0,,,,0,,,,2,,,,11,,,,,,0,,,,0,,0,,,112.5,,,2.8,,,,0.2,,,,0.0,,,,0.8,,,,,,1.3,,,,4.6,,,,6.4,,,,4.6,,,,,,0.0,,,,0.0,,,,0.0,,,,0.0,,,,,,0.0,,,,0.0,,,,2.0,,,,12.1,,,,,,0.0,,,,0.0,,0.0,
1989-04-28,1013.2,1014.3,1014.9,,1011.3,,24.6,28.4,,21.1,,18.7,70,57,,1.2,315.0,5.5,135.0,,0.0,0.0,0.0,,0.0,,7.1,55.2,23.41,3.8,26.3,25.3,25.4,25.1,24.7,24.7,,,,,,,5.0,,,,,,,,,,,,,,,3.51,1989-04-28T13:00:00,,,,,,,,,,,,,,,,,,,,,,,,,,,,,,,,,,,,,,,,,,,,,,7.3,24.9,,,,,,17.9,,,1,,,,0,,,,0,,,,,,1,,,,3,,,,3,,,,2,,,,,,1,,,,0,,,,0,,,,0,,,,,,0,,,,0,,,,4,,,,7,,,,,,1,,,,1,,0,,,135.0,,,2.9,,,,0.2,,,,0.0,,,,0.0,,,,,,0.3,,,,6.0,,,,5.0,,,,4.0,,,,,,2.5,,,,0.0,,,,0.0,,,,0.0,,,,,,0.0,,,,0.0,,,,3.3,,,,6.6,,,,,,0.4,,,,0.3,,0.0,
1989-04-29,1009.7,1010.8,1012.4,,1007.7,,26.0,30.1,,21.5,,20.1,70,46,,1.2,315.0,4.9,337.5,,0.0,0.0,0.0,,0.0,,6.7,52.1,22.8,3.9,27.6,26.3,26.1,25.8,25.3,24.8,,,,,,,6.6,,,,,,,,,,,,,,,3.72,1989-04-29T12:00:00,,,,,,,,,,,,,,,,,,,,,,,,,,,,,,,,,,,,,,,,,,,,,,8.6,25.6,,,,,,18.9,,,0,,,,1,,,,0,,,,,,1,,,,0,,,,1,,,,3,,,,,,1,,,,4,,,,0,,,,0,,,,,,0,,,,0,,,,6,,,,6,,,,,,0,,,,0,,1,,,112.5,,,2.7,,,,0.0,,,,0.4,,,,0.0,,,,,,0.8,,,,0.0,,,,2.1,,,,3.5,,,,,,0.4,,,,5.7,,,,0.0,,,,0.0,,,,,,0.0,,,,0.0,,,,7.3,,,,7.7,,,,,,0.0,,,,0.0,,0.8,
1989-04-30,1007.7,1008.8,1010.2,,1005.7,,27.5,30.9,,23.2,,22.3,74,64,,2.2,67.5,8.0,67.5,,0.0,0.0,0.0,,0.0,,9.4,73.1,25.68,5.7,28.5,27.2,27.2,26.7,26.0,25.0,,,,,,,7.8,,,,,,,,,,,,,,,3.47,1989-04-30T13:00:00,,,,,,,,,,,,,,,,,,,,,,,,,,,,,,,,,,,,,,,,,,,,,,7.7,26.4,,,,,,18.8,,,0,,,,2,,,,2,,,,,,8,,,,4,,,,1,,,,0,,,,,,0,,,,0,,,,0,,,,0,,,,,,0,,,,0,,,,3,,,,4,,,,,,0,,,,0,,0,,,67.5,,,3.8,,,,0.0,,,,3.3,,,,4.2,,,,,,21.6,,,,11.0,,,,2.2,,,,0.0,,,,,,0.0,,,,0.0,,,,0.0,,,,0.0,,,,,,0.0,,,,0.0,,,,4.6,,,,5.0,,,,,,0.0,,,,0.0,,0.0,
1989-05-01,1008.0,1009.1,1009.4,,1006.4,,27.1,30.1,,24.9,,23.2,79,67,,1.5,45.0,7.9,45.0,,0.0,0.0,0.0,,0.0,,3.9,30.1,17.16,3.0,27.9,27.7,27.6,27.2,26.7,25.2,,,,,,,5.6,,,,,,,,,,,,,,,3.51,1989-05-01T11:00:00,,,,,,,,,,,,,,,,,,,,,,,,,,,,,,,,,,,,,,,,,,,,,,5.2,27.1,,,,,,17.0,,,3,,,,1,,,,6,,,,,,4,,,,5,,,,1,,,,0,,,,,,0,,,,0,,,,0,,,,0,,,,,,0,,,,0,,,,1,,,,2,,,,,,0,,,,1,,0,,,112.5,,,3.6,,,,0.4,,,,0.4,,,,8.6,,,,,,10.3,,,,11.5,,,,3.3,,,,0.0,,,,,,0.0,,,,0.0,,,,0.0,,,,0.0,,,,,,0.0,,,,0.0,,,,0.4,,,,1.4,,,,,,0.0,,,,0.3,,0.0,
1989-05-02,1006.9,1008.0,1009.1,,1004.1,,27.9,32.0,,24.7,,21.5,70,31,,1.6,315.0,11.5,270.0,,1.2,0.2,1.2,,1.2,,8.0,61.8,24.96,-4.9,29.3,28.1,27.9,27.5,26.8,25.5,,,,,,,7.4,,,,,,,,,,,,,,,3.77,1989-05-02T12:00:00,,,,,,,,,,,,,,,,,,,,,,,,,,,,,,,,,,,,,,,,,,,,,,7.3,27.2,,,,,,18.1,,,1,,,,0,,,,1,,,,,,0,,,,4,,,,2,,,,1,,,,,,0,,,,1,,,,0,,,,1,,,,,,1,,,,0,,,,1,,,,9,,,,,,0,,,,1,,1,,,292.5,,,5.9,,,,0.2,,,,0.0,,,,2.1,,,,,,0.0,,,,9.6,,,,3.9,,,,1.8,,,,,,0.0,,,,2.7,,,,0.0,,,,2.0,,,,,,2.0,,,,0.0,,,,3.7,,,,9.0,,,,,,0.0,,,,1.5,,0.8,
1989-05-03,1010.0,1011.1,1012.6,,1006.6,,25.6,27.9,,24.2,,21.6,79,69,,1.4,45.0,9.2,22.5,,0.5,1.7,0.2,,0.5,,0.2,1.5,17.16,-1.7,25.8,26.4,26.5,26.9,27.2,25.7,,,,,,,9.3,,,,,,,,,,,,,,,3.51,1989-05-03T11:00:00,,,,,,,,,,,,,,,,,,,,,,,,,,,,,,,,,,,,,,,,,,,,,,3.7,27.2,,,,,,16.0,,,0,,,,5,,,,8,,,,,,3,,,,0,,,,0,,,,0,,,,,,0,,,,0,,,,0,,,,0,,,,,,0,,,,0,,,,0,,,,4,,,,,,1,,,,3,,0,,,22.5,,,4.0,,,,0.0,,,,5.6,,,,14.9,,,,,,6.4,,,,0.0,,,,0.0,,,,0.0,,,,,,0.0,,,,0.0,,,,0.0,,,,0.0,,,,,,0.0,,,,0.0,,,,0.0,,,,1.9,,,,,,0.9,,,,3.4,,0.0,
1989-05-04,1008.9,1010.0,1011.4,,1006.4,,24.1,26.3,,22.4,,21.9,88,80,,0.9,315.0,6.5,67.5,,31.5,7.3,3.5,,11.0,,0.2,1.5,6.46,-0.9,24.5,24.9,25.2,25.8,26.5,25.9,,,,,,,9.6,,,,,,,,,,,,,,,1.24,1989-05-04T15:00:00,,,,,,,,,,,,,,,,,,,,,,,,,,,,,,,,,,,,,,,,,,,,,,3.9,26.2,,,,,,13.8,,,4,,,,2,,,,5,,,,,,2,,,,0,,,,0,,,,0,,,,,,0,,,,0,,,,0,,,,0,,,,,,0,,,,0,,,,0,,,,8,,,,,,2,,,,1,,0,,,67.5,,,2.9,,,,0.6,,,,2.3,,,,9.1,,,,,,3.4,,,,0.0,,,,0.0,,,,0.0,,,,,,0.0,,,,0.0,,,,0.0,,,,0.0,,,,,,0.0,,,,0.0,,,,0.0,,,,4.9,,,,,,0.8,,,,0.5,,0.0,
1989-05-05,1006.9,1008.0,1008.6,,1005.3,,24.2,27.4,,22.4,,22.7,92,76,,0.8,90.0,6.5,45.0,,23.0,10.1,3.3,,7.0,,0.3,2.3,10.88,-1.4,25.8,25.4,25.5,25.7,25.8,25.7,,,,,,,9.4,,,,,,,,,,,,,,,2.23,1989-05-05T12:00:00,,,,,,,,,,,,,,,,,,,,,,,,,,,,,,,,,,,,,,,,,,,,,,5.0,25.9,,,,,,13.8,,,7,,,,0,,,,2,,,,,,2,,,,5,,,,0,,,,0,,,,,,0,,,,0,,,,0,,,,0,,,,,,0,,,,0,,,,3,,,,1,,,,,,3,,,,1,,0,,,45.0,,,2.8,,,,1.2,,,,0.0,,,,2.5,,,,,,2.4,,,,9.5,,,,0.0,,,,0.0,,,,,,0.0,,,,0.0,,,,0.0,,,,0.0,,,,,,0.0,,,,0.0,,,,2.0,,,,0.7,,,,,,1.2,,,,0.4,,0.0,
1989-05-06,1008.5,1009.6,1011.0,,1005.8,,24.4,26.3,,23.0,,21.1,82,73,,1.2,45.0,9.3,67.5,,0.2,0.5,0.1,,0.2,,0.5,3.8,9.32,2.2,25.2,25.6,25.4,25.7,26.0,25.6,,,,,,,9.8,,,,,,,,,,,,,,,1.41,1989-05-06T09:00:00,,,,,,,,,,,,,,,,,,,,,,,,,,,,,,,,,,,,,,,,,,,,,,3.3,25.8,,,,,,17.5,,,3,,,,1,,,,7,,,,,,4,,,,1,,,,0,,,,0,,,,,,0,,,,0,,,,0,,,,0,,,,,,0,,,,0,,,,0,,,,5,,,,,,2,,,,1,,0,,,67.5,,,3.5,,,,0.6,,,,0.7,,,,10.5,,,,,,10.0,,,,1.7,,,,0.0,,,,0.0,,,,,,0.0,,,,0.0,,,,0.0,,,,0.0,,,,,,0.0,,,,0.0,,,,0.0,,,,3.1,,,,,,1.2,,,,0.6,,0.0,
1989-05-07,1009.4,1010.5,1011.0,,1007.8,,25.5,29.4,,21.7,,20.8,76,61,,1.3,315.0,5.5,157.5,,1.2,0.9,0.9,,1.1,,7.1,54.4,25.98,-3.9,28.2,26.9,26.3,26.3,25.6,25.5,,,,,,,5.9,,,,,,,,,,,,,,,3.94,1989-05-07T12:00:00,,,,,,,,,,,,,,,,,,,,,,,,,,,,,,,,,,,,,,,,,,,,,,7.7,26.0,,,,,,18.8,,,2,,,,0,,,,1,,,,,,0,,,,0,,,,2,,,,6,,,,,,3,,,,0,,,,0,,,,0,,,,,,1,,,,0,,,,1,,,,7,,,,,,1,,,,0,,0,,,135.0,,,3.0,,,,0.4,,,,0.0,,,,0.4,,,,,,0.0,,,,0.0,,,,3.9,,,,10.8,,,,,,4.9,,,,0.0,,,,0.0,,,,0.0,,,,,,0.8,,,,0.0,,,,0.9,,,,7.9,,,,,,0.8,,,,0.0,,0.0,
1989-05-08,1008.1,1009.2,1009.7,,1006.5,,26.0,29.5,,22.2,,21.2,75,64,,0.9,135.0,4.6,157.5,,0.0,0.0,0.0,,0.0,,7.3,56.0,24.83,3.9,28.6,27.5,27.2,27.0,26.6,25.7,,,,,,,4.6,,,,,,,,,,,,,,,3.85,1989-05-08T12:00:00,,,,,,,,,,,,,,,,,,,,,,,,,,,,,,,,,,,,,,,,,,,,,,7.3,26.8,,,,,,17.5,,,5,,,,0,,,,0,,,,,,0,,,,0,,,,0,,,,5,,,,,,1,,,,3,,,,0,,,,0,,,,,,0,,,,0,,,,5,,,,5,,,,,,0,,,,0,,0,,,135.0,,,2.8,,,,0.8,,,,0.0,,,,0.0,,,,,,0.0,,,,0.0,,,,0.0,,,,9.5,,,,,,2.0,,,,2.4,,,,0.0,,,,0.0,,,,,,0.0,,,,0.0,,,,3.8,,,,3.7,,,,,,0.0,,,,0.0,,0.0,
1989-05-09,1007.1,1008.2,1009.0,,1006.0,,27.2,30.8,,23.5,,21.3,70,61,,1.8,45.0,8.1,45.0,,0.0,0.0,0.0,,0.0,,10.0,76.7,27.5,6.2,29.5,28.4,27.8,27.6,27.0,25.8,,,,,,,5.4,,,,,,,,,,,,,,,3.72,1989-05-09T13:00:00,,,,,,,,,,,,,,,,,,,,,,,,,,,,,,,,,,,,,,,,,,,,,,7.3,27.2,,,,,,18.1,,,1,,,,0,,,,7,,,,,,3,,,,1,,,,2,,,,0,,,,,,0,,,,0,,,,0,,,,0,,,,,,0,,,,0,,,,2,,,,6,,,,,,2,,,,0,,0,,,67.5,,,3.9,,,,0.1,,,,0.0,,,,16.5,,,,,,10.0,,,,2.8,,,,5.1,,,,0.0,,,,,,0.0,,,,0.0,,,,0.0,,,,0.0,,,,,,0.0,,,,0.0,,,,1.7,,,,5.7,,,,,,1.3,,,,0.0,,0.0,
1989-05-10,1008.0,1009.1,1009.3,,1006.1,,28.2,32.6,,24.4,,22.5,72,58,,1.5,225.0,8.5,180.0,,0.0,0.0,0.0,,0.0,,10.9,83.6,29.0,5.0,29.0,29.0,28.4,28.0,27.5,26.0,,,,,,,1.4,,,,,,,,,,,,,,,3.77,1989-05-10T12:00:00,,,,,,,,,,,,,,,,,,,,,,,,,,,,,,,,,,,,,,,,,,,,,,8.2,27.7,,,,,,25.0,,,0,,,,0,,,,0,,,,,,0,,,,0,,,,1,,,,2,,,,,,1,,,,2,,,,0,,,,6,,,,,,1,,,,3,,,,4,,,,4,,,,,,0,,,,0,,0,,,202.5,,,3.9,,,,0.0,,,,0.0,,,,0.0,,,,,,0.0,,,,0.0,,,,1.5,,,,3.3,,,,,,1.8,,,,4.0,,,,0.0,,,,13.0,,,,,,1.9,,,,1.7,,,,6.4,,,,2.9,,,,,,0.0,,,,0.0,,0.0,
1989-05-11,1007.4,1008.5,1009.1,,1004.7,,28.5,32.1,,24.4,,23.0,72,57,,1.6,180.0,8.2,22.5,,0.0,0.0,0.0,,0.0,,11.2,85.3,29.91,6.1,29.8,29.3,28.6,28.4,28.0,26.4,,,,,,,1.0,,,,,,,,,,,,,,,3.85,1989-05-11T12:00:00,,,,,,,,,,,,,,,,,,,,,,,,,,,,,,,,,,,,,,,,,,,,,,7.7,28.1,,,,,,27.5,,,0,,,,1,,,,4,,,,,,0,,,,0,,,,0,,,,0,,,,,,1,,,,6,,,,1,,,,2,,,,,,0,,,,0,,,,5,,,,4,,,,,,0,,,,0,,0,,,180.0,,,3.9,,,,0.0,,,,1.6,,,,7.9,,,,,,0.0,,,,0.0,,,,0.0,,,,0.0,,,,,,0.8,,,,15.3,,,,1.4,,,,1.1,,,,,,0.0,,,,0.0,,,,6.8,,,,4.0,,,,,,0.0,,,,0.0,,0.0,
1989-05-12,1008.7,1009.8,1010.0,,1007.2,,28.7,31.3,,25.6,,23.7,75,54,,1.6,292.5,6.6,270.0,,0.0,0.0,0.0,,0.0,,8.7,66.3,27.02,5.3,30.3,29.6,29.0,28.7,28.3,26.5,,,,,,,4.4,,,,,,,,,,,,,,,3.72,1989-05-12T12:00:00,,,,,,,,,,,,,,,,,,,,,,,,,,,,,,,,,,,,,,,,,,,,,,5.7,28.6,,,,,,21.6,,,0,,,,0,,,,0,,,,,,0,,,,0,,,,0,,,,0,,,,,,1,,,,4,,,,4,,,,2,,,,,,1,,,,2,,,,5,,,,1,,,,,,4,,,,0,,0,,,180.0,,,3.4,,,,0.0,,,,0.0,,,,0.0,,,,,,0.0,,,,0.0,,,,0.0,,,,0.0,,,,,,2.7,,,,8.6,,,,9.2,,,,3.4,,,,,,0.7,,,,1.0,,,,8.3,,,,0.8,,,,,,3.3,,,,0.0,,0.0,
1989-05-13,1007.9,1009.0,1011.4,,1005.2,,28.8,33.3,,25.7,,23.2,72,59,,2.5,45.0,12.5,22.5,,0.0,0.0,0.0,,0.0,,7.9,60.2,24.65,4.9,30.4,29.7,29.2,28.9,28.7,26.7,,,,,,,7.5,,,,,,,,,,,,,,,3.55,1989-05-13T14:00:00,,,,,,,,,,,,,,,,,,,,,,,,,,,,,,,,,,,,,,,,,,,,,,7.6,28.8,,,,,,20.6,,,0,,,,0,,,,12,,,,,,1,,,,0,,,,0,,,,0,,,,,,2,,,,1,,,,0,,,,1,,,,,,0,,,,0,,,,1,,,,4,,,,,,2,,,,0,,0,,,45.0,,,5.8,,,,0.0,,,,0.0,,,,49.7,,,,,,2.1,,,,0.0,,,,0.0,,,,0.0,,,,,,1.7,,,,1.1,,,,0.0,,,,0.7,,,,,,0.0,,,,0.0,,,,1.3,,,,3.1,,,,,,1.2,,,,0.0,,0.0,
1989-05-14,1013.3,1014.4,1016.9,,1010.3,,23.4,25.8,,20.1,,18.7,75,60,,2.7,45.0,10.6,45.0,,0.1,1.3,0.1,,0.1,,0.0,0.0,6.08,-2.1,24.6,26.1,26.7,27.7,28.6,27.0,,,,,,,10.0,,,,,,,,,,,,,,,1.03,1989-05-14T10:00:00,,,,,,,,,,,,,,,,,,,,,,,,,,,,,,,,,,,,,,,,,,,,,,5.7,28.2,,,,,,16.1,,,0,,,,3,,,,12,,,,,,0,,,,0,,,,0,,,,0,,,,,,0,,,,0,,,,0,,,,0,,,,,,0,,,,0,,,,0,,,,2,,,,,,6,,,,1,,0,,,45.0,,,5.3,,,,0.0,,,,9.4,,,,44.2,,,,,,0.0,,,,0.0,,,,0.0,,,,0.0,,,,,,0.0,,,,0.0,,,,0.0,,,,0.0,,,,,,0.0,,,,0.0,,,,0.0,,,,2.8,,,,,,7.5,,,,1.8,,0.0,
1989-05-15,1014.2,1015.3,1016.0,,1012.1,,23.4,27.3,,19.5,,14.9,60,45,,1.6,337.5,5.8,67.5,,0.0,0.0,0.0,,0.0,,0.2,1.5,12.06,4.6,23.6,24.1,24.7,25.7,27.0,26.8,,,,,,,9.8,,,,,,,,,,,,,,,2.01,1989-05-15T15:00:00,,,,,,,,,,,,,,,,,,,,,,,,,,,,,,,,,,,,,,,,,,,,,,7.8,26.3,,,,,,18.5,,,1,,,,2,,,,4,,,,,,2,,,,0,,,,0,,,,0,,,,,,0,,,,0,,,,0,,,,0,,,,,,0,,,,0,,,,0,,,,7,,,,,,8,,,,0,,0,,,67.5,,,2.8,,,,0.0,,,,2.8,,,,8.3,,,,,,5.2,,,,0.0,,,,0.0,,,,0.0,,,,,,0.0,,,,0.0,,,,0.0,,,,0.0,,,,,,0.0,,,,0.0,,,,0.0,,,,10.2,,,,,,10.7,,,,0.0,,0.0,
1989-05-16,1010.1,1011.2,1013.0,,1008.3,,26.0,30.1,,22.6,,18.6,64,49,,1.1,315.0,5.0,135.0,,0.0,0.0,0.0,,0.0,,3.4,25.8,18.35,2.9,26.7,26.1,26.3,26.5,26.0,26.5,,,,,,,9.0,,,,,,,,,,,,,,,3.81,1989-05-16T13:00:00,,,,,,,,,,,,,,,,,,,,,,,,,,,,,,,,,,,,,,,,,,,,,,7.5,26.4,,,,,,19.1,,,1,,,,1,,,,2,,,,,,2,,,,2,,,,2,,,,0,,,,,,0,,,,0,,,,0,,,,0,,,,,,0,,,,0,,,,0,,,,12,,,,,,2,,,,0,,0,,,112.5,,,3.3,,,,0.2,,,,1.2,,,,1.5,,,,,,1.8,,,,3.8,,,,4.8,,,,0.0,,,,,,0.0,,,,0.0,,,,0.0,,,,0.0,,,,,,0.0,,,,0.0,,,,0.0,,,,10.8,,,,,,1.1,,,,0.0,,0.0,
1989-05-17,1008.3,1009.4,1009.9,,1006.5,,27.5,31.4,,23.6,,23.3,78,66,,1.2,315.0,6.6,22.5,,3.5,0.9,2.5,,3.5,,3.8,28.8,19.69,-2.2,28.6,27.6,27.1,26.9,26.6,26.4,,,,,,,7.8,,,,,,,,,,,,,,,3.38,1989-05-17T13:00:00,,,,,,,,,,,,,,,,,,,,,,,,,,,,,,,,,,,,,,,,,,,,,,7.8,26.8,,,,,,19.1,,,0,,,,2,,,,2,,,,,,3,,,,2,,,,0,,,,3,,,,,,0,,,,3,,,,0,,,,1,,,,,,0,,,,0,,,,0,,,,5,,,,,,3,,,,0,,0,,,22.5,,,3.0,,,,0.0,,,,2.2,,,,2.7,,,,,,4.3,,,,4.4,,,,0.0,,,,3.8,,,,,,0.0,,,,3.9,,,,0.0,,,,1.1,,,,,,0.0,,,,0.0,,,,0.0,,,,4.2,,,,,,2.1,,,,0.0,,0.0,
1989-05-18,1008.0,1009.1,1009.5,,1006.7,,25.0,26.7,,23.9,,24.5,97,90,,1.1,337.5,7.0,22.5,,50.4,17.3,3.0,,9.5,,0.0,0.0,4.28,-0.5,25.7,26.3,26.6,26.9,27.2,25.3,,,,,,,9.9,,,,,,,,,,,,,,,1.07,1989-05-18T11:00:00,,,,,,,,,,,,,,,,,,,,,,,,,,,,,,,,,,,,,,,,,,,,,,2.8,27.2,,,,,,12.6,,,2,,,,4,,,,4,,,,,,0,,,,0,,,,0,,,,0,,,,,,0,,,,0,,,,0,,,,0,,,,,,0,,,,0,,,,0,,,,5,,,,,,7,,,,2,,0,,,22.5,,,3.0,,,,0.4,,,,4.6,,,,6.3,,,,,,0.0,,,,0.0,,,,0.0,,,,0.0,,,,,,0.0,,,,0.0,,,,0.0,,,,0.0,,,,,,0.0,,,,0.0,,,,0.0,,,,3.4,,,,,,7.9,,,,2.6,,0.0,
1989-05-19,1009.5,1010.6,1011.2,,1007.4,,24.0,25.1,,22.4,,23.3,96,87,,1.2,337.5,6.9,337.5,,35.7,18.5,2.3,,10.5,,0.0,0.0,4.2,-0.5,24.0,24.7,25.1,25.7,26.6,26.4,,,,,,,9.8,,,,,,,,,,,,,,,0.6,1989-05-19T12:00:00,,,,,,,,,,,,,,,,,,,,,,,,,,,,,,,,,,,,,,,,,,,,,,2.7,26.3,,,,,,11.3,,,2,,,,2,,,,2,,,,,,0,,,,0,,,,0,,,,0,,,,,,0,,,,0,,,,0,,,,0,,,,,,0,,,,0,,,,1,,,,3,,,,,,11,,,,3,,0,,,315.0,,,2.9,,,,0.3,,,,3.5,,,,2.1,,,,,,0.0,,,,0.0,,,,0.0,,,,0.0,,,,,,0.0,,,,0.0,,,,0.0,,,,0.0,,,,,,0.0,,,,0.0,,,,0.8,,,,3.7,,,,,,15.8,,,,2.3,,0.0,
1989-05-20,1010.1,1011.2,1011.2,,1008.8,,25.6,29.4,,23.2,,24.5,93,75,,1.2,315.0,7.2,45.0,,69.6,13.7,11.0,,27.5,,0.3,2.3,13.43,-0.5,25.7,25.7,25.8,26.0,26.0,26.4,,,,,,,9.9,,,,,,,,,,,,,,,2.65,1989-05-20T12:00:00,,,,,,,,,,,,,,,,,,,,,,,,,,,,,,,,,,,,,,,,,,,,,,6.2,26.1,,,,,,12.4,,,0,,,,1,,,,4,,,,,,0,,,,0,,,,0,,,,0,,,,,,0,,,,0,,,,0,,,,0,,,,,,0,,,,0,,,,1,,,,14,,,,,,3,,,,1,,0,,,45.0,,,3.7,,,,0.0,,,,1.3,,,,5.2,,,,,,0.0,,,,0.0,,,,0.0,,,,0.0,,,,,,0.0,,,,0.0,,,,0.0,,,,0.0,,,,,,0.0,,,,0.0,,,,0.6,,,,15.2,,,,,,4.4,,,,0.9,,0.0,
1989-05-21,1010.2,1011.3,1011.5,,1008.8,,27.7,31.2,,23.9,,24.1,82,63,,1.2,337.5,5.6,337.5,,22.0,1.5,5.5,,16.5,,5.5,41.4,22.52,2.0,28.5,27.9,27.5,27.0,26.7,26.5,,,,,,,7.5,,,,,,,,,,,,,,,3.47,1989-05-21T11:00:00,,,,,,,,,,,,,,,,,,,,,,,,,,,,,,,,,,,,,,,,,,,,,,7.3,26.8,,,,,,19.4,,,1,,,,1,,,,1,,,,,,5,,,,3,,,,2,,,,0,,,,,,0,,,,0,,,,0,,,,0,,,,,,0,,,,1,,,,1,,,,1,,,,,,7,,,,0,,1,,,90.0,,,2.5,,,,0.2,,,,0.9,,,,0.7,,,,,,5.7,,,,6.0,,,,4.0,,,,0.0,,,,,,0.0,,,,0.0,,,,0.0,,,,0.0,,,,,,0.0,,,,0.8,,,,1.1,,,,1.5,,,,,,7.0,,,,0.0,,0.8,
1989-05-22,1008.0,1009.1,1010.4,,1006.0,,28.6,32.6,,25.5,,24.0,77,60,,1.4,202.5,7.2,157.5,,0.0,0.0,0.0,,0.0,,9.2,69.3,28.15,5.0,31.0,29.6,28.9,28.3,27.4,26.3,,,,,,,3.0,,,,,,,,,,,,,,,3.85,1989-05-22T13:00:00,,,,,,,,,,,,,,,,,,,,,,,,,,,,,,,,,,,,,,,,,,,,,,7.1,28.0,,,,,,22.3,,,0,,,,0,,,,0,,,,,,0,,,,0,,,,0,,,,2,,,,,,2,,,,3,,,,5,,,,0,,,,,,2,,,,2,,,,4,,,,3,,,,,,1,,,,0,,0,,,157.5,,,4.4,,,,0.0,,,,0.0,,,,0.0,,,,,,0.0,,,,0.0,,,,0.0,,,,3.7,,,,,,3.8,,,,7.8,,,,8.0,,,,0.0,,,,,,1.3,,,,1.5,,,,4.0,,,,1.9,,,,,,0.4,,,,0.0,,0.0,
1989-05-23,1006.6,1007.7,1008.1,,1005.1,,28.7,31.2,,25.5,,24.8,80,66,,1.3,180.0,4.6,180.0,,0.0,0.0,0.0,,0.0,,7.0,52.7,24.2,4.2,29.8,29.4,29.2,28.8,28.4,26.7,,,,,,,5.3,,,,,,,,,,,,,,,3.85,1989-05-23T12:00:00,,,,,,,,,,,,,,,,,,,,,,,,,,,,,,,,,,,,,,,,,,,,,,5.7,28.6,,,,,,20.4,,,2,,,,0,,,,0,,,,,,0,,,,0,,,,0,,,,0,,,,,,2,,,,7,,,,2,,,,3,,,,,,1,,,,1,,,,3,,,,3,,,,,,0,,,,0,,0,,,180.0,,,3.2,,,,0.2,,,,0.0,,,,0.0,,,,,,0.0,,,,0.0,,,,0.0,,,,0.0,,,,,,3.6,,,,16.0,,,,3.1,,,,2.6,,,,,,0.8,,,,0.5,,,,3.1,,,,1.3,,,,,,0.0,,,,0.0,,0.0,
1989-05-24,1008.9,1010.0,1011.3,,1007.5,,29.1,32.6,,26.4,,24.9,78,68,,1.3,315.0,4.7,45.0,,0.0,0.0,0.0,,0.0,,7.4,55.7,23.61,4.0,30.9,30.2,29.6,29.2,28.5,26.8,,,,,,,7.6,,,,,,,,,,,,,,,3.51,1989-05-24T13:00:00,,,,,,,,,,,,,,,,,,,,,,,,,,,,,,,,,,,,,,,,,,,,,,6.2,28.9,,,,,,19.4,,,0,,,,1,,,,5,,,,,,2,,,,0,,,,2,,,,3,,,,,,0,,,,3,,,,0,,,,0,,,,,,0,,,,0,,,,2,,,,6,,,,,,0,,,,0,,0,,,135.0,,,2.7,,,,0.0,,,,1.6,,,,7.2,,,,,,3.2,,,,0.0,,,,3.4,,,,5.5,,,,,,0.0,,,,4.6,,,,0.0,,,,0.0,,,,,,0.0,,,,0.0,,,,1.9,,,,4.3,,,,,,0.0,,,,0.0,,0.0,
1989-05-25,1012.2,1013.3,1015.2,,1009.5,,25.5,28.1,,23.2,,22.9,85,75,,2.9,45.0,10.9,45.0,,9.5,6.2,1.6,,3.8,,0.1,0.8,7.07,-1.0,26.7,27.6,28.0,28.5,29.0,26.9,,,,,,,9.5,,,,,,,,,,,,,,,1.41,1989-05-25T10:00:00,,,,,,,,,,,,,,,,,,,,,,,,,,,,,,,,,,,,,,,,,,,,,,4.9,28.8,,,,,,15.1,,,0,,,,1,,,,16,,,,,,4,,,,0,,,,0,,,,0,,,,,,0,,,,0,,,,0,,,,0,,,,,,0,,,,0,,,,0,,,,2,,,,,,1,,,,0,,0,,,45.0,,,5.2,,,,0.0,,,,2.1,,,,53.1,,,,,,12.7,,,,0.0,,,,0.0,,,,0.0,,,,,,0.0,,,,0.0,,,,0.0,,,,0.0,,,,,,0.0,,,,0.0,,,,0.0,,,,1.1,,,,,,0.4,,,,0.0,,0.0,
1989-05-26,1013.6,1014.7,1014.9,,1012.4,,23.7,26.2,,22.1,,20.2,81,73,,1.2,337.5,7.9,45.0,,2.5,4.4,0.6,,1.2,,0.0,0.0,7.53,-1.4,25.1,25.6,26.1,26.8,28.0,27.4,,,,,,,10.0,,,,,,,,,,,,,,,1.33,1989-05-26T11:00:00,,,,,,,,,,,,,,,,,,,,,,,,,,,,,,,,,,,,,,,,,,,,,,4.1,27.3,,,,,,16.8,,,0,,,,0,,,,3,,,,,,2,,,,0,,,,0,,,,0,,,,,,0,,,,0,,,,0,,,,0,,,,,,0,,,,0,,,,0,,,,5,,,,,,12,,,,2,,0,,,45.0,,,3.9,,,,0.0,,,,0.0,,,,8.2,,,,,,5.6,,,,0.0,,,,0.0,,,,0.0,,,,,,0.0,,,,0.0,,,,0.0,,,,0.0,,,,,,0.0,,,,0.0,,,,0.0,,,,4.8,,,,,,8.8,,,,1.4,,0.0,
1989-05-27,1010.7,1011.8,1013.4,,1009.0,,25.8,29.5,,22.5,,22.1,80,68,,1.0,337.5,6.0,67.5,,0.3,1.5,0.1,,0.2,,3.1,23.2,17.72,-3.8,27.4,26.8,26.7,26.7,27.0,27.2,,,,,,,9.5,,,,,,,,,,,,,,,3.68,1989-05-27T12:00:00,,,,,,,,,,,,,,,,,,,,,,,,,,,,,,,,,,,,,,,,,,,,,,7.0,26.8,,,,,,18.3,,,2,,,,0,,,,1,,,,,,7,,,,1,,,,0,,,,0,,,,,,0,,,,0,,,,0,,,,0,,,,,,0,,,,0,,,,0,,,,5,,,,,,8,,,,0,,0,,,67.5,,,3.0,,,,0.4,,,,0.0,,,,1.4,,,,,,12.7,,,,2.1,,,,0.0,,,,0.0,,,,,,0.0,,,,0.0,,,,0.0,,,,0.0,,,,,,0.0,,,,0.0,,,,0.0,,,,3.3,,,,,,5.0,,,,0.0,,0.0,
1989-05-28,1005.5,1006.6,1009.8,,1002.3,,28.3,31.8,,25.4,,24.4,80,69,,1.3,67.5,7.4,90.0,,0.0,0.0,0.0,,0.0,,6.3,47.2,23.07,4.2,29.9,28.9,28.3,27.8,27.1,27.5,,,,,,,6.8,,,,,,,,,,,,,,,3.72,1989-05-28T11:00:00,,,,,,,,,,,,,,,,,,,,,,,,,,,,,,,,,,,,,,,,,,,,,,6.4,27.7,,,,,,20.0,,,4,,,,0,,,,4,,,,,,5,,,,1,,,,3,,,,0,,,,,,0,,,,0,,,,0,,,,0,,,,,,0,,,,2,,,,0,,,,3,,,,,,2,,,,0,,0,,,67.5,,,3.5,,,,0.8,,,,0.0,,,,5.4,,,,,,14.3,,,,2.2,,,,4.4,,,,0.0,,,,,,0.0,,,,0.0,,,,0.0,,,,0.0,,,,,,0.0,,,,2.1,,,,0.0,,,,1.6,,,,,,0.8,,,,0.0,,0.0,
1989-05-29,1005.3,1006.4,1009.2,,1002.6,,27.8,32.8,,25.0,,23.1,76,64,,1.9,315.0,10.3,22.5,,0.0,0.0,0.0,,0.0,,5.2,39.0,22.05,-3.5,30.2,29.3,29.0,28.5,28.3,27.0,,,,,,,7.8,,,,,,,,,,,,,,,3.98,1989-05-29T12:00:00,,,,,,,,,,,,,,,,,,,,,,,,,,,,,,,,,,,,,,,,,,,,,,7.8,28.3,,,,,,18.9,,,0,,,,0,,,,5,,,,,,4,,,,0,,,,1,,,,0,,,,,,0,,,,2,,,,0,,,,0,,,,,,0,,,,0,,,,0,,,,8,,,,,,4,,,,0,,0,,,45.0,,,4.8,,,,0.0,,,,0.0,,,,18.3,,,,,,13.5,,,,0.0,,,,2.2,,,,0.0,,,,,,0.0,,,,2.8,,,,0.0,,,,0.0,,,,,,0.0,,,,0.0,,,,0.0,,,,6.5,,,,,,2.9,,,,0.0,,0.0,
1989-05-30,1010.5,1011.6,1013.3,,1008.1,,24.0,25.5,,22.5,,22.4,91,75,,0.8,315.0,5.6,45.0,,39.7,15.3,3.1,,11.8,,0.0,0.0,4.23,-1.6,25.4,26.4,26.8,27.5,28.4,27.2,,,,,,,10.0,,,,,,,,,,,,,,,0.81,1989-05-30T12:00:00,,,,,,,,,,,,,,,,,,,,,,,,,,,,,,,,,,,,,,,,,,,,,,3.0,27.9,,,,,,11.8,,,2,,,,2,,,,1,,,,,,1,,,,0,,,,0,,,,0,,,,,,0,,,,0,,,,0,,,,0,,,,,,0,,,,0,,,,0,,,,10,,,,,,6,,,,2,,0,,,45.0,,,2.4,,,,0.4,,,,1.0,,,,2.2,,,,,,1.7,,,,0.0,,,,0.0,,,,0.0,,,,,,0.0,,,,0.0,,,,0.0,,,,0.0,,,,,,0.0,,,,0.0,,,,0.0,,,,8.1,,,,,,3.8,,,,2.3,,0.0,
1989-05-31,1011.2,1012.3,1012.9,,1009.7,,23.2,25.1,,22.3,,21.4,90,74,,0.7,337.5,4.6,315.0,,15.5,10.6,0.9,,5.0,,0.0,0.0,5.15,-0.5,24.8,25.0,25.4,26.1,27.3,27.2,,,,,,,10.0,,,,,,,,,,,,,,,1.03,1989-05-31T13:00:00,,,,,,,,,,,,,,,,,,,,,,,,,,,,,,,,,,,,,,,,,,,,,,2.8,26.9,,,,,,13.0,,,6,,,,3,,,,0,,,,,,0,,,,0,,,,0,,,,0,,,,,,0,,,,0,,,,0,,,,0,,,,,,0,,,,0,,,,0,,,,5,,,,,,7,,,,3,,0,,,22.5,,,2.1,,,,1.0,,,,2.8,,,,0.0,,,,,,0.0,,,,0.0,,,,0.0,,,,0.0,,,,,,0.0,,,,0.0,,,,0.0,,,,0.0,,,,,,0.0,,,,0.0,,,,0.0,,,,5.5,,,,,,5.7,,,,1.3,,0.0,
1989-06-01,1009.8,1010.9,1011.2,,1008.3,,25.5,29.6,,22.6,,22.2,82,67,,1.5,67.5,7.4,67.5,,0.3,0.6,0.2,,0.3,,1.9,14.2,16.69,-2.9,26.8,26.3,26.1,26.3,26.7,27.1,,,,,,,9.3,,,,,,,,,,,,,,,3.12,1989-06-01T13:00:00,,,,,,,,,,,,,,,,,,,,,,,,,,,,,,,,,,,,,,,,,,,,,,7.0,26.4,,,,,,17.8,,,3,,,,2,,,,2,,,,,,8,,,,0,,,,0,,,,0,,,,,,0,,,,0,,,,0,,,,0,,,,,,0,,,,0,,,,0,,,,8,,,,,,0,,,,1,,0,,,67.5,,,3.6,,,,0.2,,,,3.1,,,,4.4,,,,,,21.7,,,,0.0,,,,0.0,,,,0.0,,,,,,0.0,,,,0.0,,,,0.0,,,,0.0,,,,,,0.0,,,,0.0,,,,0.0,,,,5.7,,,,,,0.0,,,,0.4,,0.0,
1989-06-02,1009.4,1010.5,1011.3,,1008.4,,26.0,29.4,,24.4,,22.8,83,71,,1.2,315.0,7.0,67.5,,0.0,0.0,0.0,,0.0,,0.8,6.0,11.46,2.6,26.9,26.9,26.8,26.8,26.9,27.0,,,,,,,9.6,,,,,,,,,,,,,,,3.25,1989-06-02T12:00:00,,,,,,,,,,,,,,,,,,,,,,,,,,,,,,,,,,,,,,,,,,,,,,5.0,26.9,,,,,,18.1,,,3,,,,0,,,,2,,,,,,4,,,,3,,,,0,,,,0,,,,,,0,,,,0,,,,0,,,,0,,,,,,0,,,,0,,,,0,,,,5,,,,,,5,,,,2,,0,,,67.5,,,3.4,,,,0.5,,,,0.0,,,,4.6,,,,,,10.8,,,,5.8,,,,0.0,,,,0.0,,,,,,0.0,,,,0.0,,,,0.0,,,,0.0,,,,,,0.0,,,,0.0,,,,0.0,,,,3.5,,,,,,1.9,,,,1.5,,0.0,
1989-06-03,1010.0,1011.1,1011.5,,1008.4,,26.7,29.9,,25.0,,23.9,85,70,,0.9,315.0,7.6,67.5,,1.6,3.4,0.3,,0.8,,2.6,19.4,13.95,-2.2,27.2,27.3,27.2,27.3,26.8,26.9,,,,,,,8.3,,,,,,,,,,,,,,,2.7,1989-06-03T10:00:00,,,,,,,,,,,,,,,,,,,,,,,,,,,,,,,,,,,,,,,,,,,,,,4.9,27.3,,,,,,18.8,,,7,,,,1,,,,2,,,,,,4,,,,2,,,,0,,,,0,,,,,,1,,,,0,,,,0,,,,0,,,,,,0,,,,0,,,,0,,,,6,,,,,,0,,,,1,,0,,,67.5,,,3.5,,,,1.2,,,,0.3,,,,3.9,,,,,,10.4,,,,3.3,,,,0.0,,,,0.0,,,,,,0.7,,,,0.0,,,,0.0,,,,0.0,,,,,,0.0,,,,0.0,,,,0.0,,,,2.5,,,,,,0.0,,,,0.4,,0.0,
1989-06-04,1008.8,1009.9,1010.7,,1007.1,,28.5,31.8,,25.2,,24.4,79,63,,1.0,315.0,3.8,135.0,,0.0,0.0,0.0,,0.0,,8.6,64.2,26.72,4.3,30.6,29.0,28.3,28.0,27.4,26.9,,,,,,,7.1,,,,,,,,,,,,,,,3.81,1989-06-04T12:00:00,,,,,,,,,,,,,,,,,,,,,,,,,,,,,,,,,,,,,,,,,,,,,,6.6,27.9,,,,,,20.1,,,0,,,,2,,,,0,,,,,,1,,,,0,,,,1,,,,2,,,,,,4,,,,2,,,,0,,,,0,,,,,,0,,,,0,,,,0,,,,9,,,,,,3,,,,0,,0,,,180.0,,,2.1,,,,0.0,,,,0.7,,,,0.0,,,,,,1.1,,,,0.0,,,,0.4,,,,2.6,,,,,,5.7,,,,2.6,,,,0.0,,,,0.0,,,,,,0.0,,,,0.0,,,,0.0,,,,9.1,,,,,,1.0,,,,0.0,,0.0,
1989-06-05,1007.9,1009.0,1009.6,,1006.3,,29.5,32.8,,26.0,,24.8,76,66,,1.5,67.5,7.8,67.5,,0.0,0.0,0.0,,0.0,,10.6,79.1,29.03,5.2,31.2,30.3,29.6,29.0,28.4,27.0,,,,,,,5.6,,,,,,,,,,,,,,,3.81,1989-06-05T12:00:00,,,,,,,,,,,,,,,,,,,,,,,,,,,,,,,,,,,,,,,,,,,,,,6.8,28.7,,,,,,20.6,,,3,,,,0,,,,4,,,,,,4,,,,1,,,,0,,,,1,,,,,,0,,,,2,,,,0,,,,1,,,,,,0,,,,0,,,,2,,,,4,,,,,,2,,,,0,,0,,,67.5,,,4.2,,,,0.3,,,,0.0,,,,10.0,,,,,,12.3,,,,2.4,,,,0.0,,,,2.1,,,,,,0.0,,,,3.4,,,,0.0,,,,0.3,,,,,,0.0,,,,0.0,,,,1.4,,,,2.7,,,,,,1.9,,,,0.0,,0.0,
1989-06-06,1009.3,1010.4,1010.5,,1008.2,,30.1,32.5,,27.9,,25.1,75,64,,0.9,180.0,4.0,135.0,,0.0,0.0,0.0,,0.0,,7.7,57.3,27.22,5.3,31.9,31.0,30.4,29.9,29.1,27.3,,,,,,,6.8,,,,,,,,,,,,,,,3.81,1989-06-06T12:00:00,,,,,,,,,,,,,,,,,,,,,,,,,,,,,,,,,,,,,,,,,,,,,,4.6,29.4,,,,,,18.8,,,2,,,,0,,,,0,,,,,,0,,,,0,,,,0,,,,0,,,,,,4,,,,4,,,,2,,,,1,,,,,,2,,,,2,,,,2,,,,4,,,,,,0,,,,1,,0,,,180.0,,,2.5,,,,0.3,,,,0.0,,,,0.0,,,,,,0.0,,,,0.0,,,,0.0,,,,0.0,,,,,,5.9,,,,6.4,,,,2.1,,,,0.9,,,,,,1.1,,,,1.3,,,,1.6,,,,2.2,,,,,,0.0,,,,0.3,,0.0,
1989-06-07,1008.4,1009.5,1009.7,,1007.3,,30.0,33.0,,27.2,,24.9,74,66,,1.1,135.0,4.4,135.0,,0.0,0.0,0.0,,0.0,,11.8,87.8,30.09,6.2,32.5,31.4,30.8,30.3,29.7,27.6,,,,,,,2.1,,,,,,,,,,,,,,,3.77,1989-06-07T13:00:00,,,,,,,,,,,,,,,,,,,,,,,,,,,,,,,,,,,,,,,,,,,,,,5.8,29.9,,,,,,20.0,,,0,,,,0,,,,1,,,,,,2,,,,0,,,,1,,,,8,,,,,,0,,,,1,,,,0,,,,0,,,,,,0,,,,0,,,,3,,,,8,,,,,,0,,,,0,,0,,,135.0,,,2.7,,,,0.0,,,,0.0,,,,0.9,,,,,,1.0,,,,0.0,,,,2.1,,,,14.1,,,,,,0.0,,,,0.5,,,,0.0,,,,0.0,,,,,,0.0,,,,0.0,,,,2.8,,,,5.1,,,,,,0.0,,,,0.0,,0.0,
1989-06-08,1007.0,1008.1,1008.2,,1005.7,,29.7,32.7,,26.8,,24.6,75,59,,1.1,315.0,4.8,135.0,,0.0,0.0,0.0,,0.0,,11.1,82.6,29.19,7.0,32.2,31.4,30.9,30.9,29.5,28.0,,,,,,,2.3,,,,,,,,,,,,,,,3.72,1989-06-08T13:00:00,,,,,,,,,,,,,,,,,,,,,,,,,,,,,,,,,,,,,,,,,,,,,,5.9,30.2,,,,,,22.5,,,0,,,,0,,,,0,,,,,,0,,,,0,,,,0,,,,4,,,,,,3,,,,2,,,,1,,,,2,,,,,,0,,,,0,,,,4,,,,5,,,,,,2,,,,1,,0,,,135.0,,,2.8,,,,0.0,,,,0.0,,,,0.0,,,,,,0.0,,,,0.0,,,,0.0,,,,7.3,,,,,,3.3,,,,3.2,,,,0.5,,,,1.3,,,,,,0.0,,,,0.0,,,,3.8,,,,3.3,,,,,,1.8,,,,2.5,,0.0,
1989-06-09,1007.0,1008.1,1008.9,,1005.4,,29.6,32.5,,27.0,,25.1,77,66,,1.3,315.0,5.8,180.0,,0.0,0.0,0.0,,0.0,,10.2,75.9,28.92,5.1,32.2,31.5,31.0,30.8,30.4,28.1,,,,,,,4.6,,,,,,,,,,,,,,,3.72,1989-06-09T13:00:00,,,,,,,,,,,,,,,,,,,,,,,,,,,,,,,,,,,,,,,,,,,,,,5.5,30.5,,,,,,24.8,,,1,,,,0,,,,0,,,,,,0,,,,0,,,,0,,,,1,,,,,,1,,,,4,,,,3,,,,4,,,,,,0,,,,2,,,,3,,,,5,,,,,,0,,,,0,,0,,,180.0,,,3.5,,,,0.2,,,,0.0,,,,0.0,,,,,,0.0,,,,0.0,,,,0.0,,,,1.7,,,,,,1.4,,,,7.7,,,,7.1,,,,4.9,,,,,,0.0,,,,1.7,,,,3.1,,,,3.3,,,,,,0.0,,,,0.0,,0.0,
1989-06-10,1008.8,1009.9,1010.5,,1007.3,,29.6,32.7,,26.9,,25.1,76,60,,1.1,292.5,5.3,180.0,,0.0,0.0,0.0,,0.0,,7.8,58.0,26.91,5.0,31.7,31.5,31.1,30.8,30.5,28.3,,,,,,,7.1,,,,,,,,,,,,,,,3.72,1989-06-10T13:00:00,,,,,,,,,,,,,,,,,,,,,,,,,,,,,,,,,,,,,,,,,,,,,,5.8,30.7,,,,,,20.0,,,0,,,,0,,,,0,,,,,,0,,,,0,,,,0,,,,2,,,,,,1,,,,3,,,,3,,,,4,,,,,,2,,,,2,,,,4,,,,2,,,,,,1,,,,0,,0,,,180.0,,,3.1,,,,0.0,,,,0.0,,,,0.0,,,,,,0.0,,,,0.0,,,,0.0,,,,2.4,,,,,,2.2,,,,4.0,,,,6.0,,,,3.1,,,,,,1.5,,,,1.3,,,,3.7,,,,1.3,,,,,,0.4,,,,0.0,,0.0,
1989-06-11,1010.9,1012.0,1012.8,,1009.2,,29.3,31.9,,27.6,,24.8,77,65,,0.9,315.0,4.4,180.0,,0.1,0.6,0.1,,0.1,,3.0,22.3,18.09,-3.6,31.0,30.7,30.5,30.7,30.7,28.6,,,,,,,8.1,,,,,,,,,,,,,,,2.87,1989-06-11T15:00:00,,,,,,,,,,,,,,,,,,,,,,,,,,,,,,,,,,,,,,,,,,,,,,4.3,30.6,,,,,,19.6,,,2,,,,0,,,,0,,,,,,0,,,,0,,,,0,,,,3,,,,,,1,,,,4,,,,0,,,,3,,,,,,0,,,,0,,,,1,,,,9,,,,,,1,,,,0,,0,,,180.0,,,2.5,,,,0.2,,,,0.0,,,,0.0,,,,,,0.0,,,,0.0,,,,0.0,,,,3.9,,,,,,0.8,,,,6.8,,,,0.0,,,,2.2,,,,,,0.0,,,,0.0,,,,0.4,,,,6.0,,,,,,0.4,,,,0.0,,0.0,
1989-06-12,1011.1,1012.2,1012.6,,1009.3,,28.9,31.8,,27.1,,25.1,81,65,,1.0,315.0,5.3,180.0,,2.6,2.8,0.3,,1.6,,6.4,47.5,22.4,-4.5,31.5,30.9,30.5,30.4,30.5,28.6,,,,,,,7.4,,,,,,,,,,,,,,,3.81,1989-06-12T12:00:00,,,,,,,,,,,,,,,,,,,,,,,,,,,,,,,,,,,,,,,,,,,,,,4.7,30.4,,,,,,17.8,,,1,,,,0,,,,0,,,,,,0,,,,0,,,,0,,,,2,,,,,,1,,,,3,,,,0,,,,1,,,,,,1,,,,0,,,,1,,,,11,,,,,,1,,,,2,,0,,,135.0,,,2.9,,,,0.0,,,,0.0,,,,0.0,,,,,,0.0,,,,0.0,,,,0.0,,,,4.1,,,,,,2.5,,,,6.6,,,,0.0,,,,0.5,,,,,,1.5,,,,0.0,,,,1.3,,,,6.5,,,,,,0.6,,,,1.2,,0.0,
1989-06-13,1007.6,1008.7,1010.2,,1005.3,,29.8,33.7,,26.0,,24.3,73,58,,1.5,45.0,8.8,45.0,,0.0,0.0,0.0,,0.0,,10.6,78.7,28.01,5.8,32.0,31.1,30.6,30.5,30.4,28.8,,,,,,,3.5,,,,,,,,,,,,,,,3.68,1989-06-13T12:00:00,,,,,,,,,,,,,,,,,,,,,,,,,,,,,,,,,,,,,,,,,,,,,,7.7,30.4,,,,,,19.8,,,1,,,,0,,,,5,,,,,,0,,,,1,,,,1,,,,5,,,,,,0,,,,1,,,,0,,,,0,,,,,,0,,,,2,,,,0,,,,5,,,,,,3,,,,0,,0,,,45.0,,,3.5,,,,0.1,,,,0.0,,,,12.2,,,,,,0.0,,,,2.0,,,,2.2,,,,7.6,,,,,,0.0,,,,2.2,,,,0.0,,,,0.0,,,,,,0.0,,,,2.5,,,,0.0,,,,4.2,,,,,,2.1,,,,0.0,,0.0,
1989-06-14,1006.3,1007.4,1007.2,,1005.1,,30.0,33.0,,27.3,,25.0,75,64,,1.4,292.5,7.0,67.5,,0.0,0.0,0.0,,0.0,,12.4,92.1,28.85,6.4,32.3,31.7,31.1,30.9,30.8,29.0,,,,,,,2.1,,,,,,,,,,,,,,,3.68,1989-06-14T13:00:00,,,,,,,,,,,,,,,,,,,,,,,,,,,,,,,,,,,,,,,,,,,,,,5.7,30.7,,,,,,22.3,,,2,,,,0,,,,0,,,,,,4,,,,4,,,,0,,,,2,,,,,,0,,,,2,,,,0,,,,1,,,,,,0,,,,1,,,,5,,,,3,,,,,,0,,,,0,,0,,,67.5,,,3.5,,,,0.3,,,,0.0,,,,0.0,,,,,,6.6,,,,10.7,,,,0.0,,,,3.6,,,,,,0.0,,,,3.3,,,,0.0,,,,0.4,,,,,,0.0,,,,0.4,,,,4.6,,,,2.9,,,,,,0.0,,,,0.0,,0.0,
1989-06-15,1005.6,1006.7,1006.8,,1004.7,,29.8,32.4,,27.3,,25.5,78,66,,1.2,135.0,5.3,112.5,,0.0,0.0,0.0,,0.0,,11.1,82.4,29.4,5.1,32.6,32.0,31.5,31.3,30.7,28.9,,,,,,,1.5,,,,,,,,,,,,,,,3.68,1989-06-15T13:00:00,,,,,,,,,,,,,,,,,,,,,,,,,,,,,,,,,,,,,,,,,,,,,,5.1,31.0,,,,,,25.6,,,1,,,,1,,,,1,,,,,,0,,,,3,,,,3,,,,5,,,,,,0,,,,1,,,,1,,,,0,,,,,,0,,,,0,,,,5,,,,2,,,,,,0,,,,1,,0,,,90.0,,,3.6,,,,0.2,,,,1.3,,,,0.7,,,,,,0.0,,,,5.6,,,,6.7,,,,7.9,,,,,,0.0,,,,0.3,,,,0.6,,,,0.0,,,,,,0.0,,,,0.0,,,,5.0,,,,0.9,,,,,,0.0,,,,0.5,,0.0,
1989-06-16,1003.1,1004.2,1004.9,,1001.2,,30.5,34.6,,27.8,,23.4,67,47,,1.4,90.0,5.9,112.5,,0.0,0.0,0.0,,0.0,,12.1,89.8,30.02,5.4,32.4,31.8,31.4,31.3,31.0,29.1,,,,,,,1.1,,,,,,,,,,,,,,,3.77,1989-06-16T12:00:00,,,,,,,,,,,,,,,,,,,,,,,,,,,,,,,,,,,,,,,,,,,,,,6.8,31.1,,,,,,25.0,,,0,,,,0,,,,2,,,,,,0,,,,6,,,,3,,,,1,,,,,,0,,,,0,,,,0,,,,0,,,,,,0,,,,1,,,,6,,,,5,,,,,,0,,,,0,,0,,,90.0,,,3.6,,,,0.0,,,,0.0,,,,1.3,,,,,,0.0,,,,13.9,,,,4.4,,,,1.5,,,,,,0.0,,,,0.0,,,,0.0,,,,0.0,,,,,,0.0,,,,1.5,,,,6.5,,,,4.0,,,,,,0.0,,,,0.0,,0.0,
1989-06-17,1002.7,1003.8,1004.9,,1001.4,,29.7,33.4,,26.0,,23.7,71,53,,1.2,315.0,6.2,112.5,,0.0,0.0,0.0,,0.0,,10.8,80.1,29.53,5.4,32.2,31.8,31.3,31.3,31.0,29.2,,,,,,,4.8,,,,,,,,,,,,,,,3.77,1989-06-17T13:00:00,,,,,,,,,,,,,,,,,,,,,,,,,,,,,,,,,,,,,,,,,,,,,,7.4,31.1,,,,,,23.8,,,3,,,,0,,,,2,,,,,,2,,,,2,,,,3,,,,2,,,,,,1,,,,0,,,,0,,,,0,,,,,,0,,,,0,,,,1,,,,7,,,,,,1,,,,0,,0,,,90.0,,,3.3,,,,0.5,,,,0.0,,,,2.5,,,,,,2.9,,,,5.5,,,,6.6,,,,2.0,,,,,,1.6,,,,0.0,,,,0.0,,,,0.0,,,,,,0.0,,,,0.0,,,,1.5,,,,3.4,,,,,,1.1,,,,0.0,,0.0,
1989-06-18,1004.6,1005.7,1006.8,,1003.2,,29.8,32.6,,26.7,,24.5,73,61,,1.3,315.0,5.8,112.5,,0.0,0.0,0.0,,0.0,,10.1,74.9,28.81,4.9,32.4,31.9,31.4,31.4,31.2,29.3,,,,,,,8.5,,,,,,,,,,,,,,,3.64,1989-06-18T13:00:00,,,,,,,,,,,,,,,,,,,,,,,,,,,,,,,,,,,,,,,,,,,,,,5.9,31.2,,,,,,18.8,,,1,,,,0,,,,0,,,,,,0,,,,3,,,,4,,,,3,,,,,,1,,,,0,,,,0,,,,2,,,,,,0,,,,1,,,,3,,,,6,,,,,,0,,,,0,,0,,,112.5,,,3.6,,,,0.2,,,,0.0,,,,0.0,,,,,,0.0,,,,7.9,,,,7.5,,,,5.7,,,,,,0.3,,,,0.0,,,,0.0,,,,1.0,,,,,,0.0,,,,1.4,,,,3.0,,,,4.5,,,,,,0.0,,,,0.0,,0.0,
1989-06-19,1006.8,1007.9,1009.5,,1005.2,,28.4,32.7,,25.6,,23.2,74,62,,2.1,45.0,12.0,67.5,,0.0,0.0,0.0,,0.0,,3.4,25.2,17.84,4.3,30.4,30.9,30.9,31.1,31.5,29.5,,,,,,,8.9,,,,,,,,,,,,,,,3.98,1989-06-19T12:00:00,,,,,,,,,,,,,,,,,,,,,,,,,,,,,,,,,,,,,,,,,,,,,,7.1,31.1,,,,,,19.4,,,2,,,,0,,,,8,,,,,,4,,,,0,,,,0,,,,0,,,,,,1,,,,1,,,,0,,,,0,,,,,,0,,,,2,,,,3,,,,2,,,,,,0,,,,1,,0,,,67.5,,,5.8,,,,0.2,,,,0.0,,,,25.4,,,,,,15.9,,,,0.0,,,,0.0,,,,0.0,,,,,,1.5,,,,1.7,,,,0.0,,,,0.0,,,,,,0.0,,,,1.7,,,,2.1,,,,0.7,,,,,,0.0,,,,0.7,,0.0,
1989-06-20,1008.1,1009.2,1009.1,,1006.9,,25.3,26.8,,24.4,,20.6,75,69,,1.3,337.5,8.6,45.0,,0.0,0.0,0.0,,0.0,,0.0,0.0,6.25,2.5,27.0,28.1,28.4,29.3,30.6,29.5,,,,,,,10.0,,,,,,,,,,,,,,,0.81,1989-06-20T14:00:00,,,,,,,,,,,,,,,,,,,,,,,,,,,,,,,,,,,,,,,,,,,,,,2.4,29.8,,,,,,17.5,,,0,,,,1,,,,3,,,,,,0,,,,1,,,,0,,,,0,,,,,,0,,,,0,,,,0,,,,0,,,,,,0,,,,0,,,,1,,,,6,,,,,,9,,,,3,,0,,,45.0,,,4.1,,,,0.0,,,,0.7,,,,8.7,,,,,,0.0,,,,0.8,,,,0.0,,,,0.0,,,,,,0.0,,,,0.0,,,,0.0,,,,0.0,,,,,,0.0,,,,0.0,,,,0.6,,,,7.0,,,,,,9.6,,,,4.0,,0.0,
1989-06-21,1006.9,1008.0,1008.5,,1005.8,,25.9,27.8,,24.2,,19.7,69,62,,1.0,337.5,5.9,22.5,,0.0,0.0,0.0,,0.0,,0.0,0.0,6.57,1.8,26.1,26.8,27.2,28.0,29.2,29.3,,,,,,,9.3,,,,,,,,,,,,,,,0.94,1989-06-21T12:00:00,,,,,,,,,,,,,,,,,,,,,,,,,,,,,,,,,,,,,,,,,,,,,,3.6,28.6,,,,,,17.5,,,0,,,,0,,,,5,,,,,,1,,,,0,,,,0,,,,0,,,,,,0,,,,0,,,,0,,,,0,,,,,,0,,,,0,,,,0,,,,4,,,,,,13,,,,1,,0,,,22.5,,,2.6,,,,0.0,,,,0.0,,,,7.6,,,,,,1.3,,,,0.0,,,,0.0,,,,0.0,,,,,,0.0,,,,0.0,,,,0.0,,,,0.0,,,,,,0.0,,,,0.0,,,,0.0,,,,2.4,,,,,,12.8,,,,0.6,,0.0,
1989-06-22,1004.1,1005.2,1006.2,,1003.1,,27.2,31.4,,23.8,,21.0,70,55,,1.7,315.0,7.6,45.0,,0.0,0.0,0.0,,0.0,,3.7,27.4,21.36,4.6,28.6,28.0,27.8,28.0,28.6,28.7,,,,,,,8.5,,,,,,,,,,,,,,,3.3,1989-06-22T11:00:00,,,,,,,,,,,,,,,,,,,,,,,,,,,,,,,,,,,,,,,,,,,,,,7.6,28.3,,,,,,19.5,,,0,,,,0,,,,3,,,,,,3,,,,3,,,,1,,,,0,,,,,,0,,,,0,,,,0,,,,0,,,,,,0,,,,0,,,,0,,,,9,,,,,,5,,,,0,,0,,,90.0,,,3.6,,,,0.0,,,,0.0,,,,8.4,,,,,,8.1,,,,8.0,,,,2.3,,,,0.0,,,,,,0.0,,,,0.0,,,,0.0,,,,0.0,,,,,,0.0,,,,0.0,,,,0.0,,,,10.6,,,,,,4.4,,,,0.0,,0.0,
1989-06-23,1003.1,1004.2,1005.2,,1001.8,,26.4,28.7,,24.6,,21.5,75,65,,1.1,315.0,6.4,45.0,,0.5,0.3,0.4,,0.5,,0.5,3.7,7.22,-1.7,26.9,27.1,27.5,28.0,28.8,28.6,,,,,,,9.8,,,,,,,,,,,,,,,1.97,1989-06-23T14:00:00,,,,,,,,,,,,,,,,,,,,,,,,,,,,,,,,,,,,,,,,,,,,,,4.1,28.2,,,,,,17.0,,,1,,,,0,,,,2,,,,,,3,,,,1,,,,0,,,,1,,,,,,0,,,,0,,,,0,,,,0,,,,,,0,,,,0,,,,0,,,,9,,,,,,6,,,,1,,0,,,67.5,,,3.0,,,,0.0,,,,0.0,,,,4.1,,,,,,4.8,,,,0.9,,,,0.0,,,,1.1,,,,,,0.0,,,,0.0,,,,0.0,,,,0.0,,,,,,0.0,,,,0.0,,,,0.0,,,,10.6,,,,,,3.4,,,,0.8,,0.0,
1989-06-24,1006.1,1007.2,1008.6,,1004.1,,26.0,28.0,,24.9,,21.4,76,68,,1.2,315.0,5.1,360.0,,0.0,0.0,0.0,,0.0,,0.0,0.0,5.18,1.6,25.9,26.4,26.7,27.4,28.3,28.5,,,,,,,10.0,,,,,,,,,,,,,,,0.86,1989-06-24T11:00:00,,,,,,,,,,,,,,,,,,,,,,,,,,,,,,,,,,,,,,,,,,,,,,3.1,27.8,,,,,,17.4,,,0,,,,0,,,,4,,,,,,1,,,,0,,,,0,,,,0,,,,,,0,,,,0,,,,0,,,,0,,,,,,0,,,,0,,,,0,,,,12,,,,,,6,,,,1,,0,,,45.0,,,2.5,,,,0.0,,,,0.0,,,,5.9,,,,,,2.2,,,,0.0,,,,0.0,,,,0.0,,,,,,0.0,,,,0.0,,,,0.0,,,,0.0,,,,,,0.0,,,,0.0,,,,0.0,,,,14.4,,,,,,4.5,,,,0.7,,0.0,
1989-06-25,1008.6,1009.7,1010.3,,1006.9,,28.0,31.7,,24.5,,22.8,74,58,,1.3,315.0,5.8,90.0,,0.0,0.0,0.0,,0.0,,2.1,15.6,17.4,3.5,28.1,27.5,27.4,27.5,28.0,28.4,,,,,,,8.9,,,,,,,,,,,,,,,2.82,1989-06-25T14:00:00,,,,,,,,,,,,,,,,,,,,,,,,,,,,,,,,,,,,,,,,,,,,,,7.2,27.6,,,,,,19.1,,,2,,,,0,,,,1,,,,,,5,,,,4,,,,0,,,,0,,,,,,0,,,,0,,,,0,,,,0,,,,,,1,,,,0,,,,2,,,,8,,,,,,1,,,,0,,0,,,90.0,,,3.0,,,,0.2,,,,0.0,,,,0.6,,,,,,8.7,,,,9.0,,,,0.0,,,,0.0,,,,,,0.0,,,,0.0,,,,0.0,,,,0.0,,,,,,0.6,,,,0.0,,,,1.0,,,,10.0,,,,,,1.5,,,,0.0,,0.0,
1989-06-26,1010.5,1011.6,1011.9,,1009.3,,29.5,32.8,,26.1,,25.2,78,61,,1.1,135.0,4.3,135.0,,0.0,0.0,0.0,,0.0,,6.0,44.5,24.44,4.9,30.3,29.4,29.1,28.7,28.5,28.2,,,,,,,6.1,,,,,,,,,,,,,,,3.51,1989-06-26T11:00:00,,,,,,,,,,,,,,,,,,,,,,,,,,,,,,,,,,,,,,,,,,,,,,6.7,28.5,,,,,,21.3,,,3,,,,0,,,,0,,,,,,0,,,,0,,,,0,,,,6,,,,,,1,,,,2,,,,2,,,,2,,,,,,0,,,,0,,,,3,,,,4,,,,,,1,,,,0,,0,,,135.0,,,2.6,,,,0.6,,,,0.0,,,,0.0,,,,,,0.0,,,,0.0,,,,0.0,,,,11.5,,,,,,2.0,,,,3.3,,,,2.2,,,,1.4,,,,,,0.0,,,,0.0,,,,2.6,,,,2.9,,,,,,0.5,,,,0.0,,0.0,
1989-06-27,1008.9,1010.0,1011.6,,1007.0,,30.4,34.2,,27.3,,25.8,77,66,,1.6,45.0,8.2,45.0,,0.0,0.0,0.0,,0.0,,11.4,84.6,28.94,4.7,31.8,30.9,30.3,29.7,29.2,29.0,,,,,,,2.6,,,,,,,,,,,,,,,3.72,1989-06-27T12:00:00,,,,,,,,,,,,,,,,,,,,,,,,,,,,,,,,,,,,,,,,,,,,,,6.9,29.5,,,,,,25.0,,,2,,,,0,,,,6,,,,,,2,,,,1,,,,0,,,,2,,,,,,0,,,,4,,,,0,,,,0,,,,,,0,,,,0,,,,1,,,,4,,,,,,0,,,,2,,0,,,45.0,,,4.1,,,,0.2,,,,0.0,,,,14.3,,,,,,6.6,,,,2.5,,,,0.0,,,,3.7,,,,,,0.0,,,,6.9,,,,0.0,,,,0.0,,,,,,0.0,,,,0.0,,,,0.8,,,,2.0,,,,,,0.0,,,,0.9,,0.0,
1989-06-28,1006.4,1007.5,1009.0,,1004.2,,30.0,33.2,,27.4,,25.0,75,66,,1.2,157.5,5.9,67.5,,0.0,0.0,0.0,,0.0,,8.7,64.5,24.59,4.3,31.9,31.3,30.7,30.3,30.2,28.5,,,,,,,5.9,,,,,,,,,,,,,,,3.3,1989-06-28T14:00:00,,,,,,,,,,,,,,,,,,,,,,,,,,,,,,,,,,,,,,,,,,,,,,5.8,30.3,,,,,,22.9,,,0,,,,1,,,,2,,,,,,1,,,,2,,,,0,,,,1,,,,,,4,,,,2,,,,0,,,,0,,,,,,0,,,,2,,,,2,,,,4,,,,,,2,,,,1,,0,,,67.5,,,3.0,,,,0.0,,,,0.7,,,,2.6,,,,,,2.0,,,,4.1,,,,0.0,,,,1.7,,,,,,7.4,,,,3.3,,,,0.0,,,,0.0,,,,,,0.0,,,,1.7,,,,1.8,,,,2.7,,,,,,1.2,,,,0.5,,0.0,
1989-06-29,1004.2,1005.3,1006.2,,1001.8,,30.3,33.6,,27.1,,24.3,71,59,,1.6,90.0,7.1,90.0,,0.0,0.0,0.0,,0.0,,10.6,78.6,28.89,5.8,32.3,31.6,30.9,30.7,30.3,28.6,,,,,,,3.9,,,,,,,,,,,,,,,3.68,1989-06-29T12:00:00,,,,,,,,,,,,,,,,,,,,,,,,,,,,,,,,,,,,,,,,,,,,,,6.5,30.4,,,,,,20.0,,,1,,,,0,,,,0,,,,,,3,,,,5,,,,0,,,,1,,,,,,0,,,,2,,,,0,,,,1,,,,,,3,,,,1,,,,2,,,,4,,,,,,1,,,,0,,0,,,90.0,,,3.9,,,,0.0,,,,0.0,,,,0.0,,,,,,5.8,,,,14.6,,,,0.0,,,,1.9,,,,,,0.0,,,,3.7,,,,0.0,,,,1.0,,,,,,2.9,,,,1.9,,,,2.6,,,,2.6,,,,,,0.9,,,,0.0,,0.0,
1989-06-30,1004.2,1005.3,1006.8,,1002.5,,30.1,33.4,,27.5,,25.3,76,64,,1.2,90.0,6.6,67.5,,0.0,0.0,0.0,,0.0,,7.1,52.7,22.9,4.5,32.1,31.5,30.9,30.8,30.6,28.9,,,,,,,7.4,,,,,,,,,,,,,,,2.87,1989-06-30T14:00:00,,,,,,,,,,,,,,,,,,,,,,,,,,,,,,,,,,,,,,,,,,,,,,5.9,30.7,,,,,,19.1,,,1,,,,0,,,,0,,,,,,2,,,,4,,,,2,,,,1,,,,,,4,,,,1,,,,0,,,,0,,,,,,1,,,,2,,,,2,,,,4,,,,,,0,,,,0,,0,,,67.5,,,3.5,,,,0.2,,,,0.0,,,,0.0,,,,,,5.1,,,,7.7,,,,2.8,,,,0.7,,,,,,4.7,,,,0.5,,,,0.0,,,,0.0,,,,,,0.5,,,,1.7,,,,1.9,,,,2.6,,,,,,0.0,,,,0.0,,0.0,
1989-07-01,1005.8,1006.9,1008.0,,1003.8,,30.4,33.1,,27.8,,24.9,73,63,,1.7,270.0,7.0,22.5,,0.0,0.0,0.0,,0.0,,11.4,84.6,25.2,5.8,32.3,31.9,31.2,31.0,30.4,29.1,,,,,,,7.4,,,,,,,,,,,,,,,3.25,1989-07-01T13:00:00,,,,,,,,,,,,,,,,,,,,,,,,,,,,,,,,,,,,,,,,,,,,,,5.3,30.9,,,,,,19.1,,,1,,,,5,,,,2,,,,,,0,,,,0,,,,0,,,,2,,,,,,1,,,,4,,,,1,,,,0,,,,,,0,,,,6,,,,1,,,,0,,,,,,0,,,,1,,0,,,45.0,,,3.5,,,,0.2,,,,12.5,,,,4.2,,,,,,0.0,,,,0.0,,,,0.0,,,,3.5,,,,,,1.6,,,,8.0,,,,2.0,,,,0.0,,,,,,0.0,,,,6.7,,,,0.5,,,,0.0,,,,,,0.0,,,,1.6,,0.0,
1989-07-02,1008.7,1009.8,1010.8,,1007.5,,30.1,33.1,,27.6,,24.5,72,61,,1.3,292.5,6.3,202.5,,0.0,0.0,0.0,,0.0,,10.6,78.7,28.13,7.0,32.6,32.3,31.3,31.2,31.0,29.5,,,,,,,5.5,,,,,,,,,,,,,,,3.64,1989-07-02T13:00:00,,,,,,,,,,,,,,,,,,,,,,,,,,,,,,,,,,,,,,,,,,,,,,5.5,31.0,,,,,,22.3,,,0,,,,0,,,,0,,,,,,0,,,,0,,,,0,,,,0,,,,,,2,,,,4,,,,1,,,,5,,,,,,0,,,,3,,,,7,,,,2,,,,,,0,,,,0,,0,,,202.5,,,3.5,,,,0.0,,,,0.0,,,,0.0,,,,,,0.0,,,,0.0,,,,0.0,,,,0.0,,,,,,3.8,,,,8.1,,,,1.8,,,,6.3,,,,,,0.0,,,,2.8,,,,6.9,,,,1.1,,,,,,0.0,,,,0.0,,0.0,
1989-07-03,1010.8,1011.9,1012.9,,1009.9,,30.0,33.4,,27.0,,24.0,71,55,,1.2,180.0,5.3,180.0,,0.0,0.0,0.0,,0.0,,11.6,86.1,29.16,5.9,33.1,32.8,31.6,31.5,31.0,29.6,,,,,,,4.4,,,,,,,,,,,,,,,3.68,1989-07-03T13:00:00,,,,,,,,,,,,,,,,,,,,,,,,,,,,,,,,,,,,,,,,,,,,,,6.4,31.3,,,,,,25.0,,,2,,,,0,,,,0,,,,,,0,,,,0,,,,0,,,,0,,,,,,1,,,,10,,,,0,,,,0,,,,,,0,,,,1,,,,4,,,,6,,,,,,0,,,,0,,0,,,180.0,,,3.0,,,,0.4,,,,0.0,,,,0.0,,,,,,0.0,,,,0.0,,,,0.0,,,,0.0,,,,,,2.1,,,,15.4,,,,0.0,,,,0.0,,,,,,0.0,,,,1.2,,,,4.2,,,,4.9,,,,,,0.0,,,,0.0,,0.0,
1989-07-04,1011.2,1012.3,1012.2,,1009.9,,30.2,33.3,,26.7,,24.4,71,56,,1.2,315.0,4.4,180.0,,0.0,0.0,0.0,,0.0,,11.1,82.4,29.01,5.4,34.1,32.7,31.6,31.3,31.3,29.5,,,,,,,5.1,,,,,,,,,,,,,,,3.72,1989-07-04T13:00:00,,,,,,,,,,,,,,,,,,,,,,,,,,,,,,,,,,,,,,,,,,,,,,6.6,31.4,,,,,,23.8,,,0,,,,0,,,,0,,,,,,0,,,,0,,,,1,,,,3,,,,,,3,,,,5,,,,0,,,,2,,,,,,0,,,,0,,,,4,,,,6,,,,,,0,,,,0,,0,,,180.0,,,2.7,,,,0.0,,,,0.0,,,,0.0,,,,,,0.0,,,,0.0,,,,0.5,,,,4.1,,,,,,5.2,,,,7.8,,,,0.0,,,,0.9,,,,,,0.0,,,,0.0,,,,5.1,,,,4.9,,,,,,0.0,,,,0.0,,0.0,
1989-07-05,1009.8,1010.9,1011.8,,1008.2,,30.1,33.0,,27.0,,24.9,74,61,,1.2,315.0,4.6,180.0,,0.0,0.0,0.0,,0.0,,10.0,74.2,28.16,5.5,33.4,32.9,32.4,31.8,31.5,29.5,,,,,,,3.9,,,,,,,,,,,,,,,3.72,1989-07-05T12:00:00,,,,,,,,,,,,,,,,,,,,,,,,,,,,,,,,,,,,,,,,,,,,,,6.0,31.7,,,,,,23.1,,,0,,,,0,,,,0,,,,,,0,,,,0,,,,0,,,,2,,,,,,3,,,,5,,,,0,,,,4,,,,,,0,,,,2,,,,2,,,,6,,,,,,0,,,,0,,0,,,180.0,,,3.0,,,,0.0,,,,0.0,,,,0.0,,,,,,0.0,,,,0.0,,,,0.0,,,,3.9,,,,,,5.0,,,,7.7,,,,0.0,,,,3.6,,,,,,0.0,,,,1.7,,,,2.2,,,,4.7,,,,,,0.0,,,,0.0,,0.0,
1989-07-06,1006.4,1007.5,1009.7,,1004.6,,30.7,34.1,,27.4,,25.5,74,64,,1.4,292.5,7.1,67.5,,0.0,0.0,0.0,,0.0,,10.2,75.9,28.29,5.8,34.9,33.3,32.3,32.0,31.8,29.8,,,,,,,3.0,,,,,,,,,,,,,,,3.64,1989-07-06T13:00:00,,,,,,,,,,,,,,,,,,,,,,,,,,,,,,,,,,,,,,,,,,,,,,6.7,31.9,,,,,,24.4,,,0,,,,1,,,,5,,,,,,4,,,,1,,,,0,,,,3,,,,,,0,,,,0,,,,0,,,,1,,,,,,0,,,,0,,,,6,,,,3,,,,,,0,,,,0,,0,,,90.0,,,3.6,,,,0.0,,,,0.8,,,,9.8,,,,,,11.5,,,,2.0,,,,0.0,,,,2.8,,,,,,0.0,,,,0.0,,,,0.0,,,,0.3,,,,,,0.0,,,,0.0,,,,4.0,,,,1.4,,,,,,0.0,,,,0.0,,0.0,
1989-07-07,1005.3,1006.4,1006.5,,1004.2,,30.4,33.6,,27.2,,25.2,74,64,,1.3,135.0,5.3,157.5,,0.0,0.0,0.0,,0.0,,9.8,72.9,28.58,6.2,34.7,33.5,32.7,32.3,31.9,29.8,,,,,,,1.8,,,,,,,,,,,,,,,3.72,1989-07-07T13:00:00,,,,,,,,,,,,,,,,,,,,,,,,,,,,,,,,,,,,,,,,,,,,,,6.4,32.2,,,,,,23.1,,,1,,,,3,,,,3,,,,,,0,,,,0,,,,0,,,,4,,,,,,2,,,,3,,,,0,,,,1,,,,,,0,,,,1,,,,3,,,,3,,,,,,0,,,,0,,0,,,157.5,,,2.9,,,,0.2,,,,4.4,,,,4.6,,,,,,0.0,,,,0.0,,,,0.0,,,,6.5,,,,,,4.0,,,,4.6,,,,0.0,,,,0.6,,,,,,0.0,,,,1.3,,,,3.0,,,,1.6,,,,,,0.0,,,,0.0,,0.0,
1989-07-08,1007.1,1008.2,1009.5,,1005.3,,30.3,32.8,,27.5,,24.5,71,59,,1.2,180.0,4.8,157.5,,0.0,0.0,0.0,,0.0,,12.0,89.3,28.54,6.6,33.3,33.7,32.6,32.4,32.2,30.2,,,,,,,3.4,,,,,,,,,,,,,,,3.77,1989-07-08T13:00:00,,,,,,,,,,,,,,,,,,,,,,,,,,,,,,,,,,,,,,,,,,,,,,5.3,32.3,,,,,,23.8,,,2,,,,0,,,,1,,,,,,0,,,,2,,,,0,,,,1,,,,,,2,,,,6,,,,0,,,,0,,,,,,0,,,,1,,,,2,,,,6,,,,,,1,,,,0,,0,,,180.0,,,2.6,,,,0.4,,,,0.0,,,,0.7,,,,,,0.0,,,,1.0,,,,0.0,,,,1.2,,,,,,3.6,,,,11.1,,,,0.0,,,,0.0,,,,,,0.0,,,,1.1,,,,2.8,,,,5.4,,,,,,0.4,,,,0.0,,0.0,
1989-07-09,1008.8,1009.9,1010.5,,1007.5,,31.0,34.2,,28.0,,24.2,67,58,,1.5,315.0,4.8,67.5,,0.0,0.0,0.0,,0.0,,9.7,72.2,27.81,-4.7,35.4,33.7,32.7,32.4,32.1,30.1,,,,,,,3.5,,,,,,,,,,,,,,,3.81,1989-07-09T12:00:00,,,,,,,,,,,,,,,,,,,,,,,,,,,,,,,,,,,,,,,,,,,,,,6.2,32.4,,,,,,23.1,,,1,,,,0,,,,0,,,,,,3,,,,4,,,,4,,,,1,,,,,,0,,,,0,,,,0,,,,0,,,,,,0,,,,0,,,,1,,,,7,,,,,,1,,,,2,,0,,,90.0,,,2.9,,,,0.2,,,,0.0,,,,0.0,,,,,,4.2,,,,9.2,,,,9.8,,,,2.1,,,,,,0.0,,,,0.0,,,,0.0,,,,0.0,,,,,,0.0,,,,0.0,,,,1.4,,,,6.6,,,,,,0.7,,,,1.2,,0.0,
1989-07-10,1009.3,1010.4,1011.4,,1007.7,,30.5,33.5,,27.7,,25.1,73,63,,1.3,180.0,6.0,112.5,,1.1,0.7,0.4,,0.6,,8.5,63.2,27.83,5.5,34.8,33.8,32.9,32.8,32.5,30.4,,,,,,,5.0,,,,,,,,,,,,,,,3.77,1989-07-10T12:00:00,,,,,,,,,,,,,,,,,,,,,,,,,,,,,,,,,,,,,,,,,,,,,,5.8,32.8,,,,,,21.3,,,2,,,,0,,,,0,,,,,,0,,,,2,,,,1,,,,0,,,,,,2,,,,4,,,,2,,,,1,,,,,,0,,,,3,,,,2,,,,1,,,,,,4,,,,0,,0,,,90.0,,,3.3,,,,0.4,,,,0.0,,,,0.0,,,,,,0.0,,,,4.8,,,,1.3,,,,0.0,,,,,,3.6,,,,7.2,,,,3.0,,,,0.8,,,,,,0.0,,,,3.6,,,,1.7,,,,0.6,,,,,,3.1,,,,0.0,,0.0,
1989-07-11,1010.3,1011.4,1011.3,,1009.5,,30.3,33.6,,27.1,,24.8,73,58,,1.3,180.0,5.0,180.0,,0.0,0.0,0.0,,0.0,,11.7,87.3,29.96,5.8,35.4,33.9,33.0,32.9,32.4,30.3,,,,,,,1.9,,,,,,,,,,,,,,,3.81,1989-07-11T12:00:00,,,,,,,,,,,,,,,,,,,,,,,,,,,,,,,,,,,,,,,,,,,,,,6.5,32.7,,,,,,25.6,,,0,,,,0,,,,0,,,,,,0,,,,0,,,,0,,,,0,,,,,,3,,,,6,,,,1,,,,2,,,,,,0,,,,1,,,,5,,,,5,,,,,,0,,,,0,,1,,,180.0,,,3.0,,,,0.0,,,,0.0,,,,0.0,,,,,,0.0,,,,0.0,,,,0.0,,,,0.0,,,,,,5.9,,,,10.8,,,,1.7,,,,1.7,,,,,,0.0,,,,0.7,,,,6.4,,,,3.0,,,,,,0.0,,,,0.0,,0.4,
1989-07-12,1010.2,1011.3,1011.1,,1009.2,,30.5,33.5,,27.5,,24.6,71,56,,1.1,315.0,4.3,180.0,,0.0,0.0,0.0,,0.0,,11.5,85.8,30.03,5.3,35.7,34.3,33.1,32.9,32.5,30.5,,,,,,,2.4,,,,,,,,,,,,,,,3.81,1989-07-12T12:00:00,,,,,,,,,,,,,,,,,,,,,,,,,,,,,,,,,,,,,,,,,,,,,,6.0,32.9,,,,,,24.8,,,2,,,,0,,,,0,,,,,,0,,,,0,,,,0,,,,3,,,,,,4,,,,3,,,,1,,,,0,,,,,,1,,,,0,,,,2,,,,6,,,,,,2,,,,0,,0,,,180.0,,,2.7,,,,0.4,,,,0.0,,,,0.0,,,,,,0.0,,,,0.0,,,,0.0,,,,5.3,,,,,,8.0,,,,4.1,,,,0.4,,,,0.0,,,,,,0.4,,,,0.0,,,,1.7,,,,5.1,,,,,,1.6,,,,0.0,,0.0,
1989-07-13,1009.9,1011.0,1011.4,,1008.9,,30.8,33.8,,27.5,,24.8,71,62,,1.3,315.0,5.0,180.0,,0.0,0.0,0.0,,0.0,,11.7,87.3,29.28,6.1,36.3,34.5,33.6,33.2,32.8,30.7,,,,,,,3.0,,,,,,,,,,,,,,,3.81,1989-07-13T13:00:00,,,,,,,,,,,,,,,,,,,,,,,,,,,,,,,,,,,,,,,,,,,,,,6.3,33.1,,,,,,25.4,,,0,,,,1,,,,1,,,,,,2,,,,1,,,,2,,,,4,,,,,,2,,,,0,,,,0,,,,0,,,,,,0,,,,1,,,,1,,,,5,,,,,,2,,,,2,,0,,,135.0,,,3.1,,,,0.0,,,,1.5,,,,1.1,,,,,,3.4,,,,1.5,,,,4.5,,,,8.9,,,,,,3.1,,,,0.0,,,,0.0,,,,0.0,,,,,,0.0,,,,0.4,,,,1.5,,,,2.8,,,,,,1.0,,,,0.7,,0.0,
1989-07-14,1009.6,1010.7,1010.9,,1008.7,,30.9,34.2,,27.8,,24.3,68,56,,1.8,90.0,7.3,67.5,,0.0,0.0,0.0,,0.0,,11.5,85.8,29.24,6.8,36.0,36.9,34.0,33.4,33.0,30.7,,,,,,,4.5,,,,,,,,,,,,,,,3.81,1989-07-14T13:00:00,,,,,,,,,,,,,,,,,,,,,,,,,,,,,,,,,,,,,,,,,,,,,,6.4,33.1,,,,,,23.9,,,2,,,,3,,,,1,,,,,,4,,,,7,,,,0,,,,0,,,,,,0,,,,0,,,,0,,,,0,,,,,,0,,,,0,,,,0,,,,4,,,,,,1,,,,2,,0,,,90.0,,,3.8,,,,0.4,,,,5.2,,,,1.5,,,,,,11.8,,,,19.5,,,,0.0,,,,0.0,,,,,,0.0,,,,0.0,,,,0.0,,,,0.0,,,,,,0.0,,,,0.0,,,,0.0,,,,2.9,,,,,,0.7,,,,0.8,,0.0,
1989-07-15,1007.0,1008.1,1009.4,,1005.2,,30.9,34.7,,27.7,,24.0,67,52,,3.1,45.0,12.1,45.0,,0.0,0.0,0.0,,0.0,,8.2,61.2,22.83,-4.0,32.4,33.6,33.1,33.1,32.9,30.6,,,,,,,5.1,,,,,,,,,,,,,,,3.94,1989-07-15T12:00:00,,,,,,,,,,,,,,,,,,,,,,,,,,,,,,,,,,,,,,,,,,,,,,7.0,33.0,,,,,,23.8,,,0,,,,1,,,,9,,,,,,7,,,,0,,,,0,,,,0,,,,,,0,,,,0,,,,0,,,,0,,,,,,0,,,,0,,,,0,,,,4,,,,,,3,,,,0,,0,,,45.0,,,5.9,,,,0.0,,,,1.6,,,,33.6,,,,,,29.7,,,,0.0,,,,0.0,,,,0.0,,,,,,0.0,,,,0.0,,,,0.0,,,,0.0,,,,,,0.0,,,,0.0,,,,0.0,,,,5.7,,,,,,4.4,,,,0.0,,0.0,
1989-07-16,1003.3,1004.4,1005.4,,1001.6,,28.1,30.5,,25.2,,24.8,82,63,,2.5,22.5,11.5,90.0,,75.8,13.7,13.7,,20.0,,0.0,0.0,4.26,-1.1,27.4,29.1,29.8,31.2,32.6,31.0,,,,,,,9.8,,,,,,,,,,,,,,,0.73,1989-07-16T16:00:00,,,,,,,,,,,,,,,,,,,,,,,,,,,,,,,,,,,,,,,,,,,,,,5.3,31.7,,,,,,12.9,,,0,,,,10,,,,4,,,,,,1,,,,0,,,,0,,,,0,,,,,,0,,,,0,,,,0,,,,0,,,,,,0,,,,0,,,,0,,,,0,,,,,,5,,,,4,,0,,,45.0,,,5.0,,,,0.0,,,,25.5,,,,15.2,,,,,,4.7,,,,0.0,,,,0.0,,,,0.0,,,,,,0.0,,,,0.0,,,,0.0,,,,0.0,,,,,,0.0,,,,0.0,,,,0.0,,,,0.0,,,,,,8.2,,,,5.9,,0.0,
1989-07-17,1003.5,1004.6,1005.0,,1001.6,,26.2,28.5,,24.5,,25.4,96,88,,1.4,315.0,11.1,270.0,,297.0,14.8,18.4,,54.7,,0.0,0.0,5.77,-0.6,24.9,25.3,25.9,26.4,27.5,30.5,,,,,,,9.5,,,,,,,,,,,,,,,1.11,1989-07-17T15:00:00,,,,,,,,,,,,,,,,,,,,,,,,,,,,,,,,,,,,,,,,,,,,,,4.0,26.5,,,,,,12.3,,,2,,,,0,,,,2,,,,,,0,,,,0,,,,0,,,,0,,,,,,0,,,,0,,,,0,,,,0,,,,,,0,,,,2,,,,1,,,,12,,,,,,4,,,,1,,0,,,22.5,,,4.5,,,,0.3,,,,0.0,,,,5.1,,,,,,0.0,,,,0.0,,,,0.0,,,,0.0,,,,,,0.0,,,,0.0,,,,0.0,,,,0.0,,,,,,0.0,,,,4.3,,,,1.8,,,,16.4,,,,,,5.4,,,,1.3,,0.0,
1989-07-18,1004.9,1006.0,1006.9,,1003.8,,29.5,32.8,,25.5,,25.0,77,63,,1.1,315.0,4.3,180.0,,0.0,0.0,0.0,,0.0,,10.3,77.2,28.46,4.4,30.0,28.9,28.2,27.5,27.5,29.0,,,,,,,5.8,,,,,,,,,,,,,,,3.77,1989-07-18T12:00:00,,,,,,,,,,,,,,,,,,,,,,,,,,,,,,,,,,,,,,,,,,,,,,7.3,27.3,,,,,,22.3,,,0,,,,0,,,,0,,,,,,1,,,,2,,,,2,,,,2,,,,,,1,,,,2,,,,1,,,,0,,,,,,0,,,,1,,,,2,,,,7,,,,,,1,,,,2,,0,,,135.0,,,2.3,,,,0.0,,,,0.0,,,,0.0,,,,,,0.4,,,,2.6,,,,2.7,,,,2.5,,,,,,1.9,,,,3.0,,,,1.6,,,,0.0,,,,,,0.0,,,,1.1,,,,2.0,,,,6.9,,,,,,0.6,,,,1.0,,0.0,
1989-07-19,1007.5,1008.6,1009.3,,1006.2,,29.9,32.5,,27.2,,25.9,79,69,,1.1,135.0,4.2,180.0,,0.0,0.0,0.0,,0.0,,9.6,71.9,26.23,4.6,31.4,30.8,30.1,29.6,29.3,29.0,,,,,,,5.6,,,,,,,,,,,,,,,3.51,1989-07-19T13:00:00,,,,,,,,,,,,,,,,,,,,,,,,,,,,,,,,,,,,,,,,,,,,,,5.3,29.2,,,,,,22.0,,,1,,,,0,,,,0,,,,,,0,,,,0,,,,0,,,,5,,,,,,4,,,,4,,,,0,,,,1,,,,,,1,,,,1,,,,2,,,,4,,,,,,0,,,,0,,1,,,157.5,,,2.4,,,,0.2,,,,0.0,,,,0.0,,,,,,0.0,,,,0.0,,,,0.0,,,,6.1,,,,,,6.5,,,,5.4,,,,0.0,,,,0.5,,,,,,0.7,,,,0.8,,,,2.1,,,,2.6,,,,,,0.0,,,,0.0,,0.4,
1989-07-20,1008.1,1009.2,1009.1,,1007.0,,29.9,32.9,,27.2,,25.2,76,65,,1.3,180.0,5.0,180.0,,0.0,0.0,0.0,,0.0,,10.5,78.7,28.45,6.7,32.4,31.4,30.9,30.6,30.5,29.2,,,,,,,4.5,,,,,,,,,,,,,,,3.72,1989-07-20T12:00:00,,,,,,,,,,,,,,,,,,,,,,,,,,,,,,,,,,,,,,,,,,,,,,5.7,30.2,,,,,,22.5,,,0,,,,0,,,,0,,,,,,0,,,,0,,,,0,,,,0,,,,,,1,,,,7,,,,1,,,,3,,,,,,1,,,,1,,,,6,,,,4,,,,,,0,,,,0,,0,,,180.0,,,3.3,,,,0.0,,,,0.0,,,,0.0,,,,,,0.0,,,,0.0,,,,0.0,,,,0.0,,,,,,1.4,,,,14.3,,,,1.5,,,,2.8,,,,,,0.4,,,,0.7,,,,7.4,,,,2.5,,,,,,0.0,,,,0.0,,0.0,
1989-07-21,1008.2,1009.3,1009.1,,1007.3,,30.3,33.9,,27.0,,24.4,71,55,,1.1,135.0,4.1,292.5,,0.0,0.0,0.0,,0.0,,10.2,76.7,28.57,5.4,32.8,31.5,31.1,31.0,30.7,29.4,,,,,,,3.1,,,,,,,,,,,,,,,3.77,1989-07-21T12:00:00,,,,,,,,,,,,,,,,,,,,,,,,,,,,,,,,,,,,,,,,,,,,,,6.9,30.8,,,,,,26.6,,,1,,,,0,,,,0,,,,,,0,,,,0,,,,0,,,,6,,,,,,0,,,,4,,,,0,,,,1,,,,,,2,,,,0,,,,6,,,,3,,,,,,1,,,,0,,0,,,112.5,,,2.4,,,,0.2,,,,0.0,,,,0.0,,,,,,0.0,,,,0.0,,,,0.0,,,,8.3,,,,,,0.0,,,,5.8,,,,0.0,,,,0.6,,,,,,1.2,,,,0.0,,,,6.3,,,,2.0,,,,,,0.9,,,,0.0,,0.0,
1989-07-22,1008.2,1009.3,1009.2,,1007.6,,30.0,32.7,,27.9,,25.0,75,62,,1.0,270.0,6.3,157.5,,0.0,0.0,0.0,,0.0,,5.9,44.4,22.75,4.0,32.2,32.1,31.1,31.3,31.2,29.7,,,,,,,7.6,,,,,,,,,,,,,,,3.38,1989-07-22T14:00:00,,,,,,,,,,,,,,,,,,,,,,,,,,,,,,,,,,,,,,,,,,,,,,4.8,31.2,,,,,,20.1,,,1,,,,0,,,,0,,,,,,0,,,,0,,,,2,,,,3,,,,,,3,,,,3,,,,1,,,,1,,,,,,0,,,,4,,,,0,,,,4,,,,,,2,,,,0,,0,,,135.0,,,3.1,,,,0.1,,,,0.0,,,,0.0,,,,,,0.0,,,,0.0,,,,3.0,,,,3.5,,,,,,5.2,,,,3.1,,,,1.0,,,,0.3,,,,,,0.0,,,,3.5,,,,0.0,,,,2.1,,,,,,1.0,,,,0.0,,0.0,
1989-07-23,1008.7,1009.8,1009.7,,1007.8,,29.3,32.6,,27.4,,24.5,76,65,,1.0,315.0,6.5,202.5,,0.0,0.0,0.0,,0.0,,2.6,19.5,18.32,3.5,30.4,30.8,30.7,30.9,31.2,29.9,,,,,,,8.8,,,,,,,,,,,,,,,3.51,1989-07-23T12:00:00,,,,,,,,,,,,,,,,,,,,,,,,,,,,,,,,,,,,,,,,,,,,,,5.2,31.0,,,,,,20.4,,,2,,,,1,,,,0,,,,,,0,,,,0,,,,0,,,,0,,,,,,1,,,,4,,,,3,,,,0,,,,,,1,,,,1,,,,1,,,,9,,,,,,1,,,,0,,0,,,180.0,,,3.3,,,,0.0,,,,1.0,,,,0.0,,,,,,0.0,,,,0.0,,,,0.0,,,,0.0,,,,,,0.8,,,,7.1,,,,6.1,,,,0.0,,,,,,1.1,,,,0.5,,,,0.9,,,,5.7,,,,,,0.8,,,,0.0,,0.0,
1989-07-24,1006.2,1007.3,1009.0,,1004.1,,29.5,33.4,,26.9,,23.3,70,57,,1.1,315.0,5.1,180.0,,0.0,0.0,0.0,,0.0,,2.7,20.3,17.51,3.9,30.7,30.4,30.0,30.5,31.0,30.0,,,,,,,6.9,,,,,,,,,,,,,,,3.17,1989-07-24T14:00:00,,,,,,,,,,,,,,,,,,,,,,,,,,,,,,,,,,,,,,,,,,,,,,6.5,30.6,,,,,,21.9,,,0,,,,0,,,,1,,,,,,4,,,,0,,,,1,,,,2,,,,,,0,,,,0,,,,0,,,,2,,,,,,0,,,,0,,,,1,,,,11,,,,,,2,,,,0,,0,,,180.0,,,2.8,,,,0.0,,,,0.0,,,,1.2,,,,,,4.7,,,,0.0,,,,2.4,,,,2.5,,,,,,0.0,,,,0.0,,,,0.0,,,,2.1,,,,,,0.0,,,,0.0,,,,1.3,,,,11.2,,,,,,1.7,,,,0.0,,0.0,
1989-07-25,1001.6,1002.7,1004.8,,998.8,,29.9,33.9,,26.9,,24.6,73,49,,1.3,315.0,5.3,45.0,,0.0,0.0,0.0,,0.0,,6.9,51.9,21.82,-3.6,30.8,30.9,30.2,30.5,30.7,30.0,,,,,,,8.1,,,,,,,,,,,,,,,3.08,1989-07-25T12:00:00,,,,,,,,,,,,,,,,,,,,,,,,,,,,,,,,,,,,,,,,,,,,,,7.0,30.5,,,,,,21.9,,,2,,,,0,,,,3,,,,,,1,,,,2,,,,4,,,,5,,,,,,0,,,,0,,,,0,,,,0,,,,,,0,,,,0,,,,0,,,,7,,,,,,0,,,,0,,0,,,45.0,,,2.4,,,,0.3,,,,0.0,,,,4.8,,,,,,2.1,,,,2.2,,,,6.9,,,,8.3,,,,,,0.0,,,,0.0,,,,0.0,,,,0.0,,,,,,0.0,,,,0.0,,,,0.0,,,,7.0,,,,,,0.0,,,,0.0,,0.0,
1989-07-26,999.7,1000.8,1001.1,,998.1,,29.5,32.2,,27.6,,24.9,77,65,,0.8,315.0,4.8,270.0,,0.6,2.3,0.1,,0.3,,1.6,12.1,12.83,-2.3,29.7,30.0,30.0,30.4,31.0,30.0,,,,,,,8.4,,,,,,,,,,,,,,,1.8,1989-07-26T15:00:00,,,,,,,,,,,,,,,,,,,,,,,,,,,,,,,,,,,,,,,,,,,,,,4.6,30.6,,,,,,17.3,,,3,,,,0,,,,1,,,,,,6,,,,0,,,,0,,,,0,,,,,,2,,,,0,,,,0,,,,0,,,,,,1,,,,1,,,,2,,,,7,,,,,,0,,,,1,,0,,,67.5,,,2.5,,,,0.6,,,,0.0,,,,1.0,,,,,,9.1,,,,0.0,,,,0.0,,,,0.0,,,,,,1.8,,,,0.0,,,,0.0,,,,0.0,,,,,,1.2,,,,1.1,,,,1.5,,,,3.2,,,,,,0.0,,,,0.7,,0.0,
1989-07-27,1000.7,1001.8,1001.8,,999.7,,25.6,28.8,,24.9,,24.8,95,76,,0.7,270.0,4.8,270.0,,66.5,17.4,1.5,,7.5,,0.0,0.0,1.01,-1.0,25.3,26.7,27.7,28.7,30.5,30.0,,,,,,,10.0,,,,,,,,,,,,,,,0.17,1989-07-27T12:00:00,,,,,,,,,,,,,,,,,,,,,,,,,,,,,,,,,,,,,,,,,,,,,,3.9,29.5,,,,,,10.6,,,2,,,,0,,,,0,,,,,,0,,,,0,,,,0,,,,0,,,,,,0,,,,0,,,,0,,,,1,,,,,,1,,,,8,,,,4,,,,6,,,,,,2,,,,0,,0,,,270.0,,,2.4,,,,0.2,,,,0.0,,,,0.0,,,,,,0.0,,,,0.0,,,,0.0,,,,0.0,,,,,,0.0,,,,0.0,,,,0.0,,,,0.7,,,,,,0.9,,,,5.9,,,,1.7,,,,6.0,,,,,,1.5,,,,0.0,,0.0,
1989-07-28,999.6,1000.7,1001.2,,998.1,,27.5,30.3,,25.2,,25.0,86,76,,1.0,315.0,4.6,315.0,,7.0,1.9,3.0,,6.7,,0.0,0.0,12.2,-1.8,28.3,27.8,28.0,28.2,29.0,28.8,,,,,,,9.5,,,,,,,,,,,,,,,2.31,1989-07-28T13:00:00,,,,,,,,,,,,,,,,,,,,,,,,,,,,,,,,,,,,,,,,,,,,,,5.1,28.5,,,,,,17.0,,,3,,,,0,,,,1,,,,,,3,,,,4,,,,2,,,,0,,,,,,0,,,,0,,,,0,,,,0,,,,,,0,,,,0,,,,4,,,,6,,,,,,0,,,,1,,0,,,90.0,,,2.6,,,,0.5,,,,0.0,,,,1.3,,,,,,2.8,,,,4.8,,,,3.8,,,,0.0,,,,,,0.0,,,,0.0,,,,0.0,,,,0.0,,,,,,0.0,,,,0.0,,,,5.0,,,,3.8,,,,,,0.0,,,,0.8,,0.0,
1989-07-29,998.7,999.8,1000.1,,997.4,,28.1,31.5,,25.8,,25.1,85,71,,1.7,45.0,9.8,45.0,,11.0,3.2,1.5,,4.5,,3.5,26.5,16.83,-2.6,29.1,28.7,28.6,28.7,29.0,29.5,,,,,,,8.5,,,,,,,,,,,,,,,2.87,1989-07-29T13:00:00,,,,,,,,,,,,,,,,,,,,,,,,,,,,,,,,,,,,,,,,,,,,,,5.7,29.0,,,,,,15.9,,,3,,,,2,,,,7,,,,,,2,,,,1,,,,0,,,,0,,,,,,0,,,,0,,,,0,,,,0,,,,,,1,,,,1,,,,2,,,,5,,,,,,0,,,,0,,0,,,45.0,,,5.1,,,,0.4,,,,2.6,,,,22.3,,,,,,6.9,,,,1.1,,,,0.0,,,,0.0,,,,,,0.0,,,,0.0,,,,0.0,,,,0.0,,,,,,0.6,,,,0.7,,,,1.9,,,,4.0,,,,,,0.0,,,,0.0,,0.0,
1989-07-30,997.4,998.4,999.2,,995.3,,29.1,32.8,,26.3,,25.3,80,68,,1.3,45.0,7.4,67.5,,0.0,0.0,0.0,,0.0,,4.1,31.0,17.67,3.0,30.7,29.4,29.1,29.1,29.5,29.6,,,,,,,6.6,,,,,,,,,,,,,,,3.51,1989-07-30T14:00:00,,,,,,,,,,,,,,,,,,,,,,,,,,,,,,,,,,,,,,,,,,,,,,6.5,29.2,,,,,,18.3,,,4,,,,3,,,,6,,,,,,2,,,,1,,,,0,,,,0,,,,,,0,,,,0,,,,0,,,,0,,,,,,0,,,,1,,,,6,,,,0,,,,,,0,,,,1,,0,,,45.0,,,3.8,,,,0.3,,,,2.8,,,,15.5,,,,,,5.1,,,,2.7,,,,0.0,,,,0.0,,,,,,0.0,,,,0.0,,,,0.0,,,,0.0,,,,,,0.0,,,,0.6,,,,4.5,,,,0.0,,,,,,0.0,,,,0.6,,0.0,
1989-07-31,998.1,999.2,999.9,,996.6,,28.7,32.9,,26.0,,25.3,82,65,,1.3,135.0,5.6,22.5,,19.0,7.2,3.5,,6.5,,7.9,59.7,23.16,-5.6,30.7,30.5,30.1,30.0,29.9,29.5,,,,,,,7.1,,,,,,,,,,,,,,,3.47,1989-07-31T11:00:00,,,,,,,,,,,,,,,,,,,,,,,,,,,,,,,,,,,,,,,,,,,,,,6.9,29.9,,,,,,19.3,,,2,,,,2,,,,1,,,,,,0,,,,1,,,,3,,,,4,,,,,,0,,,,0,,,,0,,,,0,,,,,,0,,,,1,,,,3,,,,4,,,,,,2,,,,1,,0,,,112.5,,,3.1,,,,0.4,,,,3.4,,,,0.6,,,,,,0.0,,,,2.4,,,,7.2,,,,6.9,,,,,,0.0,,,,0.0,,,,0.0,,,,0.0,,,,,,0.0,,,,0.9,,,,4.9,,,,2.5,,,,,,1.0,,,,1.0,,0.0,
1989-08-01,997.9,998.9,999.3,,996.9,,27.6,29.8,,25.9,,24.5,84,73,,0.9,292.5,6.5,225.0,,0.4,0.9,0.3,,0.4,,0.0,0.0,8.04,-1.8,28.2,28.9,29.0,29.5,30.5,29.5,,,,,,,9.8,,,,,,,,,,,,,,,1.33,1989-08-01T13:00:00,,,,,,,,,,,,,,,,,,,,,,,,,,,,,,,,,,,,,,,,,,,,,,3.9,29.8,,,,,,17.9,,,3,,,,0,,,,0,,,,,,0,,,,0,,,,0,,,,1,,,,,,0,,,,0,,,,0,,,,2,,,,,,3,,,,2,,,,6,,,,5,,,,,,2,,,,0,,0,,,225.0,,,2.6,,,,0.5,,,,0.0,,,,0.0,,,,,,0.0,,,,0.0,,,,0.0,,,,0.8,,,,,,0.0,,,,0.0,,,,0.0,,,,3.8,,,,,,3.5,,,,2.4,,,,5.8,,,,3.5,,,,,,1.1,,,,0.0,,0.0,
1989-08-02,998.0,999.0,999.3,,996.9,,28.2,32.2,,25.6,,24.4,80,68,,1.2,292.5,6.7,45.0,,1.1,0.8,0.6,,0.8,,3.8,28.9,18.61,-2.4,29.8,29.3,29.2,29.3,29.8,29.8,,,,,,,8.9,,,,,,,,,,,,,,,2.82,1989-08-02T11:00:00,,,,,,,,,,,,,,,,,,,,,,,,,,,,,,,,,,,,,,,,,,,,,,6.6,29.5,,,,,,20.6,,,1,,,,1,,,,2,,,,,,4,,,,2,,,,0,,,,0,,,,,,0,,,,0,,,,0,,,,0,,,,,,0,,,,0,,,,5,,,,4,,,,,,5,,,,0,,0,,,90.0,,,3.5,,,,0.1,,,,0.8,,,,2.2,,,,,,7.9,,,,5.2,,,,0.0,,,,0.0,,,,,,0.0,,,,0.0,,,,0.0,,,,0.0,,,,,,0.0,,,,0.0,,,,5.3,,,,2.6,,,,,,3.6,,,,0.0,,0.0,
1989-08-03,999.3,1000.4,1000.8,,998.2,,26.5,29.0,,25.1,,24.7,90,78,,1.0,337.5,5.2,90.0,,3.9,5.1,0.6,,1.8,,0.0,0.0,5.66,-1.3,27.7,28.4,28.7,28.9,30.0,29.5,,,,,,,9.8,,,,,,,,,,,,,,,1.5,1989-08-03T11:00:00,,,,,,,,,,,,,,,,,,,,,,,,,,,,,,,,,,,,,,,,,,,,,,3.9,29.4,,,,,,16.0,,,3,,,,0,,,,0,,,,,,0,,,,1,,,,1,,,,1,,,,,,1,,,,2,,,,0,,,,1,,,,,,1,,,,0,,,,3,,,,5,,,,,,5,,,,0,,0,,,112.5,,,3.0,,,,0.6,,,,0.0,,,,0.0,,,,,,0.0,,,,2.1,,,,2.4,,,,1.5,,,,,,1.8,,,,1.8,,,,0.0,,,,0.4,,,,,,1.3,,,,0.0,,,,3.1,,,,4.2,,,,,,4.8,,,,0.0,,0.0,
1989-08-04,1000.3,1001.4,1002.1,,999.3,,27.9,31.0,,24.5,,23.7,78,68,,0.9,315.0,3.9,337.5,,0.0,0.0,0.0,,0.0,,6.9,52.5,18.79,3.0,28.3,28.5,28.6,29.1,29.3,29.5,,,,,,,6.3,,,,,,,,,,,,,,,2.87,1989-08-04T14:00:00,,,,,,,,,,,,,,,,,,,,,,,,,,,,,,,,,,,,,,,,,,,,,,6.5,29.1,,,,,,18.8,,,2,,,,0,,,,0,,,,,,1,,,,1,,,,1,,,,7,,,,,,0,,,,0,,,,0,,,,0,,,,,,0,,,,1,,,,1,,,,9,,,,,,0,,,,1,,0,,,135.0,,,2.0,,,,0.1,,,,0.0,,,,0.0,,,,,,0.3,,,,0.4,,,,1.7,,,,8.9,,,,,,0.0,,,,0.0,,,,0.0,,,,0.0,,,,,,0.0,,,,0.4,,,,0.7,,,,7.6,,,,,,0.0,,,,0.4,,0.0,
1989-08-05,1001.4,1002.5,1002.7,,1000.4,,28.6,32.5,,25.9,,24.6,79,58,,1.4,315.0,5.3,112.5,,5.0,1.8,1.0,,3.4,,7.6,57.8,23.37,-3.7,30.5,30.1,29.7,29.6,29.6,29.5,,,,,,,5.6,,,,,,,,,,,,,,,3.72,1989-08-05T12:00:00,,,,,,,,,,,,,,,,,,,,,,,,,,,,,,,,,,,,,,,,,,,,,,6.6,29.6,,,,,,17.9,,,0,,,,0,,,,1,,,,,,1,,,,2,,,,2,,,,1,,,,,,0,,,,1,,,,0,,,,1,,,,,,0,,,,0,,,,4,,,,10,,,,,,1,,,,0,,0,,,90.0,,,3.4,,,,0.0,,,,0.0,,,,2.5,,,,,,2.5,,,,4.0,,,,5.7,,,,1.5,,,,,,0.0,,,,0.8,,,,0.0,,,,1.3,,,,,,0.0,,,,0.0,,,,5.7,,,,8.8,,,,,,0.3,,,,0.0,,0.0,
1989-08-06,1001.8,1002.9,1003.4,,1000.8,,29.1,32.3,,24.5,,23.9,74,61,,1.3,292.5,4.9,90.0,,0.0,0.0,0.0,,0.0,,10.7,82.0,27.94,5.6,31.3,30.6,30.2,30.1,30.2,29.5,,,,,,,3.3,,,,,,,,,,,,,,,3.72,1989-08-06T12:00:00,,,,,,,,,,,,,,,,,,,,,,,,,,,,,,,,,,,,,,,,,,,,,,7.8,30.0,,,,,,21.6,,,1,,,,0,,,,0,,,,,,2,,,,1,,,,3,,,,4,,,,,,0,,,,1,,,,0,,,,1,,,,,,0,,,,0,,,,6,,,,4,,,,,,1,,,,0,,0,,,112.5,,,2.7,,,,0.2,,,,0.0,,,,0.0,,,,,,1.8,,,,0.9,,,,5.4,,,,7.6,,,,,,0.0,,,,1.6,,,,0.0,,,,0.8,,,,,,0.0,,,,0.0,,,,7.5,,,,4.2,,,,,,0.5,,,,0.0,,0.0,
1989-08-07,1003.7,1004.8,1005.9,,1002.4,,29.2,32.6,,26.3,,23.9,73,62,,1.5,315.0,5.6,90.0,,0.0,0.0,0.0,,0.0,,9.5,72.8,25.42,5.7,31.4,30.9,30.7,30.7,30.7,29.5,,,,,,,3.0,,,,,,,,,,,,,,,3.64,1989-08-07T13:00:00,,,,,,,,,,,,,,,,,,,,,,,,,,,,,,,,,,,,,,,,,,,,,,6.3,30.5,,,,,,21.3,,,0,,,,0,,,,1,,,,,,2,,,,5,,,,0,,,,2,,,,,,0,,,,0,,,,0,,,,0,,,,,,0,,,,0,,,,3,,,,11,,,,,,0,,,,0,,0,,,90.0,,,3.1,,,,0.0,,,,0.0,,,,0.9,,,,,,2.3,,,,12.3,,,,0.0,,,,4.2,,,,,,0.0,,,,0.0,,,,0.0,,,,0.0,,,,,,0.0,,,,0.0,,,,4.9,,,,10.6,,,,,,0.0,,,,0.0,,0.0,
1989-08-08,1005.1,1006.2,1006.9,,1004.1,,29.7,32.9,,26.6,,24.0,72,58,,1.7,315.0,6.9,90.0,,0.0,0.0,0.0,,0.0,,9.5,72.8,26.61,5.5,31.3,31.0,30.5,30.6,30.7,29.7,,,,,,,1.9,,,,,,,,,,,,,,,3.68,1989-08-08T12:00:00,,,,,,,,,,,,,,,,,,,,,,,,,,,,,,,,,,,,,,,,,,,,,,6.3,30.6,,,,,,24.4,,,0,,,,0,,,,2,,,,,,6,,,,4,,,,0,,,,0,,,,,,0,,,,0,,,,0,,,,0,,,,,,0,,,,0,,,,2,,,,7,,,,,,2,,,,1,,0,,,90.0,,,3.9,,,,0.0,,,,0.0,,,,4.3,,,,,,15.0,,,,10.3,,,,0.0,,,,0.0,,,,,,0.0,,,,0.0,,,,0.0,,,,0.0,,,,,,0.0,,,,0.0,,,,2.6,,,,7.0,,,,,,1.1,,,,0.4,,0.0,
1989-08-09,1005.8,1006.9,1006.8,,1004.6,,30.1,33.4,,26.8,,23.4,67,51,,2.0,45.0,8.9,45.0,,0.0,0.0,0.0,,0.0,,10.7,82.0,26.7,5.5,31.4,31.1,30.6,30.6,30.8,29.8,,,,,,,3.5,,,,,,,,,,,,,,,3.72,1989-08-09T12:00:00,,,,,,,,,,,,,,,,,,,,,,,,,,,,,,,,,,,,,,,,,,,,,,6.6,30.7,,,,,,21.6,,,0,,,,1,,,,7,,,,,,6,,,,0,,,,0,,,,0,,,,,,0,,,,0,,,,0,,,,0,,,,,,0,,,,0,,,,0,,,,5,,,,,,4,,,,1,,0,,,67.5,,,4.3,,,,0.0,,,,1.0,,,,16.8,,,,,,21.3,,,,0.0,,,,0.0,,,,0.0,,,,,,0.0,,,,0.0,,,,0.0,,,,0.0,,,,,,0.0,,,,0.0,,,,0.0,,,,5.1,,,,,,3.2,,,,0.8,,0.0,
1989-08-10,1006.6,1007.7,1008.0,,1005.5,,30.4,33.2,,28.2,,24.8,72,59,,1.0,337.5,5.8,22.5,,0.0,0.0,0.0,,0.0,,7.4,56.7,24.76,5.0,32.5,31.6,31.0,30.9,30.9,29.9,,,,,,,6.1,,,,,,,,,,,,,,,3.77,1989-08-10T13:00:00,,,,,,,,,,,,,,,,,,,,,,,,,,,,,,,,,,,,,,,,,,,,,,5.0,30.9,,,,,,20.6,,,0,,,,1,,,,1,,,,,,2,,,,3,,,,2,,,,1,,,,,,0,,,,2,,,,1,,,,2,,,,,,0,,,,2,,,,0,,,,2,,,,,,5,,,,0,,0,,,90.0,,,3.2,,,,0.0,,,,0.5,,,,1.0,,,,,,3.8,,,,7.1,,,,4.5,,,,1.4,,,,,,0.0,,,,0.8,,,,0.4,,,,0.9,,,,,,0.0,,,,1.1,,,,0.0,,,,0.9,,,,,,2.7,,,,0.0,,0.0,
1989-08-11,1006.2,1007.3,1007.5,,1004.8,,30.7,34.7,,27.2,,24.8,72,54,,1.1,67.5,6.0,45.0,,0.0,0.0,0.0,,0.0,,11.5,88.7,28.61,5.9,32.8,32.1,31.6,31.5,31.0,29.9,,,,,,,1.0,,,,,,,,,,,,,,,3.72,1989-08-11T13:00:00,,,,,,,,,,,,,,,,,,,,,,,,,,,,,,,,,,,,,,,,,,,,,,7.5,31.3,,,,,,22.5,,,5,,,,0,,,,3,,,,,,6,,,,1,,,,1,,,,1,,,,,,1,,,,0,,,,1,,,,0,,,,,,0,,,,0,,,,0,,,,5,,,,,,0,,,,0,,0,,,45.0,,,3.2,,,,0.9,,,,0.0,,,,4.4,,,,,,11.8,,,,1.8,,,,1.8,,,,1.9,,,,,,1.6,,,,0.0,,,,1.4,,,,0.0,,,,,,0.0,,,,0.0,,,,0.0,,,,1.7,,,,,,0.0,,,,0.0,,0.0,
1989-08-12,1006.0,1007.1,1007.3,,1004.9,,30.4,33.2,,27.7,,26.1,78,69,,1.3,90.0,6.6,90.0,,0.0,0.0,0.0,,0.0,,10.6,81.7,28.08,5.6,33.1,32.6,32.1,31.9,31.5,30.2,,,,,,,2.0,,,,,,,,,,,,,,,3.72,1989-08-12T13:00:00,,,,,,,,,,,,,,,,,,,,,,,,,,,,,,,,,,,,,,,,,,,,,,5.5,31.7,,,,,,19.8,,,4,,,,0,,,,1,,,,,,1,,,,8,,,,3,,,,0,,,,,,0,,,,0,,,,0,,,,0,,,,,,0,,,,1,,,,3,,,,3,,,,,,0,,,,0,,0,,,90.0,,,3.5,,,,0.5,,,,0.0,,,,0.8,,,,,,0.3,,,,16.3,,,,6.6,,,,0.0,,,,,,0.0,,,,0.0,,,,0.0,,,,0.0,,,,,,0.0,,,,0.5,,,,3.6,,,,1.8,,,,,,0.0,,,,0.0,,0.0,
1989-08-13,1006.6,1007.7,1007.8,,1005.8,,30.9,33.3,,28.5,,26.2,76,68,,1.3,67.5,4.7,90.0,,0.0,0.0,0.0,,0.0,,9.4,72.5,26.27,5.7,33.1,32.7,32.2,32.2,32.0,30.4,,,,,,,5.4,,,,,,,,,,,,,,,3.68,1989-08-13T12:00:00,,,,,,,,,,,,,,,,,,,,,,,,,,,,,,,,,,,,,,,,,,,,,,4.8,32.0,,,,,,21.3,,,1,,,,1,,,,2,,,,,,5,,,,4,,,,0,,,,0,,,,,,3,,,,1,,,,0,,,,0,,,,,,0,,,,1,,,,3,,,,1,,,,,,1,,,,1,,0,,,90.0,,,2.8,,,,0.1,,,,0.4,,,,2.0,,,,,,8.8,,,,8.7,,,,0.0,,,,0.0,,,,,,4.9,,,,2.0,,,,0.0,,,,0.0,,,,,,0.0,,,,1.5,,,,2.0,,,,0.3,,,,,,1.0,,,,0.4,,0.0,
1989-08-14,1006.5,1007.6,1007.6,,1005.3,,30.5,33.8,,27.7,,25.8,76,65,,1.2,90.0,5.3,112.5,,0.0,0.0,0.0,,0.0,,9.9,76.3,27.39,4.6,33.1,33.0,32.6,32.2,31.8,30.5,,,,,,,3.4,,,,,,,,,,,,,,,3.68,1989-08-14T12:00:00,,,,,,,,,,,,,,,,,,,,,,,,,,,,,,,,,,,,,,,,,,,,,,6.1,32.1,,,,,,23.5,,,1,,,,1,,,,1,,,,,,1,,,,6,,,,1,,,,3,,,,,,0,,,,0,,,,0,,,,0,,,,,,0,,,,0,,,,5,,,,5,,,,,,0,,,,0,,0,,,112.5,,,3.1,,,,0.2,,,,0.3,,,,0.5,,,,,,1.2,,,,12.0,,,,1.5,,,,7.4,,,,,,0.0,,,,0.0,,,,0.0,,,,0.0,,,,,,0.0,,,,0.0,,,,3.0,,,,3.3,,,,,,0.0,,,,0.0,,0.0,
1989-08-15,1004.8,1005.9,1006.8,,1002.9,,30.3,32.8,,27.8,,24.8,73,56,,1.1,180.0,4.6,180.0,,0.0,0.0,0.0,,0.0,,10.9,84.0,27.38,5.0,32.4,32.6,32.2,32.3,32.1,30.5,,,,,,,3.5,,,,,,,,,,,,,,,3.68,1989-08-15T12:00:00,,,,,,,,,,,,,,,,,,,,,,,,,,,,,,,,,,,,,,,,,,,,,,5.0,32.3,,,,,,24.8,,,1,,,,0,,,,0,,,,,,0,,,,0,,,,0,,,,2,,,,,,2,,,,6,,,,0,,,,3,,,,,,0,,,,1,,,,2,,,,5,,,,,,2,,,,0,,0,,,135.0,,,2.8,,,,0.2,,,,0.0,,,,0.0,,,,,,0.0,,,,0.0,,,,0.0,,,,3.3,,,,,,3.4,,,,9.0,,,,0.0,,,,2.3,,,,,,0.0,,,,1.1,,,,0.7,,,,4.1,,,,,,1.9,,,,0.0,,0.0,
1989-08-16,1003.2,1004.3,1004.6,,1002.4,,29.8,33.2,,27.9,,25.2,76,65,,1.3,315.0,6.3,112.5,,0.3,0.4,0.2,,0.3,,5.1,39.6,20.11,-4.3,31.9,31.9,31.7,31.9,32.0,30.5,,,,,,,6.6,,,,,,,,,,,,,,,3.21,1989-08-16T13:00:00,,,,,,,,,,,,,,,,,,,,,,,,,,,,,,,,,,,,,,,,,,,,,,5.3,32.0,,,,,,17.5,,,4,,,,1,,,,0,,,,,,3,,,,5,,,,0,,,,0,,,,,,0,,,,0,,,,0,,,,0,,,,,,0,,,,1,,,,2,,,,6,,,,,,2,,,,0,,0,,,90.0,,,3.2,,,,0.7,,,,1.1,,,,0.0,,,,,,6.0,,,,11.1,,,,0.0,,,,0.0,,,,,,0.0,,,,0.0,,,,0.0,,,,0.0,,,,,,0.0,,,,0.9,,,,4.1,,,,5.6,,,,,,1.3,,,,0.0,,0.0,
1989-08-17,1003.3,1004.4,1004.2,,1002.5,,27.2,32.2,,24.2,,23.9,82,65,,1.3,315.0,11.2,45.0,,76.0,5.3,15.0,,46.0,,2.4,18.6,10.34,-1.8,26.8,28.9,29.5,30.3,31.7,30.7,,,,,,,8.5,,,,,,,,,,,,,,,2.31,1989-08-17T09:00:00,,,,,,,,,,,,,,,,,,,,,,,,,,,,,,,,,,,,,,,,,,,,,,8.0,31.1,,,,,,15.3,,,2,,,,0,,,,2,,,,,,1,,,,3,,,,0,,,,0,,,,,,0,,,,0,,,,0,,,,0,,,,,,1,,,,0,,,,2,,,,12,,,,,,0,,,,1,,0,,,45.0,,,5.6,,,,0.2,,,,0.0,,,,5.3,,,,,,1.0,,,,5.9,,,,0.0,,,,0.0,,,,,,0.0,,,,0.0,,,,0.0,,,,0.0,,,,,,3.2,,,,0.0,,,,2.0,,,,12.6,,,,,,0.0,,,,0.7,,0.0,
1989-08-18,1002.6,1003.7,1003.8,,1000.9,,27.6,32.0,,24.9,,23.8,80,64,,1.3,337.5,6.1,337.5,,45.0,4.6,10.0,,23.0,,6.1,47.4,22.59,-3.9,29.0,28.7,28.7,29.2,30.2,30.6,,,,,,,9.1,,,,,,,,,,,,,,,3.77,1989-08-18T12:00:00,,,,,,,,,,,,,,,,,,,,,,,,,,,,,,,,,,,,,,,,,,,,,,7.1,29.8,,,,,,16.8,,,1,,,,0,,,,0,,,,,,1,,,,1,,,,5,,,,1,,,,,,1,,,,0,,,,0,,,,0,,,,,,0,,,,0,,,,1,,,,6,,,,,,6,,,,1,,0,,,112.5,,,2.7,,,,0.2,,,,0.0,,,,0.0,,,,,,0.7,,,,2.2,,,,9.1,,,,2.3,,,,,,1.6,,,,0.0,,,,0.0,,,,0.0,,,,,,0.0,,,,0.0,,,,0.9,,,,6.2,,,,,,6.5,,,,0.6,,0.0,
1989-08-19,1003.0,1004.1,1004.7,,1001.8,,28.0,31.7,,25.4,,24.2,81,59,,1.1,315.0,6.6,180.0,,31.5,5.1,6.5,,16.0,,7.9,61.4,23.59,-2.9,28.2,29.6,29.4,29.6,30.2,30.4,,,,,,,7.1,,,,,,,,,,,,,,,3.6,1989-08-19T12:00:00,,,,,,,,,,,,,,,,,,,,,,,,,,,,,,,,,,,,,,,,,,,,,,6.3,29.9,,,,,,20.6,,,1,,,,0,,,,0,,,,,,1,,,,0,,,,0,,,,1,,,,,,3,,,,5,,,,0,,,,0,,,,,,0,,,,1,,,,1,,,,9,,,,,,2,,,,0,,0,,,180.0,,,2.8,,,,0.1,,,,0.0,,,,0.0,,,,,,1.1,,,,0.0,,,,0.0,,,,1.2,,,,,,4.3,,,,6.7,,,,0.0,,,,0.0,,,,,,0.0,,,,0.9,,,,1.3,,,,8.9,,,,,,1.2,,,,0.0,,0.0,
1989-08-20,1004.4,1005.5,1006.0,,1003.0,,28.9,32.6,,25.9,,25.3,81,70,,1.2,315.0,5.9,90.0,,2.1,2.1,0.4,,1.9,,7.5,58.3,23.72,-4.5,31.4,31.5,31.2,30.5,30.5,30.0,,,,,,,7.3,,,,,,,,,,,,,,,3.68,1989-08-20T13:00:00,,,,,,,,,,,,,,,,,,,,,,,,,,,,,,,,,,,,,,,,,,,,,,6.7,30.3,,,,,,21.0,,,1,,,,1,,,,3,,,,,,3,,,,5,,,,0,,,,0,,,,,,0,,,,0,,,,0,,,,0,,,,,,0,,,,0,,,,2,,,,8,,,,,,0,,,,1,,0,,,90.0,,,3.3,,,,0.2,,,,0.6,,,,4.1,,,,,,3.4,,,,12.1,,,,0.0,,,,0.0,,,,,,0.0,,,,0.0,,,,0.0,,,,0.0,,,,,,0.0,,,,0.0,,,,2.3,,,,6.7,,,,,,0.0,,,,0.5,,0.0,
1989-08-21,1004.2,1005.3,1005.5,,1003.2,,29.5,33.4,,26.9,,25.6,80,64,,1.4,67.5,6.2,67.5,,2.0,0.8,1.4,,2.0,,6.5,50.9,22.17,-3.4,30.5,31.1,30.9,30.8,31.0,30.2,,,,,,,8.0,,,,,,,,,,,,,,,3.68,1989-08-21T12:00:00,,,,,,,,,,,,,,,,,,,,,,,,,,,,,,,,,,,,,,,,,,,,,,6.5,30.8,,,,,,21.3,,,1,,,,1,,,,3,,,,,,7,,,,2,,,,0,,,,0,,,,,,0,,,,0,,,,0,,,,0,,,,,,0,,,,0,,,,0,,,,5,,,,,,5,,,,0,,0,,,90.0,,,3.5,,,,0.2,,,,1.4,,,,4.8,,,,,,15.5,,,,4.7,,,,0.0,,,,0.0,,,,,,0.0,,,,0.0,,,,0.0,,,,0.0,,,,,,0.0,,,,0.0,,,,0.0,,,,3.3,,,,,,2.6,,,,0.0,,0.0,
1989-08-22,1004.1,1005.2,1005.3,,1003.0,,29.6,33.1,,27.2,,25.3,78,64,,1.0,315.0,5.5,90.0,,0.0,0.0,0.0,,0.0,,7.1,55.6,23.21,4.4,31.2,31.3,31.0,31.1,31.0,30.3,,,,,,,6.6,,,,,,,,,,,,,,,3.3,1989-08-22T14:00:00,,,,,,,,,,,,,,,,,,,,,,,,,,,,,,,,,,,,,,,,,,,,,,5.9,31.1,,,,,,18.1,,,2,,,,0,,,,0,,,,,,3,,,,4,,,,2,,,,0,,,,,,0,,,,0,,,,0,,,,0,,,,,,0,,,,2,,,,0,,,,6,,,,,,4,,,,1,,0,,,112.5,,,3.4,,,,0.2,,,,0.0,,,,0.0,,,,,,3.8,,,,8.5,,,,4.3,,,,0.0,,,,,,0.0,,,,0.0,,,,0.0,,,,0.0,,,,,,0.0,,,,1.5,,,,0.0,,,,3.6,,,,,,1.7,,,,0.3,,0.0,
1989-08-23,1003.3,1004.4,1004.4,,1002.1,,29.7,33.3,,27.0,,25.0,76,63,,1.1,315.0,4.7,90.0,,0.4,0.5,0.2,,0.4,,6.0,46.9,22.33,-4.3,30.9,31.3,31.0,31.0,31.2,30.5,,,,,,,7.3,,,,,,,,,,,,,,,3.64,1989-08-23T13:00:00,,,,,,,,,,,,,,,,,,,,,,,,,,,,,,,,,,,,,,,,,,,,,,6.3,31.0,,,,,,21.3,,,0,,,,1,,,,1,,,,,,0,,,,3,,,,2,,,,2,,,,,,1,,,,0,,,,1,,,,0,,,,,,0,,,,0,,,,2,,,,7,,,,,,4,,,,0,,0,,,112.5,,,2.7,,,,0.0,,,,0.9,,,,0.9,,,,,,0.0,,,,6.4,,,,4.3,,,,1.9,,,,,,1.8,,,,0.0,,,,0.7,,,,0.0,,,,,,0.0,,,,0.0,,,,3.1,,,,4.7,,,,,,1.8,,,,0.0,,0.0,
1989-08-24,1001.5,1002.6,1003.4,,1000.1,,29.9,32.7,,27.3,,25.2,76,67,,0.9,315.0,4.1,360.0,,0.0,0.0,0.0,,0.0,,5.4,42.3,21.75,4.7,31.2,31.3,31.1,31.2,31.2,30.4,,,,,,,9.3,,,,,,,,,,,,,,,3.3,1989-08-24T12:00:00,,,,,,,,,,,,,,,,,,,,,,,,,,,,,,,,,,,,,,,,,,,,,,5.4,31.2,,,,,,20.0,,,1,,,,0,,,,0,,,,,,1,,,,0,,,,1,,,,4,,,,,,2,,,,1,,,,0,,,,0,,,,,,0,,,,1,,,,1,,,,11,,,,,,1,,,,0,,0,,,157.5,,,2.7,,,,0.2,,,,0.0,,,,0.0,,,,,,0.8,,,,0.0,,,,0.6,,,,6.2,,,,,,2.5,,,,1.5,,,,0.0,,,,0.0,,,,,,0.0,,,,0.4,,,,0.3,,,,9.6,,,,,,0.3,,,,0.0,,0.0,
1989-08-25,1001.2,1002.3,1003.5,,999.0,,29.8,33.3,,27.0,,25.4,77,64,,0.9,315.0,5.3,90.0,,0.0,0.0,0.0,,0.0,,1.4,11.0,14.5,-2.8,30.1,30.8,30.8,30.9,31.5,30.5,,,,,,,9.1,,,,,,,,,,,,,,,3.25,1989-08-25T12:00:00,,,,,,,,,,,,,,,,,,,,,,,,,,,,,,,,,,,,,,,,,,,,,,6.3,31.1,,,,,,19.4,,,5,,,,1,,,,0,,,,,,1,,,,3,,,,0,,,,2,,,,,,0,,,,1,,,,0,,,,0,,,,,,1,,,,3,,,,0,,,,5,,,,,,2,,,,0,,0,,,90.0,,,3.3,,,,0.5,,,,0.3,,,,0.0,,,,,,1.8,,,,7.0,,,,0.0,,,,2.3,,,,,,0.0,,,,1.0,,,,0.0,,,,0.0,,,,,,1.0,,,,2.6,,,,0.0,,,,3.5,,,,,,1.4,,,,0.0,,0.0,
1989-08-26,1003.9,1005.0,1005.2,,1002.1,,27.8,30.3,,25.7,,25.5,87,74,,1.0,315.0,5.7,337.5,,93.5,6.0,22.0,,41.5,,0.0,0.0,8.99,-1.8,27.9,28.7,29.1,29.7,31.0,30.5,,,,,,,9.8,,,,,,,,,,,,,,,1.71,1989-08-26T13:00:00,,,,,,,,,,,,,,,,,,,,,,,,,,,,,,,,,,,,,,,,,,,,,,4.6,30.4,,,,,,14.4,,,2,,,,0,,,,0,,,,,,0,,,,0,,,,0,,,,0,,,,,,0,,,,1,,,,2,,,,4,,,,,,0,,,,1,,,,1,,,,8,,,,,,4,,,,1,,0,,,225.0,,,2.6,,,,0.3,,,,0.0,,,,0.0,,,,,,0.0,,,,0.0,,,,0.0,,,,0.0,,,,,,0.0,,,,1.2,,,,3.3,,,,6.7,,,,,,0.0,,,,1.7,,,,1.2,,,,6.0,,,,,,3.3,,,,0.4,,0.0,
1989-08-27,1004.4,1005.5,1006.9,,1003.1,,27.9,32.0,,25.3,,25.1,86,70,,0.9,315.0,8.0,180.0,,12.0,5.2,3.7,,5.5,,4.3,33.9,18.66,-2.9,29.3,29.6,29.3,29.3,30.0,30.4,,,,,,,7.9,,,,,,,,,,,,,,,3.77,1989-08-27T12:00:00,,,,,,,,,,,,,,,,,,,,,,,,,,,,,,,,,,,,,,,,,,,,,,6.7,29.7,,,,,,18.8,,,1,,,,0,,,,0,,,,,,0,,,,3,,,,1,,,,2,,,,,,0,,,,0,,,,0,,,,1,,,,,,0,,,,2,,,,1,,,,9,,,,,,4,,,,0,,0,,,180.0,,,4.3,,,,0.1,,,,0.0,,,,0.0,,,,,,0.0,,,,4.1,,,,2.2,,,,3.7,,,,,,0.0,,,,0.0,,,,0.0,,,,1.8,,,,,,0.0,,,,1.2,,,,0.8,,,,5.1,,,,,,2.2,,,,0.0,,0.0,
1989-08-28,1005.1,1006.2,1007.8,,1003.5,,28.9,33.0,,25.5,,24.9,80,64,,1.9,202.5,12.2,202.5,,0.0,0.0,0.0,,0.0,,8.0,63.1,26.0,4.7,29.7,30.0,29.9,29.8,30.1,30.3,,,,,,,7.3,,,,,,,,,,,,,,,3.72,1989-08-28T12:00:00,,,,,,,,,,,,,,,,,,,,,,,,,,,,,,,,,,,,,,,,,,,,,,7.5,29.9,,,,,,20.0,,,2,,,,0,,,,0,,,,,,0,,,,0,,,,0,,,,0,,,,,,0,,,,4,,,,6,,,,2,,,,,,2,,,,2,,,,1,,,,5,,,,,,0,,,,0,,0,,,180.0,,,6.5,,,,0.2,,,,0.0,,,,0.0,,,,,,0.0,,,,0.0,,,,0.0,,,,0.0,,,,,,0.0,,,,13.0,,,,19.6,,,,3.9,,,,,,2.6,,,,2.0,,,,1.6,,,,3.1,,,,,,0.0,,,,0.0,,0.0,
1989-08-29,1006.3,1007.4,1009.2,,1004.3,,30.0,33.4,,27.0,,24.9,75,63,,2.3,202.5,12.4,202.5,,0.0,0.0,0.0,,0.0,,4.9,38.7,22.89,4.2,29.7,29.8,29.9,30.0,30.5,30.1,,,,,,,6.0,,,,,,,,,,,,,,,3.68,1989-08-29T12:00:00,,,,,,,,,,,,,,,,,,,,,,,,,,,,,,,,,,,,,,,,,,,,,,6.4,30.2,,,,,,24.1,,,1,,,,1,,,,3,,,,,,0,,,,0,,,,0,,,,0,,,,,,0,,,,0,,,,9,,,,3,,,,,,2,,,,4,,,,1,,,,0,,,,,,0,,,,0,,0,,,202.5,,,5.6,,,,0.2,,,,1.4,,,,5.9,,,,,,0.0,,,,0.0,,,,0.0,,,,0.0,,,,,,0.0,,,,0.0,,,,34.3,,,,5.5,,,,,,2.4,,,,5.1,,,,0.5,,,,0.0,,,,,,0.0,,,,0.0,,0.0,
1989-08-30,1008.2,1009.3,1009.5,,1007.0,,30.1,33.8,,26.7,,25.0,75,62,,1.7,45.0,8.2,45.0,,0.0,0.0,0.0,,0.0,,10.3,81.3,27.34,5.6,31.2,30.9,30.5,30.5,30.5,30.2,,,,,,,3.5,,,,,,,,,,,,,,,3.68,1989-08-30T12:00:00,,,,,,,,,,,,,,,,,,,,,,,,,,,,,,,,,,,,,,,,,,,,,,7.1,30.4,,,,,,24.1,,,2,,,,2,,,,6,,,,,,6,,,,0,,,,0,,,,0,,,,,,0,,,,0,,,,0,,,,0,,,,,,0,,,,2,,,,2,,,,2,,,,,,1,,,,1,,0,,,67.5,,,4.3,,,,0.4,,,,2.6,,,,16.9,,,,,,16.5,,,,0.0,,,,0.0,,,,0.0,,,,,,0.0,,,,0.0,,,,0.0,,,,0.0,,,,,,0.0,,,,2.0,,,,1.0,,,,1.1,,,,,,0.4,,,,0.7,,0.0,
1989-08-31,1008.6,1009.7,1010.2,,1007.2,,29.4,32.1,,27.4,,24.9,77,69,,1.1,315.0,5.8,180.0,,0.0,0.0,0.0,,0.0,,9.4,74.2,25.51,5.5,30.9,31.1,30.9,31.0,30.6,30.3,,,,,,,5.5,,,,,,,,,,,,,,,3.55,1989-08-31T13:00:00,,,,,,,,,,,,,,,,,,,,,,,,,,,,,,,,,,,,,,,,,,,,,,4.7,30.8,,,,,,21.9,,,1,,,,0,,,,0,,,,,,0,,,,0,,,,0,,,,2,,,,,,0,,,,6,,,,2,,,,2,,,,,,0,,,,0,,,,1,,,,7,,,,,,3,,,,0,,0,,,180.0,,,3.6,,,,0.2,,,,0.0,,,,0.0,,,,,,0.0,,,,0.0,,,,0.0,,,,2.8,,,,,,0.0,,,,12.9,,,,3.0,,,,1.1,,,,,,0.0,,,,0.0,,,,0.7,,,,4.3,,,,,,2.0,,,,0.0,,0.0,
1989-09-01,1007.9,1009.0,1009.7,,1006.5,,29.2,32.2,,25.9,,24.0,74,58,,1.1,315.0,4.7,180.0,,0.0,0.0,0.0,,0.0,,10.6,84.5,27.34,4.4,31.1,31.1,31.0,30.9,30.8,30.4,,,,,,,2.4,,,,,,,,,,,,,,,3.64,1989-09-01T13:00:00,,,,,,,,,,,,,,,,,,,,,,,,,,,,,,,,,,,,,,,,,,,,,,6.3,30.9,,,,,,24.8,,,0,,,,0,,,,0,,,,,,0,,,,0,,,,0,,,,0,,,,,,1,,,,7,,,,1,,,,2,,,,,,0,,,,0,,,,5,,,,8,,,,,,0,,,,0,,0,,,180.0,,,2.5,,,,0.0,,,,0.0,,,,0.0,,,,,,0.0,,,,0.0,,,,0.0,,,,0.0,,,,,,1.1,,,,11.0,,,,2.1,,,,1.3,,,,,,0.0,,,,0.0,,,,5.1,,,,5.8,,,,,,0.0,,,,0.0,,0.0,
1989-09-02,1005.8,1006.9,1007.9,,1003.9,,29.2,32.3,,26.3,,24.5,76,64,,1.1,180.0,5.9,180.0,,0.0,0.0,0.0,,0.0,,8.6,68.5,25.09,4.7,31.1,31.1,30.9,31.1,31.2,30.5,,,,,,,4.6,,,,,,,,,,,,,,,3.51,1989-09-02T13:00:00,,,,,,,,,,,,,,,,,,,,,,,,,,,,,,,,,,,,,,,,,,,,,,6.0,31.2,,,,,,24.1,,,3,,,,0,,,,0,,,,,,0,,,,0,,,,0,,,,0,,,,,,0,,,,8,,,,0,,,,0,,,,,,0,,,,1,,,,5,,,,7,,,,,,0,,,,0,,0,,,180.0,,,2.8,,,,0.4,,,,0.0,,,,0.0,,,,,,0.0,,,,0.0,,,,0.0,,,,0.0,,,,,,0.0,,,,15.4,,,,0.0,,,,0.0,,,,,,0.0,,,,0.8,,,,4.9,,,,5.1,,,,,,0.0,,,,0.0,,0.0,
1989-09-03,1003.5,1004.6,1004.7,,1002.0,,29.3,32.9,,27.0,,23.8,73,56,,1.2,315.0,6.9,22.5,,0.0,0.0,0.0,,0.0,,6.2,49.4,22.26,4.7,31.6,31.1,30.9,31.0,31.1,30.4,,,,,,,6.1,,,,,,,,,,,,,,,3.55,1989-09-03T12:00:00,,,,,,,,,,,,,,,,,,,,,,,,,,,,,,,,,,,,,,,,,,,,,,5.9,31.0,,,,,,20.0,,,1,,,,0,,,,0,,,,,,1,,,,3,,,,2,,,,1,,,,,,0,,,,0,,,,0,,,,0,,,,,,0,,,,0,,,,1,,,,10,,,,,,2,,,,3,,0,,,90.0,,,3.3,,,,0.1,,,,0.0,,,,0.0,,,,,,2.5,,,,5.3,,,,5.1,,,,1.8,,,,,,0.0,,,,0.0,,,,0.0,,,,0.0,,,,,,0.0,,,,0.0,,,,1.5,,,,9.6,,,,,,1.7,,,,2.2,,0.0,
1989-09-04,1003.7,1004.8,1004.8,,1002.4,,28.9,32.3,,27.0,,24.3,76,64,,1.0,315.0,5.2,112.5,,0.0,0.0,0.0,,0.0,,1.9,15.1,14.0,3.0,30.2,30.3,30.4,30.7,31.2,30.5,,,,,,,9.4,,,,,,,,,,,,,,,3.21,1989-09-04T13:00:00,,,,,,,,,,,,,,,,,,,,,,,,,,,,,,,,,,,,,,,,,,,,,,5.3,30.9,,,,,,17.0,,,0,,,,0,,,,2,,,,,,4,,,,3,,,,0,,,,0,,,,,,0,,,,0,,,,0,,,,0,,,,,,0,,,,0,,,,5,,,,9,,,,,,0,,,,1,,0,,,90.0,,,2.7,,,,0.0,,,,0.0,,,,2.1,,,,,,5.3,,,,6.5,,,,0.0,,,,0.0,,,,,,0.0,,,,0.0,,,,0.0,,,,0.0,,,,,,0.0,,,,0.0,,,,4.5,,,,5.4,,,,,,0.0,,,,0.8,,0.0,
1989-09-05,1004.1,1005.2,1006.2,,1002.9,,29.5,31.8,,26.6,,25.0,77,66,,1.2,180.0,5.1,180.0,,0.0,0.0,0.0,,0.0,,9.6,76.5,25.78,4.9,31.2,31.1,30.7,30.8,31.0,30.5,,,,,,,3.9,,,,,,,,,,,,,,,3.55,1989-09-05T12:00:00,,,,,,,,,,,,,,,,,,,,,,,,,,,,,,,,,,,,,,,,,,,,,,5.2,30.9,,,,,,23.5,,,4,,,,1,,,,0,,,,,,0,,,,0,,,,1,,,,0,,,,,,1,,,,7,,,,0,,,,0,,,,,,0,,,,0,,,,4,,,,3,,,,,,1,,,,1,,1,,,180.0,,,2.9,,,,0.6,,,,0.9,,,,0.0,,,,,,0.0,,,,0.0,,,,2.0,,,,0.0,,,,,,1.6,,,,14.0,,,,0.0,,,,0.0,,,,,,0.0,,,,0.0,,,,4.6,,,,2.7,,,,,,0.5,,,,0.4,,0.4,
1989-09-06,1006.4,1007.5,1007.8,,1005.6,,30.1,32.9,,27.6,,25.2,76,66,,1.1,135.0,4.6,90.0,,0.0,0.0,0.0,,0.0,,10.1,81.1,26.45,-5.9,32.1,31.7,31.5,31.4,31.5,30.5,,,,,,,4.1,,,,,,,,,,,,,,,3.68,1989-09-06T12:00:00,,,,,,,,,,,,,,,,,,,,,,,,,,,,,,,,,,,,,,,,,,,,,,5.3,31.3,,,,,,21.9,,,3,,,,2,,,,0,,,,,,1,,,,2,,,,0,,,,7,,,,,,0,,,,0,,,,0,,,,0,,,,,,0,,,,0,,,,1,,,,5,,,,,,0,,,,3,,0,,,135.0,,,2.5,,,,0.5,,,,2.9,,,,0.0,,,,,,2.0,,,,2.1,,,,0.0,,,,12.3,,,,,,0.0,,,,0.0,,,,0.0,,,,0.0,,,,,,0.0,,,,0.0,,,,0.7,,,,3.4,,,,,,0.0,,,,1.3,,0.0,
1989-09-07,1005.9,1007.0,1007.5,,1004.3,,30.1,33.3,,27.9,,24.8,74,65,,2.3,67.5,9.6,45.0,,0.1,0.2,0.1,,0.1,,8.2,65.9,24.37,-4.6,31.8,31.6,31.6,31.5,31.5,30.5,,,,,,,6.0,,,,,,,,,,,,,,,3.51,1989-09-07T13:00:00,,,,,,,,,,,,,,,,,,,,,,,,,,,,,,,,,,,,,,,,,,,,,,5.4,31.5,,,,,,21.9,,,1,,,,2,,,,4,,,,,,6,,,,2,,,,0,,,,0,,,,,,0,,,,0,,,,0,,,,0,,,,,,0,,,,0,,,,0,,,,4,,,,,,4,,,,1,,0,,,67.5,,,4.6,,,,0.2,,,,4.5,,,,13.6,,,,,,23.1,,,,5.6,,,,0.0,,,,0.0,,,,,,0.0,,,,0.0,,,,0.0,,,,0.0,,,,,,0.0,,,,0.0,,,,0.0,,,,3.8,,,,,,2.5,,,,1.2,,0.0,
1989-09-08,1003.1,1004.2,1005.6,,1001.0,,30.0,33.4,,27.1,,24.5,73,62,,2.0,45.0,13.4,45.0,,2.0,0.5,1.0,,2.0,,8.7,69.9,24.46,5.2,31.1,31.4,31.4,31.5,31.5,30.6,,,,,,,7.0,,,,,,,,,,,,,,,3.64,1989-09-08T12:00:00,,,,,,,,,,,,,,,,,,,,,,,,,,,,,,,,,,,,,,,,,,,,,,6.3,31.4,,,,,,21.9,,,4,,,,2,,,,6,,,,,,4,,,,0,,,,0,,,,0,,,,,,0,,,,0,,,,0,,,,0,,,,,,0,,,,0,,,,1,,,,1,,,,,,4,,,,2,,0,,,67.5,,,6.1,,,,0.7,,,,3.0,,,,24.5,,,,,,13.7,,,,0.0,,,,0.0,,,,0.0,,,,,,0.0,,,,0.0,,,,0.0,,,,0.0,,,,,,0.0,,,,0.0,,,,0.6,,,,0.3,,,,,,3.5,,,,1.2,,0.0,
1989-09-09,998.2,999.3,1001.2,,995.8,,30.9,34.1,,28.4,,23.6,65,56,,3.5,45.0,21.5,67.5,,-9.8,0.2,-9.8,,-9.8,,8.0,64.3,24.7,-4.7,30.3,30.7,30.8,31.1,31.3,30.5,,,,,,,6.9,,,,,,,,,,,,,,,3.68,1989-09-09T13:00:00,,,,,,,,,,,,,,,,,,,,,,,,,,,,,,,,,,,,,,,,,,,,,,5.7,31.1,,,,,,18.8,,,1,,,,1,,,,12,,,,,,4,,,,0,,,,0,,,,0,,,,,,0,,,,0,,,,0,,,,0,,,,,,0,,,,0,,,,0,,,,2,,,,,,3,,,,1,,0,,,45.0,,,8.3,,,,0.1,,,,1.6,,,,52.9,,,,,,21.8,,,,0.0,,,,0.0,,,,0.0,,,,,,0.0,,,,0.0,,,,0.0,,,,0.0,,,,,,0.0,,,,0.0,,,,0.0,,,,1.8,,,,,,2.9,,,,1.9,,0.0,
1989-09-10,994.7,995.7,997.4,,992.2,,29.4,32.2,,27.4,,24.3,75,56,,2.5,22.5,13.5,45.0,,6.0,5.8,2.0,,3.3,,0.7,5.6,9.75,-1.3,28.7,29.4,29.9,30.6,31.0,30.5,,,,,,,9.1,,,,,,,,,,,,,,,1.8,1989-09-10T14:00:00,,,,,,,,,,,,,,,,,,,,,,,,,,,,,,,,,,,,,,,,,,,,,,4.8,30.8,,,,,,13.8,,,0,,,,10,,,,6,,,,,,0,,,,0,,,,0,,,,0,,,,,,0,,,,0,,,,0,,,,0,,,,,,0,,,,0,,,,0,,,,0,,,,,,4,,,,4,,0,,,45.0,,,5.8,,,,0.0,,,,26.2,,,,22.5,,,,,,0.0,,,,0.0,,,,0.0,,,,0.0,,,,,,0.0,,,,0.0,,,,0.0,,,,0.0,,,,,,0.0,,,,0.0,,,,0.0,,,,0.0,,,,,,5.1,,,,5.0,,0.0,
1989-09-11,984.1,985.0,992.3,,968.0,,27.3,34.8,,25.5,,24.8,87,46,,1.8,337.5,10.8,360.0,,38.0,18.7,4.6,,6.5,,0.0,0.0,5.4,-1.9,26.8,27.8,28.3,29.2,30.5,30.5,,,,,,,10.0,,,,,,,,,,,,,,,1.33,1989-09-11T12:00:00,,,,,,,,,,,,,,,,,,,,,,,,,,,,,,,,,,,,,,,,,,,,,,9.3,29.8,,,,,,11.3,,,0,,,,1,,,,1,,,,,,1,,,,1,,,,0,,,,0,,,,,,0,,,,0,,,,1,,,,1,,,,,,1,,,,0,,,,1,,,,3,,,,,,8,,,,5,,0,,,202.5,,,4.2,,,,0.0,,,,3.0,,,,2.1,,,,,,0.8,,,,1.5,,,,0.0,,,,0.0,,,,,,0.0,,,,0.0,,,,4.1,,,,2.0,,,,,,1.5,,,,0.0,,,,1.2,,,,4.0,,,,,,13.2,,,,8.6,,0.0,
1989-09-12,982.3,983.3,988.6,,967.8,,28.2,36.5,,25.8,,24.7,82,40,,4.2,225.0,18.8,225.0,,72.0,20.8,10.0,,33.0,,0.0,0.0,0.97,-2.8,25.1,26.0,26.6,27.5,29.0,30.0,,,,,,,10.0,,,,,,,,,,,,,,,0.13,1989-09-12T13:00:00,,,,,,,,,,,,,,,,,,,,,,,,,,,,,,,,,,,,,,,,,,,,,,10.7,28.0,,,,,,10.6,,,0,,,,0,,,,0,,,,,,0,,,,1,,,,0,,,,1,,,,,,0,,,,0,,,,0,,,,15,,,,,,2,,,,2,,,,0,,,,1,,,,,,1,,,,1,,0,,,225.0,,,9.2,,,,0.0,,,,0.0,,,,0.0,,,,,,0.0,,,,1.9,,,,0.0,,,,5.3,,,,,,0.0,,,,0.0,,,,0.0,,,,85.6,,,,,,1.7,,,,1.7,,,,0.0,,,,0.4,,,,,,1.5,,,,2.2,,0.0,
1989-09-13,995.0,996.0,1002.3,,988.0,,29.0,30.3,,26.8,,23.5,72,58,,4.3,225.0,10.3,225.0,,0.4,1.5,0.1,,0.3,,0.2,1.6,9.88,-2.2,26.2,26.6,26.9,27.4,28.5,29.7,,,,,,,9.0,,,,,,,,,,,,,,,2.1,1989-09-13T12:00:00,,,,,,,,,,,,,,,,,,,,,,,,,,,,,,,,,,,,,,,,,,,,,,3.5,27.9,,,,,,16.9,,,1,,,,0,,,,0,,,,,,0,,,,1,,,,0,,,,0,,,,,,0,,,,1,,,,7,,,,11,,,,,,0,,,,0,,,,0,,,,1,,,,,,1,,,,1,,0,,,180.0,,,8.6,,,,0.2,,,,0.0,,,,0.0,,,,,,0.0,,,,1.6,,,,0.0,,,,0.0,,,,,,0.0,,,,8.2,,,,42.9,,,,48.0,,,,,,0.0,,,,0.0,,,,0.0,,,,0.4,,,,,,0.6,,,,0.8,,0.0,
1989-09-14,1004.4,1005.5,1006.6,,1001.0,,27.1,30.9,,25.6,,24.6,87,71,,1.1,225.0,10.9,202.5,,5.5,5.6,0.8,,3.2,,1.1,8.9,8.43,-1.7,26.7,27.2,27.2,27.5,28.2,29.4,,,,,,,9.1,,,,,,,,,,,,,,,3.21,1989-09-14T12:00:00,,,,,,,,,,,,,,,,,,,,,,,,,,,,,,,,,,,,,,,,,,,,,,5.3,27.9,,,,,,14.4,,,5,,,,0,,,,0,,,,,,0,,,,0,,,,0,,,,0,,,,,,1,,,,2,,,,2,,,,5,,,,,,4,,,,1,,,,0,,,,3,,,,,,0,,,,1,,0,,,90.0,,,4.2,,,,0.6,,,,0.0,,,,0.0,,,,,,0.0,,,,0.0,,,,0.0,,,,0.0,,,,,,3.3,,,,4.1,,,,3.2,,,,8.6,,,,,,3.8,,,,0.5,,,,0.0,,,,1.7,,,,,,0.0,,,,0.3,,0.0,
1989-09-15,1006.2,1007.3,1008.0,,1004.8,,27.6,30.9,,24.7,,23.9,81,64,,1.0,315.0,5.0,202.5,,0.0,0.0,0.0,,0.0,,6.1,49.4,20.34,1.3,28.6,28.2,28.0,28.1,28.2,29.2,,,,,,,5.8,,,,,,,,,,,,,,,2.91,1989-09-15T12:00:00,,,,,,,,,,,,,,,,,,,,,,,,,,,,,,,,,,,,,,,,,,,,,,6.2,28.2,,,,,,21.6,,,5,,,,0,,,,0,,,,,,0,,,,0,,,,1,,,,1,,,,,,0,,,,5,,,,1,,,,1,,,,,,0,,,,0,,,,3,,,,6,,,,,,1,,,,0,,0,,,202.5,,,2.6,,,,0.7,,,,0.0,,,,0.0,,,,,,0.0,,,,0.0,,,,1.5,,,,1.2,,,,,,0.0,,,,7.4,,,,2.2,,,,0.8,,,,,,0.0,,,,0.0,,,,4.6,,,,6.0,,,,,,0.6,,,,0.0,,0.0,
1989-09-16,1006.6,1007.7,1007.6,,1005.2,,29.0,32.3,,26.4,,24.7,78,63,,2.0,67.5,9.5,67.5,,0.0,0.0,0.0,,0.0,,5.9,48.2,20.76,4.0,29.5,29.2,29.1,28.9,28.9,29.0,,,,,,,8.9,,,,,,,,,,,,,,,3.34,1989-09-16T11:00:00,,,,,,,,,,,,,,,,,,,,,,,,,,,,,,,,,,,,,,,,,,,,,,5.9,28.9,,,,,,21.3,,,1,,,,0,,,,6,,,,,,6,,,,0,,,,0,,,,0,,,,,,0,,,,0,,,,0,,,,0,,,,,,0,,,,0,,,,0,,,,6,,,,,,2,,,,3,,0,,,45.0,,,4.6,,,,0.2,,,,0.0,,,,16.7,,,,,,21.9,,,,0.0,,,,0.0,,,,0.0,,,,,,0.0,,,,0.0,,,,0.0,,,,0.0,,,,,,0.0,,,,0.0,,,,0.0,,,,3.7,,,,,,1.1,,,,3.2,,0.0,
1989-09-17,1004.8,1005.9,1006.5,,1003.8,,29.0,32.8,,26.6,,24.1,75,60,,1.4,315.0,7.0,67.5,,0.0,0.0,0.0,,0.0,,7.1,58.1,21.56,4.4,30.0,29.8,29.5,29.5,29.2,29.2,,,,,,,7.9,,,,,,,,,,,,,,,3.64,1989-09-17T12:00:00,,,,,,,,,,,,,,,,,,,,,,,,,,,,,,,,,,,,,,,,,,,,,,6.2,29.4,,,,,,21.6,,,0,,,,1,,,,0,,,,,,2,,,,1,,,,1,,,,1,,,,,,1,,,,0,,,,0,,,,1,,,,,,0,,,,0,,,,4,,,,10,,,,,,1,,,,0,,1,,,67.5,,,3.4,,,,0.0,,,,1.3,,,,0.0,,,,,,5.7,,,,2.3,,,,2.5,,,,1.7,,,,,,1.5,,,,0.0,,,,0.0,,,,1.4,,,,,,0.0,,,,0.0,,,,6.5,,,,9.1,,,,,,0.9,,,,0.0,,0.6,
1989-09-18,1004.8,1005.9,1007.5,,1003.1,,28.7,31.8,,26.6,,24.5,78,66,,1.1,315.0,4.5,45.0,,2.2,2.7,0.7,,2.0,,6.1,49.9,21.17,-4.1,30.1,29.8,29.7,29.7,29.7,29.4,,,,,,,8.1,,,,,,,,,,,,,,,3.04,1989-09-18T10:00:00,,,,,,,,,,,,,,,,,,,,,,,,,,,,,,,,,,,,,,,,,,,,,,5.2,29.6,,,,,,20.4,,,0,,,,0,,,,1,,,,,,1,,,,1,,,,1,,,,2,,,,,,1,,,,2,,,,0,,,,0,,,,,,0,,,,0,,,,2,,,,7,,,,,,3,,,,2,,1,,,90.0,,,2.5,,,,0.0,,,,0.0,,,,2.1,,,,,,1.5,,,,2.4,,,,2.0,,,,2.8,,,,,,1.6,,,,2.8,,,,0.0,,,,0.0,,,,,,0.0,,,,0.0,,,,2.1,,,,5.6,,,,,,1.6,,,,1.2,,0.9,
1989-09-19,1008.4,1009.5,1010.8,,1006.5,,26.5,29.5,,24.7,,24.7,90,77,,1.4,45.0,9.3,45.0,,42.0,13.6,2.3,,8.5,,1.8,14.7,6.88,-0.5,27.4,28.4,28.9,29.5,30.0,29.4,,,,,,,8.6,,,,,,,,,,,,,,,2.01,1989-09-19T10:00:00,,,,,,,,,,,,,,,,,,,,,,,,,,,,,,,,,,,,,,,,,,,,,,4.8,29.7,,,,,,13.1,,,0,,,,3,,,,5,,,,,,0,,,,3,,,,0,,,,0,,,,,,0,,,,0,,,,0,,,,1,,,,,,0,,,,1,,,,1,,,,5,,,,,,2,,,,3,,0,,,45.0,,,4.2,,,,0.0,,,,3.6,,,,13.3,,,,,,0.0,,,,6.3,,,,0.0,,,,0.0,,,,,,0.0,,,,0.0,,,,0.0,,,,0.8,,,,,,0.0,,,,0.4,,,,1.2,,,,4.3,,,,,,1.8,,,,1.8,,0.0,
1989-09-20,1009.5,1010.6,1010.6,,1008.0,,27.3,30.8,,24.8,,24.6,85,72,,1.7,202.5,10.4,180.0,,3.5,3.7,0.7,,2.0,,6.3,51.5,21.19,3.2,28.8,28.5,28.5,28.7,29.0,29.5,,,,,,,8.3,,,,,,,,,,,,,,,3.51,1989-09-20T12:00:00,,,,,,,,,,,,,,,,,,,,,,,,,,,,,,,,,,,,,,,,,,,,,,6.0,29.0,,,,,,20.6,,,2,,,,0,,,,0,,,,,,0,,,,0,,,,0,,,,0,,,,,,0,,,,4,,,,6,,,,2,,,,,,3,,,,3,,,,2,,,,0,,,,,,1,,,,1,,0,,,180.0,,,5.7,,,,0.3,,,,0.0,,,,0.0,,,,,,0.0,,,,0.0,,,,0.0,,,,0.0,,,,,,0.0,,,,11.1,,,,17.5,,,,2.4,,,,,,3.4,,,,2.1,,,,1.6,,,,0.0,,,,,,0.9,,,,0.3,,0.0,
1989-09-21,1007.8,1008.9,1009.7,,1005.5,,28.3,31.6,,24.7,,23.3,75,65,,1.9,202.5,11.2,180.0,,0.0,0.0,0.0,,0.0,,7.7,63.5,22.59,3.8,28.4,28.6,28.7,29.0,29.2,29.4,,,,,,,7.6,,,,,,,,,,,,,,,3.55,1989-09-21T11:00:00,,,,,,,,,,,,,,,,,,,,,,,,,,,,,,,,,,,,,,,,,,,,,,6.9,29.1,,,,,,21.3,,,2,,,,1,,,,0,,,,,,0,,,,0,,,,0,,,,0,,,,,,0,,,,3,,,,4,,,,3,,,,,,2,,,,2,,,,3,,,,1,,,,,,2,,,,1,,0,,,180.0,,,6.3,,,,0.4,,,,0.6,,,,0.0,,,,,,0.0,,,,0.0,,,,0.0,,,,0.0,,,,,,0.0,,,,16.0,,,,15.6,,,,5.6,,,,,,2.2,,,,1.8,,,,1.0,,,,0.7,,,,,,1.1,,,,0.3,,0.0,
1989-09-22,1011.6,1012.7,1014.7,,1009.5,,28.4,31.6,,25.8,,23.7,76,67,,1.7,315.0,10.9,67.5,,0.0,0.0,0.0,,0.0,,5.7,47.0,21.31,3.9,29.5,29.3,29.2,29.2,29.3,29.4,,,,,,,7.9,,,,,,,,,,,,,,,3.72,1989-09-22T12:00:00,,,,,,,,,,,,,,,,,,,,,,,,,,,,,,,,,,,,,,,,,,,,,,5.8,29.3,,,,,,18.1,,,2,,,,0,,,,3,,,,,,5,,,,1,,,,0,,,,0,,,,,,1,,,,0,,,,0,,,,0,,,,,,0,,,,0,,,,1,,,,8,,,,,,1,,,,2,,0,,,45.0,,,4.8,,,,0.3,,,,0.0,,,,6.8,,,,,,18.7,,,,2.1,,,,0.0,,,,0.0,,,,,,1.5,,,,0.0,,,,0.0,,,,0.0,,,,,,0.0,,,,0.0,,,,1.3,,,,6.7,,,,,,0.8,,,,2.2,,0.0,
1989-09-23,1014.3,1015.4,1015.4,,1013.0,,28.1,31.6,,25.5,,23.2,75,65,,1.5,67.5,7.3,45.0,,0.0,0.0,0.0,,0.0,,6.0,49.5,20.83,4.1,29.7,29.5,29.7,29.4,29.5,29.4,,,,,,,6.4,,,,,,,,,,,,,,,3.68,1989-09-23T12:00:00,,,,,,,,,,,,,,,,,,,,,,,,,,,,,,,,,,,,,,,,,,,,,,6.1,29.4,,,,,,20.6,,,1,,,,0,,,,4,,,,,,6,,,,1,,,,0,,,,0,,,,,,0,,,,0,,,,0,,,,0,,,,,,0,,,,0,,,,0,,,,5,,,,,,4,,,,3,,0,,,67.5,,,3.3,,,,0.2,,,,0.0,,,,9.7,,,,,,16.6,,,,3.2,,,,0.0,,,,0.0,,,,,,0.0,,,,0.0,,,,0.0,,,,0.0,,,,,,0.0,,,,0.0,,,,0.0,,,,3.4,,,,,,1.8,,,,1.8,,0.0,
1989-09-24,1013.0,1014.1,1015.1,,1011.3,,28.6,31.9,,25.4,,23.4,74,61,,1.3,90.0,6.3,90.0,,0.0,0.0,0.0,,0.0,,9.1,75.1,25.08,5.9,30.3,29.8,29.6,29.7,29.5,29.5,,,,,,,4.4,,,,,,,,,,,,,,,3.55,1989-09-24T12:00:00,,,,,,,,,,,,,,,,,,,,,,,,,,,,,,,,,,,,,,,,,,,,,,6.5,29.5,,,,,,21.9,,,1,,,,2,,,,0,,,,,,4,,,,6,,,,0,,,,0,,,,,,0,,,,0,,,,0,,,,0,,,,,,0,,,,0,,,,1,,,,6,,,,,,3,,,,1,,0,,,90.0,,,3.4,,,,0.1,,,,1.1,,,,0.0,,,,,,7.1,,,,14.9,,,,0.0,,,,0.0,,,,,,0.0,,,,0.0,,,,0.0,,,,0.0,,,,,,0.0,,,,0.0,,,,1.2,,,,3.8,,,,,,2.1,,,,1.0,,0.0,
1989-09-25,1012.3,1013.4,1013.4,,1011.1,,28.6,31.9,,26.1,,23.5,74,64,,1.3,315.0,5.4,90.0,,0.0,0.0,0.0,,0.0,,8.4,69.3,23.93,4.5,30.4,29.9,30.1,30.0,29.9,29.5,,,,,,,2.5,,,,,,,,,,,,,,,3.51,1989-09-25T13:00:00,,,,,,,,,,,,,,,,,,,,,,,,,,,,,,,,,,,,,,,,,,,,,,5.8,29.8,,,,,,24.4,,,0,,,,2,,,,0,,,,,,1,,,,8,,,,0,,,,0,,,,,,0,,,,0,,,,0,,,,0,,,,,,0,,,,0,,,,0,,,,10,,,,,,3,,,,0,,0,,,112.5,,,3.3,,,,0.0,,,,1.2,,,,0.0,,,,,,0.9,,,,18.5,,,,0.0,,,,0.0,,,,,,0.0,,,,0.0,,,,0.0,,,,0.0,,,,,,0.0,,,,0.0,,,,0.0,,,,7.7,,,,,,2.5,,,,0.0,,0.0,
1989-09-26,1012.6,1013.7,1013.9,,1011.5,,28.3,31.9,,25.2,,22.4,71,60,,1.6,315.0,6.6,90.0,,0.0,0.0,0.0,,0.0,,8.4,69.9,24.76,4.8,30.2,29.9,29.9,30.0,30.2,29.6,,,,,,,2.5,,,,,,,,,,,,,,,3.6,1989-09-26T12:00:00,,,,,,,,,,,,,,,,,,,,,,,,,,,,,,,,,,,,,,,,,,,,,,6.7,30.0,,,,,,22.5,,,0,,,,0,,,,1,,,,,,4,,,,4,,,,1,,,,0,,,,,,0,,,,0,,,,0,,,,0,,,,,,0,,,,0,,,,2,,,,7,,,,,,4,,,,1,,0,,,90.0,,,3.6,,,,0.0,,,,0.0,,,,1.2,,,,,,8.3,,,,12.2,,,,3.0,,,,0.0,,,,,,0.0,,,,0.0,,,,0.0,,,,0.0,,,,,,0.0,,,,0.0,,,,2.5,,,,7.5,,,,,,3.0,,,,0.5,,0.0,
1989-09-27,1012.0,1013.1,1013.7,,1010.2,,28.2,31.7,,24.6,,22.5,71,60,,1.7,67.5,6.2,67.5,,0.0,0.0,0.0,,0.0,,9.3,77.4,25.25,5.6,30.3,30.0,30.1,30.0,30.2,29.5,,,,,,,1.5,,,,,,,,,,,,,,,3.51,1989-09-27T12:00:00,,,,,,,,,,,,,,,,,,,,,,,,,,,,,,,,,,,,,,,,,,,,,,7.1,30.0,,,,,,21.9,,,0,,,,2,,,,1,,,,,,6,,,,5,,,,0,,,,0,,,,,,0,,,,0,,,,0,,,,0,,,,,,0,,,,0,,,,3,,,,5,,,,,,2,,,,0,,0,,,67.5,,,3.2,,,,0.0,,,,3.2,,,,2.2,,,,,,12.5,,,,12.3,,,,0.0,,,,0.0,,,,,,0.0,,,,0.0,,,,0.0,,,,0.0,,,,,,0.0,,,,0.0,,,,3.5,,,,5.6,,,,,,1.5,,,,0.0,,0.0,
1989-09-28,1011.1,1012.2,1012.5,,1009.6,,28.2,32.3,,25.1,,22.9,74,50,,2.5,67.5,10.6,90.0,,3.2,3.8,0.9,,2.0,,5.1,42.5,21.92,-3.5,30.1,29.8,29.8,29.9,30.2,29.5,,,,,,,5.6,,,,,,,,,,,,,,,3.38,1989-09-28T12:00:00,,,,,,,,,,,,,,,,,,,,,,,,,,,,,,,,,,,,,,,,,,,,,,7.2,29.9,,,,,,21.3,,,0,,,,0,,,,6,,,,,,7,,,,1,,,,0,,,,0,,,,,,0,,,,0,,,,0,,,,0,,,,,,0,,,,0,,,,0,,,,0,,,,,,7,,,,3,,0,,,90.0,,,5.4,,,,0.0,,,,0.0,,,,18.6,,,,,,23.9,,,,3.3,,,,0.0,,,,0.0,,,,,,0.0,,,,0.0,,,,0.0,,,,0.0,,,,,,0.0,,,,0.0,,,,0.0,,,,0.0,,,,,,11.9,,,,2.0,,0.0,
1989-09-29,1011.6,1012.7,1013.2,,1010.1,,25.0,26.4,,24.4,,24.2,95,91,,0.9,315.0,8.5,45.0,,137.5,18.3,10.0,,29.5,,0.0,0.0,2.02,-0.6,25.2,26.6,27.1,28.0,29.9,29.8,,,,,,,10.0,,,,,,,,,,,,,,,0.77,1989-09-29T11:00:00,,,,,,,,,,,,,,,,,,,,,,,,,,,,,,,,,,,,,,,,,,,,,,2.0,28.6,,,,,,14.4,,,1,,,,2,,,,2,,,,,,0,,,,0,,,,0,,,,0,,,,,,1,,,,0,,,,0,,,,0,,,,,,0,,,,1,,,,0,,,,7,,,,,,6,,,,4,,0,,,45.0,,,4.3,,,,0.2,,,,2.4,,,,4.4,,,,,,0.0,,,,0.0,,,,0.0,,,,0.0,,,,,,0.9,,,,0.0,,,,0.0,,,,0.0,,,,,,0.0,,,,1.3,,,,0.0,,,,5.4,,,,,,4.4,,,,2.8,,0.0,
1989-09-30,1011.0,1012.1,1012.5,,1009.7,,26.1,29.3,,23.7,,23.9,88,68,,0.7,247.5,6.3,270.0,,35.5,8.0,8.5,,24.5,,0.0,0.0,10.35,-3.7,25.9,25.8,26.3,26.9,28.0,29.5,,,,,,,9.9,,,,,,,,,,,,,,,1.93,1989-09-30T12:00:00,,,,,,,,,,,,,,,,,,,,,,,,,,,,,,,,,,,,,,,,,,,,,,5.6,27.3,,,,,,15.6,,,6,,,,0,,,,2,,,,,,1,,,,0,,,,0,,,,2,,,,,,0,,,,0,,,,1,,,,0,,,,,,3,,,,1,,,,1,,,,2,,,,,,3,,,,2,,0,,,270.0,,,3.0,,,,0.8,,,,0.0,,,,0.7,,,,,,1.1,,,,0.0,,,,0.0,,,,2.8,,,,,,0.0,,,,0.0,,,,0.4,,,,0.0,,,,,,2.8,,,,2.9,,,,1.1,,,,1.5,,,,,,2.6,,,,1.2,,0.0,
1989-10-01,1009.4,1010.5,1010.8,,1008.1,,26.6,29.7,,24.5,,23.1,82,62,,1.0,315.0,6.7,67.5,,0.5,2.7,0.3,,0.5,,0.7,5.9,14.2,-2.4,27.3,27.1,27.3,27.5,27.8,28.8,,,,,,,9.0,,,,,,,,,,,,,,,2.18,1989-10-01T12:00:00,,,,,,,,,,,,,,,,,,,,,,,,,,,,,,,,,,,,,,,,,,,,,,5.2,27.4,,,,,,17.5,,,3,,,,2,,,,2,,,,,,0,,,,2,,,,3,,,,0,,,,,,0,,,,2,,,,0,,,,1,,,,,,1,,,,0,,,,3,,,,5,,,,,,0,,,,0,,0,,,112.5,,,3.2,,,,0.5,,,,2.9,,,,2.7,,,,,,0.0,,,,1.5,,,,5.0,,,,0.0,,,,,,0.0,,,,1.9,,,,0.0,,,,0.9,,,,,,0.8,,,,0.0,,,,2.7,,,,4.0,,,,,,0.0,,,,0.0,,0.0,
1989-10-02,1009.8,1010.9,1011.4,,1008.9,,26.6,29.0,,25.2,,23.2,82,70,,1.9,45.0,11.8,45.0,,0.5,1.5,0.2,,0.4,,0.0,0.0,9.71,-1.8,26.9,27.2,27.4,27.7,28.4,28.9,,,,,,,9.5,,,,,,,,,,,,,,,1.41,1989-10-02T13:00:00,,,,,,,,,,,,,,,,,,,,,,,,,,,,,,,,,,,,,,,,,,,,,,3.8,28.0,,,,,,16.9,,,2,,,,2,,,,7,,,,,,2,,,,0,,,,0,,,,0,,,,,,0,,,,0,,,,0,,,,0,,,,,,0,,,,0,,,,0,,,,7,,,,,,2,,,,2,,0,,,45.0,,,5.3,,,,0.2,,,,5.0,,,,24.1,,,,,,8.5,,,,0.0,,,,0.0,,,,0.0,,,,,,0.0,,,,0.0,,,,0.0,,,,0.0,,,,,,0.0,,,,0.0,,,,0.0,,,,5.0,,,,,,1.5,,,,1.2,,0.0,
1989-10-03,1011.5,1012.6,1012.6,,1009.8,,26.5,30.3,,23.8,,21.4,74,55,,2.1,337.5,12.4,67.5,,6.0,3.9,0.5,,2.2,,4.6,38.7,18.79,4.6,27.4,27.4,27.5,27.8,28.1,28.7,,,,,,,8.1,,,,,,,,,,,,,,,3.51,1989-10-03T12:00:00,,,,,,,,,,,,,,,,,,,,,,,,,,,,,,,,,,,,,,,,,,,,,,6.5,28.0,,,,,,17.3,,,0,,,,3,,,,8,,,,,,0,,,,0,,,,0,,,,0,,,,,,0,,,,0,,,,0,,,,0,,,,,,0,,,,0,,,,0,,,,0,,,,,,11,,,,2,,0,,,45.0,,,5.7,,,,0.0,,,,4.2,,,,32.5,,,,,,0.0,,,,0.0,,,,0.0,,,,0.0,,,,,,0.0,,,,0.0,,,,0.0,,,,0.0,,,,,,0.0,,,,0.0,,,,0.0,,,,0.0,,,,,,11.4,,,,1.9,,0.0,
1989-10-04,1010.9,1012.0,1012.3,,1008.9,,26.9,31.1,,22.8,,19.8,66,48,,2.7,45.0,12.8,67.5,,0.0,0.0,0.0,,0.0,,9.5,79.8,23.9,4.7,27.5,27.6,27.6,27.4,28.2,28.7,,,,,,,1.9,,,,,,,,,,,,,,,3.38,1989-10-04T13:00:00,,,,,,,,,,,,,,,,,,,,,,,,,,,,,,,,,,,,,,,,,,,,,,8.3,27.4,,,,,,18.5,,,0,,,,1,,,,9,,,,,,1,,,,0,,,,0,,,,0,,,,,,0,,,,0,,,,0,,,,0,,,,,,0,,,,0,,,,0,,,,4,,,,,,7,,,,2,,0,,,67.5,,,5.8,,,,0.0,,,,1.5,,,,42.4,,,,,,5.0,,,,0.0,,,,0.0,,,,0.0,,,,,,0.0,,,,0.0,,,,0.0,,,,0.0,,,,,,0.0,,,,0.0,,,,0.0,,,,5.5,,,,,,7.6,,,,1.6,,0.0,
1989-10-05,1009.3,1010.4,1010.7,,1007.9,,27.2,30.9,,23.6,,20.2,66,52,,2.9,45.0,15.9,45.0,,0.0,0.0,0.0,,0.0,,7.3,61.3,22.5,5.9,26.9,27.3,27.2,27.6,28.1,28.7,,,,,,,4.9,,,,,,,,,,,,,,,3.38,1989-10-05T12:00:00,,,,,,,,,,,,,,,,,,,,,,,,,,,,,,,,,,,,,,,,,,,,,,7.3,27.9,,,,,,21.9,,,0,,,,2,,,,9,,,,,,2,,,,0,,,,0,,,,0,,,,,,0,,,,0,,,,0,,,,0,,,,,,0,,,,0,,,,0,,,,6,,,,,,2,,,,3,,0,,,45.0,,,5.9,,,,0.0,,,,4.0,,,,41.1,,,,,,9.6,,,,0.0,,,,0.0,,,,0.0,,,,,,0.0,,,,0.0,,,,0.0,,,,0.0,,,,,,0.0,,,,0.0,,,,0.0,,,,7.9,,,,,,2.7,,,,4.4,,0.0,
1989-10-06,1009.0,1010.1,1010.5,,1007.3,,27.2,30.8,,24.4,,20.2,66,52,,3.0,45.0,15.0,45.0,,0.0,0.0,0.0,,0.0,,1.8,15.3,9.71,-4.3,26.1,26.6,26.7,27.3,28.2,28.7,,,,,,,9.3,,,,,,,,,,,,,,,1.41,1989-10-06T13:00:00,,,,,,,,,,,,,,,,,,,,,,,,,,,,,,,,,,,,,,,,,,,,,,6.4,27.7,,,,,,19.4,,,0,,,,1,,,,8,,,,,,2,,,,0,,,,0,,,,0,,,,,,0,,,,0,,,,0,,,,0,,,,,,0,,,,0,,,,0,,,,3,,,,,,7,,,,3,,0,,,45.0,,,7.0,,,,0.0,,,,2.6,,,,42.0,,,,,,10.6,,,,0.0,,,,0.0,,,,0.0,,,,,,0.0,,,,0.0,,,,0.0,,,,0.0,,,,,,0.0,,,,0.0,,,,0.0,,,,4.7,,,,,,9.3,,,,3.3,,0.0,
1989-10-07,1010.0,1011.1,1011.7,,1008.3,,26.3,28.7,,24.9,,21.1,73,66,,3.0,45.0,12.8,45.0,,0.2,0.3,0.2,,0.2,,1.0,8.5,11.73,-2.9,25.9,26.3,26.6,27.3,27.8,28.5,,,,,,,9.3,,,,,,,,,,,,,,,1.88,1989-10-07T14:00:00,,,,,,,,,,,,,,,,,,,,,,,,,,,,,,,,,,,,,,,,,,,,,,3.8,27.6,,,,,,16.6,,,0,,,,2,,,,13,,,,,,0,,,,0,,,,0,,,,0,,,,,,0,,,,0,,,,0,,,,0,,,,,,0,,,,0,,,,0,,,,2,,,,,,6,,,,1,,0,,,45.0,,,5.6,,,,0.0,,,,4.2,,,,59.0,,,,,,0.0,,,,0.0,,,,0.0,,,,0.0,,,,,,0.0,,,,0.0,,,,0.0,,,,0.0,,,,,,0.0,,,,0.0,,,,0.0,,,,1.3,,,,,,6.0,,,,1.2,,0.0,
1989-10-08,1013.9,1015.0,1016.5,,1011.6,,24.1,27.0,,21.9,,18.7,73,57,,2.0,337.5,14.0,22.5,,3.4,5.1,0.8,,1.5,,0.0,0.0,9.23,5.3,24.0,24.9,25.5,26.5,27.6,28.5,,,,,,,9.9,,,,,,,,,,,,,,,1.67,1989-10-08T14:00:00,,,,,,,,,,,,,,,,,,,,,,,,,,,,,,,,,,,,,,,,,,,,,,5.1,27.1,,,,,,16.1,,,0,,,,2,,,,8,,,,,,0,,,,0,,,,0,,,,0,,,,,,0,,,,0,,,,0,,,,0,,,,,,0,,,,0,,,,0,,,,3,,,,,,9,,,,2,,0,,,45.0,,,6.2,,,,0.0,,,,2.6,,,,32.9,,,,,,0.0,,,,0.0,,,,0.0,,,,0.0,,,,,,0.0,,,,0.0,,,,0.0,,,,0.0,,,,,,0.0,,,,0.0,,,,0.0,,,,2.1,,,,,,9.8,,,,1.7,,0.0,
1989-10-09,1015.3,1016.4,1016.7,,1013.7,,24.7,28.1,,22.3,,18.1,67,53,,2.2,45.0,10.7,45.0,,0.0,0.0,0.0,,0.0,,0.7,5.9,13.94,5.6,24.1,24.6,25.1,26.0,26.9,28.3,,,,,,,9.3,,,,,,,,,,,,,,,2.82,1989-10-09T11:00:00,,,,,,,,,,,,,,,,,,,,,,,,,,,,,,,,,,,,,,,,,,,,,,5.8,26.6,,,,,,18.8,,,0,,,,0,,,,7,,,,,,2,,,,0,,,,0,,,,0,,,,,,0,,,,0,,,,0,,,,0,,,,,,0,,,,0,,,,0,,,,7,,,,,,7,,,,1,,0,,,45.0,,,5.3,,,,0.0,,,,0.0,,,,26.8,,,,,,7.8,,,,0.0,,,,0.0,,,,0.0,,,,,,0.0,,,,0.0,,,,0.0,,,,0.0,,,,,,0.0,,,,0.0,,,,0.0,,,,7.7,,,,,,9.8,,,,1.4,,0.0,
1989-10-10,1013.0,1014.1,1015.1,,1010.7,,26.2,30.0,,22.3,,20.2,70,56,,1.7,315.0,7.6,67.5,,0.0,0.0,0.0,,0.0,,8.5,72.1,22.81,4.6,26.8,26.4,26.3,26.4,26.7,28.0,,,,,,,6.3,,,,,,,,,,,,,,,3.34,1989-10-10T13:00:00,,,,,,,,,,,,,,,,,,,,,,,,,,,,,,,,,,,,,,,,,,,,,,7.7,26.7,,,,,,21.3,,,0,,,,1,,,,3,,,,,,5,,,,3,,,,0,,,,0,,,,,,0,,,,0,,,,0,,,,0,,,,,,0,,,,0,,,,0,,,,9,,,,,,2,,,,1,,0,,,90.0,,,4.2,,,,0.0,,,,2.0,,,,3.1,,,,,,13.0,,,,9.1,,,,0.0,,,,0.0,,,,,,0.0,,,,0.0,,,,0.0,,,,0.0,,,,,,0.0,,,,0.0,,,,0.0,,,,10.6,,,,,,2.0,,,,0.5,,0.0,
1989-10-11,1012.6,1013.7,1014.5,,1010.3,,27.8,31.3,,25.1,,22.3,73,62,,1.6,67.5,8.8,67.5,,0.7,1.8,0.5,,0.6,,5.3,45.3,18.48,-2.4,27.7,27.6,27.4,27.4,27.3,28.0,,,,,,,6.4,,,,,,,,,,,,,,,3.08,1989-10-11T13:00:00,,,,,,,,,,,,,,,,,,,,,,,,,,,,,,,,,,,,,,,,,,,,,,6.2,27.5,,,,,,18.4,,,3,,,,3,,,,3,,,,,,6,,,,0,,,,0,,,,0,,,,,,0,,,,0,,,,0,,,,0,,,,,,0,,,,0,,,,0,,,,3,,,,,,3,,,,3,,0,,,67.5,,,4.2,,,,0.5,,,,5.7,,,,9.6,,,,,,17.1,,,,0.0,,,,0.0,,,,0.0,,,,,,0.0,,,,0.0,,,,0.0,,,,0.0,,,,,,0.0,,,,0.0,,,,0.0,,,,2.2,,,,,,1.9,,,,1.0,,0.0,
1989-10-12,1013.7,1014.8,1015.0,,1012.0,,26.6,29.4,,25.3,,24.6,89,82,,0.8,315.0,5.6,45.0,,9.5,8.6,2.0,,3.0,,0.5,4.3,8.52,-1.5,26.9,27.1,27.3,27.6,27.8,28.0,,,,,,,8.8,,,,,,,,,,,,,,,2.18,1989-10-12T11:00:00,,,,,,,,,,,,,,,,,,,,,,,,,,,,,,,,,,,,,,,,,,,,,,4.1,27.8,,,,,,16.8,,,1,,,,1,,,,4,,,,,,3,,,,1,,,,0,,,,1,,,,,,0,,,,0,,,,0,,,,0,,,,,,0,,,,0,,,,1,,,,5,,,,,,4,,,,2,,1,,,292.5,,,2.8,,,,0.1,,,,1.7,,,,3.2,,,,,,3.5,,,,0.7,,,,0.0,,,,0.9,,,,,,0.0,,,,0.0,,,,0.0,,,,0.0,,,,,,0.0,,,,0.0,,,,0.4,,,,3.3,,,,,,2.6,,,,1.5,,0.6,
1989-10-13,1014.7,1015.8,1016.8,,1012.9,,27.0,31.1,,24.7,,23.7,83,68,,1.9,45.0,11.6,45.0,,4.5,4.0,1.0,,2.0,,6.3,53.9,20.0,-3.2,28.2,28.0,27.9,27.9,27.8,28.1,,,,,,,7.6,,,,,,,,,,,,,,,3.25,1989-10-13T11:00:00,,,,,,,,,,,,,,,,,,,,,,,,,,,,,,,,,,,,,,,,,,,,,,6.4,27.9,,,,,,20.0,,,2,,,,1,,,,8,,,,,,4,,,,0,,,,0,,,,0,,,,,,0,,,,0,,,,0,,,,0,,,,,,0,,,,0,,,,0,,,,2,,,,,,5,,,,2,,0,,,45.0,,,5.2,,,,0.3,,,,1.4,,,,26.0,,,,,,13.1,,,,0.0,,,,0.0,,,,0.0,,,,,,0.0,,,,0.0,,,,0.0,,,,0.0,,,,,,0.0,,,,0.0,,,,0.0,,,,0.7,,,,,,3.3,,,,1.6,,0.0,
1989-10-14,1014.5,1015.6,1016.5,,1012.9,,26.6,29.9,,24.2,,22.4,78,70,,1.9,337.5,10.6,45.0,,0.5,1.0,0.4,,0.5,,4.6,39.3,17.97,3.4,27.5,27.6,27.6,27.9,28.1,28.2,,,,,,,8.4,,,,,,,,,,,,,,,2.82,1989-10-14T12:00:00,,,,,,,,,,,,,,,,,,,,,,,,,,,,,,,,,,,,,,,,,,,,,,5.7,28.1,,,,,,19.4,,,1,,,,1,,,,6,,,,,,3,,,,0,,,,0,,,,0,,,,,,0,,,,0,,,,0,,,,0,,,,,,0,,,,0,,,,1,,,,4,,,,,,8,,,,0,,0,,,67.5,,,5.1,,,,0.2,,,,2.5,,,,20.9,,,,,,10.0,,,,0.0,,,,0.0,,,,0.0,,,,,,0.0,,,,0.0,,,,0.0,,,,0.0,,,,,,0.0,,,,0.0,,,,1.3,,,,2.9,,,,,,6.9,,,,0.0,,0.0,
1989-10-15,1012.6,1013.7,1014.3,,1011.2,,25.9,28.4,,24.8,,21.6,77,68,,1.3,315.0,8.6,45.0,,0.0,0.0,0.0,,0.0,,0.3,2.6,7.79,2.4,25.8,26.5,27.0,27.5,28.3,28.3,,,,,,,9.6,,,,,,,,,,,,,,,1.93,1989-10-15T11:00:00,,,,,,,,,,,,,,,,,,,,,,,,,,,,,,,,,,,,,,,,,,,,,,3.6,27.9,,,,,,16.6,,,3,,,,0,,,,4,,,,,,3,,,,0,,,,0,,,,0,,,,,,0,,,,0,,,,0,,,,0,,,,,,0,,,,0,,,,0,,,,8,,,,,,5,,,,1,,0,,,45.0,,,4.1,,,,0.2,,,,0.0,,,,9.9,,,,,,8.8,,,,0.0,,,,0.0,,,,0.0,,,,,,0.0,,,,0.0,,,,0.0,,,,0.0,,,,,,0.0,,,,0.0,,,,0.0,,,,6.9,,,,,,4.2,,,,1.1,,0.0,
1989-10-16,1011.9,1013.0,1014.9,,1010.0,,26.4,30.2,,23.6,,20.7,71,61,,1.7,315.0,8.7,45.0,,0.0,0.0,0.0,,0.0,,8.9,76.9,21.44,5.6,27.3,27.4,27.3,27.5,27.9,28.2,,,,,,,4.6,,,,,,,,,,,,,,,3.3,1989-10-16T12:00:00,,,,,,,,,,,,,,,,,,,,,,,,,,,,,,,,,,,,,,,,,,,,,,6.6,27.6,,,,,,19.8,,,0,,,,0,,,,1,,,,,,3,,,,4,,,,0,,,,0,,,,,,0,,,,0,,,,0,,,,0,,,,,,0,,,,0,,,,0,,,,12,,,,,,2,,,,2,,0,,,67.5,,,3.7,,,,0.0,,,,0.0,,,,3.5,,,,,,8.2,,,,10.3,,,,0.0,,,,0.0,,,,,,0.0,,,,0.0,,,,0.0,,,,0.0,,,,,,0.0,,,,0.0,,,,0.0,,,,14.1,,,,,,1.8,,,,2.0,,0.0,
1989-10-17,1015.2,1016.3,1016.9,,1013.7,,23.8,25.7,,22.1,,16.3,63,53,,2.6,45.0,13.0,45.0,,0.0,0.0,0.0,,0.0,,0.0,0.0,9.07,2.8,23.8,25.0,25.9,26.8,27.8,27.9,,,,,,,9.0,,,,,,,,,,,,,,,1.58,1989-10-17T12:00:00,,,,,,,,,,,,,,,,,,,,,,,,,,,,,,,,,,,,,,,,,,,,,,3.6,27.5,,,,,,17.5,,,0,,,,2,,,,11,,,,,,0,,,,0,,,,0,,,,0,,,,,,0,,,,0,,,,0,,,,0,,,,,,0,,,,0,,,,0,,,,1,,,,,,10,,,,0,,0,,,45.0,,,6.3,,,,0.0,,,,4.3,,,,45.7,,,,,,0.0,,,,0.0,,,,0.0,,,,0.0,,,,,,0.0,,,,0.0,,,,0.0,,,,0.0,,,,,,0.0,,,,0.0,,,,0.0,,,,1.7,,,,,,10.3,,,,0.0,,0.0,
1989-10-18,1014.7,1015.8,1016.6,,1013.1,,23.9,27.1,,21.7,,16.1,62,52,,2.2,45.0,10.9,45.0,,0.0,0.0,0.0,,0.0,,0.5,4.3,12.93,3.4,23.7,24.3,24.9,25.9,27.2,28.0,,,,,,,8.0,,,,,,,,,,,,,,,2.4,1989-10-18T13:00:00,,,,,,,,,,,,,,,,,,,,,,,,,,,,,,,,,,,,,,,,,,,,,,5.4,26.6,,,,,,19.4,,,0,,,,1,,,,7,,,,,,2,,,,0,,,,0,,,,0,,,,,,0,,,,0,,,,0,,,,0,,,,,,0,,,,0,,,,0,,,,4,,,,,,7,,,,3,,0,,,67.5,,,4.8,,,,0.0,,,,2.8,,,,23.7,,,,,,7.9,,,,0.0,,,,0.0,,,,0.0,,,,,,0.0,,,,0.0,,,,0.0,,,,0.0,,,,,,0.0,,,,0.0,,,,0.0,,,,5.2,,,,,,8.9,,,,3.1,,0.0,
1989-10-19,1013.0,1014.1,1014.3,,1010.8,,25.3,29.2,,21.6,,18.3,65,46,,2.9,45.0,12.7,45.0,,0.0,0.0,0.0,,0.0,,5.9,50.9,19.33,4.0,24.3,24.8,25.1,25.7,26.5,27.8,,,,,,,5.3,,,,,,,,,,,,,,,3.12,1989-10-19T11:00:00,,,,,,,,,,,,,,,,,,,,,,,,,,,,,,,,,,,,,,,,,,,,,,7.6,26.3,,,,,,21.6,,,0,,,,1,,,,11,,,,,,2,,,,0,,,,0,,,,0,,,,,,0,,,,0,,,,0,,,,0,,,,,,0,,,,0,,,,0,,,,7,,,,,,2,,,,1,,0,,,45.0,,,6.1,,,,0.0,,,,1.6,,,,45.8,,,,,,9.2,,,,0.0,,,,0.0,,,,0.0,,,,,,0.0,,,,0.0,,,,0.0,,,,0.0,,,,,,0.0,,,,0.0,,,,0.0,,,,10.6,,,,,,1.4,,,,0.5,,0.0,
1989-10-20,1014.2,1015.3,1015.7,,1012.7,,25.9,28.8,,23.4,,20.0,70,62,,2.8,45.0,13.8,67.5,,0.0,0.0,0.0,,0.0,,4.9,42.3,18.31,3.7,25.4,25.8,26.0,26.4,26.8,27.5,,,,,,,8.8,,,,,,,,,,,,,,,3.04,1989-10-20T12:00:00,,,,,,,,,,,,,,,,,,,,,,,,,,,,,,,,,,,,,,,,,,,,,,5.4,26.6,,,,,,20.6,,,0,,,,1,,,,12,,,,,,1,,,,0,,,,0,,,,0,,,,,,0,,,,0,,,,0,,,,0,,,,,,0,,,,0,,,,0,,,,0,,,,,,7,,,,3,,0,,,45.0,,,5.9,,,,0.0,,,,0.6,,,,51.4,,,,,,5.7,,,,0.0,,,,0.0,,,,0.0,,,,,,0.0,,,,0.0,,,,0.0,,,,0.0,,,,,,0.0,,,,0.0,,,,0.0,,,,0.0,,,,,,6.6,,,,2.5,,0.0,
1989-10-21,1015.9,1017.0,1017.9,,1013.9,,26.0,28.8,,24.6,,21.2,75,68,,2.0,45.0,10.6,22.5,,0.0,0.0,0.0,,0.0,,0.6,5.2,10.32,2.4,25.5,25.8,26.0,26.4,26.9,27.6,,,,,,,8.9,,,,,,,,,,,,,,,1.8,1989-10-21T14:00:00,,,,,,,,,,,,,,,,,,,,,,,,,,,,,,,,,,,,,,,,,,,,,,4.2,26.8,,,,,,19.4,,,3,,,,4,,,,8,,,,,,1,,,,0,,,,0,,,,0,,,,,,0,,,,0,,,,0,,,,0,,,,,,0,,,,0,,,,0,,,,1,,,,,,6,,,,1,,0,,,45.0,,,5.0,,,,0.2,,,,8.0,,,,29.2,,,,,,4.1,,,,0.0,,,,0.0,,,,0.0,,,,,,0.0,,,,0.0,,,,0.0,,,,0.0,,,,,,0.0,,,,0.0,,,,0.0,,,,0.7,,,,,,5.3,,,,0.7,,0.0,
1989-10-22,1016.3,1017.4,1017.7,,1014.6,,26.1,29.7,,24.3,,20.9,73,63,,1.8,337.5,9.0,45.0,,0.0,0.0,0.0,,0.0,,3.4,29.6,16.39,3.2,26.8,26.6,26.5,26.3,26.9,27.4,,,,,,,9.4,,,,,,,,,,,,,,,3.12,1989-10-22T13:00:00,,,,,,,,,,,,,,,,,,,,,,,,,,,,,,,,,,,,,,,,,,,,,,5.4,26.9,,,,,,19.1,,,0,,,,1,,,,4,,,,,,5,,,,0,,,,0,,,,0,,,,,,0,,,,0,,,,0,,,,0,,,,,,0,,,,0,,,,0,,,,5,,,,,,7,,,,2,,0,,,67.5,,,4.3,,,,0.0,,,,1.8,,,,12.3,,,,,,17.6,,,,0.0,,,,0.0,,,,0.0,,,,,,0.0,,,,0.0,,,,0.0,,,,0.0,,,,,,0.0,,,,0.0,,,,0.0,,,,4.8,,,,,,5.9,,,,0.9,,0.0,
1989-10-23,1015.2,1016.3,1016.3,,1013.8,,26.0,30.8,,24.3,,20.6,72,56,,1.9,337.5,10.0,67.5,,0.0,0.0,0.0,,0.0,,3.4,29.6,14.04,6.0,26.1,26.6,26.6,26.9,27.4,27.6,,,,,,,9.3,,,,,,,,,,,,,,,3.12,1989-10-23T11:00:00,,,,,,,,,,,,,,,,,,,,,,,,,,,,,,,,,,,,,,,,,,,,,,6.5,27.2,,,,,,18.1,,,0,,,,2,,,,3,,,,,,5,,,,0,,,,0,,,,0,,,,,,0,,,,0,,,,0,,,,0,,,,,,0,,,,0,,,,0,,,,6,,,,,,7,,,,1,,0,,,67.5,,,5.0,,,,0.0,,,,4.4,,,,9.9,,,,,,18.1,,,,0.0,,,,0.0,,,,0.0,,,,,,0.0,,,,0.0,,,,0.0,,,,0.0,,,,,,0.0,,,,0.0,,,,0.0,,,,5.3,,,,,,6.7,,,,0.6,,0.0,
1989-10-24,1014.9,1016.0,1016.4,,1013.2,,25.6,29.3,,24.1,,21.0,76,66,,1.4,315.0,7.5,67.5,,0.0,0.0,0.0,,0.0,,1.9,16.6,12.53,3.7,26.1,26.5,26.4,26.7,27.3,27.6,,,,,,,9.4,,,,,,,,,,,,,,,3.08,1989-10-24T12:00:00,,,,,,,,,,,,,,,,,,,,,,,,,,,,,,,,,,,,,,,,,,,,,,5.2,27.1,,,,,,19.4,,,0,,,,0,,,,2,,,,,,6,,,,0,,,,0,,,,0,,,,,,0,,,,0,,,,0,,,,0,,,,,,0,,,,0,,,,0,,,,8,,,,,,5,,,,3,,0,,,67.5,,,4.0,,,,0.0,,,,0.0,,,,2.7,,,,,,17.3,,,,0.0,,,,0.0,,,,0.0,,,,,,0.0,,,,0.0,,,,0.0,,,,0.0,,,,,,0.0,,,,0.0,,,,0.0,,,,6.8,,,,,,4.1,,,,2.6,,0.0,
1989-10-25,1014.3,1015.4,1015.3,,1013.0,,26.3,29.7,,23.8,,22.0,78,67,,1.4,315.0,6.2,67.5,,0.1,0.9,0.1,,0.1,,5.8,50.5,17.59,-3.5,27.1,26.6,26.9,27.0,27.2,27.5,,,,,,,6.5,,,,,,,,,,,,,,,3.12,1989-10-25T12:00:00,,,,,,,,,,,,,,,,,,,,,,,,,,,,,,,,,,,,,,,,,,,,,,5.9,27.3,,,,,,21.9,,,0,,,,1,,,,5,,,,,,3,,,,3,,,,1,,,,0,,,,,,0,,,,0,,,,0,,,,0,,,,,,0,,,,0,,,,1,,,,9,,,,,,1,,,,0,,0,,,90.0,,,3.3,,,,0.0,,,,0.7,,,,10.6,,,,,,6.8,,,,6.4,,,,2.4,,,,0.0,,,,,,0.0,,,,0.0,,,,0.0,,,,0.0,,,,,,0.0,,,,0.0,,,,0.5,,,,6.1,,,,,,0.6,,,,0.0,,0.0,
1989-10-26,1014.0,1015.1,1015.7,,1012.5,,25.1,28.9,,22.9,,21.3,80,60,,1.2,337.5,6.0,45.0,,8.0,4.1,3.0,,5.0,,0.7,6.2,8.07,3.4,25.7,26.1,26.3,26.9,27.5,27.7,,,,,,,9.5,,,,,,,,,,,,,,,2.35,1989-10-26T12:00:00,,,,,,,,,,,,,,,,,,,,,,,,,,,,,,,,,,,,,,,,,,,,,,6.0,27.3,,,,,,16.9,,,2,,,,1,,,,5,,,,,,2,,,,0,,,,0,,,,0,,,,,,0,,,,0,,,,0,,,,0,,,,,,0,,,,0,,,,2,,,,4,,,,,,8,,,,0,,0,,,45.0,,,3.1,,,,0.4,,,,0.7,,,,10.0,,,,,,4.2,,,,0.0,,,,0.0,,,,0.0,,,,,,0.0,,,,0.0,,,,0.0,,,,0.0,,,,,,0.0,,,,0.0,,,,1.1,,,,5.4,,,,,,7.2,,,,0.0,,0.0,
1989-10-27,1012.0,1013.1,1013.8,,1010.5,,26.2,29.4,,23.6,,19.9,69,57,,1.6,337.5,8.2,67.5,,0.0,0.0,0.0,,0.0,,6.6,58.0,17.75,4.8,26.1,26.4,26.4,26.5,27.0,27.7,,,,,,,7.4,,,,,,,,,,,,,,,3.25,1989-10-27T12:00:00,,,,,,,,,,,,,,,,,,,,,,,,,,,,,,,,,,,,,,,,,,,,,,5.8,26.8,,,,,,18.8,,,0,,,,0,,,,1,,,,,,5,,,,3,,,,0,,,,0,,,,,,0,,,,0,,,,0,,,,0,,,,,,0,,,,0,,,,1,,,,6,,,,,,8,,,,0,,0,,,67.5,,,4.1,,,,0.0,,,,0.0,,,,1.2,,,,,,12.0,,,,9.9,,,,0.0,,,,0.0,,,,,,0.0,,,,0.0,,,,0.0,,,,0.0,,,,,,0.0,,,,0.0,,,,0.9,,,,4.8,,,,,,9.2,,,,0.0,,0.0,
1989-10-28,1011.8,1012.9,1013.9,,1009.8,,25.7,29.6,,22.0,,17.5,61,48,,1.6,315.0,7.0,45.0,,0.0,0.0,0.0,,0.0,,9.5,83.6,20.37,3.5,25.6,26.1,26.1,26.4,27.1,27.5,,,,,,,3.4,,,,,,,,,,,,,,,3.0,1989-10-28T12:00:00,,,,,,,,,,,,,,,,,,,,,,,,,,,,,,,,,,,,,,,,,,,,,,7.6,26.9,,,,,,17.0,,,0,,,,1,,,,2,,,,,,0,,,,6,,,,0,,,,0,,,,,,0,,,,0,,,,0,,,,0,,,,,,0,,,,0,,,,0,,,,8,,,,,,6,,,,1,,0,,,45.0,,,3.5,,,,0.0,,,,2.4,,,,3.6,,,,,,0.0,,,,12.9,,,,0.0,,,,0.0,,,,,,0.0,,,,0.0,,,,0.0,,,,0.0,,,,,,0.0,,,,0.0,,,,0.0,,,,10.8,,,,,,7.8,,,,1.1,,0.0,
1989-10-29,1013.6,1014.7,1015.1,,1012.1,,26.0,29.8,,23.1,,20.3,71,62,,2.4,67.5,10.0,67.5,,0.0,0.0,0.0,,0.0,,6.7,58.9,16.82,3.2,26.1,26.2,26.1,26.4,27.0,27.5,,,,,,,7.4,,,,,,,,,,,,,,,2.95,1989-10-29T12:00:00,,,,,,,,,,,,,,,,,,,,,,,,,,,,,,,,,,,,,,,,,,,,,,6.7,26.9,,,,,,19.6,,,0,,,,0,,,,7,,,,,,7,,,,0,,,,0,,,,0,,,,,,0,,,,0,,,,0,,,,0,,,,,,0,,,,0,,,,0,,,,3,,,,,,7,,,,0,,0,,,67.5,,,4.8,,,,0.0,,,,0.0,,,,22.7,,,,,,25.3,,,,0.0,,,,0.0,,,,0.0,,,,,,0.0,,,,0.0,,,,0.0,,,,0.0,,,,,,0.0,,,,0.0,,,,0.0,,,,3.3,,,,,,7.1,,,,0.0,,0.0,
1989-10-30,1014.5,1015.6,1015.9,,1013.1,,25.6,28.8,,24.2,,20.9,75,64,,1.0,337.5,7.2,45.0,,0.0,0.0,0.0,,0.0,,1.8,15.8,10.58,3.0,25.6,26.1,26.3,26.7,27.2,27.6,,,,,,,9.4,,,,,,,,,,,,,,,2.78,1989-10-30T11:00:00,,,,,,,,,,,,,,,,,,,,,,,,,,,,,,,,,,,,,,,,,,,,,,4.6,27.0,,,,,,17.9,,,2,,,,1,,,,2,,,,,,5,,,,0,,,,0,,,,0,,,,,,0,,,,0,,,,0,,,,0,,,,,,0,,,,0,,,,0,,,,3,,,,,,8,,,,3,,0,,,45.0,,,3.5,,,,0.2,,,,1.5,,,,3.0,,,,,,11.8,,,,0.0,,,,0.0,,,,0.0,,,,,,0.0,,,,0.0,,,,0.0,,,,0.0,,,,,,0.0,,,,0.0,,,,0.0,,,,1.3,,,,,,4.4,,,,2.2,,0.0,
1989-10-31,1014.5,1015.6,1015.9,,1013.3,,26.2,29.4,,23.0,,20.7,72,62,,1.6,315.0,8.0,22.5,,0.0,0.0,0.0,,0.0,,8.4,73.9,18.88,3.8,26.4,26.7,26.6,26.8,27.0,27.5,,,,,,,6.0,,,,,,,,,,,,,,,3.0,1989-10-31T12:00:00,,,,,,,,,,,,,,,,,,,,,,,,,,,,,,,,,,,,,,,,,,,,,,6.4,27.0,,,,,,17.9,,,0,,,,0,,,,4,,,,,,2,,,,2,,,,2,,,,3,,,,,,0,,,,0,,,,0,,,,0,,,,,,0,,,,0,,,,1,,,,7,,,,,,3,,,,0,,0,,,45.0,,,4.1,,,,0.0,,,,0.0,,,,10.7,,,,,,3.4,,,,2.9,,,,4.7,,,,5.7,,,,,,0.0,,,,0.0,,,,0.0,,,,0.0,,,,,,0.0,,,,0.0,,,,1.1,,,,7.1,,,,,,2.2,,,,0.0,,0.0,
1989-11-01,1017.5,1018.6,1019.5,,1014.9,,24.5,26.9,,22.0,,17.1,63,52,,2.4,45.0,13.1,22.5,,0.0,0.0,0.0,,0.0,,1.1,9.8,9.41,3.7,24.5,25.2,25.8,26.5,27.4,27.5,,,,,,,8.6,,,,,,,,,,,,,,,2.05,1989-11-01T11:00:00,,,,,,,,,,,,,,,,,,,,,,,,,,,,,,,,,,,,,,,,,,,,,,4.9,27.0,,,,,,16.9,,,0,,,,2,,,,10,,,,,,2,,,,0,,,,0,,,,0,,,,,,0,,,,0,,,,0,,,,0,,,,,,0,,,,0,,,,0,,,,6,,,,,,1,,,,3,,0,,,45.0,,,5.9,,,,0.0,,,,4.8,,,,32.6,,,,,,8.6,,,,0.0,,,,0.0,,,,0.0,,,,,,0.0,,,,0.0,,,,0.0,,,,0.0,,,,,,0.0,,,,0.0,,,,0.0,,,,6.9,,,,,,1.0,,,,4.0,,0.0,
1989-11-02,1018.3,1019.4,1020.1,,1016.8,,24.3,27.7,,21.6,,15.0,57,43,,1.8,315.0,8.2,67.5,,0.0,0.0,0.0,,0.0,,9.1,80.8,20.04,4.5,24.4,24.9,25.1,25.7,26.7,27.5,,,,,,,5.1,,,,,,,,,,,,,,,3.0,1989-11-02T12:00:00,,,,,,,,,,,,,,,,,,,,,,,,,,,,,,,,,,,,,,,,,,,,,,6.1,26.4,,,,,,17.3,,,0,,,,2,,,,2,,,,,,7,,,,0,,,,0,,,,0,,,,,,0,,,,0,,,,0,,,,0,,,,,,0,,,,0,,,,0,,,,9,,,,,,4,,,,0,,0,,,67.5,,,4.2,,,,0.0,,,,2.9,,,,5.7,,,,,,20.8,,,,0.0,,,,0.0,,,,0.0,,,,,,0.0,,,,0.0,,,,0.0,,,,0.0,,,,,,0.0,,,,0.0,,,,0.0,,,,10.5,,,,,,3.2,,,,0.0,,0.0,
1989-11-03,1016.6,1017.7,1017.9,,1014.9,,24.1,28.4,,20.4,,15.5,59,41,,1.4,337.5,6.6,90.0,,0.0,0.0,0.0,,0.0,,6.7,59.5,17.41,3.5,24.0,24.7,25.0,25.6,26.5,27.0,,,,,,,3.5,,,,,,,,,,,,,,,3.12,1989-11-03T12:00:00,,,,,,,,,,,,,,,,,,,,,,,,,,,,,,,,,,,,,,,,,,,,,,8.0,26.1,,,,,,18.8,,,0,,,,1,,,,0,,,,,,3,,,,3,,,,1,,,,0,,,,,,0,,,,0,,,,0,,,,0,,,,,,0,,,,0,,,,0,,,,8,,,,,,8,,,,0,,0,,,90.0,,,3.3,,,,0.0,,,,0.4,,,,0.0,,,,,,5.0,,,,7.7,,,,2.3,,,,0.0,,,,,,0.0,,,,0.0,,,,0.0,,,,0.0,,,,,,0.0,,,,0.0,,,,0.0,,,,8.2,,,,,,10.3,,,,0.0,,0.0,
1989-11-04,1015.0,1016.1,1016.7,,1013.2,,24.4,28.5,,20.7,,16.9,64,47,,1.3,315.0,5.7,337.5,,0.0,0.0,0.0,,0.0,,9.7,86.1,19.35,3.8,24.5,24.9,24.9,25.4,26.3,27.4,,,,,,,2.9,,,,,,,,,,,,,,,2.91,1989-11-04T12:00:00,,,,,,,,,,,,,,,,,,,,,,,,,,,,,,,,,,,,,,,,,,,,,,7.8,25.9,,,,,,22.5,,,0,,,,0,,,,1,,,,,,2,,,,7,,,,0,,,,0,,,,,,0,,,,0,,,,0,,,,0,,,,,,0,,,,0,,,,0,,,,12,,,,,,2,,,,0,,0,,,90.0,,,2.8,,,,0.0,,,,0.0,,,,0.5,,,,,,2.3,,,,12.1,,,,0.0,,,,0.0,,,,,,0.0,,,,0.0,,,,0.0,,,,0.0,,,,,,0.0,,,,0.0,,,,0.0,,,,16.1,,,,,,1.2,,,,0.0,,0.0,
1989-11-05,1014.0,1015.1,1015.6,,1012.4,,25.3,29.3,,20.9,,18.3,65,47,,1.4,315.0,5.6,315.0,,0.0,0.0,0.0,,0.0,,10.1,89.7,19.91,4.4,25.2,25.5,25.3,25.6,26.5,27.2,,,,,,,3.6,,,,,,,,,,,,,,,2.91,1989-11-05T12:00:00,,,,,,,,,,,,,,,,,,,,,,,,,,,,,,,,,,,,,,,,,,,,,,8.4,26.0,,,,,,22.5,,,1,,,,0,,,,0,,,,,,3,,,,4,,,,1,,,,0,,,,,,0,,,,0,,,,0,,,,0,,,,,,0,,,,0,,,,0,,,,12,,,,,,2,,,,1,,0,,,90.0,,,3.0,,,,0.2,,,,0.0,,,,0.0,,,,,,5.8,,,,8.1,,,,2.6,,,,0.0,,,,,,0.0,,,,0.0,,,,0.0,,,,0.0,,,,,,0.0,,,,0.0,,,,0.0,,,,14.4,,,,,,1.6,,,,0.4,,0.0,
1989-11-06,1015.0,1016.1,1016.6,,1013.6,,26.2,30.4,,23.6,,19.6,68,53,,1.4,315.0,6.8,90.0,,0.0,0.0,0.0,,0.0,,5.1,45.7,14.46,2.2,25.7,25.7,25.6,25.9,26.4,27.0,,,,,,,5.5,,,,,,,,,,,,,,,2.95,1989-11-06T13:00:00,,,,,,,,,,,,,,,,,,,,,,,,,,,,,,,,,,,,,,,,,,,,,,6.8,26.2,,,,,,21.3,,,0,,,,3,,,,2,,,,,,1,,,,4,,,,0,,,,0,,,,,,0,,,,0,,,,0,,,,0,,,,,,0,,,,0,,,,0,,,,8,,,,,,4,,,,2,,0,,,90.0,,,3.4,,,,0.0,,,,3.9,,,,3.6,,,,,,2.1,,,,9.6,,,,0.0,,,,0.0,,,,,,0.0,,,,0.0,,,,0.0,,,,0.0,,,,,,0.0,,,,0.0,,,,0.0,,,,9.9,,,,,,3.3,,,,1.0,,0.0,
1989-11-07,1016.3,1017.4,1017.9,,1015.1,,25.7,29.4,,23.7,,20.8,74,61,,1.7,337.5,8.1,112.5,,0.2,0.2,0.2,,0.2,,1.9,17.0,13.02,-2.7,25.8,26.0,25.9,26.3,26.6,27.1,,,,,,,7.5,,,,,,,,,,,,,,,2.7,1989-11-07T12:00:00,,,,,,,,,,,,,,,,,,,,,,,,,,,,,,,,,,,,,,,,,,,,,,5.7,26.6,,,,,,18.8,,,0,,,,0,,,,3,,,,,,2,,,,4,,,,0,,,,0,,,,,,0,,,,0,,,,0,,,,0,,,,,,0,,,,0,,,,0,,,,2,,,,,,12,,,,1,,0,,,90.0,,,4.6,,,,0.0,,,,0.0,,,,5.7,,,,,,5.9,,,,12.9,,,,0.0,,,,0.0,,,,,,0.0,,,,0.0,,,,0.0,,,,0.0,,,,,,0.0,,,,0.0,,,,0.0,,,,2.1,,,,,,13.8,,,,1.1,,0.0,
1989-11-08,1015.9,1017.0,1017.5,,1014.3,,26.5,29.6,,24.4,,21.6,74,66,,1.2,67.5,6.3,45.0,,0.0,0.0,0.0,,0.0,,4.8,43.0,15.24,-2.7,26.8,26.9,26.5,26.6,26.7,27.0,,,,,,,7.5,,,,,,,,,,,,,,,2.78,1989-11-08T13:00:00,,,,,,,,,,,,,,,,,,,,,,,,,,,,,,,,,,,,,,,,,,,,,,5.2,26.8,,,,,,19.4,,,2,,,,2,,,,1,,,,,,6,,,,2,,,,0,,,,0,,,,,,0,,,,0,,,,0,,,,0,,,,,,0,,,,0,,,,0,,,,4,,,,,,4,,,,3,,0,,,90.0,,,3.3,,,,0.4,,,,2.8,,,,1.6,,,,,,13.4,,,,4.8,,,,0.0,,,,0.0,,,,,,0.0,,,,0.0,,,,0.0,,,,0.0,,,,,,0.0,,,,0.0,,,,0.0,,,,2.0,,,,,,2.8,,,,1.3,,0.0,
1989-11-09,1015.5,1016.6,1017.2,,1014.0,,25.1,27.1,,23.7,,20.8,77,69,,2.0,45.0,13.0,67.5,,4.0,0.8,2.2,,4.0,,0.8,7.2,9.94,2.3,25.1,25.7,26.2,26.5,26.8,27.2,,,,,,,8.6,,,,,,,,,,,,,,,1.54,1989-11-09T12:00:00,,,,,,,,,,,,,,,,,,,,,,,,,,,,,,,,,,,,,,,,,,,,,,3.4,27.0,,,,,,18.1,,,1,,,,3,,,,11,,,,,,1,,,,0,,,,0,,,,0,,,,,,0,,,,0,,,,0,,,,0,,,,,,0,,,,0,,,,1,,,,4,,,,,,3,,,,0,,0,,,45.0,,,5.6,,,,0.1,,,,5.0,,,,36.4,,,,,,3.4,,,,0.0,,,,0.0,,,,0.0,,,,,,0.0,,,,0.0,,,,0.0,,,,0.0,,,,,,0.0,,,,0.0,,,,0.3,,,,2.6,,,,,,1.3,,,,0.0,,0.0,
1989-11-10,1015.9,1017.0,1017.3,,1014.7,,23.7,26.3,,21.5,,17.6,69,60,,2.4,45.0,17.0,22.5,,0.0,0.0,0.0,,0.0,,1.3,11.6,11.48,3.2,24.0,24.6,25.2,25.8,26.7,27.1,,,,,,,7.8,,,,,,,,,,,,,,,2.23,1989-11-10T12:00:00,,,,,,,,,,,,,,,,,,,,,,,,,,,,,,,,,,,,,,,,,,,,,,4.8,26.4,,,,,,17.5,,,0,,,,2,,,,9,,,,,,0,,,,0,,,,0,,,,0,,,,,,0,,,,0,,,,0,,,,0,,,,,,0,,,,0,,,,0,,,,5,,,,,,5,,,,3,,0,,,45.0,,,6.3,,,,0.0,,,,3.6,,,,41.4,,,,,,0.0,,,,0.0,,,,0.0,,,,0.0,,,,,,0.0,,,,0.0,,,,0.0,,,,0.0,,,,,,0.0,,,,0.0,,,,0.0,,,,3.6,,,,,,5.6,,,,2.9,,0.0,
1989-11-11,1014.9,1016.0,1016.4,,1012.7,,24.2,27.9,,21.3,,19.2,74,56,,2.5,45.0,11.2,45.0,,12.2,2.9,2.8,,6.3,,5.9,53.3,16.34,-3.1,24.1,24.5,24.6,25.4,26.5,27.0,,,,,,,6.4,,,,,,,,,,,,,,,2.65,1989-11-11T13:00:00,,,,,,,,,,,,,,,,,,,,,,,,,,,,,,,,,,,,,,,,,,,,,,6.6,25.7,,,,,,19.4,,,0,,,,0,,,,6,,,,,,6,,,,0,,,,0,,,,0,,,,,,0,,,,0,,,,0,,,,0,,,,,,0,,,,0,,,,0,,,,5,,,,,,6,,,,1,,0,,,67.5,,,5.5,,,,0.0,,,,0.0,,,,23.4,,,,,,22.3,,,,0.0,,,,0.0,,,,0.0,,,,,,0.0,,,,0.0,,,,0.0,,,,0.0,,,,,,0.0,,,,0.0,,,,0.0,,,,6.4,,,,,,6.5,,,,1.7,,0.0,
1989-11-12,1014.2,1015.3,1016.0,,1012.5,,24.4,27.9,,21.8,,21.4,83,71,,1.2,315.0,8.2,67.5,,1.5,3.8,0.4,,0.7,,3.4,30.7,14.89,2.1,25.2,25.3,25.2,25.5,26.1,27.1,,,,,,,8.0,,,,,,,,,,,,,,,2.74,1989-11-12T12:00:00,,,,,,,,,,,,,,,,,,,,,,,,,,,,,,,,,,,,,,,,,,,,,,6.1,25.9,,,,,,20.6,,,2,,,,1,,,,6,,,,,,4,,,,0,,,,0,,,,0,,,,,,0,,,,0,,,,0,,,,0,,,,,,0,,,,0,,,,0,,,,7,,,,,,1,,,,3,,0,,,67.5,,,4.2,,,,0.4,,,,0.3,,,,10.6,,,,,,11.5,,,,0.0,,,,0.0,,,,0.0,,,,,,0.0,,,,0.0,,,,0.0,,,,0.0,,,,,,0.0,,,,0.0,,,,0.0,,,,4.1,,,,,,0.8,,,,1.6,,0.0,
1989-11-13,1014.8,1015.9,1016.5,,1013.3,,24.5,27.9,,23.0,,18.9,72,59,,2.1,45.0,13.3,45.0,,0.0,0.0,0.0,,0.0,,3.2,28.9,12.37,3.0,24.2,24.8,25.2,25.9,26.3,27.0,,,,,,,8.3,,,,,,,,,,,,,,,2.74,1989-11-13T12:00:00,,,,,,,,,,,,,,,,,,,,,,,,,,,,,,,,,,,,,,,,,,,,,,4.9,26.2,,,,,,18.3,,,1,,,,1,,,,9,,,,,,0,,,,0,,,,0,,,,0,,,,,,0,,,,0,,,,0,,,,0,,,,,,0,,,,0,,,,0,,,,3,,,,,,9,,,,1,,0,,,67.5,,,5.7,,,,0.2,,,,1.7,,,,39.2,,,,,,0.0,,,,0.0,,,,0.0,,,,0.0,,,,,,0.0,,,,0.0,,,,0.0,,,,0.0,,,,,,0.0,,,,0.0,,,,0.0,,,,2.1,,,,,,5.7,,,,0.8,,0.0,
1989-11-14,1016.5,1017.6,1018.5,,1015.0,,22.9,26.3,,20.9,,16.3,67,56,,2.5,45.0,14.3,45.0,,0.0,0.0,0.0,,0.0,,5.0,45.2,13.94,3.7,23.0,23.7,24.2,25.0,26.0,26.7,,,,,,,7.0,,,,,,,,,,,,,,,2.91,1989-11-14T13:00:00,,,,,,,,,,,,,,,,,,,,,,,,,,,,,,,,,,,,,,,,,,,,,,5.4,25.5,,,,,,18.3,,,0,,,,2,,,,8,,,,,,1,,,,0,,,,0,,,,0,,,,,,0,,,,0,,,,0,,,,0,,,,,,0,,,,0,,,,0,,,,5,,,,,,8,,,,0,,0,,,45.0,,,6.3,,,,0.0,,,,5.5,,,,38.6,,,,,,5.1,,,,0.0,,,,0.0,,,,0.0,,,,,,0.0,,,,0.0,,,,0.0,,,,0.0,,,,,,0.0,,,,0.0,,,,0.0,,,,5.1,,,,,,6.0,,,,0.0,,0.0,
1989-11-15,1017.7,1018.8,1019.1,,1015.9,,22.4,26.1,,19.9,,15.5,65,53,,2.3,315.0,11.5,67.5,,0.0,0.0,0.0,,0.0,,5.4,48.8,15.33,3.4,22.6,23.3,23.5,24.3,25.5,26.5,,,,,,,8.1,,,,,,,,,,,,,,,2.95,1989-11-15T12:00:00,,,,,,,,,,,,,,,,,,,,,,,,,,,,,,,,,,,,,,,,,,,,,,6.2,24.9,,,,,,20.6,,,0,,,,1,,,,5,,,,,,3,,,,0,,,,0,,,,0,,,,,,0,,,,0,,,,0,,,,0,,,,,,0,,,,0,,,,0,,,,13,,,,,,1,,,,1,,0,,,67.5,,,5.4,,,,0.0,,,,2.1,,,,20.5,,,,,,13.6,,,,0.0,,,,0.0,,,,0.0,,,,,,0.0,,,,0.0,,,,0.0,,,,0.0,,,,,,0.0,,,,0.0,,,,0.0,,,,16.2,,,,,,1.3,,,,1.1,,0.0,
1989-11-16,1017.2,1018.3,1018.5,,1015.4,,23.5,26.9,,20.0,,16.4,65,53,,2.5,45.0,11.4,67.5,,0.0,0.0,0.0,,0.0,,8.2,74.6,18.53,4.4,23.2,23.6,23.5,24.2,25.2,26.7,,,,,,,5.1,,,,,,,,,,,,,,,2.91,1989-11-16T12:00:00,,,,,,,,,,,,,,,,,,,,,,,,,,,,,,,,,,,,,,,,,,,,,,6.9,24.7,,,,,,21.0,,,0,,,,3,,,,8,,,,,,4,,,,0,,,,0,,,,0,,,,,,0,,,,0,,,,0,,,,0,,,,,,0,,,,0,,,,0,,,,7,,,,,,2,,,,0,,0,,,67.5,,,5.2,,,,0.0,,,,7.9,,,,27.2,,,,,,16.5,,,,0.0,,,,0.0,,,,0.0,,,,,,0.0,,,,0.0,,,,0.0,,,,0.0,,,,,,0.0,,,,0.0,,,,0.0,,,,7.3,,,,,,1.9,,,,0.0,,0.0,
1989-11-17,1015.9,1017.0,1017.5,,1013.9,,23.9,27.2,,21.3,,16.7,65,51,,2.3,45.0,12.6,67.5,,0.0,0.0,0.0,,0.0,,6.4,58.2,17.29,4.5,23.8,24.2,24.1,24.6,25.5,26.5,,,,,,,7.9,,,,,,,,,,,,,,,2.91,1989-11-17T12:00:00,,,,,,,,,,,,,,,,,,,,,,,,,,,,,,,,,,,,,,,,,,,,,,5.9,25.0,,,,,,18.8,,,0,,,,1,,,,7,,,,,,4,,,,0,,,,0,,,,0,,,,,,0,,,,0,,,,0,,,,0,,,,,,0,,,,0,,,,0,,,,4,,,,,,6,,,,2,,0,,,67.5,,,5.0,,,,0.0,,,,1.2,,,,26.2,,,,,,16.2,,,,0.0,,,,0.0,,,,0.0,,,,,,0.0,,,,0.0,,,,0.0,,,,0.0,,,,,,0.0,,,,0.0,,,,0.0,,,,4.3,,,,,,5.8,,,,2.1,,0.0,
1989-11-18,1017.0,1018.1,1019.0,,1015.0,,22.0,24.1,,20.8,,15.7,68,57,,2.2,45.0,14.2,45.0,,0.0,0.0,0.0,,0.0,,1.1,10.0,7.42,2.7,21.9,22.6,23.2,24.2,25.4,26.5,,,,,,,8.0,,,,,,,,,,,,,,,1.41,1989-11-18T13:00:00,,,,,,,,,,,,,,,,,,,,,,,,,,,,,,,,,,,,,,,,,,,,,,3.3,24.8,,,,,,17.9,,,1,,,,0,,,,8,,,,,,1,,,,0,,,,0,,,,0,,,,,,0,,,,0,,,,0,,,,0,,,,,,0,,,,0,,,,0,,,,6,,,,,,3,,,,5,,0,,,67.5,,,6.0,,,,0.2,,,,0.0,,,,34.2,,,,,,5.2,,,,0.0,,,,0.0,,,,0.0,,,,,,0.0,,,,0.0,,,,0.0,,,,0.0,,,,,,0.0,,,,0.0,,,,0.0,,,,5.0,,,,,,2.8,,,,6.0,,0.0,
1989-11-19,1019.9,1021.0,1021.3,,1018.5,,20.1,22.1,,18.5,,11.0,56,50,,1.7,337.5,12.8,45.0,,0.0,0.0,0.0,,0.0,,0.2,1.8,8.05,2.8,20.4,21.2,21.9,23.2,24.7,26.3,,,,,,,9.8,,,,,,,,,,,,,,,1.33,1989-11-19T10:00:00,,,,,,,,,,,,,,,,,,,,,,,,,,,,,,,,,,,,,,,,,,,,,,3.6,24.1,,,,,,18.1,,,0,,,,3,,,,4,,,,,,0,,,,0,,,,0,,,,0,,,,,,0,,,,0,,,,0,,,,0,,,,,,0,,,,0,,,,0,,,,2,,,,,,9,,,,6,,0,,,45.0,,,5.8,,,,0.0,,,,4.4,,,,14.8,,,,,,0.0,,,,0.0,,,,0.0,,,,0.0,,,,,,0.0,,,,0.0,,,,0.0,,,,0.0,,,,,,0.0,,,,0.0,,,,0.0,,,,2.7,,,,,,10.7,,,,9.3,,0.0,
1989-11-20,1020.7,1021.8,1022.8,,1019.0,,21.0,24.1,,18.3,,12.3,58,44,,2.8,337.5,15.6,45.0,,0.0,0.0,0.0,,0.0,,2.9,26.4,11.01,3.6,20.2,20.7,21.3,22.5,24.0,26.0,,,,,,,8.6,,,,,,,,,,,,,,,1.71,1989-11-20T14:00:00,,,,,,,,,,,,,,,,,,,,,,,,,,,,,,,,,,,,,,,,,,,,,,5.8,23.4,,,,,,18.8,,,0,,,,0,,,,10,,,,,,0,,,,0,,,,0,,,,0,,,,,,0,,,,0,,,,0,,,,0,,,,,,0,,,,0,,,,0,,,,0,,,,,,11,,,,3,,0,,,45.0,,,7.3,,,,0.0,,,,0.0,,,,46.6,,,,,,0.0,,,,0.0,,,,0.0,,,,0.0,,,,,,0.0,,,,0.0,,,,0.0,,,,0.0,,,,,,0.0,,,,0.0,,,,0.0,,,,0.0,,,,,,17.0,,,,3.7,,0.0,
1989-11-21,1019.3,1020.4,1021.1,,1017.3,,22.4,25.2,,19.3,,14.4,61,50,,2.1,45.0,10.9,45.0,,0.0,0.0,0.0,,0.0,,0.0,0.0,7.53,-2.2,20.7,21.2,21.4,22.4,23.5,25.8,,,,,,,9.6,,,,,,,,,,,,,,,1.33,1989-11-21T13:00:00,,,,,,,,,,,,,,,,,,,,,,,,,,,,,,,,,,,,,,,,,,,,,,5.9,23.1,,,,,,19.4,,,1,,,,4,,,,6,,,,,,1,,,,0,,,,0,,,,0,,,,,,0,,,,0,,,,0,,,,0,,,,,,0,,,,0,,,,0,,,,5,,,,,,6,,,,1,,0,,,45.0,,,5.8,,,,0.2,,,,5.4,,,,23.2,,,,,,3.1,,,,0.0,,,,0.0,,,,0.0,,,,,,0.0,,,,0.0,,,,0.0,,,,0.0,,,,,,0.0,,,,0.0,,,,0.0,,,,8.6,,,,,,6.9,,,,2.5,,0.0,
1989-11-22,1016.1,1017.2,1018.5,,1014.3,,22.3,24.8,,20.2,,19.8,86,65,,1.3,315.0,8.8,45.0,,10.5,9.1,1.2,,3.5,,0.0,0.0,6.85,-1.1,21.9,21.9,22.0,22.5,23.7,25.7,,,,,,,8.9,,,,,,,,,,,,,,,1.33,1989-11-22T12:00:00,,,,,,,,,,,,,,,,,,,,,,,,,,,,,,,,,,,,,,,,,,,,,,4.6,23.1,,,,,,14.9,,,2,,,,1,,,,5,,,,,,0,,,,0,,,,0,,,,0,,,,,,0,,,,0,,,,0,,,,0,,,,,,0,,,,0,,,,0,,,,10,,,,,,4,,,,2,,0,,,45.0,,,3.8,,,,0.3,,,,1.4,,,,13.9,,,,,,0.0,,,,0.0,,,,0.0,,,,0.0,,,,,,0.0,,,,0.0,,,,0.0,,,,0.0,,,,,,0.0,,,,0.0,,,,0.0,,,,10.3,,,,,,3.6,,,,1.3,,0.0,
1989-11-23,1015.3,1016.4,1017.4,,1013.2,,23.1,26.2,,21.4,,19.7,82,69,,3.0,45.0,17.1,45.0,,1.0,3.3,0.3,,0.5,,1.8,16.5,12.31,-2.4,22.8,23.0,23.0,23.5,24.0,25.6,,,,,,,9.1,,,,,,,,,,,,,,,2.27,1989-11-23T10:00:00,,,,,,,,,,,,,,,,,,,,,,,,,,,,,,,,,,,,,,,,,,,,,,4.8,23.7,,,,,,19.4,,,2,,,,2,,,,14,,,,,,0,,,,0,,,,0,,,,0,,,,,,0,,,,0,,,,0,,,,0,,,,,,0,,,,0,,,,0,,,,3,,,,,,2,,,,1,,0,,,45.0,,,6.2,,,,0.1,,,,5.2,,,,61.4,,,,,,0.0,,,,0.0,,,,0.0,,,,0.0,,,,,,0.0,,,,0.0,,,,0.0,,,,0.0,,,,,,0.0,,,,0.0,,,,0.0,,,,2.5,,,,,,1.5,,,,1.8,,0.0,
1989-11-24,1015.9,1017.0,1017.8,,1014.1,,23.3,26.2,,20.5,,19.5,80,67,,1.3,337.5,8.0,67.5,,2.1,2.1,1.4,,1.9,,1.0,9.2,10.15,1.5,23.3,23.2,23.2,23.7,24.2,25.4,,,,,,,9.8,,,,,,,,,,,,,,,1.84,1989-11-24T13:00:00,,,,,,,,,,,,,,,,,,,,,,,,,,,,,,,,,,,,,,,,,,,,,,5.7,24.1,,,,,,18.4,,,2,,,,2,,,,6,,,,,,2,,,,0,,,,0,,,,0,,,,,,0,,,,0,,,,0,,,,0,,,,,,0,,,,0,,,,0,,,,5,,,,,,7,,,,0,,0,,,67.5,,,3.5,,,,0.4,,,,1.5,,,,14.4,,,,,,3.4,,,,0.0,,,,0.0,,,,0.0,,,,,,0.0,,,,0.0,,,,0.0,,,,0.0,,,,,,0.0,,,,0.0,,,,0.0,,,,5.4,,,,,,5.1,,,,0.0,,0.0,
1989-11-25,1017.3,1018.4,1020.0,,1014.9,,24.2,27.8,,22.5,,19.4,75,63,,2.1,45.0,13.5,45.0,,0.0,0.0,0.0,,0.0,,3.5,32.1,12.88,3.1,23.8,23.9,24.0,24.3,24.6,25.5,,,,,,,8.9,,,,,,,,,,,,,,,2.48,1989-11-25T12:00:00,,,,,,,,,,,,,,,,,,,,,,,,,,,,,,,,,,,,,,,,,,,,,,5.3,24.4,,,,,,17.9,,,3,,,,1,,,,9,,,,,,1,,,,0,,,,0,,,,0,,,,,,0,,,,0,,,,0,,,,0,,,,,,0,,,,0,,,,0,,,,5,,,,,,4,,,,1,,0,,,45.0,,,6.2,,,,0.5,,,,2.7,,,,35.9,,,,,,4.6,,,,0.0,,,,0.0,,,,0.0,,,,,,0.0,,,,0.0,,,,0.0,,,,0.0,,,,,,0.0,,,,0.0,,,,0.0,,,,3.1,,,,,,2.7,,,,1.1,,0.0,
1989-11-26,1018.1,1019.2,1019.7,,1016.6,,23.9,26.8,,21.8,,18.7,73,62,,1.9,337.5,9.7,45.0,,0.0,0.0,0.0,,0.0,,1.6,14.7,11.96,2.9,23.6,23.7,23.7,24.2,24.9,25.6,,,,,,,8.9,,,,,,,,,,,,,,,2.05,1989-11-26T10:00:00,,,,,,,,,,,,,,,,,,,,,,,,,,,,,,,,,,,,,,,,,,,,,,5.0,24.5,,,,,,17.3,,,1,,,,3,,,,6,,,,,,4,,,,0,,,,0,,,,0,,,,,,0,,,,0,,,,0,,,,0,,,,,,0,,,,0,,,,0,,,,2,,,,,,7,,,,1,,0,,,90.0,,,4.4,,,,0.2,,,,5.1,,,,19.7,,,,,,12.2,,,,0.0,,,,0.0,,,,0.0,,,,,,0.0,,,,0.0,,,,0.0,,,,0.0,,,,,,0.0,,,,0.0,,,,0.0,,,,1.6,,,,,,5.8,,,,0.7,,0.0,
1989-11-27,1016.4,1017.5,1017.8,,1014.1,,24.0,27.7,,21.2,,19.0,74,59,,2.2,45.0,10.1,45.0,,0.0,0.0,0.0,,0.0,,7.9,73.8,17.5,4.3,24.2,24.4,24.1,24.5,24.8,25.5,,,,,,,5.6,,,,,,,,,,,,,,,2.78,1989-11-27T12:00:00,,,,,,,,,,,,,,,,,,,,,,,,,,,,,,,,,,,,,,,,,,,,,,6.5,24.7,,,,,,18.5,,,0,,,,0,,,,9,,,,,,2,,,,2,,,,1,,,,1,,,,,,0,,,,0,,,,0,,,,0,,,,,,0,,,,0,,,,0,,,,8,,,,,,1,,,,0,,0,,,45.0,,,4.6,,,,0.0,,,,0.0,,,,30.2,,,,,,5.4,,,,5.1,,,,2.5,,,,1.0,,,,,,0.0,,,,0.0,,,,0.0,,,,0.0,,,,,,0.0,,,,0.0,,,,0.0,,,,7.0,,,,,,1.0,,,,0.0,,0.0,
1989-11-28,1021.6,1022.7,1025.3,,1017.3,,18.9,22.6,,15.7,,13.0,69,61,,3.7,45.0,16.0,45.0,,0.0,0.0,0.0,,0.0,,0.0,0.0,2.09,4.0,19.8,21.1,22.2,23.7,25.2,25.9,,,,,,,10.0,,,,,,,,,,,,,,,0.34,1989-11-28T11:00:00,,,,,,,,,,,,,,,,,,,,,,,,,,,,,,,,,,,,,,,,,,,,,,6.9,24.4,,,,,,14.3,,,0,,,,1,,,,14,,,,,,0,,,,0,,,,0,,,,0,,,,,,0,,,,0,,,,0,,,,0,,,,,,0,,,,0,,,,0,,,,2,,,,,,5,,,,2,,0,,,45.0,,,6.6,,,,0.0,,,,2.3,,,,74.3,,,,,,0.0,,,,0.0,,,,0.0,,,,0.0,,,,,,0.0,,,,0.0,,,,0.0,,,,0.0,,,,,,0.0,,,,0.0,,,,0.0,,,,3.2,,,,,,6.8,,,,2.6,,0.0,
1989-11-29,1026.2,1027.4,1027.7,,1024.7,,16.7,19.5,,15.5,,7.8,56,48,,1.7,337.5,7.6,45.0,,0.0,0.0,0.0,,0.0,,0.0,0.0,6.68,4.5,17.7,18.9,19.8,21.2,24.0,25.5,,,,,,,9.3,,,,,,,,,,,,,,,1.33,1989-11-29T12:00:00,,,,,,,,,,,,,,,,,,,,,,,,,,,,,,,,,,,,,,,,,,,,,,4.0,22.7,,,,,,17.5,,,0,,,,1,,,,3,,,,,,0,,,,0,,,,0,,,,0,,,,,,0,,,,0,,,,0,,,,0,,,,,,0,,,,0,,,,0,,,,6,,,,,,11,,,,3,,0,,,45.0,,,3.8,,,,0.0,,,,1.1,,,,8.1,,,,,,0.0,,,,0.0,,,,0.0,,,,0.0,,,,,,0.0,,,,0.0,,,,0.0,,,,0.0,,,,,,0.0,,,,0.0,,,,0.0,,,,8.3,,,,,,18.6,,,,4.0,,0.0,
1989-11-30,1026.9,1028.1,1028.7,,1024.9,,17.7,21.8,,15.0,,7.0,50,35,,1.9,337.5,9.2,22.5,,0.0,0.0,0.0,,0.0,,5.6,51.6,11.52,3.3,17.8,18.4,19.0,20.5,23.0,25.1,,,,,,,7.6,,,,,,,,,,,,,,,2.14,1989-11-30T14:00:00,,,,,,,,,,,,,,,,,,,,,,,,,,,,,,,,,,,,,,,,,,,,,,6.8,21.5,,,,,,19.4,,,0,,,,3,,,,1,,,,,,1,,,,0,,,,0,,,,0,,,,,,0,,,,0,,,,0,,,,0,,,,,,0,,,,0,,,,0,,,,1,,,,,,11,,,,7,,0,,,22.5,,,4.0,,,,0.0,,,,6.9,,,,2.9,,,,,,3.3,,,,0.0,,,,0.0,,,,0.0,,,,,,0.0,,,,0.0,,,,0.0,,,,0.0,,,,,,0.0,,,,0.0,,,,0.0,,,,2.1,,,,,,19.6,,,,11.3,,0.0,
1989-12-01,1024.5,1025.6,1027.0,,1021.9,,18.6,23.3,,15.5,,8.7,53,34,,2.1,337.5,10.6,45.0,,0.0,0.0,0.0,,0.0,,5.8,53.7,13.72,3.6,18.6,18.8,19.3,20.4,21.9,24.9,,,,,,,7.8,,,,,,,,,,,,,,,2.44,1989-12-01T12:00:00,,,,,,,,,,,,,,,,,,,,,,,,,,,,,,,,,,,,,,,,,,,,,,7.8,21.3,,,,,,19.4,,,0,,,,1,,,,2,,,,,,3,,,,0,,,,0,,,,0,,,,,,0,,,,0,,,,0,,,,0,,,,,,0,,,,0,,,,0,,,,4,,,,,,14,,,,0,,0,,,45.0,,,5.2,,,,0.0,,,,1.8,,,,8.1,,,,,,12.4,,,,0.0,,,,0.0,,,,0.0,,,,,,0.0,,,,0.0,,,,0.0,,,,0.0,,,,,,0.0,,,,0.0,,,,0.0,,,,6.1,,,,,,22.6,,,,0.0,,0.0,
1989-12-02,1020.3,1021.4,1022.7,,1018.3,,19.7,24.1,,17.1,,10.5,56,40,,2.2,337.5,10.5,67.5,,0.0,0.0,0.0,,0.0,,5.5,50.9,14.43,4.0,19.2,19.8,19.8,20.6,21.8,24.5,,,,,,,6.3,,,,,,,,,,,,,,,2.78,1989-12-02T12:00:00,,,,,,,,,,,,,,,,,,,,,,,,,,,,,,,,,,,,,,,,,,,,,,7.0,21.4,,,,,,19.4,,,0,,,,0,,,,4,,,,,,6,,,,0,,,,0,,,,0,,,,,,0,,,,0,,,,0,,,,0,,,,,,0,,,,0,,,,0,,,,3,,,,,,10,,,,1,,0,,,67.5,,,4.8,,,,0.0,,,,0.0,,,,10.5,,,,,,22.5,,,,0.0,,,,0.0,,,,0.0,,,,,,0.0,,,,0.0,,,,0.0,,,,0.0,,,,,,0.0,,,,0.0,,,,0.0,,,,3.9,,,,,,14.7,,,,1.5,,0.0,
1989-12-03,1016.6,1017.7,1018.7,,1014.7,,19.3,24.2,,15.2,,11.0,59,45,,1.7,337.5,7.3,90.0,,0.0,0.0,0.0,,0.0,,7.7,71.3,17.34,4.0,19.5,19.9,19.7,20.6,19.8,24.0,,,,,,,2.6,,,,,,,,,,,,,,,2.78,1989-12-03T12:00:00,,,,,,,,,,,,,,,,,,,,,,,,,,,,,,,,,,,,,,,,,,,,,,9.0,21.3,,,,,,17.3,,,0,,,,0,,,,0,,,,,,3,,,,4,,,,0,,,,0,,,,,,0,,,,0,,,,0,,,,0,,,,,,0,,,,0,,,,3,,,,4,,,,,,8,,,,2,,0,,,90.0,,,3.6,,,,0.0,,,,0.0,,,,0.0,,,,,,4.3,,,,11.4,,,,0.0,,,,0.0,,,,,,0.0,,,,0.0,,,,0.0,,,,0.0,,,,,,0.0,,,,0.0,,,,4.7,,,,4.7,,,,,,13.8,,,,1.9,,0.0,
1989-12-04,1015.5,1016.6,1016.9,,1014.3,,20.3,24.6,,16.2,,12.0,59,41,,1.3,315.0,4.9,337.5,,0.0,0.0,0.0,,0.0,,7.2,66.7,15.71,3.6,20.4,20.5,20.1,20.9,21.9,24.2,,,,,,,3.9,,,,,,,,,,,,,,,2.78,1989-12-04T12:00:00,,,,,,,,,,,,,,,,,,,,,,,,,,,,,,,,,,,,,,,,,,,,,,8.4,21.6,,,,,,20.4,,,1,,,,0,,,,1,,,,,,2,,,,1,,,,3,,,,0,,,,,,0,,,,0,,,,0,,,,0,,,,,,0,,,,0,,,,1,,,,13,,,,,,1,,,,1,,0,,,112.5,,,2.4,,,,0.2,,,,0.0,,,,0.7,,,,,,4.2,,,,1.8,,,,5.5,,,,0.0,,,,,,0.0,,,,0.0,,,,0.0,,,,0.0,,,,,,0.0,,,,0.0,,,,1.3,,,,17.0,,,,,,0.6,,,,0.5,,0.0,
1989-12-05,1015.9,1017.0,1017.3,,1014.2,,20.7,24.9,,17.1,,12.7,61,40,,1.6,315.0,7.4,67.5,,0.0,0.0,0.0,,0.0,,6.8,63.0,14.57,3.3,20.7,20.8,20.4,21.3,21.9,24.2,,,,,,,5.3,,,,,,,,,,,,,,,2.65,1989-12-05T12:00:00,,,,,,,,,,,,,,,,,,,,,,,,,,,,,,,,,,,,,,,,,,,,,,7.8,21.8,,,,,,20.0,,,0,,,,0,,,,1,,,,,,7,,,,1,,,,0,,,,0,,,,,,0,,,,0,,,,0,,,,0,,,,,,0,,,,0,,,,0,,,,11,,,,,,3,,,,1,,0,,,67.5,,,3.3,,,,0.0,,,,0.0,,,,1.3,,,,,,15.2,,,,2.1,,,,0.0,,,,0.0,,,,,,0.0,,,,0.0,,,,0.0,,,,0.0,,,,,,0.0,,,,0.0,,,,0.0,,,,13.6,,,,,,5.1,,,,1.2,,0.0,
1989-12-06,1015.2,1016.3,1016.7,,1013.7,,20.5,24.6,,17.3,,13.4,64,48,,1.4,315.0,5.7,360.0,,0.0,0.0,0.0,,0.0,,7.0,65.1,15.46,4.3,20.7,21.2,20.7,21.5,22.5,24.0,,,,,,,4.1,,,,,,,,,,,,,,,2.78,1989-12-06T12:00:00,,,,,,,,,,,,,,,,,,,,,,,,,,,,,,,,,,,,,,,,,,,,,,7.3,22.0,,,,,,22.5,,,0,,,,0,,,,0,,,,,,2,,,,6,,,,1,,,,0,,,,,,0,,,,0,,,,0,,,,0,,,,,,0,,,,0,,,,3,,,,8,,,,,,3,,,,1,,0,,,90.0,,,2.9,,,,0.0,,,,0.0,,,,0.0,,,,,,1.6,,,,13.0,,,,2.5,,,,0.0,,,,,,0.0,,,,0.0,,,,0.0,,,,0.0,,,,,,0.0,,,,0.0,,,,3.6,,,,9.2,,,,,,4.3,,,,0.4,,0.0,
1989-12-07,1015.8,1016.9,1018.8,,1013.9,,20.1,24.6,,16.4,,12.1,61,40,,1.5,315.0,5.8,337.5,,0.0,0.0,0.0,,0.0,,9.2,85.6,17.85,4.2,20.7,20.9,20.8,21.5,22.5,24.0,,,,,,,1.1,,,,,,,,,,,,,,,2.78,1989-12-07T12:00:00,,,,,,,,,,,,,,,,,,,,,,,,,,,,,,,,,,,,,,,,,,,,,,8.2,22.0,,,,,,23.8,,,1,,,,0,,,,0,,,,,,0,,,,3,,,,4,,,,0,,,,,,0,,,,0,,,,0,,,,0,,,,,,0,,,,0,,,,4,,,,10,,,,,,2,,,,0,,0,,,112.5,,,2.8,,,,0.2,,,,0.0,,,,0.0,,,,,,0.0,,,,4.3,,,,9.1,,,,0.0,,,,,,0.0,,,,0.0,,,,0.0,,,,0.0,,,,,,0.0,,,,0.0,,,,5.8,,,,14.3,,,,,,2.9,,,,0.0,,0.0,
1989-12-08,1019.6,1020.7,1022.3,,1017.7,,20.1,24.2,,17.2,,11.2,57,41,,3.3,45.0,12.8,22.5,,0.0,0.0,0.0,,0.0,,5.2,48.4,12.15,3.9,19.8,20.2,20.1,21.3,22.5,24.0,,,,,,,6.1,,,,,,,,,,,,,,,2.4,1989-12-08T12:00:00,,,,,,,,,,,,,,,,,,,,,,,,,,,,,,,,,,,,,,,,,,,,,,7.0,22.1,,,,,,17.3,,,0,,,,0,,,,12,,,,,,2,,,,0,,,,0,,,,0,,,,,,0,,,,0,,,,0,,,,0,,,,,,0,,,,0,,,,0,,,,4,,,,,,6,,,,0,,0,,,67.5,,,5.5,,,,0.0,,,,0.0,,,,51.5,,,,,,9.2,,,,0.0,,,,0.0,,,,0.0,,,,,,0.0,,,,0.0,,,,0.0,,,,0.0,,,,,,0.0,,,,0.0,,,,0.0,,,,7.5,,,,,,10.9,,,,0.0,,0.0,
1989-12-09,1022.5,1023.6,1024.2,,1021.2,,19.2,23.0,,17.1,,8.6,51,37,,2.0,315.0,11.1,45.0,,0.0,0.0,0.0,,0.0,,5.3,49.3,14.16,4.6,19.6,20.1,20.1,21.1,22.3,24.0,,,,,,,8.0,,,,,,,,,,,,,,,2.78,1989-12-09T12:00:00,,,,,,,,,,,,,,,,,,,,,,,,,,,,,,,,,,,,,,,,,,,,,,5.9,21.9,,,,,,17.3,,,0,,,,2,,,,4,,,,,,1,,,,0,,,,0,,,,0,,,,,,0,,,,0,,,,0,,,,0,,,,,,0,,,,0,,,,0,,,,6,,,,,,6,,,,5,,0,,,45.0,,,5.2,,,,0.0,,,,5.3,,,,16.1,,,,,,3.2,,,,0.0,,,,0.0,,,,0.0,,,,,,0.0,,,,0.0,,,,0.0,,,,0.0,,,,,,0.0,,,,0.0,,,,0.0,,,,7.9,,,,,,7.6,,,,8.0,,0.0,
1989-12-10,1021.8,1022.9,1023.5,,1020.0,,19.8,23.7,,17.0,,9.3,51,39,,1.9,315.0,8.1,67.5,,0.0,0.0,0.0,,0.0,,2.0,18.6,10.19,3.4,19.4,19.7,19.7,20.8,22.2,24.0,,,,,,,7.6,,,,,,,,,,,,,,,1.8,1989-12-10T11:00:00,,,,,,,,,,,,,,,,,,,,,,,,,,,,,,,,,,,,,,,,,,,,,,6.7,21.5,,,,,,19.1,,,0,,,,1,,,,6,,,,,,1,,,,0,,,,0,,,,0,,,,,,0,,,,0,,,,0,,,,0,,,,,,0,,,,0,,,,0,,,,8,,,,,,5,,,,3,,0,,,67.5,,,3.6,,,,0.0,,,,1.9,,,,15.3,,,,,,3.3,,,,0.0,,,,0.0,,,,0.0,,,,,,0.0,,,,0.0,,,,0.0,,,,0.0,,,,,,0.0,,,,0.0,,,,0.0,,,,12.2,,,,,,8.3,,,,4.3,,0.0,
1989-12-11,1020.8,1021.9,1022.2,,1019.1,,21.1,26.1,,17.2,,10.8,52,36,,2.4,45.0,11.6,45.0,,0.0,0.0,0.0,,0.0,,5.3,49.4,14.68,4.2,19.7,19.9,19.7,20.6,22.7,24.0,,,,,,,5.4,,,,,,,,,,,,,,,2.78,1989-12-11T12:00:00,,,,,,,,,,,,,,,,,,,,,,,,,,,,,,,,,,,,,,,,,,,,,,8.9,21.2,,,,,,21.0,,,0,,,,1,,,,6,,,,,,4,,,,0,,,,0,,,,0,,,,,,0,,,,0,,,,0,,,,0,,,,,,0,,,,0,,,,0,,,,6,,,,,,6,,,,1,,0,,,67.5,,,5.0,,,,0.0,,,,2.0,,,,20.8,,,,,,15.8,,,,0.0,,,,0.0,,,,0.0,,,,,,0.0,,,,0.0,,,,0.0,,,,0.0,,,,,,0.0,,,,0.0,,,,0.0,,,,8.6,,,,,,9.2,,,,1.1,,0.0,
1989-12-12,1020.6,1021.7,1021.9,,1018.7,,21.4,26.4,,17.5,,12.0,56,38,,2.7,315.0,14.2,45.0,,0.0,0.0,0.0,,0.0,,9.4,87.7,16.69,4.1,20.5,20.5,20.1,20.9,21.8,23.7,,,,,,,4.1,,,,,,,,,,,,,,,2.7,1989-12-12T13:00:00,,,,,,,,,,,,,,,,,,,,,,,,,,,,,,,,,,,,,,,,,,,,,,8.9,21.4,,,,,,21.8,,,0,,,,1,,,,3,,,,,,5,,,,0,,,,0,,,,0,,,,,,0,,,,0,,,,0,,,,0,,,,,,0,,,,0,,,,0,,,,11,,,,,,3,,,,1,,0,,,67.5,,,6.1,,,,0.0,,,,2.4,,,,13.1,,,,,,21.7,,,,0.0,,,,0.0,,,,0.0,,,,,,0.0,,,,0.0,,,,0.0,,,,0.0,,,,,,0.0,,,,0.0,,,,0.0,,,,22.3,,,,,,4.1,,,,0.6,,0.0,
1989-12-13,1020.5,1021.6,1021.6,,1018.6,,21.2,25.5,,18.0,,13.7,63,46,,2.4,315.0,12.4,45.0,,0.0,0.0,0.0,,0.0,,9.0,84.0,16.23,3.5,20.6,20.9,20.6,21.4,21.9,23.7,,,,,,,2.9,,,,,,,,,,,,,,,2.53,1989-12-13T13:00:00,,,,,,,,,,,,,,,,,,,,,,,,,,,,,,,,,,,,,,,,,,,,,,7.5,21.9,,,,,,21.4,,,0,,,,0,,,,5,,,,,,4,,,,0,,,,0,,,,0,,,,,,0,,,,0,,,,0,,,,0,,,,,,0,,,,0,,,,0,,,,9,,,,,,5,,,,1,,0,,,45.0,,,5.8,,,,0.0,,,,0.0,,,,19.1,,,,,,13.7,,,,0.0,,,,0.0,,,,0.0,,,,,,0.0,,,,0.0,,,,0.0,,,,0.0,,,,,,0.0,,,,0.0,,,,0.0,,,,14.8,,,,,,5.9,,,,3.5,,0.0,
1989-12-14,1021.1,1022.2,1022.8,,1019.8,,20.2,23.6,,17.4,,13.1,64,54,,2.7,315.0,14.1,45.0,,0.0,0.0,0.0,,0.0,,6.3,58.8,14.45,5.2,20.3,20.6,20.5,21.3,22.0,23.5,,,,,,,5.9,,,,,,,,,,,,,,,2.7,1989-12-14T12:00:00,,,,,,,,,,,,,,,,,,,,,,,,,,,,,,,,,,,,,,,,,,,,,,6.2,21.9,,,,,,18.5,,,0,,,,0,,,,9,,,,,,0,,,,0,,,,0,,,,0,,,,,,0,,,,0,,,,0,,,,0,,,,,,0,,,,0,,,,0,,,,11,,,,,,4,,,,0,,0,,,45.0,,,6.6,,,,0.0,,,,0.0,,,,44.6,,,,,,0.0,,,,0.0,,,,0.0,,,,0.0,,,,,,0.0,,,,0.0,,,,0.0,,,,0.0,,,,,,0.0,,,,0.0,,,,0.0,,,,15.2,,,,,,4.2,,,,0.0,,0.0,
1989-12-15,1021.7,1022.8,1024.0,,1019.9,,19.0,22.7,,16.3,,10.9,60,45,,1.9,315.0,9.8,67.5,,0.0,0.0,0.0,,0.0,,2.7,25.2,13.06,4.8,19.4,20.1,20.0,20.8,22.0,23.5,,,,,,,7.3,,,,,,,,,,,,,,,2.61,1989-12-15T12:00:00,,,,,,,,,,,,,,,,,,,,,,,,,,,,,,,,,,,,,,,,,,,,,,6.4,21.2,,,,,,17.9,,,0,,,,0,,,,5,,,,,,3,,,,0,,,,0,,,,0,,,,,,0,,,,0,,,,0,,,,0,,,,,,0,,,,0,,,,0,,,,14,,,,,,1,,,,1,,0,,,67.5,,,4.7,,,,0.0,,,,0.0,,,,15.9,,,,,,11.1,,,,0.0,,,,0.0,,,,0.0,,,,,,0.0,,,,0.0,,,,0.0,,,,0.0,,,,,,0.0,,,,0.0,,,,0.0,,,,15.6,,,,,,1.0,,,,1.5,,0.0,
1989-12-16,1020.9,1022.0,1022.1,,1019.1,,20.0,24.1,,16.0,,11.5,58,44,,1.8,315.0,6.9,45.0,,0.0,0.0,0.0,,0.0,,5.3,49.5,13.27,3.6,19.5,20.0,19.8,20.7,21.7,23.5,,,,,,,6.4,,,,,,,,,,,,,,,2.74,1989-12-16T12:00:00,,,,,,,,,,,,,,,,,,,,,,,,,,,,,,,,,,,,,,,,,,,,,,8.1,21.3,,,,,,22.5,,,0,,,,0,,,,3,,,,,,5,,,,0,,,,0,,,,0,,,,,,0,,,,0,,,,0,,,,0,,,,,,0,,,,0,,,,0,,,,9,,,,,,6,,,,1,,0,,,67.5,,,3.5,,,,0.0,,,,0.0,,,,6.6,,,,,,13.2,,,,0.0,,,,0.0,,,,0.0,,,,,,0.0,,,,0.0,,,,0.0,,,,0.0,,,,,,0.0,,,,0.0,,,,0.0,,,,13.1,,,,,,9.5,,,,1.1,,0.0,
1989-12-17,1021.2,1022.3,1022.7,,1019.7,,19.5,23.6,,17.2,,13.6,70,51,,1.8,337.5,7.4,67.5,,4.5,5.0,0.8,,3.0,,0.7,6.5,8.14,-2.1,19.4,19.8,19.8,20.7,21.8,23.5,,,,,,,8.8,,,,,,,,,,,,,,,1.5,1989-12-17T13:00:00,,,,,,,,,,,,,,,,,,,,,,,,,,,,,,,,,,,,,,,,,,,,,,6.4,21.3,,,,,,18.1,,,0,,,,2,,,,4,,,,,,1,,,,0,,,,0,,,,0,,,,,,0,,,,0,,,,0,,,,0,,,,,,0,,,,0,,,,0,,,,4,,,,,,11,,,,2,,0,,,45.0,,,3.5,,,,0.0,,,,3.6,,,,10.8,,,,,,2.8,,,,0.0,,,,0.0,,,,0.0,,,,,,0.0,,,,0.0,,,,0.0,,,,0.0,,,,,,0.0,,,,0.0,,,,0.0,,,,7.0,,,,,,18.5,,,,1.5,,0.0,
1989-12-18,1021.2,1022.3,1022.7,,1019.5,,19.9,22.6,,17.9,,16.1,79,63,,1.3,315.0,6.7,360.0,,2.6,3.8,0.5,,1.5,,0.0,0.0,4.71,-1.2,19.4,19.5,19.7,20.7,21.5,23.4,,,,,,,10.0,,,,,,,,,,,,,,,0.9,1989-12-18T12:00:00,,,,,,,,,,,,,,,,,,,,,,,,,,,,,,,,,,,,,,,,,,,,,,4.7,21.2,,,,,,14.9,,,0,,,,1,,,,4,,,,,,0,,,,0,,,,0,,,,0,,,,,,0,,,,0,,,,0,,,,0,,,,,,0,,,,0,,,,1,,,,12,,,,,,5,,,,1,,0,,,337.5,,,2.6,,,,0.0,,,,0.7,,,,7.8,,,,,,0.0,,,,0.0,,,,0.0,,,,0.0,,,,,,0.0,,,,0.0,,,,0.0,,,,0.0,,,,,,0.0,,,,0.0,,,,0.7,,,,16.7,,,,,,5.5,,,,0.7,,0.0,
1989-12-19,1020.9,1022.0,1022.0,,1019.7,,20.3,23.6,,18.5,,16.7,80,69,,2.4,45.0,13.5,45.0,,0.3,2.4,0.2,,0.2,,0.3,2.8,8.96,3.8,20.3,20.3,20.3,21.0,21.6,23.5,,,,,,,7.9,,,,,,,,,,,,,,,1.63,1989-12-19T11:00:00,,,,,,,,,,,,,,,,,,,,,,,,,,,,,,,,,,,,,,,,,,,,,,5.1,21.4,,,,,,16.6,,,0,,,,0,,,,11,,,,,,0,,,,0,,,,0,,,,0,,,,,,0,,,,0,,,,0,,,,0,,,,,,0,,,,0,,,,0,,,,4,,,,,,9,,,,0,,0,,,45.0,,,5.8,,,,0.0,,,,0.0,,,,44.7,,,,,,0.0,,,,0.0,,,,0.0,,,,0.0,,,,,,0.0,,,,0.0,,,,0.0,,,,0.0,,,,,,0.0,,,,0.0,,,,0.0,,,,3.9,,,,,,9.4,,,,0.0,,0.0,
1989-12-20,1019.2,1020.3,1020.4,,1017.5,,20.1,22.8,,18.9,,17.6,86,69,,1.8,337.5,9.1,45.0,,25.3,7.8,2.5,,7.9,,0.0,0.0,5.81,-1.4,20.1,20.2,20.4,21.1,21.8,23.3,,,,,,,9.1,,,,,,,,,,,,,,,0.98,1989-12-20T12:00:00,,,,,,,,,,,,,,,,,,,,,,,,,,,,,,,,,,,,,,,,,,,,,,3.9,21.5,,,,,,16.9,,,0,,,,0,,,,7,,,,,,0,,,,0,,,,0,,,,0,,,,,,0,,,,0,,,,0,,,,0,,,,,,0,,,,0,,,,0,,,,6,,,,,,11,,,,0,,0,,,45.0,,,4.2,,,,0.0,,,,0.0,,,,19.4,,,,,,0.0,,,,0.0,,,,0.0,,,,0.0,,,,,,0.0,,,,0.0,,,,0.0,,,,0.0,,,,,,0.0,,,,0.0,,,,0.0,,,,8.7,,,,,,14.1,,,,0.0,,0.0,
1989-12-21,1016.0,1017.1,1019.2,,1013.7,,21.0,23.9,,18.7,,18.8,87,70,,1.0,315.0,6.8,90.0,,6.4,4.1,1.8,,3.5,,0.5,4.7,8.26,-0.8,21.2,21.0,20.9,21.4,21.7,23.4,,,,,,,8.8,,,,,,,,,,,,,,,1.58,1989-12-21T12:00:00,,,,,,,,,,,,,,,,,,,,,,,,,,,,,,,,,,,,,,,,,,,,,,5.2,21.7,,,,,,17.9,,,4,,,,0,,,,1,,,,,,5,,,,1,,,,1,,,,0,,,,,,0,,,,0,,,,0,,,,0,,,,,,0,,,,0,,,,1,,,,6,,,,,,4,,,,1,,0,,,90.0,,,3.4,,,,0.6,,,,0.0,,,,1.7,,,,,,6.1,,,,1.9,,,,1.8,,,,0.0,,,,,,0.0,,,,0.0,,,,0.0,,,,0.0,,,,,,0.0,,,,0.0,,,,0.8,,,,4.7,,,,,,5.0,,,,0.7,,0.0,
1989-12-22,1013.6,1014.7,1015.2,,1011.7,,20.6,24.2,,18.8,,17.1,81,68,,2.0,315.0,11.4,67.5,,1.5,0.3,0.9,,1.5,,0.9,8.4,8.25,2.2,20.5,20.8,21.0,21.7,21.9,23.4,,,,,,,6.3,,,,,,,,,,,,,,,1.71,1989-12-22T12:00:00,,,,,,,,,,,,,,,,,,,,,,,,,,,,,,,,,,,,,,,,,,,,,,5.4,22.0,,,,,,17.9,,,1,,,,0,,,,4,,,,,,4,,,,0,,,,0,,,,0,,,,,,0,,,,0,,,,0,,,,0,,,,,,0,,,,1,,,,1,,,,8,,,,,,4,,,,1,,0,,,67.5,,,5.1,,,,0.2,,,,0.0,,,,15.1,,,,,,16.8,,,,0.0,,,,0.0,,,,0.0,,,,,,0.0,,,,0.0,,,,0.0,,,,0.0,,,,,,0.0,,,,1.0,,,,0.7,,,,8.5,,,,,,4.3,,,,0.7,,0.0,
1989-12-23,1014.3,1015.4,1016.1,,1012.5,,20.9,24.7,,18.4,,15.9,74,59,,0.9,315.0,4.5,90.0,,0.0,0.0,0.0,,0.0,,3.3,30.9,12.15,-2.1,21.2,21.1,21.0,21.6,22.1,23.5,,,,,,,7.6,,,,,,,,,,,,,,,2.57,1989-12-23T13:00:00,,,,,,,,,,,,,,,,,,,,,,,,,,,,,,,,,,,,,,,,,,,,,,6.3,22.0,,,,,,19.4,,,2,,,,0,,,,1,,,,,,2,,,,1,,,,3,,,,1,,,,,,0,,,,0,,,,0,,,,0,,,,,,0,,,,0,,,,1,,,,9,,,,,,3,,,,1,,0,,,112.5,,,2.4,,,,0.4,,,,0.0,,,,0.6,,,,,,1.5,,,,1.5,,,,4.4,,,,1.8,,,,,,0.0,,,,0.0,,,,0.0,,,,0.0,,,,,,0.0,,,,0.0,,,,1.0,,,,7.5,,,,,,2.6,,,,0.3,,0.0,
1989-12-24,1016.1,1017.2,1018.1,,1014.5,,18.8,20.2,,17.7,,17.6,93,80,,0.7,337.5,5.5,45.0,,16.4,14.6,1.0,,3.8,,0.0,0.0,3.85,-1.0,19.5,20.4,20.8,21.5,22.0,23.5,,,,,,,9.9,,,,,,,,,,,,,,,0.73,1989-12-24T10:00:00,,,,,,,,,,,,,,,,,,,,,,,,,,,,,,,,,,,,,,,,,,,,,,2.5,22.0,,,,,,11.3,,,4,,,,1,,,,2,,,,,,0,,,,0,,,,0,,,,0,,,,,,0,,,,0,,,,0,,,,0,,,,,,0,,,,0,,,,0,,,,7,,,,,,9,,,,1,,0,,,45.0,,,2.7,,,,0.5,,,,0.4,,,,4.0,,,,,,0.0,,,,0.0,,,,0.0,,,,0.0,,,,,,0.0,,,,0.0,,,,0.0,,,,0.0,,,,,,0.0,,,,0.0,,,,0.0,,,,4.5,,,,,,5.5,,,,0.7,,0.0,
1989-12-25,1014.6,1015.7,1016.4,,1012.8,,19.5,21.8,,17.6,,16.9,85,74,,0.7,337.5,3.4,337.5,,0.1,1.5,0.1,,0.1,,0.0,0.0,5.6,1.4,19.9,20.1,20.4,21.1,21.8,23.5,,,,,,,9.4,,,,,,,,,,,,,,,1.11,1989-12-25T11:00:00,,,,,,,,,,,,,,,,,,,,,,,,,,,,,,,,,,,,,,,,,,,,,,4.2,21.6,,,,,,15.6,,,2,,,,1,,,,0,,,,,,0,,,,0,,,,0,,,,0,,,,,,0,,,,0,,,,0,,,,0,,,,,,0,,,,0,,,,0,,,,8,,,,,,12,,,,1,,0,,,337.5,,,1.5,,,,0.3,,,,0.6,,,,0.0,,,,,,0.0,,,,0.0,,,,0.0,,,,0.0,,,,,,0.0,,,,0.0,,,,0.0,,,,0.0,,,,,,0.0,,,,0.0,,,,0.0,,,,6.3,,,,,,8.0,,,,0.4,,0.0,
1989-12-26,1012.7,1013.8,1015.3,,1009.6,,21.2,25.3,,18.6,,16.7,76,61,,2.1,45.0,12.9,22.5,,0.0,0.0,0.0,,0.0,,7.8,73.0,16.87,3.9,21.9,21.5,21.2,21.7,21.7,23.3,,,,,,,6.6,,,,,,,,,,,,,,,2.74,1989-12-26T12:00:00,,,,,,,,,,,,,,,,,,,,,,,,,,,,,,,,,,,,,,,,,,,,,,6.7,21.9,,,,,,19.4,,,2,,,,0,,,,8,,,,,,0,,,,4,,,,1,,,,0,,,,,,0,,,,0,,,,0,,,,0,,,,,,0,,,,0,,,,1,,,,6,,,,,,2,,,,0,,0,,,45.0,,,5.5,,,,0.4,,,,0.0,,,,32.1,,,,,,0.0,,,,8.4,,,,2.0,,,,0.0,,,,,,0.0,,,,0.0,,,,0.0,,,,0.0,,,,,,0.0,,,,0.0,,,,0.3,,,,4.3,,,,,,1.8,,,,0.0,,0.0,
1989-12-27,1016.6,1017.7,1018.1,,1015.0,,19.7,23.7,,17.9,,14.2,71,55,,1.6,315.0,9.5,67.5,,0.0,0.0,0.0,,0.0,,3.4,31.8,12.2,3.7,20.2,20.6,20.9,21.7,22.3,23.3,,,,,,,6.5,,,,,,,,,,,,,,,2.7,1989-12-27T12:00:00,,,,,,,,,,,,,,,,,,,,,,,,,,,,,,,,,,,,,,,,,,,,,,5.8,22.0,,,,,,17.3,,,0,,,,1,,,,3,,,,,,3,,,,0,,,,0,,,,0,,,,,,0,,,,0,,,,0,,,,0,,,,,,0,,,,0,,,,0,,,,10,,,,,,7,,,,0,,0,,,67.5,,,4.4,,,,0.0,,,,2.7,,,,9.8,,,,,,10.7,,,,0.0,,,,0.0,,,,0.0,,,,,,0.0,,,,0.0,,,,0.0,,,,0.0,,,,,,0.0,,,,0.0,,,,0.0,,,,9.3,,,,,,6.3,,,,0.0,,0.0,
1989-12-28,1014.6,1015.7,1017.5,,1012.5,,20.5,24.2,,16.0,,14.7,70,47,,1.4,315.0,5.7,315.0,,0.0,0.0,0.0,,0.0,,9.0,84.3,17.35,5.1,20.5,20.5,20.5,21.2,21.9,23.3,,,,,,,2.8,,,,,,,,,,,,,,,2.7,1989-12-28T12:00:00,,,,,,,,,,,,,,,,,,,,,,,,,,,,,,,,,,,,,,,,,,,,,,8.2,21.7,,,,,,20.6,,,0,,,,0,,,,0,,,,,,0,,,,0,,,,0,,,,0,,,,,,1,,,,5,,,,2,,,,0,,,,,,0,,,,1,,,,1,,,,11,,,,,,3,,,,0,,0,,,180.0,,,2.9,,,,0.0,,,,0.0,,,,0.0,,,,,,0.0,,,,0.0,,,,0.0,,,,0.0,,,,,,1.8,,,,9.2,,,,4.0,,,,0.0,,,,,,0.0,,,,1.2,,,,1.0,,,,13.7,,,,,,3.1,,,,0.0,,0.0,
1989-12-29,1015.6,1016.7,1019.6,,1011.4,,19.2,24.3,,17.1,,15.2,78,61,,2.2,315.0,13.3,45.0,,0.2,0.7,0.1,,0.2,,3.5,32.8,8.08,-1.9,19.1,19.7,20.1,21.2,22.3,23.5,,,,,,,6.4,,,,,,,,,,,,,,,1.93,1989-12-29T11:00:00,,,,,,,,,,,,,,,,,,,,,,,,,,,,,,,,,,,,,,,,,,,,,,7.2,21.7,,,,,,19.1,,,0,,,,1,,,,5,,,,,,2,,,,0,,,,0,,,,0,,,,,,0,,,,0,,,,0,,,,0,,,,,,0,,,,0,,,,1,,,,9,,,,,,2,,,,4,,0,,,45.0,,,5.5,,,,0.0,,,,1.7,,,,20.8,,,,,,9.1,,,,0.0,,,,0.0,,,,0.0,,,,,,0.0,,,,0.0,,,,0.0,,,,0.0,,,,,,0.0,,,,0.0,,,,1.4,,,,12.3,,,,,,3.4,,,,3.6,,0.0,
1989-12-30,1018.9,1020.0,1020.5,,1017.8,,16.7,17.6,,16.0,,12.9,78,72,,1.6,315.0,6.8,337.5,,0.0,0.0,0.0,,0.0,,0.0,0.0,2.44,1.5,17.3,17.9,18.9,20.2,21.7,23.0,,,,,,,9.8,,,,,,,,,,,,,,,0.6,1989-12-30T13:00:00,,,,,,,,,,,,,,,,,,,,,,,,,,,,,,,,,,,,,,,,,,,,,,1.6,21.0,,,,,,17.9,,,0,,,,0,,,,0,,,,,,0,,,,0,,,,0,,,,0,,,,,,0,,,,0,,,,0,,,,0,,,,,,0,,,,0,,,,0,,,,13,,,,,,11,,,,0,,0,,,315.0,,,2.5,,,,0.0,,,,0.0,,,,0.0,,,,,,0.0,,,,0.0,,,,0.0,,,,0.0,,,,,,0.0,,,,0.0,,,,0.0,,,,0.0,,,,,,0.0,,,,0.0,,,,0.0,,,,19.3,,,,,,18.7,,,,0.0,,0.0,
1989-12-31,1016.8,1017.9,1018.2,,1015.4,,17.0,18.5,,15.8,,13.7,81,71,,1.3,315.0,6.5,315.0,,2.4,8.0,0.4,,0.6,,0.0,0.0,2.79,-0.8,16.9,17.5,18.2,19.4,20.8,23.1,,,,,,,9.8,,,,,,,,,,,,,,,0.47,1989-12-31T11:00:00,,,,,,,,,,,,,,,,,,,,,,,,,,,,,,,,,,,,,,,,,,,,,,2.7,20.1,,,,,,15.5,,,0,,,,2,,,,0,,,,,,0,,,,0,,,,0,,,,0,,,,,,0,,,,0,,,,0,,,,0,,,,,,0,,,,0,,,,0,,,,12,,,,,,10,,,,0,,0,,,337.5,,,2.7,,,,0.0,,,,1.2,,,,0.0,,,,,,0.0,,,,0.0,,,,0.0,,,,0.0,,,,,,0.0,,,,0.0,,,,0.0,,,,0.0,,,,,,0.0,,,,0.0,,,,0.0,,,,16.3,,,,,,13.9,,,,0.0,,0.0,
