,StnPres,Tx,RH,WS,WD,WSGust,WDGust,Precp,SunShine,GloblRad,TxSoil0cm,TxSoil10cm,TxSoil20cm,TxSoil50cm,TxSoil100cm
2022-01-01 01:00:00,1027.6,12.0,79.0,9.6,15.0,-99.8,-99.8,0.0,-99.8,-99.8,-99.8,-99.8,-99.8,-99.8,-99.8
2022-01-01 02:00:00,1027.0,11.5,73.0,9.2,16.0,-99.8,-99.8,0.0,-99.8,-99.8,-99.8,-99.8,-99.8,-99.8,-99.8
2022-01-01 03:00:00,1026.6,11.5,71.0,8.5,18.0,-99.8,-99.8,0.0,-99.8,-99.8,-99.8,-99.8,-99.8,-99.8,-99.8
2022-01-01 04:00:00,1026.3,11.7,67.0,8.0,16.0,-99.8,-99.8,0.0,-99.8,-99.8,-99.8,-99.8,-99.8,-99.8,-99.8
2022-01-01 05:00:00,1026.4,11.9,70.0,7.7,12.0,-99.8,-99.8,0.0,-99.8,-99.8,-99.8,-99.8,-99.8,-99.8,-99.8
2022-01-01 06:00:00,1026.8,11.6,72.0,8.3,16.0,-99.8,-99.8,0.0,-99.8,-99.8,-99.8,-99.8,-99.8,-99.8,-99.8
2022-01-01 07:00:00,1027.4,11.7,72.0,8.0,16.0,-99.8,-99.8,0.0,-99.8,-99.8,-99.8,-99.8,-99.8,-99.8,-99.8
2022-01-01 08:00:00,1027.4,11.8,74.0,7.7,20.0,-99.8,-99.8,0.0,-99.8,-99.8,-99.8,-99.8,-99.8,-99.8,-99.8
2022-01-01 09:00:00,1027.7,11.9,76.0,8.1,17.0,-99.8,-99.8,0.0,-99.8,-99.8,-99.8,-99.8,-99.8,-99.8,-99.8
2022-01-01 10:00:00,1027.1,12.3,77.0,7.4,30.0,-99.8,-99.8,0.0,-99.8,-99.8,-99.8,-99.8,-99.8,-99.8,-99.8
2022-01-01 11:00:00,1026.7,12.7,79.0,7.8,16.0,-99.8,-99.8,0.0,-99.8,-99.8,-99.8,-99.8,-99.8,-99.8,-99.8
2022-01-01 12:00:00,1025.7,13.1,77.0,7.8,16.0,-99.8,-99.8,0.0,-99.8,-99.8,-99.8,-99.8,-99.8,-99.8,-99.8
2022-01-01 13:00:00,1024.3,13.0,75.0,6.9,23.0,-99.8,-99.8,0.0,-99.8,-99.8,-99.8,-99.8,-99.8,-99.8,-99.8
2022-01-01 14:00:00,1023.8,13.0,75.0,6.5,25.0,-99.8,-99.8,0.0,-99.8,-99.8,-99.8,-99.8,-99.8,-99.8,-99.8
2022-01-01 15:00:00,1024.2,12.9,80.0,6.5,11.0,-99.8,-99.8,0.0,-99.8,-99.8,-99.8,-99.8,-99.8,-99.8,-99.8
2022-01-01 16:00:00,1024.3,12.9,80.0,6.1,16.0,-99.8,-99.8,0.0,-99.8,-99.8,-99.8,-99.8,-99.8,-99.8,-99.8
2022-01-01 17:00:00,1024.5,13.0,81.0,5.5,23.0,-99.8,-99.8,0.0,-99.8,-99.8,-99.8,-99.8,-99.8,-99.8,-99.8
2022-01-01 18:00:00,1024.5,13.0,80.0,5.1,30.0,-99.8,-99.8,0.0,-99.8,-99.8,-99.8,-99.8,-99.8,-99.8,-99.8
2022-01-01 19:00:00,1025.0,13.1,77.0,5.2,25.0,-99.8,-99.8,0.0,-99.8,-99.8,-99.8,-99.8,-99.8,-99.8,-99.8
2022-01-01 20:00:00,1024.8,13.4,77.0,5.6,25.0,-99.8,-99.8,0.0,-99.8,-99.8,-99.8,-99.8,-99.8,-99.8,-99.8
2022-01-01 21:00:00,1024.8,13.5,77.0,5.9,26.0,-99.8,-99.8,0.0,-99.8,-99.8,-99.8,-99.8,-99.8,-99.8,-99.8
2022-01-01 22:00:00,1024.8,13.6,79.0,6.0,17.0,-99.8,-99.8,0.0,-99.8,-99.8,-99.8,-99.8,-99.8,-99.8,-99.8
2022-01-01 23:00:00,1024.6,13.4,79.0,6.4,21.0,-99.8,-99.8,0.0,-99.8,-99.8,-99.8,-99.8,-99.8,-99.8,-99.8
2022-01-02 00:00:00,1024.2,13.5,81.0,6.0,19.0,-99.8,-99.8,0.0,-99.8,-99.8,-99.8,-99.8,-99.8,-99.8,-99.8
2022-01-02 01:00:00,1023.9,13.6,79.0,6.9,19.0,-99.8,-99.8,0.0,-99.8,-99.8,-99.8,-99.8,-99.8,-99.8,-99.8
2022-01-02 02:00:00,1023.5,13.4,80.0,6.3,19.0,-99.8,-99.8,0.0,-99.8,-99.8,-99.8,-99.8,-99.8,-99.8,-99.8
2022-01-02 03:00:00,1023.7,13.5,79.0,6.1,15.0,-99.8,-99.8,0.0,-99.8,-99.8,-99.8,-99.8,-99.8,-99.8,-99.8
2022-01-02 04:00:00,1023.2,13.6,79.0,6.4,23.0,-99.8,-99.8,0.0,-99.8,-99.8,-99.8,-99.8,-99.8,-99.8,-99.8
2022-01-02 05:00:00,1023.6,13.6,78.0,7.4,25.0,-99.8,-99.8,0.0,-99.8,-99.8,-99.8,-99.8,-99.8,-99.8,-99.8
2022-01-02 06:00:00,1024.2,13.5,77.0,7.8,29.0,-99.8,-99.8,0.0,-99.8,-99.8,-99.8,-99.8,-99.8,-99.8,-99.8
2022-01-02 07:00:00,1024.7,13.6,76.0,7.6,31.0,-99.8,-99.8,0.0,-99.8,-99.8,-99.8,-99.8,-99.8,-99.8,-99.8
2022-01-02 08:00:00,1025.5,13.7,75.0,8.3,29.0,-99.8,-99.8,0.0,-99.8,-99.8,-99.8,-99.8,-99.8,-99.8,-99.8
2022-01-02 09:00:00,1025.8,14.1,75.0,8.5,29.0,-99.8,-99.8,0.0,-99.8,-99.8,-99.8,-99.8,-99.8,-99.8,-99.8
2022-01-02 10:00:00,1025.9,14.1,76.0,8.5,28.0,-99.8,-99.8,0.0,-99.8,-99.8,-99.8,-99.8,-99.8,-99.8,-99.8
2022-01-02 11:00:00,1025.6,14.5,72.0,8.2,29.0,-99.8,-99.8,0.0,-99.8,-99.8,-99.8,-99.8,-99.8,-99.8,-99.8
2022-01-02 12:00:00,1024.7,14.4,70.0,8.5,29.0,-99.8,-99.8,0.0,-99.8,-99.8,-99.8,-99.8,-99.8,-99.8,-99.8
2022-01-02 13:00:00,1024.0,14.7,64.0,7.8,34.0,-99.8,-99.8,0.0,-99.8,-99.8,-99.8,-99.8,-99.8,-99.8,-99.8
2022-01-02 14:00:00,1023.2,14.4,62.0,8.0,31.0,-99.8,-99.8,0.0,-99.8,-99.8,-99.8,-99.8,-99.8,-99.8,-99.8
2022-01-02 15:00:00,1023.2,14.3,63.0,7.4,31.0,-99.8,-99.8,0.0,-99.8,-99.8,-99.8,-99.8,-99.8,-99.8,-99.8
2022-01-02 16:00:00,1023.5,14.3,67.0,6.7,32.0,-99.8,-99.8,0.0,-99.8,-99.8,-99.8,-99.8,-99.8,-99.8,-99.8
2022-01-02 17:00:00,1023.9,14.1,71.0,7.0,31.0,-99.8,-99.8,0.0,-99.8,-99.8,-99.8,-99.8,-99.8,-99.8,-99.8
2022-01-02 18:00:00,1024.4,14.1,71.0,6.7,33.0,-99.8,-99.8,0.0,-99.8,-99.8,-99.8,-99.8,-99.8,-99.8,-99.8
2022-01-02 19:00:00,1024.6,14.1,72.0,7.0,31.0,-99.8,-99.8,0.0,-99.8,-99.8,-99.8,-99.8,-99.8,-99.8,-99.8
2022-01-02 20:00:00,1024.8,14.0,73.0,6.0,33.0,-99.8,-99.8,0.0,-99.8,-99.8,-99.8,-99.8,-99.8,-99.8,-99.8
2022-01-02 21:00:00,1024.7,14.2,71.0,7.3,31.0,-99.8,-99.8,0.0,-99.8,-99.8,-99.8,-99.8,-99.8,-99.8,-99.8
2022-01-02 22:00:00,1024.8,14.1,74.0,8.4,24.0,-99.8,-99.8,0.0,-99.8,-99.8,-99.8,-99.8,-99.8,-99.8,-99.8
2022-01-02 23:00:00,1024.5,13.7,74.0,8.0,26.0,-99.8,-99.8,0.0,-99.8,-99.8,-99.8,-99.8,-99.8,-99.8,-99.8
2022-01-03 00:00:00,1024.1,13.6,73.0,8.6,23.0,-99.8,-99.8,0.0,-99.8,-99.8,-99.8,-99.8,-99.8,-99.8,-99.8
2022-01-03 01:00:00,1023.9,13.0,72.0,9.6,16.0,-99.8,-99.8,0.0,-99.8,-99.8,-99.8,-99.8,-99.8,-99.8,-99.8
2022-01-03 02:00:00,1023.5,12.7,70.0,9.1,21.0,-99.8,-99.8,0.0,-99.8,-99.8,-99.8,-99.8,-99.8,-99.8,-99.8
2022-01-03 03:00:00,1023.4,12.5,70.0,8.9,23.0,-99.8,-99.8,0.0,-99.8,-99.8,-99.8,-99.8,-99.8,-99.8,-99.8
2022-01-03 04:00:00,1023.2,12.2,72.0,8.9,24.0,-99.8,-99.8,0.0,-99.8,-99.8,-99.8,-99.8,-99.8,-99.8,-99.8
2022-01-03 05:00:00,1023.5,12.0,74.0,7.5,21.0,-99.8,-99.8,0.0,-99.8,-99.8,-99.8,-99.8,-99.8,-99.8,-99.8
2022-01-03 06:00:00,1023.7,12.0,73.0,7.3,19.0,-99.8,-99.8,0.0,-99.8,-99.8,-99.8,-99.8,-99.8,-99.8,-99.8
2022-01-03 07:00:00,1024.1,12.3,72.0,6.9,22.0,-99.8,-99.8,0.0,-99.8,-99.8,-99.8,-99.8,-99.8,-99.8,-99.8
2022-01-03 08:00:00,1024.5,12.4,65.0,6.0,28.0,-99.8,-99.8,0.0,-99.8,-99.8,-99.8,-99.8,-99.8,-99.8,-99.8
2022-01-03 09:00:00,1024.9,13.1,53.0,6.0,30.0,-99.8,-99.8,0.0,-99.8,-99.8,-99.8,-99.8,-99.8,-99.8,-99.8
2022-01-03 10:00:00,1025.1,13.4,50.0,5.7,32.0,-99.8,-99.8,0.0,-99.8,-99.8,-99.8,-99.8,-99.8,-99.8,-99.8
2022-01-03 11:00:00,1024.3,13.4,51.0,6.0,30.0,-99.8,-99.8,0.0,-99.8,-99.8,-99.8,-99.8,-99.8,-99.8,-99.8
2022-01-03 12:00:00,1023.1,13.6,56.0,6.6,23.0,-99.8,-99.8,0.0,-99.8,-99.8,-99.8,-99.8,-99.8,-99.8,-99.8
2022-01-03 13:00:00,1022.1,13.8,65.0,6.2,22.0,-99.8,-99.8,0.0,-99.8,-99.8,-99.8,-99.8,-99.8,-99.8,-99.8
2022-01-03 14:00:00,1021.3,13.8,71.0,5.6,26.0,-99.8,-99.8,0.0,-99.8,-99.8,-99.8,-99.8,-99.8,-99.8,-99.8
2022-01-03 15:00:00,1021.1,14.1,75.0,4.7,25.0,-99.8,-99.8,0.0,-99.8,-99.8,-99.8,-99.8,-99.8,-99.8,-99.8
2022-01-03 16:00:00,1021.1,13.7,76.0,4.8,29.0,-99.8,-99.8,0.0,-99.8,-99.8,-99.8,-99.8,-99.8,-99.8,-99.8
2022-01-03 17:00:00,-9999.7,-99.7,-9997.0,-99.7,-999.7,-99.8,-99.8,0.0,-99.8,-99.8,-99.8,-99.8,-99.8,-99.8,-99.8
2022-01-03 18:00:00,1021.7,13.3,81.0,5.2,31.0,-99.8,-99.8,0.0,-99.8,-99.8,-99.8,-99.8,-99.8,-99.8,-99.8
2022-01-03 19:00:00,1022.1,13.5,79.0,5.2,36.0,-99.8,-99.8,0.0,-99.8,-99.8,-99.8,-99.8,-99.8,-99.8,-99.8
2022-01-03 20:00:00,1022.3,13.7,80.0,5.9,27.0,-99.8,-99.8,0.0,-99.8,-99.8,-99.8,-99.8,-99.8,-99.8,-99.8
2022-01-03 21:00:00,1022.6,14.0,85.0,5.6,32.0,-99.8,-99.8,0.0,-99.8,-99.8,-99.8,-99.8,-99.8,-99.8,-99.8
2022-01-03 22:00:00,1022.7,13.9,87.0,6.6,24.0,-99.8,-99.8,0.0,-99.8,-99.8,-99.8,-99.8,-99.8,-99.8,-99.8
2022-01-03 23:00:00,1022.9,13.7,89.0,8.2,14.0,-99.8,-99.8,0.0,-99.8,-99.8,-99.8,-99.8,-99.8,-99.8,-99.8
2022-01-04 00:00:00,1023.0,13.3,90.0,9.4,10.0,-99.8,-99.8,0.0,-99.8,-99.8,-99.8,-99.8,-99.8,-99.8,-99.8
2022-01-04 01:00:00,1023.0,12.8,90.0,8.9,16.0,-99.8,-99.8,0.0,-99.8,-99.8,-99.8,-99.8,-99.8,-99.8,-99.8
2022-01-04 02:00:00,1022.7,13.1,81.0,8.3,17.0,-99.8,-99.8,0.0,-99.8,-99.8,-99.8,-99.8,-99.8,-99.8,-99.8
2022-01-04 03:00:00,1022.4,13.2,82.0,8.2,14.0,-99.8,-99.8,0.0,-99.8,-99.8,-99.8,-99.8,-99.8,-99.8,-99.8
2022-01-04 04:00:00,1021.9,13.3,80.0,8.8,13.0,-99.8,-99.8,0.0,-99.8,-99.8,-99.8,-99.8,-99.8,-99.8,-99.8
2022-01-04 05:00:00,1022.1,13.2,75.0,8.6,12.0,-99.8,-99.8,0.0,-99.8,-99.8,-99.8,-99.8,-99.8,-99.8,-99.8
2022-01-04 06:00:00,1022.5,13.4,73.0,8.8,13.0,-99.8,-99.8,0.0,-99.8,-99.8,-99.8,-99.8,-99.8,-99.8,-99.8
2022-01-04 07:00:00,1023.1,13.5,73.0,7.7,9.0,-99.8,-99.8,-999.6,-99.8,-99.8,-99.8,-99.8,-99.8,-99.8,-99.8
2022-01-04 08:00:00,1023.5,13.3,79.0,6.9,3.0,-99.8,-99.8,0.0,-99.8,-99.8,-99.8,-99.8,-99.8,-99.8,-99.8
2022-01-04 09:00:00,1023.7,14.1,72.0,7.8,14.0,-99.8,-99.8,0.0,-99.8,-99.8,-99.8,-99.8,-99.8,-99.8,-99.8
2022-01-04 10:00:00,1023.6,14.1,73.0,7.5,15.0,-99.8,-99.8,0.0,-99.8,-99.8,-99.8,-99.8,-99.8,-99.8,-99.8
2022-01-04 11:00:00,1023.0,14.7,71.0,8.0,20.0,-99.8,-99.8,0.0,-99.8,-99.8,-99.8,-99.8,-99.8,-99.8,-99.8
2022-01-04 12:00:00,1022.1,14.6,73.0,8.2,20.0,-99.8,-99.8,0.0,-99.8,-99.8,-99.8,-99.8,-99.8,-99.8,-99.8
2022-01-04 13:00:00,1021.1,15.0,73.0,8.3,20.0,-99.8,-99.8,0.0,-99.8,-99.8,-99.8,-99.8,-99.8,-99.8,-99.8
2022-01-04 14:00:00,1020.5,15.0,74.0,7.6,21.0,-99.8,-99.8,0.0,-99.8,-99.8,-99.8,-99.8,-99.8,-99.8,-99.8
2022-01-04 15:00:00,1020.0,14.8,79.0,8.0,22.0,-99.8,-99.8,0.0,-99.8,-99.8,-99.8,-99.8,-99.8,-99.8,-99.8
2022-01-04 16:00:00,1019.8,14.6,81.0,7.4,24.0,-99.8,-99.8,0.0,-99.8,-99.8,-99.8,-99.8,-99.8,-99.8,-99.8
2022-01-04 17:00:00,1020.2,14.1,84.0,6.8,26.0,-99.8,-99.8,0.0,-99.8,-99.8,-99.8,-99.8,-99.8,-99.8,-99.8
2022-01-04 18:00:00,1020.7,14.0,86.0,6.9,24.0,-99.8,-99.8,0.0,-99.8,-99.8,-99.8,-99.8,-99.8,-99.8,-99.8
2022-01-04 19:00:00,1021.1,14.1,86.0,6.7,26.0,-99.8,-99.8,0.0,-99.8,-99.8,-99.8,-99.8,-99.8,-99.8,-99.8
2022-01-04 20:00:00,1021.1,14.2,88.0,6.3,28.0,-99.8,-99.8,0.0,-99.8,-99.8,-99.8,-99.8,-99.8,-99.8,-99.8
2022-01-04 21:00:00,1021.2,14.3,89.0,6.4,26.0,-99.8,-99.8,0.0,-99.8,-99.8,-99.8,-99.8,-99.8,-99.8,-99.8
2022-01-04 22:00:00,1021.1,14.2,90.0,6.9,23.0,-99.8,-99.8,0.0,-99.8,-99.8,-99.8,-99.8,-99.8,-99.8,-99.8
2022-01-04 23:00:00,1020.6,14.2,90.0,6.7,26.0,-99.8,-99.8,0.0,-99.8,-99.8,-99.8,-99.8,-99.8,-99.8,-99.8
2022-01-05 00:00:00,1020.3,14.3,88.0,7.6,19.0,-99.8,-99.8,0.0,-99.8,-99.8,-99.8,-99.8,-99.8,-99.8,-99.8
2022-01-05 01:00:00,1019.4,14.5,85.0,7.6,18.0,-99.8,-99.8,0.0,-99.8,-99.8,-99.8,-99.8,-99.8,-99.8,-99.8
2022-01-05 02:00:00,1019.0,14.7,83.0,7.4,13.0,-99.8,-99.8,0.0,-99.8,-99.8,-99.8,-99.8,-99.8,-99.8,-99.8
2022-01-05 03:00:00,1018.6,14.7,85.0,6.0,4.0,-99.8,-99.8,0.0,-99.8,-99.8,-99.8,-99.8,-99.8,-99.8,-99.8
2022-01-05 04:00:00,1018.1,14.8,84.0,7.0,17.0,-99.8,-99.8,0.0,-99.8,-99.8,-99.8,-99.8,-99.8,-99.8,-99.8
2022-01-05 05:00:00,1018.0,14.7,84.0,5.5,5.0,-99.8,-99.8,0.0,-99.8,-99.8,-99.8,-99.8,-99.8,-99.8,-99.8
2022-01-05 06:00:00,1018.8,14.8,85.0,4.0,353.0,-99.8,-99.8,0.0,-99.8,-99.8,-99.8,-99.8,-99.8,-99.8,-99.8
2022-01-05 07:00:00,1018.5,14.1,91.0,5.5,5.0,-99.8,-99.8,2.0,-99.8,-99.8,-99.8,-99.8,-99.8,-99.8,-99.8
2022-01-05 08:00:00,1019.1,14.1,90.0,3.5,338.0,-99.8,-99.8,0.0,-99.8,-99.8,-99.8,-99.8,-99.8,-99.8,-99.8
2022-01-05 09:00:00,1019.2,14.2,91.0,4.8,6.0,-99.8,-99.8,0.0,-99.8,-99.8,-99.8,-99.8,-99.8,-99.8,-99.8
2022-01-05 10:00:00,1019.2,13.9,94.0,3.7,343.0,-99.8,-99.8,0.5,-99.8,-99.8,-99.8,-99.8,-99.8,-99.8,-99.8
2022-01-05 11:00:00,1018.8,13.8,95.0,2.5,340.0,-99.8,-99.8,0.5,-99.8,-99.8,-99.8,-99.8,-99.8,-99.8,-99.8
2022-01-05 12:00:00,1017.7,13.8,96.0,3.2,344.0,-99.8,-99.8,1.0,-99.8,-99.8,-99.8,-99.8,-99.8,-99.8,-99.8
2022-01-05 13:00:00,1017.3,13.9,96.0,0.8,348.0,-99.8,-99.8,1.5,-99.8,-99.8,-99.8,-99.8,-99.8,-99.8,-99.8
2022-01-05 14:00:00,1016.4,13.8,96.0,3.2,360.0,-99.8,-99.8,1.0,-99.8,-99.8,-99.8,-99.8,-99.8,-99.8,-99.8
2022-01-05 15:00:00,1015.8,13.8,96.0,1.8,5.0,-99.8,-99.8,0.5,-99.8,-99.8,-99.8,-99.8,-99.8,-99.8,-99.8
2022-01-05 16:00:00,1016.0,14.1,94.0,1.5,360.0,-99.8,-99.8,0.0,-99.8,-99.8,-99.8,-99.8,-99.8,-99.8,-99.8
2022-01-05 17:00:00,1016.3,14.5,94.0,0.6,150.0,-99.8,-99.8,0.0,-99.8,-99.8,-99.8,-99.8,-99.8,-99.8,-99.8
2022-01-05 18:00:00,1016.6,14.3,94.0,0.9,22.0,-99.8,-99.8,0.0,-99.8,-99.8,-99.8,-99.8,-99.8,-99.8,-99.8
2022-01-05 19:00:00,1017.6,14.2,94.0,1.2,24.0,-99.8,-99.8,0.0,-99.8,-99.8,-99.8,-99.8,-99.8,-99.8,-99.8
2022-01-05 20:00:00,1017.8,14.4,93.0,2.2,5.0,-99.8,-99.8,0.0,-99.8,-99.8,-99.8,-99.8,-99.8,-99.8,-99.8
2022-01-05 21:00:00,1018.5,13.9,94.0,0.4,229.0,-99.8,-99.8,0.0,-99.8,-99.8,-99.8,-99.8,-99.8,-99.8,-99.8
2022-01-05 22:00:00,1019.0,13.1,95.0,0.5,121.0,-99.8,-99.8,0.0,-99.8,-99.8,-99.8,-99.8,-99.8,-99.8,-99.8
2022-01-05 23:00:00,1019.3,14.2,94.0,1.2,51.0,-99.8,-99.8,0.0,-99.8,-99.8,-99.8,-99.8,-99.8,-99.8,-99.8
2022-01-06 00:00:00,1019.5,14.2,93.0,1.2,43.0,-99.8,-99.8,0.0,-99.8,-99.8,-99.8,-99.8,-99.8,-99.8,-99.8
2022-01-06 01:00:00,1019.7,14.7,91.0,3.4,24.0,-99.8,-99.8,0.0,-99.8,-99.8,-99.8,-99.8,-99.8,-99.8,-99.8
2022-01-06 02:00:00,1020.0,14.8,87.0,4.8,29.0,-99.8,-99.8,0.0,-99.8,-99.8,-99.8,-99.8,-99.8,-99.8,-99.8
2022-01-06 03:00:00,1019.7,14.6,90.0,5.6,26.0,-99.8,-99.8,0.0,-99.8,-99.8,-99.8,-99.8,-99.8,-99.8,-99.8
2022-01-06 04:00:00,1020.0,15.0,86.0,6.4,31.0,-99.8,-99.8,0.0,-99.8,-99.8,-99.8,-99.8,-99.8,-99.8,-99.8
2022-01-06 05:00:00,1020.7,14.8,85.0,6.3,33.0,-99.8,-99.8,0.0,-99.8,-99.8,-99.8,-99.8,-99.8,-99.8,-99.8
2022-01-06 06:00:00,1021.5,14.5,79.0,8.2,31.0,-99.8,-99.8,0.0,-99.8,-99.8,-99.8,-99.8,-99.8,-99.8,-99.8
2022-01-06 07:00:00,1022.5,14.2,77.0,8.8,33.0,-99.8,-99.8,0.0,-99.8,-99.8,-99.8,-99.8,-99.8,-99.8,-99.8
2022-01-06 08:00:00,1023.6,14.0,75.0,8.6,34.0,-99.8,-99.8,0.0,-99.8,-99.8,-99.8,-99.8,-99.8,-99.8,-99.8
2022-01-06 09:00:00,1024.5,13.8,75.0,9.3,34.0,-99.8,-99.8,0.0,-99.8,-99.8,-99.8,-99.8,-99.8,-99.8,-99.8
2022-01-06 10:00:00,1024.6,13.9,72.0,10.0,34.0,-99.8,-99.8,0.0,-99.8,-99.8,-99.8,-99.8,-99.8,-99.8,-99.8
2022-01-06 11:00:00,1024.3,13.8,73.0,9.5,32.0,-99.8,-99.8,0.0,-99.8,-99.8,-99.8,-99.8,-99.8,-99.8,-99.8
2022-01-06 12:00:00,1023.4,13.7,69.0,11.3,33.0,-99.8,-99.8,0.0,-99.8,-99.8,-99.8,-99.8,-99.8,-99.8,-99.8
2022-01-06 13:00:00,1022.2,14.2,64.0,11.1,33.0,-99.8,-99.8,0.0,-99.8,-99.8,-99.8,-99.8,-99.8,-99.8,-99.8
2022-01-06 14:00:00,1022.6,13.6,65.0,10.6,32.0,-99.8,-99.8,0.0,-99.8,-99.8,-99.8,-99.8,-99.8,-99.8,-99.8
2022-01-06 15:00:00,1022.0,13.2,68.0,11.2,30.0,-99.8,-99.8,0.0,-99.8,-99.8,-99.8,-99.8,-99.8,-99.8,-99.8
2022-01-06 16:00:00,1022.3,13.2,67.0,10.6,34.0,-99.8,-99.8,0.0,-99.8,-99.8,-99.8,-99.8,-99.8,-99.8,-99.8
2022-01-06 17:00:00,1023.1,13.2,69.0,10.5,34.0,-99.8,-99.8,0.0,-99.8,-99.8,-99.8,-99.8,-99.8,-99.8,-99.8
2022-01-06 18:00:00,1024.2,12.9,71.0,10.1,32.0,-99.8,-99.8,0.0,-99.8,-99.8,-99.8,-99.8,-99.8,-99.8,-99.8
2022-01-06 19:00:00,1024.2,12.7,72.0,9.0,32.0,-99.8,-99.8,0.0,-99.8,-99.8,-99.8,-99.8,-99.8,-99.8,-99.8
2022-01-06 20:00:00,1024.9,12.9,73.0,10.0,34.0,-99.8,-99.8,0.0,-99.8,-99.8,-99.8,-99.8,-99.8,-99.8,-99.8
2022-01-06 21:00:00,1025.3,12.9,71.0,10.7,32.0,-99.8,-99.8,0.0,-99.8,-99.8,-99.8,-99.8,-99.8,-99.8,-99.8
2022-01-06 22:00:00,1025.4,12.8,73.0,11.6,28.0,-99.8,-99.8,0.0,-99.8,-99.8,-99.8,-99.8,-99.8,-99.8,-99.8
2022-01-06 23:00:00,1025.3,12.5,73.0,11.5,28.0,-99.8,-99.8,0.0,-99.8,-99.8,-99.8,-99.8,-99.8,-99.8,-99.8
2022-01-07 00:00:00,1025.0,12.2,71.0,12.3,29.0,-99.8,-99.8,0.0,-99.8,-99.8,-99.8,-99.8,-99.8,-99.8,-99.8
2022-01-07 01:00:00,1025.5,12.5,71.0,11.6,28.0,-99.8,-99.8,0.0,-99.8,-99.8,-99.8,-99.8,-99.8,-99.8,-99.8
2022-01-07 02:00:00,1025.2,12.5,71.0,10.9,28.0,-99.8,-99.8,0.0,-99.8,-99.8,-99.8,-99.8,-99.8,-99.8,-99.8
2022-01-07 03:00:00,1024.7,12.4,74.0,11.5,28.0,-99.8,-99.8,0.0,-99.8,-99.8,-99.8,-99.8,-99.8,-99.8,-99.8
2022-01-07 04:00:00,1024.5,12.2,76.0,11.6,27.0,-99.8,-99.8,0.0,-99.8,-99.8,-99.8,-99.8,-99.8,-99.8,-99.8
2022-01-07 05:00:00,-9999.7,-99.7,-9997.0,-99.7,-999.7,-99.8,-99.8,0.0,-99.8,-99.8,-99.8,-99.8,-99.8,-99.8,-99.8
2022-01-07 06:00:00,1025.6,12.0,75.0,10.2,30.0,-99.8,-99.8,0.0,-99.8,-99.8,-99.8,-99.8,-99.8,-99.8,-99.8
2022-01-07 07:00:00,1025.8,11.8,76.0,10.8,28.0,-99.8,-99.8,0.0,-99.8,-99.8,-99.8,-99.8,-99.8,-99.8,-99.8
2022-01-07 08:00:00,1026.0,11.7,76.0,10.2,30.0,-99.8,-99.8,0.0,-99.8,-99.8,-99.8,-99.8,-99.8,-99.8,-99.8
2022-01-07 09:00:00,1026.2,11.8,76.0,10.5,27.0,-99.8,-99.8,0.0,-99.8,-99.8,-99.8,-99.8,-99.8,-99.8,-99.8
2022-01-07 10:00:00,1026.3,12.2,76.0,10.8,27.0,-99.8,-99.8,0.0,-99.8,-99.8,-99.8,-99.8,-99.8,-99.8,-99.8
2022-01-07 11:00:00,1025.6,12.4,77.0,10.5,26.0,-99.8,-99.8,0.0,-99.8,-99.8,-99.8,-99.8,-99.8,-99.8,-99.8
2022-01-07 12:00:00,1024.8,12.1,78.0,10.5,24.0,-99.8,-99.8,0.0,-99.8,-99.8,-99.8,-99.8,-99.8,-99.8,-99.8
2022-01-07 13:00:00,1024.1,12.4,76.0,9.8,24.0,-99.8,-99.8,0.0,-99.8,-99.8,-99.8,-99.8,-99.8,-99.8,-99.8
2022-01-07 14:00:00,-9999.7,-99.7,-9997.0,-99.7,-999.7,-99.8,-99.8,0.0,-99.8,-99.8,-99.8,-99.8,-99.8,-99.8,-99.8
2022-01-07 15:00:00,1022.9,12.1,77.0,9.7,27.0,-99.8,-99.8,0.0,-99.8,-99.8,-99.8,-99.8,-99.8,-99.8,-99.8
2022-01-07 16:00:00,1022.9,12.2,79.0,9.2,31.0,-99.8,-99.8,0.0,-99.8,-99.8,-99.8,-99.8,-99.8,-99.8,-99.8
2022-01-07 17:00:00,1023.5,12.2,81.0,9.2,30.0,-99.8,-99.8,0.0,-99.8,-99.8,-99.8,-99.8,-99.8,-99.8,-99.8
2022-01-07 18:00:00,1023.9,12.3,84.0,8.9,29.0,-99.8,-99.8,0.0,-99.8,-99.8,-99.8,-99.8,-99.8,-99.8,-99.8
2022-01-07 19:00:00,1024.8,12.3,83.0,8.0,34.0,-99.8,-99.8,0.0,-99.8,-99.8,-99.8,-99.8,-99.8,-99.8,-99.8
2022-01-07 20:00:00,1025.2,12.5,83.0,7.9,34.0,-99.8,-99.8,0.0,-99.8,-99.8,-99.8,-99.8,-99.8,-99.8,-99.8
2022-01-07 21:00:00,1024.3,12.5,81.0,8.9,30.0,-99.8,-99.8,0.0,-99.8,-99.8,-99.8,-99.8,-99.8,-99.8,-99.8
2022-01-07 22:00:00,1024.4,12.7,79.0,10.2,28.0,-99.8,-99.8,0.0,-99.8,-99.8,-99.8,-99.8,-99.8,-99.8,-99.8
2022-01-07 23:00:00,1024.2,12.5,84.0,10.2,26.0,-99.8,-99.8,0.0,-99.8,-99.8,-99.8,-99.8,-99.8,-99.8,-99.8
2022-01-08 00:00:00,1023.5,12.6,84.0,9.9,25.0,-99.8,-99.8,0.0,-99.8,-99.8,-99.8,-99.8,-99.8,-99.8,-99.8
2022-01-08 01:00:00,1023.7,12.4,84.0,9.4,25.0,-99.8,-99.8,0.0,-99.8,-99.8,-99.8,-99.8,-99.8,-99.8,-99.8
2022-01-08 02:00:00,1023.5,12.0,82.0,10.4,21.0,-99.8,-99.8,0.0,-99.8,-99.8,-99.8,-99.8,-99.8,-99.8,-99.8
2022-01-08 03:00:00,1023.4,12.1,80.0,9.6,21.0,-99.8,-99.8,0.0,-99.8,-99.8,-99.8,-99.8,-99.8,-99.8,-99.8
2022-01-08 04:00:00,1023.0,11.9,79.0,9.7,20.0,-99.8,-99.8,0.0,-99.8,-99.8,-99.8,-99.8,-99.8,-99.8,-99.8
2022-01-08 05:00:00,1022.5,12.2,79.0,9.3,24.0,-99.8,-99.8,0.0,-99.8,-99.8,-99.8,-99.8,-99.8,-99.8,-99.8
2022-01-08 06:00:00,1023.0,11.7,76.0,9.5,23.0,-99.8,-99.8,0.0,-99.8,-99.8,-99.8,-99.8,-99.8,-99.8,-99.8
2022-01-08 07:00:00,1023.2,11.7,76.0,8.7,26.0,-99.8,-99.8,0.0,-99.8,-99.8,-99.8,-99.8,-99.8,-99.8,-99.8
2022-01-08 08:00:00,1023.5,11.9,77.0,9.1,24.0,-99.8,-99.8,0.0,-99.8,-99.8,-99.8,-99.8,-99.8,-99.8,-99.8
2022-01-08 09:00:00,1023.9,12.2,78.0,10.1,26.0,-99.8,-99.8,0.0,-99.8,-99.8,-99.8,-99.8,-99.8,-99.8,-99.8
2022-01-08 10:00:00,1023.8,12.5,77.0,10.4,25.0,-99.8,-99.8,0.0,-99.8,-99.8,-99.8,-99.8,-99.8,-99.8,-99.8
2022-01-08 11:00:00,1023.1,12.8,76.0,9.4,29.0,-99.8,-99.8,0.0,-99.8,-99.8,-99.8,-99.8,-99.8,-99.8,-99.8
2022-01-08 12:00:00,1022.3,12.7,74.0,9.2,27.0,-99.8,-99.8,0.0,-99.8,-99.8,-99.8,-99.8,-99.8,-99.8,-99.8
2022-01-08 13:00:00,1021.6,13.1,75.0,8.8,26.0,-99.8,-99.8,0.0,-99.8,-99.8,-99.8,-99.8,-99.8,-99.8,-99.8
2022-01-08 14:00:00,1021.0,12.9,71.0,9.1,29.0,-99.8,-99.8,0.0,-99.8,-99.8,-99.8,-99.8,-99.8,-99.8,-99.8
2022-01-08 15:00:00,1020.3,13.2,74.0,8.4,30.0,-99.8,-99.8,0.0,-99.8,-99.8,-99.8,-99.8,-99.8,-99.8,-99.8
2022-01-08 16:00:00,1020.2,13.2,74.0,8.6,31.0,-99.8,-99.8,0.0,-99.8,-99.8,-99.8,-99.8,-99.8,-99.8,-99.8
2022-01-08 17:00:00,1020.5,12.8,77.0,8.2,33.0,-99.8,-99.8,0.0,-99.8,-99.8,-99.8,-99.8,-99.8,-99.8,-99.8
2022-01-08 18:00:00,1020.9,12.9,78.0,7.6,33.0,-99.8,-99.8,0.0,-99.8,-99.8,-99.8,-99.8,-99.8,-99.8,-99.8
2022-01-08 19:00:00,1021.1,13.0,77.0,8.5,28.0,-99.8,-99.8,0.0,-99.8,-99.8,-99.8,-99.8,-99.8,-99.8,-99.8
2022-01-08 20:00:00,1021.5,13.0,80.0,8.4,28.0,-99.8,-99.8,0.0,-99.8,-99.8,-99.8,-99.8,-99.8,-99.8,-99.8
2022-01-08 21:00:00,1021.7,13.0,80.0,8.1,30.0,-99.8,-99.8,0.0,-99.8,-99.8,-99.8,-99.8,-99.8,-99.8,-99.8
2022-01-08 22:00:00,1021.5,13.0,79.0,8.2,30.0,-99.8,-99.8,0.0,-99.8,-99.8,-99.8,-99.8,-99.8,-99.8,-99.8
2022-01-08 23:00:00,1021.0,12.9,76.0,8.7,27.0,-99.8,-99.8,0.0,-99.8,-99.8,-99.8,-99.8,-99.8,-99.8,-99.8
2022-01-09 00:00:00,1021.2,12.4,83.0,7.9,21.0,-99.8,-99.8,0.0,-99.8,-99.8,-99.8,-99.8,-99.8,-99.8,-99.8
2022-01-09 01:00:00,1020.6,12.1,81.0,8.7,22.0,-99.8,-99.8,0.0,-99.8,-99.8,-99.8,-99.8,-99.8,-99.8,-99.8
2022-01-09 02:00:00,1020.3,12.2,82.0,8.7,22.0,-99.8,-99.8,0.0,-99.8,-99.8,-99.8,-99.8,-99.8,-99.8,-99.8
2022-01-09 03:00:00,1019.8,12.0,82.0,8.3,29.0,-99.8,-99.8,0.0,-99.8,-99.8,-99.8,-99.8,-99.8,-99.8,-99.8
2022-01-09 04:00:00,1019.1,12.2,84.0,8.0,28.0,-99.8,-99.8,0.0,-99.8,-99.8,-99.8,-99.8,-99.8,-99.8,-99.8
2022-01-09 05:00:00,1019.3,12.1,84.0,8.6,19.0,-99.8,-99.8,0.0,-99.8,-99.8,-99.8,-99.8,-99.8,-99.8,-99.8
2022-01-09 06:00:00,1019.7,12.0,83.0,8.5,18.0,-99.8,-99.8,0.0,-99.8,-99.8,-99.8,-99.8,-99.8,-99.8,-99.8
2022-01-09 07:00:00,1019.6,11.8,83.0,9.2,19.0,-99.8,-99.8,0.0,-99.8,-99.8,-99.8,-99.8,-99.8,-99.8,-99.8
2022-01-09 08:00:00,1020.2,11.8,81.0,8.8,21.0,-99.8,-99.8,0.0,-99.8,-99.8,-99.8,-99.8,-99.8,-99.8,-99.8
2022-01-09 09:00:00,1020.5,11.6,82.0,8.7,21.0,-99.8,-99.8,0.0,-99.8,-99.8,-99.8,-99.8,-99.8,-99.8,-99.8
2022-01-09 10:00:00,1020.3,12.0,75.0,8.1,28.0,-99.8,-99.8,0.0,-99.8,-99.8,-99.8,-99.8,-99.8,-99.8,-99.8
2022-01-09 11:00:00,1019.8,11.9,78.0,8.1,24.0,-99.8,-99.8,0.0,-99.8,-99.8,-99.8,-99.8,-99.8,-99.8,-99.8
2022-01-09 12:00:00,1019.0,11.8,79.0,8.9,17.0,-99.8,-99.8,0.0,-99.8,-99.8,-99.8,-99.8,-99.8,-99.8,-99.8
2022-01-09 13:00:00,1018.1,12.0,79.0,7.9,20.0,-99.8,-99.8,0.0,-99.8,-99.8,-99.8,-99.8,-99.8,-99.8,-99.8
2022-01-09 14:00:00,1017.8,11.7,81.0,8.6,20.0,-99.8,-99.8,0.0,-99.8,-99.8,-99.8,-99.8,-99.8,-99.8,-99.8
2022-01-09 15:00:00,1017.8,11.7,80.0,8.0,27.0,-99.8,-99.8,0.0,-99.8,-99.8,-99.8,-99.8,-99.8,-99.8,-99.8
2022-01-09 16:00:00,1018.0,11.3,86.0,8.7,26.0,-99.8,-99.8,-999.6,-99.8,-99.8,-99.8,-99.8,-99.8,-99.8,-99.8
2022-01-09 17:00:00,1018.8,11.3,88.0,8.7,26.0,-99.8,-99.8,0.0,-99.8,-99.8,-99.8,-99.8,-99.8,-99.8,-99.8
2022-01-09 18:00:00,1019.4,11.2,89.0,8.7,28.0,-99.8,-99.8,0.0,-99.8,-99.8,-99.8,-99.8,-99.8,-99.8,-99.8
2022-01-09 19:00:00,1019.7,11.3,90.0,8.4,30.0,-99.8,-99.8,0.0,-99.8,-99.8,-99.8,-99.8,-99.8,-99.8,-99.8
2022-01-09 20:00:00,1019.9,11.6,88.0,8.6,29.0,-99.8,-99.8,0.0,-99.8,-99.8,-99.8,-99.8,-99.8,-99.8,-99.8
2022-01-09 21:00:00,1020.0,11.7,87.0,7.8,34.0,-99.8,-99.8,0.0,-99.8,-99.8,-99.8,-99.8,-99.8,-99.8,-99.8
2022-01-09 22:00:00,1019.9,11.6,89.0,7.3,32.0,-99.8,-99.8,0.0,-99.8,-99.8,-99.8,-99.8,-99.8,-99.8,-99.8
2022-01-09 23:00:00,1019.8,11.6,89.0,8.1,29.0,-99.8,-99.8,0.0,-99.8,-99.8,-99.8,-99.8,-99.8,-99.8,-99.8
2022-01-10 00:00:00,1019.6,11.7,86.0,8.9,28.0,-99.8,-99.8,0.0,-99.8,-99.8,-99.8,-99.8,-99.8,-99.8,-99.8
2022-01-10 01:00:00,1019.3,11.8,82.0,8.3,30.0,-99.8,-99.8,0.0,-99.8,-99.8,-99.8,-99.8,-99.8,-99.8,-99.8
2022-01-10 02:00:00,1018.5,11.7,82.0,9.1,29.0,-99.8,-99.8,0.0,-99.8,-99.8,-99.8,-99.8,-99.8,-99.8,-99.8
2022-01-10 03:00:00,1018.2,11.6,81.0,8.8,30.0,-99.8,-99.8,0.0,-99.8,-99.8,-99.8,-99.8,-99.8,-99.8,-99.8
2022-01-10 04:00:00,1017.7,11.7,82.0,9.0,28.0,-99.8,-99.8,0.0,-99.8,-99.8,-99.8,-99.8,-99.8,-99.8,-99.8
2022-01-10 05:00:00,1018.0,11.8,80.0,9.1,28.0,-99.8,-99.8,0.0,-99.8,-99.8,-99.8,-99.8,-99.8,-99.8,-99.8
2022-01-10 06:00:00,1018.6,11.9,80.0,9.7,24.0,-99.8,-99.8,0.0,-99.8,-99.8,-99.8,-99.8,-99.8,-99.8,-99.8
2022-01-10 07:00:00,1019.0,11.8,82.0,9.6,25.0,-99.8,-99.8,0.0,-99.8,-99.8,-99.8,-99.8,-99.8,-99.8,-99.8
2022-01-10 08:00:00,1019.8,11.7,80.0,9.4,23.0,-99.8,-99.8,0.0,-99.8,-99.8,-99.8,-99.8,-99.8,-99.8,-99.8
2022-01-10 09:00:00,1020.1,11.5,82.0,9.4,20.0,-99.8,-99.8,0.0,-99.8,-99.8,-99.8,-99.8,-99.8,-99.8,-99.8
2022-01-10 10:00:00,1020.2,11.9,80.0,8.6,22.0,-99.8,-99.8,0.0,-99.8,-99.8,-99.8,-99.8,-99.8,-99.8,-99.8
2022-01-10 11:00:00,1019.4,11.9,77.0,8.3,22.0,-99.8,-99.8,0.0,-99.8,-99.8,-99.8,-99.8,-99.8,-99.8,-99.8
2022-01-10 12:00:00,1018.3,12.3,78.0,7.1,25.0,-99.8,-99.8,0.0,-99.8,-99.8,-99.8,-99.8,-99.8,-99.8,-99.8
2022-01-10 13:00:00,1017.4,12.3,77.0,6.8,24.0,-99.8,-99.8,0.0,-99.8,-99.8,-99.8,-99.8,-99.8,-99.8,-99.8
2022-01-10 14:00:00,1016.5,12.4,79.0,6.0,16.0,-99.8,-99.8,0.0,-99.8,-99.8,-99.8,-99.8,-99.8,-99.8,-99.8
2022-01-10 15:00:00,1015.9,12.6,79.0,5.9,28.0,-99.8,-99.8,0.0,-99.8,-99.8,-99.8,-99.8,-99.8,-99.8,-99.8
2022-01-10 16:00:00,1016.3,12.6,80.0,6.8,18.0,-99.8,-99.8,0.0,-99.8,-99.8,-99.8,-99.8,-99.8,-99.8,-99.8
2022-01-10 17:00:00,1016.9,12.5,80.0,6.5,22.0,-99.8,-99.8,0.0,-99.8,-99.8,-99.8,-99.8,-99.8,-99.8,-99.8
2022-01-10 18:00:00,1017.3,12.9,79.0,5.6,33.0,-99.8,-99.8,0.0,-99.8,-99.8,-99.8,-99.8,-99.8,-99.8,-99.8
2022-01-10 19:00:00,1017.8,13.2,80.0,4.1,33.0,-99.8,-99.8,0.0,-99.8,-99.8,-99.8,-99.8,-99.8,-99.8,-99.8
2022-01-10 20:00:00,1018.1,13.2,82.0,4.9,34.0,-99.8,-99.8,0.0,-99.8,-99.8,-99.8,-99.8,-99.8,-99.8,-99.8
2022-01-10 21:00:00,1018.3,13.1,83.0,6.2,28.0,-99.8,-99.8,0.0,-99.8,-99.8,-99.8,-99.8,-99.8,-99.8,-99.8
2022-01-10 22:00:00,1018.5,12.8,85.0,6.3,25.0,-99.8,-99.8,0.0,-99.8,-99.8,-99.8,-99.8,-99.8,-99.8,-99.8
2022-01-10 23:00:00,1018.4,12.4,87.0,7.3,22.0,-99.8,-99.8,0.0,-99.8,-99.8,-99.8,-99.8,-99.8,-99.8,-99.8
2022-01-11 00:00:00,1018.2,12.3,85.0,7.0,25.0,-99.8,-99.8,0.0,-99.8,-99.8,-99.8,-99.8,-99.8,-99.8,-99.8
2022-01-11 01:00:00,1018.3,12.3,83.0,7.8,25.0,-99.8,-99.8,0.0,-99.8,-99.8,-99.8,-99.8,-99.8,-99.8,-99.8
2022-01-11 02:00:00,1018.3,12.3,87.0,8.5,24.0,-99.8,-99.8,0.0,-99.8,-99.8,-99.8,-99.8,-99.8,-99.8,-99.8
2022-01-11 03:00:00,1018.8,12.4,85.0,7.9,26.0,-99.8,-99.8,0.0,-99.8,-99.8,-99.8,-99.8,-99.8,-99.8,-99.8
2022-01-11 04:00:00,1018.7,12.3,83.0,8.0,32.0,-99.8,-99.8,0.0,-99.8,-99.8,-99.8,-99.8,-99.8,-99.8,-99.8
2022-01-11 05:00:00,1019.3,12.3,82.0,7.9,33.0,-99.8,-99.8,0.0,-99.8,-99.8,-99.8,-99.8,-99.8,-99.8,-99.8
2022-01-11 06:00:00,1019.9,12.2,81.0,8.8,34.0,-99.8,-99.8,0.0,-99.8,-99.8,-99.8,-99.8,-99.8,-99.8,-99.8
2022-01-11 07:00:00,1020.7,12.2,75.0,9.8,32.0,-99.8,-99.8,0.0,-99.8,-99.8,-99.8,-99.8,-99.8,-99.8,-99.8
2022-01-11 08:00:00,1021.7,12.3,74.0,9.6,34.0,-99.8,-99.8,0.0,-99.8,-99.8,-99.8,-99.8,-99.8,-99.8,-99.8
2022-01-11 09:00:00,1022.6,12.1,70.0,9.5,34.0,-99.8,-99.8,0.0,-99.8,-99.8,-99.8,-99.8,-99.8,-99.8,-99.8
2022-01-11 10:00:00,1022.9,11.9,66.0,9.9,36.0,-99.8,-99.8,0.0,-99.8,-99.8,-99.8,-99.8,-99.8,-99.8,-99.8
2022-01-11 11:00:00,1022.8,11.7,63.0,10.1,30.0,-99.8,-99.8,0.0,-99.8,-99.8,-99.8,-99.8,-99.8,-99.8,-99.8
2022-01-11 12:00:00,1022.1,11.9,62.0,8.3,35.0,-99.8,-99.8,0.0,-99.8,-99.8,-99.8,-99.8,-99.8,-99.8,-99.8
2022-01-11 13:00:00,1021.5,11.9,63.0,7.7,32.0,-99.8,-99.8,0.0,-99.8,-99.8,-99.8,-99.8,-99.8,-99.8,-99.8
2022-01-11 14:00:00,1021.5,12.0,61.0,6.0,36.0,-99.8,-99.8,0.0,-99.8,-99.8,-99.8,-99.8,-99.8,-99.8,-99.8
2022-01-11 15:00:00,1021.4,11.9,59.0,4.4,35.0,-99.8,-99.8,0.0,-99.8,-99.8,-99.8,-99.8,-99.8,-99.8,-99.8
2022-01-11 16:00:00,1021.7,11.4,63.0,4.3,53.0,-99.8,-99.8,0.0,-99.8,-99.8,-99.8,-99.8,-99.8,-99.8,-99.8
2022-01-11 17:00:00,1022.1,11.2,64.0,3.8,54.0,-99.8,-99.8,0.0,-99.8,-99.8,-99.8,-99.8,-99.8,-99.8,-99.8
2022-01-11 18:00:00,1022.7,11.2,63.0,4.0,38.0,-99.8,-99.8,0.0,-99.8,-99.8,-99.8,-99.8,-99.8,-99.8,-99.8
2022-01-11 19:00:00,1023.7,11.3,61.0,5.2,36.0,-99.8,-99.8,0.0,-99.8,-99.8,-99.8,-99.8,-99.8,-99.8,-99.8
2022-01-11 20:00:00,1024.5,11.3,59.0,5.4,33.0,-99.8,-99.8,0.0,-99.8,-99.8,-99.8,-99.8,-99.8,-99.8,-99.8
2022-01-11 21:00:00,1024.0,11.5,62.0,6.3,36.0,-99.8,-99.8,0.0,-99.8,-99.8,-99.8,-99.8,-99.8,-99.8,-99.8
2022-01-11 22:00:00,1024.2,11.5,57.0,7.3,34.0,-99.8,-99.8,0.0,-99.8,-99.8,-99.8,-99.8,-99.8,-99.8,-99.8
2022-01-11 23:00:00,1023.8,11.3,57.0,7.5,32.0,-99.8,-99.8,0.0,-99.8,-99.8,-99.8,-99.8,-99.8,-99.8,-99.8
2022-01-12 00:00:00,1023.8,11.2,59.0,7.8,32.0,-99.8,-99.8,0.0,-99.8,-99.8,-99.8,-99.8,-99.8,-99.8,-99.8
2022-01-12 01:00:00,1023.4,10.9,58.0,7.6,32.0,-99.8,-99.8,0.0,-99.8,-99.8,-99.8,-99.8,-99.8,-99.8,-99.8
2022-01-12 02:00:00,1023.0,10.6,57.0,7.9,33.0,-99.8,-99.8,0.0,-99.8,-99.8,-99.8,-99.8,-99.8,-99.8,-99.8
2022-01-12 03:00:00,1022.8,10.2,60.0,8.5,31.0,-99.8,-99.8,0.0,-99.8,-99.8,-99.8,-99.8,-99.8,-99.8,-99.8
2022-01-12 04:00:00,1022.4,10.0,61.0,8.5,32.0,-99.8,-99.8,0.0,-99.8,-99.8,-99.8,-99.8,-99.8,-99.8,-99.8
2022-01-12 05:00:00,1022.3,9.7,63.0,8.9,28.0,-99.8,-99.8,0.0,-99.8,-99.8,-99.8,-99.8,-99.8,-99.8,-99.8
2022-01-12 06:00:00,1023.0,9.4,59.0,8.5,31.0,-99.8,-99.8,0.0,-99.8,-99.8,-99.8,-99.8,-99.8,-99.8,-99.8
2022-01-12 07:00:00,1023.5,9.2,60.0,9.3,27.0,-99.8,-99.8,0.0,-99.8,-99.8,-99.8,-99.8,-99.8,-99.8,-99.8
2022-01-12 08:00:00,1024.1,9.4,62.0,10.1,18.0,-99.8,-99.8,0.0,-99.8,-99.8,-99.8,-99.8,-99.8,-99.8,-99.8
2022-01-12 09:00:00,1024.8,9.4,62.0,9.4,17.0,-99.8,-99.8,0.0,-99.8,-99.8,-99.8,-99.8,-99.8,-99.8,-99.8
2022-01-12 10:00:00,1024.7,9.6,61.0,8.5,25.0,-99.8,-99.8,0.0,-99.8,-99.8,-99.8,-99.8,-99.8,-99.8,-99.8
2022-01-12 11:00:00,1024.1,9.8,60.0,7.7,20.0,-99.8,-99.8,0.0,-99.8,-99.8,-99.8,-99.8,-99.8,-99.8,-99.8
2022-01-12 12:00:00,1023.1,9.9,59.0,7.2,28.0,-99.8,-99.8,0.0,-99.8,-99.8,-99.8,-99.8,-99.8,-99.8,-99.8
2022-01-12 13:00:00,1021.8,10.3,58.0,6.0,33.0,-99.8,-99.8,0.0,-99.8,-99.8,-99.8,-99.8,-99.8,-99.8,-99.8
2022-01-12 14:00:00,1021.3,10.1,59.0,6.3,31.0,-99.8,-99.8,0.0,-99.8,-99.8,-99.8,-99.8,-99.8,-99.8,-99.8
2022-01-12 15:00:00,1020.7,10.1,62.0,6.5,28.0,-99.8,-99.8,0.0,-99.8,-99.8,-99.8,-99.8,-99.8,-99.8,-99.8
2022-01-12 16:00:00,1021.4,9.9,64.0,5.4,27.0,-99.8,-99.8,0.0,-99.8,-99.8,-99.8,-99.8,-99.8,-99.8,-99.8
2022-01-12 17:00:00,1021.4,9.8,65.0,4.6,33.0,-99.8,-99.8,0.0,-99.8,-99.8,-99.8,-99.8,-99.8,-99.8,-99.8
2022-01-12 18:00:00,1021.5,9.9,65.0,4.0,34.0,-99.8,-99.8,0.0,-99.8,-99.8,-99.8,-99.8,-99.8,-99.8,-99.8
2022-01-12 19:00:00,1022.2,10.1,65.0,4.2,34.0,-99.8,-99.8,0.0,-99.8,-99.8,-99.8,-99.8,-99.8,-99.8,-99.8
2022-01-12 20:00:00,1022.6,10.1,67.0,3.5,32.0,-99.8,-99.8,0.0,-99.8,-99.8,-99.8,-99.8,-99.8,-99.8,-99.8
2022-01-12 21:00:00,1022.9,10.4,70.0,3.6,31.0,-99.8,-99.8,0.0,-99.8,-99.8,-99.8,-99.8,-99.8,-99.8,-99.8
2022-01-12 22:00:00,1022.6,10.6,70.0,3.8,15.0,-99.8,-99.8,0.0,-99.8,-99.8,-99.8,-99.8,-99.8,-99.8,-99.8
2022-01-12 23:00:00,1022.1,10.6,71.0,3.7,29.0,-99.8,-99.8,0.0,-99.8,-99.8,-99.8,-99.8,-99.8,-99.8,-99.8
2022-01-13 00:00:00,1021.9,10.8,71.0,4.6,24.0,-99.8,-99.8,0.0,-99.8,-99.8,-99.8,-99.8,-99.8,-99.8,-99.8
2022-01-13 01:00:00,1021.5,11.0,71.0,5.0,20.0,-99.8,-99.8,0.0,-99.8,-99.8,-99.8,-99.8,-99.8,-99.8,-99.8
2022-01-13 02:00:00,1021.7,11.0,71.0,5.0,15.0,-99.8,-99.8,0.0,-99.8,-99.8,-99.8,-99.8,-99.8,-99.8,-99.8
2022-01-13 03:00:00,1021.4,11.0,71.0,4.1,22.0,-99.8,-99.8,0.0,-99.8,-99.8,-99.8,-99.8,-99.8,-99.8,-99.8
2022-01-13 04:00:00,1020.8,10.9,72.0,3.0,18.0,-99.8,-99.8,0.0,-99.8,-99.8,-99.8,-99.8,-99.8,-99.8,-99.8
2022-01-13 05:00:00,1021.1,10.8,73.0,3.2,20.0,-99.8,-99.8,0.0,-99.8,-99.8,-99.8,-99.8,-99.8,-99.8,-99.8
2022-01-13 06:00:00,1022.2,11.2,76.0,4.8,9.0,-99.8,-99.8,0.0,-99.8,-99.8,-99.8,-99.8,-99.8,-99.8,-99.8
2022-01-13 07:00:00,1022.9,11.2,76.0,4.5,14.0,-99.8,-99.8,0.0,-99.8,-99.8,-99.8,-99.8,-99.8,-99.8,-99.8
2022-01-13 08:00:00,1023.7,11.5,74.0,5.0,19.0,-99.8,-99.8,0.0,-99.8,-99.8,-99.8,-99.8,-99.8,-99.8,-99.8
2022-01-13 09:00:00,1024.3,11.7,74.0,5.1,18.0,-99.8,-99.8,0.0,-99.8,-99.8,-99.8,-99.8,-99.8,-99.8,-99.8
2022-01-13 10:00:00,1024.6,12.3,72.0,5.9,15.0,-99.8,-99.8,0.0,-99.8,-99.8,-99.8,-99.8,-99.8,-99.8,-99.8
2022-01-13 11:00:00,1023.9,12.3,68.0,6.7,23.0,-99.8,-99.8,0.0,-99.8,-99.8,-99.8,-99.8,-99.8,-99.8,-99.8
2022-01-13 12:00:00,1023.1,12.6,64.0,7.7,26.0,-99.8,-99.8,0.0,-99.8,-99.8,-99.8,-99.8,-99.8,-99.8,-99.8
2022-01-13 13:00:00,1022.4,12.6,60.0,8.3,29.0,-99.8,-99.8,0.0,-99.8,-99.8,-99.8,-99.8,-99.8,-99.8,-99.8
2022-01-13 14:00:00,1021.8,12.7,58.0,7.0,31.0,-99.8,-99.8,0.0,-99.8,-99.8,-99.8,-99.8,-99.8,-99.8,-99.8
2022-01-13 15:00:00,1021.7,12.7,54.0,5.0,33.0,-99.8,-99.8,0.0,-99.8,-99.8,-99.8,-99.8,-99.8,-99.8,-99.8
2022-01-13 16:00:00,1021.8,12.6,61.0,2.9,51.0,-99.8,-99.8,0.0,-99.8,-99.8,-99.8,-99.8,-99.8,-99.8,-99.8
2022-01-13 17:00:00,1022.5,12.4,61.0,3.4,44.0,-99.8,-99.8,0.0,-99.8,-99.8,-99.8,-99.8,-99.8,-99.8,-99.8
2022-01-13 18:00:00,1023.0,12.3,60.0,3.5,47.0,-99.8,-99.8,0.0,-99.8,-99.8,-99.8,-99.8,-99.8,-99.8,-99.8
2022-01-13 19:00:00,1023.7,12.4,59.0,3.3,42.0,-99.8,-99.8,0.0,-99.8,-99.8,-99.8,-99.8,-99.8,-99.8,-99.8
2022-01-13 20:00:00,1024.2,12.3,63.0,5.5,36.0,-99.8,-99.8,0.0,-99.8,-99.8,-99.8,-99.8,-99.8,-99.8,-99.8
2022-01-13 21:00:00,1025.2,12.0,67.0,7.7,33.0,-99.8,-99.8,0.0,-99.8,-99.8,-99.8,-99.8,-99.8,-99.8,-99.8
2022-01-13 22:00:00,1024.7,11.4,71.0,8.9,32.0,-99.8,-99.8,0.0,-99.8,-99.8,-99.8,-99.8,-99.8,-99.8,-99.8
2022-01-13 23:00:00,1024.7,10.9,71.0,8.7,33.0,-99.8,-99.8,0.0,-99.8,-99.8,-99.8,-99.8,-99.8,-99.8,-99.8
2022-01-14 00:00:00,1024.8,10.6,69.0,9.5,30.0,-99.8,-99.8,0.0,-99.8,-99.8,-99.8,-99.8,-99.8,-99.8,-99.8
2022-01-14 01:00:00,1024.8,10.2,66.0,9.3,32.0,-99.8,-99.8,0.0,-99.8,-99.8,-99.8,-99.8,-99.8,-99.8,-99.8
2022-01-14 02:00:00,1024.3,10.0,65.0,7.8,33.0,-99.8,-99.8,0.0,-99.8,-99.8,-99.8,-99.8,-99.8,-99.8,-99.8
2022-01-14 03:00:00,-9999.7,-99.7,-9997.0,-99.7,-999.7,-99.8,-99.8,-999.6,-99.8,-99.8,-99.8,-99.8,-99.8,-99.8,-99.8
2022-01-14 04:00:00,1024.0,9.5,66.0,7.7,35.0,-99.8,-99.8,0.0,-99.8,-99.8,-99.8,-99.8,-99.8,-99.8,-99.8
2022-01-14 05:00:00,1024.6,9.4,67.0,7.2,32.0,-99.8,-99.8,0.0,-99.8,-99.8,-99.8,-99.8,-99.8,-99.8,-99.8
2022-01-14 06:00:00,1024.8,9.1,63.0,7.6,34.0,-99.8,-99.8,0.0,-99.8,-99.8,-99.8,-99.8,-99.8,-99.8,-99.8
2022-01-14 07:00:00,1025.3,9.2,63.0,7.6,34.0,-99.8,-99.8,0.0,-99.8,-99.8,-99.8,-99.8,-99.8,-99.8,-99.8
2022-01-14 08:00:00,1025.5,9.5,64.0,8.0,33.0,-99.8,-99.8,0.0,-99.8,-99.8,-99.8,-99.8,-99.8,-99.8,-99.8
2022-01-14 09:00:00,1026.0,9.6,65.0,8.5,31.0,-99.8,-99.8,0.0,-99.8,-99.8,-99.8,-99.8,-99.8,-99.8,-99.8
2022-01-14 10:00:00,1025.7,9.6,65.0,8.3,29.0,-99.8,-99.8,0.0,-99.8,-99.8,-99.8,-99.8,-99.8,-99.8,-99.8
2022-01-14 11:00:00,1025.2,9.7,68.0,9.1,24.0,-99.8,-99.8,0.0,-99.8,-99.8,-99.8,-99.8,-99.8,-99.8,-99.8
2022-01-14 12:00:00,1023.6,9.7,70.0,8.6,24.0,-99.8,-99.8,0.0,-99.8,-99.8,-99.8,-99.8,-99.8,-99.8,-99.8
2022-01-14 13:00:00,1022.4,9.5,72.0,8.6,25.0,-99.8,-99.8,0.0,-99.8,-99.8,-99.8,-99.8,-99.8,-99.8,-99.8
2022-01-14 14:00:00,1021.3,9.6,74.0,9.1,23.0,-99.8,-99.8,0.0,-99.8,-99.8,-99.8,-99.8,-99.8,-99.8,-99.8
2022-01-14 15:00:00,1020.9,9.6,75.0,8.5,20.0,-99.8,-99.8,0.0,-99.8,-99.8,-99.8,-99.8,-99.8,-99.8,-99.8
2022-01-14 16:00:00,1020.6,9.4,77.0,8.9,22.0,-99.8,-99.8,0.0,-99.8,-99.8,-99.8,-99.8,-99.8,-99.8,-99.8
2022-01-14 17:00:00,1021.2,9.8,76.0,8.4,16.0,-99.8,-99.8,0.0,-99.8,-99.8,-99.8,-99.8,-99.8,-99.8,-99.8
2022-01-14 18:00:00,1021.3,9.8,73.0,7.9,19.0,-99.8,-99.8,0.0,-99.8,-99.8,-99.8,-99.8,-99.8,-99.8,-99.8
2022-01-14 19:00:00,1021.7,10.1,70.0,8.5,13.0,-99.8,-99.8,0.0,-99.8,-99.8,-99.8,-99.8,-99.8,-99.8,-99.8
2022-01-14 20:00:00,1022.0,10.4,71.0,8.5,15.0,-99.8,-99.8,0.0,-99.8,-99.8,-99.8,-99.8,-99.8,-99.8,-99.8
2022-01-14 21:00:00,1022.3,10.5,70.0,9.2,11.0,-99.8,-99.8,0.0,-99.8,-99.8,-99.8,-99.8,-99.8,-99.8,-99.8
2022-01-14 22:00:00,1022.3,10.3,71.0,7.8,17.0,-99.8,-99.8,0.0,-99.8,-99.8,-99.8,-99.8,-99.8,-99.8,-99.8
2022-01-14 23:00:00,1022.3,10.6,67.0,6.3,13.0,-99.8,-99.8,0.0,-99.8,-99.8,-99.8,-99.8,-99.8,-99.8,-99.8
2022-01-15 00:00:00,1021.7,10.7,70.0,6.2,9.0,-99.8,-99.8,0.0,-99.8,-99.8,-99.8,-99.8,-99.8,-99.8,-99.8
2022-01-15 01:00:00,1021.7,10.9,67.0,5.9,7.0,-99.8,-99.8,0.0,-99.8,-99.8,-99.8,-99.8,-99.8,-99.8,-99.8
2022-01-15 02:00:00,1021.4,10.9,72.0,4.3,3.0,-99.8,-99.8,0.0,-99.8,-99.8,-99.8,-99.8,-99.8,-99.8,-99.8
2022-01-15 03:00:00,1021.3,10.9,71.0,4.4,5.0,-99.8,-99.8,0.0,-99.8,-99.8,-99.8,-99.8,-99.8,-99.8,-99.8
2022-01-15 04:00:00,1020.8,11.1,67.0,2.8,3.0,-99.8,-99.8,0.0,-99.8,-99.8,-99.8,-99.8,-99.8,-99.8,-99.8
2022-01-15 05:00:00,1021.3,11.2,69.0,2.5,352.0,-99.8,-99.8,0.0,-99.8,-99.8,-99.8,-99.8,-99.8,-99.8,-99.8
2022-01-15 06:00:00,1021.9,11.3,69.0,1.5,337.0,-99.8,-99.8,0.0,-99.8,-99.8,-99.8,-99.8,-99.8,-99.8,-99.8
2022-01-15 07:00:00,1022.6,11.7,72.0,2.4,353.0,-99.8,-99.8,0.0,-99.8,-99.8,-99.8,-99.8,-99.8,-99.8,-99.8
2022-01-15 08:00:00,1022.5,12.0,71.0,2.8,23.0,-99.8,-99.8,0.0,-99.8,-99.8,-99.8,-99.8,-99.8,-99.8,-99.8
2022-01-15 09:00:00,1022.7,12.5,69.0,3.1,22.0,-99.8,-99.8,0.0,-99.8,-99.8,-99.8,-99.8,-99.8,-99.8,-99.8
2022-01-15 10:00:00,1023.1,12.8,71.0,4.6,17.0,-99.8,-99.8,0.0,-99.8,-99.8,-99.8,-99.8,-99.8,-99.8,-99.8
2022-01-15 11:00:00,1022.9,13.1,71.0,4.4,18.0,-99.8,-99.8,0.0,-99.8,-99.8,-99.8,-99.8,-99.8,-99.8,-99.8
2022-01-15 12:00:00,1021.8,13.3,67.0,3.5,24.0,-99.8,-99.8,0.0,-99.8,-99.8,-99.8,-99.8,-99.8,-99.8,-99.8
2022-01-15 13:00:00,1020.7,13.2,70.0,3.7,19.0,-99.8,-99.8,0.0,-99.8,-99.8,-99.8,-99.8,-99.8,-99.8,-99.8
2022-01-15 14:00:00,1020.2,14.2,67.0,2.0,48.0,-99.8,-99.8,0.0,-99.8,-99.8,-99.8,-99.8,-99.8,-99.8,-99.8
2022-01-15 15:00:00,1019.6,14.1,71.0,1.7,51.0,-99.8,-99.8,0.0,-99.8,-99.8,-99.8,-99.8,-99.8,-99.8,-99.8
2022-01-15 16:00:00,1020.1,13.9,74.0,2.0,36.0,-99.8,-99.8,0.0,-99.8,-99.8,-99.8,-99.8,-99.8,-99.8,-99.8
2022-01-15 17:00:00,1020.2,13.2,78.0,2.0,47.0,-99.8,-99.8,0.0,-99.8,-99.8,-99.8,-99.8,-99.8,-99.8,-99.8
2022-01-15 18:00:00,1020.6,13.3,82.0,2.1,58.0,-99.8,-99.8,0.0,-99.8,-99.8,-99.8,-99.8,-99.8,-99.8,-99.8
2022-01-15 19:00:00,1021.6,13.5,85.0,3.1,34.0,-99.8,-99.8,0.0,-99.8,-99.8,-99.8,-99.8,-99.8,-99.8,-99.8
2022-01-15 20:00:00,1023.0,13.6,89.0,3.9,23.0,-99.8,-99.8,0.0,-99.8,-99.8,-99.8,-99.8,-99.8,-99.8,-99.8
2022-01-15 21:00:00,1022.0,13.5,90.0,5.3,13.0,-99.8,-99.8,0.0,-99.8,-99.8,-99.8,-99.8,-99.8,-99.8,-99.8
2022-01-15 22:00:00,1022.1,13.5,89.0,6.2,14.0,-99.8,-99.8,0.0,-99.8,-99.8,-99.8,-99.8,-99.8,-99.8,-99.8
2022-01-15 23:00:00,1022.5,12.9,88.0,8.5,13.0,-99.8,-99.8,0.0,-99.8,-99.8,-99.8,-99.8,-99.8,-99.8,-99.8
2022-01-16 00:00:00,1022.6,12.9,89.0,6.4,19.0,-99.8,-99.8,0.0,-99.8,-99.8,-99.8,-99.8,-99.8,-99.8,-99.8
2022-01-16 01:00:00,1022.2,12.7,89.0,6.3,23.0,-99.8,-99.8,0.0,-99.8,-99.8,-99.8,-99.8,-99.8,-99.8,-99.8
2022-01-16 02:00:00,1022.1,12.7,86.0,7.0,19.0,-99.8,-99.8,0.0,-99.8,-99.8,-99.8,-99.8,-99.8,-99.8,-99.8
2022-01-16 03:00:00,1021.7,12.8,84.0,8.0,14.0,-99.8,-99.8,0.0,-99.8,-99.8,-99.8,-99.8,-99.8,-99.8,-99.8
2022-01-16 04:00:00,1021.8,12.7,85.0,7.4,17.0,-99.8,-99.8,0.0,-99.8,-99.8,-99.8,-99.8,-99.8,-99.8,-99.8
2022-01-16 05:00:00,1021.4,12.5,85.0,7.4,24.0,-99.8,-99.8,0.0,-99.8,-99.8,-99.8,-99.8,-99.8,-99.8,-99.8
2022-01-16 06:00:00,1022.1,12.6,83.0,8.2,25.0,-99.8,-99.8,0.0,-99.8,-99.8,-99.8,-99.8,-99.8,-99.8,-99.8
2022-01-16 07:00:00,1022.6,12.4,84.0,10.3,23.0,-99.8,-99.8,0.0,-99.8,-99.8,-99.8,-99.8,-99.8,-99.8,-99.8
2022-01-16 08:00:00,1023.2,11.8,88.0,10.5,24.0,-99.8,-99.8,0.0,-99.8,-99.8,-99.8,-99.8,-99.8,-99.8,-99.8
2022-01-16 09:00:00,1024.2,11.5,92.0,10.0,24.0,-99.8,-99.8,0.0,-99.8,-99.8,-99.8,-99.8,-99.8,-99.8,-99.8
2022-01-16 10:00:00,1024.0,11.5,93.0,10.6,22.0,-99.8,-99.8,0.0,-99.8,-99.8,-99.8,-99.8,-99.8,-99.8,-99.8
2022-01-16 11:00:00,1023.7,11.4,92.0,10.3,22.0,-99.8,-99.8,0.0,-99.8,-99.8,-99.8,-99.8,-99.8,-99.8,-99.8
2022-01-16 12:00:00,1022.9,11.5,92.0,10.7,24.0,-99.8,-99.8,0.0,-99.8,-99.8,-99.8,-99.8,-99.8,-99.8,-99.8
2022-01-16 13:00:00,1021.7,11.4,92.0,9.8,23.0,-99.8,-99.8,0.0,-99.8,-99.8,-99.8,-99.8,-99.8,-99.8,-99.8
2022-01-16 14:00:00,1021.5,11.4,92.0,9.8,21.0,-99.8,-99.8,0.0,-99.8,-99.8,-99.8,-99.8,-99.8,-99.8,-99.8
2022-01-16 15:00:00,1021.0,11.4,91.0,8.9,26.0,-99.8,-99.8,0.0,-99.8,-99.8,-99.8,-99.8,-99.8,-99.8,-99.8
2022-01-16 16:00:00,1021.5,11.6,89.0,9.2,26.0,-99.8,-99.8,0.0,-99.8,-99.8,-99.8,-99.8,-99.8,-99.8,-99.8
2022-01-16 17:00:00,1022.3,11.6,90.0,9.4,26.0,-99.8,-99.8,0.0,-99.8,-99.8,-99.8,-99.8,-99.8,-99.8,-99.8
2022-01-16 18:00:00,1022.9,11.1,87.0,11.4,26.0,-99.8,-99.8,0.0,-99.8,-99.8,-99.8,-99.8,-99.8,-99.8,-99.8
2022-01-16 19:00:00,1023.8,11.0,87.0,11.5,24.0,-99.8,-99.8,0.0,-99.8,-99.8,-99.8,-99.8,-99.8,-99.8,-99.8
2022-01-16 20:00:00,1024.2,10.9,87.0,10.8,23.0,-99.8,-99.8,0.0,-99.8,-99.8,-99.8,-99.8,-99.8,-99.8,-99.8
2022-01-16 21:00:00,1024.5,11.0,88.0,11.3,25.0,-99.8,-99.8,0.0,-99.8,-99.8,-99.8,-99.8,-99.8,-99.8,-99.8
2022-01-16 22:00:00,1024.3,10.6,88.0,11.2,25.0,-99.8,-99.8,0.0,-99.8,-99.8,-99.8,-99.8,-99.8,-99.8,-99.8
2022-01-16 23:00:00,1024.1,10.9,90.0,10.3,19.0,-99.8,-99.8,0.0,-99.8,-99.8,-99.8,-99.8,-99.8,-99.8,-99.8
2022-01-17 00:00:00,1023.8,10.6,91.0,10.6,22.0,-99.8,-99.8,0.0,-99.8,-99.8,-99.8,-99.8,-99.8,-99.8,-99.8
2022-01-17 01:00:00,1023.6,10.7,91.0,9.8,21.0,-99.8,-99.8,0.0,-99.8,-99.8,-99.8,-99.8,-99.8,-99.8,-99.8
2022-01-17 02:00:00,1023.0,10.3,90.0,9.8,24.0,-99.8,-99.8,0.0,-99.8,-99.8,-99.8,-99.8,-99.8,-99.8,-99.8
2022-01-17 03:00:00,1023.4,10.6,90.0,10.1,21.0,-99.8,-99.8,0.0,-99.8,-99.8,-99.8,-99.8,-99.8,-99.8,-99.8
2022-01-17 04:00:00,1023.2,10.5,90.0,10.5,24.0,-99.8,-99.8,0.0,-99.8,-99.8,-99.8,-99.8,-99.8,-99.8,-99.8
2022-01-17 05:00:00,1023.0,10.3,89.0,10.0,27.0,-99.8,-99.8,0.0,-99.8,-99.8,-99.8,-99.8,-99.8,-99.8,-99.8
2022-01-17 06:00:00,1023.3,10.4,90.0,10.3,26.0,-99.8,-99.8,0.0,-99.8,-99.8,-99.8,-99.8,-99.8,-99.8,-99.8
2022-01-17 07:00:00,1023.7,10.4,90.0,11.0,25.0,-99.8,-99.8,0.0,-99.8,-99.8,-99.8,-99.8,-99.8,-99.8,-99.8
2022-01-17 08:00:00,1024.1,10.4,91.0,12.0,23.0,-99.8,-99.8,0.0,-99.8,-99.8,-99.8,-99.8,-99.8,-99.8,-99.8
2022-01-17 09:00:00,1024.8,10.5,90.0,11.2,25.0,-99.8,-99.8,0.0,-99.8,-99.8,-99.8,-99.8,-99.8,-99.8,-99.8
2022-01-17 10:00:00,1025.0,10.6,90.0,11.7,22.0,-99.8,-99.8,0.0,-99.8,-99.8,-99.8,-99.8,-99.8,-99.8,-99.8
2022-01-17 11:00:00,1024.4,10.8,90.0,11.1,22.0,-99.8,-99.8,0.0,-99.8,-99.8,-99.8,-99.8,-99.8,-99.8,-99.8
2022-01-17 12:00:00,1024.0,10.5,91.0,11.5,16.0,-99.8,-99.8,0.0,-99.8,-99.8,-99.8,-99.8,-99.8,-99.8,-99.8
2022-01-17 13:00:00,1023.1,10.7,91.0,11.2,17.0,-99.8,-99.8,0.0,-99.8,-99.8,-99.8,-99.8,-99.8,-99.8,-99.8
2022-01-17 14:00:00,1022.5,10.6,91.0,11.2,22.0,-99.8,-99.8,0.0,-99.8,-99.8,-99.8,-99.8,-99.8,-99.8,-99.8
2022-01-17 15:00:00,1022.2,10.9,86.0,11.6,22.0,-99.8,-99.8,0.0,-99.8,-99.8,-99.8,-99.8,-99.8,-99.8,-99.8
2022-01-17 16:00:00,1022.2,11.1,85.0,11.5,22.0,-99.8,-99.8,0.0,-99.8,-99.8,-99.8,-99.8,-99.8,-99.8,-99.8
2022-01-17 17:00:00,1022.6,11.4,83.0,10.9,26.0,-99.8,-99.8,0.0,-99.8,-99.8,-99.8,-99.8,-99.8,-99.8,-99.8
2022-01-17 18:00:00,1023.5,11.4,84.0,12.0,22.0,-99.8,-99.8,0.0,-99.8,-99.8,-99.8,-99.8,-99.8,-99.8,-99.8
2022-01-17 19:00:00,1024.1,11.2,87.0,11.3,26.0,-99.8,-99.8,0.0,-99.8,-99.8,-99.8,-99.8,-99.8,-99.8,-99.8
2022-01-17 20:00:00,1025.0,11.2,87.0,11.8,22.0,-99.8,-99.8,0.0,-99.8,-99.8,-99.8,-99.8,-99.8,-99.8,-99.8
2022-01-17 21:00:00,1024.8,11.1,88.0,12.2,24.0,-99.8,-99.8,0.0,-99.8,-99.8,-99.8,-99.8,-99.8,-99.8,-99.8
2022-01-17 22:00:00,1025.1,11.3,89.0,10.7,26.0,-99.8,-99.8,0.0,-99.8,-99.8,-99.8,-99.8,-99.8,-99.8,-99.8
2022-01-17 23:00:00,1024.8,11.2,88.0,11.1,21.0,-99.8,-99.8,0.0,-99.8,-99.8,-99.8,-99.8,-99.8,-99.8,-99.8
2022-01-18 00:00:00,1024.1,11.4,86.0,11.2,24.0,-99.8,-99.8,0.0,-99.8,-99.8,-99.8,-99.8,-99.8,-99.8,-99.8
2022-01-18 01:00:00,1024.0,11.3,86.0,10.9,22.0,-99.8,-99.8,0.0,-99.8,-99.8,-99.8,-99.8,-99.8,-99.8,-99.8
2022-01-18 02:00:00,1023.4,11.1,86.0,12.0,20.0,-99.8,-99.8,0.0,-99.8,-99.8,-99.8,-99.8,-99.8,-99.8,-99.8
2022-01-18 03:00:00,1023.4,11.2,84.0,11.1,22.0,-99.8,-99.8,0.0,-99.8,-99.8,-99.8,-99.8,-99.8,-99.8,-99.8
2022-01-18 04:00:00,1023.2,11.2,84.0,10.8,18.0,-99.8,-99.8,0.0,-99.8,-99.8,-99.8,-99.8,-99.8,-99.8,-99.8
2022-01-18 05:00:00,1023.0,11.0,84.0,11.5,23.0,-99.8,-99.8,0.0,-99.8,-99.8,-99.8,-99.8,-99.8,-99.8,-99.8
2022-01-18 06:00:00,1023.1,10.6,88.0,11.5,24.0,-99.8,-99.8,0.0,-99.8,-99.8,-99.8,-99.8,-99.8,-99.8,-99.8
2022-01-18 07:00:00,1023.6,10.7,88.0,11.9,19.0,-99.8,-99.8,0.0,-99.8,-99.8,-99.8,-99.8,-99.8,-99.8,-99.8
2022-01-18 08:00:00,1024.3,10.4,92.0,12.0,21.0,-99.8,-99.8,0.0,-99.8,-99.8,-99.8,-99.8,-99.8,-99.8,-99.8
2022-01-18 09:00:00,1024.7,10.6,90.0,12.3,21.0,-99.8,-99.8,0.0,-99.8,-99.8,-99.8,-99.8,-99.8,-99.8,-99.8
2022-01-18 10:00:00,1024.6,11.1,86.0,11.9,19.0,-99.8,-99.8,0.0,-99.8,-99.8,-99.8,-99.8,-99.8,-99.8,-99.8
2022-01-18 11:00:00,1024.3,11.4,85.0,10.7,21.0,-99.8,-99.8,0.0,-99.8,-99.8,-99.8,-99.8,-99.8,-99.8,-99.8
2022-01-18 12:00:00,1023.2,11.6,85.0,10.6,19.0,-99.8,-99.8,0.0,-99.8,-99.8,-99.8,-99.8,-99.8,-99.8,-99.8
2022-01-18 13:00:00,1022.2,11.5,81.0,10.5,23.0,-99.8,-99.8,0.0,-99.8,-99.8,-99.8,-99.8,-99.8,-99.8,-99.8
2022-01-18 14:00:00,1021.8,11.6,81.0,10.1,22.0,-99.8,-99.8,0.0,-99.8,-99.8,-99.8,-99.8,-99.8,-99.8,-99.8
2022-01-18 15:00:00,1021.2,11.6,79.0,9.8,21.0,-99.8,-99.8,0.0,-99.8,-99.8,-99.8,-99.8,-99.8,-99.8,-99.8
2022-01-18 16:00:00,1021.2,11.8,80.0,9.8,22.0,-99.8,-99.8,0.0,-99.8,-99.8,-99.8,-99.8,-99.8,-99.8,-99.8
2022-01-18 17:00:00,1021.4,11.7,80.0,9.8,26.0,-99.8,-99.8,0.0,-99.8,-99.8,-99.8,-99.8,-99.8,-99.8,-99.8
2022-01-18 18:00:00,1021.6,11.8,81.0,10.2,23.0,-99.8,-99.8,0.0,-99.8,-99.8,-99.8,-99.8,-99.8,-99.8,-99.8
2022-01-18 19:00:00,1021.9,11.7,81.0,10.5,25.0,-99.8,-99.8,0.0,-99.8,-99.8,-99.8,-99.8,-99.8,-99.8,-99.8
2022-01-18 20:00:00,1022.0,11.8,80.0,9.8,29.0,-99.8,-99.8,0.0,-99.8,-99.8,-99.8,-99.8,-99.8,-99.8,-99.8
2022-01-18 21:00:00,1022.7,12.0,81.0,10.3,22.0,-99.8,-99.8,0.0,-99.8,-99.8,-99.8,-99.8,-99.8,-99.8,-99.8
2022-01-18 22:00:00,1022.5,12.0,81.0,9.7,23.0,-99.8,-99.8,0.0,-99.8,-99.8,-99.8,-99.8,-99.8,-99.8,-99.8
2022-01-18 23:00:00,1022.4,12.0,81.0,9.9,23.0,-99.8,-99.8,0.0,-99.8,-99.8,-99.8,-99.8,-99.8,-99.8,-99.8
2022-01-19 00:00:00,1022.1,11.9,82.0,10.1,21.0,-99.8,-99.8,0.0,-99.8,-99.8,-99.8,-99.8,-99.8,-99.8,-99.8
2022-01-19 01:00:00,1022.0,12.0,80.0,10.4,16.0,-99.8,-99.8,0.0,-99.8,-99.8,-99.8,-99.8,-99.8,-99.8,-99.8
2022-01-19 02:00:00,1021.6,12.0,78.0,9.7,18.0,-99.8,-99.8,0.0,-99.8,-99.8,-99.8,-99.8,-99.8,-99.8,-99.8
2022-01-19 03:00:00,1021.0,12.1,78.0,9.9,17.0,-99.8,-99.8,0.0,-99.8,-99.8,-99.8,-99.8,-99.8,-99.8,-99.8
2022-01-19 04:00:00,1020.6,12.2,78.0,8.9,15.0,-99.8,-99.8,0.0,-99.8,-99.8,-99.8,-99.8,-99.8,-99.8,-99.8
2022-01-19 05:00:00,1020.2,12.2,76.0,8.6,16.0,-99.8,-99.8,0.0,-99.8,-99.8,-99.8,-99.8,-99.8,-99.8,-99.8
2022-01-19 06:00:00,1020.4,12.3,77.0,8.6,17.0,-99.8,-99.8,0.0,-99.8,-99.8,-99.8,-99.8,-99.8,-99.8,-99.8
2022-01-19 07:00:00,1020.9,12.3,74.0,9.1,24.0,-99.8,-99.8,0.0,-99.8,-99.8,-99.8,-99.8,-99.8,-99.8,-99.8
2022-01-19 08:00:00,1021.4,12.5,74.0,9.1,22.0,-99.8,-99.8,0.0,-99.8,-99.8,-99.8,-99.8,-99.8,-99.8,-99.8
2022-01-19 09:00:00,1022.1,12.6,75.0,8.9,21.0,-99.8,-99.8,0.0,-99.8,-99.8,-99.8,-99.8,-99.8,-99.8,-99.8
2022-01-19 10:00:00,1021.9,12.7,76.0,9.5,19.0,-99.8,-99.8,0.0,-99.8,-99.8,-99.8,-99.8,-99.8,-99.8,-99.8
2022-01-19 11:00:00,1021.4,12.7,76.0,9.6,18.0,-99.8,-99.8,0.0,-99.8,-99.8,-99.8,-99.8,-99.8,-99.8,-99.8
2022-01-19 12:00:00,1020.7,12.9,76.0,8.9,19.0,-99.8,-99.8,0.0,-99.8,-99.8,-99.8,-99.8,-99.8,-99.8,-99.8
2022-01-19 13:00:00,1020.0,13.1,77.0,8.0,23.0,-99.8,-99.8,0.0,-99.8,-99.8,-99.8,-99.8,-99.8,-99.8,-99.8
2022-01-19 14:00:00,1019.5,13.0,78.0,8.4,27.0,-99.8,-99.8,0.0,-99.8,-99.8,-99.8,-99.8,-99.8,-99.8,-99.8
2022-01-19 15:00:00,1019.1,13.3,81.0,7.2,28.0,-99.8,-99.8,0.0,-99.8,-99.8,-99.8,-99.8,-99.8,-99.8,-99.8
2022-01-19 16:00:00,1019.2,13.5,82.0,6.7,29.0,-99.8,-99.8,0.0,-99.8,-99.8,-99.8,-99.8,-99.8,-99.8,-99.8
2022-01-19 17:00:00,1019.8,13.3,85.0,6.5,27.0,-99.8,-99.8,0.0,-99.8,-99.8,-99.8,-99.8,-99.8,-99.8,-99.8
2022-01-19 18:00:00,1020.3,13.2,87.0,5.2,32.0,-99.8,-99.8,0.0,-99.8,-99.8,-99.8,-99.8,-99.8,-99.8,-99.8
2022-01-19 19:00:00,1020.5,13.4,89.0,5.2,30.0,-99.8,-99.8,0.0,-99.8,-99.8,-99.8,-99.8,-99.8,-99.8,-99.8
2022-01-19 20:00:00,1020.8,13.6,88.0,5.8,26.0,-99.8,-99.8,0.0,-99.8,-99.8,-99.8,-99.8,-99.8,-99.8,-99.8
2022-01-19 21:00:00,1020.9,13.4,87.0,4.6,18.0,-99.8,-99.8,0.0,-99.8,-99.8,-99.8,-99.8,-99.8,-99.8,-99.8
2022-01-19 22:00:00,1021.4,13.6,84.0,5.7,25.0,-99.8,-99.8,0.0,-99.8,-99.8,-99.8,-99.8,-99.8,-99.8,-99.8
2022-01-19 23:00:00,1021.3,13.1,91.0,7.2,18.0,-99.8,-99.8,0.0,-99.8,-99.8,-99.8,-99.8,-99.8,-99.8,-99.8
2022-01-20 00:00:00,1021.2,12.6,91.0,8.3,19.0,-99.8,-99.8,0.0,-99.8,-99.8,-99.8,-99.8,-99.8,-99.8,-99.8
2022-01-20 01:00:00,1020.9,12.5,83.0,10.0,21.0,-99.8,-99.8,0.0,-99.8,-99.8,-99.8,-99.8,-99.8,-99.8,-99.8
2022-01-20 02:00:00,1020.6,12.6,83.0,10.3,22.0,-99.8,-99.8,0.0,-99.8,-99.8,-99.8,-99.8,-99.8,-99.8,-99.8
2022-01-20 03:00:00,1019.9,12.5,83.0,10.8,22.0,-99.8,-99.8,0.0,-99.8,-99.8,-99.8,-99.8,-99.8,-99.8,-99.8
2022-01-20 04:00:00,1019.9,12.5,83.0,10.4,23.0,-99.8,-99.8,0.0,-99.8,-99.8,-99.8,-99.8,-99.8,-99.8,-99.8
2022-01-20 05:00:00,1020.1,12.5,83.0,10.6,22.0,-99.8,-99.8,0.0,-99.8,-99.8,-99.8,-99.8,-99.8,-99.8,-99.8
2022-01-20 06:00:00,1020.9,12.5,82.0,10.8,23.0,-99.8,-99.8,0.0,-99.8,-99.8,-99.8,-99.8,-99.8,-99.8,-99.8
2022-01-20 07:00:00,1021.4,12.5,80.0,11.1,25.0,-99.8,-99.8,0.0,-99.8,-99.8,-99.8,-99.8,-99.8,-99.8,-99.8
2022-01-20 08:00:00,1022.1,12.7,75.0,11.4,25.0,-99.8,-99.8,0.0,-99.8,-99.8,-99.8,-99.8,-99.8,-99.8,-99.8
2022-01-20 09:00:00,1022.7,12.7,73.0,10.8,24.0,-99.8,-99.8,0.0,-99.8,-99.8,-99.8,-99.8,-99.8,-99.8,-99.8
2022-01-20 10:00:00,1023.2,12.6,74.0,11.5,30.0,-99.8,-99.8,0.0,-99.8,-99.8,-99.8,-99.8,-99.8,-99.8,-99.8
2022-01-20 11:00:00,1022.7,12.4,79.0,11.5,28.0,-99.8,-99.8,0.0,-99.8,-99.8,-99.8,-99.8,-99.8,-99.8,-99.8
2022-01-20 12:00:00,1022.1,12.3,82.0,11.8,23.0,-99.8,-99.8,0.0,-99.8,-99.8,-99.8,-99.8,-99.8,-99.8,-99.8
2022-01-20 13:00:00,1021.4,12.1,81.0,12.0,22.0,-99.8,-99.8,0.0,-99.8,-99.8,-99.8,-99.8,-99.8,-99.8,-99.8
2022-01-20 14:00:00,1020.9,12.1,82.0,11.3,25.0,-99.8,-99.8,0.0,-99.8,-99.8,-99.8,-99.8,-99.8,-99.8,-99.8
2022-01-20 15:00:00,1020.5,12.0,82.0,11.5,23.0,-99.8,-99.8,0.0,-99.8,-99.8,-99.8,-99.8,-99.8,-99.8,-99.8
2022-01-20 16:00:00,1020.3,11.7,84.0,12.7,22.0,-99.8,-99.8,0.0,-99.8,-99.8,-99.8,-99.8,-99.8,-99.8,-99.8
2022-01-20 17:00:00,1021.1,11.5,86.0,12.8,23.0,-99.8,-99.8,0.0,-99.8,-99.8,-99.8,-99.8,-99.8,-99.8,-99.8
2022-01-20 18:00:00,1021.5,11.2,90.0,12.8,24.0,-99.8,-99.8,0.0,-99.8,-99.8,-99.8,-99.8,-99.8,-99.8,-99.8
2022-01-20 19:00:00,1021.6,11.4,88.0,13.0,24.0,-99.8,-99.8,0.0,-99.8,-99.8,-99.8,-99.8,-99.8,-99.8,-99.8
2022-01-20 20:00:00,1021.7,11.5,89.0,13.0,23.0,-99.8,-99.8,0.0,-99.8,-99.8,-99.8,-99.8,-99.8,-99.8,-99.8
2022-01-20 21:00:00,1022.1,11.5,87.0,13.1,25.0,-99.8,-99.8,0.0,-99.8,-99.8,-99.8,-99.8,-99.8,-99.8,-99.8
2022-01-20 22:00:00,1022.4,11.3,88.0,13.0,25.0,-99.8,-99.8,0.0,-99.8,-99.8,-99.8,-99.8,-99.8,-99.8,-99.8
2022-01-20 23:00:00,1022.4,11.4,89.0,13.0,24.0,-99.8,-99.8,0.0,-99.8,-99.8,-99.8,-99.8,-99.8,-99.8,-99.8
2022-01-21 00:00:00,1021.5,11.2,89.0,12.7,29.0,-99.8,-99.8,0.0,-99.8,-99.8,-99.8,-99.8,-99.8,-99.8,-99.8
2022-01-21 01:00:00,1021.9,11.1,88.0,13.2,24.0,-99.8,-99.8,0.0,-99.8,-99.8,-99.8,-99.8,-99.8,-99.8,-99.8
2022-01-21 02:00:00,1021.9,11.2,88.0,13.5,23.0,-99.8,-99.8,0.0,-99.8,-99.8,-99.8,-99.8,-99.8,-99.8,-99.8
2022-01-21 03:00:00,1021.9,10.9,87.0,12.5,23.0,-99.8,-99.8,0.5,-99.8,-99.8,-99.8,-99.8,-99.8,-99.8,-99.8
2022-01-21 04:00:00,1021.8,10.7,86.0,13.2,23.0,-99.8,-99.8,0.5,-99.8,-99.8,-99.8,-99.8,-99.8,-99.8,-99.8
2022-01-21 05:00:00,1021.4,10.4,86.0,12.8,21.0,-99.8,-99.8,0.0,-99.8,-99.8,-99.8,-99.8,-99.8,-99.8,-99.8
2022-01-21 06:00:00,1022.0,10.6,83.0,13.3,23.0,-99.8,-99.8,0.0,-99.8,-99.8,-99.8,-99.8,-99.8,-99.8,-99.8
2022-01-21 07:00:00,1022.4,10.5,82.0,13.2,25.0,-99.8,-99.8,0.0,-99.8,-99.8,-99.8,-99.8,-99.8,-99.8,-99.8
2022-01-21 08:00:00,1023.3,10.3,83.0,13.0,25.0,-99.8,-99.8,0.0,-99.8,-99.8,-99.8,-99.8,-99.8,-99.8,-99.8
2022-01-21 09:00:00,1023.4,10.3,85.0,12.3,24.0,-99.8,-99.8,0.0,-99.8,-99.8,-99.8,-99.8,-99.8,-99.8,-99.8
2022-01-21 10:00:00,1023.9,10.5,84.0,13.2,24.0,-99.8,-99.8,0.0,-99.8,-99.8,-99.8,-99.8,-99.8,-99.8,-99.8
2022-01-21 11:00:00,1023.1,11.0,80.0,12.1,26.0,-99.8,-99.8,0.0,-99.8,-99.8,-99.8,-99.8,-99.8,-99.8,-99.8
2022-01-21 12:00:00,1022.6,11.2,81.0,11.5,22.0,-99.8,-99.8,0.0,-99.8,-99.8,-99.8,-99.8,-99.8,-99.8,-99.8
2022-01-21 13:00:00,1021.6,11.4,80.0,11.7,22.0,-99.8,-99.8,0.0,-99.8,-99.8,-99.8,-99.8,-99.8,-99.8,-99.8
2022-01-21 14:00:00,1021.1,11.6,80.0,10.7,20.0,-99.8,-99.8,0.0,-99.8,-99.8,-99.8,-99.8,-99.8,-99.8,-99.8
2022-01-21 15:00:00,1020.3,11.6,82.0,11.6,15.0,-99.8,-99.8,0.0,-99.8,-99.8,-99.8,-99.8,-99.8,-99.8,-99.8
2022-01-21 16:00:00,1019.8,11.6,82.0,11.3,19.0,-99.8,-99.8,0.0,-99.8,-99.8,-99.8,-99.8,-99.8,-99.8,-99.8
2022-01-21 17:00:00,1020.2,11.5,82.0,10.9,19.0,-99.8,-99.8,0.0,-99.8,-99.8,-99.8,-99.8,-99.8,-99.8,-99.8
2022-01-21 18:00:00,1020.3,11.5,82.0,11.5,18.0,-99.8,-99.8,0.0,-99.8,-99.8,-99.8,-99.8,-99.8,-99.8,-99.8
2022-01-21 19:00:00,1021.0,11.0,90.0,12.1,14.0,-99.8,-99.8,0.0,-99.8,-99.8,-99.8,-99.8,-99.8,-99.8,-99.8
2022-01-21 20:00:00,1020.6,11.3,89.0,13.2,14.0,-99.8,-99.8,0.0,-99.8,-99.8,-99.8,-99.8,-99.8,-99.8,-99.8
2022-01-21 21:00:00,1020.7,11.2,90.0,12.1,20.0,-99.8,-99.8,0.0,-99.8,-99.8,-99.8,-99.8,-99.8,-99.8,-99.8
2022-01-21 22:00:00,1020.5,11.4,89.0,11.4,18.0,-99.8,-99.8,0.0,-99.8,-99.8,-99.8,-99.8,-99.8,-99.8,-99.8
2022-01-21 23:00:00,1019.9,11.6,86.0,11.9,16.0,-99.8,-99.8,0.0,-99.8,-99.8,-99.8,-99.8,-99.8,-99.8,-99.8
2022-01-22 00:00:00,1020.0,11.7,83.0,11.0,20.0,-99.8,-99.8,0.0,-99.8,-99.8,-99.8,-99.8,-99.8,-99.8,-99.8
2022-01-22 01:00:00,1019.3,11.4,87.0,11.4,20.0,-99.8,-99.8,0.0,-99.8,-99.8,-99.8,-99.8,-99.8,-99.8,-99.8
2022-01-22 02:00:00,1018.4,11.2,89.0,11.0,20.0,-99.8,-99.8,0.5,-99.8,-99.8,-99.8,-99.8,-99.8,-99.8,-99.8
2022-01-22 03:00:00,1018.4,11.4,89.0,10.2,19.0,-99.8,-99.8,0.5,-99.8,-99.8,-99.8,-99.8,-99.8,-99.8,-99.8
2022-01-22 04:00:00,1017.8,11.7,88.0,10.0,11.0,-99.8,-99.8,1.5,-99.8,-99.8,-99.8,-99.8,-99.8,-99.8,-99.8
2022-01-22 05:00:00,1017.9,11.8,88.0,9.6,9.0,-99.8,-99.8,0.0,-99.8,-99.8,-99.8,-99.8,-99.8,-99.8,-99.8
2022-01-22 06:00:00,1016.9,11.3,92.0,9.2,20.0,-99.8,-99.8,0.5,-99.8,-99.8,-99.8,-99.8,-99.8,-99.8,-99.8
2022-01-22 07:00:00,1018.3,11.4,93.0,8.4,12.0,-99.8,-99.8,0.5,-99.8,-99.8,-99.8,-99.8,-99.8,-99.8,-99.8
2022-01-22 08:00:00,1017.8,11.7,92.0,9.1,13.0,-99.8,-99.8,0.5,-99.8,-99.8,-99.8,-99.8,-99.8,-99.8,-99.8
2022-01-22 09:00:00,1018.3,12.0,92.0,7.3,21.0,-99.8,-99.8,0.0,-99.8,-99.8,-99.8,-99.8,-99.8,-99.8,-99.8
2022-01-22 10:00:00,1017.8,12.0,91.0,8.2,16.0,-99.8,-99.8,0.5,-99.8,-99.8,-99.8,-99.8,-99.8,-99.8,-99.8
2022-01-22 11:00:00,1017.6,12.3,91.0,7.7,21.0,-99.8,-99.8,-999.6,-99.8,-99.8,-99.8,-99.8,-99.8,-99.8,-99.8
2022-01-22 12:00:00,1016.7,12.1,93.0,6.7,20.0,-99.8,-99.8,0.5,-99.8,-99.8,-99.8,-99.8,-99.8,-99.8,-99.8
2022-01-22 13:00:00,1015.2,11.9,93.0,7.9,26.0,-99.8,-99.8,1.5,-99.8,-99.8,-99.8,-99.8,-99.8,-99.8,-99.8
2022-01-22 14:00:00,-9999.7,-99.7,-9997.0,-99.7,-999.7,-99.8,-99.8,1.0,-99.8,-99.8,-99.8,-99.8,-99.8,-99.8,-99.8
2022-01-22 15:00:00,1014.7,12.1,95.0,6.5,8.0,-99.8,-99.8,3.0,-99.8,-99.8,-99.8,-99.8,-99.8,-99.8,-99.8
2022-01-22 16:00:00,1014.8,12.1,96.0,6.0,13.0,-99.8,-99.8,3.0,-99.8,-99.8,-99.8,-99.8,-99.8,-99.8,-99.8
2022-01-22 17:00:00,1015.7,12.3,96.0,3.8,3.0,-99.8,-99.8,3.0,-99.8,-99.8,-99.8,-99.8,-99.8,-99.8,-99.8
2022-01-22 18:00:00,1014.5,12.3,97.0,5.2,12.0,-99.8,-99.8,0.0,-99.8,-99.8,-99.8,-99.8,-99.8,-99.8,-99.8
2022-01-22 19:00:00,1015.3,12.4,97.0,4.5,2.0,-99.8,-99.8,1.5,-99.8,-99.8,-99.8,-99.8,-99.8,-99.8,-99.8
2022-01-22 20:00:00,1015.1,12.6,97.0,3.7,354.0,-99.8,-99.8,1.0,-99.8,-99.8,-99.8,-99.8,-99.8,-99.8,-99.8
2022-01-22 21:00:00,1015.0,12.6,97.0,3.3,10.0,-99.8,-99.8,0.5,-99.8,-99.8,-99.8,-99.8,-99.8,-99.8,-99.8
2022-01-22 22:00:00,1014.3,12.6,97.0,4.7,22.0,-99.8,-99.8,0.0,-99.8,-99.8,-99.8,-99.8,-99.8,-99.8,-99.8
2022-01-22 23:00:00,1014.3,12.6,96.0,4.4,7.0,-99.8,-99.8,0.0,-99.8,-99.8,-99.8,-99.8,-99.8,-99.8,-99.8
2022-01-23 00:00:00,1014.2,12.5,97.0,5.9,8.0,-99.8,-99.8,0.0,-99.8,-99.8,-99.8,-99.8,-99.8,-99.8,-99.8
2022-01-23 01:00:00,1013.8,12.6,97.0,6.1,11.0,-99.8,-99.8,0.0,-99.8,-99.8,-99.8,-99.8,-99.8,-99.8,-99.8
2022-01-23 02:00:00,1013.2,12.5,97.0,5.8,17.0,-99.8,-99.8,0.0,-99.8,-99.8,-99.8,-99.8,-99.8,-99.8,-99.8
2022-01-23 03:00:00,1012.8,12.5,97.0,5.0,14.0,-99.8,-99.8,0.0,-99.8,-99.8,-99.8,-99.8,-99.8,-99.8,-99.8
2022-01-23 04:00:00,1012.1,12.6,98.0,5.0,20.0,-99.8,-99.8,0.0,-99.8,-99.8,-99.8,-99.8,-99.8,-99.8,-99.8
2022-01-23 05:00:00,1011.6,12.4,98.0,5.6,18.0,-99.8,-99.8,0.0,-99.8,-99.8,-99.8,-99.8,-99.8,-99.8,-99.8
2022-01-23 06:00:00,1012.1,12.5,98.0,4.8,6.0,-99.8,-99.8,0.0,-99.8,-99.8,-99.8,-99.8,-99.8,-99.8,-99.8
2022-01-23 07:00:00,1012.2,12.6,98.0,4.1,15.0,-99.8,-99.8,0.0,-99.8,-99.8,-99.8,-99.8,-99.8,-99.8,-99.8
2022-01-23 08:00:00,1012.0,12.7,98.0,3.9,12.0,-99.8,-99.8,0.0,-99.8,-99.8,-99.8,-99.8,-99.8,-99.8,-99.8
2022-01-23 09:00:00,1012.7,13.0,98.0,3.0,359.0,-99.8,-99.8,0.0,-99.8,-99.8,-99.8,-99.8,-99.8,-99.8,-99.8
2022-01-23 10:00:00,1012.9,13.4,98.0,3.1,360.0,-99.8,-99.8,0.0,-99.8,-99.8,-99.8,-99.8,-99.8,-99.8,-99.8
2022-01-23 11:00:00,1012.6,13.8,97.0,3.2,327.0,-99.8,-99.8,0.0,-99.8,-99.8,-99.8,-99.8,-99.8,-99.8,-99.8
2022-01-23 12:00:00,1011.7,14.3,95.0,2.6,352.0,-99.8,-99.8,0.0,-99.8,-99.8,-99.8,-99.8,-99.8,-99.8,-99.8
2022-01-23 13:00:00,1011.1,15.0,91.0,2.3,346.0,-99.8,-99.8,0.0,-99.8,-99.8,-99.8,-99.8,-99.8,-99.8,-99.8
2022-01-23 14:00:00,1010.5,15.7,89.0,1.5,26.0,-99.8,-99.8,0.0,-99.8,-99.8,-99.8,-99.8,-99.8,-99.8,-99.8
2022-01-23 15:00:00,1010.5,14.5,92.0,2.0,38.0,-99.8,-99.8,0.0,-99.8,-99.8,-99.8,-99.8,-99.8,-99.8,-99.8
2022-01-23 16:00:00,1010.8,13.9,94.0,0.7,325.0,-99.8,-99.8,0.0,-99.8,-99.8,-99.8,-99.8,-99.8,-99.8,-99.8
2022-01-23 17:00:00,1011.1,13.9,95.0,0.9,102.0,-99.8,-99.8,0.0,-99.8,-99.8,-99.8,-99.8,-99.8,-99.8,-99.8
2022-01-23 18:00:00,1011.8,13.8,96.0,1.6,13.0,-99.8,-99.8,0.0,-99.8,-99.8,-99.8,-99.8,-99.8,-99.8,-99.8
2022-01-23 19:00:00,1012.6,13.7,96.0,2.0,11.0,-99.8,-99.8,0.0,-99.8,-99.8,-99.8,-99.8,-99.8,-99.8,-99.8
2022-01-23 20:00:00,1013.2,13.1,97.0,2.9,8.0,-99.8,-99.8,0.0,-99.8,-99.8,-99.8,-99.8,-99.8,-99.8,-99.8
2022-01-23 21:00:00,1013.4,12.8,98.0,3.5,24.0,-99.8,-99.8,0.0,-99.8,-99.8,-99.8,-99.8,-99.8,-99.8,-99.8
2022-01-23 22:00:00,1013.7,12.8,98.0,4.6,20.0,-99.8,-99.8,0.0,-99.8,-99.8,-99.8,-99.8,-99.8,-99.8,-99.8
2022-01-23 23:00:00,1014.1,12.8,98.0,4.5,23.0,-99.8,-99.8,0.0,-99.8,-99.8,-99.8,-99.8,-99.8,-99.8,-99.8
2022-01-24 00:00:00,1014.1,12.7,98.0,4.9,22.0,-99.8,-99.8,0.0,-99.8,-99.8,-99.8,-99.8,-99.8,-99.8,-99.8
2022-01-24 01:00:00,1014.5,12.6,98.0,4.3,19.0,-99.8,-99.8,0.0,-99.8,-99.8,-99.8,-99.8,-99.8,-99.8,-99.8
2022-01-24 02:00:00,1014.2,13.0,98.0,5.3,33.0,-99.8,-99.8,0.0,-99.8,-99.8,-99.8,-99.8,-99.8,-99.8,-99.8
2022-01-24 03:00:00,1014.8,13.0,95.0,4.2,1.0,-99.8,-99.8,0.0,-99.8,-99.8,-99.8,-99.8,-99.8,-99.8,-99.8
2022-01-24 04:00:00,1014.5,13.2,91.0,5.5,26.0,-99.8,-99.8,0.0,-99.8,-99.8,-99.8,-99.8,-99.8,-99.8,-99.8
2022-01-24 05:00:00,1014.6,13.2,91.0,4.5,30.0,-99.8,-99.8,0.0,-99.8,-99.8,-99.8,-99.8,-99.8,-99.8,-99.8
2022-01-24 06:00:00,1015.3,13.3,88.0,5.8,28.0,-99.8,-99.8,0.0,-99.8,-99.8,-99.8,-99.8,-99.8,-99.8,-99.8
2022-01-24 07:00:00,1015.7,13.3,87.0,6.2,32.0,-99.8,-99.8,0.0,-99.8,-99.8,-99.8,-99.8,-99.8,-99.8,-99.8
2022-01-24 08:00:00,1016.6,13.4,86.0,6.7,32.0,-99.8,-99.8,0.0,-99.8,-99.8,-99.8,-99.8,-99.8,-99.8,-99.8
2022-01-24 09:00:00,1017.3,13.3,86.0,7.2,32.0,-99.8,-99.8,0.0,-99.8,-99.8,-99.8,-99.8,-99.8,-99.8,-99.8
2022-01-24 10:00:00,1018.0,13.2,86.0,7.8,34.0,-99.8,-99.8,0.0,-99.8,-99.8,-99.8,-99.8,-99.8,-99.8,-99.8
2022-01-24 11:00:00,1018.0,13.2,85.0,8.3,29.0,-99.8,-99.8,0.0,-99.8,-99.8,-99.8,-99.8,-99.8,-99.8,-99.8
2022-01-24 12:00:00,1017.1,13.0,86.0,8.1,31.0,-99.8,-99.8,0.0,-99.8,-99.8,-99.8,-99.8,-99.8,-99.8,-99.8
2022-01-24 13:00:00,1016.2,12.7,86.0,8.7,31.0,-99.8,-99.8,0.0,-99.8,-99.8,-99.8,-99.8,-99.8,-99.8,-99.8
2022-01-24 14:00:00,1016.1,12.5,86.0,9.0,29.0,-99.8,-99.8,0.0,-99.8,-99.8,-99.8,-99.8,-99.8,-99.8,-99.8
2022-01-24 15:00:00,1016.0,12.5,86.0,8.6,29.0,-99.8,-99.8,0.0,-99.8,-99.8,-99.8,-99.8,-99.8,-99.8,-99.8
2022-01-24 16:00:00,1016.3,12.4,87.0,7.7,31.0,-99.8,-99.8,0.0,-99.8,-99.8,-99.8,-99.8,-99.8,-99.8,-99.8
2022-01-24 17:00:00,1016.7,12.4,88.0,8.3,28.0,-99.8,-99.8,0.0,-99.8,-99.8,-99.8,-99.8,-99.8,-99.8,-99.8
2022-01-24 18:00:00,1017.2,12.5,89.0,8.6,30.0,-99.8,-99.8,0.0,-99.8,-99.8,-99.8,-99.8,-99.8,-99.8,-99.8
2022-01-24 19:00:00,1017.5,12.4,89.0,8.4,26.0,-99.8,-99.8,0.0,-99.8,-99.8,-99.8,-99.8,-99.8,-99.8,-99.8
2022-01-24 20:00:00,1017.9,12.4,89.0,7.8,28.0,-99.8,-99.8,0.0,-99.8,-99.8,-99.8,-99.8,-99.8,-99.8,-99.8
2022-01-24 21:00:00,1017.9,12.3,90.0,8.9,24.0,-99.8,-99.8,0.0,-99.8,-99.8,-99.8,-99.8,-99.8,-99.8,-99.8
2022-01-24 22:00:00,1018.6,12.2,90.0,8.5,23.0,-99.8,-99.8,0.0,-99.8,-99.8,-99.8,-99.8,-99.8,-99.8,-99.8
2022-01-24 23:00:00,1018.2,12.0,89.0,10.3,24.0,-99.8,-99.8,0.0,-99.8,-99.8,-99.8,-99.8,-99.8,-99.8,-99.8
2022-01-25 00:00:00,1018.2,12.0,88.0,9.7,28.0,-99.8,-99.8,0.0,-99.8,-99.8,-99.8,-99.8,-99.8,-99.8,-99.8
2022-01-25 01:00:00,1018.7,12.0,89.0,8.8,24.0,-99.8,-99.8,0.0,-99.8,-99.8,-99.8,-99.8,-99.8,-99.8,-99.8
2022-01-25 02:00:00,1018.8,11.8,89.0,8.6,21.0,-99.8,-99.8,0.0,-99.8,-99.8,-99.8,-99.8,-99.8,-99.8,-99.8
2022-01-25 03:00:00,1018.7,11.7,88.0,9.5,22.0,-99.8,-99.8,0.0,-99.8,-99.8,-99.8,-99.8,-99.8,-99.8,-99.8
2022-01-25 04:00:00,1018.3,11.6,87.0,9.9,23.0,-99.8,-99.8,0.0,-99.8,-99.8,-99.8,-99.8,-99.8,-99.8,-99.8
2022-01-25 05:00:00,1018.1,11.4,86.0,9.7,26.0,-99.8,-99.8,0.0,-99.8,-99.8,-99.8,-99.8,-99.8,-99.8,-99.8
2022-01-25 06:00:00,1018.7,11.4,87.0,8.7,27.0,-99.8,-99.8,0.0,-99.8,-99.8,-99.8,-99.8,-99.8,-99.8,-99.8
2022-01-25 07:00:00,1019.4,11.3,88.0,8.2,24.0,-99.8,-99.8,0.0,-99.8,-99.8,-99.8,-99.8,-99.8,-99.8,-99.8
2022-01-25 08:00:00,1020.1,11.4,88.0,7.9,21.0,-99.8,-99.8,0.0,-99.8,-99.8,-99.8,-99.8,-99.8,-99.8,-99.8
2022-01-25 09:00:00,1020.6,11.3,87.0,8.3,24.0,-99.8,-99.8,0.0,-99.8,-99.8,-99.8,-99.8,-99.8,-99.8,-99.8
2022-01-25 10:00:00,1020.7,11.6,87.0,8.0,27.0,-99.8,-99.8,0.0,-99.8,-99.8,-99.8,-99.8,-99.8,-99.8,-99.8
2022-01-25 11:00:00,1019.9,11.5,88.0,8.4,22.0,-99.8,-99.8,0.0,-99.8,-99.8,-99.8,-99.8,-99.8,-99.8,-99.8
2022-01-25 12:00:00,1019.4,11.5,88.0,8.5,17.0,-99.8,-99.8,0.0,-99.8,-99.8,-99.8,-99.8,-99.8,-99.8,-99.8
2022-01-25 13:00:00,1018.3,11.4,88.0,8.7,15.0,-99.8,-99.8,0.0,-99.8,-99.8,-99.8,-99.8,-99.8,-99.8,-99.8
2022-01-25 14:00:00,1018.0,11.5,88.0,9.6,16.0,-99.8,-99.8,0.0,-99.8,-99.8,-99.8,-99.8,-99.8,-99.8,-99.8
2022-01-25 15:00:00,1017.6,11.5,86.0,9.7,20.0,-99.8,-99.8,0.0,-99.8,-99.8,-99.8,-99.8,-99.8,-99.8,-99.8
2022-01-25 16:00:00,1017.5,11.9,84.0,9.3,24.0,-99.8,-99.8,0.0,-99.8,-99.8,-99.8,-99.8,-99.8,-99.8,-99.8
2022-01-25 17:00:00,1017.9,11.8,84.0,8.9,26.0,-99.8,-99.8,0.0,-99.8,-99.8,-99.8,-99.8,-99.8,-99.8,-99.8
2022-01-25 18:00:00,1018.4,11.9,87.0,8.6,24.0,-99.8,-99.8,0.0,-99.8,-99.8,-99.8,-99.8,-99.8,-99.8,-99.8
2022-01-25 19:00:00,1019.1,11.8,89.0,8.1,24.0,-99.8,-99.8,0.0,-99.8,-99.8,-99.8,-99.8,-99.8,-99.8,-99.8
2022-01-25 20:00:00,1019.1,11.9,89.0,8.4,24.0,-99.8,-99.8,0.0,-99.8,-99.8,-99.8,-99.8,-99.8,-99.8,-99.8
2022-01-25 21:00:00,1019.5,11.7,90.0,9.3,19.0,-99.8,-99.8,0.0,-99.8,-99.8,-99.8,-99.8,-99.8,-99.8,-99.8
2022-01-25 22:00:00,1019.7,11.6,90.0,9.5,23.0,-99.8,-99.8,0.0,-99.8,-99.8,-99.8,-99.8,-99.8,-99.8,-99.8
2022-01-25 23:00:00,1020.0,11.7,89.0,10.2,22.0,-99.8,-99.8,0.0,-99.8,-99.8,-99.8,-99.8,-99.8,-99.8,-99.8
2022-01-26 00:00:00,1019.9,11.7,90.0,9.7,22.0,-99.8,-99.8,0.0,-99.8,-99.8,-99.8,-99.8,-99.8,-99.8,-99.8
2022-01-26 01:00:00,1020.0,11.7,90.0,9.4,22.0,-99.8,-99.8,0.0,-99.8,-99.8,-99.8,-99.8,-99.8,-99.8,-99.8
2022-01-26 02:00:00,1019.4,11.6,89.0,9.5,22.0,-99.8,-99.8,0.0,-99.8,-99.8,-99.8,-99.8,-99.8,-99.8,-99.8
2022-01-26 03:00:00,1019.2,11.8,88.0,9.5,25.0,-99.8,-99.8,0.0,-99.8,-99.8,-99.8,-99.8,-99.8,-99.8,-99.8
2022-01-26 04:00:00,1018.8,11.7,89.0,9.2,24.0,-99.8,-99.8,0.0,-99.8,-99.8,-99.8,-99.8,-99.8,-99.8,-99.8
2022-01-26 05:00:00,1019.0,11.8,88.0,9.9,21.0,-99.8,-99.8,0.0,-99.8,-99.8,-99.8,-99.8,-99.8,-99.8,-99.8
2022-01-26 06:00:00,1019.4,11.6,89.0,9.9,23.0,-99.8,-99.8,0.0,-99.8,-99.8,-99.8,-99.8,-99.8,-99.8,-99.8
2022-01-26 07:00:00,1019.7,11.3,92.0,10.4,21.0,-99.8,-99.8,0.0,-99.8,-99.8,-99.8,-99.8,-99.8,-99.8,-99.8
2022-01-26 08:00:00,1020.2,11.2,93.0,9.4,17.0,-99.8,-99.8,0.0,-99.8,-99.8,-99.8,-99.8,-99.8,-99.8,-99.8
2022-01-26 09:00:00,1020.8,11.3,93.0,9.5,16.0,-99.8,-99.8,0.0,-99.8,-99.8,-99.8,-99.8,-99.8,-99.8,-99.8
2022-01-26 10:00:00,1020.9,11.6,92.0,8.8,20.0,-99.8,-99.8,0.0,-99.8,-99.8,-99.8,-99.8,-99.8,-99.8,-99.8
2022-01-26 11:00:00,1020.3,11.8,91.0,9.5,21.0,-99.8,-99.8,0.0,-99.8,-99.8,-99.8,-99.8,-99.8,-99.8,-99.8
2022-01-26 12:00:00,1019.3,12.0,90.0,9.6,20.0,-99.8,-99.8,0.0,-99.8,-99.8,-99.8,-99.8,-99.8,-99.8,-99.8
2022-01-26 13:00:00,1018.2,11.8,90.0,8.8,18.0,-99.8,-99.8,0.0,-99.8,-99.8,-99.8,-99.8,-99.8,-99.8,-99.8
2022-01-26 14:00:00,1017.8,11.9,90.0,9.6,14.0,-99.8,-99.8,0.0,-99.8,-99.8,-99.8,-99.8,-99.8,-99.8,-99.8
2022-01-26 15:00:00,-9999.7,-99.7,-9997.0,-99.7,-999.7,-99.8,-99.8,0.0,-99.8,-99.8,-99.8,-99.8,-99.8,-99.8,-99.8
2022-01-26 16:00:00,1017.5,12.3,92.0,8.6,14.0,-99.8,-99.8,0.0,-99.8,-99.8,-99.8,-99.8,-99.8,-99.8,-99.8
2022-01-26 17:00:00,1018.0,12.3,92.0,7.0,19.0,-99.8,-99.8,0.0,-99.8,-99.8,-99.8,-99.8,-99.8,-99.8,-99.8
2022-01-26 18:00:00,1018.1,12.4,91.0,7.9,20.0,-99.8,-99.8,0.0,-99.8,-99.8,-99.8,-99.8,-99.8,-99.8,-99.8
2022-01-26 19:00:00,1018.6,12.4,91.0,7.6,20.0,-99.8,-99.8,0.0,-99.8,-99.8,-99.8,-99.8,-99.8,-99.8,-99.8
2022-01-26 20:00:00,1018.6,12.2,91.0,8.3,23.0,-99.8,-99.8,0.0,-99.8,-99.8,-99.8,-99.8,-99.8,-99.8,-99.8
2022-01-26 21:00:00,1018.6,12.3,91.0,7.5,17.0,-99.8,-99.8,0.0,-99.8,-99.8,-99.8,-99.8,-99.8,-99.8,-99.8
2022-01-26 22:00:00,1019.0,12.5,91.0,7.1,12.0,-99.8,-99.8,0.0,-99.8,-99.8,-99.8,-99.8,-99.8,-99.8,-99.8
2022-01-26 23:00:00,1019.0,12.7,92.0,5.5,4.0,-99.8,-99.8,0.0,-99.8,-99.8,-99.8,-99.8,-99.8,-99.8,-99.8
2022-01-27 00:00:00,1018.6,12.9,91.0,6.3,12.0,-99.8,-99.8,0.0,-99.8,-99.8,-99.8,-99.8,-99.8,-99.8,-99.8
2022-01-27 01:00:00,1018.3,13.0,92.0,5.0,13.0,-99.8,-99.8,0.0,-99.8,-99.8,-99.8,-99.8,-99.8,-99.8,-99.8
2022-01-27 02:00:00,1018.2,12.8,93.0,4.5,11.0,-99.8,-99.8,0.0,-99.8,-99.8,-99.8,-99.8,-99.8,-99.8,-99.8
2022-01-27 03:00:00,1017.9,12.8,93.0,4.6,17.0,-99.8,-99.8,0.0,-99.8,-99.8,-99.8,-99.8,-99.8,-99.8,-99.8
2022-01-27 04:00:00,1018.0,12.9,93.0,3.9,359.0,-99.8,-99.8,0.0,-99.8,-99.8,-99.8,-99.8,-99.8,-99.8,-99.8
2022-01-27 05:00:00,1017.9,13.0,93.0,3.4,25.0,-99.8,-99.8,0.0,-99.8,-99.8,-99.8,-99.8,-99.8,-99.8,-99.8
2022-01-27 06:00:00,1018.2,12.9,92.0,1.8,357.0,-99.8,-99.8,0.0,-99.8,-99.8,-99.8,-99.8,-99.8,-99.8,-99.8
2022-01-27 07:00:00,1018.1,13.0,91.0,3.7,28.0,-99.8,-99.8,0.0,-99.8,-99.8,-99.8,-99.8,-99.8,-99.8,-99.8
2022-01-27 08:00:00,1019.0,12.9,92.0,4.0,4.0,-99.8,-99.8,0.0,-99.8,-99.8,-99.8,-99.8,-99.8,-99.8,-99.8
2022-01-27 09:00:00,1019.1,13.2,90.0,5.1,26.0,-99.8,-99.8,0.0,-99.8,-99.8,-99.8,-99.8,-99.8,-99.8,-99.8
2022-01-27 10:00:00,1019.2,12.9,94.0,4.8,30.0,-99.8,-99.8,0.0,-99.8,-99.8,-99.8,-99.8,-99.8,-99.8,-99.8
2022-01-27 11:00:00,1019.0,12.6,96.0,5.3,25.0,-99.8,-99.8,0.0,-99.8,-99.8,-99.8,-99.8,-99.8,-99.8,-99.8
2022-01-27 12:00:00,1018.6,12.5,97.0,7.0,27.0,-99.8,-99.8,0.0,-99.8,-99.8,-99.8,-99.8,-99.8,-99.8,-99.8
2022-01-27 13:00:00,1018.0,12.5,96.0,7.1,30.0,-99.8,-99.8,0.0,-99.8,-99.8,-99.8,-99.8,-99.8,-99.8,-99.8
2022-01-27 14:00:00,1017.5,12.6,95.0,6.2,29.0,-99.8,-99.8,0.0,-99.8,-99.8,-99.8,-99.8,-99.8,-99.8,-99.8
2022-01-27 15:00:00,1017.3,12.7,94.0,7.2,27.0,-99.8,-99.8,0.0,-99.8,-99.8,-99.8,-99.8,-99.8,-99.8,-99.8
2022-01-27 16:00:00,1017.5,12.8,94.0,7.8,30.0,-99.8,-99.8,0.0,-99.8,-99.8,-99.8,-99.8,-99.8,-99.8,-99.8
2022-01-27 17:00:00,1017.9,12.5,94.0,9.2,30.0,-99.8,-99.8,0.0,-99.8,-99.8,-99.8,-99.8,-99.8,-99.8,-99.8
2022-01-27 18:00:00,1018.6,12.2,94.0,10.4,28.0,-99.8,-99.8,0.0,-99.8,-99.8,-99.8,-99.8,-99.8,-99.8,-99.8
2022-01-27 19:00:00,1019.1,12.0,94.0,10.3,27.0,-99.8,-99.8,0.0,-99.8,-99.8,-99.8,-99.8,-99.8,-99.8,-99.8
2022-01-27 20:00:00,1019.6,12.0,93.0,10.8,28.0,-99.8,-99.8,0.0,-99.8,-99.8,-99.8,-99.8,-99.8,-99.8,-99.8
2022-01-27 21:00:00,1020.2,12.0,93.0,9.2,31.0,-99.8,-99.8,0.0,-99.8,-99.8,-99.8,-99.8,-99.8,-99.8,-99.8
2022-01-27 22:00:00,1020.3,11.8,91.0,11.2,28.0,-99.8,-99.8,0.0,-99.8,-99.8,-99.8,-99.8,-99.8,-99.8,-99.8
2022-01-27 23:00:00,1020.6,11.7,92.0,10.6,26.0,-99.8,-99.8,0.0,-99.8,-99.8,-99.8,-99.8,-99.8,-99.8,-99.8
2022-01-28 00:00:00,1021.0,11.5,90.0,11.3,27.0,-99.8,-99.8,0.0,-99.8,-99.8,-99.8,-99.8,-99.8,-99.8,-99.8
2022-01-28 01:00:00,1020.6,11.6,90.0,10.9,28.0,-99.8,-99.8,0.0,-99.8,-99.8,-99.8,-99.8,-99.8,-99.8,-99.8
2022-01-28 02:00:00,1020.2,11.2,91.0,11.7,25.0,-99.8,-99.8,0.0,-99.8,-99.8,-99.8,-99.8,-99.8,-99.8,-99.8
2022-01-28 03:00:00,1019.8,11.0,91.0,11.4,25.0,-99.8,-99.8,0.0,-99.8,-99.8,-99.8,-99.8,-99.8,-99.8,-99.8
2022-01-28 04:00:00,1019.8,11.2,90.0,10.9,25.0,-99.8,-99.8,0.0,-99.8,-99.8,-99.8,-99.8,-99.8,-99.8,-99.8
2022-01-28 05:00:00,1019.9,11.0,91.0,10.7,28.0,-99.8,-99.8,0.0,-99.8,-99.8,-99.8,-99.8,-99.8,-99.8,-99.8
2022-01-28 06:00:00,1020.1,10.8,92.0,12.0,24.0,-99.8,-99.8,0.0,-99.8,-99.8,-99.8,-99.8,-99.8,-99.8,-99.8
2022-01-28 07:00:00,1020.6,10.8,91.0,12.4,26.0,-99.8,-99.8,0.0,-99.8,-99.8,-99.8,-99.8,-99.8,-99.8,-99.8
2022-01-28 08:00:00,1021.1,10.5,93.0,12.4,28.0,-99.8,-99.8,0.0,-99.8,-99.8,-99.8,-99.8,-99.8,-99.8,-99.8
2022-01-28 09:00:00,1021.2,10.5,93.0,13.7,29.0,-99.8,-99.8,0.0,-99.8,-99.8,-99.8,-99.8,-99.8,-99.8,-99.8
2022-01-28 10:00:00,1021.5,10.5,91.0,12.8,29.0,-99.8,-99.8,0.0,-99.8,-99.8,-99.8,-99.8,-99.8,-99.8,-99.8
2022-01-28 11:00:00,1020.8,10.7,89.0,12.3,28.0,-99.8,-99.8,0.0,-99.8,-99.8,-99.8,-99.8,-99.8,-99.8,-99.8
2022-01-28 12:00:00,1020.2,10.3,87.0,12.6,29.0,-99.8,-99.8,0.0,-99.8,-99.8,-99.8,-99.8,-99.8,-99.8,-99.8
2022-01-28 13:00:00,1019.8,10.1,88.0,12.2,25.0,-99.8,-99.8,0.0,-99.8,-99.8,-99.8,-99.8,-99.8,-99.8,-99.8
2022-01-28 14:00:00,1019.1,10.3,86.0,11.8,25.0,-99.8,-99.8,0.0,-99.8,-99.8,-99.8,-99.8,-99.8,-99.8,-99.8
2022-01-28 15:00:00,1018.6,10.1,86.0,11.3,23.0,-99.8,-99.8,0.0,-99.8,-99.8,-99.8,-99.8,-99.8,-99.8,-99.8
2022-01-28 16:00:00,1018.4,9.9,90.0,11.1,28.0,-99.8,-99.8,0.0,-99.8,-99.8,-99.8,-99.8,-99.8,-99.8,-99.8
2022-01-28 17:00:00,1018.6,9.9,92.0,11.1,28.0,-99.8,-99.8,0.0,-99.8,-99.8,-99.8,-99.8,-99.8,-99.8,-99.8
2022-01-28 18:00:00,1018.8,10.1,91.0,10.8,26.0,-99.8,-99.8,0.0,-99.8,-99.8,-99.8,-99.8,-99.8,-99.8,-99.8
2022-01-28 19:00:00,1019.1,10.3,88.0,11.4,24.0,-99.8,-99.8,0.0,-99.8,-99.8,-99.8,-99.8,-99.8,-99.8,-99.8
2022-01-28 20:00:00,1020.0,10.5,88.0,10.2,23.0,-99.8,-99.8,0.0,-99.8,-99.8,-99.8,-99.8,-99.8,-99.8,-99.8
2022-01-28 21:00:00,1019.8,10.2,87.0,12.0,23.0,-99.8,-99.8,0.0,-99.8,-99.8,-99.8,-99.8,-99.8,-99.8,-99.8
2022-01-28 22:00:00,1019.1,9.8,91.0,12.3,21.0,-99.8,-99.8,0.0,-99.8,-99.8,-99.8,-99.8,-99.8,-99.8,-99.8
2022-01-28 23:00:00,1019.1,10.2,90.0,11.7,23.0,-99.8,-99.8,0.0,-99.8,-99.8,-99.8,-99.8,-99.8,-99.8,-99.8
2022-01-29 00:00:00,1018.5,10.2,90.0,11.1,26.0,-99.8,-99.8,0.0,-99.8,-99.8,-99.8,-99.8,-99.8,-99.8,-99.8
2022-01-29 01:00:00,1018.1,10.0,89.0,12.0,23.0,-99.8,-99.8,0.0,-99.8,-99.8,-99.8,-99.8,-99.8,-99.8,-99.8
2022-01-29 02:00:00,1018.0,9.8,90.0,11.7,24.0,-99.8,-99.8,0.0,-99.8,-99.8,-99.8,-99.8,-99.8,-99.8,-99.8
2022-01-29 03:00:00,1017.5,9.5,92.0,10.3,27.0,-99.8,-99.8,0.0,-99.8,-99.8,-99.8,-99.8,-99.8,-99.8,-99.8
2022-01-29 04:00:00,1017.0,9.3,94.0,11.2,26.0,-99.8,-99.8,0.0,-99.8,-99.8,-99.8,-99.8,-99.8,-99.8,-99.8
2022-01-29 05:00:00,1016.7,9.4,92.0,12.2,26.0,-99.8,-99.8,0.0,-99.8,-99.8,-99.8,-99.8,-99.8,-99.8,-99.8
2022-01-29 06:00:00,1017.0,9.6,90.0,11.3,28.0,-99.8,-99.8,0.0,-99.8,-99.8,-99.8,-99.8,-99.8,-99.8,-99.8
2022-01-29 07:00:00,1017.7,9.6,89.0,12.0,23.0,-99.8,-99.8,0.0,-99.8,-99.8,-99.8,-99.8,-99.8,-99.8,-99.8
2022-01-29 08:00:00,1018.2,9.4,88.0,12.0,29.0,-99.8,-99.8,0.0,-99.8,-99.8,-99.8,-99.8,-99.8,-99.8,-99.8
2022-01-29 09:00:00,1018.5,9.3,88.0,10.4,34.0,-99.8,-99.8,0.0,-99.8,-99.8,-99.8,-99.8,-99.8,-99.8,-99.8
2022-01-29 10:00:00,1018.9,9.4,86.0,11.7,27.0,-99.8,-99.8,0.0,-99.8,-99.8,-99.8,-99.8,-99.8,-99.8,-99.8
2022-01-29 11:00:00,1018.6,10.0,84.0,11.1,27.0,-99.8,-99.8,0.0,-99.8,-99.8,-99.8,-99.8,-99.8,-99.8,-99.8
2022-01-29 12:00:00,1017.3,9.7,85.0,10.8,25.0,-99.8,-99.8,0.0,-99.8,-99.8,-99.8,-99.8,-99.8,-99.8,-99.8
2022-01-29 13:00:00,1015.9,9.6,86.0,10.1,28.0,-99.8,-99.8,0.0,-99.8,-99.8,-99.8,-99.8,-99.8,-99.8,-99.8
2022-01-29 14:00:00,1015.3,9.6,87.0,9.8,26.0,-99.8,-99.8,0.0,-99.8,-99.8,-99.8,-99.8,-99.8,-99.8,-99.8
2022-01-29 15:00:00,1014.7,9.6,86.0,11.1,25.0,-99.8,-99.8,0.0,-99.8,-99.8,-99.8,-99.8,-99.8,-99.8,-99.8
2022-01-29 16:00:00,1014.5,9.6,85.0,11.4,26.0,-99.8,-99.8,0.0,-99.8,-99.8,-99.8,-99.8,-99.8,-99.8,-99.8
2022-01-29 17:00:00,1014.2,9.4,85.0,11.7,29.0,-99.8,-99.8,0.0,-99.8,-99.8,-99.8,-99.8,-99.8,-99.8,-99.8
2022-01-29 18:00:00,1015.2,9.5,85.0,11.5,29.0,-99.8,-99.8,0.0,-99.8,-99.8,-99.8,-99.8,-99.8,-99.8,-99.8
2022-01-29 19:00:00,1015.6,9.7,87.0,11.6,25.0,-99.8,-99.8,0.0,-99.8,-99.8,-99.8,-99.8,-99.8,-99.8,-99.8
2022-01-29 20:00:00,1016.5,9.5,88.0,11.0,25.0,-99.8,-99.8,0.0,-99.8,-99.8,-99.8,-99.8,-99.8,-99.8,-99.8
2022-01-29 21:00:00,1016.8,9.4,88.0,11.8,23.0,-99.8,-99.8,0.0,-99.8,-99.8,-99.8,-99.8,-99.8,-99.8,-99.8
2022-01-29 22:00:00,1016.9,9.5,87.0,12.5,22.0,-99.8,-99.8,0.0,-99.8,-99.8,-99.8,-99.8,-99.8,-99.8,-99.8
2022-01-29 23:00:00,1016.7,9.3,86.0,12.2,24.0,-99.8,-99.8,0.0,-99.8,-99.8,-99.8,-99.8,-99.8,-99.8,-99.8
2022-01-30 00:00:00,1016.5,9.2,86.0,11.1,23.0,-99.8,-99.8,0.0,-99.8,-99.8,-99.8,-99.8,-99.8,-99.8,-99.8
2022-01-30 01:00:00,1016.0,9.6,84.0,10.1,25.0,-99.8,-99.8,0.0,-99.8,-99.8,-99.8,-99.8,-99.8,-99.8,-99.8
2022-01-30 02:00:00,1015.9,9.2,86.0,10.4,25.0,-99.8,-99.8,0.0,-99.8,-99.8,-99.8,-99.8,-99.8,-99.8,-99.8
2022-01-30 03:00:00,1016.0,9.2,86.0,10.3,24.0,-99.8,-99.8,0.0,-99.8,-99.8,-99.8,-99.8,-99.8,-99.8,-99.8
2022-01-30 04:00:00,1016.4,9.0,90.0,10.7,20.0,-99.8,-99.8,0.0,-99.8,-99.8,-99.8,-99.8,-99.8,-99.8,-99.8
2022-01-30 05:00:00,1016.4,8.5,93.0,10.5,23.0,-99.8,-99.8,0.0,-99.8,-99.8,-99.8,-99.8,-99.8,-99.8,-99.8
2022-01-30 06:00:00,1017.2,8.9,89.0,10.2,27.0,-99.8,-99.8,0.5,-99.8,-99.8,-99.8,-99.8,-99.8,-99.8,-99.8
2022-01-30 07:00:00,1018.2,9.4,83.0,10.8,29.0,-99.8,-99.8,0.0,-99.8,-99.8,-99.8,-99.8,-99.8,-99.8,-99.8
2022-01-30 08:00:00,1019.1,9.0,87.0,10.3,27.0,-99.8,-99.8,0.0,-99.8,-99.8,-99.8,-99.8,-99.8,-99.8,-99.8
2022-01-30 09:00:00,1020.3,8.7,88.0,9.3,28.0,-99.8,-99.8,0.0,-99.8,-99.8,-99.8,-99.8,-99.8,-99.8,-99.8
2022-01-30 10:00:00,1021.0,9.4,82.0,8.5,30.0,-99.8,-99.8,0.0,-99.8,-99.8,-99.8,-99.8,-99.8,-99.8,-99.8
2022-01-30 11:00:00,1020.9,9.1,85.0,9.9,30.0,-99.8,-99.8,0.0,-99.8,-99.8,-99.8,-99.8,-99.8,-99.8,-99.8
2022-01-30 12:00:00,1020.5,8.8,88.0,8.7,34.0,-99.8,-99.8,0.0,-99.8,-99.8,-99.8,-99.8,-99.8,-99.8,-99.8
2022-01-30 13:00:00,1019.9,10.0,81.0,7.4,35.0,-99.8,-99.8,0.0,-99.8,-99.8,-99.8,-99.8,-99.8,-99.8,-99.8
2022-01-30 14:00:00,1019.6,10.2,75.0,7.4,34.0,-99.8,-99.8,0.0,-99.8,-99.8,-99.8,-99.8,-99.8,-99.8,-99.8
2022-01-30 15:00:00,1019.7,9.8,71.0,8.4,30.0,-99.8,-99.8,0.0,-99.8,-99.8,-99.8,-99.8,-99.8,-99.8,-99.8
2022-01-30 16:00:00,1020.1,9.8,67.0,7.5,33.0,-99.8,-99.8,0.0,-99.8,-99.8,-99.8,-99.8,-99.8,-99.8,-99.8
2022-01-30 17:00:00,1020.7,9.7,71.0,7.7,33.0,-99.8,-99.8,0.0,-99.8,-99.8,-99.8,-99.8,-99.8,-99.8,-99.8
2022-01-30 18:00:00,1021.1,9.8,71.0,7.8,34.0,-99.8,-99.8,0.0,-99.8,-99.8,-99.8,-99.8,-99.8,-99.8,-99.8
2022-01-30 19:00:00,1022.4,9.9,70.0,7.6,33.0,-99.8,-99.8,0.0,-99.8,-99.8,-99.8,-99.8,-99.8,-99.8,-99.8
2022-01-30 20:00:00,1023.2,9.9,68.0,8.3,34.0,-99.8,-99.8,0.0,-99.8,-99.8,-99.8,-99.8,-99.8,-99.8,-99.8
2022-01-30 21:00:00,1023.3,9.9,67.0,8.7,35.0,-99.8,-99.8,0.0,-99.8,-99.8,-99.8,-99.8,-99.8,-99.8,-99.8
2022-01-30 22:00:00,1022.6,9.7,66.0,10.1,33.0,-99.8,-99.8,0.0,-99.8,-99.8,-99.8,-99.8,-99.8,-99.8,-99.8
2022-01-30 23:00:00,1024.1,9.5,68.0,8.1,35.0,-99.8,-99.8,0.0,-99.8,-99.8,-99.8,-99.8,-99.8,-99.8,-99.8
2022-01-31 00:00:00,1024.1,9.3,69.0,7.7,33.0,-99.8,-99.8,0.0,-99.8,-99.8,-99.8,-99.8,-99.8,-99.8,-99.8
2022-01-31 01:00:00,1024.3,8.8,68.0,7.6,34.0,-99.8,-99.8,0.0,-99.8,-99.8,-99.8,-99.8,-99.8,-99.8,-99.8
2022-01-31 02:00:00,1024.0,8.4,70.0,9.9,30.0,-99.8,-99.8,0.0,-99.8,-99.8,-99.8,-99.8,-99.8,-99.8,-99.8
2022-01-31 03:00:00,1023.1,8.1,70.0,8.0,33.0,-99.8,-99.8,0.0,-99.8,-99.8,-99.8,-99.8,-99.8,-99.8,-99.8
2022-01-31 04:00:00,1022.5,7.7,71.0,7.2,36.0,-99.8,-99.8,0.0,-99.8,-99.8,-99.8,-99.8,-99.8,-99.8,-99.8
2022-01-31 05:00:00,1022.3,7.5,71.0,8.4,34.0,-99.8,-99.8,0.0,-99.8,-99.8,-99.8,-99.8,-99.8,-99.8,-99.8
2022-01-31 06:00:00,1023.2,7.5,68.0,8.6,32.0,-99.8,-99.8,0.0,-99.8,-99.8,-99.8,-99.8,-99.8,-99.8,-99.8
2022-01-31 07:00:00,1024.2,8.0,70.0,8.1,32.0,-99.8,-99.8,0.0,-99.8,-99.8,-99.8,-99.8,-99.8,-99.8,-99.8
2022-01-31 08:00:00,1024.7,8.1,70.0,9.4,28.0,-99.8,-99.8,0.0,-99.8,-99.8,-99.8,-99.8,-99.8,-99.8,-99.8
2022-01-31 09:00:00,1025.0,8.5,72.0,9.6,29.0,-99.8,-99.8,0.0,-99.8,-99.8,-99.8,-99.8,-99.8,-99.8,-99.8
2022-01-31 10:00:00,1024.5,9.2,77.0,12.6,16.0,-99.8,-99.8,0.0,-99.8,-99.8,-99.8,-99.8,-99.8,-99.8,-99.8
2022-01-31 11:00:00,1024.1,8.6,77.0,12.5,15.0,-99.8,-99.8,0.0,-99.8,-99.8,-99.8,-99.8,-99.8,-99.8,-99.8
2022-01-31 12:00:00,1023.7,8.2,77.0,13.0,14.0,-99.8,-99.8,0.0,-99.8,-99.8,-99.8,-99.8,-99.8,-99.8,-99.8
2022-01-31 13:00:00,1022.9,8.5,76.0,12.0,17.0,-99.8,-99.8,0.0,-99.8,-99.8,-99.8,-99.8,-99.8,-99.8,-99.8
2022-01-31 14:00:00,1022.3,8.8,74.0,11.1,19.0,-99.8,-99.8,0.0,-99.8,-99.8,-99.8,-99.8,-99.8,-99.8,-99.8
2022-01-31 15:00:00,1022.8,9.0,73.0,9.5,21.0,-99.8,-99.8,0.0,-99.8,-99.8,-99.8,-99.8,-99.8,-99.8,-99.8
2022-01-31 16:00:00,1022.8,9.2,72.0,9.6,21.0,-99.8,-99.8,0.0,-99.8,-99.8,-99.8,-99.8,-99.8,-99.8,-99.8
2022-01-31 17:00:00,1022.4,9.4,70.0,9.1,27.0,-99.8,-99.8,0.0,-99.8,-99.8,-99.8,-99.8,-99.8,-99.8,-99.8
2022-01-31 18:00:00,1022.5,9.7,74.0,9.9,22.0,-99.8,-99.8,0.0,-99.8,-99.8,-99.8,-99.8,-99.8,-99.8,-99.8
2022-01-31 19:00:00,1022.8,9.5,77.0,10.1,26.0,-99.8,-99.8,0.0,-99.8,-99.8,-99.8,-99.8,-99.8,-99.8,-99.8
2022-01-31 20:00:00,1022.8,9.4,78.0,10.6,26.0,-99.8,-99.8,0.0,-99.8,-99.8,-99.8,-99.8,-99.8,-99.8,-99.8
2022-01-31 21:00:00,1022.8,9.7,79.0,11.2,22.0,-99.8,-99.8,0.0,-99.8,-99.8,-99.8,-99.8,-99.8,-99.8,-99.8
2022-01-31 22:00:00,1023.0,9.9,78.0,11.8,23.0,-99.8,-99.8,0.0,-99.8,-99.8,-99.8,-99.8,-99.8,-99.8,-99.8
2022-01-31 23:00:00,1023.2,9.9,78.0,11.9,22.0,-99.8,-99.8,0.0,-99.8,-99.8,-99.8,-99.8,-99.8,-99.8,-99.8
2022-02-01 00:00:00,1022.6,9.7,79.0,11.3,18.0,-99.8,-99.8,0.0,-99.8,-99.8,-99.8,-99.8,-99.8,-99.8,-99.8
2022-02-01 01:00:00,1022.5,9.6,82.0,11.1,16.0,-99.8,-99.8,0.0,-99.8,-99.8,-99.8,-99.8,-99.8,-99.8,-99.8
2022-02-01 02:00:00,1021.8,9.6,84.0,10.9,19.0,-99.8,-99.8,0.0,-99.8,-99.8,-99.8,-99.8,-99.8,-99.8,-99.8
2022-02-01 03:00:00,1021.2,9.6,84.0,11.3,21.0,-99.8,-99.8,0.0,-99.8,-99.8,-99.8,-99.8,-99.8,-99.8,-99.8
2022-02-01 04:00:00,1021.1,9.5,85.0,11.2,18.0,-99.8,-99.8,0.0,-99.8,-99.8,-99.8,-99.8,-99.8,-99.8,-99.8
2022-02-01 05:00:00,1020.4,9.3,89.0,10.8,23.0,-99.8,-99.8,0.0,-99.8,-99.8,-99.8,-99.8,-99.8,-99.8,-99.8
2022-02-01 06:00:00,1021.3,9.5,89.0,11.3,19.0,-99.8,-99.8,0.0,-99.8,-99.8,-99.8,-99.8,-99.8,-99.8,-99.8
2022-02-01 07:00:00,1021.5,9.5,90.0,12.0,18.0,-99.8,-99.8,0.0,-99.8,-99.8,-99.8,-99.8,-99.8,-99.8,-99.8
2022-02-01 08:00:00,1021.6,9.7,91.0,11.4,16.0,-99.8,-99.8,0.5,-99.8,-99.8,-99.8,-99.8,-99.8,-99.8,-99.8
2022-02-01 09:00:00,1022.2,10.0,92.0,11.2,17.0,-99.8,-99.8,0.0,-99.8,-99.8,-99.8,-99.8,-99.8,-99.8,-99.8
2022-02-01 10:00:00,1022.6,9.9,91.0,12.5,18.0,-99.8,-99.8,0.5,-99.8,-99.8,-99.8,-99.8,-99.8,-99.8,-99.8
2022-02-01 11:00:00,1022.0,10.2,89.0,12.8,20.0,-99.8,-99.8,0.0,-99.8,-99.8,-99.8,-99.8,-99.8,-99.8,-99.8
2022-02-01 12:00:00,1022.2,10.1,88.0,13.2,15.0,-99.8,-99.8,0.0,-99.8,-99.8,-99.8,-99.8,-99.8,-99.8,-99.8
2022-02-01 13:00:00,1021.4,9.9,89.0,12.5,22.0,-99.8,-99.8,1.0,-99.8,-99.8,-99.8,-99.8,-99.8,-99.8,-99.8
2022-02-01 14:00:00,1020.8,9.8,90.0,12.6,20.0,-99.8,-99.8,0.0,-99.8,-99.8,-99.8,-99.8,-99.8,-99.8,-99.8
2022-02-01 15:00:00,1020.4,9.8,89.0,12.2,25.0,-99.8,-99.8,0.0,-99.8,-99.8,-99.8,-99.8,-99.8,-99.8,-99.8
2022-02-01 16:00:00,1020.9,9.6,88.0,12.3,26.0,-99.8,-99.8,0.0,-99.8,-99.8,-99.8,-99.8,-99.8,-99.8,-99.8
2022-02-01 17:00:00,1021.6,9.3,89.0,12.3,25.0,-99.8,-99.8,0.5,-99.8,-99.8,-99.8,-99.8,-99.8,-99.8,-99.8
2022-02-01 18:00:00,1021.9,9.2,85.0,12.8,29.0,-99.8,-99.8,0.0,-99.8,-99.8,-99.8,-99.8,-99.8,-99.8,-99.8
2022-02-01 19:00:00,1022.9,9.4,89.0,12.2,23.0,-99.8,-99.8,0.0,-99.8,-99.8,-99.8,-99.8,-99.8,-99.8,-99.8
2022-02-01 20:00:00,1023.4,8.8,92.0,12.9,28.0,-99.8,-99.8,0.5,-99.8,-99.8,-99.8,-99.8,-99.8,-99.8,-99.8
2022-02-01 21:00:00,1023.8,9.3,91.0,12.2,28.0,-99.8,-99.8,0.0,-99.8,-99.8,-99.8,-99.8,-99.8,-99.8,-99.8
2022-02-01 22:00:00,1024.2,9.1,89.0,12.4,22.0,-99.8,-99.8,0.0,-99.8,-99.8,-99.8,-99.8,-99.8,-99.8,-99.8
2022-02-01 23:00:00,1023.8,9.3,88.0,12.7,24.0,-99.8,-99.8,0.0,-99.8,-99.8,-99.8,-99.8,-99.8,-99.8,-99.8
2022-02-02 00:00:00,1023.7,9.2,88.0,12.2,21.0,-99.8,-99.8,0.0,-99.8,-99.8,-99.8,-99.8,-99.8,-99.8,-99.8
2022-02-02 01:00:00,1023.4,8.8,89.0,12.1,23.0,-99.8,-99.8,0.0,-99.8,-99.8,-99.8,-99.8,-99.8,-99.8,-99.8
2022-02-02 02:00:00,1023.1,8.8,89.0,11.6,23.0,-99.8,-99.8,0.0,-99.8,-99.8,-99.8,-99.8,-99.8,-99.8,-99.8
2022-02-02 03:00:00,1022.9,8.6,91.0,11.4,23.0,-99.8,-99.8,0.0,-99.8,-99.8,-99.8,-99.8,-99.8,-99.8,-99.8
2022-02-02 04:00:00,1022.9,8.7,91.0,10.5,23.0,-99.8,-99.8,0.0,-99.8,-99.8,-99.8,-99.8,-99.8,-99.8,-99.8
2022-02-02 05:00:00,1022.5,9.0,89.0,11.3,24.0,-99.8,-99.8,0.0,-99.8,-99.8,-99.8,-99.8,-99.8,-99.8,-99.8
2022-02-02 06:00:00,1023.0,9.1,90.0,11.5,20.0,-99.8,-99.8,0.0,-99.8,-99.8,-99.8,-99.8,-99.8,-99.8,-99.8
2022-02-02 07:00:00,1023.0,9.0,93.0,10.9,23.0,-99.8,-99.8,0.0,-99.8,-99.8,-99.8,-99.8,-99.8,-99.8,-99.8
2022-02-02 08:00:00,1023.4,9.2,88.0,11.0,26.0,-99.8,-99.8,0.0,-99.8,-99.8,-99.8,-99.8,-99.8,-99.8,-99.8
2022-02-02 09:00:00,1022.8,9.2,87.0,11.5,29.0,-99.8,-99.8,0.0,-99.8,-99.8,-99.8,-99.8,-99.8,-99.8,-99.8
2022-02-02 10:00:00,1023.5,9.4,87.0,12.1,20.0,-99.8,-99.8,0.0,-99.8,-99.8,-99.8,-99.8,-99.8,-99.8,-99.8
2022-02-02 11:00:00,1023.7,9.4,89.0,12.4,20.0,-99.8,-99.8,0.0,-99.8,-99.8,-99.8,-99.8,-99.8,-99.8,-99.8
2022-02-02 12:00:00,1022.7,9.2,92.0,12.0,18.0,-99.8,-99.8,0.0,-99.8,-99.8,-99.8,-99.8,-99.8,-99.8,-99.8
2022-02-02 13:00:00,1021.7,9.2,91.0,11.2,18.0,-99.8,-99.8,0.0,-99.8,-99.8,-99.8,-99.8,-99.8,-99.8,-99.8
2022-02-02 14:00:00,1020.9,9.4,89.0,10.8,21.0,-99.8,-99.8,0.0,-99.8,-99.8,-99.8,-99.8,-99.8,-99.8,-99.8
2022-02-02 15:00:00,1020.5,9.6,87.0,11.2,21.0,-99.8,-99.8,0.0,-99.8,-99.8,-99.8,-99.8,-99.8,-99.8,-99.8
2022-02-02 16:00:00,1020.3,9.5,86.0,12.1,24.0,-99.8,-99.8,0.0,-99.8,-99.8,-99.8,-99.8,-99.8,-99.8,-99.8
2022-02-02 17:00:00,1020.6,9.2,87.0,11.7,23.0,-99.8,-99.8,0.0,-99.8,-99.8,-99.8,-99.8,-99.8,-99.8,-99.8
2022-02-02 18:00:00,1019.8,9.2,88.0,11.7,28.0,-99.8,-99.8,0.5,-99.8,-99.8,-99.8,-99.8,-99.8,-99.8,-99.8
2022-02-02 19:00:00,1020.4,9.5,87.0,11.0,24.0,-99.8,-99.8,0.0,-99.8,-99.8,-99.8,-99.8,-99.8,-99.8,-99.8
2022-02-02 20:00:00,1021.2,9.3,89.0,10.6,24.0,-99.8,-99.8,0.0,-99.8,-99.8,-99.8,-99.8,-99.8,-99.8,-99.8
2022-02-02 21:00:00,1021.4,9.4,90.0,10.6,21.0,-99.8,-99.8,0.5,-99.8,-99.8,-99.8,-99.8,-99.8,-99.8,-99.8
2022-02-02 22:00:00,1021.5,9.4,89.0,11.4,21.0,-99.8,-99.8,0.0,-99.8,-99.8,-99.8,-99.8,-99.8,-99.8,-99.8
2022-02-02 23:00:00,1021.7,9.5,91.0,11.9,16.0,-99.8,-99.8,0.5,-99.8,-99.8,-99.8,-99.8,-99.8,-99.8,-99.8
2022-02-03 00:00:00,1021.5,9.8,89.0,10.9,18.0,-99.8,-99.8,0.0,-99.8,-99.8,-99.8,-99.8,-99.8,-99.8,-99.8
2022-02-03 01:00:00,1020.8,9.8,88.0,11.3,17.0,-99.8,-99.8,0.0,-99.8,-99.8,-99.8,-99.8,-99.8,-99.8,-99.8
2022-02-03 02:00:00,1020.4,9.5,87.0,11.4,23.0,-99.8,-99.8,0.5,-99.8,-99.8,-99.8,-99.8,-99.8,-99.8,-99.8
2022-02-03 03:00:00,1019.5,9.2,89.0,11.1,24.0,-99.8,-99.8,1.5,-99.8,-99.8,-99.8,-99.8,-99.8,-99.8,-99.8
2022-02-03 04:00:00,1019.4,9.5,89.0,11.8,20.0,-99.8,-99.8,0.0,-99.8,-99.8,-99.8,-99.8,-99.8,-99.8,-99.8
2022-02-03 05:00:00,1020.4,9.4,90.0,10.4,21.0,-99.8,-99.8,0.5,-99.8,-99.8,-99.8,-99.8,-99.8,-99.8,-99.8
2022-02-03 06:00:00,1019.8,9.4,91.0,10.6,23.0,-99.8,-99.8,1.0,-99.8,-99.8,-99.8,-99.8,-99.8,-99.8,-99.8
2022-02-03 07:00:00,1020.3,9.4,91.0,10.6,25.0,-99.8,-99.8,1.5,-99.8,-99.8,-99.8,-99.8,-99.8,-99.8,-99.8
2022-02-03 08:00:00,1020.0,9.3,90.0,11.5,24.0,-99.8,-99.8,0.5,-99.8,-99.8,-99.8,-99.8,-99.8,-99.8,-99.8
2022-02-03 09:00:00,1020.9,9.1,89.0,12.4,23.0,-99.8,-99.8,0.5,-99.8,-99.8,-99.8,-99.8,-99.8,-99.8,-99.8
2022-02-03 10:00:00,1021.2,9.2,91.0,11.7,21.0,-99.8,-99.8,2.0,-99.8,-99.8,-99.8,-99.8,-99.8,-99.8,-99.8
2022-02-03 11:00:00,1020.7,9.1,90.0,13.0,23.0,-99.8,-99.8,0.5,-99.8,-99.8,-99.8,-99.8,-99.8,-99.8,-99.8
2022-02-03 12:00:00,1021.0,9.3,88.0,12.4,19.0,-99.8,-99.8,1.0,-99.8,-99.8,-99.8,-99.8,-99.8,-99.8,-99.8
2022-02-03 13:00:00,1019.9,9.3,90.0,10.4,18.0,-99.8,-99.8,1.0,-99.8,-99.8,-99.8,-99.8,-99.8,-99.8,-99.8
2022-02-03 14:00:00,1018.9,8.8,89.0,11.0,25.0,-99.8,-99.8,1.0,-99.8,-99.8,-99.8,-99.8,-99.8,-99.8,-99.8
2022-02-03 15:00:00,1018.5,9.0,90.0,10.9,22.0,-99.8,-99.8,0.5,-99.8,-99.8,-99.8,-99.8,-99.8,-99.8,-99.8
2022-02-03 16:00:00,1018.4,9.1,84.0,12.0,24.0,-99.8,-99.8,0.0,-99.8,-99.8,-99.8,-99.8,-99.8,-99.8,-99.8
2022-02-03 17:00:00,1019.2,8.9,90.0,11.9,22.0,-99.8,-99.8,0.0,-99.8,-99.8,-99.8,-99.8,-99.8,-99.8,-99.8
2022-02-03 18:00:00,1020.0,9.0,91.0,10.8,20.0,-99.8,-99.8,0.0,-99.8,-99.8,-99.8,-99.8,-99.8,-99.8,-99.8
2022-02-03 19:00:00,1020.3,9.1,94.0,10.6,16.0,-99.8,-99.8,0.0,-99.8,-99.8,-99.8,-99.8,-99.8,-99.8,-99.8
2022-02-03 20:00:00,1020.6,9.2,92.0,10.8,24.0,-99.8,-99.8,0.0,-99.8,-99.8,-99.8,-99.8,-99.8,-99.8,-99.8
2022-02-03 21:00:00,1021.4,9.2,91.0,11.2,19.0,-99.8,-99.8,0.0,-99.8,-99.8,-99.8,-99.8,-99.8,-99.8,-99.8
2022-02-03 22:00:00,1021.2,9.1,88.0,12.0,24.0,-99.8,-99.8,0.0,-99.8,-99.8,-99.8,-99.8,-99.8,-99.8,-99.8
2022-02-03 23:00:00,1021.3,9.0,88.0,12.9,20.0,-99.8,-99.8,0.0,-99.8,-99.8,-99.8,-99.8,-99.8,-99.8,-99.8
2022-02-04 00:00:00,1021.0,9.0,89.0,12.3,21.0,-99.8,-99.8,0.0,-99.8,-99.8,-99.8,-99.8,-99.8,-99.8,-99.8
2022-02-04 01:00:00,1021.1,8.9,91.0,11.5,21.0,-99.8,-99.8,0.0,-99.8,-99.8,-99.8,-99.8,-99.8,-99.8,-99.8
2022-02-04 02:00:00,1021.2,8.8,92.0,11.2,20.0,-99.8,-99.8,0.0,-99.8,-99.8,-99.8,-99.8,-99.8,-99.8,-99.8
2022-02-04 03:00:00,1021.0,8.4,93.0,10.6,21.0,-99.8,-99.8,0.0,-99.8,-99.8,-99.8,-99.8,-99.8,-99.8,-99.8
2022-02-04 04:00:00,1021.0,8.4,92.0,10.3,22.0,-99.8,-99.8,0.0,-99.8,-99.8,-99.8,-99.8,-99.8,-99.8,-99.8
2022-02-04 05:00:00,1021.2,8.5,92.0,9.7,22.0,-99.8,-99.8,0.0,-99.8,-99.8,-99.8,-99.8,-99.8,-99.8,-99.8
2022-02-04 06:00:00,1021.8,8.8,89.0,10.5,25.0,-99.8,-99.8,0.0,-99.8,-99.8,-99.8,-99.8,-99.8,-99.8,-99.8
2022-02-04 07:00:00,1022.3,8.9,87.0,10.9,24.0,-99.8,-99.8,0.0,-99.8,-99.8,-99.8,-99.8,-99.8,-99.8,-99.8
2022-02-04 08:00:00,1023.1,8.8,89.0,10.3,25.0,-99.8,-99.8,0.0,-99.8,-99.8,-99.8,-99.8,-99.8,-99.8,-99.8
2022-02-04 09:00:00,1023.5,8.5,89.0,10.2,29.0,-99.8,-99.8,0.0,-99.8,-99.8,-99.8,-99.8,-99.8,-99.8,-99.8
2022-02-04 10:00:00,1024.3,9.2,84.0,10.5,24.0,-99.8,-99.8,0.0,-99.8,-99.8,-99.8,-99.8,-99.8,-99.8,-99.8
2022-02-04 11:00:00,1023.8,9.0,86.0,12.0,26.0,-99.8,-99.8,0.0,-99.8,-99.8,-99.8,-99.8,-99.8,-99.8,-99.8
2022-02-04 12:00:00,1023.6,9.7,75.0,11.4,25.0,-99.8,-99.8,0.0,-99.8,-99.8,-99.8,-99.8,-99.8,-99.8,-99.8
2022-02-04 13:00:00,1022.9,9.4,71.0,11.3,29.0,-99.8,-99.8,0.0,-99.8,-99.8,-99.8,-99.8,-99.8,-99.8,-99.8
2022-02-04 14:00:00,1022.7,9.7,74.0,11.2,25.0,-99.8,-99.8,0.0,-99.8,-99.8,-99.8,-99.8,-99.8,-99.8,-99.8
2022-02-04 15:00:00,-9999.7,-99.7,-9997.0,-99.7,-999.7,-99.8,-99.8,-999.6,-99.8,-99.8,-99.8,-99.8,-99.8,-99.8,-99.8
2022-02-04 16:00:00,1023.1,9.8,74.0,9.7,31.0,-99.8,-99.8,0.0,-99.8,-99.8,-99.8,-99.8,-99.8,-99.8,-99.8
2022-02-04 17:00:00,1023.5,9.7,74.0,10.3,29.0,-99.8,-99.8,0.0,-99.8,-99.8,-99.8,-99.8,-99.8,-99.8,-99.8
2022-02-04 18:00:00,1023.9,9.7,74.0,10.5,28.0,-99.8,-99.8,0.0,-99.8,-99.8,-99.8,-99.8,-99.8,-99.8,-99.8
2022-02-04 19:00:00,1024.7,9.8,72.0,8.8,34.0,-99.8,-99.8,0.0,-99.8,-99.8,-99.8,-99.8,-99.8,-99.8,-99.8
2022-02-04 20:00:00,1025.2,9.9,70.0,9.2,35.0,-99.8,-99.8,0.0,-99.8,-99.8,-99.8,-99.8,-99.8,-99.8,-99.8
2022-02-04 21:00:00,1025.3,10.3,70.0,9.2,33.0,-99.8,-99.8,0.0,-99.8,-99.8,-99.8,-99.8,-99.8,-99.8,-99.8
2022-02-04 22:00:00,1025.6,10.2,70.0,9.5,33.0,-99.8,-99.8,0.0,-99.8,-99.8,-99.8,-99.8,-99.8,-99.8,-99.8
2022-02-04 23:00:00,1025.6,10.2,69.0,9.6,34.0,-99.8,-99.8,0.0,-99.8,-99.8,-99.8,-99.8,-99.8,-99.8,-99.8
2022-02-05 00:00:00,1025.7,10.2,71.0,9.7,32.0,-99.8,-99.8,0.0,-99.8,-99.8,-99.8,-99.8,-99.8,-99.8,-99.8
2022-02-05 01:00:00,1025.7,9.8,70.0,9.8,32.0,-99.8,-99.8,0.0,-99.8,-99.8,-99.8,-99.8,-99.8,-99.8,-99.8
2022-02-05 02:00:00,1025.4,9.7,68.0,9.5,36.0,-99.8,-99.8,0.0,-99.8,-99.8,-99.8,-99.8,-99.8,-99.8,-99.8
2022-02-05 03:00:00,1025.3,9.7,70.0,9.7,31.0,-99.8,-99.8,0.0,-99.8,-99.8,-99.8,-99.8,-99.8,-99.8,-99.8
2022-02-05 04:00:00,1025.2,9.5,68.0,9.7,31.0,-99.8,-99.8,0.0,-99.8,-99.8,-99.8,-99.8,-99.8,-99.8,-99.8
2022-02-05 05:00:00,1025.5,9.3,69.0,9.1,33.0,-99.8,-99.8,0.0,-99.8,-99.8,-99.8,-99.8,-99.8,-99.8,-99.8
2022-02-05 06:00:00,1025.7,9.1,71.0,10.0,30.0,-99.8,-99.8,0.0,-99.8,-99.8,-99.8,-99.8,-99.8,-99.8,-99.8
2022-02-05 07:00:00,1026.2,8.9,71.0,11.2,28.0,-99.8,-99.8,0.0,-99.8,-99.8,-99.8,-99.8,-99.8,-99.8,-99.8
2022-02-05 08:00:00,1027.2,8.8,67.0,10.4,29.0,-99.8,-99.8,0.0,-99.8,-99.8,-99.8,-99.8,-99.8,-99.8,-99.8
2022-02-05 09:00:00,1027.5,8.7,70.0,11.1,26.0,-99.8,-99.8,0.0,-99.8,-99.8,-99.8,-99.8,-99.8,-99.8,-99.8
2022-02-05 10:00:00,1028.3,8.7,66.0,10.5,25.0,-99.8,-99.8,0.0,-99.8,-99.8,-99.8,-99.8,-99.8,-99.8,-99.8
2022-02-05 11:00:00,1028.0,8.7,65.0,11.0,24.0,-99.8,-99.8,0.0,-99.8,-99.8,-99.8,-99.8,-99.8,-99.8,-99.8
2022-02-05 12:00:00,1027.6,8.6,67.0,11.0,19.0,-99.8,-99.8,0.0,-99.8,-99.8,-99.8,-99.8,-99.8,-99.8,-99.8
2022-02-05 13:00:00,1026.8,8.6,72.0,10.8,19.0,-99.8,-99.8,0.0,-99.8,-99.8,-99.8,-99.8,-99.8,-99.8,-99.8
2022-02-05 14:00:00,1026.6,8.6,71.0,10.3,21.0,-99.8,-99.8,0.0,-99.8,-99.8,-99.8,-99.8,-99.8,-99.8,-99.8
2022-02-05 15:00:00,1025.9,8.7,72.0,10.3,25.0,-99.8,-99.8,0.0,-99.8,-99.8,-99.8,-99.8,-99.8,-99.8,-99.8
2022-02-05 16:00:00,1025.9,8.9,73.0,10.0,25.0,-99.8,-99.8,0.0,-99.8,-99.8,-99.8,-99.8,-99.8,-99.8,-99.8
2022-02-05 17:00:00,1026.1,9.2,76.0,10.8,25.0,-99.8,-99.8,0.0,-99.8,-99.8,-99.8,-99.8,-99.8,-99.8,-99.8
2022-02-05 18:00:00,1026.5,9.5,75.0,10.3,28.0,-99.8,-99.8,0.0,-99.8,-99.8,-99.8,-99.8,-99.8,-99.8,-99.8
2022-02-05 19:00:00,1027.0,9.8,74.0,10.6,27.0,-99.8,-99.8,0.0,-99.8,-99.8,-99.8,-99.8,-99.8,-99.8,-99.8
2022-02-05 20:00:00,1027.3,10.1,72.0,10.1,24.0,-99.8,-99.8,0.0,-99.8,-99.8,-99.8,-99.8,-99.8,-99.8,-99.8
2022-02-05 21:00:00,1027.2,10.5,67.0,9.6,29.0,-99.8,-99.8,0.0,-99.8,-99.8,-99.8,-99.8,-99.8,-99.8,-99.8
2022-02-05 22:00:00,1027.3,10.6,63.0,10.2,28.0,-99.8,-99.8,0.0,-99.8,-99.8,-99.8,-99.8,-99.8,-99.8,-99.8
2022-02-05 23:00:00,1026.9,10.5,68.0,10.0,27.0,-99.8,-99.8,0.0,-99.8,-99.8,-99.8,-99.8,-99.8,-99.8,-99.8
2022-02-06 00:00:00,1026.6,10.3,72.0,10.8,25.0,-99.8,-99.8,0.0,-99.8,-99.8,-99.8,-99.8,-99.8,-99.8,-99.8
2022-02-06 01:00:00,1026.8,10.1,73.0,11.4,23.0,-99.8,-99.8,0.0,-99.8,-99.8,-99.8,-99.8,-99.8,-99.8,-99.8
2022-02-06 02:00:00,1026.8,9.9,72.0,11.7,22.0,-99.8,-99.8,0.0,-99.8,-99.8,-99.8,-99.8,-99.8,-99.8,-99.8
2022-02-06 03:00:00,1026.6,9.9,73.0,10.9,24.0,-99.8,-99.8,0.0,-99.8,-99.8,-99.8,-99.8,-99.8,-99.8,-99.8
2022-02-06 04:00:00,1026.5,9.5,72.0,11.3,25.0,-99.8,-99.8,0.0,-99.8,-99.8,-99.8,-99.8,-99.8,-99.8,-99.8
2022-02-06 05:00:00,1027.0,9.2,71.0,11.9,24.0,-99.8,-99.8,0.0,-99.8,-99.8,-99.8,-99.8,-99.8,-99.8,-99.8
2022-02-06 06:00:00,1027.3,8.8,73.0,12.5,24.0,-99.8,-99.8,0.0,-99.8,-99.8,-99.8,-99.8,-99.8,-99.8,-99.8
2022-02-06 07:00:00,1028.0,8.7,78.0,12.2,22.0,-99.8,-99.8,0.0,-99.8,-99.8,-99.8,-99.8,-99.8,-99.8,-99.8
2022-02-06 08:00:00,1028.3,8.7,80.0,12.0,22.0,-99.8,-99.8,0.0,-99.8,-99.8,-99.8,-99.8,-99.8,-99.8,-99.8
2022-02-06 09:00:00,1028.7,8.7,76.0,13.0,23.0,-99.8,-99.8,0.0,-99.8,-99.8,-99.8,-99.8,-99.8,-99.8,-99.8
2022-02-06 10:00:00,1028.6,8.7,76.0,11.6,25.0,-99.8,-99.8,0.0,-99.8,-99.8,-99.8,-99.8,-99.8,-99.8,-99.8
2022-02-06 11:00:00,1027.8,8.5,75.0,10.6,30.0,-99.8,-99.8,0.0,-99.8,-99.8,-99.8,-99.8,-99.8,-99.8,-99.8
2022-02-06 12:00:00,1027.2,8.3,72.0,10.7,27.0,-99.8,-99.8,0.0,-99.8,-99.8,-99.8,-99.8,-99.8,-99.8,-99.8
2022-02-06 13:00:00,1026.2,8.4,73.0,10.1,22.0,-99.8,-99.8,0.0,-99.8,-99.8,-99.8,-99.8,-99.8,-99.8,-99.8
2022-02-06 14:00:00,1025.0,8.3,66.0,9.8,27.0,-99.8,-99.8,0.0,-99.8,-99.8,-99.8,-99.8,-99.8,-99.8,-99.8
2022-02-06 15:00:00,1024.2,8.2,65.0,9.9,28.0,-99.8,-99.8,0.0,-99.8,-99.8,-99.8,-99.8,-99.8,-99.8,-99.8
2022-02-06 16:00:00,1023.7,8.4,65.0,11.2,26.0,-99.8,-99.8,0.0,-99.8,-99.8,-99.8,-99.8,-99.8,-99.8,-99.8
2022-02-06 17:00:00,1024.5,8.6,71.0,11.2,24.0,-99.8,-99.8,0.0,-99.8,-99.8,-99.8,-99.8,-99.8,-99.8,-99.8
2022-02-06 18:00:00,1024.7,8.4,74.0,12.5,23.0,-99.8,-99.8,0.0,-99.8,-99.8,-99.8,-99.8,-99.8,-99.8,-99.8
2022-02-06 19:00:00,1024.6,8.4,75.0,12.1,24.0,-99.8,-99.8,0.0,-99.8,-99.8,-99.8,-99.8,-99.8,-99.8,-99.8
2022-02-06 20:00:00,1025.2,8.6,78.0,11.7,26.0,-99.8,-99.8,0.0,-99.8,-99.8,-99.8,-99.8,-99.8,-99.8,-99.8
2022-02-06 21:00:00,1025.2,8.5,79.0,11.6,23.0,-99.8,-99.8,0.0,-99.8,-99.8,-99.8,-99.8,-99.8,-99.8,-99.8
2022-02-06 22:00:00,1025.1,8.3,84.0,11.3,24.0,-99.8,-99.8,0.0,-99.8,-99.8,-99.8,-99.8,-99.8,-99.8,-99.8
2022-02-06 23:00:00,1024.7,8.1,87.0,11.3,21.0,-99.8,-99.8,0.0,-99.8,-99.8,-99.8,-99.8,-99.8,-99.8,-99.8
2022-02-07 00:00:00,1024.1,8.0,87.0,11.2,18.0,-99.8,-99.8,0.0,-99.8,-99.8,-99.8,-99.8,-99.8,-99.8,-99.8
2022-02-07 01:00:00,1023.4,8.4,87.0,11.2,17.0,-99.8,-99.8,0.0,-99.8,-99.8,-99.8,-99.8,-99.8,-99.8,-99.8
2022-02-07 02:00:00,1022.6,8.6,87.0,10.8,16.0,-99.8,-99.8,0.0,-99.8,-99.8,-99.8,-99.8,-99.8,-99.8,-99.8
2022-02-07 03:00:00,1021.6,8.6,89.0,10.6,19.0,-99.8,-99.8,0.0,-99.8,-99.8,-99.8,-99.8,-99.8,-99.8,-99.8
2022-02-07 04:00:00,1021.2,8.7,90.0,10.8,13.0,-99.8,-99.8,0.0,-99.8,-99.8,-99.8,-99.8,-99.8,-99.8,-99.8
2022-02-07 05:00:00,1020.1,8.6,90.0,10.0,21.0,-99.8,-99.8,0.5,-99.8,-99.8,-99.8,-99.8,-99.8,-99.8,-99.8
2022-02-07 06:00:00,1019.8,8.6,91.0,10.2,22.0,-99.8,-99.8,0.5,-99.8,-99.8,-99.8,-99.8,-99.8,-99.8,-99.8
2022-02-07 07:00:00,1019.2,8.7,91.0,10.0,20.0,-99.8,-99.8,0.0,-99.8,-99.8,-99.8,-99.8,-99.8,-99.8,-99.8
2022-02-07 08:00:00,1019.7,9.2,90.0,9.6,15.0,-99.8,-99.8,0.0,-99.8,-99.8,-99.8,-99.8,-99.8,-99.8,-99.8
2022-02-07 09:00:00,-9999.7,-99.7,-9997.0,-99.7,-999.7,-99.8,-99.8,-999.6,-99.8,-99.8,-99.8,-99.8,-99.8,-99.8,-99.8
2022-02-07 10:00:00,-9999.7,-99.7,-9997.0,-99.7,-999.7,-99.8,-99.8,-999.6,-99.8,-99.8,-99.8,-99.8,-99.8,-99.8,-99.8
2022-02-07 11:00:00,1017.8,9.8,90.0,9.8,9.0,-99.8,-99.8,0.0,-99.8,-99.8,-99.8,-99.8,-99.8,-99.8,-99.8
2022-02-07 12:00:00,1015.9,9.9,91.0,9.0,11.0,-99.8,-99.8,0.0,-99.8,-99.8,-99.8,-99.8,-99.8,-99.8,-99.8
2022-02-07 13:00:00,-9999.7,-99.7,-9997.0,-99.7,-999.7,-99.8,-99.8,-999.6,-99.8,-99.8,-99.8,-99.8,-99.8,-99.8,-99.8
2022-02-07 14:00:00,1013.6,10.0,93.0,6.5,360.0,-99.8,-99.8,0.5,-99.8,-99.8,-99.8,-99.8,-99.8,-99.8,-99.8
2022-02-07 15:00:00,1015.8,10.3,96.0,6.1,343.0,-99.8,-99.8,4.5,-99.8,-99.8,-99.8,-99.8,-99.8,-99.8,-99.8
2022-02-07 16:00:00,1016.3,10.5,97.0,4.2,346.0,-99.8,-99.8,2.5,-99.8,-99.8,-99.8,-99.8,-99.8,-99.8,-99.8
2022-02-07 17:00:00,1016.2,10.7,97.0,1.4,14.0,-99.8,-99.8,1.0,-99.8,-99.8,-99.8,-99.8,-99.8,-99.8,-99.8
2022-02-07 18:00:00,1017.1,10.6,97.0,1.9,11.0,-99.8,-99.8,2.0,-99.8,-99.8,-99.8,-99.8,-99.8,-99.8,-99.8
2022-02-07 19:00:00,1017.0,10.6,97.0,0.6,66.0,-99.8,-99.8,2.5,-99.8,-99.8,-99.8,-99.8,-99.8,-99.8,-99.8
2022-02-07 20:00:00,1018.3,10.8,97.0,1.9,13.0,-99.8,-99.8,0.0,-99.8,-99.8,-99.8,-99.8,-99.8,-99.8,-99.8
2022-02-07 21:00:00,1019.5,11.0,97.0,2.0,23.0,-99.8,-99.8,0.0,-99.8,-99.8,-99.8,-99.8,-99.8,-99.8,-99.8
2022-02-07 22:00:00,1020.5,10.7,96.0,4.2,18.0,-99.8,-99.8,0.0,-99.8,-99.8,-99.8,-99.8,-99.8,-99.8,-99.8
2022-02-07 23:00:00,1020.6,10.5,91.0,6.3,24.0,-99.8,-99.8,0.0,-99.8,-99.8,-99.8,-99.8,-99.8,-99.8,-99.8
2022-02-08 00:00:00,1020.5,10.3,91.0,7.0,28.0,-99.8,-99.8,0.0,-99.8,-99.8,-99.8,-99.8,-99.8,-99.8,-99.8
2022-02-08 01:00:00,1020.6,10.3,90.0,6.5,29.0,-99.8,-99.8,0.0,-99.8,-99.8,-99.8,-99.8,-99.8,-99.8,-99.8
2022-02-08 02:00:00,1020.8,10.3,89.0,7.8,27.0,-99.8,-99.8,0.0,-99.8,-99.8,-99.8,-99.8,-99.8,-99.8,-99.8
2022-02-08 03:00:00,1020.3,10.5,88.0,7.7,29.0,-99.8,-99.8,0.0,-99.8,-99.8,-99.8,-99.8,-99.8,-99.8,-99.8
2022-02-08 04:00:00,1020.0,10.7,85.0,8.5,28.0,-99.8,-99.8,0.0,-99.8,-99.8,-99.8,-99.8,-99.8,-99.8,-99.8
2022-02-08 05:00:00,1020.3,10.8,81.0,8.1,33.0,-99.8,-99.8,0.0,-99.8,-99.8,-99.8,-99.8,-99.8,-99.8,-99.8
2022-02-08 06:00:00,1021.4,10.4,83.0,7.9,33.0,-99.8,-99.8,0.0,-99.8,-99.8,-99.8,-99.8,-99.8,-99.8,-99.8
2022-02-08 07:00:00,1022.1,10.3,78.0,8.2,37.0,-99.8,-99.8,0.0,-99.8,-99.8,-99.8,-99.8,-99.8,-99.8,-99.8
2022-02-08 08:00:00,1022.6,10.3,75.0,10.0,29.0,-99.8,-99.8,0.0,-99.8,-99.8,-99.8,-99.8,-99.8,-99.8,-99.8
2022-02-08 09:00:00,1023.5,10.4,71.0,9.2,32.0,-99.8,-99.8,0.0,-99.8,-99.8,-99.8,-99.8,-99.8,-99.8,-99.8
2022-02-08 10:00:00,1023.8,10.9,71.0,9.5,30.0,-99.8,-99.8,0.0,-99.8,-99.8,-99.8,-99.8,-99.8,-99.8,-99.8
2022-02-08 11:00:00,1023.6,10.6,72.0,9.3,34.0,-99.8,-99.8,0.0,-99.8,-99.8,-99.8,-99.8,-99.8,-99.8,-99.8
2022-02-08 12:00:00,1023.4,11.0,72.0,8.9,31.0,-99.8,-99.8,0.0,-99.8,-99.8,-99.8,-99.8,-99.8,-99.8,-99.8
2022-02-08 13:00:00,1022.8,10.9,71.0,9.1,29.0,-99.8,-99.8,0.0,-99.8,-99.8,-99.8,-99.8,-99.8,-99.8,-99.8
2022-02-08 14:00:00,1022.5,10.6,72.0,9.7,30.0,-99.8,-99.8,0.0,-99.8,-99.8,-99.8,-99.8,-99.8,-99.8,-99.8
2022-02-08 15:00:00,1021.8,10.5,73.0,8.6,33.0,-99.8,-99.8,0.0,-99.8,-99.8,-99.8,-99.8,-99.8,-99.8,-99.8
2022-02-08 16:00:00,1021.4,10.7,72.0,9.5,34.0,-99.8,-99.8,0.0,-99.8,-99.8,-99.8,-99.8,-99.8,-99.8,-99.8
2022-02-08 17:00:00,1021.7,10.6,76.0,10.5,30.0,-99.8,-99.8,0.0,-99.8,-99.8,-99.8,-99.8,-99.8,-99.8,-99.8
2022-02-08 18:00:00,1022.0,10.6,73.0,9.6,33.0,-99.8,-99.8,0.0,-99.8,-99.8,-99.8,-99.8,-99.8,-99.8,-99.8
2022-02-08 19:00:00,1022.6,10.7,74.0,9.4,33.0,-99.8,-99.8,0.0,-99.8,-99.8,-99.8,-99.8,-99.8,-99.8,-99.8
2022-02-08 20:00:00,1023.1,10.5,77.0,10.8,28.0,-99.8,-99.8,0.0,-99.8,-99.8,-99.8,-99.8,-99.8,-99.8,-99.8
2022-02-08 21:00:00,1022.5,10.4,80.0,11.6,27.0,-99.8,-99.8,0.0,-99.8,-99.8,-99.8,-99.8,-99.8,-99.8,-99.8
2022-02-08 22:00:00,1022.9,10.0,82.0,11.4,25.0,-99.8,-99.8,0.0,-99.8,-99.8,-99.8,-99.8,-99.8,-99.8,-99.8
2022-02-08 23:00:00,1022.5,9.7,84.0,12.1,22.0,-99.8,-99.8,0.0,-99.8,-99.8,-99.8,-99.8,-99.8,-99.8,-99.8
2022-02-09 00:00:00,1022.5,9.4,84.0,13.1,19.0,-99.8,-99.8,0.0,-99.8,-99.8,-99.8,-99.8,-99.8,-99.8,-99.8
2022-02-09 01:00:00,1022.0,8.9,90.0,12.8,21.0,-99.8,-99.8,0.0,-99.8,-99.8,-99.8,-99.8,-99.8,-99.8,-99.8
2022-02-09 02:00:00,1021.3,8.6,90.0,13.1,20.0,-99.8,-99.8,0.0,-99.8,-99.8,-99.8,-99.8,-99.8,-99.8,-99.8
2022-02-09 03:00:00,1021.4,8.5,91.0,12.6,18.0,-99.8,-99.8,0.5,-99.8,-99.8,-99.8,-99.8,-99.8,-99.8,-99.8
2022-02-09 04:00:00,1021.1,8.2,92.0,12.9,18.0,-99.8,-99.8,1.0,-99.8,-99.8,-99.8,-99.8,-99.8,-99.8,-99.8
2022-02-09 05:00:00,1021.9,8.3,93.0,11.6,15.0,-99.8,-99.8,2.0,-99.8,-99.8,-99.8,-99.8,-99.8,-99.8,-99.8
2022-02-09 06:00:00,1022.1,8.3,93.0,9.8,23.0,-99.8,-99.8,1.0,-99.8,-99.8,-99.8,-99.8,-99.8,-99.8,-99.8
2022-02-09 07:00:00,1022.9,8.7,90.0,10.5,16.0,-99.8,-99.8,0.0,-99.8,-99.8,-99.8,-99.8,-99.8,-99.8,-99.8
2022-02-09 08:00:00,1022.6,8.8,88.0,9.2,24.0,-99.8,-99.8,0.0,-99.8,-99.8,-99.8,-99.8,-99.8,-99.8,-99.8
2022-02-09 09:00:00,1022.9,8.9,88.0,9.1,20.0,-99.8,-99.8,0.0,-99.8,-99.8,-99.8,-99.8,-99.8,-99.8,-99.8
2022-02-09 10:00:00,1022.7,9.3,85.0,9.7,14.0,-99.8,-99.8,0.0,-99.8,-99.8,-99.8,-99.8,-99.8,-99.8,-99.8
2022-02-09 11:00:00,1022.6,9.7,85.0,7.6,13.0,-99.8,-99.8,0.0,-99.8,-99.8,-99.8,-99.8,-99.8,-99.8,-99.8
2022-02-09 12:00:00,1021.0,10.0,82.0,6.5,22.0,-99.8,-99.8,0.0,-99.8,-99.8,-99.8,-99.8,-99.8,-99.8,-99.8
2022-02-09 13:00:00,1020.3,9.9,83.0,7.5,7.0,-99.8,-99.8,0.0,-99.8,-99.8,-99.8,-99.8,-99.8,-99.8,-99.8
2022-02-09 14:00:00,1019.3,10.2,83.0,6.2,13.0,-99.8,-99.8,0.0,-99.8,-99.8,-99.8,-99.8,-99.8,-99.8,-99.8
2022-02-09 15:00:00,1019.1,10.4,84.0,6.7,11.0,-99.8,-99.8,0.0,-99.8,-99.8,-99.8,-99.8,-99.8,-99.8,-99.8
2022-02-09 16:00:00,1018.8,10.4,85.0,7.2,11.0,-99.8,-99.8,0.0,-99.8,-99.8,-99.8,-99.8,-99.8,-99.8,-99.8
2022-02-09 17:00:00,1019.2,10.3,86.0,5.5,30.0,-99.8,-99.8,0.0,-99.8,-99.8,-99.8,-99.8,-99.8,-99.8,-99.8
2022-02-09 18:00:00,1019.2,10.2,84.0,6.7,28.0,-99.8,-99.8,0.0,-99.8,-99.8,-99.8,-99.8,-99.8,-99.8,-99.8
2022-02-09 19:00:00,1019.6,10.1,87.0,6.7,23.0,-99.8,-99.8,0.0,-99.8,-99.8,-99.8,-99.8,-99.8,-99.8,-99.8
2022-02-09 20:00:00,1020.0,9.9,88.0,7.2,26.0,-99.8,-99.8,0.0,-99.8,-99.8,-99.8,-99.8,-99.8,-99.8,-99.8
2022-02-09 21:00:00,1020.3,9.8,89.0,7.7,25.0,-99.8,-99.8,0.0,-99.8,-99.8,-99.8,-99.8,-99.8,-99.8,-99.8
2022-02-09 22:00:00,1020.3,9.6,91.0,7.8,23.0,-99.8,-99.8,0.0,-99.8,-99.8,-99.8,-99.8,-99.8,-99.8,-99.8
2022-02-09 23:00:00,1020.5,9.5,92.0,8.0,22.0,-99.8,-99.8,0.0,-99.8,-99.8,-99.8,-99.8,-99.8,-99.8,-99.8
2022-02-10 00:00:00,1020.0,9.4,92.0,8.3,24.0,-99.8,-99.8,0.0,-99.8,-99.8,-99.8,-99.8,-99.8,-99.8,-99.8
2022-02-10 01:00:00,1019.9,9.5,91.0,8.6,24.0,-99.8,-99.8,0.0,-99.8,-99.8,-99.8,-99.8,-99.8,-99.8,-99.8
2022-02-10 02:00:00,1020.1,9.7,91.0,8.3,25.0,-99.8,-99.8,0.0,-99.8,-99.8,-99.8,-99.8,-99.8,-99.8,-99.8
2022-02-10 03:00:00,1020.0,9.6,91.0,8.4,25.0,-99.8,-99.8,0.0,-99.8,-99.8,-99.8,-99.8,-99.8,-99.8,-99.8
2022-02-10 04:00:00,1020.2,9.6,90.0,8.2,28.0,-99.8,-99.8,0.0,-99.8,-99.8,-99.8,-99.8,-99.8,-99.8,-99.8
2022-02-10 05:00:00,1020.3,9.7,90.0,8.6,28.0,-99.8,-99.8,0.0,-99.8,-99.8,-99.8,-99.8,-99.8,-99.8,-99.8
2022-02-10 06:00:00,1020.6,9.9,91.0,7.8,28.0,-99.8,-99.8,0.0,-99.8,-99.8,-99.8,-99.8,-99.8,-99.8,-99.8
2022-02-10 07:00:00,1021.4,10.0,92.0,7.4,25.0,-99.8,-99.8,0.0,-99.8,-99.8,-99.8,-99.8,-99.8,-99.8,-99.8
2022-02-10 08:00:00,1022.2,10.0,92.0,7.4,21.0,-99.8,-99.8,0.0,-99.8,-99.8,-99.8,-99.8,-99.8,-99.8,-99.8
2022-02-10 09:00:00,1022.1,10.1,90.0,6.8,29.0,-99.8,-99.8,0.0,-99.8,-99.8,-99.8,-99.8,-99.8,-99.8,-99.8
2022-02-10 10:00:00,1022.7,10.4,90.0,7.9,23.0,-99.8,-99.8,0.0,-99.8,-99.8,-99.8,-99.8,-99.8,-99.8,-99.8
2022-02-10 11:00:00,1021.9,10.7,86.0,7.3,29.0,-99.8,-99.8,0.0,-99.8,-99.8,-99.8,-99.8,-99.8,-99.8,-99.8
2022-02-10 12:00:00,1021.0,10.6,86.0,8.5,25.0,-99.8,-99.8,0.0,-99.8,-99.8,-99.8,-99.8,-99.8,-99.8,-99.8
2022-02-10 13:00:00,1019.9,10.5,84.0,8.6,28.0,-99.8,-99.8,0.0,-99.8,-99.8,-99.8,-99.8,-99.8,-99.8,-99.8
2022-02-10 14:00:00,1019.2,10.4,84.0,9.0,29.0,-99.8,-99.8,0.0,-99.8,-99.8,-99.8,-99.8,-99.8,-99.8,-99.8
2022-02-10 15:00:00,1019.0,10.2,86.0,8.9,24.0,-99.8,-99.8,0.0,-99.8,-99.8,-99.8,-99.8,-99.8,-99.8,-99.8
2022-02-10 16:00:00,1018.9,10.2,83.0,8.9,28.0,-99.8,-99.8,0.0,-99.8,-99.8,-99.8,-99.8,-99.8,-99.8,-99.8
2022-02-10 17:00:00,1019.4,10.2,84.0,8.8,29.0,-99.8,-99.8,0.0,-99.8,-99.8,-99.8,-99.8,-99.8,-99.8,-99.8
2022-02-10 18:00:00,1019.6,10.3,83.0,8.7,28.0,-99.8,-99.8,0.0,-99.8,-99.8,-99.8,-99.8,-99.8,-99.8,-99.8
2022-02-10 19:00:00,1019.9,10.5,84.0,9.1,27.0,-99.8,-99.8,0.0,-99.8,-99.8,-99.8,-99.8,-99.8,-99.8,-99.8
2022-02-10 20:00:00,1020.1,10.2,87.0,9.9,26.0,-99.8,-99.8,0.0,-99.8,-99.8,-99.8,-99.8,-99.8,-99.8,-99.8
2022-02-10 21:00:00,1020.3,10.1,87.0,10.5,25.0,-99.8,-99.8,0.0,-99.8,-99.8,-99.8,-99.8,-99.8,-99.8,-99.8
2022-02-10 22:00:00,1020.3,10.1,86.0,9.9,26.0,-99.8,-99.8,0.0,-99.8,-99.8,-99.8,-99.8,-99.8,-99.8,-99.8
2022-02-10 23:00:00,1019.8,9.8,89.0,10.7,25.0,-99.8,-99.8,0.0,-99.8,-99.8,-99.8,-99.8,-99.8,-99.8,-99.8
2022-02-11 00:00:00,1019.5,9.5,92.0,9.9,21.0,-99.8,-99.8,0.0,-99.8,-99.8,-99.8,-99.8,-99.8,-99.8,-99.8
2022-02-11 01:00:00,1018.9,9.2,92.0,11.2,17.0,-99.8,-99.8,0.0,-99.8,-99.8,-99.8,-99.8,-99.8,-99.8,-99.8
2022-02-11 02:00:00,1019.0,9.0,93.0,11.3,16.0,-99.8,-99.8,0.0,-99.8,-99.8,-99.8,-99.8,-99.8,-99.8,-99.8
2022-02-11 03:00:00,1019.3,9.0,94.0,10.3,10.0,-99.8,-99.8,0.0,-99.8,-99.8,-99.8,-99.8,-99.8,-99.8,-99.8
2022-02-11 04:00:00,1019.3,9.5,93.0,8.9,8.0,-99.8,-99.8,0.0,-99.8,-99.8,-99.8,-99.8,-99.8,-99.8,-99.8
2022-02-11 05:00:00,1018.8,9.8,91.0,8.5,18.0,-99.8,-99.8,0.0,-99.8,-99.8,-99.8,-99.8,-99.8,-99.8,-99.8
2022-02-11 06:00:00,1019.5,9.9,90.0,8.7,16.0,-99.8,-99.8,0.0,-99.8,-99.8,-99.8,-99.8,-99.8,-99.8,-99.8
2022-02-11 07:00:00,1020.2,9.7,89.0,9.4,19.0,-99.8,-99.8,0.0,-99.8,-99.8,-99.8,-99.8,-99.8,-99.8,-99.8
2022-02-11 08:00:00,1020.9,10.4,88.0,8.1,15.0,-99.8,-99.8,0.0,-99.8,-99.8,-99.8,-99.8,-99.8,-99.8,-99.8
2022-02-11 09:00:00,1021.2,10.5,87.0,8.0,16.0,-99.8,-99.8,0.0,-99.8,-99.8,-99.8,-99.8,-99.8,-99.8,-99.8
2022-02-11 10:00:00,1021.1,10.6,86.0,8.2,20.0,-99.8,-99.8,0.0,-99.8,-99.8,-99.8,-99.8,-99.8,-99.8,-99.8
2022-02-11 11:00:00,1020.8,10.3,90.0,8.1,22.0,-99.8,-99.8,0.0,-99.8,-99.8,-99.8,-99.8,-99.8,-99.8,-99.8
2022-02-11 12:00:00,1020.2,10.5,92.0,9.0,12.0,-99.8,-99.8,0.0,-99.8,-99.8,-99.8,-99.8,-99.8,-99.8,-99.8
2022-02-11 13:00:00,1019.1,10.7,91.0,8.1,13.0,-99.8,-99.8,0.0,-99.8,-99.8,-99.8,-99.8,-99.8,-99.8,-99.8
2022-02-11 14:00:00,1018.1,11.0,91.0,6.8,15.0,-99.8,-99.8,0.0,-99.8,-99.8,-99.8,-99.8,-99.8,-99.8,-99.8
2022-02-11 15:00:00,1017.4,11.0,92.0,6.4,14.0,-99.8,-99.8,0.0,-99.8,-99.8,-99.8,-99.8,-99.8,-99.8,-99.8
2022-02-11 16:00:00,1017.4,10.9,92.0,6.5,19.0,-99.8,-99.8,0.0,-99.8,-99.8,-99.8,-99.8,-99.8,-99.8,-99.8
2022-02-11 17:00:00,1017.6,10.9,93.0,6.8,22.0,-99.8,-99.8,0.0,-99.8,-99.8,-99.8,-99.8,-99.8,-99.8,-99.8
2022-02-11 18:00:00,1017.7,10.8,95.0,7.0,15.0,-99.8,-99.8,0.0,-99.8,-99.8,-99.8,-99.8,-99.8,-99.8,-99.8
2022-02-11 19:00:00,1017.8,10.8,96.0,6.0,17.0,-99.8,-99.8,0.0,-99.8,-99.8,-99.8,-99.8,-99.8,-99.8,-99.8
2022-02-11 20:00:00,1018.3,10.7,97.0,6.7,12.0,-99.8,-99.8,0.0,-99.8,-99.8,-99.8,-99.8,-99.8,-99.8,-99.8
2022-02-11 21:00:00,1018.4,10.6,97.0,6.3,10.0,-99.8,-99.8,0.0,-99.8,-99.8,-99.8,-99.8,-99.8,-99.8,-99.8
2022-02-11 22:00:00,1018.3,10.7,98.0,6.3,8.0,-99.8,-99.8,0.0,-99.8,-99.8,-99.8,-99.8,-99.8,-99.8,-99.8
2022-02-11 23:00:00,1017.9,10.7,98.0,6.1,16.0,-99.8,-99.8,0.0,-99.8,-99.8,-99.8,-99.8,-99.8,-99.8,-99.8
2022-02-12 00:00:00,1017.7,10.7,98.0,5.9,15.0,-99.8,-99.8,0.0,-99.8,-99.8,-99.8,-99.8,-99.8,-99.8,-99.8
2022-02-12 01:00:00,1017.3,10.8,98.0,6.0,10.0,-99.8,-99.8,0.0,-99.8,-99.8,-99.8,-99.8,-99.8,-99.8,-99.8
2022-02-12 02:00:00,1016.7,10.9,98.0,5.3,16.0,-99.8,-99.8,0.0,-99.8,-99.8,-99.8,-99.8,-99.8,-99.8,-99.8
2022-02-12 03:00:00,1016.6,10.8,98.0,4.7,18.0,-99.8,-99.8,0.0,-99.8,-99.8,-99.8,-99.8,-99.8,-99.8,-99.8
2022-02-12 04:00:00,1016.7,10.6,98.0,5.9,22.0,-99.8,-99.8,0.0,-99.8,-99.8,-99.8,-99.8,-99.8,-99.8,-99.8
2022-02-12 05:00:00,1017.1,10.7,98.0,6.0,23.0,-99.8,-99.8,0.0,-99.8,-99.8,-99.8,-99.8,-99.8,-99.8,-99.8
2022-02-12 06:00:00,1017.6,10.9,94.0,7.2,27.0,-99.8,-99.8,0.0,-99.8,-99.8,-99.8,-99.8,-99.8,-99.8,-99.8
2022-02-12 07:00:00,1017.9,11.0,92.0,7.6,29.0,-99.8,-99.8,0.0,-99.8,-99.8,-99.8,-99.8,-99.8,-99.8,-99.8
2022-02-12 08:00:00,1018.7,11.1,89.0,8.1,26.0,-99.8,-99.8,0.0,-99.8,-99.8,-99.8,-99.8,-99.8,-99.8,-99.8
2022-02-12 09:00:00,1019.4,11.3,87.0,8.5,25.0,-99.8,-99.8,0.0,-99.8,-99.8,-99.8,-99.8,-99.8,-99.8,-99.8
2022-02-12 10:00:00,1019.6,11.5,85.0,8.2,29.0,-99.8,-99.8,0.0,-99.8,-99.8,-99.8,-99.8,-99.8,-99.8,-99.8
2022-02-12 11:00:00,1019.6,11.5,87.0,8.2,27.0,-99.8,-99.8,0.0,-99.8,-99.8,-99.8,-99.8,-99.8,-99.8,-99.8
2022-02-12 12:00:00,1018.8,11.2,86.0,8.6,27.0,-99.8,-99.8,0.0,-99.8,-99.8,-99.8,-99.8,-99.8,-99.8,-99.8
2022-02-12 13:00:00,1017.9,11.4,88.0,6.2,30.0,-99.8,-99.8,0.0,-99.8,-99.8,-99.8,-99.8,-99.8,-99.8,-99.8
2022-02-12 14:00:00,1017.1,11.6,87.0,6.3,24.0,-99.8,-99.8,0.0,-99.8,-99.8,-99.8,-99.8,-99.8,-99.8,-99.8
2022-02-12 15:00:00,1016.3,11.5,88.0,6.8,25.0,-99.8,-99.8,0.0,-99.8,-99.8,-99.8,-99.8,-99.8,-99.8,-99.8
2022-02-12 16:00:00,1016.2,11.5,89.0,5.3,32.0,-99.8,-99.8,0.0,-99.8,-99.8,-99.8,-99.8,-99.8,-99.8,-99.8
2022-02-12 17:00:00,1016.8,11.3,91.0,7.0,26.0,-99.8,-99.8,0.0,-99.8,-99.8,-99.8,-99.8,-99.8,-99.8,-99.8
2022-02-12 18:00:00,1017.0,11.1,91.0,6.9,28.0,-99.8,-99.8,0.0,-99.8,-99.8,-99.8,-99.8,-99.8,-99.8,-99.8
2022-02-12 19:00:00,1017.2,11.3,92.0,6.7,28.0,-99.8,-99.8,0.0,-99.8,-99.8,-99.8,-99.8,-99.8,-99.8,-99.8
2022-02-12 20:00:00,1017.7,11.5,92.0,6.3,26.0,-99.8,-99.8,0.0,-99.8,-99.8,-99.8,-99.8,-99.8,-99.8,-99.8
2022-02-12 21:00:00,1017.7,11.4,93.0,5.8,21.0,-99.8,-99.8,0.0,-99.8,-99.8,-99.8,-99.8,-99.8,-99.8,-99.8
2022-02-12 22:00:00,1018.0,11.1,93.0,7.8,12.0,-99.8,-99.8,0.0,-99.8,-99.8,-99.8,-99.8,-99.8,-99.8,-99.8
2022-02-12 23:00:00,1017.5,11.0,92.0,7.2,15.0,-99.8,-99.8,0.0,-99.8,-99.8,-99.8,-99.8,-99.8,-99.8,-99.8
2022-02-13 00:00:00,1017.3,10.9,88.0,7.7,17.0,-99.8,-99.8,0.0,-99.8,-99.8,-99.8,-99.8,-99.8,-99.8,-99.8
2022-02-13 01:00:00,1017.4,10.9,86.0,8.2,17.0,-99.8,-99.8,0.0,-99.8,-99.8,-99.8,-99.8,-99.8,-99.8,-99.8
2022-02-13 02:00:00,1017.3,10.8,86.0,9.6,16.0,-99.8,-99.8,0.0,-99.8,-99.8,-99.8,-99.8,-99.8,-99.8,-99.8
2022-02-13 03:00:00,1016.0,10.7,85.0,8.4,22.0,-99.8,-99.8,0.0,-99.8,-99.8,-99.8,-99.8,-99.8,-99.8,-99.8
2022-02-13 04:00:00,1015.6,10.7,85.0,7.6,22.0,-99.8,-99.8,0.0,-99.8,-99.8,-99.8,-99.8,-99.8,-99.8,-99.8
2022-02-13 05:00:00,1016.4,10.8,90.0,6.9,14.0,-99.8,-99.8,0.0,-99.8,-99.8,-99.8,-99.8,-99.8,-99.8,-99.8
2022-02-13 06:00:00,1016.1,10.8,85.0,7.0,22.0,-99.8,-99.8,0.0,-99.8,-99.8,-99.8,-99.8,-99.8,-99.8,-99.8
2022-02-13 07:00:00,1016.0,10.5,86.0,7.4,21.0,-99.8,-99.8,0.0,-99.8,-99.8,-99.8,-99.8,-99.8,-99.8,-99.8
2022-02-13 08:00:00,1016.2,10.6,85.0,8.4,18.0,-99.8,-99.8,0.0,-99.8,-99.8,-99.8,-99.8,-99.8,-99.8,-99.8
2022-02-13 09:00:00,1016.9,10.6,85.0,8.4,18.0,-99.8,-99.8,0.0,-99.8,-99.8,-99.8,-99.8,-99.8,-99.8,-99.8
2022-02-13 10:00:00,1016.7,10.3,86.0,8.3,21.0,-99.8,-99.8,0.0,-99.8,-99.8,-99.8,-99.8,-99.8,-99.8,-99.8
2022-02-13 11:00:00,1016.1,10.4,89.0,8.5,22.0,-99.8,-99.8,0.5,-99.8,-99.8,-99.8,-99.8,-99.8,-99.8,-99.8
2022-02-13 12:00:00,1016.8,10.3,90.0,7.1,21.0,-99.8,-99.8,0.0,-99.8,-99.8,-99.8,-99.8,-99.8,-99.8,-99.8
2022-02-13 13:00:00,1015.2,10.2,92.0,9.3,18.0,-99.8,-99.8,0.5,-99.8,-99.8,-99.8,-99.8,-99.8,-99.8,-99.8
2022-02-13 14:00:00,-9999.7,-99.7,-9997.0,-99.7,-999.7,-99.8,-99.8,-999.6,-99.8,-99.8,-99.8,-99.8,-99.8,-99.8,-99.8
2022-02-13 15:00:00,1014.6,10.1,90.0,10.1,24.0,-99.8,-99.8,0.0,-99.8,-99.8,-99.8,-99.8,-99.8,-99.8,-99.8
2022-02-13 16:00:00,1014.5,10.2,89.0,9.4,29.0,-99.8,-99.8,0.0,-99.8,-99.8,-99.8,-99.8,-99.8,-99.8,-99.8
2022-02-13 17:00:00,1016.4,10.3,91.0,8.3,27.0,-99.8,-99.8,0.0,-99.8,-99.8,-99.8,-99.8,-99.8,-99.8,-99.8
2022-02-13 18:00:00,1016.4,10.4,91.0,8.4,28.0,-99.8,-99.8,0.0,-99.8,-99.8,-99.8,-99.8,-99.8,-99.8,-99.8
2022-02-13 19:00:00,1016.6,10.5,93.0,7.7,21.0,-99.8,-99.8,1.0,-99.8,-99.8,-99.8,-99.8,-99.8,-99.8,-99.8
2022-02-13 20:00:00,1016.9,10.5,92.0,8.0,31.0,-99.8,-99.8,0.5,-99.8,-99.8,-99.8,-99.8,-99.8,-99.8,-99.8
2022-02-13 21:00:00,1017.8,10.6,91.0,9.4,29.0,-99.8,-99.8,0.0,-99.8,-99.8,-99.8,-99.8,-99.8,-99.8,-99.8
2022-02-13 22:00:00,1018.9,10.2,92.0,8.6,31.0,-99.8,-99.8,1.0,-99.8,-99.8,-99.8,-99.8,-99.8,-99.8,-99.8
2022-02-13 23:00:00,1018.7,10.2,91.0,7.8,36.0,-99.8,-99.8,1.0,-99.8,-99.8,-99.8,-99.8,-99.8,-99.8,-99.8
2022-02-14 00:00:00,1018.8,10.1,90.0,6.7,34.0,-99.8,-99.8,1.5,-99.8,-99.8,-99.8,-99.8,-99.8,-99.8,-99.8
2022-02-14 01:00:00,1018.3,10.0,92.0,7.0,33.0,-99.8,-99.8,1.5,-99.8,-99.8,-99.8,-99.8,-99.8,-99.8,-99.8
2022-02-14 02:00:00,1018.1,9.9,89.0,9.4,28.0,-99.8,-99.8,0.5,-99.8,-99.8,-99.8,-99.8,-99.8,-99.8,-99.8
2022-02-14 03:00:00,1018.2,9.9,88.0,7.4,30.0,-99.8,-99.8,0.0,-99.8,-99.8,-99.8,-99.8,-99.8,-99.8,-99.8
2022-02-14 04:00:00,1017.8,10.0,88.0,6.3,32.0,-99.8,-99.8,0.5,-99.8,-99.8,-99.8,-99.8,-99.8,-99.8,-99.8
2022-02-14 05:00:00,1018.4,10.0,89.0,7.8,26.0,-99.8,-99.8,0.5,-99.8,-99.8,-99.8,-99.8,-99.8,-99.8,-99.8
2022-02-14 06:00:00,1019.5,9.8,90.0,5.6,28.0,-99.8,-99.8,0.0,-99.8,-99.8,-99.8,-99.8,-99.8,-99.8,-99.8
2022-02-14 07:00:00,1019.3,9.9,90.0,5.9,30.0,-99.8,-99.8,0.0,-99.8,-99.8,-99.8,-99.8,-99.8,-99.8,-99.8
2022-02-14 08:00:00,1020.2,10.3,87.0,6.4,29.0,-99.8,-99.8,0.0,-99.8,-99.8,-99.8,-99.8,-99.8,-99.8,-99.8
2022-02-14 09:00:00,1020.5,10.8,85.0,5.6,31.0,-99.8,-99.8,0.0,-99.8,-99.8,-99.8,-99.8,-99.8,-99.8,-99.8
2022-02-14 10:00:00,1021.0,11.2,85.0,6.1,23.0,-99.8,-99.8,0.0,-99.8,-99.8,-99.8,-99.8,-99.8,-99.8,-99.8
2022-02-14 11:00:00,1020.9,11.4,78.0,7.2,29.0,-99.8,-99.8,0.0,-99.8,-99.8,-99.8,-99.8,-99.8,-99.8,-99.8
2022-02-14 12:00:00,1020.2,11.8,75.0,7.0,31.0,-99.8,-99.8,0.0,-99.8,-99.8,-99.8,-99.8,-99.8,-99.8,-99.8
2022-02-14 13:00:00,1019.6,12.1,72.0,6.0,35.0,-99.8,-99.8,0.0,-99.8,-99.8,-99.8,-99.8,-99.8,-99.8,-99.8
2022-02-14 14:00:00,1018.8,12.2,69.0,5.8,33.0,-99.8,-99.8,0.0,-99.8,-99.8,-99.8,-99.8,-99.8,-99.8,-99.8
2022-02-14 15:00:00,1018.6,12.2,71.0,5.8,31.0,-99.8,-99.8,0.0,-99.8,-99.8,-99.8,-99.8,-99.8,-99.8,-99.8
2022-02-14 16:00:00,1018.7,12.1,67.0,5.4,33.0,-99.8,-99.8,0.0,-99.8,-99.8,-99.8,-99.8,-99.8,-99.8,-99.8
2022-02-14 17:00:00,1018.8,11.7,72.0,5.1,33.0,-99.8,-99.8,0.0,-99.8,-99.8,-99.8,-99.8,-99.8,-99.8,-99.8
2022-02-14 18:00:00,1019.0,11.2,75.0,3.9,44.0,-99.8,-99.8,0.0,-99.8,-99.8,-99.8,-99.8,-99.8,-99.8,-99.8
2022-02-14 19:00:00,1020.1,11.3,72.0,6.1,37.0,-99.8,-99.8,0.0,-99.8,-99.8,-99.8,-99.8,-99.8,-99.8,-99.8
2022-02-14 20:00:00,1020.5,11.5,74.0,6.6,33.0,-99.8,-99.8,0.0,-99.8,-99.8,-99.8,-99.8,-99.8,-99.8,-99.8
2022-02-14 21:00:00,1020.7,11.5,78.0,7.2,34.0,-99.8,-99.8,0.0,-99.8,-99.8,-99.8,-99.8,-99.8,-99.8,-99.8
2022-02-14 22:00:00,1021.4,11.5,77.0,7.1,29.0,-99.8,-99.8,0.0,-99.8,-99.8,-99.8,-99.8,-99.8,-99.8,-99.8
2022-02-14 23:00:00,1021.4,11.7,73.0,7.3,29.0,-99.8,-99.8,0.0,-99.8,-99.8,-99.8,-99.8,-99.8,-99.8,-99.8
2022-02-15 00:00:00,1021.3,10.4,86.0,9.8,13.0,-99.8,-99.8,0.0,-99.8,-99.8,-99.8,-99.8,-99.8,-99.8,-99.8
2022-02-15 01:00:00,1021.0,10.2,83.0,10.0,21.0,-99.8,-99.8,0.0,-99.8,-99.8,-99.8,-99.8,-99.8,-99.8,-99.8
2022-02-15 02:00:00,1020.6,10.2,81.0,10.7,20.0,-99.8,-99.8,0.0,-99.8,-99.8,-99.8,-99.8,-99.8,-99.8,-99.8
2022-02-15 03:00:00,1020.1,10.1,79.0,12.4,22.0,-99.8,-99.8,0.0,-99.8,-99.8,-99.8,-99.8,-99.8,-99.8,-99.8
2022-02-15 04:00:00,1020.1,10.0,76.0,12.7,22.0,-99.8,-99.8,0.0,-99.8,-99.8,-99.8,-99.8,-99.8,-99.8,-99.8
2022-02-15 05:00:00,1020.2,10.0,76.0,13.0,22.0,-99.8,-99.8,0.0,-99.8,-99.8,-99.8,-99.8,-99.8,-99.8,-99.8
2022-02-15 06:00:00,1021.1,9.9,73.0,12.4,21.0,-99.8,-99.8,0.0,-99.8,-99.8,-99.8,-99.8,-99.8,-99.8,-99.8
2022-02-15 07:00:00,1021.5,9.8,76.0,12.1,21.0,-99.8,-99.8,0.0,-99.8,-99.8,-99.8,-99.8,-99.8,-99.8,-99.8
2022-02-15 08:00:00,1021.5,9.9,76.0,12.0,24.0,-99.8,-99.8,0.0,-99.8,-99.8,-99.8,-99.8,-99.8,-99.8,-99.8
2022-02-15 09:00:00,1022.2,10.0,74.0,10.8,22.0,-99.8,-99.8,0.0,-99.8,-99.8,-99.8,-99.8,-99.8,-99.8,-99.8
2022-02-15 10:00:00,1022.1,10.1,73.0,11.2,18.0,-99.8,-99.8,0.0,-99.8,-99.8,-99.8,-99.8,-99.8,-99.8,-99.8
2022-02-15 11:00:00,1021.7,10.2,73.0,10.2,17.0,-99.8,-99.8,0.0,-99.8,-99.8,-99.8,-99.8,-99.8,-99.8,-99.8
2022-02-15 12:00:00,1020.5,10.5,74.0,9.1,19.0,-99.8,-99.8,0.0,-99.8,-99.8,-99.8,-99.8,-99.8,-99.8,-99.8
2022-02-15 13:00:00,1019.5,10.6,74.0,8.8,17.0,-99.8,-99.8,0.0,-99.8,-99.8,-99.8,-99.8,-99.8,-99.8,-99.8
2022-02-15 14:00:00,1018.7,10.7,80.0,7.5,20.0,-99.8,-99.8,0.0,-99.8,-99.8,-99.8,-99.8,-99.8,-99.8,-99.8
2022-02-15 15:00:00,1018.2,10.8,75.0,7.2,24.0,-99.8,-99.8,0.0,-99.8,-99.8,-99.8,-99.8,-99.8,-99.8,-99.8
2022-02-15 16:00:00,1018.1,11.0,78.0,6.0,25.0,-99.8,-99.8,0.0,-99.8,-99.8,-99.8,-99.8,-99.8,-99.8,-99.8
2022-02-15 17:00:00,1018.3,11.2,73.0,6.3,29.0,-99.8,-99.8,0.0,-99.8,-99.8,-99.8,-99.8,-99.8,-99.8,-99.8
2022-02-15 18:00:00,1018.6,11.2,70.0,7.0,33.0,-99.8,-99.8,0.0,-99.8,-99.8,-99.8,-99.8,-99.8,-99.8,-99.8
2022-02-15 19:00:00,1018.9,11.3,73.0,6.6,34.0,-99.8,-99.8,0.0,-99.8,-99.8,-99.8,-99.8,-99.8,-99.8,-99.8
2022-02-15 20:00:00,1019.3,11.4,77.0,6.9,30.0,-99.8,-99.8,0.0,-99.8,-99.8,-99.8,-99.8,-99.8,-99.8,-99.8
2022-02-15 21:00:00,1019.8,11.6,83.0,6.8,26.0,-99.8,-99.8,0.0,-99.8,-99.8,-99.8,-99.8,-99.8,-99.8,-99.8
2022-02-15 22:00:00,1019.8,11.3,87.0,7.6,21.0,-99.8,-99.8,0.0,-99.8,-99.8,-99.8,-99.8,-99.8,-99.8,-99.8
2022-02-15 23:00:00,1019.8,11.1,86.0,8.4,20.0,-99.8,-99.8,0.0,-99.8,-99.8,-99.8,-99.8,-99.8,-99.8,-99.8
2022-02-16 00:00:00,1019.7,10.5,89.0,10.4,16.0,-99.8,-99.8,0.0,-99.8,-99.8,-99.8,-99.8,-99.8,-99.8,-99.8
2022-02-16 01:00:00,1019.7,10.1,89.0,10.1,23.0,-99.8,-99.8,0.0,-99.8,-99.8,-99.8,-99.8,-99.8,-99.8,-99.8
2022-02-16 02:00:00,1019.3,10.0,86.0,10.3,23.0,-99.8,-99.8,0.0,-99.8,-99.8,-99.8,-99.8,-99.8,-99.8,-99.8
2022-02-16 03:00:00,1019.3,10.0,85.0,9.9,25.0,-99.8,-99.8,0.0,-99.8,-99.8,-99.8,-99.8,-99.8,-99.8,-99.8
2022-02-16 04:00:00,1019.2,10.1,83.0,10.3,24.0,-99.8,-99.8,0.0,-99.8,-99.8,-99.8,-99.8,-99.8,-99.8,-99.8
2022-02-16 05:00:00,1019.3,10.0,83.0,9.6,24.0,-99.8,-99.8,0.0,-99.8,-99.8,-99.8,-99.8,-99.8,-99.8,-99.8
2022-02-16 06:00:00,1019.3,10.0,84.0,9.5,28.0,-99.8,-99.8,0.0,-99.8,-99.8,-99.8,-99.8,-99.8,-99.8,-99.8
2022-02-16 07:00:00,1019.5,10.0,83.0,10.7,25.0,-99.8,-99.8,0.0,-99.8,-99.8,-99.8,-99.8,-99.8,-99.8,-99.8
2022-02-16 08:00:00,1020.2,10.2,83.0,9.7,21.0,-99.8,-99.8,0.0,-99.8,-99.8,-99.8,-99.8,-99.8,-99.8,-99.8
2022-02-16 09:00:00,1021.3,10.7,82.0,9.5,17.0,-99.8,-99.8,0.0,-99.8,-99.8,-99.8,-99.8,-99.8,-99.8,-99.8
2022-02-16 10:00:00,1020.7,10.7,81.0,10.4,23.0,-99.8,-99.8,0.0,-99.8,-99.8,-99.8,-99.8,-99.8,-99.8,-99.8
2022-02-16 11:00:00,1019.9,10.9,80.0,11.0,25.0,-99.8,-99.8,0.0,-99.8,-99.8,-99.8,-99.8,-99.8,-99.8,-99.8
2022-02-16 12:00:00,1019.8,10.8,81.0,10.2,24.0,-99.8,-99.8,0.0,-99.8,-99.8,-99.8,-99.8,-99.8,-99.8,-99.8
2022-02-16 13:00:00,1018.8,10.8,81.0,10.3,23.0,-99.8,-99.8,0.0,-99.8,-99.8,-99.8,-99.8,-99.8,-99.8,-99.8
2022-02-16 14:00:00,-9999.7,-99.7,-9997.0,-99.7,-999.7,-99.8,-99.8,0.0,-99.8,-99.8,-99.8,-99.8,-99.8,-99.8,-99.8
2022-02-16 15:00:00,-9999.7,-99.7,-9997.0,-99.7,-999.7,-99.8,-99.8,-999.6,-99.8,-99.8,-99.8,-99.8,-99.8,-99.8,-99.8
2022-02-16 16:00:00,-9999.7,-99.7,-9997.0,-99.7,-999.7,-99.8,-99.8,-999.6,-99.8,-99.8,-99.8,-99.8,-99.8,-99.8,-99.8
2022-02-16 17:00:00,-9999.7,-99.7,-9997.0,-99.7,-999.7,-99.8,-99.8,-999.6,-99.8,-99.8,-99.8,-99.8,-99.8,-99.8,-99.8
2022-02-16 18:00:00,-9999.7,-99.7,-9997.0,-99.7,-999.7,-99.8,-99.8,-999.6,-99.8,-99.8,-99.8,-99.8,-99.8,-99.8,-99.8
2022-02-16 19:00:00,1018.1,10.4,83.0,11.7,26.0,-99.8,-99.8,0.0,-99.8,-99.8,-99.8,-99.8,-99.8,-99.8,-99.8
2022-02-16 20:00:00,1018.5,10.4,85.0,11.9,24.0,-99.8,-99.8,0.0,-99.8,-99.8,-99.8,-99.8,-99.8,-99.8,-99.8
2022-02-16 21:00:00,1018.9,10.0,89.0,12.0,20.0,-99.8,-99.8,0.0,-99.8,-99.8,-99.8,-99.8,-99.8,-99.8,-99.8
2022-02-16 22:00:00,1019.2,10.0,89.0,11.9,22.0,-99.8,-99.8,0.0,-99.8,-99.8,-99.8,-99.8,-99.8,-99.8,-99.8
2022-02-16 23:00:00,1019.1,10.2,88.0,11.0,25.0,-99.8,-99.8,0.0,-99.8,-99.8,-99.8,-99.8,-99.8,-99.8,-99.8
2022-02-17 00:00:00,1019.7,9.8,88.0,13.0,17.0,-99.8,-99.8,0.0,-99.8,-99.8,-99.8,-99.8,-99.8,-99.8,-99.8
2022-02-17 01:00:00,1019.3,9.6,91.0,12.7,20.0,-99.8,-99.8,0.0,-99.8,-99.8,-99.8,-99.8,-99.8,-99.8,-99.8
2022-02-17 02:00:00,1018.7,9.4,93.0,12.6,18.0,-99.8,-99.8,0.0,-99.8,-99.8,-99.8,-99.8,-99.8,-99.8,-99.8
2022-02-17 03:00:00,1018.6,9.2,93.0,12.6,20.0,-99.8,-99.8,0.0,-99.8,-99.8,-99.8,-99.8,-99.8,-99.8,-99.8
2022-02-17 04:00:00,1016.2,9.0,93.0,15.0,24.0,-99.8,-99.8,0.0,-99.8,-99.8,-99.8,-99.8,-99.8,-99.8,-99.8
2022-02-17 05:00:00,1018.2,9.0,92.0,13.4,18.0,-99.8,-99.8,0.0,-99.8,-99.8,-99.8,-99.8,-99.8,-99.8,-99.8
2022-02-17 06:00:00,1018.4,9.0,93.0,13.8,18.0,-99.8,-99.8,0.0,-99.8,-99.8,-99.8,-99.8,-99.8,-99.8,-99.8
2022-02-17 07:00:00,1018.5,8.9,92.0,13.7,25.0,-99.8,-99.8,0.0,-99.8,-99.8,-99.8,-99.8,-99.8,-99.8,-99.8
2022-02-17 08:00:00,1019.6,9.2,93.0,12.0,21.0,-99.8,-99.8,0.0,-99.8,-99.8,-99.8,-99.8,-99.8,-99.8,-99.8
2022-02-17 09:00:00,1020.1,9.1,93.0,13.4,16.0,-99.8,-99.8,0.0,-99.8,-99.8,-99.8,-99.8,-99.8,-99.8,-99.8
2022-02-17 10:00:00,1020.7,9.3,91.0,14.4,18.0,-99.8,-99.8,0.0,-99.8,-99.8,-99.8,-99.8,-99.8,-99.8,-99.8
2022-02-17 11:00:00,1020.3,9.1,90.0,14.4,16.0,-99.8,-99.8,0.5,-99.8,-99.8,-99.8,-99.8,-99.8,-99.8,-99.8
2022-02-17 12:00:00,1019.6,9.1,89.0,13.0,21.0,-99.8,-99.8,0.0,-99.8,-99.8,-99.8,-99.8,-99.8,-99.8,-99.8
2022-02-17 13:00:00,1018.7,9.2,87.0,13.0,20.0,-99.8,-99.8,0.0,-99.8,-99.8,-99.8,-99.8,-99.8,-99.8,-99.8
2022-02-17 14:00:00,1017.5,8.8,90.0,13.8,21.0,-99.8,-99.8,0.0,-99.8,-99.8,-99.8,-99.8,-99.8,-99.8,-99.8
2022-02-17 15:00:00,1017.1,8.7,91.0,14.3,21.0,-99.8,-99.8,0.0,-99.8,-99.8,-99.8,-99.8,-99.8,-99.8,-99.8
2022-02-17 16:00:00,1017.9,8.6,91.0,13.8,18.0,-99.8,-99.8,0.0,-99.8,-99.8,-99.8,-99.8,-99.8,-99.8,-99.8
2022-02-17 17:00:00,1018.0,8.3,92.0,13.8,22.0,-99.8,-99.8,0.0,-99.8,-99.8,-99.8,-99.8,-99.8,-99.8,-99.8
2022-02-17 18:00:00,1018.5,7.9,92.0,14.5,22.0,-99.8,-99.8,0.0,-99.8,-99.8,-99.8,-99.8,-99.8,-99.8,-99.8
2022-02-17 19:00:00,1019.3,8.1,89.0,13.4,22.0,-99.8,-99.8,0.0,-99.8,-99.8,-99.8,-99.8,-99.8,-99.8,-99.8
2022-02-17 20:00:00,1019.6,8.1,88.0,13.3,22.0,-99.8,-99.8,0.0,-99.8,-99.8,-99.8,-99.8,-99.8,-99.8,-99.8
2022-02-17 21:00:00,1020.1,8.2,88.0,13.0,22.0,-99.8,-99.8,0.0,-99.8,-99.8,-99.8,-99.8,-99.8,-99.8,-99.8
2022-02-17 22:00:00,1020.3,8.3,90.0,13.6,19.0,-99.8,-99.8,0.0,-99.8,-99.8,-99.8,-99.8,-99.8,-99.8,-99.8
2022-02-17 23:00:00,1020.6,8.4,89.0,13.7,20.0,-99.8,-99.8,0.0,-99.8,-99.8,-99.8,-99.8,-99.8,-99.8,-99.8
2022-02-18 00:00:00,1020.6,8.2,88.0,13.6,18.0,-99.8,-99.8,0.0,-99.8,-99.8,-99.8,-99.8,-99.8,-99.8,-99.8
2022-02-18 01:00:00,1020.0,8.1,89.0,12.9,22.0,-99.8,-99.8,0.5,-99.8,-99.8,-99.8,-99.8,-99.8,-99.8,-99.8
2022-02-18 02:00:00,1020.3,8.4,88.0,12.7,20.0,-99.8,-99.8,0.0,-99.8,-99.8,-99.8,-99.8,-99.8,-99.8,-99.8
2022-02-18 03:00:00,1020.0,8.0,89.0,13.6,20.0,-99.8,-99.8,0.5,-99.8,-99.8,-99.8,-99.8,-99.8,-99.8,-99.8
2022-02-18 04:00:00,1019.8,8.0,89.0,13.6,19.0,-99.8,-99.8,0.0,-99.8,-99.8,-99.8,-99.8,-99.8,-99.8,-99.8
2022-02-18 05:00:00,1020.0,8.1,89.0,13.1,22.0,-99.8,-99.8,1.0,-99.8,-99.8,-99.8,-99.8,-99.8,-99.8,-99.8
2022-02-18 06:00:00,1020.3,8.2,88.0,12.4,21.0,-99.8,-99.8,0.0,-99.8,-99.8,-99.8,-99.8,-99.8,-99.8,-99.8
2022-02-18 07:00:00,1020.1,8.3,90.0,11.1,25.0,-99.8,-99.8,0.5,-99.8,-99.8,-99.8,-99.8,-99.8,-99.8,-99.8
2022-02-18 08:00:00,1020.2,8.4,88.0,12.2,24.0,-99.8,-99.8,0.0,-99.8,-99.8,-99.8,-99.8,-99.8,-99.8,-99.8
2022-02-18 09:00:00,1020.5,8.3,91.0,12.3,25.0,-99.8,-99.8,0.0,-99.8,-99.8,-99.8,-99.8,-99.8,-99.8,-99.8
2022-02-18 10:00:00,1020.8,8.7,90.0,11.7,19.0,-99.8,-99.8,0.0,-99.8,-99.8,-99.8,-99.8,-99.8,-99.8,-99.8
2022-02-18 11:00:00,1020.4,9.0,86.0,11.6,16.0,-99.8,-99.8,0.0,-99.8,-99.8,-99.8,-99.8,-99.8,-99.8,-99.8
2022-02-18 12:00:00,1019.8,8.8,92.0,11.8,13.0,-99.8,-99.8,0.0,-99.8,-99.8,-99.8,-99.8,-99.8,-99.8,-99.8
2022-02-18 13:00:00,1017.8,8.8,93.0,11.2,13.0,-99.8,-99.8,0.5,-99.8,-99.8,-99.8,-99.8,-99.8,-99.8,-99.8
2022-02-18 14:00:00,1017.0,9.0,90.0,11.2,16.0,-99.8,-99.8,0.0,-99.8,-99.8,-99.8,-99.8,-99.8,-99.8,-99.8
2022-02-18 15:00:00,1016.6,9.2,92.0,9.1,15.0,-99.8,-99.8,0.0,-99.8,-99.8,-99.8,-99.8,-99.8,-99.8,-99.8
2022-02-18 16:00:00,1016.9,9.4,91.0,8.6,13.0,-99.8,-99.8,0.5,-99.8,-99.8,-99.8,-99.8,-99.8,-99.8,-99.8
2022-02-18 17:00:00,1016.6,9.6,93.0,8.7,15.0,-99.8,-99.8,0.0,-99.8,-99.8,-99.8,-99.8,-99.8,-99.8,-99.8
2022-02-18 18:00:00,1016.5,9.8,93.0,8.0,11.0,-99.8,-99.8,0.0,-99.8,-99.8,-99.8,-99.8,-99.8,-99.8,-99.8
2022-02-18 19:00:00,1017.0,9.9,92.0,9.6,16.0,-99.8,-99.8,0.0,-99.8,-99.8,-99.8,-99.8,-99.8,-99.8,-99.8
2022-02-18 20:00:00,1017.2,10.0,95.0,8.6,15.0,-99.8,-99.8,0.5,-99.8,-99.8,-99.8,-99.8,-99.8,-99.8,-99.8
2022-02-18 21:00:00,1017.3,10.0,96.0,9.3,14.0,-99.8,-99.8,0.0,-99.8,-99.8,-99.8,-99.8,-99.8,-99.8,-99.8
2022-02-18 22:00:00,1017.5,10.1,95.0,8.5,12.0,-99.8,-99.8,0.0,-99.8,-99.8,-99.8,-99.8,-99.8,-99.8,-99.8
2022-02-18 23:00:00,1017.9,10.1,95.0,8.7,11.0,-99.8,-99.8,0.0,-99.8,-99.8,-99.8,-99.8,-99.8,-99.8,-99.8
2022-02-19 00:00:00,1017.9,10.1,95.0,7.7,11.0,-99.8,-99.8,0.0,-99.8,-99.8,-99.8,-99.8,-99.8,-99.8,-99.8
2022-02-19 01:00:00,1017.9,10.2,96.0,7.4,10.0,-99.8,-99.8,0.5,-99.8,-99.8,-99.8,-99.8,-99.8,-99.8,-99.8
2022-02-19 02:00:00,1017.2,10.2,95.0,7.9,17.0,-99.8,-99.8,0.5,-99.8,-99.8,-99.8,-99.8,-99.8,-99.8,-99.8
2022-02-19 03:00:00,1016.5,10.1,93.0,9.6,22.0,-99.8,-99.8,0.0,-99.8,-99.8,-99.8,-99.8,-99.8,-99.8,-99.8
2022-02-19 04:00:00,1018.3,10.3,94.0,9.8,15.0,-99.8,-99.8,0.5,-99.8,-99.8,-99.8,-99.8,-99.8,-99.8,-99.8
2022-02-19 05:00:00,1018.0,10.2,96.0,7.2,21.0,-99.8,-99.8,0.5,-99.8,-99.8,-99.8,-99.8,-99.8,-99.8,-99.8
2022-02-19 06:00:00,1018.6,10.2,95.0,6.7,19.0,-99.8,-99.8,1.0,-99.8,-99.8,-99.8,-99.8,-99.8,-99.8,-99.8
2022-02-19 07:00:00,1019.2,10.1,93.0,8.1,25.0,-99.8,-99.8,0.5,-99.8,-99.8,-99.8,-99.8,-99.8,-99.8,-99.8
2022-02-19 08:00:00,1019.5,9.7,90.0,10.7,26.0,-99.8,-99.8,0.5,-99.8,-99.8,-99.8,-99.8,-99.8,-99.8,-99.8
2022-02-19 09:00:00,1020.7,9.6,87.0,12.5,28.0,-99.8,-99.8,1.0,-99.8,-99.8,-99.8,-99.8,-99.8,-99.8,-99.8
2022-02-19 10:00:00,1020.8,9.5,90.0,11.8,28.0,-99.8,-99.8,0.0,-99.8,-99.8,-99.8,-99.8,-99.8,-99.8,-99.8
2022-02-19 11:00:00,1020.3,9.8,85.0,10.7,32.0,-99.8,-99.8,0.0,-99.8,-99.8,-99.8,-99.8,-99.8,-99.8,-99.8
2022-02-19 12:00:00,1020.2,9.8,85.0,11.1,31.0,-99.8,-99.8,0.0,-99.8,-99.8,-99.8,-99.8,-99.8,-99.8,-99.8
2022-02-19 13:00:00,1019.8,9.5,84.0,11.0,31.0,-99.8,-99.8,0.0,-99.8,-99.8,-99.8,-99.8,-99.8,-99.8,-99.8
2022-02-19 14:00:00,1018.8,9.4,84.0,10.5,35.0,-99.8,-99.8,0.0,-99.8,-99.8,-99.8,-99.8,-99.8,-99.8,-99.8
2022-02-19 15:00:00,1019.1,9.4,79.0,11.3,32.0,-99.8,-99.8,0.0,-99.8,-99.8,-99.8,-99.8,-99.8,-99.8,-99.8
2022-02-19 16:00:00,1020.0,9.3,80.0,10.3,35.0,-99.8,-99.8,0.0,-99.8,-99.8,-99.8,-99.8,-99.8,-99.8,-99.8
2022-02-19 17:00:00,1020.5,9.0,82.0,10.6,33.0,-99.8,-99.8,0.0,-99.8,-99.8,-99.8,-99.8,-99.8,-99.8,-99.8
2022-02-19 18:00:00,1020.6,9.0,80.0,10.8,34.0,-99.8,-99.8,0.0,-99.8,-99.8,-99.8,-99.8,-99.8,-99.8,-99.8
2022-02-19 19:00:00,1021.5,8.9,79.0,11.8,32.0,-99.8,-99.8,0.0,-99.8,-99.8,-99.8,-99.8,-99.8,-99.8,-99.8
2022-02-19 20:00:00,1022.5,8.6,78.0,11.7,34.0,-99.8,-99.8,0.0,-99.8,-99.8,-99.8,-99.8,-99.8,-99.8,-99.8
2022-02-19 21:00:00,1023.5,8.5,77.0,13.0,29.0,-99.8,-99.8,0.0,-99.8,-99.8,-99.8,-99.8,-99.8,-99.8,-99.8
2022-02-19 22:00:00,1024.7,7.9,82.0,12.5,26.0,-99.8,-99.8,0.0,-99.8,-99.8,-99.8,-99.8,-99.8,-99.8,-99.8
2022-02-19 23:00:00,1024.8,7.8,80.0,12.3,28.0,-99.8,-99.8,0.0,-99.8,-99.8,-99.8,-99.8,-99.8,-99.8,-99.8
2022-02-20 00:00:00,1024.3,7.6,80.0,12.2,26.0,-99.8,-99.8,0.0,-99.8,-99.8,-99.8,-99.8,-99.8,-99.8,-99.8
2022-02-20 01:00:00,1024.4,7.5,78.0,12.6,24.0,-99.8,-99.8,0.5,-99.8,-99.8,-99.8,-99.8,-99.8,-99.8,-99.8
2022-02-20 02:00:00,1024.7,7.1,78.0,13.3,23.0,-99.8,-99.8,0.0,-99.8,-99.8,-99.8,-99.8,-99.8,-99.8,-99.8
2022-02-20 03:00:00,1024.5,6.7,81.0,14.2,21.0,-99.8,-99.8,1.0,-99.8,-99.8,-99.8,-99.8,-99.8,-99.8,-99.8
2022-02-20 04:00:00,1024.1,6.2,82.0,13.9,22.0,-99.8,-99.8,0.0,-99.8,-99.8,-99.8,-99.8,-99.8,-99.8,-99.8
2022-02-20 05:00:00,1025.6,6.1,82.0,14.5,22.0,-99.8,-99.8,0.5,-99.8,-99.8,-99.8,-99.8,-99.8,-99.8,-99.8
2022-02-20 06:00:00,1026.2,5.9,85.0,14.3,21.0,-99.8,-99.8,0.5,-99.8,-99.8,-99.8,-99.8,-99.8,-99.8,-99.8
2022-02-20 07:00:00,1027.2,4.5,88.0,14.6,24.0,-99.8,-99.8,1.5,-99.8,-99.8,-99.8,-99.8,-99.8,-99.8,-99.8
2022-02-20 08:00:00,1028.3,5.4,83.0,13.9,25.0,-99.8,-99.8,1.0,-99.8,-99.8,-99.8,-99.8,-99.8,-99.8,-99.8
2022-02-20 09:00:00,1028.6,6.2,74.0,12.9,25.0,-99.8,-99.8,0.0,-99.8,-99.8,-99.8,-99.8,-99.8,-99.8,-99.8
2022-02-20 10:00:00,1028.5,6.7,72.0,13.5,23.0,-99.8,-99.8,0.0,-99.8,-99.8,-99.8,-99.8,-99.8,-99.8,-99.8
2022-02-20 11:00:00,1027.8,6.9,68.0,12.7,25.0,-99.8,-99.8,0.0,-99.8,-99.8,-99.8,-99.8,-99.8,-99.8,-99.8
2022-02-20 12:00:00,1026.8,6.9,64.0,11.4,31.0,-99.8,-99.8,0.0,-99.8,-99.8,-99.8,-99.8,-99.8,-99.8,-99.8
2022-02-20 13:00:00,1026.3,7.1,60.0,11.5,29.0,-99.8,-99.8,0.0,-99.8,-99.8,-99.8,-99.8,-99.8,-99.8,-99.8
2022-02-20 14:00:00,1026.3,6.7,61.0,11.4,29.0,-99.8,-99.8,0.0,-99.8,-99.8,-99.8,-99.8,-99.8,-99.8,-99.8
2022-02-20 15:00:00,1026.5,6.4,61.0,12.3,27.0,-99.8,-99.8,0.0,-99.8,-99.8,-99.8,-99.8,-99.8,-99.8,-99.8
2022-02-20 16:00:00,1026.9,7.0,55.0,11.4,28.0,-99.8,-99.8,0.0,-99.8,-99.8,-99.8,-99.8,-99.8,-99.8,-99.8
2022-02-20 17:00:00,1027.1,6.7,50.0,11.2,29.0,-99.8,-99.8,0.0,-99.8,-99.8,-99.8,-99.8,-99.8,-99.8,-99.8
2022-02-20 18:00:00,1027.3,6.8,53.0,11.7,28.0,-99.8,-99.8,0.0,-99.8,-99.8,-99.8,-99.8,-99.8,-99.8,-99.8
2022-02-20 19:00:00,1027.4,6.6,52.0,11.7,29.0,-99.8,-99.8,0.0,-99.8,-99.8,-99.8,-99.8,-99.8,-99.8,-99.8
2022-02-20 20:00:00,1027.8,6.8,54.0,12.3,28.0,-99.8,-99.8,0.0,-99.8,-99.8,-99.8,-99.8,-99.8,-99.8,-99.8
2022-02-20 21:00:00,1027.8,7.2,56.0,10.1,32.0,-99.8,-99.8,0.0,-99.8,-99.8,-99.8,-99.8,-99.8,-99.8,-99.8
2022-02-20 22:00:00,1028.0,7.2,52.0,11.9,29.0,-99.8,-99.8,0.0,-99.8,-99.8,-99.8,-99.8,-99.8,-99.8,-99.8
2022-02-20 23:00:00,1027.8,7.3,58.0,12.2,28.0,-99.8,-99.8,0.0,-99.8,-99.8,-99.8,-99.8,-99.8,-99.8,-99.8
2022-02-21 00:00:00,1027.3,7.1,62.0,12.4,22.0,-99.8,-99.8,0.0,-99.8,-99.8,-99.8,-99.8,-99.8,-99.8,-99.8
2022-02-21 01:00:00,1026.9,7.1,63.0,12.7,23.0,-99.8,-99.8,0.0,-99.8,-99.8,-99.8,-99.8,-99.8,-99.8,-99.8
2022-02-21 02:00:00,1026.6,5.8,72.0,14.7,15.0,-99.8,-99.8,0.0,-99.8,-99.8,-99.8,-99.8,-99.8,-99.8,-99.8
2022-02-21 03:00:00,1026.0,5.2,81.0,14.1,17.0,-99.8,-99.8,0.0,-99.8,-99.8,-99.8,-99.8,-99.8,-99.8,-99.8
2022-02-21 04:00:00,1026.0,4.9,85.0,14.4,15.0,-99.8,-99.8,0.0,-99.8,-99.8,-99.8,-99.8,-99.8,-99.8,-99.8
2022-02-21 05:00:00,1026.5,4.8,87.0,14.3,13.0,-99.8,-99.8,0.5,-99.8,-99.8,-99.8,-99.8,-99.8,-99.8,-99.8
2022-02-21 06:00:00,1026.8,4.4,87.0,13.1,18.0,-99.8,-99.8,0.0,-99.8,-99.8,-99.8,-99.8,-99.8,-99.8,-99.8
2022-02-21 07:00:00,1026.9,4.9,88.0,12.9,20.0,-99.8,-99.8,0.0,-99.8,-99.8,-99.8,-99.8,-99.8,-99.8,-99.8
2022-02-21 08:00:00,1027.0,5.0,87.0,12.8,24.0,-99.8,-99.8,0.5,-99.8,-99.8,-99.8,-99.8,-99.8,-99.8,-99.8
2022-02-21 09:00:00,1027.4,5.5,88.0,12.6,25.0,-99.8,-99.8,0.5,-99.8,-99.8,-99.8,-99.8,-99.8,-99.8,-99.8
2022-02-21 10:00:00,1027.3,5.7,87.0,12.8,26.0,-99.8,-99.8,0.0,-99.8,-99.8,-99.8,-99.8,-99.8,-99.8,-99.8
2022-02-21 11:00:00,1026.6,6.1,85.0,13.1,23.0,-99.8,-99.8,0.5,-99.8,-99.8,-99.8,-99.8,-99.8,-99.8,-99.8
2022-02-21 12:00:00,1026.2,6.1,86.0,12.2,20.0,-99.8,-99.8,0.0,-99.8,-99.8,-99.8,-99.8,-99.8,-99.8,-99.8
2022-02-21 13:00:00,1024.8,6.3,86.0,12.7,20.0,-99.8,-99.8,0.5,-99.8,-99.8,-99.8,-99.8,-99.8,-99.8,-99.8
2022-02-21 14:00:00,1024.3,6.6,85.0,12.7,21.0,-99.8,-99.8,0.5,-99.8,-99.8,-99.8,-99.8,-99.8,-99.8,-99.8
2022-02-21 15:00:00,1023.9,7.2,83.0,13.2,22.0,-99.8,-99.8,0.0,-99.8,-99.8,-99.8,-99.8,-99.8,-99.8,-99.8
2022-02-21 16:00:00,1023.6,7.3,81.0,14.6,22.0,-99.8,-99.8,0.0,-99.8,-99.8,-99.8,-99.8,-99.8,-99.8,-99.8
2022-02-21 17:00:00,1024.4,7.5,84.0,13.4,21.0,-99.8,-99.8,0.0,-99.8,-99.8,-99.8,-99.8,-99.8,-99.8,-99.8
2022-02-21 18:00:00,1024.8,7.4,87.0,13.4,19.0,-99.8,-99.8,0.0,-99.8,-99.8,-99.8,-99.8,-99.8,-99.8,-99.8
2022-02-21 19:00:00,1025.6,7.1,90.0,13.7,17.0,-99.8,-99.8,0.0,-99.8,-99.8,-99.8,-99.8,-99.8,-99.8,-99.8
2022-02-21 20:00:00,1026.4,7.2,92.0,12.9,20.0,-99.8,-99.8,0.5,-99.8,-99.8,-99.8,-99.8,-99.8,-99.8,-99.8
2022-02-21 21:00:00,1026.7,7.2,92.0,13.2,20.0,-99.8,-99.8,0.0,-99.8,-99.8,-99.8,-99.8,-99.8,-99.8,-99.8
2022-02-21 22:00:00,1027.0,7.5,91.0,13.9,23.0,-99.8,-99.8,0.5,-99.8,-99.8,-99.8,-99.8,-99.8,-99.8,-99.8
2022-02-21 23:00:00,1027.0,7.7,88.0,14.0,22.0,-99.8,-99.8,0.0,-99.8,-99.8,-99.8,-99.8,-99.8,-99.8,-99.8
2022-02-22 00:00:00,1026.7,7.7,86.0,14.0,15.0,-99.8,-99.8,0.0,-99.8,-99.8,-99.8,-99.8,-99.8,-99.8,-99.8
2022-02-22 01:00:00,1025.8,8.1,77.0,14.3,20.0,-99.8,-99.8,0.0,-99.8,-99.8,-99.8,-99.8,-99.8,-99.8,-99.8
2022-02-22 02:00:00,1025.3,8.1,77.0,13.6,25.0,-99.8,-99.8,0.0,-99.8,-99.8,-99.8,-99.8,-99.8,-99.8,-99.8
2022-02-22 03:00:00,1025.1,8.2,78.0,13.1,20.0,-99.8,-99.8,0.0,-99.8,-99.8,-99.8,-99.8,-99.8,-99.8,-99.8
2022-02-22 04:00:00,1024.3,8.1,77.0,14.3,23.0,-99.8,-99.8,0.0,-99.8,-99.8,-99.8,-99.8,-99.8,-99.8,-99.8
2022-02-22 05:00:00,1025.1,7.9,78.0,13.1,18.0,-99.8,-99.8,0.0,-99.8,-99.8,-99.8,-99.8,-99.8,-99.8,-99.8
2022-02-22 06:00:00,1024.8,7.8,75.0,12.8,22.0,-99.8,-99.8,0.0,-99.8,-99.8,-99.8,-99.8,-99.8,-99.8,-99.8
2022-02-22 07:00:00,1025.9,8.2,76.0,12.8,20.0,-99.8,-99.8,0.0,-99.8,-99.8,-99.8,-99.8,-99.8,-99.8,-99.8
2022-02-22 08:00:00,1026.5,8.2,73.0,13.2,23.0,-99.8,-99.8,0.0,-99.8,-99.8,-99.8,-99.8,-99.8,-99.8,-99.8
2022-02-22 09:00:00,1027.0,8.4,75.0,13.5,22.0,-99.8,-99.8,0.0,-99.8,-99.8,-99.8,-99.8,-99.8,-99.8,-99.8
2022-02-22 10:00:00,1026.7,8.2,74.0,14.4,23.0,-99.8,-99.8,0.0,-99.8,-99.8,-99.8,-99.8,-99.8,-99.8,-99.8
2022-02-22 11:00:00,1026.3,8.4,76.0,14.5,23.0,-99.8,-99.8,0.0,-99.8,-99.8,-99.8,-99.8,-99.8,-99.8,-99.8
2022-02-22 12:00:00,1025.9,8.3,73.0,15.1,23.0,-99.8,-99.8,0.0,-99.8,-99.8,-99.8,-99.8,-99.8,-99.8,-99.8
2022-02-22 13:00:00,1024.9,8.3,71.0,14.9,22.0,-99.8,-99.8,0.0,-99.8,-99.8,-99.8,-99.8,-99.8,-99.8,-99.8
2022-02-22 14:00:00,1024.0,8.1,72.0,14.4,24.0,-99.8,-99.8,0.0,-99.8,-99.8,-99.8,-99.8,-99.8,-99.8,-99.8
2022-02-22 15:00:00,1023.5,7.9,74.0,14.5,24.0,-99.8,-99.8,0.0,-99.8,-99.8,-99.8,-99.8,-99.8,-99.8,-99.8
2022-02-22 16:00:00,1023.7,7.4,81.0,14.8,26.0,-99.8,-99.8,0.5,-99.8,-99.8,-99.8,-99.8,-99.8,-99.8,-99.8
2022-02-22 17:00:00,1024.7,6.9,86.0,14.2,20.0,-99.8,-99.8,0.5,-99.8,-99.8,-99.8,-99.8,-99.8,-99.8,-99.8
2022-02-22 18:00:00,1024.6,7.3,83.0,14.1,22.0,-99.8,-99.8,0.0,-99.8,-99.8,-99.8,-99.8,-99.8,-99.8,-99.8
2022-02-22 19:00:00,1024.9,6.8,86.0,15.2,23.0,-99.8,-99.8,1.0,-99.8,-99.8,-99.8,-99.8,-99.8,-99.8,-99.8
2022-02-22 20:00:00,1025.2,7.0,86.0,16.2,23.0,-99.8,-99.8,0.0,-99.8,-99.8,-99.8,-99.8,-99.8,-99.8,-99.8
2022-02-22 21:00:00,1025.6,6.8,91.0,14.6,23.0,-99.8,-99.8,0.5,-99.8,-99.8,-99.8,-99.8,-99.8,-99.8,-99.8
2022-02-22 22:00:00,1025.7,6.8,91.0,15.5,25.0,-99.8,-99.8,1.5,-99.8,-99.8,-99.8,-99.8,-99.8,-99.8,-99.8
2022-02-22 23:00:00,1026.2,6.6,91.0,15.6,22.0,-99.8,-99.8,3.0,-99.8,-99.8,-99.8,-99.8,-99.8,-99.8,-99.8
2022-02-23 00:00:00,1025.1,7.1,88.0,14.6,23.0,-99.8,-99.8,0.5,-99.8,-99.8,-99.8,-99.8,-99.8,-99.8,-99.8
2022-02-23 01:00:00,1025.4,6.5,92.0,15.0,22.0,-99.8,-99.8,1.5,-99.8,-99.8,-99.8,-99.8,-99.8,-99.8,-99.8
2022-02-23 02:00:00,1024.0,6.4,92.0,13.6,24.0,-99.8,-99.8,1.5,-99.8,-99.8,-99.8,-99.8,-99.8,-99.8,-99.8
2022-02-23 03:00:00,1026.2,6.9,88.0,14.7,13.0,-99.8,-99.8,0.5,-99.8,-99.8,-99.8,-99.8,-99.8,-99.8,-99.8
2022-02-23 04:00:00,1025.9,7.0,87.0,13.7,15.0,-99.8,-99.8,0.5,-99.8,-99.8,-99.8,-99.8,-99.8,-99.8,-99.8
2022-02-23 05:00:00,1025.3,6.9,88.0,13.6,18.0,-99.8,-99.8,1.0,-99.8,-99.8,-99.8,-99.8,-99.8,-99.8,-99.8
2022-02-23 06:00:00,1027.0,7.0,89.0,12.2,17.0,-99.8,-99.8,1.5,-99.8,-99.8,-99.8,-99.8,-99.8,-99.8,-99.8
2022-02-23 07:00:00,1027.8,7.1,88.0,13.2,16.0,-99.8,-99.8,0.5,-99.8,-99.8,-99.8,-99.8,-99.8,-99.8,-99.8
2022-02-23 08:00:00,1028.0,6.8,88.0,13.2,21.0,-99.8,-99.8,0.0,-99.8,-99.8,-99.8,-99.8,-99.8,-99.8,-99.8
2022-02-23 09:00:00,1028.1,7.0,84.0,15.2,25.0,-99.8,-99.8,0.0,-99.8,-99.8,-99.8,-99.8,-99.8,-99.8,-99.8
2022-02-23 10:00:00,1028.6,7.4,80.0,13.7,22.0,-99.8,-99.8,0.0,-99.8,-99.8,-99.8,-99.8,-99.8,-99.8,-99.8
2022-02-23 11:00:00,1028.0,7.4,76.0,13.9,26.0,-99.8,-99.8,0.0,-99.8,-99.8,-99.8,-99.8,-99.8,-99.8,-99.8
2022-02-23 12:00:00,-9999.7,-99.7,-9997.0,-99.7,-999.7,-99.8,-99.8,-999.6,-99.8,-99.8,-99.8,-99.8,-99.8,-99.8,-99.8
2022-02-23 13:00:00,1026.7,7.2,77.0,14.6,27.0,-99.8,-99.8,0.0,-99.8,-99.8,-99.8,-99.8,-99.8,-99.8,-99.8
2022-02-23 14:00:00,1025.8,7.3,77.0,14.1,25.0,-99.8,-99.8,0.0,-99.8,-99.8,-99.8,-99.8,-99.8,-99.8,-99.8
2022-02-23 15:00:00,1026.0,7.4,77.0,14.3,22.0,-99.8,-99.8,0.0,-99.8,-99.8,-99.8,-99.8,-99.8,-99.8,-99.8
2022-02-23 16:00:00,1026.4,7.6,78.0,13.5,24.0,-99.8,-99.8,0.0,-99.8,-99.8,-99.8,-99.8,-99.8,-99.8,-99.8
2022-02-23 17:00:00,1026.9,7.4,77.0,13.2,22.0,-99.8,-99.8,0.0,-99.8,-99.8,-99.8,-99.8,-99.8,-99.8,-99.8
2022-02-23 18:00:00,1027.4,7.3,76.0,12.9,26.0,-99.8,-99.8,0.0,-99.8,-99.8,-99.8,-99.8,-99.8,-99.8,-99.8
2022-02-23 19:00:00,1028.2,7.5,72.0,13.6,28.0,-99.8,-99.8,0.0,-99.8,-99.8,-99.8,-99.8,-99.8,-99.8,-99.8
2022-02-23 20:00:00,1028.7,7.6,72.0,12.6,26.0,-99.8,-99.8,0.0,-99.8,-99.8,-99.8,-99.8,-99.8,-99.8,-99.8
2022-02-23 21:00:00,1029.1,7.7,73.0,13.6,24.0,-99.8,-99.8,0.0,-99.8,-99.8,-99.8,-99.8,-99.8,-99.8,-99.8
2022-02-23 22:00:00,1029.5,7.8,70.0,13.8,26.0,-99.8,-99.8,0.0,-99.8,-99.8,-99.8,-99.8,-99.8,-99.8,-99.8
2022-02-23 23:00:00,1029.4,7.6,70.0,13.7,24.0,-99.8,-99.8,0.0,-99.8,-99.8,-99.8,-99.8,-99.8,-99.8,-99.8
2022-02-24 00:00:00,1029.5,7.6,70.0,12.4,24.0,-99.8,-99.8,0.0,-99.8,-99.8,-99.8,-99.8,-99.8,-99.8,-99.8
2022-02-24 01:00:00,1029.1,7.6,69.0,12.7,22.0,-99.8,-99.8,0.0,-99.8,-99.8,-99.8,-99.8,-99.8,-99.8,-99.8
2022-02-24 02:00:00,1028.6,7.5,67.0,12.2,27.0,-99.8,-99.8,0.0,-99.8,-99.8,-99.8,-99.8,-99.8,-99.8,-99.8
2022-02-24 03:00:00,1028.5,7.5,66.0,11.1,25.0,-99.8,-99.8,0.0,-99.8,-99.8,-99.8,-99.8,-99.8,-99.8,-99.8
2022-02-24 04:00:00,1028.4,7.4,65.0,11.7,23.0,-99.8,-99.8,0.0,-99.8,-99.8,-99.8,-99.8,-99.8,-99.8,-99.8
2022-02-24 05:00:00,1028.7,7.5,68.0,10.9,25.0,-99.8,-99.8,0.0,-99.8,-99.8,-99.8,-99.8,-99.8,-99.8,-99.8
2022-02-24 06:00:00,1029.0,7.4,69.0,11.6,24.0,-99.8,-99.8,0.0,-99.8,-99.8,-99.8,-99.8,-99.8,-99.8,-99.8
2022-02-24 07:00:00,1029.4,7.4,72.0,11.9,23.0,-99.8,-99.8,0.0,-99.8,-99.8,-99.8,-99.8,-99.8,-99.8,-99.8
2022-02-24 08:00:00,1029.7,7.5,65.0,11.4,30.0,-99.8,-99.8,0.0,-99.8,-99.8,-99.8,-99.8,-99.8,-99.8,-99.8
2022-02-24 09:00:00,1030.2,7.8,62.0,11.8,29.0,-99.8,-99.8,0.0,-99.8,-99.8,-99.8,-99.8,-99.8,-99.8,-99.8
2022-02-24 10:00:00,1030.1,7.9,59.0,10.8,28.0,-99.8,-99.8,0.0,-99.8,-99.8,-99.8,-99.8,-99.8,-99.8,-99.8
2022-02-24 11:00:00,1029.6,8.1,68.0,11.7,21.0,-99.8,-99.8,0.0,-99.8,-99.8,-99.8,-99.8,-99.8,-99.8,-99.8
2022-02-24 12:00:00,1028.9,8.2,72.0,11.7,21.0,-99.8,-99.8,0.0,-99.8,-99.8,-99.8,-99.8,-99.8,-99.8,-99.8
2022-02-24 13:00:00,1027.5,8.1,67.0,12.4,22.0,-99.8,-99.8,0.0,-99.8,-99.8,-99.8,-99.8,-99.8,-99.8,-99.8
2022-02-24 14:00:00,1027.2,8.3,69.0,12.7,21.0,-99.8,-99.8,0.0,-99.8,-99.8,-99.8,-99.8,-99.8,-99.8,-99.8
2022-02-24 15:00:00,1027.0,8.6,69.0,10.9,29.0,-99.8,-99.8,0.0,-99.8,-99.8,-99.8,-99.8,-99.8,-99.8,-99.8
2022-02-24 16:00:00,1027.3,8.9,72.0,11.5,28.0,-99.8,-99.8,0.0,-99.8,-99.8,-99.8,-99.8,-99.8,-99.8,-99.8
2022-02-24 17:00:00,1027.5,8.9,75.0,11.6,28.0,-99.8,-99.8,0.0,-99.8,-99.8,-99.8,-99.8,-99.8,-99.8,-99.8
2022-02-24 18:00:00,1027.5,9.1,77.0,11.6,30.0,-99.8,-99.8,0.0,-99.8,-99.8,-99.8,-99.8,-99.8,-99.8,-99.8
2022-02-24 19:00:00,1028.1,9.4,74.0,11.3,28.0,-99.8,-99.8,0.0,-99.8,-99.8,-99.8,-99.8,-99.8,-99.8,-99.8
2022-02-24 20:00:00,1028.3,9.2,77.0,11.1,28.0,-99.8,-99.8,0.0,-99.8,-99.8,-99.8,-99.8,-99.8,-99.8,-99.8
2022-02-24 21:00:00,1028.2,9.2,80.0,11.3,24.0,-99.8,-99.8,0.0,-99.8,-99.8,-99.8,-99.8,-99.8,-99.8,-99.8
2022-02-24 22:00:00,1028.3,9.1,80.0,11.2,22.0,-99.8,-99.8,0.0,-99.8,-99.8,-99.8,-99.8,-99.8,-99.8,-99.8
2022-02-24 23:00:00,1028.5,8.9,79.0,10.7,20.0,-99.8,-99.8,0.0,-99.8,-99.8,-99.8,-99.8,-99.8,-99.8,-99.8
2022-02-25 00:00:00,1027.7,8.7,79.0,11.7,18.0,-99.8,-99.8,0.0,-99.8,-99.8,-99.8,-99.8,-99.8,-99.8,-99.8
2022-02-25 01:00:00,1027.1,8.7,79.0,11.0,17.0,-99.8,-99.8,0.0,-99.8,-99.8,-99.8,-99.8,-99.8,-99.8,-99.8
2022-02-25 02:00:00,1026.4,8.4,79.0,11.1,19.0,-99.8,-99.8,0.0,-99.8,-99.8,-99.8,-99.8,-99.8,-99.8,-99.8
2022-02-25 03:00:00,1025.9,8.6,73.0,11.9,16.0,-99.8,-99.8,0.0,-99.8,-99.8,-99.8,-99.8,-99.8,-99.8,-99.8
2022-02-25 04:00:00,1025.9,8.6,71.0,11.0,12.0,-99.8,-99.8,0.0,-99.8,-99.8,-99.8,-99.8,-99.8,-99.8,-99.8
2022-02-25 05:00:00,1026.2,8.9,69.0,10.1,10.0,-99.8,-99.8,0.0,-99.8,-99.8,-99.8,-99.8,-99.8,-99.8,-99.8
2022-02-25 06:00:00,1027.1,8.9,68.0,9.8,11.0,-99.8,-99.8,0.0,-99.8,-99.8,-99.8,-99.8,-99.8,-99.8,-99.8
2022-02-25 07:00:00,1027.7,8.9,69.0,9.4,13.0,-99.8,-99.8,0.0,-99.8,-99.8,-99.8,-99.8,-99.8,-99.8,-99.8
2022-02-25 08:00:00,1027.9,9.1,68.0,9.7,13.0,-99.8,-99.8,0.0,-99.8,-99.8,-99.8,-99.8,-99.8,-99.8,-99.8
2022-02-25 09:00:00,1028.4,9.1,70.0,8.5,14.0,-99.8,-99.8,0.0,-99.8,-99.8,-99.8,-99.8,-99.8,-99.8,-99.8
2022-02-25 10:00:00,1028.1,9.3,68.0,9.1,17.0,-99.8,-99.8,0.0,-99.8,-99.8,-99.8,-99.8,-99.8,-99.8,-99.8
2022-02-25 11:00:00,1027.6,9.5,67.0,9.1,21.0,-99.8,-99.8,0.0,-99.8,-99.8,-99.8,-99.8,-99.8,-99.8,-99.8
2022-02-25 12:00:00,1026.4,9.3,70.0,9.4,27.0,-99.8,-99.8,0.0,-99.8,-99.8,-99.8,-99.8,-99.8,-99.8,-99.8
2022-02-25 13:00:00,1025.3,9.4,72.0,9.6,26.0,-99.8,-99.8,0.0,-99.8,-99.8,-99.8,-99.8,-99.8,-99.8,-99.8
2022-02-25 14:00:00,1024.6,9.6,74.0,9.0,23.0,-99.8,-99.8,0.0,-99.8,-99.8,-99.8,-99.8,-99.8,-99.8,-99.8
2022-02-25 15:00:00,1023.8,9.8,76.0,8.4,24.0,-99.8,-99.8,0.0,-99.8,-99.8,-99.8,-99.8,-99.8,-99.8,-99.8
2022-02-25 16:00:00,1023.8,10.0,77.0,8.1,31.0,-99.8,-99.8,0.0,-99.8,-99.8,-99.8,-99.8,-99.8,-99.8,-99.8
2022-02-25 17:00:00,-9999.7,-99.7,-9997.0,-99.7,-999.7,-99.8,-99.8,-999.6,-99.8,-99.8,-99.8,-99.8,-99.8,-99.8,-99.8
2022-02-25 18:00:00,1023.8,10.2,85.0,7.0,25.0,-99.8,-99.8,0.0,-99.8,-99.8,-99.8,-99.8,-99.8,-99.8,-99.8
2022-02-25 19:00:00,1024.3,10.0,87.0,7.3,17.0,-99.8,-99.8,0.0,-99.8,-99.8,-99.8,-99.8,-99.8,-99.8,-99.8
2022-02-25 20:00:00,1024.6,9.9,87.0,7.9,21.0,-99.8,-99.8,0.0,-99.8,-99.8,-99.8,-99.8,-99.8,-99.8,-99.8
2022-02-25 21:00:00,1024.6,9.6,88.0,8.1,15.0,-99.8,-99.8,0.0,-99.8,-99.8,-99.8,-99.8,-99.8,-99.8,-99.8
2022-02-25 22:00:00,1024.4,9.5,89.0,8.9,11.0,-99.8,-99.8,0.0,-99.8,-99.8,-99.8,-99.8,-99.8,-99.8,-99.8
2022-02-25 23:00:00,1024.1,9.8,87.0,8.7,9.0,-99.8,-99.8,0.0,-99.8,-99.8,-99.8,-99.8,-99.8,-99.8,-99.8
2022-02-26 00:00:00,1023.9,10.1,87.0,6.8,5.0,-99.8,-99.8,0.0,-99.8,-99.8,-99.8,-99.8,-99.8,-99.8,-99.8
2022-02-26 01:00:00,1023.4,10.2,85.0,5.5,360.0,-99.8,-99.8,0.0,-99.8,-99.8,-99.8,-99.8,-99.8,-99.8,-99.8
2022-02-26 02:00:00,1022.9,10.3,84.0,5.6,359.0,-99.8,-99.8,0.0,-99.8,-99.8,-99.8,-99.8,-99.8,-99.8,-99.8
2022-02-26 03:00:00,1022.4,10.3,84.0,5.6,2.0,-99.8,-99.8,0.0,-99.8,-99.8,-99.8,-99.8,-99.8,-99.8,-99.8
2022-02-26 04:00:00,1022.2,10.5,82.0,4.8,360.0,-99.8,-99.8,0.0,-99.8,-99.8,-99.8,-99.8,-99.8,-99.8,-99.8
2022-02-26 05:00:00,1022.4,10.3,85.0,3.5,352.0,-99.8,-99.8,0.0,-99.8,-99.8,-99.8,-99.8,-99.8,-99.8,-99.8
2022-02-26 06:00:00,1023.0,10.7,81.0,3.3,343.0,-99.8,-99.8,0.0,-99.8,-99.8,-99.8,-99.8,-99.8,-99.8,-99.8
2022-02-26 07:00:00,1023.7,10.7,81.0,3.8,337.0,-99.8,-99.8,0.0,-99.8,-99.8,-99.8,-99.8,-99.8,-99.8,-99.8
2022-02-26 08:00:00,1024.2,10.8,82.0,3.6,334.0,-99.8,-99.8,0.0,-99.8,-99.8,-99.8,-99.8,-99.8,-99.8,-99.8
2022-02-26 09:00:00,1024.5,10.9,82.0,2.4,336.0,-99.8,-99.8,0.0,-99.8,-99.8,-99.8,-99.8,-99.8,-99.8,-99.8
2022-02-26 10:00:00,1024.1,11.7,81.0,2.0,26.0,-99.8,-99.8,0.0,-99.8,-99.8,-99.8,-99.8,-99.8,-99.8,-99.8
2022-02-26 11:00:00,1023.4,12.9,74.0,2.1,27.0,-99.8,-99.8,0.0,-99.8,-99.8,-99.8,-99.8,-99.8,-99.8,-99.8
2022-02-26 12:00:00,1022.1,13.2,73.0,1.9,8.0,-99.8,-99.8,0.0,-99.8,-99.8,-99.8,-99.8,-99.8,-99.8,-99.8
2022-02-26 13:00:00,1020.7,15.9,64.0,1.5,20.0,-99.8,-99.8,0.0,-99.8,-99.8,-99.8,-99.8,-99.8,-99.8,-99.8
2022-02-26 14:00:00,1019.5,14.5,70.0,1.6,131.0,-99.8,-99.8,0.0,-99.8,-99.8,-99.8,-99.8,-99.8,-99.8,-99.8
2022-02-26 15:00:00,1018.7,13.4,76.0,2.4,143.0,-99.8,-99.8,0.0,-99.8,-99.8,-99.8,-99.8,-99.8,-99.8,-99.8
2022-02-26 16:00:00,1018.3,14.1,75.0,2.8,156.0,-99.8,-99.8,0.0,-99.8,-99.8,-99.8,-99.8,-99.8,-99.8,-99.8
2022-02-26 17:00:00,1018.5,14.3,78.0,2.1,154.0,-99.8,-99.8,0.0,-99.8,-99.8,-99.8,-99.8,-99.8,-99.8,-99.8
2022-02-26 18:00:00,1018.8,11.8,89.0,1.6,13.0,-99.8,-99.8,0.0,-99.8,-99.8,-99.8,-99.8,-99.8,-99.8,-99.8
2022-02-26 19:00:00,1019.6,11.4,91.0,1.2,360.0,-99.8,-99.8,0.0,-99.8,-99.8,-99.8,-99.8,-99.8,-99.8,-99.8
2022-02-26 20:00:00,1020.4,11.4,92.0,2.5,24.0,-99.8,-99.8,0.0,-99.8,-99.8,-99.8,-99.8,-99.8,-99.8,-99.8
2022-02-26 21:00:00,1021.1,11.0,93.0,3.2,23.0,-99.8,-99.8,0.0,-99.8,-99.8,-99.8,-99.8,-99.8,-99.8,-99.8
2022-02-26 22:00:00,1021.5,10.9,92.0,4.2,24.0,-99.8,-99.8,0.0,-99.8,-99.8,-99.8,-99.8,-99.8,-99.8,-99.8
2022-02-26 23:00:00,1021.3,11.4,90.0,2.9,23.0,-99.8,-99.8,0.0,-99.8,-99.8,-99.8,-99.8,-99.8,-99.8,-99.8
2022-02-27 00:00:00,1021.4,10.7,92.0,1.0,354.0,-99.8,-99.8,0.0,-99.8,-99.8,-99.8,-99.8,-99.8,-99.8,-99.8
2022-02-27 01:00:00,1021.4,11.1,92.0,3.1,331.0,-99.8,-99.8,0.0,-99.8,-99.8,-99.8,-99.8,-99.8,-99.8,-99.8
2022-02-27 02:00:00,1021.0,11.4,90.0,3.8,327.0,-99.8,-99.8,0.0,-99.8,-99.8,-99.8,-99.8,-99.8,-99.8,-99.8
2022-02-27 03:00:00,1020.6,11.3,92.0,2.8,351.0,-99.8,-99.8,0.0,-99.8,-99.8,-99.8,-99.8,-99.8,-99.8,-99.8
2022-02-27 04:00:00,1020.9,11.6,92.0,3.2,352.0,-99.8,-99.8,0.0,-99.8,-99.8,-99.8,-99.8,-99.8,-99.8,-99.8
2022-02-27 05:00:00,1021.4,11.2,91.0,4.2,5.0,-99.8,-99.8,0.0,-99.8,-99.8,-99.8,-99.8,-99.8,-99.8,-99.8
2022-02-27 06:00:00,1021.9,10.9,92.0,4.2,18.0,-99.8,-99.8,0.0,-99.8,-99.8,-99.8,-99.8,-99.8,-99.8,-99.8
2022-02-27 07:00:00,1022.6,11.1,90.0,5.0,24.0,-99.8,-99.8,0.0,-99.8,-99.8,-99.8,-99.8,-99.8,-99.8,-99.8
2022-02-27 08:00:00,1023.1,11.2,92.0,4.5,17.0,-99.8,-99.8,0.0,-99.8,-99.8,-99.8,-99.8,-99.8,-99.8,-99.8
2022-02-27 09:00:00,1023.6,11.9,88.0,4.8,13.0,-99.8,-99.8,0.0,-99.8,-99.8,-99.8,-99.8,-99.8,-99.8,-99.8
2022-02-27 10:00:00,1023.7,12.5,82.0,4.5,9.0,-99.8,-99.8,0.0,-99.8,-99.8,-99.8,-99.8,-99.8,-99.8,-99.8
2022-02-27 11:00:00,1023.2,12.6,81.0,5.2,17.0,-99.8,-99.8,0.0,-99.8,-99.8,-99.8,-99.8,-99.8,-99.8,-99.8
2022-02-27 12:00:00,1022.0,13.0,76.0,5.9,24.0,-99.8,-99.8,0.0,-99.8,-99.8,-99.8,-99.8,-99.8,-99.8,-99.8
2022-02-27 13:00:00,1021.0,13.4,77.0,4.4,16.0,-99.8,-99.8,0.0,-99.8,-99.8,-99.8,-99.8,-99.8,-99.8,-99.8
2022-02-27 14:00:00,1020.2,12.7,79.0,5.7,22.0,-99.8,-99.8,0.0,-99.8,-99.8,-99.8,-99.8,-99.8,-99.8,-99.8
2022-02-27 15:00:00,1019.9,12.4,80.0,5.8,22.0,-99.8,-99.8,0.0,-99.8,-99.8,-99.8,-99.8,-99.8,-99.8,-99.8
2022-02-27 16:00:00,1019.7,12.0,79.0,6.0,24.0,-99.8,-99.8,0.0,-99.8,-99.8,-99.8,-99.8,-99.8,-99.8,-99.8
2022-02-27 17:00:00,1019.7,11.7,80.0,6.3,24.0,-99.8,-99.8,0.0,-99.8,-99.8,-99.8,-99.8,-99.8,-99.8,-99.8
2022-02-27 18:00:00,1019.9,11.7,80.0,5.7,25.0,-99.8,-99.8,0.0,-99.8,-99.8,-99.8,-99.8,-99.8,-99.8,-99.8
2022-02-27 19:00:00,1020.3,11.5,85.0,4.0,26.0,-99.8,-99.8,0.0,-99.8,-99.8,-99.8,-99.8,-99.8,-99.8,-99.8
2022-02-27 20:00:00,-9999.7,-99.7,-9997.0,-99.7,-999.7,-99.8,-99.8,-999.6,-99.8,-99.8,-99.8,-99.8,-99.8,-99.8,-99.8
2022-02-27 21:00:00,-9999.7,-99.7,-9997.0,-99.7,-999.7,-99.8,-99.8,-999.6,-99.8,-99.8,-99.8,-99.8,-99.8,-99.8,-99.8
2022-02-27 22:00:00,-9999.7,-99.7,-9997.0,-99.7,-999.7,-99.8,-99.8,-999.6,-99.8,-99.8,-99.8,-99.8,-99.8,-99.8,-99.8
2022-02-27 23:00:00,-9999.7,-99.7,-9997.0,-99.7,-999.7,-99.8,-99.8,-999.6,-99.8,-99.8,-99.8,-99.8,-99.8,-99.8,-99.8
2022-02-28 00:00:00,-9999.7,-99.7,-9997.0,-99.7,-999.7,-99.8,-99.8,-999.6,-99.8,-99.8,-99.8,-99.8,-99.8,-99.8,-99.8
2022-02-28 01:00:00,-99.8,-99.8,-99.8,-99.8,-99.8,-99.8,-99.8,-999.6,-99.8,-99.8,-99.8,-99.8,-99.8,-99.8,-99.8
2022-02-28 02:00:00,-99.8,-99.8,-99.8,-99.8,-99.8,-99.8,-99.8,-999.6,-99.8,-99.8,-99.8,-99.8,-99.8,-99.8,-99.8
2022-02-28 03:00:00,-99.8,-99.8,-99.8,-99.8,-99.8,-99.8,-99.8,-999.6,-99.8,-99.8,-99.8,-99.8,-99.8,-99.8,-99.8
2022-02-28 04:00:00,-99.8,-99.8,-99.8,-99.8,-99.8,-99.8,-99.8,-999.6,-99.8,-99.8,-99.8,-99.8,-99.8,-99.8,-99.8
2022-02-28 05:00:00,-99.8,-99.8,-99.8,-99.8,-99.8,-99.8,-99.8,-999.6,-99.8,-99.8,-99.8,-99.8,-99.8,-99.8,-99.8
2022-02-28 06:00:00,-99.8,-99.8,-99.8,-99.8,-99.8,-99.8,-99.8,-999.6,-99.8,-99.8,-99.8,-99.8,-99.8,-99.8,-99.8
2022-02-28 07:00:00,-99.8,-99.8,-99.8,-99.8,-99.8,-99.8,-99.8,-999.6,-99.8,-99.8,-99.8,-99.8,-99.8,-99.8,-99.8
2022-02-28 08:00:00,-99.8,-99.8,-99.8,-99.8,-99.8,-99.8,-99.8,-999.6,-99.8,-99.8,-99.8,-99.8,-99.8,-99.8,-99.8
2022-02-28 09:00:00,-99.8,-99.8,-99.8,-99.8,-99.8,-99.8,-99.8,-999.6,-99.8,-99.8,-99.8,-99.8,-99.8,-99.8,-99.8
2022-02-28 10:00:00,-99.8,-99.8,-99.8,-99.8,-99.8,-99.8,-99.8,-999.6,-99.8,-99.8,-99.8,-99.8,-99.8,-99.8,-99.8
2022-02-28 11:00:00,-99.8,-99.8,-99.8,-99.8,-99.8,-99.8,-99.8,-999.6,-99.8,-99.8,-99.8,-99.8,-99.8,-99.8,-99.8
2022-02-28 12:00:00,-99.8,-99.8,-99.8,-99.8,-99.8,-99.8,-99.8,-999.6,-99.8,-99.8,-99.8,-99.8,-99.8,-99.8,-99.8
2022-02-28 13:00:00,-99.8,-99.8,-99.8,-99.8,-99.8,-99.8,-99.8,-999.6,-99.8,-99.8,-99.8,-99.8,-99.8,-99.8,-99.8
2022-02-28 14:00:00,-99.8,-99.8,-99.8,-99.8,-99.8,-99.8,-99.8,-999.6,-99.8,-99.8,-99.8,-99.8,-99.8,-99.8,-99.8
2022-02-28 15:00:00,-99.8,-99.8,-99.8,-99.8,-99.8,-99.8,-99.8,-999.6,-99.8,-99.8,-99.8,-99.8,-99.8,-99.8,-99.8
2022-02-28 16:00:00,-99.8,-99.8,-99.8,-99.8,-99.8,-99.8,-99.8,-999.6,-99.8,-99.8,-99.8,-99.8,-99.8,-99.8,-99.8
2022-02-28 17:00:00,-99.8,-99.8,-99.8,-99.8,-99.8,-99.8,-99.8,-999.6,-99.8,-99.8,-99.8,-99.8,-99.8,-99.8,-99.8
2022-02-28 18:00:00,-99.8,-99.8,-99.8,-99.8,-99.8,-99.8,-99.8,-999.6,-99.8,-99.8,-99.8,-99.8,-99.8,-99.8,-99.8
2022-02-28 19:00:00,-99.8,-99.8,-99.8,-99.8,-99.8,-99.8,-99.8,-999.6,-99.8,-99.8,-99.8,-99.8,-99.8,-99.8,-99.8
2022-02-28 20:00:00,-99.8,-99.8,-99.8,-99.8,-99.8,-99.8,-99.8,-999.6,-99.8,-99.8,-99.8,-99.8,-99.8,-99.8,-99.8
2022-02-28 21:00:00,-99.8,-99.8,-99.8,-99.8,-99.8,-99.8,-99.8,-999.6,-99.8,-99.8,-99.8,-99.8,-99.8,-99.8,-99.8
2022-02-28 22:00:00,-99.8,-99.8,-99.8,-99.8,-99.8,-99.8,-99.8,-999.6,-99.8,-99.8,-99.8,-99.8,-99.8,-99.8,-99.8
2022-02-28 23:00:00,-99.8,-99.8,-99.8,-99.8,-99.8,-99.8,-99.8,-999.6,-99.8,-99.8,-99.8,-99.8,-99.8,-99.8,-99.8
2022-03-01 00:00:00,-99.8,-99.8,-99.8,-99.8,-99.8,-99.8,-99.8,-999.6,-99.8,-99.8,-99.8,-99.8,-99.8,-99.8,-99.8
2022-03-01 01:00:00,-99.8,-99.8,-99.8,-99.8,-99.8,-99.8,-99.8,-999.6,-99.8,-99.8,-99.8,-99.8,-99.8,-99.8,-99.8
2022-03-01 02:00:00,-99.8,-99.8,-99.8,-99.8,-99.8,-99.8,-99.8,-999.6,-99.8,-99.8,-99.8,-99.8,-99.8,-99.8,-99.8
2022-03-01 03:00:00,-99.8,-99.8,-99.8,-99.8,-99.8,-99.8,-99.8,-999.6,-99.8,-99.8,-99.8,-99.8,-99.8,-99.8,-99.8
2022-03-01 04:00:00,-99.8,-99.8,-99.8,-99.8,-99.8,-99.8,-99.8,-999.6,-99.8,-99.8,-99.8,-99.8,-99.8,-99.8,-99.8
2022-03-01 05:00:00,-99.8,-99.8,-99.8,-99.8,-99.8,-99.8,-99.8,-999.6,-99.8,-99.8,-99.8,-99.8,-99.8,-99.8,-99.8
2022-03-01 06:00:00,-99.8,-99.8,-99.8,-99.8,-99.8,-99.8,-99.8,-999.6,-99.8,-99.8,-99.8,-99.8,-99.8,-99.8,-99.8
2022-03-01 07:00:00,-99.8,-99.8,-99.8,-99.8,-99.8,-99.8,-99.8,-999.6,-99.8,-99.8,-99.8,-99.8,-99.8,-99.8,-99.8
2022-03-01 08:00:00,-99.8,-99.8,-99.8,-99.8,-99.8,-99.8,-99.8,-999.6,-99.8,-99.8,-99.8,-99.8,-99.8,-99.8,-99.8
2022-03-01 09:00:00,-99.8,-99.8,-99.8,-99.8,-99.8,-99.8,-99.8,-999.6,-99.8,-99.8,-99.8,-99.8,-99.8,-99.8,-99.8
2022-03-01 10:00:00,-99.8,-99.8,-99.8,-99.8,-99.8,-99.8,-99.8,-999.6,-99.8,-99.8,-99.8,-99.8,-99.8,-99.8,-99.8
2022-03-01 11:00:00,-99.8,-99.8,-99.8,-99.8,-99.8,-99.8,-99.8,-999.6,-99.8,-99.8,-99.8,-99.8,-99.8,-99.8,-99.8
2022-03-01 12:00:00,-99.8,-99.8,-99.8,-99.8,-99.8,-99.8,-99.8,-999.6,-99.8,-99.8,-99.8,-99.8,-99.8,-99.8,-99.8
2022-03-01 13:00:00,-99.8,-99.8,-99.8,-99.8,-99.8,-99.8,-99.8,-999.6,-99.8,-99.8,-99.8,-99.8,-99.8,-99.8,-99.8
2022-03-01 14:00:00,-99.8,-99.8,-99.8,-99.8,-99.8,-99.8,-99.8,-999.6,-99.8,-99.8,-99.8,-99.8,-99.8,-99.8,-99.8
2022-03-01 15:00:00,-99.8,-99.8,-99.8,-99.8,-99.8,-99.8,-99.8,-999.6,-99.8,-99.8,-99.8,-99.8,-99.8,-99.8,-99.8
2022-03-01 16:00:00,-99.8,-99.8,-99.8,-99.8,-99.8,-99.8,-99.8,-999.6,-99.8,-99.8,-99.8,-99.8,-99.8,-99.8,-99.8
2022-03-01 17:00:00,-99.8,-99.8,-99.8,-99.8,-99.8,-99.8,-99.8,-999.6,-99.8,-99.8,-99.8,-99.8,-99.8,-99.8,-99.8
2022-03-01 18:00:00,-99.8,-99.8,-99.8,-99.8,-99.8,-99.8,-99.8,-999.6,-99.8,-99.8,-99.8,-99.8,-99.8,-99.8,-99.8
2022-03-01 19:00:00,-99.8,-99.8,-99.8,-99.8,-99.8,-99.8,-99.8,-999.6,-99.8,-99.8,-99.8,-99.8,-99.8,-99.8,-99.8
2022-03-01 20:00:00,-99.8,-99.8,-99.8,-99.8,-99.8,-99.8,-99.8,-999.6,-99.8,-99.8,-99.8,-99.8,-99.8,-99.8,-99.8
2022-03-01 21:00:00,-99.8,-99.8,-99.8,-99.8,-99.8,-99.8,-99.8,-999.6,-99.8,-99.8,-99.8,-99.8,-99.8,-99.8,-99.8
2022-03-01 22:00:00,-99.8,-99.8,-99.8,-99.8,-99.8,-99.8,-99.8,-999.6,-99.8,-99.8,-99.8,-99.8,-99.8,-99.8,-99.8
2022-03-01 23:00:00,-99.8,-99.8,-99.8,-99.8,-99.8,-99.8,-99.8,-999.6,-99.8,-99.8,-99.8,-99.8,-99.8,-99.8,-99.8
2022-03-02 00:00:00,-99.8,-99.8,-99.8,-99.8,-99.8,-99.8,-99.8,-999.6,-99.8,-99.8,-99.8,-99.8,-99.8,-99.8,-99.8
2022-03-02 01:00:00,-99.8,-99.8,-99.8,-99.8,-99.8,-99.8,-99.8,-999.1,-99.8,-99.8,-99.8,-99.8,-99.8,-99.8,-99.8
2022-03-02 02:00:00,-99.8,-99.8,-99.8,-99.8,-99.8,-99.8,-99.8,-999.1,-99.8,-99.8,-99.8,-99.8,-99.8,-99.8,-99.8
2022-03-02 03:00:00,-99.8,-99.8,-99.8,-99.8,-99.8,-99.8,-99.8,-999.1,-99.8,-99.8,-99.8,-99.8,-99.8,-99.8,-99.8
2022-03-02 04:00:00,-99.8,-99.8,-99.8,-99.8,-99.8,-99.8,-99.8,-999.1,-99.8,-99.8,-99.8,-99.8,-99.8,-99.8,-99.8
2022-03-02 05:00:00,-99.8,-99.8,-99.8,-99.8,-99.8,-99.8,-99.8,-999.1,-99.8,-99.8,-99.8,-99.8,-99.8,-99.8,-99.8
2022-03-02 06:00:00,-99.8,-99.8,-99.8,-99.8,-99.8,-99.8,-99.8,-999.1,-99.8,-99.8,-99.8,-99.8,-99.8,-99.8,-99.8
2022-03-02 07:00:00,-99.8,-99.8,-99.8,-99.8,-99.8,-99.8,-99.8,-999.1,-99.8,-99.8,-99.8,-99.8,-99.8,-99.8,-99.8
2022-03-02 08:00:00,-99.8,-99.8,-99.8,-99.8,-99.8,-99.8,-99.8,-999.1,-99.8,-99.8,-99.8,-99.8,-99.8,-99.8,-99.8
2022-03-02 09:00:00,-99.8,-99.8,-99.8,-99.8,-99.8,-99.8,-99.8,-999.1,-99.8,-99.8,-99.8,-99.8,-99.8,-99.8,-99.8
2022-03-02 10:00:00,-99.8,-99.8,-99.8,-99.8,-99.8,-99.8,-99.8,-999.1,-99.8,-99.8,-99.8,-99.8,-99.8,-99.8,-99.8
2022-03-02 11:00:00,-99.8,-99.8,-99.8,-99.8,-99.8,-99.8,-99.8,-999.1,-99.8,-99.8,-99.8,-99.8,-99.8,-99.8,-99.8
2022-03-02 12:00:00,-99.8,-99.8,-99.8,-99.8,-99.8,-99.8,-99.8,-999.1,-99.8,-99.8,-99.8,-99.8,-99.8,-99.8,-99.8
2022-03-02 13:00:00,-99.8,-99.8,-99.8,-99.8,-99.8,-99.8,-99.8,-999.1,-99.8,-99.8,-99.8,-99.8,-99.8,-99.8,-99.8
2022-03-02 14:00:00,-99.8,-99.8,-99.8,-99.8,-99.8,-99.8,-99.8,-999.1,-99.8,-99.8,-99.8,-99.8,-99.8,-99.8,-99.8
2022-03-02 15:00:00,-99.8,-99.8,-99.8,-99.8,-99.8,-99.8,-99.8,-999.1,-99.8,-99.8,-99.8,-99.8,-99.8,-99.8,-99.8
2022-03-02 16:00:00,-99.8,-99.8,-99.8,-99.8,-99.8,-99.8,-99.8,-999.1,-99.8,-99.8,-99.8,-99.8,-99.8,-99.8,-99.8
2022-03-02 17:00:00,-99.8,-99.8,-99.8,-99.8,-99.8,-99.8,-99.8,-999.1,-99.8,-99.8,-99.8,-99.8,-99.8,-99.8,-99.8
2022-03-02 18:00:00,-99.8,-99.8,-99.8,-99.8,-99.8,-99.8,-99.8,-999.1,-99.8,-99.8,-99.8,-99.8,-99.8,-99.8,-99.8
2022-03-02 19:00:00,-99.8,-99.8,-99.8,-99.8,-99.8,-99.8,-99.8,-999.1,-99.8,-99.8,-99.8,-99.8,-99.8,-99.8,-99.8
2022-03-02 20:00:00,-99.8,-99.8,-99.8,-99.8,-99.8,-99.8,-99.8,-999.1,-99.8,-99.8,-99.8,-99.8,-99.8,-99.8,-99.8
2022-03-02 21:00:00,-99.8,-99.8,-99.8,-99.8,-99.8,-99.8,-99.8,-999.1,-99.8,-99.8,-99.8,-99.8,-99.8,-99.8,-99.8
2022-03-02 22:00:00,-99.8,-99.8,-99.8,-99.8,-99.8,-99.8,-99.8,-999.1,-99.8,-99.8,-99.8,-99.8,-99.8,-99.8,-99.8
2022-03-02 23:00:00,-99.8,-99.8,-99.8,-99.8,-99.8,-99.8,-99.8,-999.1,-99.8,-99.8,-99.8,-99.8,-99.8,-99.8,-99.8
2022-03-03 00:00:00,-99.8,-99.8,-99.8,-99.8,-99.8,-99.8,-99.8,-999.1,-99.8,-99.8,-99.8,-99.8,-99.8,-99.8,-99.8
2022-03-03 01:00:00,-99.8,-99.8,-99.8,-99.8,-99.8,-99.8,-99.8,-999.6,-99.8,-99.8,-99.8,-99.8,-99.8,-99.8,-99.8
2022-03-03 02:00:00,-99.8,-99.8,-99.8,-99.8,-99.8,-99.8,-99.8,-999.6,-99.8,-99.8,-99.8,-99.8,-99.8,-99.8,-99.8
2022-03-03 03:00:00,-99.8,-99.8,-99.8,-99.8,-99.8,-99.8,-99.8,-999.6,-99.8,-99.8,-99.8,-99.8,-99.8,-99.8,-99.8
2022-03-03 04:00:00,-99.8,-99.8,-99.8,-99.8,-99.8,-99.8,-99.8,-999.6,-99.8,-99.8,-99.8,-99.8,-99.8,-99.8,-99.8
2022-03-03 05:00:00,-99.8,-99.8,-99.8,-99.8,-99.8,-99.8,-99.8,-999.6,-99.8,-99.8,-99.8,-99.8,-99.8,-99.8,-99.8
2022-03-03 06:00:00,-99.8,-99.8,-99.8,-99.8,-99.8,-99.8,-99.8,-999.6,-99.8,-99.8,-99.8,-99.8,-99.8,-99.8,-99.8
2022-03-03 07:00:00,-99.8,-99.8,-99.8,-99.8,-99.8,-99.8,-99.8,-999.6,-99.8,-99.8,-99.8,-99.8,-99.8,-99.8,-99.8
2022-03-03 08:00:00,-99.8,-99.8,-99.8,-99.8,-99.8,-99.8,-99.8,-999.6,-99.8,-99.8,-99.8,-99.8,-99.8,-99.8,-99.8
2022-03-03 09:00:00,-99.8,-99.8,-99.8,-99.8,-99.8,-99.8,-99.8,-999.6,-99.8,-99.8,-99.8,-99.8,-99.8,-99.8,-99.8
2022-03-03 10:00:00,-99.8,-99.8,-99.8,-99.8,-99.8,-99.8,-99.8,-999.6,-99.8,-99.8,-99.8,-99.8,-99.8,-99.8,-99.8
2022-03-03 11:00:00,-99.8,-99.8,-99.8,-99.8,-99.8,-99.8,-99.8,-999.6,-99.8,-99.8,-99.8,-99.8,-99.8,-99.8,-99.8
2022-03-03 12:00:00,-99.8,-99.8,-99.8,-99.8,-99.8,-99.8,-99.8,-999.6,-99.8,-99.8,-99.8,-99.8,-99.8,-99.8,-99.8
2022-03-03 13:00:00,-99.8,-99.8,-99.8,-99.8,-99.8,-99.8,-99.8,-999.6,-99.8,-99.8,-99.8,-99.8,-99.8,-99.8,-99.8
2022-03-03 14:00:00,-99.8,-99.8,-99.8,-99.8,-99.8,-99.8,-99.8,-999.6,-99.8,-99.8,-99.8,-99.8,-99.8,-99.8,-99.8
2022-03-03 15:00:00,-99.8,-99.8,-99.8,-99.8,-99.8,-99.8,-99.8,-999.6,-99.8,-99.8,-99.8,-99.8,-99.8,-99.8,-99.8
2022-03-03 16:00:00,-99.8,-99.8,-99.8,-99.8,-99.8,-99.8,-99.8,-999.6,-99.8,-99.8,-99.8,-99.8,-99.8,-99.8,-99.8
2022-03-03 17:00:00,-99.8,-99.8,-99.8,-99.8,-99.8,-99.8,-99.8,-999.6,-99.8,-99.8,-99.8,-99.8,-99.8,-99.8,-99.8
2022-03-03 18:00:00,-99.8,-99.8,-99.8,-99.8,-99.8,-99.8,-99.8,-999.6,-99.8,-99.8,-99.8,-99.8,-99.8,-99.8,-99.8
2022-03-03 19:00:00,-99.8,-99.8,-99.8,-99.8,-99.8,-99.8,-99.8,-999.6,-99.8,-99.8,-99.8,-99.8,-99.8,-99.8,-99.8
2022-03-03 20:00:00,-99.8,-99.8,-99.8,-99.8,-99.8,-99.8,-99.8,-999.6,-99.8,-99.8,-99.8,-99.8,-99.8,-99.8,-99.8
2022-03-03 21:00:00,-99.8,-99.8,-99.8,-99.8,-99.8,-99.8,-99.8,-999.6,-99.8,-99.8,-99.8,-99.8,-99.8,-99.8,-99.8
2022-03-03 22:00:00,-99.8,-99.8,-99.8,-99.8,-99.8,-99.8,-99.8,-999.6,-99.8,-99.8,-99.8,-99.8,-99.8,-99.8,-99.8
2022-03-03 23:00:00,-99.8,-99.8,-99.8,-99.8,-99.8,-99.8,-99.8,-999.6,-99.8,-99.8,-99.8,-99.8,-99.8,-99.8,-99.8
2022-03-04 00:00:00,-99.8,-99.8,-99.8,-99.8,-99.8,-99.8,-99.8,-999.6,-99.8,-99.8,-99.8,-99.8,-99.8,-99.8,-99.8
2022-03-04 01:00:00,-99.8,-99.8,-99.8,-99.8,-99.8,-99.8,-99.8,-999.6,-99.8,-99.8,-99.8,-99.8,-99.8,-99.8,-99.8
2022-03-04 02:00:00,-99.8,-99.8,-99.8,-99.8,-99.8,-99.8,-99.8,-999.6,-99.8,-99.8,-99.8,-99.8,-99.8,-99.8,-99.8
2022-03-04 03:00:00,-99.8,-99.8,-99.8,-99.8,-99.8,-99.8,-99.8,-999.6,-99.8,-99.8,-99.8,-99.8,-99.8,-99.8,-99.8
2022-03-04 04:00:00,-99.8,-99.8,-99.8,-99.8,-99.8,-99.8,-99.8,-999.6,-99.8,-99.8,-99.8,-99.8,-99.8,-99.8,-99.8
2022-03-04 05:00:00,-99.8,-99.8,-99.8,-99.8,-99.8,-99.8,-99.8,-999.6,-99.8,-99.8,-99.8,-99.8,-99.8,-99.8,-99.8
2022-03-04 06:00:00,-99.8,-99.8,-99.8,-99.8,-99.8,-99.8,-99.8,-999.6,-99.8,-99.8,-99.8,-99.8,-99.8,-99.8,-99.8
2022-03-04 07:00:00,-99.8,-99.8,-99.8,-99.8,-99.8,-99.8,-99.8,-999.6,-99.8,-99.8,-99.8,-99.8,-99.8,-99.8,-99.8
2022-03-04 08:00:00,-99.8,-99.8,-99.8,-99.8,-99.8,-99.8,-99.8,-999.6,-99.8,-99.8,-99.8,-99.8,-99.8,-99.8,-99.8
2022-03-04 09:00:00,-99.8,-99.8,-99.8,-99.8,-99.8,-99.8,-99.8,-999.6,-99.8,-99.8,-99.8,-99.8,-99.8,-99.8,-99.8
2022-03-04 10:00:00,-99.8,-99.8,-99.8,-99.8,-99.8,-99.8,-99.8,-999.6,-99.8,-99.8,-99.8,-99.8,-99.8,-99.8,-99.8
2022-03-04 11:00:00,-99.8,-99.8,-99.8,-99.8,-99.8,-99.8,-99.8,-999.6,-99.8,-99.8,-99.8,-99.8,-99.8,-99.8,-99.8
2022-03-04 12:00:00,-99.8,-99.8,-99.8,-99.8,-99.8,-99.8,-99.8,-999.6,-99.8,-99.8,-99.8,-99.8,-99.8,-99.8,-99.8
2022-03-04 13:00:00,-99.8,-99.8,-99.8,-99.8,-99.8,-99.8,-99.8,-999.6,-99.8,-99.8,-99.8,-99.8,-99.8,-99.8,-99.8
2022-03-04 14:00:00,-99.8,-99.8,-99.8,-99.8,-99.8,-99.8,-99.8,-999.6,-99.8,-99.8,-99.8,-99.8,-99.8,-99.8,-99.8
2022-03-04 15:00:00,-99.8,-99.8,-99.8,-99.8,-99.8,-99.8,-99.8,-999.6,-99.8,-99.8,-99.8,-99.8,-99.8,-99.8,-99.8
2022-03-04 16:00:00,-99.8,-99.8,-99.8,-99.8,-99.8,-99.8,-99.8,-999.6,-99.8,-99.8,-99.8,-99.8,-99.8,-99.8,-99.8
2022-03-04 17:00:00,-99.8,-99.8,-99.8,-99.8,-99.8,-99.8,-99.8,-999.6,-99.8,-99.8,-99.8,-99.8,-99.8,-99.8,-99.8
2022-03-04 18:00:00,-99.8,-99.8,-99.8,-99.8,-99.8,-99.8,-99.8,-999.6,-99.8,-99.8,-99.8,-99.8,-99.8,-99.8,-99.8
2022-03-04 19:00:00,-99.8,-99.8,-99.8,-99.8,-99.8,-99.8,-99.8,-999.6,-99.8,-99.8,-99.8,-99.8,-99.8,-99.8,-99.8
2022-03-04 20:00:00,-99.8,-99.8,-99.8,-99.8,-99.8,-99.8,-99.8,-999.6,-99.8,-99.8,-99.8,-99.8,-99.8,-99.8,-99.8
2022-03-04 21:00:00,-99.8,-99.8,-99.8,-99.8,-99.8,-99.8,-99.8,-999.6,-99.8,-99.8,-99.8,-99.8,-99.8,-99.8,-99.8
2022-03-04 22:00:00,-99.8,-99.8,-99.8,-99.8,-99.8,-99.8,-99.8,-999.6,-99.8,-99.8,-99.8,-99.8,-99.8,-99.8,-99.8
2022-03-04 23:00:00,-99.8,-99.8,-99.8,-99.8,-99.8,-99.8,-99.8,-999.6,-99.8,-99.8,-99.8,-99.8,-99.8,-99.8,-99.8
2022-03-05 00:00:00,-99.8,-99.8,-99.8,-99.8,-99.8,-99.8,-99.8,-999.6,-99.8,-99.8,-99.8,-99.8,-99.8,-99.8,-99.8
2022-03-05 01:00:00,-99.8,-99.8,-99.8,-99.8,-99.8,-99.8,-99.8,-999.6,-99.8,-99.8,-99.8,-99.8,-99.8,-99.8,-99.8
2022-03-05 02:00:00,-99.8,-99.8,-99.8,-99.8,-99.8,-99.8,-99.8,-999.6,-99.8,-99.8,-99.8,-99.8,-99.8,-99.8,-99.8
2022-03-05 03:00:00,-99.8,-99.8,-99.8,-99.8,-99.8,-99.8,-99.8,-999.6,-99.8,-99.8,-99.8,-99.8,-99.8,-99.8,-99.8
2022-03-05 04:00:00,-99.8,-99.8,-99.8,-99.8,-99.8,-99.8,-99.8,-999.6,-99.8,-99.8,-99.8,-99.8,-99.8,-99.8,-99.8
2022-03-05 05:00:00,-99.8,-99.8,-99.8,-99.8,-99.8,-99.8,-99.8,-999.6,-99.8,-99.8,-99.8,-99.8,-99.8,-99.8,-99.8
2022-03-05 06:00:00,-99.8,-99.8,-99.8,-99.8,-99.8,-99.8,-99.8,-999.6,-99.8,-99.8,-99.8,-99.8,-99.8,-99.8,-99.8
2022-03-05 07:00:00,-99.8,-99.8,-99.8,-99.8,-99.8,-99.8,-99.8,-999.6,-99.8,-99.8,-99.8,-99.8,-99.8,-99.8,-99.8
2022-03-05 08:00:00,-99.8,-99.8,-99.8,-99.8,-99.8,-99.8,-99.8,-999.6,-99.8,-99.8,-99.8,-99.8,-99.8,-99.8,-99.8
2022-03-05 09:00:00,-99.8,-99.8,-99.8,-99.8,-99.8,-99.8,-99.8,-999.6,-99.8,-99.8,-99.8,-99.8,-99.8,-99.8,-99.8
2022-03-05 10:00:00,-99.8,-99.8,-99.8,-99.8,-99.8,-99.8,-99.8,-999.6,-99.8,-99.8,-99.8,-99.8,-99.8,-99.8,-99.8
2022-03-05 11:00:00,-99.8,-99.8,-99.8,-99.8,-99.8,-99.8,-99.8,-999.6,-99.8,-99.8,-99.8,-99.8,-99.8,-99.8,-99.8
2022-03-05 12:00:00,-99.8,-99.8,-99.8,-99.8,-99.8,-99.8,-99.8,-999.6,-99.8,-99.8,-99.8,-99.8,-99.8,-99.8,-99.8
2022-03-05 13:00:00,-99.8,-99.8,-99.8,-99.8,-99.8,-99.8,-99.8,-999.6,-99.8,-99.8,-99.8,-99.8,-99.8,-99.8,-99.8
2022-03-05 14:00:00,-99.8,-99.8,-99.8,-99.8,-99.8,-99.8,-99.8,-999.6,-99.8,-99.8,-99.8,-99.8,-99.8,-99.8,-99.8
2022-03-05 15:00:00,-99.8,-99.8,-99.8,-99.8,-99.8,-99.8,-99.8,-999.6,-99.8,-99.8,-99.8,-99.8,-99.8,-99.8,-99.8
2022-03-05 16:00:00,-99.8,-99.8,-99.8,-99.8,-99.8,-99.8,-99.8,-999.6,-99.8,-99.8,-99.8,-99.8,-99.8,-99.8,-99.8
2022-03-05 17:00:00,-99.8,-99.8,-99.8,-99.8,-99.8,-99.8,-99.8,-999.6,-99.8,-99.8,-99.8,-99.8,-99.8,-99.8,-99.8
2022-03-05 18:00:00,-99.8,-99.8,-99.8,-99.8,-99.8,-99.8,-99.8,-999.6,-99.8,-99.8,-99.8,-99.8,-99.8,-99.8,-99.8
2022-03-05 19:00:00,-99.8,-99.8,-99.8,-99.8,-99.8,-99.8,-99.8,-999.6,-99.8,-99.8,-99.8,-99.8,-99.8,-99.8,-99.8
2022-03-05 20:00:00,-99.8,-99.8,-99.8,-99.8,-99.8,-99.8,-99.8,-999.6,-99.8,-99.8,-99.8,-99.8,-99.8,-99.8,-99.8
2022-03-05 21:00:00,-99.8,-99.8,-99.8,-99.8,-99.8,-99.8,-99.8,-999.6,-99.8,-99.8,-99.8,-99.8,-99.8,-99.8,-99.8
2022-03-05 22:00:00,-99.8,-99.8,-99.8,-99.8,-99.8,-99.8,-99.8,-999.6,-99.8,-99.8,-99.8,-99.8,-99.8,-99.8,-99.8
2022-03-05 23:00:00,-99.8,-99.8,-99.8,-99.8,-99.8,-99.8,-99.8,-999.6,-99.8,-99.8,-99.8,-99.8,-99.8,-99.8,-99.8
2022-03-06 00:00:00,-99.8,-99.8,-99.8,-99.8,-99.8,-99.8,-99.8,-999.6,-99.8,-99.8,-99.8,-99.8,-99.8,-99.8,-99.8
2022-03-06 01:00:00,-99.8,-99.8,-99.8,-99.8,-99.8,-99.8,-99.8,-999.6,-99.8,-99.8,-99.8,-99.8,-99.8,-99.8,-99.8
2022-03-06 02:00:00,-99.8,-99.8,-99.8,-99.8,-99.8,-99.8,-99.8,-999.6,-99.8,-99.8,-99.8,-99.8,-99.8,-99.8,-99.8
2022-03-06 03:00:00,-99.8,-99.8,-99.8,-99.8,-99.8,-99.8,-99.8,-999.6,-99.8,-99.8,-99.8,-99.8,-99.8,-99.8,-99.8
2022-03-06 04:00:00,-99.8,-99.8,-99.8,-99.8,-99.8,-99.8,-99.8,-999.6,-99.8,-99.8,-99.8,-99.8,-99.8,-99.8,-99.8
2022-03-06 05:00:00,-99.8,-99.8,-99.8,-99.8,-99.8,-99.8,-99.8,-999.6,-99.8,-99.8,-99.8,-99.8,-99.8,-99.8,-99.8
2022-03-06 06:00:00,-99.8,-99.8,-99.8,-99.8,-99.8,-99.8,-99.8,-999.6,-99.8,-99.8,-99.8,-99.8,-99.8,-99.8,-99.8
2022-03-06 07:00:00,-99.8,-99.8,-99.8,-99.8,-99.8,-99.8,-99.8,-999.6,-99.8,-99.8,-99.8,-99.8,-99.8,-99.8,-99.8
2022-03-06 08:00:00,-99.8,-99.8,-99.8,-99.8,-99.8,-99.8,-99.8,-999.6,-99.8,-99.8,-99.8,-99.8,-99.8,-99.8,-99.8
2022-03-06 09:00:00,-99.8,-99.8,-99.8,-99.8,-99.8,-99.8,-99.8,-999.6,-99.8,-99.8,-99.8,-99.8,-99.8,-99.8,-99.8
2022-03-06 10:00:00,-99.8,-99.8,-99.8,-99.8,-99.8,-99.8,-99.8,-999.6,-99.8,-99.8,-99.8,-99.8,-99.8,-99.8,-99.8
2022-03-06 11:00:00,-99.8,-99.8,-99.8,-99.8,-99.8,-99.8,-99.8,-999.6,-99.8,-99.8,-99.8,-99.8,-99.8,-99.8,-99.8
2022-03-06 12:00:00,-99.8,-99.8,-99.8,-99.8,-99.8,-99.8,-99.8,-999.6,-99.8,-99.8,-99.8,-99.8,-99.8,-99.8,-99.8
2022-03-06 13:00:00,-99.8,-99.8,-99.8,-99.8,-99.8,-99.8,-99.8,-999.6,-99.8,-99.8,-99.8,-99.8,-99.8,-99.8,-99.8
2022-03-06 14:00:00,-99.8,-99.8,-99.8,-99.8,-99.8,-99.8,-99.8,-999.6,-99.8,-99.8,-99.8,-99.8,-99.8,-99.8,-99.8
2022-03-06 15:00:00,-99.8,-99.8,-99.8,-99.8,-99.8,-99.8,-99.8,-999.6,-99.8,-99.8,-99.8,-99.8,-99.8,-99.8,-99.8
2022-03-06 16:00:00,-99.8,-99.8,-99.8,-99.8,-99.8,-99.8,-99.8,-999.6,-99.8,-99.8,-99.8,-99.8,-99.8,-99.8,-99.8
2022-03-06 17:00:00,-99.8,-99.8,-99.8,-99.8,-99.8,-99.8,-99.8,-999.6,-99.8,-99.8,-99.8,-99.8,-99.8,-99.8,-99.8
2022-03-06 18:00:00,-99.8,-99.8,-99.8,-99.8,-99.8,-99.8,-99.8,-999.6,-99.8,-99.8,-99.8,-99.8,-99.8,-99.8,-99.8
2022-03-06 19:00:00,-99.8,-99.8,-99.8,-99.8,-99.8,-99.8,-99.8,-999.6,-99.8,-99.8,-99.8,-99.8,-99.8,-99.8,-99.8
2022-03-06 20:00:00,-99.8,-99.8,-99.8,-99.8,-99.8,-99.8,-99.8,-999.6,-99.8,-99.8,-99.8,-99.8,-99.8,-99.8,-99.8
2022-03-06 21:00:00,-99.8,-99.8,-99.8,-99.8,-99.8,-99.8,-99.8,-999.6,-99.8,-99.8,-99.8,-99.8,-99.8,-99.8,-99.8
2022-03-06 22:00:00,-99.8,-99.8,-99.8,-99.8,-99.8,-99.8,-99.8,-999.6,-99.8,-99.8,-99.8,-99.8,-99.8,-99.8,-99.8
2022-03-06 23:00:00,-99.8,-99.8,-99.8,-99.8,-99.8,-99.8,-99.8,-999.6,-99.8,-99.8,-99.8,-99.8,-99.8,-99.8,-99.8
2022-03-07 00:00:00,-99.8,-99.8,-99.8,-99.8,-99.8,-99.8,-99.8,-999.6,-99.8,-99.8,-99.8,-99.8,-99.8,-99.8,-99.8
2022-03-07 01:00:00,-99.8,-99.8,-99.8,-99.8,-99.8,-99.8,-99.8,-999.6,-99.8,-99.8,-99.8,-99.8,-99.8,-99.8,-99.8
2022-03-07 02:00:00,-99.8,-99.8,-99.8,-99.8,-99.8,-99.8,-99.8,-999.6,-99.8,-99.8,-99.8,-99.8,-99.8,-99.8,-99.8
2022-03-07 03:00:00,-99.8,-99.8,-99.8,-99.8,-99.8,-99.8,-99.8,-999.6,-99.8,-99.8,-99.8,-99.8,-99.8,-99.8,-99.8
2022-03-07 04:00:00,-99.8,-99.8,-99.8,-99.8,-99.8,-99.8,-99.8,-999.6,-99.8,-99.8,-99.8,-99.8,-99.8,-99.8,-99.8
2022-03-07 05:00:00,-99.8,-99.8,-99.8,-99.8,-99.8,-99.8,-99.8,-999.6,-99.8,-99.8,-99.8,-99.8,-99.8,-99.8,-99.8
2022-03-07 06:00:00,-99.8,-99.8,-99.8,-99.8,-99.8,-99.8,-99.8,-999.6,-99.8,-99.8,-99.8,-99.8,-99.8,-99.8,-99.8
2022-03-07 07:00:00,-99.8,-99.8,-99.8,-99.8,-99.8,-99.8,-99.8,-999.6,-99.8,-99.8,-99.8,-99.8,-99.8,-99.8,-99.8
2022-03-07 08:00:00,-99.8,-99.8,-99.8,-99.8,-99.8,-99.8,-99.8,-999.6,-99.8,-99.8,-99.8,-99.8,-99.8,-99.8,-99.8
2022-03-07 09:00:00,-99.8,-99.8,-99.8,-99.8,-99.8,-99.8,-99.8,-999.6,-99.8,-99.8,-99.8,-99.8,-99.8,-99.8,-99.8
2022-03-07 10:00:00,-99.8,-99.8,-99.8,-99.8,-99.8,-99.8,-99.8,-999.6,-99.8,-99.8,-99.8,-99.8,-99.8,-99.8,-99.8
2022-03-07 11:00:00,-99.8,-99.8,-99.8,-99.8,-99.8,-99.8,-99.8,-999.6,-99.8,-99.8,-99.8,-99.8,-99.8,-99.8,-99.8
2022-03-07 12:00:00,-99.8,-99.8,-99.8,-99.8,-99.8,-99.8,-99.8,-999.6,-99.8,-99.8,-99.8,-99.8,-99.8,-99.8,-99.8
2022-03-07 13:00:00,-99.8,-99.8,-99.8,-99.8,-99.8,-99.8,-99.8,-999.6,-99.8,-99.8,-99.8,-99.8,-99.8,-99.8,-99.8
2022-03-07 14:00:00,-99.8,-99.8,-99.8,-99.8,-99.8,-99.8,-99.8,-999.6,-99.8,-99.8,-99.8,-99.8,-99.8,-99.8,-99.8
2022-03-07 15:00:00,-99.8,-99.8,-99.8,-99.8,-99.8,-99.8,-99.8,-999.6,-99.8,-99.8,-99.8,-99.8,-99.8,-99.8,-99.8
2022-03-07 16:00:00,-99.8,-99.8,-99.8,-99.8,-99.8,-99.8,-99.8,-999.6,-99.8,-99.8,-99.8,-99.8,-99.8,-99.8,-99.8
2022-03-07 17:00:00,-99.8,-99.8,-99.8,-99.8,-99.8,-99.8,-99.8,-999.6,-99.8,-99.8,-99.8,-99.8,-99.8,-99.8,-99.8
2022-03-07 18:00:00,-99.8,-99.8,-99.8,-99.8,-99.8,-99.8,-99.8,-999.6,-99.8,-99.8,-99.8,-99.8,-99.8,-99.8,-99.8
2022-03-07 19:00:00,-99.8,-99.8,-99.8,-99.8,-99.8,-99.8,-99.8,-999.6,-99.8,-99.8,-99.8,-99.8,-99.8,-99.8,-99.8
2022-03-07 20:00:00,-99.8,-99.8,-99.8,-99.8,-99.8,-99.8,-99.8,-999.6,-99.8,-99.8,-99.8,-99.8,-99.8,-99.8,-99.8
2022-03-07 21:00:00,-99.8,-99.8,-99.8,-99.8,-99.8,-99.8,-99.8,-999.6,-99.8,-99.8,-99.8,-99.8,-99.8,-99.8,-99.8
2022-03-07 22:00:00,-99.8,-99.8,-99.8,-99.8,-99.8,-99.8,-99.8,-999.6,-99.8,-99.8,-99.8,-99.8,-99.8,-99.8,-99.8
2022-03-07 23:00:00,-99.8,-99.8,-99.8,-99.8,-99.8,-99.8,-99.8,-999.6,-99.8,-99.8,-99.8,-99.8,-99.8,-99.8,-99.8
2022-03-08 00:00:00,-99.8,-99.8,-99.8,-99.8,-99.8,-99.8,-99.8,-999.6,-99.8,-99.8,-99.8,-99.8,-99.8,-99.8,-99.8
2022-03-08 01:00:00,-99.8,-99.8,-99.8,-99.8,-99.8,-99.8,-99.8,-999.6,-99.8,-99.8,-99.8,-99.8,-99.8,-99.8,-99.8
2022-03-08 02:00:00,-99.8,-99.8,-99.8,-99.8,-99.8,-99.8,-99.8,-999.6,-99.8,-99.8,-99.8,-99.8,-99.8,-99.8,-99.8
2022-03-08 03:00:00,-99.8,-99.8,-99.8,-99.8,-99.8,-99.8,-99.8,-999.6,-99.8,-99.8,-99.8,-99.8,-99.8,-99.8,-99.8
2022-03-08 04:00:00,-99.8,-99.8,-99.8,-99.8,-99.8,-99.8,-99.8,-999.6,-99.8,-99.8,-99.8,-99.8,-99.8,-99.8,-99.8
2022-03-08 05:00:00,-99.8,-99.8,-99.8,-99.8,-99.8,-99.8,-99.8,-999.6,-99.8,-99.8,-99.8,-99.8,-99.8,-99.8,-99.8
2022-03-08 06:00:00,-99.8,-99.8,-99.8,-99.8,-99.8,-99.8,-99.8,-999.6,-99.8,-99.8,-99.8,-99.8,-99.8,-99.8,-99.8
2022-03-08 07:00:00,-99.8,-99.8,-99.8,-99.8,-99.8,-99.8,-99.8,-999.6,-99.8,-99.8,-99.8,-99.8,-99.8,-99.8,-99.8
2022-03-08 08:00:00,-99.8,-99.8,-99.8,-99.8,-99.8,-99.8,-99.8,-999.6,-99.8,-99.8,-99.8,-99.8,-99.8,-99.8,-99.8
2022-03-08 09:00:00,-99.8,-99.8,-99.8,-99.8,-99.8,-99.8,-99.8,-999.6,-99.8,-99.8,-99.8,-99.8,-99.8,-99.8,-99.8
2022-03-08 10:00:00,-99.8,-99.8,-99.8,-99.8,-99.8,-99.8,-99.8,-999.6,-99.8,-99.8,-99.8,-99.8,-99.8,-99.8,-99.8
2022-03-08 11:00:00,-99.8,-99.8,-99.8,-99.8,-99.8,-99.8,-99.8,-999.6,-99.8,-99.8,-99.8,-99.8,-99.8,-99.8,-99.8
2022-03-08 12:00:00,-99.8,-99.8,-99.8,-99.8,-99.8,-99.8,-99.8,-999.6,-99.8,-99.8,-99.8,-99.8,-99.8,-99.8,-99.8
2022-03-08 13:00:00,-99.8,-99.8,-99.8,-99.8,-99.8,-99.8,-99.8,-999.6,-99.8,-99.8,-99.8,-99.8,-99.8,-99.8,-99.8
2022-03-08 14:00:00,-99.8,-99.8,-99.8,-99.8,-99.8,-99.8,-99.8,-999.6,-99.8,-99.8,-99.8,-99.8,-99.8,-99.8,-99.8
2022-03-08 15:00:00,-99.8,-99.8,-99.8,-99.8,-99.8,-99.8,-99.8,-999.6,-99.8,-99.8,-99.8,-99.8,-99.8,-99.8,-99.8
2022-03-08 16:00:00,-99.8,-99.8,-99.8,-99.8,-99.8,-99.8,-99.8,-999.6,-99.8,-99.8,-99.8,-99.8,-99.8,-99.8,-99.8
2022-03-08 17:00:00,-99.8,-99.8,-99.8,-99.8,-99.8,-99.8,-99.8,-999.6,-99.8,-99.8,-99.8,-99.8,-99.8,-99.8,-99.8
2022-03-08 18:00:00,-99.8,-99.8,-99.8,-99.8,-99.8,-99.8,-99.8,-999.6,-99.8,-99.8,-99.8,-99.8,-99.8,-99.8,-99.8
2022-03-08 19:00:00,-99.8,-99.8,-99.8,-99.8,-99.8,-99.8,-99.8,-999.6,-99.8,-99.8,-99.8,-99.8,-99.8,-99.8,-99.8
2022-03-08 20:00:00,-99.8,-99.8,-99.8,-99.8,-99.8,-99.8,-99.8,-999.6,-99.8,-99.8,-99.8,-99.8,-99.8,-99.8,-99.8
2022-03-08 21:00:00,-99.8,-99.8,-99.8,-99.8,-99.8,-99.8,-99.8,-999.6,-99.8,-99.8,-99.8,-99.8,-99.8,-99.8,-99.8
2022-03-08 22:00:00,-99.8,-99.8,-99.8,-99.8,-99.8,-99.8,-99.8,-999.6,-99.8,-99.8,-99.8,-99.8,-99.8,-99.8,-99.8
2022-03-08 23:00:00,-99.8,-99.8,-99.8,-99.8,-99.8,-99.8,-99.8,-999.6,-99.8,-99.8,-99.8,-99.8,-99.8,-99.8,-99.8
2022-03-09 00:00:00,-99.8,-99.8,-99.8,-99.8,-99.8,-99.8,-99.8,-999.6,-99.8,-99.8,-99.8,-99.8,-99.8,-99.8,-99.8
2022-03-09 01:00:00,-99.8,-99.8,-99.8,-99.8,-99.8,-99.8,-99.8,-999.6,-99.8,-99.8,-99.8,-99.8,-99.8,-99.8,-99.8
2022-03-09 02:00:00,-99.8,-99.8,-99.8,-99.8,-99.8,-99.8,-99.8,-999.6,-99.8,-99.8,-99.8,-99.8,-99.8,-99.8,-99.8
2022-03-09 03:00:00,-99.8,-99.8,-99.8,-99.8,-99.8,-99.8,-99.8,-999.6,-99.8,-99.8,-99.8,-99.8,-99.8,-99.8,-99.8
2022-03-09 04:00:00,-99.8,-99.8,-99.8,-99.8,-99.8,-99.8,-99.8,-999.6,-99.8,-99.8,-99.8,-99.8,-99.8,-99.8,-99.8
2022-03-09 05:00:00,-99.8,-99.8,-99.8,-99.8,-99.8,-99.8,-99.8,-999.6,-99.8,-99.8,-99.8,-99.8,-99.8,-99.8,-99.8
2022-03-09 06:00:00,-99.8,-99.8,-99.8,-99.8,-99.8,-99.8,-99.8,-999.6,-99.8,-99.8,-99.8,-99.8,-99.8,-99.8,-99.8
2022-03-09 07:00:00,-99.8,-99.8,-99.8,-99.8,-99.8,-99.8,-99.8,-999.6,-99.8,-99.8,-99.8,-99.8,-99.8,-99.8,-99.8
2022-03-09 08:00:00,-99.8,-99.8,-99.8,-99.8,-99.8,-99.8,-99.8,-999.6,-99.8,-99.8,-99.8,-99.8,-99.8,-99.8,-99.8
2022-03-09 09:00:00,-99.8,-99.8,-99.8,-99.8,-99.8,-99.8,-99.8,-999.6,-99.8,-99.8,-99.8,-99.8,-99.8,-99.8,-99.8
2022-03-09 10:00:00,-99.8,-99.8,-99.8,-99.8,-99.8,-99.8,-99.8,-999.6,-99.8,-99.8,-99.8,-99.8,-99.8,-99.8,-99.8
2022-03-09 11:00:00,-99.8,-99.8,-99.8,-99.8,-99.8,-99.8,-99.8,-999.6,-99.8,-99.8,-99.8,-99.8,-99.8,-99.8,-99.8
2022-03-09 12:00:00,-99.8,-99.8,-99.8,-99.8,-99.8,-99.8,-99.8,-999.6,-99.8,-99.8,-99.8,-99.8,-99.8,-99.8,-99.8
2022-03-09 13:00:00,-99.8,-99.8,-99.8,-99.8,-99.8,-99.8,-99.8,-999.6,-99.8,-99.8,-99.8,-99.8,-99.8,-99.8,-99.8
2022-03-09 14:00:00,-99.8,-99.8,-99.8,-99.8,-99.8,-99.8,-99.8,-999.6,-99.8,-99.8,-99.8,-99.8,-99.8,-99.8,-99.8
2022-03-09 15:00:00,-99.8,-99.8,-99.8,-99.8,-99.8,-99.8,-99.8,-999.6,-99.8,-99.8,-99.8,-99.8,-99.8,-99.8,-99.8
2022-03-09 16:00:00,-99.8,-99.8,-99.8,-99.8,-99.8,-99.8,-99.8,-999.6,-99.8,-99.8,-99.8,-99.8,-99.8,-99.8,-99.8
2022-03-09 17:00:00,-99.8,-99.8,-99.8,-99.8,-99.8,-99.8,-99.8,-999.6,-99.8,-99.8,-99.8,-99.8,-99.8,-99.8,-99.8
2022-03-09 18:00:00,-99.8,-99.8,-99.8,-99.8,-99.8,-99.8,-99.8,-999.6,-99.8,-99.8,-99.8,-99.8,-99.8,-99.8,-99.8
2022-03-09 19:00:00,-99.8,-99.8,-99.8,-99.8,-99.8,-99.8,-99.8,-999.6,-99.8,-99.8,-99.8,-99.8,-99.8,-99.8,-99.8
2022-03-09 20:00:00,-99.8,-99.8,-99.8,-99.8,-99.8,-99.8,-99.8,-999.6,-99.8,-99.8,-99.8,-99.8,-99.8,-99.8,-99.8
2022-03-09 21:00:00,-99.8,-99.8,-99.8,-99.8,-99.8,-99.8,-99.8,-999.6,-99.8,-99.8,-99.8,-99.8,-99.8,-99.8,-99.8
2022-03-09 22:00:00,-99.8,-99.8,-99.8,-99.8,-99.8,-99.8,-99.8,-999.6,-99.8,-99.8,-99.8,-99.8,-99.8,-99.8,-99.8
2022-03-09 23:00:00,-99.8,-99.8,-99.8,-99.8,-99.8,-99.8,-99.8,-999.6,-99.8,-99.8,-99.8,-99.8,-99.8,-99.8,-99.8
2022-03-10 00:00:00,-99.8,-99.8,-99.8,-99.8,-99.8,-99.8,-99.8,-999.6,-99.8,-99.8,-99.8,-99.8,-99.8,-99.8,-99.8
2022-03-10 01:00:00,-9999.7,-99.7,-9997.0,-99.7,-999.7,-99.8,-99.8,-999.6,-99.8,-99.8,-99.8,-99.8,-99.8,-99.8,-99.8
2022-03-10 02:00:00,-9999.7,-99.7,-9997.0,-99.7,-999.7,-99.8,-99.8,-999.6,-99.8,-99.8,-99.8,-99.8,-99.8,-99.8,-99.8
2022-03-10 03:00:00,-9999.7,-99.7,-9997.0,-99.7,-999.7,-99.8,-99.8,-999.6,-99.8,-99.8,-99.8,-99.8,-99.8,-99.8,-99.8
2022-03-10 04:00:00,-9999.7,-99.7,-9997.0,-99.7,-999.7,-99.8,-99.8,-999.6,-99.8,-99.8,-99.8,-99.8,-99.8,-99.8,-99.8
2022-03-10 05:00:00,-9999.7,-99.7,-9997.0,-99.7,-999.7,-99.8,-99.8,-999.6,-99.8,-99.8,-99.8,-99.8,-99.8,-99.8,-99.8
2022-03-10 06:00:00,-9999.7,-99.7,-9997.0,-99.7,-999.7,-99.8,-99.8,-999.6,-99.8,-99.8,-99.8,-99.8,-99.8,-99.8,-99.8
2022-03-10 07:00:00,-9999.7,-99.7,-9997.0,-99.7,-999.7,-99.8,-99.8,-999.6,-99.8,-99.8,-99.8,-99.8,-99.8,-99.8,-99.8
2022-03-10 08:00:00,-9999.7,-99.7,-9997.0,-99.7,-999.7,-99.8,-99.8,-999.6,-99.8,-99.8,-99.8,-99.8,-99.8,-99.8,-99.8
2022-03-10 09:00:00,-9999.7,-99.7,-9997.0,-99.7,-999.7,-99.8,-99.8,-999.6,-99.8,-99.8,-99.8,-99.8,-99.8,-99.8,-99.8
2022-03-10 10:00:00,-9999.7,-99.7,-9997.0,-99.7,-999.7,-99.8,-99.8,-999.6,-99.8,-99.8,-99.8,-99.8,-99.8,-99.8,-99.8
2022-03-10 11:00:00,-9999.7,-99.7,-9997.0,-99.7,-999.7,-99.8,-99.8,-999.6,-99.8,-99.8,-99.8,-99.8,-99.8,-99.8,-99.8
2022-03-10 12:00:00,-9999.7,-99.7,-9997.0,-99.7,-999.7,-99.8,-99.8,-999.6,-99.8,-99.8,-99.8,-99.8,-99.8,-99.8,-99.8
2022-03-10 13:00:00,-9999.7,-99.7,-9997.0,-99.7,-999.7,-99.8,-99.8,-999.6,-99.8,-99.8,-99.8,-99.8,-99.8,-99.8,-99.8
2022-03-10 14:00:00,-9999.7,-99.7,-9997.0,-99.7,-999.7,-99.8,-99.8,-999.6,-99.8,-99.8,-99.8,-99.8,-99.8,-99.8,-99.8
2022-03-10 15:00:00,-9999.7,-99.7,-9997.0,-99.7,-999.7,-99.8,-99.8,-999.6,-99.8,-99.8,-99.8,-99.8,-99.8,-99.8,-99.8
2022-03-10 16:00:00,-9999.7,-99.7,-9997.0,-99.7,-999.7,-99.8,-99.8,-999.6,-99.8,-99.8,-99.8,-99.8,-99.8,-99.8,-99.8
2022-03-10 17:00:00,1013.6,15.2,82.0,3.5,24.0,-99.8,-99.8,0.0,-99.8,-99.8,-99.8,-99.8,-99.8,-99.8,-99.8
2022-03-10 18:00:00,1013.9,14.6,85.0,3.3,29.0,-99.8,-99.8,0.0,-99.8,-99.8,-99.8,-99.8,-99.8,-99.8,-99.8
2022-03-10 19:00:00,1014.2,14.6,86.0,3.8,35.0,-99.8,-99.8,0.0,-99.8,-99.8,-99.8,-99.8,-99.8,-99.8,-99.8
2022-03-10 20:00:00,1014.8,14.1,89.0,2.1,12.0,-99.8,-99.8,0.0,-99.8,-99.8,-99.8,-99.8,-99.8,-99.8,-99.8
2022-03-10 21:00:00,1015.3,13.5,91.0,1.8,350.0,-99.8,-99.8,0.0,-99.8,-99.8,-99.8,-99.8,-99.8,-99.8,-99.8
2022-03-10 22:00:00,1015.3,13.5,91.0,2.2,356.0,-99.8,-99.8,0.0,-99.8,-99.8,-99.8,-99.8,-99.8,-99.8,-99.8
2022-03-10 23:00:00,1015.2,13.4,91.0,0.9,18.0,-99.8,-99.8,0.0,-99.8,-99.8,-99.8,-99.8,-99.8,-99.8,-99.8
2022-03-11 00:00:00,1014.9,13.7,91.0,1.1,358.0,-99.8,-99.8,0.0,-99.8,-99.8,-99.8,-99.8,-99.8,-99.8,-99.8
2022-03-11 01:00:00,1014.3,14.0,88.0,1.5,333.0,-99.8,-99.8,0.0,-99.8,-99.8,-99.8,-99.8,-99.8,-99.8,-99.8
2022-03-11 02:00:00,1013.9,14.7,86.0,0.9,305.0,-99.8,-99.8,0.0,-99.8,-99.8,-99.8,-99.8,-99.8,-99.8,-99.8
2022-03-11 03:00:00,1013.4,14.8,86.0,1.9,328.0,-99.8,-99.8,0.0,-99.8,-99.8,-99.8,-99.8,-99.8,-99.8,-99.8
2022-03-11 04:00:00,1013.4,14.2,90.0,2.4,335.0,-99.8,-99.8,0.0,-99.8,-99.8,-99.8,-99.8,-99.8,-99.8,-99.8
2022-03-11 05:00:00,1013.6,14.0,92.0,1.4,325.0,-99.8,-99.8,0.0,-99.8,-99.8,-99.8,-99.8,-99.8,-99.8,-99.8
2022-03-11 06:00:00,1013.9,14.0,90.0,1.4,313.0,-99.8,-99.8,0.0,-99.8,-99.8,-99.8,-99.8,-99.8,-99.8,-99.8
2022-03-11 07:00:00,1014.8,15.0,87.0,1.6,338.0,-99.8,-99.8,0.0,-99.8,-99.8,-99.8,-99.8,-99.8,-99.8,-99.8
2022-03-11 08:00:00,1015.4,14.9,88.0,1.8,31.0,-99.8,-99.8,0.0,-99.8,-99.8,-99.8,-99.8,-99.8,-99.8,-99.8
2022-03-11 09:00:00,1015.7,18.2,73.0,1.4,4.0,-99.8,-99.8,0.0,-99.8,-99.8,-99.8,-99.8,-99.8,-99.8,-99.8
2022-03-11 10:00:00,1015.8,18.7,72.0,2.0,27.0,-99.8,-99.8,0.0,-99.8,-99.8,-99.8,-99.8,-99.8,-99.8,-99.8
2022-03-11 11:00:00,1015.5,18.2,74.0,2.1,19.0,-99.8,-99.8,0.0,-99.8,-99.8,-99.8,-99.8,-99.8,-99.8,-99.8
2022-03-11 12:00:00,1014.6,19.1,69.0,1.8,12.0,-99.8,-99.8,0.0,-99.8,-99.8,-99.8,-99.8,-99.8,-99.8,-99.8
2022-03-11 13:00:00,1013.5,19.7,66.0,1.7,357.0,-99.8,-99.8,0.0,-99.8,-99.8,-99.8,-99.8,-99.8,-99.8,-99.8
2022-03-11 14:00:00,1012.7,20.4,68.0,1.7,60.0,-99.8,-99.8,0.0,-99.8,-99.8,-99.8,-99.8,-99.8,-99.8,-99.8
2022-03-11 15:00:00,1012.5,19.6,70.0,1.5,100.0,-99.8,-99.8,0.0,-99.8,-99.8,-99.8,-99.8,-99.8,-99.8,-99.8
2022-03-11 16:00:00,1012.3,19.2,74.0,1.0,118.0,-99.8,-99.8,0.0,-99.8,-99.8,-99.8,-99.8,-99.8,-99.8,-99.8
2022-03-11 17:00:00,1012.5,18.2,75.0,1.3,90.0,-99.8,-99.8,0.0,-99.8,-99.8,-99.8,-99.8,-99.8,-99.8,-99.8
2022-03-11 18:00:00,1012.9,16.7,82.0,2.5,29.0,-99.8,-99.8,0.0,-99.8,-99.8,-99.8,-99.8,-99.8,-99.8,-99.8
2022-03-11 19:00:00,1013.2,15.8,89.0,2.4,19.0,-99.8,-99.8,0.0,-99.8,-99.8,-99.8,-99.8,-99.8,-99.8,-99.8
2022-03-11 20:00:00,1013.7,15.2,91.0,2.1,17.0,-99.8,-99.8,0.0,-99.8,-99.8,-99.8,-99.8,-99.8,-99.8,-99.8
2022-03-11 21:00:00,1014.4,14.9,93.0,1.8,348.0,-99.8,-99.8,0.0,-99.8,-99.8,-99.8,-99.8,-99.8,-99.8,-99.8
2022-03-11 22:00:00,1014.8,14.8,93.0,0.9,5.0,-99.8,-99.8,0.0,-99.8,-99.8,-99.8,-99.8,-99.8,-99.8,-99.8
2022-03-11 23:00:00,1014.7,14.8,93.0,3.4,21.0,-99.8,-99.8,0.0,-99.8,-99.8,-99.8,-99.8,-99.8,-99.8,-99.8
2022-03-12 00:00:00,1014.7,14.7,92.0,3.6,13.0,-99.8,-99.8,0.0,-99.8,-99.8,-99.8,-99.8,-99.8,-99.8,-99.8
2022-03-12 01:00:00,1014.4,14.6,94.0,6.5,22.0,-99.8,-99.8,0.0,-99.8,-99.8,-99.8,-99.8,-99.8,-99.8,-99.8
2022-03-12 02:00:00,1014.4,14.1,97.0,4.6,23.0,-99.8,-99.8,0.0,-99.8,-99.8,-99.8,-99.8,-99.8,-99.8,-99.8
2022-03-12 03:00:00,1013.8,13.3,98.0,5.8,16.0,-99.8,-99.8,0.0,-99.8,-99.8,-99.8,-99.8,-99.8,-99.8,-99.8
2022-03-12 04:00:00,1013.8,12.8,98.0,6.0,2.0,-99.8,-99.8,0.0,-99.8,-99.8,-99.8,-99.8,-99.8,-99.8,-99.8
2022-03-12 05:00:00,1014.0,13.3,99.0,6.1,14.0,-99.8,-99.8,0.0,-99.8,-99.8,-99.8,-99.8,-99.8,-99.8,-99.8
2022-03-12 06:00:00,1014.0,13.9,99.0,4.8,6.0,-99.8,-99.8,0.0,-99.8,-99.8,-99.8,-99.8,-99.8,-99.8,-99.8
2022-03-12 07:00:00,1014.5,14.6,99.0,3.6,333.0,-99.8,-99.8,0.0,-99.8,-99.8,-99.8,-99.8,-99.8,-99.8,-99.8
2022-03-12 08:00:00,1014.7,15.8,88.0,2.6,345.0,-99.8,-99.8,0.0,-99.8,-99.8,-99.8,-99.8,-99.8,-99.8,-99.8
2022-03-12 09:00:00,1014.9,16.7,83.0,3.0,343.0,-99.8,-99.8,0.0,-99.8,-99.8,-99.8,-99.8,-99.8,-99.8,-99.8
2022-03-12 10:00:00,1014.9,17.8,80.0,3.3,3.0,-99.8,-99.8,0.0,-99.8,-99.8,-99.8,-99.8,-99.8,-99.8,-99.8
2022-03-12 11:00:00,1014.6,17.9,81.0,4.5,14.0,-99.8,-99.8,0.0,-99.8,-99.8,-99.8,-99.8,-99.8,-99.8,-99.8
2022-03-12 12:00:00,1014.0,18.4,79.0,4.1,17.0,-99.8,-99.8,0.0,-99.8,-99.8,-99.8,-99.8,-99.8,-99.8,-99.8
2022-03-12 13:00:00,1013.4,17.7,83.0,3.4,14.0,-99.8,-99.8,0.0,-99.8,-99.8,-99.8,-99.8,-99.8,-99.8,-99.8
2022-03-12 14:00:00,1012.6,18.7,81.0,3.4,17.0,-99.8,-99.8,0.0,-99.8,-99.8,-99.8,-99.8,-99.8,-99.8,-99.8
2022-03-12 15:00:00,1012.1,17.7,84.0,4.1,23.0,-99.8,-99.8,0.0,-99.8,-99.8,-99.8,-99.8,-99.8,-99.8,-99.8
2022-03-12 16:00:00,1011.7,16.6,88.0,3.2,14.0,-99.8,-99.8,0.0,-99.8,-99.8,-99.8,-99.8,-99.8,-99.8,-99.8
2022-03-12 17:00:00,1011.7,15.9,91.0,3.4,19.0,-99.8,-99.8,0.0,-99.8,-99.8,-99.8,-99.8,-99.8,-99.8,-99.8
2022-03-12 18:00:00,1011.6,15.2,93.0,2.8,18.0,-99.8,-99.8,0.0,-99.8,-99.8,-99.8,-99.8,-99.8,-99.8,-99.8
2022-03-12 19:00:00,1011.7,14.9,95.0,1.6,4.0,-99.8,-99.8,0.0,-99.8,-99.8,-99.8,-99.8,-99.8,-99.8,-99.8
2022-03-12 20:00:00,1012.0,15.0,95.0,2.5,17.0,-99.8,-99.8,0.0,-99.8,-99.8,-99.8,-99.8,-99.8,-99.8,-99.8
2022-03-12 21:00:00,1012.4,14.9,95.0,2.4,14.0,-99.8,-99.8,0.0,-99.8,-99.8,-99.8,-99.8,-99.8,-99.8,-99.8
2022-03-12 22:00:00,1012.5,15.3,95.0,2.8,19.0,-99.8,-99.8,0.0,-99.8,-99.8,-99.8,-99.8,-99.8,-99.8,-99.8
2022-03-12 23:00:00,1012.5,16.4,94.0,4.2,358.0,-99.8,-99.8,0.0,-99.8,-99.8,-99.8,-99.8,-99.8,-99.8,-99.8
2022-03-13 00:00:00,1012.4,16.4,93.0,3.6,360.0,-99.8,-99.8,0.0,-99.8,-99.8,-99.8,-99.8,-99.8,-99.8,-99.8
2022-03-13 01:00:00,1012.4,16.8,93.0,3.2,355.0,-99.8,-99.8,0.0,-99.8,-99.8,-99.8,-99.8,-99.8,-99.8,-99.8
2022-03-13 02:00:00,1012.2,16.4,95.0,2.5,11.0,-99.8,-99.8,0.0,-99.8,-99.8,-99.8,-99.8,-99.8,-99.8,-99.8
2022-03-13 03:00:00,1012.2,16.6,94.0,1.3,292.0,-99.8,-99.8,0.0,-99.8,-99.8,-99.8,-99.8,-99.8,-99.8,-99.8
2022-03-13 04:00:00,1012.3,17.0,93.0,0.9,249.0,-99.8,-99.8,0.0,-99.8,-99.8,-99.8,-99.8,-99.8,-99.8,-99.8
2022-03-13 05:00:00,1012.5,16.9,93.0,2.5,232.0,-99.8,-99.8,0.0,-99.8,-99.8,-99.8,-99.8,-99.8,-99.8,-99.8
2022-03-13 06:00:00,1012.6,17.2,91.0,1.1,182.0,-99.8,-99.8,0.0,-99.8,-99.8,-99.8,-99.8,-99.8,-99.8,-99.8
2022-03-13 07:00:00,1012.9,17.3,92.0,2.6,205.0,-99.8,-99.8,0.0,-99.8,-99.8,-99.8,-99.8,-99.8,-99.8,-99.8
2022-03-13 08:00:00,1013.0,18.6,87.0,2.8,196.0,-99.8,-99.8,0.0,-99.8,-99.8,-99.8,-99.8,-99.8,-99.8,-99.8
2022-03-13 09:00:00,1012.9,19.5,83.0,3.6,202.0,-99.8,-99.8,0.0,-99.8,-99.8,-99.8,-99.8,-99.8,-99.8,-99.8
2022-03-13 10:00:00,1013.1,19.4,82.0,4.6,188.0,-99.8,-99.8,0.0,-99.8,-99.8,-99.8,-99.8,-99.8,-99.8,-99.8
2022-03-13 11:00:00,1012.7,20.8,78.0,3.5,187.0,-99.8,-99.8,0.0,-99.8,-99.8,-99.8,-99.8,-99.8,-99.8,-99.8
2022-03-13 12:00:00,1011.8,18.9,83.0,3.2,168.0,-99.8,-99.8,0.0,-99.8,-99.8,-99.8,-99.8,-99.8,-99.8,-99.8
2022-03-13 13:00:00,1010.7,18.5,85.0,4.8,176.0,-99.8,-99.8,0.0,-99.8,-99.8,-99.8,-99.8,-99.8,-99.8,-99.8
2022-03-13 14:00:00,1009.6,18.8,82.0,5.5,175.0,-99.8,-99.8,0.0,-99.8,-99.8,-99.8,-99.8,-99.8,-99.8,-99.8
2022-03-13 15:00:00,1009.1,18.1,86.0,5.6,181.0,-99.8,-99.8,0.0,-99.8,-99.8,-99.8,-99.8,-99.8,-99.8,-99.8
2022-03-13 16:00:00,1009.2,17.9,87.0,5.2,176.0,-99.8,-99.8,0.0,-99.8,-99.8,-99.8,-99.8,-99.8,-99.8,-99.8
2022-03-13 17:00:00,1009.3,18.5,86.0,4.7,186.0,-99.8,-99.8,0.0,-99.8,-99.8,-99.8,-99.8,-99.8,-99.8,-99.8
2022-03-13 18:00:00,1009.9,17.2,92.0,4.3,178.0,-99.8,-99.8,0.0,-99.8,-99.8,-99.8,-99.8,-99.8,-99.8,-99.8
2022-03-13 19:00:00,1010.3,16.4,95.0,4.2,179.0,-99.8,-99.8,0.0,-99.8,-99.8,-99.8,-99.8,-99.8,-99.8,-99.8
2022-03-13 20:00:00,1011.3,15.8,96.0,3.9,171.0,-99.8,-99.8,0.0,-99.8,-99.8,-99.8,-99.8,-99.8,-99.8,-99.8
2022-03-13 21:00:00,1011.7,15.8,95.0,3.5,172.0,-99.8,-99.8,0.0,-99.8,-99.8,-99.8,-99.8,-99.8,-99.8,-99.8
2022-03-13 22:00:00,1011.8,16.0,93.0,2.7,173.0,-99.8,-99.8,0.0,-99.8,-99.8,-99.8,-99.8,-99.8,-99.8,-99.8
2022-03-13 23:00:00,1012.0,15.9,93.0,1.5,185.0,-99.8,-99.8,0.0,-99.8,-99.8,-99.8,-99.8,-99.8,-99.8,-99.8
2022-03-14 00:00:00,1011.9,15.5,94.0,0.9,210.0,-99.8,-99.8,0.0,-99.8,-99.8,-99.8,-99.8,-99.8,-99.8,-99.8
2022-03-14 01:00:00,1011.7,14.8,96.0,1.3,356.0,-99.8,-99.8,0.0,-99.8,-99.8,-99.8,-99.8,-99.8,-99.8,-99.8
2022-03-14 02:00:00,1011.4,14.9,97.0,1.3,3.0,-99.8,-99.8,0.0,-99.8,-99.8,-99.8,-99.8,-99.8,-99.8,-99.8
2022-03-14 03:00:00,1011.5,14.8,98.0,0.8,350.0,-99.8,-99.8,0.0,-99.8,-99.8,-99.8,-99.8,-99.8,-99.8,-99.8
2022-03-14 04:00:00,1011.3,14.7,98.0,1.2,345.0,-99.8,-99.8,0.0,-99.8,-99.8,-99.8,-99.8,-99.8,-99.8,-99.8
2022-03-14 05:00:00,1011.5,14.5,98.0,0.4,8.0,-99.8,-99.8,0.0,-99.8,-99.8,-99.8,-99.8,-99.8,-99.8,-99.8
2022-03-14 06:00:00,1011.8,14.6,98.0,1.5,337.0,-99.8,-99.8,0.0,-99.8,-99.8,-99.8,-99.8,-99.8,-99.8,-99.8
2022-03-14 07:00:00,1012.5,14.8,98.0,0.9,345.0,-99.8,-99.8,0.0,-99.8,-99.8,-99.8,-99.8,-99.8,-99.8,-99.8
2022-03-14 08:00:00,1013.3,15.0,97.0,1.1,2.0,-99.8,-99.8,0.0,-99.8,-99.8,-99.8,-99.8,-99.8,-99.8,-99.8
2022-03-14 09:00:00,1013.6,15.6,94.0,1.3,9.0,-99.8,-99.8,0.0,-99.8,-99.8,-99.8,-99.8,-99.8,-99.8,-99.8
2022-03-14 10:00:00,1013.6,16.5,90.0,1.3,5.0,-99.8,-99.8,0.0,-99.8,-99.8,-99.8,-99.8,-99.8,-99.8,-99.8
2022-03-14 11:00:00,1013.2,17.7,86.0,1.8,5.0,-99.8,-99.8,0.0,-99.8,-99.8,-99.8,-99.8,-99.8,-99.8,-99.8
2022-03-14 12:00:00,1012.3,18.8,83.0,1.5,10.0,-99.8,-99.8,0.0,-99.8,-99.8,-99.8,-99.8,-99.8,-99.8,-99.8
2022-03-14 13:00:00,1011.3,19.2,83.0,1.8,138.0,-99.8,-99.8,0.0,-99.8,-99.8,-99.8,-99.8,-99.8,-99.8,-99.8
2022-03-14 14:00:00,1010.3,19.5,81.0,2.8,177.0,-99.8,-99.8,0.0,-99.8,-99.8,-99.8,-99.8,-99.8,-99.8,-99.8
2022-03-14 15:00:00,1010.1,18.7,85.0,1.9,140.0,-99.8,-99.8,0.0,-99.8,-99.8,-99.8,-99.8,-99.8,-99.8,-99.8
2022-03-14 16:00:00,1009.4,18.2,86.0,3.4,177.0,-99.8,-99.8,0.0,-99.8,-99.8,-99.8,-99.8,-99.8,-99.8,-99.8
2022-03-14 17:00:00,1009.5,18.0,88.0,3.2,175.0,-99.8,-99.8,0.0,-99.8,-99.8,-99.8,-99.8,-99.8,-99.8,-99.8
2022-03-14 18:00:00,1009.9,17.7,91.0,3.4,176.0,-99.8,-99.8,0.0,-99.8,-99.8,-99.8,-99.8,-99.8,-99.8,-99.8
2022-03-14 19:00:00,1010.1,17.8,90.0,2.8,173.0,-99.8,-99.8,0.0,-99.8,-99.8,-99.8,-99.8,-99.8,-99.8,-99.8
2022-03-14 20:00:00,1010.4,17.6,92.0,1.7,174.0,-99.8,-99.8,0.0,-99.8,-99.8,-99.8,-99.8,-99.8,-99.8,-99.8
2022-03-14 21:00:00,1010.5,17.4,93.0,1.6,176.0,-99.8,-99.8,0.0,-99.8,-99.8,-99.8,-99.8,-99.8,-99.8,-99.8
2022-03-14 22:00:00,1010.9,17.0,94.0,0.9,197.0,-99.8,-99.8,0.0,-99.8,-99.8,-99.8,-99.8,-99.8,-99.8,-99.8
2022-03-14 23:00:00,1011.6,15.9,97.0,1.6,2.0,-99.8,-99.8,0.0,-99.8,-99.8,-99.8,-99.8,-99.8,-99.8,-99.8
2022-03-15 00:00:00,1011.8,16.4,98.0,1.8,5.0,-99.8,-99.8,0.0,-99.8,-99.8,-99.8,-99.8,-99.8,-99.8,-99.8
2022-03-15 01:00:00,1011.6,17.2,94.0,2.4,41.0,-99.8,-99.8,0.0,-99.8,-99.8,-99.8,-99.8,-99.8,-99.8,-99.8
2022-03-15 02:00:00,1011.8,16.1,96.0,6.2,28.0,-99.8,-99.8,0.0,-99.8,-99.8,-99.8,-99.8,-99.8,-99.8,-99.8
2022-03-15 03:00:00,1011.0,15.8,95.0,6.3,25.0,-99.8,-99.8,0.0,-99.8,-99.8,-99.8,-99.8,-99.8,-99.8,-99.8
2022-03-15 04:00:00,1011.0,16.1,92.0,4.8,26.0,-99.8,-99.8,0.0,-99.8,-99.8,-99.8,-99.8,-99.8,-99.8,-99.8
2022-03-15 05:00:00,1011.7,15.4,93.0,3.8,2.0,-99.8,-99.8,0.0,-99.8,-99.8,-99.8,-99.8,-99.8,-99.8,-99.8
2022-03-15 06:00:00,1012.2,15.2,96.0,2.2,346.0,-99.8,-99.8,0.0,-99.8,-99.8,-99.8,-99.8,-99.8,-99.8,-99.8
2022-03-15 07:00:00,1012.6,15.2,96.0,2.0,349.0,-99.8,-99.8,0.0,-99.8,-99.8,-99.8,-99.8,-99.8,-99.8,-99.8
2022-03-15 08:00:00,1013.4,15.3,95.0,2.5,350.0,-99.8,-99.8,0.0,-99.8,-99.8,-99.8,-99.8,-99.8,-99.8,-99.8
2022-03-15 09:00:00,1014.0,15.6,94.0,2.9,3.0,-99.8,-99.8,0.0,-99.8,-99.8,-99.8,-99.8,-99.8,-99.8,-99.8
2022-03-15 10:00:00,1014.4,15.7,91.0,6.9,24.0,-99.8,-99.8,0.0,-99.8,-99.8,-99.8,-99.8,-99.8,-99.8,-99.8
2022-03-15 11:00:00,1014.1,15.3,89.0,8.3,27.0,-99.8,-99.8,0.0,-99.8,-99.8,-99.8,-99.8,-99.8,-99.8,-99.8
2022-03-15 12:00:00,1013.7,15.2,87.0,8.3,28.0,-99.8,-99.8,0.0,-99.8,-99.8,-99.8,-99.8,-99.8,-99.8,-99.8
2022-03-15 13:00:00,1013.0,15.3,88.0,7.1,29.0,-99.8,-99.8,0.0,-99.8,-99.8,-99.8,-99.8,-99.8,-99.8,-99.8
2022-03-15 14:00:00,1012.1,15.5,88.0,6.0,18.0,-99.8,-99.8,0.0,-99.8,-99.8,-99.8,-99.8,-99.8,-99.8,-99.8
2022-03-15 15:00:00,-9999.7,-99.7,-9997.0,-99.7,-999.7,-99.8,-99.8,-999.6,-99.8,-99.8,-99.8,-99.8,-99.8,-99.8,-99.8
2022-03-15 16:00:00,1011.1,15.8,85.0,4.7,33.0,-99.8,-99.8,0.0,-99.8,-99.8,-99.8,-99.8,-99.8,-99.8,-99.8
2022-03-15 17:00:00,1011.3,15.1,88.0,5.3,32.0,-99.8,-99.8,0.0,-99.8,-99.8,-99.8,-99.8,-99.8,-99.8,-99.8
2022-03-15 18:00:00,1011.5,14.6,91.0,4.0,27.0,-99.8,-99.8,0.0,-99.8,-99.8,-99.8,-99.8,-99.8,-99.8,-99.8
2022-03-15 19:00:00,1011.7,14.4,93.0,4.5,25.0,-99.8,-99.8,0.0,-99.8,-99.8,-99.8,-99.8,-99.8,-99.8,-99.8
2022-03-15 20:00:00,1012.4,14.4,94.0,4.5,21.0,-99.8,-99.8,0.0,-99.8,-99.8,-99.8,-99.8,-99.8,-99.8,-99.8
2022-03-15 21:00:00,1013.1,14.4,95.0,4.4,9.0,-99.8,-99.8,0.0,-99.8,-99.8,-99.8,-99.8,-99.8,-99.8,-99.8
2022-03-15 22:00:00,1013.4,14.6,94.0,4.5,9.0,-99.8,-99.8,0.0,-99.8,-99.8,-99.8,-99.8,-99.8,-99.8,-99.8
2022-03-15 23:00:00,1013.1,14.7,93.0,4.5,10.0,-99.8,-99.8,0.0,-99.8,-99.8,-99.8,-99.8,-99.8,-99.8,-99.8
2022-03-16 00:00:00,1013.0,14.6,93.0,4.8,8.0,-99.8,-99.8,0.0,-99.8,-99.8,-99.8,-99.8,-99.8,-99.8,-99.8
2022-03-16 01:00:00,1012.9,14.6,93.0,4.6,7.0,-99.8,-99.8,0.0,-99.8,-99.8,-99.8,-99.8,-99.8,-99.8,-99.8
2022-03-16 02:00:00,1012.2,14.7,93.0,4.4,14.0,-99.8,-99.8,0.0,-99.8,-99.8,-99.8,-99.8,-99.8,-99.8,-99.8
2022-03-16 03:00:00,1012.0,14.6,94.0,4.0,11.0,-99.8,-99.8,0.0,-99.8,-99.8,-99.8,-99.8,-99.8,-99.8,-99.8
2022-03-16 04:00:00,1011.5,14.5,94.0,3.2,8.0,-99.8,-99.8,0.0,-99.8,-99.8,-99.8,-99.8,-99.8,-99.8,-99.8
2022-03-16 05:00:00,1011.7,14.5,94.0,2.8,354.0,-99.8,-99.8,0.0,-99.8,-99.8,-99.8,-99.8,-99.8,-99.8,-99.8
2022-03-16 06:00:00,1012.2,14.7,93.0,2.3,354.0,-99.8,-99.8,0.0,-99.8,-99.8,-99.8,-99.8,-99.8,-99.8,-99.8
2022-03-16 07:00:00,1012.6,14.8,93.0,2.2,357.0,-99.8,-99.8,0.0,-99.8,-99.8,-99.8,-99.8,-99.8,-99.8,-99.8
2022-03-16 08:00:00,1013.5,15.1,91.0,3.0,356.0,-99.8,-99.8,0.0,-99.8,-99.8,-99.8,-99.8,-99.8,-99.8,-99.8
2022-03-16 09:00:00,1013.6,15.5,90.0,2.6,358.0,-99.8,-99.8,0.0,-99.8,-99.8,-99.8,-99.8,-99.8,-99.8,-99.8
2022-03-16 10:00:00,1013.5,16.0,89.0,2.7,350.0,-99.8,-99.8,0.0,-99.8,-99.8,-99.8,-99.8,-99.8,-99.8,-99.8
2022-03-16 11:00:00,1013.1,16.1,87.0,3.7,16.0,-99.8,-99.8,0.0,-99.8,-99.8,-99.8,-99.8,-99.8,-99.8,-99.8
2022-03-16 12:00:00,1012.2,16.9,85.0,3.7,18.0,-99.8,-99.8,0.0,-99.8,-99.8,-99.8,-99.8,-99.8,-99.8,-99.8
2022-03-16 13:00:00,1011.2,17.6,80.0,4.9,23.0,-99.8,-99.8,0.0,-99.8,-99.8,-99.8,-99.8,-99.8,-99.8,-99.8
2022-03-16 14:00:00,1010.5,17.2,82.0,3.9,20.0,-99.8,-99.8,0.0,-99.8,-99.8,-99.8,-99.8,-99.8,-99.8,-99.8
2022-03-16 15:00:00,1010.4,17.0,84.0,2.2,349.0,-99.8,-99.8,0.0,-99.8,-99.8,-99.8,-99.8,-99.8,-99.8,-99.8
2022-03-16 16:00:00,1010.0,17.5,84.0,5.0,23.0,-99.8,-99.8,0.0,-99.8,-99.8,-99.8,-99.8,-99.8,-99.8,-99.8
2022-03-16 17:00:00,1010.4,16.7,91.0,3.9,20.0,-99.8,-99.8,0.0,-99.8,-99.8,-99.8,-99.8,-99.8,-99.8,-99.8
2022-03-16 18:00:00,1011.2,16.2,94.0,1.7,360.0,-99.8,-99.8,0.0,-99.8,-99.8,-99.8,-99.8,-99.8,-99.8,-99.8
2022-03-16 19:00:00,1011.4,15.9,95.0,2.3,354.0,-99.8,-99.8,0.0,-99.8,-99.8,-99.8,-99.8,-99.8,-99.8,-99.8
2022-03-16 20:00:00,1011.6,15.7,96.0,2.1,8.0,-99.8,-99.8,0.0,-99.8,-99.8,-99.8,-99.8,-99.8,-99.8,-99.8
2022-03-16 21:00:00,1011.2,15.9,97.0,3.4,25.0,-99.8,-99.8,0.0,-99.8,-99.8,-99.8,-99.8,-99.8,-99.8,-99.8
2022-03-16 22:00:00,1011.0,15.7,97.0,3.0,11.0,-99.8,-99.8,0.0,-99.8,-99.8,-99.8,-99.8,-99.8,-99.8,-99.8
2022-03-16 23:00:00,1010.8,15.7,97.0,2.2,12.0,-99.8,-99.8,0.0,-99.8,-99.8,-99.8,-99.8,-99.8,-99.8,-99.8
2022-03-17 00:00:00,1010.3,15.7,97.0,3.7,1.0,-99.8,-99.8,0.0,-99.8,-99.8,-99.8,-99.8,-99.8,-99.8,-99.8
2022-03-17 01:00:00,1009.0,16.2,97.0,3.6,353.0,-99.8,-99.8,0.0,-99.8,-99.8,-99.8,-99.8,-99.8,-99.8,-99.8
2022-03-17 02:00:00,1008.9,15.9,96.0,2.2,11.0,-99.8,-99.8,0.0,-99.8,-99.8,-99.8,-99.8,-99.8,-99.8,-99.8
2022-03-17 03:00:00,1008.3,16.1,97.0,1.5,12.0,-99.8,-99.8,0.0,-99.8,-99.8,-99.8,-99.8,-99.8,-99.8,-99.8
2022-03-17 04:00:00,1008.0,16.8,96.0,0.4,5.0,-99.8,-99.8,0.0,-99.8,-99.8,-99.8,-99.8,-99.8,-99.8,-99.8
2022-03-17 05:00:00,1007.7,16.4,96.0,1.0,9.0,-99.8,-99.8,0.0,-99.8,-99.8,-99.8,-99.8,-99.8,-99.8,-99.8
2022-03-17 06:00:00,1008.3,16.3,96.0,0.7,318.0,-99.8,-99.8,0.0,-99.8,-99.8,-99.8,-99.8,-99.8,-99.8,-99.8
2022-03-17 07:00:00,1009.5,16.2,97.0,0.5,183.0,-99.8,-99.8,0.0,-99.8,-99.8,-99.8,-99.8,-99.8,-99.8,-99.8
2022-03-17 08:00:00,1009.8,16.8,97.0,1.1,10.0,-99.8,-99.8,0.0,-99.8,-99.8,-99.8,-99.8,-99.8,-99.8,-99.8
2022-03-17 09:00:00,1010.1,17.4,95.0,2.3,178.0,-99.8,-99.8,0.0,-99.8,-99.8,-99.8,-99.8,-99.8,-99.8,-99.8
2022-03-17 10:00:00,1010.2,17.9,93.0,4.1,182.0,-99.8,-99.8,0.0,-99.8,-99.8,-99.8,-99.8,-99.8,-99.8,-99.8
2022-03-17 11:00:00,1009.5,17.8,92.0,3.9,176.0,-99.8,-99.8,0.0,-99.8,-99.8,-99.8,-99.8,-99.8,-99.8,-99.8
2022-03-17 12:00:00,1008.6,17.2,92.0,5.0,180.0,-99.8,-99.8,0.0,-99.8,-99.8,-99.8,-99.8,-99.8,-99.8,-99.8
2022-03-17 13:00:00,1007.4,17.1,94.0,5.0,176.0,-99.8,-99.8,0.0,-99.8,-99.8,-99.8,-99.8,-99.8,-99.8,-99.8
2022-03-17 14:00:00,1006.3,17.9,92.0,5.7,192.0,-99.8,-99.8,0.0,-99.8,-99.8,-99.8,-99.8,-99.8,-99.8,-99.8
2022-03-17 15:00:00,1005.1,18.1,91.0,4.6,196.0,-99.8,-99.8,0.0,-99.8,-99.8,-99.8,-99.8,-99.8,-99.8,-99.8
2022-03-17 16:00:00,1004.6,18.3,91.0,3.3,197.0,-99.8,-99.8,0.0,-99.8,-99.8,-99.8,-99.8,-99.8,-99.8,-99.8
2022-03-17 17:00:00,1004.5,17.8,94.0,4.6,191.0,-99.8,-99.8,0.0,-99.8,-99.8,-99.8,-99.8,-99.8,-99.8,-99.8
2022-03-17 18:00:00,1004.8,17.5,96.0,5.6,193.0,-99.8,-99.8,0.0,-99.8,-99.8,-99.8,-99.8,-99.8,-99.8,-99.8
2022-03-17 19:00:00,1005.2,18.6,94.0,5.0,197.0,-99.8,-99.8,0.0,-99.8,-99.8,-99.8,-99.8,-99.8,-99.8,-99.8
2022-03-17 20:00:00,1006.9,19.4,92.0,2.6,210.0,-99.8,-99.8,0.0,-99.8,-99.8,-99.8,-99.8,-99.8,-99.8,-99.8
2022-03-17 21:00:00,1006.9,20.8,84.0,2.0,316.0,-99.8,-99.8,0.0,-99.8,-99.8,-99.8,-99.8,-99.8,-99.8,-99.8
2022-03-17 22:00:00,1007.2,18.0,91.0,0.8,354.0,-99.8,-99.8,0.0,-99.8,-99.8,-99.8,-99.8,-99.8,-99.8,-99.8
2022-03-17 23:00:00,1007.0,18.5,93.0,1.2,217.0,-99.8,-99.8,0.0,-99.8,-99.8,-99.8,-99.8,-99.8,-99.8,-99.8
2022-03-18 00:00:00,1006.7,19.3,90.0,1.9,215.0,-99.8,-99.8,0.0,-99.8,-99.8,-99.8,-99.8,-99.8,-99.8,-99.8
2022-03-18 01:00:00,1006.4,20.1,87.0,2.2,226.0,-99.8,-99.8,0.0,-99.8,-99.8,-99.8,-99.8,-99.8,-99.8,-99.8
2022-03-18 02:00:00,1006.1,20.2,83.0,2.1,262.0,-99.8,-99.8,0.0,-99.8,-99.8,-99.8,-99.8,-99.8,-99.8,-99.8
2022-03-18 03:00:00,1005.8,19.5,87.0,2.1,233.0,-99.8,-99.8,0.0,-99.8,-99.8,-99.8,-99.8,-99.8,-99.8,-99.8
2022-03-18 04:00:00,1005.7,19.5,86.0,1.2,231.0,-99.8,-99.8,0.0,-99.8,-99.8,-99.8,-99.8,-99.8,-99.8,-99.8
2022-03-18 05:00:00,1006.4,20.4,77.0,1.7,311.0,-99.8,-99.8,0.0,-99.8,-99.8,-99.8,-99.8,-99.8,-99.8,-99.8
2022-03-18 06:00:00,1006.6,20.0,73.0,1.4,271.0,-99.8,-99.8,0.0,-99.8,-99.8,-99.8,-99.8,-99.8,-99.8,-99.8
2022-03-18 07:00:00,1007.5,20.7,66.0,1.7,335.0,-99.8,-99.8,0.0,-99.8,-99.8,-99.8,-99.8,-99.8,-99.8,-99.8
2022-03-18 08:00:00,1008.7,20.9,69.0,2.2,334.0,-99.8,-99.8,0.0,-99.8,-99.8,-99.8,-99.8,-99.8,-99.8,-99.8
2022-03-18 09:00:00,1010.3,16.0,95.0,4.1,27.0,-99.8,-99.8,0.0,-99.8,-99.8,-99.8,-99.8,-99.8,-99.8,-99.8
2022-03-18 10:00:00,1011.1,17.1,84.0,2.7,59.0,-99.8,-99.8,0.0,-99.8,-99.8,-99.8,-99.8,-99.8,-99.8,-99.8
2022-03-18 11:00:00,1011.3,17.5,77.0,3.4,33.0,-99.8,-99.8,0.0,-99.8,-99.8,-99.8,-99.8,-99.8,-99.8,-99.8
2022-03-18 12:00:00,1011.1,18.3,73.0,1.9,43.0,-99.8,-99.8,0.0,-99.8,-99.8,-99.8,-99.8,-99.8,-99.8,-99.8
2022-03-18 13:00:00,1010.5,18.2,73.0,2.6,48.0,-99.8,-99.8,0.0,-99.8,-99.8,-99.8,-99.8,-99.8,-99.8,-99.8
2022-03-18 14:00:00,1009.8,17.4,74.0,1.8,79.0,-99.8,-99.8,0.0,-99.8,-99.8,-99.8,-99.8,-99.8,-99.8,-99.8
2022-03-18 15:00:00,1009.2,17.6,73.0,1.6,74.0,-99.8,-99.8,0.0,-99.8,-99.8,-99.8,-99.8,-99.8,-99.8,-99.8
2022-03-18 16:00:00,1008.9,17.1,75.0,1.5,102.0,-99.8,-99.8,0.0,-99.8,-99.8,-99.8,-99.8,-99.8,-99.8,-99.8
2022-03-18 17:00:00,1009.2,16.2,80.0,0.9,89.0,-99.8,-99.8,0.0,-99.8,-99.8,-99.8,-99.8,-99.8,-99.8,-99.8
2022-03-18 18:00:00,1009.2,15.6,82.0,0.8,71.0,-99.8,-99.8,0.0,-99.8,-99.8,-99.8,-99.8,-99.8,-99.8,-99.8
2022-03-18 19:00:00,1009.8,15.1,84.0,1.6,30.0,-99.8,-99.8,0.0,-99.8,-99.8,-99.8,-99.8,-99.8,-99.8,-99.8
2022-03-18 20:00:00,1010.5,14.8,87.0,2.1,36.0,-99.8,-99.8,0.0,-99.8,-99.8,-99.8,-99.8,-99.8,-99.8,-99.8
2022-03-18 21:00:00,1011.3,14.7,87.0,2.9,35.0,-99.8,-99.8,0.0,-99.8,-99.8,-99.8,-99.8,-99.8,-99.8,-99.8
2022-03-18 22:00:00,1011.6,14.4,85.0,3.4,34.0,-99.8,-99.8,0.0,-99.8,-99.8,-99.8,-99.8,-99.8,-99.8,-99.8
2022-03-18 23:00:00,1011.5,14.4,83.0,3.4,33.0,-99.8,-99.8,0.0,-99.8,-99.8,-99.8,-99.8,-99.8,-99.8,-99.8
2022-03-19 00:00:00,1012.0,14.5,84.0,5.1,24.0,-99.8,-99.8,0.0,-99.8,-99.8,-99.8,-99.8,-99.8,-99.8,-99.8
2022-03-19 01:00:00,1011.9,14.3,80.0,3.8,37.0,-99.8,-99.8,0.0,-99.8,-99.8,-99.8,-99.8,-99.8,-99.8,-99.8
2022-03-19 02:00:00,1011.6,14.2,82.0,3.3,36.0,-99.8,-99.8,0.0,-99.8,-99.8,-99.8,-99.8,-99.8,-99.8,-99.8
2022-03-19 03:00:00,1011.2,14.0,84.0,3.5,25.0,-99.8,-99.8,0.0,-99.8,-99.8,-99.8,-99.8,-99.8,-99.8,-99.8
2022-03-19 04:00:00,1010.6,13.8,86.0,2.5,23.0,-99.8,-99.8,0.0,-99.8,-99.8,-99.8,-99.8,-99.8,-99.8,-99.8
2022-03-19 05:00:00,1009.9,12.9,89.0,1.0,313.0,-99.8,-99.8,0.0,-99.8,-99.8,-99.8,-99.8,-99.8,-99.8,-99.8
2022-03-19 06:00:00,1010.3,13.7,89.0,2.1,337.0,-99.8,-99.8,0.0,-99.8,-99.8,-99.8,-99.8,-99.8,-99.8,-99.8
2022-03-19 07:00:00,1011.5,14.4,88.0,4.7,8.0,-99.8,-99.8,0.0,-99.8,-99.8,-99.8,-99.8,-99.8,-99.8,-99.8
2022-03-19 08:00:00,1011.7,14.8,85.0,4.4,1.0,-99.8,-99.8,0.0,-99.8,-99.8,-99.8,-99.8,-99.8,-99.8,-99.8
2022-03-19 09:00:00,1012.2,15.6,82.0,3.8,354.0,-99.8,-99.8,0.0,-99.8,-99.8,-99.8,-99.8,-99.8,-99.8,-99.8
2022-03-19 10:00:00,1012.3,16.7,78.0,2.1,355.0,-99.8,-99.8,0.0,-99.8,-99.8,-99.8,-99.8,-99.8,-99.8,-99.8
2022-03-19 11:00:00,1011.8,16.7,78.0,2.2,23.0,-99.8,-99.8,0.0,-99.8,-99.8,-99.8,-99.8,-99.8,-99.8,-99.8
2022-03-19 12:00:00,1010.9,17.6,75.0,1.5,103.0,-99.8,-99.8,0.0,-99.8,-99.8,-99.8,-99.8,-99.8,-99.8,-99.8
2022-03-19 13:00:00,1010.9,17.2,77.0,3.6,22.0,-99.8,-99.8,0.0,-99.8,-99.8,-99.8,-99.8,-99.8,-99.8,-99.8
2022-03-19 14:00:00,1010.4,17.8,76.0,3.5,31.0,-99.8,-99.8,0.0,-99.8,-99.8,-99.8,-99.8,-99.8,-99.8,-99.8
2022-03-19 15:00:00,1010.3,17.5,80.0,2.8,42.0,-99.8,-99.8,0.0,-99.8,-99.8,-99.8,-99.8,-99.8,-99.8,-99.8
2022-03-19 16:00:00,1010.8,16.0,86.0,5.7,30.0,-99.8,-99.8,0.0,-99.8,-99.8,-99.8,-99.8,-99.8,-99.8,-99.8
2022-03-19 17:00:00,1011.4,15.3,86.0,7.0,32.0,-99.8,-99.8,0.0,-99.8,-99.8,-99.8,-99.8,-99.8,-99.8,-99.8
2022-03-19 18:00:00,1012.0,15.3,89.0,7.1,33.0,-99.8,-99.8,0.0,-99.8,-99.8,-99.8,-99.8,-99.8,-99.8,-99.8
2022-03-19 19:00:00,1012.6,15.4,89.0,5.2,30.0,-99.8,-99.8,0.0,-99.8,-99.8,-99.8,-99.8,-99.8,-99.8,-99.8
2022-03-19 20:00:00,1013.5,15.1,89.0,7.5,30.0,-99.8,-99.8,0.0,-99.8,-99.8,-99.8,-99.8,-99.8,-99.8,-99.8
2022-03-19 21:00:00,1014.2,14.9,88.0,8.5,28.0,-99.8,-99.8,0.0,-99.8,-99.8,-99.8,-99.8,-99.8,-99.8,-99.8
2022-03-19 22:00:00,1014.5,14.9,88.0,8.2,28.0,-99.8,-99.8,0.0,-99.8,-99.8,-99.8,-99.8,-99.8,-99.8,-99.8
2022-03-19 23:00:00,1014.9,14.8,89.0,8.1,25.0,-99.8,-99.8,0.0,-99.8,-99.8,-99.8,-99.8,-99.8,-99.8,-99.8
2022-03-20 00:00:00,1015.1,14.8,89.0,7.4,21.0,-99.8,-99.8,0.0,-99.8,-99.8,-99.8,-99.8,-99.8,-99.8,-99.8
2022-03-20 01:00:00,1015.1,14.6,88.0,8.6,19.0,-99.8,-99.8,0.0,-99.8,-99.8,-99.8,-99.8,-99.8,-99.8,-99.8
2022-03-20 02:00:00,1015.0,14.6,87.0,10.3,17.0,-99.8,-99.8,0.0,-99.8,-99.8,-99.8,-99.8,-99.8,-99.8,-99.8
2022-03-20 03:00:00,1014.7,14.4,87.0,10.4,23.0,-99.8,-99.8,0.0,-99.8,-99.8,-99.8,-99.8,-99.8,-99.8,-99.8
2022-03-20 04:00:00,1015.0,14.4,87.0,9.1,24.0,-99.8,-99.8,0.0,-99.8,-99.8,-99.8,-99.8,-99.8,-99.8,-99.8
2022-03-20 05:00:00,1014.9,14.2,89.0,8.4,19.0,-99.8,-99.8,0.0,-99.8,-99.8,-99.8,-99.8,-99.8,-99.8,-99.8
2022-03-20 06:00:00,1015.6,14.3,90.0,8.0,16.0,-99.8,-99.8,0.0,-99.8,-99.8,-99.8,-99.8,-99.8,-99.8,-99.8
2022-03-20 07:00:00,1016.2,14.1,89.0,8.1,22.0,-99.8,-99.8,0.0,-99.8,-99.8,-99.8,-99.8,-99.8,-99.8,-99.8
2022-03-20 08:00:00,1016.6,14.1,87.0,9.1,22.0,-99.8,-99.8,0.0,-99.8,-99.8,-99.8,-99.8,-99.8,-99.8,-99.8
2022-03-20 09:00:00,1016.7,14.3,88.0,8.1,17.0,-99.8,-99.8,0.0,-99.8,-99.8,-99.8,-99.8,-99.8,-99.8,-99.8
2022-03-20 10:00:00,1016.5,14.6,87.0,7.3,9.0,-99.8,-99.8,0.0,-99.8,-99.8,-99.8,-99.8,-99.8,-99.8,-99.8
2022-03-20 11:00:00,1015.9,15.0,85.0,6.3,7.0,-99.8,-99.8,0.0,-99.8,-99.8,-99.8,-99.8,-99.8,-99.8,-99.8
2022-03-20 12:00:00,1015.4,15.4,85.0,6.1,3.0,-99.8,-99.8,0.0,-99.8,-99.8,-99.8,-99.8,-99.8,-99.8,-99.8
2022-03-20 13:00:00,1014.3,16.3,82.0,4.7,7.0,-99.8,-99.8,0.0,-99.8,-99.8,-99.8,-99.8,-99.8,-99.8,-99.8
2022-03-20 14:00:00,1013.1,16.5,84.0,3.9,20.0,-99.8,-99.8,0.0,-99.8,-99.8,-99.8,-99.8,-99.8,-99.8,-99.8
2022-03-20 15:00:00,1012.2,16.4,81.0,2.9,36.0,-99.8,-99.8,0.0,-99.8,-99.8,-99.8,-99.8,-99.8,-99.8,-99.8
2022-03-20 16:00:00,1012.3,15.6,88.0,4.2,29.0,-99.8,-99.8,0.0,-99.8,-99.8,-99.8,-99.8,-99.8,-99.8,-99.8
2022-03-20 17:00:00,1012.7,14.3,93.0,4.8,34.0,-99.8,-99.8,0.0,-99.8,-99.8,-99.8,-99.8,-99.8,-99.8,-99.8
2022-03-20 18:00:00,1012.8,14.3,94.0,4.7,33.0,-99.8,-99.8,0.0,-99.8,-99.8,-99.8,-99.8,-99.8,-99.8,-99.8
2022-03-20 19:00:00,1013.8,14.4,95.0,5.8,30.0,-99.8,-99.8,0.0,-99.8,-99.8,-99.8,-99.8,-99.8,-99.8,-99.8
2022-03-20 20:00:00,1014.1,14.4,96.0,5.4,27.0,-99.8,-99.8,0.0,-99.8,-99.8,-99.8,-99.8,-99.8,-99.8,-99.8
2022-03-20 21:00:00,1014.7,14.5,95.0,5.1,26.0,-99.8,-99.8,0.0,-99.8,-99.8,-99.8,-99.8,-99.8,-99.8,-99.8
2022-03-20 22:00:00,1014.5,14.3,95.0,7.7,30.0,-99.8,-99.8,0.0,-99.8,-99.8,-99.8,-99.8,-99.8,-99.8,-99.8
2022-03-20 23:00:00,1014.8,14.2,95.0,9.3,28.0,-99.8,-99.8,0.0,-99.8,-99.8,-99.8,-99.8,-99.8,-99.8,-99.8
2022-03-21 00:00:00,1014.7,14.1,95.0,9.1,27.0,-99.8,-99.8,0.0,-99.8,-99.8,-99.8,-99.8,-99.8,-99.8,-99.8
2022-03-21 01:00:00,1014.8,14.3,94.0,7.8,19.0,-99.8,-99.8,0.0,-99.8,-99.8,-99.8,-99.8,-99.8,-99.8,-99.8
2022-03-21 02:00:00,1014.5,14.0,94.0,9.0,23.0,-99.8,-99.8,0.0,-99.8,-99.8,-99.8,-99.8,-99.8,-99.8,-99.8
2022-03-21 03:00:00,1014.3,14.0,93.0,8.7,28.0,-99.8,-99.8,0.0,-99.8,-99.8,-99.8,-99.8,-99.8,-99.8,-99.8
2022-03-21 04:00:00,1014.5,13.9,93.0,8.7,26.0,-99.8,-99.8,0.0,-99.8,-99.8,-99.8,-99.8,-99.8,-99.8,-99.8
2022-03-21 05:00:00,1014.5,13.9,92.0,8.5,29.0,-99.8,-99.8,0.0,-99.8,-99.8,-99.8,-99.8,-99.8,-99.8,-99.8
2022-03-21 06:00:00,1015.0,13.9,90.0,7.6,31.0,-99.8,-99.8,0.0,-99.8,-99.8,-99.8,-99.8,-99.8,-99.8,-99.8
2022-03-21 07:00:00,1015.2,13.8,91.0,8.4,27.0,-99.8,-99.8,0.0,-99.8,-99.8,-99.8,-99.8,-99.8,-99.8,-99.8
2022-03-21 08:00:00,1015.7,13.7,90.0,9.2,29.0,-99.8,-99.8,0.0,-99.8,-99.8,-99.8,-99.8,-99.8,-99.8,-99.8
2022-03-21 09:00:00,1016.1,13.8,90.0,8.2,27.0,-99.8,-99.8,0.0,-99.8,-99.8,-99.8,-99.8,-99.8,-99.8,-99.8
2022-03-21 10:00:00,1016.7,13.6,88.0,8.3,28.0,-99.8,-99.8,0.0,-99.8,-99.8,-99.8,-99.8,-99.8,-99.8,-99.8
2022-03-21 11:00:00,1016.2,13.7,88.0,7.3,30.0,-99.8,-99.8,0.0,-99.8,-99.8,-99.8,-99.8,-99.8,-99.8,-99.8
2022-03-21 12:00:00,1015.6,13.5,89.0,7.4,28.0,-99.8,-99.8,0.0,-99.8,-99.8,-99.8,-99.8,-99.8,-99.8,-99.8
2022-03-21 13:00:00,1014.4,13.6,89.0,6.2,34.0,-99.8,-99.8,0.0,-99.8,-99.8,-99.8,-99.8,-99.8,-99.8,-99.8
2022-03-21 14:00:00,1013.2,13.5,89.0,7.0,28.0,-99.8,-99.8,0.0,-99.8,-99.8,-99.8,-99.8,-99.8,-99.8,-99.8
2022-03-21 15:00:00,1012.7,13.7,88.0,7.2,27.0,-99.8,-99.8,0.0,-99.8,-99.8,-99.8,-99.8,-99.8,-99.8,-99.8
2022-03-21 16:00:00,1012.3,13.6,89.0,4.8,34.0,-99.8,-99.8,0.0,-99.8,-99.8,-99.8,-99.8,-99.8,-99.8,-99.8
2022-03-21 17:00:00,1012.3,13.6,91.0,3.9,39.0,-99.8,-99.8,0.0,-99.8,-99.8,-99.8,-99.8,-99.8,-99.8,-99.8
2022-03-21 18:00:00,1012.5,13.6,91.0,2.9,39.0,-99.8,-99.8,0.0,-99.8,-99.8,-99.8,-99.8,-99.8,-99.8,-99.8
2022-03-21 19:00:00,1013.2,13.7,92.0,2.8,31.0,-99.8,-99.8,0.0,-99.8,-99.8,-99.8,-99.8,-99.8,-99.8,-99.8
2022-03-21 20:00:00,1013.3,13.7,93.0,2.3,37.0,-99.8,-99.8,0.0,-99.8,-99.8,-99.8,-99.8,-99.8,-99.8,-99.8
2022-03-21 21:00:00,1013.9,13.7,94.0,1.2,25.0,-99.8,-99.8,0.0,-99.8,-99.8,-99.8,-99.8,-99.8,-99.8,-99.8
2022-03-21 22:00:00,1013.7,13.8,94.0,0.7,1.0,-99.8,-99.8,0.0,-99.8,-99.8,-99.8,-99.8,-99.8,-99.8,-99.8
2022-03-21 23:00:00,1013.6,13.8,94.0,0.5,324.0,-99.8,-99.8,0.0,-99.8,-99.8,-99.8,-99.8,-99.8,-99.8,-99.8
2022-03-22 00:00:00,1013.3,13.8,95.0,1.8,6.0,-99.8,-99.8,0.0,-99.8,-99.8,-99.8,-99.8,-99.8,-99.8,-99.8
2022-03-22 01:00:00,1013.5,13.6,97.0,3.5,21.0,-99.8,-99.8,0.0,-99.8,-99.8,-99.8,-99.8,-99.8,-99.8,-99.8
2022-03-22 02:00:00,1014.0,13.5,97.0,5.8,32.0,-99.8,-99.8,0.0,-99.8,-99.8,-99.8,-99.8,-99.8,-99.8,-99.8
2022-03-22 03:00:00,1014.4,13.3,97.0,7.6,31.0,-99.8,-99.8,0.5,-99.8,-99.8,-99.8,-99.8,-99.8,-99.8,-99.8
2022-03-22 04:00:00,1014.1,12.6,96.0,8.7,33.0,-99.8,-99.8,0.5,-99.8,-99.8,-99.8,-99.8,-99.8,-99.8,-99.8
2022-03-22 05:00:00,1015.2,12.7,92.0,9.2,33.0,-99.8,-99.8,0.0,-99.8,-99.8,-99.8,-99.8,-99.8,-99.8,-99.8
2022-03-22 06:00:00,1015.8,12.9,89.0,9.0,33.0,-99.8,-99.8,0.0,-99.8,-99.8,-99.8,-99.8,-99.8,-99.8,-99.8
2022-03-22 07:00:00,1016.7,13.1,86.0,9.9,35.0,-99.8,-99.8,0.0,-99.8,-99.8,-99.8,-99.8,-99.8,-99.8,-99.8
2022-03-22 08:00:00,1018.0,12.7,88.0,8.8,34.0,-99.8,-99.8,1.0,-99.8,-99.8,-99.8,-99.8,-99.8,-99.8,-99.8
2022-03-22 09:00:00,1018.5,12.6,86.0,9.6,34.0,-99.8,-99.8,0.0,-99.8,-99.8,-99.8,-99.8,-99.8,-99.8,-99.8
2022-03-22 10:00:00,1018.9,12.8,85.0,9.8,33.0,-99.8,-99.8,0.0,-99.8,-99.8,-99.8,-99.8,-99.8,-99.8,-99.8
2022-03-22 11:00:00,1018.6,12.9,85.0,9.8,31.0,-99.8,-99.8,0.0,-99.8,-99.8,-99.8,-99.8,-99.8,-99.8,-99.8
2022-03-22 12:00:00,1018.3,12.8,86.0,9.5,30.0,-99.8,-99.8,0.0,-99.8,-99.8,-99.8,-99.8,-99.8,-99.8,-99.8
2022-03-22 13:00:00,1017.2,12.5,93.0,10.2,26.0,-99.8,-99.8,0.0,-99.8,-99.8,-99.8,-99.8,-99.8,-99.8,-99.8
2022-03-22 14:00:00,1016.5,12.2,90.0,10.3,29.0,-99.8,-99.8,0.0,-99.8,-99.8,-99.8,-99.8,-99.8,-99.8,-99.8
2022-03-22 15:00:00,1016.6,12.2,93.0,10.7,27.0,-99.8,-99.8,0.0,-99.8,-99.8,-99.8,-99.8,-99.8,-99.8,-99.8
2022-03-22 16:00:00,1016.9,12.0,93.0,11.5,25.0,-99.8,-99.8,0.0,-99.8,-99.8,-99.8,-99.8,-99.8,-99.8,-99.8
2022-03-22 17:00:00,1016.2,12.2,90.0,12.5,28.0,-99.8,-99.8,0.5,-99.8,-99.8,-99.8,-99.8,-99.8,-99.8,-99.8
2022-03-22 18:00:00,1016.2,12.4,86.0,11.5,28.0,-99.8,-99.8,0.0,-99.8,-99.8,-99.8,-99.8,-99.8,-99.8,-99.8
2022-03-22 19:00:00,1016.8,12.2,86.0,11.6,28.0,-99.8,-99.8,0.0,-99.8,-99.8,-99.8,-99.8,-99.8,-99.8,-99.8
2022-03-22 20:00:00,1017.7,11.7,91.0,10.3,28.0,-99.8,-99.8,2.0,-99.8,-99.8,-99.8,-99.8,-99.8,-99.8,-99.8
2022-03-22 21:00:00,1017.1,11.6,90.0,10.5,29.0,-99.8,-99.8,1.5,-99.8,-99.8,-99.8,-99.8,-99.8,-99.8,-99.8
2022-03-22 22:00:00,1017.4,11.7,89.0,11.4,25.0,-99.8,-99.8,0.0,-99.8,-99.8,-99.8,-99.8,-99.8,-99.8,-99.8
2022-03-22 23:00:00,1016.7,11.7,90.0,11.9,27.0,-99.8,-99.8,0.0,-99.8,-99.8,-99.8,-99.8,-99.8,-99.8,-99.8
2022-03-23 00:00:00,1016.4,11.6,86.0,11.8,29.0,-99.8,-99.8,0.0,-99.8,-99.8,-99.8,-99.8,-99.8,-99.8,-99.8
2022-03-23 01:00:00,1016.1,11.2,93.0,12.0,18.0,-99.8,-99.8,0.5,-99.8,-99.8,-99.8,-99.8,-99.8,-99.8,-99.8
2022-03-23 02:00:00,1016.1,10.7,95.0,11.4,18.0,-99.8,-99.8,4.5,-99.8,-99.8,-99.8,-99.8,-99.8,-99.8,-99.8
2022-03-23 03:00:00,1015.4,11.0,93.0,10.5,21.0,-99.8,-99.8,3.0,-99.8,-99.8,-99.8,-99.8,-99.8,-99.8,-99.8
2022-03-23 04:00:00,1015.5,11.0,90.0,9.3,27.0,-99.8,-99.8,1.0,-99.8,-99.8,-99.8,-99.8,-99.8,-99.8,-99.8
2022-03-23 05:00:00,1015.5,11.7,86.0,9.2,27.0,-99.8,-99.8,2.0,-99.8,-99.8,-99.8,-99.8,-99.8,-99.8,-99.8
2022-03-23 06:00:00,1016.4,11.8,83.0,9.9,28.0,-99.8,-99.8,0.0,-99.8,-99.8,-99.8,-99.8,-99.8,-99.8,-99.8
2022-03-23 07:00:00,1016.7,11.0,91.0,10.1,31.0,-99.8,-99.8,0.0,-99.8,-99.8,-99.8,-99.8,-99.8,-99.8,-99.8
2022-03-23 08:00:00,1017.9,11.2,90.0,9.9,30.0,-99.8,-99.8,0.0,-99.8,-99.8,-99.8,-99.8,-99.8,-99.8,-99.8
2022-03-23 09:00:00,1018.6,11.4,88.0,7.9,31.0,-99.8,-99.8,0.0,-99.8,-99.8,-99.8,-99.8,-99.8,-99.8,-99.8
2022-03-23 10:00:00,1019.0,11.1,93.0,8.4,31.0,-99.8,-99.8,0.0,-99.8,-99.8,-99.8,-99.8,-99.8,-99.8,-99.8
2022-03-23 11:00:00,1018.5,11.3,88.0,7.9,34.0,-99.8,-99.8,0.0,-99.8,-99.8,-99.8,-99.8,-99.8,-99.8,-99.8
2022-03-23 12:00:00,1017.9,12.1,82.0,8.2,31.0,-99.8,-99.8,0.0,-99.8,-99.8,-99.8,-99.8,-99.8,-99.8,-99.8
2022-03-23 13:00:00,1017.2,12.4,78.0,7.5,33.0,-99.8,-99.8,0.0,-99.8,-99.8,-99.8,-99.8,-99.8,-99.8,-99.8
2022-03-23 14:00:00,1016.6,12.4,79.0,6.8,32.0,-99.8,-99.8,0.0,-99.8,-99.8,-99.8,-99.8,-99.8,-99.8,-99.8
2022-03-23 15:00:00,1016.2,12.5,77.0,6.5,34.0,-99.8,-99.8,0.0,-99.8,-99.8,-99.8,-99.8,-99.8,-99.8,-99.8
2022-03-23 16:00:00,1016.4,12.6,78.0,5.6,32.0,-99.8,-99.8,0.0,-99.8,-99.8,-99.8,-99.8,-99.8,-99.8,-99.8
2022-03-23 17:00:00,1016.8,12.6,75.0,5.8,31.0,-99.8,-99.8,0.0,-99.8,-99.8,-99.8,-99.8,-99.8,-99.8,-99.8
2022-03-23 18:00:00,1017.5,12.6,75.0,3.8,36.0,-99.8,-99.8,0.0,-99.8,-99.8,-99.8,-99.8,-99.8,-99.8,-99.8
2022-03-23 19:00:00,1017.8,12.7,75.0,3.9,36.0,-99.8,-99.8,0.0,-99.8,-99.8,-99.8,-99.8,-99.8,-99.8,-99.8
2022-03-23 20:00:00,1018.8,12.7,75.0,2.6,42.0,-99.8,-99.8,0.0,-99.8,-99.8,-99.8,-99.8,-99.8,-99.8,-99.8
2022-03-23 21:00:00,1018.5,12.9,75.0,4.5,32.0,-99.8,-99.8,0.0,-99.8,-99.8,-99.8,-99.8,-99.8,-99.8,-99.8
2022-03-23 22:00:00,1018.7,13.0,78.0,5.3,34.0,-99.8,-99.8,0.0,-99.8,-99.8,-99.8,-99.8,-99.8,-99.8,-99.8
2022-03-23 23:00:00,1018.0,13.0,77.0,4.0,37.0,-99.8,-99.8,0.0,-99.8,-99.8,-99.8,-99.8,-99.8,-99.8,-99.8
2022-03-24 00:00:00,1017.8,13.1,75.0,5.2,35.0,-99.8,-99.8,0.0,-99.8,-99.8,-99.8,-99.8,-99.8,-99.8,-99.8
2022-03-24 01:00:00,1018.2,13.2,75.0,4.5,34.0,-99.8,-99.8,0.0,-99.8,-99.8,-99.8,-99.8,-99.8,-99.8,-99.8
2022-03-24 02:00:00,1017.5,13.1,82.0,6.1,25.0,-99.8,-99.8,0.0,-99.8,-99.8,-99.8,-99.8,-99.8,-99.8,-99.8
2022-03-24 03:00:00,1017.0,12.9,84.0,7.0,23.0,-99.8,-99.8,0.0,-99.8,-99.8,-99.8,-99.8,-99.8,-99.8,-99.8
2022-03-24 04:00:00,1017.1,12.8,84.0,7.1,25.0,-99.8,-99.8,0.0,-99.8,-99.8,-99.8,-99.8,-99.8,-99.8,-99.8
2022-03-24 05:00:00,1017.6,12.8,83.0,6.7,27.0,-99.8,-99.8,0.0,-99.8,-99.8,-99.8,-99.8,-99.8,-99.8,-99.8
2022-03-24 06:00:00,1017.9,12.7,82.0,7.5,23.0,-99.8,-99.8,0.0,-99.8,-99.8,-99.8,-99.8,-99.8,-99.8,-99.8
2022-03-24 07:00:00,1017.9,12.9,81.0,6.8,23.0,-99.8,-99.8,0.0,-99.8,-99.8,-99.8,-99.8,-99.8,-99.8,-99.8
2022-03-24 08:00:00,1018.5,13.1,81.0,6.1,19.0,-99.8,-99.8,0.0,-99.8,-99.8,-99.8,-99.8,-99.8,-99.8,-99.8
2022-03-24 09:00:00,1018.7,13.3,80.0,7.0,16.0,-99.8,-99.8,0.0,-99.8,-99.8,-99.8,-99.8,-99.8,-99.8,-99.8
2022-03-24 10:00:00,1018.9,13.5,80.0,7.8,15.0,-99.8,-99.8,0.0,-99.8,-99.8,-99.8,-99.8,-99.8,-99.8,-99.8
2022-03-24 11:00:00,1018.5,13.3,77.0,7.3,21.0,-99.8,-99.8,0.0,-99.8,-99.8,-99.8,-99.8,-99.8,-99.8,-99.8
2022-03-24 12:00:00,1017.8,13.5,78.0,7.0,19.0,-99.8,-99.8,0.0,-99.8,-99.8,-99.8,-99.8,-99.8,-99.8,-99.8
2022-03-24 13:00:00,1017.5,13.6,77.0,8.3,12.0,-99.8,-99.8,0.0,-99.8,-99.8,-99.8,-99.8,-99.8,-99.8,-99.8
2022-03-24 14:00:00,1016.6,13.7,78.0,7.9,11.0,-99.8,-99.8,0.0,-99.8,-99.8,-99.8,-99.8,-99.8,-99.8,-99.8
2022-03-24 15:00:00,1015.9,13.9,77.0,7.6,18.0,-99.8,-99.8,0.0,-99.8,-99.8,-99.8,-99.8,-99.8,-99.8,-99.8
2022-03-24 16:00:00,1014.9,13.0,87.0,7.0,20.0,-99.8,-99.8,0.0,-99.8,-99.8,-99.8,-99.8,-99.8,-99.8,-99.8
2022-03-24 17:00:00,1015.4,13.1,90.0,8.1,13.0,-99.8,-99.8,0.0,-99.8,-99.8,-99.8,-99.8,-99.8,-99.8,-99.8
2022-03-24 18:00:00,1015.6,13.3,94.0,6.8,17.0,-99.8,-99.8,0.0,-99.8,-99.8,-99.8,-99.8,-99.8,-99.8,-99.8
2022-03-24 19:00:00,1015.8,13.4,95.0,5.6,16.0,-99.8,-99.8,0.0,-99.8,-99.8,-99.8,-99.8,-99.8,-99.8,-99.8
2022-03-24 20:00:00,1015.8,13.6,90.0,6.3,17.0,-99.8,-99.8,0.0,-99.8,-99.8,-99.8,-99.8,-99.8,-99.8,-99.8
2022-03-24 21:00:00,1015.8,13.8,88.0,6.1,13.0,-99.8,-99.8,0.0,-99.8,-99.8,-99.8,-99.8,-99.8,-99.8,-99.8
2022-03-24 22:00:00,1015.3,13.8,88.0,5.7,17.0,-99.8,-99.8,0.0,-99.8,-99.8,-99.8,-99.8,-99.8,-99.8,-99.8
2022-03-24 23:00:00,1015.0,13.9,89.0,5.4,17.0,-99.8,-99.8,0.0,-99.8,-99.8,-99.8,-99.8,-99.8,-99.8,-99.8
2022-03-25 00:00:00,1015.0,14.3,86.0,4.4,350.0,-99.8,-99.8,0.0,-99.8,-99.8,-99.8,-99.8,-99.8,-99.8,-99.8
2022-03-25 01:00:00,1013.8,14.3,89.0,2.6,7.0,-99.8,-99.8,0.0,-99.8,-99.8,-99.8,-99.8,-99.8,-99.8,-99.8
2022-03-25 02:00:00,1013.1,14.0,93.0,1.3,314.0,-99.8,-99.8,1.5,-99.8,-99.8,-99.8,-99.8,-99.8,-99.8,-99.8
2022-03-25 03:00:00,1012.1,13.9,94.0,1.3,350.0,-99.8,-99.8,0.0,-99.8,-99.8,-99.8,-99.8,-99.8,-99.8,-99.8
2022-03-25 04:00:00,1011.8,13.9,96.0,1.5,347.0,-99.8,-99.8,1.5,-99.8,-99.8,-99.8,-99.8,-99.8,-99.8,-99.8
2022-03-25 05:00:00,1011.7,13.8,97.0,1.7,335.0,-99.8,-99.8,3.5,-99.8,-99.8,-99.8,-99.8,-99.8,-99.8,-99.8
2022-03-25 06:00:00,1011.6,13.9,97.0,1.9,338.0,-99.8,-99.8,0.0,-99.8,-99.8,-99.8,-99.8,-99.8,-99.8,-99.8
2022-03-25 07:00:00,1012.2,14.0,97.0,1.4,321.0,-99.8,-99.8,0.0,-99.8,-99.8,-99.8,-99.8,-99.8,-99.8,-99.8
2022-03-25 08:00:00,1012.5,14.2,97.0,0.9,8.0,-99.8,-99.8,0.5,-99.8,-99.8,-99.8,-99.8,-99.8,-99.8,-99.8
2022-03-25 09:00:00,1012.6,14.4,97.0,0.9,7.0,-99.8,-99.8,0.0,-99.8,-99.8,-99.8,-99.8,-99.8,-99.8,-99.8
2022-03-25 10:00:00,1012.3,15.3,97.0,0.8,29.0,-99.8,-99.8,0.0,-99.8,-99.8,-99.8,-99.8,-99.8,-99.8,-99.8
2022-03-25 11:00:00,1011.3,15.1,96.0,1.2,12.0,-99.8,-99.8,0.0,-99.8,-99.8,-99.8,-99.8,-99.8,-99.8,-99.8
2022-03-25 12:00:00,1010.7,15.6,92.0,1.4,13.0,-99.8,-99.8,0.0,-99.8,-99.8,-99.8,-99.8,-99.8,-99.8,-99.8
2022-03-25 13:00:00,1009.2,16.4,89.0,2.6,172.0,-99.8,-99.8,0.0,-99.8,-99.8,-99.8,-99.8,-99.8,-99.8,-99.8
2022-03-25 14:00:00,1008.4,16.4,89.0,2.7,168.0,-99.8,-99.8,0.0,-99.8,-99.8,-99.8,-99.8,-99.8,-99.8,-99.8
2022-03-25 15:00:00,1007.5,16.2,91.0,3.2,165.0,-99.8,-99.8,0.0,-99.8,-99.8,-99.8,-99.8,-99.8,-99.8,-99.8
2022-03-25 16:00:00,1007.4,15.5,95.0,1.9,169.0,-99.8,-99.8,0.5,-99.8,-99.8,-99.8,-99.8,-99.8,-99.8,-99.8
2022-03-25 17:00:00,1007.9,15.2,95.0,2.9,178.0,-99.8,-99.8,0.5,-99.8,-99.8,-99.8,-99.8,-99.8,-99.8,-99.8
2022-03-25 18:00:00,1008.1,15.1,95.0,1.9,180.0,-99.8,-99.8,0.0,-99.8,-99.8,-99.8,-99.8,-99.8,-99.8,-99.8
2022-03-25 19:00:00,1008.2,15.3,96.0,2.9,192.0,-99.8,-99.8,0.5,-99.8,-99.8,-99.8,-99.8,-99.8,-99.8,-99.8
2022-03-25 20:00:00,1008.0,15.6,96.0,2.9,183.0,-99.8,-99.8,0.0,-99.8,-99.8,-99.8,-99.8,-99.8,-99.8,-99.8
2022-03-25 21:00:00,1008.2,16.2,96.0,3.9,183.0,-99.8,-99.8,0.0,-99.8,-99.8,-99.8,-99.8,-99.8,-99.8,-99.8
2022-03-25 22:00:00,1008.1,18.3,97.0,4.9,185.0,-99.8,-99.8,0.5,-99.8,-99.8,-99.8,-99.8,-99.8,-99.8,-99.8
2022-03-25 23:00:00,1007.8,19.6,97.0,4.8,186.0,-99.8,-99.8,0.0,-99.8,-99.8,-99.8,-99.8,-99.8,-99.8,-99.8
2022-03-26 00:00:00,1007.8,20.3,97.0,4.3,201.0,-99.8,-99.8,0.0,-99.8,-99.8,-99.8,-99.8,-99.8,-99.8,-99.8
2022-03-26 01:00:00,1006.8,19.6,98.0,6.9,186.0,-99.8,-99.8,0.0,-99.8,-99.8,-99.8,-99.8,-99.8,-99.8,-99.8
2022-03-26 02:00:00,1006.0,20.3,98.0,8.6,190.0,-99.8,-99.8,0.0,-99.8,-99.8,-99.8,-99.8,-99.8,-99.8,-99.8
2022-03-26 03:00:00,1006.2,20.6,98.0,6.5,190.0,-99.8,-99.8,0.0,-99.8,-99.8,-99.8,-99.8,-99.8,-99.8,-99.8
2022-03-26 04:00:00,1006.3,19.8,98.0,7.0,187.0,-99.8,-99.8,0.0,-99.8,-99.8,-99.8,-99.8,-99.8,-99.8,-99.8
2022-03-26 05:00:00,1006.9,20.0,98.0,7.2,187.0,-99.8,-99.8,0.0,-99.8,-99.8,-99.8,-99.8,-99.8,-99.8,-99.8
2022-03-26 06:00:00,1007.6,19.2,99.0,7.0,190.0,-99.8,-99.8,0.5,-99.8,-99.8,-99.8,-99.8,-99.8,-99.8,-99.8
2022-03-26 07:00:00,1008.4,19.6,99.0,6.9,186.0,-99.8,-99.8,1.0,-99.8,-99.8,-99.8,-99.8,-99.8,-99.8,-99.8
2022-03-26 08:00:00,1008.5,21.1,98.0,5.3,212.0,-99.8,-99.8,0.5,-99.8,-99.8,-99.8,-99.8,-99.8,-99.8,-99.8
2022-03-26 09:00:00,1010.2,20.8,96.0,6.2,187.0,-99.8,-99.8,0.0,-99.8,-99.8,-99.8,-99.8,-99.8,-99.8,-99.8
2022-03-26 10:00:00,1010.6,21.5,95.0,6.0,191.0,-99.8,-99.8,0.0,-99.8,-99.8,-99.8,-99.8,-99.8,-99.8,-99.8
2022-03-26 11:00:00,1010.3,21.2,96.0,6.8,192.0,-99.8,-99.8,0.0,-99.8,-99.8,-99.8,-99.8,-99.8,-99.8,-99.8
2022-03-26 12:00:00,1009.7,20.8,97.0,6.8,194.0,-99.8,-99.8,0.0,-99.8,-99.8,-99.8,-99.8,-99.8,-99.8,-99.8
2022-03-26 13:00:00,1009.0,21.2,93.0,5.7,188.0,-99.8,-99.8,0.0,-99.8,-99.8,-99.8,-99.8,-99.8,-99.8,-99.8
2022-03-26 14:00:00,1009.0,16.7,95.0,6.1,16.0,-99.8,-99.8,0.0,-99.8,-99.8,-99.8,-99.8,-99.8,-99.8,-99.8
2022-03-26 15:00:00,1009.1,15.8,98.0,6.1,29.0,-99.8,-99.8,1.5,-99.8,-99.8,-99.8,-99.8,-99.8,-99.8,-99.8
2022-03-26 16:00:00,1009.5,15.2,98.0,7.1,33.0,-99.8,-99.8,0.5,-99.8,-99.8,-99.8,-99.8,-99.8,-99.8,-99.8
2022-03-26 17:00:00,1010.6,14.9,97.0,8.1,30.0,-99.8,-99.8,2.0,-99.8,-99.8,-99.8,-99.8,-99.8,-99.8,-99.8
2022-03-26 18:00:00,1011.3,14.7,94.0,10.5,32.0,-99.8,-99.8,3.5,-99.8,-99.8,-99.8,-99.8,-99.8,-99.8,-99.8
2022-03-26 19:00:00,1012.9,14.6,93.0,7.2,33.0,-99.8,-99.8,2.5,-99.8,-99.8,-99.8,-99.8,-99.8,-99.8,-99.8
2022-03-26 20:00:00,1014.5,14.4,91.0,7.3,31.0,-99.8,-99.8,0.0,-99.8,-99.8,-99.8,-99.8,-99.8,-99.8,-99.8
2022-03-26 21:00:00,1015.7,14.3,94.0,4.5,33.0,-99.8,-99.8,0.5,-99.8,-99.8,-99.8,-99.8,-99.8,-99.8,-99.8
2022-03-26 22:00:00,1015.5,14.3,95.0,6.2,32.0,-99.8,-99.8,1.5,-99.8,-99.8,-99.8,-99.8,-99.8,-99.8,-99.8
2022-03-26 23:00:00,1016.0,13.6,95.0,7.6,32.0,-99.8,-99.8,6.5,-99.8,-99.8,-99.8,-99.8,-99.8,-99.8,-99.8
2022-03-27 00:00:00,1016.1,13.8,93.0,6.2,31.0,-99.8,-99.8,1.5,-99.8,-99.8,-99.8,-99.8,-99.8,-99.8,-99.8
2022-03-27 01:00:00,1015.4,13.9,92.0,5.9,35.0,-99.8,-99.8,1.0,-99.8,-99.8,-99.8,-99.8,-99.8,-99.8,-99.8
2022-03-27 02:00:00,1015.5,13.9,93.0,6.7,31.0,-99.8,-99.8,0.5,-99.8,-99.8,-99.8,-99.8,-99.8,-99.8,-99.8
2022-03-27 03:00:00,1016.0,13.6,93.0,6.2,29.0,-99.8,-99.8,1.0,-99.8,-99.8,-99.8,-99.8,-99.8,-99.8,-99.8
2022-03-27 04:00:00,1015.9,13.8,92.0,4.9,32.0,-99.8,-99.8,0.5,-99.8,-99.8,-99.8,-99.8,-99.8,-99.8,-99.8
2022-03-27 05:00:00,1015.4,13.8,92.0,5.5,27.0,-99.8,-99.8,0.0,-99.8,-99.8,-99.8,-99.8,-99.8,-99.8,-99.8
2022-03-27 06:00:00,1016.0,14.0,91.0,6.4,23.0,-99.8,-99.8,0.0,-99.8,-99.8,-99.8,-99.8,-99.8,-99.8,-99.8
2022-03-27 07:00:00,1017.1,14.0,91.0,5.6,21.0,-99.8,-99.8,0.0,-99.8,-99.8,-99.8,-99.8,-99.8,-99.8,-99.8
2022-03-27 08:00:00,1017.2,14.2,89.0,6.4,28.0,-99.8,-99.8,0.0,-99.8,-99.8,-99.8,-99.8,-99.8,-99.8,-99.8
2022-03-27 09:00:00,1017.9,14.5,87.0,5.9,27.0,-99.8,-99.8,0.0,-99.8,-99.8,-99.8,-99.8,-99.8,-99.8,-99.8
2022-03-27 10:00:00,1017.7,14.7,86.0,5.2,32.0,-99.8,-99.8,0.0,-99.8,-99.8,-99.8,-99.8,-99.8,-99.8,-99.8
2022-03-27 11:00:00,1017.8,14.9,87.0,5.5,25.0,-99.8,-99.8,0.0,-99.8,-99.8,-99.8,-99.8,-99.8,-99.8,-99.8
2022-03-27 12:00:00,1017.2,14.8,88.0,6.5,26.0,-99.8,-99.8,0.0,-99.8,-99.8,-99.8,-99.8,-99.8,-99.8,-99.8
2022-03-27 13:00:00,1016.7,15.0,89.0,6.3,26.0,-99.8,-99.8,0.0,-99.8,-99.8,-99.8,-99.8,-99.8,-99.8,-99.8
2022-03-27 14:00:00,1016.4,14.6,90.0,6.5,27.0,-99.8,-99.8,0.0,-99.8,-99.8,-99.8,-99.8,-99.8,-99.8,-99.8
2022-03-27 15:00:00,1015.9,14.7,75.0,7.7,29.0,-99.8,-99.8,0.0,-99.8,-99.8,-99.8,-99.8,-99.8,-99.8,-99.8
2022-03-27 16:00:00,1016.5,14.6,68.0,7.2,33.0,-99.8,-99.8,0.0,-99.8,-99.8,-99.8,-99.8,-99.8,-99.8,-99.8
2022-03-27 17:00:00,1016.5,14.4,67.0,7.8,33.0,-99.8,-99.8,0.0,-99.8,-99.8,-99.8,-99.8,-99.8,-99.8,-99.8
2022-03-27 18:00:00,1017.0,14.4,64.0,7.1,35.0,-99.8,-99.8,0.0,-99.8,-99.8,-99.8,-99.8,-99.8,-99.8,-99.8
2022-03-27 19:00:00,1017.6,14.4,67.0,7.2,34.0,-99.8,-99.8,0.0,-99.8,-99.8,-99.8,-99.8,-99.8,-99.8,-99.8
2022-03-27 20:00:00,1018.6,14.7,65.0,7.2,31.0,-99.8,-99.8,0.0,-99.8,-99.8,-99.8,-99.8,-99.8,-99.8,-99.8
2022-03-27 21:00:00,1019.3,14.8,63.0,9.2,32.0,-99.8,-99.8,0.0,-99.8,-99.8,-99.8,-99.8,-99.8,-99.8,-99.8
2022-03-27 22:00:00,1019.3,14.3,55.0,10.3,34.0,-99.8,-99.8,0.0,-99.8,-99.8,-99.8,-99.8,-99.8,-99.8,-99.8
2022-03-27 23:00:00,1019.3,13.9,69.0,11.1,30.0,-99.8,-99.8,0.0,-99.8,-99.8,-99.8,-99.8,-99.8,-99.8,-99.8
2022-03-28 00:00:00,1019.9,13.6,67.0,12.4,27.0,-99.8,-99.8,0.0,-99.8,-99.8,-99.8,-99.8,-99.8,-99.8,-99.8
2022-03-28 01:00:00,1020.5,12.8,70.0,11.2,18.0,-99.8,-99.8,0.5,-99.8,-99.8,-99.8,-99.8,-99.8,-99.8,-99.8
2022-03-28 02:00:00,1019.8,11.8,67.0,11.9,24.0,-99.8,-99.8,2.0,-99.8,-99.8,-99.8,-99.8,-99.8,-99.8,-99.8
2022-03-28 03:00:00,1019.2,12.2,64.0,10.1,28.0,-99.8,-99.8,0.5,-99.8,-99.8,-99.8,-99.8,-99.8,-99.8,-99.8
2022-03-28 04:00:00,1019.6,12.1,81.0,10.6,12.0,-99.8,-99.8,0.5,-99.8,-99.8,-99.8,-99.8,-99.8,-99.8,-99.8
2022-03-28 05:00:00,1019.9,12.0,83.0,10.9,15.0,-99.8,-99.8,0.5,-99.8,-99.8,-99.8,-99.8,-99.8,-99.8,-99.8
2022-03-28 06:00:00,1019.7,11.9,79.0,11.1,13.0,-99.8,-99.8,0.0,-99.8,-99.8,-99.8,-99.8,-99.8,-99.8,-99.8
2022-03-28 07:00:00,1020.3,11.3,82.0,11.1,12.0,-99.8,-99.8,0.5,-99.8,-99.8,-99.8,-99.8,-99.8,-99.8,-99.8
2022-03-28 08:00:00,1021.3,11.4,82.0,9.9,15.0,-99.8,-99.8,1.0,-99.8,-99.8,-99.8,-99.8,-99.8,-99.8,-99.8
2022-03-28 09:00:00,1021.7,12.0,76.0,10.7,16.0,-99.8,-99.8,1.0,-99.8,-99.8,-99.8,-99.8,-99.8,-99.8,-99.8
2022-03-28 10:00:00,1022.4,11.4,83.0,11.2,10.0,-99.8,-99.8,1.0,-99.8,-99.8,-99.8,-99.8,-99.8,-99.8,-99.8
2022-03-28 11:00:00,1022.2,11.4,83.0,10.3,17.0,-99.8,-99.8,0.5,-99.8,-99.8,-99.8,-99.8,-99.8,-99.8,-99.8
2022-03-28 12:00:00,1021.8,11.7,82.0,10.5,19.0,-99.8,-99.8,0.0,-99.8,-99.8,-99.8,-99.8,-99.8,-99.8,-99.8
2022-03-28 13:00:00,1020.9,11.8,81.0,10.4,24.0,-99.8,-99.8,1.0,-99.8,-99.8,-99.8,-99.8,-99.8,-99.8,-99.8
2022-03-28 14:00:00,1020.4,12.1,82.0,10.1,25.0,-99.8,-99.8,0.0,-99.8,-99.8,-99.8,-99.8,-99.8,-99.8,-99.8
2022-03-28 15:00:00,1020.7,12.3,80.0,9.2,24.0,-99.8,-99.8,0.5,-99.8,-99.8,-99.8,-99.8,-99.8,-99.8,-99.8
2022-03-28 16:00:00,1019.5,12.0,83.0,10.9,25.0,-99.8,-99.8,1.0,-99.8,-99.8,-99.8,-99.8,-99.8,-99.8,-99.8
2022-03-28 17:00:00,1021.0,12.0,88.0,9.5,26.0,-99.8,-99.8,1.0,-99.8,-99.8,-99.8,-99.8,-99.8,-99.8,-99.8
2022-03-28 18:00:00,1020.1,12.2,87.0,10.6,28.0,-99.8,-99.8,0.5,-99.8,-99.8,-99.8,-99.8,-99.8,-99.8,-99.8
2022-03-28 19:00:00,1021.7,12.7,89.0,9.1,22.0,-99.8,-99.8,1.0,-99.8,-99.8,-99.8,-99.8,-99.8,-99.8,-99.8
2022-03-28 20:00:00,1021.6,13.0,90.0,9.8,27.0,-99.8,-99.8,1.0,-99.8,-99.8,-99.8,-99.8,-99.8,-99.8,-99.8
2022-03-28 21:00:00,1022.8,12.9,89.0,9.1,23.0,-99.8,-99.8,1.5,-99.8,-99.8,-99.8,-99.8,-99.8,-99.8,-99.8
2022-03-28 22:00:00,1022.5,13.1,88.0,10.4,23.0,-99.8,-99.8,0.0,-99.8,-99.8,-99.8,-99.8,-99.8,-99.8,-99.8
2022-03-28 23:00:00,1022.7,13.2,86.0,9.4,22.0,-99.8,-99.8,0.0,-99.8,-99.8,-99.8,-99.8,-99.8,-99.8,-99.8
2022-03-29 00:00:00,1022.8,13.1,87.0,9.1,14.0,-99.8,-99.8,0.5,-99.8,-99.8,-99.8,-99.8,-99.8,-99.8,-99.8
2022-03-29 01:00:00,1021.3,13.1,85.0,8.1,29.0,-99.8,-99.8,0.0,-99.8,-99.8,-99.8,-99.8,-99.8,-99.8,-99.8
2022-03-29 02:00:00,1021.0,13.3,84.0,9.9,21.0,-99.8,-99.8,0.0,-99.8,-99.8,-99.8,-99.8,-99.8,-99.8,-99.8
2022-03-29 03:00:00,1020.4,13.1,84.0,9.8,21.0,-99.8,-99.8,0.0,-99.8,-99.8,-99.8,-99.8,-99.8,-99.8,-99.8
2022-03-29 04:00:00,1020.1,13.5,81.0,9.6,22.0,-99.8,-99.8,0.0,-99.8,-99.8,-99.8,-99.8,-99.8,-99.8,-99.8
2022-03-29 05:00:00,1020.0,13.5,80.0,9.4,23.0,-99.8,-99.8,0.0,-99.8,-99.8,-99.8,-99.8,-99.8,-99.8,-99.8
2022-03-29 06:00:00,1020.4,13.7,78.0,9.6,22.0,-99.8,-99.8,0.0,-99.8,-99.8,-99.8,-99.8,-99.8,-99.8,-99.8
2022-03-29 07:00:00,1020.8,13.6,80.0,8.9,23.0,-99.8,-99.8,0.0,-99.8,-99.8,-99.8,-99.8,-99.8,-99.8,-99.8
2022-03-29 08:00:00,1020.9,13.6,82.0,9.6,21.0,-99.8,-99.8,0.0,-99.8,-99.8,-99.8,-99.8,-99.8,-99.8,-99.8
2022-03-29 09:00:00,1021.3,13.8,83.0,9.4,18.0,-99.8,-99.8,0.0,-99.8,-99.8,-99.8,-99.8,-99.8,-99.8,-99.8
2022-03-29 10:00:00,1021.2,13.9,80.0,9.3,21.0,-99.8,-99.8,0.0,-99.8,-99.8,-99.8,-99.8,-99.8,-99.8,-99.8
2022-03-29 11:00:00,1020.8,14.2,77.0,9.2,25.0,-99.8,-99.8,0.0,-99.8,-99.8,-99.8,-99.8,-99.8,-99.8,-99.8
2022-03-29 12:00:00,1020.3,14.2,78.0,8.5,23.0,-99.8,-99.8,0.0,-99.8,-99.8,-99.8,-99.8,-99.8,-99.8,-99.8
2022-03-29 13:00:00,1019.1,14.6,75.0,9.4,23.0,-99.8,-99.8,0.0,-99.8,-99.8,-99.8,-99.8,-99.8,-99.8,-99.8
2022-03-29 14:00:00,1018.4,14.4,78.0,8.8,23.0,-99.8,-99.8,0.0,-99.8,-99.8,-99.8,-99.8,-99.8,-99.8,-99.8
2022-03-29 15:00:00,1017.7,14.5,80.0,8.9,25.0,-99.8,-99.8,0.0,-99.8,-99.8,-99.8,-99.8,-99.8,-99.8,-99.8
2022-03-29 16:00:00,1017.6,14.5,80.0,8.4,24.0,-99.8,-99.8,0.0,-99.8,-99.8,-99.8,-99.8,-99.8,-99.8,-99.8
2022-03-29 17:00:00,1017.4,14.8,76.0,8.5,25.0,-99.8,-99.8,0.0,-99.8,-99.8,-99.8,-99.8,-99.8,-99.8,-99.8
2022-03-29 18:00:00,1017.9,14.8,78.0,7.4,20.0,-99.8,-99.8,0.0,-99.8,-99.8,-99.8,-99.8,-99.8,-99.8,-99.8
2022-03-29 19:00:00,1018.1,14.6,79.0,8.4,14.0,-99.8,-99.8,0.0,-99.8,-99.8,-99.8,-99.8,-99.8,-99.8,-99.8
2022-03-29 20:00:00,1018.5,14.7,82.0,6.0,16.0,-99.8,-99.8,0.0,-99.8,-99.8,-99.8,-99.8,-99.8,-99.8,-99.8
2022-03-29 21:00:00,1018.9,14.6,83.0,7.8,10.0,-99.8,-99.8,0.0,-99.8,-99.8,-99.8,-99.8,-99.8,-99.8,-99.8
2022-03-29 22:00:00,1019.3,15.0,83.0,6.7,360.0,-99.8,-99.8,0.0,-99.8,-99.8,-99.8,-99.8,-99.8,-99.8,-99.8
2022-03-29 23:00:00,1018.1,15.0,85.0,5.9,18.0,-99.8,-99.8,0.0,-99.8,-99.8,-99.8,-99.8,-99.8,-99.8,-99.8
2022-03-30 00:00:00,1018.5,15.1,87.0,5.7,355.0,-99.8,-99.8,0.0,-99.8,-99.8,-99.8,-99.8,-99.8,-99.8,-99.8
2022-03-30 01:00:00,1018.9,15.6,87.0,4.7,336.0,-99.8,-99.8,0.0,-99.8,-99.8,-99.8,-99.8,-99.8,-99.8,-99.8
2022-03-30 02:00:00,1017.2,15.1,91.0,3.9,23.0,-99.8,-99.8,0.0,-99.8,-99.8,-99.8,-99.8,-99.8,-99.8,-99.8
2022-03-30 03:00:00,1016.5,15.1,92.0,5.1,360.0,-99.8,-99.8,0.0,-99.8,-99.8,-99.8,-99.8,-99.8,-99.8,-99.8
2022-03-30 04:00:00,1017.2,14.9,95.0,3.8,4.0,-99.8,-99.8,0.0,-99.8,-99.8,-99.8,-99.8,-99.8,-99.8,-99.8
2022-03-30 05:00:00,1016.7,14.6,97.0,3.5,2.0,-99.8,-99.8,0.0,-99.8,-99.8,-99.8,-99.8,-99.8,-99.8,-99.8
2022-03-30 06:00:00,1017.2,15.0,97.0,3.2,349.0,-99.8,-99.8,0.0,-99.8,-99.8,-99.8,-99.8,-99.8,-99.8,-99.8
2022-03-30 07:00:00,1017.5,15.0,95.0,3.4,358.0,-99.8,-99.8,0.0,-99.8,-99.8,-99.8,-99.8,-99.8,-99.8,-99.8
2022-03-30 08:00:00,1017.9,15.9,93.0,2.1,351.0,-99.8,-99.8,0.0,-99.8,-99.8,-99.8,-99.8,-99.8,-99.8,-99.8
2022-03-30 09:00:00,1018.5,16.8,88.0,2.5,323.0,-99.8,-99.8,0.0,-99.8,-99.8,-99.8,-99.8,-99.8,-99.8,-99.8
2022-03-30 10:00:00,1019.6,17.1,88.0,1.5,285.0,-99.8,-99.8,0.0,-99.8,-99.8,-99.8,-99.8,-99.8,-99.8,-99.8
2022-03-30 11:00:00,1018.5,17.2,95.0,0.9,133.0,-99.8,-99.8,2.5,-99.8,-99.8,-99.8,-99.8,-99.8,-99.8,-99.8
2022-03-30 12:00:00,1016.6,17.4,94.0,1.8,144.0,-99.8,-99.8,0.5,-99.8,-99.8,-99.8,-99.8,-99.8,-99.8,-99.8
2022-03-30 13:00:00,1016.9,17.6,91.0,1.1,305.0,-99.8,-99.8,0.0,-99.8,-99.8,-99.8,-99.8,-99.8,-99.8,-99.8
2022-03-30 14:00:00,1015.6,16.2,94.0,2.0,23.0,-99.8,-99.8,0.0,-99.8,-99.8,-99.8,-99.8,-99.8,-99.8,-99.8
2022-03-30 15:00:00,1015.1,17.4,92.0,2.2,12.0,-99.8,-99.8,0.0,-99.8,-99.8,-99.8,-99.8,-99.8,-99.8,-99.8
2022-03-30 16:00:00,1014.8,17.5,91.0,2.2,50.0,-99.8,-99.8,0.0,-99.8,-99.8,-99.8,-99.8,-99.8,-99.8,-99.8
2022-03-30 17:00:00,1015.2,16.3,94.0,2.3,12.0,-99.8,-99.8,0.0,-99.8,-99.8,-99.8,-99.8,-99.8,-99.8,-99.8
2022-03-30 18:00:00,1015.3,15.9,97.0,2.5,20.0,-99.8,-99.8,0.0,-99.8,-99.8,-99.8,-99.8,-99.8,-99.8,-99.8
2022-03-30 19:00:00,1016.0,15.3,98.0,2.8,359.0,-99.8,-99.8,0.0,-99.8,-99.8,-99.8,-99.8,-99.8,-99.8,-99.8
2022-03-30 20:00:00,1016.6,15.2,98.0,2.3,357.0,-99.8,-99.8,0.0,-99.8,-99.8,-99.8,-99.8,-99.8,-99.8,-99.8
2022-03-30 21:00:00,1017.3,15.1,98.0,2.1,349.0,-99.8,-99.8,0.0,-99.8,-99.8,-99.8,-99.8,-99.8,-99.8,-99.8
2022-03-30 22:00:00,1017.3,15.0,99.0,2.8,3.0,-99.8,-99.8,0.0,-99.8,-99.8,-99.8,-99.8,-99.8,-99.8,-99.8
2022-03-30 23:00:00,1017.0,15.3,99.0,3.7,360.0,-99.8,-99.8,0.0,-99.8,-99.8,-99.8,-99.8,-99.8,-99.8,-99.8
2022-03-31 00:00:00,1016.9,15.4,99.0,4.0,359.0,-99.8,-99.8,0.0,-99.8,-99.8,-99.8,-99.8,-99.8,-99.8,-99.8
2022-03-31 01:00:00,1016.4,15.1,99.0,3.3,15.0,-99.8,-99.8,0.0,-99.8,-99.8,-99.8,-99.8,-99.8,-99.8,-99.8
2022-03-31 02:00:00,1016.3,15.0,99.0,4.7,2.0,-99.8,-99.8,0.0,-99.8,-99.8,-99.8,-99.8,-99.8,-99.8,-99.8
2022-03-31 03:00:00,1016.2,15.0,99.0,4.9,12.0,-99.8,-99.8,0.0,-99.8,-99.8,-99.8,-99.8,-99.8,-99.8,-99.8
2022-03-31 04:00:00,1016.1,15.1,99.0,6.5,11.0,-99.8,-99.8,0.0,-99.8,-99.8,-99.8,-99.8,-99.8,-99.8,-99.8
2022-03-31 05:00:00,1016.8,15.2,99.0,5.2,16.0,-99.8,-99.8,0.0,-99.8,-99.8,-99.8,-99.8,-99.8,-99.8,-99.8
2022-03-31 06:00:00,1017.9,15.3,99.0,4.8,23.0,-99.8,-99.8,0.0,-99.8,-99.8,-99.8,-99.8,-99.8,-99.8,-99.8
2022-03-31 07:00:00,1019.3,15.2,99.0,4.4,19.0,-99.8,-99.8,0.0,-99.8,-99.8,-99.8,-99.8,-99.8,-99.8,-99.8
2022-03-31 08:00:00,1020.3,15.5,99.0,8.2,26.0,-99.8,-99.8,0.0,-99.8,-99.8,-99.8,-99.8,-99.8,-99.8,-99.8
2022-03-31 09:00:00,1020.9,15.4,96.0,6.9,29.0,-99.8,-99.8,0.0,-99.8,-99.8,-99.8,-99.8,-99.8,-99.8,-99.8
2022-03-31 10:00:00,1021.1,16.1,89.0,6.3,34.0,-99.8,-99.8,-999.6,-99.8,-99.8,-99.8,-99.8,-99.8,-99.8,-99.8
2022-03-31 11:00:00,1020.9,15.5,90.0,8.8,27.0,-99.8,-99.8,0.0,-99.8,-99.8,-99.8,-99.8,-99.8,-99.8,-99.8
2022-03-31 12:00:00,1020.0,15.1,91.0,6.9,33.0,-99.8,-99.8,0.0,-99.8,-99.8,-99.8,-99.8,-99.8,-99.8,-99.8
2022-03-31 13:00:00,1019.2,15.0,92.0,8.6,25.0,-99.8,-99.8,0.0,-99.8,-99.8,-99.8,-99.8,-99.8,-99.8,-99.8
2022-03-31 14:00:00,1018.7,14.7,92.0,8.5,26.0,-99.8,-99.8,0.0,-99.8,-99.8,-99.8,-99.8,-99.8,-99.8,-99.8
2022-03-31 15:00:00,1018.2,14.7,90.0,10.8,27.0,-99.8,-99.8,0.0,-99.8,-99.8,-99.8,-99.8,-99.8,-99.8,-99.8
2022-03-31 16:00:00,1018.7,14.8,87.0,10.3,30.0,-99.8,-99.8,0.0,-99.8,-99.8,-99.8,-99.8,-99.8,-99.8,-99.8
2022-03-31 17:00:00,1019.3,14.6,88.0,9.8,34.0,-99.8,-99.8,0.0,-99.8,-99.8,-99.8,-99.8,-99.8,-99.8,-99.8
2022-03-31 18:00:00,1020.3,14.6,86.0,11.5,34.0,-99.8,-99.8,0.0,-99.8,-99.8,-99.8,-99.8,-99.8,-99.8,-99.8
2022-03-31 19:00:00,1021.3,14.6,77.0,12.6,35.0,-99.8,-99.8,0.0,-99.8,-99.8,-99.8,-99.8,-99.8,-99.8,-99.8
2022-03-31 20:00:00,1022.6,13.6,83.0,13.3,32.0,-99.8,-99.8,0.0,-99.8,-99.8,-99.8,-99.8,-99.8,-99.8,-99.8
2022-03-31 21:00:00,1023.5,14.0,82.0,13.3,32.0,-99.8,-99.8,0.0,-99.8,-99.8,-99.8,-99.8,-99.8,-99.8,-99.8
2022-03-31 22:00:00,1024.0,14.0,77.0,12.8,29.0,-99.8,-99.8,0.0,-99.8,-99.8,-99.8,-99.8,-99.8,-99.8,-99.8
2022-03-31 23:00:00,1024.7,14.5,70.0,12.7,28.0,-99.8,-99.8,0.0,-99.8,-99.8,-99.8,-99.8,-99.8,-99.8,-99.8
2022-04-01 00:00:00,1024.5,14.3,67.0,11.6,29.0,-99.8,-99.8,0.0,-99.8,-99.8,-99.8,-99.8,-99.8,-99.8,-99.8
2022-04-01 01:00:00,1023.7,14.6,65.0,12.0,28.0,-99.8,-99.8,0.0,-99.8,-99.8,-99.8,-99.8,-99.8,-99.8,-99.8
2022-04-01 02:00:00,1023.6,14.4,63.0,14.0,26.0,-99.8,-99.8,0.0,-99.8,-99.8,-99.8,-99.8,-99.8,-99.8,-99.8
2022-04-01 03:00:00,1023.6,14.1,73.0,11.4,29.0,-99.8,-99.8,0.0,-99.8,-99.8,-99.8,-99.8,-99.8,-99.8,-99.8
2022-04-01 04:00:00,1023.8,12.8,79.0,10.5,28.0,-99.8,-99.8,0.0,-99.8,-99.8,-99.8,-99.8,-99.8,-99.8,-99.8
2022-04-01 05:00:00,1023.8,12.9,79.0,10.2,26.0,-99.8,-99.8,0.0,-99.8,-99.8,-99.8,-99.8,-99.8,-99.8,-99.8
2022-04-01 06:00:00,1024.8,13.7,73.0,10.0,29.0,-99.8,-99.8,0.0,-99.8,-99.8,-99.8,-99.8,-99.8,-99.8,-99.8
2022-04-01 07:00:00,1025.4,13.7,75.0,9.2,33.0,-99.8,-99.8,0.0,-99.8,-99.8,-99.8,-99.8,-99.8,-99.8,-99.8
2022-04-01 08:00:00,1025.5,13.4,79.0,10.3,32.0,-99.8,-99.8,0.0,-99.8,-99.8,-99.8,-99.8,-99.8,-99.8,-99.8
2022-04-01 09:00:00,1026.1,13.5,79.0,10.7,31.0,-99.8,-99.8,0.0,-99.8,-99.8,-99.8,-99.8,-99.8,-99.8,-99.8
2022-04-01 10:00:00,1026.2,13.6,79.0,10.9,30.0,-99.8,-99.8,0.0,-99.8,-99.8,-99.8,-99.8,-99.8,-99.8,-99.8
2022-04-01 11:00:00,1026.0,14.1,77.0,10.0,30.0,-99.8,-99.8,0.0,-99.8,-99.8,-99.8,-99.8,-99.8,-99.8,-99.8
2022-04-01 12:00:00,1025.5,14.0,80.0,9.7,31.0,-99.8,-99.8,0.0,-99.8,-99.8,-99.8,-99.8,-99.8,-99.8,-99.8
2022-04-01 13:00:00,1024.9,13.7,78.0,10.3,32.0,-99.8,-99.8,0.0,-99.8,-99.8,-99.8,-99.8,-99.8,-99.8,-99.8
2022-04-01 14:00:00,1024.5,13.8,62.0,11.1,29.0,-99.8,-99.8,0.0,-99.8,-99.8,-99.8,-99.8,-99.8,-99.8,-99.8
2022-04-01 15:00:00,1024.3,13.4,63.0,10.4,31.0,-99.8,-99.8,0.0,-99.8,-99.8,-99.8,-99.8,-99.8,-99.8,-99.8
2022-04-01 16:00:00,1024.0,13.6,50.0,10.0,32.0,-99.8,-99.8,0.0,-99.8,-99.8,-99.8,-99.8,-99.8,-99.8,-99.8
2022-04-01 17:00:00,1024.3,13.9,44.0,10.0,32.0,-99.8,-99.8,0.0,-99.8,-99.8,-99.8,-99.8,-99.8,-99.8,-99.8
2022-04-01 18:00:00,1024.8,13.8,51.0,10.3,32.0,-99.8,-99.8,0.0,-99.8,-99.8,-99.8,-99.8,-99.8,-99.8,-99.8
2022-04-01 19:00:00,1025.4,13.8,55.0,10.4,31.0,-99.8,-99.8,0.0,-99.8,-99.8,-99.8,-99.8,-99.8,-99.8,-99.8
2022-04-01 20:00:00,1026.0,13.8,51.0,12.5,27.0,-99.8,-99.8,0.0,-99.8,-99.8,-99.8,-99.8,-99.8,-99.8,-99.8
2022-04-01 21:00:00,1026.6,13.8,52.0,12.7,29.0,-99.8,-99.8,0.0,-99.8,-99.8,-99.8,-99.8,-99.8,-99.8,-99.8
2022-04-01 22:00:00,1027.0,13.5,47.0,12.9,29.0,-99.8,-99.8,0.0,-99.8,-99.8,-99.8,-99.8,-99.8,-99.8,-99.8
2022-04-01 23:00:00,1027.4,11.9,66.0,11.9,31.0,-99.8,-99.8,0.0,-99.8,-99.8,-99.8,-99.8,-99.8,-99.8,-99.8
2022-04-02 00:00:00,1026.2,11.4,65.0,10.8,27.0,-99.8,-99.8,0.0,-99.8,-99.8,-99.8,-99.8,-99.8,-99.8,-99.8
2022-04-02 01:00:00,1026.2,10.9,65.0,12.0,26.0,-99.8,-99.8,0.0,-99.8,-99.8,-99.8,-99.8,-99.8,-99.8,-99.8
2022-04-02 02:00:00,1025.6,11.4,66.0,11.5,26.0,-99.8,-99.8,0.0,-99.8,-99.8,-99.8,-99.8,-99.8,-99.8,-99.8
2022-04-02 03:00:00,1025.0,10.2,73.0,12.5,25.0,-99.8,-99.8,0.0,-99.8,-99.8,-99.8,-99.8,-99.8,-99.8,-99.8
2022-04-02 04:00:00,1024.7,9.9,77.0,12.3,25.0,-99.8,-99.8,0.0,-99.8,-99.8,-99.8,-99.8,-99.8,-99.8,-99.8
2022-04-02 05:00:00,1025.0,10.2,78.0,11.5,21.0,-99.8,-99.8,0.0,-99.8,-99.8,-99.8,-99.8,-99.8,-99.8,-99.8
2022-04-02 06:00:00,1025.2,10.1,79.0,11.4,18.0,-99.8,-99.8,0.0,-99.8,-99.8,-99.8,-99.8,-99.8,-99.8,-99.8
2022-04-02 07:00:00,1025.5,10.6,77.0,11.8,24.0,-99.8,-99.8,0.0,-99.8,-99.8,-99.8,-99.8,-99.8,-99.8,-99.8
2022-04-02 08:00:00,1026.2,10.7,78.0,12.1,21.0,-99.8,-99.8,0.0,-99.8,-99.8,-99.8,-99.8,-99.8,-99.8,-99.8
2022-04-02 09:00:00,1026.2,11.0,73.0,10.9,24.0,-99.8,-99.8,0.0,-99.8,-99.8,-99.8,-99.8,-99.8,-99.8,-99.8
2022-04-02 10:00:00,1027.0,11.6,70.0,10.2,26.0,-99.8,-99.8,0.0,-99.8,-99.8,-99.8,-99.8,-99.8,-99.8,-99.8
2022-04-02 11:00:00,1026.1,11.5,75.0,11.1,26.0,-99.8,-99.8,0.0,-99.8,-99.8,-99.8,-99.8,-99.8,-99.8,-99.8
2022-04-02 12:00:00,-9999.7,-99.7,-9997.0,-99.7,-999.7,-99.8,-99.8,-999.6,-99.8,-99.8,-99.8,-99.8,-99.8,-99.8,-99.8
2022-04-02 13:00:00,-9999.7,-99.7,-9997.0,-99.7,-999.7,-99.8,-99.8,-999.6,-99.8,-99.8,-99.8,-99.8,-99.8,-99.8,-99.8
2022-04-02 14:00:00,-9999.7,-99.7,-9997.0,-99.7,-999.7,-99.8,-99.8,-999.6,-99.8,-99.8,-99.8,-99.8,-99.8,-99.8,-99.8
2022-04-02 15:00:00,-9999.7,-99.7,-9997.0,-99.7,-999.7,-99.8,-99.8,-999.6,-99.8,-99.8,-99.8,-99.8,-99.8,-99.8,-99.8
2022-04-02 16:00:00,-9999.7,-99.7,-9997.0,-99.7,-999.7,-99.8,-99.8,-999.6,-99.8,-99.8,-99.8,-99.8,-99.8,-99.8,-99.8
2022-04-02 17:00:00,-9999.7,-99.7,-9997.0,-99.7,-999.7,-99.8,-99.8,-999.6,-99.8,-99.8,-99.8,-99.8,-99.8,-99.8,-99.8
2022-04-02 18:00:00,-9999.7,-99.7,-9997.0,-99.7,-999.7,-99.8,-99.8,-999.6,-99.8,-99.8,-99.8,-99.8,-99.8,-99.8,-99.8
2022-04-02 19:00:00,-9999.7,-99.7,-9997.0,-99.7,-999.7,-99.8,-99.8,-999.6,-99.8,-99.8,-99.8,-99.8,-99.8,-99.8,-99.8
2022-04-02 20:00:00,-9999.7,-99.7,-9997.0,-99.7,-999.7,-99.8,-99.8,-999.6,-99.8,-99.8,-99.8,-99.8,-99.8,-99.8,-99.8
2022-04-02 21:00:00,-9999.7,-99.7,-9997.0,-99.7,-999.7,-99.8,-99.8,-999.6,-99.8,-99.8,-99.8,-99.8,-99.8,-99.8,-99.8
2022-04-02 22:00:00,-9999.7,-99.7,-9997.0,-99.7,-999.7,-99.8,-99.8,-999.6,-99.8,-99.8,-99.8,-99.8,-99.8,-99.8,-99.8
2022-04-02 23:00:00,-9999.7,-99.7,-9997.0,-99.7,-999.7,-99.8,-99.8,-999.6,-99.8,-99.8,-99.8,-99.8,-99.8,-99.8,-99.8
2022-04-03 00:00:00,-9999.7,-99.7,-9997.0,-99.7,-999.7,-99.8,-99.8,-999.6,-99.8,-99.8,-99.8,-99.8,-99.8,-99.8,-99.8
2022-04-03 01:00:00,-99.8,-99.8,-99.8,-99.8,-99.8,-99.8,-99.8,-999.6,-99.8,-99.8,-99.8,-99.8,-99.8,-99.8,-99.8
2022-04-03 02:00:00,-99.8,-99.8,-99.8,-99.8,-99.8,-99.8,-99.8,-999.6,-99.8,-99.8,-99.8,-99.8,-99.8,-99.8,-99.8
2022-04-03 03:00:00,-99.8,-99.8,-99.8,-99.8,-99.8,-99.8,-99.8,-999.6,-99.8,-99.8,-99.8,-99.8,-99.8,-99.8,-99.8
2022-04-03 04:00:00,-99.8,-99.8,-99.8,-99.8,-99.8,-99.8,-99.8,-999.6,-99.8,-99.8,-99.8,-99.8,-99.8,-99.8,-99.8
2022-04-03 05:00:00,-99.8,-99.8,-99.8,-99.8,-99.8,-99.8,-99.8,-999.6,-99.8,-99.8,-99.8,-99.8,-99.8,-99.8,-99.8
2022-04-03 06:00:00,-99.8,-99.8,-99.8,-99.8,-99.8,-99.8,-99.8,-999.6,-99.8,-99.8,-99.8,-99.8,-99.8,-99.8,-99.8
2022-04-03 07:00:00,-99.8,-99.8,-99.8,-99.8,-99.8,-99.8,-99.8,-999.6,-99.8,-99.8,-99.8,-99.8,-99.8,-99.8,-99.8
2022-04-03 08:00:00,-99.8,-99.8,-99.8,-99.8,-99.8,-99.8,-99.8,-999.6,-99.8,-99.8,-99.8,-99.8,-99.8,-99.8,-99.8
2022-04-03 09:00:00,-99.8,-99.8,-99.8,-99.8,-99.8,-99.8,-99.8,-999.6,-99.8,-99.8,-99.8,-99.8,-99.8,-99.8,-99.8
2022-04-03 10:00:00,-99.8,-99.8,-99.8,-99.8,-99.8,-99.8,-99.8,-999.6,-99.8,-99.8,-99.8,-99.8,-99.8,-99.8,-99.8
2022-04-03 11:00:00,-99.8,-99.8,-99.8,-99.8,-99.8,-99.8,-99.8,-999.6,-99.8,-99.8,-99.8,-99.8,-99.8,-99.8,-99.8
2022-04-03 12:00:00,-99.8,-99.8,-99.8,-99.8,-99.8,-99.8,-99.8,-999.6,-99.8,-99.8,-99.8,-99.8,-99.8,-99.8,-99.8
2022-04-03 13:00:00,-99.8,-99.8,-99.8,-99.8,-99.8,-99.8,-99.8,-999.6,-99.8,-99.8,-99.8,-99.8,-99.8,-99.8,-99.8
2022-04-03 14:00:00,-99.8,-99.8,-99.8,-99.8,-99.8,-99.8,-99.8,-999.6,-99.8,-99.8,-99.8,-99.8,-99.8,-99.8,-99.8
2022-04-03 15:00:00,-99.8,-99.8,-99.8,-99.8,-99.8,-99.8,-99.8,-999.6,-99.8,-99.8,-99.8,-99.8,-99.8,-99.8,-99.8
2022-04-03 16:00:00,-99.8,-99.8,-99.8,-99.8,-99.8,-99.8,-99.8,-999.6,-99.8,-99.8,-99.8,-99.8,-99.8,-99.8,-99.8
2022-04-03 17:00:00,-99.8,-99.8,-99.8,-99.8,-99.8,-99.8,-99.8,-999.6,-99.8,-99.8,-99.8,-99.8,-99.8,-99.8,-99.8
2022-04-03 18:00:00,-99.8,-99.8,-99.8,-99.8,-99.8,-99.8,-99.8,-999.6,-99.8,-99.8,-99.8,-99.8,-99.8,-99.8,-99.8
2022-04-03 19:00:00,-99.8,-99.8,-99.8,-99.8,-99.8,-99.8,-99.8,-999.6,-99.8,-99.8,-99.8,-99.8,-99.8,-99.8,-99.8
2022-04-03 20:00:00,-99.8,-99.8,-99.8,-99.8,-99.8,-99.8,-99.8,-999.6,-99.8,-99.8,-99.8,-99.8,-99.8,-99.8,-99.8
2022-04-03 21:00:00,-99.8,-99.8,-99.8,-99.8,-99.8,-99.8,-99.8,-999.6,-99.8,-99.8,-99.8,-99.8,-99.8,-99.8,-99.8
2022-04-03 22:00:00,-99.8,-99.8,-99.8,-99.8,-99.8,-99.8,-99.8,-999.6,-99.8,-99.8,-99.8,-99.8,-99.8,-99.8,-99.8
2022-04-03 23:00:00,-99.8,-99.8,-99.8,-99.8,-99.8,-99.8,-99.8,-999.6,-99.8,-99.8,-99.8,-99.8,-99.8,-99.8,-99.8
2022-04-04 00:00:00,-99.8,-99.8,-99.8,-99.8,-99.8,-99.8,-99.8,-999.6,-99.8,-99.8,-99.8,-99.8,-99.8,-99.8,-99.8
2022-04-04 01:00:00,-99.8,-99.8,-99.8,-99.8,-99.8,-99.8,-99.8,-999.6,-99.8,-99.8,-99.8,-99.8,-99.8,-99.8,-99.8
2022-04-04 02:00:00,-99.8,-99.8,-99.8,-99.8,-99.8,-99.8,-99.8,-999.6,-99.8,-99.8,-99.8,-99.8,-99.8,-99.8,-99.8
2022-04-04 03:00:00,-99.8,-99.8,-99.8,-99.8,-99.8,-99.8,-99.8,-999.6,-99.8,-99.8,-99.8,-99.8,-99.8,-99.8,-99.8
2022-04-04 04:00:00,-99.8,-99.8,-99.8,-99.8,-99.8,-99.8,-99.8,-999.6,-99.8,-99.8,-99.8,-99.8,-99.8,-99.8,-99.8
2022-04-04 05:00:00,-99.8,-99.8,-99.8,-99.8,-99.8,-99.8,-99.8,-999.6,-99.8,-99.8,-99.8,-99.8,-99.8,-99.8,-99.8
2022-04-04 06:00:00,-99.8,-99.8,-99.8,-99.8,-99.8,-99.8,-99.8,-999.6,-99.8,-99.8,-99.8,-99.8,-99.8,-99.8,-99.8
2022-04-04 07:00:00,-99.8,-99.8,-99.8,-99.8,-99.8,-99.8,-99.8,-999.6,-99.8,-99.8,-99.8,-99.8,-99.8,-99.8,-99.8
2022-04-04 08:00:00,-99.8,-99.8,-99.8,-99.8,-99.8,-99.8,-99.8,-999.6,-99.8,-99.8,-99.8,-99.8,-99.8,-99.8,-99.8
2022-04-04 09:00:00,-99.8,-99.8,-99.8,-99.8,-99.8,-99.8,-99.8,-999.6,-99.8,-99.8,-99.8,-99.8,-99.8,-99.8,-99.8
2022-04-04 10:00:00,-99.8,-99.8,-99.8,-99.8,-99.8,-99.8,-99.8,-999.6,-99.8,-99.8,-99.8,-99.8,-99.8,-99.8,-99.8
2022-04-04 11:00:00,-99.8,-99.8,-99.8,-99.8,-99.8,-99.8,-99.8,-999.6,-99.8,-99.8,-99.8,-99.8,-99.8,-99.8,-99.8
2022-04-04 12:00:00,-99.8,-99.8,-99.8,-99.8,-99.8,-99.8,-99.8,-999.6,-99.8,-99.8,-99.8,-99.8,-99.8,-99.8,-99.8
2022-04-04 13:00:00,-99.8,-99.8,-99.8,-99.8,-99.8,-99.8,-99.8,-999.6,-99.8,-99.8,-99.8,-99.8,-99.8,-99.8,-99.8
2022-04-04 14:00:00,-99.8,-99.8,-99.8,-99.8,-99.8,-99.8,-99.8,-999.6,-99.8,-99.8,-99.8,-99.8,-99.8,-99.8,-99.8
2022-04-04 15:00:00,-99.8,-99.8,-99.8,-99.8,-99.8,-99.8,-99.8,-999.6,-99.8,-99.8,-99.8,-99.8,-99.8,-99.8,-99.8
2022-04-04 16:00:00,-99.8,-99.8,-99.8,-99.8,-99.8,-99.8,-99.8,-999.6,-99.8,-99.8,-99.8,-99.8,-99.8,-99.8,-99.8
2022-04-04 17:00:00,-99.8,-99.8,-99.8,-99.8,-99.8,-99.8,-99.8,-999.6,-99.8,-99.8,-99.8,-99.8,-99.8,-99.8,-99.8
2022-04-04 18:00:00,-99.8,-99.8,-99.8,-99.8,-99.8,-99.8,-99.8,-999.6,-99.8,-99.8,-99.8,-99.8,-99.8,-99.8,-99.8
2022-04-04 19:00:00,-99.8,-99.8,-99.8,-99.8,-99.8,-99.8,-99.8,-999.6,-99.8,-99.8,-99.8,-99.8,-99.8,-99.8,-99.8
2022-04-04 20:00:00,-99.8,-99.8,-99.8,-99.8,-99.8,-99.8,-99.8,-999.6,-99.8,-99.8,-99.8,-99.8,-99.8,-99.8,-99.8
2022-04-04 21:00:00,-99.8,-99.8,-99.8,-99.8,-99.8,-99.8,-99.8,-999.6,-99.8,-99.8,-99.8,-99.8,-99.8,-99.8,-99.8
2022-04-04 22:00:00,-99.8,-99.8,-99.8,-99.8,-99.8,-99.8,-99.8,-999.6,-99.8,-99.8,-99.8,-99.8,-99.8,-99.8,-99.8
2022-04-04 23:00:00,-99.8,-99.8,-99.8,-99.8,-99.8,-99.8,-99.8,-999.6,-99.8,-99.8,-99.8,-99.8,-99.8,-99.8,-99.8
2022-04-05 00:00:00,-99.8,-99.8,-99.8,-99.8,-99.8,-99.8,-99.8,-999.6,-99.8,-99.8,-99.8,-99.8,-99.8,-99.8,-99.8
2022-04-05 01:00:00,-99.8,-99.8,-99.8,-99.8,-99.8,-99.8,-99.8,-999.6,-99.8,-99.8,-99.8,-99.8,-99.8,-99.8,-99.8
2022-04-05 02:00:00,-99.8,-99.8,-99.8,-99.8,-99.8,-99.8,-99.8,-999.6,-99.8,-99.8,-99.8,-99.8,-99.8,-99.8,-99.8
2022-04-05 03:00:00,-99.8,-99.8,-99.8,-99.8,-99.8,-99.8,-99.8,-999.6,-99.8,-99.8,-99.8,-99.8,-99.8,-99.8,-99.8
2022-04-05 04:00:00,-99.8,-99.8,-99.8,-99.8,-99.8,-99.8,-99.8,-999.6,-99.8,-99.8,-99.8,-99.8,-99.8,-99.8,-99.8
2022-04-05 05:00:00,-99.8,-99.8,-99.8,-99.8,-99.8,-99.8,-99.8,-999.6,-99.8,-99.8,-99.8,-99.8,-99.8,-99.8,-99.8
2022-04-05 06:00:00,-99.8,-99.8,-99.8,-99.8,-99.8,-99.8,-99.8,-999.6,-99.8,-99.8,-99.8,-99.8,-99.8,-99.8,-99.8
2022-04-05 07:00:00,-99.8,-99.8,-99.8,-99.8,-99.8,-99.8,-99.8,-999.6,-99.8,-99.8,-99.8,-99.8,-99.8,-99.8,-99.8
2022-04-05 08:00:00,-99.8,-99.8,-99.8,-99.8,-99.8,-99.8,-99.8,-999.6,-99.8,-99.8,-99.8,-99.8,-99.8,-99.8,-99.8
2022-04-05 09:00:00,-99.8,-99.8,-99.8,-99.8,-99.8,-99.8,-99.8,-999.6,-99.8,-99.8,-99.8,-99.8,-99.8,-99.8,-99.8
2022-04-05 10:00:00,-99.8,-99.8,-99.8,-99.8,-99.8,-99.8,-99.8,-999.6,-99.8,-99.8,-99.8,-99.8,-99.8,-99.8,-99.8
2022-04-05 11:00:00,-99.8,-99.8,-99.8,-99.8,-99.8,-99.8,-99.8,-999.6,-99.8,-99.8,-99.8,-99.8,-99.8,-99.8,-99.8
2022-04-05 12:00:00,-99.8,-99.8,-99.8,-99.8,-99.8,-99.8,-99.8,-999.6,-99.8,-99.8,-99.8,-99.8,-99.8,-99.8,-99.8
2022-04-05 13:00:00,-99.8,-99.8,-99.8,-99.8,-99.8,-99.8,-99.8,-999.6,-99.8,-99.8,-99.8,-99.8,-99.8,-99.8,-99.8
2022-04-05 14:00:00,-99.8,-99.8,-99.8,-99.8,-99.8,-99.8,-99.8,-999.6,-99.8,-99.8,-99.8,-99.8,-99.8,-99.8,-99.8
2022-04-05 15:00:00,-99.8,-99.8,-99.8,-99.8,-99.8,-99.8,-99.8,-999.6,-99.8,-99.8,-99.8,-99.8,-99.8,-99.8,-99.8
2022-04-05 16:00:00,-99.8,-99.8,-99.8,-99.8,-99.8,-99.8,-99.8,-999.6,-99.8,-99.8,-99.8,-99.8,-99.8,-99.8,-99.8
2022-04-05 17:00:00,-99.8,-99.8,-99.8,-99.8,-99.8,-99.8,-99.8,-999.6,-99.8,-99.8,-99.8,-99.8,-99.8,-99.8,-99.8
2022-04-05 18:00:00,-99.8,-99.8,-99.8,-99.8,-99.8,-99.8,-99.8,-999.6,-99.8,-99.8,-99.8,-99.8,-99.8,-99.8,-99.8
2022-04-05 19:00:00,-99.8,-99.8,-99.8,-99.8,-99.8,-99.8,-99.8,-999.6,-99.8,-99.8,-99.8,-99.8,-99.8,-99.8,-99.8
2022-04-05 20:00:00,-99.8,-99.8,-99.8,-99.8,-99.8,-99.8,-99.8,-999.6,-99.8,-99.8,-99.8,-99.8,-99.8,-99.8,-99.8
2022-04-05 21:00:00,-99.8,-99.8,-99.8,-99.8,-99.8,-99.8,-99.8,-999.6,-99.8,-99.8,-99.8,-99.8,-99.8,-99.8,-99.8
2022-04-05 22:00:00,-99.8,-99.8,-99.8,-99.8,-99.8,-99.8,-99.8,-999.6,-99.8,-99.8,-99.8,-99.8,-99.8,-99.8,-99.8
2022-04-05 23:00:00,-99.8,-99.8,-99.8,-99.8,-99.8,-99.8,-99.8,-999.6,-99.8,-99.8,-99.8,-99.8,-99.8,-99.8,-99.8
2022-04-06 00:00:00,-99.8,-99.8,-99.8,-99.8,-99.8,-99.8,-99.8,-999.6,-99.8,-99.8,-99.8,-99.8,-99.8,-99.8,-99.8
2022-04-06 01:00:00,-9999.7,-99.7,-9997.0,-99.7,-999.7,-99.8,-99.8,-999.6,-99.8,-99.8,-99.8,-99.8,-99.8,-99.8,-99.8
2022-04-06 02:00:00,-9999.7,-99.7,-9997.0,-99.7,-999.7,-99.8,-99.8,-999.6,-99.8,-99.8,-99.8,-99.8,-99.8,-99.8,-99.8
2022-04-06 03:00:00,-9999.7,-99.7,-9997.0,-99.7,-999.7,-99.8,-99.8,-999.6,-99.8,-99.8,-99.8,-99.8,-99.8,-99.8,-99.8
2022-04-06 04:00:00,-9999.7,-99.7,-9997.0,-99.7,-999.7,-99.8,-99.8,-999.6,-99.8,-99.8,-99.8,-99.8,-99.8,-99.8,-99.8
2022-04-06 05:00:00,-9999.7,-99.7,-9997.0,-99.7,-999.7,-99.8,-99.8,-999.6,-99.8,-99.8,-99.8,-99.8,-99.8,-99.8,-99.8
2022-04-06 06:00:00,-9999.7,-99.7,-9997.0,-99.7,-999.7,-99.8,-99.8,-999.6,-99.8,-99.8,-99.8,-99.8,-99.8,-99.8,-99.8
2022-04-06 07:00:00,-9999.7,-99.7,-9997.0,-99.7,-999.7,-99.8,-99.8,-999.6,-99.8,-99.8,-99.8,-99.8,-99.8,-99.8,-99.8
2022-04-06 08:00:00,-9999.7,-99.7,-9997.0,-99.7,-999.7,-99.8,-99.8,-999.6,-99.8,-99.8,-99.8,-99.8,-99.8,-99.8,-99.8
2022-04-06 09:00:00,-9999.7,-99.7,-9997.0,-99.7,-999.7,-99.8,-99.8,-999.6,-99.8,-99.8,-99.8,-99.8,-99.8,-99.8,-99.8
2022-04-06 10:00:00,-9999.7,-99.7,-9997.0,-99.7,-999.7,-99.8,-99.8,-999.6,-99.8,-99.8,-99.8,-99.8,-99.8,-99.8,-99.8
2022-04-06 11:00:00,-9999.7,-99.7,-9997.0,-99.7,-999.7,-99.8,-99.8,-999.6,-99.8,-99.8,-99.8,-99.8,-99.8,-99.8,-99.8
2022-04-06 12:00:00,-9999.7,-99.7,-9997.0,-99.7,-999.7,-99.8,-99.8,-999.6,-99.8,-99.8,-99.8,-99.8,-99.8,-99.8,-99.8
2022-04-06 13:00:00,-9999.7,-99.7,-9997.0,-99.7,-999.7,-99.8,-99.8,-999.6,-99.8,-99.8,-99.8,-99.8,-99.8,-99.8,-99.8
2022-04-06 14:00:00,-9999.7,-99.7,-9997.0,-99.7,-999.7,-99.8,-99.8,-999.6,-99.8,-99.8,-99.8,-99.8,-99.8,-99.8,-99.8
2022-04-06 15:00:00,-9999.7,-99.7,-9997.0,-99.7,-999.7,-99.8,-99.8,-999.6,-99.8,-99.8,-99.8,-99.8,-99.8,-99.8,-99.8
2022-04-06 16:00:00,-9999.7,-99.7,-9997.0,-99.7,-999.7,-99.8,-99.8,-999.6,-99.8,-99.8,-99.8,-99.8,-99.8,-99.8,-99.8
2022-04-06 17:00:00,-9999.7,-99.7,-9997.0,-99.7,-999.7,-99.8,-99.8,-999.6,-99.8,-99.8,-99.8,-99.8,-99.8,-99.8,-99.8
2022-04-06 18:00:00,-9999.7,-99.7,-9997.0,-99.7,-999.7,-99.8,-99.8,-999.6,-99.8,-99.8,-99.8,-99.8,-99.8,-99.8,-99.8
2022-04-06 19:00:00,-9999.7,-99.7,-9997.0,-99.7,-999.7,-99.8,-99.8,-999.6,-99.8,-99.8,-99.8,-99.8,-99.8,-99.8,-99.8
2022-04-06 20:00:00,-9999.7,-99.7,-9997.0,-99.7,-999.7,-99.8,-99.8,-999.6,-99.8,-99.8,-99.8,-99.8,-99.8,-99.8,-99.8
2022-04-06 21:00:00,-9999.7,-99.7,-9997.0,-99.7,-999.7,-99.8,-99.8,-999.6,-99.8,-99.8,-99.8,-99.8,-99.8,-99.8,-99.8
2022-04-06 22:00:00,-9999.7,-99.7,-9997.0,-99.7,-999.7,-99.8,-99.8,-999.6,-99.8,-99.8,-99.8,-99.8,-99.8,-99.8,-99.8
2022-04-06 23:00:00,1018.4,15.5,92.0,4.9,22.0,-99.8,-99.8,0.0,-99.8,-99.8,-99.8,-99.8,-99.8,-99.8,-99.8
2022-04-07 00:00:00,1018.3,15.5,91.0,5.8,5.0,-99.8,-99.8,0.0,-99.8,-99.8,-99.8,-99.8,-99.8,-99.8,-99.8
2022-04-07 01:00:00,1018.0,15.4,91.0,5.3,10.0,-99.8,-99.8,0.0,-99.8,-99.8,-99.8,-99.8,-99.8,-99.8,-99.8
2022-04-07 02:00:00,1017.5,15.4,91.0,3.6,14.0,-99.8,-99.8,0.0,-99.8,-99.8,-99.8,-99.8,-99.8,-99.8,-99.8
2022-04-07 03:00:00,1016.9,15.2,91.0,4.3,16.0,-99.8,-99.8,0.0,-99.8,-99.8,-99.8,-99.8,-99.8,-99.8,-99.8
2022-04-07 04:00:00,1017.0,15.1,91.0,5.4,8.0,-99.8,-99.8,0.0,-99.8,-99.8,-99.8,-99.8,-99.8,-99.8,-99.8
2022-04-07 05:00:00,1017.3,14.9,90.0,3.3,22.0,-99.8,-99.8,0.0,-99.8,-99.8,-99.8,-99.8,-99.8,-99.8,-99.8
2022-04-07 06:00:00,1017.9,15.1,90.0,3.7,1.0,-99.8,-99.8,0.0,-99.8,-99.8,-99.8,-99.8,-99.8,-99.8,-99.8
2022-04-07 07:00:00,1018.4,15.4,89.0,4.9,7.0,-99.8,-99.8,0.0,-99.8,-99.8,-99.8,-99.8,-99.8,-99.8,-99.8
2022-04-07 08:00:00,1018.9,15.8,88.0,2.9,3.0,-99.8,-99.8,0.0,-99.8,-99.8,-99.8,-99.8,-99.8,-99.8,-99.8
2022-04-07 09:00:00,1019.2,16.4,85.0,3.3,12.0,-99.8,-99.8,0.0,-99.8,-99.8,-99.8,-99.8,-99.8,-99.8,-99.8
2022-04-07 10:00:00,1019.2,17.1,84.0,3.7,19.0,-99.8,-99.8,0.0,-99.8,-99.8,-99.8,-99.8,-99.8,-99.8,-99.8
2022-04-07 11:00:00,1018.8,17.0,81.0,3.6,10.0,-99.8,-99.8,0.0,-99.8,-99.8,-99.8,-99.8,-99.8,-99.8,-99.8
2022-04-07 12:00:00,1018.4,17.2,80.0,5.4,26.0,-99.8,-99.8,0.0,-99.8,-99.8,-99.8,-99.8,-99.8,-99.8,-99.8
2022-04-07 13:00:00,1017.6,17.9,69.0,5.3,31.0,-99.8,-99.8,0.0,-99.8,-99.8,-99.8,-99.8,-99.8,-99.8,-99.8
2022-04-07 14:00:00,1017.1,17.3,78.0,5.1,25.0,-99.8,-99.8,0.0,-99.8,-99.8,-99.8,-99.8,-99.8,-99.8,-99.8
2022-04-07 15:00:00,1016.8,16.9,82.0,4.5,19.0,-99.8,-99.8,0.0,-99.8,-99.8,-99.8,-99.8,-99.8,-99.8,-99.8
2022-04-07 16:00:00,1016.6,17.4,80.0,4.0,22.0,-99.8,-99.8,0.0,-99.8,-99.8,-99.8,-99.8,-99.8,-99.8,-99.8
2022-04-07 17:00:00,1016.9,16.7,86.0,3.5,24.0,-99.8,-99.8,0.0,-99.8,-99.8,-99.8,-99.8,-99.8,-99.8,-99.8
2022-04-07 18:00:00,1017.2,16.0,88.0,3.3,25.0,-99.8,-99.8,0.0,-99.8,-99.8,-99.8,-99.8,-99.8,-99.8,-99.8
2022-04-07 19:00:00,1017.7,15.8,89.0,3.2,26.0,-99.8,-99.8,0.0,-99.8,-99.8,-99.8,-99.8,-99.8,-99.8,-99.8
2022-04-07 20:00:00,1018.1,15.7,91.0,3.5,23.0,-99.8,-99.8,0.0,-99.8,-99.8,-99.8,-99.8,-99.8,-99.8,-99.8
2022-04-07 21:00:00,1018.6,15.6,93.0,5.5,8.0,-99.8,-99.8,0.0,-99.8,-99.8,-99.8,-99.8,-99.8,-99.8,-99.8
2022-04-07 22:00:00,1018.9,15.6,92.0,6.1,8.0,-99.8,-99.8,0.0,-99.8,-99.8,-99.8,-99.8,-99.8,-99.8,-99.8
2022-04-07 23:00:00,1018.7,15.7,90.0,5.9,9.0,-99.8,-99.8,0.0,-99.8,-99.8,-99.8,-99.8,-99.8,-99.8,-99.8
2022-04-08 00:00:00,1018.5,15.4,90.0,5.0,12.0,-99.8,-99.8,0.0,-99.8,-99.8,-99.8,-99.8,-99.8,-99.8,-99.8
2022-04-08 01:00:00,1018.2,15.6,86.0,6.5,10.0,-99.8,-99.8,0.0,-99.8,-99.8,-99.8,-99.8,-99.8,-99.8,-99.8
2022-04-08 02:00:00,1017.8,15.3,87.0,5.1,14.0,-99.8,-99.8,0.0,-99.8,-99.8,-99.8,-99.8,-99.8,-99.8,-99.8
2022-04-08 03:00:00,1017.3,15.3,86.0,5.6,3.0,-99.8,-99.8,0.0,-99.8,-99.8,-99.8,-99.8,-99.8,-99.8,-99.8
2022-04-08 04:00:00,1017.2,15.2,86.0,5.3,7.0,-99.8,-99.8,0.0,-99.8,-99.8,-99.8,-99.8,-99.8,-99.8,-99.8
2022-04-08 05:00:00,1017.3,15.1,87.0,6.2,11.0,-99.8,-99.8,0.0,-99.8,-99.8,-99.8,-99.8,-99.8,-99.8,-99.8
2022-04-08 06:00:00,1017.5,15.0,84.0,6.2,9.0,-99.8,-99.8,0.0,-99.8,-99.8,-99.8,-99.8,-99.8,-99.8,-99.8
2022-04-08 07:00:00,1017.9,15.7,78.0,6.8,15.0,-99.8,-99.8,0.0,-99.8,-99.8,-99.8,-99.8,-99.8,-99.8,-99.8
2022-04-08 08:00:00,1018.1,16.3,75.0,7.9,13.0,-99.8,-99.8,0.0,-99.8,-99.8,-99.8,-99.8,-99.8,-99.8,-99.8
2022-04-08 09:00:00,1018.4,16.6,72.0,8.3,15.0,-99.8,-99.8,0.0,-99.8,-99.8,-99.8,-99.8,-99.8,-99.8,-99.8
2022-04-08 10:00:00,1018.7,17.0,71.0,8.2,14.0,-99.8,-99.8,0.0,-99.8,-99.8,-99.8,-99.8,-99.8,-99.8,-99.8
2022-04-08 11:00:00,1018.1,17.3,72.0,8.1,16.0,-99.8,-99.8,0.0,-99.8,-99.8,-99.8,-99.8,-99.8,-99.8,-99.8
2022-04-08 12:00:00,1017.6,17.5,73.0,7.3,18.0,-99.8,-99.8,0.0,-99.8,-99.8,-99.8,-99.8,-99.8,-99.8,-99.8
2022-04-08 13:00:00,1017.2,17.5,71.0,5.8,25.0,-99.8,-99.8,0.0,-99.8,-99.8,-99.8,-99.8,-99.8,-99.8,-99.8
2022-04-08 14:00:00,-9999.7,-99.7,-9997.0,-99.7,-999.7,-99.8,-99.8,0.0,-99.8,-99.8,-99.8,-99.8,-99.8,-99.8,-99.8
2022-04-08 15:00:00,-9999.7,-99.7,-9997.0,-99.7,-999.7,-99.8,-99.8,-999.6,-99.8,-99.8,-99.8,-99.8,-99.8,-99.8,-99.8
2022-04-08 16:00:00,-9999.7,-99.7,-9997.0,-99.7,-999.7,-99.8,-99.8,-999.6,-99.8,-99.8,-99.8,-99.8,-99.8,-99.8,-99.8
2022-04-08 17:00:00,-9999.7,-99.7,-9997.0,-99.7,-999.7,-99.8,-99.8,-999.6,-99.8,-99.8,-99.8,-99.8,-99.8,-99.8,-99.8
2022-04-08 18:00:00,-9999.7,-99.7,-9997.0,-99.7,-999.7,-99.8,-99.8,-999.6,-99.8,-99.8,-99.8,-99.8,-99.8,-99.8,-99.8
2022-04-08 19:00:00,-9999.7,-99.7,-9997.0,-99.7,-999.7,-99.8,-99.8,-999.6,-99.8,-99.8,-99.8,-99.8,-99.8,-99.8,-99.8
2022-04-08 20:00:00,-9999.7,-99.7,-9997.0,-99.7,-999.7,-99.8,-99.8,-999.6,-99.8,-99.8,-99.8,-99.8,-99.8,-99.8,-99.8
2022-04-08 21:00:00,-9999.7,-99.7,-9997.0,-99.7,-999.7,-99.8,-99.8,-999.6,-99.8,-99.8,-99.8,-99.8,-99.8,-99.8,-99.8
2022-04-08 22:00:00,-9999.7,-99.7,-9997.0,-99.7,-999.7,-99.8,-99.8,-999.6,-99.8,-99.8,-99.8,-99.8,-99.8,-99.8,-99.8
2022-04-08 23:00:00,-9999.7,-99.7,-9997.0,-99.7,-999.7,-99.8,-99.8,-999.6,-99.8,-99.8,-99.8,-99.8,-99.8,-99.8,-99.8
2022-04-09 00:00:00,-9999.7,-99.7,-9997.0,-99.7,-999.7,-99.8,-99.8,-999.6,-99.8,-99.8,-99.8,-99.8,-99.8,-99.8,-99.8
2022-04-09 01:00:00,-99.8,-99.8,-99.8,-99.8,-99.8,-99.8,-99.8,-999.6,-99.8,-99.8,-99.8,-99.8,-99.8,-99.8,-99.8
2022-04-09 02:00:00,-99.8,-99.8,-99.8,-99.8,-99.8,-99.8,-99.8,-999.6,-99.8,-99.8,-99.8,-99.8,-99.8,-99.8,-99.8
2022-04-09 03:00:00,-99.8,-99.8,-99.8,-99.8,-99.8,-99.8,-99.8,-999.6,-99.8,-99.8,-99.8,-99.8,-99.8,-99.8,-99.8
2022-04-09 04:00:00,-99.8,-99.8,-99.8,-99.8,-99.8,-99.8,-99.8,-999.6,-99.8,-99.8,-99.8,-99.8,-99.8,-99.8,-99.8
2022-04-09 05:00:00,-99.8,-99.8,-99.8,-99.8,-99.8,-99.8,-99.8,-999.6,-99.8,-99.8,-99.8,-99.8,-99.8,-99.8,-99.8
2022-04-09 06:00:00,-99.8,-99.8,-99.8,-99.8,-99.8,-99.8,-99.8,-999.6,-99.8,-99.8,-99.8,-99.8,-99.8,-99.8,-99.8
2022-04-09 07:00:00,-99.8,-99.8,-99.8,-99.8,-99.8,-99.8,-99.8,-999.6,-99.8,-99.8,-99.8,-99.8,-99.8,-99.8,-99.8
2022-04-09 08:00:00,-99.8,-99.8,-99.8,-99.8,-99.8,-99.8,-99.8,-999.6,-99.8,-99.8,-99.8,-99.8,-99.8,-99.8,-99.8
2022-04-09 09:00:00,-99.8,-99.8,-99.8,-99.8,-99.8,-99.8,-99.8,-999.6,-99.8,-99.8,-99.8,-99.8,-99.8,-99.8,-99.8
2022-04-09 10:00:00,-99.8,-99.8,-99.8,-99.8,-99.8,-99.8,-99.8,-999.6,-99.8,-99.8,-99.8,-99.8,-99.8,-99.8,-99.8
2022-04-09 11:00:00,-99.8,-99.8,-99.8,-99.8,-99.8,-99.8,-99.8,-999.6,-99.8,-99.8,-99.8,-99.8,-99.8,-99.8,-99.8
2022-04-09 12:00:00,-99.8,-99.8,-99.8,-99.8,-99.8,-99.8,-99.8,-999.6,-99.8,-99.8,-99.8,-99.8,-99.8,-99.8,-99.8
2022-04-09 13:00:00,-99.8,-99.8,-99.8,-99.8,-99.8,-99.8,-99.8,-999.6,-99.8,-99.8,-99.8,-99.8,-99.8,-99.8,-99.8
2022-04-09 14:00:00,-99.8,-99.8,-99.8,-99.8,-99.8,-99.8,-99.8,-999.6,-99.8,-99.8,-99.8,-99.8,-99.8,-99.8,-99.8
2022-04-09 15:00:00,-99.8,-99.8,-99.8,-99.8,-99.8,-99.8,-99.8,-999.6,-99.8,-99.8,-99.8,-99.8,-99.8,-99.8,-99.8
2022-04-09 16:00:00,-99.8,-99.8,-99.8,-99.8,-99.8,-99.8,-99.8,-999.6,-99.8,-99.8,-99.8,-99.8,-99.8,-99.8,-99.8
2022-04-09 17:00:00,-99.8,-99.8,-99.8,-99.8,-99.8,-99.8,-99.8,-999.6,-99.8,-99.8,-99.8,-99.8,-99.8,-99.8,-99.8
2022-04-09 18:00:00,-99.8,-99.8,-99.8,-99.8,-99.8,-99.8,-99.8,-999.6,-99.8,-99.8,-99.8,-99.8,-99.8,-99.8,-99.8
2022-04-09 19:00:00,-99.8,-99.8,-99.8,-99.8,-99.8,-99.8,-99.8,-999.6,-99.8,-99.8,-99.8,-99.8,-99.8,-99.8,-99.8
2022-04-09 20:00:00,-99.8,-99.8,-99.8,-99.8,-99.8,-99.8,-99.8,-999.6,-99.8,-99.8,-99.8,-99.8,-99.8,-99.8,-99.8
2022-04-09 21:00:00,-99.8,-99.8,-99.8,-99.8,-99.8,-99.8,-99.8,-999.6,-99.8,-99.8,-99.8,-99.8,-99.8,-99.8,-99.8
2022-04-09 22:00:00,-99.8,-99.8,-99.8,-99.8,-99.8,-99.8,-99.8,-999.6,-99.8,-99.8,-99.8,-99.8,-99.8,-99.8,-99.8
2022-04-09 23:00:00,-99.8,-99.8,-99.8,-99.8,-99.8,-99.8,-99.8,-999.6,-99.8,-99.8,-99.8,-99.8,-99.8,-99.8,-99.8
2022-04-10 00:00:00,-99.8,-99.8,-99.8,-99.8,-99.8,-99.8,-99.8,-999.6,-99.8,-99.8,-99.8,-99.8,-99.8,-99.8,-99.8
2022-04-10 01:00:00,-99.8,-99.8,-99.8,-99.8,-99.8,-99.8,-99.8,-999.6,-99.8,-99.8,-99.8,-99.8,-99.8,-99.8,-99.8
2022-04-10 02:00:00,-99.8,-99.8,-99.8,-99.8,-99.8,-99.8,-99.8,-999.6,-99.8,-99.8,-99.8,-99.8,-99.8,-99.8,-99.8
2022-04-10 03:00:00,-99.8,-99.8,-99.8,-99.8,-99.8,-99.8,-99.8,-999.6,-99.8,-99.8,-99.8,-99.8,-99.8,-99.8,-99.8
2022-04-10 04:00:00,-99.8,-99.8,-99.8,-99.8,-99.8,-99.8,-99.8,-999.6,-99.8,-99.8,-99.8,-99.8,-99.8,-99.8,-99.8
2022-04-10 05:00:00,-99.8,-99.8,-99.8,-99.8,-99.8,-99.8,-99.8,-999.6,-99.8,-99.8,-99.8,-99.8,-99.8,-99.8,-99.8
2022-04-10 06:00:00,-99.8,-99.8,-99.8,-99.8,-99.8,-99.8,-99.8,-999.6,-99.8,-99.8,-99.8,-99.8,-99.8,-99.8,-99.8
2022-04-10 07:00:00,-99.8,-99.8,-99.8,-99.8,-99.8,-99.8,-99.8,-999.6,-99.8,-99.8,-99.8,-99.8,-99.8,-99.8,-99.8
2022-04-10 08:00:00,-99.8,-99.8,-99.8,-99.8,-99.8,-99.8,-99.8,-999.6,-99.8,-99.8,-99.8,-99.8,-99.8,-99.8,-99.8
2022-04-10 09:00:00,-99.8,-99.8,-99.8,-99.8,-99.8,-99.8,-99.8,-999.6,-99.8,-99.8,-99.8,-99.8,-99.8,-99.8,-99.8
2022-04-10 10:00:00,-99.8,-99.8,-99.8,-99.8,-99.8,-99.8,-99.8,-999.6,-99.8,-99.8,-99.8,-99.8,-99.8,-99.8,-99.8
2022-04-10 11:00:00,-99.8,-99.8,-99.8,-99.8,-99.8,-99.8,-99.8,-999.6,-99.8,-99.8,-99.8,-99.8,-99.8,-99.8,-99.8
2022-04-10 12:00:00,-99.8,-99.8,-99.8,-99.8,-99.8,-99.8,-99.8,-999.6,-99.8,-99.8,-99.8,-99.8,-99.8,-99.8,-99.8
2022-04-10 13:00:00,-99.8,-99.8,-99.8,-99.8,-99.8,-99.8,-99.8,-999.6,-99.8,-99.8,-99.8,-99.8,-99.8,-99.8,-99.8
2022-04-10 14:00:00,-99.8,-99.8,-99.8,-99.8,-99.8,-99.8,-99.8,-999.6,-99.8,-99.8,-99.8,-99.8,-99.8,-99.8,-99.8
2022-04-10 15:00:00,-99.8,-99.8,-99.8,-99.8,-99.8,-99.8,-99.8,-999.6,-99.8,-99.8,-99.8,-99.8,-99.8,-99.8,-99.8
2022-04-10 16:00:00,-99.8,-99.8,-99.8,-99.8,-99.8,-99.8,-99.8,-999.6,-99.8,-99.8,-99.8,-99.8,-99.8,-99.8,-99.8
2022-04-10 17:00:00,-99.8,-99.8,-99.8,-99.8,-99.8,-99.8,-99.8,-999.6,-99.8,-99.8,-99.8,-99.8,-99.8,-99.8,-99.8
2022-04-10 18:00:00,-99.8,-99.8,-99.8,-99.8,-99.8,-99.8,-99.8,-999.6,-99.8,-99.8,-99.8,-99.8,-99.8,-99.8,-99.8
2022-04-10 19:00:00,-99.8,-99.8,-99.8,-99.8,-99.8,-99.8,-99.8,-999.6,-99.8,-99.8,-99.8,-99.8,-99.8,-99.8,-99.8
2022-04-10 20:00:00,-99.8,-99.8,-99.8,-99.8,-99.8,-99.8,-99.8,-999.6,-99.8,-99.8,-99.8,-99.8,-99.8,-99.8,-99.8
2022-04-10 21:00:00,-99.8,-99.8,-99.8,-99.8,-99.8,-99.8,-99.8,-999.6,-99.8,-99.8,-99.8,-99.8,-99.8,-99.8,-99.8
2022-04-10 22:00:00,-99.8,-99.8,-99.8,-99.8,-99.8,-99.8,-99.8,-999.6,-99.8,-99.8,-99.8,-99.8,-99.8,-99.8,-99.8
2022-04-10 23:00:00,-99.8,-99.8,-99.8,-99.8,-99.8,-99.8,-99.8,-999.6,-99.8,-99.8,-99.8,-99.8,-99.8,-99.8,-99.8
2022-04-11 00:00:00,-99.8,-99.8,-99.8,-99.8,-99.8,-99.8,-99.8,-999.6,-99.8,-99.8,-99.8,-99.8,-99.8,-99.8,-99.8
2022-04-11 01:00:00,-99.8,-99.8,-99.8,-99.8,-99.8,-99.8,-99.8,-999.6,-99.8,-99.8,-99.8,-99.8,-99.8,-99.8,-99.8
2022-04-11 02:00:00,-99.8,-99.8,-99.8,-99.8,-99.8,-99.8,-99.8,-999.6,-99.8,-99.8,-99.8,-99.8,-99.8,-99.8,-99.8
2022-04-11 03:00:00,-99.8,-99.8,-99.8,-99.8,-99.8,-99.8,-99.8,-999.6,-99.8,-99.8,-99.8,-99.8,-99.8,-99.8,-99.8
2022-04-11 04:00:00,-99.8,-99.8,-99.8,-99.8,-99.8,-99.8,-99.8,-999.6,-99.8,-99.8,-99.8,-99.8,-99.8,-99.8,-99.8
2022-04-11 05:00:00,-99.8,-99.8,-99.8,-99.8,-99.8,-99.8,-99.8,-999.6,-99.8,-99.8,-99.8,-99.8,-99.8,-99.8,-99.8
2022-04-11 06:00:00,-99.8,-99.8,-99.8,-99.8,-99.8,-99.8,-99.8,-999.6,-99.8,-99.8,-99.8,-99.8,-99.8,-99.8,-99.8
2022-04-11 07:00:00,-99.8,-99.8,-99.8,-99.8,-99.8,-99.8,-99.8,-999.6,-99.8,-99.8,-99.8,-99.8,-99.8,-99.8,-99.8
2022-04-11 08:00:00,-99.8,-99.8,-99.8,-99.8,-99.8,-99.8,-99.8,-999.6,-99.8,-99.8,-99.8,-99.8,-99.8,-99.8,-99.8
2022-04-11 09:00:00,-99.8,-99.8,-99.8,-99.8,-99.8,-99.8,-99.8,-999.6,-99.8,-99.8,-99.8,-99.8,-99.8,-99.8,-99.8
2022-04-11 10:00:00,-99.8,-99.8,-99.8,-99.8,-99.8,-99.8,-99.8,-999.6,-99.8,-99.8,-99.8,-99.8,-99.8,-99.8,-99.8
2022-04-11 11:00:00,-99.8,-99.8,-99.8,-99.8,-99.8,-99.8,-99.8,-999.6,-99.8,-99.8,-99.8,-99.8,-99.8,-99.8,-99.8
2022-04-11 12:00:00,-99.8,-99.8,-99.8,-99.8,-99.8,-99.8,-99.8,-999.6,-99.8,-99.8,-99.8,-99.8,-99.8,-99.8,-99.8
2022-04-11 13:00:00,-99.8,-99.8,-99.8,-99.8,-99.8,-99.8,-99.8,-999.6,-99.8,-99.8,-99.8,-99.8,-99.8,-99.8,-99.8
2022-04-11 14:00:00,-99.8,-99.8,-99.8,-99.8,-99.8,-99.8,-99.8,-999.6,-99.8,-99.8,-99.8,-99.8,-99.8,-99.8,-99.8
2022-04-11 15:00:00,-99.8,-99.8,-99.8,-99.8,-99.8,-99.8,-99.8,-999.6,-99.8,-99.8,-99.8,-99.8,-99.8,-99.8,-99.8
2022-04-11 16:00:00,-99.8,-99.8,-99.8,-99.8,-99.8,-99.8,-99.8,-999.6,-99.8,-99.8,-99.8,-99.8,-99.8,-99.8,-99.8
2022-04-11 17:00:00,-99.8,-99.8,-99.8,-99.8,-99.8,-99.8,-99.8,-999.6,-99.8,-99.8,-99.8,-99.8,-99.8,-99.8,-99.8
2022-04-11 18:00:00,-99.8,-99.8,-99.8,-99.8,-99.8,-99.8,-99.8,-999.6,-99.8,-99.8,-99.8,-99.8,-99.8,-99.8,-99.8
2022-04-11 19:00:00,-99.8,-99.8,-99.8,-99.8,-99.8,-99.8,-99.8,-999.6,-99.8,-99.8,-99.8,-99.8,-99.8,-99.8,-99.8
2022-04-11 20:00:00,-99.8,-99.8,-99.8,-99.8,-99.8,-99.8,-99.8,-999.6,-99.8,-99.8,-99.8,-99.8,-99.8,-99.8,-99.8
2022-04-11 21:00:00,-99.8,-99.8,-99.8,-99.8,-99.8,-99.8,-99.8,-999.6,-99.8,-99.8,-99.8,-99.8,-99.8,-99.8,-99.8
2022-04-11 22:00:00,-99.8,-99.8,-99.8,-99.8,-99.8,-99.8,-99.8,-999.6,-99.8,-99.8,-99.8,-99.8,-99.8,-99.8,-99.8
2022-04-11 23:00:00,-99.8,-99.8,-99.8,-99.8,-99.8,-99.8,-99.8,-999.6,-99.8,-99.8,-99.8,-99.8,-99.8,-99.8,-99.8
2022-04-12 00:00:00,-99.8,-99.8,-99.8,-99.8,-99.8,-99.8,-99.8,-999.6,-99.8,-99.8,-99.8,-99.8,-99.8,-99.8,-99.8
2022-04-12 01:00:00,-99.8,-99.8,-99.8,-99.8,-99.8,-99.8,-99.8,-999.6,-99.8,-99.8,-99.8,-99.8,-99.8,-99.8,-99.8
2022-04-12 02:00:00,-99.8,-99.8,-99.8,-99.8,-99.8,-99.8,-99.8,-999.6,-99.8,-99.8,-99.8,-99.8,-99.8,-99.8,-99.8
2022-04-12 03:00:00,-99.8,-99.8,-99.8,-99.8,-99.8,-99.8,-99.8,-999.6,-99.8,-99.8,-99.8,-99.8,-99.8,-99.8,-99.8
2022-04-12 04:00:00,-99.8,-99.8,-99.8,-99.8,-99.8,-99.8,-99.8,-999.6,-99.8,-99.8,-99.8,-99.8,-99.8,-99.8,-99.8
2022-04-12 05:00:00,-99.8,-99.8,-99.8,-99.8,-99.8,-99.8,-99.8,-999.6,-99.8,-99.8,-99.8,-99.8,-99.8,-99.8,-99.8
2022-04-12 06:00:00,-99.8,-99.8,-99.8,-99.8,-99.8,-99.8,-99.8,-999.6,-99.8,-99.8,-99.8,-99.8,-99.8,-99.8,-99.8
2022-04-12 07:00:00,-99.8,-99.8,-99.8,-99.8,-99.8,-99.8,-99.8,-999.6,-99.8,-99.8,-99.8,-99.8,-99.8,-99.8,-99.8
2022-04-12 08:00:00,-99.8,-99.8,-99.8,-99.8,-99.8,-99.8,-99.8,-999.6,-99.8,-99.8,-99.8,-99.8,-99.8,-99.8,-99.8
2022-04-12 09:00:00,-99.8,-99.8,-99.8,-99.8,-99.8,-99.8,-99.8,-999.6,-99.8,-99.8,-99.8,-99.8,-99.8,-99.8,-99.8
2022-04-12 10:00:00,-99.8,-99.8,-99.8,-99.8,-99.8,-99.8,-99.8,-999.6,-99.8,-99.8,-99.8,-99.8,-99.8,-99.8,-99.8
2022-04-12 11:00:00,-99.8,-99.8,-99.8,-99.8,-99.8,-99.8,-99.8,-999.6,-99.8,-99.8,-99.8,-99.8,-99.8,-99.8,-99.8
2022-04-12 12:00:00,-99.8,-99.8,-99.8,-99.8,-99.8,-99.8,-99.8,-999.6,-99.8,-99.8,-99.8,-99.8,-99.8,-99.8,-99.8
2022-04-12 13:00:00,-99.8,-99.8,-99.8,-99.8,-99.8,-99.8,-99.8,-999.6,-99.8,-99.8,-99.8,-99.8,-99.8,-99.8,-99.8
2022-04-12 14:00:00,-99.8,-99.8,-99.8,-99.8,-99.8,-99.8,-99.8,-999.6,-99.8,-99.8,-99.8,-99.8,-99.8,-99.8,-99.8
2022-04-12 15:00:00,-99.8,-99.8,-99.8,-99.8,-99.8,-99.8,-99.8,-999.6,-99.8,-99.8,-99.8,-99.8,-99.8,-99.8,-99.8
2022-04-12 16:00:00,-99.8,-99.8,-99.8,-99.8,-99.8,-99.8,-99.8,-999.6,-99.8,-99.8,-99.8,-99.8,-99.8,-99.8,-99.8
2022-04-12 17:00:00,-99.8,-99.8,-99.8,-99.8,-99.8,-99.8,-99.8,-999.6,-99.8,-99.8,-99.8,-99.8,-99.8,-99.8,-99.8
2022-04-12 18:00:00,-99.8,-99.8,-99.8,-99.8,-99.8,-99.8,-99.8,-999.6,-99.8,-99.8,-99.8,-99.8,-99.8,-99.8,-99.8
2022-04-12 19:00:00,-99.8,-99.8,-99.8,-99.8,-99.8,-99.8,-99.8,-999.6,-99.8,-99.8,-99.8,-99.8,-99.8,-99.8,-99.8
2022-04-12 20:00:00,-99.8,-99.8,-99.8,-99.8,-99.8,-99.8,-99.8,-999.6,-99.8,-99.8,-99.8,-99.8,-99.8,-99.8,-99.8
2022-04-12 21:00:00,-99.8,-99.8,-99.8,-99.8,-99.8,-99.8,-99.8,-999.6,-99.8,-99.8,-99.8,-99.8,-99.8,-99.8,-99.8
2022-04-12 22:00:00,-99.8,-99.8,-99.8,-99.8,-99.8,-99.8,-99.8,-999.6,-99.8,-99.8,-99.8,-99.8,-99.8,-99.8,-99.8
2022-04-12 23:00:00,-99.8,-99.8,-99.8,-99.8,-99.8,-99.8,-99.8,-999.6,-99.8,-99.8,-99.8,-99.8,-99.8,-99.8,-99.8
2022-04-13 00:00:00,-99.8,-99.8,-99.8,-99.8,-99.8,-99.8,-99.8,-999.6,-99.8,-99.8,-99.8,-99.8,-99.8,-99.8,-99.8
2022-04-13 01:00:00,-99.8,-99.8,-99.8,-99.8,-99.8,-99.8,-99.8,-999.6,-99.8,-99.8,-99.8,-99.8,-99.8,-99.8,-99.8
2022-04-13 02:00:00,-99.8,-99.8,-99.8,-99.8,-99.8,-99.8,-99.8,-999.6,-99.8,-99.8,-99.8,-99.8,-99.8,-99.8,-99.8
2022-04-13 03:00:00,-99.8,-99.8,-99.8,-99.8,-99.8,-99.8,-99.8,-999.6,-99.8,-99.8,-99.8,-99.8,-99.8,-99.8,-99.8
2022-04-13 04:00:00,-99.8,-99.8,-99.8,-99.8,-99.8,-99.8,-99.8,-999.6,-99.8,-99.8,-99.8,-99.8,-99.8,-99.8,-99.8
2022-04-13 05:00:00,-99.8,-99.8,-99.8,-99.8,-99.8,-99.8,-99.8,-999.6,-99.8,-99.8,-99.8,-99.8,-99.8,-99.8,-99.8
2022-04-13 06:00:00,-99.8,-99.8,-99.8,-99.8,-99.8,-99.8,-99.8,-999.6,-99.8,-99.8,-99.8,-99.8,-99.8,-99.8,-99.8
2022-04-13 07:00:00,-99.8,-99.8,-99.8,-99.8,-99.8,-99.8,-99.8,-999.6,-99.8,-99.8,-99.8,-99.8,-99.8,-99.8,-99.8
2022-04-13 08:00:00,-99.8,-99.8,-99.8,-99.8,-99.8,-99.8,-99.8,-999.6,-99.8,-99.8,-99.8,-99.8,-99.8,-99.8,-99.8
2022-04-13 09:00:00,-99.8,-99.8,-99.8,-99.8,-99.8,-99.8,-99.8,-999.6,-99.8,-99.8,-99.8,-99.8,-99.8,-99.8,-99.8
2022-04-13 10:00:00,-99.8,-99.8,-99.8,-99.8,-99.8,-99.8,-99.8,-999.6,-99.8,-99.8,-99.8,-99.8,-99.8,-99.8,-99.8
2022-04-13 11:00:00,-99.8,-99.8,-99.8,-99.8,-99.8,-99.8,-99.8,-999.6,-99.8,-99.8,-99.8,-99.8,-99.8,-99.8,-99.8
2022-04-13 12:00:00,-99.8,-99.8,-99.8,-99.8,-99.8,-99.8,-99.8,-999.6,-99.8,-99.8,-99.8,-99.8,-99.8,-99.8,-99.8
2022-04-13 13:00:00,-99.8,-99.8,-99.8,-99.8,-99.8,-99.8,-99.8,-999.6,-99.8,-99.8,-99.8,-99.8,-99.8,-99.8,-99.8
2022-04-13 14:00:00,-99.8,-99.8,-99.8,-99.8,-99.8,-99.8,-99.8,-999.6,-99.8,-99.8,-99.8,-99.8,-99.8,-99.8,-99.8
2022-04-13 15:00:00,-99.8,-99.8,-99.8,-99.8,-99.8,-99.8,-99.8,-999.6,-99.8,-99.8,-99.8,-99.8,-99.8,-99.8,-99.8
2022-04-13 16:00:00,-99.8,-99.8,-99.8,-99.8,-99.8,-99.8,-99.8,-999.6,-99.8,-99.8,-99.8,-99.8,-99.8,-99.8,-99.8
2022-04-13 17:00:00,-99.8,-99.8,-99.8,-99.8,-99.8,-99.8,-99.8,-999.6,-99.8,-99.8,-99.8,-99.8,-99.8,-99.8,-99.8
2022-04-13 18:00:00,-99.8,-99.8,-99.8,-99.8,-99.8,-99.8,-99.8,-999.6,-99.8,-99.8,-99.8,-99.8,-99.8,-99.8,-99.8
2022-04-13 19:00:00,-99.8,-99.8,-99.8,-99.8,-99.8,-99.8,-99.8,-999.6,-99.8,-99.8,-99.8,-99.8,-99.8,-99.8,-99.8
2022-04-13 20:00:00,-99.8,-99.8,-99.8,-99.8,-99.8,-99.8,-99.8,-999.6,-99.8,-99.8,-99.8,-99.8,-99.8,-99.8,-99.8
2022-04-13 21:00:00,-99.8,-99.8,-99.8,-99.8,-99.8,-99.8,-99.8,-999.6,-99.8,-99.8,-99.8,-99.8,-99.8,-99.8,-99.8
2022-04-13 22:00:00,-99.8,-99.8,-99.8,-99.8,-99.8,-99.8,-99.8,-999.6,-99.8,-99.8,-99.8,-99.8,-99.8,-99.8,-99.8
2022-04-13 23:00:00,-99.8,-99.8,-99.8,-99.8,-99.8,-99.8,-99.8,-999.6,-99.8,-99.8,-99.8,-99.8,-99.8,-99.8,-99.8
2022-04-14 00:00:00,-99.8,-99.8,-99.8,-99.8,-99.8,-99.8,-99.8,-999.6,-99.8,-99.8,-99.8,-99.8,-99.8,-99.8,-99.8
2022-04-14 01:00:00,-99.8,-99.8,-99.8,-99.8,-99.8,-99.8,-99.8,-999.6,-99.8,-99.8,-99.8,-99.8,-99.8,-99.8,-99.8
2022-04-14 02:00:00,-99.8,-99.8,-99.8,-99.8,-99.8,-99.8,-99.8,-999.6,-99.8,-99.8,-99.8,-99.8,-99.8,-99.8,-99.8
2022-04-14 03:00:00,-99.8,-99.8,-99.8,-99.8,-99.8,-99.8,-99.8,-999.6,-99.8,-99.8,-99.8,-99.8,-99.8,-99.8,-99.8
2022-04-14 04:00:00,-99.8,-99.8,-99.8,-99.8,-99.8,-99.8,-99.8,-999.6,-99.8,-99.8,-99.8,-99.8,-99.8,-99.8,-99.8
2022-04-14 05:00:00,-99.8,-99.8,-99.8,-99.8,-99.8,-99.8,-99.8,-999.6,-99.8,-99.8,-99.8,-99.8,-99.8,-99.8,-99.8
2022-04-14 06:00:00,-99.8,-99.8,-99.8,-99.8,-99.8,-99.8,-99.8,-999.6,-99.8,-99.8,-99.8,-99.8,-99.8,-99.8,-99.8
2022-04-14 07:00:00,-99.8,-99.8,-99.8,-99.8,-99.8,-99.8,-99.8,-999.6,-99.8,-99.8,-99.8,-99.8,-99.8,-99.8,-99.8
2022-04-14 08:00:00,-99.8,-99.8,-99.8,-99.8,-99.8,-99.8,-99.8,-999.6,-99.8,-99.8,-99.8,-99.8,-99.8,-99.8,-99.8
2022-04-14 09:00:00,-99.8,-99.8,-99.8,-99.8,-99.8,-99.8,-99.8,-999.6,-99.8,-99.8,-99.8,-99.8,-99.8,-99.8,-99.8
2022-04-14 10:00:00,-99.8,-99.8,-99.8,-99.8,-99.8,-99.8,-99.8,-999.6,-99.8,-99.8,-99.8,-99.8,-99.8,-99.8,-99.8
2022-04-14 11:00:00,-99.8,-99.8,-99.8,-99.8,-99.8,-99.8,-99.8,-999.6,-99.8,-99.8,-99.8,-99.8,-99.8,-99.8,-99.8
2022-04-14 12:00:00,-99.8,-99.8,-99.8,-99.8,-99.8,-99.8,-99.8,-999.6,-99.8,-99.8,-99.8,-99.8,-99.8,-99.8,-99.8
2022-04-14 13:00:00,-99.8,-99.8,-99.8,-99.8,-99.8,-99.8,-99.8,-999.6,-99.8,-99.8,-99.8,-99.8,-99.8,-99.8,-99.8
2022-04-14 14:00:00,-99.8,-99.8,-99.8,-99.8,-99.8,-99.8,-99.8,-999.6,-99.8,-99.8,-99.8,-99.8,-99.8,-99.8,-99.8
2022-04-14 15:00:00,-99.8,-99.8,-99.8,-99.8,-99.8,-99.8,-99.8,-999.6,-99.8,-99.8,-99.8,-99.8,-99.8,-99.8,-99.8
2022-04-14 16:00:00,-99.8,-99.8,-99.8,-99.8,-99.8,-99.8,-99.8,-999.6,-99.8,-99.8,-99.8,-99.8,-99.8,-99.8,-99.8
2022-04-14 17:00:00,-99.8,-99.8,-99.8,-99.8,-99.8,-99.8,-99.8,-999.6,-99.8,-99.8,-99.8,-99.8,-99.8,-99.8,-99.8
2022-04-14 18:00:00,-99.8,-99.8,-99.8,-99.8,-99.8,-99.8,-99.8,-999.6,-99.8,-99.8,-99.8,-99.8,-99.8,-99.8,-99.8
2022-04-14 19:00:00,-99.8,-99.8,-99.8,-99.8,-99.8,-99.8,-99.8,-999.6,-99.8,-99.8,-99.8,-99.8,-99.8,-99.8,-99.8
2022-04-14 20:00:00,-99.8,-99.8,-99.8,-99.8,-99.8,-99.8,-99.8,-999.6,-99.8,-99.8,-99.8,-99.8,-99.8,-99.8,-99.8
2022-04-14 21:00:00,-99.8,-99.8,-99.8,-99.8,-99.8,-99.8,-99.8,-999.6,-99.8,-99.8,-99.8,-99.8,-99.8,-99.8,-99.8
2022-04-14 22:00:00,-99.8,-99.8,-99.8,-99.8,-99.8,-99.8,-99.8,-999.6,-99.8,-99.8,-99.8,-99.8,-99.8,-99.8,-99.8
2022-04-14 23:00:00,-99.8,-99.8,-99.8,-99.8,-99.8,-99.8,-99.8,-999.6,-99.8,-99.8,-99.8,-99.8,-99.8,-99.8,-99.8
2022-04-15 00:00:00,-99.8,-99.8,-99.8,-99.8,-99.8,-99.8,-99.8,-999.6,-99.8,-99.8,-99.8,-99.8,-99.8,-99.8,-99.8
2022-04-15 01:00:00,-9999.7,-99.7,-9997.0,-99.7,-999.7,-99.8,-99.8,-999.6,-99.8,-99.8,-99.8,-99.8,-99.8,-99.8,-99.8
2022-04-15 02:00:00,-9999.7,-99.7,-9997.0,-99.7,-999.7,-99.8,-99.8,-999.6,-99.8,-99.8,-99.8,-99.8,-99.8,-99.8,-99.8
2022-04-15 03:00:00,-9999.7,-99.7,-9997.0,-99.7,-999.7,-99.8,-99.8,-999.6,-99.8,-99.8,-99.8,-99.8,-99.8,-99.8,-99.8
2022-04-15 04:00:00,-9999.7,-99.7,-9997.0,-99.7,-999.7,-99.8,-99.8,-999.6,-99.8,-99.8,-99.8,-99.8,-99.8,-99.8,-99.8
2022-04-15 05:00:00,-9999.7,-99.7,-9997.0,-99.7,-999.7,-99.8,-99.8,-999.6,-99.8,-99.8,-99.8,-99.8,-99.8,-99.8,-99.8
2022-04-15 06:00:00,-9999.7,-99.7,-9997.0,-99.7,-999.7,-99.8,-99.8,-999.6,-99.8,-99.8,-99.8,-99.8,-99.8,-99.8,-99.8
2022-04-15 07:00:00,-9999.7,-99.7,-9997.0,-99.7,-999.7,-99.8,-99.8,-999.6,-99.8,-99.8,-99.8,-99.8,-99.8,-99.8,-99.8
2022-04-15 08:00:00,-9999.7,-99.7,-9997.0,-99.7,-999.7,-99.8,-99.8,-999.6,-99.8,-99.8,-99.8,-99.8,-99.8,-99.8,-99.8
2022-04-15 09:00:00,-9999.7,-99.7,-9997.0,-99.7,-999.7,-99.8,-99.8,-999.6,-99.8,-99.8,-99.8,-99.8,-99.8,-99.8,-99.8
2022-04-15 10:00:00,1015.9,18.7,79.0,5.4,36.0,-99.8,-99.8,0.0,-99.8,-99.8,-99.8,-99.8,-99.8,-99.8,-99.8
2022-04-15 11:00:00,1015.6,18.3,78.0,5.9,32.0,-99.8,-99.8,0.0,-99.8,-99.8,-99.8,-99.8,-99.8,-99.8,-99.8
2022-04-15 12:00:00,1015.6,18.1,77.0,5.7,36.0,-99.8,-99.8,0.0,-99.8,-99.8,-99.8,-99.8,-99.8,-99.8,-99.8
2022-04-15 13:00:00,1015.1,18.2,77.0,6.0,36.0,-99.8,-99.8,0.0,-99.8,-99.8,-99.8,-99.8,-99.8,-99.8,-99.8
2022-04-15 14:00:00,1014.6,17.7,77.0,6.3,34.0,-99.8,-99.8,0.0,-99.8,-99.8,-99.8,-99.8,-99.8,-99.8,-99.8
2022-04-15 15:00:00,1014.2,18.6,75.0,4.2,53.0,-99.8,-99.8,0.0,-99.8,-99.8,-99.8,-99.8,-99.8,-99.8,-99.8
2022-04-15 16:00:00,1014.0,18.1,75.0,4.1,39.0,-99.8,-99.8,0.0,-99.8,-99.8,-99.8,-99.8,-99.8,-99.8,-99.8
2022-04-15 17:00:00,1014.3,17.4,79.0,4.1,52.0,-99.8,-99.8,0.0,-99.8,-99.8,-99.8,-99.8,-99.8,-99.8,-99.8
2022-04-15 18:00:00,1015.1,17.3,79.0,3.7,44.0,-99.8,-99.8,0.0,-99.8,-99.8,-99.8,-99.8,-99.8,-99.8,-99.8
2022-04-15 19:00:00,1015.8,16.9,81.0,3.9,42.0,-99.8,-99.8,0.0,-99.8,-99.8,-99.8,-99.8,-99.8,-99.8,-99.8
2022-04-15 20:00:00,1016.8,16.7,80.0,5.7,37.0,-99.8,-99.8,0.0,-99.8,-99.8,-99.8,-99.8,-99.8,-99.8,-99.8
2022-04-15 21:00:00,1017.2,16.6,79.0,8.4,36.0,-99.8,-99.8,0.0,-99.8,-99.8,-99.8,-99.8,-99.8,-99.8,-99.8
2022-04-15 22:00:00,1017.2,16.5,73.0,7.2,38.0,-99.8,-99.8,0.0,-99.8,-99.8,-99.8,-99.8,-99.8,-99.8,-99.8
2022-04-15 23:00:00,1016.8,16.5,76.0,6.3,37.0,-99.8,-99.8,0.0,-99.8,-99.8,-99.8,-99.8,-99.8,-99.8,-99.8
2022-04-16 00:00:00,1017.0,16.5,75.0,7.0,35.0,-99.8,-99.8,0.0,-99.8,-99.8,-99.8,-99.8,-99.8,-99.8,-99.8
2022-04-16 01:00:00,1016.9,16.7,62.0,6.8,35.0,-99.8,-99.8,0.0,-99.8,-99.8,-99.8,-99.8,-99.8,-99.8,-99.8
2022-04-16 02:00:00,1016.4,16.9,54.0,9.3,34.0,-99.8,-99.8,0.0,-99.8,-99.8,-99.8,-99.8,-99.8,-99.8,-99.8
2022-04-16 03:00:00,1016.0,16.7,55.0,8.9,36.0,-99.8,-99.8,0.0,-99.8,-99.8,-99.8,-99.8,-99.8,-99.8,-99.8
2022-04-16 04:00:00,1015.8,16.6,57.0,9.3,32.0,-99.8,-99.8,0.0,-99.8,-99.8,-99.8,-99.8,-99.8,-99.8,-99.8
2022-04-16 05:00:00,1016.4,16.5,54.0,8.3,33.0,-99.8,-99.8,0.0,-99.8,-99.8,-99.8,-99.8,-99.8,-99.8,-99.8
2022-04-16 06:00:00,1016.5,16.3,49.0,9.6,33.0,-99.8,-99.8,0.0,-99.8,-99.8,-99.8,-99.8,-99.8,-99.8,-99.8
2022-04-16 07:00:00,1017.3,16.4,50.0,8.8,34.0,-99.8,-99.8,0.0,-99.8,-99.8,-99.8,-99.8,-99.8,-99.8,-99.8
2022-04-16 08:00:00,1017.6,16.2,56.0,8.6,33.0,-99.8,-99.8,0.0,-99.8,-99.8,-99.8,-99.8,-99.8,-99.8,-99.8
2022-04-16 09:00:00,1018.2,16.1,60.0,8.6,34.0,-99.8,-99.8,0.0,-99.8,-99.8,-99.8,-99.8,-99.8,-99.8,-99.8
2022-04-16 10:00:00,1017.7,16.0,62.0,9.6,33.0,-99.8,-99.8,0.0,-99.8,-99.8,-99.8,-99.8,-99.8,-99.8,-99.8
2022-04-16 11:00:00,1017.5,16.0,66.0,10.3,31.0,-99.8,-99.8,0.0,-99.8,-99.8,-99.8,-99.8,-99.8,-99.8,-99.8
2022-04-16 12:00:00,1017.3,16.0,68.0,10.6,28.0,-99.8,-99.8,0.0,-99.8,-99.8,-99.8,-99.8,-99.8,-99.8,-99.8
2022-04-16 13:00:00,1016.4,15.9,68.0,10.0,30.0,-99.8,-99.8,0.0,-99.8,-99.8,-99.8,-99.8,-99.8,-99.8,-99.8
2022-04-16 14:00:00,1016.3,15.7,65.0,9.8,30.0,-99.8,-99.8,0.0,-99.8,-99.8,-99.8,-99.8,-99.8,-99.8,-99.8
2022-04-16 15:00:00,1016.2,15.6,66.0,9.6,30.0,-99.8,-99.8,0.0,-99.8,-99.8,-99.8,-99.8,-99.8,-99.8,-99.8
2022-04-16 16:00:00,1016.2,15.4,68.0,10.1,28.0,-99.8,-99.8,0.0,-99.8,-99.8,-99.8,-99.8,-99.8,-99.8,-99.8
2022-04-16 17:00:00,1016.2,15.3,46.0,12.1,27.0,-99.8,-99.8,0.0,-99.8,-99.8,-99.8,-99.8,-99.8,-99.8,-99.8
2022-04-16 18:00:00,1017.8,12.2,61.0,12.6,26.0,-99.8,-99.8,0.0,-99.8,-99.8,-99.8,-99.8,-99.8,-99.8,-99.8
2022-04-16 19:00:00,1018.6,13.7,59.0,9.3,30.0,-99.8,-99.8,0.0,-99.8,-99.8,-99.8,-99.8,-99.8,-99.8,-99.8
2022-04-16 20:00:00,1018.9,13.9,73.0,7.1,31.0,-99.8,-99.8,0.0,-99.8,-99.8,-99.8,-99.8,-99.8,-99.8,-99.8
2022-04-16 21:00:00,1018.8,13.8,76.0,6.3,35.0,-99.8,-99.8,0.0,-99.8,-99.8,-99.8,-99.8,-99.8,-99.8,-99.8
2022-04-16 22:00:00,1019.4,14.1,60.0,4.1,39.0,-99.8,-99.8,0.0,-99.8,-99.8,-99.8,-99.8,-99.8,-99.8,-99.8
2022-04-16 23:00:00,1019.3,14.4,70.0,6.7,32.0,-99.8,-99.8,0.0,-99.8,-99.8,-99.8,-99.8,-99.8,-99.8,-99.8
2022-04-17 00:00:00,1018.5,14.6,71.0,6.9,29.0,-99.8,-99.8,0.0,-99.8,-99.8,-99.8,-99.8,-99.8,-99.8,-99.8
2022-04-17 01:00:00,1017.9,14.9,71.0,6.8,28.0,-99.8,-99.8,0.0,-99.8,-99.8,-99.8,-99.8,-99.8,-99.8,-99.8
2022-04-17 02:00:00,1017.1,14.9,71.0,7.1,27.0,-99.8,-99.8,0.0,-99.8,-99.8,-99.8,-99.8,-99.8,-99.8,-99.8
2022-04-17 03:00:00,1016.7,15.1,68.0,6.2,31.0,-99.8,-99.8,0.0,-99.8,-99.8,-99.8,-99.8,-99.8,-99.8,-99.8
2022-04-17 04:00:00,1017.1,14.8,82.0,7.0,7.0,-99.8,-99.8,0.0,-99.8,-99.8,-99.8,-99.8,-99.8,-99.8,-99.8
2022-04-17 05:00:00,1017.3,14.4,82.0,6.6,8.0,-99.8,-99.8,0.0,-99.8,-99.8,-99.8,-99.8,-99.8,-99.8,-99.8
2022-04-17 06:00:00,1017.7,14.7,81.0,5.6,16.0,-99.8,-99.8,0.0,-99.8,-99.8,-99.8,-99.8,-99.8,-99.8,-99.8
2022-04-17 07:00:00,1018.2,14.9,78.0,6.0,20.0,-99.8,-99.8,0.0,-99.8,-99.8,-99.8,-99.8,-99.8,-99.8,-99.8
2022-04-17 08:00:00,1018.7,15.4,68.0,6.6,25.0,-99.8,-99.8,0.0,-99.8,-99.8,-99.8,-99.8,-99.8,-99.8,-99.8
2022-04-17 09:00:00,1019.6,15.9,62.0,7.5,28.0,-99.8,-99.8,0.0,-99.8,-99.8,-99.8,-99.8,-99.8,-99.8,-99.8
2022-04-17 10:00:00,1019.7,16.5,63.0,7.2,30.0,-99.8,-99.8,0.0,-99.8,-99.8,-99.8,-99.8,-99.8,-99.8,-99.8
2022-04-17 11:00:00,1019.7,16.1,64.0,7.2,32.0,-99.8,-99.8,0.0,-99.8,-99.8,-99.8,-99.8,-99.8,-99.8,-99.8
2022-04-17 12:00:00,1019.2,16.2,62.0,7.7,28.0,-99.8,-99.8,0.0,-99.8,-99.8,-99.8,-99.8,-99.8,-99.8,-99.8
2022-04-17 13:00:00,1018.6,16.3,64.0,7.8,24.0,-99.8,-99.8,0.0,-99.8,-99.8,-99.8,-99.8,-99.8,-99.8,-99.8
2022-04-17 14:00:00,1017.9,16.1,64.0,7.8,28.0,-99.8,-99.8,0.0,-99.8,-99.8,-99.8,-99.8,-99.8,-99.8,-99.8
2022-04-17 15:00:00,1017.0,16.2,65.0,6.9,30.0,-99.8,-99.8,0.0,-99.8,-99.8,-99.8,-99.8,-99.8,-99.8,-99.8
2022-04-17 16:00:00,1017.0,15.9,64.0,7.2,27.0,-99.8,-99.8,0.0,-99.8,-99.8,-99.8,-99.8,-99.8,-99.8,-99.8
2022-04-17 17:00:00,1016.9,15.8,69.0,6.4,31.0,-99.8,-99.8,0.0,-99.8,-99.8,-99.8,-99.8,-99.8,-99.8,-99.8
2022-04-17 18:00:00,1017.2,15.7,72.0,5.7,34.0,-99.8,-99.8,0.0,-99.8,-99.8,-99.8,-99.8,-99.8,-99.8,-99.8
2022-04-17 19:00:00,1017.6,15.7,75.0,5.7,32.0,-99.8,-99.8,0.0,-99.8,-99.8,-99.8,-99.8,-99.8,-99.8,-99.8
2022-04-17 20:00:00,1017.8,15.8,78.0,5.7,31.0,-99.8,-99.8,0.0,-99.8,-99.8,-99.8,-99.8,-99.8,-99.8,-99.8
2022-04-17 21:00:00,1018.4,15.9,73.0,5.7,30.0,-99.8,-99.8,0.0,-99.8,-99.8,-99.8,-99.8,-99.8,-99.8,-99.8
2022-04-17 22:00:00,1018.7,16.1,74.0,4.7,32.0,-99.8,-99.8,0.0,-99.8,-99.8,-99.8,-99.8,-99.8,-99.8,-99.8
2022-04-17 23:00:00,1018.2,15.9,73.0,4.1,34.0,-99.8,-99.8,0.0,-99.8,-99.8,-99.8,-99.8,-99.8,-99.8,-99.8
2022-04-18 00:00:00,1017.7,16.0,77.0,5.8,26.0,-99.8,-99.8,0.0,-99.8,-99.8,-99.8,-99.8,-99.8,-99.8,-99.8
2022-04-18 01:00:00,1017.3,15.8,80.0,7.3,16.0,-99.8,-99.8,0.0,-99.8,-99.8,-99.8,-99.8,-99.8,-99.8,-99.8
2022-04-18 02:00:00,1016.6,15.7,80.0,7.1,23.0,-99.8,-99.8,0.0,-99.8,-99.8,-99.8,-99.8,-99.8,-99.8,-99.8
2022-04-18 03:00:00,1016.4,15.7,78.0,6.6,18.0,-99.8,-99.8,0.0,-99.8,-99.8,-99.8,-99.8,-99.8,-99.8,-99.8
2022-04-18 04:00:00,1016.0,15.7,66.0,5.3,25.0,-99.8,-99.8,0.0,-99.8,-99.8,-99.8,-99.8,-99.8,-99.8,-99.8
2022-04-18 05:00:00,1016.4,15.8,65.0,5.7,18.0,-99.8,-99.8,0.0,-99.8,-99.8,-99.8,-99.8,-99.8,-99.8,-99.8
2022-04-18 06:00:00,1016.7,15.5,73.0,5.8,17.0,-99.8,-99.8,0.0,-99.8,-99.8,-99.8,-99.8,-99.8,-99.8,-99.8
2022-04-18 07:00:00,1017.5,15.6,69.0,7.4,11.0,-99.8,-99.8,0.0,-99.8,-99.8,-99.8,-99.8,-99.8,-99.8,-99.8
2022-04-18 08:00:00,1018.3,14.7,64.0,5.2,20.0,-99.8,-99.8,0.0,-99.8,-99.8,-99.8,-99.8,-99.8,-99.8,-99.8
2022-04-18 09:00:00,1018.6,15.7,61.0,4.5,24.0,-99.8,-99.8,0.0,-99.8,-99.8,-99.8,-99.8,-99.8,-99.8,-99.8
2022-04-18 10:00:00,1018.8,16.1,61.0,4.8,19.0,-99.8,-99.8,0.0,-99.8,-99.8,-99.8,-99.8,-99.8,-99.8,-99.8
2022-04-18 11:00:00,1018.4,16.5,64.0,3.6,25.0,-99.8,-99.8,0.0,-99.8,-99.8,-99.8,-99.8,-99.8,-99.8,-99.8
2022-04-18 12:00:00,1018.4,16.2,67.0,4.1,18.0,-99.8,-99.8,0.0,-99.8,-99.8,-99.8,-99.8,-99.8,-99.8,-99.8
2022-04-18 13:00:00,1017.2,16.8,66.0,3.3,24.0,-99.8,-99.8,0.0,-99.8,-99.8,-99.8,-99.8,-99.8,-99.8,-99.8
2022-04-18 14:00:00,1016.7,17.3,69.0,3.7,23.0,-99.8,-99.8,0.0,-99.8,-99.8,-99.8,-99.8,-99.8,-99.8,-99.8
2022-04-18 15:00:00,1016.5,17.0,70.0,4.3,26.0,-99.8,-99.8,0.0,-99.8,-99.8,-99.8,-99.8,-99.8,-99.8,-99.8
2022-04-18 16:00:00,1016.1,16.9,70.0,2.8,33.0,-99.8,-99.8,0.0,-99.8,-99.8,-99.8,-99.8,-99.8,-99.8,-99.8
2022-04-18 17:00:00,1016.7,16.8,69.0,3.7,33.0,-99.8,-99.8,0.0,-99.8,-99.8,-99.8,-99.8,-99.8,-99.8,-99.8
2022-04-18 18:00:00,1017.0,16.6,69.0,3.6,36.0,-99.8,-99.8,0.0,-99.8,-99.8,-99.8,-99.8,-99.8,-99.8,-99.8
2022-04-18 19:00:00,1017.6,16.5,67.0,2.1,44.0,-99.8,-99.8,0.0,-99.8,-99.8,-99.8,-99.8,-99.8,-99.8,-99.8
2022-04-18 20:00:00,1018.5,16.5,69.0,2.2,32.0,-99.8,-99.8,0.0,-99.8,-99.8,-99.8,-99.8,-99.8,-99.8,-99.8
2022-04-18 21:00:00,1018.8,16.5,72.0,2.4,34.0,-99.8,-99.8,0.0,-99.8,-99.8,-99.8,-99.8,-99.8,-99.8,-99.8
2022-04-18 22:00:00,1018.9,16.5,74.0,2.9,37.0,-99.8,-99.8,0.0,-99.8,-99.8,-99.8,-99.8,-99.8,-99.8,-99.8
2022-04-18 23:00:00,1019.2,16.7,76.0,4.2,25.0,-99.8,-99.8,0.0,-99.8,-99.8,-99.8,-99.8,-99.8,-99.8,-99.8
2022-04-19 00:00:00,1019.0,16.2,82.0,5.2,16.0,-99.8,-99.8,0.0,-99.8,-99.8,-99.8,-99.8,-99.8,-99.8,-99.8
2022-04-19 01:00:00,1018.9,16.4,79.0,5.4,14.0,-99.8,-99.8,0.0,-99.8,-99.8,-99.8,-99.8,-99.8,-99.8,-99.8
2022-04-19 02:00:00,1017.9,16.3,80.0,4.7,16.0,-99.8,-99.8,0.0,-99.8,-99.8,-99.8,-99.8,-99.8,-99.8,-99.8
2022-04-19 03:00:00,1017.2,16.2,82.0,4.5,15.0,-99.8,-99.8,0.0,-99.8,-99.8,-99.8,-99.8,-99.8,-99.8,-99.8
2022-04-19 04:00:00,1017.2,16.3,77.0,5.4,23.0,-99.8,-99.8,0.0,-99.8,-99.8,-99.8,-99.8,-99.8,-99.8,-99.8
2022-04-19 05:00:00,1017.6,16.3,73.0,5.9,23.0,-99.8,-99.8,0.0,-99.8,-99.8,-99.8,-99.8,-99.8,-99.8,-99.8
2022-04-19 06:00:00,1018.3,16.3,75.0,4.9,21.0,-99.8,-99.8,0.0,-99.8,-99.8,-99.8,-99.8,-99.8,-99.8,-99.8
2022-04-19 07:00:00,1018.1,16.2,74.0,5.0,32.0,-99.8,-99.8,0.0,-99.8,-99.8,-99.8,-99.8,-99.8,-99.8,-99.8
2022-04-19 08:00:00,1019.4,16.3,79.0,5.0,21.0,-99.8,-99.8,0.0,-99.8,-99.8,-99.8,-99.8,-99.8,-99.8,-99.8
2022-04-19 09:00:00,1019.3,16.2,75.0,3.0,35.0,-99.8,-99.8,0.0,-99.8,-99.8,-99.8,-99.8,-99.8,-99.8,-99.8
2022-04-19 10:00:00,1019.9,16.7,73.0,4.3,24.0,-99.8,-99.8,0.0,-99.8,-99.8,-99.8,-99.8,-99.8,-99.8,-99.8
2022-04-19 11:00:00,1019.6,17.1,73.0,4.8,24.0,-99.8,-99.8,0.0,-99.8,-99.8,-99.8,-99.8,-99.8,-99.8,-99.8
2022-04-19 12:00:00,1019.5,16.8,77.0,3.6,21.0,-99.8,-99.8,0.0,-99.8,-99.8,-99.8,-99.8,-99.8,-99.8,-99.8
2022-04-19 13:00:00,1018.8,16.8,74.0,3.7,26.0,-99.8,-99.8,0.0,-99.8,-99.8,-99.8,-99.8,-99.8,-99.8,-99.8
2022-04-19 14:00:00,1018.3,17.0,73.0,2.7,31.0,-99.8,-99.8,0.0,-99.8,-99.8,-99.8,-99.8,-99.8,-99.8,-99.8
2022-04-19 15:00:00,1017.7,17.5,67.0,2.4,26.0,-99.8,-99.8,0.0,-99.8,-99.8,-99.8,-99.8,-99.8,-99.8,-99.8
2022-04-19 16:00:00,1017.4,17.8,68.0,1.3,55.0,-99.8,-99.8,0.0,-99.8,-99.8,-99.8,-99.8,-99.8,-99.8,-99.8
2022-04-19 17:00:00,1017.4,17.4,72.0,1.1,89.0,-99.8,-99.8,0.0,-99.8,-99.8,-99.8,-99.8,-99.8,-99.8,-99.8
2022-04-19 18:00:00,1017.3,17.2,73.0,0.7,91.0,-99.8,-99.8,0.0,-99.8,-99.8,-99.8,-99.8,-99.8,-99.8,-99.8
2022-04-19 19:00:00,1018.0,16.6,80.0,0.8,51.0,-99.8,-99.8,0.0,-99.8,-99.8,-99.8,-99.8,-99.8,-99.8,-99.8
2022-04-19 20:00:00,1018.4,16.8,82.0,1.6,22.0,-99.8,-99.8,0.0,-99.8,-99.8,-99.8,-99.8,-99.8,-99.8,-99.8
2022-04-19 21:00:00,1019.2,16.9,81.0,1.9,356.0,-99.8,-99.8,0.0,-99.8,-99.8,-99.8,-99.8,-99.8,-99.8,-99.8
2022-04-19 22:00:00,1019.2,16.9,80.0,2.3,4.0,-99.8,-99.8,0.0,-99.8,-99.8,-99.8,-99.8,-99.8,-99.8,-99.8
2022-04-19 23:00:00,1018.4,16.7,80.0,2.4,14.0,-99.8,-99.8,0.0,-99.8,-99.8,-99.8,-99.8,-99.8,-99.8,-99.8
2022-04-20 00:00:00,1018.1,16.9,79.0,3.4,6.0,-99.8,-99.8,0.0,-99.8,-99.8,-99.8,-99.8,-99.8,-99.8,-99.8
2022-04-20 01:00:00,1018.1,17.0,78.0,3.3,348.0,-99.8,-99.8,0.0,-99.8,-99.8,-99.8,-99.8,-99.8,-99.8,-99.8
2022-04-20 02:00:00,1017.3,17.0,76.0,3.8,356.0,-99.8,-99.8,0.0,-99.8,-99.8,-99.8,-99.8,-99.8,-99.8,-99.8
2022-04-20 03:00:00,1016.7,16.9,72.0,4.7,4.0,-99.8,-99.8,0.0,-99.8,-99.8,-99.8,-99.8,-99.8,-99.8,-99.8
2022-04-20 04:00:00,1016.1,16.7,72.0,4.9,6.0,-99.8,-99.8,0.0,-99.8,-99.8,-99.8,-99.8,-99.8,-99.8,-99.8
2022-04-20 05:00:00,1016.2,16.8,75.0,6.2,11.0,-99.8,-99.8,0.0,-99.8,-99.8,-99.8,-99.8,-99.8,-99.8,-99.8
2022-04-20 06:00:00,1016.6,16.8,68.0,5.1,360.0,-99.8,-99.8,0.0,-99.8,-99.8,-99.8,-99.8,-99.8,-99.8,-99.8
2022-04-20 07:00:00,1016.5,16.6,72.0,5.4,15.0,-99.8,-99.8,0.0,-99.8,-99.8,-99.8,-99.8,-99.8,-99.8,-99.8
2022-04-20 08:00:00,1017.1,17.1,67.0,4.8,16.0,-99.8,-99.8,0.0,-99.8,-99.8,-99.8,-99.8,-99.8,-99.8,-99.8
2022-04-20 09:00:00,1017.3,17.8,68.0,4.7,14.0,-99.8,-99.8,0.0,-99.8,-99.8,-99.8,-99.8,-99.8,-99.8,-99.8
2022-04-20 10:00:00,1017.0,17.9,64.0,5.2,22.0,-99.8,-99.8,0.0,-99.8,-99.8,-99.8,-99.8,-99.8,-99.8,-99.8
2022-04-20 11:00:00,1017.0,17.8,73.0,5.1,19.0,-99.8,-99.8,0.0,-99.8,-99.8,-99.8,-99.8,-99.8,-99.8,-99.8
2022-04-20 12:00:00,1016.7,17.0,71.0,5.1,20.0,-99.8,-99.8,0.0,-99.8,-99.8,-99.8,-99.8,-99.8,-99.8,-99.8
2022-04-20 13:00:00,1016.2,16.7,72.0,6.1,11.0,-99.8,-99.8,0.0,-99.8,-99.8,-99.8,-99.8,-99.8,-99.8,-99.8
2022-04-20 14:00:00,1015.2,16.8,67.0,6.4,20.0,-99.8,-99.8,0.0,-99.8,-99.8,-99.8,-99.8,-99.8,-99.8,-99.8
2022-04-20 15:00:00,1014.7,16.1,70.0,6.8,16.0,-99.8,-99.8,0.0,-99.8,-99.8,-99.8,-99.8,-99.8,-99.8,-99.8
2022-04-20 16:00:00,1014.6,16.4,70.0,5.8,10.0,-99.8,-99.8,0.0,-99.8,-99.8,-99.8,-99.8,-99.8,-99.8,-99.8
2022-04-20 17:00:00,1014.6,16.1,77.0,6.8,3.0,-99.8,-99.8,0.0,-99.8,-99.8,-99.8,-99.8,-99.8,-99.8,-99.8
2022-04-20 18:00:00,1014.8,16.4,71.0,6.9,13.0,-99.8,-99.8,0.0,-99.8,-99.8,-99.8,-99.8,-99.8,-99.8,-99.8
2022-04-20 19:00:00,1014.7,15.1,85.0,7.7,9.0,-99.8,-99.8,0.0,-99.8,-99.8,-99.8,-99.8,-99.8,-99.8,-99.8
2022-04-20 20:00:00,1014.9,15.0,87.0,6.5,9.0,-99.8,-99.8,0.0,-99.8,-99.8,-99.8,-99.8,-99.8,-99.8,-99.8
2022-04-20 21:00:00,1015.2,14.7,89.0,6.4,15.0,-99.8,-99.8,0.0,-99.8,-99.8,-99.8,-99.8,-99.8,-99.8,-99.8
2022-04-20 22:00:00,1015.9,14.7,90.0,5.1,10.0,-99.8,-99.8,0.0,-99.8,-99.8,-99.8,-99.8,-99.8,-99.8,-99.8
2022-04-20 23:00:00,1015.2,14.1,89.0,4.3,4.0,-99.8,-99.8,0.0,-99.8,-99.8,-99.8,-99.8,-99.8,-99.8,-99.8
2022-04-21 00:00:00,1014.4,14.5,90.0,3.0,357.0,-99.8,-99.8,0.0,-99.8,-99.8,-99.8,-99.8,-99.8,-99.8,-99.8
2022-04-21 01:00:00,1014.0,14.4,90.0,1.8,337.0,-99.8,-99.8,0.0,-99.8,-99.8,-99.8,-99.8,-99.8,-99.8,-99.8
2022-04-21 02:00:00,1013.2,14.7,90.0,0.7,278.0,-99.8,-99.8,0.0,-99.8,-99.8,-99.8,-99.8,-99.8,-99.8,-99.8
2022-04-21 03:00:00,1013.1,15.0,89.0,2.6,344.0,-99.8,-99.8,0.0,-99.8,-99.8,-99.8,-99.8,-99.8,-99.8,-99.8
2022-04-21 04:00:00,1013.1,15.1,90.0,1.3,307.0,-99.8,-99.8,0.0,-99.8,-99.8,-99.8,-99.8,-99.8,-99.8,-99.8
2022-04-21 05:00:00,1012.9,14.9,93.0,1.5,167.0,-99.8,-99.8,0.0,-99.8,-99.8,-99.8,-99.8,-99.8,-99.8,-99.8
2022-04-21 06:00:00,1013.1,14.8,94.0,0.7,244.0,-99.8,-99.8,0.0,-99.8,-99.8,-99.8,-99.8,-99.8,-99.8,-99.8
2022-04-21 07:00:00,1013.6,15.2,94.0,1.3,16.0,-99.8,-99.8,0.0,-99.8,-99.8,-99.8,-99.8,-99.8,-99.8,-99.8
2022-04-21 08:00:00,1014.7,15.7,91.0,0.8,182.0,-99.8,-99.8,0.0,-99.8,-99.8,-99.8,-99.8,-99.8,-99.8,-99.8
2022-04-21 09:00:00,1015.0,16.2,88.0,1.1,152.0,-99.8,-99.8,0.0,-99.8,-99.8,-99.8,-99.8,-99.8,-99.8,-99.8
2022-04-21 10:00:00,1014.9,16.7,85.0,1.3,171.0,-99.8,-99.8,0.0,-99.8,-99.8,-99.8,-99.8,-99.8,-99.8,-99.8
2022-04-21 11:00:00,1014.8,18.3,80.0,1.4,155.0,-99.8,-99.8,0.0,-99.8,-99.8,-99.8,-99.8,-99.8,-99.8,-99.8
2022-04-21 12:00:00,1014.0,17.9,81.0,2.3,159.0,-99.8,-99.8,0.0,-99.8,-99.8,-99.8,-99.8,-99.8,-99.8,-99.8
2022-04-21 13:00:00,1013.2,18.7,81.0,3.2,163.0,-99.8,-99.8,0.0,-99.8,-99.8,-99.8,-99.8,-99.8,-99.8,-99.8
2022-04-21 14:00:00,1012.2,19.0,79.0,2.6,173.0,-99.8,-99.8,0.0,-99.8,-99.8,-99.8,-99.8,-99.8,-99.8,-99.8
2022-04-21 15:00:00,1011.4,18.5,82.0,4.4,166.0,-99.8,-99.8,0.0,-99.8,-99.8,-99.8,-99.8,-99.8,-99.8,-99.8
2022-04-21 16:00:00,1010.9,19.0,81.0,3.2,169.0,-99.8,-99.8,0.0,-99.8,-99.8,-99.8,-99.8,-99.8,-99.8,-99.8
2022-04-21 17:00:00,1010.7,18.7,85.0,3.1,185.0,-99.8,-99.8,0.0,-99.8,-99.8,-99.8,-99.8,-99.8,-99.8,-99.8
2022-04-21 18:00:00,1010.8,19.0,88.0,4.3,190.0,-99.8,-99.8,0.0,-99.8,-99.8,-99.8,-99.8,-99.8,-99.8,-99.8
2022-04-21 19:00:00,1011.3,18.8,92.0,3.2,183.0,-99.8,-99.8,0.0,-99.8,-99.8,-99.8,-99.8,-99.8,-99.8,-99.8
2022-04-21 20:00:00,1011.9,18.5,93.0,2.5,189.0,-99.8,-99.8,0.0,-99.8,-99.8,-99.8,-99.8,-99.8,-99.8,-99.8
2022-04-21 21:00:00,1012.4,18.6,93.0,2.1,190.0,-99.8,-99.8,0.0,-99.8,-99.8,-99.8,-99.8,-99.8,-99.8,-99.8
2022-04-21 22:00:00,1012.9,18.7,94.0,3.5,181.0,-99.8,-99.8,0.0,-99.8,-99.8,-99.8,-99.8,-99.8,-99.8,-99.8
2022-04-21 23:00:00,1012.8,18.7,95.0,2.7,182.0,-99.8,-99.8,0.0,-99.8,-99.8,-99.8,-99.8,-99.8,-99.8,-99.8
2022-04-22 00:00:00,1012.4,18.9,95.0,3.2,175.0,-99.8,-99.8,0.0,-99.8,-99.8,-99.8,-99.8,-99.8,-99.8,-99.8
2022-04-22 01:00:00,1012.3,19.3,95.0,1.4,188.0,-99.8,-99.8,0.0,-99.8,-99.8,-99.8,-99.8,-99.8,-99.8,-99.8
2022-04-22 02:00:00,1012.1,18.9,95.0,1.1,175.0,-99.8,-99.8,0.0,-99.8,-99.8,-99.8,-99.8,-99.8,-99.8,-99.8
2022-04-22 03:00:00,1011.7,17.8,96.0,0.9,5.0,-99.8,-99.8,0.0,-99.8,-99.8,-99.8,-99.8,-99.8,-99.8,-99.8
2022-04-22 04:00:00,1011.9,17.8,96.0,1.1,4.0,-99.8,-99.8,0.0,-99.8,-99.8,-99.8,-99.8,-99.8,-99.8,-99.8
2022-04-22 05:00:00,1012.4,17.8,97.0,0.8,16.0,-99.8,-99.8,0.0,-99.8,-99.8,-99.8,-99.8,-99.8,-99.8,-99.8
2022-04-22 06:00:00,1012.8,17.8,97.0,1.2,15.0,-99.8,-99.8,0.0,-99.8,-99.8,-99.8,-99.8,-99.8,-99.8,-99.8
2022-04-22 07:00:00,1013.2,17.8,97.0,1.2,19.0,-99.8,-99.8,0.0,-99.8,-99.8,-99.8,-99.8,-99.8,-99.8,-99.8
2022-04-22 08:00:00,1013.5,18.1,98.0,1.4,25.0,-99.8,-99.8,0.0,-99.8,-99.8,-99.8,-99.8,-99.8,-99.8,-99.8
2022-04-22 09:00:00,1013.4,21.2,90.0,2.6,183.0,-99.8,-99.8,0.0,-99.8,-99.8,-99.8,-99.8,-99.8,-99.8,-99.8
2022-04-22 10:00:00,1013.6,20.7,87.0,3.0,158.0,-99.8,-99.8,0.0,-99.8,-99.8,-99.8,-99.8,-99.8,-99.8,-99.8
2022-04-22 11:00:00,1013.0,21.5,82.0,1.2,123.0,-99.8,-99.8,0.0,-99.8,-99.8,-99.8,-99.8,-99.8,-99.8,-99.8
2022-04-22 12:00:00,1012.3,20.7,88.0,3.0,162.0,-99.8,-99.8,0.0,-99.8,-99.8,-99.8,-99.8,-99.8,-99.8,-99.8
2022-04-22 13:00:00,1011.0,20.8,89.0,3.8,167.0,-99.8,-99.8,0.0,-99.8,-99.8,-99.8,-99.8,-99.8,-99.8,-99.8
2022-04-22 14:00:00,1010.1,22.2,84.0,1.5,111.0,-99.8,-99.8,0.0,-99.8,-99.8,-99.8,-99.8,-99.8,-99.8,-99.8
2022-04-22 15:00:00,1009.5,22.2,87.0,3.6,174.0,-99.8,-99.8,0.0,-99.8,-99.8,-99.8,-99.8,-99.8,-99.8,-99.8
2022-04-22 16:00:00,1009.3,22.2,86.0,1.6,137.0,-99.8,-99.8,0.0,-99.8,-99.8,-99.8,-99.8,-99.8,-99.8,-99.8
2022-04-22 17:00:00,1009.3,21.2,91.0,3.7,172.0,-99.8,-99.8,0.0,-99.8,-99.8,-99.8,-99.8,-99.8,-99.8,-99.8
2022-04-22 18:00:00,1009.6,21.0,91.0,2.6,174.0,-99.8,-99.8,0.0,-99.8,-99.8,-99.8,-99.8,-99.8,-99.8,-99.8
2022-04-22 19:00:00,1010.0,20.7,93.0,2.7,173.0,-99.8,-99.8,0.0,-99.8,-99.8,-99.8,-99.8,-99.8,-99.8,-99.8
2022-04-22 20:00:00,1010.4,21.0,93.0,1.9,183.0,-99.8,-99.8,0.0,-99.8,-99.8,-99.8,-99.8,-99.8,-99.8,-99.8
2022-04-22 21:00:00,1011.0,20.5,95.0,2.7,170.0,-99.8,-99.8,0.0,-99.8,-99.8,-99.8,-99.8,-99.8,-99.8,-99.8
2022-04-22 22:00:00,1011.8,21.2,95.0,1.7,187.0,-99.8,-99.8,0.0,-99.8,-99.8,-99.8,-99.8,-99.8,-99.8,-99.8
2022-04-22 23:00:00,1011.3,20.5,95.0,1.2,165.0,-99.8,-99.8,0.0,-99.8,-99.8,-99.8,-99.8,-99.8,-99.8,-99.8
2022-04-23 00:00:00,1011.1,19.2,97.0,1.0,358.0,-99.8,-99.8,0.0,-99.8,-99.8,-99.8,-99.8,-99.8,-99.8,-99.8
2022-04-23 01:00:00,1010.9,18.9,97.0,1.2,354.0,-99.8,-99.8,0.0,-99.8,-99.8,-99.8,-99.8,-99.8,-99.8,-99.8
2022-04-23 02:00:00,1010.9,18.6,98.0,2.3,351.0,-99.8,-99.8,0.0,-99.8,-99.8,-99.8,-99.8,-99.8,-99.8,-99.8
2022-04-23 03:00:00,1010.1,18.8,98.0,1.5,345.0,-99.8,-99.8,0.0,-99.8,-99.8,-99.8,-99.8,-99.8,-99.8,-99.8
2022-04-23 04:00:00,1010.0,18.6,98.0,2.0,357.0,-99.8,-99.8,0.0,-99.8,-99.8,-99.8,-99.8,-99.8,-99.8,-99.8
2022-04-23 05:00:00,1009.9,18.8,98.0,0.7,89.0,-99.8,-99.8,0.5,-99.8,-99.8,-99.8,-99.8,-99.8,-99.8,-99.8
2022-04-23 06:00:00,1009.9,18.8,98.0,1.4,13.0,-99.8,-99.8,0.0,-99.8,-99.8,-99.8,-99.8,-99.8,-99.8,-99.8
2022-04-23 07:00:00,1010.6,19.0,98.0,0.6,349.0,-99.8,-99.8,0.0,-99.8,-99.8,-99.8,-99.8,-99.8,-99.8,-99.8
2022-04-23 08:00:00,1010.8,20.2,98.0,0.6,41.0,-99.8,-99.8,0.0,-99.8,-99.8,-99.8,-99.8,-99.8,-99.8,-99.8
2022-04-23 09:00:00,1011.3,19.7,98.0,1.8,173.0,-99.8,-99.8,0.0,-99.8,-99.8,-99.8,-99.8,-99.8,-99.8,-99.8
2022-04-23 10:00:00,1011.6,19.8,97.0,1.8,201.0,-99.8,-99.8,0.0,-99.8,-99.8,-99.8,-99.8,-99.8,-99.8,-99.8
2022-04-23 11:00:00,1010.2,22.2,93.0,1.9,243.0,-99.8,-99.8,0.5,-99.8,-99.8,-99.8,-99.8,-99.8,-99.8,-99.8
2022-04-23 12:00:00,1009.8,22.6,90.0,4.3,181.0,-99.8,-99.8,0.0,-99.8,-99.8,-99.8,-99.8,-99.8,-99.8,-99.8
2022-04-23 13:00:00,1008.8,21.9,90.0,3.7,187.0,-99.8,-99.8,0.0,-99.8,-99.8,-99.8,-99.8,-99.8,-99.8,-99.8
2022-04-23 14:00:00,1007.8,24.2,83.0,4.9,178.0,-99.8,-99.8,0.0,-99.8,-99.8,-99.8,-99.8,-99.8,-99.8,-99.8
2022-04-23 15:00:00,1007.3,25.2,78.0,4.5,187.0,-99.8,-99.8,0.0,-99.8,-99.8,-99.8,-99.8,-99.8,-99.8,-99.8
2022-04-23 16:00:00,1006.7,24.7,76.0,3.1,183.0,-99.8,-99.8,0.0,-99.8,-99.8,-99.8,-99.8,-99.8,-99.8,-99.8
2022-04-23 17:00:00,1006.6,25.0,74.0,4.8,193.0,-99.8,-99.8,0.0,-99.8,-99.8,-99.8,-99.8,-99.8,-99.8,-99.8
2022-04-23 18:00:00,1007.3,24.5,75.0,3.8,195.0,-99.8,-99.8,0.0,-99.8,-99.8,-99.8,-99.8,-99.8,-99.8,-99.8
2022-04-23 19:00:00,1007.9,24.4,76.0,3.8,187.0,-99.8,-99.8,0.0,-99.8,-99.8,-99.8,-99.8,-99.8,-99.8,-99.8
2022-04-23 20:00:00,1007.6,23.5,80.0,4.5,194.0,-99.8,-99.8,0.0,-99.8,-99.8,-99.8,-99.8,-99.8,-99.8,-99.8
2022-04-23 21:00:00,1008.0,22.7,84.0,4.5,188.0,-99.8,-99.8,0.0,-99.8,-99.8,-99.8,-99.8,-99.8,-99.8,-99.8
2022-04-23 22:00:00,1008.6,22.7,86.0,3.8,195.0,-99.8,-99.8,0.0,-99.8,-99.8,-99.8,-99.8,-99.8,-99.8,-99.8
2022-04-23 23:00:00,1008.7,22.8,86.0,1.9,207.0,-99.8,-99.8,0.0,-99.8,-99.8,-99.8,-99.8,-99.8,-99.8,-99.8
2022-04-24 00:00:00,1008.3,21.5,91.0,3.0,193.0,-99.8,-99.8,0.0,-99.8,-99.8,-99.8,-99.8,-99.8,-99.8,-99.8
2022-04-24 01:00:00,1007.9,21.4,92.0,2.0,190.0,-99.8,-99.8,0.0,-99.8,-99.8,-99.8,-99.8,-99.8,-99.8,-99.8
2022-04-24 02:00:00,1007.4,21.3,92.0,2.7,183.0,-99.8,-99.8,0.0,-99.8,-99.8,-99.8,-99.8,-99.8,-99.8,-99.8
2022-04-24 03:00:00,1007.3,21.5,91.0,3.2,196.0,-99.8,-99.8,0.0,-99.8,-99.8,-99.8,-99.8,-99.8,-99.8,-99.8
2022-04-24 04:00:00,1007.4,21.6,92.0,2.8,207.0,-99.8,-99.8,0.0,-99.8,-99.8,-99.8,-99.8,-99.8,-99.8,-99.8
2022-04-24 05:00:00,1008.1,20.5,94.0,3.0,203.0,-99.8,-99.8,0.0,-99.8,-99.8,-99.8,-99.8,-99.8,-99.8,-99.8
2022-04-24 06:00:00,1008.8,19.7,96.0,1.7,211.0,-99.8,-99.8,0.0,-99.8,-99.8,-99.8,-99.8,-99.8,-99.8,-99.8
2022-04-24 07:00:00,1009.4,20.8,94.0,1.3,163.0,-99.8,-99.8,0.0,-99.8,-99.8,-99.8,-99.8,-99.8,-99.8,-99.8
2022-04-24 08:00:00,1009.9,20.2,94.0,1.7,21.0,-99.8,-99.8,0.0,-99.8,-99.8,-99.8,-99.8,-99.8,-99.8,-99.8
2022-04-24 09:00:00,1010.2,19.9,95.0,2.5,30.0,-99.8,-99.8,0.0,-99.8,-99.8,-99.8,-99.8,-99.8,-99.8,-99.8
2022-04-24 10:00:00,1010.4,20.4,95.0,2.2,34.0,-99.8,-99.8,0.0,-99.8,-99.8,-99.8,-99.8,-99.8,-99.8,-99.8
2022-04-24 11:00:00,1010.5,20.4,93.0,3.0,24.0,-99.8,-99.8,0.0,-99.8,-99.8,-99.8,-99.8,-99.8,-99.8,-99.8
2022-04-24 12:00:00,1009.9,21.3,89.0,2.7,27.0,-99.8,-99.8,0.0,-99.8,-99.8,-99.8,-99.8,-99.8,-99.8,-99.8
2022-04-24 13:00:00,1009.4,21.8,86.0,1.7,70.0,-99.8,-99.8,0.0,-99.8,-99.8,-99.8,-99.8,-99.8,-99.8,-99.8
2022-04-24 14:00:00,1008.4,20.9,88.0,2.7,35.0,-99.8,-99.8,0.0,-99.8,-99.8,-99.8,-99.8,-99.8,-99.8,-99.8
2022-04-24 15:00:00,1008.2,20.4,90.0,2.3,60.0,-99.8,-99.8,0.0,-99.8,-99.8,-99.8,-99.8,-99.8,-99.8,-99.8
2022-04-24 16:00:00,1007.5,19.8,94.0,1.9,54.0,-99.8,-99.8,0.0,-99.8,-99.8,-99.8,-99.8,-99.8,-99.8,-99.8
2022-04-24 17:00:00,1007.9,19.2,97.0,3.2,27.0,-99.8,-99.8,0.0,-99.8,-99.8,-99.8,-99.8,-99.8,-99.8,-99.8
2022-04-24 18:00:00,1008.3,19.0,98.0,3.7,24.0,-99.8,-99.8,0.0,-99.8,-99.8,-99.8,-99.8,-99.8,-99.8,-99.8
2022-04-24 19:00:00,1008.8,19.0,98.0,3.7,25.0,-99.8,-99.8,0.0,-99.8,-99.8,-99.8,-99.8,-99.8,-99.8,-99.8
2022-04-24 20:00:00,1009.5,18.9,98.0,3.9,27.0,-99.8,-99.8,0.0,-99.8,-99.8,-99.8,-99.8,-99.8,-99.8,-99.8
2022-04-24 21:00:00,1009.6,18.8,98.0,3.6,31.0,-99.8,-99.8,0.0,-99.8,-99.8,-99.8,-99.8,-99.8,-99.8,-99.8
2022-04-24 22:00:00,1010.5,18.9,98.0,3.9,13.0,-99.8,-99.8,0.0,-99.8,-99.8,-99.8,-99.8,-99.8,-99.8,-99.8
2022-04-24 23:00:00,1010.4,18.8,98.0,3.7,15.0,-99.8,-99.8,0.0,-99.8,-99.8,-99.8,-99.8,-99.8,-99.8,-99.8
2022-04-25 00:00:00,1009.9,18.8,98.0,2.2,24.0,-99.8,-99.8,0.0,-99.8,-99.8,-99.8,-99.8,-99.8,-99.8,-99.8
2022-04-25 01:00:00,1009.7,18.8,98.0,1.6,8.0,-99.8,-99.8,0.0,-99.8,-99.8,-99.8,-99.8,-99.8,-99.8,-99.8
2022-04-25 02:00:00,1009.2,18.8,98.0,2.7,2.0,-99.8,-99.8,0.0,-99.8,-99.8,-99.8,-99.8,-99.8,-99.8,-99.8
2022-04-25 03:00:00,1008.5,18.9,98.0,3.1,2.0,-99.8,-99.8,0.0,-99.8,-99.8,-99.8,-99.8,-99.8,-99.8,-99.8
2022-04-25 04:00:00,1008.6,18.9,98.0,1.3,17.0,-99.8,-99.8,0.0,-99.8,-99.8,-99.8,-99.8,-99.8,-99.8,-99.8
2022-04-25 05:00:00,1008.5,19.0,98.0,1.2,168.0,-99.8,-99.8,0.0,-99.8,-99.8,-99.8,-99.8,-99.8,-99.8,-99.8
2022-04-25 06:00:00,1009.1,19.1,98.0,1.2,172.0,-99.8,-99.8,0.0,-99.8,-99.8,-99.8,-99.8,-99.8,-99.8,-99.8
2022-04-25 07:00:00,1009.1,19.7,98.0,1.6,173.0,-99.8,-99.8,0.0,-99.8,-99.8,-99.8,-99.8,-99.8,-99.8,-99.8
2022-04-25 08:00:00,1008.9,20.4,95.0,3.0,178.0,-99.8,-99.8,0.0,-99.8,-99.8,-99.8,-99.8,-99.8,-99.8,-99.8
2022-04-25 09:00:00,1009.3,22.0,90.0,2.6,175.0,-99.8,-99.8,0.0,-99.8,-99.8,-99.8,-99.8,-99.8,-99.8,-99.8
2022-04-25 10:00:00,1009.0,21.6,92.0,3.1,165.0,-99.8,-99.8,0.0,-99.8,-99.8,-99.8,-99.8,-99.8,-99.8,-99.8
2022-04-25 11:00:00,1008.7,21.9,92.0,3.3,178.0,-99.8,-99.8,0.0,-99.8,-99.8,-99.8,-99.8,-99.8,-99.8,-99.8
2022-04-25 12:00:00,1008.2,22.5,89.0,2.9,187.0,-99.8,-99.8,0.0,-99.8,-99.8,-99.8,-99.8,-99.8,-99.8,-99.8
2022-04-25 13:00:00,1007.1,23.8,86.0,5.1,189.0,-99.8,-99.8,0.0,-99.8,-99.8,-99.8,-99.8,-99.8,-99.8,-99.8
2022-04-25 14:00:00,1006.3,24.2,84.0,5.1,187.0,-99.8,-99.8,0.0,-99.8,-99.8,-99.8,-99.8,-99.8,-99.8,-99.8
2022-04-25 15:00:00,1005.3,23.9,84.0,5.8,197.0,-99.8,-99.8,0.0,-99.8,-99.8,-99.8,-99.8,-99.8,-99.8,-99.8
2022-04-25 16:00:00,1004.7,24.4,81.0,7.3,199.0,-99.8,-99.8,0.0,-99.8,-99.8,-99.8,-99.8,-99.8,-99.8,-99.8
2022-04-25 17:00:00,1004.6,24.0,82.0,6.8,195.0,-99.8,-99.8,0.0,-99.8,-99.8,-99.8,-99.8,-99.8,-99.8,-99.8
2022-04-25 18:00:00,1004.7,23.9,80.0,4.4,209.0,-99.8,-99.8,0.0,-99.8,-99.8,-99.8,-99.8,-99.8,-99.8,-99.8
2022-04-25 19:00:00,1004.9,24.2,80.0,4.4,199.0,-99.8,-99.8,0.0,-99.8,-99.8,-99.8,-99.8,-99.8,-99.8,-99.8
2022-04-25 20:00:00,1006.0,24.9,81.0,4.4,204.0,-99.8,-99.8,0.0,-99.8,-99.8,-99.8,-99.8,-99.8,-99.8,-99.8
2022-04-25 21:00:00,1006.1,23.8,85.0,5.5,194.0,-99.8,-99.8,0.0,-99.8,-99.8,-99.8,-99.8,-99.8,-99.8,-99.8
2022-04-25 22:00:00,1006.4,23.4,88.0,4.5,192.0,-99.8,-99.8,0.0,-99.8,-99.8,-99.8,-99.8,-99.8,-99.8,-99.8
2022-04-25 23:00:00,1005.9,22.6,92.0,4.0,197.0,-99.8,-99.8,0.0,-99.8,-99.8,-99.8,-99.8,-99.8,-99.8,-99.8
2022-04-26 00:00:00,1005.8,22.3,92.0,4.1,204.0,-99.8,-99.8,0.0,-99.8,-99.8,-99.8,-99.8,-99.8,-99.8,-99.8
2022-04-26 01:00:00,1005.3,22.8,92.0,5.9,192.0,-99.8,-99.8,0.0,-99.8,-99.8,-99.8,-99.8,-99.8,-99.8,-99.8
2022-04-26 02:00:00,1004.5,22.7,92.0,6.3,194.0,-99.8,-99.8,0.0,-99.8,-99.8,-99.8,-99.8,-99.8,-99.8,-99.8
2022-04-26 03:00:00,1004.9,22.7,91.0,4.9,201.0,-99.8,-99.8,0.0,-99.8,-99.8,-99.8,-99.8,-99.8,-99.8,-99.8
2022-04-26 04:00:00,1004.6,22.9,90.0,7.0,197.0,-99.8,-99.8,0.0,-99.8,-99.8,-99.8,-99.8,-99.8,-99.8,-99.8
2022-04-26 05:00:00,1005.0,22.1,93.0,4.0,193.0,-99.8,-99.8,0.0,-99.8,-99.8,-99.8,-99.8,-99.8,-99.8,-99.8
2022-04-26 06:00:00,1005.2,22.3,93.0,5.2,191.0,-99.8,-99.8,0.0,-99.8,-99.8,-99.8,-99.8,-99.8,-99.8,-99.8
2022-04-26 07:00:00,1005.4,22.8,89.0,6.5,188.0,-99.8,-99.8,0.0,-99.8,-99.8,-99.8,-99.8,-99.8,-99.8,-99.8
2022-04-26 08:00:00,1005.9,23.3,86.0,5.9,189.0,-99.8,-99.8,0.0,-99.8,-99.8,-99.8,-99.8,-99.8,-99.8,-99.8
2022-04-26 09:00:00,1006.0,24.0,85.0,6.0,190.0,-99.8,-99.8,0.0,-99.8,-99.8,-99.8,-99.8,-99.8,-99.8,-99.8
2022-04-26 10:00:00,1006.1,25.0,79.0,6.5,188.0,-99.8,-99.8,0.0,-99.8,-99.8,-99.8,-99.8,-99.8,-99.8,-99.8
2022-04-26 11:00:00,1005.9,26.2,74.0,7.6,189.0,-99.8,-99.8,0.0,-99.8,-99.8,-99.8,-99.8,-99.8,-99.8,-99.8
2022-04-26 12:00:00,1005.6,26.3,74.0,6.2,191.0,-99.8,-99.8,0.0,-99.8,-99.8,-99.8,-99.8,-99.8,-99.8,-99.8
2022-04-26 13:00:00,1005.2,27.1,68.0,7.1,190.0,-99.8,-99.8,0.0,-99.8,-99.8,-99.8,-99.8,-99.8,-99.8,-99.8
2022-04-26 14:00:00,1004.3,25.6,71.0,8.1,184.0,-99.8,-99.8,0.0,-99.8,-99.8,-99.8,-99.8,-99.8,-99.8,-99.8
2022-04-26 15:00:00,1003.9,25.0,73.0,7.8,192.0,-99.8,-99.8,0.0,-99.8,-99.8,-99.8,-99.8,-99.8,-99.8,-99.8
2022-04-26 16:00:00,1003.9,24.6,75.0,6.7,193.0,-99.8,-99.8,0.0,-99.8,-99.8,-99.8,-99.8,-99.8,-99.8,-99.8
2022-04-26 17:00:00,1004.2,23.5,81.0,4.1,192.0,-99.8,-99.8,0.0,-99.8,-99.8,-99.8,-99.8,-99.8,-99.8,-99.8
2022-04-26 18:00:00,1005.3,25.2,73.0,5.6,195.0,-99.8,-99.8,0.0,-99.8,-99.8,-99.8,-99.8,-99.8,-99.8,-99.8
2022-04-26 19:00:00,1005.9,24.9,75.0,3.6,209.0,-99.8,-99.8,0.0,-99.8,-99.8,-99.8,-99.8,-99.8,-99.8,-99.8
2022-04-26 20:00:00,1006.7,24.0,78.0,4.2,192.0,-99.8,-99.8,0.0,-99.8,-99.8,-99.8,-99.8,-99.8,-99.8,-99.8
2022-04-26 21:00:00,1007.6,24.3,78.0,3.7,188.0,-99.8,-99.8,0.0,-99.8,-99.8,-99.8,-99.8,-99.8,-99.8,-99.8
2022-04-26 22:00:00,1007.7,23.6,81.0,3.9,180.0,-99.8,-99.8,0.0,-99.8,-99.8,-99.8,-99.8,-99.8,-99.8,-99.8
2022-04-26 23:00:00,1008.1,23.8,83.0,4.7,193.0,-99.8,-99.8,0.0,-99.8,-99.8,-99.8,-99.8,-99.8,-99.8,-99.8
2022-04-27 00:00:00,1007.8,23.4,88.0,4.8,197.0,-99.8,-99.8,0.0,-99.8,-99.8,-99.8,-99.8,-99.8,-99.8,-99.8
2022-04-27 01:00:00,1007.3,23.8,85.0,4.3,196.0,-99.8,-99.8,0.0,-99.8,-99.8,-99.8,-99.8,-99.8,-99.8,-99.8
2022-04-27 02:00:00,1007.2,23.1,90.0,4.7,191.0,-99.8,-99.8,0.0,-99.8,-99.8,-99.8,-99.8,-99.8,-99.8,-99.8
2022-04-27 03:00:00,1007.1,23.3,92.0,4.9,195.0,-99.8,-99.8,0.0,-99.8,-99.8,-99.8,-99.8,-99.8,-99.8,-99.8
2022-04-27 04:00:00,1007.2,23.6,90.0,3.3,211.0,-99.8,-99.8,0.0,-99.8,-99.8,-99.8,-99.8,-99.8,-99.8,-99.8
2022-04-27 05:00:00,1007.7,23.0,92.0,2.0,230.0,-99.8,-99.8,0.0,-99.8,-99.8,-99.8,-99.8,-99.8,-99.8,-99.8
2022-04-27 06:00:00,1008.5,20.8,96.0,3.9,41.0,-99.8,-99.8,0.0,-99.8,-99.8,-99.8,-99.8,-99.8,-99.8,-99.8
2022-04-27 07:00:00,1009.7,19.7,97.0,5.2,28.0,-99.8,-99.8,0.0,-99.8,-99.8,-99.8,-99.8,-99.8,-99.8,-99.8
2022-04-27 08:00:00,1010.5,20.0,97.0,2.9,39.0,-99.8,-99.8,0.0,-99.8,-99.8,-99.8,-99.8,-99.8,-99.8,-99.8
2022-04-27 09:00:00,1011.1,19.6,97.0,6.2,30.0,-99.8,-99.8,0.0,-99.8,-99.8,-99.8,-99.8,-99.8,-99.8,-99.8
2022-04-27 10:00:00,1011.9,19.3,97.0,6.0,32.0,-99.8,-99.8,0.0,-99.8,-99.8,-99.8,-99.8,-99.8,-99.8,-99.8
2022-04-27 11:00:00,1011.4,18.9,97.0,8.1,30.0,-99.8,-99.8,0.0,-99.8,-99.8,-99.8,-99.8,-99.8,-99.8,-99.8
2022-04-27 12:00:00,1011.3,19.0,93.0,8.3,30.0,-99.8,-99.8,0.0,-99.8,-99.8,-99.8,-99.8,-99.8,-99.8,-99.8
2022-04-27 13:00:00,1010.9,19.2,90.0,8.0,33.0,-99.8,-99.8,0.0,-99.8,-99.8,-99.8,-99.8,-99.8,-99.8,-99.8
2022-04-27 14:00:00,1010.6,18.8,91.0,8.4,30.0,-99.8,-99.8,0.0,-99.8,-99.8,-99.8,-99.8,-99.8,-99.8,-99.8
2022-04-27 15:00:00,1010.8,18.2,92.0,9.6,27.0,-99.8,-99.8,0.0,-99.8,-99.8,-99.8,-99.8,-99.8,-99.8,-99.8
2022-04-27 16:00:00,1010.7,17.8,94.0,9.9,27.0,-99.8,-99.8,0.0,-99.8,-99.8,-99.8,-99.8,-99.8,-99.8,-99.8
2022-04-27 17:00:00,1010.8,18.0,93.0,7.7,33.0,-99.8,-99.8,0.0,-99.8,-99.8,-99.8,-99.8,-99.8,-99.8,-99.8
2022-04-27 18:00:00,1011.4,17.9,92.0,8.5,34.0,-99.8,-99.8,0.0,-99.8,-99.8,-99.8,-99.8,-99.8,-99.8,-99.8
2022-04-27 19:00:00,1011.9,18.0,93.0,8.5,31.0,-99.8,-99.8,0.0,-99.8,-99.8,-99.8,-99.8,-99.8,-99.8,-99.8
2022-04-27 20:00:00,1013.1,17.9,93.0,8.9,30.0,-99.8,-99.8,0.0,-99.8,-99.8,-99.8,-99.8,-99.8,-99.8,-99.8
2022-04-27 21:00:00,1013.6,17.9,92.0,8.7,29.0,-99.8,-99.8,0.0,-99.8,-99.8,-99.8,-99.8,-99.8,-99.8,-99.8
2022-04-27 22:00:00,1014.0,17.9,93.0,8.1,26.0,-99.8,-99.8,0.0,-99.8,-99.8,-99.8,-99.8,-99.8,-99.8,-99.8
2022-04-27 23:00:00,1014.0,17.8,94.0,7.8,20.0,-99.8,-99.8,0.0,-99.8,-99.8,-99.8,-99.8,-99.8,-99.8,-99.8
2022-04-28 00:00:00,1013.6,17.5,94.0,7.2,30.0,-99.8,-99.8,0.0,-99.8,-99.8,-99.8,-99.8,-99.8,-99.8,-99.8
2022-04-28 01:00:00,1013.6,17.7,92.0,7.5,28.0,-99.8,-99.8,0.0,-99.8,-99.8,-99.8,-99.8,-99.8,-99.8,-99.8
2022-04-28 02:00:00,1013.4,18.0,87.0,7.7,28.0,-99.8,-99.8,0.0,-99.8,-99.8,-99.8,-99.8,-99.8,-99.8,-99.8
2022-04-28 03:00:00,1013.0,18.0,88.0,6.9,22.0,-99.8,-99.8,0.0,-99.8,-99.8,-99.8,-99.8,-99.8,-99.8,-99.8
2022-04-28 04:00:00,1012.4,17.9,88.0,6.1,27.0,-99.8,-99.8,0.0,-99.8,-99.8,-99.8,-99.8,-99.8,-99.8,-99.8
2022-04-28 05:00:00,1012.6,18.0,88.0,5.4,27.0,-99.8,-99.8,0.0,-99.8,-99.8,-99.8,-99.8,-99.8,-99.8,-99.8
2022-04-28 06:00:00,1012.4,18.0,88.0,5.1,30.0,-99.8,-99.8,0.0,-99.8,-99.8,-99.8,-99.8,-99.8,-99.8,-99.8
2022-04-28 07:00:00,1012.3,18.2,87.0,4.3,33.0,-99.8,-99.8,0.0,-99.8,-99.8,-99.8,-99.8,-99.8,-99.8,-99.8
2022-04-28 08:00:00,1013.3,18.3,85.0,4.5,32.0,-99.8,-99.8,0.0,-99.8,-99.8,-99.8,-99.8,-99.8,-99.8,-99.8
2022-04-28 09:00:00,1013.5,18.8,84.0,4.7,34.0,-99.8,-99.8,0.0,-99.8,-99.8,-99.8,-99.8,-99.8,-99.8,-99.8
2022-04-28 10:00:00,1013.5,19.2,80.0,4.3,35.0,-99.8,-99.8,0.0,-99.8,-99.8,-99.8,-99.8,-99.8,-99.8,-99.8
2022-04-28 11:00:00,1013.2,19.4,80.0,4.1,28.0,-99.8,-99.8,0.0,-99.8,-99.8,-99.8,-99.8,-99.8,-99.8,-99.8
2022-04-28 12:00:00,1012.5,19.9,82.0,4.4,28.0,-99.8,-99.8,0.0,-99.8,-99.8,-99.8,-99.8,-99.8,-99.8,-99.8
2022-04-28 13:00:00,1011.5,19.8,82.0,3.1,22.0,-99.8,-99.8,0.0,-99.8,-99.8,-99.8,-99.8,-99.8,-99.8,-99.8
2022-04-28 14:00:00,1010.8,19.6,82.0,3.1,27.0,-99.8,-99.8,0.0,-99.8,-99.8,-99.8,-99.8,-99.8,-99.8,-99.8
2022-04-28 15:00:00,1010.2,20.8,81.0,1.1,59.0,-99.8,-99.8,0.0,-99.8,-99.8,-99.8,-99.8,-99.8,-99.8,-99.8
2022-04-28 16:00:00,1009.9,20.4,83.0,1.0,108.0,-99.8,-99.8,0.0,-99.8,-99.8,-99.8,-99.8,-99.8,-99.8,-99.8
2022-04-28 17:00:00,1009.8,20.4,83.0,1.1,88.0,-99.8,-99.8,0.0,-99.8,-99.8,-99.8,-99.8,-99.8,-99.8,-99.8
2022-04-28 18:00:00,1009.7,19.6,88.0,1.7,145.0,-99.8,-99.8,0.0,-99.8,-99.8,-99.8,-99.8,-99.8,-99.8,-99.8
2022-04-28 19:00:00,1009.9,19.4,90.0,0.8,135.0,-99.8,-99.8,0.0,-99.8,-99.8,-99.8,-99.8,-99.8,-99.8,-99.8
2022-04-28 20:00:00,1010.0,19.4,91.0,1.3,166.0,-99.8,-99.8,0.0,-99.8,-99.8,-99.8,-99.8,-99.8,-99.8,-99.8
2022-04-28 21:00:00,1011.0,19.3,93.0,1.0,314.0,-99.8,-99.8,0.0,-99.8,-99.8,-99.8,-99.8,-99.8,-99.8,-99.8
2022-04-28 22:00:00,1011.2,19.5,92.0,0.8,208.0,-99.8,-99.8,0.0,-99.8,-99.8,-99.8,-99.8,-99.8,-99.8,-99.8
2022-04-28 23:00:00,1010.4,19.3,93.0,1.6,200.0,-99.8,-99.8,0.0,-99.8,-99.8,-99.8,-99.8,-99.8,-99.8,-99.8
2022-04-29 00:00:00,1009.7,19.4,94.0,1.9,186.0,-99.8,-99.8,0.0,-99.8,-99.8,-99.8,-99.8,-99.8,-99.8,-99.8
2022-04-29 01:00:00,1009.3,20.0,93.0,3.1,194.0,-99.8,-99.8,0.0,-99.8,-99.8,-99.8,-99.8,-99.8,-99.8,-99.8
2022-04-29 02:00:00,1008.5,19.9,94.0,1.9,172.0,-99.8,-99.8,0.0,-99.8,-99.8,-99.8,-99.8,-99.8,-99.8,-99.8
2022-04-29 03:00:00,1008.1,20.4,94.0,3.9,189.0,-99.8,-99.8,0.0,-99.8,-99.8,-99.8,-99.8,-99.8,-99.8,-99.8
2022-04-29 04:00:00,1008.1,20.4,94.0,3.7,183.0,-99.8,-99.8,0.0,-99.8,-99.8,-99.8,-99.8,-99.8,-99.8,-99.8
2022-04-29 05:00:00,1008.4,20.8,94.0,4.0,182.0,-99.8,-99.8,0.0,-99.8,-99.8,-99.8,-99.8,-99.8,-99.8,-99.8
2022-04-29 06:00:00,1009.5,20.4,94.0,1.2,210.0,-99.8,-99.8,0.0,-99.8,-99.8,-99.8,-99.8,-99.8,-99.8,-99.8
2022-04-29 07:00:00,1009.7,21.0,93.0,3.8,186.0,-99.8,-99.8,0.0,-99.8,-99.8,-99.8,-99.8,-99.8,-99.8,-99.8
2022-04-29 08:00:00,1010.2,22.5,90.0,4.4,188.0,-99.8,-99.8,0.0,-99.8,-99.8,-99.8,-99.8,-99.8,-99.8,-99.8
2022-04-29 09:00:00,1010.6,23.4,86.0,3.0,190.0,-99.8,-99.8,0.0,-99.8,-99.8,-99.8,-99.8,-99.8,-99.8,-99.8
2022-04-29 10:00:00,1011.8,20.9,90.0,4.3,22.0,-99.8,-99.8,0.0,-99.8,-99.8,-99.8,-99.8,-99.8,-99.8,-99.8
2022-04-29 11:00:00,1012.2,20.1,91.0,7.5,24.0,-99.8,-99.8,0.0,-99.8,-99.8,-99.8,-99.8,-99.8,-99.8,-99.8
2022-04-29 12:00:00,1012.4,19.8,93.0,7.8,32.0,-99.8,-99.8,0.0,-99.8,-99.8,-99.8,-99.8,-99.8,-99.8,-99.8
2022-04-29 13:00:00,1012.5,18.4,92.0,10.1,33.0,-99.8,-99.8,0.0,-99.8,-99.8,-99.8,-99.8,-99.8,-99.8,-99.8
2022-04-29 14:00:00,1012.2,18.1,88.0,9.7,34.0,-99.8,-99.8,0.0,-99.8,-99.8,-99.8,-99.8,-99.8,-99.8,-99.8
2022-04-29 15:00:00,1012.6,17.8,87.0,9.4,33.0,-99.8,-99.8,0.0,-99.8,-99.8,-99.8,-99.8,-99.8,-99.8,-99.8
2022-04-29 16:00:00,1013.0,17.9,85.0,9.5,32.0,-99.8,-99.8,0.0,-99.8,-99.8,-99.8,-99.8,-99.8,-99.8,-99.8
2022-04-29 17:00:00,1013.4,17.5,86.0,7.7,35.0,-99.8,-99.8,0.0,-99.8,-99.8,-99.8,-99.8,-99.8,-99.8,-99.8
2022-04-29 18:00:00,1014.4,17.8,81.0,9.5,33.0,-99.8,-99.8,0.0,-99.8,-99.8,-99.8,-99.8,-99.8,-99.8,-99.8
2022-04-29 19:00:00,1015.6,17.9,83.0,8.5,35.0,-99.8,-99.8,0.0,-99.8,-99.8,-99.8,-99.8,-99.8,-99.8,-99.8
2022-04-29 20:00:00,1016.9,17.8,84.0,8.5,33.0,-99.8,-99.8,0.0,-99.8,-99.8,-99.8,-99.8,-99.8,-99.8,-99.8
2022-04-29 21:00:00,1016.9,17.6,84.0,9.0,34.0,-99.8,-99.8,0.0,-99.8,-99.8,-99.8,-99.8,-99.8,-99.8,-99.8
2022-04-29 22:00:00,1018.3,17.4,84.0,8.3,35.0,-99.8,-99.8,0.0,-99.8,-99.8,-99.8,-99.8,-99.8,-99.8,-99.8
2022-04-29 23:00:00,1017.3,17.0,83.0,9.0,35.0,-99.8,-99.8,0.0,-99.8,-99.8,-99.8,-99.8,-99.8,-99.8,-99.8
2022-04-30 00:00:00,1017.1,17.1,83.0,8.0,35.0,-99.8,-99.8,0.0,-99.8,-99.8,-99.8,-99.8,-99.8,-99.8,-99.8
2022-04-30 01:00:00,1016.8,17.1,84.0,7.5,33.0,-99.8,-99.8,0.0,-99.8,-99.8,-99.8,-99.8,-99.8,-99.8,-99.8
2022-04-30 02:00:00,1016.2,17.0,83.0,7.1,34.0,-99.8,-99.8,0.0,-99.8,-99.8,-99.8,-99.8,-99.8,-99.8,-99.8
2022-04-30 03:00:00,1015.7,17.0,82.0,8.6,29.0,-99.8,-99.8,0.0,-99.8,-99.8,-99.8,-99.8,-99.8,-99.8,-99.8
2022-04-30 04:00:00,1015.7,16.9,81.0,8.8,30.0,-99.8,-99.8,0.0,-99.8,-99.8,-99.8,-99.8,-99.8,-99.8,-99.8
2022-04-30 05:00:00,1015.4,16.9,80.0,7.9,32.0,-99.8,-99.8,0.0,-99.8,-99.8,-99.8,-99.8,-99.8,-99.8,-99.8
2022-04-30 06:00:00,1015.8,16.9,82.0,7.6,30.0,-99.8,-99.8,0.0,-99.8,-99.8,-99.8,-99.8,-99.8,-99.8,-99.8
2022-04-30 07:00:00,1016.3,17.0,81.0,8.1,30.0,-99.8,-99.8,0.0,-99.8,-99.8,-99.8,-99.8,-99.8,-99.8,-99.8
2022-04-30 08:00:00,1016.8,17.2,82.0,8.5,29.0,-99.8,-99.8,0.0,-99.8,-99.8,-99.8,-99.8,-99.8,-99.8,-99.8
2022-04-30 09:00:00,1016.7,17.3,81.0,8.2,30.0,-99.8,-99.8,0.0,-99.8,-99.8,-99.8,-99.8,-99.8,-99.8,-99.8
2022-04-30 10:00:00,1016.7,17.4,80.0,8.0,28.0,-99.8,-99.8,0.0,-99.8,-99.8,-99.8,-99.8,-99.8,-99.8,-99.8
2022-04-30 11:00:00,1016.4,17.3,80.0,8.2,30.0,-99.8,-99.8,0.0,-99.8,-99.8,-99.8,-99.8,-99.8,-99.8,-99.8
2022-04-30 12:00:00,1015.5,17.2,80.0,8.2,30.0,-99.8,-99.8,0.0,-99.8,-99.8,-99.8,-99.8,-99.8,-99.8,-99.8
2022-04-30 13:00:00,1014.9,17.0,81.0,8.2,29.0,-99.8,-99.8,0.0,-99.8,-99.8,-99.8,-99.8,-99.8,-99.8,-99.8
2022-04-30 14:00:00,1014.8,16.7,86.0,9.5,18.0,-99.8,-99.8,0.0,-99.8,-99.8,-99.8,-99.8,-99.8,-99.8,-99.8
2022-04-30 15:00:00,1014.2,16.2,87.0,8.9,25.0,-99.8,-99.8,0.0,-99.8,-99.8,-99.8,-99.8,-99.8,-99.8,-99.8
2022-04-30 16:00:00,1014.0,16.5,86.0,7.2,28.0,-99.8,-99.8,0.0,-99.8,-99.8,-99.8,-99.8,-99.8,-99.8,-99.8
2022-04-30 17:00:00,1013.8,16.5,84.0,6.3,36.0,-99.8,-99.8,0.0,-99.8,-99.8,-99.8,-99.8,-99.8,-99.8,-99.8
2022-04-30 18:00:00,1014.7,16.6,85.0,6.3,30.0,-99.8,-99.8,0.0,-99.8,-99.8,-99.8,-99.8,-99.8,-99.8,-99.8
2022-04-30 19:00:00,1015.8,16.5,86.0,9.4,22.0,-99.8,-99.8,0.0,-99.8,-99.8,-99.8,-99.8,-99.8,-99.8,-99.8
2022-04-30 20:00:00,1016.6,15.6,92.0,8.5,29.0,-99.8,-99.8,0.0,-99.8,-99.8,-99.8,-99.8,-99.8,-99.8,-99.8
2022-04-30 21:00:00,1016.6,16.3,84.0,6.7,34.0,-99.8,-99.8,0.0,-99.8,-99.8,-99.8,-99.8,-99.8,-99.8,-99.8
2022-04-30 22:00:00,1016.7,16.5,84.0,7.7,34.0,-99.8,-99.8,0.0,-99.8,-99.8,-99.8,-99.8,-99.8,-99.8,-99.8
2022-04-30 23:00:00,1017.0,16.7,84.0,8.4,28.0,-99.8,-99.8,0.0,-99.8,-99.8,-99.8,-99.8,-99.8,-99.8,-99.8
2022-05-01 00:00:00,1016.5,16.5,85.0,8.3,27.0,-99.8,-99.8,0.0,-99.8,-99.8,-99.8,-99.8,-99.8,-99.8,-99.8
2022-05-01 01:00:00,1015.9,16.6,84.0,8.7,27.0,-99.8,-99.8,0.0,-99.8,-99.8,-99.8,-99.8,-99.8,-99.8,-99.8
2022-05-01 02:00:00,1015.4,16.6,82.0,9.2,29.0,-99.8,-99.8,0.0,-99.8,-99.8,-99.8,-99.8,-99.8,-99.8,-99.8
2022-05-01 03:00:00,1015.1,16.8,82.0,8.1,29.0,-99.8,-99.8,0.0,-99.8,-99.8,-99.8,-99.8,-99.8,-99.8,-99.8
2022-05-01 04:00:00,1015.0,16.8,82.0,9.4,26.0,-99.8,-99.8,0.0,-99.8,-99.8,-99.8,-99.8,-99.8,-99.8,-99.8
2022-05-01 05:00:00,1015.6,16.7,77.0,9.2,27.0,-99.8,-99.8,0.0,-99.8,-99.8,-99.8,-99.8,-99.8,-99.8,-99.8
2022-05-01 06:00:00,1015.2,16.7,80.0,9.5,30.0,-99.8,-99.8,0.0,-99.8,-99.8,-99.8,-99.8,-99.8,-99.8,-99.8
2022-05-01 07:00:00,1015.5,16.6,81.0,8.4,33.0,-99.8,-99.8,0.0,-99.8,-99.8,-99.8,-99.8,-99.8,-99.8,-99.8
2022-05-01 08:00:00,1016.7,16.5,82.0,8.3,31.0,-99.8,-99.8,0.0,-99.8,-99.8,-99.8,-99.8,-99.8,-99.8,-99.8
2022-05-01 09:00:00,1017.1,17.0,79.0,8.9,28.0,-99.8,-99.8,0.0,-99.8,-99.8,-99.8,-99.8,-99.8,-99.8,-99.8
2022-05-01 10:00:00,1017.3,17.0,83.0,9.5,26.0,-99.8,-99.8,0.0,-99.8,-99.8,-99.8,-99.8,-99.8,-99.8,-99.8
2022-05-01 11:00:00,1016.8,16.7,75.0,10.0,28.0,-99.8,-99.8,0.0,-99.8,-99.8,-99.8,-99.8,-99.8,-99.8,-99.8
2022-05-01 12:00:00,1016.2,17.0,73.0,9.4,29.0,-99.8,-99.8,0.0,-99.8,-99.8,-99.8,-99.8,-99.8,-99.8,-99.8
2022-05-01 13:00:00,1016.1,16.5,74.0,9.4,29.0,-99.8,-99.8,0.0,-99.8,-99.8,-99.8,-99.8,-99.8,-99.8,-99.8
2022-05-01 14:00:00,1016.0,16.7,74.0,8.1,32.0,-99.8,-99.8,0.0,-99.8,-99.8,-99.8,-99.8,-99.8,-99.8,-99.8
2022-05-01 15:00:00,1015.9,16.1,79.0,6.5,38.0,-99.8,-99.8,0.0,-99.8,-99.8,-99.8,-99.8,-99.8,-99.8,-99.8
2022-05-01 16:00:00,1015.9,15.9,80.0,6.9,33.0,-99.8,-99.8,0.0,-99.8,-99.8,-99.8,-99.8,-99.8,-99.8,-99.8
2022-05-01 17:00:00,1016.0,15.7,74.0,6.0,32.0,-99.8,-99.8,0.0,-99.8,-99.8,-99.8,-99.8,-99.8,-99.8,-99.8
2022-05-01 18:00:00,1016.9,15.5,82.0,5.1,30.0,-99.8,-99.8,0.0,-99.8,-99.8,-99.8,-99.8,-99.8,-99.8,-99.8
2022-05-01 19:00:00,1017.0,15.5,85.0,5.6,37.0,-99.8,-99.8,0.5,-99.8,-99.8,-99.8,-99.8,-99.8,-99.8,-99.8
2022-05-01 20:00:00,1017.3,16.1,78.0,6.1,34.0,-99.8,-99.8,0.5,-99.8,-99.8,-99.8,-99.8,-99.8,-99.8,-99.8
2022-05-01 21:00:00,1018.1,16.0,64.0,6.8,35.0,-99.8,-99.8,0.0,-99.8,-99.8,-99.8,-99.8,-99.8,-99.8,-99.8
2022-05-01 22:00:00,1017.8,16.1,73.0,7.3,33.0,-99.8,-99.8,0.0,-99.8,-99.8,-99.8,-99.8,-99.8,-99.8,-99.8
2022-05-01 23:00:00,1018.0,15.6,78.0,6.7,35.0,-99.8,-99.8,0.0,-99.8,-99.8,-99.8,-99.8,-99.8,-99.8,-99.8
2022-05-02 00:00:00,1017.5,15.2,77.0,6.3,36.0,-99.8,-99.8,0.0,-99.8,-99.8,-99.8,-99.8,-99.8,-99.8,-99.8
2022-05-02 01:00:00,1017.0,15.3,83.0,6.0,29.0,-99.8,-99.8,0.0,-99.8,-99.8,-99.8,-99.8,-99.8,-99.8,-99.8
2022-05-02 02:00:00,1016.6,14.7,87.0,7.7,13.0,-99.8,-99.8,0.0,-99.8,-99.8,-99.8,-99.8,-99.8,-99.8,-99.8
2022-05-02 03:00:00,1016.7,14.8,84.0,7.7,12.0,-99.8,-99.8,0.5,-99.8,-99.8,-99.8,-99.8,-99.8,-99.8,-99.8
2022-05-02 04:00:00,1016.2,15.1,84.0,7.3,13.0,-99.8,-99.8,0.5,-99.8,-99.8,-99.8,-99.8,-99.8,-99.8,-99.8
2022-05-02 05:00:00,1016.0,15.4,82.0,8.8,20.0,-99.8,-99.8,0.0,-99.8,-99.8,-99.8,-99.8,-99.8,-99.8,-99.8
2022-05-02 06:00:00,1016.8,15.6,78.0,8.8,17.0,-99.8,-99.8,0.0,-99.8,-99.8,-99.8,-99.8,-99.8,-99.8,-99.8
2022-05-02 07:00:00,1016.8,15.5,82.0,8.9,11.0,-99.8,-99.8,0.0,-99.8,-99.8,-99.8,-99.8,-99.8,-99.8,-99.8
2022-05-02 08:00:00,1016.9,15.8,83.0,9.2,11.0,-99.8,-99.8,0.0,-99.8,-99.8,-99.8,-99.8,-99.8,-99.8,-99.8
2022-05-02 09:00:00,1017.3,15.9,80.0,7.2,19.0,-99.8,-99.8,0.0,-99.8,-99.8,-99.8,-99.8,-99.8,-99.8,-99.8
2022-05-02 10:00:00,1017.1,16.5,79.0,7.5,27.0,-99.8,-99.8,0.0,-99.8,-99.8,-99.8,-99.8,-99.8,-99.8,-99.8
2022-05-02 11:00:00,1016.8,16.5,78.0,7.6,26.0,-99.8,-99.8,0.0,-99.8,-99.8,-99.8,-99.8,-99.8,-99.8,-99.8
2022-05-02 12:00:00,1016.6,16.8,79.0,7.3,23.0,-99.8,-99.8,0.0,-99.8,-99.8,-99.8,-99.8,-99.8,-99.8,-99.8
2022-05-02 13:00:00,1016.6,17.4,76.0,6.7,25.0,-99.8,-99.8,0.0,-99.8,-99.8,-99.8,-99.8,-99.8,-99.8,-99.8
2022-05-02 14:00:00,1016.3,17.2,73.0,7.7,28.0,-99.8,-99.8,0.0,-99.8,-99.8,-99.8,-99.8,-99.8,-99.8,-99.8
2022-05-02 15:00:00,1016.0,17.3,74.0,6.6,31.0,-99.8,-99.8,0.0,-99.8,-99.8,-99.8,-99.8,-99.8,-99.8,-99.8
2022-05-02 16:00:00,1016.2,17.5,72.0,6.7,32.0,-99.8,-99.8,0.0,-99.8,-99.8,-99.8,-99.8,-99.8,-99.8,-99.8
2022-05-02 17:00:00,1015.8,17.3,72.0,6.2,32.0,-99.8,-99.8,0.0,-99.8,-99.8,-99.8,-99.8,-99.8,-99.8,-99.8
2022-05-02 18:00:00,1016.1,17.3,74.0,5.8,32.0,-99.8,-99.8,0.0,-99.8,-99.8,-99.8,-99.8,-99.8,-99.8,-99.8
2022-05-02 19:00:00,1016.4,17.3,68.0,4.8,36.0,-99.8,-99.8,0.0,-99.8,-99.8,-99.8,-99.8,-99.8,-99.8,-99.8
2022-05-02 20:00:00,1017.3,17.7,60.0,5.5,32.0,-99.8,-99.8,0.0,-99.8,-99.8,-99.8,-99.8,-99.8,-99.8,-99.8
2022-05-02 21:00:00,1017.5,17.8,68.0,5.2,35.0,-99.8,-99.8,0.0,-99.8,-99.8,-99.8,-99.8,-99.8,-99.8,-99.8
2022-05-02 22:00:00,1017.8,17.6,74.0,6.7,30.0,-99.8,-99.8,0.0,-99.8,-99.8,-99.8,-99.8,-99.8,-99.8,-99.8
2022-05-02 23:00:00,1018.3,17.6,74.0,7.9,29.0,-99.8,-99.8,0.0,-99.8,-99.8,-99.8,-99.8,-99.8,-99.8,-99.8
2022-05-03 00:00:00,1017.7,17.5,76.0,7.3,27.0,-99.8,-99.8,0.0,-99.8,-99.8,-99.8,-99.8,-99.8,-99.8,-99.8
2022-05-03 01:00:00,1017.5,17.6,69.0,8.1,28.0,-99.8,-99.8,0.0,-99.8,-99.8,-99.8,-99.8,-99.8,-99.8,-99.8
2022-05-03 02:00:00,1017.1,17.2,74.0,8.8,20.0,-99.8,-99.8,0.0,-99.8,-99.8,-99.8,-99.8,-99.8,-99.8,-99.8
2022-05-03 03:00:00,1016.8,17.2,75.0,8.6,23.0,-99.8,-99.8,0.0,-99.8,-99.8,-99.8,-99.8,-99.8,-99.8,-99.8
2022-05-03 04:00:00,1016.8,16.8,75.0,8.8,19.0,-99.8,-99.8,0.0,-99.8,-99.8,-99.8,-99.8,-99.8,-99.8,-99.8
2022-05-03 05:00:00,1016.9,17.0,74.0,9.0,17.0,-99.8,-99.8,0.0,-99.8,-99.8,-99.8,-99.8,-99.8,-99.8,-99.8
2022-05-03 06:00:00,1017.1,16.9,70.0,8.8,19.0,-99.8,-99.8,0.0,-99.8,-99.8,-99.8,-99.8,-99.8,-99.8,-99.8
2022-05-03 07:00:00,1017.3,17.2,68.0,8.5,16.0,-99.8,-99.8,0.0,-99.8,-99.8,-99.8,-99.8,-99.8,-99.8,-99.8
2022-05-03 08:00:00,1017.6,18.0,54.0,9.1,23.0,-99.8,-99.8,0.0,-99.8,-99.8,-99.8,-99.8,-99.8,-99.8,-99.8
2022-05-03 09:00:00,1017.7,18.4,54.0,9.8,20.0,-99.8,-99.8,0.0,-99.8,-99.8,-99.8,-99.8,-99.8,-99.8,-99.8
2022-05-03 10:00:00,1018.3,19.1,47.0,9.9,24.0,-99.8,-99.8,0.0,-99.8,-99.8,-99.8,-99.8,-99.8,-99.8,-99.8
2022-05-03 11:00:00,1018.5,18.6,62.0,9.2,27.0,-99.8,-99.8,0.0,-99.8,-99.8,-99.8,-99.8,-99.8,-99.8,-99.8
2022-05-03 12:00:00,1018.4,19.0,48.0,9.1,29.0,-99.8,-99.8,0.0,-99.8,-99.8,-99.8,-99.8,-99.8,-99.8,-99.8
2022-05-03 13:00:00,1018.1,19.1,52.0,9.0,28.0,-99.8,-99.8,0.0,-99.8,-99.8,-99.8,-99.8,-99.8,-99.8,-99.8
2022-05-03 14:00:00,1017.6,19.3,50.0,9.2,28.0,-99.8,-99.8,0.0,-99.8,-99.8,-99.8,-99.8,-99.8,-99.8,-99.8
2022-05-03 15:00:00,1017.5,19.2,55.0,8.5,25.0,-99.8,-99.8,0.0,-99.8,-99.8,-99.8,-99.8,-99.8,-99.8,-99.8
2022-05-03 16:00:00,1017.1,19.4,52.0,9.2,27.0,-99.8,-99.8,0.0,-99.8,-99.8,-99.8,-99.8,-99.8,-99.8,-99.8
2022-05-03 17:00:00,1017.1,19.5,49.0,9.1,27.0,-99.8,-99.8,0.0,-99.8,-99.8,-99.8,-99.8,-99.8,-99.8,-99.8
2022-05-03 18:00:00,1017.0,19.2,53.0,9.1,28.0,-99.8,-99.8,0.0,-99.8,-99.8,-99.8,-99.8,-99.8,-99.8,-99.8
2022-05-03 19:00:00,1017.4,19.1,54.0,8.4,27.0,-99.8,-99.8,0.0,-99.8,-99.8,-99.8,-99.8,-99.8,-99.8,-99.8
2022-05-03 20:00:00,1017.6,18.8,57.0,7.4,28.0,-99.8,-99.8,0.0,-99.8,-99.8,-99.8,-99.8,-99.8,-99.8,-99.8
2022-05-03 21:00:00,1017.9,18.6,67.0,7.7,28.0,-99.8,-99.8,0.0,-99.8,-99.8,-99.8,-99.8,-99.8,-99.8,-99.8
2022-05-03 22:00:00,1018.1,18.5,75.0,7.5,24.0,-99.8,-99.8,0.0,-99.8,-99.8,-99.8,-99.8,-99.8,-99.8,-99.8
2022-05-03 23:00:00,1017.8,18.4,78.0,7.4,23.0,-99.8,-99.8,0.0,-99.8,-99.8,-99.8,-99.8,-99.8,-99.8,-99.8
2022-05-04 00:00:00,1017.4,18.5,80.0,7.5,21.0,-99.8,-99.8,0.0,-99.8,-99.8,-99.8,-99.8,-99.8,-99.8,-99.8
2022-05-04 01:00:00,1016.9,18.5,79.0,7.5,17.0,-99.8,-99.8,0.0,-99.8,-99.8,-99.8,-99.8,-99.8,-99.8,-99.8
2022-05-04 02:00:00,1015.8,18.5,80.0,7.7,17.0,-99.8,-99.8,0.0,-99.8,-99.8,-99.8,-99.8,-99.8,-99.8,-99.8
2022-05-04 03:00:00,1016.0,18.6,72.0,8.8,17.0,-99.8,-99.8,0.0,-99.8,-99.8,-99.8,-99.8,-99.8,-99.8,-99.8
2022-05-04 04:00:00,1015.2,18.7,69.0,9.2,22.0,-99.8,-99.8,0.0,-99.8,-99.8,-99.8,-99.8,-99.8,-99.8,-99.8
2022-05-04 05:00:00,1015.4,18.5,70.0,9.0,22.0,-99.8,-99.8,0.0,-99.8,-99.8,-99.8,-99.8,-99.8,-99.8,-99.8
2022-05-04 06:00:00,1015.7,18.5,70.0,9.1,20.0,-99.8,-99.8,0.0,-99.8,-99.8,-99.8,-99.8,-99.8,-99.8,-99.8
2022-05-04 07:00:00,1015.8,18.5,69.0,9.6,23.0,-99.8,-99.8,0.0,-99.8,-99.8,-99.8,-99.8,-99.8,-99.8,-99.8
2022-05-04 08:00:00,1016.3,18.6,68.0,9.7,23.0,-99.8,-99.8,0.0,-99.8,-99.8,-99.8,-99.8,-99.8,-99.8,-99.8
2022-05-04 09:00:00,1016.6,18.7,70.0,9.1,24.0,-99.8,-99.8,0.0,-99.8,-99.8,-99.8,-99.8,-99.8,-99.8,-99.8
2022-05-04 10:00:00,1016.6,18.9,72.0,8.2,22.0,-99.8,-99.8,0.0,-99.8,-99.8,-99.8,-99.8,-99.8,-99.8,-99.8
2022-05-04 11:00:00,1016.6,18.8,74.0,8.3,21.0,-99.8,-99.8,0.0,-99.8,-99.8,-99.8,-99.8,-99.8,-99.8,-99.8
2022-05-04 12:00:00,1016.1,18.8,77.0,8.7,23.0,-99.8,-99.8,0.0,-99.8,-99.8,-99.8,-99.8,-99.8,-99.8,-99.8
2022-05-04 13:00:00,1015.5,18.7,80.0,8.7,20.0,-99.8,-99.8,0.0,-99.8,-99.8,-99.8,-99.8,-99.8,-99.8,-99.8
2022-05-04 14:00:00,1015.1,18.7,80.0,8.1,23.0,-99.8,-99.8,0.0,-99.8,-99.8,-99.8,-99.8,-99.8,-99.8,-99.8
2022-05-04 15:00:00,1014.5,18.8,79.0,7.9,22.0,-99.8,-99.8,0.0,-99.8,-99.8,-99.8,-99.8,-99.8,-99.8,-99.8
2022-05-04 16:00:00,1014.2,19.0,79.0,7.8,22.0,-99.8,-99.8,0.0,-99.8,-99.8,-99.8,-99.8,-99.8,-99.8,-99.8
2022-05-04 17:00:00,1013.9,18.9,79.0,7.5,25.0,-99.8,-99.8,0.0,-99.8,-99.8,-99.8,-99.8,-99.8,-99.8,-99.8
2022-05-04 18:00:00,1013.7,18.8,78.0,7.2,28.0,-99.8,-99.8,0.0,-99.8,-99.8,-99.8,-99.8,-99.8,-99.8,-99.8
2022-05-04 19:00:00,1014.2,18.6,82.0,6.7,26.0,-99.8,-99.8,0.0,-99.8,-99.8,-99.8,-99.8,-99.8,-99.8,-99.8
2022-05-04 20:00:00,1014.7,18.6,86.0,6.3,24.0,-99.8,-99.8,0.0,-99.8,-99.8,-99.8,-99.8,-99.8,-99.8,-99.8
2022-05-04 21:00:00,1015.3,18.5,87.0,6.5,23.0,-99.8,-99.8,0.0,-99.8,-99.8,-99.8,-99.8,-99.8,-99.8,-99.8
2022-05-04 22:00:00,1015.5,18.5,89.0,6.8,21.0,-99.8,-99.8,0.0,-99.8,-99.8,-99.8,-99.8,-99.8,-99.8,-99.8
2022-05-04 23:00:00,1015.1,18.5,91.0,7.1,20.0,-99.8,-99.8,0.0,-99.8,-99.8,-99.8,-99.8,-99.8,-99.8,-99.8
2022-05-05 00:00:00,1014.5,18.4,91.0,7.5,17.0,-99.8,-99.8,0.0,-99.8,-99.8,-99.8,-99.8,-99.8,-99.8,-99.8
2022-05-05 01:00:00,1013.7,18.2,91.0,8.8,15.0,-99.8,-99.8,0.0,-99.8,-99.8,-99.8,-99.8,-99.8,-99.8,-99.8
2022-05-05 02:00:00,1013.4,18.3,87.0,8.3,21.0,-99.8,-99.8,0.0,-99.8,-99.8,-99.8,-99.8,-99.8,-99.8,-99.8
2022-05-05 03:00:00,1013.3,18.5,84.0,7.7,22.0,-99.8,-99.8,0.0,-99.8,-99.8,-99.8,-99.8,-99.8,-99.8,-99.8
2022-05-05 04:00:00,1013.0,18.3,84.0,7.1,21.0,-99.8,-99.8,0.0,-99.8,-99.8,-99.8,-99.8,-99.8,-99.8,-99.8
2022-05-05 05:00:00,1012.8,18.7,78.0,8.5,16.0,-99.8,-99.8,0.0,-99.8,-99.8,-99.8,-99.8,-99.8,-99.8,-99.8
2022-05-05 06:00:00,1013.1,18.8,78.0,8.0,13.0,-99.8,-99.8,0.0,-99.8,-99.8,-99.8,-99.8,-99.8,-99.8,-99.8
2022-05-05 07:00:00,1013.5,18.9,78.0,7.5,12.0,-99.8,-99.8,0.0,-99.8,-99.8,-99.8,-99.8,-99.8,-99.8,-99.8
2022-05-05 08:00:00,1013.8,19.2,78.0,7.7,13.0,-99.8,-99.8,0.0,-99.8,-99.8,-99.8,-99.8,-99.8,-99.8,-99.8
2022-05-05 09:00:00,1014.1,19.5,77.0,6.3,19.0,-99.8,-99.8,0.0,-99.8,-99.8,-99.8,-99.8,-99.8,-99.8,-99.8
2022-05-05 10:00:00,1014.1,19.8,77.0,6.7,14.0,-99.8,-99.8,0.0,-99.8,-99.8,-99.8,-99.8,-99.8,-99.8,-99.8
2022-05-05 11:00:00,1013.9,19.9,77.0,7.3,20.0,-99.8,-99.8,0.0,-99.8,-99.8,-99.8,-99.8,-99.8,-99.8,-99.8
2022-05-05 12:00:00,1013.5,20.0,76.0,6.5,25.0,-99.8,-99.8,0.0,-99.8,-99.8,-99.8,-99.8,-99.8,-99.8,-99.8
2022-05-05 13:00:00,1013.0,20.3,79.0,6.0,20.0,-99.8,-99.8,0.0,-99.8,-99.8,-99.8,-99.8,-99.8,-99.8,-99.8
2022-05-05 14:00:00,1012.4,20.1,82.0,5.1,21.0,-99.8,-99.8,0.0,-99.8,-99.8,-99.8,-99.8,-99.8,-99.8,-99.8
2022-05-05 15:00:00,1011.7,20.0,81.0,4.9,27.0,-99.8,-99.8,0.0,-99.8,-99.8,-99.8,-99.8,-99.8,-99.8,-99.8
2022-05-05 16:00:00,1011.4,20.4,81.0,4.4,23.0,-99.8,-99.8,0.0,-99.8,-99.8,-99.8,-99.8,-99.8,-99.8,-99.8
2022-05-05 17:00:00,1011.2,20.0,83.0,4.9,31.0,-99.8,-99.8,0.0,-99.8,-99.8,-99.8,-99.8,-99.8,-99.8,-99.8
2022-05-05 18:00:00,1011.5,19.6,85.0,3.6,33.0,-99.8,-99.8,0.0,-99.8,-99.8,-99.8,-99.8,-99.8,-99.8,-99.8
2022-05-05 19:00:00,1011.6,19.1,88.0,2.6,34.0,-99.8,-99.8,0.0,-99.8,-99.8,-99.8,-99.8,-99.8,-99.8,-99.8
2022-05-05 20:00:00,1012.0,19.1,91.0,2.8,11.0,-99.8,-99.8,0.0,-99.8,-99.8,-99.8,-99.8,-99.8,-99.8,-99.8
2022-05-05 21:00:00,1012.7,18.8,93.0,4.7,13.0,-99.8,-99.8,0.0,-99.8,-99.8,-99.8,-99.8,-99.8,-99.8,-99.8
2022-05-05 22:00:00,1013.0,19.0,93.0,6.2,11.0,-99.8,-99.8,0.0,-99.8,-99.8,-99.8,-99.8,-99.8,-99.8,-99.8
2022-05-05 23:00:00,1012.9,18.9,94.0,6.5,7.0,-99.8,-99.8,0.0,-99.8,-99.8,-99.8,-99.8,-99.8,-99.8,-99.8
2022-05-06 00:00:00,1012.7,18.8,93.0,7.2,10.0,-99.8,-99.8,0.0,-99.8,-99.8,-99.8,-99.8,-99.8,-99.8,-99.8
2022-05-06 01:00:00,1012.5,18.6,95.0,6.8,13.0,-99.8,-99.8,0.0,-99.8,-99.8,-99.8,-99.8,-99.8,-99.8,-99.8
2022-05-06 02:00:00,1012.0,18.6,96.0,5.8,12.0,-99.8,-99.8,0.0,-99.8,-99.8,-99.8,-99.8,-99.8,-99.8,-99.8
2022-05-06 03:00:00,1011.8,18.6,96.0,6.3,14.0,-99.8,-99.8,0.0,-99.8,-99.8,-99.8,-99.8,-99.8,-99.8,-99.8
2022-05-06 04:00:00,1011.9,18.6,95.0,5.9,16.0,-99.8,-99.8,0.0,-99.8,-99.8,-99.8,-99.8,-99.8,-99.8,-99.8
2022-05-06 05:00:00,1012.1,18.4,96.0,5.7,17.0,-99.8,-99.8,0.0,-99.8,-99.8,-99.8,-99.8,-99.8,-99.8,-99.8
2022-05-06 06:00:00,1012.7,18.7,90.0,5.8,360.0,-99.8,-99.8,0.0,-99.8,-99.8,-99.8,-99.8,-99.8,-99.8,-99.8
2022-05-06 07:00:00,1012.9,19.1,91.0,5.2,11.0,-99.8,-99.8,0.0,-99.8,-99.8,-99.8,-99.8,-99.8,-99.8,-99.8
2022-05-06 08:00:00,1013.4,19.6,88.0,5.2,9.0,-99.8,-99.8,0.0,-99.8,-99.8,-99.8,-99.8,-99.8,-99.8,-99.8
2022-05-06 09:00:00,1013.6,19.8,87.0,4.2,2.0,-99.8,-99.8,0.0,-99.8,-99.8,-99.8,-99.8,-99.8,-99.8,-99.8
2022-05-06 10:00:00,1014.0,20.6,84.0,3.0,359.0,-99.8,-99.8,0.0,-99.8,-99.8,-99.8,-99.8,-99.8,-99.8,-99.8
2022-05-06 11:00:00,1013.9,21.1,79.0,2.9,16.0,-99.8,-99.8,0.0,-99.8,-99.8,-99.8,-99.8,-99.8,-99.8,-99.8
2022-05-06 12:00:00,1013.4,21.1,78.0,3.5,21.0,-99.8,-99.8,0.0,-99.8,-99.8,-99.8,-99.8,-99.8,-99.8,-99.8
2022-05-06 13:00:00,1012.9,21.3,80.0,3.6,22.0,-99.8,-99.8,0.0,-99.8,-99.8,-99.8,-99.8,-99.8,-99.8,-99.8
2022-05-06 14:00:00,1012.2,20.6,84.0,3.7,25.0,-99.8,-99.8,0.0,-99.8,-99.8,-99.8,-99.8,-99.8,-99.8,-99.8
2022-05-06 15:00:00,1011.9,21.0,86.0,2.1,25.0,-99.8,-99.8,0.0,-99.8,-99.8,-99.8,-99.8,-99.8,-99.8,-99.8
2022-05-06 16:00:00,1011.6,20.8,87.0,2.6,23.0,-99.8,-99.8,0.0,-99.8,-99.8,-99.8,-99.8,-99.8,-99.8,-99.8
2022-05-06 17:00:00,1011.6,21.2,86.0,3.1,29.0,-99.8,-99.8,0.0,-99.8,-99.8,-99.8,-99.8,-99.8,-99.8,-99.8
2022-05-06 18:00:00,1011.8,20.2,91.0,2.0,13.0,-99.8,-99.8,0.0,-99.8,-99.8,-99.8,-99.8,-99.8,-99.8,-99.8
2022-05-06 19:00:00,1012.2,20.0,94.0,2.4,19.0,-99.8,-99.8,0.0,-99.8,-99.8,-99.8,-99.8,-99.8,-99.8,-99.8
2022-05-06 20:00:00,1012.7,19.7,95.0,2.5,18.0,-99.8,-99.8,0.0,-99.8,-99.8,-99.8,-99.8,-99.8,-99.8,-99.8
2022-05-06 21:00:00,1013.1,19.5,95.0,3.4,24.0,-99.8,-99.8,0.0,-99.8,-99.8,-99.8,-99.8,-99.8,-99.8,-99.8
2022-05-06 22:00:00,1013.6,19.4,95.0,3.4,21.0,-99.8,-99.8,0.0,-99.8,-99.8,-99.8,-99.8,-99.8,-99.8,-99.8
2022-05-06 23:00:00,1013.6,19.3,96.0,4.0,12.0,-99.8,-99.8,0.0,-99.8,-99.8,-99.8,-99.8,-99.8,-99.8,-99.8
2022-05-07 00:00:00,1013.2,19.5,95.0,4.4,11.0,-99.8,-99.8,0.0,-99.8,-99.8,-99.8,-99.8,-99.8,-99.8,-99.8
2022-05-07 01:00:00,1013.0,19.5,94.0,4.7,7.0,-99.8,-99.8,0.0,-99.8,-99.8,-99.8,-99.8,-99.8,-99.8,-99.8
2022-05-07 02:00:00,1012.7,19.4,94.0,5.4,11.0,-99.8,-99.8,0.0,-99.8,-99.8,-99.8,-99.8,-99.8,-99.8,-99.8
2022-05-07 03:00:00,1012.6,19.4,94.0,4.9,8.0,-99.8,-99.8,0.0,-99.8,-99.8,-99.8,-99.8,-99.8,-99.8,-99.8
2022-05-07 04:00:00,1012.9,19.4,93.0,3.9,360.0,-99.8,-99.8,0.0,-99.8,-99.8,-99.8,-99.8,-99.8,-99.8,-99.8
2022-05-07 05:00:00,1013.0,19.5,93.0,4.9,8.0,-99.8,-99.8,0.0,-99.8,-99.8,-99.8,-99.8,-99.8,-99.8,-99.8
2022-05-07 06:00:00,1013.5,19.5,92.0,4.4,8.0,-99.8,-99.8,0.0,-99.8,-99.8,-99.8,-99.8,-99.8,-99.8,-99.8
2022-05-07 07:00:00,1014.0,20.0,90.0,4.9,10.0,-99.8,-99.8,0.0,-99.8,-99.8,-99.8,-99.8,-99.8,-99.8,-99.8
2022-05-07 08:00:00,1014.5,20.4,89.0,5.6,12.0,-99.8,-99.8,0.0,-99.8,-99.8,-99.8,-99.8,-99.8,-99.8,-99.8
2022-05-07 09:00:00,1015.2,20.6,87.0,4.2,359.0,-99.8,-99.8,0.0,-99.8,-99.8,-99.8,-99.8,-99.8,-99.8,-99.8
2022-05-07 10:00:00,1015.4,21.3,83.0,3.8,357.0,-99.8,-99.8,0.0,-99.8,-99.8,-99.8,-99.8,-99.8,-99.8,-99.8
2022-05-07 11:00:00,1015.3,21.2,83.0,4.3,4.0,-99.8,-99.8,0.0,-99.8,-99.8,-99.8,-99.8,-99.8,-99.8,-99.8
2022-05-07 12:00:00,1014.8,21.6,83.0,3.8,6.0,-99.8,-99.8,0.0,-99.8,-99.8,-99.8,-99.8,-99.8,-99.8,-99.8
2022-05-07 13:00:00,1014.4,21.3,85.0,3.6,13.0,-99.8,-99.8,0.0,-99.8,-99.8,-99.8,-99.8,-99.8,-99.8,-99.8
2022-05-07 14:00:00,1013.7,21.5,81.0,4.2,23.0,-99.8,-99.8,0.0,-99.8,-99.8,-99.8,-99.8,-99.8,-99.8,-99.8
2022-05-07 15:00:00,1013.6,21.0,82.0,3.0,28.0,-99.8,-99.8,0.0,-99.8,-99.8,-99.8,-99.8,-99.8,-99.8,-99.8
2022-05-07 16:00:00,1013.2,20.7,83.0,3.4,39.0,-99.8,-99.8,0.0,-99.8,-99.8,-99.8,-99.8,-99.8,-99.8,-99.8
2022-05-07 17:00:00,1013.2,20.6,85.0,2.7,40.0,-99.8,-99.8,0.0,-99.8,-99.8,-99.8,-99.8,-99.8,-99.8,-99.8
2022-05-07 18:00:00,1013.7,20.3,90.0,2.3,15.0,-99.8,-99.8,0.0,-99.8,-99.8,-99.8,-99.8,-99.8,-99.8,-99.8
2022-05-07 19:00:00,1014.0,20.1,92.0,1.5,9.0,-99.8,-99.8,0.0,-99.8,-99.8,-99.8,-99.8,-99.8,-99.8,-99.8
2022-05-07 20:00:00,1014.7,20.2,90.0,2.5,354.0,-99.8,-99.8,0.0,-99.8,-99.8,-99.8,-99.8,-99.8,-99.8,-99.8
2022-05-07 21:00:00,1015.3,20.4,89.0,2.6,341.0,-99.8,-99.8,0.0,-99.8,-99.8,-99.8,-99.8,-99.8,-99.8,-99.8
2022-05-07 22:00:00,1015.4,20.0,91.0,1.9,354.0,-99.8,-99.8,0.0,-99.8,-99.8,-99.8,-99.8,-99.8,-99.8,-99.8
2022-05-07 23:00:00,1015.5,19.9,92.0,3.8,10.0,-99.8,-99.8,0.0,-99.8,-99.8,-99.8,-99.8,-99.8,-99.8,-99.8
2022-05-08 00:00:00,1014.9,19.7,93.0,4.5,13.0,-99.8,-99.8,0.0,-99.8,-99.8,-99.8,-99.8,-99.8,-99.8,-99.8
2022-05-08 01:00:00,1015.0,19.7,92.0,4.3,6.0,-99.8,-99.8,0.0,-99.8,-99.8,-99.8,-99.8,-99.8,-99.8,-99.8
2022-05-08 02:00:00,1014.2,19.6,94.0,5.5,8.0,-99.8,-99.8,0.0,-99.8,-99.8,-99.8,-99.8,-99.8,-99.8,-99.8
2022-05-08 03:00:00,1013.2,19.5,95.0,6.1,26.0,-99.8,-99.8,0.0,-99.8,-99.8,-99.8,-99.8,-99.8,-99.8,-99.8
2022-05-08 04:00:00,1013.5,19.3,95.0,5.9,29.0,-99.8,-99.8,0.0,-99.8,-99.8,-99.8,-99.8,-99.8,-99.8,-99.8
2022-05-08 05:00:00,1014.0,19.2,94.0,6.5,27.0,-99.8,-99.8,0.0,-99.8,-99.8,-99.8,-99.8,-99.8,-99.8,-99.8
2022-05-08 06:00:00,1014.4,19.0,94.0,6.8,29.0,-99.8,-99.8,0.0,-99.8,-99.8,-99.8,-99.8,-99.8,-99.8,-99.8
2022-05-08 07:00:00,1015.1,18.9,94.0,6.3,28.0,-99.8,-99.8,0.0,-99.8,-99.8,-99.8,-99.8,-99.8,-99.8,-99.8
2022-05-08 08:00:00,1015.6,18.9,93.0,5.5,31.0,-99.8,-99.8,0.0,-99.8,-99.8,-99.8,-99.8,-99.8,-99.8,-99.8
2022-05-08 09:00:00,1015.6,19.0,93.0,7.0,26.0,-99.8,-99.8,0.0,-99.8,-99.8,-99.8,-99.8,-99.8,-99.8,-99.8
2022-05-08 10:00:00,1016.0,19.3,91.0,5.8,28.0,-99.8,-99.8,0.0,-99.8,-99.8,-99.8,-99.8,-99.8,-99.8,-99.8
2022-05-08 11:00:00,1015.7,19.2,91.0,6.9,27.0,-99.8,-99.8,0.0,-99.8,-99.8,-99.8,-99.8,-99.8,-99.8,-99.8
2022-05-08 12:00:00,1015.1,19.5,91.0,6.0,32.0,-99.8,-99.8,0.0,-99.8,-99.8,-99.8,-99.8,-99.8,-99.8,-99.8
2022-05-08 13:00:00,1014.7,19.7,89.0,6.5,26.0,-99.8,-99.8,0.0,-99.8,-99.8,-99.8,-99.8,-99.8,-99.8,-99.8
2022-05-08 14:00:00,1014.2,19.4,90.0,5.3,25.0,-99.8,-99.8,0.0,-99.8,-99.8,-99.8,-99.8,-99.8,-99.8,-99.8
2022-05-08 15:00:00,1013.9,19.3,90.0,4.8,29.0,-99.8,-99.8,0.0,-99.8,-99.8,-99.8,-99.8,-99.8,-99.8,-99.8
2022-05-08 16:00:00,1013.6,19.3,90.0,4.8,25.0,-99.8,-99.8,0.0,-99.8,-99.8,-99.8,-99.8,-99.8,-99.8,-99.8
2022-05-08 17:00:00,1013.0,19.2,91.0,3.8,22.0,-99.8,-99.8,0.0,-99.8,-99.8,-99.8,-99.8,-99.8,-99.8,-99.8
2022-05-08 18:00:00,1012.8,19.0,92.0,3.4,28.0,-99.8,-99.8,0.0,-99.8,-99.8,-99.8,-99.8,-99.8,-99.8,-99.8
2022-05-08 19:00:00,1013.0,19.1,93.0,3.3,7.0,-99.8,-99.8,0.0,-99.8,-99.8,-99.8,-99.8,-99.8,-99.8,-99.8
2022-05-08 20:00:00,1013.5,19.2,92.0,4.1,3.0,-99.8,-99.8,0.0,-99.8,-99.8,-99.8,-99.8,-99.8,-99.8,-99.8
2022-05-08 21:00:00,1013.7,19.1,93.0,3.4,7.0,-99.8,-99.8,0.0,-99.8,-99.8,-99.8,-99.8,-99.8,-99.8,-99.8
2022-05-08 22:00:00,1014.1,19.1,92.0,3.7,14.0,-99.8,-99.8,0.0,-99.8,-99.8,-99.8,-99.8,-99.8,-99.8,-99.8
2022-05-08 23:00:00,1014.1,19.1,94.0,3.7,18.0,-99.8,-99.8,0.0,-99.8,-99.8,-99.8,-99.8,-99.8,-99.8,-99.8
2022-05-09 00:00:00,1013.6,19.0,95.0,4.5,16.0,-99.8,-99.8,0.0,-99.8,-99.8,-99.8,-99.8,-99.8,-99.8,-99.8
2022-05-09 01:00:00,1013.3,19.0,94.0,4.4,21.0,-99.8,-99.8,0.0,-99.8,-99.8,-99.8,-99.8,-99.8,-99.8,-99.8
2022-05-09 02:00:00,1013.0,18.9,94.0,5.6,22.0,-99.8,-99.8,0.0,-99.8,-99.8,-99.8,-99.8,-99.8,-99.8,-99.8
2022-05-09 03:00:00,1012.9,18.4,96.0,6.5,17.0,-99.8,-99.8,0.0,-99.8,-99.8,-99.8,-99.8,-99.8,-99.8,-99.8
2022-05-09 04:00:00,1012.7,18.4,96.0,6.1,18.0,-99.8,-99.8,0.0,-99.8,-99.8,-99.8,-99.8,-99.8,-99.8,-99.8
2022-05-09 05:00:00,1012.1,18.2,96.0,8.0,27.0,-99.8,-99.8,0.0,-99.8,-99.8,-99.8,-99.8,-99.8,-99.8,-99.8
2022-05-09 06:00:00,1013.5,18.5,94.0,5.2,30.0,-99.8,-99.8,0.0,-99.8,-99.8,-99.8,-99.8,-99.8,-99.8,-99.8
2022-05-09 07:00:00,1014.5,18.3,95.0,5.4,27.0,-99.8,-99.8,0.0,-99.8,-99.8,-99.8,-99.8,-99.8,-99.8,-99.8
2022-05-09 08:00:00,1015.0,18.3,95.0,4.9,19.0,-99.8,-99.8,0.0,-99.8,-99.8,-99.8,-99.8,-99.8,-99.8,-99.8
2022-05-09 09:00:00,1015.5,18.4,95.0,5.6,9.0,-99.8,-99.8,0.0,-99.8,-99.8,-99.8,-99.8,-99.8,-99.8,-99.8
2022-05-09 10:00:00,1015.0,18.5,95.0,7.3,12.0,-99.8,-99.8,0.0,-99.8,-99.8,-99.8,-99.8,-99.8,-99.8,-99.8
2022-05-09 11:00:00,1014.8,18.6,95.0,7.1,24.0,-99.8,-99.8,0.0,-99.8,-99.8,-99.8,-99.8,-99.8,-99.8,-99.8
2022-05-09 12:00:00,1014.9,18.7,92.0,5.4,27.0,-99.8,-99.8,0.0,-99.8,-99.8,-99.8,-99.8,-99.8,-99.8,-99.8
2022-05-09 13:00:00,1014.3,18.6,95.0,5.0,22.0,-99.8,-99.8,0.0,-99.8,-99.8,-99.8,-99.8,-99.8,-99.8,-99.8
2022-05-09 14:00:00,1013.3,18.6,95.0,5.6,23.0,-99.8,-99.8,0.0,-99.8,-99.8,-99.8,-99.8,-99.8,-99.8,-99.8
2022-05-09 15:00:00,1012.5,18.8,94.0,6.4,21.0,-99.8,-99.8,0.0,-99.8,-99.8,-99.8,-99.8,-99.8,-99.8,-99.8
2022-05-09 16:00:00,1012.4,18.8,94.0,6.4,22.0,-99.8,-99.8,0.0,-99.8,-99.8,-99.8,-99.8,-99.8,-99.8,-99.8
2022-05-09 17:00:00,1012.4,18.8,93.0,5.7,19.0,-99.8,-99.8,0.0,-99.8,-99.8,-99.8,-99.8,-99.8,-99.8,-99.8
2022-05-09 18:00:00,1012.4,18.7,94.0,6.2,21.0,-99.8,-99.8,0.0,-99.8,-99.8,-99.8,-99.8,-99.8,-99.8,-99.8
2022-05-09 19:00:00,1013.0,18.6,96.0,6.6,13.0,-99.8,-99.8,0.0,-99.8,-99.8,-99.8,-99.8,-99.8,-99.8,-99.8
2022-05-09 20:00:00,1013.5,18.7,95.0,6.1,13.0,-99.8,-99.8,0.0,-99.8,-99.8,-99.8,-99.8,-99.8,-99.8,-99.8
2022-05-09 21:00:00,1013.6,18.6,96.0,6.1,17.0,-99.8,-99.8,0.0,-99.8,-99.8,-99.8,-99.8,-99.8,-99.8,-99.8
2022-05-09 22:00:00,1013.8,18.6,96.0,5.8,21.0,-99.8,-99.8,0.0,-99.8,-99.8,-99.8,-99.8,-99.8,-99.8,-99.8
2022-05-09 23:00:00,1013.4,18.7,95.0,5.5,21.0,-99.8,-99.8,0.0,-99.8,-99.8,-99.8,-99.8,-99.8,-99.8,-99.8
2022-05-10 00:00:00,1013.0,18.8,95.0,6.0,15.0,-99.8,-99.8,0.0,-99.8,-99.8,-99.8,-99.8,-99.8,-99.8,-99.8
2022-05-10 01:00:00,1012.5,18.7,95.0,5.6,18.0,-99.8,-99.8,0.0,-99.8,-99.8,-99.8,-99.8,-99.8,-99.8,-99.8
2022-05-10 02:00:00,1011.8,18.7,94.0,6.7,17.0,-99.8,-99.8,0.0,-99.8,-99.8,-99.8,-99.8,-99.8,-99.8,-99.8
2022-05-10 03:00:00,1011.0,18.7,94.0,7.6,24.0,-99.8,-99.8,0.0,-99.8,-99.8,-99.8,-99.8,-99.8,-99.8,-99.8
2022-05-10 04:00:00,1011.1,18.5,95.0,7.1,22.0,-99.8,-99.8,0.0,-99.8,-99.8,-99.8,-99.8,-99.8,-99.8,-99.8
2022-05-10 05:00:00,1011.5,18.2,96.0,6.9,22.0,-99.8,-99.8,0.0,-99.8,-99.8,-99.8,-99.8,-99.8,-99.8,-99.8
2022-05-10 06:00:00,1011.7,18.2,96.0,6.8,22.0,-99.8,-99.8,0.0,-99.8,-99.8,-99.8,-99.8,-99.8,-99.8,-99.8
2022-05-10 07:00:00,1012.2,18.2,96.0,6.7,20.0,-99.8,-99.8,0.0,-99.8,-99.8,-99.8,-99.8,-99.8,-99.8,-99.8
2022-05-10 08:00:00,1012.1,18.7,93.0,6.9,20.0,-99.8,-99.8,0.0,-99.8,-99.8,-99.8,-99.8,-99.8,-99.8,-99.8
2022-05-10 09:00:00,1012.4,18.8,92.0,6.2,14.0,-99.8,-99.8,0.0,-99.8,-99.8,-99.8,-99.8,-99.8,-99.8,-99.8
2022-05-10 10:00:00,1012.2,18.8,92.0,6.4,10.0,-99.8,-99.8,0.0,-99.8,-99.8,-99.8,-99.8,-99.8,-99.8,-99.8
2022-05-10 11:00:00,1011.8,18.7,92.0,5.9,16.0,-99.8,-99.8,0.0,-99.8,-99.8,-99.8,-99.8,-99.8,-99.8,-99.8
2022-05-10 12:00:00,1011.4,18.4,94.0,6.2,17.0,-99.8,-99.8,0.0,-99.8,-99.8,-99.8,-99.8,-99.8,-99.8,-99.8
2022-05-10 13:00:00,1010.2,18.5,95.0,7.7,15.0,-99.8,-99.8,0.0,-99.8,-99.8,-99.8,-99.8,-99.8,-99.8,-99.8
2022-05-10 14:00:00,1009.8,18.3,95.0,6.5,13.0,-99.8,-99.8,0.0,-99.8,-99.8,-99.8,-99.8,-99.8,-99.8,-99.8
2022-05-10 15:00:00,1009.7,18.4,95.0,5.5,14.0,-99.8,-99.8,0.0,-99.8,-99.8,-99.8,-99.8,-99.8,-99.8,-99.8
2022-05-10 16:00:00,1009.3,18.4,95.0,5.1,22.0,-99.8,-99.8,0.0,-99.8,-99.8,-99.8,-99.8,-99.8,-99.8,-99.8
2022-05-10 17:00:00,1009.2,18.6,95.0,5.3,14.0,-99.8,-99.8,0.0,-99.8,-99.8,-99.8,-99.8,-99.8,-99.8,-99.8
2022-05-10 18:00:00,1009.4,18.5,94.0,5.6,23.0,-99.8,-99.8,0.0,-99.8,-99.8,-99.8,-99.8,-99.8,-99.8,-99.8
2022-05-10 19:00:00,1009.8,18.6,94.0,5.8,28.0,-99.8,-99.8,0.0,-99.8,-99.8,-99.8,-99.8,-99.8,-99.8,-99.8
2022-05-10 20:00:00,1010.5,18.5,95.0,4.8,20.0,-99.8,-99.8,0.0,-99.8,-99.8,-99.8,-99.8,-99.8,-99.8,-99.8
2022-05-10 21:00:00,1010.4,18.4,96.0,3.5,33.0,-99.8,-99.8,0.0,-99.8,-99.8,-99.8,-99.8,-99.8,-99.8,-99.8
2022-05-10 22:00:00,1010.8,18.6,96.0,3.8,25.0,-99.8,-99.8,0.0,-99.8,-99.8,-99.8,-99.8,-99.8,-99.8,-99.8
2022-05-10 23:00:00,1010.3,18.4,97.0,4.2,20.0,-99.8,-99.8,0.0,-99.8,-99.8,-99.8,-99.8,-99.8,-99.8,-99.8
2022-05-11 00:00:00,1009.7,18.3,97.0,4.0,22.0,-99.8,-99.8,0.0,-99.8,-99.8,-99.8,-99.8,-99.8,-99.8,-99.8
2022-05-11 01:00:00,1009.0,18.5,97.0,5.0,14.0,-99.8,-99.8,0.0,-99.8,-99.8,-99.8,-99.8,-99.8,-99.8,-99.8
2022-05-11 02:00:00,1008.7,18.5,96.0,5.4,14.0,-99.8,-99.8,0.0,-99.8,-99.8,-99.8,-99.8,-99.8,-99.8,-99.8
2022-05-11 03:00:00,1008.7,18.4,97.0,4.3,16.0,-99.8,-99.8,0.0,-99.8,-99.8,-99.8,-99.8,-99.8,-99.8,-99.8
2022-05-11 04:00:00,1008.5,18.4,97.0,4.1,19.0,-99.8,-99.8,0.0,-99.8,-99.8,-99.8,-99.8,-99.8,-99.8,-99.8
2022-05-11 05:00:00,1008.2,18.4,98.0,5.6,25.0,-99.8,-99.8,0.0,-99.8,-99.8,-99.8,-99.8,-99.8,-99.8,-99.8
2022-05-11 06:00:00,1008.9,18.5,98.0,4.7,22.0,-99.8,-99.8,0.0,-99.8,-99.8,-99.8,-99.8,-99.8,-99.8,-99.8
2022-05-11 07:00:00,1009.7,18.4,98.0,4.1,25.0,-99.8,-99.8,0.0,-99.8,-99.8,-99.8,-99.8,-99.8,-99.8,-99.8
2022-05-11 08:00:00,1010.0,18.6,98.0,3.7,31.0,-99.8,-99.8,0.0,-99.8,-99.8,-99.8,-99.8,-99.8,-99.8,-99.8
2022-05-11 09:00:00,1010.3,18.7,98.0,3.9,25.0,-99.8,-99.8,0.0,-99.8,-99.8,-99.8,-99.8,-99.8,-99.8,-99.8
2022-05-11 10:00:00,1010.5,19.1,97.0,4.6,24.0,-99.8,-99.8,0.0,-99.8,-99.8,-99.8,-99.8,-99.8,-99.8,-99.8
2022-05-11 11:00:00,1010.6,19.0,96.0,3.9,19.0,-99.8,-99.8,0.0,-99.8,-99.8,-99.8,-99.8,-99.8,-99.8,-99.8
2022-05-11 12:00:00,1010.1,19.3,94.0,3.2,24.0,-99.8,-99.8,0.0,-99.8,-99.8,-99.8,-99.8,-99.8,-99.8,-99.8
2022-05-11 13:00:00,1009.3,19.9,92.0,3.3,28.0,-99.8,-99.8,0.0,-99.8,-99.8,-99.8,-99.8,-99.8,-99.8,-99.8
2022-05-11 14:00:00,1009.1,19.6,93.0,3.8,22.0,-99.8,-99.8,0.0,-99.8,-99.8,-99.8,-99.8,-99.8,-99.8,-99.8
2022-05-11 15:00:00,1008.6,19.4,94.0,5.6,27.0,-99.8,-99.8,0.0,-99.8,-99.8,-99.8,-99.8,-99.8,-99.8,-99.8
2022-05-11 16:00:00,1008.6,19.4,93.0,4.4,34.0,-99.8,-99.8,0.0,-99.8,-99.8,-99.8,-99.8,-99.8,-99.8,-99.8
2022-05-11 17:00:00,1008.9,19.2,95.0,3.8,29.0,-99.8,-99.8,0.0,-99.8,-99.8,-99.8,-99.8,-99.8,-99.8,-99.8
2022-05-11 18:00:00,1009.0,19.2,95.0,3.5,34.0,-99.8,-99.8,0.0,-99.8,-99.8,-99.8,-99.8,-99.8,-99.8,-99.8
2022-05-11 19:00:00,1009.5,19.1,95.0,4.5,31.0,-99.8,-99.8,0.0,-99.8,-99.8,-99.8,-99.8,-99.8,-99.8,-99.8
2022-05-11 20:00:00,1010.0,19.2,96.0,3.9,30.0,-99.8,-99.8,0.0,-99.8,-99.8,-99.8,-99.8,-99.8,-99.8,-99.8
2022-05-11 21:00:00,1010.5,19.1,96.0,4.7,28.0,-99.8,-99.8,0.0,-99.8,-99.8,-99.8,-99.8,-99.8,-99.8,-99.8
2022-05-11 22:00:00,1010.6,18.9,96.0,5.0,30.0,-99.8,-99.8,0.0,-99.8,-99.8,-99.8,-99.8,-99.8,-99.8,-99.8
2022-05-11 23:00:00,1010.2,18.8,96.0,5.6,29.0,-99.8,-99.8,0.0,-99.8,-99.8,-99.8,-99.8,-99.8,-99.8,-99.8
2022-05-12 00:00:00,1009.8,18.8,95.0,6.0,27.0,-99.8,-99.8,0.0,-99.8,-99.8,-99.8,-99.8,-99.8,-99.8,-99.8
2022-05-12 01:00:00,1009.5,18.7,95.0,5.7,27.0,-99.8,-99.8,0.0,-99.8,-99.8,-99.8,-99.8,-99.8,-99.8,-99.8
2022-05-12 02:00:00,1008.9,18.7,96.0,4.7,31.0,-99.8,-99.8,0.0,-99.8,-99.8,-99.8,-99.8,-99.8,-99.8,-99.8
2022-05-12 03:00:00,1008.8,18.6,96.0,5.0,33.0,-99.8,-99.8,0.0,-99.8,-99.8,-99.8,-99.8,-99.8,-99.8,-99.8
2022-05-12 04:00:00,1008.7,18.6,97.0,5.1,31.0,-99.8,-99.8,0.0,-99.8,-99.8,-99.8,-99.8,-99.8,-99.8,-99.8
2022-05-12 05:00:00,1008.2,18.5,97.0,5.3,30.0,-99.8,-99.8,0.0,-99.8,-99.8,-99.8,-99.8,-99.8,-99.8,-99.8
2022-05-12 06:00:00,1008.7,18.6,96.0,6.0,30.0,-99.8,-99.8,0.0,-99.8,-99.8,-99.8,-99.8,-99.8,-99.8,-99.8
2022-05-12 07:00:00,1009.8,18.8,95.0,4.9,29.0,-99.8,-99.8,0.0,-99.8,-99.8,-99.8,-99.8,-99.8,-99.8,-99.8
2022-05-12 08:00:00,1009.9,18.8,95.0,4.8,28.0,-99.8,-99.8,0.0,-99.8,-99.8,-99.8,-99.8,-99.8,-99.8,-99.8
2022-05-12 09:00:00,1009.9,18.8,96.0,5.3,17.0,-99.8,-99.8,0.0,-99.8,-99.8,-99.8,-99.8,-99.8,-99.8,-99.8
2022-05-12 10:00:00,1009.9,18.9,96.0,5.1,21.0,-99.8,-99.8,0.0,-99.8,-99.8,-99.8,-99.8,-99.8,-99.8,-99.8
2022-05-12 11:00:00,1009.5,18.9,96.0,5.5,17.0,-99.8,-99.8,0.0,-99.8,-99.8,-99.8,-99.8,-99.8,-99.8,-99.8
2022-05-12 12:00:00,1008.9,18.8,96.0,5.6,22.0,-99.8,-99.8,0.0,-99.8,-99.8,-99.8,-99.8,-99.8,-99.8,-99.8
2022-05-12 13:00:00,1008.2,18.7,96.0,6.2,16.0,-99.8,-99.8,0.0,-99.8,-99.8,-99.8,-99.8,-99.8,-99.8,-99.8
2022-05-12 14:00:00,1007.8,18.6,96.0,5.6,27.0,-99.8,-99.8,0.0,-99.8,-99.8,-99.8,-99.8,-99.8,-99.8,-99.8
2022-05-12 15:00:00,1007.1,18.5,97.0,4.9,26.0,-99.8,-99.8,0.0,-99.8,-99.8,-99.8,-99.8,-99.8,-99.8,-99.8
2022-05-12 16:00:00,1006.9,18.5,97.0,3.9,34.0,-99.8,-99.8,0.0,-99.8,-99.8,-99.8,-99.8,-99.8,-99.8,-99.8
2022-05-12 17:00:00,1007.1,18.5,97.0,2.6,35.0,-99.8,-99.8,0.0,-99.8,-99.8,-99.8,-99.8,-99.8,-99.8,-99.8
2022-05-12 18:00:00,1006.8,18.6,98.0,3.1,23.0,-99.8,-99.8,0.0,-99.8,-99.8,-99.8,-99.8,-99.8,-99.8,-99.8
2022-05-12 19:00:00,1006.9,18.6,98.0,3.3,26.0,-99.8,-99.8,0.0,-99.8,-99.8,-99.8,-99.8,-99.8,-99.8,-99.8
2022-05-12 20:00:00,1007.2,18.6,98.0,2.4,14.0,-99.8,-99.8,0.0,-99.8,-99.8,-99.8,-99.8,-99.8,-99.8,-99.8
2022-05-12 21:00:00,1007.3,18.6,98.0,3.5,12.0,-99.8,-99.8,0.0,-99.8,-99.8,-99.8,-99.8,-99.8,-99.8,-99.8
2022-05-12 22:00:00,1007.5,18.5,98.0,4.0,3.0,-99.8,-99.8,0.0,-99.8,-99.8,-99.8,-99.8,-99.8,-99.8,-99.8
2022-05-12 23:00:00,1006.9,18.5,98.0,4.3,9.0,-99.8,-99.8,0.0,-99.8,-99.8,-99.8,-99.8,-99.8,-99.8,-99.8
2022-05-13 00:00:00,1006.5,18.6,98.0,3.4,358.0,-99.8,-99.8,0.0,-99.8,-99.8,-99.8,-99.8,-99.8,-99.8,-99.8
2022-05-13 01:00:00,1005.8,18.5,98.0,3.1,9.0,-99.8,-99.8,0.0,-99.8,-99.8,-99.8,-99.8,-99.8,-99.8,-99.8
2022-05-13 02:00:00,1005.4,18.6,98.0,2.7,13.0,-99.8,-99.8,0.0,-99.8,-99.8,-99.8,-99.8,-99.8,-99.8,-99.8
2022-05-13 03:00:00,1004.9,18.6,98.0,2.0,13.0,-99.8,-99.8,0.0,-99.8,-99.8,-99.8,-99.8,-99.8,-99.8,-99.8
2022-05-13 04:00:00,1004.6,18.5,98.0,2.8,36.0,-99.8,-99.8,0.0,-99.8,-99.8,-99.8,-99.8,-99.8,-99.8,-99.8
2022-05-13 05:00:00,1004.1,18.5,98.0,4.6,26.0,-99.8,-99.8,0.0,-99.8,-99.8,-99.8,-99.8,-99.8,-99.8,-99.8
2022-05-13 06:00:00,1004.7,18.6,98.0,2.9,32.0,-99.8,-99.8,0.0,-99.8,-99.8,-99.8,-99.8,-99.8,-99.8,-99.8
2022-05-13 07:00:00,1004.9,18.7,98.0,2.9,36.0,-99.8,-99.8,0.0,-99.8,-99.8,-99.8,-99.8,-99.8,-99.8,-99.8
2022-05-13 08:00:00,1005.4,18.8,98.0,3.7,23.0,-99.8,-99.8,0.0,-99.8,-99.8,-99.8,-99.8,-99.8,-99.8,-99.8
2022-05-13 09:00:00,1005.5,18.8,98.0,4.5,24.0,-99.8,-99.8,0.0,-99.8,-99.8,-99.8,-99.8,-99.8,-99.8,-99.8
2022-05-13 10:00:00,1005.7,19.0,98.0,4.6,25.0,-99.8,-99.8,0.0,-99.8,-99.8,-99.8,-99.8,-99.8,-99.8,-99.8
2022-05-13 11:00:00,1006.0,19.0,98.0,4.6,22.0,-99.8,-99.8,0.0,-99.8,-99.8,-99.8,-99.8,-99.8,-99.8,-99.8
2022-05-13 12:00:00,1006.1,18.9,98.0,4.3,19.0,-99.8,-99.8,0.0,-99.8,-99.8,-99.8,-99.8,-99.8,-99.8,-99.8
2022-05-13 13:00:00,1005.9,18.9,98.0,4.8,24.0,-99.8,-99.8,0.0,-99.8,-99.8,-99.8,-99.8,-99.8,-99.8,-99.8
2022-05-13 14:00:00,1006.2,18.9,98.0,3.9,31.0,-99.8,-99.8,0.0,-99.8,-99.8,-99.8,-99.8,-99.8,-99.8,-99.8
2022-05-13 15:00:00,1005.9,18.9,98.0,4.9,31.0,-99.8,-99.8,0.0,-99.8,-99.8,-99.8,-99.8,-99.8,-99.8,-99.8
2022-05-13 16:00:00,1005.8,18.9,98.0,4.7,29.0,-99.8,-99.8,0.0,-99.8,-99.8,-99.8,-99.8,-99.8,-99.8,-99.8
2022-05-13 17:00:00,1006.3,18.8,98.0,4.5,30.0,-99.8,-99.8,0.0,-99.8,-99.8,-99.8,-99.8,-99.8,-99.8,-99.8
2022-05-13 18:00:00,1007.3,18.9,98.0,5.4,24.0,-99.8,-99.8,0.0,-99.8,-99.8,-99.8,-99.8,-99.8,-99.8,-99.8
2022-05-13 19:00:00,1008.6,19.0,97.0,4.2,31.0,-99.8,-99.8,0.0,-99.8,-99.8,-99.8,-99.8,-99.8,-99.8,-99.8
2022-05-13 20:00:00,1008.9,19.2,96.0,4.7,28.0,-99.8,-99.8,0.0,-99.8,-99.8,-99.8,-99.8,-99.8,-99.8,-99.8
2022-05-13 21:00:00,1009.6,19.5,94.0,4.8,29.0,-99.8,-99.8,0.5,-99.8,-99.8,-99.8,-99.8,-99.8,-99.8,-99.8
2022-05-13 22:00:00,1009.8,19.2,95.0,4.4,22.0,-99.8,-99.8,0.0,-99.8,-99.8,-99.8,-99.8,-99.8,-99.8,-99.8
2022-05-13 23:00:00,1009.6,19.2,95.0,5.4,22.0,-99.8,-99.8,0.5,-99.8,-99.8,-99.8,-99.8,-99.8,-99.8,-99.8
2022-05-14 00:00:00,1009.6,19.2,92.0,6.0,26.0,-99.8,-99.8,0.0,-99.8,-99.8,-99.8,-99.8,-99.8,-99.8,-99.8
2022-05-14 01:00:00,1009.4,19.3,92.0,6.8,26.0,-99.8,-99.8,0.0,-99.8,-99.8,-99.8,-99.8,-99.8,-99.8,-99.8
2022-05-14 02:00:00,1009.1,19.1,94.0,7.5,26.0,-99.8,-99.8,0.5,-99.8,-99.8,-99.8,-99.8,-99.8,-99.8,-99.8
2022-05-14 03:00:00,1009.5,18.9,90.0,8.0,34.0,-99.8,-99.8,0.0,-99.8,-99.8,-99.8,-99.8,-99.8,-99.8,-99.8
2022-05-14 04:00:00,1009.9,18.6,92.0,7.3,33.0,-99.8,-99.8,0.5,-99.8,-99.8,-99.8,-99.8,-99.8,-99.8,-99.8
2022-05-14 05:00:00,1010.0,18.5,92.0,8.2,32.0,-99.8,-99.8,0.0,-99.8,-99.8,-99.8,-99.8,-99.8,-99.8,-99.8
2022-05-14 06:00:00,1011.2,18.7,89.0,7.3,33.0,-99.8,-99.8,0.0,-99.8,-99.8,-99.8,-99.8,-99.8,-99.8,-99.8
2022-05-14 07:00:00,1012.2,18.2,91.0,7.4,35.0,-99.8,-99.8,1.0,-99.8,-99.8,-99.8,-99.8,-99.8,-99.8,-99.8
2022-05-14 08:00:00,1012.7,16.7,89.0,9.7,34.0,-99.8,-99.8,2.0,-99.8,-99.8,-99.8,-99.8,-99.8,-99.8,-99.8
2022-05-14 09:00:00,1013.1,16.8,90.0,10.1,30.0,-99.8,-99.8,0.0,-99.8,-99.8,-99.8,-99.8,-99.8,-99.8,-99.8
2022-05-14 10:00:00,1013.4,17.0,85.0,10.6,33.0,-99.8,-99.8,0.0,-99.8,-99.8,-99.8,-99.8,-99.8,-99.8,-99.8
2022-05-14 11:00:00,1013.4,16.3,86.0,11.8,27.0,-99.8,-99.8,0.0,-99.8,-99.8,-99.8,-99.8,-99.8,-99.8,-99.8
2022-05-14 12:00:00,1012.8,16.3,88.0,11.8,27.0,-99.8,-99.8,0.0,-99.8,-99.8,-99.8,-99.8,-99.8,-99.8,-99.8
2022-05-14 13:00:00,1012.5,16.3,88.0,11.2,25.0,-99.8,-99.8,0.0,-99.8,-99.8,-99.8,-99.8,-99.8,-99.8,-99.8
2022-05-14 14:00:00,1011.8,15.0,92.0,12.6,22.0,-99.8,-99.8,0.0,-99.8,-99.8,-99.8,-99.8,-99.8,-99.8,-99.8
2022-05-14 15:00:00,1011.7,15.1,95.0,11.5,24.0,-99.8,-99.8,0.0,-99.8,-99.8,-99.8,-99.8,-99.8,-99.8,-99.8
2022-05-14 16:00:00,1011.8,15.6,87.0,11.7,26.0,-99.8,-99.8,0.0,-99.8,-99.8,-99.8,-99.8,-99.8,-99.8,-99.8
2022-05-14 17:00:00,1012.2,15.4,88.0,12.7,21.0,-99.8,-99.8,0.0,-99.8,-99.8,-99.8,-99.8,-99.8,-99.8,-99.8
2022-05-14 18:00:00,1012.3,15.2,93.0,12.2,21.0,-99.8,-99.8,0.0,-99.8,-99.8,-99.8,-99.8,-99.8,-99.8,-99.8
2022-05-14 19:00:00,1012.8,15.2,93.0,12.9,23.0,-99.8,-99.8,0.0,-99.8,-99.8,-99.8,-99.8,-99.8,-99.8,-99.8
2022-05-14 20:00:00,1013.5,15.8,94.0,12.6,22.0,-99.8,-99.8,0.0,-99.8,-99.8,-99.8,-99.8,-99.8,-99.8,-99.8
2022-05-14 21:00:00,1013.8,15.7,91.0,12.4,22.0,-99.8,-99.8,0.0,-99.8,-99.8,-99.8,-99.8,-99.8,-99.8,-99.8
2022-05-14 22:00:00,1014.5,16.0,88.0,12.3,23.0,-99.8,-99.8,0.5,-99.8,-99.8,-99.8,-99.8,-99.8,-99.8,-99.8
2022-05-14 23:00:00,1014.5,15.6,88.0,12.2,29.0,-99.8,-99.8,0.0,-99.8,-99.8,-99.8,-99.8,-99.8,-99.8,-99.8
2022-05-15 00:00:00,1014.4,16.1,88.0,10.9,25.0,-99.8,-99.8,0.0,-99.8,-99.8,-99.8,-99.8,-99.8,-99.8,-99.8
2022-05-15 01:00:00,1014.2,16.0,91.0,10.8,25.0,-99.8,-99.8,0.0,-99.8,-99.8,-99.8,-99.8,-99.8,-99.8,-99.8
2022-05-15 02:00:00,1013.5,15.6,93.0,10.5,25.0,-99.8,-99.8,0.0,-99.8,-99.8,-99.8,-99.8,-99.8,-99.8,-99.8
2022-05-15 03:00:00,1012.8,15.6,88.0,10.6,29.0,-99.8,-99.8,0.0,-99.8,-99.8,-99.8,-99.8,-99.8,-99.8,-99.8
2022-05-15 04:00:00,1012.9,15.7,87.0,11.9,23.0,-99.8,-99.8,0.0,-99.8,-99.8,-99.8,-99.8,-99.8,-99.8,-99.8
2022-05-15 05:00:00,1013.0,15.4,84.0,11.4,28.0,-99.8,-99.8,0.0,-99.8,-99.8,-99.8,-99.8,-99.8,-99.8,-99.8
2022-05-15 06:00:00,1013.9,16.0,77.0,10.6,30.0,-99.8,-99.8,0.0,-99.8,-99.8,-99.8,-99.8,-99.8,-99.8,-99.8
2022-05-15 07:00:00,1015.0,16.0,81.0,12.8,21.0,-99.8,-99.8,0.0,-99.8,-99.8,-99.8,-99.8,-99.8,-99.8,-99.8
2022-05-15 08:00:00,1015.5,15.5,84.0,13.4,24.0,-99.8,-99.8,0.0,-99.8,-99.8,-99.8,-99.8,-99.8,-99.8,-99.8
2022-05-15 09:00:00,1015.6,15.5,83.0,12.2,28.0,-99.8,-99.8,0.0,-99.8,-99.8,-99.8,-99.8,-99.8,-99.8,-99.8
2022-05-15 10:00:00,-9999.7,-99.7,-9997.0,-99.7,-999.7,-99.8,-99.8,0.0,-99.8,-99.8,-99.8,-99.8,-99.8,-99.8,-99.8
2022-05-15 11:00:00,1015.7,14.8,86.0,11.5,27.0,-99.8,-99.8,0.0,-99.8,-99.8,-99.8,-99.8,-99.8,-99.8,-99.8
2022-05-15 12:00:00,1015.5,14.5,91.0,11.8,21.0,-99.8,-99.8,0.0,-99.8,-99.8,-99.8,-99.8,-99.8,-99.8,-99.8
2022-05-15 13:00:00,1015.1,14.3,89.0,10.7,24.0,-99.8,-99.8,2.0,-99.8,-99.8,-99.8,-99.8,-99.8,-99.8,-99.8
2022-05-15 14:00:00,1014.1,14.8,89.0,10.8,23.0,-99.8,-99.8,1.0,-99.8,-99.8,-99.8,-99.8,-99.8,-99.8,-99.8
2022-05-15 15:00:00,1013.9,14.8,89.0,9.8,24.0,-99.8,-99.8,0.5,-99.8,-99.8,-99.8,-99.8,-99.8,-99.8,-99.8
2022-05-15 16:00:00,1013.3,14.3,92.0,11.6,25.0,-99.8,-99.8,0.5,-99.8,-99.8,-99.8,-99.8,-99.8,-99.8,-99.8
2022-05-15 17:00:00,1013.6,14.4,90.0,10.7,27.0,-99.8,-99.8,0.5,-99.8,-99.8,-99.8,-99.8,-99.8,-99.8,-99.8
2022-05-15 18:00:00,1014.1,14.1,93.0,10.9,25.0,-99.8,-99.8,2.0,-99.8,-99.8,-99.8,-99.8,-99.8,-99.8,-99.8
2022-05-15 19:00:00,1014.5,15.0,91.0,10.9,24.0,-99.8,-99.8,1.5,-99.8,-99.8,-99.8,-99.8,-99.8,-99.8,-99.8
2022-05-15 20:00:00,1014.9,14.8,91.0,12.0,21.0,-99.8,-99.8,0.0,-99.8,-99.8,-99.8,-99.8,-99.8,-99.8,-99.8
2022-05-15 21:00:00,1015.4,15.0,91.0,11.8,22.0,-99.8,-99.8,0.5,-99.8,-99.8,-99.8,-99.8,-99.8,-99.8,-99.8
2022-05-15 22:00:00,1016.1,15.0,88.0,12.4,23.0,-99.8,-99.8,0.0,-99.8,-99.8,-99.8,-99.8,-99.8,-99.8,-99.8
2022-05-15 23:00:00,1016.2,14.9,89.0,14.8,13.0,-99.8,-99.8,0.0,-99.8,-99.8,-99.8,-99.8,-99.8,-99.8,-99.8
2022-05-16 00:00:00,1015.6,14.2,94.0,13.1,13.0,-99.8,-99.8,1.5,-99.8,-99.8,-99.8,-99.8,-99.8,-99.8,-99.8
2022-05-16 01:00:00,1015.4,14.1,90.0,12.5,11.0,-99.8,-99.8,0.0,-99.8,-99.8,-99.8,-99.8,-99.8,-99.8,-99.8
2022-05-16 02:00:00,1014.9,14.2,93.0,11.8,17.0,-99.8,-99.8,2.5,-99.8,-99.8,-99.8,-99.8,-99.8,-99.8,-99.8
2022-05-16 03:00:00,1014.3,14.2,90.0,12.1,14.0,-99.8,-99.8,0.5,-99.8,-99.8,-99.8,-99.8,-99.8,-99.8,-99.8
2022-05-16 04:00:00,1014.3,13.9,90.0,10.7,20.0,-99.8,-99.8,0.5,-99.8,-99.8,-99.8,-99.8,-99.8,-99.8,-99.8
2022-05-16 05:00:00,1014.7,13.7,93.0,10.3,13.0,-99.8,-99.8,2.5,-99.8,-99.8,-99.8,-99.8,-99.8,-99.8,-99.8
2022-05-16 06:00:00,1014.5,14.4,86.0,9.5,15.0,-99.8,-99.8,0.5,-99.8,-99.8,-99.8,-99.8,-99.8,-99.8,-99.8
2022-05-16 07:00:00,1015.1,14.6,86.0,8.8,15.0,-99.8,-99.8,0.0,-99.8,-99.8,-99.8,-99.8,-99.8,-99.8,-99.8
2022-05-16 08:00:00,1015.7,14.5,89.0,9.4,16.0,-99.8,-99.8,0.0,-99.8,-99.8,-99.8,-99.8,-99.8,-99.8,-99.8
2022-05-16 09:00:00,1015.9,14.1,89.0,10.7,17.0,-99.8,-99.8,0.0,-99.8,-99.8,-99.8,-99.8,-99.8,-99.8,-99.8
2022-05-16 10:00:00,1015.9,14.1,91.0,11.7,11.0,-99.8,-99.8,0.5,-99.8,-99.8,-99.8,-99.8,-99.8,-99.8,-99.8
2022-05-16 11:00:00,1015.8,14.2,90.0,10.0,12.0,-99.8,-99.8,0.0,-99.8,-99.8,-99.8,-99.8,-99.8,-99.8,-99.8
2022-05-16 12:00:00,1015.1,15.7,77.0,9.3,5.0,-99.8,-99.8,0.0,-99.8,-99.8,-99.8,-99.8,-99.8,-99.8,-99.8
2022-05-16 13:00:00,1014.5,15.9,75.0,8.7,18.0,-99.8,-99.8,0.0,-99.8,-99.8,-99.8,-99.8,-99.8,-99.8,-99.8
2022-05-16 14:00:00,1014.4,16.4,69.0,9.5,26.0,-99.8,-99.8,0.0,-99.8,-99.8,-99.8,-99.8,-99.8,-99.8,-99.8
2022-05-16 15:00:00,1013.8,15.8,79.0,10.2,10.0,-99.8,-99.8,0.0,-99.8,-99.8,-99.8,-99.8,-99.8,-99.8,-99.8
2022-05-16 16:00:00,1013.7,15.8,76.0,9.9,15.0,-99.8,-99.8,0.0,-99.8,-99.8,-99.8,-99.8,-99.8,-99.8,-99.8
2022-05-16 17:00:00,1013.5,15.7,71.0,10.3,26.0,-99.8,-99.8,0.0,-99.8,-99.8,-99.8,-99.8,-99.8,-99.8,-99.8
2022-05-16 18:00:00,1013.9,16.1,70.0,7.7,30.0,-99.8,-99.8,0.0,-99.8,-99.8,-99.8,-99.8,-99.8,-99.8,-99.8
2022-05-16 19:00:00,1014.1,16.7,68.0,8.5,28.0,-99.8,-99.8,0.0,-99.8,-99.8,-99.8,-99.8,-99.8,-99.8,-99.8
2022-05-16 20:00:00,1014.6,17.1,69.0,7.1,28.0,-99.8,-99.8,0.0,-99.8,-99.8,-99.8,-99.8,-99.8,-99.8,-99.8
2022-05-16 21:00:00,1015.1,17.3,72.0,7.3,21.0,-99.8,-99.8,-999.6,-99.8,-99.8,-99.8,-99.8,-99.8,-99.8,-99.8
2022-05-16 22:00:00,1015.5,17.2,70.0,6.5,20.0,-99.8,-99.8,0.0,-99.8,-99.8,-99.8,-99.8,-99.8,-99.8,-99.8
2022-05-16 23:00:00,1015.0,17.0,72.0,6.9,12.0,-99.8,-99.8,0.0,-99.8,-99.8,-99.8,-99.8,-99.8,-99.8,-99.8
2022-05-17 00:00:00,1014.3,16.9,73.0,6.7,5.0,-99.8,-99.8,0.0,-99.8,-99.8,-99.8,-99.8,-99.8,-99.8,-99.8
2022-05-17 01:00:00,1013.9,17.0,73.0,6.8,2.0,-99.8,-99.8,0.0,-99.8,-99.8,-99.8,-99.8,-99.8,-99.8,-99.8
2022-05-17 02:00:00,1013.7,17.1,73.0,6.6,1.0,-99.8,-99.8,-999.6,-99.8,-99.8,-99.8,-99.8,-99.8,-99.8,-99.8
2022-05-17 03:00:00,1013.4,17.1,76.0,6.9,6.0,-99.8,-99.8,0.0,-99.8,-99.8,-99.8,-99.8,-99.8,-99.8,-99.8
2022-05-17 04:00:00,1013.3,17.1,74.0,7.3,6.0,-99.8,-99.8,0.0,-99.8,-99.8,-99.8,-99.8,-99.8,-99.8,-99.8
2022-05-17 05:00:00,1013.4,17.0,74.0,8.2,6.0,-99.8,-99.8,0.0,-99.8,-99.8,-99.8,-99.8,-99.8,-99.8,-99.8
2022-05-17 06:00:00,1014.1,17.2,73.0,7.4,4.0,-99.8,-99.8,0.0,-99.8,-99.8,-99.8,-99.8,-99.8,-99.8,-99.8
2022-05-17 07:00:00,1014.7,17.6,70.0,7.5,7.0,-99.8,-99.8,0.0,-99.8,-99.8,-99.8,-99.8,-99.8,-99.8,-99.8
2022-05-17 08:00:00,1015.2,18.1,67.0,7.2,2.0,-99.8,-99.8,0.0,-99.8,-99.8,-99.8,-99.8,-99.8,-99.8,-99.8
2022-05-17 09:00:00,1015.2,18.7,63.0,7.2,4.0,-99.8,-99.8,0.0,-99.8,-99.8,-99.8,-99.8,-99.8,-99.8,-99.8
2022-05-17 10:00:00,1015.2,18.9,64.0,7.3,7.0,-99.8,-99.8,0.0,-99.8,-99.8,-99.8,-99.8,-99.8,-99.8,-99.8
2022-05-17 11:00:00,1015.7,19.6,68.0,6.2,4.0,-99.8,-99.8,0.0,-99.8,-99.8,-99.8,-99.8,-99.8,-99.8,-99.8
2022-05-17 12:00:00,1015.4,20.4,54.0,6.9,16.0,-99.8,-99.8,0.0,-99.8,-99.8,-99.8,-99.8,-99.8,-99.8,-99.8
2022-05-17 13:00:00,1015.1,20.8,55.0,5.9,24.0,-99.8,-99.8,0.0,-99.8,-99.8,-99.8,-99.8,-99.8,-99.8,-99.8
2022-05-17 14:00:00,1014.7,20.7,57.0,6.4,23.0,-99.8,-99.8,0.0,-99.8,-99.8,-99.8,-99.8,-99.8,-99.8,-99.8
2022-05-17 15:00:00,1014.5,20.8,56.0,5.6,24.0,-99.8,-99.8,0.0,-99.8,-99.8,-99.8,-99.8,-99.8,-99.8,-99.8
2022-05-17 16:00:00,1014.7,20.9,53.0,4.9,26.0,-99.8,-99.8,0.0,-99.8,-99.8,-99.8,-99.8,-99.8,-99.8,-99.8
2022-05-17 17:00:00,1014.4,20.4,55.0,5.1,29.0,-99.8,-99.8,0.0,-99.8,-99.8,-99.8,-99.8,-99.8,-99.8,-99.8
2022-05-17 18:00:00,1014.6,19.9,56.0,4.6,35.0,-99.8,-99.8,0.0,-99.8,-99.8,-99.8,-99.8,-99.8,-99.8,-99.8
2022-05-17 19:00:00,1015.0,19.3,66.0,4.1,29.0,-99.8,-99.8,0.0,-99.8,-99.8,-99.8,-99.8,-99.8,-99.8,-99.8
2022-05-17 20:00:00,1016.0,19.2,71.0,3.7,30.0,-99.8,-99.8,0.0,-99.8,-99.8,-99.8,-99.8,-99.8,-99.8,-99.8
2022-05-17 21:00:00,1016.3,18.9,78.0,3.8,27.0,-99.8,-99.8,0.0,-99.8,-99.8,-99.8,-99.8,-99.8,-99.8,-99.8
2022-05-17 22:00:00,1016.5,18.9,79.0,5.2,24.0,-99.8,-99.8,0.0,-99.8,-99.8,-99.8,-99.8,-99.8,-99.8,-99.8
2022-05-17 23:00:00,1016.8,18.8,80.0,6.0,19.0,-99.8,-99.8,0.0,-99.8,-99.8,-99.8,-99.8,-99.8,-99.8,-99.8
2022-05-18 00:00:00,1016.3,18.8,78.0,6.4,18.0,-99.8,-99.8,0.0,-99.8,-99.8,-99.8,-99.8,-99.8,-99.8,-99.8
2022-05-18 01:00:00,-9999.7,-99.7,-9997.0,-99.7,-999.7,-99.8,-99.8,0.0,-99.8,-99.8,-99.8,-99.8,-99.8,-99.8,-99.8
2022-05-18 02:00:00,1015.3,18.7,73.0,6.9,14.0,-99.8,-99.8,0.0,-99.8,-99.8,-99.8,-99.8,-99.8,-99.8,-99.8
2022-05-18 03:00:00,1015.1,18.6,75.0,7.2,8.0,-99.8,-99.8,0.0,-99.8,-99.8,-99.8,-99.8,-99.8,-99.8,-99.8
2022-05-18 04:00:00,1015.3,18.5,75.0,6.9,11.0,-99.8,-99.8,0.0,-99.8,-99.8,-99.8,-99.8,-99.8,-99.8,-99.8
2022-05-18 05:00:00,1015.4,18.4,72.0,7.6,7.0,-99.8,-99.8,0.0,-99.8,-99.8,-99.8,-99.8,-99.8,-99.8,-99.8
2022-05-18 06:00:00,1016.1,18.5,73.0,7.6,4.0,-99.8,-99.8,0.0,-99.8,-99.8,-99.8,-99.8,-99.8,-99.8,-99.8
2022-05-18 07:00:00,1016.3,18.9,70.0,7.7,12.0,-99.8,-99.8,0.0,-99.8,-99.8,-99.8,-99.8,-99.8,-99.8,-99.8
2022-05-18 08:00:00,1016.9,19.0,68.0,7.7,11.0,-99.8,-99.8,0.0,-99.8,-99.8,-99.8,-99.8,-99.8,-99.8,-99.8
2022-05-18 09:00:00,1017.5,19.7,74.0,6.6,6.0,-99.8,-99.8,0.0,-99.8,-99.8,-99.8,-99.8,-99.8,-99.8,-99.8
2022-05-18 10:00:00,1017.4,20.2,70.0,7.7,15.0,-99.8,-99.8,0.0,-99.8,-99.8,-99.8,-99.8,-99.8,-99.8,-99.8
2022-05-18 11:00:00,1017.3,20.5,66.0,9.2,17.0,-99.8,-99.8,0.0,-99.8,-99.8,-99.8,-99.8,-99.8,-99.8,-99.8
2022-05-18 12:00:00,1016.8,20.4,66.0,9.0,21.0,-99.8,-99.8,0.0,-99.8,-99.8,-99.8,-99.8,-99.8,-99.8,-99.8
2022-05-18 13:00:00,1016.2,20.5,69.0,9.0,21.0,-99.8,-99.8,0.0,-99.8,-99.8,-99.8,-99.8,-99.8,-99.8,-99.8
2022-05-18 14:00:00,1015.7,20.4,70.0,8.5,23.0,-99.8,-99.8,0.0,-99.8,-99.8,-99.8,-99.8,-99.8,-99.8,-99.8
2022-05-18 15:00:00,1015.3,20.2,74.0,7.8,23.0,-99.8,-99.8,0.0,-99.8,-99.8,-99.8,-99.8,-99.8,-99.8,-99.8
2022-05-18 16:00:00,1015.1,20.2,74.0,7.9,22.0,-99.8,-99.8,0.0,-99.8,-99.8,-99.8,-99.8,-99.8,-99.8,-99.8
2022-05-18 17:00:00,1014.8,20.2,73.0,7.8,23.0,-99.8,-99.8,0.0,-99.8,-99.8,-99.8,-99.8,-99.8,-99.8,-99.8
2022-05-18 18:00:00,1015.0,20.0,75.0,6.6,29.0,-99.8,-99.8,0.0,-99.8,-99.8,-99.8,-99.8,-99.8,-99.8,-99.8
2022-05-18 19:00:00,1015.5,19.6,80.0,6.5,24.0,-99.8,-99.8,0.0,-99.8,-99.8,-99.8,-99.8,-99.8,-99.8,-99.8
2022-05-18 20:00:00,1015.7,19.7,79.0,8.0,26.0,-99.8,-99.8,0.0,-99.8,-99.8,-99.8,-99.8,-99.8,-99.8,-99.8
2022-05-18 21:00:00,1016.1,19.5,84.0,7.0,20.0,-99.8,-99.8,0.0,-99.8,-99.8,-99.8,-99.8,-99.8,-99.8,-99.8
2022-05-18 22:00:00,1016.1,19.6,83.0,7.7,17.0,-99.8,-99.8,0.0,-99.8,-99.8,-99.8,-99.8,-99.8,-99.8,-99.8
2022-05-18 23:00:00,1015.9,19.4,85.0,8.7,14.0,-99.8,-99.8,0.0,-99.8,-99.8,-99.8,-99.8,-99.8,-99.8,-99.8
2022-05-19 00:00:00,1014.8,19.6,81.0,9.1,20.0,-99.8,-99.8,0.0,-99.8,-99.8,-99.8,-99.8,-99.8,-99.8,-99.8
2022-05-19 01:00:00,1014.4,19.6,79.0,9.4,15.0,-99.8,-99.8,0.0,-99.8,-99.8,-99.8,-99.8,-99.8,-99.8,-99.8
2022-05-19 02:00:00,1013.9,19.7,75.0,8.7,16.0,-99.8,-99.8,0.0,-99.8,-99.8,-99.8,-99.8,-99.8,-99.8,-99.8
2022-05-19 03:00:00,1013.8,19.7,75.0,8.6,16.0,-99.8,-99.8,0.0,-99.8,-99.8,-99.8,-99.8,-99.8,-99.8,-99.8
2022-05-19 04:00:00,1013.6,19.7,75.0,8.5,19.0,-99.8,-99.8,0.0,-99.8,-99.8,-99.8,-99.8,-99.8,-99.8,-99.8
2022-05-19 05:00:00,1014.0,19.7,77.0,7.9,18.0,-99.8,-99.8,0.0,-99.8,-99.8,-99.8,-99.8,-99.8,-99.8,-99.8
2022-05-19 06:00:00,1014.2,19.6,80.0,8.0,18.0,-99.8,-99.8,0.0,-99.8,-99.8,-99.8,-99.8,-99.8,-99.8,-99.8
2022-05-19 07:00:00,1014.6,19.8,80.0,8.0,16.0,-99.8,-99.8,0.0,-99.8,-99.8,-99.8,-99.8,-99.8,-99.8,-99.8
2022-05-19 08:00:00,1014.6,20.1,80.0,7.9,16.0,-99.8,-99.8,0.0,-99.8,-99.8,-99.8,-99.8,-99.8,-99.8,-99.8
2022-05-19 09:00:00,1014.6,20.4,78.0,8.0,17.0,-99.8,-99.8,0.0,-99.8,-99.8,-99.8,-99.8,-99.8,-99.8,-99.8
2022-05-19 10:00:00,1014.5,20.0,81.0,7.6,17.0,-99.8,-99.8,0.0,-99.8,-99.8,-99.8,-99.8,-99.8,-99.8,-99.8
2022-05-19 11:00:00,1014.2,20.4,82.0,7.9,17.0,-99.8,-99.8,0.0,-99.8,-99.8,-99.8,-99.8,-99.8,-99.8,-99.8
2022-05-19 12:00:00,1013.6,20.7,80.0,8.3,19.0,-99.8,-99.8,0.0,-99.8,-99.8,-99.8,-99.8,-99.8,-99.8,-99.8
2022-05-19 13:00:00,1013.1,20.5,83.0,8.6,20.0,-99.8,-99.8,0.0,-99.8,-99.8,-99.8,-99.8,-99.8,-99.8,-99.8
2022-05-19 14:00:00,1012.2,20.7,85.0,8.3,18.0,-99.8,-99.8,0.0,-99.8,-99.8,-99.8,-99.8,-99.8,-99.8,-99.8
2022-05-19 15:00:00,1011.5,20.9,85.0,7.7,17.0,-99.8,-99.8,0.0,-99.8,-99.8,-99.8,-99.8,-99.8,-99.8,-99.8
2022-05-19 16:00:00,1011.1,20.7,87.0,7.0,19.0,-99.8,-99.8,0.0,-99.8,-99.8,-99.8,-99.8,-99.8,-99.8,-99.8
2022-05-19 17:00:00,1010.8,20.5,88.0,7.0,21.0,-99.8,-99.8,0.0,-99.8,-99.8,-99.8,-99.8,-99.8,-99.8,-99.8
2022-05-19 18:00:00,1010.9,20.2,90.0,6.7,19.0,-99.8,-99.8,0.0,-99.8,-99.8,-99.8,-99.8,-99.8,-99.8,-99.8
2022-05-19 19:00:00,1011.2,19.9,92.0,5.8,20.0,-99.8,-99.8,0.0,-99.8,-99.8,-99.8,-99.8,-99.8,-99.8,-99.8
2022-05-19 20:00:00,1011.6,20.1,91.0,5.8,23.0,-99.8,-99.8,0.0,-99.8,-99.8,-99.8,-99.8,-99.8,-99.8,-99.8
2022-05-19 21:00:00,1011.8,20.0,92.0,6.0,20.0,-99.8,-99.8,0.0,-99.8,-99.8,-99.8,-99.8,-99.8,-99.8,-99.8
2022-05-19 22:00:00,1011.8,20.0,92.0,5.3,18.0,-99.8,-99.8,0.0,-99.8,-99.8,-99.8,-99.8,-99.8,-99.8,-99.8
2022-05-19 23:00:00,1011.5,19.9,92.0,6.2,13.0,-99.8,-99.8,0.0,-99.8,-99.8,-99.8,-99.8,-99.8,-99.8,-99.8
2022-05-20 00:00:00,1010.8,20.0,90.0,6.5,16.0,-99.8,-99.8,0.0,-99.8,-99.8,-99.8,-99.8,-99.8,-99.8,-99.8
2022-05-20 01:00:00,1010.0,19.8,91.0,5.9,7.0,-99.8,-99.8,0.0,-99.8,-99.8,-99.8,-99.8,-99.8,-99.8,-99.8
2022-05-20 02:00:00,1009.5,20.0,87.0,4.5,1.0,-99.8,-99.8,0.0,-99.8,-99.8,-99.8,-99.8,-99.8,-99.8,-99.8
2022-05-20 03:00:00,1009.2,19.7,89.0,2.8,356.0,-99.8,-99.8,0.0,-99.8,-99.8,-99.8,-99.8,-99.8,-99.8,-99.8
2022-05-20 04:00:00,1009.0,19.9,83.0,3.3,348.0,-99.8,-99.8,0.0,-99.8,-99.8,-99.8,-99.8,-99.8,-99.8,-99.8
2022-05-20 05:00:00,1009.0,19.8,83.0,3.1,354.0,-99.8,-99.8,0.0,-99.8,-99.8,-99.8,-99.8,-99.8,-99.8,-99.8
2022-05-20 06:00:00,1009.1,19.7,84.0,2.8,358.0,-99.8,-99.8,0.0,-99.8,-99.8,-99.8,-99.8,-99.8,-99.8,-99.8
2022-05-20 07:00:00,1009.5,20.2,84.0,2.9,358.0,-99.8,-99.8,0.0,-99.8,-99.8,-99.8,-99.8,-99.8,-99.8,-99.8
2022-05-20 08:00:00,1009.8,20.6,85.0,2.2,17.0,-99.8,-99.8,0.0,-99.8,-99.8,-99.8,-99.8,-99.8,-99.8,-99.8
2022-05-20 09:00:00,1010.0,21.4,81.0,1.4,12.0,-99.8,-99.8,-999.6,-99.8,-99.8,-99.8,-99.8,-99.8,-99.8,-99.8
2022-05-20 10:00:00,1009.8,21.8,80.0,1.5,3.0,-99.8,-99.8,0.0,-99.8,-99.8,-99.8,-99.8,-99.8,-99.8,-99.8
2022-05-20 11:00:00,1009.1,21.7,76.0,2.7,20.0,-99.8,-99.8,0.0,-99.8,-99.8,-99.8,-99.8,-99.8,-99.8,-99.8
2022-05-20 12:00:00,1008.9,21.8,77.0,3.9,22.0,-99.8,-99.8,0.0,-99.8,-99.8,-99.8,-99.8,-99.8,-99.8,-99.8
2022-05-20 13:00:00,1008.6,21.6,79.0,5.0,25.0,-99.8,-99.8,0.0,-99.8,-99.8,-99.8,-99.8,-99.8,-99.8,-99.8
2022-05-20 14:00:00,1008.2,21.2,86.0,5.1,29.0,-99.8,-99.8,0.0,-99.8,-99.8,-99.8,-99.8,-99.8,-99.8,-99.8
2022-05-20 15:00:00,1007.7,21.4,86.0,4.3,27.0,-99.8,-99.8,0.0,-99.8,-99.8,-99.8,-99.8,-99.8,-99.8,-99.8
2022-05-20 16:00:00,1007.5,21.0,89.0,3.9,27.0,-99.8,-99.8,0.0,-99.8,-99.8,-99.8,-99.8,-99.8,-99.8,-99.8
2022-05-20 17:00:00,1007.3,20.8,89.0,4.1,28.0,-99.8,-99.8,0.0,-99.8,-99.8,-99.8,-99.8,-99.8,-99.8,-99.8
2022-05-20 18:00:00,1007.5,20.4,91.0,4.3,25.0,-99.8,-99.8,0.0,-99.8,-99.8,-99.8,-99.8,-99.8,-99.8,-99.8
2022-05-20 19:00:00,1007.4,20.2,91.0,4.1,23.0,-99.8,-99.8,0.0,-99.8,-99.8,-99.8,-99.8,-99.8,-99.8,-99.8
2022-05-20 20:00:00,1008.6,20.1,92.0,4.6,14.0,-99.8,-99.8,0.0,-99.8,-99.8,-99.8,-99.8,-99.8,-99.8,-99.8
2022-05-20 21:00:00,1008.9,19.9,92.0,5.4,20.0,-99.8,-99.8,0.0,-99.8,-99.8,-99.8,-99.8,-99.8,-99.8,-99.8
2022-05-20 22:00:00,1008.7,19.8,93.0,4.5,20.0,-99.8,-99.8,0.0,-99.8,-99.8,-99.8,-99.8,-99.8,-99.8,-99.8
2022-05-20 23:00:00,1008.4,19.7,94.0,5.2,14.0,-99.8,-99.8,0.0,-99.8,-99.8,-99.8,-99.8,-99.8,-99.8,-99.8
2022-05-21 00:00:00,1008.1,19.6,94.0,5.1,20.0,-99.8,-99.8,0.0,-99.8,-99.8,-99.8,-99.8,-99.8,-99.8,-99.8
2022-05-21 01:00:00,1008.0,19.6,94.0,5.5,11.0,-99.8,-99.8,0.0,-99.8,-99.8,-99.8,-99.8,-99.8,-99.8,-99.8
2022-05-21 02:00:00,1007.7,19.7,94.0,5.1,20.0,-99.8,-99.8,0.0,-99.8,-99.8,-99.8,-99.8,-99.8,-99.8,-99.8
2022-05-21 03:00:00,1007.5,19.6,94.0,4.4,18.0,-99.8,-99.8,0.0,-99.8,-99.8,-99.8,-99.8,-99.8,-99.8,-99.8
2022-05-21 04:00:00,1007.4,19.6,94.0,4.7,21.0,-99.8,-99.8,0.0,-99.8,-99.8,-99.8,-99.8,-99.8,-99.8,-99.8
2022-05-21 05:00:00,1008.0,19.7,93.0,5.5,15.0,-99.8,-99.8,0.0,-99.8,-99.8,-99.8,-99.8,-99.8,-99.8,-99.8
2022-05-21 06:00:00,1008.5,19.8,93.0,5.0,16.0,-99.8,-99.8,0.0,-99.8,-99.8,-99.8,-99.8,-99.8,-99.8,-99.8
2022-05-21 07:00:00,1009.2,19.9,92.0,5.0,22.0,-99.8,-99.8,0.0,-99.8,-99.8,-99.8,-99.8,-99.8,-99.8,-99.8
2022-05-21 08:00:00,1009.7,20.1,91.0,4.8,17.0,-99.8,-99.8,0.0,-99.8,-99.8,-99.8,-99.8,-99.8,-99.8,-99.8
2022-05-21 09:00:00,1010.0,20.0,91.0,5.3,19.0,-99.8,-99.8,0.0,-99.8,-99.8,-99.8,-99.8,-99.8,-99.8,-99.8
2022-05-21 10:00:00,1010.2,20.0,90.0,5.5,25.0,-99.8,-99.8,0.0,-99.8,-99.8,-99.8,-99.8,-99.8,-99.8,-99.8
2022-05-21 11:00:00,1010.1,19.9,91.0,5.9,24.0,-99.8,-99.8,0.0,-99.8,-99.8,-99.8,-99.8,-99.8,-99.8,-99.8
2022-05-21 12:00:00,1010.2,19.7,92.0,5.5,28.0,-99.8,-99.8,0.0,-99.8,-99.8,-99.8,-99.8,-99.8,-99.8,-99.8
2022-05-21 13:00:00,1010.0,19.7,93.0,3.7,32.0,-99.8,-99.8,0.0,-99.8,-99.8,-99.8,-99.8,-99.8,-99.8,-99.8
2022-05-21 14:00:00,1009.2,20.6,89.0,4.8,27.0,-99.8,-99.8,0.0,-99.8,-99.8,-99.8,-99.8,-99.8,-99.8,-99.8
2022-05-21 15:00:00,1009.1,20.1,92.0,5.4,19.0,-99.8,-99.8,0.0,-99.8,-99.8,-99.8,-99.8,-99.8,-99.8,-99.8
2022-05-21 16:00:00,1009.1,20.0,91.0,5.4,16.0,-99.8,-99.8,0.0,-99.8,-99.8,-99.8,-99.8,-99.8,-99.8,-99.8
2022-05-21 17:00:00,1008.8,19.7,92.0,5.1,17.0,-99.8,-99.8,0.0,-99.8,-99.8,-99.8,-99.8,-99.8,-99.8,-99.8
2022-05-21 18:00:00,1008.8,19.7,91.0,5.2,22.0,-99.8,-99.8,0.0,-99.8,-99.8,-99.8,-99.8,-99.8,-99.8,-99.8
2022-05-21 19:00:00,1009.1,19.7,91.0,5.6,24.0,-99.8,-99.8,0.0,-99.8,-99.8,-99.8,-99.8,-99.8,-99.8,-99.8
2022-05-21 20:00:00,1009.7,19.6,88.0,5.5,27.0,-99.8,-99.8,0.0,-99.8,-99.8,-99.8,-99.8,-99.8,-99.8,-99.8
2022-05-21 21:00:00,1010.2,19.5,90.0,5.0,22.0,-99.8,-99.8,0.0,-99.8,-99.8,-99.8,-99.8,-99.8,-99.8,-99.8
2022-05-21 22:00:00,1010.1,19.5,89.0,5.2,26.0,-99.8,-99.8,0.0,-99.8,-99.8,-99.8,-99.8,-99.8,-99.8,-99.8
2022-05-21 23:00:00,1010.1,19.5,91.0,5.2,22.0,-99.8,-99.8,0.0,-99.8,-99.8,-99.8,-99.8,-99.8,-99.8,-99.8
2022-05-22 00:00:00,1009.7,19.5,91.0,6.1,16.0,-99.8,-99.8,0.0,-99.8,-99.8,-99.8,-99.8,-99.8,-99.8,-99.8
2022-05-22 01:00:00,1009.1,19.5,91.0,6.5,18.0,-99.8,-99.8,0.0,-99.8,-99.8,-99.8,-99.8,-99.8,-99.8,-99.8
2022-05-22 02:00:00,1008.8,19.5,89.0,6.3,18.0,-99.8,-99.8,0.0,-99.8,-99.8,-99.8,-99.8,-99.8,-99.8,-99.8
2022-05-22 03:00:00,1008.5,19.4,90.0,6.9,15.0,-99.8,-99.8,0.0,-99.8,-99.8,-99.8,-99.8,-99.8,-99.8,-99.8
2022-05-22 04:00:00,1008.3,19.3,90.0,5.4,20.0,-99.8,-99.8,0.0,-99.8,-99.8,-99.8,-99.8,-99.8,-99.8,-99.8
2022-05-22 05:00:00,1008.4,19.3,89.0,5.6,21.0,-99.8,-99.8,0.0,-99.8,-99.8,-99.8,-99.8,-99.8,-99.8,-99.8
2022-05-22 06:00:00,1008.8,19.3,91.0,6.1,13.0,-99.8,-99.8,0.0,-99.8,-99.8,-99.8,-99.8,-99.8,-99.8,-99.8
2022-05-22 07:00:00,1009.0,19.3,90.0,5.2,20.0,-99.8,-99.8,0.0,-99.8,-99.8,-99.8,-99.8,-99.8,-99.8,-99.8
2022-05-22 08:00:00,1009.5,19.4,90.0,5.6,19.0,-99.8,-99.8,0.0,-99.8,-99.8,-99.8,-99.8,-99.8,-99.8,-99.8
2022-05-22 09:00:00,1009.9,19.7,89.0,6.6,23.0,-99.8,-99.8,0.0,-99.8,-99.8,-99.8,-99.8,-99.8,-99.8,-99.8
2022-05-22 10:00:00,1010.2,19.2,92.0,7.0,15.0,-99.8,-99.8,0.0,-99.8,-99.8,-99.8,-99.8,-99.8,-99.8,-99.8
2022-05-22 11:00:00,1009.8,19.2,92.0,5.9,18.0,-99.8,-99.8,0.0,-99.8,-99.8,-99.8,-99.8,-99.8,-99.8,-99.8
2022-05-22 12:00:00,1009.6,19.3,91.0,6.7,17.0,-99.8,-99.8,0.0,-99.8,-99.8,-99.8,-99.8,-99.8,-99.8,-99.8
2022-05-22 13:00:00,1009.3,19.3,92.0,6.1,18.0,-99.8,-99.8,0.0,-99.8,-99.8,-99.8,-99.8,-99.8,-99.8,-99.8
2022-05-22 14:00:00,1008.9,19.1,93.0,6.8,22.0,-99.8,-99.8,0.0,-99.8,-99.8,-99.8,-99.8,-99.8,-99.8,-99.8
2022-05-22 15:00:00,1008.6,19.0,93.0,6.5,22.0,-99.8,-99.8,0.0,-99.8,-99.8,-99.8,-99.8,-99.8,-99.8,-99.8
2022-05-22 16:00:00,1008.7,18.9,94.0,7.2,12.0,-99.8,-99.8,0.0,-99.8,-99.8,-99.8,-99.8,-99.8,-99.8,-99.8
2022-05-22 17:00:00,1008.8,18.7,95.0,7.3,14.0,-99.8,-99.8,0.0,-99.8,-99.8,-99.8,-99.8,-99.8,-99.8,-99.8
2022-05-22 18:00:00,1008.9,18.6,96.0,6.3,19.0,-99.8,-99.8,0.0,-99.8,-99.8,-99.8,-99.8,-99.8,-99.8,-99.8
2022-05-22 19:00:00,1009.4,18.6,96.0,6.2,13.0,-99.8,-99.8,0.0,-99.8,-99.8,-99.8,-99.8,-99.8,-99.8,-99.8
2022-05-22 20:00:00,1009.9,18.7,96.0,6.0,16.0,-99.8,-99.8,0.0,-99.8,-99.8,-99.8,-99.8,-99.8,-99.8,-99.8
2022-05-22 21:00:00,1010.2,18.6,96.0,5.7,22.0,-99.8,-99.8,0.0,-99.8,-99.8,-99.8,-99.8,-99.8,-99.8,-99.8
2022-05-22 22:00:00,1010.3,18.5,96.0,4.9,30.0,-99.8,-99.8,0.0,-99.8,-99.8,-99.8,-99.8,-99.8,-99.8,-99.8
2022-05-22 23:00:00,1009.8,18.6,94.0,5.3,28.0,-99.8,-99.8,0.0,-99.8,-99.8,-99.8,-99.8,-99.8,-99.8,-99.8
2022-05-23 00:00:00,1009.0,18.8,95.0,4.9,21.0,-99.8,-99.8,0.0,-99.8,-99.8,-99.8,-99.8,-99.8,-99.8,-99.8
2022-05-23 01:00:00,1008.6,18.8,95.0,6.3,9.0,-99.8,-99.8,0.0,-99.8,-99.8,-99.8,-99.8,-99.8,-99.8,-99.8
2022-05-23 02:00:00,1008.3,18.7,94.0,6.0,8.0,-99.8,-99.8,0.0,-99.8,-99.8,-99.8,-99.8,-99.8,-99.8,-99.8
2022-05-23 03:00:00,1008.0,18.6,92.0,5.3,11.0,-99.8,-99.8,0.0,-99.8,-99.8,-99.8,-99.8,-99.8,-99.8,-99.8
2022-05-23 04:00:00,1008.1,18.6,93.0,5.6,10.0,-99.8,-99.8,0.0,-99.8,-99.8,-99.8,-99.8,-99.8,-99.8,-99.8
2022-05-23 05:00:00,1008.0,18.7,93.0,5.7,14.0,-99.8,-99.8,0.0,-99.8,-99.8,-99.8,-99.8,-99.8,-99.8,-99.8
2022-05-23 06:00:00,1008.3,18.6,93.0,5.3,1.0,-99.8,-99.8,0.0,-99.8,-99.8,-99.8,-99.8,-99.8,-99.8,-99.8
2022-05-23 07:00:00,1008.9,18.6,92.0,4.8,357.0,-99.8,-99.8,0.0,-99.8,-99.8,-99.8,-99.8,-99.8,-99.8,-99.8
2022-05-23 08:00:00,1009.3,18.7,93.0,5.2,2.0,-99.8,-99.8,0.0,-99.8,-99.8,-99.8,-99.8,-99.8,-99.8,-99.8
2022-05-23 09:00:00,1009.7,18.5,93.0,5.4,3.0,-99.8,-99.8,0.0,-99.8,-99.8,-99.8,-99.8,-99.8,-99.8,-99.8
2022-05-23 10:00:00,1009.7,18.4,95.0,4.4,7.0,-99.8,-99.8,0.0,-99.8,-99.8,-99.8,-99.8,-99.8,-99.8,-99.8
2022-05-23 11:00:00,1010.2,18.6,95.0,4.0,4.0,-99.8,-99.8,0.0,-99.8,-99.8,-99.8,-99.8,-99.8,-99.8,-99.8
2022-05-23 12:00:00,1009.8,18.5,96.0,3.9,25.0,-99.8,-99.8,0.0,-99.8,-99.8,-99.8,-99.8,-99.8,-99.8,-99.8
2022-05-23 13:00:00,1009.8,18.7,96.0,5.5,24.0,-99.8,-99.8,0.0,-99.8,-99.8,-99.8,-99.8,-99.8,-99.8,-99.8
2022-05-23 14:00:00,1009.6,18.8,94.0,5.1,27.0,-99.8,-99.8,0.0,-99.8,-99.8,-99.8,-99.8,-99.8,-99.8,-99.8
2022-05-23 15:00:00,1009.4,19.0,94.0,5.0,27.0,-99.8,-99.8,0.0,-99.8,-99.8,-99.8,-99.8,-99.8,-99.8,-99.8
2022-05-23 16:00:00,1009.3,18.9,94.0,6.0,27.0,-99.8,-99.8,0.0,-99.8,-99.8,-99.8,-99.8,-99.8,-99.8,-99.8
2022-05-23 17:00:00,1009.4,19.0,94.0,5.9,27.0,-99.8,-99.8,0.0,-99.8,-99.8,-99.8,-99.8,-99.8,-99.8,-99.8
2022-05-23 18:00:00,1009.7,19.2,93.0,6.0,30.0,-99.8,-99.8,0.0,-99.8,-99.8,-99.8,-99.8,-99.8,-99.8,-99.8
2022-05-23 19:00:00,1010.2,19.1,93.0,5.8,30.0,-99.8,-99.8,0.0,-99.8,-99.8,-99.8,-99.8,-99.8,-99.8,-99.8
2022-05-23 20:00:00,1010.9,19.2,93.0,4.8,32.0,-99.8,-99.8,0.0,-99.8,-99.8,-99.8,-99.8,-99.8,-99.8,-99.8
2022-05-23 21:00:00,1011.2,19.3,92.0,5.0,28.0,-99.8,-99.8,0.0,-99.8,-99.8,-99.8,-99.8,-99.8,-99.8,-99.8
2022-05-23 22:00:00,1011.3,19.4,92.0,3.6,31.0,-99.8,-99.8,0.0,-99.8,-99.8,-99.8,-99.8,-99.8,-99.8,-99.8
2022-05-23 23:00:00,1010.6,19.3,93.0,4.7,27.0,-99.8,-99.8,0.0,-99.8,-99.8,-99.8,-99.8,-99.8,-99.8,-99.8
2022-05-24 00:00:00,1010.1,19.3,93.0,5.1,24.0,-99.8,-99.8,0.0,-99.8,-99.8,-99.8,-99.8,-99.8,-99.8,-99.8
2022-05-24 01:00:00,1010.3,19.3,94.0,3.4,11.0,-99.8,-99.8,0.0,-99.8,-99.8,-99.8,-99.8,-99.8,-99.8,-99.8
2022-05-24 02:00:00,1010.3,19.2,95.0,1.2,41.0,-99.8,-99.8,0.0,-99.8,-99.8,-99.8,-99.8,-99.8,-99.8,-99.8
2022-05-24 03:00:00,1010.4,19.1,96.0,1.1,34.0,-99.8,-99.8,0.0,-99.8,-99.8,-99.8,-99.8,-99.8,-99.8,-99.8
2022-05-24 04:00:00,1010.3,18.9,96.0,1.8,13.0,-99.8,-99.8,0.0,-99.8,-99.8,-99.8,-99.8,-99.8,-99.8,-99.8
2022-05-24 05:00:00,1010.6,18.9,96.0,2.6,10.0,-99.8,-99.8,0.0,-99.8,-99.8,-99.8,-99.8,-99.8,-99.8,-99.8
2022-05-24 06:00:00,1010.7,18.9,96.0,3.6,6.0,-99.8,-99.8,0.0,-99.8,-99.8,-99.8,-99.8,-99.8,-99.8,-99.8
2022-05-24 07:00:00,1011.1,18.9,95.0,3.6,9.0,-99.8,-99.8,0.0,-99.8,-99.8,-99.8,-99.8,-99.8,-99.8,-99.8
2022-05-24 08:00:00,1011.6,19.2,95.0,1.2,29.0,-99.8,-99.8,0.0,-99.8,-99.8,-99.8,-99.8,-99.8,-99.8,-99.8
2022-05-24 09:00:00,1011.6,19.0,96.0,1.4,15.0,-99.8,-99.8,0.0,-99.8,-99.8,-99.8,-99.8,-99.8,-99.8,-99.8
2022-05-24 10:00:00,1011.8,19.0,96.0,3.2,4.0,-99.8,-99.8,0.0,-99.8,-99.8,-99.8,-99.8,-99.8,-99.8,-99.8
2022-05-24 11:00:00,1011.7,19.0,96.0,1.9,1.0,-99.8,-99.8,0.0,-99.8,-99.8,-99.8,-99.8,-99.8,-99.8,-99.8
2022-05-24 12:00:00,1011.3,18.9,96.0,0.9,34.0,-99.8,-99.8,0.0,-99.8,-99.8,-99.8,-99.8,-99.8,-99.8,-99.8
2022-05-24 13:00:00,1010.8,18.6,97.0,2.6,15.0,-99.8,-99.8,0.0,-99.8,-99.8,-99.8,-99.8,-99.8,-99.8,-99.8
2022-05-24 14:00:00,1010.2,19.0,97.0,0.9,12.0,-99.8,-99.8,0.0,-99.8,-99.8,-99.8,-99.8,-99.8,-99.8,-99.8
2022-05-24 15:00:00,1009.9,19.0,97.0,1.5,29.0,-99.8,-99.8,0.0,-99.8,-99.8,-99.8,-99.8,-99.8,-99.8,-99.8
2022-05-24 16:00:00,1010.1,19.5,94.0,1.4,11.0,-99.8,-99.8,0.0,-99.8,-99.8,-99.8,-99.8,-99.8,-99.8,-99.8
2022-05-24 17:00:00,1009.9,19.2,94.0,1.3,27.0,-99.8,-99.8,0.0,-99.8,-99.8,-99.8,-99.8,-99.8,-99.8,-99.8
2022-05-24 18:00:00,1010.1,19.2,95.0,0.6,144.0,-99.8,-99.8,0.0,-99.8,-99.8,-99.8,-99.8,-99.8,-99.8,-99.8
2022-05-24 19:00:00,1010.3,19.1,96.0,0.8,144.0,-99.8,-99.8,0.0,-99.8,-99.8,-99.8,-99.8,-99.8,-99.8,-99.8
2022-05-24 20:00:00,1011.0,19.3,96.0,2.1,18.0,-99.8,-99.8,0.0,-99.8,-99.8,-99.8,-99.8,-99.8,-99.8,-99.8
2022-05-24 21:00:00,1011.6,19.4,96.0,0.4,323.0,-99.8,-99.8,0.0,-99.8,-99.8,-99.8,-99.8,-99.8,-99.8,-99.8
2022-05-24 22:00:00,1012.2,19.6,95.0,2.6,3.0,-99.8,-99.8,0.0,-99.8,-99.8,-99.8,-99.8,-99.8,-99.8,-99.8
2022-05-24 23:00:00,1011.4,19.4,95.0,1.3,30.0,-99.8,-99.8,0.0,-99.8,-99.8,-99.8,-99.8,-99.8,-99.8,-99.8
2022-05-25 00:00:00,1010.6,19.5,95.0,2.9,14.0,-99.8,-99.8,0.0,-99.8,-99.8,-99.8,-99.8,-99.8,-99.8,-99.8
2022-05-25 01:00:00,1010.0,19.4,95.0,3.0,3.0,-99.8,-99.8,0.0,-99.8,-99.8,-99.8,-99.8,-99.8,-99.8,-99.8
2022-05-25 02:00:00,1009.3,19.4,96.0,2.6,11.0,-99.8,-99.8,0.0,-99.8,-99.8,-99.8,-99.8,-99.8,-99.8,-99.8
2022-05-25 03:00:00,1009.1,19.4,96.0,3.0,9.0,-99.8,-99.8,0.0,-99.8,-99.8,-99.8,-99.8,-99.8,-99.8,-99.8
2022-05-25 04:00:00,1009.0,19.4,95.0,3.2,24.0,-99.8,-99.8,0.0,-99.8,-99.8,-99.8,-99.8,-99.8,-99.8,-99.8
2022-05-25 05:00:00,1009.2,19.5,95.0,3.6,24.0,-99.8,-99.8,0.0,-99.8,-99.8,-99.8,-99.8,-99.8,-99.8,-99.8
2022-05-25 06:00:00,1009.5,19.6,96.0,2.9,22.0,-99.8,-99.8,0.0,-99.8,-99.8,-99.8,-99.8,-99.8,-99.8,-99.8
2022-05-25 07:00:00,1009.9,19.7,95.0,2.9,18.0,-99.8,-99.8,0.0,-99.8,-99.8,-99.8,-99.8,-99.8,-99.8,-99.8
2022-05-25 08:00:00,1010.0,19.8,95.0,3.8,15.0,-99.8,-99.8,0.0,-99.8,-99.8,-99.8,-99.8,-99.8,-99.8,-99.8
2022-05-25 09:00:00,1010.0,20.5,95.0,3.1,22.0,-99.8,-99.8,0.0,-99.8,-99.8,-99.8,-99.8,-99.8,-99.8,-99.8
2022-05-25 10:00:00,1010.2,20.3,94.0,3.2,31.0,-99.8,-99.8,0.0,-99.8,-99.8,-99.8,-99.8,-99.8,-99.8,-99.8
2022-05-25 11:00:00,1009.9,21.3,91.0,3.0,26.0,-99.8,-99.8,0.0,-99.8,-99.8,-99.8,-99.8,-99.8,-99.8,-99.8
2022-05-25 12:00:00,1009.1,21.2,91.0,3.4,24.0,-99.8,-99.8,0.0,-99.8,-99.8,-99.8,-99.8,-99.8,-99.8,-99.8
2022-05-25 13:00:00,1008.5,21.0,93.0,3.7,23.0,-99.8,-99.8,0.0,-99.8,-99.8,-99.8,-99.8,-99.8,-99.8,-99.8
2022-05-25 14:00:00,1008.0,20.9,94.0,3.2,29.0,-99.8,-99.8,0.0,-99.8,-99.8,-99.8,-99.8,-99.8,-99.8,-99.8
2022-05-25 15:00:00,1007.2,20.7,95.0,4.2,28.0,-99.8,-99.8,0.0,-99.8,-99.8,-99.8,-99.8,-99.8,-99.8,-99.8
2022-05-25 16:00:00,1007.2,20.5,96.0,3.2,26.0,-99.8,-99.8,0.0,-99.8,-99.8,-99.8,-99.8,-99.8,-99.8,-99.8
2022-05-25 17:00:00,1007.2,20.4,96.0,3.8,22.0,-99.8,-99.8,0.0,-99.8,-99.8,-99.8,-99.8,-99.8,-99.8,-99.8
2022-05-25 18:00:00,1007.6,20.3,97.0,2.3,27.0,-99.8,-99.8,1.0,-99.8,-99.8,-99.8,-99.8,-99.8,-99.8,-99.8
2022-05-25 19:00:00,1007.9,20.2,97.0,3.5,19.0,-99.8,-99.8,0.5,-99.8,-99.8,-99.8,-99.8,-99.8,-99.8,-99.8
2022-05-25 20:00:00,1008.3,20.1,97.0,4.1,12.0,-99.8,-99.8,0.0,-99.8,-99.8,-99.8,-99.8,-99.8,-99.8,-99.8
2022-05-25 21:00:00,1008.7,20.1,97.0,4.7,10.0,-99.8,-99.8,0.0,-99.8,-99.8,-99.8,-99.8,-99.8,-99.8,-99.8
2022-05-25 22:00:00,1008.9,20.1,97.0,5.0,19.0,-99.8,-99.8,0.0,-99.8,-99.8,-99.8,-99.8,-99.8,-99.8,-99.8
2022-05-25 23:00:00,1008.7,20.1,97.0,5.6,12.0,-99.8,-99.8,0.0,-99.8,-99.8,-99.8,-99.8,-99.8,-99.8,-99.8
2022-05-26 00:00:00,1008.1,20.0,97.0,4.6,8.0,-99.8,-99.8,0.0,-99.8,-99.8,-99.8,-99.8,-99.8,-99.8,-99.8
2022-05-26 01:00:00,1007.0,20.0,98.0,4.6,3.0,-99.8,-99.8,0.0,-99.8,-99.8,-99.8,-99.8,-99.8,-99.8,-99.8
2022-05-26 02:00:00,1005.9,19.9,98.0,4.2,9.0,-99.8,-99.8,0.0,-99.8,-99.8,-99.8,-99.8,-99.8,-99.8,-99.8
2022-05-26 03:00:00,1005.5,20.0,98.0,5.2,14.0,-99.8,-99.8,0.0,-99.8,-99.8,-99.8,-99.8,-99.8,-99.8,-99.8
2022-05-26 04:00:00,1005.8,20.0,98.0,5.1,8.0,-99.8,-99.8,0.0,-99.8,-99.8,-99.8,-99.8,-99.8,-99.8,-99.8
2022-05-26 05:00:00,1005.5,19.8,98.0,5.3,15.0,-99.8,-99.8,0.0,-99.8,-99.8,-99.8,-99.8,-99.8,-99.8,-99.8
2022-05-26 06:00:00,1005.4,19.8,98.0,6.0,18.0,-99.8,-99.8,0.0,-99.8,-99.8,-99.8,-99.8,-99.8,-99.8,-99.8
2022-05-26 07:00:00,1005.9,19.8,98.0,6.2,14.0,-99.8,-99.8,0.0,-99.8,-99.8,-99.8,-99.8,-99.8,-99.8,-99.8
2022-05-26 08:00:00,1005.9,19.8,98.0,5.3,27.0,-99.8,-99.8,0.0,-99.8,-99.8,-99.8,-99.8,-99.8,-99.8,-99.8
2022-05-26 09:00:00,1006.2,19.8,98.0,5.0,22.0,-99.8,-99.8,1.5,-99.8,-99.8,-99.8,-99.8,-99.8,-99.8,-99.8
2022-05-26 10:00:00,1006.4,19.9,98.0,6.0,13.0,-99.8,-99.8,1.5,-99.8,-99.8,-99.8,-99.8,-99.8,-99.8,-99.8
2022-05-26 11:00:00,1006.3,19.9,98.0,6.1,22.0,-99.8,-99.8,0.0,-99.8,-99.8,-99.8,-99.8,-99.8,-99.8,-99.8
2022-05-26 12:00:00,1006.1,20.0,98.0,7.0,23.0,-99.8,-99.8,0.0,-99.8,-99.8,-99.8,-99.8,-99.8,-99.8,-99.8
2022-05-26 13:00:00,1005.8,19.9,98.0,6.7,29.0,-99.8,-99.8,0.0,-99.8,-99.8,-99.8,-99.8,-99.8,-99.8,-99.8
2022-05-26 14:00:00,1005.6,19.7,98.0,6.4,29.0,-99.8,-99.8,0.0,-99.8,-99.8,-99.8,-99.8,-99.8,-99.8,-99.8
2022-05-26 15:00:00,1005.6,18.9,98.0,8.8,21.0,-99.8,-99.8,0.0,-99.8,-99.8,-99.8,-99.8,-99.8,-99.8,-99.8
2022-05-26 16:00:00,1004.6,19.1,96.0,8.0,29.0,-99.8,-99.8,0.0,-99.8,-99.8,-99.8,-99.8,-99.8,-99.8,-99.8
2022-05-26 17:00:00,1004.3,19.2,94.0,6.7,26.0,-99.8,-99.8,0.0,-99.8,-99.8,-99.8,-99.8,-99.8,-99.8,-99.8
2022-05-26 18:00:00,1005.3,19.4,94.0,6.4,19.0,-99.8,-99.8,0.0,-99.8,-99.8,-99.8,-99.8,-99.8,-99.8,-99.8
2022-05-26 19:00:00,1006.0,19.5,93.0,6.1,24.0,-99.8,-99.8,0.0,-99.8,-99.8,-99.8,-99.8,-99.8,-99.8,-99.8
2022-05-26 20:00:00,1006.3,19.2,95.0,6.7,21.0,-99.8,-99.8,0.0,-99.8,-99.8,-99.8,-99.8,-99.8,-99.8,-99.8
2022-05-26 21:00:00,1006.9,18.9,96.0,6.8,13.0,-99.8,-99.8,0.0,-99.8,-99.8,-99.8,-99.8,-99.8,-99.8,-99.8
2022-05-26 22:00:00,1007.2,18.8,97.0,7.3,14.0,-99.8,-99.8,0.0,-99.8,-99.8,-99.8,-99.8,-99.8,-99.8,-99.8
2022-05-26 23:00:00,1007.1,18.9,97.0,7.1,13.0,-99.8,-99.8,0.0,-99.8,-99.8,-99.8,-99.8,-99.8,-99.8,-99.8
2022-05-27 00:00:00,1006.4,18.8,97.0,6.1,18.0,-99.8,-99.8,0.0,-99.8,-99.8,-99.8,-99.8,-99.8,-99.8,-99.8
2022-05-27 01:00:00,1005.4,18.9,97.0,5.4,19.0,-99.8,-99.8,0.0,-99.8,-99.8,-99.8,-99.8,-99.8,-99.8,-99.8
2022-05-27 02:00:00,1004.8,18.9,96.0,5.1,15.0,-99.8,-99.8,0.0,-99.8,-99.8,-99.8,-99.8,-99.8,-99.8,-99.8
2022-05-27 03:00:00,1005.0,19.1,94.0,6.3,12.0,-99.8,-99.8,0.0,-99.8,-99.8,-99.8,-99.8,-99.8,-99.8,-99.8
2022-05-27 04:00:00,1005.1,19.2,93.0,5.2,15.0,-99.8,-99.8,0.0,-99.8,-99.8,-99.8,-99.8,-99.8,-99.8,-99.8
2022-05-27 05:00:00,1005.5,19.3,92.0,4.7,11.0,-99.8,-99.8,0.0,-99.8,-99.8,-99.8,-99.8,-99.8,-99.8,-99.8
2022-05-27 06:00:00,1005.7,19.2,93.0,5.3,9.0,-99.8,-99.8,0.0,-99.8,-99.8,-99.8,-99.8,-99.8,-99.8,-99.8
2022-05-27 07:00:00,1006.3,19.3,92.0,6.1,13.0,-99.8,-99.8,0.0,-99.8,-99.8,-99.8,-99.8,-99.8,-99.8,-99.8
2022-05-27 08:00:00,1006.6,19.0,94.0,5.9,16.0,-99.8,-99.8,0.0,-99.8,-99.8,-99.8,-99.8,-99.8,-99.8,-99.8
2022-05-27 09:00:00,1006.8,18.9,93.0,5.5,17.0,-99.8,-99.8,0.0,-99.8,-99.8,-99.8,-99.8,-99.8,-99.8,-99.8
2022-05-27 10:00:00,1007.1,19.0,95.0,4.4,27.0,-99.8,-99.8,0.0,-99.8,-99.8,-99.8,-99.8,-99.8,-99.8,-99.8
2022-05-27 11:00:00,1007.3,19.3,94.0,3.7,28.0,-99.8,-99.8,0.0,-99.8,-99.8,-99.8,-99.8,-99.8,-99.8,-99.8
2022-05-27 12:00:00,1007.3,19.5,95.0,3.5,25.0,-99.8,-99.8,0.0,-99.8,-99.8,-99.8,-99.8,-99.8,-99.8,-99.8
2022-05-27 13:00:00,1007.0,19.5,94.0,4.1,20.0,-99.8,-99.8,0.0,-99.8,-99.8,-99.8,-99.8,-99.8,-99.8,-99.8
2022-05-27 14:00:00,1006.3,19.8,92.0,3.0,36.0,-99.8,-99.8,0.0,-99.8,-99.8,-99.8,-99.8,-99.8,-99.8,-99.8
2022-05-27 15:00:00,1005.8,20.1,92.0,3.5,24.0,-99.8,-99.8,0.0,-99.8,-99.8,-99.8,-99.8,-99.8,-99.8,-99.8
2022-05-27 16:00:00,1005.5,20.0,93.0,3.2,20.0,-99.8,-99.8,0.0,-99.8,-99.8,-99.8,-99.8,-99.8,-99.8,-99.8
2022-05-27 17:00:00,1005.5,20.0,93.0,3.1,13.0,-99.8,-99.8,0.0,-99.8,-99.8,-99.8,-99.8,-99.8,-99.8,-99.8
2022-05-27 18:00:00,1005.7,20.0,91.0,3.9,11.0,-99.8,-99.8,0.0,-99.8,-99.8,-99.8,-99.8,-99.8,-99.8,-99.8
2022-05-27 19:00:00,1006.4,20.0,90.0,2.5,20.0,-99.8,-99.8,0.0,-99.8,-99.8,-99.8,-99.8,-99.8,-99.8,-99.8
2022-05-27 20:00:00,1007.1,19.9,92.0,1.8,30.0,-99.8,-99.8,0.0,-99.8,-99.8,-99.8,-99.8,-99.8,-99.8,-99.8
2022-05-27 21:00:00,1007.6,19.9,93.0,2.6,25.0,-99.8,-99.8,0.0,-99.8,-99.8,-99.8,-99.8,-99.8,-99.8,-99.8
2022-05-27 22:00:00,1008.0,19.8,93.0,2.6,3.0,-99.8,-99.8,0.0,-99.8,-99.8,-99.8,-99.8,-99.8,-99.8,-99.8
2022-05-27 23:00:00,1007.7,19.7,93.0,4.7,8.0,-99.8,-99.8,0.0,-99.8,-99.8,-99.8,-99.8,-99.8,-99.8,-99.8
2022-05-28 00:00:00,1007.3,19.5,93.0,2.8,348.0,-99.8,-99.8,0.0,-99.8,-99.8,-99.8,-99.8,-99.8,-99.8,-99.8
2022-05-28 01:00:00,1006.4,19.5,95.0,3.2,360.0,-99.8,-99.8,0.0,-99.8,-99.8,-99.8,-99.8,-99.8,-99.8,-99.8
2022-05-28 02:00:00,1005.6,19.3,93.0,2.4,353.0,-99.8,-99.8,0.0,-99.8,-99.8,-99.8,-99.8,-99.8,-99.8,-99.8
2022-05-28 03:00:00,1005.3,19.4,92.0,2.6,356.0,-99.8,-99.8,0.0,-99.8,-99.8,-99.8,-99.8,-99.8,-99.8,-99.8
2022-05-28 04:00:00,1005.2,19.0,97.0,2.1,351.0,-99.8,-99.8,0.0,-99.8,-99.8,-99.8,-99.8,-99.8,-99.8,-99.8
2022-05-28 05:00:00,1005.3,19.0,98.0,3.0,3.0,-99.8,-99.8,0.0,-99.8,-99.8,-99.8,-99.8,-99.8,-99.8,-99.8
2022-05-28 06:00:00,1006.0,19.0,98.0,3.4,11.0,-99.8,-99.8,0.0,-99.8,-99.8,-99.8,-99.8,-99.8,-99.8,-99.8
2022-05-28 07:00:00,1006.6,19.2,98.0,1.6,32.0,-99.8,-99.8,0.5,-99.8,-99.8,-99.8,-99.8,-99.8,-99.8,-99.8
2022-05-28 08:00:00,1006.7,19.3,98.0,1.8,40.0,-99.8,-99.8,0.0,-99.8,-99.8,-99.8,-99.8,-99.8,-99.8,-99.8
2022-05-28 09:00:00,1006.8,19.5,97.0,2.0,28.0,-99.8,-99.8,0.0,-99.8,-99.8,-99.8,-99.8,-99.8,-99.8,-99.8
2022-05-28 10:00:00,1006.9,19.9,96.0,1.8,28.0,-99.8,-99.8,0.0,-99.8,-99.8,-99.8,-99.8,-99.8,-99.8,-99.8
2022-05-28 11:00:00,1007.1,20.4,95.0,1.0,47.0,-99.8,-99.8,0.0,-99.8,-99.8,-99.8,-99.8,-99.8,-99.8,-99.8
2022-05-28 12:00:00,1006.8,20.3,95.0,0.8,103.0,-99.8,-99.8,0.0,-99.8,-99.8,-99.8,-99.8,-99.8,-99.8,-99.8
2022-05-28 13:00:00,1006.1,20.8,93.0,0.8,118.0,-99.8,-99.8,0.0,-99.8,-99.8,-99.8,-99.8,-99.8,-99.8,-99.8
2022-05-28 14:00:00,1005.6,20.6,93.0,1.5,162.0,-99.8,-99.8,0.0,-99.8,-99.8,-99.8,-99.8,-99.8,-99.8,-99.8
2022-05-28 15:00:00,1005.2,20.8,93.0,2.4,159.0,-99.8,-99.8,0.0,-99.8,-99.8,-99.8,-99.8,-99.8,-99.8,-99.8
2022-05-28 16:00:00,1004.6,20.9,93.0,1.9,170.0,-99.8,-99.8,0.0,-99.8,-99.8,-99.8,-99.8,-99.8,-99.8,-99.8
2022-05-28 17:00:00,1004.4,21.0,94.0,1.1,170.0,-99.8,-99.8,0.0,-99.8,-99.8,-99.8,-99.8,-99.8,-99.8,-99.8
2022-05-28 18:00:00,1004.5,21.0,94.0,2.3,180.0,-99.8,-99.8,0.0,-99.8,-99.8,-99.8,-99.8,-99.8,-99.8,-99.8
2022-05-28 19:00:00,1004.6,22.0,95.0,3.5,184.0,-99.8,-99.8,0.0,-99.8,-99.8,-99.8,-99.8,-99.8,-99.8,-99.8
2022-05-28 20:00:00,1005.3,22.8,95.0,3.0,185.0,-99.8,-99.8,0.0,-99.8,-99.8,-99.8,-99.8,-99.8,-99.8,-99.8
2022-05-28 21:00:00,1005.6,23.3,96.0,3.6,191.0,-99.8,-99.8,0.0,-99.8,-99.8,-99.8,-99.8,-99.8,-99.8,-99.8
2022-05-28 22:00:00,1005.7,23.6,96.0,5.5,189.0,-99.8,-99.8,0.0,-99.8,-99.8,-99.8,-99.8,-99.8,-99.8,-99.8
2022-05-28 23:00:00,1005.6,23.4,96.0,4.7,189.0,-99.8,-99.8,0.0,-99.8,-99.8,-99.8,-99.8,-99.8,-99.8,-99.8
2022-05-29 00:00:00,1004.8,23.7,97.0,6.9,191.0,-99.8,-99.8,0.0,-99.8,-99.8,-99.8,-99.8,-99.8,-99.8,-99.8
2022-05-29 01:00:00,1004.6,23.9,96.0,5.7,187.0,-99.8,-99.8,0.0,-99.8,-99.8,-99.8,-99.8,-99.8,-99.8,-99.8
2022-05-29 02:00:00,1004.0,23.4,96.0,5.0,191.0,-99.8,-99.8,0.0,-99.8,-99.8,-99.8,-99.8,-99.8,-99.8,-99.8
2022-05-29 03:00:00,1003.7,23.8,97.0,7.1,189.0,-99.8,-99.8,0.0,-99.8,-99.8,-99.8,-99.8,-99.8,-99.8,-99.8
2022-05-29 04:00:00,1003.9,23.6,96.0,6.6,187.0,-99.8,-99.8,0.0,-99.8,-99.8,-99.8,-99.8,-99.8,-99.8,-99.8
2022-05-29 05:00:00,1004.3,23.8,96.0,6.3,189.0,-99.8,-99.8,0.0,-99.8,-99.8,-99.8,-99.8,-99.8,-99.8,-99.8
2022-05-29 06:00:00,1004.7,23.6,96.0,5.1,189.0,-99.8,-99.8,0.0,-99.8,-99.8,-99.8,-99.8,-99.8,-99.8,-99.8
2022-05-29 07:00:00,1005.0,24.3,95.0,5.5,189.0,-99.8,-99.8,0.0,-99.8,-99.8,-99.8,-99.8,-99.8,-99.8,-99.8
2022-05-29 08:00:00,1005.0,24.5,92.0,5.1,186.0,-99.8,-99.8,0.0,-99.8,-99.8,-99.8,-99.8,-99.8,-99.8,-99.8
2022-05-29 09:00:00,1004.6,25.0,91.0,5.9,189.0,-99.8,-99.8,0.0,-99.8,-99.8,-99.8,-99.8,-99.8,-99.8,-99.8
2022-05-29 10:00:00,1004.5,25.0,90.0,7.1,188.0,-99.8,-99.8,0.0,-99.8,-99.8,-99.8,-99.8,-99.8,-99.8,-99.8
2022-05-29 11:00:00,1004.6,26.5,86.0,6.2,189.0,-99.8,-99.8,0.0,-99.8,-99.8,-99.8,-99.8,-99.8,-99.8,-99.8
2022-05-29 12:00:00,1004.1,25.8,87.0,7.5,189.0,-99.8,-99.8,0.0,-99.8,-99.8,-99.8,-99.8,-99.8,-99.8,-99.8
2022-05-29 13:00:00,1003.4,25.8,87.0,7.6,188.0,-99.8,-99.8,0.0,-99.8,-99.8,-99.8,-99.8,-99.8,-99.8,-99.8
2022-05-29 14:00:00,1003.0,25.9,85.0,8.8,193.0,-99.8,-99.8,0.0,-99.8,-99.8,-99.8,-99.8,-99.8,-99.8,-99.8
2022-05-29 15:00:00,1002.6,26.0,85.0,8.7,192.0,-99.8,-99.8,0.0,-99.8,-99.8,-99.8,-99.8,-99.8,-99.8,-99.8
2022-05-29 16:00:00,1002.5,26.2,82.0,6.9,191.0,-99.8,-99.8,0.0,-99.8,-99.8,-99.8,-99.8,-99.8,-99.8,-99.8
2022-05-29 17:00:00,1002.6,25.1,87.0,6.2,186.0,-99.8,-99.8,0.0,-99.8,-99.8,-99.8,-99.8,-99.8,-99.8,-99.8
2022-05-29 18:00:00,1003.3,25.2,88.0,6.6,193.0,-99.8,-99.8,0.0,-99.8,-99.8,-99.8,-99.8,-99.8,-99.8,-99.8
2022-05-29 19:00:00,1003.7,24.6,91.0,6.0,183.0,-99.8,-99.8,0.0,-99.8,-99.8,-99.8,-99.8,-99.8,-99.8,-99.8
2022-05-29 20:00:00,1003.9,24.4,92.0,6.5,191.0,-99.8,-99.8,0.0,-99.8,-99.8,-99.8,-99.8,-99.8,-99.8,-99.8
2022-05-29 21:00:00,1004.5,24.5,93.0,5.9,190.0,-99.8,-99.8,0.0,-99.8,-99.8,-99.8,-99.8,-99.8,-99.8,-99.8
2022-05-29 22:00:00,1004.8,24.5,94.0,5.6,192.0,-99.8,-99.8,0.0,-99.8,-99.8,-99.8,-99.8,-99.8,-99.8,-99.8
2022-05-29 23:00:00,1004.7,24.3,93.0,6.2,189.0,-99.8,-99.8,0.0,-99.8,-99.8,-99.8,-99.8,-99.8,-99.8,-99.8
2022-05-30 00:00:00,1004.1,23.8,95.0,4.9,189.0,-99.8,-99.8,0.0,-99.8,-99.8,-99.8,-99.8,-99.8,-99.8,-99.8
2022-05-30 01:00:00,1003.6,23.9,94.0,5.2,192.0,-99.8,-99.8,0.0,-99.8,-99.8,-99.8,-99.8,-99.8,-99.8,-99.8
2022-05-30 02:00:00,1003.3,23.6,97.0,5.4,196.0,-99.8,-99.8,0.0,-99.8,-99.8,-99.8,-99.8,-99.8,-99.8,-99.8
2022-05-30 03:00:00,1003.3,23.5,97.0,4.8,188.0,-99.8,-99.8,0.0,-99.8,-99.8,-99.8,-99.8,-99.8,-99.8,-99.8
2022-05-30 04:00:00,1003.8,23.9,95.0,4.7,190.0,-99.8,-99.8,0.0,-99.8,-99.8,-99.8,-99.8,-99.8,-99.8,-99.8
2022-05-30 05:00:00,1003.9,24.1,94.0,5.5,188.0,-99.8,-99.8,0.0,-99.8,-99.8,-99.8,-99.8,-99.8,-99.8,-99.8
2022-05-30 06:00:00,1004.1,24.0,94.0,5.8,193.0,-99.8,-99.8,0.0,-99.8,-99.8,-99.8,-99.8,-99.8,-99.8,-99.8
2022-05-30 07:00:00,1004.4,24.1,93.0,6.7,191.0,-99.8,-99.8,0.0,-99.8,-99.8,-99.8,-99.8,-99.8,-99.8,-99.8
2022-05-30 08:00:00,1004.6,25.4,88.0,5.5,187.0,-99.8,-99.8,0.0,-99.8,-99.8,-99.8,-99.8,-99.8,-99.8,-99.8
2022-05-30 09:00:00,1004.8,26.0,87.0,5.5,179.0,-99.8,-99.8,0.0,-99.8,-99.8,-99.8,-99.8,-99.8,-99.8,-99.8
2022-05-30 10:00:00,1005.4,26.0,86.0,5.0,177.0,-99.8,-99.8,0.0,-99.8,-99.8,-99.8,-99.8,-99.8,-99.8,-99.8
2022-05-30 11:00:00,1004.8,26.3,84.0,6.3,187.0,-99.8,-99.8,0.0,-99.8,-99.8,-99.8,-99.8,-99.8,-99.8,-99.8
2022-05-30 12:00:00,1004.5,26.3,83.0,7.4,186.0,-99.8,-99.8,0.0,-99.8,-99.8,-99.8,-99.8,-99.8,-99.8,-99.8
2022-05-30 13:00:00,1003.4,26.8,82.0,7.0,191.0,-99.8,-99.8,0.0,-99.8,-99.8,-99.8,-99.8,-99.8,-99.8,-99.8
2022-05-30 14:00:00,1002.7,26.6,81.0,7.3,192.0,-99.8,-99.8,0.0,-99.8,-99.8,-99.8,-99.8,-99.8,-99.8,-99.8
2022-05-30 15:00:00,1002.5,26.1,85.0,6.7,195.0,-99.8,-99.8,0.0,-99.8,-99.8,-99.8,-99.8,-99.8,-99.8,-99.8
2022-05-30 16:00:00,1002.8,25.1,89.0,6.4,199.0,-99.8,-99.8,0.0,-99.8,-99.8,-99.8,-99.8,-99.8,-99.8,-99.8
2022-05-30 17:00:00,1002.9,25.5,87.0,5.7,193.0,-99.8,-99.8,0.0,-99.8,-99.8,-99.8,-99.8,-99.8,-99.8,-99.8
2022-05-30 18:00:00,1003.7,25.2,87.0,5.3,193.0,-99.8,-99.8,0.0,-99.8,-99.8,-99.8,-99.8,-99.8,-99.8,-99.8
2022-05-30 19:00:00,1004.4,25.8,85.0,4.5,191.0,-99.8,-99.8,0.0,-99.8,-99.8,-99.8,-99.8,-99.8,-99.8,-99.8
2022-05-30 20:00:00,1006.4,23.9,90.0,3.6,43.0,-99.8,-99.8,0.0,-99.8,-99.8,-99.8,-99.8,-99.8,-99.8,-99.8
2022-05-30 21:00:00,1006.7,22.1,97.0,6.7,32.0,-99.8,-99.8,21.5,-99.8,-99.8,-99.8,-99.8,-99.8,-99.8,-99.8
2022-05-30 22:00:00,1007.8,22.1,97.0,5.5,27.0,-99.8,-99.8,0.0,-99.8,-99.8,-99.8,-99.8,-99.8,-99.8,-99.8
2022-05-30 23:00:00,1007.6,22.2,97.0,2.5,31.0,-99.8,-99.8,0.0,-99.8,-99.8,-99.8,-99.8,-99.8,-99.8,-99.8
2022-05-31 00:00:00,1007.3,22.1,97.0,2.0,345.0,-99.8,-99.8,2.0,-99.8,-99.8,-99.8,-99.8,-99.8,-99.8,-99.8
2022-05-31 01:00:00,1006.7,21.9,97.0,2.4,330.0,-99.8,-99.8,0.0,-99.8,-99.8,-99.8,-99.8,-99.8,-99.8,-99.8
2022-05-31 02:00:00,1005.9,21.9,97.0,2.6,336.0,-99.8,-99.8,0.0,-99.8,-99.8,-99.8,-99.8,-99.8,-99.8,-99.8
2022-05-31 03:00:00,1006.1,22.0,97.0,1.4,318.0,-99.8,-99.8,0.0,-99.8,-99.8,-99.8,-99.8,-99.8,-99.8,-99.8
2022-05-31 04:00:00,1006.2,22.1,97.0,2.6,356.0,-99.8,-99.8,0.0,-99.8,-99.8,-99.8,-99.8,-99.8,-99.8,-99.8
2022-05-31 05:00:00,1006.4,22.1,97.0,2.3,23.0,-99.8,-99.8,0.0,-99.8,-99.8,-99.8,-99.8,-99.8,-99.8,-99.8
2022-05-31 06:00:00,1007.5,22.3,97.0,2.9,23.0,-99.8,-99.8,0.0,-99.8,-99.8,-99.8,-99.8,-99.8,-99.8,-99.8
2022-05-31 07:00:00,1007.8,22.7,95.0,2.9,33.0,-99.8,-99.8,0.0,-99.8,-99.8,-99.8,-99.8,-99.8,-99.8,-99.8
2022-05-31 08:00:00,1008.3,23.4,91.0,2.2,36.0,-99.8,-99.8,0.0,-99.8,-99.8,-99.8,-99.8,-99.8,-99.8,-99.8
2022-05-31 09:00:00,1008.9,23.4,91.0,1.5,44.0,-99.8,-99.8,0.0,-99.8,-99.8,-99.8,-99.8,-99.8,-99.8,-99.8
2022-05-31 10:00:00,1009.2,23.3,93.0,2.6,15.0,-99.8,-99.8,0.0,-99.8,-99.8,-99.8,-99.8,-99.8,-99.8,-99.8
2022-05-31 11:00:00,1009.2,23.5,93.0,2.3,14.0,-99.8,-99.8,0.0,-99.8,-99.8,-99.8,-99.8,-99.8,-99.8,-99.8
2022-05-31 12:00:00,1008.8,22.8,95.0,3.0,32.0,-99.8,-99.8,0.5,-99.8,-99.8,-99.8,-99.8,-99.8,-99.8,-99.8
2022-05-31 13:00:00,1008.0,22.9,95.0,3.2,22.0,-99.8,-99.8,0.5,-99.8,-99.8,-99.8,-99.8,-99.8,-99.8,-99.8
2022-05-31 14:00:00,1007.2,22.6,96.0,2.6,21.0,-99.8,-99.8,0.0,-99.8,-99.8,-99.8,-99.8,-99.8,-99.8,-99.8
2022-05-31 15:00:00,1006.8,22.3,97.0,3.7,30.0,-99.8,-99.8,0.0,-99.8,-99.8,-99.8,-99.8,-99.8,-99.8,-99.8
2022-05-31 16:00:00,1006.5,22.2,97.0,3.3,30.0,-99.8,-99.8,0.5,-99.8,-99.8,-99.8,-99.8,-99.8,-99.8,-99.8
2022-05-31 17:00:00,1006.6,21.8,97.0,4.5,26.0,-99.8,-99.8,0.0,-99.8,-99.8,-99.8,-99.8,-99.8,-99.8,-99.8
2022-05-31 18:00:00,1007.4,21.7,97.0,3.5,31.0,-99.8,-99.8,0.0,-99.8,-99.8,-99.8,-99.8,-99.8,-99.8,-99.8
2022-05-31 19:00:00,1007.8,21.7,97.0,2.3,36.0,-99.8,-99.8,0.5,-99.8,-99.8,-99.8,-99.8,-99.8,-99.8,-99.8
2022-05-31 20:00:00,1007.6,21.7,97.0,1.7,31.0,-99.8,-99.8,0.0,-99.8,-99.8,-99.8,-99.8,-99.8,-99.8,-99.8
2022-05-31 21:00:00,1007.9,21.8,97.0,2.3,17.0,-99.8,-99.8,0.0,-99.8,-99.8,-99.8,-99.8,-99.8,-99.8,-99.8
2022-05-31 22:00:00,1007.9,21.4,98.0,4.3,20.0,-99.8,-99.8,0.0,-99.8,-99.8,-99.8,-99.8,-99.8,-99.8,-99.8
2022-05-31 23:00:00,1008.3,21.4,98.0,4.7,14.0,-99.8,-99.8,0.0,-99.8,-99.8,-99.8,-99.8,-99.8,-99.8,-99.8
2022-06-01 00:00:00,1008.0,21.4,98.0,3.0,25.0,-99.8,-99.8,0.0,-99.8,-99.8,-99.8,-99.8,-99.8,-99.8,-99.8
2022-06-01 01:00:00,1007.4,21.3,98.0,2.6,30.0,-99.8,-99.8,0.0,-99.8,-99.8,-99.8,-99.8,-99.8,-99.8,-99.8
2022-06-01 02:00:00,1006.8,21.4,98.0,0.7,79.0,-99.8,-99.8,0.0,-99.8,-99.8,-99.8,-99.8,-99.8,-99.8,-99.8
2022-06-01 03:00:00,1006.1,21.5,98.0,1.0,160.0,-99.8,-99.8,0.0,-99.8,-99.8,-99.8,-99.8,-99.8,-99.8,-99.8
2022-06-01 04:00:00,1006.1,21.6,98.0,0.8,177.0,-99.8,-99.8,0.0,-99.8,-99.8,-99.8,-99.8,-99.8,-99.8,-99.8
2022-06-01 05:00:00,1005.9,21.8,98.0,1.5,174.0,-99.8,-99.8,0.0,-99.8,-99.8,-99.8,-99.8,-99.8,-99.8,-99.8
2022-06-01 06:00:00,1006.4,22.0,98.0,1.9,181.0,-99.8,-99.8,0.0,-99.8,-99.8,-99.8,-99.8,-99.8,-99.8,-99.8
2022-06-01 07:00:00,1006.9,22.5,98.0,1.1,281.0,-99.8,-99.8,0.0,-99.8,-99.8,-99.8,-99.8,-99.8,-99.8,-99.8
2022-06-01 08:00:00,1006.7,23.4,98.0,1.8,200.0,-99.8,-99.8,0.0,-99.8,-99.8,-99.8,-99.8,-99.8,-99.8,-99.8
2022-06-01 09:00:00,1006.7,24.3,96.0,3.7,180.0,-99.8,-99.8,0.0,-99.8,-99.8,-99.8,-99.8,-99.8,-99.8,-99.8
2022-06-01 10:00:00,1006.6,25.6,90.0,5.0,183.0,-99.8,-99.8,0.0,-99.8,-99.8,-99.8,-99.8,-99.8,-99.8,-99.8
2022-06-01 11:00:00,1005.9,26.0,89.0,6.1,188.0,-99.8,-99.8,0.0,-99.8,-99.8,-99.8,-99.8,-99.8,-99.8,-99.8
2022-06-01 12:00:00,1005.4,26.0,88.0,7.0,190.0,-99.8,-99.8,0.0,-99.8,-99.8,-99.8,-99.8,-99.8,-99.8,-99.8
2022-06-01 13:00:00,1004.9,25.7,89.0,6.3,189.0,-99.8,-99.8,0.0,-99.8,-99.8,-99.8,-99.8,-99.8,-99.8,-99.8
2022-06-01 14:00:00,1004.0,26.1,88.0,6.3,190.0,-99.8,-99.8,0.0,-99.8,-99.8,-99.8,-99.8,-99.8,-99.8,-99.8
2022-06-01 15:00:00,1003.4,26.2,87.0,5.4,188.0,-99.8,-99.8,0.0,-99.8,-99.8,-99.8,-99.8,-99.8,-99.8,-99.8
2022-06-01 16:00:00,1002.5,26.2,86.0,5.9,192.0,-99.8,-99.8,0.0,-99.8,-99.8,-99.8,-99.8,-99.8,-99.8,-99.8
2022-06-01 17:00:00,1002.8,25.7,86.0,5.7,191.0,-99.8,-99.8,0.0,-99.8,-99.8,-99.8,-99.8,-99.8,-99.8,-99.8
2022-06-01 18:00:00,1003.2,25.7,86.0,5.6,192.0,-99.8,-99.8,0.0,-99.8,-99.8,-99.8,-99.8,-99.8,-99.8,-99.8
2022-06-01 19:00:00,1003.1,25.3,87.0,5.5,189.0,-99.8,-99.8,0.0,-99.8,-99.8,-99.8,-99.8,-99.8,-99.8,-99.8
2022-06-01 20:00:00,1003.7,25.4,87.0,6.2,188.0,-99.8,-99.8,0.0,-99.8,-99.8,-99.8,-99.8,-99.8,-99.8,-99.8
2022-06-01 21:00:00,1004.1,24.8,91.0,6.1,189.0,-99.8,-99.8,0.0,-99.8,-99.8,-99.8,-99.8,-99.8,-99.8,-99.8
2022-06-01 22:00:00,1004.7,24.7,91.0,5.3,188.0,-99.8,-99.8,0.0,-99.8,-99.8,-99.8,-99.8,-99.8,-99.8,-99.8
2022-06-01 23:00:00,1006.0,24.0,93.0,2.7,264.0,-99.8,-99.8,0.0,-99.8,-99.8,-99.8,-99.8,-99.8,-99.8,-99.8
2022-06-02 00:00:00,1005.5,23.1,95.0,2.7,56.0,-99.8,-99.8,0.5,-99.8,-99.8,-99.8,-99.8,-99.8,-99.8,-99.8
2022-06-02 01:00:00,1005.2,22.9,95.0,2.0,161.0,-99.8,-99.8,0.5,-99.8,-99.8,-99.8,-99.8,-99.8,-99.8,-99.8
2022-06-02 02:00:00,1004.6,23.6,95.0,2.4,185.0,-99.8,-99.8,0.0,-99.8,-99.8,-99.8,-99.8,-99.8,-99.8,-99.8
2022-06-02 03:00:00,1004.0,24.2,96.0,2.8,196.0,-99.8,-99.8,0.0,-99.8,-99.8,-99.8,-99.8,-99.8,-99.8,-99.8
2022-06-02 04:00:00,1004.1,24.4,95.0,3.3,193.0,-99.8,-99.8,0.0,-99.8,-99.8,-99.8,-99.8,-99.8,-99.8,-99.8
2022-06-02 05:00:00,1004.0,23.8,95.0,2.5,189.0,-99.8,-99.8,0.0,-99.8,-99.8,-99.8,-99.8,-99.8,-99.8,-99.8
2022-06-02 06:00:00,1004.1,23.1,96.0,0.9,329.0,-99.8,-99.8,0.0,-99.8,-99.8,-99.8,-99.8,-99.8,-99.8,-99.8
2022-06-02 07:00:00,1004.3,23.9,96.0,1.7,183.0,-99.8,-99.8,0.0,-99.8,-99.8,-99.8,-99.8,-99.8,-99.8,-99.8
2022-06-02 08:00:00,1004.9,24.1,96.0,2.7,188.0,-99.8,-99.8,0.0,-99.8,-99.8,-99.8,-99.8,-99.8,-99.8,-99.8
2022-06-02 09:00:00,1005.1,24.7,95.0,4.2,188.0,-99.8,-99.8,0.0,-99.8,-99.8,-99.8,-99.8,-99.8,-99.8,-99.8
2022-06-02 10:00:00,1005.0,26.1,91.0,4.3,213.0,-99.8,-99.8,0.0,-99.8,-99.8,-99.8,-99.8,-99.8,-99.8,-99.8
2022-06-02 11:00:00,1004.8,25.5,92.0,5.3,186.0,-99.8,-99.8,0.0,-99.8,-99.8,-99.8,-99.8,-99.8,-99.8,-99.8
2022-06-02 12:00:00,1005.0,25.9,91.0,4.8,189.0,-99.8,-99.8,0.0,-99.8,-99.8,-99.8,-99.8,-99.8,-99.8,-99.8
2022-06-02 13:00:00,1004.5,26.2,90.0,4.2,185.0,-99.8,-99.8,0.0,-99.8,-99.8,-99.8,-99.8,-99.8,-99.8,-99.8
2022-06-02 14:00:00,1003.7,26.0,91.0,4.1,194.0,-99.8,-99.8,0.0,-99.8,-99.8,-99.8,-99.8,-99.8,-99.8,-99.8
2022-06-02 15:00:00,1003.3,26.4,89.0,1.7,185.0,-99.8,-99.8,0.0,-99.8,-99.8,-99.8,-99.8,-99.8,-99.8,-99.8
2022-06-02 16:00:00,1004.2,24.4,95.0,1.4,342.0,-99.8,-99.8,0.0,-99.8,-99.8,-99.8,-99.8,-99.8,-99.8,-99.8
2022-06-02 17:00:00,1004.4,23.6,97.0,2.9,28.0,-99.8,-99.8,0.0,-99.8,-99.8,-99.8,-99.8,-99.8,-99.8,-99.8
2022-06-02 18:00:00,1004.2,23.7,98.0,0.4,20.0,-99.8,-99.8,0.0,-99.8,-99.8,-99.8,-99.8,-99.8,-99.8,-99.8
2022-06-02 19:00:00,1004.3,23.4,98.0,1.1,71.0,-99.8,-99.8,0.0,-99.8,-99.8,-99.8,-99.8,-99.8,-99.8,-99.8
2022-06-02 20:00:00,1005.3,23.1,98.0,4.0,30.0,-99.8,-99.8,0.0,-99.8,-99.8,-99.8,-99.8,-99.8,-99.8,-99.8
2022-06-02 21:00:00,1005.6,22.5,98.0,4.7,22.0,-99.8,-99.8,0.0,-99.8,-99.8,-99.8,-99.8,-99.8,-99.8,-99.8
2022-06-02 22:00:00,1006.0,22.5,98.0,1.3,28.0,-99.8,-99.8,0.0,-99.8,-99.8,-99.8,-99.8,-99.8,-99.8,-99.8
2022-06-02 23:00:00,1006.0,22.7,98.0,0.5,12.0,-99.8,-99.8,0.0,-99.8,-99.8,-99.8,-99.8,-99.8,-99.8,-99.8
2022-06-03 00:00:00,1005.3,22.9,98.0,1.7,180.0,-99.8,-99.8,0.0,-99.8,-99.8,-99.8,-99.8,-99.8,-99.8,-99.8
2022-06-03 01:00:00,1004.7,23.1,98.0,2.6,192.0,-99.8,-99.8,0.0,-99.8,-99.8,-99.8,-99.8,-99.8,-99.8,-99.8
2022-06-03 02:00:00,1004.2,23.7,98.0,1.8,194.0,-99.8,-99.8,0.0,-99.8,-99.8,-99.8,-99.8,-99.8,-99.8,-99.8
2022-06-03 03:00:00,1004.0,24.3,97.0,1.5,211.0,-99.8,-99.8,0.0,-99.8,-99.8,-99.8,-99.8,-99.8,-99.8,-99.8
2022-06-03 04:00:00,1003.7,24.6,96.0,3.0,191.0,-99.8,-99.8,0.0,-99.8,-99.8,-99.8,-99.8,-99.8,-99.8,-99.8
2022-06-03 05:00:00,1004.1,24.5,96.0,3.1,189.0,-99.8,-99.8,0.0,-99.8,-99.8,-99.8,-99.8,-99.8,-99.8,-99.8
2022-06-03 06:00:00,1004.5,24.9,96.0,4.4,194.0,-99.8,-99.8,0.0,-99.8,-99.8,-99.8,-99.8,-99.8,-99.8,-99.8
2022-06-03 07:00:00,1005.1,25.1,95.0,3.5,189.0,-99.8,-99.8,0.0,-99.8,-99.8,-99.8,-99.8,-99.8,-99.8,-99.8
2022-06-03 08:00:00,1005.5,25.3,92.0,3.9,190.0,-99.8,-99.8,0.0,-99.8,-99.8,-99.8,-99.8,-99.8,-99.8,-99.8
2022-06-03 09:00:00,1005.5,25.9,91.0,4.1,182.0,-99.8,-99.8,0.0,-99.8,-99.8,-99.8,-99.8,-99.8,-99.8,-99.8
2022-06-03 10:00:00,1005.8,25.5,91.0,3.4,186.0,-99.8,-99.8,0.0,-99.8,-99.8,-99.8,-99.8,-99.8,-99.8,-99.8
2022-06-03 11:00:00,1005.4,26.2,90.0,4.0,182.0,-99.8,-99.8,0.0,-99.8,-99.8,-99.8,-99.8,-99.8,-99.8,-99.8
2022-06-03 12:00:00,1005.2,25.6,92.0,5.3,189.0,-99.8,-99.8,0.0,-99.8,-99.8,-99.8,-99.8,-99.8,-99.8,-99.8
2022-06-03 13:00:00,1004.5,26.0,90.0,5.5,185.0,-99.8,-99.8,0.0,-99.8,-99.8,-99.8,-99.8,-99.8,-99.8,-99.8
2022-06-03 14:00:00,1004.1,25.9,90.0,6.3,194.0,-99.8,-99.8,0.0,-99.8,-99.8,-99.8,-99.8,-99.8,-99.8,-99.8
2022-06-03 15:00:00,1004.5,26.0,91.0,4.0,190.0,-99.8,-99.8,0.0,-99.8,-99.8,-99.8,-99.8,-99.8,-99.8,-99.8
2022-06-03 16:00:00,1003.9,25.7,91.0,3.5,182.0,-99.8,-99.8,0.0,-99.8,-99.8,-99.8,-99.8,-99.8,-99.8,-99.8
2022-06-03 17:00:00,1003.7,26.0,89.0,3.3,184.0,-99.8,-99.8,0.0,-99.8,-99.8,-99.8,-99.8,-99.8,-99.8,-99.8
2022-06-03 18:00:00,1004.5,25.5,91.0,3.6,191.0,-99.8,-99.8,0.0,-99.8,-99.8,-99.8,-99.8,-99.8,-99.8,-99.8
2022-06-03 19:00:00,1004.5,25.7,86.0,4.1,187.0,-99.8,-99.8,0.0,-99.8,-99.8,-99.8,-99.8,-99.8,-99.8,-99.8
2022-06-03 20:00:00,1004.7,25.5,86.0,4.4,194.0,-99.8,-99.8,0.0,-99.8,-99.8,-99.8,-99.8,-99.8,-99.8,-99.8
2022-06-03 21:00:00,1005.3,25.3,88.0,4.2,191.0,-99.8,-99.8,0.0,-99.8,-99.8,-99.8,-99.8,-99.8,-99.8,-99.8
2022-06-03 22:00:00,1005.8,25.2,90.0,4.7,190.0,-99.8,-99.8,0.0,-99.8,-99.8,-99.8,-99.8,-99.8,-99.8,-99.8
2022-06-03 23:00:00,1006.0,24.9,92.0,4.2,189.0,-99.8,-99.8,0.0,-99.8,-99.8,-99.8,-99.8,-99.8,-99.8,-99.8
2022-06-04 00:00:00,1005.2,24.6,94.0,4.8,189.0,-99.8,-99.8,0.0,-99.8,-99.8,-99.8,-99.8,-99.8,-99.8,-99.8
2022-06-04 01:00:00,1004.9,24.9,94.0,3.6,191.0,-99.8,-99.8,0.0,-99.8,-99.8,-99.8,-99.8,-99.8,-99.8,-99.8
2022-06-04 02:00:00,1004.7,25.0,93.0,4.8,188.0,-99.8,-99.8,0.0,-99.8,-99.8,-99.8,-99.8,-99.8,-99.8,-99.8
2022-06-04 03:00:00,1004.6,25.0,93.0,5.5,187.0,-99.8,-99.8,0.0,-99.8,-99.8,-99.8,-99.8,-99.8,-99.8,-99.8
2022-06-04 04:00:00,1004.5,24.8,94.0,4.3,187.0,-99.8,-99.8,0.0,-99.8,-99.8,-99.8,-99.8,-99.8,-99.8,-99.8
2022-06-04 05:00:00,1004.2,24.8,95.0,5.1,191.0,-99.8,-99.8,0.0,-99.8,-99.8,-99.8,-99.8,-99.8,-99.8,-99.8
2022-06-04 06:00:00,1005.0,24.8,95.0,5.1,189.0,-99.8,-99.8,0.0,-99.8,-99.8,-99.8,-99.8,-99.8,-99.8,-99.8
2022-06-04 07:00:00,1005.7,24.9,95.0,4.2,191.0,-99.8,-99.8,0.0,-99.8,-99.8,-99.8,-99.8,-99.8,-99.8,-99.8
2022-06-04 08:00:00,1006.0,25.4,93.0,4.3,194.0,-99.8,-99.8,0.0,-99.8,-99.8,-99.8,-99.8,-99.8,-99.8,-99.8
2022-06-04 09:00:00,1006.2,25.9,92.0,3.7,191.0,-99.8,-99.8,0.0,-99.8,-99.8,-99.8,-99.8,-99.8,-99.8,-99.8
2022-06-04 10:00:00,1006.1,25.9,91.0,5.7,187.0,-99.8,-99.8,0.0,-99.8,-99.8,-99.8,-99.8,-99.8,-99.8,-99.8
2022-06-04 11:00:00,1005.9,26.0,91.0,5.6,187.0,-99.8,-99.8,0.0,-99.8,-99.8,-99.8,-99.8,-99.8,-99.8,-99.8
2022-06-04 12:00:00,1005.6,26.2,90.0,5.0,184.0,-99.8,-99.8,0.0,-99.8,-99.8,-99.8,-99.8,-99.8,-99.8,-99.8
2022-06-04 13:00:00,1005.0,26.0,90.0,4.8,186.0,-99.8,-99.8,0.0,-99.8,-99.8,-99.8,-99.8,-99.8,-99.8,-99.8
2022-06-04 14:00:00,1004.1,25.9,91.0,6.4,190.0,-99.8,-99.8,0.0,-99.8,-99.8,-99.8,-99.8,-99.8,-99.8,-99.8
2022-06-04 15:00:00,-9999.7,-99.7,-9997.0,-99.7,-999.7,-99.8,-99.8,-999.6,-99.8,-99.8,-99.8,-99.8,-99.8,-99.8,-99.8
2022-06-04 16:00:00,-9999.7,-99.7,-9997.0,-99.7,-999.7,-99.8,-99.8,-999.6,-99.8,-99.8,-99.8,-99.8,-99.8,-99.8,-99.8
2022-06-04 17:00:00,1002.7,25.7,91.0,5.6,194.0,-99.8,-99.8,0.0,-99.8,-99.8,-99.8,-99.8,-99.8,-99.8,-99.8
2022-06-04 18:00:00,1003.2,25.9,89.0,5.4,190.0,-99.8,-99.8,0.0,-99.8,-99.8,-99.8,-99.8,-99.8,-99.8,-99.8
2022-06-04 19:00:00,1003.4,25.3,91.0,5.5,194.0,-99.8,-99.8,0.0,-99.8,-99.8,-99.8,-99.8,-99.8,-99.8,-99.8
2022-06-04 20:00:00,1004.0,24.9,93.0,5.7,192.0,-99.8,-99.8,0.0,-99.8,-99.8,-99.8,-99.8,-99.8,-99.8,-99.8
2022-06-04 21:00:00,1004.7,25.0,93.0,7.1,197.0,-99.8,-99.8,0.0,-99.8,-99.8,-99.8,-99.8,-99.8,-99.8,-99.8
2022-06-04 22:00:00,1005.1,24.8,94.0,5.0,190.0,-99.8,-99.8,0.0,-99.8,-99.8,-99.8,-99.8,-99.8,-99.8,-99.8
2022-06-04 23:00:00,1004.7,25.0,94.0,4.7,190.0,-99.8,-99.8,0.0,-99.8,-99.8,-99.8,-99.8,-99.8,-99.8,-99.8
2022-06-05 00:00:00,1003.9,24.9,94.0,5.3,194.0,-99.8,-99.8,0.0,-99.8,-99.8,-99.8,-99.8,-99.8,-99.8,-99.8
2022-06-05 01:00:00,1003.2,24.6,95.0,4.4,195.0,-99.8,-99.8,0.0,-99.8,-99.8,-99.8,-99.8,-99.8,-99.8,-99.8
2022-06-05 02:00:00,1002.3,24.9,94.0,6.5,190.0,-99.8,-99.8,0.0,-99.8,-99.8,-99.8,-99.8,-99.8,-99.8,-99.8
2022-06-05 03:00:00,1002.0,25.1,93.0,5.6,189.0,-99.8,-99.8,0.0,-99.8,-99.8,-99.8,-99.8,-99.8,-99.8,-99.8
2022-06-05 04:00:00,1002.0,25.1,93.0,3.3,194.0,-99.8,-99.8,0.0,-99.8,-99.8,-99.8,-99.8,-99.8,-99.8,-99.8
2022-06-05 05:00:00,1002.4,25.2,93.0,5.7,190.0,-99.8,-99.8,0.0,-99.8,-99.8,-99.8,-99.8,-99.8,-99.8,-99.8
2022-06-05 06:00:00,1002.4,24.9,93.0,5.9,189.0,-99.8,-99.8,0.0,-99.8,-99.8,-99.8,-99.8,-99.8,-99.8,-99.8
2022-06-05 07:00:00,1002.5,25.6,90.0,5.3,189.0,-99.8,-99.8,0.0,-99.8,-99.8,-99.8,-99.8,-99.8,-99.8,-99.8
2022-06-05 08:00:00,1002.7,25.8,89.0,6.3,192.0,-99.8,-99.8,0.0,-99.8,-99.8,-99.8,-99.8,-99.8,-99.8,-99.8
2022-06-05 09:00:00,1002.8,26.7,86.0,6.8,188.0,-99.8,-99.8,0.0,-99.8,-99.8,-99.8,-99.8,-99.8,-99.8,-99.8
2022-06-05 10:00:00,1002.5,26.5,86.0,7.2,186.0,-99.8,-99.8,0.0,-99.8,-99.8,-99.8,-99.8,-99.8,-99.8,-99.8
2022-06-05 11:00:00,1002.3,26.8,85.0,6.0,188.0,-99.8,-99.8,0.0,-99.8,-99.8,-99.8,-99.8,-99.8,-99.8,-99.8
2022-06-05 12:00:00,1001.8,27.4,83.0,8.0,189.0,-99.8,-99.8,0.0,-99.8,-99.8,-99.8,-99.8,-99.8,-99.8,-99.8
2022-06-05 13:00:00,1000.9,27.3,83.0,7.8,188.0,-99.8,-99.8,0.0,-99.8,-99.8,-99.8,-99.8,-99.8,-99.8,-99.8
2022-06-05 14:00:00,1000.3,27.0,83.0,7.4,188.0,-99.8,-99.8,0.0,-99.8,-99.8,-99.8,-99.8,-99.8,-99.8,-99.8
2022-06-05 15:00:00,999.9,26.6,85.0,7.0,190.0,-99.8,-99.8,0.0,-99.8,-99.8,-99.8,-99.8,-99.8,-99.8,-99.8
2022-06-05 16:00:00,999.2,26.6,85.0,8.2,187.0,-99.8,-99.8,0.0,-99.8,-99.8,-99.8,-99.8,-99.8,-99.8,-99.8
2022-06-05 17:00:00,999.1,26.5,87.0,9.0,189.0,-99.8,-99.8,0.0,-99.8,-99.8,-99.8,-99.8,-99.8,-99.8,-99.8
2022-06-05 18:00:00,999.4,26.2,88.0,8.3,188.0,-99.8,-99.8,0.0,-99.8,-99.8,-99.8,-99.8,-99.8,-99.8,-99.8
2022-06-05 19:00:00,999.8,26.0,89.0,8.0,192.0,-99.8,-99.8,0.0,-99.8,-99.8,-99.8,-99.8,-99.8,-99.8,-99.8
2022-06-05 20:00:00,1000.2,25.8,90.0,7.8,190.0,-99.8,-99.8,0.0,-99.8,-99.8,-99.8,-99.8,-99.8,-99.8,-99.8
2022-06-05 21:00:00,1000.6,25.4,90.0,7.4,191.0,-99.8,-99.8,0.0,-99.8,-99.8,-99.8,-99.8,-99.8,-99.8,-99.8
2022-06-05 22:00:00,1000.8,25.9,90.0,7.1,188.0,-99.8,-99.8,0.0,-99.8,-99.8,-99.8,-99.8,-99.8,-99.8,-99.8
2022-06-05 23:00:00,1000.8,25.8,90.0,6.8,189.0,-99.8,-99.8,0.0,-99.8,-99.8,-99.8,-99.8,-99.8,-99.8,-99.8
2022-06-06 00:00:00,1000.3,25.7,91.0,6.5,191.0,-99.8,-99.8,0.0,-99.8,-99.8,-99.8,-99.8,-99.8,-99.8,-99.8
2022-06-06 01:00:00,1000.0,25.7,91.0,5.7,193.0,-99.8,-99.8,0.0,-99.8,-99.8,-99.8,-99.8,-99.8,-99.8,-99.8
2022-06-06 02:00:00,999.0,25.6,91.0,7.4,191.0,-99.8,-99.8,0.0,-99.8,-99.8,-99.8,-99.8,-99.8,-99.8,-99.8
2022-06-06 03:00:00,998.5,25.6,91.0,9.2,191.0,-99.8,-99.8,0.0,-99.8,-99.8,-99.8,-99.8,-99.8,-99.8,-99.8
2022-06-06 04:00:00,998.7,25.2,92.0,8.9,192.0,-99.8,-99.8,0.0,-99.8,-99.8,-99.8,-99.8,-99.8,-99.8,-99.8
2022-06-06 05:00:00,999.0,25.2,93.0,7.5,190.0,-99.8,-99.8,0.0,-99.8,-99.8,-99.8,-99.8,-99.8,-99.8,-99.8
2022-06-06 06:00:00,998.9,24.9,94.0,8.2,191.0,-99.8,-99.8,0.0,-99.8,-99.8,-99.8,-99.8,-99.8,-99.8,-99.8
2022-06-06 07:00:00,999.8,24.9,94.0,5.1,190.0,-99.8,-99.8,0.0,-99.8,-99.8,-99.8,-99.8,-99.8,-99.8,-99.8
2022-06-06 08:00:00,1000.4,24.5,94.0,6.7,191.0,-99.8,-99.8,0.0,-99.8,-99.8,-99.8,-99.8,-99.8,-99.8,-99.8
2022-06-06 09:00:00,1000.5,24.3,94.0,6.8,192.0,-99.8,-99.8,0.0,-99.8,-99.8,-99.8,-99.8,-99.8,-99.8,-99.8
2022-06-06 10:00:00,1001.2,23.7,96.0,4.6,188.0,-99.8,-99.8,0.0,-99.8,-99.8,-99.8,-99.8,-99.8,-99.8,-99.8
2022-06-06 11:00:00,1003.1,20.7,97.0,9.1,23.0,-99.8,-99.8,0.0,-99.8,-99.8,-99.8,-99.8,-99.8,-99.8,-99.8
2022-06-06 12:00:00,1003.2,21.4,95.0,9.2,16.0,-99.8,-99.8,0.0,-99.8,-99.8,-99.8,-99.8,-99.8,-99.8,-99.8
2022-06-06 13:00:00,1003.3,21.7,92.0,8.5,13.0,-99.8,-99.8,0.0,-99.8,-99.8,-99.8,-99.8,-99.8,-99.8,-99.8
2022-06-06 14:00:00,1004.2,21.9,91.0,4.5,12.0,-99.8,-99.8,0.0,-99.8,-99.8,-99.8,-99.8,-99.8,-99.8,-99.8
2022-06-06 15:00:00,1003.4,22.0,93.0,3.7,16.0,-99.8,-99.8,0.0,-99.8,-99.8,-99.8,-99.8,-99.8,-99.8,-99.8
2022-06-06 16:00:00,1003.3,22.1,93.0,2.3,15.0,-99.8,-99.8,0.0,-99.8,-99.8,-99.8,-99.8,-99.8,-99.8,-99.8
2022-06-06 17:00:00,1003.6,21.9,93.0,2.2,2.0,-99.8,-99.8,0.0,-99.8,-99.8,-99.8,-99.8,-99.8,-99.8,-99.8
2022-06-06 18:00:00,1003.6,21.9,93.0,1.0,17.0,-99.8,-99.8,0.0,-99.8,-99.8,-99.8,-99.8,-99.8,-99.8,-99.8
2022-06-06 19:00:00,1004.0,21.8,93.0,1.6,181.0,-99.8,-99.8,0.0,-99.8,-99.8,-99.8,-99.8,-99.8,-99.8,-99.8
2022-06-06 20:00:00,1004.5,21.5,95.0,1.0,211.0,-99.8,-99.8,0.0,-99.8,-99.8,-99.8,-99.8,-99.8,-99.8,-99.8
2022-06-06 21:00:00,1005.1,21.6,94.0,0.8,186.0,-99.8,-99.8,0.0,-99.8,-99.8,-99.8,-99.8,-99.8,-99.8,-99.8
2022-06-06 22:00:00,1005.4,21.8,94.0,1.7,235.0,-99.8,-99.8,0.0,-99.8,-99.8,-99.8,-99.8,-99.8,-99.8,-99.8
2022-06-06 23:00:00,1005.2,21.8,93.0,1.7,195.0,-99.8,-99.8,0.0,-99.8,-99.8,-99.8,-99.8,-99.8,-99.8,-99.8
2022-06-07 00:00:00,1005.0,22.0,90.0,0.6,341.0,-99.8,-99.8,0.0,-99.8,-99.8,-99.8,-99.8,-99.8,-99.8,-99.8
2022-06-07 01:00:00,1005.1,21.7,95.0,0.5,206.0,-99.8,-99.8,0.0,-99.8,-99.8,-99.8,-99.8,-99.8,-99.8,-99.8
2022-06-07 02:00:00,1004.7,21.6,89.0,3.6,12.0,-99.8,-99.8,0.0,-99.8,-99.8,-99.8,-99.8,-99.8,-99.8,-99.8
2022-06-07 03:00:00,1004.2,21.0,82.0,3.1,24.0,-99.8,-99.8,0.0,-99.8,-99.8,-99.8,-99.8,-99.8,-99.8,-99.8
2022-06-07 04:00:00,1004.4,20.2,90.0,0.4,211.0,-99.8,-99.8,0.0,-99.8,-99.8,-99.8,-99.8,-99.8,-99.8,-99.8
2022-06-07 05:00:00,1004.5,20.3,88.0,0.9,204.0,-99.8,-99.8,0.0,-99.8,-99.8,-99.8,-99.8,-99.8,-99.8,-99.8
2022-06-07 06:00:00,1004.7,21.1,82.0,1.4,312.0,-99.8,-99.8,0.0,-99.8,-99.8,-99.8,-99.8,-99.8,-99.8,-99.8
2022-06-07 07:00:00,1005.5,20.7,86.0,0.9,269.0,-99.8,-99.8,0.0,-99.8,-99.8,-99.8,-99.8,-99.8,-99.8,-99.8
2022-06-07 08:00:00,1006.0,21.5,75.0,1.9,5.0,-99.8,-99.8,0.0,-99.8,-99.8,-99.8,-99.8,-99.8,-99.8,-99.8
2022-06-07 09:00:00,1006.4,20.0,86.0,3.1,345.0,-99.8,-99.8,0.0,-99.8,-99.8,-99.8,-99.8,-99.8,-99.8,-99.8
2022-06-07 10:00:00,1006.5,20.6,93.0,3.7,26.0,-99.8,-99.8,0.0,-99.8,-99.8,-99.8,-99.8,-99.8,-99.8,-99.8
2022-06-07 11:00:00,1006.1,21.0,90.0,1.9,147.0,-99.8,-99.8,0.0,-99.8,-99.8,-99.8,-99.8,-99.8,-99.8,-99.8
2022-06-07 12:00:00,1006.5,20.8,90.0,2.3,27.0,-99.8,-99.8,0.0,-99.8,-99.8,-99.8,-99.8,-99.8,-99.8,-99.8
2022-06-07 13:00:00,1006.5,21.2,90.0,1.6,357.0,-99.8,-99.8,0.0,-99.8,-99.8,-99.8,-99.8,-99.8,-99.8,-99.8
2022-06-07 14:00:00,1006.4,21.6,88.0,1.2,23.0,-99.8,-99.8,0.0,-99.8,-99.8,-99.8,-99.8,-99.8,-99.8,-99.8
2022-06-07 15:00:00,1006.2,21.5,86.0,1.8,26.0,-99.8,-99.8,0.0,-99.8,-99.8,-99.8,-99.8,-99.8,-99.8,-99.8
2022-06-07 16:00:00,1006.6,21.7,83.0,1.0,68.0,-99.8,-99.8,0.0,-99.8,-99.8,-99.8,-99.8,-99.8,-99.8,-99.8
2022-06-07 17:00:00,1006.1,21.6,83.0,0.5,96.0,-99.8,-99.8,0.0,-99.8,-99.8,-99.8,-99.8,-99.8,-99.8,-99.8
2022-06-07 18:00:00,1006.3,21.5,84.0,1.2,153.0,-99.8,-99.8,0.0,-99.8,-99.8,-99.8,-99.8,-99.8,-99.8,-99.8
2022-06-07 19:00:00,1006.7,21.4,87.0,1.8,187.0,-99.8,-99.8,0.0,-99.8,-99.8,-99.8,-99.8,-99.8,-99.8,-99.8
2022-06-07 20:00:00,1007.6,21.1,91.0,0.8,217.0,-99.8,-99.8,0.0,-99.8,-99.8,-99.8,-99.8,-99.8,-99.8,-99.8
2022-06-07 21:00:00,1007.6,21.3,92.0,0.7,205.0,-99.8,-99.8,0.0,-99.8,-99.8,-99.8,-99.8,-99.8,-99.8,-99.8
2022-06-07 22:00:00,1008.4,21.2,93.0,0.8,332.0,-99.8,-99.8,0.0,-99.8,-99.8,-99.8,-99.8,-99.8,-99.8,-99.8
2022-06-07 23:00:00,1008.9,21.3,94.0,0.6,16.0,-99.8,-99.8,0.0,-99.8,-99.8,-99.8,-99.8,-99.8,-99.8,-99.8
2022-06-08 00:00:00,1008.5,21.5,92.0,0.4,87.0,-99.8,-99.8,0.0,-99.8,-99.8,-99.8,-99.8,-99.8,-99.8,-99.8
2022-06-08 01:00:00,1008.3,21.4,93.0,1.2,261.0,-99.8,-99.8,0.0,-99.8,-99.8,-99.8,-99.8,-99.8,-99.8,-99.8
2022-06-08 02:00:00,1007.4,21.7,94.0,2.7,11.0,-99.8,-99.8,0.0,-99.8,-99.8,-99.8,-99.8,-99.8,-99.8,-99.8
2022-06-08 03:00:00,1007.2,21.5,94.0,0.8,55.0,-99.8,-99.8,0.0,-99.8,-99.8,-99.8,-99.8,-99.8,-99.8,-99.8
2022-06-08 04:00:00,1007.2,21.5,93.0,3.5,27.0,-99.8,-99.8,0.0,-99.8,-99.8,-99.8,-99.8,-99.8,-99.8,-99.8
2022-06-08 05:00:00,1007.7,21.6,93.0,1.6,33.0,-99.8,-99.8,0.0,-99.8,-99.8,-99.8,-99.8,-99.8,-99.8,-99.8
2022-06-08 06:00:00,1008.0,21.9,92.0,2.9,38.0,-99.8,-99.8,0.0,-99.8,-99.8,-99.8,-99.8,-99.8,-99.8,-99.8
2022-06-08 07:00:00,1008.4,21.5,94.0,4.6,31.0,-99.8,-99.8,0.0,-99.8,-99.8,-99.8,-99.8,-99.8,-99.8,-99.8
2022-06-08 08:00:00,-9999.7,-99.7,-9997.0,-99.7,-999.7,-99.8,-99.8,-999.6,-99.8,-99.8,-99.8,-99.8,-99.8,-99.8,-99.8
2022-06-08 09:00:00,1009.8,20.4,96.0,6.0,32.0,-99.8,-99.8,0.0,-99.8,-99.8,-99.8,-99.8,-99.8,-99.8,-99.8
2022-06-08 10:00:00,1009.8,20.7,96.0,2.6,37.0,-99.8,-99.8,0.0,-99.8,-99.8,-99.8,-99.8,-99.8,-99.8,-99.8
2022-06-08 11:00:00,1009.6,20.2,92.0,8.0,29.0,-99.8,-99.8,0.0,-99.8,-99.8,-99.8,-99.8,-99.8,-99.8,-99.8
2022-06-08 12:00:00,1009.8,20.1,91.0,6.7,30.0,-99.8,-99.8,0.0,-99.8,-99.8,-99.8,-99.8,-99.8,-99.8,-99.8
2022-06-08 13:00:00,1009.5,19.5,95.0,4.9,30.0,-99.8,-99.8,0.0,-99.8,-99.8,-99.8,-99.8,-99.8,-99.8,-99.8
2022-06-08 14:00:00,1009.1,19.6,95.0,5.7,34.0,-99.8,-99.8,0.0,-99.8,-99.8,-99.8,-99.8,-99.8,-99.8,-99.8
2022-06-08 15:00:00,1008.7,19.8,92.0,6.5,32.0,-99.8,-99.8,0.0,-99.8,-99.8,-99.8,-99.8,-99.8,-99.8,-99.8
2022-06-08 16:00:00,1008.7,19.7,93.0,6.3,29.0,-99.8,-99.8,0.0,-99.8,-99.8,-99.8,-99.8,-99.8,-99.8,-99.8
2022-06-08 17:00:00,1008.6,19.4,91.0,6.2,31.0,-99.8,-99.8,0.0,-99.8,-99.8,-99.8,-99.8,-99.8,-99.8,-99.8
2022-06-08 18:00:00,1008.9,18.9,94.0,4.4,39.0,-99.8,-99.8,0.0,-99.8,-99.8,-99.8,-99.8,-99.8,-99.8,-99.8
2022-06-08 19:00:00,1009.3,19.3,94.0,3.9,36.0,-99.8,-99.8,0.0,-99.8,-99.8,-99.8,-99.8,-99.8,-99.8,-99.8
2022-06-08 20:00:00,1009.4,19.2,95.0,5.0,32.0,-99.8,-99.8,0.0,-99.8,-99.8,-99.8,-99.8,-99.8,-99.8,-99.8
2022-06-08 21:00:00,1009.4,19.7,92.0,6.4,27.0,-99.8,-99.8,0.0,-99.8,-99.8,-99.8,-99.8,-99.8,-99.8,-99.8
2022-06-08 22:00:00,1009.6,19.7,92.0,7.2,10.0,-99.8,-99.8,0.0,-99.8,-99.8,-99.8,-99.8,-99.8,-99.8,-99.8
2022-06-08 23:00:00,1009.1,19.3,95.0,6.9,3.0,-99.8,-99.8,0.0,-99.8,-99.8,-99.8,-99.8,-99.8,-99.8,-99.8
2022-06-09 00:00:00,1008.3,19.1,97.0,6.6,7.0,-99.8,-99.8,0.0,-99.8,-99.8,-99.8,-99.8,-99.8,-99.8,-99.8
2022-06-09 01:00:00,1007.9,19.3,96.0,7.6,7.0,-99.8,-99.8,0.0,-99.8,-99.8,-99.8,-99.8,-99.8,-99.8,-99.8
2022-06-09 02:00:00,1007.6,19.6,95.0,7.3,11.0,-99.8,-99.8,0.0,-99.8,-99.8,-99.8,-99.8,-99.8,-99.8,-99.8
2022-06-09 03:00:00,1007.5,19.7,95.0,5.2,1.0,-99.8,-99.8,0.0,-99.8,-99.8,-99.8,-99.8,-99.8,-99.8,-99.8
2022-06-09 04:00:00,1007.6,19.8,94.0,5.5,5.0,-99.8,-99.8,0.0,-99.8,-99.8,-99.8,-99.8,-99.8,-99.8,-99.8
2022-06-09 05:00:00,1008.2,20.0,94.0,5.6,7.0,-99.8,-99.8,0.0,-99.8,-99.8,-99.8,-99.8,-99.8,-99.8,-99.8
2022-06-09 06:00:00,1008.4,20.0,94.0,5.8,8.0,-99.8,-99.8,0.0,-99.8,-99.8,-99.8,-99.8,-99.8,-99.8,-99.8
2022-06-09 07:00:00,1008.6,20.3,95.0,6.0,15.0,-99.8,-99.8,0.0,-99.8,-99.8,-99.8,-99.8,-99.8,-99.8,-99.8
2022-06-09 08:00:00,1009.0,20.2,95.0,5.8,8.0,-99.8,-99.8,0.0,-99.8,-99.8,-99.8,-99.8,-99.8,-99.8,-99.8
2022-06-09 09:00:00,-9999.7,-99.7,-9997.0,-99.7,-999.7,-99.8,-99.8,-999.6,-99.8,-99.8,-99.8,-99.8,-99.8,-99.8,-99.8
2022-06-09 10:00:00,-9999.7,-99.7,-9997.0,-99.7,-999.7,-99.8,-99.8,-999.6,-99.8,-99.8,-99.8,-99.8,-99.8,-99.8,-99.8
2022-06-09 11:00:00,-9999.7,-99.7,-9997.0,-99.7,-999.7,-99.8,-99.8,-999.6,-99.8,-99.8,-99.8,-99.8,-99.8,-99.8,-99.8
2022-06-09 12:00:00,-9999.7,-99.7,-9997.0,-99.7,-999.7,-99.8,-99.8,-999.6,-99.8,-99.8,-99.8,-99.8,-99.8,-99.8,-99.8
2022-06-09 13:00:00,-9999.7,-99.7,-9997.0,-99.7,-999.7,-99.8,-99.8,-999.6,-99.8,-99.8,-99.8,-99.8,-99.8,-99.8,-99.8
2022-06-09 14:00:00,-9999.7,-99.7,-9997.0,-99.7,-999.7,-99.8,-99.8,-999.6,-99.8,-99.8,-99.8,-99.8,-99.8,-99.8,-99.8
2022-06-09 15:00:00,-9999.7,-99.7,-9997.0,-99.7,-999.7,-99.8,-99.8,-999.6,-99.8,-99.8,-99.8,-99.8,-99.8,-99.8,-99.8
2022-06-09 16:00:00,-9999.7,-99.7,-9997.0,-99.7,-999.7,-99.8,-99.8,-999.6,-99.8,-99.8,-99.8,-99.8,-99.8,-99.8,-99.8
2022-06-09 17:00:00,-9999.7,-99.7,-9997.0,-99.7,-999.7,-99.8,-99.8,-999.6,-99.8,-99.8,-99.8,-99.8,-99.8,-99.8,-99.8
2022-06-09 18:00:00,-9999.7,-99.7,-9997.0,-99.7,-999.7,-99.8,-99.8,-999.6,-99.8,-99.8,-99.8,-99.8,-99.8,-99.8,-99.8
2022-06-09 19:00:00,-9999.7,-99.7,-9997.0,-99.7,-999.7,-99.8,-99.8,-999.6,-99.8,-99.8,-99.8,-99.8,-99.8,-99.8,-99.8
2022-06-09 20:00:00,-9999.7,-99.7,-9997.0,-99.7,-999.7,-99.8,-99.8,-999.6,-99.8,-99.8,-99.8,-99.8,-99.8,-99.8,-99.8
2022-06-09 21:00:00,-9999.7,-99.7,-9997.0,-99.7,-999.7,-99.8,-99.8,-999.6,-99.8,-99.8,-99.8,-99.8,-99.8,-99.8,-99.8
2022-06-09 22:00:00,-9999.7,-99.7,-9997.0,-99.7,-999.7,-99.8,-99.8,-999.6,-99.8,-99.8,-99.8,-99.8,-99.8,-99.8,-99.8
2022-06-09 23:00:00,-9999.7,-99.7,-9997.0,-99.7,-999.7,-99.8,-99.8,-999.6,-99.8,-99.8,-99.8,-99.8,-99.8,-99.8,-99.8
2022-06-10 00:00:00,-9999.7,-99.7,-9997.0,-99.7,-999.7,-99.8,-99.8,-999.6,-99.8,-99.8,-99.8,-99.8,-99.8,-99.8,-99.8
2022-06-10 01:00:00,-99.8,-99.8,-99.8,-99.8,-99.8,-99.8,-99.8,-999.6,-99.8,-99.8,-99.8,-99.8,-99.8,-99.8,-99.8
2022-06-10 02:00:00,-99.8,-99.8,-99.8,-99.8,-99.8,-99.8,-99.8,-999.6,-99.8,-99.8,-99.8,-99.8,-99.8,-99.8,-99.8
2022-06-10 03:00:00,-99.8,-99.8,-99.8,-99.8,-99.8,-99.8,-99.8,-999.6,-99.8,-99.8,-99.8,-99.8,-99.8,-99.8,-99.8
2022-06-10 04:00:00,-99.8,-99.8,-99.8,-99.8,-99.8,-99.8,-99.8,-999.6,-99.8,-99.8,-99.8,-99.8,-99.8,-99.8,-99.8
2022-06-10 05:00:00,-99.8,-99.8,-99.8,-99.8,-99.8,-99.8,-99.8,-999.6,-99.8,-99.8,-99.8,-99.8,-99.8,-99.8,-99.8
2022-06-10 06:00:00,-99.8,-99.8,-99.8,-99.8,-99.8,-99.8,-99.8,-999.6,-99.8,-99.8,-99.8,-99.8,-99.8,-99.8,-99.8
2022-06-10 07:00:00,-99.8,-99.8,-99.8,-99.8,-99.8,-99.8,-99.8,-999.6,-99.8,-99.8,-99.8,-99.8,-99.8,-99.8,-99.8
2022-06-10 08:00:00,-99.8,-99.8,-99.8,-99.8,-99.8,-99.8,-99.8,-999.6,-99.8,-99.8,-99.8,-99.8,-99.8,-99.8,-99.8
2022-06-10 09:00:00,-99.8,-99.8,-99.8,-99.8,-99.8,-99.8,-99.8,-999.6,-99.8,-99.8,-99.8,-99.8,-99.8,-99.8,-99.8
2022-06-10 10:00:00,-99.8,-99.8,-99.8,-99.8,-99.8,-99.8,-99.8,-999.6,-99.8,-99.8,-99.8,-99.8,-99.8,-99.8,-99.8
2022-06-10 11:00:00,-99.8,-99.8,-99.8,-99.8,-99.8,-99.8,-99.8,-999.6,-99.8,-99.8,-99.8,-99.8,-99.8,-99.8,-99.8
2022-06-10 12:00:00,-99.8,-99.8,-99.8,-99.8,-99.8,-99.8,-99.8,-999.6,-99.8,-99.8,-99.8,-99.8,-99.8,-99.8,-99.8
2022-06-10 13:00:00,-99.8,-99.8,-99.8,-99.8,-99.8,-99.8,-99.8,-999.6,-99.8,-99.8,-99.8,-99.8,-99.8,-99.8,-99.8
2022-06-10 14:00:00,-99.8,-99.8,-99.8,-99.8,-99.8,-99.8,-99.8,-999.6,-99.8,-99.8,-99.8,-99.8,-99.8,-99.8,-99.8
2022-06-10 15:00:00,-99.8,-99.8,-99.8,-99.8,-99.8,-99.8,-99.8,-999.6,-99.8,-99.8,-99.8,-99.8,-99.8,-99.8,-99.8
2022-06-10 16:00:00,-99.8,-99.8,-99.8,-99.8,-99.8,-99.8,-99.8,-999.6,-99.8,-99.8,-99.8,-99.8,-99.8,-99.8,-99.8
2022-06-10 17:00:00,-99.8,-99.8,-99.8,-99.8,-99.8,-99.8,-99.8,-999.6,-99.8,-99.8,-99.8,-99.8,-99.8,-99.8,-99.8
2022-06-10 18:00:00,-99.8,-99.8,-99.8,-99.8,-99.8,-99.8,-99.8,-999.6,-99.8,-99.8,-99.8,-99.8,-99.8,-99.8,-99.8
2022-06-10 19:00:00,-99.8,-99.8,-99.8,-99.8,-99.8,-99.8,-99.8,-999.6,-99.8,-99.8,-99.8,-99.8,-99.8,-99.8,-99.8
2022-06-10 20:00:00,-99.8,-99.8,-99.8,-99.8,-99.8,-99.8,-99.8,-999.6,-99.8,-99.8,-99.8,-99.8,-99.8,-99.8,-99.8
2022-06-10 21:00:00,-99.8,-99.8,-99.8,-99.8,-99.8,-99.8,-99.8,-999.6,-99.8,-99.8,-99.8,-99.8,-99.8,-99.8,-99.8
2022-06-10 22:00:00,-99.8,-99.8,-99.8,-99.8,-99.8,-99.8,-99.8,-999.6,-99.8,-99.8,-99.8,-99.8,-99.8,-99.8,-99.8
2022-06-10 23:00:00,-99.8,-99.8,-99.8,-99.8,-99.8,-99.8,-99.8,-999.6,-99.8,-99.8,-99.8,-99.8,-99.8,-99.8,-99.8
2022-06-11 00:00:00,-99.8,-99.8,-99.8,-99.8,-99.8,-99.8,-99.8,-999.6,-99.8,-99.8,-99.8,-99.8,-99.8,-99.8,-99.8
2022-06-11 01:00:00,-99.8,-99.8,-99.8,-99.8,-99.8,-99.8,-99.8,-999.6,-99.8,-99.8,-99.8,-99.8,-99.8,-99.8,-99.8
2022-06-11 02:00:00,-99.8,-99.8,-99.8,-99.8,-99.8,-99.8,-99.8,-999.6,-99.8,-99.8,-99.8,-99.8,-99.8,-99.8,-99.8
2022-06-11 03:00:00,-99.8,-99.8,-99.8,-99.8,-99.8,-99.8,-99.8,-999.6,-99.8,-99.8,-99.8,-99.8,-99.8,-99.8,-99.8
2022-06-11 04:00:00,-99.8,-99.8,-99.8,-99.8,-99.8,-99.8,-99.8,-999.6,-99.8,-99.8,-99.8,-99.8,-99.8,-99.8,-99.8
2022-06-11 05:00:00,-99.8,-99.8,-99.8,-99.8,-99.8,-99.8,-99.8,-999.6,-99.8,-99.8,-99.8,-99.8,-99.8,-99.8,-99.8
2022-06-11 06:00:00,-99.8,-99.8,-99.8,-99.8,-99.8,-99.8,-99.8,-999.6,-99.8,-99.8,-99.8,-99.8,-99.8,-99.8,-99.8
2022-06-11 07:00:00,-99.8,-99.8,-99.8,-99.8,-99.8,-99.8,-99.8,-999.6,-99.8,-99.8,-99.8,-99.8,-99.8,-99.8,-99.8
2022-06-11 08:00:00,-99.8,-99.8,-99.8,-99.8,-99.8,-99.8,-99.8,-999.6,-99.8,-99.8,-99.8,-99.8,-99.8,-99.8,-99.8
2022-06-11 09:00:00,-99.8,-99.8,-99.8,-99.8,-99.8,-99.8,-99.8,-999.6,-99.8,-99.8,-99.8,-99.8,-99.8,-99.8,-99.8
2022-06-11 10:00:00,-99.8,-99.8,-99.8,-99.8,-99.8,-99.8,-99.8,-999.6,-99.8,-99.8,-99.8,-99.8,-99.8,-99.8,-99.8
2022-06-11 11:00:00,-99.8,-99.8,-99.8,-99.8,-99.8,-99.8,-99.8,-999.6,-99.8,-99.8,-99.8,-99.8,-99.8,-99.8,-99.8
2022-06-11 12:00:00,-99.8,-99.8,-99.8,-99.8,-99.8,-99.8,-99.8,-999.6,-99.8,-99.8,-99.8,-99.8,-99.8,-99.8,-99.8
2022-06-11 13:00:00,-99.8,-99.8,-99.8,-99.8,-99.8,-99.8,-99.8,-999.6,-99.8,-99.8,-99.8,-99.8,-99.8,-99.8,-99.8
2022-06-11 14:00:00,-99.8,-99.8,-99.8,-99.8,-99.8,-99.8,-99.8,-999.6,-99.8,-99.8,-99.8,-99.8,-99.8,-99.8,-99.8
2022-06-11 15:00:00,-99.8,-99.8,-99.8,-99.8,-99.8,-99.8,-99.8,-999.6,-99.8,-99.8,-99.8,-99.8,-99.8,-99.8,-99.8
2022-06-11 16:00:00,-99.8,-99.8,-99.8,-99.8,-99.8,-99.8,-99.8,-999.6,-99.8,-99.8,-99.8,-99.8,-99.8,-99.8,-99.8
2022-06-11 17:00:00,-99.8,-99.8,-99.8,-99.8,-99.8,-99.8,-99.8,-999.6,-99.8,-99.8,-99.8,-99.8,-99.8,-99.8,-99.8
2022-06-11 18:00:00,-99.8,-99.8,-99.8,-99.8,-99.8,-99.8,-99.8,-999.6,-99.8,-99.8,-99.8,-99.8,-99.8,-99.8,-99.8
2022-06-11 19:00:00,-99.8,-99.8,-99.8,-99.8,-99.8,-99.8,-99.8,-999.6,-99.8,-99.8,-99.8,-99.8,-99.8,-99.8,-99.8
2022-06-11 20:00:00,-99.8,-99.8,-99.8,-99.8,-99.8,-99.8,-99.8,-999.6,-99.8,-99.8,-99.8,-99.8,-99.8,-99.8,-99.8
2022-06-11 21:00:00,-99.8,-99.8,-99.8,-99.8,-99.8,-99.8,-99.8,-999.6,-99.8,-99.8,-99.8,-99.8,-99.8,-99.8,-99.8
2022-06-11 22:00:00,-99.8,-99.8,-99.8,-99.8,-99.8,-99.8,-99.8,-999.6,-99.8,-99.8,-99.8,-99.8,-99.8,-99.8,-99.8
2022-06-11 23:00:00,-99.8,-99.8,-99.8,-99.8,-99.8,-99.8,-99.8,-999.6,-99.8,-99.8,-99.8,-99.8,-99.8,-99.8,-99.8
2022-06-12 00:00:00,-99.8,-99.8,-99.8,-99.8,-99.8,-99.8,-99.8,-999.6,-99.8,-99.8,-99.8,-99.8,-99.8,-99.8,-99.8
2022-06-12 01:00:00,-99.8,-99.8,-99.8,-99.8,-99.8,-99.8,-99.8,-999.6,-99.8,-99.8,-99.8,-99.8,-99.8,-99.8,-99.8
2022-06-12 02:00:00,-99.8,-99.8,-99.8,-99.8,-99.8,-99.8,-99.8,-999.6,-99.8,-99.8,-99.8,-99.8,-99.8,-99.8,-99.8
2022-06-12 03:00:00,-99.8,-99.8,-99.8,-99.8,-99.8,-99.8,-99.8,-999.6,-99.8,-99.8,-99.8,-99.8,-99.8,-99.8,-99.8
2022-06-12 04:00:00,-99.8,-99.8,-99.8,-99.8,-99.8,-99.8,-99.8,-999.6,-99.8,-99.8,-99.8,-99.8,-99.8,-99.8,-99.8
2022-06-12 05:00:00,-99.8,-99.8,-99.8,-99.8,-99.8,-99.8,-99.8,-999.6,-99.8,-99.8,-99.8,-99.8,-99.8,-99.8,-99.8
2022-06-12 06:00:00,-99.8,-99.8,-99.8,-99.8,-99.8,-99.8,-99.8,-999.6,-99.8,-99.8,-99.8,-99.8,-99.8,-99.8,-99.8
2022-06-12 07:00:00,-99.8,-99.8,-99.8,-99.8,-99.8,-99.8,-99.8,-999.6,-99.8,-99.8,-99.8,-99.8,-99.8,-99.8,-99.8
2022-06-12 08:00:00,-99.8,-99.8,-99.8,-99.8,-99.8,-99.8,-99.8,-999.6,-99.8,-99.8,-99.8,-99.8,-99.8,-99.8,-99.8
2022-06-12 09:00:00,-99.8,-99.8,-99.8,-99.8,-99.8,-99.8,-99.8,-999.6,-99.8,-99.8,-99.8,-99.8,-99.8,-99.8,-99.8
2022-06-12 10:00:00,-99.8,-99.8,-99.8,-99.8,-99.8,-99.8,-99.8,-999.6,-99.8,-99.8,-99.8,-99.8,-99.8,-99.8,-99.8
2022-06-12 11:00:00,-99.8,-99.8,-99.8,-99.8,-99.8,-99.8,-99.8,-999.6,-99.8,-99.8,-99.8,-99.8,-99.8,-99.8,-99.8
2022-06-12 12:00:00,-99.8,-99.8,-99.8,-99.8,-99.8,-99.8,-99.8,-999.6,-99.8,-99.8,-99.8,-99.8,-99.8,-99.8,-99.8
2022-06-12 13:00:00,-99.8,-99.8,-99.8,-99.8,-99.8,-99.8,-99.8,-999.6,-99.8,-99.8,-99.8,-99.8,-99.8,-99.8,-99.8
2022-06-12 14:00:00,-99.8,-99.8,-99.8,-99.8,-99.8,-99.8,-99.8,-999.6,-99.8,-99.8,-99.8,-99.8,-99.8,-99.8,-99.8
2022-06-12 15:00:00,-99.8,-99.8,-99.8,-99.8,-99.8,-99.8,-99.8,-999.6,-99.8,-99.8,-99.8,-99.8,-99.8,-99.8,-99.8
2022-06-12 16:00:00,-99.8,-99.8,-99.8,-99.8,-99.8,-99.8,-99.8,-999.6,-99.8,-99.8,-99.8,-99.8,-99.8,-99.8,-99.8
2022-06-12 17:00:00,-99.8,-99.8,-99.8,-99.8,-99.8,-99.8,-99.8,-999.6,-99.8,-99.8,-99.8,-99.8,-99.8,-99.8,-99.8
2022-06-12 18:00:00,-99.8,-99.8,-99.8,-99.8,-99.8,-99.8,-99.8,-999.6,-99.8,-99.8,-99.8,-99.8,-99.8,-99.8,-99.8
2022-06-12 19:00:00,-99.8,-99.8,-99.8,-99.8,-99.8,-99.8,-99.8,-999.6,-99.8,-99.8,-99.8,-99.8,-99.8,-99.8,-99.8
2022-06-12 20:00:00,-99.8,-99.8,-99.8,-99.8,-99.8,-99.8,-99.8,-999.6,-99.8,-99.8,-99.8,-99.8,-99.8,-99.8,-99.8
2022-06-12 21:00:00,-99.8,-99.8,-99.8,-99.8,-99.8,-99.8,-99.8,-999.6,-99.8,-99.8,-99.8,-99.8,-99.8,-99.8,-99.8
2022-06-12 22:00:00,-99.8,-99.8,-99.8,-99.8,-99.8,-99.8,-99.8,-999.6,-99.8,-99.8,-99.8,-99.8,-99.8,-99.8,-99.8
2022-06-12 23:00:00,-99.8,-99.8,-99.8,-99.8,-99.8,-99.8,-99.8,-999.6,-99.8,-99.8,-99.8,-99.8,-99.8,-99.8,-99.8
2022-06-13 00:00:00,-99.8,-99.8,-99.8,-99.8,-99.8,-99.8,-99.8,-999.6,-99.8,-99.8,-99.8,-99.8,-99.8,-99.8,-99.8
2022-06-13 01:00:00,-99.8,-99.8,-99.8,-99.8,-99.8,-99.8,-99.8,-999.6,-99.8,-99.8,-99.8,-99.8,-99.8,-99.8,-99.8
2022-06-13 02:00:00,-99.8,-99.8,-99.8,-99.8,-99.8,-99.8,-99.8,-999.6,-99.8,-99.8,-99.8,-99.8,-99.8,-99.8,-99.8
2022-06-13 03:00:00,-99.8,-99.8,-99.8,-99.8,-99.8,-99.8,-99.8,-999.6,-99.8,-99.8,-99.8,-99.8,-99.8,-99.8,-99.8
2022-06-13 04:00:00,-99.8,-99.8,-99.8,-99.8,-99.8,-99.8,-99.8,-999.6,-99.8,-99.8,-99.8,-99.8,-99.8,-99.8,-99.8
2022-06-13 05:00:00,-99.8,-99.8,-99.8,-99.8,-99.8,-99.8,-99.8,-999.6,-99.8,-99.8,-99.8,-99.8,-99.8,-99.8,-99.8
2022-06-13 06:00:00,-99.8,-99.8,-99.8,-99.8,-99.8,-99.8,-99.8,-999.6,-99.8,-99.8,-99.8,-99.8,-99.8,-99.8,-99.8
2022-06-13 07:00:00,-99.8,-99.8,-99.8,-99.8,-99.8,-99.8,-99.8,-999.6,-99.8,-99.8,-99.8,-99.8,-99.8,-99.8,-99.8
2022-06-13 08:00:00,-99.8,-99.8,-99.8,-99.8,-99.8,-99.8,-99.8,-999.6,-99.8,-99.8,-99.8,-99.8,-99.8,-99.8,-99.8
2022-06-13 09:00:00,-99.8,-99.8,-99.8,-99.8,-99.8,-99.8,-99.8,-999.6,-99.8,-99.8,-99.8,-99.8,-99.8,-99.8,-99.8
2022-06-13 10:00:00,-99.8,-99.8,-99.8,-99.8,-99.8,-99.8,-99.8,-999.6,-99.8,-99.8,-99.8,-99.8,-99.8,-99.8,-99.8
2022-06-13 11:00:00,-99.8,-99.8,-99.8,-99.8,-99.8,-99.8,-99.8,-999.6,-99.8,-99.8,-99.8,-99.8,-99.8,-99.8,-99.8
2022-06-13 12:00:00,-99.8,-99.8,-99.8,-99.8,-99.8,-99.8,-99.8,-999.6,-99.8,-99.8,-99.8,-99.8,-99.8,-99.8,-99.8
2022-06-13 13:00:00,-99.8,-99.8,-99.8,-99.8,-99.8,-99.8,-99.8,-999.6,-99.8,-99.8,-99.8,-99.8,-99.8,-99.8,-99.8
2022-06-13 14:00:00,-99.8,-99.8,-99.8,-99.8,-99.8,-99.8,-99.8,-999.6,-99.8,-99.8,-99.8,-99.8,-99.8,-99.8,-99.8
2022-06-13 15:00:00,-99.8,-99.8,-99.8,-99.8,-99.8,-99.8,-99.8,-999.6,-99.8,-99.8,-99.8,-99.8,-99.8,-99.8,-99.8
2022-06-13 16:00:00,-99.8,-99.8,-99.8,-99.8,-99.8,-99.8,-99.8,-999.6,-99.8,-99.8,-99.8,-99.8,-99.8,-99.8,-99.8
2022-06-13 17:00:00,-99.8,-99.8,-99.8,-99.8,-99.8,-99.8,-99.8,-999.6,-99.8,-99.8,-99.8,-99.8,-99.8,-99.8,-99.8
2022-06-13 18:00:00,-99.8,-99.8,-99.8,-99.8,-99.8,-99.8,-99.8,-999.6,-99.8,-99.8,-99.8,-99.8,-99.8,-99.8,-99.8
2022-06-13 19:00:00,-99.8,-99.8,-99.8,-99.8,-99.8,-99.8,-99.8,-999.6,-99.8,-99.8,-99.8,-99.8,-99.8,-99.8,-99.8
2022-06-13 20:00:00,-99.8,-99.8,-99.8,-99.8,-99.8,-99.8,-99.8,-999.6,-99.8,-99.8,-99.8,-99.8,-99.8,-99.8,-99.8
2022-06-13 21:00:00,-99.8,-99.8,-99.8,-99.8,-99.8,-99.8,-99.8,-999.6,-99.8,-99.8,-99.8,-99.8,-99.8,-99.8,-99.8
2022-06-13 22:00:00,-99.8,-99.8,-99.8,-99.8,-99.8,-99.8,-99.8,-999.6,-99.8,-99.8,-99.8,-99.8,-99.8,-99.8,-99.8
2022-06-13 23:00:00,-99.8,-99.8,-99.8,-99.8,-99.8,-99.8,-99.8,-999.6,-99.8,-99.8,-99.8,-99.8,-99.8,-99.8,-99.8
2022-06-14 00:00:00,-99.8,-99.8,-99.8,-99.8,-99.8,-99.8,-99.8,-999.6,-99.8,-99.8,-99.8,-99.8,-99.8,-99.8,-99.8
2022-06-14 01:00:00,-99.8,-99.8,-99.8,-99.8,-99.8,-99.8,-99.8,-999.6,-99.8,-99.8,-99.8,-99.8,-99.8,-99.8,-99.8
2022-06-14 02:00:00,-99.8,-99.8,-99.8,-99.8,-99.8,-99.8,-99.8,-999.6,-99.8,-99.8,-99.8,-99.8,-99.8,-99.8,-99.8
2022-06-14 03:00:00,-99.8,-99.8,-99.8,-99.8,-99.8,-99.8,-99.8,-999.6,-99.8,-99.8,-99.8,-99.8,-99.8,-99.8,-99.8
2022-06-14 04:00:00,-99.8,-99.8,-99.8,-99.8,-99.8,-99.8,-99.8,-999.6,-99.8,-99.8,-99.8,-99.8,-99.8,-99.8,-99.8
2022-06-14 05:00:00,-99.8,-99.8,-99.8,-99.8,-99.8,-99.8,-99.8,-999.6,-99.8,-99.8,-99.8,-99.8,-99.8,-99.8,-99.8
2022-06-14 06:00:00,-99.8,-99.8,-99.8,-99.8,-99.8,-99.8,-99.8,-999.6,-99.8,-99.8,-99.8,-99.8,-99.8,-99.8,-99.8
2022-06-14 07:00:00,-99.8,-99.8,-99.8,-99.8,-99.8,-99.8,-99.8,-999.6,-99.8,-99.8,-99.8,-99.8,-99.8,-99.8,-99.8
2022-06-14 08:00:00,-99.8,-99.8,-99.8,-99.8,-99.8,-99.8,-99.8,-999.6,-99.8,-99.8,-99.8,-99.8,-99.8,-99.8,-99.8
2022-06-14 09:00:00,-99.8,-99.8,-99.8,-99.8,-99.8,-99.8,-99.8,-999.6,-99.8,-99.8,-99.8,-99.8,-99.8,-99.8,-99.8
2022-06-14 10:00:00,-99.8,-99.8,-99.8,-99.8,-99.8,-99.8,-99.8,-999.6,-99.8,-99.8,-99.8,-99.8,-99.8,-99.8,-99.8
2022-06-14 11:00:00,-99.8,-99.8,-99.8,-99.8,-99.8,-99.8,-99.8,-999.6,-99.8,-99.8,-99.8,-99.8,-99.8,-99.8,-99.8
2022-06-14 12:00:00,-99.8,-99.8,-99.8,-99.8,-99.8,-99.8,-99.8,-999.6,-99.8,-99.8,-99.8,-99.8,-99.8,-99.8,-99.8
2022-06-14 13:00:00,-99.8,-99.8,-99.8,-99.8,-99.8,-99.8,-99.8,-999.6,-99.8,-99.8,-99.8,-99.8,-99.8,-99.8,-99.8
2022-06-14 14:00:00,-99.8,-99.8,-99.8,-99.8,-99.8,-99.8,-99.8,-999.6,-99.8,-99.8,-99.8,-99.8,-99.8,-99.8,-99.8
2022-06-14 15:00:00,-99.8,-99.8,-99.8,-99.8,-99.8,-99.8,-99.8,-999.6,-99.8,-99.8,-99.8,-99.8,-99.8,-99.8,-99.8
2022-06-14 16:00:00,-99.8,-99.8,-99.8,-99.8,-99.8,-99.8,-99.8,-999.6,-99.8,-99.8,-99.8,-99.8,-99.8,-99.8,-99.8
2022-06-14 17:00:00,-99.8,-99.8,-99.8,-99.8,-99.8,-99.8,-99.8,-999.6,-99.8,-99.8,-99.8,-99.8,-99.8,-99.8,-99.8
2022-06-14 18:00:00,-99.8,-99.8,-99.8,-99.8,-99.8,-99.8,-99.8,-999.6,-99.8,-99.8,-99.8,-99.8,-99.8,-99.8,-99.8
2022-06-14 19:00:00,-99.8,-99.8,-99.8,-99.8,-99.8,-99.8,-99.8,-999.6,-99.8,-99.8,-99.8,-99.8,-99.8,-99.8,-99.8
2022-06-14 20:00:00,-99.8,-99.8,-99.8,-99.8,-99.8,-99.8,-99.8,-999.6,-99.8,-99.8,-99.8,-99.8,-99.8,-99.8,-99.8
2022-06-14 21:00:00,-99.8,-99.8,-99.8,-99.8,-99.8,-99.8,-99.8,-999.6,-99.8,-99.8,-99.8,-99.8,-99.8,-99.8,-99.8
2022-06-14 22:00:00,-99.8,-99.8,-99.8,-99.8,-99.8,-99.8,-99.8,-999.6,-99.8,-99.8,-99.8,-99.8,-99.8,-99.8,-99.8
2022-06-14 23:00:00,-99.8,-99.8,-99.8,-99.8,-99.8,-99.8,-99.8,-999.6,-99.8,-99.8,-99.8,-99.8,-99.8,-99.8,-99.8
2022-06-15 00:00:00,-99.8,-99.8,-99.8,-99.8,-99.8,-99.8,-99.8,-999.6,-99.8,-99.8,-99.8,-99.8,-99.8,-99.8,-99.8
2022-06-15 01:00:00,-99.8,-99.8,-99.8,-99.8,-99.8,-99.8,-99.8,-999.6,-99.8,-99.8,-99.8,-99.8,-99.8,-99.8,-99.8
2022-06-15 02:00:00,-99.8,-99.8,-99.8,-99.8,-99.8,-99.8,-99.8,-999.6,-99.8,-99.8,-99.8,-99.8,-99.8,-99.8,-99.8
2022-06-15 03:00:00,-99.8,-99.8,-99.8,-99.8,-99.8,-99.8,-99.8,-999.6,-99.8,-99.8,-99.8,-99.8,-99.8,-99.8,-99.8
2022-06-15 04:00:00,-99.8,-99.8,-99.8,-99.8,-99.8,-99.8,-99.8,-999.6,-99.8,-99.8,-99.8,-99.8,-99.8,-99.8,-99.8
2022-06-15 05:00:00,-99.8,-99.8,-99.8,-99.8,-99.8,-99.8,-99.8,-999.6,-99.8,-99.8,-99.8,-99.8,-99.8,-99.8,-99.8
2022-06-15 06:00:00,-99.8,-99.8,-99.8,-99.8,-99.8,-99.8,-99.8,-999.6,-99.8,-99.8,-99.8,-99.8,-99.8,-99.8,-99.8
2022-06-15 07:00:00,-99.8,-99.8,-99.8,-99.8,-99.8,-99.8,-99.8,-999.6,-99.8,-99.8,-99.8,-99.8,-99.8,-99.8,-99.8
2022-06-15 08:00:00,-99.8,-99.8,-99.8,-99.8,-99.8,-99.8,-99.8,-999.6,-99.8,-99.8,-99.8,-99.8,-99.8,-99.8,-99.8
2022-06-15 09:00:00,-99.8,-99.8,-99.8,-99.8,-99.8,-99.8,-99.8,-999.6,-99.8,-99.8,-99.8,-99.8,-99.8,-99.8,-99.8
2022-06-15 10:00:00,-99.8,-99.8,-99.8,-99.8,-99.8,-99.8,-99.8,-999.6,-99.8,-99.8,-99.8,-99.8,-99.8,-99.8,-99.8
2022-06-15 11:00:00,-99.8,-99.8,-99.8,-99.8,-99.8,-99.8,-99.8,-999.6,-99.8,-99.8,-99.8,-99.8,-99.8,-99.8,-99.8
2022-06-15 12:00:00,-99.8,-99.8,-99.8,-99.8,-99.8,-99.8,-99.8,-999.6,-99.8,-99.8,-99.8,-99.8,-99.8,-99.8,-99.8
2022-06-15 13:00:00,-99.8,-99.8,-99.8,-99.8,-99.8,-99.8,-99.8,-999.6,-99.8,-99.8,-99.8,-99.8,-99.8,-99.8,-99.8
2022-06-15 14:00:00,-99.8,-99.8,-99.8,-99.8,-99.8,-99.8,-99.8,-999.6,-99.8,-99.8,-99.8,-99.8,-99.8,-99.8,-99.8
2022-06-15 15:00:00,-99.8,-99.8,-99.8,-99.8,-99.8,-99.8,-99.8,-999.6,-99.8,-99.8,-99.8,-99.8,-99.8,-99.8,-99.8
2022-06-15 16:00:00,-99.8,-99.8,-99.8,-99.8,-99.8,-99.8,-99.8,-999.6,-99.8,-99.8,-99.8,-99.8,-99.8,-99.8,-99.8
2022-06-15 17:00:00,-99.8,-99.8,-99.8,-99.8,-99.8,-99.8,-99.8,-999.6,-99.8,-99.8,-99.8,-99.8,-99.8,-99.8,-99.8
2022-06-15 18:00:00,-99.8,-99.8,-99.8,-99.8,-99.8,-99.8,-99.8,-999.6,-99.8,-99.8,-99.8,-99.8,-99.8,-99.8,-99.8
2022-06-15 19:00:00,-99.8,-99.8,-99.8,-99.8,-99.8,-99.8,-99.8,-999.6,-99.8,-99.8,-99.8,-99.8,-99.8,-99.8,-99.8
2022-06-15 20:00:00,-99.8,-99.8,-99.8,-99.8,-99.8,-99.8,-99.8,-999.6,-99.8,-99.8,-99.8,-99.8,-99.8,-99.8,-99.8
2022-06-15 21:00:00,-99.8,-99.8,-99.8,-99.8,-99.8,-99.8,-99.8,-999.6,-99.8,-99.8,-99.8,-99.8,-99.8,-99.8,-99.8
2022-06-15 22:00:00,-99.8,-99.8,-99.8,-99.8,-99.8,-99.8,-99.8,-999.6,-99.8,-99.8,-99.8,-99.8,-99.8,-99.8,-99.8
2022-06-15 23:00:00,-99.8,-99.8,-99.8,-99.8,-99.8,-99.8,-99.8,-999.6,-99.8,-99.8,-99.8,-99.8,-99.8,-99.8,-99.8
2022-06-16 00:00:00,-99.8,-99.8,-99.8,-99.8,-99.8,-99.8,-99.8,-999.6,-99.8,-99.8,-99.8,-99.8,-99.8,-99.8,-99.8
2022-06-16 01:00:00,-99.8,-99.8,-99.8,-99.8,-99.8,-99.8,-99.8,-999.6,-99.8,-99.8,-99.8,-99.8,-99.8,-99.8,-99.8
2022-06-16 02:00:00,-99.8,-99.8,-99.8,-99.8,-99.8,-99.8,-99.8,-999.6,-99.8,-99.8,-99.8,-99.8,-99.8,-99.8,-99.8
2022-06-16 03:00:00,-99.8,-99.8,-99.8,-99.8,-99.8,-99.8,-99.8,-999.6,-99.8,-99.8,-99.8,-99.8,-99.8,-99.8,-99.8
2022-06-16 04:00:00,-99.8,-99.8,-99.8,-99.8,-99.8,-99.8,-99.8,-999.6,-99.8,-99.8,-99.8,-99.8,-99.8,-99.8,-99.8
2022-06-16 05:00:00,-99.8,-99.8,-99.8,-99.8,-99.8,-99.8,-99.8,-999.6,-99.8,-99.8,-99.8,-99.8,-99.8,-99.8,-99.8
2022-06-16 06:00:00,-99.8,-99.8,-99.8,-99.8,-99.8,-99.8,-99.8,-999.6,-99.8,-99.8,-99.8,-99.8,-99.8,-99.8,-99.8
2022-06-16 07:00:00,-99.8,-99.8,-99.8,-99.8,-99.8,-99.8,-99.8,-999.6,-99.8,-99.8,-99.8,-99.8,-99.8,-99.8,-99.8
2022-06-16 08:00:00,-99.8,-99.8,-99.8,-99.8,-99.8,-99.8,-99.8,-999.6,-99.8,-99.8,-99.8,-99.8,-99.8,-99.8,-99.8
2022-06-16 09:00:00,-99.8,-99.8,-99.8,-99.8,-99.8,-99.8,-99.8,-999.6,-99.8,-99.8,-99.8,-99.8,-99.8,-99.8,-99.8
2022-06-16 10:00:00,-99.8,-99.8,-99.8,-99.8,-99.8,-99.8,-99.8,-999.6,-99.8,-99.8,-99.8,-99.8,-99.8,-99.8,-99.8
2022-06-16 11:00:00,-99.8,-99.8,-99.8,-99.8,-99.8,-99.8,-99.8,-999.6,-99.8,-99.8,-99.8,-99.8,-99.8,-99.8,-99.8
2022-06-16 12:00:00,-99.8,-99.8,-99.8,-99.8,-99.8,-99.8,-99.8,-999.6,-99.8,-99.8,-99.8,-99.8,-99.8,-99.8,-99.8
2022-06-16 13:00:00,-99.8,-99.8,-99.8,-99.8,-99.8,-99.8,-99.8,-999.6,-99.8,-99.8,-99.8,-99.8,-99.8,-99.8,-99.8
2022-06-16 14:00:00,-99.8,-99.8,-99.8,-99.8,-99.8,-99.8,-99.8,-999.6,-99.8,-99.8,-99.8,-99.8,-99.8,-99.8,-99.8
2022-06-16 15:00:00,-99.8,-99.8,-99.8,-99.8,-99.8,-99.8,-99.8,-999.6,-99.8,-99.8,-99.8,-99.8,-99.8,-99.8,-99.8
2022-06-16 16:00:00,-99.8,-99.8,-99.8,-99.8,-99.8,-99.8,-99.8,-999.6,-99.8,-99.8,-99.8,-99.8,-99.8,-99.8,-99.8
2022-06-16 17:00:00,-99.8,-99.8,-99.8,-99.8,-99.8,-99.8,-99.8,-999.6,-99.8,-99.8,-99.8,-99.8,-99.8,-99.8,-99.8
2022-06-16 18:00:00,-99.8,-99.8,-99.8,-99.8,-99.8,-99.8,-99.8,-999.6,-99.8,-99.8,-99.8,-99.8,-99.8,-99.8,-99.8
2022-06-16 19:00:00,-99.8,-99.8,-99.8,-99.8,-99.8,-99.8,-99.8,-999.6,-99.8,-99.8,-99.8,-99.8,-99.8,-99.8,-99.8
2022-06-16 20:00:00,-99.8,-99.8,-99.8,-99.8,-99.8,-99.8,-99.8,-999.6,-99.8,-99.8,-99.8,-99.8,-99.8,-99.8,-99.8
2022-06-16 21:00:00,-99.8,-99.8,-99.8,-99.8,-99.8,-99.8,-99.8,-999.6,-99.8,-99.8,-99.8,-99.8,-99.8,-99.8,-99.8
2022-06-16 22:00:00,-99.8,-99.8,-99.8,-99.8,-99.8,-99.8,-99.8,-999.6,-99.8,-99.8,-99.8,-99.8,-99.8,-99.8,-99.8
2022-06-16 23:00:00,-99.8,-99.8,-99.8,-99.8,-99.8,-99.8,-99.8,-999.6,-99.8,-99.8,-99.8,-99.8,-99.8,-99.8,-99.8
2022-06-17 00:00:00,-99.8,-99.8,-99.8,-99.8,-99.8,-99.8,-99.8,-999.6,-99.8,-99.8,-99.8,-99.8,-99.8,-99.8,-99.8
2022-06-17 01:00:00,-99.8,-99.8,-99.8,-99.8,-99.8,-99.8,-99.8,-999.6,-99.8,-99.8,-99.8,-99.8,-99.8,-99.8,-99.8
2022-06-17 02:00:00,-99.8,-99.8,-99.8,-99.8,-99.8,-99.8,-99.8,-999.6,-99.8,-99.8,-99.8,-99.8,-99.8,-99.8,-99.8
2022-06-17 03:00:00,-99.8,-99.8,-99.8,-99.8,-99.8,-99.8,-99.8,-999.6,-99.8,-99.8,-99.8,-99.8,-99.8,-99.8,-99.8
2022-06-17 04:00:00,-99.8,-99.8,-99.8,-99.8,-99.8,-99.8,-99.8,-999.6,-99.8,-99.8,-99.8,-99.8,-99.8,-99.8,-99.8
2022-06-17 05:00:00,-99.8,-99.8,-99.8,-99.8,-99.8,-99.8,-99.8,-999.6,-99.8,-99.8,-99.8,-99.8,-99.8,-99.8,-99.8
2022-06-17 06:00:00,-99.8,-99.8,-99.8,-99.8,-99.8,-99.8,-99.8,-999.6,-99.8,-99.8,-99.8,-99.8,-99.8,-99.8,-99.8
2022-06-17 07:00:00,-99.8,-99.8,-99.8,-99.8,-99.8,-99.8,-99.8,-999.6,-99.8,-99.8,-99.8,-99.8,-99.8,-99.8,-99.8
2022-06-17 08:00:00,-99.8,-99.8,-99.8,-99.8,-99.8,-99.8,-99.8,-999.6,-99.8,-99.8,-99.8,-99.8,-99.8,-99.8,-99.8
2022-06-17 09:00:00,-99.8,-99.8,-99.8,-99.8,-99.8,-99.8,-99.8,-999.6,-99.8,-99.8,-99.8,-99.8,-99.8,-99.8,-99.8
2022-06-17 10:00:00,-99.8,-99.8,-99.8,-99.8,-99.8,-99.8,-99.8,-999.6,-99.8,-99.8,-99.8,-99.8,-99.8,-99.8,-99.8
2022-06-17 11:00:00,-99.8,-99.8,-99.8,-99.8,-99.8,-99.8,-99.8,-999.6,-99.8,-99.8,-99.8,-99.8,-99.8,-99.8,-99.8
2022-06-17 12:00:00,-99.8,-99.8,-99.8,-99.8,-99.8,-99.8,-99.8,-999.6,-99.8,-99.8,-99.8,-99.8,-99.8,-99.8,-99.8
2022-06-17 13:00:00,-99.8,-99.8,-99.8,-99.8,-99.8,-99.8,-99.8,-999.6,-99.8,-99.8,-99.8,-99.8,-99.8,-99.8,-99.8
2022-06-17 14:00:00,-99.8,-99.8,-99.8,-99.8,-99.8,-99.8,-99.8,-999.6,-99.8,-99.8,-99.8,-99.8,-99.8,-99.8,-99.8
2022-06-17 15:00:00,-99.8,-99.8,-99.8,-99.8,-99.8,-99.8,-99.8,-999.6,-99.8,-99.8,-99.8,-99.8,-99.8,-99.8,-99.8
2022-06-17 16:00:00,-99.8,-99.8,-99.8,-99.8,-99.8,-99.8,-99.8,-999.6,-99.8,-99.8,-99.8,-99.8,-99.8,-99.8,-99.8
2022-06-17 17:00:00,-99.8,-99.8,-99.8,-99.8,-99.8,-99.8,-99.8,-999.6,-99.8,-99.8,-99.8,-99.8,-99.8,-99.8,-99.8
2022-06-17 18:00:00,-99.8,-99.8,-99.8,-99.8,-99.8,-99.8,-99.8,-999.6,-99.8,-99.8,-99.8,-99.8,-99.8,-99.8,-99.8
2022-06-17 19:00:00,-99.8,-99.8,-99.8,-99.8,-99.8,-99.8,-99.8,-999.6,-99.8,-99.8,-99.8,-99.8,-99.8,-99.8,-99.8
2022-06-17 20:00:00,-99.8,-99.8,-99.8,-99.8,-99.8,-99.8,-99.8,-999.6,-99.8,-99.8,-99.8,-99.8,-99.8,-99.8,-99.8
2022-06-17 21:00:00,-99.8,-99.8,-99.8,-99.8,-99.8,-99.8,-99.8,-999.6,-99.8,-99.8,-99.8,-99.8,-99.8,-99.8,-99.8
2022-06-17 22:00:00,-99.8,-99.8,-99.8,-99.8,-99.8,-99.8,-99.8,-999.6,-99.8,-99.8,-99.8,-99.8,-99.8,-99.8,-99.8
2022-06-17 23:00:00,-99.8,-99.8,-99.8,-99.8,-99.8,-99.8,-99.8,-999.6,-99.8,-99.8,-99.8,-99.8,-99.8,-99.8,-99.8
2022-06-18 00:00:00,-99.8,-99.8,-99.8,-99.8,-99.8,-99.8,-99.8,-999.6,-99.8,-99.8,-99.8,-99.8,-99.8,-99.8,-99.8
2022-06-18 01:00:00,-99.8,-99.8,-99.8,-99.8,-99.8,-99.8,-99.8,-999.6,-99.8,-99.8,-99.8,-99.8,-99.8,-99.8,-99.8
2022-06-18 02:00:00,-99.8,-99.8,-99.8,-99.8,-99.8,-99.8,-99.8,-999.6,-99.8,-99.8,-99.8,-99.8,-99.8,-99.8,-99.8
2022-06-18 03:00:00,-99.8,-99.8,-99.8,-99.8,-99.8,-99.8,-99.8,-999.6,-99.8,-99.8,-99.8,-99.8,-99.8,-99.8,-99.8
2022-06-18 04:00:00,-99.8,-99.8,-99.8,-99.8,-99.8,-99.8,-99.8,-999.6,-99.8,-99.8,-99.8,-99.8,-99.8,-99.8,-99.8
2022-06-18 05:00:00,-99.8,-99.8,-99.8,-99.8,-99.8,-99.8,-99.8,-999.6,-99.8,-99.8,-99.8,-99.8,-99.8,-99.8,-99.8
2022-06-18 06:00:00,-99.8,-99.8,-99.8,-99.8,-99.8,-99.8,-99.8,-999.6,-99.8,-99.8,-99.8,-99.8,-99.8,-99.8,-99.8
2022-06-18 07:00:00,-99.8,-99.8,-99.8,-99.8,-99.8,-99.8,-99.8,-999.6,-99.8,-99.8,-99.8,-99.8,-99.8,-99.8,-99.8
2022-06-18 08:00:00,-99.8,-99.8,-99.8,-99.8,-99.8,-99.8,-99.8,-999.6,-99.8,-99.8,-99.8,-99.8,-99.8,-99.8,-99.8
2022-06-18 09:00:00,-99.8,-99.8,-99.8,-99.8,-99.8,-99.8,-99.8,-999.6,-99.8,-99.8,-99.8,-99.8,-99.8,-99.8,-99.8
2022-06-18 10:00:00,-99.8,-99.8,-99.8,-99.8,-99.8,-99.8,-99.8,-999.6,-99.8,-99.8,-99.8,-99.8,-99.8,-99.8,-99.8
2022-06-18 11:00:00,-99.8,-99.8,-99.8,-99.8,-99.8,-99.8,-99.8,-999.6,-99.8,-99.8,-99.8,-99.8,-99.8,-99.8,-99.8
2022-06-18 12:00:00,-99.8,-99.8,-99.8,-99.8,-99.8,-99.8,-99.8,-999.6,-99.8,-99.8,-99.8,-99.8,-99.8,-99.8,-99.8
2022-06-18 13:00:00,-99.8,-99.8,-99.8,-99.8,-99.8,-99.8,-99.8,-999.6,-99.8,-99.8,-99.8,-99.8,-99.8,-99.8,-99.8
2022-06-18 14:00:00,-99.8,-99.8,-99.8,-99.8,-99.8,-99.8,-99.8,-999.6,-99.8,-99.8,-99.8,-99.8,-99.8,-99.8,-99.8
2022-06-18 15:00:00,-99.8,-99.8,-99.8,-99.8,-99.8,-99.8,-99.8,-999.6,-99.8,-99.8,-99.8,-99.8,-99.8,-99.8,-99.8
2022-06-18 16:00:00,-99.8,-99.8,-99.8,-99.8,-99.8,-99.8,-99.8,-999.6,-99.8,-99.8,-99.8,-99.8,-99.8,-99.8,-99.8
2022-06-18 17:00:00,-99.8,-99.8,-99.8,-99.8,-99.8,-99.8,-99.8,-999.6,-99.8,-99.8,-99.8,-99.8,-99.8,-99.8,-99.8
2022-06-18 18:00:00,-99.8,-99.8,-99.8,-99.8,-99.8,-99.8,-99.8,-999.6,-99.8,-99.8,-99.8,-99.8,-99.8,-99.8,-99.8
2022-06-18 19:00:00,-99.8,-99.8,-99.8,-99.8,-99.8,-99.8,-99.8,-999.6,-99.8,-99.8,-99.8,-99.8,-99.8,-99.8,-99.8
2022-06-18 20:00:00,-99.8,-99.8,-99.8,-99.8,-99.8,-99.8,-99.8,-999.6,-99.8,-99.8,-99.8,-99.8,-99.8,-99.8,-99.8
2022-06-18 21:00:00,-99.8,-99.8,-99.8,-99.8,-99.8,-99.8,-99.8,-999.6,-99.8,-99.8,-99.8,-99.8,-99.8,-99.8,-99.8
2022-06-18 22:00:00,-99.8,-99.8,-99.8,-99.8,-99.8,-99.8,-99.8,-999.6,-99.8,-99.8,-99.8,-99.8,-99.8,-99.8,-99.8
2022-06-18 23:00:00,-99.8,-99.8,-99.8,-99.8,-99.8,-99.8,-99.8,-999.6,-99.8,-99.8,-99.8,-99.8,-99.8,-99.8,-99.8
2022-06-19 00:00:00,-99.8,-99.8,-99.8,-99.8,-99.8,-99.8,-99.8,-999.6,-99.8,-99.8,-99.8,-99.8,-99.8,-99.8,-99.8
2022-06-19 01:00:00,-99.8,-99.8,-99.8,-99.8,-99.8,-99.8,-99.8,-999.6,-99.8,-99.8,-99.8,-99.8,-99.8,-99.8,-99.8
2022-06-19 02:00:00,-99.8,-99.8,-99.8,-99.8,-99.8,-99.8,-99.8,-999.6,-99.8,-99.8,-99.8,-99.8,-99.8,-99.8,-99.8
2022-06-19 03:00:00,-99.8,-99.8,-99.8,-99.8,-99.8,-99.8,-99.8,-999.6,-99.8,-99.8,-99.8,-99.8,-99.8,-99.8,-99.8
2022-06-19 04:00:00,-99.8,-99.8,-99.8,-99.8,-99.8,-99.8,-99.8,-999.6,-99.8,-99.8,-99.8,-99.8,-99.8,-99.8,-99.8
2022-06-19 05:00:00,-99.8,-99.8,-99.8,-99.8,-99.8,-99.8,-99.8,-999.6,-99.8,-99.8,-99.8,-99.8,-99.8,-99.8,-99.8
2022-06-19 06:00:00,-99.8,-99.8,-99.8,-99.8,-99.8,-99.8,-99.8,-999.6,-99.8,-99.8,-99.8,-99.8,-99.8,-99.8,-99.8
2022-06-19 07:00:00,-99.8,-99.8,-99.8,-99.8,-99.8,-99.8,-99.8,-999.6,-99.8,-99.8,-99.8,-99.8,-99.8,-99.8,-99.8
2022-06-19 08:00:00,-99.8,-99.8,-99.8,-99.8,-99.8,-99.8,-99.8,-999.6,-99.8,-99.8,-99.8,-99.8,-99.8,-99.8,-99.8
2022-06-19 09:00:00,-99.8,-99.8,-99.8,-99.8,-99.8,-99.8,-99.8,-999.6,-99.8,-99.8,-99.8,-99.8,-99.8,-99.8,-99.8
2022-06-19 10:00:00,-99.8,-99.8,-99.8,-99.8,-99.8,-99.8,-99.8,-999.6,-99.8,-99.8,-99.8,-99.8,-99.8,-99.8,-99.8
2022-06-19 11:00:00,-99.8,-99.8,-99.8,-99.8,-99.8,-99.8,-99.8,-999.6,-99.8,-99.8,-99.8,-99.8,-99.8,-99.8,-99.8
2022-06-19 12:00:00,-99.8,-99.8,-99.8,-99.8,-99.8,-99.8,-99.8,-999.6,-99.8,-99.8,-99.8,-99.8,-99.8,-99.8,-99.8
2022-06-19 13:00:00,-99.8,-99.8,-99.8,-99.8,-99.8,-99.8,-99.8,-999.6,-99.8,-99.8,-99.8,-99.8,-99.8,-99.8,-99.8
2022-06-19 14:00:00,-99.8,-99.8,-99.8,-99.8,-99.8,-99.8,-99.8,-999.6,-99.8,-99.8,-99.8,-99.8,-99.8,-99.8,-99.8
2022-06-19 15:00:00,-99.8,-99.8,-99.8,-99.8,-99.8,-99.8,-99.8,-999.6,-99.8,-99.8,-99.8,-99.8,-99.8,-99.8,-99.8
2022-06-19 16:00:00,-99.8,-99.8,-99.8,-99.8,-99.8,-99.8,-99.8,-999.6,-99.8,-99.8,-99.8,-99.8,-99.8,-99.8,-99.8
2022-06-19 17:00:00,-99.8,-99.8,-99.8,-99.8,-99.8,-99.8,-99.8,-999.6,-99.8,-99.8,-99.8,-99.8,-99.8,-99.8,-99.8
2022-06-19 18:00:00,-99.8,-99.8,-99.8,-99.8,-99.8,-99.8,-99.8,-999.6,-99.8,-99.8,-99.8,-99.8,-99.8,-99.8,-99.8
2022-06-19 19:00:00,-99.8,-99.8,-99.8,-99.8,-99.8,-99.8,-99.8,-999.6,-99.8,-99.8,-99.8,-99.8,-99.8,-99.8,-99.8
2022-06-19 20:00:00,-99.8,-99.8,-99.8,-99.8,-99.8,-99.8,-99.8,-999.6,-99.8,-99.8,-99.8,-99.8,-99.8,-99.8,-99.8
2022-06-19 21:00:00,-99.8,-99.8,-99.8,-99.8,-99.8,-99.8,-99.8,-999.6,-99.8,-99.8,-99.8,-99.8,-99.8,-99.8,-99.8
2022-06-19 22:00:00,-99.8,-99.8,-99.8,-99.8,-99.8,-99.8,-99.8,-999.6,-99.8,-99.8,-99.8,-99.8,-99.8,-99.8,-99.8
2022-06-19 23:00:00,-99.8,-99.8,-99.8,-99.8,-99.8,-99.8,-99.8,-999.6,-99.8,-99.8,-99.8,-99.8,-99.8,-99.8,-99.8
2022-06-20 00:00:00,-99.8,-99.8,-99.8,-99.8,-99.8,-99.8,-99.8,-999.6,-99.8,-99.8,-99.8,-99.8,-99.8,-99.8,-99.8
2022-06-20 01:00:00,-99.8,-99.8,-99.8,-99.8,-99.8,-99.8,-99.8,-999.6,-99.8,-99.8,-99.8,-99.8,-99.8,-99.8,-99.8
2022-06-20 02:00:00,-99.8,-99.8,-99.8,-99.8,-99.8,-99.8,-99.8,-999.6,-99.8,-99.8,-99.8,-99.8,-99.8,-99.8,-99.8
2022-06-20 03:00:00,-99.8,-99.8,-99.8,-99.8,-99.8,-99.8,-99.8,-999.6,-99.8,-99.8,-99.8,-99.8,-99.8,-99.8,-99.8
2022-06-20 04:00:00,-99.8,-99.8,-99.8,-99.8,-99.8,-99.8,-99.8,-999.6,-99.8,-99.8,-99.8,-99.8,-99.8,-99.8,-99.8
2022-06-20 05:00:00,-99.8,-99.8,-99.8,-99.8,-99.8,-99.8,-99.8,-999.6,-99.8,-99.8,-99.8,-99.8,-99.8,-99.8,-99.8
2022-06-20 06:00:00,-99.8,-99.8,-99.8,-99.8,-99.8,-99.8,-99.8,-999.6,-99.8,-99.8,-99.8,-99.8,-99.8,-99.8,-99.8
2022-06-20 07:00:00,-99.8,-99.8,-99.8,-99.8,-99.8,-99.8,-99.8,-999.6,-99.8,-99.8,-99.8,-99.8,-99.8,-99.8,-99.8
2022-06-20 08:00:00,-99.8,-99.8,-99.8,-99.8,-99.8,-99.8,-99.8,-999.6,-99.8,-99.8,-99.8,-99.8,-99.8,-99.8,-99.8
2022-06-20 09:00:00,-99.8,-99.8,-99.8,-99.8,-99.8,-99.8,-99.8,-999.6,-99.8,-99.8,-99.8,-99.8,-99.8,-99.8,-99.8
2022-06-20 10:00:00,-99.8,-99.8,-99.8,-99.8,-99.8,-99.8,-99.8,-999.6,-99.8,-99.8,-99.8,-99.8,-99.8,-99.8,-99.8
2022-06-20 11:00:00,-99.8,-99.8,-99.8,-99.8,-99.8,-99.8,-99.8,-999.6,-99.8,-99.8,-99.8,-99.8,-99.8,-99.8,-99.8
2022-06-20 12:00:00,-99.8,-99.8,-99.8,-99.8,-99.8,-99.8,-99.8,-999.6,-99.8,-99.8,-99.8,-99.8,-99.8,-99.8,-99.8
2022-06-20 13:00:00,-99.8,-99.8,-99.8,-99.8,-99.8,-99.8,-99.8,-999.6,-99.8,-99.8,-99.8,-99.8,-99.8,-99.8,-99.8
2022-06-20 14:00:00,-99.8,-99.8,-99.8,-99.8,-99.8,-99.8,-99.8,-999.6,-99.8,-99.8,-99.8,-99.8,-99.8,-99.8,-99.8
2022-06-20 15:00:00,-99.8,-99.8,-99.8,-99.8,-99.8,-99.8,-99.8,-999.6,-99.8,-99.8,-99.8,-99.8,-99.8,-99.8,-99.8
2022-06-20 16:00:00,-99.8,-99.8,-99.8,-99.8,-99.8,-99.8,-99.8,-999.6,-99.8,-99.8,-99.8,-99.8,-99.8,-99.8,-99.8
2022-06-20 17:00:00,-99.8,-99.8,-99.8,-99.8,-99.8,-99.8,-99.8,-999.6,-99.8,-99.8,-99.8,-99.8,-99.8,-99.8,-99.8
2022-06-20 18:00:00,-99.8,-99.8,-99.8,-99.8,-99.8,-99.8,-99.8,-999.6,-99.8,-99.8,-99.8,-99.8,-99.8,-99.8,-99.8
2022-06-20 19:00:00,-99.8,-99.8,-99.8,-99.8,-99.8,-99.8,-99.8,-999.6,-99.8,-99.8,-99.8,-99.8,-99.8,-99.8,-99.8
2022-06-20 20:00:00,-99.8,-99.8,-99.8,-99.8,-99.8,-99.8,-99.8,-999.6,-99.8,-99.8,-99.8,-99.8,-99.8,-99.8,-99.8
2022-06-20 21:00:00,-99.8,-99.8,-99.8,-99.8,-99.8,-99.8,-99.8,-999.6,-99.8,-99.8,-99.8,-99.8,-99.8,-99.8,-99.8
2022-06-20 22:00:00,-99.8,-99.8,-99.8,-99.8,-99.8,-99.8,-99.8,-999.6,-99.8,-99.8,-99.8,-99.8,-99.8,-99.8,-99.8
2022-06-20 23:00:00,-99.8,-99.8,-99.8,-99.8,-99.8,-99.8,-99.8,-999.6,-99.8,-99.8,-99.8,-99.8,-99.8,-99.8,-99.8
2022-06-21 00:00:00,-99.8,-99.8,-99.8,-99.8,-99.8,-99.8,-99.8,-999.6,-99.8,-99.8,-99.8,-99.8,-99.8,-99.8,-99.8
2022-06-21 01:00:00,-99.8,-99.8,-99.8,-99.8,-99.8,-99.8,-99.8,-999.6,-99.8,-99.8,-99.8,-99.8,-99.8,-99.8,-99.8
2022-06-21 02:00:00,-99.8,-99.8,-99.8,-99.8,-99.8,-99.8,-99.8,-999.6,-99.8,-99.8,-99.8,-99.8,-99.8,-99.8,-99.8
2022-06-21 03:00:00,-99.8,-99.8,-99.8,-99.8,-99.8,-99.8,-99.8,-999.6,-99.8,-99.8,-99.8,-99.8,-99.8,-99.8,-99.8
2022-06-21 04:00:00,-99.8,-99.8,-99.8,-99.8,-99.8,-99.8,-99.8,-999.6,-99.8,-99.8,-99.8,-99.8,-99.8,-99.8,-99.8
2022-06-21 05:00:00,-99.8,-99.8,-99.8,-99.8,-99.8,-99.8,-99.8,-999.6,-99.8,-99.8,-99.8,-99.8,-99.8,-99.8,-99.8
2022-06-21 06:00:00,-99.8,-99.8,-99.8,-99.8,-99.8,-99.8,-99.8,-999.6,-99.8,-99.8,-99.8,-99.8,-99.8,-99.8,-99.8
2022-06-21 07:00:00,-99.8,-99.8,-99.8,-99.8,-99.8,-99.8,-99.8,-999.6,-99.8,-99.8,-99.8,-99.8,-99.8,-99.8,-99.8
2022-06-21 08:00:00,-99.8,-99.8,-99.8,-99.8,-99.8,-99.8,-99.8,-999.6,-99.8,-99.8,-99.8,-99.8,-99.8,-99.8,-99.8
2022-06-21 09:00:00,-99.8,-99.8,-99.8,-99.8,-99.8,-99.8,-99.8,-999.6,-99.8,-99.8,-99.8,-99.8,-99.8,-99.8,-99.8
2022-06-21 10:00:00,-99.8,-99.8,-99.8,-99.8,-99.8,-99.8,-99.8,-999.6,-99.8,-99.8,-99.8,-99.8,-99.8,-99.8,-99.8
2022-06-21 11:00:00,-99.8,-99.8,-99.8,-99.8,-99.8,-99.8,-99.8,-999.6,-99.8,-99.8,-99.8,-99.8,-99.8,-99.8,-99.8
2022-06-21 12:00:00,-99.8,-99.8,-99.8,-99.8,-99.8,-99.8,-99.8,-999.6,-99.8,-99.8,-99.8,-99.8,-99.8,-99.8,-99.8
2022-06-21 13:00:00,-99.8,-99.8,-99.8,-99.8,-99.8,-99.8,-99.8,-999.6,-99.8,-99.8,-99.8,-99.8,-99.8,-99.8,-99.8
2022-06-21 14:00:00,-99.8,-99.8,-99.8,-99.8,-99.8,-99.8,-99.8,-999.6,-99.8,-99.8,-99.8,-99.8,-99.8,-99.8,-99.8
2022-06-21 15:00:00,-99.8,-99.8,-99.8,-99.8,-99.8,-99.8,-99.8,-999.6,-99.8,-99.8,-99.8,-99.8,-99.8,-99.8,-99.8
2022-06-21 16:00:00,-99.8,-99.8,-99.8,-99.8,-99.8,-99.8,-99.8,-999.6,-99.8,-99.8,-99.8,-99.8,-99.8,-99.8,-99.8
2022-06-21 17:00:00,-99.8,-99.8,-99.8,-99.8,-99.8,-99.8,-99.8,-999.6,-99.8,-99.8,-99.8,-99.8,-99.8,-99.8,-99.8
2022-06-21 18:00:00,-99.8,-99.8,-99.8,-99.8,-99.8,-99.8,-99.8,-999.6,-99.8,-99.8,-99.8,-99.8,-99.8,-99.8,-99.8
2022-06-21 19:00:00,-99.8,-99.8,-99.8,-99.8,-99.8,-99.8,-99.8,-999.6,-99.8,-99.8,-99.8,-99.8,-99.8,-99.8,-99.8
2022-06-21 20:00:00,-99.8,-99.8,-99.8,-99.8,-99.8,-99.8,-99.8,-999.6,-99.8,-99.8,-99.8,-99.8,-99.8,-99.8,-99.8
2022-06-21 21:00:00,-99.8,-99.8,-99.8,-99.8,-99.8,-99.8,-99.8,-999.6,-99.8,-99.8,-99.8,-99.8,-99.8,-99.8,-99.8
2022-06-21 22:00:00,-99.8,-99.8,-99.8,-99.8,-99.8,-99.8,-99.8,-999.6,-99.8,-99.8,-99.8,-99.8,-99.8,-99.8,-99.8
2022-06-21 23:00:00,-99.8,-99.8,-99.8,-99.8,-99.8,-99.8,-99.8,-999.6,-99.8,-99.8,-99.8,-99.8,-99.8,-99.8,-99.8
2022-06-22 00:00:00,-99.8,-99.8,-99.8,-99.8,-99.8,-99.8,-99.8,-999.6,-99.8,-99.8,-99.8,-99.8,-99.8,-99.8,-99.8
2022-06-22 01:00:00,-99.8,-99.8,-99.8,-99.8,-99.8,-99.8,-99.8,-999.6,-99.8,-99.8,-99.8,-99.8,-99.8,-99.8,-99.8
2022-06-22 02:00:00,-99.8,-99.8,-99.8,-99.8,-99.8,-99.8,-99.8,-999.6,-99.8,-99.8,-99.8,-99.8,-99.8,-99.8,-99.8
2022-06-22 03:00:00,-99.8,-99.8,-99.8,-99.8,-99.8,-99.8,-99.8,-999.6,-99.8,-99.8,-99.8,-99.8,-99.8,-99.8,-99.8
2022-06-22 04:00:00,-99.8,-99.8,-99.8,-99.8,-99.8,-99.8,-99.8,-999.6,-99.8,-99.8,-99.8,-99.8,-99.8,-99.8,-99.8
2022-06-22 05:00:00,-99.8,-99.8,-99.8,-99.8,-99.8,-99.8,-99.8,-999.6,-99.8,-99.8,-99.8,-99.8,-99.8,-99.8,-99.8
2022-06-22 06:00:00,-99.8,-99.8,-99.8,-99.8,-99.8,-99.8,-99.8,-999.6,-99.8,-99.8,-99.8,-99.8,-99.8,-99.8,-99.8
2022-06-22 07:00:00,-99.8,-99.8,-99.8,-99.8,-99.8,-99.8,-99.8,-999.6,-99.8,-99.8,-99.8,-99.8,-99.8,-99.8,-99.8
2022-06-22 08:00:00,-99.8,-99.8,-99.8,-99.8,-99.8,-99.8,-99.8,-999.6,-99.8,-99.8,-99.8,-99.8,-99.8,-99.8,-99.8
2022-06-22 09:00:00,-99.8,-99.8,-99.8,-99.8,-99.8,-99.8,-99.8,-999.6,-99.8,-99.8,-99.8,-99.8,-99.8,-99.8,-99.8
2022-06-22 10:00:00,-99.8,-99.8,-99.8,-99.8,-99.8,-99.8,-99.8,-999.6,-99.8,-99.8,-99.8,-99.8,-99.8,-99.8,-99.8
2022-06-22 11:00:00,-99.8,-99.8,-99.8,-99.8,-99.8,-99.8,-99.8,-999.6,-99.8,-99.8,-99.8,-99.8,-99.8,-99.8,-99.8
2022-06-22 12:00:00,-99.8,-99.8,-99.8,-99.8,-99.8,-99.8,-99.8,-999.6,-99.8,-99.8,-99.8,-99.8,-99.8,-99.8,-99.8
2022-06-22 13:00:00,-99.8,-99.8,-99.8,-99.8,-99.8,-99.8,-99.8,-999.6,-99.8,-99.8,-99.8,-99.8,-99.8,-99.8,-99.8
2022-06-22 14:00:00,-99.8,-99.8,-99.8,-99.8,-99.8,-99.8,-99.8,-999.6,-99.8,-99.8,-99.8,-99.8,-99.8,-99.8,-99.8
2022-06-22 15:00:00,-99.8,-99.8,-99.8,-99.8,-99.8,-99.8,-99.8,-999.6,-99.8,-99.8,-99.8,-99.8,-99.8,-99.8,-99.8
2022-06-22 16:00:00,-99.8,-99.8,-99.8,-99.8,-99.8,-99.8,-99.8,-999.6,-99.8,-99.8,-99.8,-99.8,-99.8,-99.8,-99.8
2022-06-22 17:00:00,-99.8,-99.8,-99.8,-99.8,-99.8,-99.8,-99.8,-999.6,-99.8,-99.8,-99.8,-99.8,-99.8,-99.8,-99.8
2022-06-22 18:00:00,-99.8,-99.8,-99.8,-99.8,-99.8,-99.8,-99.8,-999.6,-99.8,-99.8,-99.8,-99.8,-99.8,-99.8,-99.8
2022-06-22 19:00:00,-99.8,-99.8,-99.8,-99.8,-99.8,-99.8,-99.8,-999.6,-99.8,-99.8,-99.8,-99.8,-99.8,-99.8,-99.8
2022-06-22 20:00:00,-99.8,-99.8,-99.8,-99.8,-99.8,-99.8,-99.8,-999.6,-99.8,-99.8,-99.8,-99.8,-99.8,-99.8,-99.8
2022-06-22 21:00:00,-99.8,-99.8,-99.8,-99.8,-99.8,-99.8,-99.8,-999.6,-99.8,-99.8,-99.8,-99.8,-99.8,-99.8,-99.8
2022-06-22 22:00:00,-99.8,-99.8,-99.8,-99.8,-99.8,-99.8,-99.8,-999.6,-99.8,-99.8,-99.8,-99.8,-99.8,-99.8,-99.8
2022-06-22 23:00:00,-99.8,-99.8,-99.8,-99.8,-99.8,-99.8,-99.8,-999.6,-99.8,-99.8,-99.8,-99.8,-99.8,-99.8,-99.8
2022-06-23 00:00:00,-99.8,-99.8,-99.8,-99.8,-99.8,-99.8,-99.8,-999.6,-99.8,-99.8,-99.8,-99.8,-99.8,-99.8,-99.8
2022-06-23 01:00:00,-99.8,-99.8,-99.8,-99.8,-99.8,-99.8,-99.8,-999.6,-99.8,-99.8,-99.8,-99.8,-99.8,-99.8,-99.8
2022-06-23 02:00:00,-99.8,-99.8,-99.8,-99.8,-99.8,-99.8,-99.8,-999.6,-99.8,-99.8,-99.8,-99.8,-99.8,-99.8,-99.8
2022-06-23 03:00:00,-99.8,-99.8,-99.8,-99.8,-99.8,-99.8,-99.8,-999.6,-99.8,-99.8,-99.8,-99.8,-99.8,-99.8,-99.8
2022-06-23 04:00:00,-99.8,-99.8,-99.8,-99.8,-99.8,-99.8,-99.8,-999.6,-99.8,-99.8,-99.8,-99.8,-99.8,-99.8,-99.8
2022-06-23 05:00:00,-99.8,-99.8,-99.8,-99.8,-99.8,-99.8,-99.8,-999.6,-99.8,-99.8,-99.8,-99.8,-99.8,-99.8,-99.8
2022-06-23 06:00:00,-99.8,-99.8,-99.8,-99.8,-99.8,-99.8,-99.8,-999.6,-99.8,-99.8,-99.8,-99.8,-99.8,-99.8,-99.8
2022-06-23 07:00:00,-99.8,-99.8,-99.8,-99.8,-99.8,-99.8,-99.8,-999.6,-99.8,-99.8,-99.8,-99.8,-99.8,-99.8,-99.8
2022-06-23 08:00:00,-99.8,-99.8,-99.8,-99.8,-99.8,-99.8,-99.8,-999.6,-99.8,-99.8,-99.8,-99.8,-99.8,-99.8,-99.8
2022-06-23 09:00:00,-99.8,-99.8,-99.8,-99.8,-99.8,-99.8,-99.8,-999.6,-99.8,-99.8,-99.8,-99.8,-99.8,-99.8,-99.8
2022-06-23 10:00:00,-99.8,-99.8,-99.8,-99.8,-99.8,-99.8,-99.8,-999.6,-99.8,-99.8,-99.8,-99.8,-99.8,-99.8,-99.8
2022-06-23 11:00:00,-99.8,-99.8,-99.8,-99.8,-99.8,-99.8,-99.8,-999.6,-99.8,-99.8,-99.8,-99.8,-99.8,-99.8,-99.8
2022-06-23 12:00:00,-99.8,-99.8,-99.8,-99.8,-99.8,-99.8,-99.8,-999.6,-99.8,-99.8,-99.8,-99.8,-99.8,-99.8,-99.8
2022-06-23 13:00:00,-99.8,-99.8,-99.8,-99.8,-99.8,-99.8,-99.8,-999.6,-99.8,-99.8,-99.8,-99.8,-99.8,-99.8,-99.8
2022-06-23 14:00:00,-99.8,-99.8,-99.8,-99.8,-99.8,-99.8,-99.8,-999.6,-99.8,-99.8,-99.8,-99.8,-99.8,-99.8,-99.8
2022-06-23 15:00:00,-99.8,-99.8,-99.8,-99.8,-99.8,-99.8,-99.8,-999.6,-99.8,-99.8,-99.8,-99.8,-99.8,-99.8,-99.8
2022-06-23 16:00:00,-99.8,-99.8,-99.8,-99.8,-99.8,-99.8,-99.8,-999.6,-99.8,-99.8,-99.8,-99.8,-99.8,-99.8,-99.8
2022-06-23 17:00:00,-99.8,-99.8,-99.8,-99.8,-99.8,-99.8,-99.8,-999.6,-99.8,-99.8,-99.8,-99.8,-99.8,-99.8,-99.8
2022-06-23 18:00:00,-99.8,-99.8,-99.8,-99.8,-99.8,-99.8,-99.8,-999.6,-99.8,-99.8,-99.8,-99.8,-99.8,-99.8,-99.8
2022-06-23 19:00:00,-99.8,-99.8,-99.8,-99.8,-99.8,-99.8,-99.8,-999.6,-99.8,-99.8,-99.8,-99.8,-99.8,-99.8,-99.8
2022-06-23 20:00:00,-99.8,-99.8,-99.8,-99.8,-99.8,-99.8,-99.8,-999.6,-99.8,-99.8,-99.8,-99.8,-99.8,-99.8,-99.8
2022-06-23 21:00:00,-99.8,-99.8,-99.8,-99.8,-99.8,-99.8,-99.8,-999.6,-99.8,-99.8,-99.8,-99.8,-99.8,-99.8,-99.8
2022-06-23 22:00:00,-99.8,-99.8,-99.8,-99.8,-99.8,-99.8,-99.8,-999.6,-99.8,-99.8,-99.8,-99.8,-99.8,-99.8,-99.8
2022-06-23 23:00:00,-99.8,-99.8,-99.8,-99.8,-99.8,-99.8,-99.8,-999.6,-99.8,-99.8,-99.8,-99.8,-99.8,-99.8,-99.8
2022-06-24 00:00:00,-99.8,-99.8,-99.8,-99.8,-99.8,-99.8,-99.8,-999.6,-99.8,-99.8,-99.8,-99.8,-99.8,-99.8,-99.8
2022-06-24 01:00:00,-99.8,-99.8,-99.8,-99.8,-99.8,-99.8,-99.8,-999.6,-99.8,-99.8,-99.8,-99.8,-99.8,-99.8,-99.8
2022-06-24 02:00:00,-99.8,-99.8,-99.8,-99.8,-99.8,-99.8,-99.8,-999.6,-99.8,-99.8,-99.8,-99.8,-99.8,-99.8,-99.8
2022-06-24 03:00:00,-99.8,-99.8,-99.8,-99.8,-99.8,-99.8,-99.8,-999.6,-99.8,-99.8,-99.8,-99.8,-99.8,-99.8,-99.8
2022-06-24 04:00:00,-99.8,-99.8,-99.8,-99.8,-99.8,-99.8,-99.8,-999.6,-99.8,-99.8,-99.8,-99.8,-99.8,-99.8,-99.8
2022-06-24 05:00:00,-99.8,-99.8,-99.8,-99.8,-99.8,-99.8,-99.8,-999.6,-99.8,-99.8,-99.8,-99.8,-99.8,-99.8,-99.8
2022-06-24 06:00:00,-99.8,-99.8,-99.8,-99.8,-99.8,-99.8,-99.8,-999.6,-99.8,-99.8,-99.8,-99.8,-99.8,-99.8,-99.8
2022-06-24 07:00:00,-99.8,-99.8,-99.8,-99.8,-99.8,-99.8,-99.8,-999.6,-99.8,-99.8,-99.8,-99.8,-99.8,-99.8,-99.8
2022-06-24 08:00:00,-99.8,-99.8,-99.8,-99.8,-99.8,-99.8,-99.8,-999.6,-99.8,-99.8,-99.8,-99.8,-99.8,-99.8,-99.8
2022-06-24 09:00:00,-99.8,-99.8,-99.8,-99.8,-99.8,-99.8,-99.8,-999.6,-99.8,-99.8,-99.8,-99.8,-99.8,-99.8,-99.8
2022-06-24 10:00:00,-99.8,-99.8,-99.8,-99.8,-99.8,-99.8,-99.8,-999.6,-99.8,-99.8,-99.8,-99.8,-99.8,-99.8,-99.8
2022-06-24 11:00:00,-99.8,-99.8,-99.8,-99.8,-99.8,-99.8,-99.8,-999.6,-99.8,-99.8,-99.8,-99.8,-99.8,-99.8,-99.8
2022-06-24 12:00:00,-99.8,-99.8,-99.8,-99.8,-99.8,-99.8,-99.8,-999.6,-99.8,-99.8,-99.8,-99.8,-99.8,-99.8,-99.8
2022-06-24 13:00:00,-99.8,-99.8,-99.8,-99.8,-99.8,-99.8,-99.8,-999.6,-99.8,-99.8,-99.8,-99.8,-99.8,-99.8,-99.8
2022-06-24 14:00:00,-99.8,-99.8,-99.8,-99.8,-99.8,-99.8,-99.8,-999.6,-99.8,-99.8,-99.8,-99.8,-99.8,-99.8,-99.8
2022-06-24 15:00:00,-99.8,-99.8,-99.8,-99.8,-99.8,-99.8,-99.8,-999.6,-99.8,-99.8,-99.8,-99.8,-99.8,-99.8,-99.8
2022-06-24 16:00:00,-99.8,-99.8,-99.8,-99.8,-99.8,-99.8,-99.8,-999.6,-99.8,-99.8,-99.8,-99.8,-99.8,-99.8,-99.8
2022-06-24 17:00:00,-99.8,-99.8,-99.8,-99.8,-99.8,-99.8,-99.8,-999.6,-99.8,-99.8,-99.8,-99.8,-99.8,-99.8,-99.8
2022-06-24 18:00:00,-99.8,-99.8,-99.8,-99.8,-99.8,-99.8,-99.8,-999.6,-99.8,-99.8,-99.8,-99.8,-99.8,-99.8,-99.8
2022-06-24 19:00:00,-99.8,-99.8,-99.8,-99.8,-99.8,-99.8,-99.8,-999.6,-99.8,-99.8,-99.8,-99.8,-99.8,-99.8,-99.8
2022-06-24 20:00:00,-99.8,-99.8,-99.8,-99.8,-99.8,-99.8,-99.8,-999.6,-99.8,-99.8,-99.8,-99.8,-99.8,-99.8,-99.8
2022-06-24 21:00:00,-99.8,-99.8,-99.8,-99.8,-99.8,-99.8,-99.8,-999.6,-99.8,-99.8,-99.8,-99.8,-99.8,-99.8,-99.8
2022-06-24 22:00:00,-99.8,-99.8,-99.8,-99.8,-99.8,-99.8,-99.8,-999.6,-99.8,-99.8,-99.8,-99.8,-99.8,-99.8,-99.8
2022-06-24 23:00:00,-99.8,-99.8,-99.8,-99.8,-99.8,-99.8,-99.8,-999.6,-99.8,-99.8,-99.8,-99.8,-99.8,-99.8,-99.8
2022-06-25 00:00:00,-99.8,-99.8,-99.8,-99.8,-99.8,-99.8,-99.8,-999.6,-99.8,-99.8,-99.8,-99.8,-99.8,-99.8,-99.8
2022-06-25 01:00:00,-99.8,-99.8,-99.8,-99.8,-99.8,-99.8,-99.8,-999.6,-99.8,-99.8,-99.8,-99.8,-99.8,-99.8,-99.8
2022-06-25 02:00:00,-99.8,-99.8,-99.8,-99.8,-99.8,-99.8,-99.8,-999.6,-99.8,-99.8,-99.8,-99.8,-99.8,-99.8,-99.8
2022-06-25 03:00:00,-99.8,-99.8,-99.8,-99.8,-99.8,-99.8,-99.8,-999.6,-99.8,-99.8,-99.8,-99.8,-99.8,-99.8,-99.8
2022-06-25 04:00:00,-99.8,-99.8,-99.8,-99.8,-99.8,-99.8,-99.8,-999.6,-99.8,-99.8,-99.8,-99.8,-99.8,-99.8,-99.8
2022-06-25 05:00:00,-99.8,-99.8,-99.8,-99.8,-99.8,-99.8,-99.8,-999.6,-99.8,-99.8,-99.8,-99.8,-99.8,-99.8,-99.8
2022-06-25 06:00:00,-99.8,-99.8,-99.8,-99.8,-99.8,-99.8,-99.8,-999.6,-99.8,-99.8,-99.8,-99.8,-99.8,-99.8,-99.8
2022-06-25 07:00:00,-99.8,-99.8,-99.8,-99.8,-99.8,-99.8,-99.8,-999.6,-99.8,-99.8,-99.8,-99.8,-99.8,-99.8,-99.8
2022-06-25 08:00:00,-99.8,-99.8,-99.8,-99.8,-99.8,-99.8,-99.8,-999.6,-99.8,-99.8,-99.8,-99.8,-99.8,-99.8,-99.8
2022-06-25 09:00:00,-99.8,-99.8,-99.8,-99.8,-99.8,-99.8,-99.8,-999.6,-99.8,-99.8,-99.8,-99.8,-99.8,-99.8,-99.8
2022-06-25 10:00:00,-99.8,-99.8,-99.8,-99.8,-99.8,-99.8,-99.8,-999.6,-99.8,-99.8,-99.8,-99.8,-99.8,-99.8,-99.8
2022-06-25 11:00:00,-99.8,-99.8,-99.8,-99.8,-99.8,-99.8,-99.8,-999.6,-99.8,-99.8,-99.8,-99.8,-99.8,-99.8,-99.8
2022-06-25 12:00:00,-99.8,-99.8,-99.8,-99.8,-99.8,-99.8,-99.8,-999.6,-99.8,-99.8,-99.8,-99.8,-99.8,-99.8,-99.8
2022-06-25 13:00:00,-99.8,-99.8,-99.8,-99.8,-99.8,-99.8,-99.8,-999.6,-99.8,-99.8,-99.8,-99.8,-99.8,-99.8,-99.8
2022-06-25 14:00:00,-99.8,-99.8,-99.8,-99.8,-99.8,-99.8,-99.8,-999.6,-99.8,-99.8,-99.8,-99.8,-99.8,-99.8,-99.8
2022-06-25 15:00:00,-99.8,-99.8,-99.8,-99.8,-99.8,-99.8,-99.8,-999.6,-99.8,-99.8,-99.8,-99.8,-99.8,-99.8,-99.8
2022-06-25 16:00:00,-99.8,-99.8,-99.8,-99.8,-99.8,-99.8,-99.8,-999.6,-99.8,-99.8,-99.8,-99.8,-99.8,-99.8,-99.8
2022-06-25 17:00:00,-99.8,-99.8,-99.8,-99.8,-99.8,-99.8,-99.8,-999.6,-99.8,-99.8,-99.8,-99.8,-99.8,-99.8,-99.8
2022-06-25 18:00:00,-99.8,-99.8,-99.8,-99.8,-99.8,-99.8,-99.8,-999.6,-99.8,-99.8,-99.8,-99.8,-99.8,-99.8,-99.8
2022-06-25 19:00:00,-99.8,-99.8,-99.8,-99.8,-99.8,-99.8,-99.8,-999.6,-99.8,-99.8,-99.8,-99.8,-99.8,-99.8,-99.8
2022-06-25 20:00:00,-99.8,-99.8,-99.8,-99.8,-99.8,-99.8,-99.8,-999.6,-99.8,-99.8,-99.8,-99.8,-99.8,-99.8,-99.8
2022-06-25 21:00:00,-99.8,-99.8,-99.8,-99.8,-99.8,-99.8,-99.8,-999.6,-99.8,-99.8,-99.8,-99.8,-99.8,-99.8,-99.8
2022-06-25 22:00:00,-99.8,-99.8,-99.8,-99.8,-99.8,-99.8,-99.8,-999.6,-99.8,-99.8,-99.8,-99.8,-99.8,-99.8,-99.8
2022-06-25 23:00:00,-99.8,-99.8,-99.8,-99.8,-99.8,-99.8,-99.8,-999.6,-99.8,-99.8,-99.8,-99.8,-99.8,-99.8,-99.8
2022-06-26 00:00:00,-99.8,-99.8,-99.8,-99.8,-99.8,-99.8,-99.8,-999.6,-99.8,-99.8,-99.8,-99.8,-99.8,-99.8,-99.8
2022-06-26 01:00:00,-99.8,-99.8,-99.8,-99.8,-99.8,-99.8,-99.8,-999.6,-99.8,-99.8,-99.8,-99.8,-99.8,-99.8,-99.8
2022-06-26 02:00:00,-99.8,-99.8,-99.8,-99.8,-99.8,-99.8,-99.8,-999.6,-99.8,-99.8,-99.8,-99.8,-99.8,-99.8,-99.8
2022-06-26 03:00:00,-99.8,-99.8,-99.8,-99.8,-99.8,-99.8,-99.8,-999.6,-99.8,-99.8,-99.8,-99.8,-99.8,-99.8,-99.8
2022-06-26 04:00:00,-99.8,-99.8,-99.8,-99.8,-99.8,-99.8,-99.8,-999.6,-99.8,-99.8,-99.8,-99.8,-99.8,-99.8,-99.8
2022-06-26 05:00:00,-99.8,-99.8,-99.8,-99.8,-99.8,-99.8,-99.8,-999.6,-99.8,-99.8,-99.8,-99.8,-99.8,-99.8,-99.8
2022-06-26 06:00:00,-99.8,-99.8,-99.8,-99.8,-99.8,-99.8,-99.8,-999.6,-99.8,-99.8,-99.8,-99.8,-99.8,-99.8,-99.8
2022-06-26 07:00:00,-99.8,-99.8,-99.8,-99.8,-99.8,-99.8,-99.8,-999.6,-99.8,-99.8,-99.8,-99.8,-99.8,-99.8,-99.8
2022-06-26 08:00:00,-99.8,-99.8,-99.8,-99.8,-99.8,-99.8,-99.8,-999.6,-99.8,-99.8,-99.8,-99.8,-99.8,-99.8,-99.8
2022-06-26 09:00:00,-99.8,-99.8,-99.8,-99.8,-99.8,-99.8,-99.8,-999.6,-99.8,-99.8,-99.8,-99.8,-99.8,-99.8,-99.8
2022-06-26 10:00:00,-99.8,-99.8,-99.8,-99.8,-99.8,-99.8,-99.8,-999.6,-99.8,-99.8,-99.8,-99.8,-99.8,-99.8,-99.8
2022-06-26 11:00:00,-99.8,-99.8,-99.8,-99.8,-99.8,-99.8,-99.8,-999.6,-99.8,-99.8,-99.8,-99.8,-99.8,-99.8,-99.8
2022-06-26 12:00:00,-99.8,-99.8,-99.8,-99.8,-99.8,-99.8,-99.8,-999.6,-99.8,-99.8,-99.8,-99.8,-99.8,-99.8,-99.8
2022-06-26 13:00:00,-99.8,-99.8,-99.8,-99.8,-99.8,-99.8,-99.8,-999.6,-99.8,-99.8,-99.8,-99.8,-99.8,-99.8,-99.8
2022-06-26 14:00:00,-99.8,-99.8,-99.8,-99.8,-99.8,-99.8,-99.8,-999.6,-99.8,-99.8,-99.8,-99.8,-99.8,-99.8,-99.8
2022-06-26 15:00:00,-99.8,-99.8,-99.8,-99.8,-99.8,-99.8,-99.8,-999.6,-99.8,-99.8,-99.8,-99.8,-99.8,-99.8,-99.8
2022-06-26 16:00:00,-99.8,-99.8,-99.8,-99.8,-99.8,-99.8,-99.8,-999.6,-99.8,-99.8,-99.8,-99.8,-99.8,-99.8,-99.8
2022-06-26 17:00:00,-99.8,-99.8,-99.8,-99.8,-99.8,-99.8,-99.8,-999.6,-99.8,-99.8,-99.8,-99.8,-99.8,-99.8,-99.8
2022-06-26 18:00:00,-99.8,-99.8,-99.8,-99.8,-99.8,-99.8,-99.8,-999.6,-99.8,-99.8,-99.8,-99.8,-99.8,-99.8,-99.8
2022-06-26 19:00:00,-99.8,-99.8,-99.8,-99.8,-99.8,-99.8,-99.8,-999.6,-99.8,-99.8,-99.8,-99.8,-99.8,-99.8,-99.8
2022-06-26 20:00:00,-99.8,-99.8,-99.8,-99.8,-99.8,-99.8,-99.8,-999.6,-99.8,-99.8,-99.8,-99.8,-99.8,-99.8,-99.8
2022-06-26 21:00:00,-99.8,-99.8,-99.8,-99.8,-99.8,-99.8,-99.8,-999.6,-99.8,-99.8,-99.8,-99.8,-99.8,-99.8,-99.8
2022-06-26 22:00:00,-99.8,-99.8,-99.8,-99.8,-99.8,-99.8,-99.8,-999.6,-99.8,-99.8,-99.8,-99.8,-99.8,-99.8,-99.8
2022-06-26 23:00:00,-99.8,-99.8,-99.8,-99.8,-99.8,-99.8,-99.8,-999.6,-99.8,-99.8,-99.8,-99.8,-99.8,-99.8,-99.8
2022-06-27 00:00:00,-99.8,-99.8,-99.8,-99.8,-99.8,-99.8,-99.8,-999.6,-99.8,-99.8,-99.8,-99.8,-99.8,-99.8,-99.8
2022-06-27 01:00:00,-99.8,-99.8,-99.8,-99.8,-99.8,-99.8,-99.8,-999.6,-99.8,-99.8,-99.8,-99.8,-99.8,-99.8,-99.8
2022-06-27 02:00:00,-99.8,-99.8,-99.8,-99.8,-99.8,-99.8,-99.8,-999.6,-99.8,-99.8,-99.8,-99.8,-99.8,-99.8,-99.8
2022-06-27 03:00:00,-99.8,-99.8,-99.8,-99.8,-99.8,-99.8,-99.8,-999.6,-99.8,-99.8,-99.8,-99.8,-99.8,-99.8,-99.8
2022-06-27 04:00:00,-99.8,-99.8,-99.8,-99.8,-99.8,-99.8,-99.8,-999.6,-99.8,-99.8,-99.8,-99.8,-99.8,-99.8,-99.8
2022-06-27 05:00:00,-99.8,-99.8,-99.8,-99.8,-99.8,-99.8,-99.8,-999.6,-99.8,-99.8,-99.8,-99.8,-99.8,-99.8,-99.8
2022-06-27 06:00:00,-99.8,-99.8,-99.8,-99.8,-99.8,-99.8,-99.8,-999.6,-99.8,-99.8,-99.8,-99.8,-99.8,-99.8,-99.8
2022-06-27 07:00:00,-99.8,-99.8,-99.8,-99.8,-99.8,-99.8,-99.8,-999.6,-99.8,-99.8,-99.8,-99.8,-99.8,-99.8,-99.8
2022-06-27 08:00:00,-99.8,-99.8,-99.8,-99.8,-99.8,-99.8,-99.8,-999.6,-99.8,-99.8,-99.8,-99.8,-99.8,-99.8,-99.8
2022-06-27 09:00:00,-99.8,-99.8,-99.8,-99.8,-99.8,-99.8,-99.8,-999.6,-99.8,-99.8,-99.8,-99.8,-99.8,-99.8,-99.8
2022-06-27 10:00:00,-99.8,-99.8,-99.8,-99.8,-99.8,-99.8,-99.8,-999.6,-99.8,-99.8,-99.8,-99.8,-99.8,-99.8,-99.8
2022-06-27 11:00:00,-99.8,-99.8,-99.8,-99.8,-99.8,-99.8,-99.8,-999.6,-99.8,-99.8,-99.8,-99.8,-99.8,-99.8,-99.8
2022-06-27 12:00:00,-99.8,-99.8,-99.8,-99.8,-99.8,-99.8,-99.8,-999.6,-99.8,-99.8,-99.8,-99.8,-99.8,-99.8,-99.8
2022-06-27 13:00:00,-99.8,-99.8,-99.8,-99.8,-99.8,-99.8,-99.8,-999.6,-99.8,-99.8,-99.8,-99.8,-99.8,-99.8,-99.8
2022-06-27 14:00:00,-99.8,-99.8,-99.8,-99.8,-99.8,-99.8,-99.8,-999.6,-99.8,-99.8,-99.8,-99.8,-99.8,-99.8,-99.8
2022-06-27 15:00:00,-99.8,-99.8,-99.8,-99.8,-99.8,-99.8,-99.8,-999.6,-99.8,-99.8,-99.8,-99.8,-99.8,-99.8,-99.8
2022-06-27 16:00:00,-99.8,-99.8,-99.8,-99.8,-99.8,-99.8,-99.8,-999.6,-99.8,-99.8,-99.8,-99.8,-99.8,-99.8,-99.8
2022-06-27 17:00:00,-99.8,-99.8,-99.8,-99.8,-99.8,-99.8,-99.8,-999.6,-99.8,-99.8,-99.8,-99.8,-99.8,-99.8,-99.8
2022-06-27 18:00:00,-99.8,-99.8,-99.8,-99.8,-99.8,-99.8,-99.8,-999.6,-99.8,-99.8,-99.8,-99.8,-99.8,-99.8,-99.8
2022-06-27 19:00:00,-99.8,-99.8,-99.8,-99.8,-99.8,-99.8,-99.8,-999.6,-99.8,-99.8,-99.8,-99.8,-99.8,-99.8,-99.8
2022-06-27 20:00:00,-99.8,-99.8,-99.8,-99.8,-99.8,-99.8,-99.8,-999.6,-99.8,-99.8,-99.8,-99.8,-99.8,-99.8,-99.8
2022-06-27 21:00:00,-99.8,-99.8,-99.8,-99.8,-99.8,-99.8,-99.8,-999.6,-99.8,-99.8,-99.8,-99.8,-99.8,-99.8,-99.8
2022-06-27 22:00:00,-99.8,-99.8,-99.8,-99.8,-99.8,-99.8,-99.8,-999.6,-99.8,-99.8,-99.8,-99.8,-99.8,-99.8,-99.8
2022-06-27 23:00:00,-99.8,-99.8,-99.8,-99.8,-99.8,-99.8,-99.8,-999.6,-99.8,-99.8,-99.8,-99.8,-99.8,-99.8,-99.8
2022-06-28 00:00:00,-99.8,-99.8,-99.8,-99.8,-99.8,-99.8,-99.8,-999.6,-99.8,-99.8,-99.8,-99.8,-99.8,-99.8,-99.8
2022-06-28 01:00:00,-99.8,-99.8,-99.8,-99.8,-99.8,-99.8,-99.8,-999.6,-99.8,-99.8,-99.8,-99.8,-99.8,-99.8,-99.8
2022-06-28 02:00:00,-99.8,-99.8,-99.8,-99.8,-99.8,-99.8,-99.8,-999.6,-99.8,-99.8,-99.8,-99.8,-99.8,-99.8,-99.8
2022-06-28 03:00:00,-99.8,-99.8,-99.8,-99.8,-99.8,-99.8,-99.8,-999.6,-99.8,-99.8,-99.8,-99.8,-99.8,-99.8,-99.8
2022-06-28 04:00:00,-99.8,-99.8,-99.8,-99.8,-99.8,-99.8,-99.8,-999.6,-99.8,-99.8,-99.8,-99.8,-99.8,-99.8,-99.8
2022-06-28 05:00:00,-99.8,-99.8,-99.8,-99.8,-99.8,-99.8,-99.8,-999.6,-99.8,-99.8,-99.8,-99.8,-99.8,-99.8,-99.8
2022-06-28 06:00:00,-99.8,-99.8,-99.8,-99.8,-99.8,-99.8,-99.8,-999.6,-99.8,-99.8,-99.8,-99.8,-99.8,-99.8,-99.8
2022-06-28 07:00:00,-99.8,-99.8,-99.8,-99.8,-99.8,-99.8,-99.8,-999.6,-99.8,-99.8,-99.8,-99.8,-99.8,-99.8,-99.8
2022-06-28 08:00:00,-99.8,-99.8,-99.8,-99.8,-99.8,-99.8,-99.8,-999.6,-99.8,-99.8,-99.8,-99.8,-99.8,-99.8,-99.8
2022-06-28 09:00:00,-99.8,-99.8,-99.8,-99.8,-99.8,-99.8,-99.8,-999.6,-99.8,-99.8,-99.8,-99.8,-99.8,-99.8,-99.8
2022-06-28 10:00:00,-99.8,-99.8,-99.8,-99.8,-99.8,-99.8,-99.8,-999.6,-99.8,-99.8,-99.8,-99.8,-99.8,-99.8,-99.8
2022-06-28 11:00:00,-99.8,-99.8,-99.8,-99.8,-99.8,-99.8,-99.8,-999.6,-99.8,-99.8,-99.8,-99.8,-99.8,-99.8,-99.8
2022-06-28 12:00:00,-99.8,-99.8,-99.8,-99.8,-99.8,-99.8,-99.8,-999.6,-99.8,-99.8,-99.8,-99.8,-99.8,-99.8,-99.8
2022-06-28 13:00:00,-99.8,-99.8,-99.8,-99.8,-99.8,-99.8,-99.8,-999.6,-99.8,-99.8,-99.8,-99.8,-99.8,-99.8,-99.8
2022-06-28 14:00:00,-99.8,-99.8,-99.8,-99.8,-99.8,-99.8,-99.8,-999.6,-99.8,-99.8,-99.8,-99.8,-99.8,-99.8,-99.8
2022-06-28 15:00:00,-99.8,-99.8,-99.8,-99.8,-99.8,-99.8,-99.8,-999.6,-99.8,-99.8,-99.8,-99.8,-99.8,-99.8,-99.8
2022-06-28 16:00:00,-99.8,-99.8,-99.8,-99.8,-99.8,-99.8,-99.8,-999.6,-99.8,-99.8,-99.8,-99.8,-99.8,-99.8,-99.8
2022-06-28 17:00:00,-99.8,-99.8,-99.8,-99.8,-99.8,-99.8,-99.8,-999.6,-99.8,-99.8,-99.8,-99.8,-99.8,-99.8,-99.8
2022-06-28 18:00:00,-99.8,-99.8,-99.8,-99.8,-99.8,-99.8,-99.8,-999.6,-99.8,-99.8,-99.8,-99.8,-99.8,-99.8,-99.8
2022-06-28 19:00:00,-99.8,-99.8,-99.8,-99.8,-99.8,-99.8,-99.8,-999.6,-99.8,-99.8,-99.8,-99.8,-99.8,-99.8,-99.8
2022-06-28 20:00:00,-99.8,-99.8,-99.8,-99.8,-99.8,-99.8,-99.8,-999.6,-99.8,-99.8,-99.8,-99.8,-99.8,-99.8,-99.8
2022-06-28 21:00:00,-99.8,-99.8,-99.8,-99.8,-99.8,-99.8,-99.8,-999.6,-99.8,-99.8,-99.8,-99.8,-99.8,-99.8,-99.8
2022-06-28 22:00:00,-99.8,-99.8,-99.8,-99.8,-99.8,-99.8,-99.8,-999.6,-99.8,-99.8,-99.8,-99.8,-99.8,-99.8,-99.8
2022-06-28 23:00:00,-99.8,-99.8,-99.8,-99.8,-99.8,-99.8,-99.8,-999.6,-99.8,-99.8,-99.8,-99.8,-99.8,-99.8,-99.8
2022-06-29 00:00:00,-99.8,-99.8,-99.8,-99.8,-99.8,-99.8,-99.8,-999.6,-99.8,-99.8,-99.8,-99.8,-99.8,-99.8,-99.8
2022-06-29 01:00:00,-99.8,-99.8,-99.8,-99.8,-99.8,-99.8,-99.8,-999.6,-99.8,-99.8,-99.8,-99.8,-99.8,-99.8,-99.8
2022-06-29 02:00:00,-99.8,-99.8,-99.8,-99.8,-99.8,-99.8,-99.8,-999.6,-99.8,-99.8,-99.8,-99.8,-99.8,-99.8,-99.8
2022-06-29 03:00:00,-99.8,-99.8,-99.8,-99.8,-99.8,-99.8,-99.8,-999.6,-99.8,-99.8,-99.8,-99.8,-99.8,-99.8,-99.8
2022-06-29 04:00:00,-99.8,-99.8,-99.8,-99.8,-99.8,-99.8,-99.8,-999.6,-99.8,-99.8,-99.8,-99.8,-99.8,-99.8,-99.8
2022-06-29 05:00:00,-99.8,-99.8,-99.8,-99.8,-99.8,-99.8,-99.8,-999.6,-99.8,-99.8,-99.8,-99.8,-99.8,-99.8,-99.8
2022-06-29 06:00:00,-99.8,-99.8,-99.8,-99.8,-99.8,-99.8,-99.8,-999.6,-99.8,-99.8,-99.8,-99.8,-99.8,-99.8,-99.8
2022-06-29 07:00:00,-99.8,-99.8,-99.8,-99.8,-99.8,-99.8,-99.8,-999.6,-99.8,-99.8,-99.8,-99.8,-99.8,-99.8,-99.8
2022-06-29 08:00:00,-99.8,-99.8,-99.8,-99.8,-99.8,-99.8,-99.8,-999.6,-99.8,-99.8,-99.8,-99.8,-99.8,-99.8,-99.8
2022-06-29 09:00:00,-99.8,-99.8,-99.8,-99.8,-99.8,-99.8,-99.8,-999.6,-99.8,-99.8,-99.8,-99.8,-99.8,-99.8,-99.8
2022-06-29 10:00:00,-99.8,-99.8,-99.8,-99.8,-99.8,-99.8,-99.8,-999.6,-99.8,-99.8,-99.8,-99.8,-99.8,-99.8,-99.8
2022-06-29 11:00:00,-99.8,-99.8,-99.8,-99.8,-99.8,-99.8,-99.8,-999.6,-99.8,-99.8,-99.8,-99.8,-99.8,-99.8,-99.8
2022-06-29 12:00:00,-99.8,-99.8,-99.8,-99.8,-99.8,-99.8,-99.8,-999.6,-99.8,-99.8,-99.8,-99.8,-99.8,-99.8,-99.8
2022-06-29 13:00:00,-99.8,-99.8,-99.8,-99.8,-99.8,-99.8,-99.8,-999.6,-99.8,-99.8,-99.8,-99.8,-99.8,-99.8,-99.8
2022-06-29 14:00:00,-99.8,-99.8,-99.8,-99.8,-99.8,-99.8,-99.8,-999.6,-99.8,-99.8,-99.8,-99.8,-99.8,-99.8,-99.8
2022-06-29 15:00:00,-99.8,-99.8,-99.8,-99.8,-99.8,-99.8,-99.8,-999.6,-99.8,-99.8,-99.8,-99.8,-99.8,-99.8,-99.8
2022-06-29 16:00:00,-99.8,-99.8,-99.8,-99.8,-99.8,-99.8,-99.8,-999.6,-99.8,-99.8,-99.8,-99.8,-99.8,-99.8,-99.8
2022-06-29 17:00:00,-99.8,-99.8,-99.8,-99.8,-99.8,-99.8,-99.8,-999.6,-99.8,-99.8,-99.8,-99.8,-99.8,-99.8,-99.8
2022-06-29 18:00:00,-99.8,-99.8,-99.8,-99.8,-99.8,-99.8,-99.8,-999.6,-99.8,-99.8,-99.8,-99.8,-99.8,-99.8,-99.8
2022-06-29 19:00:00,-99.8,-99.8,-99.8,-99.8,-99.8,-99.8,-99.8,-999.6,-99.8,-99.8,-99.8,-99.8,-99.8,-99.8,-99.8
2022-06-29 20:00:00,-99.8,-99.8,-99.8,-99.8,-99.8,-99.8,-99.8,-999.6,-99.8,-99.8,-99.8,-99.8,-99.8,-99.8,-99.8
2022-06-29 21:00:00,-99.8,-99.8,-99.8,-99.8,-99.8,-99.8,-99.8,-999.6,-99.8,-99.8,-99.8,-99.8,-99.8,-99.8,-99.8
2022-06-29 22:00:00,-99.8,-99.8,-99.8,-99.8,-99.8,-99.8,-99.8,-999.6,-99.8,-99.8,-99.8,-99.8,-99.8,-99.8,-99.8
2022-06-29 23:00:00,-99.8,-99.8,-99.8,-99.8,-99.8,-99.8,-99.8,-999.6,-99.8,-99.8,-99.8,-99.8,-99.8,-99.8,-99.8
2022-06-30 00:00:00,-99.8,-99.8,-99.8,-99.8,-99.8,-99.8,-99.8,-999.6,-99.8,-99.8,-99.8,-99.8,-99.8,-99.8,-99.8
2022-06-30 01:00:00,-99.8,-99.8,-99.8,-99.8,-99.8,-99.8,-99.8,-999.6,-99.8,-99.8,-99.8,-99.8,-99.8,-99.8,-99.8
2022-06-30 02:00:00,-99.8,-99.8,-99.8,-99.8,-99.8,-99.8,-99.8,-999.6,-99.8,-99.8,-99.8,-99.8,-99.8,-99.8,-99.8
2022-06-30 03:00:00,-99.8,-99.8,-99.8,-99.8,-99.8,-99.8,-99.8,-999.6,-99.8,-99.8,-99.8,-99.8,-99.8,-99.8,-99.8
2022-06-30 04:00:00,-99.8,-99.8,-99.8,-99.8,-99.8,-99.8,-99.8,-999.6,-99.8,-99.8,-99.8,-99.8,-99.8,-99.8,-99.8
2022-06-30 05:00:00,-99.8,-99.8,-99.8,-99.8,-99.8,-99.8,-99.8,-999.6,-99.8,-99.8,-99.8,-99.8,-99.8,-99.8,-99.8
2022-06-30 06:00:00,-99.8,-99.8,-99.8,-99.8,-99.8,-99.8,-99.8,-999.6,-99.8,-99.8,-99.8,-99.8,-99.8,-99.8,-99.8
2022-06-30 07:00:00,-99.8,-99.8,-99.8,-99.8,-99.8,-99.8,-99.8,-999.6,-99.8,-99.8,-99.8,-99.8,-99.8,-99.8,-99.8
2022-06-30 08:00:00,-99.8,-99.8,-99.8,-99.8,-99.8,-99.8,-99.8,-999.6,-99.8,-99.8,-99.8,-99.8,-99.8,-99.8,-99.8
2022-06-30 09:00:00,-99.8,-99.8,-99.8,-99.8,-99.8,-99.8,-99.8,-999.6,-99.8,-99.8,-99.8,-99.8,-99.8,-99.8,-99.8
2022-06-30 10:00:00,-99.8,-99.8,-99.8,-99.8,-99.8,-99.8,-99.8,-999.6,-99.8,-99.8,-99.8,-99.8,-99.8,-99.8,-99.8
2022-06-30 11:00:00,-99.8,-99.8,-99.8,-99.8,-99.8,-99.8,-99.8,-999.6,-99.8,-99.8,-99.8,-99.8,-99.8,-99.8,-99.8
2022-06-30 12:00:00,-99.8,-99.8,-99.8,-99.8,-99.8,-99.8,-99.8,-999.6,-99.8,-99.8,-99.8,-99.8,-99.8,-99.8,-99.8
2022-06-30 13:00:00,-99.8,-99.8,-99.8,-99.8,-99.8,-99.8,-99.8,-999.6,-99.8,-99.8,-99.8,-99.8,-99.8,-99.8,-99.8
2022-06-30 14:00:00,-99.8,-99.8,-99.8,-99.8,-99.8,-99.8,-99.8,-999.6,-99.8,-99.8,-99.8,-99.8,-99.8,-99.8,-99.8
2022-06-30 15:00:00,-99.8,-99.8,-99.8,-99.8,-99.8,-99.8,-99.8,-999.6,-99.8,-99.8,-99.8,-99.8,-99.8,-99.8,-99.8
2022-06-30 16:00:00,-99.8,-99.8,-99.8,-99.8,-99.8,-99.8,-99.8,-999.6,-99.8,-99.8,-99.8,-99.8,-99.8,-99.8,-99.8
2022-06-30 17:00:00,-99.8,-99.8,-99.8,-99.8,-99.8,-99.8,-99.8,-999.6,-99.8,-99.8,-99.8,-99.8,-99.8,-99.8,-99.8
2022-06-30 18:00:00,-99.8,-99.8,-99.8,-99.8,-99.8,-99.8,-99.8,-999.6,-99.8,-99.8,-99.8,-99.8,-99.8,-99.8,-99.8
2022-06-30 19:00:00,-99.8,-99.8,-99.8,-99.8,-99.8,-99.8,-99.8,-999.6,-99.8,-99.8,-99.8,-99.8,-99.8,-99.8,-99.8
2022-06-30 20:00:00,-99.8,-99.8,-99.8,-99.8,-99.8,-99.8,-99.8,-999.6,-99.8,-99.8,-99.8,-99.8,-99.8,-99.8,-99.8
2022-06-30 21:00:00,-99.8,-99.8,-99.8,-99.8,-99.8,-99.8,-99.8,-999.6,-99.8,-99.8,-99.8,-99.8,-99.8,-99.8,-99.8
2022-06-30 22:00:00,-99.8,-99.8,-99.8,-99.8,-99.8,-99.8,-99.8,-999.6,-99.8,-99.8,-99.8,-99.8,-99.8,-99.8,-99.8
2022-06-30 23:00:00,-99.8,-99.8,-99.8,-99.8,-99.8,-99.8,-99.8,-999.6,-99.8,-99.8,-99.8,-99.8,-99.8,-99.8,-99.8
2022-07-01 00:00:00,-99.8,-99.8,-99.8,-99.8,-99.8,-99.8,-99.8,-999.6,-99.8,-99.8,-99.8,-99.8,-99.8,-99.8,-99.8
2022-07-01 01:00:00,-99.8,-99.8,-99.8,-99.8,-99.8,-99.8,-99.8,-999.6,-99.8,-99.8,-99.8,-99.8,-99.8,-99.8,-99.8
2022-07-01 02:00:00,-99.8,-99.8,-99.8,-99.8,-99.8,-99.8,-99.8,-999.6,-99.8,-99.8,-99.8,-99.8,-99.8,-99.8,-99.8
2022-07-01 03:00:00,-99.8,-99.8,-99.8,-99.8,-99.8,-99.8,-99.8,-999.6,-99.8,-99.8,-99.8,-99.8,-99.8,-99.8,-99.8
2022-07-01 04:00:00,-99.8,-99.8,-99.8,-99.8,-99.8,-99.8,-99.8,-999.6,-99.8,-99.8,-99.8,-99.8,-99.8,-99.8,-99.8
2022-07-01 05:00:00,-99.8,-99.8,-99.8,-99.8,-99.8,-99.8,-99.8,-999.6,-99.8,-99.8,-99.8,-99.8,-99.8,-99.8,-99.8
2022-07-01 06:00:00,-99.8,-99.8,-99.8,-99.8,-99.8,-99.8,-99.8,-999.6,-99.8,-99.8,-99.8,-99.8,-99.8,-99.8,-99.8
2022-07-01 07:00:00,-99.8,-99.8,-99.8,-99.8,-99.8,-99.8,-99.8,-999.6,-99.8,-99.8,-99.8,-99.8,-99.8,-99.8,-99.8
2022-07-01 08:00:00,-99.8,-99.8,-99.8,-99.8,-99.8,-99.8,-99.8,-999.6,-99.8,-99.8,-99.8,-99.8,-99.8,-99.8,-99.8
2022-07-01 09:00:00,-99.8,-99.8,-99.8,-99.8,-99.8,-99.8,-99.8,-999.6,-99.8,-99.8,-99.8,-99.8,-99.8,-99.8,-99.8
2022-07-01 10:00:00,-99.8,-99.8,-99.8,-99.8,-99.8,-99.8,-99.8,-999.6,-99.8,-99.8,-99.8,-99.8,-99.8,-99.8,-99.8
2022-07-01 11:00:00,-99.8,-99.8,-99.8,-99.8,-99.8,-99.8,-99.8,-999.6,-99.8,-99.8,-99.8,-99.8,-99.8,-99.8,-99.8
2022-07-01 12:00:00,-99.8,-99.8,-99.8,-99.8,-99.8,-99.8,-99.8,-999.6,-99.8,-99.8,-99.8,-99.8,-99.8,-99.8,-99.8
2022-07-01 13:00:00,-99.8,-99.8,-99.8,-99.8,-99.8,-99.8,-99.8,-999.6,-99.8,-99.8,-99.8,-99.8,-99.8,-99.8,-99.8
2022-07-01 14:00:00,-99.8,-99.8,-99.8,-99.8,-99.8,-99.8,-99.8,-999.6,-99.8,-99.8,-99.8,-99.8,-99.8,-99.8,-99.8
2022-07-01 15:00:00,-99.8,-99.8,-99.8,-99.8,-99.8,-99.8,-99.8,-999.6,-99.8,-99.8,-99.8,-99.8,-99.8,-99.8,-99.8
2022-07-01 16:00:00,-99.8,-99.8,-99.8,-99.8,-99.8,-99.8,-99.8,-999.6,-99.8,-99.8,-99.8,-99.8,-99.8,-99.8,-99.8
2022-07-01 17:00:00,-99.8,-99.8,-99.8,-99.8,-99.8,-99.8,-99.8,-999.6,-99.8,-99.8,-99.8,-99.8,-99.8,-99.8,-99.8
2022-07-01 18:00:00,-99.8,-99.8,-99.8,-99.8,-99.8,-99.8,-99.8,-999.6,-99.8,-99.8,-99.8,-99.8,-99.8,-99.8,-99.8
2022-07-01 19:00:00,-99.8,-99.8,-99.8,-99.8,-99.8,-99.8,-99.8,-999.6,-99.8,-99.8,-99.8,-99.8,-99.8,-99.8,-99.8
2022-07-01 20:00:00,-99.8,-99.8,-99.8,-99.8,-99.8,-99.8,-99.8,-999.6,-99.8,-99.8,-99.8,-99.8,-99.8,-99.8,-99.8
2022-07-01 21:00:00,-99.8,-99.8,-99.8,-99.8,-99.8,-99.8,-99.8,-999.6,-99.8,-99.8,-99.8,-99.8,-99.8,-99.8,-99.8
2022-07-01 22:00:00,-99.8,-99.8,-99.8,-99.8,-99.8,-99.8,-99.8,-999.6,-99.8,-99.8,-99.8,-99.8,-99.8,-99.8,-99.8
2022-07-01 23:00:00,-99.8,-99.8,-99.8,-99.8,-99.8,-99.8,-99.8,-999.6,-99.8,-99.8,-99.8,-99.8,-99.8,-99.8,-99.8
2022-07-02 00:00:00,-99.8,-99.8,-99.8,-99.8,-99.8,-99.8,-99.8,-999.6,-99.8,-99.8,-99.8,-99.8,-99.8,-99.8,-99.8
2022-07-02 01:00:00,-99.8,-99.8,-99.8,-99.8,-99.8,-99.8,-99.8,-999.6,-99.8,-99.8,-99.8,-99.8,-99.8,-99.8,-99.8
2022-07-02 02:00:00,-99.8,-99.8,-99.8,-99.8,-99.8,-99.8,-99.8,-999.6,-99.8,-99.8,-99.8,-99.8,-99.8,-99.8,-99.8
2022-07-02 03:00:00,-99.8,-99.8,-99.8,-99.8,-99.8,-99.8,-99.8,-999.6,-99.8,-99.8,-99.8,-99.8,-99.8,-99.8,-99.8
2022-07-02 04:00:00,-99.8,-99.8,-99.8,-99.8,-99.8,-99.8,-99.8,-999.6,-99.8,-99.8,-99.8,-99.8,-99.8,-99.8,-99.8
2022-07-02 05:00:00,-99.8,-99.8,-99.8,-99.8,-99.8,-99.8,-99.8,-999.6,-99.8,-99.8,-99.8,-99.8,-99.8,-99.8,-99.8
2022-07-02 06:00:00,-99.8,-99.8,-99.8,-99.8,-99.8,-99.8,-99.8,-999.6,-99.8,-99.8,-99.8,-99.8,-99.8,-99.8,-99.8
2022-07-02 07:00:00,-99.8,-99.8,-99.8,-99.8,-99.8,-99.8,-99.8,-999.6,-99.8,-99.8,-99.8,-99.8,-99.8,-99.8,-99.8
2022-07-02 08:00:00,-99.8,-99.8,-99.8,-99.8,-99.8,-99.8,-99.8,-999.6,-99.8,-99.8,-99.8,-99.8,-99.8,-99.8,-99.8
2022-07-02 09:00:00,-99.8,-99.8,-99.8,-99.8,-99.8,-99.8,-99.8,-999.6,-99.8,-99.8,-99.8,-99.8,-99.8,-99.8,-99.8
2022-07-02 10:00:00,-99.8,-99.8,-99.8,-99.8,-99.8,-99.8,-99.8,-999.6,-99.8,-99.8,-99.8,-99.8,-99.8,-99.8,-99.8
2022-07-02 11:00:00,-99.8,-99.8,-99.8,-99.8,-99.8,-99.8,-99.8,-999.6,-99.8,-99.8,-99.8,-99.8,-99.8,-99.8,-99.8
2022-07-02 12:00:00,-99.8,-99.8,-99.8,-99.8,-99.8,-99.8,-99.8,-999.6,-99.8,-99.8,-99.8,-99.8,-99.8,-99.8,-99.8
2022-07-02 13:00:00,-99.8,-99.8,-99.8,-99.8,-99.8,-99.8,-99.8,-999.6,-99.8,-99.8,-99.8,-99.8,-99.8,-99.8,-99.8
2022-07-02 14:00:00,-99.8,-99.8,-99.8,-99.8,-99.8,-99.8,-99.8,-999.6,-99.8,-99.8,-99.8,-99.8,-99.8,-99.8,-99.8
2022-07-02 15:00:00,-99.8,-99.8,-99.8,-99.8,-99.8,-99.8,-99.8,-999.6,-99.8,-99.8,-99.8,-99.8,-99.8,-99.8,-99.8
2022-07-02 16:00:00,-99.8,-99.8,-99.8,-99.8,-99.8,-99.8,-99.8,-999.6,-99.8,-99.8,-99.8,-99.8,-99.8,-99.8,-99.8
2022-07-02 17:00:00,-99.8,-99.8,-99.8,-99.8,-99.8,-99.8,-99.8,-999.6,-99.8,-99.8,-99.8,-99.8,-99.8,-99.8,-99.8
2022-07-02 18:00:00,-99.8,-99.8,-99.8,-99.8,-99.8,-99.8,-99.8,-999.6,-99.8,-99.8,-99.8,-99.8,-99.8,-99.8,-99.8
2022-07-02 19:00:00,-99.8,-99.8,-99.8,-99.8,-99.8,-99.8,-99.8,-999.6,-99.8,-99.8,-99.8,-99.8,-99.8,-99.8,-99.8
2022-07-02 20:00:00,-99.8,-99.8,-99.8,-99.8,-99.8,-99.8,-99.8,-999.6,-99.8,-99.8,-99.8,-99.8,-99.8,-99.8,-99.8
2022-07-02 21:00:00,-99.8,-99.8,-99.8,-99.8,-99.8,-99.8,-99.8,-999.6,-99.8,-99.8,-99.8,-99.8,-99.8,-99.8,-99.8
2022-07-02 22:00:00,-99.8,-99.8,-99.8,-99.8,-99.8,-99.8,-99.8,-999.6,-99.8,-99.8,-99.8,-99.8,-99.8,-99.8,-99.8
2022-07-02 23:00:00,-99.8,-99.8,-99.8,-99.8,-99.8,-99.8,-99.8,-999.6,-99.8,-99.8,-99.8,-99.8,-99.8,-99.8,-99.8
2022-07-03 00:00:00,-99.8,-99.8,-99.8,-99.8,-99.8,-99.8,-99.8,-999.6,-99.8,-99.8,-99.8,-99.8,-99.8,-99.8,-99.8
2022-07-03 01:00:00,-99.8,-99.8,-99.8,-99.8,-99.8,-99.8,-99.8,-999.6,-99.8,-99.8,-99.8,-99.8,-99.8,-99.8,-99.8
2022-07-03 02:00:00,-99.8,-99.8,-99.8,-99.8,-99.8,-99.8,-99.8,-999.6,-99.8,-99.8,-99.8,-99.8,-99.8,-99.8,-99.8
2022-07-03 03:00:00,-99.8,-99.8,-99.8,-99.8,-99.8,-99.8,-99.8,-999.6,-99.8,-99.8,-99.8,-99.8,-99.8,-99.8,-99.8
2022-07-03 04:00:00,-99.8,-99.8,-99.8,-99.8,-99.8,-99.8,-99.8,-999.6,-99.8,-99.8,-99.8,-99.8,-99.8,-99.8,-99.8
2022-07-03 05:00:00,-99.8,-99.8,-99.8,-99.8,-99.8,-99.8,-99.8,-999.6,-99.8,-99.8,-99.8,-99.8,-99.8,-99.8,-99.8
2022-07-03 06:00:00,-99.8,-99.8,-99.8,-99.8,-99.8,-99.8,-99.8,-999.6,-99.8,-99.8,-99.8,-99.8,-99.8,-99.8,-99.8
2022-07-03 07:00:00,-99.8,-99.8,-99.8,-99.8,-99.8,-99.8,-99.8,-999.6,-99.8,-99.8,-99.8,-99.8,-99.8,-99.8,-99.8
2022-07-03 08:00:00,-99.8,-99.8,-99.8,-99.8,-99.8,-99.8,-99.8,-999.6,-99.8,-99.8,-99.8,-99.8,-99.8,-99.8,-99.8
2022-07-03 09:00:00,-99.8,-99.8,-99.8,-99.8,-99.8,-99.8,-99.8,-999.6,-99.8,-99.8,-99.8,-99.8,-99.8,-99.8,-99.8
2022-07-03 10:00:00,-99.8,-99.8,-99.8,-99.8,-99.8,-99.8,-99.8,-999.6,-99.8,-99.8,-99.8,-99.8,-99.8,-99.8,-99.8
2022-07-03 11:00:00,-99.8,-99.8,-99.8,-99.8,-99.8,-99.8,-99.8,-999.6,-99.8,-99.8,-99.8,-99.8,-99.8,-99.8,-99.8
2022-07-03 12:00:00,-99.8,-99.8,-99.8,-99.8,-99.8,-99.8,-99.8,-999.6,-99.8,-99.8,-99.8,-99.8,-99.8,-99.8,-99.8
2022-07-03 13:00:00,-99.8,-99.8,-99.8,-99.8,-99.8,-99.8,-99.8,-999.6,-99.8,-99.8,-99.8,-99.8,-99.8,-99.8,-99.8
2022-07-03 14:00:00,-99.8,-99.8,-99.8,-99.8,-99.8,-99.8,-99.8,-999.6,-99.8,-99.8,-99.8,-99.8,-99.8,-99.8,-99.8
2022-07-03 15:00:00,-99.8,-99.8,-99.8,-99.8,-99.8,-99.8,-99.8,-999.6,-99.8,-99.8,-99.8,-99.8,-99.8,-99.8,-99.8
2022-07-03 16:00:00,-99.8,-99.8,-99.8,-99.8,-99.8,-99.8,-99.8,-999.6,-99.8,-99.8,-99.8,-99.8,-99.8,-99.8,-99.8
2022-07-03 17:00:00,-99.8,-99.8,-99.8,-99.8,-99.8,-99.8,-99.8,-999.6,-99.8,-99.8,-99.8,-99.8,-99.8,-99.8,-99.8
2022-07-03 18:00:00,-99.8,-99.8,-99.8,-99.8,-99.8,-99.8,-99.8,-999.6,-99.8,-99.8,-99.8,-99.8,-99.8,-99.8,-99.8
2022-07-03 19:00:00,-99.8,-99.8,-99.8,-99.8,-99.8,-99.8,-99.8,-999.6,-99.8,-99.8,-99.8,-99.8,-99.8,-99.8,-99.8
2022-07-03 20:00:00,-99.8,-99.8,-99.8,-99.8,-99.8,-99.8,-99.8,-999.6,-99.8,-99.8,-99.8,-99.8,-99.8,-99.8,-99.8
2022-07-03 21:00:00,-99.8,-99.8,-99.8,-99.8,-99.8,-99.8,-99.8,-999.6,-99.8,-99.8,-99.8,-99.8,-99.8,-99.8,-99.8
2022-07-03 22:00:00,-99.8,-99.8,-99.8,-99.8,-99.8,-99.8,-99.8,-999.6,-99.8,-99.8,-99.8,-99.8,-99.8,-99.8,-99.8
2022-07-03 23:00:00,-99.8,-99.8,-99.8,-99.8,-99.8,-99.8,-99.8,-999.6,-99.8,-99.8,-99.8,-99.8,-99.8,-99.8,-99.8
2022-07-04 00:00:00,-99.8,-99.8,-99.8,-99.8,-99.8,-99.8,-99.8,-999.6,-99.8,-99.8,-99.8,-99.8,-99.8,-99.8,-99.8
2022-07-04 01:00:00,-99.8,-99.8,-99.8,-99.8,-99.8,-99.8,-99.8,-999.6,-99.8,-99.8,-99.8,-99.8,-99.8,-99.8,-99.8
2022-07-04 02:00:00,-99.8,-99.8,-99.8,-99.8,-99.8,-99.8,-99.8,-999.6,-99.8,-99.8,-99.8,-99.8,-99.8,-99.8,-99.8
2022-07-04 03:00:00,-99.8,-99.8,-99.8,-99.8,-99.8,-99.8,-99.8,-999.6,-99.8,-99.8,-99.8,-99.8,-99.8,-99.8,-99.8
2022-07-04 04:00:00,-99.8,-99.8,-99.8,-99.8,-99.8,-99.8,-99.8,-999.6,-99.8,-99.8,-99.8,-99.8,-99.8,-99.8,-99.8
2022-07-04 05:00:00,-99.8,-99.8,-99.8,-99.8,-99.8,-99.8,-99.8,-999.6,-99.8,-99.8,-99.8,-99.8,-99.8,-99.8,-99.8
2022-07-04 06:00:00,-99.8,-99.8,-99.8,-99.8,-99.8,-99.8,-99.8,-999.6,-99.8,-99.8,-99.8,-99.8,-99.8,-99.8,-99.8
2022-07-04 07:00:00,-99.8,-99.8,-99.8,-99.8,-99.8,-99.8,-99.8,-999.6,-99.8,-99.8,-99.8,-99.8,-99.8,-99.8,-99.8
2022-07-04 08:00:00,-99.8,-99.8,-99.8,-99.8,-99.8,-99.8,-99.8,-999.6,-99.8,-99.8,-99.8,-99.8,-99.8,-99.8,-99.8
2022-07-04 09:00:00,-99.8,-99.8,-99.8,-99.8,-99.8,-99.8,-99.8,-999.6,-99.8,-99.8,-99.8,-99.8,-99.8,-99.8,-99.8
2022-07-04 10:00:00,-99.8,-99.8,-99.8,-99.8,-99.8,-99.8,-99.8,-999.6,-99.8,-99.8,-99.8,-99.8,-99.8,-99.8,-99.8
2022-07-04 11:00:00,-99.8,-99.8,-99.8,-99.8,-99.8,-99.8,-99.8,-999.6,-99.8,-99.8,-99.8,-99.8,-99.8,-99.8,-99.8
2022-07-04 12:00:00,-99.8,-99.8,-99.8,-99.8,-99.8,-99.8,-99.8,-999.6,-99.8,-99.8,-99.8,-99.8,-99.8,-99.8,-99.8
2022-07-04 13:00:00,-99.8,-99.8,-99.8,-99.8,-99.8,-99.8,-99.8,-999.6,-99.8,-99.8,-99.8,-99.8,-99.8,-99.8,-99.8
2022-07-04 14:00:00,-99.8,-99.8,-99.8,-99.8,-99.8,-99.8,-99.8,-999.6,-99.8,-99.8,-99.8,-99.8,-99.8,-99.8,-99.8
2022-07-04 15:00:00,-99.8,-99.8,-99.8,-99.8,-99.8,-99.8,-99.8,-999.6,-99.8,-99.8,-99.8,-99.8,-99.8,-99.8,-99.8
2022-07-04 16:00:00,-99.8,-99.8,-99.8,-99.8,-99.8,-99.8,-99.8,-999.6,-99.8,-99.8,-99.8,-99.8,-99.8,-99.8,-99.8
2022-07-04 17:00:00,-99.8,-99.8,-99.8,-99.8,-99.8,-99.8,-99.8,-999.6,-99.8,-99.8,-99.8,-99.8,-99.8,-99.8,-99.8
2022-07-04 18:00:00,-99.8,-99.8,-99.8,-99.8,-99.8,-99.8,-99.8,-999.6,-99.8,-99.8,-99.8,-99.8,-99.8,-99.8,-99.8
2022-07-04 19:00:00,-99.8,-99.8,-99.8,-99.8,-99.8,-99.8,-99.8,-999.6,-99.8,-99.8,-99.8,-99.8,-99.8,-99.8,-99.8
2022-07-04 20:00:00,-99.8,-99.8,-99.8,-99.8,-99.8,-99.8,-99.8,-999.6,-99.8,-99.8,-99.8,-99.8,-99.8,-99.8,-99.8
2022-07-04 21:00:00,-99.8,-99.8,-99.8,-99.8,-99.8,-99.8,-99.8,-999.6,-99.8,-99.8,-99.8,-99.8,-99.8,-99.8,-99.8
2022-07-04 22:00:00,-99.8,-99.8,-99.8,-99.8,-99.8,-99.8,-99.8,-999.6,-99.8,-99.8,-99.8,-99.8,-99.8,-99.8,-99.8
2022-07-04 23:00:00,-99.8,-99.8,-99.8,-99.8,-99.8,-99.8,-99.8,-999.6,-99.8,-99.8,-99.8,-99.8,-99.8,-99.8,-99.8
2022-07-05 00:00:00,-99.8,-99.8,-99.8,-99.8,-99.8,-99.8,-99.8,-999.6,-99.8,-99.8,-99.8,-99.8,-99.8,-99.8,-99.8
2022-07-05 01:00:00,-9999.7,-99.7,-9997.0,-99.7,-999.7,-99.8,-99.8,-999.6,-99.8,-99.8,-99.8,-99.8,-99.8,-99.8,-99.8
2022-07-05 02:00:00,-9999.7,-99.7,-9997.0,-99.7,-999.7,-99.8,-99.8,-999.6,-99.8,-99.8,-99.8,-99.8,-99.8,-99.8,-99.8
2022-07-05 03:00:00,-9999.7,-99.7,-9997.0,-99.7,-999.7,-99.8,-99.8,-999.6,-99.8,-99.8,-99.8,-99.8,-99.8,-99.8,-99.8
2022-07-05 04:00:00,-9999.7,-99.7,-9997.0,-99.7,-999.7,-99.8,-99.8,-999.6,-99.8,-99.8,-99.8,-99.8,-99.8,-99.8,-99.8
2022-07-05 05:00:00,-9999.7,-99.7,-9997.0,-99.7,-999.7,-99.8,-99.8,-999.6,-99.8,-99.8,-99.8,-99.8,-99.8,-99.8,-99.8
2022-07-05 06:00:00,-9999.7,-99.7,-9997.0,-99.7,-999.7,-99.8,-99.8,-999.6,-99.8,-99.8,-99.8,-99.8,-99.8,-99.8,-99.8
2022-07-05 07:00:00,-9999.7,-99.7,-9997.0,-99.7,-999.7,-99.8,-99.8,-999.6,-99.8,-99.8,-99.8,-99.8,-99.8,-99.8,-99.8
2022-07-05 08:00:00,-9999.7,-99.7,-9997.0,-99.7,-999.7,-99.8,-99.8,-999.6,-99.8,-99.8,-99.8,-99.8,-99.8,-99.8,-99.8
2022-07-05 09:00:00,1004.4,27.9,88.0,-99.7,-999.7,-99.8,-99.8,0.0,-99.8,-99.8,-99.8,-99.8,-99.8,-99.8,-99.8
2022-07-05 10:00:00,1004.4,28.2,87.0,-99.7,-999.7,-99.8,-99.8,0.0,-99.8,-99.8,-99.8,-99.8,-99.8,-99.8,-99.8
2022-07-05 11:00:00,1004.5,28.9,85.0,-99.7,-999.7,-99.8,-99.8,0.0,-99.8,-99.8,-99.8,-99.8,-99.8,-99.8,-99.8
2022-07-05 12:00:00,1004.2,29.1,83.0,-99.7,-999.7,-99.8,-99.8,0.0,-99.8,-99.8,-99.8,-99.8,-99.8,-99.8,-99.8
2022-07-05 13:00:00,1003.8,28.9,85.0,-99.7,-999.7,-99.8,-99.8,0.0,-99.8,-99.8,-99.8,-99.8,-99.8,-99.8,-99.8
2022-07-05 14:00:00,1003.5,28.7,85.0,-99.7,-999.7,-99.8,-99.8,0.0,-99.8,-99.8,-99.8,-99.8,-99.8,-99.8,-99.8
2022-07-05 15:00:00,1003.5,29.1,81.0,-99.7,-999.7,-99.8,-99.8,0.0,-99.8,-99.8,-99.8,-99.8,-99.8,-99.8,-99.8
2022-07-05 16:00:00,1003.1,28.5,80.0,-99.7,-999.7,-99.8,-99.8,0.0,-99.8,-99.8,-99.8,-99.8,-99.8,-99.8,-99.8
2022-07-05 17:00:00,1003.1,27.7,82.0,-99.7,-999.7,-99.8,-99.8,0.0,-99.8,-99.8,-99.8,-99.8,-99.8,-99.8,-99.8
2022-07-05 18:00:00,1003.4,27.1,84.0,-99.7,-999.7,-99.8,-99.8,0.0,-99.8,-99.8,-99.8,-99.8,-99.8,-99.8,-99.8
2022-07-05 19:00:00,1003.3,27.1,89.0,-99.7,-999.7,-99.8,-99.8,0.0,-99.8,-99.8,-99.8,-99.8,-99.8,-99.8,-99.8
2022-07-05 20:00:00,1003.9,26.8,87.0,-99.7,-999.7,-99.8,-99.8,0.0,-99.8,-99.8,-99.8,-99.8,-99.8,-99.8,-99.8
2022-07-05 21:00:00,1004.7,26.8,87.0,-99.7,-999.7,-99.8,-99.8,0.0,-99.8,-99.8,-99.8,-99.8,-99.8,-99.8,-99.8
2022-07-05 22:00:00,1005.2,26.7,90.0,-99.7,-999.7,-99.8,-99.8,0.0,-99.8,-99.8,-99.8,-99.8,-99.8,-99.8,-99.8
2022-07-05 23:00:00,1005.3,26.3,92.0,-99.7,-999.7,-99.8,-99.8,0.0,-99.8,-99.8,-99.8,-99.8,-99.8,-99.8,-99.8
2022-07-06 00:00:00,1005.0,26.9,90.0,-99.7,-999.7,-99.8,-99.8,0.0,-99.8,-99.8,-99.8,-99.8,-99.8,-99.8,-99.8
2022-07-06 01:00:00,1004.7,26.9,91.0,-99.7,-999.7,-99.8,-99.8,0.0,-99.8,-99.8,-99.8,-99.8,-99.8,-99.8,-99.8
2022-07-06 02:00:00,1004.9,26.0,90.0,-99.7,-999.7,-99.8,-99.8,0.0,-99.8,-99.8,-99.8,-99.8,-99.8,-99.8,-99.8
2022-07-06 03:00:00,1004.7,25.2,93.0,-99.7,-999.7,-99.8,-99.8,0.0,-99.8,-99.8,-99.8,-99.8,-99.8,-99.8,-99.8
2022-07-06 04:00:00,1004.8,25.7,93.0,-99.7,-999.7,-99.8,-99.8,0.0,-99.8,-99.8,-99.8,-99.8,-99.8,-99.8,-99.8
2022-07-06 05:00:00,1005.4,25.5,94.0,-99.7,-999.7,-99.8,-99.8,0.0,-99.8,-99.8,-99.8,-99.8,-99.8,-99.8,-99.8
2022-07-06 06:00:00,1005.5,25.6,92.0,-99.7,-999.7,-99.8,-99.8,0.0,-99.8,-99.8,-99.8,-99.8,-99.8,-99.8,-99.8
2022-07-06 07:00:00,1006.0,25.9,91.0,-99.7,-999.7,-99.8,-99.8,0.0,-99.8,-99.8,-99.8,-99.8,-99.8,-99.8,-99.8
2022-07-06 08:00:00,1006.3,26.5,90.0,-99.7,-999.7,-99.8,-99.8,0.0,-99.8,-99.8,-99.8,-99.8,-99.8,-99.8,-99.8
2022-07-06 09:00:00,1006.2,26.0,92.0,-99.7,-999.7,-99.8,-99.8,0.0,-99.8,-99.8,-99.8,-99.8,-99.8,-99.8,-99.8
2022-07-06 10:00:00,1006.5,26.6,89.0,-99.7,-999.7,-99.8,-99.8,0.0,-99.8,-99.8,-99.8,-99.8,-99.8,-99.8,-99.8
2022-07-06 11:00:00,1006.4,27.4,87.0,-99.7,-999.7,-99.8,-99.8,0.0,-99.8,-99.8,-99.8,-99.8,-99.8,-99.8,-99.8
2022-07-06 12:00:00,1005.9,27.9,84.0,-99.7,-999.7,-99.8,-99.8,0.0,-99.8,-99.8,-99.8,-99.8,-99.8,-99.8,-99.8
2022-07-06 13:00:00,1005.7,28.7,80.0,-99.7,-999.7,-99.8,-99.8,0.0,-99.8,-99.8,-99.8,-99.8,-99.8,-99.8,-99.8
2022-07-06 14:00:00,1005.0,28.7,79.0,-99.7,-999.7,-99.8,-99.8,0.0,-99.8,-99.8,-99.8,-99.8,-99.8,-99.8,-99.8
2022-07-06 15:00:00,1004.9,28.5,81.0,-99.7,-999.7,-99.8,-99.8,0.0,-99.8,-99.8,-99.8,-99.8,-99.8,-99.8,-99.8
2022-07-06 16:00:00,1004.6,28.4,79.0,-99.7,-999.7,-99.8,-99.8,0.0,-99.8,-99.8,-99.8,-99.8,-99.8,-99.8,-99.8
2022-07-06 17:00:00,1004.9,28.1,82.0,-99.7,-999.7,-99.8,-99.8,0.0,-99.8,-99.8,-99.8,-99.8,-99.8,-99.8,-99.8
2022-07-06 18:00:00,1005.1,27.5,84.0,-99.7,-999.7,-99.8,-99.8,0.0,-99.8,-99.8,-99.8,-99.8,-99.8,-99.8,-99.8
2022-07-06 19:00:00,1005.9,27.2,85.0,-99.7,-999.7,-99.8,-99.8,0.0,-99.8,-99.8,-99.8,-99.8,-99.8,-99.8,-99.8
2022-07-06 20:00:00,1006.7,27.1,83.0,-99.7,-999.7,-99.8,-99.8,0.0,-99.8,-99.8,-99.8,-99.8,-99.8,-99.8,-99.8
2022-07-06 21:00:00,1006.8,26.7,87.0,-99.7,-999.7,-99.8,-99.8,0.0,-99.8,-99.8,-99.8,-99.8,-99.8,-99.8,-99.8
2022-07-06 22:00:00,1007.1,26.4,89.0,-99.7,-999.7,-99.8,-99.8,0.0,-99.8,-99.8,-99.8,-99.8,-99.8,-99.8,-99.8
2022-07-06 23:00:00,1007.3,26.4,89.0,-99.7,-999.7,-99.8,-99.8,0.0,-99.8,-99.8,-99.8,-99.8,-99.8,-99.8,-99.8
2022-07-07 00:00:00,1007.3,26.3,90.0,-99.7,-999.7,-99.8,-99.8,0.0,-99.8,-99.8,-99.8,-99.8,-99.8,-99.8,-99.8
2022-07-07 01:00:00,1007.3,26.2,90.0,-99.7,-999.7,-99.8,-99.8,0.0,-99.8,-99.8,-99.8,-99.8,-99.8,-99.8,-99.8
2022-07-07 02:00:00,1007.0,26.1,90.0,-99.7,-999.7,-99.8,-99.8,0.0,-99.8,-99.8,-99.8,-99.8,-99.8,-99.8,-99.8
2022-07-07 03:00:00,1007.2,26.0,92.0,-99.7,-999.7,-99.8,-99.8,0.0,-99.8,-99.8,-99.8,-99.8,-99.8,-99.8,-99.8
2022-07-07 04:00:00,1007.1,26.1,92.0,-99.7,-999.7,-99.8,-99.8,0.0,-99.8,-99.8,-99.8,-99.8,-99.8,-99.8,-99.8
2022-07-07 05:00:00,1007.2,26.1,91.0,-99.7,-999.7,-99.8,-99.8,0.0,-99.8,-99.8,-99.8,-99.8,-99.8,-99.8,-99.8
2022-07-07 06:00:00,1007.7,26.3,90.0,-99.7,-999.7,-99.8,-99.8,0.0,-99.8,-99.8,-99.8,-99.8,-99.8,-99.8,-99.8
2022-07-07 07:00:00,1007.9,26.6,89.0,-99.7,-999.7,-99.8,-99.8,0.0,-99.8,-99.8,-99.8,-99.8,-99.8,-99.8,-99.8
2022-07-07 08:00:00,1008.2,27.3,86.0,-99.7,-999.7,-99.8,-99.8,0.0,-99.8,-99.8,-99.8,-99.8,-99.8,-99.8,-99.8
2022-07-07 09:00:00,1008.5,27.7,84.0,-99.7,-999.7,-99.8,-99.8,0.0,-99.8,-99.8,-99.8,-99.8,-99.8,-99.8,-99.8
2022-07-07 10:00:00,1008.6,28.2,83.0,-99.7,-999.7,-99.8,-99.8,0.0,-99.8,-99.8,-99.8,-99.8,-99.8,-99.8,-99.8
2022-07-07 11:00:00,1008.5,28.8,83.0,-99.7,-999.7,-99.8,-99.8,0.0,-99.8,-99.8,-99.8,-99.8,-99.8,-99.8,-99.8
2022-07-07 12:00:00,1008.1,28.8,82.0,-99.7,-999.7,-99.8,-99.8,0.0,-99.8,-99.8,-99.8,-99.8,-99.8,-99.8,-99.8
2022-07-07 13:00:00,1007.6,28.9,83.0,-99.7,-999.7,-99.8,-99.8,0.0,-99.8,-99.8,-99.8,-99.8,-99.8,-99.8,-99.8
2022-07-07 14:00:00,1007.2,28.8,83.0,-99.7,-999.7,-99.8,-99.8,0.0,-99.8,-99.8,-99.8,-99.8,-99.8,-99.8,-99.8
2022-07-07 15:00:00,1006.6,28.6,85.0,-99.7,-999.7,-99.8,-99.8,0.0,-99.8,-99.8,-99.8,-99.8,-99.8,-99.8,-99.8
2022-07-07 16:00:00,1006.1,28.4,86.0,-99.7,-999.7,-99.8,-99.8,0.0,-99.8,-99.8,-99.8,-99.8,-99.8,-99.8,-99.8
2022-07-07 17:00:00,1006.3,28.4,86.0,-99.7,-999.7,-99.8,-99.8,0.0,-99.8,-99.8,-99.8,-99.8,-99.8,-99.8,-99.8
2022-07-07 18:00:00,1006.5,27.9,88.0,-99.7,-999.7,-99.8,-99.8,0.0,-99.8,-99.8,-99.8,-99.8,-99.8,-99.8,-99.8
2022-07-07 19:00:00,1006.9,27.5,89.0,-99.7,-999.7,-99.8,-99.8,0.0,-99.8,-99.8,-99.8,-99.8,-99.8,-99.8,-99.8
2022-07-07 20:00:00,1007.4,27.4,89.0,-99.7,-999.7,-99.8,-99.8,0.0,-99.8,-99.8,-99.8,-99.8,-99.8,-99.8,-99.8
2022-07-07 21:00:00,1007.7,27.5,87.0,-99.7,-999.7,-99.8,-99.8,0.0,-99.8,-99.8,-99.8,-99.8,-99.8,-99.8,-99.8
2022-07-07 22:00:00,1008.1,27.2,90.0,-99.7,-999.7,-99.8,-99.8,0.0,-99.8,-99.8,-99.8,-99.8,-99.8,-99.8,-99.8
2022-07-07 23:00:00,1008.1,27.0,92.0,-99.7,-999.7,-99.8,-99.8,0.0,-99.8,-99.8,-99.8,-99.8,-99.8,-99.8,-99.8
2022-07-08 00:00:00,1007.9,26.9,91.0,-99.7,-999.7,-99.8,-99.8,0.0,-99.8,-99.8,-99.8,-99.8,-99.8,-99.8,-99.8
2022-07-08 01:00:00,1007.4,26.8,92.0,-99.7,-999.7,-99.8,-99.8,0.0,-99.8,-99.8,-99.8,-99.8,-99.8,-99.8,-99.8
2022-07-08 02:00:00,1006.8,26.8,92.0,-99.7,-999.7,-99.8,-99.8,0.0,-99.8,-99.8,-99.8,-99.8,-99.8,-99.8,-99.8
2022-07-08 03:00:00,1006.5,26.7,93.0,-99.7,-999.7,-99.8,-99.8,0.0,-99.8,-99.8,-99.8,-99.8,-99.8,-99.8,-99.8
2022-07-08 04:00:00,1006.1,26.6,93.0,-99.7,-999.7,-99.8,-99.8,0.0,-99.8,-99.8,-99.8,-99.8,-99.8,-99.8,-99.8
2022-07-08 05:00:00,1006.4,26.7,92.0,-99.7,-999.7,-99.8,-99.8,0.0,-99.8,-99.8,-99.8,-99.8,-99.8,-99.8,-99.8
2022-07-08 06:00:00,1007.0,26.8,92.0,-99.7,-999.7,-99.8,-99.8,0.0,-99.8,-99.8,-99.8,-99.8,-99.8,-99.8,-99.8
2022-07-08 07:00:00,1007.4,27.6,89.0,-99.7,-999.7,-99.8,-99.8,0.0,-99.8,-99.8,-99.8,-99.8,-99.8,-99.8,-99.8
2022-07-08 08:00:00,1007.5,28.0,88.0,-99.7,-999.7,-99.8,-99.8,0.0,-99.8,-99.8,-99.8,-99.8,-99.8,-99.8,-99.8
2022-07-08 09:00:00,1007.7,28.6,85.0,-99.7,-999.7,-99.8,-99.8,0.0,-99.8,-99.8,-99.8,-99.8,-99.8,-99.8,-99.8
2022-07-08 10:00:00,1007.6,29.4,81.0,-99.7,-999.7,-99.8,-99.8,0.0,-99.8,-99.8,-99.8,-99.8,-99.8,-99.8,-99.8
2022-07-08 11:00:00,1007.5,30.1,77.0,-99.7,-999.7,-99.8,-99.8,0.0,-99.8,-99.8,-99.8,-99.8,-99.8,-99.8,-99.8
2022-07-08 12:00:00,1006.8,30.4,72.0,-99.7,-999.7,-99.8,-99.8,0.0,-99.8,-99.8,-99.8,-99.8,-99.8,-99.8,-99.8
2022-07-08 13:00:00,1005.9,30.4,75.0,-99.7,-999.7,-99.8,-99.8,0.0,-99.8,-99.8,-99.8,-99.8,-99.8,-99.8,-99.8
2022-07-08 14:00:00,1005.5,30.1,78.0,-99.7,-999.7,-99.8,-99.8,0.0,-99.8,-99.8,-99.8,-99.8,-99.8,-99.8,-99.8
2022-07-08 15:00:00,1005.0,30.1,79.0,-99.7,-999.7,-99.8,-99.8,0.0,-99.8,-99.8,-99.8,-99.8,-99.8,-99.8,-99.8
2022-07-08 16:00:00,1004.4,30.3,78.0,-99.7,-999.7,-99.8,-99.8,0.0,-99.8,-99.8,-99.8,-99.8,-99.8,-99.8,-99.8
2022-07-08 17:00:00,1003.9,30.3,74.0,-99.7,-999.7,-99.8,-99.8,0.0,-99.8,-99.8,-99.8,-99.8,-99.8,-99.8,-99.8
2022-07-08 18:00:00,1004.3,30.1,75.0,-99.7,-999.7,-99.8,-99.8,0.0,-99.8,-99.8,-99.8,-99.8,-99.8,-99.8,-99.8
2022-07-08 19:00:00,1004.6,29.2,76.0,-99.7,-999.7,-99.8,-99.8,0.0,-99.8,-99.8,-99.8,-99.8,-99.8,-99.8,-99.8
2022-07-08 20:00:00,1004.7,29.2,76.0,-99.7,-999.7,-99.8,-99.8,0.0,-99.8,-99.8,-99.8,-99.8,-99.8,-99.8,-99.8
2022-07-08 21:00:00,1005.3,28.7,77.0,-99.7,-999.7,-99.8,-99.8,0.0,-99.8,-99.8,-99.8,-99.8,-99.8,-99.8,-99.8
2022-07-08 22:00:00,1005.6,28.6,78.0,-99.7,-999.7,-99.8,-99.8,0.0,-99.8,-99.8,-99.8,-99.8,-99.8,-99.8,-99.8
2022-07-08 23:00:00,1005.5,28.0,83.0,-99.7,-999.7,-99.8,-99.8,0.0,-99.8,-99.8,-99.8,-99.8,-99.8,-99.8,-99.8
2022-07-09 00:00:00,1004.9,27.9,86.0,-99.7,-999.7,-99.8,-99.8,0.0,-99.8,-99.8,-99.8,-99.8,-99.8,-99.8,-99.8
2022-07-09 01:00:00,1004.1,27.7,86.0,-99.7,-999.7,-99.8,-99.8,0.0,-99.8,-99.8,-99.8,-99.8,-99.8,-99.8,-99.8
2022-07-09 02:00:00,1003.4,27.7,84.0,-99.7,-999.7,-99.8,-99.8,0.0,-99.8,-99.8,-99.8,-99.8,-99.8,-99.8,-99.8
2022-07-09 03:00:00,1003.4,27.6,84.0,-99.7,-999.7,-99.8,-99.8,0.0,-99.8,-99.8,-99.8,-99.8,-99.8,-99.8,-99.8
2022-07-09 04:00:00,1003.4,27.4,84.0,-99.7,-999.7,-99.8,-99.8,0.0,-99.8,-99.8,-99.8,-99.8,-99.8,-99.8,-99.8
2022-07-09 05:00:00,1003.7,27.1,86.0,-99.7,-999.7,-99.8,-99.8,0.0,-99.8,-99.8,-99.8,-99.8,-99.8,-99.8,-99.8
2022-07-09 06:00:00,1004.5,27.1,88.0,-99.7,-999.7,-99.8,-99.8,0.0,-99.8,-99.8,-99.8,-99.8,-99.8,-99.8,-99.8
2022-07-09 07:00:00,1004.8,28.1,82.0,-99.7,-999.7,-99.8,-99.8,0.0,-99.8,-99.8,-99.8,-99.8,-99.8,-99.8,-99.8
2022-07-09 08:00:00,1005.0,28.7,80.0,-99.7,-999.7,-99.8,-99.8,0.0,-99.8,-99.8,-99.8,-99.8,-99.8,-99.8,-99.8
2022-07-09 09:00:00,1005.0,28.6,82.0,-99.7,-999.7,-99.8,-99.8,0.0,-99.8,-99.8,-99.8,-99.8,-99.8,-99.8,-99.8
2022-07-09 10:00:00,1004.9,29.6,77.0,-99.7,-999.7,-99.8,-99.8,0.0,-99.8,-99.8,-99.8,-99.8,-99.8,-99.8,-99.8
2022-07-09 11:00:00,1004.7,30.5,71.0,-99.7,-999.7,-99.8,-99.8,0.0,-99.8,-99.8,-99.8,-99.8,-99.8,-99.8,-99.8
2022-07-09 12:00:00,1004.4,30.6,71.0,-99.7,-999.7,-99.8,-99.8,0.0,-99.8,-99.8,-99.8,-99.8,-99.8,-99.8,-99.8
2022-07-09 13:00:00,1003.9,30.9,70.0,-99.7,-999.7,-99.8,-99.8,0.0,-99.8,-99.8,-99.8,-99.8,-99.8,-99.8,-99.8
2022-07-09 14:00:00,1003.3,30.3,73.0,-99.7,-999.7,-99.8,-99.8,0.0,-99.8,-99.8,-99.8,-99.8,-99.8,-99.8,-99.8
2022-07-09 15:00:00,1002.8,30.5,74.0,-99.7,-999.7,-99.8,-99.8,0.0,-99.8,-99.8,-99.8,-99.8,-99.8,-99.8,-99.8
2022-07-09 16:00:00,1002.7,30.4,72.0,-99.7,-999.7,-99.8,-99.8,0.0,-99.8,-99.8,-99.8,-99.8,-99.8,-99.8,-99.8
2022-07-09 17:00:00,1002.7,29.5,73.0,-99.7,-999.7,-99.8,-99.8,0.0,-99.8,-99.8,-99.8,-99.8,-99.8,-99.8,-99.8
2022-07-09 18:00:00,1002.4,28.8,76.0,-99.7,-999.7,-99.8,-99.8,0.0,-99.8,-99.8,-99.8,-99.8,-99.8,-99.8,-99.8
2022-07-09 19:00:00,1003.1,27.9,84.0,-99.7,-999.7,-99.8,-99.8,0.0,-99.8,-99.8,-99.8,-99.8,-99.8,-99.8,-99.8
2022-07-09 20:00:00,1003.8,28.2,79.0,-99.7,-999.7,-99.8,-99.8,0.0,-99.8,-99.8,-99.8,-99.8,-99.8,-99.8,-99.8
2022-07-09 21:00:00,1004.3,28.2,79.0,-99.7,-999.7,-99.8,-99.8,0.0,-99.8,-99.8,-99.8,-99.8,-99.8,-99.8,-99.8
2022-07-09 22:00:00,1004.8,27.7,85.0,-99.7,-999.7,-99.8,-99.8,0.0,-99.8,-99.8,-99.8,-99.8,-99.8,-99.8,-99.8
2022-07-09 23:00:00,1004.8,27.7,86.0,-99.7,-999.7,-99.8,-99.8,0.0,-99.8,-99.8,-99.8,-99.8,-99.8,-99.8,-99.8
2022-07-10 00:00:00,1004.3,27.8,84.0,-99.7,-999.7,-99.8,-99.8,0.0,-99.8,-99.8,-99.8,-99.8,-99.8,-99.8,-99.8
2022-07-10 01:00:00,1003.8,27.7,84.0,-99.7,-999.7,-99.8,-99.8,0.0,-99.8,-99.8,-99.8,-99.8,-99.8,-99.8,-99.8
2022-07-10 02:00:00,1003.5,27.6,84.0,-99.7,-999.7,-99.8,-99.8,0.0,-99.8,-99.8,-99.8,-99.8,-99.8,-99.8,-99.8
2022-07-10 03:00:00,1003.6,27.3,86.0,-99.7,-999.7,-99.8,-99.8,0.0,-99.8,-99.8,-99.8,-99.8,-99.8,-99.8,-99.8
2022-07-10 04:00:00,1003.9,27.0,87.0,-99.7,-999.7,-99.8,-99.8,0.0,-99.8,-99.8,-99.8,-99.8,-99.8,-99.8,-99.8
2022-07-10 05:00:00,1004.3,26.8,88.0,-99.7,-999.7,-99.8,-99.8,0.0,-99.8,-99.8,-99.8,-99.8,-99.8,-99.8,-99.8
2022-07-10 06:00:00,1004.9,27.0,87.0,-99.7,-999.7,-99.8,-99.8,0.0,-99.8,-99.8,-99.8,-99.8,-99.8,-99.8,-99.8
2022-07-10 07:00:00,1005.2,27.4,85.0,-99.7,-999.7,-99.8,-99.8,0.0,-99.8,-99.8,-99.8,-99.8,-99.8,-99.8,-99.8
2022-07-10 08:00:00,1005.4,27.9,84.0,-99.7,-999.7,-99.8,-99.8,0.0,-99.8,-99.8,-99.8,-99.8,-99.8,-99.8,-99.8
2022-07-10 09:00:00,1005.4,28.8,80.0,-99.7,-999.7,-99.8,-99.8,0.0,-99.8,-99.8,-99.8,-99.8,-99.8,-99.8,-99.8
2022-07-10 10:00:00,1005.2,29.4,76.0,-99.7,-999.7,-99.8,-99.8,0.0,-99.8,-99.8,-99.8,-99.8,-99.8,-99.8,-99.8
2022-07-10 11:00:00,1005.1,29.7,76.0,-99.7,-999.7,-99.8,-99.8,0.0,-99.8,-99.8,-99.8,-99.8,-99.8,-99.8,-99.8
2022-07-10 12:00:00,1005.0,30.5,72.0,-99.7,-999.7,-99.8,-99.8,0.0,-99.8,-99.8,-99.8,-99.8,-99.8,-99.8,-99.8
2022-07-10 13:00:00,1004.4,31.1,68.0,-99.7,-999.7,-99.8,-99.8,0.0,-99.8,-99.8,-99.8,-99.8,-99.8,-99.8,-99.8
2022-07-10 14:00:00,1003.8,31.2,68.0,-99.7,-999.7,-99.8,-99.8,0.0,-99.8,-99.8,-99.8,-99.8,-99.8,-99.8,-99.8
2022-07-10 15:00:00,1003.6,29.8,76.0,-99.7,-999.7,-99.8,-99.8,0.0,-99.8,-99.8,-99.8,-99.8,-99.8,-99.8,-99.8
2022-07-10 16:00:00,1003.3,29.3,78.0,-99.7,-999.7,-99.8,-99.8,0.0,-99.8,-99.8,-99.8,-99.8,-99.8,-99.8,-99.8
2022-07-10 17:00:00,1003.3,29.3,78.0,-99.7,-999.7,-99.8,-99.8,0.0,-99.8,-99.8,-99.8,-99.8,-99.8,-99.8,-99.8
2022-07-10 18:00:00,1003.8,28.6,79.0,-99.7,-999.7,-99.8,-99.8,0.0,-99.8,-99.8,-99.8,-99.8,-99.8,-99.8,-99.8
2022-07-10 19:00:00,1003.6,27.3,86.0,-99.7,-999.7,-99.8,-99.8,0.0,-99.8,-99.8,-99.8,-99.8,-99.8,-99.8,-99.8
2022-07-10 20:00:00,1003.8,27.5,84.0,-99.7,-999.7,-99.8,-99.8,0.0,-99.8,-99.8,-99.8,-99.8,-99.8,-99.8,-99.8
2022-07-10 21:00:00,1004.3,27.5,85.0,-99.7,-999.7,-99.8,-99.8,0.0,-99.8,-99.8,-99.8,-99.8,-99.8,-99.8,-99.8
2022-07-10 22:00:00,1004.9,27.1,87.0,-99.7,-999.7,-99.8,-99.8,0.0,-99.8,-99.8,-99.8,-99.8,-99.8,-99.8,-99.8
2022-07-10 23:00:00,1005.2,27.1,89.0,-99.7,-999.7,-99.8,-99.8,0.0,-99.8,-99.8,-99.8,-99.8,-99.8,-99.8,-99.8
2022-07-11 00:00:00,1005.1,27.1,90.0,-99.7,-999.7,-99.8,-99.8,0.0,-99.8,-99.8,-99.8,-99.8,-99.8,-99.8,-99.8
2022-07-11 01:00:00,1004.7,27.2,89.0,-99.7,-999.7,-99.8,-99.8,0.0,-99.8,-99.8,-99.8,-99.8,-99.8,-99.8,-99.8
2022-07-11 02:00:00,1004.6,27.1,88.0,-99.7,-999.7,-99.8,-99.8,0.0,-99.8,-99.8,-99.8,-99.8,-99.8,-99.8,-99.8
2022-07-11 03:00:00,1004.1,26.4,91.0,-99.7,-999.7,-99.8,-99.8,0.0,-99.8,-99.8,-99.8,-99.8,-99.8,-99.8,-99.8
2022-07-11 04:00:00,1004.1,26.4,92.0,-99.7,-999.7,-99.8,-99.8,0.0,-99.8,-99.8,-99.8,-99.8,-99.8,-99.8,-99.8
2022-07-11 05:00:00,1004.4,26.4,91.0,-99.7,-999.7,-99.8,-99.8,0.0,-99.8,-99.8,-99.8,-99.8,-99.8,-99.8,-99.8
2022-07-11 06:00:00,1005.1,26.3,93.0,-99.7,-999.7,-99.8,-99.8,0.0,-99.8,-99.8,-99.8,-99.8,-99.8,-99.8,-99.8
2022-07-11 07:00:00,1005.3,26.8,91.0,-99.7,-999.7,-99.8,-99.8,0.0,-99.8,-99.8,-99.8,-99.8,-99.8,-99.8,-99.8
2022-07-11 08:00:00,1005.8,27.5,89.0,-99.7,-999.7,-99.8,-99.8,0.0,-99.8,-99.8,-99.8,-99.8,-99.8,-99.8,-99.8
2022-07-11 09:00:00,1006.0,28.1,87.0,-99.7,-999.7,-99.8,-99.8,0.0,-99.8,-99.8,-99.8,-99.8,-99.8,-99.8,-99.8
2022-07-11 10:00:00,1005.6,28.3,84.0,-99.7,-999.7,-99.8,-99.8,0.0,-99.8,-99.8,-99.8,-99.8,-99.8,-99.8,-99.8
2022-07-11 11:00:00,1005.6,29.3,81.0,-99.7,-999.7,-99.8,-99.8,0.0,-99.8,-99.8,-99.8,-99.8,-99.8,-99.8,-99.8
2022-07-11 12:00:00,1005.5,29.6,80.0,-99.7,-999.7,-99.8,-99.8,0.0,-99.8,-99.8,-99.8,-99.8,-99.8,-99.8,-99.8
2022-07-11 13:00:00,1005.0,30.2,78.0,-99.7,-999.7,-99.8,-99.8,0.0,-99.8,-99.8,-99.8,-99.8,-99.8,-99.8,-99.8
2022-07-11 14:00:00,1004.7,30.7,75.0,-99.7,-999.7,-99.8,-99.8,0.0,-99.8,-99.8,-99.8,-99.8,-99.8,-99.8,-99.8
2022-07-11 15:00:00,1004.5,29.5,79.0,-99.7,-999.7,-99.8,-99.8,0.0,-99.8,-99.8,-99.8,-99.8,-99.8,-99.8,-99.8
2022-07-11 16:00:00,1004.2,29.1,81.0,-99.7,-999.7,-99.8,-99.8,0.0,-99.8,-99.8,-99.8,-99.8,-99.8,-99.8,-99.8
2022-07-11 17:00:00,1004.4,28.6,81.0,-99.7,-999.7,-99.8,-99.8,0.0,-99.8,-99.8,-99.8,-99.8,-99.8,-99.8,-99.8
2022-07-11 18:00:00,1004.6,28.2,82.0,-99.7,-999.7,-99.8,-99.8,0.0,-99.8,-99.8,-99.8,-99.8,-99.8,-99.8,-99.8
2022-07-11 19:00:00,1005.4,27.3,86.0,-99.7,-999.7,-99.8,-99.8,0.0,-99.8,-99.8,-99.8,-99.8,-99.8,-99.8,-99.8
2022-07-11 20:00:00,1005.9,27.5,84.0,-99.7,-999.7,-99.8,-99.8,0.0,-99.8,-99.8,-99.8,-99.8,-99.8,-99.8,-99.8
2022-07-11 21:00:00,1006.0,27.2,85.0,-99.7,-999.7,-99.8,-99.8,0.0,-99.8,-99.8,-99.8,-99.8,-99.8,-99.8,-99.8
2022-07-11 22:00:00,1006.6,26.8,88.0,-99.7,-999.7,-99.8,-99.8,0.0,-99.8,-99.8,-99.8,-99.8,-99.8,-99.8,-99.8
2022-07-11 23:00:00,1006.5,26.6,90.0,-99.7,-999.7,-99.8,-99.8,0.0,-99.8,-99.8,-99.8,-99.8,-99.8,-99.8,-99.8
2022-07-12 00:00:00,1006.3,26.9,88.0,-99.7,-999.7,-99.8,-99.8,0.0,-99.8,-99.8,-99.8,-99.8,-99.8,-99.8,-99.8
2022-07-12 01:00:00,1005.6,27.0,88.0,-99.7,-999.7,-99.8,-99.8,0.0,-99.8,-99.8,-99.8,-99.8,-99.8,-99.8,-99.8
2022-07-12 02:00:00,1005.3,26.4,90.0,-99.7,-999.7,-99.8,-99.8,0.0,-99.8,-99.8,-99.8,-99.8,-99.8,-99.8,-99.8
2022-07-12 03:00:00,1005.3,26.3,90.0,-99.7,-999.7,-99.8,-99.8,0.0,-99.8,-99.8,-99.8,-99.8,-99.8,-99.8,-99.8
2022-07-12 04:00:00,1005.5,26.3,89.0,-99.7,-999.7,-99.8,-99.8,0.0,-99.8,-99.8,-99.8,-99.8,-99.8,-99.8,-99.8
2022-07-12 05:00:00,1005.9,25.9,93.0,-99.7,-999.7,-99.8,-99.8,0.0,-99.8,-99.8,-99.8,-99.8,-99.8,-99.8,-99.8
2022-07-12 06:00:00,1006.3,26.2,93.0,-99.7,-999.7,-99.8,-99.8,0.0,-99.8,-99.8,-99.8,-99.8,-99.8,-99.8,-99.8
2022-07-12 07:00:00,1006.4,26.7,91.0,-99.7,-999.7,-99.8,-99.8,0.0,-99.8,-99.8,-99.8,-99.8,-99.8,-99.8,-99.8
2022-07-12 08:00:00,1006.2,27.4,87.0,-99.7,-999.7,-99.8,-99.8,0.0,-99.8,-99.8,-99.8,-99.8,-99.8,-99.8,-99.8
2022-07-12 09:00:00,1006.5,28.3,83.0,-99.7,-999.7,-99.8,-99.8,0.0,-99.8,-99.8,-99.8,-99.8,-99.8,-99.8,-99.8
2022-07-12 10:00:00,1006.6,28.9,82.0,-99.7,-999.7,-99.8,-99.8,0.0,-99.8,-99.8,-99.8,-99.8,-99.8,-99.8,-99.8
2022-07-12 11:00:00,1006.6,29.3,79.0,-99.7,-999.7,-99.8,-99.8,0.0,-99.8,-99.8,-99.8,-99.8,-99.8,-99.8,-99.8
2022-07-12 12:00:00,1005.9,29.8,75.0,-99.7,-999.7,-99.8,-99.8,0.0,-99.8,-99.8,-99.8,-99.8,-99.8,-99.8,-99.8
2022-07-12 13:00:00,1005.4,30.1,76.0,-99.7,-999.7,-99.8,-99.8,0.0,-99.8,-99.8,-99.8,-99.8,-99.8,-99.8,-99.8
2022-07-12 14:00:00,1004.7,29.4,79.0,-99.7,-999.7,-99.8,-99.8,0.0,-99.8,-99.8,-99.8,-99.8,-99.8,-99.8,-99.8
2022-07-12 15:00:00,1004.1,29.5,77.0,-99.7,-999.7,-99.8,-99.8,0.0,-99.8,-99.8,-99.8,-99.8,-99.8,-99.8,-99.8
2022-07-12 16:00:00,1003.6,29.2,76.0,-99.7,-999.7,-99.8,-99.8,0.0,-99.8,-99.8,-99.8,-99.8,-99.8,-99.8,-99.8
2022-07-12 17:00:00,1003.7,29.0,76.0,-99.7,-999.7,-99.8,-99.8,0.0,-99.8,-99.8,-99.8,-99.8,-99.8,-99.8,-99.8
2022-07-12 18:00:00,1004.1,28.7,73.0,-99.7,-999.7,-99.8,-99.8,0.0,-99.8,-99.8,-99.8,-99.8,-99.8,-99.8,-99.8
2022-07-12 19:00:00,1004.4,28.0,75.0,-99.7,-999.7,-99.8,-99.8,0.0,-99.8,-99.8,-99.8,-99.8,-99.8,-99.8,-99.8
2022-07-12 20:00:00,1004.6,27.9,75.0,-99.7,-999.7,-99.8,-99.8,0.0,-99.8,-99.8,-99.8,-99.8,-99.8,-99.8,-99.8
2022-07-12 21:00:00,1005.3,27.3,77.0,-99.7,-999.7,-99.8,-99.8,0.0,-99.8,-99.8,-99.8,-99.8,-99.8,-99.8,-99.8
2022-07-12 22:00:00,1005.6,27.1,78.0,-99.7,-999.7,-99.8,-99.8,0.0,-99.8,-99.8,-99.8,-99.8,-99.8,-99.8,-99.8
2022-07-12 23:00:00,1005.6,26.8,83.0,-99.7,-999.7,-99.8,-99.8,0.0,-99.8,-99.8,-99.8,-99.8,-99.8,-99.8,-99.8
2022-07-13 00:00:00,1005.2,26.0,91.0,-99.7,-999.7,-99.8,-99.8,0.0,-99.8,-99.8,-99.8,-99.8,-99.8,-99.8,-99.8
2022-07-13 01:00:00,1005.2,25.8,92.0,-99.7,-999.7,-99.8,-99.8,0.0,-99.8,-99.8,-99.8,-99.8,-99.8,-99.8,-99.8
2022-07-13 02:00:00,1004.8,25.8,92.0,-99.7,-999.7,-99.8,-99.8,0.0,-99.8,-99.8,-99.8,-99.8,-99.8,-99.8,-99.8
2022-07-13 03:00:00,1004.4,25.7,92.0,-99.7,-999.7,-99.8,-99.8,0.0,-99.8,-99.8,-99.8,-99.8,-99.8,-99.8,-99.8
2022-07-13 04:00:00,1004.4,25.7,90.0,-99.7,-999.7,-99.8,-99.8,0.0,-99.8,-99.8,-99.8,-99.8,-99.8,-99.8,-99.8
2022-07-13 05:00:00,1004.6,25.8,88.0,-99.7,-999.7,-99.8,-99.8,0.0,-99.8,-99.8,-99.8,-99.8,-99.8,-99.8,-99.8
2022-07-13 06:00:00,1005.0,25.9,91.0,-99.7,-999.7,-99.8,-99.8,0.0,-99.8,-99.8,-99.8,-99.8,-99.8,-99.8,-99.8
2022-07-13 07:00:00,1005.7,26.5,88.0,-99.7,-999.7,-99.8,-99.8,0.0,-99.8,-99.8,-99.8,-99.8,-99.8,-99.8,-99.8
2022-07-13 08:00:00,1006.1,26.8,88.0,-99.7,-999.7,-99.8,-99.8,0.0,-99.8,-99.8,-99.8,-99.8,-99.8,-99.8,-99.8
2022-07-13 09:00:00,1006.2,27.4,88.0,-99.7,-999.7,-99.8,-99.8,0.0,-99.8,-99.8,-99.8,-99.8,-99.8,-99.8,-99.8
2022-07-13 10:00:00,1006.4,28.2,85.0,-99.7,-999.7,-99.8,-99.8,0.0,-99.8,-99.8,-99.8,-99.8,-99.8,-99.8,-99.8
2022-07-13 11:00:00,1006.1,27.8,87.0,-99.7,-999.7,-99.8,-99.8,0.0,-99.8,-99.8,-99.8,-99.8,-99.8,-99.8,-99.8
2022-07-13 12:00:00,1006.0,28.5,84.0,-99.7,-999.7,-99.8,-99.8,0.0,-99.8,-99.8,-99.8,-99.8,-99.8,-99.8,-99.8
2022-07-13 13:00:00,1005.2,28.5,83.0,-99.7,-999.7,-99.8,-99.8,0.0,-99.8,-99.8,-99.8,-99.8,-99.8,-99.8,-99.8
2022-07-13 14:00:00,1004.2,28.4,85.0,-99.7,-999.7,-99.8,-99.8,0.0,-99.8,-99.8,-99.8,-99.8,-99.8,-99.8,-99.8
2022-07-13 15:00:00,1003.6,28.5,84.0,-99.7,-999.7,-99.8,-99.8,0.0,-99.8,-99.8,-99.8,-99.8,-99.8,-99.8,-99.8
2022-07-13 16:00:00,1003.1,29.0,81.0,-99.7,-999.7,-99.8,-99.8,0.0,-99.8,-99.8,-99.8,-99.8,-99.8,-99.8,-99.8
2022-07-13 17:00:00,1002.7,28.7,80.0,-99.7,-999.7,-99.8,-99.8,0.0,-99.8,-99.8,-99.8,-99.8,-99.8,-99.8,-99.8
2022-07-13 18:00:00,1002.8,28.4,81.0,-99.7,-999.7,-99.8,-99.8,0.0,-99.8,-99.8,-99.8,-99.8,-99.8,-99.8,-99.8
2022-07-13 19:00:00,1003.1,27.8,83.0,-99.7,-999.7,-99.8,-99.8,0.0,-99.8,-99.8,-99.8,-99.8,-99.8,-99.8,-99.8
2022-07-13 20:00:00,1003.4,27.4,86.0,-99.7,-999.7,-99.8,-99.8,0.0,-99.8,-99.8,-99.8,-99.8,-99.8,-99.8,-99.8
2022-07-13 21:00:00,1004.4,27.1,90.0,-99.7,-999.7,-99.8,-99.8,0.0,-99.8,-99.8,-99.8,-99.8,-99.8,-99.8,-99.8
2022-07-13 22:00:00,1005.0,27.0,90.0,-99.7,-999.7,-99.8,-99.8,0.0,-99.8,-99.8,-99.8,-99.8,-99.8,-99.8,-99.8
2022-07-13 23:00:00,1004.9,26.8,91.0,-99.7,-999.7,-99.8,-99.8,0.0,-99.8,-99.8,-99.8,-99.8,-99.8,-99.8,-99.8
2022-07-14 00:00:00,1004.5,26.6,89.0,-99.7,-999.7,-99.8,-99.8,0.0,-99.8,-99.8,-99.8,-99.8,-99.8,-99.8,-99.8
2022-07-14 01:00:00,1003.9,26.2,91.0,-99.7,-999.7,-99.8,-99.8,0.0,-99.8,-99.8,-99.8,-99.8,-99.8,-99.8,-99.8
2022-07-14 02:00:00,1003.4,25.4,91.0,-99.7,-999.7,-99.8,-99.8,0.0,-99.8,-99.8,-99.8,-99.8,-99.8,-99.8,-99.8
2022-07-14 03:00:00,1002.9,25.6,94.0,-99.7,-999.7,-99.8,-99.8,0.0,-99.8,-99.8,-99.8,-99.8,-99.8,-99.8,-99.8
2022-07-14 04:00:00,1002.7,25.5,95.0,-99.7,-999.7,-99.8,-99.8,0.0,-99.8,-99.8,-99.8,-99.8,-99.8,-99.8,-99.8
2022-07-14 05:00:00,1002.9,24.7,95.0,-99.7,-999.7,-99.8,-99.8,0.0,-99.8,-99.8,-99.8,-99.8,-99.8,-99.8,-99.8
2022-07-14 06:00:00,1003.7,25.0,96.0,-99.7,-999.7,-99.8,-99.8,0.0,-99.8,-99.8,-99.8,-99.8,-99.8,-99.8,-99.8
2022-07-14 07:00:00,1004.2,26.1,94.0,-99.7,-999.7,-99.8,-99.8,0.0,-99.8,-99.8,-99.8,-99.8,-99.8,-99.8,-99.8
2022-07-14 08:00:00,1004.3,27.6,87.0,-99.7,-999.7,-99.8,-99.8,0.0,-99.8,-99.8,-99.8,-99.8,-99.8,-99.8,-99.8
2022-07-14 09:00:00,1004.4,27.5,87.0,-99.7,-999.7,-99.8,-99.8,0.0,-99.8,-99.8,-99.8,-99.8,-99.8,-99.8,-99.8
2022-07-14 10:00:00,1004.2,28.7,80.0,-99.7,-999.7,-99.8,-99.8,0.0,-99.8,-99.8,-99.8,-99.8,-99.8,-99.8,-99.8
2022-07-14 11:00:00,1004.3,28.6,79.0,-99.7,-999.7,-99.8,-99.8,0.0,-99.8,-99.8,-99.8,-99.8,-99.8,-99.8,-99.8
2022-07-14 12:00:00,1004.2,28.4,84.0,-99.7,-999.7,-99.8,-99.8,0.0,-99.8,-99.8,-99.8,-99.8,-99.8,-99.8,-99.8
2022-07-14 13:00:00,1004.1,29.0,81.0,-99.7,-999.7,-99.8,-99.8,0.0,-99.8,-99.8,-99.8,-99.8,-99.8,-99.8,-99.8
2022-07-14 14:00:00,1003.6,28.9,82.0,-99.7,-999.7,-99.8,-99.8,0.0,-99.8,-99.8,-99.8,-99.8,-99.8,-99.8,-99.8
2022-07-14 15:00:00,1003.2,29.1,82.0,-99.7,-999.7,-99.8,-99.8,0.0,-99.8,-99.8,-99.8,-99.8,-99.8,-99.8,-99.8
2022-07-14 16:00:00,1002.8,28.9,84.0,-99.7,-999.7,-99.8,-99.8,0.0,-99.8,-99.8,-99.8,-99.8,-99.8,-99.8,-99.8
2022-07-14 17:00:00,1002.4,28.7,86.0,-99.7,-999.7,-99.8,-99.8,0.0,-99.8,-99.8,-99.8,-99.8,-99.8,-99.8,-99.8
2022-07-14 18:00:00,1002.5,28.3,86.0,-99.7,-999.7,-99.8,-99.8,0.0,-99.8,-99.8,-99.8,-99.8,-99.8,-99.8,-99.8
2022-07-14 19:00:00,1003.2,27.8,88.0,-99.7,-999.7,-99.8,-99.8,0.0,-99.8,-99.8,-99.8,-99.8,-99.8,-99.8,-99.8
2022-07-14 20:00:00,1003.6,27.5,87.0,-99.7,-999.7,-99.8,-99.8,0.0,-99.8,-99.8,-99.8,-99.8,-99.8,-99.8,-99.8
2022-07-14 21:00:00,1004.2,27.6,83.0,-99.7,-999.7,-99.8,-99.8,0.0,-99.8,-99.8,-99.8,-99.8,-99.8,-99.8,-99.8
2022-07-14 22:00:00,1004.2,27.3,87.0,-99.7,-999.7,-99.8,-99.8,0.0,-99.8,-99.8,-99.8,-99.8,-99.8,-99.8,-99.8
2022-07-14 23:00:00,1003.9,27.2,88.0,-99.7,-999.7,-99.8,-99.8,0.0,-99.8,-99.8,-99.8,-99.8,-99.8,-99.8,-99.8
2022-07-15 00:00:00,1003.5,27.1,84.0,-99.7,-999.7,-99.8,-99.8,0.0,-99.8,-99.8,-99.8,-99.8,-99.8,-99.8,-99.8
2022-07-15 01:00:00,1003.1,26.4,91.0,-99.7,-999.7,-99.8,-99.8,0.0,-99.8,-99.8,-99.8,-99.8,-99.8,-99.8,-99.8
2022-07-15 02:00:00,1002.6,26.3,92.0,-99.7,-999.7,-99.8,-99.8,0.0,-99.8,-99.8,-99.8,-99.8,-99.8,-99.8,-99.8
2022-07-15 03:00:00,1002.0,26.6,92.0,-99.7,-999.7,-99.8,-99.8,0.0,-99.8,-99.8,-99.8,-99.8,-99.8,-99.8,-99.8
2022-07-15 04:00:00,1002.3,26.6,94.0,-99.7,-999.7,-99.8,-99.8,0.0,-99.8,-99.8,-99.8,-99.8,-99.8,-99.8,-99.8
2022-07-15 05:00:00,1002.6,26.7,94.0,-99.7,-999.7,-99.8,-99.8,0.0,-99.8,-99.8,-99.8,-99.8,-99.8,-99.8,-99.8
2022-07-15 06:00:00,1003.1,26.7,94.0,-99.7,-999.7,-99.8,-99.8,0.0,-99.8,-99.8,-99.8,-99.8,-99.8,-99.8,-99.8
2022-07-15 07:00:00,1003.3,26.9,92.0,-99.7,-999.7,-99.8,-99.8,0.0,-99.8,-99.8,-99.8,-99.8,-99.8,-99.8,-99.8
2022-07-15 08:00:00,1003.5,27.7,89.0,-99.7,-999.7,-99.8,-99.8,0.0,-99.8,-99.8,-99.8,-99.8,-99.8,-99.8,-99.8
2022-07-15 09:00:00,1003.3,28.3,85.0,-99.7,-999.7,-99.8,-99.8,0.0,-99.8,-99.8,-99.8,-99.8,-99.8,-99.8,-99.8
2022-07-15 10:00:00,1003.4,28.7,84.0,-99.7,-999.7,-99.8,-99.8,0.0,-99.8,-99.8,-99.8,-99.8,-99.8,-99.8,-99.8
2022-07-15 11:00:00,1003.4,28.4,85.0,-99.7,-999.7,-99.8,-99.8,0.0,-99.8,-99.8,-99.8,-99.8,-99.8,-99.8,-99.8
2022-07-15 12:00:00,1003.0,28.4,84.0,-99.7,-999.7,-99.8,-99.8,0.0,-99.8,-99.8,-99.8,-99.8,-99.8,-99.8,-99.8
2022-07-15 13:00:00,1002.6,28.6,83.0,-99.7,-999.7,-99.8,-99.8,0.0,-99.8,-99.8,-99.8,-99.8,-99.8,-99.8,-99.8
2022-07-15 14:00:00,1002.2,28.8,83.0,-99.7,-999.7,-99.8,-99.8,0.0,-99.8,-99.8,-99.8,-99.8,-99.8,-99.8,-99.8
2022-07-15 15:00:00,1001.7,28.7,82.0,-99.7,-999.7,-99.8,-99.8,0.0,-99.8,-99.8,-99.8,-99.8,-99.8,-99.8,-99.8
2022-07-15 16:00:00,1001.6,28.4,82.0,-99.7,-999.7,-99.8,-99.8,0.0,-99.8,-99.8,-99.8,-99.8,-99.8,-99.8,-99.8
2022-07-15 17:00:00,1002.1,28.6,80.0,-99.7,-999.7,-99.8,-99.8,0.0,-99.8,-99.8,-99.8,-99.8,-99.8,-99.8,-99.8
2022-07-15 18:00:00,1001.5,28.1,84.0,-99.7,-999.7,-99.8,-99.8,0.0,-99.8,-99.8,-99.8,-99.8,-99.8,-99.8,-99.8
2022-07-15 19:00:00,1001.9,27.4,89.0,-99.7,-999.7,-99.8,-99.8,0.0,-99.8,-99.8,-99.8,-99.8,-99.8,-99.8,-99.8
2022-07-15 20:00:00,1002.5,27.0,92.0,-99.7,-999.7,-99.8,-99.8,0.0,-99.8,-99.8,-99.8,-99.8,-99.8,-99.8,-99.8
2022-07-15 21:00:00,1003.1,26.9,90.0,-99.7,-999.7,-99.8,-99.8,0.0,-99.8,-99.8,-99.8,-99.8,-99.8,-99.8,-99.8
2022-07-15 22:00:00,1003.2,27.2,89.0,-99.7,-999.7,-99.8,-99.8,0.0,-99.8,-99.8,-99.8,-99.8,-99.8,-99.8,-99.8
2022-07-15 23:00:00,1002.6,26.8,90.0,-99.7,-999.7,-99.8,-99.8,0.0,-99.8,-99.8,-99.8,-99.8,-99.8,-99.8,-99.8
2022-07-16 00:00:00,1002.2,26.9,91.0,-99.7,-999.7,-99.8,-99.8,0.0,-99.8,-99.8,-99.8,-99.8,-99.8,-99.8,-99.8
2022-07-16 01:00:00,1001.9,26.7,92.0,-99.8,-99.8,-99.8,-99.8,0.0,-99.8,-99.8,-99.8,-99.8,-99.8,-99.8,-99.8
2022-07-16 02:00:00,1001.5,26.8,92.0,-99.8,-99.8,-99.8,-99.8,0.0,-99.8,-99.8,-99.8,-99.8,-99.8,-99.8,-99.8
2022-07-16 03:00:00,1001.2,26.8,93.0,-99.8,-99.8,-99.8,-99.8,0.0,-99.8,-99.8,-99.8,-99.8,-99.8,-99.8,-99.8
2022-07-16 04:00:00,1001.2,26.8,93.0,-99.8,-99.8,-99.8,-99.8,0.0,-99.8,-99.8,-99.8,-99.8,-99.8,-99.8,-99.8
2022-07-16 05:00:00,1001.3,26.5,93.0,-99.8,-99.8,-99.8,-99.8,0.0,-99.8,-99.8,-99.8,-99.8,-99.8,-99.8,-99.8
2022-07-16 06:00:00,1001.8,26.9,92.0,-99.8,-99.8,-99.8,-99.8,0.0,-99.8,-99.8,-99.8,-99.8,-99.8,-99.8,-99.8
2022-07-16 07:00:00,1002.2,27.2,91.0,-99.8,-99.8,-99.8,-99.8,0.0,-99.8,-99.8,-99.8,-99.8,-99.8,-99.8,-99.8
2022-07-16 08:00:00,1002.8,28.0,87.0,-99.8,-99.8,-99.8,-99.8,0.0,-99.8,-99.8,-99.8,-99.8,-99.8,-99.8,-99.8
2022-07-16 09:00:00,1003.0,28.1,87.0,-99.8,-99.8,-99.8,-99.8,0.0,-99.8,-99.8,-99.8,-99.8,-99.8,-99.8,-99.8
2022-07-16 10:00:00,1002.9,28.2,86.0,-99.8,-99.8,-99.8,-99.8,0.0,-99.8,-99.8,-99.8,-99.8,-99.8,-99.8,-99.8
2022-07-16 11:00:00,1002.8,28.6,84.0,-99.8,-99.8,-99.8,-99.8,0.0,-99.8,-99.8,-99.8,-99.8,-99.8,-99.8,-99.8
2022-07-16 12:00:00,1002.7,29.2,83.0,-99.8,-99.8,-99.8,-99.8,0.0,-99.8,-99.8,-99.8,-99.8,-99.8,-99.8,-99.8
2022-07-16 13:00:00,1002.1,29.2,84.0,-99.8,-99.8,-99.8,-99.8,0.0,-99.8,-99.8,-99.8,-99.8,-99.8,-99.8,-99.8
2022-07-16 14:00:00,1001.8,28.6,86.0,-99.8,-99.8,-99.8,-99.8,0.0,-99.8,-99.8,-99.8,-99.8,-99.8,-99.8,-99.8
2022-07-16 15:00:00,1001.6,29.0,84.0,-99.8,-99.8,-99.8,-99.8,0.0,-99.8,-99.8,-99.8,-99.8,-99.8,-99.8,-99.8
2022-07-16 16:00:00,1001.3,28.7,85.0,-99.8,-99.8,-99.8,-99.8,0.0,-99.8,-99.8,-99.8,-99.8,-99.8,-99.8,-99.8
2022-07-16 17:00:00,1001.4,28.5,84.0,-99.8,-99.8,-99.8,-99.8,0.0,-99.8,-99.8,-99.8,-99.8,-99.8,-99.8,-99.8
2022-07-16 18:00:00,1001.4,27.8,87.0,-99.8,-99.8,-99.8,-99.8,0.0,-99.8,-99.8,-99.8,-99.8,-99.8,-99.8,-99.8
2022-07-16 19:00:00,1001.8,27.5,88.0,-99.8,-99.8,-99.8,-99.8,0.0,-99.8,-99.8,-99.8,-99.8,-99.8,-99.8,-99.8
2022-07-16 20:00:00,1002.1,27.5,87.0,-99.8,-99.8,-99.8,-99.8,0.0,-99.8,-99.8,-99.8,-99.8,-99.8,-99.8,-99.8
2022-07-16 21:00:00,1002.8,27.0,89.0,-99.8,-99.8,-99.8,-99.8,0.0,-99.8,-99.8,-99.8,-99.8,-99.8,-99.8,-99.8
2022-07-16 22:00:00,1003.1,27.0,89.0,-99.8,-99.8,-99.8,-99.8,0.0,-99.8,-99.8,-99.8,-99.8,-99.8,-99.8,-99.8
2022-07-16 23:00:00,1002.9,26.9,90.0,-99.8,-99.8,-99.8,-99.8,0.0,-99.8,-99.8,-99.8,-99.8,-99.8,-99.8,-99.8
2022-07-17 00:00:00,1002.8,26.8,91.0,-99.8,-99.8,-99.8,-99.8,0.0,-99.8,-99.8,-99.8,-99.8,-99.8,-99.8,-99.8
2022-07-17 01:00:00,1002.6,26.7,91.0,-99.8,-99.8,-99.8,-99.8,0.0,-99.8,-99.8,-99.8,-99.8,-99.8,-99.8,-99.8
2022-07-17 02:00:00,1002.2,26.4,92.0,-99.8,-99.8,-99.8,-99.8,0.0,-99.8,-99.8,-99.8,-99.8,-99.8,-99.8,-99.8
2022-07-17 03:00:00,1002.1,26.1,93.0,-99.8,-99.8,-99.8,-99.8,0.0,-99.8,-99.8,-99.8,-99.8,-99.8,-99.8,-99.8
2022-07-17 04:00:00,1002.3,26.7,92.0,-99.8,-99.8,-99.8,-99.8,0.0,-99.8,-99.8,-99.8,-99.8,-99.8,-99.8,-99.8
2022-07-17 05:00:00,1002.6,26.7,92.0,-99.8,-99.8,-99.8,-99.8,0.0,-99.8,-99.8,-99.8,-99.8,-99.8,-99.8,-99.8
2022-07-17 06:00:00,1002.8,26.8,91.0,-99.8,-99.8,-99.8,-99.8,0.0,-99.8,-99.8,-99.8,-99.8,-99.8,-99.8,-99.8
2022-07-17 07:00:00,1003.0,27.3,89.0,-99.8,-99.8,-99.8,-99.8,0.0,-99.8,-99.8,-99.8,-99.8,-99.8,-99.8,-99.8
2022-07-17 08:00:00,1003.3,27.3,89.0,-99.8,-99.8,-99.8,-99.8,0.0,-99.8,-99.8,-99.8,-99.8,-99.8,-99.8,-99.8
2022-07-17 09:00:00,1003.2,27.9,87.0,-99.8,-99.8,-99.8,-99.8,0.0,-99.8,-99.8,-99.8,-99.8,-99.8,-99.8,-99.8
2022-07-17 10:00:00,1003.0,28.2,85.0,-99.8,-99.8,-99.8,-99.8,0.0,-99.8,-99.8,-99.8,-99.8,-99.8,-99.8,-99.8
2022-07-17 11:00:00,1002.9,28.8,83.0,-99.8,-99.8,-99.8,-99.8,0.0,-99.8,-99.8,-99.8,-99.8,-99.8,-99.8,-99.8
2022-07-17 12:00:00,1002.3,28.5,84.0,-99.8,-99.8,-99.8,-99.8,0.0,-99.8,-99.8,-99.8,-99.8,-99.8,-99.8,-99.8
2022-07-17 13:00:00,1001.3,28.7,84.0,-99.8,-99.8,-99.8,-99.8,0.0,-99.8,-99.8,-99.8,-99.8,-99.8,-99.8,-99.8
2022-07-17 14:00:00,1000.6,28.6,82.0,-99.8,-99.8,-99.8,-99.8,0.0,-99.8,-99.8,-99.8,-99.8,-99.8,-99.8,-99.8
2022-07-17 15:00:00,1000.1,28.1,84.0,-99.8,-99.8,-99.8,-99.8,0.0,-99.8,-99.8,-99.8,-99.8,-99.8,-99.8,-99.8
2022-07-17 16:00:00,999.8,28.0,85.0,-99.8,-99.8,-99.8,-99.8,0.0,-99.8,-99.8,-99.8,-99.8,-99.8,-99.8,-99.8
2022-07-17 17:00:00,999.7,27.7,87.0,-99.8,-99.8,-99.8,-99.8,0.0,-99.8,-99.8,-99.8,-99.8,-99.8,-99.8,-99.8
2022-07-17 18:00:00,1000.0,27.3,88.0,-99.8,-99.8,-99.8,-99.8,0.0,-99.8,-99.8,-99.8,-99.8,-99.8,-99.8,-99.8
2022-07-17 19:00:00,1000.5,27.5,88.0,-99.8,-99.8,-99.8,-99.8,0.0,-99.8,-99.8,-99.8,-99.8,-99.8,-99.8,-99.8
2022-07-17 20:00:00,1001.4,27.3,89.0,-99.8,-99.8,-99.8,-99.8,0.0,-99.8,-99.8,-99.8,-99.8,-99.8,-99.8,-99.8
2022-07-17 21:00:00,1002.1,27.3,88.0,-99.8,-99.8,-99.8,-99.8,0.0,-99.8,-99.8,-99.8,-99.8,-99.8,-99.8,-99.8
2022-07-17 22:00:00,1002.4,27.0,89.0,-99.8,-99.8,-99.8,-99.8,0.0,-99.8,-99.8,-99.8,-99.8,-99.8,-99.8,-99.8
2022-07-17 23:00:00,1002.4,26.9,89.0,-99.8,-99.8,-99.8,-99.8,0.0,-99.8,-99.8,-99.8,-99.8,-99.8,-99.8,-99.8
2022-07-18 00:00:00,1001.9,26.6,90.0,-99.8,-99.8,-99.8,-99.8,0.0,-99.8,-99.8,-99.8,-99.8,-99.8,-99.8,-99.8
2022-07-18 01:00:00,1001.4,26.6,90.0,-99.8,-99.8,-99.8,-99.8,0.0,-99.8,-99.8,-99.8,-99.8,-99.8,-99.8,-99.8
2022-07-18 02:00:00,1001.5,26.5,92.0,-99.8,-99.8,-99.8,-99.8,0.0,-99.8,-99.8,-99.8,-99.8,-99.8,-99.8,-99.8
2022-07-18 03:00:00,1001.8,26.4,92.0,-99.8,-99.8,-99.8,-99.8,0.0,-99.8,-99.8,-99.8,-99.8,-99.8,-99.8,-99.8
2022-07-18 04:00:00,1001.7,26.2,92.0,-99.8,-99.8,-99.8,-99.8,0.0,-99.8,-99.8,-99.8,-99.8,-99.8,-99.8,-99.8
2022-07-18 05:00:00,1001.8,27.2,89.0,-99.8,-99.8,-99.8,-99.8,0.0,-99.8,-99.8,-99.8,-99.8,-99.8,-99.8,-99.8
2022-07-18 06:00:00,1002.2,26.9,90.0,-99.8,-99.8,-99.8,-99.8,0.0,-99.8,-99.8,-99.8,-99.8,-99.8,-99.8,-99.8
2022-07-18 07:00:00,1002.1,26.6,90.0,-99.8,-99.8,-99.8,-99.8,0.0,-99.8,-99.8,-99.8,-99.8,-99.8,-99.8,-99.8
2022-07-18 08:00:00,1002.4,27.1,89.0,-99.8,-99.8,-99.8,-99.8,0.0,-99.8,-99.8,-99.8,-99.8,-99.8,-99.8,-99.8
2022-07-18 09:00:00,1003.0,28.0,85.0,-99.8,-99.8,-99.8,-99.8,0.0,-99.8,-99.8,-99.8,-99.8,-99.8,-99.8,-99.8
2022-07-18 10:00:00,1002.6,28.3,84.0,-99.8,-99.8,-99.8,-99.8,0.0,-99.8,-99.8,-99.8,-99.8,-99.8,-99.8,-99.8
2022-07-18 11:00:00,1002.6,28.2,84.0,-99.8,-99.8,-99.8,-99.8,0.0,-99.8,-99.8,-99.8,-99.8,-99.8,-99.8,-99.8
2022-07-18 12:00:00,1002.4,28.2,84.0,-99.8,-99.8,-99.8,-99.8,0.0,-99.8,-99.8,-99.8,-99.8,-99.8,-99.8,-99.8
2022-07-18 13:00:00,1002.0,28.5,82.0,-99.8,-99.8,-99.8,-99.8,0.0,-99.8,-99.8,-99.8,-99.8,-99.8,-99.8,-99.8
2022-07-18 14:00:00,1001.4,28.6,82.0,-99.8,-99.8,-99.8,-99.8,0.0,-99.8,-99.8,-99.8,-99.8,-99.8,-99.8,-99.8
2022-07-18 15:00:00,1001.1,28.3,83.0,-99.8,-99.8,-99.8,-99.8,0.0,-99.8,-99.8,-99.8,-99.8,-99.8,-99.8,-99.8
2022-07-18 16:00:00,1001.4,28.0,83.0,-99.8,-99.8,-99.8,-99.8,0.0,-99.8,-99.8,-99.8,-99.8,-99.8,-99.8,-99.8
2022-07-18 17:00:00,1001.6,27.7,84.0,-99.8,-99.8,-99.8,-99.8,0.0,-99.8,-99.8,-99.8,-99.8,-99.8,-99.8,-99.8
2022-07-18 18:00:00,1002.2,27.3,86.0,-99.8,-99.8,-99.8,-99.8,0.0,-99.8,-99.8,-99.8,-99.8,-99.8,-99.8,-99.8
2022-07-18 19:00:00,1003.3,27.7,84.0,-99.8,-99.8,-99.8,-99.8,0.0,-99.8,-99.8,-99.8,-99.8,-99.8,-99.8,-99.8
2022-07-18 20:00:00,1003.4,27.7,85.0,-99.8,-99.8,-99.8,-99.8,0.0,-99.8,-99.8,-99.8,-99.8,-99.8,-99.8,-99.8
2022-07-18 21:00:00,1003.9,27.2,87.0,-99.8,-99.8,-99.8,-99.8,0.0,-99.8,-99.8,-99.8,-99.8,-99.8,-99.8,-99.8
2022-07-18 22:00:00,1004.8,27.3,87.0,-99.8,-99.8,-99.8,-99.8,0.0,-99.8,-99.8,-99.8,-99.8,-99.8,-99.8,-99.8
2022-07-18 23:00:00,1004.9,26.9,88.0,-99.8,-99.8,-99.8,-99.8,0.0,-99.8,-99.8,-99.8,-99.8,-99.8,-99.8,-99.8
2022-07-19 00:00:00,1004.7,26.7,89.0,-99.8,-99.8,-99.8,-99.8,0.0,-99.8,-99.8,-99.8,-99.8,-99.8,-99.8,-99.8
2022-07-19 01:00:00,1004.7,27.0,88.0,-99.8,-99.8,-99.8,-99.8,0.0,-99.8,-99.8,-99.8,-99.8,-99.8,-99.8,-99.8
2022-07-19 02:00:00,1004.5,26.5,90.0,-99.8,-99.8,-99.8,-99.8,0.0,-99.8,-99.8,-99.8,-99.8,-99.8,-99.8,-99.8
2022-07-19 03:00:00,1004.5,26.7,89.0,-99.8,-99.8,-99.8,-99.8,0.0,-99.8,-99.8,-99.8,-99.8,-99.8,-99.8,-99.8
2022-07-19 04:00:00,1004.3,26.6,90.0,-99.8,-99.8,-99.8,-99.8,0.0,-99.8,-99.8,-99.8,-99.8,-99.8,-99.8,-99.8
2022-07-19 05:00:00,1004.2,26.5,89.0,-99.8,-99.8,-99.8,-99.8,0.0,-99.8,-99.8,-99.8,-99.8,-99.8,-99.8,-99.8
2022-07-19 06:00:00,1004.5,26.2,90.0,-99.8,-99.8,-99.8,-99.8,0.0,-99.8,-99.8,-99.8,-99.8,-99.8,-99.8,-99.8
2022-07-19 07:00:00,1005.0,26.9,89.0,-99.8,-99.8,-99.8,-99.8,0.0,-99.8,-99.8,-99.8,-99.8,-99.8,-99.8,-99.8
2022-07-19 08:00:00,1005.4,28.0,85.0,-99.8,-99.8,-99.8,-99.8,0.0,-99.8,-99.8,-99.8,-99.8,-99.8,-99.8,-99.8
2022-07-19 09:00:00,1005.8,28.2,83.0,-99.8,-99.8,-99.8,-99.8,0.0,-99.8,-99.8,-99.8,-99.8,-99.8,-99.8,-99.8
2022-07-19 10:00:00,1006.0,29.2,78.0,-99.8,-99.8,-99.8,-99.8,0.0,-99.8,-99.8,-99.8,-99.8,-99.8,-99.8,-99.8
2022-07-19 11:00:00,1006.0,29.6,77.0,-99.8,-99.8,-99.8,-99.8,0.0,-99.8,-99.8,-99.8,-99.8,-99.8,-99.8,-99.8
2022-07-19 12:00:00,1005.9,28.7,80.0,-99.8,-99.8,-99.8,-99.8,0.0,-99.8,-99.8,-99.8,-99.8,-99.8,-99.8,-99.8
2022-07-19 13:00:00,1005.5,29.2,79.0,-99.8,-99.8,-99.8,-99.8,0.0,-99.8,-99.8,-99.8,-99.8,-99.8,-99.8,-99.8
2022-07-19 14:00:00,1005.1,29.6,77.0,-99.8,-99.8,-99.8,-99.8,0.0,-99.8,-99.8,-99.8,-99.8,-99.8,-99.8,-99.8
2022-07-19 15:00:00,1004.7,28.9,78.0,-99.8,-99.8,-99.8,-99.8,0.0,-99.8,-99.8,-99.8,-99.8,-99.8,-99.8,-99.8
2022-07-19 16:00:00,1004.8,28.4,79.0,-99.8,-99.8,-99.8,-99.8,0.0,-99.8,-99.8,-99.8,-99.8,-99.8,-99.8,-99.8
2022-07-19 17:00:00,1005.2,27.7,82.0,-99.8,-99.8,-99.8,-99.8,0.0,-99.8,-99.8,-99.8,-99.8,-99.8,-99.8,-99.8
2022-07-19 18:00:00,1005.5,27.3,85.0,-99.8,-99.8,-99.8,-99.8,0.0,-99.8,-99.8,-99.8,-99.8,-99.8,-99.8,-99.8
2022-07-19 19:00:00,1006.0,27.1,82.0,-99.8,-99.8,-99.8,-99.8,0.0,-99.8,-99.8,-99.8,-99.8,-99.8,-99.8,-99.8
2022-07-19 20:00:00,1006.9,27.0,84.0,-99.8,-99.8,-99.8,-99.8,0.0,-99.8,-99.8,-99.8,-99.8,-99.8,-99.8,-99.8
2022-07-19 21:00:00,1007.2,26.6,87.0,-99.8,-99.8,-99.8,-99.8,0.0,-99.8,-99.8,-99.8,-99.8,-99.8,-99.8,-99.8
2022-07-19 22:00:00,1007.8,26.5,89.0,-99.8,-99.8,-99.8,-99.8,0.0,-99.8,-99.8,-99.8,-99.8,-99.8,-99.8,-99.8
2022-07-19 23:00:00,1007.8,26.9,86.0,-99.8,-99.8,-99.8,-99.8,0.0,-99.8,-99.8,-99.8,-99.8,-99.8,-99.8,-99.8
2022-07-20 00:00:00,1008.1,26.8,87.0,-99.8,-99.8,-99.8,-99.8,0.0,-99.8,-99.8,-99.8,-99.8,-99.8,-99.8,-99.8
2022-07-20 01:00:00,1007.9,26.3,90.0,-99.8,-99.8,-99.8,-99.8,0.0,-99.8,-99.8,-99.8,-99.8,-99.8,-99.8,-99.8
2022-07-20 02:00:00,1007.7,26.3,91.0,-99.8,-99.8,-99.8,-99.8,0.0,-99.8,-99.8,-99.8,-99.8,-99.8,-99.8,-99.8
2022-07-20 03:00:00,1007.7,26.4,87.0,-99.8,-99.8,-99.8,-99.8,0.0,-99.8,-99.8,-99.8,-99.8,-99.8,-99.8,-99.8
2022-07-20 04:00:00,1007.6,26.3,89.0,-99.8,-99.8,-99.8,-99.8,0.0,-99.8,-99.8,-99.8,-99.8,-99.8,-99.8,-99.8
2022-07-20 05:00:00,1007.8,26.6,87.0,-99.8,-99.8,-99.8,-99.8,0.0,-99.8,-99.8,-99.8,-99.8,-99.8,-99.8,-99.8
2022-07-20 06:00:00,1008.3,26.6,88.0,-99.8,-99.8,-99.8,-99.8,0.0,-99.8,-99.8,-99.8,-99.8,-99.8,-99.8,-99.8
2022-07-20 07:00:00,1008.7,27.6,82.0,-99.8,-99.8,-99.8,-99.8,0.0,-99.8,-99.8,-99.8,-99.8,-99.8,-99.8,-99.8
2022-07-20 08:00:00,1009.0,28.5,78.0,-99.8,-99.8,-99.8,-99.8,0.0,-99.8,-99.8,-99.8,-99.8,-99.8,-99.8,-99.8
2022-07-20 09:00:00,1008.9,29.2,77.0,-99.8,-99.8,-99.8,-99.8,0.0,-99.8,-99.8,-99.8,-99.8,-99.8,-99.8,-99.8
2022-07-20 10:00:00,1009.0,30.1,74.0,-99.8,-99.8,-99.8,-99.8,0.0,-99.8,-99.8,-99.8,-99.8,-99.8,-99.8,-99.8
2022-07-20 11:00:00,1008.8,30.3,73.0,-99.8,-99.8,-99.8,-99.8,0.0,-99.8,-99.8,-99.8,-99.8,-99.8,-99.8,-99.8
2022-07-20 12:00:00,1008.6,30.3,74.0,-99.8,-99.8,-99.8,-99.8,0.0,-99.8,-99.8,-99.8,-99.8,-99.8,-99.8,-99.8
2022-07-20 13:00:00,1008.0,30.6,72.0,-99.8,-99.8,-99.8,-99.8,0.0,-99.8,-99.8,-99.8,-99.8,-99.8,-99.8,-99.8
2022-07-20 14:00:00,1008.0,30.1,75.0,-99.8,-99.8,-99.8,-99.8,0.0,-99.8,-99.8,-99.8,-99.8,-99.8,-99.8,-99.8
2022-07-20 15:00:00,1007.6,30.0,75.0,-99.8,-99.8,-99.8,-99.8,0.0,-99.8,-99.8,-99.8,-99.8,-99.8,-99.8,-99.8
2022-07-20 16:00:00,1007.6,29.6,77.0,-99.8,-99.8,-99.8,-99.8,0.0,-99.8,-99.8,-99.8,-99.8,-99.8,-99.8,-99.8
2022-07-20 17:00:00,1007.1,29.1,78.0,-99.8,-99.8,-99.8,-99.8,0.0,-99.8,-99.8,-99.8,-99.8,-99.8,-99.8,-99.8
2022-07-20 18:00:00,1007.6,28.6,79.0,-99.8,-99.8,-99.8,-99.8,0.0,-99.8,-99.8,-99.8,-99.8,-99.8,-99.8,-99.8
2022-07-20 19:00:00,1008.3,28.1,80.0,-99.8,-99.8,-99.8,-99.8,0.0,-99.8,-99.8,-99.8,-99.8,-99.8,-99.8,-99.8
2022-07-20 20:00:00,1008.7,27.4,83.0,-99.8,-99.8,-99.8,-99.8,0.0,-99.8,-99.8,-99.8,-99.8,-99.8,-99.8,-99.8
2022-07-20 21:00:00,1009.2,27.4,84.0,-99.8,-99.8,-99.8,-99.8,0.0,-99.8,-99.8,-99.8,-99.8,-99.8,-99.8,-99.8
2022-07-20 22:00:00,1009.6,27.0,87.0,-99.8,-99.8,-99.8,-99.8,0.0,-99.8,-99.8,-99.8,-99.8,-99.8,-99.8,-99.8
2022-07-20 23:00:00,1009.8,27.0,88.0,-99.8,-99.8,-99.8,-99.8,0.0,-99.8,-99.8,-99.8,-99.8,-99.8,-99.8,-99.8
2022-07-21 00:00:00,1009.6,26.5,89.0,-99.8,-99.8,-99.8,-99.8,0.0,-99.8,-99.8,-99.8,-99.8,-99.8,-99.8,-99.8
2022-07-21 01:00:00,1009.2,26.7,87.0,-99.8,-99.8,-99.8,-99.8,0.0,-99.8,-99.8,-99.8,-99.8,-99.8,-99.8,-99.8
2022-07-21 02:00:00,1009.2,26.5,86.0,-99.8,-99.8,-99.8,-99.8,0.0,-99.8,-99.8,-99.8,-99.8,-99.8,-99.8,-99.8
2022-07-21 03:00:00,1008.9,26.7,85.0,-99.8,-99.8,-99.8,-99.8,0.0,-99.8,-99.8,-99.8,-99.8,-99.8,-99.8,-99.8
2022-07-21 04:00:00,1009.0,26.4,87.0,-99.8,-99.8,-99.8,-99.8,0.0,-99.8,-99.8,-99.8,-99.8,-99.8,-99.8,-99.8
2022-07-21 05:00:00,1009.5,26.7,88.0,-99.8,-99.8,-99.8,-99.8,0.0,-99.8,-99.8,-99.8,-99.8,-99.8,-99.8,-99.8
2022-07-21 06:00:00,1009.8,26.5,90.0,-99.8,-99.8,-99.8,-99.8,0.0,-99.8,-99.8,-99.8,-99.8,-99.8,-99.8,-99.8
2022-07-21 07:00:00,1009.9,26.8,89.0,-99.8,-99.8,-99.8,-99.8,0.0,-99.8,-99.8,-99.8,-99.8,-99.8,-99.8,-99.8
2022-07-21 08:00:00,1010.1,27.3,88.0,-99.8,-99.8,-99.8,-99.8,0.0,-99.8,-99.8,-99.8,-99.8,-99.8,-99.8,-99.8
2022-07-21 09:00:00,1010.0,28.2,84.0,-99.8,-99.8,-99.8,-99.8,0.0,-99.8,-99.8,-99.8,-99.8,-99.8,-99.8,-99.8
2022-07-21 10:00:00,1010.1,29.0,82.0,-99.8,-99.8,-99.8,-99.8,0.0,-99.8,-99.8,-99.8,-99.8,-99.8,-99.8,-99.8
2022-07-21 11:00:00,1010.0,30.0,78.0,-99.8,-99.8,-99.8,-99.8,0.0,-99.8,-99.8,-99.8,-99.8,-99.8,-99.8,-99.8
2022-07-21 12:00:00,1009.5,29.0,80.0,-99.8,-99.8,-99.8,-99.8,0.0,-99.8,-99.8,-99.8,-99.8,-99.8,-99.8,-99.8
2022-07-21 13:00:00,1009.0,29.2,81.0,-99.8,-99.8,-99.8,-99.8,0.0,-99.8,-99.8,-99.8,-99.8,-99.8,-99.8,-99.8
2022-07-21 14:00:00,1008.6,29.9,77.0,-99.8,-99.8,-99.8,-99.8,0.0,-99.8,-99.8,-99.8,-99.8,-99.8,-99.8,-99.8
2022-07-21 15:00:00,1008.0,29.5,77.0,-99.8,-99.8,-99.8,-99.8,0.0,-99.8,-99.8,-99.8,-99.8,-99.8,-99.8,-99.8
2022-07-21 16:00:00,1007.8,29.2,78.0,-99.8,-99.8,-99.8,-99.8,0.0,-99.8,-99.8,-99.8,-99.8,-99.8,-99.8,-99.8
2022-07-21 17:00:00,1007.7,28.8,78.0,-99.8,-99.8,-99.8,-99.8,0.0,-99.8,-99.8,-99.8,-99.8,-99.8,-99.8,-99.8
2022-07-21 18:00:00,1007.8,28.1,80.0,-99.8,-99.8,-99.8,-99.8,0.0,-99.8,-99.8,-99.8,-99.8,-99.8,-99.8,-99.8
2022-07-21 19:00:00,1008.1,27.8,80.0,-99.8,-99.8,-99.8,-99.8,0.0,-99.8,-99.8,-99.8,-99.8,-99.8,-99.8,-99.8
2022-07-21 20:00:00,1008.8,27.5,81.0,-99.8,-99.8,-99.8,-99.8,0.0,-99.8,-99.8,-99.8,-99.8,-99.8,-99.8,-99.8
2022-07-21 21:00:00,1009.4,27.5,81.0,-99.8,-99.8,-99.8,-99.8,0.0,-99.8,-99.8,-99.8,-99.8,-99.8,-99.8,-99.8
2022-07-21 22:00:00,1009.9,28.0,78.0,-99.8,-99.8,-99.8,-99.8,0.0,-99.8,-99.8,-99.8,-99.8,-99.8,-99.8,-99.8
2022-07-21 23:00:00,1009.6,27.8,79.0,-99.8,-99.8,-99.8,-99.8,0.0,-99.8,-99.8,-99.8,-99.8,-99.8,-99.8,-99.8
2022-07-22 00:00:00,1009.2,27.8,79.0,-99.8,-99.8,-99.8,-99.8,0.0,-99.8,-99.8,-99.8,-99.8,-99.8,-99.8,-99.8
2022-07-22 01:00:00,1008.7,27.6,80.0,-99.8,-99.8,-99.8,-99.8,0.0,-99.8,-99.8,-99.8,-99.8,-99.8,-99.8,-99.8
2022-07-22 02:00:00,1008.5,27.5,81.0,-99.8,-99.8,-99.8,-99.8,0.0,-99.8,-99.8,-99.8,-99.8,-99.8,-99.8,-99.8
2022-07-22 03:00:00,1008.4,26.7,85.0,-99.8,-99.8,-99.8,-99.8,0.0,-99.8,-99.8,-99.8,-99.8,-99.8,-99.8,-99.8
2022-07-22 04:00:00,1008.3,27.1,83.0,-99.8,-99.8,-99.8,-99.8,0.0,-99.8,-99.8,-99.8,-99.8,-99.8,-99.8,-99.8
2022-07-22 05:00:00,1008.5,27.1,84.0,-99.8,-99.8,-99.8,-99.8,0.0,-99.8,-99.8,-99.8,-99.8,-99.8,-99.8,-99.8
2022-07-22 06:00:00,1008.8,27.0,85.0,-99.8,-99.8,-99.8,-99.8,0.0,-99.8,-99.8,-99.8,-99.8,-99.8,-99.8,-99.8
2022-07-22 07:00:00,1009.2,28.1,82.0,-99.8,-99.8,-99.8,-99.8,0.0,-99.8,-99.8,-99.8,-99.8,-99.8,-99.8,-99.8
2022-07-22 08:00:00,1009.2,29.4,78.0,-99.8,-99.8,-99.8,-99.8,0.0,-99.8,-99.8,-99.8,-99.8,-99.8,-99.8,-99.8
2022-07-22 09:00:00,1009.2,29.5,79.0,-99.8,-99.8,-99.8,-99.8,0.0,-99.8,-99.8,-99.8,-99.8,-99.8,-99.8,-99.8
2022-07-22 10:00:00,1008.9,28.9,81.0,-99.8,-99.8,-99.8,-99.8,0.0,-99.8,-99.8,-99.8,-99.8,-99.8,-99.8,-99.8
2022-07-22 11:00:00,1008.3,29.9,78.0,-99.8,-99.8,-99.8,-99.8,0.0,-99.8,-99.8,-99.8,-99.8,-99.8,-99.8,-99.8
2022-07-22 12:00:00,1007.8,30.4,76.0,-99.8,-99.8,-99.8,-99.8,0.0,-99.8,-99.8,-99.8,-99.8,-99.8,-99.8,-99.8
2022-07-22 13:00:00,1007.5,30.6,75.0,-99.8,-99.8,-99.8,-99.8,0.0,-99.8,-99.8,-99.8,-99.8,-99.8,-99.8,-99.8
2022-07-22 14:00:00,1007.0,30.6,75.0,-99.8,-99.8,-99.8,-99.8,0.0,-99.8,-99.8,-99.8,-99.8,-99.8,-99.8,-99.8
2022-07-22 15:00:00,1006.6,29.1,82.0,-99.8,-99.8,-99.8,-99.8,0.0,-99.8,-99.8,-99.8,-99.8,-99.8,-99.8,-99.8
2022-07-22 16:00:00,1006.5,28.7,82.0,-99.8,-99.8,-99.8,-99.8,0.0,-99.8,-99.8,-99.8,-99.8,-99.8,-99.8,-99.8
2022-07-22 17:00:00,1006.6,28.8,83.0,-99.8,-99.8,-99.8,-99.8,0.0,-99.8,-99.8,-99.8,-99.8,-99.8,-99.8,-99.8
2022-07-22 18:00:00,1006.6,28.4,83.0,-99.8,-99.8,-99.8,-99.8,0.0,-99.8,-99.8,-99.8,-99.8,-99.8,-99.8,-99.8
2022-07-22 19:00:00,1007.1,28.6,82.0,-99.8,-99.8,-99.8,-99.8,0.0,-99.8,-99.8,-99.8,-99.8,-99.8,-99.8,-99.8
2022-07-22 20:00:00,1007.4,28.0,84.0,-99.8,-99.8,-99.8,-99.8,0.0,-99.8,-99.8,-99.8,-99.8,-99.8,-99.8,-99.8
2022-07-22 21:00:00,1007.7,27.3,88.0,-99.8,-99.8,-99.8,-99.8,0.0,-99.8,-99.8,-99.8,-99.8,-99.8,-99.8,-99.8
2022-07-22 22:00:00,1007.9,27.7,86.0,-99.8,-99.8,-99.8,-99.8,0.0,-99.8,-99.8,-99.8,-99.8,-99.8,-99.8,-99.8
2022-07-22 23:00:00,1007.8,27.9,84.0,-99.8,-99.8,-99.8,-99.8,0.0,-99.8,-99.8,-99.8,-99.8,-99.8,-99.8,-99.8
2022-07-23 00:00:00,1007.5,27.1,88.0,-99.8,-99.8,-99.8,-99.8,0.0,-99.8,-99.8,-99.8,-99.8,-99.8,-99.8,-99.8
2022-07-23 01:00:00,1007.0,27.2,86.0,-99.8,-99.8,-99.8,-99.8,0.0,-99.8,-99.8,-99.8,-99.8,-99.8,-99.8,-99.8
2022-07-23 02:00:00,1006.6,26.8,87.0,-99.8,-99.8,-99.8,-99.8,0.0,-99.8,-99.8,-99.8,-99.8,-99.8,-99.8,-99.8
2022-07-23 03:00:00,1006.4,26.8,87.0,-99.8,-99.8,-99.8,-99.8,0.0,-99.8,-99.8,-99.8,-99.8,-99.8,-99.8,-99.8
2022-07-23 04:00:00,1006.3,26.9,86.0,-99.8,-99.8,-99.8,-99.8,0.0,-99.8,-99.8,-99.8,-99.8,-99.8,-99.8,-99.8
2022-07-23 05:00:00,1006.3,26.9,86.0,-99.8,-99.8,-99.8,-99.8,0.0,-99.8,-99.8,-99.8,-99.8,-99.8,-99.8,-99.8
2022-07-23 06:00:00,1006.5,26.9,88.0,-99.8,-99.8,-99.8,-99.8,0.0,-99.8,-99.8,-99.8,-99.8,-99.8,-99.8,-99.8
2022-07-23 07:00:00,1006.6,27.1,88.0,-99.8,-99.8,-99.8,-99.8,0.0,-99.8,-99.8,-99.8,-99.8,-99.8,-99.8,-99.8
2022-07-23 08:00:00,1006.6,27.7,86.0,-99.8,-99.8,-99.8,-99.8,0.0,-99.8,-99.8,-99.8,-99.8,-99.8,-99.8,-99.8
2022-07-23 09:00:00,1006.7,27.7,85.0,-99.8,-99.8,-99.8,-99.8,0.0,-99.8,-99.8,-99.8,-99.8,-99.8,-99.8,-99.8
2022-07-23 10:00:00,1006.7,28.7,82.0,-99.8,-99.8,-99.8,-99.8,0.0,-99.8,-99.8,-99.8,-99.8,-99.8,-99.8,-99.8
2022-07-23 11:00:00,1006.3,29.1,80.0,-99.8,-99.8,-99.8,-99.8,0.0,-99.8,-99.8,-99.8,-99.8,-99.8,-99.8,-99.8
2022-07-23 12:00:00,1005.9,29.0,83.0,-99.8,-99.8,-99.8,-99.8,0.0,-99.8,-99.8,-99.8,-99.8,-99.8,-99.8,-99.8
2022-07-23 13:00:00,1005.1,29.0,83.0,-99.8,-99.8,-99.8,-99.8,0.0,-99.8,-99.8,-99.8,-99.8,-99.8,-99.8,-99.8
2022-07-23 14:00:00,1004.6,29.0,82.0,-99.8,-99.8,-99.8,-99.8,0.0,-99.8,-99.8,-99.8,-99.8,-99.8,-99.8,-99.8
2022-07-23 15:00:00,1004.3,28.7,84.0,-99.8,-99.8,-99.8,-99.8,0.0,-99.8,-99.8,-99.8,-99.8,-99.8,-99.8,-99.8
2022-07-23 16:00:00,1004.2,28.7,83.0,-99.8,-99.8,-99.8,-99.8,0.0,-99.8,-99.8,-99.8,-99.8,-99.8,-99.8,-99.8
2022-07-23 17:00:00,1004.0,28.4,84.0,-99.8,-99.8,-99.8,-99.8,0.0,-99.8,-99.8,-99.8,-99.8,-99.8,-99.8,-99.8
2022-07-23 18:00:00,1004.4,27.8,85.0,-99.8,-99.8,-99.8,-99.8,0.0,-99.8,-99.8,-99.8,-99.8,-99.8,-99.8,-99.8
2022-07-23 19:00:00,1004.9,27.9,85.0,-99.8,-99.8,-99.8,-99.8,0.0,-99.8,-99.8,-99.8,-99.8,-99.8,-99.8,-99.8
2022-07-23 20:00:00,1005.1,27.5,87.0,-99.8,-99.8,-99.8,-99.8,0.0,-99.8,-99.8,-99.8,-99.8,-99.8,-99.8,-99.8
2022-07-23 21:00:00,1005.3,27.2,87.0,-99.8,-99.8,-99.8,-99.8,0.0,-99.8,-99.8,-99.8,-99.8,-99.8,-99.8,-99.8
2022-07-23 22:00:00,1005.5,27.3,87.0,-99.8,-99.8,-99.8,-99.8,0.0,-99.8,-99.8,-99.8,-99.8,-99.8,-99.8,-99.8
2022-07-23 23:00:00,1005.4,27.1,88.0,-99.8,-99.8,-99.8,-99.8,0.0,-99.8,-99.8,-99.8,-99.8,-99.8,-99.8,-99.8
2022-07-24 00:00:00,1004.9,27.0,88.0,-99.8,-99.8,-99.8,-99.8,0.0,-99.8,-99.8,-99.8,-99.8,-99.8,-99.8,-99.8
2022-07-24 01:00:00,1004.3,27.1,87.0,-99.8,-99.8,-99.8,-99.8,0.0,-99.8,-99.8,-99.8,-99.8,-99.8,-99.8,-99.8
2022-07-24 02:00:00,1004.1,27.2,87.0,-99.8,-99.8,-99.8,-99.8,0.0,-99.8,-99.8,-99.8,-99.8,-99.8,-99.8,-99.8
2022-07-24 03:00:00,1004.1,27.1,88.0,-99.8,-99.8,-99.8,-99.8,0.0,-99.8,-99.8,-99.8,-99.8,-99.8,-99.8,-99.8
2022-07-24 04:00:00,1004.0,26.9,90.0,-99.8,-99.8,-99.8,-99.8,0.0,-99.8,-99.8,-99.8,-99.8,-99.8,-99.8,-99.8
2022-07-24 05:00:00,1004.0,26.9,91.0,-99.8,-99.8,-99.8,-99.8,0.0,-99.8,-99.8,-99.8,-99.8,-99.8,-99.8,-99.8
2022-07-24 06:00:00,1004.9,27.0,90.0,-99.8,-99.8,-99.8,-99.8,0.0,-99.8,-99.8,-99.8,-99.8,-99.8,-99.8,-99.8
2022-07-24 07:00:00,1005.2,26.8,91.0,-99.8,-99.8,-99.8,-99.8,0.0,-99.8,-99.8,-99.8,-99.8,-99.8,-99.8,-99.8
2022-07-24 08:00:00,1005.5,27.6,87.0,-99.8,-99.8,-99.8,-99.8,0.0,-99.8,-99.8,-99.8,-99.8,-99.8,-99.8,-99.8
2022-07-24 09:00:00,1005.8,27.6,87.0,-99.8,-99.8,-99.8,-99.8,0.0,-99.8,-99.8,-99.8,-99.8,-99.8,-99.8,-99.8
2022-07-24 10:00:00,1005.7,28.4,85.0,-99.8,-99.8,-99.8,-99.8,0.0,-99.8,-99.8,-99.8,-99.8,-99.8,-99.8,-99.8
2022-07-24 11:00:00,1005.6,29.3,81.0,-99.8,-99.8,-99.8,-99.8,0.0,-99.8,-99.8,-99.8,-99.8,-99.8,-99.8,-99.8
2022-07-24 12:00:00,1005.0,29.7,79.0,-99.8,-99.8,-99.8,-99.8,0.0,-99.8,-99.8,-99.8,-99.8,-99.8,-99.8,-99.8
2022-07-24 13:00:00,1004.7,29.2,82.0,-99.8,-99.8,-99.8,-99.8,0.0,-99.8,-99.8,-99.8,-99.8,-99.8,-99.8,-99.8
2022-07-24 14:00:00,1004.3,29.3,82.0,-99.8,-99.8,-99.8,-99.8,0.0,-99.8,-99.8,-99.8,-99.8,-99.8,-99.8,-99.8
2022-07-24 15:00:00,1003.6,29.1,82.0,-99.8,-99.8,-99.8,-99.8,0.0,-99.8,-99.8,-99.8,-99.8,-99.8,-99.8,-99.8
2022-07-24 16:00:00,1003.2,28.8,84.0,-99.8,-99.8,-99.8,-99.8,0.0,-99.8,-99.8,-99.8,-99.8,-99.8,-99.8,-99.8
2022-07-24 17:00:00,1003.2,28.6,84.0,-99.8,-99.8,-99.8,-99.8,0.0,-99.8,-99.8,-99.8,-99.8,-99.8,-99.8,-99.8
2022-07-24 18:00:00,1003.6,28.5,85.0,-99.8,-99.8,-99.8,-99.8,0.0,-99.8,-99.8,-99.8,-99.8,-99.8,-99.8,-99.8
2022-07-24 19:00:00,1003.9,28.0,86.0,-99.8,-99.8,-99.8,-99.8,0.0,-99.8,-99.8,-99.8,-99.8,-99.8,-99.8,-99.8
2022-07-24 20:00:00,1004.5,28.0,86.0,-99.8,-99.8,-99.8,-99.8,0.0,-99.8,-99.8,-99.8,-99.8,-99.8,-99.8,-99.8
2022-07-24 21:00:00,1005.3,27.5,89.0,-99.8,-99.8,-99.8,-99.8,0.0,-99.8,-99.8,-99.8,-99.8,-99.8,-99.8,-99.8
2022-07-24 22:00:00,1005.8,27.2,91.0,-99.8,-99.8,-99.8,-99.8,0.0,-99.8,-99.8,-99.8,-99.8,-99.8,-99.8,-99.8
2022-07-24 23:00:00,1005.8,27.2,91.0,-99.8,-99.8,-99.8,-99.8,0.0,-99.8,-99.8,-99.8,-99.8,-99.8,-99.8,-99.8
2022-07-25 00:00:00,1005.6,26.9,91.0,-99.8,-99.8,-99.8,-99.8,0.0,-99.8,-99.8,-99.8,-99.8,-99.8,-99.8,-99.8
2022-07-25 01:00:00,1005.7,27.3,88.0,-99.8,-99.8,-99.8,-99.8,0.0,-99.8,-99.8,-99.8,-99.8,-99.8,-99.8,-99.8
2022-07-25 02:00:00,1006.0,26.0,91.0,-99.8,-99.8,-99.8,-99.8,0.0,-99.8,-99.8,-99.8,-99.8,-99.8,-99.8,-99.8
2022-07-25 03:00:00,1005.9,25.5,93.0,-99.8,-99.8,-99.8,-99.8,0.0,-99.8,-99.8,-99.8,-99.8,-99.8,-99.8,-99.8
2022-07-25 04:00:00,1006.2,25.7,94.0,-99.8,-99.8,-99.8,-99.8,0.0,-99.8,-99.8,-99.8,-99.8,-99.8,-99.8,-99.8
2022-07-25 05:00:00,1006.5,26.0,94.0,-99.8,-99.8,-99.8,-99.8,0.0,-99.8,-99.8,-99.8,-99.8,-99.8,-99.8,-99.8
2022-07-25 06:00:00,1007.3,26.3,95.0,-99.8,-99.8,-99.8,-99.8,0.0,-99.8,-99.8,-99.8,-99.8,-99.8,-99.8,-99.8
2022-07-25 07:00:00,1008.0,26.4,94.0,-99.8,-99.8,-99.8,-99.8,0.0,-99.8,-99.8,-99.8,-99.8,-99.8,-99.8,-99.8
2022-07-25 08:00:00,1008.4,26.8,92.0,-99.8,-99.8,-99.8,-99.8,0.0,-99.8,-99.8,-99.8,-99.8,-99.8,-99.8,-99.8
2022-07-25 09:00:00,1008.7,27.2,91.0,-99.8,-99.8,-99.8,-99.8,0.0,-99.8,-99.8,-99.8,-99.8,-99.8,-99.8,-99.8
2022-07-25 10:00:00,1008.7,27.6,89.0,-99.8,-99.8,-99.8,-99.8,0.0,-99.8,-99.8,-99.8,-99.8,-99.8,-99.8,-99.8
2022-07-25 11:00:00,1008.5,28.2,87.0,-99.8,-99.8,-99.8,-99.8,0.0,-99.8,-99.8,-99.8,-99.8,-99.8,-99.8,-99.8
2022-07-25 12:00:00,1008.0,29.5,80.0,-99.8,-99.8,-99.8,-99.8,0.0,-99.8,-99.8,-99.8,-99.8,-99.8,-99.8,-99.8
2022-07-25 13:00:00,1007.2,29.6,79.0,-99.8,-99.8,-99.8,-99.8,0.0,-99.8,-99.8,-99.8,-99.8,-99.8,-99.8,-99.8
2022-07-25 14:00:00,1006.4,29.7,81.0,-99.8,-99.8,-99.8,-99.8,0.0,-99.8,-99.8,-99.8,-99.8,-99.8,-99.8,-99.8
2022-07-25 15:00:00,1005.9,29.8,81.0,-99.8,-99.8,-99.8,-99.8,0.0,-99.8,-99.8,-99.8,-99.8,-99.8,-99.8,-99.8
2022-07-25 16:00:00,1005.5,29.6,80.0,-99.8,-99.8,-99.8,-99.8,0.0,-99.8,-99.8,-99.8,-99.8,-99.8,-99.8,-99.8
2022-07-25 17:00:00,1005.2,28.7,84.0,-99.8,-99.8,-99.8,-99.8,0.0,-99.8,-99.8,-99.8,-99.8,-99.8,-99.8,-99.8
2022-07-25 18:00:00,1005.7,28.2,83.0,-99.8,-99.8,-99.8,-99.8,0.0,-99.8,-99.8,-99.8,-99.8,-99.8,-99.8,-99.8
2022-07-25 19:00:00,1006.0,27.8,85.0,-99.8,-99.8,-99.8,-99.8,0.0,-99.8,-99.8,-99.8,-99.8,-99.8,-99.8,-99.8
2022-07-25 20:00:00,1006.6,27.5,85.0,-99.8,-99.8,-99.8,-99.8,0.0,-99.8,-99.8,-99.8,-99.8,-99.8,-99.8,-99.8
2022-07-25 21:00:00,1007.2,27.4,87.0,-99.8,-99.8,-99.8,-99.8,0.0,-99.8,-99.8,-99.8,-99.8,-99.8,-99.8,-99.8
2022-07-25 22:00:00,1007.4,27.1,90.0,-99.8,-99.8,-99.8,-99.8,0.0,-99.8,-99.8,-99.8,-99.8,-99.8,-99.8,-99.8
2022-07-25 23:00:00,1007.7,27.1,90.0,-99.8,-99.8,-99.8,-99.8,0.0,-99.8,-99.8,-99.8,-99.8,-99.8,-99.8,-99.8
2022-07-26 00:00:00,1007.7,26.7,92.0,-99.8,-99.8,-99.8,-99.8,0.0,-99.8,-99.8,-99.8,-99.8,-99.8,-99.8,-99.8
2022-07-26 01:00:00,1007.2,26.3,94.0,-99.8,-99.8,-99.8,-99.8,0.0,-99.8,-99.8,-99.8,-99.8,-99.8,-99.8,-99.8
2022-07-26 02:00:00,1007.0,26.2,94.0,-99.8,-99.8,-99.8,-99.8,0.0,-99.8,-99.8,-99.8,-99.8,-99.8,-99.8,-99.8
2022-07-26 03:00:00,1006.8,26.0,95.0,-99.8,-99.8,-99.8,-99.8,0.0,-99.8,-99.8,-99.8,-99.8,-99.8,-99.8,-99.8
2022-07-26 04:00:00,1006.6,26.1,94.0,-99.8,-99.8,-99.8,-99.8,0.0,-99.8,-99.8,-99.8,-99.8,-99.8,-99.8,-99.8
2022-07-26 05:00:00,1006.6,26.1,94.0,-99.8,-99.8,-99.8,-99.8,0.0,-99.8,-99.8,-99.8,-99.8,-99.8,-99.8,-99.8
2022-07-26 06:00:00,1006.8,26.2,94.0,-99.8,-99.8,-99.8,-99.8,0.0,-99.8,-99.8,-99.8,-99.8,-99.8,-99.8,-99.8
2022-07-26 07:00:00,1007.3,26.5,93.0,-99.8,-99.8,-99.8,-99.8,0.0,-99.8,-99.8,-99.8,-99.8,-99.8,-99.8,-99.8
2022-07-26 08:00:00,1007.5,26.9,90.0,-99.8,-99.8,-99.8,-99.8,0.0,-99.8,-99.8,-99.8,-99.8,-99.8,-99.8,-99.8
2022-07-26 09:00:00,1007.7,27.6,88.0,-99.8,-99.8,-99.8,-99.8,0.0,-99.8,-99.8,-99.8,-99.8,-99.8,-99.8,-99.8
2022-07-26 10:00:00,1007.7,28.0,85.0,-99.8,-99.8,-99.8,-99.8,0.0,-99.8,-99.8,-99.8,-99.8,-99.8,-99.8,-99.8
2022-07-26 11:00:00,1007.8,29.2,82.0,-99.8,-99.8,-99.8,-99.8,0.0,-99.8,-99.8,-99.8,-99.8,-99.8,-99.8,-99.8
2022-07-26 12:00:00,1007.3,29.1,81.0,-99.8,-99.8,-99.8,-99.8,0.0,-99.8,-99.8,-99.8,-99.8,-99.8,-99.8,-99.8
2022-07-26 13:00:00,1006.4,29.1,79.0,-99.8,-99.8,-99.8,-99.8,0.0,-99.8,-99.8,-99.8,-99.8,-99.8,-99.8,-99.8
2022-07-26 14:00:00,1005.8,30.1,76.0,-99.8,-99.8,-99.8,-99.8,0.0,-99.8,-99.8,-99.8,-99.8,-99.8,-99.8,-99.8
2022-07-26 15:00:00,1005.2,30.0,77.0,-99.8,-99.8,-99.8,-99.8,0.0,-99.8,-99.8,-99.8,-99.8,-99.8,-99.8,-99.8
2022-07-26 16:00:00,1004.4,29.5,77.0,-99.8,-99.8,-99.8,-99.8,0.0,-99.8,-99.8,-99.8,-99.8,-99.8,-99.8,-99.8
2022-07-26 17:00:00,1004.2,28.9,78.0,-99.8,-99.8,-99.8,-99.8,0.0,-99.8,-99.8,-99.8,-99.8,-99.8,-99.8,-99.8
2022-07-26 18:00:00,1004.6,28.6,77.0,-99.8,-99.8,-99.8,-99.8,0.0,-99.8,-99.8,-99.8,-99.8,-99.8,-99.8,-99.8
2022-07-26 19:00:00,1004.9,28.0,79.0,-99.8,-99.8,-99.8,-99.8,0.0,-99.8,-99.8,-99.8,-99.8,-99.8,-99.8,-99.8
2022-07-26 20:00:00,1005.0,28.3,75.0,-99.8,-99.8,-99.8,-99.8,0.0,-99.8,-99.8,-99.8,-99.8,-99.8,-99.8,-99.8
2022-07-26 21:00:00,1006.0,27.5,82.0,-99.8,-99.8,-99.8,-99.8,0.0,-99.8,-99.8,-99.8,-99.8,-99.8,-99.8,-99.8
2022-07-26 22:00:00,1006.7,27.3,82.0,-99.8,-99.8,-99.8,-99.8,0.0,-99.8,-99.8,-99.8,-99.8,-99.8,-99.8,-99.8
2022-07-26 23:00:00,1006.6,26.6,88.0,-99.8,-99.8,-99.8,-99.8,0.0,-99.8,-99.8,-99.8,-99.8,-99.8,-99.8,-99.8
2022-07-27 00:00:00,1006.3,26.6,88.0,-99.8,-99.8,-99.8,-99.8,0.0,-99.8,-99.8,-99.8,-99.8,-99.8,-99.8,-99.8
2022-07-27 01:00:00,1005.8,26.6,89.0,-99.8,-99.8,-99.8,-99.8,0.0,-99.8,-99.8,-99.8,-99.8,-99.8,-99.8,-99.8
2022-07-27 02:00:00,1005.3,26.4,89.0,-99.8,-99.8,-99.8,-99.8,0.0,-99.8,-99.8,-99.8,-99.8,-99.8,-99.8,-99.8
2022-07-27 03:00:00,1004.8,26.4,88.0,-99.8,-99.8,-99.8,-99.8,0.0,-99.8,-99.8,-99.8,-99.8,-99.8,-99.8,-99.8
2022-07-27 04:00:00,1004.9,26.3,87.0,-99.8,-99.8,-99.8,-99.8,0.0,-99.8,-99.8,-99.8,-99.8,-99.8,-99.8,-99.8
2022-07-27 05:00:00,1005.3,26.2,89.0,-99.8,-99.8,-99.8,-99.8,0.0,-99.8,-99.8,-99.8,-99.8,-99.8,-99.8,-99.8
2022-07-27 06:00:00,1005.8,26.3,90.0,-99.8,-99.8,-99.8,-99.8,0.0,-99.8,-99.8,-99.8,-99.8,-99.8,-99.8,-99.8
2022-07-27 07:00:00,1006.3,26.9,88.0,-99.8,-99.8,-99.8,-99.8,0.0,-99.8,-99.8,-99.8,-99.8,-99.8,-99.8,-99.8
2022-07-27 08:00:00,1006.5,27.7,85.0,-99.8,-99.8,-99.8,-99.8,0.0,-99.8,-99.8,-99.8,-99.8,-99.8,-99.8,-99.8
2022-07-27 09:00:00,1006.7,28.3,83.0,-99.8,-99.8,-99.8,-99.8,0.0,-99.8,-99.8,-99.8,-99.8,-99.8,-99.8,-99.8
2022-07-27 10:00:00,1007.0,28.5,83.0,-99.8,-99.8,-99.8,-99.8,0.0,-99.8,-99.8,-99.8,-99.8,-99.8,-99.8,-99.8
2022-07-27 11:00:00,1006.8,28.5,83.0,-99.8,-99.8,-99.8,-99.8,0.0,-99.8,-99.8,-99.8,-99.8,-99.8,-99.8,-99.8
2022-07-27 12:00:00,1006.6,29.0,82.0,-99.8,-99.8,-99.8,-99.8,0.0,-99.8,-99.8,-99.8,-99.8,-99.8,-99.8,-99.8
2022-07-27 13:00:00,1005.9,29.5,81.0,-99.8,-99.8,-99.8,-99.8,0.0,-99.8,-99.8,-99.8,-99.8,-99.8,-99.8,-99.8
2022-07-27 14:00:00,1005.2,29.3,80.0,-99.8,-99.8,-99.8,-99.8,0.0,-99.8,-99.8,-99.8,-99.8,-99.8,-99.8,-99.8
2022-07-27 15:00:00,1005.0,29.9,78.0,-99.8,-99.8,-99.8,-99.8,0.0,-99.8,-99.8,-99.8,-99.8,-99.8,-99.8,-99.8
2022-07-27 16:00:00,1005.0,29.5,80.0,-99.8,-99.8,-99.8,-99.8,0.0,-99.8,-99.8,-99.8,-99.8,-99.8,-99.8,-99.8
2022-07-27 17:00:00,1004.6,29.0,82.0,-99.8,-99.8,-99.8,-99.8,0.0,-99.8,-99.8,-99.8,-99.8,-99.8,-99.8,-99.8
2022-07-27 18:00:00,1004.6,28.1,84.0,-99.8,-99.8,-99.8,-99.8,0.0,-99.8,-99.8,-99.8,-99.8,-99.8,-99.8,-99.8
2022-07-27 19:00:00,1005.2,28.0,83.0,-99.8,-99.8,-99.8,-99.8,0.0,-99.8,-99.8,-99.8,-99.8,-99.8,-99.8,-99.8
2022-07-27 20:00:00,1005.3,27.6,88.0,-99.8,-99.8,-99.8,-99.8,0.0,-99.8,-99.8,-99.8,-99.8,-99.8,-99.8,-99.8
2022-07-27 21:00:00,1006.0,27.5,87.0,-99.8,-99.8,-99.8,-99.8,0.0,-99.8,-99.8,-99.8,-99.8,-99.8,-99.8,-99.8
2022-07-27 22:00:00,1006.0,27.1,89.0,-99.8,-99.8,-99.8,-99.8,0.0,-99.8,-99.8,-99.8,-99.8,-99.8,-99.8,-99.8
2022-07-27 23:00:00,1006.7,26.8,90.0,-99.8,-99.8,-99.8,-99.8,0.0,-99.8,-99.8,-99.8,-99.8,-99.8,-99.8,-99.8
2022-07-28 00:00:00,1006.5,26.8,90.0,-99.8,-99.8,-99.8,-99.8,0.0,-99.8,-99.8,-99.8,-99.8,-99.8,-99.8,-99.8
2022-07-28 01:00:00,1006.1,26.8,91.0,-99.8,-99.8,-99.8,-99.8,0.0,-99.8,-99.8,-99.8,-99.8,-99.8,-99.8,-99.8
2022-07-28 02:00:00,1006.2,26.6,91.0,-99.8,-99.8,-99.8,-99.8,0.0,-99.8,-99.8,-99.8,-99.8,-99.8,-99.8,-99.8
2022-07-28 03:00:00,1005.8,26.5,93.0,-99.8,-99.8,-99.8,-99.8,0.0,-99.8,-99.8,-99.8,-99.8,-99.8,-99.8,-99.8
2022-07-28 04:00:00,1005.7,26.3,93.0,-99.8,-99.8,-99.8,-99.8,0.0,-99.8,-99.8,-99.8,-99.8,-99.8,-99.8,-99.8
2022-07-28 05:00:00,1005.9,25.8,94.0,-99.8,-99.8,-99.8,-99.8,0.0,-99.8,-99.8,-99.8,-99.8,-99.8,-99.8,-99.8
2022-07-28 06:00:00,1006.2,25.3,94.0,-99.8,-99.8,-99.8,-99.8,0.0,-99.8,-99.8,-99.8,-99.8,-99.8,-99.8,-99.8
2022-07-28 07:00:00,1006.4,26.7,93.0,-99.8,-99.8,-99.8,-99.8,0.0,-99.8,-99.8,-99.8,-99.8,-99.8,-99.8,-99.8
2022-07-28 08:00:00,1006.7,27.2,90.0,-99.8,-99.8,-99.8,-99.8,0.0,-99.8,-99.8,-99.8,-99.8,-99.8,-99.8,-99.8
2022-07-28 09:00:00,1006.7,27.6,89.0,-99.8,-99.8,-99.8,-99.8,0.0,-99.8,-99.8,-99.8,-99.8,-99.8,-99.8,-99.8
2022-07-28 10:00:00,1006.8,28.2,85.0,-99.8,-99.8,-99.8,-99.8,0.0,-99.8,-99.8,-99.8,-99.8,-99.8,-99.8,-99.8
2022-07-28 11:00:00,1006.8,28.2,84.0,-99.8,-99.8,-99.8,-99.8,0.0,-99.8,-99.8,-99.8,-99.8,-99.8,-99.8,-99.8
2022-07-28 12:00:00,1006.1,28.4,83.0,-99.8,-99.8,-99.8,-99.8,0.0,-99.8,-99.8,-99.8,-99.8,-99.8,-99.8,-99.8
2022-07-28 13:00:00,1005.5,28.5,82.0,-99.8,-99.8,-99.8,-99.8,0.0,-99.8,-99.8,-99.8,-99.8,-99.8,-99.8,-99.8
2022-07-28 14:00:00,1005.1,29.4,79.0,-99.8,-99.8,-99.8,-99.8,0.0,-99.8,-99.8,-99.8,-99.8,-99.8,-99.8,-99.8
2022-07-28 15:00:00,1004.3,30.3,75.0,-99.8,-99.8,-99.8,-99.8,0.0,-99.8,-99.8,-99.8,-99.8,-99.8,-99.8,-99.8
2022-07-28 16:00:00,1004.2,29.2,79.0,-99.8,-99.8,-99.8,-99.8,0.0,-99.8,-99.8,-99.8,-99.8,-99.8,-99.8,-99.8
2022-07-28 17:00:00,1003.9,28.8,80.0,-99.8,-99.8,-99.8,-99.8,0.0,-99.8,-99.8,-99.8,-99.8,-99.8,-99.8,-99.8
2022-07-28 18:00:00,1004.2,28.5,82.0,-99.8,-99.8,-99.8,-99.8,0.0,-99.8,-99.8,-99.8,-99.8,-99.8,-99.8,-99.8
2022-07-28 19:00:00,1004.8,27.7,85.0,-99.8,-99.8,-99.8,-99.8,0.0,-99.8,-99.8,-99.8,-99.8,-99.8,-99.8,-99.8
2022-07-28 20:00:00,1005.2,25.8,90.0,-99.8,-99.8,-99.8,-99.8,0.0,-99.8,-99.8,-99.8,-99.8,-99.8,-99.8,-99.8
2022-07-28 21:00:00,1005.7,25.8,89.0,-99.8,-99.8,-99.8,-99.8,0.0,-99.8,-99.8,-99.8,-99.8,-99.8,-99.8,-99.8
2022-07-28 22:00:00,1005.9,25.0,90.0,-99.8,-99.8,-99.8,-99.8,0.0,-99.8,-99.8,-99.8,-99.8,-99.8,-99.8,-99.8
2022-07-28 23:00:00,1006.0,24.8,90.0,-99.8,-99.8,-99.8,-99.8,0.0,-99.8,-99.8,-99.8,-99.8,-99.8,-99.8,-99.8
2022-07-29 00:00:00,1005.9,25.3,92.0,-99.8,-99.8,-99.8,-99.8,0.0,-99.8,-99.8,-99.8,-99.8,-99.8,-99.8,-99.8
2022-07-29 01:00:00,1005.5,26.2,89.0,-99.8,-99.8,-99.8,-99.8,0.0,-99.8,-99.8,-99.8,-99.8,-99.8,-99.8,-99.8
2022-07-29 02:00:00,1005.2,26.3,89.0,-99.8,-99.8,-99.8,-99.8,0.0,-99.8,-99.8,-99.8,-99.8,-99.8,-99.8,-99.8
2022-07-29 03:00:00,1004.9,26.1,89.0,-99.8,-99.8,-99.8,-99.8,0.0,-99.8,-99.8,-99.8,-99.8,-99.8,-99.8,-99.8
2022-07-29 04:00:00,1004.6,25.8,89.0,-99.8,-99.8,-99.8,-99.8,0.0,-99.8,-99.8,-99.8,-99.8,-99.8,-99.8,-99.8
2022-07-29 05:00:00,1004.5,26.4,89.0,-99.8,-99.8,-99.8,-99.8,0.0,-99.8,-99.8,-99.8,-99.8,-99.8,-99.8,-99.8
2022-07-29 06:00:00,1004.7,26.7,88.0,-99.8,-99.8,-99.8,-99.8,0.0,-99.8,-99.8,-99.8,-99.8,-99.8,-99.8,-99.8
2022-07-29 07:00:00,1005.1,27.0,87.0,-99.8,-99.8,-99.8,-99.8,0.0,-99.8,-99.8,-99.8,-99.8,-99.8,-99.8,-99.8
2022-07-29 08:00:00,1005.2,27.8,83.0,-99.8,-99.8,-99.8,-99.8,0.0,-99.8,-99.8,-99.8,-99.8,-99.8,-99.8,-99.8
2022-07-29 09:00:00,1005.4,28.2,76.0,-99.8,-99.8,-99.8,-99.8,0.0,-99.8,-99.8,-99.8,-99.8,-99.8,-99.8,-99.8
2022-07-29 10:00:00,1005.4,28.0,79.0,-99.8,-99.8,-99.8,-99.8,0.0,-99.8,-99.8,-99.8,-99.8,-99.8,-99.8,-99.8
2022-07-29 11:00:00,1005.2,29.1,75.0,-99.8,-99.8,-99.8,-99.8,0.0,-99.8,-99.8,-99.8,-99.8,-99.8,-99.8,-99.8
2022-07-29 12:00:00,1005.1,29.2,75.0,-99.8,-99.8,-99.8,-99.8,0.0,-99.8,-99.8,-99.8,-99.8,-99.8,-99.8,-99.8
2022-07-29 13:00:00,1004.5,30.1,73.0,-99.8,-99.8,-99.8,-99.8,0.0,-99.8,-99.8,-99.8,-99.8,-99.8,-99.8,-99.8
2022-07-29 14:00:00,1003.8,30.3,75.0,-99.8,-99.8,-99.8,-99.8,0.0,-99.8,-99.8,-99.8,-99.8,-99.8,-99.8,-99.8
2022-07-29 15:00:00,1003.2,29.7,74.0,-99.8,-99.8,-99.8,-99.8,0.0,-99.8,-99.8,-99.8,-99.8,-99.8,-99.8,-99.8
2022-07-29 16:00:00,1002.7,30.2,69.0,-99.8,-99.8,-99.8,-99.8,0.0,-99.8,-99.8,-99.8,-99.8,-99.8,-99.8,-99.8
2022-07-29 17:00:00,1002.4,29.3,73.0,-99.8,-99.8,-99.8,-99.8,0.0,-99.8,-99.8,-99.8,-99.8,-99.8,-99.8,-99.8
2022-07-29 18:00:00,1002.8,28.5,78.0,-99.8,-99.8,-99.8,-99.8,0.0,-99.8,-99.8,-99.8,-99.8,-99.8,-99.8,-99.8
2022-07-29 19:00:00,1003.7,28.0,82.0,-99.8,-99.8,-99.8,-99.8,0.0,-99.8,-99.8,-99.8,-99.8,-99.8,-99.8,-99.8
2022-07-29 20:00:00,1004.3,27.8,86.0,-99.8,-99.8,-99.8,-99.8,0.0,-99.8,-99.8,-99.8,-99.8,-99.8,-99.8,-99.8
2022-07-29 21:00:00,1005.1,27.8,86.0,-99.8,-99.8,-99.8,-99.8,0.0,-99.8,-99.8,-99.8,-99.8,-99.8,-99.8,-99.8
2022-07-29 22:00:00,1005.3,27.7,86.0,-99.8,-99.8,-99.8,-99.8,0.0,-99.8,-99.8,-99.8,-99.8,-99.8,-99.8,-99.8
2022-07-29 23:00:00,1004.9,27.6,86.0,-99.8,-99.8,-99.8,-99.8,0.0,-99.8,-99.8,-99.8,-99.8,-99.8,-99.8,-99.8
2022-07-30 00:00:00,1004.5,27.5,89.0,-99.8,-99.8,-99.8,-99.8,0.0,-99.8,-99.8,-99.8,-99.8,-99.8,-99.8,-99.8
2022-07-30 01:00:00,1003.9,27.4,89.0,-99.8,-99.8,-99.8,-99.8,0.0,-99.8,-99.8,-99.8,-99.8,-99.8,-99.8,-99.8
2022-07-30 02:00:00,1003.0,27.3,88.0,-99.8,-99.8,-99.8,-99.8,0.0,-99.8,-99.8,-99.8,-99.8,-99.8,-99.8,-99.8
2022-07-30 03:00:00,1002.8,27.3,90.0,-99.8,-99.8,-99.8,-99.8,0.0,-99.8,-99.8,-99.8,-99.8,-99.8,-99.8,-99.8
2022-07-30 04:00:00,1002.3,27.3,90.0,-99.8,-99.8,-99.8,-99.8,0.0,-99.8,-99.8,-99.8,-99.8,-99.8,-99.8,-99.8
2022-07-30 05:00:00,1002.2,27.1,91.0,-99.8,-99.8,-99.8,-99.8,0.0,-99.8,-99.8,-99.8,-99.8,-99.8,-99.8,-99.8
2022-07-30 06:00:00,1002.4,27.0,91.0,-99.8,-99.8,-99.8,-99.8,0.0,-99.8,-99.8,-99.8,-99.8,-99.8,-99.8,-99.8
2022-07-30 07:00:00,1002.7,27.2,87.0,-99.8,-99.8,-99.8,-99.8,0.0,-99.8,-99.8,-99.8,-99.8,-99.8,-99.8,-99.8
2022-07-30 08:00:00,1003.1,28.0,85.0,-99.8,-99.8,-99.8,-99.8,0.0,-99.8,-99.8,-99.8,-99.8,-99.8,-99.8,-99.8
2022-07-30 09:00:00,1003.2,28.0,85.0,-99.8,-99.8,-99.8,-99.8,0.0,-99.8,-99.8,-99.8,-99.8,-99.8,-99.8,-99.8
2022-07-30 10:00:00,1003.7,28.2,85.0,-99.8,-99.8,-99.8,-99.8,0.0,-99.8,-99.8,-99.8,-99.8,-99.8,-99.8,-99.8
2022-07-30 11:00:00,1003.6,28.6,82.0,-99.8,-99.8,-99.8,-99.8,0.0,-99.8,-99.8,-99.8,-99.8,-99.8,-99.8,-99.8
2022-07-30 12:00:00,1003.3,28.7,81.0,-99.8,-99.8,-99.8,-99.8,0.0,-99.8,-99.8,-99.8,-99.8,-99.8,-99.8,-99.8
2022-07-30 13:00:00,1002.4,29.7,78.0,-99.8,-99.8,-99.8,-99.8,0.0,-99.8,-99.8,-99.8,-99.8,-99.8,-99.8,-99.8
2022-07-30 14:00:00,1001.6,30.8,76.0,-99.8,-99.8,-99.8,-99.8,0.0,-99.8,-99.8,-99.8,-99.8,-99.8,-99.8,-99.8
2022-07-30 15:00:00,1001.0,30.6,74.0,-99.8,-99.8,-99.8,-99.8,0.0,-99.8,-99.8,-99.8,-99.8,-99.8,-99.8,-99.8
2022-07-30 16:00:00,1001.0,30.7,76.0,-99.8,-99.8,-99.8,-99.8,0.0,-99.8,-99.8,-99.8,-99.8,-99.8,-99.8,-99.8
2022-07-30 17:00:00,1001.0,30.0,78.0,-99.8,-99.8,-99.8,-99.8,0.0,-99.8,-99.8,-99.8,-99.8,-99.8,-99.8,-99.8
2022-07-30 18:00:00,1001.2,29.3,81.0,-99.8,-99.8,-99.8,-99.8,0.0,-99.8,-99.8,-99.8,-99.8,-99.8,-99.8,-99.8
2022-07-30 19:00:00,1001.8,28.6,85.0,-99.8,-99.8,-99.8,-99.8,0.0,-99.8,-99.8,-99.8,-99.8,-99.8,-99.8,-99.8
2022-07-30 20:00:00,1002.4,27.8,86.0,-99.8,-99.8,-99.8,-99.8,0.0,-99.8,-99.8,-99.8,-99.8,-99.8,-99.8,-99.8
2022-07-30 21:00:00,1003.0,26.7,89.0,-99.8,-99.8,-99.8,-99.8,0.0,-99.8,-99.8,-99.8,-99.8,-99.8,-99.8,-99.8
2022-07-30 22:00:00,1003.1,26.7,90.0,-99.8,-99.8,-99.8,-99.8,0.0,-99.8,-99.8,-99.8,-99.8,-99.8,-99.8,-99.8
2022-07-30 23:00:00,1002.8,26.8,90.0,-99.8,-99.8,-99.8,-99.8,0.0,-99.8,-99.8,-99.8,-99.8,-99.8,-99.8,-99.8
2022-07-31 00:00:00,1002.5,26.7,90.0,-99.8,-99.8,-99.8,-99.8,0.0,-99.8,-99.8,-99.8,-99.8,-99.8,-99.8,-99.8
2022-07-31 01:00:00,1002.2,27.0,88.0,-99.8,-99.8,-99.8,-99.8,0.0,-99.8,-99.8,-99.8,-99.8,-99.8,-99.8,-99.8
2022-07-31 02:00:00,1001.4,26.7,90.0,-99.8,-99.8,-99.8,-99.8,0.0,-99.8,-99.8,-99.8,-99.8,-99.8,-99.8,-99.8
2022-07-31 03:00:00,1001.4,26.2,90.0,-99.8,-99.8,-99.8,-99.8,0.0,-99.8,-99.8,-99.8,-99.8,-99.8,-99.8,-99.8
2022-07-31 04:00:00,1001.6,26.0,90.0,-99.8,-99.8,-99.8,-99.8,0.0,-99.8,-99.8,-99.8,-99.8,-99.8,-99.8,-99.8
2022-07-31 05:00:00,1001.8,26.6,92.0,-99.8,-99.8,-99.8,-99.8,0.0,-99.8,-99.8,-99.8,-99.8,-99.8,-99.8,-99.8
2022-07-31 06:00:00,1001.9,26.8,90.0,-99.8,-99.8,-99.8,-99.8,0.0,-99.8,-99.8,-99.8,-99.8,-99.8,-99.8,-99.8
2022-07-31 07:00:00,1002.4,27.8,87.0,-99.8,-99.8,-99.8,-99.8,0.0,-99.8,-99.8,-99.8,-99.8,-99.8,-99.8,-99.8
2022-07-31 08:00:00,1002.6,28.4,84.0,-99.8,-99.8,-99.8,-99.8,0.0,-99.8,-99.8,-99.8,-99.8,-99.8,-99.8,-99.8
2022-07-31 09:00:00,1002.8,29.4,77.0,-99.8,-99.8,-99.8,-99.8,0.0,-99.8,-99.8,-99.8,-99.8,-99.8,-99.8,-99.8
2022-07-31 10:00:00,1003.0,29.0,78.0,-99.8,-99.8,-99.8,-99.8,0.0,-99.8,-99.8,-99.8,-99.8,-99.8,-99.8,-99.8
2022-07-31 11:00:00,1002.8,29.9,79.0,-99.8,-99.8,-99.8,-99.8,0.0,-99.8,-99.8,-99.8,-99.8,-99.8,-99.8,-99.8
2022-07-31 12:00:00,1002.3,29.3,82.0,-99.8,-99.8,-99.8,-99.8,0.0,-99.8,-99.8,-99.8,-99.8,-99.8,-99.8,-99.8
2022-07-31 13:00:00,1001.7,30.5,76.0,-99.8,-99.8,-99.8,-99.8,0.0,-99.8,-99.8,-99.8,-99.8,-99.8,-99.8,-99.8
2022-07-31 14:00:00,1001.3,31.2,74.0,-99.8,-99.8,-99.8,-99.8,0.0,-99.8,-99.8,-99.8,-99.8,-99.8,-99.8,-99.8
2022-07-31 15:00:00,1000.7,31.0,74.0,-99.8,-99.8,-99.8,-99.8,0.0,-99.8,-99.8,-99.8,-99.8,-99.8,-99.8,-99.8
2022-07-31 16:00:00,1000.2,30.8,74.0,-99.8,-99.8,-99.8,-99.8,0.0,-99.8,-99.8,-99.8,-99.8,-99.8,-99.8,-99.8
2022-07-31 17:00:00,1000.3,30.4,77.0,-99.8,-99.8,-99.8,-99.8,0.0,-99.8,-99.8,-99.8,-99.8,-99.8,-99.8,-99.8
2022-07-31 18:00:00,1001.1,29.6,81.0,-99.8,-99.8,-99.8,-99.8,0.0,-99.8,-99.8,-99.8,-99.8,-99.8,-99.8,-99.8
2022-07-31 19:00:00,1001.8,28.7,86.0,-99.8,-99.8,-99.8,-99.8,0.0,-99.8,-99.8,-99.8,-99.8,-99.8,-99.8,-99.8
2022-07-31 20:00:00,1002.1,28.7,86.0,-99.8,-99.8,-99.8,-99.8,0.0,-99.8,-99.8,-99.8,-99.8,-99.8,-99.8,-99.8
2022-07-31 21:00:00,1002.6,28.8,87.0,-99.8,-99.8,-99.8,-99.8,0.0,-99.8,-99.8,-99.8,-99.8,-99.8,-99.8,-99.8
2022-07-31 22:00:00,1003.1,28.5,89.0,-99.8,-99.8,-99.8,-99.8,0.0,-99.8,-99.8,-99.8,-99.8,-99.8,-99.8,-99.8
2022-07-31 23:00:00,1002.9,28.1,89.0,-99.8,-99.8,-99.8,-99.8,0.0,-99.8,-99.8,-99.8,-99.8,-99.8,-99.8,-99.8
2022-08-01 00:00:00,1003.0,28.1,89.0,-99.8,-99.8,-99.8,-99.8,0.0,-99.8,-99.8,-99.8,-99.8,-99.8,-99.8,-99.8
2022-08-01 01:00:00,1002.9,27.7,91.0,-99.8,-99.8,-99.8,-99.8,0.0,-99.8,-99.8,-99.8,-99.8,-99.8,-99.8,-99.8
2022-08-01 02:00:00,1002.4,27.6,91.0,-99.8,-99.8,-99.8,-99.8,0.0,-99.8,-99.8,-99.8,-99.8,-99.8,-99.8,-99.8
2022-08-01 03:00:00,1002.5,27.8,90.0,-99.8,-99.8,-99.8,-99.8,0.0,-99.8,-99.8,-99.8,-99.8,-99.8,-99.8,-99.8
2022-08-01 04:00:00,1002.7,27.7,91.0,-99.8,-99.8,-99.8,-99.8,0.0,-99.8,-99.8,-99.8,-99.8,-99.8,-99.8,-99.8
2022-08-01 05:00:00,1003.3,27.7,90.0,-99.8,-99.8,-99.8,-99.8,0.0,-99.8,-99.8,-99.8,-99.8,-99.8,-99.8,-99.8
2022-08-01 06:00:00,1003.8,27.8,89.0,-99.8,-99.8,-99.8,-99.8,0.0,-99.8,-99.8,-99.8,-99.8,-99.8,-99.8,-99.8
2022-08-01 07:00:00,1004.2,28.2,89.0,-99.8,-99.8,-99.8,-99.8,0.0,-99.8,-99.8,-99.8,-99.8,-99.8,-99.8,-99.8
2022-08-01 08:00:00,1005.0,28.7,86.0,-99.8,-99.8,-99.8,-99.8,0.0,-99.8,-99.8,-99.8,-99.8,-99.8,-99.8,-99.8
2022-08-01 09:00:00,1005.3,29.6,81.0,-99.8,-99.8,-99.8,-99.8,0.0,-99.8,-99.8,-99.8,-99.8,-99.8,-99.8,-99.8
2022-08-01 10:00:00,1005.2,29.9,80.0,-99.8,-99.8,-99.8,-99.8,0.0,-99.8,-99.8,-99.8,-99.8,-99.8,-99.8,-99.8
2022-08-01 11:00:00,1004.9,30.1,80.0,-99.8,-99.8,-99.8,-99.8,0.0,-99.8,-99.8,-99.8,-99.8,-99.8,-99.8,-99.8
2022-08-01 12:00:00,1004.6,29.9,81.0,-99.8,-99.8,-99.8,-99.8,0.0,-99.8,-99.8,-99.8,-99.8,-99.8,-99.8,-99.8
2022-08-01 13:00:00,1004.1,30.8,78.0,-99.8,-99.8,-99.8,-99.8,0.0,-99.8,-99.8,-99.8,-99.8,-99.8,-99.8,-99.8
2022-08-01 14:00:00,1003.4,30.7,77.0,-99.8,-99.8,-99.8,-99.8,0.0,-99.8,-99.8,-99.8,-99.8,-99.8,-99.8,-99.8
2022-08-01 15:00:00,1003.1,30.5,79.0,-99.8,-99.8,-99.8,-99.8,0.0,-99.8,-99.8,-99.8,-99.8,-99.8,-99.8,-99.8
2022-08-01 16:00:00,1003.2,30.0,82.0,-99.8,-99.8,-99.8,-99.8,0.0,-99.8,-99.8,-99.8,-99.8,-99.8,-99.8,-99.8
2022-08-01 17:00:00,1003.3,29.8,84.0,-99.8,-99.8,-99.8,-99.8,0.0,-99.8,-99.8,-99.8,-99.8,-99.8,-99.8,-99.8
2022-08-01 18:00:00,1003.7,29.4,85.0,-99.8,-99.8,-99.8,-99.8,0.0,-99.8,-99.8,-99.8,-99.8,-99.8,-99.8,-99.8
2022-08-01 19:00:00,1004.4,29.0,86.0,-99.8,-99.8,-99.8,-99.8,0.0,-99.8,-99.8,-99.8,-99.8,-99.8,-99.8,-99.8
2022-08-01 20:00:00,1004.8,28.7,86.0,-99.8,-99.8,-99.8,-99.8,0.0,-99.8,-99.8,-99.8,-99.8,-99.8,-99.8,-99.8
2022-08-01 21:00:00,1005.4,28.2,88.0,-99.8,-99.8,-99.8,-99.8,0.0,-99.8,-99.8,-99.8,-99.8,-99.8,-99.8,-99.8
2022-08-01 22:00:00,1006.1,28.1,89.0,-99.8,-99.8,-99.8,-99.8,0.0,-99.8,-99.8,-99.8,-99.8,-99.8,-99.8,-99.8
2022-08-01 23:00:00,1005.8,28.0,89.0,-99.8,-99.8,-99.8,-99.8,0.0,-99.8,-99.8,-99.8,-99.8,-99.8,-99.8,-99.8
2022-08-02 00:00:00,1005.4,27.8,90.0,-99.8,-99.8,-99.8,-99.8,0.0,-99.8,-99.8,-99.8,-99.8,-99.8,-99.8,-99.8
2022-08-02 01:00:00,1005.7,27.5,90.0,-99.8,-99.8,-99.8,-99.8,0.0,-99.8,-99.8,-99.8,-99.8,-99.8,-99.8,-99.8
2022-08-02 02:00:00,1005.8,27.4,91.0,-99.8,-99.8,-99.8,-99.8,0.0,-99.8,-99.8,-99.8,-99.8,-99.8,-99.8,-99.8
2022-08-02 03:00:00,1006.1,27.4,92.0,-99.8,-99.8,-99.8,-99.8,0.0,-99.8,-99.8,-99.8,-99.8,-99.8,-99.8,-99.8
2022-08-02 04:00:00,1006.0,27.6,92.0,-99.8,-99.8,-99.8,-99.8,0.0,-99.8,-99.8,-99.8,-99.8,-99.8,-99.8,-99.8
2022-08-02 05:00:00,1006.3,27.5,91.0,-99.8,-99.8,-99.8,-99.8,0.0,-99.8,-99.8,-99.8,-99.8,-99.8,-99.8,-99.8
2022-08-02 06:00:00,1006.5,26.9,88.0,-99.8,-99.8,-99.8,-99.8,0.0,-99.8,-99.8,-99.8,-99.8,-99.8,-99.8,-99.8
2022-08-02 07:00:00,1006.8,28.5,82.0,-99.8,-99.8,-99.8,-99.8,0.0,-99.8,-99.8,-99.8,-99.8,-99.8,-99.8,-99.8
2022-08-02 08:00:00,1007.4,28.9,79.0,-99.8,-99.8,-99.8,-99.8,0.0,-99.8,-99.8,-99.8,-99.8,-99.8,-99.8,-99.8
2022-08-02 09:00:00,1007.5,29.2,78.0,-99.8,-99.8,-99.8,-99.8,0.0,-99.8,-99.8,-99.8,-99.8,-99.8,-99.8,-99.8
2022-08-02 10:00:00,1007.8,29.9,75.0,-99.8,-99.8,-99.8,-99.8,0.0,-99.8,-99.8,-99.8,-99.8,-99.8,-99.8,-99.8
2022-08-02 11:00:00,1007.9,30.3,74.0,-99.8,-99.8,-99.8,-99.8,0.0,-99.8,-99.8,-99.8,-99.8,-99.8,-99.8,-99.8
2022-08-02 12:00:00,1007.7,29.5,79.0,-99.8,-99.8,-99.8,-99.8,0.0,-99.8,-99.8,-99.8,-99.8,-99.8,-99.8,-99.8
2022-08-02 13:00:00,1007.0,28.6,87.0,-99.8,-99.8,-99.8,-99.8,0.0,-99.8,-99.8,-99.8,-99.8,-99.8,-99.8,-99.8
2022-08-02 14:00:00,1006.7,29.4,80.0,-99.8,-99.8,-99.8,-99.8,0.0,-99.8,-99.8,-99.8,-99.8,-99.8,-99.8,-99.8
2022-08-02 15:00:00,1006.7,29.2,84.0,-99.8,-99.8,-99.8,-99.8,0.0,-99.8,-99.8,-99.8,-99.8,-99.8,-99.8,-99.8
2022-08-02 16:00:00,1006.1,28.8,86.0,-99.8,-99.8,-99.8,-99.8,0.0,-99.8,-99.8,-99.8,-99.8,-99.8,-99.8,-99.8
2022-08-02 17:00:00,1006.2,28.7,86.0,-99.8,-99.8,-99.8,-99.8,0.0,-99.8,-99.8,-99.8,-99.8,-99.8,-99.8,-99.8
2022-08-02 18:00:00,1006.5,28.0,87.0,-99.8,-99.8,-99.8,-99.8,0.0,-99.8,-99.8,-99.8,-99.8,-99.8,-99.8,-99.8
2022-08-02 19:00:00,1007.0,27.7,87.0,-99.8,-99.8,-99.8,-99.8,0.0,-99.8,-99.8,-99.8,-99.8,-99.8,-99.8,-99.8
2022-08-02 20:00:00,1007.5,27.7,87.0,-99.8,-99.8,-99.8,-99.8,0.0,-99.8,-99.8,-99.8,-99.8,-99.8,-99.8,-99.8
2022-08-02 21:00:00,1007.7,27.6,86.0,-99.8,-99.8,-99.8,-99.8,0.0,-99.8,-99.8,-99.8,-99.8,-99.8,-99.8,-99.8
2022-08-02 22:00:00,1008.0,27.2,87.0,-99.8,-99.8,-99.8,-99.8,0.0,-99.8,-99.8,-99.8,-99.8,-99.8,-99.8,-99.8
2022-08-02 23:00:00,1008.1,27.6,85.0,-99.8,-99.8,-99.8,-99.8,0.0,-99.8,-99.8,-99.8,-99.8,-99.8,-99.8,-99.8
2022-08-03 00:00:00,1008.1,26.6,90.0,-99.8,-99.8,-99.8,-99.8,0.0,-99.8,-99.8,-99.8,-99.8,-99.8,-99.8,-99.8
2022-08-03 01:00:00,1007.6,26.3,91.0,-99.8,-99.8,-99.8,-99.8,0.0,-99.8,-99.8,-99.8,-99.8,-99.8,-99.8,-99.8
2022-08-03 02:00:00,1007.2,27.0,89.0,-99.8,-99.8,-99.8,-99.8,0.0,-99.8,-99.8,-99.8,-99.8,-99.8,-99.8,-99.8
2022-08-03 03:00:00,1007.0,26.9,89.0,-99.8,-99.8,-99.8,-99.8,0.0,-99.8,-99.8,-99.8,-99.8,-99.8,-99.8,-99.8
2022-08-03 04:00:00,1007.3,26.6,89.0,-99.8,-99.8,-99.8,-99.8,0.0,-99.8,-99.8,-99.8,-99.8,-99.8,-99.8,-99.8
2022-08-03 05:00:00,1007.4,26.8,90.0,-99.8,-99.8,-99.8,-99.8,0.0,-99.8,-99.8,-99.8,-99.8,-99.8,-99.8,-99.8
2022-08-03 06:00:00,1007.8,26.6,89.0,-99.8,-99.8,-99.8,-99.8,0.0,-99.8,-99.8,-99.8,-99.8,-99.8,-99.8,-99.8
2022-08-03 07:00:00,1008.2,27.1,87.0,-99.8,-99.8,-99.8,-99.8,0.0,-99.8,-99.8,-99.8,-99.8,-99.8,-99.8,-99.8
2022-08-03 08:00:00,1008.6,27.4,84.0,-99.8,-99.8,-99.8,-99.8,0.0,-99.8,-99.8,-99.8,-99.8,-99.8,-99.8,-99.8
2022-08-03 09:00:00,-99.8,-99.8,-99.8,-99.8,-99.8,-99.8,-99.8,-999.6,-99.8,-99.8,-99.8,-99.8,-99.8,-99.8,-99.8
2022-08-03 10:00:00,-99.8,-99.8,-99.8,-99.8,-99.8,-99.8,-99.8,-999.6,-99.8,-99.8,-99.8,-99.8,-99.8,-99.8,-99.8
2022-08-03 11:00:00,-99.8,-99.8,-99.8,-99.8,-99.8,4.0,76.0,-999.6,-99.8,-99.8,-99.8,-99.8,-99.8,-99.8,-99.8
2022-08-03 12:00:00,1008.4,29.9,76.0,1.6,128.0,4.6,132.0,0.0,-99.8,-99.8,-99.8,-99.8,-99.8,-99.8,-99.8
2022-08-03 13:00:00,-99.8,-99.8,-99.8,-99.8,-99.8,5.5,179.0,0.0,-99.8,-99.8,-99.8,-99.8,-99.8,-99.8,-99.8
2022-08-03 14:00:00,1007.6,29.2,79.0,3.2,161.0,5.1,189.0,0.0,-99.8,-99.8,-99.8,-99.8,-99.8,-99.8,-99.8
2022-08-03 15:00:00,1007.2,30.9,71.0,1.4,101.0,5.1,167.0,0.0,-99.8,-99.8,-99.8,-99.8,-99.8,-99.8,-99.8
2022-08-03 16:00:00,1007.0,30.5,72.0,1.3,143.0,4.1,94.0,0.0,-99.8,-99.8,-99.8,-99.8,-99.8,-99.8,-99.8
2022-08-03 17:00:00,1006.8,29.9,74.0,1.5,147.0,4.3,128.0,0.0,-99.8,-99.8,-99.8,-99.8,-99.8,-99.8,-99.8
2022-08-03 18:00:00,1006.9,29.3,78.0,1.2,152.0,4.5,161.0,0.0,-99.8,-99.8,-99.8,-99.8,-99.8,-99.8,-99.8
2022-08-03 19:00:00,1007.3,28.8,78.0,1.3,150.0,4.6,144.0,0.0,-99.8,-99.8,-99.8,-99.8,-99.8,-99.8,-99.8
2022-08-03 20:00:00,1007.7,28.4,81.0,0.8,95.0,3.7,172.0,0.0,-99.8,-99.8,-99.8,-99.8,-99.8,-99.8,-99.8
2022-08-03 21:00:00,1008.6,28.5,80.0,1.0,156.0,3.5,139.0,0.0,-99.8,-99.8,-99.8,-99.8,-99.8,-99.8,-99.8
2022-08-03 22:00:00,1008.9,26.5,87.0,0.7,215.0,1.7,162.0,0.0,-99.8,-99.8,-99.8,-99.8,-99.8,-99.8,-99.8
2022-08-03 23:00:00,1008.6,27.2,87.0,1.3,294.0,2.0,289.0,0.0,-99.8,-99.8,-99.8,-99.8,-99.8,-99.8,-99.8
2022-08-04 00:00:00,1008.6,27.1,86.0,1.2,266.0,2.2,267.0,0.0,-99.8,-99.8,-99.8,-99.8,-99.8,-99.8,-99.8
2022-08-04 01:00:00,1008.0,27.3,87.0,1.2,309.0,2.4,333.0,0.0,-99.8,-99.8,-99.8,-99.8,-99.8,-99.8,-99.8
2022-08-04 02:00:00,1007.6,27.4,88.0,2.6,337.0,4.5,340.0,0.0,-99.8,-99.8,-99.8,-99.8,-99.8,-99.8,-99.8
2022-08-04 03:00:00,1007.3,27.5,86.0,2.4,338.0,4.6,355.0,0.0,-99.8,-99.8,-99.8,-99.8,-99.8,-99.8,-99.8
2022-08-04 04:00:00,1007.2,27.3,87.0,1.7,327.0,4.4,344.0,0.0,-99.8,-99.8,-99.8,-99.8,-99.8,-99.8,-99.8
2022-08-04 05:00:00,1007.5,27.3,87.0,3.0,337.0,5.5,343.0,0.0,-99.8,-99.8,-99.8,-99.8,-99.8,-99.8,-99.8
2022-08-04 06:00:00,1008.0,27.3,88.0,3.9,347.0,6.2,359.0,0.0,-99.8,-99.8,-99.8,-99.8,-99.8,-99.8,-99.8
2022-08-04 07:00:00,1008.6,27.7,85.0,2.9,342.0,6.8,360.0,0.0,-99.8,-99.8,-99.8,-99.8,-99.8,-99.8,-99.8
2022-08-04 08:00:00,1009.1,28.2,82.0,2.7,339.0,5.1,348.0,0.0,-99.8,-99.8,-99.8,-99.8,-99.8,-99.8,-99.8
2022-08-04 09:00:00,1009.3,28.8,79.0,2.9,337.0,5.6,351.0,0.0,-99.8,-99.8,-99.8,-99.8,-99.8,-99.8,-99.8
2022-08-04 10:00:00,1009.4,29.6,73.0,2.7,341.0,5.3,342.0,0.0,-99.8,-99.8,-99.8,-99.8,-99.8,-99.8,-99.8
2022-08-04 11:00:00,1009.4,29.8,73.0,2.3,1.0,4.6,339.0,0.0,-99.8,-99.8,-99.8,-99.8,-99.8,-99.8,-99.8
2022-08-04 12:00:00,1008.6,30.3,73.0,2.2,11.0,3.6,9.0,0.0,-99.8,-99.8,-99.8,-99.8,-99.8,-99.8,-99.8
2022-08-04 13:00:00,1008.4,30.6,70.0,2.8,12.0,4.8,14.0,0.0,-99.8,-99.8,-99.8,-99.8,-99.8,-99.8,-99.8
2022-08-04 14:00:00,1008.0,31.3,70.0,2.1,20.0,5.5,27.0,0.0,-99.8,-99.8,-99.8,-99.8,-99.8,-99.8,-99.8
2022-08-04 15:00:00,1007.5,30.4,74.0,3.0,21.0,5.7,26.0,0.0,-99.8,-99.8,-99.8,-99.8,-99.8,-99.8,-99.8
2022-08-04 16:00:00,1007.3,30.9,74.0,1.7,60.0,4.9,35.0,0.0,-99.8,-99.8,-99.8,-99.8,-99.8,-99.8,-99.8
2022-08-04 17:00:00,1007.0,30.4,77.0,1.5,11.0,4.4,67.0,0.0,-99.8,-99.8,-99.8,-99.8,-99.8,-99.8,-99.8
2022-08-04 18:00:00,1007.1,29.7,80.0,0.9,90.0,4.7,21.0,0.0,-99.8,-99.8,-99.8,-99.8,-99.8,-99.8,-99.8
2022-08-04 19:00:00,1007.5,28.6,85.0,1.2,154.0,2.9,153.0,0.0,-99.8,-99.8,-99.8,-99.8,-99.8,-99.8,-99.8
2022-08-04 20:00:00,1008.3,28.2,88.0,2.0,182.0,4.5,161.0,0.0,-99.8,-99.8,-99.8,-99.8,-99.8,-99.8,-99.8
2022-08-04 21:00:00,1008.8,27.9,87.0,3.2,195.0,5.2,190.0,0.0,-99.8,-99.8,-99.8,-99.8,-99.8,-99.8,-99.8
2022-08-04 22:00:00,1009.4,27.9,88.0,4.2,194.0,6.6,192.0,0.0,-99.8,-99.8,-99.8,-99.8,-99.8,-99.8,-99.8
2022-08-04 23:00:00,1009.0,28.0,84.0,5.3,191.0,8.9,193.0,0.0,-99.8,-99.8,-99.8,-99.8,-99.8,-99.8,-99.8
2022-08-05 00:00:00,1008.7,27.7,85.0,2.6,195.0,8.9,193.0,0.0,-99.8,-99.8,-99.8,-99.8,-99.8,-99.8,-99.8
2022-08-05 01:00:00,1008.4,27.6,87.0,2.9,201.0,6.7,188.0,0.0,-99.8,-99.8,-99.8,-99.8,-99.8,-99.8,-99.8
2022-08-05 02:00:00,1008.0,27.6,82.0,3.0,204.0,6.4,233.0,0.0,-99.8,-99.8,-99.8,-99.8,-99.8,-99.8,-99.8
2022-08-05 03:00:00,1008.0,27.5,83.0,3.1,197.0,8.6,203.0,0.0,-99.8,-99.8,-99.8,-99.8,-99.8,-99.8,-99.8
2022-08-05 04:00:00,1008.2,27.3,83.0,2.6,201.0,5.8,190.0,0.0,-99.8,-99.8,-99.8,-99.8,-99.8,-99.8,-99.8
2022-08-05 05:00:00,1008.8,27.2,84.0,2.8,198.0,5.2,204.0,0.0,-99.8,-99.8,-99.8,-99.8,-99.8,-99.8,-99.8
2022-08-05 06:00:00,1009.1,27.3,85.0,2.7,196.0,4.3,193.0,0.0,-99.8,-99.8,-99.8,-99.8,-99.8,-99.8,-99.8
2022-08-05 07:00:00,1009.5,28.3,79.0,2.1,198.0,4.5,204.0,0.0,-99.8,-99.8,-99.8,-99.8,-99.8,-99.8,-99.8
2022-08-05 08:00:00,1009.6,28.5,80.0,3.5,178.0,5.8,173.0,0.0,-99.8,-99.8,-99.8,-99.8,-99.8,-99.8,-99.8
2022-08-05 09:00:00,1009.5,28.7,80.0,3.3,178.0,5.3,165.0,23.0,-99.8,-99.8,-99.8,-99.8,-99.8,-99.8,-99.8
2022-08-05 10:00:00,1009.5,29.0,78.0,4.4,167.0,6.4,161.0,-999.6,-99.8,-99.8,-99.8,-99.8,-99.8,-99.8,-99.8
2022-08-05 11:00:00,1009.1,29.6,76.0,4.3,168.0,6.3,168.0,0.0,-99.8,-99.8,-99.8,-99.8,-99.8,-99.8,-99.8
2022-08-05 12:00:00,1008.4,29.8,78.0,3.9,180.0,7.2,186.0,0.0,-99.8,-99.8,-99.8,-99.8,-99.8,-99.8,-99.8
2022-08-05 13:00:00,1007.6,29.8,77.0,4.2,180.0,7.0,159.0,0.0,-99.8,-99.8,-99.8,-99.8,-99.8,-99.8,-99.8
2022-08-05 14:00:00,1006.9,30.2,76.0,4.0,186.0,6.9,178.0,0.0,-99.8,-99.8,-99.8,-99.8,-99.8,-99.8,-99.8
2022-08-05 15:00:00,1006.5,30.2,76.0,3.8,171.0,7.1,202.0,0.0,-99.8,-99.8,-99.8,-99.8,-99.8,-99.8,-99.8
2022-08-05 16:00:00,1006.2,29.5,80.0,4.0,178.0,7.7,189.0,0.0,-99.8,-99.8,-99.8,-99.8,-99.8,-99.8,-99.8
2022-08-05 17:00:00,1006.1,29.2,80.0,4.3,171.0,8.6,180.0,0.0,-99.8,-99.8,-99.8,-99.8,-99.8,-99.8,-99.8
2022-08-05 18:00:00,1006.1,28.8,82.0,4.1,189.0,6.7,167.0,0.0,-99.8,-99.8,-99.8,-99.8,-99.8,-99.8,-99.8
2022-08-05 19:00:00,1006.5,28.4,82.0,4.6,187.0,7.8,185.0,0.0,-99.8,-99.8,-99.8,-99.8,-99.8,-99.8,-99.8
2022-08-05 20:00:00,1006.8,28.4,83.0,4.9,195.0,7.9,199.0,0.0,-99.8,-99.8,-99.8,-99.8,-99.8,-99.8,-99.8
2022-08-05 21:00:00,1007.3,28.5,82.0,6.4,192.0,9.9,182.0,0.0,-99.8,-99.8,-99.8,-99.8,-99.8,-99.8,-99.8
2022-08-05 22:00:00,1007.7,28.5,81.0,4.1,193.0,9.7,184.0,0.0,-99.8,-99.8,-99.8,-99.8,-99.8,-99.8,-99.8
2022-08-05 23:00:00,1007.6,28.5,83.0,4.0,191.0,7.6,191.0,0.0,-99.8,-99.8,-99.8,-99.8,-99.8,-99.8,-99.8
2022-08-06 00:00:00,1007.3,28.5,83.0,4.2,189.0,7.1,184.0,0.0,-99.8,-99.8,-99.8,-99.8,-99.8,-99.8,-99.8
2022-08-06 01:00:00,1007.1,28.3,85.0,3.8,188.0,7.6,184.0,0.0,-99.8,-99.8,-99.8,-99.8,-99.8,-99.8,-99.8
2022-08-06 02:00:00,1006.5,28.5,83.0,3.8,196.0,7.5,190.0,0.0,-99.8,-99.8,-99.8,-99.8,-99.8,-99.8,-99.8
2022-08-06 03:00:00,1006.4,28.4,81.0,3.9,197.0,7.8,189.0,0.0,-99.8,-99.8,-99.8,-99.8,-99.8,-99.8,-99.8
2022-08-06 04:00:00,1006.5,28.3,81.0,3.2,195.0,7.2,204.0,0.0,-99.8,-99.8,-99.8,-99.8,-99.8,-99.8,-99.8
2022-08-06 05:00:00,1006.3,28.1,82.0,3.3,197.0,6.8,188.0,0.0,-99.8,-99.8,-99.8,-99.8,-99.8,-99.8,-99.8
2022-08-06 06:00:00,1006.9,28.2,82.0,3.4,197.0,6.5,208.0,0.0,-99.8,-99.8,-99.8,-99.8,-99.8,-99.8,-99.8
2022-08-06 07:00:00,1007.0,28.4,84.0,3.9,183.0,6.4,182.0,0.0,-99.8,-99.8,-99.8,-99.8,-99.8,-99.8,-99.8
2022-08-06 08:00:00,1007.0,28.6,84.0,4.3,182.0,7.0,183.0,0.0,-99.8,-99.8,-99.8,-99.8,-99.8,-99.8,-99.8
2022-08-06 09:00:00,1007.1,29.4,80.0,3.7,183.0,6.8,194.0,0.0,-99.8,-99.8,-99.8,-99.8,-99.8,-99.8,-99.8
2022-08-06 10:00:00,1007.0,29.5,80.0,4.1,174.0,6.8,172.0,0.0,-99.8,-99.8,-99.8,-99.8,-99.8,-99.8,-99.8
2022-08-06 11:00:00,1006.9,30.3,78.0,3.6,181.0,6.8,172.0,0.0,-99.8,-99.8,-99.8,-99.8,-99.8,-99.8,-99.8
2022-08-06 12:00:00,1006.3,30.7,77.0,3.7,186.0,7.0,201.0,0.0,-99.8,-99.8,-99.8,-99.8,-99.8,-99.8,-99.8
2022-08-06 13:00:00,1005.9,30.2,79.0,4.3,177.0,7.4,177.0,0.0,-99.8,-99.8,-99.8,-99.8,-99.8,-99.8,-99.8
2022-08-06 14:00:00,1005.2,30.4,77.0,4.2,190.0,6.8,180.0,0.0,-99.8,-99.8,-99.8,-99.8,-99.8,-99.8,-99.8
2022-08-06 15:00:00,1004.1,30.0,78.0,4.4,192.0,7.2,170.0,0.0,-99.8,-99.8,-99.8,-99.8,-99.8,-99.8,-99.8
2022-08-06 16:00:00,1004.0,30.0,74.0,4.4,192.0,7.4,200.0,0.0,-99.8,-99.8,-99.8,-99.8,-99.8,-99.8,-99.8
2022-08-06 17:00:00,1004.3,29.7,78.0,4.3,193.0,6.8,189.0,0.0,-99.8,-99.8,-99.8,-99.8,-99.8,-99.8,-99.8
2022-08-06 18:00:00,1004.9,29.0,81.0,3.5,189.0,5.9,194.0,0.0,-99.8,-99.8,-99.8,-99.8,-99.8,-99.8,-99.8
2022-08-06 19:00:00,1005.3,28.7,83.0,3.0,177.0,5.0,189.0,0.0,-99.8,-99.8,-99.8,-99.8,-99.8,-99.8,-99.8
2022-08-06 20:00:00,1006.0,28.3,84.0,2.4,201.0,4.7,171.0,0.0,-99.8,-99.8,-99.8,-99.8,-99.8,-99.8,-99.8
2022-08-06 21:00:00,1006.8,28.3,84.0,2.2,184.0,4.8,170.0,0.0,-99.8,-99.8,-99.8,-99.8,-99.8,-99.8,-99.8
2022-08-06 22:00:00,1007.1,28.1,86.0,2.2,169.0,4.1,164.0,0.0,-99.8,-99.8,-99.8,-99.8,-99.8,-99.8,-99.8
2022-08-06 23:00:00,1006.6,27.9,87.0,1.4,174.0,3.8,153.0,0.0,-99.8,-99.8,-99.8,-99.8,-99.8,-99.8,-99.8
2022-08-07 00:00:00,1006.5,26.9,90.0,1.5,222.0,2.3,174.0,0.0,-99.8,-99.8,-99.8,-99.8,-99.8,-99.8,-99.8
2022-08-07 01:00:00,1006.5,26.7,91.0,1.3,227.0,2.2,214.0,0.0,-99.8,-99.8,-99.8,-99.8,-99.8,-99.8,-99.8
2022-08-07 02:00:00,1006.3,26.9,91.0,1.2,181.0,2.7,170.0,0.0,-99.8,-99.8,-99.8,-99.8,-99.8,-99.8,-99.8
2022-08-07 03:00:00,1006.0,26.4,92.0,1.3,215.0,1.9,222.0,0.0,-99.8,-99.8,-99.8,-99.8,-99.8,-99.8,-99.8
2022-08-07 04:00:00,1006.4,26.3,92.0,0.8,235.0,2.1,193.0,0.0,-99.8,-99.8,-99.8,-99.8,-99.8,-99.8,-99.8
2022-08-07 05:00:00,1006.6,27.3,91.0,2.0,343.0,3.5,352.0,0.0,-99.8,-99.8,-99.8,-99.8,-99.8,-99.8,-99.8
2022-08-07 06:00:00,1006.8,27.7,90.0,5.4,8.0,7.7,359.0,0.0,-99.8,-99.8,-99.8,-99.8,-99.8,-99.8,-99.8
2022-08-07 07:00:00,1006.8,28.2,87.0,4.5,33.0,7.3,22.0,0.0,-99.8,-99.8,-99.8,-99.8,-99.8,-99.8,-99.8
2022-08-07 08:00:00,1007.3,28.7,84.0,4.1,26.0,8.6,14.0,0.0,-99.8,-99.8,-99.8,-99.8,-99.8,-99.8,-99.8
2022-08-07 09:00:00,1007.9,29.1,81.0,1.6,57.0,7.2,25.0,0.0,-99.8,-99.8,-99.8,-99.8,-99.8,-99.8,-99.8
2022-08-07 10:00:00,1008.0,29.4,81.0,0.9,75.0,6.1,141.0,0.0,-99.8,-99.8,-99.8,-99.8,-99.8,-99.8,-99.8
2022-08-07 11:00:00,1007.9,29.7,78.0,1.8,136.0,4.5,127.0,0.0,-99.8,-99.8,-99.8,-99.8,-99.8,-99.8,-99.8
2022-08-07 12:00:00,1007.2,30.9,72.0,1.6,48.0,4.4,43.0,0.0,-99.8,-99.8,-99.8,-99.8,-99.8,-99.8,-99.8
2022-08-07 13:00:00,1006.5,31.3,71.0,1.2,101.0,4.6,99.0,0.0,-99.8,-99.8,-99.8,-99.8,-99.8,-99.8,-99.8
2022-08-07 14:00:00,1006.1,31.2,72.0,1.5,113.0,4.8,96.0,0.0,-99.8,-99.8,-99.8,-99.8,-99.8,-99.8,-99.8
2022-08-07 15:00:00,1005.7,30.5,73.0,1.7,104.0,6.4,93.0,0.0,-99.8,-99.8,-99.8,-99.8,-99.8,-99.8,-99.8
2022-08-07 16:00:00,1005.6,31.0,70.0,1.2,108.0,4.5,111.0,0.0,-99.8,-99.8,-99.8,-99.8,-99.8,-99.8,-99.8
2022-08-07 17:00:00,1005.7,30.5,72.0,1.1,81.0,4.7,98.0,0.0,-99.8,-99.8,-99.8,-99.8,-99.8,-99.8,-99.8
2022-08-07 18:00:00,1005.9,29.6,74.0,1.2,74.0,3.2,59.0,0.0,-99.8,-99.8,-99.8,-99.8,-99.8,-99.8,-99.8
2022-08-07 19:00:00,1006.8,28.8,78.0,1.3,57.0,3.8,77.0,0.0,-99.8,-99.8,-99.8,-99.8,-99.8,-99.8,-99.8
2022-08-07 20:00:00,1007.5,28.6,79.0,1.1,71.0,4.3,10.0,0.0,-99.8,-99.8,-99.8,-99.8,-99.8,-99.8,-99.8
2022-08-07 21:00:00,1008.2,28.4,83.0,0.9,50.0,4.2,87.0,0.0,-99.8,-99.8,-99.8,-99.8,-99.8,-99.8,-99.8
2022-08-07 22:00:00,1008.7,26.6,88.0,0.8,204.0,3.5,89.0,0.0,-99.8,-99.8,-99.8,-99.8,-99.8,-99.8,-99.8
2022-08-07 23:00:00,1008.1,28.0,87.0,2.4,2.0,4.9,17.0,0.0,-99.8,-99.8,-99.8,-99.8,-99.8,-99.8,-99.8
2022-08-08 00:00:00,1007.8,28.1,87.0,2.7,358.0,3.8,6.0,0.0,-99.8,-99.8,-99.8,-99.8,-99.8,-99.8,-99.8
2022-08-08 01:00:00,1007.6,27.8,87.0,1.6,320.0,4.9,4.0,0.0,-99.8,-99.8,-99.8,-99.8,-99.8,-99.8,-99.8
2022-08-08 02:00:00,1007.2,27.7,89.0,2.6,331.0,5.3,349.0,0.0,-99.8,-99.8,-99.8,-99.8,-99.8,-99.8,-99.8
2022-08-08 03:00:00,1006.8,27.6,88.0,1.8,338.0,4.0,341.0,0.0,-99.8,-99.8,-99.8,-99.8,-99.8,-99.8,-99.8
2022-08-08 04:00:00,1006.9,27.6,86.0,2.3,342.0,5.3,6.0,0.0,-99.8,-99.8,-99.8,-99.8,-99.8,-99.8,-99.8
2022-08-08 05:00:00,1006.9,27.7,84.0,3.0,346.0,5.4,358.0,0.0,-99.8,-99.8,-99.8,-99.8,-99.8,-99.8,-99.8
2022-08-08 06:00:00,1007.3,27.8,84.0,4.4,358.0,6.5,354.0,0.0,-99.8,-99.8,-99.8,-99.8,-99.8,-99.8,-99.8
2022-08-08 07:00:00,1007.9,28.4,81.0,4.0,2.0,6.1,9.0,0.0,-99.8,-99.8,-99.8,-99.8,-99.8,-99.8,-99.8
2022-08-08 08:00:00,1008.1,28.7,79.0,4.4,10.0,6.8,16.0,0.0,-99.8,-99.8,-99.8,-99.8,-99.8,-99.8,-99.8
2022-08-08 09:00:00,1008.5,29.1,77.0,2.8,10.0,5.4,20.0,0.0,-99.8,-99.8,-99.8,-99.8,-99.8,-99.8,-99.8
2022-08-08 10:00:00,1008.4,29.5,77.0,3.2,17.0,5.0,26.0,0.0,-99.8,-99.8,-99.8,-99.8,-99.8,-99.8,-99.8
2022-08-08 11:00:00,1008.4,30.4,73.0,1.5,21.0,5.7,25.0,0.0,-99.8,-99.8,-99.8,-99.8,-99.8,-99.8,-99.8
2022-08-08 12:00:00,1007.9,30.1,75.0,2.7,5.0,4.6,2.0,0.0,-99.8,-99.8,-99.8,-99.8,-99.8,-99.8,-99.8
2022-08-08 13:00:00,1007.1,31.4,69.0,1.7,47.0,4.8,20.0,0.0,-99.8,-99.8,-99.8,-99.8,-99.8,-99.8,-99.8
2022-08-08 14:00:00,1006.4,31.2,70.0,1.6,118.0,4.2,40.0,0.0,-99.8,-99.8,-99.8,-99.8,-99.8,-99.8,-99.8
2022-08-08 15:00:00,1005.7,31.1,71.0,1.3,100.0,4.3,160.0,0.0,-99.8,-99.8,-99.8,-99.8,-99.8,-99.8,-99.8
2022-08-08 16:00:00,1005.5,31.3,71.0,1.4,135.0,4.6,63.0,0.0,-99.8,-99.8,-99.8,-99.8,-99.8,-99.8,-99.8
2022-08-08 17:00:00,1005.9,30.4,75.0,1.6,144.0,4.8,160.0,0.0,-99.8,-99.8,-99.8,-99.8,-99.8,-99.8,-99.8
2022-08-08 18:00:00,1006.0,29.6,77.0,1.4,96.0,4.5,82.0,0.0,-99.8,-99.8,-99.8,-99.8,-99.8,-99.8,-99.8
2022-08-08 19:00:00,1006.4,28.7,80.0,1.4,42.0,4.0,37.0,0.0,-99.8,-99.8,-99.8,-99.8,-99.8,-99.8,-99.8
2022-08-08 20:00:00,1007.5,28.8,82.0,0.8,73.0,4.0,22.0,0.0,-99.8,-99.8,-99.8,-99.8,-99.8,-99.8,-99.8
2022-08-08 21:00:00,1007.9,28.3,82.0,1.1,21.0,3.0,18.0,0.0,-99.8,-99.8,-99.8,-99.8,-99.8,-99.8,-99.8
2022-08-08 22:00:00,1008.2,28.8,81.0,3.2,1.0,6.2,351.0,0.0,-99.8,-99.8,-99.8,-99.8,-99.8,-99.8,-99.8
2022-08-08 23:00:00,1007.7,28.6,84.0,4.3,360.0,6.6,356.0,0.0,-99.8,-99.8,-99.8,-99.8,-99.8,-99.8,-99.8
2022-08-09 00:00:00,1007.3,28.3,85.0,6.6,2.0,8.4,4.0,0.0,-99.8,-99.8,-99.8,-99.8,-99.8,-99.8,-99.8
2022-08-09 01:00:00,1007.4,28.0,86.0,5.2,2.0,9.2,6.0,0.0,-99.8,-99.8,-99.8,-99.8,-99.8,-99.8,-99.8
2022-08-09 02:00:00,1006.8,27.9,86.0,4.7,357.0,7.4,358.0,0.0,-99.8,-99.8,-99.8,-99.8,-99.8,-99.8,-99.8
2022-08-09 03:00:00,1006.6,27.9,84.0,3.9,350.0,6.1,342.0,0.0,-99.8,-99.8,-99.8,-99.8,-99.8,-99.8,-99.8
2022-08-09 04:00:00,1006.4,28.0,81.0,3.7,345.0,6.1,354.0,0.0,-99.8,-99.8,-99.8,-99.8,-99.8,-99.8,-99.8
2022-08-09 05:00:00,1006.6,28.1,80.0,3.6,347.0,6.1,349.0,0.0,-99.8,-99.8,-99.8,-99.8,-99.8,-99.8,-99.8
2022-08-09 06:00:00,1006.7,28.2,80.0,3.4,346.0,6.9,358.0,0.0,-99.8,-99.8,-99.8,-99.8,-99.8,-99.8,-99.8
2022-08-09 07:00:00,1007.0,28.4,80.0,4.6,357.0,6.5,359.0,0.0,-99.8,-99.8,-99.8,-99.8,-99.8,-99.8,-99.8
2022-08-09 08:00:00,1007.1,28.9,78.0,5.9,360.0,8.2,359.0,0.0,-99.8,-99.8,-99.8,-99.8,-99.8,-99.8,-99.8
2022-08-09 09:00:00,1007.3,29.2,78.0,5.1,359.0,6.8,4.0,0.0,-99.8,-99.8,-99.8,-99.8,-99.8,-99.8,-99.8
2022-08-09 10:00:00,1007.2,29.7,77.0,5.5,7.0,7.7,4.0,0.0,-99.8,-99.8,-99.8,-99.8,-99.8,-99.8,-99.8
2022-08-09 11:00:00,1007.0,30.0,78.0,6.4,12.0,8.9,6.0,0.0,-99.8,-99.8,-99.8,-99.8,-99.8,-99.8,-99.8
2022-08-09 12:00:00,1006.5,30.3,80.0,5.1,15.0,8.3,8.0,0.0,-99.8,-99.8,-99.8,-99.8,-99.8,-99.8,-99.8
2022-08-09 13:00:00,1005.8,30.0,81.0,5.5,28.0,8.5,15.0,0.0,-99.8,-99.8,-99.8,-99.8,-99.8,-99.8,-99.8
2022-08-09 14:00:00,1005.6,30.1,80.0,4.7,23.0,8.1,18.0,0.0,-99.8,-99.8,-99.8,-99.8,-99.8,-99.8,-99.8
2022-08-09 15:00:00,1005.5,30.7,77.0,2.1,49.0,6.5,29.0,0.0,-99.8,-99.8,-99.8,-99.8,-99.8,-99.8,-99.8
2022-08-09 16:00:00,1005.4,30.1,77.0,2.4,68.0,5.8,77.0,0.0,-99.8,-99.8,-99.8,-99.8,-99.8,-99.8,-99.8
2022-08-09 17:00:00,1005.3,29.8,78.0,2.4,66.0,6.3,67.0,0.0,-99.8,-99.8,-99.8,-99.8,-99.8,-99.8,-99.8
2022-08-09 18:00:00,1005.9,29.2,81.0,1.9,57.0,6.0,69.0,0.0,-99.8,-99.8,-99.8,-99.8,-99.8,-99.8,-99.8
2022-08-09 19:00:00,1006.2,28.6,84.0,2.7,30.0,4.7,38.0,0.0,-99.8,-99.8,-99.8,-99.8,-99.8,-99.8,-99.8
2022-08-09 20:00:00,1006.9,28.6,85.0,2.2,30.0,4.8,49.0,0.0,-99.8,-99.8,-99.8,-99.8,-99.8,-99.8,-99.8
2022-08-09 21:00:00,1007.4,28.5,86.0,2.4,26.0,5.0,38.0,0.0,-99.8,-99.8,-99.8,-99.8,-99.8,-99.8,-99.8
2022-08-09 22:00:00,1007.9,28.4,87.0,3.3,28.0,6.4,25.0,0.0,-99.8,-99.8,-99.8,-99.8,-99.8,-99.8,-99.8
2022-08-09 23:00:00,1007.6,28.3,87.0,3.6,27.0,6.1,29.0,0.0,-99.8,-99.8,-99.8,-99.8,-99.8,-99.8,-99.8
2022-08-10 00:00:00,1007.2,28.3,86.0,4.2,26.0,7.0,26.0,0.0,-99.8,-99.8,-99.8,-99.8,-99.8,-99.8,-99.8
2022-08-10 01:00:00,1006.8,28.4,87.0,5.0,8.0,6.5,10.0,0.0,-99.8,-99.8,-99.8,-99.8,-99.8,-99.8,-99.8
2022-08-10 02:00:00,1006.1,28.2,88.0,5.5,14.0,8.2,14.0,0.0,-99.8,-99.8,-99.8,-99.8,-99.8,-99.8,-99.8
2022-08-10 03:00:00,1005.9,28.2,89.0,5.0,12.0,7.3,11.0,0.0,-99.8,-99.8,-99.8,-99.8,-99.8,-99.8,-99.8
2022-08-10 04:00:00,1005.7,27.9,90.0,5.5,4.0,7.1,7.0,0.0,-99.8,-99.8,-99.8,-99.8,-99.8,-99.8,-99.8
2022-08-10 05:00:00,1005.9,27.8,89.0,4.8,358.0,7.8,6.0,0.0,-99.8,-99.8,-99.8,-99.8,-99.8,-99.8,-99.8
2022-08-10 06:00:00,1006.2,27.8,88.0,4.8,349.0,8.2,7.0,0.0,-99.8,-99.8,-99.8,-99.8,-99.8,-99.8,-99.8
2022-08-10 07:00:00,1006.5,28.0,86.0,5.3,360.0,7.4,347.0,0.0,-99.8,-99.8,-99.8,-99.8,-99.8,-99.8,-99.8
2022-08-10 08:00:00,1006.6,28.7,80.0,4.7,354.0,9.0,4.0,0.0,-99.8,-99.8,-99.8,-99.8,-99.8,-99.8,-99.8
2022-08-10 09:00:00,1007.2,28.9,80.0,4.7,357.0,8.4,10.0,0.0,-99.8,-99.8,-99.8,-99.8,-99.8,-99.8,-99.8
2022-08-10 10:00:00,1007.7,29.1,79.0,3.5,355.0,6.5,353.0,0.0,-99.8,-99.8,-99.8,-99.8,-99.8,-99.8,-99.8
2022-08-10 11:00:00,1007.7,30.1,76.0,4.2,5.0,6.5,12.0,0.0,-99.8,-99.8,-99.8,-99.8,-99.8,-99.8,-99.8
2022-08-10 12:00:00,1007.6,30.5,77.0,3.5,17.0,5.4,19.0,0.0,-99.8,-99.8,-99.8,-99.8,-99.8,-99.8,-99.8
2022-08-10 13:00:00,1007.4,29.9,78.0,3.1,10.0,5.3,23.0,0.0,-99.8,-99.8,-99.8,-99.8,-99.8,-99.8,-99.8
2022-08-10 14:00:00,1007.2,32.5,71.0,1.1,56.0,4.3,4.0,0.0,-99.8,-99.8,-99.8,-99.8,-99.8,-99.8,-99.8
2022-08-10 15:00:00,1007.0,30.7,74.0,1.8,102.0,4.4,150.0,0.0,-99.8,-99.8,-99.8,-99.8,-99.8,-99.8,-99.8
2022-08-10 16:00:00,1006.5,30.5,76.0,1.6,111.0,4.7,155.0,0.0,-99.8,-99.8,-99.8,-99.8,-99.8,-99.8,-99.8
2022-08-10 17:00:00,1006.4,30.6,77.0,1.1,138.0,5.4,94.0,0.0,-99.8,-99.8,-99.8,-99.8,-99.8,-99.8,-99.8
2022-08-10 18:00:00,1006.3,29.5,81.0,0.8,77.0,4.0,82.0,0.0,-99.8,-99.8,-99.8,-99.8,-99.8,-99.8,-99.8
2022-08-10 19:00:00,1006.4,28.7,84.0,0.9,154.0,2.9,87.0,0.0,-99.8,-99.8,-99.8,-99.8,-99.8,-99.8,-99.8
2022-08-10 20:00:00,1007.5,28.6,85.0,0.7,155.0,2.8,116.0,0.0,-99.8,-99.8,-99.8,-99.8,-99.8,-99.8,-99.8
2022-08-10 21:00:00,1008.1,28.4,85.0,1.6,173.0,3.3,146.0,0.0,-99.8,-99.8,-99.8,-99.8,-99.8,-99.8,-99.8
2022-08-10 22:00:00,1008.8,28.5,86.0,1.1,162.0,3.6,122.0,0.0,-99.8,-99.8,-99.8,-99.8,-99.8,-99.8,-99.8
2022-08-10 23:00:00,1008.4,28.4,86.0,1.7,170.0,3.2,178.0,0.0,-99.8,-99.8,-99.8,-99.8,-99.8,-99.8,-99.8
2022-08-11 00:00:00,1007.5,27.7,85.0,1.1,176.0,2.9,168.0,0.0,-99.8,-99.8,-99.8,-99.8,-99.8,-99.8,-99.8
2022-08-11 01:00:00,1007.0,27.2,88.0,1.2,196.0,2.2,213.0,0.0,-99.8,-99.8,-99.8,-99.8,-99.8,-99.8,-99.8
2022-08-11 02:00:00,1006.8,27.1,88.0,1.7,212.0,3.6,189.0,0.0,-99.8,-99.8,-99.8,-99.8,-99.8,-99.8,-99.8
2022-08-11 03:00:00,1006.6,26.8,89.0,1.4,218.0,3.2,187.0,0.0,-99.8,-99.8,-99.8,-99.8,-99.8,-99.8,-99.8
2022-08-11 04:00:00,1006.5,27.1,89.0,1.6,197.0,2.6,190.0,0.0,-99.8,-99.8,-99.8,-99.8,-99.8,-99.8,-99.8
2022-08-11 05:00:00,1006.9,27.5,88.0,1.5,207.0,3.9,176.0,0.0,-99.8,-99.8,-99.8,-99.8,-99.8,-99.8,-99.8
2022-08-11 06:00:00,1007.5,26.9,90.0,1.1,221.0,1.8,219.0,0.0,-99.8,-99.8,-99.8,-99.8,-99.8,-99.8,-99.8
2022-08-11 07:00:00,1007.9,28.8,82.0,0.7,258.0,3.4,350.0,0.0,-99.8,-99.8,-99.8,-99.8,-99.8,-99.8,-99.8
2022-08-11 08:00:00,1008.2,30.1,76.0,0.9,21.0,3.2,351.0,0.0,-99.8,-99.8,-99.8,-99.8,-99.8,-99.8,-99.8
2022-08-11 09:00:00,1008.3,29.6,80.0,1.4,1.0,3.8,13.0,0.0,-99.8,-99.8,-99.8,-99.8,-99.8,-99.8,-99.8
2022-08-11 10:00:00,1008.6,28.9,83.0,2.4,185.0,3.5,209.0,0.0,-99.8,-99.8,-99.8,-99.8,-99.8,-99.8,-99.8
2022-08-11 11:00:00,1008.4,29.7,82.0,2.2,176.0,4.4,140.0,0.0,-99.8,-99.8,-99.8,-99.8,-99.8,-99.8,-99.8
2022-08-11 12:00:00,1007.7,31.2,75.0,2.8,169.0,6.1,160.0,0.0,-99.8,-99.8,-99.8,-99.8,-99.8,-99.8,-99.8
2022-08-11 13:00:00,1007.1,31.9,65.0,2.5,166.0,4.9,195.0,0.0,-99.8,-99.8,-99.8,-99.8,-99.8,-99.8,-99.8
2022-08-11 14:00:00,1006.9,30.8,71.0,4.1,170.0,6.9,158.0,0.0,-99.8,-99.8,-99.8,-99.8,-99.8,-99.8,-99.8
2022-08-11 15:00:00,1006.3,31.4,67.0,5.1,184.0,8.2,187.0,0.0,-99.8,-99.8,-99.8,-99.8,-99.8,-99.8,-99.8
2022-08-11 16:00:00,1005.9,31.2,68.0,4.8,196.0,8.3,200.0,0.0,-99.8,-99.8,-99.8,-99.8,-99.8,-99.8,-99.8
2022-08-11 17:00:00,1005.7,30.4,72.0,6.2,194.0,9.2,188.0,0.0,-99.8,-99.8,-99.8,-99.8,-99.8,-99.8,-99.8
2022-08-11 18:00:00,1005.9,29.9,76.0,5.9,195.0,10.5,202.0,0.0,-99.8,-99.8,-99.8,-99.8,-99.8,-99.8,-99.8
2022-08-11 19:00:00,1006.4,29.7,76.0,4.8,192.0,8.6,188.0,0.0,-99.8,-99.8,-99.8,-99.8,-99.8,-99.8,-99.8
2022-08-11 20:00:00,1007.1,29.4,76.0,4.8,193.0,7.9,195.0,0.0,-99.8,-99.8,-99.8,-99.8,-99.8,-99.8,-99.8
2022-08-11 21:00:00,1007.8,29.0,78.0,4.9,193.0,7.6,189.0,0.0,-99.8,-99.8,-99.8,-99.8,-99.8,-99.8,-99.8
2022-08-11 22:00:00,1008.1,28.5,81.0,4.7,192.0,7.9,191.0,0.0,-99.8,-99.8,-99.8,-99.8,-99.8,-99.8,-99.8
2022-08-11 23:00:00,1007.8,28.5,80.0,5.4,192.0,8.3,202.0,0.0,-99.8,-99.8,-99.8,-99.8,-99.8,-99.8,-99.8
2022-08-12 00:00:00,1007.3,28.5,79.0,5.8,192.0,8.6,187.0,0.0,-99.8,-99.8,-99.8,-99.8,-99.8,-99.8,-99.8
2022-08-12 01:00:00,1006.9,28.3,78.0,5.5,192.0,9.2,196.0,0.0,-99.8,-99.8,-99.8,-99.8,-99.8,-99.8,-99.8
2022-08-12 02:00:00,1006.4,28.1,80.0,5.7,194.0,9.2,186.0,0.0,-99.8,-99.8,-99.8,-99.8,-99.8,-99.8,-99.8
2022-08-12 03:00:00,1006.2,27.9,82.0,4.8,190.0,9.5,187.0,0.0,-99.8,-99.8,-99.8,-99.8,-99.8,-99.8,-99.8
2022-08-12 04:00:00,1006.1,27.6,82.0,4.4,190.0,6.8,191.0,0.0,-99.8,-99.8,-99.8,-99.8,-99.8,-99.8,-99.8
2022-08-12 05:00:00,1006.4,27.4,84.0,4.9,192.0,7.3,192.0,0.0,-99.8,-99.8,-99.8,-99.8,-99.8,-99.8,-99.8
2022-08-12 06:00:00,1006.6,27.5,85.0,4.6,192.0,7.4,192.0,0.0,-99.8,-99.8,-99.8,-99.8,-99.8,-99.8,-99.8
2022-08-12 07:00:00,1007.2,27.8,85.0,4.5,189.0,7.6,192.0,0.0,-99.8,-99.8,-99.8,-99.8,-99.8,-99.8,-99.8
2022-08-12 08:00:00,1007.7,28.3,84.0,4.8,190.0,7.9,188.0,0.0,-99.8,-99.8,-99.8,-99.8,-99.8,-99.8,-99.8
2022-08-12 09:00:00,1007.9,28.8,83.0,5.1,187.0,7.7,190.0,0.0,-99.8,-99.8,-99.8,-99.8,-99.8,-99.8,-99.8
2022-08-12 10:00:00,1007.9,29.3,80.0,4.7,192.0,7.0,190.0,0.0,-99.8,-99.8,-99.8,-99.8,-99.8,-99.8,-99.8
2022-08-12 11:00:00,1008.0,29.6,80.0,5.5,192.0,8.0,204.0,0.0,-99.8,-99.8,-99.8,-99.8,-99.8,-99.8,-99.8
2022-08-12 12:00:00,1007.6,30.0,79.0,5.3,196.0,9.1,207.0,0.0,-99.8,-99.8,-99.8,-99.8,-99.8,-99.8,-99.8
2022-08-12 13:00:00,1007.2,30.2,78.0,6.3,192.0,9.5,202.0,0.0,-99.8,-99.8,-99.8,-99.8,-99.8,-99.8,-99.8
2022-08-12 14:00:00,1006.7,30.5,77.0,5.5,194.0,9.6,184.0,0.0,-99.8,-99.8,-99.8,-99.8,-99.8,-99.8,-99.8
2022-08-12 15:00:00,1005.7,30.7,73.0,4.8,195.0,8.5,203.0,0.0,-99.8,-99.8,-99.8,-99.8,-99.8,-99.8,-99.8
2022-08-12 16:00:00,1005.3,30.1,76.0,5.4,195.0,8.4,204.0,0.0,-99.8,-99.8,-99.8,-99.8,-99.8,-99.8,-99.8
2022-08-12 17:00:00,1005.1,29.6,78.0,5.5,193.0,8.2,198.0,0.0,-99.8,-99.8,-99.8,-99.8,-99.8,-99.8,-99.8
2022-08-12 18:00:00,1005.4,29.4,79.0,4.2,192.0,7.7,196.0,0.0,-99.8,-99.8,-99.8,-99.8,-99.8,-99.8,-99.8
2022-08-12 19:00:00,1005.8,28.7,81.0,4.2,193.0,7.2,192.0,0.0,-99.8,-99.8,-99.8,-99.8,-99.8,-99.8,-99.8
2022-08-12 20:00:00,1006.1,28.4,81.0,4.5,186.0,7.5,181.0,0.0,-99.8,-99.8,-99.8,-99.8,-99.8,-99.8,-99.8
2022-08-12 21:00:00,1006.4,28.1,81.0,4.4,190.0,8.7,187.0,0.0,-99.8,-99.8,-99.8,-99.8,-99.8,-99.8,-99.8
2022-08-12 22:00:00,1006.6,27.9,82.0,5.4,191.0,8.6,185.0,0.0,-99.8,-99.8,-99.8,-99.8,-99.8,-99.8,-99.8
2022-08-12 23:00:00,1006.7,27.7,84.0,5.9,191.0,9.3,194.0,0.0,-99.8,-99.8,-99.8,-99.8,-99.8,-99.8,-99.8
2022-08-13 00:00:00,1006.8,27.6,83.0,5.3,190.0,9.5,179.0,0.0,-99.8,-99.8,-99.8,-99.8,-99.8,-99.8,-99.8
2022-08-13 01:00:00,1006.3,27.5,84.0,6.0,192.0,10.0,194.0,0.0,-99.8,-99.8,-99.8,-99.8,-99.8,-99.8,-99.8
2022-08-13 02:00:00,1006.2,27.4,83.0,6.1,192.0,10.7,187.0,0.0,-99.8,-99.8,-99.8,-99.8,-99.8,-99.8,-99.8
2022-08-13 03:00:00,1005.9,-39.4,0.0,5.6,191.0,9.8,189.0,0.0,-99.8,-99.8,-99.8,-99.8,-99.8,-99.8,-99.8
2022-08-13 04:00:00,1005.8,-39.4,0.0,5.1,192.0,9.3,192.0,0.0,-99.8,-99.8,-99.8,-99.8,-99.8,-99.8,-99.8
2022-08-13 05:00:00,1006.0,-39.4,0.0,3.6,196.0,8.6,197.0,0.0,-99.8,-99.8,-99.8,-99.8,-99.8,-99.8,-99.8
2022-08-13 06:00:00,1006.7,-39.4,0.0,4.9,188.0,8.5,204.0,0.0,-99.8,-99.8,-99.8,-99.8,-99.8,-99.8,-99.8
2022-08-13 07:00:00,1006.8,-39.4,0.0,5.3,189.0,9.0,183.0,0.0,-99.8,-99.8,-99.8,-99.8,-99.8,-99.8,-99.8
2022-08-13 08:00:00,1007.3,-39.4,0.0,5.0,189.0,9.1,191.0,0.0,-99.8,-99.8,-99.8,-99.8,-99.8,-99.8,-99.8
2022-08-13 09:00:00,1007.5,-39.4,0.0,3.6,187.0,8.7,176.0,0.0,-99.8,-99.8,-99.8,-99.8,-99.8,-99.8,-99.8
2022-08-13 10:00:00,1007.4,-39.4,0.0,4.0,182.0,6.6,186.0,0.0,-99.8,-99.8,-99.8,-99.8,-99.8,-99.8,-99.8
2022-08-13 11:00:00,1007.4,-39.4,0.0,3.9,185.0,6.8,165.0,0.0,-99.8,-99.8,-99.8,-99.8,-99.8,-99.8,-99.8
2022-08-13 12:00:00,1007.1,-39.4,0.0,4.1,183.0,7.8,186.0,0.0,-99.8,-99.8,-99.8,-99.8,-99.8,-99.8,-99.8
2022-08-13 13:00:00,1006.5,-39.4,0.0,4.9,185.0,9.3,166.0,0.0,-99.8,-99.8,-99.8,-99.8,-99.8,-99.8,-99.8
2022-08-13 14:00:00,1006.2,-39.4,0.0,4.8,191.0,9.6,183.0,0.0,-99.8,-99.8,-99.8,-99.8,-99.8,-99.8,-99.8
2022-08-13 15:00:00,1005.7,-39.4,0.0,5.9,195.0,9.2,204.0,0.0,-99.8,-99.8,-99.8,-99.8,-99.8,-99.8,-99.8
2022-08-13 16:00:00,1005.3,-39.4,0.0,5.2,195.0,8.4,205.0,0.0,-99.8,-99.8,-99.8,-99.8,-99.8,-99.8,-99.8
2022-08-13 17:00:00,1005.0,-39.4,0.0,4.5,190.0,8.1,201.0,0.0,-99.8,-99.8,-99.8,-99.8,-99.8,-99.8,-99.8
2022-08-13 18:00:00,1005.2,-39.4,0.0,4.1,191.0,8.6,202.0,0.0,-99.8,-99.8,-99.8,-99.8,-99.8,-99.8,-99.8
2022-08-13 19:00:00,1005.6,-39.4,0.0,3.8,188.0,6.8,185.0,0.0,-99.8,-99.8,-99.8,-99.8,-99.8,-99.8,-99.8
2022-08-13 20:00:00,1006.0,-39.4,0.0,3.9,187.0,7.0,183.0,0.0,-99.8,-99.8,-99.8,-99.8,-99.8,-99.8,-99.8
2022-08-13 21:00:00,1006.3,-39.4,0.0,3.7,186.0,6.7,177.0,0.0,-99.8,-99.8,-99.8,-99.8,-99.8,-99.8,-99.8
2022-08-13 22:00:00,1006.7,-39.4,0.0,3.8,181.0,7.1,181.0,0.0,-99.8,-99.8,-99.8,-99.8,-99.8,-99.8,-99.8
2022-08-13 23:00:00,1006.6,-39.4,0.0,4.3,185.0,7.9,186.0,0.0,-99.8,-99.8,-99.8,-99.8,-99.8,-99.8,-99.8
2022-08-14 00:00:00,1006.9,-39.4,0.0,4.5,188.0,8.1,191.0,0.0,-99.8,-99.8,-99.8,-99.8,-99.8,-99.8,-99.8
2022-08-14 01:00:00,1006.8,-39.4,0.0,4.4,184.0,8.2,180.0,0.0,-99.8,-99.8,-99.8,-99.8,-99.8,-99.8,-99.8
2022-08-14 02:00:00,1006.4,-39.4,0.0,4.7,192.0,7.6,191.0,0.0,-99.8,-99.8,-99.8,-99.8,-99.8,-99.8,-99.8
2022-08-14 03:00:00,1006.1,-39.5,0.0,4.7,189.0,8.5,194.0,0.0,-99.8,-99.8,-99.8,-99.8,-99.8,-99.8,-99.8
2022-08-14 04:00:00,1006.0,-39.5,0.0,3.7,189.0,6.7,198.0,0.0,-99.8,-99.8,-99.8,-99.8,-99.8,-99.8,-99.8
2022-08-14 05:00:00,1006.1,-39.4,0.0,1.9,196.0,5.5,192.0,0.0,-99.8,-99.8,-99.8,-99.8,-99.8,-99.8,-99.8
2022-08-14 06:00:00,1006.6,-39.4,0.0,1.9,170.0,4.9,192.0,0.0,-99.8,-99.8,-99.8,-99.8,-99.8,-99.8,-99.8
2022-08-14 07:00:00,1007.1,-39.4,0.0,2.0,185.0,4.3,160.0,0.0,-99.8,-99.8,-99.8,-99.8,-99.8,-99.8,-99.8
2022-08-14 08:00:00,1007.4,-39.4,0.0,2.9,178.0,4.9,214.0,0.0,-99.8,-99.8,-99.8,-99.8,-99.8,-99.8,-99.8
2022-08-14 09:00:00,1007.9,-39.4,0.0,3.1,184.0,5.5,166.0,0.0,-99.8,-99.8,-99.8,-99.8,-99.8,-99.8,-99.8
2022-08-14 10:00:00,1007.9,-39.4,0.0,3.0,173.0,5.1,177.0,0.0,-99.8,-99.8,-99.8,-99.8,-99.8,-99.8,-99.8
2022-08-14 11:00:00,1007.5,-39.4,0.0,3.8,176.0,5.7,182.0,0.0,-99.8,-99.8,-99.8,-99.8,-99.8,-99.8,-99.8
2022-08-14 12:00:00,1007.2,-39.4,0.0,3.3,159.0,5.6,142.0,0.0,-99.8,-99.8,-99.8,-99.8,-99.8,-99.8,-99.8
2022-08-14 13:00:00,1006.6,-39.4,0.0,1.4,113.0,4.9,159.0,0.0,-99.8,-99.8,-99.8,-99.8,-99.8,-99.8,-99.8
2022-08-14 14:00:00,1006.0,-39.4,0.0,1.7,114.0,6.2,96.0,0.0,-99.8,-99.8,-99.8,-99.8,-99.8,-99.8,-99.8
2022-08-14 15:00:00,1005.8,-39.4,0.0,1.4,108.0,5.9,88.0,0.0,-99.8,-99.8,-99.8,-99.8,-99.8,-99.8,-99.8
2022-08-14 16:00:00,1005.6,-39.4,0.0,1.5,138.0,5.7,99.0,0.0,-99.8,-99.8,-99.8,-99.8,-99.8,-99.8,-99.8
2022-08-14 17:00:00,1005.5,-39.4,0.0,2.4,170.0,5.3,151.0,0.0,-99.8,-99.8,-99.8,-99.8,-99.8,-99.8,-99.8
2022-08-14 18:00:00,1005.7,-39.4,0.0,1.6,153.0,5.4,167.0,0.0,-99.8,-99.8,-99.8,-99.8,-99.8,-99.8,-99.8
2022-08-14 19:00:00,1005.9,-39.4,0.0,1.6,153.0,4.3,94.0,0.0,-99.8,-99.8,-99.8,-99.8,-99.8,-99.8,-99.8
2022-08-14 20:00:00,1006.5,-39.4,0.0,1.3,159.0,4.1,150.0,0.0,-99.8,-99.8,-99.8,-99.8,-99.8,-99.8,-99.8
2022-08-14 21:00:00,1007.1,-39.4,0.0,0.7,226.0,3.2,146.0,0.0,-99.8,-99.8,-99.8,-99.8,-99.8,-99.8,-99.8
2022-08-14 22:00:00,1007.4,-39.5,0.0,0.6,229.0,1.5,201.0,0.0,-99.8,-99.8,-99.8,-99.8,-99.8,-99.8,-99.8
2022-08-14 23:00:00,1007.2,-39.5,0.0,0.3,248.0,1.0,215.0,0.0,-99.8,-99.8,-99.8,-99.8,-99.8,-99.8,-99.8
2022-08-15 00:00:00,1006.8,-39.4,0.0,1.0,300.0,1.5,323.0,0.0,-99.8,-99.8,-99.8,-99.8,-99.8,-99.8,-99.8
2022-08-15 01:00:00,1006.2,-39.4,0.0,0.9,330.0,2.8,344.0,0.0,-99.8,-99.8,-99.8,-99.8,-99.8,-99.8,-99.8
2022-08-15 02:00:00,1005.8,-39.4,0.0,3.0,350.0,4.9,3.0,0.0,-99.8,-99.8,-99.8,-99.8,-99.8,-99.8,-99.8
2022-08-15 03:00:00,1005.2,-39.4,0.0,2.9,336.0,4.5,352.0,0.0,-99.8,-99.8,-99.8,-99.8,-99.8,-99.8,-99.8
2022-08-15 04:00:00,1004.9,-39.5,0.0,4.1,355.0,6.7,5.0,0.0,-99.8,-99.8,-99.8,-99.8,-99.8,-99.8,-99.8
2022-08-15 05:00:00,1005.1,-39.4,0.0,4.4,360.0,5.9,358.0,0.0,-99.8,-99.8,-99.8,-99.8,-99.8,-99.8,-99.8
2022-08-15 06:00:00,1005.4,-39.4,0.0,4.1,5.0,6.3,2.0,0.0,-99.8,-99.8,-99.8,-99.8,-99.8,-99.8,-99.8
2022-08-15 07:00:00,1005.8,-39.4,0.0,5.3,2.0,7.0,5.0,0.0,-99.8,-99.8,-99.8,-99.8,-99.8,-99.8,-99.8
2022-08-15 08:00:00,1006.2,-39.4,0.0,5.0,8.0,7.9,11.0,0.0,-99.8,-99.8,-99.8,-99.8,-99.8,-99.8,-99.8
2022-08-15 09:00:00,1006.5,-39.4,0.0,4.1,8.0,6.9,8.0,0.0,-99.8,-99.8,-99.8,-99.8,-99.8,-99.8,-99.8
2022-08-15 10:00:00,1006.6,-39.5,0.0,3.9,11.0,6.4,13.0,0.0,-99.8,-99.8,-99.8,-99.8,-99.8,-99.8,-99.8
2022-08-15 11:00:00,1006.2,-39.5,0.0,3.5,16.0,6.2,24.0,0.0,-99.8,-99.8,-99.8,-99.8,-99.8,-99.8,-99.8
2022-08-15 12:00:00,1006.0,-39.5,0.0,3.9,19.0,6.4,29.0,0.0,-99.8,-99.8,-99.8,-99.8,-99.8,-99.8,-99.8
2022-08-15 13:00:00,1005.7,-39.5,0.0,4.3,27.0,6.8,29.0,0.0,-99.8,-99.8,-99.8,-99.8,-99.8,-99.8,-99.8
2022-08-15 14:00:00,1005.1,-39.5,0.0,4.3,25.0,7.3,27.0,0.0,-99.8,-99.8,-99.8,-99.8,-99.8,-99.8,-99.8
2022-08-15 15:00:00,1004.3,-39.5,0.0,4.3,22.0,8.0,24.0,0.0,-99.8,-99.8,-99.8,-99.8,-99.8,-99.8,-99.8
2022-08-15 16:00:00,1004.0,-39.5,0.0,3.7,25.0,7.7,16.0,0.0,-99.8,-99.8,-99.8,-99.8,-99.8,-99.8,-99.8
2022-08-15 17:00:00,1003.8,-39.5,0.0,2.9,21.0,7.0,26.0,0.0,-99.8,-99.8,-99.8,-99.8,-99.8,-99.8,-99.8
2022-08-15 18:00:00,1004.1,-39.5,0.0,1.7,32.0,6.0,24.0,0.0,-99.8,-99.8,-99.8,-99.8,-99.8,-99.8,-99.8
2022-08-15 19:00:00,1004.4,-39.5,0.0,1.4,56.0,3.2,47.0,0.0,-99.8,-99.8,-99.8,-99.8,-99.8,-99.8,-99.8
2022-08-15 20:00:00,1005.0,-39.6,0.0,0.6,326.0,2.9,30.0,0.0,-99.8,-99.8,-99.8,-99.8,-99.8,-99.8,-99.8
2022-08-15 21:00:00,1005.7,-39.6,0.0,1.3,323.0,2.4,328.0,0.0,-99.8,-99.8,-99.8,-99.8,-99.8,-99.8,-99.8
2022-08-15 22:00:00,1005.9,-39.5,0.0,1.6,309.0,2.9,285.0,0.0,-99.8,-99.8,-99.8,-99.8,-99.8,-99.8,-99.8
2022-08-15 23:00:00,1005.8,-39.5,0.0,0.6,322.0,2.5,323.0,0.0,-99.8,-99.8,-99.8,-99.8,-99.8,-99.8,-99.8
2022-08-16 00:00:00,1005.4,-39.6,0.0,1.2,331.0,2.3,315.0,0.0,-99.8,-99.8,-99.8,-99.8,-99.8,-99.8,-99.8
2022-08-16 01:00:00,1005.0,-39.6,0.0,1.9,336.0,3.9,354.0,0.0,-99.8,-99.8,-99.8,-99.8,-99.8,-99.8,-99.8
2022-08-16 02:00:00,1004.7,-39.6,0.0,1.2,5.0,3.3,341.0,0.0,-99.8,-99.8,-99.8,-99.8,-99.8,-99.8,-99.8
2022-08-16 03:00:00,1005.1,-39.6,0.0,0.5,323.0,2.3,7.0,0.0,-99.8,-99.8,-99.8,-99.8,-99.8,-99.8,-99.8
2022-08-16 04:00:00,1005.4,-39.6,0.0,0.8,202.0,1.4,222.0,0.0,-99.8,-99.8,-99.8,-99.8,-99.8,-99.8,-99.8
2022-08-16 05:00:00,1005.4,-39.6,0.0,0.9,178.0,1.8,143.0,0.0,-99.8,-99.8,-99.8,-99.8,-99.8,-99.8,-99.8
2022-08-16 06:00:00,1006.0,-39.6,0.0,1.2,193.0,2.5,192.0,0.0,-99.8,-99.8,-99.8,-99.8,-99.8,-99.8,-99.8
2022-08-16 07:00:00,1006.0,-39.5,0.0,2.2,172.0,3.1,174.0,0.0,-99.8,-99.8,-99.8,-99.8,-99.8,-99.8,-99.8
2022-08-16 08:00:00,1006.1,-39.5,0.0,3.2,188.0,5.0,182.0,0.0,-99.8,-99.8,-99.8,-99.8,-99.8,-99.8,-99.8
2022-08-16 09:00:00,1006.4,-39.5,0.0,3.5,182.0,5.4,189.0,0.0,-99.8,-99.8,-99.8,-99.8,-99.8,-99.8,-99.8
2022-08-16 10:00:00,1006.6,-39.5,0.0,3.1,174.0,4.9,159.0,0.0,-99.8,-99.8,-99.8,-99.8,-99.8,-99.8,-99.8
2022-08-16 11:00:00,1006.3,-39.5,0.0,2.6,174.0,4.7,175.0,0.0,-99.8,-99.8,-99.8,-99.8,-99.8,-99.8,-99.8
2022-08-16 12:00:00,1005.8,-39.5,0.0,2.3,165.0,4.9,175.0,-999.6,-99.8,-99.8,-99.8,-99.8,-99.8,-99.8,-99.8
2022-08-16 13:00:00,1005.4,-39.4,0.0,2.0,106.0,5.7,89.0,0.0,-99.8,-99.8,-99.8,-99.8,-99.8,-99.8,-99.8
2022-08-16 14:00:00,1004.6,-39.4,0.0,1.6,115.0,4.8,169.0,0.0,-99.8,-99.8,-99.8,-99.8,-99.8,-99.8,-99.8
2022-08-16 15:00:00,1003.7,-39.4,0.0,1.7,148.0,4.9,127.0,0.0,-99.8,-99.8,-99.8,-99.8,-99.8,-99.8,-99.8
2022-08-16 16:00:00,1003.1,-39.4,0.0,3.6,182.0,7.5,185.0,0.0,-99.8,-99.8,-99.8,-99.8,-99.8,-99.8,-99.8
2022-08-16 17:00:00,1003.3,-39.4,0.0,4.5,186.0,7.8,195.0,0.0,-99.8,-99.8,-99.8,-99.8,-99.8,-99.8,-99.8
2022-08-16 18:00:00,1003.6,-39.4,0.0,4.3,187.0,7.7,174.0,0.0,-99.8,-99.8,-99.8,-99.8,-99.8,-99.8,-99.8
2022-08-16 19:00:00,1004.5,-39.4,0.0,3.7,190.0,6.6,173.0,0.0,-99.8,-99.8,-99.8,-99.8,-99.8,-99.8,-99.8
2022-08-16 20:00:00,1004.9,-39.4,0.0,3.8,184.0,7.1,194.0,0.0,-99.8,-99.8,-99.8,-99.8,-99.8,-99.8,-99.8
2022-08-16 21:00:00,1005.5,-39.4,0.0,4.7,186.0,8.1,191.0,0.0,-99.8,-99.8,-99.8,-99.8,-99.8,-99.8,-99.8
2022-08-16 22:00:00,1005.5,-39.4,0.0,4.4,192.0,6.7,190.0,0.0,-99.8,-99.8,-99.8,-99.8,-99.8,-99.8,-99.8
2022-08-16 23:00:00,1005.8,-39.4,0.0,3.6,183.0,6.7,174.0,0.0,-99.8,-99.8,-99.8,-99.8,-99.8,-99.8,-99.8
2022-08-17 00:00:00,1005.7,-39.4,0.0,3.5,192.0,5.9,197.0,0.0,-99.8,-99.8,-99.8,-99.8,-99.8,-99.8,-99.8
2022-08-17 01:00:00,1005.6,-39.4,0.0,3.6,195.0,6.5,198.0,0.0,-99.8,-99.8,-99.8,-99.8,-99.8,-99.8,-99.8
2022-08-17 02:00:00,1005.3,-39.4,0.0,3.1,192.0,5.3,186.0,0.0,-99.8,-99.8,-99.8,-99.8,-99.8,-99.8,-99.8
2022-08-17 03:00:00,1004.9,-39.4,0.0,4.2,192.0,6.8,167.0,0.0,-99.8,-99.8,-99.8,-99.8,-99.8,-99.8,-99.8
2022-08-17 04:00:00,1005.1,-39.4,0.0,4.3,195.0,8.6,183.0,0.0,-99.8,-99.8,-99.8,-99.8,-99.8,-99.8,-99.8
2022-08-17 05:00:00,1005.5,-39.4,0.0,3.0,203.0,6.6,199.0,0.0,-99.8,-99.8,-99.8,-99.8,-99.8,-99.8,-99.8
2022-08-17 06:00:00,1005.8,-39.4,0.0,2.6,205.0,6.7,215.0,0.0,-99.8,-99.8,-99.8,-99.8,-99.8,-99.8,-99.8
2022-08-17 07:00:00,1006.3,-39.4,0.0,1.3,337.0,4.1,227.0,0.0,-99.8,-99.8,-99.8,-99.8,-99.8,-99.8,-99.8
2022-08-17 08:00:00,1006.5,-39.4,0.0,1.8,12.0,3.1,328.0,0.0,-99.8,-99.8,-99.8,-99.8,-99.8,-99.8,-99.8
2022-08-17 09:00:00,1006.6,-39.4,0.0,1.7,17.0,3.4,21.0,0.0,-99.8,-99.8,-99.8,-99.8,-99.8,-99.8,-99.8
2022-08-17 10:00:00,1006.8,-39.4,0.0,1.5,132.0,4.1,123.0,0.0,-99.8,-99.8,-99.8,-99.8,-99.8,-99.8,-99.8
2022-08-17 11:00:00,1006.6,-39.4,0.0,1.1,123.0,4.3,64.0,0.0,-99.8,-99.8,-99.8,-99.8,-99.8,-99.8,-99.8
2022-08-17 12:00:00,1006.2,-39.4,0.0,1.5,137.0,4.2,153.0,0.0,-99.8,-99.8,-99.8,-99.8,-99.8,-99.8,-99.8
2022-08-17 13:00:00,1005.8,-39.4,0.0,1.7,138.0,4.9,150.0,0.0,-99.8,-99.8,-99.8,-99.8,-99.8,-99.8,-99.8
2022-08-17 14:00:00,1005.1,-39.4,0.0,3.5,162.0,5.7,167.0,0.0,-99.8,-99.8,-99.8,-99.8,-99.8,-99.8,-99.8
2022-08-17 15:00:00,1004.1,-39.4,0.0,3.8,183.0,6.1,176.0,0.0,-99.8,-99.8,-99.8,-99.8,-99.8,-99.8,-99.8
2022-08-17 16:00:00,1004.1,-39.4,0.0,3.7,188.0,7.1,171.0,0.0,-99.8,-99.8,-99.8,-99.8,-99.8,-99.8,-99.8
2022-08-17 17:00:00,1004.0,-39.4,0.0,3.5,197.0,6.8,204.0,0.0,-99.8,-99.8,-99.8,-99.8,-99.8,-99.8,-99.8
2022-08-17 18:00:00,1004.5,-39.4,0.0,3.2,196.0,5.6,201.0,0.0,-99.8,-99.8,-99.8,-99.8,-99.8,-99.8,-99.8
2022-08-17 19:00:00,1005.4,-39.4,0.0,3.6,174.0,7.6,166.0,0.0,-99.8,-99.8,-99.8,-99.8,-99.8,-99.8,-99.8
2022-08-17 20:00:00,1006.5,-39.4,0.0,2.9,177.0,7.4,181.0,0.0,-99.8,-99.8,-99.8,-99.8,-99.8,-99.8,-99.8
2022-08-17 21:00:00,1007.0,-39.4,0.0,2.9,184.0,5.6,187.0,0.0,-99.8,-99.8,-99.8,-99.8,-99.8,-99.8,-99.8
2022-08-17 22:00:00,1007.3,-39.4,0.0,3.2,185.0,5.9,160.0,0.0,-99.8,-99.8,-99.8,-99.8,-99.8,-99.8,-99.8
2022-08-17 23:00:00,1007.0,-39.4,0.0,3.6,191.0,5.6,196.0,0.0,-99.8,-99.8,-99.8,-99.8,-99.8,-99.8,-99.8
2022-08-18 00:00:00,1006.4,-39.4,0.0,1.9,196.0,5.4,175.0,0.0,-99.8,-99.8,-99.8,-99.8,-99.8,-99.8,-99.8
2022-08-18 01:00:00,1005.9,-39.4,0.0,0.9,223.0,2.2,194.0,0.0,-99.8,-99.8,-99.8,-99.8,-99.8,-99.8,-99.8
2022-08-18 02:00:00,1005.6,-39.5,0.0,0.6,198.0,1.3,237.0,0.0,-99.8,-99.8,-99.8,-99.8,-99.8,-99.8,-99.8
2022-08-18 03:00:00,1005.1,-39.5,0.0,0.5,173.0,1.2,235.0,0.0,-99.8,-99.8,-99.8,-99.8,-99.8,-99.8,-99.8
2022-08-18 04:00:00,1004.9,-39.4,0.0,0.4,283.0,4.4,14.0,0.0,-99.8,-99.8,-99.8,-99.8,-99.8,-99.8,-99.8
2022-08-18 05:00:00,1005.1,-39.4,0.0,1.2,342.0,3.3,360.0,0.0,-99.8,-99.8,-99.8,-99.8,-99.8,-99.8,-99.8
2022-08-18 06:00:00,1005.4,-39.4,0.0,4.1,23.0,6.4,17.0,0.0,-99.8,-99.8,-99.8,-99.8,-99.8,-99.8,-99.8
2022-08-18 07:00:00,1005.9,-39.4,0.0,3.5,17.0,6.6,25.0,0.0,-99.8,-99.8,-99.8,-99.8,-99.8,-99.8,-99.8
2022-08-18 08:00:00,1006.4,-39.4,0.0,4.4,17.0,6.6,14.0,0.0,-99.8,-99.8,-99.8,-99.8,-99.8,-99.8,-99.8
2022-08-18 09:00:00,1006.5,-39.4,0.0,5.2,17.0,7.8,19.0,0.0,-99.8,-99.8,-99.8,-99.8,-99.8,-99.8,-99.8
2022-08-18 10:00:00,1006.3,-39.4,0.0,4.8,14.0,9.9,12.0,0.0,-99.8,-99.8,-99.8,-99.8,-99.8,-99.8,-99.8
2022-08-18 11:00:00,1006.3,-39.4,0.0,5.5,23.0,8.1,23.0,0.0,-99.8,-99.8,-99.8,-99.8,-99.8,-99.8,-99.8
2022-08-18 12:00:00,1006.1,-39.4,0.0,5.2,24.0,7.6,21.0,0.0,-99.8,-99.8,-99.8,-99.8,-99.8,-99.8,-99.8
2022-08-18 13:00:00,1005.7,-39.4,0.0,5.2,25.0,8.6,23.0,0.0,-99.8,-99.8,-99.8,-99.8,-99.8,-99.8,-99.8
2022-08-18 14:00:00,1005.5,-39.4,0.0,5.1,25.0,9.0,25.0,0.0,-99.8,-99.8,-99.8,-99.8,-99.8,-99.8,-99.8
2022-08-18 15:00:00,1005.1,-39.4,0.0,3.9,27.0,7.9,28.0,0.0,-99.8,-99.8,-99.8,-99.8,-99.8,-99.8,-99.8
2022-08-18 16:00:00,1004.6,-39.4,0.0,2.0,40.0,7.0,28.0,0.0,-99.8,-99.8,-99.8,-99.8,-99.8,-99.8,-99.8
2022-08-18 17:00:00,1004.5,-39.4,0.0,2.0,47.0,5.1,69.0,0.0,-99.8,-99.8,-99.8,-99.8,-99.8,-99.8,-99.8
2022-08-18 18:00:00,1004.5,-39.4,0.0,0.9,71.0,4.8,20.0,0.0,-99.8,-99.8,-99.8,-99.8,-99.8,-99.8,-99.8
2022-08-18 19:00:00,1004.7,-39.4,0.0,0.9,44.0,3.3,69.0,0.0,-99.8,-99.8,-99.8,-99.8,-99.8,-99.8,-99.8
2022-08-18 20:00:00,1005.4,-39.4,0.0,1.6,33.0,3.7,44.0,0.0,-99.8,-99.8,-99.8,-99.8,-99.8,-99.8,-99.8
2022-08-18 21:00:00,1006.0,-39.4,0.0,1.5,10.0,2.9,20.0,0.0,-99.8,-99.8,-99.8,-99.8,-99.8,-99.8,-99.8
2022-08-18 22:00:00,1006.4,-39.4,0.0,0.9,346.0,2.7,23.0,0.0,-99.8,-99.8,-99.8,-99.8,-99.8,-99.8,-99.8
2022-08-18 23:00:00,1006.1,-39.4,0.0,0.9,312.0,1.9,304.0,0.0,-99.8,-99.8,-99.8,-99.8,-99.8,-99.8,-99.8
2022-08-19 00:00:00,1005.7,-39.4,0.0,0.8,300.0,2.0,334.0,0.0,-99.8,-99.8,-99.8,-99.8,-99.8,-99.8,-99.8
2022-08-19 01:00:00,1005.0,-39.4,0.0,0.5,281.0,2.0,336.0,0.0,-99.8,-99.8,-99.8,-99.8,-99.8,-99.8,-99.8
2022-08-19 02:00:00,1004.6,-39.4,0.0,0.8,268.0,1.9,283.0,0.0,-99.8,-99.8,-99.8,-99.8,-99.8,-99.8,-99.8
2022-08-19 03:00:00,1004.6,-39.4,0.0,1.4,199.0,2.5,262.0,0.0,-99.8,-99.8,-99.8,-99.8,-99.8,-99.8,-99.8
2022-08-19 04:00:00,1004.6,-39.4,0.0,1.9,200.0,3.9,189.0,0.0,-99.8,-99.8,-99.8,-99.8,-99.8,-99.8,-99.8
2022-08-19 05:00:00,1004.9,-39.4,0.0,2.7,191.0,5.2,186.0,0.0,-99.8,-99.8,-99.8,-99.8,-99.8,-99.8,-99.8
2022-08-19 06:00:00,1005.6,-39.4,0.0,2.9,193.0,7.2,199.0,0.0,-99.8,-99.8,-99.8,-99.8,-99.8,-99.8,-99.8
2022-08-19 07:00:00,1006.2,-39.4,0.0,3.8,200.0,9.2,206.0,0.0,-99.8,-99.8,-99.8,-99.8,-99.8,-99.8,-99.8
2022-08-19 08:00:00,1006.7,-39.4,0.0,2.4,214.0,8.1,195.0,0.0,-99.8,-99.8,-99.8,-99.8,-99.8,-99.8,-99.8
2022-08-19 09:00:00,1007.3,-39.4,0.0,3.3,209.0,7.3,245.0,0.0,-99.8,-99.8,-99.8,-99.8,-99.8,-99.8,-99.8
2022-08-19 10:00:00,1007.1,-39.4,0.0,3.5,222.0,7.7,175.0,0.0,-99.8,-99.8,-99.8,-99.8,-99.8,-99.8,-99.8
2022-08-19 11:00:00,1007.1,-39.3,0.0,3.8,207.0,7.9,215.0,0.0,-99.8,-99.8,-99.8,-99.8,-99.8,-99.8,-99.8
2022-08-19 12:00:00,1006.9,-39.4,0.0,5.8,179.0,9.2,172.0,0.0,-99.8,-99.8,-99.8,-99.8,-99.8,-99.8,-99.8
2022-08-19 13:00:00,1006.5,-39.4,0.0,6.6,183.0,11.2,171.0,0.0,-99.8,-99.8,-99.8,-99.8,-99.8,-99.8,-99.8
2022-08-19 14:00:00,1006.0,-39.4,0.0,4.6,192.0,11.3,186.0,0.0,-99.8,-99.8,-99.8,-99.8,-99.8,-99.8,-99.8
2022-08-19 15:00:00,1005.5,-39.4,0.0,4.8,188.0,10.0,200.0,0.0,-99.8,-99.8,-99.8,-99.8,-99.8,-99.8,-99.8
2022-08-19 16:00:00,1005.3,-39.4,0.0,5.4,191.0,9.9,192.0,0.0,-99.8,-99.8,-99.8,-99.8,-99.8,-99.8,-99.8
2022-08-19 17:00:00,1005.7,-39.4,0.0,5.2,190.0,10.4,170.0,0.0,-99.8,-99.8,-99.8,-99.8,-99.8,-99.8,-99.8
2022-08-19 18:00:00,1005.6,-39.4,0.0,4.7,191.0,9.0,187.0,0.0,-99.8,-99.8,-99.8,-99.8,-99.8,-99.8,-99.8
2022-08-19 19:00:00,1006.3,-39.4,0.0,4.1,192.0,10.1,200.0,0.0,-99.8,-99.8,-99.8,-99.8,-99.8,-99.8,-99.8
2022-08-19 20:00:00,1007.1,-39.4,0.0,4.8,192.0,8.4,187.0,0.0,-99.8,-99.8,-99.8,-99.8,-99.8,-99.8,-99.8
2022-08-19 21:00:00,1007.9,-39.4,0.0,5.3,192.0,9.7,204.0,0.0,-99.8,-99.8,-99.8,-99.8,-99.8,-99.8,-99.8
2022-08-19 22:00:00,1008.4,-39.4,0.0,3.1,195.0,9.0,184.0,0.0,-99.8,-99.8,-99.8,-99.8,-99.8,-99.8,-99.8
2022-08-19 23:00:00,1008.6,-39.4,0.0,3.1,192.0,6.5,201.0,0.0,-99.8,-99.8,-99.8,-99.8,-99.8,-99.8,-99.8
2022-08-20 00:00:00,1008.2,-39.4,0.0,3.3,193.0,6.7,183.0,0.0,-99.8,-99.8,-99.8,-99.8,-99.8,-99.8,-99.8
2022-08-20 01:00:00,1007.9,-39.4,0.0,3.3,194.0,6.4,182.0,0.0,-99.8,-99.8,-99.8,-99.8,-99.8,-99.8,-99.8
2022-08-20 02:00:00,1007.4,-39.4,0.0,3.2,196.0,8.5,181.0,0.0,-99.8,-99.8,-99.8,-99.8,-99.8,-99.8,-99.8
2022-08-20 03:00:00,1006.7,-39.4,0.0,3.7,191.0,7.0,198.0,0.0,-99.8,-99.8,-99.8,-99.8,-99.8,-99.8,-99.8
2022-08-20 04:00:00,1007.1,-39.4,0.0,2.2,195.0,6.7,185.0,0.0,-99.8,-99.8,-99.8,-99.8,-99.8,-99.8,-99.8
2022-08-20 05:00:00,1007.4,-39.4,0.0,3.7,204.0,6.7,205.0,0.0,-99.8,-99.8,-99.8,-99.8,-99.8,-99.8,-99.8
2022-08-20 06:00:00,1007.5,-39.4,0.0,2.9,196.0,7.0,199.0,0.0,-99.8,-99.8,-99.8,-99.8,-99.8,-99.8,-99.8
2022-08-20 07:00:00,1008.0,-39.4,0.0,2.6,203.0,5.9,191.0,0.0,-99.8,-99.8,-99.8,-99.8,-99.8,-99.8,-99.8
2022-08-20 08:00:00,1008.6,-39.4,0.0,2.8,215.0,6.1,198.0,0.0,-99.8,-99.8,-99.8,-99.8,-99.8,-99.8,-99.8
2022-08-20 09:00:00,1008.6,-39.4,0.0,4.5,190.0,8.5,178.0,0.0,-99.8,-99.8,-99.8,-99.8,-99.8,-99.8,-99.8
2022-08-20 10:00:00,1008.7,-39.4,0.0,4.8,184.0,9.6,195.0,0.0,-99.8,-99.8,-99.8,-99.8,-99.8,-99.8,-99.8
2022-08-20 11:00:00,1008.5,-39.4,0.0,6.2,180.0,10.1,178.0,0.0,-99.8,-99.8,-99.8,-99.8,-99.8,-99.8,-99.8
2022-08-20 12:00:00,1007.9,-39.4,0.0,4.8,193.0,10.6,173.0,0.0,-99.8,-99.8,-99.8,-99.8,-99.8,-99.8,-99.8
2022-08-20 13:00:00,1007.3,-39.4,0.0,5.3,186.0,8.4,193.0,0.0,-99.8,-99.8,-99.8,-99.8,-99.8,-99.8,-99.8
2022-08-20 14:00:00,1006.8,-39.4,0.0,5.4,183.0,8.7,182.0,0.0,-99.8,-99.8,-99.8,-99.8,-99.8,-99.8,-99.8
2022-08-20 15:00:00,1006.2,-39.4,0.0,6.2,184.0,10.5,169.0,0.0,-99.8,-99.8,-99.8,-99.8,-99.8,-99.8,-99.8
2022-08-20 16:00:00,1005.8,-39.4,0.0,5.9,185.0,10.4,193.0,0.0,-99.8,-99.8,-99.8,-99.8,-99.8,-99.8,-99.8
2022-08-20 17:00:00,1005.8,-39.4,0.0,5.9,193.0,10.0,198.0,0.0,-99.8,-99.8,-99.8,-99.8,-99.8,-99.8,-99.8
2022-08-20 18:00:00,1006.0,-39.4,0.0,6.8,194.0,11.4,201.0,0.0,-99.8,-99.8,-99.8,-99.8,-99.8,-99.8,-99.8
2022-08-20 19:00:00,1006.4,-39.4,0.0,8.4,193.0,13.6,187.0,0.0,-99.8,-99.8,-99.8,-99.8,-99.8,-99.8,-99.8
2022-08-20 20:00:00,1006.9,-39.4,0.0,6.6,189.0,11.7,198.0,0.0,-99.8,-99.8,-99.8,-99.8,-99.8,-99.8,-99.8
2022-08-20 21:00:00,1006.9,-39.4,0.0,8.3,189.0,12.3,198.0,0.0,-99.8,-99.8,-99.8,-99.8,-99.8,-99.8,-99.8
2022-08-20 22:00:00,1006.9,-39.4,0.0,7.9,189.0,12.9,199.0,0.0,-99.8,-99.8,-99.8,-99.8,-99.8,-99.8,-99.8
2022-08-20 23:00:00,1006.8,-39.4,0.0,5.9,190.0,10.9,188.0,0.0,-99.8,-99.8,-99.8,-99.8,-99.8,-99.8,-99.8
2022-08-21 00:00:00,1006.5,-39.4,0.0,5.8,192.0,11.3,193.0,0.0,-99.8,-99.8,-99.8,-99.8,-99.8,-99.8,-99.8
2022-08-21 01:00:00,1006.0,-39.4,0.0,5.7,192.0,9.4,188.0,0.0,-99.8,-99.8,-99.8,-99.8,-99.8,-99.8,-99.8
2022-08-21 02:00:00,1005.4,-39.4,0.0,5.8,192.0,11.3,190.0,0.0,-99.8,-99.8,-99.8,-99.8,-99.8,-99.8,-99.8
2022-08-21 03:00:00,1005.1,-39.4,0.0,5.2,191.0,9.6,185.0,0.0,-99.8,-99.8,-99.8,-99.8,-99.8,-99.8,-99.8
2022-08-21 04:00:00,1005.0,-39.4,0.0,4.5,197.0,8.5,194.0,0.0,-99.8,-99.8,-99.8,-99.8,-99.8,-99.8,-99.8
2022-08-21 05:00:00,1005.1,-39.4,0.0,4.4,192.0,8.3,187.0,0.0,-99.8,-99.8,-99.8,-99.8,-99.8,-99.8,-99.8
2022-08-21 06:00:00,1005.8,-39.4,0.0,4.4,190.0,7.7,177.0,0.0,-99.8,-99.8,-99.8,-99.8,-99.8,-99.8,-99.8
2022-08-21 07:00:00,1006.3,-39.4,0.0,5.0,194.0,9.8,181.0,0.0,-99.8,-99.8,-99.8,-99.8,-99.8,-99.8,-99.8
2022-08-21 08:00:00,1006.6,-39.4,0.0,5.6,188.0,9.4,184.0,0.0,-99.8,-99.8,-99.8,-99.8,-99.8,-99.8,-99.8
2022-08-21 09:00:00,1006.7,-39.4,0.0,5.2,183.0,10.2,187.0,0.0,-99.8,-99.8,-99.8,-99.8,-99.8,-99.8,-99.8
2022-08-21 10:00:00,1006.5,-39.4,0.0,5.5,187.0,8.9,186.0,0.0,-99.8,-99.8,-99.8,-99.8,-99.8,-99.8,-99.8
2022-08-21 11:00:00,1006.1,-39.4,0.0,6.1,189.0,9.8,182.0,0.0,-99.8,-99.8,-99.8,-99.8,-99.8,-99.8,-99.8
2022-08-21 12:00:00,1005.3,-39.4,0.0,5.8,193.0,9.2,185.0,0.0,-99.8,-99.8,-99.8,-99.8,-99.8,-99.8,-99.8
2022-08-21 13:00:00,1005.0,-39.4,0.0,4.7,181.0,8.6,179.0,0.0,-99.8,-99.8,-99.8,-99.8,-99.8,-99.8,-99.8
2022-08-21 14:00:00,1004.4,-39.4,0.0,5.3,184.0,8.2,177.0,0.0,-99.8,-99.8,-99.8,-99.8,-99.8,-99.8,-99.8
2022-08-21 15:00:00,1003.8,-39.4,0.0,5.4,182.0,8.8,187.0,0.0,-99.8,-99.8,-99.8,-99.8,-99.8,-99.8,-99.8
2022-08-21 16:00:00,1003.9,-39.4,0.0,4.9,191.0,9.4,201.0,0.0,-99.8,-99.8,-99.8,-99.8,-99.8,-99.8,-99.8
2022-08-21 17:00:00,1003.8,-39.4,0.0,4.9,194.0,8.7,185.0,0.0,-99.8,-99.8,-99.8,-99.8,-99.8,-99.8,-99.8
2022-08-21 18:00:00,1003.9,-39.4,0.0,5.8,192.0,9.1,201.0,0.0,-99.8,-99.8,-99.8,-99.8,-99.8,-99.8,-99.8
2022-08-21 19:00:00,1004.2,-39.4,0.0,6.4,191.0,9.1,198.0,0.0,-99.8,-99.8,-99.8,-99.8,-99.8,-99.8,-99.8
2022-08-21 20:00:00,1004.8,-39.4,0.0,6.6,191.0,9.9,192.0,0.0,-99.8,-99.8,-99.8,-99.8,-99.8,-99.8,-99.8
2022-08-21 21:00:00,1005.0,-39.4,0.0,5.6,192.0,11.0,182.0,0.0,-99.8,-99.8,-99.8,-99.8,-99.8,-99.8,-99.8
2022-08-21 22:00:00,1004.9,-39.4,0.0,5.8,191.0,9.4,181.0,0.0,-99.8,-99.8,-99.8,-99.8,-99.8,-99.8,-99.8
2022-08-21 23:00:00,1004.9,-39.4,0.0,5.1,192.0,8.8,190.0,0.0,-99.8,-99.8,-99.8,-99.8,-99.8,-99.8,-99.8
2022-08-22 00:00:00,1004.4,-39.4,0.0,4.7,191.0,8.3,186.0,0.0,-99.8,-99.8,-99.8,-99.8,-99.8,-99.8,-99.8
2022-08-22 01:00:00,1004.1,-39.4,0.0,3.8,192.0,7.7,187.0,0.0,-99.8,-99.8,-99.8,-99.8,-99.8,-99.8,-99.8
2022-08-22 02:00:00,1003.5,-39.4,0.0,3.9,189.0,6.5,181.0,0.0,-99.8,-99.8,-99.8,-99.8,-99.8,-99.8,-99.8
2022-08-22 03:00:00,1003.3,-39.4,0.0,5.0,190.0,8.1,186.0,0.0,-99.8,-99.8,-99.8,-99.8,-99.8,-99.8,-99.8
2022-08-22 04:00:00,1003.1,-39.4,0.0,3.9,188.0,8.1,184.0,0.0,-99.8,-99.8,-99.8,-99.8,-99.8,-99.8,-99.8
2022-08-22 05:00:00,1003.1,-39.4,0.0,3.9,188.0,5.8,180.0,0.0,-99.8,-99.8,-99.8,-99.8,-99.8,-99.8,-99.8
2022-08-22 06:00:00,1003.8,-39.5,0.0,4.4,189.0,6.9,195.0,0.0,-99.8,-99.8,-99.8,-99.8,-99.8,-99.8,-99.8
2022-08-22 07:00:00,1004.5,-39.4,0.0,4.7,192.0,7.0,192.0,0.0,-99.8,-99.8,-99.8,-99.8,-99.8,-99.8,-99.8
2022-08-22 08:00:00,1005.0,-39.4,0.0,4.3,189.0,7.1,192.0,0.0,-99.8,-99.8,-99.8,-99.8,-99.8,-99.8,-99.8
2022-08-22 09:00:00,1005.5,-39.4,0.0,3.7,178.0,7.0,177.0,0.0,-99.8,-99.8,-99.8,-99.8,-99.8,-99.8,-99.8
2022-08-22 10:00:00,1005.6,-39.4,0.0,2.7,191.0,6.3,183.0,0.0,-99.8,-99.8,-99.8,-99.8,-99.8,-99.8,-99.8
2022-08-22 11:00:00,1005.4,-39.4,0.0,3.4,179.0,6.5,183.0,0.0,-99.8,-99.8,-99.8,-99.8,-99.8,-99.8,-99.8
2022-08-22 12:00:00,1005.0,-39.4,0.0,3.8,180.0,6.2,199.0,0.0,-99.8,-99.8,-99.8,-99.8,-99.8,-99.8,-99.8
2022-08-22 13:00:00,1004.2,-39.4,0.0,4.3,182.0,6.9,196.0,0.0,-99.8,-99.8,-99.8,-99.8,-99.8,-99.8,-99.8
2022-08-22 14:00:00,1003.9,-39.4,0.0,4.4,184.0,7.7,193.0,0.0,-99.8,-99.8,-99.8,-99.8,-99.8,-99.8,-99.8
2022-08-22 15:00:00,1003.1,-39.4,0.0,5.5,180.0,8.5,185.0,0.0,-99.8,-99.8,-99.8,-99.8,-99.8,-99.8,-99.8
2022-08-22 16:00:00,1002.7,-39.4,0.0,5.3,180.0,8.8,180.0,0.0,-99.8,-99.8,-99.8,-99.8,-99.8,-99.8,-99.8
2022-08-22 17:00:00,1002.5,-39.4,0.0,5.4,190.0,8.4,189.0,0.0,-99.8,-99.8,-99.8,-99.8,-99.8,-99.8,-99.8
2022-08-22 18:00:00,1002.6,-39.4,0.0,5.0,192.0,7.3,190.0,0.0,-99.8,-99.8,-99.8,-99.8,-99.8,-99.8,-99.8
2022-08-22 19:00:00,1003.2,-39.4,0.0,3.7,195.0,6.8,195.0,0.0,-99.8,-99.8,-99.8,-99.8,-99.8,-99.8,-99.8
2022-08-22 20:00:00,1003.8,-39.4,0.0,3.4,187.0,6.4,182.0,0.0,-99.8,-99.8,-99.8,-99.8,-99.8,-99.8,-99.8
2022-08-22 21:00:00,1004.3,-39.4,0.0,2.4,174.0,4.7,186.0,0.0,-99.8,-99.8,-99.8,-99.8,-99.8,-99.8,-99.8
2022-08-22 22:00:00,1004.4,-39.4,0.0,2.1,175.0,3.8,160.0,0.0,-99.8,-99.8,-99.8,-99.8,-99.8,-99.8,-99.8
2022-08-22 23:00:00,1004.7,-39.4,0.0,1.6,210.0,3.7,157.0,0.0,-99.8,-99.8,-99.8,-99.8,-99.8,-99.8,-99.8
2022-08-23 00:00:00,1004.5,-39.4,0.0,2.1,175.0,3.2,197.0,0.0,-99.8,-99.8,-99.8,-99.8,-99.8,-99.8,-99.8
2022-08-23 01:00:00,1004.2,-39.4,0.0,2.1,150.0,4.4,153.0,0.0,-99.8,-99.8,-99.8,-99.8,-99.8,-99.8,-99.8
2022-08-23 02:00:00,1004.2,-39.4,0.0,1.8,178.0,4.5,146.0,0.0,-99.8,-99.8,-99.8,-99.8,-99.8,-99.8,-99.8
2022-08-23 03:00:00,1004.1,-39.4,0.0,2.5,180.0,4.1,183.0,0.0,-99.8,-99.8,-99.8,-99.8,-99.8,-99.8,-99.8
2022-08-23 04:00:00,1004.3,-39.4,0.0,1.3,191.0,3.7,184.0,0.0,-99.8,-99.8,-99.8,-99.8,-99.8,-99.8,-99.8
2022-08-23 05:00:00,1004.4,-39.4,0.0,1.2,206.0,2.4,186.0,0.0,-99.8,-99.8,-99.8,-99.8,-99.8,-99.8,-99.8
2022-08-23 06:00:00,1004.8,-39.4,0.0,1.8,331.0,3.1,325.0,0.0,-99.8,-99.8,-99.8,-99.8,-99.8,-99.8,-99.8
2022-08-23 07:00:00,1005.3,-39.4,0.0,1.5,29.0,3.5,344.0,0.0,-99.8,-99.8,-99.8,-99.8,-99.8,-99.8,-99.8
2022-08-23 08:00:00,1005.5,-39.4,0.0,0.7,54.0,3.8,29.0,0.0,-99.8,-99.8,-99.8,-99.8,-99.8,-99.8,-99.8
2022-08-23 09:00:00,1006.0,-39.4,0.0,1.0,139.0,3.3,122.0,0.0,-99.8,-99.8,-99.8,-99.8,-99.8,-99.8,-99.8
2022-08-23 10:00:00,1006.1,-39.4,0.0,1.0,108.0,3.7,94.0,0.0,-99.8,-99.8,-99.8,-99.8,-99.8,-99.8,-99.8
2022-08-23 11:00:00,1005.8,-39.4,0.0,2.6,8.0,4.8,12.0,0.0,-99.8,-99.8,-99.8,-99.8,-99.8,-99.8,-99.8
2022-08-23 12:00:00,1005.6,-39.4,0.0,1.5,113.0,3.8,13.0,0.0,-99.8,-99.8,-99.8,-99.8,-99.8,-99.8,-99.8
2022-08-23 13:00:00,1005.1,-39.4,0.0,1.4,129.0,4.0,106.0,0.0,-99.8,-99.8,-99.8,-99.8,-99.8,-99.8,-99.8
2022-08-23 14:00:00,1004.5,-39.4,0.0,1.7,149.0,4.3,19.0,0.0,-99.8,-99.8,-99.8,-99.8,-99.8,-99.8,-99.8
2022-08-23 15:00:00,1003.9,-39.4,0.0,1.6,141.0,4.5,117.0,0.0,-99.8,-99.8,-99.8,-99.8,-99.8,-99.8,-99.8
2022-08-23 16:00:00,1003.7,-39.4,0.0,1.2,99.0,4.9,136.0,0.0,-99.8,-99.8,-99.8,-99.8,-99.8,-99.8,-99.8
2022-08-23 17:00:00,1003.8,-39.4,0.0,2.9,19.0,5.4,26.0,0.0,-99.8,-99.8,-99.8,-99.8,-99.8,-99.8,-99.8
2022-08-23 18:00:00,1004.2,-39.4,0.0,3.3,31.0,5.5,24.0,0.0,-99.8,-99.8,-99.8,-99.8,-99.8,-99.8,-99.8
2022-08-23 19:00:00,1004.5,-39.4,0.0,3.8,28.0,7.1,25.0,0.0,-99.8,-99.8,-99.8,-99.8,-99.8,-99.8,-99.8
2022-08-23 20:00:00,1005.2,-39.4,0.0,4.4,23.0,7.8,26.0,0.0,-99.8,-99.8,-99.8,-99.8,-99.8,-99.8,-99.8
2022-08-23 21:00:00,1005.6,-39.4,0.0,5.3,22.0,7.5,22.0,0.0,-99.8,-99.8,-99.8,-99.8,-99.8,-99.8,-99.8
2022-08-23 22:00:00,1005.7,-39.4,0.0,5.4,20.0,8.0,28.0,0.0,-99.8,-99.8,-99.8,-99.8,-99.8,-99.8,-99.8
2022-08-23 23:00:00,1005.2,-39.4,0.0,6.5,25.0,10.0,18.0,0.0,-99.8,-99.8,-99.8,-99.8,-99.8,-99.8,-99.8
2022-08-24 00:00:00,1005.1,-39.4,0.0,6.4,24.0,9.6,19.0,0.0,-99.8,-99.8,-99.8,-99.8,-99.8,-99.8,-99.8
2022-08-24 01:00:00,1004.6,-39.4,0.0,7.1,23.0,9.7,24.0,0.0,-99.8,-99.8,-99.8,-99.8,-99.8,-99.8,-99.8
2022-08-24 02:00:00,1004.0,-39.4,0.0,8.1,23.0,12.4,21.0,0.0,-99.8,-99.8,-99.8,-99.8,-99.8,-99.8,-99.8
2022-08-24 03:00:00,1003.5,-39.4,0.0,7.8,19.0,12.1,27.0,0.0,-99.8,-99.8,-99.8,-99.8,-99.8,-99.8,-99.8
2022-08-24 04:00:00,1003.3,-39.4,0.0,8.3,25.0,12.4,22.0,0.0,-99.8,-99.8,-99.8,-99.8,-99.8,-99.8,-99.8
2022-08-24 05:00:00,1003.4,-39.4,0.0,8.6,20.0,12.8,19.0,0.0,-99.8,-99.8,-99.8,-99.8,-99.8,-99.8,-99.8
2022-08-24 06:00:00,1004.1,-39.4,0.0,8.5,23.0,12.7,30.0,0.0,-99.8,-99.8,-99.8,-99.8,-99.8,-99.8,-99.8
2022-08-24 07:00:00,1004.6,-39.4,0.0,8.7,23.0,13.5,27.0,0.0,-99.8,-99.8,-99.8,-99.8,-99.8,-99.8,-99.8
2022-08-24 08:00:00,1005.2,-39.4,0.0,8.0,27.0,12.8,31.0,0.0,-99.8,-99.8,-99.8,-99.8,-99.8,-99.8,-99.8
2022-08-24 09:00:00,1005.2,-39.4,0.0,8.9,24.0,14.6,21.0,0.0,-99.8,-99.8,-99.8,-99.8,-99.8,-99.8,-99.8
2022-08-24 10:00:00,1005.5,-39.4,0.0,7.8,22.0,12.9,23.0,0.0,-99.8,-99.8,-99.8,-99.8,-99.8,-99.8,-99.8
2022-08-24 11:00:00,1005.3,-39.4,0.0,7.2,15.0,10.9,24.0,0.0,-99.8,-99.8,-99.8,-99.8,-99.8,-99.8,-99.8
2022-08-24 12:00:00,1004.8,-39.4,0.0,8.1,20.0,11.6,14.0,0.0,-99.8,-99.8,-99.8,-99.8,-99.8,-99.8,-99.8
2022-08-24 13:00:00,1004.3,-39.4,0.0,8.2,21.0,12.0,22.0,0.0,-99.8,-99.8,-99.8,-99.8,-99.8,-99.8,-99.8
2022-08-24 14:00:00,1004.1,-39.4,0.0,6.0,19.0,11.2,20.0,0.0,-99.8,-99.8,-99.8,-99.8,-99.8,-99.8,-99.8
2022-08-24 15:00:00,1004.0,-39.4,0.0,5.3,24.0,9.3,6.0,0.0,-99.8,-99.8,-99.8,-99.8,-99.8,-99.8,-99.8
2022-08-24 16:00:00,1004.0,-39.4,0.0,3.9,14.0,9.5,41.0,0.0,-99.8,-99.8,-99.8,-99.8,-99.8,-99.8,-99.8
2022-08-24 17:00:00,1003.9,-39.4,0.0,4.0,29.0,6.0,18.0,0.0,-99.8,-99.8,-99.8,-99.8,-99.8,-99.8,-99.8
2022-08-24 18:00:00,1004.2,-39.4,0.0,2.7,26.0,6.5,28.0,0.0,-99.8,-99.8,-99.8,-99.8,-99.8,-99.8,-99.8
2022-08-24 19:00:00,1004.9,-39.4,0.0,1.8,19.0,4.2,23.0,0.0,-99.8,-99.8,-99.8,-99.8,-99.8,-99.8,-99.8
2022-08-24 20:00:00,1005.9,-39.4,0.0,1.3,335.0,3.0,10.0,0.0,-99.8,-99.8,-99.8,-99.8,-99.8,-99.8,-99.8
2022-08-24 21:00:00,1006.4,-39.4,0.0,1.4,320.0,4.1,340.0,0.0,-99.8,-99.8,-99.8,-99.8,-99.8,-99.8,-99.8
2022-08-24 22:00:00,1007.3,-39.4,0.0,1.3,206.0,3.5,333.0,0.0,-99.8,-99.8,-99.8,-99.8,-99.8,-99.8,-99.8
2022-08-24 23:00:00,1007.5,-39.4,0.0,1.8,243.0,3.9,248.0,0.0,-99.8,-99.8,-99.8,-99.8,-99.8,-99.8,-99.8
2022-08-25 00:00:00,1007.8,-39.4,0.0,2.3,227.0,4.5,226.0,0.0,-99.8,-99.8,-99.8,-99.8,-99.8,-99.8,-99.8
2022-08-25 01:00:00,1007.6,-39.5,0.0,2.0,251.0,10.0,214.0,0.0,-99.8,-99.8,-99.8,-99.8,-99.8,-99.8,-99.8
2022-08-25 02:00:00,1007.1,-39.4,0.0,2.1,230.0,4.7,207.0,0.0,-99.8,-99.8,-99.8,-99.8,-99.8,-99.8,-99.8
2022-08-25 03:00:00,1006.7,-39.4,0.0,1.3,224.0,4.1,234.0,0.0,-99.8,-99.8,-99.8,-99.8,-99.8,-99.8,-99.8
2022-08-25 04:00:00,1006.8,-39.4,0.0,1.4,225.0,4.5,245.0,0.0,-99.8,-99.8,-99.8,-99.8,-99.8,-99.8,-99.8
2022-08-25 05:00:00,1007.2,-39.4,0.0,2.1,209.0,4.1,201.0,0.0,-99.8,-99.8,-99.8,-99.8,-99.8,-99.8,-99.8
2022-08-25 06:00:00,1008.0,-39.4,0.0,1.4,196.0,3.4,211.0,0.0,-99.8,-99.8,-99.8,-99.8,-99.8,-99.8,-99.8
2022-08-25 07:00:00,1008.4,-39.4,0.0,2.0,189.0,4.5,181.0,0.0,-99.8,-99.8,-99.8,-99.8,-99.8,-99.8,-99.8
2022-08-25 08:00:00,1008.5,-39.4,0.0,3.4,178.0,6.2,172.0,0.0,-99.8,-99.8,-99.8,-99.8,-99.8,-99.8,-99.8
2022-08-25 09:00:00,1008.7,-39.4,0.0,4.9,179.0,8.0,186.0,0.0,-99.8,-99.8,-99.8,-99.8,-99.8,-99.8,-99.8
2022-08-25 10:00:00,1008.9,-39.4,0.0,4.2,183.0,8.8,175.0,0.0,-99.8,-99.8,-99.8,-99.8,-99.8,-99.8,-99.8
2022-08-25 11:00:00,1008.8,-39.4,0.0,3.8,193.0,8.3,180.0,0.0,-99.8,-99.8,-99.8,-99.8,-99.8,-99.8,-99.8
2022-08-25 12:00:00,1008.2,-39.4,0.0,4.6,182.0,9.0,228.0,0.0,-99.8,-99.8,-99.8,-99.8,-99.8,-99.8,-99.8
2022-08-25 13:00:00,1007.6,-39.4,0.0,6.0,183.0,9.3,188.0,0.0,-99.8,-99.8,-99.8,-99.8,-99.8,-99.8,-99.8
2022-08-25 14:00:00,1006.9,-39.4,0.0,7.0,187.0,12.0,165.0,0.0,-99.8,-99.8,-99.8,-99.8,-99.8,-99.8,-99.8
2022-08-25 15:00:00,1006.7,-39.4,0.0,7.2,190.0,11.4,204.0,0.0,-99.8,-99.8,-99.8,-99.8,-99.8,-99.8,-99.8
2022-08-25 16:00:00,1006.5,-39.4,0.0,5.7,186.0,10.8,179.0,0.0,-99.8,-99.8,-99.8,-99.8,-99.8,-99.8,-99.8
2022-08-25 17:00:00,1006.6,-39.4,0.0,7.5,195.0,11.8,201.0,0.0,-99.8,-99.8,-99.8,-99.8,-99.8,-99.8,-99.8
2022-08-25 18:00:00,1006.8,-39.4,0.0,6.5,193.0,12.7,188.0,0.0,-99.8,-99.8,-99.8,-99.8,-99.8,-99.8,-99.8
2022-08-25 19:00:00,1007.7,-39.4,0.0,6.5,191.0,12.8,194.0,0.0,-99.8,-99.8,-99.8,-99.8,-99.8,-99.8,-99.8
2022-08-25 20:00:00,1008.3,-39.4,0.0,6.1,193.0,10.6,184.0,0.0,-99.8,-99.8,-99.8,-99.8,-99.8,-99.8,-99.8
2022-08-25 21:00:00,1009.2,-39.4,0.0,4.6,191.0,12.2,173.0,0.0,-99.8,-99.8,-99.8,-99.8,-99.8,-99.8,-99.8
2022-08-25 22:00:00,1009.3,-39.4,0.0,5.3,190.0,10.2,199.0,0.0,-99.8,-99.8,-99.8,-99.8,-99.8,-99.8,-99.8
2022-08-25 23:00:00,1008.8,-39.4,0.0,5.4,191.0,10.5,190.0,0.0,-99.8,-99.8,-99.8,-99.8,-99.8,-99.8,-99.8
2022-08-26 00:00:00,1008.5,-39.4,0.0,5.4,191.0,10.9,178.0,0.0,-99.8,-99.8,-99.8,-99.8,-99.8,-99.8,-99.8
2022-08-26 01:00:00,1008.6,-39.4,0.0,5.0,190.0,10.6,189.0,0.0,-99.8,-99.8,-99.8,-99.8,-99.8,-99.8,-99.8
2022-08-26 02:00:00,1008.3,-39.4,0.0,4.5,192.0,10.1,188.0,0.0,-99.8,-99.8,-99.8,-99.8,-99.8,-99.8,-99.8
2022-08-26 03:00:00,1008.1,-39.4,0.0,3.7,194.0,9.7,184.0,0.0,-99.8,-99.8,-99.8,-99.8,-99.8,-99.8,-99.8
2022-08-26 04:00:00,1007.9,-39.4,0.0,5.3,186.0,9.7,234.0,0.0,-99.8,-99.8,-99.8,-99.8,-99.8,-99.8,-99.8
2022-08-26 05:00:00,1007.8,-39.4,0.0,4.5,195.0,9.1,169.0,0.0,-99.8,-99.8,-99.8,-99.8,-99.8,-99.8,-99.8
2022-08-26 06:00:00,1007.7,-39.4,0.0,4.0,198.0,8.7,202.0,0.0,-99.8,-99.8,-99.8,-99.8,-99.8,-99.8,-99.8
2022-08-26 07:00:00,1008.2,-39.4,0.0,3.8,190.0,9.2,221.0,0.0,-99.8,-99.8,-99.8,-99.8,-99.8,-99.8,-99.8
2022-08-26 08:00:00,1008.6,-39.4,0.0,5.0,186.0,8.9,198.0,0.0,-99.8,-99.8,-99.8,-99.8,-99.8,-99.8,-99.8
2022-08-26 09:00:00,1008.5,-39.4,0.0,5.9,183.0,9.0,179.0,0.0,-99.8,-99.8,-99.8,-99.8,-99.8,-99.8,-99.8
2022-08-26 10:00:00,1008.6,-39.4,0.0,5.2,181.0,8.6,177.0,0.0,-99.8,-99.8,-99.8,-99.8,-99.8,-99.8,-99.8
2022-08-26 11:00:00,1008.4,-39.4,0.0,5.6,185.0,8.8,179.0,0.0,-99.8,-99.8,-99.8,-99.8,-99.8,-99.8,-99.8
2022-08-26 12:00:00,1007.9,-39.4,0.0,5.3,187.0,9.3,188.0,0.0,-99.8,-99.8,-99.8,-99.8,-99.8,-99.8,-99.8
2022-08-26 13:00:00,1007.2,-39.4,0.0,4.4,193.0,7.8,189.0,0.0,-99.8,-99.8,-99.8,-99.8,-99.8,-99.8,-99.8
2022-08-26 14:00:00,1006.5,-39.4,0.0,5.1,195.0,8.1,190.0,0.0,-99.8,-99.8,-99.8,-99.8,-99.8,-99.8,-99.8
2022-08-26 15:00:00,1006.0,-39.4,0.0,5.5,192.0,8.3,209.0,0.0,-99.8,-99.8,-99.8,-99.8,-99.8,-99.8,-99.8
2022-08-26 16:00:00,1005.7,-39.4,0.0,5.4,194.0,8.8,198.0,0.0,-99.8,-99.8,-99.8,-99.8,-99.8,-99.8,-99.8
2022-08-26 17:00:00,1005.9,-39.4,0.0,5.1,197.0,9.2,193.0,0.0,-99.8,-99.8,-99.8,-99.8,-99.8,-99.8,-99.8
2022-08-26 18:00:00,1006.5,-39.4,0.0,4.4,197.0,8.8,186.0,0.0,-99.8,-99.8,-99.8,-99.8,-99.8,-99.8,-99.8
2022-08-26 19:00:00,1006.9,-39.4,0.0,4.5,192.0,7.3,190.0,0.0,-99.8,-99.8,-99.8,-99.8,-99.8,-99.8,-99.8
2022-08-26 20:00:00,1007.7,-39.4,0.0,4.6,191.0,7.4,207.0,0.0,-99.8,-99.8,-99.8,-99.8,-99.8,-99.8,-99.8
2022-08-26 21:00:00,1008.2,-39.4,0.0,5.4,193.0,8.3,188.0,0.0,-99.8,-99.8,-99.8,-99.8,-99.8,-99.8,-99.8
2022-08-26 22:00:00,1008.5,-39.4,0.0,4.7,193.0,8.1,193.0,0.0,-99.8,-99.8,-99.8,-99.8,-99.8,-99.8,-99.8
2022-08-26 23:00:00,1008.5,-39.4,0.0,3.2,200.0,7.1,197.0,0.0,-99.8,-99.8,-99.8,-99.8,-99.8,-99.8,-99.8
2022-08-27 00:00:00,1008.5,-39.4,0.0,2.8,199.0,6.0,205.0,0.0,-99.8,-99.8,-99.8,-99.8,-99.8,-99.8,-99.8
2022-08-27 01:00:00,1008.5,-39.4,0.0,2.1,25.0,4.1,202.0,0.0,-99.8,-99.8,-99.8,-99.8,-99.8,-99.8,-99.8
2022-08-27 02:00:00,1007.9,-39.4,0.0,1.6,18.0,4.3,33.0,0.0,-99.8,-99.8,-99.8,-99.8,-99.8,-99.8,-99.8
2022-08-27 03:00:00,1007.6,-39.4,0.0,2.0,17.0,3.1,21.0,0.0,-99.8,-99.8,-99.8,-99.8,-99.8,-99.8,-99.8
2022-08-27 04:00:00,1007.4,-39.4,0.0,1.6,12.0,4.0,33.0,0.0,-99.8,-99.8,-99.8,-99.8,-99.8,-99.8,-99.8
2022-08-27 05:00:00,1007.2,-39.4,0.0,2.7,360.0,3.9,11.0,0.0,-99.8,-99.8,-99.8,-99.8,-99.8,-99.8,-99.8
2022-08-27 06:00:00,1007.2,-39.4,0.0,3.2,359.0,4.4,351.0,0.0,-99.8,-99.8,-99.8,-99.8,-99.8,-99.8,-99.8
2022-08-27 07:00:00,1007.5,-39.4,0.0,2.8,3.0,4.1,360.0,0.0,-99.8,-99.8,-99.8,-99.8,-99.8,-99.8,-99.8
2022-08-27 08:00:00,1007.8,-39.4,0.0,2.1,14.0,3.7,2.0,0.0,-99.8,-99.8,-99.8,-99.8,-99.8,-99.8,-99.8
2022-08-27 09:00:00,1008.2,-39.4,0.0,1.3,10.0,3.2,10.0,0.0,-99.8,-99.8,-99.8,-99.8,-99.8,-99.8,-99.8
2022-08-27 10:00:00,1008.0,-39.4,0.0,1.3,104.0,3.3,133.0,0.0,-99.8,-99.8,-99.8,-99.8,-99.8,-99.8,-99.8
2022-08-27 11:00:00,1007.9,-39.4,0.0,1.4,138.0,3.5,143.0,0.0,-99.8,-99.8,-99.8,-99.8,-99.8,-99.8,-99.8
2022-08-27 12:00:00,1007.0,-39.4,0.0,1.6,150.0,4.4,95.0,0.0,-99.8,-99.8,-99.8,-99.8,-99.8,-99.8,-99.8
2022-08-27 13:00:00,1006.3,-39.4,0.0,1.5,156.0,4.5,89.0,0.0,-99.8,-99.8,-99.8,-99.8,-99.8,-99.8,-99.8
2022-08-27 14:00:00,1005.4,-39.4,0.0,3.5,173.0,6.4,169.0,0.0,-99.8,-99.8,-99.8,-99.8,-99.8,-99.8,-99.8
2022-08-27 15:00:00,1004.7,-39.3,0.0,1.4,113.0,5.3,172.0,0.0,-99.8,-99.8,-99.8,-99.8,-99.8,-99.8,-99.8
2022-08-27 16:00:00,1004.9,-39.4,0.0,1.5,98.0,4.4,172.0,0.0,-99.8,-99.8,-99.8,-99.8,-99.8,-99.8,-99.8
2022-08-27 17:00:00,1005.6,-39.4,0.0,1.4,57.0,4.0,135.0,0.0,-99.8,-99.8,-99.8,-99.8,-99.8,-99.8,-99.8
2022-08-27 18:00:00,1006.2,-39.4,0.0,1.4,47.0,3.6,40.0,0.0,-99.8,-99.8,-99.8,-99.8,-99.8,-99.8,-99.8
2022-08-27 19:00:00,1006.9,-39.4,0.0,4.8,26.0,7.7,18.0,0.0,-99.8,-99.8,-99.8,-99.8,-99.8,-99.8,-99.8
2022-08-27 20:00:00,1008.0,-39.4,0.0,6.5,21.0,10.7,30.0,0.0,-99.8,-99.8,-99.8,-99.8,-99.8,-99.8,-99.8
2022-08-27 21:00:00,1008.5,-39.4,0.0,5.5,25.0,10.5,30.0,0.0,-99.8,-99.8,-99.8,-99.8,-99.8,-99.8,-99.8
2022-08-27 22:00:00,1008.4,-39.4,0.0,5.2,19.0,10.7,31.0,0.0,-99.8,-99.8,-99.8,-99.8,-99.8,-99.8,-99.8
2022-08-27 23:00:00,1007.9,-39.4,0.0,5.4,18.0,10.1,21.0,0.0,-99.8,-99.8,-99.8,-99.8,-99.8,-99.8,-99.8
2022-08-28 00:00:00,1008.1,-39.4,0.0,5.2,14.0,9.6,23.0,0.0,-99.8,-99.8,-99.8,-99.8,-99.8,-99.8,-99.8
2022-08-28 01:00:00,1008.2,-39.4,0.0,4.5,16.0,7.6,11.0,0.0,-99.8,-99.8,-99.8,-99.8,-99.8,-99.8,-99.8
2022-08-28 02:00:00,1008.0,-39.4,0.0,4.7,16.0,7.6,26.0,0.0,-99.8,-99.8,-99.8,-99.8,-99.8,-99.8,-99.8
2022-08-28 03:00:00,1007.9,-39.4,0.0,4.3,25.0,7.6,27.0,0.0,-99.8,-99.8,-99.8,-99.8,-99.8,-99.8,-99.8
2022-08-28 04:00:00,1007.9,-39.4,0.0,3.4,20.0,6.7,17.0,0.0,-99.8,-99.8,-99.8,-99.8,-99.8,-99.8,-99.8
2022-08-28 05:00:00,1008.2,-39.4,0.0,5.1,24.0,7.6,19.0,0.0,-99.8,-99.8,-99.8,-99.8,-99.8,-99.8,-99.8
2022-08-28 06:00:00,1008.7,-39.4,0.0,6.2,27.0,8.9,31.0,0.0,-99.8,-99.8,-99.8,-99.8,-99.8,-99.8,-99.8
2022-08-28 07:00:00,1009.3,-39.4,0.0,5.2,22.0,9.2,27.0,0.0,-99.8,-99.8,-99.8,-99.8,-99.8,-99.8,-99.8
2022-08-28 08:00:00,1009.7,-39.4,0.0,5.2,25.0,8.7,21.0,0.0,-99.8,-99.8,-99.8,-99.8,-99.8,-99.8,-99.8
2022-08-28 09:00:00,1009.9,-39.4,0.0,5.4,22.0,8.2,29.0,0.0,-99.8,-99.8,-99.8,-99.8,-99.8,-99.8,-99.8
2022-08-28 10:00:00,1009.9,-39.4,0.0,6.2,25.0,9.4,21.0,0.0,-99.8,-99.8,-99.8,-99.8,-99.8,-99.8,-99.8
2022-08-28 11:00:00,1009.9,-39.4,0.0,6.1,26.0,10.7,26.0,0.0,-99.8,-99.8,-99.8,-99.8,-99.8,-99.8,-99.8
2022-08-28 12:00:00,1009.8,-39.4,0.0,5.7,22.0,9.0,21.0,0.0,-99.8,-99.8,-99.8,-99.8,-99.8,-99.8,-99.8
2022-08-28 13:00:00,1009.2,-39.4,0.0,5.2,25.0,8.6,22.0,0.0,-99.8,-99.8,-99.8,-99.8,-99.8,-99.8,-99.8
2022-08-28 14:00:00,1008.4,-39.4,0.0,4.9,22.0,8.0,15.0,0.0,-99.8,-99.8,-99.8,-99.8,-99.8,-99.8,-99.8
2022-08-28 15:00:00,1008.1,-39.4,0.0,4.9,28.0,8.0,25.0,0.0,-99.8,-99.8,-99.8,-99.8,-99.8,-99.8,-99.8
2022-08-28 16:00:00,1007.8,-39.4,0.0,4.6,30.0,8.9,24.0,0.0,-99.8,-99.8,-99.8,-99.8,-99.8,-99.8,-99.8
2022-08-28 17:00:00,1007.8,-39.4,0.0,4.1,24.0,7.8,30.0,0.0,-99.8,-99.8,-99.8,-99.8,-99.8,-99.8,-99.8
2022-08-28 18:00:00,1008.1,-39.4,0.0,3.4,23.0,7.5,21.0,0.0,-99.8,-99.8,-99.8,-99.8,-99.8,-99.8,-99.8
2022-08-28 19:00:00,1008.7,-39.4,0.0,3.4,19.0,5.9,20.0,0.0,-99.8,-99.8,-99.8,-99.8,-99.8,-99.8,-99.8
2022-08-28 20:00:00,1009.4,-39.4,0.0,3.6,14.0,5.6,20.0,0.0,-99.8,-99.8,-99.8,-99.8,-99.8,-99.8,-99.8
2022-08-28 21:00:00,1010.1,-39.4,0.0,5.1,9.0,8.4,16.0,0.0,-99.8,-99.8,-99.8,-99.8,-99.8,-99.8,-99.8
2022-08-28 22:00:00,1010.2,-39.4,0.0,5.1,10.0,7.7,10.0,0.0,-99.8,-99.8,-99.8,-99.8,-99.8,-99.8,-99.8
2022-08-28 23:00:00,1010.3,-39.4,0.0,4.9,16.0,7.8,17.0,0.0,-99.8,-99.8,-99.8,-99.8,-99.8,-99.8,-99.8
2022-08-29 00:00:00,1009.7,-39.4,0.0,6.0,17.0,9.5,12.0,0.0,-99.8,-99.8,-99.8,-99.8,-99.8,-99.8,-99.8
2022-08-29 01:00:00,1009.3,-39.4,0.0,5.9,18.0,9.0,22.0,0.0,-99.8,-99.8,-99.8,-99.8,-99.8,-99.8,-99.8
2022-08-29 02:00:00,1009.0,-39.4,0.0,5.0,11.0,9.9,24.0,0.0,-99.8,-99.8,-99.8,-99.8,-99.8,-99.8,-99.8
2022-08-29 03:00:00,1008.7,-39.4,0.0,4.3,16.0,7.3,8.0,0.0,-99.8,-99.8,-99.8,-99.8,-99.8,-99.8,-99.8
2022-08-29 04:00:00,1008.7,-39.4,0.0,4.4,13.0,6.7,17.0,0.0,-99.8,-99.8,-99.8,-99.8,-99.8,-99.8,-99.8
2022-08-29 05:00:00,1008.8,-39.4,0.0,4.0,13.0,6.2,28.0,0.0,-99.8,-99.8,-99.8,-99.8,-99.8,-99.8,-99.8
2022-08-29 06:00:00,1009.3,-39.4,0.0,5.2,9.0,7.4,8.0,0.0,-99.8,-99.8,-99.8,-99.8,-99.8,-99.8,-99.8
2022-08-29 07:00:00,1009.8,-39.4,0.0,5.1,11.0,7.2,10.0,0.0,-99.8,-99.8,-99.8,-99.8,-99.8,-99.8,-99.8
2022-08-29 08:00:00,1009.9,-39.4,0.0,5.4,11.0,8.6,16.0,0.0,-99.8,-99.8,-99.8,-99.8,-99.8,-99.8,-99.8
2022-08-29 09:00:00,1010.3,-39.4,0.0,5.1,18.0,7.8,10.0,0.0,-99.8,-99.8,-99.8,-99.8,-99.8,-99.8,-99.8
2022-08-29 10:00:00,1010.8,-39.4,0.0,5.7,14.0,7.7,22.0,0.0,-99.8,-99.8,-99.8,-99.8,-99.8,-99.8,-99.8
2022-08-29 11:00:00,1010.8,-39.4,0.0,4.7,16.0,8.3,16.0,0.0,-99.8,-99.8,-99.8,-99.8,-99.8,-99.8,-99.8
2022-08-29 12:00:00,1010.4,-39.4,0.0,5.1,20.0,7.8,21.0,0.0,-99.8,-99.8,-99.8,-99.8,-99.8,-99.8,-99.8
2022-08-29 13:00:00,1010.0,-39.4,0.0,4.8,21.0,7.7,27.0,0.0,-99.8,-99.8,-99.8,-99.8,-99.8,-99.8,-99.8
2022-08-29 14:00:00,1009.5,-39.4,0.0,4.7,26.0,7.4,24.0,0.0,-99.8,-99.8,-99.8,-99.8,-99.8,-99.8,-99.8
2022-08-29 15:00:00,1008.9,-39.4,0.0,4.1,27.0,8.1,22.0,0.0,-99.8,-99.8,-99.8,-99.8,-99.8,-99.8,-99.8
2022-08-29 16:00:00,1008.3,-39.4,0.0,2.7,34.0,7.3,24.0,0.0,-99.8,-99.8,-99.8,-99.8,-99.8,-99.8,-99.8
2022-08-29 17:00:00,1008.2,-39.4,0.0,1.9,49.0,6.0,58.0,0.0,-99.8,-99.8,-99.8,-99.8,-99.8,-99.8,-99.8
2022-08-29 18:00:00,1008.2,-39.4,0.0,2.6,52.0,6.0,73.0,0.0,-99.8,-99.8,-99.8,-99.8,-99.8,-99.8,-99.8
2022-08-29 19:00:00,1009.0,-39.4,0.0,2.5,56.0,5.8,49.0,0.0,-99.8,-99.8,-99.8,-99.8,-99.8,-99.8,-99.8
2022-08-29 20:00:00,1009.7,-39.4,0.0,1.7,41.0,4.9,77.0,0.0,-99.8,-99.8,-99.8,-99.8,-99.8,-99.8,-99.8
2022-08-29 21:00:00,1010.3,-39.4,0.0,1.5,2.0,4.2,14.0,0.0,-99.8,-99.8,-99.8,-99.8,-99.8,-99.8,-99.8
2022-08-29 22:00:00,1010.4,-39.4,0.0,1.9,18.0,3.3,11.0,0.0,-99.8,-99.8,-99.8,-99.8,-99.8,-99.8,-99.8
2022-08-29 23:00:00,1010.8,-39.4,0.0,3.2,357.0,4.8,353.0,0.0,-99.8,-99.8,-99.8,-99.8,-99.8,-99.8,-99.8
2022-08-30 00:00:00,1010.4,-39.4,0.0,3.9,358.0,5.9,1.0,0.0,-99.8,-99.8,-99.8,-99.8,-99.8,-99.8,-99.8
2022-08-30 01:00:00,1010.1,-39.4,0.0,3.8,353.0,5.9,360.0,0.0,-99.8,-99.8,-99.8,-99.8,-99.8,-99.8,-99.8
2022-08-30 02:00:00,1009.6,-39.4,0.0,4.0,360.0,5.8,1.0,0.0,-99.8,-99.8,-99.8,-99.8,-99.8,-99.8,-99.8
2022-08-30 03:00:00,1009.0,-39.4,0.0,2.9,353.0,5.4,6.0,0.0,-99.8,-99.8,-99.8,-99.8,-99.8,-99.8,-99.8
2022-08-30 04:00:00,1008.4,-39.4,0.0,3.6,5.0,5.1,2.0,0.0,-99.8,-99.8,-99.8,-99.8,-99.8,-99.8,-99.8
2022-08-30 05:00:00,1008.3,-39.5,0.0,4.2,359.0,5.3,1.0,0.0,-99.8,-99.8,-99.8,-99.8,-99.8,-99.8,-99.8
2022-08-30 06:00:00,1008.3,-39.4,0.0,4.0,4.0,6.1,3.0,0.0,-99.8,-99.8,-99.8,-99.8,-99.8,-99.8,-99.8
2022-08-30 07:00:00,1008.5,-39.4,0.0,4.3,4.0,6.0,8.0,0.0,-99.8,-99.8,-99.8,-99.8,-99.8,-99.8,-99.8
2022-08-30 08:00:00,1008.7,-39.4,0.0,3.9,11.0,5.6,5.0,0.0,-99.8,-99.8,-99.8,-99.8,-99.8,-99.8,-99.8
2022-08-30 09:00:00,1008.9,-39.4,0.0,2.7,1.0,5.2,16.0,-999.6,-99.8,-99.8,-99.8,-99.8,-99.8,-99.8,-99.8
2022-08-30 10:00:00,1009.1,29.2,83.0,3.7,18.0,5.6,20.0,0.0,-99.8,-99.8,-99.8,-99.8,-99.8,-99.8,-99.8
2022-08-30 11:00:00,1008.8,30.1,78.0,4.0,17.0,8.7,23.0,0.0,-99.8,-99.8,-99.8,-99.8,-99.8,-99.8,-99.8
2022-08-30 12:00:00,1008.3,29.6,79.0,4.6,24.0,8.6,19.0,0.0,-99.8,-99.8,-99.8,-99.8,-99.8,-99.8,-99.8
2022-08-30 13:00:00,1007.6,29.8,78.0,4.3,26.0,7.8,31.0,0.0,-99.8,-99.8,-99.8,-99.8,-99.8,-99.8,-99.8
2022-08-30 14:00:00,1007.1,31.3,74.0,2.0,39.0,7.4,28.0,0.0,-99.8,-99.8,-99.8,-99.8,-99.8,-99.8,-99.8
2022-08-30 15:00:00,1006.4,31.3,75.0,1.4,75.0,7.4,28.0,0.0,-99.8,-99.8,-99.8,-99.8,-99.8,-99.8,-99.8
2022-08-30 16:00:00,1005.6,30.9,77.0,1.3,74.0,5.8,45.0,0.0,-99.8,-99.8,-99.8,-99.8,-99.8,-99.8,-99.8
2022-08-30 17:00:00,1005.5,29.9,83.0,1.5,81.0,6.2,101.0,0.0,-99.8,-99.8,-99.8,-99.8,-99.8,-99.8,-99.8
2022-08-30 18:00:00,1005.7,28.9,88.0,1.4,32.0,6.8,30.0,0.0,-99.8,-99.8,-99.8,-99.8,-99.8,-99.8,-99.8
2022-08-30 19:00:00,1005.9,28.5,90.0,0.5,7.0,5.4,17.0,0.0,-99.8,-99.8,-99.8,-99.8,-99.8,-99.8,-99.8
2022-08-30 20:00:00,1006.5,28.0,94.0,1.2,343.0,3.6,33.0,0.0,-99.8,-99.8,-99.8,-99.8,-99.8,-99.8,-99.8
2022-08-30 21:00:00,1007.3,27.8,96.0,0.9,12.0,2.5,346.0,0.0,-99.8,-99.8,-99.8,-99.8,-99.8,-99.8,-99.8
2022-08-30 22:00:00,1007.3,27.6,95.0,1.5,21.0,4.5,357.0,0.0,-99.8,-99.8,-99.8,-99.8,-99.8,-99.8,-99.8
2022-08-30 23:00:00,1007.4,27.6,95.0,1.3,27.0,2.4,8.0,0.0,-99.8,-99.8,-99.8,-99.8,-99.8,-99.8,-99.8
2022-08-31 00:00:00,1007.1,27.5,96.0,1.8,350.0,2.2,358.0,0.0,-99.8,-99.8,-99.8,-99.8,-99.8,-99.8,-99.8
2022-08-31 01:00:00,1007.1,27.5,95.0,3.7,359.0,4.7,351.0,0.0,-99.8,-99.8,-99.8,-99.8,-99.8,-99.8,-99.8
2022-08-31 02:00:00,1006.3,27.5,95.0,3.0,15.0,4.4,17.0,0.0,-99.8,-99.8,-99.8,-99.8,-99.8,-99.8,-99.8
2022-08-31 03:00:00,1006.1,27.4,95.0,3.5,9.0,4.6,7.0,0.0,-99.8,-99.8,-99.8,-99.8,-99.8,-99.8,-99.8
2022-08-31 04:00:00,1005.5,27.3,94.0,2.9,19.0,5.2,11.0,0.0,-99.8,-99.8,-99.8,-99.8,-99.8,-99.8,-99.8
2022-08-31 05:00:00,1005.5,27.1,95.0,3.1,9.0,5.0,15.0,0.0,-99.8,-99.8,-99.8,-99.8,-99.8,-99.8,-99.8
2022-08-31 06:00:00,1005.8,27.0,94.0,2.6,1.0,5.1,8.0,0.0,-99.8,-99.8,-99.8,-99.8,-99.8,-99.8,-99.8
2022-08-31 07:00:00,1006.2,27.6,89.0,3.4,20.0,5.4,27.0,0.0,-99.8,-99.8,-99.8,-99.8,-99.8,-99.8,-99.8
2022-08-31 08:00:00,1006.8,27.9,89.0,4.3,11.0,6.6,31.0,0.0,-99.8,-99.8,-99.8,-99.8,-99.8,-99.8,-99.8
2022-08-31 09:00:00,1007.0,28.6,86.0,4.3,16.0,7.1,11.0,0.0,-99.8,-99.8,-99.8,-99.8,-99.8,-99.8,-99.8
2022-08-31 10:00:00,1007.2,29.3,81.0,3.5,16.0,6.9,16.0,0.0,-99.8,-99.8,-99.8,-99.8,-99.8,-99.8,-99.8
2022-08-31 11:00:00,1007.0,29.7,80.0,4.9,18.0,8.3,19.0,0.0,-99.8,-99.8,-99.8,-99.8,-99.8,-99.8,-99.8
2022-08-31 12:00:00,1006.6,29.6,81.0,5.3,24.0,8.7,14.0,0.0,-99.8,-99.8,-99.8,-99.8,-99.8,-99.8,-99.8
2022-08-31 13:00:00,1005.9,30.4,77.0,4.2,22.0,8.0,39.0,0.0,-99.8,-99.8,-99.8,-99.8,-99.8,-99.8,-99.8
2022-08-31 14:00:00,1005.5,30.0,80.0,4.5,22.0,7.5,30.0,0.0,-99.8,-99.8,-99.8,-99.8,-99.8,-99.8,-99.8
2022-08-31 15:00:00,1005.4,29.9,81.0,4.9,26.0,8.2,29.0,0.0,-99.8,-99.8,-99.8,-99.8,-99.8,-99.8,-99.8
2022-08-31 16:00:00,1004.9,29.9,82.0,4.3,22.0,8.5,32.0,0.0,-99.8,-99.8,-99.8,-99.8,-99.8,-99.8,-99.8
2022-08-31 17:00:00,1004.9,29.1,84.0,5.1,27.0,11.0,19.0,0.0,-99.8,-99.8,-99.8,-99.8,-99.8,-99.8,-99.8
2022-08-31 18:00:00,1005.6,28.6,86.0,5.7,31.0,10.3,51.0,0.0,-99.8,-99.8,-99.8,-99.8,-99.8,-99.8,-99.8
2022-08-31 19:00:00,1005.8,28.4,85.0,5.5,33.0,10.6,33.0,0.0,-99.8,-99.8,-99.8,-99.8,-99.8,-99.8,-99.8
2022-08-31 20:00:00,1006.5,28.5,83.0,5.1,31.0,10.0,28.0,0.0,-99.8,-99.8,-99.8,-99.8,-99.8,-99.8,-99.8
2022-08-31 21:00:00,1007.3,28.4,83.0,5.3,32.0,9.7,54.0,0.0,-99.8,-99.8,-99.8,-99.8,-99.8,-99.8,-99.8
2022-08-31 22:00:00,1007.8,28.3,84.0,5.1,31.0,9.7,27.0,0.0,-99.8,-99.8,-99.8,-99.8,-99.8,-99.8,-99.8
2022-08-31 23:00:00,1007.8,28.3,83.0,4.9,33.0,11.8,23.0,0.0,-99.8,-99.8,-99.8,-99.8,-99.8,-99.8,-99.8
2022-09-01 00:00:00,1007.8,27.8,84.0,4.8,35.0,11.2,35.0,0.0,-99.8,-99.8,-99.8,-99.8,-99.8,-99.8,-99.8
2022-09-01 01:00:00,1007.7,26.3,93.0,3.4,43.0,10.7,22.0,12.0,-99.8,-99.8,-99.8,-99.8,-99.8,-99.8,-99.8
2022-09-01 02:00:00,1006.8,27.4,82.0,6.7,31.0,12.7,18.0,0.0,-99.8,-99.8,-99.8,-99.8,-99.8,-99.8,-99.8
2022-09-01 03:00:00,1007.3,27.5,82.0,5.4,31.0,10.8,32.0,0.0,-99.8,-99.8,-99.8,-99.8,-99.8,-99.8,-99.8
2022-09-01 04:00:00,1006.9,27.6,83.0,7.5,28.0,11.0,27.0,0.0,-99.8,-99.8,-99.8,-99.8,-99.8,-99.8,-99.8
2022-09-01 05:00:00,1006.9,27.2,83.0,7.5,28.0,12.8,21.0,0.0,-99.8,-99.8,-99.8,-99.8,-99.8,-99.8,-99.8
2022-09-01 06:00:00,1007.4,27.2,84.0,6.7,30.0,12.1,31.0,0.0,-99.8,-99.8,-99.8,-99.8,-99.8,-99.8,-99.8
2022-09-01 07:00:00,1007.7,27.5,80.0,6.9,33.0,12.4,19.0,0.0,-99.8,-99.8,-99.8,-99.8,-99.8,-99.8,-99.8
2022-09-01 08:00:00,1007.8,27.8,79.0,6.9,33.0,14.2,34.0,0.0,-99.8,-99.8,-99.8,-99.8,-99.8,-99.8,-99.8
2022-09-01 09:00:00,1008.4,28.2,77.0,7.4,27.0,12.3,26.0,0.0,-99.8,-99.8,-99.8,-99.8,-99.8,-99.8,-99.8
2022-09-01 10:00:00,1008.3,28.3,75.0,8.7,30.0,14.5,29.0,0.0,-99.8,-99.8,-99.8,-99.8,-99.8,-99.8,-99.8
2022-09-01 11:00:00,1008.1,28.4,71.0,9.4,27.0,13.7,15.0,0.0,-99.8,-99.8,-99.8,-99.8,-99.8,-99.8,-99.8
2022-09-01 12:00:00,1007.7,28.3,73.0,8.2,28.0,13.7,31.0,0.0,-99.8,-99.8,-99.8,-99.8,-99.8,-99.8,-99.8
2022-09-01 13:00:00,1007.2,28.5,70.0,8.9,31.0,14.1,23.0,0.0,-99.8,-99.8,-99.8,-99.8,-99.8,-99.8,-99.8
2022-09-01 14:00:00,1006.7,28.7,60.0,7.9,32.0,17.8,24.0,0.0,-99.8,-99.8,-99.8,-99.8,-99.8,-99.8,-99.8
2022-09-01 15:00:00,1006.3,28.5,64.0,7.2,30.0,14.2,42.0,0.0,-99.8,-99.8,-99.8,-99.8,-99.8,-99.8,-99.8
2022-09-01 16:00:00,1006.1,28.2,66.0,7.4,31.0,15.7,33.0,0.0,-99.8,-99.8,-99.8,-99.8,-99.8,-99.8,-99.8
2022-09-01 17:00:00,1006.1,28.0,70.0,6.7,31.0,13.6,30.0,0.0,-99.8,-99.8,-99.8,-99.8,-99.8,-99.8,-99.8
2022-09-01 18:00:00,1005.9,27.5,76.0,7.1,30.0,14.2,26.0,0.0,-99.8,-99.8,-99.8,-99.8,-99.8,-99.8,-99.8
2022-09-01 19:00:00,1006.4,27.5,75.0,7.5,32.0,15.7,36.0,0.0,-99.8,-99.8,-99.8,-99.8,-99.8,-99.8,-99.8
2022-09-01 20:00:00,1006.4,27.5,77.0,8.0,33.0,15.0,28.0,0.0,-99.8,-99.8,-99.8,-99.8,-99.8,-99.8,-99.8
2022-09-01 21:00:00,1006.8,27.3,76.0,9.1,33.0,15.8,19.0,0.0,-99.8,-99.8,-99.8,-99.8,-99.8,-99.8,-99.8
2022-09-01 22:00:00,1007.2,27.3,78.0,8.8,29.0,15.1,32.0,0.0,-99.8,-99.8,-99.8,-99.8,-99.8,-99.8,-99.8
2022-09-01 23:00:00,1006.2,27.4,77.0,9.1,27.0,13.4,33.0,0.0,-99.8,-99.8,-99.8,-99.8,-99.8,-99.8,-99.8
2022-09-02 00:00:00,1005.6,27.5,73.0,8.3,15.0,12.9,31.0,0.0,-99.8,-99.8,-99.8,-99.8,-99.8,-99.8,-99.8
2022-09-02 01:00:00,1005.0,27.8,64.0,10.4,9.0,20.5,6.0,0.0,-99.8,-99.8,-99.8,-99.8,-99.8,-99.8,-99.8
2022-09-02 02:00:00,1004.7,27.5,65.0,9.8,8.0,19.8,8.0,0.0,-99.8,-99.8,-99.8,-99.8,-99.8,-99.8,-99.8
2022-09-02 03:00:00,1004.4,27.4,65.0,9.4,11.0,15.7,6.0,0.0,-99.8,-99.8,-99.8,-99.8,-99.8,-99.8,-99.8
2022-09-02 04:00:00,1004.2,27.4,65.0,9.3,7.0,15.8,360.0,0.0,-99.8,-99.8,-99.8,-99.8,-99.8,-99.8,-99.8
2022-09-02 05:00:00,1003.8,27.1,61.0,9.5,360.0,14.9,3.0,0.0,-99.8,-99.8,-99.8,-99.8,-99.8,-99.8,-99.8
2022-09-02 06:00:00,1003.7,27.0,60.0,10.8,4.0,19.0,3.0,0.0,-99.8,-99.8,-99.8,-99.8,-99.8,-99.8,-99.8
2022-09-02 07:00:00,1003.1,27.3,58.0,9.7,358.0,20.2,3.0,0.0,-99.8,-99.8,-99.8,-99.8,-99.8,-99.8,-99.8
2022-09-02 08:00:00,1003.8,27.7,60.0,9.6,7.0,16.7,3.0,0.0,-99.8,-99.8,-99.8,-99.8,-99.8,-99.8,-99.8
2022-09-02 09:00:00,1003.7,28.3,60.0,8.8,9.0,14.7,360.0,0.0,-99.8,-99.8,-99.8,-99.8,-99.8,-99.8,-99.8
2022-09-02 10:00:00,1003.4,28.5,59.0,7.9,13.0,12.5,9.0,0.0,-99.8,-99.8,-99.8,-99.8,-99.8,-99.8,-99.8
2022-09-02 11:00:00,1003.0,28.6,66.0,7.4,17.0,11.8,6.0,0.0,-99.8,-99.8,-99.8,-99.8,-99.8,-99.8,-99.8
2022-09-02 12:00:00,1002.7,28.8,64.0,8.6,23.0,14.1,19.0,0.0,-99.8,-99.8,-99.8,-99.8,-99.8,-99.8,-99.8
2022-09-02 13:00:00,1001.9,28.9,68.0,8.0,21.0,12.3,27.0,0.0,-99.8,-99.8,-99.8,-99.8,-99.8,-99.8,-99.8
2022-09-02 14:00:00,1001.1,28.6,70.0,7.7,29.0,12.2,31.0,0.0,-99.8,-99.8,-99.8,-99.8,-99.8,-99.8,-99.8
2022-09-02 15:00:00,1000.7,28.8,72.0,7.0,29.0,11.6,22.0,0.0,-99.8,-99.8,-99.8,-99.8,-99.8,-99.8,-99.8
2022-09-02 16:00:00,1000.6,28.6,73.0,7.0,31.0,13.3,33.0,0.0,-99.8,-99.8,-99.8,-99.8,-99.8,-99.8,-99.8
2022-09-02 17:00:00,1000.6,28.8,73.0,7.6,32.0,14.4,17.0,0.0,-99.8,-99.8,-99.8,-99.8,-99.8,-99.8,-99.8
2022-09-02 18:00:00,1001.0,28.8,73.0,7.9,33.0,14.0,22.0,0.0,-99.8,-99.8,-99.8,-99.8,-99.8,-99.8,-99.8
2022-09-02 19:00:00,1001.4,28.8,73.0,10.6,23.0,15.9,34.0,0.0,-99.8,-99.8,-99.8,-99.8,-99.8,-99.8,-99.8
2022-09-02 20:00:00,1001.8,26.8,81.0,7.8,350.0,15.8,15.0,0.0,-99.8,-99.8,-99.8,-99.8,-99.8,-99.8,-99.8
2022-09-02 21:00:00,1002.0,27.9,76.0,7.8,1.0,11.9,358.0,0.0,-99.8,-99.8,-99.8,-99.8,-99.8,-99.8,-99.8
2022-09-02 22:00:00,1002.0,28.2,72.0,8.9,5.0,12.6,5.0,0.0,-99.8,-99.8,-99.8,-99.8,-99.8,-99.8,-99.8
2022-09-02 23:00:00,1001.7,28.0,74.0,8.5,1.0,14.5,21.0,0.0,-99.8,-99.8,-99.8,-99.8,-99.8,-99.8,-99.8
2022-09-03 00:00:00,1001.4,24.8,92.0,10.6,22.0,22.3,6.0,0.0,-99.8,-99.8,-99.8,-99.8,-99.8,-99.8,-99.8
2022-09-03 01:00:00,1000.0,26.2,82.0,10.2,8.0,18.2,7.0,0.0,-99.8,-99.8,-99.8,-99.8,-99.8,-99.8,-99.8
2022-09-03 02:00:00,999.3,27.0,78.0,9.6,5.0,20.6,9.0,0.0,-99.8,-99.8,-99.8,-99.8,-99.8,-99.8,-99.8
2022-09-03 03:00:00,999.5,26.9,79.0,10.6,10.0,18.5,12.0,0.0,-99.8,-99.8,-99.8,-99.8,-99.8,-99.8,-99.8
2022-09-03 04:00:00,999.2,27.1,80.0,11.2,10.0,16.7,12.0,0.0,-99.8,-99.8,-99.8,-99.8,-99.8,-99.8,-99.8
2022-09-03 05:00:00,999.1,27.2,78.0,10.4,6.0,18.7,6.0,0.0,-99.8,-99.8,-99.8,-99.8,-99.8,-99.8,-99.8
2022-09-03 06:00:00,999.3,27.4,78.0,11.8,7.0,21.1,6.0,0.0,-99.8,-99.8,-99.8,-99.8,-99.8,-99.8,-99.8
2022-09-03 07:00:00,999.5,27.3,78.0,10.7,3.0,21.2,360.0,0.0,-99.8,-99.8,-99.8,-99.8,-99.8,-99.8,-99.8
2022-09-03 08:00:00,999.8,27.7,75.0,10.0,358.0,19.4,3.0,0.0,-99.8,-99.8,-99.8,-99.8,-99.8,-99.8,-99.8
2022-09-03 09:00:00,1000.1,28.2,74.0,9.8,2.0,19.1,1.0,0.0,-99.8,-99.8,-99.8,-99.8,-99.8,-99.8,-99.8
2022-09-03 10:00:00,999.7,28.2,73.0,10.2,360.0,19.2,7.0,0.0,-99.8,-99.8,-99.8,-99.8,-99.8,-99.8,-99.8
2022-09-03 11:00:00,999.0,29.0,75.0,9.7,7.0,16.4,5.0,0.0,-99.8,-99.8,-99.8,-99.8,-99.8,-99.8,-99.8
2022-09-03 12:00:00,998.2,29.4,72.0,9.3,9.0,17.3,14.0,0.0,-99.8,-99.8,-99.8,-99.8,-99.8,-99.8,-99.8
2022-09-03 13:00:00,997.7,29.2,76.0,7.4,13.0,12.9,1.0,0.0,-99.8,-99.8,-99.8,-99.8,-99.8,-99.8,-99.8
2022-09-03 14:00:00,996.4,29.6,71.0,10.5,27.0,14.9,27.0,0.0,-99.8,-99.8,-99.8,-99.8,-99.8,-99.8,-99.8
2022-09-03 15:00:00,996.5,29.7,75.0,8.5,13.0,14.8,41.0,0.0,-99.8,-99.8,-99.8,-99.8,-99.8,-99.8,-99.8
2022-09-03 16:00:00,996.7,29.7,73.0,7.7,23.0,13.0,19.0,0.0,-99.8,-99.8,-99.8,-99.8,-99.8,-99.8,-99.8
2022-09-03 17:00:00,996.7,29.5,73.0,9.4,25.0,13.6,26.0,0.0,-99.8,-99.8,-99.8,-99.8,-99.8,-99.8,-99.8
2022-09-03 18:00:00,997.1,29.3,75.0,9.8,25.0,14.5,30.0,0.0,-99.8,-99.8,-99.8,-99.8,-99.8,-99.8,-99.8
2022-09-03 19:00:00,997.4,29.0,76.0,9.8,24.0,16.9,25.0,0.0,-99.8,-99.8,-99.8,-99.8,-99.8,-99.8,-99.8
2022-09-03 20:00:00,998.2,28.4,83.0,6.9,19.0,12.1,21.0,0.0,-99.8,-99.8,-99.8,-99.8,-99.8,-99.8,-99.8
2022-09-03 21:00:00,999.0,27.2,85.0,8.6,25.0,12.7,5.0,0.0,-99.8,-99.8,-99.8,-99.8,-99.8,-99.8,-99.8
2022-09-03 22:00:00,998.7,26.4,89.0,9.2,359.0,14.3,6.0,0.0,-99.8,-99.8,-99.8,-99.8,-99.8,-99.8,-99.8
2022-09-03 23:00:00,998.3,27.6,79.0,8.1,354.0,13.2,353.0,0.0,-99.8,-99.8,-99.8,-99.8,-99.8,-99.8,-99.8
2022-09-04 00:00:00,997.5,28.0,78.0,7.1,356.0,13.0,358.0,0.0,-99.8,-99.8,-99.8,-99.8,-99.8,-99.8,-99.8
2022-09-04 01:00:00,997.0,28.3,77.0,4.7,352.0,9.1,348.0,0.0,-99.8,-99.8,-99.8,-99.8,-99.8,-99.8,-99.8
2022-09-04 02:00:00,996.5,29.0,70.0,9.2,2.0,13.7,8.0,0.0,-99.8,-99.8,-99.8,-99.8,-99.8,-99.8,-99.8
2022-09-04 03:00:00,996.4,28.8,74.0,6.8,5.0,11.3,4.0,0.0,-99.8,-99.8,-99.8,-99.8,-99.8,-99.8,-99.8
2022-09-04 04:00:00,996.4,28.6,79.0,3.6,344.0,8.6,357.0,0.0,-99.8,-99.8,-99.8,-99.8,-99.8,-99.8,-99.8
2022-09-04 05:00:00,996.7,28.5,77.0,3.9,344.0,7.1,354.0,0.0,-99.8,-99.8,-99.8,-99.8,-99.8,-99.8,-99.8
2022-09-04 06:00:00,996.9,28.9,69.0,3.5,334.0,11.0,325.0,0.0,-99.8,-99.8,-99.8,-99.8,-99.8,-99.8,-99.8
2022-09-04 07:00:00,997.1,29.0,67.0,2.7,322.0,8.5,333.0,0.0,-99.8,-99.8,-99.8,-99.8,-99.8,-99.8,-99.8
2022-09-04 08:00:00,997.3,29.2,67.0,3.8,341.0,11.4,333.0,0.0,-99.8,-99.8,-99.8,-99.8,-99.8,-99.8,-99.8
2022-09-04 09:00:00,997.3,30.3,63.0,3.3,333.0,11.6,327.0,0.0,-99.8,-99.8,-99.8,-99.8,-99.8,-99.8,-99.8
2022-09-04 10:00:00,996.9,30.8,63.0,3.6,349.0,8.3,342.0,0.0,-99.8,-99.8,-99.8,-99.8,-99.8,-99.8,-99.8
2022-09-04 11:00:00,996.0,33.1,52.0,2.7,337.0,7.6,325.0,0.0,-99.8,-99.8,-99.8,-99.8,-99.8,-99.8,-99.8
2022-09-04 12:00:00,995.6,33.3,54.0,3.4,351.0,7.3,351.0,0.0,-99.8,-99.8,-99.8,-99.8,-99.8,-99.8,-99.8
2022-09-04 13:00:00,995.1,33.2,59.0,2.5,345.0,8.1,359.0,0.0,-99.8,-99.8,-99.8,-99.8,-99.8,-99.8,-99.8
2022-09-04 14:00:00,994.8,33.6,55.0,2.7,231.0,7.3,219.0,0.0,-99.8,-99.8,-99.8,-99.8,-99.8,-99.8,-99.8
2022-09-04 15:00:00,994.8,32.0,61.0,2.7,214.0,9.0,213.0,0.0,-99.8,-99.8,-99.8,-99.8,-99.8,-99.8,-99.8
2022-09-04 16:00:00,994.7,32.1,59.0,3.0,258.0,8.4,193.0,0.0,-99.8,-99.8,-99.8,-99.8,-99.8,-99.8,-99.8
2022-09-04 17:00:00,995.0,32.7,55.0,3.6,304.0,10.2,296.0,0.0,-99.8,-99.8,-99.8,-99.8,-99.8,-99.8,-99.8
2022-09-04 18:00:00,995.7,32.0,55.0,4.4,307.0,11.1,301.0,0.0,-99.8,-99.8,-99.8,-99.8,-99.8,-99.8,-99.8
2022-09-04 19:00:00,996.6,31.5,57.0,3.0,300.0,9.7,314.0,0.0,-99.8,-99.8,-99.8,-99.8,-99.8,-99.8,-99.8
2022-09-04 20:00:00,997.4,31.2,59.0,3.2,314.0,8.7,309.0,0.0,-99.8,-99.8,-99.8,-99.8,-99.8,-99.8,-99.8
2022-09-04 21:00:00,997.9,30.6,60.0,2.6,270.0,7.8,295.0,0.0,-99.8,-99.8,-99.8,-99.8,-99.8,-99.8,-99.8
2022-09-04 22:00:00,998.2,30.5,60.0,2.7,271.0,9.3,224.0,0.0,-99.8,-99.8,-99.8,-99.8,-99.8,-99.8,-99.8
2022-09-04 23:00:00,998.3,30.1,61.0,2.6,294.0,8.8,291.0,0.0,-99.8,-99.8,-99.8,-99.8,-99.8,-99.8,-99.8
2022-09-05 00:00:00,998.3,29.9,61.0,2.8,277.0,7.9,255.0,0.0,-99.8,-99.8,-99.8,-99.8,-99.8,-99.8,-99.8
2022-09-05 01:00:00,997.9,29.0,66.0,2.8,292.0,8.9,322.0,0.0,-99.8,-99.8,-99.8,-99.8,-99.8,-99.8,-99.8
2022-09-05 02:00:00,997.7,29.4,62.0,3.0,266.0,9.1,204.0,0.0,-99.8,-99.8,-99.8,-99.8,-99.8,-99.8,-99.8
2022-09-05 03:00:00,997.8,29.0,67.0,2.7,209.0,8.8,223.0,0.0,-99.8,-99.8,-99.8,-99.8,-99.8,-99.8,-99.8
2022-09-05 04:00:00,998.0,28.5,67.0,3.6,231.0,8.7,217.0,0.0,-99.8,-99.8,-99.8,-99.8,-99.8,-99.8,-99.8
2022-09-05 05:00:00,998.8,28.5,67.0,4.2,230.0,9.2,228.0,0.0,-99.8,-99.8,-99.8,-99.8,-99.8,-99.8,-99.8
2022-09-05 06:00:00,999.3,28.3,68.0,4.2,234.0,9.8,242.0,0.0,-99.8,-99.8,-99.8,-99.8,-99.8,-99.8,-99.8
2022-09-05 07:00:00,1000.0,28.3,67.0,4.1,238.0,8.8,246.0,0.0,-99.8,-99.8,-99.8,-99.8,-99.8,-99.8,-99.8
2022-09-05 08:00:00,1000.8,28.5,66.0,3.2,235.0,8.4,236.0,0.0,-99.8,-99.8,-99.8,-99.8,-99.8,-99.8,-99.8
2022-09-05 09:00:00,1001.0,29.4,63.0,2.0,246.0,6.7,236.0,0.0,-99.8,-99.8,-99.8,-99.8,-99.8,-99.8,-99.8
2022-09-05 10:00:00,1001.2,29.8,63.0,1.7,280.0,6.2,229.0,0.0,-99.8,-99.8,-99.8,-99.8,-99.8,-99.8,-99.8
2022-09-05 11:00:00,1001.0,30.6,58.0,2.1,218.0,5.0,225.0,0.0,-99.8,-99.8,-99.8,-99.8,-99.8,-99.8,-99.8
2022-09-05 12:00:00,1000.8,31.4,56.0,2.8,210.0,5.5,207.0,0.0,-99.8,-99.8,-99.8,-99.8,-99.8,-99.8,-99.8
2022-09-05 13:00:00,1000.1,30.4,64.0,4.5,174.0,8.2,174.0,0.0,-99.8,-99.8,-99.8,-99.8,-99.8,-99.8,-99.8
2022-09-05 14:00:00,999.9,30.1,69.0,4.0,198.0,7.6,181.0,0.0,-99.8,-99.8,-99.8,-99.8,-99.8,-99.8,-99.8
2022-09-05 15:00:00,1000.1,30.4,67.0,3.4,190.0,7.7,185.0,0.0,-99.8,-99.8,-99.8,-99.8,-99.8,-99.8,-99.8
2022-09-05 16:00:00,1000.4,30.2,72.0,3.7,196.0,6.1,184.0,0.0,-99.8,-99.8,-99.8,-99.8,-99.8,-99.8,-99.8
2022-09-05 17:00:00,1000.6,29.8,73.0,4.8,194.0,7.5,200.0,0.0,-99.8,-99.8,-99.8,-99.8,-99.8,-99.8,-99.8
2022-09-05 18:00:00,1001.0,29.3,73.0,5.4,195.0,9.2,185.0,0.0,-99.8,-99.8,-99.8,-99.8,-99.8,-99.8,-99.8
2022-09-05 19:00:00,1002.0,29.1,76.0,4.6,191.0,8.7,191.0,0.0,-99.8,-99.8,-99.8,-99.8,-99.8,-99.8,-99.8
2022-09-05 20:00:00,1003.1,29.2,74.0,3.9,190.0,8.0,179.0,0.0,-99.8,-99.8,-99.8,-99.8,-99.8,-99.8,-99.8
2022-09-05 21:00:00,1004.0,29.3,71.0,3.9,191.0,7.3,184.0,0.0,-99.8,-99.8,-99.8,-99.8,-99.8,-99.8,-99.8
2022-09-05 22:00:00,1004.5,29.2,71.0,3.3,217.0,7.0,183.0,0.0,-99.8,-99.8,-99.8,-99.8,-99.8,-99.8,-99.8
2022-09-05 23:00:00,1004.6,28.9,73.0,3.0,224.0,6.0,210.0,0.0,-99.8,-99.8,-99.8,-99.8,-99.8,-99.8,-99.8
2022-09-06 00:00:00,1004.6,28.6,80.0,3.2,228.0,6.2,224.0,0.0,-99.8,-99.8,-99.8,-99.8,-99.8,-99.8,-99.8
2022-09-06 01:00:00,1004.6,28.2,84.0,3.4,205.0,5.3,204.0,0.0,-99.8,-99.8,-99.8,-99.8,-99.8,-99.8,-99.8
2022-09-06 02:00:00,1004.9,28.1,82.0,2.2,214.0,6.0,203.0,0.0,-99.8,-99.8,-99.8,-99.8,-99.8,-99.8,-99.8
2022-09-06 03:00:00,1005.0,27.9,85.0,1.4,251.0,3.8,224.0,0.0,-99.8,-99.8,-99.8,-99.8,-99.8,-99.8,-99.8
2022-09-06 04:00:00,1005.3,27.9,92.0,4.0,8.0,6.3,13.0,0.0,-99.8,-99.8,-99.8,-99.8,-99.8,-99.8,-99.8
2022-09-06 05:00:00,1006.2,28.0,91.0,3.8,23.0,6.6,10.0,0.0,-99.8,-99.8,-99.8,-99.8,-99.8,-99.8,-99.8
2022-09-06 06:00:00,1007.3,27.9,90.0,3.7,28.0,7.8,35.0,0.0,-99.8,-99.8,-99.8,-99.8,-99.8,-99.8,-99.8
2022-09-06 07:00:00,1008.5,28.1,92.0,4.1,27.0,7.1,31.0,0.0,-99.8,-99.8,-99.8,-99.8,-99.8,-99.8,-99.8
2022-09-06 08:00:00,1009.3,28.7,88.0,3.1,26.0,7.0,16.0,0.0,-99.8,-99.8,-99.8,-99.8,-99.8,-99.8,-99.8
2022-09-06 09:00:00,1010.2,29.4,82.0,3.0,43.0,6.8,76.0,0.0,-99.8,-99.8,-99.8,-99.8,-99.8,-99.8,-99.8
2022-09-06 10:00:00,1010.7,29.1,79.0,3.6,41.0,7.9,51.0,0.0,-99.8,-99.8,-99.8,-99.8,-99.8,-99.8,-99.8
2022-09-06 11:00:00,1011.2,29.3,69.0,3.4,40.0,9.6,55.0,0.0,-99.8,-99.8,-99.8,-99.8,-99.8,-99.8,-99.8
2022-09-06 12:00:00,1011.4,28.7,65.0,4.1,55.0,9.0,66.0,0.0,-99.8,-99.8,-99.8,-99.8,-99.8,-99.8,-99.8
2022-09-06 13:00:00,1011.3,28.9,65.0,3.5,59.0,8.8,45.0,0.0,-99.8,-99.8,-99.8,-99.8,-99.8,-99.8,-99.8
2022-09-06 14:00:00,1011.4,28.2,67.0,4.1,55.0,8.6,39.0,0.0,-99.8,-99.8,-99.8,-99.8,-99.8,-99.8,-99.8
2022-09-06 15:00:00,1011.0,27.9,62.0,4.0,34.0,8.9,61.0,0.0,-99.8,-99.8,-99.8,-99.8,-99.8,-99.8,-99.8
2022-09-06 16:00:00,1011.2,28.0,62.0,4.3,53.0,9.4,60.0,0.0,-99.8,-99.8,-99.8,-99.8,-99.8,-99.8,-99.8
2022-09-06 17:00:00,1011.6,27.2,74.0,3.4,57.0,10.5,47.0,0.0,-99.8,-99.8,-99.8,-99.8,-99.8,-99.8,-99.8
2022-09-06 18:00:00,1012.0,27.0,69.0,4.2,33.0,8.9,25.0,0.0,-99.8,-99.8,-99.8,-99.8,-99.8,-99.8,-99.8
2022-09-06 19:00:00,1012.7,26.9,74.0,2.3,47.0,10.0,32.0,0.0,-99.8,-99.8,-99.8,-99.8,-99.8,-99.8,-99.8
2022-09-06 20:00:00,1013.6,26.7,75.0,2.8,40.0,7.8,31.0,0.0,-99.8,-99.8,-99.8,-99.8,-99.8,-99.8,-99.8
2022-09-06 21:00:00,1014.0,26.7,76.0,4.1,31.0,7.3,15.0,0.0,-99.8,-99.8,-99.8,-99.8,-99.8,-99.8,-99.8
2022-09-06 22:00:00,1014.4,26.8,77.0,4.7,30.0,9.1,23.0,0.0,-99.8,-99.8,-99.8,-99.8,-99.8,-99.8,-99.8
2022-09-06 23:00:00,1013.9,26.7,80.0,5.7,28.0,8.6,33.0,0.0,-99.8,-99.8,-99.8,-99.8,-99.8,-99.8,-99.8
2022-09-07 00:00:00,1013.5,26.6,79.0,5.8,26.0,9.0,26.0,0.0,-99.8,-99.8,-99.8,-99.8,-99.8,-99.8,-99.8
2022-09-07 01:00:00,1013.1,26.4,79.0,5.8,28.0,9.1,21.0,0.0,-99.8,-99.8,-99.8,-99.8,-99.8,-99.8,-99.8
2022-09-07 02:00:00,1012.4,26.3,82.0,7.0,26.0,11.4,30.0,0.0,-99.8,-99.8,-99.8,-99.8,-99.8,-99.8,-99.8
2022-09-07 03:00:00,1012.7,26.3,82.0,6.5,26.0,10.3,21.0,0.0,-99.8,-99.8,-99.8,-99.8,-99.8,-99.8,-99.8
2022-09-07 04:00:00,1013.3,26.2,82.0,5.9,26.0,9.9,30.0,0.0,-99.8,-99.8,-99.8,-99.8,-99.8,-99.8,-99.8
2022-09-07 05:00:00,1013.6,26.3,82.0,6.4,27.0,9.4,22.0,0.0,-99.8,-99.8,-99.8,-99.8,-99.8,-99.8,-99.8
2022-09-07 06:00:00,1014.2,26.1,83.0,6.5,27.0,9.6,21.0,0.0,-99.8,-99.8,-99.8,-99.8,-99.8,-99.8,-99.8
2022-09-07 07:00:00,1014.6,26.4,83.0,7.4,19.0,10.6,17.0,0.0,-99.8,-99.8,-99.8,-99.8,-99.8,-99.8,-99.8
2022-09-07 08:00:00,1015.0,26.5,83.0,8.1,22.0,11.3,20.0,0.0,-99.8,-99.8,-99.8,-99.8,-99.8,-99.8,-99.8
2022-09-07 09:00:00,1015.5,26.7,81.0,7.6,25.0,12.0,24.0,0.0,-99.8,-99.8,-99.8,-99.8,-99.8,-99.8,-99.8
2022-09-07 10:00:00,1015.5,27.0,81.0,7.0,27.0,10.6,23.0,0.0,-99.8,-99.8,-99.8,-99.8,-99.8,-99.8,-99.8
2022-09-07 11:00:00,1015.3,27.2,79.0,6.8,25.0,10.5,30.0,0.0,-99.8,-99.8,-99.8,-99.8,-99.8,-99.8,-99.8
2022-09-07 12:00:00,1015.4,27.9,78.0,6.3,26.0,9.9,29.0,0.0,-99.8,-99.8,-99.8,-99.8,-99.8,-99.8,-99.8
2022-09-07 13:00:00,1014.9,27.5,74.0,6.1,28.0,9.6,20.0,0.0,-99.8,-99.8,-99.8,-99.8,-99.8,-99.8,-99.8
2022-09-07 14:00:00,1014.3,27.6,74.0,5.9,29.0,8.9,23.0,0.0,-99.8,-99.8,-99.8,-99.8,-99.8,-99.8,-99.8
2022-09-07 15:00:00,1014.1,27.3,78.0,5.4,30.0,10.0,25.0,0.0,-99.8,-99.8,-99.8,-99.8,-99.8,-99.8,-99.8
2022-09-07 16:00:00,1014.3,27.1,80.0,5.7,30.0,10.1,28.0,0.0,-99.8,-99.8,-99.8,-99.8,-99.8,-99.8,-99.8
2022-09-07 17:00:00,1014.7,26.9,83.0,4.7,31.0,10.1,25.0,0.0,-99.8,-99.8,-99.8,-99.8,-99.8,-99.8,-99.8
2022-09-07 18:00:00,1014.9,26.9,83.0,3.2,33.0,9.6,49.0,0.0,-99.8,-99.8,-99.8,-99.8,-99.8,-99.8,-99.8
2022-09-07 19:00:00,1015.2,26.9,83.0,3.9,33.0,7.7,24.0,0.0,-99.8,-99.8,-99.8,-99.8,-99.8,-99.8,-99.8
2022-09-07 20:00:00,1015.8,26.8,84.0,3.8,35.0,7.4,18.0,0.0,-99.8,-99.8,-99.8,-99.8,-99.8,-99.8,-99.8
2022-09-07 21:00:00,1016.0,26.9,84.0,3.7,30.0,6.8,26.0,0.0,-99.8,-99.8,-99.8,-99.8,-99.8,-99.8,-99.8
2022-09-07 22:00:00,1016.0,26.8,84.0,4.7,29.0,7.5,40.0,0.0,-99.8,-99.8,-99.8,-99.8,-99.8,-99.8,-99.8
2022-09-07 23:00:00,1015.6,26.7,86.0,5.4,24.0,7.7,19.0,0.0,-99.8,-99.8,-99.8,-99.8,-99.8,-99.8,-99.8
2022-09-08 00:00:00,1015.1,26.5,87.0,6.7,24.0,9.6,27.0,0.0,-99.8,-99.8,-99.8,-99.8,-99.8,-99.8,-99.8
2022-09-08 01:00:00,1014.8,26.4,86.0,6.3,25.0,9.5,30.0,0.0,-99.8,-99.8,-99.8,-99.8,-99.8,-99.8,-99.8
2022-09-08 02:00:00,1014.1,26.4,84.0,6.5,23.0,9.9,22.0,0.0,-99.8,-99.8,-99.8,-99.8,-99.8,-99.8,-99.8
2022-09-08 03:00:00,1014.1,26.1,84.0,6.2,28.0,9.7,28.0,0.0,-99.8,-99.8,-99.8,-99.8,-99.8,-99.8,-99.8
2022-09-08 04:00:00,1014.2,26.0,81.0,6.1,28.0,9.7,36.0,0.0,-99.8,-99.8,-99.8,-99.8,-99.8,-99.8,-99.8
2022-09-08 05:00:00,1014.4,26.0,82.0,6.3,27.0,10.0,29.0,0.0,-99.8,-99.8,-99.8,-99.8,-99.8,-99.8,-99.8
2022-09-08 06:00:00,1014.9,26.1,83.0,6.0,28.0,9.9,22.0,0.0,-99.8,-99.8,-99.8,-99.8,-99.8,-99.8,-99.8
2022-09-08 07:00:00,1015.6,26.3,81.0,6.5,25.0,9.4,14.0,0.0,-99.8,-99.8,-99.8,-99.8,-99.8,-99.8,-99.8
2022-09-08 08:00:00,1015.8,26.6,80.0,6.3,17.0,9.3,25.0,0.0,-99.8,-99.8,-99.8,-99.8,-99.8,-99.8,-99.8
2022-09-08 09:00:00,1016.3,27.1,74.0,6.0,22.0,9.1,14.0,0.0,-99.8,-99.8,-99.8,-99.8,-99.8,-99.8,-99.8
2022-09-08 10:00:00,1016.2,27.4,71.0,5.8,18.0,9.0,34.0,0.0,-99.8,-99.8,-99.8,-99.8,-99.8,-99.8,-99.8
2022-09-08 11:00:00,1016.0,27.9,68.0,5.4,21.0,8.3,10.0,0.0,-99.8,-99.8,-99.8,-99.8,-99.8,-99.8,-99.8
2022-09-08 12:00:00,1015.3,28.3,66.0,4.5,23.0,7.3,20.0,0.0,-99.8,-99.8,-99.8,-99.8,-99.8,-99.8,-99.8
2022-09-08 13:00:00,1014.4,28.1,66.0,4.8,29.0,7.5,27.0,0.0,-99.8,-99.8,-99.8,-99.8,-99.8,-99.8,-99.8
2022-09-08 14:00:00,1013.8,28.2,64.0,4.3,24.0,9.1,19.0,0.0,-99.8,-99.8,-99.8,-99.8,-99.8,-99.8,-99.8
2022-09-08 15:00:00,1013.1,28.5,69.0,3.2,28.0,7.0,24.0,0.0,-99.8,-99.8,-99.8,-99.8,-99.8,-99.8,-99.8
2022-09-08 16:00:00,1012.9,27.9,68.0,3.8,25.0,7.4,28.0,0.0,-99.8,-99.8,-99.8,-99.8,-99.8,-99.8,-99.8
2022-09-08 17:00:00,1012.8,27.6,71.0,3.4,32.0,7.0,29.0,0.0,-99.8,-99.8,-99.8,-99.8,-99.8,-99.8,-99.8
2022-09-08 18:00:00,1012.9,27.1,75.0,1.8,51.0,5.6,42.0,0.0,-99.8,-99.8,-99.8,-99.8,-99.8,-99.8,-99.8
2022-09-08 19:00:00,1013.4,26.9,75.0,2.6,61.0,6.3,68.0,0.0,-99.8,-99.8,-99.8,-99.8,-99.8,-99.8,-99.8
2022-09-08 20:00:00,1014.0,26.6,76.0,2.0,37.0,4.8,57.0,0.0,-99.8,-99.8,-99.8,-99.8,-99.8,-99.8,-99.8
2022-09-08 21:00:00,1014.6,26.7,78.0,2.8,35.0,5.6,16.0,0.0,-99.8,-99.8,-99.8,-99.8,-99.8,-99.8,-99.8
2022-09-08 22:00:00,1014.8,26.6,79.0,3.5,32.0,5.9,19.0,0.0,-99.8,-99.8,-99.8,-99.8,-99.8,-99.8,-99.8
2022-09-08 23:00:00,1014.6,26.5,80.0,3.7,32.0,6.5,23.0,0.0,-99.8,-99.8,-99.8,-99.8,-99.8,-99.8,-99.8
2022-09-09 00:00:00,1014.5,26.5,79.0,4.3,29.0,7.9,13.0,0.0,-99.8,-99.8,-99.8,-99.8,-99.8,-99.8,-99.8
2022-09-09 01:00:00,1014.1,26.5,80.0,4.9,24.0,8.0,21.0,0.0,-99.8,-99.8,-99.8,-99.8,-99.8,-99.8,-99.8
2022-09-09 02:00:00,1013.6,26.5,83.0,5.2,24.0,7.8,21.0,0.0,-99.8,-99.8,-99.8,-99.8,-99.8,-99.8,-99.8
2022-09-09 03:00:00,1013.3,26.2,82.0,5.5,20.0,8.9,29.0,0.0,-99.8,-99.8,-99.8,-99.8,-99.8,-99.8,-99.8
2022-09-09 04:00:00,1013.4,26.1,82.0,5.2,25.0,8.1,18.0,0.0,-99.8,-99.8,-99.8,-99.8,-99.8,-99.8,-99.8
2022-09-09 05:00:00,1013.4,26.1,81.0,6.1,21.0,8.4,23.0,0.0,-99.8,-99.8,-99.8,-99.8,-99.8,-99.8,-99.8
2022-09-09 06:00:00,1013.8,26.1,78.0,5.6,23.0,10.4,30.0,0.0,-99.8,-99.8,-99.8,-99.8,-99.8,-99.8,-99.8
2022-09-09 07:00:00,1014.1,26.3,77.0,5.8,25.0,9.7,20.0,0.0,-99.8,-99.8,-99.8,-99.8,-99.8,-99.8,-99.8
2022-09-09 08:00:00,1014.3,26.8,75.0,6.2,24.0,9.9,23.0,0.0,-99.8,-99.8,-99.8,-99.8,-99.8,-99.8,-99.8
2022-09-09 09:00:00,1014.2,27.0,77.0,6.8,23.0,9.3,26.0,0.0,-99.8,-99.8,-99.8,-99.8,-99.8,-99.8,-99.8
2022-09-09 10:00:00,1014.0,27.3,75.0,6.4,23.0,10.2,26.0,0.0,-99.8,-99.8,-99.8,-99.8,-99.8,-99.8,-99.8
2022-09-09 11:00:00,1013.8,27.4,74.0,6.4,22.0,9.5,25.0,0.0,-99.8,-99.8,-99.8,-99.8,-99.8,-99.8,-99.8
2022-09-09 12:00:00,1013.1,27.8,73.0,6.1,25.0,9.5,30.0,0.0,-99.8,-99.8,-99.8,-99.8,-99.8,-99.8,-99.8
2022-09-09 13:00:00,1012.6,27.8,70.0,5.7,27.0,9.6,24.0,0.0,-99.8,-99.8,-99.8,-99.8,-99.8,-99.8,-99.8
2022-09-09 14:00:00,1012.0,27.7,72.0,5.7,30.0,9.7,19.0,0.0,-99.8,-99.8,-99.8,-99.8,-99.8,-99.8,-99.8
2022-09-09 15:00:00,1011.4,27.5,76.0,6.1,27.0,10.4,23.0,0.0,-99.8,-99.8,-99.8,-99.8,-99.8,-99.8,-99.8
2022-09-09 16:00:00,1011.4,27.8,64.0,4.6,30.0,10.1,28.0,0.0,-99.8,-99.8,-99.8,-99.8,-99.8,-99.8,-99.8
2022-09-09 17:00:00,1011.5,27.5,67.0,3.5,32.0,8.4,37.0,0.0,-99.8,-99.8,-99.8,-99.8,-99.8,-99.8,-99.8
2022-09-09 18:00:00,1011.7,26.7,77.0,4.9,30.0,9.2,29.0,0.0,-99.8,-99.8,-99.8,-99.8,-99.8,-99.8,-99.8
2022-09-09 19:00:00,1012.0,26.5,77.0,4.6,33.0,9.2,22.0,0.0,-99.8,-99.8,-99.8,-99.8,-99.8,-99.8,-99.8
2022-09-09 20:00:00,1012.7,26.5,74.0,4.3,32.0,9.7,27.0,0.0,-99.8,-99.8,-99.8,-99.8,-99.8,-99.8,-99.8
2022-09-09 21:00:00,1013.4,26.6,73.0,5.2,30.0,10.0,34.0,0.0,-99.8,-99.8,-99.8,-99.8,-99.8,-99.8,-99.8
2022-09-09 22:00:00,1013.8,26.6,70.0,4.1,33.0,10.5,22.0,0.0,-99.8,-99.8,-99.8,-99.8,-99.8,-99.8,-99.8
2022-09-09 23:00:00,1013.6,26.6,68.0,5.0,31.0,9.5,24.0,0.0,-99.8,-99.8,-99.8,-99.8,-99.8,-99.8,-99.8
2022-09-10 00:00:00,1013.2,26.5,66.0,5.3,31.0,9.5,24.0,0.0,-99.8,-99.8,-99.8,-99.8,-99.8,-99.8,-99.8
2022-09-10 01:00:00,1012.9,26.3,69.0,4.3,33.0,9.6,25.0,0.0,-99.8,-99.8,-99.8,-99.8,-99.8,-99.8,-99.8
2022-09-10 02:00:00,1012.2,26.2,68.0,3.2,41.0,8.9,42.0,0.0,-99.8,-99.8,-99.8,-99.8,-99.8,-99.8,-99.8
2022-09-10 03:00:00,1011.8,26.3,69.0,4.5,30.0,8.8,23.0,0.0,-99.8,-99.8,-99.8,-99.8,-99.8,-99.8,-99.8
2022-09-10 04:00:00,1011.4,26.1,70.0,4.3,28.0,8.8,24.0,0.0,-99.8,-99.8,-99.8,-99.8,-99.8,-99.8,-99.8
2022-09-10 05:00:00,1011.6,26.0,70.0,4.9,30.0,8.7,30.0,0.0,-99.8,-99.8,-99.8,-99.8,-99.8,-99.8,-99.8
2022-09-10 06:00:00,1011.7,26.1,69.0,4.9,32.0,9.3,24.0,0.0,-99.8,-99.8,-99.8,-99.8,-99.8,-99.8,-99.8
2022-09-10 07:00:00,1012.0,26.3,64.0,4.8,32.0,9.6,30.0,0.0,-99.8,-99.8,-99.8,-99.8,-99.8,-99.8,-99.8
2022-09-10 08:00:00,1012.4,26.8,67.0,4.9,31.0,9.1,30.0,0.0,-99.8,-99.8,-99.8,-99.8,-99.8,-99.8,-99.8
2022-09-10 09:00:00,1012.4,26.9,67.0,5.0,28.0,9.0,34.0,0.0,-99.8,-99.8,-99.8,-99.8,-99.8,-99.8,-99.8
2022-09-10 10:00:00,1012.5,27.3,68.0,4.9,30.0,8.6,23.0,0.0,-99.8,-99.8,-99.8,-99.8,-99.8,-99.8,-99.8
2022-09-10 11:00:00,1012.1,27.2,68.0,5.7,25.0,8.3,22.0,0.0,-99.8,-99.8,-99.8,-99.8,-99.8,-99.8,-99.8
2022-09-10 12:00:00,1011.7,27.2,70.0,5.6,28.0,8.9,15.0,0.0,-99.8,-99.8,-99.8,-99.8,-99.8,-99.8,-99.8
2022-09-10 13:00:00,1010.9,27.7,65.0,5.4,28.0,9.6,20.0,0.0,-99.8,-99.8,-99.8,-99.8,-99.8,-99.8,-99.8
2022-09-10 14:00:00,1010.2,27.5,66.0,5.7,30.0,10.2,33.0,0.0,-99.8,-99.8,-99.8,-99.8,-99.8,-99.8,-99.8
2022-09-10 15:00:00,1009.7,28.0,65.0,4.8,26.0,9.8,27.0,0.0,-99.8,-99.8,-99.8,-99.8,-99.8,-99.8,-99.8
2022-09-10 16:00:00,1009.3,27.4,69.0,4.2,29.0,8.9,25.0,0.0,-99.8,-99.8,-99.8,-99.8,-99.8,-99.8,-99.8
2022-09-10 17:00:00,1009.2,26.9,70.0,3.7,33.0,8.5,28.0,0.0,-99.8,-99.8,-99.8,-99.8,-99.8,-99.8,-99.8
2022-09-10 18:00:00,1009.7,26.4,70.0,3.8,34.0,9.2,30.0,0.0,-99.8,-99.8,-99.8,-99.8,-99.8,-99.8,-99.8
2022-09-10 19:00:00,1010.2,26.1,68.0,4.7,29.0,8.9,50.0,0.0,-99.8,-99.8,-99.8,-99.8,-99.8,-99.8,-99.8
2022-09-10 20:00:00,1011.1,26.3,70.0,3.8,34.0,9.2,19.0,0.0,-99.8,-99.8,-99.8,-99.8,-99.8,-99.8,-99.8
2022-09-10 21:00:00,1011.6,26.3,70.0,4.5,32.0,8.9,27.0,0.0,-99.8,-99.8,-99.8,-99.8,-99.8,-99.8,-99.8
2022-09-10 22:00:00,1011.6,26.3,73.0,4.8,32.0,9.1,17.0,0.0,-99.8,-99.8,-99.8,-99.8,-99.8,-99.8,-99.8
2022-09-10 23:00:00,1011.3,26.3,77.0,5.9,25.0,9.1,25.0,0.0,-99.8,-99.8,-99.8,-99.8,-99.8,-99.8,-99.8
2022-09-11 00:00:00,1011.0,26.2,81.0,7.1,18.0,9.7,23.0,0.0,-99.8,-99.8,-99.8,-99.8,-99.8,-99.8,-99.8
2022-09-11 01:00:00,1010.1,26.2,80.0,7.7,14.0,11.0,13.0,0.0,-99.8,-99.8,-99.8,-99.8,-99.8,-99.8,-99.8
2022-09-11 02:00:00,1009.7,26.1,77.0,7.6,14.0,12.7,355.0,0.0,-99.8,-99.8,-99.8,-99.8,-99.8,-99.8,-99.8
2022-09-11 03:00:00,1009.1,25.8,77.0,7.7,5.0,11.9,13.0,0.0,-99.8,-99.8,-99.8,-99.8,-99.8,-99.8,-99.8
2022-09-11 04:00:00,1008.6,25.7,74.0,7.4,18.0,13.3,13.0,0.0,-99.8,-99.8,-99.8,-99.8,-99.8,-99.8,-99.8
2022-09-11 05:00:00,1008.6,25.6,75.0,7.2,21.0,11.0,10.0,0.0,-99.8,-99.8,-99.8,-99.8,-99.8,-99.8,-99.8
2022-09-11 06:00:00,1009.0,25.8,77.0,7.2,20.0,10.3,17.0,0.0,-99.8,-99.8,-99.8,-99.8,-99.8,-99.8,-99.8
2022-09-11 07:00:00,1009.4,26.2,75.0,7.3,15.0,12.0,12.0,0.0,-99.8,-99.8,-99.8,-99.8,-99.8,-99.8,-99.8
2022-09-11 08:00:00,1009.4,26.4,71.0,7.6,23.0,11.0,23.0,0.0,-99.8,-99.8,-99.8,-99.8,-99.8,-99.8,-99.8
2022-09-11 09:00:00,1009.5,26.7,71.0,7.8,26.0,11.5,23.0,0.0,-99.8,-99.8,-99.8,-99.8,-99.8,-99.8,-99.8
2022-09-11 10:00:00,1009.5,27.1,73.0,7.8,19.0,11.7,9.0,0.0,-99.8,-99.8,-99.8,-99.8,-99.8,-99.8,-99.8
2022-09-11 11:00:00,1009.4,27.4,72.0,7.1,18.0,12.1,9.0,0.0,-99.8,-99.8,-99.8,-99.8,-99.8,-99.8,-99.8
2022-09-11 12:00:00,1008.6,27.2,69.0,8.1,26.0,12.1,31.0,0.0,-99.8,-99.8,-99.8,-99.8,-99.8,-99.8,-99.8
2022-09-11 13:00:00,1008.1,27.7,67.0,7.5,27.0,12.5,28.0,0.0,-99.8,-99.8,-99.8,-99.8,-99.8,-99.8,-99.8
2022-09-11 14:00:00,1007.5,27.8,65.0,7.3,33.0,14.2,29.0,0.0,-99.8,-99.8,-99.8,-99.8,-99.8,-99.8,-99.8
2022-09-11 15:00:00,1006.8,27.4,72.0,7.3,28.0,13.1,22.0,0.0,-99.8,-99.8,-99.8,-99.8,-99.8,-99.8,-99.8
2022-09-11 16:00:00,1006.5,27.5,72.0,7.1,28.0,11.7,36.0,0.0,-99.8,-99.8,-99.8,-99.8,-99.8,-99.8,-99.8
2022-09-11 17:00:00,1006.8,27.4,78.0,6.7,29.0,11.7,21.0,0.0,-99.8,-99.8,-99.8,-99.8,-99.8,-99.8,-99.8
2022-09-11 18:00:00,1006.9,27.0,80.0,6.2,30.0,12.7,39.0,0.0,-99.8,-99.8,-99.8,-99.8,-99.8,-99.8,-99.8
2022-09-11 19:00:00,1006.9,27.1,80.0,7.0,29.0,13.2,28.0,0.0,-99.8,-99.8,-99.8,-99.8,-99.8,-99.8,-99.8
2022-09-11 20:00:00,1007.0,27.2,77.0,6.4,29.0,12.1,38.0,0.0,-99.8,-99.8,-99.8,-99.8,-99.8,-99.8,-99.8
2022-09-11 21:00:00,1007.4,27.4,80.0,6.8,22.0,10.1,26.0,0.0,-99.8,-99.8,-99.8,-99.8,-99.8,-99.8,-99.8
2022-09-11 22:00:00,1007.8,27.4,79.0,7.5,28.0,10.9,26.0,0.0,-99.8,-99.8,-99.8,-99.8,-99.8,-99.8,-99.8
2022-09-11 23:00:00,1007.3,27.3,84.0,6.9,23.0,10.6,32.0,0.0,-99.8,-99.8,-99.8,-99.8,-99.8,-99.8,-99.8
2022-09-12 00:00:00,1007.0,27.2,85.0,7.8,11.0,12.1,15.0,0.0,-99.8,-99.8,-99.8,-99.8,-99.8,-99.8,-99.8
2022-09-12 01:00:00,1006.5,27.2,82.0,8.5,24.0,12.3,23.0,0.0,-99.8,-99.8,-99.8,-99.8,-99.8,-99.8,-99.8
2022-09-12 02:00:00,1006.0,27.0,86.0,8.9,19.0,13.8,24.0,0.0,-99.8,-99.8,-99.8,-99.8,-99.8,-99.8,-99.8
2022-09-12 03:00:00,1005.4,27.0,86.0,8.9,21.0,14.9,26.0,0.0,-99.8,-99.8,-99.8,-99.8,-99.8,-99.8,-99.8
2022-09-12 04:00:00,1005.3,27.1,75.0,8.0,7.0,13.7,20.0,0.0,-99.8,-99.8,-99.8,-99.8,-99.8,-99.8,-99.8
2022-09-12 05:00:00,1005.5,27.3,77.0,8.9,20.0,12.6,22.0,0.0,-99.8,-99.8,-99.8,-99.8,-99.8,-99.8,-99.8
2022-09-12 06:00:00,1005.6,27.1,77.0,7.1,13.0,12.3,26.0,0.0,-99.8,-99.8,-99.8,-99.8,-99.8,-99.8,-99.8
2022-09-12 07:00:00,1005.5,27.3,74.0,8.0,4.0,10.5,8.0,0.0,-99.8,-99.8,-99.8,-99.8,-99.8,-99.8,-99.8
2022-09-12 08:00:00,1005.6,27.7,69.0,8.1,1.0,10.8,1.0,0.0,-99.8,-99.8,-99.8,-99.8,-99.8,-99.8,-99.8
2022-09-12 09:00:00,1005.9,28.0,67.0,7.9,2.0,11.1,7.0,0.0,-99.8,-99.8,-99.8,-99.8,-99.8,-99.8,-99.8
2022-09-12 10:00:00,1006.2,28.6,70.0,7.1,16.0,10.8,16.0,0.0,-99.8,-99.8,-99.8,-99.8,-99.8,-99.8,-99.8
2022-09-12 11:00:00,1006.0,28.0,72.0,9.4,21.0,13.8,14.0,0.0,-99.8,-99.8,-99.8,-99.8,-99.8,-99.8,-99.8
2022-09-12 12:00:00,1005.5,28.1,73.0,9.8,9.0,15.0,13.0,0.0,-99.8,-99.8,-99.8,-99.8,-99.8,-99.8,-99.8
2022-09-12 13:00:00,1005.0,28.0,70.0,10.1,9.0,15.0,9.0,0.0,-99.8,-99.8,-99.8,-99.8,-99.8,-99.8,-99.8
2022-09-12 14:00:00,1004.8,28.5,73.0,7.3,14.0,12.6,12.0,0.0,-99.8,-99.8,-99.8,-99.8,-99.8,-99.8,-99.8
2022-09-12 15:00:00,1004.3,28.5,73.0,6.5,13.0,9.0,14.0,0.0,-99.8,-99.8,-99.8,-99.8,-99.8,-99.8,-99.8
2022-09-12 16:00:00,1004.4,28.2,77.0,5.6,4.0,8.9,11.0,0.0,-99.8,-99.8,-99.8,-99.8,-99.8,-99.8,-99.8
2022-09-12 17:00:00,1004.6,27.6,77.0,5.1,360.0,8.3,358.0,0.0,-99.8,-99.8,-99.8,-99.8,-99.8,-99.8,-99.8
2022-09-12 18:00:00,1004.3,27.9,75.0,3.8,27.0,6.7,1.0,0.0,-99.8,-99.8,-99.8,-99.8,-99.8,-99.8,-99.8
2022-09-12 19:00:00,1004.3,28.1,75.0,7.0,32.0,12.6,31.0,0.0,-99.8,-99.8,-99.8,-99.8,-99.8,-99.8,-99.8
2022-09-12 20:00:00,1005.0,27.7,78.0,8.4,33.0,16.5,30.0,0.0,-99.8,-99.8,-99.8,-99.8,-99.8,-99.8,-99.8
2022-09-12 21:00:00,1005.4,27.5,80.0,7.4,32.0,14.1,29.0,0.0,-99.8,-99.8,-99.8,-99.8,-99.8,-99.8,-99.8
2022-09-12 22:00:00,1005.1,27.3,78.0,7.4,28.0,13.7,28.0,0.0,-99.8,-99.8,-99.8,-99.8,-99.8,-99.8,-99.8
2022-09-12 23:00:00,1004.4,27.6,75.0,9.2,12.0,12.9,15.0,0.0,-99.8,-99.8,-99.8,-99.8,-99.8,-99.8,-99.8
2022-09-13 00:00:00,1004.7,27.4,79.0,6.0,17.0,13.0,11.0,0.0,-99.8,-99.8,-99.8,-99.8,-99.8,-99.8,-99.8
2022-09-13 01:00:00,1004.5,27.7,74.0,6.8,7.0,8.4,10.0,0.0,-99.8,-99.8,-99.8,-99.8,-99.8,-99.8,-99.8
2022-09-13 02:00:00,1004.4,27.5,72.0,5.1,1.0,8.1,6.0,0.0,-99.8,-99.8,-99.8,-99.8,-99.8,-99.8,-99.8
2022-09-13 03:00:00,1004.7,27.4,77.0,4.0,4.0,7.2,3.0,0.0,-99.8,-99.8,-99.8,-99.8,-99.8,-99.8,-99.8
2022-09-13 04:00:00,1004.2,27.6,69.0,5.8,13.0,8.3,15.0,0.0,-99.8,-99.8,-99.8,-99.8,-99.8,-99.8,-99.8
2022-09-13 05:00:00,1004.2,27.4,66.0,4.2,349.0,7.5,10.0,0.0,-99.8,-99.8,-99.8,-99.8,-99.8,-99.8,-99.8
2022-09-13 06:00:00,1004.7,27.3,73.0,4.3,5.0,6.6,2.0,0.0,-99.8,-99.8,-99.8,-99.8,-99.8,-99.8,-99.8
2022-09-13 07:00:00,1005.0,27.7,65.0,3.8,348.0,6.8,356.0,0.0,-99.8,-99.8,-99.8,-99.8,-99.8,-99.8,-99.8
2022-09-13 08:00:00,1005.1,27.9,68.0,3.1,338.0,7.5,2.0,0.0,-99.8,-99.8,-99.8,-99.8,-99.8,-99.8,-99.8
2022-09-13 09:00:00,1005.2,28.4,64.0,3.7,344.0,7.1,355.0,0.0,-99.8,-99.8,-99.8,-99.8,-99.8,-99.8,-99.8
2022-09-13 10:00:00,1005.1,28.9,61.0,4.1,338.0,7.5,345.0,0.0,-99.8,-99.8,-99.8,-99.8,-99.8,-99.8,-99.8
2022-09-13 11:00:00,1005.0,29.4,60.0,3.5,340.0,7.7,341.0,0.0,-99.8,-99.8,-99.8,-99.8,-99.8,-99.8,-99.8
2022-09-13 12:00:00,1004.7,30.3,63.0,2.4,355.0,5.7,350.0,0.0,-99.8,-99.8,-99.8,-99.8,-99.8,-99.8,-99.8
2022-09-13 13:00:00,1003.8,29.8,62.0,2.6,6.0,6.3,29.0,0.0,-99.8,-99.8,-99.8,-99.8,-99.8,-99.8,-99.8
2022-09-13 14:00:00,1003.3,29.9,62.0,1.9,7.0,4.7,21.0,0.0,-99.8,-99.8,-99.8,-99.8,-99.8,-99.8,-99.8
2022-09-13 15:00:00,1003.0,30.1,64.0,3.5,28.0,6.3,38.0,0.0,-99.8,-99.8,-99.8,-99.8,-99.8,-99.8,-99.8
2022-09-13 16:00:00,1002.9,29.5,66.0,3.2,26.0,8.5,44.0,0.0,-99.8,-99.8,-99.8,-99.8,-99.8,-99.8,-99.8
2022-09-13 17:00:00,1002.8,28.8,70.0,2.6,17.0,8.5,24.0,0.0,-99.8,-99.8,-99.8,-99.8,-99.8,-99.8,-99.8
2022-09-13 18:00:00,1002.9,28.4,75.0,1.8,345.0,5.7,19.0,0.0,-99.8,-99.8,-99.8,-99.8,-99.8,-99.8,-99.8
2022-09-13 19:00:00,1003.7,27.7,80.0,1.9,253.0,4.5,225.0,0.0,-99.8,-99.8,-99.8,-99.8,-99.8,-99.8,-99.8
2022-09-13 20:00:00,1004.1,27.8,76.0,2.0,213.0,3.9,203.0,0.0,-99.8,-99.8,-99.8,-99.8,-99.8,-99.8,-99.8
2022-09-13 21:00:00,1004.6,28.0,77.0,3.0,208.0,5.1,193.0,0.0,-99.8,-99.8,-99.8,-99.8,-99.8,-99.8,-99.8
2022-09-13 22:00:00,1004.4,26.5,79.0,1.7,222.0,5.9,358.0,0.0,-99.8,-99.8,-99.8,-99.8,-99.8,-99.8,-99.8
2022-09-13 23:00:00,1004.0,27.6,80.0,1.3,225.0,4.7,231.0,0.0,-99.8,-99.8,-99.8,-99.8,-99.8,-99.8,-99.8
2022-09-14 00:00:00,1003.6,28.1,72.0,3.3,334.0,7.1,330.0,0.0,-99.8,-99.8,-99.8,-99.8,-99.8,-99.8,-99.8
2022-09-14 01:00:00,1002.9,28.0,64.0,1.9,300.0,5.5,338.0,0.0,-99.8,-99.8,-99.8,-99.8,-99.8,-99.8,-99.8
2022-09-14 02:00:00,1002.2,28.2,61.0,2.3,314.0,5.8,344.0,0.0,-99.8,-99.8,-99.8,-99.8,-99.8,-99.8,-99.8
2022-09-14 03:00:00,1002.1,28.2,61.0,2.2,319.0,6.0,325.0,0.0,-99.8,-99.8,-99.8,-99.8,-99.8,-99.8,-99.8
2022-09-14 04:00:00,1002.2,27.9,63.0,1.9,288.0,5.6,325.0,0.0,-99.8,-99.8,-99.8,-99.8,-99.8,-99.8,-99.8
2022-09-14 05:00:00,1002.3,28.0,62.0,2.3,278.0,6.0,256.0,0.0,-99.8,-99.8,-99.8,-99.8,-99.8,-99.8,-99.8
2022-09-14 06:00:00,1002.5,27.9,62.0,2.5,252.0,5.9,182.0,0.0,-99.8,-99.8,-99.8,-99.8,-99.8,-99.8,-99.8
2022-09-14 07:00:00,1003.1,28.1,63.0,2.1,287.0,8.2,325.0,0.0,-99.8,-99.8,-99.8,-99.8,-99.8,-99.8,-99.8
2022-09-14 08:00:00,1003.5,28.1,62.0,2.0,294.0,7.7,339.0,0.0,-99.8,-99.8,-99.8,-99.8,-99.8,-99.8,-99.8
2022-09-14 09:00:00,1003.4,28.7,59.0,2.1,288.0,7.2,289.0,0.0,-99.8,-99.8,-99.8,-99.8,-99.8,-99.8,-99.8
2022-09-14 10:00:00,1003.4,29.9,55.0,2.2,279.0,7.4,303.0,0.0,-99.8,-99.8,-99.8,-99.8,-99.8,-99.8,-99.8
2022-09-14 11:00:00,1002.8,31.5,51.0,2.5,270.0,6.7,295.0,0.0,-99.8,-99.8,-99.8,-99.8,-99.8,-99.8,-99.8
2022-09-14 12:00:00,1002.3,32.0,51.0,3.0,224.0,7.3,219.0,0.0,-99.8,-99.8,-99.8,-99.8,-99.8,-99.8,-99.8
2022-09-14 13:00:00,1001.7,32.9,46.0,3.1,220.0,6.5,224.0,0.0,-99.8,-99.8,-99.8,-99.8,-99.8,-99.8,-99.8
2022-09-14 14:00:00,1001.3,32.5,52.0,3.7,215.0,7.0,205.0,0.0,-99.8,-99.8,-99.8,-99.8,-99.8,-99.8,-99.8
2022-09-14 15:00:00,1001.0,29.8,70.0,4.3,194.0,8.0,183.0,0.0,-99.8,-99.8,-99.8,-99.8,-99.8,-99.8,-99.8
2022-09-14 16:00:00,1001.2,30.2,66.0,3.3,193.0,8.2,177.0,0.0,-99.8,-99.8,-99.8,-99.8,-99.8,-99.8,-99.8
2022-09-14 17:00:00,1001.4,29.2,65.0,2.8,203.0,9.2,175.0,0.0,-99.8,-99.8,-99.8,-99.8,-99.8,-99.8,-99.8
2022-09-14 18:00:00,1001.6,28.9,68.0,3.1,192.0,7.0,191.0,0.0,-99.8,-99.8,-99.8,-99.8,-99.8,-99.8,-99.8
2022-09-14 19:00:00,1002.1,28.7,71.0,4.5,189.0,8.1,194.0,0.0,-99.8,-99.8,-99.8,-99.8,-99.8,-99.8,-99.8
2022-09-14 20:00:00,1002.7,28.5,74.0,5.1,186.0,7.6,191.0,0.0,-99.8,-99.8,-99.8,-99.8,-99.8,-99.8,-99.8
2022-09-14 21:00:00,1003.3,28.0,75.0,2.6,197.0,8.3,186.0,0.0,-99.8,-99.8,-99.8,-99.8,-99.8,-99.8,-99.8
2022-09-14 22:00:00,1003.7,28.2,72.0,3.1,203.0,6.2,193.0,0.0,-99.8,-99.8,-99.8,-99.8,-99.8,-99.8,-99.8
2022-09-14 23:00:00,1003.7,27.9,73.0,2.2,205.0,5.2,204.0,0.0,-99.8,-99.8,-99.8,-99.8,-99.8,-99.8,-99.8
2022-09-15 00:00:00,1003.7,27.6,77.0,2.2,213.0,4.9,218.0,0.0,-99.8,-99.8,-99.8,-99.8,-99.8,-99.8,-99.8
2022-09-15 01:00:00,1003.5,27.5,81.0,1.4,218.0,4.5,203.0,0.0,-99.8,-99.8,-99.8,-99.8,-99.8,-99.8,-99.8
2022-09-15 02:00:00,1003.2,27.5,70.0,1.5,306.0,3.8,295.0,0.0,-99.8,-99.8,-99.8,-99.8,-99.8,-99.8,-99.8
2022-09-15 03:00:00,1003.0,28.0,65.0,2.2,311.0,5.3,305.0,0.0,-99.8,-99.8,-99.8,-99.8,-99.8,-99.8,-99.8
2022-09-15 04:00:00,1003.3,27.7,68.0,2.1,307.0,5.4,310.0,0.0,-99.8,-99.8,-99.8,-99.8,-99.8,-99.8,-99.8
2022-09-15 05:00:00,1003.6,27.4,70.0,2.2,299.0,5.2,286.0,0.0,-99.8,-99.8,-99.8,-99.8,-99.8,-99.8,-99.8
2022-09-15 06:00:00,1003.8,27.4,68.0,2.4,311.0,5.4,319.0,0.0,-99.8,-99.8,-99.8,-99.8,-99.8,-99.8,-99.8
2022-09-15 07:00:00,1004.0,27.8,66.0,2.9,297.0,7.2,313.0,0.0,-99.8,-99.8,-99.8,-99.8,-99.8,-99.8,-99.8
2022-09-15 08:00:00,1004.3,28.8,62.0,2.4,319.0,6.6,301.0,0.0,-99.8,-99.8,-99.8,-99.8,-99.8,-99.8,-99.8
2022-09-15 09:00:00,1004.6,28.9,62.0,3.1,343.0,6.8,337.0,0.0,-99.8,-99.8,-99.8,-99.8,-99.8,-99.8,-99.8
2022-09-15 10:00:00,1004.4,29.5,58.0,3.2,348.0,6.3,341.0,0.0,-99.8,-99.8,-99.8,-99.8,-99.8,-99.8,-99.8
2022-09-15 11:00:00,1003.9,29.9,59.0,2.4,358.0,6.0,7.0,0.0,-99.8,-99.8,-99.8,-99.8,-99.8,-99.8,-99.8
2022-09-15 12:00:00,1003.2,30.9,60.0,1.6,358.0,4.4,356.0,0.0,-99.8,-99.8,-99.8,-99.8,-99.8,-99.8,-99.8
2022-09-15 13:00:00,1002.8,31.1,49.0,2.3,9.0,3.4,22.0,0.0,-99.8,-99.8,-99.8,-99.8,-99.8,-99.8,-99.8
2022-09-15 14:00:00,1002.2,31.6,54.0,1.4,137.0,4.5,163.0,0.0,-99.8,-99.8,-99.8,-99.8,-99.8,-99.8,-99.8
2022-09-15 15:00:00,1001.9,30.4,59.0,2.6,149.0,6.2,82.0,0.0,-99.8,-99.8,-99.8,-99.8,-99.8,-99.8,-99.8
2022-09-15 16:00:00,1002.4,30.1,60.0,1.7,147.0,7.0,154.0,0.0,-99.8,-99.8,-99.8,-99.8,-99.8,-99.8,-99.8
2022-09-15 17:00:00,1002.6,29.6,62.0,1.9,141.0,6.1,142.0,0.0,-99.8,-99.8,-99.8,-99.8,-99.8,-99.8,-99.8
2022-09-15 18:00:00,1003.2,28.7,68.0,1.2,166.0,4.2,107.0,0.0,-99.8,-99.8,-99.8,-99.8,-99.8,-99.8,-99.8
2022-09-15 19:00:00,1003.6,28.2,71.0,1.2,148.0,4.1,185.0,0.0,-99.8,-99.8,-99.8,-99.8,-99.8,-99.8,-99.8
2022-09-15 20:00:00,1004.3,26.8,77.0,0.2,0.0,2.6,86.0,0.0,-99.8,-99.8,-99.8,-99.8,-99.8,-99.8,-99.8
2022-09-15 21:00:00,1004.8,26.2,80.0,0.4,176.0,1.7,224.0,0.0,-99.8,-99.8,-99.8,-99.8,-99.8,-99.8,-99.8
2022-09-15 22:00:00,1004.8,26.0,83.0,0.4,187.0,1.4,274.0,0.0,-99.8,-99.8,-99.8,-99.8,-99.8,-99.8,-99.8
2022-09-15 23:00:00,1004.6,25.3,85.0,0.8,182.0,1.4,188.0,0.0,-99.8,-99.8,-99.8,-99.8,-99.8,-99.8,-99.8
2022-09-16 00:00:00,1004.5,25.3,86.0,0.4,248.0,1.1,180.0,0.0,-99.8,-99.8,-99.8,-99.8,-99.8,-99.8,-99.8
2022-09-16 01:00:00,1004.2,27.2,81.0,3.0,354.0,4.2,4.0,0.0,-99.8,-99.8,-99.8,-99.8,-99.8,-99.8,-99.8
2022-09-16 02:00:00,1003.9,27.0,84.0,3.7,2.0,4.9,12.0,0.0,-99.8,-99.8,-99.8,-99.8,-99.8,-99.8,-99.8
2022-09-16 03:00:00,1003.8,26.9,81.0,3.5,3.0,4.8,3.0,0.0,-99.8,-99.8,-99.8,-99.8,-99.8,-99.8,-99.8
2022-09-16 04:00:00,1003.9,26.9,80.0,3.5,2.0,6.0,13.0,0.0,-99.8,-99.8,-99.8,-99.8,-99.8,-99.8,-99.8
2022-09-16 05:00:00,1004.1,26.7,82.0,4.3,5.0,6.0,7.0,0.0,-99.8,-99.8,-99.8,-99.8,-99.8,-99.8,-99.8
2022-09-16 06:00:00,1004.6,26.8,80.0,5.2,359.0,6.6,6.0,0.0,-99.8,-99.8,-99.8,-99.8,-99.8,-99.8,-99.8
2022-09-16 07:00:00,1005.0,26.8,78.0,4.2,6.0,7.1,357.0,0.0,-99.8,-99.8,-99.8,-99.8,-99.8,-99.8,-99.8
2022-09-16 08:00:00,1005.6,27.6,75.0,3.5,2.0,6.6,4.0,0.0,-99.8,-99.8,-99.8,-99.8,-99.8,-99.8,-99.8
2022-09-16 09:00:00,1005.7,28.2,72.0,3.4,14.0,5.8,356.0,0.0,-99.8,-99.8,-99.8,-99.8,-99.8,-99.8,-99.8
2022-09-16 10:00:00,1005.9,28.6,70.0,2.9,17.0,4.7,14.0,0.0,-99.8,-99.8,-99.8,-99.8,-99.8,-99.8,-99.8
2022-09-16 11:00:00,1005.4,28.7,69.0,3.1,15.0,5.2,10.0,0.0,-99.8,-99.8,-99.8,-99.8,-99.8,-99.8,-99.8
2022-09-16 12:00:00,1004.8,28.7,69.0,3.4,18.0,5.7,16.0,0.0,-99.8,-99.8,-99.8,-99.8,-99.8,-99.8,-99.8
2022-09-16 13:00:00,1004.3,29.2,68.0,3.6,23.0,5.8,28.0,0.0,-99.8,-99.8,-99.8,-99.8,-99.8,-99.8,-99.8
2022-09-16 14:00:00,1004.0,29.9,67.0,2.4,53.0,5.3,56.0,0.0,-99.8,-99.8,-99.8,-99.8,-99.8,-99.8,-99.8
2022-09-16 15:00:00,1003.4,29.9,70.0,1.6,90.0,7.5,53.0,0.0,-99.8,-99.8,-99.8,-99.8,-99.8,-99.8,-99.8
2022-09-16 16:00:00,1003.4,29.3,72.0,1.5,77.0,5.6,38.0,0.0,-99.8,-99.8,-99.8,-99.8,-99.8,-99.8,-99.8
2022-09-16 17:00:00,1003.7,28.2,77.0,1.7,68.0,5.6,92.0,0.0,-99.8,-99.8,-99.8,-99.8,-99.8,-99.8,-99.8
2022-09-16 18:00:00,1003.9,27.7,80.0,1.1,39.0,5.0,97.0,0.0,-99.8,-99.8,-99.8,-99.8,-99.8,-99.8,-99.8
2022-09-16 19:00:00,1004.5,27.5,80.0,1.8,55.0,4.0,63.0,0.0,-99.8,-99.8,-99.8,-99.8,-99.8,-99.8,-99.8
2022-09-16 20:00:00,1005.2,27.3,81.0,1.9,29.0,4.2,24.0,0.0,-99.8,-99.8,-99.8,-99.8,-99.8,-99.8,-99.8
2022-09-16 21:00:00,1005.7,27.1,80.0,1.4,58.0,4.2,27.0,0.0,-99.8,-99.8,-99.8,-99.8,-99.8,-99.8,-99.8
2022-09-16 22:00:00,1005.8,27.0,83.0,1.7,33.0,4.1,71.0,0.0,-99.8,-99.8,-99.8,-99.8,-99.8,-99.8,-99.8
2022-09-16 23:00:00,1005.4,26.8,82.0,2.8,30.0,4.8,34.0,0.0,-99.8,-99.8,-99.8,-99.8,-99.8,-99.8,-99.8
2022-09-17 00:00:00,1005.5,26.7,83.0,2.9,29.0,4.3,26.0,0.0,-99.8,-99.8,-99.8,-99.8,-99.8,-99.8,-99.8
2022-09-17 01:00:00,1005.2,26.6,83.0,3.2,22.0,4.8,16.0,0.0,-99.8,-99.8,-99.8,-99.8,-99.8,-99.8,-99.8
2022-09-17 02:00:00,1005.0,26.6,83.0,2.9,18.0,4.8,20.0,0.0,-99.8,-99.8,-99.8,-99.8,-99.8,-99.8,-99.8
2022-09-17 03:00:00,1005.0,26.5,83.0,3.8,22.0,5.5,31.0,0.0,-99.8,-99.8,-99.8,-99.8,-99.8,-99.8,-99.8
2022-09-17 04:00:00,1005.2,26.6,83.0,3.7,24.0,5.3,36.0,0.0,-99.8,-99.8,-99.8,-99.8,-99.8,-99.8,-99.8
2022-09-17 05:00:00,1005.9,26.4,80.0,3.0,32.0,5.7,15.0,0.0,-99.8,-99.8,-99.8,-99.8,-99.8,-99.8,-99.8
2022-09-17 06:00:00,1006.2,26.4,81.0,2.1,33.0,4.4,34.0,0.0,-99.8,-99.8,-99.8,-99.8,-99.8,-99.8,-99.8
2022-09-17 07:00:00,1006.7,26.7,82.0,1.9,36.0,3.7,32.0,0.0,-99.8,-99.8,-99.8,-99.8,-99.8,-99.8,-99.8
2022-09-17 08:00:00,1006.8,27.1,80.0,2.6,22.0,4.3,26.0,0.0,-99.8,-99.8,-99.8,-99.8,-99.8,-99.8,-99.8
2022-09-17 09:00:00,1006.9,27.5,79.0,2.8,8.0,4.1,20.0,0.0,-99.8,-99.8,-99.8,-99.8,-99.8,-99.8,-99.8
2022-09-17 10:00:00,1006.7,28.2,76.0,2.0,7.0,3.8,11.0,0.0,-99.8,-99.8,-99.8,-99.8,-99.8,-99.8,-99.8
2022-09-17 11:00:00,1005.9,28.5,75.0,1.8,15.0,4.0,357.0,0.0,-99.8,-99.8,-99.8,-99.8,-99.8,-99.8,-99.8
2022-09-17 12:00:00,1005.2,29.3,72.0,1.4,14.0,5.2,17.0,0.0,-99.8,-99.8,-99.8,-99.8,-99.8,-99.8,-99.8
2022-09-17 13:00:00,1004.2,29.8,68.0,1.4,104.0,4.8,148.0,0.0,-99.8,-99.8,-99.8,-99.8,-99.8,-99.8,-99.8
2022-09-17 14:00:00,1003.3,29.7,65.0,1.7,109.0,4.8,81.0,0.0,-99.8,-99.8,-99.8,-99.8,-99.8,-99.8,-99.8
2022-09-17 15:00:00,1003.1,29.0,69.0,3.6,175.0,6.8,183.0,0.0,-99.8,-99.8,-99.8,-99.8,-99.8,-99.8,-99.8
2022-09-17 16:00:00,1003.0,29.0,68.0,1.3,126.0,6.1,165.0,0.0,-99.8,-99.8,-99.8,-99.8,-99.8,-99.8,-99.8
2022-09-17 17:00:00,1003.3,28.3,72.0,3.2,170.0,6.2,168.0,0.0,-99.8,-99.8,-99.8,-99.8,-99.8,-99.8,-99.8
2022-09-17 18:00:00,1003.3,28.1,74.0,3.5,160.0,8.4,169.0,0.0,-99.8,-99.8,-99.8,-99.8,-99.8,-99.8,-99.8
2022-09-17 19:00:00,1003.8,28.0,73.0,1.5,131.0,6.5,114.0,0.0,-99.8,-99.8,-99.8,-99.8,-99.8,-99.8,-99.8
2022-09-17 20:00:00,1004.7,28.0,76.0,1.1,137.0,5.2,130.0,0.0,-99.8,-99.8,-99.8,-99.8,-99.8,-99.8,-99.8
2022-09-17 21:00:00,1005.1,27.9,77.0,1.2,146.0,3.3,74.0,0.0,-99.8,-99.8,-99.8,-99.8,-99.8,-99.8,-99.8
2022-09-17 22:00:00,1005.2,27.8,76.0,1.3,148.0,3.6,128.0,0.0,-99.8,-99.8,-99.8,-99.8,-99.8,-99.8,-99.8
2022-09-17 23:00:00,1005.1,27.5,78.0,0.6,64.0,2.9,166.0,0.0,-99.8,-99.8,-99.8,-99.8,-99.8,-99.8,-99.8
2022-09-18 00:00:00,1004.9,27.4,77.0,0.7,76.0,3.6,95.0,0.0,-99.8,-99.8,-99.8,-99.8,-99.8,-99.8,-99.8
2022-09-18 01:00:00,1004.6,27.3,77.0,0.7,56.0,2.5,126.0,0.0,-99.8,-99.8,-99.8,-99.8,-99.8,-99.8,-99.8
2022-09-18 02:00:00,1004.5,26.2,82.0,0.7,247.0,1.7,27.0,0.0,-99.8,-99.8,-99.8,-99.8,-99.8,-99.8,-99.8
2022-09-18 03:00:00,1004.1,26.0,85.0,0.7,245.0,3.7,99.0,0.0,-99.8,-99.8,-99.8,-99.8,-99.8,-99.8,-99.8
2022-09-18 04:00:00,1004.0,26.0,86.0,1.2,229.0,2.8,158.0,0.0,-99.8,-99.8,-99.8,-99.8,-99.8,-99.8,-99.8
2022-09-18 05:00:00,1004.3,25.7,87.0,1.2,225.0,3.6,111.0,0.0,-99.8,-99.8,-99.8,-99.8,-99.8,-99.8,-99.8
2022-09-18 06:00:00,1004.8,25.1,86.0,1.0,190.0,3.5,114.0,0.0,-99.8,-99.8,-99.8,-99.8,-99.8,-99.8,-99.8
2022-09-18 07:00:00,1005.1,26.6,83.0,1.2,256.0,3.0,320.0,0.0,-99.8,-99.8,-99.8,-99.8,-99.8,-99.8,-99.8
2022-09-18 08:00:00,1005.4,28.2,71.0,1.6,238.0,3.4,228.0,0.0,-99.8,-99.8,-99.8,-99.8,-99.8,-99.8,-99.8
2022-09-18 09:00:00,1005.5,29.0,72.0,1.6,341.0,4.4,219.0,0.0,-99.8,-99.8,-99.8,-99.8,-99.8,-99.8,-99.8
2022-09-18 10:00:00,1005.4,29.0,72.0,1.9,281.0,5.0,226.0,0.0,-99.8,-99.8,-99.8,-99.8,-99.8,-99.8,-99.8
2022-09-18 11:00:00,1004.8,30.0,66.0,2.5,201.0,5.8,214.0,0.0,-99.8,-99.8,-99.8,-99.8,-99.8,-99.8,-99.8
2022-09-18 12:00:00,1004.2,29.2,70.0,2.7,160.0,5.8,172.0,0.0,-99.8,-99.8,-99.8,-99.8,-99.8,-99.8,-99.8
2022-09-18 13:00:00,1003.1,29.5,72.0,3.5,174.0,5.9,174.0,0.0,-99.8,-99.8,-99.8,-99.8,-99.8,-99.8,-99.8
2022-09-18 14:00:00,1002.3,29.5,68.0,4.3,169.0,8.0,167.0,0.0,-99.8,-99.8,-99.8,-99.8,-99.8,-99.8,-99.8
2022-09-18 15:00:00,1001.9,29.5,70.0,4.2,168.0,7.5,177.0,0.0,-99.8,-99.8,-99.8,-99.8,-99.8,-99.8,-99.8
2022-09-18 16:00:00,1001.9,29.4,70.0,4.8,183.0,8.2,192.0,0.0,-99.8,-99.8,-99.8,-99.8,-99.8,-99.8,-99.8
2022-09-18 17:00:00,1002.2,29.0,72.0,4.6,185.0,8.6,193.0,0.0,-99.8,-99.8,-99.8,-99.8,-99.8,-99.8,-99.8
2022-09-18 18:00:00,1002.7,28.5,76.0,3.4,184.0,7.4,182.0,0.0,-99.8,-99.8,-99.8,-99.8,-99.8,-99.8,-99.8
2022-09-18 19:00:00,1003.4,28.4,76.0,3.5,195.0,6.1,202.0,0.0,-99.8,-99.8,-99.8,-99.8,-99.8,-99.8,-99.8
2022-09-18 20:00:00,1004.3,28.4,79.0,2.9,193.0,5.8,196.0,0.0,-99.8,-99.8,-99.8,-99.8,-99.8,-99.8,-99.8
2022-09-18 21:00:00,1004.8,28.2,80.0,3.5,191.0,5.4,183.0,0.0,-99.8,-99.8,-99.8,-99.8,-99.8,-99.8,-99.8
2022-09-18 22:00:00,1005.1,28.0,81.0,2.0,193.0,4.9,182.0,0.0,-99.8,-99.8,-99.8,-99.8,-99.8,-99.8,-99.8
2022-09-18 23:00:00,1005.2,27.9,83.0,2.5,187.0,4.3,198.0,0.0,-99.8,-99.8,-99.8,-99.8,-99.8,-99.8,-99.8
2022-09-19 00:00:00,1005.0,27.4,83.0,1.8,193.0,4.3,203.0,0.0,-99.8,-99.8,-99.8,-99.8,-99.8,-99.8,-99.8
2022-09-19 01:00:00,1004.9,27.4,84.0,1.8,196.0,5.0,200.0,0.0,-99.8,-99.8,-99.8,-99.8,-99.8,-99.8,-99.8
2022-09-19 02:00:00,1004.7,27.3,85.0,1.7,200.0,3.5,189.0,0.0,-99.8,-99.8,-99.8,-99.8,-99.8,-99.8,-99.8
2022-09-19 03:00:00,1004.4,27.1,88.0,1.5,200.0,2.8,175.0,0.0,-99.8,-99.8,-99.8,-99.8,-99.8,-99.8,-99.8
2022-09-19 04:00:00,1004.4,27.0,89.0,1.6,208.0,3.2,209.0,0.0,-99.8,-99.8,-99.8,-99.8,-99.8,-99.8,-99.8
2022-09-19 05:00:00,1004.9,26.6,89.0,1.0,212.0,2.3,179.0,0.0,-99.8,-99.8,-99.8,-99.8,-99.8,-99.8,-99.8
2022-09-19 06:00:00,1005.3,26.4,91.0,1.2,218.0,1.7,142.0,0.0,-99.8,-99.8,-99.8,-99.8,-99.8,-99.8,-99.8
2022-09-19 07:00:00,1005.9,27.1,90.0,0.4,193.0,1.7,224.0,0.0,-99.8,-99.8,-99.8,-99.8,-99.8,-99.8,-99.8
2022-09-19 08:00:00,1006.3,28.1,84.0,1.1,15.0,2.2,5.0,0.0,-99.8,-99.8,-99.8,-99.8,-99.8,-99.8,-99.8
2022-09-19 09:00:00,1006.9,28.7,83.0,2.0,8.0,3.5,360.0,0.0,-99.8,-99.8,-99.8,-99.8,-99.8,-99.8,-99.8
2022-09-19 10:00:00,1007.0,29.2,78.0,3.9,18.0,6.0,24.0,0.0,-99.8,-99.8,-99.8,-99.8,-99.8,-99.8,-99.8
2022-09-19 11:00:00,1006.9,29.6,73.0,4.1,20.0,6.0,14.0,0.0,-99.8,-99.8,-99.8,-99.8,-99.8,-99.8,-99.8
2022-09-19 12:00:00,1006.3,29.9,72.0,4.2,26.0,7.5,25.0,0.0,-99.8,-99.8,-99.8,-99.8,-99.8,-99.8,-99.8
2022-09-19 13:00:00,1005.6,30.2,66.0,2.4,58.0,5.5,71.0,0.0,-99.8,-99.8,-99.8,-99.8,-99.8,-99.8,-99.8
2022-09-19 14:00:00,1005.3,30.1,70.0,1.9,94.0,5.2,54.0,0.0,-99.8,-99.8,-99.8,-99.8,-99.8,-99.8,-99.8
2022-09-19 15:00:00,1004.8,30.2,67.0,2.1,96.0,6.0,99.0,0.0,-99.8,-99.8,-99.8,-99.8,-99.8,-99.8,-99.8
2022-09-19 16:00:00,1004.9,29.6,57.0,1.9,94.0,6.2,62.0,0.0,-99.8,-99.8,-99.8,-99.8,-99.8,-99.8,-99.8
2022-09-19 17:00:00,1005.2,29.3,62.0,1.7,88.0,6.7,57.0,0.0,-99.8,-99.8,-99.8,-99.8,-99.8,-99.8,-99.8
2022-09-19 18:00:00,1005.6,28.1,68.0,1.9,51.0,5.4,87.0,0.0,-99.8,-99.8,-99.8,-99.8,-99.8,-99.8,-99.8
2022-09-19 19:00:00,1006.5,27.8,71.0,1.7,56.0,4.3,52.0,0.0,-99.8,-99.8,-99.8,-99.8,-99.8,-99.8,-99.8
2022-09-19 20:00:00,1007.2,27.5,75.0,1.3,59.0,4.2,47.0,0.0,-99.8,-99.8,-99.8,-99.8,-99.8,-99.8,-99.8
2022-09-19 21:00:00,-99.8,-99.8,-99.8,-99.8,-99.8,3.5,50.0,-999.6,-99.8,-99.8,-99.8,-99.8,-99.8,-99.8,-99.8
2022-09-19 22:00:00,1008.2,27.0,80.0,1.3,42.0,3.4,27.0,0.0,-99.8,-99.8,-99.8,-99.8,-99.8,-99.8,-99.8
2022-09-19 23:00:00,1008.5,27.1,80.0,3.3,37.0,6.3,29.0,0.0,-99.8,-99.8,-99.8,-99.8,-99.8,-99.8,-99.8
2022-09-20 00:00:00,1008.6,27.3,67.0,2.3,62.0,6.6,24.0,0.0,-99.8,-99.8,-99.8,-99.8,-99.8,-99.8,-99.8
2022-09-20 01:00:00,1008.4,26.9,71.0,2.2,54.0,6.8,77.0,0.0,-99.8,-99.8,-99.8,-99.8,-99.8,-99.8,-99.8
2022-09-20 02:00:00,1008.3,26.7,72.0,2.7,52.0,6.1,43.0,0.0,-99.8,-99.8,-99.8,-99.8,-99.8,-99.8,-99.8
2022-09-20 03:00:00,1008.1,26.5,72.0,2.0,57.0,7.2,23.0,0.0,-99.8,-99.8,-99.8,-99.8,-99.8,-99.8,-99.8
2022-09-20 04:00:00,1008.4,26.5,69.0,2.1,50.0,5.9,53.0,0.0,-99.8,-99.8,-99.8,-99.8,-99.8,-99.8,-99.8
2022-09-20 05:00:00,1008.7,26.6,68.0,2.3,44.0,6.9,33.0,0.0,-99.8,-99.8,-99.8,-99.8,-99.8,-99.8,-99.8
2022-09-20 06:00:00,1008.7,26.6,69.0,4.7,27.0,7.5,28.0,0.0,-99.8,-99.8,-99.8,-99.8,-99.8,-99.8,-99.8
2022-09-20 07:00:00,1009.4,26.7,68.0,5.1,29.0,8.7,20.0,0.0,-99.8,-99.8,-99.8,-99.8,-99.8,-99.8,-99.8
2022-09-20 08:00:00,1010.1,26.9,64.0,3.7,37.0,9.5,23.0,0.0,-99.8,-99.8,-99.8,-99.8,-99.8,-99.8,-99.8
2022-09-20 09:00:00,1010.4,27.2,59.0,5.3,32.0,11.6,32.0,0.0,-99.8,-99.8,-99.8,-99.8,-99.8,-99.8,-99.8
2022-09-20 10:00:00,1010.8,27.2,57.0,6.3,31.0,12.4,32.0,0.0,-99.8,-99.8,-99.8,-99.8,-99.8,-99.8,-99.8
2022-09-20 11:00:00,1010.9,27.1,58.0,5.7,34.0,13.4,31.0,0.0,-99.8,-99.8,-99.8,-99.8,-99.8,-99.8,-99.8
2022-09-20 12:00:00,1010.5,26.7,57.0,6.6,31.0,13.3,25.0,0.0,-99.8,-99.8,-99.8,-99.8,-99.8,-99.8,-99.8
2022-09-20 13:00:00,1010.1,26.7,57.0,6.2,31.0,12.8,16.0,0.0,-99.8,-99.8,-99.8,-99.8,-99.8,-99.8,-99.8
2022-09-20 14:00:00,1009.5,26.7,55.0,5.2,29.0,11.1,20.0,0.0,-99.8,-99.8,-99.8,-99.8,-99.8,-99.8,-99.8
2022-09-20 15:00:00,1009.6,26.7,61.0,2.9,46.0,9.3,32.0,0.0,-99.8,-99.8,-99.8,-99.8,-99.8,-99.8,-99.8
2022-09-20 16:00:00,1009.8,26.1,64.0,2.9,61.0,8.3,76.0,0.0,-99.8,-99.8,-99.8,-99.8,-99.8,-99.8,-99.8
2022-09-20 17:00:00,1009.9,25.9,64.0,2.6,55.0,8.3,61.0,0.0,-99.8,-99.8,-99.8,-99.8,-99.8,-99.8,-99.8
2022-09-20 18:00:00,1010.1,25.3,66.0,3.1,54.0,8.3,64.0,0.0,-99.8,-99.8,-99.8,-99.8,-99.8,-99.8,-99.8
2022-09-20 19:00:00,1011.0,25.4,65.0,3.9,38.0,9.3,49.0,0.0,-99.8,-99.8,-99.8,-99.8,-99.8,-99.8,-99.8
2022-09-20 20:00:00,1011.6,25.6,67.0,4.0,33.0,10.2,27.0,0.0,-99.8,-99.8,-99.8,-99.8,-99.8,-99.8,-99.8
2022-09-20 21:00:00,1012.1,25.6,63.0,6.0,33.0,12.9,27.0,0.0,-99.8,-99.8,-99.8,-99.8,-99.8,-99.8,-99.8
2022-09-20 22:00:00,1012.4,25.6,67.0,5.6,31.0,11.0,30.0,0.0,-99.8,-99.8,-99.8,-99.8,-99.8,-99.8,-99.8
2022-09-20 23:00:00,1012.3,25.6,68.0,6.1,30.0,12.8,26.0,0.0,-99.8,-99.8,-99.8,-99.8,-99.8,-99.8,-99.8
2022-09-21 00:00:00,1012.2,25.5,64.0,5.6,33.0,12.4,37.0,0.0,-99.8,-99.8,-99.8,-99.8,-99.8,-99.8,-99.8
2022-09-21 01:00:00,1012.0,25.5,66.0,5.5,31.0,10.4,32.0,0.0,-99.8,-99.8,-99.8,-99.8,-99.8,-99.8,-99.8
2022-09-21 02:00:00,1011.7,25.2,68.0,4.8,32.0,11.4,9.0,0.0,-99.8,-99.8,-99.8,-99.8,-99.8,-99.8,-99.8
2022-09-21 03:00:00,1011.3,25.2,67.0,5.4,35.0,10.9,23.0,0.0,-99.8,-99.8,-99.8,-99.8,-99.8,-99.8,-99.8
2022-09-21 04:00:00,1011.2,25.1,64.0,6.3,31.0,12.1,25.0,0.0,-99.8,-99.8,-99.8,-99.8,-99.8,-99.8,-99.8
2022-09-21 05:00:00,1011.6,25.0,61.0,6.3,33.0,12.5,22.0,0.0,-99.8,-99.8,-99.8,-99.8,-99.8,-99.8,-99.8
2022-09-21 06:00:00,1011.7,24.8,64.0,7.1,33.0,13.6,40.0,0.0,-99.8,-99.8,-99.8,-99.8,-99.8,-99.8,-99.8
2022-09-21 07:00:00,1012.2,25.4,54.0,8.4,33.0,15.2,28.0,0.0,-99.8,-99.8,-99.8,-99.8,-99.8,-99.8,-99.8
2022-09-21 08:00:00,1012.8,25.5,64.0,8.0,28.0,14.1,40.0,0.0,-99.8,-99.8,-99.8,-99.8,-99.8,-99.8,-99.8
2022-09-21 09:00:00,1013.0,25.7,66.0,7.4,29.0,14.0,28.0,0.0,-99.8,-99.8,-99.8,-99.8,-99.8,-99.8,-99.8
2022-09-21 10:00:00,1013.1,25.6,65.0,7.7,26.0,11.7,23.0,0.0,-99.8,-99.8,-99.8,-99.8,-99.8,-99.8,-99.8
2022-09-21 11:00:00,1013.0,25.8,65.0,7.4,27.0,12.1,20.0,0.0,-99.8,-99.8,-99.8,-99.8,-99.8,-99.8,-99.8
2022-09-21 12:00:00,1012.3,26.0,67.0,7.8,25.0,12.2,8.0,0.0,-99.8,-99.8,-99.8,-99.8,-99.8,-99.8,-99.8
2022-09-21 13:00:00,1011.7,26.6,67.0,7.7,25.0,13.3,20.0,0.0,-99.8,-99.8,-99.8,-99.8,-99.8,-99.8,-99.8
2022-09-21 14:00:00,1011.1,26.4,68.0,7.6,27.0,12.1,25.0,0.0,-99.8,-99.8,-99.8,-99.8,-99.8,-99.8,-99.8
2022-09-21 15:00:00,1010.9,26.3,70.0,7.7,27.0,12.1,31.0,0.0,-99.8,-99.8,-99.8,-99.8,-99.8,-99.8,-99.8
2022-09-21 16:00:00,1010.8,26.1,70.0,5.8,33.0,12.3,28.0,0.0,-99.8,-99.8,-99.8,-99.8,-99.8,-99.8,-99.8
2022-09-21 17:00:00,1010.8,26.0,74.0,4.2,32.0,11.7,21.0,0.0,-99.8,-99.8,-99.8,-99.8,-99.8,-99.8,-99.8
2022-09-21 18:00:00,1011.1,25.5,75.0,5.1,33.0,11.0,30.0,0.0,-99.8,-99.8,-99.8,-99.8,-99.8,-99.8,-99.8
2022-09-21 19:00:00,1011.7,25.5,77.0,5.0,31.0,11.5,25.0,0.0,-99.8,-99.8,-99.8,-99.8,-99.8,-99.8,-99.8
2022-09-21 20:00:00,1012.4,25.6,77.0,4.0,38.0,9.4,22.0,0.0,-99.8,-99.8,-99.8,-99.8,-99.8,-99.8,-99.8
2022-09-21 21:00:00,1013.0,25.5,75.0,4.0,35.0,10.3,32.0,0.0,-99.8,-99.8,-99.8,-99.8,-99.8,-99.8,-99.8
2022-09-21 22:00:00,1013.1,25.5,74.0,5.5,32.0,9.6,30.0,0.0,-99.8,-99.8,-99.8,-99.8,-99.8,-99.8,-99.8
2022-09-21 23:00:00,1012.6,25.8,74.0,3.9,35.0,8.7,39.0,0.0,-99.8,-99.8,-99.8,-99.8,-99.8,-99.8,-99.8
2022-09-22 00:00:00,1012.4,25.8,71.0,4.0,36.0,10.3,48.0,0.0,-99.8,-99.8,-99.8,-99.8,-99.8,-99.8,-99.8
2022-09-22 01:00:00,1011.9,25.8,71.0,2.3,45.0,8.5,52.0,0.0,-99.8,-99.8,-99.8,-99.8,-99.8,-99.8,-99.8
2022-09-22 02:00:00,1011.5,25.6,70.0,2.2,49.0,7.1,56.0,0.0,-99.8,-99.8,-99.8,-99.8,-99.8,-99.8,-99.8
2022-09-22 03:00:00,1011.2,25.6,68.0,2.9,60.0,6.5,51.0,0.0,-99.8,-99.8,-99.8,-99.8,-99.8,-99.8,-99.8
2022-09-22 04:00:00,1011.1,25.4,70.0,2.8,36.0,6.6,74.0,0.0,-99.8,-99.8,-99.8,-99.8,-99.8,-99.8,-99.8
2022-09-22 05:00:00,1011.3,25.4,71.0,1.9,37.0,6.6,46.0,0.0,-99.8,-99.8,-99.8,-99.8,-99.8,-99.8,-99.8
2022-09-22 06:00:00,1011.7,25.4,69.0,2.5,38.0,6.2,49.0,0.0,-99.8,-99.8,-99.8,-99.8,-99.8,-99.8,-99.8
2022-09-22 07:00:00,1012.0,26.0,67.0,2.3,42.0,6.7,27.0,0.0,-99.8,-99.8,-99.8,-99.8,-99.8,-99.8,-99.8
2022-09-22 08:00:00,1012.2,26.5,67.0,2.5,36.0,6.1,33.0,0.0,-99.8,-99.8,-99.8,-99.8,-99.8,-99.8,-99.8
2022-09-22 09:00:00,1012.5,26.8,65.0,3.4,31.0,8.3,30.0,0.0,-99.8,-99.8,-99.8,-99.8,-99.8,-99.8,-99.8
2022-09-22 10:00:00,1012.3,27.2,65.0,4.2,24.0,7.7,26.0,0.0,-99.8,-99.8,-99.8,-99.8,-99.8,-99.8,-99.8
2022-09-22 11:00:00,1011.9,27.1,64.0,4.7,23.0,8.9,28.0,0.0,-99.8,-99.8,-99.8,-99.8,-99.8,-99.8,-99.8
2022-09-22 12:00:00,1011.2,27.8,63.0,3.4,29.0,9.0,18.0,0.0,-99.8,-99.8,-99.8,-99.8,-99.8,-99.8,-99.8
2022-09-22 13:00:00,1010.4,28.2,61.0,2.0,52.0,7.3,24.0,0.0,-99.8,-99.8,-99.8,-99.8,-99.8,-99.8,-99.8
2022-09-22 14:00:00,1009.7,27.9,60.0,2.5,44.0,6.1,23.0,0.0,-99.8,-99.8,-99.8,-99.8,-99.8,-99.8,-99.8
2022-09-22 15:00:00,1009.3,27.8,61.0,2.0,67.0,6.2,70.0,0.0,-99.8,-99.8,-99.8,-99.8,-99.8,-99.8,-99.8
2022-09-22 16:00:00,1009.5,27.4,61.0,2.1,45.0,5.4,44.0,0.0,-99.8,-99.8,-99.8,-99.8,-99.8,-99.8,-99.8
2022-09-22 17:00:00,1009.6,26.7,66.0,2.0,56.0,5.0,81.0,0.0,-99.8,-99.8,-99.8,-99.8,-99.8,-99.8,-99.8
2022-09-22 18:00:00,1009.9,25.8,69.0,2.0,60.0,4.6,42.0,0.0,-99.8,-99.8,-99.8,-99.8,-99.8,-99.8,-99.8
2022-09-22 19:00:00,1010.5,25.7,70.0,1.7,46.0,4.5,53.0,0.0,-99.8,-99.8,-99.8,-99.8,-99.8,-99.8,-99.8
2022-09-22 20:00:00,1011.1,25.7,70.0,2.6,29.0,5.1,39.0,0.0,-99.8,-99.8,-99.8,-99.8,-99.8,-99.8,-99.8
2022-09-22 21:00:00,1011.5,25.8,72.0,2.0,34.0,5.0,32.0,0.0,-99.8,-99.8,-99.8,-99.8,-99.8,-99.8,-99.8
2022-09-22 22:00:00,1011.5,25.7,73.0,1.9,45.0,5.5,15.0,0.0,-99.8,-99.8,-99.8,-99.8,-99.8,-99.8,-99.8
2022-09-22 23:00:00,1011.3,25.7,73.0,2.4,32.0,5.7,37.0,0.0,-99.8,-99.8,-99.8,-99.8,-99.8,-99.8,-99.8
2022-09-23 00:00:00,1010.9,25.6,73.0,2.2,33.0,5.4,21.0,0.0,-99.8,-99.8,-99.8,-99.8,-99.8,-99.8,-99.8
2022-09-23 01:00:00,1010.8,25.5,74.0,4.9,27.0,7.2,36.0,0.0,-99.8,-99.8,-99.8,-99.8,-99.8,-99.8,-99.8
2022-09-23 02:00:00,1010.2,25.2,72.0,3.9,31.0,7.1,15.0,0.0,-99.8,-99.8,-99.8,-99.8,-99.8,-99.8,-99.8
2022-09-23 03:00:00,1010.2,25.3,74.0,4.2,29.0,6.6,30.0,0.0,-99.8,-99.8,-99.8,-99.8,-99.8,-99.8,-99.8
2022-09-23 04:00:00,1010.5,25.2,75.0,3.8,33.0,8.7,25.0,0.0,-99.8,-99.8,-99.8,-99.8,-99.8,-99.8,-99.8
2022-09-23 05:00:00,1010.8,25.5,76.0,4.7,30.0,8.5,26.0,0.0,-99.8,-99.8,-99.8,-99.8,-99.8,-99.8,-99.8
2022-09-23 06:00:00,1011.3,25.5,76.0,3.3,35.0,8.8,21.0,0.0,-99.8,-99.8,-99.8,-99.8,-99.8,-99.8,-99.8
2022-09-23 07:00:00,1011.8,25.6,74.0,3.4,33.0,7.4,32.0,0.0,-99.8,-99.8,-99.8,-99.8,-99.8,-99.8,-99.8
2022-09-23 08:00:00,1012.0,25.9,74.0,4.0,33.0,8.2,15.0,0.0,-99.8,-99.8,-99.8,-99.8,-99.8,-99.8,-99.8
2022-09-23 09:00:00,1012.3,26.4,72.0,4.6,29.0,8.8,9.0,0.0,-99.8,-99.8,-99.8,-99.8,-99.8,-99.8,-99.8
2022-09-23 10:00:00,1012.4,26.3,75.0,5.5,30.0,9.9,26.0,0.0,-99.8,-99.8,-99.8,-99.8,-99.8,-99.8,-99.8
2022-09-23 11:00:00,1012.4,26.4,74.0,5.1,31.0,11.6,30.0,0.0,-99.8,-99.8,-99.8,-99.8,-99.8,-99.8,-99.8
2022-09-23 12:00:00,1011.9,26.6,73.0,6.1,30.0,10.9,30.0,0.0,-99.8,-99.8,-99.8,-99.8,-99.8,-99.8,-99.8
2022-09-23 13:00:00,1011.3,27.0,69.0,6.3,30.0,11.2,28.0,0.0,-99.8,-99.8,-99.8,-99.8,-99.8,-99.8,-99.8
2022-09-23 14:00:00,1010.8,26.9,67.0,7.1,31.0,13.0,21.0,0.0,-99.8,-99.8,-99.8,-99.8,-99.8,-99.8,-99.8
2022-09-23 15:00:00,1010.7,27.1,65.0,5.2,31.0,13.2,28.0,0.0,-99.8,-99.8,-99.8,-99.8,-99.8,-99.8,-99.8
2022-09-23 16:00:00,1011.2,26.6,63.0,4.3,38.0,11.7,24.0,0.0,-99.8,-99.8,-99.8,-99.8,-99.8,-99.8,-99.8
2022-09-23 17:00:00,1011.7,26.4,67.0,5.1,34.0,12.9,39.0,0.0,-99.8,-99.8,-99.8,-99.8,-99.8,-99.8,-99.8
2022-09-23 18:00:00,1012.0,26.2,68.0,4.4,37.0,9.8,53.0,0.0,-99.8,-99.8,-99.8,-99.8,-99.8,-99.8,-99.8
2022-09-23 19:00:00,1012.5,26.3,69.0,4.3,37.0,12.1,26.0,0.0,-99.8,-99.8,-99.8,-99.8,-99.8,-99.8,-99.8
2022-09-23 20:00:00,1013.1,26.2,71.0,5.8,34.0,11.9,31.0,0.0,-99.8,-99.8,-99.8,-99.8,-99.8,-99.8,-99.8
2022-09-23 21:00:00,1013.7,26.2,72.0,7.8,32.0,15.5,25.0,0.0,-99.8,-99.8,-99.8,-99.8,-99.8,-99.8,-99.8
2022-09-23 22:00:00,1013.6,26.1,68.0,8.2,31.0,15.0,15.0,0.0,-99.8,-99.8,-99.8,-99.8,-99.8,-99.8,-99.8
2022-09-23 23:00:00,1013.4,26.0,68.0,8.3,33.0,16.3,23.0,0.0,-99.8,-99.8,-99.8,-99.8,-99.8,-99.8,-99.8
2022-09-24 00:00:00,1013.3,25.9,64.0,8.5,31.0,15.6,36.0,0.0,-99.8,-99.8,-99.8,-99.8,-99.8,-99.8,-99.8
2022-09-24 01:00:00,1013.2,25.6,66.0,8.1,35.0,18.8,20.0,0.0,-99.8,-99.8,-99.8,-99.8,-99.8,-99.8,-99.8
2022-09-24 02:00:00,1012.8,25.6,67.0,9.6,32.0,17.7,30.0,0.0,-99.8,-99.8,-99.8,-99.8,-99.8,-99.8,-99.8
2022-09-24 03:00:00,1012.2,25.5,63.0,9.2,31.0,16.7,26.0,0.0,-99.8,-99.8,-99.8,-99.8,-99.8,-99.8,-99.8
2022-09-24 04:00:00,1011.9,25.4,68.0,9.4,30.0,16.8,26.0,0.0,-99.8,-99.8,-99.8,-99.8,-99.8,-99.8,-99.8
2022-09-24 05:00:00,1012.3,25.2,69.0,10.0,28.0,16.8,22.0,0.0,-99.8,-99.8,-99.8,-99.8,-99.8,-99.8,-99.8
2022-09-24 06:00:00,1012.8,25.2,71.0,9.4,31.0,16.0,19.0,0.0,-99.8,-99.8,-99.8,-99.8,-99.8,-99.8,-99.8
2022-09-24 07:00:00,1013.5,25.2,68.0,9.1,30.0,15.9,27.0,0.0,-99.8,-99.8,-99.8,-99.8,-99.8,-99.8,-99.8
2022-09-24 08:00:00,1014.0,25.4,69.0,9.7,31.0,16.6,31.0,0.0,-99.8,-99.8,-99.8,-99.8,-99.8,-99.8,-99.8
2022-09-24 09:00:00,1014.4,25.5,64.0,10.2,31.0,17.8,18.0,0.0,-99.8,-99.8,-99.8,-99.8,-99.8,-99.8,-99.8
2022-09-24 10:00:00,1014.4,25.4,65.0,10.3,28.0,16.4,25.0,0.0,-99.8,-99.8,-99.8,-99.8,-99.8,-99.8,-99.8
2022-09-24 11:00:00,1014.2,25.3,58.0,9.4,32.0,17.3,19.0,0.0,-99.8,-99.8,-99.8,-99.8,-99.8,-99.8,-99.8
2022-09-24 12:00:00,1013.6,25.0,64.0,9.5,32.0,17.8,40.0,0.0,-99.8,-99.8,-99.8,-99.8,-99.8,-99.8,-99.8
2022-09-24 13:00:00,1012.9,25.0,68.0,8.8,31.0,16.2,27.0,0.0,-99.8,-99.8,-99.8,-99.8,-99.8,-99.8,-99.8
2022-09-24 14:00:00,1012.3,24.8,69.0,10.4,27.0,16.3,31.0,0.0,-99.8,-99.8,-99.8,-99.8,-99.8,-99.8,-99.8
2022-09-24 15:00:00,1011.7,24.7,67.0,9.1,33.0,16.8,24.0,0.0,-99.8,-99.8,-99.8,-99.8,-99.8,-99.8,-99.8
2022-09-24 16:00:00,1011.9,24.6,68.0,9.2,32.0,17.4,33.0,0.0,-99.8,-99.8,-99.8,-99.8,-99.8,-99.8,-99.8
2022-09-24 17:00:00,1011.8,24.6,66.0,8.9,34.0,17.2,43.0,0.0,-99.8,-99.8,-99.8,-99.8,-99.8,-99.8,-99.8
2022-09-24 18:00:00,1011.9,24.5,67.0,7.7,33.0,15.6,23.0,0.0,-99.8,-99.8,-99.8,-99.8,-99.8,-99.8,-99.8
2022-09-24 19:00:00,1012.4,24.5,68.0,7.3,33.0,14.7,41.0,0.0,-99.8,-99.8,-99.8,-99.8,-99.8,-99.8,-99.8
2022-09-24 20:00:00,1012.8,24.7,70.0,8.1,31.0,15.9,26.0,0.0,-99.8,-99.8,-99.8,-99.8,-99.8,-99.8,-99.8
2022-09-24 21:00:00,1013.2,24.7,71.0,8.6,32.0,16.4,33.0,0.0,-99.8,-99.8,-99.8,-99.8,-99.8,-99.8,-99.8
2022-09-24 22:00:00,1013.2,24.7,71.0,8.4,32.0,16.0,33.0,0.0,-99.8,-99.8,-99.8,-99.8,-99.8,-99.8,-99.8
2022-09-24 23:00:00,1013.0,24.8,72.0,8.2,34.0,14.0,31.0,0.0,-99.8,-99.8,-99.8,-99.8,-99.8,-99.8,-99.8
2022-09-25 00:00:00,1012.6,24.7,71.0,7.6,34.0,15.3,31.0,0.0,-99.8,-99.8,-99.8,-99.8,-99.8,-99.8,-99.8
2022-09-25 01:00:00,1012.4,24.6,70.0,8.4,30.0,13.5,28.0,0.0,-99.8,-99.8,-99.8,-99.8,-99.8,-99.8,-99.8
2022-09-25 02:00:00,1011.7,24.5,65.0,10.4,25.0,14.6,29.0,0.0,-99.8,-99.8,-99.8,-99.8,-99.8,-99.8,-99.8
2022-09-25 03:00:00,1011.4,24.4,65.0,8.9,26.0,14.0,23.0,0.0,-99.8,-99.8,-99.8,-99.8,-99.8,-99.8,-99.8
2022-09-25 04:00:00,1011.0,24.3,69.0,8.5,28.0,14.1,30.0,0.0,-99.8,-99.8,-99.8,-99.8,-99.8,-99.8,-99.8
2022-09-25 05:00:00,1011.3,24.2,70.0,8.8,28.0,15.0,30.0,0.0,-99.8,-99.8,-99.8,-99.8,-99.8,-99.8,-99.8
2022-09-25 06:00:00,1011.8,24.4,71.0,8.7,28.0,13.1,25.0,0.0,-99.8,-99.8,-99.8,-99.8,-99.8,-99.8,-99.8
2022-09-25 07:00:00,1012.6,24.6,68.0,9.1,28.0,13.4,28.0,0.0,-99.8,-99.8,-99.8,-99.8,-99.8,-99.8,-99.8
2022-09-25 08:00:00,1013.2,25.2,71.0,8.5,30.0,14.2,29.0,0.0,-99.8,-99.8,-99.8,-99.8,-99.8,-99.8,-99.8
2022-09-25 09:00:00,1013.4,24.5,75.0,9.3,25.0,14.2,29.0,0.0,-99.8,-99.8,-99.8,-99.8,-99.8,-99.8,-99.8
2022-09-25 10:00:00,1013.8,24.8,73.0,9.0,27.0,13.7,26.0,0.0,-99.8,-99.8,-99.8,-99.8,-99.8,-99.8,-99.8
2022-09-25 11:00:00,1013.4,25.4,71.0,8.6,25.0,13.1,27.0,0.0,-99.8,-99.8,-99.8,-99.8,-99.8,-99.8,-99.8
2022-09-25 12:00:00,1012.7,25.7,67.0,7.9,29.0,12.7,23.0,0.0,-99.8,-99.8,-99.8,-99.8,-99.8,-99.8,-99.8
2022-09-25 13:00:00,1012.0,25.7,69.0,7.7,28.0,12.7,22.0,0.0,-99.8,-99.8,-99.8,-99.8,-99.8,-99.8,-99.8
2022-09-25 14:00:00,1011.2,25.6,70.0,8.4,25.0,12.3,26.0,0.0,-99.8,-99.8,-99.8,-99.8,-99.8,-99.8,-99.8
2022-09-25 15:00:00,1010.8,25.3,70.0,7.5,31.0,12.5,29.0,0.0,-99.8,-99.8,-99.8,-99.8,-99.8,-99.8,-99.8
2022-09-25 16:00:00,1010.8,25.2,71.0,6.6,31.0,13.2,28.0,0.0,-99.8,-99.8,-99.8,-99.8,-99.8,-99.8,-99.8
2022-09-25 17:00:00,1010.8,25.3,72.0,6.6,32.0,12.6,34.0,0.0,-99.8,-99.8,-99.8,-99.8,-99.8,-99.8,-99.8
2022-09-25 18:00:00,1011.0,25.1,72.0,7.2,29.0,13.6,20.0,0.0,-99.8,-99.8,-99.8,-99.8,-99.8,-99.8,-99.8
2022-09-25 19:00:00,1011.0,25.1,72.0,6.6,30.0,13.9,28.0,0.0,-99.8,-99.8,-99.8,-99.8,-99.8,-99.8,-99.8
2022-09-25 20:00:00,1011.7,25.3,69.0,7.4,31.0,14.5,24.0,0.0,-99.8,-99.8,-99.8,-99.8,-99.8,-99.8,-99.8
2022-09-25 21:00:00,1012.3,25.7,65.0,7.2,33.0,13.9,33.0,0.0,-99.8,-99.8,-99.8,-99.8,-99.8,-99.8,-99.8
2022-09-25 22:00:00,1012.3,26.0,66.0,7.5,32.0,15.0,24.0,0.0,-99.8,-99.8,-99.8,-99.8,-99.8,-99.8,-99.8
2022-09-25 23:00:00,1011.9,25.8,73.0,9.1,28.0,14.9,28.0,0.0,-99.8,-99.8,-99.8,-99.8,-99.8,-99.8,-99.8
2022-09-26 00:00:00,1011.9,25.7,73.0,9.1,29.0,14.8,25.0,0.0,-99.8,-99.8,-99.8,-99.8,-99.8,-99.8,-99.8
2022-09-26 01:00:00,1011.6,25.6,71.0,9.1,29.0,15.1,24.0,0.0,-99.8,-99.8,-99.8,-99.8,-99.8,-99.8,-99.8
2022-09-26 02:00:00,1010.9,25.4,73.0,10.6,26.0,15.7,22.0,0.0,-99.8,-99.8,-99.8,-99.8,-99.8,-99.8,-99.8
2022-09-26 03:00:00,1010.8,25.3,74.0,10.9,26.0,16.5,29.0,0.0,-99.8,-99.8,-99.8,-99.8,-99.8,-99.8,-99.8
2022-09-26 04:00:00,1010.3,25.2,75.0,10.5,27.0,16.8,25.0,0.0,-99.8,-99.8,-99.8,-99.8,-99.8,-99.8,-99.8
2022-09-26 05:00:00,1010.9,25.1,76.0,9.7,28.0,15.9,21.0,0.0,-99.8,-99.8,-99.8,-99.8,-99.8,-99.8,-99.8
2022-09-26 06:00:00,1010.9,25.2,78.0,11.0,24.0,16.6,39.0,0.0,-99.8,-99.8,-99.8,-99.8,-99.8,-99.8,-99.8
2022-09-26 07:00:00,1011.4,25.1,80.0,11.3,24.0,17.1,25.0,0.0,-99.8,-99.8,-99.8,-99.8,-99.8,-99.8,-99.8
2022-09-26 08:00:00,1011.5,25.1,79.0,11.7,23.0,17.2,13.0,0.0,-99.8,-99.8,-99.8,-99.8,-99.8,-99.8,-99.8
2022-09-26 09:00:00,1011.8,25.1,78.0,11.2,26.0,17.2,22.0,0.0,-99.8,-99.8,-99.8,-99.8,-99.8,-99.8,-99.8
2022-09-26 10:00:00,1012.2,25.2,76.0,11.3,27.0,16.7,25.0,0.0,-99.8,-99.8,-99.8,-99.8,-99.8,-99.8,-99.8
2022-09-26 11:00:00,1011.9,25.6,75.0,10.1,26.0,15.9,25.0,0.0,-99.8,-99.8,-99.8,-99.8,-99.8,-99.8,-99.8
2022-09-26 12:00:00,1011.1,25.7,76.0,10.7,23.0,15.3,26.0,0.0,-99.8,-99.8,-99.8,-99.8,-99.8,-99.8,-99.8
2022-09-26 13:00:00,1010.0,26.0,76.0,10.5,23.0,15.0,32.0,0.0,-99.8,-99.8,-99.8,-99.8,-99.8,-99.8,-99.8
2022-09-26 14:00:00,1009.7,25.7,79.0,9.5,29.0,15.2,29.0,0.0,-99.8,-99.8,-99.8,-99.8,-99.8,-99.8,-99.8
2022-09-26 15:00:00,1009.4,25.5,83.0,10.1,27.0,15.7,24.0,0.0,-99.8,-99.8,-99.8,-99.8,-99.8,-99.8,-99.8
2022-09-26 16:00:00,1009.4,25.4,84.0,10.4,27.0,16.0,28.0,0.0,-99.8,-99.8,-99.8,-99.8,-99.8,-99.8,-99.8
2022-09-26 17:00:00,1009.4,25.4,84.0,11.2,25.0,17.2,23.0,0.0,-99.8,-99.8,-99.8,-99.8,-99.8,-99.8,-99.8
2022-09-26 18:00:00,1009.6,25.2,84.0,10.9,26.0,16.9,19.0,0.0,-99.8,-99.8,-99.8,-99.8,-99.8,-99.8,-99.8
2022-09-26 19:00:00,1010.1,25.0,86.0,8.8,32.0,16.2,28.0,0.0,-99.8,-99.8,-99.8,-99.8,-99.8,-99.8,-99.8
2022-09-26 20:00:00,1010.7,25.5,86.0,8.1,32.0,15.0,29.0,0.0,-99.8,-99.8,-99.8,-99.8,-99.8,-99.8,-99.8
2022-09-26 21:00:00,1011.2,25.6,85.0,8.1,31.0,13.9,29.0,0.0,-99.8,-99.8,-99.8,-99.8,-99.8,-99.8,-99.8
2022-09-26 22:00:00,1011.5,25.4,87.0,8.9,31.0,15.2,22.0,0.0,-99.8,-99.8,-99.8,-99.8,-99.8,-99.8,-99.8
2022-09-26 23:00:00,1011.3,25.3,89.0,9.3,27.0,15.0,30.0,0.0,-99.8,-99.8,-99.8,-99.8,-99.8,-99.8,-99.8
2022-09-27 00:00:00,1010.9,24.9,90.0,9.8,27.0,14.2,30.0,0.0,-99.8,-99.8,-99.8,-99.8,-99.8,-99.8,-99.8
2022-09-27 01:00:00,1010.6,24.2,90.0,11.0,22.0,15.6,27.0,0.0,-99.8,-99.8,-99.8,-99.8,-99.8,-99.8,-99.8
2022-09-27 02:00:00,1009.9,24.4,85.0,10.3,27.0,15.3,23.0,0.0,-99.8,-99.8,-99.8,-99.8,-99.8,-99.8,-99.8
2022-09-27 03:00:00,1009.7,25.0,84.0,10.7,27.0,15.9,21.0,0.0,-99.8,-99.8,-99.8,-99.8,-99.8,-99.8,-99.8
2022-09-27 04:00:00,1009.3,25.2,81.0,12.2,23.0,17.3,27.0,0.0,-99.8,-99.8,-99.8,-99.8,-99.8,-99.8,-99.8
2022-09-27 05:00:00,1009.8,25.0,80.0,11.2,27.0,18.1,28.0,0.0,-99.8,-99.8,-99.8,-99.8,-99.8,-99.8,-99.8
2022-09-27 06:00:00,1010.0,25.3,79.0,10.2,28.0,17.1,25.0,0.0,-99.8,-99.8,-99.8,-99.8,-99.8,-99.8,-99.8
2022-09-27 07:00:00,1010.4,24.9,84.0,11.5,25.0,17.4,33.0,0.0,-99.8,-99.8,-99.8,-99.8,-99.8,-99.8,-99.8
2022-09-27 08:00:00,1010.8,25.0,86.0,11.1,23.0,16.5,28.0,0.0,-99.8,-99.8,-99.8,-99.8,-99.8,-99.8,-99.8
2022-09-27 09:00:00,1011.2,24.9,85.0,11.0,22.0,16.0,21.0,0.0,-99.8,-99.8,-99.8,-99.8,-99.8,-99.8,-99.8
2022-09-27 10:00:00,1011.0,25.0,85.0,10.9,22.0,16.0,9.0,0.0,-99.8,-99.8,-99.8,-99.8,-99.8,-99.8,-99.8
2022-09-27 11:00:00,1010.7,25.5,84.0,10.7,23.0,16.6,19.0,0.0,-99.8,-99.8,-99.8,-99.8,-99.8,-99.8,-99.8
2022-09-27 12:00:00,1010.2,25.5,84.0,10.1,27.0,15.0,15.0,0.0,-99.8,-99.8,-99.8,-99.8,-99.8,-99.8,-99.8
2022-09-27 13:00:00,1009.7,25.2,85.0,10.4,25.0,14.7,37.0,0.0,-99.8,-99.8,-99.8,-99.8,-99.8,-99.8,-99.8
2022-09-27 14:00:00,1009.4,25.5,82.0,10.2,28.0,14.8,32.0,0.0,-99.8,-99.8,-99.8,-99.8,-99.8,-99.8,-99.8
2022-09-27 15:00:00,1009.0,25.4,83.0,9.4,26.0,13.6,23.0,0.0,-99.8,-99.8,-99.8,-99.8,-99.8,-99.8,-99.8
2022-09-27 16:00:00,1009.0,25.5,80.0,8.9,28.0,13.6,24.0,0.0,-99.8,-99.8,-99.8,-99.8,-99.8,-99.8,-99.8
2022-09-27 17:00:00,1009.2,25.5,83.0,9.4,27.0,13.3,23.0,-999.6,-99.8,-99.8,-99.8,-99.8,-99.8,-99.8,-99.8
2022-09-27 18:00:00,1009.3,25.5,85.0,8.3,31.0,14.7,29.0,0.0,-99.8,-99.8,-99.8,-99.8,-99.8,-99.8,-99.8
2022-09-27 19:00:00,1009.5,25.5,86.0,9.3,28.0,14.7,20.0,0.0,-99.8,-99.8,-99.8,-99.8,-99.8,-99.8,-99.8
2022-09-27 20:00:00,1010.1,25.8,87.0,9.2,26.0,14.2,21.0,-999.6,-99.8,-99.8,-99.8,-99.8,-99.8,-99.8,-99.8
2022-09-27 21:00:00,1010.6,25.9,88.0,8.8,28.0,14.0,30.0,0.0,-99.8,-99.8,-99.8,-99.8,-99.8,-99.8,-99.8
2022-09-27 22:00:00,-99.8,-99.8,-99.8,-99.8,-99.8,13.3,27.0,-999.6,-99.8,-99.8,-99.8,-99.8,-99.8,-99.8,-99.8
2022-09-27 23:00:00,1010.3,25.9,87.0,9.8,28.0,13.8,26.0,0.0,-99.8,-99.8,-99.8,-99.8,-99.8,-99.8,-99.8
2022-09-28 00:00:00,1010.0,25.6,90.0,8.8,28.0,14.3,31.0,0.0,-99.8,-99.8,-99.8,-99.8,-99.8,-99.8,-99.8
2022-09-28 01:00:00,1009.6,25.1,94.0,8.1,22.0,14.7,29.0,1.0,-99.8,-99.8,-99.8,-99.8,-99.8,-99.8,-99.8
2022-09-28 02:00:00,1009.2,25.0,92.0,9.3,22.0,14.3,27.0,0.0,-99.8,-99.8,-99.8,-99.8,-99.8,-99.8,-99.8
2022-09-28 03:00:00,1008.7,25.3,91.0,9.5,25.0,14.1,14.0,0.0,-99.8,-99.8,-99.8,-99.8,-99.8,-99.8,-99.8
2022-09-28 04:00:00,1008.6,25.3,91.0,9.5,23.0,14.7,25.0,0.0,-99.8,-99.8,-99.8,-99.8,-99.8,-99.8,-99.8
2022-09-28 05:00:00,1008.7,25.2,89.0,9.6,23.0,14.1,25.0,0.0,-99.8,-99.8,-99.8,-99.8,-99.8,-99.8,-99.8
2022-09-28 06:00:00,1009.2,25.1,90.0,8.6,21.0,13.5,23.0,0.0,-99.8,-99.8,-99.8,-99.8,-99.8,-99.8,-99.8
2022-09-28 07:00:00,1009.9,25.2,88.0,8.0,24.0,12.9,24.0,0.0,-99.8,-99.8,-99.8,-99.8,-99.8,-99.8,-99.8
2022-09-28 08:00:00,1010.2,25.5,86.0,8.6,23.0,12.1,22.0,-999.6,-99.8,-99.8,-99.8,-99.8,-99.8,-99.8,-99.8
2022-09-28 09:00:00,1010.5,25.8,85.0,7.7,22.0,11.7,18.0,0.0,-99.8,-99.8,-99.8,-99.8,-99.8,-99.8,-99.8
2022-09-28 10:00:00,1010.5,26.2,86.0,7.8,19.0,11.1,30.0,-999.6,-99.8,-99.8,-99.8,-99.8,-99.8,-99.8,-99.8
2022-09-28 11:00:00,1010.6,26.3,85.0,7.5,22.0,11.6,28.0,0.0,-99.8,-99.8,-99.8,-99.8,-99.8,-99.8,-99.8
2022-09-28 12:00:00,1010.1,26.2,84.0,7.7,24.0,11.3,21.0,0.0,-99.8,-99.8,-99.8,-99.8,-99.8,-99.8,-99.8
2022-09-28 13:00:00,1009.1,26.6,85.0,7.6,21.0,11.7,20.0,0.0,-99.8,-99.8,-99.8,-99.8,-99.8,-99.8,-99.8
2022-09-28 14:00:00,1008.5,26.5,84.0,7.3,29.0,11.5,24.0,-999.6,-99.8,-99.8,-99.8,-99.8,-99.8,-99.8,-99.8
2022-09-28 15:00:00,1008.3,26.5,86.0,6.4,26.0,10.3,19.0,0.0,-99.8,-99.8,-99.8,-99.8,-99.8,-99.8,-99.8
2022-09-28 16:00:00,1008.3,26.6,87.0,5.5,29.0,9.6,49.0,0.0,-99.8,-99.8,-99.8,-99.8,-99.8,-99.8,-99.8
2022-09-28 17:00:00,1008.6,26.1,89.0,4.7,30.0,10.4,31.0,0.0,-99.8,-99.8,-99.8,-99.8,-99.8,-99.8,-99.8
2022-09-28 18:00:00,1008.9,25.8,91.0,4.4,28.0,8.8,26.0,0.0,-99.8,-99.8,-99.8,-99.8,-99.8,-99.8,-99.8
2022-09-28 19:00:00,1009.1,25.8,92.0,4.2,31.0,8.1,26.0,-999.6,-99.8,-99.8,-99.8,-99.8,-99.8,-99.8,-99.8
2022-09-28 20:00:00,1009.5,25.8,93.0,4.3,30.0,8.4,23.0,0.0,-99.8,-99.8,-99.8,-99.8,-99.8,-99.8,-99.8
2022-09-28 21:00:00,1010.0,25.9,93.0,5.3,26.0,8.3,24.0,0.0,-99.8,-99.8,-99.8,-99.8,-99.8,-99.8,-99.8
2022-09-28 22:00:00,1010.4,26.0,93.0,5.6,25.0,8.6,25.0,0.0,-99.8,-99.8,-99.8,-99.8,-99.8,-99.8,-99.8
2022-09-28 23:00:00,1010.7,26.1,92.0,5.7,24.0,8.5,16.0,0.0,-99.8,-99.8,-99.8,-99.8,-99.8,-99.8,-99.8
2022-09-29 00:00:00,1010.7,26.1,92.0,6.4,19.0,9.2,27.0,0.0,-99.8,-99.8,-99.8,-99.8,-99.8,-99.8,-99.8
2022-09-29 01:00:00,1010.3,26.0,93.0,6.9,18.0,9.5,27.0,0.0,-99.8,-99.8,-99.8,-99.8,-99.8,-99.8,-99.8
2022-09-29 02:00:00,1010.1,25.9,92.0,7.1,20.0,10.8,12.0,-999.6,-99.8,-99.8,-99.8,-99.8,-99.8,-99.8,-99.8
2022-09-29 03:00:00,1009.8,25.8,92.0,7.1,22.0,10.5,23.0,0.0,-99.8,-99.8,-99.8,-99.8,-99.8,-99.8,-99.8
2022-09-29 04:00:00,1009.7,25.8,92.0,7.1,22.0,10.9,24.0,0.0,-99.8,-99.8,-99.8,-99.8,-99.8,-99.8,-99.8
2022-09-29 05:00:00,1010.0,25.8,90.0,8.0,23.0,11.4,27.0,0.0,-99.8,-99.8,-99.8,-99.8,-99.8,-99.8,-99.8
2022-09-29 06:00:00,1010.4,25.9,90.0,7.1,26.0,11.3,26.0,0.0,-99.8,-99.8,-99.8,-99.8,-99.8,-99.8,-99.8
2022-09-29 07:00:00,1010.7,26.0,90.0,7.6,23.0,10.8,26.0,0.0,-99.8,-99.8,-99.8,-99.8,-99.8,-99.8,-99.8
2022-09-29 08:00:00,1011.1,26.2,90.0,7.5,23.0,11.4,26.0,0.0,-99.8,-99.8,-99.8,-99.8,-99.8,-99.8,-99.8
2022-09-29 09:00:00,1011.6,26.6,88.0,6.8,22.0,10.1,30.0,0.0,-99.8,-99.8,-99.8,-99.8,-99.8,-99.8,-99.8
2022-09-29 10:00:00,1011.8,26.9,86.0,6.5,18.0,9.6,22.0,0.0,-99.8,-99.8,-99.8,-99.8,-99.8,-99.8,-99.8
2022-09-29 11:00:00,1011.8,27.2,84.0,5.6,21.0,8.8,33.0,0.0,-99.8,-99.8,-99.8,-99.8,-99.8,-99.8,-99.8
2022-09-29 12:00:00,1011.2,27.5,84.0,5.5,23.0,8.2,20.0,0.0,-99.8,-99.8,-99.8,-99.8,-99.8,-99.8,-99.8
2022-09-29 13:00:00,1010.5,27.3,84.0,5.9,26.0,9.5,26.0,0.0,-99.8,-99.8,-99.8,-99.8,-99.8,-99.8,-99.8
2022-09-29 14:00:00,1010.2,27.4,84.0,5.1,24.0,8.1,28.0,0.0,-99.8,-99.8,-99.8,-99.8,-99.8,-99.8,-99.8
2022-09-29 15:00:00,1010.1,27.2,84.0,4.8,26.0,9.2,16.0,0.0,-99.8,-99.8,-99.8,-99.8,-99.8,-99.8,-99.8
2022-09-29 16:00:00,1010.4,27.4,85.0,4.1,26.0,7.1,19.0,-999.6,-99.8,-99.8,-99.8,-99.8,-99.8,-99.8,-99.8
2022-09-29 17:00:00,1010.6,27.0,86.0,3.6,29.0,7.1,20.0,0.0,-99.8,-99.8,-99.8,-99.8,-99.8,-99.8,-99.8
2022-09-29 18:00:00,1010.6,26.7,88.0,1.6,51.0,5.9,17.0,0.0,-99.8,-99.8,-99.8,-99.8,-99.8,-99.8,-99.8
2022-09-29 19:00:00,1011.1,26.5,89.0,1.8,37.0,5.8,45.0,0.0,-99.8,-99.8,-99.8,-99.8,-99.8,-99.8,-99.8
2022-09-29 20:00:00,1011.8,26.6,89.0,1.7,43.0,6.1,43.0,0.0,-99.8,-99.8,-99.8,-99.8,-99.8,-99.8,-99.8
2022-09-29 21:00:00,1012.6,26.5,90.0,2.9,29.0,5.4,34.0,0.0,-99.8,-99.8,-99.8,-99.8,-99.8,-99.8,-99.8
2022-09-29 22:00:00,1013.1,26.5,90.0,4.1,29.0,7.2,16.0,0.0,-99.8,-99.8,-99.8,-99.8,-99.8,-99.8,-99.8
2022-09-29 23:00:00,1012.8,26.4,90.0,4.1,29.0,8.6,24.0,0.0,-99.8,-99.8,-99.8,-99.8,-99.8,-99.8,-99.8
2022-09-30 00:00:00,1012.8,26.4,90.0,4.6,27.0,8.6,24.0,0.0,-99.8,-99.8,-99.8,-99.8,-99.8,-99.8,-99.8
2022-09-30 01:00:00,1012.7,26.3,89.0,5.1,26.0,7.0,39.0,0.0,-99.8,-99.8,-99.8,-99.8,-99.8,-99.8,-99.8
2022-09-30 02:00:00,1012.4,26.2,91.0,5.4,20.0,7.7,19.0,0.0,-99.8,-99.8,-99.8,-99.8,-99.8,-99.8,-99.8
2022-09-30 03:00:00,1012.1,26.2,92.0,6.1,16.0,8.5,13.0,0.0,-99.8,-99.8,-99.8,-99.8,-99.8,-99.8,-99.8
2022-09-30 04:00:00,1012.2,26.0,92.0,6.6,22.0,9.3,20.0,0.0,-99.8,-99.8,-99.8,-99.8,-99.8,-99.8,-99.8
2022-09-30 05:00:00,1012.5,25.9,92.0,6.9,20.0,9.9,21.0,0.0,-99.8,-99.8,-99.8,-99.8,-99.8,-99.8,-99.8
2022-09-30 06:00:00,1013.2,26.0,90.0,5.9,21.0,8.6,15.0,0.0,-99.8,-99.8,-99.8,-99.8,-99.8,-99.8,-99.8
2022-09-30 07:00:00,1013.7,26.1,89.0,5.7,27.0,8.5,26.0,0.0,-99.8,-99.8,-99.8,-99.8,-99.8,-99.8,-99.8
2022-09-30 08:00:00,1014.2,26.7,87.0,5.7,23.0,8.2,23.0,0.0,-99.8,-99.8,-99.8,-99.8,-99.8,-99.8,-99.8
2022-09-30 09:00:00,1014.3,27.1,87.0,5.2,18.0,8.1,28.0,0.0,-99.8,-99.8,-99.8,-99.8,-99.8,-99.8,-99.8
2022-09-30 10:00:00,1014.2,27.5,86.0,5.9,18.0,8.7,18.0,0.0,-99.8,-99.8,-99.8,-99.8,-99.8,-99.8,-99.8
2022-09-30 11:00:00,1013.7,27.4,83.0,5.9,24.0,8.7,19.0,0.0,-99.8,-99.8,-99.8,-99.8,-99.8,-99.8,-99.8
2022-09-30 12:00:00,1013.1,27.5,84.0,5.5,22.0,8.2,22.0,-999.6,-99.8,-99.8,-99.8,-99.8,-99.8,-99.8,-99.8
2022-09-30 13:00:00,1012.3,27.5,84.0,5.4,26.0,8.2,9.0,0.0,-99.8,-99.8,-99.8,-99.8,-99.8,-99.8,-99.8
2022-09-30 14:00:00,1011.7,27.6,84.0,5.0,27.0,7.7,14.0,0.0,-99.8,-99.8,-99.8,-99.8,-99.8,-99.8,-99.8
2022-09-30 15:00:00,1011.6,27.6,85.0,4.6,26.0,8.6,25.0,-999.6,-99.8,-99.8,-99.8,-99.8,-99.8,-99.8,-99.8
2022-09-30 16:00:00,1011.8,27.4,85.0,4.1,25.0,8.2,26.0,0.0,-99.8,-99.8,-99.8,-99.8,-99.8,-99.8,-99.8
2022-09-30 17:00:00,1011.9,27.2,88.0,3.5,29.0,8.4,25.0,0.0,-99.8,-99.8,-99.8,-99.8,-99.8,-99.8,-99.8
2022-09-30 18:00:00,1012.2,26.8,90.0,2.3,30.0,5.5,18.0,0.0,-99.8,-99.8,-99.8,-99.8,-99.8,-99.8,-99.8
2022-09-30 19:00:00,1012.6,26.8,91.0,2.1,29.0,5.0,25.0,0.0,-99.8,-99.8,-99.8,-99.8,-99.8,-99.8,-99.8
2022-09-30 20:00:00,1013.0,26.7,91.0,2.4,29.0,5.4,34.0,0.0,-99.8,-99.8,-99.8,-99.8,-99.8,-99.8,-99.8
2022-09-30 21:00:00,1013.6,26.8,93.0,3.6,24.0,6.0,24.0,0.0,-99.8,-99.8,-99.8,-99.8,-99.8,-99.8,-99.8
2022-09-30 22:00:00,1013.6,26.8,92.0,4.7,20.0,7.8,21.0,0.0,-99.8,-99.8,-99.8,-99.8,-99.8,-99.8,-99.8
2022-09-30 23:00:00,1013.3,26.7,94.0,6.0,10.0,7.8,9.0,0.0,-99.8,-99.8,-99.8,-99.8,-99.8,-99.8,-99.8
2022-10-01 00:00:00,1013.1,26.6,94.0,5.5,21.0,9.4,22.0,0.0,-99.8,-99.8,-99.8,-99.8,-99.8,-99.8,-99.8
2022-10-01 01:00:00,-99.8,-99.8,-99.8,-99.8,-99.8,8.2,27.0,-999.6,-99.8,-99.8,-99.8,-99.8,-99.8,-99.8,-99.8
2022-10-01 02:00:00,1012.7,26.7,92.0,5.5,16.0,8.2,21.0,0.0,-99.8,-99.8,-99.8,-99.8,-99.8,-99.8,-99.8
2022-10-01 03:00:00,1012.4,26.5,92.0,6.0,16.0,9.0,17.0,0.0,-99.8,-99.8,-99.8,-99.8,-99.8,-99.8,-99.8
2022-10-01 04:00:00,1012.3,26.5,92.0,6.7,17.0,9.6,17.0,0.0,-99.8,-99.8,-99.8,-99.8,-99.8,-99.8,-99.8
2022-10-01 05:00:00,1012.4,26.5,91.0,6.5,19.0,9.9,23.0,0.0,-99.8,-99.8,-99.8,-99.8,-99.8,-99.8,-99.8
2022-10-01 06:00:00,1012.8,26.4,90.0,6.4,22.0,10.3,24.0,0.0,-99.8,-99.8,-99.8,-99.8,-99.8,-99.8,-99.8
2022-10-01 07:00:00,1013.4,26.5,90.0,6.1,18.0,9.2,27.0,0.0,-99.8,-99.8,-99.8,-99.8,-99.8,-99.8,-99.8
2022-10-01 08:00:00,1014.1,27.1,88.0,5.9,14.0,9.5,15.0,0.0,-99.8,-99.8,-99.8,-99.8,-99.8,-99.8,-99.8
2022-10-01 09:00:00,1014.4,27.5,85.0,6.1,17.0,9.6,13.0,0.0,-99.8,-99.8,-99.8,-99.8,-99.8,-99.8,-99.8
2022-10-01 10:00:00,1014.3,27.6,84.0,7.3,21.0,10.3,25.0,0.0,-99.8,-99.8,-99.8,-99.8,-99.8,-99.8,-99.8
2022-10-01 11:00:00,1014.3,28.0,82.0,6.5,22.0,10.1,28.0,0.0,-99.8,-99.8,-99.8,-99.8,-99.8,-99.8,-99.8
2022-10-01 12:00:00,1013.7,28.0,82.0,6.9,26.0,10.1,35.0,0.0,-99.8,-99.8,-99.8,-99.8,-99.8,-99.8,-99.8
2022-10-01 13:00:00,1013.2,27.8,84.0,6.8,26.0,9.9,24.0,0.0,-99.8,-99.8,-99.8,-99.8,-99.8,-99.8,-99.8
2022-10-01 14:00:00,1013.0,27.9,85.0,6.4,21.0,9.5,22.0,0.0,-99.8,-99.8,-99.8,-99.8,-99.8,-99.8,-99.8
2022-10-01 15:00:00,1012.8,27.5,88.0,5.7,26.0,8.8,23.0,0.0,-99.8,-99.8,-99.8,-99.8,-99.8,-99.8,-99.8
2022-10-01 16:00:00,1012.7,27.4,88.0,6.0,27.0,8.6,29.0,0.0,-99.8,-99.8,-99.8,-99.8,-99.8,-99.8,-99.8
2022-10-01 17:00:00,1012.8,27.2,91.0,5.2,26.0,8.6,33.0,0.0,-99.8,-99.8,-99.8,-99.8,-99.8,-99.8,-99.8
2022-10-01 18:00:00,1012.8,26.9,90.0,3.4,30.0,6.9,33.0,0.0,-99.8,-99.8,-99.8,-99.8,-99.8,-99.8,-99.8
2022-10-01 19:00:00,1013.0,26.8,90.0,3.9,32.0,6.9,27.0,0.0,-99.8,-99.8,-99.8,-99.8,-99.8,-99.8,-99.8
2022-10-01 20:00:00,1013.6,26.8,91.0,3.7,26.0,6.1,38.0,0.0,-99.8,-99.8,-99.8,-99.8,-99.8,-99.8,-99.8
2022-10-01 21:00:00,1013.8,26.7,92.0,4.0,24.0,7.3,32.0,0.0,-99.8,-99.8,-99.8,-99.8,-99.8,-99.8,-99.8
2022-10-01 22:00:00,1013.8,26.7,92.0,4.8,23.0,7.5,23.0,0.0,-99.8,-99.8,-99.8,-99.8,-99.8,-99.8,-99.8
2022-10-01 23:00:00,1013.7,26.7,93.0,5.3,18.0,7.8,12.0,0.0,-99.8,-99.8,-99.8,-99.8,-99.8,-99.8,-99.8
2022-10-02 00:00:00,1013.3,26.7,93.0,5.7,15.0,8.8,13.0,0.0,-99.8,-99.8,-99.8,-99.8,-99.8,-99.8,-99.8
2022-10-02 01:00:00,1013.0,26.6,93.0,6.6,10.0,8.7,9.0,0.0,-99.8,-99.8,-99.8,-99.8,-99.8,-99.8,-99.8
2022-10-02 02:00:00,1012.7,26.6,93.0,6.5,10.0,8.9,10.0,0.0,-99.8,-99.8,-99.8,-99.8,-99.8,-99.8,-99.8
2022-10-02 03:00:00,1012.6,26.6,92.0,6.2,9.0,8.6,10.0,0.0,-99.8,-99.8,-99.8,-99.8,-99.8,-99.8,-99.8
2022-10-02 04:00:00,1012.5,26.6,92.0,5.8,13.0,8.7,11.0,0.0,-99.8,-99.8,-99.8,-99.8,-99.8,-99.8,-99.8
2022-10-02 05:00:00,1012.4,26.6,91.0,6.1,2.0,8.3,9.0,0.0,-99.8,-99.8,-99.8,-99.8,-99.8,-99.8,-99.8
2022-10-02 06:00:00,1012.9,26.6,90.0,5.5,360.0,8.2,17.0,0.0,-99.8,-99.8,-99.8,-99.8,-99.8,-99.8,-99.8
2022-10-02 07:00:00,1013.3,26.5,89.0,4.8,356.0,7.0,360.0,0.0,-99.8,-99.8,-99.8,-99.8,-99.8,-99.8,-99.8
2022-10-02 08:00:00,1013.9,27.1,84.0,5.9,358.0,7.9,357.0,0.0,-99.8,-99.8,-99.8,-99.8,-99.8,-99.8,-99.8
2022-10-02 09:00:00,1014.1,27.7,82.0,6.1,3.0,8.7,7.0,0.0,-99.8,-99.8,-99.8,-99.8,-99.8,-99.8,-99.8
2022-10-02 10:00:00,1014.2,28.2,80.0,5.4,3.0,8.3,6.0,0.0,-99.8,-99.8,-99.8,-99.8,-99.8,-99.8,-99.8
2022-10-02 11:00:00,1013.8,28.9,79.0,5.3,14.0,7.7,14.0,0.0,-99.8,-99.8,-99.8,-99.8,-99.8,-99.8,-99.8
2022-10-02 12:00:00,1013.0,29.0,79.0,4.8,19.0,8.1,10.0,0.0,-99.8,-99.8,-99.8,-99.8,-99.8,-99.8,-99.8
2022-10-02 13:00:00,1012.4,28.5,81.0,5.2,23.0,7.6,34.0,0.0,-99.8,-99.8,-99.8,-99.8,-99.8,-99.8,-99.8
2022-10-02 14:00:00,1012.0,28.4,82.0,5.0,26.0,7.7,24.0,0.0,-99.8,-99.8,-99.8,-99.8,-99.8,-99.8,-99.8
2022-10-02 15:00:00,1011.8,28.2,85.0,4.7,29.0,8.0,32.0,0.0,-99.8,-99.8,-99.8,-99.8,-99.8,-99.8,-99.8
2022-10-02 16:00:00,1011.9,27.9,86.0,4.5,29.0,9.0,24.0,0.0,-99.8,-99.8,-99.8,-99.8,-99.8,-99.8,-99.8
2022-10-02 17:00:00,1012.4,28.0,84.0,2.0,27.0,7.2,31.0,0.0,-99.8,-99.8,-99.8,-99.8,-99.8,-99.8,-99.8
2022-10-02 18:00:00,1012.5,27.3,87.0,2.2,46.0,5.1,57.0,0.0,-99.8,-99.8,-99.8,-99.8,-99.8,-99.8,-99.8
2022-10-02 19:00:00,1012.8,27.2,88.0,1.4,33.0,5.7,47.0,0.0,-99.8,-99.8,-99.8,-99.8,-99.8,-99.8,-99.8
2022-10-02 20:00:00,1013.3,26.9,91.0,2.7,29.0,4.6,21.0,0.0,-99.8,-99.8,-99.8,-99.8,-99.8,-99.8,-99.8
2022-10-02 21:00:00,1013.7,26.8,92.0,3.4,20.0,4.9,26.0,0.0,-99.8,-99.8,-99.8,-99.8,-99.8,-99.8,-99.8
2022-10-02 22:00:00,1013.6,26.9,91.0,4.0,15.0,5.9,12.0,0.0,-99.8,-99.8,-99.8,-99.8,-99.8,-99.8,-99.8
2022-10-02 23:00:00,1013.4,26.9,92.0,4.6,15.0,7.3,19.0,0.0,-99.8,-99.8,-99.8,-99.8,-99.8,-99.8,-99.8
2022-10-03 00:00:00,1013.2,26.9,94.0,4.8,15.0,7.4,17.0,0.0,-99.8,-99.8,-99.8,-99.8,-99.8,-99.8,-99.8
2022-10-03 01:00:00,1013.0,26.8,94.0,4.8,19.0,7.0,13.0,0.0,-99.8,-99.8,-99.8,-99.8,-99.8,-99.8,-99.8
2022-10-03 02:00:00,1012.7,26.8,94.0,5.1,18.0,8.0,15.0,0.0,-99.8,-99.8,-99.8,-99.8,-99.8,-99.8,-99.8
2022-10-03 03:00:00,1012.5,26.7,95.0,5.2,19.0,7.3,16.0,0.0,-99.8,-99.8,-99.8,-99.8,-99.8,-99.8,-99.8
2022-10-03 04:00:00,1012.2,26.6,94.0,5.4,20.0,8.3,22.0,0.0,-99.8,-99.8,-99.8,-99.8,-99.8,-99.8,-99.8
2022-10-03 05:00:00,1012.3,26.6,94.0,5.3,15.0,7.9,13.0,0.0,-99.8,-99.8,-99.8,-99.8,-99.8,-99.8,-99.8
2022-10-03 06:00:00,1012.7,26.6,94.0,5.9,14.0,8.6,9.0,0.0,-99.8,-99.8,-99.8,-99.8,-99.8,-99.8,-99.8
2022-10-03 07:00:00,1013.4,26.8,93.0,6.1,13.0,8.4,12.0,0.0,-99.8,-99.8,-99.8,-99.8,-99.8,-99.8,-99.8
2022-10-03 08:00:00,1013.7,27.4,90.0,5.6,11.0,8.8,18.0,0.0,-99.8,-99.8,-99.8,-99.8,-99.8,-99.8,-99.8
2022-10-03 09:00:00,1014.0,27.8,88.0,6.2,11.0,8.4,13.0,-999.6,-99.8,-99.8,-99.8,-99.8,-99.8,-99.8,-99.8
2022-10-03 10:00:00,1014.0,28.2,87.0,6.0,15.0,9.0,10.0,0.0,-99.8,-99.8,-99.8,-99.8,-99.8,-99.8,-99.8
2022-10-03 11:00:00,1013.8,28.1,87.0,6.3,18.0,9.8,22.0,0.0,-99.8,-99.8,-99.8,-99.8,-99.8,-99.8,-99.8
2022-10-03 12:00:00,1013.1,28.4,85.0,6.5,21.0,10.3,12.0,0.0,-99.8,-99.8,-99.8,-99.8,-99.8,-99.8,-99.8
2022-10-03 13:00:00,1012.6,28.3,84.0,6.8,24.0,10.1,22.0,0.0,-99.8,-99.8,-99.8,-99.8,-99.8,-99.8,-99.8
2022-10-03 14:00:00,1012.1,28.2,85.0,6.9,26.0,9.8,27.0,0.0,-99.8,-99.8,-99.8,-99.8,-99.8,-99.8,-99.8
2022-10-03 15:00:00,1012.1,28.1,87.0,5.7,26.0,10.5,19.0,0.0,-99.8,-99.8,-99.8,-99.8,-99.8,-99.8,-99.8
2022-10-03 16:00:00,1012.1,28.4,84.0,3.7,26.0,8.6,21.0,0.0,-99.8,-99.8,-99.8,-99.8,-99.8,-99.8,-99.8
2022-10-03 17:00:00,1012.2,28.2,85.0,1.7,40.0,5.8,16.0,0.0,-99.8,-99.8,-99.8,-99.8,-99.8,-99.8,-99.8
2022-10-03 18:00:00,1012.5,27.2,89.0,2.8,33.0,6.9,19.0,0.0,-99.8,-99.8,-99.8,-99.8,-99.8,-99.8,-99.8
2022-10-03 19:00:00,1012.8,27.2,90.0,2.6,30.0,5.4,24.0,0.0,-99.8,-99.8,-99.8,-99.8,-99.8,-99.8,-99.8
2022-10-03 20:00:00,1013.4,27.0,91.0,2.1,33.0,4.3,32.0,0.0,-99.8,-99.8,-99.8,-99.8,-99.8,-99.8,-99.8
2022-10-03 21:00:00,1013.7,26.9,91.0,2.4,33.0,5.2,27.0,0.0,-99.8,-99.8,-99.8,-99.8,-99.8,-99.8,-99.8
2022-10-03 22:00:00,1013.9,27.0,91.0,3.2,26.0,5.4,25.0,0.0,-99.8,-99.8,-99.8,-99.8,-99.8,-99.8,-99.8
2022-10-03 23:00:00,1013.6,26.9,92.0,3.8,22.0,6.1,28.0,0.0,-99.8,-99.8,-99.8,-99.8,-99.8,-99.8,-99.8
2022-10-04 00:00:00,1013.3,26.7,91.0,4.1,19.0,6.6,10.0,0.0,-99.8,-99.8,-99.8,-99.8,-99.8,-99.8,-99.8
2022-10-04 01:00:00,1012.8,26.6,91.0,4.5,16.0,7.0,28.0,0.0,-99.8,-99.8,-99.8,-99.8,-99.8,-99.8,-99.8
2022-10-04 02:00:00,1012.6,26.6,90.0,4.1,16.0,6.9,9.0,0.0,-99.8,-99.8,-99.8,-99.8,-99.8,-99.8,-99.8
2022-10-04 03:00:00,1012.3,26.5,88.0,4.0,22.0,6.4,19.0,0.0,-99.8,-99.8,-99.8,-99.8,-99.8,-99.8,-99.8
2022-10-04 04:00:00,1012.1,26.5,87.0,4.4,22.0,6.6,29.0,0.0,-99.8,-99.8,-99.8,-99.8,-99.8,-99.8,-99.8
2022-10-04 05:00:00,1012.5,26.3,87.0,4.9,16.0,6.5,17.0,0.0,-99.8,-99.8,-99.8,-99.8,-99.8,-99.8,-99.8
2022-10-04 06:00:00,1013.0,26.3,86.0,5.4,22.0,7.5,30.0,0.0,-99.8,-99.8,-99.8,-99.8,-99.8,-99.8,-99.8
2022-10-04 07:00:00,1013.8,26.6,86.0,4.4,23.0,7.3,22.0,0.0,-99.8,-99.8,-99.8,-99.8,-99.8,-99.8,-99.8
2022-10-04 08:00:00,1014.0,27.0,84.0,3.8,26.0,6.3,36.0,0.0,-99.8,-99.8,-99.8,-99.8,-99.8,-99.8,-99.8
2022-10-04 09:00:00,1014.5,27.6,83.0,3.5,18.0,6.6,26.0,0.0,-99.8,-99.8,-99.8,-99.8,-99.8,-99.8,-99.8
2022-10-04 10:00:00,1014.4,27.8,82.0,3.5,11.0,6.1,28.0,0.0,-99.8,-99.8,-99.8,-99.8,-99.8,-99.8,-99.8
2022-10-04 11:00:00,1013.8,28.1,82.0,3.5,9.0,5.9,14.0,0.0,-99.8,-99.8,-99.8,-99.8,-99.8,-99.8,-99.8
2022-10-04 12:00:00,1012.9,28.3,79.0,3.4,11.0,5.3,11.0,0.0,-99.8,-99.8,-99.8,-99.8,-99.8,-99.8,-99.8
2022-10-04 13:00:00,1012.1,28.6,79.0,4.0,19.0,5.6,23.0,0.0,-99.8,-99.8,-99.8,-99.8,-99.8,-99.8,-99.8
2022-10-04 14:00:00,1011.7,28.7,80.0,4.2,23.0,6.4,22.0,0.0,-99.8,-99.8,-99.8,-99.8,-99.8,-99.8,-99.8
2022-10-04 15:00:00,1011.5,28.2,83.0,4.0,25.0,6.8,33.0,0.0,-99.8,-99.8,-99.8,-99.8,-99.8,-99.8,-99.8
2022-10-04 16:00:00,1011.8,28.4,81.0,4.0,30.0,7.8,9.0,0.0,-99.8,-99.8,-99.8,-99.8,-99.8,-99.8,-99.8
2022-10-04 17:00:00,1012.4,27.9,82.0,3.4,29.0,6.9,37.0,0.0,-99.8,-99.8,-99.8,-99.8,-99.8,-99.8,-99.8
2022-10-04 18:00:00,1012.8,27.4,86.0,4.2,33.0,8.1,37.0,0.0,-99.8,-99.8,-99.8,-99.8,-99.8,-99.8,-99.8
2022-10-04 19:00:00,1013.7,27.4,87.0,3.6,33.0,8.1,26.0,0.0,-99.8,-99.8,-99.8,-99.8,-99.8,-99.8,-99.8
2022-10-04 20:00:00,1014.7,27.4,88.0,4.7,30.0,8.8,45.0,0.0,-99.8,-99.8,-99.8,-99.8,-99.8,-99.8,-99.8
2022-10-04 21:00:00,1015.2,27.4,88.0,5.0,30.0,9.5,47.0,0.0,-99.8,-99.8,-99.8,-99.8,-99.8,-99.8,-99.8
2022-10-04 22:00:00,1015.5,27.4,87.0,4.4,35.0,9.9,39.0,0.0,-99.8,-99.8,-99.8,-99.8,-99.8,-99.8,-99.8
2022-10-04 23:00:00,1015.3,26.3,90.0,6.0,34.0,13.7,34.0,1.0,-99.8,-99.8,-99.8,-99.8,-99.8,-99.8,-99.8
2022-10-05 00:00:00,1015.3,26.1,88.0,6.3,34.0,13.0,27.0,0.0,-99.8,-99.8,-99.8,-99.8,-99.8,-99.8,-99.8
2022-10-05 01:00:00,1015.1,25.8,86.0,8.0,31.0,14.5,52.0,0.0,-99.8,-99.8,-99.8,-99.8,-99.8,-99.8,-99.8
2022-10-05 02:00:00,1015.2,25.8,84.0,8.2,34.0,16.4,30.0,0.0,-99.8,-99.8,-99.8,-99.8,-99.8,-99.8,-99.8
2022-10-05 03:00:00,1015.1,25.4,85.0,8.7,33.0,16.1,30.0,0.0,-99.8,-99.8,-99.8,-99.8,-99.8,-99.8,-99.8
2022-10-05 04:00:00,1015.3,25.5,84.0,7.7,32.0,16.1,24.0,0.5,-99.8,-99.8,-99.8,-99.8,-99.8,-99.8,-99.8
2022-10-05 05:00:00,1015.5,25.5,84.0,8.2,30.0,16.3,28.0,0.0,-99.8,-99.8,-99.8,-99.8,-99.8,-99.8,-99.8
2022-10-05 06:00:00,1016.1,25.4,82.0,9.6,33.0,16.0,27.0,0.0,-99.8,-99.8,-99.8,-99.8,-99.8,-99.8,-99.8
2022-10-05 07:00:00,1016.8,25.1,83.0,9.9,32.0,17.5,18.0,0.0,-99.8,-99.8,-99.8,-99.8,-99.8,-99.8,-99.8
2022-10-05 08:00:00,1017.3,25.1,82.0,9.8,32.0,18.6,28.0,0.0,-99.8,-99.8,-99.8,-99.8,-99.8,-99.8,-99.8
2022-10-05 09:00:00,1018.0,25.1,79.0,9.5,32.0,17.5,29.0,0.0,-99.8,-99.8,-99.8,-99.8,-99.8,-99.8,-99.8
2022-10-05 10:00:00,1018.2,25.1,79.0,8.4,32.0,16.8,31.0,0.0,-99.8,-99.8,-99.8,-99.8,-99.8,-99.8,-99.8
2022-10-05 11:00:00,1017.8,25.1,81.0,8.9,33.0,16.0,26.0,0.0,-99.8,-99.8,-99.8,-99.8,-99.8,-99.8,-99.8
2022-10-05 12:00:00,1016.9,25.0,82.0,8.8,32.0,15.9,36.0,0.0,-99.8,-99.8,-99.8,-99.8,-99.8,-99.8,-99.8
2022-10-05 13:00:00,1016.6,24.8,82.0,8.1,32.0,15.2,31.0,0.0,-99.8,-99.8,-99.8,-99.8,-99.8,-99.8,-99.8
2022-10-05 14:00:00,1015.9,23.5,88.0,9.1,31.0,16.3,30.0,0.0,-99.8,-99.8,-99.8,-99.8,-99.8,-99.8,-99.8
2022-10-05 15:00:00,1015.6,24.0,84.0,9.6,29.0,16.6,20.0,0.0,-99.8,-99.8,-99.8,-99.8,-99.8,-99.8,-99.8
2022-10-05 16:00:00,1015.5,23.4,89.0,10.6,28.0,15.4,24.0,0.0,-99.8,-99.8,-99.8,-99.8,-99.8,-99.8,-99.8
2022-10-05 17:00:00,1015.9,23.7,88.0,9.6,29.0,16.4,24.0,0.0,-99.8,-99.8,-99.8,-99.8,-99.8,-99.8,-99.8
2022-10-05 18:00:00,1015.8,24.0,84.0,10.2,27.0,15.3,32.0,0.0,-99.8,-99.8,-99.8,-99.8,-99.8,-99.8,-99.8
2022-10-05 19:00:00,1016.6,24.4,82.0,8.8,31.0,15.4,32.0,0.0,-99.8,-99.8,-99.8,-99.8,-99.8,-99.8,-99.8
2022-10-05 20:00:00,1017.5,24.5,80.0,9.1,31.0,16.0,41.0,0.0,-99.8,-99.8,-99.8,-99.8,-99.8,-99.8,-99.8
2022-10-05 21:00:00,1018.1,24.4,83.0,9.6,28.0,16.2,34.0,0.0,-99.8,-99.8,-99.8,-99.8,-99.8,-99.8,-99.8
2022-10-05 22:00:00,1018.1,24.4,81.0,8.2,33.0,18.1,26.0,0.0,-99.8,-99.8,-99.8,-99.8,-99.8,-99.8,-99.8
2022-10-05 23:00:00,1017.4,24.7,81.0,7.1,31.0,14.3,14.0,0.0,-99.8,-99.8,-99.8,-99.8,-99.8,-99.8,-99.8
2022-10-06 00:00:00,1016.7,24.6,82.0,9.7,27.0,15.3,13.0,0.0,-99.8,-99.8,-99.8,-99.8,-99.8,-99.8,-99.8
2022-10-06 01:00:00,1016.2,24.7,81.0,9.6,28.0,16.2,23.0,0.0,-99.8,-99.8,-99.8,-99.8,-99.8,-99.8,-99.8
2022-10-06 02:00:00,1016.2,24.8,80.0,8.4,31.0,15.1,28.0,0.0,-99.8,-99.8,-99.8,-99.8,-99.8,-99.8,-99.8
2022-10-06 03:00:00,1016.3,24.7,81.0,9.2,28.0,16.1,21.0,0.0,-99.8,-99.8,-99.8,-99.8,-99.8,-99.8,-99.8
2022-10-06 04:00:00,1015.8,24.7,81.0,10.6,28.0,16.3,27.0,0.0,-99.8,-99.8,-99.8,-99.8,-99.8,-99.8,-99.8
2022-10-06 05:00:00,1016.0,24.6,83.0,9.9,31.0,16.2,47.0,0.0,-99.8,-99.8,-99.8,-99.8,-99.8,-99.8,-99.8
2022-10-06 06:00:00,1016.5,24.5,80.0,9.8,28.0,15.3,28.0,0.0,-99.8,-99.8,-99.8,-99.8,-99.8,-99.8,-99.8
2022-10-06 07:00:00,1017.2,24.7,80.0,9.2,30.0,14.4,26.0,0.0,-99.8,-99.8,-99.8,-99.8,-99.8,-99.8,-99.8
2022-10-06 08:00:00,1017.7,24.6,78.0,8.4,33.0,14.1,30.0,0.0,-99.8,-99.8,-99.8,-99.8,-99.8,-99.8,-99.8
2022-10-06 09:00:00,1017.5,24.9,81.0,9.3,28.0,13.4,25.0,0.0,-99.8,-99.8,-99.8,-99.8,-99.8,-99.8,-99.8
2022-10-06 10:00:00,1017.5,24.9,81.0,9.1,26.0,13.7,25.0,0.0,-99.8,-99.8,-99.8,-99.8,-99.8,-99.8,-99.8
2022-10-06 11:00:00,1017.2,25.0,79.0,8.1,27.0,13.7,25.0,0.0,-99.8,-99.8,-99.8,-99.8,-99.8,-99.8,-99.8
2022-10-06 12:00:00,1016.6,24.9,79.0,8.6,29.0,13.3,26.0,0.0,-99.8,-99.8,-99.8,-99.8,-99.8,-99.8,-99.8
2022-10-06 13:00:00,1015.7,24.7,79.0,8.5,27.0,13.3,24.0,0.0,-99.8,-99.8,-99.8,-99.8,-99.8,-99.8,-99.8
2022-10-06 14:00:00,1015.5,23.8,88.0,7.2,31.0,13.1,29.0,0.0,-99.8,-99.8,-99.8,-99.8,-99.8,-99.8,-99.8
2022-10-06 15:00:00,1014.8,24.9,80.0,8.2,27.0,12.8,31.0,0.0,-99.8,-99.8,-99.8,-99.8,-99.8,-99.8,-99.8
2022-10-06 16:00:00,1014.6,24.8,79.0,9.1,27.0,13.4,31.0,0.0,-99.8,-99.8,-99.8,-99.8,-99.8,-99.8,-99.8
2022-10-06 17:00:00,1015.1,24.3,84.0,9.2,26.0,13.6,25.0,0.0,-99.8,-99.8,-99.8,-99.8,-99.8,-99.8,-99.8
2022-10-06 18:00:00,1015.8,23.8,88.0,7.4,32.0,13.7,21.0,0.0,-99.8,-99.8,-99.8,-99.8,-99.8,-99.8,-99.8
2022-10-06 19:00:00,1016.6,23.2,94.0,6.7,31.0,12.2,26.0,2.5,-99.8,-99.8,-99.8,-99.8,-99.8,-99.8,-99.8
2022-10-06 20:00:00,1017.0,23.1,90.0,6.2,31.0,11.2,33.0,0.5,-99.8,-99.8,-99.8,-99.8,-99.8,-99.8,-99.8
2022-10-06 21:00:00,1017.2,24.2,86.0,6.2,31.0,10.3,21.0,0.0,-99.8,-99.8,-99.8,-99.8,-99.8,-99.8,-99.8
2022-10-06 22:00:00,1017.5,23.9,86.0,5.7,32.0,11.4,34.0,0.0,-99.8,-99.8,-99.8,-99.8,-99.8,-99.8,-99.8
2022-10-06 23:00:00,1017.0,24.1,89.0,7.3,26.0,11.4,27.0,0.0,-99.8,-99.8,-99.8,-99.8,-99.8,-99.8,-99.8
2022-10-07 00:00:00,1016.7,24.2,87.0,6.5,29.0,12.7,33.0,0.0,-99.8,-99.8,-99.8,-99.8,-99.8,-99.8,-99.8
2022-10-07 01:00:00,1016.2,24.3,90.0,6.8,25.0,10.5,30.0,0.0,-99.8,-99.8,-99.8,-99.8,-99.8,-99.8,-99.8
2022-10-07 02:00:00,1015.9,24.4,89.0,7.3,27.0,10.9,26.0,0.0,-99.8,-99.8,-99.8,-99.8,-99.8,-99.8,-99.8
2022-10-07 03:00:00,1015.3,24.1,88.0,7.4,24.0,11.3,25.0,0.0,-99.8,-99.8,-99.8,-99.8,-99.8,-99.8,-99.8
2022-10-07 04:00:00,1015.2,24.3,88.0,7.0,26.0,10.1,24.0,0.0,-99.8,-99.8,-99.8,-99.8,-99.8,-99.8,-99.8
2022-10-07 05:00:00,1015.5,24.6,86.0,6.5,27.0,11.1,27.0,0.0,-99.8,-99.8,-99.8,-99.8,-99.8,-99.8,-99.8
2022-10-07 06:00:00,1015.8,24.8,84.0,7.3,28.0,11.1,28.0,0.0,-99.8,-99.8,-99.8,-99.8,-99.8,-99.8,-99.8
2022-10-07 07:00:00,1016.2,25.0,84.0,7.0,28.0,11.4,25.0,0.0,-99.8,-99.8,-99.8,-99.8,-99.8,-99.8,-99.8
2022-10-07 08:00:00,-99.8,-99.8,-99.8,-99.8,-99.8,11.9,30.0,-999.6,-99.8,-99.8,-99.8,-99.8,-99.8,-99.8,-99.8
2022-10-07 09:00:00,1016.7,24.8,86.0,9.2,26.0,13.1,27.0,0.0,-99.8,-99.8,-99.8,-99.8,-99.8,-99.8,-99.8
2022-10-07 10:00:00,1016.6,24.5,86.0,7.9,32.0,13.4,28.0,0.0,-99.8,-99.8,-99.8,-99.8,-99.8,-99.8,-99.8
2022-10-07 11:00:00,1016.4,24.9,83.0,8.4,31.0,13.7,25.0,0.0,-99.8,-99.8,-99.8,-99.8,-99.8,-99.8,-99.8
2022-10-07 12:00:00,1015.8,25.0,82.0,8.7,32.0,15.1,33.0,0.0,-99.8,-99.8,-99.8,-99.8,-99.8,-99.8,-99.8
2022-10-07 13:00:00,1015.3,24.2,82.0,8.5,32.0,16.4,20.0,0.0,-99.8,-99.8,-99.8,-99.8,-99.8,-99.8,-99.8
2022-10-07 14:00:00,1014.8,23.9,82.0,10.0,30.0,16.0,24.0,0.0,-99.8,-99.8,-99.8,-99.8,-99.8,-99.8,-99.8
2022-10-07 15:00:00,1015.1,23.5,81.0,10.0,31.0,17.3,22.0,0.0,-99.8,-99.8,-99.8,-99.8,-99.8,-99.8,-99.8
2022-10-07 16:00:00,1015.3,23.6,82.0,9.5,33.0,18.8,36.0,0.5,-99.8,-99.8,-99.8,-99.8,-99.8,-99.8,-99.8
2022-10-07 17:00:00,1016.0,23.2,82.0,10.2,32.0,17.2,34.0,0.0,-99.8,-99.8,-99.8,-99.8,-99.8,-99.8,-99.8
2022-10-07 18:00:00,1016.5,23.2,81.0,10.8,31.0,19.1,20.0,0.0,-99.8,-99.8,-99.8,-99.8,-99.8,-99.8,-99.8
2022-10-07 19:00:00,1017.1,23.0,82.0,10.4,31.0,18.0,40.0,0.0,-99.8,-99.8,-99.8,-99.8,-99.8,-99.8,-99.8
2022-10-07 20:00:00,1017.7,23.1,80.0,11.7,32.0,18.2,37.0,0.0,-99.8,-99.8,-99.8,-99.8,-99.8,-99.8,-99.8
2022-10-07 21:00:00,1018.3,23.2,81.0,11.9,27.0,18.5,26.0,0.0,-99.8,-99.8,-99.8,-99.8,-99.8,-99.8,-99.8
2022-10-07 22:00:00,1018.7,23.1,81.0,11.1,27.0,18.4,28.0,0.0,-99.8,-99.8,-99.8,-99.8,-99.8,-99.8,-99.8
2022-10-07 23:00:00,1018.8,23.0,82.0,10.5,24.0,17.4,28.0,0.0,-99.8,-99.8,-99.8,-99.8,-99.8,-99.8,-99.8
2022-10-08 00:00:00,1018.8,23.0,83.0,10.8,24.0,16.6,27.0,0.0,-99.8,-99.8,-99.8,-99.8,-99.8,-99.8,-99.8
2022-10-08 01:00:00,1018.3,22.8,81.0,10.8,25.0,16.5,23.0,0.0,-99.8,-99.8,-99.8,-99.8,-99.8,-99.8,-99.8
2022-10-08 02:00:00,1017.7,22.2,85.0,12.1,22.0,21.3,10.0,0.0,-99.8,-99.8,-99.8,-99.8,-99.8,-99.8,-99.8
2022-10-08 03:00:00,1017.6,22.4,84.0,10.1,26.0,16.2,18.0,0.0,-99.8,-99.8,-99.8,-99.8,-99.8,-99.8,-99.8
2022-10-08 04:00:00,1017.1,22.2,84.0,10.4,24.0,15.9,19.0,0.0,-99.8,-99.8,-99.8,-99.8,-99.8,-99.8,-99.8
2022-10-08 05:00:00,1017.2,22.4,83.0,10.8,25.0,17.0,31.0,0.0,-99.8,-99.8,-99.8,-99.8,-99.8,-99.8,-99.8
2022-10-08 06:00:00,1017.3,22.4,82.0,10.6,26.0,15.7,24.0,0.0,-99.8,-99.8,-99.8,-99.8,-99.8,-99.8,-99.8
2022-10-08 07:00:00,1017.6,22.7,82.0,10.8,21.0,16.0,8.0,0.0,-99.8,-99.8,-99.8,-99.8,-99.8,-99.8,-99.8
2022-10-08 08:00:00,1018.3,23.0,83.0,10.8,24.0,16.5,19.0,0.0,-99.8,-99.8,-99.8,-99.8,-99.8,-99.8,-99.8
2022-10-08 09:00:00,1018.6,23.0,80.0,10.4,21.0,15.5,25.0,0.0,-99.8,-99.8,-99.8,-99.8,-99.8,-99.8,-99.8
2022-10-08 10:00:00,1018.3,23.1,84.0,11.4,17.0,16.4,12.0,0.0,-99.8,-99.8,-99.8,-99.8,-99.8,-99.8,-99.8
2022-10-08 11:00:00,1018.2,22.7,83.0,11.0,20.0,18.6,9.0,0.0,-99.8,-99.8,-99.8,-99.8,-99.8,-99.8,-99.8
2022-10-08 12:00:00,1017.4,22.8,83.0,11.6,21.0,16.3,27.0,0.0,-99.8,-99.8,-99.8,-99.8,-99.8,-99.8,-99.8
2022-10-08 13:00:00,1016.6,22.9,80.0,10.6,24.0,16.2,34.0,0.0,-99.8,-99.8,-99.8,-99.8,-99.8,-99.8,-99.8
2022-10-08 14:00:00,1015.8,22.9,82.0,10.5,24.0,15.8,28.0,0.0,-99.8,-99.8,-99.8,-99.8,-99.8,-99.8,-99.8
2022-10-08 15:00:00,1015.8,23.0,84.0,10.2,23.0,14.9,19.0,0.0,-99.8,-99.8,-99.8,-99.8,-99.8,-99.8,-99.8
2022-10-08 16:00:00,1015.9,23.2,82.0,10.1,26.0,15.3,30.0,0.0,-99.8,-99.8,-99.8,-99.8,-99.8,-99.8,-99.8
2022-10-08 17:00:00,1015.7,23.1,84.0,10.5,25.0,16.0,24.0,0.0,-99.8,-99.8,-99.8,-99.8,-99.8,-99.8,-99.8
2022-10-08 18:00:00,1016.0,23.1,81.0,10.4,26.0,16.3,21.0,0.0,-99.8,-99.8,-99.8,-99.8,-99.8,-99.8,-99.8
2022-10-08 19:00:00,1016.5,23.2,82.0,10.1,26.0,15.1,27.0,0.0,-99.8,-99.8,-99.8,-99.8,-99.8,-99.8,-99.8
2022-10-08 20:00:00,1017.4,23.4,83.0,10.5,22.0,15.5,12.0,0.0,-99.8,-99.8,-99.8,-99.8,-99.8,-99.8,-99.8
2022-10-08 21:00:00,1018.1,23.6,83.0,10.5,22.0,16.1,18.0,0.0,-99.8,-99.8,-99.8,-99.8,-99.8,-99.8,-99.8
2022-10-08 22:00:00,1018.3,23.6,83.0,9.7,24.0,14.8,19.0,0.0,-99.8,-99.8,-99.8,-99.8,-99.8,-99.8,-99.8
2022-10-08 23:00:00,1018.1,23.2,81.0,9.7,25.0,14.7,21.0,0.0,-99.8,-99.8,-99.8,-99.8,-99.8,-99.8,-99.8
2022-10-09 00:00:00,1017.6,23.3,83.0,9.4,22.0,13.6,27.0,0.0,-99.8,-99.8,-99.8,-99.8,-99.8,-99.8,-99.8
2022-10-09 01:00:00,1017.2,23.1,82.0,9.2,27.0,13.8,16.0,0.0,-99.8,-99.8,-99.8,-99.8,-99.8,-99.8,-99.8
2022-10-09 02:00:00,1017.0,22.0,90.0,6.1,34.0,13.1,25.0,0.5,-99.8,-99.8,-99.8,-99.8,-99.8,-99.8,-99.8
2022-10-09 03:00:00,1016.4,23.1,80.0,5.6,32.0,10.7,33.0,0.5,-99.8,-99.8,-99.8,-99.8,-99.8,-99.8,-99.8
2022-10-09 04:00:00,1016.0,22.9,84.0,6.6,28.0,10.2,19.0,0.0,-99.8,-99.8,-99.8,-99.8,-99.8,-99.8,-99.8
2022-10-09 05:00:00,1016.2,23.0,84.0,6.1,26.0,9.6,18.0,0.0,-99.8,-99.8,-99.8,-99.8,-99.8,-99.8,-99.8
2022-10-09 06:00:00,1016.7,23.2,83.0,7.9,15.0,11.3,14.0,0.0,-99.8,-99.8,-99.8,-99.8,-99.8,-99.8,-99.8
2022-10-09 07:00:00,1017.2,23.0,82.0,8.3,10.0,12.9,352.0,0.0,-99.8,-99.8,-99.8,-99.8,-99.8,-99.8,-99.8
2022-10-09 08:00:00,1017.9,23.4,79.0,7.4,11.0,10.7,13.0,0.0,-99.8,-99.8,-99.8,-99.8,-99.8,-99.8,-99.8
2022-10-09 09:00:00,1018.0,23.6,77.0,7.4,13.0,11.1,12.0,0.0,-99.8,-99.8,-99.8,-99.8,-99.8,-99.8,-99.8
2022-10-09 10:00:00,1017.9,24.0,74.0,5.9,21.0,9.5,12.0,0.0,-99.8,-99.8,-99.8,-99.8,-99.8,-99.8,-99.8
2022-10-09 11:00:00,1017.3,24.7,70.0,4.2,27.0,7.8,11.0,0.0,-99.8,-99.8,-99.8,-99.8,-99.8,-99.8,-99.8
2022-10-09 12:00:00,1016.7,24.9,71.0,4.5,25.0,7.2,25.0,0.0,-99.8,-99.8,-99.8,-99.8,-99.8,-99.8,-99.8
2022-10-09 13:00:00,1015.9,24.9,71.0,5.5,25.0,9.6,44.0,0.0,-99.8,-99.8,-99.8,-99.8,-99.8,-99.8,-99.8
2022-10-09 14:00:00,1015.3,25.0,73.0,5.9,29.0,9.2,28.0,0.0,-99.8,-99.8,-99.8,-99.8,-99.8,-99.8,-99.8
2022-10-09 15:00:00,1015.0,25.0,72.0,5.3,28.0,10.0,19.0,0.0,-99.8,-99.8,-99.8,-99.8,-99.8,-99.8,-99.8
2022-10-09 16:00:00,1015.1,24.8,75.0,5.6,30.0,10.5,30.0,0.0,-99.8,-99.8,-99.8,-99.8,-99.8,-99.8,-99.8
2022-10-09 17:00:00,1015.9,24.3,75.0,5.6,34.0,11.2,35.0,0.0,-99.8,-99.8,-99.8,-99.8,-99.8,-99.8,-99.8
2022-10-09 18:00:00,1016.7,24.1,74.0,6.0,33.0,12.7,37.0,0.0,-99.8,-99.8,-99.8,-99.8,-99.8,-99.8,-99.8
2022-10-09 19:00:00,1017.3,24.3,72.0,7.7,31.0,14.1,25.0,0.0,-99.8,-99.8,-99.8,-99.8,-99.8,-99.8,-99.8
2022-10-09 20:00:00,1018.1,24.3,73.0,9.2,33.0,16.6,28.0,0.0,-99.8,-99.8,-99.8,-99.8,-99.8,-99.8,-99.8
2022-10-09 21:00:00,1018.7,24.0,73.0,9.0,33.0,16.4,39.0,0.0,-99.8,-99.8,-99.8,-99.8,-99.8,-99.8,-99.8
2022-10-09 22:00:00,1019.3,23.5,71.0,9.6,34.0,16.3,31.0,0.0,-99.8,-99.8,-99.8,-99.8,-99.8,-99.8,-99.8
2022-10-09 23:00:00,1019.4,23.6,67.0,9.9,30.0,15.2,34.0,0.0,-99.8,-99.8,-99.8,-99.8,-99.8,-99.8,-99.8
2022-10-10 00:00:00,1019.5,23.5,65.0,9.6,28.0,15.4,19.0,0.0,-99.8,-99.8,-99.8,-99.8,-99.8,-99.8,-99.8
2022-10-10 01:00:00,1019.3,23.2,63.0,9.2,30.0,15.7,32.0,0.0,-99.8,-99.8,-99.8,-99.8,-99.8,-99.8,-99.8
2022-10-10 02:00:00,1018.9,22.9,65.0,9.5,28.0,15.6,17.0,0.0,-99.8,-99.8,-99.8,-99.8,-99.8,-99.8,-99.8
2022-10-10 03:00:00,1018.7,22.8,62.0,9.5,27.0,14.8,28.0,0.0,-99.8,-99.8,-99.8,-99.8,-99.8,-99.8,-99.8
2022-10-10 04:00:00,1018.6,22.6,59.0,8.6,31.0,14.8,31.0,0.0,-99.8,-99.8,-99.8,-99.8,-99.8,-99.8,-99.8
2022-10-10 05:00:00,1019.2,22.3,57.0,11.0,24.0,16.2,19.0,0.0,-99.8,-99.8,-99.8,-99.8,-99.8,-99.8,-99.8
2022-10-10 06:00:00,1019.5,21.6,66.0,13.0,19.0,23.9,8.0,0.0,-99.8,-99.8,-99.8,-99.8,-99.8,-99.8,-99.8
2022-10-10 07:00:00,1020.6,21.9,63.0,11.6,21.0,21.0,8.0,0.0,-99.8,-99.8,-99.8,-99.8,-99.8,-99.8,-99.8
2022-10-10 08:00:00,1021.0,22.2,59.0,9.8,22.0,17.2,41.0,0.0,-99.8,-99.8,-99.8,-99.8,-99.8,-99.8,-99.8
2022-10-10 09:00:00,1021.0,22.4,60.0,10.1,21.0,15.6,26.0,0.0,-99.8,-99.8,-99.8,-99.8,-99.8,-99.8,-99.8
2022-10-10 10:00:00,1020.9,22.3,59.0,9.8,17.0,14.9,18.0,0.0,-99.8,-99.8,-99.8,-99.8,-99.8,-99.8,-99.8
2022-10-10 11:00:00,1020.6,22.2,61.0,8.3,31.0,14.7,16.0,0.0,-99.8,-99.8,-99.8,-99.8,-99.8,-99.8,-99.8
2022-10-10 12:00:00,1019.7,21.9,60.0,8.1,31.0,14.2,33.0,0.0,-99.8,-99.8,-99.8,-99.8,-99.8,-99.8,-99.8
2022-10-10 13:00:00,1018.8,22.0,58.0,7.0,30.0,13.4,22.0,0.0,-99.8,-99.8,-99.8,-99.8,-99.8,-99.8,-99.8
2022-10-10 14:00:00,1018.2,22.2,57.0,7.2,32.0,14.3,21.0,0.0,-99.8,-99.8,-99.8,-99.8,-99.8,-99.8,-99.8
2022-10-10 15:00:00,1018.3,22.0,49.0,6.6,32.0,14.6,24.0,0.0,-99.8,-99.8,-99.8,-99.8,-99.8,-99.8,-99.8
2022-10-10 16:00:00,1018.6,22.2,45.0,5.4,36.0,12.7,17.0,0.0,-99.8,-99.8,-99.8,-99.8,-99.8,-99.8,-99.8
2022-10-10 17:00:00,1019.1,21.6,39.0,4.7,55.0,13.1,42.0,0.0,-99.8,-99.8,-99.8,-99.8,-99.8,-99.8,-99.8
2022-10-10 18:00:00,1019.1,21.4,45.0,4.9,51.0,14.3,85.0,0.0,-99.8,-99.8,-99.8,-99.8,-99.8,-99.8,-99.8
2022-10-10 19:00:00,1019.6,21.5,48.0,4.5,44.0,12.7,66.0,0.0,-99.8,-99.8,-99.8,-99.8,-99.8,-99.8,-99.8
2022-10-10 20:00:00,1020.2,21.7,48.0,6.4,36.0,14.6,33.0,0.0,-99.8,-99.8,-99.8,-99.8,-99.8,-99.8,-99.8
2022-10-10 21:00:00,1020.2,21.9,46.0,7.4,31.0,15.5,22.0,0.0,-99.8,-99.8,-99.8,-99.8,-99.8,-99.8,-99.8
2022-10-10 22:00:00,1020.4,21.9,47.0,7.3,32.0,17.9,33.0,0.0,-99.8,-99.8,-99.8,-99.8,-99.8,-99.8,-99.8
2022-10-10 23:00:00,1020.1,21.8,48.0,7.6,36.0,15.3,23.0,0.0,-99.8,-99.8,-99.8,-99.8,-99.8,-99.8,-99.8
2022-10-11 00:00:00,1019.8,21.5,51.0,8.8,35.0,18.2,16.0,0.0,-99.8,-99.8,-99.8,-99.8,-99.8,-99.8,-99.8
2022-10-11 01:00:00,1019.8,21.3,49.0,9.5,32.0,17.1,31.0,0.0,-99.8,-99.8,-99.8,-99.8,-99.8,-99.8,-99.8
2022-10-11 02:00:00,1019.5,20.7,48.0,8.9,35.0,18.3,27.0,0.0,-99.8,-99.8,-99.8,-99.8,-99.8,-99.8,-99.8
2022-10-11 03:00:00,1019.1,20.5,47.0,9.6,32.0,17.8,44.0,0.0,-99.8,-99.8,-99.8,-99.8,-99.8,-99.8,-99.8
2022-10-11 04:00:00,1019.4,20.2,47.0,9.5,32.0,17.9,27.0,0.0,-99.8,-99.8,-99.8,-99.8,-99.8,-99.8,-99.8
2022-10-11 05:00:00,1019.6,19.7,52.0,10.6,29.0,19.5,30.0,0.0,-99.8,-99.8,-99.8,-99.8,-99.8,-99.8,-99.8
2022-10-11 06:00:00,1020.4,19.3,47.0,10.8,30.0,19.5,25.0,0.0,-99.8,-99.8,-99.8,-99.8,-99.8,-99.8,-99.8
2022-10-11 07:00:00,1021.1,19.0,47.0,12.0,30.0,20.2,32.0,0.0,-99.8,-99.8,-99.8,-99.8,-99.8,-99.8,-99.8
2022-10-11 08:00:00,1021.1,19.2,54.0,11.7,29.0,20.8,13.0,0.0,-99.8,-99.8,-99.8,-99.8,-99.8,-99.8,-99.8
2022-10-11 09:00:00,1021.3,19.7,58.0,11.0,28.0,20.1,22.0,0.0,-99.8,-99.8,-99.8,-99.8,-99.8,-99.8,-99.8
2022-10-11 10:00:00,1021.1,19.8,59.0,12.3,26.0,20.2,14.0,0.0,-99.8,-99.8,-99.8,-99.8,-99.8,-99.8,-99.8
2022-10-11 11:00:00,1020.6,19.9,63.0,11.8,23.0,19.9,21.0,0.0,-99.8,-99.8,-99.8,-99.8,-99.8,-99.8,-99.8
2022-10-11 12:00:00,1020.1,19.8,59.0,10.9,28.0,18.9,31.0,0.0,-99.8,-99.8,-99.8,-99.8,-99.8,-99.8,-99.8
2022-10-11 13:00:00,1019.1,20.3,62.0,11.1,27.0,19.7,18.0,0.0,-99.8,-99.8,-99.8,-99.8,-99.8,-99.8,-99.8
2022-10-11 14:00:00,1018.5,20.2,61.0,11.2,25.0,18.1,30.0,0.0,-99.8,-99.8,-99.8,-99.8,-99.8,-99.8,-99.8
2022-10-11 15:00:00,1018.3,20.2,62.0,11.9,24.0,18.2,21.0,0.0,-99.8,-99.8,-99.8,-99.8,-99.8,-99.8,-99.8
2022-10-11 16:00:00,1018.3,20.3,62.0,10.6,29.0,18.1,29.0,0.0,-99.8,-99.8,-99.8,-99.8,-99.8,-99.8,-99.8
2022-10-11 17:00:00,1018.5,20.1,65.0,11.0,27.0,17.1,39.0,0.0,-99.8,-99.8,-99.8,-99.8,-99.8,-99.8,-99.8
2022-10-11 18:00:00,1018.6,20.4,67.0,10.7,28.0,20.5,28.0,0.0,-99.8,-99.8,-99.8,-99.8,-99.8,-99.8,-99.8
2022-10-11 19:00:00,1018.8,20.9,67.0,12.0,27.0,19.7,30.0,0.0,-99.8,-99.8,-99.8,-99.8,-99.8,-99.8,-99.8
2022-10-11 20:00:00,1019.2,21.2,69.0,12.0,27.0,19.4,22.0,0.0,-99.8,-99.8,-99.8,-99.8,-99.8,-99.8,-99.8
2022-10-11 21:00:00,1019.1,21.3,70.0,11.7,26.0,19.1,24.0,0.0,-99.8,-99.8,-99.8,-99.8,-99.8,-99.8,-99.8
2022-10-11 22:00:00,1018.5,21.3,68.0,12.6,27.0,19.6,31.0,0.0,-99.8,-99.8,-99.8,-99.8,-99.8,-99.8,-99.8
2022-10-11 23:00:00,1018.0,21.8,73.0,11.7,28.0,19.7,23.0,0.0,-99.8,-99.8,-99.8,-99.8,-99.8,-99.8,-99.8
2022-10-12 00:00:00,1017.9,21.1,67.0,11.6,29.0,18.9,32.0,0.0,-99.8,-99.8,-99.8,-99.8,-99.8,-99.8,-99.8
2022-10-12 01:00:00,1017.4,21.2,68.0,11.1,30.0,20.6,22.0,0.0,-99.8,-99.8,-99.8,-99.8,-99.8,-99.8,-99.8
2022-10-12 02:00:00,1017.3,21.2,69.0,12.2,26.0,20.0,24.0,0.0,-99.8,-99.8,-99.8,-99.8,-99.8,-99.8,-99.8
2022-10-12 03:00:00,1016.8,21.2,73.0,13.5,25.0,21.3,26.0,0.0,-99.8,-99.8,-99.8,-99.8,-99.8,-99.8,-99.8
2022-10-12 04:00:00,1016.5,21.0,73.0,13.1,24.0,20.1,33.0,0.0,-99.8,-99.8,-99.8,-99.8,-99.8,-99.8,-99.8
2022-10-12 05:00:00,1016.8,20.8,72.0,13.3,22.0,21.7,24.0,0.0,-99.8,-99.8,-99.8,-99.8,-99.8,-99.8,-99.8
2022-10-12 06:00:00,1017.0,20.8,74.0,13.4,24.0,21.0,30.0,0.0,-99.8,-99.8,-99.8,-99.8,-99.8,-99.8,-99.8
2022-10-12 07:00:00,1017.4,20.9,74.0,14.0,24.0,21.3,22.0,0.0,-99.8,-99.8,-99.8,-99.8,-99.8,-99.8,-99.8
2022-10-12 08:00:00,1017.4,21.1,71.0,14.0,27.0,22.3,18.0,0.0,-99.8,-99.8,-99.8,-99.8,-99.8,-99.8,-99.8
2022-10-12 09:00:00,1018.0,21.2,68.0,14.4,26.0,22.2,19.0,0.0,-99.8,-99.8,-99.8,-99.8,-99.8,-99.8,-99.8
2022-10-12 10:00:00,1018.5,21.3,69.0,14.0,26.0,21.8,25.0,0.0,-99.8,-99.8,-99.8,-99.8,-99.8,-99.8,-99.8
2022-10-12 11:00:00,1018.5,21.7,70.0,13.5,28.0,21.7,19.0,0.0,-99.8,-99.8,-99.8,-99.8,-99.8,-99.8,-99.8
2022-10-12 12:00:00,1018.1,22.1,69.0,14.1,25.0,22.6,21.0,0.0,-99.8,-99.8,-99.8,-99.8,-99.8,-99.8,-99.8
2022-10-12 13:00:00,1017.8,22.4,62.0,11.8,32.0,22.1,23.0,0.0,-99.8,-99.8,-99.8,-99.8,-99.8,-99.8,-99.8
2022-10-12 14:00:00,1016.9,22.3,67.0,13.9,25.0,21.9,24.0,0.0,-99.8,-99.8,-99.8,-99.8,-99.8,-99.8,-99.8
2022-10-12 15:00:00,1016.6,22.3,69.0,13.7,28.0,22.2,28.0,0.0,-99.8,-99.8,-99.8,-99.8,-99.8,-99.8,-99.8
2022-10-12 16:00:00,1016.8,22.2,66.0,13.0,29.0,21.8,21.0,0.0,-99.8,-99.8,-99.8,-99.8,-99.8,-99.8,-99.8
2022-10-12 17:00:00,1017.1,22.2,67.0,12.9,27.0,21.2,32.0,0.0,-99.8,-99.8,-99.8,-99.8,-99.8,-99.8,-99.8
2022-10-12 18:00:00,1017.1,22.3,66.0,12.0,31.0,21.0,17.0,0.0,-99.8,-99.8,-99.8,-99.8,-99.8,-99.8,-99.8
2022-10-12 19:00:00,1017.4,22.3,67.0,13.0,29.0,21.4,22.0,0.0,-99.8,-99.8,-99.8,-99.8,-99.8,-99.8,-99.8
2022-10-12 20:00:00,1017.8,22.4,65.0,11.9,32.0,22.4,27.0,0.0,-99.8,-99.8,-99.8,-99.8,-99.8,-99.8,-99.8
2022-10-12 21:00:00,1017.9,22.3,66.0,13.7,27.0,21.2,27.0,0.0,-99.8,-99.8,-99.8,-99.8,-99.8,-99.8,-99.8
2022-10-12 22:00:00,1017.6,22.2,69.0,12.1,33.0,20.9,27.0,0.0,-99.8,-99.8,-99.8,-99.8,-99.8,-99.8,-99.8
2022-10-12 23:00:00,1017.3,22.1,69.0,13.5,29.0,20.9,31.0,0.0,-99.8,-99.8,-99.8,-99.8,-99.8,-99.8,-99.8
2022-10-13 00:00:00,1016.9,22.2,73.0,13.1,25.0,21.4,23.0,0.0,-99.8,-99.8,-99.8,-99.8,-99.8,-99.8,-99.8
2022-10-13 01:00:00,1016.7,21.6,73.0,13.3,23.0,21.4,29.0,0.0,-99.8,-99.8,-99.8,-99.8,-99.8,-99.8,-99.8
2022-10-13 02:00:00,1016.4,21.4,72.0,13.2,28.0,20.1,30.0,0.0,-99.8,-99.8,-99.8,-99.8,-99.8,-99.8,-99.8
2022-10-13 03:00:00,1015.9,21.4,74.0,13.1,26.0,20.3,22.0,0.0,-99.8,-99.8,-99.8,-99.8,-99.8,-99.8,-99.8
2022-10-13 04:00:00,1015.6,21.2,75.0,13.4,25.0,20.2,28.0,0.0,-99.8,-99.8,-99.8,-99.8,-99.8,-99.8,-99.8
2022-10-13 05:00:00,1015.7,20.9,75.0,12.8,22.0,20.8,13.0,0.0,-99.8,-99.8,-99.8,-99.8,-99.8,-99.8,-99.8
2022-10-13 06:00:00,1016.0,20.7,74.0,12.2,24.0,19.9,26.0,0.0,-99.8,-99.8,-99.8,-99.8,-99.8,-99.8,-99.8
2022-10-13 07:00:00,1016.6,20.9,73.0,12.3,26.0,19.2,21.0,0.0,-99.8,-99.8,-99.8,-99.8,-99.8,-99.8,-99.8
2022-10-13 08:00:00,1016.9,21.5,72.0,12.2,26.0,18.4,25.0,0.0,-99.8,-99.8,-99.8,-99.8,-99.8,-99.8,-99.8
2022-10-13 09:00:00,1017.2,21.9,72.0,12.1,25.0,18.8,17.0,0.0,-99.8,-99.8,-99.8,-99.8,-99.8,-99.8,-99.8
2022-10-13 10:00:00,1017.2,22.3,71.0,11.7,21.0,18.0,18.0,0.0,-99.8,-99.8,-99.8,-99.8,-99.8,-99.8,-99.8
2022-10-13 11:00:00,1016.9,22.6,70.0,10.9,24.0,17.0,20.0,0.0,-99.8,-99.8,-99.8,-99.8,-99.8,-99.8,-99.8
2022-10-13 12:00:00,1016.0,22.8,71.0,10.9,27.0,16.7,24.0,0.0,-99.8,-99.8,-99.8,-99.8,-99.8,-99.8,-99.8
2022-10-13 13:00:00,1015.4,23.3,72.0,10.5,28.0,16.4,19.0,0.0,-99.8,-99.8,-99.8,-99.8,-99.8,-99.8,-99.8
2022-10-13 14:00:00,1014.5,23.3,73.0,10.3,30.0,17.0,29.0,0.0,-99.8,-99.8,-99.8,-99.8,-99.8,-99.8,-99.8
2022-10-13 15:00:00,1014.2,23.2,73.0,11.9,28.0,18.4,31.0,0.0,-99.8,-99.8,-99.8,-99.8,-99.8,-99.8,-99.8
2022-10-13 16:00:00,1014.1,23.2,72.0,12.6,26.0,18.3,19.0,0.0,-99.8,-99.8,-99.8,-99.8,-99.8,-99.8,-99.8
2022-10-13 17:00:00,1014.4,23.2,69.0,11.1,30.0,19.7,18.0,0.0,-99.8,-99.8,-99.8,-99.8,-99.8,-99.8,-99.8
2022-10-13 18:00:00,1014.4,23.4,67.0,10.5,29.0,18.0,33.0,0.0,-99.8,-99.8,-99.8,-99.8,-99.8,-99.8,-99.8
2022-10-13 19:00:00,1014.7,23.6,69.0,9.8,32.0,18.0,38.0,0.0,-99.8,-99.8,-99.8,-99.8,-99.8,-99.8,-99.8
2022-10-13 20:00:00,1014.9,23.4,70.0,9.8,33.0,19.3,26.0,0.0,-99.8,-99.8,-99.8,-99.8,-99.8,-99.8,-99.8
2022-10-13 21:00:00,1015.4,23.5,67.0,9.3,31.0,18.9,35.0,0.0,-99.8,-99.8,-99.8,-99.8,-99.8,-99.8,-99.8
2022-10-13 22:00:00,1015.3,23.5,72.0,9.7,32.0,18.9,35.0,0.0,-99.8,-99.8,-99.8,-99.8,-99.8,-99.8,-99.8
2022-10-13 23:00:00,1015.1,23.1,72.0,10.7,30.0,18.1,16.0,0.0,-99.8,-99.8,-99.8,-99.8,-99.8,-99.8,-99.8
2022-10-14 00:00:00,1014.7,22.8,73.0,10.4,30.0,17.6,40.0,0.0,-99.8,-99.8,-99.8,-99.8,-99.8,-99.8,-99.8
2022-10-14 01:00:00,1014.4,22.6,75.0,10.7,30.0,17.2,28.0,0.0,-99.8,-99.8,-99.8,-99.8,-99.8,-99.8,-99.8
2022-10-14 02:00:00,1013.7,22.6,75.0,11.1,27.0,16.7,35.0,0.0,-99.8,-99.8,-99.8,-99.8,-99.8,-99.8,-99.8
2022-10-14 03:00:00,1013.4,22.2,77.0,11.2,22.0,18.2,19.0,0.0,-99.8,-99.8,-99.8,-99.8,-99.8,-99.8,-99.8
2022-10-14 04:00:00,1013.2,22.1,74.0,11.9,24.0,17.9,25.0,0.0,-99.8,-99.8,-99.8,-99.8,-99.8,-99.8,-99.8
2022-10-14 05:00:00,1013.4,22.0,72.0,11.7,17.0,22.8,11.0,0.0,-99.8,-99.8,-99.8,-99.8,-99.8,-99.8,-99.8
2022-10-14 06:00:00,1013.9,22.1,72.0,10.9,16.0,16.6,14.0,0.0,-99.8,-99.8,-99.8,-99.8,-99.8,-99.8,-99.8
2022-10-14 07:00:00,1014.4,22.0,71.0,10.8,18.0,16.0,31.0,0.0,-99.8,-99.8,-99.8,-99.8,-99.8,-99.8,-99.8
2022-10-14 08:00:00,1014.7,22.3,74.0,10.8,14.0,19.1,7.0,0.0,-99.8,-99.8,-99.8,-99.8,-99.8,-99.8,-99.8
2022-10-14 09:00:00,1014.8,22.9,74.0,10.9,19.0,17.5,16.0,0.0,-99.8,-99.8,-99.8,-99.8,-99.8,-99.8,-99.8
2022-10-14 10:00:00,1014.4,22.6,76.0,11.2,19.0,18.4,25.0,0.0,-99.8,-99.8,-99.8,-99.8,-99.8,-99.8,-99.8
2022-10-14 11:00:00,1013.8,22.8,74.0,11.4,23.0,16.1,25.0,0.0,-99.8,-99.8,-99.8,-99.8,-99.8,-99.8,-99.8
2022-10-14 12:00:00,1013.1,22.5,76.0,10.5,24.0,15.9,32.0,0.0,-99.8,-99.8,-99.8,-99.8,-99.8,-99.8,-99.8
2022-10-14 13:00:00,1012.4,22.7,76.0,9.8,26.0,15.7,28.0,0.0,-99.8,-99.8,-99.8,-99.8,-99.8,-99.8,-99.8
2022-10-14 14:00:00,1011.8,23.4,72.0,9.3,28.0,14.5,36.0,0.0,-99.8,-99.8,-99.8,-99.8,-99.8,-99.8,-99.8
2022-10-14 15:00:00,1011.5,23.9,70.0,8.4,33.0,13.9,29.0,0.0,-99.8,-99.8,-99.8,-99.8,-99.8,-99.8,-99.8
2022-10-14 16:00:00,1011.4,23.8,70.0,8.8,31.0,16.6,33.0,0.0,-99.8,-99.8,-99.8,-99.8,-99.8,-99.8,-99.8
2022-10-14 17:00:00,1011.4,24.0,66.0,8.8,31.0,16.4,29.0,0.0,-99.8,-99.8,-99.8,-99.8,-99.8,-99.8,-99.8
2022-10-14 18:00:00,1012.0,24.2,67.0,8.4,32.0,17.6,30.0,0.0,-99.8,-99.8,-99.8,-99.8,-99.8,-99.8,-99.8
2022-10-14 19:00:00,1012.5,24.2,76.0,6.4,33.0,16.8,36.0,0.0,-99.8,-99.8,-99.8,-99.8,-99.8,-99.8,-99.8
2022-10-14 20:00:00,1012.9,24.0,78.0,8.3,33.0,16.9,30.0,0.0,-99.8,-99.8,-99.8,-99.8,-99.8,-99.8,-99.8
2022-10-14 21:00:00,1013.2,23.7,80.0,8.5,32.0,15.5,29.0,0.0,-99.8,-99.8,-99.8,-99.8,-99.8,-99.8,-99.8
2022-10-14 22:00:00,1012.9,23.8,80.0,10.4,26.0,15.8,23.0,0.0,-99.8,-99.8,-99.8,-99.8,-99.8,-99.8,-99.8
2022-10-14 23:00:00,1012.6,23.4,80.0,10.7,27.0,15.5,25.0,0.0,-99.8,-99.8,-99.8,-99.8,-99.8,-99.8,-99.8
2022-10-15 00:00:00,1012.3,23.4,79.0,11.1,24.0,17.1,20.0,0.0,-99.8,-99.8,-99.8,-99.8,-99.8,-99.8,-99.8
2022-10-15 01:00:00,1011.5,23.2,80.0,12.4,21.0,17.7,23.0,0.0,-99.8,-99.8,-99.8,-99.8,-99.8,-99.8,-99.8
2022-10-15 02:00:00,1011.4,23.1,76.0,12.6,17.0,21.5,9.0,0.0,-99.8,-99.8,-99.8,-99.8,-99.8,-99.8,-99.8
2022-10-15 03:00:00,1011.0,23.0,76.0,12.0,18.0,19.8,8.0,0.0,-99.8,-99.8,-99.8,-99.8,-99.8,-99.8,-99.8
2022-10-15 04:00:00,1011.1,23.1,73.0,10.9,19.0,17.9,7.0,0.0,-99.8,-99.8,-99.8,-99.8,-99.8,-99.8,-99.8
2022-10-15 05:00:00,1011.4,23.1,73.0,11.2,19.0,17.4,30.0,0.0,-99.8,-99.8,-99.8,-99.8,-99.8,-99.8,-99.8
2022-10-15 06:00:00,1011.6,22.9,73.0,11.7,20.0,16.8,24.0,0.0,-99.8,-99.8,-99.8,-99.8,-99.8,-99.8,-99.8
2022-10-15 07:00:00,1012.2,23.0,73.0,10.9,20.0,17.0,25.0,0.0,-99.8,-99.8,-99.8,-99.8,-99.8,-99.8,-99.8
2022-10-15 08:00:00,1012.7,23.3,73.0,11.9,25.0,16.8,23.0,0.0,-99.8,-99.8,-99.8,-99.8,-99.8,-99.8,-99.8
2022-10-15 09:00:00,1012.6,23.4,73.0,11.0,23.0,17.7,25.0,0.0,-99.8,-99.8,-99.8,-99.8,-99.8,-99.8,-99.8
2022-10-15 10:00:00,1012.0,23.5,73.0,12.8,25.0,19.0,25.0,0.0,-99.8,-99.8,-99.8,-99.8,-99.8,-99.8,-99.8
2022-10-15 11:00:00,1011.9,22.8,80.0,12.9,24.0,20.1,27.0,0.0,-99.8,-99.8,-99.8,-99.8,-99.8,-99.8,-99.8
2022-10-15 12:00:00,1011.5,21.1,91.0,13.1,23.0,20.6,25.0,0.0,-99.8,-99.8,-99.8,-99.8,-99.8,-99.8,-99.8
2022-10-15 13:00:00,1010.9,21.4,94.0,12.8,21.0,20.3,12.0,0.0,-99.8,-99.8,-99.8,-99.8,-99.8,-99.8,-99.8
2022-10-15 14:00:00,1010.4,22.3,87.0,12.7,19.0,22.4,13.0,0.5,-99.8,-99.8,-99.8,-99.8,-99.8,-99.8,-99.8
2022-10-15 15:00:00,1010.7,22.6,84.0,12.2,23.0,20.9,28.0,0.0,-99.8,-99.8,-99.8,-99.8,-99.8,-99.8,-99.8
2022-10-15 16:00:00,1010.8,21.8,87.0,13.4,25.0,21.8,21.0,0.0,-99.8,-99.8,-99.8,-99.8,-99.8,-99.8,-99.8
2022-10-15 17:00:00,1010.9,22.8,80.0,12.5,27.0,20.6,22.0,0.0,-99.8,-99.8,-99.8,-99.8,-99.8,-99.8,-99.8
2022-10-15 18:00:00,1011.3,22.8,79.0,10.0,31.0,19.7,29.0,0.0,-99.8,-99.8,-99.8,-99.8,-99.8,-99.8,-99.8
2022-10-15 19:00:00,1011.5,23.3,77.0,11.7,27.0,18.7,21.0,0.0,-99.8,-99.8,-99.8,-99.8,-99.8,-99.8,-99.8
2022-10-15 20:00:00,1011.9,23.0,81.0,11.7,27.0,21.3,33.0,0.0,-99.8,-99.8,-99.8,-99.8,-99.8,-99.8,-99.8
2022-10-15 21:00:00,1011.9,23.1,78.0,12.4,27.0,20.3,27.0,0.0,-99.8,-99.8,-99.8,-99.8,-99.8,-99.8,-99.8
2022-10-15 22:00:00,1011.9,23.1,79.0,13.2,28.0,19.8,32.0,0.0,-99.8,-99.8,-99.8,-99.8,-99.8,-99.8,-99.8
2022-10-15 23:00:00,1011.3,22.9,78.0,13.7,27.0,21.5,30.0,0.0,-99.8,-99.8,-99.8,-99.8,-99.8,-99.8,-99.8
2022-10-16 00:00:00,1010.8,23.2,72.0,14.4,26.0,24.3,28.0,0.0,-99.8,-99.8,-99.8,-99.8,-99.8,-99.8,-99.8
2022-10-16 01:00:00,1010.5,22.9,78.0,13.8,24.0,22.0,26.0,0.0,-99.8,-99.8,-99.8,-99.8,-99.8,-99.8,-99.8
2022-10-16 02:00:00,1009.8,23.1,75.0,13.9,21.0,21.9,19.0,0.0,-99.8,-99.8,-99.8,-99.8,-99.8,-99.8,-99.8
2022-10-16 03:00:00,1009.8,22.9,77.0,14.0,21.0,23.6,20.0,0.5,-99.8,-99.8,-99.8,-99.8,-99.8,-99.8,-99.8
2022-10-16 04:00:00,1010.0,22.4,79.0,14.0,25.0,22.1,27.0,0.0,-99.8,-99.8,-99.8,-99.8,-99.8,-99.8,-99.8
2022-10-16 05:00:00,1010.1,22.4,83.0,14.0,18.0,22.4,24.0,0.0,-99.8,-99.8,-99.8,-99.8,-99.8,-99.8,-99.8
2022-10-16 06:00:00,1010.0,22.2,80.0,15.7,22.0,22.2,20.0,0.0,-99.8,-99.8,-99.8,-99.8,-99.8,-99.8,-99.8
2022-10-16 07:00:00,1010.6,22.1,81.0,14.8,24.0,23.5,21.0,0.0,-99.8,-99.8,-99.8,-99.8,-99.8,-99.8,-99.8
2022-10-16 08:00:00,1011.0,22.2,82.0,15.4,24.0,22.8,16.0,0.0,-99.8,-99.8,-99.8,-99.8,-99.8,-99.8,-99.8
2022-10-16 09:00:00,1011.1,22.3,82.0,14.7,24.0,22.9,27.0,0.0,-99.8,-99.8,-99.8,-99.8,-99.8,-99.8,-99.8
2022-10-16 10:00:00,1011.4,22.4,82.0,14.0,27.0,22.2,28.0,0.0,-99.8,-99.8,-99.8,-99.8,-99.8,-99.8,-99.8
2022-10-16 11:00:00,1010.9,22.7,83.0,13.7,24.0,22.7,29.0,0.0,-99.8,-99.8,-99.8,-99.8,-99.8,-99.8,-99.8
2022-10-16 12:00:00,1010.2,22.7,83.0,14.3,25.0,21.3,27.0,0.0,-99.8,-99.8,-99.8,-99.8,-99.8,-99.8,-99.8
2022-10-16 13:00:00,1010.2,22.9,83.0,13.7,26.0,21.6,25.0,0.0,-99.8,-99.8,-99.8,-99.8,-99.8,-99.8,-99.8
2022-10-16 14:00:00,1010.1,22.7,83.0,14.6,27.0,21.9,24.0,0.0,-99.8,-99.8,-99.8,-99.8,-99.8,-99.8,-99.8
2022-10-16 15:00:00,1009.7,22.9,82.0,13.7,27.0,21.4,21.0,0.0,-99.8,-99.8,-99.8,-99.8,-99.8,-99.8,-99.8
2022-10-16 16:00:00,1008.9,22.5,87.0,14.7,27.0,23.8,25.0,0.0,-99.8,-99.8,-99.8,-99.8,-99.8,-99.8,-99.8
2022-10-16 17:00:00,1008.9,22.2,88.0,15.8,24.0,25.0,27.0,0.0,-99.8,-99.8,-99.8,-99.8,-99.8,-99.8,-99.8
2022-10-16 18:00:00,1009.5,22.7,84.0,16.0,23.0,24.2,20.0,0.5,-99.8,-99.8,-99.8,-99.8,-99.8,-99.8,-99.8
2022-10-16 19:00:00,1010.2,22.9,84.0,15.1,26.0,23.9,19.0,0.0,-99.8,-99.8,-99.8,-99.8,-99.8,-99.8,-99.8
2022-10-16 20:00:00,1011.0,23.0,82.0,13.4,27.0,22.7,20.0,0.0,-99.8,-99.8,-99.8,-99.8,-99.8,-99.8,-99.8
2022-10-16 21:00:00,1011.1,23.4,80.0,14.4,27.0,21.9,34.0,0.0,-99.8,-99.8,-99.8,-99.8,-99.8,-99.8,-99.8
2022-10-16 22:00:00,1011.1,23.2,81.0,13.7,28.0,25.4,27.0,0.0,-99.8,-99.8,-99.8,-99.8,-99.8,-99.8,-99.8
2022-10-16 23:00:00,1011.3,23.2,79.0,14.1,29.0,22.7,32.0,0.0,-99.8,-99.8,-99.8,-99.8,-99.8,-99.8,-99.8
2022-10-17 00:00:00,1010.8,22.8,79.0,16.1,27.0,25.3,32.0,0.0,-99.8,-99.8,-99.8,-99.8,-99.8,-99.8,-99.8
2022-10-17 01:00:00,1010.7,22.7,82.0,14.6,27.0,23.9,32.0,0.0,-99.8,-99.8,-99.8,-99.8,-99.8,-99.8,-99.8
2022-10-17 02:00:00,1010.5,22.5,81.0,14.6,27.0,25.1,27.0,0.0,-99.8,-99.8,-99.8,-99.8,-99.8,-99.8,-99.8
2022-10-17 03:00:00,1010.5,22.6,81.0,14.5,26.0,22.7,32.0,0.0,-99.8,-99.8,-99.8,-99.8,-99.8,-99.8,-99.8
2022-10-17 04:00:00,1010.7,22.5,80.0,14.9,27.0,22.4,29.0,0.0,-99.8,-99.8,-99.8,-99.8,-99.8,-99.8,-99.8
2022-10-17 05:00:00,1011.2,22.3,81.0,14.9,26.0,22.7,33.0,0.0,-99.8,-99.8,-99.8,-99.8,-99.8,-99.8,-99.8
2022-10-17 06:00:00,1011.6,22.0,82.0,14.9,25.0,23.2,19.0,0.0,-99.8,-99.8,-99.8,-99.8,-99.8,-99.8,-99.8
2022-10-17 07:00:00,1012.2,21.8,78.0,14.9,27.0,24.3,25.0,0.0,-99.8,-99.8,-99.8,-99.8,-99.8,-99.8,-99.8
2022-10-17 08:00:00,1013.3,21.6,79.0,14.7,27.0,22.9,28.0,0.0,-99.8,-99.8,-99.8,-99.8,-99.8,-99.8,-99.8
2022-10-17 09:00:00,1013.8,21.8,70.0,15.9,28.0,23.6,25.0,0.0,-99.8,-99.8,-99.8,-99.8,-99.8,-99.8,-99.8
2022-10-17 10:00:00,1014.0,21.9,67.0,15.8,24.0,23.5,31.0,0.0,-99.8,-99.8,-99.8,-99.8,-99.8,-99.8,-99.8
2022-10-17 11:00:00,1013.8,21.5,67.0,15.5,24.0,25.7,17.0,0.0,-99.8,-99.8,-99.8,-99.8,-99.8,-99.8,-99.8
2022-10-17 12:00:00,1013.5,21.2,72.0,14.8,22.0,22.6,25.0,0.0,-99.8,-99.8,-99.8,-99.8,-99.8,-99.8,-99.8
2022-10-17 13:00:00,1013.3,20.5,68.0,14.0,28.0,23.4,14.0,0.0,-99.8,-99.8,-99.8,-99.8,-99.8,-99.8,-99.8
2022-10-17 14:00:00,1013.1,21.2,68.0,14.5,27.0,23.6,24.0,0.0,-99.8,-99.8,-99.8,-99.8,-99.8,-99.8,-99.8
2022-10-17 15:00:00,1013.3,21.7,66.0,14.9,24.0,26.6,19.0,0.0,-99.8,-99.8,-99.8,-99.8,-99.8,-99.8,-99.8
2022-10-17 16:00:00,1013.4,22.1,62.0,14.0,25.0,23.1,7.0,0.0,-99.8,-99.8,-99.8,-99.8,-99.8,-99.8,-99.8
2022-10-17 17:00:00,1014.1,22.4,58.0,15.4,25.0,26.1,24.0,0.0,-99.8,-99.8,-99.8,-99.8,-99.8,-99.8,-99.8
2022-10-17 18:00:00,1014.6,22.4,61.0,13.7,27.0,25.2,32.0,0.0,-99.8,-99.8,-99.8,-99.8,-99.8,-99.8,-99.8
2022-10-17 19:00:00,1015.5,22.6,60.0,14.1,30.0,25.8,29.0,0.0,-99.8,-99.8,-99.8,-99.8,-99.8,-99.8,-99.8
2022-10-17 20:00:00,1016.1,22.3,59.0,13.2,33.0,23.5,34.0,0.0,-99.8,-99.8,-99.8,-99.8,-99.8,-99.8,-99.8
2022-10-17 21:00:00,1017.1,21.9,60.0,12.6,34.0,26.2,47.0,0.0,-99.8,-99.8,-99.8,-99.8,-99.8,-99.8,-99.8
2022-10-17 22:00:00,1017.1,21.5,59.0,13.2,33.0,24.2,33.0,0.0,-99.8,-99.8,-99.8,-99.8,-99.8,-99.8,-99.8
2022-10-17 23:00:00,1017.0,21.2,65.0,12.9,33.0,24.6,27.0,0.0,-99.8,-99.8,-99.8,-99.8,-99.8,-99.8,-99.8
2022-10-18 00:00:00,1017.0,21.0,68.0,12.6,33.0,22.0,22.0,0.0,-99.8,-99.8,-99.8,-99.8,-99.8,-99.8,-99.8
2022-10-18 01:00:00,1016.7,20.6,67.0,12.2,33.0,24.6,31.0,0.0,-99.8,-99.8,-99.8,-99.8,-99.8,-99.8,-99.8
2022-10-18 02:00:00,1016.5,20.3,65.0,12.6,32.0,23.2,23.0,0.0,-99.8,-99.8,-99.8,-99.8,-99.8,-99.8,-99.8
2022-10-18 03:00:00,1016.4,20.1,61.0,13.0,31.0,21.6,40.0,0.0,-99.8,-99.8,-99.8,-99.8,-99.8,-99.8,-99.8
2022-10-18 04:00:00,1016.5,20.0,58.0,12.8,31.0,22.5,24.0,0.0,-99.8,-99.8,-99.8,-99.8,-99.8,-99.8,-99.8
2022-10-18 05:00:00,1017.0,19.7,58.0,12.4,33.0,21.3,36.0,0.0,-99.8,-99.8,-99.8,-99.8,-99.8,-99.8,-99.8
2022-10-18 06:00:00,1017.9,19.5,54.0,13.0,29.0,21.9,28.0,0.0,-99.8,-99.8,-99.8,-99.8,-99.8,-99.8,-99.8
2022-10-18 07:00:00,1018.6,19.2,56.0,12.8,28.0,21.0,31.0,0.0,-99.8,-99.8,-99.8,-99.8,-99.8,-99.8,-99.8
2022-10-18 08:00:00,1019.0,18.8,59.0,13.8,28.0,21.5,25.0,0.0,-99.8,-99.8,-99.8,-99.8,-99.8,-99.8,-99.8
2022-10-18 09:00:00,1019.9,18.5,58.0,12.7,26.0,22.6,26.0,0.0,-99.8,-99.8,-99.8,-99.8,-99.8,-99.8,-99.8
2022-10-18 10:00:00,1019.9,18.3,61.0,14.2,24.0,22.3,20.0,0.0,-99.8,-99.8,-99.8,-99.8,-99.8,-99.8,-99.8
2022-10-18 11:00:00,1019.4,18.8,61.0,14.0,25.0,22.4,26.0,0.0,-99.8,-99.8,-99.8,-99.8,-99.8,-99.8,-99.8
2022-10-18 12:00:00,1019.0,18.7,59.0,13.4,27.0,21.2,34.0,0.0,-99.8,-99.8,-99.8,-99.8,-99.8,-99.8,-99.8
2022-10-18 13:00:00,1018.1,19.0,57.0,14.1,25.0,21.3,23.0,0.0,-99.8,-99.8,-99.8,-99.8,-99.8,-99.8,-99.8
2022-10-18 14:00:00,1018.2,19.2,54.0,13.0,27.0,20.2,26.0,0.0,-99.8,-99.8,-99.8,-99.8,-99.8,-99.8,-99.8
2022-10-18 15:00:00,1018.1,19.5,60.0,12.4,28.0,19.6,12.0,0.0,-99.8,-99.8,-99.8,-99.8,-99.8,-99.8,-99.8
2022-10-18 16:00:00,1018.2,19.5,64.0,12.3,28.0,20.2,13.0,0.0,-99.8,-99.8,-99.8,-99.8,-99.8,-99.8,-99.8
2022-10-18 17:00:00,1018.3,20.3,61.0,13.4,28.0,20.2,26.0,0.0,-99.8,-99.8,-99.8,-99.8,-99.8,-99.8,-99.8
2022-10-18 18:00:00,1019.1,20.5,58.0,11.4,33.0,22.0,28.0,0.0,-99.8,-99.8,-99.8,-99.8,-99.8,-99.8,-99.8
2022-10-18 19:00:00,1019.5,20.8,59.0,10.7,33.0,21.9,34.0,0.0,-99.8,-99.8,-99.8,-99.8,-99.8,-99.8,-99.8
2022-10-18 20:00:00,1019.7,20.8,59.0,10.6,33.0,19.1,24.0,0.0,-99.8,-99.8,-99.8,-99.8,-99.8,-99.8,-99.8
2022-10-18 21:00:00,1020.0,21.0,52.0,11.0,32.0,21.3,31.0,0.0,-99.8,-99.8,-99.8,-99.8,-99.8,-99.8,-99.8
2022-10-18 22:00:00,1020.0,20.6,58.0,11.1,32.0,19.8,39.0,0.0,-99.8,-99.8,-99.8,-99.8,-99.8,-99.8,-99.8
2022-10-18 23:00:00,1020.0,20.0,60.0,11.4,32.0,19.5,30.0,0.0,-99.8,-99.8,-99.8,-99.8,-99.8,-99.8,-99.8
2022-10-19 00:00:00,1019.2,19.9,60.0,12.0,31.0,20.4,22.0,0.0,-99.8,-99.8,-99.8,-99.8,-99.8,-99.8,-99.8
2022-10-19 01:00:00,1019.0,19.3,62.0,12.8,26.0,20.1,23.0,0.0,-99.8,-99.8,-99.8,-99.8,-99.8,-99.8,-99.8
2022-10-19 02:00:00,1018.5,19.1,66.0,13.8,27.0,20.4,29.0,0.0,-99.8,-99.8,-99.8,-99.8,-99.8,-99.8,-99.8
2022-10-19 03:00:00,1018.7,18.9,65.0,13.1,25.0,20.6,37.0,0.0,-99.8,-99.8,-99.8,-99.8,-99.8,-99.8,-99.8
2022-10-19 04:00:00,1018.4,18.8,66.0,13.2,24.0,20.4,27.0,0.0,-99.8,-99.8,-99.8,-99.8,-99.8,-99.8,-99.8
2022-10-19 05:00:00,1018.7,18.7,66.0,12.8,24.0,20.4,28.0,0.0,-99.8,-99.8,-99.8,-99.8,-99.8,-99.8,-99.8
2022-10-19 06:00:00,1019.2,18.4,67.0,12.9,25.0,19.6,27.0,0.0,-99.8,-99.8,-99.8,-99.8,-99.8,-99.8,-99.8
2022-10-19 07:00:00,1019.9,18.5,65.0,12.9,26.0,19.8,33.0,0.0,-99.8,-99.8,-99.8,-99.8,-99.8,-99.8,-99.8
2022-10-19 08:00:00,1020.6,18.9,65.0,13.2,27.0,20.8,32.0,0.0,-99.8,-99.8,-99.8,-99.8,-99.8,-99.8,-99.8
2022-10-19 09:00:00,1021.0,18.7,65.0,13.3,27.0,20.3,28.0,0.0,-99.8,-99.8,-99.8,-99.8,-99.8,-99.8,-99.8
2022-10-19 10:00:00,1021.1,19.2,65.0,13.9,22.0,20.7,25.0,0.0,-99.8,-99.8,-99.8,-99.8,-99.8,-99.8,-99.8
2022-10-19 11:00:00,1020.7,19.5,65.0,14.1,23.0,19.8,28.0,0.0,-99.8,-99.8,-99.8,-99.8,-99.8,-99.8,-99.8
2022-10-19 12:00:00,1020.5,19.5,65.0,12.8,27.0,20.5,26.0,0.0,-99.8,-99.8,-99.8,-99.8,-99.8,-99.8,-99.8
2022-10-19 13:00:00,1019.9,19.8,65.0,13.4,27.0,20.1,31.0,0.0,-99.8,-99.8,-99.8,-99.8,-99.8,-99.8,-99.8
2022-10-19 14:00:00,1019.7,20.2,68.0,12.9,26.0,20.4,22.0,0.0,-99.8,-99.8,-99.8,-99.8,-99.8,-99.8,-99.8
2022-10-19 15:00:00,1019.7,20.3,65.0,13.8,27.0,20.5,33.0,0.0,-99.8,-99.8,-99.8,-99.8,-99.8,-99.8,-99.8
2022-10-19 16:00:00,1020.2,20.3,69.0,13.0,26.0,21.1,34.0,0.0,-99.8,-99.8,-99.8,-99.8,-99.8,-99.8,-99.8
2022-10-19 17:00:00,1020.3,20.1,69.0,14.0,28.0,20.8,29.0,0.0,-99.8,-99.8,-99.8,-99.8,-99.8,-99.8,-99.8
2022-10-19 18:00:00,1020.5,20.1,68.0,13.1,28.0,20.2,40.0,0.0,-99.8,-99.8,-99.8,-99.8,-99.8,-99.8,-99.8
2022-10-19 19:00:00,1020.9,20.2,71.0,12.9,28.0,22.8,22.0,0.0,-99.8,-99.8,-99.8,-99.8,-99.8,-99.8,-99.8
2022-10-19 20:00:00,1021.5,20.3,70.0,12.9,28.0,20.9,28.0,0.0,-99.8,-99.8,-99.8,-99.8,-99.8,-99.8,-99.8
2022-10-19 21:00:00,1021.8,20.3,69.0,12.3,29.0,20.0,27.0,0.0,-99.8,-99.8,-99.8,-99.8,-99.8,-99.8,-99.8
2022-10-19 22:00:00,1021.3,20.3,70.0,12.7,26.0,19.2,18.0,0.0,-99.8,-99.8,-99.8,-99.8,-99.8,-99.8,-99.8
2022-10-19 23:00:00,1021.0,20.2,72.0,13.1,27.0,20.2,22.0,0.0,-99.8,-99.8,-99.8,-99.8,-99.8,-99.8,-99.8
2022-10-20 00:00:00,1020.7,20.1,72.0,12.3,27.0,18.6,27.0,0.0,-99.8,-99.8,-99.8,-99.8,-99.8,-99.8,-99.8
2022-10-20 01:00:00,1020.3,20.0,71.0,12.3,24.0,20.8,32.0,0.0,-99.8,-99.8,-99.8,-99.8,-99.8,-99.8,-99.8
2022-10-20 02:00:00,1019.6,20.0,71.0,13.0,23.0,18.8,29.0,0.0,-99.8,-99.8,-99.8,-99.8,-99.8,-99.8,-99.8
2022-10-20 03:00:00,1019.6,19.8,73.0,11.9,24.0,19.1,31.0,0.0,-99.8,-99.8,-99.8,-99.8,-99.8,-99.8,-99.8
2022-10-20 04:00:00,1019.4,19.5,74.0,13.0,21.0,19.6,14.0,0.0,-99.8,-99.8,-99.8,-99.8,-99.8,-99.8,-99.8
2022-10-20 05:00:00,1019.3,19.4,73.0,12.9,20.0,19.5,25.0,0.0,-99.8,-99.8,-99.8,-99.8,-99.8,-99.8,-99.8
2022-10-20 06:00:00,1019.6,19.9,74.0,12.3,21.0,18.8,28.0,0.0,-99.8,-99.8,-99.8,-99.8,-99.8,-99.8,-99.8
2022-10-20 07:00:00,1020.3,19.9,72.0,12.3,22.0,19.1,12.0,0.0,-99.8,-99.8,-99.8,-99.8,-99.8,-99.8,-99.8
2022-10-20 08:00:00,1021.0,20.3,73.0,12.4,24.0,18.0,37.0,0.0,-99.8,-99.8,-99.8,-99.8,-99.8,-99.8,-99.8
2022-10-20 09:00:00,1021.2,20.5,69.0,12.6,23.0,19.1,30.0,0.0,-99.8,-99.8,-99.8,-99.8,-99.8,-99.8,-99.8
2022-10-20 10:00:00,1021.6,20.7,70.0,12.0,23.0,18.3,18.0,0.0,-99.8,-99.8,-99.8,-99.8,-99.8,-99.8,-99.8
2022-10-20 11:00:00,1021.1,21.0,69.0,12.0,22.0,17.8,18.0,0.0,-99.8,-99.8,-99.8,-99.8,-99.8,-99.8,-99.8
2022-10-20 12:00:00,1020.4,21.2,69.0,12.4,22.0,19.7,22.0,0.0,-99.8,-99.8,-99.8,-99.8,-99.8,-99.8,-99.8
2022-10-20 13:00:00,1019.7,21.6,69.0,12.0,21.0,17.7,20.0,0.0,-99.8,-99.8,-99.8,-99.8,-99.8,-99.8,-99.8
2022-10-20 14:00:00,1019.3,21.6,68.0,12.3,23.0,17.0,24.0,0.0,-99.8,-99.8,-99.8,-99.8,-99.8,-99.8,-99.8
2022-10-20 15:00:00,1019.3,21.6,67.0,11.0,24.0,17.0,36.0,0.0,-99.8,-99.8,-99.8,-99.8,-99.8,-99.8,-99.8
2022-10-20 16:00:00,1019.5,21.6,67.0,11.0,26.0,17.5,23.0,0.0,-99.8,-99.8,-99.8,-99.8,-99.8,-99.8,-99.8
2022-10-20 17:00:00,1019.8,21.1,68.0,11.0,27.0,16.3,18.0,0.0,-99.8,-99.8,-99.8,-99.8,-99.8,-99.8,-99.8
2022-10-20 18:00:00,1019.9,21.0,70.0,11.2,28.0,16.9,28.0,0.0,-99.8,-99.8,-99.8,-99.8,-99.8,-99.8,-99.8
2022-10-20 19:00:00,1020.1,20.9,71.0,10.6,27.0,16.3,24.0,0.0,-99.8,-99.8,-99.8,-99.8,-99.8,-99.8,-99.8
2022-10-20 20:00:00,1020.4,20.9,73.0,11.6,26.0,16.4,20.0,0.0,-99.8,-99.8,-99.8,-99.8,-99.8,-99.8,-99.8
2022-10-20 21:00:00,1020.3,20.9,75.0,10.6,22.0,16.9,33.0,0.0,-99.8,-99.8,-99.8,-99.8,-99.8,-99.8,-99.8
2022-10-20 22:00:00,1020.3,20.8,77.0,10.6,24.0,15.7,30.0,0.0,-99.8,-99.8,-99.8,-99.8,-99.8,-99.8,-99.8
2022-10-20 23:00:00,1020.3,21.0,76.0,10.2,25.0,15.8,19.0,0.0,-99.8,-99.8,-99.8,-99.8,-99.8,-99.8,-99.8
2022-10-21 00:00:00,1019.6,20.7,76.0,9.7,19.0,15.8,19.0,0.0,-99.8,-99.8,-99.8,-99.8,-99.8,-99.8,-99.8
2022-10-21 01:00:00,1018.9,20.7,74.0,10.2,21.0,15.4,27.0,0.0,-99.8,-99.8,-99.8,-99.8,-99.8,-99.8,-99.8
2022-10-21 02:00:00,1018.4,20.6,74.0,10.4,21.0,16.2,29.0,0.0,-99.8,-99.8,-99.8,-99.8,-99.8,-99.8,-99.8
2022-10-21 03:00:00,1018.1,20.5,73.0,10.5,20.0,15.5,9.0,0.0,-99.8,-99.8,-99.8,-99.8,-99.8,-99.8,-99.8
2022-10-21 04:00:00,1018.1,20.5,72.0,10.6,21.0,15.8,11.0,0.0,-99.8,-99.8,-99.8,-99.8,-99.8,-99.8,-99.8
2022-10-21 05:00:00,1018.3,20.8,73.0,10.0,19.0,15.7,14.0,0.0,-99.8,-99.8,-99.8,-99.8,-99.8,-99.8,-99.8
2022-10-21 06:00:00,1018.5,20.8,71.0,10.1,18.0,15.2,8.0,0.0,-99.8,-99.8,-99.8,-99.8,-99.8,-99.8,-99.8
2022-10-21 07:00:00,1019.1,20.8,72.0,9.4,15.0,15.2,18.0,0.0,-99.8,-99.8,-99.8,-99.8,-99.8,-99.8,-99.8
2022-10-21 08:00:00,1019.5,21.0,73.0,10.3,13.0,15.3,14.0,0.0,-99.8,-99.8,-99.8,-99.8,-99.8,-99.8,-99.8
2022-10-21 09:00:00,1020.2,21.3,73.0,9.8,15.0,15.2,6.0,0.0,-99.8,-99.8,-99.8,-99.8,-99.8,-99.8,-99.8
2022-10-21 10:00:00,1019.9,21.9,70.0,10.2,14.0,15.6,6.0,0.0,-99.8,-99.8,-99.8,-99.8,-99.8,-99.8,-99.8
2022-10-21 11:00:00,1019.0,22.2,70.0,10.3,19.0,15.3,9.0,0.0,-99.8,-99.8,-99.8,-99.8,-99.8,-99.8,-99.8
2022-10-21 12:00:00,1018.1,22.4,70.0,9.4,19.0,15.4,22.0,0.0,-99.8,-99.8,-99.8,-99.8,-99.8,-99.8,-99.8
2022-10-21 13:00:00,1016.8,22.4,72.0,9.0,17.0,14.3,5.0,0.0,-99.8,-99.8,-99.8,-99.8,-99.8,-99.8,-99.8
2022-10-21 14:00:00,1016.3,22.6,73.0,9.3,22.0,13.3,15.0,0.0,-99.8,-99.8,-99.8,-99.8,-99.8,-99.8,-99.8
2022-10-21 15:00:00,1016.1,22.4,78.0,8.2,24.0,13.4,23.0,0.0,-99.8,-99.8,-99.8,-99.8,-99.8,-99.8,-99.8
2022-10-21 16:00:00,1016.2,22.2,78.0,8.7,25.0,14.4,23.0,0.0,-99.8,-99.8,-99.8,-99.8,-99.8,-99.8,-99.8
2022-10-21 17:00:00,1016.5,22.3,80.0,7.7,28.0,12.8,28.0,0.0,-99.8,-99.8,-99.8,-99.8,-99.8,-99.8,-99.8
2022-10-21 18:00:00,1016.6,22.4,82.0,6.7,29.0,11.5,33.0,0.0,-99.8,-99.8,-99.8,-99.8,-99.8,-99.8,-99.8
2022-10-21 19:00:00,1017.2,22.7,81.0,7.0,32.0,12.4,38.0,0.0,-99.8,-99.8,-99.8,-99.8,-99.8,-99.8,-99.8
2022-10-21 20:00:00,1017.4,22.6,83.0,7.7,25.0,11.2,28.0,0.0,-99.8,-99.8,-99.8,-99.8,-99.8,-99.8,-99.8
2022-10-21 21:00:00,1017.6,22.7,85.0,6.9,22.0,12.2,26.0,0.0,-99.8,-99.8,-99.8,-99.8,-99.8,-99.8,-99.8
2022-10-21 22:00:00,1017.6,22.1,89.0,7.5,19.0,11.4,26.0,0.0,-99.8,-99.8,-99.8,-99.8,-99.8,-99.8,-99.8
2022-10-21 23:00:00,1017.3,21.9,91.0,7.6,19.0,11.1,15.0,0.0,-99.8,-99.8,-99.8,-99.8,-99.8,-99.8,-99.8
2022-10-22 00:00:00,1016.9,21.7,92.0,8.2,19.0,11.2,15.0,0.0,-99.8,-99.8,-99.8,-99.8,-99.8,-99.8,-99.8
2022-10-22 01:00:00,1016.4,21.8,88.0,8.7,17.0,12.6,24.0,0.0,-99.8,-99.8,-99.8,-99.8,-99.8,-99.8,-99.8
2022-10-22 02:00:00,1015.5,22.2,82.0,11.0,12.0,15.1,17.0,0.0,-99.8,-99.8,-99.8,-99.8,-99.8,-99.8,-99.8
2022-10-22 03:00:00,1014.9,22.5,81.0,11.2,11.0,16.3,5.0,0.0,-99.8,-99.8,-99.8,-99.8,-99.8,-99.8,-99.8
2022-10-22 04:00:00,1014.8,22.5,80.0,9.6,12.0,14.1,8.0,0.0,-99.8,-99.8,-99.8,-99.8,-99.8,-99.8,-99.8
2022-10-22 05:00:00,1015.1,22.4,81.0,7.8,16.0,13.1,15.0,0.0,-99.8,-99.8,-99.8,-99.8,-99.8,-99.8,-99.8
2022-10-22 06:00:00,1015.4,22.3,84.0,8.7,11.0,11.6,16.0,0.0,-99.8,-99.8,-99.8,-99.8,-99.8,-99.8,-99.8
2022-10-22 07:00:00,1016.0,22.3,84.0,7.7,14.0,11.2,15.0,0.0,-99.8,-99.8,-99.8,-99.8,-99.8,-99.8,-99.8
2022-10-22 08:00:00,1016.6,22.6,82.0,8.1,12.0,10.4,16.0,0.0,-99.8,-99.8,-99.8,-99.8,-99.8,-99.8,-99.8
2022-10-22 09:00:00,1017.0,22.8,81.0,8.8,9.0,11.7,15.0,0.0,-99.8,-99.8,-99.8,-99.8,-99.8,-99.8,-99.8
2022-10-22 10:00:00,1017.0,23.3,79.0,7.9,13.0,12.5,13.0,0.0,-99.8,-99.8,-99.8,-99.8,-99.8,-99.8,-99.8
2022-10-22 11:00:00,1016.5,23.8,74.0,8.3,21.0,11.7,24.0,0.0,-99.8,-99.8,-99.8,-99.8,-99.8,-99.8,-99.8
2022-10-22 12:00:00,1015.8,23.4,74.0,8.4,22.0,12.0,21.0,0.0,-99.8,-99.8,-99.8,-99.8,-99.8,-99.8,-99.8
2022-10-22 13:00:00,1015.1,23.4,77.0,7.8,24.0,11.4,19.0,0.0,-99.8,-99.8,-99.8,-99.8,-99.8,-99.8,-99.8
2022-10-22 14:00:00,1014.4,23.4,80.0,6.8,24.0,11.3,19.0,0.0,-99.8,-99.8,-99.8,-99.8,-99.8,-99.8,-99.8
2022-10-22 15:00:00,1013.8,23.1,83.0,7.7,23.0,11.1,19.0,0.0,-99.8,-99.8,-99.8,-99.8,-99.8,-99.8,-99.8
2022-10-22 16:00:00,1014.1,23.1,85.0,6.8,27.0,11.6,35.0,0.0,-99.8,-99.8,-99.8,-99.8,-99.8,-99.8,-99.8
2022-10-22 17:00:00,1014.5,23.3,87.0,5.2,30.0,12.8,21.0,0.0,-99.8,-99.8,-99.8,-99.8,-99.8,-99.8,-99.8
2022-10-22 18:00:00,1015.1,23.4,88.0,3.7,28.0,9.5,22.0,0.0,-99.8,-99.8,-99.8,-99.8,-99.8,-99.8,-99.8
2022-10-22 19:00:00,1015.9,22.2,89.0,4.9,48.0,10.7,43.0,0.5,-99.8,-99.8,-99.8,-99.8,-99.8,-99.8,-99.8
2022-10-22 20:00:00,1016.8,22.2,88.0,3.6,35.0,8.8,50.0,0.5,-99.8,-99.8,-99.8,-99.8,-99.8,-99.8,-99.8
2022-10-22 21:00:00,1017.2,22.9,86.0,6.1,29.0,11.2,27.0,0.0,-99.8,-99.8,-99.8,-99.8,-99.8,-99.8,-99.8
2022-10-22 22:00:00,1017.4,21.8,93.0,7.1,14.0,9.8,20.0,0.5,-99.8,-99.8,-99.8,-99.8,-99.8,-99.8,-99.8
2022-10-22 23:00:00,1017.2,21.8,89.0,8.6,16.0,12.1,20.0,0.0,-99.8,-99.8,-99.8,-99.8,-99.8,-99.8,-99.8
2022-10-23 00:00:00,1016.8,21.7,91.0,8.7,18.0,14.1,20.0,0.0,-99.8,-99.8,-99.8,-99.8,-99.8,-99.8,-99.8
2022-10-23 01:00:00,1016.7,21.6,91.0,8.4,17.0,13.4,11.0,0.0,-99.8,-99.8,-99.8,-99.8,-99.8,-99.8,-99.8
2022-10-23 02:00:00,1016.3,21.6,88.0,8.4,20.0,12.9,14.0,0.0,-99.8,-99.8,-99.8,-99.8,-99.8,-99.8,-99.8
2022-10-23 03:00:00,1016.0,21.5,88.0,7.4,20.0,12.0,19.0,0.0,-99.8,-99.8,-99.8,-99.8,-99.8,-99.8,-99.8
2022-10-23 04:00:00,1015.9,21.5,85.0,8.8,27.0,13.3,30.0,0.0,-99.8,-99.8,-99.8,-99.8,-99.8,-99.8,-99.8
2022-10-23 05:00:00,1016.5,21.6,82.0,8.4,27.0,13.3,23.0,0.0,-99.8,-99.8,-99.8,-99.8,-99.8,-99.8,-99.8
2022-10-23 06:00:00,1017.0,21.5,82.0,7.3,29.0,12.7,36.0,0.0,-99.8,-99.8,-99.8,-99.8,-99.8,-99.8,-99.8
2022-10-23 07:00:00,1017.4,21.7,82.0,7.5,28.0,11.7,25.0,0.0,-99.8,-99.8,-99.8,-99.8,-99.8,-99.8,-99.8
2022-10-23 08:00:00,1018.1,21.9,79.0,7.5,29.0,12.0,32.0,0.0,-99.8,-99.8,-99.8,-99.8,-99.8,-99.8,-99.8
2022-10-23 09:00:00,1018.4,22.2,77.0,7.7,26.0,11.5,23.0,0.0,-99.8,-99.8,-99.8,-99.8,-99.8,-99.8,-99.8
2022-10-23 10:00:00,1018.5,22.6,76.0,7.5,24.0,11.2,30.0,0.0,-99.8,-99.8,-99.8,-99.8,-99.8,-99.8,-99.8
2022-10-23 11:00:00,1018.1,22.7,75.0,7.6,21.0,10.8,20.0,0.0,-99.8,-99.8,-99.8,-99.8,-99.8,-99.8,-99.8
2022-10-23 12:00:00,1017.3,23.0,71.0,9.4,26.0,13.8,36.0,0.0,-99.8,-99.8,-99.8,-99.8,-99.8,-99.8,-99.8
2022-10-23 13:00:00,1016.5,23.0,69.0,9.9,27.0,14.7,30.0,0.0,-99.8,-99.8,-99.8,-99.8,-99.8,-99.8,-99.8
2022-10-23 14:00:00,1015.9,23.3,67.0,9.0,29.0,14.6,28.0,0.0,-99.8,-99.8,-99.8,-99.8,-99.8,-99.8,-99.8
2022-10-23 15:00:00,1015.9,23.0,65.0,8.4,32.0,14.5,31.0,0.0,-99.8,-99.8,-99.8,-99.8,-99.8,-99.8,-99.8
2022-10-23 16:00:00,1016.0,23.1,68.0,6.2,33.0,14.3,21.0,0.0,-99.8,-99.8,-99.8,-99.8,-99.8,-99.8,-99.8
2022-10-23 17:00:00,1016.3,22.7,69.0,4.6,32.0,10.9,33.0,0.0,-99.8,-99.8,-99.8,-99.8,-99.8,-99.8,-99.8
2022-10-23 18:00:00,1016.7,22.7,71.0,3.2,48.0,9.7,54.0,0.0,-99.8,-99.8,-99.8,-99.8,-99.8,-99.8,-99.8
2022-10-23 19:00:00,1017.5,22.7,72.0,5.5,34.0,9.7,39.0,0.0,-99.8,-99.8,-99.8,-99.8,-99.8,-99.8,-99.8
2022-10-23 20:00:00,1018.2,22.6,66.0,5.9,34.0,10.7,33.0,0.0,-99.8,-99.8,-99.8,-99.8,-99.8,-99.8,-99.8
2022-10-23 21:00:00,1018.6,22.5,67.0,8.2,29.0,14.2,27.0,0.0,-99.8,-99.8,-99.8,-99.8,-99.8,-99.8,-99.8
2022-10-23 22:00:00,1018.7,22.5,69.0,7.6,33.0,14.4,29.0,0.0,-99.8,-99.8,-99.8,-99.8,-99.8,-99.8,-99.8
2022-10-23 23:00:00,1018.5,22.4,72.0,7.9,32.0,14.8,29.0,0.0,-99.8,-99.8,-99.8,-99.8,-99.8,-99.8,-99.8
2022-10-24 00:00:00,1018.1,22.3,72.0,8.1,31.0,14.9,33.0,0.0,-99.8,-99.8,-99.8,-99.8,-99.8,-99.8,-99.8
2022-10-24 01:00:00,1017.7,21.8,71.0,8.3,31.0,15.3,36.0,0.0,-99.8,-99.8,-99.8,-99.8,-99.8,-99.8,-99.8
2022-10-24 02:00:00,1017.3,21.5,71.0,8.5,30.0,15.5,24.0,0.0,-99.8,-99.8,-99.8,-99.8,-99.8,-99.8,-99.8
2022-10-24 03:00:00,1017.3,21.3,70.0,8.8,32.0,16.9,24.0,0.0,-99.8,-99.8,-99.8,-99.8,-99.8,-99.8,-99.8
2022-10-24 04:00:00,1017.8,20.9,71.0,9.2,31.0,15.3,22.0,0.0,-99.8,-99.8,-99.8,-99.8,-99.8,-99.8,-99.8
2022-10-24 05:00:00,1018.2,20.5,71.0,9.9,29.0,16.4,31.0,0.0,-99.8,-99.8,-99.8,-99.8,-99.8,-99.8,-99.8
2022-10-24 06:00:00,1019.3,20.3,60.0,9.6,33.0,18.0,28.0,0.0,-99.8,-99.8,-99.8,-99.8,-99.8,-99.8,-99.8
2022-10-24 07:00:00,1020.2,20.2,60.0,10.4,32.0,18.1,22.0,0.0,-99.8,-99.8,-99.8,-99.8,-99.8,-99.8,-99.8
2022-10-24 08:00:00,1020.8,20.2,56.0,11.2,30.0,18.5,27.0,0.0,-99.8,-99.8,-99.8,-99.8,-99.8,-99.8,-99.8
2022-10-24 09:00:00,1021.4,20.1,67.0,11.3,27.0,17.3,22.0,0.0,-99.8,-99.8,-99.8,-99.8,-99.8,-99.8,-99.8
2022-10-24 10:00:00,1021.6,20.3,68.0,10.9,26.0,19.5,25.0,0.0,-99.8,-99.8,-99.8,-99.8,-99.8,-99.8,-99.8
2022-10-24 11:00:00,1021.2,20.5,67.0,10.7,29.0,16.5,25.0,0.0,-99.8,-99.8,-99.8,-99.8,-99.8,-99.8,-99.8
2022-10-24 12:00:00,1020.8,20.8,67.0,11.0,26.0,17.3,32.0,0.0,-99.8,-99.8,-99.8,-99.8,-99.8,-99.8,-99.8
2022-10-24 13:00:00,1020.1,20.4,67.0,11.4,27.0,17.5,28.0,0.0,-99.8,-99.8,-99.8,-99.8,-99.8,-99.8,-99.8
2022-10-24 14:00:00,1019.5,20.6,69.0,10.7,27.0,18.5,29.0,0.0,-99.8,-99.8,-99.8,-99.8,-99.8,-99.8,-99.8
2022-10-24 15:00:00,1019.1,20.6,68.0,11.9,27.0,16.7,30.0,0.0,-99.8,-99.8,-99.8,-99.8,-99.8,-99.8,-99.8
2022-10-24 16:00:00,1018.9,20.6,68.0,10.6,29.0,17.2,35.0,0.0,-99.8,-99.8,-99.8,-99.8,-99.8,-99.8,-99.8
2022-10-24 17:00:00,1019.1,20.4,68.0,10.8,31.0,18.3,28.0,0.0,-99.8,-99.8,-99.8,-99.8,-99.8,-99.8,-99.8
2022-10-24 18:00:00,1019.8,20.8,66.0,8.3,34.0,18.6,29.0,0.0,-99.8,-99.8,-99.8,-99.8,-99.8,-99.8,-99.8
2022-10-24 19:00:00,1020.3,21.1,64.0,7.6,34.0,16.9,56.0,0.0,-99.8,-99.8,-99.8,-99.8,-99.8,-99.8,-99.8
2022-10-24 20:00:00,1020.9,21.3,56.0,7.4,33.0,14.2,41.0,0.0,-99.8,-99.8,-99.8,-99.8,-99.8,-99.8,-99.8
2022-10-24 21:00:00,1021.0,21.4,58.0,8.0,31.0,15.7,29.0,0.0,-99.8,-99.8,-99.8,-99.8,-99.8,-99.8,-99.8
2022-10-24 22:00:00,1021.1,21.4,58.0,8.0,33.0,16.2,27.0,0.0,-99.8,-99.8,-99.8,-99.8,-99.8,-99.8,-99.8
2022-10-24 23:00:00,1021.0,21.5,57.0,8.5,33.0,17.0,32.0,0.0,-99.8,-99.8,-99.8,-99.8,-99.8,-99.8,-99.8
2022-10-25 00:00:00,1020.6,21.4,58.0,9.4,33.0,16.4,42.0,0.0,-99.8,-99.8,-99.8,-99.8,-99.8,-99.8,-99.8
2022-10-25 01:00:00,1020.5,21.2,61.0,9.6,30.0,16.2,33.0,0.0,-99.8,-99.8,-99.8,-99.8,-99.8,-99.8,-99.8
2022-10-25 02:00:00,1019.9,20.6,69.0,10.9,24.0,16.7,31.0,0.0,-99.8,-99.8,-99.8,-99.8,-99.8,-99.8,-99.8
2022-10-25 03:00:00,1019.7,20.4,71.0,11.2,25.0,16.4,27.0,0.0,-99.8,-99.8,-99.8,-99.8,-99.8,-99.8,-99.8
2022-10-25 04:00:00,1019.9,20.0,71.0,11.0,26.0,16.2,24.0,0.0,-99.8,-99.8,-99.8,-99.8,-99.8,-99.8,-99.8
2022-10-25 05:00:00,1020.1,19.6,72.0,11.1,22.0,16.7,21.0,0.0,-99.8,-99.8,-99.8,-99.8,-99.8,-99.8,-99.8
2022-10-25 06:00:00,1020.6,19.3,73.0,10.9,22.0,16.9,27.0,0.0,-99.8,-99.8,-99.8,-99.8,-99.8,-99.8,-99.8
2022-10-25 07:00:00,1021.5,19.4,72.0,11.4,23.0,17.2,24.0,0.0,-99.8,-99.8,-99.8,-99.8,-99.8,-99.8,-99.8
2022-10-25 08:00:00,1021.6,19.7,70.0,10.8,25.0,18.0,31.0,0.0,-99.8,-99.8,-99.8,-99.8,-99.8,-99.8,-99.8
2022-10-25 09:00:00,1022.2,19.8,72.0,12.0,27.0,18.6,31.0,0.0,-99.8,-99.8,-99.8,-99.8,-99.8,-99.8,-99.8
2022-10-25 10:00:00,1022.2,19.9,73.0,12.3,27.0,17.3,22.0,0.0,-99.8,-99.8,-99.8,-99.8,-99.8,-99.8,-99.8
2022-10-25 11:00:00,1021.7,20.3,74.0,11.9,25.0,18.7,16.0,0.0,-99.8,-99.8,-99.8,-99.8,-99.8,-99.8,-99.8
2022-10-25 12:00:00,1021.2,20.8,72.0,11.0,26.0,16.4,17.0,0.0,-99.8,-99.8,-99.8,-99.8,-99.8,-99.8,-99.8
2022-10-25 13:00:00,1020.4,20.7,70.0,12.2,25.0,18.1,30.0,0.0,-99.8,-99.8,-99.8,-99.8,-99.8,-99.8,-99.8
2022-10-25 14:00:00,1020.0,20.4,73.0,12.1,26.0,17.4,23.0,0.0,-99.8,-99.8,-99.8,-99.8,-99.8,-99.8,-99.8
2022-10-25 15:00:00,1020.0,20.3,72.0,11.6,25.0,16.8,24.0,0.0,-99.8,-99.8,-99.8,-99.8,-99.8,-99.8,-99.8
2022-10-25 16:00:00,-99.8,-99.8,-99.8,-99.8,-99.8,16.8,22.0,0.0,-99.8,-99.8,-99.8,-99.8,-99.8,-99.8,-99.8
2022-10-25 17:00:00,1020.0,19.9,73.0,11.7,26.0,16.7,35.0,0.0,-99.8,-99.8,-99.8,-99.8,-99.8,-99.8,-99.8
2022-10-25 18:00:00,1020.1,19.9,72.0,10.3,28.0,16.6,36.0,0.0,-99.8,-99.8,-99.8,-99.8,-99.8,-99.8,-99.8
2022-10-25 19:00:00,1020.5,20.1,73.0,11.1,26.0,17.5,20.0,0.0,-99.8,-99.8,-99.8,-99.8,-99.8,-99.8,-99.8
2022-10-25 20:00:00,1020.7,20.2,71.0,10.7,26.0,15.6,25.0,0.0,-99.8,-99.8,-99.8,-99.8,-99.8,-99.8,-99.8
2022-10-25 21:00:00,1021.0,20.3,71.0,10.0,28.0,16.1,23.0,0.0,-99.8,-99.8,-99.8,-99.8,-99.8,-99.8,-99.8
2022-10-25 22:00:00,1021.0,20.3,72.0,9.9,26.0,15.0,31.0,0.0,-99.8,-99.8,-99.8,-99.8,-99.8,-99.8,-99.8
2022-10-25 23:00:00,1020.6,20.3,74.0,10.1,28.0,15.2,29.0,0.0,-99.8,-99.8,-99.8,-99.8,-99.8,-99.8,-99.8
2022-10-26 00:00:00,1020.0,20.3,75.0,9.6,26.0,15.2,29.0,0.0,-99.8,-99.8,-99.8,-99.8,-99.8,-99.8,-99.8
2022-10-26 01:00:00,1019.9,20.1,76.0,10.4,23.0,15.3,29.0,0.0,-99.8,-99.8,-99.8,-99.8,-99.8,-99.8,-99.8
2022-10-26 02:00:00,1019.3,19.8,78.0,10.6,17.0,15.9,29.0,0.0,-99.8,-99.8,-99.8,-99.8,-99.8,-99.8,-99.8
2022-10-26 03:00:00,1018.9,19.6,78.0,10.9,21.0,16.3,18.0,0.0,-99.8,-99.8,-99.8,-99.8,-99.8,-99.8,-99.8
2022-10-26 04:00:00,1018.8,19.2,79.0,10.4,17.0,15.9,19.0,0.0,-99.8,-99.8,-99.8,-99.8,-99.8,-99.8,-99.8
2022-10-26 05:00:00,1019.1,19.1,77.0,10.6,17.0,18.3,24.0,0.0,-99.8,-99.8,-99.8,-99.8,-99.8,-99.8,-99.8
2022-10-26 06:00:00,1019.0,19.2,75.0,11.1,22.0,16.4,23.0,0.0,-99.8,-99.8,-99.8,-99.8,-99.8,-99.8,-99.8
2022-10-26 07:00:00,1019.5,19.2,75.0,11.1,22.0,16.8,26.0,0.0,-99.8,-99.8,-99.8,-99.8,-99.8,-99.8,-99.8
2022-10-26 08:00:00,1019.6,19.8,72.0,10.2,22.0,15.6,21.0,0.0,-99.8,-99.8,-99.8,-99.8,-99.8,-99.8,-99.8
2022-10-26 09:00:00,1019.9,20.2,73.0,9.5,19.0,13.7,27.0,0.0,-99.8,-99.8,-99.8,-99.8,-99.8,-99.8,-99.8
2022-10-26 10:00:00,1019.6,20.4,70.0,10.4,21.0,15.2,36.0,0.0,-99.8,-99.8,-99.8,-99.8,-99.8,-99.8,-99.8
2022-10-26 11:00:00,1019.2,21.0,72.0,9.7,17.0,14.6,15.0,0.0,-99.8,-99.8,-99.8,-99.8,-99.8,-99.8,-99.8
2022-10-26 12:00:00,1018.4,21.2,70.0,9.3,23.0,13.9,21.0,0.0,-99.8,-99.8,-99.8,-99.8,-99.8,-99.8,-99.8
2022-10-26 13:00:00,1017.4,21.3,72.0,9.5,23.0,13.8,19.0,0.0,-99.8,-99.8,-99.8,-99.8,-99.8,-99.8,-99.8
2022-10-26 14:00:00,1016.9,21.4,74.0,9.3,27.0,14.6,21.0,0.0,-99.8,-99.8,-99.8,-99.8,-99.8,-99.8,-99.8
2022-10-26 15:00:00,1016.8,21.4,77.0,8.9,27.0,13.4,27.0,0.0,-99.8,-99.8,-99.8,-99.8,-99.8,-99.8,-99.8
2022-10-26 16:00:00,1016.6,21.2,80.0,8.7,25.0,12.8,20.0,0.0,-99.8,-99.8,-99.8,-99.8,-99.8,-99.8,-99.8
2022-10-26 17:00:00,1016.6,20.9,83.0,9.2,22.0,13.6,27.0,0.0,-99.8,-99.8,-99.8,-99.8,-99.8,-99.8,-99.8
2022-10-26 18:00:00,1016.7,20.9,84.0,7.9,26.0,12.9,25.0,0.0,-99.8,-99.8,-99.8,-99.8,-99.8,-99.8,-99.8
2022-10-26 19:00:00,1017.0,21.0,85.0,9.0,28.0,13.7,29.0,0.0,-99.8,-99.8,-99.8,-99.8,-99.8,-99.8,-99.8
2022-10-26 20:00:00,1017.5,21.1,87.0,8.0,27.0,13.6,18.0,0.0,-99.8,-99.8,-99.8,-99.8,-99.8,-99.8,-99.8
2022-10-26 21:00:00,1017.8,21.1,88.0,7.2,25.0,12.5,32.0,0.0,-99.8,-99.8,-99.8,-99.8,-99.8,-99.8,-99.8
2022-10-26 22:00:00,1017.8,21.0,90.0,8.1,21.0,12.1,24.0,0.0,-99.8,-99.8,-99.8,-99.8,-99.8,-99.8,-99.8
2022-10-26 23:00:00,1017.4,20.7,90.0,8.4,23.0,12.3,13.0,0.0,-99.8,-99.8,-99.8,-99.8,-99.8,-99.8,-99.8
2022-10-27 00:00:00,1017.0,20.8,89.0,8.2,19.0,12.4,22.0,0.0,-99.8,-99.8,-99.8,-99.8,-99.8,-99.8,-99.8
2022-10-27 01:00:00,1016.8,20.8,87.0,8.4,21.0,12.3,21.0,0.0,-99.8,-99.8,-99.8,-99.8,-99.8,-99.8,-99.8
2022-10-27 02:00:00,1016.1,21.0,84.0,8.8,20.0,13.4,21.0,0.0,-99.8,-99.8,-99.8,-99.8,-99.8,-99.8,-99.8
2022-10-27 03:00:00,1016.0,21.0,82.0,8.2,19.0,12.4,12.0,0.0,-99.8,-99.8,-99.8,-99.8,-99.8,-99.8,-99.8
2022-10-27 04:00:00,1015.9,21.2,82.0,7.9,14.0,12.9,17.0,0.0,-99.8,-99.8,-99.8,-99.8,-99.8,-99.8,-99.8
2022-10-27 05:00:00,1016.0,21.1,80.0,8.3,21.0,11.9,23.0,0.0,-99.8,-99.8,-99.8,-99.8,-99.8,-99.8,-99.8
2022-10-27 06:00:00,1016.5,21.0,81.0,7.7,20.0,12.2,21.0,0.0,-99.8,-99.8,-99.8,-99.8,-99.8,-99.8,-99.8
2022-10-27 07:00:00,1016.9,21.3,80.0,7.9,17.0,11.7,18.0,0.0,-99.8,-99.8,-99.8,-99.8,-99.8,-99.8,-99.8
2022-10-27 08:00:00,1017.2,21.8,78.0,8.3,21.0,12.4,18.0,0.0,-99.8,-99.8,-99.8,-99.8,-99.8,-99.8,-99.8
2022-10-27 09:00:00,1017.6,22.0,75.0,9.3,21.0,13.6,20.0,0.0,-99.8,-99.8,-99.8,-99.8,-99.8,-99.8,-99.8
2022-10-27 10:00:00,1017.5,22.4,76.0,9.7,18.0,13.8,15.0,0.0,-99.8,-99.8,-99.8,-99.8,-99.8,-99.8,-99.8
2022-10-27 11:00:00,1017.2,22.3,78.0,9.1,17.0,13.8,26.0,0.0,-99.8,-99.8,-99.8,-99.8,-99.8,-99.8,-99.8
2022-10-27 12:00:00,1016.9,22.5,80.0,8.7,20.0,12.4,15.0,0.0,-99.8,-99.8,-99.8,-99.8,-99.8,-99.8,-99.8
2022-10-27 13:00:00,1016.2,22.5,81.0,9.2,22.0,13.0,17.0,0.0,-99.8,-99.8,-99.8,-99.8,-99.8,-99.8,-99.8
2022-10-27 14:00:00,1015.4,22.5,82.0,8.5,27.0,12.6,20.0,0.0,-99.8,-99.8,-99.8,-99.8,-99.8,-99.8,-99.8
2022-10-27 15:00:00,1015.8,22.3,84.0,8.6,23.0,13.0,30.0,0.0,-99.8,-99.8,-99.8,-99.8,-99.8,-99.8,-99.8
2022-10-27 16:00:00,1015.8,22.0,84.0,8.0,26.0,13.4,22.0,0.0,-99.8,-99.8,-99.8,-99.8,-99.8,-99.8,-99.8
2022-10-27 17:00:00,1016.1,21.7,83.0,8.7,29.0,13.4,29.0,0.0,-99.8,-99.8,-99.8,-99.8,-99.8,-99.8,-99.8
2022-10-27 18:00:00,1016.7,21.8,82.0,8.4,34.0,14.6,51.0,0.0,-99.8,-99.8,-99.8,-99.8,-99.8,-99.8,-99.8
2022-10-27 19:00:00,1017.4,21.8,84.0,9.3,33.0,16.8,29.0,0.0,-99.8,-99.8,-99.8,-99.8,-99.8,-99.8,-99.8
2022-10-27 20:00:00,1017.7,21.6,85.0,10.0,31.0,17.1,20.0,0.0,-99.8,-99.8,-99.8,-99.8,-99.8,-99.8,-99.8
2022-10-27 21:00:00,1017.9,21.3,85.0,11.4,27.0,17.3,27.0,0.0,-99.8,-99.8,-99.8,-99.8,-99.8,-99.8,-99.8
2022-10-27 22:00:00,1018.0,21.0,86.0,12.1,27.0,18.1,28.0,0.0,-99.8,-99.8,-99.8,-99.8,-99.8,-99.8,-99.8
2022-10-27 23:00:00,1017.9,20.7,87.0,12.4,27.0,18.0,21.0,0.0,-99.8,-99.8,-99.8,-99.8,-99.8,-99.8,-99.8
2022-10-28 00:00:00,1017.8,20.8,84.0,11.2,27.0,18.7,33.0,0.0,-99.8,-99.8,-99.8,-99.8,-99.8,-99.8,-99.8
2022-10-28 01:00:00,1017.3,20.8,84.0,11.0,26.0,16.6,19.0,0.0,-99.8,-99.8,-99.8,-99.8,-99.8,-99.8,-99.8
2022-10-28 02:00:00,1016.8,20.8,85.0,11.9,23.0,17.6,35.0,0.0,-99.8,-99.8,-99.8,-99.8,-99.8,-99.8,-99.8
2022-10-28 03:00:00,1016.7,19.9,90.0,12.1,23.0,17.9,29.0,0.0,-99.8,-99.8,-99.8,-99.8,-99.8,-99.8,-99.8
2022-10-28 04:00:00,1016.7,20.1,87.0,12.2,21.0,19.0,26.0,0.0,-99.8,-99.8,-99.8,-99.8,-99.8,-99.8,-99.8
2022-10-28 05:00:00,1016.7,19.9,88.0,12.6,23.0,18.7,25.0,0.0,-99.8,-99.8,-99.8,-99.8,-99.8,-99.8,-99.8
2022-10-28 06:00:00,1017.3,20.2,86.0,11.6,21.0,17.3,28.0,0.0,-99.8,-99.8,-99.8,-99.8,-99.8,-99.8,-99.8
2022-10-28 07:00:00,1017.9,20.6,83.0,11.8,27.0,17.8,22.0,0.0,-99.8,-99.8,-99.8,-99.8,-99.8,-99.8,-99.8
2022-10-28 08:00:00,1018.2,21.0,81.0,12.5,23.0,18.0,28.0,0.0,-99.8,-99.8,-99.8,-99.8,-99.8,-99.8,-99.8
2022-10-28 09:00:00,1018.5,21.1,81.0,12.2,23.0,19.9,32.0,0.0,-99.8,-99.8,-99.8,-99.8,-99.8,-99.8,-99.8
2022-10-28 10:00:00,1018.7,21.6,78.0,12.7,23.0,18.5,32.0,0.0,-99.8,-99.8,-99.8,-99.8,-99.8,-99.8,-99.8
2022-10-28 11:00:00,1018.2,21.3,81.0,12.3,23.0,19.2,30.0,0.0,-99.8,-99.8,-99.8,-99.8,-99.8,-99.8,-99.8
2022-10-28 12:00:00,1017.6,21.4,82.0,12.1,25.0,18.4,29.0,0.0,-99.8,-99.8,-99.8,-99.8,-99.8,-99.8,-99.8
2022-10-28 13:00:00,1016.7,21.0,85.0,13.0,21.0,18.9,25.0,0.0,-99.8,-99.8,-99.8,-99.8,-99.8,-99.8,-99.8
2022-10-28 14:00:00,1016.4,20.9,85.0,12.8,23.0,19.5,16.0,0.0,-99.8,-99.8,-99.8,-99.8,-99.8,-99.8,-99.8
2022-10-28 15:00:00,1016.2,20.7,85.0,13.8,24.0,20.7,28.0,0.0,-99.8,-99.8,-99.8,-99.8,-99.8,-99.8,-99.8
2022-10-28 16:00:00,1016.4,20.2,87.0,13.9,23.0,20.6,23.0,0.0,-99.8,-99.8,-99.8,-99.8,-99.8,-99.8,-99.8
2022-10-28 17:00:00,1016.8,20.2,84.0,13.6,26.0,20.6,18.0,0.0,-99.8,-99.8,-99.8,-99.8,-99.8,-99.8,-99.8
2022-10-28 18:00:00,1016.9,20.3,85.0,14.1,26.0,20.9,31.0,0.0,-99.8,-99.8,-99.8,-99.8,-99.8,-99.8,-99.8
2022-10-28 19:00:00,1017.5,20.5,81.0,14.3,26.0,21.2,27.0,0.0,-99.8,-99.8,-99.8,-99.8,-99.8,-99.8,-99.8
2022-10-28 20:00:00,1017.9,20.8,79.0,13.3,28.0,21.3,34.0,0.0,-99.8,-99.8,-99.8,-99.8,-99.8,-99.8,-99.8
2022-10-28 21:00:00,1018.3,20.4,82.0,12.7,25.0,19.5,20.0,0.0,-99.8,-99.8,-99.8,-99.8,-99.8,-99.8,-99.8
2022-10-28 22:00:00,1018.6,20.6,80.0,12.6,24.0,20.4,21.0,0.0,-99.8,-99.8,-99.8,-99.8,-99.8,-99.8,-99.8
2022-10-28 23:00:00,1018.3,20.5,80.0,13.2,22.0,19.9,32.0,0.0,-99.8,-99.8,-99.8,-99.8,-99.8,-99.8,-99.8
2022-10-29 00:00:00,1017.8,20.5,81.0,13.1,21.0,20.3,21.0,0.0,-99.8,-99.8,-99.8,-99.8,-99.8,-99.8,-99.8
2022-10-29 01:00:00,1017.7,20.3,81.0,13.2,21.0,20.2,23.0,0.0,-99.8,-99.8,-99.8,-99.8,-99.8,-99.8,-99.8
2022-10-29 02:00:00,1017.4,20.3,81.0,12.7,22.0,19.1,31.0,0.0,-99.8,-99.8,-99.8,-99.8,-99.8,-99.8,-99.8
2022-10-29 03:00:00,1017.2,20.2,79.0,13.0,25.0,18.8,26.0,0.0,-99.8,-99.8,-99.8,-99.8,-99.8,-99.8,-99.8
2022-10-29 04:00:00,1016.7,20.0,79.0,13.8,22.0,20.4,22.0,0.0,-99.8,-99.8,-99.8,-99.8,-99.8,-99.8,-99.8
2022-10-29 05:00:00,1016.9,19.8,79.0,14.5,25.0,21.4,27.0,0.0,-99.8,-99.8,-99.8,-99.8,-99.8,-99.8,-99.8
2022-10-29 06:00:00,1017.2,19.9,77.0,14.2,25.0,20.5,18.0,0.0,-99.8,-99.8,-99.8,-99.8,-99.8,-99.8,-99.8
2022-10-29 07:00:00,1017.5,20.1,77.0,13.7,25.0,21.6,26.0,0.0,-99.8,-99.8,-99.8,-99.8,-99.8,-99.8,-99.8
2022-10-29 08:00:00,1018.2,20.1,75.0,13.8,23.0,20.6,25.0,0.0,-99.8,-99.8,-99.8,-99.8,-99.8,-99.8,-99.8
2022-10-29 09:00:00,1018.4,20.4,75.0,14.0,23.0,20.6,24.0,0.0,-99.8,-99.8,-99.8,-99.8,-99.8,-99.8,-99.8
2022-10-29 10:00:00,1018.6,20.8,74.0,12.8,26.0,19.6,24.0,0.0,-99.8,-99.8,-99.8,-99.8,-99.8,-99.8,-99.8
2022-10-29 11:00:00,1018.0,21.0,75.0,12.3,25.0,19.5,19.0,0.0,-99.8,-99.8,-99.8,-99.8,-99.8,-99.8,-99.8
2022-10-29 12:00:00,1017.5,21.0,74.0,13.0,25.0,19.3,19.0,0.0,-99.8,-99.8,-99.8,-99.8,-99.8,-99.8,-99.8
2022-10-29 13:00:00,1016.6,20.7,79.0,12.3,29.0,19.1,31.0,0.0,-99.8,-99.8,-99.8,-99.8,-99.8,-99.8,-99.8
2022-10-29 14:00:00,1015.8,20.7,80.0,13.1,27.0,19.3,30.0,0.0,-99.8,-99.8,-99.8,-99.8,-99.8,-99.8,-99.8
2022-10-29 15:00:00,1015.3,20.9,81.0,12.6,26.0,20.5,23.0,0.0,-99.8,-99.8,-99.8,-99.8,-99.8,-99.8,-99.8
2022-10-29 16:00:00,1015.6,21.0,82.0,13.2,26.0,19.8,23.0,0.0,-99.8,-99.8,-99.8,-99.8,-99.8,-99.8,-99.8
2022-10-29 17:00:00,1016.0,20.9,80.0,13.2,27.0,19.8,33.0,0.0,-99.8,-99.8,-99.8,-99.8,-99.8,-99.8,-99.8
2022-10-29 18:00:00,1016.4,21.0,79.0,11.2,30.0,18.4,29.0,0.0,-99.8,-99.8,-99.8,-99.8,-99.8,-99.8,-99.8
2022-10-29 19:00:00,1016.7,21.1,79.0,12.9,27.0,19.5,20.0,0.0,-99.8,-99.8,-99.8,-99.8,-99.8,-99.8,-99.8
2022-10-29 20:00:00,1016.9,21.0,78.0,12.9,27.0,19.4,34.0,0.0,-99.8,-99.8,-99.8,-99.8,-99.8,-99.8,-99.8
2022-10-29 21:00:00,1017.1,21.2,77.0,12.1,28.0,19.6,27.0,0.0,-99.8,-99.8,-99.8,-99.8,-99.8,-99.8,-99.8
2022-10-29 22:00:00,1016.8,21.3,78.0,13.3,27.0,19.9,32.0,0.0,-99.8,-99.8,-99.8,-99.8,-99.8,-99.8,-99.8
2022-10-29 23:00:00,1016.5,21.1,79.0,11.9,24.0,19.3,30.0,0.0,-99.8,-99.8,-99.8,-99.8,-99.8,-99.8,-99.8
2022-10-30 00:00:00,1015.4,20.7,79.0,13.0,21.0,19.4,29.0,0.0,-99.8,-99.8,-99.8,-99.8,-99.8,-99.8,-99.8
2022-10-30 01:00:00,1014.7,20.5,80.0,14.0,20.0,20.7,19.0,0.0,-99.8,-99.8,-99.8,-99.8,-99.8,-99.8,-99.8
2022-10-30 02:00:00,1014.8,20.5,80.0,12.9,22.0,20.8,17.0,0.0,-99.8,-99.8,-99.8,-99.8,-99.8,-99.8,-99.8
2022-10-30 03:00:00,1014.6,20.3,80.0,14.0,22.0,21.4,23.0,0.0,-99.8,-99.8,-99.8,-99.8,-99.8,-99.8,-99.8
2022-10-30 04:00:00,1014.2,20.2,77.0,14.3,22.0,21.7,28.0,0.0,-99.8,-99.8,-99.8,-99.8,-99.8,-99.8,-99.8
2022-10-30 05:00:00,1014.1,20.2,75.0,13.3,20.0,21.9,28.0,0.0,-99.8,-99.8,-99.8,-99.8,-99.8,-99.8,-99.8
2022-10-30 06:00:00,1014.5,20.2,73.0,12.8,20.0,20.0,29.0,0.0,-99.8,-99.8,-99.8,-99.8,-99.8,-99.8,-99.8
2022-10-30 07:00:00,1014.9,20.4,76.0,13.1,21.0,19.9,24.0,0.0,-99.8,-99.8,-99.8,-99.8,-99.8,-99.8,-99.8
2022-10-30 08:00:00,1015.2,20.3,76.0,13.8,23.0,21.3,24.0,0.0,-99.8,-99.8,-99.8,-99.8,-99.8,-99.8,-99.8
2022-10-30 09:00:00,1015.1,20.9,76.0,14.5,21.0,22.4,21.0,0.0,-99.8,-99.8,-99.8,-99.8,-99.8,-99.8,-99.8
2022-10-30 10:00:00,1015.0,21.2,76.0,14.6,23.0,22.5,30.0,0.0,-99.8,-99.8,-99.8,-99.8,-99.8,-99.8,-99.8
2022-10-30 11:00:00,1014.9,21.4,74.0,14.2,23.0,22.2,25.0,0.0,-99.8,-99.8,-99.8,-99.8,-99.8,-99.8,-99.8
2022-10-30 12:00:00,1014.1,21.2,78.0,13.3,20.0,21.3,17.0,0.0,-99.8,-99.8,-99.8,-99.8,-99.8,-99.8,-99.8
2022-10-30 13:00:00,1013.6,21.4,78.0,13.6,25.0,20.7,20.0,0.0,-99.8,-99.8,-99.8,-99.8,-99.8,-99.8,-99.8
2022-10-30 14:00:00,1012.9,21.4,79.0,13.3,25.0,20.7,28.0,0.0,-99.8,-99.8,-99.8,-99.8,-99.8,-99.8,-99.8
2022-10-30 15:00:00,1013.1,21.3,78.0,13.4,27.0,19.7,35.0,0.0,-99.8,-99.8,-99.8,-99.8,-99.8,-99.8,-99.8
2022-10-30 16:00:00,1013.1,21.4,80.0,13.1,24.0,22.1,29.0,0.0,-99.8,-99.8,-99.8,-99.8,-99.8,-99.8,-99.8
2022-10-30 17:00:00,1013.4,21.7,75.0,13.0,27.0,20.3,31.0,0.0,-99.8,-99.8,-99.8,-99.8,-99.8,-99.8,-99.8
2022-10-30 18:00:00,1013.9,21.6,71.0,12.5,27.0,19.4,30.0,0.0,-99.8,-99.8,-99.8,-99.8,-99.8,-99.8,-99.8
2022-10-30 19:00:00,1014.2,21.6,74.0,13.9,26.0,20.2,34.0,0.0,-99.8,-99.8,-99.8,-99.8,-99.8,-99.8,-99.8
2022-10-30 20:00:00,1014.2,21.3,78.0,14.5,26.0,20.7,34.0,0.0,-99.8,-99.8,-99.8,-99.8,-99.8,-99.8,-99.8
2022-10-30 21:00:00,1014.4,21.2,80.0,14.0,25.0,21.9,25.0,0.0,-99.8,-99.8,-99.8,-99.8,-99.8,-99.8,-99.8
2022-10-30 22:00:00,1014.2,21.1,79.0,14.1,23.0,21.4,30.0,0.0,-99.8,-99.8,-99.8,-99.8,-99.8,-99.8,-99.8
2022-10-30 23:00:00,1014.0,20.9,79.0,14.3,23.0,21.9,17.0,0.0,-99.8,-99.8,-99.8,-99.8,-99.8,-99.8,-99.8
2022-10-31 00:00:00,1013.0,20.7,80.0,14.5,21.0,22.1,30.0,0.0,-99.8,-99.8,-99.8,-99.8,-99.8,-99.8,-99.8
2022-10-31 01:00:00,1013.3,20.7,78.0,13.9,22.0,21.7,22.0,0.0,-99.8,-99.8,-99.8,-99.8,-99.8,-99.8,-99.8
2022-10-31 02:00:00,1012.8,20.7,78.0,15.1,20.0,23.2,14.0,0.0,-99.8,-99.8,-99.8,-99.8,-99.8,-99.8,-99.8
2022-10-31 03:00:00,1012.3,20.7,78.0,14.1,21.0,22.7,22.0,0.0,-99.8,-99.8,-99.8,-99.8,-99.8,-99.8,-99.8
2022-10-31 04:00:00,1012.2,20.6,76.0,15.2,21.0,23.0,16.0,0.0,-99.8,-99.8,-99.8,-99.8,-99.8,-99.8,-99.8
2022-10-31 05:00:00,1011.7,20.7,75.0,15.9,24.0,23.0,21.0,0.0,-99.8,-99.8,-99.8,-99.8,-99.8,-99.8,-99.8
2022-10-31 06:00:00,1012.2,20.6,76.0,15.1,24.0,24.4,21.0,0.0,-99.8,-99.8,-99.8,-99.8,-99.8,-99.8,-99.8
2022-10-31 07:00:00,1012.8,20.4,74.0,15.1,23.0,24.8,30.0,0.0,-99.8,-99.8,-99.8,-99.8,-99.8,-99.8,-99.8
2022-10-31 08:00:00,1013.4,20.3,76.0,16.3,24.0,24.8,22.0,0.0,-99.8,-99.8,-99.8,-99.8,-99.8,-99.8,-99.8
2022-10-31 09:00:00,1013.7,20.3,75.0,16.4,24.0,25.8,19.0,0.0,-99.8,-99.8,-99.8,-99.8,-99.8,-99.8,-99.8
2022-10-31 10:00:00,1014.0,20.1,78.0,15.6,23.0,24.6,27.0,0.0,-99.8,-99.8,-99.8,-99.8,-99.8,-99.8,-99.8
2022-10-31 11:00:00,1013.9,20.3,76.0,15.9,23.0,22.9,33.0,0.0,-99.8,-99.8,-99.8,-99.8,-99.8,-99.8,-99.8
2022-10-31 12:00:00,1013.5,20.0,79.0,15.5,21.0,23.2,25.0,0.0,-99.8,-99.8,-99.8,-99.8,-99.8,-99.8,-99.8
2022-10-31 13:00:00,1012.9,19.7,79.0,15.1,22.0,25.1,25.0,0.0,-99.8,-99.8,-99.8,-99.8,-99.8,-99.8,-99.8
2022-10-31 14:00:00,1012.5,18.9,86.0,15.4,18.0,24.1,22.0,0.0,-99.8,-99.8,-99.8,-99.8,-99.8,-99.8,-99.8
2022-10-31 15:00:00,1012.4,19.2,84.0,15.6,18.0,24.2,23.0,0.0,-99.8,-99.8,-99.8,-99.8,-99.8,-99.8,-99.8
2022-10-31 16:00:00,1013.2,18.8,89.0,14.4,20.0,22.9,20.0,0.0,-99.8,-99.8,-99.8,-99.8,-99.8,-99.8,-99.8
2022-10-31 17:00:00,1013.2,19.0,88.0,14.4,20.0,24.3,19.0,0.0,-99.8,-99.8,-99.8,-99.8,-99.8,-99.8,-99.8
2022-10-31 18:00:00,1013.8,20.4,77.0,12.1,26.0,20.7,22.0,0.0,-99.8,-99.8,-99.8,-99.8,-99.8,-99.8,-99.8
2022-10-31 19:00:00,1014.3,20.2,77.0,13.6,25.0,19.7,25.0,0.0,-99.8,-99.8,-99.8,-99.8,-99.8,-99.8,-99.8
2022-10-31 20:00:00,1014.3,20.2,77.0,14.1,23.0,20.9,28.0,0.0,-99.8,-99.8,-99.8,-99.8,-99.8,-99.8,-99.8
2022-10-31 21:00:00,1015.3,20.2,72.0,14.7,22.0,22.5,22.0,0.0,-99.8,-99.8,-99.8,-99.8,-99.8,-99.8,-99.8
2022-10-31 22:00:00,1015.3,20.0,72.0,13.8,24.0,21.4,28.0,0.0,-99.8,-99.8,-99.8,-99.8,-99.8,-99.8,-99.8
2022-10-31 23:00:00,1014.7,20.3,72.0,14.3,25.0,20.9,24.0,0.0,-99.8,-99.8,-99.8,-99.8,-99.8,-99.8,-99.8
2022-11-01 00:00:00,1014.2,19.9,74.0,14.5,21.0,21.5,32.0,0.0,-99.8,-99.8,-99.8,-99.8,-99.8,-99.8,-99.8
2022-11-01 01:00:00,1013.8,19.7,75.0,14.6,26.0,22.4,12.0,0.0,-99.8,-99.8,-99.8,-99.8,-99.8,-99.8,-99.8
2022-11-01 02:00:00,1013.3,19.5,76.0,13.8,25.0,22.3,19.0,0.0,-99.8,-99.8,-99.8,-99.8,-99.8,-99.8,-99.8
2022-11-01 03:00:00,1013.5,19.2,79.0,15.2,22.0,20.8,13.0,0.0,-99.8,-99.8,-99.8,-99.8,-99.8,-99.8,-99.8
2022-11-01 04:00:00,1013.1,19.6,76.0,14.6,25.0,21.4,35.0,0.0,-99.8,-99.8,-99.8,-99.8,-99.8,-99.8,-99.8
2022-11-01 05:00:00,1012.9,19.5,77.0,15.0,24.0,24.1,30.0,0.0,-99.8,-99.8,-99.8,-99.8,-99.8,-99.8,-99.8
2022-11-01 06:00:00,1013.9,19.4,80.0,14.6,23.0,23.3,22.0,0.0,-99.8,-99.8,-99.8,-99.8,-99.8,-99.8,-99.8
2022-11-01 07:00:00,1014.3,18.9,83.0,13.8,21.0,21.6,22.0,0.5,-99.8,-99.8,-99.8,-99.8,-99.8,-99.8,-99.8
2022-11-01 08:00:00,1015.0,19.3,79.0,13.9,24.0,22.6,27.0,0.0,-99.8,-99.8,-99.8,-99.8,-99.8,-99.8,-99.8
2022-11-01 09:00:00,1014.8,19.7,77.0,14.7,23.0,22.9,26.0,0.0,-99.8,-99.8,-99.8,-99.8,-99.8,-99.8,-99.8
2022-11-01 10:00:00,1015.3,19.6,76.0,14.7,24.0,22.4,33.0,0.0,-99.8,-99.8,-99.8,-99.8,-99.8,-99.8,-99.8
2022-11-01 11:00:00,1015.0,19.7,77.0,14.7,24.0,22.2,20.0,0.0,-99.8,-99.8,-99.8,-99.8,-99.8,-99.8,-99.8
2022-11-01 12:00:00,1014.4,19.4,80.0,14.8,23.0,23.9,28.0,0.0,-99.8,-99.8,-99.8,-99.8,-99.8,-99.8,-99.8
2022-11-01 13:00:00,1013.8,19.7,81.0,14.0,22.0,23.0,18.0,0.0,-99.8,-99.8,-99.8,-99.8,-99.8,-99.8,-99.8
2022-11-01 14:00:00,1013.7,18.6,89.0,14.6,22.0,23.3,20.0,0.5,-99.8,-99.8,-99.8,-99.8,-99.8,-99.8,-99.8
2022-11-01 15:00:00,1013.6,19.3,85.0,13.6,22.0,22.3,20.0,0.0,-99.8,-99.8,-99.8,-99.8,-99.8,-99.8,-99.8
2022-11-01 16:00:00,1013.6,18.9,86.0,15.1,21.0,22.6,20.0,0.0,-99.8,-99.8,-99.8,-99.8,-99.8,-99.8,-99.8
2022-11-01 17:00:00,1014.2,19.1,85.0,13.6,26.0,22.6,27.0,0.0,-99.8,-99.8,-99.8,-99.8,-99.8,-99.8,-99.8
2022-11-01 18:00:00,1014.6,19.4,83.0,14.1,22.0,22.4,21.0,0.5,-99.8,-99.8,-99.8,-99.8,-99.8,-99.8,-99.8
2022-11-01 19:00:00,1015.3,19.3,80.0,13.9,20.0,23.2,25.0,0.0,-99.8,-99.8,-99.8,-99.8,-99.8,-99.8,-99.8
2022-11-01 20:00:00,1015.8,18.8,82.0,14.2,21.0,21.5,3.0,1.0,-99.8,-99.8,-99.8,-99.8,-99.8,-99.8,-99.8
2022-11-01 21:00:00,1015.4,18.2,84.0,13.8,20.0,22.2,19.0,0.5,-99.8,-99.8,-99.8,-99.8,-99.8,-99.8,-99.8
2022-11-01 22:00:00,1015.4,18.6,81.0,14.7,20.0,22.6,22.0,0.0,-99.8,-99.8,-99.8,-99.8,-99.8,-99.8,-99.8
2022-11-01 23:00:00,1014.8,18.5,83.0,15.3,22.0,22.7,25.0,0.0,-99.8,-99.8,-99.8,-99.8,-99.8,-99.8,-99.8
2022-11-02 00:00:00,1015.0,18.0,83.0,15.3,21.0,22.1,23.0,0.0,-99.8,-99.8,-99.8,-99.8,-99.8,-99.8,-99.8
2022-11-02 01:00:00,1014.9,18.2,81.0,15.4,20.0,22.8,25.0,0.0,-99.8,-99.8,-99.8,-99.8,-99.8,-99.8,-99.8
2022-11-02 02:00:00,1014.1,17.9,83.0,15.2,17.0,22.1,17.0,0.0,-99.8,-99.8,-99.8,-99.8,-99.8,-99.8,-99.8
2022-11-02 03:00:00,1014.0,18.1,84.0,13.6,21.0,20.3,23.0,0.0,-99.8,-99.8,-99.8,-99.8,-99.8,-99.8,-99.8
2022-11-02 04:00:00,1013.8,18.1,84.0,13.3,18.0,20.4,26.0,0.0,-99.8,-99.8,-99.8,-99.8,-99.8,-99.8,-99.8
2022-11-02 05:00:00,1013.5,18.7,82.0,14.2,21.0,20.3,26.0,0.0,-99.8,-99.8,-99.8,-99.8,-99.8,-99.8,-99.8
2022-11-02 06:00:00,1014.4,18.9,82.0,13.4,20.0,20.2,21.0,0.0,-99.8,-99.8,-99.8,-99.8,-99.8,-99.8,-99.8
2022-11-02 07:00:00,1015.0,18.8,84.0,12.8,21.0,20.6,26.0,0.0,-99.8,-99.8,-99.8,-99.8,-99.8,-99.8,-99.8
2022-11-02 08:00:00,1015.2,18.9,81.0,13.0,21.0,21.6,29.0,0.0,-99.8,-99.8,-99.8,-99.8,-99.8,-99.8,-99.8
2022-11-02 09:00:00,1016.1,18.8,83.0,11.7,18.0,18.8,21.0,0.0,-99.8,-99.8,-99.8,-99.8,-99.8,-99.8,-99.8
2022-11-02 10:00:00,1015.9,18.7,82.0,13.0,18.0,18.6,28.0,0.0,-99.8,-99.8,-99.8,-99.8,-99.8,-99.8,-99.8
2022-11-02 11:00:00,1015.6,18.6,81.0,13.7,23.0,21.0,28.0,0.0,-99.8,-99.8,-99.8,-99.8,-99.8,-99.8,-99.8
2022-11-02 12:00:00,1015.1,18.6,82.0,13.3,22.0,20.9,27.0,0.0,-99.8,-99.8,-99.8,-99.8,-99.8,-99.8,-99.8
2022-11-02 13:00:00,1014.1,18.5,84.0,13.5,19.0,20.2,19.0,0.0,-99.8,-99.8,-99.8,-99.8,-99.8,-99.8,-99.8
2022-11-02 14:00:00,1014.1,18.2,86.0,13.9,14.0,19.8,13.0,0.0,-99.8,-99.8,-99.8,-99.8,-99.8,-99.8,-99.8
2022-11-02 15:00:00,1013.9,18.3,87.0,12.1,16.0,19.7,20.0,0.0,-99.8,-99.8,-99.8,-99.8,-99.8,-99.8,-99.8
2022-11-02 16:00:00,1014.2,18.0,90.0,12.0,18.0,17.7,20.0,0.0,-99.8,-99.8,-99.8,-99.8,-99.8,-99.8,-99.8
2022-11-02 17:00:00,1014.3,18.1,90.0,12.1,17.0,17.6,11.0,0.0,-99.8,-99.8,-99.8,-99.8,-99.8,-99.8,-99.8
2022-11-02 18:00:00,1014.4,18.6,88.0,11.1,21.0,18.1,16.0,0.0,-99.8,-99.8,-99.8,-99.8,-99.8,-99.8,-99.8
2022-11-02 19:00:00,1015.0,18.8,88.0,11.5,22.0,17.7,23.0,0.0,-99.8,-99.8,-99.8,-99.8,-99.8,-99.8,-99.8
2022-11-02 20:00:00,1015.2,18.8,88.0,11.1,23.0,17.4,30.0,0.0,-99.8,-99.8,-99.8,-99.8,-99.8,-99.8,-99.8
2022-11-02 21:00:00,1015.1,18.4,90.0,11.6,21.0,16.7,31.0,0.0,-99.8,-99.8,-99.8,-99.8,-99.8,-99.8,-99.8
2022-11-02 22:00:00,1015.1,18.4,89.0,11.5,20.0,16.5,12.0,0.0,-99.8,-99.8,-99.8,-99.8,-99.8,-99.8,-99.8
2022-11-02 23:00:00,1014.8,18.5,89.0,11.3,21.0,16.8,28.0,0.0,-99.8,-99.8,-99.8,-99.8,-99.8,-99.8,-99.8
2022-11-03 00:00:00,1014.5,18.6,89.0,11.0,20.0,16.5,26.0,0.0,-99.8,-99.8,-99.8,-99.8,-99.8,-99.8,-99.8
2022-11-03 01:00:00,1014.4,18.9,88.0,9.9,18.0,16.0,31.0,0.0,-99.8,-99.8,-99.8,-99.8,-99.8,-99.8,-99.8
2022-11-03 02:00:00,1014.3,18.8,87.0,10.8,20.0,15.8,19.0,0.0,-99.8,-99.8,-99.8,-99.8,-99.8,-99.8,-99.8
2022-11-03 03:00:00,1013.8,18.5,91.0,10.7,19.0,15.3,12.0,0.0,-99.8,-99.8,-99.8,-99.8,-99.8,-99.8,-99.8
2022-11-03 04:00:00,1013.9,18.8,89.0,9.9,18.0,15.0,22.0,0.0,-99.8,-99.8,-99.8,-99.8,-99.8,-99.8,-99.8
2022-11-03 05:00:00,1014.0,19.0,87.0,9.8,18.0,14.2,26.0,0.0,-99.8,-99.8,-99.8,-99.8,-99.8,-99.8,-99.8
2022-11-03 06:00:00,1014.4,19.1,87.0,10.3,21.0,15.6,15.0,0.0,-99.8,-99.8,-99.8,-99.8,-99.8,-99.8,-99.8
2022-11-03 07:00:00,1015.2,19.2,89.0,9.4,21.0,15.0,20.0,0.0,-99.8,-99.8,-99.8,-99.8,-99.8,-99.8,-99.8
2022-11-03 08:00:00,1015.8,19.2,88.0,9.3,24.0,14.2,20.0,0.0,-99.8,-99.8,-99.8,-99.8,-99.8,-99.8,-99.8
2022-11-03 09:00:00,1016.0,19.2,89.0,9.5,22.0,13.5,25.0,0.0,-99.8,-99.8,-99.8,-99.8,-99.8,-99.8,-99.8
2022-11-03 10:00:00,1016.0,18.9,90.0,9.5,23.0,13.7,32.0,0.0,-99.8,-99.8,-99.8,-99.8,-99.8,-99.8,-99.8
2022-11-03 11:00:00,1015.5,19.0,91.0,9.5,21.0,13.7,17.0,0.0,-99.8,-99.8,-99.8,-99.8,-99.8,-99.8,-99.8
2022-11-03 12:00:00,1014.8,19.0,91.0,9.2,23.0,13.3,26.0,0.0,-99.8,-99.8,-99.8,-99.8,-99.8,-99.8,-99.8
2022-11-03 13:00:00,1014.1,19.2,89.0,9.0,22.0,13.2,23.0,0.0,-99.8,-99.8,-99.8,-99.8,-99.8,-99.8,-99.8
2022-11-03 14:00:00,1014.2,19.3,89.0,8.5,20.0,14.1,20.0,0.0,-99.8,-99.8,-99.8,-99.8,-99.8,-99.8,-99.8
2022-11-03 15:00:00,1014.1,19.2,91.0,9.3,20.0,13.2,13.0,0.0,-99.8,-99.8,-99.8,-99.8,-99.8,-99.8,-99.8
2022-11-03 16:00:00,1014.3,19.2,92.0,8.9,20.0,14.0,22.0,0.0,-99.8,-99.8,-99.8,-99.8,-99.8,-99.8,-99.8
2022-11-03 17:00:00,1014.6,19.2,92.0,9.0,22.0,13.1,13.0,0.0,-99.8,-99.8,-99.8,-99.8,-99.8,-99.8,-99.8
2022-11-03 18:00:00,1015.3,19.3,93.0,8.3,22.0,12.7,19.0,0.0,-99.8,-99.8,-99.8,-99.8,-99.8,-99.8,-99.8
2022-11-03 19:00:00,1016.0,19.3,93.0,8.9,22.0,12.1,21.0,0.0,-99.8,-99.8,-99.8,-99.8,-99.8,-99.8,-99.8
2022-11-03 20:00:00,1016.2,19.2,95.0,8.9,22.0,12.6,11.0,0.0,-99.8,-99.8,-99.8,-99.8,-99.8,-99.8,-99.8
2022-11-03 21:00:00,1016.6,19.2,94.0,9.6,18.0,13.6,23.0,0.0,-99.8,-99.8,-99.8,-99.8,-99.8,-99.8,-99.8
2022-11-03 22:00:00,1016.8,19.1,95.0,9.9,22.0,14.4,25.0,0.0,-99.8,-99.8,-99.8,-99.8,-99.8,-99.8,-99.8
2022-11-03 23:00:00,1016.5,19.3,94.0,10.7,24.0,15.6,21.0,0.0,-99.8,-99.8,-99.8,-99.8,-99.8,-99.8,-99.8
2022-11-04 00:00:00,1016.4,19.2,93.0,11.0,25.0,15.6,21.0,0.0,-99.8,-99.8,-99.8,-99.8,-99.8,-99.8,-99.8
2022-11-04 01:00:00,1016.7,19.0,92.0,11.2,27.0,17.2,21.0,0.0,-99.8,-99.8,-99.8,-99.8,-99.8,-99.8,-99.8
2022-11-04 02:00:00,1016.6,18.9,92.0,11.2,25.0,16.8,21.0,0.0,-99.8,-99.8,-99.8,-99.8,-99.8,-99.8,-99.8
2022-11-04 03:00:00,1016.5,19.1,91.0,10.6,29.0,16.9,25.0,0.5,-99.8,-99.8,-99.8,-99.8,-99.8,-99.8,-99.8
2022-11-04 04:00:00,1017.0,19.1,89.0,11.2,28.0,17.2,41.0,0.0,-99.8,-99.8,-99.8,-99.8,-99.8,-99.8,-99.8
2022-11-04 05:00:00,1017.3,18.9,89.0,11.2,27.0,16.9,18.0,0.0,-99.8,-99.8,-99.8,-99.8,-99.8,-99.8,-99.8
2022-11-04 06:00:00,1018.0,19.1,82.0,10.9,28.0,17.4,33.0,0.0,-99.8,-99.8,-99.8,-99.8,-99.8,-99.8,-99.8
2022-11-04 07:00:00,1018.9,19.5,72.0,12.0,28.0,17.0,34.0,0.0,-99.8,-99.8,-99.8,-99.8,-99.8,-99.8,-99.8
2022-11-04 08:00:00,1019.7,19.7,71.0,10.8,30.0,18.4,28.0,0.0,-99.8,-99.8,-99.8,-99.8,-99.8,-99.8,-99.8
2022-11-04 09:00:00,1020.5,19.5,65.0,12.1,29.0,19.9,29.0,0.0,-99.8,-99.8,-99.8,-99.8,-99.8,-99.8,-99.8
2022-11-04 10:00:00,1020.4,19.5,73.0,10.8,27.0,17.9,28.0,0.0,-99.8,-99.8,-99.8,-99.8,-99.8,-99.8,-99.8
2022-11-04 11:00:00,1020.0,19.3,74.0,11.9,22.0,17.6,28.0,0.0,-99.8,-99.8,-99.8,-99.8,-99.8,-99.8,-99.8
2022-11-04 12:00:00,1019.8,19.0,76.0,11.1,25.0,16.7,24.0,0.0,-99.8,-99.8,-99.8,-99.8,-99.8,-99.8,-99.8
2022-11-04 13:00:00,1019.1,18.9,73.0,12.1,24.0,16.7,26.0,0.0,-99.8,-99.8,-99.8,-99.8,-99.8,-99.8,-99.8
2022-11-04 14:00:00,1018.7,19.2,74.0,11.0,24.0,17.1,23.0,0.0,-99.8,-99.8,-99.8,-99.8,-99.8,-99.8,-99.8
2022-11-04 15:00:00,1018.8,19.3,71.0,11.7,26.0,17.2,28.0,0.0,-99.8,-99.8,-99.8,-99.8,-99.8,-99.8,-99.8
2022-11-04 16:00:00,1019.1,19.5,75.0,11.3,27.0,17.1,32.0,0.0,-99.8,-99.8,-99.8,-99.8,-99.8,-99.8,-99.8
2022-11-04 17:00:00,1019.3,19.5,77.0,12.3,28.0,18.6,35.0,0.0,-99.8,-99.8,-99.8,-99.8,-99.8,-99.8,-99.8
2022-11-04 18:00:00,1019.8,19.4,76.0,11.7,28.0,18.4,34.0,0.0,-99.8,-99.8,-99.8,-99.8,-99.8,-99.8,-99.8
2022-11-04 19:00:00,1020.6,18.8,77.0,10.6,32.0,18.0,37.0,0.0,-99.8,-99.8,-99.8,-99.8,-99.8,-99.8,-99.8
2022-11-04 20:00:00,1021.2,18.3,84.0,12.5,26.0,19.7,40.0,0.0,-99.8,-99.8,-99.8,-99.8,-99.8,-99.8,-99.8
2022-11-04 21:00:00,1021.6,18.1,84.0,12.1,29.0,18.6,26.0,0.0,-99.8,-99.8,-99.8,-99.8,-99.8,-99.8,-99.8
2022-11-04 22:00:00,1021.8,18.2,80.0,12.5,26.0,18.5,36.0,0.0,-99.8,-99.8,-99.8,-99.8,-99.8,-99.8,-99.8
2022-11-04 23:00:00,1021.8,18.3,79.0,11.8,28.0,20.3,27.0,0.0,-99.8,-99.8,-99.8,-99.8,-99.8,-99.8,-99.8
2022-11-05 00:00:00,1021.4,18.3,78.0,11.6,26.0,18.3,23.0,0.0,-99.8,-99.8,-99.8,-99.8,-99.8,-99.8,-99.8
2022-11-05 01:00:00,1021.2,18.2,77.0,11.7,25.0,18.1,39.0,0.0,-99.8,-99.8,-99.8,-99.8,-99.8,-99.8,-99.8
2022-11-05 02:00:00,1021.0,18.2,76.0,11.4,28.0,17.5,31.0,0.0,-99.8,-99.8,-99.8,-99.8,-99.8,-99.8,-99.8
2022-11-05 03:00:00,1021.1,18.2,76.0,10.8,27.0,18.4,25.0,0.0,-99.8,-99.8,-99.8,-99.8,-99.8,-99.8,-99.8
2022-11-05 04:00:00,1021.0,17.9,76.0,11.6,27.0,16.8,28.0,0.0,-99.8,-99.8,-99.8,-99.8,-99.8,-99.8,-99.8
2022-11-05 05:00:00,1021.3,17.9,71.0,11.6,25.0,17.3,16.0,0.0,-99.8,-99.8,-99.8,-99.8,-99.8,-99.8,-99.8
2022-11-05 06:00:00,1021.8,17.7,76.0,11.9,26.0,17.7,33.0,0.0,-99.8,-99.8,-99.8,-99.8,-99.8,-99.8,-99.8
2022-11-05 07:00:00,1022.5,17.6,74.0,11.7,28.0,19.4,32.0,0.0,-99.8,-99.8,-99.8,-99.8,-99.8,-99.8,-99.8
2022-11-05 08:00:00,1023.1,18.0,70.0,12.3,25.0,17.6,28.0,0.0,-99.8,-99.8,-99.8,-99.8,-99.8,-99.8,-99.8
2022-11-05 09:00:00,1023.3,17.8,72.0,12.3,26.0,18.9,28.0,0.0,-99.8,-99.8,-99.8,-99.8,-99.8,-99.8,-99.8
2022-11-05 10:00:00,1023.4,17.8,69.0,11.5,26.0,18.1,26.0,0.0,-99.8,-99.8,-99.8,-99.8,-99.8,-99.8,-99.8
2022-11-05 11:00:00,1022.9,17.9,69.0,11.5,26.0,18.4,30.0,0.0,-99.8,-99.8,-99.8,-99.8,-99.8,-99.8,-99.8
2022-11-05 12:00:00,1022.1,17.6,69.0,11.6,25.0,17.5,32.0,0.0,-99.8,-99.8,-99.8,-99.8,-99.8,-99.8,-99.8
2022-11-05 13:00:00,1021.5,17.6,69.0,10.7,28.0,17.1,30.0,0.0,-99.8,-99.8,-99.8,-99.8,-99.8,-99.8,-99.8
2022-11-05 14:00:00,1021.0,17.4,72.0,10.6,23.0,17.3,31.0,0.0,-99.8,-99.8,-99.8,-99.8,-99.8,-99.8,-99.8
2022-11-05 15:00:00,1020.8,17.6,72.0,11.0,25.0,17.9,20.0,0.0,-99.8,-99.8,-99.8,-99.8,-99.8,-99.8,-99.8
2022-11-05 16:00:00,1020.6,17.8,72.0,12.2,24.0,18.3,28.0,0.0,-99.8,-99.8,-99.8,-99.8,-99.8,-99.8,-99.8
2022-11-05 17:00:00,1021.0,18.0,74.0,12.4,24.0,17.9,23.0,0.0,-99.8,-99.8,-99.8,-99.8,-99.8,-99.8,-99.8
2022-11-05 18:00:00,1021.6,18.3,77.0,11.6,25.0,17.8,20.0,0.0,-99.8,-99.8,-99.8,-99.8,-99.8,-99.8,-99.8
2022-11-05 19:00:00,1022.2,18.4,77.0,11.0,27.0,16.1,24.0,0.0,-99.8,-99.8,-99.8,-99.8,-99.8,-99.8,-99.8
2022-11-05 20:00:00,1022.5,18.5,74.0,11.8,25.0,16.9,28.0,0.0,-99.8,-99.8,-99.8,-99.8,-99.8,-99.8,-99.8
2022-11-05 21:00:00,1022.8,18.5,75.0,10.9,24.0,16.6,21.0,0.0,-99.8,-99.8,-99.8,-99.8,-99.8,-99.8,-99.8
2022-11-05 22:00:00,1022.7,18.6,76.0,10.6,28.0,15.8,24.0,0.0,-99.8,-99.8,-99.8,-99.8,-99.8,-99.8,-99.8
2022-11-05 23:00:00,1022.5,18.6,77.0,10.0,28.0,16.2,34.0,0.0,-99.8,-99.8,-99.8,-99.8,-99.8,-99.8,-99.8
2022-11-06 00:00:00,1022.0,18.7,74.0,8.8,28.0,15.9,28.0,0.0,-99.8,-99.8,-99.8,-99.8,-99.8,-99.8,-99.8
2022-11-06 01:00:00,1021.3,18.7,75.0,11.3,23.0,16.0,26.0,0.0,-99.8,-99.8,-99.8,-99.8,-99.8,-99.8,-99.8
2022-11-06 02:00:00,1021.1,18.3,75.0,10.2,28.0,16.1,11.0,0.0,-99.8,-99.8,-99.8,-99.8,-99.8,-99.8,-99.8
2022-11-06 03:00:00,1020.5,18.3,75.0,11.6,22.0,16.0,17.0,0.0,-99.8,-99.8,-99.8,-99.8,-99.8,-99.8,-99.8
2022-11-06 04:00:00,1020.3,18.3,76.0,10.1,26.0,15.6,25.0,0.0,-99.8,-99.8,-99.8,-99.8,-99.8,-99.8,-99.8
2022-11-06 05:00:00,1020.2,18.0,76.0,10.6,19.0,15.5,25.0,0.0,-99.8,-99.8,-99.8,-99.8,-99.8,-99.8,-99.8
2022-11-06 06:00:00,1020.5,17.9,79.0,10.8,18.0,15.8,26.0,0.0,-99.8,-99.8,-99.8,-99.8,-99.8,-99.8,-99.8
2022-11-06 07:00:00,1021.1,17.9,75.0,11.4,17.0,17.1,16.0,0.0,-99.8,-99.8,-99.8,-99.8,-99.8,-99.8,-99.8
2022-11-06 08:00:00,1021.6,18.3,77.0,11.0,18.0,16.4,13.0,0.0,-99.8,-99.8,-99.8,-99.8,-99.8,-99.8,-99.8
2022-11-06 09:00:00,1022.1,18.3,78.0,10.4,19.0,16.5,19.0,0.0,-99.8,-99.8,-99.8,-99.8,-99.8,-99.8,-99.8
2022-11-06 10:00:00,1021.7,18.7,78.0,10.2,26.0,15.2,26.0,0.0,-99.8,-99.8,-99.8,-99.8,-99.8,-99.8,-99.8
2022-11-06 11:00:00,1021.4,18.7,77.0,10.2,22.0,15.7,23.0,0.0,-99.8,-99.8,-99.8,-99.8,-99.8,-99.8,-99.8
2022-11-06 12:00:00,1020.7,18.8,77.0,10.4,22.0,15.0,19.0,0.0,-99.8,-99.8,-99.8,-99.8,-99.8,-99.8,-99.8
2022-11-06 13:00:00,1019.6,18.6,78.0,10.7,23.0,15.9,22.0,0.0,-99.8,-99.8,-99.8,-99.8,-99.8,-99.8,-99.8
2022-11-06 14:00:00,1019.2,18.8,78.0,10.0,19.0,15.2,24.0,0.0,-99.8,-99.8,-99.8,-99.8,-99.8,-99.8,-99.8
2022-11-06 15:00:00,1018.6,18.7,76.0,10.2,24.0,15.2,29.0,0.0,-99.8,-99.8,-99.8,-99.8,-99.8,-99.8,-99.8
2022-11-06 16:00:00,1018.6,18.6,78.0,9.8,21.0,14.9,20.0,0.0,-99.8,-99.8,-99.8,-99.8,-99.8,-99.8,-99.8
2022-11-06 17:00:00,1018.7,18.8,80.0,8.3,26.0,13.7,22.0,0.0,-99.8,-99.8,-99.8,-99.8,-99.8,-99.8,-99.8
2022-11-06 18:00:00,1019.1,19.0,82.0,9.1,24.0,13.5,19.0,0.0,-99.8,-99.8,-99.8,-99.8,-99.8,-99.8,-99.8
2022-11-06 19:00:00,1019.8,18.9,83.0,10.0,18.0,14.9,22.0,0.0,-99.8,-99.8,-99.8,-99.8,-99.8,-99.8,-99.8
2022-11-06 20:00:00,1019.9,18.7,84.0,10.4,20.0,15.0,19.0,0.0,-99.8,-99.8,-99.8,-99.8,-99.8,-99.8,-99.8
2022-11-06 21:00:00,1020.3,19.0,83.0,9.9,21.0,14.6,21.0,0.0,-99.8,-99.8,-99.8,-99.8,-99.8,-99.8,-99.8
2022-11-06 22:00:00,1020.1,18.9,84.0,9.4,20.0,13.7,15.0,0.0,-99.8,-99.8,-99.8,-99.8,-99.8,-99.8,-99.8
2022-11-06 23:00:00,1020.0,19.0,84.0,9.1,19.0,13.7,32.0,0.0,-99.8,-99.8,-99.8,-99.8,-99.8,-99.8,-99.8
2022-11-07 00:00:00,1019.7,18.4,86.0,10.1,14.0,13.3,19.0,0.0,-99.8,-99.8,-99.8,-99.8,-99.8,-99.8,-99.8
2022-11-07 01:00:00,1019.2,18.4,84.0,9.5,22.0,13.6,14.0,0.0,-99.8,-99.8,-99.8,-99.8,-99.8,-99.8,-99.8
2022-11-07 02:00:00,1018.7,17.9,82.0,9.5,19.0,14.1,23.0,0.0,-99.8,-99.8,-99.8,-99.8,-99.8,-99.8,-99.8
2022-11-07 03:00:00,1018.1,18.4,83.0,9.9,24.0,15.1,30.0,0.0,-99.8,-99.8,-99.8,-99.8,-99.8,-99.8,-99.8
2022-11-07 04:00:00,1018.1,18.4,80.0,10.4,14.0,14.6,11.0,0.0,-99.8,-99.8,-99.8,-99.8,-99.8,-99.8,-99.8
2022-11-07 05:00:00,1018.2,18.6,75.0,10.4,7.0,15.4,11.0,0.0,-99.8,-99.8,-99.8,-99.8,-99.8,-99.8,-99.8
2022-11-07 06:00:00,1018.7,18.9,75.0,8.6,18.0,12.8,15.0,0.0,-99.8,-99.8,-99.8,-99.8,-99.8,-99.8,-99.8
2022-11-07 07:00:00,1019.2,19.1,74.0,9.2,15.0,13.3,17.0,0.0,-99.8,-99.8,-99.8,-99.8,-99.8,-99.8,-99.8
2022-11-07 08:00:00,1019.6,19.0,75.0,9.3,15.0,12.7,9.0,0.0,-99.8,-99.8,-99.8,-99.8,-99.8,-99.8,-99.8
2022-11-07 09:00:00,1020.5,19.0,76.0,8.5,21.0,12.3,17.0,0.0,-99.8,-99.8,-99.8,-99.8,-99.8,-99.8,-99.8
2022-11-07 10:00:00,1020.3,19.1,76.0,8.7,22.0,12.7,17.0,0.0,-99.8,-99.8,-99.8,-99.8,-99.8,-99.8,-99.8
2022-11-07 11:00:00,1020.0,19.2,75.0,8.7,13.0,12.2,20.0,0.0,-99.8,-99.8,-99.8,-99.8,-99.8,-99.8,-99.8
2022-11-07 12:00:00,1019.4,19.3,76.0,8.6,15.0,12.2,15.0,0.0,-99.8,-99.8,-99.8,-99.8,-99.8,-99.8,-99.8
2022-11-07 13:00:00,1018.0,19.4,76.0,9.4,22.0,12.8,23.0,0.0,-99.8,-99.8,-99.8,-99.8,-99.8,-99.8,-99.8
2022-11-07 14:00:00,1017.4,19.4,77.0,8.8,23.0,13.4,32.0,0.0,-99.8,-99.8,-99.8,-99.8,-99.8,-99.8,-99.8
2022-11-07 15:00:00,1017.3,19.5,80.0,7.7,19.0,12.8,29.0,0.0,-99.8,-99.8,-99.8,-99.8,-99.8,-99.8,-99.8
2022-11-07 16:00:00,1017.0,19.4,78.0,8.2,26.0,12.0,13.0,0.0,-99.8,-99.8,-99.8,-99.8,-99.8,-99.8,-99.8
2022-11-07 17:00:00,1017.2,19.5,82.0,8.8,22.0,12.6,14.0,0.0,-99.8,-99.8,-99.8,-99.8,-99.8,-99.8,-99.8
2022-11-07 18:00:00,1017.7,19.6,84.0,8.2,24.0,12.1,10.0,0.0,-99.8,-99.8,-99.8,-99.8,-99.8,-99.8,-99.8
2022-11-07 19:00:00,1018.1,19.8,86.0,7.2,27.0,12.6,22.0,0.0,-99.8,-99.8,-99.8,-99.8,-99.8,-99.8,-99.8
2022-11-07 20:00:00,1018.7,19.8,88.0,8.9,19.0,12.8,30.0,0.0,-99.8,-99.8,-99.8,-99.8,-99.8,-99.8,-99.8
2022-11-07 21:00:00,1018.9,19.7,89.0,8.8,22.0,13.0,15.0,0.0,-99.8,-99.8,-99.8,-99.8,-99.8,-99.8,-99.8
2022-11-07 22:00:00,1019.4,19.7,89.0,8.6,19.0,13.3,29.0,0.0,-99.8,-99.8,-99.8,-99.8,-99.8,-99.8,-99.8
2022-11-07 23:00:00,1019.3,19.6,88.0,9.9,17.0,13.5,20.0,0.0,-99.8,-99.8,-99.8,-99.8,-99.8,-99.8,-99.8
2022-11-08 00:00:00,1018.5,19.7,86.0,9.9,22.0,14.9,19.0,0.0,-99.8,-99.8,-99.8,-99.8,-99.8,-99.8,-99.8
2022-11-08 01:00:00,1019.1,19.6,85.0,9.2,17.0,13.9,20.0,0.0,-99.8,-99.8,-99.8,-99.8,-99.8,-99.8,-99.8
2022-11-08 02:00:00,1018.6,19.5,84.0,9.7,20.0,14.5,13.0,0.0,-99.8,-99.8,-99.8,-99.8,-99.8,-99.8,-99.8
2022-11-08 03:00:00,1018.5,19.5,83.0,9.1,25.0,13.9,24.0,0.0,-99.8,-99.8,-99.8,-99.8,-99.8,-99.8,-99.8
2022-11-08 04:00:00,1018.0,19.4,83.0,9.7,17.0,15.9,22.0,0.0,-99.8,-99.8,-99.8,-99.8,-99.8,-99.8,-99.8
2022-11-08 05:00:00,1018.6,19.5,82.0,8.6,19.0,15.6,12.0,0.0,-99.8,-99.8,-99.8,-99.8,-99.8,-99.8,-99.8
2022-11-08 06:00:00,1018.8,19.5,83.0,9.6,21.0,14.0,30.0,0.0,-99.8,-99.8,-99.8,-99.8,-99.8,-99.8,-99.8
2022-11-08 07:00:00,1019.8,19.4,82.0,8.1,21.0,14.1,17.0,0.0,-99.8,-99.8,-99.8,-99.8,-99.8,-99.8,-99.8
2022-11-08 08:00:00,1019.7,19.6,81.0,10.0,23.0,13.8,33.0,0.0,-99.8,-99.8,-99.8,-99.8,-99.8,-99.8,-99.8
2022-11-08 09:00:00,1020.7,19.6,79.0,8.9,18.0,13.7,23.0,0.0,-99.8,-99.8,-99.8,-99.8,-99.8,-99.8,-99.8
2022-11-08 10:00:00,1020.8,19.8,78.0,8.8,18.0,13.8,14.0,0.0,-99.8,-99.8,-99.8,-99.8,-99.8,-99.8,-99.8
2022-11-08 11:00:00,1020.0,19.9,78.0,9.2,20.0,13.0,9.0,0.0,-99.8,-99.8,-99.8,-99.8,-99.8,-99.8,-99.8
2022-11-08 12:00:00,1019.5,19.9,78.0,9.1,21.0,13.0,22.0,0.0,-99.8,-99.8,-99.8,-99.8,-99.8,-99.8,-99.8
2022-11-08 13:00:00,1019.1,20.0,79.0,8.4,24.0,12.8,25.0,0.0,-99.8,-99.8,-99.8,-99.8,-99.8,-99.8,-99.8
2022-11-08 14:00:00,1018.8,19.9,79.0,8.7,25.0,12.9,27.0,0.0,-99.8,-99.8,-99.8,-99.8,-99.8,-99.8,-99.8
2022-11-08 15:00:00,1018.1,19.9,81.0,9.3,22.0,13.7,27.0,0.0,-99.8,-99.8,-99.8,-99.8,-99.8,-99.8,-99.8
2022-11-08 16:00:00,1018.4,19.8,82.0,9.4,22.0,13.4,21.0,0.0,-99.8,-99.8,-99.8,-99.8,-99.8,-99.8,-99.8
2022-11-08 17:00:00,1018.7,19.7,84.0,9.2,23.0,13.8,19.0,0.0,-99.8,-99.8,-99.8,-99.8,-99.8,-99.8,-99.8
2022-11-08 18:00:00,1019.0,19.8,83.0,9.5,24.0,13.3,26.0,0.0,-99.8,-99.8,-99.8,-99.8,-99.8,-99.8,-99.8
2022-11-08 19:00:00,1019.2,20.0,83.0,9.4,23.0,14.6,24.0,0.0,-99.8,-99.8,-99.8,-99.8,-99.8,-99.8,-99.8
2022-11-08 20:00:00,1019.7,20.1,84.0,8.2,25.0,12.6,21.0,0.0,-99.8,-99.8,-99.8,-99.8,-99.8,-99.8,-99.8
2022-11-08 21:00:00,1019.5,20.0,86.0,8.9,21.0,12.8,20.0,0.0,-99.8,-99.8,-99.8,-99.8,-99.8,-99.8,-99.8
2022-11-08 22:00:00,1019.5,19.8,88.0,8.7,15.0,12.9,7.0,0.0,-99.8,-99.8,-99.8,-99.8,-99.8,-99.8,-99.8
2022-11-08 23:00:00,1019.2,19.7,88.0,10.1,14.0,14.0,17.0,0.0,-99.8,-99.8,-99.8,-99.8,-99.8,-99.8,-99.8
2022-11-09 00:00:00,1019.0,19.7,86.0,9.7,16.0,14.5,19.0,0.0,-99.8,-99.8,-99.8,-99.8,-99.8,-99.8,-99.8
2022-11-09 01:00:00,1018.6,20.0,83.0,9.6,20.0,13.9,18.0,0.0,-99.8,-99.8,-99.8,-99.8,-99.8,-99.8,-99.8
2022-11-09 02:00:00,1018.1,19.9,84.0,10.6,11.0,15.0,24.0,0.0,-99.8,-99.8,-99.8,-99.8,-99.8,-99.8,-99.8
2022-11-09 03:00:00,1017.8,20.1,82.0,9.7,9.0,14.3,14.0,0.0,-99.8,-99.8,-99.8,-99.8,-99.8,-99.8,-99.8
2022-11-09 04:00:00,1017.5,20.0,81.0,9.1,13.0,13.2,11.0,0.0,-99.8,-99.8,-99.8,-99.8,-99.8,-99.8,-99.8
2022-11-09 05:00:00,1017.5,20.0,81.0,9.0,9.0,12.4,13.0,0.0,-99.8,-99.8,-99.8,-99.8,-99.8,-99.8,-99.8
2022-11-09 06:00:00,1017.6,20.1,79.0,9.0,15.0,13.0,14.0,0.0,-99.8,-99.8,-99.8,-99.8,-99.8,-99.8,-99.8
2022-11-09 07:00:00,1018.2,20.2,80.0,8.8,12.0,12.8,10.0,0.0,-99.8,-99.8,-99.8,-99.8,-99.8,-99.8,-99.8
2022-11-09 08:00:00,1018.8,20.2,81.0,8.9,14.0,13.2,21.0,0.0,-99.8,-99.8,-99.8,-99.8,-99.8,-99.8,-99.8
2022-11-09 09:00:00,1019.2,20.2,81.0,8.9,12.0,12.3,15.0,0.0,-99.8,-99.8,-99.8,-99.8,-99.8,-99.8,-99.8
2022-11-09 10:00:00,1019.1,20.4,82.0,9.0,14.0,12.9,14.0,0.0,-99.8,-99.8,-99.8,-99.8,-99.8,-99.8,-99.8
2022-11-09 11:00:00,1018.6,20.3,84.0,9.6,9.0,13.0,21.0,0.0,-99.8,-99.8,-99.8,-99.8,-99.8,-99.8,-99.8
2022-11-09 12:00:00,1017.8,20.5,83.0,9.9,11.0,15.6,16.0,0.0,-99.8,-99.8,-99.8,-99.8,-99.8,-99.8,-99.8
2022-11-09 13:00:00,1017.0,20.1,86.0,10.8,11.0,14.0,14.0,0.0,-99.8,-99.8,-99.8,-99.8,-99.8,-99.8,-99.8
2022-11-09 14:00:00,1016.3,20.2,87.0,11.5,12.0,15.3,15.0,0.0,-99.8,-99.8,-99.8,-99.8,-99.8,-99.8,-99.8
2022-11-09 15:00:00,1016.1,20.2,88.0,10.7,10.0,15.4,14.0,0.0,-99.8,-99.8,-99.8,-99.8,-99.8,-99.8,-99.8
2022-11-09 16:00:00,1016.1,20.6,87.0,8.9,14.0,14.2,16.0,0.0,-99.8,-99.8,-99.8,-99.8,-99.8,-99.8,-99.8
2022-11-09 17:00:00,1016.5,20.6,87.0,9.3,15.0,14.6,17.0,0.0,-99.8,-99.8,-99.8,-99.8,-99.8,-99.8,-99.8
2022-11-09 18:00:00,1016.9,20.6,86.0,8.2,18.0,12.4,17.0,0.0,-99.8,-99.8,-99.8,-99.8,-99.8,-99.8,-99.8
2022-11-09 19:00:00,1017.3,20.5,88.0,9.0,21.0,12.9,18.0,0.0,-99.8,-99.8,-99.8,-99.8,-99.8,-99.8,-99.8
2022-11-09 20:00:00,1017.5,20.4,89.0,9.1,16.0,12.9,18.0,0.0,-99.8,-99.8,-99.8,-99.8,-99.8,-99.8,-99.8
2022-11-09 21:00:00,1017.7,20.5,87.0,8.9,16.0,12.8,12.0,0.0,-99.8,-99.8,-99.8,-99.8,-99.8,-99.8,-99.8
2022-11-09 22:00:00,1018.0,20.5,87.0,8.4,20.0,12.5,18.0,0.0,-99.8,-99.8,-99.8,-99.8,-99.8,-99.8,-99.8
2022-11-09 23:00:00,1017.8,20.5,87.0,8.0,19.0,13.1,18.0,0.0,-99.8,-99.8,-99.8,-99.8,-99.8,-99.8,-99.8
2022-11-10 00:00:00,1017.1,20.7,85.0,8.5,18.0,12.2,16.0,0.0,-99.8,-99.8,-99.8,-99.8,-99.8,-99.8,-99.8
2022-11-10 01:00:00,1017.0,20.6,87.0,7.9,19.0,12.6,17.0,0.0,-99.8,-99.8,-99.8,-99.8,-99.8,-99.8,-99.8
2022-11-10 02:00:00,1016.7,20.6,86.0,7.5,19.0,11.3,18.0,0.0,-99.8,-99.8,-99.8,-99.8,-99.8,-99.8,-99.8
2022-11-10 03:00:00,1016.5,20.7,86.0,7.1,18.0,11.7,17.0,0.0,-99.8,-99.8,-99.8,-99.8,-99.8,-99.8,-99.8
2022-11-10 04:00:00,1016.5,20.6,86.0,6.7,14.0,10.2,9.0,0.0,-99.8,-99.8,-99.8,-99.8,-99.8,-99.8,-99.8
2022-11-10 05:00:00,1016.7,20.7,87.0,6.0,13.0,9.8,18.0,0.0,-99.8,-99.8,-99.8,-99.8,-99.8,-99.8,-99.8
2022-11-10 06:00:00,1017.2,20.8,87.0,5.1,14.0,8.9,11.0,0.0,-99.8,-99.8,-99.8,-99.8,-99.8,-99.8,-99.8
2022-11-10 07:00:00,1017.6,20.8,89.0,4.4,15.0,6.7,12.0,0.0,-99.8,-99.8,-99.8,-99.8,-99.8,-99.8,-99.8
2022-11-10 08:00:00,1018.0,20.9,89.0,5.1,16.0,7.7,12.0,0.0,-99.8,-99.8,-99.8,-99.8,-99.8,-99.8,-99.8
2022-11-10 09:00:00,1018.4,21.1,89.0,5.1,12.0,7.5,21.0,0.0,-99.8,-99.8,-99.8,-99.8,-99.8,-99.8,-99.8
2022-11-10 10:00:00,1018.3,21.1,89.0,5.1,11.0,7.2,9.0,0.0,-99.8,-99.8,-99.8,-99.8,-99.8,-99.8,-99.8
2022-11-10 11:00:00,1017.8,21.6,87.0,6.1,12.0,7.8,14.0,0.0,-99.8,-99.8,-99.8,-99.8,-99.8,-99.8,-99.8
2022-11-10 12:00:00,1017.1,21.7,87.0,4.9,15.0,7.9,12.0,0.0,-99.8,-99.8,-99.8,-99.8,-99.8,-99.8,-99.8
2022-11-10 13:00:00,1016.3,21.7,87.0,5.9,19.0,7.9,23.0,0.0,-99.8,-99.8,-99.8,-99.8,-99.8,-99.8,-99.8
2022-11-10 14:00:00,1015.7,21.7,87.0,6.0,13.0,8.6,22.0,0.0,-99.8,-99.8,-99.8,-99.8,-99.8,-99.8,-99.8
2022-11-10 15:00:00,1015.4,21.6,87.0,6.8,19.0,9.6,18.0,0.0,-99.8,-99.8,-99.8,-99.8,-99.8,-99.8,-99.8
2022-11-10 16:00:00,1015.5,21.3,90.0,5.9,15.0,8.9,14.0,0.0,-99.8,-99.8,-99.8,-99.8,-99.8,-99.8,-99.8
2022-11-10 17:00:00,1015.9,20.9,91.0,5.7,21.0,8.4,24.0,0.0,-99.8,-99.8,-99.8,-99.8,-99.8,-99.8,-99.8
2022-11-10 18:00:00,1016.1,21.0,90.0,5.6,30.0,10.1,13.0,0.0,-99.8,-99.8,-99.8,-99.8,-99.8,-99.8,-99.8
2022-11-10 19:00:00,1016.5,20.8,92.0,4.9,26.0,9.7,23.0,0.0,-99.8,-99.8,-99.8,-99.8,-99.8,-99.8,-99.8
2022-11-10 20:00:00,1017.0,20.9,94.0,4.8,20.0,7.8,42.0,0.0,-99.8,-99.8,-99.8,-99.8,-99.8,-99.8,-99.8
2022-11-10 21:00:00,1017.0,20.5,95.0,4.8,22.0,7.2,18.0,0.0,-99.8,-99.8,-99.8,-99.8,-99.8,-99.8,-99.8
2022-11-10 22:00:00,1016.9,20.5,96.0,5.3,19.0,8.5,19.0,0.0,-99.8,-99.8,-99.8,-99.8,-99.8,-99.8,-99.8
2022-11-10 23:00:00,1016.6,20.3,97.0,6.0,21.0,9.0,15.0,0.0,-99.8,-99.8,-99.8,-99.8,-99.8,-99.8,-99.8
2022-11-11 00:00:00,1016.4,20.3,98.0,6.0,18.0,8.5,18.0,0.0,-99.8,-99.8,-99.8,-99.8,-99.8,-99.8,-99.8
2022-11-11 01:00:00,1016.2,20.4,98.0,6.3,16.0,9.7,18.0,0.0,-99.8,-99.8,-99.8,-99.8,-99.8,-99.8,-99.8
2022-11-11 02:00:00,1015.9,20.4,98.0,6.3,15.0,9.6,28.0,0.0,-99.8,-99.8,-99.8,-99.8,-99.8,-99.8,-99.8
2022-11-11 03:00:00,1015.8,20.4,98.0,6.3,20.0,9.6,28.0,0.0,-99.8,-99.8,-99.8,-99.8,-99.8,-99.8,-99.8
2022-11-11 04:00:00,1015.9,20.5,98.0,6.7,15.0,10.5,15.0,0.0,-99.8,-99.8,-99.8,-99.8,-99.8,-99.8,-99.8
2022-11-11 05:00:00,1016.1,20.5,97.0,7.0,11.0,10.7,12.0,0.0,-99.8,-99.8,-99.8,-99.8,-99.8,-99.8,-99.8
2022-11-11 06:00:00,1016.7,20.6,98.0,6.7,11.0,10.4,15.0,0.5,-99.8,-99.8,-99.8,-99.8,-99.8,-99.8,-99.8
2022-11-11 07:00:00,1017.1,20.6,97.0,6.9,15.0,9.9,14.0,0.0,-99.8,-99.8,-99.8,-99.8,-99.8,-99.8,-99.8
2022-11-11 08:00:00,1017.5,20.7,97.0,7.5,17.0,10.7,16.0,0.0,-99.8,-99.8,-99.8,-99.8,-99.8,-99.8,-99.8
2022-11-11 09:00:00,1018.0,20.7,97.0,7.3,14.0,10.7,10.0,0.0,-99.8,-99.8,-99.8,-99.8,-99.8,-99.8,-99.8
2022-11-11 10:00:00,1018.0,20.6,97.0,7.1,8.0,10.3,10.0,0.0,-99.8,-99.8,-99.8,-99.8,-99.8,-99.8,-99.8
2022-11-11 11:00:00,1017.3,20.5,97.0,8.0,13.0,10.8,15.0,0.5,-99.8,-99.8,-99.8,-99.8,-99.8,-99.8,-99.8
2022-11-11 12:00:00,1016.7,20.4,97.0,7.5,11.0,10.9,15.0,0.0,-99.8,-99.8,-99.8,-99.8,-99.8,-99.8,-99.8
2022-11-11 13:00:00,1015.8,20.4,97.0,7.7,9.0,11.1,17.0,0.0,-99.8,-99.8,-99.8,-99.8,-99.8,-99.8,-99.8
2022-11-11 14:00:00,1015.0,20.5,97.0,7.4,14.0,10.2,7.0,0.0,-99.8,-99.8,-99.8,-99.8,-99.8,-99.8,-99.8
2022-11-11 15:00:00,1015.0,20.6,96.0,6.9,9.0,9.9,14.0,0.0,-99.8,-99.8,-99.8,-99.8,-99.8,-99.8,-99.8
2022-11-11 16:00:00,1015.1,20.6,96.0,5.5,9.0,8.5,11.0,0.0,-99.8,-99.8,-99.8,-99.8,-99.8,-99.8,-99.8
2022-11-11 17:00:00,1015.2,20.6,96.0,3.8,5.0,6.1,5.0,0.0,-99.8,-99.8,-99.8,-99.8,-99.8,-99.8,-99.8
2022-11-11 18:00:00,1015.5,20.5,96.0,3.3,9.0,4.5,3.0,0.0,-99.8,-99.8,-99.8,-99.8,-99.8,-99.8,-99.8
2022-11-11 19:00:00,1015.7,20.7,96.0,5.2,22.0,8.2,32.0,0.0,-99.8,-99.8,-99.8,-99.8,-99.8,-99.8,-99.8
2022-11-11 20:00:00,1016.0,20.6,94.0,6.4,20.0,9.8,28.0,0.0,-99.8,-99.8,-99.8,-99.8,-99.8,-99.8,-99.8
2022-11-11 21:00:00,1016.0,20.6,97.0,5.7,19.0,9.0,22.0,0.0,-99.8,-99.8,-99.8,-99.8,-99.8,-99.8,-99.8
2022-11-11 22:00:00,1015.8,20.5,96.0,6.2,19.0,8.9,25.0,0.0,-99.8,-99.8,-99.8,-99.8,-99.8,-99.8,-99.8
2022-11-11 23:00:00,1015.6,20.5,96.0,6.4,16.0,10.2,9.0,0.0,-99.8,-99.8,-99.8,-99.8,-99.8,-99.8,-99.8
2022-11-12 00:00:00,1015.3,20.4,97.0,6.8,13.0,9.6,11.0,0.0,-99.8,-99.8,-99.8,-99.8,-99.8,-99.8,-99.8
2022-11-12 01:00:00,1014.9,20.4,97.0,6.9,20.0,9.6,25.0,0.0,-99.8,-99.8,-99.8,-99.8,-99.8,-99.8,-99.8
2022-11-12 02:00:00,1014.5,20.3,97.0,7.0,19.0,11.3,23.0,0.5,-99.8,-99.8,-99.8,-99.8,-99.8,-99.8,-99.8
2022-11-12 03:00:00,1014.5,20.3,97.0,6.0,20.0,11.4,23.0,0.0,-99.8,-99.8,-99.8,-99.8,-99.8,-99.8,-99.8
2022-11-12 04:00:00,1014.4,20.3,97.0,3.7,6.0,8.3,18.0,0.0,-99.8,-99.8,-99.8,-99.8,-99.8,-99.8,-99.8
2022-11-12 05:00:00,1014.3,20.3,97.0,2.7,356.0,4.8,12.0,0.0,-99.8,-99.8,-99.8,-99.8,-99.8,-99.8,-99.8
2022-11-12 06:00:00,1014.8,20.4,96.0,1.2,13.0,4.2,6.0,0.0,-99.8,-99.8,-99.8,-99.8,-99.8,-99.8,-99.8
2022-11-12 07:00:00,1015.4,20.7,95.0,1.9,355.0,4.3,5.0,0.0,-99.8,-99.8,-99.8,-99.8,-99.8,-99.8,-99.8
2022-11-12 08:00:00,1015.9,20.8,96.0,3.3,3.0,4.2,20.0,0.0,-99.8,-99.8,-99.8,-99.8,-99.8,-99.8,-99.8
2022-11-12 09:00:00,1016.1,21.1,96.0,2.4,12.0,3.5,354.0,0.0,-99.8,-99.8,-99.8,-99.8,-99.8,-99.8,-99.8
2022-11-12 10:00:00,1015.8,21.2,93.0,1.9,3.0,4.4,33.0,0.0,-99.8,-99.8,-99.8,-99.8,-99.8,-99.8,-99.8
2022-11-12 11:00:00,1015.2,21.9,89.0,1.4,359.0,3.8,5.0,0.0,-99.8,-99.8,-99.8,-99.8,-99.8,-99.8,-99.8
2022-11-12 12:00:00,1014.5,22.5,86.0,1.5,353.0,3.1,8.0,0.0,-99.8,-99.8,-99.8,-99.8,-99.8,-99.8,-99.8
2022-11-12 13:00:00,1013.3,23.8,81.0,2.2,359.0,3.7,8.0,0.0,-99.8,-99.8,-99.8,-99.8,-99.8,-99.8,-99.8
2022-11-12 14:00:00,1012.7,24.1,79.0,1.4,149.0,4.0,13.0,0.0,-99.8,-99.8,-99.8,-99.8,-99.8,-99.8,-99.8
2022-11-12 15:00:00,1012.2,23.6,84.0,1.8,147.0,4.0,125.0,0.0,-99.8,-99.8,-99.8,-99.8,-99.8,-99.8,-99.8
2022-11-12 16:00:00,1011.9,23.3,86.0,2.5,152.0,4.9,152.0,0.0,-99.8,-99.8,-99.8,-99.8,-99.8,-99.8,-99.8
2022-11-12 17:00:00,1012.3,22.6,92.0,2.7,187.0,5.6,140.0,0.0,-99.8,-99.8,-99.8,-99.8,-99.8,-99.8,-99.8
2022-11-12 18:00:00,1012.7,22.4,94.0,2.2,190.0,4.6,190.0,0.0,-99.8,-99.8,-99.8,-99.8,-99.8,-99.8,-99.8
2022-11-12 19:00:00,1013.3,20.9,95.0,0.2,0.0,3.0,194.0,0.0,-99.8,-99.8,-99.8,-99.8,-99.8,-99.8,-99.8
2022-11-12 20:00:00,1013.9,20.0,96.0,0.5,21.0,1.5,17.0,0.0,-99.8,-99.8,-99.8,-99.8,-99.8,-99.8,-99.8
2022-11-12 21:00:00,1014.3,20.7,96.0,0.8,24.0,2.0,17.0,0.0,-99.8,-99.8,-99.8,-99.8,-99.8,-99.8,-99.8
2022-11-12 22:00:00,1014.7,20.9,96.0,0.3,350.0,1.8,8.0,0.0,-99.8,-99.8,-99.8,-99.8,-99.8,-99.8,-99.8
2022-11-12 23:00:00,1014.8,21.2,96.0,0.8,288.0,2.6,353.0,0.0,-99.8,-99.8,-99.8,-99.8,-99.8,-99.8,-99.8
2022-11-13 00:00:00,1014.7,19.9,96.0,1.5,208.0,3.0,149.0,0.0,-99.8,-99.8,-99.8,-99.8,-99.8,-99.8,-99.8
2022-11-13 01:00:00,1014.7,20.9,97.0,1.0,151.0,3.7,121.0,0.0,-99.8,-99.8,-99.8,-99.8,-99.8,-99.8,-99.8
2022-11-13 02:00:00,1014.6,20.7,98.0,0.6,164.0,2.0,138.0,0.0,-99.8,-99.8,-99.8,-99.8,-99.8,-99.8,-99.8
2022-11-13 03:00:00,1014.6,20.4,98.0,1.1,13.0,4.0,32.0,0.0,-99.8,-99.8,-99.8,-99.8,-99.8,-99.8,-99.8
2022-11-13 04:00:00,1014.7,20.1,98.0,1.7,2.0,2.9,352.0,0.0,-99.8,-99.8,-99.8,-99.8,-99.8,-99.8,-99.8
2022-11-13 05:00:00,1015.0,19.9,98.0,2.3,356.0,3.9,4.0,0.0,-99.8,-99.8,-99.8,-99.8,-99.8,-99.8,-99.8
2022-11-13 06:00:00,1015.8,19.7,98.0,-99.8,-99.8,3.4,14.0,0.0,-99.8,-99.8,-99.8,-99.8,-99.8,-99.8,-99.8
2022-11-13 07:00:00,1016.4,19.5,98.0,2.2,345.0,3.5,342.0,0.0,-99.8,-99.8,-99.8,-99.8,-99.8,-99.8,-99.8
2022-11-13 08:00:00,1017.0,19.4,99.0,1.0,6.0,3.6,353.0,0.0,-99.8,-99.8,-99.8,-99.8,-99.8,-99.8,-99.8
2022-11-13 09:00:00,1017.8,19.3,98.0,2.9,26.0,4.2,33.0,0.0,-99.8,-99.8,-99.8,-99.8,-99.8,-99.8,-99.8
2022-11-13 10:00:00,1018.0,19.5,98.0,4.5,30.0,6.8,22.0,0.0,-99.8,-99.8,-99.8,-99.8,-99.8,-99.8,-99.8
2022-11-13 11:00:00,1017.7,20.1,98.0,5.2,30.0,10.0,29.0,0.0,-99.8,-99.8,-99.8,-99.8,-99.8,-99.8,-99.8
2022-11-13 12:00:00,1017.3,20.1,98.0,6.1,28.0,9.8,41.0,0.0,-99.8,-99.8,-99.8,-99.8,-99.8,-99.8,-99.8
2022-11-13 13:00:00,1016.7,20.3,98.0,4.8,19.0,7.9,31.0,0.0,-99.8,-99.8,-99.8,-99.8,-99.8,-99.8,-99.8
2022-11-13 14:00:00,1016.5,20.5,98.0,4.9,12.0,6.8,11.0,0.0,-99.8,-99.8,-99.8,-99.8,-99.8,-99.8,-99.8
2022-11-13 15:00:00,1016.5,20.6,96.0,6.4,13.0,8.0,12.0,0.0,-99.8,-99.8,-99.8,-99.8,-99.8,-99.8,-99.8
2022-11-13 16:00:00,1016.3,20.5,96.0,5.5,22.0,8.8,7.0,0.0,-99.8,-99.8,-99.8,-99.8,-99.8,-99.8,-99.8
2022-11-13 17:00:00,1016.5,20.5,95.0,5.1,22.0,9.4,37.0,0.0,-99.8,-99.8,-99.8,-99.8,-99.8,-99.8,-99.8
2022-11-13 18:00:00,1016.9,20.4,95.0,5.9,23.0,8.8,28.0,0.0,-99.8,-99.8,-99.8,-99.8,-99.8,-99.8,-99.8
2022-11-13 19:00:00,1017.7,20.6,93.0,6.7,27.0,10.3,27.0,0.0,-99.8,-99.8,-99.8,-99.8,-99.8,-99.8,-99.8
2022-11-13 20:00:00,1018.4,20.9,92.0,5.8,34.0,11.6,29.0,0.0,-99.8,-99.8,-99.8,-99.8,-99.8,-99.8,-99.8
2022-11-13 21:00:00,1018.7,20.3,93.0,8.4,26.0,12.8,30.0,0.0,-99.8,-99.8,-99.8,-99.8,-99.8,-99.8,-99.8
2022-11-13 22:00:00,1018.9,20.2,92.0,8.8,20.0,13.0,24.0,0.0,-99.8,-99.8,-99.8,-99.8,-99.8,-99.8,-99.8
2022-11-13 23:00:00,1018.8,19.8,93.0,9.6,22.0,14.1,30.0,0.0,-99.8,-99.8,-99.8,-99.8,-99.8,-99.8,-99.8
2022-11-14 00:00:00,1018.6,19.8,94.0,9.1,22.0,13.5,23.0,0.0,-99.8,-99.8,-99.8,-99.8,-99.8,-99.8,-99.8
2022-11-14 01:00:00,1018.6,19.6,92.0,10.1,18.0,14.2,10.0,0.0,-99.8,-99.8,-99.8,-99.8,-99.8,-99.8,-99.8
2022-11-14 02:00:00,1018.7,19.6,92.0,8.8,28.0,15.0,22.0,0.0,-99.8,-99.8,-99.8,-99.8,-99.8,-99.8,-99.8
2022-11-14 03:00:00,1018.3,19.8,92.0,8.1,29.0,13.4,30.0,0.0,-99.8,-99.8,-99.8,-99.8,-99.8,-99.8,-99.8
2022-11-14 04:00:00,1018.0,19.4,92.0,9.2,28.0,14.1,17.0,0.0,-99.8,-99.8,-99.8,-99.8,-99.8,-99.8,-99.8
2022-11-14 05:00:00,1018.5,19.2,91.0,9.7,24.0,14.5,29.0,0.0,-99.8,-99.8,-99.8,-99.8,-99.8,-99.8,-99.8
2022-11-14 06:00:00,1019.2,19.0,91.0,9.9,25.0,15.1,34.0,0.0,-99.8,-99.8,-99.8,-99.8,-99.8,-99.8,-99.8
2022-11-14 07:00:00,1019.8,18.9,90.0,10.3,23.0,15.7,29.0,0.0,-99.8,-99.8,-99.8,-99.8,-99.8,-99.8,-99.8
2022-11-14 08:00:00,1020.4,18.9,90.0,9.4,20.0,15.1,26.0,0.0,-99.8,-99.8,-99.8,-99.8,-99.8,-99.8,-99.8
2022-11-14 09:00:00,1020.7,19.0,89.0,8.6,21.0,12.9,18.0,0.0,-99.8,-99.8,-99.8,-99.8,-99.8,-99.8,-99.8
2022-11-14 10:00:00,1020.2,18.9,89.0,9.1,22.0,13.1,21.0,0.0,-99.8,-99.8,-99.8,-99.8,-99.8,-99.8,-99.8
2022-11-14 11:00:00,1019.3,19.3,86.0,8.6,23.0,12.9,25.0,0.0,-99.8,-99.8,-99.8,-99.8,-99.8,-99.8,-99.8
2022-11-14 12:00:00,1018.4,19.2,88.0,7.9,16.0,11.7,29.0,0.0,-99.8,-99.8,-99.8,-99.8,-99.8,-99.8,-99.8
2022-11-14 13:00:00,1017.3,19.1,87.0,8.2,13.0,11.6,12.0,0.0,-99.8,-99.8,-99.8,-99.8,-99.8,-99.8,-99.8
2022-11-14 14:00:00,1016.5,19.0,86.0,7.8,16.0,10.8,16.0,0.0,-99.8,-99.8,-99.8,-99.8,-99.8,-99.8,-99.8
2022-11-14 15:00:00,1016.3,19.2,86.0,8.3,20.0,11.7,20.0,0.0,-99.8,-99.8,-99.8,-99.8,-99.8,-99.8,-99.8
2022-11-14 16:00:00,1016.3,19.1,86.0,8.7,22.0,12.2,22.0,0.0,-99.8,-99.8,-99.8,-99.8,-99.8,-99.8,-99.8
2022-11-14 17:00:00,1016.4,19.0,87.0,8.3,23.0,12.0,35.0,0.0,-99.8,-99.8,-99.8,-99.8,-99.8,-99.8,-99.8
2022-11-14 18:00:00,1016.9,19.1,89.0,8.0,22.0,12.3,24.0,0.0,-99.8,-99.8,-99.8,-99.8,-99.8,-99.8,-99.8
2022-11-14 19:00:00,1017.5,19.1,88.0,7.6,25.0,11.4,23.0,0.0,-99.8,-99.8,-99.8,-99.8,-99.8,-99.8,-99.8
2022-11-14 20:00:00,1017.5,19.3,88.0,6.7,23.0,10.8,24.0,0.0,-99.8,-99.8,-99.8,-99.8,-99.8,-99.8,-99.8
2022-11-14 21:00:00,1017.5,19.5,89.0,5.4,23.0,9.8,20.0,0.0,-99.8,-99.8,-99.8,-99.8,-99.8,-99.8,-99.8
2022-11-14 22:00:00,1017.2,19.5,90.0,6.0,17.0,8.8,13.0,0.0,-99.8,-99.8,-99.8,-99.8,-99.8,-99.8,-99.8
2022-11-14 23:00:00,1017.2,19.4,90.0,6.7,21.0,9.6,27.0,0.0,-99.8,-99.8,-99.8,-99.8,-99.8,-99.8,-99.8
2022-11-15 00:00:00,1016.7,19.2,90.0,8.0,21.0,10.8,29.0,0.0,-99.8,-99.8,-99.8,-99.8,-99.8,-99.8,-99.8
2022-11-15 01:00:00,1016.3,19.3,91.0,7.2,22.0,11.6,21.0,0.0,-99.8,-99.8,-99.8,-99.8,-99.8,-99.8,-99.8
2022-11-15 02:00:00,1015.9,19.1,91.0,7.8,22.0,10.6,18.0,0.0,-99.8,-99.8,-99.8,-99.8,-99.8,-99.8,-99.8
2022-11-15 03:00:00,1015.8,19.0,91.0,7.7,16.0,11.2,21.0,0.0,-99.8,-99.8,-99.8,-99.8,-99.8,-99.8,-99.8
2022-11-15 04:00:00,1015.8,18.8,92.0,7.1,21.0,10.7,17.0,0.0,-99.8,-99.8,-99.8,-99.8,-99.8,-99.8,-99.8
2022-11-15 05:00:00,1016.0,18.7,92.0,7.4,15.0,10.6,11.0,0.0,-99.8,-99.8,-99.8,-99.8,-99.8,-99.8,-99.8
2022-11-15 06:00:00,1016.1,18.6,91.0,6.6,19.0,10.0,8.0,0.0,-99.8,-99.8,-99.8,-99.8,-99.8,-99.8,-99.8
2022-11-15 07:00:00,1016.6,18.6,92.0,7.0,21.0,10.3,27.0,0.0,-99.8,-99.8,-99.8,-99.8,-99.8,-99.8,-99.8
2022-11-15 08:00:00,1016.9,18.4,92.0,7.4,23.0,10.2,25.0,0.0,-99.8,-99.8,-99.8,-99.8,-99.8,-99.8,-99.8
2022-11-15 09:00:00,1017.9,18.5,92.0,8.9,13.0,12.9,7.0,0.0,-99.8,-99.8,-99.8,-99.8,-99.8,-99.8,-99.8
2022-11-15 10:00:00,1017.5,18.2,91.0,9.0,24.0,13.4,21.0,0.5,-99.8,-99.8,-99.8,-99.8,-99.8,-99.8,-99.8
2022-11-15 11:00:00,1017.5,18.0,87.0,9.3,26.0,13.7,25.0,0.0,-99.8,-99.8,-99.8,-99.8,-99.8,-99.8,-99.8
2022-11-15 12:00:00,1016.6,18.5,91.0,7.9,24.0,12.2,21.0,0.0,-99.8,-99.8,-99.8,-99.8,-99.8,-99.8,-99.8
2022-11-15 13:00:00,1015.5,18.6,91.0,6.4,28.0,10.5,17.0,0.0,-99.8,-99.8,-99.8,-99.8,-99.8,-99.8,-99.8
2022-11-15 14:00:00,1015.2,19.1,92.0,5.9,28.0,9.6,24.0,0.0,-99.8,-99.8,-99.8,-99.8,-99.8,-99.8,-99.8
2022-11-15 15:00:00,1015.1,19.1,92.0,6.0,26.0,9.1,24.0,0.0,-99.8,-99.8,-99.8,-99.8,-99.8,-99.8,-99.8
2022-11-15 16:00:00,1015.2,19.0,93.0,7.6,25.0,10.6,23.0,0.0,-99.8,-99.8,-99.8,-99.8,-99.8,-99.8,-99.8
2022-11-15 17:00:00,1016.1,18.7,93.0,8.9,26.0,13.0,23.0,0.0,-99.8,-99.8,-99.8,-99.8,-99.8,-99.8,-99.8
2022-11-15 18:00:00,1016.6,18.1,93.0,8.9,26.0,14.3,22.0,2.0,-99.8,-99.8,-99.8,-99.8,-99.8,-99.8,-99.8
2022-11-15 19:00:00,1017.2,18.5,90.0,9.3,27.0,15.0,23.0,0.0,-99.8,-99.8,-99.8,-99.8,-99.8,-99.8,-99.8
2022-11-15 20:00:00,1017.4,18.6,89.0,9.9,28.0,14.6,31.0,0.0,-99.8,-99.8,-99.8,-99.8,-99.8,-99.8,-99.8
2022-11-15 21:00:00,1017.8,18.6,90.0,9.7,27.0,15.7,29.0,0.0,-99.8,-99.8,-99.8,-99.8,-99.8,-99.8,-99.8
2022-11-15 22:00:00,1017.7,18.6,88.0,9.8,27.0,14.7,31.0,0.0,-99.8,-99.8,-99.8,-99.8,-99.8,-99.8,-99.8
2022-11-15 23:00:00,1017.6,18.5,87.0,10.3,27.0,15.4,34.0,0.0,-99.8,-99.8,-99.8,-99.8,-99.8,-99.8,-99.8
2022-11-16 00:00:00,1017.3,18.5,85.0,9.9,28.0,15.4,21.0,0.0,-99.8,-99.8,-99.8,-99.8,-99.8,-99.8,-99.8
2022-11-16 01:00:00,1017.1,18.5,81.0,9.1,28.0,15.5,26.0,0.0,-99.8,-99.8,-99.8,-99.8,-99.8,-99.8,-99.8
2022-11-16 02:00:00,1016.6,18.7,81.0,9.7,25.0,14.0,32.0,0.0,-99.8,-99.8,-99.8,-99.8,-99.8,-99.8,-99.8
2022-11-16 03:00:00,1016.6,18.4,85.0,9.1,21.0,14.1,22.0,0.0,-99.8,-99.8,-99.8,-99.8,-99.8,-99.8,-99.8
2022-11-16 04:00:00,1016.5,18.5,85.0,9.0,23.0,14.0,19.0,0.0,-99.8,-99.8,-99.8,-99.8,-99.8,-99.8,-99.8
2022-11-16 05:00:00,1016.5,18.5,84.0,9.4,24.0,14.0,26.0,0.0,-99.8,-99.8,-99.8,-99.8,-99.8,-99.8,-99.8
2022-11-16 06:00:00,1017.1,18.1,84.0,9.5,24.0,14.3,24.0,0.0,-99.8,-99.8,-99.8,-99.8,-99.8,-99.8,-99.8
2022-11-16 07:00:00,1017.4,17.2,90.0,10.1,23.0,14.3,37.0,1.5,-99.8,-99.8,-99.8,-99.8,-99.8,-99.8,-99.8
2022-11-16 08:00:00,1017.9,17.5,88.0,9.9,23.0,14.6,24.0,0.5,-99.8,-99.8,-99.8,-99.8,-99.8,-99.8,-99.8
2022-11-16 09:00:00,1018.7,17.8,87.0,9.8,23.0,14.9,26.0,0.0,-99.8,-99.8,-99.8,-99.8,-99.8,-99.8,-99.8
2022-11-16 10:00:00,1018.7,17.3,92.0,10.6,16.0,15.2,20.0,0.5,-99.8,-99.8,-99.8,-99.8,-99.8,-99.8,-99.8
2022-11-16 11:00:00,1017.6,16.9,92.0,10.6,22.0,15.7,30.0,3.0,-99.8,-99.8,-99.8,-99.8,-99.8,-99.8,-99.8
2022-11-16 12:00:00,1016.8,17.2,93.0,8.9,21.0,13.3,13.0,1.5,-99.8,-99.8,-99.8,-99.8,-99.8,-99.8,-99.8
2022-11-16 13:00:00,1016.2,17.2,94.0,9.4,13.0,13.3,9.0,1.5,-99.8,-99.8,-99.8,-99.8,-99.8,-99.8,-99.8
2022-11-16 14:00:00,1015.8,17.0,94.0,7.9,17.0,13.1,16.0,3.5,-99.8,-99.8,-99.8,-99.8,-99.8,-99.8,-99.8
2022-11-16 15:00:00,1015.9,17.4,94.0,7.9,12.0,11.1,3.0,5.5,-99.8,-99.8,-99.8,-99.8,-99.8,-99.8,-99.8
2022-11-16 16:00:00,1015.6,17.6,93.0,6.2,23.0,10.6,26.0,1.0,-99.8,-99.8,-99.8,-99.8,-99.8,-99.8,-99.8
2022-11-16 17:00:00,1016.0,18.3,92.0,7.0,26.0,11.3,23.0,0.0,-99.8,-99.8,-99.8,-99.8,-99.8,-99.8,-99.8
2022-11-16 18:00:00,1016.0,17.9,92.0,8.2,17.0,11.6,15.0,0.0,-99.8,-99.8,-99.8,-99.8,-99.8,-99.8,-99.8
2022-11-16 19:00:00,1016.4,18.1,90.0,7.6,18.0,12.1,10.0,0.0,-99.8,-99.8,-99.8,-99.8,-99.8,-99.8,-99.8
2022-11-16 20:00:00,1016.4,18.4,89.0,7.0,19.0,11.5,11.0,0.0,-99.8,-99.8,-99.8,-99.8,-99.8,-99.8,-99.8
2022-11-16 21:00:00,1016.2,18.4,90.0,7.3,12.0,11.0,22.0,0.0,-99.8,-99.8,-99.8,-99.8,-99.8,-99.8,-99.8
2022-11-16 22:00:00,1016.3,18.4,91.0,7.7,15.0,10.6,13.0,0.0,-99.8,-99.8,-99.8,-99.8,-99.8,-99.8,-99.8
2022-11-16 23:00:00,1016.0,18.6,91.0,7.0,14.0,10.8,12.0,0.0,-99.8,-99.8,-99.8,-99.8,-99.8,-99.8,-99.8
2022-11-17 00:00:00,1015.4,18.5,92.0,7.4,6.0,10.0,11.0,0.0,-99.8,-99.8,-99.8,-99.8,-99.8,-99.8,-99.8
2022-11-17 01:00:00,1015.1,18.6,93.0,6.1,3.0,9.2,7.0,0.0,-99.8,-99.8,-99.8,-99.8,-99.8,-99.8,-99.8
2022-11-17 02:00:00,1014.4,18.8,92.0,7.3,5.0,8.8,10.0,0.0,-99.8,-99.8,-99.8,-99.8,-99.8,-99.8,-99.8
2022-11-17 03:00:00,1014.0,18.9,91.0,6.0,360.0,8.6,7.0,0.0,-99.8,-99.8,-99.8,-99.8,-99.8,-99.8,-99.8
2022-11-17 04:00:00,1014.0,19.0,90.0,3.7,353.0,6.6,12.0,0.0,-99.8,-99.8,-99.8,-99.8,-99.8,-99.8,-99.8
2022-11-17 05:00:00,1014.0,19.2,90.0,3.4,336.0,6.9,358.0,0.0,-99.8,-99.8,-99.8,-99.8,-99.8,-99.8,-99.8
2022-11-17 06:00:00,1014.1,19.4,90.0,2.4,331.0,5.8,347.0,0.0,-99.8,-99.8,-99.8,-99.8,-99.8,-99.8,-99.8
2022-11-17 07:00:00,1014.8,19.5,90.0,2.3,332.0,5.5,318.0,0.0,-99.8,-99.8,-99.8,-99.8,-99.8,-99.8,-99.8
2022-11-17 08:00:00,1015.3,19.9,89.0,2.7,335.0,5.4,344.0,0.0,-99.8,-99.8,-99.8,-99.8,-99.8,-99.8,-99.8
2022-11-17 09:00:00,1015.5,20.4,86.0,1.2,8.0,4.8,340.0,0.0,-99.8,-99.8,-99.8,-99.8,-99.8,-99.8,-99.8
2022-11-17 10:00:00,1015.5,21.3,81.0,1.9,341.0,3.4,349.0,0.0,-99.8,-99.8,-99.8,-99.8,-99.8,-99.8,-99.8
2022-11-17 11:00:00,1015.0,21.7,79.0,1.7,2.0,2.8,359.0,0.0,-99.8,-99.8,-99.8,-99.8,-99.8,-99.8,-99.8
2022-11-17 12:00:00,1014.2,22.6,73.0,1.1,111.0,3.4,4.0,0.0,-99.8,-99.8,-99.8,-99.8,-99.8,-99.8,-99.8
2022-11-17 13:00:00,1013.3,21.7,80.0,1.4,144.0,3.4,146.0,0.0,-99.8,-99.8,-99.8,-99.8,-99.8,-99.8,-99.8
2022-11-17 14:00:00,1013.0,22.3,79.0,1.8,145.0,4.0,147.0,0.0,-99.8,-99.8,-99.8,-99.8,-99.8,-99.8,-99.8
2022-11-17 15:00:00,1012.9,21.6,85.0,1.8,147.0,4.3,153.0,0.0,-99.8,-99.8,-99.8,-99.8,-99.8,-99.8,-99.8
2022-11-17 16:00:00,1013.1,21.4,88.0,2.3,150.0,3.8,131.0,0.0,-99.8,-99.8,-99.8,-99.8,-99.8,-99.8,-99.8
2022-11-17 17:00:00,1013.6,21.2,91.0,1.6,164.0,4.1,148.0,0.0,-99.8,-99.8,-99.8,-99.8,-99.8,-99.8,-99.8
2022-11-17 18:00:00,1014.0,21.1,93.0,0.8,179.0,3.3,151.0,0.0,-99.8,-99.8,-99.8,-99.8,-99.8,-99.8,-99.8
2022-11-17 19:00:00,1014.9,20.8,95.0,1.8,25.0,3.1,26.0,0.0,-99.8,-99.8,-99.8,-99.8,-99.8,-99.8,-99.8
2022-11-17 20:00:00,1015.6,20.7,95.0,3.8,13.0,5.4,14.0,0.0,-99.8,-99.8,-99.8,-99.8,-99.8,-99.8,-99.8
2022-11-17 21:00:00,1016.0,20.4,95.0,6.0,20.0,8.5,17.0,0.0,-99.8,-99.8,-99.8,-99.8,-99.8,-99.8,-99.8
2022-11-17 22:00:00,1016.3,20.3,95.0,4.6,25.0,8.6,21.0,0.0,-99.8,-99.8,-99.8,-99.8,-99.8,-99.8,-99.8
2022-11-17 23:00:00,1016.4,20.3,95.0,5.0,21.0,7.8,28.0,0.0,-99.8,-99.8,-99.8,-99.8,-99.8,-99.8,-99.8
2022-11-18 00:00:00,1016.3,20.2,96.0,3.9,20.0,8.1,32.0,0.0,-99.8,-99.8,-99.8,-99.8,-99.8,-99.8,-99.8
2022-11-18 01:00:00,1016.1,20.1,96.0,5.4,15.0,8.1,9.0,0.0,-99.8,-99.8,-99.8,-99.8,-99.8,-99.8,-99.8
2022-11-18 02:00:00,1016.2,19.9,95.0,4.8,17.0,7.8,16.0,0.0,-99.8,-99.8,-99.8,-99.8,-99.8,-99.8,-99.8
2022-11-18 03:00:00,1016.2,19.9,94.0,5.0,14.0,6.9,11.0,0.0,-99.8,-99.8,-99.8,-99.8,-99.8,-99.8,-99.8
2022-11-18 04:00:00,1016.2,20.0,91.0,5.0,27.0,7.7,34.0,0.0,-99.8,-99.8,-99.8,-99.8,-99.8,-99.8,-99.8
2022-11-18 05:00:00,1016.8,20.0,92.0,4.5,13.0,6.3,38.0,0.0,-99.8,-99.8,-99.8,-99.8,-99.8,-99.8,-99.8
2022-11-18 06:00:00,1017.1,20.0,91.0,3.9,15.0,5.9,10.0,0.0,-99.8,-99.8,-99.8,-99.8,-99.8,-99.8,-99.8
2022-11-18 07:00:00,1017.4,20.0,90.0,4.4,16.0,6.6,9.0,0.0,-99.8,-99.8,-99.8,-99.8,-99.8,-99.8,-99.8
2022-11-18 08:00:00,1017.6,20.3,91.0,5.0,7.0,6.5,7.0,0.0,-99.8,-99.8,-99.8,-99.8,-99.8,-99.8,-99.8
2022-11-18 09:00:00,1018.1,20.7,89.0,5.3,11.0,7.0,13.0,0.0,-99.8,-99.8,-99.8,-99.8,-99.8,-99.8,-99.8
2022-11-18 10:00:00,1018.3,21.0,88.0,4.9,13.0,6.4,19.0,0.0,-99.8,-99.8,-99.8,-99.8,-99.8,-99.8,-99.8
2022-11-18 11:00:00,1017.8,21.3,87.0,6.1,21.0,8.3,33.0,0.0,-99.8,-99.8,-99.8,-99.8,-99.8,-99.8,-99.8
2022-11-18 12:00:00,1016.9,21.2,87.0,5.9,24.0,8.7,34.0,0.0,-99.8,-99.8,-99.8,-99.8,-99.8,-99.8,-99.8
2022-11-18 13:00:00,1015.9,21.3,84.0,7.3,23.0,9.9,20.0,0.0,-99.8,-99.8,-99.8,-99.8,-99.8,-99.8,-99.8
2022-11-18 14:00:00,1015.6,20.8,87.0,5.7,20.0,8.8,23.0,0.0,-99.8,-99.8,-99.8,-99.8,-99.8,-99.8,-99.8
2022-11-18 15:00:00,1015.6,20.7,86.0,6.6,26.0,9.5,20.0,0.0,-99.8,-99.8,-99.8,-99.8,-99.8,-99.8,-99.8
2022-11-18 16:00:00,1016.1,20.7,86.0,5.6,30.0,9.1,32.0,0.0,-99.8,-99.8,-99.8,-99.8,-99.8,-99.8,-99.8
2022-11-18 17:00:00,1016.7,20.4,88.0,5.7,29.0,9.3,28.0,0.0,-99.8,-99.8,-99.8,-99.8,-99.8,-99.8,-99.8
2022-11-18 18:00:00,1017.2,20.4,90.0,5.9,26.0,9.1,27.0,0.0,-99.8,-99.8,-99.8,-99.8,-99.8,-99.8,-99.8
2022-11-18 19:00:00,1017.4,20.5,91.0,5.4,24.0,8.7,28.0,0.0,-99.8,-99.8,-99.8,-99.8,-99.8,-99.8,-99.8
2022-11-18 20:00:00,1017.9,20.7,92.0,5.3,28.0,8.3,29.0,0.0,-99.8,-99.8,-99.8,-99.8,-99.8,-99.8,-99.8
2022-11-18 21:00:00,1018.0,20.6,94.0,4.0,14.0,6.8,30.0,0.0,-99.8,-99.8,-99.8,-99.8,-99.8,-99.8,-99.8
2022-11-18 22:00:00,1017.8,20.1,95.0,5.6,10.0,7.7,12.0,0.0,-99.8,-99.8,-99.8,-99.8,-99.8,-99.8,-99.8
2022-11-18 23:00:00,1018.0,20.3,94.0,7.2,7.0,9.8,8.0,0.0,-99.8,-99.8,-99.8,-99.8,-99.8,-99.8,-99.8
2022-11-19 00:00:00,1017.7,20.1,93.0,6.8,6.0,9.4,12.0,0.0,-99.8,-99.8,-99.8,-99.8,-99.8,-99.8,-99.8
2022-11-19 01:00:00,1016.9,19.9,92.0,4.8,19.0,9.7,10.0,0.0,-99.8,-99.8,-99.8,-99.8,-99.8,-99.8,-99.8
2022-11-19 02:00:00,1016.5,20.0,92.0,6.4,11.0,9.4,18.0,0.0,-99.8,-99.8,-99.8,-99.8,-99.8,-99.8,-99.8
2022-11-19 03:00:00,1016.2,20.1,91.0,6.5,4.0,9.0,10.0,0.0,-99.8,-99.8,-99.8,-99.8,-99.8,-99.8,-99.8
2022-11-19 04:00:00,1015.7,20.1,92.0,4.3,2.0,7.5,6.0,0.0,-99.8,-99.8,-99.8,-99.8,-99.8,-99.8,-99.8
2022-11-19 05:00:00,1015.7,20.1,93.0,3.3,9.0,6.1,11.0,0.0,-99.8,-99.8,-99.8,-99.8,-99.8,-99.8,-99.8
2022-11-19 06:00:00,1016.0,19.9,94.0,3.2,359.0,4.2,9.0,0.0,-99.8,-99.8,-99.8,-99.8,-99.8,-99.8,-99.8
2022-11-19 07:00:00,1016.7,20.1,92.0,3.8,360.0,4.9,8.0,0.0,-99.8,-99.8,-99.8,-99.8,-99.8,-99.8,-99.8
2022-11-19 08:00:00,1017.1,20.5,89.0,3.1,2.0,4.7,6.0,0.0,-99.8,-99.8,-99.8,-99.8,-99.8,-99.8,-99.8
2022-11-19 09:00:00,1017.5,21.1,86.0,3.0,349.0,5.3,330.0,0.0,-99.8,-99.8,-99.8,-99.8,-99.8,-99.8,-99.8
2022-11-19 10:00:00,1017.3,21.5,85.0,3.3,6.0,4.9,4.0,0.0,-99.8,-99.8,-99.8,-99.8,-99.8,-99.8,-99.8
2022-11-19 11:00:00,1016.7,21.6,84.0,4.2,11.0,5.5,12.0,0.0,-99.8,-99.8,-99.8,-99.8,-99.8,-99.8,-99.8
2022-11-19 12:00:00,1015.8,22.1,82.0,4.7,17.0,6.9,21.0,0.0,-99.8,-99.8,-99.8,-99.8,-99.8,-99.8,-99.8
2022-11-19 13:00:00,1014.8,21.8,84.0,5.0,20.0,7.8,27.0,0.0,-99.8,-99.8,-99.8,-99.8,-99.8,-99.8,-99.8
2022-11-19 14:00:00,1014.3,21.6,85.0,5.2,29.0,8.7,22.0,0.0,-99.8,-99.8,-99.8,-99.8,-99.8,-99.8,-99.8
2022-11-19 15:00:00,1014.3,21.4,87.0,5.1,26.0,9.2,29.0,0.0,-99.8,-99.8,-99.8,-99.8,-99.8,-99.8,-99.8
2022-11-19 16:00:00,1014.3,20.9,91.0,4.7,27.0,7.4,33.0,0.0,-99.8,-99.8,-99.8,-99.8,-99.8,-99.8,-99.8
2022-11-19 17:00:00,1014.4,20.6,93.0,3.6,31.0,9.5,30.0,0.0,-99.8,-99.8,-99.8,-99.8,-99.8,-99.8,-99.8
2022-11-19 18:00:00,1014.6,20.5,94.0,4.2,28.0,8.0,39.0,0.0,-99.8,-99.8,-99.8,-99.8,-99.8,-99.8,-99.8
2022-11-19 19:00:00,1014.8,20.4,93.0,5.7,33.0,9.9,23.0,0.0,-99.8,-99.8,-99.8,-99.8,-99.8,-99.8,-99.8
2022-11-19 20:00:00,1015.0,20.4,93.0,4.1,35.0,10.1,28.0,0.0,-99.8,-99.8,-99.8,-99.8,-99.8,-99.8,-99.8
2022-11-19 21:00:00,1015.3,20.5,94.0,3.9,26.0,7.7,25.0,0.0,-99.8,-99.8,-99.8,-99.8,-99.8,-99.8,-99.8
2022-11-19 22:00:00,1015.4,20.2,95.0,5.2,8.0,7.0,12.0,0.0,-99.8,-99.8,-99.8,-99.8,-99.8,-99.8,-99.8
2022-11-19 23:00:00,1015.4,20.0,95.0,5.6,10.0,7.7,10.0,0.0,-99.8,-99.8,-99.8,-99.8,-99.8,-99.8,-99.8
2022-11-20 00:00:00,1015.2,20.1,94.0,6.4,11.0,8.1,13.0,0.0,-99.8,-99.8,-99.8,-99.8,-99.8,-99.8,-99.8
2022-11-20 01:00:00,1015.1,20.2,93.0,5.6,12.0,8.3,25.0,0.0,-99.8,-99.8,-99.8,-99.8,-99.8,-99.8,-99.8
2022-11-20 02:00:00,1014.6,20.2,92.0,6.4,13.0,8.5,13.0,0.0,-99.8,-99.8,-99.8,-99.8,-99.8,-99.8,-99.8
2022-11-20 03:00:00,1014.2,20.3,92.0,5.6,11.0,8.1,10.0,0.0,-99.8,-99.8,-99.8,-99.8,-99.8,-99.8,-99.8
2022-11-20 04:00:00,1014.1,20.2,92.0,4.7,19.0,7.8,16.0,0.0,-99.8,-99.8,-99.8,-99.8,-99.8,-99.8,-99.8
2022-11-20 05:00:00,1014.7,20.3,92.0,4.9,14.0,7.3,12.0,0.0,-99.8,-99.8,-99.8,-99.8,-99.8,-99.8,-99.8
2022-11-20 06:00:00,1015.5,20.3,92.0,3.8,22.0,7.1,360.0,0.0,-99.8,-99.8,-99.8,-99.8,-99.8,-99.8,-99.8
2022-11-20 07:00:00,1016.4,20.3,92.0,3.9,17.0,6.5,21.0,0.0,-99.8,-99.8,-99.8,-99.8,-99.8,-99.8,-99.8
2022-11-20 08:00:00,1016.9,20.6,91.0,4.5,15.0,6.3,15.0,0.0,-99.8,-99.8,-99.8,-99.8,-99.8,-99.8,-99.8
2022-11-20 09:00:00,1017.1,20.5,91.0,4.7,10.0,6.0,4.0,0.0,-99.8,-99.8,-99.8,-99.8,-99.8,-99.8,-99.8
2022-11-20 10:00:00,1017.0,21.1,87.0,6.1,18.0,9.3,10.0,0.0,-99.8,-99.8,-99.8,-99.8,-99.8,-99.8,-99.8
2022-11-20 11:00:00,1016.4,21.2,87.0,6.1,20.0,9.3,5.0,0.0,-99.8,-99.8,-99.8,-99.8,-99.8,-99.8,-99.8
2022-11-20 12:00:00,1015.6,21.0,88.0,6.1,21.0,9.2,28.0,0.0,-99.8,-99.8,-99.8,-99.8,-99.8,-99.8,-99.8
2022-11-20 13:00:00,1014.5,21.2,87.0,5.8,22.0,8.9,21.0,0.0,-99.8,-99.8,-99.8,-99.8,-99.8,-99.8,-99.8
2022-11-20 14:00:00,1014.1,21.1,88.0,5.9,24.0,8.9,22.0,0.0,-99.8,-99.8,-99.8,-99.8,-99.8,-99.8,-99.8
2022-11-20 15:00:00,1014.0,20.3,92.0,7.8,22.0,11.5,24.0,0.0,-99.8,-99.8,-99.8,-99.8,-99.8,-99.8,-99.8
2022-11-20 16:00:00,1014.0,20.2,90.0,7.5,26.0,10.6,32.0,0.0,-99.8,-99.8,-99.8,-99.8,-99.8,-99.8,-99.8
2022-11-20 17:00:00,1014.5,20.4,90.0,6.4,28.0,10.2,34.0,0.0,-99.8,-99.8,-99.8,-99.8,-99.8,-99.8,-99.8
2022-11-20 18:00:00,1014.8,20.8,90.0,5.7,30.0,9.7,33.0,0.0,-99.8,-99.8,-99.8,-99.8,-99.8,-99.8,-99.8
2022-11-20 19:00:00,1015.3,21.3,89.0,4.9,29.0,11.0,11.0,0.0,-99.8,-99.8,-99.8,-99.8,-99.8,-99.8,-99.8
2022-11-20 20:00:00,1015.6,21.2,90.0,5.5,26.0,8.7,31.0,0.0,-99.8,-99.8,-99.8,-99.8,-99.8,-99.8,-99.8
2022-11-20 21:00:00,1015.9,20.8,92.0,4.9,20.0,8.7,18.0,0.0,-99.8,-99.8,-99.8,-99.8,-99.8,-99.8,-99.8
2022-11-20 22:00:00,1015.8,20.4,93.0,5.8,20.0,8.1,20.0,0.0,-99.8,-99.8,-99.8,-99.8,-99.8,-99.8,-99.8
2022-11-20 23:00:00,1016.1,20.0,94.0,7.5,14.0,10.2,15.0,0.0,-99.8,-99.8,-99.8,-99.8,-99.8,-99.8,-99.8
2022-11-21 00:00:00,1016.1,19.8,92.0,7.8,18.0,11.6,12.0,0.0,-99.8,-99.8,-99.8,-99.8,-99.8,-99.8,-99.8
2022-11-21 01:00:00,1015.8,19.8,91.0,8.2,19.0,12.0,22.0,0.0,-99.8,-99.8,-99.8,-99.8,-99.8,-99.8,-99.8
2022-11-21 02:00:00,1015.6,19.8,91.0,8.6,20.0,13.6,12.0,0.0,-99.8,-99.8,-99.8,-99.8,-99.8,-99.8,-99.8
2022-11-21 03:00:00,1015.7,19.7,92.0,8.2,21.0,13.0,23.0,0.0,-99.8,-99.8,-99.8,-99.8,-99.8,-99.8,-99.8
2022-11-21 04:00:00,1015.9,19.7,92.0,8.5,23.0,11.8,27.0,0.0,-99.8,-99.8,-99.8,-99.8,-99.8,-99.8,-99.8
2022-11-21 05:00:00,1016.4,19.7,93.0,8.7,23.0,12.1,33.0,0.0,-99.8,-99.8,-99.8,-99.8,-99.8,-99.8,-99.8
2022-11-21 06:00:00,1016.7,19.7,93.0,8.2,20.0,12.8,17.0,0.0,-99.8,-99.8,-99.8,-99.8,-99.8,-99.8,-99.8
2022-11-21 07:00:00,1017.1,19.8,92.0,8.1,22.0,12.1,19.0,0.0,-99.8,-99.8,-99.8,-99.8,-99.8,-99.8,-99.8
2022-11-21 08:00:00,1017.5,20.0,91.0,7.6,21.0,11.8,34.0,0.0,-99.8,-99.8,-99.8,-99.8,-99.8,-99.8,-99.8
2022-11-21 09:00:00,1017.8,20.1,91.0,7.4,20.0,11.1,21.0,0.0,-99.8,-99.8,-99.8,-99.8,-99.8,-99.8,-99.8
2022-11-21 10:00:00,1017.6,20.5,89.0,7.8,19.0,11.5,25.0,0.0,-99.8,-99.8,-99.8,-99.8,-99.8,-99.8,-99.8
2022-11-21 11:00:00,1016.9,20.5,88.0,7.3,21.0,11.3,24.0,0.0,-99.8,-99.8,-99.8,-99.8,-99.8,-99.8,-99.8
2022-11-21 12:00:00,1015.7,20.5,87.0,7.5,18.0,10.8,24.0,0.0,-99.8,-99.8,-99.8,-99.8,-99.8,-99.8,-99.8
2022-11-21 13:00:00,1015.4,20.4,88.0,7.2,19.0,10.7,34.0,0.0,-99.8,-99.8,-99.8,-99.8,-99.8,-99.8,-99.8
2022-11-21 14:00:00,1014.8,20.4,88.0,8.0,19.0,11.5,13.0,0.0,-99.8,-99.8,-99.8,-99.8,-99.8,-99.8,-99.8
2022-11-21 15:00:00,1014.8,20.2,88.0,7.5,21.0,11.2,17.0,0.0,-99.8,-99.8,-99.8,-99.8,-99.8,-99.8,-99.8
2022-11-21 16:00:00,1015.0,20.2,88.0,7.3,23.0,11.1,28.0,0.0,-99.8,-99.8,-99.8,-99.8,-99.8,-99.8,-99.8
2022-11-21 17:00:00,1015.1,20.4,87.0,6.5,22.0,10.7,20.0,0.0,-99.8,-99.8,-99.8,-99.8,-99.8,-99.8,-99.8
2022-11-21 18:00:00,1015.6,20.5,86.0,7.4,26.0,11.5,26.0,0.0,-99.8,-99.8,-99.8,-99.8,-99.8,-99.8,-99.8
2022-11-21 19:00:00,1016.2,20.6,86.0,8.2,26.0,11.6,27.0,0.0,-99.8,-99.8,-99.8,-99.8,-99.8,-99.8,-99.8
2022-11-21 20:00:00,1016.6,20.6,87.0,7.1,26.0,11.9,29.0,0.0,-99.8,-99.8,-99.8,-99.8,-99.8,-99.8,-99.8
2022-11-21 21:00:00,1016.9,20.7,87.0,7.0,25.0,10.5,26.0,0.0,-99.8,-99.8,-99.8,-99.8,-99.8,-99.8,-99.8
2022-11-21 22:00:00,1016.7,20.5,88.0,6.7,20.0,10.6,28.0,0.0,-99.8,-99.8,-99.8,-99.8,-99.8,-99.8,-99.8
2022-11-21 23:00:00,1016.5,20.4,87.0,7.3,19.0,10.8,29.0,0.0,-99.8,-99.8,-99.8,-99.8,-99.8,-99.8,-99.8
2022-11-22 00:00:00,1016.4,20.1,85.0,7.6,12.0,10.6,17.0,0.0,-99.8,-99.8,-99.8,-99.8,-99.8,-99.8,-99.8
2022-11-22 01:00:00,1016.0,20.2,83.0,8.4,11.0,11.2,18.0,0.0,-99.8,-99.8,-99.8,-99.8,-99.8,-99.8,-99.8
2022-11-22 02:00:00,1015.3,20.1,83.0,7.5,12.0,10.7,6.0,0.0,-99.8,-99.8,-99.8,-99.8,-99.8,-99.8,-99.8
2022-11-22 03:00:00,1014.6,20.1,83.0,6.8,14.0,10.0,17.0,0.0,-99.8,-99.8,-99.8,-99.8,-99.8,-99.8,-99.8
2022-11-22 04:00:00,1014.3,20.1,84.0,7.3,11.0,9.8,17.0,0.0,-99.8,-99.8,-99.8,-99.8,-99.8,-99.8,-99.8
2022-11-22 05:00:00,1014.0,20.1,84.0,6.2,13.0,9.9,17.0,0.0,-99.8,-99.8,-99.8,-99.8,-99.8,-99.8,-99.8
2022-11-22 06:00:00,1014.3,20.4,82.0,7.2,8.0,9.7,13.0,0.0,-99.8,-99.8,-99.8,-99.8,-99.8,-99.8,-99.8
2022-11-22 07:00:00,1014.2,20.3,83.0,6.6,12.0,9.2,14.0,0.0,-99.8,-99.8,-99.8,-99.8,-99.8,-99.8,-99.8
2022-11-22 08:00:00,1014.9,20.4,84.0,6.6,5.0,9.2,13.0,0.0,-99.8,-99.8,-99.8,-99.8,-99.8,-99.8,-99.8
2022-11-22 09:00:00,1015.6,20.6,84.0,6.0,5.0,9.8,4.0,0.0,-99.8,-99.8,-99.8,-99.8,-99.8,-99.8,-99.8
2022-11-22 10:00:00,1015.9,20.5,86.0,4.2,353.0,6.9,358.0,0.0,-99.8,-99.8,-99.8,-99.8,-99.8,-99.8,-99.8
2022-11-22 11:00:00,1015.8,20.7,81.0,4.0,348.0,6.7,359.0,0.0,-99.8,-99.8,-99.8,-99.8,-99.8,-99.8,-99.8
2022-11-22 12:00:00,1015.3,20.6,83.0,4.6,351.0,6.9,347.0,0.0,-99.8,-99.8,-99.8,-99.8,-99.8,-99.8,-99.8
2022-11-22 13:00:00,1014.2,19.7,91.0,4.4,1.0,6.4,348.0,1.0,-99.8,-99.8,-99.8,-99.8,-99.8,-99.8,-99.8
2022-11-22 14:00:00,1013.5,19.6,93.0,4.5,12.0,6.4,12.0,0.0,-99.8,-99.8,-99.8,-99.8,-99.8,-99.8,-99.8
2022-11-22 15:00:00,1013.3,19.6,94.0,4.4,8.0,6.0,10.0,0.5,-99.8,-99.8,-99.8,-99.8,-99.8,-99.8,-99.8
2022-11-22 16:00:00,1012.9,19.6,94.0,4.6,11.0,5.8,14.0,0.5,-99.8,-99.8,-99.8,-99.8,-99.8,-99.8,-99.8
2022-11-22 17:00:00,1012.9,19.5,94.0,3.1,28.0,5.7,8.0,0.0,-99.8,-99.8,-99.8,-99.8,-99.8,-99.8,-99.8
2022-11-22 18:00:00,1013.0,19.5,95.0,3.4,10.0,4.6,19.0,0.5,-99.8,-99.8,-99.8,-99.8,-99.8,-99.8,-99.8
2022-11-22 19:00:00,1013.5,19.5,95.0,0.5,345.0,3.9,17.0,0.0,-99.8,-99.8,-99.8,-99.8,-99.8,-99.8,-99.8
2022-11-22 20:00:00,1013.7,19.6,96.0,0.5,192.0,0.8,279.0,1.0,-99.8,-99.8,-99.8,-99.8,-99.8,-99.8,-99.8
2022-11-22 21:00:00,1013.7,19.7,96.0,2.7,1.0,3.2,1.0,0.5,-99.8,-99.8,-99.8,-99.8,-99.8,-99.8,-99.8
2022-11-22 22:00:00,1013.8,19.6,97.0,1.3,342.0,4.0,8.0,0.0,-99.8,-99.8,-99.8,-99.8,-99.8,-99.8,-99.8
2022-11-22 23:00:00,1013.7,19.9,96.0,0.5,243.0,2.1,329.0,0.0,-99.8,-99.8,-99.8,-99.8,-99.8,-99.8,-99.8
2022-11-23 00:00:00,1013.9,20.1,96.0,2.6,350.0,1.9,339.0,0.0,-99.8,-99.8,-99.8,-99.8,-99.8,-99.8,-99.8
2022-11-23 01:00:00,1013.7,19.9,96.0,2.5,339.0,4.8,342.0,0.0,-99.8,-99.8,-99.8,-99.8,-99.8,-99.8,-99.8
2022-11-23 02:00:00,1013.6,19.9,97.0,3.8,10.0,4.8,7.0,0.0,-99.8,-99.8,-99.8,-99.8,-99.8,-99.8,-99.8
2022-11-23 03:00:00,1013.6,19.7,97.0,4.2,21.0,5.8,25.0,0.0,-99.8,-99.8,-99.8,-99.8,-99.8,-99.8,-99.8
2022-11-23 04:00:00,1013.8,19.8,96.0,4.3,29.0,7.3,22.0,0.0,-99.8,-99.8,-99.8,-99.8,-99.8,-99.8,-99.8
2022-11-23 05:00:00,1014.1,19.9,96.0,2.9,27.0,6.5,20.0,0.0,-99.8,-99.8,-99.8,-99.8,-99.8,-99.8,-99.8
2022-11-23 06:00:00,1014.6,20.0,96.0,4.4,25.0,6.4,17.0,0.0,-99.8,-99.8,-99.8,-99.8,-99.8,-99.8,-99.8
2022-11-23 07:00:00,1016.3,19.8,96.0,3.8,33.0,7.8,35.0,1.5,-99.8,-99.8,-99.8,-99.8,-99.8,-99.8,-99.8
2022-11-23 08:00:00,1017.4,20.0,96.0,4.3,24.0,8.9,28.0,2.5,-99.8,-99.8,-99.8,-99.8,-99.8,-99.8,-99.8
2022-11-23 09:00:00,1017.5,19.8,97.0,3.4,37.0,7.5,25.0,5.5,-99.8,-99.8,-99.8,-99.8,-99.8,-99.8,-99.8
2022-11-23 10:00:00,1017.2,20.1,96.0,4.8,33.0,8.8,54.0,2.0,-99.8,-99.8,-99.8,-99.8,-99.8,-99.8,-99.8
2022-11-23 11:00:00,1017.0,20.2,91.0,3.0,48.0,9.7,28.0,0.0,-99.8,-99.8,-99.8,-99.8,-99.8,-99.8,-99.8
2022-11-23 12:00:00,1016.2,20.7,85.0,3.2,48.0,8.6,46.0,0.0,-99.8,-99.8,-99.8,-99.8,-99.8,-99.8,-99.8
2022-11-23 13:00:00,1016.0,20.6,82.0,3.1,47.0,9.9,51.0,0.0,-99.8,-99.8,-99.8,-99.8,-99.8,-99.8,-99.8
2022-11-23 14:00:00,1015.7,20.3,83.0,5.0,35.0,10.7,58.0,0.0,-99.8,-99.8,-99.8,-99.8,-99.8,-99.8,-99.8
2022-11-23 15:00:00,1015.7,19.9,81.0,6.0,34.0,12.8,25.0,0.0,-99.8,-99.8,-99.8,-99.8,-99.8,-99.8,-99.8
2022-11-23 16:00:00,1016.3,19.8,76.0,7.0,36.0,12.7,43.0,0.0,-99.8,-99.8,-99.8,-99.8,-99.8,-99.8,-99.8
2022-11-23 17:00:00,1017.0,19.8,74.0,7.7,32.0,13.7,54.0,0.0,-99.8,-99.8,-99.8,-99.8,-99.8,-99.8,-99.8
2022-11-23 18:00:00,1017.0,19.9,70.0,7.9,34.0,15.2,35.0,0.0,-99.8,-99.8,-99.8,-99.8,-99.8,-99.8,-99.8
2022-11-23 19:00:00,1018.0,20.1,71.0,6.5,33.0,15.9,28.0,0.0,-99.8,-99.8,-99.8,-99.8,-99.8,-99.8,-99.8
2022-11-23 20:00:00,1018.2,19.9,75.0,7.3,30.0,14.4,24.0,0.0,-99.8,-99.8,-99.8,-99.8,-99.8,-99.8,-99.8
2022-11-23 21:00:00,1018.5,20.1,79.0,7.3,33.0,12.9,19.0,0.0,-99.8,-99.8,-99.8,-99.8,-99.8,-99.8,-99.8
2022-11-23 22:00:00,1018.3,19.9,78.0,9.0,29.0,13.8,29.0,0.0,-99.8,-99.8,-99.8,-99.8,-99.8,-99.8,-99.8
2022-11-23 23:00:00,1017.7,18.8,84.0,10.6,16.0,14.4,29.0,0.0,-99.8,-99.8,-99.8,-99.8,-99.8,-99.8,-99.8
2022-11-24 00:00:00,1017.3,18.4,86.0,9.8,19.0,14.3,14.0,0.0,-99.8,-99.8,-99.8,-99.8,-99.8,-99.8,-99.8
2022-11-24 01:00:00,1017.1,18.7,85.0,9.9,13.0,13.4,28.0,0.0,-99.8,-99.8,-99.8,-99.8,-99.8,-99.8,-99.8
2022-11-24 02:00:00,1016.8,18.3,84.0,8.6,18.0,13.7,27.0,0.0,-99.8,-99.8,-99.8,-99.8,-99.8,-99.8,-99.8
2022-11-24 03:00:00,1016.4,18.2,82.0,8.8,18.0,12.2,20.0,0.0,-99.8,-99.8,-99.8,-99.8,-99.8,-99.8,-99.8
2022-11-24 04:00:00,1016.4,17.9,86.0,8.8,12.0,12.8,19.0,0.0,-99.8,-99.8,-99.8,-99.8,-99.8,-99.8,-99.8
2022-11-24 05:00:00,1016.3,18.4,83.0,8.8,16.0,13.3,18.0,0.0,-99.8,-99.8,-99.8,-99.8,-99.8,-99.8,-99.8
2022-11-24 06:00:00,1016.8,18.1,85.0,7.9,21.0,12.8,24.0,0.0,-99.8,-99.8,-99.8,-99.8,-99.8,-99.8,-99.8
2022-11-24 07:00:00,1017.4,18.1,85.0,8.2,25.0,12.2,18.0,0.0,-99.8,-99.8,-99.8,-99.8,-99.8,-99.8,-99.8
2022-11-24 08:00:00,1018.1,17.9,89.0,8.0,24.0,11.8,25.0,1.5,-99.8,-99.8,-99.8,-99.8,-99.8,-99.8,-99.8
2022-11-24 09:00:00,1018.4,18.6,85.0,8.6,26.0,12.3,25.0,0.0,-99.8,-99.8,-99.8,-99.8,-99.8,-99.8,-99.8
2022-11-24 10:00:00,1018.6,18.9,85.0,8.5,21.0,12.3,18.0,0.0,-99.8,-99.8,-99.8,-99.8,-99.8,-99.8,-99.8
2022-11-24 11:00:00,1018.1,19.2,83.0,8.2,23.0,12.3,26.0,0.0,-99.8,-99.8,-99.8,-99.8,-99.8,-99.8,-99.8
2022-11-24 12:00:00,1017.3,19.4,82.0,8.2,23.0,12.0,16.0,0.0,-99.8,-99.8,-99.8,-99.8,-99.8,-99.8,-99.8
2022-11-24 13:00:00,1016.7,19.2,83.0,8.1,22.0,11.4,22.0,0.0,-99.8,-99.8,-99.8,-99.8,-99.8,-99.8,-99.8
2022-11-24 14:00:00,1016.2,19.2,84.0,8.8,19.0,12.4,20.0,0.0,-99.8,-99.8,-99.8,-99.8,-99.8,-99.8,-99.8
2022-11-24 15:00:00,1015.9,19.1,86.0,8.6,22.0,12.8,23.0,0.0,-99.8,-99.8,-99.8,-99.8,-99.8,-99.8,-99.8
2022-11-24 16:00:00,1016.2,19.1,86.0,9.1,24.0,13.7,22.0,0.0,-99.8,-99.8,-99.8,-99.8,-99.8,-99.8,-99.8
2022-11-24 17:00:00,1016.8,18.9,88.0,8.9,26.0,16.1,31.0,0.0,-99.8,-99.8,-99.8,-99.8,-99.8,-99.8,-99.8
2022-11-24 18:00:00,1017.1,18.7,90.0,9.3,24.0,13.8,31.0,1.0,-99.8,-99.8,-99.8,-99.8,-99.8,-99.8,-99.8
2022-11-24 19:00:00,1017.2,18.6,93.0,9.0,24.0,14.0,20.0,2.0,-99.8,-99.8,-99.8,-99.8,-99.8,-99.8,-99.8
2022-11-24 20:00:00,1017.8,19.1,91.0,8.8,20.0,13.8,24.0,0.5,-99.8,-99.8,-99.8,-99.8,-99.8,-99.8,-99.8
2022-11-24 21:00:00,1018.1,19.2,92.0,8.2,20.0,13.0,21.0,1.0,-99.8,-99.8,-99.8,-99.8,-99.8,-99.8,-99.8
2022-11-24 22:00:00,1017.8,19.0,94.0,8.5,27.0,11.8,27.0,2.0,-99.8,-99.8,-99.8,-99.8,-99.8,-99.8,-99.8
2022-11-24 23:00:00,1018.1,18.9,94.0,8.7,17.0,12.4,17.0,1.5,-99.8,-99.8,-99.8,-99.8,-99.8,-99.8,-99.8
2022-11-25 00:00:00,1018.0,19.0,94.0,7.7,25.0,12.0,15.0,1.5,-99.8,-99.8,-99.8,-99.8,-99.8,-99.8,-99.8
2022-11-25 01:00:00,1018.0,18.5,94.0,9.8,14.0,12.6,11.0,1.0,-99.8,-99.8,-99.8,-99.8,-99.8,-99.8,-99.8
2022-11-25 02:00:00,1017.3,18.4,94.0,8.0,26.0,12.7,12.0,0.5,-99.8,-99.8,-99.8,-99.8,-99.8,-99.8,-99.8
2022-11-25 03:00:00,1016.9,18.2,95.0,7.7,22.0,13.1,18.0,1.0,-99.8,-99.8,-99.8,-99.8,-99.8,-99.8,-99.8
2022-11-25 04:00:00,1016.5,18.1,94.0,8.5,21.0,11.7,20.0,1.5,-99.8,-99.8,-99.8,-99.8,-99.8,-99.8,-99.8
2022-11-25 05:00:00,1016.6,18.3,92.0,8.3,22.0,12.9,21.0,1.0,-99.8,-99.8,-99.8,-99.8,-99.8,-99.8,-99.8
2022-11-25 06:00:00,1016.7,18.4,93.0,8.0,25.0,12.2,16.0,0.5,-99.8,-99.8,-99.8,-99.8,-99.8,-99.8,-99.8
2022-11-25 07:00:00,1016.2,18.5,94.0,8.2,27.0,12.5,28.0,0.5,-99.8,-99.8,-99.8,-99.8,-99.8,-99.8,-99.8
2022-11-25 08:00:00,1016.7,18.5,93.0,8.7,19.0,12.5,21.0,0.0,-99.8,-99.8,-99.8,-99.8,-99.8,-99.8,-99.8
2022-11-25 09:00:00,1017.0,18.4,94.0,9.3,19.0,12.6,17.0,0.5,-99.8,-99.8,-99.8,-99.8,-99.8,-99.8,-99.8
2022-11-25 10:00:00,1016.9,18.1,95.0,8.8,21.0,13.4,10.0,3.0,-99.8,-99.8,-99.8,-99.8,-99.8,-99.8,-99.8
2022-11-25 11:00:00,1016.0,18.1,94.0,8.6,20.0,11.7,20.0,3.5,-99.8,-99.8,-99.8,-99.8,-99.8,-99.8,-99.8
2022-11-25 12:00:00,1015.2,18.1,93.0,7.6,17.0,12.4,22.0,2.0,-99.8,-99.8,-99.8,-99.8,-99.8,-99.8,-99.8
2022-11-25 13:00:00,1014.5,18.1,95.0,7.9,6.0,11.5,12.0,2.5,-99.8,-99.8,-99.8,-99.8,-99.8,-99.8,-99.8
2022-11-25 14:00:00,1013.8,18.1,93.0,7.4,7.0,10.7,1.0,2.0,-99.8,-99.8,-99.8,-99.8,-99.8,-99.8,-99.8
2022-11-25 15:00:00,1014.0,18.1,93.0,6.7,4.0,9.7,8.0,1.5,-99.8,-99.8,-99.8,-99.8,-99.8,-99.8,-99.8
2022-11-25 16:00:00,1014.0,18.2,93.0,5.2,4.0,8.5,7.0,1.5,-99.8,-99.8,-99.8,-99.8,-99.8,-99.8,-99.8
2022-11-25 17:00:00,1014.2,18.2,92.0,4.7,9.0,7.4,6.0,0.5,-99.8,-99.8,-99.8,-99.8,-99.8,-99.8,-99.8
2022-11-25 18:00:00,1014.9,18.3,91.0,2.0,359.0,6.8,3.0,0.0,-99.8,-99.8,-99.8,-99.8,-99.8,-99.8,-99.8
2022-11-25 19:00:00,1015.0,18.2,93.0,2.5,4.0,4.2,336.0,1.0,-99.8,-99.8,-99.8,-99.8,-99.8,-99.8,-99.8
2022-11-25 20:00:00,1015.0,18.1,92.0,1.2,241.0,5.3,343.0,0.0,-99.8,-99.8,-99.8,-99.8,-99.8,-99.8,-99.8
2022-11-25 21:00:00,1014.3,18.3,91.0,2.1,191.0,5.0,155.0,0.0,-99.8,-99.8,-99.8,-99.8,-99.8,-99.8,-99.8
2022-11-25 22:00:00,1014.3,18.4,92.0,1.7,165.0,3.3,326.0,0.0,-99.8,-99.8,-99.8,-99.8,-99.8,-99.8,-99.8
2022-11-25 23:00:00,1014.7,18.3,93.0,0.7,288.0,2.7,287.0,0.0,-99.8,-99.8,-99.8,-99.8,-99.8,-99.8,-99.8
2022-11-26 00:00:00,1015.0,18.1,95.0,2.2,334.0,4.3,342.0,0.5,-99.8,-99.8,-99.8,-99.8,-99.8,-99.8,-99.8
2022-11-26 01:00:00,1014.8,17.9,95.0,1.0,255.0,2.7,159.0,0.5,-99.8,-99.8,-99.8,-99.8,-99.8,-99.8,-99.8
2022-11-26 02:00:00,1014.2,18.3,96.0,1.8,190.0,3.0,177.0,0.0,-99.8,-99.8,-99.8,-99.8,-99.8,-99.8,-99.8
2022-11-26 03:00:00,1014.2,18.4,96.0,1.0,258.0,3.8,198.0,0.0,-99.8,-99.8,-99.8,-99.8,-99.8,-99.8,-99.8
2022-11-26 04:00:00,1014.0,18.5,96.0,0.9,254.0,2.9,150.0,0.0,-99.8,-99.8,-99.8,-99.8,-99.8,-99.8,-99.8
2022-11-26 05:00:00,1014.1,18.4,96.0,1.1,291.0,2.1,235.0,0.0,-99.8,-99.8,-99.8,-99.8,-99.8,-99.8,-99.8
2022-11-26 06:00:00,1015.1,18.3,96.0,0.9,267.0,2.3,251.0,0.0,-99.8,-99.8,-99.8,-99.8,-99.8,-99.8,-99.8
2022-11-26 07:00:00,1015.7,18.6,96.0,0.6,327.0,1.9,275.0,0.0,-99.8,-99.8,-99.8,-99.8,-99.8,-99.8,-99.8
2022-11-26 08:00:00,1015.8,19.1,94.0,2.9,355.0,4.4,12.0,0.0,-99.8,-99.8,-99.8,-99.8,-99.8,-99.8,-99.8
2022-11-26 09:00:00,1016.5,19.8,91.0,3.0,16.0,4.1,13.0,0.0,-99.8,-99.8,-99.8,-99.8,-99.8,-99.8,-99.8
2022-11-26 10:00:00,1016.6,20.3,89.0,3.8,18.0,5.1,12.0,0.0,-99.8,-99.8,-99.8,-99.8,-99.8,-99.8,-99.8
2022-11-26 11:00:00,1016.7,20.9,87.0,3.8,21.0,5.8,24.0,0.0,-99.8,-99.8,-99.8,-99.8,-99.8,-99.8,-99.8
2022-11-26 12:00:00,1016.1,20.6,85.0,4.2,26.0,6.6,33.0,0.0,-99.8,-99.8,-99.8,-99.8,-99.8,-99.8,-99.8
2022-11-26 13:00:00,1015.4,20.4,88.0,4.9,25.0,6.6,28.0,0.0,-99.8,-99.8,-99.8,-99.8,-99.8,-99.8,-99.8
2022-11-26 14:00:00,1014.7,20.7,86.0,4.4,27.0,6.9,43.0,0.0,-99.8,-99.8,-99.8,-99.8,-99.8,-99.8,-99.8
2022-11-26 15:00:00,1014.9,21.3,82.0,3.8,26.0,6.7,31.0,0.0,-99.8,-99.8,-99.8,-99.8,-99.8,-99.8,-99.8
2022-11-26 16:00:00,1014.7,21.3,78.0,2.3,46.0,6.0,23.0,0.0,-99.8,-99.8,-99.8,-99.8,-99.8,-99.8,-99.8
2022-11-26 17:00:00,1015.4,20.9,79.0,2.9,29.0,5.3,48.0,0.0,-99.8,-99.8,-99.8,-99.8,-99.8,-99.8,-99.8
2022-11-26 18:00:00,1015.7,20.7,83.0,2.8,32.0,5.6,42.0,0.0,-99.8,-99.8,-99.8,-99.8,-99.8,-99.8,-99.8
2022-11-26 19:00:00,1016.0,20.6,81.0,3.1,34.0,6.3,27.0,0.0,-99.8,-99.8,-99.8,-99.8,-99.8,-99.8,-99.8
2022-11-26 20:00:00,1016.0,20.7,78.0,4.1,31.0,8.4,52.0,0.0,-99.8,-99.8,-99.8,-99.8,-99.8,-99.8,-99.8
2022-11-26 21:00:00,1016.1,20.7,78.0,4.9,31.0,9.6,35.0,0.0,-99.8,-99.8,-99.8,-99.8,-99.8,-99.8,-99.8
2022-11-26 22:00:00,1016.4,20.7,80.0,4.0,29.0,8.2,21.0,0.0,-99.8,-99.8,-99.8,-99.8,-99.8,-99.8,-99.8
2022-11-26 23:00:00,1015.9,20.6,78.0,4.4,31.0,8.0,50.0,0.0,-99.8,-99.8,-99.8,-99.8,-99.8,-99.8,-99.8
2022-11-27 00:00:00,1015.5,20.8,77.0,4.5,33.0,8.0,50.0,0.0,-99.8,-99.8,-99.8,-99.8,-99.8,-99.8,-99.8
2022-11-27 01:00:00,1015.9,20.7,80.0,4.2,31.0,8.6,21.0,0.0,-99.8,-99.8,-99.8,-99.8,-99.8,-99.8,-99.8
2022-11-27 02:00:00,1015.8,20.0,89.0,6.1,8.0,8.5,13.0,0.0,-99.8,-99.8,-99.8,-99.8,-99.8,-99.8,-99.8
2022-11-27 03:00:00,1014.9,19.8,89.0,5.3,20.0,9.1,25.0,0.0,-99.8,-99.8,-99.8,-99.8,-99.8,-99.8,-99.8
2022-11-27 04:00:00,1013.5,19.7,87.0,6.0,25.0,10.1,2.0,0.0,-99.8,-99.8,-99.8,-99.8,-99.8,-99.8,-99.8
2022-11-27 05:00:00,1014.4,19.9,89.0,5.9,16.0,11.8,19.0,0.0,-99.8,-99.8,-99.8,-99.8,-99.8,-99.8,-99.8
2022-11-27 06:00:00,1014.2,19.6,87.0,7.0,21.0,10.5,26.0,0.0,-99.8,-99.8,-99.8,-99.8,-99.8,-99.8,-99.8
2022-11-27 07:00:00,1014.9,19.6,88.0,7.5,21.0,11.0,23.0,0.0,-99.8,-99.8,-99.8,-99.8,-99.8,-99.8,-99.8
2022-11-27 08:00:00,1015.2,19.7,87.0,8.2,20.0,12.7,29.0,0.0,-99.8,-99.8,-99.8,-99.8,-99.8,-99.8,-99.8
2022-11-27 09:00:00,1016.0,19.4,87.0,8.9,11.0,12.6,23.0,0.0,-99.8,-99.8,-99.8,-99.8,-99.8,-99.8,-99.8
2022-11-27 10:00:00,1015.1,19.0,89.0,8.9,8.0,11.9,11.0,0.0,-99.8,-99.8,-99.8,-99.8,-99.8,-99.8,-99.8
2022-11-27 11:00:00,1014.0,19.0,89.0,8.3,10.0,12.4,17.0,0.0,-99.8,-99.8,-99.8,-99.8,-99.8,-99.8,-99.8
2022-11-27 12:00:00,1012.9,19.1,89.0,7.7,7.0,11.1,13.0,0.0,-99.8,-99.8,-99.8,-99.8,-99.8,-99.8,-99.8
2022-11-27 13:00:00,1011.6,19.4,88.0,5.8,19.0,10.9,18.0,0.0,-99.8,-99.8,-99.8,-99.8,-99.8,-99.8,-99.8
2022-11-27 14:00:00,1011.6,19.1,88.0,4.6,350.0,7.9,12.0,0.0,-99.8,-99.8,-99.8,-99.8,-99.8,-99.8,-99.8
2022-11-27 15:00:00,1010.7,19.3,86.0,4.3,352.0,6.6,348.0,0.0,-99.8,-99.8,-99.8,-99.8,-99.8,-99.8,-99.8
2022-11-27 16:00:00,1011.3,19.6,87.0,4.0,349.0,8.6,7.0,0.0,-99.8,-99.8,-99.8,-99.8,-99.8,-99.8,-99.8
2022-11-27 17:00:00,1012.6,19.5,88.0,6.4,360.0,9.6,7.0,0.0,-99.8,-99.8,-99.8,-99.8,-99.8,-99.8,-99.8
2022-11-27 18:00:00,1012.8,19.5,85.0,8.9,7.0,11.6,18.0,0.0,-99.8,-99.8,-99.8,-99.8,-99.8,-99.8,-99.8
2022-11-27 19:00:00,1013.2,19.0,89.0,6.2,16.0,11.7,13.0,0.0,-99.8,-99.8,-99.8,-99.8,-99.8,-99.8,-99.8
2022-11-27 20:00:00,1013.6,18.9,90.0,5.1,23.0,9.5,12.0,0.0,-99.8,-99.8,-99.8,-99.8,-99.8,-99.8,-99.8
2022-11-27 21:00:00,1013.9,19.0,87.0,3.2,31.0,7.5,24.0,0.0,-99.8,-99.8,-99.8,-99.8,-99.8,-99.8,-99.8
2022-11-27 22:00:00,1013.6,19.1,88.0,3.4,33.0,6.0,28.0,0.0,-99.8,-99.8,-99.8,-99.8,-99.8,-99.8,-99.8
2022-11-27 23:00:00,1013.5,19.1,88.0,3.7,20.0,5.9,17.0,0.0,-99.8,-99.8,-99.8,-99.8,-99.8,-99.8,-99.8
2022-11-28 00:00:00,1012.8,19.0,86.0,2.3,27.0,5.0,12.0,0.0,-99.8,-99.8,-99.8,-99.8,-99.8,-99.8,-99.8
2022-11-28 01:00:00,1012.9,19.1,87.0,1.5,32.0,4.0,14.0,0.0,-99.8,-99.8,-99.8,-99.8,-99.8,-99.8,-99.8
2022-11-28 02:00:00,1012.8,19.2,87.0,1.2,359.0,2.3,27.0,0.0,-99.8,-99.8,-99.8,-99.8,-99.8,-99.8,-99.8
2022-11-28 03:00:00,1012.7,19.3,86.0,1.9,16.0,2.8,20.0,0.0,-99.8,-99.8,-99.8,-99.8,-99.8,-99.8,-99.8
2022-11-28 04:00:00,1012.7,19.4,85.0,2.1,9.0,3.0,16.0,0.0,-99.8,-99.8,-99.8,-99.8,-99.8,-99.8,-99.8
2022-11-28 05:00:00,1013.0,19.5,85.0,1.3,1.0,2.9,4.0,0.0,-99.8,-99.8,-99.8,-99.8,-99.8,-99.8,-99.8
2022-11-28 06:00:00,1013.3,19.2,88.0,0.9,265.0,1.5,6.0,0.0,-99.8,-99.8,-99.8,-99.8,-99.8,-99.8,-99.8
2022-11-28 07:00:00,1013.1,19.3,88.0,0.4,236.0,1.2,172.0,0.0,-99.8,-99.8,-99.8,-99.8,-99.8,-99.8,-99.8
2022-11-28 08:00:00,1013.5,20.0,85.0,0.6,349.0,2.1,16.0,0.0,-99.8,-99.8,-99.8,-99.8,-99.8,-99.8,-99.8
2022-11-28 09:00:00,1013.9,20.6,83.0,2.0,342.0,3.3,328.0,0.0,-99.8,-99.8,-99.8,-99.8,-99.8,-99.8,-99.8
2022-11-28 10:00:00,1013.8,21.3,81.0,1.5,11.0,3.0,350.0,0.0,-99.8,-99.8,-99.8,-99.8,-99.8,-99.8,-99.8
2022-11-28 11:00:00,1013.0,21.5,80.0,2.6,188.0,3.8,198.0,0.0,-99.8,-99.8,-99.8,-99.8,-99.8,-99.8,-99.8
2022-11-28 12:00:00,1012.3,21.6,81.0,2.4,167.0,4.6,171.0,0.0,-99.8,-99.8,-99.8,-99.8,-99.8,-99.8,-99.8
2022-11-28 13:00:00,1011.4,21.9,83.0,2.5,172.0,4.5,154.0,0.0,-99.8,-99.8,-99.8,-99.8,-99.8,-99.8,-99.8
2022-11-28 14:00:00,1010.5,21.9,85.0,3.9,169.0,5.9,175.0,0.0,-99.8,-99.8,-99.8,-99.8,-99.8,-99.8,-99.8
2022-11-28 15:00:00,1010.5,21.8,88.0,3.4,175.0,6.0,166.0,0.0,-99.8,-99.8,-99.8,-99.8,-99.8,-99.8,-99.8
2022-11-28 16:00:00,1010.8,22.0,88.0,2.8,175.0,5.6,187.0,0.0,-99.8,-99.8,-99.8,-99.8,-99.8,-99.8,-99.8
2022-11-28 17:00:00,1010.9,22.3,88.0,3.7,173.0,5.6,168.0,0.0,-99.8,-99.8,-99.8,-99.8,-99.8,-99.8,-99.8
2022-11-28 18:00:00,1011.0,22.9,88.0,4.7,190.0,7.3,181.0,0.0,-99.8,-99.8,-99.8,-99.8,-99.8,-99.8,-99.8
2022-11-28 19:00:00,1011.4,23.6,85.0,5.0,195.0,8.9,205.0,0.0,-99.8,-99.8,-99.8,-99.8,-99.8,-99.8,-99.8
2022-11-28 20:00:00,1011.6,23.4,87.0,4.6,199.0,9.3,187.0,0.0,-99.8,-99.8,-99.8,-99.8,-99.8,-99.8,-99.8
2022-11-28 21:00:00,1012.2,23.9,86.0,4.4,188.0,9.6,190.0,0.0,-99.8,-99.8,-99.8,-99.8,-99.8,-99.8,-99.8
2022-11-28 22:00:00,1011.9,22.5,90.0,4.1,181.0,7.4,176.0,0.0,-99.8,-99.8,-99.8,-99.8,-99.8,-99.8,-99.8
2022-11-28 23:00:00,1011.4,23.0,89.0,5.0,187.0,9.1,180.0,0.0,-99.8,-99.8,-99.8,-99.8,-99.8,-99.8,-99.8
2022-11-29 00:00:00,1011.4,22.1,92.0,5.7,191.0,10.0,189.0,0.0,-99.8,-99.8,-99.8,-99.8,-99.8,-99.8,-99.8
2022-11-29 01:00:00,1011.0,22.4,93.0,5.6,194.0,9.1,193.0,0.0,-99.8,-99.8,-99.8,-99.8,-99.8,-99.8,-99.8
2022-11-29 02:00:00,1010.7,22.4,92.0,5.4,197.0,10.9,205.0,0.0,-99.8,-99.8,-99.8,-99.8,-99.8,-99.8,-99.8
2022-11-29 03:00:00,1010.7,22.1,93.0,5.0,195.0,10.5,187.0,0.0,-99.8,-99.8,-99.8,-99.8,-99.8,-99.8,-99.8
2022-11-29 04:00:00,1010.8,21.8,95.0,4.2,194.0,10.7,179.0,0.0,-99.8,-99.8,-99.8,-99.8,-99.8,-99.8,-99.8
2022-11-29 05:00:00,1011.0,21.9,95.0,4.8,188.0,8.1,194.0,0.0,-99.8,-99.8,-99.8,-99.8,-99.8,-99.8,-99.8
2022-11-29 06:00:00,1011.6,21.9,95.0,4.4,192.0,8.7,202.0,0.0,-99.8,-99.8,-99.8,-99.8,-99.8,-99.8,-99.8
2022-11-29 07:00:00,1012.1,22.0,95.0,5.1,192.0,8.8,196.0,0.0,-99.8,-99.8,-99.8,-99.8,-99.8,-99.8,-99.8
2022-11-29 08:00:00,1012.3,22.0,95.0,6.3,191.0,10.1,199.0,0.0,-99.8,-99.8,-99.8,-99.8,-99.8,-99.8,-99.8
2022-11-29 09:00:00,1012.9,21.9,94.0,5.4,177.0,9.7,186.0,0.0,-99.8,-99.8,-99.8,-99.8,-99.8,-99.8,-99.8
2022-11-29 10:00:00,1013.0,23.7,86.0,4.5,176.0,8.5,180.0,0.0,-99.8,-99.8,-99.8,-99.8,-99.8,-99.8,-99.8
2022-11-29 11:00:00,1012.4,23.1,88.0,5.3,189.0,9.7,177.0,0.0,-99.8,-99.8,-99.8,-99.8,-99.8,-99.8,-99.8
2022-11-29 12:00:00,1011.2,24.9,80.0,5.5,188.0,8.7,185.0,0.0,-99.8,-99.8,-99.8,-99.8,-99.8,-99.8,-99.8
2022-11-29 13:00:00,1010.3,25.4,78.0,5.7,193.0,9.8,182.0,0.0,-99.8,-99.8,-99.8,-99.8,-99.8,-99.8,-99.8
2022-11-29 14:00:00,1009.7,27.4,69.0,3.7,186.0,9.3,187.0,0.0,-99.8,-99.8,-99.8,-99.8,-99.8,-99.8,-99.8
2022-11-29 15:00:00,1009.2,27.4,68.0,4.5,186.0,10.0,177.0,0.0,-99.8,-99.8,-99.8,-99.8,-99.8,-99.8,-99.8
2022-11-29 16:00:00,1009.4,24.5,81.0,4.5,186.0,7.0,189.0,0.0,-99.8,-99.8,-99.8,-99.8,-99.8,-99.8,-99.8
2022-11-29 17:00:00,1011.4,21.0,94.0,7.8,32.0,13.5,31.0,0.0,-99.8,-99.8,-99.8,-99.8,-99.8,-99.8,-99.8
2022-11-29 18:00:00,1013.0,21.2,95.0,8.4,27.0,12.7,32.0,0.0,-99.8,-99.8,-99.8,-99.8,-99.8,-99.8,-99.8
2022-11-29 19:00:00,1014.1,20.9,91.0,8.6,30.0,14.4,26.0,0.0,-99.8,-99.8,-99.8,-99.8,-99.8,-99.8,-99.8
2022-11-29 20:00:00,1015.0,20.2,88.0,9.9,32.0,16.6,39.0,0.0,-99.8,-99.8,-99.8,-99.8,-99.8,-99.8,-99.8
2022-11-29 21:00:00,1016.1,19.6,87.0,10.8,33.0,20.5,28.0,0.0,-99.8,-99.8,-99.8,-99.8,-99.8,-99.8,-99.8
2022-11-29 22:00:00,1016.9,19.3,88.0,9.3,32.0,17.9,33.0,0.0,-99.8,-99.8,-99.8,-99.8,-99.8,-99.8,-99.8
2022-11-29 23:00:00,1017.2,19.1,87.0,11.1,30.0,19.8,22.0,0.0,-99.8,-99.8,-99.8,-99.8,-99.8,-99.8,-99.8
2022-11-30 00:00:00,1018.2,18.7,86.0,11.7,31.0,20.2,28.0,0.0,-99.8,-99.8,-99.8,-99.8,-99.8,-99.8,-99.8
2022-11-30 01:00:00,1018.3,17.9,86.0,12.4,32.0,21.2,29.0,0.0,-99.8,-99.8,-99.8,-99.8,-99.8,-99.8,-99.8
2022-11-30 02:00:00,1018.4,17.2,87.0,14.2,29.0,22.1,19.0,0.0,-99.8,-99.8,-99.8,-99.8,-99.8,-99.8,-99.8
2022-11-30 03:00:00,1019.1,17.0,84.0,13.6,33.0,22.4,21.0,0.0,-99.8,-99.8,-99.8,-99.8,-99.8,-99.8,-99.8
2022-11-30 04:00:00,1019.4,16.5,86.0,15.2,30.0,26.0,25.0,0.0,-99.8,-99.8,-99.8,-99.8,-99.8,-99.8,-99.8
2022-11-30 05:00:00,1021.0,15.6,86.0,15.2,28.0,24.5,21.0,0.0,-99.8,-99.8,-99.8,-99.8,-99.8,-99.8,-99.8
2022-11-30 06:00:00,1022.1,14.9,85.0,15.9,27.0,25.9,23.0,0.0,-99.8,-99.8,-99.8,-99.8,-99.8,-99.8,-99.8
2022-11-30 07:00:00,1023.5,14.8,83.0,15.6,27.0,25.0,25.0,0.0,-99.8,-99.8,-99.8,-99.8,-99.8,-99.8,-99.8
2022-11-30 08:00:00,1024.3,14.5,82.0,14.8,28.0,24.2,30.0,0.0,-99.8,-99.8,-99.8,-99.8,-99.8,-99.8,-99.8
2022-11-30 09:00:00,1024.7,14.2,83.0,15.0,28.0,23.4,23.0,0.0,-99.8,-99.8,-99.8,-99.8,-99.8,-99.8,-99.8
2022-11-30 10:00:00,1025.8,14.2,78.0,13.3,31.0,22.6,27.0,0.0,-99.8,-99.8,-99.8,-99.8,-99.8,-99.8,-99.8
2022-11-30 11:00:00,1025.2,13.8,83.0,13.5,28.0,21.8,34.0,0.0,-99.8,-99.8,-99.8,-99.8,-99.8,-99.8,-99.8
2022-11-30 12:00:00,1024.4,13.9,85.0,12.7,28.0,22.3,21.0,0.0,-99.8,-99.8,-99.8,-99.8,-99.8,-99.8,-99.8
2022-11-30 13:00:00,1023.2,13.8,83.0,13.1,28.0,22.0,30.0,0.0,-99.8,-99.8,-99.8,-99.8,-99.8,-99.8,-99.8
2022-11-30 14:00:00,1022.6,14.3,83.0,13.1,27.0,20.1,30.0,0.0,-99.8,-99.8,-99.8,-99.8,-99.8,-99.8,-99.8
2022-11-30 15:00:00,1022.8,13.9,83.0,13.1,26.0,20.8,23.0,0.0,-99.8,-99.8,-99.8,-99.8,-99.8,-99.8,-99.8
2022-11-30 16:00:00,1022.8,13.5,83.0,13.3,28.0,20.7,15.0,0.0,-99.8,-99.8,-99.8,-99.8,-99.8,-99.8,-99.8
2022-11-30 17:00:00,1024.1,13.6,82.0,13.4,28.0,21.4,18.0,0.0,-99.8,-99.8,-99.8,-99.8,-99.8,-99.8,-99.8
2022-11-30 18:00:00,1024.1,14.1,79.0,13.1,29.0,21.3,15.0,0.0,-99.8,-99.8,-99.8,-99.8,-99.8,-99.8,-99.8
2022-11-30 19:00:00,1024.9,13.4,80.0,13.6,29.0,21.9,32.0,0.0,-99.8,-99.8,-99.8,-99.8,-99.8,-99.8,-99.8
2022-11-30 20:00:00,1024.9,13.3,78.0,14.1,28.0,21.2,27.0,0.5,-99.8,-99.8,-99.8,-99.8,-99.8,-99.8,-99.8
2022-11-30 21:00:00,1024.9,13.0,81.0,12.6,28.0,24.4,25.0,0.0,-99.8,-99.8,-99.8,-99.8,-99.8,-99.8,-99.8
2022-11-30 22:00:00,1025.2,12.9,80.0,12.9,29.0,20.6,28.0,0.0,-99.8,-99.8,-99.8,-99.8,-99.8,-99.8,-99.8
2022-11-30 23:00:00,1024.5,13.2,81.0,13.1,26.0,21.2,30.0,0.0,-99.8,-99.8,-99.8,-99.8,-99.8,-99.8,-99.8
2022-12-01 00:00:00,1024.2,12.9,81.0,13.3,26.0,20.2,25.0,0.0,-99.8,-99.8,-99.8,-99.8,-99.8,-99.8,-99.8
2022-12-01 01:00:00,1024.3,13.1,82.0,11.8,29.0,20.7,20.0,0.0,-99.8,-99.8,-99.8,-99.8,-99.8,-99.8,-99.8
2022-12-01 02:00:00,1024.1,12.7,91.0,13.1,22.0,19.4,24.0,0.0,-99.8,-99.8,-99.8,-99.8,-99.8,-99.8,-99.8
2022-12-01 03:00:00,1023.8,12.3,90.0,14.0,17.0,20.9,18.0,0.0,-99.8,-99.8,-99.8,-99.8,-99.8,-99.8,-99.8
2022-12-01 04:00:00,1024.0,12.1,88.0,13.8,19.0,20.0,21.0,0.0,-99.8,-99.8,-99.8,-99.8,-99.8,-99.8,-99.8
2022-12-01 05:00:00,1024.0,12.1,86.0,14.2,22.0,20.6,28.0,0.0,-99.8,-99.8,-99.8,-99.8,-99.8,-99.8,-99.8
2022-12-01 06:00:00,1024.3,12.2,86.0,13.7,19.0,19.5,34.0,0.0,-99.8,-99.8,-99.8,-99.8,-99.8,-99.8,-99.8
2022-12-01 07:00:00,1024.3,12.1,86.0,13.2,22.0,19.9,23.0,0.0,-99.8,-99.8,-99.8,-99.8,-99.8,-99.8,-99.8
2022-12-01 08:00:00,1024.9,12.1,85.0,13.1,22.0,19.3,28.0,0.0,-99.8,-99.8,-99.8,-99.8,-99.8,-99.8,-99.8
2022-12-01 09:00:00,1025.6,12.9,86.0,13.1,23.0,21.1,30.0,0.0,-99.8,-99.8,-99.8,-99.8,-99.8,-99.8,-99.8
2022-12-01 10:00:00,1025.5,12.4,92.0,13.2,21.0,20.8,23.0,-999.6,-99.8,-99.8,-99.8,-99.8,-99.8,-99.8,-99.8
2022-12-01 11:00:00,1024.6,12.3,89.0,13.0,23.0,19.2,27.0,0.0,-99.8,-99.8,-99.8,-99.8,-99.8,-99.8,-99.8
2022-12-01 12:00:00,1023.6,12.4,87.0,12.8,21.0,20.0,25.0,0.0,-99.8,-99.8,-99.8,-99.8,-99.8,-99.8,-99.8
2022-12-01 13:00:00,1023.0,12.5,87.0,13.3,16.0,20.5,20.0,0.5,-99.8,-99.8,-99.8,-99.8,-99.8,-99.8,-99.8
2022-12-01 14:00:00,1022.0,12.5,85.0,12.7,18.0,18.4,30.0,0.0,-99.8,-99.8,-99.8,-99.8,-99.8,-99.8,-99.8
2022-12-01 15:00:00,1022.0,12.7,87.0,13.3,19.0,18.7,21.0,0.0,-99.8,-99.8,-99.8,-99.8,-99.8,-99.8,-99.8
2022-12-01 16:00:00,1022.4,13.0,89.0,13.1,18.0,19.8,31.0,0.0,-99.8,-99.8,-99.8,-99.8,-99.8,-99.8,-99.8
2022-12-01 17:00:00,1022.4,12.8,90.0,13.2,21.0,19.4,19.0,0.0,-99.8,-99.8,-99.8,-99.8,-99.8,-99.8,-99.8
2022-12-01 18:00:00,1022.8,13.4,89.0,13.0,21.0,19.9,29.0,0.0,-99.8,-99.8,-99.8,-99.8,-99.8,-99.8,-99.8
2022-12-01 19:00:00,1023.6,13.6,83.0,12.6,27.0,19.8,25.0,0.0,-99.8,-99.8,-99.8,-99.8,-99.8,-99.8,-99.8
2022-12-01 20:00:00,1023.2,12.8,88.0,13.4,27.0,20.0,22.0,0.0,-99.8,-99.8,-99.8,-99.8,-99.8,-99.8,-99.8
2022-12-01 21:00:00,1023.7,13.1,87.0,13.5,23.0,21.9,25.0,0.0,-99.8,-99.8,-99.8,-99.8,-99.8,-99.8,-99.8
2022-12-01 22:00:00,1023.5,12.5,89.0,12.7,28.0,20.3,19.0,0.0,-99.8,-99.8,-99.8,-99.8,-99.8,-99.8,-99.8
2022-12-01 23:00:00,1023.6,12.9,84.0,13.9,23.0,20.5,25.0,0.5,-99.8,-99.8,-99.8,-99.8,-99.8,-99.8,-99.8
2022-12-02 00:00:00,1023.2,12.4,89.0,13.6,17.0,20.6,24.0,0.0,-99.8,-99.8,-99.8,-99.8,-99.8,-99.8,-99.8
2022-12-02 01:00:00,1022.3,12.2,87.0,13.9,23.0,19.4,21.0,0.0,-99.8,-99.8,-99.8,-99.8,-99.8,-99.8,-99.8
2022-12-02 02:00:00,1022.6,12.0,87.0,13.7,22.0,21.1,34.0,0.0,-99.8,-99.8,-99.8,-99.8,-99.8,-99.8,-99.8
2022-12-02 03:00:00,1022.9,12.0,89.0,13.6,21.0,21.4,17.0,0.5,-99.8,-99.8,-99.8,-99.8,-99.8,-99.8,-99.8
2022-12-02 04:00:00,1022.3,12.1,88.0,12.9,16.0,20.4,13.0,0.0,-99.8,-99.8,-99.8,-99.8,-99.8,-99.8,-99.8
2022-12-02 05:00:00,1022.6,12.1,87.0,12.9,21.0,18.7,14.0,0.0,-99.8,-99.8,-99.8,-99.8,-99.8,-99.8,-99.8
2022-12-02 06:00:00,1023.0,12.6,88.0,13.1,23.0,19.5,25.0,1.0,-99.8,-99.8,-99.8,-99.8,-99.8,-99.8,-99.8
2022-12-02 07:00:00,1023.9,12.3,91.0,13.4,15.0,19.9,25.0,0.0,-99.8,-99.8,-99.8,-99.8,-99.8,-99.8,-99.8
2022-12-02 08:00:00,1024.0,12.2,93.0,12.5,22.0,18.9,32.0,4.0,-99.8,-99.8,-99.8,-99.8,-99.8,-99.8,-99.8
2022-12-02 09:00:00,1024.5,12.6,86.0,11.4,23.0,18.3,24.0,1.0,-99.8,-99.8,-99.8,-99.8,-99.8,-99.8,-99.8
2022-12-02 10:00:00,1024.5,12.7,88.0,11.9,22.0,18.7,35.0,0.5,-99.8,-99.8,-99.8,-99.8,-99.8,-99.8,-99.8
2022-12-02 11:00:00,1023.6,13.4,88.0,11.5,24.0,19.4,28.0,0.0,-99.8,-99.8,-99.8,-99.8,-99.8,-99.8,-99.8
2022-12-02 12:00:00,1022.6,12.7,86.0,12.7,19.0,18.2,19.0,0.0,-99.8,-99.8,-99.8,-99.8,-99.8,-99.8,-99.8
2022-12-02 13:00:00,1020.9,12.1,88.0,11.8,23.0,18.6,25.0,0.0,-99.8,-99.8,-99.8,-99.8,-99.8,-99.8,-99.8
2022-12-02 14:00:00,1020.4,12.7,88.0,11.9,24.0,18.4,30.0,0.5,-99.8,-99.8,-99.8,-99.8,-99.8,-99.8,-99.8
2022-12-02 15:00:00,1019.7,12.6,89.0,11.6,20.0,16.5,24.0,0.0,-99.8,-99.8,-99.8,-99.8,-99.8,-99.8,-99.8
2022-12-02 16:00:00,1019.9,12.9,91.0,11.9,14.0,16.7,13.0,0.0,-99.8,-99.8,-99.8,-99.8,-99.8,-99.8,-99.8
2022-12-02 17:00:00,1020.0,13.0,92.0,11.4,19.0,16.3,22.0,0.0,-99.8,-99.8,-99.8,-99.8,-99.8,-99.8,-99.8
2022-12-02 18:00:00,1020.1,13.6,90.0,11.1,19.0,16.1,33.0,0.0,-99.8,-99.8,-99.8,-99.8,-99.8,-99.8,-99.8
2022-12-02 19:00:00,1020.2,13.9,89.0,10.9,23.0,16.0,18.0,0.0,-99.8,-99.8,-99.8,-99.8,-99.8,-99.8,-99.8
2022-12-02 20:00:00,1020.2,13.9,91.0,11.8,20.0,16.5,33.0,0.0,-99.8,-99.8,-99.8,-99.8,-99.8,-99.8,-99.8
2022-12-02 21:00:00,1020.6,14.2,90.0,10.8,17.0,16.4,18.0,0.0,-99.8,-99.8,-99.8,-99.8,-99.8,-99.8,-99.8
2022-12-02 22:00:00,1020.0,14.1,92.0,11.2,22.0,16.6,14.0,0.0,-99.8,-99.8,-99.8,-99.8,-99.8,-99.8,-99.8
2022-12-02 23:00:00,1019.7,14.4,90.0,11.1,13.0,15.5,25.0,0.0,-99.8,-99.8,-99.8,-99.8,-99.8,-99.8,-99.8
2022-12-03 00:00:00,1019.3,14.5,89.0,10.2,10.0,14.7,29.0,0.0,-99.8,-99.8,-99.8,-99.8,-99.8,-99.8,-99.8
2022-12-03 01:00:00,1018.4,14.7,88.0,9.6,21.0,15.0,5.0,0.0,-99.8,-99.8,-99.8,-99.8,-99.8,-99.8,-99.8
2022-12-03 02:00:00,1018.7,15.2,86.0,10.2,2.0,13.7,14.0,0.0,-99.8,-99.8,-99.8,-99.8,-99.8,-99.8,-99.8
2022-12-03 03:00:00,1017.8,15.4,87.0,9.2,13.0,12.9,8.0,0.0,-99.8,-99.8,-99.8,-99.8,-99.8,-99.8,-99.8
2022-12-03 04:00:00,1017.9,15.6,87.0,9.7,14.0,13.3,17.0,0.0,-99.8,-99.8,-99.8,-99.8,-99.8,-99.8,-99.8
2022-12-03 05:00:00,1017.9,15.7,86.0,9.7,10.0,13.2,21.0,0.0,-99.8,-99.8,-99.8,-99.8,-99.8,-99.8,-99.8
2022-12-03 06:00:00,1018.2,16.0,89.0,9.8,12.0,13.1,9.0,0.0,-99.8,-99.8,-99.8,-99.8,-99.8,-99.8,-99.8
2022-12-03 07:00:00,1018.8,16.2,88.0,9.7,10.0,13.0,5.0,0.0,-99.8,-99.8,-99.8,-99.8,-99.8,-99.8,-99.8
2022-12-03 08:00:00,1019.4,16.5,88.0,8.1,17.0,12.0,7.0,0.0,-99.8,-99.8,-99.8,-99.8,-99.8,-99.8,-99.8
2022-12-03 09:00:00,1019.3,16.5,88.0,8.5,17.0,11.9,12.0,0.0,-99.8,-99.8,-99.8,-99.8,-99.8,-99.8,-99.8
2022-12-03 10:00:00,1019.3,16.8,87.0,7.4,23.0,12.6,27.0,0.0,-99.8,-99.8,-99.8,-99.8,-99.8,-99.8,-99.8
2022-12-03 11:00:00,1018.6,16.9,88.0,7.5,19.0,11.0,36.0,0.0,-99.8,-99.8,-99.8,-99.8,-99.8,-99.8,-99.8
2022-12-03 12:00:00,1017.7,16.8,86.0,7.9,21.0,11.9,23.0,0.0,-99.8,-99.8,-99.8,-99.8,-99.8,-99.8,-99.8
2022-12-03 13:00:00,1016.5,16.8,85.0,7.8,26.0,11.5,23.0,0.0,-99.8,-99.8,-99.8,-99.8,-99.8,-99.8,-99.8
2022-12-03 14:00:00,1015.7,17.0,87.0,7.7,25.0,11.3,25.0,0.0,-99.8,-99.8,-99.8,-99.8,-99.8,-99.8,-99.8
2022-12-03 15:00:00,1015.8,17.1,85.0,7.8,26.0,12.1,17.0,0.0,-99.8,-99.8,-99.8,-99.8,-99.8,-99.8,-99.8
2022-12-03 16:00:00,1016.1,17.1,87.0,7.8,24.0,11.6,32.0,0.0,-99.8,-99.8,-99.8,-99.8,-99.8,-99.8,-99.8
2022-12-03 17:00:00,1016.8,17.4,88.0,7.8,24.0,11.9,18.0,0.0,-99.8,-99.8,-99.8,-99.8,-99.8,-99.8,-99.8
2022-12-03 18:00:00,1017.1,17.4,89.0,7.9,22.0,11.6,21.0,0.0,-99.8,-99.8,-99.8,-99.8,-99.8,-99.8,-99.8
2022-12-03 19:00:00,1017.7,17.4,90.0,8.2,26.0,12.3,31.0,0.0,-99.8,-99.8,-99.8,-99.8,-99.8,-99.8,-99.8
2022-12-03 20:00:00,1017.9,17.5,89.0,8.0,23.0,12.1,16.0,0.0,-99.8,-99.8,-99.8,-99.8,-99.8,-99.8,-99.8
2022-12-03 21:00:00,1018.0,17.5,90.0,7.0,23.0,11.0,32.0,0.0,-99.8,-99.8,-99.8,-99.8,-99.8,-99.8,-99.8
2022-12-03 22:00:00,1017.9,17.6,91.0,6.9,21.0,10.1,22.0,0.0,-99.8,-99.8,-99.8,-99.8,-99.8,-99.8,-99.8
2022-12-03 23:00:00,1017.8,17.4,92.0,7.5,20.0,10.3,24.0,0.0,-99.8,-99.8,-99.8,-99.8,-99.8,-99.8,-99.8
2022-12-04 00:00:00,1017.5,17.0,95.0,7.9,13.0,11.9,21.0,0.0,-99.8,-99.8,-99.8,-99.8,-99.8,-99.8,-99.8
2022-12-04 01:00:00,1017.1,17.0,94.0,8.4,21.0,11.7,28.0,0.0,-99.8,-99.8,-99.8,-99.8,-99.8,-99.8,-99.8
2022-12-04 02:00:00,1017.0,17.4,91.0,8.0,19.0,11.9,24.0,0.0,-99.8,-99.8,-99.8,-99.8,-99.8,-99.8,-99.8
2022-12-04 03:00:00,1016.7,17.4,92.0,7.8,23.0,11.4,18.0,0.0,-99.8,-99.8,-99.8,-99.8,-99.8,-99.8,-99.8
2022-12-04 04:00:00,1016.8,17.2,91.0,8.1,28.0,12.2,23.0,0.0,-99.8,-99.8,-99.8,-99.8,-99.8,-99.8,-99.8
2022-12-04 05:00:00,1017.3,17.2,90.0,9.2,29.0,13.5,22.0,0.0,-99.8,-99.8,-99.8,-99.8,-99.8,-99.8,-99.8
2022-12-04 06:00:00,1018.2,17.6,88.0,10.0,29.0,14.6,36.0,0.0,-99.8,-99.8,-99.8,-99.8,-99.8,-99.8,-99.8
2022-12-04 07:00:00,1019.5,17.4,88.0,9.0,32.0,15.4,22.0,0.0,-99.8,-99.8,-99.8,-99.8,-99.8,-99.8,-99.8
2022-12-04 08:00:00,1020.1,17.2,86.0,9.5,32.0,16.2,35.0,0.0,-99.8,-99.8,-99.8,-99.8,-99.8,-99.8,-99.8
2022-12-04 09:00:00,1020.8,17.0,85.0,10.5,31.0,18.0,34.0,0.0,-99.8,-99.8,-99.8,-99.8,-99.8,-99.8,-99.8
2022-12-04 10:00:00,1020.8,17.0,82.0,11.4,29.0,17.4,36.0,0.0,-99.8,-99.8,-99.8,-99.8,-99.8,-99.8,-99.8
2022-12-04 11:00:00,1020.5,16.7,83.0,11.6,27.0,17.6,22.0,0.0,-99.8,-99.8,-99.8,-99.8,-99.8,-99.8,-99.8
2022-12-04 12:00:00,1020.1,16.5,83.0,10.5,29.0,16.8,20.0,0.0,-99.8,-99.8,-99.8,-99.8,-99.8,-99.8,-99.8
2022-12-04 13:00:00,1019.1,16.4,84.0,11.0,26.0,16.7,33.0,0.0,-99.8,-99.8,-99.8,-99.8,-99.8,-99.8,-99.8
2022-12-04 14:00:00,1018.7,16.2,84.0,10.9,27.0,17.4,25.0,0.0,-99.8,-99.8,-99.8,-99.8,-99.8,-99.8,-99.8
2022-12-04 15:00:00,1018.8,16.2,85.0,11.3,26.0,16.8,31.0,0.0,-99.8,-99.8,-99.8,-99.8,-99.8,-99.8,-99.8
2022-12-04 16:00:00,1019.3,16.2,87.0,10.3,29.0,17.2,32.0,0.0,-99.8,-99.8,-99.8,-99.8,-99.8,-99.8,-99.8
2022-12-04 17:00:00,1020.0,15.8,89.0,10.5,26.0,15.6,33.0,0.0,-99.8,-99.8,-99.8,-99.8,-99.8,-99.8,-99.8
2022-12-04 18:00:00,1020.6,15.8,87.0,11.8,28.0,17.2,29.0,0.0,-99.8,-99.8,-99.8,-99.8,-99.8,-99.8,-99.8
2022-12-04 19:00:00,1021.0,15.6,90.0,11.6,24.0,17.7,22.0,0.0,-99.8,-99.8,-99.8,-99.8,-99.8,-99.8,-99.8
2022-12-04 20:00:00,1021.5,15.4,91.0,12.3,26.0,18.6,21.0,0.0,-99.8,-99.8,-99.8,-99.8,-99.8,-99.8,-99.8
2022-12-04 21:00:00,1021.4,15.3,91.0,11.7,28.0,18.2,31.0,0.0,-99.8,-99.8,-99.8,-99.8,-99.8,-99.8,-99.8
2022-12-04 22:00:00,1021.4,15.1,92.0,12.0,26.0,18.1,26.0,0.0,-99.8,-99.8,-99.8,-99.8,-99.8,-99.8,-99.8
2022-12-04 23:00:00,1021.3,15.2,88.0,12.0,27.0,17.7,28.0,0.0,-99.8,-99.8,-99.8,-99.8,-99.8,-99.8,-99.8
2022-12-05 00:00:00,1020.5,15.0,88.0,11.6,25.0,18.5,27.0,0.0,-99.8,-99.8,-99.8,-99.8,-99.8,-99.8,-99.8
2022-12-05 01:00:00,1020.3,15.3,84.0,12.0,25.0,18.3,29.0,0.0,-99.8,-99.8,-99.8,-99.8,-99.8,-99.8,-99.8
2022-12-05 02:00:00,1020.0,14.7,87.0,11.5,21.0,17.1,29.0,0.0,-99.8,-99.8,-99.8,-99.8,-99.8,-99.8,-99.8
2022-12-05 03:00:00,1019.9,14.4,90.0,11.5,19.0,19.0,22.0,0.0,-99.8,-99.8,-99.8,-99.8,-99.8,-99.8,-99.8
2022-12-05 04:00:00,1020.1,14.7,84.0,12.0,22.0,17.5,10.0,0.0,-99.8,-99.8,-99.8,-99.8,-99.8,-99.8,-99.8
2022-12-05 05:00:00,1020.6,14.7,82.0,12.0,21.0,18.0,10.0,0.0,-99.8,-99.8,-99.8,-99.8,-99.8,-99.8,-99.8
2022-12-05 06:00:00,1021.1,14.5,81.0,11.9,23.0,17.3,20.0,0.0,-99.8,-99.8,-99.8,-99.8,-99.8,-99.8,-99.8
2022-12-05 07:00:00,1022.0,14.3,84.0,11.9,21.0,18.5,15.0,0.0,-99.8,-99.8,-99.8,-99.8,-99.8,-99.8,-99.8
2022-12-05 08:00:00,1023.0,13.9,88.0,11.5,15.0,18.2,3.0,0.0,-99.8,-99.8,-99.8,-99.8,-99.8,-99.8,-99.8
2022-12-05 09:00:00,1023.9,13.5,89.0,12.6,16.0,18.0,23.0,0.0,-99.8,-99.8,-99.8,-99.8,-99.8,-99.8,-99.8
2022-12-05 10:00:00,1023.7,13.9,82.0,12.1,21.0,18.0,22.0,0.0,-99.8,-99.8,-99.8,-99.8,-99.8,-99.8,-99.8
2022-12-05 11:00:00,1023.3,14.0,80.0,9.6,28.0,17.0,28.0,0.0,-99.8,-99.8,-99.8,-99.8,-99.8,-99.8,-99.8
2022-12-05 12:00:00,1021.9,14.3,76.0,9.1,31.0,14.9,24.0,0.0,-99.8,-99.8,-99.8,-99.8,-99.8,-99.8,-99.8
2022-12-05 13:00:00,1020.8,14.3,81.0,10.1,27.0,14.7,31.0,0.0,-99.8,-99.8,-99.8,-99.8,-99.8,-99.8,-99.8
2022-12-05 14:00:00,1020.4,13.6,82.0,11.6,25.0,17.0,26.0,0.0,-99.8,-99.8,-99.8,-99.8,-99.8,-99.8,-99.8
2022-12-05 15:00:00,1020.5,13.6,76.0,10.9,28.0,17.8,22.0,0.0,-99.8,-99.8,-99.8,-99.8,-99.8,-99.8,-99.8
2022-12-05 16:00:00,1021.0,13.8,75.0,10.0,33.0,17.6,19.0,0.0,-99.8,-99.8,-99.8,-99.8,-99.8,-99.8,-99.8
2022-12-05 17:00:00,1021.1,14.0,72.0,10.8,34.0,17.7,29.0,0.0,-99.8,-99.8,-99.8,-99.8,-99.8,-99.8,-99.8
2022-12-05 18:00:00,1021.6,14.4,74.0,11.1,29.0,18.5,31.0,0.0,-99.8,-99.8,-99.8,-99.8,-99.8,-99.8,-99.8
2022-12-05 19:00:00,1022.0,14.2,74.0,11.4,30.0,18.2,34.0,0.0,-99.8,-99.8,-99.8,-99.8,-99.8,-99.8,-99.8
2022-12-05 20:00:00,1022.8,14.1,73.0,11.7,31.0,18.4,29.0,0.0,-99.8,-99.8,-99.8,-99.8,-99.8,-99.8,-99.8
2022-12-05 21:00:00,1023.3,14.0,74.0,11.0,30.0,19.1,36.0,0.0,-99.8,-99.8,-99.8,-99.8,-99.8,-99.8,-99.8
2022-12-05 22:00:00,1023.2,14.0,76.0,11.5,28.0,18.2,26.0,0.0,-99.8,-99.8,-99.8,-99.8,-99.8,-99.8,-99.8
2022-12-05 23:00:00,1023.0,13.5,73.0,12.1,27.0,18.8,23.0,0.0,-99.8,-99.8,-99.8,-99.8,-99.8,-99.8,-99.8
2022-12-06 00:00:00,1023.1,13.5,75.0,11.7,26.0,18.8,23.0,0.0,-99.8,-99.8,-99.8,-99.8,-99.8,-99.8,-99.8
2022-12-06 01:00:00,1022.6,13.3,75.0,12.3,23.0,18.1,25.0,0.0,-99.8,-99.8,-99.8,-99.8,-99.8,-99.8,-99.8
2022-12-06 02:00:00,1022.2,13.1,73.0,12.2,23.0,17.9,19.0,0.0,-99.8,-99.8,-99.8,-99.8,-99.8,-99.8,-99.8
2022-12-06 03:00:00,1021.8,12.9,74.0,11.6,20.0,18.9,17.0,0.0,-99.8,-99.8,-99.8,-99.8,-99.8,-99.8,-99.8
2022-12-06 04:00:00,1021.7,13.0,74.0,11.5,22.0,16.9,8.0,0.0,-99.8,-99.8,-99.8,-99.8,-99.8,-99.8,-99.8
2022-12-06 05:00:00,1021.6,13.1,75.0,11.8,23.0,17.2,23.0,0.0,-99.8,-99.8,-99.8,-99.8,-99.8,-99.8,-99.8
2022-12-06 06:00:00,1022.2,13.3,75.0,11.5,23.0,16.8,24.0,0.0,-99.8,-99.8,-99.8,-99.8,-99.8,-99.8,-99.8
2022-12-06 07:00:00,1022.2,13.7,77.0,12.1,25.0,17.2,17.0,0.0,-99.8,-99.8,-99.8,-99.8,-99.8,-99.8,-99.8
2022-12-06 08:00:00,1023.2,13.8,80.0,11.7,22.0,16.8,21.0,0.0,-99.8,-99.8,-99.8,-99.8,-99.8,-99.8,-99.8
2022-12-06 09:00:00,1023.4,13.8,78.0,12.0,26.0,19.0,17.0,0.0,-99.8,-99.8,-99.8,-99.8,-99.8,-99.8,-99.8
2022-12-06 10:00:00,1023.1,14.1,81.0,11.5,23.0,18.6,21.0,0.0,-99.8,-99.8,-99.8,-99.8,-99.8,-99.8,-99.8
2022-12-06 11:00:00,1022.0,14.1,79.0,11.3,23.0,17.3,21.0,0.0,-99.8,-99.8,-99.8,-99.8,-99.8,-99.8,-99.8
2022-12-06 12:00:00,1020.9,13.9,80.0,11.7,21.0,17.1,23.0,0.0,-99.8,-99.8,-99.8,-99.8,-99.8,-99.8,-99.8
2022-12-06 13:00:00,1020.0,14.0,79.0,12.2,21.0,17.9,6.0,0.0,-99.8,-99.8,-99.8,-99.8,-99.8,-99.8,-99.8
2022-12-06 14:00:00,1019.2,13.8,78.0,12.9,21.0,18.3,24.0,0.0,-99.8,-99.8,-99.8,-99.8,-99.8,-99.8,-99.8
2022-12-06 15:00:00,1019.2,14.0,79.0,12.4,19.0,17.8,31.0,0.0,-99.8,-99.8,-99.8,-99.8,-99.8,-99.8,-99.8
2022-12-06 16:00:00,1019.2,14.1,79.0,12.2,22.0,18.2,32.0,0.0,-99.8,-99.8,-99.8,-99.8,-99.8,-99.8,-99.8
2022-12-06 17:00:00,1019.5,14.3,81.0,13.1,24.0,18.0,34.0,0.0,-99.8,-99.8,-99.8,-99.8,-99.8,-99.8,-99.8
2022-12-06 18:00:00,1020.2,14.5,85.0,12.4,23.0,18.6,16.0,0.0,-99.8,-99.8,-99.8,-99.8,-99.8,-99.8,-99.8
2022-12-06 19:00:00,1020.3,14.6,88.0,12.9,20.0,17.9,21.0,0.0,-99.8,-99.8,-99.8,-99.8,-99.8,-99.8,-99.8
2022-12-06 20:00:00,1020.7,14.6,89.0,12.7,20.0,19.5,25.0,0.0,-99.8,-99.8,-99.8,-99.8,-99.8,-99.8,-99.8
2022-12-06 21:00:00,1020.7,14.5,92.0,12.4,21.0,18.4,33.0,0.0,-99.8,-99.8,-99.8,-99.8,-99.8,-99.8,-99.8
2022-12-06 22:00:00,1020.7,14.4,93.0,12.3,21.0,17.9,24.0,0.0,-99.8,-99.8,-99.8,-99.8,-99.8,-99.8,-99.8
2022-12-06 23:00:00,1020.7,14.6,89.0,12.9,19.0,18.5,19.0,0.0,-99.8,-99.8,-99.8,-99.8,-99.8,-99.8,-99.8
2022-12-07 00:00:00,1020.7,14.6,87.0,12.6,12.0,18.4,18.0,0.0,-99.8,-99.8,-99.8,-99.8,-99.8,-99.8,-99.8
2022-12-07 01:00:00,1020.6,14.3,87.0,11.6,12.0,18.2,11.0,0.0,-99.8,-99.8,-99.8,-99.8,-99.8,-99.8,-99.8
2022-12-07 02:00:00,1020.3,14.6,81.0,11.0,19.0,16.5,9.0,0.0,-99.8,-99.8,-99.8,-99.8,-99.8,-99.8,-99.8
2022-12-07 03:00:00,1019.8,14.9,78.0,10.5,18.0,16.6,12.0,0.0,-99.8,-99.8,-99.8,-99.8,-99.8,-99.8,-99.8
2022-12-07 04:00:00,1019.7,14.9,76.0,10.6,23.0,15.5,21.0,0.0,-99.8,-99.8,-99.8,-99.8,-99.8,-99.8,-99.8
2022-12-07 05:00:00,1019.4,14.8,78.0,10.0,26.0,15.1,33.0,0.0,-99.8,-99.8,-99.8,-99.8,-99.8,-99.8,-99.8
2022-12-07 06:00:00,1020.0,15.1,79.0,10.5,25.0,15.0,24.0,0.0,-99.8,-99.8,-99.8,-99.8,-99.8,-99.8,-99.8
2022-12-07 07:00:00,1020.8,14.9,86.0,10.4,17.0,15.0,34.0,0.0,-99.8,-99.8,-99.8,-99.8,-99.8,-99.8,-99.8
2022-12-07 08:00:00,1021.3,14.8,84.0,11.4,23.0,16.0,17.0,0.0,-99.8,-99.8,-99.8,-99.8,-99.8,-99.8,-99.8
2022-12-07 09:00:00,1022.1,15.4,81.0,10.7,14.0,16.1,22.0,0.0,-99.8,-99.8,-99.8,-99.8,-99.8,-99.8,-99.8
2022-12-07 10:00:00,1022.0,15.2,78.0,11.5,13.0,15.7,13.0,0.0,-99.8,-99.8,-99.8,-99.8,-99.8,-99.8,-99.8
2022-12-07 11:00:00,1021.6,15.4,78.0,10.2,16.0,14.9,9.0,0.0,-99.8,-99.8,-99.8,-99.8,-99.8,-99.8,-99.8
2022-12-07 12:00:00,1020.7,15.5,81.0,10.6,17.0,15.5,14.0,0.0,-99.8,-99.8,-99.8,-99.8,-99.8,-99.8,-99.8
2022-12-07 13:00:00,1020.0,15.2,79.0,11.3,16.0,15.9,8.0,0.0,-99.8,-99.8,-99.8,-99.8,-99.8,-99.8,-99.8
2022-12-07 14:00:00,1019.5,15.2,79.0,10.6,20.0,15.4,8.0,0.0,-99.8,-99.8,-99.8,-99.8,-99.8,-99.8,-99.8
2022-12-07 15:00:00,1019.4,15.3,78.0,10.7,24.0,16.1,25.0,0.0,-99.8,-99.8,-99.8,-99.8,-99.8,-99.8,-99.8
2022-12-07 16:00:00,1019.5,15.5,79.0,11.3,22.0,16.2,25.0,0.0,-99.8,-99.8,-99.8,-99.8,-99.8,-99.8,-99.8
2022-12-07 17:00:00,1020.1,15.7,79.0,11.1,24.0,16.7,21.0,0.0,-99.8,-99.8,-99.8,-99.8,-99.8,-99.8,-99.8
2022-12-07 18:00:00,1020.3,15.9,79.0,11.5,23.0,16.9,33.0,0.0,-99.8,-99.8,-99.8,-99.8,-99.8,-99.8,-99.8
2022-12-07 19:00:00,1020.7,15.8,79.0,11.4,23.0,16.6,31.0,0.0,-99.8,-99.8,-99.8,-99.8,-99.8,-99.8,-99.8
2022-12-07 20:00:00,1020.7,16.0,80.0,11.4,23.0,16.1,18.0,0.0,-99.8,-99.8,-99.8,-99.8,-99.8,-99.8,-99.8
2022-12-07 21:00:00,1020.8,16.2,81.0,10.9,24.0,16.3,30.0,0.0,-99.8,-99.8,-99.8,-99.8,-99.8,-99.8,-99.8
2022-12-07 22:00:00,1020.7,15.9,81.0,11.3,19.0,16.5,27.0,0.0,-99.8,-99.8,-99.8,-99.8,-99.8,-99.8,-99.8
2022-12-07 23:00:00,1020.6,15.8,81.0,11.1,22.0,16.5,21.0,0.0,-99.8,-99.8,-99.8,-99.8,-99.8,-99.8,-99.8
2022-12-08 00:00:00,1020.2,15.8,80.0,10.5,23.0,17.8,30.0,0.0,-99.8,-99.8,-99.8,-99.8,-99.8,-99.8,-99.8
2022-12-08 01:00:00,1020.1,15.8,80.0,10.1,23.0,15.0,32.0,0.0,-99.8,-99.8,-99.8,-99.8,-99.8,-99.8,-99.8
2022-12-08 02:00:00,1019.7,15.8,80.0,9.8,24.0,15.0,23.0,0.0,-99.8,-99.8,-99.8,-99.8,-99.8,-99.8,-99.8
2022-12-08 03:00:00,1019.1,15.5,77.0,10.4,22.0,14.8,17.0,0.0,-99.8,-99.8,-99.8,-99.8,-99.8,-99.8,-99.8
2022-12-08 04:00:00,1018.8,15.5,78.0,9.4,23.0,14.8,32.0,0.0,-99.8,-99.8,-99.8,-99.8,-99.8,-99.8,-99.8
2022-12-08 05:00:00,1018.7,15.7,77.0,9.7,24.0,14.8,13.0,0.0,-99.8,-99.8,-99.8,-99.8,-99.8,-99.8,-99.8
2022-12-08 06:00:00,1019.3,15.7,76.0,8.8,22.0,14.0,21.0,0.0,-99.8,-99.8,-99.8,-99.8,-99.8,-99.8,-99.8
2022-12-08 07:00:00,1019.7,16.0,77.0,8.9,18.0,13.5,18.0,0.0,-99.8,-99.8,-99.8,-99.8,-99.8,-99.8,-99.8
2022-12-08 08:00:00,1020.2,16.3,76.0,9.0,14.0,12.8,14.0,0.0,-99.8,-99.8,-99.8,-99.8,-99.8,-99.8,-99.8
2022-12-08 09:00:00,1020.8,16.5,76.0,8.6,14.0,12.0,10.0,0.0,-99.8,-99.8,-99.8,-99.8,-99.8,-99.8,-99.8
2022-12-08 10:00:00,1020.3,16.6,74.0,8.2,16.0,12.2,23.0,0.0,-99.8,-99.8,-99.8,-99.8,-99.8,-99.8,-99.8
2022-12-08 11:00:00,1019.8,17.0,76.0,7.4,20.0,11.1,13.0,0.0,-99.8,-99.8,-99.8,-99.8,-99.8,-99.8,-99.8
2022-12-08 12:00:00,1019.1,17.0,73.0,8.5,25.0,12.8,31.0,0.0,-99.8,-99.8,-99.8,-99.8,-99.8,-99.8,-99.8
2022-12-08 13:00:00,1018.1,17.4,75.0,8.5,25.0,12.1,36.0,0.0,-99.8,-99.8,-99.8,-99.8,-99.8,-99.8,-99.8
2022-12-08 14:00:00,1017.3,17.3,77.0,8.4,23.0,12.6,32.0,0.0,-99.8,-99.8,-99.8,-99.8,-99.8,-99.8,-99.8
2022-12-08 15:00:00,1017.1,17.3,79.0,8.8,25.0,12.0,29.0,0.0,-99.8,-99.8,-99.8,-99.8,-99.8,-99.8,-99.8
2022-12-08 16:00:00,1017.0,17.2,79.0,8.1,27.0,12.8,25.0,0.0,-99.8,-99.8,-99.8,-99.8,-99.8,-99.8,-99.8
2022-12-08 17:00:00,1017.4,17.1,80.0,8.2,27.0,11.8,26.0,0.0,-99.8,-99.8,-99.8,-99.8,-99.8,-99.8,-99.8
2022-12-08 18:00:00,1017.7,17.0,79.0,7.3,30.0,12.7,31.0,0.0,-99.8,-99.8,-99.8,-99.8,-99.8,-99.8,-99.8
2022-12-08 19:00:00,1017.8,17.1,81.0,7.6,29.0,12.5,22.0,0.0,-99.8,-99.8,-99.8,-99.8,-99.8,-99.8,-99.8
2022-12-08 20:00:00,1017.8,17.2,82.0,8.4,26.0,12.7,21.0,0.0,-99.8,-99.8,-99.8,-99.8,-99.8,-99.8,-99.8
2022-12-08 21:00:00,1018.0,17.3,82.0,8.5,27.0,12.7,29.0,0.0,-99.8,-99.8,-99.8,-99.8,-99.8,-99.8,-99.8
2022-12-08 22:00:00,1017.6,17.3,82.0,8.6,21.0,12.1,26.0,0.0,-99.8,-99.8,-99.8,-99.8,-99.8,-99.8,-99.8
2022-12-08 23:00:00,1017.7,17.3,83.0,8.1,20.0,12.6,15.0,0.0,-99.8,-99.8,-99.8,-99.8,-99.8,-99.8,-99.8
2022-12-09 00:00:00,1017.1,17.1,85.0,9.4,13.0,12.8,23.0,0.0,-99.8,-99.8,-99.8,-99.8,-99.8,-99.8,-99.8
2022-12-09 01:00:00,1017.1,17.2,83.0,7.4,12.0,12.8,20.0,0.0,-99.8,-99.8,-99.8,-99.8,-99.8,-99.8,-99.8
2022-12-09 02:00:00,1016.6,17.3,83.0,7.0,12.0,9.9,18.0,0.0,-99.8,-99.8,-99.8,-99.8,-99.8,-99.8,-99.8
2022-12-09 03:00:00,1016.2,17.4,83.0,5.9,357.0,8.8,10.0,0.0,-99.8,-99.8,-99.8,-99.8,-99.8,-99.8,-99.8
2022-12-09 04:00:00,1015.9,17.3,82.0,6.7,6.0,8.8,8.0,0.0,-99.8,-99.8,-99.8,-99.8,-99.8,-99.8,-99.8
2022-12-09 05:00:00,1015.4,17.2,83.0,5.2,21.0,8.4,8.0,0.0,-99.8,-99.8,-99.8,-99.8,-99.8,-99.8,-99.8
2022-12-09 06:00:00,1015.3,17.3,79.0,5.9,31.0,12.2,37.0,0.0,-99.8,-99.8,-99.8,-99.8,-99.8,-99.8,-99.8
2022-12-09 07:00:00,1016.1,17.2,84.0,8.8,26.0,14.2,25.0,0.0,-99.8,-99.8,-99.8,-99.8,-99.8,-99.8,-99.8
2022-12-09 08:00:00,1016.5,17.0,85.0,9.7,16.0,14.3,15.0,0.0,-99.8,-99.8,-99.8,-99.8,-99.8,-99.8,-99.8
2022-12-09 09:00:00,1016.9,17.1,85.0,9.3,18.0,13.3,19.0,0.0,-99.8,-99.8,-99.8,-99.8,-99.8,-99.8,-99.8
2022-12-09 10:00:00,1016.8,17.3,84.0,8.8,16.0,12.8,14.0,0.0,-99.8,-99.8,-99.8,-99.8,-99.8,-99.8,-99.8
2022-12-09 11:00:00,1016.5,17.5,81.0,7.1,9.0,12.3,18.0,0.0,-99.8,-99.8,-99.8,-99.8,-99.8,-99.8,-99.8
2022-12-09 12:00:00,1015.5,17.8,81.0,6.6,16.0,9.9,17.0,0.0,-99.8,-99.8,-99.8,-99.8,-99.8,-99.8,-99.8
2022-12-09 13:00:00,1014.5,17.6,83.0,7.1,22.0,10.7,20.0,0.0,-99.8,-99.8,-99.8,-99.8,-99.8,-99.8,-99.8
2022-12-09 14:00:00,1014.2,17.6,83.0,7.8,30.0,12.7,22.0,0.0,-99.8,-99.8,-99.8,-99.8,-99.8,-99.8,-99.8
2022-12-09 15:00:00,1013.8,17.3,83.0,9.8,28.0,15.4,27.0,0.0,-99.8,-99.8,-99.8,-99.8,-99.8,-99.8,-99.8
2022-12-09 16:00:00,1013.8,17.2,84.0,10.0,27.0,16.0,34.0,0.0,-99.8,-99.8,-99.8,-99.8,-99.8,-99.8,-99.8
2022-12-09 17:00:00,1014.0,17.0,83.0,9.8,28.0,15.0,28.0,0.0,-99.8,-99.8,-99.8,-99.8,-99.8,-99.8,-99.8
2022-12-09 18:00:00,1014.3,16.7,85.0,8.4,33.0,16.1,29.0,0.0,-99.8,-99.8,-99.8,-99.8,-99.8,-99.8,-99.8
2022-12-09 19:00:00,1014.6,16.9,84.0,8.5,33.0,14.5,28.0,0.0,-99.8,-99.8,-99.8,-99.8,-99.8,-99.8,-99.8
2022-12-09 20:00:00,1014.8,17.0,84.0,10.0,29.0,15.0,32.0,0.0,-99.8,-99.8,-99.8,-99.8,-99.8,-99.8,-99.8
2022-12-09 21:00:00,1015.0,16.9,83.0,10.2,27.0,15.1,33.0,0.0,-99.8,-99.8,-99.8,-99.8,-99.8,-99.8,-99.8
2022-12-09 22:00:00,1015.2,17.0,83.0,10.1,24.0,15.5,23.0,0.0,-99.8,-99.8,-99.8,-99.8,-99.8,-99.8,-99.8
2022-12-09 23:00:00,1014.9,17.0,83.0,9.9,24.0,15.2,21.0,0.0,-99.8,-99.8,-99.8,-99.8,-99.8,-99.8,-99.8
2022-12-10 00:00:00,1015.0,16.9,83.0,9.6,23.0,14.7,16.0,0.0,-99.8,-99.8,-99.8,-99.8,-99.8,-99.8,-99.8
2022-12-10 01:00:00,1014.6,16.9,80.0,11.4,21.0,16.6,19.0,0.0,-99.8,-99.8,-99.8,-99.8,-99.8,-99.8,-99.8
2022-12-10 02:00:00,1014.3,17.0,79.0,11.6,20.0,16.7,19.0,0.0,-99.8,-99.8,-99.8,-99.8,-99.8,-99.8,-99.8
2022-12-10 03:00:00,1013.9,16.9,78.0,11.5,19.0,17.3,26.0,0.0,-99.8,-99.8,-99.8,-99.8,-99.8,-99.8,-99.8
2022-12-10 04:00:00,1014.2,16.8,77.0,11.5,18.0,17.7,20.0,0.0,-99.8,-99.8,-99.8,-99.8,-99.8,-99.8,-99.8
2022-12-10 05:00:00,1014.5,17.0,75.0,10.5,20.0,17.7,12.0,0.0,-99.8,-99.8,-99.8,-99.8,-99.8,-99.8,-99.8
2022-12-10 06:00:00,1015.0,17.2,74.0,10.1,21.0,15.9,17.0,0.0,-99.8,-99.8,-99.8,-99.8,-99.8,-99.8,-99.8
2022-12-10 07:00:00,1015.2,17.2,73.0,10.7,19.0,15.5,12.0,0.0,-99.8,-99.8,-99.8,-99.8,-99.8,-99.8,-99.8
2022-12-10 08:00:00,1015.5,17.2,72.0,9.9,22.0,15.4,17.0,0.0,-99.8,-99.8,-99.8,-99.8,-99.8,-99.8,-99.8
2022-12-10 09:00:00,1015.8,17.3,74.0,9.7,21.0,15.3,20.0,0.0,-99.8,-99.8,-99.8,-99.8,-99.8,-99.8,-99.8
2022-12-10 10:00:00,1015.6,17.4,71.0,10.0,25.0,14.4,26.0,0.0,-99.8,-99.8,-99.8,-99.8,-99.8,-99.8,-99.8
2022-12-10 11:00:00,1015.3,17.5,73.0,9.1,23.0,13.5,19.0,0.0,-99.8,-99.8,-99.8,-99.8,-99.8,-99.8,-99.8
2022-12-10 12:00:00,1014.2,17.6,74.0,8.6,21.0,13.9,31.0,0.0,-99.8,-99.8,-99.8,-99.8,-99.8,-99.8,-99.8
2022-12-10 13:00:00,1013.1,17.9,74.0,8.6,24.0,12.5,21.0,0.0,-99.8,-99.8,-99.8,-99.8,-99.8,-99.8,-99.8
2022-12-10 14:00:00,1012.8,17.3,79.0,8.7,26.0,12.9,34.0,0.0,-99.8,-99.8,-99.8,-99.8,-99.8,-99.8,-99.8
2022-12-10 15:00:00,1012.6,16.9,81.0,9.5,24.0,13.8,20.0,0.0,-99.8,-99.8,-99.8,-99.8,-99.8,-99.8,-99.8
2022-12-10 16:00:00,1013.0,16.7,84.0,10.4,25.0,15.2,21.0,0.0,-99.8,-99.8,-99.8,-99.8,-99.8,-99.8,-99.8
2022-12-10 17:00:00,1013.7,17.1,82.0,10.0,29.0,15.7,29.0,0.0,-99.8,-99.8,-99.8,-99.8,-99.8,-99.8,-99.8
2022-12-10 18:00:00,1014.1,17.4,77.0,10.1,34.0,17.6,36.0,0.0,-99.8,-99.8,-99.8,-99.8,-99.8,-99.8,-99.8
2022-12-10 19:00:00,1014.8,17.7,80.0,8.7,32.0,17.2,41.0,0.0,-99.8,-99.8,-99.8,-99.8,-99.8,-99.8,-99.8
2022-12-10 20:00:00,1015.0,17.4,79.0,10.5,28.0,16.1,24.0,0.0,-99.8,-99.8,-99.8,-99.8,-99.8,-99.8,-99.8
2022-12-10 21:00:00,1015.6,17.5,75.0,11.4,28.0,17.8,38.0,0.0,-99.8,-99.8,-99.8,-99.8,-99.8,-99.8,-99.8
2022-12-10 22:00:00,1015.8,17.4,72.0,10.9,28.0,18.4,30.0,0.0,-99.8,-99.8,-99.8,-99.8,-99.8,-99.8,-99.8
2022-12-10 23:00:00,1015.8,17.2,74.0,11.8,24.0,18.3,33.0,0.0,-99.8,-99.8,-99.8,-99.8,-99.8,-99.8,-99.8
2022-12-11 00:00:00,1016.1,16.8,74.0,11.7,26.0,18.0,16.0,0.0,-99.8,-99.8,-99.8,-99.8,-99.8,-99.8,-99.8
2022-12-11 01:00:00,1016.5,16.4,77.0,10.5,28.0,17.8,28.0,0.0,-99.8,-99.8,-99.8,-99.8,-99.8,-99.8,-99.8
2022-12-11 02:00:00,1016.5,16.0,75.0,10.9,28.0,16.3,25.0,0.0,-99.8,-99.8,-99.8,-99.8,-99.8,-99.8,-99.8
2022-12-11 03:00:00,1016.6,15.9,76.0,10.5,28.0,16.8,27.0,0.0,-99.8,-99.8,-99.8,-99.8,-99.8,-99.8,-99.8
2022-12-11 04:00:00,1016.8,15.7,74.0,10.4,28.0,16.4,23.0,0.0,-99.8,-99.8,-99.8,-99.8,-99.8,-99.8,-99.8
2022-12-11 05:00:00,1016.9,15.5,73.0,10.7,28.0,16.6,35.0,0.0,-99.8,-99.8,-99.8,-99.8,-99.8,-99.8,-99.8
2022-12-11 06:00:00,1017.8,15.5,76.0,10.2,33.0,18.6,35.0,0.0,-99.8,-99.8,-99.8,-99.8,-99.8,-99.8,-99.8
2022-12-11 07:00:00,1018.2,14.8,71.0,11.2,32.0,19.5,25.0,0.0,-99.8,-99.8,-99.8,-99.8,-99.8,-99.8,-99.8
2022-12-11 08:00:00,1019.0,14.9,72.0,11.8,31.0,19.4,33.0,0.0,-99.8,-99.8,-99.8,-99.8,-99.8,-99.8,-99.8
2022-12-11 09:00:00,1019.7,14.9,69.0,12.5,31.0,20.8,48.0,0.0,-99.8,-99.8,-99.8,-99.8,-99.8,-99.8,-99.8
2022-12-11 10:00:00,1019.7,15.1,72.0,12.3,25.0,19.0,21.0,0.0,-99.8,-99.8,-99.8,-99.8,-99.8,-99.8,-99.8
2022-12-11 11:00:00,1019.0,15.0,73.0,12.4,24.0,18.9,38.0,0.0,-99.8,-99.8,-99.8,-99.8,-99.8,-99.8,-99.8
2022-12-11 12:00:00,1018.2,14.8,74.0,12.3,27.0,19.2,33.0,0.0,-99.8,-99.8,-99.8,-99.8,-99.8,-99.8,-99.8
2022-12-11 13:00:00,1017.4,14.7,72.0,10.8,27.0,16.8,27.0,0.0,-99.8,-99.8,-99.8,-99.8,-99.8,-99.8,-99.8
2022-12-11 14:00:00,1016.8,14.7,67.0,11.8,27.0,17.1,36.0,0.0,-99.8,-99.8,-99.8,-99.8,-99.8,-99.8,-99.8
2022-12-11 15:00:00,1017.2,14.9,63.0,9.7,33.0,17.9,27.0,0.0,-99.8,-99.8,-99.8,-99.8,-99.8,-99.8,-99.8
2022-12-11 16:00:00,1017.2,14.6,69.0,11.5,28.0,17.8,23.0,0.0,-99.8,-99.8,-99.8,-99.8,-99.8,-99.8,-99.8
2022-12-11 17:00:00,1017.5,14.3,69.0,12.2,28.0,18.9,24.0,0.0,-99.8,-99.8,-99.8,-99.8,-99.8,-99.8,-99.8
2022-12-11 18:00:00,1018.2,14.2,70.0,11.2,32.0,20.1,15.0,0.0,-99.8,-99.8,-99.8,-99.8,-99.8,-99.8,-99.8
2022-12-11 19:00:00,1018.6,13.8,66.0,11.5,34.0,20.1,39.0,0.0,-99.8,-99.8,-99.8,-99.8,-99.8,-99.8,-99.8
2022-12-11 20:00:00,1018.9,13.5,70.0,12.2,30.0,20.4,25.0,0.0,-99.8,-99.8,-99.8,-99.8,-99.8,-99.8,-99.8
2022-12-11 21:00:00,1019.2,13.2,72.0,13.7,26.0,20.2,33.0,0.0,-99.8,-99.8,-99.8,-99.8,-99.8,-99.8,-99.8
2022-12-11 22:00:00,1018.8,13.2,70.0,13.5,26.0,19.4,20.0,0.0,-99.8,-99.8,-99.8,-99.8,-99.8,-99.8,-99.8
2022-12-11 23:00:00,1018.7,13.5,72.0,12.8,24.0,21.1,32.0,0.0,-99.8,-99.8,-99.8,-99.8,-99.8,-99.8,-99.8
2022-12-12 00:00:00,1018.7,13.2,72.0,12.5,24.0,20.4,20.0,0.0,-99.8,-99.8,-99.8,-99.8,-99.8,-99.8,-99.8
2022-12-12 01:00:00,1019.4,13.5,71.0,10.8,22.0,18.2,33.0,0.0,-99.8,-99.8,-99.8,-99.8,-99.8,-99.8,-99.8
2022-12-12 02:00:00,1018.7,13.4,72.0,11.3,18.0,19.0,22.0,0.0,-99.8,-99.8,-99.8,-99.8,-99.8,-99.8,-99.8
2022-12-12 03:00:00,1018.3,13.2,73.0,11.4,19.0,17.4,22.0,0.0,-99.8,-99.8,-99.8,-99.8,-99.8,-99.8,-99.8
2022-12-12 04:00:00,1017.8,13.2,73.0,11.7,22.0,16.4,18.0,0.0,-99.8,-99.8,-99.8,-99.8,-99.8,-99.8,-99.8
2022-12-12 05:00:00,1018.4,13.2,72.0,11.3,22.0,17.2,25.0,0.0,-99.8,-99.8,-99.8,-99.8,-99.8,-99.8,-99.8
2022-12-12 06:00:00,1018.6,13.0,73.0,10.5,22.0,16.2,16.0,0.0,-99.8,-99.8,-99.8,-99.8,-99.8,-99.8,-99.8
2022-12-12 07:00:00,1019.4,13.3,73.0,10.5,21.0,15.8,22.0,0.0,-99.8,-99.8,-99.8,-99.8,-99.8,-99.8,-99.8
2022-12-12 08:00:00,1020.0,13.4,71.0,10.0,25.0,15.7,24.0,0.0,-99.8,-99.8,-99.8,-99.8,-99.8,-99.8,-99.8
2022-12-12 09:00:00,1020.4,13.7,71.0,10.9,22.0,16.3,17.0,0.0,-99.8,-99.8,-99.8,-99.8,-99.8,-99.8,-99.8
2022-12-12 10:00:00,1020.2,14.0,71.0,11.3,22.0,16.1,32.0,0.0,-99.8,-99.8,-99.8,-99.8,-99.8,-99.8,-99.8
2022-12-12 11:00:00,1020.0,14.1,73.0,10.9,19.0,15.6,20.0,0.0,-99.8,-99.8,-99.8,-99.8,-99.8,-99.8,-99.8
2022-12-12 12:00:00,1019.1,14.2,71.0,11.4,20.0,16.6,25.0,0.0,-99.8,-99.8,-99.8,-99.8,-99.8,-99.8,-99.8
2022-12-12 13:00:00,1018.5,14.2,71.0,10.5,20.0,15.8,14.0,0.0,-99.8,-99.8,-99.8,-99.8,-99.8,-99.8,-99.8
2022-12-12 14:00:00,1018.2,14.2,72.0,10.0,21.0,14.7,24.0,0.0,-99.8,-99.8,-99.8,-99.8,-99.8,-99.8,-99.8
2022-12-12 15:00:00,1018.3,14.2,70.0,9.2,28.0,15.0,27.0,0.0,-99.8,-99.8,-99.8,-99.8,-99.8,-99.8,-99.8
2022-12-12 16:00:00,1018.5,14.2,70.0,9.2,28.0,13.9,27.0,0.0,-99.8,-99.8,-99.8,-99.8,-99.8,-99.8,-99.8
2022-12-12 17:00:00,1018.8,14.4,71.0,8.6,31.0,14.1,36.0,0.0,-99.8,-99.8,-99.8,-99.8,-99.8,-99.8,-99.8
2022-12-12 18:00:00,1019.4,14.9,73.0,7.8,31.0,15.1,32.0,0.0,-99.8,-99.8,-99.8,-99.8,-99.8,-99.8,-99.8
2022-12-12 19:00:00,1019.5,15.0,72.0,7.3,34.0,14.0,32.0,0.0,-99.8,-99.8,-99.8,-99.8,-99.8,-99.8,-99.8
2022-12-12 20:00:00,1019.8,15.0,71.0,8.7,33.0,14.9,18.0,0.0,-99.8,-99.8,-99.8,-99.8,-99.8,-99.8,-99.8
2022-12-12 21:00:00,1020.2,15.0,65.0,9.6,32.0,15.9,37.0,0.0,-99.8,-99.8,-99.8,-99.8,-99.8,-99.8,-99.8
2022-12-12 22:00:00,1020.7,15.1,68.0,8.8,31.0,15.6,31.0,0.0,-99.8,-99.8,-99.8,-99.8,-99.8,-99.8,-99.8
2022-12-12 23:00:00,1020.4,14.8,65.0,10.0,31.0,16.8,29.0,0.0,-99.8,-99.8,-99.8,-99.8,-99.8,-99.8,-99.8
2022-12-13 00:00:00,1020.8,14.2,67.0,11.1,27.0,16.4,25.0,0.0,-99.8,-99.8,-99.8,-99.8,-99.8,-99.8,-99.8
2022-12-13 01:00:00,1020.5,14.2,71.0,10.8,28.0,15.5,39.0,0.0,-99.8,-99.8,-99.8,-99.8,-99.8,-99.8,-99.8
2022-12-13 02:00:00,1020.0,13.5,69.0,10.3,31.0,16.6,34.0,0.0,-99.8,-99.8,-99.8,-99.8,-99.8,-99.8,-99.8
2022-12-13 03:00:00,1020.5,13.4,64.0,10.3,29.0,18.0,25.0,0.0,-99.8,-99.8,-99.8,-99.8,-99.8,-99.8,-99.8
2022-12-13 04:00:00,1020.2,12.9,68.0,10.1,27.0,15.5,19.0,0.0,-99.8,-99.8,-99.8,-99.8,-99.8,-99.8,-99.8
2022-12-13 05:00:00,1020.0,12.9,69.0,10.6,26.0,15.6,21.0,0.0,-99.8,-99.8,-99.8,-99.8,-99.8,-99.8,-99.8
2022-12-13 06:00:00,1020.8,12.9,70.0,10.6,26.0,18.3,19.0,0.0,-99.8,-99.8,-99.8,-99.8,-99.8,-99.8,-99.8
2022-12-13 07:00:00,1021.8,12.8,66.0,9.0,28.0,15.8,33.0,0.0,-99.8,-99.8,-99.8,-99.8,-99.8,-99.8,-99.8
2022-12-13 08:00:00,1022.5,12.9,64.0,9.6,27.0,14.6,22.0,0.0,-99.8,-99.8,-99.8,-99.8,-99.8,-99.8,-99.8
2022-12-13 09:00:00,1022.9,13.0,66.0,9.6,30.0,15.8,18.0,0.0,-99.8,-99.8,-99.8,-99.8,-99.8,-99.8,-99.8
2022-12-13 10:00:00,1023.0,13.0,66.0,9.7,29.0,17.1,30.0,0.0,-99.8,-99.8,-99.8,-99.8,-99.8,-99.8,-99.8
2022-12-13 11:00:00,1022.4,13.2,67.0,10.2,26.0,16.5,34.0,0.0,-99.8,-99.8,-99.8,-99.8,-99.8,-99.8,-99.8
2022-12-13 12:00:00,1021.5,13.0,67.0,11.1,26.0,17.0,30.0,0.0,-99.8,-99.8,-99.8,-99.8,-99.8,-99.8,-99.8
2022-12-13 13:00:00,1021.3,12.8,67.0,10.6,25.0,17.5,26.0,0.0,-99.8,-99.8,-99.8,-99.8,-99.8,-99.8,-99.8
2022-12-13 14:00:00,1020.5,12.4,73.0,11.1,22.0,16.5,31.0,0.0,-99.8,-99.8,-99.8,-99.8,-99.8,-99.8,-99.8
2022-12-13 15:00:00,1020.9,12.6,68.0,11.7,22.0,16.9,26.0,0.0,-99.8,-99.8,-99.8,-99.8,-99.8,-99.8,-99.8
2022-12-13 16:00:00,1020.8,12.4,69.0,11.0,27.0,18.1,1.0,0.0,-99.8,-99.8,-99.8,-99.8,-99.8,-99.8,-99.8
2022-12-13 17:00:00,1021.5,12.8,59.0,11.2,27.0,16.9,27.0,0.0,-99.8,-99.8,-99.8,-99.8,-99.8,-99.8,-99.8
2022-12-13 18:00:00,1021.9,13.0,65.0,10.8,27.0,16.9,24.0,0.0,-99.8,-99.8,-99.8,-99.8,-99.8,-99.8,-99.8
2022-12-13 19:00:00,1022.5,13.2,67.0,10.5,26.0,15.8,29.0,0.0,-99.8,-99.8,-99.8,-99.8,-99.8,-99.8,-99.8
2022-12-13 20:00:00,1023.4,13.7,58.0,10.4,27.0,17.2,30.0,0.0,-99.8,-99.8,-99.8,-99.8,-99.8,-99.8,-99.8
2022-12-13 21:00:00,1023.6,13.1,58.0,8.7,33.0,16.8,20.0,0.0,-99.8,-99.8,-99.8,-99.8,-99.8,-99.8,-99.8
2022-12-13 22:00:00,1023.9,13.5,68.0,11.6,20.0,17.0,28.0,0.0,-99.8,-99.8,-99.8,-99.8,-99.8,-99.8,-99.8
2022-12-13 23:00:00,1023.7,13.3,63.0,11.5,27.0,17.2,29.0,0.0,-99.8,-99.8,-99.8,-99.8,-99.8,-99.8,-99.8
2022-12-14 00:00:00,1023.9,12.5,70.0,10.6,30.0,16.6,25.0,0.0,-99.8,-99.8,-99.8,-99.8,-99.8,-99.8,-99.8
2022-12-14 01:00:00,1025.2,13.1,60.0,9.2,31.0,18.1,31.0,0.0,-99.8,-99.8,-99.8,-99.8,-99.8,-99.8,-99.8
2022-12-14 02:00:00,1024.5,12.1,62.0,12.0,28.0,17.9,15.0,0.5,-99.8,-99.8,-99.8,-99.8,-99.8,-99.8,-99.8
2022-12-14 03:00:00,1024.8,11.7,59.0,11.4,31.0,19.8,25.0,0.0,-99.8,-99.8,-99.8,-99.8,-99.8,-99.8,-99.8
2022-12-14 04:00:00,1025.1,12.4,56.0,11.3,27.0,20.0,27.0,0.0,-99.8,-99.8,-99.8,-99.8,-99.8,-99.8,-99.8
2022-12-14 05:00:00,1025.5,11.3,61.0,12.0,31.0,19.0,33.0,0.0,-99.8,-99.8,-99.8,-99.8,-99.8,-99.8,-99.8
2022-12-14 06:00:00,1025.5,11.9,57.0,11.6,31.0,19.9,26.0,0.0,-99.8,-99.8,-99.8,-99.8,-99.8,-99.8,-99.8
2022-12-14 07:00:00,1026.9,11.0,68.0,13.5,22.0,20.1,22.0,0.0,-99.8,-99.8,-99.8,-99.8,-99.8,-99.8,-99.8
2022-12-14 08:00:00,1026.5,11.7,62.0,12.4,26.0,19.8,17.0,0.5,-99.8,-99.8,-99.8,-99.8,-99.8,-99.8,-99.8
2022-12-14 09:00:00,1027.4,11.9,62.0,11.9,25.0,19.1,22.0,0.0,-99.8,-99.8,-99.8,-99.8,-99.8,-99.8,-99.8
2022-12-14 10:00:00,1026.6,12.2,61.0,13.9,23.0,20.5,26.0,0.0,-99.8,-99.8,-99.8,-99.8,-99.8,-99.8,-99.8
2022-12-14 11:00:00,1026.2,11.6,65.0,11.7,29.0,19.7,33.0,0.0,-99.8,-99.8,-99.8,-99.8,-99.8,-99.8,-99.8
2022-12-14 12:00:00,1025.3,12.0,69.0,12.3,24.0,19.0,26.0,0.0,-99.8,-99.8,-99.8,-99.8,-99.8,-99.8,-99.8
2022-12-14 13:00:00,1024.4,11.9,68.0,12.3,26.0,18.5,30.0,0.0,-99.8,-99.8,-99.8,-99.8,-99.8,-99.8,-99.8
2022-12-14 14:00:00,1023.5,11.7,63.0,12.9,20.0,20.3,18.0,0.0,-99.8,-99.8,-99.8,-99.8,-99.8,-99.8,-99.8
2022-12-14 15:00:00,1022.9,11.1,73.0,13.0,21.0,21.5,16.0,0.0,-99.8,-99.8,-99.8,-99.8,-99.8,-99.8,-99.8
2022-12-14 16:00:00,1023.6,10.9,78.0,13.3,18.0,20.9,19.0,0.0,-99.8,-99.8,-99.8,-99.8,-99.8,-99.8,-99.8
2022-12-14 17:00:00,1023.3,10.5,83.0,13.5,24.0,20.6,25.0,0.0,-99.8,-99.8,-99.8,-99.8,-99.8,-99.8,-99.8
2022-12-14 18:00:00,1023.9,10.9,80.0,13.6,24.0,19.7,32.0,0.0,-99.8,-99.8,-99.8,-99.8,-99.8,-99.8,-99.8
2022-12-14 19:00:00,1023.7,10.4,86.0,13.4,23.0,19.5,29.0,0.0,-99.8,-99.8,-99.8,-99.8,-99.8,-99.8,-99.8
2022-12-14 20:00:00,1023.8,10.3,88.0,14.0,22.0,20.5,29.0,0.5,-99.8,-99.8,-99.8,-99.8,-99.8,-99.8,-99.8
2022-12-14 21:00:00,1024.7,10.2,82.0,14.3,18.0,20.4,27.0,0.0,-99.8,-99.8,-99.8,-99.8,-99.8,-99.8,-99.8
2022-12-14 22:00:00,1024.2,9.9,84.0,13.9,22.0,19.2,24.0,0.0,-99.8,-99.8,-99.8,-99.8,-99.8,-99.8,-99.8
2022-12-14 23:00:00,1023.5,10.5,77.0,13.4,22.0,20.1,27.0,0.0,-99.8,-99.8,-99.8,-99.8,-99.8,-99.8,-99.8
2022-12-15 00:00:00,1023.7,9.7,84.0,12.9,18.0,20.1,17.0,0.0,-99.8,-99.8,-99.8,-99.8,-99.8,-99.8,-99.8
2022-12-15 01:00:00,1023.2,9.3,90.0,13.1,21.0,19.4,17.0,0.5,-99.8,-99.8,-99.8,-99.8,-99.8,-99.8,-99.8
2022-12-15 02:00:00,1022.6,9.9,85.0,11.9,15.0,18.8,7.0,0.0,-99.8,-99.8,-99.8,-99.8,-99.8,-99.8,-99.8
2022-12-15 03:00:00,1022.8,9.6,85.0,12.3,14.0,18.9,9.0,0.0,-99.8,-99.8,-99.8,-99.8,-99.8,-99.8,-99.8
2022-12-15 04:00:00,1022.3,8.9,87.0,12.0,15.0,16.6,9.0,1.0,-99.8,-99.8,-99.8,-99.8,-99.8,-99.8,-99.8
2022-12-15 05:00:00,1022.9,9.3,83.0,11.8,14.0,17.8,6.0,0.0,-99.8,-99.8,-99.8,-99.8,-99.8,-99.8,-99.8
2022-12-15 06:00:00,1023.2,9.4,88.0,12.4,10.0,16.4,13.0,0.0,-99.8,-99.8,-99.8,-99.8,-99.8,-99.8,-99.8
2022-12-15 07:00:00,1023.2,9.3,87.0,10.6,12.0,17.5,6.0,0.0,-99.8,-99.8,-99.8,-99.8,-99.8,-99.8,-99.8
2022-12-15 08:00:00,1023.0,9.6,88.0,10.4,20.0,14.9,13.0,0.0,-99.8,-99.8,-99.8,-99.8,-99.8,-99.8,-99.8
2022-12-15 09:00:00,1023.0,10.7,85.0,10.0,23.0,14.5,26.0,0.0,-99.8,-99.8,-99.8,-99.8,-99.8,-99.8,-99.8
2022-12-15 10:00:00,1022.6,10.9,84.0,10.3,13.0,14.0,24.0,0.0,-99.8,-99.8,-99.8,-99.8,-99.8,-99.8,-99.8
2022-12-15 11:00:00,1021.6,10.7,83.0,9.8,22.0,14.3,25.0,0.5,-99.8,-99.8,-99.8,-99.8,-99.8,-99.8,-99.8
2022-12-15 12:00:00,1020.6,11.0,84.0,10.3,14.0,14.2,27.0,0.0,-99.8,-99.8,-99.8,-99.8,-99.8,-99.8,-99.8
2022-12-15 13:00:00,1019.4,11.2,80.0,8.9,19.0,13.8,17.0,0.0,-99.8,-99.8,-99.8,-99.8,-99.8,-99.8,-99.8
2022-12-15 14:00:00,1018.0,11.2,84.0,10.0,22.0,13.9,25.0,0.0,-99.8,-99.8,-99.8,-99.8,-99.8,-99.8,-99.8
2022-12-15 15:00:00,1017.9,11.7,79.0,10.2,18.0,14.1,22.0,0.0,-99.8,-99.8,-99.8,-99.8,-99.8,-99.8,-99.8
2022-12-15 16:00:00,1018.4,12.2,79.0,10.5,16.0,14.9,19.0,0.0,-99.8,-99.8,-99.8,-99.8,-99.8,-99.8,-99.8
2022-12-15 17:00:00,1018.4,12.0,84.0,10.5,20.0,15.5,21.0,0.0,-99.8,-99.8,-99.8,-99.8,-99.8,-99.8,-99.8
2022-12-15 18:00:00,1018.8,11.9,89.0,10.5,17.0,15.9,15.0,0.0,-99.8,-99.8,-99.8,-99.8,-99.8,-99.8,-99.8
2022-12-15 19:00:00,1019.1,11.6,91.0,9.8,16.0,14.7,28.0,1.0,-99.8,-99.8,-99.8,-99.8,-99.8,-99.8,-99.8
2022-12-15 20:00:00,1019.4,11.9,90.0,9.7,20.0,14.5,16.0,0.5,-99.8,-99.8,-99.8,-99.8,-99.8,-99.8,-99.8
2022-12-15 21:00:00,1019.3,12.1,91.0,10.3,13.0,14.6,9.0,0.0,-99.8,-99.8,-99.8,-99.8,-99.8,-99.8,-99.8
2022-12-15 22:00:00,1019.3,12.4,92.0,10.0,12.0,14.0,21.0,0.0,-99.8,-99.8,-99.8,-99.8,-99.8,-99.8,-99.8
2022-12-15 23:00:00,1018.7,12.8,92.0,10.0,14.0,13.1,11.0,0.5,-99.8,-99.8,-99.8,-99.8,-99.8,-99.8,-99.8
2022-12-16 00:00:00,1018.5,12.8,94.0,9.9,12.0,13.4,6.0,0.0,-99.8,-99.8,-99.8,-99.8,-99.8,-99.8,-99.8
2022-12-16 01:00:00,1018.0,12.9,92.0,10.8,23.0,14.4,13.0,0.5,-99.8,-99.8,-99.8,-99.8,-99.8,-99.8,-99.8
2022-12-16 02:00:00,1018.1,13.2,91.0,10.6,17.0,15.2,33.0,0.0,-99.8,-99.8,-99.8,-99.8,-99.8,-99.8,-99.8
2022-12-16 03:00:00,1017.4,13.2,93.0,10.6,19.0,15.7,24.0,1.0,-99.8,-99.8,-99.8,-99.8,-99.8,-99.8,-99.8
2022-12-16 04:00:00,1018.0,13.2,92.0,11.8,15.0,16.0,16.0,0.0,-99.8,-99.8,-99.8,-99.8,-99.8,-99.8,-99.8
2022-12-16 05:00:00,1018.2,12.9,95.0,12.2,14.0,17.9,21.0,2.0,-99.8,-99.8,-99.8,-99.8,-99.8,-99.8,-99.8
2022-12-16 06:00:00,1018.6,13.1,92.0,11.8,23.0,16.6,28.0,0.5,-99.8,-99.8,-99.8,-99.8,-99.8,-99.8,-99.8
2022-12-16 07:00:00,1019.6,13.5,87.0,11.9,21.0,17.5,14.0,0.0,-99.8,-99.8,-99.8,-99.8,-99.8,-99.8,-99.8
2022-12-16 08:00:00,1020.6,13.5,86.0,11.5,23.0,17.8,33.0,0.0,-99.8,-99.8,-99.8,-99.8,-99.8,-99.8,-99.8
2022-12-16 09:00:00,1020.4,13.1,91.0,10.4,23.0,15.6,30.0,0.5,-99.8,-99.8,-99.8,-99.8,-99.8,-99.8,-99.8
2022-12-16 10:00:00,1021.3,13.5,92.0,10.5,19.0,15.8,29.0,0.5,-99.8,-99.8,-99.8,-99.8,-99.8,-99.8,-99.8
2022-12-16 11:00:00,1020.5,13.6,89.0,10.1,16.0,14.9,11.0,1.0,-99.8,-99.8,-99.8,-99.8,-99.8,-99.8,-99.8
2022-12-16 12:00:00,1019.6,13.7,88.0,11.0,21.0,17.1,26.0,0.0,-99.8,-99.8,-99.8,-99.8,-99.8,-99.8,-99.8
2022-12-16 13:00:00,1019.3,13.9,89.0,10.3,11.0,15.9,27.0,0.0,-99.8,-99.8,-99.8,-99.8,-99.8,-99.8,-99.8
2022-12-16 14:00:00,1018.9,13.7,92.0,9.7,15.0,13.6,14.0,0.5,-99.8,-99.8,-99.8,-99.8,-99.8,-99.8,-99.8
2022-12-16 15:00:00,1018.1,13.7,89.0,10.6,25.0,15.4,27.0,0.0,-99.8,-99.8,-99.8,-99.8,-99.8,-99.8,-99.8
2022-12-16 16:00:00,1018.9,13.7,89.0,11.2,20.0,15.3,10.0,0.0,-99.8,-99.8,-99.8,-99.8,-99.8,-99.8,-99.8
2022-12-16 17:00:00,1018.8,14.0,89.0,10.6,25.0,15.9,32.0,0.0,-99.8,-99.8,-99.8,-99.8,-99.8,-99.8,-99.8
2022-12-16 18:00:00,1019.9,13.6,86.0,12.5,24.0,17.4,29.0,0.0,-99.8,-99.8,-99.8,-99.8,-99.8,-99.8,-99.8
2022-12-16 19:00:00,1020.9,13.5,88.0,11.9,21.0,18.1,22.0,0.5,-99.8,-99.8,-99.8,-99.8,-99.8,-99.8,-99.8
2022-12-16 20:00:00,1021.3,13.0,87.0,12.9,21.0,18.4,37.0,0.0,-99.8,-99.8,-99.8,-99.8,-99.8,-99.8,-99.8
2022-12-16 21:00:00,1021.9,12.9,88.0,12.2,21.0,19.3,15.0,0.5,-99.8,-99.8,-99.8,-99.8,-99.8,-99.8,-99.8
2022-12-16 22:00:00,1022.2,12.6,87.0,13.6,19.0,19.6,22.0,0.0,-99.8,-99.8,-99.8,-99.8,-99.8,-99.8,-99.8
2022-12-16 23:00:00,1021.7,12.5,85.0,13.1,21.0,20.3,21.0,0.5,-99.8,-99.8,-99.8,-99.8,-99.8,-99.8,-99.8
2022-12-17 00:00:00,1021.7,13.1,81.0,12.4,23.0,19.2,21.0,0.5,-99.8,-99.8,-99.8,-99.8,-99.8,-99.8,-99.8
2022-12-17 01:00:00,1021.9,13.2,86.0,11.1,19.0,19.5,21.0,0.0,-99.8,-99.8,-99.8,-99.8,-99.8,-99.8,-99.8
2022-12-17 02:00:00,1021.8,12.6,90.0,10.8,23.0,15.7,24.0,1.0,-99.8,-99.8,-99.8,-99.8,-99.8,-99.8,-99.8
2022-12-17 03:00:00,1021.7,12.4,88.0,12.0,28.0,17.4,31.0,0.5,-99.8,-99.8,-99.8,-99.8,-99.8,-99.8,-99.8
2022-12-17 04:00:00,1021.8,12.6,88.0,12.2,24.0,18.0,21.0,0.5,-99.8,-99.8,-99.8,-99.8,-99.8,-99.8,-99.8
2022-12-17 05:00:00,1022.4,12.8,88.0,11.9,25.0,17.3,35.0,0.0,-99.8,-99.8,-99.8,-99.8,-99.8,-99.8,-99.8
2022-12-17 06:00:00,1023.9,12.9,83.0,10.8,24.0,16.6,29.0,0.0,-99.8,-99.8,-99.8,-99.8,-99.8,-99.8,-99.8
2022-12-17 07:00:00,1025.2,12.4,84.0,11.0,26.0,16.6,25.0,0.5,-99.8,-99.8,-99.8,-99.8,-99.8,-99.8,-99.8
2022-12-17 08:00:00,1026.2,11.6,87.0,11.3,27.0,17.1,33.0,0.0,-99.8,-99.8,-99.8,-99.8,-99.8,-99.8,-99.8
2022-12-17 09:00:00,1027.7,11.3,85.0,10.9,27.0,17.3,18.0,0.0,-99.8,-99.8,-99.8,-99.8,-99.8,-99.8,-99.8
2022-12-17 10:00:00,1027.9,10.8,79.0,11.3,28.0,16.9,31.0,0.5,-99.8,-99.8,-99.8,-99.8,-99.8,-99.8,-99.8
2022-12-17 11:00:00,1027.3,11.6,72.0,11.1,25.0,16.3,30.0,0.0,-99.8,-99.8,-99.8,-99.8,-99.8,-99.8,-99.8
2022-12-17 12:00:00,1026.5,11.7,68.0,10.2,24.0,15.8,35.0,0.0,-99.8,-99.8,-99.8,-99.8,-99.8,-99.8,-99.8
2022-12-17 13:00:00,1025.9,11.6,70.0,9.3,24.0,14.7,38.0,0.0,-99.8,-99.8,-99.8,-99.8,-99.8,-99.8,-99.8
2022-12-17 14:00:00,1026.3,11.2,68.0,7.7,30.0,14.3,30.0,0.0,-99.8,-99.8,-99.8,-99.8,-99.8,-99.8,-99.8
2022-12-17 15:00:00,1026.5,11.4,67.0,8.4,28.0,12.4,28.0,0.0,-99.8,-99.8,-99.8,-99.8,-99.8,-99.8,-99.8
2022-12-17 16:00:00,1026.9,11.3,68.0,7.7,34.0,13.4,27.0,0.0,-99.8,-99.8,-99.8,-99.8,-99.8,-99.8,-99.8
2022-12-17 17:00:00,1027.3,11.0,67.0,7.7,33.0,14.4,33.0,0.0,-99.8,-99.8,-99.8,-99.8,-99.8,-99.8,-99.8
2022-12-17 18:00:00,1028.3,11.1,68.0,7.3,31.0,13.1,16.0,0.0,-99.8,-99.8,-99.8,-99.8,-99.8,-99.8,-99.8
2022-12-17 19:00:00,1029.2,11.1,67.0,6.5,30.0,11.8,31.0,0.0,-99.8,-99.8,-99.8,-99.8,-99.8,-99.8,-99.8
2022-12-17 20:00:00,1029.7,11.1,67.0,7.4,32.0,12.3,30.0,0.0,-99.8,-99.8,-99.8,-99.8,-99.8,-99.8,-99.8
2022-12-17 21:00:00,1030.2,10.9,64.0,8.8,28.0,14.7,21.0,0.0,-99.8,-99.8,-99.8,-99.8,-99.8,-99.8,-99.8
2022-12-17 22:00:00,1030.2,10.7,61.0,8.8,25.0,14.0,18.0,0.0,-99.8,-99.8,-99.8,-99.8,-99.8,-99.8,-99.8
2022-12-17 23:00:00,1030.1,10.4,60.0,7.8,30.0,13.0,33.0,0.0,-99.8,-99.8,-99.8,-99.8,-99.8,-99.8,-99.8
2022-12-18 00:00:00,1030.1,10.0,59.0,8.6,27.0,12.9,30.0,0.0,-99.8,-99.8,-99.8,-99.8,-99.8,-99.8,-99.8
2022-12-18 01:00:00,1030.1,9.5,56.0,8.9,29.0,13.2,24.0,0.0,-99.8,-99.8,-99.8,-99.8,-99.8,-99.8,-99.8
2022-12-18 02:00:00,1029.8,9.8,51.0,10.4,8.0,13.3,25.0,0.0,-99.8,-99.8,-99.8,-99.8,-99.8,-99.8,-99.8
2022-12-18 03:00:00,1029.5,9.3,51.0,9.7,14.0,15.5,3.0,0.0,-99.8,-99.8,-99.8,-99.8,-99.8,-99.8,-99.8
2022-12-18 04:00:00,1029.7,8.4,47.0,9.4,25.0,15.4,1.0,0.0,-99.8,-99.8,-99.8,-99.8,-99.8,-99.8,-99.8
2022-12-18 05:00:00,1029.9,7.8,43.0,9.4,24.0,14.3,11.0,0.0,-99.8,-99.8,-99.8,-99.8,-99.8,-99.8,-99.8
2022-12-18 06:00:00,1030.1,7.5,44.0,9.3,18.0,14.4,14.0,0.0,-99.8,-99.8,-99.8,-99.8,-99.8,-99.8,-99.8
2022-12-18 07:00:00,1030.6,7.1,42.0,9.0,24.0,14.5,33.0,0.0,-99.8,-99.8,-99.8,-99.8,-99.8,-99.8,-99.8
2022-12-18 08:00:00,1030.5,6.8,45.0,9.0,26.0,14.6,24.0,0.0,-99.8,-99.8,-99.8,-99.8,-99.8,-99.8,-99.8
2022-12-18 09:00:00,1030.8,6.8,37.0,8.1,29.0,14.3,29.0,0.0,-99.8,-99.8,-99.8,-99.8,-99.8,-99.8,-99.8
2022-12-18 10:00:00,1030.7,7.1,38.0,8.2,25.0,13.3,16.0,0.0,-99.8,-99.8,-99.8,-99.8,-99.8,-99.8,-99.8
2022-12-18 11:00:00,1029.6,7.0,39.0,8.1,23.0,14.6,27.0,0.0,-99.8,-99.8,-99.8,-99.8,-99.8,-99.8,-99.8
2022-12-18 12:00:00,1028.5,7.1,37.0,7.2,26.0,12.3,28.0,0.0,-99.8,-99.8,-99.8,-99.8,-99.8,-99.8,-99.8
2022-12-18 13:00:00,1026.9,7.1,38.0,7.0,25.0,12.8,10.0,0.0,-99.8,-99.8,-99.8,-99.8,-99.8,-99.8,-99.8
2022-12-18 14:00:00,1026.2,7.3,42.0,6.8,29.0,11.4,38.0,0.0,-99.8,-99.8,-99.8,-99.8,-99.8,-99.8,-99.8
2022-12-18 15:00:00,1025.7,7.8,42.0,5.9,30.0,10.9,19.0,0.0,-99.8,-99.8,-99.8,-99.8,-99.8,-99.8,-99.8
2022-12-18 16:00:00,1025.6,8.0,45.0,5.2,35.0,10.4,23.0,0.0,-99.8,-99.8,-99.8,-99.8,-99.8,-99.8,-99.8
2022-12-18 17:00:00,1025.9,8.0,48.0,4.6,34.0,10.9,35.0,0.0,-99.8,-99.8,-99.8,-99.8,-99.8,-99.8,-99.8
2022-12-18 18:00:00,1026.1,8.6,50.0,5.3,33.0,10.3,27.0,0.0,-99.8,-99.8,-99.8,-99.8,-99.8,-99.8,-99.8
2022-12-18 19:00:00,1026.3,9.0,56.0,5.2,34.0,10.2,31.0,0.0,-99.8,-99.8,-99.8,-99.8,-99.8,-99.8,-99.8
2022-12-18 20:00:00,1026.6,9.2,54.0,4.7,37.0,11.0,31.0,0.0,-99.8,-99.8,-99.8,-99.8,-99.8,-99.8,-99.8
2022-12-18 21:00:00,1026.6,9.4,52.0,6.7,30.0,11.7,23.0,0.0,-99.8,-99.8,-99.8,-99.8,-99.8,-99.8,-99.8
2022-12-18 22:00:00,1026.4,9.7,53.0,6.7,31.0,11.0,36.0,0.0,-99.8,-99.8,-99.8,-99.8,-99.8,-99.8,-99.8
2022-12-18 23:00:00,1026.0,9.8,56.0,6.9,27.0,11.4,27.0,0.0,-99.8,-99.8,-99.8,-99.8,-99.8,-99.8,-99.8
2022-12-19 00:00:00,1025.7,9.6,58.0,7.6,28.0,11.9,30.0,0.0,-99.8,-99.8,-99.8,-99.8,-99.8,-99.8,-99.8
2022-12-19 01:00:00,1025.6,9.7,58.0,7.9,23.0,12.6,27.0,0.0,-99.8,-99.8,-99.8,-99.8,-99.8,-99.8,-99.8
2022-12-19 02:00:00,1025.1,9.6,60.0,8.6,21.0,13.0,19.0,0.0,-99.8,-99.8,-99.8,-99.8,-99.8,-99.8,-99.8
2022-12-19 03:00:00,1024.9,9.4,64.0,9.2,17.0,13.8,13.0,0.0,-99.8,-99.8,-99.8,-99.8,-99.8,-99.8,-99.8
2022-12-19 04:00:00,1024.5,9.3,67.0,9.7,16.0,13.9,11.0,0.0,-99.8,-99.8,-99.8,-99.8,-99.8,-99.8,-99.8
2022-12-19 05:00:00,1024.3,9.1,70.0,9.9,14.0,14.3,17.0,0.0,-99.8,-99.8,-99.8,-99.8,-99.8,-99.8,-99.8
2022-12-19 06:00:00,1024.6,9.3,71.0,9.9,17.0,14.8,7.0,0.0,-99.8,-99.8,-99.8,-99.8,-99.8,-99.8,-99.8
2022-12-19 07:00:00,1025.1,9.2,70.0,10.2,15.0,14.7,6.0,0.0,-99.8,-99.8,-99.8,-99.8,-99.8,-99.8,-99.8
2022-12-19 08:00:00,1025.4,9.1,69.0,10.5,16.0,15.1,13.0,0.0,-99.8,-99.8,-99.8,-99.8,-99.8,-99.8,-99.8
2022-12-19 09:00:00,1025.9,9.4,70.0,10.3,12.0,15.1,23.0,0.0,-99.8,-99.8,-99.8,-99.8,-99.8,-99.8,-99.8
2022-12-19 10:00:00,1026.0,10.1,67.0,9.4,17.0,14.8,10.0,0.0,-99.8,-99.8,-99.8,-99.8,-99.8,-99.8,-99.8
2022-12-19 11:00:00,1025.3,10.5,70.0,9.5,20.0,13.8,25.0,0.0,-99.8,-99.8,-99.8,-99.8,-99.8,-99.8,-99.8
2022-12-19 12:00:00,1024.0,10.8,68.0,9.8,22.0,15.2,4.0,0.0,-99.8,-99.8,-99.8,-99.8,-99.8,-99.8,-99.8
2022-12-19 13:00:00,1023.0,11.1,68.0,9.5,23.0,13.8,30.0,0.0,-99.8,-99.8,-99.8,-99.8,-99.8,-99.8,-99.8
2022-12-19 14:00:00,1022.4,11.6,68.0,9.2,22.0,14.4,30.0,0.0,-99.8,-99.8,-99.8,-99.8,-99.8,-99.8,-99.8
2022-12-19 15:00:00,1021.8,11.3,68.0,9.3,25.0,14.2,24.0,0.0,-99.8,-99.8,-99.8,-99.8,-99.8,-99.8,-99.8
2022-12-19 16:00:00,1022.0,11.1,71.0,9.1,27.0,13.8,39.0,0.0,-99.8,-99.8,-99.8,-99.8,-99.8,-99.8,-99.8
2022-12-19 17:00:00,1022.1,11.3,75.0,9.5,28.0,13.9,32.0,0.0,-99.8,-99.8,-99.8,-99.8,-99.8,-99.8,-99.8
2022-12-19 18:00:00,1022.4,11.7,76.0,10.1,27.0,15.1,28.0,0.0,-99.8,-99.8,-99.8,-99.8,-99.8,-99.8,-99.8
2022-12-19 19:00:00,1022.9,12.1,76.0,10.1,27.0,14.9,30.0,0.0,-99.8,-99.8,-99.8,-99.8,-99.8,-99.8,-99.8
2022-12-19 20:00:00,1023.3,12.2,77.0,10.2,26.0,14.9,23.0,0.0,-99.8,-99.8,-99.8,-99.8,-99.8,-99.8,-99.8
2022-12-19 21:00:00,1023.2,12.3,79.0,10.4,25.0,16.1,20.0,0.0,-99.8,-99.8,-99.8,-99.8,-99.8,-99.8,-99.8
2022-12-19 22:00:00,1022.9,12.1,78.0,10.5,24.0,15.3,26.0,0.0,-99.8,-99.8,-99.8,-99.8,-99.8,-99.8,-99.8
2022-12-19 23:00:00,1022.8,12.0,79.0,11.0,19.0,16.1,33.0,0.0,-99.8,-99.8,-99.8,-99.8,-99.8,-99.8,-99.8
2022-12-20 00:00:00,1022.3,11.6,81.0,11.7,16.0,16.8,30.0,0.0,-99.8,-99.8,-99.8,-99.8,-99.8,-99.8,-99.8
2022-12-20 01:00:00,1022.1,11.5,80.0,11.3,15.0,18.5,8.0,0.0,-99.8,-99.8,-99.8,-99.8,-99.8,-99.8,-99.8
2022-12-20 02:00:00,1022.0,11.7,77.0,11.2,19.0,17.4,27.0,0.0,-99.8,-99.8,-99.8,-99.8,-99.8,-99.8,-99.8
2022-12-20 03:00:00,1021.2,11.6,77.0,11.1,17.0,16.5,11.0,0.0,-99.8,-99.8,-99.8,-99.8,-99.8,-99.8,-99.8
2022-12-20 04:00:00,1021.0,11.9,75.0,11.7,14.0,16.9,25.0,0.0,-99.8,-99.8,-99.8,-99.8,-99.8,-99.8,-99.8
2022-12-20 05:00:00,1020.6,11.9,75.0,11.3,17.0,17.2,18.0,0.0,-99.8,-99.8,-99.8,-99.8,-99.8,-99.8,-99.8
2022-12-20 06:00:00,1020.7,12.2,76.0,10.6,20.0,15.7,13.0,0.0,-99.8,-99.8,-99.8,-99.8,-99.8,-99.8,-99.8
2022-12-20 07:00:00,1020.7,12.3,77.0,10.8,19.0,15.7,11.0,0.0,-99.8,-99.8,-99.8,-99.8,-99.8,-99.8,-99.8
2022-12-20 08:00:00,1021.2,12.6,77.0,10.5,19.0,19.9,12.0,0.0,-99.8,-99.8,-99.8,-99.8,-99.8,-99.8,-99.8
2022-12-20 09:00:00,1021.9,12.8,76.0,9.7,18.0,15.3,12.0,0.0,-99.8,-99.8,-99.8,-99.8,-99.8,-99.8,-99.8
2022-12-20 10:00:00,1021.6,12.9,75.0,10.4,12.0,14.1,7.0,0.0,-99.8,-99.8,-99.8,-99.8,-99.8,-99.8,-99.8
2022-12-20 11:00:00,1020.4,13.4,74.0,10.1,16.0,14.1,9.0,0.0,-99.8,-99.8,-99.8,-99.8,-99.8,-99.8,-99.8
2022-12-20 12:00:00,1019.0,13.8,73.0,10.0,16.0,16.1,9.0,0.0,-99.8,-99.8,-99.8,-99.8,-99.8,-99.8,-99.8
2022-12-20 13:00:00,1018.0,13.8,76.0,9.9,11.0,15.7,8.0,0.0,-99.8,-99.8,-99.8,-99.8,-99.8,-99.8,-99.8
2022-12-20 14:00:00,1017.3,13.9,74.0,10.6,11.0,14.2,9.0,0.0,-99.8,-99.8,-99.8,-99.8,-99.8,-99.8,-99.8
2022-12-20 15:00:00,1016.9,14.0,73.0,10.2,7.0,18.4,6.0,0.0,-99.8,-99.8,-99.8,-99.8,-99.8,-99.8,-99.8
2022-12-20 16:00:00,1016.6,14.2,74.0,9.7,12.0,13.7,1.0,0.0,-99.8,-99.8,-99.8,-99.8,-99.8,-99.8,-99.8
2022-12-20 17:00:00,1016.3,14.3,75.0,9.6,17.0,14.1,16.0,0.0,-99.8,-99.8,-99.8,-99.8,-99.8,-99.8,-99.8
2022-12-20 18:00:00,1016.7,14.5,76.0,10.3,15.0,15.8,5.0,0.0,-99.8,-99.8,-99.8,-99.8,-99.8,-99.8,-99.8
2022-12-20 19:00:00,1017.1,14.5,75.0,10.0,11.0,15.2,11.0,0.0,-99.8,-99.8,-99.8,-99.8,-99.8,-99.8,-99.8
2022-12-20 20:00:00,1017.7,14.5,75.0,9.2,3.0,12.9,10.0,0.0,-99.8,-99.8,-99.8,-99.8,-99.8,-99.8,-99.8
2022-12-20 21:00:00,1017.7,14.7,75.0,8.7,12.0,13.5,360.0,0.0,-99.8,-99.8,-99.8,-99.8,-99.8,-99.8,-99.8
2022-12-20 22:00:00,1017.2,14.7,74.0,8.3,8.0,11.6,9.0,0.0,-99.8,-99.8,-99.8,-99.8,-99.8,-99.8,-99.8
2022-12-20 23:00:00,1016.6,14.8,74.0,8.5,9.0,11.5,17.0,0.0,-99.8,-99.8,-99.8,-99.8,-99.8,-99.8,-99.8
2022-12-21 00:00:00,1015.7,14.9,75.0,9.1,9.0,12.1,16.0,0.0,-99.8,-99.8,-99.8,-99.8,-99.8,-99.8,-99.8
2022-12-21 01:00:00,1015.4,14.7,75.0,6.8,356.0,11.8,6.0,0.0,-99.8,-99.8,-99.8,-99.8,-99.8,-99.8,-99.8
2022-12-21 02:00:00,1015.4,15.0,77.0,5.2,356.0,10.1,4.0,0.0,-99.8,-99.8,-99.8,-99.8,-99.8,-99.8,-99.8
2022-12-21 03:00:00,1015.0,14.7,78.0,2.9,338.0,6.3,2.0,0.0,-99.8,-99.8,-99.8,-99.8,-99.8,-99.8,-99.8
2022-12-21 04:00:00,1014.7,14.7,78.0,1.7,339.0,6.5,339.0,0.0,-99.8,-99.8,-99.8,-99.8,-99.8,-99.8,-99.8
2022-12-21 05:00:00,1014.6,14.8,79.0,1.9,334.0,5.2,349.0,0.0,-99.8,-99.8,-99.8,-99.8,-99.8,-99.8,-99.8
2022-12-21 06:00:00,1014.8,15.0,80.0,2.0,341.0,3.9,349.0,0.0,-99.8,-99.8,-99.8,-99.8,-99.8,-99.8,-99.8
2022-12-21 07:00:00,1015.0,14.9,80.0,2.1,357.0,4.2,355.0,0.0,-99.8,-99.8,-99.8,-99.8,-99.8,-99.8,-99.8
2022-12-21 08:00:00,1015.6,15.4,72.0,2.6,343.0,4.8,341.0,0.0,-99.8,-99.8,-99.8,-99.8,-99.8,-99.8,-99.8
2022-12-21 09:00:00,1016.3,16.1,55.0,4.5,340.0,8.7,339.0,0.0,-99.8,-99.8,-99.8,-99.8,-99.8,-99.8,-99.8
2022-12-21 10:00:00,1016.0,15.6,58.0,4.6,347.0,10.1,352.0,0.0,-99.8,-99.8,-99.8,-99.8,-99.8,-99.8,-99.8
2022-12-21 11:00:00,1015.5,16.3,61.0,3.0,346.0,6.7,8.0,0.0,-99.8,-99.8,-99.8,-99.8,-99.8,-99.8,-99.8
2022-12-21 12:00:00,1014.5,16.5,53.0,3.1,346.0,5.5,323.0,0.0,-99.8,-99.8,-99.8,-99.8,-99.8,-99.8,-99.8
2022-12-21 13:00:00,1013.3,16.5,55.0,3.4,19.0,4.9,354.0,0.0,-99.8,-99.8,-99.8,-99.8,-99.8,-99.8,-99.8
2022-12-21 14:00:00,1012.7,16.3,55.0,4.9,27.0,7.5,24.0,0.0,-99.8,-99.8,-99.8,-99.8,-99.8,-99.8,-99.8
2022-12-21 15:00:00,1012.8,16.4,58.0,2.8,31.0,8.5,34.0,0.0,-99.8,-99.8,-99.8,-99.8,-99.8,-99.8,-99.8
2022-12-21 16:00:00,1012.9,16.1,63.0,1.8,58.0,5.4,32.0,0.0,-99.8,-99.8,-99.8,-99.8,-99.8,-99.8,-99.8
2022-12-21 17:00:00,1013.7,15.2,63.0,2.3,53.0,5.9,65.0,0.0,-99.8,-99.8,-99.8,-99.8,-99.8,-99.8,-99.8
2022-12-21 18:00:00,1014.6,14.9,64.0,1.3,50.0,4.9,55.0,0.0,-99.8,-99.8,-99.8,-99.8,-99.8,-99.8,-99.8
2022-12-21 19:00:00,1015.6,15.0,62.0,3.7,32.0,6.4,26.0,0.0,-99.8,-99.8,-99.8,-99.8,-99.8,-99.8,-99.8
2022-12-21 20:00:00,1015.8,14.8,62.0,4.2,32.0,7.1,47.0,0.0,-99.8,-99.8,-99.8,-99.8,-99.8,-99.8,-99.8
2022-12-21 21:00:00,1016.2,14.9,62.0,4.2,27.0,6.7,31.0,0.0,-99.8,-99.8,-99.8,-99.8,-99.8,-99.8,-99.8
2022-12-21 22:00:00,1016.2,14.7,60.0,4.1,24.0,7.3,27.0,0.0,-99.8,-99.8,-99.8,-99.8,-99.8,-99.8,-99.8
2022-12-21 23:00:00,1016.1,14.4,67.0,4.4,18.0,7.8,21.0,0.0,-99.8,-99.8,-99.8,-99.8,-99.8,-99.8,-99.8
2022-12-22 00:00:00,1016.1,14.2,68.0,4.8,17.0,8.7,21.0,0.0,-99.8,-99.8,-99.8,-99.8,-99.8,-99.8,-99.8
2022-12-22 01:00:00,1016.0,14.1,64.0,4.5,7.0,7.9,13.0,0.0,-99.8,-99.8,-99.8,-99.8,-99.8,-99.8,-99.8
2022-12-22 02:00:00,1016.1,13.7,49.0,5.2,9.0,7.4,4.0,0.0,-99.8,-99.8,-99.8,-99.8,-99.8,-99.8,-99.8
2022-12-22 03:00:00,1016.2,13.3,46.0,5.9,9.0,8.8,14.0,0.0,-99.8,-99.8,-99.8,-99.8,-99.8,-99.8,-99.8
2022-12-22 04:00:00,1016.4,13.1,45.0,4.6,9.0,7.5,15.0,0.0,-99.8,-99.8,-99.8,-99.8,-99.8,-99.8,-99.8
2022-12-22 05:00:00,1016.4,13.0,48.0,4.6,357.0,6.8,3.0,0.0,-99.8,-99.8,-99.8,-99.8,-99.8,-99.8,-99.8
2022-12-22 06:00:00,1016.7,12.2,63.0,1.7,328.0,6.3,360.0,0.0,-99.8,-99.8,-99.8,-99.8,-99.8,-99.8,-99.8
2022-12-22 07:00:00,1016.8,11.6,67.0,1.3,296.0,4.9,327.0,0.0,-99.8,-99.8,-99.8,-99.8,-99.8,-99.8,-99.8
2022-12-22 08:00:00,1017.0,13.0,59.0,2.3,333.0,4.9,328.0,0.0,-99.8,-99.8,-99.8,-99.8,-99.8,-99.8,-99.8
2022-12-22 09:00:00,1017.3,13.3,58.0,2.9,337.0,5.3,355.0,0.0,-99.8,-99.8,-99.8,-99.8,-99.8,-99.8,-99.8
2022-12-22 10:00:00,1017.1,13.5,58.0,2.3,338.0,5.4,325.0,0.0,-99.8,-99.8,-99.8,-99.8,-99.8,-99.8,-99.8
2022-12-22 11:00:00,1016.3,14.3,52.0,1.8,350.0,4.1,341.0,0.0,-99.8,-99.8,-99.8,-99.8,-99.8,-99.8,-99.8
2022-12-22 12:00:00,1015.2,14.6,54.0,1.9,9.0,4.9,16.0,0.0,-99.8,-99.8,-99.8,-99.8,-99.8,-99.8,-99.8
2022-12-22 13:00:00,1014.5,16.0,44.0,1.3,24.0,5.8,17.0,0.0,-99.8,-99.8,-99.8,-99.8,-99.8,-99.8,-99.8
2022-12-22 14:00:00,1014.3,15.0,40.0,2.4,164.0,3.8,176.0,0.0,-99.8,-99.8,-99.8,-99.8,-99.8,-99.8,-99.8
2022-12-22 15:00:00,1014.1,16.0,33.0,1.2,140.0,4.5,183.0,0.0,-99.8,-99.8,-99.8,-99.8,-99.8,-99.8,-99.8
2022-12-22 16:00:00,1014.7,15.0,38.0,2.1,174.0,3.5,184.0,0.0,-99.8,-99.8,-99.8,-99.8,-99.8,-99.8,-99.8
2022-12-22 17:00:00,1015.1,14.6,45.0,1.1,157.0,3.6,138.0,0.0,-99.8,-99.8,-99.8,-99.8,-99.8,-99.8,-99.8
2022-12-22 18:00:00,1015.7,13.9,51.0,1.2,155.0,3.7,137.0,0.0,-99.8,-99.8,-99.8,-99.8,-99.8,-99.8,-99.8
2022-12-22 19:00:00,1016.5,10.3,69.0,1.2,186.0,2.7,166.0,0.0,-99.8,-99.8,-99.8,-99.8,-99.8,-99.8,-99.8
2022-12-22 20:00:00,1017.3,10.7,71.0,0.6,213.0,1.6,201.0,0.0,-99.8,-99.8,-99.8,-99.8,-99.8,-99.8,-99.8
2022-12-22 21:00:00,1017.8,11.1,72.0,0.6,212.0,1.9,323.0,0.0,-99.8,-99.8,-99.8,-99.8,-99.8,-99.8,-99.8
2022-12-22 22:00:00,1018.3,13.0,63.0,1.3,318.0,4.0,3.0,0.0,-99.8,-99.8,-99.8,-99.8,-99.8,-99.8,-99.8
2022-12-22 23:00:00,1018.4,13.2,72.0,1.6,349.0,4.2,346.0,0.0,-99.8,-99.8,-99.8,-99.8,-99.8,-99.8,-99.8
2022-12-23 00:00:00,1018.6,14.2,66.0,5.1,12.0,5.1,10.0,0.0,-99.8,-99.8,-99.8,-99.8,-99.8,-99.8,-99.8
2022-12-23 01:00:00,1018.9,14.1,62.0,7.8,24.0,10.8,23.0,0.0,-99.8,-99.8,-99.8,-99.8,-99.8,-99.8,-99.8
2022-12-23 02:00:00,1018.9,13.6,75.0,8.1,20.0,12.1,30.0,0.0,-99.8,-99.8,-99.8,-99.8,-99.8,-99.8,-99.8
2022-12-23 03:00:00,1018.8,13.5,76.0,8.7,18.0,12.4,5.0,0.0,-99.8,-99.8,-99.8,-99.8,-99.8,-99.8,-99.8
2022-12-23 04:00:00,1018.7,13.1,75.0,9.4,20.0,13.0,25.0,0.0,-99.8,-99.8,-99.8,-99.8,-99.8,-99.8,-99.8
2022-12-23 05:00:00,1018.9,12.7,74.0,9.2,25.0,13.8,30.0,0.0,-99.8,-99.8,-99.8,-99.8,-99.8,-99.8,-99.8
2022-12-23 06:00:00,1019.5,12.3,71.0,9.2,27.0,14.7,29.0,0.0,-99.8,-99.8,-99.8,-99.8,-99.8,-99.8,-99.8
2022-12-23 07:00:00,1020.5,12.3,69.0,7.3,30.0,14.0,29.0,0.0,-99.8,-99.8,-99.8,-99.8,-99.8,-99.8,-99.8
2022-12-23 08:00:00,1021.5,12.2,66.0,7.5,33.0,12.8,23.0,0.0,-99.8,-99.8,-99.8,-99.8,-99.8,-99.8,-99.8
2022-12-23 09:00:00,1022.3,11.6,56.0,7.8,31.0,13.9,31.0,0.0,-99.8,-99.8,-99.8,-99.8,-99.8,-99.8,-99.8
2022-12-23 10:00:00,1022.4,11.3,56.0,8.7,32.0,14.3,22.0,0.0,-99.8,-99.8,-99.8,-99.8,-99.8,-99.8,-99.8
2022-12-23 11:00:00,1022.2,11.1,54.0,7.7,34.0,15.3,19.0,0.0,-99.8,-99.8,-99.8,-99.8,-99.8,-99.8,-99.8
2022-12-23 12:00:00,1021.5,11.4,47.0,7.5,34.0,14.6,32.0,0.0,-99.8,-99.8,-99.8,-99.8,-99.8,-99.8,-99.8
2022-12-23 13:00:00,1020.7,11.5,42.0,6.3,31.0,15.0,33.0,0.0,-99.8,-99.8,-99.8,-99.8,-99.8,-99.8,-99.8
2022-12-23 14:00:00,1020.2,12.0,46.0,5.0,32.0,11.9,29.0,0.0,-99.8,-99.8,-99.8,-99.8,-99.8,-99.8,-99.8
2022-12-23 15:00:00,1020.1,12.3,46.0,2.8,43.0,9.9,39.0,0.0,-99.8,-99.8,-99.8,-99.8,-99.8,-99.8,-99.8
2022-12-23 16:00:00,1020.4,11.6,49.0,3.4,56.0,7.4,45.0,0.0,-99.8,-99.8,-99.8,-99.8,-99.8,-99.8,-99.8
2022-12-23 17:00:00,1020.7,11.2,52.0,3.1,53.0,8.8,71.0,0.0,-99.8,-99.8,-99.8,-99.8,-99.8,-99.8,-99.8
2022-12-23 18:00:00,1021.5,11.1,54.0,2.5,43.0,7.6,60.0,0.0,-99.8,-99.8,-99.8,-99.8,-99.8,-99.8,-99.8
2022-12-23 19:00:00,1021.9,11.1,53.0,2.9,34.0,6.8,29.0,0.0,-99.8,-99.8,-99.8,-99.8,-99.8,-99.8,-99.8
2022-12-23 20:00:00,1022.5,11.4,52.0,4.1,35.0,7.8,20.0,0.0,-99.8,-99.8,-99.8,-99.8,-99.8,-99.8,-99.8
2022-12-23 21:00:00,1023.0,11.6,53.0,4.1,34.0,8.1,17.0,0.0,-99.8,-99.8,-99.8,-99.8,-99.8,-99.8,-99.8
2022-12-23 22:00:00,1023.1,11.6,52.0,4.4,33.0,8.1,41.0,0.0,-99.8,-99.8,-99.8,-99.8,-99.8,-99.8,-99.8
2022-12-23 23:00:00,1023.0,11.5,50.0,5.9,28.0,9.5,32.0,0.0,-99.8,-99.8,-99.8,-99.8,-99.8,-99.8,-99.8
2022-12-24 00:00:00,1022.7,11.3,53.0,6.3,23.0,9.8,21.0,0.0,-99.8,-99.8,-99.8,-99.8,-99.8,-99.8,-99.8
2022-12-24 01:00:00,1022.6,11.1,52.0,6.6,24.0,9.7,13.0,0.0,-99.8,-99.8,-99.8,-99.8,-99.8,-99.8,-99.8
2022-12-24 02:00:00,1022.9,10.8,58.0,6.1,25.0,9.9,30.0,0.0,-99.8,-99.8,-99.8,-99.8,-99.8,-99.8,-99.8
2022-12-24 03:00:00,1022.8,10.5,55.0,6.1,28.0,10.5,29.0,0.0,-99.8,-99.8,-99.8,-99.8,-99.8,-99.8,-99.8
2022-12-24 04:00:00,1022.9,10.3,57.0,6.5,28.0,10.6,16.0,0.0,-99.8,-99.8,-99.8,-99.8,-99.8,-99.8,-99.8
2022-12-24 05:00:00,1023.0,10.1,58.0,6.5,25.0,9.6,29.0,0.0,-99.8,-99.8,-99.8,-99.8,-99.8,-99.8,-99.8
2022-12-24 06:00:00,1023.3,10.1,59.0,6.8,26.0,10.2,30.0,0.0,-99.8,-99.8,-99.8,-99.8,-99.8,-99.8,-99.8
2022-12-24 07:00:00,1023.7,10.0,59.0,5.4,33.0,10.0,26.0,0.0,-99.8,-99.8,-99.8,-99.8,-99.8,-99.8,-99.8
2022-12-24 08:00:00,1024.3,10.5,61.0,6.3,27.0,9.6,34.0,0.0,-99.8,-99.8,-99.8,-99.8,-99.8,-99.8,-99.8
2022-12-24 09:00:00,1025.1,11.1,56.0,5.6,28.0,10.0,28.0,0.0,-99.8,-99.8,-99.8,-99.8,-99.8,-99.8,-99.8
2022-12-24 10:00:00,1025.3,11.4,56.0,5.9,26.0,9.2,31.0,0.0,-99.8,-99.8,-99.8,-99.8,-99.8,-99.8,-99.8
2022-12-24 11:00:00,1024.6,11.8,57.0,6.6,22.0,10.5,13.0,0.0,-99.8,-99.8,-99.8,-99.8,-99.8,-99.8,-99.8
2022-12-24 12:00:00,1024.0,11.9,45.0,5.6,27.0,10.6,23.0,0.0,-99.8,-99.8,-99.8,-99.8,-99.8,-99.8,-99.8
2022-12-24 13:00:00,1023.1,12.3,45.0,5.1,27.0,9.5,32.0,0.0,-99.8,-99.8,-99.8,-99.8,-99.8,-99.8,-99.8
2022-12-24 14:00:00,1022.5,12.5,41.0,4.5,33.0,8.5,33.0,0.0,-99.8,-99.8,-99.8,-99.8,-99.8,-99.8,-99.8
2022-12-24 15:00:00,1022.1,13.1,39.0,2.4,49.0,6.8,24.0,0.0,-99.8,-99.8,-99.8,-99.8,-99.8,-99.8,-99.8
2022-12-24 16:00:00,1022.3,13.1,39.0,2.0,51.0,7.2,34.0,0.0,-99.8,-99.8,-99.8,-99.8,-99.8,-99.8,-99.8
2022-12-24 17:00:00,1022.7,12.1,42.0,2.7,47.0,5.9,23.0,0.0,-99.8,-99.8,-99.8,-99.8,-99.8,-99.8,-99.8
2022-12-24 18:00:00,1022.9,12.3,44.0,2.2,57.0,6.3,26.0,0.0,-99.8,-99.8,-99.8,-99.8,-99.8,-99.8,-99.8
2022-12-24 19:00:00,1023.0,12.3,43.0,1.7,54.0,6.6,77.0,0.0,-99.8,-99.8,-99.8,-99.8,-99.8,-99.8,-99.8
2022-12-24 20:00:00,1023.3,12.6,45.0,2.8,37.0,6.4,31.0,0.0,-99.8,-99.8,-99.8,-99.8,-99.8,-99.8,-99.8
2022-12-24 21:00:00,1023.8,12.7,45.0,3.9,35.0,7.4,25.0,0.0,-99.8,-99.8,-99.8,-99.8,-99.8,-99.8,-99.8
2022-12-24 22:00:00,1023.9,12.5,46.0,3.8,35.0,8.2,30.0,0.0,-99.8,-99.8,-99.8,-99.8,-99.8,-99.8,-99.8
2022-12-24 23:00:00,1024.0,12.5,48.0,4.4,36.0,8.8,19.0,0.0,-99.8,-99.8,-99.8,-99.8,-99.8,-99.8,-99.8
2022-12-25 00:00:00,1024.0,12.2,57.0,6.4,30.0,10.0,32.0,0.0,-99.8,-99.8,-99.8,-99.8,-99.8,-99.8,-99.8
2022-12-25 01:00:00,1023.8,11.9,56.0,6.4,27.0,10.6,32.0,0.0,-99.8,-99.8,-99.8,-99.8,-99.8,-99.8,-99.8
2022-12-25 02:00:00,1023.8,11.8,54.0,6.0,26.0,10.8,34.0,0.0,-99.8,-99.8,-99.8,-99.8,-99.8,-99.8,-99.8
2022-12-25 03:00:00,1023.6,11.5,50.0,5.8,29.0,10.7,20.0,0.0,-99.8,-99.8,-99.8,-99.8,-99.8,-99.8,-99.8
2022-12-25 04:00:00,1023.4,11.2,53.0,6.5,22.0,9.4,29.0,0.0,-99.8,-99.8,-99.8,-99.8,-99.8,-99.8,-99.8
2022-12-25 05:00:00,1023.9,11.0,52.0,6.8,20.0,10.5,15.0,0.0,-99.8,-99.8,-99.8,-99.8,-99.8,-99.8,-99.8
2022-12-25 06:00:00,1024.4,10.9,52.0,7.3,26.0,11.5,33.0,0.0,-99.8,-99.8,-99.8,-99.8,-99.8,-99.8,-99.8
2022-12-25 07:00:00,1024.1,10.8,58.0,8.5,25.0,12.8,23.0,0.0,-99.8,-99.8,-99.8,-99.8,-99.8,-99.8,-99.8
2022-12-25 08:00:00,1025.0,11.1,57.0,8.8,27.0,13.1,30.0,0.0,-99.8,-99.8,-99.8,-99.8,-99.8,-99.8,-99.8
2022-12-25 09:00:00,1025.7,11.7,58.0,7.5,29.0,13.0,21.0,0.0,-99.8,-99.8,-99.8,-99.8,-99.8,-99.8,-99.8
2022-12-25 10:00:00,1026.1,11.7,53.0,6.5,29.0,12.2,24.0,0.0,-99.8,-99.8,-99.8,-99.8,-99.8,-99.8,-99.8
2022-12-25 11:00:00,1025.7,11.9,48.0,6.6,33.0,12.7,30.0,0.0,-99.8,-99.8,-99.8,-99.8,-99.8,-99.8,-99.8
2022-12-25 12:00:00,1024.6,11.7,48.0,7.6,28.0,12.3,34.0,0.0,-99.8,-99.8,-99.8,-99.8,-99.8,-99.8,-99.8
2022-12-25 13:00:00,1023.9,11.9,42.0,7.5,31.0,13.1,23.0,0.0,-99.8,-99.8,-99.8,-99.8,-99.8,-99.8,-99.8
2022-12-25 14:00:00,1023.7,12.0,40.0,5.8,30.0,11.6,19.0,0.0,-99.8,-99.8,-99.8,-99.8,-99.8,-99.8,-99.8
2022-12-25 15:00:00,1023.7,11.7,47.0,5.4,31.0,10.8,23.0,0.0,-99.8,-99.8,-99.8,-99.8,-99.8,-99.8,-99.8
2022-12-25 16:00:00,1024.1,11.8,48.0,3.6,37.0,8.5,37.0,0.0,-99.8,-99.8,-99.8,-99.8,-99.8,-99.8,-99.8
2022-12-25 17:00:00,1024.5,10.9,52.0,3.7,36.0,8.7,23.0,0.0,-99.8,-99.8,-99.8,-99.8,-99.8,-99.8,-99.8
2022-12-25 18:00:00,1024.8,10.9,47.0,5.3,33.0,9.1,28.0,0.0,-99.8,-99.8,-99.8,-99.8,-99.8,-99.8,-99.8
2022-12-25 19:00:00,1024.8,10.9,50.0,5.4,33.0,10.9,30.0,0.0,-99.8,-99.8,-99.8,-99.8,-99.8,-99.8,-99.8
2022-12-25 20:00:00,1025.0,11.0,51.0,6.6,31.0,12.6,24.0,0.0,-99.8,-99.8,-99.8,-99.8,-99.8,-99.8,-99.8
2022-12-25 21:00:00,1025.5,11.1,57.0,5.8,34.0,13.5,34.0,0.0,-99.8,-99.8,-99.8,-99.8,-99.8,-99.8,-99.8
2022-12-25 22:00:00,1025.8,11.6,62.0,5.4,36.0,11.9,25.0,0.0,-99.8,-99.8,-99.8,-99.8,-99.8,-99.8,-99.8
2022-12-25 23:00:00,1025.8,11.6,64.0,8.3,26.0,12.2,28.0,0.0,-99.8,-99.8,-99.8,-99.8,-99.8,-99.8,-99.8
2022-12-26 00:00:00,1025.6,11.7,66.0,7.9,26.0,13.0,17.0,0.0,-99.8,-99.8,-99.8,-99.8,-99.8,-99.8,-99.8
2022-12-26 01:00:00,1025.4,11.2,65.0,8.5,28.0,13.2,22.0,0.0,-99.8,-99.8,-99.8,-99.8,-99.8,-99.8,-99.8
2022-12-26 02:00:00,1025.2,11.0,67.0,7.8,23.0,12.5,35.0,0.0,-99.8,-99.8,-99.8,-99.8,-99.8,-99.8,-99.8
2022-12-26 03:00:00,1024.7,10.7,66.0,7.8,23.0,11.8,27.0,0.0,-99.8,-99.8,-99.8,-99.8,-99.8,-99.8,-99.8
2022-12-26 04:00:00,1024.6,10.6,67.0,8.1,21.0,11.9,11.0,0.0,-99.8,-99.8,-99.8,-99.8,-99.8,-99.8,-99.8
2022-12-26 05:00:00,1024.6,10.3,71.0,8.9,16.0,12.6,22.0,0.0,-99.8,-99.8,-99.8,-99.8,-99.8,-99.8,-99.8
2022-12-26 06:00:00,1024.7,10.2,73.0,8.7,14.0,16.7,360.0,0.0,-99.8,-99.8,-99.8,-99.8,-99.8,-99.8,-99.8
2022-12-26 07:00:00,1024.7,9.7,73.0,9.3,18.0,15.2,360.0,0.0,-99.8,-99.8,-99.8,-99.8,-99.8,-99.8,-99.8
2022-12-26 08:00:00,1025.2,10.2,73.0,7.9,24.0,12.4,15.0,0.0,-99.8,-99.8,-99.8,-99.8,-99.8,-99.8,-99.8
2022-12-26 09:00:00,1025.9,10.3,67.0,7.8,23.0,12.3,12.0,0.0,-99.8,-99.8,-99.8,-99.8,-99.8,-99.8,-99.8
2022-12-26 10:00:00,1026.5,11.2,68.0,8.2,14.0,11.2,10.0,0.0,-99.8,-99.8,-99.8,-99.8,-99.8,-99.8,-99.8
2022-12-26 11:00:00,1025.6,11.5,68.0,7.5,17.0,11.7,11.0,0.0,-99.8,-99.8,-99.8,-99.8,-99.8,-99.8,-99.8
2022-12-26 12:00:00,1025.0,11.6,67.0,7.3,14.0,9.9,7.0,0.0,-99.8,-99.8,-99.8,-99.8,-99.8,-99.8,-99.8
2022-12-26 13:00:00,1024.3,11.6,69.0,6.2,20.0,9.8,16.0,0.0,-99.8,-99.8,-99.8,-99.8,-99.8,-99.8,-99.8
2022-12-26 14:00:00,1023.8,11.6,64.0,4.9,31.0,9.6,21.0,0.0,-99.8,-99.8,-99.8,-99.8,-99.8,-99.8,-99.8
2022-12-26 15:00:00,1023.4,11.5,67.0,5.3,31.0,9.7,27.0,0.0,-99.8,-99.8,-99.8,-99.8,-99.8,-99.8,-99.8
2022-12-26 16:00:00,1023.5,11.7,68.0,5.7,32.0,8.9,30.0,0.0,-99.8,-99.8,-99.8,-99.8,-99.8,-99.8,-99.8
2022-12-26 17:00:00,1023.6,11.8,71.0,5.8,32.0,9.6,36.0,0.0,-99.8,-99.8,-99.8,-99.8,-99.8,-99.8,-99.8
2022-12-26 18:00:00,1024.1,12.1,73.0,5.1,33.0,9.5,34.0,0.0,-99.8,-99.8,-99.8,-99.8,-99.8,-99.8,-99.8
2022-12-26 19:00:00,1024.6,12.5,75.0,5.8,32.0,10.3,24.0,0.0,-99.8,-99.8,-99.8,-99.8,-99.8,-99.8,-99.8
2022-12-26 20:00:00,1024.8,12.6,80.0,6.9,29.0,10.4,32.0,0.0,-99.8,-99.8,-99.8,-99.8,-99.8,-99.8,-99.8
2022-12-26 21:00:00,1025.1,12.9,80.0,7.9,27.0,11.3,36.0,0.0,-99.8,-99.8,-99.8,-99.8,-99.8,-99.8,-99.8
2022-12-26 22:00:00,1024.9,12.7,80.0,9.3,24.0,12.8,19.0,0.0,-99.8,-99.8,-99.8,-99.8,-99.8,-99.8,-99.8
2022-12-26 23:00:00,1024.7,12.8,81.0,9.5,23.0,13.5,20.0,0.0,-99.8,-99.8,-99.8,-99.8,-99.8,-99.8,-99.8
2022-12-27 00:00:00,1024.9,12.5,80.0,9.8,22.0,13.9,39.0,0.0,-99.8,-99.8,-99.8,-99.8,-99.8,-99.8,-99.8
2022-12-27 01:00:00,1025.0,12.5,79.0,10.1,23.0,14.4,22.0,0.0,-99.8,-99.8,-99.8,-99.8,-99.8,-99.8,-99.8
2022-12-27 02:00:00,1025.0,12.1,76.0,10.9,23.0,15.5,28.0,0.0,-99.8,-99.8,-99.8,-99.8,-99.8,-99.8,-99.8
2022-12-27 03:00:00,1025.1,11.9,77.0,11.5,20.0,15.9,12.0,0.0,-99.8,-99.8,-99.8,-99.8,-99.8,-99.8,-99.8
2022-12-27 04:00:00,1024.4,11.7,78.0,11.7,23.0,18.1,28.0,0.0,-99.8,-99.8,-99.8,-99.8,-99.8,-99.8,-99.8
2022-12-27 05:00:00,1024.5,11.6,80.0,10.6,27.0,16.1,21.0,0.0,-99.8,-99.8,-99.8,-99.8,-99.8,-99.8,-99.8
2022-12-27 06:00:00,1025.1,12.0,76.0,10.8,23.0,15.4,22.0,0.0,-99.8,-99.8,-99.8,-99.8,-99.8,-99.8,-99.8
2022-12-27 07:00:00,1025.8,11.6,77.0,11.8,18.0,17.7,12.0,0.0,-99.8,-99.8,-99.8,-99.8,-99.8,-99.8,-99.8
2022-12-27 08:00:00,1027.0,11.6,76.0,10.9,24.0,17.2,21.0,0.0,-99.8,-99.8,-99.8,-99.8,-99.8,-99.8,-99.8
2022-12-27 09:00:00,1027.2,11.5,75.0,11.1,25.0,16.2,21.0,0.0,-99.8,-99.8,-99.8,-99.8,-99.8,-99.8,-99.8
2022-12-27 10:00:00,1026.9,11.9,74.0,10.5,26.0,16.4,18.0,0.0,-99.8,-99.8,-99.8,-99.8,-99.8,-99.8,-99.8
2022-12-27 11:00:00,1026.6,12.0,73.0,10.3,27.0,16.1,19.0,0.0,-99.8,-99.8,-99.8,-99.8,-99.8,-99.8,-99.8
2022-12-27 12:00:00,1025.6,12.4,72.0,9.5,30.0,15.1,30.0,0.0,-99.8,-99.8,-99.8,-99.8,-99.8,-99.8,-99.8
2022-12-27 13:00:00,1024.8,12.4,71.0,10.2,26.0,14.9,29.0,0.0,-99.8,-99.8,-99.8,-99.8,-99.8,-99.8,-99.8
2022-12-27 14:00:00,1024.5,12.1,71.0,10.0,24.0,15.7,22.0,0.0,-99.8,-99.8,-99.8,-99.8,-99.8,-99.8,-99.8
2022-12-27 15:00:00,1024.1,12.1,69.0,9.5,28.0,14.9,17.0,0.0,-99.8,-99.8,-99.8,-99.8,-99.8,-99.8,-99.8
2022-12-27 16:00:00,1024.6,12.3,68.0,8.1,28.0,14.5,32.0,0.0,-99.8,-99.8,-99.8,-99.8,-99.8,-99.8,-99.8
2022-12-27 17:00:00,1025.1,12.1,74.0,7.8,29.0,12.8,22.0,0.0,-99.8,-99.8,-99.8,-99.8,-99.8,-99.8,-99.8
2022-12-27 18:00:00,1025.5,12.3,78.0,7.7,31.0,12.5,41.0,0.0,-99.8,-99.8,-99.8,-99.8,-99.8,-99.8,-99.8
2022-12-27 19:00:00,1025.5,12.4,79.0,8.9,27.0,13.4,27.0,0.0,-99.8,-99.8,-99.8,-99.8,-99.8,-99.8,-99.8
2022-12-27 20:00:00,1025.6,12.2,79.0,9.4,26.0,13.5,29.0,0.0,-99.8,-99.8,-99.8,-99.8,-99.8,-99.8,-99.8
2022-12-27 21:00:00,1025.6,11.9,72.0,10.2,26.0,15.6,31.0,0.0,-99.8,-99.8,-99.8,-99.8,-99.8,-99.8,-99.8
2022-12-27 22:00:00,1025.7,11.9,68.0,9.9,25.0,14.7,30.0,0.0,-99.8,-99.8,-99.8,-99.8,-99.8,-99.8,-99.8
2022-12-27 23:00:00,1025.5,12.2,70.0,10.2,21.0,14.7,22.0,0.0,-99.8,-99.8,-99.8,-99.8,-99.8,-99.8,-99.8
2022-12-28 00:00:00,1025.4,12.0,71.0,9.6,23.0,14.6,30.0,0.0,-99.8,-99.8,-99.8,-99.8,-99.8,-99.8,-99.8
2022-12-28 01:00:00,1025.2,12.0,73.0,10.5,16.0,14.3,17.0,0.0,-99.8,-99.8,-99.8,-99.8,-99.8,-99.8,-99.8
2022-12-28 02:00:00,1024.7,11.9,73.0,10.0,18.0,14.8,11.0,0.0,-99.8,-99.8,-99.8,-99.8,-99.8,-99.8,-99.8
2022-12-28 03:00:00,1024.6,11.8,71.0,10.7,18.0,15.5,15.0,0.0,-99.8,-99.8,-99.8,-99.8,-99.8,-99.8,-99.8
2022-12-28 04:00:00,1024.3,11.8,72.0,10.2,23.0,15.2,19.0,0.0,-99.8,-99.8,-99.8,-99.8,-99.8,-99.8,-99.8
2022-12-28 05:00:00,1024.4,11.7,71.0,10.8,20.0,15.7,26.0,0.0,-99.8,-99.8,-99.8,-99.8,-99.8,-99.8,-99.8
2022-12-28 06:00:00,1025.1,11.6,71.0,10.6,23.0,15.6,23.0,0.0,-99.8,-99.8,-99.8,-99.8,-99.8,-99.8,-99.8
2022-12-28 07:00:00,1025.3,11.9,73.0,9.8,25.0,14.5,17.0,0.0,-99.8,-99.8,-99.8,-99.8,-99.8,-99.8,-99.8
2022-12-28 08:00:00,1026.2,11.8,74.0,10.2,24.0,15.1,32.0,0.0,-99.8,-99.8,-99.8,-99.8,-99.8,-99.8,-99.8
2022-12-28 09:00:00,1026.5,11.6,75.0,10.4,23.0,15.7,19.0,0.0,-99.8,-99.8,-99.8,-99.8,-99.8,-99.8,-99.8
2022-12-28 10:00:00,1026.7,12.0,78.0,11.1,21.0,16.2,22.0,0.0,-99.8,-99.8,-99.8,-99.8,-99.8,-99.8,-99.8
2022-12-28 11:00:00,1026.4,11.9,77.0,11.6,22.0,17.1,16.0,0.0,-99.8,-99.8,-99.8,-99.8,-99.8,-99.8,-99.8
2022-12-28 12:00:00,1025.5,11.7,77.0,11.8,24.0,16.6,30.0,0.0,-99.8,-99.8,-99.8,-99.8,-99.8,-99.8,-99.8
2022-12-28 13:00:00,1024.2,11.5,79.0,12.3,24.0,17.7,19.0,0.0,-99.8,-99.8,-99.8,-99.8,-99.8,-99.8,-99.8
2022-12-28 14:00:00,1024.0,11.8,83.0,11.7,23.0,17.4,16.0,0.0,-99.8,-99.8,-99.8,-99.8,-99.8,-99.8,-99.8
2022-12-28 15:00:00,1023.9,11.8,82.0,12.5,21.0,17.5,24.0,0.0,-99.8,-99.8,-99.8,-99.8,-99.8,-99.8,-99.8
2022-12-28 16:00:00,1024.5,11.7,79.0,12.1,23.0,18.3,18.0,0.0,-99.8,-99.8,-99.8,-99.8,-99.8,-99.8,-99.8
2022-12-28 17:00:00,1025.2,11.8,78.0,12.0,26.0,17.2,23.0,0.0,-99.8,-99.8,-99.8,-99.8,-99.8,-99.8,-99.8
2022-12-28 18:00:00,1025.8,11.9,77.0,11.9,24.0,17.2,21.0,0.0,-99.8,-99.8,-99.8,-99.8,-99.8,-99.8,-99.8
2022-12-28 19:00:00,1026.4,12.0,74.0,12.3,24.0,18.9,32.0,0.0,-99.8,-99.8,-99.8,-99.8,-99.8,-99.8,-99.8
2022-12-28 20:00:00,1027.0,12.1,67.0,11.2,29.0,18.3,20.0,0.0,-99.8,-99.8,-99.8,-99.8,-99.8,-99.8,-99.8
2022-12-28 21:00:00,1027.6,12.3,68.0,12.3,26.0,18.6,29.0,0.0,-99.8,-99.8,-99.8,-99.8,-99.8,-99.8,-99.8
2022-12-28 22:00:00,1027.7,12.2,66.0,12.3,27.0,18.5,35.0,0.0,-99.8,-99.8,-99.8,-99.8,-99.8,-99.8,-99.8
2022-12-28 23:00:00,1027.6,11.8,70.0,12.0,27.0,18.5,30.0,0.0,-99.8,-99.8,-99.8,-99.8,-99.8,-99.8,-99.8
2022-12-29 00:00:00,1027.4,12.0,71.0,12.2,26.0,17.8,30.0,0.0,-99.8,-99.8,-99.8,-99.8,-99.8,-99.8,-99.8
2022-12-29 01:00:00,1027.1,11.9,69.0,13.2,23.0,17.7,31.0,0.0,-99.8,-99.8,-99.8,-99.8,-99.8,-99.8,-99.8
2022-12-29 02:00:00,1026.6,11.5,71.0,12.5,25.0,19.5,27.0,0.0,-99.8,-99.8,-99.8,-99.8,-99.8,-99.8,-99.8
2022-12-29 03:00:00,1025.9,11.6,71.0,12.8,20.0,17.8,31.0,0.0,-99.8,-99.8,-99.8,-99.8,-99.8,-99.8,-99.8
2022-12-29 04:00:00,1026.0,11.3,69.0,13.0,21.0,18.6,29.0,0.0,-99.8,-99.8,-99.8,-99.8,-99.8,-99.8,-99.8
2022-12-29 05:00:00,1025.9,10.9,69.0,12.1,20.0,17.7,26.0,0.0,-99.8,-99.8,-99.8,-99.8,-99.8,-99.8,-99.8
2022-12-29 06:00:00,1026.0,11.1,69.0,11.6,25.0,17.8,30.0,0.0,-99.8,-99.8,-99.8,-99.8,-99.8,-99.8,-99.8
2022-12-29 07:00:00,1026.5,11.4,68.0,11.9,26.0,18.0,21.0,0.0,-99.8,-99.8,-99.8,-99.8,-99.8,-99.8,-99.8
2022-12-29 08:00:00,1026.9,11.2,69.0,12.1,23.0,17.8,29.0,0.0,-99.8,-99.8,-99.8,-99.8,-99.8,-99.8,-99.8
2022-12-29 09:00:00,1027.5,11.2,74.0,11.6,23.0,17.0,29.0,0.0,-99.8,-99.8,-99.8,-99.8,-99.8,-99.8,-99.8
2022-12-29 10:00:00,1027.7,11.0,71.0,12.1,18.0,17.2,14.0,0.0,-99.8,-99.8,-99.8,-99.8,-99.8,-99.8,-99.8
2022-12-29 11:00:00,1027.2,11.4,72.0,12.5,17.0,17.7,6.0,0.0,-99.8,-99.8,-99.8,-99.8,-99.8,-99.8,-99.8
2022-12-29 12:00:00,1026.1,11.5,72.0,11.5,20.0,17.2,7.0,0.0,-99.8,-99.8,-99.8,-99.8,-99.8,-99.8,-99.8
2022-12-29 13:00:00,1025.2,11.6,73.0,11.7,17.0,16.2,12.0,0.0,-99.8,-99.8,-99.8,-99.8,-99.8,-99.8,-99.8
2022-12-29 14:00:00,1024.4,11.5,78.0,10.9,26.0,16.2,18.0,0.0,-99.8,-99.8,-99.8,-99.8,-99.8,-99.8,-99.8
2022-12-29 15:00:00,1024.8,11.4,80.0,11.1,23.0,16.2,22.0,0.0,-99.8,-99.8,-99.8,-99.8,-99.8,-99.8,-99.8
2022-12-29 16:00:00,1025.3,11.3,80.0,11.8,18.0,17.8,22.0,0.0,-99.8,-99.8,-99.8,-99.8,-99.8,-99.8,-99.8
2022-12-29 17:00:00,1026.1,11.3,80.0,12.2,25.0,18.5,12.0,0.0,-99.8,-99.8,-99.8,-99.8,-99.8,-99.8,-99.8
2022-12-29 18:00:00,1026.4,10.8,82.0,11.6,29.0,19.0,29.0,0.0,-99.8,-99.8,-99.8,-99.8,-99.8,-99.8,-99.8
2022-12-29 19:00:00,1027.3,10.9,83.0,12.9,19.0,18.3,30.0,0.0,-99.8,-99.8,-99.8,-99.8,-99.8,-99.8,-99.8
2022-12-29 20:00:00,1027.7,10.5,84.0,12.9,21.0,18.4,20.0,0.0,-99.8,-99.8,-99.8,-99.8,-99.8,-99.8,-99.8
2022-12-29 21:00:00,1027.9,10.4,86.0,13.3,21.0,18.9,33.0,0.0,-99.8,-99.8,-99.8,-99.8,-99.8,-99.8,-99.8
2022-12-29 22:00:00,1028.4,10.6,86.0,13.1,19.0,19.4,23.0,0.0,-99.8,-99.8,-99.8,-99.8,-99.8,-99.8,-99.8
2022-12-29 23:00:00,1028.0,10.2,84.0,12.1,26.0,19.8,16.0,0.0,-99.8,-99.8,-99.8,-99.8,-99.8,-99.8,-99.8
2022-12-30 00:00:00,1028.2,10.2,84.0,13.6,21.0,19.2,24.0,0.0,-99.8,-99.8,-99.8,-99.8,-99.8,-99.8,-99.8
2022-12-30 01:00:00,1027.9,10.5,86.0,12.7,23.0,19.6,23.0,0.0,-99.8,-99.8,-99.8,-99.8,-99.8,-99.8,-99.8
2022-12-30 02:00:00,1027.7,10.3,87.0,12.3,20.0,19.8,27.0,0.0,-99.8,-99.8,-99.8,-99.8,-99.8,-99.8,-99.8
2022-12-30 03:00:00,1027.4,10.2,88.0,12.6,19.0,18.4,12.0,0.0,-99.8,-99.8,-99.8,-99.8,-99.8,-99.8,-99.8
2022-12-30 04:00:00,1026.9,10.3,83.0,12.2,22.0,18.4,14.0,0.0,-99.8,-99.8,-99.8,-99.8,-99.8,-99.8,-99.8
2022-12-30 05:00:00,1027.1,10.5,84.0,11.1,22.0,17.7,24.0,0.0,-99.8,-99.8,-99.8,-99.8,-99.8,-99.8,-99.8
2022-12-30 06:00:00,1027.3,10.8,83.0,11.3,24.0,17.1,23.0,0.0,-99.8,-99.8,-99.8,-99.8,-99.8,-99.8,-99.8
2022-12-30 07:00:00,1027.5,10.8,78.0,11.5,22.0,16.4,26.0,0.0,-99.8,-99.8,-99.8,-99.8,-99.8,-99.8,-99.8
2022-12-30 08:00:00,1027.6,10.7,80.0,11.8,18.0,16.7,20.0,0.0,-99.8,-99.8,-99.8,-99.8,-99.8,-99.8,-99.8
2022-12-30 09:00:00,1028.1,10.4,82.0,11.4,22.0,16.7,13.0,0.0,-99.8,-99.8,-99.8,-99.8,-99.8,-99.8,-99.8
2022-12-30 10:00:00,1027.9,10.8,79.0,12.1,23.0,16.7,31.0,0.0,-99.8,-99.8,-99.8,-99.8,-99.8,-99.8,-99.8
2022-12-30 11:00:00,1027.2,10.7,79.0,12.1,22.0,17.5,16.0,0.0,-99.8,-99.8,-99.8,-99.8,-99.8,-99.8,-99.8
2022-12-30 12:00:00,1026.6,10.7,80.0,12.2,20.0,17.3,21.0,0.0,-99.8,-99.8,-99.8,-99.8,-99.8,-99.8,-99.8
2022-12-30 13:00:00,1025.8,10.9,80.0,11.7,21.0,17.5,26.0,0.0,-99.8,-99.8,-99.8,-99.8,-99.8,-99.8,-99.8
2022-12-30 14:00:00,1025.7,10.9,80.0,12.0,19.0,17.6,29.0,0.0,-99.8,-99.8,-99.8,-99.8,-99.8,-99.8,-99.8
2022-12-30 15:00:00,1025.4,11.7,78.0,11.5,22.0,17.1,30.0,0.0,-99.8,-99.8,-99.8,-99.8,-99.8,-99.8,-99.8
2022-12-30 16:00:00,1025.8,11.7,77.0,11.4,27.0,17.0,29.0,0.0,-99.8,-99.8,-99.8,-99.8,-99.8,-99.8,-99.8
2022-12-30 17:00:00,1026.5,11.9,78.0,11.6,25.0,17.4,28.0,0.0,-99.8,-99.8,-99.8,-99.8,-99.8,-99.8,-99.8
2022-12-30 18:00:00,1026.7,12.0,76.0,12.5,27.0,18.0,30.0,0.0,-99.8,-99.8,-99.8,-99.8,-99.8,-99.8,-99.8
2022-12-30 19:00:00,1027.3,12.1,77.0,11.8,27.0,17.5,33.0,0.0,-99.8,-99.8,-99.8,-99.8,-99.8,-99.8,-99.8
2022-12-30 20:00:00,1027.7,11.9,78.0,11.5,29.0,18.1,28.0,0.0,-99.8,-99.8,-99.8,-99.8,-99.8,-99.8,-99.8
2022-12-30 21:00:00,1028.3,11.9,79.0,12.0,27.0,18.7,25.0,0.0,-99.8,-99.8,-99.8,-99.8,-99.8,-99.8,-99.8
2022-12-30 22:00:00,1028.7,11.5,79.0,12.5,25.0,17.9,21.0,0.0,-99.8,-99.8,-99.8,-99.8,-99.8,-99.8,-99.8
2022-12-30 23:00:00,1028.1,11.3,79.0,12.5,25.0,17.8,29.0,0.0,-99.8,-99.8,-99.8,-99.8,-99.8,-99.8,-99.8
2022-12-31 00:00:00,1028.0,11.2,80.0,12.1,24.0,18.0,27.0,0.0,-99.8,-99.8,-99.8,-99.8,-99.8,-99.8,-99.8
2022-12-31 01:00:00,1027.6,10.9,80.0,12.5,22.0,17.6,31.0,0.0,-99.8,-99.8,-99.8,-99.8,-99.8,-99.8,-99.8
2022-12-31 02:00:00,1027.4,11.3,79.0,11.7,21.0,17.5,19.0,0.0,-99.8,-99.8,-99.8,-99.8,-99.8,-99.8,-99.8
2022-12-31 03:00:00,1026.9,11.3,75.0,11.6,24.0,17.2,18.0,0.0,-99.8,-99.8,-99.8,-99.8,-99.8,-99.8,-99.8
2022-12-31 04:00:00,1026.5,11.2,75.0,11.5,23.0,17.4,25.0,0.0,-99.8,-99.8,-99.8,-99.8,-99.8,-99.8,-99.8
2022-12-31 05:00:00,1026.4,11.2,76.0,11.6,21.0,16.6,20.0,0.0,-99.8,-99.8,-99.8,-99.8,-99.8,-99.8,-99.8
2022-12-31 06:00:00,1026.9,11.4,74.0,12.0,22.0,17.2,26.0,0.0,-99.8,-99.8,-99.8,-99.8,-99.8,-99.8,-99.8
2022-12-31 07:00:00,1027.4,11.5,71.0,12.2,21.0,18.2,32.0,0.0,-99.8,-99.8,-99.8,-99.8,-99.8,-99.8,-99.8
2022-12-31 08:00:00,1028.0,11.5,72.0,12.6,22.0,18.4,32.0,0.0,-99.8,-99.8,-99.8,-99.8,-99.8,-99.8,-99.8
2022-12-31 09:00:00,1028.2,11.3,70.0,13.9,22.0,19.3,32.0,0.0,-99.8,-99.8,-99.8,-99.8,-99.8,-99.8,-99.8
2022-12-31 10:00:00,1028.6,11.5,71.0,12.5,25.0,19.8,10.0,0.0,-99.8,-99.8,-99.8,-99.8,-99.8,-99.8,-99.8
2022-12-31 11:00:00,1028.4,11.3,72.0,13.1,25.0,19.4,33.0,0.0,-99.8,-99.8,-99.8,-99.8,-99.8,-99.8,-99.8
2022-12-31 12:00:00,1027.8,11.1,71.0,13.5,25.0,20.8,22.0,0.0,-99.8,-99.8,-99.8,-99.8,-99.8,-99.8,-99.8
2022-12-31 13:00:00,1027.0,11.2,71.0,12.8,23.0,19.3,25.0,0.0,-99.8,-99.8,-99.8,-99.8,-99.8,-99.8,-99.8
2022-12-31 14:00:00,1026.1,11.3,70.0,12.6,26.0,18.0,21.0,0.0,-99.8,-99.8,-99.8,-99.8,-99.8,-99.8,-99.8
2022-12-31 15:00:00,1026.1,11.5,72.0,12.4,26.0,18.3,19.0,0.0,-99.8,-99.8,-99.8,-99.8,-99.8,-99.8,-99.8
2022-12-31 16:00:00,1025.8,11.7,76.0,12.0,24.0,18.9,24.0,0.0,-99.8,-99.8,-99.8,-99.8,-99.8,-99.8,-99.8
2022-12-31 17:00:00,1026.2,11.7,76.0,12.0,28.0,18.7,17.0,0.0,-99.8,-99.8,-99.8,-99.8,-99.8,-99.8,-99.8
2022-12-31 18:00:00,1026.8,12.1,79.0,11.8,27.0,17.8,26.0,0.0,-99.8,-99.8,-99.8,-99.8,-99.8,-99.8,-99.8
2022-12-31 19:00:00,1027.3,12.3,78.0,11.4,26.0,16.7,31.0,0.0,-99.8,-99.8,-99.8,-99.8,-99.8,-99.8,-99.8
2022-12-31 20:00:00,1027.5,12.2,76.0,11.5,21.0,18.1,25.0,0.0,-99.8,-99.8,-99.8,-99.8,-99.8,-99.8,-99.8
2022-12-31 21:00:00,1027.5,12.1,72.0,11.6,20.0,16.3,24.0,0.0,-99.8,-99.8,-99.8,-99.8,-99.8,-99.8,-99.8
2022-12-31 22:00:00,1027.2,11.9,74.0,11.8,19.0,17.1,13.0,0.0,-99.8,-99.8,-99.8,-99.8,-99.8,-99.8,-99.8
2022-12-31 23:00:00,1027.2,11.9,75.0,12.4,19.0,17.1,19.0,0.0,-99.8,-99.8,-99.8,-99.8,-99.8,-99.8,-99.8
2023-01-01 00:00:00,1026.7,12.3,77.0,12.3,17.0,18.4,13.0,0.0,-99.8,-99.8,-99.8,-99.8,-99.8,-99.8,-99.8
